framework,version,algorithm,repetition,dataset_size,speedup,optimized_time_s,baseline_time_s,baseline_framework
c,AllHints,2mm,1,MINI,0.4573643410852714,4.2999999999999995e-05,1.966666666666667e-05,c
c,AllHints,2mm,2,MINI,0.5267857142857144,3.733333333333333e-05,1.966666666666667e-05,c
c,AllHints,2mm,3,MINI,1.1568627450980393,1.7e-05,1.966666666666667e-05,c
c,AllHints,2mm,4,MINI,0.16434540389972147,0.00011966666666666667,1.966666666666667e-05,c
c,AllHints,2mm,5,MINI,0.15012722646310434,0.000131,1.966666666666667e-05,c
c,ChooseHints,2mm,1,MINI,0.6344086021505377,3.1e-05,1.966666666666667e-05,c
c,ChooseHints,2mm,2,MINI,0.19536423841059608,0.00010066666666666666,1.966666666666667e-05,c
c,ChooseHints,2mm,3,MINI,0.19865319865319872,9.899999999999998e-05,1.966666666666667e-05,c
c,ChooseHints,2mm,4,MINI,0.36645962732919257,5.366666666666667e-05,1.966666666666667e-05,c
c,ChooseHints,2mm,5,MINI,0.24894514767932494,7.9e-05,1.966666666666667e-05,c
c,FromPlan,2mm,1,MINI,3.4705882352941178,5.666666666666667e-06,1.966666666666667e-05,c
c,FromPlan,2mm,2,MINI,3.6874999999999996,5.3333333333333345e-06,1.966666666666667e-05,c
c,FromPlan,2mm,3,MINI,3.9333333333333336,5e-06,1.966666666666667e-05,c
c,FromPlan,2mm,4,MINI,3.6874999999999996,5.3333333333333345e-06,1.966666666666667e-05,c
c,FromPlan,2mm,5,MINI,3.4705882352941178,5.666666666666667e-06,1.966666666666667e-05,c
c,Naive,2mm,1,MINI,2.107142857142857,9.333333333333334e-06,1.966666666666667e-05,c
c,Naive,2mm,2,MINI,3.6874999999999996,5.3333333333333345e-06,1.966666666666667e-05,c
c,Naive,2mm,3,MINI,4.214285714285714,4.666666666666667e-06,1.966666666666667e-05,c
c,Naive,2mm,4,MINI,1.4390243902439026,1.3666666666666667e-05,1.966666666666667e-05,c
c,Naive,2mm,5,MINI,4.538461538461538,4.333333333333334e-06,1.966666666666667e-05,c
c,standard,2mm,1,MINI,1.0,1.966666666666667e-05,1.966666666666667e-05,c
exo,AllHints,2mm,2,MINI,2.1851851851851856,9e-06,1.966666666666667e-05,c
exo,AllHints,2mm,3,MINI,0.3511904761904762,5.6000000000000006e-05,1.966666666666667e-05,c
exo,AllHints,2mm,4,MINI,0.34502923976608196,5.6999999999999996e-05,1.966666666666667e-05,c
exo,AllHints,2mm,5,MINI,0.25431034482758624,7.733333333333333e-05,1.966666666666667e-05,c
exo,ChooseHints,2mm,1,MINI,0.3831168831168832,5.133333333333333e-05,1.966666666666667e-05,c
exo,ChooseHints,2mm,2,MINI,0.2418032786885246,8.133333333333334e-05,1.966666666666667e-05,c
exo,ChooseHints,2mm,3,MINI,0.2964824120603015,6.633333333333334e-05,1.966666666666667e-05,c
exo,ChooseHints,2mm,4,MINI,0.29797979797979807,6.599999999999999e-05,1.966666666666667e-05,c
exo,ChooseHints,2mm,5,MINI,0.19407894736842107,0.00010133333333333333,1.966666666666667e-05,c
exo,FromPlan,2mm,1,MINI,2.3600000000000008,8.333333333333332e-06,1.966666666666667e-05,c
exo,FromPlan,2mm,3,MINI,2.1851851851851856,9e-06,1.966666666666667e-05,c
exo,Naive,2mm,1,MINI,0.2,9.833333333333334e-05,1.966666666666667e-05,c
exo,Naive,2mm,2,MINI,0.1921824104234528,0.00010233333333333333,1.966666666666667e-05,c
exo,Naive,2mm,5,MINI,0.3089005235602095,6.366666666666666e-05,1.966666666666667e-05,c
exo,standard,2mm,1,MINI,0.8939393939393939,2.2000000000000003e-05,1.966666666666667e-05,c
exo,standard,2mm,2,MINI,0.8676470588235294,2.2666666666666668e-05,1.966666666666667e-05,c
exo,standard,2mm,3,MINI,0.8805970149253731,2.2333333333333335e-05,1.966666666666667e-05,c
exo,standard,2mm,4,MINI,0.9218750000000002,2.133333333333333e-05,1.966666666666667e-05,c
exo,standard,2mm,5,MINI,0.8805970149253731,2.2333333333333335e-05,1.966666666666667e-05,c
halide,standard,2mm,1,MINI,0.5042735042735044,3.9e-05,1.966666666666667e-05,c
halide,standard,2mm,2,MINI,0.3831168831168832,5.133333333333333e-05,1.966666666666667e-05,c
halide,standard,2mm,3,MINI,0.47967479674796754,4.1e-05,1.966666666666667e-05,c
halide,standard,2mm,4,MINI,0.11434108527131785,0.00017199999999999998,1.966666666666667e-05,c
halide,standard,2mm,5,MINI,0.11346153846153846,0.00017333333333333336,1.966666666666667e-05,c
noarr,AllHints,2mm,1,MINI,3.9333333333333336,5e-06,1.966666666666667e-05,c
noarr,AllHints,2mm,2,MINI,0.007655378227585313,0.002569,1.966666666666667e-05,c
noarr,AllHints,2mm,3,MINI,3.6874999999999996,5.3333333333333345e-06,1.966666666666667e-05,c
noarr,AllHints,2mm,4,MINI,3.9333333333333336,5e-06,1.966666666666667e-05,c
noarr,AllHints,2mm,5,MINI,2.2692307692307696,8.666666666666666e-06,1.966666666666667e-05,c
noarr,ChooseHints,2mm,1,MINI,3.9333333333333336,5e-06,1.966666666666667e-05,c
noarr,ChooseHints,2mm,2,MINI,3.277777777777778,6e-06,1.966666666666667e-05,c
noarr,ChooseHints,2mm,3,MINI,3.9333333333333336,5e-06,1.966666666666667e-05,c
noarr,ChooseHints,2mm,4,MINI,3.9333333333333336,5e-06,1.966666666666667e-05,c
noarr,ChooseHints,2mm,5,MINI,3.9333333333333336,5e-06,1.966666666666667e-05,c
noarr,FromPlan,2mm,1,MINI,0.595959595959596,3.3e-05,1.966666666666667e-05,c
noarr,FromPlan,2mm,2,MINI,0.40689655172413797,4.8333333333333334e-05,1.966666666666667e-05,c
noarr,FromPlan,2mm,3,MINI,0.47967479674796754,4.1e-05,1.966666666666667e-05,c
noarr,FromPlan,2mm,4,MINI,1.685714285714286,1.1666666666666666e-05,1.966666666666667e-05,c
noarr,FromPlan,2mm,5,MINI,0.7564102564102566,2.6e-05,1.966666666666667e-05,c
noarr,Naive,2mm,1,MINI,3.9333333333333336,5e-06,1.966666666666667e-05,c
noarr,Naive,2mm,2,MINI,3.9333333333333336,5e-06,1.966666666666667e-05,c
noarr,Naive,2mm,3,MINI,1.9666666666666668,1e-05,1.966666666666667e-05,c
noarr,Naive,2mm,4,MINI,3.9333333333333336,5e-06,1.966666666666667e-05,c
noarr,Naive,2mm,5,MINI,3.9333333333333336,5e-06,1.966666666666667e-05,c
noarr,standard,2mm,1,MINI,0.8194444444444445,2.4e-05,1.966666666666667e-05,c
noarr,standard,2mm,2,MINI,3.277777777777778,6e-06,1.966666666666667e-05,c
noarr,standard,2mm,3,MINI,0.6860465116279071,2.8666666666666668e-05,1.966666666666667e-05,c
noarr,standard,2mm,4,MINI,3.277777777777778,6e-06,1.966666666666667e-05,c
noarr,standard,2mm,5,MINI,0.8194444444444445,2.4e-05,1.966666666666667e-05,c
c,AllHints,3mm,1,MINI,1.0941176470588236,2.8333333333333332e-05,3.1e-05,c
c,AllHints,3mm,2,MINI,0.4325581395348837,7.166666666666667e-05,3.1e-05,c
c,AllHints,3mm,4,MINI,0.19578947368421054,0.00015833333333333332,3.1e-05,c
c,AllHints,3mm,5,MINI,0.17350746268656717,0.00017866666666666668,3.1e-05,c
c,ChooseHints,3mm,1,MINI,0.3120805369127517,9.933333333333333e-05,3.1e-05,c
c,ChooseHints,3mm,2,MINI,0.3321428571428572,9.333333333333333e-05,3.1e-05,c
c,ChooseHints,3mm,3,MINI,0.014894298526585522,0.0020813333333333335,3.1e-05,c
c,ChooseHints,3mm,4,MINI,0.3131313131313131,9.900000000000001e-05,3.1e-05,c
c,FromPlan,3mm,1,MINI,3.8750000000000004,8e-06,3.1e-05,c
c,FromPlan,3mm,2,MINI,0.3563218390804598,8.7e-05,3.1e-05,c
c,FromPlan,3mm,3,MINI,3.5769230769230766,8.666666666666668e-06,3.1e-05,c
c,FromPlan,3mm,4,MINI,3.7200000000000006,8.333333333333332e-06,3.1e-05,c
c,FromPlan,3mm,5,MINI,3.7200000000000006,8.333333333333332e-06,3.1e-05,c
c,Naive,3mm,1,MINI,4.428571428571429,7e-06,3.1e-05,c
c,Naive,3mm,2,MINI,4.2272727272727275,7.333333333333333e-06,3.1e-05,c
c,Naive,3mm,3,MINI,4.2272727272727275,7.333333333333333e-06,3.1e-05,c
c,Naive,3mm,4,MINI,3.72,8.333333333333334e-06,3.1e-05,c
c,Naive,3mm,5,MINI,3.5769230769230766,8.666666666666668e-06,3.1e-05,c
c,standard,3mm,1,MINI,1.0,3.1e-05,3.1e-05,c
exo,AllHints,3mm,3,MINI,0.28792569659442724,0.00010766666666666666,3.1e-05,c
exo,AllHints,3mm,4,MINI,0.3089700996677741,0.00010033333333333334,3.1e-05,c
exo,ChooseHints,3mm,1,MINI,0.2703488372093023,0.00011466666666666667,3.1e-05,c
exo,ChooseHints,3mm,2,MINI,0.26345609065155806,0.00011766666666666668,3.1e-05,c
exo,ChooseHints,3mm,3,MINI,0.29617834394904463,0.00010466666666666666,3.1e-05,c
exo,ChooseHints,3mm,4,MINI,0.33096085409252674,9.366666666666666e-05,3.1e-05,c
exo,FromPlan,3mm,3,MINI,2.3250000000000006,1.3333333333333332e-05,3.1e-05,c
exo,FromPlan,3mm,4,MINI,0.3163265306122449,9.8e-05,3.1e-05,c
exo,FromPlan,3mm,5,MINI,2.384615384615385,1.3e-05,3.1e-05,c
exo,Naive,3mm,1,MINI,0.29153605015673983,0.00010633333333333333,3.1e-05,c
exo,Naive,3mm,2,MINI,0.607843137254902,5.1e-05,3.1e-05,c
exo,Naive,3mm,3,MINI,0.1595197255574614,0.00019433333333333333,3.1e-05,c
exo,Naive,3mm,4,MINI,2.447368421052632,1.2666666666666667e-05,3.1e-05,c
exo,Naive,3mm,5,MINI,0.30097087378640774,0.00010300000000000001,3.1e-05,c
exo,standard,3mm,1,MINI,0.9207920792079208,3.366666666666667e-05,3.1e-05,c
exo,standard,3mm,2,MINI,0.9207920792079208,3.366666666666667e-05,3.1e-05,c
exo,standard,3mm,3,MINI,0.93,3.3333333333333335e-05,3.1e-05,c
exo,standard,3mm,4,MINI,0.9029126213592233,3.433333333333333e-05,3.1e-05,c
exo,standard,3mm,5,MINI,0.9207920792079208,3.366666666666667e-05,3.1e-05,c
halide,standard,3mm,1,MINI,0.11397058823529413,0.000272,3.1e-05,c
halide,standard,3mm,2,MINI,0.11668757841907153,0.00026566666666666666,3.1e-05,c
halide,standard,3mm,3,MINI,0.6788321167883212,4.566666666666667e-05,3.1e-05,c
halide,standard,3mm,4,MINI,0.6788321167883212,4.566666666666667e-05,3.1e-05,c
halide,standard,3mm,5,MINI,0.11327649208282584,0.00027366666666666663,3.1e-05,c
noarr,AllHints,3mm,1,MINI,1.1341463414634145,2.7333333333333335e-05,3.1e-05,c
noarr,AllHints,3mm,2,MINI,1.9787234042553192,1.5666666666666667e-05,3.1e-05,c
noarr,AllHints,3mm,3,MINI,0.8378378378378379,3.7e-05,3.1e-05,c
noarr,AllHints,3mm,4,MINI,1.55,2e-05,3.1e-05,c
noarr,AllHints,3mm,5,MINI,1.0333333333333334,3e-05,3.1e-05,c
noarr,ChooseHints,3mm,1,MINI,3.4444444444444446,9e-06,3.1e-05,c
noarr,ChooseHints,3mm,2,MINI,3.4444444444444446,9e-06,3.1e-05,c
noarr,ChooseHints,3mm,3,MINI,1.1481481481481484,2.6999999999999996e-05,3.1e-05,c
noarr,ChooseHints,3mm,4,MINI,1.3285714285714287,2.3333333333333332e-05,3.1e-05,c
noarr,ChooseHints,3mm,5,MINI,3.4444444444444446,9e-06,3.1e-05,c
noarr,FromPlan,3mm,1,MINI,1.0568181818181819,2.9333333333333333e-05,3.1e-05,c
noarr,FromPlan,3mm,2,MINI,0.9789473684210527,3.1666666666666666e-05,3.1e-05,c
noarr,FromPlan,3mm,3,MINI,1.9375000000000002,1.6e-05,3.1e-05,c
noarr,FromPlan,3mm,4,MINI,1.0689655172413794,2.9e-05,3.1e-05,c
noarr,FromPlan,3mm,5,MINI,0.3263157894736842,9.499999999999999e-05,3.1e-05,c
noarr,Naive,3mm,1,MINI,3.4444444444444446,9e-06,3.1e-05,c
noarr,Naive,3mm,2,MINI,3.5769230769230766,8.666666666666668e-06,3.1e-05,c
noarr,Naive,3mm,3,MINI,3.5769230769230766,8.666666666666668e-06,3.1e-05,c
noarr,Naive,3mm,4,MINI,3.4444444444444446,9e-06,3.1e-05,c
noarr,Naive,3mm,5,MINI,3.4444444444444446,9e-06,3.1e-05,c
noarr,standard,3mm,1,MINI,0.33695652173913043,9.2e-05,3.1e-05,c
noarr,standard,3mm,2,MINI,0.40789473684210525,7.6e-05,3.1e-05,c
noarr,standard,3mm,3,MINI,1.690909090909091,1.8333333333333333e-05,3.1e-05,c
noarr,standard,3mm,4,MINI,1.631578947368421,1.9e-05,3.1e-05,c
noarr,standard,3mm,5,MINI,0.28971962616822433,0.000107,3.1e-05,c
c,AllHints,adi,1,MINI,0.11402985074626866,0.0011166666666666666,0.00012733333333333333,c
c,AllHints,adi,2,MINI,0.2760115606936416,0.00046133333333333334,0.00012733333333333333,c
c,AllHints,adi,3,MINI,0.27621113521330437,0.00046100000000000004,0.00012733333333333333,c
c,AllHints,adi,4,MINI,0.29681429681429683,0.00042899999999999997,0.00012733333333333333,c
c,AllHints,adi,5,MINI,0.11625076080340839,0.0010953333333333334,0.00012733333333333333,c
c,ChooseHints,adi,2,MINI,0.11372432271509378,0.0011196666666666666,0.00012733333333333333,c
c,ChooseHints,adi,3,MINI,0.9973890339425587,0.00012766666666666666,0.00012733333333333333,c
c,ChooseHints,adi,4,MINI,0.11815651098051345,0.0010776666666666667,0.00012733333333333333,c
c,ChooseHints,adi,5,MINI,0.10849190570860551,0.0011736666666666666,0.00012733333333333333,c
c,FromPlan,adi,1,MINI,1.4307116104868913,8.9e-05,0.00012733333333333333,c
c,FromPlan,adi,2,MINI,2.301204819277108,5.5333333333333334e-05,0.00012733333333333333,c
c,FromPlan,adi,3,MINI,1.3356643356643356,9.533333333333334e-05,0.00012733333333333333,c
c,FromPlan,adi,4,MINI,0.46528623629719856,0.00027366666666666663,0.00012733333333333333,c
c,FromPlan,adi,5,MINI,1.4980392156862743,8.5e-05,0.00012733333333333333,c
c,Naive,adi,1,MINI,1.0105820105820105,0.000126,0.00012733333333333333,c
c,Naive,adi,2,MINI,0.8967136150234741,0.000142,0.00012733333333333333,c
c,Naive,adi,3,MINI,1.5916666666666666,8e-05,0.00012733333333333333,c
c,Naive,adi,4,MINI,0.114166168559474,0.0011153333333333334,0.00012733333333333333,c
c,Naive,adi,5,MINI,0.31260229132569556,0.00040733333333333333,0.00012733333333333333,c
c,standard,adi,1,MINI,1.0,0.00012733333333333333,0.00012733333333333333,c
exo,AllHints,adi,1,MINI,0.11743006455579466,0.0010843333333333332,0.00012733333333333333,c
exo,AllHints,adi,2,MINI,0.10873896954170224,0.001171,0.00012733333333333333,c
exo,AllHints,adi,3,MINI,0.11228689006466784,0.001134,0.00012733333333333333,c
exo,AllHints,adi,5,MINI,0.10995970063327576,0.001158,0.00012733333333333333,c
exo,ChooseHints,adi,1,MINI,0.11530335043766979,0.0011043333333333333,0.00012733333333333333,c
exo,ChooseHints,adi,2,MINI,0.11379207625856419,0.001119,0.00012733333333333333,c
exo,ChooseHints,adi,4,MINI,0.11468027619333535,0.0011103333333333332,0.00012733333333333333,c
exo,ChooseHints,adi,5,MINI,0.11396181384248211,0.0011173333333333332,0.00012733333333333333,c
exo,FromPlan,adi,2,MINI,1.0,0.00012733333333333333,0.00012733333333333333,c
exo,FromPlan,adi,4,MINI,0.07795918367346939,0.0016333333333333332,0.00012733333333333333,c
exo,Naive,adi,1,MINI,0.11413205855990438,0.0011156666666666667,0.00012733333333333333,c
exo,Naive,adi,2,MINI,0.11512959614225436,0.001106,0.00012733333333333333,c
exo,Naive,adi,4,MINI,0.11646341463414633,0.0010933333333333333,0.00012733333333333333,c
exo,standard,adi,2,MINI,0.7290076335877861,0.0001746666666666667,0.00012733333333333333,c
exo,standard,adi,3,MINI,0.7009174311926605,0.00018166666666666667,0.00012733333333333333,c
exo,standard,adi,4,MINI,0.7460937499999998,0.0001706666666666667,0.00012733333333333333,c
halide,AllHints,adi,1,MINI,0.0007043746830774904,0.180775,0.00012733333333333333,c
halide,AllHints,adi,3,MINI,0.008219649696604553,0.015491333333333334,0.00012733333333333333,c
halide,ChooseHints,adi,1,MINI,0.02005354611790645,0.006349666666666667,0.00012733333333333333,c
halide,ChooseHints,adi,2,MINI,0.6655052264808363,0.0001913333333333333,0.00012733333333333333,c
halide,ChooseHints,adi,3,MINI,0.00045904964706052,0.27738466666666667,0.00012733333333333333,c
halide,ChooseHints,adi,4,MINI,0.9922077922077922,0.00012833333333333333,0.00012733333333333333,c
halide,FromPlan,adi,3,MINI,1.1753846153846155,0.00010833333333333333,0.00012733333333333333,c
halide,Naive,adi,2,MINI,0.814498933901919,0.00015633333333333333,0.00012733333333333333,c
halide,Naive,adi,4,MINI,0.031913116123642435,0.0039900000000000005,0.00012733333333333333,c
halide,standard,adi,1,MINI,0.845132743362832,0.00015066666666666665,0.00012733333333333333,c
halide,standard,adi,2,MINI,0.8268398268398268,0.000154,0.00012733333333333333,c
halide,standard,adi,3,MINI,0.8470066518847006,0.00015033333333333335,0.00012733333333333333,c
halide,standard,adi,5,MINI,0.8642533936651584,0.00014733333333333333,0.00012733333333333333,c
noarr,AllHints,adi,1,MINI,0.03271948608137045,0.0038916666666666665,0.00012733333333333333,c
noarr,AllHints,adi,2,MINI,0.11488721804511277,0.0011083333333333333,0.00012733333333333333,c
noarr,AllHints,adi,3,MINI,0.03218739467475564,0.003956,0.00012733333333333333,c
noarr,AllHints,adi,4,MINI,0.033217391304347824,0.003833333333333333,0.00012733333333333333,c
noarr,AllHints,adi,5,MINI,0.7564356435643563,0.00016833333333333335,0.00012733333333333333,c
noarr,ChooseHints,adi,1,MINI,0.03304212438370383,0.0038536666666666667,0.00012733333333333333,c
noarr,ChooseHints,adi,2,MINI,1.6050420168067228,7.933333333333333e-05,0.00012733333333333333,c
noarr,ChooseHints,adi,3,MINI,0.03430624158060171,0.0037116666666666665,0.00012733333333333333,c
noarr,ChooseHints,adi,4,MINI,0.032471948316899014,0.003921333333333333,0.00012733333333333333,c
noarr,ChooseHints,adi,5,MINI,0.03249957461289773,0.0039180000000000005,0.00012733333333333333,c
noarr,FromPlan,adi,1,MINI,1.0026246719160106,0.000127,0.00012733333333333333,c
noarr,FromPlan,adi,2,MINI,0.0333129850876428,0.003822333333333334,0.00012733333333333333,c
noarr,FromPlan,adi,3,MINI,0.03291968286797656,0.003868,0.00012733333333333333,c
noarr,FromPlan,adi,4,MINI,1.4980392156862743,8.5e-05,0.00012733333333333333,c
noarr,FromPlan,adi,5,MINI,1.277591973244147,9.966666666666667e-05,0.00012733333333333333,c
noarr,Naive,adi,1,MINI,1.1575757575757575,0.00011,0.00012733333333333333,c
noarr,Naive,adi,2,MINI,1.147147147147147,0.000111,0.00012733333333333333,c
noarr,Naive,adi,5,MINI,1.1235294117647057,0.00011333333333333334,0.00012733333333333333,c
noarr,standard,adi,1,MINI,1.147147147147147,0.000111,0.00012733333333333333,c
noarr,standard,adi,3,MINI,1.0552486187845302,0.00012066666666666667,0.00012733333333333333,c
noarr,standard,adi,4,MINI,1.1402985074626866,0.00011166666666666667,0.00012733333333333333,c
noarr,standard,adi,5,MINI,1.1137026239067056,0.00011433333333333333,0.00012733333333333333,c
c,AllHints,atax,1,MINI,0.022900763358778626,0.000131,3e-06,c
c,AllHints,atax,2,MINI,0.10465116279069768,2.8666666666666668e-05,3e-06,c
c,AllHints,atax,3,MINI,0.4736842105263158,6.333333333333333e-06,3e-06,c
c,AllHints,atax,4,MINI,0.02710843373493976,0.00011066666666666667,3e-06,c
c,AllHints,atax,5,MINI,0.027522935779816515,0.00010899999999999999,3e-06,c
c,ChooseHints,atax,1,MINI,0.4285714285714286,7e-06,3e-06,c
c,ChooseHints,atax,2,MINI,0.21951219512195122,1.3666666666666667e-05,3e-06,c
c,ChooseHints,atax,3,MINI,0.375,8e-06,3e-06,c
c,ChooseHints,atax,4,MINI,0.018633540372670808,0.000161,3e-06,c
c,ChooseHints,atax,5,MINI,0.021428571428571425,0.00014000000000000001,3e-06,c
c,FromPlan,atax,1,MINI,1.2857142857142858,2.333333333333333e-06,3e-06,c
c,FromPlan,atax,3,MINI,1.8000000000000003,1.6666666666666665e-06,3e-06,c
c,FromPlan,atax,4,MINI,1.1250000000000002,2.6666666666666664e-06,3e-06,c
c,FromPlan,atax,5,MINI,1.0,3e-06,3e-06,c
c,Naive,atax,1,MINI,1.1250000000000002,2.6666666666666664e-06,3e-06,c
c,Naive,atax,2,MINI,1.1250000000000002,2.6666666666666664e-06,3e-06,c
c,Naive,atax,3,MINI,1.1250000000000002,2.6666666666666664e-06,3e-06,c
c,Naive,atax,4,MINI,1.5,2e-06,3e-06,c
c,standard,atax,1,MINI,1.0,3e-06,3e-06,c
exo,AllHints,atax,1,MINI,0.08737864077669903,3.433333333333333e-05,3e-06,c
exo,AllHints,atax,2,MINI,0.048913043478260865,6.133333333333334e-05,3e-06,c
exo,AllHints,atax,4,MINI,0.06164383561643836,4.8666666666666666e-05,3e-06,c
exo,ChooseHints,atax,1,MINI,0.03585657370517928,8.366666666666668e-05,3e-06,c
exo,ChooseHints,atax,2,MINI,0.0891089108910891,3.366666666666667e-05,3e-06,c
exo,ChooseHints,atax,3,MINI,0.28125000000000006,1.0666666666666666e-05,3e-06,c
exo,ChooseHints,atax,4,MINI,0.05,5.9999999999999995e-05,3e-06,c
exo,ChooseHints,atax,5,MINI,0.6923076923076922,4.333333333333334e-06,3e-06,c
exo,FromPlan,atax,1,MINI,0.09473684210526316,3.1666666666666666e-05,3e-06,c
exo,FromPlan,atax,2,MINI,0.36000000000000004,8.333333333333332e-06,3e-06,c
exo,FromPlan,atax,4,MINI,0.5624999999999999,5.3333333333333345e-06,3e-06,c
exo,Naive,atax,4,MINI,0.08490566037735849,3.5333333333333336e-05,3e-06,c
exo,standard,atax,1,MINI,0.6923076923076922,4.333333333333334e-06,3e-06,c
exo,standard,atax,2,MINI,0.6923076923076922,4.333333333333334e-06,3e-06,c
exo,standard,atax,3,MINI,0.6923076923076922,4.333333333333334e-06,3e-06,c
exo,standard,atax,4,MINI,0.6428571428571428,4.666666666666667e-06,3e-06,c
exo,standard,atax,5,MINI,0.6923076923076922,4.333333333333334e-06,3e-06,c
halide,Naive,atax,2,MINI,0.0010511562718990889,0.002854,3e-06,c
halide,standard,atax,1,MINI,0.1836734693877551,1.633333333333333e-05,3e-06,c
halide,standard,atax,2,MINI,0.2142857142857143,1.4e-05,3e-06,c
halide,standard,atax,3,MINI,0.21951219512195122,1.3666666666666667e-05,3e-06,c
halide,standard,atax,4,MINI,0.1836734693877551,1.633333333333333e-05,3e-06,c
halide,standard,atax,5,MINI,0.2142857142857143,1.4e-05,3e-06,c
noarr,AllHints,atax,1,MINI,1.5,2e-06,3e-06,c
noarr,AllHints,atax,2,MINI,1.5,2e-06,3e-06,c
noarr,AllHints,atax,3,MINI,0.0011237357972281182,0.002669666666666667,3e-06,c
noarr,AllHints,atax,4,MINI,1.5,2e-06,3e-06,c
noarr,AllHints,atax,5,MINI,0.0030241935483870967,0.000992,3e-06,c
noarr,ChooseHints,atax,1,MINI,1.5,2e-06,3e-06,c
noarr,ChooseHints,atax,2,MINI,1.5,2e-06,3e-06,c
noarr,ChooseHints,atax,3,MINI,0.6,5e-06,3e-06,c
noarr,ChooseHints,atax,4,MINI,1.5,2e-06,3e-06,c
noarr,ChooseHints,atax,5,MINI,1.5,2e-06,3e-06,c
noarr,FromPlan,atax,2,MINI,0.16666666666666666,1.8e-05,3e-06,c
noarr,FromPlan,atax,4,MINI,0.16666666666666666,1.8e-05,3e-06,c
noarr,Naive,atax,1,MINI,1.5,2e-06,3e-06,c
noarr,Naive,atax,2,MINI,1.5,2e-06,3e-06,c
noarr,Naive,atax,3,MINI,1.5,2e-06,3e-06,c
noarr,Naive,atax,4,MINI,1.2857142857142858,2.333333333333333e-06,3e-06,c
noarr,Naive,atax,5,MINI,1.5,2e-06,3e-06,c
noarr,standard,atax,1,MINI,1.5,2e-06,3e-06,c
noarr,standard,atax,2,MINI,1.5,2e-06,3e-06,c
noarr,standard,atax,3,MINI,1.5,2e-06,3e-06,c
noarr,standard,atax,4,MINI,1.5,2e-06,3e-06,c
noarr,standard,atax,5,MINI,1.5,2e-06,3e-06,c
c,AllHints,bicg,1,MINI,0.05042016806722689,0.000119,6e-06,c
c,AllHints,bicg,3,MINI,0.054380664652567974,0.00011033333333333334,6e-06,c
c,AllHints,bicg,4,MINI,0.05027932960893855,0.00011933333333333334,6e-06,c
c,AllHints,bicg,5,MINI,0.056603773584905655,0.00010600000000000002,6e-06,c
c,ChooseHints,bicg,1,MINI,3.0,2e-06,6e-06,c
c,ChooseHints,bicg,2,MINI,0.05960264900662252,0.00010066666666666666,6e-06,c
c,ChooseHints,bicg,3,MINI,0.056074766355140186,0.000107,6e-06,c
c,ChooseHints,bicg,4,MINI,2.2500000000000004,2.6666666666666664e-06,6e-06,c
c,ChooseHints,bicg,5,MINI,0.05750798722044728,0.00010433333333333334,6e-06,c
c,FromPlan,bicg,1,MINI,0.05405405405405406,0.000111,6e-06,c
c,FromPlan,bicg,2,MINI,3.0,2e-06,6e-06,c
c,FromPlan,bicg,3,MINI,3.0,2e-06,6e-06,c
c,FromPlan,bicg,4,MINI,2.5714285714285716,2.333333333333333e-06,6e-06,c
c,FromPlan,bicg,5,MINI,2.2500000000000004,2.6666666666666664e-06,6e-06,c
c,Naive,bicg,1,MINI,2.5714285714285716,2.333333333333333e-06,6e-06,c
c,Naive,bicg,2,MINI,3.0,2e-06,6e-06,c
c,Naive,bicg,3,MINI,2.5714285714285716,2.333333333333333e-06,6e-06,c
c,Naive,bicg,4,MINI,3.0,2e-06,6e-06,c
c,Naive,bicg,5,MINI,2.5714285714285716,2.333333333333333e-06,6e-06,c
c,standard,bicg,1,MINI,1.0,6e-06,6e-06,c
exo,AllHints,bicg,2,MINI,0.17475728155339806,3.433333333333333e-05,6e-06,c
exo,AllHints,bicg,3,MINI,0.9473684210526316,6.333333333333333e-06,6e-06,c
exo,AllHints,bicg,4,MINI,0.1782178217821782,3.366666666666667e-05,6e-06,c
exo,AllHints,bicg,5,MINI,0.17307692307692304,3.466666666666667e-05,6e-06,c
exo,ChooseHints,bicg,1,MINI,0.17647058823529413,3.4e-05,6e-06,c
exo,ChooseHints,bicg,2,MINI,1.6363636363636365,3.6666666666666666e-06,6e-06,c
exo,ChooseHints,bicg,4,MINI,0.75,8e-06,6e-06,c
exo,ChooseHints,bicg,5,MINI,0.09782608695652173,6.133333333333334e-05,6e-06,c
exo,FromPlan,bicg,2,MINI,0.17307692307692304,3.466666666666667e-05,6e-06,c
exo,Naive,bicg,1,MINI,0.7826086956521738,7.666666666666667e-06,6e-06,c
exo,Naive,bicg,2,MINI,0.75,8e-06,6e-06,c
exo,Naive,bicg,3,MINI,1.2857142857142856,4.666666666666667e-06,6e-06,c
exo,Naive,bicg,4,MINI,0.9000000000000001,6.666666666666666e-06,6e-06,c
exo,Naive,bicg,5,MINI,1.0,6e-06,6e-06,c
exo,standard,bicg,1,MINI,0.8181818181818182,7.333333333333333e-06,6e-06,c
exo,standard,bicg,2,MINI,0.9000000000000001,6.666666666666666e-06,6e-06,c
exo,standard,bicg,3,MINI,0.9000000000000001,6.666666666666666e-06,6e-06,c
exo,standard,bicg,4,MINI,0.9000000000000001,6.666666666666666e-06,6e-06,c
exo,standard,bicg,5,MINI,0.8571428571428572,7e-06,6e-06,c
halide,AllHints,bicg,5,MINI,0.019758507135016465,0.00030366666666666666,6e-06,c
halide,FromPlan,bicg,1,MINI,0.0019241047568145375,0.0031183333333333336,6e-06,c
halide,FromPlan,bicg,4,MINI,0.011842105263157895,0.0005066666666666667,6e-06,c
halide,standard,bicg,1,MINI,0.3829787234042553,1.5666666666666667e-05,6e-06,c
halide,standard,bicg,2,MINI,0.4186046511627907,1.4333333333333334e-05,6e-06,c
halide,standard,bicg,3,MINI,0.3913043478260869,1.5333333333333334e-05,6e-06,c
halide,standard,bicg,4,MINI,0.3829787234042553,1.5666666666666667e-05,6e-06,c
halide,standard,bicg,5,MINI,0.375,1.6e-05,6e-06,c
noarr,AllHints,bicg,1,MINI,3.0,2e-06,6e-06,c
noarr,AllHints,bicg,2,MINI,0.0023210831721470018,0.002585,6e-06,c
noarr,AllHints,bicg,3,MINI,3.0,2e-06,6e-06,c
noarr,AllHints,bicg,4,MINI,3.0,2e-06,6e-06,c
noarr,AllHints,bicg,5,MINI,3.0,2e-06,6e-06,c
noarr,ChooseHints,bicg,1,MINI,3.0,2e-06,6e-06,c
noarr,ChooseHints,bicg,2,MINI,1.5,4e-06,6e-06,c
noarr,ChooseHints,bicg,3,MINI,3.0,2e-06,6e-06,c
noarr,ChooseHints,bicg,4,MINI,3.0,2e-06,6e-06,c
noarr,ChooseHints,bicg,5,MINI,3.0,2e-06,6e-06,c
noarr,FromPlan,bicg,2,MINI,0.8571428571428572,7e-06,6e-06,c
noarr,FromPlan,bicg,5,MINI,0.8571428571428572,7e-06,6e-06,c
noarr,Naive,bicg,1,MINI,3.0,2e-06,6e-06,c
noarr,Naive,bicg,2,MINI,3.0,2e-06,6e-06,c
noarr,Naive,bicg,3,MINI,3.0,2e-06,6e-06,c
noarr,Naive,bicg,4,MINI,3.0,2e-06,6e-06,c
noarr,Naive,bicg,5,MINI,3.0,2e-06,6e-06,c
noarr,standard,bicg,1,MINI,1.2,5e-06,6e-06,c
noarr,standard,bicg,2,MINI,1.2,5e-06,6e-06,c
noarr,standard,bicg,3,MINI,1.2,5e-06,6e-06,c
noarr,standard,bicg,4,MINI,1.2,5e-06,6e-06,c
noarr,standard,bicg,5,MINI,1.2,5e-06,6e-06,c
c,AllHints,cholesky,1,MINI,1.0,1.5333333333333334e-05,1.5333333333333334e-05,c
c,AllHints,cholesky,2,MINI,0.8214285714285715,1.8666666666666665e-05,1.5333333333333334e-05,c
c,AllHints,cholesky,3,MINI,0.8679245283018868,1.7666666666666668e-05,1.5333333333333334e-05,c
c,AllHints,cholesky,4,MINI,0.9787234042553192,1.5666666666666667e-05,1.5333333333333334e-05,c
c,AllHints,cholesky,5,MINI,1.0697674418604652,1.4333333333333334e-05,1.5333333333333334e-05,c
c,ChooseHints,cholesky,1,MINI,1.0952380952380953,1.4e-05,1.5333333333333334e-05,c
c,ChooseHints,cholesky,3,MINI,1.0697674418604652,1.4333333333333334e-05,1.5333333333333334e-05,c
c,ChooseHints,cholesky,5,MINI,1.0697674418604652,1.4333333333333334e-05,1.5333333333333334e-05,c
c,FromPlan,cholesky,1,MINI,1.0952380952380953,1.4e-05,1.5333333333333334e-05,c
c,FromPlan,cholesky,2,MINI,1.0952380952380953,1.4e-05,1.5333333333333334e-05,c
c,FromPlan,cholesky,3,MINI,0.9787234042553192,1.5666666666666667e-05,1.5333333333333334e-05,c
c,FromPlan,cholesky,4,MINI,1.1500000000000001,1.3333333333333332e-05,1.5333333333333334e-05,c
c,FromPlan,cholesky,5,MINI,1.2432432432432434,1.2333333333333333e-05,1.5333333333333334e-05,c
c,Naive,cholesky,1,MINI,1.1219512195121952,1.3666666666666667e-05,1.5333333333333334e-05,c
c,Naive,cholesky,2,MINI,1.0222222222222224,1.5e-05,1.5333333333333334e-05,c
c,Naive,cholesky,3,MINI,1.0454545454545456,1.4666666666666666e-05,1.5333333333333334e-05,c
c,Naive,cholesky,4,MINI,1.0,1.5333333333333334e-05,1.5333333333333334e-05,c
c,Naive,cholesky,5,MINI,1.0222222222222224,1.5e-05,1.5333333333333334e-05,c
c,standard,cholesky,1,MINI,1.0,1.5333333333333334e-05,1.5333333333333334e-05,c
exo,AllHints,cholesky,1,MINI,0.9583333333333335,1.6e-05,1.5333333333333334e-05,c
exo,AllHints,cholesky,2,MINI,0.9583333333333335,1.6e-05,1.5333333333333334e-05,c
exo,AllHints,cholesky,3,MINI,0.8070175438596492,1.9e-05,1.5333333333333334e-05,c
exo,AllHints,cholesky,5,MINI,0.8846153846153846,1.7333333333333336e-05,1.5333333333333334e-05,c
exo,ChooseHints,cholesky,2,MINI,0.8518518518518519,1.8e-05,1.5333333333333334e-05,c
exo,ChooseHints,cholesky,3,MINI,0.9019607843137256,1.7e-05,1.5333333333333334e-05,c
exo,ChooseHints,cholesky,4,MINI,0.7076923076923076,2.166666666666667e-05,1.5333333333333334e-05,c
exo,ChooseHints,cholesky,5,MINI,0.9583333333333335,1.6e-05,1.5333333333333334e-05,c
exo,FromPlan,cholesky,1,MINI,0.9583333333333335,1.6e-05,1.5333333333333334e-05,c
exo,FromPlan,cholesky,2,MINI,0.9387755102040818,1.633333333333333e-05,1.5333333333333334e-05,c
exo,FromPlan,cholesky,4,MINI,1.0,1.5333333333333334e-05,1.5333333333333334e-05,c
exo,FromPlan,cholesky,5,MINI,0.9200000000000003,1.6666666666666664e-05,1.5333333333333334e-05,c
exo,Naive,cholesky,1,MINI,0.4893617021276596,3.1333333333333334e-05,1.5333333333333334e-05,c
exo,Naive,cholesky,3,MINI,1.0,1.5333333333333334e-05,1.5333333333333334e-05,c
exo,Naive,cholesky,4,MINI,1.0,1.5333333333333334e-05,1.5333333333333334e-05,c
exo,Naive,cholesky,5,MINI,0.29487179487179493,5.2e-05,1.5333333333333334e-05,c
exo,standard,cholesky,1,MINI,0.8679245283018868,1.7666666666666668e-05,1.5333333333333334e-05,c
exo,standard,cholesky,2,MINI,0.9200000000000003,1.6666666666666664e-05,1.5333333333333334e-05,c
exo,standard,cholesky,3,MINI,0.9019607843137256,1.7e-05,1.5333333333333334e-05,c
exo,standard,cholesky,4,MINI,0.9019607843137256,1.7e-05,1.5333333333333334e-05,c
exo,standard,cholesky,5,MINI,0.9019607843137256,1.7e-05,1.5333333333333334e-05,c
halide,AllHints,cholesky,4,MINI,0.003653693407466243,0.004196666666666667,1.5333333333333334e-05,c
halide,ChooseHints,cholesky,2,MINI,0.21495327102803738,7.133333333333334e-05,1.5333333333333334e-05,c
halide,Naive,cholesky,1,MINI,0.9787234042553192,1.5666666666666667e-05,1.5333333333333334e-05,c
halide,Naive,cholesky,4,MINI,0.6865671641791045,2.2333333333333335e-05,1.5333333333333334e-05,c
halide,standard,cholesky,1,MINI,1.2432432432432434,1.2333333333333333e-05,1.5333333333333334e-05,c
c,AllHints,correlation,1,MINI,0.5441176470588236,4.5333333333333335e-05,2.466666666666667e-05,c
c,AllHints,correlation,2,MINI,0.5285714285714287,4.6666666666666665e-05,2.466666666666667e-05,c
c,AllHints,correlation,3,MINI,0.1205211726384365,0.00020466666666666666,2.466666666666667e-05,c
c,AllHints,correlation,4,MINI,0.06176961602671119,0.00039933333333333335,2.466666666666667e-05,c
c,ChooseHints,correlation,1,MINI,2.055555555555556,1.2e-05,2.466666666666667e-05,c
c,ChooseHints,correlation,2,MINI,2.242424242424242,1.1000000000000001e-05,2.466666666666667e-05,c
c,ChooseHints,correlation,3,MINI,0.7872340425531915,3.1333333333333334e-05,2.466666666666667e-05,c
c,ChooseHints,correlation,5,MINI,0.36453201970443355,6.766666666666667e-05,2.466666666666667e-05,c
c,FromPlan,correlation,1,MINI,2.0000000000000004,1.2333333333333333e-05,2.466666666666667e-05,c
c,FromPlan,correlation,2,MINI,1.8048780487804879,1.3666666666666667e-05,2.466666666666667e-05,c
c,FromPlan,correlation,3,MINI,1.4800000000000004,1.6666666666666664e-05,2.466666666666667e-05,c
c,FromPlan,correlation,4,MINI,1.608695652173913,1.5333333333333334e-05,2.466666666666667e-05,c
c,FromPlan,correlation,5,MINI,1.9473684210526316,1.2666666666666667e-05,2.466666666666667e-05,c
c,Naive,correlation,1,MINI,2.055555555555556,1.2e-05,2.466666666666667e-05,c
c,Naive,correlation,2,MINI,1.2333333333333336,1.9999999999999998e-05,2.466666666666667e-05,c
c,Naive,correlation,3,MINI,2.1764705882352944,1.1333333333333334e-05,2.466666666666667e-05,c
c,Naive,correlation,4,MINI,2.1764705882352944,1.1333333333333334e-05,2.466666666666667e-05,c
c,Naive,correlation,5,MINI,1.9473684210526316,1.2666666666666667e-05,2.466666666666667e-05,c
c,standard,correlation,1,MINI,1.0,2.466666666666667e-05,2.466666666666667e-05,c
exo,AllHints,correlation,1,MINI,0.17703349282296652,0.00013933333333333335,2.466666666666667e-05,c
exo,AllHints,correlation,2,MINI,0.09635416666666669,0.000256,2.466666666666667e-05,c
exo,AllHints,correlation,3,MINI,0.22356495468277948,0.00011033333333333334,2.466666666666667e-05,c
exo,AllHints,correlation,4,MINI,0.14341085271317833,0.00017199999999999998,2.466666666666667e-05,c
exo,AllHints,correlation,5,MINI,0.22981366459627328,0.00010733333333333334,2.466666666666667e-05,c
exo,ChooseHints,correlation,1,MINI,0.162280701754386,0.00015199999999999998,2.466666666666667e-05,c
exo,ChooseHints,correlation,2,MINI,0.12271973466003318,0.000201,2.466666666666667e-05,c
exo,ChooseHints,correlation,3,MINI,0.4180790960451978,5.9e-05,2.466666666666667e-05,c
exo,ChooseHints,correlation,4,MINI,0.2792452830188679,8.833333333333334e-05,2.466666666666667e-05,c
exo,ChooseHints,correlation,5,MINI,0.1316725978647687,0.00018733333333333332,2.466666666666667e-05,c
exo,FromPlan,correlation,2,MINI,1.5102040816326534,1.633333333333333e-05,2.466666666666667e-05,c
exo,FromPlan,correlation,3,MINI,1.6444444444444446,1.5e-05,2.466666666666667e-05,c
exo,FromPlan,correlation,4,MINI,1.5102040816326534,1.633333333333333e-05,2.466666666666667e-05,c
exo,Naive,correlation,2,MINI,1.3962264150943395,1.7666666666666668e-05,2.466666666666667e-05,c
exo,Naive,correlation,3,MINI,0.13909774436090225,0.00017733333333333335,2.466666666666667e-05,c
exo,Naive,correlation,5,MINI,0.21700879765395897,0.00011366666666666666,2.466666666666667e-05,c
exo,standard,correlation,1,MINI,0.840909090909091,2.9333333333333333e-05,2.466666666666667e-05,c
exo,standard,correlation,2,MINI,0.8604651162790699,2.8666666666666668e-05,2.466666666666667e-05,c
exo,standard,correlation,3,MINI,0.840909090909091,2.9333333333333333e-05,2.466666666666667e-05,c
halide,AllHints,correlation,2,MINI,0.0687732342007435,0.0003586666666666667,2.466666666666667e-05,c
halide,standard,correlation,1,MINI,0.00013804090114592603,0.17869100000000002,2.466666666666667e-05,c
halide,standard,correlation,2,MINI,0.0001503667730071323,0.16404333333333332,2.466666666666667e-05,c
halide,standard,correlation,3,MINI,0.000137131759530194,0.17987566666666668,2.466666666666667e-05,c
halide,standard,correlation,4,MINI,0.5606060606060606,4.4000000000000006e-05,2.466666666666667e-05,c
halide,standard,correlation,5,MINI,0.00013656260841963847,0.18062533333333333,2.466666666666667e-05,c
noarr,AllHints,correlation,1,MINI,1.027777777777778,2.4e-05,2.466666666666667e-05,c
noarr,AllHints,correlation,2,MINI,1.0,2.466666666666667e-05,2.466666666666667e-05,c
noarr,AllHints,correlation,3,MINI,0.8915662650602411,2.7666666666666667e-05,2.466666666666667e-05,c
noarr,AllHints,correlation,4,MINI,0.880952380952381,2.8e-05,2.466666666666667e-05,c
noarr,AllHints,correlation,5,MINI,1.027777777777778,2.4e-05,2.466666666666667e-05,c
noarr,ChooseHints,correlation,1,MINI,1.5102040816326534,1.633333333333333e-05,2.466666666666667e-05,c
noarr,ChooseHints,correlation,2,MINI,2.055555555555556,1.2e-05,2.466666666666667e-05,c
noarr,ChooseHints,correlation,3,MINI,0.7184466019417477,3.433333333333333e-05,2.466666666666667e-05,c
noarr,ChooseHints,correlation,4,MINI,1.0422535211267607,2.3666666666666665e-05,2.466666666666667e-05,c
noarr,ChooseHints,correlation,5,MINI,0.9135802469135805,2.6999999999999996e-05,2.466666666666667e-05,c
noarr,FromPlan,correlation,1,MINI,1.0724637681159421,2.3e-05,2.466666666666667e-05,c
noarr,FromPlan,correlation,2,MINI,1.0882352941176472,2.2666666666666668e-05,2.466666666666667e-05,c
noarr,FromPlan,correlation,3,MINI,1.0,2.466666666666667e-05,2.466666666666667e-05,c
noarr,FromPlan,correlation,4,MINI,1.2758620689655173,1.9333333333333333e-05,2.466666666666667e-05,c
noarr,FromPlan,correlation,5,MINI,1.1044776119402986,2.2333333333333335e-05,2.466666666666667e-05,c
noarr,Naive,correlation,1,MINI,2.055555555555556,1.2e-05,2.466666666666667e-05,c
noarr,Naive,correlation,2,MINI,2.055555555555556,1.2e-05,2.466666666666667e-05,c
noarr,Naive,correlation,3,MINI,0.9135802469135805,2.6999999999999996e-05,2.466666666666667e-05,c
noarr,Naive,correlation,4,MINI,1.450980392156863,1.7e-05,2.466666666666667e-05,c
noarr,Naive,correlation,5,MINI,1.2542372881355934,1.9666666666666666e-05,2.466666666666667e-05,c
noarr,standard,correlation,1,MINI,1.027777777777778,2.4e-05,2.466666666666667e-05,c
noarr,standard,correlation,2,MINI,0.8505747126436782,2.9e-05,2.466666666666667e-05,c
noarr,standard,correlation,3,MINI,0.9866666666666667,2.5e-05,2.466666666666667e-05,c
noarr,standard,correlation,4,MINI,1.0136986301369864,2.4333333333333333e-05,2.466666666666667e-05,c
noarr,standard,correlation,5,MINI,0.9736842105263158,2.5333333333333334e-05,2.466666666666667e-05,c
c,AllHints,covariance,1,MINI,0.25870646766169153,0.000134,3.4666666666666665e-05,c
c,AllHints,covariance,2,MINI,1.1555555555555554,3e-05,3.4666666666666665e-05,c
c,AllHints,covariance,3,MINI,0.21052631578947367,0.00016466666666666667,3.4666666666666665e-05,c
c,AllHints,covariance,4,MINI,0.41767068273092367,8.3e-05,3.4666666666666665e-05,c
c,AllHints,covariance,5,MINI,0.24470588235294113,0.00014166666666666668,3.4666666666666665e-05,c
c,ChooseHints,covariance,1,MINI,2.7368421052631575,1.2666666666666667e-05,3.4666666666666665e-05,c
c,ChooseHints,covariance,2,MINI,0.6753246753246753,5.133333333333333e-05,3.4666666666666665e-05,c
c,ChooseHints,covariance,3,MINI,2.6666666666666665,1.3e-05,3.4666666666666665e-05,c
c,ChooseHints,covariance,4,MINI,3.151515151515151,1.1000000000000001e-05,3.4666666666666665e-05,c
c,ChooseHints,covariance,5,MINI,3.151515151515151,1.1000000000000001e-05,3.4666666666666665e-05,c
c,FromPlan,covariance,1,MINI,2.810810810810811,1.2333333333333333e-05,3.4666666666666665e-05,c
c,FromPlan,covariance,2,MINI,2.6666666666666665,1.3e-05,3.4666666666666665e-05,c
c,FromPlan,covariance,3,MINI,2.9714285714285715,1.1666666666666666e-05,3.4666666666666665e-05,c
c,FromPlan,covariance,4,MINI,2.9714285714285715,1.1666666666666666e-05,3.4666666666666665e-05,c
c,FromPlan,covariance,5,MINI,2.6666666666666665,1.3e-05,3.4666666666666665e-05,c
c,Naive,covariance,1,MINI,2.0392156862745097,1.7e-05,3.4666666666666665e-05,c
c,Naive,covariance,2,MINI,1.4857142857142858,2.3333333333333332e-05,3.4666666666666665e-05,c
c,Naive,covariance,3,MINI,2.9714285714285715,1.1666666666666666e-05,3.4666666666666665e-05,c
c,Naive,covariance,4,MINI,1.268292682926829,2.7333333333333335e-05,3.4666666666666665e-05,c
c,Naive,covariance,5,MINI,2.7368421052631575,1.2666666666666667e-05,3.4666666666666665e-05,c
c,standard,covariance,1,MINI,1.0,3.4666666666666665e-05,3.4666666666666665e-05,c
exo,AllHints,covariance,1,MINI,0.2896935933147632,0.00011966666666666667,3.4666666666666665e-05,c
exo,AllHints,covariance,3,MINI,0.042588042588042586,0.0008139999999999999,3.4666666666666665e-05,c
exo,ChooseHints,covariance,1,MINI,0.6081871345029239,5.7e-05,3.4666666666666665e-05,c
exo,ChooseHints,covariance,2,MINI,2.3636363636363638,1.4666666666666666e-05,3.4666666666666665e-05,c
exo,ChooseHints,covariance,3,MINI,0.19771863117870722,0.00017533333333333333,3.4666666666666665e-05,c
exo,ChooseHints,covariance,5,MINI,0.4663677130044843,7.433333333333333e-05,3.4666666666666665e-05,c
exo,FromPlan,covariance,1,MINI,2.122448979591837,1.633333333333333e-05,3.4666666666666665e-05,c
exo,FromPlan,covariance,3,MINI,2.260869565217391,1.5333333333333334e-05,3.4666666666666665e-05,c
exo,FromPlan,covariance,4,MINI,2.311111111111111,1.5e-05,3.4666666666666665e-05,c
exo,FromPlan,covariance,5,MINI,2.08,1.6666666666666664e-05,3.4666666666666665e-05,c
exo,Naive,covariance,1,MINI,2.3636363636363638,1.4666666666666666e-05,3.4666666666666665e-05,c
exo,Naive,covariance,2,MINI,0.5333333333333333,6.5e-05,3.4666666666666665e-05,c
exo,Naive,covariance,3,MINI,0.24999999999999994,0.00013866666666666669,3.4666666666666665e-05,c
exo,Naive,covariance,5,MINI,0.3741007194244604,9.266666666666668e-05,3.4666666666666665e-05,c
exo,standard,covariance,1,MINI,1.3164556962025318,2.633333333333333e-05,3.4666666666666665e-05,c
exo,standard,covariance,2,MINI,1.2839506172839508,2.6999999999999996e-05,3.4666666666666665e-05,c
exo,standard,covariance,3,MINI,1.1304347826086956,3.066666666666667e-05,3.4666666666666665e-05,c
exo,standard,covariance,4,MINI,1.1555555555555557,2.9999999999999997e-05,3.4666666666666665e-05,c
exo,standard,covariance,5,MINI,1.3164556962025318,2.633333333333333e-05,3.4666666666666665e-05,c
halide,ChooseHints,covariance,5,MINI,0.09506398537477148,0.0003646666666666666,3.4666666666666665e-05,c
halide,Naive,covariance,4,MINI,0.012037037037037035,0.00288,3.4666666666666665e-05,c
halide,standard,covariance,2,MINI,0.6190476190476191,5.6e-05,3.4666666666666665e-05,c
halide,standard,covariance,4,MINI,0.0058621272758018145,0.005913666666666667,3.4666666666666665e-05,c
noarr,AllHints,covariance,1,MINI,2.0799999999999996,1.6666666666666667e-05,3.4666666666666665e-05,c
noarr,AllHints,covariance,2,MINI,1.8909090909090909,1.8333333333333333e-05,3.4666666666666665e-05,c
noarr,AllHints,covariance,3,MINI,2.0,1.7333333333333332e-05,3.4666666666666665e-05,c
noarr,AllHints,covariance,4,MINI,1.6774193548387095,2.0666666666666666e-05,3.4666666666666665e-05,c
noarr,AllHints,covariance,5,MINI,1.0833333333333333,3.2e-05,3.4666666666666665e-05,c
noarr,ChooseHints,covariance,1,MINI,3.8518518518518516,9e-06,3.4666666666666665e-05,c
noarr,ChooseHints,covariance,2,MINI,3.7142857142857135,9.333333333333334e-06,3.4666666666666665e-05,c
noarr,ChooseHints,covariance,3,MINI,2.888888888888889,1.2e-05,3.4666666666666665e-05,c
noarr,ChooseHints,covariance,4,MINI,3.4666666666666663,1e-05,3.4666666666666665e-05,c
noarr,ChooseHints,covariance,5,MINI,3.354838709677419,1.0333333333333333e-05,3.4666666666666665e-05,c
noarr,FromPlan,covariance,1,MINI,2.3636363636363638,1.4666666666666666e-05,3.4666666666666665e-05,c
noarr,FromPlan,covariance,2,MINI,2.0799999999999996,1.6666666666666667e-05,3.4666666666666665e-05,c
noarr,FromPlan,covariance,4,MINI,0.9454545454545454,3.6666666666666666e-05,3.4666666666666665e-05,c
noarr,FromPlan,covariance,5,MINI,2.1224489795918364,1.6333333333333335e-05,3.4666666666666665e-05,c
noarr,Naive,covariance,1,MINI,3.151515151515151,1.1000000000000001e-05,3.4666666666666665e-05,c
noarr,Naive,covariance,2,MINI,2.212765957446808,1.5666666666666667e-05,3.4666666666666665e-05,c
noarr,Naive,covariance,3,MINI,3.7142857142857135,9.333333333333334e-06,3.4666666666666665e-05,c
noarr,Naive,covariance,4,MINI,4.333333333333333,8e-06,3.4666666666666665e-05,c
noarr,Naive,covariance,5,MINI,4.333333333333333,8e-06,3.4666666666666665e-05,c
noarr,standard,covariance,1,MINI,1.507246376811594,2.3e-05,3.4666666666666665e-05,c
noarr,standard,covariance,2,MINI,1.4054054054054053,2.466666666666667e-05,3.4666666666666665e-05,c
noarr,standard,covariance,3,MINI,1.4054054054054053,2.466666666666667e-05,3.4666666666666665e-05,c
noarr,standard,covariance,4,MINI,1.4444444444444444,2.4e-05,3.4666666666666665e-05,c
noarr,standard,covariance,5,MINI,1.4246575342465753,2.4333333333333333e-05,3.4666666666666665e-05,c
c,AllHints,deriche,1,MINI,0.443609022556391,0.0003103333333333333,0.00013766666666666666,c
c,AllHints,deriche,2,MINI,1.05089058524173,0.000131,0.00013766666666666666,c
c,AllHints,deriche,3,MINI,0.5543624161073826,0.0002483333333333333,0.00013766666666666666,c
c,AllHints,deriche,4,MINI,1.0455696202531646,0.00013166666666666665,0.00013766666666666666,c
c,AllHints,deriche,5,MINI,0.8428571428571427,0.00016333333333333334,0.00013766666666666666,c
c,ChooseHints,deriche,1,MINI,0.4693181818181818,0.0002933333333333333,0.00013766666666666666,c
c,ChooseHints,deriche,2,MINI,0.4588888888888889,0.0003,0.00013766666666666666,c
c,ChooseHints,deriche,3,MINI,0.48645465253239106,0.000283,0.00013766666666666666,c
c,ChooseHints,deriche,4,MINI,0.5061274509803921,0.000272,0.00013766666666666666,c
c,ChooseHints,deriche,5,MINI,0.19263059701492535,0.0007146666666666667,0.00013766666666666666,c
c,FromPlan,deriche,1,MINI,1.3452768729641693,0.00010233333333333333,0.00013766666666666666,c
c,FromPlan,deriche,2,MINI,1.2668711656441716,0.00010866666666666667,0.00013766666666666666,c
c,FromPlan,deriche,3,MINI,1.3152866242038217,0.00010466666666666666,0.00013766666666666666,c
c,FromPlan,deriche,4,MINI,1.214705882352941,0.00011333333333333334,0.00013766666666666666,c
c,FromPlan,deriche,5,MINI,1.1732954545454546,0.00011733333333333333,0.00013766666666666666,c
c,Naive,deriche,1,MINI,1.3409090909090908,0.00010266666666666666,0.00013766666666666666,c
c,Naive,deriche,2,MINI,1.454225352112676,9.466666666666667e-05,0.00013766666666666666,c
c,Naive,deriche,3,MINI,1.0671834625322996,0.00012900000000000002,0.00013766666666666666,c
c,Naive,deriche,4,MINI,1.019753086419753,0.000135,0.00013766666666666666,c
c,Naive,deriche,5,MINI,1.0147420147420148,0.00013566666666666667,0.00013766666666666666,c
c,standard,deriche,1,MINI,1.0,0.00013766666666666666,0.00013766666666666666,c
exo,AllHints,deriche,1,MINI,0.06578528193692258,0.0020926666666666667,0.00013766666666666666,c
exo,AllHints,deriche,2,MINI,0.3940839694656489,0.0003493333333333333,0.00013766666666666666,c
exo,ChooseHints,deriche,2,MINI,0.3940839694656489,0.0003493333333333333,0.00013766666666666666,c
exo,FromPlan,deriche,3,MINI,1.0024271844660193,0.00013733333333333336,0.00013766666666666666,c
exo,Naive,deriche,5,MINI,1.0248138957816377,0.00013433333333333334,0.00013766666666666666,c
exo,standard,deriche,3,MINI,0.8586278586278586,0.00016033333333333332,0.00013766666666666666,c
exo,standard,deriche,4,MINI,0.8568464730290456,0.00016066666666666668,0.00013766666666666666,c
exo,standard,deriche,5,MINI,0.839430894308943,0.000164,0.00013766666666666666,c
halide,AllHints,deriche,1,MINI,0.009502116694275722,0.014488000000000001,0.00013766666666666666,c
halide,AllHints,deriche,2,MINI,0.1498005077983315,0.000919,0.00013766666666666666,c
halide,AllHints,deriche,3,MINI,0.034087157477715416,0.004038666666666667,0.00013766666666666666,c
halide,ChooseHints,deriche,2,MINI,0.04248097099362271,0.0032406666666666664,0.00013766666666666666,c
halide,ChooseHints,deriche,3,MINI,0.011846030289123451,0.011621333333333332,0.00013766666666666666,c
halide,ChooseHints,deriche,4,MINI,0.2067067067067067,0.0006659999999999999,0.00013766666666666666,c
halide,ChooseHints,deriche,5,MINI,0.1994205697730565,0.0006903333333333333,0.00013766666666666666,c
halide,FromPlan,deriche,1,MINI,0.9450800915331807,0.00014566666666666667,0.00013766666666666666,c
halide,FromPlan,deriche,2,MINI,0.04894524768902583,0.002812666666666667,0.00013766666666666666,c
halide,FromPlan,deriche,4,MINI,0.029597248100902963,0.004651333333333334,0.00013766666666666666,c
halide,Naive,deriche,5,MINI,0.7454873646209386,0.00018466666666666666,0.00013766666666666666,c
halide,standard,deriche,1,MINI,0.2822966507177034,0.00048766666666666663,0.00013766666666666666,c
noarr,AllHints,deriche,1,MINI,0.6210526315789473,0.00022166666666666667,0.00013766666666666666,c
noarr,AllHints,deriche,2,MINI,0.6020408163265306,0.00022866666666666665,0.00013766666666666666,c
noarr,AllHints,deriche,3,MINI,1.9666666666666663,7.000000000000001e-05,0.00013766666666666666,c
noarr,ChooseHints,deriche,2,MINI,1.8114035087719296,7.6e-05,0.00013766666666666666,c
noarr,ChooseHints,deriche,4,MINI,2.2324324324324323,6.166666666666667e-05,0.00013766666666666666,c
noarr,ChooseHints,deriche,5,MINI,0.018462226195797942,0.007456666666666667,0.00013766666666666666,c
noarr,FromPlan,deriche,1,MINI,1.9389671361502345,7.1e-05,0.00013766666666666666,c
noarr,FromPlan,deriche,2,MINI,0.053139475038600094,0.002590666666666667,0.00013766666666666666,c
noarr,FromPlan,deriche,3,MINI,2.3872832369942194,5.766666666666667e-05,0.00013766666666666666,c
noarr,FromPlan,deriche,4,MINI,2.085858585858586,6.599999999999999e-05,0.00013766666666666666,c
noarr,FromPlan,deriche,5,MINI,1.8858447488584473,7.3e-05,0.00013766666666666666,c
noarr,Naive,deriche,1,MINI,1.699588477366255,8.1e-05,0.00013766666666666666,c
noarr,Naive,deriche,3,MINI,1.8603603603603605,7.4e-05,0.00013766666666666666,c
noarr,Naive,deriche,4,MINI,2.244565217391304,6.133333333333334e-05,0.00013766666666666666,c
noarr,Naive,deriche,5,MINI,3.5,3.933333333333333e-05,0.00013766666666666666,c
noarr,standard,deriche,1,MINI,2.3333333333333335,5.9e-05,0.00013766666666666666,c
noarr,standard,deriche,2,MINI,1.8355555555555556,7.5e-05,0.00013766666666666666,c
noarr,standard,deriche,3,MINI,1.8944954128440366,7.266666666666667e-05,0.00013766666666666666,c
noarr,standard,deriche,4,MINI,2.0344827586206895,6.766666666666667e-05,0.00013766666666666666,c
noarr,standard,deriche,5,MINI,2.185185185185185,6.3e-05,0.00013766666666666666,c
c,AllHints,doitgen,1,MINI,0.21176470588235294,5.666666666666667e-05,1.2e-05,c
c,AllHints,doitgen,2,MINI,0.20454545454545456,5.8666666666666665e-05,1.2e-05,c
c,AllHints,doitgen,3,MINI,0.2589928057553957,4.633333333333334e-05,1.2e-05,c
c,AllHints,doitgen,4,MINI,0.22929936305732487,5.233333333333333e-05,1.2e-05,c
c,AllHints,doitgen,5,MINI,0.22500000000000003,5.3333333333333326e-05,1.2e-05,c
c,ChooseHints,doitgen,1,MINI,1.8000000000000003,6.666666666666666e-06,1.2e-05,c
c,ChooseHints,doitgen,2,MINI,0.24161073825503357,4.966666666666666e-05,1.2e-05,c
c,ChooseHints,doitgen,3,MINI,0.2975206611570248,4.0333333333333336e-05,1.2e-05,c
c,ChooseHints,doitgen,4,MINI,0.2608695652173913,4.6e-05,1.2e-05,c
c,ChooseHints,doitgen,5,MINI,0.2482758620689655,4.8333333333333334e-05,1.2e-05,c
c,FromPlan,doitgen,1,MINI,1.7142857142857144,7e-06,1.2e-05,c
c,FromPlan,doitgen,2,MINI,1.6363636363636365,7.333333333333333e-06,1.2e-05,c
c,FromPlan,doitgen,3,MINI,1.8000000000000003,6.666666666666666e-06,1.2e-05,c
c,FromPlan,doitgen,4,MINI,1.8947368421052633,6.333333333333333e-06,1.2e-05,c
c,FromPlan,doitgen,5,MINI,1.7142857142857144,7e-06,1.2e-05,c
c,Naive,doitgen,1,MINI,1.7142857142857144,7e-06,1.2e-05,c
c,Naive,doitgen,2,MINI,1.8947368421052633,6.333333333333333e-06,1.2e-05,c
c,Naive,doitgen,3,MINI,1.8000000000000003,6.666666666666666e-06,1.2e-05,c
c,Naive,doitgen,4,MINI,1.6363636363636365,7.333333333333333e-06,1.2e-05,c
c,Naive,doitgen,5,MINI,1.8947368421052633,6.333333333333333e-06,1.2e-05,c
c,standard,doitgen,1,MINI,1.0,1.2e-05,1.2e-05,c
exo,AllHints,doitgen,1,MINI,0.002923026956804157,0.004105333333333333,1.2e-05,c
exo,AllHints,doitgen,2,MINI,0.036734693877551024,0.0003266666666666667,1.2e-05,c
exo,AllHints,doitgen,3,MINI,0.25,4.8e-05,1.2e-05,c
exo,AllHints,doitgen,4,MINI,0.03567888999008919,0.0003363333333333334,1.2e-05,c
exo,AllHints,doitgen,5,MINI,0.037037037037037035,0.000324,1.2e-05,c
exo,ChooseHints,doitgen,1,MINI,0.03699897225077081,0.0003243333333333333,1.2e-05,c
exo,ChooseHints,doitgen,2,MINI,0.035225048923679066,0.00034066666666666664,1.2e-05,c
exo,ChooseHints,doitgen,3,MINI,0.03825717321997874,0.0003136666666666667,1.2e-05,c
exo,ChooseHints,doitgen,4,MINI,1.6363636363636365,7.333333333333333e-06,1.2e-05,c
exo,FromPlan,doitgen,2,MINI,1.3846153846153844,8.666666666666668e-06,1.2e-05,c
exo,FromPlan,doitgen,4,MINI,1.5652173913043477,7.666666666666667e-06,1.2e-05,c
exo,FromPlan,doitgen,5,MINI,1.6363636363636365,7.333333333333333e-06,1.2e-05,c
exo,Naive,doitgen,2,MINI,0.631578947368421,1.9e-05,1.2e-05,c
exo,Naive,doitgen,3,MINI,0.75,1.6e-05,1.2e-05,c
exo,Naive,doitgen,4,MINI,0.2727272727272727,4.4000000000000006e-05,1.2e-05,c
exo,Naive,doitgen,5,MINI,1.4400000000000002,8.333333333333332e-06,1.2e-05,c
exo,standard,doitgen,1,MINI,0.6792452830188679,1.7666666666666668e-05,1.2e-05,c
exo,standard,doitgen,2,MINI,0.6792452830188679,1.7666666666666668e-05,1.2e-05,c
exo,standard,doitgen,3,MINI,0.6666666666666666,1.8e-05,1.2e-05,c
exo,standard,doitgen,4,MINI,0.6666666666666666,1.8e-05,1.2e-05,c
exo,standard,doitgen,5,MINI,0.6792452830188679,1.7666666666666668e-05,1.2e-05,c
halide,standard,doitgen,3,MINI,0.43373493975903615,2.7666666666666667e-05,1.2e-05,c
halide,standard,doitgen,4,MINI,0.4931506849315069,2.4333333333333333e-05,1.2e-05,c
halide,standard,doitgen,5,MINI,0.5,2.4e-05,1.2e-05,c
noarr,AllHints,doitgen,1,MINI,2.4,5e-06,1.2e-05,c
noarr,AllHints,doitgen,2,MINI,2.4,5e-06,1.2e-05,c
noarr,AllHints,doitgen,3,MINI,2.571428571428571,4.666666666666667e-06,1.2e-05,c
noarr,AllHints,doitgen,4,MINI,2.4,5e-06,1.2e-05,c
noarr,AllHints,doitgen,5,MINI,2.4,5e-06,1.2e-05,c
noarr,ChooseHints,doitgen,1,MINI,2.571428571428571,4.666666666666667e-06,1.2e-05,c
noarr,ChooseHints,doitgen,2,MINI,2.4,5e-06,1.2e-05,c
noarr,ChooseHints,doitgen,3,MINI,2.4,5e-06,1.2e-05,c
noarr,ChooseHints,doitgen,4,MINI,2.4,5e-06,1.2e-05,c
noarr,ChooseHints,doitgen,5,MINI,2.4,5e-06,1.2e-05,c
noarr,FromPlan,doitgen,1,MINI,2.4,5e-06,1.2e-05,c
noarr,FromPlan,doitgen,2,MINI,1.2,1e-05,1.2e-05,c
noarr,FromPlan,doitgen,3,MINI,1.3333333333333333,9e-06,1.2e-05,c
noarr,FromPlan,doitgen,4,MINI,2.4,5e-06,1.2e-05,c
noarr,FromPlan,doitgen,5,MINI,2.0,6e-06,1.2e-05,c
noarr,Naive,doitgen,1,MINI,2.4,5e-06,1.2e-05,c
noarr,Naive,doitgen,2,MINI,2.4,5e-06,1.2e-05,c
noarr,Naive,doitgen,3,MINI,2.4,5e-06,1.2e-05,c
noarr,Naive,doitgen,4,MINI,2.4,5e-06,1.2e-05,c
noarr,Naive,doitgen,5,MINI,2.4,5e-06,1.2e-05,c
noarr,standard,doitgen,1,MINI,1.3333333333333333,9e-06,1.2e-05,c
noarr,standard,doitgen,2,MINI,1.2,1e-05,1.2e-05,c
noarr,standard,doitgen,3,MINI,1.3333333333333333,9e-06,1.2e-05,c
noarr,standard,doitgen,5,MINI,1.2,1e-05,1.2e-05,c
c,AllHints,durbin,1,MINI,1.25,2.6666666666666664e-06,3.333333333333333e-06,c
c,AllHints,durbin,3,MINI,1.4285714285714286,2.333333333333333e-06,3.333333333333333e-06,c
c,AllHints,durbin,4,MINI,1.25,2.6666666666666664e-06,3.333333333333333e-06,c
c,AllHints,durbin,5,MINI,1.6666666666666665,2e-06,3.333333333333333e-06,c
c,ChooseHints,durbin,1,MINI,1.4285714285714286,2.333333333333333e-06,3.333333333333333e-06,c
c,ChooseHints,durbin,2,MINI,1.111111111111111,3e-06,3.333333333333333e-06,c
c,ChooseHints,durbin,3,MINI,1.4285714285714286,2.333333333333333e-06,3.333333333333333e-06,c
c,ChooseHints,durbin,4,MINI,1.4285714285714286,2.333333333333333e-06,3.333333333333333e-06,c
c,ChooseHints,durbin,5,MINI,1.111111111111111,3e-06,3.333333333333333e-06,c
c,FromPlan,durbin,1,MINI,1.25,2.6666666666666664e-06,3.333333333333333e-06,c
c,FromPlan,durbin,2,MINI,1.6666666666666665,2e-06,3.333333333333333e-06,c
c,FromPlan,durbin,3,MINI,1.4285714285714286,2.333333333333333e-06,3.333333333333333e-06,c
c,FromPlan,durbin,4,MINI,1.111111111111111,3e-06,3.333333333333333e-06,c
c,FromPlan,durbin,5,MINI,1.4285714285714286,2.333333333333333e-06,3.333333333333333e-06,c
c,Naive,durbin,1,MINI,1.25,2.6666666666666664e-06,3.333333333333333e-06,c
c,Naive,durbin,2,MINI,1.25,2.6666666666666664e-06,3.333333333333333e-06,c
c,Naive,durbin,3,MINI,1.4285714285714286,2.333333333333333e-06,3.333333333333333e-06,c
c,Naive,durbin,4,MINI,1.4285714285714286,2.333333333333333e-06,3.333333333333333e-06,c
c,Naive,durbin,5,MINI,1.4285714285714286,2.333333333333333e-06,3.333333333333333e-06,c
c,standard,durbin,1,MINI,1.0,3.333333333333333e-06,3.333333333333333e-06,c
exo,AllHints,durbin,1,MINI,1.25,2.6666666666666664e-06,3.333333333333333e-06,c
exo,AllHints,durbin,2,MINI,0.6666666666666665,5e-06,3.333333333333333e-06,c
exo,AllHints,durbin,3,MINI,0.001631587534671235,0.002043,3.333333333333333e-06,c
exo,ChooseHints,durbin,1,MINI,1.111111111111111,3e-06,3.333333333333333e-06,c
exo,ChooseHints,durbin,2,MINI,0.3846153846153845,8.666666666666668e-06,3.333333333333333e-06,c
exo,ChooseHints,durbin,3,MINI,0.6666666666666665,5e-06,3.333333333333333e-06,c
exo,ChooseHints,durbin,4,MINI,0.0017041581458759373,0.001956,3.333333333333333e-06,c
exo,FromPlan,durbin,2,MINI,0.5555555555555555,6e-06,3.333333333333333e-06,c
exo,FromPlan,durbin,5,MINI,1.25,2.6666666666666664e-06,3.333333333333333e-06,c
exo,Naive,durbin,3,MINI,0.8333333333333333,4e-06,3.333333333333333e-06,c
exo,Naive,durbin,4,MINI,1.111111111111111,3e-06,3.333333333333333e-06,c
exo,standard,durbin,1,MINI,0.6666666666666665,5e-06,3.333333333333333e-06,c
exo,standard,durbin,2,MINI,0.6666666666666665,5e-06,3.333333333333333e-06,c
exo,standard,durbin,3,MINI,0.6666666666666665,5e-06,3.333333333333333e-06,c
exo,standard,durbin,4,MINI,0.7142857142857141,4.666666666666667e-06,3.333333333333333e-06,c
exo,standard,durbin,5,MINI,0.6666666666666665,5e-06,3.333333333333333e-06,c
halide,FromPlan,durbin,3,MINI,0.01015228426395939,0.0003283333333333333,3.333333333333333e-06,c
halide,standard,durbin,4,MINI,0.03496503496503496,9.533333333333334e-05,3.333333333333333e-06,c
noarr,AllHints,durbin,1,MINI,1.6666666666666665,2e-06,3.333333333333333e-06,c
noarr,AllHints,durbin,2,MINI,1.6666666666666665,2e-06,3.333333333333333e-06,c
noarr,AllHints,durbin,3,MINI,1.6666666666666665,2e-06,3.333333333333333e-06,c
noarr,AllHints,durbin,4,MINI,1.6666666666666665,2e-06,3.333333333333333e-06,c
noarr,AllHints,durbin,5,MINI,1.6666666666666665,2e-06,3.333333333333333e-06,c
noarr,ChooseHints,durbin,1,MINI,0.8333333333333333,4e-06,3.333333333333333e-06,c
noarr,ChooseHints,durbin,2,MINI,1.6666666666666665,2e-06,3.333333333333333e-06,c
noarr,ChooseHints,durbin,3,MINI,0.8333333333333333,4e-06,3.333333333333333e-06,c
noarr,ChooseHints,durbin,4,MINI,1.6666666666666665,2e-06,3.333333333333333e-06,c
noarr,ChooseHints,durbin,5,MINI,1.6666666666666665,2e-06,3.333333333333333e-06,c
noarr,FromPlan,durbin,1,MINI,1.6666666666666665,2e-06,3.333333333333333e-06,c
noarr,FromPlan,durbin,2,MINI,1.6666666666666665,2e-06,3.333333333333333e-06,c
noarr,FromPlan,durbin,3,MINI,1.6666666666666665,2e-06,3.333333333333333e-06,c
noarr,FromPlan,durbin,4,MINI,1.6666666666666665,2e-06,3.333333333333333e-06,c
noarr,FromPlan,durbin,5,MINI,1.6666666666666665,2e-06,3.333333333333333e-06,c
noarr,Naive,durbin,1,MINI,1.6666666666666665,2e-06,3.333333333333333e-06,c
noarr,Naive,durbin,2,MINI,0.6666666666666665,5e-06,3.333333333333333e-06,c
noarr,Naive,durbin,3,MINI,1.6666666666666665,2e-06,3.333333333333333e-06,c
noarr,Naive,durbin,4,MINI,1.6666666666666665,2e-06,3.333333333333333e-06,c
noarr,Naive,durbin,5,MINI,1.6666666666666665,2e-06,3.333333333333333e-06,c
noarr,standard,durbin,1,MINI,0.6666666666666665,5e-06,3.333333333333333e-06,c
noarr,standard,durbin,2,MINI,0.8333333333333333,4e-06,3.333333333333333e-06,c
noarr,standard,durbin,3,MINI,0.6666666666666665,5e-06,3.333333333333333e-06,c
noarr,standard,durbin,5,MINI,0.588235294117647,5.666666666666667e-06,3.333333333333333e-06,c
c,AllHints,fdtd-2d,1,MINI,0.03676470588235294,0.00068,2.5e-05,c
c,AllHints,fdtd-2d,2,MINI,0.030144694533762062,0.0008293333333333333,2.5e-05,c
c,AllHints,fdtd-2d,4,MINI,0.03036437246963563,0.0008233333333333334,2.5e-05,c
c,ChooseHints,fdtd-2d,2,MINI,0.037350597609561755,0.0006693333333333333,2.5e-05,c
c,ChooseHints,fdtd-2d,3,MINI,0.037018756169792694,0.0006753333333333333,2.5e-05,c
c,ChooseHints,fdtd-2d,5,MINI,0.03890041493775934,0.0006426666666666667,2.5e-05,c
c,FromPlan,fdtd-2d,1,MINI,1.3888888888888888,1.8e-05,2.5e-05,c
c,FromPlan,fdtd-2d,2,MINI,1.4150943396226414,1.7666666666666668e-05,2.5e-05,c
c,FromPlan,fdtd-2d,3,MINI,0.9493670886075951,2.633333333333333e-05,2.5e-05,c
c,FromPlan,fdtd-2d,5,MINI,0.8241758241758242,3.0333333333333333e-05,2.5e-05,c
c,Naive,fdtd-2d,1,MINI,1.3888888888888888,1.8e-05,2.5e-05,c
c,Naive,fdtd-2d,2,MINI,1.4423076923076923,1.7333333333333336e-05,2.5e-05,c
c,Naive,fdtd-2d,3,MINI,1.4150943396226414,1.7666666666666668e-05,2.5e-05,c
c,Naive,fdtd-2d,4,MINI,1.3888888888888888,1.8e-05,2.5e-05,c
c,Naive,fdtd-2d,5,MINI,0.625,4e-05,2.5e-05,c
c,standard,fdtd-2d,1,MINI,1.0,2.5e-05,2.5e-05,c
exo,AllHints,fdtd-2d,3,MINI,0.012662502110417017,0.0019743333333333336,2.5e-05,c
exo,AllHints,fdtd-2d,4,MINI,0.01248335552596538,0.0020026666666666665,2.5e-05,c
exo,AllHints,fdtd-2d,5,MINI,0.015664160401002505,0.0015960000000000002,2.5e-05,c
exo,ChooseHints,fdtd-2d,4,MINI,0.012325390304026294,0.0020283333333333334,2.5e-05,c
exo,FromPlan,fdtd-2d,2,MINI,0.5769230769230769,4.333333333333334e-05,2.5e-05,c
exo,FromPlan,fdtd-2d,4,MINI,0.6048387096774194,4.133333333333333e-05,2.5e-05,c
exo,Naive,fdtd-2d,1,MINI,0.012683916793505834,0.001971,2.5e-05,c
exo,Naive,fdtd-2d,2,MINI,0.016530747189772977,0.0015123333333333334,2.5e-05,c
exo,Naive,fdtd-2d,3,MINI,0.5639097744360901,4.433333333333334e-05,2.5e-05,c
exo,standard,fdtd-2d,1,MINI,0.6147540983606558,4.066666666666667e-05,2.5e-05,c
exo,standard,fdtd-2d,2,MINI,0.6818181818181819,3.6666666666666666e-05,2.5e-05,c
exo,standard,fdtd-2d,3,MINI,0.7009345794392523,3.566666666666667e-05,2.5e-05,c
exo,standard,fdtd-2d,4,MINI,0.6880733944954128,3.633333333333333e-05,2.5e-05,c
exo,standard,fdtd-2d,5,MINI,0.6880733944954128,3.633333333333333e-05,2.5e-05,c
halide,AllHints,fdtd-2d,5,MINI,0.016603940668585344,0.0015056666666666667,2.5e-05,c
halide,ChooseHints,fdtd-2d,5,MINI,0.002239140170174653,0.011165,2.5e-05,c
halide,FromPlan,fdtd-2d,4,MINI,0.002234071073247743,0.011190333333333335,2.5e-05,c
halide,Naive,fdtd-2d,1,MINI,0.0012895460797799176,0.019386666666666667,2.5e-05,c
halide,Naive,fdtd-2d,5,MINI,0.01498800959232614,0.001668,2.5e-05,c
halide,standard,fdtd-2d,1,MINI,0.13761467889908258,0.00018166666666666667,2.5e-05,c
halide,standard,fdtd-2d,3,MINI,0.18248175182481755,0.000137,2.5e-05,c
halide,standard,fdtd-2d,5,MINI,0.1744186046511628,0.00014333333333333334,2.5e-05,c
noarr,AllHints,fdtd-2d,1,MINI,0.011408579251597202,0.0021913333333333333,2.5e-05,c
noarr,AllHints,fdtd-2d,4,MINI,0.005942947702060222,0.004206666666666667,2.5e-05,c
noarr,AllHints,fdtd-2d,5,MINI,0.9146341463414634,2.7333333333333335e-05,2.5e-05,c
noarr,ChooseHints,fdtd-2d,1,MINI,0.02182770663562282,0.0011453333333333333,2.5e-05,c
noarr,ChooseHints,fdtd-2d,3,MINI,0.004664759298420202,0.005359333333333333,2.5e-05,c
noarr,ChooseHints,fdtd-2d,5,MINI,0.011420740063956145,0.002189,2.5e-05,c
noarr,FromPlan,fdtd-2d,2,MINI,0.6696428571428572,3.733333333333333e-05,2.5e-05,c
noarr,FromPlan,fdtd-2d,3,MINI,1.0135135135135136,2.4666666666666665e-05,2.5e-05,c
noarr,FromPlan,fdtd-2d,5,MINI,0.6944444444444444,3.6e-05,2.5e-05,c
noarr,Naive,fdtd-2d,1,MINI,1.0135135135135136,2.4666666666666665e-05,2.5e-05,c
noarr,Naive,fdtd-2d,2,MINI,1.0,2.5e-05,2.5e-05,c
noarr,Naive,fdtd-2d,3,MINI,0.9036144578313253,2.7666666666666667e-05,2.5e-05,c
noarr,Naive,fdtd-2d,4,MINI,0.4310344827586207,5.8e-05,2.5e-05,c
noarr,standard,fdtd-2d,1,MINI,0.8928571428571429,2.8e-05,2.5e-05,c
noarr,standard,fdtd-2d,2,MINI,1.0135135135135136,2.4666666666666665e-05,2.5e-05,c
noarr,standard,fdtd-2d,3,MINI,0.8928571428571429,2.8e-05,2.5e-05,c
noarr,standard,fdtd-2d,4,MINI,0.9146341463414634,2.7333333333333335e-05,2.5e-05,c
noarr,standard,fdtd-2d,5,MINI,0.9259259259259262,2.6999999999999996e-05,2.5e-05,c
c,AllHints,floyd-warshall,1,MINI,0.18391935087287928,0.0013556666666666667,0.00024933333333333334,c
c,AllHints,floyd-warshall,2,MINI,0.18195086353685233,0.0013703333333333334,0.00024933333333333334,c
c,AllHints,floyd-warshall,3,MINI,0.14615084017194216,0.001706,0.00024933333333333334,c
c,AllHints,floyd-warshall,4,MINI,0.6096169519152405,0.000409,0.00024933333333333334,c
c,AllHints,floyd-warshall,5,MINI,1.3333333333333335,0.000187,0.00024933333333333334,c
c,ChooseHints,floyd-warshall,1,MINI,0.1795056395488361,0.0013889999999999998,0.00024933333333333334,c
c,ChooseHints,floyd-warshall,2,MINI,1.8653366583541147,0.00013366666666666667,0.00024933333333333334,c
c,ChooseHints,floyd-warshall,3,MINI,0.6757000903342367,0.00036899999999999997,0.00024933333333333334,c
c,ChooseHints,floyd-warshall,4,MINI,0.1633544442017908,0.0015263333333333333,0.00024933333333333334,c
c,ChooseHints,floyd-warshall,5,MINI,0.5658093797276853,0.0004406666666666667,0.00024933333333333334,c
c,FromPlan,floyd-warshall,1,MINI,4.479041916167665,5.566666666666667e-05,0.00024933333333333334,c
c,FromPlan,floyd-warshall,2,MINI,4.087431693989071,6.1e-05,0.00024933333333333334,c
c,FromPlan,floyd-warshall,3,MINI,4.42603550295858,5.633333333333333e-05,0.00024933333333333334,c
c,FromPlan,floyd-warshall,4,MINI,4.323699421965318,5.766666666666667e-05,0.00024933333333333334,c
c,FromPlan,floyd-warshall,5,MINI,1.2384105960264902,0.00020133333333333334,0.00024933333333333334,c
c,Naive,floyd-warshall,1,MINI,2.07202216066482,0.00012033333333333334,0.00024933333333333334,c
c,Naive,floyd-warshall,2,MINI,1.76,0.00014166666666666668,0.00024933333333333334,c
c,Naive,floyd-warshall,3,MINI,2.77037037037037,9e-05,0.00024933333333333334,c
c,Naive,floyd-warshall,4,MINI,0.5471836137527432,0.0004556666666666667,0.00024933333333333334,c
c,Naive,floyd-warshall,5,MINI,2.6619217081850537,9.366666666666666e-05,0.00024933333333333334,c
c,standard,floyd-warshall,1,MINI,1.0,0.00024933333333333334,0.00024933333333333334,c
exo,AllHints,floyd-warshall,1,MINI,0.15365653245686114,0.0016226666666666666,0.00024933333333333334,c
exo,AllHints,floyd-warshall,2,MINI,1.2487479131886479,0.00019966666666666665,0.00024933333333333334,c
exo,AllHints,floyd-warshall,3,MINI,0.17286803790154842,0.0014423333333333334,0.00024933333333333334,c
exo,AllHints,floyd-warshall,4,MINI,0.1408397665223122,0.0017703333333333332,0.00024933333333333334,c
exo,AllHints,floyd-warshall,5,MINI,0.17796811801094456,0.0014010000000000001,0.00024933333333333334,c
exo,ChooseHints,floyd-warshall,1,MINI,0.15403624382207579,0.0016186666666666667,0.00024933333333333334,c
exo,ChooseHints,floyd-warshall,4,MINI,0.1553156146179402,0.0016053333333333334,0.00024933333333333334,c
exo,FromPlan,floyd-warshall,1,MINI,0.7555555555555555,0.00033,0.00024933333333333334,c
exo,FromPlan,floyd-warshall,2,MINI,0.18284038132485944,0.0013636666666666667,0.00024933333333333334,c
exo,FromPlan,floyd-warshall,3,MINI,0.7857142857142857,0.00031733333333333337,0.00024933333333333334,c
exo,FromPlan,floyd-warshall,4,MINI,0.9155446756425948,0.00027233333333333336,0.00024933333333333334,c
exo,FromPlan,floyd-warshall,5,MINI,0.7767393561786086,0.000321,0.00024933333333333334,c
exo,Naive,floyd-warshall,1,MINI,1.272108843537415,0.000196,0.00024933333333333334,c
exo,Naive,floyd-warshall,3,MINI,0.15206342752591992,0.0016396666666666667,0.00024933333333333334,c
exo,Naive,floyd-warshall,5,MINI,0.17395348837209304,0.0014333333333333333,0.00024933333333333334,c
exo,standard,floyd-warshall,1,MINI,0.9280397022332506,0.0002686666666666667,0.00024933333333333334,c
exo,standard,floyd-warshall,2,MINI,0.9268897149938043,0.000269,0.00024933333333333334,c
exo,standard,floyd-warshall,3,MINI,0.9326683291770573,0.00026733333333333334,0.00024933333333333334,c
exo,standard,floyd-warshall,4,MINI,0.918918918918919,0.00027133333333333333,0.00024933333333333334,c
exo,standard,floyd-warshall,5,MINI,0.9223181257706534,0.00027033333333333336,0.00024933333333333334,c
halide,ChooseHints,floyd-warshall,3,MINI,0.016378366542588133,0.015223333333333334,0.00024933333333333334,c
halide,ChooseHints,floyd-warshall,5,MINI,0.01477939578352532,0.016870333333333334,0.00024933333333333334,c
halide,FromPlan,floyd-warshall,1,MINI,0.023239917976760085,0.010728666666666666,0.00024933333333333334,c
halide,Naive,floyd-warshall,3,MINI,0.01817651632970451,0.013717333333333333,0.00024933333333333334,c
halide,Naive,floyd-warshall,4,MINI,0.01731762091079573,0.014397666666666668,0.00024933333333333334,c
halide,Naive,floyd-warshall,5,MINI,0.022480014425677704,0.011091333333333335,0.00024933333333333334,c
halide,standard,floyd-warshall,1,MINI,1.147239263803681,0.00021733333333333335,0.00024933333333333334,c
halide,standard,floyd-warshall,2,MINI,1.1835443037974684,0.00021066666666666665,0.00024933333333333334,c
halide,standard,floyd-warshall,3,MINI,1.111441307578009,0.00022433333333333333,0.00024933333333333334,c
halide,standard,floyd-warshall,4,MINI,1.1578947368421053,0.00021533333333333333,0.00024933333333333334,c
noarr,AllHints,floyd-warshall,1,MINI,3.6135265700483092,6.9e-05,0.00024933333333333334,c
noarr,AllHints,floyd-warshall,2,MINI,0.05438022537259179,0.004585,0.00024933333333333334,c
noarr,AllHints,floyd-warshall,3,MINI,0.05758275596612779,0.0043300000000000005,0.00024933333333333334,c
noarr,AllHints,floyd-warshall,4,MINI,3.6135265700483092,6.9e-05,0.00024933333333333334,c
noarr,AllHints,floyd-warshall,5,MINI,2.077777777777778,0.00011999999999999999,0.00024933333333333334,c
noarr,ChooseHints,floyd-warshall,1,MINI,0.9492385786802032,0.00026266666666666664,0.00024933333333333334,c
noarr,ChooseHints,floyd-warshall,2,MINI,3.7777777777777786,6.599999999999999e-05,0.00024933333333333334,c
noarr,ChooseHints,floyd-warshall,3,MINI,3.758793969849246,6.633333333333334e-05,0.00024933333333333334,c
noarr,ChooseHints,floyd-warshall,4,MINI,0.949238578680203,0.0002626666666666667,0.00024933333333333334,c
noarr,ChooseHints,floyd-warshall,5,MINI,2.6714285714285717,9.333333333333333e-05,0.00024933333333333334,c
noarr,FromPlan,floyd-warshall,1,MINI,3.280701754385965,7.6e-05,0.00024933333333333334,c
noarr,FromPlan,floyd-warshall,2,MINI,1.2025723472668812,0.00020733333333333332,0.00024933333333333334,c
noarr,FromPlan,floyd-warshall,3,MINI,2.54421768707483,9.8e-05,0.00024933333333333334,c
noarr,FromPlan,floyd-warshall,4,MINI,2.75,9.066666666666667e-05,0.00024933333333333334,c
noarr,FromPlan,floyd-warshall,5,MINI,0.7171620325982742,0.0003476666666666667,0.00024933333333333334,c
noarr,Naive,floyd-warshall,1,MINI,3.004016064257028,8.3e-05,0.00024933333333333334,c
noarr,Naive,floyd-warshall,2,MINI,1.4782608695652175,0.00016866666666666666,0.00024933333333333334,c
noarr,Naive,floyd-warshall,3,MINI,3.6135265700483092,6.9e-05,0.00024933333333333334,c
noarr,Naive,floyd-warshall,4,MINI,3.796954314720812,6.566666666666667e-05,0.00024933333333333334,c
noarr,Naive,floyd-warshall,5,MINI,3.2241379310344827,7.733333333333333e-05,0.00024933333333333334,c
noarr,standard,floyd-warshall,1,MINI,1.4753451676528602,0.000169,0.00024933333333333334,c
noarr,standard,floyd-warshall,2,MINI,1.4580896686159843,0.000171,0.00024933333333333334,c
noarr,standard,floyd-warshall,3,MINI,1.430210325047801,0.00017433333333333333,0.00024933333333333334,c
noarr,standard,floyd-warshall,4,MINI,0.9012048192771085,0.00027666666666666665,0.00024933333333333334,c
noarr,standard,floyd-warshall,5,MINI,1.3929236499068902,0.000179,0.00024933333333333334,c
c,AllHints,gemm,1,MINI,0.09195402298850577,5.8e-05,5.3333333333333345e-06,c
c,AllHints,gemm,2,MINI,0.15384615384615385,3.466666666666667e-05,5.3333333333333345e-06,c
c,AllHints,gemm,3,MINI,0.12500000000000003,4.266666666666666e-05,5.3333333333333345e-06,c
c,AllHints,gemm,5,MINI,0.09356725146198831,5.7e-05,5.3333333333333345e-06,c
c,ChooseHints,gemm,1,MINI,0.3478260869565218,1.5333333333333334e-05,5.3333333333333345e-06,c
c,ChooseHints,gemm,2,MINI,0.34042553191489366,1.5666666666666667e-05,5.3333333333333345e-06,c
c,ChooseHints,gemm,3,MINI,0.017758046614872368,0.00030033333333333333,5.3333333333333345e-06,c
c,ChooseHints,gemm,4,MINI,1.0666666666666669,5e-06,5.3333333333333345e-06,c
c,ChooseHints,gemm,5,MINI,0.6153846153846154,8.666666666666668e-06,5.3333333333333345e-06,c
c,FromPlan,gemm,1,MINI,0.14953271028037385,3.566666666666667e-05,5.3333333333333345e-06,c
c,FromPlan,gemm,2,MINI,1.142857142857143,4.666666666666667e-06,5.3333333333333345e-06,c
c,FromPlan,gemm,3,MINI,0.45714285714285724,1.1666666666666666e-05,5.3333333333333345e-06,c
c,FromPlan,gemm,4,MINI,1.0666666666666669,5e-06,5.3333333333333345e-06,c
c,Naive,gemm,1,MINI,0.7272727272727274,7.333333333333333e-06,5.3333333333333345e-06,c
c,Naive,gemm,2,MINI,1.0666666666666669,5e-06,5.3333333333333345e-06,c
c,Naive,gemm,3,MINI,0.7272727272727274,7.333333333333333e-06,5.3333333333333345e-06,c
c,Naive,gemm,4,MINI,1.3333333333333337,4e-06,5.3333333333333345e-06,c
c,Naive,gemm,5,MINI,1.0666666666666669,5e-06,5.3333333333333345e-06,c
c,standard,gemm,1,MINI,1.0,5.3333333333333345e-06,5.3333333333333345e-06,c
exo,AllHints,gemm,1,MINI,0.13445378151260506,3.966666666666667e-05,5.3333333333333345e-06,c
exo,AllHints,gemm,2,MINI,0.1126760563380282,4.733333333333333e-05,5.3333333333333345e-06,c
exo,AllHints,gemm,4,MINI,0.14953271028037385,3.566666666666667e-05,5.3333333333333345e-06,c
exo,AllHints,gemm,5,MINI,0.07239819004524889,7.366666666666666e-05,5.3333333333333345e-06,c
exo,ChooseHints,gemm,1,MINI,0.07048458149779738,7.566666666666666e-05,5.3333333333333345e-06,c
exo,ChooseHints,gemm,2,MINI,0.07142857142857145,7.466666666666666e-05,5.3333333333333345e-06,c
exo,ChooseHints,gemm,4,MINI,0.12598425196850396,4.233333333333333e-05,5.3333333333333345e-06,c
exo,FromPlan,gemm,2,MINI,0.0632411067193676,8.433333333333334e-05,5.3333333333333345e-06,c
exo,FromPlan,gemm,3,MINI,0.14159292035398233,3.766666666666667e-05,5.3333333333333345e-06,c
exo,FromPlan,gemm,4,MINI,0.44444444444444453,1.2e-05,5.3333333333333345e-06,c
exo,FromPlan,gemm,5,MINI,0.13793103448275865,3.866666666666667e-05,5.3333333333333345e-06,c
exo,Naive,gemm,2,MINI,0.08465608465608468,6.3e-05,5.3333333333333345e-06,c
exo,Naive,gemm,3,MINI,0.22857142857142862,2.3333333333333332e-05,5.3333333333333345e-06,c
exo,Naive,gemm,4,MINI,0.09467455621301778,5.633333333333333e-05,5.3333333333333345e-06,c
exo,standard,gemm,1,MINI,0.6400000000000002,8.333333333333332e-06,5.3333333333333345e-06,c
exo,standard,gemm,2,MINI,0.6153846153846154,8.666666666666668e-06,5.3333333333333345e-06,c
exo,standard,gemm,3,MINI,0.6400000000000002,8.333333333333332e-06,5.3333333333333345e-06,c
exo,standard,gemm,4,MINI,0.6666666666666669,8e-06,5.3333333333333345e-06,c
exo,standard,gemm,5,MINI,0.6153846153846154,8.666666666666668e-06,5.3333333333333345e-06,c
halide,FromPlan,gemm,1,MINI,0.0019481310118105448,0.0027376666666666665,5.3333333333333345e-06,c
halide,FromPlan,gemm,3,MINI,0.0019328340178787148,0.0027593333333333337,5.3333333333333345e-06,c
halide,FromPlan,gemm,5,MINI,0.0019555120997311174,0.0027273333333333333,5.3333333333333345e-06,c
halide,standard,gemm,2,MINI,0.10389610389610392,5.133333333333333e-05,5.3333333333333345e-06,c
halide,standard,gemm,3,MINI,0.11034482758620692,4.8333333333333334e-05,5.3333333333333345e-06,c
halide,standard,gemm,4,MINI,0.11510791366906478,4.633333333333333e-05,5.3333333333333345e-06,c
noarr,AllHints,gemm,2,MINI,0.3333333333333334,1.6e-05,5.3333333333333345e-06,c
noarr,AllHints,gemm,3,MINI,0.41025641025641035,1.3e-05,5.3333333333333345e-06,c
noarr,AllHints,gemm,4,MINI,1.0666666666666669,5e-06,5.3333333333333345e-06,c
noarr,AllHints,gemm,5,MINI,1.0666666666666669,5e-06,5.3333333333333345e-06,c
noarr,ChooseHints,gemm,1,MINI,0.3555555555555556,1.5e-05,5.3333333333333345e-06,c
noarr,ChooseHints,gemm,2,MINI,1.0666666666666669,5e-06,5.3333333333333345e-06,c
noarr,ChooseHints,gemm,3,MINI,1.0666666666666669,5e-06,5.3333333333333345e-06,c
noarr,ChooseHints,gemm,4,MINI,1.0,5.3333333333333345e-06,5.3333333333333345e-06,c
noarr,ChooseHints,gemm,5,MINI,1.0666666666666669,5e-06,5.3333333333333345e-06,c
noarr,FromPlan,gemm,1,MINI,0.2666666666666668,1.9999999999999998e-05,5.3333333333333345e-06,c
noarr,FromPlan,gemm,2,MINI,0.6666666666666669,8e-06,5.3333333333333345e-06,c
noarr,FromPlan,gemm,3,MINI,1.0,5.3333333333333345e-06,5.3333333333333345e-06,c
noarr,FromPlan,gemm,4,MINI,0.4848484848484849,1.1000000000000001e-05,5.3333333333333345e-06,c
noarr,FromPlan,gemm,5,MINI,0.8888888888888891,6e-06,5.3333333333333345e-06,c
noarr,Naive,gemm,1,MINI,0.29629629629629634,1.8e-05,5.3333333333333345e-06,c
noarr,Naive,gemm,2,MINI,1.0666666666666669,5e-06,5.3333333333333345e-06,c
noarr,Naive,gemm,3,MINI,0.3333333333333334,1.6e-05,5.3333333333333345e-06,c
noarr,Naive,gemm,4,MINI,1.0666666666666669,5e-06,5.3333333333333345e-06,c
noarr,Naive,gemm,5,MINI,1.0666666666666669,5e-06,5.3333333333333345e-06,c
noarr,standard,gemm,1,MINI,0.8888888888888891,6e-06,5.3333333333333345e-06,c
noarr,standard,gemm,2,MINI,0.8888888888888891,6e-06,5.3333333333333345e-06,c
noarr,standard,gemm,3,MINI,0.8888888888888891,6e-06,5.3333333333333345e-06,c
noarr,standard,gemm,4,MINI,0.8888888888888891,6e-06,5.3333333333333345e-06,c
noarr,standard,gemm,5,MINI,0.8888888888888891,6e-06,5.3333333333333345e-06,c
c,AllHints,gemver,1,MINI,0.06116207951070335,0.000109,6.666666666666666e-06,c
c,AllHints,gemver,2,MINI,0.03401360544217687,0.000196,6.666666666666666e-06,c
c,AllHints,gemver,3,MINI,0.11428571428571427,5.833333333333333e-05,6.666666666666666e-06,c
c,AllHints,gemver,4,MINI,0.10362694300518134,6.433333333333333e-05,6.666666666666666e-06,c
c,AllHints,gemver,5,MINI,0.03683241252302025,0.00018100000000000004,6.666666666666666e-06,c
c,ChooseHints,gemver,1,MINI,0.7407407407407406,9e-06,6.666666666666666e-06,c
c,ChooseHints,gemver,2,MINI,0.04032258064516128,0.00016533333333333333,6.666666666666666e-06,c
c,ChooseHints,gemver,3,MINI,0.0689655172413793,9.666666666666667e-05,6.666666666666666e-06,c
c,ChooseHints,gemver,4,MINI,0.7142857142857141,9.333333333333334e-06,6.666666666666666e-06,c
c,ChooseHints,gemver,5,MINI,0.7407407407407406,9e-06,6.666666666666666e-06,c
c,FromPlan,gemver,1,MINI,2.0,3.333333333333333e-06,6.666666666666666e-06,c
c,FromPlan,gemver,2,MINI,2.222222222222222,3e-06,6.666666666666666e-06,c
c,FromPlan,gemver,3,MINI,2.0,3.333333333333333e-06,6.666666666666666e-06,c
c,FromPlan,gemver,4,MINI,1.6666666666666665,4e-06,6.666666666666666e-06,c
c,Naive,gemver,1,MINI,1.4285714285714282,4.666666666666667e-06,6.666666666666666e-06,c
c,Naive,gemver,2,MINI,2.0,3.333333333333333e-06,6.666666666666666e-06,c
c,Naive,gemver,3,MINI,2.0,3.333333333333333e-06,6.666666666666666e-06,c
c,Naive,gemver,4,MINI,2.222222222222222,3e-06,6.666666666666666e-06,c
c,Naive,gemver,5,MINI,2.0,3.333333333333333e-06,6.666666666666666e-06,c
c,standard,gemver,1,MINI,1.0,6.666666666666666e-06,6.666666666666666e-06,c
exo,AllHints,gemver,1,MINI,0.15748031496062992,4.233333333333333e-05,6.666666666666666e-06,c
exo,AllHints,gemver,2,MINI,0.10526315789473684,6.333333333333333e-05,6.666666666666666e-06,c
exo,AllHints,gemver,3,MINI,0.06944444444444443,9.6e-05,6.666666666666666e-06,c
exo,AllHints,gemver,4,MINI,0.11173184357541899,5.966666666666666e-05,6.666666666666666e-06,c
exo,AllHints,gemver,5,MINI,0.05934718100890207,0.00011233333333333333,6.666666666666666e-06,c
exo,ChooseHints,gemver,1,MINI,0.15999999999999998,4.1666666666666665e-05,6.666666666666666e-06,c
exo,ChooseHints,gemver,2,MINI,0.0706713780918728,9.433333333333333e-05,6.666666666666666e-06,c
exo,FromPlan,gemver,1,MINI,0.625,1.0666666666666666e-05,6.666666666666666e-06,c
exo,FromPlan,gemver,2,MINI,0.005947071067499255,0.001121,6.666666666666666e-06,c
exo,Naive,gemver,5,MINI,0.08032128514056223,8.3e-05,6.666666666666666e-06,c
exo,standard,gemver,1,MINI,0.909090909090909,7.333333333333333e-06,6.666666666666666e-06,c
exo,standard,gemver,2,MINI,0.8695652173913042,7.666666666666667e-06,6.666666666666666e-06,c
exo,standard,gemver,3,MINI,0.909090909090909,7.333333333333333e-06,6.666666666666666e-06,c
exo,standard,gemver,4,MINI,0.909090909090909,7.333333333333333e-06,6.666666666666666e-06,c
exo,standard,gemver,5,MINI,0.909090909090909,7.333333333333333e-06,6.666666666666666e-06,c
halide,standard,gemver,1,MINI,0.04629629629629629,0.000144,6.666666666666666e-06,c
halide,standard,gemver,4,MINI,0.2469135802469136,2.6999999999999996e-05,6.666666666666666e-06,c
noarr,AllHints,gemver,1,MINI,2.222222222222222,3e-06,6.666666666666666e-06,c
noarr,AllHints,gemver,2,MINI,0.0025338907893069805,0.002631,6.666666666666666e-06,c
noarr,AllHints,gemver,3,MINI,0.0025429116338207243,0.0026216666666666667,6.666666666666666e-06,c
noarr,AllHints,gemver,4,MINI,1.6666666666666665,4e-06,6.666666666666666e-06,c
noarr,AllHints,gemver,5,MINI,0.0024271844660194173,0.002746666666666667,6.666666666666666e-06,c
noarr,ChooseHints,gemver,1,MINI,2.222222222222222,3e-06,6.666666666666666e-06,c
noarr,ChooseHints,gemver,2,MINI,2.222222222222222,3e-06,6.666666666666666e-06,c
noarr,ChooseHints,gemver,3,MINI,0.0025455008272877687,0.002619,6.666666666666666e-06,c
noarr,ChooseHints,gemver,4,MINI,2.222222222222222,3e-06,6.666666666666666e-06,c
noarr,ChooseHints,gemver,5,MINI,1.6666666666666665,4e-06,6.666666666666666e-06,c
noarr,FromPlan,gemver,1,MINI,0.8333333333333333,8e-06,6.666666666666666e-06,c
noarr,FromPlan,gemver,2,MINI,1.333333333333333,5e-06,6.666666666666666e-06,c
noarr,FromPlan,gemver,3,MINI,2.222222222222222,3e-06,6.666666666666666e-06,c
noarr,FromPlan,gemver,4,MINI,0.9523809523809522,7e-06,6.666666666666666e-06,c
noarr,Naive,gemver,1,MINI,2.222222222222222,3e-06,6.666666666666666e-06,c
noarr,Naive,gemver,2,MINI,2.222222222222222,3e-06,6.666666666666666e-06,c
noarr,Naive,gemver,3,MINI,2.222222222222222,3e-06,6.666666666666666e-06,c
noarr,Naive,gemver,4,MINI,2.222222222222222,3e-06,6.666666666666666e-06,c
noarr,Naive,gemver,5,MINI,2.222222222222222,3e-06,6.666666666666666e-06,c
noarr,standard,gemver,1,MINI,1.6666666666666665,4e-06,6.666666666666666e-06,c
noarr,standard,gemver,2,MINI,1.6666666666666665,4e-06,6.666666666666666e-06,c
noarr,standard,gemver,3,MINI,1.6666666666666665,4e-06,6.666666666666666e-06,c
noarr,standard,gemver,5,MINI,1.6666666666666665,4e-06,6.666666666666666e-06,c
c,AllHints,gesummv,1,MINI,0.7999999999999999,5e-06,4e-06,c
c,AllHints,gesummv,2,MINI,0.7999999999999999,5e-06,4e-06,c
c,AllHints,gesummv,3,MINI,0.1348314606741573,2.9666666666666665e-05,4e-06,c
c,AllHints,gesummv,4,MINI,0.7999999999999999,5e-06,4e-06,c
c,AllHints,gesummv,5,MINI,0.13186813186813187,3.0333333333333333e-05,4e-06,c
c,ChooseHints,gesummv,1,MINI,0.08888888888888888,4.5e-05,4e-06,c
c,ChooseHints,gesummv,2,MINI,0.13186813186813187,3.0333333333333333e-05,4e-06,c
c,ChooseHints,gesummv,3,MINI,0.12244897959183675,3.266666666666666e-05,4e-06,c
c,ChooseHints,gesummv,4,MINI,0.7499999999999998,5.3333333333333345e-06,4e-06,c
c,ChooseHints,gesummv,5,MINI,0.13636363636363635,2.9333333333333333e-05,4e-06,c
c,FromPlan,gesummv,1,MINI,0.13186813186813187,3.0333333333333333e-05,4e-06,c
c,FromPlan,gesummv,2,MINI,0.1276595744680851,3.1333333333333334e-05,4e-06,c
c,FromPlan,gesummv,3,MINI,2.0,2e-06,4e-06,c
c,FromPlan,gesummv,4,MINI,0.096,4.1666666666666665e-05,4e-06,c
c,FromPlan,gesummv,5,MINI,0.1348314606741573,2.9666666666666665e-05,4e-06,c
c,Naive,gesummv,1,MINI,0.13186813186813187,3.0333333333333333e-05,4e-06,c
c,Naive,gesummv,2,MINI,2.4000000000000004,1.6666666666666665e-06,4e-06,c
c,Naive,gesummv,3,MINI,2.0,2e-06,4e-06,c
c,Naive,gesummv,4,MINI,3.0,1.3333333333333332e-06,4e-06,c
c,Naive,gesummv,5,MINI,0.1348314606741573,2.9666666666666665e-05,4e-06,c
c,standard,gesummv,1,MINI,1.0,4e-06,4e-06,c
exo,AllHints,gesummv,2,MINI,0.12631578947368421,3.1666666666666666e-05,4e-06,c
exo,AllHints,gesummv,3,MINI,0.13186813186813187,3.0333333333333333e-05,4e-06,c
exo,AllHints,gesummv,4,MINI,0.07142857142857142,5.6000000000000006e-05,4e-06,c
exo,AllHints,gesummv,5,MINI,0.125,3.2e-05,4e-06,c
exo,ChooseHints,gesummv,1,MINI,0.1348314606741573,2.9666666666666665e-05,4e-06,c
exo,ChooseHints,gesummv,3,MINI,0.13333333333333333,3e-05,4e-06,c
exo,ChooseHints,gesummv,4,MINI,0.13333333333333333,3e-05,4e-06,c
exo,ChooseHints,gesummv,5,MINI,0.1348314606741573,2.9666666666666665e-05,4e-06,c
exo,FromPlan,gesummv,2,MINI,0.0930232558139535,4.2999999999999995e-05,4e-06,c
exo,FromPlan,gesummv,3,MINI,2.0,2e-06,4e-06,c
exo,FromPlan,gesummv,5,MINI,0.13186813186813187,3.0333333333333333e-05,4e-06,c
exo,Naive,gesummv,1,MINI,0.1276595744680851,3.1333333333333334e-05,4e-06,c
exo,Naive,gesummv,2,MINI,0.13636363636363635,2.9333333333333333e-05,4e-06,c
exo,Naive,gesummv,3,MINI,0.07017543859649122,5.6999999999999996e-05,4e-06,c
exo,Naive,gesummv,4,MINI,0.07142857142857142,5.6000000000000006e-05,4e-06,c
exo,Naive,gesummv,5,MINI,1.0909090909090908,3.6666666666666666e-06,4e-06,c
exo,standard,gesummv,1,MINI,1.0,4e-06,4e-06,c
exo,standard,gesummv,2,MINI,1.0,4e-06,4e-06,c
exo,standard,gesummv,3,MINI,1.0909090909090908,3.6666666666666666e-06,4e-06,c
exo,standard,gesummv,4,MINI,1.0,4e-06,4e-06,c
exo,standard,gesummv,5,MINI,1.0,4e-06,4e-06,c
halide,Naive,gesummv,4,MINI,0.0014421343588510995,0.002773666666666667,4e-06,c
halide,Naive,gesummv,5,MINI,0.05333333333333334,7.5e-05,4e-06,c
halide,standard,gesummv,1,MINI,0.22641509433962262,1.7666666666666668e-05,4e-06,c
halide,standard,gesummv,2,MINI,0.23529411764705882,1.7e-05,4e-06,c
halide,standard,gesummv,3,MINI,0.2857142857142857,1.4e-05,4e-06,c
halide,standard,gesummv,4,MINI,0.30000000000000004,1.3333333333333332e-05,4e-06,c
halide,standard,gesummv,5,MINI,0.2926829268292683,1.3666666666666667e-05,4e-06,c
noarr,AllHints,gesummv,1,MINI,4.0,1e-06,4e-06,c
noarr,AllHints,gesummv,2,MINI,0.15789473684210525,2.5333333333333334e-05,4e-06,c
noarr,AllHints,gesummv,3,MINI,4.0,1e-06,4e-06,c
noarr,AllHints,gesummv,4,MINI,4.0,1e-06,4e-06,c
noarr,AllHints,gesummv,5,MINI,0.0013712718546451835,0.002917,4e-06,c
noarr,ChooseHints,gesummv,1,MINI,0.0015151515151515152,0.00264,4e-06,c
noarr,ChooseHints,gesummv,2,MINI,4.0,1e-06,4e-06,c
noarr,ChooseHints,gesummv,3,MINI,0.0015902464882056719,0.0025153333333333334,4e-06,c
noarr,ChooseHints,gesummv,4,MINI,0.001556218389313967,0.0025703333333333333,4e-06,c
noarr,ChooseHints,gesummv,5,MINI,4.0,1e-06,4e-06,c
noarr,FromPlan,gesummv,1,MINI,0.5,8e-06,4e-06,c
noarr,FromPlan,gesummv,3,MINI,0.12000000000000001,3.333333333333333e-05,4e-06,c
noarr,FromPlan,gesummv,4,MINI,4.0,1e-06,4e-06,c
noarr,Naive,gesummv,1,MINI,4.0,1e-06,4e-06,c
noarr,Naive,gesummv,2,MINI,4.0,1e-06,4e-06,c
noarr,Naive,gesummv,3,MINI,4.0,1e-06,4e-06,c
noarr,Naive,gesummv,4,MINI,4.0,1e-06,4e-06,c
noarr,Naive,gesummv,5,MINI,4.0,1e-06,4e-06,c
noarr,standard,gesummv,1,MINI,2.0,2e-06,4e-06,c
noarr,standard,gesummv,2,MINI,2.0,2e-06,4e-06,c
noarr,standard,gesummv,3,MINI,2.0,2e-06,4e-06,c
noarr,standard,gesummv,4,MINI,2.0,2e-06,4e-06,c
noarr,standard,gesummv,5,MINI,1.7142857142857144,2.333333333333333e-06,4e-06,c
c,ChooseHints,gramschmidt,1,MINI,1.7105263157894735,1.2666666666666667e-05,2.1666666666666664e-05,c
c,ChooseHints,gramschmidt,4,MINI,1.6666666666666665,1.3e-05,2.1666666666666664e-05,c
c,Naive,gramschmidt,1,MINI,1.857142857142857,1.1666666666666666e-05,2.1666666666666664e-05,c
c,standard,gramschmidt,1,MINI,1.0,2.1666666666666664e-05,2.1666666666666664e-05,c
c,AllHints,heat-3d,1,MINI,0.03496952197625922,0.001039,3.633333333333333e-05,c
c,AllHints,heat-3d,3,MINI,0.10654936461388075,0.000341,3.633333333333333e-05,c
c,AllHints,heat-3d,4,MINI,0.07769066286528867,0.00046766666666666663,3.633333333333333e-05,c
c,AllHints,heat-3d,5,MINI,0.09445407279029462,0.0003846666666666667,3.633333333333333e-05,c
c,ChooseHints,heat-3d,1,MINI,0.033507531509375965,0.0010843333333333332,3.633333333333333e-05,c
c,ChooseHints,heat-3d,2,MINI,0.03051511758118701,0.0011906666666666667,3.633333333333333e-05,c
c,ChooseHints,heat-3d,3,MINI,0.029523293607800653,0.0012306666666666666,3.633333333333333e-05,c
c,ChooseHints,heat-3d,4,MINI,0.0950305143853531,0.0003823333333333333,3.633333333333333e-05,c
c,ChooseHints,heat-3d,5,MINI,0.0705045278137128,0.0005153333333333334,3.633333333333333e-05,c
c,FromPlan,heat-3d,1,MINI,0.5828877005347594,6.233333333333334e-05,3.633333333333333e-05,c
c,FromPlan,heat-3d,2,MINI,0.6728395061728396,5.399999999999999e-05,3.633333333333333e-05,c
c,FromPlan,heat-3d,3,MINI,1.0186915887850467,3.566666666666667e-05,3.633333333333333e-05,c
c,FromPlan,heat-3d,4,MINI,0.4599156118143459,7.900000000000001e-05,3.633333333333333e-05,c
c,FromPlan,heat-3d,5,MINI,0.6855345911949684,5.300000000000001e-05,3.633333333333333e-05,c
c,Naive,heat-3d,1,MINI,0.28311688311688316,0.00012833333333333333,3.633333333333333e-05,c
c,Naive,heat-3d,2,MINI,0.6646341463414633,5.466666666666667e-05,3.633333333333333e-05,c
c,Naive,heat-3d,3,MINI,0.6687116564417177,5.433333333333334e-05,3.633333333333333e-05,c
c,Naive,heat-3d,5,MINI,0.6687116564417177,5.433333333333334e-05,3.633333333333333e-05,c
c,standard,heat-3d,1,MINI,1.0,3.633333333333333e-05,3.633333333333333e-05,c
exo,AllHints,heat-3d,1,MINI,0.035093367675466836,0.0010353333333333334,3.633333333333333e-05,c
exo,AllHints,heat-3d,3,MINI,0.03567921440261865,0.0010183333333333335,3.633333333333333e-05,c
exo,ChooseHints,heat-3d,3,MINI,0.035644211903204714,0.0010193333333333332,3.633333333333333e-05,c
exo,ChooseHints,heat-3d,4,MINI,0.03654039557492457,0.0009943333333333334,3.633333333333333e-05,c
exo,Naive,heat-3d,2,MINI,0.034009360374414974,0.0010683333333333335,3.633333333333333e-05,c
exo,Naive,heat-3d,3,MINI,0.035389610389610394,0.0010266666666666666,3.633333333333333e-05,c
exo,Naive,heat-3d,4,MINI,0.034835410674336854,0.0010429999999999999,3.633333333333333e-05,c
exo,standard,heat-3d,1,MINI,0.5141509433962264,7.066666666666667e-05,3.633333333333333e-05,c
exo,standard,heat-3d,2,MINI,0.5477386934673366,6.633333333333334e-05,3.633333333333333e-05,c
exo,standard,heat-3d,3,MINI,0.5505050505050506,6.599999999999999e-05,3.633333333333333e-05,c
exo,standard,heat-3d,4,MINI,0.5422885572139303,6.7e-05,3.633333333333333e-05,c
exo,standard,heat-3d,5,MINI,0.5449999999999999,6.666666666666667e-05,3.633333333333333e-05,c
halide,AllHints,heat-3d,1,MINI,0.046088794926004234,0.0007883333333333333,3.633333333333333e-05,c
halide,AllHints,heat-3d,2,MINI,0.04757747708424268,0.0007636666666666667,3.633333333333333e-05,c
halide,AllHints,heat-3d,3,MINI,0.04436304436304436,0.000819,3.633333333333333e-05,c
halide,AllHints,heat-3d,4,MINI,0.002555326331582896,0.014218666666666666,3.633333333333333e-05,c
halide,AllHints,heat-3d,5,MINI,0.009069728740222998,0.004006,3.633333333333333e-05,c
halide,ChooseHints,heat-3d,1,MINI,0.0459915611814346,0.00079,3.633333333333333e-05,c
halide,ChooseHints,heat-3d,2,MINI,0.046462063086104004,0.000782,3.633333333333333e-05,c
halide,ChooseHints,heat-3d,3,MINI,0.1148577449947313,0.00031633333333333334,3.633333333333333e-05,c
halide,ChooseHints,heat-3d,4,MINI,0.05742887249736565,0.0006326666666666667,3.633333333333333e-05,c
halide,ChooseHints,heat-3d,5,MINI,0.0024813330905117466,0.014642666666666665,3.633333333333333e-05,c
halide,FromPlan,heat-3d,1,MINI,0.008768401576703402,0.004143666666666667,3.633333333333333e-05,c
halide,FromPlan,heat-3d,2,MINI,0.11307053941908712,0.00032133333333333336,3.633333333333333e-05,c
halide,FromPlan,heat-3d,5,MINI,0.00901496981225705,0.004030333333333334,3.633333333333333e-05,c
halide,Naive,heat-3d,1,MINI,0.04782799473453269,0.0007596666666666666,3.633333333333333e-05,c
halide,Naive,heat-3d,2,MINI,0.05043961129106895,0.0007203333333333334,3.633333333333333e-05,c
halide,Naive,heat-3d,3,MINI,0.007791836442919436,0.0046630000000000005,3.633333333333333e-05,c
halide,Naive,heat-3d,5,MINI,0.04624522698345354,0.0007856666666666667,3.633333333333333e-05,c
halide,standard,heat-3d,1,MINI,0.2684729064039409,0.00013533333333333333,3.633333333333333e-05,c
halide,standard,heat-3d,2,MINI,0.26265060240963856,0.00013833333333333333,3.633333333333333e-05,c
halide,standard,heat-3d,3,MINI,0.1231638418079096,0.000295,3.633333333333333e-05,c
halide,standard,heat-3d,4,MINI,0.46382978723404256,7.833333333333333e-05,3.633333333333333e-05,c
noarr,AllHints,heat-3d,2,MINI,0.010312204351939452,0.003523333333333333,3.633333333333333e-05,c
noarr,AllHints,heat-3d,3,MINI,0.00991269552564569,0.0036653333333333334,3.633333333333333e-05,c
noarr,AllHints,heat-3d,4,MINI,0.010404734631538754,0.0034920000000000003,3.633333333333333e-05,c
noarr,AllHints,heat-3d,5,MINI,0.03437401450646484,0.001057,3.633333333333333e-05,c
noarr,ChooseHints,heat-3d,1,MINI,0.9316239316239316,3.9e-05,3.633333333333333e-05,c
noarr,ChooseHints,heat-3d,2,MINI,0.9396551724137931,3.866666666666667e-05,3.633333333333333e-05,c
noarr,ChooseHints,heat-3d,3,MINI,0.9732142857142858,3.733333333333333e-05,3.633333333333333e-05,c
noarr,ChooseHints,heat-3d,4,MINI,1.0380952380952382,3.5e-05,3.633333333333333e-05,c
noarr,ChooseHints,heat-3d,5,MINI,0.9478260869565217,3.8333333333333334e-05,3.633333333333333e-05,c
noarr,FromPlan,heat-3d,1,MINI,0.9083333333333332,4e-05,3.633333333333333e-05,c
noarr,FromPlan,heat-3d,2,MINI,0.8582677165354331,4.233333333333333e-05,3.633333333333333e-05,c
noarr,FromPlan,heat-3d,3,MINI,0.8861788617886178,4.1e-05,3.633333333333333e-05,c
noarr,FromPlan,heat-3d,4,MINI,0.9646017699115044,3.766666666666667e-05,3.633333333333333e-05,c
noarr,FromPlan,heat-3d,5,MINI,0.9083333333333332,4e-05,3.633333333333333e-05,c
noarr,Naive,heat-3d,1,MINI,0.03362122146822949,0.0010806666666666666,3.633333333333333e-05,c
noarr,Naive,heat-3d,2,MINI,0.9316239316239316,3.9e-05,3.633333333333333e-05,c
noarr,Naive,heat-3d,3,MINI,0.956140350877193,3.8e-05,3.633333333333333e-05,c
noarr,Naive,heat-3d,4,MINI,0.8449612403100776,4.2999999999999995e-05,3.633333333333333e-05,c
noarr,standard,heat-3d,1,MINI,0.9396551724137931,3.866666666666667e-05,3.633333333333333e-05,c
noarr,standard,heat-3d,2,MINI,0.7414965986394558,4.9e-05,3.633333333333333e-05,c
noarr,standard,heat-3d,3,MINI,0.9083333333333334,3.9999999999999996e-05,3.633333333333333e-05,c
noarr,standard,heat-3d,4,MINI,0.9478260869565217,3.8333333333333334e-05,3.633333333333333e-05,c
noarr,standard,heat-3d,5,MINI,0.7569444444444444,4.8e-05,3.633333333333333e-05,c
c,AllHints,jacobi-1d,1,MINI,0.0028735632183908046,0.000348,1e-06,c
c,AllHints,jacobi-1d,2,MINI,0.002816901408450704,0.000355,1e-06,c
c,AllHints,jacobi-1d,4,MINI,0.02307692307692307,4.333333333333334e-05,1e-06,c
c,AllHints,jacobi-1d,5,MINI,0.0028195488721804505,0.0003546666666666667,1e-06,c
c,ChooseHints,jacobi-1d,2,MINI,0.002824858757062147,0.000354,1e-06,c
c,ChooseHints,jacobi-1d,3,MINI,0.00273972602739726,0.00036500000000000004,1e-06,c
c,ChooseHints,jacobi-1d,4,MINI,0.002952755905511811,0.00033866666666666664,1e-06,c
c,ChooseHints,jacobi-1d,5,MINI,0.00297029702970297,0.0003366666666666667,1e-06,c
c,FromPlan,jacobi-1d,2,MINI,0.0028598665395614866,0.0003496666666666667,1e-06,c
c,FromPlan,jacobi-1d,3,MINI,0.0027624309392265197,0.00036199999999999996,1e-06,c
c,FromPlan,jacobi-1d,4,MINI,0.002727272727272727,0.00036666666666666667,1e-06,c
c,FromPlan,jacobi-1d,5,MINI,0.002719854941069809,0.0003676666666666667,1e-06,c
c,Naive,jacobi-1d,2,MINI,0.6000000000000001,1.6666666666666665e-06,1e-06,c
c,Naive,jacobi-1d,3,MINI,1.0,1e-06,1e-06,c
c,Naive,jacobi-1d,4,MINI,1.0,1e-06,1e-06,c
c,Naive,jacobi-1d,5,MINI,1.0,1e-06,1e-06,c
c,standard,jacobi-1d,1,MINI,1.0,1e-06,1e-06,c
exo,AllHints,jacobi-1d,1,MINI,0.0009927200529450694,0.0010073333333333334,1e-06,c
exo,AllHints,jacobi-1d,2,MINI,0.0009887936717205008,0.0010113333333333335,1e-06,c
exo,AllHints,jacobi-1d,3,MINI,0.0009643201542912247,0.001037,1e-06,c
exo,AllHints,jacobi-1d,4,MINI,0.0009674298613350533,0.0010336666666666665,1e-06,c
exo,AllHints,jacobi-1d,5,MINI,0.0009784735812133072,0.0010220000000000001,1e-06,c
exo,ChooseHints,jacobi-1d,1,MINI,0.0009917355371900827,0.0010083333333333333,1e-06,c
exo,ChooseHints,jacobi-1d,3,MINI,0.0009721322099805574,0.0010286666666666667,1e-06,c
exo,ChooseHints,jacobi-1d,4,MINI,0.0009737098344693282,0.001027,1e-06,c
exo,ChooseHints,jacobi-1d,5,MINI,0.0009699321047526672,0.001031,1e-06,c
exo,FromPlan,jacobi-1d,1,MINI,0.0009563277016257569,0.0010456666666666667,1e-06,c
exo,FromPlan,jacobi-1d,4,MINI,0.0010036801605888257,0.0009963333333333332,1e-06,c
exo,Naive,jacobi-1d,1,MINI,0.0009749756256093597,0.0010256666666666667,1e-06,c
exo,Naive,jacobi-1d,2,MINI,0.000974342318934719,0.0010263333333333333,1e-06,c
exo,Naive,jacobi-1d,5,MINI,0.0009658725048293624,0.0010353333333333334,1e-06,c
exo,standard,jacobi-1d,1,MINI,0.75,1.3333333333333332e-06,1e-06,c
exo,standard,jacobi-1d,2,MINI,1.5,6.666666666666666e-07,1e-06,c
exo,standard,jacobi-1d,3,MINI,1.0,1e-06,1e-06,c
exo,standard,jacobi-1d,4,MINI,1.0,1e-06,1e-06,c
exo,standard,jacobi-1d,5,MINI,1.0,1e-06,1e-06,c
halide,ChooseHints,jacobi-1d,3,MINI,0.01020408163265306,9.8e-05,1e-06,c
halide,FromPlan,jacobi-1d,4,MINI,0.002785515320334262,0.000359,1e-06,c
halide,standard,jacobi-1d,2,MINI,0.02459016393442623,4.066666666666667e-05,1e-06,c
halide,standard,jacobi-1d,5,MINI,0.03125,3.2e-05,1e-06,c
noarr,AllHints,jacobi-1d,1,MINI,0.00028683430538292384,0.003486333333333333,1e-06,c
noarr,AllHints,jacobi-1d,2,MINI,1.0,1e-06,1e-06,c
noarr,AllHints,jacobi-1d,3,MINI,1.0,1e-06,1e-06,c
noarr,AllHints,jacobi-1d,4,MINI,0.001072194424588992,0.0009326666666666667,1e-06,c
noarr,AllHints,jacobi-1d,5,MINI,1.0,1e-06,1e-06,c
noarr,ChooseHints,jacobi-1d,1,MINI,0.00029126213592233006,0.0034333333333333334,1e-06,c
noarr,ChooseHints,jacobi-1d,2,MINI,1.0,1e-06,1e-06,c
noarr,ChooseHints,jacobi-1d,3,MINI,0.0002903319461918126,0.0034443333333333335,1e-06,c
noarr,ChooseHints,jacobi-1d,4,MINI,0.0002907822041291073,0.0034389999999999998,1e-06,c
noarr,ChooseHints,jacobi-1d,5,MINI,0.000360837142169834,0.0027713333333333335,1e-06,c
noarr,FromPlan,jacobi-1d,1,MINI,0.07142857142857142,1.4e-05,1e-06,c
noarr,FromPlan,jacobi-1d,2,MINI,1.0,1e-06,1e-06,c
noarr,FromPlan,jacobi-1d,3,MINI,0.039999999999999994,2.5e-05,1e-06,c
noarr,FromPlan,jacobi-1d,4,MINI,0.14285714285714285,7e-06,1e-06,c
noarr,FromPlan,jacobi-1d,5,MINI,0.0189873417721519,5.266666666666666e-05,1e-06,c
noarr,Naive,jacobi-1d,1,MINI,0.0010845986984815616,0.0009220000000000001,1e-06,c
noarr,Naive,jacobi-1d,3,MINI,0.0002756592851235872,0.0036276666666666666,1e-06,c
noarr,Naive,jacobi-1d,4,MINI,1.0,1e-06,1e-06,c
noarr,Naive,jacobi-1d,5,MINI,1.0,1e-06,1e-06,c
noarr,standard,jacobi-1d,1,MINI,1.0,1e-06,1e-06,c
noarr,standard,jacobi-1d,2,MINI,1.0,1e-06,1e-06,c
noarr,standard,jacobi-1d,3,MINI,1.0,1e-06,1e-06,c
noarr,standard,jacobi-1d,4,MINI,1.0,1e-06,1e-06,c
noarr,standard,jacobi-1d,5,MINI,1.0,1e-06,1e-06,c
c,AllHints,jacobi-2d,1,MINI,0.07009345794392521,0.0004993333333333334,3.5e-05,c
c,AllHints,jacobi-2d,2,MINI,0.09562841530054644,0.000366,3.5e-05,c
c,AllHints,jacobi-2d,3,MINI,0.09098786828422877,0.0003846666666666667,3.5e-05,c
c,AllHints,jacobi-2d,4,MINI,0.09597806215722121,0.0003646666666666666,3.5e-05,c
c,AllHints,jacobi-2d,5,MINI,0.3181818181818181,0.00011,3.5e-05,c
c,ChooseHints,jacobi-2d,1,MINI,0.0822884012539185,0.00042533333333333334,3.5e-05,c
c,ChooseHints,jacobi-2d,2,MINI,0.08508914100486221,0.0004113333333333334,3.5e-05,c
c,ChooseHints,jacobi-2d,3,MINI,0.0875,0.00039999999999999996,3.5e-05,c
c,ChooseHints,jacobi-2d,4,MINI,0.08488278092158447,0.00041233333333333335,3.5e-05,c
c,ChooseHints,jacobi-2d,5,MINI,0.08838383838383837,0.00039600000000000003,3.5e-05,c
c,FromPlan,jacobi-2d,1,MINI,1.0,3.5e-05,3.5e-05,c
c,FromPlan,jacobi-2d,2,MINI,1.0294117647058822,3.4e-05,3.5e-05,c
c,FromPlan,jacobi-2d,3,MINI,0.3,0.00011666666666666667,3.5e-05,c
c,FromPlan,jacobi-2d,4,MINI,1.0096153846153846,3.4666666666666665e-05,3.5e-05,c
c,FromPlan,jacobi-2d,5,MINI,0.03283302063789869,0.0010659999999999999,3.5e-05,c
c,Naive,jacobi-2d,1,MINI,1.0096153846153846,3.4666666666666665e-05,3.5e-05,c
c,Naive,jacobi-2d,2,MINI,1.0096153846153846,3.4666666666666665e-05,3.5e-05,c
c,Naive,jacobi-2d,3,MINI,1.0194174757281553,3.433333333333333e-05,3.5e-05,c
c,Naive,jacobi-2d,4,MINI,0.08735440931780367,0.00040066666666666663,3.5e-05,c
c,standard,jacobi-2d,1,MINI,1.0,3.5e-05,3.5e-05,c
exo,AllHints,jacobi-2d,2,MINI,0.0308641975308642,0.0011339999999999998,3.5e-05,c
exo,AllHints,jacobi-2d,3,MINI,0.03341820496499045,0.0010473333333333333,3.5e-05,c
exo,ChooseHints,jacobi-2d,1,MINI,0.03099173553719008,0.0011293333333333333,3.5e-05,c
exo,ChooseHints,jacobi-2d,2,MINI,0.03053213143355626,0.0011463333333333334,3.5e-05,c
exo,ChooseHints,jacobi-2d,4,MINI,0.03387096774193548,0.0010333333333333334,3.5e-05,c
exo,Naive,jacobi-2d,3,MINI,0.03165511003919204,0.0011056666666666667,3.5e-05,c
exo,standard,jacobi-2d,1,MINI,0.8267716535433071,4.233333333333333e-05,3.5e-05,c
exo,standard,jacobi-2d,2,MINI,0.84,4.1666666666666665e-05,3.5e-05,c
exo,standard,jacobi-2d,3,MINI,0.8333333333333333,4.2e-05,3.5e-05,c
exo,standard,jacobi-2d,4,MINI,0.7608695652173912,4.6e-05,3.5e-05,c
exo,standard,jacobi-2d,5,MINI,0.9292035398230087,3.766666666666667e-05,3.5e-05,c
halide,standard,jacobi-2d,3,MINI,0.24193548387096772,0.00014466666666666667,3.5e-05,c
halide,standard,jacobi-2d,4,MINI,0.41832669322709154,8.366666666666668e-05,3.5e-05,c
halide,standard,jacobi-2d,5,MINI,0.23385300668151449,0.00014966666666666665,3.5e-05,c
noarr,AllHints,jacobi-2d,1,MINI,0.009651622391763948,0.0036263333333333334,3.5e-05,c
noarr,AllHints,jacobi-2d,2,MINI,0.03187613843351548,0.001098,3.5e-05,c
noarr,AllHints,jacobi-2d,3,MINI,0.03272047366780928,0.0010696666666666667,3.5e-05,c
noarr,AllHints,jacobi-2d,4,MINI,0.00930686048572948,0.003760666666666667,3.5e-05,c
noarr,AllHints,jacobi-2d,5,MINI,0.009558488848429676,0.003661666666666667,3.5e-05,c
noarr,ChooseHints,jacobi-2d,1,MINI,1.0499999999999998,3.3333333333333335e-05,3.5e-05,c
noarr,ChooseHints,jacobi-2d,2,MINI,0.009791122715404698,0.003574666666666667,3.5e-05,c
noarr,ChooseHints,jacobi-2d,3,MINI,1.0,3.5e-05,3.5e-05,c
noarr,ChooseHints,jacobi-2d,4,MINI,0.03331218274111675,0.0010506666666666668,3.5e-05,c
noarr,ChooseHints,jacobi-2d,5,MINI,0.033751205400192864,0.001037,3.5e-05,c
noarr,FromPlan,jacobi-2d,1,MINI,0.846774193548387,4.133333333333333e-05,3.5e-05,c
noarr,FromPlan,jacobi-2d,2,MINI,0.84,4.1666666666666665e-05,3.5e-05,c
noarr,FromPlan,jacobi-2d,3,MINI,0.9633027522935779,3.633333333333333e-05,3.5e-05,c
noarr,FromPlan,jacobi-2d,4,MINI,0.7608695652173912,4.6e-05,3.5e-05,c
noarr,FromPlan,jacobi-2d,5,MINI,0.9633027522935779,3.633333333333333e-05,3.5e-05,c
noarr,Naive,jacobi-2d,1,MINI,0.03386004514672686,0.0010336666666666667,3.5e-05,c
noarr,Naive,jacobi-2d,2,MINI,0.9210526315789472,3.8e-05,3.5e-05,c
noarr,Naive,jacobi-2d,3,MINI,0.03377291733676423,0.0010363333333333333,3.5e-05,c
noarr,Naive,jacobi-2d,5,MINI,0.9905660377358488,3.5333333333333336e-05,3.5e-05,c
noarr,standard,jacobi-2d,1,MINI,0.9905660377358488,3.5333333333333336e-05,3.5e-05,c
noarr,standard,jacobi-2d,2,MINI,1.1052631578947367,3.1666666666666666e-05,3.5e-05,c
noarr,standard,jacobi-2d,3,MINI,1.1666666666666665,3e-05,3.5e-05,c
noarr,standard,jacobi-2d,4,MINI,1.0194174757281553,3.433333333333333e-05,3.5e-05,c
noarr,standard,jacobi-2d,5,MINI,0.9999999999999998,3.5000000000000004e-05,3.5e-05,c
c,AllHints,lu,1,MINI,1.277777777777778,2.4e-05,3.066666666666667e-05,c
c,AllHints,lu,2,MINI,1.3142857142857143,2.3333333333333336e-05,3.066666666666667e-05,c
c,AllHints,lu,3,MINI,0.02819491265706405,0.0010876666666666667,3.066666666666667e-05,c
c,AllHints,lu,4,MINI,1.108433734939759,2.7666666666666667e-05,3.066666666666667e-05,c
c,AllHints,lu,5,MINI,0.9387755102040818,3.266666666666666e-05,3.066666666666667e-05,c
c,ChooseHints,lu,1,MINI,1.1500000000000001,2.6666666666666663e-05,3.066666666666667e-05,c
c,ChooseHints,lu,2,MINI,1.15,2.666666666666667e-05,3.066666666666667e-05,c
c,ChooseHints,lu,3,MINI,1.2432432432432434,2.4666666666666665e-05,3.066666666666667e-05,c
c,ChooseHints,lu,4,MINI,1.0109890109890112,3.0333333333333333e-05,3.066666666666667e-05,c
c,ChooseHints,lu,5,MINI,0.1642857142857143,0.00018666666666666666,3.066666666666667e-05,c
c,FromPlan,lu,1,MINI,1.4838709677419357,2.0666666666666666e-05,3.066666666666667e-05,c
c,FromPlan,lu,2,MINI,0.33576642335766427,9.133333333333334e-05,3.066666666666667e-05,c
c,FromPlan,lu,3,MINI,1.0222222222222224,3e-05,3.066666666666667e-05,c
c,FromPlan,lu,4,MINI,1.0222222222222224,2.9999999999999997e-05,3.066666666666667e-05,c
c,FromPlan,lu,5,MINI,2.9677419354838714,1.0333333333333333e-05,3.066666666666667e-05,c
c,Naive,lu,1,MINI,1.1358024691358024,2.7000000000000002e-05,3.066666666666667e-05,c
c,Naive,lu,2,MINI,1.295774647887324,2.3666666666666668e-05,3.066666666666667e-05,c
c,Naive,lu,3,MINI,0.9787234042553192,3.1333333333333334e-05,3.066666666666667e-05,c
c,Naive,lu,4,MINI,1.2602739726027399,2.4333333333333333e-05,3.066666666666667e-05,c
c,Naive,lu,5,MINI,1.4153846153846157,2.1666666666666664e-05,3.066666666666667e-05,c
c,standard,lu,1,MINI,1.0,3.066666666666667e-05,3.066666666666667e-05,c
exo,AllHints,lu,1,MINI,0.031028667790893767,0.0009883333333333333,3.066666666666667e-05,c
exo,AllHints,lu,2,MINI,0.029031240138845064,0.0010563333333333334,3.066666666666667e-05,c
exo,AllHints,lu,3,MINI,0.03010471204188482,0.0010186666666666666,3.066666666666667e-05,c
exo,AllHints,lu,4,MINI,0.0017580065734158832,0.017444,3.066666666666667e-05,c
exo,AllHints,lu,5,MINI,0.5609756097560976,5.466666666666667e-05,3.066666666666667e-05,c
exo,ChooseHints,lu,1,MINI,0.8598130841121495,3.566666666666667e-05,3.066666666666667e-05,c
exo,ChooseHints,lu,2,MINI,0.03066666666666667,0.001,3.066666666666667e-05,c
exo,ChooseHints,lu,3,MINI,1.0697674418604652,2.8666666666666668e-05,3.066666666666667e-05,c
exo,FromPlan,lu,3,MINI,0.7360000000000001,4.1666666666666665e-05,3.066666666666667e-05,c
exo,Naive,lu,1,MINI,0.9019607843137256,3.4e-05,3.066666666666667e-05,c
exo,Naive,lu,2,MINI,0.8761904761904763,3.5e-05,3.066666666666667e-05,c
exo,Naive,lu,3,MINI,1.0574712643678161,2.9e-05,3.066666666666667e-05,c
exo,Naive,lu,4,MINI,0.029374201787994894,0.001044,3.066666666666667e-05,c
exo,Naive,lu,5,MINI,0.8679245283018868,3.5333333333333336e-05,3.066666666666667e-05,c
exo,standard,lu,1,MINI,0.9583333333333335,3.2e-05,3.066666666666667e-05,c
exo,standard,lu,2,MINI,0.9387755102040818,3.266666666666666e-05,3.066666666666667e-05,c
exo,standard,lu,3,MINI,0.9292929292929293,3.3e-05,3.066666666666667e-05,c
exo,standard,lu,4,MINI,0.9387755102040818,3.266666666666666e-05,3.066666666666667e-05,c
exo,standard,lu,5,MINI,0.9387755102040818,3.266666666666666e-05,3.066666666666667e-05,c
halide,ChooseHints,lu,2,MINI,0.03733766233766234,0.0008213333333333333,3.066666666666667e-05,c
halide,ChooseHints,lu,4,MINI,0.03399852180339985,0.000902,3.066666666666667e-05,c
halide,ChooseHints,lu,5,MINI,0.021631789325182227,0.0014176666666666667,3.066666666666667e-05,c
halide,FromPlan,lu,5,MINI,0.021621621621621623,0.0014183333333333333,3.066666666666667e-05,c
halide,standard,lu,1,MINI,0.020781567653038173,0.0014756666666666668,3.066666666666667e-05,c
halide,standard,lu,5,MINI,0.022292221952992488,0.0013756666666666667,3.066666666666667e-05,c
noarr,AllHints,lu,1,MINI,1.3333333333333335,2.3e-05,3.066666666666667e-05,c
noarr,AllHints,lu,2,MINI,1.1358024691358026,2.6999999999999996e-05,3.066666666666667e-05,c
noarr,AllHints,lu,3,MINI,1.8039215686274512,1.7e-05,3.066666666666667e-05,c
noarr,AllHints,lu,4,MINI,1.3529411764705883,2.2666666666666668e-05,3.066666666666667e-05,c
noarr,AllHints,lu,5,MINI,1.7692307692307692,1.7333333333333336e-05,3.066666666666667e-05,c
noarr,ChooseHints,lu,1,MINI,1.373134328358209,2.2333333333333335e-05,3.066666666666667e-05,c
noarr,ChooseHints,lu,2,MINI,1.295774647887324,2.3666666666666668e-05,3.066666666666667e-05,c
noarr,ChooseHints,lu,3,MINI,0.9292929292929295,3.2999999999999996e-05,3.066666666666667e-05,c
noarr,ChooseHints,lu,5,MINI,1.2602739726027399,2.4333333333333333e-05,3.066666666666667e-05,c
noarr,FromPlan,lu,1,MINI,1.3333333333333335,2.3e-05,3.066666666666667e-05,c
noarr,FromPlan,lu,2,MINI,1.6140350877192984,1.9e-05,3.066666666666667e-05,c
noarr,FromPlan,lu,3,MINI,1.8039215686274512,1.7e-05,3.066666666666667e-05,c
noarr,FromPlan,lu,4,MINI,1.4838709677419357,2.0666666666666666e-05,3.066666666666667e-05,c
noarr,FromPlan,lu,5,MINI,1.295774647887324,2.3666666666666668e-05,3.066666666666667e-05,c
noarr,Naive,lu,1,MINI,0.9387755102040818,3.266666666666666e-05,3.066666666666667e-05,c
noarr,Naive,lu,2,MINI,1.2105263157894737,2.5333333333333334e-05,3.066666666666667e-05,c
noarr,Naive,lu,3,MINI,1.4603174603174605,2.1e-05,3.066666666666667e-05,c
noarr,Naive,lu,4,MINI,0.8070175438596492,3.8e-05,3.066666666666667e-05,c
noarr,standard,lu,2,MINI,1.1358024691358026,2.6999999999999996e-05,3.066666666666667e-05,c
noarr,standard,lu,5,MINI,1.2105263157894737,2.5333333333333334e-05,3.066666666666667e-05,c
c,AllHints,ludcmp,1,MINI,0.9052631578947369,3.1666666666666666e-05,2.8666666666666668e-05,c
c,AllHints,ludcmp,2,MINI,1.0,2.8666666666666668e-05,2.8666666666666668e-05,c
c,AllHints,ludcmp,3,MINI,1.023809523809524,2.8e-05,2.8666666666666668e-05,c
c,AllHints,ludcmp,5,MINI,1.036144578313253,2.7666666666666667e-05,2.8666666666666668e-05,c
c,ChooseHints,ludcmp,1,MINI,0.02721518987341772,0.0010533333333333334,2.8666666666666668e-05,c
c,ChooseHints,ludcmp,2,MINI,0.273015873015873,0.000105,2.8666666666666668e-05,c
c,ChooseHints,ludcmp,3,MINI,0.8686868686868688,3.2999999999999996e-05,2.8666666666666668e-05,c
c,ChooseHints,ludcmp,4,MINI,0.296551724137931,9.666666666666667e-05,2.8666666666666668e-05,c
c,ChooseHints,ludcmp,5,MINI,0.03537638831756479,0.0008103333333333334,2.8666666666666668e-05,c
c,FromPlan,ludcmp,1,MINI,1.1466666666666667,2.4999999999999998e-05,2.8666666666666668e-05,c
c,FromPlan,ludcmp,3,MINI,1.036144578313253,2.7666666666666667e-05,2.8666666666666668e-05,c
c,FromPlan,ludcmp,4,MINI,1.131578947368421,2.5333333333333334e-05,2.8666666666666668e-05,c
c,FromPlan,ludcmp,5,MINI,1.2835820895522387,2.2333333333333335e-05,2.8666666666666668e-05,c
c,Naive,ludcmp,2,MINI,1.2112676056338028,2.3666666666666668e-05,2.8666666666666668e-05,c
c,Naive,ludcmp,3,MINI,0.88659793814433,3.233333333333333e-05,2.8666666666666668e-05,c
c,Naive,ludcmp,4,MINI,1.0,2.8666666666666668e-05,2.8666666666666668e-05,c
c,standard,ludcmp,1,MINI,1.0,2.8666666666666668e-05,2.8666666666666668e-05,c
exo,AllHints,ludcmp,2,MINI,0.8514851485148515,3.366666666666667e-05,2.8666666666666668e-05,c
exo,AllHints,ludcmp,5,MINI,0.024920312952767316,0.0011503333333333333,2.8666666666666668e-05,c
exo,ChooseHints,ludcmp,1,MINI,0.7350427350427351,3.9e-05,2.8666666666666668e-05,c
exo,ChooseHints,ludcmp,3,MINI,0.026716371543957753,0.001073,2.8666666666666668e-05,c
exo,ChooseHints,ludcmp,4,MINI,0.7818181818181819,3.6666666666666666e-05,2.8666666666666668e-05,c
exo,FromPlan,ludcmp,3,MINI,0.0012610895226922796,0.022731666666666667,2.8666666666666668e-05,c
exo,Naive,ludcmp,1,MINI,0.8514851485148515,3.366666666666667e-05,2.8666666666666668e-05,c
exo,Naive,ludcmp,2,MINI,0.9148936170212766,3.1333333333333334e-05,2.8666666666666668e-05,c
exo,Naive,ludcmp,3,MINI,0.6564885496183207,4.366666666666666e-05,2.8666666666666668e-05,c
exo,Naive,ludcmp,5,MINI,0.8514851485148515,3.366666666666667e-05,2.8666666666666668e-05,c
exo,standard,ludcmp,1,MINI,0.9052631578947369,3.1666666666666666e-05,2.8666666666666668e-05,c
exo,standard,ludcmp,2,MINI,0.9052631578947369,3.1666666666666666e-05,2.8666666666666668e-05,c
exo,standard,ludcmp,3,MINI,0.9247311827956989,3.1e-05,2.8666666666666668e-05,c
exo,standard,ludcmp,4,MINI,0.8775510204081634,3.266666666666666e-05,2.8666666666666668e-05,c
exo,standard,ludcmp,5,MINI,0.9247311827956989,3.1e-05,2.8666666666666668e-05,c
halide,AllHints,ludcmp,2,MINI,0.019094138543516874,0.0015013333333333335,2.8666666666666668e-05,c
halide,AllHints,ludcmp,4,MINI,0.0314787701317716,0.0009106666666666667,2.8666666666666668e-05,c
halide,ChooseHints,ludcmp,1,MINI,0.018855514141635606,0.0015203333333333334,2.8666666666666668e-05,c
halide,Naive,ludcmp,3,MINI,0.03189910979228487,0.0008986666666666666,2.8666666666666668e-05,c
halide,standard,ludcmp,3,MINI,0.019408711351839313,0.001477,2.8666666666666668e-05,c
noarr,AllHints,ludcmp,1,MINI,1.0617283950617287,2.6999999999999996e-05,2.8666666666666668e-05,c
noarr,AllHints,ludcmp,2,MINI,0.9885057471264368,2.9e-05,2.8666666666666668e-05,c
noarr,AllHints,ludcmp,3,MINI,0.8686868686868686,3.3e-05,2.8666666666666668e-05,c
noarr,AllHints,ludcmp,4,MINI,1.1466666666666667,2.5e-05,2.8666666666666668e-05,c
noarr,AllHints,ludcmp,5,MINI,1.088607594936709,2.633333333333333e-05,2.8666666666666668e-05,c
noarr,ChooseHints,ludcmp,1,MINI,0.8686868686868686,3.3e-05,2.8666666666666668e-05,c
noarr,ChooseHints,ludcmp,2,MINI,1.088607594936709,2.633333333333333e-05,2.8666666666666668e-05,c
noarr,ChooseHints,ludcmp,3,MINI,0.88659793814433,3.233333333333333e-05,2.8666666666666668e-05,c
noarr,ChooseHints,ludcmp,4,MINI,1.1025641025641026,2.6e-05,2.8666666666666668e-05,c
noarr,ChooseHints,ludcmp,5,MINI,0.6564885496183207,4.366666666666666e-05,2.8666666666666668e-05,c
noarr,FromPlan,ludcmp,1,MINI,1.0617283950617287,2.6999999999999996e-05,2.8666666666666668e-05,c
noarr,FromPlan,ludcmp,2,MINI,1.0617283950617287,2.6999999999999996e-05,2.8666666666666668e-05,c
noarr,FromPlan,ludcmp,3,MINI,1.1466666666666667,2.5e-05,2.8666666666666668e-05,c
noarr,FromPlan,ludcmp,5,MINI,1.1466666666666667,2.5e-05,2.8666666666666668e-05,c
noarr,Naive,ludcmp,1,MINI,1.1466666666666667,2.5e-05,2.8666666666666668e-05,c
noarr,Naive,ludcmp,2,MINI,1.0617283950617287,2.6999999999999996e-05,2.8666666666666668e-05,c
noarr,Naive,ludcmp,3,MINI,1.1025641025641026,2.6e-05,2.8666666666666668e-05,c
noarr,Naive,ludcmp,4,MINI,1.1025641025641026,2.6e-05,2.8666666666666668e-05,c
noarr,Naive,ludcmp,5,MINI,0.88659793814433,3.233333333333333e-05,2.8666666666666668e-05,c
noarr,standard,ludcmp,1,MINI,1.023809523809524,2.8e-05,2.8666666666666668e-05,c
c,AllHints,mvt,1,MINI,2.5000000000000004,2e-06,5e-06,c
c,AllHints,mvt,2,MINI,0.11904761904761907,4.2e-05,5e-06,c
c,AllHints,mvt,4,MINI,0.08928571428571429,5.6e-05,5e-06,c
c,AllHints,mvt,5,MINI,0.8333333333333334,6e-06,5e-06,c
c,ChooseHints,mvt,1,MINI,0.45454545454545453,1.1000000000000001e-05,5e-06,c
c,ChooseHints,mvt,2,MINI,0.04792332268370607,0.00010433333333333334,5e-06,c
c,ChooseHints,mvt,3,MINI,1.3636363636363638,3.6666666666666666e-06,5e-06,c
c,ChooseHints,mvt,5,MINI,0.6521739130434783,7.666666666666667e-06,5e-06,c
c,FromPlan,mvt,1,MINI,2.1428571428571432,2.333333333333333e-06,5e-06,c
c,FromPlan,mvt,2,MINI,1.3636363636363638,3.6666666666666666e-06,5e-06,c
c,FromPlan,mvt,3,MINI,2.5000000000000004,2e-06,5e-06,c
c,FromPlan,mvt,4,MINI,2.5000000000000004,2e-06,5e-06,c
c,FromPlan,mvt,5,MINI,2.5000000000000004,2e-06,5e-06,c
c,Naive,mvt,1,MINI,2.5000000000000004,2e-06,5e-06,c
c,Naive,mvt,2,MINI,2.1428571428571432,2.333333333333333e-06,5e-06,c
c,Naive,mvt,3,MINI,1.8750000000000004,2.6666666666666664e-06,5e-06,c
c,Naive,mvt,4,MINI,0.7894736842105263,6.333333333333333e-06,5e-06,c
c,Naive,mvt,5,MINI,2.1428571428571432,2.333333333333333e-06,5e-06,c
c,standard,mvt,1,MINI,1.0,5e-06,5e-06,c
exo,AllHints,mvt,1,MINI,0.09146341463414634,5.466666666666667e-05,5e-06,c
exo,AllHints,mvt,2,MINI,0.08108108108108109,6.166666666666667e-05,5e-06,c
exo,AllHints,mvt,3,MINI,0.08241758241758243,6.0666666666666666e-05,5e-06,c
exo,AllHints,mvt,4,MINI,0.09036144578313253,5.5333333333333334e-05,5e-06,c
exo,AllHints,mvt,5,MINI,0.15306122448979595,3.266666666666666e-05,5e-06,c
exo,ChooseHints,mvt,1,MINI,0.14150943396226415,3.5333333333333336e-05,5e-06,c
exo,ChooseHints,mvt,2,MINI,0.08108108108108109,6.166666666666667e-05,5e-06,c
exo,ChooseHints,mvt,3,MINI,0.08333333333333334,6e-05,5e-06,c
exo,ChooseHints,mvt,4,MINI,1.1538461538461537,4.333333333333334e-06,5e-06,c
exo,ChooseHints,mvt,5,MINI,0.08771929824561404,5.7e-05,5e-06,c
exo,FromPlan,mvt,2,MINI,0.14150943396226415,3.5333333333333336e-05,5e-06,c
exo,FromPlan,mvt,3,MINI,0.004365541327124564,0.0011453333333333333,5e-06,c
exo,FromPlan,mvt,4,MINI,0.0045620437956204385,0.001096,5e-06,c
exo,Naive,mvt,2,MINI,0.08064516129032258,6.2e-05,5e-06,c
exo,Naive,mvt,3,MINI,0.8333333333333334,6e-06,5e-06,c
exo,Naive,mvt,4,MINI,0.15306122448979595,3.266666666666666e-05,5e-06,c
exo,standard,mvt,1,MINI,0.9374999999999999,5.3333333333333345e-06,5e-06,c
exo,standard,mvt,2,MINI,0.8823529411764707,5.666666666666667e-06,5e-06,c
exo,standard,mvt,3,MINI,0.9374999999999999,5.3333333333333345e-06,5e-06,c
exo,standard,mvt,4,MINI,0.9374999999999999,5.3333333333333345e-06,5e-06,c
exo,standard,mvt,5,MINI,0.8823529411764707,5.666666666666667e-06,5e-06,c
halide,AllHints,mvt,3,MINI,0.04087193460490464,0.00012233333333333332,5e-06,c
halide,AllHints,mvt,5,MINI,0.0013721185510428102,0.003644,5e-06,c
halide,ChooseHints,mvt,2,MINI,0.016181229773462782,0.00030900000000000003,5e-06,c
halide,FromPlan,mvt,5,MINI,0.027124773960217,0.00018433333333333333,5e-06,c
halide,Naive,mvt,2,MINI,0.02192982456140351,0.00022799999999999999,5e-06,c
halide,Naive,mvt,3,MINI,0.014895729890764651,0.0003356666666666666,5e-06,c
halide,standard,mvt,1,MINI,0.25423728813559326,1.9666666666666666e-05,5e-06,c
halide,standard,mvt,2,MINI,0.23809523809523814,2.1e-05,5e-06,c
halide,standard,mvt,3,MINI,0.27272727272727276,1.8333333333333333e-05,5e-06,c
halide,standard,mvt,4,MINI,0.2631578947368421,1.9e-05,5e-06,c
halide,standard,mvt,5,MINI,0.25,2e-05,5e-06,c
noarr,AllHints,mvt,1,MINI,0.001904520060944642,0.0026253333333333337,5e-06,c
noarr,AllHints,mvt,2,MINI,2.5000000000000004,2e-06,5e-06,c
noarr,AllHints,mvt,3,MINI,0.0019755037534571317,0.0025310000000000003,5e-06,c
noarr,AllHints,mvt,4,MINI,0.0019440124416796269,0.002572,5e-06,c
noarr,AllHints,mvt,5,MINI,2.5000000000000004,2e-06,5e-06,c
noarr,ChooseHints,mvt,1,MINI,2.5000000000000004,2e-06,5e-06,c
noarr,ChooseHints,mvt,2,MINI,2.5000000000000004,2e-06,5e-06,c
noarr,ChooseHints,mvt,3,MINI,2.5000000000000004,2e-06,5e-06,c
noarr,ChooseHints,mvt,4,MINI,2.5000000000000004,2e-06,5e-06,c
noarr,ChooseHints,mvt,5,MINI,2.5000000000000004,2e-06,5e-06,c
noarr,FromPlan,mvt,1,MINI,2.5000000000000004,2e-06,5e-06,c
noarr,FromPlan,mvt,2,MINI,1.2500000000000002,4e-06,5e-06,c
noarr,FromPlan,mvt,3,MINI,1.2500000000000002,4e-06,5e-06,c
noarr,FromPlan,mvt,4,MINI,2.5000000000000004,2e-06,5e-06,c
noarr,FromPlan,mvt,5,MINI,2.5000000000000004,2e-06,5e-06,c
noarr,Naive,mvt,1,MINI,1.6666666666666667,3e-06,5e-06,c
noarr,Naive,mvt,2,MINI,1.2500000000000002,4e-06,5e-06,c
noarr,Naive,mvt,3,MINI,2.5000000000000004,2e-06,5e-06,c
noarr,Naive,mvt,4,MINI,2.5000000000000004,2e-06,5e-06,c
noarr,Naive,mvt,5,MINI,2.5000000000000004,2e-06,5e-06,c
noarr,standard,mvt,1,MINI,1.6666666666666667,3e-06,5e-06,c
noarr,standard,mvt,2,MINI,1.6666666666666667,3e-06,5e-06,c
noarr,standard,mvt,3,MINI,1.6666666666666667,3e-06,5e-06,c
noarr,standard,mvt,4,MINI,1.6666666666666667,3e-06,5e-06,c
noarr,standard,mvt,5,MINI,1.6666666666666667,3e-06,5e-06,c
c,AllHints,nussinov,1,MINI,0.7879464285714287,0.00014933333333333332,0.00011766666666666668,c
c,AllHints,nussinov,3,MINI,0.08516284680337757,0.0013816666666666667,0.00011766666666666668,c
c,AllHints,nussinov,5,MINI,0.3862144420131291,0.0003046666666666667,0.00011766666666666668,c
c,ChooseHints,nussinov,1,MINI,0.3904867256637169,0.0003013333333333333,0.00011766666666666668,c
c,ChooseHints,nussinov,2,MINI,0.15150214592274677,0.0007766666666666667,0.00011766666666666668,c
c,ChooseHints,nussinov,4,MINI,0.15612560813799203,0.0007536666666666667,0.00011766666666666668,c
c,ChooseHints,nussinov,5,MINI,0.3993212669683258,0.00029466666666666666,0.00011766666666666668,c
c,FromPlan,nussinov,1,MINI,2.126506024096386,5.5333333333333334e-05,0.00011766666666666668,c
c,FromPlan,nussinov,3,MINI,0.0863080684596577,0.0013633333333333334,0.00011766666666666668,c
c,FromPlan,nussinov,4,MINI,0.6054888507718696,0.00019433333333333333,0.00011766666666666668,c
c,FromPlan,nussinov,5,MINI,2.27741935483871,5.1666666666666664e-05,0.00011766666666666668,c
c,Naive,nussinov,1,MINI,1.9720670391061452,5.966666666666667e-05,0.00011766666666666668,c
c,Naive,nussinov,2,MINI,1.8877005347593583,6.233333333333334e-05,0.00011766666666666668,c
c,Naive,nussinov,3,MINI,1.8978494623655915,6.2e-05,0.00011766666666666668,c
c,Naive,nussinov,5,MINI,1.8877005347593583,6.233333333333334e-05,0.00011766666666666668,c
c,standard,nussinov,1,MINI,1.0,0.00011766666666666668,0.00011766666666666668,c
exo,AllHints,nussinov,2,MINI,0.08355029585798818,0.0014083333333333333,0.00011766666666666668,c
exo,AllHints,nussinov,3,MINI,0.07964801444043322,0.0014773333333333333,0.00011766666666666668,c
exo,AllHints,nussinov,5,MINI,0.08101904980491165,0.0014523333333333333,0.00011766666666666668,c
exo,ChooseHints,nussinov,1,MINI,1.2089041095890412,9.733333333333333e-05,0.00011766666666666668,c
exo,ChooseHints,nussinov,2,MINI,0.0804100227790433,0.0014633333333333332,0.00011766666666666668,c
exo,ChooseHints,nussinov,3,MINI,0.08031854379977248,0.001465,0.00011766666666666668,c
exo,ChooseHints,nussinov,4,MINI,0.08154308154308154,0.001443,0.00011766666666666668,c
exo,ChooseHints,nussinov,5,MINI,0.08101904980491165,0.0014523333333333333,0.00011766666666666668,c
exo,FromPlan,nussinov,1,MINI,0.08280553600750645,0.0014210000000000002,0.00011766666666666668,c
exo,FromPlan,nussinov,4,MINI,1.2697841726618706,9.266666666666666e-05,0.00011766666666666668,c
exo,Naive,nussinov,1,MINI,1.0261627906976745,0.00011466666666666667,0.00011766666666666668,c
exo,Naive,nussinov,2,MINI,1.0291545189504374,0.00011433333333333333,0.00011766666666666668,c
exo,standard,nussinov,1,MINI,1.0382352941176471,0.00011333333333333334,0.00011766666666666668,c
exo,standard,nussinov,2,MINI,1.041297935103245,0.000113,0.00011766666666666668,c
exo,standard,nussinov,3,MINI,0.9860335195530726,0.00011933333333333334,0.00011766666666666668,c
exo,standard,nussinov,5,MINI,1.278985507246377,9.2e-05,0.00011766666666666668,c
halide,AllHints,nussinov,4,MINI,0.8802992518703242,0.00013366666666666667,0.00011766666666666668,c
halide,ChooseHints,nussinov,1,MINI,0.09740618101545255,0.0012079999999999999,0.00011766666666666668,c
halide,standard,nussinov,3,MINI,0.0684241132002326,0.0017196666666666669,0.00011766666666666668,c
halide,standard,nussinov,4,MINI,0.0584727513665728,0.0020123333333333334,0.00011766666666666668,c
c,AllHints,seidel-2d,1,MINI,1.3545108005082593,0.00026233333333333333,0.00035533333333333337,c
c,AllHints,seidel-2d,2,MINI,0.9682107175295188,0.000367,0.00035533333333333337,c
c,AllHints,seidel-2d,3,MINI,0.9018612521150594,0.000394,0.00035533333333333337,c
c,AllHints,seidel-2d,4,MINI,0.8898163606010017,0.00039933333333333335,0.00035533333333333337,c
c,AllHints,seidel-2d,5,MINI,1.28125,0.00027733333333333337,0.00035533333333333337,c
c,ChooseHints,seidel-2d,1,MINI,1.3614303959131546,0.000261,0.00035533333333333337,c
c,ChooseHints,seidel-2d,2,MINI,0.9350877192982457,0.00037999999999999997,0.00035533333333333337,c
c,ChooseHints,seidel-2d,3,MINI,1.7946127946127952,0.00019799999999999996,0.00035533333333333337,c
c,ChooseHints,seidel-2d,4,MINI,0.9779816513761469,0.00036333333333333335,0.00035533333333333337,c
c,ChooseHints,seidel-2d,5,MINI,1.2210767468499428,0.000291,0.00035533333333333337,c
c,FromPlan,seidel-2d,1,MINI,1.8442906574394469,0.00019266666666666664,0.00035533333333333337,c
c,FromPlan,seidel-2d,2,MINI,1.8506944444444446,0.000192,0.00035533333333333337,c
c,FromPlan,seidel-2d,3,MINI,1.8734622144112478,0.00018966666666666668,0.00035533333333333337,c
c,FromPlan,seidel-2d,4,MINI,1.8900709219858156,0.00018800000000000002,0.00035533333333333337,c
c,FromPlan,seidel-2d,5,MINI,1.8900709219858156,0.00018800000000000002,0.00035533333333333337,c
c,Naive,seidel-2d,2,MINI,0.8702040816326532,0.0004083333333333333,0.00035533333333333337,c
c,Naive,seidel-2d,3,MINI,1.3095823095823098,0.00027133333333333333,0.00035533333333333337,c
c,Naive,seidel-2d,4,MINI,1.0745967741935485,0.00033066666666666666,0.00035533333333333337,c
c,Naive,seidel-2d,5,MINI,0.9843028624192061,0.000361,0.00035533333333333337,c
c,standard,seidel-2d,1,MINI,1.0,0.00035533333333333337,0.00035533333333333337,c
exo,AllHints,seidel-2d,1,MINI,0.9981273408239701,0.000356,0.00035533333333333337,c
exo,ChooseHints,seidel-2d,1,MINI,0.8514376996805112,0.00041733333333333336,0.00035533333333333337,c
exo,FromPlan,seidel-2d,2,MINI,0.9647058823529412,0.00036833333333333336,0.00035533333333333337,c
exo,FromPlan,seidel-2d,3,MINI,0.9492430988423866,0.00037433333333333334,0.00035533333333333337,c
exo,Naive,seidel-2d,3,MINI,0.7397640527411521,0.0004803333333333333,0.00035533333333333337,c
exo,standard,seidel-2d,1,MINI,1.0028222013170276,0.0003543333333333333,0.00035533333333333337,c
exo,standard,seidel-2d,2,MINI,0.98158379373849,0.00036199999999999996,0.00035533333333333337,c
exo,standard,seidel-2d,3,MINI,0.9824884792626729,0.00036166666666666666,0.00035533333333333337,c
exo,standard,seidel-2d,4,MINI,0.98158379373849,0.00036199999999999996,0.00035533333333333337,c
exo,standard,seidel-2d,5,MINI,0.9517857142857145,0.0003733333333333333,0.00035533333333333337,c
halide,standard,seidel-2d,1,MINI,2.3377192982456143,0.000152,0.00035533333333333337,c
halide,standard,seidel-2d,3,MINI,0.06499207413730033,0.005467333333333334,0.00035533333333333337,c
noarr,AllHints,seidel-2d,1,MINI,1.0502463054187192,0.00033833333333333334,0.00035533333333333337,c
noarr,AllHints,seidel-2d,2,MINI,1.4232309746328438,0.0002496666666666667,0.00035533333333333337,c
noarr,AllHints,seidel-2d,3,MINI,1.3128078817733992,0.00027066666666666667,0.00035533333333333337,c
noarr,AllHints,seidel-2d,4,MINI,1.4385964912280704,0.000247,0.00035533333333333337,c
noarr,AllHints,seidel-2d,5,MINI,1.2086167800453516,0.000294,0.00035533333333333337,c
noarr,ChooseHints,seidel-2d,1,MINI,1.450340136054422,0.000245,0.00035533333333333337,c
noarr,ChooseHints,seidel-2d,2,MINI,1.2058823529411766,0.00029466666666666666,0.00035533333333333337,c
noarr,ChooseHints,seidel-2d,3,MINI,1.0692076228686058,0.00033233333333333335,0.00035533333333333337,c
noarr,ChooseHints,seidel-2d,4,MINI,1.0638722554890223,0.00033399999999999993,0.00035533333333333337,c
noarr,ChooseHints,seidel-2d,5,MINI,1.215507411630559,0.0002923333333333333,0.00035533333333333337,c
noarr,FromPlan,seidel-2d,1,MINI,1.0085146641438032,0.00035233333333333335,0.00035533333333333337,c
noarr,FromPlan,seidel-2d,2,MINI,1.4385964912280704,0.000247,0.00035533333333333337,c
noarr,FromPlan,seidel-2d,3,MINI,0.9843028624192061,0.000361,0.00035533333333333337,c
noarr,FromPlan,seidel-2d,4,MINI,0.969972702456779,0.0003663333333333333,0.00035533333333333337,c
noarr,Naive,seidel-2d,1,MINI,1.0800405268490374,0.00032900000000000003,0.00035533333333333337,c
noarr,Naive,seidel-2d,2,MINI,1.4327956989247312,0.000248,0.00035533333333333337,c
noarr,Naive,seidel-2d,3,MINI,1.4327956989247312,0.000248,0.00035533333333333337,c
noarr,Naive,seidel-2d,4,MINI,1.0606965174129355,0.000335,0.00035533333333333337,c
noarr,Naive,seidel-2d,5,MINI,1.4366576819407009,0.00024733333333333335,0.00035533333333333337,c
noarr,standard,seidel-2d,1,MINI,1.0745967741935485,0.00033066666666666666,0.00035533333333333337,c
noarr,standard,seidel-2d,2,MINI,1.0844354018311293,0.00032766666666666664,0.00035533333333333337,c
noarr,standard,seidel-2d,3,MINI,1.0822335025380712,0.0003283333333333333,0.00035533333333333337,c
noarr,standard,seidel-2d,4,MINI,1.0933333333333335,0.000325,0.00035533333333333337,c
noarr,standard,seidel-2d,5,MINI,1.0767676767676768,0.00033,0.00035533333333333337,c
c,AllHints,symm,1,MINI,0.1287425149700599,0.00011133333333333333,1.4333333333333334e-05,c
c,AllHints,symm,2,MINI,3.3076923076923075,4.333333333333334e-06,1.4333333333333334e-05,c
c,AllHints,symm,3,MINI,0.05315203955500618,0.0002696666666666667,1.4333333333333334e-05,c
c,AllHints,symm,4,MINI,0.00751485494582314,0.0019073333333333331,1.4333333333333334e-05,c
c,AllHints,symm,5,MINI,0.3115942028985507,4.6e-05,1.4333333333333334e-05,c
c,ChooseHints,symm,1,MINI,4.777777777777778,3e-06,1.4333333333333334e-05,c
c,ChooseHints,symm,2,MINI,0.4215686274509804,3.4e-05,1.4333333333333334e-05,c
c,ChooseHints,symm,3,MINI,0.3524590163934426,4.066666666666667e-05,1.4333333333333334e-05,c
c,ChooseHints,symm,4,MINI,0.4343434343434344,3.2999999999999996e-05,1.4333333333333334e-05,c
c,ChooseHints,symm,5,MINI,0.05591677503250976,0.0002563333333333333,1.4333333333333334e-05,c
c,FromPlan,symm,1,MINI,3.5833333333333335,4e-06,1.4333333333333334e-05,c
c,FromPlan,symm,2,MINI,4.300000000000001,3.333333333333333e-06,1.4333333333333334e-05,c
c,FromPlan,symm,3,MINI,3.071428571428571,4.666666666666667e-06,1.4333333333333334e-05,c
c,FromPlan,symm,4,MINI,3.071428571428571,4.666666666666667e-06,1.4333333333333334e-05,c
c,FromPlan,symm,5,MINI,3.909090909090909,3.6666666666666666e-06,1.4333333333333334e-05,c
c,Naive,symm,1,MINI,3.5833333333333335,4e-06,1.4333333333333334e-05,c
c,Naive,symm,2,MINI,3.5833333333333335,4e-06,1.4333333333333334e-05,c
c,Naive,symm,3,MINI,3.909090909090909,3.6666666666666666e-06,1.4333333333333334e-05,c
c,Naive,symm,4,MINI,0.9772727272727273,1.4666666666666666e-05,1.4333333333333334e-05,c
c,Naive,symm,5,MINI,1.1944444444444444,1.2e-05,1.4333333333333334e-05,c
c,standard,symm,1,MINI,1.0,1.4333333333333334e-05,1.4333333333333334e-05,c
exo,AllHints,symm,2,MINI,0.12835820895522387,0.00011166666666666667,1.4333333333333334e-05,c
exo,AllHints,symm,5,MINI,0.30935251798561153,4.633333333333333e-05,1.4333333333333334e-05,c
exo,ChooseHints,symm,2,MINI,0.02751119641714651,0.0005210000000000001,1.4333333333333334e-05,c
exo,ChooseHints,symm,3,MINI,0.029211956521739135,0.0004906666666666666,1.4333333333333334e-05,c
exo,ChooseHints,symm,4,MINI,0.023942093541202674,0.0005986666666666666,1.4333333333333334e-05,c
exo,FromPlan,symm,1,MINI,0.2118226600985222,6.766666666666667e-05,1.4333333333333334e-05,c
exo,FromPlan,symm,4,MINI,0.3524590163934426,4.066666666666667e-05,1.4333333333333334e-05,c
exo,Naive,symm,1,MINI,0.8775510204081634,1.633333333333333e-05,1.4333333333333334e-05,c
exo,Naive,symm,2,MINI,0.3006993006993007,4.766666666666667e-05,1.4333333333333334e-05,c
exo,Naive,symm,4,MINI,0.02901484480431849,0.000494,1.4333333333333334e-05,c
exo,Naive,symm,5,MINI,0.029391660970608344,0.00048766666666666663,1.4333333333333334e-05,c
exo,standard,symm,1,MINI,0.7678571428571428,1.866666666666667e-05,1.4333333333333334e-05,c
exo,standard,symm,2,MINI,0.7288135593220338,1.966666666666667e-05,1.4333333333333334e-05,c
exo,standard,symm,3,MINI,0.7543859649122807,1.9e-05,1.4333333333333334e-05,c
exo,standard,symm,4,MINI,0.7678571428571428,1.866666666666667e-05,1.4333333333333334e-05,c
exo,standard,symm,5,MINI,0.7543859649122807,1.9e-05,1.4333333333333334e-05,c
halide,FromPlan,symm,2,MINI,0.2945205479452055,4.8666666666666666e-05,1.4333333333333334e-05,c
halide,FromPlan,symm,3,MINI,0.29054054054054057,4.933333333333333e-05,1.4333333333333334e-05,c
halide,standard,symm,1,MINI,0.28104575163398693,5.1e-05,1.4333333333333334e-05,c
halide,standard,symm,2,MINI,0.32575757575757575,4.4000000000000006e-05,1.4333333333333334e-05,c
halide,standard,symm,3,MINI,0.33593750000000006,4.266666666666666e-05,1.4333333333333334e-05,c
halide,standard,symm,4,MINI,0.2866666666666667,4.9999999999999996e-05,1.4333333333333334e-05,c
halide,standard,symm,5,MINI,0.3233082706766917,4.433333333333334e-05,1.4333333333333334e-05,c
noarr,AllHints,symm,1,MINI,0.005747126436781609,0.002494,1.4333333333333334e-05,c
noarr,AllHints,symm,2,MINI,1.5925925925925926,9e-06,1.4333333333333334e-05,c
noarr,AllHints,symm,3,MINI,0.005447865197010009,0.002631,1.4333333333333334e-05,c
noarr,AllHints,symm,4,MINI,0.0054902962206332985,0.002610666666666667,1.4333333333333334e-05,c
noarr,AllHints,symm,5,MINI,2.8666666666666667,5e-06,1.4333333333333334e-05,c
noarr,ChooseHints,symm,1,MINI,2.388888888888889,6e-06,1.4333333333333334e-05,c
noarr,ChooseHints,symm,2,MINI,2.047619047619048,7e-06,1.4333333333333334e-05,c
noarr,ChooseHints,symm,3,MINI,1.4827586206896552,9.666666666666667e-06,1.4333333333333334e-05,c
noarr,ChooseHints,symm,5,MINI,1.7916666666666667,8e-06,1.4333333333333334e-05,c
noarr,FromPlan,symm,1,MINI,1.5925925925925926,9e-06,1.4333333333333334e-05,c
noarr,FromPlan,symm,2,MINI,2.388888888888889,6e-06,1.4333333333333334e-05,c
noarr,FromPlan,symm,3,MINI,2.388888888888889,6e-06,1.4333333333333334e-05,c
noarr,FromPlan,symm,4,MINI,2.1500000000000004,6.666666666666666e-06,1.4333333333333334e-05,c
noarr,FromPlan,symm,5,MINI,1.1621621621621623,1.2333333333333333e-05,1.4333333333333334e-05,c
noarr,Naive,symm,2,MINI,1.8695652173913042,7.666666666666667e-06,1.4333333333333334e-05,c
noarr,Naive,symm,3,MINI,1.5925925925925926,9e-06,1.4333333333333334e-05,c
noarr,Naive,symm,4,MINI,2.388888888888889,6e-06,1.4333333333333334e-05,c
noarr,Naive,symm,5,MINI,1.5925925925925926,9e-06,1.4333333333333334e-05,c
noarr,standard,symm,1,MINI,1.1025641025641026,1.3e-05,1.4333333333333334e-05,c
noarr,standard,symm,2,MINI,1.5925925925925926,9e-06,1.4333333333333334e-05,c
noarr,standard,symm,3,MINI,1.1944444444444444,1.2e-05,1.4333333333333334e-05,c
noarr,standard,symm,4,MINI,1.5925925925925926,9e-06,1.4333333333333334e-05,c
noarr,standard,symm,5,MINI,1.4333333333333333,1e-05,1.4333333333333334e-05,c
c,AllHints,syr2k,1,MINI,0.2986111111111111,4.8e-05,1.4333333333333334e-05,c
c,AllHints,syr2k,2,MINI,0.37719298245614036,3.8e-05,1.4333333333333334e-05,c
c,AllHints,syr2k,3,MINI,0.43,3.3333333333333335e-05,1.4333333333333334e-05,c
c,AllHints,syr2k,4,MINI,0.6825396825396826,2.1e-05,1.4333333333333334e-05,c
c,AllHints,syr2k,5,MINI,0.3307692307692308,4.333333333333333e-05,1.4333333333333334e-05,c
c,ChooseHints,syr2k,2,MINI,0.45263157894736844,3.1666666666666666e-05,1.4333333333333334e-05,c
c,ChooseHints,syr2k,3,MINI,0.45263157894736844,3.1666666666666666e-05,1.4333333333333334e-05,c
c,ChooseHints,syr2k,4,MINI,0.4574468085106383,3.1333333333333334e-05,1.4333333333333334e-05,c
c,ChooseHints,syr2k,5,MINI,0.27564102564102566,5.2e-05,1.4333333333333334e-05,c
c,FromPlan,syr2k,2,MINI,0.9347826086956521,1.5333333333333334e-05,1.4333333333333334e-05,c
c,FromPlan,syr2k,3,MINI,1.7200000000000004,8.333333333333332e-06,1.4333333333333334e-05,c
c,FromPlan,syr2k,4,MINI,0.4479166666666667,3.2e-05,1.4333333333333334e-05,c
c,FromPlan,syr2k,5,MINI,2.047619047619048,7e-06,1.4333333333333334e-05,c
c,Naive,syr2k,1,MINI,1.5357142857142856,9.333333333333334e-06,1.4333333333333334e-05,c
c,Naive,syr2k,2,MINI,1.9545454545454546,7.333333333333333e-06,1.4333333333333334e-05,c
c,Naive,syr2k,3,MINI,1.5357142857142856,9.333333333333334e-06,1.4333333333333334e-05,c
c,Naive,syr2k,4,MINI,1.5925925925925926,9e-06,1.4333333333333334e-05,c
c,Naive,syr2k,5,MINI,0.8775510204081634,1.633333333333333e-05,1.4333333333333334e-05,c
c,standard,syr2k,1,MINI,1.0,1.4333333333333334e-05,1.4333333333333334e-05,c
exo,AllHints,syr2k,1,MINI,0.40186915887850466,3.566666666666667e-05,1.4333333333333334e-05,c
exo,AllHints,syr2k,2,MINI,0.4215686274509804,3.4e-05,1.4333333333333334e-05,c
exo,AllHints,syr2k,3,MINI,0.41747572815533984,3.433333333333333e-05,1.4333333333333334e-05,c
exo,AllHints,syr2k,4,MINI,0.4387755102040817,3.266666666666666e-05,1.4333333333333334e-05,c
exo,AllHints,syr2k,5,MINI,0.4215686274509804,3.4e-05,1.4333333333333334e-05,c
exo,ChooseHints,syr2k,2,MINI,0.46236559139784944,3.1e-05,1.4333333333333334e-05,c
exo,ChooseHints,syr2k,3,MINI,0.4095238095238095,3.5000000000000004e-05,1.4333333333333334e-05,c
exo,ChooseHints,syr2k,4,MINI,0.39814814814814814,3.6e-05,1.4333333333333334e-05,c
exo,ChooseHints,syr2k,5,MINI,0.46236559139784944,3.1e-05,1.4333333333333334e-05,c
exo,FromPlan,syr2k,1,MINI,0.34400000000000003,4.1666666666666665e-05,1.4333333333333334e-05,c
exo,FromPlan,syr2k,2,MINI,0.2738853503184714,5.233333333333333e-05,1.4333333333333334e-05,c
exo,FromPlan,syr2k,3,MINI,0.364406779661017,3.933333333333333e-05,1.4333333333333334e-05,c
exo,FromPlan,syr2k,5,MINI,0.2216494845360825,6.466666666666666e-05,1.4333333333333334e-05,c
exo,Naive,syr2k,1,MINI,0.3739130434782609,3.8333333333333334e-05,1.4333333333333334e-05,c
exo,Naive,syr2k,2,MINI,0.46236559139784944,3.1e-05,1.4333333333333334e-05,c
exo,Naive,syr2k,3,MINI,0.43,3.3333333333333335e-05,1.4333333333333334e-05,c
exo,Naive,syr2k,4,MINI,0.6718750000000001,2.133333333333333e-05,1.4333333333333334e-05,c
exo,Naive,syr2k,5,MINI,0.40186915887850466,3.566666666666667e-05,1.4333333333333334e-05,c
exo,standard,syr2k,1,MINI,0.7678571428571428,1.866666666666667e-05,1.4333333333333334e-05,c
exo,standard,syr2k,2,MINI,0.7678571428571428,1.866666666666667e-05,1.4333333333333334e-05,c
exo,standard,syr2k,3,MINI,0.7818181818181819,1.8333333333333333e-05,1.4333333333333334e-05,c
exo,standard,syr2k,4,MINI,0.7818181818181819,1.8333333333333333e-05,1.4333333333333334e-05,c
exo,standard,syr2k,5,MINI,0.7818181818181819,1.8333333333333333e-05,1.4333333333333334e-05,c
halide,FromPlan,syr2k,2,MINI,0.005123317049922554,0.0027976666666666666,1.4333333333333334e-05,c
halide,standard,syr2k,2,MINI,0.31386861313868614,4.566666666666667e-05,1.4333333333333334e-05,c
halide,standard,syr2k,3,MINI,0.3161764705882353,4.5333333333333335e-05,1.4333333333333334e-05,c
halide,standard,syr2k,4,MINI,0.3208955223880597,4.466666666666667e-05,1.4333333333333334e-05,c
halide,standard,syr2k,5,MINI,0.30281690140845074,4.733333333333333e-05,1.4333333333333334e-05,c
noarr,AllHints,syr2k,1,MINI,1.1025641025641026,1.3e-05,1.4333333333333334e-05,c
noarr,AllHints,syr2k,2,MINI,1.2285714285714286,1.1666666666666666e-05,1.4333333333333334e-05,c
noarr,AllHints,syr2k,3,MINI,1.1025641025641026,1.3e-05,1.4333333333333334e-05,c
noarr,AllHints,syr2k,4,MINI,1.1025641025641026,1.3e-05,1.4333333333333334e-05,c
noarr,AllHints,syr2k,5,MINI,0.9148936170212766,1.5666666666666667e-05,1.4333333333333334e-05,c
noarr,ChooseHints,syr2k,1,MINI,1.1944444444444444,1.2e-05,1.4333333333333334e-05,c
noarr,ChooseHints,syr2k,2,MINI,1.023809523809524,1.4e-05,1.4333333333333334e-05,c
noarr,ChooseHints,syr2k,3,MINI,1.1621621621621623,1.2333333333333333e-05,1.4333333333333334e-05,c
noarr,ChooseHints,syr2k,4,MINI,1.1621621621621623,1.2333333333333333e-05,1.4333333333333334e-05,c
noarr,ChooseHints,syr2k,5,MINI,1.1025641025641026,1.3e-05,1.4333333333333334e-05,c
noarr,FromPlan,syr2k,1,MINI,0.8958333333333334,1.6e-05,1.4333333333333334e-05,c
noarr,FromPlan,syr2k,2,MINI,1.7916666666666667,8e-06,1.4333333333333334e-05,c
noarr,FromPlan,syr2k,4,MINI,1.4333333333333333,1e-05,1.4333333333333334e-05,c
noarr,FromPlan,syr2k,5,MINI,0.3873873873873874,3.7e-05,1.4333333333333334e-05,c
noarr,Naive,syr2k,1,MINI,1.1621621621621623,1.2333333333333333e-05,1.4333333333333334e-05,c
noarr,Naive,syr2k,2,MINI,1.7916666666666667,8e-06,1.4333333333333334e-05,c
noarr,Naive,syr2k,3,MINI,1.1025641025641026,1.3e-05,1.4333333333333334e-05,c
noarr,Naive,syr2k,4,MINI,1.1025641025641026,1.3e-05,1.4333333333333334e-05,c
noarr,Naive,syr2k,5,MINI,1.1025641025641026,1.3e-05,1.4333333333333334e-05,c
noarr,standard,syr2k,1,MINI,0.27922077922077926,5.133333333333333e-05,1.4333333333333334e-05,c
noarr,standard,syr2k,2,MINI,0.8958333333333334,1.6e-05,1.4333333333333334e-05,c
noarr,standard,syr2k,3,MINI,1.023809523809524,1.4e-05,1.4333333333333334e-05,c
noarr,standard,syr2k,5,MINI,1.048780487804878,1.3666666666666667e-05,1.4333333333333334e-05,c
c,AllHints,syrk,1,MINI,0.20588235294117646,3.4e-05,7e-06,c
c,AllHints,syrk,2,MINI,0.23076923076923075,3.0333333333333333e-05,7e-06,c
c,AllHints,syrk,3,MINI,0.22580645161290322,3.1e-05,7e-06,c
c,AllHints,syrk,4,MINI,0.22580645161290322,3.1e-05,7e-06,c
c,AllHints,syrk,5,MINI,0.6774193548387096,1.0333333333333333e-05,7e-06,c
c,ChooseHints,syrk,1,MINI,0.4117647058823529,1.7e-05,7e-06,c
c,ChooseHints,syrk,2,MINI,0.2079207920792079,3.366666666666667e-05,7e-06,c
c,ChooseHints,syrk,3,MINI,0.23076923076923075,3.0333333333333333e-05,7e-06,c
c,ChooseHints,syrk,4,MINI,0.21000000000000002,3.333333333333333e-05,7e-06,c
c,ChooseHints,syrk,5,MINI,0.23076923076923075,3.0333333333333333e-05,7e-06,c
c,FromPlan,syrk,1,MINI,0.9130434782608695,7.666666666666667e-06,7e-06,c
c,FromPlan,syrk,2,MINI,1.1666666666666665,6e-06,7e-06,c
c,FromPlan,syrk,3,MINI,1.4,5e-06,7e-06,c
c,FromPlan,syrk,4,MINI,0.9130434782608695,7.666666666666667e-06,7e-06,c
c,FromPlan,syrk,5,MINI,1.0,7e-06,7e-06,c
c,Naive,syrk,1,MINI,0.22580645161290322,3.1e-05,7e-06,c
c,Naive,syrk,2,MINI,0.6774193548387096,1.0333333333333333e-05,7e-06,c
c,Naive,syrk,3,MINI,0.9545454545454546,7.333333333333333e-06,7e-06,c
c,Naive,syrk,4,MINI,0.875,8e-06,7e-06,c
c,Naive,syrk,5,MINI,0.875,8e-06,7e-06,c
c,standard,syrk,1,MINI,1.0,7e-06,7e-06,c
exo,AllHints,syrk,1,MINI,0.21,3.3333333333333335e-05,7e-06,c
exo,AllHints,syrk,2,MINI,0.1826086956521739,3.8333333333333334e-05,7e-06,c
exo,AllHints,syrk,3,MINI,0.22105263157894736,3.1666666666666666e-05,7e-06,c
exo,AllHints,syrk,4,MINI,0.1981132075471698,3.5333333333333336e-05,7e-06,c
exo,ChooseHints,syrk,1,MINI,0.125,5.6e-05,7e-06,c
exo,ChooseHints,syrk,2,MINI,0.19090909090909092,3.6666666666666666e-05,7e-06,c
exo,ChooseHints,syrk,4,MINI,0.2079207920792079,3.366666666666667e-05,7e-06,c
exo,ChooseHints,syrk,5,MINI,0.1826086956521739,3.8333333333333334e-05,7e-06,c
exo,FromPlan,syrk,2,MINI,0.6,1.1666666666666666e-05,7e-06,c
exo,Naive,syrk,1,MINI,0.15909090909090906,4.4000000000000006e-05,7e-06,c
exo,Naive,syrk,2,MINI,0.22340425531914893,3.1333333333333334e-05,7e-06,c
exo,Naive,syrk,4,MINI,0.19444444444444445,3.6e-05,7e-06,c
exo,Naive,syrk,5,MINI,0.5833333333333333,1.2e-05,7e-06,c
exo,standard,syrk,1,MINI,0.6363636363636362,1.1000000000000001e-05,7e-06,c
exo,standard,syrk,2,MINI,0.6774193548387096,1.0333333333333333e-05,7e-06,c
exo,standard,syrk,3,MINI,0.65625,1.0666666666666666e-05,7e-06,c
exo,standard,syrk,4,MINI,0.6363636363636362,1.1000000000000001e-05,7e-06,c
exo,standard,syrk,5,MINI,0.65625,1.0666666666666666e-05,7e-06,c
halide,AllHints,syrk,4,MINI,0.03743315508021391,0.000187,7e-06,c
halide,FromPlan,syrk,3,MINI,0.04941176470588235,0.00014166666666666668,7e-06,c
halide,FromPlan,syrk,5,MINI,0.13725490196078433,5.1e-05,7e-06,c
halide,standard,syrk,1,MINI,0.15671641791044774,4.466666666666667e-05,7e-06,c
halide,standard,syrk,2,MINI,0.1721311475409836,4.066666666666667e-05,7e-06,c
halide,standard,syrk,3,MINI,0.1640625,4.266666666666666e-05,7e-06,c
halide,standard,syrk,4,MINI,0.1640625,4.266666666666666e-05,7e-06,c
halide,standard,syrk,5,MINI,0.1981132075471698,3.5333333333333336e-05,7e-06,c
noarr,AllHints,syrk,1,MINI,1.0,7e-06,7e-06,c
noarr,AllHints,syrk,2,MINI,0.7,1e-05,7e-06,c
noarr,AllHints,syrk,3,MINI,0.8400000000000001,8.333333333333332e-06,7e-06,c
noarr,AllHints,syrk,4,MINI,1.0,7e-06,7e-06,c
noarr,AllHints,syrk,5,MINI,1.0,7e-06,7e-06,c
noarr,ChooseHints,syrk,1,MINI,0.9545454545454546,7.333333333333333e-06,7e-06,c
noarr,ChooseHints,syrk,2,MINI,0.9130434782608695,7.666666666666667e-06,7e-06,c
noarr,ChooseHints,syrk,3,MINI,1.0,7e-06,7e-06,c
noarr,ChooseHints,syrk,4,MINI,0.7777777777777778,9e-06,7e-06,c
noarr,FromPlan,syrk,1,MINI,0.20588235294117646,3.4e-05,7e-06,c
noarr,FromPlan,syrk,2,MINI,1.0,7e-06,7e-06,c
noarr,FromPlan,syrk,3,MINI,1.0,7e-06,7e-06,c
noarr,FromPlan,syrk,5,MINI,0.7,1e-05,7e-06,c
noarr,Naive,syrk,1,MINI,1.0,7e-06,7e-06,c
noarr,Naive,syrk,2,MINI,0.9130434782608695,7.666666666666667e-06,7e-06,c
noarr,Naive,syrk,3,MINI,0.7499999999999999,9.333333333333334e-06,7e-06,c
noarr,Naive,syrk,4,MINI,0.875,8e-06,7e-06,c
noarr,Naive,syrk,5,MINI,0.875,8e-06,7e-06,c
noarr,standard,syrk,1,MINI,0.8076923076923076,8.666666666666668e-06,7e-06,c
noarr,standard,syrk,2,MINI,0.875,8e-06,7e-06,c
noarr,standard,syrk,4,MINI,0.875,8e-06,7e-06,c
noarr,standard,syrk,5,MINI,0.875,8e-06,7e-06,c
c,AllHints,trisolv,3,MINI,1.0,1.6666666666666665e-06,1.6666666666666665e-06,c
c,AllHints,trisolv,4,MINI,1.0,1.6666666666666665e-06,1.6666666666666665e-06,c
c,AllHints,trisolv,5,MINI,1.0,1.6666666666666665e-06,1.6666666666666665e-06,c
c,ChooseHints,trisolv,1,MINI,0.8333333333333333,2e-06,1.6666666666666665e-06,c
c,ChooseHints,trisolv,3,MINI,0.8333333333333333,2e-06,1.6666666666666665e-06,c
c,FromPlan,trisolv,1,MINI,0.8333333333333333,2e-06,1.6666666666666665e-06,c
c,FromPlan,trisolv,2,MINI,1.0,1.6666666666666665e-06,1.6666666666666665e-06,c
c,FromPlan,trisolv,3,MINI,1.0,1.6666666666666665e-06,1.6666666666666665e-06,c
c,FromPlan,trisolv,4,MINI,1.25,1.3333333333333332e-06,1.6666666666666665e-06,c
c,FromPlan,trisolv,5,MINI,1.0,1.6666666666666665e-06,1.6666666666666665e-06,c
c,Naive,trisolv,1,MINI,0.8333333333333333,2e-06,1.6666666666666665e-06,c
c,Naive,trisolv,2,MINI,0.8333333333333333,2e-06,1.6666666666666665e-06,c
c,Naive,trisolv,3,MINI,1.6666666666666665,1e-06,1.6666666666666665e-06,c
c,Naive,trisolv,4,MINI,1.25,1.3333333333333332e-06,1.6666666666666665e-06,c
c,standard,trisolv,1,MINI,1.0,1.6666666666666665e-06,1.6666666666666665e-06,c
exo,AllHints,trisolv,1,MINI,1.0,1.6666666666666665e-06,1.6666666666666665e-06,c
exo,AllHints,trisolv,2,MINI,0.8333333333333333,2e-06,1.6666666666666665e-06,c
exo,AllHints,trisolv,3,MINI,0.7142857142857143,2.333333333333333e-06,1.6666666666666665e-06,c
exo,AllHints,trisolv,4,MINI,0.7142857142857143,2.333333333333333e-06,1.6666666666666665e-06,c
exo,AllHints,trisolv,5,MINI,0.8333333333333333,2e-06,1.6666666666666665e-06,c
exo,ChooseHints,trisolv,1,MINI,0.8333333333333333,2e-06,1.6666666666666665e-06,c
exo,ChooseHints,trisolv,2,MINI,0.8333333333333333,2e-06,1.6666666666666665e-06,c
exo,ChooseHints,trisolv,3,MINI,0.8333333333333333,2e-06,1.6666666666666665e-06,c
exo,ChooseHints,trisolv,5,MINI,0.8333333333333333,2e-06,1.6666666666666665e-06,c
exo,FromPlan,trisolv,3,MINI,0.8333333333333333,2e-06,1.6666666666666665e-06,c
exo,FromPlan,trisolv,4,MINI,1.0,1.6666666666666665e-06,1.6666666666666665e-06,c
exo,FromPlan,trisolv,5,MINI,0.625,2.6666666666666664e-06,1.6666666666666665e-06,c
exo,Naive,trisolv,1,MINI,0.625,2.6666666666666664e-06,1.6666666666666665e-06,c
exo,Naive,trisolv,3,MINI,1.0,1.6666666666666665e-06,1.6666666666666665e-06,c
exo,Naive,trisolv,4,MINI,0.7142857142857143,2.333333333333333e-06,1.6666666666666665e-06,c
exo,Naive,trisolv,5,MINI,0.8333333333333333,2e-06,1.6666666666666665e-06,c
exo,standard,trisolv,1,MINI,0.8333333333333333,2e-06,1.6666666666666665e-06,c
exo,standard,trisolv,2,MINI,1.25,1.3333333333333332e-06,1.6666666666666665e-06,c
exo,standard,trisolv,3,MINI,1.0,1.6666666666666665e-06,1.6666666666666665e-06,c
exo,standard,trisolv,4,MINI,0.8333333333333333,2e-06,1.6666666666666665e-06,c
exo,standard,trisolv,5,MINI,0.8333333333333333,2e-06,1.6666666666666665e-06,c
halide,ChooseHints,trisolv,4,MINI,0.01984126984126984,8.4e-05,1.6666666666666665e-06,c
halide,FromPlan,trisolv,4,MINI,0.02008032128514056,8.3e-05,1.6666666666666665e-06,c
halide,Naive,trisolv,5,MINI,0.031055900621118005,5.366666666666667e-05,1.6666666666666665e-06,c
halide,standard,trisolv,2,MINI,0.017421602787456445,9.566666666666666e-05,1.6666666666666665e-06,c
halide,standard,trisolv,3,MINI,0.019157088122605363,8.7e-05,1.6666666666666665e-06,c
noarr,AllHints,trisolv,1,MINI,1.6666666666666665,1e-06,1.6666666666666665e-06,c
noarr,AllHints,trisolv,2,MINI,1.6666666666666665,1e-06,1.6666666666666665e-06,c
noarr,AllHints,trisolv,3,MINI,1.6666666666666665,1e-06,1.6666666666666665e-06,c
noarr,AllHints,trisolv,4,MINI,1.6666666666666665,1e-06,1.6666666666666665e-06,c
noarr,AllHints,trisolv,5,MINI,1.6666666666666665,1e-06,1.6666666666666665e-06,c
noarr,ChooseHints,trisolv,1,MINI,1.6666666666666665,1e-06,1.6666666666666665e-06,c
noarr,ChooseHints,trisolv,2,MINI,1.6666666666666665,1e-06,1.6666666666666665e-06,c
noarr,ChooseHints,trisolv,3,MINI,1.6666666666666665,1e-06,1.6666666666666665e-06,c
noarr,ChooseHints,trisolv,4,MINI,1.6666666666666665,1e-06,1.6666666666666665e-06,c
noarr,ChooseHints,trisolv,5,MINI,1.6666666666666665,1e-06,1.6666666666666665e-06,c
noarr,FromPlan,trisolv,1,MINI,1.6666666666666665,1e-06,1.6666666666666665e-06,c
noarr,FromPlan,trisolv,2,MINI,1.6666666666666665,1e-06,1.6666666666666665e-06,c
noarr,FromPlan,trisolv,3,MINI,1.6666666666666665,1e-06,1.6666666666666665e-06,c
noarr,FromPlan,trisolv,4,MINI,1.6666666666666665,1e-06,1.6666666666666665e-06,c
noarr,FromPlan,trisolv,5,MINI,1.6666666666666665,1e-06,1.6666666666666665e-06,c
noarr,Naive,trisolv,1,MINI,1.6666666666666665,1e-06,1.6666666666666665e-06,c
noarr,Naive,trisolv,2,MINI,1.6666666666666665,1e-06,1.6666666666666665e-06,c
noarr,Naive,trisolv,3,MINI,1.6666666666666665,1e-06,1.6666666666666665e-06,c
noarr,Naive,trisolv,4,MINI,1.6666666666666665,1e-06,1.6666666666666665e-06,c
noarr,Naive,trisolv,5,MINI,1.6666666666666665,1e-06,1.6666666666666665e-06,c
noarr,standard,trisolv,2,MINI,1.6666666666666665,1e-06,1.6666666666666665e-06,c
noarr,standard,trisolv,4,MINI,1.6666666666666665,1e-06,1.6666666666666665e-06,c
noarr,standard,trisolv,5,MINI,1.6666666666666665,1e-06,1.6666666666666665e-06,c
c,AllHints,trmm,1,MINI,0.27906976744186046,2.8666666666666668e-05,8e-06,c
c,AllHints,trmm,2,MINI,4.0,2e-06,8e-06,c
c,AllHints,trmm,3,MINI,4.800000000000001,1.6666666666666665e-06,8e-06,c
c,AllHints,trmm,4,MINI,3.428571428571429,2.333333333333333e-06,8e-06,c
c,AllHints,trmm,5,MINI,0.048484848484848485,0.000165,8e-06,c
c,ChooseHints,trmm,1,MINI,4.800000000000001,1.6666666666666665e-06,8e-06,c
c,ChooseHints,trmm,2,MINI,4.0,2e-06,8e-06,c
c,ChooseHints,trmm,3,MINI,4.0,2e-06,8e-06,c
c,ChooseHints,trmm,4,MINI,0.08275862068965517,9.666666666666667e-05,8e-06,c
c,ChooseHints,trmm,5,MINI,4.0,2e-06,8e-06,c
c,FromPlan,trmm,1,MINI,4.0,2e-06,8e-06,c
c,FromPlan,trmm,2,MINI,3.428571428571429,2.333333333333333e-06,8e-06,c
c,FromPlan,trmm,3,MINI,4.800000000000001,1.6666666666666665e-06,8e-06,c
c,FromPlan,trmm,4,MINI,0.27586206896551724,2.9e-05,8e-06,c
c,FromPlan,trmm,5,MINI,0.13333333333333333,6e-05,8e-06,c
c,Naive,trmm,1,MINI,3.428571428571429,2.333333333333333e-06,8e-06,c
c,Naive,trmm,2,MINI,4.800000000000001,1.6666666666666665e-06,8e-06,c
c,Naive,trmm,3,MINI,3.0,2.6666666666666664e-06,8e-06,c
c,Naive,trmm,4,MINI,4.0,2e-06,8e-06,c
c,Naive,trmm,5,MINI,4.800000000000001,1.6666666666666665e-06,8e-06,c
c,standard,trmm,1,MINI,1.0,8e-06,8e-06,c
exo,AllHints,trmm,1,MINI,0.018072289156626505,0.0004426666666666667,8e-06,c
exo,AllHints,trmm,2,MINI,0.22857142857142854,3.5000000000000004e-05,8e-06,c
exo,AllHints,trmm,3,MINI,0.017057569296375266,0.000469,8e-06,c
exo,AllHints,trmm,4,MINI,0.0019558308206340147,0.004090333333333334,8e-06,c
exo,ChooseHints,trmm,2,MINI,1.2000000000000002,6.666666666666666e-06,8e-06,c
exo,ChooseHints,trmm,4,MINI,0.186046511627907,4.2999999999999995e-05,8e-06,c
exo,FromPlan,trmm,1,MINI,0.24000000000000002,3.333333333333333e-05,8e-06,c
exo,FromPlan,trmm,4,MINI,0.25806451612903225,3.1e-05,8e-06,c
exo,Naive,trmm,2,MINI,1.5999999999999999,5e-06,8e-06,c
exo,Naive,trmm,3,MINI,1.3333333333333333,6e-06,8e-06,c
exo,Naive,trmm,4,MINI,0.0017479970866715222,0.004576666666666666,8e-06,c
exo,Naive,trmm,5,MINI,0.018209408194233685,0.0004393333333333334,8e-06,c
exo,standard,trmm,1,MINI,0.8275862068965517,9.666666666666667e-06,8e-06,c
exo,standard,trmm,2,MINI,0.8275862068965517,9.666666666666667e-06,8e-06,c
exo,standard,trmm,3,MINI,0.7999999999999999,1e-05,8e-06,c
exo,standard,trmm,4,MINI,0.8888888888888888,9e-06,8e-06,c
exo,standard,trmm,5,MINI,0.857142857142857,9.333333333333334e-06,8e-06,c
halide,standard,trmm,1,MINI,0.34285714285714286,2.3333333333333332e-05,8e-06,c
halide,standard,trmm,4,MINI,0.3243243243243243,2.466666666666667e-05,8e-06,c
halide,standard,trmm,5,MINI,0.24000000000000002,3.333333333333333e-05,8e-06,c
noarr,AllHints,trmm,1,MINI,0.0030557677616501145,0.002618,8e-06,c
noarr,AllHints,trmm,3,MINI,4.0,2e-06,8e-06,c
noarr,AllHints,trmm,4,MINI,2.6666666666666665,3e-06,8e-06,c
noarr,AllHints,trmm,5,MINI,4.0,2e-06,8e-06,c
noarr,ChooseHints,trmm,1,MINI,2.6666666666666665,3e-06,8e-06,c
noarr,ChooseHints,trmm,2,MINI,1.5999999999999999,5e-06,8e-06,c
noarr,ChooseHints,trmm,3,MINI,1.5999999999999999,5e-06,8e-06,c
noarr,ChooseHints,trmm,4,MINI,4.0,2e-06,8e-06,c
noarr,ChooseHints,trmm,5,MINI,4.0,2e-06,8e-06,c
noarr,FromPlan,trmm,2,MINI,0.6666666666666666,1.2e-05,8e-06,c
noarr,FromPlan,trmm,3,MINI,2.6666666666666665,3e-06,8e-06,c
noarr,FromPlan,trmm,4,MINI,2.6666666666666665,3e-06,8e-06,c
noarr,FromPlan,trmm,5,MINI,2.6666666666666665,3e-06,8e-06,c
noarr,Naive,trmm,1,MINI,4.0,2e-06,8e-06,c
noarr,Naive,trmm,2,MINI,3.428571428571429,2.333333333333333e-06,8e-06,c
noarr,Naive,trmm,3,MINI,1.5999999999999999,5e-06,8e-06,c
noarr,Naive,trmm,4,MINI,1.263157894736842,6.333333333333333e-06,8e-06,c
noarr,Naive,trmm,5,MINI,3.428571428571429,2.333333333333333e-06,8e-06,c
noarr,standard,trmm,1,MINI,2.6666666666666665,3e-06,8e-06,c
noarr,standard,trmm,2,MINI,1.3333333333333333,6e-06,8e-06,c
noarr,standard,trmm,3,MINI,1.5999999999999999,5e-06,8e-06,c
noarr,standard,trmm,4,MINI,0.7999999999999999,1e-05,8e-06,c
noarr,standard,trmm,5,MINI,1.4999999999999996,5.3333333333333345e-06,8e-06,c
