framework,version,algorithm,repetition,dataset_size,speedup,optimized_time_s,baseline_time_s,baseline_framework
c,AllHints,3mm,1,EXTRALARGE,119.38391729609405,0.3626753333333333,43.297602000000005,c
c,AllHints,3mm,2,EXTRALARGE,119.9251105144786,0.3610386666666667,43.297602000000005,c
c,AllHints,3mm,4,EXTRALARGE,115.74433431737805,0.37407966666666664,43.297602000000005,c
c,AllHints,3mm,5,EXTRALARGE,70.08632372286365,0.6177753333333333,43.297602000000005,c
c,ChooseHints,3mm,1,EXTRALARGE,117.09122262987572,0.36977666666666664,43.297602000000005,c
c,ChooseHints,3mm,2,EXTRALARGE,118.03597434142911,0.366817,43.297602000000005,c
c,ChooseHints,3mm,3,EXTRALARGE,120.80658064960154,0.3584043333333333,43.297602000000005,c
c,ChooseHints,3mm,4,EXTRALARGE,116.84244017227793,0.37056400000000006,43.297602000000005,c
c,FromPlan,3mm,1,EXTRALARGE,6.729504028289729,6.4339960000000005,43.297602000000005,c
c,FromPlan,3mm,2,EXTRALARGE,192.53618739448092,0.22488033333333335,43.297602000000005,c
c,FromPlan,3mm,3,EXTRALARGE,8.30186604839585,5.215406,43.297602000000005,c
c,FromPlan,3mm,4,EXTRALARGE,7.933621532955855,5.4574826666666665,43.297602000000005,c
c,FromPlan,3mm,5,EXTRALARGE,6.731516300240805,6.4320726666666665,43.297602000000005,c
c,Naive,3mm,1,EXTRALARGE,3.6581249271819622,11.836009666666667,43.297602000000005,c
c,Naive,3mm,2,EXTRALARGE,8.50411896474458,5.0913683333333335,43.297602000000005,c
c,Naive,3mm,3,EXTRALARGE,3.6514582550550205,11.857619333333332,43.297602000000005,c
c,Naive,3mm,4,EXTRALARGE,3.640227464321764,11.894202333333332,43.297602000000005,c
c,Naive,3mm,5,EXTRALARGE,3.5281709359039257,12.271968333333334,43.297602000000005,c
c,standard,3mm,1,EXTRALARGE,1.0,43.297602000000005,43.297602000000005,c
exo,AllHints,3mm,3,EXTRALARGE,111.14983211081714,0.38954266666666665,43.297602000000005,c
exo,AllHints,3mm,4,EXTRALARGE,51.26362803987656,0.8446066666666666,43.297602000000005,c
exo,ChooseHints,3mm,1,EXTRALARGE,120.0126449886633,0.3607753333333334,43.297602000000005,c
exo,ChooseHints,3mm,2,EXTRALARGE,125.0113623239735,0.34634933333333334,43.297602000000005,c
exo,ChooseHints,3mm,3,EXTRALARGE,120.85120243837086,0.358272,43.297602000000005,c
exo,ChooseHints,3mm,4,EXTRALARGE,124.60602171085196,0.34747600000000006,43.297602000000005,c
exo,FromPlan,3mm,3,EXTRALARGE,5.718054959494428,7.572085666666666,43.297602000000005,c
exo,FromPlan,3mm,4,EXTRALARGE,120.91014919593557,0.3580973333333333,43.297602000000005,c
exo,FromPlan,3mm,5,EXTRALARGE,5.718384223534907,7.571649666666667,43.297602000000005,c
exo,Naive,3mm,1,EXTRALARGE,56.563766005514736,0.7654653333333333,43.297602000000005,c
exo,Naive,3mm,2,EXTRALARGE,1.9674736330299412,22.0067,43.297602000000005,c
exo,Naive,3mm,3,EXTRALARGE,123.80529942716623,0.3497233333333334,43.297602000000005,c
exo,Naive,3mm,4,EXTRALARGE,3.4524473984926245,12.541133,43.297602000000005,c
exo,Naive,3mm,5,EXTRALARGE,52.398104850421156,0.8263199999999999,43.297602000000005,c
exo,standard,3mm,1,EXTRALARGE,0.9870452670351526,43.86587266666667,43.297602000000005,c
exo,standard,3mm,2,EXTRALARGE,0.9803080968809058,44.167341,43.297602000000005,c
exo,standard,3mm,3,EXTRALARGE,0.9853617505047851,43.940818666666665,43.297602000000005,c
exo,standard,3mm,4,EXTRALARGE,0.9849798929749082,43.957853666666665,43.297602000000005,c
exo,standard,3mm,5,EXTRALARGE,0.98403473175898,44.000075,43.297602000000005,c
halide,AllHints,3mm,1,EXTRALARGE,53.711290167849846,0.8061173333333334,43.297602000000005,c
halide,AllHints,3mm,3,EXTRALARGE,81.59147105195385,0.5306633333333334,43.297602000000005,c
halide,AllHints,3mm,5,EXTRALARGE,81.97141506653685,0.5282036666666666,43.297602000000005,c
halide,ChooseHints,3mm,2,EXTRALARGE,84.18438762997779,0.5143186666666667,43.297602000000005,c
halide,ChooseHints,3mm,3,EXTRALARGE,80.30650840235603,0.5391543333333334,43.297602000000005,c
halide,FromPlan,3mm,4,EXTRALARGE,88.75842431746528,0.48781399999999997,43.297602000000005,c
halide,Naive,3mm,2,EXTRALARGE,46.830562041132424,0.9245586666666666,43.297602000000005,c
halide,Naive,3mm,4,EXTRALARGE,81.8580770794143,0.528935,43.297602000000005,c
halide,Naive,3mm,5,EXTRALARGE,5.3737199371500575,8.057286666666668,43.297602000000005,c
halide,standard,3mm,3,EXTRALARGE,2.250323105565212,19.240615666666667,43.297602000000005,c
halide,standard,3mm,4,EXTRALARGE,2.286548649342411,18.935788666666667,43.297602000000005,c
noarr,AllHints,3mm,1,EXTRALARGE,1.3292322830667171,32.573390333333336,43.297602000000005,c
noarr,AllHints,3mm,2,EXTRALARGE,3.1416684324917594,13.781722333333333,43.297602000000005,c
noarr,AllHints,3mm,3,EXTRALARGE,109.12592434525021,0.3967673333333333,43.297602000000005,c
noarr,AllHints,3mm,4,EXTRALARGE,3.201857219479897,13.522652333333333,43.297602000000005,c
noarr,AllHints,3mm,5,EXTRALARGE,0.979645903328347,44.197196,43.297602000000005,c
noarr,ChooseHints,3mm,1,EXTRALARGE,3.1802262022600254,13.614629666666666,43.297602000000005,c
noarr,ChooseHints,3mm,2,EXTRALARGE,3.1280919102123845,13.841537666666667,43.297602000000005,c
noarr,ChooseHints,3mm,3,EXTRALARGE,1.2393979188602633,34.93438333333334,43.297602000000005,c
noarr,ChooseHints,3mm,4,EXTRALARGE,1.2915234589593902,33.524441,43.297602000000005,c
noarr,ChooseHints,3mm,5,EXTRALARGE,3.123996333538341,13.859684,43.297602000000005,c
noarr,FromPlan,3mm,1,EXTRALARGE,1.4070521677397003,30.771852666666664,43.297602000000005,c
noarr,FromPlan,3mm,2,EXTRALARGE,1.4071681366556186,30.76931666666667,43.297602000000005,c
noarr,FromPlan,3mm,3,EXTRALARGE,3.139466296941609,13.791389333333333,43.297602000000005,c
noarr,FromPlan,3mm,4,EXTRALARGE,1.3310009230423674,32.53010666666667,43.297602000000005,c
noarr,FromPlan,3mm,5,EXTRALARGE,1.373439661284889,31.524939333333332,43.297602000000005,c
noarr,Naive,3mm,1,EXTRALARGE,3.157826863027764,13.711202,43.297602000000005,c
noarr,Naive,3mm,2,EXTRALARGE,3.1197836292212093,13.878399,43.297602000000005,c
noarr,Naive,3mm,3,EXTRALARGE,3.1454746354274117,13.765045666666666,43.297602000000005,c
noarr,Naive,3mm,4,EXTRALARGE,3.1956993001719796,13.548709666666667,43.297602000000005,c
noarr,Naive,3mm,5,EXTRALARGE,3.1615445996221125,13.695078666666667,43.297602000000005,c
noarr,standard,3mm,1,EXTRALARGE,0.9763301464873981,44.347296,43.297602000000005,c
noarr,standard,3mm,2,EXTRALARGE,0.9868203788980198,43.875869333333334,43.297602000000005,c
noarr,standard,3mm,3,EXTRALARGE,3.1760187668848427,13.632665666666668,43.297602000000005,c
noarr,standard,3mm,4,EXTRALARGE,3.196072957862624,13.547125666666666,43.297602000000005,c
noarr,standard,3mm,5,EXTRALARGE,0.9773446487469568,44.301262666666666,43.297602000000005,c
c,AllHints,adi,1,EXTRALARGE,6.707510368534264,12.750275333333335,85.522604,c
c,AllHints,adi,2,EXTRALARGE,6.918723678888555,12.361037666666666,85.522604,c
c,AllHints,adi,3,EXTRALARGE,5.870762181168868,14.567547,85.522604,c
c,AllHints,adi,4,EXTRALARGE,6.143191479478544,13.921526666666667,85.522604,c
c,AllHints,adi,5,EXTRALARGE,7.33099569239969,11.665892,85.522604,c
c,ChooseHints,adi,2,EXTRALARGE,7.667025163488596,11.154600666666667,85.522604,c
c,ChooseHints,adi,3,EXTRALARGE,0.9970470608321838,85.77589499999999,85.522604,c
c,ChooseHints,adi,4,EXTRALARGE,6.669983324249561,12.822011666666668,85.522604,c
c,ChooseHints,adi,5,EXTRALARGE,7.753899051938208,11.029625666666668,85.522604,c
c,FromPlan,adi,1,EXTRALARGE,0.9976230340754181,85.72637266666668,85.522604,c
c,FromPlan,adi,2,EXTRALARGE,0.8091722444583277,105.69147,85.522604,c
c,FromPlan,adi,3,EXTRALARGE,1.4868650202201055,57.518741,85.522604,c
c,FromPlan,adi,4,EXTRALARGE,8.057232875109438,10.614389000000001,85.522604,c
c,FromPlan,adi,5,EXTRALARGE,0.897668164863131,95.27195833333333,85.522604,c
c,Naive,adi,1,EXTRALARGE,1.015151232670073,84.24617066666667,85.522604,c
c,Naive,adi,2,EXTRALARGE,0.8906171188525508,96.02622966666667,85.522604,c
c,Naive,adi,3,EXTRALARGE,1.0166679771546892,84.12048566666665,85.522604,c
c,Naive,adi,4,EXTRALARGE,7.185152660101631,11.902684333333333,85.522604,c
c,Naive,adi,5,EXTRALARGE,7.398320439772581,11.559732333333335,85.522604,c
c,standard,adi,1,EXTRALARGE,1.0,85.522604,85.522604,c
exo,AllHints,adi,1,EXTRALARGE,6.499447743622124,13.158441666666667,85.522604,c
exo,AllHints,adi,2,EXTRALARGE,7.949552367940781,10.758166000000001,85.522604,c
exo,AllHints,adi,3,EXTRALARGE,6.365397526025735,13.435547999999999,85.522604,c
exo,AllHints,adi,5,EXTRALARGE,6.650799314586217,12.858996333333332,85.522604,c
exo,ChooseHints,adi,1,EXTRALARGE,6.328402882433639,13.514089666666669,85.522604,c
exo,ChooseHints,adi,2,EXTRALARGE,4.017973651752957,21.285008666666666,85.522604,c
exo,ChooseHints,adi,4,EXTRALARGE,4.9165129808106425,17.394971666666667,85.522604,c
exo,ChooseHints,adi,5,EXTRALARGE,4.959392863230348,17.244571333333337,85.522604,c
exo,FromPlan,adi,2,EXTRALARGE,0.8711757847153854,98.16917033333334,85.522604,c
exo,FromPlan,adi,4,EXTRALARGE,13.958823594698943,6.126777333333333,85.522604,c
exo,Naive,adi,1,EXTRALARGE,6.468132409348315,13.222147999999999,85.522604,c
exo,Naive,adi,2,EXTRALARGE,6.80700311471401,12.563914333333335,85.522604,c
exo,Naive,adi,4,EXTRALARGE,7.09439547379405,12.054953,85.522604,c
exo,standard,adi,2,EXTRALARGE,0.740502370015984,115.492681,85.522604,c
exo,standard,adi,3,EXTRALARGE,0.726429464033268,117.73008699999998,85.522604,c
exo,standard,adi,4,EXTRALARGE,0.7440574440793737,114.940862,85.522604,c
halide,ChooseHints,adi,2,EXTRALARGE,0.769216448912276,111.18145499999999,85.522604,c
halide,ChooseHints,adi,3,EXTRALARGE,0.5472225442066626,156.28486966666665,85.522604,c
halide,ChooseHints,adi,4,EXTRALARGE,0.8058685622537094,106.12475533333333,85.522604,c
halide,FromPlan,adi,3,EXTRALARGE,1.0337684010894113,82.72897866666666,85.522604,c
halide,Naive,adi,2,EXTRALARGE,0.8358542430563937,102.31760466666667,85.522604,c
halide,Naive,adi,4,EXTRALARGE,4.230467939220039,20.215873333333334,85.522604,c
halide,standard,adi,1,EXTRALARGE,0.8441248388801591,101.31511366666666,85.522604,c
halide,standard,adi,2,EXTRALARGE,0.8323823091585231,102.74437966666666,85.522604,c
halide,standard,adi,3,EXTRALARGE,0.8437863974783237,101.355751,85.522604,c
halide,standard,adi,5,EXTRALARGE,0.8305949650352215,102.96547366666665,85.522604,c
noarr,AllHints,adi,1,EXTRALARGE,5.9373087329445555,14.404271,85.522604,c
noarr,AllHints,adi,2,EXTRALARGE,6.022251654994919,14.201101,85.522604,c
noarr,AllHints,adi,3,EXTRALARGE,5.179116394068856,16.512972,85.522604,c
noarr,AllHints,adi,4,EXTRALARGE,6.980638134313119,12.251401999999999,85.522604,c
noarr,AllHints,adi,5,EXTRALARGE,1.0931502036978387,78.234998,85.522604,c
noarr,ChooseHints,adi,1,EXTRALARGE,6.122350796582928,13.968916,85.522604,c
noarr,ChooseHints,adi,2,EXTRALARGE,1.1845698135499745,72.19718333333334,85.522604,c
noarr,ChooseHints,adi,3,EXTRALARGE,6.898540073957541,12.397203333333332,85.522604,c
noarr,ChooseHints,adi,4,EXTRALARGE,6.184781797219822,13.827909666666665,85.522604,c
noarr,ChooseHints,adi,5,EXTRALARGE,5.5506292360497635,15.407731333333333,85.522604,c
noarr,FromPlan,adi,1,EXTRALARGE,0.8139003320311515,105.07749,85.522604,c
noarr,FromPlan,adi,2,EXTRALARGE,5.716383885911795,14.960962333333335,85.522604,c
noarr,FromPlan,adi,3,EXTRALARGE,6.984694494665145,12.244287,85.522604,c
noarr,FromPlan,adi,4,EXTRALARGE,1.1185884757077131,76.45582433333333,85.522604,c
noarr,FromPlan,adi,5,EXTRALARGE,0.9732079598749805,87.87700833333334,85.522604,c
noarr,Naive,adi,1,EXTRALARGE,0.9155102017687935,93.41523866666667,85.522604,c
noarr,Naive,adi,2,EXTRALARGE,0.9386149101228592,91.11575266666667,85.522604,c
noarr,Naive,adi,5,EXTRALARGE,0.9246156790281285,92.49529933333334,85.522604,c
noarr,standard,adi,1,EXTRALARGE,0.9245919716183988,92.49767100000001,85.522604,c
noarr,standard,adi,3,EXTRALARGE,0.8518802123157131,100.392758,85.522604,c
noarr,standard,adi,4,EXTRALARGE,0.9319389317734066,91.76846366666666,85.522604,c
noarr,standard,adi,5,EXTRALARGE,0.9303696117987814,91.923256,85.522604,c
c,AllHints,atax,1,EXTRALARGE,7.268251273344652,0.001178,0.008562,c
c,AllHints,atax,2,EXTRALARGE,4.135565931412011,0.0020703333333333333,0.008562,c
c,AllHints,atax,3,EXTRALARGE,8.410609037328094,0.001018,0.008562,c
c,AllHints,atax,4,EXTRALARGE,7.508330897398422,0.0011403333333333333,0.008562,c
c,AllHints,atax,5,EXTRALARGE,7.5480458419042025,0.0011343333333333333,0.008562,c
c,ChooseHints,atax,1,EXTRALARGE,7.644642857142856,0.0011200000000000001,0.008562,c
c,ChooseHints,atax,2,EXTRALARGE,5.876458476321209,0.001457,0.008562,c
c,ChooseHints,atax,3,EXTRALARGE,3.252627580093706,0.0026323333333333337,0.008562,c
c,ChooseHints,atax,4,EXTRALARGE,5.640316205533597,0.001518,0.008562,c
c,ChooseHints,atax,5,EXTRALARGE,6.181949458483754,0.001385,0.008562,c
c,FromPlan,atax,1,EXTRALARGE,0.8698272942770063,0.009843333333333334,0.008562,c
c,FromPlan,atax,3,EXTRALARGE,1.2500486665368893,0.006849333333333333,0.008562,c
c,FromPlan,atax,4,EXTRALARGE,1.038111789192903,0.008247666666666667,0.008562,c
c,FromPlan,atax,5,EXTRALARGE,1.0589108298635446,0.008085666666666666,0.008562,c
c,Naive,atax,1,EXTRALARGE,1.0119769915688284,0.008460666666666667,0.008562,c
c,Naive,atax,2,EXTRALARGE,1.0311935445019873,0.008303,0.008562,c
c,Naive,atax,3,EXTRALARGE,1.033725048293625,0.008282666666666667,0.008562,c
c,Naive,atax,4,EXTRALARGE,1.0142546890424482,0.008441666666666667,0.008562,c
c,standard,atax,1,EXTRALARGE,1.0,0.008562,0.008562,c
exo,AllHints,atax,1,EXTRALARGE,1.0026935238318304,0.008539,0.008562,c
exo,AllHints,atax,2,EXTRALARGE,1.4631728852178865,0.005851666666666667,0.008562,c
exo,AllHints,atax,4,EXTRALARGE,1.7221589004358029,0.004971666666666667,0.008562,c
exo,ChooseHints,atax,1,EXTRALARGE,3.9263222256190766,0.0021806666666666667,0.008562,c
exo,ChooseHints,atax,2,EXTRALARGE,1.7391834247410116,0.004923,0.008562,c
exo,ChooseHints,atax,3,EXTRALARGE,0.4452649643767227,0.019229,0.008562,c
exo,ChooseHints,atax,4,EXTRALARGE,4.107788261634416,0.0020843333333333334,0.008562,c
exo,ChooseHints,atax,5,EXTRALARGE,1.0736498913225214,0.007974666666666666,0.008562,c
exo,FromPlan,atax,1,EXTRALARGE,1.2126333679539232,0.0070606666666666665,0.008562,c
exo,FromPlan,atax,2,EXTRALARGE,0.4159878212706691,0.02058233333333333,0.008562,c
exo,FromPlan,atax,4,EXTRALARGE,0.7518880627597916,0.011387333333333333,0.008562,c
exo,Naive,atax,4,EXTRALARGE,1.1272711313964716,0.007595333333333333,0.008562,c
exo,standard,atax,1,EXTRALARGE,0.9833090881249522,0.008707333333333333,0.008562,c
exo,standard,atax,2,EXTRALARGE,0.9865949683118879,0.008678333333333333,0.008562,c
exo,standard,atax,3,EXTRALARGE,0.983384379785605,0.008706666666666666,0.008562,c
exo,standard,atax,4,EXTRALARGE,0.9821059876118374,0.008718000000000002,0.008562,c
exo,standard,atax,5,EXTRALARGE,0.9805313788364638,0.008731999999999998,0.008562,c
halide,Naive,atax,2,EXTRALARGE,0.07287573447425688,0.11748766666666666,0.008562,c
halide,standard,atax,1,EXTRALARGE,0.566095120553621,0.015124666666666666,0.008562,c
halide,standard,atax,2,EXTRALARGE,0.8727532193945161,0.009810333333333332,0.008562,c
halide,standard,atax,3,EXTRALARGE,0.8754601226993867,0.009779999999999999,0.008562,c
halide,standard,atax,4,EXTRALARGE,0.5628574559000767,0.015211666666666667,0.008562,c
halide,standard,atax,5,EXTRALARGE,0.5657958500374466,0.015132666666666668,0.008562,c
noarr,AllHints,atax,1,EXTRALARGE,1.0348912167606767,0.008273333333333334,0.008562,c
noarr,AllHints,atax,2,EXTRALARGE,1.0358093394628598,0.008266,0.008562,c
noarr,AllHints,atax,3,EXTRALARGE,1.8716117749927135,0.004574666666666667,0.008562,c
noarr,AllHints,atax,4,EXTRALARGE,1.037022084056684,0.008256333333333333,0.008562,c
noarr,AllHints,atax,5,EXTRALARGE,1.8236421725239615,0.004695,0.008562,c
noarr,ChooseHints,atax,1,EXTRALARGE,1.0371477024953566,0.008255333333333333,0.008562,c
noarr,ChooseHints,atax,2,EXTRALARGE,1.0324369950560714,0.008293,0.008562,c
noarr,ChooseHints,atax,3,EXTRALARGE,0.9586474583862059,0.008931333333333333,0.008562,c
noarr,ChooseHints,atax,4,EXTRALARGE,1.038027884421095,0.008248333333333335,0.008562,c
noarr,ChooseHints,atax,5,EXTRALARGE,1.0346827794561935,0.008275,0.008562,c
noarr,FromPlan,atax,2,EXTRALARGE,1.0564283951632802,0.008104666666666668,0.008562,c
noarr,FromPlan,atax,4,EXTRALARGE,1.080696735106025,0.007922666666666666,0.008562,c
noarr,Naive,atax,1,EXTRALARGE,1.0407617504051865,0.008226666666666667,0.008562,c
noarr,Naive,atax,2,EXTRALARGE,1.0427052041893319,0.008211333333333333,0.008562,c
noarr,Naive,atax,3,EXTRALARGE,1.0410570258987557,0.008224333333333333,0.008562,c
noarr,Naive,atax,4,EXTRALARGE,1.0434676633084172,0.008205333333333334,0.008562,c
noarr,Naive,atax,5,EXTRALARGE,1.042408993141512,0.008213666666666668,0.008562,c
noarr,standard,atax,1,EXTRALARGE,1.0335586673104782,0.008284,0.008562,c
noarr,standard,atax,2,EXTRALARGE,1.033350766383715,0.008285666666666667,0.008562,c
noarr,standard,atax,3,EXTRALARGE,1.0319392551524647,0.008297,0.008562,c
noarr,standard,atax,4,EXTRALARGE,1.032561505065123,0.008292,0.008562,c
noarr,standard,atax,5,EXTRALARGE,1.0345577573707105,0.008276,0.008562,c
c,AllHints,bicg,1,EXTRALARGE,12.742237844171061,0.001138,0.014500666666666667,c
c,AllHints,bicg,3,EXTRALARGE,13.154520713637737,0.0011023333333333334,0.014500666666666667,c
c,AllHints,bicg,4,EXTRALARGE,12.89330171902786,0.0011246666666666666,0.014500666666666667,c
c,AllHints,bicg,5,EXTRALARGE,13.174439733494852,0.0011006666666666667,0.014500666666666667,c
c,ChooseHints,bicg,1,EXTRALARGE,2.3639821758504507,0.0061340000000000006,0.014500666666666667,c
c,ChooseHints,bicg,2,EXTRALARGE,13.198422330097085,0.0010986666666666668,0.014500666666666667,c
c,ChooseHints,bicg,3,EXTRALARGE,13.158499697519662,0.001102,0.014500666666666667,c
c,ChooseHints,bicg,4,EXTRALARGE,2.3675846304560793,0.006124666666666667,0.014500666666666667,c
c,ChooseHints,bicg,5,EXTRALARGE,13.079374624173182,0.0011086666666666667,0.014500666666666667,c
c,FromPlan,bicg,1,EXTRALARGE,11.334549244398122,0.0012793333333333335,0.014500666666666667,c
c,FromPlan,bicg,2,EXTRALARGE,2.3168939071154666,0.006258666666666667,0.014500666666666667,c
c,FromPlan,bicg,3,EXTRALARGE,2.1489897742429482,0.006747666666666667,0.014500666666666667,c
c,FromPlan,bicg,4,EXTRALARGE,2.1440118284869394,0.006763333333333333,0.014500666666666667,c
c,FromPlan,bicg,5,EXTRALARGE,2.110927795031056,0.006869333333333334,0.014500666666666667,c
c,Naive,bicg,1,EXTRALARGE,2.398654609616233,0.006045333333333333,0.014500666666666667,c
c,Naive,bicg,2,EXTRALARGE,2.376768835709993,0.006101,0.014500666666666667,c
c,Naive,bicg,3,EXTRALARGE,2.392849284928493,0.00606,0.014500666666666667,c
c,Naive,bicg,4,EXTRALARGE,2.389038387610522,0.006069666666666667,0.014500666666666667,c
c,Naive,bicg,5,EXTRALARGE,2.3881203337725077,0.006072,0.014500666666666667,c
c,standard,bicg,1,EXTRALARGE,1.0,0.014500666666666667,0.014500666666666667,c
exo,AllHints,bicg,2,EXTRALARGE,2.1567674764501734,0.006723333333333334,0.014500666666666667,c
exo,AllHints,bicg,3,EXTRALARGE,0.9985309645136116,0.014522,0.014500666666666667,c
exo,AllHints,bicg,4,EXTRALARGE,2.2355722287887354,0.0064863333333333335,0.014500666666666667,c
exo,AllHints,bicg,5,EXTRALARGE,2.21632361931934,0.006542666666666666,0.014500666666666667,c
exo,ChooseHints,bicg,1,EXTRALARGE,2.2155334861217217,0.006545,0.014500666666666667,c
exo,ChooseHints,bicg,2,EXTRALARGE,2.101647422580801,0.006899666666666668,0.014500666666666667,c
exo,ChooseHints,bicg,4,EXTRALARGE,0.9859033632490256,0.014707999999999999,0.014500666666666667,c
exo,ChooseHints,bicg,5,EXTRALARGE,1.0076438432317243,0.014390666666666668,0.014500666666666667,c
exo,FromPlan,bicg,2,EXTRALARGE,2.1535643564356435,0.006733333333333333,0.014500666666666667,c
exo,Naive,bicg,1,EXTRALARGE,0.9020258361498746,0.016075666666666665,0.014500666666666667,c
exo,Naive,bicg,2,EXTRALARGE,0.9954235504095922,0.014567333333333335,0.014500666666666667,c
exo,Naive,bicg,3,EXTRALARGE,2.3612875210334905,0.006141000000000001,0.014500666666666667,c
exo,Naive,bicg,4,EXTRALARGE,1.035564654351552,0.014002666666666668,0.014500666666666667,c
exo,Naive,bicg,5,EXTRALARGE,0.9903474024495743,0.014642,0.014500666666666667,c
exo,standard,bicg,1,EXTRALARGE,0.9985768065375081,0.014521333333333332,0.014500666666666667,c
exo,standard,bicg,2,EXTRALARGE,0.9979811883459508,0.014530000000000001,0.014500666666666667,c
exo,standard,bicg,3,EXTRALARGE,0.9964495957120278,0.014552333333333334,0.014500666666666667,c
exo,standard,bicg,4,EXTRALARGE,0.9955146688635635,0.014566,0.014500666666666667,c
exo,standard,bicg,5,EXTRALARGE,0.9992878965382582,0.014511000000000001,0.014500666666666667,c
halide,AllHints,bicg,1,EXTRALARGE,1.3226110486151226,0.010963666666666668,0.014500666666666667,c
halide,AllHints,bicg,5,EXTRALARGE,1.3518754467199106,0.010726333333333333,0.014500666666666667,c
halide,FromPlan,bicg,1,EXTRALARGE,1.1460863608820508,0.012652333333333333,0.014500666666666667,c
halide,FromPlan,bicg,4,EXTRALARGE,0.6343156267770957,0.022860333333333333,0.014500666666666667,c
halide,Naive,bicg,1,EXTRALARGE,2.8776873718330362,0.005038999999999999,0.014500666666666667,c
halide,Naive,bicg,3,EXTRALARGE,2.265847179540601,0.006399666666666667,0.014500666666666667,c
halide,standard,bicg,1,EXTRALARGE,0.9291328492097395,0.015606666666666666,0.014500666666666667,c
halide,standard,bicg,2,EXTRALARGE,1.3546116958335928,0.010704666666666668,0.014500666666666667,c
halide,standard,bicg,3,EXTRALARGE,0.9339802907014192,0.015525666666666667,0.014500666666666667,c
halide,standard,bicg,4,EXTRALARGE,0.9261656376410473,0.01565666666666667,0.014500666666666667,c
halide,standard,bicg,5,EXTRALARGE,0.9436647215774745,0.015366333333333334,0.014500666666666667,c
noarr,AllHints,bicg,1,EXTRALARGE,2.229385537846564,0.006504333333333333,0.014500666666666667,c
noarr,AllHints,bicg,2,EXTRALARGE,2.038519212746017,0.007113333333333333,0.014500666666666667,c
noarr,AllHints,bicg,3,EXTRALARGE,2.1316150529204236,0.006802666666666666,0.014500666666666667,c
noarr,AllHints,bicg,4,EXTRALARGE,2.1281737684066337,0.006813666666666667,0.014500666666666667,c
noarr,AllHints,bicg,5,EXTRALARGE,2.217114316293767,0.006540333333333333,0.014500666666666667,c
noarr,ChooseHints,bicg,1,EXTRALARGE,2.2146311663187905,0.006547666666666667,0.014500666666666667,c
noarr,ChooseHints,bicg,2,EXTRALARGE,1.114749897498975,0.013008,0.014500666666666667,c
noarr,ChooseHints,bicg,3,EXTRALARGE,2.1375853766399686,0.006783666666666667,0.014500666666666667,c
noarr,ChooseHints,bicg,4,EXTRALARGE,2.1330783563793276,0.006797999999999999,0.014500666666666667,c
noarr,ChooseHints,bicg,5,EXTRALARGE,2.122566479629178,0.0068316666666666664,0.014500666666666667,c
noarr,FromPlan,bicg,2,EXTRALARGE,2.286930922090211,0.006340666666666667,0.014500666666666667,c
noarr,FromPlan,bicg,5,EXTRALARGE,2.2901816267438804,0.006331666666666666,0.014500666666666667,c
noarr,Naive,bicg,1,EXTRALARGE,2.22459728969573,0.0065183333333333334,0.014500666666666667,c
noarr,Naive,bicg,2,EXTRALARGE,2.3049859587770887,0.006291000000000001,0.014500666666666667,c
noarr,Naive,bicg,3,EXTRALARGE,2.27651891778743,0.006369666666666667,0.014500666666666667,c
noarr,Naive,bicg,4,EXTRALARGE,2.2548074431140828,0.006431,0.014500666666666667,c
noarr,Naive,bicg,5,EXTRALARGE,2.1289028090437507,0.006811333333333333,0.014500666666666667,c
noarr,standard,bicg,1,EXTRALARGE,1.110424749846845,0.013058666666666668,0.014500666666666667,c
noarr,standard,bicg,2,EXTRALARGE,1.1096599750019132,0.013067666666666667,0.014500666666666667,c
noarr,standard,bicg,3,EXTRALARGE,1.1096882812101423,0.013067333333333334,0.014500666666666667,c
noarr,standard,bicg,4,EXTRALARGE,1.11218489543386,0.013038,0.014500666666666667,c
noarr,standard,bicg,5,EXTRALARGE,1.1136084374360025,0.013021333333333334,0.014500666666666667,c
c,AllHints,cholesky,1,EXTRALARGE,1.0065694073948466,16.199381,16.305801333333335,c
c,AllHints,cholesky,2,EXTRALARGE,0.9920864535249555,16.435867333333334,16.305801333333335,c
c,AllHints,cholesky,3,EXTRALARGE,0.9937215485896105,16.408823333333334,16.305801333333335,c
c,AllHints,cholesky,4,EXTRALARGE,0.995926359512134,16.372497,16.305801333333335,c
c,AllHints,cholesky,5,EXTRALARGE,1.0073702558930375,16.186502666666666,16.305801333333335,c
c,ChooseHints,cholesky,1,EXTRALARGE,1.005694605901397,16.213472,16.305801333333335,c
c,ChooseHints,cholesky,3,EXTRALARGE,1.0075330064897468,16.183888,16.305801333333335,c
c,ChooseHints,cholesky,5,EXTRALARGE,1.0060803218838115,16.207256,16.305801333333335,c
c,FromPlan,cholesky,1,EXTRALARGE,2.1444940503133245,7.603565666666667,16.305801333333335,c
c,FromPlan,cholesky,2,EXTRALARGE,1.006428191426217,16.201654,16.305801333333335,c
c,FromPlan,cholesky,3,EXTRALARGE,1.001124441930995,16.287487,16.305801333333335,c
c,FromPlan,cholesky,4,EXTRALARGE,2.0769122437204994,7.8509823333333335,16.305801333333335,c
c,FromPlan,cholesky,5,EXTRALARGE,2.827169733853964,5.767535333333334,16.305801333333335,c
c,Naive,cholesky,1,EXTRALARGE,1.0079690445592737,16.176887,16.305801333333335,c
c,Naive,cholesky,2,EXTRALARGE,1.007851065496448,16.17878066666667,16.305801333333335,c
c,Naive,cholesky,3,EXTRALARGE,1.008105229349413,16.174701666666667,16.305801333333335,c
c,Naive,cholesky,4,EXTRALARGE,1.0004025136385701,16.299240666666666,16.305801333333335,c
c,Naive,cholesky,5,EXTRALARGE,1.0085438215031757,16.16766766666667,16.305801333333335,c
c,standard,cholesky,1,EXTRALARGE,1.0,16.305801333333335,16.305801333333335,c
exo,AllHints,cholesky,1,EXTRALARGE,1.0062466921638538,16.204576333333332,16.305801333333335,c
exo,AllHints,cholesky,2,EXTRALARGE,1.0081761406040954,16.173564,16.305801333333335,c
exo,AllHints,cholesky,3,EXTRALARGE,0.9994851315938387,16.314201,16.305801333333335,c
exo,AllHints,cholesky,5,EXTRALARGE,1.000091816244925,16.304304333333334,16.305801333333335,c
exo,ChooseHints,cholesky,2,EXTRALARGE,1.006495532770349,16.20057,16.305801333333335,c
exo,ChooseHints,cholesky,3,EXTRALARGE,1.0054166510889382,16.217954333333335,16.305801333333335,c
exo,ChooseHints,cholesky,4,EXTRALARGE,1.0001289482425637,16.303698999999998,16.305801333333335,c
exo,ChooseHints,cholesky,5,EXTRALARGE,1.0064375093406968,16.201504,16.305801333333335,c
exo,FromPlan,cholesky,1,EXTRALARGE,1.006571437184356,16.199348333333333,16.305801333333335,c
exo,FromPlan,cholesky,2,EXTRALARGE,1.0056384940689467,16.214376666666666,16.305801333333335,c
exo,FromPlan,cholesky,4,EXTRALARGE,1.0060610166432344,16.207566999999997,16.305801333333335,c
exo,FromPlan,cholesky,5,EXTRALARGE,1.0052680319966751,16.220352000000002,16.305801333333335,c
exo,Naive,cholesky,1,EXTRALARGE,0.47036597665033997,34.66620066666667,16.305801333333335,c
exo,Naive,cholesky,3,EXTRALARGE,1.0071053073622256,16.190761,16.305801333333335,c
exo,Naive,cholesky,4,EXTRALARGE,1.0081184426447336,16.174489666666666,16.305801333333335,c
exo,Naive,cholesky,5,EXTRALARGE,0.4651728468916527,35.05320966666667,16.305801333333335,c
exo,standard,cholesky,1,EXTRALARGE,0.9918783923377184,16.439314999999997,16.305801333333335,c
exo,standard,cholesky,2,EXTRALARGE,0.9924925277090946,16.429142666666667,16.305801333333335,c
exo,standard,cholesky,3,EXTRALARGE,0.992931382364554,16.421881333333335,16.305801333333335,c
exo,standard,cholesky,4,EXTRALARGE,0.9932496051765428,16.416619999999998,16.305801333333335,c
exo,standard,cholesky,5,EXTRALARGE,0.9924653840054783,16.429592,16.305801333333335,c
halide,AllHints,cholesky,4,EXTRALARGE,0.37256405425795386,43.76643733333333,16.305801333333335,c
halide,ChooseHints,cholesky,2,EXTRALARGE,1.0023892021953982,16.266936333333334,16.305801333333335,c
halide,Naive,cholesky,1,EXTRALARGE,1.0015658384207164,16.280309,16.305801333333335,c
halide,standard,cholesky,1,EXTRALARGE,0.9998884774929349,16.30762,16.305801333333335,c
c,AllHints,correlation,1,EXTRALARGE,19.721911837361127,1.032947,20.371689666666665,c
c,AllHints,correlation,2,EXTRALARGE,52.6620695657269,0.386838,20.371689666666665,c
c,AllHints,correlation,3,EXTRALARGE,20.272664458342483,1.0048846666666666,20.371689666666665,c
c,AllHints,correlation,4,EXTRALARGE,20.997030219679225,0.9702176666666666,20.371689666666665,c
c,ChooseHints,correlation,1,EXTRALARGE,3.4223719668097212,5.952506,20.371689666666665,c
c,ChooseHints,correlation,2,EXTRALARGE,1.6663731192111049,12.225166999999999,20.371689666666665,c
c,ChooseHints,correlation,3,EXTRALARGE,19.793322194373022,1.0292203333333332,20.371689666666665,c
c,ChooseHints,correlation,5,EXTRALARGE,20.141147380038944,1.0114463333333334,20.371689666666665,c
c,FromPlan,correlation,1,EXTRALARGE,3.3763433262449443,6.033654666666667,20.371689666666665,c
c,FromPlan,correlation,2,EXTRALARGE,3.3980568796771187,5.995099666666666,20.371689666666665,c
c,FromPlan,correlation,3,EXTRALARGE,4.981830908624936,4.089197333333334,20.371689666666665,c
c,FromPlan,correlation,4,EXTRALARGE,1.3315618340972781,15.299094000000002,20.371689666666665,c
c,FromPlan,correlation,5,EXTRALARGE,3.4279188262558935,5.942874,20.371689666666665,c
c,Naive,correlation,1,EXTRALARGE,3.055713420154196,6.666754,20.371689666666665,c
c,Naive,correlation,2,EXTRALARGE,3.401168466865844,5.989615000000001,20.371689666666665,c
c,Naive,correlation,3,EXTRALARGE,3.435885763772115,5.929094,20.371689666666665,c
c,Naive,correlation,4,EXTRALARGE,3.465721829679033,5.878050999999999,20.371689666666665,c
c,Naive,correlation,5,EXTRALARGE,3.4303781915419083,5.9386133333333335,20.371689666666665,c
c,standard,correlation,1,EXTRALARGE,1.0,20.371689666666665,20.371689666666665,c
exo,AllHints,correlation,1,EXTRALARGE,18.812369946538023,1.0828879999999999,20.371689666666665,c
exo,AllHints,correlation,2,EXTRALARGE,19.578900814870913,1.040492,20.371689666666665,c
exo,AllHints,correlation,3,EXTRALARGE,19.084229383965578,1.0674620000000001,20.371689666666665,c
exo,AllHints,correlation,4,EXTRALARGE,19.760254692469157,1.0309426666666666,20.371689666666665,c
exo,AllHints,correlation,5,EXTRALARGE,3.0637598203505307,6.6492450000000005,20.371689666666665,c
exo,ChooseHints,correlation,1,EXTRALARGE,19.367246178130294,1.051863,20.371689666666665,c
exo,ChooseHints,correlation,2,EXTRALARGE,19.39649222697123,1.0502770000000001,20.371689666666665,c
exo,ChooseHints,correlation,3,EXTRALARGE,18.609783592045012,1.0946763333333334,20.371689666666665,c
exo,ChooseHints,correlation,4,EXTRALARGE,19.385546896063897,1.05087,20.371689666666665,c
exo,ChooseHints,correlation,5,EXTRALARGE,19.935559432951976,1.021877,20.371689666666665,c
exo,FromPlan,correlation,2,EXTRALARGE,3.2664602231217232,6.236625666666666,20.371689666666665,c
exo,FromPlan,correlation,3,EXTRALARGE,3.25673486307421,6.255249666666667,20.371689666666665,c
exo,FromPlan,correlation,4,EXTRALARGE,3.286400603042941,6.198784666666666,20.371689666666665,c
exo,Naive,correlation,2,EXTRALARGE,3.3043068832827562,6.1651929999999995,20.371689666666665,c
exo,Naive,correlation,3,EXTRALARGE,19.229931701803768,1.059374,20.371689666666665,c
exo,Naive,correlation,5,EXTRALARGE,3.26504530268616,6.239328333333333,20.371689666666665,c
exo,standard,correlation,1,EXTRALARGE,0.9848431814451661,20.685211666666664,20.371689666666665,c
exo,standard,correlation,2,EXTRALARGE,0.9856738519464872,20.667779333333332,20.371689666666665,c
exo,standard,correlation,3,EXTRALARGE,0.9839541672203062,20.703901000000002,20.371689666666665,c
halide,AllHints,correlation,1,EXTRALARGE,24.113397746130776,0.8448286666666666,20.371689666666665,c
halide,AllHints,correlation,2,EXTRALARGE,0.7349095368446958,27.71999633333333,20.371689666666665,c
halide,AllHints,correlation,4,EXTRALARGE,23.06352604554659,0.883286,20.371689666666665,c
halide,Naive,correlation,1,EXTRALARGE,22.837969618415944,0.8920096666666666,20.371689666666665,c
halide,Naive,correlation,2,EXTRALARGE,18.74626938464516,1.0867063333333333,20.371689666666665,c
halide,Naive,correlation,4,EXTRALARGE,23.846712033182065,0.8542766666666667,20.371689666666665,c
halide,Naive,correlation,5,EXTRALARGE,54.12925553868799,0.3763526666666667,20.371689666666665,c
halide,standard,correlation,4,EXTRALARGE,0.4632354823289335,43.976963000000005,20.371689666666665,c
noarr,AllHints,correlation,1,EXTRALARGE,1.014332216719937,20.083843666666667,20.371689666666665,c
noarr,AllHints,correlation,2,EXTRALARGE,0.9966436068780871,20.440295333333335,20.371689666666665,c
noarr,AllHints,correlation,3,EXTRALARGE,1.015594134111717,20.058888666666665,20.371689666666665,c
noarr,AllHints,correlation,4,EXTRALARGE,1.0124649930456167,20.120883,20.371689666666665,c
noarr,AllHints,correlation,5,EXTRALARGE,1.0089146418400812,20.191688,20.371689666666665,c
noarr,ChooseHints,correlation,1,EXTRALARGE,0.9966542689092979,20.440076666666666,20.371689666666665,c
noarr,ChooseHints,correlation,2,EXTRALARGE,1.0115330861895062,20.13942,20.371689666666665,c
noarr,ChooseHints,correlation,3,EXTRALARGE,0.7427861075102159,27.426051,20.371689666666665,c
noarr,ChooseHints,correlation,4,EXTRALARGE,2.748010858756133,7.413249333333333,20.371689666666665,c
noarr,ChooseHints,correlation,5,EXTRALARGE,0.9954301638730453,20.46521233333333,20.371689666666665,c
noarr,FromPlan,correlation,1,EXTRALARGE,1.3223102424739719,15.406134666666667,20.371689666666665,c
noarr,FromPlan,correlation,2,EXTRALARGE,1.328959814118493,15.329048666666665,20.371689666666665,c
noarr,FromPlan,correlation,3,EXTRALARGE,1.327316915771146,15.348022333333333,20.371689666666665,c
noarr,FromPlan,correlation,4,EXTRALARGE,1.3272764437570852,15.348490333333332,20.371689666666665,c
noarr,FromPlan,correlation,5,EXTRALARGE,1.3293981177753824,15.323994666666666,20.371689666666665,c
noarr,Naive,correlation,1,EXTRALARGE,1.0083333463949873,20.203328333333335,20.371689666666665,c
noarr,Naive,correlation,2,EXTRALARGE,1.0124677102850317,20.120829,20.371689666666665,c
noarr,Naive,correlation,3,EXTRALARGE,2.7645832563383927,7.368810333333333,20.371689666666665,c
noarr,Naive,correlation,4,EXTRALARGE,0.9927291504291512,20.520894,20.371689666666665,c
noarr,Naive,correlation,5,EXTRALARGE,0.9948279585228752,20.477600666666664,20.371689666666665,c
noarr,standard,correlation,1,EXTRALARGE,1.0008894747243309,20.353585666666664,20.371689666666665,c
noarr,standard,correlation,2,EXTRALARGE,0.9977382394278475,20.41787,20.371689666666665,c
noarr,standard,correlation,3,EXTRALARGE,0.9955772895189245,20.462188,20.371689666666665,c
noarr,standard,correlation,4,EXTRALARGE,0.9952763227735036,20.46837566666667,20.371689666666665,c
noarr,standard,correlation,5,EXTRALARGE,0.9926950461641253,20.521599,20.371689666666665,c
c,AllHints,covariance,1,EXTRALARGE,56.8574050907036,0.35864066666666666,20.391377666666667,c
c,AllHints,covariance,2,EXTRALARGE,20.48926169955936,0.9952226666666667,20.391377666666667,c
c,AllHints,covariance,3,EXTRALARGE,20.82028242470983,0.9793996666666667,20.391377666666667,c
c,AllHints,covariance,5,EXTRALARGE,82.88414211156697,0.24602266666666664,20.391377666666667,c
c,ChooseHints,covariance,1,EXTRALARGE,3.4495266342191355,5.911355333333333,20.391377666666667,c
c,ChooseHints,covariance,2,EXTRALARGE,20.370586088465707,1.0010206666666666,20.391377666666667,c
c,ChooseHints,covariance,3,EXTRALARGE,3.4135689937409297,5.973624,20.391377666666667,c
c,ChooseHints,covariance,4,EXTRALARGE,3.4252548134540874,5.953244000000001,20.391377666666667,c
c,ChooseHints,covariance,5,EXTRALARGE,3.4124398205547197,5.975600666666668,20.391377666666667,c
c,FromPlan,covariance,1,EXTRALARGE,2.6345066826549504,7.740112333333333,20.391377666666667,c
c,FromPlan,covariance,2,EXTRALARGE,3.3582656226754626,6.071996666666667,20.391377666666667,c
c,FromPlan,covariance,3,EXTRALARGE,3.355363018400649,6.0772493333333335,20.391377666666667,c
c,FromPlan,covariance,4,EXTRALARGE,2.7432398303171692,7.433319333333333,20.391377666666667,c
c,FromPlan,covariance,5,EXTRALARGE,2.713067903497235,7.515985000000001,20.391377666666667,c
c,Naive,covariance,1,EXTRALARGE,1.0068636402404736,20.252372666666666,20.391377666666667,c
c,Naive,covariance,2,EXTRALARGE,1.3278935199028283,15.356184333333333,20.391377666666667,c
c,Naive,covariance,3,EXTRALARGE,3.4344630046247877,5.937282666666666,20.391377666666667,c
c,Naive,covariance,4,EXTRALARGE,1.3292696905114265,15.340286333333333,20.391377666666667,c
c,Naive,covariance,5,EXTRALARGE,3.420094338356811,5.962226666666666,20.391377666666667,c
c,standard,covariance,1,EXTRALARGE,1.0,20.391377666666667,20.391377666666667,c
exo,AllHints,covariance,1,EXTRALARGE,0.55743878729635,36.580478666666664,20.391377666666667,c
exo,AllHints,covariance,3,EXTRALARGE,72.48111435886925,0.28133366666666665,20.391377666666667,c
exo,ChooseHints,covariance,1,EXTRALARGE,19.64646870795861,1.0379156666666667,20.391377666666667,c
exo,ChooseHints,covariance,2,EXTRALARGE,3.216333696708394,6.339944666666667,20.391377666666667,c
exo,ChooseHints,covariance,3,EXTRALARGE,19.675080140704146,1.0364063333333333,20.391377666666667,c
exo,ChooseHints,covariance,5,EXTRALARGE,19.06529132832502,1.069555,20.391377666666667,c
exo,FromPlan,covariance,1,EXTRALARGE,3.1171022884160724,6.541773666666667,20.391377666666667,c
exo,FromPlan,covariance,3,EXTRALARGE,3.277804264919137,6.221048,20.391377666666667,c
exo,FromPlan,covariance,4,EXTRALARGE,3.245851578408231,6.282289,20.391377666666667,c
exo,FromPlan,covariance,5,EXTRALARGE,3.2372574212036143,6.298967,20.391377666666667,c
exo,Naive,covariance,1,EXTRALARGE,3.2619158528424532,6.2513499999999995,20.391377666666667,c
exo,Naive,covariance,2,EXTRALARGE,0.5574577245590002,36.579236,20.391377666666667,c
exo,Naive,covariance,3,EXTRALARGE,19.63871728064679,1.038325333333333,20.391377666666667,c
exo,Naive,covariance,5,EXTRALARGE,56.20205003730013,0.3628226666666667,20.391377666666667,c
exo,standard,covariance,1,EXTRALARGE,0.9896365666535295,20.604915333333334,20.391377666666667,c
exo,standard,covariance,2,EXTRALARGE,0.9846608668045378,20.709036333333334,20.391377666666667,c
exo,standard,covariance,3,EXTRALARGE,0.9879255457750303,20.640601666666665,20.391377666666667,c
exo,standard,covariance,4,EXTRALARGE,0.9869138292068457,20.661761000000002,20.391377666666667,c
exo,standard,covariance,5,EXTRALARGE,0.9889318248461898,20.619598999999997,20.391377666666667,c
halide,AllHints,covariance,2,EXTRALARGE,0.26081731314982187,78.18260766666667,20.391377666666667,c
halide,ChooseHints,covariance,5,EXTRALARGE,15.471282818299441,1.3180146666666668,20.391377666666667,c
halide,Naive,covariance,4,EXTRALARGE,25.971513081252187,0.785144,20.391377666666667,c
halide,Naive,covariance,5,EXTRALARGE,29.21746844898536,0.6979173333333334,20.391377666666667,c
halide,standard,covariance,2,EXTRALARGE,0.4495712212959221,45.35739100000001,20.391377666666667,c
noarr,AllHints,covariance,1,EXTRALARGE,3.4188504027342694,5.964396000000001,20.391377666666667,c
noarr,AllHints,covariance,2,EXTRALARGE,1.0174161156173636,20.04231833333333,20.391377666666667,c
noarr,AllHints,covariance,3,EXTRALARGE,3.428654915269969,5.947340333333333,20.391377666666667,c
noarr,AllHints,covariance,4,EXTRALARGE,3.3990567518558943,5.999128333333334,20.391377666666667,c
noarr,AllHints,covariance,5,EXTRALARGE,0.7571531534047077,26.931642,20.391377666666667,c
noarr,ChooseHints,covariance,1,EXTRALARGE,3.335061156647767,6.114243999999999,20.391377666666667,c
noarr,ChooseHints,covariance,2,EXTRALARGE,3.36096384194461,6.067122,20.391377666666667,c
noarr,ChooseHints,covariance,3,EXTRALARGE,1.0128798752809716,20.132079,20.391377666666667,c
noarr,ChooseHints,covariance,4,EXTRALARGE,3.384744536831467,6.024495333333333,20.391377666666667,c
noarr,ChooseHints,covariance,5,EXTRALARGE,3.408232858448944,5.982976666666667,20.391377666666667,c
noarr,FromPlan,covariance,1,EXTRALARGE,1.3249021724285368,15.390855333333334,20.391377666666667,c
noarr,FromPlan,covariance,2,EXTRALARGE,3.394593344704851,6.007016333333333,20.391377666666667,c
noarr,FromPlan,covariance,4,EXTRALARGE,0.7625595208423155,26.740703,20.391377666666667,c
noarr,FromPlan,covariance,5,EXTRALARGE,3.419022565421626,5.964095666666666,20.391377666666667,c
noarr,Naive,covariance,1,EXTRALARGE,1.014913104786871,20.091747333333334,20.391377666666667,c
noarr,Naive,covariance,2,EXTRALARGE,1.0136451579245085,20.116879666666666,20.391377666666667,c
noarr,Naive,covariance,3,EXTRALARGE,3.380730903656342,6.031647666666667,20.391377666666667,c
noarr,Naive,covariance,4,EXTRALARGE,3.3543468756920922,6.079090333333333,20.391377666666667,c
noarr,Naive,covariance,5,EXTRALARGE,3.400522211992254,5.996543,20.391377666666667,c
noarr,standard,covariance,1,EXTRALARGE,1.0095795146935715,20.197891666666667,20.391377666666667,c
noarr,standard,covariance,2,EXTRALARGE,0.9938239565573774,20.518098333333334,20.391377666666667,c
noarr,standard,covariance,3,EXTRALARGE,0.9896886650139427,20.603830666666667,20.391377666666667,c
noarr,standard,covariance,4,EXTRALARGE,1.0047970933185655,20.294025333333334,20.391377666666667,c
noarr,standard,covariance,5,EXTRALARGE,0.9939341132657065,20.51582433333333,20.391377666666667,c
c,AllHints,deriche,1,EXTRALARGE,3.7281786154001955,0.31270166666666666,1.1658076666666668,c
c,AllHints,deriche,2,EXTRALARGE,3.7516900408270097,0.310742,1.1658076666666668,c
c,AllHints,deriche,3,EXTRALARGE,5.383127007654291,0.21656699999999998,1.1658076666666668,c
c,AllHints,deriche,4,EXTRALARGE,19.72123512064192,0.05911433333333333,1.1658076666666668,c
c,AllHints,deriche,5,EXTRALARGE,5.3538895581929715,0.21774966666666665,1.1658076666666668,c
c,ChooseHints,deriche,1,EXTRALARGE,4.672912942283078,0.24948199999999998,1.1658076666666668,c
c,ChooseHints,deriche,2,EXTRALARGE,3.7270542675311282,0.312796,1.1658076666666668,c
c,ChooseHints,deriche,3,EXTRALARGE,3.9339099820594012,0.2963483333333333,1.1658076666666668,c
c,ChooseHints,deriche,4,EXTRALARGE,3.9314557104316545,0.29653333333333337,1.1658076666666668,c
c,ChooseHints,deriche,5,EXTRALARGE,1.8870756616645699,0.6177853333333333,1.1658076666666668,c
c,FromPlan,deriche,1,EXTRALARGE,2.086210249288973,0.5588160000000001,1.1658076666666668,c
c,FromPlan,deriche,2,EXTRALARGE,2.0763970645421943,0.561457,1.1658076666666668,c
c,FromPlan,deriche,3,EXTRALARGE,2.07378693393561,0.5621636666666666,1.1658076666666668,c
c,FromPlan,deriche,4,EXTRALARGE,1.9516085291215979,0.5973573333333334,1.1658076666666668,c
c,FromPlan,deriche,5,EXTRALARGE,1.9464374262939297,0.5989443333333333,1.1658076666666668,c
c,Naive,deriche,1,EXTRALARGE,2.3167878908320088,0.5032,1.1658076666666668,c
c,Naive,deriche,2,EXTRALARGE,1.3681593460543335,0.8520993333333333,1.1658076666666668,c
c,Naive,deriche,3,EXTRALARGE,0.8347262848981744,1.3966346666666667,1.1658076666666668,c
c,Naive,deriche,4,EXTRALARGE,0.8281583838349398,1.407711,1.1658076666666668,c
c,Naive,deriche,5,EXTRALARGE,0.8312891528578914,1.4024093333333332,1.1658076666666668,c
c,standard,deriche,1,EXTRALARGE,1.0,1.1658076666666668,1.1658076666666668,c
exo,AllHints,deriche,1,EXTRALARGE,4.027433210502074,0.28946666666666665,1.1658076666666668,c
exo,AllHints,deriche,2,EXTRALARGE,3.839866098533298,0.30360633333333337,1.1658076666666668,c
exo,ChooseHints,deriche,2,EXTRALARGE,5.166556611786952,0.225645,1.1658076666666668,c
exo,FromPlan,deriche,3,EXTRALARGE,1.4984706479662557,0.7779983333333332,1.1658076666666668,c
exo,Naive,deriche,5,EXTRALARGE,1.6803264156971647,0.6937983333333334,1.1658076666666668,c
exo,standard,deriche,3,EXTRALARGE,0.8893250922846078,1.3108903333333333,1.1658076666666668,c
exo,standard,deriche,4,EXTRALARGE,0.89013177803506,1.3097023333333333,1.1658076666666668,c
exo,standard,deriche,5,EXTRALARGE,0.8953473934769147,1.302073,1.1658076666666668,c
halide,AllHints,deriche,1,EXTRALARGE,0.23084226113570297,5.050235,1.1658076666666668,c
halide,AllHints,deriche,2,EXTRALARGE,0.9951458009613363,1.1714943333333334,1.1658076666666668,c
halide,AllHints,deriche,3,EXTRALARGE,0.21933682122617598,5.315148,1.1658076666666668,c
halide,ChooseHints,deriche,2,EXTRALARGE,0.5969547553805625,1.9529246666666669,1.1658076666666668,c
halide,ChooseHints,deriche,3,EXTRALARGE,0.21804634280382912,5.346605,1.1658076666666668,c
halide,ChooseHints,deriche,4,EXTRALARGE,0.6128709769106839,1.9022073333333331,1.1658076666666668,c
halide,ChooseHints,deriche,5,EXTRALARGE,0.5909852612888274,1.9726510000000002,1.1658076666666668,c
halide,FromPlan,deriche,1,EXTRALARGE,0.6276706651230145,1.8573556666666668,1.1658076666666668,c
halide,FromPlan,deriche,2,EXTRALARGE,0.5919316793407997,1.9694969999999998,1.1658076666666668,c
halide,FromPlan,deriche,4,EXTRALARGE,0.2175697320900243,5.358317333333333,1.1658076666666668,c
halide,Naive,deriche,5,EXTRALARGE,0.6064672069589115,1.9222929999999998,1.1658076666666668,c
halide,standard,deriche,1,EXTRALARGE,0.43934969035685656,2.653484666666667,1.1658076666666668,c
noarr,AllHints,deriche,1,EXTRALARGE,2.9648826397742996,0.39320533333333335,1.1658076666666668,c
noarr,AllHints,deriche,2,EXTRALARGE,2.9649002338910613,0.39320299999999997,1.1658076666666668,c
noarr,AllHints,deriche,3,EXTRALARGE,0.8396295129729519,1.3884786666666666,1.1658076666666668,c
noarr,ChooseHints,deriche,2,EXTRALARGE,1.0937879296320008,1.0658443333333334,1.1658076666666668,c
noarr,ChooseHints,deriche,4,EXTRALARGE,1.5842152967677674,0.7358896666666667,1.1658076666666668,c
noarr,ChooseHints,deriche,5,EXTRALARGE,2.954371171798249,0.39460433333333333,1.1658076666666668,c
noarr,FromPlan,deriche,1,EXTRALARGE,1.1050526108252356,1.0549793333333335,1.1658076666666668,c
noarr,FromPlan,deriche,2,EXTRALARGE,2.9683678327934,0.39274366666666666,1.1658076666666668,c
noarr,FromPlan,deriche,3,EXTRALARGE,1.2460881412551728,0.9355739999999999,1.1658076666666668,c
noarr,FromPlan,deriche,4,EXTRALARGE,0.9912411746416928,1.176109,1.1658076666666668,c
noarr,FromPlan,deriche,5,EXTRALARGE,0.8312136818764098,1.4025366666666665,1.1658076666666668,c
noarr,Naive,deriche,1,EXTRALARGE,0.629689330820402,1.8514013333333335,1.1658076666666668,c
noarr,Naive,deriche,3,EXTRALARGE,0.8242393205337559,1.4144043333333334,1.1658076666666668,c
noarr,Naive,deriche,4,EXTRALARGE,1.0939596769627822,1.065677,1.1658076666666668,c
noarr,Naive,deriche,5,EXTRALARGE,2.3485720233418617,0.49639000000000005,1.1658076666666668,c
noarr,standard,deriche,1,EXTRALARGE,1.1057408737616061,1.0543226666666667,1.1658076666666668,c
noarr,standard,deriche,2,EXTRALARGE,1.0987056820748544,1.0610736666666667,1.1658076666666668,c
noarr,standard,deriche,3,EXTRALARGE,1.0953681896195333,1.0643066666666667,1.1658076666666668,c
noarr,standard,deriche,4,EXTRALARGE,1.1112102052487767,1.0491333333333335,1.1658076666666668,c
noarr,standard,deriche,5,EXTRALARGE,0.10944112669984823,10.652372666666666,1.1658076666666668,c
c,AllHints,doitgen,1,EXTRALARGE,237.23066239010282,0.023279333333333332,5.522571666666667,c
c,AllHints,doitgen,2,EXTRALARGE,236.8034274769882,0.023321333333333333,5.522571666666667,c
c,AllHints,doitgen,3,EXTRALARGE,237.07450918665216,0.02329466666666667,5.522571666666667,c
c,AllHints,doitgen,4,EXTRALARGE,236.08468586573952,0.02339233333333333,5.522571666666667,c
c,AllHints,doitgen,5,EXTRALARGE,238.5525766367655,0.023150333333333332,5.522571666666667,c
c,ChooseHints,doitgen,1,EXTRALARGE,4.596410310473882,1.2014966666666667,5.522571666666667,c
c,ChooseHints,doitgen,2,EXTRALARGE,236.78650545241464,0.023323,5.522571666666667,c
c,ChooseHints,doitgen,3,EXTRALARGE,177.3029012339073,0.031147666666666667,5.522571666666667,c
c,ChooseHints,doitgen,4,EXTRALARGE,240.3870373325982,0.022973666666666667,5.522571666666667,c
c,ChooseHints,doitgen,5,EXTRALARGE,266.84676341263065,0.020695666666666668,5.522571666666667,c
c,FromPlan,doitgen,1,EXTRALARGE,4.652462016970209,1.1870213333333333,5.522571666666667,c
c,FromPlan,doitgen,2,EXTRALARGE,5.641308037810489,0.9789523333333333,5.522571666666667,c
c,FromPlan,doitgen,3,EXTRALARGE,4.555561177086189,1.2122703333333333,5.522571666666667,c
c,FromPlan,doitgen,4,EXTRALARGE,5.233024909728136,1.0553306666666666,5.522571666666667,c
c,FromPlan,doitgen,5,EXTRALARGE,5.070007580048773,1.089263,5.522571666666667,c
c,Naive,doitgen,1,EXTRALARGE,4.698282976031199,1.1754446666666667,5.522571666666667,c
c,Naive,doitgen,2,EXTRALARGE,4.213902199568633,1.31056,5.522571666666667,c
c,Naive,doitgen,3,EXTRALARGE,5.07759494144177,1.0876353333333333,5.522571666666667,c
c,Naive,doitgen,4,EXTRALARGE,4.737810252125159,1.1656380000000002,5.522571666666667,c
c,Naive,doitgen,5,EXTRALARGE,5.234216912232792,1.0550903333333332,5.522571666666667,c
c,standard,doitgen,1,EXTRALARGE,1.0,5.522571666666667,5.522571666666667,c
exo,AllHints,doitgen,1,EXTRALARGE,0.7076294858663871,7.8043266666666655,5.522571666666667,c
exo,AllHints,doitgen,2,EXTRALARGE,171.04276142593147,0.032287666666666666,5.522571666666667,c
exo,AllHints,doitgen,3,EXTRALARGE,159.77814103305943,0.034564000000000004,5.522571666666667,c
exo,AllHints,doitgen,4,EXTRALARGE,208.04303330152192,0.026545333333333334,5.522571666666667,c
exo,AllHints,doitgen,5,EXTRALARGE,207.90466689254478,0.026563,5.522571666666667,c
exo,ChooseHints,doitgen,1,EXTRALARGE,201.86067621078283,0.027358333333333335,5.522571666666667,c
exo,ChooseHints,doitgen,2,EXTRALARGE,181.55206233014817,0.030418666666666667,5.522571666666667,c
exo,ChooseHints,doitgen,3,EXTRALARGE,201.92218159658745,0.02735,5.522571666666667,c
exo,ChooseHints,doitgen,4,EXTRALARGE,4.167285641305936,1.3252203333333334,5.522571666666667,c
exo,FromPlan,doitgen,2,EXTRALARGE,4.60775555781139,1.1985383333333333,5.522571666666667,c
exo,FromPlan,doitgen,4,EXTRALARGE,4.611617367235577,1.1975346666666666,5.522571666666667,c
exo,FromPlan,doitgen,5,EXTRALARGE,4.6100852079053976,1.1979326666666665,5.522571666666667,c
exo,Naive,doitgen,2,EXTRALARGE,3.211494549204479,1.7196266666666666,5.522571666666667,c
exo,Naive,doitgen,3,EXTRALARGE,2.0999755370442665,2.6298266666666668,5.522571666666667,c
exo,Naive,doitgen,4,EXTRALARGE,1.1315326938187733,4.880611666666667,5.522571666666667,c
exo,Naive,doitgen,5,EXTRALARGE,4.646979958011537,1.1884216666666667,5.522571666666667,c
exo,standard,doitgen,1,EXTRALARGE,0.8679080703585489,6.363083666666667,5.522571666666667,c
exo,standard,doitgen,2,EXTRALARGE,0.8709235733544949,6.341052,5.522571666666667,c
exo,standard,doitgen,3,EXTRALARGE,0.8644013341268626,6.388897666666668,5.522571666666667,c
exo,standard,doitgen,4,EXTRALARGE,0.8648709809861359,6.3854283333333335,5.522571666666667,c
exo,standard,doitgen,5,EXTRALARGE,0.8679430349673695,6.362827333333333,5.522571666666667,c
halide,standard,doitgen,3,EXTRALARGE,1.0238732565489341,5.393804,5.522571666666667,c
halide,standard,doitgen,4,EXTRALARGE,2.31860598554345,2.38185,5.522571666666667,c
halide,standard,doitgen,5,EXTRALARGE,2.3115015363769187,2.3891706666666668,5.522571666666667,c
noarr,AllHints,doitgen,1,EXTRALARGE,4.738436277689498,1.165484,5.522571666666667,c
noarr,AllHints,doitgen,2,EXTRALARGE,4.185715520055299,1.3193853333333332,5.522571666666667,c
noarr,AllHints,doitgen,3,EXTRALARGE,5.085623381746018,1.0859183333333335,5.522571666666667,c
noarr,AllHints,doitgen,4,EXTRALARGE,4.710568567559353,1.172379,5.522571666666667,c
noarr,AllHints,doitgen,5,EXTRALARGE,4.652134113382277,1.1871049999999999,5.522571666666667,c
noarr,ChooseHints,doitgen,1,EXTRALARGE,4.79822936266845,1.1509603333333334,5.522571666666667,c
noarr,ChooseHints,doitgen,2,EXTRALARGE,4.597484271493776,1.2012159999999998,5.522571666666667,c
noarr,ChooseHints,doitgen,3,EXTRALARGE,4.187057906884882,1.3189623333333333,5.522571666666667,c
noarr,ChooseHints,doitgen,4,EXTRALARGE,4.649783967118659,1.187705,5.522571666666667,c
noarr,ChooseHints,doitgen,5,EXTRALARGE,4.1851350378469725,1.3195683333333335,5.522571666666667,c
noarr,FromPlan,doitgen,1,EXTRALARGE,5.095271968817678,1.083862,5.522571666666667,c
noarr,FromPlan,doitgen,2,EXTRALARGE,3.9274739445976743,1.4061383333333335,5.522571666666667,c
noarr,FromPlan,doitgen,3,EXTRALARGE,4.147451081114504,1.331558,5.522571666666667,c
noarr,FromPlan,doitgen,4,EXTRALARGE,5.008512925529134,1.1026369999999999,5.522571666666667,c
noarr,FromPlan,doitgen,5,EXTRALARGE,4.639679350299296,1.1902916666666667,5.522571666666667,c
noarr,Naive,doitgen,1,EXTRALARGE,4.195891055897129,1.3161856666666667,5.522571666666667,c
noarr,Naive,doitgen,2,EXTRALARGE,5.140762123027305,1.0742710000000002,5.522571666666667,c
noarr,Naive,doitgen,3,EXTRALARGE,4.185591797230762,1.3194243333333333,5.522571666666667,c
noarr,Naive,doitgen,4,EXTRALARGE,4.1813864027899275,1.3207513333333332,5.522571666666667,c
noarr,Naive,doitgen,5,EXTRALARGE,4.162895171531418,1.326618,5.522571666666667,c
noarr,standard,doitgen,1,EXTRALARGE,1.0145177488855146,5.443543666666667,5.522571666666667,c
noarr,standard,doitgen,2,EXTRALARGE,1.0073870442981874,5.482075333333333,5.522571666666667,c
noarr,standard,doitgen,3,EXTRALARGE,1.002088708634551,5.511060666666666,5.522571666666667,c
noarr,standard,doitgen,5,EXTRALARGE,1.013748496835622,5.447674333333334,5.522571666666667,c
c,AllHints,durbin,1,EXTRALARGE,0.13323401882537014,0.120157,0.016009,c
c,AllHints,durbin,3,EXTRALARGE,0.8356009464820098,0.019158666666666668,0.016009,c
c,AllHints,durbin,4,EXTRALARGE,1.019876409505001,0.015697,0.016009,c
c,AllHints,durbin,5,EXTRALARGE,1.0182330866919667,0.015722333333333335,0.016009,c
c,ChooseHints,durbin,1,EXTRALARGE,0.9997918271332514,0.016012333333333333,0.016009,c
c,ChooseHints,durbin,2,EXTRALARGE,0.8360082161258877,0.019149333333333334,0.016009,c
c,ChooseHints,durbin,3,EXTRALARGE,0.834686039034394,0.019179666666666668,0.016009,c
c,ChooseHints,durbin,4,EXTRALARGE,1.0007084366470111,0.015997666666666664,0.016009,c
c,ChooseHints,durbin,5,EXTRALARGE,0.8358772647371079,0.01915233333333333,0.016009,c
c,FromPlan,durbin,1,EXTRALARGE,1.0278871671945895,0.015574666666666667,0.016009,c
c,FromPlan,durbin,2,EXTRALARGE,1.0281732354263449,0.015570333333333334,0.016009,c
c,FromPlan,durbin,3,EXTRALARGE,1.018470608194079,0.01571866666666667,0.016009,c
c,FromPlan,durbin,4,EXTRALARGE,1.0121601685985246,0.015816666666666666,0.016009,c
c,FromPlan,durbin,5,EXTRALARGE,1.0204398172739828,0.015688333333333332,0.016009,c
c,Naive,durbin,1,EXTRALARGE,1.0273374831547197,0.015583,0.016009,c
c,Naive,durbin,2,EXTRALARGE,0.8360809846282402,0.019147666666666664,0.016009,c
c,Naive,durbin,3,EXTRALARGE,1.0024630027760963,0.015969666666666667,0.016009,c
c,Naive,durbin,4,EXTRALARGE,1.0198980675302614,0.015696666666666664,0.016009,c
c,Naive,durbin,5,EXTRALARGE,0.9989807804309843,0.016025333333333332,0.016009,c
c,standard,durbin,1,EXTRALARGE,1.0,0.016009,0.016009,c
exo,AllHints,durbin,1,EXTRALARGE,0.9954401309926004,0.016082333333333334,0.016009,c
exo,AllHints,durbin,2,EXTRALARGE,0.8266122786182681,0.019367,0.016009,c
exo,AllHints,durbin,3,EXTRALARGE,0.0711964658967935,0.22485666666666668,0.016009,c
exo,ChooseHints,durbin,1,EXTRALARGE,0.9416135672973236,0.01700166666666667,0.016009,c
exo,ChooseHints,durbin,2,EXTRALARGE,0.6370389038479394,0.025130333333333334,0.016009,c
exo,ChooseHints,durbin,3,EXTRALARGE,0.6962049170822219,0.022994666666666667,0.016009,c
exo,ChooseHints,durbin,4,EXTRALARGE,0.0027174132909670266,5.891264333333333,0.016009,c
exo,FromPlan,durbin,2,EXTRALARGE,0.7514904004130872,0.021303000000000002,0.016009,c
exo,FromPlan,durbin,5,EXTRALARGE,0.8844751381215469,0.0181,0.016009,c
exo,Naive,durbin,3,EXTRALARGE,0.7996370356803915,0.020020333333333334,0.016009,c
exo,Naive,durbin,4,EXTRALARGE,0.9954813970359624,0.016081666666666664,0.016009,c
exo,standard,durbin,1,EXTRALARGE,0.8251636513581773,0.019401,0.016009,c
exo,standard,durbin,2,EXTRALARGE,0.8266122786182681,0.019367,0.016009,c
exo,standard,durbin,3,EXTRALARGE,0.8268115068776146,0.019362333333333332,0.016009,c
exo,standard,durbin,4,EXTRALARGE,0.8253905511540377,0.01939566666666667,0.016009,c
exo,standard,durbin,5,EXTRALARGE,0.8256743514363813,0.019389,0.016009,c
halide,FromPlan,durbin,3,EXTRALARGE,0.1731364052575038,0.09246466666666665,0.016009,c
halide,standard,durbin,4,EXTRALARGE,0.6760652599276454,0.023679666666666665,0.016009,c
noarr,AllHints,durbin,1,EXTRALARGE,1.0557008770580087,0.015164333333333333,0.016009,c
noarr,AllHints,durbin,2,EXTRALARGE,0.9193705851949692,0.017413,0.016009,c
noarr,AllHints,durbin,3,EXTRALARGE,1.0601986754966886,0.0151,0.016009,c
noarr,AllHints,durbin,4,EXTRALARGE,1.8899338895010231,0.008470666666666666,0.016009,c
noarr,AllHints,durbin,5,EXTRALARGE,1.0592399814737214,0.015113666666666666,0.016009,c
noarr,ChooseHints,durbin,1,EXTRALARGE,0.7979365000249214,0.020063,0.016009,c
noarr,ChooseHints,durbin,2,EXTRALARGE,1.059029768467475,0.015116666666666667,0.016009,c
noarr,ChooseHints,durbin,3,EXTRALARGE,1.0023165539694465,0.015972,0.016009,c
noarr,ChooseHints,durbin,4,EXTRALARGE,0.9521987390459573,0.016812666666666667,0.016009,c
noarr,ChooseHints,durbin,5,EXTRALARGE,0.9213636189233779,0.017375333333333333,0.016009,c
noarr,FromPlan,durbin,1,EXTRALARGE,1.0577469441691443,0.015135000000000001,0.016009,c
noarr,FromPlan,durbin,2,EXTRALARGE,1.057630477868311,0.015136666666666666,0.016009,c
noarr,FromPlan,durbin,3,EXTRALARGE,1.0604327666151467,0.015096666666666666,0.016009,c
noarr,FromPlan,durbin,4,EXTRALARGE,1.059543769855277,0.015109333333333334,0.016009,c
noarr,FromPlan,durbin,5,EXTRALARGE,1.0601518696746282,0.015100666666666665,0.016009,c
noarr,Naive,durbin,1,EXTRALARGE,0.9509920399192111,0.016834,0.016009,c
noarr,Naive,durbin,2,EXTRALARGE,0.8985238816860301,0.017817,0.016009,c
noarr,Naive,durbin,3,EXTRALARGE,1.058609592664433,0.015122666666666666,0.016009,c
noarr,Naive,durbin,4,EXTRALARGE,1.058189750143216,0.015128666666666665,0.016009,c
noarr,Naive,durbin,5,EXTRALARGE,1.0564207469974922,0.015154,0.016009,c
noarr,standard,durbin,1,EXTRALARGE,0.897516398497505,0.017837000000000002,0.016009,c
noarr,standard,durbin,2,EXTRALARGE,0.8975331713698373,0.017836666666666667,0.016009,c
noarr,standard,durbin,3,EXTRALARGE,0.8961431530237157,0.017864333333333333,0.016009,c
noarr,standard,durbin,5,EXTRALARGE,0.8966450721580195,0.017854333333333333,0.016009,c
c,AllHints,fdtd-2d,1,EXTRALARGE,3.379351928760615,6.881249666666666,23.254164333333335,c
c,AllHints,fdtd-2d,2,EXTRALARGE,3.3840876435736167,6.87162,23.254164333333335,c
c,AllHints,fdtd-2d,4,EXTRALARGE,3.221752117939993,7.217862666666666,23.254164333333335,c
c,ChooseHints,fdtd-2d,2,EXTRALARGE,3.1449065334360684,7.394230666666666,23.254164333333335,c
c,ChooseHints,fdtd-2d,3,EXTRALARGE,3.377914939336007,6.884177,23.254164333333335,c
c,ChooseHints,fdtd-2d,5,EXTRALARGE,3.3569097612521754,6.927253333333333,23.254164333333335,c
c,FromPlan,fdtd-2d,1,EXTRALARGE,0.8831904281175907,26.329728666666668,23.254164333333335,c
c,FromPlan,fdtd-2d,2,EXTRALARGE,0.5046740946212751,46.07758666666666,23.254164333333335,c
c,FromPlan,fdtd-2d,3,EXTRALARGE,0.5559988687548849,41.82412166666666,23.254164333333335,c
c,FromPlan,fdtd-2d,5,EXTRALARGE,0.5462153382340316,42.573254,23.254164333333335,c
c,Naive,fdtd-2d,1,EXTRALARGE,1.7203693552305317,13.516960333333332,23.254164333333335,c
c,Naive,fdtd-2d,2,EXTRALARGE,0.9977400907576371,23.306835666666668,23.254164333333335,c
c,Naive,fdtd-2d,3,EXTRALARGE,1.7178692848659354,13.536631999999999,23.254164333333335,c
c,Naive,fdtd-2d,4,EXTRALARGE,0.9916626976463382,23.44967133333333,23.254164333333335,c
c,Naive,fdtd-2d,5,EXTRALARGE,0.9530159828839201,24.400602666666668,23.254164333333335,c
c,standard,fdtd-2d,1,EXTRALARGE,1.0,23.254164333333335,23.254164333333335,c
exo,AllHints,fdtd-2d,3,EXTRALARGE,3.321188908863235,7.001759,23.254164333333335,c
exo,AllHints,fdtd-2d,4,EXTRALARGE,3.4444646823651492,6.751169333333333,23.254164333333335,c
exo,AllHints,fdtd-2d,5,EXTRALARGE,3.5989973415524017,6.461289666666667,23.254164333333335,c
exo,ChooseHints,fdtd-2d,4,EXTRALARGE,3.2939496141929405,7.05966,23.254164333333335,c
exo,FromPlan,fdtd-2d,2,EXTRALARGE,0.4313922534069804,53.90491866666667,23.254164333333335,c
exo,FromPlan,fdtd-2d,4,EXTRALARGE,0.46065802144941503,50.48032,23.254164333333335,c
exo,Naive,fdtd-2d,1,EXTRALARGE,3.5379867353567396,6.572711000000001,23.254164333333335,c
exo,Naive,fdtd-2d,2,EXTRALARGE,3.3165303543435822,7.011594,23.254164333333335,c
exo,Naive,fdtd-2d,3,EXTRALARGE,1.000795055629363,23.235690666666667,23.254164333333335,c
exo,standard,fdtd-2d,1,EXTRALARGE,0.9916883113338547,23.449065666666666,23.254164333333335,c
exo,standard,fdtd-2d,2,EXTRALARGE,0.9855433612422194,23.59527266666667,23.254164333333335,c
exo,standard,fdtd-2d,3,EXTRALARGE,0.9897874497478424,23.494099000000002,23.254164333333335,c
exo,standard,fdtd-2d,4,EXTRALARGE,1.0006783312385967,23.238401,23.254164333333335,c
exo,standard,fdtd-2d,5,EXTRALARGE,0.9961869508199823,23.343172999999997,23.254164333333335,c
halide,AllHints,fdtd-2d,1,EXTRALARGE,0.6819924757880305,34.097391333333334,23.254164333333335,c
halide,AllHints,fdtd-2d,5,EXTRALARGE,1.0221227905369583,22.750852,23.254164333333335,c
halide,ChooseHints,fdtd-2d,1,EXTRALARGE,0.8465791004758343,27.468389333333334,23.254164333333335,c
halide,ChooseHints,fdtd-2d,5,EXTRALARGE,0.5798066623322349,40.106756,23.254164333333335,c
halide,FromPlan,fdtd-2d,4,EXTRALARGE,0.5705808850554683,40.755246,23.254164333333335,c
halide,FromPlan,fdtd-2d,5,EXTRALARGE,1.7586714770595735,13.222574333333332,23.254164333333335,c
halide,Naive,fdtd-2d,1,EXTRALARGE,0.5213306827923471,44.60540133333333,23.254164333333335,c
halide,Naive,fdtd-2d,3,EXTRALARGE,1.8116099219700805,12.836187333333333,23.254164333333335,c
halide,Naive,fdtd-2d,5,EXTRALARGE,1.0413220358706503,22.331386,23.254164333333335,c
halide,standard,fdtd-2d,1,EXTRALARGE,0.5145615796971642,45.19218933333334,23.254164333333335,c
halide,standard,fdtd-2d,3,EXTRALARGE,0.4856910003921871,47.878516,23.254164333333335,c
halide,standard,fdtd-2d,5,EXTRALARGE,0.48514165939681403,47.93273033333333,23.254164333333335,c
noarr,AllHints,fdtd-2d,1,EXTRALARGE,2.9042810887267794,8.006857333333334,23.254164333333335,c
noarr,AllHints,fdtd-2d,4,EXTRALARGE,2.9780084750682665,7.808629333333333,23.254164333333335,c
noarr,AllHints,fdtd-2d,5,EXTRALARGE,1.0051875680550417,23.13415433333333,23.254164333333335,c
noarr,ChooseHints,fdtd-2d,1,EXTRALARGE,3.869647945620965,6.009374666666666,23.254164333333335,c
noarr,ChooseHints,fdtd-2d,3,EXTRALARGE,3.70156797931271,6.282247000000001,23.254164333333335,c
noarr,ChooseHints,fdtd-2d,5,EXTRALARGE,3.4645454731912815,6.712039,23.254164333333335,c
noarr,FromPlan,fdtd-2d,2,EXTRALARGE,0.4392667703238752,52.938592,23.254164333333335,c
noarr,FromPlan,fdtd-2d,3,EXTRALARGE,1.101942845676129,21.102877000000003,23.254164333333335,c
noarr,FromPlan,fdtd-2d,5,EXTRALARGE,0.41112818819370917,56.561834,23.254164333333335,c
noarr,Naive,fdtd-2d,1,EXTRALARGE,1.00240348396331,23.198407333333336,23.254164333333335,c
noarr,Naive,fdtd-2d,2,EXTRALARGE,1.0043594929110247,23.153228,23.254164333333335,c
noarr,Naive,fdtd-2d,3,EXTRALARGE,1.0099955437855643,23.024026666666668,23.254164333333335,c
noarr,Naive,fdtd-2d,4,EXTRALARGE,1.3181380959548323,17.641675333333335,23.254164333333335,c
noarr,standard,fdtd-2d,1,EXTRALARGE,1.0154535118821866,22.900274666666665,23.254164333333335,c
noarr,standard,fdtd-2d,2,EXTRALARGE,1.013435251021527,22.945880666666667,23.254164333333335,c
noarr,standard,fdtd-2d,3,EXTRALARGE,1.0127698807890793,22.960955666666667,23.254164333333335,c
noarr,standard,fdtd-2d,4,EXTRALARGE,1.0131856844186355,22.951532666666665,23.254164333333335,c
noarr,standard,fdtd-2d,5,EXTRALARGE,1.0038914079852364,23.164023666666665,23.254164333333335,c
c,AllHints,gemver,1,EXTRALARGE,6.186795795441124,0.014111666666666666,0.087306,c
c,AllHints,gemver,2,EXTRALARGE,5.3448289935515465,0.016334666666666667,0.087306,c
c,AllHints,gemver,3,EXTRALARGE,6.7251579109536275,0.012982,0.087306,c
c,AllHints,gemver,4,EXTRALARGE,3.10152993558166,0.028149333333333332,0.087306,c
c,AllHints,gemver,5,EXTRALARGE,8.785067417991547,0.009938,0.087306,c
c,ChooseHints,gemver,1,EXTRALARGE,3.0888377852467714,0.028265,0.087306,c
c,ChooseHints,gemver,2,EXTRALARGE,6.170326045985676,0.014149333333333333,0.087306,c
c,ChooseHints,gemver,3,EXTRALARGE,3.101933986285633,0.028145666666666666,0.087306,c
c,ChooseHints,gemver,4,EXTRALARGE,3.0776226734348557,0.028368,0.087306,c
c,ChooseHints,gemver,5,EXTRALARGE,3.1113302131096905,0.028060666666666668,0.087306,c
c,FromPlan,gemver,1,EXTRALARGE,2.264962512647117,0.038546333333333335,0.087306,c
c,FromPlan,gemver,2,EXTRALARGE,2.272646813827572,0.038416,0.087306,c
c,FromPlan,gemver,3,EXTRALARGE,1.3977159933827845,0.062463333333333336,0.087306,c
c,FromPlan,gemver,4,EXTRALARGE,1.3330584948009712,0.065493,0.087306,c
c,Naive,gemver,1,EXTRALARGE,1.5446010497139824,0.056523333333333335,0.087306,c
c,Naive,gemver,2,EXTRALARGE,1.7907821057165714,0.048753,0.087306,c
c,Naive,gemver,3,EXTRALARGE,2.2717991864065707,0.03843033333333334,0.087306,c
c,Naive,gemver,4,EXTRALARGE,1.7937377583585583,0.04867266666666667,0.087306,c
c,Naive,gemver,5,EXTRALARGE,1.7980599586728634,0.048555666666666664,0.087306,c
c,standard,gemver,1,EXTRALARGE,1.0,0.087306,0.087306,c
exo,AllHints,gemver,1,EXTRALARGE,4.314816645250568,0.020234,0.087306,c
exo,AllHints,gemver,2,EXTRALARGE,3.065591423020202,0.028479333333333332,0.087306,c
exo,AllHints,gemver,3,EXTRALARGE,3.9825745826110754,0.021922,0.087306,c
exo,AllHints,gemver,4,EXTRALARGE,3.060111460317089,0.028530333333333335,0.087306,c
exo,AllHints,gemver,5,EXTRALARGE,3.5980712696101325,0.024264666666666667,0.087306,c
exo,ChooseHints,gemver,1,EXTRALARGE,4.239458733267509,0.020593666666666666,0.087306,c
exo,ChooseHints,gemver,2,EXTRALARGE,3.532081883647544,0.024718,0.087306,c
exo,FromPlan,gemver,1,EXTRALARGE,1.0997149083214017,0.07938966666666668,0.087306,c
exo,FromPlan,gemver,2,EXTRALARGE,0.49048682012599343,0.17799866666666667,0.087306,c
exo,Naive,gemver,5,EXTRALARGE,4.162846880066118,0.020972666666666667,0.087306,c
exo,standard,gemver,1,EXTRALARGE,0.914585217491506,0.09545966666666666,0.087306,c
exo,standard,gemver,2,EXTRALARGE,0.917079831932773,0.0952,0.087306,c
exo,standard,gemver,3,EXTRALARGE,0.9195590352139872,0.09494333333333334,0.087306,c
exo,standard,gemver,4,EXTRALARGE,0.9200791094218197,0.09488966666666666,0.087306,c
exo,standard,gemver,5,EXTRALARGE,0.9059991075536246,0.09636433333333333,0.087306,c
halide,standard,gemver,1,EXTRALARGE,0.0003159270672550343,276.34859133333333,0.087306,c
halide,standard,gemver,4,EXTRALARGE,0.7549722705837589,0.11564133333333333,0.087306,c
noarr,AllHints,gemver,1,EXTRALARGE,1.7649104128622735,0.04946766666666667,0.087306,c
noarr,AllHints,gemver,2,EXTRALARGE,2.45145167630707,0.035614,0.087306,c
noarr,AllHints,gemver,3,EXTRALARGE,2.81347884933508,0.031031333333333338,0.087306,c
noarr,AllHints,gemver,4,EXTRALARGE,1.0153670809524178,0.08598466666666667,0.087306,c
noarr,AllHints,gemver,5,EXTRALARGE,3.5387151253124367,0.024671666666666665,0.087306,c
noarr,ChooseHints,gemver,1,EXTRALARGE,1.749864710480428,0.049893,0.087306,c
noarr,ChooseHints,gemver,2,EXTRALARGE,1.742379691595375,0.05010733333333334,0.087306,c
noarr,ChooseHints,gemver,3,EXTRALARGE,2.819081036282814,0.03096966666666667,0.087306,c
noarr,ChooseHints,gemver,4,EXTRALARGE,1.7520419016275006,0.04983100000000001,0.087306,c
noarr,ChooseHints,gemver,5,EXTRALARGE,1.0119579790049569,0.08627433333333334,0.087306,c
noarr,FromPlan,gemver,1,EXTRALARGE,1.0271576082480693,0.08499766666666668,0.087306,c
noarr,FromPlan,gemver,2,EXTRALARGE,1.7714397792446706,0.04928533333333333,0.087306,c
noarr,FromPlan,gemver,3,EXTRALARGE,1.7808707240622001,0.049024333333333336,0.087306,c
noarr,FromPlan,gemver,4,EXTRALARGE,1.7715955439215925,0.049281,0.087306,c
noarr,Naive,gemver,1,EXTRALARGE,1.7460501579936802,0.050002,0.087306,c
noarr,Naive,gemver,2,EXTRALARGE,1.7475996343570888,0.04995766666666667,0.087306,c
noarr,Naive,gemver,3,EXTRALARGE,1.7477045854908448,0.04995466666666667,0.087306,c
noarr,Naive,gemver,4,EXTRALARGE,1.762274179983179,0.04954166666666667,0.087306,c
noarr,Naive,gemver,5,EXTRALARGE,1.7577681435646886,0.049668666666666667,0.087306,c
noarr,standard,gemver,1,EXTRALARGE,0.9958897182118562,0.08766633333333333,0.087306,c
noarr,standard,gemver,2,EXTRALARGE,0.9941508925487457,0.08781966666666667,0.087306,c
noarr,standard,gemver,3,EXTRALARGE,0.9959768191774154,0.08765866666666666,0.087306,c
noarr,standard,gemver,5,EXTRALARGE,0.9970649703641948,0.087563,0.087306,c
c,AllHints,gesummv,1,EXTRALARGE,5.214036182158454,0.005343333333333333,0.027860333333333334,c
c,AllHints,gesummv,2,EXTRALARGE,5.198469958950118,0.005359333333333334,0.027860333333333334,c
c,AllHints,gesummv,3,EXTRALARGE,5.2030004980079685,0.005354666666666666,0.027860333333333334,c
c,AllHints,gesummv,4,EXTRALARGE,5.1913664596273295,0.005366666666666666,0.027860333333333334,c
c,AllHints,gesummv,5,EXTRALARGE,5.231005132056578,0.005326,0.027860333333333334,c
c,ChooseHints,gesummv,1,EXTRALARGE,5.216639620521782,0.005340666666666667,0.027860333333333334,c
c,ChooseHints,gesummv,2,EXTRALARGE,5.240188087774295,0.005316666666666667,0.027860333333333334,c
c,ChooseHints,gesummv,3,EXTRALARGE,5.2238125,0.005333333333333333,0.027860333333333334,c
c,ChooseHints,gesummv,4,EXTRALARGE,5.228387338921557,0.0053286666666666664,0.027860333333333334,c
c,ChooseHints,gesummv,5,EXTRALARGE,5.199440124416797,0.005358333333333333,0.027860333333333334,c
c,FromPlan,gesummv,1,EXTRALARGE,4.456464942681952,0.006251666666666667,0.027860333333333334,c
c,FromPlan,gesummv,2,EXTRALARGE,5.220549656464709,0.005336666666666667,0.027860333333333334,c
c,FromPlan,gesummv,3,EXTRALARGE,1.9736239344494557,0.014116333333333333,0.027860333333333334,c
c,FromPlan,gesummv,4,EXTRALARGE,5.219571598076563,0.005337666666666667,0.027860333333333334,c
c,FromPlan,gesummv,5,EXTRALARGE,4.437300913145042,0.006278666666666666,0.027860333333333334,c
c,Naive,gesummv,1,EXTRALARGE,5.222506873281679,0.005334666666666667,0.027860333333333334,c
c,Naive,gesummv,2,EXTRALARGE,2.0538395380267844,0.013565,0.027860333333333334,c
c,Naive,gesummv,3,EXTRALARGE,2.0615904494104877,0.013514,0.027860333333333334,c
c,Naive,gesummv,4,EXTRALARGE,2.0508158508158507,0.013585,0.027860333333333334,c
c,Naive,gesummv,5,EXTRALARGE,5.228387338921557,0.0053286666666666664,0.027860333333333334,c
c,standard,gesummv,1,EXTRALARGE,1.0,0.027860333333333334,0.027860333333333334,c
exo,AllHints,gesummv,2,EXTRALARGE,5.229041541541542,0.005327999999999999,0.027860333333333334,c
exo,AllHints,gesummv,3,EXTRALARGE,5.0867871705921734,0.005477,0.027860333333333334,c
exo,AllHints,gesummv,4,EXTRALARGE,5.251052333982535,0.005305666666666667,0.027860333333333334,c
exo,AllHints,gesummv,5,EXTRALARGE,5.215012166968241,0.0053423333333333335,0.027860333333333334,c
exo,ChooseHints,gesummv,1,EXTRALARGE,5.2319874804381845,0.005325,0.027860333333333334,c
exo,ChooseHints,gesummv,3,EXTRALARGE,5.228387338921557,0.0053286666666666664,0.027860333333333334,c
exo,ChooseHints,gesummv,4,EXTRALARGE,5.2260989182767466,0.005331,0.027860333333333334,c
exo,ChooseHints,gesummv,5,EXTRALARGE,5.176896872096624,0.0053816666666666665,0.027860333333333334,c
exo,FromPlan,gesummv,2,EXTRALARGE,5.142813192222495,0.005417333333333334,0.027860333333333334,c
exo,FromPlan,gesummv,3,EXTRALARGE,1.7914308984910836,0.015552000000000002,0.027860333333333334,c
exo,FromPlan,gesummv,5,EXTRALARGE,5.223486032122992,0.005333666666666667,0.027860333333333334,c
exo,Naive,gesummv,1,EXTRALARGE,5.2238125,0.005333333333333333,0.027860333333333334,c
exo,Naive,gesummv,2,EXTRALARGE,5.1390186915887845,0.0054213333333333336,0.027860333333333334,c
exo,Naive,gesummv,3,EXTRALARGE,5.199116695695446,0.005358666666666667,0.027860333333333334,c
exo,Naive,gesummv,4,EXTRALARGE,5.185568929147537,0.005372666666666667,0.027860333333333334,c
exo,Naive,gesummv,5,EXTRALARGE,1.0033733493397359,0.027766666666666665,0.027860333333333334,c
exo,standard,gesummv,1,EXTRALARGE,1.0050262737034499,0.027721,0.027860333333333334,c
exo,standard,gesummv,2,EXTRALARGE,1.0048812744214006,0.027725,0.027860333333333334,c
exo,standard,gesummv,3,EXTRALARGE,1.0047846314751812,0.027727666666666668,0.027860333333333334,c
exo,standard,gesummv,4,EXTRALARGE,1.0050625300625302,0.027719999999999998,0.027860333333333334,c
exo,standard,gesummv,5,EXTRALARGE,1.0045914013389585,0.027732999999999997,0.027860333333333334,c
halide,FromPlan,gesummv,1,EXTRALARGE,3.6886446886446884,0.007553000000000001,0.027860333333333334,c
halide,Naive,gesummv,4,EXTRALARGE,3.1351888667992043,0.008886333333333335,0.027860333333333334,c
halide,Naive,gesummv,5,EXTRALARGE,3.148653230363534,0.008848333333333333,0.027860333333333334,c
halide,standard,gesummv,1,EXTRALARGE,1.0036745722005405,0.027758333333333333,0.027860333333333334,c
halide,standard,gesummv,2,EXTRALARGE,1.1482957121464,0.02426233333333333,0.027860333333333334,c
halide,standard,gesummv,3,EXTRALARGE,1.0077892325315005,0.027645,0.027860333333333334,c
halide,standard,gesummv,4,EXTRALARGE,1.009712842939464,0.027592333333333333,0.027860333333333334,c
halide,standard,gesummv,5,EXTRALARGE,1.0081174313697112,0.027635999999999997,0.027860333333333334,c
noarr,AllHints,gesummv,1,EXTRALARGE,1.998015873015873,0.013944,0.027860333333333334,c
noarr,AllHints,gesummv,2,EXTRALARGE,5.136176488662201,0.005424333333333333,0.027860333333333334,c
noarr,AllHints,gesummv,3,EXTRALARGE,1.95882256439101,0.014223,0.027860333333333334,c
noarr,AllHints,gesummv,4,EXTRALARGE,1.9811557788944723,0.014062666666666668,0.027860333333333334,c
noarr,AllHints,gesummv,5,EXTRALARGE,3.481236203090507,0.008003000000000001,0.027860333333333334,c
noarr,ChooseHints,gesummv,1,EXTRALARGE,3.6102544166558688,0.007716999999999999,0.027860333333333334,c
noarr,ChooseHints,gesummv,2,EXTRALARGE,1.9795604187390463,0.014073999999999998,0.027860333333333334,c
noarr,ChooseHints,gesummv,3,EXTRALARGE,3.5587584092650943,0.007828666666666666,0.027860333333333334,c
noarr,ChooseHints,gesummv,4,EXTRALARGE,3.5950363456492758,0.007749666666666666,0.027860333333333334,c
noarr,ChooseHints,gesummv,5,EXTRALARGE,1.992300724637681,0.013984000000000002,0.027860333333333334,c
noarr,FromPlan,gesummv,1,EXTRALARGE,1.9865709599980987,0.014024333333333333,0.027860333333333334,c
noarr,FromPlan,gesummv,3,EXTRALARGE,1.978014436161401,0.014085,0.027860333333333334,c
noarr,FromPlan,gesummv,4,EXTRALARGE,1.9712500000000002,0.014133333333333333,0.027860333333333334,c
noarr,Naive,gesummv,1,EXTRALARGE,1.9448749272833044,0.014325,0.027860333333333334,c
noarr,Naive,gesummv,2,EXTRALARGE,1.9818134395599183,0.014058000000000001,0.027860333333333334,c
noarr,Naive,gesummv,3,EXTRALARGE,1.9843542260208928,0.014039999999999999,0.027860333333333334,c
noarr,Naive,gesummv,4,EXTRALARGE,1.9798886651664098,0.014071666666666668,0.027860333333333334,c
noarr,Naive,gesummv,5,EXTRALARGE,1.9995454545454545,0.013933333333333334,0.027860333333333334,c
noarr,standard,gesummv,1,EXTRALARGE,1.0696861881847035,0.026045333333333334,0.027860333333333334,c
noarr,standard,gesummv,2,EXTRALARGE,1.0700833472031956,0.026035666666666665,0.027860333333333334,c
noarr,standard,gesummv,3,EXTRALARGE,1.068592103917357,0.026072,0.027860333333333334,c
noarr,standard,gesummv,4,EXTRALARGE,1.0701792573623559,0.026033333333333335,0.027860333333333334,c
noarr,standard,gesummv,5,EXTRALARGE,1.0697409512107714,0.026044,0.027860333333333334,c
c,ChooseHints,gramschmidt,1,EXTRALARGE,2.899864184949504,8.032001333333334,23.291712999999998,c
c,ChooseHints,gramschmidt,4,EXTRALARGE,2.8828320770467775,8.079455333333334,23.291712999999998,c
c,Naive,gramschmidt,1,EXTRALARGE,3.401826666529052,6.846825333333332,23.291712999999998,c
c,standard,gramschmidt,1,EXTRALARGE,1.0,23.291712999999998,23.291712999999998,c
c,AllHints,jacobi-1d,1,EXTRALARGE,0.23172569706103993,0.018578,0.004305,c
c,AllHints,jacobi-1d,2,EXTRALARGE,0.29277747551686617,0.014704,0.004305,c
c,AllHints,jacobi-1d,4,EXTRALARGE,0.29083252640349494,0.014802333333333334,0.004305,c
c,AllHints,jacobi-1d,5,EXTRALARGE,0.23701161659723624,0.018163666666666665,0.004305,c
c,ChooseHints,jacobi-1d,2,EXTRALARGE,0.24528982754691175,0.01755066666666667,0.004305,c
c,ChooseHints,jacobi-1d,3,EXTRALARGE,0.2578564868426307,0.016695333333333333,0.004305,c
c,ChooseHints,jacobi-1d,4,EXTRALARGE,0.24564440048691416,0.017525333333333334,0.004305,c
c,ChooseHints,jacobi-1d,5,EXTRALARGE,0.23738190640738152,0.018135333333333333,0.004305,c
c,FromPlan,jacobi-1d,2,EXTRALARGE,0.28001821256667103,0.015373999999999999,0.004305,c
c,FromPlan,jacobi-1d,3,EXTRALARGE,0.24464860769085053,0.017596666666666667,0.004305,c
c,FromPlan,jacobi-1d,4,EXTRALARGE,0.24109092945546862,0.017856333333333335,0.004305,c
c,FromPlan,jacobi-1d,5,EXTRALARGE,0.23902944605874404,0.018010333333333333,0.004305,c
c,Naive,jacobi-1d,2,EXTRALARGE,0.3761029732956696,0.011446333333333334,0.004305,c
c,Naive,jacobi-1d,3,EXTRALARGE,1.1687782805429863,0.0036833333333333336,0.004305,c
c,Naive,jacobi-1d,4,EXTRALARGE,1.174197654332212,0.0036663333333333335,0.004305,c
c,Naive,jacobi-1d,5,EXTRALARGE,1.1743044189852698,0.0036660000000000004,0.004305,c
c,standard,jacobi-1d,1,EXTRALARGE,1.0,0.004305,0.004305,c
exo,AllHints,jacobi-1d,1,EXTRALARGE,0.07791996235225977,0.055249,0.004305,c
exo,AllHints,jacobi-1d,2,EXTRALARGE,0.07728951100844408,0.05569966666666667,0.004305,c
exo,AllHints,jacobi-1d,3,EXTRALARGE,0.07716621058040461,0.055788666666666674,0.004305,c
exo,AllHints,jacobi-1d,4,EXTRALARGE,0.07743362831858407,0.055596,0.004305,c
exo,AllHints,jacobi-1d,5,EXTRALARGE,0.077055713995919,0.05586866666666667,0.004305,c
exo,ChooseHints,jacobi-1d,1,EXTRALARGE,0.07855457155369568,0.054802666666666666,0.004305,c
exo,ChooseHints,jacobi-1d,3,EXTRALARGE,0.07569319493854873,0.05687433333333333,0.004305,c
exo,ChooseHints,jacobi-1d,4,EXTRALARGE,0.07787532711858275,0.055280666666666665,0.004305,c
exo,ChooseHints,jacobi-1d,5,EXTRALARGE,0.0775326429536245,0.055525,0.004305,c
exo,FromPlan,jacobi-1d,1,EXTRALARGE,0.07775857812885707,0.055363666666666665,0.004305,c
exo,FromPlan,jacobi-1d,4,EXTRALARGE,0.08611894616815698,0.049989000000000006,0.004305,c
exo,Naive,jacobi-1d,1,EXTRALARGE,0.07602469993348206,0.056626333333333334,0.004305,c
exo,Naive,jacobi-1d,2,EXTRALARGE,0.07708422862054147,0.055848,0.004305,c
exo,Naive,jacobi-1d,5,EXTRALARGE,0.07645947914014906,0.05630433333333334,0.004305,c
exo,standard,jacobi-1d,1,EXTRALARGE,0.994073275862069,0.004330666666666667,0.004305,c
exo,standard,jacobi-1d,2,EXTRALARGE,1.0001548826763724,0.004304333333333334,0.004305,c
exo,standard,jacobi-1d,3,EXTRALARGE,0.9936908517350158,0.004332333333333333,0.004305,c
exo,standard,jacobi-1d,4,EXTRALARGE,0.9982994511865191,0.004312333333333334,0.004305,c
exo,standard,jacobi-1d,5,EXTRALARGE,0.8295863309352518,0.005189333333333333,0.004305,c
halide,AllHints,jacobi-1d,3,EXTRALARGE,0.3078591690305356,0.013983666666666667,0.004305,c
halide,AllHints,jacobi-1d,4,EXTRALARGE,0.3666430092264017,0.011741666666666666,0.004305,c
halide,AllHints,jacobi-1d,5,EXTRALARGE,0.2542873456850893,0.016929666666666666,0.004305,c
halide,ChooseHints,jacobi-1d,3,EXTRALARGE,0.0012695566028100502,3.390947666666667,0.004305,c
halide,ChooseHints,jacobi-1d,4,EXTRALARGE,0.26429419228093154,0.016288666666666667,0.004305,c
halide,FromPlan,jacobi-1d,1,EXTRALARGE,0.06584716727168904,0.06537866666666665,0.004305,c
halide,FromPlan,jacobi-1d,4,EXTRALARGE,0.2225304547099264,0.019345666666666667,0.004305,c
halide,FromPlan,jacobi-1d,5,EXTRALARGE,0.2724223759703003,0.01580266666666667,0.004305,c
halide,Naive,jacobi-1d,1,EXTRALARGE,0.07921903465027694,0.054343,0.004305,c
halide,Naive,jacobi-1d,3,EXTRALARGE,0.1075291198681176,0.040035666666666664,0.004305,c
halide,Naive,jacobi-1d,4,EXTRALARGE,0.2629489372098705,0.016372,0.004305,c
halide,Naive,jacobi-1d,5,EXTRALARGE,0.14649667078800802,0.029386333333333334,0.004305,c
halide,standard,jacobi-1d,2,EXTRALARGE,0.8075407990996061,0.005331,0.004305,c
noarr,AllHints,jacobi-1d,1,EXTRALARGE,0.06910519078169394,0.062296333333333336,0.004305,c
noarr,AllHints,jacobi-1d,2,EXTRALARGE,1.2368320245163762,0.0034806666666666666,0.004305,c
noarr,AllHints,jacobi-1d,3,EXTRALARGE,1.2407531943510424,0.0034696666666666665,0.004305,c
noarr,AllHints,jacobi-1d,4,EXTRALARGE,0.07375701019976927,0.058367333333333334,0.004305,c
noarr,AllHints,jacobi-1d,5,EXTRALARGE,1.2369504836701466,0.003480333333333333,0.004305,c
noarr,ChooseHints,jacobi-1d,1,EXTRALARGE,0.07291831342171233,0.05903866666666666,0.004305,c
noarr,ChooseHints,jacobi-1d,2,EXTRALARGE,0.5963429837927691,0.007219,0.004305,c
noarr,ChooseHints,jacobi-1d,3,EXTRALARGE,0.06964253937782762,0.061815666666666665,0.004305,c
noarr,ChooseHints,jacobi-1d,4,EXTRALARGE,0.07071210345922624,0.060880666666666666,0.004305,c
noarr,ChooseHints,jacobi-1d,5,EXTRALARGE,0.205593938043236,0.020939333333333334,0.004305,c
noarr,FromPlan,jacobi-1d,1,EXTRALARGE,0.8950724235913784,0.004809666666666667,0.004305,c
noarr,FromPlan,jacobi-1d,2,EXTRALARGE,1.2298828682982572,0.003500333333333333,0.004305,c
noarr,FromPlan,jacobi-1d,3,EXTRALARGE,0.2916403215608346,0.014761333333333333,0.004305,c
noarr,FromPlan,jacobi-1d,4,EXTRALARGE,0.8868365034676922,0.004854333333333333,0.004305,c
noarr,FromPlan,jacobi-1d,5,EXTRALARGE,0.8906896551724138,0.004833333333333333,0.004305,c
noarr,Naive,jacobi-1d,1,EXTRALARGE,0.07273106120334286,0.05919066666666667,0.004305,c
noarr,Naive,jacobi-1d,3,EXTRALARGE,0.057274251199588455,0.07516466666666667,0.004305,c
noarr,Naive,jacobi-1d,4,EXTRALARGE,0.6514501891551072,0.006608333333333333,0.004305,c
noarr,Naive,jacobi-1d,5,EXTRALARGE,0.6628175519630485,0.006495,0.004305,c
noarr,standard,jacobi-1d,1,EXTRALARGE,1.2368320245163762,0.0034806666666666666,0.004305,c
noarr,standard,jacobi-1d,2,EXTRALARGE,1.2374245472837022,0.003479,0.004305,c
noarr,standard,jacobi-1d,3,EXTRALARGE,1.2360034453057709,0.003483,0.004305,c
noarr,standard,jacobi-1d,4,EXTRALARGE,1.236240068919307,0.0034823333333333334,0.004305,c
noarr,standard,jacobi-1d,5,EXTRALARGE,1.237898974408128,0.0034776666666666667,0.004305,c
c,AllHints,jacobi-2d,1,EXTRALARGE,3.4416029103288617,5.914749666666666,20.356219666666664,c
c,AllHints,jacobi-2d,2,EXTRALARGE,3.2326447971617736,6.297079,20.356219666666664,c
c,AllHints,jacobi-2d,3,EXTRALARGE,3.079198450958238,6.610882666666666,20.356219666666664,c
c,AllHints,jacobi-2d,4,EXTRALARGE,3.1247845938954684,6.514439333333333,20.356219666666664,c
c,AllHints,jacobi-2d,5,EXTRALARGE,3.48091904892842,5.847944000000001,20.356219666666664,c
c,ChooseHints,jacobi-2d,1,EXTRALARGE,3.2047254759386843,6.351938666666666,20.356219666666664,c
c,ChooseHints,jacobi-2d,2,EXTRALARGE,3.2700399026452347,6.225067666666667,20.356219666666664,c
c,ChooseHints,jacobi-2d,3,EXTRALARGE,3.677087376968861,5.535963,20.356219666666664,c
c,ChooseHints,jacobi-2d,4,EXTRALARGE,3.779745430071688,5.385606,20.356219666666664,c
c,ChooseHints,jacobi-2d,5,EXTRALARGE,3.1264299302622383,6.511011,20.356219666666664,c
c,FromPlan,jacobi-2d,1,EXTRALARGE,0.32093697260132903,63.42746833333334,20.356219666666664,c
c,FromPlan,jacobi-2d,2,EXTRALARGE,0.3649171380885735,55.78312866666667,20.356219666666664,c
c,FromPlan,jacobi-2d,3,EXTRALARGE,2.8398574915476686,7.1680426666666675,20.356219666666664,c
c,FromPlan,jacobi-2d,4,EXTRALARGE,0.31364378525177145,64.902353,20.356219666666664,c
c,FromPlan,jacobi-2d,5,EXTRALARGE,2.6230286961001834,7.760578333333332,20.356219666666664,c
c,Naive,jacobi-2d,1,EXTRALARGE,1.2854215451190447,15.836221,20.356219666666664,c
c,Naive,jacobi-2d,2,EXTRALARGE,0.9817422003153667,20.734791333333334,20.356219666666664,c
c,Naive,jacobi-2d,3,EXTRALARGE,0.9867834525562615,20.628861999999998,20.356219666666664,c
c,Naive,jacobi-2d,4,EXTRALARGE,3.1948847135037877,6.3715036666666665,20.356219666666664,c
c,standard,jacobi-2d,1,EXTRALARGE,1.0,20.356219666666664,20.356219666666664,c
exo,AllHints,jacobi-2d,2,EXTRALARGE,3.2922251159433715,6.1831190000000005,20.356219666666664,c
exo,AllHints,jacobi-2d,3,EXTRALARGE,3.3043016437516672,6.160521,20.356219666666664,c
exo,ChooseHints,jacobi-2d,1,EXTRALARGE,3.1234131784334602,6.517299666666666,20.356219666666664,c
exo,ChooseHints,jacobi-2d,2,EXTRALARGE,3.143390175709435,6.475880666666666,20.356219666666664,c
exo,ChooseHints,jacobi-2d,4,EXTRALARGE,3.3954894655225423,5.995076666666667,20.356219666666664,c
exo,Naive,jacobi-2d,3,EXTRALARGE,3.0985086596517157,6.569683,20.356219666666664,c
exo,standard,jacobi-2d,1,EXTRALARGE,0.9880560540213024,20.602292333333335,20.356219666666664,c
exo,standard,jacobi-2d,2,EXTRALARGE,0.9915825667546028,20.529021333333333,20.356219666666664,c
exo,standard,jacobi-2d,3,EXTRALARGE,0.9905648531794772,20.550113,20.356219666666664,c
exo,standard,jacobi-2d,4,EXTRALARGE,0.9897427370865961,20.567182666666668,20.356219666666664,c
exo,standard,jacobi-2d,5,EXTRALARGE,0.9889099099158911,20.584503666666667,20.356219666666664,c
halide,AllHints,jacobi-2d,2,EXTRALARGE,2.686484902564723,7.577269333333334,20.356219666666664,c
halide,AllHints,jacobi-2d,3,EXTRALARGE,2.669420757507938,7.625706666666667,20.356219666666664,c
halide,AllHints,jacobi-2d,4,EXTRALARGE,2.7134255352501575,7.502037333333334,20.356219666666664,c
halide,ChooseHints,jacobi-2d,1,EXTRALARGE,2.3130975214920717,8.800415666666666,20.356219666666664,c
halide,ChooseHints,jacobi-2d,2,EXTRALARGE,2.730257184965685,7.4557883333333335,20.356219666666664,c
halide,ChooseHints,jacobi-2d,3,EXTRALARGE,2.2203606341884794,9.167979,20.356219666666664,c
halide,ChooseHints,jacobi-2d,4,EXTRALARGE,2.7122680126064824,7.505239,20.356219666666664,c
halide,FromPlan,jacobi-2d,1,EXTRALARGE,2.658592022803706,7.656766999999999,20.356219666666664,c
halide,FromPlan,jacobi-2d,2,EXTRALARGE,2.7506929245372462,7.400397000000001,20.356219666666664,c
halide,FromPlan,jacobi-2d,3,EXTRALARGE,2.627861659818312,7.746305666666667,20.356219666666664,c
halide,FromPlan,jacobi-2d,4,EXTRALARGE,2.289735860214386,8.890204333333335,20.356219666666664,c
halide,FromPlan,jacobi-2d,5,EXTRALARGE,0.8785484978267494,23.17028566666667,20.356219666666664,c
halide,Naive,jacobi-2d,1,EXTRALARGE,2.7743516258752603,7.337289000000001,20.356219666666664,c
halide,Naive,jacobi-2d,3,EXTRALARGE,2.433121030528072,8.366299666666666,20.356219666666664,c
halide,Naive,jacobi-2d,4,EXTRALARGE,2.441846783644905,8.336403333333333,20.356219666666664,c
halide,Naive,jacobi-2d,5,EXTRALARGE,2.3252643328069675,8.754368,20.356219666666664,c
halide,standard,jacobi-2d,3,EXTRALARGE,0.31872460823504034,63.86773766666667,20.356219666666664,c
halide,standard,jacobi-2d,4,EXTRALARGE,0.7178595035465235,28.35682966666667,20.356219666666664,c
halide,standard,jacobi-2d,5,EXTRALARGE,0.31575129277193226,64.469157,20.356219666666664,c
noarr,AllHints,jacobi-2d,1,EXTRALARGE,3.076289318190759,6.6171343333333335,20.356219666666664,c
noarr,AllHints,jacobi-2d,2,EXTRALARGE,3.1913136565303954,6.378633333333333,20.356219666666664,c
noarr,AllHints,jacobi-2d,3,EXTRALARGE,3.3138207211297037,6.142824666666667,20.356219666666664,c
noarr,AllHints,jacobi-2d,4,EXTRALARGE,3.112899922377139,6.539310666666666,20.356219666666664,c
noarr,AllHints,jacobi-2d,5,EXTRALARGE,3.1580228780950548,6.445874666666666,20.356219666666664,c
noarr,ChooseHints,jacobi-2d,1,EXTRALARGE,0.9887076486432438,20.588714666666664,20.356219666666664,c
noarr,ChooseHints,jacobi-2d,2,EXTRALARGE,2.6838429502089394,7.5847283333333335,20.356219666666664,c
noarr,ChooseHints,jacobi-2d,3,EXTRALARGE,0.9949235951303553,20.460083333333333,20.356219666666664,c
noarr,ChooseHints,jacobi-2d,4,EXTRALARGE,3.110794602614643,6.5437363333333325,20.356219666666664,c
noarr,ChooseHints,jacobi-2d,5,EXTRALARGE,3.1676743328973593,6.426235000000001,20.356219666666664,c
noarr,FromPlan,jacobi-2d,1,EXTRALARGE,0.3639664047638342,55.928842333333336,20.356219666666664,c
noarr,FromPlan,jacobi-2d,2,EXTRALARGE,0.3573698395001417,56.96121333333334,20.356219666666664,c
noarr,FromPlan,jacobi-2d,3,EXTRALARGE,0.348127462096042,58.473467,20.356219666666664,c
noarr,FromPlan,jacobi-2d,4,EXTRALARGE,0.3260441633446973,62.43393366666667,20.356219666666664,c
noarr,FromPlan,jacobi-2d,5,EXTRALARGE,0.3224568762804009,63.12850233333333,20.356219666666664,c
noarr,Naive,jacobi-2d,1,EXTRALARGE,3.0522010816434486,6.669357333333333,20.356219666666664,c
noarr,Naive,jacobi-2d,2,EXTRALARGE,0.30314833583272804,67.14936966666666,20.356219666666664,c
noarr,Naive,jacobi-2d,3,EXTRALARGE,3.2003333723230223,6.360656,20.356219666666664,c
noarr,Naive,jacobi-2d,5,EXTRALARGE,0.1564701040096812,130.09654333333333,20.356219666666664,c
noarr,standard,jacobi-2d,1,EXTRALARGE,0.9830793154282224,20.706589333333334,20.356219666666664,c
noarr,standard,jacobi-2d,2,EXTRALARGE,1.0006937498215933,20.34210733333333,20.356219666666664,c
noarr,standard,jacobi-2d,3,EXTRALARGE,0.9866110371903981,20.632467000000002,20.356219666666664,c
noarr,standard,jacobi-2d,4,EXTRALARGE,0.9833171834659126,20.701580333333336,20.356219666666664,c
noarr,standard,jacobi-2d,5,EXTRALARGE,0.9834611600564798,20.69854966666667,20.356219666666664,c
c,AllHints,lu,1,EXTRALARGE,1.67900841165017,30.250980666666667,50.791651,c
c,AllHints,lu,2,EXTRALARGE,1.7218453007372256,29.498382333333335,50.791651,c
c,AllHints,lu,3,EXTRALARGE,1.9728014841013062,25.745951333333334,50.791651,c
c,AllHints,lu,4,EXTRALARGE,1.6545118201075428,30.698874666666665,50.791651,c
c,AllHints,lu,5,EXTRALARGE,1.6871900794189265,30.104285,50.791651,c
c,ChooseHints,lu,1,EXTRALARGE,1.1808972102886446,43.01106866666667,50.791651,c
c,ChooseHints,lu,2,EXTRALARGE,1.6633879365404016,30.535060333333334,50.791651,c
c,ChooseHints,lu,3,EXTRALARGE,1.6786572460888705,30.257309000000003,50.791651,c
c,ChooseHints,lu,4,EXTRALARGE,1.695297686132395,29.960314,50.791651,c
c,ChooseHints,lu,5,EXTRALARGE,1.8667223990414348,27.209000666666668,50.791651,c
c,FromPlan,lu,1,EXTRALARGE,1.667643792226765,30.457134333333332,50.791651,c
c,FromPlan,lu,2,EXTRALARGE,1.73482959505097,29.277602333333334,50.791651,c
c,FromPlan,lu,3,EXTRALARGE,1.4293777781296568,35.534098666666665,50.791651,c
c,FromPlan,lu,4,EXTRALARGE,1.0778675985727113,47.122347,50.791651,c
c,FromPlan,lu,5,EXTRALARGE,3.617266326719097,14.041446333333333,50.791651,c
c,Naive,lu,1,EXTRALARGE,1.6580594231923145,30.633191,50.791651,c
c,Naive,lu,2,EXTRALARGE,1.6633362416665054,30.536009333333336,50.791651,c
c,Naive,lu,3,EXTRALARGE,1.677393951516447,30.28009666666667,50.791651,c
c,Naive,lu,4,EXTRALARGE,1.6677889024181258,30.45448433333333,50.791651,c
c,Naive,lu,5,EXTRALARGE,1.6837931606737313,30.165018000000003,50.791651,c
c,standard,lu,1,EXTRALARGE,1.0,50.791651,50.791651,c
exo,AllHints,lu,1,EXTRALARGE,1.6422533315604715,30.928024333333337,50.791651,c
exo,AllHints,lu,2,EXTRALARGE,1.5070352283377901,33.70302833333333,50.791651,c
exo,AllHints,lu,3,EXTRALARGE,1.5425505682398668,32.92705733333333,50.791651,c
exo,AllHints,lu,4,EXTRALARGE,0.23655070028467629,214.71782133333332,50.791651,c
exo,AllHints,lu,5,EXTRALARGE,1.3498397532647195,37.62791166666667,50.791651,c
exo,ChooseHints,lu,1,EXTRALARGE,1.5417826047912901,32.94345833333333,50.791651,c
exo,ChooseHints,lu,2,EXTRALARGE,1.7478025799053722,29.060290666666663,50.791651,c
exo,ChooseHints,lu,3,EXTRALARGE,0.9712948700361167,52.292720333333335,50.791651,c
exo,FromPlan,lu,3,EXTRALARGE,1.0433362825437829,48.68195599999999,50.791651,c
exo,Naive,lu,1,EXTRALARGE,2.073532711327307,24.495225333333334,50.791651,c
exo,Naive,lu,2,EXTRALARGE,1.5624617382610868,32.507452666666666,50.791651,c
exo,Naive,lu,3,EXTRALARGE,1.5262405529937575,33.278929000000005,50.791651,c
exo,Naive,lu,4,EXTRALARGE,1.506228060959834,33.72108933333333,50.791651,c
exo,Naive,lu,5,EXTRALARGE,1.554042892147789,32.683558,50.791651,c
exo,standard,lu,1,EXTRALARGE,0.9806976565891614,51.79134533333333,50.791651,c
exo,standard,lu,2,EXTRALARGE,0.978057837714393,51.93113233333333,50.791651,c
exo,standard,lu,3,EXTRALARGE,0.9734329728664938,52.17786166666667,50.791651,c
exo,standard,lu,4,EXTRALARGE,0.9768638688571631,51.994605,50.791651,c
exo,standard,lu,5,EXTRALARGE,0.9722217016833435,52.242869000000006,50.791651,c
halide,ChooseHints,lu,2,EXTRALARGE,0.8543548739546247,59.450297,50.791651,c
halide,ChooseHints,lu,4,EXTRALARGE,0.8007185128599795,63.43259233333333,50.791651,c
halide,ChooseHints,lu,5,EXTRALARGE,0.6944517723023125,73.13920566666667,50.791651,c
halide,FromPlan,lu,5,EXTRALARGE,0.7715701496124479,65.82894766666666,50.791651,c
halide,standard,lu,1,EXTRALARGE,0.7589743974682828,66.92142866666667,50.791651,c
halide,standard,lu,5,EXTRALARGE,0.7817121130416754,64.97488033333333,50.791651,c
noarr,AllHints,lu,1,EXTRALARGE,0.9968270437523503,50.95332366666667,50.791651,c
noarr,AllHints,lu,2,EXTRALARGE,0.9929305667730227,51.153275666666666,50.791651,c
noarr,AllHints,lu,3,EXTRALARGE,1.6053020527792505,31.639934,50.791651,c
noarr,AllHints,lu,4,EXTRALARGE,1.0016733455537847,50.706801000000006,50.791651,c
noarr,AllHints,lu,5,EXTRALARGE,1.595820986815577,31.827912666666666,50.791651,c
noarr,ChooseHints,lu,1,EXTRALARGE,0.9974256885067188,50.922742,50.791651,c
noarr,ChooseHints,lu,2,EXTRALARGE,1.0076534002412312,50.40587466666667,50.791651,c
noarr,ChooseHints,lu,3,EXTRALARGE,0.9981874351775734,50.883881333333335,50.791651,c
noarr,ChooseHints,lu,5,EXTRALARGE,0.9960454287847956,50.99330766666666,50.791651,c
noarr,FromPlan,lu,1,EXTRALARGE,1.5781776252489277,32.18373533333333,50.791651,c
noarr,FromPlan,lu,2,EXTRALARGE,1.5761169128149157,32.22581433333334,50.791651,c
noarr,FromPlan,lu,3,EXTRALARGE,1.605304657261266,31.639882666666665,50.791651,c
noarr,FromPlan,lu,4,EXTRALARGE,1.5799126766052596,32.148391333333336,50.791651,c
noarr,FromPlan,lu,5,EXTRALARGE,1.5915350447194592,31.913624,50.791651,c
noarr,Naive,lu,1,EXTRALARGE,0.9953373582622018,51.02958366666667,50.791651,c
noarr,Naive,lu,2,EXTRALARGE,0.9905758969182383,51.274870666666665,50.791651,c
noarr,Naive,lu,3,EXTRALARGE,1.6042526780183815,31.660630333333334,50.791651,c
noarr,Naive,lu,4,EXTRALARGE,0.9949587911938125,51.04899966666667,50.791651,c
noarr,standard,lu,2,EXTRALARGE,0.9950395329410004,51.04485733333333,50.791651,c
noarr,standard,lu,5,EXTRALARGE,0.9921079876883382,51.195688,50.791651,c
c,AllHints,ludcmp,1,EXTRALARGE,1.5066975176384994,30.734994333333333,46.308339666666676,c
c,AllHints,ludcmp,2,EXTRALARGE,1.900614049085402,24.364936,46.308339666666676,c
c,AllHints,ludcmp,3,EXTRALARGE,1.2270829017271683,37.73855833333334,46.308339666666676,c
c,AllHints,ludcmp,5,EXTRALARGE,0.9931711015637543,46.626749,46.308339666666676,c
c,ChooseHints,ludcmp,1,EXTRALARGE,1.7573905838082984,26.350624666666665,46.308339666666676,c
c,ChooseHints,ludcmp,2,EXTRALARGE,1.786199709147455,25.92562266666667,46.308339666666676,c
c,ChooseHints,ludcmp,3,EXTRALARGE,1.9746862246405306,23.450986333333333,46.308339666666676,c
c,ChooseHints,ludcmp,4,EXTRALARGE,1.7252649049672564,26.84129233333333,46.308339666666676,c
c,ChooseHints,ludcmp,5,EXTRALARGE,1.5155906776169268,30.554648,46.308339666666676,c
c,FromPlan,ludcmp,1,EXTRALARGE,1.5217712501373484,30.430552333333335,46.308339666666676,c
c,FromPlan,ludcmp,3,EXTRALARGE,1.9607314206768487,23.61789033333333,46.308339666666676,c
c,FromPlan,ludcmp,4,EXTRALARGE,1.5178611617802256,30.508943,46.308339666666676,c
c,FromPlan,ludcmp,5,EXTRALARGE,1.527923654705337,30.308019333333334,46.308339666666676,c
c,Naive,ludcmp,2,EXTRALARGE,1.525305085129854,30.360050666666666,46.308339666666676,c
c,Naive,ludcmp,3,EXTRALARGE,0.9980044296232876,46.400936,46.308339666666676,c
c,Naive,ludcmp,4,EXTRALARGE,1.2477020371727054,37.114902666666666,46.308339666666676,c
c,standard,ludcmp,1,EXTRALARGE,1.0,46.308339666666676,46.308339666666676,c
exo,AllHints,ludcmp,2,EXTRALARGE,0.9091423452989889,50.93629166666667,46.308339666666676,c
exo,AllHints,ludcmp,5,EXTRALARGE,1.582217715770164,29.267994666666667,46.308339666666676,c
exo,ChooseHints,ludcmp,1,EXTRALARGE,0.9715508277174837,47.664351,46.308339666666676,c
exo,ChooseHints,ludcmp,3,EXTRALARGE,1.598832749250684,28.963842333333332,46.308339666666676,c
exo,ChooseHints,ludcmp,4,EXTRALARGE,1.435393141755016,32.26178133333334,46.308339666666676,c
exo,FromPlan,ludcmp,3,EXTRALARGE,0.246058705084312,188.20037133333335,46.308339666666676,c
exo,Naive,ludcmp,1,EXTRALARGE,1.4319442374964204,32.339485333333336,46.308339666666676,c
exo,Naive,ludcmp,2,EXTRALARGE,0.9130815674827883,50.716542000000004,46.308339666666676,c
exo,Naive,ludcmp,3,EXTRALARGE,1.3153486668108716,35.20613266666667,46.308339666666676,c
exo,Naive,ludcmp,5,EXTRALARGE,0.9747086075952851,47.509932,46.308339666666676,c
exo,standard,ludcmp,1,EXTRALARGE,0.9128758504192228,50.727971000000004,46.308339666666676,c
exo,standard,ludcmp,2,EXTRALARGE,0.9165173685311846,50.526418,46.308339666666676,c
exo,standard,ludcmp,3,EXTRALARGE,0.9113355783924527,50.813707666666666,46.308339666666676,c
exo,standard,ludcmp,4,EXTRALARGE,0.9165417847730464,50.525072,46.308339666666676,c
exo,standard,ludcmp,5,EXTRALARGE,0.9067581075553277,51.070223999999996,46.308339666666676,c
halide,AllHints,ludcmp,2,EXTRALARGE,0.709014845531217,65.31363900000001,46.308339666666676,c
halide,AllHints,ludcmp,4,EXTRALARGE,0.7815316707895962,59.25331166666667,46.308339666666676,c
halide,ChooseHints,ludcmp,1,EXTRALARGE,0.7071088399388497,65.48969133333334,46.308339666666676,c
halide,Naive,ludcmp,3,EXTRALARGE,0.7823625131468424,59.19038666666666,46.308339666666676,c
halide,standard,ludcmp,1,EXTRALARGE,0.9102342711080826,50.875188,46.308339666666676,c
halide,standard,ludcmp,3,EXTRALARGE,0.7216952111953929,64.166062,46.308339666666676,c
halide,standard,ludcmp,4,EXTRALARGE,0.6904972609442399,67.065204,46.308339666666676,c
noarr,AllHints,ludcmp,1,EXTRALARGE,0.9165103667880256,50.526804,46.308339666666676,c
noarr,AllHints,ludcmp,2,EXTRALARGE,1.1011706554139107,42.05373566666666,46.308339666666676,c
noarr,AllHints,ludcmp,3,EXTRALARGE,0.9045613514835577,51.19424966666667,46.308339666666676,c
noarr,AllHints,ludcmp,4,EXTRALARGE,0.9068832806942905,51.063175,46.308339666666676,c
noarr,AllHints,ludcmp,5,EXTRALARGE,0.9079968620730767,51.00055033333334,46.308339666666676,c
noarr,ChooseHints,ludcmp,1,EXTRALARGE,0.8993225546699678,51.49247,46.308339666666676,c
noarr,ChooseHints,ludcmp,2,EXTRALARGE,0.8997429620745362,51.46841,46.308339666666676,c
noarr,ChooseHints,ludcmp,3,EXTRALARGE,0.9095292775323021,50.914622333333334,46.308339666666676,c
noarr,ChooseHints,ludcmp,4,EXTRALARGE,0.9007567049048887,51.410485666666666,46.308339666666676,c
noarr,ChooseHints,ludcmp,5,EXTRALARGE,0.90763554990372,51.02085266666666,46.308339666666676,c
noarr,FromPlan,ludcmp,1,EXTRALARGE,0.9076659353899793,51.01914466666667,46.308339666666676,c
noarr,FromPlan,ludcmp,2,EXTRALARGE,0.9035468356275497,51.25173133333334,46.308339666666676,c
noarr,FromPlan,ludcmp,3,EXTRALARGE,0.9052305959702511,51.15640133333333,46.308339666666676,c
noarr,FromPlan,ludcmp,5,EXTRALARGE,0.9139537752670441,50.668141999999996,46.308339666666676,c
noarr,Naive,ludcmp,1,EXTRALARGE,0.9152987254293222,50.59368966666667,46.308339666666676,c
noarr,Naive,ludcmp,2,EXTRALARGE,0.9040116436033054,51.22537966666667,46.308339666666676,c
noarr,Naive,ludcmp,3,EXTRALARGE,0.9108060911110303,50.84324766666666,46.308339666666676,c
noarr,Naive,ludcmp,4,EXTRALARGE,0.9151953762511127,50.599402999999995,46.308339666666676,c
noarr,Naive,ludcmp,5,EXTRALARGE,0.9153789728059708,50.589254333333336,46.308339666666676,c
noarr,standard,ludcmp,1,EXTRALARGE,0.9028366516082351,51.29204666666667,46.308339666666676,c
c,AllHints,mvt,1,EXTRALARGE,5.531429161716853,0.012907333333333333,0.071396,c
c,AllHints,mvt,2,EXTRALARGE,5.658714432907982,0.012616999999999998,0.071396,c
c,AllHints,mvt,4,EXTRALARGE,6.650355512776726,0.010735666666666666,0.071396,c
c,AllHints,mvt,5,EXTRALARGE,4.050760269309327,0.017625333333333333,0.071396,c
c,ChooseHints,mvt,1,EXTRALARGE,5.081565836298933,0.01405,0.071396,c
c,ChooseHints,mvt,2,EXTRALARGE,8.738087467362925,0.008170666666666666,0.071396,c
c,ChooseHints,mvt,3,EXTRALARGE,1.0100634743980308,0.07068466666666666,0.071396,c
c,ChooseHints,mvt,5,EXTRALARGE,5.724655886676467,0.012471666666666667,0.071396,c
c,FromPlan,mvt,1,EXTRALARGE,2.2581522598602017,0.031617,0.071396,c
c,FromPlan,mvt,2,EXTRALARGE,1.9478010985413408,0.03665466666666667,0.071396,c
c,FromPlan,mvt,3,EXTRALARGE,2.828721985234882,0.025239666666666664,0.071396,c
c,FromPlan,mvt,4,EXTRALARGE,2.8676931316106575,0.024896666666666668,0.071396,c
c,FromPlan,mvt,5,EXTRALARGE,2.8775946152916045,0.024811,0.071396,c
c,Naive,mvt,1,EXTRALARGE,2.882086198312634,0.02477233333333333,0.071396,c
c,Naive,mvt,2,EXTRALARGE,2.857211461501521,0.024988,0.071396,c
c,Naive,mvt,3,EXTRALARGE,2.8461630456448077,0.025085,0.071396,c
c,Naive,mvt,4,EXTRALARGE,1.9932623585467542,0.035818666666666665,0.071396,c
c,Naive,mvt,5,EXTRALARGE,2.900193627882415,0.024617666666666666,0.071396,c
c,standard,mvt,1,EXTRALARGE,1.0,0.071396,0.071396,c
exo,AllHints,mvt,1,EXTRALARGE,4.688571240943021,0.015227666666666667,0.071396,c
exo,AllHints,mvt,2,EXTRALARGE,4.869458464056746,0.014662,0.071396,c
exo,AllHints,mvt,3,EXTRALARGE,4.908628394637332,0.014545,0.071396,c
exo,AllHints,mvt,4,EXTRALARGE,3.2271809552508666,0.02212333333333333,0.071396,c
exo,AllHints,mvt,5,EXTRALARGE,3.28262502107312,0.021749666666666667,0.071396,c
exo,ChooseHints,mvt,1,EXTRALARGE,2.770795063517115,0.025767333333333333,0.071396,c
exo,ChooseHints,mvt,2,EXTRALARGE,2.790141468879452,0.025588666666666666,0.071396,c
exo,ChooseHints,mvt,3,EXTRALARGE,5.030130809515981,0.014193666666666667,0.071396,c
exo,ChooseHints,mvt,4,EXTRALARGE,2.872461979990881,0.02485533333333333,0.071396,c
exo,ChooseHints,mvt,5,EXTRALARGE,5.644101293841736,0.012649666666666665,0.071396,c
exo,FromPlan,mvt,2,EXTRALARGE,2.4415844970076948,0.029241666666666666,0.071396,c
exo,FromPlan,mvt,3,EXTRALARGE,0.6253792048304637,0.11416433333333333,0.071396,c
exo,FromPlan,mvt,4,EXTRALARGE,0.6264931965227973,0.11396133333333332,0.071396,c
exo,Naive,mvt,2,EXTRALARGE,4.866913585857438,0.014669666666666666,0.071396,c
exo,Naive,mvt,3,EXTRALARGE,2.6869558672253304,0.026571333333333336,0.071396,c
exo,Naive,mvt,4,EXTRALARGE,3.3013455817753052,0.02162633333333333,0.071396,c
exo,standard,mvt,1,EXTRALARGE,0.96278116403258,0.074156,0.071396,c
exo,standard,mvt,2,EXTRALARGE,0.9627205796423981,0.07416066666666667,0.071396,c
exo,standard,mvt,3,EXTRALARGE,0.9546196015510094,0.07479000000000001,0.071396,c
exo,standard,mvt,4,EXTRALARGE,0.9469551607968664,0.07539533333333333,0.071396,c
exo,standard,mvt,5,EXTRALARGE,0.954577056778679,0.07479333333333334,0.071396,c
halide,AllHints,mvt,3,EXTRALARGE,6.109707048520981,0.011685666666666665,0.071396,c
halide,AllHints,mvt,5,EXTRALARGE,1.470879486880146,0.04853966666666667,0.071396,c
halide,ChooseHints,mvt,2,EXTRALARGE,1.6397795130914101,0.04354,0.071396,c
halide,FromPlan,mvt,5,EXTRALARGE,1.7735639702898973,0.04025566666666666,0.071396,c
halide,Naive,mvt,2,EXTRALARGE,3.6188963606258233,0.01972866666666667,0.071396,c
halide,Naive,mvt,3,EXTRALARGE,6.1242065534396986,0.011658,0.071396,c
halide,standard,mvt,1,EXTRALARGE,0.9249504463071164,0.077189,0.071396,c
halide,standard,mvt,2,EXTRALARGE,1.135558983983586,0.062873,0.071396,c
halide,standard,mvt,3,EXTRALARGE,0.9272488776716177,0.07699766666666667,0.071396,c
halide,standard,mvt,4,EXTRALARGE,0.9275259392700628,0.07697466666666668,0.071396,c
halide,standard,mvt,5,EXTRALARGE,0.9235266725306566,0.077308,0.071396,c
noarr,AllHints,mvt,1,EXTRALARGE,4.207602396621158,0.016968333333333332,0.071396,c
noarr,AllHints,mvt,2,EXTRALARGE,2.619844415088801,0.027252,0.071396,c
noarr,AllHints,mvt,3,EXTRALARGE,2.9728514323784148,0.024016,0.071396,c
noarr,AllHints,mvt,4,EXTRALARGE,4.1870393900889455,0.017051666666666666,0.071396,c
noarr,AllHints,mvt,5,EXTRALARGE,2.5710375954290106,0.02776933333333333,0.071396,c
noarr,ChooseHints,mvt,1,EXTRALARGE,2.6146315262637487,0.027306333333333332,0.071396,c
noarr,ChooseHints,mvt,2,EXTRALARGE,2.5658939802336027,0.027825000000000003,0.071396,c
noarr,ChooseHints,mvt,3,EXTRALARGE,2.579242079404646,0.027681,0.071396,c
noarr,ChooseHints,mvt,4,EXTRALARGE,2.566877988567046,0.027814333333333333,0.071396,c
noarr,ChooseHints,mvt,5,EXTRALARGE,2.565740297077144,0.027826666666666666,0.071396,c
noarr,FromPlan,mvt,1,EXTRALARGE,1.9712305695905463,0.036219,0.071396,c
noarr,FromPlan,mvt,2,EXTRALARGE,1.967825807340714,0.03628166666666666,0.071396,c
noarr,FromPlan,mvt,3,EXTRALARGE,1.9817725922704688,0.036026333333333334,0.071396,c
noarr,FromPlan,mvt,4,EXTRALARGE,1.9838283920086692,0.035989,0.071396,c
noarr,FromPlan,mvt,5,EXTRALARGE,1.9835711838193757,0.03599366666666667,0.071396,c
noarr,Naive,mvt,1,EXTRALARGE,0.9910467650365763,0.07204100000000001,0.071396,c
noarr,Naive,mvt,2,EXTRALARGE,1.356461602766273,0.05263399999999999,0.071396,c
noarr,Naive,mvt,3,EXTRALARGE,2.543891112509947,0.028065666666666666,0.071396,c
noarr,Naive,mvt,4,EXTRALARGE,1.975849376862264,0.03613433333333333,0.071396,c
noarr,Naive,mvt,5,EXTRALARGE,2.5787141825186612,0.027686666666666665,0.071396,c
noarr,standard,mvt,1,EXTRALARGE,0.9971972624423856,0.07159666666666667,0.071396,c
noarr,standard,mvt,2,EXTRALARGE,1.001496250023379,0.07128933333333333,0.071396,c
noarr,standard,mvt,3,EXTRALARGE,1.0105829342518107,0.07064833333333333,0.071396,c
noarr,standard,mvt,4,EXTRALARGE,0.9973783591228911,0.07158366666666667,0.071396,c
noarr,standard,mvt,5,EXTRALARGE,1.0046954082566009,0.07106233333333334,0.071396,c
c,AllHints,nussinov,1,EXTRALARGE,18.124292016376067,5.907563666666667,107.070409,c
c,AllHints,nussinov,3,EXTRALARGE,19.080445383332176,5.611525666666666,107.070409,c
c,AllHints,nussinov,5,EXTRALARGE,18.258750592592847,5.864059999999999,107.070409,c
c,ChooseHints,nussinov,1,EXTRALARGE,18.198814704808207,5.883372666666666,107.070409,c
c,ChooseHints,nussinov,2,EXTRALARGE,18.19442127109533,5.8847933333333335,107.070409,c
c,ChooseHints,nussinov,4,EXTRALARGE,18.209463816928494,5.879932,107.070409,c
c,ChooseHints,nussinov,5,EXTRALARGE,17.551950591783875,6.1002,107.070409,c
c,FromPlan,nussinov,1,EXTRALARGE,1.5080784285113764,70.997905,107.070409,c
c,FromPlan,nussinov,3,EXTRALARGE,16.043100039916553,6.673922666666667,107.070409,c
c,FromPlan,nussinov,4,EXTRALARGE,14.988538368547156,7.143485666666667,107.070409,c
c,FromPlan,nussinov,5,EXTRALARGE,1.4660832111986146,73.03160433333333,107.070409,c
c,Naive,nussinov,1,EXTRALARGE,1.5427162626013589,69.40382466666667,107.070409,c
c,Naive,nussinov,2,EXTRALARGE,1.809392293576369,59.17479,107.070409,c
c,Naive,nussinov,3,EXTRALARGE,1.8763620133342989,57.06276733333333,107.070409,c
c,Naive,nussinov,5,EXTRALARGE,1.87098245099023,57.22683766666666,107.070409,c
c,standard,nussinov,1,EXTRALARGE,1.0,107.070409,107.070409,c
exo,AllHints,nussinov,2,EXTRALARGE,16.91545579951567,6.329738333333334,107.070409,c
exo,AllHints,nussinov,3,EXTRALARGE,17.92121741069107,5.974505333333333,107.070409,c
exo,AllHints,nussinov,5,EXTRALARGE,18.549223483420104,5.772231333333333,107.070409,c
exo,ChooseHints,nussinov,1,EXTRALARGE,1.0228716813571583,104.67628633333334,107.070409,c
exo,ChooseHints,nussinov,2,EXTRALARGE,16.48273783484843,6.495911666666667,107.070409,c
exo,ChooseHints,nussinov,3,EXTRALARGE,16.684721775366878,6.417272666666666,107.070409,c
exo,ChooseHints,nussinov,4,EXTRALARGE,18.33364137568736,5.840106,107.070409,c
exo,ChooseHints,nussinov,5,EXTRALARGE,13.957884858166645,7.670962333333333,107.070409,c
exo,FromPlan,nussinov,1,EXTRALARGE,18.471742557073792,5.796443333333333,107.070409,c
exo,FromPlan,nussinov,4,EXTRALARGE,1.0218550127874704,104.78043133333334,107.070409,c
exo,Naive,nussinov,1,EXTRALARGE,1.0859129047221505,98.59944433333334,107.070409,c
exo,Naive,nussinov,2,EXTRALARGE,1.0849876889108403,98.68352433333332,107.070409,c
exo,standard,nussinov,1,EXTRALARGE,0.995487163790456,107.55579066666667,107.070409,c
exo,standard,nussinov,2,EXTRALARGE,0.9992141511377226,107.15461633333332,107.070409,c
exo,standard,nussinov,3,EXTRALARGE,0.9925894201576865,107.86978666666666,107.070409,c
exo,standard,nussinov,5,EXTRALARGE,0.9272602517386063,115.46964166666667,107.070409,c
halide,AllHints,nussinov,4,EXTRALARGE,1.37279276091332,77.99459033333333,107.070409,c
halide,ChooseHints,nussinov,1,EXTRALARGE,1.4020712128197033,76.365885,107.070409,c
halide,ChooseHints,nussinov,3,EXTRALARGE,1.402408902383134,76.34749666666667,107.070409,c
halide,standard,nussinov,3,EXTRALARGE,0.4125142967423647,259.555632,107.070409,c
halide,standard,nussinov,4,EXTRALARGE,1.303538976098699,82.138249,107.070409,c
c,AllHints,seidel-2d,1,EXTRALARGE,1.356643878690893,160.61018966666666,217.89083066666663,c
c,AllHints,seidel-2d,2,EXTRALARGE,0.9744102017424056,223.61304333333337,217.89083066666663,c
c,AllHints,seidel-2d,3,EXTRALARGE,0.9742792336029534,223.64310266666666,217.89083066666663,c
c,AllHints,seidel-2d,4,EXTRALARGE,0.9097337595050544,239.51054733333334,217.89083066666663,c
c,AllHints,seidel-2d,5,EXTRALARGE,1.3098930587120317,166.34245766666666,217.89083066666663,c
c,ChooseHints,seidel-2d,1,EXTRALARGE,1.3568414164101703,160.586807,217.89083066666663,c
c,ChooseHints,seidel-2d,2,EXTRALARGE,0.9743373529230314,223.62976233333333,217.89083066666663,c
c,ChooseHints,seidel-2d,3,EXTRALARGE,1.8703066763931284,116.50005499999999,217.89083066666663,c
c,ChooseHints,seidel-2d,4,EXTRALARGE,0.9999781424369634,217.89559333333332,217.89083066666663,c
c,ChooseHints,seidel-2d,5,EXTRALARGE,1.2257435971802044,177.762161,217.89083066666663,c
c,FromPlan,seidel-2d,1,EXTRALARGE,1.8863341185059386,115.51019966666667,217.89083066666663,c
c,FromPlan,seidel-2d,2,EXTRALARGE,1.8944318398226612,115.016453,217.89083066666663,c
c,FromPlan,seidel-2d,3,EXTRALARGE,1.8945298855638983,115.01050066666666,217.89083066666663,c
c,FromPlan,seidel-2d,4,EXTRALARGE,1.8864955044250757,115.500318,217.89083066666663,c
c,FromPlan,seidel-2d,5,EXTRALARGE,1.8942699660421083,115.02628166666666,217.89083066666663,c
c,Naive,seidel-2d,2,EXTRALARGE,0.9099561019511281,239.4520243333333,217.89083066666663,c
c,Naive,seidel-2d,3,EXTRALARGE,1.266987413463148,171.97552900000002,217.89083066666663,c
c,Naive,seidel-2d,4,EXTRALARGE,1.1962775977066622,182.14069299999997,217.89083066666663,c
c,Naive,seidel-2d,5,EXTRALARGE,0.9977406641299328,218.384234,217.89083066666663,c
c,standard,seidel-2d,1,EXTRALARGE,1.0,217.89083066666663,217.89083066666663,c
exo,AllHints,seidel-2d,1,EXTRALARGE,1.0000309568272476,217.88408566666666,217.89083066666663,c
exo,ChooseHints,seidel-2d,1,EXTRALARGE,0.8837868178848218,246.54229533333333,217.89083066666663,c
exo,FromPlan,seidel-2d,2,EXTRALARGE,1.148634639426586,189.69550733333332,217.89083066666663,c
exo,FromPlan,seidel-2d,3,EXTRALARGE,1.150926493527699,189.31776433333334,217.89083066666663,c
exo,Naive,seidel-2d,3,EXTRALARGE,0.8834900949767085,246.62509733333331,217.89083066666663,c
exo,standard,seidel-2d,1,EXTRALARGE,1.000014969494045,217.88756899999998,217.89083066666663,c
exo,standard,seidel-2d,2,EXTRALARGE,0.9999813870498067,217.89488633333335,217.89083066666663,c
exo,standard,seidel-2d,3,EXTRALARGE,1.000063095208402,217.87708366666666,217.89083066666663,c
exo,standard,seidel-2d,4,EXTRALARGE,0.9999883383327332,217.89337166666667,217.89083066666663,c
exo,standard,seidel-2d,5,EXTRALARGE,1.0000192776093093,217.88663033333333,217.89083066666663,c
halide,AllHints,seidel-2d,1,EXTRALARGE,22.49330727986936,9.686918333333333,217.89083066666663,c
halide,AllHints,seidel-2d,2,EXTRALARGE,19.205418453496527,11.345279,217.89083066666663,c
halide,ChooseHints,seidel-2d,1,EXTRALARGE,19.035720312760404,11.446419,217.89083066666663,c
halide,Naive,seidel-2d,1,EXTRALARGE,20.00516269377469,10.89173,217.89083066666663,c
halide,Naive,seidel-2d,2,EXTRALARGE,21.54326365671175,10.114105,217.89083066666663,c
halide,Naive,seidel-2d,5,EXTRALARGE,20.395696024381756,10.683177,217.89083066666663,c
halide,standard,seidel-2d,1,EXTRALARGE,4.064020876703701,53.614594333333336,217.89083066666663,c
halide,standard,seidel-2d,3,EXTRALARGE,11.648802048407841,18.704999,217.89083066666663,c
halide,standard,seidel-2d,5,EXTRALARGE,24.004334255453873,9.077145333333334,217.89083066666663,c
noarr,AllHints,seidel-2d,1,EXTRALARGE,1.0001118207870583,217.8664686666667,217.89083066666663,c
noarr,AllHints,seidel-2d,2,EXTRALARGE,1.2452307640674034,174.98028233333332,217.89083066666663,c
noarr,AllHints,seidel-2d,3,EXTRALARGE,1.2661570128581687,172.088318,217.89083066666663,c
noarr,AllHints,seidel-2d,4,EXTRALARGE,1.356617846119669,160.6132716666667,217.89083066666663,c
noarr,AllHints,seidel-2d,5,EXTRALARGE,1.3566993849553275,160.60361866666668,217.89083066666663,c
noarr,ChooseHints,seidel-2d,1,EXTRALARGE,1.356868584176123,160.58359166666665,217.89083066666663,c
noarr,ChooseHints,seidel-2d,2,EXTRALARGE,1.356972488526161,160.57129566666666,217.89083066666663,c
noarr,ChooseHints,seidel-2d,3,EXTRALARGE,1.0001086977397708,217.867149,217.89083066666663,c
noarr,ChooseHints,seidel-2d,4,EXTRALARGE,0.9999245198839042,217.90727833333335,217.89083066666663,c
noarr,ChooseHints,seidel-2d,5,EXTRALARGE,1.3569212160163986,160.577363,217.89083066666663,c
noarr,FromPlan,seidel-2d,1,EXTRALARGE,1.1487554826451651,189.67555233333334,217.89083066666663,c
noarr,FromPlan,seidel-2d,2,EXTRALARGE,1.3567084097632975,160.60255033333334,217.89083066666663,c
noarr,FromPlan,seidel-2d,3,EXTRALARGE,1.150565593408697,189.377148,217.89083066666663,c
noarr,FromPlan,seidel-2d,4,EXTRALARGE,1.1504169647663192,189.40161466666666,217.89083066666663,c
noarr,Naive,seidel-2d,1,EXTRALARGE,1.0000283926999638,217.88464433333334,217.89083066666663,c
noarr,Naive,seidel-2d,2,EXTRALARGE,1.2451483781397983,174.99186,217.89083066666663,c
noarr,Naive,seidel-2d,3,EXTRALARGE,1.3569418208912793,160.57492466666665,217.89083066666663,c
noarr,Naive,seidel-2d,4,EXTRALARGE,0.9959550866085515,218.77575966666666,217.89083066666663,c
noarr,Naive,seidel-2d,5,EXTRALARGE,1.3568792983651161,160.58232366666667,217.89083066666663,c
noarr,standard,seidel-2d,1,EXTRALARGE,1.000015413154769,217.88747233333333,217.89083066666663,c
noarr,standard,seidel-2d,2,EXTRALARGE,0.9998989060735883,217.91286033333333,217.89083066666663,c
noarr,standard,seidel-2d,3,EXTRALARGE,0.9999556816044634,217.90048766666666,217.89083066666663,c
noarr,standard,seidel-2d,4,EXTRALARGE,0.9999901021749572,217.8929873333333,217.89083066666663,c
noarr,standard,seidel-2d,5,EXTRALARGE,0.9999593742716304,217.899683,217.89083066666663,c
c,AllHints,symm,1,EXTRALARGE,46.62981533889021,0.3447576666666667,16.075986333333333,c
c,AllHints,symm,2,EXTRALARGE,2.6240728912657985,6.126349,16.075986333333333,c
c,AllHints,symm,3,EXTRALARGE,14.568879459850207,1.103447,16.075986333333333,c
c,AllHints,symm,4,EXTRALARGE,0.8678999009026198,18.522857666666667,16.075986333333333,c
c,AllHints,symm,5,EXTRALARGE,31.901355616939984,0.503928,16.075986333333333,c
c,ChooseHints,symm,1,EXTRALARGE,2.6327874685586123,6.106070666666667,16.075986333333333,c
c,ChooseHints,symm,2,EXTRALARGE,14.957661791807082,1.074766,16.075986333333333,c
c,ChooseHints,symm,3,EXTRALARGE,39.369408927756574,0.40833699999999995,16.075986333333333,c
c,ChooseHints,symm,4,EXTRALARGE,39.33919027824906,0.40865066666666666,16.075986333333333,c
c,ChooseHints,symm,5,EXTRALARGE,14.451454930258215,1.112413,16.075986333333333,c
c,FromPlan,symm,1,EXTRALARGE,1.3336422805999237,12.054196666666668,16.075986333333333,c
c,FromPlan,symm,2,EXTRALARGE,1.5007399462038353,10.71204,16.075986333333333,c
c,FromPlan,symm,3,EXTRALARGE,6.013580443801817,2.673280333333333,16.075986333333333,c
c,FromPlan,symm,4,EXTRALARGE,1.4669862416843942,10.958511999999999,16.075986333333333,c
c,FromPlan,symm,5,EXTRALARGE,2.6471057780591916,6.073042666666666,16.075986333333333,c
c,Naive,symm,1,EXTRALARGE,2.593729481013263,6.198019666666667,16.075986333333333,c
c,Naive,symm,2,EXTRALARGE,2.6571420008018594,6.0501043333333335,16.075986333333333,c
c,Naive,symm,3,EXTRALARGE,2.613790547985979,6.150449333333333,16.075986333333333,c
c,Naive,symm,4,EXTRALARGE,0.9969403406108234,16.125324333333335,16.075986333333333,c
c,Naive,symm,5,EXTRALARGE,1.7678339862157364,9.093606333333334,16.075986333333333,c
c,standard,symm,1,EXTRALARGE,1.0,16.075986333333333,16.075986333333333,c
exo,AllHints,symm,2,EXTRALARGE,51.83650549341886,0.31012866666666666,16.075986333333333,c
exo,AllHints,symm,5,EXTRALARGE,39.71101786536218,0.4048243333333333,16.075986333333333,c
exo,ChooseHints,symm,2,EXTRALARGE,1.6935712538193437,9.492359,16.075986333333333,c
exo,ChooseHints,symm,3,EXTRALARGE,21.432657588695093,0.7500696666666666,16.075986333333333,c
exo,ChooseHints,symm,4,EXTRALARGE,13.750027156241188,1.1691603333333334,16.075986333333333,c
exo,FromPlan,symm,1,EXTRALARGE,1.6285915035321636,9.871098,16.075986333333333,c
exo,FromPlan,symm,4,EXTRALARGE,0.5819847029894631,27.62269566666667,16.075986333333333,c
exo,Naive,symm,1,EXTRALARGE,0.9964364371338219,16.133478999999998,16.075986333333333,c
exo,Naive,symm,2,EXTRALARGE,37.95967666400368,0.42350166666666667,16.075986333333333,c
exo,Naive,symm,4,EXTRALARGE,20.039923227598837,0.8021980000000001,16.075986333333333,c
exo,Naive,symm,5,EXTRALARGE,22.337800464931227,0.7196763333333333,16.075986333333333,c
exo,standard,symm,1,EXTRALARGE,0.9787998962992409,16.42418066666667,16.075986333333333,c
exo,standard,symm,2,EXTRALARGE,0.9803843679990544,16.397636333333335,16.075986333333333,c
exo,standard,symm,3,EXTRALARGE,0.97630172712716,16.466207,16.075986333333333,c
exo,standard,symm,4,EXTRALARGE,0.9834713337479736,16.346166666666665,16.075986333333333,c
exo,standard,symm,5,EXTRALARGE,0.9847659670897828,16.324676999999998,16.075986333333333,c
halide,ChooseHints,symm,3,EXTRALARGE,72.0927499099363,0.22299033333333332,16.075986333333333,c
halide,ChooseHints,symm,4,EXTRALARGE,85.32448560762876,0.18841,16.075986333333333,c
halide,FromPlan,symm,2,EXTRALARGE,123.96403271575743,0.12968266666666667,16.075986333333333,c
halide,FromPlan,symm,3,EXTRALARGE,223.24658149331108,0.07201,16.075986333333333,c
halide,Naive,symm,3,EXTRALARGE,79.21429334016612,0.20294299999999998,16.075986333333333,c
halide,standard,symm,1,EXTRALARGE,0.6480448828839412,24.80690266666667,16.075986333333333,c
halide,standard,symm,2,EXTRALARGE,1.5956289166398978,10.075015666666667,16.075986333333333,c
halide,standard,symm,3,EXTRALARGE,0.6698201954571658,24.000450333333333,16.075986333333333,c
halide,standard,symm,4,EXTRALARGE,0.6460605530774935,24.883095333333333,16.075986333333333,c
halide,standard,symm,5,EXTRALARGE,1.6050355520602482,10.015969,16.075986333333333,c
noarr,AllHints,symm,1,EXTRALARGE,104.005466825963,0.15456866666666666,16.075986333333333,c
noarr,AllHints,symm,2,EXTRALARGE,1.0086871655994132,15.937534333333334,16.075986333333333,c
noarr,AllHints,symm,3,EXTRALARGE,45.554932240900676,0.3528923333333333,16.075986333333333,c
noarr,AllHints,symm,4,EXTRALARGE,104.28162853151933,0.15415933333333334,16.075986333333333,c
noarr,AllHints,symm,5,EXTRALARGE,2.3894516726943875,6.727897666666666,16.075986333333333,c
noarr,ChooseHints,symm,1,EXTRALARGE,2.5260581281939447,6.364060333333334,16.075986333333333,c
noarr,ChooseHints,symm,2,EXTRALARGE,1.7949950383388904,8.956006,16.075986333333333,c
noarr,ChooseHints,symm,3,EXTRALARGE,1.7959573200218575,8.951207333333334,16.075986333333333,c
noarr,ChooseHints,symm,5,EXTRALARGE,1.571568487489828,10.229262333333333,16.075986333333333,c
noarr,FromPlan,symm,1,EXTRALARGE,0.7773491941200771,20.680521000000002,16.075986333333333,c
noarr,FromPlan,symm,2,EXTRALARGE,2.424229639906992,6.631379333333332,16.075986333333333,c
noarr,FromPlan,symm,3,EXTRALARGE,2.4390759743883654,6.591015,16.075986333333333,c
noarr,FromPlan,symm,4,EXTRALARGE,2.49195770964152,6.451147333333334,16.075986333333333,c
noarr,FromPlan,symm,5,EXTRALARGE,1.8850540896226178,8.528129999999999,16.075986333333333,c
noarr,Naive,symm,2,EXTRALARGE,2.38672399731575,6.735586666666666,16.075986333333333,c
noarr,Naive,symm,3,EXTRALARGE,0.9944513534554636,16.165684,16.075986333333333,c
noarr,Naive,symm,4,EXTRALARGE,2.506972516742014,6.41251,16.075986333333333,c
noarr,Naive,symm,5,EXTRALARGE,1.0081405937996626,15.946174999999998,16.075986333333333,c
noarr,standard,symm,1,EXTRALARGE,0.9949897679652921,16.156936333333334,16.075986333333333,c
noarr,standard,symm,2,EXTRALARGE,0.9997164275450923,16.080546333333334,16.075986333333333,c
noarr,standard,symm,3,EXTRALARGE,0.9907287651525465,16.226425333333335,16.075986333333333,c
noarr,standard,symm,4,EXTRALARGE,0.99974830069282,16.080033666666665,16.075986333333333,c
noarr,standard,symm,5,EXTRALARGE,0.9950486035687547,16.155981,16.075986333333333,c
c,AllHints,syr2k,1,EXTRALARGE,26.938823843712377,0.8135086666666668,21.91496666666667,c
c,AllHints,syr2k,2,EXTRALARGE,25.132188363448428,0.871988,21.91496666666667,c
c,AllHints,syr2k,3,EXTRALARGE,25.29191830711426,0.866481,21.91496666666667,c
c,AllHints,syr2k,4,EXTRALARGE,25.45652018190724,0.8608783333333333,21.91496666666667,c
c,AllHints,syr2k,5,EXTRALARGE,27.210029298059226,0.8054003333333334,21.91496666666667,c
c,ChooseHints,syr2k,2,EXTRALARGE,24.81905224258948,0.8829896666666667,21.91496666666667,c
c,ChooseHints,syr2k,3,EXTRALARGE,25.06882546015826,0.874192,21.91496666666667,c
c,ChooseHints,syr2k,4,EXTRALARGE,23.9583853382986,0.9147096666666666,21.91496666666667,c
c,ChooseHints,syr2k,5,EXTRALARGE,24.308755121410854,0.9015256666666667,21.91496666666667,c
c,FromPlan,syr2k,2,EXTRALARGE,1.9888397319144633,11.018970666666666,21.91496666666667,c
c,FromPlan,syr2k,3,EXTRALARGE,2.0388634099920684,10.748619333333332,21.91496666666667,c
c,FromPlan,syr2k,4,EXTRALARGE,21.946664966433186,0.9985556666666667,21.91496666666667,c
c,FromPlan,syr2k,5,EXTRALARGE,1.9945972105874334,10.987164,21.91496666666667,c
c,Naive,syr2k,1,EXTRALARGE,2.0173067972833256,10.863477333333334,21.91496666666667,c
c,Naive,syr2k,2,EXTRALARGE,2.0108375884581022,10.898427,21.91496666666667,c
c,Naive,syr2k,3,EXTRALARGE,1.8198191659732135,12.042387,21.91496666666667,c
c,Naive,syr2k,4,EXTRALARGE,2.013566087164865,10.883659,21.91496666666667,c
c,Naive,syr2k,5,EXTRALARGE,1.822301281893682,12.025984333333334,21.91496666666667,c
c,standard,syr2k,1,EXTRALARGE,1.0,21.91496666666667,21.91496666666667,c
exo,AllHints,syr2k,1,EXTRALARGE,16.944915602619538,1.2933063333333334,21.91496666666667,c
exo,AllHints,syr2k,2,EXTRALARGE,16.62210585424152,1.318423,21.91496666666667,c
exo,AllHints,syr2k,3,EXTRALARGE,19.547660298045408,1.1211043333333335,21.91496666666667,c
exo,AllHints,syr2k,4,EXTRALARGE,25.031839543170616,0.8754836666666667,21.91496666666667,c
exo,AllHints,syr2k,5,EXTRALARGE,23.893907907370945,0.9171779999999999,21.91496666666667,c
exo,ChooseHints,syr2k,2,EXTRALARGE,24.667136660534734,0.8884276666666667,21.91496666666667,c
exo,ChooseHints,syr2k,3,EXTRALARGE,16.513906415779832,1.3270613333333332,21.91496666666667,c
exo,ChooseHints,syr2k,4,EXTRALARGE,16.733925722077185,1.309613,21.91496666666667,c
exo,ChooseHints,syr2k,5,EXTRALARGE,24.596124622050763,0.8909926666666667,21.91496666666667,c
exo,FromPlan,syr2k,1,EXTRALARGE,1.0951595937883727,20.010751666666668,21.91496666666667,c
exo,FromPlan,syr2k,2,EXTRALARGE,1.0271081346463091,21.336572,21.91496666666667,c
exo,FromPlan,syr2k,3,EXTRALARGE,2.1629775196727787,10.131851333333332,21.91496666666667,c
exo,FromPlan,syr2k,5,EXTRALARGE,27.735233059418753,0.790149,21.91496666666667,c
exo,Naive,syr2k,1,EXTRALARGE,0.9020461214159906,24.294729666666665,21.91496666666667,c
exo,Naive,syr2k,2,EXTRALARGE,25.06229846157013,0.8744196666666667,21.91496666666667,c
exo,Naive,syr2k,3,EXTRALARGE,24.37104843301464,0.8992213333333333,21.91496666666667,c
exo,Naive,syr2k,4,EXTRALARGE,1.6041308830299508,13.661582666666666,21.91496666666667,c
exo,Naive,syr2k,5,EXTRALARGE,17.270606877098082,1.268917,21.91496666666667,c
exo,standard,syr2k,1,EXTRALARGE,0.9130304186035234,24.002449666666667,21.91496666666667,c
exo,standard,syr2k,2,EXTRALARGE,0.9153597077438366,23.941371333333336,21.91496666666667,c
exo,standard,syr2k,3,EXTRALARGE,0.9155536940715534,23.93629866666667,21.91496666666667,c
exo,standard,syr2k,4,EXTRALARGE,0.920338257755942,23.811861000000004,21.91496666666667,c
exo,standard,syr2k,5,EXTRALARGE,0.9183466951851615,23.863500333333334,21.91496666666667,c
halide,ChooseHints,syr2k,1,EXTRALARGE,34.5042237495644,0.6351386666666666,21.91496666666667,c
halide,FromPlan,syr2k,1,EXTRALARGE,34.091564340828015,0.6428266666666667,21.91496666666667,c
halide,FromPlan,syr2k,2,EXTRALARGE,52.33608182097523,0.4187353333333333,21.91496666666667,c
halide,Naive,syr2k,2,EXTRALARGE,33.011693322434034,0.6638546666666666,21.91496666666667,c
halide,Naive,syr2k,4,EXTRALARGE,34.49812226453272,0.6352509999999999,21.91496666666667,c
halide,standard,syr2k,2,EXTRALARGE,0.9685754573581373,22.625977666666667,21.91496666666667,c
halide,standard,syr2k,3,EXTRALARGE,0.984847555418001,22.252140999999998,21.91496666666667,c
halide,standard,syr2k,4,EXTRALARGE,0.9896419873408122,22.144338,21.91496666666667,c
halide,standard,syr2k,5,EXTRALARGE,0.9816063311427756,22.325616666666665,21.91496666666667,c
noarr,AllHints,syr2k,1,EXTRALARGE,0.981068856484726,22.337847666666665,21.91496666666667,c
noarr,AllHints,syr2k,2,EXTRALARGE,0.982567496937589,22.303777333333333,21.91496666666667,c
noarr,AllHints,syr2k,3,EXTRALARGE,0.9917721779158575,22.096774999999997,21.91496666666667,c
noarr,AllHints,syr2k,4,EXTRALARGE,1.2789382965461398,17.135280666666667,21.91496666666667,c
noarr,AllHints,syr2k,5,EXTRALARGE,1.2600867225411698,17.391633666666667,21.91496666666667,c
noarr,ChooseHints,syr2k,1,EXTRALARGE,0.9856220838689587,22.234654666666668,21.91496666666667,c
noarr,ChooseHints,syr2k,2,EXTRALARGE,0.8079004266032868,27.125826333333332,21.91496666666667,c
noarr,ChooseHints,syr2k,3,EXTRALARGE,0.98148021863134,22.328485333333333,21.91496666666667,c
noarr,ChooseHints,syr2k,4,EXTRALARGE,0.9374277536470623,23.377765999999998,21.91496666666667,c
noarr,ChooseHints,syr2k,5,EXTRALARGE,0.9749653953120324,22.477686666666667,21.91496666666667,c
noarr,FromPlan,syr2k,1,EXTRALARGE,0.7656455590323931,28.622861333333333,21.91496666666667,c
noarr,FromPlan,syr2k,2,EXTRALARGE,2.5747267151261948,8.51157,21.91496666666667,c
noarr,FromPlan,syr2k,4,EXTRALARGE,1.7691855337694293,12.387037,21.91496666666667,c
noarr,FromPlan,syr2k,5,EXTRALARGE,1.894912044617674,11.565162999999998,21.91496666666667,c
noarr,Naive,syr2k,1,EXTRALARGE,0.8056700533168242,27.20092,21.91496666666667,c
noarr,Naive,syr2k,2,EXTRALARGE,2.609751335115406,8.397339,21.91496666666667,c
noarr,Naive,syr2k,3,EXTRALARGE,0.8084796529605803,27.106392333333332,21.91496666666667,c
noarr,Naive,syr2k,4,EXTRALARGE,1.2633566371376341,17.346619333333333,21.91496666666667,c
noarr,Naive,syr2k,5,EXTRALARGE,1.2483819382736523,17.554697,21.91496666666667,c
noarr,standard,syr2k,1,EXTRALARGE,0.9324569401948767,23.502390000000002,21.91496666666667,c
noarr,standard,syr2k,2,EXTRALARGE,0.9525252686525219,23.007228666666666,21.91496666666667,c
noarr,standard,syr2k,3,EXTRALARGE,0.9498123834168357,23.072942666666666,21.91496666666667,c
noarr,standard,syr2k,5,EXTRALARGE,0.9403913017856093,23.30409333333333,21.91496666666667,c
c,AllHints,syrk,1,EXTRALARGE,18.86924615826752,0.41871299999999995,7.900798666666667,c
c,AllHints,syrk,2,EXTRALARGE,21.727855411614154,0.3636253333333333,7.900798666666667,c
c,AllHints,syrk,3,EXTRALARGE,22.337949376202783,0.353694,7.900798666666667,c
c,AllHints,syrk,4,EXTRALARGE,21.63707251703177,0.365151,7.900798666666667,c
c,AllHints,syrk,5,EXTRALARGE,20.220212538164994,0.39073766666666665,7.900798666666667,c
c,ChooseHints,syrk,1,EXTRALARGE,46.80142799034844,0.16881533333333332,7.900798666666667,c
c,ChooseHints,syrk,2,EXTRALARGE,21.793923879772226,0.362523,7.900798666666667,c
c,ChooseHints,syrk,3,EXTRALARGE,21.619211972731534,0.36545266666666665,7.900798666666667,c
c,ChooseHints,syrk,4,EXTRALARGE,18.786406674286148,0.42055933333333334,7.900798666666667,c
c,ChooseHints,syrk,5,EXTRALARGE,21.416369849522294,0.36891399999999996,7.900798666666667,c
c,FromPlan,syrk,1,EXTRALARGE,3.3251222805844556,2.3760926666666666,7.900798666666667,c
c,FromPlan,syrk,2,EXTRALARGE,3.3123371948206435,2.385264,7.900798666666667,c
c,FromPlan,syrk,3,EXTRALARGE,3.949372496484248,2.00052,7.900798666666667,c
c,FromPlan,syrk,4,EXTRALARGE,0.8221563800499537,9.609848999999999,7.900798666666667,c
c,FromPlan,syrk,5,EXTRALARGE,0.7967315392685581,9.916513,7.900798666666667,c
c,Naive,syrk,1,EXTRALARGE,21.587451763297935,0.36599033333333336,7.900798666666667,c
c,Naive,syrk,2,EXTRALARGE,0.7770994818581842,10.167036333333334,7.900798666666667,c
c,Naive,syrk,3,EXTRALARGE,0.7986635564842178,9.892524333333334,7.900798666666667,c
c,Naive,syrk,4,EXTRALARGE,0.6682109141980155,11.823809666666667,7.900798666666667,c
c,Naive,syrk,5,EXTRALARGE,0.9963455050906428,7.929778,7.900798666666667,c
c,standard,syrk,1,EXTRALARGE,1.0,7.900798666666667,7.900798666666667,c
exo,AllHints,syrk,1,EXTRALARGE,17.763345706463777,0.44478100000000004,7.900798666666667,c
exo,AllHints,syrk,2,EXTRALARGE,19.084116212934664,0.4139986666666666,7.900798666666667,c
exo,AllHints,syrk,3,EXTRALARGE,18.46055759267509,0.4279826666666667,7.900798666666667,c
exo,AllHints,syrk,4,EXTRALARGE,15.972675334617307,0.4946446666666667,7.900798666666667,c
exo,ChooseHints,syrk,1,EXTRALARGE,10.627633268034549,0.7434203333333333,7.900798666666667,c
exo,ChooseHints,syrk,2,EXTRALARGE,9.920342263250062,0.796424,7.900798666666667,c
exo,ChooseHints,syrk,4,EXTRALARGE,18.96652945996466,0.4165653333333334,7.900798666666667,c
exo,ChooseHints,syrk,5,EXTRALARGE,19.71555574779283,0.40073933333333334,7.900798666666667,c
exo,FromPlan,syrk,2,EXTRALARGE,2.245737485803305,3.5181310000000003,7.900798666666667,c
exo,Naive,syrk,1,EXTRALARGE,13.96344069171545,0.5658203333333334,7.900798666666667,c
exo,Naive,syrk,2,EXTRALARGE,21.307229072707838,0.3708036666666667,7.900798666666667,c
exo,Naive,syrk,4,EXTRALARGE,17.965043710520693,0.4397873333333333,7.900798666666667,c
exo,Naive,syrk,5,EXTRALARGE,0.9406985627817098,8.398863333333333,7.900798666666667,c
exo,standard,syrk,1,EXTRALARGE,0.9371411473014427,8.430745666666667,7.900798666666667,c
exo,standard,syrk,2,EXTRALARGE,0.9488615333029141,8.326608666666667,7.900798666666667,c
exo,standard,syrk,3,EXTRALARGE,0.9418160367031125,8.388898,7.900798666666667,c
exo,standard,syrk,4,EXTRALARGE,0.9469518842457557,8.343400333333333,7.900798666666667,c
exo,standard,syrk,5,EXTRALARGE,0.9471303731827925,8.341828,7.900798666666667,c
halide,AllHints,syrk,2,EXTRALARGE,34.161578018886416,0.23127733333333333,7.900798666666667,c
halide,AllHints,syrk,3,EXTRALARGE,34.75832355701548,0.22730666666666668,7.900798666666667,c
halide,AllHints,syrk,4,EXTRALARGE,19.92060801298995,0.39661433333333335,7.900798666666667,c
halide,ChooseHints,syrk,1,EXTRALARGE,32.87210161861399,0.24034966666666668,7.900798666666667,c
halide,ChooseHints,syrk,3,EXTRALARGE,33.20914462171322,0.23791033333333333,7.900798666666667,c
halide,ChooseHints,syrk,4,EXTRALARGE,68.78533888590623,0.11486166666666668,7.900798666666667,c
halide,FromPlan,syrk,3,EXTRALARGE,29.267058994944843,0.2699553333333333,7.900798666666667,c
halide,FromPlan,syrk,5,EXTRALARGE,41.07205597711287,0.19236433333333336,7.900798666666667,c
halide,Naive,syrk,1,EXTRALARGE,33.73641570449318,0.23419199999999998,7.900798666666667,c
halide,Naive,syrk,2,EXTRALARGE,64.97117983410725,0.12160466666666665,7.900798666666667,c
halide,Naive,syrk,5,EXTRALARGE,32.61176794325851,0.2422683333333333,7.900798666666667,c
halide,standard,syrk,1,EXTRALARGE,0.8382653424450521,9.425176333333333,7.900798666666667,c
halide,standard,syrk,2,EXTRALARGE,0.8326135115999969,9.489154999999998,7.900798666666667,c
halide,standard,syrk,3,EXTRALARGE,0.8523640696751933,9.269277,7.900798666666667,c
halide,standard,syrk,4,EXTRALARGE,0.842458936677626,9.378259666666667,7.900798666666667,c
halide,standard,syrk,5,EXTRALARGE,0.6855348631401479,11.525013666666666,7.900798666666667,c
noarr,AllHints,syrk,1,EXTRALARGE,1.0137125187213134,7.793924333333333,7.900798666666667,c
noarr,AllHints,syrk,2,EXTRALARGE,0.6087286459288389,12.97918,7.900798666666667,c
noarr,AllHints,syrk,3,EXTRALARGE,1.0067927856529286,7.847492333333332,7.900798666666667,c
noarr,AllHints,syrk,4,EXTRALARGE,0.7961220883308595,9.924104333333334,7.900798666666667,c
noarr,AllHints,syrk,5,EXTRALARGE,1.0235190841319752,7.7192490000000005,7.900798666666667,c
noarr,ChooseHints,syrk,1,EXTRALARGE,1.0042675360964846,7.867225,7.900798666666667,c
noarr,ChooseHints,syrk,2,EXTRALARGE,1.012003366855296,7.807087333333333,7.900798666666667,c
noarr,ChooseHints,syrk,3,EXTRALARGE,0.9905920404154132,7.975835,7.900798666666667,c
noarr,ChooseHints,syrk,4,EXTRALARGE,0.5948787522482324,13.281359666666667,7.900798666666667,c
noarr,FromPlan,syrk,1,EXTRALARGE,0.7967303341115628,9.916528,7.900798666666667,c
noarr,FromPlan,syrk,2,EXTRALARGE,0.7961034507428036,9.924336666666667,7.900798666666667,c
noarr,FromPlan,syrk,3,EXTRALARGE,0.7951769242451807,9.935900333333334,7.900798666666667,c
noarr,FromPlan,syrk,5,EXTRALARGE,1.0174388125002172,7.765379666666667,7.900798666666667,c
noarr,Naive,syrk,1,EXTRALARGE,1.0061913568069754,7.852183,7.900798666666667,c
noarr,Naive,syrk,2,EXTRALARGE,0.7996933806420551,9.879785,7.900798666666667,c
noarr,Naive,syrk,3,EXTRALARGE,0.5917135129910177,13.352405333333332,7.900798666666667,c
noarr,Naive,syrk,4,EXTRALARGE,0.9749570774317373,8.10374,7.900798666666667,c
noarr,Naive,syrk,5,EXTRALARGE,0.9684004471188117,8.158607,7.900798666666667,c
noarr,standard,syrk,1,EXTRALARGE,0.9617825051755508,8.214745666666667,7.900798666666667,c
noarr,standard,syrk,2,EXTRALARGE,1.0179227336459116,7.7616879999999995,7.900798666666667,c
noarr,standard,syrk,4,EXTRALARGE,0.9819800026937504,8.045783666666667,7.900798666666667,c
noarr,standard,syrk,5,EXTRALARGE,0.9813507146512733,8.050943,7.900798666666667,c
c,AllHints,trisolv,3,EXTRALARGE,0.9980578058316935,0.013043666666666667,0.013018333333333333,c
c,AllHints,trisolv,4,EXTRALARGE,1.0192071818158095,0.012773,0.013018333333333333,c
c,AllHints,trisolv,5,EXTRALARGE,1.0045785425830183,0.012959,0.013018333333333333,c
c,ChooseHints,trisolv,1,EXTRALARGE,1.01910080108551,0.012774333333333332,0.013018333333333333,c
c,ChooseHints,trisolv,3,EXTRALARGE,1.010243410331359,0.012886333333333333,0.013018333333333333,c
c,FromPlan,trisolv,1,EXTRALARGE,1.0080010323912763,0.012915000000000001,0.013018333333333333,c
c,FromPlan,trisolv,2,EXTRALARGE,2.316292034873376,0.005620333333333334,0.013018333333333333,c
c,FromPlan,trisolv,3,EXTRALARGE,2.2361866590323505,0.005821666666666667,0.013018333333333333,c
c,FromPlan,trisolv,4,EXTRALARGE,2.226244085960212,0.005847666666666667,0.013018333333333333,c
c,FromPlan,trisolv,5,EXTRALARGE,1.0077149344617606,0.012918666666666667,0.013018333333333333,c
c,Naive,trisolv,1,EXTRALARGE,0.9956152649960487,0.013075666666666666,0.013018333333333333,c
c,Naive,trisolv,2,EXTRALARGE,1.0148373349963622,0.012827999999999999,0.013018333333333333,c
c,Naive,trisolv,3,EXTRALARGE,1.0159196732825222,0.012814333333333332,0.013018333333333333,c
c,Naive,trisolv,4,EXTRALARGE,1.0081311306143521,0.012913333333333334,0.013018333333333333,c
c,standard,trisolv,1,EXTRALARGE,1.0,0.013018333333333333,0.013018333333333333,c
exo,AllHints,trisolv,1,EXTRALARGE,1.011735143256826,0.012867333333333333,0.013018333333333333,c
exo,AllHints,trisolv,2,EXTRALARGE,0.9965806731480773,0.013063,0.013018333333333333,c
exo,AllHints,trisolv,3,EXTRALARGE,0.9925536240723797,0.013116000000000001,0.013018333333333333,c
exo,AllHints,trisolv,4,EXTRALARGE,0.9932099079395758,0.013107333333333334,0.013018333333333333,c
exo,AllHints,trisolv,5,EXTRALARGE,1.0135468299898789,0.012844333333333333,0.013018333333333333,c
exo,ChooseHints,trisolv,1,EXTRALARGE,1.0078189512799338,0.012917333333333334,0.013018333333333333,c
exo,ChooseHints,trisolv,2,EXTRALARGE,1.0049404317731518,0.012954333333333333,0.013018333333333333,c
exo,ChooseHints,trisolv,3,EXTRALARGE,0.9977263437563868,0.013047999999999999,0.013018333333333333,c
exo,ChooseHints,trisolv,5,EXTRALARGE,1.0291986191266767,0.012649,0.013018333333333333,c
exo,FromPlan,trisolv,3,EXTRALARGE,1.013178716891068,0.012849,0.013018333333333333,c
exo,FromPlan,trisolv,4,EXTRALARGE,1.0067797484017322,0.012930666666666667,0.013018333333333333,c
exo,FromPlan,trisolv,5,EXTRALARGE,1.0003073534308327,0.013014333333333334,0.013018333333333333,c
exo,Naive,trisolv,1,EXTRALARGE,0.983926636938503,0.013231,0.013018333333333333,c
exo,Naive,trisolv,3,EXTRALARGE,1.001487293894402,0.012999000000000002,0.013018333333333333,c
exo,Naive,trisolv,4,EXTRALARGE,1.0063387358602387,0.012936333333333333,0.013018333333333333,c
exo,Naive,trisolv,5,EXTRALARGE,1.0046043831669924,0.012958666666666667,0.013018333333333333,c
exo,standard,trisolv,1,EXTRALARGE,0.9898116937425552,0.013152333333333334,0.013018333333333333,c
exo,standard,trisolv,2,EXTRALARGE,0.9804930708977706,0.013277333333333334,0.013018333333333333,c
exo,standard,trisolv,3,EXTRALARGE,0.9916211755744573,0.013128333333333334,0.013018333333333333,c
exo,standard,trisolv,4,EXTRALARGE,0.9896110477638413,0.013155,0.013018333333333333,c
exo,standard,trisolv,5,EXTRALARGE,0.9902634448135094,0.013146333333333335,0.013018333333333333,c
halide,ChooseHints,trisolv,4,EXTRALARGE,0.874437453820836,0.014887666666666667,0.013018333333333333,c
halide,FromPlan,trisolv,4,EXTRALARGE,0.8774038461538461,0.014837333333333333,0.013018333333333333,c
halide,Naive,trisolv,5,EXTRALARGE,0.7177117024404587,0.018138666666666668,0.013018333333333333,c
halide,standard,trisolv,2,EXTRALARGE,0.6806497150525453,0.019126333333333332,0.013018333333333333,c
halide,standard,trisolv,3,EXTRALARGE,0.681671408374496,0.019097666666666666,0.013018333333333333,c
noarr,AllHints,trisolv,1,EXTRALARGE,1.0407450834088365,0.012508666666666666,0.013018333333333333,c
noarr,AllHints,trisolv,2,EXTRALARGE,1.0280066331499567,0.012663666666666665,0.013018333333333333,c
noarr,AllHints,trisolv,3,EXTRALARGE,1.0379514710181519,0.012542333333333334,0.013018333333333333,c
noarr,AllHints,trisolv,4,EXTRALARGE,1.039221947260584,0.012526999999999998,0.013018333333333333,c
noarr,AllHints,trisolv,5,EXTRALARGE,1.0451176108539164,0.012456333333333333,0.013018333333333333,c
noarr,ChooseHints,trisolv,1,EXTRALARGE,1.0309645742041076,0.012627333333333332,0.013018333333333333,c
noarr,ChooseHints,trisolv,2,EXTRALARGE,1.035969123849439,0.012566333333333332,0.013018333333333333,c
noarr,ChooseHints,trisolv,3,EXTRALARGE,1.0280066331499567,0.012663666666666665,0.013018333333333333,c
noarr,ChooseHints,trisolv,4,EXTRALARGE,1.0353374688510684,0.012574,0.013018333333333333,c
noarr,ChooseHints,trisolv,5,EXTRALARGE,1.0372072024220536,0.012551333333333333,0.013018333333333333,c
noarr,FromPlan,trisolv,1,EXTRALARGE,1.0319452518099668,0.012615333333333333,0.013018333333333333,c
noarr,FromPlan,trisolv,2,EXTRALARGE,1.0329824375793484,0.012602666666666667,0.013018333333333333,c
noarr,FromPlan,trisolv,3,EXTRALARGE,1.0303390054082575,0.012635,0.013018333333333333,c
noarr,FromPlan,trisolv,4,EXTRALARGE,1.0268714011516316,0.012677666666666665,0.013018333333333333,c
noarr,FromPlan,trisolv,5,EXTRALARGE,1.039498549413111,0.012523666666666667,0.013018333333333333,c
noarr,Naive,trisolv,1,EXTRALARGE,1.0394708825721282,0.012524,0.013018333333333333,c
noarr,Naive,trisolv,2,EXTRALARGE,1.0386139403770975,0.012534333333333333,0.013018333333333333,c
noarr,Naive,trisolv,3,EXTRALARGE,1.030175938382,0.012637,0.013018333333333333,c
noarr,Naive,trisolv,4,EXTRALARGE,1.0372072024220536,0.012551333333333333,0.013018333333333333,c
noarr,Naive,trisolv,5,EXTRALARGE,1.034350336352561,0.012586,0.013018333333333333,c
noarr,standard,trisolv,2,EXTRALARGE,1.031400200707759,0.012622,0.013018333333333333,c
noarr,standard,trisolv,4,EXTRALARGE,1.0310734463276836,0.012626,0.013018333333333333,c
noarr,standard,trisolv,5,EXTRALARGE,1.0487660785735387,0.012412999999999999,0.013018333333333333,c
c,AllHints,trmm,1,EXTRALARGE,26.782662290882904,0.3539683333333333,9.480214333333334,c
c,AllHints,trmm,2,EXTRALARGE,2.9572854521794154,3.205715,9.480214333333334,c
c,AllHints,trmm,3,EXTRALARGE,3.2210210360535547,2.943232666666667,9.480214333333334,c
c,AllHints,trmm,4,EXTRALARGE,3.4081629889536793,2.78162,9.480214333333334,c
c,AllHints,trmm,5,EXTRALARGE,44.06641886322366,0.21513466666666667,9.480214333333334,c
c,ChooseHints,trmm,1,EXTRALARGE,3.415756779595471,2.7754359999999996,9.480214333333334,c
c,ChooseHints,trmm,2,EXTRALARGE,3.4540372641388566,2.744676333333333,9.480214333333334,c
c,ChooseHints,trmm,3,EXTRALARGE,3.4316292292908757,2.762598666666667,9.480214333333334,c
c,ChooseHints,trmm,4,EXTRALARGE,87.12898413087434,0.10880666666666666,9.480214333333334,c
c,ChooseHints,trmm,5,EXTRALARGE,3.7260038136961606,2.5443383333333336,9.480214333333334,c
c,FromPlan,trmm,1,EXTRALARGE,7.104404406329772,1.3344136666666666,9.480214333333334,c
c,FromPlan,trmm,2,EXTRALARGE,5.270293413801705,1.798802,9.480214333333334,c
c,FromPlan,trmm,3,EXTRALARGE,3.6877131262633283,2.570757,9.480214333333334,c
c,FromPlan,trmm,4,EXTRALARGE,49.57268578878749,0.19123866666666667,9.480214333333334,c
c,FromPlan,trmm,5,EXTRALARGE,24.616644249062183,0.385114,9.480214333333334,c
c,Naive,trmm,1,EXTRALARGE,3.4071712384703585,2.782429666666667,9.480214333333334,c
c,Naive,trmm,2,EXTRALARGE,3.394322705906251,2.7929619999999997,9.480214333333334,c
c,Naive,trmm,3,EXTRALARGE,3.414037932897185,2.7768333333333337,9.480214333333334,c
c,Naive,trmm,4,EXTRALARGE,3.73722034883614,2.536702,9.480214333333334,c
c,Naive,trmm,5,EXTRALARGE,3.402101479856761,2.786576,9.480214333333334,c
c,standard,trmm,1,EXTRALARGE,1.0,9.480214333333334,9.480214333333334,c
exo,AllHints,trmm,1,EXTRALARGE,31.114600666695114,0.304687,9.480214333333334,c
exo,AllHints,trmm,2,EXTRALARGE,20.91054620582159,0.45337,9.480214333333334,c
exo,AllHints,trmm,3,EXTRALARGE,3.1142262280904527,3.0441636666666665,9.480214333333334,c
exo,AllHints,trmm,4,EXTRALARGE,0.19880968398810703,47.684872000000006,9.480214333333334,c
exo,ChooseHints,trmm,2,EXTRALARGE,2.1148119897313475,4.482769333333334,9.480214333333334,c
exo,ChooseHints,trmm,4,EXTRALARGE,3.3037427748233084,2.8695376666666665,9.480214333333334,c
exo,FromPlan,trmm,1,EXTRALARGE,3.3131098797638567,2.8614246666666667,9.480214333333334,c
exo,FromPlan,trmm,4,EXTRALARGE,3.293624629547986,2.878353,9.480214333333334,c
exo,Naive,trmm,2,EXTRALARGE,3.4027104057413102,2.7860773333333335,9.480214333333334,c
exo,Naive,trmm,3,EXTRALARGE,2.0087947765170986,4.719354333333333,9.480214333333334,c
exo,Naive,trmm,4,EXTRALARGE,0.20238025392326853,46.843573666666664,9.480214333333334,c
exo,Naive,trmm,5,EXTRALARGE,31.041993060459575,0.3053996666666667,9.480214333333334,c
exo,standard,trmm,1,EXTRALARGE,0.9858691128886474,9.616098333333333,9.480214333333334,c
exo,standard,trmm,2,EXTRALARGE,0.9819129441303477,9.654842,9.480214333333334,c
exo,standard,trmm,3,EXTRALARGE,0.9888275100335563,9.587328666666666,9.480214333333334,c
exo,standard,trmm,4,EXTRALARGE,0.9856502411860031,9.618233666666667,9.480214333333334,c
exo,standard,trmm,5,EXTRALARGE,0.9860169045378671,9.614657,9.480214333333334,c
halide,AllHints,trmm,2,EXTRALARGE,67.39552744575778,0.14066533333333334,9.480214333333334,c
halide,AllHints,trmm,4,EXTRALARGE,54.098255351687776,0.17524066666666668,9.480214333333334,c
halide,standard,trmm,1,EXTRALARGE,0.850657373694219,11.144574333333333,9.480214333333334,c
halide,standard,trmm,4,EXTRALARGE,0.8678010640941117,10.924409666666667,9.480214333333334,c
halide,standard,trmm,5,EXTRALARGE,2.0450264520779666,4.635741666666667,9.480214333333334,c
noarr,AllHints,trmm,1,EXTRALARGE,54.45373834459783,0.17409666666666668,9.480214333333334,c
noarr,AllHints,trmm,3,EXTRALARGE,3.2793516670006677,2.8908806666666664,9.480214333333334,c
noarr,AllHints,trmm,4,EXTRALARGE,2.880157570627837,3.291561,9.480214333333334,c
noarr,AllHints,trmm,5,EXTRALARGE,3.230603780970471,2.934502333333333,9.480214333333334,c
noarr,ChooseHints,trmm,1,EXTRALARGE,3.24998443036683,2.917003,9.480214333333334,c
noarr,ChooseHints,trmm,2,EXTRALARGE,1.2713382074313047,7.456878333333333,9.480214333333334,c
noarr,ChooseHints,trmm,3,EXTRALARGE,1.2702744892129159,7.463122666666667,9.480214333333334,c
noarr,ChooseHints,trmm,4,EXTRALARGE,3.2710121840148885,2.898251,9.480214333333334,c
noarr,ChooseHints,trmm,5,EXTRALARGE,3.2554790453878377,2.912079666666667,9.480214333333334,c
noarr,FromPlan,trmm,2,EXTRALARGE,3.8768042442140627,2.445368333333333,9.480214333333334,c
noarr,FromPlan,trmm,3,EXTRALARGE,3.2686693518032737,2.900328333333333,9.480214333333334,c
noarr,FromPlan,trmm,4,EXTRALARGE,3.267862243646944,2.901044666666667,9.480214333333334,c
noarr,FromPlan,trmm,5,EXTRALARGE,3.264339901463698,2.904175,9.480214333333334,c
noarr,Naive,trmm,1,EXTRALARGE,3.237569873977824,2.9281883333333334,9.480214333333334,c
noarr,Naive,trmm,2,EXTRALARGE,3.256051895073238,2.9115673333333336,9.480214333333334,c
noarr,Naive,trmm,3,EXTRALARGE,1.016172462148789,9.329336,9.480214333333334,c
noarr,Naive,trmm,4,EXTRALARGE,1.017066846959504,9.321132,9.480214333333334,c
noarr,Naive,trmm,5,EXTRALARGE,3.2313889159048914,2.9337893333333334,9.480214333333334,c
noarr,standard,trmm,1,EXTRALARGE,3.2707029724888814,2.898525,9.480214333333334,c
noarr,standard,trmm,2,EXTRALARGE,1.0131472476129684,9.357193,9.480214333333334,c
noarr,standard,trmm,3,EXTRALARGE,1.0206214704978342,9.288668333333334,9.480214333333334,c
noarr,standard,trmm,4,EXTRALARGE,0.9452721408208273,10.029084666666668,9.480214333333334,c
noarr,standard,trmm,5,EXTRALARGE,1.0030236741739271,9.451635666666666,9.480214333333334,c
c,AllHints,3mm,1,LARGE,111.23906816155407,0.035142,3.9091633333333333,c
c,AllHints,3mm,2,LARGE,111.31825991210334,0.035117,3.9091633333333333,c
c,AllHints,3mm,4,LARGE,98.58761716615527,0.03965166666666667,3.9091633333333333,c
c,AllHints,3mm,5,LARGE,84.41597984524024,0.04630833333333333,3.9091633333333333,c
c,ChooseHints,3mm,1,LARGE,97.37043556234536,0.040147333333333333,3.9091633333333333,c
c,ChooseHints,3mm,2,LARGE,95.2796035260186,0.04102833333333333,3.9091633333333333,c
c,ChooseHints,3mm,3,LARGE,118.91473418440293,0.03287366666666666,3.9091633333333333,c
c,ChooseHints,3mm,4,LARGE,110.29644398882692,0.03544233333333333,3.9091633333333333,c
c,FromPlan,3mm,1,LARGE,4.815764759700217,0.811743,3.9091633333333333,c
c,FromPlan,3mm,2,LARGE,86.29817138231724,0.04529833333333333,3.9091633333333333,c
c,FromPlan,3mm,3,LARGE,6.2385143944765895,0.6266176666666666,3.9091633333333333,c
c,FromPlan,3mm,4,LARGE,6.553537600098352,0.5964966666666667,3.9091633333333333,c
c,FromPlan,3mm,5,LARGE,6.698498484090374,0.583588,3.9091633333333333,c
c,Naive,3mm,1,LARGE,4.1346273173676,0.9454693333333334,3.9091633333333333,c
c,Naive,3mm,2,LARGE,6.293780113838224,0.6211153333333334,3.9091633333333333,c
c,Naive,3mm,3,LARGE,4.1644156372653285,0.9387063333333333,3.9091633333333333,c
c,Naive,3mm,4,LARGE,4.2243216675557775,0.9253943333333333,3.9091633333333333,c
c,Naive,3mm,5,LARGE,4.257179220228579,0.918252,3.9091633333333333,c
c,standard,3mm,1,LARGE,1.0,3.9091633333333333,3.9091633333333333,c
exo,AllHints,3mm,3,LARGE,87.68741307891314,0.044580666666666664,3.9091633333333333,c
exo,AllHints,3mm,4,LARGE,37.09059569555798,0.105395,3.9091633333333333,c
exo,ChooseHints,3mm,1,LARGE,107.43296598602066,0.036386999999999996,3.9091633333333333,c
exo,ChooseHints,3mm,2,LARGE,111.93023144834167,0.034925000000000005,3.9091633333333333,c
exo,ChooseHints,3mm,3,LARGE,106.00641778902647,0.03687666666666667,3.9091633333333333,c
exo,ChooseHints,3mm,4,LARGE,107.8023109378878,0.036262333333333334,3.9091633333333333,c
exo,FromPlan,3mm,3,LARGE,4.226884123265453,0.9248333333333333,3.9091633333333333,c
exo,FromPlan,3mm,4,LARGE,109.60271028037383,0.035666666666666666,3.9091633333333333,c
exo,FromPlan,3mm,5,LARGE,4.21654375070111,0.9271013333333333,3.9091633333333333,c
exo,Naive,3mm,1,LARGE,39.04841974881131,0.10011066666666667,3.9091633333333333,c
exo,Naive,3mm,2,LARGE,1.3781346052332848,2.8365613333333335,3.9091633333333333,c
exo,Naive,3mm,3,LARGE,117.9187363001991,0.03315133333333333,3.9091633333333333,c
exo,Naive,3mm,4,LARGE,4.209437978979892,0.9286663333333333,3.9091633333333333,c
exo,Naive,3mm,5,LARGE,40.342659194969336,0.096899,3.9091633333333333,c
exo,standard,3mm,1,LARGE,0.9742100563983165,4.012649333333333,3.9091633333333333,c
exo,standard,3mm,2,LARGE,0.9701193071981465,4.029569666666667,3.9091633333333333,c
exo,standard,3mm,3,LARGE,0.9776252626419287,3.998631666666667,3.9091633333333333,c
exo,standard,3mm,4,LARGE,0.9727944154128925,4.018488666666666,3.9091633333333333,c
exo,standard,3mm,5,LARGE,0.9721292321643871,4.021238333333334,3.9091633333333333,c
halide,standard,3mm,3,LARGE,2.123674660189129,1.8407543333333332,3.9091633333333333,c
halide,standard,3mm,4,LARGE,2.2300572998285357,1.7529430000000001,3.9091633333333333,c
noarr,AllHints,3mm,1,LARGE,1.0312524951451292,3.7906946666666665,3.9091633333333333,c
noarr,AllHints,3mm,2,LARGE,3.661850495205009,1.0675376666666667,3.9091633333333333,c
noarr,AllHints,3mm,3,LARGE,103.2040586444198,0.037878,3.9091633333333333,c
noarr,AllHints,3mm,4,LARGE,3.6230700242485616,1.0789643333333334,3.9091633333333333,c
noarr,AllHints,3mm,5,LARGE,1.00112785440127,3.9047593333333332,3.9091633333333333,c
noarr,ChooseHints,3mm,1,LARGE,3.600287470651224,1.0857919999999999,3.9091633333333333,c
noarr,ChooseHints,3mm,2,LARGE,3.6853229590081122,1.0607383333333333,3.9091633333333333,c
noarr,ChooseHints,3mm,3,LARGE,1.2784560968372316,3.057722,3.9091633333333333,c
noarr,ChooseHints,3mm,4,LARGE,1.0231250448749003,3.820807,3.9091633333333333,c
noarr,ChooseHints,3mm,5,LARGE,3.5570411579812915,1.0989929999999999,3.9091633333333333,c
noarr,FromPlan,3mm,1,LARGE,1.0319725656536183,3.7880496666666663,3.9091633333333333,c
noarr,FromPlan,3mm,2,LARGE,1.0316840537797496,3.789109,3.9091633333333333,c
noarr,FromPlan,3mm,3,LARGE,3.620838386507962,1.0796293333333333,3.9091633333333333,c
noarr,FromPlan,3mm,4,LARGE,1.0336898108198396,3.7817566666666664,3.9091633333333333,c
noarr,FromPlan,3mm,5,LARGE,0.9738041276542673,4.014322,3.9091633333333333,c
noarr,Naive,3mm,1,LARGE,3.559611825175636,1.0981993333333333,3.9091633333333333,c
noarr,Naive,3mm,2,LARGE,3.6582192481608296,1.0685973333333332,3.9091633333333333,c
noarr,Naive,3mm,3,LARGE,3.6529514097087135,1.0701383333333334,3.9091633333333333,c
noarr,Naive,3mm,4,LARGE,3.614068608039249,1.0816516666666667,3.9091633333333333,c
noarr,Naive,3mm,5,LARGE,3.648174169318355,1.0715396666666666,3.9091633333333333,c
noarr,standard,3mm,1,LARGE,0.9388284403738762,4.163874,3.9091633333333333,c
noarr,standard,3mm,2,LARGE,0.9628897736379891,4.059824333333333,3.9091633333333333,c
noarr,standard,3mm,3,LARGE,3.628968273615313,1.0772106666666665,3.9091633333333333,c
noarr,standard,3mm,4,LARGE,3.6075593467474256,1.0836033333333335,3.9091633333333333,c
noarr,standard,3mm,5,LARGE,0.9367940838178,4.172916333333333,3.9091633333333333,c
c,AllHints,adi,1,LARGE,16.897736286135867,0.6135639999999999,10.367842666666666,c
c,AllHints,adi,2,LARGE,17.7854878875124,0.5829383333333333,10.367842666666666,c
c,AllHints,adi,3,LARGE,16.935560152261186,0.6121936666666666,10.367842666666666,c
c,AllHints,adi,4,LARGE,18.115643908970767,0.5723143333333334,10.367842666666666,c
c,AllHints,adi,5,LARGE,17.533367682058575,0.5913206666666667,10.367842666666666,c
c,ChooseHints,adi,2,LARGE,17.494817115527503,0.5926236666666667,10.367842666666666,c
c,ChooseHints,adi,3,LARGE,0.9954962903085858,10.414747666666667,10.367842666666666,c
c,ChooseHints,adi,4,LARGE,16.831450787660426,0.6159803333333334,10.367842666666666,c
c,ChooseHints,adi,5,LARGE,16.554027601109155,0.6263033333333333,10.367842666666666,c
c,FromPlan,adi,1,LARGE,1.2489650225860345,8.301147333333333,10.367842666666666,c
c,FromPlan,adi,2,LARGE,1.4432653855171893,7.183601,10.367842666666666,c
c,FromPlan,adi,3,LARGE,1.5582157777853594,6.653662999999999,10.367842666666666,c
c,FromPlan,adi,4,LARGE,11.694053590287592,0.886591,10.367842666666666,c
c,FromPlan,adi,5,LARGE,1.1490291730905873,9.023132666666667,10.367842666666666,c
c,Naive,adi,1,LARGE,1.009619249223217,10.269062,10.367842666666666,c
c,Naive,adi,2,LARGE,0.883554830459947,11.734238,10.367842666666666,c
c,Naive,adi,3,LARGE,1.245217186884218,8.326132,10.367842666666666,c
c,Naive,adi,4,LARGE,19.71957506916918,0.525764,10.367842666666666,c
c,Naive,adi,5,LARGE,19.399753632363353,0.5344316666666666,10.367842666666666,c
c,standard,adi,1,LARGE,1.0,10.367842666666666,10.367842666666666,c
exo,AllHints,adi,1,LARGE,17.119056412175716,0.6056316666666667,10.367842666666666,c
exo,AllHints,adi,2,LARGE,17.17648799991164,0.6036066666666667,10.367842666666666,c
exo,AllHints,adi,3,LARGE,17.144439575461426,0.604735,10.367842666666666,c
exo,AllHints,adi,5,LARGE,17.274066126066387,0.600197,10.367842666666666,c
exo,ChooseHints,adi,1,LARGE,16.91108550873486,0.6130796666666667,10.367842666666666,c
exo,ChooseHints,adi,2,LARGE,17.24958932887298,0.6010486666666667,10.367842666666666,c
exo,ChooseHints,adi,4,LARGE,17.471585492926494,0.5934116666666667,10.367842666666666,c
exo,ChooseHints,adi,5,LARGE,17.35379993951966,0.5974393333333333,10.367842666666666,c
exo,FromPlan,adi,2,LARGE,1.0386137501671278,9.982385333333333,10.367842666666666,c
exo,FromPlan,adi,4,LARGE,14.528011359522825,0.713645,10.367842666666666,c
exo,Naive,adi,1,LARGE,17.143749745077656,0.6047593333333333,10.367842666666666,c
exo,Naive,adi,2,LARGE,17.04975551998597,0.6080933333333333,10.367842666666666,c
exo,Naive,adi,4,LARGE,17.267803806702478,0.6004146666666667,10.367842666666666,c
exo,standard,adi,2,LARGE,0.732430698015352,14.155390666666667,10.367842666666666,c
exo,standard,adi,3,LARGE,0.7443256274934473,13.929176,10.367842666666666,c
exo,standard,adi,4,LARGE,0.7476942438953423,13.866420333333332,10.367842666666666,c
halide,AllHints,adi,1,LARGE,0.08903625360560577,116.445181,10.367842666666666,c
halide,AllHints,adi,3,LARGE,0.13267596536367654,78.14409066666667,10.367842666666666,c
halide,ChooseHints,adi,1,LARGE,0.09211681865723216,112.55102833333335,10.367842666666666,c
halide,ChooseHints,adi,2,LARGE,0.7539651706147215,13.751089666666667,10.367842666666666,c
halide,ChooseHints,adi,3,LARGE,0.4441350289789511,23.343897666666663,10.367842666666666,c
halide,ChooseHints,adi,4,LARGE,0.9157487473992815,11.321711,10.367842666666666,c
halide,FromPlan,adi,3,LARGE,1.0720137841888802,9.671370666666666,10.367842666666666,c
halide,Naive,adi,2,LARGE,0.8362813073180941,12.397554,10.367842666666666,c
halide,Naive,adi,4,LARGE,7.957217029582907,1.3029483333333334,10.367842666666666,c
halide,Naive,adi,5,LARGE,0.062262184930927764,166.51909466666666,10.367842666666666,c
halide,standard,adi,1,LARGE,0.8305580575541354,12.482983666666668,10.367842666666666,c
halide,standard,adi,2,LARGE,0.824538078429702,12.574122333333333,10.367842666666666,c
halide,standard,adi,3,LARGE,0.8304446526698771,12.484688333333333,10.367842666666666,c
halide,standard,adi,5,LARGE,0.8225392503074586,12.604678333333334,10.367842666666666,c
noarr,AllHints,adi,1,LARGE,12.921963516834868,0.8023426666666666,10.367842666666666,c
noarr,AllHints,adi,2,LARGE,13.15181990393072,0.78832,10.367842666666666,c
noarr,AllHints,adi,3,LARGE,13.125800962843426,0.7898826666666666,10.367842666666666,c
noarr,AllHints,adi,4,LARGE,12.96249305064134,0.799834,10.367842666666666,c
noarr,AllHints,adi,5,LARGE,1.1232618366180323,9.230120999999999,10.367842666666666,c
noarr,ChooseHints,adi,1,LARGE,13.077440358289632,0.7928036666666666,10.367842666666666,c
noarr,ChooseHints,adi,2,LARGE,1.230209635585999,8.427704,10.367842666666666,c
noarr,ChooseHints,adi,3,LARGE,12.895984330875912,0.803959,10.367842666666666,c
noarr,ChooseHints,adi,4,LARGE,12.964411101112185,0.7997156666666667,10.367842666666666,c
noarr,ChooseHints,adi,5,LARGE,12.88982768130843,0.8043429999999999,10.367842666666666,c
noarr,FromPlan,adi,1,LARGE,0.8162381797318454,12.701982000000001,10.367842666666666,c
noarr,FromPlan,adi,2,LARGE,12.687989589685957,0.8171383333333333,10.367842666666666,c
noarr,FromPlan,adi,3,LARGE,12.73459207253063,0.814148,10.367842666666666,c
noarr,FromPlan,adi,4,LARGE,1.1600021720534885,8.937778666666667,10.367842666666666,c
noarr,FromPlan,adi,5,LARGE,0.9999235836411126,10.368635,10.367842666666666,c
noarr,Naive,adi,1,LARGE,0.9182429032598236,11.290958666666667,10.367842666666666,c
noarr,Naive,adi,2,LARGE,0.9408719665690145,11.019398,10.367842666666666,c
noarr,Naive,adi,5,LARGE,0.9255427580967845,11.201905666666667,10.367842666666666,c
noarr,standard,adi,1,LARGE,0.9292225168874505,11.157545666666666,10.367842666666666,c
noarr,standard,adi,3,LARGE,0.8550699816013112,12.125139333333331,10.367842666666666,c
noarr,standard,adi,4,LARGE,0.9419525642885416,11.006756666666666,10.367842666666666,c
noarr,standard,adi,5,LARGE,0.9349587224970701,11.089091333333334,10.367842666666666,c
c,AllHints,atax,1,LARGE,7.250991501416429,0.0011766666666666668,0.008532,c
c,AllHints,atax,2,LARGE,3.9191548001837386,0.002177,0.008532,c
c,AllHints,atax,3,LARGE,7.595252225519289,0.0011233333333333332,0.008532,c
c,AllHints,atax,4,LARGE,7.528235294117646,0.0011333333333333334,0.008532,c
c,AllHints,atax,5,LARGE,7.212172442941673,0.001183,0.008532,c
c,ChooseHints,atax,1,LARGE,7.464566929133857,0.0011430000000000001,0.008532,c
c,ChooseHints,atax,2,LARGE,5.755790420508208,0.0014823333333333331,0.008532,c
c,ChooseHints,atax,3,LARGE,3.1835820895522384,0.00268,0.008532,c
c,ChooseHints,atax,4,LARGE,5.762269248086447,0.0014806666666666666,0.008532,c
c,ChooseHints,atax,5,LARGE,6.2353227771010955,0.0013683333333333334,0.008532,c
c,FromPlan,atax,1,LARGE,0.8779584276600124,0.009718,0.008532,c
c,FromPlan,atax,3,LARGE,1.23211706941369,0.006924666666666667,0.008532,c
c,FromPlan,atax,4,LARGE,1.0460155292194524,0.008156666666666666,0.008532,c
c,FromPlan,atax,5,LARGE,1.0507389162561576,0.00812,0.008532,c
c,Naive,atax,1,LARGE,0.9860923835574219,0.008652333333333333,0.008532,c
c,Naive,atax,2,LARGE,1.0222861250898634,0.008346,0.008532,c
c,Naive,atax,3,LARGE,1.0201267386712367,0.008363666666666667,0.008532,c
c,Naive,atax,4,LARGE,0.9910942461085727,0.008608666666666667,0.008532,c
c,standard,atax,1,LARGE,1.0,0.008532,0.008532,c
exo,AllHints,atax,1,LARGE,0.990020886516593,0.008618,0.008532,c
exo,AllHints,atax,2,LARGE,1.4269944806823882,0.005979000000000001,0.008532,c
exo,AllHints,atax,4,LARGE,1.7389768326652626,0.004906333333333333,0.008532,c
exo,ChooseHints,atax,1,LARGE,3.6086282250105737,0.0023643333333333333,0.008532,c
exo,ChooseHints,atax,2,LARGE,1.7200456958537733,0.004960333333333333,0.008532,c
exo,ChooseHints,atax,3,LARGE,0.4409682143164786,0.019348333333333332,0.008532,c
exo,ChooseHints,atax,4,LARGE,4.042963196967303,0.0021103333333333334,0.008532,c
exo,ChooseHints,atax,5,LARGE,1.0000781433148394,0.008531333333333333,0.008532,c
exo,FromPlan,atax,1,LARGE,1.1973616503718951,0.007125666666666666,0.008532,c
exo,FromPlan,atax,2,LARGE,0.40732017823042643,0.02094666666666667,0.008532,c
exo,FromPlan,atax,4,LARGE,0.7418485349100079,0.011500999999999999,0.008532,c
exo,Naive,atax,4,LARGE,1.1565677104514032,0.007376999999999999,0.008532,c
exo,standard,atax,1,LARGE,0.9832513829133374,0.008677333333333334,0.008532,c
exo,standard,atax,2,LARGE,0.9859784283513096,0.008653333333333334,0.008532,c
exo,standard,atax,3,LARGE,0.9837048424289008,0.008673333333333333,0.008532,c
exo,standard,atax,4,LARGE,0.9840073812086728,0.008670666666666667,0.008532,c
exo,standard,atax,5,LARGE,0.9749000190439916,0.008751666666666666,0.008532,c
halide,Naive,atax,2,LARGE,0.07374711160027429,0.11569266666666667,0.008532,c
halide,standard,atax,1,LARGE,0.5638258034671895,0.015132333333333333,0.008532,c
halide,standard,atax,2,LARGE,0.86578270869977,0.009854666666666666,0.008532,c
halide,standard,atax,3,LARGE,0.8663688058489032,0.009848,0.008532,c
halide,standard,atax,4,LARGE,0.5640867418899859,0.015125333333333333,0.008532,c
halide,standard,atax,5,LARGE,0.5674633086507338,0.015035333333333333,0.008532,c
noarr,AllHints,atax,1,LARGE,1.0341400347460707,0.008250333333333333,0.008532,c
noarr,AllHints,atax,2,LARGE,1.0367370083843006,0.008229666666666666,0.008532,c
noarr,AllHints,atax,3,LARGE,1.6916264622298591,0.005043666666666667,0.008532,c
noarr,AllHints,atax,4,LARGE,1.0344325897187197,0.008248,0.008532,c
noarr,AllHints,atax,5,LARGE,1.8311632565460005,0.004659333333333334,0.008532,c
noarr,ChooseHints,atax,1,LARGE,1.0336806396898475,0.008254,0.008532,c
noarr,ChooseHints,atax,2,LARGE,1.035772094528974,0.008237333333333333,0.008532,c
noarr,ChooseHints,atax,3,LARGE,0.9583645349707951,0.008902666666666668,0.008532,c
noarr,ChooseHints,atax,4,LARGE,1.0320967741935483,0.008266666666666667,0.008532,c
noarr,ChooseHints,atax,5,LARGE,1.0325131101250504,0.008263333333333333,0.008532,c
noarr,FromPlan,atax,2,LARGE,0.9941352390569775,0.008582333333333332,0.008532,c
noarr,FromPlan,atax,4,LARGE,1.0219187926697808,0.008349,0.008532,c
noarr,Naive,atax,1,LARGE,1.0321800145172997,0.008266,0.008532,c
noarr,Naive,atax,2,LARGE,1.0312651087832392,0.008273333333333334,0.008532,c
noarr,Naive,atax,3,LARGE,1.0339729347606545,0.008251666666666666,0.008532,c
noarr,Naive,atax,4,LARGE,1.0308497784937576,0.008276666666666667,0.008532,c
noarr,Naive,atax,5,LARGE,1.0377037217222087,0.008222,0.008532,c
noarr,standard,atax,1,LARGE,1.0336806396898475,0.008254,0.008532,c
noarr,standard,atax,2,LARGE,1.0303103489916676,0.008281,0.008532,c
noarr,standard,atax,3,LARGE,1.0295643779413537,0.008287000000000001,0.008532,c
noarr,standard,atax,4,LARGE,1.027415405611528,0.008304333333333334,0.008532,c
noarr,standard,atax,5,LARGE,1.03384764520559,0.008252666666666667,0.008532,c
c,AllHints,bicg,1,LARGE,12.611605860384948,0.0011603333333333333,0.014633666666666668,c
c,AllHints,bicg,3,LARGE,13.096957040572795,0.0011173333333333332,0.014633666666666668,c
c,AllHints,bicg,4,LARGE,12.553903345724908,0.0011656666666666666,0.014633666666666668,c
c,AllHints,bicg,5,LARGE,12.934885091337655,0.0011313333333333334,0.014633666666666668,c
c,ChooseHints,bicg,1,LARGE,2.3894301420562787,0.006124333333333333,0.014633666666666668,c
c,ChooseHints,bicg,2,LARGE,13.069663590354274,0.0011196666666666666,0.014633666666666668,c
c,ChooseHints,bicg,3,LARGE,13.05023781212842,0.0011213333333333333,0.014633666666666668,c
c,ChooseHints,bicg,4,LARGE,2.3255111770314656,0.006292666666666666,0.014633666666666668,c
c,ChooseHints,bicg,5,LARGE,13.046359583952453,0.0011216666666666666,0.014633666666666668,c
c,FromPlan,bicg,1,LARGE,13.663554310613137,0.001071,0.014633666666666668,c
c,FromPlan,bicg,2,LARGE,2.4155937052932765,0.006058,0.014633666666666668,c
c,FromPlan,bicg,3,LARGE,2.1852165256346443,0.006696666666666667,0.014633666666666668,c
c,FromPlan,bicg,4,LARGE,2.240304143702797,0.006532,0.014633666666666668,c
c,FromPlan,bicg,5,LARGE,2.2019862567086324,0.006645666666666667,0.014633666666666668,c
c,Naive,bicg,1,LARGE,2.3752096521127526,0.006161,0.014633666666666668,c
c,Naive,bicg,2,LARGE,2.3869617224880386,0.006130666666666666,0.014633666666666668,c
c,Naive,bicg,3,LARGE,2.381781684027778,0.006144,0.014633666666666668,c
c,Naive,bicg,4,LARGE,2.397389689820882,0.006104000000000001,0.014633666666666668,c
c,Naive,bicg,5,LARGE,2.4071170084439086,0.006079333333333333,0.014633666666666668,c
c,standard,bicg,1,LARGE,1.0,0.014633666666666668,0.014633666666666668,c
exo,AllHints,bicg,2,LARGE,2.1941723310675734,0.006669333333333333,0.014633666666666668,c
exo,AllHints,bicg,3,LARGE,1.0008435163231808,0.014621333333333333,0.014633666666666668,c
exo,AllHints,bicg,4,LARGE,2.215431974162293,0.006605333333333334,0.014633666666666668,c
exo,AllHints,bicg,5,LARGE,2.227911697538696,0.006568333333333333,0.014633666666666668,c
exo,ChooseHints,bicg,1,LARGE,2.2211484948140656,0.006588333333333332,0.014633666666666668,c
exo,ChooseHints,bicg,2,LARGE,2.087839444523708,0.0070090000000000005,0.014633666666666668,c
exo,ChooseHints,bicg,4,LARGE,0.9952392827185964,0.014703666666666665,0.014633666666666668,c
exo,ChooseHints,bicg,5,LARGE,1.0084301924932237,0.014511333333333334,0.014633666666666668,c
exo,FromPlan,bicg,2,LARGE,2.1935145398221247,0.006671333333333334,0.014633666666666668,c
exo,Naive,bicg,1,LARGE,1.0375543581017206,0.014104,0.014633666666666668,c
exo,Naive,bicg,2,LARGE,0.9951941604515677,0.014704333333333333,0.014633666666666668,c
exo,Naive,bicg,3,LARGE,1.8249501163950783,0.008018666666666667,0.014633666666666668,c
exo,Naive,bicg,4,LARGE,1.04144327940409,0.014051333333333332,0.014633666666666668,c
exo,Naive,bicg,5,LARGE,0.9927636190950002,0.014740333333333333,0.014633666666666668,c
exo,standard,bicg,1,LARGE,0.9989987484355446,0.014648333333333333,0.014633666666666668,c
exo,standard,bicg,2,LARGE,0.9988623694568953,0.014650333333333333,0.014633666666666668,c
exo,standard,bicg,3,LARGE,0.9981810327186741,0.014660333333333333,0.014633666666666668,c
exo,standard,bicg,4,LARGE,0.9991579043197234,0.014646,0.014633666666666668,c
exo,standard,bicg,5,LARGE,0.9994308609934891,0.014642,0.014633666666666668,c
halide,AllHints,bicg,5,LARGE,1.4155220223125042,0.010338,0.014633666666666668,c
halide,FromPlan,bicg,1,LARGE,1.2349085794655417,0.01185,0.014633666666666668,c
halide,FromPlan,bicg,4,LARGE,0.6843918560783214,0.021381999999999998,0.014633666666666668,c
halide,standard,bicg,1,LARGE,0.9423646589104022,0.015528666666666668,0.014633666666666668,c
halide,standard,bicg,2,LARGE,1.3235551267750008,0.011056333333333335,0.014633666666666668,c
halide,standard,bicg,3,LARGE,0.9406886798517218,0.015556333333333333,0.014633666666666668,c
halide,standard,bicg,4,LARGE,0.9461830251303937,0.015466,0.014633666666666668,c
halide,standard,bicg,5,LARGE,0.9625512508496131,0.015203,0.014633666666666668,c
noarr,AllHints,bicg,1,LARGE,2.295477124183007,0.006375,0.014633666666666668,c
noarr,AllHints,bicg,2,LARGE,2.0278534805302786,0.007216333333333334,0.014633666666666668,c
noarr,AllHints,bicg,3,LARGE,2.138174556789402,0.006844,0.014633666666666668,c
noarr,AllHints,bicg,4,LARGE,2.095813242946484,0.0069823333333333334,0.014633666666666668,c
noarr,AllHints,bicg,5,LARGE,2.2655072762927033,0.006459333333333333,0.014633666666666668,c
noarr,ChooseHints,bicg,1,LARGE,2.2374496712705776,0.006540333333333333,0.014633666666666668,c
noarr,ChooseHints,bicg,2,LARGE,1.1131931942084845,0.013145666666666667,0.014633666666666668,c
noarr,ChooseHints,bicg,3,LARGE,2.145174688492548,0.006821666666666667,0.014633666666666668,c
noarr,ChooseHints,bicg,4,LARGE,2.1262653169952053,0.006882333333333333,0.014633666666666668,c
noarr,ChooseHints,bicg,5,LARGE,2.1401550236435436,0.006837666666666666,0.014633666666666668,c
noarr,FromPlan,bicg,2,LARGE,2.4173228346456694,0.006053666666666666,0.014633666666666668,c
noarr,FromPlan,bicg,5,LARGE,2.4150621630542415,0.006059333333333333,0.014633666666666668,c
noarr,Naive,bicg,1,LARGE,2.236651722029754,0.006542666666666666,0.014633666666666668,c
noarr,Naive,bicg,2,LARGE,2.282112595519052,0.006412333333333333,0.014633666666666668,c
noarr,Naive,bicg,3,LARGE,2.2664429530201344,0.006456666666666666,0.014633666666666668,c
noarr,Naive,bicg,4,LARGE,2.276550508193321,0.006428,0.014633666666666668,c
noarr,Naive,bicg,5,LARGE,2.1194901752522575,0.006904333333333333,0.014633666666666668,c
noarr,standard,bicg,1,LARGE,1.1158528836133494,0.013114333333333334,0.014633666666666668,c
noarr,standard,bicg,2,LARGE,1.1155693339770794,0.013117666666666666,0.014633666666666668,c
noarr,standard,bicg,3,LARGE,1.1163068629694612,0.013109,0.014633666666666668,c
noarr,standard,bicg,4,LARGE,1.1163068629694612,0.013109,0.014633666666666668,c
noarr,standard,bicg,5,LARGE,1.1144082855257147,0.013131333333333333,0.014633666666666668,c
c,AllHints,cholesky,1,LARGE,1.0078293258820405,1.8896050000000002,1.9043993333333333,c
c,AllHints,cholesky,2,LARGE,1.0067005910482698,1.8917236666666666,1.9043993333333333,c
c,AllHints,cholesky,3,LARGE,1.0037135940239563,1.8973533333333332,1.9043993333333333,c
c,AllHints,cholesky,4,LARGE,1.0058227602073475,1.8933746666666667,1.9043993333333333,c
c,AllHints,cholesky,5,LARGE,1.0055989839102697,1.893796,1.9043993333333333,c
c,ChooseHints,cholesky,1,LARGE,1.0021849787273305,1.9002473333333334,1.9043993333333333,c
c,ChooseHints,cholesky,3,LARGE,1.0067871632653314,1.891561,1.9043993333333333,c
c,ChooseHints,cholesky,5,LARGE,1.0065468201587093,1.8920126666666668,1.9043993333333333,c
c,FromPlan,cholesky,1,LARGE,2.821797768125706,0.6748886666666666,1.9043993333333333,c
c,FromPlan,cholesky,2,LARGE,1.0087730016286713,1.8878373333333334,1.9043993333333333,c
c,FromPlan,cholesky,3,LARGE,1.0073728035343754,1.8904613333333333,1.9043993333333333,c
c,FromPlan,cholesky,4,LARGE,2.6204253078537567,0.726752,1.9043993333333333,c
c,FromPlan,cholesky,5,LARGE,3.724466806261424,0.5113213333333334,1.9043993333333333,c
c,Naive,cholesky,1,LARGE,1.0106232939800037,1.884381,1.9043993333333333,c
c,Naive,cholesky,2,LARGE,1.0075103031243553,1.8902033333333332,1.9043993333333333,c
c,Naive,cholesky,3,LARGE,1.0087446816737766,1.8878903333333332,1.9043993333333333,c
c,Naive,cholesky,4,LARGE,0.9992741389889159,1.9057826666666664,1.9043993333333333,c
c,Naive,cholesky,5,LARGE,1.006883510100209,1.89138,1.9043993333333333,c
c,standard,cholesky,1,LARGE,1.0,1.9043993333333333,1.9043993333333333,c
exo,AllHints,cholesky,1,LARGE,1.0046591144288703,1.8955676666666665,1.9043993333333333,c
exo,AllHints,cholesky,2,LARGE,1.0067424560809948,1.8916449999999998,1.9043993333333333,c
exo,AllHints,cholesky,3,LARGE,0.9963278577600752,1.9114183333333334,1.9043993333333333,c
exo,AllHints,cholesky,5,LARGE,0.9988738799773902,1.9065463333333332,1.9043993333333333,c
exo,ChooseHints,cholesky,2,LARGE,1.0047220122162788,1.895449,1.9043993333333333,c
exo,ChooseHints,cholesky,3,LARGE,1.0029728256976853,1.8987546666666668,1.9043993333333333,c
exo,ChooseHints,cholesky,4,LARGE,0.9988101406922093,1.906668,1.9043993333333333,c
exo,ChooseHints,cholesky,5,LARGE,1.0037271720593683,1.8973276666666667,1.9043993333333333,c
exo,FromPlan,cholesky,1,LARGE,1.005061018441782,1.8948096666666665,1.9043993333333333,c
exo,FromPlan,cholesky,2,LARGE,1.003888902360296,1.897022,1.9043993333333333,c
exo,FromPlan,cholesky,4,LARGE,1.0050776388091132,1.8947783333333332,1.9043993333333333,c
exo,FromPlan,cholesky,5,LARGE,1.002571182192791,1.8995153333333334,1.9043993333333333,c
exo,Naive,cholesky,1,LARGE,0.4487037403693631,4.244224333333333,1.9043993333333333,c
exo,Naive,cholesky,3,LARGE,1.0074598467190534,1.8902980000000003,1.9043993333333333,c
exo,Naive,cholesky,4,LARGE,1.0047610622768472,1.8953753333333332,1.9043993333333333,c
exo,Naive,cholesky,5,LARGE,0.4407427179298076,4.3208866666666665,1.9043993333333333,c
exo,standard,cholesky,1,LARGE,0.9884755667447027,1.9266023333333333,1.9043993333333333,c
exo,standard,cholesky,2,LARGE,0.9919996860715431,1.9197579999999999,1.9043993333333333,c
exo,standard,cholesky,3,LARGE,0.9912570101719606,1.9211963333333333,1.9043993333333333,c
exo,standard,cholesky,4,LARGE,0.9923417080504383,1.9190963333333333,1.9043993333333333,c
exo,standard,cholesky,5,LARGE,0.992138361776368,1.9194896666666665,1.9043993333333333,c
halide,AllHints,cholesky,4,LARGE,0.15237633907102516,12.497999,1.9043993333333333,c
halide,ChooseHints,cholesky,2,LARGE,1.0007931794971507,1.90289,1.9043993333333333,c
halide,Naive,cholesky,1,LARGE,1.0048377576555325,1.8952306666666665,1.9043993333333333,c
halide,standard,cholesky,1,LARGE,1.000188021128393,1.9040413333333335,1.9043993333333333,c
c,AllHints,correlation,1,LARGE,24.732388931494693,0.06910899999999999,1.7092306666666666,c
c,AllHints,correlation,2,LARGE,63.586661871752575,0.026880333333333336,1.7092306666666666,c
c,AllHints,correlation,3,LARGE,23.53977165784484,0.07261033333333333,1.7092306666666666,c
c,AllHints,correlation,4,LARGE,25.877960524655684,0.06604966666666667,1.7092306666666666,c
c,ChooseHints,correlation,1,LARGE,3.890899543808636,0.43928933333333336,1.7092306666666666,c
c,ChooseHints,correlation,2,LARGE,3.1351867590322398,0.5451766666666668,1.7092306666666666,c
c,ChooseHints,correlation,3,LARGE,25.03144740053698,0.06828333333333332,1.7092306666666666,c
c,ChooseHints,correlation,5,LARGE,23.851061454592813,0.07166266666666667,1.7092306666666666,c
c,FromPlan,correlation,1,LARGE,3.9144898261428507,0.436642,1.7092306666666666,c
c,FromPlan,correlation,2,LARGE,3.8684905794182125,0.441834,1.7092306666666666,c
c,FromPlan,correlation,3,LARGE,4.953530810242677,0.345053,1.7092306666666666,c
c,FromPlan,correlation,4,LARGE,1.1955306663408758,1.4296836666666666,1.7092306666666666,c
c,FromPlan,correlation,5,LARGE,3.8537008798359222,0.44352966666666666,1.7092306666666666,c
c,Naive,correlation,1,LARGE,3.983459261089178,0.42908199999999996,1.7092306666666666,c
c,Naive,correlation,2,LARGE,3.8497400068170315,0.443986,1.7092306666666666,c
c,Naive,correlation,3,LARGE,3.891209572586269,0.43925433333333336,1.7092306666666666,c
c,Naive,correlation,4,LARGE,3.825836392395619,0.44676,1.7092306666666666,c
c,Naive,correlation,5,LARGE,3.818466013387774,0.44762233333333334,1.7092306666666666,c
c,standard,correlation,1,LARGE,1.0,1.7092306666666666,1.7092306666666666,c
exo,AllHints,correlation,1,LARGE,21.694598871203848,0.07878600000000001,1.7092306666666666,c
exo,AllHints,correlation,2,LARGE,22.439093980290217,0.076172,1.7092306666666666,c
exo,AllHints,correlation,3,LARGE,23.572777507056628,0.07250866666666667,1.7092306666666666,c
exo,AllHints,correlation,4,LARGE,23.786998937685265,0.07185566666666666,1.7092306666666666,c
exo,AllHints,correlation,5,LARGE,3.792929696399459,0.450636,1.7092306666666666,c
exo,ChooseHints,correlation,1,LARGE,22.226666666666663,0.07690000000000001,1.7092306666666666,c
exo,ChooseHints,correlation,2,LARGE,23.221560031881744,0.07360533333333334,1.7092306666666666,c
exo,ChooseHints,correlation,3,LARGE,21.229514440911498,0.080512,1.7092306666666666,c
exo,ChooseHints,correlation,4,LARGE,21.548545974113296,0.07932,1.7092306666666666,c
exo,ChooseHints,correlation,5,LARGE,21.98574785188742,0.07774266666666667,1.7092306666666666,c
exo,FromPlan,correlation,2,LARGE,3.7819021278164984,0.45195,1.7092306666666666,c
exo,FromPlan,correlation,3,LARGE,3.7100864991190905,0.4606983333333334,1.7092306666666666,c
exo,FromPlan,correlation,4,LARGE,3.7760285840735985,0.45265299999999997,1.7092306666666666,c
exo,Naive,correlation,2,LARGE,3.739314456731316,0.4570973333333333,1.7092306666666666,c
exo,Naive,correlation,3,LARGE,21.93477349531591,0.07792333333333333,1.7092306666666666,c
exo,Naive,correlation,5,LARGE,3.70346520136996,0.461522,1.7092306666666666,c
exo,standard,correlation,1,LARGE,1.0034361140893984,1.7033776666666667,1.7092306666666666,c
exo,standard,correlation,2,LARGE,1.0029270094022231,1.7042423333333332,1.7092306666666666,c
exo,standard,correlation,3,LARGE,0.9917107496452989,1.7235173333333333,1.7092306666666666,c
halide,AllHints,correlation,1,LARGE,39.71445389345849,0.043038,1.7092306666666666,c
halide,AllHints,correlation,2,LARGE,0.7540204585919674,2.2668226666666667,1.7092306666666666,c
halide,AllHints,correlation,4,LARGE,34.231396241530085,0.04993166666666667,1.7092306666666666,c
halide,Naive,correlation,1,LARGE,37.695302506799976,0.045343333333333326,1.7092306666666666,c
halide,Naive,correlation,2,LARGE,17.089059745315055,0.10001900000000001,1.7092306666666666,c
halide,Naive,correlation,4,LARGE,30.0487090233583,0.056881999999999995,1.7092306666666666,c
halide,Naive,correlation,5,LARGE,29.388422741861532,0.058159999999999996,1.7092306666666666,c
halide,standard,correlation,4,LARGE,0.5040251202021726,3.3911616666666666,1.7092306666666666,c
noarr,AllHints,correlation,1,LARGE,1.0059380985254704,1.699141,1.7092306666666666,c
noarr,AllHints,correlation,2,LARGE,1.0111094635118996,1.6904506666666668,1.7092306666666666,c
noarr,AllHints,correlation,3,LARGE,1.0200844166578968,1.6755776666666666,1.7092306666666666,c
noarr,AllHints,correlation,4,LARGE,1.0125614129318652,1.6880266666666668,1.7092306666666666,c
noarr,AllHints,correlation,5,LARGE,1.0126815969810479,1.6878263333333334,1.7092306666666666,c
noarr,ChooseHints,correlation,1,LARGE,1.0153998357202998,1.683308,1.7092306666666666,c
noarr,ChooseHints,correlation,2,LARGE,1.0172924310126972,1.6801763333333335,1.7092306666666666,c
noarr,ChooseHints,correlation,3,LARGE,0.7174153810336886,2.382484,1.7092306666666666,c
noarr,ChooseHints,correlation,4,LARGE,2.9944493076671965,0.5707996666666667,1.7092306666666666,c
noarr,ChooseHints,correlation,5,LARGE,1.013045722756116,1.6872196666666668,1.7092306666666666,c
noarr,FromPlan,correlation,1,LARGE,1.1981515392896038,1.4265563333333333,1.7092306666666666,c
noarr,FromPlan,correlation,2,LARGE,1.1978520531151278,1.426913,1.7092306666666666,c
noarr,FromPlan,correlation,3,LARGE,1.1976760698916795,1.4271226666666665,1.7092306666666666,c
noarr,FromPlan,correlation,4,LARGE,1.197053968479265,1.4278643333333332,1.7092306666666666,c
noarr,FromPlan,correlation,5,LARGE,1.197917255576794,1.4268353333333332,1.7092306666666666,c
noarr,Naive,correlation,1,LARGE,1.0060969843139118,1.6988726666666665,1.7092306666666666,c
noarr,Naive,correlation,2,LARGE,1.014797579459485,1.6843069999999998,1.7092306666666666,c
noarr,Naive,correlation,3,LARGE,2.918105462158811,0.585733,1.7092306666666666,c
noarr,Naive,correlation,4,LARGE,1.0052626543664895,1.7002826666666666,1.7092306666666666,c
noarr,Naive,correlation,5,LARGE,1.0038910947670991,1.7026056666666667,1.7092306666666666,c
noarr,standard,correlation,1,LARGE,1.0163344749944503,1.68176,1.7092306666666666,c
noarr,standard,correlation,2,LARGE,1.0093299736845884,1.6934310000000001,1.7092306666666666,c
noarr,standard,correlation,3,LARGE,1.0011752019310878,1.7072243333333332,1.7092306666666666,c
noarr,standard,correlation,4,LARGE,1.0011114801076688,1.707333,1.7092306666666666,c
noarr,standard,correlation,5,LARGE,1.0035372507298979,1.703206,1.7092306666666666,c
c,AllHints,covariance,1,LARGE,75.26888666529325,0.022652666666666668,1.7050409999999998,c
c,AllHints,covariance,2,LARGE,23.57405947986229,0.072327,1.7050409999999998,c
c,AllHints,covariance,3,LARGE,25.428511063497666,0.06705233333333332,1.7050409999999998,c
c,AllHints,covariance,5,LARGE,60.438871362234586,0.028211,1.7050409999999998,c
c,ChooseHints,covariance,1,LARGE,3.8588975059221142,0.44184666666666667,1.7050409999999998,c
c,ChooseHints,covariance,2,LARGE,25.25437929536298,0.06751466666666667,1.7050409999999998,c
c,ChooseHints,covariance,3,LARGE,3.8413763737377833,0.443862,1.7050409999999998,c
c,ChooseHints,covariance,4,LARGE,3.848842327669689,0.443001,1.7050409999999998,c
c,ChooseHints,covariance,5,LARGE,3.905666860354578,0.43655566666666673,1.7050409999999998,c
c,FromPlan,covariance,1,LARGE,3.627345485180363,0.47005199999999997,1.7050409999999998,c
c,FromPlan,covariance,2,LARGE,3.8943554901478596,0.43782366666666667,1.7050409999999998,c
c,FromPlan,covariance,3,LARGE,3.813340182022043,0.4471253333333333,1.7050409999999998,c
c,FromPlan,covariance,4,LARGE,3.758395016554174,0.453662,1.7050409999999998,c
c,FromPlan,covariance,5,LARGE,3.710369635326222,0.45953399999999994,1.7050409999999998,c
c,Naive,covariance,1,LARGE,1.0106182503585976,1.6871266666666667,1.7050409999999998,c
c,Naive,covariance,2,LARGE,1.1860634977388815,1.437563,1.7050409999999998,c
c,Naive,covariance,3,LARGE,3.848489043543685,0.4430416666666666,1.7050409999999998,c
c,Naive,covariance,4,LARGE,1.1866501243342795,1.4368523333333334,1.7050409999999998,c
c,Naive,covariance,5,LARGE,3.8470331551381283,0.44320933333333334,1.7050409999999998,c
c,standard,covariance,1,LARGE,1.0,1.7050409999999998,1.7050409999999998,c
exo,AllHints,covariance,1,LARGE,0.5200353147845992,3.2787023333333334,1.7050409999999998,c
exo,AllHints,covariance,3,LARGE,32.76278774835709,0.052042,1.7050409999999998,c
exo,ChooseHints,covariance,1,LARGE,22.073061587323505,0.07724533333333333,1.7050409999999998,c
exo,ChooseHints,covariance,2,LARGE,3.6764480113158564,0.46377399999999996,1.7050409999999998,c
exo,ChooseHints,covariance,3,LARGE,23.10280614434051,0.07380233333333334,1.7050409999999998,c
exo,ChooseHints,covariance,5,LARGE,21.697418429848817,0.07858266666666668,1.7050409999999998,c
exo,FromPlan,covariance,1,LARGE,3.7606110643854063,0.45339466666666667,1.7050409999999998,c
exo,FromPlan,covariance,3,LARGE,3.7178506324918517,0.45860933333333337,1.7050409999999998,c
exo,FromPlan,covariance,4,LARGE,3.7380183498306416,0.456135,1.7050409999999998,c
exo,FromPlan,covariance,5,LARGE,3.7522083580907104,0.45441000000000004,1.7050409999999998,c
exo,Naive,covariance,1,LARGE,3.7435088458853127,0.455466,1.7050409999999998,c
exo,Naive,covariance,2,LARGE,0.5187378514060195,3.286903,1.7050409999999998,c
exo,Naive,covariance,3,LARGE,23.671261974177426,0.07203,1.7050409999999998,c
exo,Naive,covariance,5,LARGE,77.34599972782121,0.022044333333333332,1.7050409999999998,c
exo,standard,covariance,1,LARGE,0.9942960077302467,1.7148223333333334,1.7050409999999998,c
exo,standard,covariance,2,LARGE,0.9934096670516562,1.7163523333333333,1.7050409999999998,c
exo,standard,covariance,3,LARGE,0.9918651561204751,1.719025,1.7050409999999998,c
exo,standard,covariance,4,LARGE,0.9956313951720727,1.7125223333333333,1.7050409999999998,c
exo,standard,covariance,5,LARGE,0.9982167184692582,1.708087,1.7050409999999998,c
halide,AllHints,covariance,2,LARGE,0.2123844432198551,8.028087999999999,1.7050409999999998,c
halide,ChooseHints,covariance,5,LARGE,15.735644453741703,0.10835533333333332,1.7050409999999998,c
halide,Naive,covariance,4,LARGE,35.37502852756281,0.048199,1.7050409999999998,c
halide,Naive,covariance,5,LARGE,42.256631611991835,0.040349666666666666,1.7050409999999998,c
halide,standard,covariance,2,LARGE,0.5050698312603751,3.375852,1.7050409999999998,c
noarr,AllHints,covariance,1,LARGE,3.7925674879126396,0.44957433333333335,1.7050409999999998,c
noarr,AllHints,covariance,2,LARGE,1.0152143529399622,1.6794886666666666,1.7050409999999998,c
noarr,AllHints,covariance,3,LARGE,3.8868509058082514,0.438669,1.7050409999999998,c
noarr,AllHints,covariance,4,LARGE,3.865388713487501,0.4411046666666667,1.7050409999999998,c
noarr,AllHints,covariance,5,LARGE,0.7296893395592952,2.3366670000000003,1.7050409999999998,c
noarr,ChooseHints,covariance,1,LARGE,3.810402932040136,0.44747000000000003,1.7050409999999998,c
noarr,ChooseHints,covariance,2,LARGE,3.8914164947967342,0.4381543333333333,1.7050409999999998,c
noarr,ChooseHints,covariance,3,LARGE,1.0204909251310845,1.6708046666666665,1.7050409999999998,c
noarr,ChooseHints,covariance,4,LARGE,3.8762472463392506,0.439869,1.7050409999999998,c
noarr,ChooseHints,covariance,5,LARGE,3.856226883926969,0.4421526666666667,1.7050409999999998,c
noarr,FromPlan,covariance,1,LARGE,1.1927083551932978,1.4295540000000002,1.7050409999999998,c
noarr,FromPlan,covariance,2,LARGE,3.878251606421896,0.4396416666666667,1.7050409999999998,c
noarr,FromPlan,covariance,4,LARGE,0.783781311425372,2.175404,1.7050409999999998,c
noarr,FromPlan,covariance,5,LARGE,3.877017004650034,0.4397816666666667,1.7050409999999998,c
noarr,Naive,covariance,1,LARGE,1.010448557256387,1.6874099999999999,1.7050409999999998,c
noarr,Naive,covariance,2,LARGE,1.0090076672875743,1.6898196666666667,1.7050409999999998,c
noarr,Naive,covariance,3,LARGE,3.9111139486926176,0.4359476666666667,1.7050409999999998,c
noarr,Naive,covariance,4,LARGE,3.7774489872027677,0.45137366666666673,1.7050409999999998,c
noarr,Naive,covariance,5,LARGE,3.8933061861359004,0.4379416666666667,1.7050409999999998,c
noarr,standard,covariance,1,LARGE,1.0115685857661976,1.6855416666666667,1.7050409999999998,c
noarr,standard,covariance,2,LARGE,1.0049140391857934,1.6967033333333335,1.7050409999999998,c
noarr,standard,covariance,3,LARGE,0.9964632735651564,1.7110926666666668,1.7050409999999998,c
noarr,standard,covariance,4,LARGE,1.0095730486991326,1.6888733333333334,1.7050409999999998,c
noarr,standard,covariance,5,LARGE,1.0067576118591028,1.6935963333333335,1.7050409999999998,c
c,AllHints,deriche,1,LARGE,5.031569041875472,0.04463233333333333,0.22457066666666667,c
c,AllHints,deriche,2,LARGE,4.984293503591853,0.04505566666666667,0.22457066666666667,c
c,AllHints,deriche,3,LARGE,4.1118360421612845,0.054615666666666667,0.22457066666666667,c
c,AllHints,deriche,4,LARGE,18.36928781764642,0.012225333333333333,0.22457066666666667,c
c,AllHints,deriche,5,LARGE,4.044496473060184,0.055525,0.22457066666666667,c
c,ChooseHints,deriche,1,LARGE,2.860845711568023,0.078498,0.22457066666666667,c
c,ChooseHints,deriche,2,LARGE,4.860240807404575,0.046205666666666666,0.22457066666666667,c
c,ChooseHints,deriche,3,LARGE,5.178217593482187,0.043368333333333335,0.22457066666666667,c
c,ChooseHints,deriche,4,LARGE,5.053762311621871,0.044436333333333335,0.22457066666666667,c
c,ChooseHints,deriche,5,LARGE,0.7255050823218764,0.309537,0.22457066666666667,c
c,FromPlan,deriche,1,LARGE,1.4992433818162398,0.14978933333333333,0.22457066666666667,c
c,FromPlan,deriche,2,LARGE,1.4931295544405243,0.15040266666666666,0.22457066666666667,c
c,FromPlan,deriche,3,LARGE,1.4885866743263696,0.15086166666666667,0.22457066666666667,c
c,FromPlan,deriche,4,LARGE,1.4078900623999533,0.15950866666666666,0.22457066666666667,c
c,FromPlan,deriche,5,LARGE,1.3966590239109073,0.16079133333333334,0.22457066666666667,c
c,Naive,deriche,1,LARGE,1.6511941962918029,0.13600500000000001,0.22457066666666667,c
c,Naive,deriche,2,LARGE,1.4627056859309628,0.153531,0.22457066666666667,c
c,Naive,deriche,3,LARGE,0.7391407381401676,0.3038266666666667,0.22457066666666667,c
c,Naive,deriche,4,LARGE,0.7290363840785705,0.30803766666666665,0.22457066666666667,c
c,Naive,deriche,5,LARGE,0.7324461220837759,0.30660366666666666,0.22457066666666667,c
c,standard,deriche,1,LARGE,1.0,0.22457066666666667,0.22457066666666667,c
exo,AllHints,deriche,1,LARGE,3.1308356491593323,0.07172866666666666,0.22457066666666667,c
exo,AllHints,deriche,2,LARGE,4.289328757791261,0.05235566666666667,0.22457066666666667,c
exo,ChooseHints,deriche,2,LARGE,4.069709984716962,0.055181,0.22457066666666667,c
exo,FromPlan,deriche,3,LARGE,1.0718988356811694,0.20950733333333335,0.22457066666666667,c
exo,Naive,deriche,5,LARGE,1.203588011140628,0.18658433333333332,0.22457066666666667,c
exo,standard,deriche,3,LARGE,0.813168827594864,0.2761673333333333,0.22457066666666667,c
exo,standard,deriche,4,LARGE,0.8217132360922907,0.27329566666666666,0.22457066666666667,c
exo,standard,deriche,5,LARGE,0.8156684984678491,0.275321,0.22457066666666667,c
halide,AllHints,deriche,1,LARGE,0.16881259729979828,1.3302956666666665,0.22457066666666667,c
halide,AllHints,deriche,2,LARGE,0.9428822544799056,0.23817466666666665,0.22457066666666667,c
halide,AllHints,deriche,3,LARGE,0.1584642810184718,1.4171690000000001,0.22457066666666667,c
halide,ChooseHints,deriche,2,LARGE,0.6185060091420115,0.36308566666666664,0.22457066666666667,c
halide,ChooseHints,deriche,3,LARGE,0.1597420651433468,1.405833,0.22457066666666667,c
halide,ChooseHints,deriche,4,LARGE,0.6537459450909765,0.34351366666666666,0.22457066666666667,c
halide,ChooseHints,deriche,5,LARGE,0.6489281366067163,0.346064,0.22457066666666667,c
halide,FromPlan,deriche,1,LARGE,0.6886938459242359,0.326082,0.22457066666666667,c
halide,FromPlan,deriche,2,LARGE,0.6771138198308301,0.33165866666666666,0.22457066666666667,c
halide,FromPlan,deriche,4,LARGE,0.15882983373262086,1.4139073333333334,0.22457066666666667,c
halide,Naive,deriche,5,LARGE,0.6859870523141087,0.32736866666666664,0.22457066666666667,c
halide,standard,deriche,1,LARGE,0.3904397570357011,0.5751736666666667,0.22457066666666667,c
noarr,AllHints,deriche,1,LARGE,3.3634811434733556,0.06676733333333333,0.22457066666666667,c
noarr,AllHints,deriche,2,LARGE,3.3745667287772236,0.066548,0.22457066666666667,c
noarr,AllHints,deriche,3,LARGE,0.7672479668917388,0.29269633333333334,0.22457066666666667,c
noarr,ChooseHints,deriche,2,LARGE,1.1748932726917605,0.1911413333333333,0.22457066666666667,c
noarr,ChooseHints,deriche,4,LARGE,1.479183773838432,0.1518206666666667,0.22457066666666667,c
noarr,ChooseHints,deriche,5,LARGE,3.378408059493423,0.06647233333333334,0.22457066666666667,c
noarr,FromPlan,deriche,1,LARGE,1.1769375362491006,0.1908093333333333,0.22457066666666667,c
noarr,FromPlan,deriche,2,LARGE,3.341808820392756,0.06720033333333333,0.22457066666666667,c
noarr,FromPlan,deriche,3,LARGE,1.427915602513697,0.15727166666666667,0.22457066666666667,c
noarr,FromPlan,deriche,4,LARGE,0.8411169914591379,0.266991,0.22457066666666667,c
noarr,FromPlan,deriche,5,LARGE,0.7463571837676574,0.300889,0.22457066666666667,c
noarr,Naive,deriche,1,LARGE,0.5061154211080252,0.4437143333333333,0.22457066666666667,c
noarr,Naive,deriche,3,LARGE,0.7416337889248978,0.3028053333333333,0.22457066666666667,c
noarr,Naive,deriche,4,LARGE,1.159182100358571,0.19373200000000002,0.22457066666666667,c
noarr,Naive,deriche,5,LARGE,1.7095774726515616,0.13136033333333333,0.22457066666666667,c
noarr,standard,deriche,1,LARGE,1.1826750062757723,0.18988366666666667,0.22457066666666667,c
noarr,standard,deriche,2,LARGE,1.180434950204299,0.190244,0.22457066666666667,c
noarr,standard,deriche,3,LARGE,1.186657953742829,0.18924633333333332,0.22457066666666667,c
noarr,standard,deriche,4,LARGE,1.179498761347024,0.190395,0.22457066666666667,c
noarr,standard,deriche,5,LARGE,0.08358898426738669,2.686606,0.22457066666666667,c
c,AllHints,doitgen,1,LARGE,260.26827562084645,0.002859,0.744107,c
c,AllHints,doitgen,2,LARGE,283.9019458222052,0.002621,0.744107,c
c,AllHints,doitgen,3,LARGE,285.17130812468065,0.0026093333333333333,0.744107,c
c,AllHints,doitgen,4,LARGE,284.19108847867597,0.0026183333333333336,0.744107,c
c,AllHints,doitgen,5,LARGE,264.2112676056338,0.0028163333333333334,0.744107,c
c,ChooseHints,doitgen,1,LARGE,5.73347048534862,0.129783,0.744107,c
c,ChooseHints,doitgen,2,LARGE,289.04842677715914,0.0025743333333333334,0.744107,c
c,ChooseHints,doitgen,3,LARGE,189.40446292211095,0.003928666666666667,0.744107,c
c,ChooseHints,doitgen,4,LARGE,296.1423454497214,0.0025126666666666665,0.744107,c
c,ChooseHints,doitgen,5,LARGE,283.038037276531,0.002629,0.744107,c
c,FromPlan,doitgen,1,LARGE,4.146266760526232,0.17946433333333334,0.744107,c
c,FromPlan,doitgen,2,LARGE,6.5924268868551374,0.112873,0.744107,c
c,FromPlan,doitgen,3,LARGE,5.737847382869128,0.129684,0.744107,c
c,FromPlan,doitgen,4,LARGE,6.470908289803987,0.11499266666666667,0.744107,c
c,FromPlan,doitgen,5,LARGE,6.460084617254512,0.11518533333333332,0.744107,c
c,Naive,doitgen,1,LARGE,5.185848293933988,0.14348799999999998,0.744107,c
c,Naive,doitgen,2,LARGE,5.513455639365154,0.134962,0.744107,c
c,Naive,doitgen,3,LARGE,4.206394609353359,0.176899,0.744107,c
c,Naive,doitgen,4,LARGE,5.190466447018119,0.14336033333333334,0.744107,c
c,Naive,doitgen,5,LARGE,6.464499594578941,0.11510666666666668,0.744107,c
c,standard,doitgen,1,LARGE,1.0,0.744107,0.744107,c
exo,AllHints,doitgen,1,LARGE,0.39994635899591346,1.860517,0.744107,c
exo,AllHints,doitgen,2,LARGE,107.93023255813954,0.006894333333333333,0.744107,c
exo,AllHints,doitgen,3,LARGE,141.8157042119306,0.005247000000000001,0.744107,c
exo,AllHints,doitgen,4,LARGE,123.36673114119921,0.006031666666666667,0.744107,c
exo,AllHints,doitgen,5,LARGE,123.48957238479836,0.006025666666666666,0.744107,c
exo,ChooseHints,doitgen,1,LARGE,138.95555555555555,0.0053549999999999995,0.744107,c
exo,ChooseHints,doitgen,2,LARGE,136.50834709227664,0.005451,0.744107,c
exo,ChooseHints,doitgen,3,LARGE,144.02070967741935,0.005166666666666667,0.744107,c
exo,ChooseHints,doitgen,4,LARGE,5.532627149099217,0.13449433333333335,0.744107,c
exo,FromPlan,doitgen,2,LARGE,5.657145680964617,0.131534,0.744107,c
exo,FromPlan,doitgen,4,LARGE,5.722139341741002,0.13004000000000002,0.744107,c
exo,FromPlan,doitgen,5,LARGE,5.727189462665736,0.12992533333333334,0.744107,c
exo,Naive,doitgen,2,LARGE,3.348389419290969,0.22222833333333333,0.744107,c
exo,Naive,doitgen,3,LARGE,2.0275892324334928,0.366991,0.744107,c
exo,Naive,doitgen,4,LARGE,1.0774207591828222,0.6906373333333334,0.744107,c
exo,Naive,doitgen,5,LARGE,5.526162567612729,0.13465166666666667,0.744107,c
exo,standard,doitgen,1,LARGE,0.873711978739601,0.8516616666666668,0.744107,c
exo,standard,doitgen,2,LARGE,0.8592142091747187,0.866032,0.744107,c
exo,standard,doitgen,3,LARGE,0.860505250562987,0.8647326666666667,0.744107,c
exo,standard,doitgen,4,LARGE,0.8815305624398774,0.844108,0.744107,c
exo,standard,doitgen,5,LARGE,0.8763069601035399,0.8491396666666667,0.744107,c
halide,AllHints,doitgen,1,LARGE,76.80443832788576,0.009688333333333334,0.744107,c
halide,AllHints,doitgen,3,LARGE,5.567773909052817,0.1336453333333333,0.744107,c
halide,ChooseHints,doitgen,1,LARGE,76.19883260513382,0.009765333333333332,0.744107,c
halide,ChooseHints,doitgen,2,LARGE,5.7311594686603025,0.12983533333333333,0.744107,c
halide,ChooseHints,doitgen,4,LARGE,77.3258858983685,0.009623,0.744107,c
halide,ChooseHints,doitgen,5,LARGE,77.93600530670669,0.009547666666666668,0.744107,c
halide,FromPlan,doitgen,1,LARGE,57.48367410001545,0.012944666666666667,0.744107,c
halide,Naive,doitgen,1,LARGE,77.34731991268494,0.009620333333333333,0.744107,c
halide,Naive,doitgen,2,LARGE,5.44727614353168,0.13660166666666665,0.744107,c
halide,Naive,doitgen,4,LARGE,5.673536453329674,0.131154,0.744107,c
halide,Naive,doitgen,5,LARGE,5.472032180335383,0.13598366666666667,0.744107,c
halide,standard,doitgen,3,LARGE,1.0807539208006498,0.6885073333333334,0.744107,c
halide,standard,doitgen,4,LARGE,2.2146085607312713,0.3359993333333333,0.744107,c
halide,standard,doitgen,5,LARGE,2.2179024163910417,0.33550033333333334,0.744107,c
noarr,AllHints,doitgen,1,LARGE,3.793251633820336,0.19616599999999998,0.744107,c
noarr,AllHints,doitgen,2,LARGE,3.8439117542729817,0.19358066666666665,0.744107,c
noarr,AllHints,doitgen,3,LARGE,4.895065071759843,0.15201166666666666,0.744107,c
noarr,AllHints,doitgen,4,LARGE,3.8333241749750147,0.19411533333333333,0.744107,c
noarr,AllHints,doitgen,5,LARGE,3.8442559713444355,0.1935633333333333,0.744107,c
noarr,ChooseHints,doitgen,1,LARGE,4.961606422489381,0.149973,0.744107,c
noarr,ChooseHints,doitgen,2,LARGE,3.8482255370278105,0.19336366666666668,0.744107,c
noarr,ChooseHints,doitgen,3,LARGE,3.840182279212669,0.19376866666666667,0.744107,c
noarr,ChooseHints,doitgen,4,LARGE,3.83824105914718,0.19386666666666666,0.744107,c
noarr,ChooseHints,doitgen,5,LARGE,3.8410743137561925,0.19372366666666666,0.744107,c
noarr,FromPlan,doitgen,1,LARGE,5.005035705077183,0.14867166666666667,0.744107,c
noarr,FromPlan,doitgen,2,LARGE,4.074084010424651,0.182644,0.744107,c
noarr,FromPlan,doitgen,3,LARGE,4.256012278126251,0.17483666666666667,0.744107,c
noarr,FromPlan,doitgen,4,LARGE,3.508085351135249,0.212112,0.744107,c
noarr,FromPlan,doitgen,5,LARGE,3.838722879591145,0.19384233333333334,0.744107,c
noarr,Naive,doitgen,1,LARGE,3.8439183732507263,0.19358033333333333,0.744107,c
noarr,Naive,doitgen,2,LARGE,4.668662553591969,0.15938333333333332,0.744107,c
noarr,Naive,doitgen,3,LARGE,3.808934010152284,0.19535833333333333,0.744107,c
noarr,Naive,doitgen,4,LARGE,3.839970894729056,0.19377933333333333,0.744107,c
noarr,Naive,doitgen,5,LARGE,3.809304492353477,0.19533933333333334,0.744107,c
noarr,standard,doitgen,1,LARGE,1.0507314524555902,0.70818,0.744107,c
noarr,standard,doitgen,2,LARGE,1.0561885309309444,0.7045210000000001,0.744107,c
noarr,standard,doitgen,3,LARGE,1.0407532440770213,0.7149696666666667,0.744107,c
noarr,standard,doitgen,5,LARGE,1.053447207562965,0.7063543333333334,0.744107,c
c,AllHints,durbin,1,LARGE,0.07285559792816892,0.052707000000000004,0.0038399999999999997,c
c,AllHints,durbin,3,LARGE,0.7866165926937521,0.004881666666666667,0.0038399999999999997,c
c,AllHints,durbin,4,LARGE,0.98285129255183,0.003907,0.0038399999999999997,c
c,AllHints,durbin,5,LARGE,0.9761057447890187,0.003934,0.0038399999999999997,c
c,ChooseHints,durbin,1,LARGE,0.96040016673614,0.003998333333333333,0.0038399999999999997,c
c,ChooseHints,durbin,2,LARGE,0.7826618656158707,0.004906333333333333,0.0038399999999999997,c
c,ChooseHints,durbin,3,LARGE,0.7715491259795058,0.004977,0.0038399999999999997,c
c,ChooseHints,durbin,4,LARGE,0.9568106312292358,0.004013333333333333,0.0038399999999999997,c
c,ChooseHints,durbin,5,LARGE,0.7809640024405123,0.004917,0.0038399999999999997,c
c,FromPlan,durbin,1,LARGE,0.9853733641262509,0.003897,0.0038399999999999997,c
c,FromPlan,durbin,2,LARGE,0.98327074086719,0.0039053333333333336,0.0038399999999999997,c
c,FromPlan,durbin,3,LARGE,0.9775137887144675,0.003928333333333333,0.0038399999999999997,c
c,FromPlan,durbin,4,LARGE,0.9637747845729104,0.003984333333333334,0.0038399999999999997,c
c,FromPlan,durbin,5,LARGE,0.9781778041946165,0.003925666666666667,0.0038399999999999997,c
c,Naive,durbin,1,LARGE,0.9812606473594546,0.003913333333333334,0.0038399999999999997,c
c,Naive,durbin,2,LARGE,0.7945375543140906,0.004833,0.0038399999999999997,c
c,Naive,durbin,3,LARGE,0.961522410483265,0.003993666666666667,0.0038399999999999997,c
c,Naive,durbin,4,LARGE,0.9831029185867896,0.0039059999999999997,0.0038399999999999997,c
c,Naive,durbin,5,LARGE,0.9612817089452603,0.003994666666666666,0.0038399999999999997,c
c,standard,durbin,1,LARGE,1.0,0.0038399999999999997,0.0038399999999999997,c
exo,AllHints,durbin,1,LARGE,0.9521448053558145,0.004033,0.0038399999999999997,c
exo,AllHints,durbin,2,LARGE,0.8458770834863059,0.004539666666666667,0.0038399999999999997,c
exo,AllHints,durbin,3,LARGE,0.035946978207144466,0.10682399999999999,0.0038399999999999997,c
exo,ChooseHints,durbin,1,LARGE,0.900633257759362,0.0042636666666666665,0.0038399999999999997,c
exo,ChooseHints,durbin,2,LARGE,0.5897409644722023,0.006511333333333333,0.0038399999999999997,c
exo,ChooseHints,durbin,3,LARGE,0.6517680339462517,0.005891666666666667,0.0038399999999999997,c
exo,ChooseHints,durbin,4,LARGE,0.0023968675936635307,1.602091,0.0038399999999999997,c
exo,FromPlan,durbin,2,LARGE,0.7005168744299178,0.005481666666666667,0.0038399999999999997,c
exo,FromPlan,durbin,5,LARGE,0.847432690893041,0.004531333333333333,0.0038399999999999997,c
exo,Naive,durbin,3,LARGE,0.8049189491335941,0.004770666666666667,0.0038399999999999997,c
exo,Naive,durbin,4,LARGE,0.954116282921981,0.004024666666666667,0.0038399999999999997,c
exo,standard,durbin,1,LARGE,0.8437088032810897,0.0045513333333333334,0.0038399999999999997,c
exo,standard,durbin,2,LARGE,0.8440178767675287,0.004549666666666666,0.0038399999999999997,c
exo,standard,durbin,3,LARGE,0.8420437102550983,0.004560333333333333,0.0038399999999999997,c
exo,standard,durbin,4,LARGE,0.8421052631578947,0.00456,0.0038399999999999997,c
exo,standard,durbin,5,LARGE,0.8445128656256872,0.004547,0.0038399999999999997,c
halide,FromPlan,durbin,3,LARGE,0.15974928237627056,0.024037666666666666,0.0038399999999999997,c
halide,standard,durbin,4,LARGE,0.5139415569930849,0.007471666666666667,0.0038399999999999997,c
noarr,AllHints,durbin,1,LARGE,1.010969723562966,0.0037983333333333337,0.0038399999999999997,c
noarr,AllHints,durbin,2,LARGE,0.8652546191978367,0.004438,0.0038399999999999997,c
noarr,AllHints,durbin,3,LARGE,1.0162314749470711,0.0037786666666666667,0.0038399999999999997,c
noarr,AllHints,durbin,4,LARGE,1.826831588962892,0.002102,0.0038399999999999997,c
noarr,AllHints,durbin,5,LARGE,1.0162314749470713,0.0037786666666666663,0.0038399999999999997,c
noarr,ChooseHints,durbin,1,LARGE,0.7559055118110235,0.00508,0.0038399999999999997,c
noarr,ChooseHints,durbin,2,LARGE,1.0094637223974763,0.003804,0.0038399999999999997,c
noarr,ChooseHints,durbin,3,LARGE,0.9781778041946165,0.003925666666666667,0.0038399999999999997,c
noarr,ChooseHints,durbin,4,LARGE,0.9085890054420696,0.004226333333333333,0.0038399999999999997,c
noarr,ChooseHints,durbin,5,LARGE,0.8658399098083426,0.004435000000000001,0.0038399999999999997,c
noarr,FromPlan,durbin,1,LARGE,1.0178476762678916,0.003772666666666667,0.0038399999999999997,c
noarr,FromPlan,durbin,2,LARGE,1.0172185430463574,0.003775,0.0038399999999999997,c
noarr,FromPlan,durbin,3,LARGE,1.019108280254777,0.003768,0.0038399999999999997,c
noarr,FromPlan,durbin,4,LARGE,1.0175779524776962,0.0037736666666666665,0.0038399999999999997,c
noarr,FromPlan,durbin,5,LARGE,1.0155148095909732,0.003781333333333333,0.0038399999999999997,c
noarr,Naive,durbin,1,LARGE,0.9116087679037747,0.004212333333333333,0.0038399999999999997,c
noarr,Naive,durbin,2,LARGE,0.8751139471285324,0.0043879999999999995,0.0038399999999999997,c
noarr,Naive,durbin,3,LARGE,1.0173083716001412,0.003774666666666667,0.0038399999999999997,c
noarr,Naive,durbin,4,LARGE,1.01775775245163,0.003773,0.0038399999999999997,c
noarr,Naive,durbin,5,LARGE,1.0093752738105668,0.003804333333333333,0.0038399999999999997,c
noarr,standard,durbin,1,LARGE,0.8752469229600364,0.004387333333333333,0.0038399999999999997,c
noarr,standard,durbin,2,LARGE,0.8763788512742487,0.0043816666666666665,0.0038399999999999997,c
noarr,standard,durbin,3,LARGE,0.8783835303088066,0.004371666666666667,0.0038399999999999997,c
noarr,standard,durbin,5,LARGE,0.8766456129670496,0.004380333333333333,0.0038399999999999997,c
c,AllHints,fdtd-2d,1,LARGE,14.8396921322691,0.11693333333333333,1.7352546666666668,c
c,AllHints,fdtd-2d,2,LARGE,7.969351967092403,0.217741,1.7352546666666668,c
c,AllHints,fdtd-2d,4,LARGE,8.37498330879928,0.20719500000000002,1.7352546666666668,c
c,ChooseHints,fdtd-2d,2,LARGE,15.078288423717378,0.11508299999999999,1.7352546666666668,c
c,ChooseHints,fdtd-2d,3,LARGE,14.836393276295464,0.11695933333333335,1.7352546666666668,c
c,ChooseHints,fdtd-2d,5,LARGE,15.034654051540647,0.11541699999999999,1.7352546666666668,c
c,FromPlan,fdtd-2d,1,LARGE,0.856649653572684,2.0256293333333333,1.7352546666666668,c
c,FromPlan,fdtd-2d,2,LARGE,0.624569239446299,2.778322333333333,1.7352546666666668,c
c,FromPlan,fdtd-2d,3,LARGE,0.6707412890515783,2.58707,1.7352546666666668,c
c,FromPlan,fdtd-2d,5,LARGE,0.6519793090509503,2.6615179999999996,1.7352546666666668,c
c,Naive,fdtd-2d,1,LARGE,1.4990071434988632,1.1576026666666668,1.7352546666666668,c
c,Naive,fdtd-2d,2,LARGE,0.9943165148829534,1.7451733333333335,1.7352546666666668,c
c,Naive,fdtd-2d,3,LARGE,1.5021725643415507,1.1551633333333333,1.7352546666666668,c
c,Naive,fdtd-2d,4,LARGE,1.0014953854287167,1.7326636666666666,1.7352546666666668,c
c,Naive,fdtd-2d,5,LARGE,0.8486290742481404,2.044774,1.7352546666666668,c
c,standard,fdtd-2d,1,LARGE,1.0,1.7352546666666668,1.7352546666666668,c
exo,AllHints,fdtd-2d,3,LARGE,11.211852451707808,0.15476966666666667,1.7352546666666668,c
exo,AllHints,fdtd-2d,4,LARGE,11.443301869787522,0.15163933333333335,1.7352546666666668,c
exo,AllHints,fdtd-2d,5,LARGE,12.193740762342449,0.142307,1.7352546666666668,c
exo,ChooseHints,fdtd-2d,4,LARGE,11.456775451546385,0.15146099999999998,1.7352546666666668,c
exo,FromPlan,fdtd-2d,2,LARGE,0.507079367070803,3.4220573333333335,1.7352546666666668,c
exo,FromPlan,fdtd-2d,4,LARGE,0.5070647470970543,3.4221559999999998,1.7352546666666668,c
exo,Naive,fdtd-2d,1,LARGE,11.45294421771701,0.15151166666666666,1.7352546666666668,c
exo,Naive,fdtd-2d,2,LARGE,12.348135479846201,0.14052766666666666,1.7352546666666668,c
exo,Naive,fdtd-2d,3,LARGE,0.9592775056179983,1.8089183333333334,1.7352546666666668,c
exo,standard,fdtd-2d,1,LARGE,0.9833762958166267,1.7645886666666666,1.7352546666666668,c
exo,standard,fdtd-2d,2,LARGE,0.9851057967569892,1.7614906666666668,1.7352546666666668,c
exo,standard,fdtd-2d,3,LARGE,0.9800465081954127,1.7705840000000002,1.7352546666666668,c
exo,standard,fdtd-2d,4,LARGE,0.9760361573480613,1.777859,1.7352546666666668,c
exo,standard,fdtd-2d,5,LARGE,0.9796050014433176,1.771382,1.7352546666666668,c
halide,AllHints,fdtd-2d,1,LARGE,0.4301615591824115,4.033960333333333,1.7352546666666668,c
halide,AllHints,fdtd-2d,5,LARGE,0.31338577937026235,5.537119999999999,1.7352546666666668,c
halide,ChooseHints,fdtd-2d,1,LARGE,0.26080724553971085,6.653399,1.7352546666666668,c
halide,ChooseHints,fdtd-2d,5,LARGE,0.1738167371670287,9.983242666666667,1.7352546666666668,c
halide,FromPlan,fdtd-2d,4,LARGE,0.16221883546400367,10.696998666666667,1.7352546666666668,c
halide,FromPlan,fdtd-2d,5,LARGE,1.683479806381344,1.0307546666666667,1.7352546666666668,c
halide,Naive,fdtd-2d,1,LARGE,0.15636510052680244,11.097455000000002,1.7352546666666668,c
halide,Naive,fdtd-2d,3,LARGE,1.4058962819568284,1.2342693333333334,1.7352546666666668,c
halide,Naive,fdtd-2d,5,LARGE,0.33732906471114943,5.144100666666667,1.7352546666666668,c
halide,standard,fdtd-2d,1,LARGE,0.3399905090932318,5.1038326666666665,1.7352546666666668,c
halide,standard,fdtd-2d,3,LARGE,0.3313337839575243,5.2371799999999995,1.7352546666666668,c
halide,standard,fdtd-2d,5,LARGE,0.33142782344932054,5.235694,1.7352546666666668,c
noarr,AllHints,fdtd-2d,1,LARGE,6.9289899401306005,0.250434,1.7352546666666668,c
noarr,AllHints,fdtd-2d,4,LARGE,11.526025510735012,0.150551,1.7352546666666668,c
noarr,AllHints,fdtd-2d,5,LARGE,0.9684868446510909,1.7917173333333334,1.7352546666666668,c
noarr,ChooseHints,fdtd-2d,1,LARGE,13.680945673198218,0.12683733333333333,1.7352546666666668,c
noarr,ChooseHints,fdtd-2d,3,LARGE,8.574296368523692,0.20237866666666668,1.7352546666666668,c
noarr,ChooseHints,fdtd-2d,5,LARGE,10.812094476152499,0.160492,1.7352546666666668,c
noarr,FromPlan,fdtd-2d,2,LARGE,0.4965587945684345,3.4945603333333337,1.7352546666666668,c
noarr,FromPlan,fdtd-2d,3,LARGE,1.040668056819134,1.6674429999999998,1.7352546666666668,c
noarr,FromPlan,fdtd-2d,5,LARGE,0.46552158308121655,3.7275493333333336,1.7352546666666668,c
noarr,Naive,fdtd-2d,1,LARGE,0.9804178735681974,1.7699133333333332,1.7352546666666668,c
noarr,Naive,fdtd-2d,2,LARGE,0.9727654437719448,1.7838366666666667,1.7352546666666668,c
noarr,Naive,fdtd-2d,3,LARGE,0.9670586967708139,1.7943633333333333,1.7352546666666668,c
noarr,Naive,fdtd-2d,4,LARGE,0.8394726788923039,2.067077,1.7352546666666668,c
noarr,standard,fdtd-2d,1,LARGE,0.9767650349548007,1.7765323333333332,1.7352546666666668,c
noarr,standard,fdtd-2d,2,LARGE,0.9823315713715299,1.7664653333333333,1.7352546666666668,c
noarr,standard,fdtd-2d,3,LARGE,0.9685872144784864,1.7915316666666667,1.7352546666666668,c
noarr,standard,fdtd-2d,4,LARGE,0.961231761896198,1.8052406666666665,1.7352546666666668,c
noarr,standard,fdtd-2d,5,LARGE,0.9808525362857466,1.7691290000000002,1.7352546666666668,c
c,AllHints,gemver,1,LARGE,7.04500741140008,0.002473666666666667,0.017427,c
c,AllHints,gemver,2,LARGE,10.08896179081436,0.0017273333333333333,0.017427,c
c,AllHints,gemver,3,LARGE,7.385365164571268,0.0023596666666666666,0.017427,c
c,AllHints,gemver,4,LARGE,2.820968003021637,0.006177666666666667,0.017427,c
c,AllHints,gemver,5,LARGE,14.110931174089071,0.001235,0.017427,c
c,ChooseHints,gemver,1,LARGE,2.8322769380789863,0.006153,0.017427,c
c,ChooseHints,gemver,2,LARGE,10.726508001641363,0.0016246666666666666,0.017427,c
c,ChooseHints,gemver,3,LARGE,2.776768642447419,0.006276,0.017427,c
c,ChooseHints,gemver,4,LARGE,2.777653809372012,0.006273999999999999,0.017427,c
c,ChooseHints,gemver,5,LARGE,2.8108064516129034,0.0062,0.017427,c
c,FromPlan,gemver,1,LARGE,1.8546596190003195,0.009396333333333333,0.017427,c
c,FromPlan,gemver,2,LARGE,1.8363540569020023,0.00949,0.017427,c
c,FromPlan,gemver,3,LARGE,1.1574531205029999,0.015056333333333333,0.017427,c
c,FromPlan,gemver,4,LARGE,1.1678729392842784,0.014922,0.017427,c
c,Naive,gemver,1,LARGE,1.2899015568330416,0.013510333333333333,0.017427,c
c,Naive,gemver,2,LARGE,1.5515951921650097,0.011231666666666668,0.017427,c
c,Naive,gemver,3,LARGE,1.864514978601997,0.009346666666666668,0.017427,c
c,Naive,gemver,4,LARGE,1.5296234529974546,0.011393,0.017427,c
c,Naive,gemver,5,LARGE,1.5374955887542643,0.011334666666666667,0.017427,c
c,standard,gemver,1,LARGE,1.0,0.017427,0.017427,c
exo,AllHints,gemver,1,LARGE,3.780533661146865,0.004609666666666667,0.017427,c
exo,AllHints,gemver,2,LARGE,2.786536616565398,0.006254,0.017427,c
exo,AllHints,gemver,3,LARGE,5.292134831460675,0.0032929999999999995,0.017427,c
exo,AllHints,gemver,4,LARGE,2.795625902358162,0.006233666666666668,0.017427,c
exo,AllHints,gemver,5,LARGE,5.3028704736788725,0.0032863333333333334,0.017427,c
exo,ChooseHints,gemver,1,LARGE,3.7644729262672816,0.004629333333333333,0.017427,c
exo,ChooseHints,gemver,2,LARGE,4.524534833405453,0.0038516666666666664,0.017427,c
exo,FromPlan,gemver,1,LARGE,0.7396440495727463,0.023561333333333333,0.017427,c
exo,FromPlan,gemver,2,LARGE,0.2988237042456389,0.058318666666666664,0.017427,c
exo,Naive,gemver,5,LARGE,5.669775512417308,0.003073666666666667,0.017427,c
exo,standard,gemver,1,LARGE,0.9338394212735555,0.018661666666666667,0.017427,c
exo,standard,gemver,2,LARGE,0.9350586636142509,0.018637333333333336,0.017427,c
exo,standard,gemver,3,LARGE,0.9390896680557553,0.018557333333333332,0.017427,c
exo,standard,gemver,4,LARGE,0.934239917085113,0.018653666666666666,0.017427,c
exo,standard,gemver,5,LARGE,0.9366836871808655,0.018605,0.017427,c
halide,standard,gemver,1,LARGE,0.00093742664167197,18.590254666666667,0.017427,c
halide,standard,gemver,4,LARGE,0.6487764320460637,0.026861333333333334,0.017427,c
noarr,AllHints,gemver,1,LARGE,1.5383098923085976,0.011328666666666667,0.017427,c
noarr,AllHints,gemver,2,LARGE,2.004332157644533,0.008694666666666667,0.017427,c
noarr,AllHints,gemver,3,LARGE,1.9889294681579548,0.008762,0.017427,c
noarr,AllHints,gemver,4,LARGE,0.9763025210084034,0.01785,0.017427,c
noarr,AllHints,gemver,5,LARGE,3.025520833333333,0.00576,0.017427,c
noarr,ChooseHints,gemver,1,LARGE,1.5370887601799312,0.011337666666666668,0.017427,c
noarr,ChooseHints,gemver,2,LARGE,1.4951525724254298,0.011655666666666667,0.017427,c
noarr,ChooseHints,gemver,3,LARGE,2.0102664667204984,0.008669000000000001,0.017427,c
noarr,ChooseHints,gemver,4,LARGE,1.5393063243434224,0.011321333333333334,0.017427,c
noarr,ChooseHints,gemver,5,LARGE,0.9945404048090094,0.017522666666666666,0.017427,c
noarr,FromPlan,gemver,1,LARGE,1.0055392072009695,0.017331,0.017427,c
noarr,FromPlan,gemver,2,LARGE,1.552009736982723,0.011228666666666666,0.017427,c
noarr,FromPlan,gemver,3,LARGE,1.5513189519598825,0.011233666666666668,0.017427,c
noarr,FromPlan,gemver,4,LARGE,1.548561950179201,0.011253666666666667,0.017427,c
noarr,Naive,gemver,1,LARGE,1.4954947223890842,0.011653000000000002,0.017427,c
noarr,Naive,gemver,2,LARGE,1.4995697567691604,0.011621333333333332,0.017427,c
noarr,Naive,gemver,3,LARGE,1.528014028934678,0.011405,0.017427,c
noarr,Naive,gemver,4,LARGE,1.5283713859736312,0.011402333333333334,0.017427,c
noarr,Naive,gemver,5,LARGE,1.506396588486141,0.011568666666666666,0.017427,c
noarr,standard,gemver,1,LARGE,1.0368893913250432,0.016807,0.017427,c
noarr,standard,gemver,2,LARGE,1.0346117311802423,0.016844,0.017427,c
noarr,standard,gemver,3,LARGE,1.0361085237519572,0.016819666666666667,0.017427,c
noarr,standard,gemver,5,LARGE,1.0355338998157941,0.016829,0.017427,c
c,AllHints,gesummv,1,LARGE,6.992498124531133,0.0008886666666666666,0.006214,c
c,AllHints,gesummv,2,LARGE,7.17,0.0008666666666666666,0.006214,c
c,AllHints,gesummv,3,LARGE,6.932688731870584,0.0008963333333333333,0.006214,c
c,AllHints,gesummv,4,LARGE,7.013544018058691,0.000886,0.006214,c
c,AllHints,gesummv,5,LARGE,6.901888189559423,0.0009003333333333333,0.006214,c
c,ChooseHints,gesummv,1,LARGE,6.932688731870584,0.0008963333333333333,0.006214,c
c,ChooseHints,gesummv,2,LARGE,7.0640394088669956,0.0008796666666666666,0.006214,c
c,ChooseHints,gesummv,3,LARGE,6.853676470588234,0.0009066666666666667,0.006214,c
c,ChooseHints,gesummv,4,LARGE,6.803649635036496,0.0009133333333333334,0.006214,c
c,ChooseHints,gesummv,5,LARGE,7.074762808349146,0.0008783333333333334,0.006214,c
c,FromPlan,gesummv,1,LARGE,7.391752577319588,0.0008406666666666666,0.006214,c
c,FromPlan,gesummv,2,LARGE,6.751901484969214,0.0009203333333333333,0.006214,c
c,FromPlan,gesummv,3,LARGE,2.2484621879146065,0.0027636666666666664,0.006214,c
c,FromPlan,gesummv,4,LARGE,7.0347169811320756,0.0008833333333333333,0.006214,c
c,FromPlan,gesummv,5,LARGE,7.652709359605912,0.0008119999999999999,0.006214,c
c,Naive,gesummv,1,LARGE,6.940431868950111,0.0008953333333333334,0.006214,c
c,Naive,gesummv,2,LARGE,2.226442135435328,0.002791,0.006214,c
c,Naive,gesummv,3,LARGE,2.2538991657598837,0.0027570000000000003,0.006214,c
c,Naive,gesummv,4,LARGE,2.2074600355239786,0.0028150000000000002,0.006214,c
c,Naive,gesummv,5,LARGE,6.732394366197184,0.0009229999999999999,0.006214,c
c,standard,gesummv,1,LARGE,1.0,0.006214,0.006214,c
exo,AllHints,gesummv,2,LARGE,6.966367713004484,0.000892,0.006214,c
exo,AllHints,gesummv,3,LARGE,7.024114544084401,0.0008846666666666667,0.006214,c
exo,AllHints,gesummv,4,LARGE,6.971578160059835,0.0008913333333333334,0.006214,c
exo,AllHints,gesummv,5,LARGE,6.889135254988913,0.000902,0.006214,c
exo,ChooseHints,gesummv,1,LARGE,7.061363636363636,0.00088,0.006214,c
exo,ChooseHints,gesummv,3,LARGE,6.876429361859093,0.0009036666666666667,0.006214,c
exo,ChooseHints,gesummv,4,LARGE,6.7666061705989105,0.0009183333333333334,0.006214,c
exo,ChooseHints,gesummv,5,LARGE,7.037372593431484,0.000883,0.006214,c
exo,FromPlan,gesummv,2,LARGE,7.55654641264694,0.0008223333333333333,0.006214,c
exo,FromPlan,gesummv,3,LARGE,2.0808125906909254,0.0029863333333333335,0.006214,c
exo,FromPlan,gesummv,5,LARGE,6.676934097421203,0.0009306666666666668,0.006214,c
exo,Naive,gesummv,1,LARGE,6.992498124531133,0.0008886666666666666,0.006214,c
exo,Naive,gesummv,2,LARGE,7.433014354066986,0.0008359999999999999,0.006214,c
exo,Naive,gesummv,3,LARGE,6.841100917431192,0.0009083333333333334,0.006214,c
exo,Naive,gesummv,4,LARGE,6.620028409090909,0.0009386666666666666,0.006214,c
exo,Naive,gesummv,5,LARGE,0.9925460547332552,0.006260666666666667,0.006214,c
exo,standard,gesummv,1,LARGE,0.9983933161953726,0.006224,0.006214,c
exo,standard,gesummv,2,LARGE,0.9938159718520098,0.006252666666666667,0.006214,c
exo,standard,gesummv,3,LARGE,0.9954079453225116,0.006242666666666667,0.006214,c
exo,standard,gesummv,4,LARGE,0.9980725987793125,0.006226,0.006214,c
exo,standard,gesummv,5,LARGE,0.9998927268826432,0.006214666666666667,0.006214,c
halide,FromPlan,gesummv,1,LARGE,1.823356807511737,0.003408,0.006214,c
halide,Naive,gesummv,4,LARGE,1.731401504597381,0.0035889999999999997,0.006214,c
halide,Naive,gesummv,5,LARGE,1.4327876412266545,0.004337,0.006214,c
halide,standard,gesummv,1,LARGE,1.0539944592073274,0.005895666666666667,0.006214,c
halide,standard,gesummv,2,LARGE,1.16171246962049,0.005349,0.006214,c
halide,standard,gesummv,3,LARGE,1.0509640320216485,0.005912666666666667,0.006214,c
halide,standard,gesummv,4,LARGE,1.0488353775177224,0.0059246666666666675,0.006214,c
halide,standard,gesummv,5,LARGE,1.0507863141874754,0.005913666666666667,0.006214,c
noarr,AllHints,gesummv,1,LARGE,2.320966135458167,0.002677333333333333,0.006214,c
noarr,AllHints,gesummv,2,LARGE,19.022448979591836,0.0003266666666666667,0.006214,c
noarr,AllHints,gesummv,3,LARGE,2.3666370445601115,0.0026256666666666668,0.006214,c
noarr,AllHints,gesummv,4,LARGE,2.2806459505749936,0.002724666666666667,0.006214,c
noarr,AllHints,gesummv,5,LARGE,1.9368311688311688,0.0032083333333333334,0.006214,c
noarr,ChooseHints,gesummv,1,LARGE,1.919481054365733,0.0032373333333333334,0.006214,c
noarr,ChooseHints,gesummv,2,LARGE,2.308606811145511,0.0026916666666666664,0.006214,c
noarr,ChooseHints,gesummv,3,LARGE,1.8943196829590487,0.0032803333333333335,0.006214,c
noarr,ChooseHints,gesummv,4,LARGE,1.855479247536578,0.003349,0.006214,c
noarr,ChooseHints,gesummv,5,LARGE,2.3192336402090072,0.0026793333333333335,0.006214,c
noarr,FromPlan,gesummv,1,LARGE,2.1378440366972478,0.0029066666666666668,0.006214,c
noarr,FromPlan,gesummv,3,LARGE,1.9859379993608182,0.003129,0.006214,c
noarr,FromPlan,gesummv,4,LARGE,2.2944,0.0027083333333333334,0.006214,c
noarr,Naive,gesummv,1,LARGE,2.2944,0.0027083333333333334,0.006214,c
noarr,Naive,gesummv,2,LARGE,2.325598802395209,0.0026720000000000003,0.006214,c
noarr,Naive,gesummv,3,LARGE,2.2764684332641347,0.0027296666666666667,0.006214,c
noarr,Naive,gesummv,4,LARGE,2.2935531496062995,0.002709333333333333,0.006214,c
noarr,Naive,gesummv,5,LARGE,2.2912979351032443,0.0027120000000000004,0.006214,c
noarr,standard,gesummv,1,LARGE,1.1191019330051626,0.005552666666666667,0.006214,c
noarr,standard,gesummv,2,LARGE,1.1202451775734632,0.005547,0.006214,c
noarr,standard,gesummv,3,LARGE,1.1225386885048472,0.005535666666666667,0.006214,c
noarr,standard,gesummv,4,LARGE,1.123553519768563,0.005530666666666666,0.006214,c
noarr,standard,gesummv,5,LARGE,1.1228767618359234,0.005534,0.006214,c
c,ChooseHints,gramschmidt,1,LARGE,4.055859261945057,0.6196286666666667,2.5131266666666665,c
c,ChooseHints,gramschmidt,4,LARGE,4.035884857549385,0.6226953333333333,2.5131266666666665,c
c,Naive,gramschmidt,1,LARGE,4.937736182698164,0.5089633333333333,2.5131266666666665,c
c,standard,gramschmidt,1,LARGE,1.0,2.5131266666666665,2.5131266666666665,c
c,AllHints,jacobi-1d,1,LARGE,0.10937682003494467,0.008585,0.0009390000000000001,c
c,AllHints,jacobi-1d,2,LARGE,0.12818529304696033,0.007325333333333334,0.0009390000000000001,c
c,AllHints,jacobi-1d,4,LARGE,0.1259726321438154,0.007454,0.0009390000000000001,c
c,AllHints,jacobi-1d,5,LARGE,0.1115908730787514,0.008414666666666666,0.0009390000000000001,c
c,ChooseHints,jacobi-1d,2,LARGE,0.11149811992875519,0.008421666666666668,0.0009390000000000001,c
c,ChooseHints,jacobi-1d,3,LARGE,0.1118123362705406,0.008398000000000001,0.0009390000000000001,c
c,ChooseHints,jacobi-1d,4,LARGE,0.11178127852069361,0.008400333333333334,0.0009390000000000001,c
c,ChooseHints,jacobi-1d,5,LARGE,0.11008206330597892,0.00853,0.0009390000000000001,c
c,FromPlan,jacobi-1d,2,LARGE,0.12875948441356613,0.007292666666666667,0.0009390000000000001,c
c,FromPlan,jacobi-1d,3,LARGE,0.11097541758588088,0.008461333333333333,0.0009390000000000001,c
c,FromPlan,jacobi-1d,4,LARGE,0.10957678543644002,0.008569333333333333,0.0009390000000000001,c
c,FromPlan,jacobi-1d,5,LARGE,0.11025440313111547,0.008516666666666667,0.0009390000000000001,c
c,Naive,jacobi-1d,2,LARGE,0.32664656771799633,0.0028746666666666664,0.0009390000000000001,c
c,Naive,jacobi-1d,3,LARGE,1.085130970724191,0.0008653333333333334,0.0009390000000000001,c
c,Naive,jacobi-1d,4,LARGE,1.0863864249903588,0.0008643333333333333,0.0009390000000000001,c
c,Naive,jacobi-1d,5,LARGE,1.090170278637771,0.0008613333333333333,0.0009390000000000001,c
c,standard,jacobi-1d,1,LARGE,1.0,0.0009390000000000001,0.0009390000000000001,c
exo,AllHints,jacobi-1d,1,LARGE,0.03269195060811439,0.028722666666666664,0.0009390000000000001,c
exo,AllHints,jacobi-1d,2,LARGE,0.03203866932044356,0.029308333333333336,0.0009390000000000001,c
exo,AllHints,jacobi-1d,3,LARGE,0.032383032532475,0.028996666666666667,0.0009390000000000001,c
exo,AllHints,jacobi-1d,4,LARGE,0.03285935914334706,0.028576333333333332,0.0009390000000000001,c
exo,AllHints,jacobi-1d,5,LARGE,0.032434486252475477,0.028950666666666666,0.0009390000000000001,c
exo,ChooseHints,jacobi-1d,1,LARGE,0.03473403861803655,0.027034000000000002,0.0009390000000000001,c
exo,ChooseHints,jacobi-1d,3,LARGE,0.032374844848986346,0.029004000000000002,0.0009390000000000001,c
exo,ChooseHints,jacobi-1d,4,LARGE,0.035385001884185405,0.026536666666666667,0.0009390000000000001,c
exo,ChooseHints,jacobi-1d,5,LARGE,0.03246102257406576,0.028926999999999998,0.0009390000000000001,c
exo,FromPlan,jacobi-1d,1,LARGE,0.0325390133182401,0.028857666666666667,0.0009390000000000001,c
exo,FromPlan,jacobi-1d,4,LARGE,0.037218581545291195,0.025229333333333336,0.0009390000000000001,c
exo,Naive,jacobi-1d,1,LARGE,0.03203101903440748,0.029315333333333332,0.0009390000000000001,c
exo,Naive,jacobi-1d,2,LARGE,0.03210805265857411,0.029245000000000004,0.0009390000000000001,c
exo,Naive,jacobi-1d,5,LARGE,0.03252210856865779,0.028872666666666668,0.0009390000000000001,c
exo,standard,jacobi-1d,1,LARGE,1.0064308681672027,0.0009329999999999999,0.0009390000000000001,c
exo,standard,jacobi-1d,2,LARGE,0.9954063604240283,0.0009433333333333334,0.0009390000000000001,c
exo,standard,jacobi-1d,3,LARGE,0.9975212464589235,0.0009413333333333334,0.0009390000000000001,c
exo,standard,jacobi-1d,4,LARGE,0.9971681415929204,0.0009416666666666666,0.0009390000000000001,c
exo,standard,jacobi-1d,5,LARGE,1.0028479886080457,0.0009363333333333333,0.0009390000000000001,c
halide,AllHints,jacobi-1d,5,LARGE,0.39027431421446385,0.002406,0.0009390000000000001,c
halide,ChooseHints,jacobi-1d,3,LARGE,0.001047014948117566,0.8968353333333333,0.0009390000000000001,c
halide,ChooseHints,jacobi-1d,4,LARGE,0.3311390619489832,0.002835666666666667,0.0009390000000000001,c
halide,FromPlan,jacobi-1d,1,LARGE,0.03959519291587603,0.023715,0.0009390000000000001,c
halide,FromPlan,jacobi-1d,4,LARGE,0.12229747330033863,0.007678,0.0009390000000000001,c
halide,FromPlan,jacobi-1d,5,LARGE,0.43452105506709854,0.002161,0.0009390000000000001,c
halide,Naive,jacobi-1d,1,LARGE,0.06756691931305767,0.013897333333333333,0.0009390000000000001,c
halide,Naive,jacobi-1d,3,LARGE,0.07587674406076604,0.012375333333333334,0.0009390000000000001,c
halide,Naive,jacobi-1d,4,LARGE,0.404683235167361,0.0023203333333333335,0.0009390000000000001,c
halide,Naive,jacobi-1d,5,LARGE,0.13143283721364252,0.007144333333333333,0.0009390000000000001,c
halide,standard,jacobi-1d,2,LARGE,0.5770176157312578,0.0016273333333333333,0.0009390000000000001,c
noarr,AllHints,jacobi-1d,1,LARGE,0.031473102061337355,0.029835,0.0009390000000000001,c
noarr,AllHints,jacobi-1d,2,LARGE,1.3357041251778095,0.000703,0.0009390000000000001,c
noarr,AllHints,jacobi-1d,3,LARGE,1.3863188976377954,0.0006773333333333333,0.0009390000000000001,c
noarr,AllHints,jacobi-1d,4,LARGE,0.03451655986178673,0.02720433333333333,0.0009390000000000001,c
noarr,AllHints,jacobi-1d,5,LARGE,1.2215958369470947,0.0007686666666666666,0.0009390000000000001,c
noarr,ChooseHints,jacobi-1d,1,LARGE,0.03236814891416753,0.029009999999999998,0.0009390000000000001,c
noarr,ChooseHints,jacobi-1d,2,LARGE,0.5183072677092917,0.0018116666666666665,0.0009390000000000001,c
noarr,ChooseHints,jacobi-1d,3,LARGE,0.031236139448239157,0.030061333333333332,0.0009390000000000001,c
noarr,ChooseHints,jacobi-1d,4,LARGE,0.03157823937583374,0.029735666666666664,0.0009390000000000001,c
noarr,ChooseHints,jacobi-1d,5,LARGE,0.08850975586765954,0.010609,0.0009390000000000001,c
noarr,FromPlan,jacobi-1d,1,LARGE,0.790625877069885,0.0011876666666666667,0.0009390000000000001,c
noarr,FromPlan,jacobi-1d,2,LARGE,1.3319148936170215,0.0007049999999999999,0.0009390000000000001,c
noarr,FromPlan,jacobi-1d,3,LARGE,0.24830321727633317,0.003781666666666667,0.0009390000000000001,c
noarr,FromPlan,jacobi-1d,4,LARGE,0.7747524752475247,0.0012120000000000002,0.0009390000000000001,c
noarr,FromPlan,jacobi-1d,5,LARGE,0.47973433242506813,0.0019573333333333335,0.0009390000000000001,c
noarr,Naive,jacobi-1d,1,LARGE,0.03434109472144338,0.02734333333333333,0.0009390000000000001,c
noarr,Naive,jacobi-1d,3,LARGE,0.02565410219749197,0.03660233333333333,0.0009390000000000001,c
noarr,Naive,jacobi-1d,4,LARGE,0.5349411317888341,0.0017553333333333334,0.0009390000000000001,c
noarr,Naive,jacobi-1d,5,LARGE,0.5629496402877698,0.001668,0.0009390000000000001,c
noarr,standard,jacobi-1d,1,LARGE,1.4021901443504232,0.0006696666666666666,0.0009390000000000001,c
noarr,standard,jacobi-1d,2,LARGE,1.3688046647230323,0.000686,0.0009390000000000001,c
noarr,standard,jacobi-1d,3,LARGE,1.3870014771048746,0.000677,0.0009390000000000001,c
noarr,standard,jacobi-1d,4,LARGE,1.3734763529985374,0.0006836666666666666,0.0009390000000000001,c
noarr,standard,jacobi-1d,5,LARGE,1.3728070175438596,0.000684,0.0009390000000000001,c
c,AllHints,jacobi-2d,1,LARGE,9.799371887675445,0.166743,1.6339766666666666,c
c,AllHints,jacobi-2d,2,LARGE,7.338416304630964,0.22266066666666665,1.6339766666666666,c
c,AllHints,jacobi-2d,3,LARGE,10.890467261481588,0.15003733333333333,1.6339766666666666,c
c,AllHints,jacobi-2d,4,LARGE,13.93199316748473,0.11728233333333334,1.6339766666666666,c
c,AllHints,jacobi-2d,5,LARGE,9.304258533770652,0.175616,1.6339766666666666,c
c,ChooseHints,jacobi-2d,1,LARGE,9.963171105984694,0.16400166666666668,1.6339766666666666,c
c,ChooseHints,jacobi-2d,2,LARGE,9.902208737177649,0.16501133333333332,1.6339766666666666,c
c,ChooseHints,jacobi-2d,3,LARGE,12.53587941651834,0.13034400000000002,1.6339766666666666,c
c,ChooseHints,jacobi-2d,4,LARGE,12.923895046560434,0.12643066666666666,1.6339766666666666,c
c,ChooseHints,jacobi-2d,5,LARGE,9.862125437082282,0.165682,1.6339766666666666,c
c,FromPlan,jacobi-2d,1,LARGE,0.5090886922641612,3.209611,1.6339766666666666,c
c,FromPlan,jacobi-2d,2,LARGE,0.5215962221508118,3.1326466666666666,1.6339766666666666,c
c,FromPlan,jacobi-2d,3,LARGE,9.001336814928257,0.181526,1.6339766666666666,c
c,FromPlan,jacobi-2d,4,LARGE,0.5094276640838807,3.2074753333333335,1.6339766666666666,c
c,FromPlan,jacobi-2d,5,LARGE,6.664649930932466,0.24517066666666668,1.6339766666666666,c
c,Naive,jacobi-2d,1,LARGE,1.1201369776618373,1.4587293333333333,1.6339766666666666,c
c,Naive,jacobi-2d,2,LARGE,0.9896035634312238,1.6511426666666666,1.6339766666666666,c
c,Naive,jacobi-2d,3,LARGE,0.9886565071448696,1.6527243333333335,1.6339766666666666,c
c,Naive,jacobi-2d,4,LARGE,10.017615887814179,0.16311033333333333,1.6339766666666666,c
c,standard,jacobi-2d,1,LARGE,1.0,1.6339766666666666,1.6339766666666666,c
exo,AllHints,jacobi-2d,2,LARGE,8.851076968634384,0.18460766666666664,1.6339766666666666,c
exo,AllHints,jacobi-2d,3,LARGE,11.35528751155351,0.14389566666666667,1.6339766666666666,c
exo,ChooseHints,jacobi-2d,1,LARGE,8.847402685302669,0.18468433333333334,1.6339766666666666,c
exo,ChooseHints,jacobi-2d,2,LARGE,8.847562373317595,0.18468099999999998,1.6339766666666666,c
exo,ChooseHints,jacobi-2d,4,LARGE,11.376581360428334,0.14362633333333333,1.6339766666666666,c
exo,Naive,jacobi-2d,3,LARGE,7.474949716444971,0.21859366666666666,1.6339766666666666,c
exo,standard,jacobi-2d,1,LARGE,0.9956250368134669,1.6411566666666666,1.6339766666666666,c
exo,standard,jacobi-2d,2,LARGE,0.9916509565360583,1.6477336666666667,1.6339766666666666,c
exo,standard,jacobi-2d,3,LARGE,0.9949718899174335,1.6422340000000002,1.6339766666666666,c
exo,standard,jacobi-2d,4,LARGE,0.9857121972868196,1.657661,1.6339766666666666,c
exo,standard,jacobi-2d,5,LARGE,0.9926025552084838,1.6461540000000001,1.6339766666666666,c
halide,AllHints,jacobi-2d,2,LARGE,2.997993969677139,0.5450233333333333,1.6339766666666666,c
halide,AllHints,jacobi-2d,3,LARGE,3.8239536438461315,0.42730033333333334,1.6339766666666666,c
halide,AllHints,jacobi-2d,4,LARGE,3.23797615013538,0.504629,1.6339766666666666,c
halide,ChooseHints,jacobi-2d,1,LARGE,2.8378210178903376,0.5757856666666666,1.6339766666666666,c
halide,ChooseHints,jacobi-2d,2,LARGE,3.8591523127296377,0.423403,1.6339766666666666,c
halide,ChooseHints,jacobi-2d,3,LARGE,2.435175323204343,0.6709893333333333,1.6339766666666666,c
halide,ChooseHints,jacobi-2d,4,LARGE,3.5254751943821736,0.463477,1.6339766666666666,c
halide,FromPlan,jacobi-2d,1,LARGE,3.4267201304157564,0.476834,1.6339766666666666,c
halide,FromPlan,jacobi-2d,2,LARGE,3.892094853500474,0.4198193333333333,1.6339766666666666,c
halide,FromPlan,jacobi-2d,3,LARGE,2.7270790241123515,0.5991673333333333,1.6339766666666666,c
halide,FromPlan,jacobi-2d,4,LARGE,2.1222736274079406,0.769918,1.6339766666666666,c
halide,FromPlan,jacobi-2d,5,LARGE,0.5216728249487046,3.132186666666667,1.6339766666666666,c
halide,Naive,jacobi-2d,1,LARGE,3.0722952353673736,0.5318423333333334,1.6339766666666666,c
halide,Naive,jacobi-2d,3,LARGE,2.1842865475525794,0.7480596666666667,1.6339766666666666,c
halide,Naive,jacobi-2d,4,LARGE,2.489114412036071,0.656449,1.6339766666666666,c
halide,Naive,jacobi-2d,5,LARGE,2.485264130261742,0.657466,1.6339766666666666,c
halide,standard,jacobi-2d,3,LARGE,0.24167411658393737,6.761074333333333,1.6339766666666666,c
halide,standard,jacobi-2d,4,LARGE,0.5624181157668517,2.9052703333333336,1.6339766666666666,c
halide,standard,jacobi-2d,5,LARGE,0.2394427186661746,6.824081666666667,1.6339766666666666,c
noarr,AllHints,jacobi-2d,1,LARGE,8.828170586752153,0.18508666666666665,1.6339766666666666,c
noarr,AllHints,jacobi-2d,2,LARGE,8.889890370961453,0.18380166666666667,1.6339766666666666,c
noarr,AllHints,jacobi-2d,3,LARGE,8.956503149986114,0.18243466666666666,1.6339766666666666,c
noarr,AllHints,jacobi-2d,4,LARGE,8.904941750094919,0.183491,1.6339766666666666,c
noarr,AllHints,jacobi-2d,5,LARGE,8.923421676833541,0.183111,1.6339766666666666,c
noarr,ChooseHints,jacobi-2d,1,LARGE,0.9594066546820673,1.7031116666666666,1.6339766666666666,c
noarr,ChooseHints,jacobi-2d,2,LARGE,8.864473964982839,0.18432866666666667,1.6339766666666666,c
noarr,ChooseHints,jacobi-2d,3,LARGE,0.9547747404522137,1.711374,1.6339766666666666,c
noarr,ChooseHints,jacobi-2d,4,LARGE,8.854178520272601,0.18454299999999998,1.6339766666666666,c
noarr,ChooseHints,jacobi-2d,5,LARGE,8.895827321940269,0.183679,1.6339766666666666,c
noarr,FromPlan,jacobi-2d,1,LARGE,0.4783071626691053,3.416166,1.6339766666666666,c
noarr,FromPlan,jacobi-2d,2,LARGE,0.4827275698593678,3.384883666666667,1.6339766666666666,c
noarr,FromPlan,jacobi-2d,3,LARGE,0.4685338961682708,3.487424666666667,1.6339766666666666,c
noarr,FromPlan,jacobi-2d,4,LARGE,0.48845429808055246,3.3451986666666667,1.6339766666666666,c
noarr,FromPlan,jacobi-2d,5,LARGE,0.4622167750311119,3.5350873333333332,1.6339766666666666,c
noarr,Naive,jacobi-2d,1,LARGE,8.86885237003653,0.18423766666666666,1.6339766666666666,c
noarr,Naive,jacobi-2d,2,LARGE,0.5078142036480062,3.2176663333333333,1.6339766666666666,c
noarr,Naive,jacobi-2d,3,LARGE,8.825532114089006,0.185142,1.6339766666666666,c
noarr,Naive,jacobi-2d,5,LARGE,0.1558848235752609,10.481948333333333,1.6339766666666666,c
noarr,standard,jacobi-2d,1,LARGE,0.9666407551185167,1.690366,1.6339766666666666,c
noarr,standard,jacobi-2d,2,LARGE,0.9620314028647436,1.698465,1.6339766666666666,c
noarr,standard,jacobi-2d,3,LARGE,0.9669950525128028,1.6897466666666665,1.6339766666666666,c
noarr,standard,jacobi-2d,4,LARGE,0.9641140683991859,1.694796,1.6339766666666666,c
noarr,standard,jacobi-2d,5,LARGE,0.9571655467031992,1.707099333333333,1.6339766666666666,c
c,AllHints,lu,1,LARGE,1.5210069047404544,2.88594,4.389534666666667,c
c,AllHints,lu,2,LARGE,1.5966736198645801,2.7491746666666668,4.389534666666667,c
c,AllHints,lu,3,LARGE,1.822085295361312,2.409072,4.389534666666667,c
c,AllHints,lu,4,LARGE,1.511421798413034,2.904242,4.389534666666667,c
c,AllHints,lu,5,LARGE,1.5159014428376079,2.895659666666667,4.389534666666667,c
c,ChooseHints,lu,1,LARGE,1.2881768242889235,3.407556,4.389534666666667,c
c,ChooseHints,lu,2,LARGE,1.5158258869269698,2.895804,4.389534666666667,c
c,ChooseHints,lu,3,LARGE,1.5081110504265245,2.910617666666667,4.389534666666667,c
c,ChooseHints,lu,4,LARGE,1.5101481936965215,2.9066913333333333,4.389534666666667,c
c,ChooseHints,lu,5,LARGE,1.8571668926670801,2.363565,4.389534666666667,c
c,FromPlan,lu,1,LARGE,1.4994480375928814,2.927433666666667,4.389534666666667,c
c,FromPlan,lu,2,LARGE,1.5767831722038137,2.7838543333333337,4.389534666666667,c
c,FromPlan,lu,3,LARGE,1.4763891160761062,2.973155666666667,4.389534666666667,c
c,FromPlan,lu,4,LARGE,0.9959241435259921,4.4074990000000005,4.389534666666667,c
c,FromPlan,lu,5,LARGE,4.255877417736835,1.0314053333333335,4.389534666666667,c
c,Naive,lu,1,LARGE,1.5027480838501364,2.9210049999999996,4.389534666666667,c
c,Naive,lu,2,LARGE,1.5180303951816274,2.891598666666667,4.389534666666667,c
c,Naive,lu,3,LARGE,1.5097906602955995,2.907379666666667,4.389534666666667,c
c,Naive,lu,4,LARGE,1.5212203860520377,2.8855350000000004,4.389534666666667,c
c,Naive,lu,5,LARGE,1.5049735104582749,2.9166856666666665,4.389534666666667,c
c,standard,lu,1,LARGE,1.0,4.389534666666667,4.389534666666667,c
exo,AllHints,lu,1,LARGE,1.7603348760509994,2.4935793333333334,4.389534666666667,c
exo,AllHints,lu,2,LARGE,1.6704454194182152,2.627763,4.389534666666667,c
exo,AllHints,lu,3,LARGE,1.6748973428377194,2.6207783333333334,4.389534666666667,c
exo,AllHints,lu,4,LARGE,0.0943806450688579,46.50884366666667,4.389534666666667,c
exo,AllHints,lu,5,LARGE,1.2342741305083802,3.556369333333333,4.389534666666667,c
exo,ChooseHints,lu,1,LARGE,1.4892682156698034,2.9474439999999995,4.389534666666667,c
exo,ChooseHints,lu,2,LARGE,1.778540291652103,2.4680546666666667,4.389534666666667,c
exo,ChooseHints,lu,3,LARGE,0.9996254612845843,4.3911793333333335,4.389534666666667,c
exo,FromPlan,lu,3,LARGE,1.2897723432917187,3.403340666666667,4.389534666666667,c
exo,Naive,lu,1,LARGE,1.5814463349488532,2.775645666666667,4.389534666666667,c
exo,Naive,lu,2,LARGE,1.502140920317977,2.922185666666666,4.389534666666667,c
exo,Naive,lu,3,LARGE,1.4576446790993216,3.0113886666666665,4.389534666666667,c
exo,Naive,lu,4,LARGE,1.664654921662541,2.6369036666666665,4.389534666666667,c
exo,Naive,lu,5,LARGE,1.495943881048835,2.934291,4.389534666666667,c
exo,standard,lu,1,LARGE,0.9914306317234517,4.427475333333334,4.389534666666667,c
exo,standard,lu,2,LARGE,0.9937015132426085,4.417357333333333,4.389534666666667,c
exo,standard,lu,3,LARGE,0.9892266529968146,4.4373396666666665,4.389534666666667,c
exo,standard,lu,4,LARGE,0.9962007216071987,4.406275333333333,4.389534666666667,c
exo,standard,lu,5,LARGE,0.9937583548318303,4.417104666666667,4.389534666666667,c
halide,ChooseHints,lu,2,LARGE,0.681203796605849,6.443790666666666,4.389534666666667,c
halide,ChooseHints,lu,4,LARGE,0.6589756341323715,6.661148666666667,4.389534666666667,c
halide,ChooseHints,lu,5,LARGE,0.5558852900916514,7.896475666666667,4.389534666666667,c
halide,FromPlan,lu,5,LARGE,0.5549516649914509,7.909760333333334,4.389534666666667,c
halide,standard,lu,1,LARGE,0.5471827489104009,8.022063333333334,4.389534666666667,c
halide,standard,lu,5,LARGE,0.5667976651830805,7.7444473333333335,4.389534666666667,c
noarr,AllHints,lu,1,LARGE,0.9927522907907073,4.421581000000001,4.389534666666667,c
noarr,AllHints,lu,2,LARGE,0.9961729137061677,4.406398333333333,4.389534666666667,c
noarr,AllHints,lu,3,LARGE,1.5269786122641327,2.8746536666666667,4.389534666666667,c
noarr,AllHints,lu,4,LARGE,1.0091601142855129,4.349691,4.389534666666667,c
noarr,AllHints,lu,5,LARGE,1.5056189435860123,2.9154353333333334,4.389534666666667,c
noarr,ChooseHints,lu,1,LARGE,1.002964657399469,4.376559666666666,4.389534666666667,c
noarr,ChooseHints,lu,2,LARGE,0.9941046440403488,4.415566,4.389534666666667,c
noarr,ChooseHints,lu,3,LARGE,0.9956069949070477,4.408903,4.389534666666667,c
noarr,ChooseHints,lu,5,LARGE,0.9999431255278828,4.389784333333334,4.389534666666667,c
noarr,FromPlan,lu,1,LARGE,1.5861851155014537,2.7673533333333338,4.389534666666667,c
noarr,FromPlan,lu,2,LARGE,1.5044485902724862,2.9177033333333333,4.389534666666667,c
noarr,FromPlan,lu,3,LARGE,1.5132859794302296,2.9006643333333333,4.389534666666667,c
noarr,FromPlan,lu,4,LARGE,1.5063867502615007,2.9139493333333335,4.389534666666667,c
noarr,FromPlan,lu,5,LARGE,1.5071470607287856,2.9124793333333336,4.389534666666667,c
noarr,Naive,lu,1,LARGE,1.0037522361008455,4.373125666666667,4.389534666666667,c
noarr,Naive,lu,2,LARGE,1.0017596933757873,4.381824000000001,4.389534666666667,c
noarr,Naive,lu,3,LARGE,1.511725784051244,2.903658,4.389534666666667,c
noarr,Naive,lu,4,LARGE,1.004558907644169,4.369613999999999,4.389534666666667,c
noarr,standard,lu,2,LARGE,1.0005909963401993,4.386942,4.389534666666667,c
noarr,standard,lu,5,LARGE,1.0030120208919773,4.376353,4.389534666666667,c
c,AllHints,ludcmp,1,LARGE,1.5435273103653069,2.8108253333333333,4.338585666666667,c
c,AllHints,ludcmp,2,LARGE,1.6680691815645694,2.6009626666666668,4.338585666666667,c
c,AllHints,ludcmp,3,LARGE,1.063798275365761,4.078391333333333,4.338585666666667,c
c,AllHints,ludcmp,5,LARGE,0.988234130217007,4.390240666666667,4.338585666666667,c
c,ChooseHints,ludcmp,1,LARGE,1.837161577538107,2.36157,4.338585666666667,c
c,ChooseHints,ludcmp,2,LARGE,1.8221011727405438,2.3810893333333336,4.338585666666667,c
c,ChooseHints,ludcmp,3,LARGE,1.6681273306285993,2.6008720000000003,4.338585666666667,c
c,ChooseHints,ludcmp,4,LARGE,1.8308478013239853,2.369714,4.338585666666667,c
c,ChooseHints,ludcmp,5,LARGE,1.852351745051527,2.342204,4.338585666666667,c
c,FromPlan,ludcmp,1,LARGE,1.5094661740940107,2.8742516666666664,4.338585666666667,c
c,FromPlan,ludcmp,3,LARGE,1.665304518694211,2.605280666666667,4.338585666666667,c
c,FromPlan,ludcmp,4,LARGE,1.502862142154292,2.886882,4.338585666666667,c
c,FromPlan,ludcmp,5,LARGE,1.5020092171727082,2.8885213333333333,4.338585666666667,c
c,Naive,ludcmp,2,LARGE,1.5054673102420533,2.8818863333333335,4.338585666666667,c
c,Naive,ludcmp,3,LARGE,0.9879943840549182,4.391306,4.338585666666667,c
c,Naive,ludcmp,4,LARGE,1.0719445879294283,4.0473973333333335,4.338585666666667,c
c,standard,ludcmp,1,LARGE,1.0,4.338585666666667,4.338585666666667,c
exo,AllHints,ludcmp,2,LARGE,0.9811159543015757,4.422092666666667,4.338585666666667,c
exo,AllHints,ludcmp,5,LARGE,1.7390050236485584,2.494866666666667,4.338585666666667,c
exo,ChooseHints,ludcmp,1,LARGE,0.9820185248547901,4.418028333333333,4.338585666666667,c
exo,ChooseHints,ludcmp,3,LARGE,1.7575467829312232,2.4685463333333333,4.338585666666667,c
exo,ChooseHints,ludcmp,4,LARGE,1.4715204155788715,2.9483693333333334,4.338585666666667,c
exo,FromPlan,ludcmp,3,LARGE,0.11579599489263939,37.46749333333333,4.338585666666667,c
exo,Naive,ludcmp,1,LARGE,1.44970964054861,2.9927273333333333,4.338585666666667,c
exo,Naive,ludcmp,2,LARGE,0.9885376554359423,4.388892666666666,4.338585666666667,c
exo,Naive,ludcmp,3,LARGE,1.304895484602377,3.3248529999999996,4.338585666666667,c
exo,Naive,ludcmp,5,LARGE,0.9888307746656766,4.387591666666666,4.338585666666667,c
exo,standard,ludcmp,1,LARGE,0.9858520470218396,4.400848666666667,4.338585666666667,c
exo,standard,ludcmp,2,LARGE,0.9938680039847093,4.365354,4.338585666666667,c
exo,standard,ludcmp,3,LARGE,0.9951893441185247,4.359558,4.338585666666667,c
exo,standard,ludcmp,4,LARGE,0.9805327173399706,4.424723,4.338585666666667,c
exo,standard,ludcmp,5,LARGE,0.985076896238421,4.404311666666667,4.338585666666667,c
halide,AllHints,ludcmp,2,LARGE,0.5497329209414732,7.89217,4.338585666666667,c
halide,AllHints,ludcmp,4,LARGE,0.672129820146662,6.454981666666666,4.338585666666667,c
halide,ChooseHints,ludcmp,1,LARGE,0.545348277953989,7.955623666666667,4.338585666666667,c
halide,Naive,ludcmp,3,LARGE,0.6762836418554024,6.415334333333334,4.338585666666667,c
halide,standard,ludcmp,1,LARGE,0.9940242873015991,4.364667666666667,4.338585666666667,c
halide,standard,ludcmp,3,LARGE,0.5577434195246409,7.77882,4.338585666666667,c
halide,standard,ludcmp,4,LARGE,0.5386438667405951,8.054646,4.338585666666667,c
noarr,AllHints,ludcmp,1,LARGE,0.9768514310772892,4.441397666666667,4.338585666666667,c
noarr,AllHints,ludcmp,2,LARGE,1.11662899746446,3.885431666666667,4.338585666666667,c
noarr,AllHints,ludcmp,3,LARGE,0.984015646564254,4.409061666666666,4.338585666666667,c
noarr,AllHints,ludcmp,4,LARGE,0.9965991262137186,4.353391,4.338585666666667,c
noarr,AllHints,ludcmp,5,LARGE,0.9876960640988468,4.392632333333333,4.338585666666667,c
noarr,ChooseHints,ludcmp,1,LARGE,0.9839249693311453,4.409468,4.338585666666667,c
noarr,ChooseHints,ludcmp,2,LARGE,0.9823418936638822,4.416574,4.338585666666667,c
noarr,ChooseHints,ludcmp,3,LARGE,0.9842147636634374,4.408169666666667,4.338585666666667,c
noarr,ChooseHints,ludcmp,4,LARGE,0.9843063131315615,4.407759666666666,4.338585666666667,c
noarr,ChooseHints,ludcmp,5,LARGE,0.9848705740436207,4.4052343333333335,4.338585666666667,c
noarr,FromPlan,ludcmp,1,LARGE,0.9882941599805983,4.389974,4.338585666666667,c
noarr,FromPlan,ludcmp,2,LARGE,0.9798288203479375,4.427901666666667,4.338585666666667,c
noarr,FromPlan,ludcmp,3,LARGE,0.9945369742603739,4.3624176666666665,4.338585666666667,c
noarr,FromPlan,ludcmp,5,LARGE,0.9958831064206203,4.356521,4.338585666666667,c
noarr,Naive,ludcmp,1,LARGE,0.9965963028159578,4.3534033333333335,4.338585666666667,c
noarr,Naive,ludcmp,2,LARGE,0.9878707307245297,4.391855666666667,4.338585666666667,c
noarr,Naive,ludcmp,3,LARGE,0.9774137806351463,4.438842333333333,4.338585666666667,c
noarr,Naive,ludcmp,4,LARGE,0.9946398791554177,4.361966333333333,4.338585666666667,c
noarr,Naive,ludcmp,5,LARGE,0.9878424650256558,4.391981333333334,4.338585666666667,c
noarr,standard,ludcmp,1,LARGE,0.9857470702710825,4.401317333333333,4.338585666666667,c
c,AllHints,mvt,1,LARGE,2.8586635127143705,0.005073,0.014502000000000001,c
c,AllHints,mvt,2,LARGE,6.481823599523242,0.0022373333333333334,0.014502000000000001,c
c,AllHints,mvt,4,LARGE,6.388546255506609,0.00227,0.014502000000000001,c
c,AllHints,mvt,5,LARGE,2.1638316920322294,0.006702,0.014502000000000001,c
c,ChooseHints,mvt,1,LARGE,4.682596060703907,0.0030970000000000004,0.014502000000000001,c
c,ChooseHints,mvt,2,LARGE,10.231890874882406,0.0014173333333333336,0.014502000000000001,c
c,ChooseHints,mvt,3,LARGE,0.9873366013071896,0.014688,0.014502000000000001,c
c,ChooseHints,mvt,5,LARGE,6.578859821563587,0.0022043333333333333,0.014502000000000001,c
c,FromPlan,mvt,1,LARGE,1.9348899266177455,0.007494999999999999,0.014502000000000001,c
c,FromPlan,mvt,2,LARGE,1.3952280161631712,0.010394,0.014502000000000001,c
c,FromPlan,mvt,3,LARGE,2.357026763462997,0.0061526666666666665,0.014502000000000001,c
c,FromPlan,mvt,4,LARGE,2.388864484954975,0.006070666666666666,0.014502000000000001,c
c,FromPlan,mvt,5,LARGE,2.3715453802125923,0.006115,0.014502000000000001,c
c,Naive,mvt,1,LARGE,2.3676734693877557,0.006124999999999999,0.014502000000000001,c
c,Naive,mvt,2,LARGE,2.388733322352166,0.006071,0.014502000000000001,c
c,Naive,mvt,3,LARGE,2.370124210067553,0.006118666666666667,0.014502000000000001,c
c,Naive,mvt,4,LARGE,1.7280057195058984,0.008392333333333333,0.014502000000000001,c
c,Naive,mvt,5,LARGE,2.3782867763625433,0.006097666666666667,0.014502000000000001,c
c,standard,mvt,1,LARGE,1.0,0.014502000000000001,0.014502000000000001,c
exo,AllHints,mvt,1,LARGE,5.449148296593187,0.0026613333333333333,0.014502000000000001,c
exo,AllHints,mvt,2,LARGE,5.876806699986492,0.0024676666666666666,0.014502000000000001,c
exo,AllHints,mvt,3,LARGE,5.706453305351522,0.0025413333333333334,0.014502000000000001,c
exo,AllHints,mvt,4,LARGE,6.156219046271402,0.002355666666666667,0.014502000000000001,c
exo,AllHints,mvt,5,LARGE,2.9549684167628882,0.004907666666666667,0.014502000000000001,c
exo,ChooseHints,mvt,1,LARGE,2.3535839870165,0.006161666666666667,0.014502000000000001,c
exo,ChooseHints,mvt,2,LARGE,2.4198231269814787,0.005992999999999999,0.014502000000000001,c
exo,ChooseHints,mvt,3,LARGE,6.576870748299321,0.002205,0.014502000000000001,c
exo,ChooseHints,mvt,4,LARGE,2.3689627007895453,0.006121666666666667,0.014502000000000001,c
exo,ChooseHints,mvt,5,LARGE,6.389484505801145,0.002269666666666667,0.014502000000000001,c
exo,FromPlan,mvt,2,LARGE,1.9396344181899245,0.007476666666666666,0.014502000000000001,c
exo,FromPlan,mvt,3,LARGE,0.2770412256905972,0.052346000000000004,0.014502000000000001,c
exo,FromPlan,mvt,4,LARGE,0.27675924630084353,0.05239933333333333,0.014502000000000001,c
exo,Naive,mvt,2,LARGE,6.444378610576211,0.0022503333333333334,0.014502000000000001,c
exo,Naive,mvt,3,LARGE,2.2178833605220225,0.0065386666666666675,0.014502000000000001,c
exo,Naive,mvt,4,LARGE,2.9306837318962615,0.004948333333333333,0.014502000000000001,c
exo,standard,mvt,1,LARGE,0.9650414799698329,0.015027333333333332,0.014502000000000001,c
exo,standard,mvt,2,LARGE,0.9688669160876537,0.014968,0.014502000000000001,c
exo,standard,mvt,3,LARGE,0.9696442899170903,0.014955999999999999,0.014502000000000001,c
exo,standard,mvt,4,LARGE,0.9673374096720401,0.014991666666666667,0.014502000000000001,c
exo,standard,mvt,5,LARGE,0.9655126498002664,0.01502,0.014502000000000001,c
halide,AllHints,mvt,3,LARGE,3.3909586905689793,0.0042766666666666665,0.014502000000000001,c
halide,AllHints,mvt,5,LARGE,0.6178337617336723,0.023472333333333335,0.014502000000000001,c
halide,ChooseHints,mvt,2,LARGE,0.6191702839251406,0.023421666666666664,0.014502000000000001,c
halide,FromPlan,mvt,5,LARGE,0.8822956803893734,0.016436666666666665,0.014502000000000001,c
halide,Naive,mvt,2,LARGE,1.4913615795968738,0.009724,0.014502000000000001,c
halide,Naive,mvt,3,LARGE,3.308692676249144,0.004383000000000001,0.014502000000000001,c
halide,standard,mvt,1,LARGE,0.8518395238188476,0.017024333333333332,0.014502000000000001,c
halide,standard,mvt,2,LARGE,1.2491673366257037,0.011609333333333333,0.014502000000000001,c
halide,standard,mvt,3,LARGE,0.8532261227691704,0.016996666666666667,0.014502000000000001,c
halide,standard,mvt,4,LARGE,0.8513061344291167,0.017034999999999998,0.014502000000000001,c
halide,standard,mvt,5,LARGE,0.8516060837395033,0.017029,0.014502000000000001,c
noarr,AllHints,mvt,1,LARGE,3.013089549137752,0.0048130000000000004,0.014502000000000001,c
noarr,AllHints,mvt,2,LARGE,2.115021876519203,0.006856666666666666,0.014502000000000001,c
noarr,AllHints,mvt,3,LARGE,2.006641760066418,0.007227,0.014502000000000001,c
noarr,AllHints,mvt,4,LARGE,2.9731428961935356,0.0048776666666666664,0.014502000000000001,c
noarr,AllHints,mvt,5,LARGE,2.1172863539030566,0.006849333333333333,0.014502000000000001,c
noarr,ChooseHints,mvt,1,LARGE,2.105298814420518,0.006888333333333333,0.014502000000000001,c
noarr,ChooseHints,mvt,2,LARGE,2.11399416909621,0.006860000000000001,0.014502000000000001,c
noarr,ChooseHints,mvt,3,LARGE,2.138202191969332,0.006782333333333334,0.014502000000000001,c
noarr,ChooseHints,mvt,4,LARGE,2.1039752393848534,0.006892666666666668,0.014502000000000001,c
noarr,ChooseHints,mvt,5,LARGE,2.100622857418763,0.0069036666666666665,0.014502000000000001,c
noarr,FromPlan,mvt,1,LARGE,1.7711284807034684,0.008188,0.014502000000000001,c
noarr,FromPlan,mvt,2,LARGE,1.7456164988163545,0.008307666666666666,0.014502000000000001,c
noarr,FromPlan,mvt,3,LARGE,1.7321336146832822,0.008372333333333334,0.014502000000000001,c
noarr,FromPlan,mvt,4,LARGE,1.7522252205082767,0.008276333333333333,0.014502000000000001,c
noarr,FromPlan,mvt,5,LARGE,1.7649492900608523,0.008216666666666666,0.014502000000000001,c
noarr,Naive,mvt,1,LARGE,1.0164240824241293,0.014267666666666666,0.014502000000000001,c
noarr,Naive,mvt,2,LARGE,1.1044935262757045,0.013130000000000001,0.014502000000000001,c
noarr,Naive,mvt,3,LARGE,2.1295154185022027,0.00681,0.014502000000000001,c
noarr,Naive,mvt,4,LARGE,1.7708401172256596,0.008189333333333333,0.014502000000000001,c
noarr,Naive,mvt,5,LARGE,2.103161558542009,0.006895333333333333,0.014502000000000001,c
noarr,standard,mvt,1,LARGE,1.061251372118551,0.013665000000000002,0.014502000000000001,c
noarr,standard,mvt,2,LARGE,1.0604494710671284,0.013675333333333333,0.014502000000000001,c
noarr,standard,mvt,3,LARGE,1.0579995622674545,0.013707000000000002,0.014502000000000001,c
noarr,standard,mvt,4,LARGE,1.063040609881249,0.013642000000000001,0.014502000000000001,c
noarr,standard,mvt,5,LARGE,1.0601135505251102,0.013679666666666666,0.014502000000000001,c
c,AllHints,nussinov,1,LARGE,42.13837396588331,0.18211999999999998,7.674240666666667,c
c,AllHints,nussinov,3,LARGE,58.48050456967807,0.13122733333333333,7.674240666666667,c
c,AllHints,nussinov,5,LARGE,80.90127135618354,0.09485933333333334,7.674240666666667,c
c,ChooseHints,nussinov,1,LARGE,82.85429157519704,0.09262333333333334,7.674240666666667,c
c,ChooseHints,nussinov,2,LARGE,57.310370407248826,0.13390666666666667,7.674240666666667,c
c,ChooseHints,nussinov,4,LARGE,57.074383771174155,0.13446033333333332,7.674240666666667,c
c,ChooseHints,nussinov,5,LARGE,73.69865232561862,0.10413,7.674240666666667,c
c,FromPlan,nussinov,1,LARGE,1.9059425095960558,4.026480666666667,7.674240666666667,c
c,FromPlan,nussinov,3,LARGE,40.717552283680426,0.18847499999999998,7.674240666666667,c
c,FromPlan,nussinov,4,LARGE,12.141351443711292,0.6320746666666667,7.674240666666667,c
c,FromPlan,nussinov,5,LARGE,1.8563986576163822,4.13394,7.674240666666667,c
c,Naive,nussinov,1,LARGE,1.896224381656437,4.047116333333333,7.674240666666667,c
c,Naive,nussinov,2,LARGE,1.866181732938007,4.112268666666666,7.674240666666667,c
c,Naive,nussinov,3,LARGE,1.9251349839205014,3.9863389999999996,7.674240666666667,c
c,Naive,nussinov,5,LARGE,1.9382999751384749,3.9592636666666667,7.674240666666667,c
c,standard,nussinov,1,LARGE,1.0,7.674240666666667,7.674240666666667,c
exo,AllHints,nussinov,2,LARGE,21.901600949020587,0.3503963333333333,7.674240666666667,c
exo,AllHints,nussinov,3,LARGE,39.126740696176505,0.196138,7.674240666666667,c
exo,AllHints,nussinov,5,LARGE,43.52606812480031,0.17631366666666667,7.674240666666667,c
exo,ChooseHints,nussinov,1,LARGE,1.019811008218253,7.525159666666667,7.674240666666667,c
exo,ChooseHints,nussinov,2,LARGE,43.47839273607657,0.176507,7.674240666666667,c
exo,ChooseHints,nussinov,3,LARGE,21.684342685131032,0.35390699999999997,7.674240666666667,c
exo,ChooseHints,nussinov,4,LARGE,43.496382027651514,0.176434,7.674240666666667,c
exo,ChooseHints,nussinov,5,LARGE,42.718683781807925,0.179646,7.674240666666667,c
exo,FromPlan,nussinov,1,LARGE,43.540638167500056,0.17625466666666667,7.674240666666667,c
exo,FromPlan,nussinov,4,LARGE,1.0118405185073944,7.584437,7.674240666666667,c
exo,Naive,nussinov,1,LARGE,1.004093399302582,7.642955000000001,7.674240666666667,c
exo,Naive,nussinov,2,LARGE,1.0010064969467043,7.666524333333332,7.674240666666667,c
exo,standard,nussinov,1,LARGE,0.9926030070331965,7.7314300000000005,7.674240666666667,c
exo,standard,nussinov,2,LARGE,0.9930205208315991,7.728179333333333,7.674240666666667,c
exo,standard,nussinov,3,LARGE,0.9941371411106689,7.719499,7.674240666666667,c
exo,standard,nussinov,5,LARGE,1.008220227420059,7.611671,7.674240666666667,c
halide,AllHints,nussinov,4,LARGE,1.6238728484377152,4.725887666666666,7.674240666666667,c
halide,ChooseHints,nussinov,1,LARGE,1.1298559412599338,6.792229333333334,7.674240666666667,c
halide,ChooseHints,nussinov,3,LARGE,1.1231105606254332,6.833023333333333,7.674240666666667,c
halide,standard,nussinov,3,LARGE,0.3475678921228507,22.079832,7.674240666666667,c
halide,standard,nussinov,4,LARGE,0.9596536685093702,7.996885666666667,7.674240666666667,c
c,AllHints,seidel-2d,1,LARGE,1.3568712848852256,20.024224333333333,27.170295,c
c,AllHints,seidel-2d,2,LARGE,0.9743888071806619,27.884449,27.170295,c
c,AllHints,seidel-2d,3,LARGE,0.9743072668069706,27.886782666666665,27.170295,c
c,AllHints,seidel-2d,4,LARGE,0.9097383198669491,29.866055333333332,27.170295,c
c,AllHints,seidel-2d,5,LARGE,1.3096025568896918,20.746977666666666,27.170295,c
c,ChooseHints,seidel-2d,1,LARGE,1.356732275136925,20.026276,27.170295,c
c,ChooseHints,seidel-2d,2,LARGE,0.9743980906738648,27.88418333333333,27.170295,c
c,ChooseHints,seidel-2d,3,LARGE,1.8726334739420514,14.509136666666668,27.170295,c
c,ChooseHints,seidel-2d,4,LARGE,1.0001725220583746,27.165608333333335,27.170295,c
c,ChooseHints,seidel-2d,5,LARGE,1.2259193535806907,22.163199333333335,27.170295,c
c,FromPlan,seidel-2d,1,LARGE,1.8970090280451273,14.322702,27.170295,c
c,FromPlan,seidel-2d,2,LARGE,1.8946842445710248,14.340276000000001,27.170295,c
c,FromPlan,seidel-2d,3,LARGE,1.8966016181179772,14.325778666666666,27.170295,c
c,FromPlan,seidel-2d,4,LARGE,1.8968217213352705,14.324116333333334,27.170295,c
c,FromPlan,seidel-2d,5,LARGE,1.8967574549193398,14.324601666666666,27.170295,c
c,Naive,seidel-2d,2,LARGE,0.9097767120115842,29.864795,27.170295,c
c,Naive,seidel-2d,3,LARGE,1.2674852875105447,21.436379,27.170295,c
c,Naive,seidel-2d,4,LARGE,1.1961372099321719,22.715031999999997,27.170295,c
c,Naive,seidel-2d,5,LARGE,0.9976853852452783,27.233329666666666,27.170295,c
c,standard,seidel-2d,1,LARGE,1.0,27.170295,27.170295,c
exo,AllHints,seidel-2d,1,LARGE,1.0001249927945401,27.166899333333333,27.170295,c
exo,ChooseHints,seidel-2d,1,LARGE,0.88381927613309,30.741912666666664,27.170295,c
exo,FromPlan,seidel-2d,2,LARGE,1.1453217206943478,23.722849666666665,27.170295,c
exo,FromPlan,seidel-2d,3,LARGE,1.1474333991191759,23.679191333333335,27.170295,c
exo,Naive,seidel-2d,3,LARGE,0.8815578128713506,30.820774999999998,27.170295,c
exo,standard,seidel-2d,1,LARGE,1.0001536472579209,27.166121,27.170295,c
exo,standard,seidel-2d,2,LARGE,1.0000919470945695,27.167796999999997,27.170295,c
exo,standard,seidel-2d,3,LARGE,1.0001301590668215,27.166759,27.170295,c
exo,standard,seidel-2d,4,LARGE,1.0001650849583221,27.165810333333337,27.170295,c
exo,standard,seidel-2d,5,LARGE,1.0000519098722909,27.168884666666667,27.170295,c
halide,AllHints,seidel-2d,1,LARGE,31.34720566404898,0.8667533333333334,27.170295,c
halide,AllHints,seidel-2d,2,LARGE,28.760399994919087,0.944712,27.170295,c
halide,ChooseHints,seidel-2d,1,LARGE,26.64445774491812,1.0197353333333334,27.170295,c
halide,Naive,seidel-2d,1,LARGE,27.03707432245515,1.0049273333333335,27.170295,c
halide,Naive,seidel-2d,2,LARGE,32.53163927988161,0.8351959999999999,27.170295,c
halide,Naive,seidel-2d,5,LARGE,29.143452447991248,0.932295,27.170295,c
halide,standard,seidel-2d,1,LARGE,4.02847414808779,6.7445623333333335,27.170295,c
halide,standard,seidel-2d,3,LARGE,7.511679331909223,3.6170733333333334,27.170295,c
noarr,AllHints,seidel-2d,1,LARGE,1.0001974727415712,27.164930666666663,27.170295,c
noarr,AllHints,seidel-2d,2,LARGE,1.3478352671166856,20.158468666666664,27.170295,c
noarr,AllHints,seidel-2d,3,LARGE,1.2657672771669322,21.465474333333333,27.170295,c
noarr,AllHints,seidel-2d,4,LARGE,1.3568655477699632,20.024309,27.170295,c
noarr,AllHints,seidel-2d,5,LARGE,1.3568662479664706,20.024298666666667,27.170295,c
noarr,ChooseHints,seidel-2d,1,LARGE,1.3569534393726579,20.023011999999998,27.170295,c
noarr,ChooseHints,seidel-2d,2,LARGE,1.3569698850182363,20.022769333333333,27.170295,c
noarr,ChooseHints,seidel-2d,3,LARGE,1.000085713690826,27.16796633333333,27.170295,c
noarr,ChooseHints,seidel-2d,4,LARGE,1.000095333779574,27.167705,27.170295,c
noarr,ChooseHints,seidel-2d,5,LARGE,1.3569846819218987,20.022551000000004,27.170295,c
noarr,FromPlan,seidel-2d,1,LARGE,1.14561188819371,23.716841,27.170295,c
noarr,FromPlan,seidel-2d,2,LARGE,1.356773489516446,20.025667666666667,27.170295,c
noarr,FromPlan,seidel-2d,3,LARGE,1.1487529577143145,23.65199133333333,27.170295,c
noarr,FromPlan,seidel-2d,4,LARGE,1.1490136055773879,23.646625999999998,27.170295,c
noarr,Naive,seidel-2d,1,LARGE,1.0002342076164008,27.163933,27.170295,c
noarr,Naive,seidel-2d,2,LARGE,1.3478541447487034,20.158186333333333,27.170295,c
noarr,Naive,seidel-2d,3,LARGE,1.3568380373952886,20.024715,27.170295,c
noarr,Naive,seidel-2d,4,LARGE,0.9960132896130077,27.279048666666668,27.170295,c
noarr,Naive,seidel-2d,5,LARGE,1.356946278412554,20.023117666666668,27.170295,c
noarr,standard,seidel-2d,1,LARGE,1.0002226578711182,27.164246666666667,27.170295,c
noarr,standard,seidel-2d,2,LARGE,1.0001694171170161,27.16569266666667,27.170295,c
noarr,standard,seidel-2d,3,LARGE,1.0001569975443596,27.166030000000003,27.170295,c
noarr,standard,seidel-2d,4,LARGE,1.0000729526341956,27.168312999999998,27.170295,c
noarr,standard,seidel-2d,5,LARGE,1.000114414987885,27.167186666666666,27.170295,c
c,AllHints,symm,1,LARGE,68.04737747205503,0.02326,1.582782,c
c,AllHints,symm,2,LARGE,3.354792170649544,0.47179733333333335,1.582782,c
c,AllHints,symm,3,LARGE,6.700523387327789,0.23621766666666666,1.582782,c
c,AllHints,symm,4,LARGE,0.3336114865840413,4.744387000000001,1.582782,c
c,AllHints,symm,5,LARGE,23.378429210075424,0.06770266666666667,1.582782,c
c,ChooseHints,symm,1,LARGE,3.3577836848212788,0.471377,1.582782,c
c,ChooseHints,symm,2,LARGE,18.73595201925543,0.08447833333333334,1.582782,c
c,ChooseHints,symm,3,LARGE,23.38752591994247,0.06767633333333334,1.582782,c
c,ChooseHints,symm,4,LARGE,29.37115181205812,0.053889,1.582782,c
c,ChooseHints,symm,5,LARGE,6.430918709251018,0.24612066666666665,1.582782,c
c,FromPlan,symm,1,LARGE,3.5340026212827014,0.4478723333333334,1.582782,c
c,FromPlan,symm,2,LARGE,3.7430018926479964,0.42286433333333334,1.582782,c
c,FromPlan,symm,3,LARGE,5.423879321767498,0.2918173333333333,1.582782,c
c,FromPlan,symm,4,LARGE,3.7937085592707787,0.41721233333333335,1.582782,c
c,FromPlan,symm,5,LARGE,3.4157592568747215,0.46337633333333333,1.582782,c
c,Naive,symm,1,LARGE,3.2849773050067346,0.48182433333333335,1.582782,c
c,Naive,symm,2,LARGE,3.328741108289069,0.47548966666666664,1.582782,c
c,Naive,symm,3,LARGE,3.416442481963894,0.46328366666666665,1.582782,c
c,Naive,symm,4,LARGE,1.0013642277098287,1.580625666666667,1.582782,c
c,Naive,symm,5,LARGE,1.315243133285802,1.203414,1.582782,c
c,standard,symm,1,LARGE,1.0,1.582782,1.582782,c
exo,AllHints,symm,2,LARGE,38.12921876129219,0.041511,1.582782,c
exo,AllHints,symm,5,LARGE,22.268240524494217,0.071078,1.582782,c
exo,ChooseHints,symm,2,LARGE,1.5451086459580359,1.0243823333333333,1.582782,c
exo,ChooseHints,symm,3,LARGE,13.656641596801794,0.11589833333333333,1.582782,c
exo,ChooseHints,symm,4,LARGE,6.011736465083066,0.263282,1.582782,c
exo,FromPlan,symm,1,LARGE,1.47883516892156,1.0702896666666666,1.582782,c
exo,FromPlan,symm,4,LARGE,1.1114667483118545,1.424048,1.582782,c
exo,Naive,symm,1,LARGE,1.0054780585438654,1.5741586666666667,1.582782,c
exo,Naive,symm,2,LARGE,13.841233843839817,0.11435266666666667,1.582782,c
exo,Naive,symm,4,LARGE,10.896274929608492,0.145259,1.582782,c
exo,Naive,symm,5,LARGE,16.03520869917601,0.09870666666666666,1.582782,c
exo,standard,symm,1,LARGE,0.9906948650568701,1.5976483333333331,1.582782,c
exo,standard,symm,2,LARGE,0.99843600970944,1.5852613333333334,1.582782,c
exo,standard,symm,3,LARGE,0.9864655487261434,1.6044980000000002,1.582782,c
exo,standard,symm,4,LARGE,0.993370135001047,1.5933456666666668,1.582782,c
exo,standard,symm,5,LARGE,0.9862860561194922,1.6047900000000002,1.582782,c
halide,ChooseHints,symm,3,LARGE,44.99778249497744,0.03517466666666667,1.582782,c
halide,ChooseHints,symm,4,LARGE,59.00105617614533,0.02682633333333333,1.582782,c
halide,FromPlan,symm,2,LARGE,110.76151154653604,0.014289999999999999,1.582782,c
halide,FromPlan,symm,3,LARGE,94.64324011879371,0.016723666666666668,1.582782,c
halide,Naive,symm,3,LARGE,58.3084177564929,0.027145000000000002,1.582782,c
halide,standard,symm,1,LARGE,0.6860739591052848,2.3070136666666667,1.582782,c
halide,standard,symm,2,LARGE,1.9172059929721026,0.825567,1.582782,c
halide,standard,symm,3,LARGE,0.7088666364907746,2.2328346666666667,1.582782,c
halide,standard,symm,4,LARGE,0.6831887106544062,2.3167566666666666,1.582782,c
halide,standard,symm,5,LARGE,1.914034355783707,0.8269350000000001,1.582782,c
noarr,AllHints,symm,1,LARGE,77.15743975561008,0.020513666666666666,1.582782,c
noarr,AllHints,symm,2,LARGE,1.0164155852162122,1.5572193333333333,1.582782,c
noarr,AllHints,symm,3,LARGE,29.46775725004189,0.053712333333333334,1.582782,c
noarr,AllHints,symm,4,LARGE,77.03351719662555,0.020546666666666668,1.582782,c
noarr,AllHints,symm,5,LARGE,2.9202386450784834,0.5420043333333333,1.582782,c
noarr,ChooseHints,symm,1,LARGE,3.0747004522355352,0.514776,1.582782,c
noarr,ChooseHints,symm,2,LARGE,1.5402300640212838,1.027627,1.582782,c
noarr,ChooseHints,symm,3,LARGE,1.546787229967177,1.0232706666666667,1.582782,c
noarr,ChooseHints,symm,5,LARGE,1.532892976162152,1.0325456666666666,1.582782,c
noarr,FromPlan,symm,1,LARGE,1.178144384124495,1.3434533333333334,1.582782,c
noarr,FromPlan,symm,2,LARGE,2.935626186251538,0.5391633333333333,1.582782,c
noarr,FromPlan,symm,3,LARGE,2.9207775296131597,0.5419043333333334,1.582782,c
noarr,FromPlan,symm,4,LARGE,2.968738609358598,0.5331496666666666,1.582782,c
noarr,FromPlan,symm,5,LARGE,1.4790042180319465,1.0701673333333332,1.582782,c
noarr,Naive,symm,2,LARGE,2.8761295011962806,0.5503166666666667,1.582782,c
noarr,Naive,symm,3,LARGE,1.0249364318061136,1.5442733333333336,1.582782,c
noarr,Naive,symm,4,LARGE,2.9733004799639318,0.5323316666666668,1.582782,c
noarr,Naive,symm,5,LARGE,1.0215343455137622,1.5494163333333333,1.582782,c
noarr,standard,symm,1,LARGE,1.022736128105812,1.5475956666666668,1.582782,c
noarr,standard,symm,2,LARGE,1.028230537261113,1.539326,1.582782,c
noarr,standard,symm,3,LARGE,1.0102969158614632,1.5666503333333335,1.582782,c
noarr,standard,symm,4,LARGE,1.0254291350094609,1.5435313333333334,1.582782,c
noarr,standard,symm,5,LARGE,1.024029070989934,1.5456416666666666,1.582782,c
c,AllHints,syr2k,1,LARGE,26.92730012625748,0.049106000000000004,1.322292,c
c,AllHints,syr2k,2,LARGE,37.43112721508238,0.035325999999999996,1.322292,c
c,AllHints,syr2k,3,LARGE,30.38331507877544,0.043520333333333334,1.322292,c
c,AllHints,syr2k,4,LARGE,29.374475174941686,0.045015,1.322292,c
c,AllHints,syr2k,5,LARGE,27.126906191446587,0.048744666666666665,1.322292,c
c,ChooseHints,syr2k,2,LARGE,37.23262907933886,0.035514333333333335,1.322292,c
c,ChooseHints,syr2k,3,LARGE,37.7732960063989,0.035006,1.322292,c
c,ChooseHints,syr2k,4,LARGE,36.98718881118881,0.035750000000000004,1.322292,c
c,ChooseHints,syr2k,5,LARGE,36.108136645397366,0.03662033333333333,1.322292,c
c,FromPlan,syr2k,2,LARGE,1.1645351416141894,1.1354676666666668,1.322292,c
c,FromPlan,syr2k,3,LARGE,1.2875843066253754,1.0269556666666666,1.322292,c
c,FromPlan,syr2k,4,LARGE,35.93152235939892,0.03680033333333333,1.322292,c
c,FromPlan,syr2k,5,LARGE,1.1684899056636566,1.1316246666666665,1.322292,c
c,Naive,syr2k,1,LARGE,1.288773576814216,1.026008,1.322292,c
c,Naive,syr2k,2,LARGE,1.1684482598648895,1.131665,1.322292,c
c,Naive,syr2k,3,LARGE,1.1070967482656244,1.1943780000000002,1.322292,c
c,Naive,syr2k,4,LARGE,1.2889046437433536,1.0259036666666665,1.322292,c
c,Naive,syr2k,5,LARGE,1.107176160387309,1.1942923333333333,1.322292,c
c,standard,syr2k,1,LARGE,1.0,1.322292,1.322292,c
exo,AllHints,syr2k,1,LARGE,22.540476961628283,0.058663,1.322292,c
exo,AllHints,syr2k,2,LARGE,22.031223445908797,0.060018999999999996,1.322292,c
exo,AllHints,syr2k,3,LARGE,15.829765838241633,0.083532,1.322292,c
exo,AllHints,syr2k,4,LARGE,25.38378253858558,0.052092,1.322292,c
exo,AllHints,syr2k,5,LARGE,24.540362642053363,0.05388233333333334,1.322292,c
exo,ChooseHints,syr2k,2,LARGE,37.71798577568175,0.03505733333333333,1.322292,c
exo,ChooseHints,syr2k,3,LARGE,21.77508439687114,0.060725,1.322292,c
exo,ChooseHints,syr2k,4,LARGE,22.08642202141342,0.059869000000000006,1.322292,c
exo,ChooseHints,syr2k,5,LARGE,23.25440540255355,0.056862,1.322292,c
exo,FromPlan,syr2k,1,LARGE,0.698606810845633,1.8927556666666667,1.322292,c
exo,FromPlan,syr2k,2,LARGE,0.5564263714227764,2.3764006666666666,1.322292,c
exo,FromPlan,syr2k,3,LARGE,1.2098578898650267,1.0929316666666666,1.322292,c
exo,FromPlan,syr2k,5,LARGE,10.78541598694943,0.1226,1.322292,c
exo,Naive,syr2k,1,LARGE,0.8037234610504085,1.6452076666666666,1.322292,c
exo,Naive,syr2k,2,LARGE,27.01771496679721,0.04894166666666666,1.322292,c
exo,Naive,syr2k,3,LARGE,24.490668313011266,0.05399166666666667,1.322292,c
exo,Naive,syr2k,4,LARGE,1.2140798489805174,1.089131,1.322292,c
exo,Naive,syr2k,5,LARGE,22.147089858470814,0.059705,1.322292,c
exo,standard,syr2k,1,LARGE,0.9327042379295436,1.4176969999999998,1.322292,c
exo,standard,syr2k,2,LARGE,0.93482023177291,1.4144880000000002,1.322292,c
exo,standard,syr2k,3,LARGE,0.9348100982441423,1.4145033333333332,1.322292,c
exo,standard,syr2k,4,LARGE,0.9322608042933751,1.4183713333333332,1.322292,c
exo,standard,syr2k,5,LARGE,0.9322156735568652,1.4184400000000001,1.322292,c
halide,ChooseHints,syr2k,1,LARGE,30.756460454189508,0.042992333333333334,1.322292,c
halide,FromPlan,syr2k,1,LARGE,28.19686533745602,0.046895,1.322292,c
halide,FromPlan,syr2k,2,LARGE,16.489761645452806,0.08018866666666667,1.322292,c
halide,Naive,syr2k,2,LARGE,30.725967235970725,0.043035,1.322292,c
halide,Naive,syr2k,4,LARGE,31.038989695077582,0.042601,1.322292,c
halide,standard,syr2k,2,LARGE,0.9297992513088967,1.4221263333333336,1.322292,c
halide,standard,syr2k,3,LARGE,0.9265394945425421,1.4271296666666666,1.322292,c
halide,standard,syr2k,4,LARGE,0.9287175851745164,1.4237826666666666,1.322292,c
halide,standard,syr2k,5,LARGE,0.930410746849768,1.4211916666666669,1.322292,c
noarr,AllHints,syr2k,1,LARGE,1.0504852456099094,1.258744,1.322292,c
noarr,AllHints,syr2k,2,LARGE,1.0581129418166395,1.24967,1.322292,c
noarr,AllHints,syr2k,3,LARGE,1.051744141652385,1.2572373333333333,1.322292,c
noarr,AllHints,syr2k,4,LARGE,0.7834108408332734,1.6878653333333336,1.322292,c
noarr,AllHints,syr2k,5,LARGE,0.7901383193609061,1.6734943333333334,1.322292,c
noarr,ChooseHints,syr2k,1,LARGE,1.0500920414459163,1.2592153333333334,1.322292,c
noarr,ChooseHints,syr2k,2,LARGE,0.7344665739682986,1.8003433333333334,1.322292,c
noarr,ChooseHints,syr2k,3,LARGE,1.0273410226182658,1.2871013333333334,1.322292,c
noarr,ChooseHints,syr2k,4,LARGE,1.0208423563744167,1.295295,1.322292,c
noarr,ChooseHints,syr2k,5,LARGE,1.0282664161630806,1.2859429999999998,1.322292,c
noarr,FromPlan,syr2k,1,LARGE,0.7330826692509239,1.803742,1.322292,c
noarr,FromPlan,syr2k,2,LARGE,2.433105001545656,0.5434586666666666,1.322292,c
noarr,FromPlan,syr2k,4,LARGE,1.1045637143236624,1.1971170000000002,1.322292,c
noarr,FromPlan,syr2k,5,LARGE,1.2293007269742173,1.0756456666666667,1.322292,c
noarr,Naive,syr2k,1,LARGE,0.7433770009918874,1.7787636666666666,1.322292,c
noarr,Naive,syr2k,2,LARGE,2.421440212912717,0.5460766666666667,1.322292,c
noarr,Naive,syr2k,3,LARGE,0.7438305790865505,1.777679,1.322292,c
noarr,Naive,syr2k,4,LARGE,0.7883010637130916,1.6773946666666666,1.322292,c
noarr,Naive,syr2k,5,LARGE,0.7829958075747886,1.68876,1.322292,c
noarr,standard,syr2k,1,LARGE,0.8903917509482733,1.4850676666666667,1.322292,c
noarr,standard,syr2k,2,LARGE,0.9447657934077721,1.3995976666666667,1.322292,c
noarr,standard,syr2k,3,LARGE,0.9434762299347466,1.4015106666666668,1.322292,c
noarr,standard,syr2k,5,LARGE,0.9418277918398174,1.4039636666666666,1.322292,c
c,AllHints,syrk,1,LARGE,21.71201462055906,0.030277000000000002,0.6573746666666667,c
c,AllHints,syrk,2,LARGE,19.76809037418682,0.03325433333333334,0.6573746666666667,c
c,AllHints,syrk,3,LARGE,21.25981264081584,0.030921,0.6573746666666667,c
c,AllHints,syrk,4,LARGE,19.92587877501945,0.032991,0.6573746666666667,c
c,AllHints,syrk,5,LARGE,21.93466727468885,0.02996966666666667,0.6573746666666667,c
c,ChooseHints,syrk,1,LARGE,38.17358987263366,0.017220666666666665,0.6573746666666667,c
c,ChooseHints,syrk,2,LARGE,19.565886858344744,0.033597999999999996,0.6573746666666667,c
c,ChooseHints,syrk,3,LARGE,19.359982722400016,0.03395533333333333,0.6573746666666667,c
c,ChooseHints,syrk,4,LARGE,21.78805488653689,0.03017133333333333,0.6573746666666667,c
c,ChooseHints,syrk,5,LARGE,19.80481632489104,0.03319266666666667,0.6573746666666667,c
c,FromPlan,syrk,1,LARGE,2.729458723684593,0.24084433333333333,0.6573746666666667,c
c,FromPlan,syrk,2,LARGE,2.683724208881861,0.24494866666666668,0.6573746666666667,c
c,FromPlan,syrk,3,LARGE,3.308244593406741,0.198708,0.6573746666666667,c
c,FromPlan,syrk,4,LARGE,0.6522391529890817,1.0078736666666666,0.6573746666666667,c
c,FromPlan,syrk,5,LARGE,0.6488716364520535,1.0131043333333334,0.6573746666666667,c
c,Naive,syrk,1,LARGE,19.687967335203503,0.03338966666666667,0.6573746666666667,c
c,Naive,syrk,2,LARGE,0.5857950078076337,1.1221923333333332,0.6573746666666667,c
c,Naive,syrk,3,LARGE,0.6490924632003842,1.0127596666666667,0.6573746666666667,c
c,Naive,syrk,4,LARGE,0.8540572095738471,0.769708,0.6573746666666667,c
c,Naive,syrk,5,LARGE,0.9980839208263534,0.6586366666666666,0.6573746666666667,c
c,standard,syrk,1,LARGE,1.0,0.6573746666666667,0.6573746666666667,c
exo,AllHints,syrk,1,LARGE,21.554681181279648,0.030497999999999997,0.6573746666666667,c
exo,AllHints,syrk,2,LARGE,21.609476014113213,0.030420666666666665,0.6573746666666667,c
exo,AllHints,syrk,3,LARGE,15.513388502564423,0.04237466666666667,0.6573746666666667,c
exo,AllHints,syrk,4,LARGE,16.486987635536753,0.039872333333333336,0.6573746666666667,c
exo,ChooseHints,syrk,1,LARGE,8.540327993798691,0.076973,0.6573746666666667,c
exo,ChooseHints,syrk,2,LARGE,8.067596645530783,0.08148333333333334,0.6573746666666667,c
exo,ChooseHints,syrk,4,LARGE,21.33663676984496,0.030809666666666666,0.6573746666666667,c
exo,ChooseHints,syrk,5,LARGE,12.696513185002058,0.05177600000000001,0.6573746666666667,c
exo,FromPlan,syrk,2,LARGE,2.271338819369663,0.28942166666666663,0.6573746666666667,c
exo,Naive,syrk,1,LARGE,13.330386232442445,0.049314,0.6573746666666667,c
exo,Naive,syrk,2,LARGE,18.165542905567225,0.036188,0.6573746666666667,c
exo,Naive,syrk,4,LARGE,21.3032168859507,0.030858,0.6573746666666667,c
exo,Naive,syrk,5,LARGE,0.9649914125078901,0.6812233333333334,0.6573746666666667,c
exo,standard,syrk,1,LARGE,0.9705797963780752,0.6773009999999999,0.6573746666666667,c
exo,standard,syrk,2,LARGE,0.9703109424708705,0.6774886666666666,0.6573746666666667,c
exo,standard,syrk,3,LARGE,0.9717232516979452,0.676504,0.6573746666666667,c
exo,standard,syrk,4,LARGE,0.970884167804709,0.6770886666666667,0.6573746666666667,c
exo,standard,syrk,5,LARGE,0.9703133295054616,0.6774870000000001,0.6573746666666667,c
halide,AllHints,syrk,2,LARGE,27.204712244109693,0.024164,0.6573746666666667,c
halide,AllHints,syrk,3,LARGE,27.697203769504092,0.023734333333333333,0.6573746666666667,c
halide,AllHints,syrk,4,LARGE,13.369516436285243,0.04916966666666667,0.6573746666666667,c
halide,ChooseHints,syrk,1,LARGE,24.384840803709427,0.026958333333333334,0.6573746666666667,c
halide,ChooseHints,syrk,3,LARGE,27.358692636368684,0.024027999999999997,0.6573746666666667,c
halide,ChooseHints,syrk,4,LARGE,41.140771028037385,0.015978666666666665,0.6573746666666667,c
halide,FromPlan,syrk,3,LARGE,12.186242523110387,0.053944,0.6573746666666667,c
halide,FromPlan,syrk,5,LARGE,18.299887720730837,0.035922333333333334,0.6573746666666667,c
halide,Naive,syrk,1,LARGE,26.348386062419838,0.024949333333333334,0.6573746666666667,c
halide,Naive,syrk,2,LARGE,38.94168986829374,0.016881,0.6573746666666667,c
halide,Naive,syrk,5,LARGE,23.664162806882814,0.027779333333333333,0.6573746666666667,c
halide,standard,syrk,1,LARGE,0.8091777637817245,0.8123983333333333,0.6573746666666667,c
halide,standard,syrk,2,LARGE,0.8104643603035515,0.8111086666666667,0.6573746666666667,c
halide,standard,syrk,3,LARGE,0.8116294412002801,0.8099443333333333,0.6573746666666667,c
halide,standard,syrk,4,LARGE,0.8107149052814014,0.8108580000000001,0.6573746666666667,c
halide,standard,syrk,5,LARGE,0.5481235868708753,1.1993183333333333,0.6573746666666667,c
noarr,AllHints,syrk,1,LARGE,1.1037325866630252,0.5955923333333333,0.6573746666666667,c
noarr,AllHints,syrk,2,LARGE,0.44013885373802136,1.493562,0.6573746666666667,c
noarr,AllHints,syrk,3,LARGE,1.1024288804789564,0.5962966666666666,0.6573746666666667,c
noarr,AllHints,syrk,4,LARGE,0.6444445315849464,1.0200639999999999,0.6573746666666667,c
noarr,AllHints,syrk,5,LARGE,1.2343928289540804,0.532549,0.6573746666666667,c
noarr,ChooseHints,syrk,1,LARGE,1.1014517360457576,0.5968256666666667,0.6573746666666667,c
noarr,ChooseHints,syrk,2,LARGE,1.0965187163753551,0.5995106666666666,0.6573746666666667,c
noarr,ChooseHints,syrk,3,LARGE,1.0356831323978812,0.6347256666666666,0.6573746666666667,c
noarr,ChooseHints,syrk,4,LARGE,0.4698062456955994,1.3992463333333334,0.6573746666666667,c
noarr,FromPlan,syrk,1,LARGE,0.6303841393560001,1.042816,0.6573746666666667,c
noarr,FromPlan,syrk,2,LARGE,0.647989617046444,1.0144833333333334,0.6573746666666667,c
noarr,FromPlan,syrk,3,LARGE,0.6464009334858551,1.0169766666666666,0.6573746666666667,c
noarr,FromPlan,syrk,5,LARGE,1.0962535721889284,0.5996556666666667,0.6573746666666667,c
noarr,Naive,syrk,1,LARGE,1.1558608482617754,0.5687316666666667,0.6573746666666667,c
noarr,Naive,syrk,2,LARGE,0.6517974531260845,1.0085566666666665,0.6573746666666667,c
noarr,Naive,syrk,3,LARGE,0.4705775116748142,1.396953,0.6573746666666667,c
noarr,Naive,syrk,4,LARGE,0.9915028720101557,0.6630083333333333,0.6573746666666667,c
noarr,Naive,syrk,5,LARGE,0.9871216751182393,0.6659510000000001,0.6573746666666667,c
noarr,standard,syrk,1,LARGE,0.9900876965742709,0.6639560000000001,0.6573746666666667,c
noarr,standard,syrk,2,LARGE,1.1034120817145006,0.5957653333333334,0.6573746666666667,c
noarr,standard,syrk,4,LARGE,0.9905327696558417,0.6636576666666666,0.6573746666666667,c
noarr,standard,syrk,5,LARGE,0.9909528477802192,0.6633763333333333,0.6573746666666667,c
c,AllHints,trisolv,3,LARGE,0.99481473479529,0.0030856666666666667,0.0030696666666666667,c
c,AllHints,trisolv,4,LARGE,0.9952447854749811,0.0030843333333333335,0.0030696666666666667,c
c,AllHints,trisolv,5,LARGE,0.9930982422085625,0.003091,0.0030696666666666667,c
c,ChooseHints,trisolv,1,LARGE,0.9890452153366986,0.0031036666666666665,0.0030696666666666667,c
c,ChooseHints,trisolv,3,LARGE,0.9980492034247317,0.003075666666666667,0.0030696666666666667,c
c,FromPlan,trisolv,1,LARGE,0.9898957325593895,0.003101,0.0030696666666666667,c
c,FromPlan,trisolv,2,LARGE,2.729401304090101,0.0011246666666666666,0.0030696666666666667,c
c,FromPlan,trisolv,3,LARGE,2.7358882947118244,0.001122,0.0030696666666666667,c
c,FromPlan,trisolv,4,LARGE,2.783857315598549,0.0011026666666666667,0.0030696666666666667,c
c,FromPlan,trisolv,5,LARGE,0.996429344297771,0.003080666666666667,0.0030696666666666667,c
c,Naive,trisolv,1,LARGE,1.0018494342906874,0.0030640000000000003,0.0030696666666666667,c
c,Naive,trisolv,2,LARGE,0.9978329179759453,0.0030763333333333337,0.0030696666666666667,c
c,Naive,trisolv,3,LARGE,1.0138720686997689,0.003027666666666667,0.0030696666666666667,c
c,Naive,trisolv,4,LARGE,0.9875603217158178,0.003108333333333333,0.0030696666666666667,c
c,standard,trisolv,1,LARGE,1.0,0.0030696666666666667,0.0030696666666666667,c
exo,AllHints,trisolv,1,LARGE,0.9969687127855364,0.003079,0.0030696666666666667,c
exo,AllHints,trisolv,2,LARGE,0.98145582436321,0.003127666666666667,0.0030696666666666667,c
exo,AllHints,trisolv,3,LARGE,0.9909609383406865,0.0030976666666666665,0.0030696666666666667,c
exo,AllHints,trisolv,4,LARGE,0.9927770590771886,0.0030919999999999997,0.0030696666666666667,c
exo,AllHints,trisolv,5,LARGE,0.9962137602769363,0.0030813333333333335,0.0030696666666666667,c
exo,ChooseHints,trisolv,1,LARGE,0.9894702911786828,0.0031023333333333332,0.0030696666666666667,c
exo,ChooseHints,trisolv,2,LARGE,0.9881961583860928,0.0031063333333333338,0.0030696666666666667,c
exo,ChooseHints,trisolv,3,LARGE,0.9912809472551132,0.0030966666666666664,0.0030696666666666667,c
exo,ChooseHints,trisolv,5,LARGE,1.01588527302813,0.003021666666666667,0.0030696666666666667,c
exo,FromPlan,trisolv,3,LARGE,0.986079880072813,0.003113,0.0030696666666666667,c
exo,FromPlan,trisolv,4,LARGE,0.9975086655112652,0.0030773333333333334,0.0030696666666666667,c
exo,FromPlan,trisolv,5,LARGE,0.9839726466502833,0.0031196666666666664,0.0030696666666666667,c
exo,Naive,trisolv,1,LARGE,0.9827126240529291,0.003123666666666667,0.0030696666666666667,c
exo,Naive,trisolv,3,LARGE,0.9947072801901059,0.0030859999999999998,0.0030696666666666667,c
exo,Naive,trisolv,4,LARGE,0.9857632198672661,0.003114,0.0030696666666666667,c
exo,Naive,trisolv,5,LARGE,0.9926700441953217,0.0030923333333333337,0.0030696666666666667,c
exo,standard,trisolv,1,LARGE,0.9815604348752932,0.003127333333333333,0.0030696666666666667,c
exo,standard,trisolv,2,LARGE,0.981769722814499,0.0031266666666666665,0.0030696666666666667,c
exo,standard,trisolv,3,LARGE,0.9847091531223269,0.003117333333333333,0.0030696666666666667,c
exo,standard,trisolv,4,LARGE,0.9804109443202385,0.003131,0.0030696666666666667,c
exo,standard,trisolv,5,LARGE,0.9833422317138281,0.0031216666666666667,0.0030696666666666667,c
halide,ChooseHints,trisolv,4,LARGE,0.5497910447761194,0.005583333333333333,0.0030696666666666667,c
halide,FromPlan,trisolv,4,LARGE,0.5990372731412216,0.005124333333333334,0.0030696666666666667,c
halide,Naive,trisolv,5,LARGE,0.5774753872201669,0.0053156666666666665,0.0030696666666666667,c
halide,standard,trisolv,2,LARGE,0.5160549173437938,0.005948333333333333,0.0030696666666666667,c
halide,standard,trisolv,3,LARGE,0.5160260002241398,0.005948666666666667,0.0030696666666666667,c
noarr,AllHints,trisolv,1,LARGE,0.9917079474477708,0.0030953333333333336,0.0030696666666666667,c
noarr,AllHints,trisolv,2,LARGE,0.9773933347484611,0.0031406666666666666,0.0030696666666666667,c
noarr,AllHints,trisolv,3,LARGE,0.9827126240529291,0.003123666666666667,0.0030696666666666667,c
noarr,AllHints,trisolv,4,LARGE,0.9808286292469912,0.0031296666666666664,0.0030696666666666667,c
noarr,AllHints,trisolv,5,LARGE,0.9849197860962566,0.003116666666666667,0.0030696666666666667,c
noarr,ChooseHints,trisolv,1,LARGE,0.9702876409229797,0.0031636666666666666,0.0030696666666666667,c
noarr,ChooseHints,trisolv,2,LARGE,0.9846038704159094,0.0031176666666666666,0.0030696666666666667,c
noarr,ChooseHints,trisolv,3,LARGE,0.9805153321976149,0.003130666666666667,0.0030696666666666667,c
noarr,ChooseHints,trisolv,4,LARGE,0.9826077678190355,0.003124,0.0030696666666666667,c
noarr,ChooseHints,trisolv,5,LARGE,0.9865024102838779,0.0031116666666666667,0.0030696666666666667,c
noarr,FromPlan,trisolv,1,LARGE,0.9768749337010714,0.0031423333333333333,0.0030696666666666667,c
noarr,FromPlan,trisolv,2,LARGE,0.9872427101200686,0.0031093333333333333,0.0030696666666666667,c
noarr,FromPlan,trisolv,3,LARGE,0.9750132345156167,0.0031483333333333333,0.0030696666666666667,c
noarr,FromPlan,trisolv,4,LARGE,0.9840777944005129,0.0031193333333333333,0.0030696666666666667,c
noarr,FromPlan,trisolv,5,LARGE,0.9793682867170053,0.003134333333333333,0.0030696666666666667,c
noarr,Naive,trisolv,1,LARGE,0.9812466702184336,0.0031283333333333337,0.0030696666666666667,c
noarr,Naive,trisolv,2,LARGE,0.9807241746538873,0.0031299999999999995,0.0030696666666666667,c
noarr,Naive,trisolv,3,LARGE,0.9760466348701644,0.003145,0.0030696666666666667,c
noarr,Naive,trisolv,4,LARGE,0.9811421265714895,0.0031286666666666667,0.0030696666666666667,c
noarr,Naive,trisolv,5,LARGE,0.9825029339592447,0.003124333333333333,0.0030696666666666667,c
noarr,standard,trisolv,2,LARGE,0.9679419802396468,0.0031713333333333333,0.0030696666666666667,c
noarr,standard,trisolv,4,LARGE,0.9797850835195234,0.003133,0.0030696666666666667,c
noarr,standard,trisolv,5,LARGE,1.0040340165721762,0.0030573333333333333,0.0030696666666666667,c
c,AllHints,trmm,1,LARGE,19.30854862015564,0.051442999999999996,0.9932896666666666,c
c,AllHints,trmm,2,LARGE,4.886016360676005,0.20329233333333332,0.9932896666666666,c
c,AllHints,trmm,3,LARGE,4.960776512187731,0.2002286666666667,0.9932896666666666,c
c,AllHints,trmm,4,LARGE,4.85207679644643,0.20471433333333333,0.9932896666666666,c
c,AllHints,trmm,5,LARGE,36.991732356774875,0.026851666666666666,0.9932896666666666,c
c,ChooseHints,trmm,1,LARGE,4.807271559866874,0.20662233333333335,0.9932896666666666,c
c,ChooseHints,trmm,2,LARGE,4.89459566891368,0.202936,0.9932896666666666,c
c,ChooseHints,trmm,3,LARGE,4.859815873378292,0.2043883333333333,0.9932896666666666,c
c,ChooseHints,trmm,4,LARGE,62.06508789469299,0.016004,0.9932896666666666,c
c,ChooseHints,trmm,5,LARGE,4.593459427796276,0.21624,0.9932896666666666,c
c,FromPlan,trmm,1,LARGE,7.499072641022738,0.132455,0.9932896666666666,c
c,FromPlan,trmm,2,LARGE,4.819719991071803,0.20608866666666667,0.9932896666666666,c
c,FromPlan,trmm,3,LARGE,4.578082006578593,0.21696633333333334,0.9932896666666666,c
c,FromPlan,trmm,4,LARGE,31.669401549530782,0.031364333333333334,0.9932896666666666,c
c,FromPlan,trmm,5,LARGE,20.38883491159888,0.048717333333333335,0.9932896666666666,c
c,Naive,trmm,1,LARGE,4.809746783138675,0.206516,0.9932896666666666,c
c,Naive,trmm,2,LARGE,4.859419616284662,0.20440500000000003,0.9932896666666666,c
c,Naive,trmm,3,LARGE,4.890266137356876,0.20311566666666667,0.9932896666666666,c
c,Naive,trmm,4,LARGE,4.6321319314041265,0.21443466666666666,0.9932896666666666,c
c,Naive,trmm,5,LARGE,4.829382411523607,0.20567633333333335,0.9932896666666666,c
c,standard,trmm,1,LARGE,1.0,0.9932896666666666,0.9932896666666666,c
exo,AllHints,trmm,1,LARGE,17.46248915871639,0.05688133333333334,0.9932896666666666,c
exo,AllHints,trmm,2,LARGE,11.205337434616991,0.08864433333333332,0.9932896666666666,c
exo,AllHints,trmm,3,LARGE,3.9042051972758456,0.2544153333333333,0.9932896666666666,c
exo,AllHints,trmm,4,LARGE,0.08226002288585484,12.074998666666668,0.9932896666666666,c
exo,ChooseHints,trmm,2,LARGE,2.1732451550182654,0.4570536666666667,0.9932896666666666,c
exo,ChooseHints,trmm,4,LARGE,4.743828374116661,0.2093856666666667,0.9932896666666666,c
exo,FromPlan,trmm,1,LARGE,3.812963365791864,0.26050333333333336,0.9932896666666666,c
exo,FromPlan,trmm,4,LARGE,3.6895000631452257,0.2692206666666667,0.9932896666666666,c
exo,Naive,trmm,2,LARGE,5.005692966188248,0.19843200000000003,0.9932896666666666,c
exo,Naive,trmm,3,LARGE,2.087054301516963,0.475929,0.9932896666666666,c
exo,Naive,trmm,4,LARGE,0.08471629525609115,11.724894999999998,0.9932896666666666,c
exo,Naive,trmm,5,LARGE,17.462079836857157,0.056882666666666665,0.9932896666666666,c
exo,standard,trmm,1,LARGE,0.9941316962133593,0.9991530000000001,0.9932896666666666,c
exo,standard,trmm,2,LARGE,0.9902624344046914,1.003057,0.9932896666666666,c
exo,standard,trmm,3,LARGE,1.0003350262565918,0.992957,0.9932896666666666,c
exo,standard,trmm,4,LARGE,0.9943934433888283,0.99889,0.9932896666666666,c
exo,standard,trmm,5,LARGE,0.9969184498240261,0.99636,0.9932896666666666,c
halide,AllHints,trmm,2,LARGE,39.49043176336505,0.025152666666666667,0.9932896666666666,c
halide,AllHints,trmm,4,LARGE,33.23187500697008,0.029889666666666665,0.9932896666666666,c
halide,standard,trmm,1,LARGE,0.8921771486621095,1.1133323333333334,0.9932896666666666,c
halide,standard,trmm,4,LARGE,0.8890927394330562,1.1171946666666666,0.9932896666666666,c
halide,standard,trmm,5,LARGE,2.3687541236416823,0.41933,0.9932896666666666,c
noarr,AllHints,trmm,1,LARGE,36.59648756524409,0.027141666666666665,0.9932896666666666,c
noarr,AllHints,trmm,3,LARGE,4.216083793397153,0.23559533333333335,0.9932896666666666,c
noarr,AllHints,trmm,4,LARGE,4.5937780860985855,0.216225,0.9932896666666666,c
noarr,AllHints,trmm,5,LARGE,4.186244071568253,0.23727466666666666,0.9932896666666666,c
noarr,ChooseHints,trmm,1,LARGE,4.167579005667037,0.23833733333333332,0.9932896666666666,c
noarr,ChooseHints,trmm,2,LARGE,1.1670154812583957,0.8511366666666667,0.9932896666666666,c
noarr,ChooseHints,trmm,3,LARGE,1.1680117684318794,0.8504106666666665,0.9932896666666666,c
noarr,ChooseHints,trmm,4,LARGE,4.222165074075334,0.235256,0.9932896666666666,c
noarr,ChooseHints,trmm,5,LARGE,4.198352708126987,0.23659033333333332,0.9932896666666666,c
noarr,FromPlan,trmm,2,LARGE,3.921344632917056,0.2533033333333333,0.9932896666666666,c
noarr,FromPlan,trmm,3,LARGE,4.187626565334765,0.23719633333333334,0.9932896666666666,c
noarr,FromPlan,trmm,4,LARGE,4.187326457197459,0.23721333333333336,0.9932896666666666,c
noarr,FromPlan,trmm,5,LARGE,4.160567258247151,0.238739,0.9932896666666666,c
noarr,Naive,trmm,1,LARGE,4.239416642006783,0.23429866666666666,0.9932896666666666,c
noarr,Naive,trmm,2,LARGE,4.154760477288634,0.23907266666666668,0.9932896666666666,c
noarr,Naive,trmm,3,LARGE,1.015693841420725,0.977942,0.9932896666666666,c
noarr,Naive,trmm,4,LARGE,1.0193943163189625,0.974392,0.9932896666666666,c
noarr,Naive,trmm,5,LARGE,4.236668126343566,0.23445066666666667,0.9932896666666666,c
noarr,standard,trmm,1,LARGE,4.173404162943584,0.23800466666666664,0.9932896666666666,c
noarr,standard,trmm,2,LARGE,1.020089806081988,0.9737276666666667,0.9932896666666666,c
noarr,standard,trmm,3,LARGE,1.02517676475769,0.968896,0.9932896666666666,c
noarr,standard,trmm,4,LARGE,0.9289201452047064,1.069295,0.9932896666666666,c
noarr,standard,trmm,5,LARGE,1.0007838698789435,0.9925116666666667,0.9932896666666666,c
c,AllHints,3mm,1,MEDIUM,53.1843544857768,0.0006093333333333334,0.032407,c
c,AllHints,3mm,2,MEDIUM,60.050030883261265,0.0005396666666666667,0.032407,c
c,AllHints,3mm,4,MEDIUM,26.701730293875308,0.0012136666666666667,0.032407,c
c,AllHints,3mm,5,MEDIUM,37.32092130518234,0.0008683333333333334,0.032407,c
c,ChooseHints,3mm,1,MEDIUM,53.62437948152233,0.0006043333333333333,0.032407,c
c,ChooseHints,3mm,2,MEDIUM,51.16894736842105,0.0006333333333333333,0.032407,c
c,ChooseHints,3mm,3,MEDIUM,55.554857142857145,0.0005833333333333333,0.032407,c
c,ChooseHints,3mm,4,MEDIUM,25.597946287519747,0.001266,0.032407,c
c,FromPlan,3mm,1,MEDIUM,3.73123272950568,0.008685333333333333,0.032407,c
c,FromPlan,3mm,2,MEDIUM,13.499166898083864,0.002400666666666667,0.032407,c
c,FromPlan,3mm,3,MEDIUM,3.541103624112183,0.009151666666666667,0.032407,c
c,FromPlan,3mm,4,MEDIUM,3.4657421930700125,0.009350666666666667,0.032407,c
c,FromPlan,3mm,5,MEDIUM,3.5727252682640014,0.009070666666666666,0.032407,c
c,Naive,3mm,1,MEDIUM,4.018226906385616,0.008065000000000001,0.032407,c
c,Naive,3mm,2,MEDIUM,3.595983133599644,0.009012000000000001,0.032407,c
c,Naive,3mm,3,MEDIUM,4.060010022550738,0.007982000000000001,0.032407,c
c,Naive,3mm,4,MEDIUM,4.017894780344671,0.008065666666666667,0.032407,c
c,Naive,3mm,5,MEDIUM,4.054591709066644,0.007992666666666667,0.032407,c
c,standard,3mm,1,MEDIUM,1.0,0.032407,0.032407,c
exo,AllHints,3mm,3,MEDIUM,25.863527533918596,0.001253,0.032407,c
exo,AllHints,3mm,4,MEDIUM,24.66286149162861,0.001314,0.032407,c
exo,ChooseHints,3mm,1,MEDIUM,26.433115823817293,0.0012259999999999999,0.032407,c
exo,ChooseHints,3mm,2,MEDIUM,51.71329787234041,0.0006266666666666668,0.032407,c
exo,ChooseHints,3mm,3,MEDIUM,28.64496169711255,0.0011313333333333334,0.032407,c
exo,ChooseHints,3mm,4,MEDIUM,58.11177525403466,0.0005576666666666667,0.032407,c
exo,FromPlan,3mm,3,MEDIUM,3.2542594142259413,0.009958333333333333,0.032407,c
exo,FromPlan,3mm,4,MEDIUM,50.58324661810614,0.0006406666666666667,0.032407,c
exo,FromPlan,3mm,5,MEDIUM,3.2620118104952356,0.009934666666666666,0.032407,c
exo,Naive,3mm,1,MEDIUM,20.769280068361457,0.0015603333333333335,0.032407,c
exo,Naive,3mm,2,MEDIUM,1.186939164194411,0.027302999999999997,0.032407,c
exo,Naive,3mm,3,MEDIUM,37.91770670826833,0.0008546666666666667,0.032407,c
exo,Naive,3mm,4,MEDIUM,3.4131793287459624,0.009494666666666667,0.032407,c
exo,Naive,3mm,5,MEDIUM,20.4546602146013,0.0015843333333333334,0.032407,c
exo,standard,3mm,1,MEDIUM,0.9757030168001445,0.033214,0.032407,c
exo,standard,3mm,2,MEDIUM,0.9751060650130889,0.03323433333333333,0.032407,c
exo,standard,3mm,3,MEDIUM,0.975987069960748,0.033204333333333336,0.032407,c
exo,standard,3mm,4,MEDIUM,0.9748420735987164,0.03324333333333333,0.032407,c
exo,standard,3mm,5,MEDIUM,0.9752038758990098,0.033231000000000004,0.032407,c
halide,standard,3mm,1,MEDIUM,0.00817264153584228,3.965303,0.032407,c
halide,standard,3mm,2,MEDIUM,0.008171401665899853,3.965904666666667,0.032407,c
halide,standard,3mm,3,MEDIUM,1.9733893557422966,0.016422000000000003,0.032407,c
halide,standard,3mm,4,MEDIUM,2.121710095587272,0.015274000000000001,0.032407,c
halide,standard,3mm,5,MEDIUM,0.008173646759168101,3.9648153333333336,0.032407,c
noarr,AllHints,3mm,1,MEDIUM,1.1571999904777774,0.028004666666666667,0.032407,c
noarr,AllHints,3mm,2,MEDIUM,4.937833307938443,0.006562999999999999,0.032407,c
noarr,AllHints,3mm,3,MEDIUM,11.658592157333015,0.0027796666666666664,0.032407,c
noarr,AllHints,3mm,4,MEDIUM,4.66444369812407,0.006947666666666667,0.032407,c
noarr,AllHints,3mm,5,MEDIUM,1.047278955532575,0.030944,0.032407,c
noarr,ChooseHints,3mm,1,MEDIUM,4.654394867866718,0.0069626666666666665,0.032407,c
noarr,ChooseHints,3mm,2,MEDIUM,4.835181777490426,0.006702333333333334,0.032407,c
noarr,ChooseHints,3mm,3,MEDIUM,1.3687315218921583,0.023676666666666665,0.032407,c
noarr,ChooseHints,3mm,4,MEDIUM,1.1195932562531667,0.028945333333333333,0.032407,c
noarr,ChooseHints,3mm,5,MEDIUM,4.829657228017883,0.006710000000000001,0.032407,c
noarr,FromPlan,3mm,1,MEDIUM,1.152891091926762,0.028109333333333333,0.032407,c
noarr,FromPlan,3mm,2,MEDIUM,1.153520324624475,0.028093999999999997,0.032407,c
noarr,FromPlan,3mm,3,MEDIUM,4.823187974400952,0.006719,0.032407,c
noarr,FromPlan,3mm,4,MEDIUM,1.1561403717401386,0.028030333333333334,0.032407,c
noarr,FromPlan,3mm,5,MEDIUM,0.8900250837651281,0.03641133333333333,0.032407,c
noarr,Naive,3mm,1,MEDIUM,4.830617112193184,0.006708666666666666,0.032407,c
noarr,Naive,3mm,2,MEDIUM,4.938084112149532,0.006562666666666667,0.032407,c
noarr,Naive,3mm,3,MEDIUM,4.936830345808154,0.006564333333333334,0.032407,c
noarr,Naive,3mm,4,MEDIUM,4.659972199587787,0.006954333333333333,0.032407,c
noarr,Naive,3mm,5,MEDIUM,4.83542226201134,0.006702,0.032407,c
noarr,standard,3mm,1,MEDIUM,0.8626377526574506,0.037567333333333335,0.032407,c
noarr,standard,3mm,2,MEDIUM,0.8973114160982768,0.036115666666666664,0.032407,c
noarr,standard,3mm,3,MEDIUM,4.856436385433838,0.006672999999999999,0.032407,c
noarr,standard,3mm,4,MEDIUM,4.850621164496333,0.0066809999999999994,0.032407,c
noarr,standard,3mm,5,MEDIUM,0.8437125748502994,0.03841,0.032407,c
c,AllHints,adi,1,MEDIUM,3.6433697881066305,0.02145733333333333,0.078177,c
c,AllHints,adi,2,MEDIUM,4.151138093383836,0.018832666666666668,0.078177,c
c,AllHints,adi,3,MEDIUM,4.186558372009996,0.018673333333333333,0.078177,c
c,AllHints,adi,4,MEDIUM,4.139707699368095,0.018884666666666664,0.078177,c
c,AllHints,adi,5,MEDIUM,3.6404855408782573,0.021474333333333335,0.078177,c
c,ChooseHints,adi,2,MEDIUM,2.5547482625650857,0.03060066666666667,0.078177,c
c,ChooseHints,adi,3,MEDIUM,1.0037319341433455,0.07788633333333334,0.078177,c
c,ChooseHints,adi,4,MEDIUM,3.566685929801082,0.02191866666666667,0.078177,c
c,ChooseHints,adi,5,MEDIUM,3.482323419798364,0.022449666666666663,0.078177,c
c,FromPlan,adi,1,MEDIUM,1.3879298611070015,0.05632633333333333,0.078177,c
c,FromPlan,adi,2,MEDIUM,2.0350467695191155,0.038415333333333336,0.078177,c
c,FromPlan,adi,3,MEDIUM,1.3950877986104502,0.05603733333333333,0.078177,c
c,FromPlan,adi,4,MEDIUM,2.3775736747665825,0.032881,0.078177,c
c,FromPlan,adi,5,MEDIUM,1.3150189517123825,0.05944933333333333,0.078177,c
c,Naive,adi,1,MEDIUM,1.0081371057178963,0.077546,0.078177,c
c,Naive,adi,2,MEDIUM,0.8764696209816657,0.08919533333333333,0.078177,c
c,Naive,adi,3,MEDIUM,1.4842606890615904,0.052670666666666664,0.078177,c
c,Naive,adi,4,MEDIUM,3.8338346356295157,0.020391333333333334,0.078177,c
c,Naive,adi,5,MEDIUM,4.6753782668500685,0.016721,0.078177,c
c,standard,adi,1,MEDIUM,1.0,0.078177,0.078177,c
exo,AllHints,adi,1,MEDIUM,3.4767996916508537,0.022485333333333333,0.078177,c
exo,AllHints,adi,2,MEDIUM,3.613339085152603,0.021635666666666664,0.078177,c
exo,AllHints,adi,3,MEDIUM,3.479069008485136,0.022470666666666667,0.078177,c
exo,AllHints,adi,5,MEDIUM,3.4951417245387617,0.022367333333333333,0.078177,c
exo,ChooseHints,adi,1,MEDIUM,3.481237939735787,0.022456666666666666,0.078177,c
exo,ChooseHints,adi,2,MEDIUM,3.451167650131701,0.022652333333333333,0.078177,c
exo,ChooseHints,adi,4,MEDIUM,3.4597716409984063,0.022596,0.078177,c
exo,ChooseHints,adi,5,MEDIUM,3.4889024426527024,0.022407333333333335,0.078177,c
exo,FromPlan,adi,2,MEDIUM,1.099329708446611,0.07111333333333333,0.078177,c
exo,FromPlan,adi,4,MEDIUM,3.2521805449629064,0.02403833333333333,0.078177,c
exo,Naive,adi,1,MEDIUM,3.5364606894055908,0.022106,0.078177,c
exo,Naive,adi,2,MEDIUM,3.4443759087104024,0.022697,0.078177,c
exo,Naive,adi,4,MEDIUM,3.447058996443164,0.022679333333333333,0.078177,c
exo,standard,adi,2,MEDIUM,0.7142430785441721,0.10945433333333333,0.078177,c
exo,standard,adi,3,MEDIUM,0.7042380820831882,0.11100933333333333,0.078177,c
exo,standard,adi,4,MEDIUM,0.7246215164061051,0.10788666666666667,0.078177,c
halide,AllHints,adi,1,MEDIUM,0.04529157352061933,1.7260826666666667,0.078177,c
halide,AllHints,adi,3,MEDIUM,0.10553259693766436,0.7407853333333333,0.078177,c
halide,ChooseHints,adi,1,MEDIUM,0.08645268308866218,0.904275,0.078177,c
halide,ChooseHints,adi,2,MEDIUM,0.7490562181014494,0.10436733333333333,0.078177,c
halide,ChooseHints,adi,3,MEDIUM,0.13031288182322795,0.5999176666666667,0.078177,c
halide,ChooseHints,adi,4,MEDIUM,1.058257377493006,0.07387333333333333,0.078177,c
halide,FromPlan,adi,3,MEDIUM,1.0394725761772852,0.07520833333333334,0.078177,c
halide,Naive,adi,2,MEDIUM,0.8202822517181678,0.09530500000000001,0.078177,c
halide,Naive,adi,4,MEDIUM,1.3292243343421635,0.058814,0.078177,c
halide,Naive,adi,5,MEDIUM,0.05528289669546262,1.4141263333333332,0.078177,c
halide,standard,adi,1,MEDIUM,0.8261770145310435,0.094625,0.078177,c
halide,standard,adi,2,MEDIUM,0.8214688513565578,0.09516733333333334,0.078177,c
halide,standard,adi,3,MEDIUM,0.8280116930159649,0.09441533333333334,0.078177,c
halide,standard,adi,5,MEDIUM,0.8203224192989881,0.09530033333333333,0.078177,c
noarr,AllHints,adi,1,MEDIUM,3.043525091163913,0.025686333333333335,0.078177,c
noarr,AllHints,adi,2,MEDIUM,2.8620887435321682,0.027314666666666668,0.078177,c
noarr,AllHints,adi,3,MEDIUM,3.0926485132194896,0.025278333333333333,0.078177,c
noarr,AllHints,adi,4,MEDIUM,3.052239097333385,0.025613,0.078177,c
noarr,AllHints,adi,5,MEDIUM,1.0494120489690721,0.07449599999999999,0.078177,c
noarr,ChooseHints,adi,1,MEDIUM,3.0562563527848003,0.025579333333333332,0.078177,c
noarr,ChooseHints,adi,2,MEDIUM,1.265491452991453,0.061776,0.078177,c
noarr,ChooseHints,adi,3,MEDIUM,3.046450607261155,0.025661666666666666,0.078177,c
noarr,ChooseHints,adi,4,MEDIUM,3.1038631039822127,0.025187,0.078177,c
noarr,ChooseHints,adi,5,MEDIUM,3.0765426592507086,0.025410666666666665,0.078177,c
noarr,FromPlan,adi,1,MEDIUM,0.8143691990374698,0.095997,0.078177,c
noarr,FromPlan,adi,2,MEDIUM,3.059405940594059,0.025553000000000003,0.078177,c
noarr,FromPlan,adi,3,MEDIUM,3.0405263499060093,0.025711666666666664,0.078177,c
noarr,FromPlan,adi,4,MEDIUM,1.1285729409273768,0.06927066666666666,0.078177,c
noarr,FromPlan,adi,5,MEDIUM,0.9712554664723031,0.08049066666666667,0.078177,c
noarr,Naive,adi,1,MEDIUM,0.9246026114107294,0.084552,0.078177,c
noarr,Naive,adi,2,MEDIUM,0.9258399554708132,0.084439,0.078177,c
noarr,Naive,adi,5,MEDIUM,0.9196572817818209,0.08500666666666667,0.078177,c
noarr,standard,adi,1,MEDIUM,0.9161402974230368,0.08533299999999999,0.078177,c
noarr,standard,adi,3,MEDIUM,0.8532216227621809,0.09162566666666666,0.078177,c
noarr,standard,adi,4,MEDIUM,0.9397742435717119,0.083187,0.078177,c
noarr,standard,adi,5,MEDIUM,0.935582956689631,0.08355966666666666,0.078177,c
c,AllHints,atax,1,MEDIUM,1.773286467486819,0.00018966666666666665,0.0003363333333333333,c
c,AllHints,atax,2,MEDIUM,1.082618025751073,0.00031066666666666666,0.0003363333333333333,c
c,AllHints,atax,3,MEDIUM,1.8754646840148699,0.00017933333333333332,0.0003363333333333333,c
c,AllHints,atax,4,MEDIUM,1.9784313725490192,0.00017,0.0003363333333333333,c
c,AllHints,atax,5,MEDIUM,1.9441233140655103,0.000173,0.0003363333333333333,c
c,ChooseHints,atax,1,MEDIUM,1.8312159709618874,0.00018366666666666664,0.0003363333333333333,c
c,ChooseHints,atax,2,MEDIUM,1.4903988183161003,0.00022566666666666666,0.0003363333333333333,c
c,ChooseHints,atax,3,MEDIUM,1.5475460122699383,0.00021733333333333335,0.0003363333333333333,c
c,ChooseHints,atax,4,MEDIUM,1.2260024301336574,0.0002743333333333333,0.0003363333333333333,c
c,ChooseHints,atax,5,MEDIUM,1.5104790419161676,0.00022266666666666667,0.0003363333333333333,c
c,FromPlan,atax,1,MEDIUM,1.046680497925311,0.00032133333333333336,0.0003363333333333333,c
c,FromPlan,atax,3,MEDIUM,1.6221864951768488,0.00020733333333333332,0.0003363333333333333,c
c,FromPlan,atax,4,MEDIUM,1.0254065040650404,0.000328,0.0003363333333333333,c
c,FromPlan,atax,5,MEDIUM,0.929097605893186,0.00036199999999999996,0.0003363333333333333,c
c,Naive,atax,1,MEDIUM,1.03913491246138,0.00032366666666666666,0.0003363333333333333,c
c,Naive,atax,2,MEDIUM,1.0029821073558647,0.0003353333333333333,0.0003363333333333333,c
c,Naive,atax,3,MEDIUM,1.0079920079920077,0.00033366666666666674,0.0003363333333333333,c
c,Naive,atax,4,MEDIUM,1.0445134575569357,0.000322,0.0003363333333333333,c
c,standard,atax,1,MEDIUM,1.0,0.0003363333333333333,0.0003363333333333333,c
exo,AllHints,atax,1,MEDIUM,0.9429906542056075,0.00035666666666666664,0.0003363333333333333,c
exo,AllHints,atax,2,MEDIUM,1.1611047180667433,0.00028966666666666664,0.0003363333333333333,c
exo,AllHints,atax,4,MEDIUM,1.4191279887482415,0.00023700000000000001,0.0003363333333333333,c
exo,ChooseHints,atax,1,MEDIUM,1.554699537750385,0.00021633333333333335,0.0003363333333333333,c
exo,ChooseHints,atax,2,MEDIUM,1.42112676056338,0.00023666666666666668,0.0003363333333333333,c
exo,ChooseHints,atax,3,MEDIUM,0.42627798901563146,0.0007890000000000001,0.0003363333333333333,c
exo,ChooseHints,atax,4,MEDIUM,1.3489304812834222,0.00024933333333333334,0.0003363333333333333,c
exo,ChooseHints,atax,5,MEDIUM,1.059873949579832,0.0003173333333333333,0.0003363333333333333,c
exo,FromPlan,atax,1,MEDIUM,0.9139492753623187,0.000368,0.0003363333333333333,c
exo,FromPlan,atax,2,MEDIUM,0.4860308285163776,0.000692,0.0003363333333333333,c
exo,FromPlan,atax,4,MEDIUM,0.8897707231040562,0.000378,0.0003363333333333333,c
exo,Naive,atax,4,MEDIUM,0.9872798434442269,0.00034066666666666664,0.0003363333333333333,c
exo,standard,atax,1,MEDIUM,0.9824732229795519,0.0003423333333333334,0.0003363333333333333,c
exo,standard,atax,2,MEDIUM,0.9843902439024388,0.0003416666666666667,0.0003363333333333333,c
exo,standard,atax,3,MEDIUM,0.9796116504854367,0.00034333333333333335,0.0003363333333333333,c
exo,standard,atax,4,MEDIUM,0.984390243902439,0.0003416666666666666,0.0003363333333333333,c
exo,standard,atax,5,MEDIUM,0.9815175097276263,0.0003426666666666667,0.0003363333333333333,c
halide,Naive,atax,2,MEDIUM,0.0809141940657578,0.004156666666666667,0.0003363333333333333,c
halide,standard,atax,1,MEDIUM,0.5344279661016949,0.0006293333333333333,0.0003363333333333333,c
halide,standard,atax,2,MEDIUM,0.8014297061159649,0.0004196666666666667,0.0003363333333333333,c
halide,standard,atax,3,MEDIUM,0.8059105431309903,0.00041733333333333336,0.0003363333333333333,c
halide,standard,atax,4,MEDIUM,0.5468834688346883,0.000615,0.0003363333333333333,c
halide,standard,atax,5,MEDIUM,0.5439353099730458,0.0006183333333333333,0.0003363333333333333,c
noarr,AllHints,atax,1,MEDIUM,1.128635346756152,0.000298,0.0003363333333333333,c
noarr,AllHints,atax,2,MEDIUM,1.082618025751073,0.0003106666666666666,0.0003363333333333333,c
noarr,AllHints,atax,3,MEDIUM,0.13182649594983015,0.002551333333333333,0.0003363333333333333,c
noarr,AllHints,atax,4,MEDIUM,1.0814576634512323,0.000311,0.0003363333333333333,c
noarr,AllHints,atax,5,MEDIUM,0.12817581300813005,0.002624,0.0003363333333333333,c
noarr,ChooseHints,atax,1,MEDIUM,1.08963282937365,0.00030866666666666667,0.0003363333333333333,c
noarr,ChooseHints,atax,2,MEDIUM,1.128635346756152,0.000298,0.0003363333333333333,c
noarr,ChooseHints,atax,3,MEDIUM,0.6808367071524966,0.000494,0.0003363333333333333,c
noarr,ChooseHints,atax,4,MEDIUM,1.0849462365591396,0.00031,0.0003363333333333333,c
noarr,ChooseHints,atax,5,MEDIUM,1.077991452991453,0.000312,0.0003363333333333333,c
noarr,FromPlan,atax,2,MEDIUM,0.8170040485829958,0.0004116666666666667,0.0003363333333333333,c
noarr,FromPlan,atax,4,MEDIUM,0.9131221719457011,0.00036833333333333336,0.0003363333333333333,c
noarr,Naive,atax,1,MEDIUM,1.0931744312026002,0.00030766666666666665,0.0003363333333333333,c
noarr,Naive,atax,2,MEDIUM,1.1997621878715812,0.00028033333333333333,0.0003363333333333333,c
noarr,Naive,atax,3,MEDIUM,1.1003271537622679,0.0003056666666666667,0.0003363333333333333,c
noarr,Naive,atax,4,MEDIUM,1.1856639247943594,0.00028366666666666666,0.0003363333333333333,c
noarr,Naive,atax,5,MEDIUM,1.0734042553191487,0.0003133333333333333,0.0003363333333333333,c
noarr,standard,atax,1,MEDIUM,1.0316973415132922,0.00032600000000000006,0.0003363333333333333,c
noarr,standard,atax,2,MEDIUM,1.0919913419913418,0.000308,0.0003363333333333333,c
noarr,standard,atax,3,MEDIUM,1.0455958549222797,0.00032166666666666666,0.0003363333333333333,c
noarr,standard,atax,4,MEDIUM,1.0316973415132922,0.00032600000000000006,0.0003363333333333333,c
noarr,standard,atax,5,MEDIUM,1.0745473908413206,0.00031299999999999996,0.0003363333333333333,c
c,AllHints,bicg,1,MEDIUM,2.8231511254019295,0.00020733333333333332,0.0005853333333333333,c
c,AllHints,bicg,3,MEDIUM,3.1245551601423487,0.00018733333333333332,0.0005853333333333333,c
c,AllHints,bicg,4,MEDIUM,2.9712351945854483,0.000197,0.0005853333333333333,c
c,AllHints,bicg,5,MEDIUM,3.436399217221135,0.00017033333333333332,0.0005853333333333333,c
c,ChooseHints,bicg,1,MEDIUM,2.445682451253482,0.00023933333333333334,0.0005853333333333333,c
c,ChooseHints,bicg,2,MEDIUM,3.048611111111111,0.000192,0.0005853333333333333,c
c,ChooseHints,bicg,3,MEDIUM,3.2043795620437954,0.00018266666666666667,0.0005853333333333333,c
c,ChooseHints,bicg,4,MEDIUM,2.4120879120879124,0.00024266666666666664,0.0005853333333333333,c
c,ChooseHints,bicg,5,MEDIUM,3.09700176366843,0.000189,0.0005853333333333333,c
c,FromPlan,bicg,1,MEDIUM,3.613168724279835,0.000162,0.0005853333333333333,c
c,FromPlan,bicg,2,MEDIUM,2.425414364640884,0.0002413333333333333,0.0005853333333333333,c
c,FromPlan,bicg,3,MEDIUM,2.3761840324763193,0.0002463333333333333,0.0005853333333333333,c
c,FromPlan,bicg,4,MEDIUM,2.2805194805194806,0.00025666666666666665,0.0005853333333333333,c
c,FromPlan,bicg,5,MEDIUM,2.353887399463807,0.0002486666666666666,0.0005853333333333333,c
c,Naive,bicg,1,MEDIUM,2.4943181818181817,0.00023466666666666666,0.0005853333333333333,c
c,Naive,bicg,2,MEDIUM,2.480225988700565,0.000236,0.0005853333333333333,c
c,Naive,bicg,3,MEDIUM,2.4767277856135403,0.00023633333333333332,0.0005853333333333333,c
c,Naive,bicg,4,MEDIUM,2.3044619422572175,0.00025400000000000005,0.0005853333333333333,c
c,Naive,bicg,5,MEDIUM,2.5085714285714285,0.00023333333333333333,0.0005853333333333333,c
c,standard,bicg,1,MEDIUM,1.0,0.0005853333333333333,0.0005853333333333333,c
exo,AllHints,bicg,2,MEDIUM,1.7665995975855129,0.0003313333333333334,0.0005853333333333333,c
exo,AllHints,bicg,3,MEDIUM,1.0115207373271888,0.0005786666666666667,0.0005853333333333333,c
exo,AllHints,bicg,4,MEDIUM,2.0300578034682077,0.00028833333333333337,0.0005853333333333333,c
exo,AllHints,bicg,5,MEDIUM,2.070754716981132,0.0002826666666666667,0.0005853333333333333,c
exo,ChooseHints,bicg,1,MEDIUM,2.034762456546929,0.0002876666666666667,0.0005853333333333333,c
exo,ChooseHints,bicg,2,MEDIUM,2.034762456546929,0.0002876666666666667,0.0005853333333333333,c
exo,ChooseHints,bicg,4,MEDIUM,0.9420600858369098,0.0006213333333333333,0.0005853333333333333,c
exo,ChooseHints,bicg,5,MEDIUM,0.9232386961093585,0.000634,0.0005853333333333333,c
exo,FromPlan,bicg,2,MEDIUM,1.7863682604272635,0.00032766666666666664,0.0005853333333333333,c
exo,Naive,bicg,1,MEDIUM,1.0299120234604104,0.0005683333333333333,0.0005853333333333333,c
exo,Naive,bicg,2,MEDIUM,0.9810055865921787,0.0005966666666666667,0.0005853333333333333,c
exo,Naive,bicg,3,MEDIUM,2.200501253132832,0.000266,0.0005853333333333333,c
exo,Naive,bicg,4,MEDIUM,1.039668442865601,0.000563,0.0005853333333333333,c
exo,Naive,bicg,5,MEDIUM,1.0057273768613975,0.000582,0.0005853333333333333,c
exo,standard,bicg,1,MEDIUM,0.9982944855031267,0.0005863333333333333,0.0005853333333333333,c
exo,standard,bicg,2,MEDIUM,0.9848569826135726,0.0005943333333333333,0.0005853333333333333,c
exo,standard,bicg,3,MEDIUM,1.0132717830351992,0.0005776666666666666,0.0005853333333333333,c
exo,standard,bicg,4,MEDIUM,0.9971607041453721,0.000587,0.0005853333333333333,c
exo,standard,bicg,5,MEDIUM,1.0074584050487665,0.000581,0.0005853333333333333,c
halide,AllHints,bicg,5,MEDIUM,0.21141343607031057,0.002768666666666667,0.0005853333333333333,c
halide,FromPlan,bicg,1,MEDIUM,0.12792307131929775,0.004575666666666666,0.0005853333333333333,c
halide,FromPlan,bicg,4,MEDIUM,0.10885871923625318,0.005377,0.0005853333333333333,c
halide,standard,bicg,1,MEDIUM,0.8401913875598087,0.0006966666666666666,0.0005853333333333333,c
halide,standard,bicg,2,MEDIUM,1.31338818249813,0.0004456666666666667,0.0005853333333333333,c
halide,standard,bicg,3,MEDIUM,0.8458574181117535,0.0006919999999999999,0.0005853333333333333,c
halide,standard,bicg,4,MEDIUM,0.8582600195503421,0.000682,0.0005853333333333333,c
halide,standard,bicg,5,MEDIUM,0.8422062350119904,0.000695,0.0005853333333333333,c
noarr,AllHints,bicg,1,MEDIUM,2.295424836601307,0.000255,0.0005853333333333333,c
noarr,AllHints,bicg,2,MEDIUM,0.22728449391664507,0.0025753333333333336,0.0005853333333333333,c
noarr,AllHints,bicg,3,MEDIUM,2.239795918367347,0.0002613333333333333,0.0005853333333333333,c
noarr,AllHints,bicg,4,MEDIUM,2.2924281984334205,0.0002553333333333333,0.0005853333333333333,c
noarr,AllHints,bicg,5,MEDIUM,2.4767277856135403,0.00023633333333333332,0.0005853333333333333,c
noarr,ChooseHints,bicg,1,MEDIUM,2.28051948051948,0.0002566666666666667,0.0005853333333333333,c
noarr,ChooseHints,bicg,2,MEDIUM,1.1469627694317441,0.0005103333333333332,0.0005853333333333333,c
noarr,ChooseHints,bicg,3,MEDIUM,2.203262233375157,0.00026566666666666666,0.0005853333333333333,c
noarr,ChooseHints,bicg,4,MEDIUM,2.332005312084993,0.00025100000000000003,0.0005853333333333333,c
noarr,ChooseHints,bicg,5,MEDIUM,2.2864583333333335,0.000256,0.0005853333333333333,c
noarr,FromPlan,bicg,2,MEDIUM,1.988674971687429,0.00029433333333333335,0.0005853333333333333,c
noarr,FromPlan,bicg,5,MEDIUM,2.0045662100456623,0.000292,0.0005853333333333333,c
noarr,Naive,bicg,1,MEDIUM,2.319682959048877,0.00025233333333333336,0.0005853333333333333,c
noarr,Naive,bicg,2,MEDIUM,2.4054794520547946,0.00024333333333333333,0.0005853333333333333,c
noarr,Naive,bicg,3,MEDIUM,2.2716688227684347,0.0002576666666666667,0.0005853333333333333,c
noarr,Naive,bicg,4,MEDIUM,2.4355062413314843,0.0002403333333333333,0.0005853333333333333,c
noarr,Naive,bicg,5,MEDIUM,2.236942675159235,0.0002616666666666667,0.0005853333333333333,c
noarr,standard,bicg,1,MEDIUM,1.1285347043701799,0.0005186666666666667,0.0005853333333333333,c
noarr,standard,bicg,2,MEDIUM,1.1314432989690721,0.0005173333333333333,0.0005853333333333333,c
noarr,standard,bicg,3,MEDIUM,1.0975,0.0005333333333333334,0.0005853333333333333,c
noarr,standard,bicg,4,MEDIUM,1.124919923126201,0.0005203333333333334,0.0005853333333333333,c
noarr,standard,bicg,5,MEDIUM,1.1256410256410254,0.0005200000000000001,0.0005853333333333333,c
c,AllHints,cholesky,1,MEDIUM,1.069901871663986,0.014301,0.015300666666666666,c
c,AllHints,cholesky,2,MEDIUM,1.0721509821783102,0.014271,0.015300666666666666,c
c,AllHints,cholesky,3,MEDIUM,1.008657818405555,0.015169333333333333,0.015300666666666666,c
c,AllHints,cholesky,4,MEDIUM,1.0209065433032338,0.014987333333333333,0.015300666666666666,c
c,AllHints,cholesky,5,MEDIUM,1.0677863589839025,0.014329333333333333,0.015300666666666666,c
c,ChooseHints,cholesky,1,MEDIUM,1.0652093195952845,0.014364,0.015300666666666666,c
c,ChooseHints,cholesky,3,MEDIUM,1.0669920966992095,0.01434,0.015300666666666666,c
c,ChooseHints,cholesky,5,MEDIUM,1.0750386434961825,0.014232666666666666,0.015300666666666666,c
c,FromPlan,cholesky,1,MEDIUM,2.2686699945633366,0.006744333333333334,0.015300666666666666,c
c,FromPlan,cholesky,2,MEDIUM,1.0678608817029196,0.014328333333333332,0.015300666666666666,c
c,FromPlan,cholesky,3,MEDIUM,1.0673890800855732,0.014334666666666667,0.015300666666666666,c
c,FromPlan,cholesky,4,MEDIUM,2.0531377197298384,0.0074523333333333325,0.015300666666666666,c
c,FromPlan,cholesky,5,MEDIUM,3.6226027937810743,0.004223666666666667,0.015300666666666666,c
c,Naive,cholesky,1,MEDIUM,1.0823645924214198,0.014136333333333334,0.015300666666666666,c
c,Naive,cholesky,2,MEDIUM,1.0735049931008676,0.014253,0.015300666666666666,c
c,Naive,cholesky,3,MEDIUM,1.0630384437239462,0.014393333333333333,0.015300666666666666,c
c,Naive,cholesky,4,MEDIUM,1.0174668617280664,0.015038000000000001,0.015300666666666666,c
c,Naive,cholesky,5,MEDIUM,1.0260869565217392,0.014911666666666665,0.015300666666666666,c
c,standard,cholesky,1,MEDIUM,1.0,0.015300666666666666,0.015300666666666666,c
exo,AllHints,cholesky,1,MEDIUM,1.0559466298596731,0.014490000000000001,0.015300666666666666,c
exo,AllHints,cholesky,2,MEDIUM,1.0532088199527339,0.014527666666666666,0.015300666666666666,c
exo,AllHints,cholesky,3,MEDIUM,0.9849791854426847,0.015534000000000001,0.015300666666666666,c
exo,AllHints,cholesky,5,MEDIUM,0.9890540831717302,0.01547,0.015300666666666666,c
exo,ChooseHints,cholesky,2,MEDIUM,1.0649374753497436,0.014367666666666667,0.015300666666666666,c
exo,ChooseHints,cholesky,3,MEDIUM,1.0445329389008988,0.014648333333333333,0.015300666666666666,c
exo,ChooseHints,cholesky,4,MEDIUM,0.9881172773065828,0.015484666666666666,0.015300666666666666,c
exo,ChooseHints,cholesky,5,MEDIUM,1.0587719702910918,0.014451333333333335,0.015300666666666666,c
exo,FromPlan,cholesky,1,MEDIUM,1.0631123051624707,0.014392333333333333,0.015300666666666666,c
exo,FromPlan,cholesky,2,MEDIUM,1.0587231294399853,0.014452,0.015300666666666666,c
exo,FromPlan,cholesky,4,MEDIUM,1.0626446893230854,0.014398666666666666,0.015300666666666666,c
exo,FromPlan,cholesky,5,MEDIUM,1.0435355900606997,0.014662333333333333,0.015300666666666666,c
exo,Naive,cholesky,1,MEDIUM,0.4522097215928122,0.033835333333333335,0.015300666666666666,c
exo,Naive,cholesky,3,MEDIUM,1.0601413460206015,0.014432666666666665,0.015300666666666666,c
exo,Naive,cholesky,4,MEDIUM,1.0570408750719629,0.014475000000000002,0.015300666666666666,c
exo,Naive,cholesky,5,MEDIUM,0.4222387798842803,0.036237,0.015300666666666666,c
exo,standard,cholesky,1,MEDIUM,0.9667649536647009,0.015826666666666666,0.015300666666666666,c
exo,standard,cholesky,2,MEDIUM,0.9811474008207933,0.015594666666666666,0.015300666666666666,c
exo,standard,cholesky,3,MEDIUM,0.981336183858899,0.015591666666666665,0.015300666666666666,c
exo,standard,cholesky,4,MEDIUM,0.9810215858089335,0.015596666666666667,0.015300666666666666,c
exo,standard,cholesky,5,MEDIUM,0.9815250395586536,0.015588666666666667,0.015300666666666666,c
halide,AllHints,cholesky,4,MEDIUM,0.027628156860904005,0.553807,0.015300666666666666,c
halide,ChooseHints,cholesky,2,MEDIUM,1.121969104419241,0.013637333333333335,0.015300666666666666,c
halide,Naive,cholesky,1,MEDIUM,1.1238645545136252,0.013614333333333334,0.015300666666666666,c
halide,Naive,cholesky,4,MEDIUM,1.0584789927593043,0.014455333333333334,0.015300666666666666,c
halide,standard,cholesky,1,MEDIUM,1.103360415364646,0.013867333333333334,0.015300666666666666,c
c,AllHints,correlation,1,MEDIUM,11.725658103393595,0.001051,0.012323666666666669,c
c,AllHints,correlation,2,MEDIUM,15.632558139534888,0.0007883333333333333,0.012323666666666669,c
c,AllHints,correlation,3,MEDIUM,13.820934579439255,0.0008916666666666666,0.012323666666666669,c
c,AllHints,correlation,4,MEDIUM,11.302659737083465,0.0010903333333333331,0.012323666666666669,c
c,ChooseHints,correlation,1,MEDIUM,3.401821862348179,0.0036226666666666664,0.012323666666666669,c
c,ChooseHints,correlation,2,MEDIUM,2.51110507369422,0.004907666666666667,0.012323666666666669,c
c,ChooseHints,correlation,3,MEDIUM,14.741228070175442,0.0008359999999999999,0.012323666666666669,c
c,ChooseHints,correlation,5,MEDIUM,10.706921517520998,0.001151,0.012323666666666669,c
c,FromPlan,correlation,1,MEDIUM,3.442044502374081,0.0035803333333333334,0.012323666666666669,c
c,FromPlan,correlation,2,MEDIUM,3.4510407915616548,0.003571,0.012323666666666669,c
c,FromPlan,correlation,3,MEDIUM,3.437244328746747,0.003585333333333333,0.012323666666666669,c
c,FromPlan,correlation,4,MEDIUM,1.1610401030053705,0.010614333333333332,0.012323666666666669,c
c,FromPlan,correlation,5,MEDIUM,3.42165664044424,0.003601666666666666,0.012323666666666669,c
c,Naive,correlation,1,MEDIUM,3.597450617884597,0.0034256666666666667,0.012323666666666669,c
c,Naive,correlation,2,MEDIUM,3.4143886220908755,0.0036093333333333338,0.012323666666666669,c
c,Naive,correlation,3,MEDIUM,3.4191251271617507,0.003604333333333333,0.012323666666666669,c
c,Naive,correlation,4,MEDIUM,3.2173875206683498,0.003830333333333333,0.012323666666666669,c
c,Naive,correlation,5,MEDIUM,3.381906330040249,0.003644,0.012323666666666669,c
c,standard,correlation,1,MEDIUM,1.0,0.012323666666666669,0.012323666666666669,c
exo,AllHints,correlation,1,MEDIUM,10.043738114642762,0.001227,0.012323666666666669,c
exo,AllHints,correlation,2,MEDIUM,8.889396489540756,0.0013863333333333334,0.012323666666666669,c
exo,AllHints,correlation,3,MEDIUM,13.769459962756056,0.000895,0.012323666666666669,c
exo,AllHints,correlation,4,MEDIUM,10.672921478060047,0.0011546666666666667,0.012323666666666669,c
exo,AllHints,correlation,5,MEDIUM,3.282809447700231,0.0037540000000000004,0.012323666666666669,c
exo,ChooseHints,correlation,1,MEDIUM,12.748620689655176,0.0009666666666666666,0.012323666666666669,c
exo,ChooseHints,correlation,2,MEDIUM,11.10907451923077,0.0011093333333333335,0.012323666666666669,c
exo,ChooseHints,correlation,3,MEDIUM,11.492384208890272,0.0010723333333333333,0.012323666666666669,c
exo,ChooseHints,correlation,4,MEDIUM,12.58801498127341,0.000979,0.012323666666666669,c
exo,ChooseHints,correlation,5,MEDIUM,10.190463065049617,0.0012093333333333333,0.012323666666666669,c
exo,FromPlan,correlation,2,MEDIUM,3.1507584796318393,0.0039113333333333335,0.012323666666666669,c
exo,FromPlan,correlation,3,MEDIUM,3.2187880898485117,0.0038286666666666664,0.012323666666666669,c
exo,FromPlan,correlation,4,MEDIUM,3.1634294515273385,0.0038956666666666666,0.012323666666666669,c
exo,Naive,correlation,2,MEDIUM,3.10706782082528,0.003966333333333333,0.012323666666666669,c
exo,Naive,correlation,3,MEDIUM,9.778101031473156,0.0012603333333333334,0.012323666666666669,c
exo,Naive,correlation,5,MEDIUM,3.033144638608582,0.004063,0.012323666666666669,c
exo,standard,correlation,1,MEDIUM,0.8902024993378442,0.013843666666666666,0.012323666666666669,c
exo,standard,correlation,2,MEDIUM,0.9010065069578146,0.013677666666666666,0.012323666666666669,c
exo,standard,correlation,3,MEDIUM,0.8906743115950758,0.013836333333333334,0.012323666666666669,c
halide,AllHints,correlation,1,MEDIUM,3.1915573204419894,0.0038613333333333334,0.012323666666666669,c
halide,AllHints,correlation,2,MEDIUM,0.6526789654868038,0.018881666666666668,0.012323666666666669,c
halide,AllHints,correlation,4,MEDIUM,3.6424630541871927,0.0033833333333333332,0.012323666666666669,c
halide,Naive,correlation,1,MEDIUM,2.4741350465100718,0.004981,0.012323666666666669,c
halide,Naive,correlation,2,MEDIUM,2.719855808136541,0.004531,0.012323666666666669,c
halide,Naive,correlation,4,MEDIUM,2.774350892991145,0.004442000000000001,0.012323666666666669,c
halide,Naive,correlation,5,MEDIUM,2.657680971892747,0.004637,0.012323666666666669,c
halide,standard,correlation,4,MEDIUM,0.5816983180452193,0.02118566666666667,0.012323666666666669,c
noarr,AllHints,correlation,1,MEDIUM,1.1917671330023856,0.010340666666666666,0.012323666666666669,c
noarr,AllHints,correlation,2,MEDIUM,1.1291268362703482,0.010914333333333333,0.012323666666666669,c
noarr,AllHints,correlation,3,MEDIUM,1.2073740243623658,0.010207,0.012323666666666669,c
noarr,AllHints,correlation,4,MEDIUM,1.2040317853188305,0.010235333333333332,0.012323666666666669,c
noarr,AllHints,correlation,5,MEDIUM,1.1875562122574843,0.010377333333333334,0.012323666666666669,c
noarr,ChooseHints,correlation,1,MEDIUM,1.145215748226621,0.010761,0.012323666666666669,c
noarr,ChooseHints,correlation,2,MEDIUM,1.2021525655199325,0.010251333333333333,0.012323666666666669,c
noarr,ChooseHints,correlation,3,MEDIUM,1.180126404494382,0.010442666666666668,0.012323666666666669,c
noarr,ChooseHints,correlation,4,MEDIUM,2.6678452879203354,0.004619333333333333,0.012323666666666669,c
noarr,ChooseHints,correlation,5,MEDIUM,1.1447902152035918,0.010765000000000002,0.012323666666666669,c
noarr,FromPlan,correlation,1,MEDIUM,1.2531692766592097,0.009834,0.012323666666666669,c
noarr,FromPlan,correlation,2,MEDIUM,1.250076077768386,0.009858333333333332,0.012323666666666669,c
noarr,FromPlan,correlation,3,MEDIUM,1.2466617210682494,0.009885333333333335,0.012323666666666669,c
noarr,FromPlan,correlation,4,MEDIUM,1.2527021990309357,0.009837666666666666,0.012323666666666669,c
noarr,FromPlan,correlation,5,MEDIUM,1.2520658358168522,0.009842666666666666,0.012323666666666669,c
noarr,Naive,correlation,1,MEDIUM,1.203326389792996,0.010241333333333333,0.012323666666666669,c
noarr,Naive,correlation,2,MEDIUM,1.2097444455351594,0.010187,0.012323666666666669,c
noarr,Naive,correlation,3,MEDIUM,2.776225876698957,0.004438999999999999,0.012323666666666669,c
noarr,Naive,correlation,4,MEDIUM,1.1426672848091486,0.010785000000000001,0.012323666666666669,c
noarr,Naive,correlation,5,MEDIUM,1.1477399726809887,0.010737333333333333,0.012323666666666669,c
noarr,standard,correlation,1,MEDIUM,1.192420577326238,0.010334999999999999,0.012323666666666669,c
noarr,standard,correlation,2,MEDIUM,1.1288165608207132,0.010917333333333334,0.012323666666666669,c
noarr,standard,correlation,3,MEDIUM,1.1254490106544903,0.01095,0.012323666666666669,c
noarr,standard,correlation,4,MEDIUM,1.1320656500704271,0.010886,0.012323666666666669,c
noarr,standard,correlation,5,MEDIUM,1.1282653808593752,0.010922666666666666,0.012323666666666669,c
c,AllHints,covariance,1,MEDIUM,23.75549805950841,0.0005153333333333334,0.012242000000000001,c
c,AllHints,covariance,2,MEDIUM,13.27285869172389,0.0009223333333333333,0.012242000000000001,c
c,AllHints,covariance,3,MEDIUM,14.256987577639752,0.0008586666666666668,0.012242000000000001,c
c,AllHints,covariance,5,MEDIUM,6.825125441367776,0.0017936666666666667,0.012242000000000001,c
c,ChooseHints,covariance,1,MEDIUM,3.436190119760479,0.0035626666666666667,0.012242000000000001,c
c,ChooseHints,covariance,2,MEDIUM,14.941415785191213,0.0008193333333333334,0.012242000000000001,c
c,ChooseHints,covariance,3,MEDIUM,3.372761502433649,0.0036296666666666665,0.012242000000000001,c
c,ChooseHints,covariance,4,MEDIUM,3.4696268304204065,0.0035283333333333334,0.012242000000000001,c
c,ChooseHints,covariance,5,MEDIUM,3.388319955715472,0.003613,0.012242000000000001,c
c,FromPlan,covariance,1,MEDIUM,3.107106598984772,0.00394,0.012242000000000001,c
c,FromPlan,covariance,2,MEDIUM,3.370904084442405,0.0036316666666666667,0.012242000000000001,c
c,FromPlan,covariance,3,MEDIUM,3.3044808349829045,0.003704666666666667,0.012242000000000001,c
c,FromPlan,covariance,4,MEDIUM,2.74013280608819,0.004467666666666666,0.012242000000000001,c
c,FromPlan,covariance,5,MEDIUM,3.0640747538795265,0.003995333333333333,0.012242000000000001,c
c,Naive,covariance,1,MEDIUM,1.071541109879209,0.011424666666666666,0.012242000000000001,c
c,Naive,covariance,2,MEDIUM,1.1078064671814674,0.011050666666666667,0.012242000000000001,c
c,Naive,covariance,3,MEDIUM,3.4507187822982246,0.0035476666666666664,0.012242000000000001,c
c,Naive,covariance,4,MEDIUM,1.1052061390309962,0.011076666666666667,0.012242000000000001,c
c,Naive,covariance,5,MEDIUM,3.3570383912248634,0.0036466666666666665,0.012242000000000001,c
c,standard,covariance,1,MEDIUM,1.0,0.012242000000000001,0.012242000000000001,c
exo,AllHints,covariance,1,MEDIUM,0.4485344406448461,0.027293333333333336,0.012242000000000001,c
exo,AllHints,covariance,3,MEDIUM,1.8302601415329416,0.0066886666666666665,0.012242000000000001,c
exo,ChooseHints,covariance,1,MEDIUM,14.179922779922778,0.0008633333333333335,0.012242000000000001,c
exo,ChooseHints,covariance,2,MEDIUM,3.210314685314686,0.003813333333333333,0.012242000000000001,c
exo,ChooseHints,covariance,3,MEDIUM,11.756081946222793,0.0010413333333333333,0.012242000000000001,c
exo,ChooseHints,covariance,5,MEDIUM,12.29116465863454,0.000996,0.012242000000000001,c
exo,FromPlan,covariance,1,MEDIUM,3.2870312360153946,0.0037243333333333334,0.012242000000000001,c
exo,FromPlan,covariance,3,MEDIUM,3.083886136535394,0.0039696666666666665,0.012242000000000001,c
exo,FromPlan,covariance,4,MEDIUM,3.240052933392149,0.003778333333333333,0.012242000000000001,c
exo,FromPlan,covariance,5,MEDIUM,3.1988502743663445,0.003827,0.012242000000000001,c
exo,Naive,covariance,1,MEDIUM,3.259029195137102,0.0037563333333333333,0.012242000000000001,c
exo,Naive,covariance,2,MEDIUM,0.44450092589230605,0.027541,0.012242000000000001,c
exo,Naive,covariance,3,MEDIUM,13.577079482439927,0.0009016666666666666,0.012242000000000001,c
exo,Naive,covariance,5,MEDIUM,25.790730337078656,0.00047466666666666664,0.012242000000000001,c
exo,standard,covariance,1,MEDIUM,0.8993094666731966,0.013612666666666667,0.012242000000000001,c
exo,standard,covariance,2,MEDIUM,0.8979901217663455,0.013632666666666668,0.012242000000000001,c
exo,standard,covariance,3,MEDIUM,0.9010967441175749,0.013585666666666668,0.012242000000000001,c
exo,standard,covariance,4,MEDIUM,0.8978145015401164,0.013635333333333333,0.012242000000000001,c
exo,standard,covariance,5,MEDIUM,0.8994636428204061,0.013610333333333334,0.012242000000000001,c
halide,AllHints,covariance,2,MEDIUM,0.09565905929788554,0.12797533333333333,0.012242000000000001,c
halide,ChooseHints,covariance,5,MEDIUM,3.7640668238187973,0.003252333333333333,0.012242000000000001,c
halide,Naive,covariance,4,MEDIUM,2.950827575124539,0.004148666666666666,0.012242000000000001,c
halide,Naive,covariance,5,MEDIUM,6.496727401379799,0.0018843333333333333,0.012242000000000001,c
halide,standard,covariance,2,MEDIUM,0.5521710368053885,0.02217066666666667,0.012242000000000001,c
halide,standard,covariance,4,MEDIUM,3.212223130534791e-05,381.10677566666664,0.012242000000000001,c
noarr,AllHints,covariance,1,MEDIUM,4.386765408504539,0.002790666666666667,0.012242000000000001,c
noarr,AllHints,covariance,2,MEDIUM,1.1996472202260406,0.010204666666666666,0.012242000000000001,c
noarr,AllHints,covariance,3,MEDIUM,4.444632699987899,0.002754333333333333,0.012242000000000001,c
noarr,AllHints,covariance,4,MEDIUM,4.4147133068878475,0.002773,0.012242000000000001,c
noarr,AllHints,covariance,5,MEDIUM,1.1232223139737594,0.010898999999999999,0.012242000000000001,c
noarr,ChooseHints,covariance,1,MEDIUM,4.491927592954991,0.002725333333333333,0.012242000000000001,c
noarr,ChooseHints,covariance,2,MEDIUM,4.443019598354706,0.0027553333333333336,0.012242000000000001,c
noarr,ChooseHints,covariance,3,MEDIUM,1.1899300155520995,0.010288,0.012242000000000001,c
noarr,ChooseHints,covariance,4,MEDIUM,4.382054647416776,0.0027936666666666665,0.012242000000000001,c
noarr,ChooseHints,covariance,5,MEDIUM,4.430691277596816,0.002763,0.012242000000000001,c
noarr,FromPlan,covariance,1,MEDIUM,1.2469781339128074,0.009817333333333332,0.012242000000000001,c
noarr,FromPlan,covariance,2,MEDIUM,4.485344406448461,0.0027293333333333336,0.012242000000000001,c
noarr,FromPlan,covariance,4,MEDIUM,1.279116745611591,0.009570666666666667,0.012242000000000001,c
noarr,FromPlan,covariance,5,MEDIUM,4.594770424121107,0.0026643333333333332,0.012242000000000001,c
noarr,Naive,covariance,1,MEDIUM,1.196325613212157,0.010232999999999999,0.012242000000000001,c
noarr,Naive,covariance,2,MEDIUM,1.172006637732959,0.010445333333333334,0.012242000000000001,c
noarr,Naive,covariance,3,MEDIUM,4.759720062208398,0.002572,0.012242000000000001,c
noarr,Naive,covariance,4,MEDIUM,4.556575682382134,0.0026866666666666666,0.012242000000000001,c
noarr,Naive,covariance,5,MEDIUM,4.506810651613695,0.002716333333333333,0.012242000000000001,c
noarr,standard,covariance,1,MEDIUM,1.1901999546294197,0.010285666666666667,0.012242000000000001,c
noarr,standard,covariance,2,MEDIUM,1.1189787026598823,0.010940333333333335,0.012242000000000001,c
noarr,standard,covariance,3,MEDIUM,1.1207543715096586,0.010923,0.012242000000000001,c
noarr,standard,covariance,4,MEDIUM,1.172418196328811,0.010441666666666667,0.012242000000000001,c
noarr,standard,covariance,5,MEDIUM,1.1168688988231004,0.010960999999999999,0.012242000000000001,c
c,AllHints,deriche,1,MEDIUM,3.90516717325228,0.0027416666666666666,0.010706666666666668,c
c,AllHints,deriche,2,MEDIUM,1.0471409010888701,0.010224666666666667,0.010706666666666668,c
c,AllHints,deriche,3,MEDIUM,3.3253960037270938,0.003219666666666667,0.010706666666666668,c
c,AllHints,deriche,4,MEDIUM,17.44703965236285,0.0006136666666666667,0.010706666666666668,c
c,AllHints,deriche,5,MEDIUM,3.1592406806334226,0.0033889999999999997,0.010706666666666668,c
c,ChooseHints,deriche,1,MEDIUM,2.498444306160548,0.004285333333333333,0.010706666666666668,c
c,ChooseHints,deriche,2,MEDIUM,4.007485963817842,0.0026716666666666664,0.010706666666666668,c
c,ChooseHints,deriche,3,MEDIUM,3.619970697621999,0.002957666666666667,0.010706666666666668,c
c,ChooseHints,deriche,4,MEDIUM,3.686868686868687,0.0029040000000000003,0.010706666666666668,c
c,ChooseHints,deriche,5,MEDIUM,1.4419753086419755,0.007425,0.010706666666666668,c
c,FromPlan,deriche,1,MEDIUM,1.166727206683618,0.009176666666666666,0.010706666666666668,c
c,FromPlan,deriche,2,MEDIUM,1.182012217560904,0.009058,0.010706666666666668,c
c,FromPlan,deriche,3,MEDIUM,1.1733761963907356,0.009124666666666668,0.010706666666666668,c
c,FromPlan,deriche,4,MEDIUM,1.137554894460972,0.009412,0.010706666666666668,c
c,FromPlan,deriche,5,MEDIUM,1.2513635655290636,0.008556,0.010706666666666668,c
c,Naive,deriche,1,MEDIUM,1.3309576099117393,0.008044333333333334,0.010706666666666668,c
c,Naive,deriche,2,MEDIUM,1.266261925411969,0.008455333333333334,0.010706666666666668,c
c,Naive,deriche,3,MEDIUM,0.8993923781256126,0.011904333333333334,0.010706666666666668,c
c,Naive,deriche,4,MEDIUM,0.9309065615580803,0.011501333333333334,0.010706666666666668,c
c,Naive,deriche,5,MEDIUM,0.8972818951308772,0.011932333333333331,0.010706666666666668,c
c,standard,deriche,1,MEDIUM,1.0,0.010706666666666668,0.010706666666666668,c
exo,AllHints,deriche,1,MEDIUM,1.776057506220625,0.0060283333333333335,0.010706666666666668,c
exo,AllHints,deriche,2,MEDIUM,3.360184119677791,0.003186333333333333,0.010706666666666668,c
exo,ChooseHints,deriche,2,MEDIUM,3.0156792789409446,0.0035503333333333337,0.010706666666666668,c
exo,FromPlan,deriche,3,MEDIUM,1.0936329588014984,0.00979,0.010706666666666668,c
exo,Naive,deriche,5,MEDIUM,1.0337946572256198,0.010356666666666667,0.010706666666666668,c
exo,standard,deriche,3,MEDIUM,0.8640912514796084,0.012390666666666666,0.010706666666666668,c
exo,standard,deriche,4,MEDIUM,0.8653250356960048,0.012373,0.010706666666666668,c
exo,standard,deriche,5,MEDIUM,0.8753236135713314,0.012231666666666667,0.010706666666666668,c
halide,AllHints,deriche,1,MEDIUM,0.14695924305924124,0.07285466666666666,0.010706666666666668,c
halide,AllHints,deriche,2,MEDIUM,0.7246638390037001,0.014774666666666667,0.010706666666666668,c
halide,AllHints,deriche,3,MEDIUM,0.1735887805009863,0.061678333333333335,0.010706666666666668,c
halide,ChooseHints,deriche,2,MEDIUM,0.5683748584371462,0.018837333333333334,0.010706666666666668,c
halide,ChooseHints,deriche,3,MEDIUM,0.15061709869827813,0.07108533333333333,0.010706666666666668,c
halide,ChooseHints,deriche,4,MEDIUM,0.6082296578234773,0.017602999999999997,0.010706666666666668,c
halide,ChooseHints,deriche,5,MEDIUM,0.6113670105447486,0.017512666666666666,0.010706666666666668,c
halide,FromPlan,deriche,1,MEDIUM,0.8789404553415062,0.012181333333333334,0.010706666666666668,c
halide,FromPlan,deriche,2,MEDIUM,0.8587316864506471,0.012468,0.010706666666666668,c
halide,FromPlan,deriche,4,MEDIUM,0.15336500584907012,0.06981166666666667,0.010706666666666668,c
halide,Naive,deriche,5,MEDIUM,0.8525321159358743,0.012558666666666668,0.010706666666666668,c
halide,standard,deriche,1,MEDIUM,0.48350920503981576,0.02214366666666667,0.010706666666666668,c
noarr,AllHints,deriche,1,MEDIUM,5.370339408125733,0.0019936666666666666,0.010706666666666668,c
noarr,AllHints,deriche,2,MEDIUM,5.461656180921612,0.0019603333333333335,0.010706666666666668,c
noarr,AllHints,deriche,3,MEDIUM,1.8087622480009014,0.005919333333333333,0.010706666666666668,c
noarr,ChooseHints,deriche,2,MEDIUM,1.9039715471250742,0.0056233333333333335,0.010706666666666668,c
noarr,ChooseHints,deriche,4,MEDIUM,1.9231229792839182,0.005567333333333334,0.010706666666666668,c
noarr,ChooseHints,deriche,5,MEDIUM,2.460360015319801,0.004351666666666667,0.010706666666666668,c
noarr,FromPlan,deriche,1,MEDIUM,1.9101992268807615,0.005605,0.010706666666666668,c
noarr,FromPlan,deriche,2,MEDIUM,2.456972385833397,0.004357666666666667,0.010706666666666668,c
noarr,FromPlan,deriche,3,MEDIUM,2.25783776184451,0.0047420000000000006,0.010706666666666668,c
noarr,FromPlan,deriche,4,MEDIUM,1.9437216338880487,0.005508333333333333,0.010706666666666668,c
noarr,FromPlan,deriche,5,MEDIUM,1.8711406268204591,0.0057220000000000005,0.010706666666666668,c
noarr,Naive,deriche,1,MEDIUM,1.4390036288696744,0.0074403333333333335,0.010706666666666668,c
noarr,Naive,deriche,3,MEDIUM,1.7266960541877219,0.006200666666666667,0.010706666666666668,c
noarr,Naive,deriche,4,MEDIUM,1.8528987597346411,0.005778333333333333,0.010706666666666668,c
noarr,Naive,deriche,5,MEDIUM,2.662908307080087,0.004020666666666666,0.010706666666666668,c
noarr,standard,deriche,1,MEDIUM,1.901716992303138,0.0056300000000000005,0.010706666666666668,c
noarr,standard,deriche,2,MEDIUM,1.8883009994121105,0.0056700000000000006,0.010706666666666668,c
noarr,standard,deriche,3,MEDIUM,1.8443870226815966,0.005805,0.010706666666666668,c
noarr,standard,deriche,4,MEDIUM,1.8956562795089709,0.005648,0.010706666666666668,c
noarr,standard,deriche,5,MEDIUM,1.6873292708552217,0.006345333333333334,0.010706666666666668,c
c,AllHints,doitgen,1,MEDIUM,77.92265193370166,0.00012066666666666667,0.009402666666666667,c
c,AllHints,doitgen,2,MEDIUM,62.54545454545454,0.00015033333333333335,0.009402666666666667,c
c,AllHints,doitgen,3,MEDIUM,83.45562130177515,0.00011266666666666666,0.009402666666666667,c
c,AllHints,doitgen,4,MEDIUM,80.13636363636364,0.00011733333333333333,0.009402666666666667,c
c,AllHints,doitgen,5,MEDIUM,45.42351046698872,0.00020700000000000002,0.009402666666666667,c
c,ChooseHints,doitgen,1,MEDIUM,3.73023009785771,0.0025206666666666663,0.009402666666666667,c
c,ChooseHints,doitgen,2,MEDIUM,81.7623188405797,0.00011500000000000002,0.009402666666666667,c
c,ChooseHints,doitgen,3,MEDIUM,76.86103542234333,0.00012233333333333332,0.009402666666666667,c
c,ChooseHints,doitgen,4,MEDIUM,67.64508393285372,0.000139,0.009402666666666667,c
c,ChooseHints,doitgen,5,MEDIUM,77.70798898071625,0.00012100000000000001,0.009402666666666667,c
c,FromPlan,doitgen,1,MEDIUM,3.322888443868536,0.0028296666666666665,0.009402666666666667,c
c,FromPlan,doitgen,2,MEDIUM,5.071556993887091,0.001854,0.009402666666666667,c
c,FromPlan,doitgen,3,MEDIUM,3.7336863004632694,0.0025183333333333334,0.009402666666666667,c
c,FromPlan,doitgen,4,MEDIUM,5.154970760233919,0.0018239999999999999,0.009402666666666667,c
c,FromPlan,doitgen,5,MEDIUM,5.230483960689782,0.0017976666666666668,0.009402666666666667,c
c,Naive,doitgen,1,MEDIUM,3.6965011138776043,0.0025436666666666667,0.009402666666666667,c
c,Naive,doitgen,2,MEDIUM,3.5154536390827515,0.0026746666666666668,0.009402666666666667,c
c,Naive,doitgen,3,MEDIUM,3.623378291586384,0.002595,0.009402666666666667,c
c,Naive,doitgen,4,MEDIUM,3.4262115875136643,0.0027443333333333334,0.009402666666666667,c
c,Naive,doitgen,5,MEDIUM,5.257781919850885,0.0017883333333333334,0.009402666666666667,c
c,standard,doitgen,1,MEDIUM,1.0,0.009402666666666667,0.009402666666666667,c
exo,AllHints,doitgen,1,MEDIUM,0.08969699282309583,0.104827,0.009402666666666667,c
exo,AllHints,doitgen,2,MEDIUM,5.2952881546836865,0.0017756666666666667,0.009402666666666667,c
exo,AllHints,doitgen,3,MEDIUM,12.89803383630544,0.000729,0.009402666666666667,c
exo,AllHints,doitgen,4,MEDIUM,6.858254315584731,0.001371,0.009402666666666667,c
exo,AllHints,doitgen,5,MEDIUM,6.271231658514895,0.0014993333333333334,0.009402666666666667,c
exo,ChooseHints,doitgen,1,MEDIUM,5.918590012589172,0.0015886666666666668,0.009402666666666667,c
exo,ChooseHints,doitgen,2,MEDIUM,5.697434861644113,0.0016503333333333333,0.009402666666666667,c
exo,ChooseHints,doitgen,3,MEDIUM,6.575291375291375,0.00143,0.009402666666666667,c
exo,ChooseHints,doitgen,4,MEDIUM,3.636926250644662,0.0025853333333333336,0.009402666666666667,c
exo,FromPlan,doitgen,2,MEDIUM,3.4589822194972415,0.002718333333333333,0.009402666666666667,c
exo,FromPlan,doitgen,4,MEDIUM,4.227817745803358,0.002224,0.009402666666666667,c
exo,FromPlan,doitgen,5,MEDIUM,3.723828382838284,0.002525,0.009402666666666667,c
exo,Naive,doitgen,2,MEDIUM,2.7180574291771054,0.0034593333333333334,0.009402666666666667,c
exo,Naive,doitgen,3,MEDIUM,1.250465466796702,0.007519333333333334,0.009402666666666667,c
exo,Naive,doitgen,4,MEDIUM,0.8371320037986705,0.011232,0.009402666666666667,c
exo,Naive,doitgen,5,MEDIUM,3.4492540963560767,0.0027260000000000006,0.009402666666666667,c
exo,standard,doitgen,1,MEDIUM,0.8949238578680204,0.010506666666666666,0.009402666666666667,c
exo,standard,doitgen,2,MEDIUM,0.89554892374119,0.010499333333333333,0.009402666666666667,c
exo,standard,doitgen,3,MEDIUM,0.8972295556474442,0.010479666666666667,0.009402666666666667,c
exo,standard,doitgen,4,MEDIUM,0.896317244447269,0.010490333333333332,0.009402666666666667,c
exo,standard,doitgen,5,MEDIUM,0.8975150338859017,0.010476333333333332,0.009402666666666667,c
halide,standard,doitgen,3,MEDIUM,1.243519661435373,0.007561333333333333,0.009402666666666667,c
halide,standard,doitgen,4,MEDIUM,1.9321871361052125,0.004866333333333334,0.009402666666666667,c
halide,standard,doitgen,5,MEDIUM,1.9257236482796287,0.004882666666666666,0.009402666666666667,c
noarr,AllHints,doitgen,1,MEDIUM,5.70896579639749,0.001647,0.009402666666666667,c
noarr,AllHints,doitgen,2,MEDIUM,3.704754399789861,0.002538,0.009402666666666667,c
noarr,AllHints,doitgen,3,MEDIUM,5.766148814390842,0.0016306666666666668,0.009402666666666667,c
noarr,AllHints,doitgen,4,MEDIUM,4.317110498928681,0.002178,0.009402666666666667,c
noarr,AllHints,doitgen,5,MEDIUM,5.592386994448851,0.0016813333333333333,0.009402666666666667,c
noarr,ChooseHints,doitgen,1,MEDIUM,5.702041641398828,0.001649,0.009402666666666667,c
noarr,ChooseHints,doitgen,2,MEDIUM,5.607952286282306,0.0016766666666666666,0.009402666666666667,c
noarr,ChooseHints,doitgen,3,MEDIUM,3.6931133804660905,0.002546,0.009402666666666667,c
noarr,ChooseHints,doitgen,4,MEDIUM,5.600158824697241,0.001679,0.009402666666666667,c
noarr,ChooseHints,doitgen,5,MEDIUM,3.7023231395196214,0.002539666666666667,0.009402666666666667,c
noarr,FromPlan,doitgen,1,MEDIUM,5.70896579639749,0.001647,0.009402666666666667,c
noarr,FromPlan,doitgen,2,MEDIUM,3.632243110996652,0.0025886666666666666,0.009402666666666667,c
noarr,FromPlan,doitgen,3,MEDIUM,3.8118918918918916,0.002466666666666667,0.009402666666666667,c
noarr,FromPlan,doitgen,4,MEDIUM,4.198243786277721,0.0022396666666666663,0.009402666666666667,c
noarr,FromPlan,doitgen,5,MEDIUM,5.63258785942492,0.0016693333333333334,0.009402666666666667,c
noarr,Naive,doitgen,1,MEDIUM,3.8320880315174572,0.0024536666666666665,0.009402666666666667,c
noarr,Naive,doitgen,2,MEDIUM,5.753212318988375,0.0016343333333333333,0.009402666666666667,c
noarr,Naive,doitgen,3,MEDIUM,3.6994098360655743,0.0025416666666666665,0.009402666666666667,c
noarr,Naive,doitgen,4,MEDIUM,3.702323139519622,0.0025396666666666666,0.009402666666666667,c
noarr,Naive,doitgen,5,MEDIUM,3.704754399789861,0.002538,0.009402666666666667,c
noarr,standard,doitgen,1,MEDIUM,1.3626394860151683,0.006900333333333334,0.009402666666666667,c
noarr,standard,doitgen,2,MEDIUM,1.2899213462593746,0.0072893333333333326,0.009402666666666667,c
noarr,standard,doitgen,3,MEDIUM,1.3534209768736207,0.006947333333333333,0.009402666666666667,c
noarr,standard,doitgen,5,MEDIUM,1.3750609339962951,0.006838,0.009402666666666667,c
c,AllHints,durbin,1,MEDIUM,0.024251133965060404,0.007422333333333334,0.00018,c
c,AllHints,durbin,3,MEDIUM,0.9854014598540146,0.00018266666666666667,0.00018,c
c,AllHints,durbin,4,MEDIUM,1.0650887573964498,0.000169,0.00018,c
c,AllHints,durbin,5,MEDIUM,1.0546875000000002,0.00017066666666666665,0.00018,c
c,ChooseHints,durbin,1,MEDIUM,1.0588235294117647,0.00017,0.00018,c
c,ChooseHints,durbin,2,MEDIUM,0.9660107334525939,0.00018633333333333335,0.00018,c
c,ChooseHints,durbin,3,MEDIUM,0.8681672025723474,0.00020733333333333332,0.00018,c
c,ChooseHints,durbin,4,MEDIUM,1.0650887573964496,0.00016900000000000002,0.00018,c
c,ChooseHints,durbin,5,MEDIUM,0.9310344827586208,0.00019333333333333333,0.00018,c
c,FromPlan,durbin,1,MEDIUM,1.0465116279069768,0.00017199999999999998,0.00018,c
c,FromPlan,durbin,2,MEDIUM,1.0778443113772458,0.00016699999999999997,0.00018,c
c,FromPlan,durbin,3,MEDIUM,1.0735586481113322,0.00016766666666666666,0.00018,c
c,FromPlan,durbin,4,MEDIUM,1.0364683301343571,0.00017366666666666667,0.00018,c
c,FromPlan,durbin,5,MEDIUM,1.056751467710372,0.00017033333333333332,0.00018,c
c,Naive,durbin,1,MEDIUM,1.0735586481113322,0.00016766666666666666,0.00018,c
c,Naive,durbin,2,MEDIUM,0.9294320137693632,0.00019366666666666667,0.00018,c
c,Naive,durbin,3,MEDIUM,1.0444874274661509,0.00017233333333333334,0.00018,c
c,Naive,durbin,4,MEDIUM,1.0465116279069768,0.00017199999999999998,0.00018,c
c,Naive,durbin,5,MEDIUM,1.0404624277456649,0.00017299999999999998,0.00018,c
c,standard,durbin,1,MEDIUM,1.0,0.00018,0.00018,c
exo,AllHints,durbin,1,MEDIUM,1.0266159695817492,0.00017533333333333333,0.00018,c
exo,AllHints,durbin,2,MEDIUM,0.8598726114649683,0.00020933333333333332,0.00018,c
exo,AllHints,durbin,3,MEDIUM,0.008635992899294728,0.020843,0.00018,c
exo,ChooseHints,durbin,1,MEDIUM,1.0227272727272727,0.00017600000000000002,0.00018,c
exo,ChooseHints,durbin,2,MEDIUM,0.6390532544378699,0.00028166666666666666,0.00018,c
exo,ChooseHints,durbin,3,MEDIUM,0.7510431154381085,0.00023966666666666667,0.00018,c
exo,ChooseHints,durbin,4,MEDIUM,0.0024030010813504868,0.07490633333333334,0.00018,c
exo,FromPlan,durbin,2,MEDIUM,0.783744557329463,0.00022966666666666667,0.00018,c
exo,FromPlan,durbin,5,MEDIUM,0.9015025041736228,0.00019966666666666668,0.00018,c
exo,Naive,durbin,3,MEDIUM,0.8294930875576038,0.000217,0.00018,c
exo,Naive,durbin,4,MEDIUM,1.0112359550561798,0.000178,0.00018,c
exo,standard,durbin,1,MEDIUM,0.8626198083067093,0.00020866666666666668,0.00018,c
exo,standard,durbin,2,MEDIUM,0.8544303797468356,0.00021066666666666665,0.00018,c
exo,standard,durbin,3,MEDIUM,0.8695652173913043,0.00020700000000000002,0.00018,c
exo,standard,durbin,4,MEDIUM,0.8653846153846155,0.000208,0.00018,c
exo,standard,durbin,5,MEDIUM,0.870967741935484,0.00020666666666666666,0.00018,c
halide,FromPlan,durbin,3,MEDIUM,0.11378002528445007,0.001582,0.00018,c
halide,standard,durbin,4,MEDIUM,0.226510067114094,0.0007946666666666666,0.00018,c
noarr,AllHints,durbin,1,MEDIUM,0.9712230215827338,0.00018533333333333336,0.00018,c
noarr,AllHints,durbin,2,MEDIUM,0.8585055643879174,0.00020966666666666668,0.00018,c
noarr,AllHints,durbin,3,MEDIUM,0.9591474245115456,0.00018766666666666663,0.00018,c
noarr,AllHints,durbin,4,MEDIUM,1.7475728155339807,0.000103,0.00018,c
noarr,AllHints,durbin,5,MEDIUM,1.0671936758893281,0.00016866666666666666,0.00018,c
noarr,ChooseHints,durbin,1,MEDIUM,0.8544303797468356,0.00021066666666666665,0.00018,c
noarr,ChooseHints,durbin,2,MEDIUM,1.0756972111553786,0.00016733333333333333,0.00018,c
noarr,ChooseHints,durbin,3,MEDIUM,1.0756972111553784,0.00016733333333333335,0.00018,c
noarr,ChooseHints,durbin,4,MEDIUM,0.9926470588235294,0.00018133333333333334,0.00018,c
noarr,ChooseHints,durbin,5,MEDIUM,0.9342560553633217,0.0001926666666666667,0.00018,c
noarr,FromPlan,durbin,1,MEDIUM,1.050583657587549,0.00017133333333333331,0.00018,c
noarr,FromPlan,durbin,2,MEDIUM,1.0821643286573148,0.00016633333333333333,0.00018,c
noarr,FromPlan,durbin,3,MEDIUM,1.0843373493975905,0.000166,0.00018,c
noarr,FromPlan,durbin,4,MEDIUM,1.0865191146881288,0.0001656666666666667,0.00018,c
noarr,FromPlan,durbin,5,MEDIUM,1.0526315789473684,0.000171,0.00018,c
noarr,Naive,durbin,1,MEDIUM,0.989010989010989,0.000182,0.00018,c
noarr,Naive,durbin,2,MEDIUM,0.9747292418772564,0.00018466666666666666,0.00018,c
noarr,Naive,durbin,3,MEDIUM,1.0756972111553786,0.00016733333333333333,0.00018,c
noarr,Naive,durbin,4,MEDIUM,1.0485436893203886,0.00017166666666666665,0.00018,c
noarr,Naive,durbin,5,MEDIUM,1.0735586481113322,0.00016766666666666666,0.00018,c
noarr,standard,durbin,1,MEDIUM,0.9278350515463919,0.00019399999999999997,0.00018,c
noarr,standard,durbin,2,MEDIUM,0.9342560553633217,0.0001926666666666667,0.00018,c
noarr,standard,durbin,3,MEDIUM,0.9660107334525939,0.00018633333333333335,0.00018,c
noarr,standard,durbin,5,MEDIUM,0.9625668449197861,0.00018700000000000002,0.00018,c
c,AllHints,fdtd-2d,1,MEDIUM,0.8781167245589296,0.009692333333333334,0.008511,c
c,AllHints,fdtd-2d,2,MEDIUM,0.829639979204575,0.010258666666666666,0.008511,c
c,AllHints,fdtd-2d,4,MEDIUM,0.8341119205514357,0.010203666666666666,0.008511,c
c,ChooseHints,fdtd-2d,2,MEDIUM,0.8956433281885786,0.009502666666666666,0.008511,c
c,ChooseHints,fdtd-2d,3,MEDIUM,0.9212368307115024,0.009238666666666666,0.008511,c
c,ChooseHints,fdtd-2d,5,MEDIUM,0.7978563839760013,0.010667333333333334,0.008511,c
c,FromPlan,fdtd-2d,1,MEDIUM,1.0143010368251697,0.008391000000000001,0.008511,c
c,FromPlan,fdtd-2d,2,MEDIUM,0.8309359541785993,0.010242666666666666,0.008511,c
c,FromPlan,fdtd-2d,3,MEDIUM,0.8415345571998286,0.010113666666666667,0.008511,c
c,FromPlan,fdtd-2d,5,MEDIUM,0.8294782665193945,0.010260666666666666,0.008511,c
c,Naive,fdtd-2d,1,MEDIUM,1.1784280241842433,0.007222333333333333,0.008511,c
c,Naive,fdtd-2d,2,MEDIUM,1.0042872876022655,0.008474666666666667,0.008511,c
c,Naive,fdtd-2d,3,MEDIUM,1.150135135135135,0.0074,0.008511,c
c,Naive,fdtd-2d,4,MEDIUM,1.082503073727053,0.007862333333333334,0.008511,c
c,Naive,fdtd-2d,5,MEDIUM,0.6334317398099679,0.013436333333333333,0.008511,c
c,standard,fdtd-2d,1,MEDIUM,1.0,0.008511,0.008511,c
exo,AllHints,fdtd-2d,3,MEDIUM,0.5032223733222964,0.016913,0.008511,c
exo,AllHints,fdtd-2d,4,MEDIUM,0.49920816470174206,0.017048999999999998,0.008511,c
exo,AllHints,fdtd-2d,5,MEDIUM,0.5751582456693622,0.014797666666666667,0.008511,c
exo,ChooseHints,fdtd-2d,4,MEDIUM,0.49762229584876233,0.017103333333333335,0.008511,c
exo,FromPlan,fdtd-2d,2,MEDIUM,0.6508871214438666,0.013075999999999999,0.008511,c
exo,FromPlan,fdtd-2d,4,MEDIUM,0.6060383090835726,0.014043666666666668,0.008511,c
exo,Naive,fdtd-2d,1,MEDIUM,0.4957767810333779,0.017167,0.008511,c
exo,Naive,fdtd-2d,2,MEDIUM,0.5738655518845661,0.014830999999999999,0.008511,c
exo,Naive,fdtd-2d,3,MEDIUM,0.6979471339146597,0.012194333333333335,0.008511,c
exo,standard,fdtd-2d,1,MEDIUM,0.8913908671973189,0.009548,0.008511,c
exo,standard,fdtd-2d,2,MEDIUM,0.8877029517087925,0.009587666666666666,0.008511,c
exo,standard,fdtd-2d,3,MEDIUM,0.798854890182091,0.010654000000000002,0.008511,c
exo,standard,fdtd-2d,4,MEDIUM,0.7970096141840428,0.010678666666666668,0.008511,c
exo,standard,fdtd-2d,5,MEDIUM,0.7841348811498065,0.010854,0.008511,c
halide,AllHints,fdtd-2d,1,MEDIUM,0.2670787962469012,0.031867,0.008511,c
halide,AllHints,fdtd-2d,5,MEDIUM,0.02959764452223909,0.2875566666666667,0.008511,c
halide,ChooseHints,fdtd-2d,1,MEDIUM,0.026353462343128624,0.32295566666666664,0.008511,c
halide,ChooseHints,fdtd-2d,5,MEDIUM,0.0170108182221553,0.5003286666666666,0.008511,c
halide,FromPlan,fdtd-2d,4,MEDIUM,0.01644426897937076,0.5175663333333334,0.008511,c
halide,FromPlan,fdtd-2d,5,MEDIUM,0.8134119146224912,0.010463333333333333,0.008511,c
halide,Naive,fdtd-2d,1,MEDIUM,0.015487028938477681,0.5495566666666667,0.008511,c
halide,Naive,fdtd-2d,3,MEDIUM,0.47905213981500594,0.017766333333333332,0.008511,c
halide,Naive,fdtd-2d,5,MEDIUM,0.03190524269127151,0.26675866666666664,0.008511,c
halide,standard,fdtd-2d,1,MEDIUM,0.2111736001984947,0.04030333333333334,0.008511,c
halide,standard,fdtd-2d,3,MEDIUM,0.3030659117615639,0.028083,0.008511,c
halide,standard,fdtd-2d,5,MEDIUM,0.2906001388525318,0.029287666666666667,0.008511,c
noarr,AllHints,fdtd-2d,1,MEDIUM,0.6863709677419355,0.0124,0.008511,c
noarr,AllHints,fdtd-2d,4,MEDIUM,0.46465032483485286,0.018317,0.008511,c
noarr,AllHints,fdtd-2d,5,MEDIUM,0.9857539958304377,0.008634000000000001,0.008511,c
noarr,ChooseHints,fdtd-2d,1,MEDIUM,0.6584743140086652,0.012925333333333332,0.008511,c
noarr,ChooseHints,fdtd-2d,3,MEDIUM,0.3688567218514345,0.023074,0.008511,c
noarr,ChooseHints,fdtd-2d,5,MEDIUM,0.46668860009870045,0.018237,0.008511,c
noarr,FromPlan,fdtd-2d,2,MEDIUM,0.6939446648910148,0.012264666666666667,0.008511,c
noarr,FromPlan,fdtd-2d,3,MEDIUM,0.901620819944207,0.009439666666666667,0.008511,c
noarr,FromPlan,fdtd-2d,5,MEDIUM,0.729410084273675,0.011668333333333334,0.008511,c
noarr,Naive,fdtd-2d,1,MEDIUM,0.9582660911990991,0.008881666666666668,0.008511,c
noarr,Naive,fdtd-2d,2,MEDIUM,0.9946630307752241,0.008556666666666666,0.008511,c
noarr,Naive,fdtd-2d,3,MEDIUM,0.9419338178330321,0.009035666666666666,0.008511,c
noarr,Naive,fdtd-2d,4,MEDIUM,0.44279694084594967,0.019221000000000002,0.008511,c
noarr,standard,fdtd-2d,1,MEDIUM,0.9726857142857142,0.00875,0.008511,c
noarr,standard,fdtd-2d,2,MEDIUM,0.9786883360803402,0.008696333333333334,0.008511,c
noarr,standard,fdtd-2d,3,MEDIUM,0.9752492265383292,0.008727,0.008511,c
noarr,standard,fdtd-2d,4,MEDIUM,0.9302317108714659,0.009149333333333334,0.008511,c
noarr,standard,fdtd-2d,5,MEDIUM,0.9794391806360044,0.008689666666666667,0.008511,c
c,AllHints,gemver,1,MEDIUM,2.522781774580336,0.000278,0.0007013333333333333,c
c,AllHints,gemver,2,MEDIUM,0.007034742399368746,0.09969566666666667,0.0007013333333333333,c
c,AllHints,gemver,3,MEDIUM,2.980169971671388,0.00023533333333333335,0.0007013333333333333,c
c,AllHints,gemver,4,MEDIUM,2.1893860561914673,0.00032033333333333333,0.0007013333333333333,c
c,AllHints,gemver,5,MEDIUM,2.0769990128331686,0.00033766666666666667,0.0007013333333333333,c
c,ChooseHints,gemver,1,MEDIUM,2.1893860561914673,0.00032033333333333333,0.0007013333333333333,c
c,ChooseHints,gemver,2,MEDIUM,2.327433628318584,0.00030133333333333336,0.0007013333333333333,c
c,ChooseHints,gemver,3,MEDIUM,1.680511182108626,0.00041733333333333336,0.0007013333333333333,c
c,ChooseHints,gemver,4,MEDIUM,2.1425661914460283,0.00032733333333333334,0.0007013333333333333,c
c,ChooseHints,gemver,5,MEDIUM,2.2100840336134455,0.0003173333333333333,0.0007013333333333333,c
c,FromPlan,gemver,1,MEDIUM,1.8439964943032425,0.0003803333333333334,0.0007013333333333333,c
c,FromPlan,gemver,2,MEDIUM,1.8184961106309419,0.0003856666666666667,0.0007013333333333333,c
c,FromPlan,gemver,3,MEDIUM,1.381483913328956,0.0005076666666666667,0.0007013333333333333,c
c,FromPlan,gemver,4,MEDIUM,1.5867269984917045,0.00044199999999999996,0.0007013333333333333,c
c,Naive,gemver,1,MEDIUM,1.6024371667936024,0.00043766666666666666,0.0007013333333333333,c
c,Naive,gemver,2,MEDIUM,1.6284829721362228,0.00043066666666666665,0.0007013333333333333,c
c,Naive,gemver,3,MEDIUM,1.8472344161545216,0.00037966666666666666,0.0007013333333333333,c
c,Naive,gemver,4,MEDIUM,1.5951478392721756,0.0004396666666666667,0.0007013333333333333,c
c,Naive,gemver,5,MEDIUM,1.6373540856031128,0.00042833333333333335,0.0007013333333333333,c
c,standard,gemver,1,MEDIUM,1.0,0.0007013333333333333,0.0007013333333333333,c
exo,AllHints,gemver,1,MEDIUM,3.0715328467153284,0.00022833333333333334,0.0007013333333333333,c
exo,AllHints,gemver,2,MEDIUM,2.171310629514964,0.000323,0.0007013333333333333,c
exo,AllHints,gemver,3,MEDIUM,2.0486854917234663,0.0003423333333333334,0.0007013333333333333,c
exo,AllHints,gemver,4,MEDIUM,2.1825726141078836,0.00032133333333333336,0.0007013333333333333,c
exo,AllHints,gemver,5,MEDIUM,1.731687242798354,0.000405,0.0007013333333333333,c
exo,ChooseHints,gemver,1,MEDIUM,3.036075036075036,0.000231,0.0007013333333333333,c
exo,ChooseHints,gemver,2,MEDIUM,2.0852329038652133,0.0003363333333333333,0.0007013333333333333,c
exo,FromPlan,gemver,1,MEDIUM,0.9002995293110825,0.0007790000000000001,0.0007013333333333333,c
exo,FromPlan,gemver,2,MEDIUM,0.0740766820406295,0.009467666666666668,0.0007013333333333333,c
exo,Naive,gemver,5,MEDIUM,2.587945879458794,0.00027100000000000003,0.0007013333333333333,c
exo,standard,gemver,1,MEDIUM,0.9418084153983887,0.0007446666666666666,0.0007013333333333333,c
exo,standard,gemver,2,MEDIUM,0.9252418645558487,0.000758,0.0007013333333333333,c
exo,standard,gemver,3,MEDIUM,0.9376114081996435,0.000748,0.0007013333333333333,c
exo,standard,gemver,4,MEDIUM,0.9346956908040871,0.0007503333333333333,0.0007013333333333333,c
exo,standard,gemver,5,MEDIUM,0.9413870246085011,0.000745,0.0007013333333333333,c
halide,standard,gemver,1,MEDIUM,0.005577454782587949,0.12574433333333335,0.0007013333333333333,c
halide,standard,gemver,4,MEDIUM,0.38619676945668135,0.001816,0.0007013333333333333,c
noarr,AllHints,gemver,1,MEDIUM,1.7785291631445477,0.00039433333333333334,0.0007013333333333333,c
noarr,AllHints,gemver,2,MEDIUM,0.26221335992023925,0.0026746666666666668,0.0007013333333333333,c
noarr,AllHints,gemver,3,MEDIUM,0.26548895899053626,0.0026416666666666667,0.0007013333333333333,c
noarr,AllHints,gemver,4,MEDIUM,1.1004184100418408,0.0006373333333333334,0.0007013333333333333,c
noarr,AllHints,gemver,5,MEDIUM,0.26071871127633206,0.00269,0.0007013333333333333,c
noarr,ChooseHints,gemver,1,MEDIUM,1.7260049220672682,0.00040633333333333336,0.0007013333333333333,c
noarr,ChooseHints,gemver,2,MEDIUM,1.7606694560669458,0.0003983333333333333,0.0007013333333333333,c
noarr,ChooseHints,gemver,3,MEDIUM,0.2661269921578548,0.0026353333333333333,0.0007013333333333333,c
noarr,ChooseHints,gemver,4,MEDIUM,1.7064071370640714,0.00041099999999999996,0.0007013333333333333,c
noarr,ChooseHints,gemver,5,MEDIUM,1.1535087719298245,0.000608,0.0007013333333333333,c
noarr,FromPlan,gemver,1,MEDIUM,1.1257356875334403,0.000623,0.0007013333333333333,c
noarr,FromPlan,gemver,2,MEDIUM,1.5819548872180451,0.00044333333333333334,0.0007013333333333333,c
noarr,FromPlan,gemver,3,MEDIUM,1.810671256454389,0.00038733333333333333,0.0007013333333333333,c
noarr,FromPlan,gemver,4,MEDIUM,1.7636211232187762,0.00039766666666666667,0.0007013333333333333,c
noarr,Naive,gemver,1,MEDIUM,1.7606694560669458,0.0003983333333333333,0.0007013333333333333,c
noarr,Naive,gemver,2,MEDIUM,1.8456140350877195,0.00037999999999999997,0.0007013333333333333,c
noarr,Naive,gemver,3,MEDIUM,1.7967549103330482,0.0003903333333333334,0.0007013333333333333,c
noarr,Naive,gemver,4,MEDIUM,1.7936913895993178,0.000391,0.0007013333333333333,c
noarr,Naive,gemver,5,MEDIUM,1.7755274261603378,0.00039499999999999995,0.0007013333333333333,c
noarr,standard,gemver,1,MEDIUM,1.1397616468039005,0.0006153333333333333,0.0007013333333333333,c
noarr,standard,gemver,2,MEDIUM,1.1366828741220962,0.0006169999999999999,0.0007013333333333333,c
noarr,standard,gemver,3,MEDIUM,1.1330102315562736,0.000619,0.0007013333333333333,c
noarr,standard,gemver,5,MEDIUM,1.1459694989106752,0.000612,0.0007013333333333333,c
c,AllHints,gesummv,1,MEDIUM,2.118181818181818,0.00011,0.000233,c
c,AllHints,gesummv,2,MEDIUM,0.009064266818818403,0.025705333333333334,0.000233,c
c,AllHints,gesummv,3,MEDIUM,3.7180851063829787,6.266666666666667e-05,0.000233,c
c,AllHints,gesummv,4,MEDIUM,2.0865671641791046,0.00011166666666666667,0.000233,c
c,AllHints,gesummv,5,MEDIUM,3.9269662921348316,5.933333333333333e-05,0.000233,c
c,ChooseHints,gesummv,1,MEDIUM,3.7379679144385025,6.233333333333334e-05,0.000233,c
c,ChooseHints,gesummv,2,MEDIUM,3.971590909090909,5.8666666666666665e-05,0.000233,c
c,ChooseHints,gesummv,3,MEDIUM,3.994285714285714,5.833333333333333e-05,0.000233,c
c,ChooseHints,gesummv,4,MEDIUM,3.640625,6.4e-05,0.000233,c
c,ChooseHints,gesummv,5,MEDIUM,3.6984126984126986,6.3e-05,0.000233,c
c,FromPlan,gesummv,1,MEDIUM,3.6030927835051547,6.466666666666666e-05,0.000233,c
c,FromPlan,gesummv,2,MEDIUM,3.3444976076555024,6.966666666666666e-05,0.000233,c
c,FromPlan,gesummv,3,MEDIUM,2.2548387096774194,0.00010333333333333333,0.000233,c
c,FromPlan,gesummv,4,MEDIUM,3.3285714285714283,7.000000000000001e-05,0.000233,c
c,FromPlan,gesummv,5,MEDIUM,3.460396039603961,6.733333333333332e-05,0.000233,c
c,Naive,gesummv,1,MEDIUM,3.6030927835051547,6.466666666666666e-05,0.000233,c
c,Naive,gesummv,2,MEDIUM,2.2050473186119874,0.00010566666666666667,0.000233,c
c,Naive,gesummv,3,MEDIUM,2.3069306930693068,0.000101,0.000233,c
c,Naive,gesummv,4,MEDIUM,2.262135922330097,0.00010300000000000001,0.000233,c
c,Naive,gesummv,5,MEDIUM,3.758064516129032,6.2e-05,0.000233,c
c,standard,gesummv,1,MEDIUM,1.0,0.000233,0.000233,c
exo,AllHints,gesummv,2,MEDIUM,3.6789473684210527,6.333333333333333e-05,0.000233,c
exo,AllHints,gesummv,3,MEDIUM,3.840659340659341,6.0666666666666666e-05,0.000233,c
exo,AllHints,gesummv,4,MEDIUM,3.9491525423728815,5.9e-05,0.000233,c
exo,AllHints,gesummv,5,MEDIUM,3.8833333333333337,5.9999999999999995e-05,0.000233,c
exo,ChooseHints,gesummv,1,MEDIUM,3.861878453038674,6.0333333333333334e-05,0.000233,c
exo,ChooseHints,gesummv,3,MEDIUM,3.106666666666667,7.5e-05,0.000233,c
exo,ChooseHints,gesummv,4,MEDIUM,3.640625,6.4e-05,0.000233,c
exo,ChooseHints,gesummv,5,MEDIUM,3.7989130434782608,6.133333333333334e-05,0.000233,c
exo,FromPlan,gesummv,2,MEDIUM,3.06578947368421,7.6e-05,0.000233,c
exo,FromPlan,gesummv,3,MEDIUM,2.1640866873065017,0.00010766666666666666,0.000233,c
exo,FromPlan,gesummv,5,MEDIUM,3.6596858638743455,6.366666666666666e-05,0.000233,c
exo,Naive,gesummv,1,MEDIUM,3.4950000000000006,6.666666666666666e-05,0.000233,c
exo,Naive,gesummv,2,MEDIUM,2.67816091954023,8.7e-05,0.000233,c
exo,Naive,gesummv,3,MEDIUM,0.7499999999999999,0.0003106666666666667,0.000233,c
exo,Naive,gesummv,4,MEDIUM,0.7672886937431395,0.00030366666666666666,0.000233,c
exo,Naive,gesummv,5,MEDIUM,1.0159883720930232,0.00022933333333333334,0.000233,c
exo,standard,gesummv,1,MEDIUM,0.9858956276445698,0.00023633333333333332,0.000233,c
exo,standard,gesummv,2,MEDIUM,1.0,0.000233,0.000233,c
exo,standard,gesummv,3,MEDIUM,1.0219298245614035,0.000228,0.000233,c
exo,standard,gesummv,4,MEDIUM,0.9708333333333333,0.00024,0.000233,c
exo,standard,gesummv,5,MEDIUM,0.9776223776223776,0.00023833333333333334,0.000233,c
halide,FromPlan,gesummv,1,MEDIUM,0.09430652995143012,0.0024706666666666666,0.000233,c
halide,Naive,gesummv,4,MEDIUM,0.07610234077299945,0.003061666666666667,0.000233,c
halide,Naive,gesummv,5,MEDIUM,0.2816277195809831,0.0008273333333333332,0.000233,c
halide,standard,gesummv,1,MEDIUM,1.010115606936416,0.00023066666666666667,0.000233,c
halide,standard,gesummv,2,MEDIUM,0.9708333333333333,0.00024,0.000233,c
halide,standard,gesummv,3,MEDIUM,1.026431718061674,0.000227,0.000233,c
halide,standard,gesummv,4,MEDIUM,1.0145137880986939,0.00022966666666666665,0.000233,c
halide,standard,gesummv,5,MEDIUM,1.0,0.000233,0.000233,c
noarr,AllHints,gesummv,1,MEDIUM,2.67816091954023,8.7e-05,0.000233,c
noarr,AllHints,gesummv,2,MEDIUM,3.06578947368421,7.6e-05,0.000233,c
noarr,AllHints,gesummv,3,MEDIUM,2.478723404255319,9.400000000000001e-05,0.000233,c
noarr,AllHints,gesummv,4,MEDIUM,2.5985130111524164,8.966666666666666e-05,0.000233,c
noarr,AllHints,gesummv,5,MEDIUM,0.0970294280955025,0.0024013333333333334,0.000233,c
noarr,ChooseHints,gesummv,1,MEDIUM,0.10053214439810156,0.0023176666666666662,0.000233,c
noarr,ChooseHints,gesummv,2,MEDIUM,2.6477272727272725,8.800000000000001e-05,0.000233,c
noarr,ChooseHints,gesummv,3,MEDIUM,0.09923339011925043,0.002348,0.000233,c
noarr,ChooseHints,gesummv,4,MEDIUM,0.09846457247499649,0.002366333333333333,0.000233,c
noarr,ChooseHints,gesummv,5,MEDIUM,2.4964285714285714,9.333333333333333e-05,0.000233,c
noarr,FromPlan,gesummv,1,MEDIUM,2.4699646643109543,9.433333333333333e-05,0.000233,c
noarr,FromPlan,gesummv,3,MEDIUM,2.551094890510949,9.133333333333334e-05,0.000233,c
noarr,FromPlan,gesummv,4,MEDIUM,2.6679389312977104,8.733333333333332e-05,0.000233,c
noarr,Naive,gesummv,1,MEDIUM,2.418685121107267,9.633333333333332e-05,0.000233,c
noarr,Naive,gesummv,2,MEDIUM,2.4964285714285714,9.333333333333333e-05,0.000233,c
noarr,Naive,gesummv,3,MEDIUM,2.67816091954023,8.7e-05,0.000233,c
noarr,Naive,gesummv,4,MEDIUM,2.4699646643109543,9.433333333333333e-05,0.000233,c
noarr,Naive,gesummv,5,MEDIUM,2.3377926421404682,9.966666666666667e-05,0.000233,c
noarr,standard,gesummv,1,MEDIUM,1.1807432432432432,0.00019733333333333332,0.000233,c
noarr,standard,gesummv,2,MEDIUM,1.0921875,0.0002133333333333333,0.000233,c
noarr,standard,gesummv,3,MEDIUM,1.165,0.00019999999999999998,0.000233,c
noarr,standard,gesummv,4,MEDIUM,1.165,0.00019999999999999998,0.000233,c
noarr,standard,gesummv,5,MEDIUM,1.088785046728972,0.000214,0.000233,c
c,ChooseHints,gramschmidt,1,MEDIUM,3.676067456045928,0.004645,0.017075333333333335,c
c,ChooseHints,gramschmidt,4,MEDIUM,3.6726412388872958,0.0046493333333333334,0.017075333333333335,c
c,Naive,gramschmidt,1,MEDIUM,4.109257179528317,0.004155333333333334,0.017075333333333335,c
c,standard,gramschmidt,1,MEDIUM,1.0,0.017075333333333335,0.017075333333333335,c
c,AllHints,jacobi-1d,1,MEDIUM,0.027914925939992404,0.0017553333333333334,4.9e-05,c
c,AllHints,jacobi-1d,2,MEDIUM,0.030296784830997524,0.0016173333333333335,4.9e-05,c
c,AllHints,jacobi-1d,4,MEDIUM,0.17273795534665098,0.00028366666666666666,4.9e-05,c
c,AllHints,jacobi-1d,5,MEDIUM,0.028891509433962268,0.0016959999999999998,4.9e-05,c
c,ChooseHints,jacobi-1d,2,MEDIUM,0.029458917835671342,0.0016633333333333333,4.9e-05,c
c,ChooseHints,jacobi-1d,3,MEDIUM,0.02964905203711174,0.0016526666666666667,4.9e-05,c
c,ChooseHints,jacobi-1d,4,MEDIUM,0.029667003027245203,0.0016516666666666667,4.9e-05,c
c,ChooseHints,jacobi-1d,5,MEDIUM,0.03027182866556837,0.0016186666666666667,4.9e-05,c
c,FromPlan,jacobi-1d,2,MEDIUM,0.030253138505865404,0.0016196666666666666,4.9e-05,c
c,FromPlan,jacobi-1d,3,MEDIUM,0.02950622240064231,0.0016606666666666668,4.9e-05,c
c,FromPlan,jacobi-1d,4,MEDIUM,0.030605871330418487,0.001601,4.9e-05,c
c,FromPlan,jacobi-1d,5,MEDIUM,0.02967299152200242,0.0016513333333333334,4.9e-05,c
c,Naive,jacobi-1d,2,MEDIUM,0.4083333333333334,0.00011999999999999999,4.9e-05,c
c,Naive,jacobi-1d,3,MEDIUM,0.9799999999999999,5e-05,4.9e-05,c
c,Naive,jacobi-1d,4,MEDIUM,1.0425531914893618,4.7e-05,4.9e-05,c
c,Naive,jacobi-1d,5,MEDIUM,1.065217391304348,4.6e-05,4.9e-05,c
c,standard,jacobi-1d,1,MEDIUM,1.0,4.9e-05,4.9e-05,c
exo,AllHints,jacobi-1d,1,MEDIUM,0.009631765168392084,0.0050873333333333335,4.9e-05,c
exo,AllHints,jacobi-1d,2,MEDIUM,0.009679968391939945,0.005062,4.9e-05,c
exo,AllHints,jacobi-1d,3,MEDIUM,0.009601567602873937,0.005103333333333334,4.9e-05,c
exo,AllHints,jacobi-1d,4,MEDIUM,0.00965580662112454,0.0050746666666666666,4.9e-05,c
exo,AllHints,jacobi-1d,5,MEDIUM,0.009391771019677995,0.005217333333333333,4.9e-05,c
exo,ChooseHints,jacobi-1d,1,MEDIUM,0.009545454545454544,0.0051333333333333335,4.9e-05,c
exo,ChooseHints,jacobi-1d,3,MEDIUM,0.00948999354422208,0.005163333333333333,4.9e-05,c
exo,ChooseHints,jacobi-1d,4,MEDIUM,0.009463722397476339,0.005177666666666667,4.9e-05,c
exo,ChooseHints,jacobi-1d,5,MEDIUM,0.009247609461499749,0.005298666666666667,4.9e-05,c
exo,FromPlan,jacobi-1d,1,MEDIUM,0.00962041884816754,0.0050933333333333325,4.9e-05,c
exo,FromPlan,jacobi-1d,4,MEDIUM,0.009758364312267658,0.005021333333333333,4.9e-05,c
exo,Naive,jacobi-1d,1,MEDIUM,0.00963302752293578,0.005086666666666666,4.9e-05,c
exo,Naive,jacobi-1d,2,MEDIUM,0.00948999354422208,0.005163333333333333,4.9e-05,c
exo,Naive,jacobi-1d,5,MEDIUM,0.009583414824955994,0.005113,4.9e-05,c
exo,standard,jacobi-1d,1,MEDIUM,1.0,4.9e-05,4.9e-05,c
exo,standard,jacobi-1d,2,MEDIUM,0.9932432432432433,4.933333333333333e-05,4.9e-05,c
exo,standard,jacobi-1d,3,MEDIUM,0.9932432432432433,4.933333333333333e-05,4.9e-05,c
exo,standard,jacobi-1d,4,MEDIUM,0.9865771812080537,4.966666666666666e-05,4.9e-05,c
exo,standard,jacobi-1d,5,MEDIUM,0.9932432432432433,4.933333333333333e-05,4.9e-05,c
halide,ChooseHints,jacobi-1d,3,MEDIUM,0.001751063145481185,0.027982999999999997,4.9e-05,c
halide,FromPlan,jacobi-1d,1,MEDIUM,0.00690692101677395,0.007094333333333334,4.9e-05,c
halide,FromPlan,jacobi-1d,4,MEDIUM,0.04708520179372197,0.0010406666666666667,4.9e-05,c
halide,Naive,jacobi-1d,1,MEDIUM,0.15806451612903225,0.00031,4.9e-05,c
halide,standard,jacobi-1d,2,MEDIUM,0.2757973733583489,0.00017766666666666668,4.9e-05,c
halide,standard,jacobi-1d,5,MEDIUM,0.14788732394366194,0.0003313333333333334,4.9e-05,c
noarr,AllHints,jacobi-1d,1,MEDIUM,0.006443129520052596,0.007605000000000001,4.9e-05,c
noarr,AllHints,jacobi-1d,2,MEDIUM,1.2049180327868851,4.066666666666667e-05,4.9e-05,c
noarr,AllHints,jacobi-1d,3,MEDIUM,1.1951219512195121,4.1e-05,4.9e-05,c
noarr,AllHints,jacobi-1d,4,MEDIUM,0.009027820426211386,0.005427666666666667,4.9e-05,c
noarr,AllHints,jacobi-1d,5,MEDIUM,1.2672413793103448,3.866666666666667e-05,4.9e-05,c
noarr,ChooseHints,jacobi-1d,1,MEDIUM,0.0065548916436279315,0.007475333333333334,4.9e-05,c
noarr,ChooseHints,jacobi-1d,2,MEDIUM,0.6805555555555555,7.2e-05,4.9e-05,c
noarr,ChooseHints,jacobi-1d,3,MEDIUM,0.006352636127917027,0.007713333333333333,4.9e-05,c
noarr,ChooseHints,jacobi-1d,4,MEDIUM,0.0063071180332089066,0.007769000000000001,4.9e-05,c
noarr,ChooseHints,jacobi-1d,5,MEDIUM,0.01257700205338809,0.003896,4.9e-05,c
noarr,FromPlan,jacobi-1d,1,MEDIUM,0.46081504702194354,0.00010633333333333333,4.9e-05,c
noarr,FromPlan,jacobi-1d,2,MEDIUM,1.2782608695652173,3.8333333333333334e-05,4.9e-05,c
noarr,FromPlan,jacobi-1d,3,MEDIUM,0.18846153846153846,0.00026,4.9e-05,c
noarr,FromPlan,jacobi-1d,4,MEDIUM,0.7277227722772277,6.733333333333333e-05,4.9e-05,c
noarr,FromPlan,jacobi-1d,5,MEDIUM,0.1474423269809428,0.00033233333333333335,4.9e-05,c
noarr,Naive,jacobi-1d,1,MEDIUM,0.009074634236681277,0.005399666666666666,4.9e-05,c
noarr,Naive,jacobi-1d,3,MEDIUM,0.0055390180489091525,0.008846333333333333,4.9e-05,c
noarr,Naive,jacobi-1d,4,MEDIUM,0.5610687022900764,8.733333333333332e-05,4.9e-05,c
noarr,Naive,jacobi-1d,5,MEDIUM,0.7538461538461538,6.5e-05,4.9e-05,c
noarr,standard,jacobi-1d,1,MEDIUM,1.0425531914893615,4.7000000000000004e-05,4.9e-05,c
noarr,standard,jacobi-1d,2,MEDIUM,1.185483870967742,4.133333333333333e-05,4.9e-05,c
noarr,standard,jacobi-1d,3,MEDIUM,1.1951219512195121,4.1e-05,4.9e-05,c
noarr,standard,jacobi-1d,4,MEDIUM,1.1951219512195121,4.1e-05,4.9e-05,c
noarr,standard,jacobi-1d,5,MEDIUM,1.185483870967742,4.133333333333333e-05,4.9e-05,c
c,AllHints,jacobi-2d,1,MEDIUM,1.0207192345760474,0.010103333333333334,0.010312666666666666,c
c,AllHints,jacobi-2d,2,MEDIUM,1.1926294283181065,0.008647,0.010312666666666666,c
c,AllHints,jacobi-2d,3,MEDIUM,1.7220305020594455,0.0059886666666666664,0.010312666666666666,c
c,AllHints,jacobi-2d,4,MEDIUM,3.5499713138267355,0.002905,0.010312666666666666,c
c,AllHints,jacobi-2d,5,MEDIUM,0.859794903148709,0.011994333333333334,0.010312666666666666,c
c,ChooseHints,jacobi-2d,1,MEDIUM,1.0251499386990954,0.010059666666666666,0.010312666666666666,c
c,ChooseHints,jacobi-2d,2,MEDIUM,0.7862461561920252,0.013116333333333332,0.010312666666666666,c
c,ChooseHints,jacobi-2d,3,MEDIUM,1.8313010536285073,0.005631333333333333,0.010312666666666666,c
c,ChooseHints,jacobi-2d,4,MEDIUM,1.9271209667372617,0.005351333333333333,0.010312666666666666,c
c,ChooseHints,jacobi-2d,5,MEDIUM,1.0257617453002221,0.010053666666666667,0.010312666666666666,c
c,FromPlan,jacobi-2d,1,MEDIUM,0.804650316003017,0.012816333333333332,0.010312666666666666,c
c,FromPlan,jacobi-2d,2,MEDIUM,0.9536109484326356,0.010814333333333334,0.010312666666666666,c
c,FromPlan,jacobi-2d,3,MEDIUM,1.5269730023197272,0.006753666666666667,0.010312666666666666,c
c,FromPlan,jacobi-2d,4,MEDIUM,0.9164913943774623,0.011252333333333335,0.010312666666666666,c
c,FromPlan,jacobi-2d,5,MEDIUM,0.8130880420499342,0.012683333333333333,0.010312666666666666,c
c,Naive,jacobi-2d,1,MEDIUM,1.0106164047953483,0.010204333333333334,0.010312666666666666,c
c,Naive,jacobi-2d,2,MEDIUM,1.0063429073284975,0.010247666666666667,0.010312666666666666,c
c,Naive,jacobi-2d,3,MEDIUM,0.9909673286354901,0.010406666666666666,0.010312666666666666,c
c,Naive,jacobi-2d,4,MEDIUM,1.0147266227163894,0.010163,0.010312666666666666,c
c,standard,jacobi-2d,1,MEDIUM,1.0,0.010312666666666666,0.010312666666666666,c
exo,AllHints,jacobi-2d,2,MEDIUM,0.7426843027582399,0.013885666666666666,0.010312666666666666,c
exo,AllHints,jacobi-2d,3,MEDIUM,1.549146262080016,0.006657,0.010312666666666666,c
exo,ChooseHints,jacobi-2d,1,MEDIUM,0.7426129953673698,0.013887000000000002,0.010312666666666666,c
exo,ChooseHints,jacobi-2d,2,MEDIUM,0.7438449701865743,0.013864000000000001,0.010312666666666666,c
exo,ChooseHints,jacobi-2d,4,MEDIUM,1.5540486236688766,0.006636,0.010312666666666666,c
exo,Naive,jacobi-2d,3,MEDIUM,0.7366015094878694,0.014000333333333332,0.010312666666666666,c
exo,standard,jacobi-2d,1,MEDIUM,0.962002487562189,0.01072,0.010312666666666666,c
exo,standard,jacobi-2d,2,MEDIUM,0.9808820265685932,0.010513666666666666,0.010312666666666666,c
exo,standard,jacobi-2d,3,MEDIUM,0.9799189154947421,0.010524,0.010312666666666666,c
exo,standard,jacobi-2d,4,MEDIUM,0.9749472158320991,0.010577666666666666,0.010312666666666666,c
exo,standard,jacobi-2d,5,MEDIUM,0.9696001002883289,0.010636,0.010312666666666666,c
halide,AllHints,jacobi-2d,2,MEDIUM,1.0001939738781842,0.010310666666666668,0.010312666666666666,c
halide,AllHints,jacobi-2d,4,MEDIUM,1.6435401614959624,0.006274666666666667,0.010312666666666666,c
halide,ChooseHints,jacobi-2d,1,MEDIUM,1.3131578947368423,0.007853333333333332,0.010312666666666666,c
halide,ChooseHints,jacobi-2d,2,MEDIUM,1.5135267354826085,0.006813666666666667,0.010312666666666666,c
halide,ChooseHints,jacobi-2d,3,MEDIUM,1.7555467287068036,0.005874333333333333,0.010312666666666666,c
halide,ChooseHints,jacobi-2d,4,MEDIUM,1.5434272886006486,0.0066816666666666665,0.010312666666666666,c
halide,FromPlan,jacobi-2d,1,MEDIUM,1.5238142146480813,0.0067676666666666675,0.010312666666666666,c
halide,FromPlan,jacobi-2d,2,MEDIUM,1.507112236944661,0.006842666666666666,0.010312666666666666,c
halide,FromPlan,jacobi-2d,3,MEDIUM,1.37992863514719,0.007473333333333333,0.010312666666666666,c
halide,FromPlan,jacobi-2d,4,MEDIUM,0.8654228090296231,0.011916333333333334,0.010312666666666666,c
halide,FromPlan,jacobi-2d,5,MEDIUM,0.6274692735164077,0.016435333333333333,0.010312666666666666,c
halide,Naive,jacobi-2d,1,MEDIUM,1.5772622992607697,0.0065383333333333335,0.010312666666666666,c
halide,Naive,jacobi-2d,3,MEDIUM,1.5474416045615964,0.006664333333333334,0.010312666666666666,c
halide,Naive,jacobi-2d,4,MEDIUM,1.5958116263475524,0.006462333333333334,0.010312666666666666,c
halide,standard,jacobi-2d,3,MEDIUM,0.22460832571038605,0.045914,0.010312666666666666,c
halide,standard,jacobi-2d,4,MEDIUM,0.4821256038647342,0.021390000000000003,0.010312666666666666,c
halide,standard,jacobi-2d,5,MEDIUM,0.22155701487406812,0.046546333333333335,0.010312666666666666,c
noarr,AllHints,jacobi-2d,1,MEDIUM,0.6508878229403349,0.015844,0.010312666666666666,c
noarr,AllHints,jacobi-2d,2,MEDIUM,0.7661713719663199,0.01346,0.010312666666666666,c
noarr,AllHints,jacobi-2d,3,MEDIUM,0.7606894347323646,0.013557,0.010312666666666666,c
noarr,AllHints,jacobi-2d,4,MEDIUM,0.6638770868203081,0.015534,0.010312666666666666,c
noarr,AllHints,jacobi-2d,5,MEDIUM,0.6489082786249135,0.01589233333333333,0.010312666666666666,c
noarr,ChooseHints,jacobi-2d,1,MEDIUM,1.1835048391415783,0.008713666666666666,0.010312666666666666,c
noarr,ChooseHints,jacobi-2d,2,MEDIUM,0.6463730569948185,0.01595466666666667,0.010312666666666666,c
noarr,ChooseHints,jacobi-2d,3,MEDIUM,1.1437761100225516,0.009016333333333333,0.010312666666666666,c
noarr,ChooseHints,jacobi-2d,4,MEDIUM,0.7615695155573059,0.013541333333333334,0.010312666666666666,c
noarr,ChooseHints,jacobi-2d,5,MEDIUM,0.7606894347323646,0.013557,0.010312666666666666,c
noarr,FromPlan,jacobi-2d,1,MEDIUM,0.9277874407725064,0.011115333333333333,0.010312666666666666,c
noarr,FromPlan,jacobi-2d,2,MEDIUM,0.9670542635658914,0.010664,0.010312666666666666,c
noarr,FromPlan,jacobi-2d,3,MEDIUM,0.9107447748012952,0.011323333333333333,0.010312666666666666,c
noarr,FromPlan,jacobi-2d,4,MEDIUM,0.9403647416413374,0.010966666666666666,0.010312666666666666,c
noarr,FromPlan,jacobi-2d,5,MEDIUM,0.7972067614924757,0.012936000000000001,0.010312666666666666,c
noarr,Naive,jacobi-2d,1,MEDIUM,0.7652806292824104,0.013475666666666665,0.010312666666666666,c
noarr,Naive,jacobi-2d,2,MEDIUM,1.002105399540051,0.010291,0.010312666666666666,c
noarr,Naive,jacobi-2d,3,MEDIUM,0.7593265266051442,0.013581333333333334,0.010312666666666666,c
noarr,Naive,jacobi-2d,5,MEDIUM,0.5074881485491198,0.020321000000000002,0.010312666666666666,c
noarr,standard,jacobi-2d,1,MEDIUM,1.1814258983465076,0.008729,0.010312666666666666,c
noarr,standard,jacobi-2d,2,MEDIUM,1.2304327076041999,0.008381333333333333,0.010312666666666666,c
noarr,standard,jacobi-2d,3,MEDIUM,1.2282345468259954,0.008396333333333334,0.010312666666666666,c
noarr,standard,jacobi-2d,4,MEDIUM,1.195394304702291,0.008627000000000001,0.010312666666666666,c
noarr,standard,jacobi-2d,5,MEDIUM,1.1975690949910969,0.008611333333333334,0.010312666666666666,c
c,AllHints,lu,1,MEDIUM,1.4499451840250588,0.02128333333333333,0.030859666666666664,c
c,AllHints,lu,2,MEDIUM,1.0198059065222898,0.030260333333333334,0.030859666666666664,c
c,AllHints,lu,3,MEDIUM,0.8723416284263193,0.035375666666666666,0.030859666666666664,c
c,AllHints,lu,4,MEDIUM,1.4486292795894098,0.021302666666666664,0.030859666666666664,c
c,AllHints,lu,5,MEDIUM,1.447858997216227,0.021314,0.030859666666666664,c
c,ChooseHints,lu,1,MEDIUM,1.4042440237835214,0.021976,0.030859666666666664,c
c,ChooseHints,lu,2,MEDIUM,1.4507176883540178,0.021272,0.030859666666666664,c
c,ChooseHints,lu,3,MEDIUM,1.4542041688264769,0.021221,0.030859666666666664,c
c,ChooseHints,lu,4,MEDIUM,1.4492869331079072,0.021292999999999996,0.030859666666666664,c
c,ChooseHints,lu,5,MEDIUM,0.8529089317794462,0.03618166666666667,0.030859666666666664,c
c,FromPlan,lu,1,MEDIUM,1.3869097555129433,0.02225066666666667,0.030859666666666664,c
c,FromPlan,lu,2,MEDIUM,0.9323349916413219,0.033099333333333335,0.030859666666666664,c
c,FromPlan,lu,3,MEDIUM,1.4247745390747637,0.021659333333333333,0.030859666666666664,c
c,FromPlan,lu,4,MEDIUM,1.0625875169295043,0.029042,0.030859666666666664,c
c,FromPlan,lu,5,MEDIUM,3.1083467633628787,0.009928000000000001,0.030859666666666664,c
c,Naive,lu,1,MEDIUM,1.4453950757989726,0.021350333333333332,0.030859666666666664,c
c,Naive,lu,2,MEDIUM,1.4410304303836874,0.021415,0.030859666666666664,c
c,Naive,lu,3,MEDIUM,1.4528121272989767,0.021241333333333334,0.030859666666666664,c
c,Naive,lu,4,MEDIUM,1.4498543552479093,0.021284666666666664,0.030859666666666664,c
c,Naive,lu,5,MEDIUM,1.4517641524227693,0.021256666666666663,0.030859666666666664,c
c,standard,lu,1,MEDIUM,1.0,0.030859666666666664,0.030859666666666664,c
exo,AllHints,lu,1,MEDIUM,0.9121892581608221,0.03383033333333333,0.030859666666666664,c
exo,AllHints,lu,2,MEDIUM,0.7956461579449452,0.03878566666666667,0.030859666666666664,c
exo,AllHints,lu,3,MEDIUM,0.7943149838698607,0.038850666666666665,0.030859666666666664,c
exo,AllHints,lu,4,MEDIUM,0.015384970758601253,2.005832,0.030859666666666664,c
exo,AllHints,lu,5,MEDIUM,0.9829484525136698,0.031395,0.030859666666666664,c
exo,ChooseHints,lu,1,MEDIUM,1.2808561269525034,0.024093,0.030859666666666664,c
exo,ChooseHints,lu,2,MEDIUM,0.90348300461603,0.03415633333333334,0.030859666666666664,c
exo,ChooseHints,lu,3,MEDIUM,1.0357446522867626,0.029794666666666667,0.030859666666666664,c
exo,FromPlan,lu,3,MEDIUM,1.1229319295521807,0.027481333333333333,0.030859666666666664,c
exo,Naive,lu,1,MEDIUM,1.3956913706808176,0.022110666666666667,0.030859666666666664,c
exo,Naive,lu,2,MEDIUM,1.3660562777589234,0.022590333333333334,0.030859666666666664,c
exo,Naive,lu,3,MEDIUM,1.3342028275375055,0.02312966666666667,0.030859666666666664,c
exo,Naive,lu,4,MEDIUM,0.795324902924298,0.038801333333333334,0.030859666666666664,c
exo,Naive,lu,5,MEDIUM,1.2869097429766885,0.023979666666666666,0.030859666666666664,c
exo,standard,lu,1,MEDIUM,0.9700128875430895,0.031813666666666664,0.030859666666666664,c
exo,standard,lu,2,MEDIUM,0.966035018886825,0.03194466666666667,0.030859666666666664,c
exo,standard,lu,3,MEDIUM,0.9663476091562894,0.031934333333333335,0.030859666666666664,c
exo,standard,lu,4,MEDIUM,0.9656118319496014,0.03195866666666667,0.030859666666666664,c
exo,standard,lu,5,MEDIUM,0.965954383255775,0.031947333333333335,0.030859666666666664,c
halide,ChooseHints,lu,2,MEDIUM,0.28546012364522144,0.108105,0.030859666666666664,c
halide,ChooseHints,lu,4,MEDIUM,0.2627308639733009,0.11745733333333334,0.030859666666666664,c
halide,ChooseHints,lu,5,MEDIUM,0.18515651874785,0.166668,0.030859666666666664,c
halide,FromPlan,lu,5,MEDIUM,0.18539233591259346,0.16645600000000002,0.030859666666666664,c
halide,standard,lu,1,MEDIUM,0.17742714446152255,0.17392866666666665,0.030859666666666664,c
halide,standard,lu,5,MEDIUM,0.19189346046222402,0.1608166666666667,0.030859666666666664,c
noarr,AllHints,lu,1,MEDIUM,1.0995783597600808,0.028064999999999996,0.030859666666666664,c
noarr,AllHints,lu,2,MEDIUM,1.0562832302672112,0.029215333333333333,0.030859666666666664,c
noarr,AllHints,lu,3,MEDIUM,1.5162965146750524,0.020352,0.030859666666666664,c
noarr,AllHints,lu,4,MEDIUM,1.105803800719055,0.027906999999999998,0.030859666666666664,c
noarr,AllHints,lu,5,MEDIUM,1.5135943758685524,0.02038833333333333,0.030859666666666664,c
noarr,ChooseHints,lu,1,MEDIUM,1.1015277348118886,0.028015333333333333,0.030859666666666664,c
noarr,ChooseHints,lu,2,MEDIUM,1.0963879677877781,0.028146666666666667,0.030859666666666664,c
noarr,ChooseHints,lu,3,MEDIUM,1.0648485754707215,0.02898033333333333,0.030859666666666664,c
noarr,ChooseHints,lu,5,MEDIUM,1.0685110164698821,0.028881,0.030859666666666664,c
noarr,FromPlan,lu,1,MEDIUM,1.6789503273426307,0.018380333333333332,0.030859666666666664,c
noarr,FromPlan,lu,2,MEDIUM,1.515154986743478,0.020367333333333335,0.030859666666666664,c
noarr,FromPlan,lu,3,MEDIUM,1.5148326924650248,0.020371666666666666,0.030859666666666664,c
noarr,FromPlan,lu,4,MEDIUM,1.5429576173730437,0.020000333333333332,0.030859666666666664,c
noarr,FromPlan,lu,5,MEDIUM,1.529296132943489,0.020179,0.030859666666666664,c
noarr,Naive,lu,1,MEDIUM,1.1056585295944201,0.027910666666666667,0.030859666666666664,c
noarr,Naive,lu,2,MEDIUM,1.0660256779319475,0.028948333333333336,0.030859666666666664,c
noarr,Naive,lu,3,MEDIUM,1.5130748864119243,0.02039533333333333,0.030859666666666664,c
noarr,Naive,lu,4,MEDIUM,1.0629291143309834,0.029032666666666665,0.030859666666666664,c
noarr,standard,lu,2,MEDIUM,1.0652529111244073,0.028969333333333333,0.030859666666666664,c
noarr,standard,lu,5,MEDIUM,1.0650200743152298,0.028975666666666667,0.030859666666666664,c
c,AllHints,ludcmp,1,MEDIUM,1.4496591115439854,0.020192333333333333,0.029272000000000003,c
c,AllHints,ludcmp,2,MEDIUM,1.4314636412538513,0.020449,0.029272000000000003,c
c,AllHints,ludcmp,3,MEDIUM,1.0325584676708175,0.028349,0.029272000000000003,c
c,AllHints,ludcmp,5,MEDIUM,0.9987035141589901,0.029310000000000003,0.029272000000000003,c
c,ChooseHints,ludcmp,1,MEDIUM,0.8972352207940821,0.03262466666666667,0.029272000000000003,c
c,ChooseHints,ludcmp,2,MEDIUM,0.8986216141542932,0.03257433333333334,0.029272000000000003,c
c,ChooseHints,ludcmp,3,MEDIUM,1.400819920560226,0.020896333333333333,0.029272000000000003,c
c,ChooseHints,ludcmp,4,MEDIUM,0.8980334809330484,0.03259566666666667,0.029272000000000003,c
c,ChooseHints,ludcmp,5,MEDIUM,1.054023885254756,0.027771666666666667,0.029272000000000003,c
c,FromPlan,ludcmp,1,MEDIUM,1.3644287689750005,0.021453666666666666,0.029272000000000003,c
c,FromPlan,ludcmp,3,MEDIUM,1.386006723590966,0.021119666666666665,0.029272000000000003,c
c,FromPlan,ludcmp,4,MEDIUM,1.3751761721319178,0.021286,0.029272000000000003,c
c,FromPlan,ludcmp,5,MEDIUM,1.318103357699293,0.022207666666666667,0.029272000000000003,c
c,Naive,ludcmp,2,MEDIUM,1.3631579764362554,0.02147366666666667,0.029272000000000003,c
c,Naive,ludcmp,3,MEDIUM,0.9972518113061847,0.029352666666666666,0.029272000000000003,c
c,Naive,ludcmp,4,MEDIUM,1.0236635348425152,0.028595333333333334,0.029272000000000003,c
c,standard,ludcmp,1,MEDIUM,1.0,0.029272000000000003,0.029272000000000003,c
exo,AllHints,ludcmp,2,MEDIUM,0.9822818791946308,0.029800000000000004,0.029272000000000003,c
exo,AllHints,ludcmp,5,MEDIUM,0.7961992492791993,0.03676466666666667,0.029272000000000003,c
exo,ChooseHints,ludcmp,1,MEDIUM,0.9695390560309136,0.03019166666666667,0.029272000000000003,c
exo,ChooseHints,ludcmp,3,MEDIUM,0.7961054148875412,0.036769,0.029272000000000003,c
exo,ChooseHints,ludcmp,4,MEDIUM,1.296904536862004,0.022570666666666666,0.029272000000000003,c
exo,FromPlan,ludcmp,3,MEDIUM,0.017163090599330293,1.7055203333333333,0.029272000000000003,c
exo,Naive,ludcmp,1,MEDIUM,1.3708612372968672,0.021353,0.029272000000000003,c
exo,Naive,ludcmp,2,MEDIUM,0.984462231788525,0.029734,0.029272000000000003,c
exo,Naive,ludcmp,3,MEDIUM,1.1547443719755943,0.025349333333333335,0.029272000000000003,c
exo,Naive,ludcmp,5,MEDIUM,0.9769164877462706,0.029963666666666666,0.029272000000000003,c
exo,standard,ludcmp,1,MEDIUM,0.9871624811708896,0.02965266666666667,0.029272000000000003,c
exo,standard,ludcmp,2,MEDIUM,0.983315790652364,0.029768666666666665,0.029272000000000003,c
exo,standard,ludcmp,3,MEDIUM,0.9825566433566435,0.029791666666666664,0.029272000000000003,c
exo,standard,ludcmp,4,MEDIUM,0.9766991803005195,0.029970333333333335,0.029272000000000003,c
exo,standard,ludcmp,5,MEDIUM,0.9821500469735608,0.029803999999999997,0.029272000000000003,c
halide,AllHints,ludcmp,2,MEDIUM,0.17749606366056325,0.16491633333333333,0.029272000000000003,c
halide,AllHints,ludcmp,4,MEDIUM,0.2619285524671382,0.11175566666666666,0.029272000000000003,c
halide,ChooseHints,ludcmp,1,MEDIUM,0.1769798787566104,0.1653973333333333,0.029272000000000003,c
halide,Naive,ludcmp,3,MEDIUM,0.2716625316314725,0.10775133333333332,0.029272000000000003,c
halide,standard,ludcmp,3,MEDIUM,0.1789274864453505,0.163597,0.029272000000000003,c
noarr,AllHints,ludcmp,1,MEDIUM,1.0204280833856239,0.028686,0.029272000000000003,c
noarr,AllHints,ludcmp,2,MEDIUM,1.0158715468974135,0.028814666666666666,0.029272000000000003,c
noarr,AllHints,ludcmp,3,MEDIUM,0.9709755531230306,0.030146999999999997,0.029272000000000003,c
noarr,AllHints,ludcmp,4,MEDIUM,1.03781790677886,0.028205333333333332,0.029272000000000003,c
noarr,AllHints,ludcmp,5,MEDIUM,1.0276646538407528,0.028484,0.029272000000000003,c
noarr,ChooseHints,ludcmp,1,MEDIUM,0.9755599004621403,0.030005333333333332,0.029272000000000003,c
noarr,ChooseHints,ludcmp,2,MEDIUM,1.0297614859635547,0.028425999999999996,0.029272000000000003,c
noarr,ChooseHints,ludcmp,3,MEDIUM,1.0293510877719432,0.028437333333333332,0.029272000000000003,c
noarr,ChooseHints,ludcmp,4,MEDIUM,1.0301480421368745,0.028415333333333334,0.029272000000000003,c
noarr,ChooseHints,ludcmp,5,MEDIUM,1.0315275102194241,0.028377333333333334,0.029272000000000003,c
noarr,FromPlan,ludcmp,1,MEDIUM,1.029507966095734,0.028433,0.029272000000000003,c
noarr,FromPlan,ludcmp,2,MEDIUM,1.0301359578636198,0.02841566666666667,0.029272000000000003,c
noarr,FromPlan,ludcmp,3,MEDIUM,1.0361036386804476,0.028252,0.029272000000000003,c
noarr,FromPlan,ludcmp,5,MEDIUM,1.0345290687400601,0.028295,0.029272000000000003,c
noarr,Naive,ludcmp,1,MEDIUM,1.0343462897526503,0.028300000000000002,0.029272000000000003,c
noarr,Naive,ludcmp,2,MEDIUM,1.0251932102080368,0.028552666666666667,0.029272000000000003,c
noarr,Naive,ludcmp,3,MEDIUM,1.028615604465112,0.02845766666666667,0.029272000000000003,c
noarr,Naive,ludcmp,4,MEDIUM,1.034480321360836,0.028296333333333337,0.029272000000000003,c
noarr,Naive,ludcmp,5,MEDIUM,1.0311278107203663,0.028388333333333335,0.029272000000000003,c
noarr,standard,ludcmp,1,MEDIUM,1.0297856372250107,0.02842533333333333,0.029272000000000003,c
c,AllHints,mvt,1,MEDIUM,0.4863945578231293,0.001078,0.0005243333333333334,c
c,AllHints,mvt,2,MEDIUM,2.7742504409171076,0.000189,0.0005243333333333334,c
c,AllHints,mvt,4,MEDIUM,3.0543689320388347,0.00017166666666666667,0.0005243333333333334,c
c,AllHints,mvt,5,MEDIUM,0.4126442812172088,0.0012706666666666667,0.0005243333333333334,c
c,ChooseHints,mvt,1,MEDIUM,2.1343283582089554,0.00024566666666666666,0.0005243333333333334,c
c,ChooseHints,mvt,2,MEDIUM,2.473270440251572,0.00021200000000000003,0.0005243333333333334,c
c,ChooseHints,mvt,3,MEDIUM,1.0833333333333333,0.00048400000000000006,0.0005243333333333334,c
c,ChooseHints,mvt,5,MEDIUM,2.8291366906474824,0.00018533333333333333,0.0005243333333333334,c
c,FromPlan,mvt,1,MEDIUM,1.8333333333333337,0.00028599999999999996,0.0005243333333333334,c
c,FromPlan,mvt,2,MEDIUM,2.386949924127466,0.00021966666666666665,0.0005243333333333334,c
c,FromPlan,mvt,3,MEDIUM,2.215492957746479,0.00023666666666666668,0.0005243333333333334,c
c,FromPlan,mvt,4,MEDIUM,2.166666666666667,0.000242,0.0005243333333333334,c
c,FromPlan,mvt,5,MEDIUM,2.2439372325249645,0.00023366666666666666,0.0005243333333333334,c
c,Naive,mvt,1,MEDIUM,2.2600574712643677,0.000232,0.0005243333333333334,c
c,Naive,mvt,2,MEDIUM,2.218617771509168,0.00023633333333333332,0.0005243333333333334,c
c,Naive,mvt,3,MEDIUM,2.1170928667563933,0.00024766666666666665,0.0005243333333333334,c
c,Naive,mvt,4,MEDIUM,1.7634529147982065,0.0002973333333333333,0.0005243333333333334,c
c,Naive,mvt,5,MEDIUM,2.2830188679245285,0.00022966666666666665,0.0005243333333333334,c
c,standard,mvt,1,MEDIUM,1.0,0.0005243333333333334,0.0005243333333333334,c
exo,AllHints,mvt,1,MEDIUM,2.9735349716446127,0.00017633333333333333,0.0005243333333333334,c
exo,AllHints,mvt,2,MEDIUM,2.157750342935528,0.00024300000000000002,0.0005243333333333334,c
exo,AllHints,mvt,3,MEDIUM,2.4616588419405323,0.000213,0.0005243333333333334,c
exo,AllHints,mvt,4,MEDIUM,3.1460000000000004,0.00016666666666666666,0.0005243333333333334,c
exo,AllHints,mvt,5,MEDIUM,2.3583208395802098,0.00022233333333333336,0.0005243333333333334,c
exo,ChooseHints,mvt,1,MEDIUM,1.9229828850855746,0.00027266666666666666,0.0005243333333333334,c
exo,ChooseHints,mvt,2,MEDIUM,1.9136253041362532,0.000274,0.0005243333333333334,c
exo,ChooseHints,mvt,3,MEDIUM,2.5370967741935484,0.00020666666666666666,0.0005243333333333334,c
exo,ChooseHints,mvt,4,MEDIUM,2.0945406125166444,0.00025033333333333336,0.0005243333333333334,c
exo,ChooseHints,mvt,5,MEDIUM,2.5411954765751212,0.00020633333333333333,0.0005243333333333334,c
exo,FromPlan,mvt,2,MEDIUM,0.7900552486187845,0.0006636666666666667,0.0005243333333333334,c
exo,FromPlan,mvt,3,MEDIUM,0.05721456370712545,0.009164333333333333,0.0005243333333333334,c
exo,FromPlan,mvt,4,MEDIUM,0.05691439322671685,0.009212666666666666,0.0005243333333333334,c
exo,Naive,mvt,2,MEDIUM,2.4771653543307086,0.00021166666666666667,0.0005243333333333334,c
exo,Naive,mvt,3,MEDIUM,1.9637952559300873,0.00026700000000000004,0.0005243333333333334,c
exo,Naive,mvt,4,MEDIUM,2.240740740740741,0.00023399999999999997,0.0005243333333333334,c
exo,standard,mvt,1,MEDIUM,0.9685960591133005,0.0005413333333333333,0.0005243333333333334,c
exo,standard,mvt,2,MEDIUM,0.9800623052959502,0.000535,0.0005243333333333334,c
exo,standard,mvt,3,MEDIUM,0.9993646759847523,0.0005246666666666667,0.0005243333333333334,c
exo,standard,mvt,4,MEDIUM,0.9993646759847523,0.0005246666666666667,0.0005243333333333334,c
exo,standard,mvt,5,MEDIUM,0.9776258545680545,0.0005363333333333334,0.0005243333333333334,c
halide,AllHints,mvt,3,MEDIUM,0.6920369555653323,0.0007576666666666666,0.0005243333333333334,c
halide,AllHints,mvt,5,MEDIUM,0.0751480986050067,0.006977333333333333,0.0005243333333333334,c
halide,ChooseHints,mvt,2,MEDIUM,0.09497645211930926,0.005520666666666667,0.0005243333333333334,c
halide,FromPlan,mvt,5,MEDIUM,0.18436474449132678,0.0028439999999999997,0.0005243333333333334,c
halide,Naive,mvt,2,MEDIUM,0.19667416854213554,0.002666,0.0005243333333333334,c
halide,Naive,mvt,3,MEDIUM,0.5652173913043479,0.0009276666666666666,0.0005243333333333334,c
halide,standard,mvt,1,MEDIUM,0.8609742747673782,0.0006090000000000001,0.0005243333333333334,c
halide,standard,mvt,2,MEDIUM,0.9831250000000002,0.0005333333333333333,0.0005243333333333334,c
halide,standard,mvt,3,MEDIUM,0.874860956618465,0.0005993333333333333,0.0005243333333333334,c
halide,standard,mvt,4,MEDIUM,0.8681015452538631,0.000604,0.0005243333333333334,c
halide,standard,mvt,5,MEDIUM,0.8758351893095768,0.0005986666666666667,0.0005243333333333334,c
noarr,AllHints,mvt,1,MEDIUM,0.2104629381857105,0.0024913333333333332,0.0005243333333333334,c
noarr,AllHints,mvt,2,MEDIUM,2.0455136540962293,0.0002563333333333333,0.0005243333333333334,c
noarr,AllHints,mvt,3,MEDIUM,0.21262503379291703,0.002466,0.0005243333333333334,c
noarr,AllHints,mvt,4,MEDIUM,0.211396317699234,0.002480333333333333,0.0005243333333333334,c
noarr,AllHints,mvt,5,MEDIUM,2.029677419354839,0.00025833333333333334,0.0005243333333333334,c
noarr,ChooseHints,mvt,1,MEDIUM,2.0166666666666666,0.00026000000000000003,0.0005243333333333334,c
noarr,ChooseHints,mvt,2,MEDIUM,2.0244530244530248,0.00025899999999999995,0.0005243333333333334,c
noarr,ChooseHints,mvt,3,MEDIUM,1.9564676616915424,0.000268,0.0005243333333333334,c
noarr,ChooseHints,mvt,4,MEDIUM,2.1666666666666665,0.00024200000000000003,0.0005243333333333334,c
noarr,ChooseHints,mvt,5,MEDIUM,1.9861111111111114,0.00026399999999999997,0.0005243333333333334,c
noarr,FromPlan,mvt,1,MEDIUM,1.8311990686845168,0.00028633333333333337,0.0005243333333333334,c
noarr,FromPlan,mvt,2,MEDIUM,1.7266739846322723,0.00030366666666666666,0.0005243333333333334,c
noarr,FromPlan,mvt,3,MEDIUM,1.7172489082969435,0.0003053333333333333,0.0005243333333333334,c
noarr,FromPlan,mvt,4,MEDIUM,1.8333333333333333,0.000286,0.0005243333333333334,c
noarr,FromPlan,mvt,5,MEDIUM,1.8397660818713448,0.00028500000000000004,0.0005243333333333334,c
noarr,Naive,mvt,1,MEDIUM,1.1608856088560886,0.0004516666666666667,0.0005243333333333334,c
noarr,Naive,mvt,2,MEDIUM,1.0287769784172662,0.0005096666666666666,0.0005243333333333334,c
noarr,Naive,mvt,3,MEDIUM,2.0244530244530248,0.00025899999999999995,0.0005243333333333334,c
noarr,Naive,mvt,4,MEDIUM,1.8206018518518519,0.000288,0.0005243333333333334,c
noarr,Naive,mvt,5,MEDIUM,1.9540372670807455,0.0002683333333333333,0.0005243333333333334,c
noarr,standard,mvt,1,MEDIUM,1.1515373352855052,0.00045533333333333336,0.0005243333333333334,c
noarr,standard,mvt,2,MEDIUM,1.1506949524506218,0.00045566666666666667,0.0005243333333333334,c
noarr,standard,mvt,3,MEDIUM,1.1456664238892935,0.0004576666666666667,0.0005243333333333334,c
noarr,standard,mvt,4,MEDIUM,1.1566176470588234,0.00045333333333333337,0.0005243333333333334,c
noarr,standard,mvt,5,MEDIUM,1.1591746499631541,0.0004523333333333333,0.0005243333333333334,c
c,AllHints,nussinov,1,MEDIUM,4.167110658111144,0.014389666666666667,0.059963333333333334,c
c,AllHints,nussinov,3,MEDIUM,4.144071505908912,0.014469666666666667,0.059963333333333334,c
c,AllHints,nussinov,5,MEDIUM,10.40488171669848,0.005763,0.059963333333333334,c
c,ChooseHints,nussinov,1,MEDIUM,10.33197403940038,0.005803666666666666,0.059963333333333334,c
c,ChooseHints,nussinov,2,MEDIUM,4.221778925134945,0.014203333333333333,0.059963333333333334,c
c,ChooseHints,nussinov,4,MEDIUM,4.198133022170362,0.014283333333333334,0.059963333333333334,c
c,ChooseHints,nussinov,5,MEDIUM,9.200593289689035,0.006517333333333333,0.059963333333333334,c
c,FromPlan,nussinov,1,MEDIUM,1.9482319813721773,0.030778333333333335,0.059963333333333334,c
c,FromPlan,nussinov,3,MEDIUM,4.041018959475245,0.014838666666666667,0.059963333333333334,c
c,FromPlan,nussinov,4,MEDIUM,1.939619386489838,0.030914999999999998,0.059963333333333334,c
c,FromPlan,nussinov,5,MEDIUM,1.9831767870529613,0.030236,0.059963333333333334,c
c,Naive,nussinov,1,MEDIUM,2.009989050034638,0.029832666666666664,0.059963333333333334,c
c,Naive,nussinov,2,MEDIUM,1.9284328334208805,0.031094333333333335,0.059963333333333334,c
c,Naive,nussinov,3,MEDIUM,1.9315595069363913,0.031044000000000002,0.059963333333333334,c
c,Naive,nussinov,5,MEDIUM,1.9377181265888233,0.030945333333333335,0.059963333333333334,c
c,standard,nussinov,1,MEDIUM,1.0,0.059963333333333334,0.059963333333333334,c
exo,AllHints,nussinov,2,MEDIUM,2.706130124106807,0.022158333333333335,0.059963333333333334,c
exo,AllHints,nussinov,3,MEDIUM,4.326358826358827,0.013859999999999999,0.059963333333333334,c
exo,AllHints,nussinov,5,MEDIUM,4.732577411801847,0.012670333333333334,0.059963333333333334,c
exo,ChooseHints,nussinov,1,MEDIUM,1.0321362793980113,0.05809633333333333,0.059963333333333334,c
exo,ChooseHints,nussinov,2,MEDIUM,4.705220757480644,0.012744,0.059963333333333334,c
exo,ChooseHints,nussinov,3,MEDIUM,2.7170842962224535,0.022069000000000002,0.059963333333333334,c
exo,ChooseHints,nussinov,4,MEDIUM,4.697848114488666,0.012764,0.059963333333333334,c
exo,ChooseHints,nussinov,5,MEDIUM,4.669677854788048,0.012841,0.059963333333333334,c
exo,FromPlan,nussinov,1,MEDIUM,4.700057480273815,0.012758,0.059963333333333334,c
exo,FromPlan,nussinov,4,MEDIUM,1.0312428342123368,0.05814666666666666,0.059963333333333334,c
exo,Naive,nussinov,1,MEDIUM,0.9977924210152644,0.060096000000000004,0.059963333333333334,c
exo,Naive,nussinov,2,MEDIUM,0.9974272819011499,0.060118000000000005,0.059963333333333334,c
exo,standard,nussinov,1,MEDIUM,0.9912113948811196,0.060495,0.059963333333333334,c
exo,standard,nussinov,2,MEDIUM,0.9898968777170025,0.060575333333333335,0.059963333333333334,c
exo,standard,nussinov,3,MEDIUM,0.9983240099449476,0.060064,0.059963333333333334,c
exo,standard,nussinov,5,MEDIUM,1.0167182872515994,0.05897733333333333,0.059963333333333334,c
halide,AllHints,nussinov,4,MEDIUM,1.6989507286344359,0.03529433333333334,0.059963333333333334,c
halide,ChooseHints,nussinov,1,MEDIUM,0.515634718850234,0.11629033333333333,0.059963333333333334,c
halide,ChooseHints,nussinov,3,MEDIUM,0.5099370976474691,0.11758966666666666,0.059963333333333334,c
halide,standard,nussinov,3,MEDIUM,0.2608957968641454,0.22983633333333334,0.059963333333333334,c
halide,standard,nussinov,4,MEDIUM,0.36366319560264504,0.164887,0.059963333333333334,c
c,AllHints,seidel-2d,1,MEDIUM,1.3569348931992307,0.157193,0.21330066666666667,c
c,AllHints,seidel-2d,2,MEDIUM,0.9742573955938552,0.21893666666666667,0.21330066666666667,c
c,AllHints,seidel-2d,3,MEDIUM,0.974377559084493,0.21890966666666667,0.21330066666666667,c
c,AllHints,seidel-2d,4,MEDIUM,0.9084742393912292,0.23478999999999997,0.21330066666666667,c
c,AllHints,seidel-2d,5,MEDIUM,1.3072724078333955,0.16316466666666665,0.21330066666666667,c
c,ChooseHints,seidel-2d,1,MEDIUM,1.3557820246620622,0.15732666666666664,0.21330066666666667,c
c,ChooseHints,seidel-2d,2,MEDIUM,0.9744294907521616,0.218898,0.21330066666666667,c
c,ChooseHints,seidel-2d,3,MEDIUM,1.8680924730617763,0.11418099999999999,0.21330066666666667,c
c,ChooseHints,seidel-2d,4,MEDIUM,1.0007397224711423,0.213143,0.21330066666666667,c
c,ChooseHints,seidel-2d,5,MEDIUM,1.2258447651285707,0.174003,0.21330066666666667,c
c,FromPlan,seidel-2d,1,MEDIUM,1.8972932745477673,0.11242366666666666,0.21330066666666667,c
c,FromPlan,seidel-2d,2,MEDIUM,1.8970851565927878,0.112436,0.21330066666666667,c
c,FromPlan,seidel-2d,3,MEDIUM,1.8962812378686091,0.11248366666666666,0.21330066666666667,c
c,FromPlan,seidel-2d,4,MEDIUM,1.8970289163341416,0.11243933333333334,0.21330066666666667,c
c,FromPlan,seidel-2d,5,MEDIUM,1.8970120449067804,0.11244033333333332,0.21330066666666667,c
c,Naive,seidel-2d,2,MEDIUM,0.9081880009991599,0.234864,0.21330066666666667,c
c,Naive,seidel-2d,3,MEDIUM,1.2708420220604302,0.16784199999999996,0.21330066666666667,c
c,Naive,seidel-2d,4,MEDIUM,1.1930012304709345,0.17879333333333336,0.21330066666666667,c
c,Naive,seidel-2d,5,MEDIUM,0.9965334014402112,0.2140426666666667,0.21330066666666667,c
c,standard,seidel-2d,1,MEDIUM,1.0,0.21330066666666667,0.21330066666666667,c
exo,AllHints,seidel-2d,1,MEDIUM,1.000505019708277,0.213193,0.21330066666666667,c
exo,ChooseHints,seidel-2d,1,MEDIUM,0.8824493927404663,0.24171433333333334,0.21330066666666667,c
exo,FromPlan,seidel-2d,2,MEDIUM,1.120041307848491,0.19044000000000003,0.21330066666666667,c
exo,FromPlan,seidel-2d,3,MEDIUM,1.1295012664707387,0.188845,0.21330066666666667,c
exo,Naive,seidel-2d,3,MEDIUM,0.8718854276094825,0.24464300000000003,0.21330066666666667,c
exo,standard,seidel-2d,1,MEDIUM,1.0006818188926385,0.21315533333333334,0.21330066666666667,c
exo,standard,seidel-2d,2,MEDIUM,1.0005550803928405,0.21318233333333333,0.21330066666666667,c
exo,standard,seidel-2d,3,MEDIUM,1.00070529250873,0.21315033333333333,0.21330066666666667,c
exo,standard,seidel-2d,4,MEDIUM,1.000329846754136,0.21323033333333333,0.21330066666666667,c
exo,standard,seidel-2d,5,MEDIUM,1.000297008653894,0.21323733333333336,0.21330066666666667,c
halide,AllHints,seidel-2d,1,MEDIUM,9.573925012717318,0.02227933333333333,0.21330066666666667,c
halide,AllHints,seidel-2d,2,MEDIUM,14.14116815098009,0.015083666666666667,0.21330066666666667,c
halide,ChooseHints,seidel-2d,1,MEDIUM,13.062423450640972,0.016329333333333335,0.21330066666666667,c
halide,Naive,seidel-2d,1,MEDIUM,19.61205099914184,0.010876000000000002,0.21330066666666667,c
halide,Naive,seidel-2d,2,MEDIUM,7.222777809131441,0.029531666666666668,0.21330066666666667,c
halide,Naive,seidel-2d,5,MEDIUM,13.90668057547703,0.015338,0.21330066666666667,c
halide,standard,seidel-2d,1,MEDIUM,3.7848346838587568,0.056356666666666666,0.21330066666666667,c
halide,standard,seidel-2d,3,MEDIUM,1.2357495292811278,0.17260833333333334,0.21330066666666667,c
noarr,AllHints,seidel-2d,1,MEDIUM,1.0003939654498553,0.2132166666666667,0.21330066666666667,c
noarr,AllHints,seidel-2d,2,MEDIUM,1.2426753460118576,0.17164633333333335,0.21330066666666667,c
noarr,AllHints,seidel-2d,3,MEDIUM,1.263444915237505,0.16882466666666665,0.21330066666666667,c
noarr,AllHints,seidel-2d,4,MEDIUM,1.3557791521268865,0.157327,0.21330066666666667,c
noarr,AllHints,seidel-2d,5,MEDIUM,1.3556183095816638,0.1573456666666667,0.21330066666666667,c
noarr,ChooseHints,seidel-2d,1,MEDIUM,1.355273775460281,0.15738566666666667,0.21330066666666667,c
noarr,ChooseHints,seidel-2d,2,MEDIUM,1.3556700048091286,0.15733966666666666,0.21330066666666667,c
noarr,ChooseHints,seidel-2d,3,MEDIUM,1.0003767620661568,0.21322033333333335,0.21330066666666667,c
noarr,ChooseHints,seidel-2d,4,MEDIUM,1.0004408867765235,0.21320666666666666,0.21330066666666667,c
noarr,ChooseHints,seidel-2d,5,MEDIUM,1.3556010787152866,0.15734766666666666,0.21330066666666667,c
noarr,FromPlan,seidel-2d,1,MEDIUM,1.1236976720091454,0.18982033333333334,0.21330066666666667,c
noarr,FromPlan,seidel-2d,2,MEDIUM,1.3553283150265387,0.15737933333333334,0.21330066666666667,c
noarr,FromPlan,seidel-2d,3,MEDIUM,1.1404521515964319,0.18703166666666668,0.21330066666666667,c
noarr,FromPlan,seidel-2d,4,MEDIUM,1.1397391734913065,0.18714866666666666,0.21330066666666667,c
noarr,Naive,seidel-2d,1,MEDIUM,1.0004768627745284,0.213199,0.21330066666666667,c
noarr,Naive,seidel-2d,2,MEDIUM,1.2432209794584554,0.171571,0.21330066666666667,c
noarr,Naive,seidel-2d,3,MEDIUM,1.3559457792902656,0.15730766666666665,0.21330066666666667,c
noarr,Naive,seidel-2d,4,MEDIUM,0.9961781377022436,0.21411899999999998,0.21330066666666667,c
noarr,Naive,seidel-2d,5,MEDIUM,1.3559658922350588,0.15730533333333332,0.21330066666666667,c
noarr,standard,seidel-2d,1,MEDIUM,1.0010293409089486,0.21308133333333334,0.21330066666666667,c
noarr,standard,seidel-2d,2,MEDIUM,1.0004002213724468,0.2132153333333333,0.21330066666666667,c
noarr,standard,seidel-2d,3,MEDIUM,1.0004940696012734,0.21319533333333332,0.21330066666666667,c
noarr,standard,seidel-2d,4,MEDIUM,1.0009823643695819,0.21309133333333333,0.21330066666666667,c
noarr,standard,seidel-2d,5,MEDIUM,1.0010183793220504,0.21308366666666667,0.21330066666666667,c
c,AllHints,symm,1,MEDIUM,29.83005893909626,0.00033933333333333336,0.010122333333333332,c
c,AllHints,symm,2,MEDIUM,3.9432541228411893,0.002567,0.010122333333333332,c
c,AllHints,symm,3,MEDIUM,0.7026470452126428,0.014406,0.010122333333333332,c
c,AllHints,symm,4,MEDIUM,0.06680629101556913,0.15151766666666666,0.010122333333333332,c
c,AllHints,symm,5,MEDIUM,2.667515811665495,0.0037946666666666667,0.010122333333333332,c
c,ChooseHints,symm,1,MEDIUM,2.7154609675400154,0.003727666666666667,0.010122333333333332,c
c,ChooseHints,symm,2,MEDIUM,2.4276121192741225,0.004169666666666666,0.010122333333333332,c
c,ChooseHints,symm,3,MEDIUM,2.449346668817551,0.004132666666666666,0.010122333333333332,c
c,ChooseHints,symm,4,MEDIUM,2.978032754731784,0.0033989999999999997,0.010122333333333332,c
c,ChooseHints,symm,5,MEDIUM,0.7047669884886743,0.014362666666666668,0.010122333333333332,c
c,FromPlan,symm,1,MEDIUM,3.6644141426330394,0.0027623333333333332,0.010122333333333332,c
c,FromPlan,symm,2,MEDIUM,4.373127880184331,0.0023146666666666667,0.010122333333333332,c
c,FromPlan,symm,3,MEDIUM,3.478465063001145,0.00291,0.010122333333333332,c
c,FromPlan,symm,4,MEDIUM,4.028522154417617,0.0025126666666666665,0.010122333333333332,c
c,FromPlan,symm,5,MEDIUM,2.7069887680513456,0.0037393333333333337,0.010122333333333332,c
c,Naive,symm,1,MEDIUM,3.7774598830700326,0.002679666666666667,0.010122333333333332,c
c,Naive,symm,2,MEDIUM,4.036554565997607,0.0025076666666666667,0.010122333333333332,c
c,Naive,symm,3,MEDIUM,4.033873538788522,0.0025093333333333335,0.010122333333333332,c
c,Naive,symm,4,MEDIUM,0.9759287826198738,0.010372000000000001,0.010122333333333332,c
c,Naive,symm,5,MEDIUM,1.0110874342411933,0.010011333333333332,0.010122333333333332,c
c,standard,symm,1,MEDIUM,1.0,0.010122333333333332,0.010122333333333332,c
exo,AllHints,symm,2,MEDIUM,1.498716809791728,0.0067540000000000005,0.010122333333333332,c
exo,AllHints,symm,5,MEDIUM,1.9115573460908974,0.005295333333333333,0.010122333333333332,c
exo,ChooseHints,symm,2,MEDIUM,0.5607940904893812,0.01805,0.010122333333333332,c
exo,ChooseHints,symm,3,MEDIUM,1.1245787505092024,0.009001,0.010122333333333332,c
exo,ChooseHints,symm,4,MEDIUM,0.5576940735707332,0.018150333333333334,0.010122333333333332,c
exo,FromPlan,symm,1,MEDIUM,0.7381380651434127,0.013713333333333333,0.010122333333333332,c
exo,FromPlan,symm,4,MEDIUM,0.8240705563093622,0.012283333333333334,0.010122333333333332,c
exo,Naive,symm,1,MEDIUM,0.9822739770338023,0.010305,0.010122333333333332,c
exo,Naive,symm,2,MEDIUM,2.2420998227997635,0.004514666666666667,0.010122333333333332,c
exo,Naive,symm,4,MEDIUM,1.0127397031849257,0.009995,0.010122333333333332,c
exo,Naive,symm,5,MEDIUM,0.9859095483912859,0.010267,0.010122333333333332,c
exo,standard,symm,1,MEDIUM,0.8972639167947051,0.011281333333333332,0.010122333333333332,c
exo,standard,symm,2,MEDIUM,0.8997363041095077,0.011250333333333334,0.010122333333333332,c
exo,standard,symm,3,MEDIUM,0.8888336016391042,0.011388333333333334,0.010122333333333332,c
exo,standard,symm,4,MEDIUM,0.8894063204756464,0.011381,0.010122333333333332,c
exo,standard,symm,5,MEDIUM,0.8926219870664316,0.011339999999999998,0.010122333333333332,c
halide,ChooseHints,symm,3,MEDIUM,2.6654085842183792,0.0037976666666666666,0.010122333333333332,c
halide,ChooseHints,symm,4,MEDIUM,7.850827300930713,0.0012893333333333333,0.010122333333333332,c
halide,FromPlan,symm,2,MEDIUM,14.56450839328537,0.000695,0.010122333333333332,c
halide,FromPlan,symm,3,MEDIUM,14.344355219650447,0.0007056666666666666,0.010122333333333332,c
halide,Naive,symm,3,MEDIUM,7.2079278423925945,0.0014043333333333332,0.010122333333333332,c
halide,standard,symm,1,MEDIUM,0.625749551814379,0.016176333333333334,0.010122333333333332,c
halide,standard,symm,2,MEDIUM,1.4744840980820586,0.006865,0.010122333333333332,c
halide,standard,symm,3,MEDIUM,0.7406766018683382,0.013666333333333334,0.010122333333333332,c
halide,standard,symm,4,MEDIUM,0.6258398252339146,0.016173999999999997,0.010122333333333332,c
halide,standard,symm,5,MEDIUM,1.4747705308144334,0.006863666666666666,0.010122333333333332,c
noarr,AllHints,symm,1,MEDIUM,3.9904073587385014,0.0025366666666666667,0.010122333333333332,c
noarr,AllHints,symm,2,MEDIUM,1.2582142117257094,0.008045,0.010122333333333332,c
noarr,AllHints,symm,3,MEDIUM,1.1176665439823334,0.009056666666666666,0.010122333333333332,c
noarr,AllHints,symm,4,MEDIUM,4.003031900870024,0.0025286666666666665,0.010122333333333332,c
noarr,AllHints,symm,5,MEDIUM,3.1955172050931275,0.003167666666666667,0.010122333333333332,c
noarr,ChooseHints,symm,1,MEDIUM,3.4956832047887643,0.0028956666666666666,0.010122333333333332,c
noarr,ChooseHints,symm,2,MEDIUM,1.401855784322777,0.007220666666666667,0.010122333333333332,c
noarr,ChooseHints,symm,3,MEDIUM,1.3566386704789133,0.007461333333333334,0.010122333333333332,c
noarr,ChooseHints,symm,5,MEDIUM,1.3921514693072936,0.007271,0.010122333333333332,c
noarr,FromPlan,symm,1,MEDIUM,1.5577613624705036,0.006498,0.010122333333333332,c
noarr,FromPlan,symm,2,MEDIUM,3.1059629743275026,0.003259,0.010122333333333332,c
noarr,FromPlan,symm,3,MEDIUM,3.099622333367357,0.0032656666666666667,0.010122333333333332,c
noarr,FromPlan,symm,4,MEDIUM,3.1164819376026274,0.0032479999999999996,0.010122333333333332,c
noarr,FromPlan,symm,5,MEDIUM,1.448599914134427,0.006987666666666667,0.010122333333333332,c
noarr,Naive,symm,2,MEDIUM,2.931743579841668,0.0034526666666666664,0.010122333333333332,c
noarr,Naive,symm,3,MEDIUM,1.1590458015267173,0.008733333333333334,0.010122333333333332,c
noarr,Naive,symm,4,MEDIUM,3.0111056023797715,0.003361666666666667,0.010122333333333332,c
noarr,Naive,symm,5,MEDIUM,1.1710242171834027,0.008643999999999999,0.010122333333333332,c
noarr,standard,symm,1,MEDIUM,1.1917039478847813,0.008494,0.010122333333333332,c
noarr,standard,symm,2,MEDIUM,1.2076274556589515,0.008382,0.010122333333333332,c
noarr,standard,symm,3,MEDIUM,1.1176665439823334,0.009056666666666666,0.010122333333333332,c
noarr,standard,symm,4,MEDIUM,1.1906759723964868,0.008501333333333333,0.010122333333333332,c
noarr,standard,symm,5,MEDIUM,1.1982401452077494,0.008447666666666668,0.010122333333333332,c
c,AllHints,syr2k,1,MEDIUM,12.17579250720461,0.0006940000000000001,0.008450000000000001,c
c,AllHints,syr2k,2,MEDIUM,24.096958174904945,0.00035066666666666666,0.008450000000000001,c
c,AllHints,syr2k,3,MEDIUM,21.446700507614217,0.000394,0.008450000000000001,c
c,AllHints,syr2k,4,MEDIUM,24.49275362318841,0.000345,0.008450000000000001,c
c,AllHints,syr2k,5,MEDIUM,12.216867469879519,0.0006916666666666667,0.008450000000000001,c
c,ChooseHints,syr2k,2,MEDIUM,24.02843601895735,0.00035166666666666663,0.008450000000000001,c
c,ChooseHints,syr2k,3,MEDIUM,24.70760233918129,0.000342,0.008450000000000001,c
c,ChooseHints,syr2k,4,MEDIUM,22.920433996383366,0.00036866666666666667,0.008450000000000001,c
c,ChooseHints,syr2k,5,MEDIUM,23.321067157313713,0.00036233333333333327,0.008450000000000001,c
c,FromPlan,syr2k,2,MEDIUM,0.9184117092964278,0.009200666666666668,0.008450000000000001,c
c,FromPlan,syr2k,3,MEDIUM,1.0307392046840695,0.008197999999999999,0.008450000000000001,c
c,FromPlan,syr2k,4,MEDIUM,23.49397590361446,0.0003596666666666667,0.008450000000000001,c
c,FromPlan,syr2k,5,MEDIUM,0.9151624548736462,0.009233333333333335,0.008450000000000001,c
c,Naive,syr2k,1,MEDIUM,1.058985713092155,0.007979333333333333,0.008450000000000001,c
c,Naive,syr2k,2,MEDIUM,0.9168836805555556,0.009216,0.008450000000000001,c
c,Naive,syr2k,3,MEDIUM,0.9076262083780882,0.00931,0.008450000000000001,c
c,Naive,syr2k,4,MEDIUM,1.0588530136585774,0.007980333333333334,0.008450000000000001,c
c,Naive,syr2k,5,MEDIUM,0.9172818063395572,0.009212,0.008450000000000001,c
c,standard,syr2k,1,MEDIUM,1.0,0.008450000000000001,0.008450000000000001,c
exo,AllHints,syr2k,1,MEDIUM,20.593013809910644,0.0004103333333333333,0.008450000000000001,c
exo,AllHints,syr2k,2,MEDIUM,20.898598516075847,0.00040433333333333337,0.008450000000000001,c
exo,AllHints,syr2k,3,MEDIUM,11.045751633986928,0.0007650000000000001,0.008450000000000001,c
exo,AllHints,syr2k,4,MEDIUM,20.98509933774835,0.0004026666666666666,0.008450000000000001,c
exo,AllHints,syr2k,5,MEDIUM,15.571253071253073,0.0005426666666666667,0.008450000000000001,c
exo,ChooseHints,syr2k,2,MEDIUM,23.493975903614466,0.0003596666666666666,0.008450000000000001,c
exo,ChooseHints,syr2k,3,MEDIUM,21.125,0.0004,0.008450000000000001,c
exo,ChooseHints,syr2k,4,MEDIUM,20.69387755102041,0.0004083333333333333,0.008450000000000001,c
exo,ChooseHints,syr2k,5,MEDIUM,19.425287356321842,0.000435,0.008450000000000001,c
exo,FromPlan,syr2k,1,MEDIUM,0.43653458697112163,0.019357,0.008450000000000001,c
exo,FromPlan,syr2k,2,MEDIUM,0.40289896533638486,0.020973000000000002,0.008450000000000001,c
exo,FromPlan,syr2k,3,MEDIUM,0.7281553398058254,0.011604666666666666,0.008450000000000001,c
exo,FromPlan,syr2k,5,MEDIUM,2.1685201026518395,0.0038966666666666663,0.008450000000000001,c
exo,Naive,syr2k,1,MEDIUM,0.571808810592561,0.014777666666666666,0.008450000000000001,c
exo,Naive,syr2k,2,MEDIUM,23.256880733944957,0.00036333333333333335,0.008450000000000001,c
exo,Naive,syr2k,3,MEDIUM,17.174796747967484,0.0004919999999999999,0.008450000000000001,c
exo,Naive,syr2k,4,MEDIUM,0.5068276785892797,0.016672333333333334,0.008450000000000001,c
exo,Naive,syr2k,5,MEDIUM,21.107410491257287,0.0004003333333333333,0.008450000000000001,c
exo,standard,syr2k,1,MEDIUM,0.9026170553676341,0.009361666666666666,0.008450000000000001,c
exo,standard,syr2k,2,MEDIUM,0.8987449478834291,0.009402,0.008450000000000001,c
exo,standard,syr2k,3,MEDIUM,0.9064254299710374,0.009322333333333334,0.008450000000000001,c
exo,standard,syr2k,4,MEDIUM,0.8989042941739656,0.009400333333333333,0.008450000000000001,c
exo,standard,syr2k,5,MEDIUM,0.9070091953200472,0.009316333333333334,0.008450000000000001,c
halide,ChooseHints,syr2k,1,MEDIUM,4.549533381191673,0.0018573333333333334,0.008450000000000001,c
halide,FromPlan,syr2k,1,MEDIUM,2.367388868135973,0.0035693333333333336,0.008450000000000001,c
halide,FromPlan,syr2k,2,MEDIUM,2.0213699067060045,0.004180333333333334,0.008450000000000001,c
halide,Naive,syr2k,2,MEDIUM,4.997043169722058,0.001691,0.008450000000000001,c
halide,Naive,syr2k,4,MEDIUM,5.718475073313785,0.0014776666666666664,0.008450000000000001,c
halide,standard,syr2k,2,MEDIUM,1.148565991572652,0.007357,0.008450000000000001,c
halide,standard,syr2k,3,MEDIUM,1.180607302533532,0.007157333333333334,0.008450000000000001,c
halide,standard,syr2k,4,MEDIUM,1.1640721862515502,0.007258999999999999,0.008450000000000001,c
halide,standard,syr2k,5,MEDIUM,1.1850778364732832,0.007130333333333333,0.008450000000000001,c
noarr,AllHints,syr2k,1,MEDIUM,1.471271038885665,0.005743333333333333,0.008450000000000001,c
noarr,AllHints,syr2k,2,MEDIUM,1.490913368229136,0.005667666666666667,0.008450000000000001,c
noarr,AllHints,syr2k,3,MEDIUM,1.468033356497568,0.005756,0.008450000000000001,c
noarr,AllHints,syr2k,4,MEDIUM,0.8221977166580178,0.010277333333333333,0.008450000000000001,c
noarr,AllHints,syr2k,5,MEDIUM,0.8223043985986765,0.010276,0.008450000000000001,c
noarr,ChooseHints,syr2k,1,MEDIUM,1.4846266471449487,0.005691666666666667,0.008450000000000001,c
noarr,ChooseHints,syr2k,2,MEDIUM,0.8257060030617895,0.010233666666666667,0.008450000000000001,c
noarr,ChooseHints,syr2k,3,MEDIUM,1.4019466873133504,0.006027333333333333,0.008450000000000001,c
noarr,ChooseHints,syr2k,4,MEDIUM,1.338013300960625,0.006315333333333333,0.008450000000000001,c
noarr,ChooseHints,syr2k,5,MEDIUM,1.4114699331848553,0.005986666666666667,0.008450000000000001,c
noarr,FromPlan,syr2k,1,MEDIUM,0.8004167850715167,0.010556999999999999,0.008450000000000001,c
noarr,FromPlan,syr2k,2,MEDIUM,2.773826458036985,0.003046333333333333,0.008450000000000001,c
noarr,FromPlan,syr2k,4,MEDIUM,0.9365994236311239,0.009022,0.008450000000000001,c
noarr,FromPlan,syr2k,5,MEDIUM,0.8223043985986765,0.010276,0.008450000000000001,c
noarr,Naive,syr2k,1,MEDIUM,0.8321570429701607,0.010154333333333333,0.008450000000000001,c
noarr,Naive,syr2k,2,MEDIUM,2.807619891460849,0.003009666666666666,0.008450000000000001,c
noarr,Naive,syr2k,3,MEDIUM,0.8275929613789952,0.010210333333333333,0.008450000000000001,c
noarr,Naive,syr2k,4,MEDIUM,0.8254640182351026,0.010236666666666666,0.008450000000000001,c
noarr,Naive,syr2k,5,MEDIUM,0.8290545181018414,0.010192333333333333,0.008450000000000001,c
noarr,standard,syr2k,1,MEDIUM,0.7934520642273624,0.010649666666666668,0.008450000000000001,c
noarr,standard,syr2k,2,MEDIUM,1.142097675256803,0.007398666666666667,0.008450000000000001,c
noarr,standard,syr2k,3,MEDIUM,1.1513307294032158,0.007339333333333333,0.008450000000000001,c
noarr,standard,syr2k,5,MEDIUM,1.13687326217598,0.007432666666666666,0.008450000000000001,c
c,AllHints,syrk,1,MEDIUM,17.017828200972446,0.0002056666666666667,0.0034999999999999996,c
c,AllHints,syrk,2,MEDIUM,11.278195488721805,0.0003103333333333333,0.0034999999999999996,c
c,AllHints,syrk,3,MEDIUM,13.043478260869565,0.0002683333333333333,0.0034999999999999996,c
c,AllHints,syrk,4,MEDIUM,10.994764397905758,0.00031833333333333334,0.0034999999999999996,c
c,AllHints,syrk,5,MEDIUM,17.857142857142858,0.000196,0.0034999999999999996,c
c,ChooseHints,syrk,1,MEDIUM,16.990291262135923,0.000206,0.0034999999999999996,c
c,ChooseHints,syrk,2,MEDIUM,11.475409836065573,0.000305,0.0034999999999999996,c
c,ChooseHints,syrk,3,MEDIUM,11.71875,0.00029866666666666664,0.0034999999999999996,c
c,ChooseHints,syrk,4,MEDIUM,16.030534351145036,0.00021833333333333332,0.0034999999999999996,c
c,ChooseHints,syrk,5,MEDIUM,11.22994652406417,0.0003116666666666667,0.0034999999999999996,c
c,FromPlan,syrk,1,MEDIUM,1.720465344912338,0.0020343333333333333,0.0034999999999999996,c
c,FromPlan,syrk,2,MEDIUM,1.630181648812296,0.002147,0.0034999999999999996,c
c,FromPlan,syrk,3,MEDIUM,1.5768133353356357,0.0022196666666666667,0.0034999999999999996,c
c,FromPlan,syrk,4,MEDIUM,0.46265697290152014,0.007565,0.0034999999999999996,c
c,FromPlan,syrk,5,MEDIUM,0.454584812537882,0.007699333333333333,0.0034999999999999996,c
c,Naive,syrk,1,MEDIUM,11.388286334056398,0.00030733333333333334,0.0034999999999999996,c
c,Naive,syrk,2,MEDIUM,0.39309647710680995,0.008903666666666666,0.0034999999999999996,c
c,Naive,syrk,3,MEDIUM,0.4539755285572225,0.007709666666666667,0.0034999999999999996,c
c,Naive,syrk,4,MEDIUM,0.5496518871381458,0.0063676666666666664,0.0034999999999999996,c
c,Naive,syrk,5,MEDIUM,1.0033444816053512,0.0034883333333333333,0.0034999999999999996,c
c,standard,syrk,1,MEDIUM,1.0,0.0034999999999999996,0.0034999999999999996,c
exo,AllHints,syrk,1,MEDIUM,16.826923076923077,0.000208,0.0034999999999999996,c
exo,AllHints,syrk,2,MEDIUM,16.587677725118482,0.000211,0.0034999999999999996,c
exo,AllHints,syrk,3,MEDIUM,8.728179551122192,0.00040100000000000004,0.0034999999999999996,c
exo,AllHints,syrk,4,MEDIUM,9.915014164305948,0.000353,0.0034999999999999996,c
exo,ChooseHints,syrk,1,MEDIUM,5.271084337349397,0.000664,0.0034999999999999996,c
exo,ChooseHints,syrk,2,MEDIUM,4.605263157894737,0.0007599999999999999,0.0034999999999999996,c
exo,ChooseHints,syrk,4,MEDIUM,15.306122448979592,0.00022866666666666665,0.0034999999999999996,c
exo,ChooseHints,syrk,5,MEDIUM,3.2558139534883717,0.001075,0.0034999999999999996,c
exo,FromPlan,syrk,2,MEDIUM,1.630687995030284,0.0021463333333333334,0.0034999999999999996,c
exo,Naive,syrk,1,MEDIUM,8.13953488372093,0.00043,0.0034999999999999996,c
exo,Naive,syrk,2,MEDIUM,13.548387096774192,0.00025833333333333334,0.0034999999999999996,c
exo,Naive,syrk,4,MEDIUM,17.045454545454543,0.00020533333333333333,0.0034999999999999996,c
exo,Naive,syrk,5,MEDIUM,0.7727975270479135,0.004528999999999999,0.0034999999999999996,c
exo,standard,syrk,1,MEDIUM,0.8603031544448995,0.0040683333333333335,0.0034999999999999996,c
exo,standard,syrk,2,MEDIUM,0.8574928542262147,0.004081666666666667,0.0034999999999999996,c
exo,standard,syrk,3,MEDIUM,0.8605851979345954,0.004067,0.0034999999999999996,c
exo,standard,syrk,4,MEDIUM,0.8581235697940501,0.004078666666666667,0.0034999999999999996,c
exo,standard,syrk,5,MEDIUM,0.8544921875,0.004096,0.0034999999999999996,c
halide,AllHints,syrk,2,MEDIUM,1.9011406844106462,0.001841,0.0034999999999999996,c
halide,AllHints,syrk,3,MEDIUM,2.4595924104005618,0.001423,0.0034999999999999996,c
halide,AllHints,syrk,4,MEDIUM,1.60427807486631,0.002181666666666667,0.0034999999999999996,c
halide,ChooseHints,syrk,1,MEDIUM,0.9614504166285137,0.0036403333333333335,0.0034999999999999996,c
halide,ChooseHints,syrk,3,MEDIUM,1.8574208384928355,0.0018843333333333333,0.0034999999999999996,c
halide,ChooseHints,syrk,4,MEDIUM,2.6703967446592065,0.0013106666666666666,0.0034999999999999996,c
halide,FromPlan,syrk,3,MEDIUM,1.9351271654994469,0.0018086666666666668,0.0034999999999999996,c
halide,FromPlan,syrk,5,MEDIUM,2.5591030952961247,0.0013676666666666666,0.0034999999999999996,c
halide,Naive,syrk,1,MEDIUM,2.045985970381917,0.0017106666666666668,0.0034999999999999996,c
halide,Naive,syrk,2,MEDIUM,2.1829521829521825,0.0016033333333333333,0.0034999999999999996,c
halide,Naive,syrk,5,MEDIUM,1.5332943925233642,0.002282666666666667,0.0034999999999999996,c
halide,standard,syrk,1,MEDIUM,0.6487087606573582,0.005395333333333333,0.0034999999999999996,c
halide,standard,syrk,2,MEDIUM,0.6469102335037891,0.005410333333333333,0.0034999999999999996,c
halide,standard,syrk,3,MEDIUM,0.6474287828338882,0.005406,0.0034999999999999996,c
halide,standard,syrk,4,MEDIUM,0.6481481481481481,0.005399999999999999,0.0034999999999999996,c
halide,standard,syrk,5,MEDIUM,0.3787742144944266,0.009240333333333333,0.0034999999999999996,c
noarr,AllHints,syrk,1,MEDIUM,1.3781336133350832,0.0025396666666666666,0.0034999999999999996,c
noarr,AllHints,syrk,2,MEDIUM,0.4606677488702671,0.007597666666666667,0.0034999999999999996,c
noarr,AllHints,syrk,3,MEDIUM,1.3360478432370526,0.0026196666666666673,0.0034999999999999996,c
noarr,AllHints,syrk,4,MEDIUM,0.4686872293889211,0.007467666666666667,0.0034999999999999996,c
noarr,AllHints,syrk,5,MEDIUM,1.1625332152347208,0.0030106666666666667,0.0034999999999999996,c
noarr,ChooseHints,syrk,1,MEDIUM,1.2752003886324994,0.0027446666666666665,0.0034999999999999996,c
noarr,ChooseHints,syrk,2,MEDIUM,1.3192612137203164,0.0026530000000000004,0.0034999999999999996,c
noarr,ChooseHints,syrk,3,MEDIUM,1.0549583040289359,0.0033176666666666667,0.0034999999999999996,c
noarr,ChooseHints,syrk,4,MEDIUM,0.5314303067112055,0.006586000000000001,0.0034999999999999996,c
noarr,FromPlan,syrk,1,MEDIUM,0.34916201117318435,0.010024,0.0034999999999999996,c
noarr,FromPlan,syrk,2,MEDIUM,0.4615181750252736,0.0075836666666666665,0.0034999999999999996,c
noarr,FromPlan,syrk,3,MEDIUM,0.4712958391310202,0.007426333333333333,0.0034999999999999996,c
noarr,FromPlan,syrk,5,MEDIUM,1.3225847084015616,0.0026463333333333334,0.0034999999999999996,c
noarr,Naive,syrk,1,MEDIUM,1.1490479317137228,0.003046,0.0034999999999999996,c
noarr,Naive,syrk,2,MEDIUM,0.49012743313261437,0.007141000000000001,0.0034999999999999996,c
noarr,Naive,syrk,3,MEDIUM,0.5291005291005291,0.006615,0.0034999999999999996,c
noarr,Naive,syrk,4,MEDIUM,1.2205044751830756,0.0028676666666666664,0.0034999999999999996,c
noarr,Naive,syrk,5,MEDIUM,1.2107933579335792,0.0028906666666666664,0.0034999999999999996,c
noarr,standard,syrk,1,MEDIUM,1.1935887234284415,0.0029323333333333332,0.0034999999999999996,c
noarr,standard,syrk,2,MEDIUM,1.3156246084450567,0.0026603333333333336,0.0034999999999999996,c
noarr,standard,syrk,4,MEDIUM,1.193453057513071,0.0029326666666666668,0.0034999999999999996,c
noarr,standard,syrk,5,MEDIUM,1.1841660087966617,0.0029556666666666668,0.0034999999999999996,c
c,AllHints,trisolv,3,MEDIUM,1.023076923076923,0.00013000000000000002,0.000133,c
c,AllHints,trisolv,4,MEDIUM,1.0283505154639176,0.00012933333333333332,0.000133,c
c,AllHints,trisolv,5,MEDIUM,1.025706940874036,0.00012966666666666668,0.000133,c
c,ChooseHints,trisolv,1,MEDIUM,1.012690355329949,0.00013133333333333335,0.000133,c
c,ChooseHints,trisolv,3,MEDIUM,1.0050377833753148,0.00013233333333333334,0.000133,c
c,FromPlan,trisolv,1,MEDIUM,1.017857142857143,0.00013066666666666665,0.000133,c
c,FromPlan,trisolv,2,MEDIUM,2.3333333333333335,5.7e-05,0.000133,c
c,FromPlan,trisolv,3,MEDIUM,2.216666666666667,5.9999999999999995e-05,0.000133,c
c,FromPlan,trisolv,4,MEDIUM,2.2044198895027627,6.0333333333333334e-05,0.000133,c
c,FromPlan,trisolv,5,MEDIUM,1.0,0.000133,0.000133,c
c,Naive,trisolv,1,MEDIUM,1.017857142857143,0.00013066666666666665,0.000133,c
c,Naive,trisolv,2,MEDIUM,1.0,0.000133,0.000133,c
c,Naive,trisolv,3,MEDIUM,1.025706940874036,0.00012966666666666668,0.000133,c
c,Naive,trisolv,4,MEDIUM,1.0,0.000133,0.000133,c
c,standard,trisolv,1,MEDIUM,1.0,0.000133,0.000133,c
exo,AllHints,trisolv,1,MEDIUM,1.0,0.000133,0.000133,c
exo,AllHints,trisolv,2,MEDIUM,1.064,0.000125,0.000133,c
exo,AllHints,trisolv,3,MEDIUM,0.9827586206896552,0.00013533333333333333,0.000133,c
exo,AllHints,trisolv,4,MEDIUM,0.9779411764705881,0.00013600000000000003,0.000133,c
exo,AllHints,trisolv,5,MEDIUM,1.05,0.00012666666666666666,0.000133,c
exo,ChooseHints,trisolv,1,MEDIUM,1.025706940874036,0.00012966666666666668,0.000133,c
exo,ChooseHints,trisolv,2,MEDIUM,0.9236111111111112,0.000144,0.000133,c
exo,ChooseHints,trisolv,3,MEDIUM,0.9708029197080292,0.000137,0.000133,c
exo,ChooseHints,trisolv,5,MEDIUM,1.0,0.000133,0.000133,c
exo,FromPlan,trisolv,3,MEDIUM,1.012690355329949,0.00013133333333333335,0.000133,c
exo,FromPlan,trisolv,4,MEDIUM,1.012690355329949,0.00013133333333333335,0.000133,c
exo,FromPlan,trisolv,5,MEDIUM,0.9779411764705883,0.000136,0.000133,c
exo,Naive,trisolv,1,MEDIUM,0.9975000000000002,0.0001333333333333333,0.000133,c
exo,Naive,trisolv,3,MEDIUM,0.9900744416873449,0.00013433333333333334,0.000133,c
exo,Naive,trisolv,4,MEDIUM,1.0050377833753148,0.00013233333333333334,0.000133,c
exo,Naive,trisolv,5,MEDIUM,1.012690355329949,0.00013133333333333335,0.000133,c
exo,standard,trisolv,1,MEDIUM,0.9591346153846153,0.00013866666666666669,0.000133,c
exo,standard,trisolv,2,MEDIUM,1.0050377833753148,0.00013233333333333334,0.000133,c
exo,standard,trisolv,3,MEDIUM,0.9661016949152543,0.00013766666666666666,0.000133,c
exo,standard,trisolv,4,MEDIUM,0.9975000000000002,0.0001333333333333333,0.000133,c
exo,standard,trisolv,5,MEDIUM,1.0075757575757578,0.00013199999999999998,0.000133,c
halide,ChooseHints,trisolv,4,MEDIUM,0.19294003868471954,0.0006893333333333334,0.000133,c
halide,FromPlan,trisolv,4,MEDIUM,0.20813771517996874,0.0006389999999999999,0.000133,c
halide,Naive,trisolv,5,MEDIUM,0.27843684577808797,0.00047766666666666666,0.000133,c
halide,standard,trisolv,2,MEDIUM,0.20911949685534595,0.000636,0.000133,c
halide,standard,trisolv,3,MEDIUM,0.21044303797468353,0.0006320000000000001,0.000133,c
noarr,AllHints,trisolv,1,MEDIUM,1.146551724137931,0.000116,0.000133,c
noarr,AllHints,trisolv,2,MEDIUM,1.1875,0.00011200000000000001,0.000133,c
noarr,AllHints,trisolv,3,MEDIUM,1.2018072289156627,0.00011066666666666667,0.000133,c
noarr,AllHints,trisolv,4,MEDIUM,1.191044776119403,0.00011166666666666667,0.000133,c
noarr,AllHints,trisolv,5,MEDIUM,1.0697050938337802,0.00012433333333333334,0.000133,c
noarr,ChooseHints,trisolv,1,MEDIUM,1.0527704485488127,0.00012633333333333333,0.000133,c
noarr,ChooseHints,trisolv,2,MEDIUM,1.1700879765395895,0.00011366666666666666,0.000133,c
noarr,ChooseHints,trisolv,3,MEDIUM,1.1176470588235294,0.000119,0.000133,c
noarr,ChooseHints,trisolv,4,MEDIUM,1.1666666666666667,0.000114,0.000133,c
noarr,ChooseHints,trisolv,5,MEDIUM,1.123943661971831,0.00011833333333333334,0.000133,c
noarr,FromPlan,trisolv,1,MEDIUM,1.1176470588235294,0.000119,0.000133,c
noarr,FromPlan,trisolv,2,MEDIUM,1.2468750000000002,0.00010666666666666665,0.000133,c
noarr,FromPlan,trisolv,3,MEDIUM,1.1271186440677965,0.00011800000000000001,0.000133,c
noarr,FromPlan,trisolv,4,MEDIUM,1.176991150442478,0.000113,0.000133,c
noarr,FromPlan,trisolv,5,MEDIUM,1.1839762611275966,0.00011233333333333333,0.000133,c
noarr,Naive,trisolv,1,MEDIUM,1.0697050938337802,0.00012433333333333334,0.000133,c
noarr,Naive,trisolv,2,MEDIUM,1.1839762611275966,0.00011233333333333333,0.000133,c
noarr,Naive,trisolv,3,MEDIUM,1.047244094488189,0.00012700000000000002,0.000133,c
noarr,Naive,trisolv,4,MEDIUM,1.1839762611275966,0.00011233333333333333,0.000133,c
noarr,Naive,trisolv,5,MEDIUM,1.1875,0.00011200000000000001,0.000133,c
noarr,standard,trisolv,2,MEDIUM,1.1598837209302326,0.00011466666666666667,0.000133,c
noarr,standard,trisolv,4,MEDIUM,1.0363636363636362,0.00012833333333333335,0.000133,c
noarr,standard,trisolv,5,MEDIUM,1.2276923076923079,0.00010833333333333333,0.000133,c
c,AllHints,trmm,1,MEDIUM,2.997042670046473,0.0023669999999999997,0.0070940000000000005,c
c,AllHints,trmm,2,MEDIUM,6.6134244872591665,0.0010726666666666669,0.0070940000000000005,c
c,AllHints,trmm,3,MEDIUM,7.449072453622682,0.0009523333333333334,0.0070940000000000005,c
c,AllHints,trmm,4,MEDIUM,4.163145539906104,0.001704,0.0070940000000000005,c
c,AllHints,trmm,5,MEDIUM,4.2564,0.0016666666666666668,0.0070940000000000005,c
c,ChooseHints,trmm,1,MEDIUM,5.517759917033964,0.0012856666666666667,0.0070940000000000005,c
c,ChooseHints,trmm,2,MEDIUM,5.519190871369295,0.0012853333333333334,0.0070940000000000005,c
c,ChooseHints,trmm,3,MEDIUM,5.519190871369295,0.0012853333333333334,0.0070940000000000005,c
c,ChooseHints,trmm,4,MEDIUM,13.39332913782253,0.0005296666666666667,0.0070940000000000005,c
c,ChooseHints,trmm,5,MEDIUM,5.273042616451933,0.0013453333333333331,0.0070940000000000005,c
c,FromPlan,trmm,1,MEDIUM,5.164280514438244,0.0013736666666666665,0.0070940000000000005,c
c,FromPlan,trmm,2,MEDIUM,4.440225328604215,0.0015976666666666667,0.0070940000000000005,c
c,FromPlan,trmm,3,MEDIUM,4.905947441217151,0.001446,0.0070940000000000005,c
c,FromPlan,trmm,4,MEDIUM,5.487880350696236,0.0012926666666666666,0.0070940000000000005,c
c,FromPlan,trmm,5,MEDIUM,2.717313585291113,0.002610666666666667,0.0070940000000000005,c
c,Naive,trmm,1,MEDIUM,5.487880350696235,0.0012926666666666668,0.0070940000000000005,c
c,Naive,trmm,2,MEDIUM,5.513471502590674,0.0012866666666666666,0.0070940000000000005,c
c,Naive,trmm,3,MEDIUM,3.7238845144356953,0.0019050000000000002,0.0070940000000000005,c
c,Naive,trmm,4,MEDIUM,5.371529530540131,0.0013206666666666668,0.0070940000000000005,c
c,Naive,trmm,5,MEDIUM,5.49922480620155,0.0012900000000000001,0.0070940000000000005,c
c,standard,trmm,1,MEDIUM,1.0,0.0070940000000000005,0.0070940000000000005,c
exo,AllHints,trmm,1,MEDIUM,1.2169487648673378,0.005829333333333333,0.0070940000000000005,c
exo,AllHints,trmm,2,MEDIUM,1.9000089277743062,0.0037336666666666664,0.0070940000000000005,c
exo,AllHints,trmm,3,MEDIUM,1.0567555489349025,0.006713,0.0070940000000000005,c
exo,AllHints,trmm,4,MEDIUM,0.013890275827904693,0.510717,0.0070940000000000005,c
exo,ChooseHints,trmm,2,MEDIUM,1.8744054958604899,0.0037846666666666666,0.0070940000000000005,c
exo,ChooseHints,trmm,4,MEDIUM,4.122022080185938,0.001721,0.0070940000000000005,c
exo,FromPlan,trmm,1,MEDIUM,3.2636098757859227,0.0021736666666666666,0.0070940000000000005,c
exo,FromPlan,trmm,4,MEDIUM,3.1329309583394673,0.0022643333333333335,0.0070940000000000005,c
exo,Naive,trmm,2,MEDIUM,5.968031407739765,0.0011886666666666666,0.0070940000000000005,c
exo,Naive,trmm,3,MEDIUM,1.6736395092796474,0.0042386666666666675,0.0070940000000000005,c
exo,Naive,trmm,4,MEDIUM,0.013541027748862993,0.5238893333333333,0.0070940000000000005,c
exo,Naive,trmm,5,MEDIUM,1.1920017923154476,0.005951333333333334,0.0070940000000000005,c
exo,standard,trmm,1,MEDIUM,0.898809021032182,0.007892666666666666,0.0070940000000000005,c
exo,standard,trmm,2,MEDIUM,0.8952925833999411,0.007923666666666667,0.0070940000000000005,c
exo,standard,trmm,3,MEDIUM,0.8991887780970087,0.007889333333333333,0.0070940000000000005,c
exo,standard,trmm,4,MEDIUM,0.8976338099455903,0.007903,0.0070940000000000005,c
exo,standard,trmm,5,MEDIUM,0.8943895776423619,0.007931666666666667,0.0070940000000000005,c
halide,AllHints,trmm,2,MEDIUM,3.455992205261449,0.0020526666666666666,0.0070940000000000005,c
halide,AllHints,trmm,4,MEDIUM,4.193497536945813,0.0016916666666666666,0.0070940000000000005,c
halide,standard,trmm,1,MEDIUM,1.0368313358667056,0.006842000000000001,0.0070940000000000005,c
halide,standard,trmm,4,MEDIUM,1.074522871857013,0.006602,0.0070940000000000005,c
halide,standard,trmm,5,MEDIUM,1.9512239845970478,0.003635666666666667,0.0070940000000000005,c
noarr,AllHints,trmm,1,MEDIUM,2.4316727605118835,0.002917333333333333,0.0070940000000000005,c
noarr,AllHints,trmm,3,MEDIUM,4.581700753498386,0.0015483333333333332,0.0070940000000000005,c
noarr,AllHints,trmm,4,MEDIUM,6.909740259740259,0.0010266666666666668,0.0070940000000000005,c
noarr,AllHints,trmm,5,MEDIUM,4.531942078364566,0.0015653333333333333,0.0070940000000000005,c
noarr,ChooseHints,trmm,1,MEDIUM,4.10690852952528,0.0017273333333333333,0.0070940000000000005,c
noarr,ChooseHints,trmm,2,MEDIUM,1.2861545899558835,0.005515666666666666,0.0070940000000000005,c
noarr,ChooseHints,trmm,3,MEDIUM,1.2788894898143142,0.005547,0.0070940000000000005,c
noarr,ChooseHints,trmm,4,MEDIUM,4.622502172024326,0.0015346666666666668,0.0070940000000000005,c
noarr,ChooseHints,trmm,5,MEDIUM,4.530012771392082,0.001566,0.0070940000000000005,c
noarr,FromPlan,trmm,2,MEDIUM,2.8841306410082668,0.002459666666666667,0.0070940000000000005,c
noarr,FromPlan,trmm,3,MEDIUM,4.102158828064765,0.0017293333333333334,0.0070940000000000005,c
noarr,FromPlan,trmm,4,MEDIUM,4.124418604651163,0.00172,0.0070940000000000005,c
noarr,FromPlan,trmm,5,MEDIUM,4.098998459167951,0.0017306666666666668,0.0070940000000000005,c
noarr,Naive,trmm,1,MEDIUM,4.43652282676673,0.001599,0.0070940000000000005,c
noarr,Naive,trmm,2,MEDIUM,4.532907348242812,0.0015649999999999998,0.0070940000000000005,c
noarr,Naive,trmm,3,MEDIUM,1.2366066240557816,0.005736666666666667,0.0070940000000000005,c
noarr,Naive,trmm,4,MEDIUM,1.2238067855089134,0.005796666666666666,0.0070940000000000005,c
noarr,Naive,trmm,5,MEDIUM,4.561080154307759,0.0015553333333333333,0.0070940000000000005,c
noarr,standard,trmm,1,MEDIUM,4.105324074074074,0.0017280000000000002,0.0070940000000000005,c
noarr,standard,trmm,2,MEDIUM,1.2265575471154402,0.005783666666666666,0.0070940000000000005,c
noarr,standard,trmm,3,MEDIUM,1.1840436185601424,0.005991333333333334,0.0070940000000000005,c
noarr,standard,trmm,4,MEDIUM,1.0184724349157734,0.006965333333333333,0.0070940000000000005,c
noarr,standard,trmm,5,MEDIUM,1.1555627952435252,0.0061389999999999995,0.0070940000000000005,c
c,AllHints,3mm,1,MINI,1.55,2e-05,3.1e-05,c
c,AllHints,3mm,2,MINI,0.44497607655502397,6.966666666666666e-05,3.1e-05,c
c,AllHints,3mm,4,MINI,0.19294605809128632,0.00016066666666666668,3.1e-05,c
c,AllHints,3mm,5,MINI,0.17547169811320756,0.00017666666666666666,3.1e-05,c
c,ChooseHints,3mm,1,MINI,0.3163265306122449,9.8e-05,3.1e-05,c
c,ChooseHints,3mm,2,MINI,0.33695652173913043,9.2e-05,3.1e-05,c
c,ChooseHints,3mm,3,MINI,0.3120805369127517,9.933333333333333e-05,3.1e-05,c
c,ChooseHints,3mm,4,MINI,0.2971246006389776,0.00010433333333333334,3.1e-05,c
c,FromPlan,3mm,1,MINI,3.7200000000000006,8.333333333333332e-06,3.1e-05,c
c,FromPlan,3mm,2,MINI,0.37200000000000005,8.333333333333333e-05,3.1e-05,c
c,FromPlan,3mm,3,MINI,3.7200000000000006,8.333333333333332e-06,3.1e-05,c
c,FromPlan,3mm,4,MINI,3.8750000000000004,8e-06,3.1e-05,c
c,FromPlan,3mm,5,MINI,3.8750000000000004,8e-06,3.1e-05,c
c,Naive,3mm,1,MINI,2.6571428571428575,1.1666666666666666e-05,3.1e-05,c
c,Naive,3mm,2,MINI,5.166666666666667,6e-06,3.1e-05,c
c,Naive,3mm,3,MINI,4.428571428571429,7e-06,3.1e-05,c
c,Naive,3mm,4,MINI,4.650000000000001,6.666666666666666e-06,3.1e-05,c
c,Naive,3mm,5,MINI,3.8750000000000004,8e-06,3.1e-05,c
c,standard,3mm,1,MINI,1.0,3.1e-05,3.1e-05,c
exo,AllHints,3mm,3,MINI,0.3069306930693069,0.000101,3.1e-05,c
exo,AllHints,3mm,4,MINI,0.29807692307692313,0.000104,3.1e-05,c
exo,ChooseHints,3mm,1,MINI,0.2990353697749196,0.00010366666666666666,3.1e-05,c
exo,ChooseHints,3mm,2,MINI,0.2784431137724551,0.00011133333333333333,3.1e-05,c
exo,ChooseHints,3mm,3,MINI,0.30097087378640774,0.00010300000000000001,3.1e-05,c
exo,ChooseHints,3mm,4,MINI,0.3263157894736842,9.499999999999999e-05,3.1e-05,c
exo,FromPlan,3mm,3,MINI,2.384615384615385,1.3e-05,3.1e-05,c
exo,FromPlan,3mm,4,MINI,0.3206896551724138,9.666666666666667e-05,3.1e-05,c
exo,FromPlan,3mm,5,MINI,2.384615384615385,1.3e-05,3.1e-05,c
exo,Naive,3mm,1,MINI,0.3049180327868853,0.00010166666666666667,3.1e-05,c
exo,Naive,3mm,2,MINI,0.6326530612244898,4.9e-05,3.1e-05,c
exo,Naive,3mm,3,MINI,0.16878402903811252,0.0001836666666666667,3.1e-05,c
exo,Naive,3mm,4,MINI,2.3250000000000006,1.3333333333333332e-05,3.1e-05,c
exo,Naive,3mm,5,MINI,0.24603174603174605,0.000126,3.1e-05,c
exo,standard,3mm,1,MINI,0.8611111111111112,3.6e-05,3.1e-05,c
exo,standard,3mm,2,MINI,0.808695652173913,3.8333333333333334e-05,3.1e-05,c
exo,standard,3mm,3,MINI,0.9207920792079208,3.366666666666667e-05,3.1e-05,c
exo,standard,3mm,4,MINI,0.911764705882353,3.4e-05,3.1e-05,c
exo,standard,3mm,5,MINI,0.9207920792079208,3.366666666666667e-05,3.1e-05,c
halide,standard,3mm,1,MINI,0.11596009975062344,0.00026733333333333334,3.1e-05,c
halide,standard,3mm,2,MINI,0.115527950310559,0.00026833333333333337,3.1e-05,c
halide,standard,3mm,3,MINI,0.636986301369863,4.8666666666666666e-05,3.1e-05,c
halide,standard,3mm,4,MINI,0.6642857142857144,4.6666666666666665e-05,3.1e-05,c
halide,standard,3mm,5,MINI,0.11596009975062344,0.00026733333333333334,3.1e-05,c
noarr,AllHints,3mm,1,MINI,1.0568181818181819,2.9333333333333333e-05,3.1e-05,c
noarr,AllHints,3mm,2,MINI,1.690909090909091,1.8333333333333333e-05,3.1e-05,c
noarr,AllHints,3mm,3,MINI,0.9029126213592232,3.433333333333334e-05,3.1e-05,c
noarr,AllHints,3mm,4,MINI,1.9375000000000002,1.6e-05,3.1e-05,c
noarr,AllHints,3mm,5,MINI,1.0333333333333334,3e-05,3.1e-05,c
noarr,ChooseHints,3mm,1,MINI,1.8979591836734693,1.6333333333333335e-05,3.1e-05,c
noarr,ChooseHints,3mm,2,MINI,1.603448275862069,1.9333333333333333e-05,3.1e-05,c
noarr,ChooseHints,3mm,3,MINI,1.3098591549295777,2.3666666666666665e-05,3.1e-05,c
noarr,ChooseHints,3mm,4,MINI,1.1071428571428572,2.8e-05,3.1e-05,c
noarr,ChooseHints,3mm,5,MINI,2.5135135135135136,1.2333333333333334e-05,3.1e-05,c
noarr,FromPlan,3mm,1,MINI,0.9489795918367349,3.266666666666666e-05,3.1e-05,c
noarr,FromPlan,3mm,2,MINI,1.0,3.1e-05,3.1e-05,c
noarr,FromPlan,3mm,3,MINI,1.9787234042553192,1.5666666666666667e-05,3.1e-05,c
noarr,FromPlan,3mm,4,MINI,1.0813953488372092,2.8666666666666668e-05,3.1e-05,c
noarr,FromPlan,3mm,5,MINI,0.3263157894736842,9.499999999999999e-05,3.1e-05,c
noarr,Naive,3mm,1,MINI,1.603448275862069,1.9333333333333333e-05,3.1e-05,c
noarr,Naive,3mm,2,MINI,2.5135135135135136,1.2333333333333334e-05,3.1e-05,c
noarr,Naive,3mm,3,MINI,1.8979591836734693,1.6333333333333335e-05,3.1e-05,c
noarr,Naive,3mm,4,MINI,1.8979591836734693,1.6333333333333335e-05,3.1e-05,c
noarr,Naive,3mm,5,MINI,1.9787234042553192,1.5666666666666667e-05,3.1e-05,c
noarr,standard,3mm,1,MINI,0.34065934065934067,9.1e-05,3.1e-05,c
noarr,standard,3mm,2,MINI,0.44075829383886256,7.033333333333334e-05,3.1e-05,c
noarr,standard,3mm,3,MINI,1.3880597014925373,2.2333333333333335e-05,3.1e-05,c
noarr,standard,3mm,4,MINI,1.631578947368421,1.9e-05,3.1e-05,c
noarr,standard,3mm,5,MINI,0.32517482517482516,9.533333333333334e-05,3.1e-05,c
c,AllHints,adi,1,MINI,0.11166325635779012,0.0011403333333333333,0.00012733333333333333,c
c,AllHints,adi,2,MINI,0.30658105939004815,0.0004153333333333333,0.00012733333333333333,c
c,AllHints,adi,3,MINI,0.30658105939004815,0.0004153333333333333,0.00012733333333333333,c
c,AllHints,adi,4,MINI,0.2991386061080658,0.00042566666666666664,0.00012733333333333333,c
c,AllHints,adi,5,MINI,0.11878109452736317,0.001072,0.00012733333333333333,c
c,ChooseHints,adi,2,MINI,0.1172498465316145,0.001086,0.00012733333333333333,c
c,ChooseHints,adi,3,MINI,0.9720101781170483,0.000131,0.00012733333333333333,c
c,ChooseHints,adi,4,MINI,0.11406389967154375,0.0011163333333333333,0.00012733333333333333,c
c,ChooseHints,adi,5,MINI,0.11558245083207262,0.0011016666666666666,0.00012733333333333333,c
c,FromPlan,adi,1,MINI,1.4148148148148147,9e-05,0.00012733333333333333,c
c,FromPlan,adi,2,MINI,2.260355029585799,5.633333333333333e-05,0.00012733333333333333,c
c,FromPlan,adi,3,MINI,1.3217993079584776,9.633333333333332e-05,0.00012733333333333333,c
c,FromPlan,adi,4,MINI,0.41031149301826,0.0003103333333333333,0.00012733333333333333,c
c,FromPlan,adi,5,MINI,1.3082191780821917,9.733333333333333e-05,0.00012733333333333333,c
c,Naive,adi,1,MINI,1.0105820105820105,0.000126,0.00012733333333333333,c
c,Naive,adi,2,MINI,0.8925233644859812,0.00014266666666666667,0.00012733333333333333,c
c,Naive,adi,3,MINI,1.5916666666666666,8e-05,0.00012733333333333333,c
c,Naive,adi,4,MINI,0.11568746214415505,0.0011006666666666667,0.00012733333333333333,c
c,Naive,adi,5,MINI,0.30956239870340363,0.00041133333333333327,0.00012733333333333333,c
c,standard,adi,1,MINI,1.0,0.00012733333333333333,0.00012733333333333333,c
exo,AllHints,adi,1,MINI,0.11558245083207262,0.0011016666666666666,0.00012733333333333333,c
exo,AllHints,adi,2,MINI,0.11474917392610394,0.0011096666666666666,0.00012733333333333333,c
exo,AllHints,adi,3,MINI,0.11085316308763783,0.0011486666666666668,0.00012733333333333333,c
exo,AllHints,adi,5,MINI,0.11137026239067056,0.0011433333333333332,0.00012733333333333333,c
exo,ChooseHints,adi,1,MINI,0.11182669789227168,0.0011386666666666665,0.00012733333333333333,c
exo,ChooseHints,adi,2,MINI,0.11133780238997376,0.0011436666666666667,0.00012733333333333333,c
exo,ChooseHints,adi,4,MINI,0.1151990349819059,0.0011053333333333334,0.00012733333333333333,c
exo,ChooseHints,adi,5,MINI,0.10989643268124281,0.0011586666666666666,0.00012733333333333333,c
exo,FromPlan,adi,2,MINI,1.150602409638554,0.00011066666666666667,0.00012733333333333333,c
exo,FromPlan,adi,4,MINI,0.07800694302634265,0.0016323333333333335,0.00012733333333333333,c
exo,Naive,adi,1,MINI,0.11481815449353772,0.001109,0.00012733333333333333,c
exo,Naive,adi,2,MINI,0.11318518518518517,0.0011250000000000001,0.00012733333333333333,c
exo,Naive,adi,4,MINI,0.11572250833080884,0.0011003333333333334,0.00012733333333333333,c
exo,standard,adi,2,MINI,0.7475538160469667,0.00017033333333333334,0.00012733333333333333,c
exo,standard,adi,3,MINI,0.7431906614785991,0.00017133333333333334,0.00012733333333333333,c
exo,standard,adi,4,MINI,0.7166979362101312,0.00017766666666666668,0.00012733333333333333,c
halide,AllHints,adi,1,MINI,0.0006905141076370499,0.18440366666666666,0.00012733333333333333,c
halide,AllHints,adi,3,MINI,0.008320627314310608,0.015303333333333334,0.00012733333333333333,c
halide,ChooseHints,adi,1,MINI,0.01957568924874449,0.006504666666666666,0.00012733333333333333,c
halide,ChooseHints,adi,2,MINI,0.7100371747211897,0.00017933333333333332,0.00012733333333333333,c
halide,ChooseHints,adi,3,MINI,0.00044595691028911314,0.28552833333333333,0.00012733333333333333,c
halide,ChooseHints,adi,4,MINI,0.9408866995073891,0.00013533333333333333,0.00012733333333333333,c
halide,FromPlan,adi,3,MINI,1.1104651162790697,0.00011466666666666667,0.00012733333333333333,c
halide,Naive,adi,2,MINI,0.8322440087145969,0.000153,0.00012733333333333333,c
halide,Naive,adi,4,MINI,0.031695984069034185,0.004017333333333334,0.00012733333333333333,c
halide,standard,adi,1,MINI,0.8662131519274376,0.000147,0.00012733333333333333,c
halide,standard,adi,2,MINI,0.7991631799163179,0.00015933333333333335,0.00012733333333333333,c
halide,standard,adi,3,MINI,0.8623024830699775,0.00014766666666666666,0.00012733333333333333,c
halide,standard,adi,5,MINI,0.8662131519274376,0.000147,0.00012733333333333333,c
noarr,AllHints,adi,1,MINI,0.03560775540641312,0.0035759999999999998,0.00012733333333333333,c
noarr,AllHints,adi,2,MINI,0.11974921630094042,0.0010633333333333334,0.00012733333333333333,c
noarr,AllHints,adi,3,MINI,0.036092214663643235,0.003528,0.00012733333333333333,c
noarr,AllHints,adi,4,MINI,0.03580466772893429,0.0035563333333333332,0.00012733333333333333,c
noarr,AllHints,adi,5,MINI,0.7579365079365079,0.000168,0.00012733333333333333,c
noarr,ChooseHints,adi,1,MINI,0.03612634764516739,0.003524666666666667,0.00012733333333333333,c
noarr,ChooseHints,adi,2,MINI,1.6394849785407726,7.766666666666667e-05,0.00012733333333333333,c
noarr,ChooseHints,adi,3,MINI,0.03657252273815223,0.0034816666666666663,0.00012733333333333333,c
noarr,ChooseHints,adi,4,MINI,0.03579460269865067,0.003557333333333334,0.00012733333333333333,c
noarr,ChooseHints,adi,5,MINI,0.03553818959903247,0.003583,0.00012733333333333333,c
noarr,FromPlan,adi,1,MINI,1.0026246719160106,0.000127,0.00012733333333333333,c
noarr,FromPlan,adi,2,MINI,0.03626352762483387,0.0035113333333333333,0.00012733333333333333,c
noarr,FromPlan,adi,3,MINI,0.03632905373276272,0.003505,0.00012733333333333333,c
noarr,FromPlan,adi,4,MINI,1.4044117647058822,9.066666666666667e-05,0.00012733333333333333,c
noarr,FromPlan,adi,5,MINI,1.2649006622516556,0.00010066666666666667,0.00012733333333333333,c
noarr,Naive,adi,1,MINI,1.1575757575757575,0.00011,0.00012733333333333333,c
noarr,Naive,adi,2,MINI,1.147147147147147,0.000111,0.00012733333333333333,c
noarr,Naive,adi,5,MINI,1.147147147147147,0.000111,0.00012733333333333333,c
noarr,standard,adi,1,MINI,1.082152974504249,0.00011766666666666668,0.00012733333333333333,c
noarr,standard,adi,3,MINI,1.0105820105820105,0.000126,0.00012733333333333333,c
noarr,standard,adi,4,MINI,1.1437125748502994,0.00011133333333333333,0.00012733333333333333,c
noarr,standard,adi,5,MINI,1.1369047619047619,0.000112,0.00012733333333333333,c
c,AllHints,atax,1,MINI,0.025714285714285714,0.00011666666666666667,3e-06,c
c,AllHints,atax,2,MINI,0.10227272727272728,2.9333333333333333e-05,3e-06,c
c,AllHints,atax,3,MINI,0.45000000000000007,6.666666666666666e-06,3e-06,c
c,AllHints,atax,4,MINI,0.026392961876832845,0.00011366666666666666,3e-06,c
c,AllHints,atax,5,MINI,0.028938906752411578,0.00010366666666666666,3e-06,c
c,ChooseHints,atax,1,MINI,0.4090909090909091,7.333333333333333e-06,3e-06,c
c,ChooseHints,atax,2,MINI,0.21951219512195122,1.3666666666666667e-05,3e-06,c
c,ChooseHints,atax,3,MINI,0.3913043478260869,7.666666666666667e-06,3e-06,c
c,ChooseHints,atax,4,MINI,0.02137767220902613,0.00014033333333333332,3e-06,c
c,ChooseHints,atax,5,MINI,0.02097902097902098,0.000143,3e-06,c
c,FromPlan,atax,1,MINI,1.2857142857142858,2.333333333333333e-06,3e-06,c
c,FromPlan,atax,3,MINI,1.5,2e-06,3e-06,c
c,FromPlan,atax,4,MINI,1.2857142857142858,2.333333333333333e-06,3e-06,c
c,FromPlan,atax,5,MINI,1.1250000000000002,2.6666666666666664e-06,3e-06,c
c,Naive,atax,1,MINI,1.0,3e-06,3e-06,c
c,Naive,atax,2,MINI,1.1250000000000002,2.6666666666666664e-06,3e-06,c
c,Naive,atax,3,MINI,1.1250000000000002,2.6666666666666664e-06,3e-06,c
c,Naive,atax,4,MINI,1.2857142857142858,2.333333333333333e-06,3e-06,c
c,standard,atax,1,MINI,1.0,3e-06,3e-06,c
exo,AllHints,atax,1,MINI,0.09183673469387756,3.266666666666666e-05,3e-06,c
exo,AllHints,atax,2,MINI,0.05113636363636364,5.8666666666666665e-05,3e-06,c
exo,AllHints,atax,4,MINI,0.0857142857142857,3.5000000000000004e-05,3e-06,c
exo,ChooseHints,atax,1,MINI,0.03383458646616541,8.866666666666668e-05,3e-06,c
exo,ChooseHints,atax,2,MINI,0.09090909090909093,3.2999999999999996e-05,3e-06,c
exo,ChooseHints,atax,3,MINI,0.2903225806451613,1.0333333333333333e-05,3e-06,c
exo,ChooseHints,atax,4,MINI,0.05263157894736842,5.7e-05,3e-06,c
exo,ChooseHints,atax,5,MINI,0.6428571428571428,4.666666666666667e-06,3e-06,c
exo,FromPlan,atax,1,MINI,0.0909090909090909,3.3e-05,3e-06,c
exo,FromPlan,atax,2,MINI,0.375,8e-06,3e-06,c
exo,FromPlan,atax,4,MINI,0.5294117647058824,5.666666666666667e-06,3e-06,c
exo,Naive,atax,4,MINI,0.08411214953271028,3.566666666666667e-05,3e-06,c
exo,standard,atax,1,MINI,0.6923076923076922,4.333333333333334e-06,3e-06,c
exo,standard,atax,2,MINI,0.6428571428571429,4.666666666666666e-06,3e-06,c
exo,standard,atax,3,MINI,0.6,5e-06,3e-06,c
exo,standard,atax,4,MINI,0.6428571428571428,4.666666666666667e-06,3e-06,c
exo,standard,atax,5,MINI,0.6428571428571428,4.666666666666667e-06,3e-06,c
halide,Naive,atax,2,MINI,0.0012251565477811054,0.0024486666666666667,3e-06,c
halide,standard,atax,1,MINI,0.16981132075471697,1.7666666666666668e-05,3e-06,c
halide,standard,atax,2,MINI,0.23076923076923078,1.3e-05,3e-06,c
halide,standard,atax,3,MINI,0.22500000000000003,1.3333333333333332e-05,3e-06,c
halide,standard,atax,4,MINI,0.1836734693877551,1.633333333333333e-05,3e-06,c
halide,standard,atax,5,MINI,0.20454545454545456,1.4666666666666666e-05,3e-06,c
noarr,AllHints,atax,1,MINI,1.5,2e-06,3e-06,c
noarr,AllHints,atax,2,MINI,1.5,2e-06,3e-06,c
noarr,AllHints,atax,3,MINI,0.0012968299711815562,0.0023133333333333335,3e-06,c
noarr,AllHints,atax,4,MINI,1.5,2e-06,3e-06,c
noarr,AllHints,atax,5,MINI,0.004302103250478011,0.0006973333333333333,3e-06,c
noarr,ChooseHints,atax,1,MINI,1.5,2e-06,3e-06,c
noarr,ChooseHints,atax,2,MINI,1.5,2e-06,3e-06,c
noarr,ChooseHints,atax,3,MINI,0.6,5e-06,3e-06,c
noarr,ChooseHints,atax,4,MINI,1.5,2e-06,3e-06,c
noarr,ChooseHints,atax,5,MINI,1.5,2e-06,3e-06,c
noarr,FromPlan,atax,2,MINI,0.16666666666666666,1.8e-05,3e-06,c
noarr,FromPlan,atax,4,MINI,0.16666666666666666,1.8e-05,3e-06,c
noarr,Naive,atax,1,MINI,1.5,2e-06,3e-06,c
noarr,Naive,atax,2,MINI,1.5,2e-06,3e-06,c
noarr,Naive,atax,3,MINI,1.5,2e-06,3e-06,c
noarr,Naive,atax,4,MINI,1.5,2e-06,3e-06,c
noarr,Naive,atax,5,MINI,1.5,2e-06,3e-06,c
noarr,standard,atax,1,MINI,1.5,2e-06,3e-06,c
noarr,standard,atax,2,MINI,1.5,2e-06,3e-06,c
noarr,standard,atax,3,MINI,1.5,2e-06,3e-06,c
noarr,standard,atax,4,MINI,1.5,2e-06,3e-06,c
noarr,standard,atax,5,MINI,1.5,2e-06,3e-06,c
c,AllHints,bicg,1,MINI,0.04815864022662889,0.00011766666666666668,5.666666666666667e-06,c
c,AllHints,bicg,3,MINI,0.05704697986577182,9.933333333333333e-05,5.666666666666667e-06,c
c,AllHints,bicg,4,MINI,0.0498533724340176,0.00011366666666666666,5.666666666666667e-06,c
c,AllHints,bicg,5,MINI,0.05414012738853504,0.00010466666666666666,5.666666666666667e-06,c
c,ChooseHints,bicg,1,MINI,2.8333333333333335,2e-06,5.666666666666667e-06,c
c,ChooseHints,bicg,2,MINI,0.054838709677419356,0.00010333333333333333,5.666666666666667e-06,c
c,ChooseHints,bicg,3,MINI,0.05246913580246915,0.00010799999999999998,5.666666666666667e-06,c
c,ChooseHints,bicg,4,MINI,2.8333333333333335,2e-06,5.666666666666667e-06,c
c,ChooseHints,bicg,5,MINI,0.049999999999999996,0.00011333333333333334,5.666666666666667e-06,c
c,FromPlan,bicg,1,MINI,0.05246913580246913,0.00010800000000000001,5.666666666666667e-06,c
c,FromPlan,bicg,2,MINI,2.428571428571429,2.333333333333333e-06,5.666666666666667e-06,c
c,FromPlan,bicg,3,MINI,2.1250000000000004,2.6666666666666664e-06,5.666666666666667e-06,c
c,FromPlan,bicg,4,MINI,2.1250000000000004,2.6666666666666664e-06,5.666666666666667e-06,c
c,FromPlan,bicg,5,MINI,2.8333333333333335,2e-06,5.666666666666667e-06,c
c,Naive,bicg,1,MINI,2.428571428571429,2.333333333333333e-06,5.666666666666667e-06,c
c,Naive,bicg,2,MINI,2.428571428571429,2.333333333333333e-06,5.666666666666667e-06,c
c,Naive,bicg,3,MINI,2.428571428571429,2.333333333333333e-06,5.666666666666667e-06,c
c,Naive,bicg,4,MINI,2.428571428571429,2.333333333333333e-06,5.666666666666667e-06,c
c,Naive,bicg,5,MINI,2.428571428571429,2.333333333333333e-06,5.666666666666667e-06,c
c,standard,bicg,1,MINI,1.0,5.666666666666667e-06,5.666666666666667e-06,c
exo,AllHints,bicg,2,MINI,0.1574074074074074,3.6e-05,5.666666666666667e-06,c
exo,AllHints,bicg,3,MINI,0.8947368421052632,6.333333333333333e-06,5.666666666666667e-06,c
exo,AllHints,bicg,4,MINI,0.18085106382978725,3.1333333333333334e-05,5.666666666666667e-06,c
exo,AllHints,bicg,5,MINI,0.17000000000000004,3.333333333333333e-05,5.666666666666667e-06,c
exo,ChooseHints,bicg,1,MINI,0.1634615384615385,3.4666666666666665e-05,5.666666666666667e-06,c
exo,ChooseHints,bicg,2,MINI,1.4166666666666667,4e-06,5.666666666666667e-06,c
exo,ChooseHints,bicg,4,MINI,0.7083333333333334,8e-06,5.666666666666667e-06,c
exo,ChooseHints,bicg,5,MINI,0.08994708994708996,6.3e-05,5.666666666666667e-06,c
exo,FromPlan,bicg,2,MINI,0.15454545454545457,3.6666666666666666e-05,5.666666666666667e-06,c
exo,Naive,bicg,1,MINI,0.7391304347826086,7.666666666666667e-06,5.666666666666667e-06,c
exo,Naive,bicg,2,MINI,0.7391304347826086,7.666666666666667e-06,5.666666666666667e-06,c
exo,Naive,bicg,3,MINI,1.1333333333333333,5e-06,5.666666666666667e-06,c
exo,Naive,bicg,4,MINI,0.8095238095238095,7e-06,5.666666666666667e-06,c
exo,Naive,bicg,5,MINI,0.9444444444444444,6e-06,5.666666666666667e-06,c
exo,standard,bicg,1,MINI,0.7391304347826086,7.666666666666667e-06,5.666666666666667e-06,c
exo,standard,bicg,2,MINI,0.8095238095238095,7e-06,5.666666666666667e-06,c
exo,standard,bicg,3,MINI,0.7727272727272728,7.333333333333333e-06,5.666666666666667e-06,c
exo,standard,bicg,4,MINI,0.8095238095238095,7e-06,5.666666666666667e-06,c
exo,standard,bicg,5,MINI,0.8500000000000002,6.666666666666666e-06,5.666666666666667e-06,c
halide,AllHints,bicg,5,MINI,0.016361886429258905,0.0003463333333333333,5.666666666666667e-06,c
halide,FromPlan,bicg,1,MINI,0.002131928768497617,0.002658,5.666666666666667e-06,c
halide,FromPlan,bicg,4,MINI,0.008300781250000002,0.0006826666666666666,5.666666666666667e-06,c
halide,standard,bicg,1,MINI,0.3400000000000001,1.6666666666666664e-05,5.666666666666667e-06,c
halide,standard,bicg,2,MINI,0.3953488372093023,1.4333333333333334e-05,5.666666666666667e-06,c
halide,standard,bicg,3,MINI,0.3953488372093023,1.4333333333333334e-05,5.666666666666667e-06,c
halide,standard,bicg,4,MINI,0.3863636363636364,1.4666666666666666e-05,5.666666666666667e-06,c
halide,standard,bicg,5,MINI,0.3617021276595745,1.5666666666666667e-05,5.666666666666667e-06,c
noarr,AllHints,bicg,1,MINI,2.8333333333333335,2e-06,5.666666666666667e-06,c
noarr,AllHints,bicg,2,MINI,0.002482114177252154,0.002283,5.666666666666667e-06,c
noarr,AllHints,bicg,3,MINI,2.8333333333333335,2e-06,5.666666666666667e-06,c
noarr,AllHints,bicg,4,MINI,2.8333333333333335,2e-06,5.666666666666667e-06,c
noarr,AllHints,bicg,5,MINI,2.8333333333333335,2e-06,5.666666666666667e-06,c
noarr,ChooseHints,bicg,1,MINI,2.8333333333333335,2e-06,5.666666666666667e-06,c
noarr,ChooseHints,bicg,2,MINI,1.1333333333333333,5e-06,5.666666666666667e-06,c
noarr,ChooseHints,bicg,3,MINI,2.8333333333333335,2e-06,5.666666666666667e-06,c
noarr,ChooseHints,bicg,4,MINI,2.8333333333333335,2e-06,5.666666666666667e-06,c
noarr,ChooseHints,bicg,5,MINI,2.8333333333333335,2e-06,5.666666666666667e-06,c
noarr,FromPlan,bicg,2,MINI,0.8095238095238095,7e-06,5.666666666666667e-06,c
noarr,FromPlan,bicg,5,MINI,0.8095238095238095,7e-06,5.666666666666667e-06,c
noarr,Naive,bicg,1,MINI,2.8333333333333335,2e-06,5.666666666666667e-06,c
noarr,Naive,bicg,2,MINI,2.8333333333333335,2e-06,5.666666666666667e-06,c
noarr,Naive,bicg,3,MINI,2.8333333333333335,2e-06,5.666666666666667e-06,c
noarr,Naive,bicg,4,MINI,2.8333333333333335,2e-06,5.666666666666667e-06,c
noarr,Naive,bicg,5,MINI,2.8333333333333335,2e-06,5.666666666666667e-06,c
noarr,standard,bicg,1,MINI,1.1333333333333333,5e-06,5.666666666666667e-06,c
noarr,standard,bicg,2,MINI,1.1333333333333333,5e-06,5.666666666666667e-06,c
noarr,standard,bicg,3,MINI,1.1333333333333333,5e-06,5.666666666666667e-06,c
noarr,standard,bicg,4,MINI,1.1333333333333333,5e-06,5.666666666666667e-06,c
noarr,standard,bicg,5,MINI,1.1333333333333333,5e-06,5.666666666666667e-06,c
c,AllHints,cholesky,1,MINI,0.9583333333333335,1.6e-05,1.5333333333333334e-05,c
c,AllHints,cholesky,2,MINI,1.0952380952380953,1.4e-05,1.5333333333333334e-05,c
c,AllHints,cholesky,3,MINI,0.8679245283018868,1.7666666666666668e-05,1.5333333333333334e-05,c
c,AllHints,cholesky,4,MINI,0.9787234042553192,1.5666666666666667e-05,1.5333333333333334e-05,c
c,AllHints,cholesky,5,MINI,1.0454545454545456,1.4666666666666666e-05,1.5333333333333334e-05,c
c,ChooseHints,cholesky,1,MINI,1.0952380952380953,1.4e-05,1.5333333333333334e-05,c
c,ChooseHints,cholesky,3,MINI,1.0454545454545456,1.4666666666666666e-05,1.5333333333333334e-05,c
c,ChooseHints,cholesky,5,MINI,1.0952380952380953,1.4e-05,1.5333333333333334e-05,c
c,FromPlan,cholesky,1,MINI,1.0952380952380953,1.4e-05,1.5333333333333334e-05,c
c,FromPlan,cholesky,2,MINI,1.0697674418604652,1.4333333333333334e-05,1.5333333333333334e-05,c
c,FromPlan,cholesky,3,MINI,1.0,1.5333333333333334e-05,1.5333333333333334e-05,c
c,FromPlan,cholesky,4,MINI,0.8679245283018868,1.7666666666666668e-05,1.5333333333333334e-05,c
c,FromPlan,cholesky,5,MINI,1.277777777777778,1.2e-05,1.5333333333333334e-05,c
c,Naive,cholesky,1,MINI,1.0697674418604652,1.4333333333333334e-05,1.5333333333333334e-05,c
c,Naive,cholesky,2,MINI,1.0454545454545456,1.4666666666666666e-05,1.5333333333333334e-05,c
c,Naive,cholesky,3,MINI,1.0697674418604652,1.4333333333333334e-05,1.5333333333333334e-05,c
c,Naive,cholesky,4,MINI,1.0454545454545456,1.4666666666666666e-05,1.5333333333333334e-05,c
c,Naive,cholesky,5,MINI,1.0222222222222224,1.5e-05,1.5333333333333334e-05,c
c,standard,cholesky,1,MINI,1.0,1.5333333333333334e-05,1.5333333333333334e-05,c
exo,AllHints,cholesky,1,MINI,0.9583333333333335,1.6e-05,1.5333333333333334e-05,c
exo,AllHints,cholesky,2,MINI,0.9200000000000003,1.6666666666666664e-05,1.5333333333333334e-05,c
exo,AllHints,cholesky,3,MINI,0.8363636363636364,1.8333333333333333e-05,1.5333333333333334e-05,c
exo,AllHints,cholesky,5,MINI,0.8679245283018868,1.7666666666666668e-05,1.5333333333333334e-05,c
exo,ChooseHints,cholesky,2,MINI,0.8518518518518519,1.8e-05,1.5333333333333334e-05,c
exo,ChooseHints,cholesky,3,MINI,0.9200000000000003,1.6666666666666664e-05,1.5333333333333334e-05,c
exo,ChooseHints,cholesky,4,MINI,0.8679245283018868,1.7666666666666668e-05,1.5333333333333334e-05,c
exo,ChooseHints,cholesky,5,MINI,1.0,1.5333333333333334e-05,1.5333333333333334e-05,c
exo,FromPlan,cholesky,1,MINI,0.9787234042553192,1.5666666666666667e-05,1.5333333333333334e-05,c
exo,FromPlan,cholesky,2,MINI,0.9387755102040818,1.633333333333333e-05,1.5333333333333334e-05,c
exo,FromPlan,cholesky,4,MINI,1.0,1.5333333333333334e-05,1.5333333333333334e-05,c
exo,FromPlan,cholesky,5,MINI,0.9200000000000003,1.6666666666666664e-05,1.5333333333333334e-05,c
exo,Naive,cholesky,1,MINI,0.4893617021276596,3.1333333333333334e-05,1.5333333333333334e-05,c
exo,Naive,cholesky,3,MINI,0.9583333333333335,1.6e-05,1.5333333333333334e-05,c
exo,Naive,cholesky,4,MINI,0.9583333333333335,1.6e-05,1.5333333333333334e-05,c
exo,Naive,cholesky,5,MINI,0.27710843373493976,5.5333333333333334e-05,1.5333333333333334e-05,c
exo,standard,cholesky,1,MINI,0.8846153846153846,1.7333333333333336e-05,1.5333333333333334e-05,c
exo,standard,cholesky,2,MINI,0.9019607843137256,1.7e-05,1.5333333333333334e-05,c
exo,standard,cholesky,3,MINI,0.9200000000000003,1.6666666666666664e-05,1.5333333333333334e-05,c
exo,standard,cholesky,4,MINI,0.9019607843137256,1.7e-05,1.5333333333333334e-05,c
exo,standard,cholesky,5,MINI,0.9200000000000003,1.6666666666666664e-05,1.5333333333333334e-05,c
halide,AllHints,cholesky,4,MINI,0.003954268030602596,0.0038776666666666664,1.5333333333333334e-05,c
halide,ChooseHints,cholesky,2,MINI,0.19574468085106386,7.833333333333333e-05,1.5333333333333334e-05,c
halide,Naive,cholesky,1,MINI,0.9019607843137256,1.7e-05,1.5333333333333334e-05,c
halide,Naive,cholesky,4,MINI,1.1219512195121952,1.3666666666666667e-05,1.5333333333333334e-05,c
halide,standard,cholesky,1,MINI,1.2432432432432434,1.2333333333333333e-05,1.5333333333333334e-05,c
c,AllHints,correlation,1,MINI,0.631578947368421,4.433333333333334e-05,2.8e-05,c
c,AllHints,correlation,2,MINI,0.6222222222222221,4.5e-05,2.8e-05,c
c,AllHints,correlation,3,MINI,0.13526570048309178,0.00020700000000000002,2.8e-05,c
c,AllHints,correlation,4,MINI,0.07272727272727272,0.000385,2.8e-05,c
c,ChooseHints,correlation,1,MINI,2.333333333333333,1.2e-05,2.8e-05,c
c,ChooseHints,correlation,2,MINI,2.545454545454545,1.1000000000000001e-05,2.8e-05,c
c,ChooseHints,correlation,3,MINI,0.8155339805825242,3.433333333333333e-05,2.8e-05,c
c,ChooseHints,correlation,5,MINI,0.5384615384615384,5.2e-05,2.8e-05,c
c,FromPlan,correlation,1,MINI,2.1538461538461537,1.3e-05,2.8e-05,c
c,FromPlan,correlation,2,MINI,2.1,1.3333333333333332e-05,2.8e-05,c
c,FromPlan,correlation,3,MINI,2.0,1.4e-05,2.8e-05,c
c,FromPlan,correlation,4,MINI,1.7872340425531914,1.5666666666666667e-05,2.8e-05,c
c,FromPlan,correlation,5,MINI,2.1,1.3333333333333332e-05,2.8e-05,c
c,Naive,correlation,1,MINI,2.2105263157894735,1.2666666666666667e-05,2.8e-05,c
c,Naive,correlation,2,MINI,2.1538461538461537,1.3e-05,2.8e-05,c
c,Naive,correlation,3,MINI,1.9534883720930232,1.4333333333333334e-05,2.8e-05,c
c,Naive,correlation,4,MINI,2.4,1.1666666666666666e-05,2.8e-05,c
c,Naive,correlation,5,MINI,1.2,2.3333333333333332e-05,2.8e-05,c
c,standard,correlation,1,MINI,1.0,2.8e-05,2.8e-05,c
exo,AllHints,correlation,1,MINI,0.2074074074074074,0.000135,2.8e-05,c
exo,AllHints,correlation,2,MINI,0.112,0.00025,2.8e-05,c
exo,AllHints,correlation,3,MINI,0.19858156028368795,0.00014099999999999998,2.8e-05,c
exo,AllHints,correlation,4,MINI,0.1390728476821192,0.00020133333333333334,2.8e-05,c
exo,AllHints,correlation,5,MINI,0.23863636363636365,0.00011733333333333333,2.8e-05,c
exo,ChooseHints,correlation,1,MINI,0.23333333333333334,0.00011999999999999999,2.8e-05,c
exo,ChooseHints,correlation,2,MINI,0.1463414634146341,0.00019133333333333337,2.8e-05,c
exo,ChooseHints,correlation,3,MINI,0.4421052631578947,6.333333333333333e-05,2.8e-05,c
exo,ChooseHints,correlation,4,MINI,0.4941176470588235,5.666666666666667e-05,2.8e-05,c
exo,ChooseHints,correlation,5,MINI,0.14583333333333331,0.000192,2.8e-05,c
exo,FromPlan,correlation,2,MINI,1.7142857142857144,1.633333333333333e-05,2.8e-05,c
exo,FromPlan,correlation,3,MINI,1.8666666666666667,1.5e-05,2.8e-05,c
exo,FromPlan,correlation,4,MINI,1.5272727272727273,1.8333333333333333e-05,2.8e-05,c
exo,Naive,correlation,2,MINI,1.5849056603773584,1.7666666666666668e-05,2.8e-05,c
exo,Naive,correlation,3,MINI,0.12804878048780488,0.00021866666666666668,2.8e-05,c
exo,Naive,correlation,5,MINI,0.25846153846153846,0.00010833333333333333,2.8e-05,c
exo,standard,correlation,1,MINI,0.9438202247191012,2.9666666666666665e-05,2.8e-05,c
exo,standard,correlation,2,MINI,0.9545454545454546,2.9333333333333333e-05,2.8e-05,c
exo,standard,correlation,3,MINI,0.9333333333333333,3e-05,2.8e-05,c
halide,AllHints,correlation,2,MINI,0.10047846889952151,0.0002786666666666667,2.8e-05,c
halide,standard,correlation,1,MINI,0.00015676994197645839,0.17860566666666666,2.8e-05,c
halide,standard,correlation,2,MINI,0.00017080252787741258,0.163932,2.8e-05,c
halide,standard,correlation,3,MINI,0.00015578057193724266,0.17974,2.8e-05,c
halide,standard,correlation,4,MINI,0.672,4.1666666666666665e-05,2.8e-05,c
halide,standard,correlation,5,MINI,0.00015482329869469214,0.18085133333333334,2.8e-05,c
noarr,AllHints,correlation,1,MINI,1.0,2.8e-05,2.8e-05,c
noarr,AllHints,correlation,2,MINI,1.135135135135135,2.466666666666667e-05,2.8e-05,c
noarr,AllHints,correlation,3,MINI,1.0120481927710843,2.7666666666666667e-05,2.8e-05,c
noarr,AllHints,correlation,4,MINI,0.8571428571428572,3.266666666666666e-05,2.8e-05,c
noarr,AllHints,correlation,5,MINI,1.1666666666666665,2.4e-05,2.8e-05,c
noarr,ChooseHints,correlation,1,MINI,1.1666666666666665,2.4e-05,2.8e-05,c
noarr,ChooseHints,correlation,2,MINI,1.2173913043478262,2.3e-05,2.8e-05,c
noarr,ChooseHints,correlation,3,MINI,0.7850467289719626,3.566666666666667e-05,2.8e-05,c
noarr,ChooseHints,correlation,4,MINI,1.024390243902439,2.7333333333333335e-05,2.8e-05,c
noarr,ChooseHints,correlation,5,MINI,1.0120481927710843,2.7666666666666667e-05,2.8e-05,c
noarr,FromPlan,correlation,1,MINI,1.2173913043478262,2.3e-05,2.8e-05,c
noarr,FromPlan,correlation,2,MINI,1.4482758620689655,1.9333333333333333e-05,2.8e-05,c
noarr,FromPlan,correlation,3,MINI,1.135135135135135,2.466666666666667e-05,2.8e-05,c
noarr,FromPlan,correlation,4,MINI,1.7872340425531914,1.5666666666666667e-05,2.8e-05,c
noarr,FromPlan,correlation,5,MINI,1.253731343283582,2.2333333333333335e-05,2.8e-05,c
noarr,Naive,correlation,1,MINI,1.2,2.3333333333333332e-05,2.8e-05,c
noarr,Naive,correlation,2,MINI,1.253731343283582,2.2333333333333335e-05,2.8e-05,c
noarr,Naive,correlation,3,MINI,0.9230769230769231,3.033333333333333e-05,2.8e-05,c
noarr,Naive,correlation,4,MINI,1.135135135135135,2.466666666666667e-05,2.8e-05,c
noarr,Naive,correlation,5,MINI,1.1666666666666665,2.4e-05,2.8e-05,c
noarr,standard,correlation,1,MINI,1.1666666666666665,2.4e-05,2.8e-05,c
noarr,standard,correlation,2,MINI,0.9438202247191012,2.9666666666666665e-05,2.8e-05,c
noarr,standard,correlation,3,MINI,1.3124999999999998,2.1333333333333338e-05,2.8e-05,c
noarr,standard,correlation,4,MINI,1.135135135135135,2.466666666666667e-05,2.8e-05,c
noarr,standard,correlation,5,MINI,1.1199999999999999,2.5e-05,2.8e-05,c
c,AllHints,covariance,1,MINI,0.2706766917293233,0.000133,3.6e-05,c
c,AllHints,covariance,2,MINI,1.1739130434782608,3.066666666666667e-05,3.6e-05,c
c,AllHints,covariance,3,MINI,0.20415879017013233,0.00017633333333333333,3.6e-05,c
c,AllHints,covariance,4,MINI,0.43902439024390244,8.2e-05,3.6e-05,c
c,AllHints,covariance,5,MINI,0.20809248554913296,0.000173,3.6e-05,c
c,ChooseHints,covariance,1,MINI,2.9189189189189193,1.2333333333333333e-05,3.6e-05,c
c,ChooseHints,covariance,2,MINI,0.6835443037974684,5.266666666666666e-05,3.6e-05,c
c,ChooseHints,covariance,3,MINI,2.7692307692307696,1.3e-05,3.6e-05,c
c,ChooseHints,covariance,4,MINI,3.2727272727272725,1.1000000000000001e-05,3.6e-05,c
c,ChooseHints,covariance,5,MINI,3.176470588235294,1.1333333333333334e-05,3.6e-05,c
c,FromPlan,covariance,1,MINI,2.9189189189189193,1.2333333333333333e-05,3.6e-05,c
c,FromPlan,covariance,2,MINI,2.7692307692307696,1.3e-05,3.6e-05,c
c,FromPlan,covariance,3,MINI,1.9285714285714288,1.8666666666666665e-05,3.6e-05,c
c,FromPlan,covariance,4,MINI,2.9189189189189193,1.2333333333333333e-05,3.6e-05,c
c,FromPlan,covariance,5,MINI,2.7692307692307696,1.3e-05,3.6e-05,c
c,Naive,covariance,1,MINI,1.7419354838709677,2.0666666666666666e-05,3.6e-05,c
c,Naive,covariance,2,MINI,1.565217391304348,2.3e-05,3.6e-05,c
c,Naive,covariance,3,MINI,3.0,1.2e-05,3.6e-05,c
c,Naive,covariance,4,MINI,0.8780487804878049,4.1e-05,3.6e-05,c
c,Naive,covariance,5,MINI,2.8421052631578947,1.2666666666666667e-05,3.6e-05,c
c,standard,covariance,1,MINI,1.0,3.6e-05,3.6e-05,c
exo,AllHints,covariance,1,MINI,0.32142857142857145,0.000112,3.6e-05,c
exo,AllHints,covariance,3,MINI,0.045588856057408186,0.0007896666666666667,3.6e-05,c
exo,ChooseHints,covariance,1,MINI,0.6967741935483871,5.1666666666666664e-05,3.6e-05,c
exo,ChooseHints,covariance,2,MINI,2.4545454545454546,1.4666666666666666e-05,3.6e-05,c
exo,ChooseHints,covariance,3,MINI,0.1884816753926702,0.00019099999999999998,3.6e-05,c
exo,ChooseHints,covariance,5,MINI,0.7448275862068966,4.8333333333333334e-05,3.6e-05,c
exo,FromPlan,covariance,1,MINI,1.5,2.4e-05,3.6e-05,c
exo,FromPlan,covariance,3,MINI,2.3478260869565215,1.5333333333333334e-05,3.6e-05,c
exo,FromPlan,covariance,4,MINI,2.3478260869565215,1.5333333333333334e-05,3.6e-05,c
exo,FromPlan,covariance,5,MINI,2.3478260869565215,1.5333333333333334e-05,3.6e-05,c
exo,Naive,covariance,1,MINI,2.4545454545454546,1.4666666666666666e-05,3.6e-05,c
exo,Naive,covariance,2,MINI,0.5966850828729282,6.0333333333333334e-05,3.6e-05,c
exo,Naive,covariance,3,MINI,0.30337078651685395,0.00011866666666666666,3.6e-05,c
exo,Naive,covariance,5,MINI,0.40449438202247195,8.9e-05,3.6e-05,c
exo,standard,covariance,1,MINI,1.1868131868131868,3.0333333333333333e-05,3.6e-05,c
exo,standard,covariance,2,MINI,1.1739130434782608,3.066666666666667e-05,3.6e-05,c
exo,standard,covariance,3,MINI,1.1739130434782608,3.066666666666667e-05,3.6e-05,c
exo,standard,covariance,4,MINI,1.3500000000000003,2.6666666666666663e-05,3.6e-05,c
exo,standard,covariance,5,MINI,1.3500000000000003,2.6666666666666663e-05,3.6e-05,c
halide,ChooseHints,covariance,5,MINI,0.10671936758893281,0.0003373333333333333,3.6e-05,c
halide,Naive,covariance,4,MINI,0.014289494575284466,0.0025193333333333335,3.6e-05,c
halide,standard,covariance,2,MINI,0.670807453416149,5.366666666666667e-05,3.6e-05,c
halide,standard,covariance,4,MINI,0.006077658975801914,0.005923333333333333,3.6e-05,c
noarr,AllHints,covariance,1,MINI,1.9285714285714288,1.8666666666666665e-05,3.6e-05,c
noarr,AllHints,covariance,2,MINI,1.6119402985074627,2.2333333333333335e-05,3.6e-05,c
noarr,AllHints,covariance,3,MINI,2.6341463414634148,1.3666666666666667e-05,3.6e-05,c
noarr,AllHints,covariance,4,MINI,1.830508474576271,1.966666666666667e-05,3.6e-05,c
noarr,AllHints,covariance,5,MINI,1.2134831460674158,2.9666666666666665e-05,3.6e-05,c
noarr,ChooseHints,covariance,1,MINI,2.8421052631578947,1.2666666666666667e-05,3.6e-05,c
noarr,ChooseHints,covariance,2,MINI,1.830508474576271,1.966666666666667e-05,3.6e-05,c
noarr,ChooseHints,covariance,3,MINI,1.8620689655172413,1.9333333333333333e-05,3.6e-05,c
noarr,ChooseHints,covariance,4,MINI,2.6341463414634148,1.3666666666666667e-05,3.6e-05,c
noarr,ChooseHints,covariance,5,MINI,1.7142857142857144,2.1e-05,3.6e-05,c
noarr,FromPlan,covariance,1,MINI,1.9636363636363638,1.8333333333333333e-05,3.6e-05,c
noarr,FromPlan,covariance,2,MINI,2.6999999999999997,1.3333333333333335e-05,3.6e-05,c
noarr,FromPlan,covariance,4,MINI,1.0093457943925233,3.566666666666667e-05,3.6e-05,c
noarr,FromPlan,covariance,5,MINI,2.918918918918919,1.2333333333333334e-05,3.6e-05,c
noarr,Naive,covariance,1,MINI,1.6363636363636362,2.2000000000000003e-05,3.6e-05,c
noarr,Naive,covariance,2,MINI,1.5211267605633803,2.3666666666666668e-05,3.6e-05,c
noarr,Naive,covariance,3,MINI,1.6119402985074627,2.2333333333333335e-05,3.6e-05,c
noarr,Naive,covariance,4,MINI,3.085714285714286,1.1666666666666666e-05,3.6e-05,c
noarr,Naive,covariance,5,MINI,3.0,1.2e-05,3.6e-05,c
noarr,standard,covariance,1,MINI,1.565217391304348,2.3e-05,3.6e-05,c
noarr,standard,covariance,2,MINI,1.4594594594594594,2.466666666666667e-05,3.6e-05,c
noarr,standard,covariance,3,MINI,1.44,2.5e-05,3.6e-05,c
noarr,standard,covariance,4,MINI,1.44,2.5e-05,3.6e-05,c
noarr,standard,covariance,5,MINI,1.4594594594594594,2.466666666666667e-05,3.6e-05,c
c,AllHints,deriche,1,MINI,0.4689655172413793,0.00029,0.000136,c
c,AllHints,deriche,2,MINI,1.0,0.000136,0.000136,c
c,AllHints,deriche,3,MINI,0.5543478260869564,0.00024533333333333335,0.000136,c
c,AllHints,deriche,4,MINI,1.1027027027027025,0.00012333333333333334,0.000136,c
c,AllHints,deriche,5,MINI,0.8535564853556484,0.00015933333333333335,0.000136,c
c,ChooseHints,deriche,1,MINI,0.46416382252559724,0.000293,0.000136,c
c,ChooseHints,deriche,2,MINI,0.5244215938303342,0.00025933333333333337,0.000136,c
c,ChooseHints,deriche,3,MINI,0.5138539042821159,0.0002646666666666667,0.000136,c
c,ChooseHints,deriche,4,MINI,0.5074626865671642,0.000268,0.000136,c
c,ChooseHints,deriche,5,MINI,0.18345323741007194,0.0007413333333333333,0.000136,c
c,FromPlan,deriche,1,MINI,1.3289902280130292,0.00010233333333333333,0.000136,c
c,FromPlan,deriche,2,MINI,1.3246753246753247,0.00010266666666666666,0.000136,c
c,FromPlan,deriche,3,MINI,1.2326283987915407,0.00011033333333333334,0.000136,c
c,FromPlan,deriche,4,MINI,1.299363057324841,0.00010466666666666666,0.000136,c
c,FromPlan,deriche,5,MINI,1.1301939058171744,0.00012033333333333334,0.000136,c
c,Naive,deriche,1,MINI,1.3333333333333333,0.000102,0.000136,c
c,Naive,deriche,2,MINI,1.4166666666666665,9.6e-05,0.000136,c
c,Naive,deriche,3,MINI,0.9691211401425177,0.00014033333333333335,0.000136,c
c,Naive,deriche,4,MINI,1.0124069478908189,0.00013433333333333334,0.000136,c
c,Naive,deriche,5,MINI,1.0355329949238579,0.00013133333333333335,0.000136,c
c,standard,deriche,1,MINI,1.0,0.000136,0.000136,c
exo,AllHints,deriche,1,MINI,0.07050285121824779,0.0019290000000000002,0.000136,c
exo,AllHints,deriche,2,MINI,0.39193083573487025,0.00034700000000000003,0.000136,c
exo,ChooseHints,deriche,2,MINI,0.37534498620055196,0.0003623333333333334,0.000136,c
exo,FromPlan,deriche,3,MINI,0.9951219512195122,0.00013666666666666666,0.000136,c
exo,Naive,deriche,5,MINI,0.9668246445497629,0.00014066666666666668,0.000136,c
exo,standard,deriche,3,MINI,0.8176352705410822,0.00016633333333333333,0.000136,c
exo,standard,deriche,4,MINI,0.864406779661017,0.00015733333333333333,0.000136,c
exo,standard,deriche,5,MINI,0.8209255533199193,0.0001656666666666667,0.000136,c
halide,AllHints,deriche,1,MINI,0.011166456839454813,0.012179333333333334,0.000136,c
halide,AllHints,deriche,2,MINI,0.17302798982188297,0.0007859999999999999,0.000136,c
halide,AllHints,deriche,3,MINI,0.02529448233106014,0.005376666666666666,0.000136,c
halide,ChooseHints,deriche,2,MINI,0.04489930670188181,0.003029,0.000136,c
halide,ChooseHints,deriche,3,MINI,0.013728591136983073,0.009906333333333335,0.000136,c
halide,ChooseHints,deriche,4,MINI,0.1919096895578551,0.0007086666666666668,0.000136,c
halide,ChooseHints,deriche,5,MINI,0.19272555503070385,0.0007056666666666666,0.000136,c
halide,FromPlan,deriche,1,MINI,0.9379310344827586,0.000145,0.000136,c
halide,FromPlan,deriche,2,MINI,0.05779036827195467,0.0023533333333333336,0.000136,c
halide,FromPlan,deriche,4,MINI,0.006902735716581792,0.019702333333333332,0.000136,c
halide,Naive,deriche,5,MINI,0.7906976744186047,0.00017199999999999998,0.000136,c
halide,standard,deriche,1,MINI,0.28294036061026356,0.0004806666666666666,0.000136,c
noarr,AllHints,deriche,1,MINI,0.6172465960665657,0.00022033333333333334,0.000136,c
noarr,AllHints,deriche,2,MINI,0.5795454545454546,0.00023466666666666666,0.000136,c
noarr,AllHints,deriche,3,MINI,1.9615384615384617,6.933333333333333e-05,0.000136,c
noarr,ChooseHints,deriche,2,MINI,1.9154929577464788,7.1e-05,0.000136,c
noarr,ChooseHints,deriche,4,MINI,2.125,6.4e-05,0.000136,c
noarr,ChooseHints,deriche,5,MINI,0.05115987460815047,0.0026583333333333333,0.000136,c
noarr,FromPlan,deriche,1,MINI,1.8461538461538463,7.366666666666666e-05,0.000136,c
noarr,FromPlan,deriche,2,MINI,0.05601317957166392,0.002428,0.000136,c
noarr,FromPlan,deriche,3,MINI,2.4142011834319526,5.633333333333333e-05,0.000136,c
noarr,FromPlan,deriche,4,MINI,1.9615384615384612,6.933333333333334e-05,0.000136,c
noarr,FromPlan,deriche,5,MINI,1.9902439024390244,6.833333333333333e-05,0.000136,c
noarr,Naive,deriche,1,MINI,1.6790123456790123,8.1e-05,0.000136,c
noarr,Naive,deriche,3,MINI,1.9615384615384617,6.933333333333333e-05,0.000136,c
noarr,Naive,deriche,4,MINI,2.2173913043478257,6.133333333333334e-05,0.000136,c
noarr,Naive,deriche,5,MINI,3.4871794871794872,3.9e-05,0.000136,c
noarr,standard,deriche,1,MINI,2.3314285714285714,5.833333333333333e-05,0.000136,c
noarr,standard,deriche,2,MINI,1.9065420560747663,7.133333333333334e-05,0.000136,c
noarr,standard,deriche,3,MINI,1.829596412556054,7.433333333333333e-05,0.000136,c
noarr,standard,deriche,4,MINI,1.9336492890995263,7.033333333333333e-05,0.000136,c
noarr,standard,deriche,5,MINI,2.1818181818181817,6.233333333333334e-05,0.000136,c
c,AllHints,doitgen,1,MINI,0.21341463414634143,5.466666666666667e-05,1.1666666666666666e-05,c
c,AllHints,doitgen,2,MINI,0.1977401129943503,5.9e-05,1.1666666666666666e-05,c
c,AllHints,doitgen,3,MINI,0.2554744525547445,4.566666666666667e-05,1.1666666666666666e-05,c
c,AllHints,doitgen,4,MINI,0.2777777777777778,4.2e-05,1.1666666666666666e-05,c
c,AllHints,doitgen,5,MINI,0.2755905511811024,4.233333333333333e-05,1.1666666666666666e-05,c
c,ChooseHints,doitgen,1,MINI,1.6666666666666665,7e-06,1.1666666666666666e-05,c
c,ChooseHints,doitgen,2,MINI,0.25,4.6666666666666665e-05,1.1666666666666666e-05,c
c,ChooseHints,doitgen,3,MINI,0.3125,3.733333333333333e-05,1.1666666666666666e-05,c
c,ChooseHints,doitgen,4,MINI,0.25179856115107907,4.633333333333334e-05,1.1666666666666666e-05,c
c,ChooseHints,doitgen,5,MINI,0.25,4.6666666666666665e-05,1.1666666666666666e-05,c
c,FromPlan,doitgen,1,MINI,1.5909090909090908,7.333333333333333e-06,1.1666666666666666e-05,c
c,FromPlan,doitgen,2,MINI,1.5217391304347825,7.666666666666667e-06,1.1666666666666666e-05,c
c,FromPlan,doitgen,3,MINI,1.6666666666666665,7e-06,1.1666666666666666e-05,c
c,FromPlan,doitgen,4,MINI,1.8421052631578947,6.333333333333333e-06,1.1666666666666666e-05,c
c,FromPlan,doitgen,5,MINI,1.6666666666666665,7e-06,1.1666666666666666e-05,c
c,Naive,doitgen,1,MINI,1.6666666666666665,7e-06,1.1666666666666666e-05,c
c,Naive,doitgen,2,MINI,1.7500000000000002,6.666666666666666e-06,1.1666666666666666e-05,c
c,Naive,doitgen,3,MINI,1.6666666666666665,7e-06,1.1666666666666666e-05,c
c,Naive,doitgen,4,MINI,1.5909090909090908,7.333333333333333e-06,1.1666666666666666e-05,c
c,Naive,doitgen,5,MINI,1.206896551724138,9.666666666666667e-06,1.1666666666666666e-05,c
c,standard,doitgen,1,MINI,1.0,1.1666666666666666e-05,1.1666666666666666e-05,c
exo,AllHints,doitgen,1,MINI,0.0028301123958922943,0.004122333333333333,1.1666666666666666e-05,c
exo,AllHints,doitgen,2,MINI,0.03695881731784583,0.0003156666666666666,1.1666666666666666e-05,c
exo,AllHints,doitgen,3,MINI,0.23026315789473684,5.066666666666667e-05,1.1666666666666666e-05,c
exo,AllHints,doitgen,4,MINI,0.035175879396984924,0.0003316666666666667,1.1666666666666666e-05,c
exo,AllHints,doitgen,5,MINI,0.03333333333333333,0.00035,1.1666666666666666e-05,c
exo,ChooseHints,doitgen,1,MINI,0.035175879396984924,0.0003316666666666667,1.1666666666666666e-05,c
exo,ChooseHints,doitgen,2,MINI,0.03404669260700389,0.0003426666666666667,1.1666666666666666e-05,c
exo,ChooseHints,doitgen,3,MINI,0.03228782287822878,0.0003613333333333333,1.1666666666666666e-05,c
exo,ChooseHints,doitgen,4,MINI,1.5909090909090908,7.333333333333333e-06,1.1666666666666666e-05,c
exo,FromPlan,doitgen,2,MINI,1.2962962962962963,9e-06,1.1666666666666666e-05,c
exo,FromPlan,doitgen,4,MINI,1.5217391304347825,7.666666666666667e-06,1.1666666666666666e-05,c
exo,FromPlan,doitgen,5,MINI,1.5217391304347825,7.666666666666667e-06,1.1666666666666666e-05,c
exo,Naive,doitgen,2,MINI,0.7954545454545454,1.4666666666666666e-05,1.1666666666666666e-05,c
exo,Naive,doitgen,3,MINI,0.6140350877192982,1.9e-05,1.1666666666666666e-05,c
exo,Naive,doitgen,4,MINI,0.2651515151515151,4.4000000000000006e-05,1.1666666666666666e-05,c
exo,Naive,doitgen,5,MINI,1.4000000000000001,8.333333333333332e-06,1.1666666666666666e-05,c
exo,standard,doitgen,1,MINI,0.7000000000000001,1.6666666666666664e-05,1.1666666666666666e-05,c
exo,standard,doitgen,2,MINI,0.6862745098039216,1.7e-05,1.1666666666666666e-05,c
exo,standard,doitgen,3,MINI,0.6862745098039216,1.7e-05,1.1666666666666666e-05,c
exo,standard,doitgen,4,MINI,0.6730769230769229,1.7333333333333336e-05,1.1666666666666666e-05,c
exo,standard,doitgen,5,MINI,0.660377358490566,1.7666666666666668e-05,1.1666666666666666e-05,c
halide,standard,doitgen,3,MINI,0.44871794871794873,2.6e-05,1.1666666666666666e-05,c
halide,standard,doitgen,4,MINI,0.4861111111111111,2.4e-05,1.1666666666666666e-05,c
halide,standard,doitgen,5,MINI,0.42682926829268286,2.7333333333333335e-05,1.1666666666666666e-05,c
noarr,AllHints,doitgen,1,MINI,2.333333333333333,5e-06,1.1666666666666666e-05,c
noarr,AllHints,doitgen,2,MINI,2.333333333333333,5e-06,1.1666666666666666e-05,c
noarr,AllHints,doitgen,3,MINI,2.9166666666666665,4e-06,1.1666666666666666e-05,c
noarr,AllHints,doitgen,4,MINI,2.6923076923076916,4.333333333333334e-06,1.1666666666666666e-05,c
noarr,AllHints,doitgen,5,MINI,2.333333333333333,5e-06,1.1666666666666666e-05,c
noarr,ChooseHints,doitgen,1,MINI,2.6923076923076916,4.333333333333334e-06,1.1666666666666666e-05,c
noarr,ChooseHints,doitgen,2,MINI,2.333333333333333,5e-06,1.1666666666666666e-05,c
noarr,ChooseHints,doitgen,3,MINI,2.333333333333333,5e-06,1.1666666666666666e-05,c
noarr,ChooseHints,doitgen,4,MINI,2.333333333333333,5e-06,1.1666666666666666e-05,c
noarr,ChooseHints,doitgen,5,MINI,2.333333333333333,5e-06,1.1666666666666666e-05,c
noarr,FromPlan,doitgen,1,MINI,2.4999999999999996,4.666666666666667e-06,1.1666666666666666e-05,c
noarr,FromPlan,doitgen,2,MINI,1.1666666666666665,1e-05,1.1666666666666666e-05,c
noarr,FromPlan,doitgen,3,MINI,1.2962962962962963,9e-06,1.1666666666666666e-05,c
noarr,FromPlan,doitgen,4,MINI,2.333333333333333,5e-06,1.1666666666666666e-05,c
noarr,FromPlan,doitgen,5,MINI,1.9444444444444444,6e-06,1.1666666666666666e-05,c
noarr,Naive,doitgen,1,MINI,2.333333333333333,5e-06,1.1666666666666666e-05,c
noarr,Naive,doitgen,2,MINI,2.4999999999999996,4.666666666666667e-06,1.1666666666666666e-05,c
noarr,Naive,doitgen,3,MINI,2.333333333333333,5e-06,1.1666666666666666e-05,c
noarr,Naive,doitgen,4,MINI,2.1874999999999996,5.3333333333333345e-06,1.1666666666666666e-05,c
noarr,Naive,doitgen,5,MINI,2.333333333333333,5e-06,1.1666666666666666e-05,c
noarr,standard,doitgen,1,MINI,1.2962962962962963,9e-06,1.1666666666666666e-05,c
noarr,standard,doitgen,2,MINI,1.129032258064516,1.0333333333333333e-05,1.1666666666666666e-05,c
noarr,standard,doitgen,3,MINI,1.2962962962962963,9e-06,1.1666666666666666e-05,c
noarr,standard,doitgen,5,MINI,1.129032258064516,1.0333333333333333e-05,1.1666666666666666e-05,c
c,AllHints,durbin,1,MINI,1.7142857142857144,2.333333333333333e-06,4e-06,c
c,AllHints,durbin,3,MINI,1.3333333333333333,3e-06,4e-06,c
c,AllHints,durbin,4,MINI,1.3333333333333333,3e-06,4e-06,c
c,AllHints,durbin,5,MINI,1.7142857142857144,2.333333333333333e-06,4e-06,c
c,ChooseHints,durbin,1,MINI,1.7142857142857144,2.333333333333333e-06,4e-06,c
c,ChooseHints,durbin,2,MINI,1.3333333333333333,3e-06,4e-06,c
c,ChooseHints,durbin,3,MINI,1.5,2.6666666666666664e-06,4e-06,c
c,ChooseHints,durbin,4,MINI,1.5,2.6666666666666664e-06,4e-06,c
c,ChooseHints,durbin,5,MINI,1.3333333333333333,3e-06,4e-06,c
c,FromPlan,durbin,1,MINI,2.0,2e-06,4e-06,c
c,FromPlan,durbin,2,MINI,2.0,2e-06,4e-06,c
c,FromPlan,durbin,3,MINI,2.0,2e-06,4e-06,c
c,FromPlan,durbin,4,MINI,1.7142857142857144,2.333333333333333e-06,4e-06,c
c,FromPlan,durbin,5,MINI,1.5,2.6666666666666664e-06,4e-06,c
c,Naive,durbin,1,MINI,1.5,2.6666666666666664e-06,4e-06,c
c,Naive,durbin,2,MINI,1.3333333333333333,3e-06,4e-06,c
c,Naive,durbin,3,MINI,1.7142857142857144,2.333333333333333e-06,4e-06,c
c,Naive,durbin,4,MINI,1.5,2.6666666666666664e-06,4e-06,c
c,Naive,durbin,5,MINI,1.7142857142857144,2.333333333333333e-06,4e-06,c
c,standard,durbin,1,MINI,1.0,4e-06,4e-06,c
exo,AllHints,durbin,1,MINI,1.5,2.6666666666666664e-06,4e-06,c
exo,AllHints,durbin,2,MINI,0.857142857142857,4.666666666666667e-06,4e-06,c
exo,AllHints,durbin,3,MINI,0.00200836820083682,0.0019916666666666668,4e-06,c
exo,ChooseHints,durbin,1,MINI,1.3333333333333333,3e-06,4e-06,c
exo,ChooseHints,durbin,2,MINI,0.4444444444444444,9e-06,4e-06,c
exo,ChooseHints,durbin,3,MINI,0.7058823529411764,5.666666666666667e-06,4e-06,c
exo,ChooseHints,durbin,4,MINI,0.001965280052407468,0.0020353333333333334,4e-06,c
exo,FromPlan,durbin,2,MINI,0.7499999999999998,5.3333333333333345e-06,4e-06,c
exo,FromPlan,durbin,5,MINI,1.3333333333333333,3e-06,4e-06,c
exo,Naive,durbin,3,MINI,1.0,4e-06,4e-06,c
exo,Naive,durbin,4,MINI,0.6666666666666666,6e-06,4e-06,c
exo,standard,durbin,1,MINI,0.7499999999999998,5.3333333333333345e-06,4e-06,c
exo,standard,durbin,2,MINI,0.7999999999999999,5e-06,4e-06,c
exo,standard,durbin,3,MINI,0.857142857142857,4.666666666666667e-06,4e-06,c
exo,standard,durbin,4,MINI,0.7999999999999999,5e-06,4e-06,c
exo,standard,durbin,5,MINI,0.6666666666666666,6e-06,4e-06,c
halide,FromPlan,durbin,3,MINI,0.009764035801464604,0.0004096666666666667,4e-06,c
halide,standard,durbin,4,MINI,0.04195804195804195,9.533333333333334e-05,4e-06,c
noarr,AllHints,durbin,1,MINI,2.0,2e-06,4e-06,c
noarr,AllHints,durbin,2,MINI,2.0,2e-06,4e-06,c
noarr,AllHints,durbin,3,MINI,2.0,2e-06,4e-06,c
noarr,AllHints,durbin,4,MINI,2.0,2e-06,4e-06,c
noarr,AllHints,durbin,5,MINI,2.0,2e-06,4e-06,c
noarr,ChooseHints,durbin,1,MINI,1.0,4e-06,4e-06,c
noarr,ChooseHints,durbin,2,MINI,2.0,2e-06,4e-06,c
noarr,ChooseHints,durbin,3,MINI,1.0,4e-06,4e-06,c
noarr,ChooseHints,durbin,4,MINI,2.0,2e-06,4e-06,c
noarr,ChooseHints,durbin,5,MINI,2.0,2e-06,4e-06,c
noarr,FromPlan,durbin,1,MINI,2.0,2e-06,4e-06,c
noarr,FromPlan,durbin,2,MINI,2.0,2e-06,4e-06,c
noarr,FromPlan,durbin,3,MINI,2.0,2e-06,4e-06,c
noarr,FromPlan,durbin,4,MINI,2.0,2e-06,4e-06,c
noarr,FromPlan,durbin,5,MINI,2.0,2e-06,4e-06,c
noarr,Naive,durbin,1,MINI,2.0,2e-06,4e-06,c
noarr,Naive,durbin,2,MINI,0.7999999999999999,5e-06,4e-06,c
noarr,Naive,durbin,3,MINI,2.0,2e-06,4e-06,c
noarr,Naive,durbin,4,MINI,2.0,2e-06,4e-06,c
noarr,Naive,durbin,5,MINI,2.0,2e-06,4e-06,c
noarr,standard,durbin,1,MINI,0.7999999999999999,5e-06,4e-06,c
noarr,standard,durbin,2,MINI,0.9230769230769229,4.333333333333334e-06,4e-06,c
noarr,standard,durbin,3,MINI,0.7999999999999999,5e-06,4e-06,c
noarr,standard,durbin,5,MINI,0.7999999999999999,5e-06,4e-06,c
c,AllHints,fdtd-2d,1,MINI,0.04162537165510407,0.0006726666666666666,2.8e-05,c
c,AllHints,fdtd-2d,2,MINI,0.033680834001603856,0.0008313333333333332,2.8e-05,c
c,AllHints,fdtd-2d,4,MINI,0.0347970173985087,0.0008046666666666666,2.8e-05,c
c,ChooseHints,fdtd-2d,2,MINI,0.04065827686350435,0.0006886666666666667,2.8e-05,c
c,ChooseHints,fdtd-2d,3,MINI,0.0426179604261796,0.000657,2.8e-05,c
c,ChooseHints,fdtd-2d,5,MINI,0.040249161475802576,0.0006956666666666668,2.8e-05,c
c,FromPlan,fdtd-2d,1,MINI,1.5272727272727273,1.8333333333333333e-05,2.8e-05,c
c,FromPlan,fdtd-2d,2,MINI,1.5272727272727273,1.8333333333333333e-05,2.8e-05,c
c,FromPlan,fdtd-2d,3,MINI,1.0632911392405064,2.633333333333333e-05,2.8e-05,c
c,FromPlan,fdtd-2d,5,MINI,0.9655172413793103,2.9e-05,2.8e-05,c
c,Naive,fdtd-2d,1,MINI,1.5849056603773584,1.7666666666666668e-05,2.8e-05,c
c,Naive,fdtd-2d,2,MINI,1.5555555555555556,1.8e-05,2.8e-05,c
c,Naive,fdtd-2d,3,MINI,1.6153846153846152,1.7333333333333336e-05,2.8e-05,c
c,Naive,fdtd-2d,4,MINI,1.5849056603773584,1.7666666666666668e-05,2.8e-05,c
c,Naive,fdtd-2d,5,MINI,0.717948717948718,3.9e-05,2.8e-05,c
c,standard,fdtd-2d,1,MINI,1.0,2.8e-05,2.8e-05,c
exo,AllHints,fdtd-2d,3,MINI,0.013714285714285712,0.002041666666666667,2.8e-05,c
exo,AllHints,fdtd-2d,4,MINI,0.013962765957446808,0.0020053333333333334,2.8e-05,c
exo,AllHints,fdtd-2d,5,MINI,0.01776274053711144,0.0015763333333333332,2.8e-05,c
exo,ChooseHints,fdtd-2d,4,MINI,0.013914195792612223,0.0020123333333333334,2.8e-05,c
exo,FromPlan,fdtd-2d,2,MINI,0.5753424657534246,4.8666666666666666e-05,2.8e-05,c
exo,FromPlan,fdtd-2d,4,MINI,0.6885245901639344,4.066666666666667e-05,2.8e-05,c
exo,Naive,fdtd-2d,1,MINI,0.013944223107569723,0.002008,2.8e-05,c
exo,Naive,fdtd-2d,2,MINI,0.01837270341207349,0.001524,2.8e-05,c
exo,Naive,fdtd-2d,3,MINI,0.711864406779661,3.933333333333333e-05,2.8e-05,c
exo,standard,fdtd-2d,1,MINI,0.7850467289719626,3.566666666666667e-05,2.8e-05,c
exo,standard,fdtd-2d,2,MINI,0.7777777777777778,3.6e-05,2.8e-05,c
exo,standard,fdtd-2d,3,MINI,0.7636363636363637,3.6666666666666666e-05,2.8e-05,c
exo,standard,fdtd-2d,4,MINI,0.7850467289719626,3.566666666666667e-05,2.8e-05,c
exo,standard,fdtd-2d,5,MINI,0.8571428571428572,3.266666666666666e-05,2.8e-05,c
halide,AllHints,fdtd-2d,5,MINI,0.016901408450704224,0.0016566666666666667,2.8e-05,c
halide,ChooseHints,fdtd-2d,5,MINI,0.002240298706494199,0.012498333333333334,2.8e-05,c
halide,FromPlan,fdtd-2d,4,MINI,0.0029455081001472753,0.009506,2.8e-05,c
halide,Naive,fdtd-2d,1,MINI,0.0016671297582661851,0.016795333333333332,2.8e-05,c
halide,Naive,fdtd-2d,5,MINI,0.019305906688117675,0.0014503333333333332,2.8e-05,c
halide,standard,fdtd-2d,1,MINI,0.15217391304347827,0.000184,2.8e-05,c
halide,standard,fdtd-2d,3,MINI,0.1976470588235294,0.00014166666666666668,2.8e-05,c
halide,standard,fdtd-2d,5,MINI,0.2074074074074074,0.000135,2.8e-05,c
noarr,AllHints,fdtd-2d,1,MINI,0.01354620222544751,0.002067,2.8e-05,c
noarr,AllHints,fdtd-2d,4,MINI,0.007074875768550491,0.0039576666666666675,2.8e-05,c
noarr,AllHints,fdtd-2d,5,MINI,1.0120481927710843,2.7666666666666667e-05,2.8e-05,c
noarr,ChooseHints,fdtd-2d,1,MINI,0.02416570771001151,0.0011586666666666666,2.8e-05,c
noarr,ChooseHints,fdtd-2d,3,MINI,0.0054858934169279,0.005104,2.8e-05,c
noarr,ChooseHints,fdtd-2d,5,MINI,0.013051584835301427,0.0021453333333333337,2.8e-05,c
noarr,FromPlan,fdtd-2d,2,MINI,0.7567567567567568,3.7e-05,2.8e-05,c
noarr,FromPlan,fdtd-2d,3,MINI,1.135135135135135,2.4666666666666665e-05,2.8e-05,c
noarr,FromPlan,fdtd-2d,5,MINI,0.7777777777777778,3.6e-05,2.8e-05,c
noarr,Naive,fdtd-2d,1,MINI,1.3125,2.133333333333333e-05,2.8e-05,c
noarr,Naive,fdtd-2d,2,MINI,1.5555555555555556,1.8e-05,2.8e-05,c
noarr,Naive,fdtd-2d,3,MINI,1.0370370370370372,2.6999999999999996e-05,2.8e-05,c
noarr,Naive,fdtd-2d,4,MINI,0.48,5.833333333333333e-05,2.8e-05,c
noarr,standard,fdtd-2d,1,MINI,1.0,2.8e-05,2.8e-05,c
noarr,standard,fdtd-2d,2,MINI,1.135135135135135,2.4666666666666665e-05,2.8e-05,c
noarr,standard,fdtd-2d,3,MINI,1.024390243902439,2.7333333333333335e-05,2.8e-05,c
noarr,standard,fdtd-2d,4,MINI,1.024390243902439,2.7333333333333335e-05,2.8e-05,c
noarr,standard,fdtd-2d,5,MINI,1.0370370370370372,2.6999999999999996e-05,2.8e-05,c
c,AllHints,gemver,1,MINI,0.04709141274238227,0.00012033333333333334,5.666666666666667e-06,c
c,AllHints,gemver,2,MINI,0.028813559322033895,0.00019666666666666669,5.666666666666667e-06,c
c,AllHints,gemver,3,MINI,0.08900523560209425,6.366666666666666e-05,5.666666666666667e-06,c
c,AllHints,gemver,4,MINI,0.10119047619047619,5.6e-05,5.666666666666667e-06,c
c,AllHints,gemver,5,MINI,0.0303030303030303,0.00018700000000000002,5.666666666666667e-06,c
c,ChooseHints,gemver,1,MINI,0.6296296296296297,9e-06,5.666666666666667e-06,c
c,ChooseHints,gemver,2,MINI,0.03617021276595745,0.00015666666666666666,5.666666666666667e-06,c
c,ChooseHints,gemver,3,MINI,0.06071428571428572,9.333333333333333e-05,5.666666666666667e-06,c
c,ChooseHints,gemver,4,MINI,0.6071428571428571,9.333333333333334e-06,5.666666666666667e-06,c
c,ChooseHints,gemver,5,MINI,0.6538461538461537,8.666666666666668e-06,5.666666666666667e-06,c
c,FromPlan,gemver,1,MINI,1.7000000000000004,3.333333333333333e-06,5.666666666666667e-06,c
c,FromPlan,gemver,2,MINI,1.8888888888888888,3e-06,5.666666666666667e-06,c
c,FromPlan,gemver,3,MINI,1.7000000000000004,3.333333333333333e-06,5.666666666666667e-06,c
c,FromPlan,gemver,4,MINI,1.7000000000000004,3.333333333333333e-06,5.666666666666667e-06,c
c,Naive,gemver,1,MINI,1.3076923076923075,4.333333333333334e-06,5.666666666666667e-06,c
c,Naive,gemver,2,MINI,1.5454545454545456,3.6666666666666666e-06,5.666666666666667e-06,c
c,Naive,gemver,3,MINI,1.7000000000000004,3.333333333333333e-06,5.666666666666667e-06,c
c,Naive,gemver,4,MINI,1.7000000000000004,3.333333333333333e-06,5.666666666666667e-06,c
c,Naive,gemver,5,MINI,1.5454545454545456,3.6666666666666666e-06,5.666666666666667e-06,c
c,standard,gemver,1,MINI,1.0,5.666666666666667e-06,5.666666666666667e-06,c
exo,AllHints,gemver,1,MINI,0.1370967741935484,4.133333333333333e-05,5.666666666666667e-06,c
exo,AllHints,gemver,2,MINI,0.09770114942528736,5.8e-05,5.666666666666667e-06,c
exo,AllHints,gemver,3,MINI,0.0604982206405694,9.366666666666666e-05,5.666666666666667e-06,c
exo,AllHints,gemver,4,MINI,0.09999999999999999,5.666666666666667e-05,5.666666666666667e-06,c
exo,AllHints,gemver,5,MINI,0.04871060171919771,0.00011633333333333335,5.666666666666667e-06,c
exo,ChooseHints,gemver,1,MINI,0.13821138211382114,4.1e-05,5.666666666666667e-06,c
exo,ChooseHints,gemver,2,MINI,0.06273062730627307,9.033333333333332e-05,5.666666666666667e-06,c
exo,FromPlan,gemver,1,MINI,0.5666666666666667,1e-05,5.666666666666667e-06,c
exo,FromPlan,gemver,2,MINI,0.004979496192149971,0.001138,5.666666666666667e-06,c
exo,Naive,gemver,5,MINI,0.06640625000000001,8.533333333333332e-05,5.666666666666667e-06,c
exo,standard,gemver,1,MINI,0.7727272727272728,7.333333333333333e-06,5.666666666666667e-06,c
exo,standard,gemver,2,MINI,0.8500000000000002,6.666666666666666e-06,5.666666666666667e-06,c
exo,standard,gemver,3,MINI,0.8500000000000002,6.666666666666666e-06,5.666666666666667e-06,c
exo,standard,gemver,4,MINI,0.5666666666666667,1e-05,5.666666666666667e-06,c
exo,standard,gemver,5,MINI,0.8095238095238095,7e-06,5.666666666666667e-06,c
halide,standard,gemver,1,MINI,0.03981264637002342,0.00014233333333333334,5.666666666666667e-06,c
halide,standard,gemver,4,MINI,0.21518987341772156,2.633333333333333e-05,5.666666666666667e-06,c
noarr,AllHints,gemver,1,MINI,1.8888888888888888,3e-06,5.666666666666667e-06,c
noarr,AllHints,gemver,2,MINI,0.002431697897296524,0.0023303333333333336,5.666666666666667e-06,c
noarr,AllHints,gemver,3,MINI,0.002435879065768735,0.0023263333333333335,5.666666666666667e-06,c
noarr,AllHints,gemver,4,MINI,1.4166666666666667,4e-06,5.666666666666667e-06,c
noarr,AllHints,gemver,5,MINI,0.0023390203632361033,0.0024226666666666667,5.666666666666667e-06,c
noarr,ChooseHints,gemver,1,MINI,1.8888888888888888,3e-06,5.666666666666667e-06,c
noarr,ChooseHints,gemver,2,MINI,1.8888888888888888,3e-06,5.666666666666667e-06,c
noarr,ChooseHints,gemver,3,MINI,0.0024702121476315024,0.002294,5.666666666666667e-06,c
noarr,ChooseHints,gemver,4,MINI,1.8888888888888888,3e-06,5.666666666666667e-06,c
noarr,ChooseHints,gemver,5,MINI,1.4166666666666667,4e-06,5.666666666666667e-06,c
noarr,FromPlan,gemver,1,MINI,0.7083333333333334,8e-06,5.666666666666667e-06,c
noarr,FromPlan,gemver,2,MINI,1.1333333333333333,5e-06,5.666666666666667e-06,c
noarr,FromPlan,gemver,3,MINI,1.8888888888888888,3e-06,5.666666666666667e-06,c
noarr,FromPlan,gemver,4,MINI,0.8095238095238095,7e-06,5.666666666666667e-06,c
noarr,Naive,gemver,1,MINI,1.8888888888888888,3e-06,5.666666666666667e-06,c
noarr,Naive,gemver,2,MINI,1.8888888888888888,3e-06,5.666666666666667e-06,c
noarr,Naive,gemver,3,MINI,1.8888888888888888,3e-06,5.666666666666667e-06,c
noarr,Naive,gemver,4,MINI,1.8888888888888888,3e-06,5.666666666666667e-06,c
noarr,Naive,gemver,5,MINI,1.8888888888888888,3e-06,5.666666666666667e-06,c
noarr,standard,gemver,1,MINI,1.4166666666666667,4e-06,5.666666666666667e-06,c
noarr,standard,gemver,2,MINI,1.4166666666666667,4e-06,5.666666666666667e-06,c
noarr,standard,gemver,3,MINI,1.4166666666666667,4e-06,5.666666666666667e-06,c
noarr,standard,gemver,5,MINI,1.4166666666666667,4e-06,5.666666666666667e-06,c
c,AllHints,gesummv,1,MINI,0.588235294117647,5.666666666666667e-06,3.333333333333333e-06,c
c,AllHints,gesummv,2,MINI,0.588235294117647,5.666666666666667e-06,3.333333333333333e-06,c
c,AllHints,gesummv,3,MINI,0.11111111111111109,3e-05,3.333333333333333e-06,c
c,AllHints,gesummv,4,MINI,0.7142857142857141,4.666666666666667e-06,3.333333333333333e-06,c
c,AllHints,gesummv,5,MINI,0.05882352941176469,5.666666666666667e-05,3.333333333333333e-06,c
c,ChooseHints,gesummv,1,MINI,0.1075268817204301,3.1e-05,3.333333333333333e-06,c
c,ChooseHints,gesummv,2,MINI,0.10989010989010987,3.0333333333333333e-05,3.333333333333333e-06,c
c,ChooseHints,gesummv,3,MINI,0.10869565217391303,3.066666666666667e-05,3.333333333333333e-06,c
c,ChooseHints,gesummv,4,MINI,0.3999999999999999,8.333333333333334e-06,3.333333333333333e-06,c
c,ChooseHints,gesummv,5,MINI,0.1075268817204301,3.1e-05,3.333333333333333e-06,c
c,FromPlan,gesummv,1,MINI,0.11235955056179775,2.9666666666666665e-05,3.333333333333333e-06,c
c,FromPlan,gesummv,2,MINI,0.10101010101010101,3.2999999999999996e-05,3.333333333333333e-06,c
c,FromPlan,gesummv,3,MINI,2.5,1.3333333333333332e-06,3.333333333333333e-06,c
c,FromPlan,gesummv,4,MINI,0.10638297872340424,3.1333333333333334e-05,3.333333333333333e-06,c
c,FromPlan,gesummv,5,MINI,0.11764705882352938,2.8333333333333335e-05,3.333333333333333e-06,c
c,Naive,gesummv,1,MINI,0.10989010989010987,3.0333333333333333e-05,3.333333333333333e-06,c
c,Naive,gesummv,2,MINI,2.0,1.6666666666666665e-06,3.333333333333333e-06,c
c,Naive,gesummv,3,MINI,2.0,1.6666666666666665e-06,3.333333333333333e-06,c
c,Naive,gesummv,4,MINI,2.0,1.6666666666666665e-06,3.333333333333333e-06,c
c,Naive,gesummv,5,MINI,0.11235955056179775,2.9666666666666665e-05,3.333333333333333e-06,c
c,standard,gesummv,1,MINI,1.0,3.333333333333333e-06,3.333333333333333e-06,c
exo,AllHints,gesummv,2,MINI,0.1111111111111111,2.9999999999999997e-05,3.333333333333333e-06,c
exo,AllHints,gesummv,3,MINI,0.10989010989010987,3.0333333333333333e-05,3.333333333333333e-06,c
exo,AllHints,gesummv,4,MINI,0.11235955056179775,2.9666666666666665e-05,3.333333333333333e-06,c
exo,AllHints,gesummv,5,MINI,0.1111111111111111,2.9999999999999997e-05,3.333333333333333e-06,c
exo,ChooseHints,gesummv,1,MINI,0.10869565217391303,3.066666666666667e-05,3.333333333333333e-06,c
exo,ChooseHints,gesummv,3,MINI,0.10416666666666666,3.2e-05,3.333333333333333e-06,c
exo,ChooseHints,gesummv,4,MINI,0.11235955056179775,2.9666666666666665e-05,3.333333333333333e-06,c
exo,ChooseHints,gesummv,5,MINI,0.11235955056179775,2.9666666666666665e-05,3.333333333333333e-06,c
exo,FromPlan,gesummv,2,MINI,0.0847457627118644,3.933333333333333e-05,3.333333333333333e-06,c
exo,FromPlan,gesummv,3,MINI,1.6666666666666665,2e-06,3.333333333333333e-06,c
exo,FromPlan,gesummv,5,MINI,0.10989010989010987,3.0333333333333333e-05,3.333333333333333e-06,c
exo,Naive,gesummv,1,MINI,0.10989010989010987,3.0333333333333333e-05,3.333333333333333e-06,c
exo,Naive,gesummv,2,MINI,0.10989010989010987,3.0333333333333333e-05,3.333333333333333e-06,c
exo,Naive,gesummv,3,MINI,0.05847953216374268,5.7e-05,3.333333333333333e-06,c
exo,Naive,gesummv,4,MINI,0.05952380952380951,5.6000000000000006e-05,3.333333333333333e-06,c
exo,Naive,gesummv,5,MINI,0.8333333333333333,4e-06,3.333333333333333e-06,c
exo,standard,gesummv,1,MINI,0.909090909090909,3.6666666666666666e-06,3.333333333333333e-06,c
exo,standard,gesummv,2,MINI,0.909090909090909,3.6666666666666666e-06,3.333333333333333e-06,c
exo,standard,gesummv,3,MINI,0.909090909090909,3.6666666666666666e-06,3.333333333333333e-06,c
exo,standard,gesummv,4,MINI,0.8333333333333333,4e-06,3.333333333333333e-06,c
exo,standard,gesummv,5,MINI,1.111111111111111,3e-06,3.333333333333333e-06,c
halide,Naive,gesummv,4,MINI,0.0013408420488066504,0.002486,3.333333333333333e-06,c
halide,Naive,gesummv,5,MINI,0.04098360655737704,8.133333333333334e-05,3.333333333333333e-06,c
halide,standard,gesummv,1,MINI,0.2631578947368421,1.2666666666666667e-05,3.333333333333333e-06,c
halide,standard,gesummv,2,MINI,0.14705882352941174,2.2666666666666668e-05,3.333333333333333e-06,c
halide,standard,gesummv,3,MINI,0.27027027027027023,1.2333333333333333e-05,3.333333333333333e-06,c
halide,standard,gesummv,4,MINI,0.2857142857142857,1.1666666666666666e-05,3.333333333333333e-06,c
halide,standard,gesummv,5,MINI,0.21276595744680848,1.5666666666666667e-05,3.333333333333333e-06,c
noarr,AllHints,gesummv,1,MINI,3.333333333333333,1e-06,3.333333333333333e-06,c
noarr,AllHints,gesummv,2,MINI,0.12658227848101267,2.633333333333333e-05,3.333333333333333e-06,c
noarr,AllHints,gesummv,3,MINI,3.333333333333333,1e-06,3.333333333333333e-06,c
noarr,AllHints,gesummv,4,MINI,3.333333333333333,1e-06,3.333333333333333e-06,c
noarr,AllHints,gesummv,5,MINI,0.001453488372093023,0.0022933333333333334,3.333333333333333e-06,c
noarr,ChooseHints,gesummv,1,MINI,0.0014488554042306576,0.0023006666666666666,3.333333333333333e-06,c
noarr,ChooseHints,gesummv,2,MINI,3.333333333333333,1e-06,3.333333333333333e-06,c
noarr,ChooseHints,gesummv,3,MINI,0.001486988847583643,0.0022416666666666665,3.333333333333333e-06,c
noarr,ChooseHints,gesummv,4,MINI,0.0014771048744460853,0.002256666666666667,3.333333333333333e-06,c
noarr,ChooseHints,gesummv,5,MINI,3.333333333333333,1e-06,3.333333333333333e-06,c
noarr,FromPlan,gesummv,1,MINI,0.41666666666666663,8e-06,3.333333333333333e-06,c
noarr,FromPlan,gesummv,3,MINI,0.10416666666666666,3.2e-05,3.333333333333333e-06,c
noarr,FromPlan,gesummv,4,MINI,3.333333333333333,1e-06,3.333333333333333e-06,c
noarr,Naive,gesummv,1,MINI,3.333333333333333,1e-06,3.333333333333333e-06,c
noarr,Naive,gesummv,2,MINI,3.333333333333333,1e-06,3.333333333333333e-06,c
noarr,Naive,gesummv,3,MINI,3.333333333333333,1e-06,3.333333333333333e-06,c
noarr,Naive,gesummv,4,MINI,3.333333333333333,1e-06,3.333333333333333e-06,c
noarr,Naive,gesummv,5,MINI,3.333333333333333,1e-06,3.333333333333333e-06,c
noarr,standard,gesummv,1,MINI,1.111111111111111,3e-06,3.333333333333333e-06,c
noarr,standard,gesummv,2,MINI,1.4285714285714286,2.333333333333333e-06,3.333333333333333e-06,c
noarr,standard,gesummv,3,MINI,1.25,2.6666666666666664e-06,3.333333333333333e-06,c
noarr,standard,gesummv,4,MINI,1.25,2.6666666666666664e-06,3.333333333333333e-06,c
noarr,standard,gesummv,5,MINI,1.25,2.6666666666666664e-06,3.333333333333333e-06,c
c,ChooseHints,gramschmidt,1,MINI,1.6923076923076927,1.3e-05,2.2000000000000003e-05,c
c,ChooseHints,gramschmidt,4,MINI,1.6097560975609757,1.3666666666666667e-05,2.2000000000000003e-05,c
c,Naive,gramschmidt,1,MINI,1.8857142857142861,1.1666666666666666e-05,2.2000000000000003e-05,c
c,standard,gramschmidt,1,MINI,1.0,2.2000000000000003e-05,2.2000000000000003e-05,c
c,AllHints,jacobi-1d,1,MINI,0.002827521206409048,0.0003536666666666666,1e-06,c
c,AllHints,jacobi-1d,2,MINI,0.00297029702970297,0.0003366666666666667,1e-06,c
c,AllHints,jacobi-1d,4,MINI,0.022727272727272724,4.4000000000000006e-05,1e-06,c
c,AllHints,jacobi-1d,5,MINI,0.0028735632183908046,0.000348,1e-06,c
c,ChooseHints,jacobi-1d,2,MINI,0.0026041666666666665,0.000384,1e-06,c
c,ChooseHints,jacobi-1d,3,MINI,0.0028680688336520073,0.00034866666666666667,1e-06,c
c,ChooseHints,jacobi-1d,4,MINI,0.002901353965183752,0.0003446666666666667,1e-06,c
c,ChooseHints,jacobi-1d,5,MINI,0.0027548209366391185,0.000363,1e-06,c
c,FromPlan,jacobi-1d,2,MINI,0.003012048192771084,0.000332,1e-06,c
c,FromPlan,jacobi-1d,3,MINI,0.0029154518950437317,0.000343,1e-06,c
c,FromPlan,jacobi-1d,4,MINI,0.002949852507374631,0.00033900000000000005,1e-06,c
c,FromPlan,jacobi-1d,5,MINI,0.002884615384615384,0.0003466666666666667,1e-06,c
c,Naive,jacobi-1d,2,MINI,0.5,2e-06,1e-06,c
c,Naive,jacobi-1d,3,MINI,1.0,1e-06,1e-06,c
c,Naive,jacobi-1d,4,MINI,1.0,1e-06,1e-06,c
c,Naive,jacobi-1d,5,MINI,1.0,1e-06,1e-06,c
c,standard,jacobi-1d,1,MINI,1.0,1e-06,1e-06,c
exo,AllHints,jacobi-1d,1,MINI,0.0009523809523809524,0.00105,1e-06,c
exo,AllHints,jacobi-1d,2,MINI,0.0009658725048293626,0.0010353333333333332,1e-06,c
exo,AllHints,jacobi-1d,3,MINI,0.0009615384615384616,0.00104,1e-06,c
exo,AllHints,jacobi-1d,4,MINI,0.0009904258831297458,0.0010096666666666665,1e-06,c
exo,AllHints,jacobi-1d,5,MINI,0.0009878169245966415,0.0010123333333333332,1e-06,c
exo,ChooseHints,jacobi-1d,1,MINI,0.0010010010010010008,0.000999,1e-06,c
exo,ChooseHints,jacobi-1d,3,MINI,0.000982961992136304,0.0010173333333333334,1e-06,c
exo,ChooseHints,jacobi-1d,4,MINI,0.0009339975093399751,0.0010706666666666666,1e-06,c
exo,ChooseHints,jacobi-1d,5,MINI,0.0009699321047526672,0.001031,1e-06,c
exo,FromPlan,jacobi-1d,1,MINI,0.0009174311926605504,0.00109,1e-06,c
exo,FromPlan,jacobi-1d,4,MINI,0.0009643201542912247,0.001037,1e-06,c
exo,Naive,jacobi-1d,1,MINI,0.0009624639076034648,0.001039,1e-06,c
exo,Naive,jacobi-1d,2,MINI,0.0009765625,0.001024,1e-06,c
exo,Naive,jacobi-1d,5,MINI,0.0009689922480620153,0.0010320000000000001,1e-06,c
exo,standard,jacobi-1d,1,MINI,1.0,1e-06,1e-06,c
exo,standard,jacobi-1d,2,MINI,1.0,1e-06,1e-06,c
exo,standard,jacobi-1d,3,MINI,1.0,1e-06,1e-06,c
exo,standard,jacobi-1d,4,MINI,1.0,1e-06,1e-06,c
exo,standard,jacobi-1d,5,MINI,1.0,1e-06,1e-06,c
halide,ChooseHints,jacobi-1d,3,MINI,0.012345679012345678,8.1e-05,1e-06,c
halide,FromPlan,jacobi-1d,4,MINI,0.002583979328165375,0.000387,1e-06,c
halide,standard,jacobi-1d,2,MINI,0.024193548387096774,4.133333333333333e-05,1e-06,c
halide,standard,jacobi-1d,5,MINI,0.033707865168539325,2.9666666666666665e-05,1e-06,c
noarr,AllHints,jacobi-1d,1,MINI,0.0003176956475696283,0.0031476666666666667,1e-06,c
noarr,AllHints,jacobi-1d,2,MINI,1.0,1e-06,1e-06,c
noarr,AllHints,jacobi-1d,3,MINI,1.0,1e-06,1e-06,c
noarr,AllHints,jacobi-1d,4,MINI,0.001073729420186113,0.0009313333333333334,1e-06,c
noarr,AllHints,jacobi-1d,5,MINI,1.0,1e-06,1e-06,c
noarr,ChooseHints,jacobi-1d,1,MINI,0.0003169907016060862,0.0031546666666666667,1e-06,c
noarr,ChooseHints,jacobi-1d,2,MINI,1.0,1e-06,1e-06,c
noarr,ChooseHints,jacobi-1d,3,MINI,0.00031655587211142766,0.003159,1e-06,c
noarr,ChooseHints,jacobi-1d,4,MINI,0.00031149413352715184,0.0032103333333333337,1e-06,c
noarr,ChooseHints,jacobi-1d,5,MINI,0.0004178272980501392,0.0023933333333333337,1e-06,c
noarr,FromPlan,jacobi-1d,1,MINI,0.07142857142857142,1.4e-05,1e-06,c
noarr,FromPlan,jacobi-1d,2,MINI,1.0,1e-06,1e-06,c
noarr,FromPlan,jacobi-1d,3,MINI,0.039999999999999994,2.5e-05,1e-06,c
noarr,FromPlan,jacobi-1d,4,MINI,0.0967741935483871,1.0333333333333333e-05,1e-06,c
noarr,FromPlan,jacobi-1d,5,MINI,0.017857142857142856,5.6000000000000006e-05,1e-06,c
noarr,Naive,jacobi-1d,1,MINI,0.001072194424588992,0.0009326666666666667,1e-06,c
noarr,Naive,jacobi-1d,3,MINI,0.00030272452068617553,0.0033033333333333335,1e-06,c
noarr,Naive,jacobi-1d,4,MINI,1.0,1e-06,1e-06,c
noarr,Naive,jacobi-1d,5,MINI,1.0,1e-06,1e-06,c
noarr,standard,jacobi-1d,1,MINI,1.0,1e-06,1e-06,c
noarr,standard,jacobi-1d,2,MINI,1.0,1e-06,1e-06,c
noarr,standard,jacobi-1d,3,MINI,1.0,1e-06,1e-06,c
noarr,standard,jacobi-1d,4,MINI,1.0,1e-06,1e-06,c
noarr,standard,jacobi-1d,5,MINI,1.0,1e-06,1e-06,c
c,AllHints,jacobi-2d,1,MINI,0.08129439621152329,0.0004223333333333333,3.433333333333333e-05,c
c,AllHints,jacobi-2d,2,MINI,0.09753787878787877,0.00035200000000000005,3.433333333333333e-05,c
c,AllHints,jacobi-2d,3,MINI,0.08736217133163698,0.00039299999999999996,3.433333333333333e-05,c
c,AllHints,jacobi-2d,4,MINI,0.0954587581093605,0.0003596666666666667,3.433333333333333e-05,c
c,AllHints,jacobi-2d,5,MINI,0.3056379821958457,0.00011233333333333333,3.433333333333333e-05,c
c,ChooseHints,jacobi-2d,1,MINI,0.08313155770782889,0.000413,3.433333333333333e-05,c
c,ChooseHints,jacobi-2d,2,MINI,0.08078431372549019,0.00042500000000000003,3.433333333333333e-05,c
c,ChooseHints,jacobi-2d,3,MINI,0.08505367464905036,0.0004036666666666667,3.433333333333333e-05,c
c,ChooseHints,jacobi-2d,4,MINI,0.08484349258649093,0.00040466666666666667,3.433333333333333e-05,c
c,ChooseHints,jacobi-2d,5,MINI,0.08380797396257118,0.0004096666666666667,3.433333333333333e-05,c
c,FromPlan,jacobi-2d,1,MINI,0.9903846153846154,3.4666666666666665e-05,3.433333333333333e-05,c
c,FromPlan,jacobi-2d,2,MINI,1.0,3.433333333333333e-05,3.433333333333333e-05,c
c,FromPlan,jacobi-2d,3,MINI,0.2853185595567867,0.00012033333333333334,3.433333333333333e-05,c
c,FromPlan,jacobi-2d,4,MINI,1.0,3.433333333333333e-05,3.433333333333333e-05,c
c,FromPlan,jacobi-2d,5,MINI,0.032771237671014954,0.0010476666666666666,3.433333333333333e-05,c
c,Naive,jacobi-2d,1,MINI,1.0,3.433333333333333e-05,3.433333333333333e-05,c
c,Naive,jacobi-2d,2,MINI,0.9903846153846154,3.4666666666666665e-05,3.433333333333333e-05,c
c,Naive,jacobi-2d,3,MINI,1.0,3.433333333333333e-05,3.433333333333333e-05,c
c,Naive,jacobi-2d,4,MINI,0.08576186511240633,0.0004003333333333333,3.433333333333333e-05,c
c,standard,jacobi-2d,1,MINI,1.0,3.433333333333333e-05,3.433333333333333e-05,c
exo,AllHints,jacobi-2d,2,MINI,0.0303834808259587,0.00113,3.433333333333333e-05,c
exo,AllHints,jacobi-2d,3,MINI,0.03326873385012919,0.0010320000000000001,3.433333333333333e-05,c
exo,ChooseHints,jacobi-2d,1,MINI,0.029794619612380675,0.0011523333333333333,3.433333333333333e-05,c
exo,ChooseHints,jacobi-2d,2,MINI,0.03024075161479741,0.0011353333333333335,3.433333333333333e-05,c
exo,ChooseHints,jacobi-2d,4,MINI,0.03287583785509096,0.0010443333333333335,3.433333333333333e-05,c
exo,Naive,jacobi-2d,3,MINI,0.030267411107846018,0.0011343333333333333,3.433333333333333e-05,c
exo,standard,jacobi-2d,1,MINI,0.8174603174603174,4.2e-05,3.433333333333333e-05,c
exo,standard,jacobi-2d,2,MINI,0.824,4.1666666666666665e-05,3.433333333333333e-05,c
exo,standard,jacobi-2d,3,MINI,0.824,4.1666666666666665e-05,3.433333333333333e-05,c
exo,standard,jacobi-2d,4,MINI,0.824,4.1666666666666665e-05,3.433333333333333e-05,c
exo,standard,jacobi-2d,5,MINI,0.8110236220472441,4.233333333333333e-05,3.433333333333333e-05,c
halide,standard,jacobi-2d,3,MINI,0.24235294117647055,0.00014166666666666668,3.433333333333333e-05,c
halide,standard,jacobi-2d,4,MINI,0.4327731092436975,7.933333333333333e-05,3.433333333333333e-05,c
halide,standard,jacobi-2d,5,MINI,0.22787610619469023,0.00015066666666666668,3.433333333333333e-05,c
noarr,AllHints,jacobi-2d,1,MINI,0.010324779470729751,0.0033253333333333334,3.433333333333333e-05,c
noarr,AllHints,jacobi-2d,2,MINI,0.03325799160477882,0.0010323333333333332,3.433333333333333e-05,c
noarr,AllHints,jacobi-2d,3,MINI,0.032543443917851494,0.0010550000000000002,3.433333333333333e-05,c
noarr,AllHints,jacobi-2d,4,MINI,0.010157790927021697,0.0033799999999999998,3.433333333333333e-05,c
noarr,AllHints,jacobi-2d,5,MINI,0.010303090927278184,0.003332333333333333,3.433333333333333e-05,c
noarr,ChooseHints,jacobi-2d,1,MINI,1.03,3.333333333333333e-05,3.433333333333333e-05,c
noarr,ChooseHints,jacobi-2d,2,MINI,0.010494141619969434,0.003271666666666667,3.433333333333333e-05,c
noarr,ChooseHints,jacobi-2d,3,MINI,0.9903846153846154,3.4666666666666665e-05,3.433333333333333e-05,c
noarr,ChooseHints,jacobi-2d,4,MINI,0.033561420658194854,0.0010229999999999998,3.433333333333333e-05,c
noarr,ChooseHints,jacobi-2d,5,MINI,0.03163390663390663,0.0010853333333333333,3.433333333333333e-05,c
noarr,FromPlan,jacobi-2d,1,MINI,0.824,4.1666666666666665e-05,3.433333333333333e-05,c
noarr,FromPlan,jacobi-2d,2,MINI,0.824,4.1666666666666665e-05,3.433333333333333e-05,c
noarr,FromPlan,jacobi-2d,3,MINI,0.944954128440367,3.633333333333333e-05,3.433333333333333e-05,c
noarr,FromPlan,jacobi-2d,4,MINI,0.8583333333333333,4e-05,3.433333333333333e-05,c
noarr,FromPlan,jacobi-2d,5,MINI,0.944954128440367,3.633333333333333e-05,3.433333333333333e-05,c
noarr,Naive,jacobi-2d,1,MINI,0.0332258064516129,0.0010333333333333334,3.433333333333333e-05,c
noarr,Naive,jacobi-2d,2,MINI,0.9716981132075471,3.5333333333333336e-05,3.433333333333333e-05,c
noarr,Naive,jacobi-2d,3,MINI,0.03351773511226814,0.0010243333333333335,3.433333333333333e-05,c
noarr,Naive,jacobi-2d,5,MINI,0.9537037037037036,3.6e-05,3.433333333333333e-05,c
noarr,standard,jacobi-2d,1,MINI,0.9903846153846154,3.4666666666666665e-05,3.433333333333333e-05,c
noarr,standard,jacobi-2d,2,MINI,1.0,3.433333333333333e-05,3.433333333333333e-05,c
noarr,standard,jacobi-2d,3,MINI,1.1444444444444444,3e-05,3.433333333333333e-05,c
noarr,standard,jacobi-2d,4,MINI,1.0,3.433333333333333e-05,3.433333333333333e-05,c
noarr,standard,jacobi-2d,5,MINI,0.9903846153846154,3.4666666666666665e-05,3.433333333333333e-05,c
c,AllHints,lu,1,MINI,1.111111111111111,2.7000000000000002e-05,3e-05,c
c,AllHints,lu,2,MINI,0.8910891089108911,3.366666666666667e-05,3e-05,c
c,AllHints,lu,3,MINI,0.028800000000000003,0.0010416666666666667,3e-05,c
c,AllHints,lu,4,MINI,1.2328767123287672,2.4333333333333333e-05,3e-05,c
c,AllHints,lu,5,MINI,1.111111111111111,2.7000000000000002e-05,3e-05,c
c,ChooseHints,lu,1,MINI,1.1111111111111114,2.6999999999999996e-05,3e-05,c
c,ChooseHints,lu,2,MINI,1.2676056338028168,2.3666666666666668e-05,3e-05,c
c,ChooseHints,lu,3,MINI,1.1842105263157896,2.5333333333333334e-05,3e-05,c
c,ChooseHints,lu,4,MINI,1.2857142857142856,2.3333333333333336e-05,3e-05,c
c,ChooseHints,lu,5,MINI,0.16042780748663102,0.000187,3e-05,c
c,FromPlan,lu,1,MINI,1.4062500000000002,2.133333333333333e-05,3e-05,c
c,FromPlan,lu,2,MINI,0.3249097472924188,9.233333333333333e-05,3e-05,c
c,FromPlan,lu,3,MINI,0.9782608695652173,3.066666666666667e-05,3e-05,c
c,FromPlan,lu,4,MINI,1.153846153846154,2.6e-05,3e-05,c
c,FromPlan,lu,5,MINI,2.903225806451613,1.0333333333333333e-05,3e-05,c
c,Naive,lu,1,MINI,1.1249999999999998,2.666666666666667e-05,3e-05,c
c,Naive,lu,2,MINI,0.989010989010989,3.0333333333333333e-05,3e-05,c
c,Naive,lu,3,MINI,1.097560975609756,2.7333333333333335e-05,3e-05,c
c,Naive,lu,4,MINI,1.0714285714285714,2.8e-05,3e-05,c
c,Naive,lu,5,MINI,1.1842105263157896,2.5333333333333334e-05,3e-05,c
c,standard,lu,1,MINI,1.0,3e-05,3e-05,c
exo,AllHints,lu,1,MINI,0.03034389750505732,0.0009886666666666666,3e-05,c
exo,AllHints,lu,2,MINI,0.029801324503311254,0.0010066666666666668,3e-05,c
exo,AllHints,lu,3,MINI,0.030080213903743314,0.0009973333333333334,3e-05,c
exo,AllHints,lu,4,MINI,0.0017663683466792276,0.016984,3e-05,c
exo,AllHints,lu,5,MINI,0.5454545454545454,5.5e-05,3e-05,c
exo,ChooseHints,lu,1,MINI,0.8411214953271028,3.566666666666667e-05,3e-05,c
exo,ChooseHints,lu,2,MINI,0.030601836110166612,0.0009803333333333333,3e-05,c
exo,ChooseHints,lu,3,MINI,1.0344827586206897,2.9e-05,3e-05,c
exo,FromPlan,lu,3,MINI,0.7258064516129032,4.133333333333333e-05,3e-05,c
exo,Naive,lu,1,MINI,0.8823529411764706,3.4e-05,3e-05,c
exo,Naive,lu,2,MINI,0.8571428571428572,3.5e-05,3e-05,c
exo,Naive,lu,3,MINI,1.0227272727272727,2.9333333333333333e-05,3e-05,c
exo,Naive,lu,4,MINI,0.03049813622500847,0.0009836666666666668,3e-05,c
exo,Naive,lu,5,MINI,0.8411214953271028,3.566666666666667e-05,3e-05,c
exo,standard,lu,1,MINI,0.9574468085106383,3.1333333333333334e-05,3e-05,c
exo,standard,lu,2,MINI,0.9278350515463919,3.233333333333333e-05,3e-05,c
exo,standard,lu,3,MINI,0.8490566037735848,3.5333333333333336e-05,3e-05,c
exo,standard,lu,4,MINI,0.967741935483871,3.1e-05,3e-05,c
exo,standard,lu,5,MINI,0.9090909090909091,3.3e-05,3e-05,c
halide,ChooseHints,lu,2,MINI,0.03614457831325301,0.00083,3e-05,c
halide,ChooseHints,lu,4,MINI,0.03288271830471319,0.0009123333333333332,3e-05,c
halide,ChooseHints,lu,5,MINI,0.02105755732335049,0.0014246666666666667,3e-05,c
halide,FromPlan,lu,5,MINI,0.021316911416390336,0.0014073333333333334,3e-05,c
halide,standard,lu,1,MINI,0.020325203252032523,0.0014759999999999999,3e-05,c
halide,standard,lu,5,MINI,0.022118456623248958,0.0013563333333333333,3e-05,c
noarr,AllHints,lu,1,MINI,1.3043478260869565,2.3e-05,3e-05,c
noarr,AllHints,lu,2,MINI,1.1250000000000002,2.6666666666666663e-05,3e-05,c
noarr,AllHints,lu,3,MINI,1.7647058823529411,1.7e-05,3e-05,c
noarr,AllHints,lu,4,MINI,1.3846153846153848,2.1666666666666664e-05,3e-05,c
noarr,AllHints,lu,5,MINI,1.7307692307692306,1.7333333333333336e-05,3e-05,c
noarr,ChooseHints,lu,1,MINI,1.3636363636363635,2.2000000000000003e-05,3e-05,c
noarr,ChooseHints,lu,2,MINI,1.2676056338028168,2.3666666666666668e-05,3e-05,c
noarr,ChooseHints,lu,3,MINI,1.0227272727272727,2.9333333333333333e-05,3e-05,c
noarr,ChooseHints,lu,5,MINI,1.2328767123287672,2.4333333333333333e-05,3e-05,c
noarr,FromPlan,lu,1,MINI,1.3043478260869565,2.3e-05,3e-05,c
noarr,FromPlan,lu,2,MINI,1.4285714285714286,2.1e-05,3e-05,c
noarr,FromPlan,lu,3,MINI,1.7647058823529411,1.7e-05,3e-05,c
noarr,FromPlan,lu,4,MINI,1.5,2e-05,3e-05,c
noarr,FromPlan,lu,5,MINI,1.139240506329114,2.633333333333333e-05,3e-05,c
noarr,Naive,lu,1,MINI,1.2676056338028168,2.3666666666666668e-05,3e-05,c
noarr,Naive,lu,2,MINI,1.1842105263157896,2.5333333333333334e-05,3e-05,c
noarr,Naive,lu,3,MINI,1.4285714285714286,2.1e-05,3e-05,c
noarr,Naive,lu,4,MINI,1.0714285714285714,2.8e-05,3e-05,c
noarr,standard,lu,2,MINI,1.097560975609756,2.7333333333333335e-05,3e-05,c
noarr,standard,lu,5,MINI,1.0465116279069768,2.8666666666666668e-05,3e-05,c
c,AllHints,ludcmp,1,MINI,0.9157894736842106,3.1666666666666666e-05,2.9e-05,c
c,AllHints,ludcmp,2,MINI,1.1600000000000001,2.4999999999999998e-05,2.9e-05,c
c,AllHints,ludcmp,3,MINI,1.0357142857142858,2.8e-05,2.9e-05,c
c,AllHints,ludcmp,5,MINI,1.0609756097560976,2.7333333333333335e-05,2.9e-05,c
c,ChooseHints,ludcmp,1,MINI,0.027230046948356807,0.001065,2.9e-05,c
c,ChooseHints,ludcmp,2,MINI,0.2909698996655518,9.966666666666667e-05,2.9e-05,c
c,ChooseHints,ludcmp,3,MINI,1.2428571428571429,2.3333333333333332e-05,2.9e-05,c
c,ChooseHints,ludcmp,4,MINI,0.30419580419580416,9.533333333333334e-05,2.9e-05,c
c,ChooseHints,ludcmp,5,MINI,0.03168244719592134,0.0009153333333333334,2.9e-05,c
c,FromPlan,ludcmp,1,MINI,1.0357142857142858,2.8e-05,2.9e-05,c
c,FromPlan,ludcmp,3,MINI,1.2428571428571427,2.3333333333333336e-05,2.9e-05,c
c,FromPlan,ludcmp,4,MINI,1.0,2.9e-05,2.9e-05,c
c,FromPlan,ludcmp,5,MINI,1.2794117647058822,2.2666666666666668e-05,2.9e-05,c
c,Naive,ludcmp,2,MINI,1.2083333333333333,2.4e-05,2.9e-05,c
c,Naive,ludcmp,3,MINI,0.8877551020408164,3.266666666666666e-05,2.9e-05,c
c,Naive,ludcmp,4,MINI,0.90625,3.2e-05,2.9e-05,c
c,standard,ludcmp,1,MINI,1.0,2.9e-05,2.9e-05,c
exo,AllHints,ludcmp,2,MINI,0.8446601941747574,3.433333333333333e-05,2.9e-05,c
exo,AllHints,ludcmp,5,MINI,0.02667893284268629,0.001087,2.9e-05,c
exo,ChooseHints,ludcmp,1,MINI,0.8285714285714286,3.5e-05,2.9e-05,c
exo,ChooseHints,ludcmp,3,MINI,0.026276049531863487,0.0011036666666666666,2.9e-05,c
exo,ChooseHints,ludcmp,4,MINI,0.7909090909090909,3.6666666666666666e-05,2.9e-05,c
exo,FromPlan,ludcmp,3,MINI,0.0013226507745868617,0.021925666666666666,2.9e-05,c
exo,Naive,ludcmp,1,MINI,0.9560439560439561,3.0333333333333333e-05,2.9e-05,c
exo,Naive,ludcmp,2,MINI,0.925531914893617,3.1333333333333334e-05,2.9e-05,c
exo,Naive,ludcmp,3,MINI,0.6850393700787402,4.233333333333333e-05,2.9e-05,c
exo,Naive,ludcmp,5,MINI,0.8613861386138614,3.366666666666667e-05,2.9e-05,c
exo,standard,ludcmp,1,MINI,0.925531914893617,3.1333333333333334e-05,2.9e-05,c
exo,standard,ludcmp,2,MINI,0.9354838709677419,3.1e-05,2.9e-05,c
exo,standard,ludcmp,3,MINI,0.9354838709677419,3.1e-05,2.9e-05,c
exo,standard,ludcmp,4,MINI,0.9157894736842106,3.1666666666666666e-05,2.9e-05,c
exo,standard,ludcmp,5,MINI,0.9354838709677419,3.1e-05,2.9e-05,c
halide,AllHints,ludcmp,2,MINI,0.01914612676056338,0.0015146666666666668,2.9e-05,c
halide,AllHints,ludcmp,4,MINI,0.031833150384193196,0.0009109999999999999,2.9e-05,c
halide,ChooseHints,ludcmp,1,MINI,0.019095697980684813,0.0015186666666666666,2.9e-05,c
halide,Naive,ludcmp,3,MINI,0.03284258210645526,0.000883,2.9e-05,c
halide,standard,ludcmp,3,MINI,0.019273371732388127,0.0015046666666666665,2.9e-05,c
noarr,AllHints,ludcmp,1,MINI,1.0116279069767442,2.8666666666666668e-05,2.9e-05,c
noarr,AllHints,ludcmp,2,MINI,1.0,2.9e-05,2.9e-05,c
noarr,AllHints,ludcmp,3,MINI,0.7837837837837837,3.7000000000000005e-05,2.9e-05,c
noarr,AllHints,ludcmp,4,MINI,1.16,2.5e-05,2.9e-05,c
noarr,AllHints,ludcmp,5,MINI,1.1153846153846154,2.6e-05,2.9e-05,c
noarr,ChooseHints,ludcmp,1,MINI,0.8787878787878787,3.3e-05,2.9e-05,c
noarr,ChooseHints,ludcmp,2,MINI,1.0875000000000001,2.6666666666666663e-05,2.9e-05,c
noarr,ChooseHints,ludcmp,3,MINI,1.0,2.9e-05,2.9e-05,c
noarr,ChooseHints,ludcmp,4,MINI,1.1153846153846154,2.6e-05,2.9e-05,c
noarr,ChooseHints,ludcmp,5,MINI,0.9666666666666667,3e-05,2.9e-05,c
noarr,FromPlan,ludcmp,1,MINI,1.0740740740740742,2.6999999999999996e-05,2.9e-05,c
noarr,FromPlan,ludcmp,2,MINI,1.0481927710843373,2.7666666666666667e-05,2.9e-05,c
noarr,FromPlan,ludcmp,3,MINI,1.1012658227848102,2.633333333333333e-05,2.9e-05,c
noarr,FromPlan,ludcmp,5,MINI,1.16,2.5e-05,2.9e-05,c
noarr,Naive,ludcmp,1,MINI,1.0481927710843373,2.7666666666666667e-05,2.9e-05,c
noarr,Naive,ludcmp,2,MINI,1.0116279069767442,2.8666666666666668e-05,2.9e-05,c
noarr,Naive,ludcmp,3,MINI,1.1012658227848102,2.633333333333333e-05,2.9e-05,c
noarr,Naive,ludcmp,4,MINI,1.1153846153846154,2.6e-05,2.9e-05,c
noarr,Naive,ludcmp,5,MINI,1.1012658227848102,2.633333333333333e-05,2.9e-05,c
noarr,standard,ludcmp,1,MINI,1.1153846153846154,2.6e-05,2.9e-05,c
c,AllHints,mvt,1,MINI,2.166666666666667,2e-06,4.333333333333334e-06,c
c,AllHints,mvt,2,MINI,0.10156250000000003,4.266666666666666e-05,4.333333333333334e-06,c
c,AllHints,mvt,4,MINI,0.0760233918128655,5.7e-05,4.333333333333334e-06,c
c,AllHints,mvt,5,MINI,0.6500000000000001,6.666666666666666e-06,4.333333333333334e-06,c
c,ChooseHints,mvt,1,MINI,0.3939393939393939,1.1000000000000001e-05,4.333333333333334e-06,c
c,ChooseHints,mvt,2,MINI,0.036111111111111115,0.00012,4.333333333333334e-06,c
c,ChooseHints,mvt,3,MINI,1.181818181818182,3.6666666666666666e-06,4.333333333333334e-06,c
c,ChooseHints,mvt,5,MINI,0.590909090909091,7.333333333333333e-06,4.333333333333334e-06,c
c,FromPlan,mvt,1,MINI,1.4444444444444446,3e-06,4.333333333333334e-06,c
c,FromPlan,mvt,2,MINI,1.3000000000000003,3.333333333333333e-06,4.333333333333334e-06,c
c,FromPlan,mvt,3,MINI,2.166666666666667,2e-06,4.333333333333334e-06,c
c,FromPlan,mvt,4,MINI,1.8571428571428574,2.333333333333333e-06,4.333333333333334e-06,c
c,FromPlan,mvt,5,MINI,2.166666666666667,2e-06,4.333333333333334e-06,c
c,Naive,mvt,1,MINI,2.166666666666667,2e-06,4.333333333333334e-06,c
c,Naive,mvt,2,MINI,2.166666666666667,2e-06,4.333333333333334e-06,c
c,Naive,mvt,3,MINI,1.6250000000000004,2.6666666666666664e-06,4.333333333333334e-06,c
c,Naive,mvt,4,MINI,1.4444444444444446,3e-06,4.333333333333334e-06,c
c,Naive,mvt,5,MINI,2.6000000000000005,1.6666666666666665e-06,4.333333333333334e-06,c
c,standard,mvt,1,MINI,1.0,4.333333333333334e-06,4.333333333333334e-06,c
exo,AllHints,mvt,1,MINI,0.07558139534883722,5.7333333333333336e-05,4.333333333333334e-06,c
exo,AllHints,mvt,2,MINI,0.05990783410138249,7.233333333333333e-05,4.333333333333334e-06,c
exo,AllHints,mvt,3,MINI,0.07926829268292683,5.466666666666667e-05,4.333333333333334e-06,c
exo,AllHints,mvt,4,MINI,0.07065217391304349,6.133333333333334e-05,4.333333333333334e-06,c
exo,AllHints,mvt,5,MINI,0.13000000000000003,3.333333333333333e-05,4.333333333333334e-06,c
exo,ChooseHints,mvt,1,MINI,0.12149532710280375,3.566666666666667e-05,4.333333333333334e-06,c
exo,ChooseHints,mvt,2,MINI,0.13131313131313135,3.2999999999999996e-05,4.333333333333334e-06,c
exo,ChooseHints,mvt,3,MINI,0.07471264367816093,5.8e-05,4.333333333333334e-06,c
exo,ChooseHints,mvt,4,MINI,1.0,4.333333333333334e-06,4.333333333333334e-06,c
exo,ChooseHints,mvt,5,MINI,0.0742857142857143,5.833333333333333e-05,4.333333333333334e-06,c
exo,FromPlan,mvt,2,MINI,0.11926605504587158,3.633333333333333e-05,4.333333333333334e-06,c
exo,FromPlan,mvt,3,MINI,0.003988953666768948,0.0010863333333333332,4.333333333333334e-06,c
exo,FromPlan,mvt,4,MINI,0.0038156736131493983,0.0011356666666666668,4.333333333333334e-06,c
exo,Naive,mvt,2,MINI,0.05726872246696037,7.566666666666666e-05,4.333333333333334e-06,c
exo,Naive,mvt,3,MINI,1.0,4.333333333333334e-06,4.333333333333334e-06,c
exo,Naive,mvt,4,MINI,0.12871287128712872,3.366666666666667e-05,4.333333333333334e-06,c
exo,standard,mvt,1,MINI,0.7647058823529412,5.666666666666667e-06,4.333333333333334e-06,c
exo,standard,mvt,2,MINI,0.7647058823529412,5.666666666666667e-06,4.333333333333334e-06,c
exo,standard,mvt,3,MINI,0.8666666666666667,5e-06,4.333333333333334e-06,c
exo,standard,mvt,4,MINI,0.8666666666666667,5e-06,4.333333333333334e-06,c
exo,standard,mvt,5,MINI,0.8666666666666667,5e-06,4.333333333333334e-06,c
halide,AllHints,mvt,3,MINI,0.03485254691689008,0.00012433333333333334,4.333333333333334e-06,c
halide,AllHints,mvt,5,MINI,0.0014196789341487388,0.0030523333333333335,4.333333333333334e-06,c
halide,ChooseHints,mvt,2,MINI,0.009292351679771266,0.00046633333333333336,4.333333333333334e-06,c
halide,FromPlan,mvt,5,MINI,0.021996615905245348,0.00019700000000000002,4.333333333333334e-06,c
halide,Naive,mvt,2,MINI,0.026369168356997978,0.0001643333333333333,4.333333333333334e-06,c
halide,Naive,mvt,3,MINI,0.020733652312599684,0.00020899999999999998,4.333333333333334e-06,c
halide,standard,mvt,1,MINI,0.25490196078431376,1.7e-05,4.333333333333334e-06,c
halide,standard,mvt,2,MINI,0.2280701754385965,1.9e-05,4.333333333333334e-06,c
halide,standard,mvt,3,MINI,0.24528301886792453,1.7666666666666668e-05,4.333333333333334e-06,c
halide,standard,mvt,4,MINI,0.2280701754385965,1.9e-05,4.333333333333334e-06,c
halide,standard,mvt,5,MINI,0.23636363636363641,1.8333333333333333e-05,4.333333333333334e-06,c
noarr,AllHints,mvt,1,MINI,0.0018465909090909095,0.0023466666666666666,4.333333333333334e-06,c
noarr,AllHints,mvt,2,MINI,2.166666666666667,2e-06,4.333333333333334e-06,c
noarr,AllHints,mvt,3,MINI,0.0019112025874742724,0.0022673333333333334,4.333333333333334e-06,c
noarr,AllHints,mvt,4,MINI,0.0018410989944767032,0.0023536666666666667,4.333333333333334e-06,c
noarr,AllHints,mvt,5,MINI,2.166666666666667,2e-06,4.333333333333334e-06,c
noarr,ChooseHints,mvt,1,MINI,2.166666666666667,2e-06,4.333333333333334e-06,c
noarr,ChooseHints,mvt,2,MINI,2.166666666666667,2e-06,4.333333333333334e-06,c
noarr,ChooseHints,mvt,3,MINI,2.166666666666667,2e-06,4.333333333333334e-06,c
noarr,ChooseHints,mvt,4,MINI,2.166666666666667,2e-06,4.333333333333334e-06,c
noarr,ChooseHints,mvt,5,MINI,2.166666666666667,2e-06,4.333333333333334e-06,c
noarr,FromPlan,mvt,1,MINI,2.166666666666667,2e-06,4.333333333333334e-06,c
noarr,FromPlan,mvt,2,MINI,1.0833333333333335,4e-06,4.333333333333334e-06,c
noarr,FromPlan,mvt,3,MINI,1.0833333333333335,4e-06,4.333333333333334e-06,c
noarr,FromPlan,mvt,4,MINI,2.166666666666667,2e-06,4.333333333333334e-06,c
noarr,FromPlan,mvt,5,MINI,2.166666666666667,2e-06,4.333333333333334e-06,c
noarr,Naive,mvt,1,MINI,1.4444444444444446,3e-06,4.333333333333334e-06,c
noarr,Naive,mvt,2,MINI,1.0833333333333335,4e-06,4.333333333333334e-06,c
noarr,Naive,mvt,3,MINI,2.166666666666667,2e-06,4.333333333333334e-06,c
noarr,Naive,mvt,4,MINI,2.166666666666667,2e-06,4.333333333333334e-06,c
noarr,Naive,mvt,5,MINI,2.166666666666667,2e-06,4.333333333333334e-06,c
noarr,standard,mvt,1,MINI,1.4444444444444446,3e-06,4.333333333333334e-06,c
noarr,standard,mvt,2,MINI,1.4444444444444446,3e-06,4.333333333333334e-06,c
noarr,standard,mvt,3,MINI,1.4444444444444446,3e-06,4.333333333333334e-06,c
noarr,standard,mvt,4,MINI,1.4444444444444446,3e-06,4.333333333333334e-06,c
noarr,standard,mvt,5,MINI,1.4444444444444446,3e-06,4.333333333333334e-06,c
c,AllHints,nussinov,1,MINI,0.7861915367483298,0.00014966666666666665,0.00011766666666666668,c
c,AllHints,nussinov,3,MINI,0.08438919435811619,0.0013943333333333334,0.00011766666666666668,c
c,AllHints,nussinov,5,MINI,0.38833883388338836,0.000303,0.00011766666666666668,c
c,ChooseHints,nussinov,1,MINI,0.3922222222222223,0.0003,0.00011766666666666668,c
c,ChooseHints,nussinov,2,MINI,0.15475668566418238,0.0007603333333333333,0.00011766666666666668,c
c,ChooseHints,nussinov,4,MINI,0.1577301161751564,0.000746,0.00011766666666666668,c
c,ChooseHints,nussinov,5,MINI,0.39091915836101887,0.000301,0.00011766666666666668,c
c,FromPlan,nussinov,1,MINI,2.1393939393939396,5.5e-05,0.00011766666666666668,c
c,FromPlan,nussinov,3,MINI,0.08707449432659102,0.0013513333333333335,0.00011766666666666668,c
c,FromPlan,nussinov,4,MINI,0.6192982456140352,0.00018999999999999998,0.00011766666666666668,c
c,FromPlan,nussinov,5,MINI,2.27741935483871,5.1666666666666664e-05,0.00011766666666666668,c
c,Naive,nussinov,1,MINI,2.2062500000000003,5.3333333333333326e-05,0.00011766666666666668,c
c,Naive,nussinov,2,MINI,1.8877005347593583,6.233333333333334e-05,0.00011766666666666668,c
c,Naive,nussinov,3,MINI,1.8877005347593583,6.233333333333334e-05,0.00011766666666666668,c
c,Naive,nussinov,5,MINI,1.8776595744680853,6.266666666666667e-05,0.00011766666666666668,c
c,standard,nussinov,1,MINI,1.0,0.00011766666666666668,0.00011766666666666668,c
exo,AllHints,nussinov,2,MINI,0.0826310861423221,0.001424,0.00011766666666666668,c
exo,AllHints,nussinov,3,MINI,0.08035511040291374,0.0014643333333333333,0.00011766666666666668,c
exo,AllHints,nussinov,5,MINI,0.0818455831207976,0.0014376666666666667,0.00011766666666666668,c
exo,ChooseHints,nussinov,1,MINI,1.161184210526316,0.00010133333333333333,0.00011766666666666668,c
exo,ChooseHints,nussinov,2,MINI,0.08343181281021035,0.0014103333333333335,0.00011766666666666668,c
exo,ChooseHints,nussinov,3,MINI,0.0815807718973885,0.0014423333333333334,0.00011766666666666668,c
exo,ChooseHints,nussinov,4,MINI,0.0825924192793636,0.0014246666666666667,0.00011766666666666668,c
exo,ChooseHints,nussinov,5,MINI,0.08152424942263278,0.0014433333333333336,0.00011766666666666668,c
exo,FromPlan,nussinov,1,MINI,0.0839277223014741,0.0014019999999999998,0.00011766666666666668,c
exo,FromPlan,nussinov,4,MINI,1.2652329749103943,9.3e-05,0.00011766666666666668,c
exo,Naive,nussinov,1,MINI,0.9943661971830986,0.00011833333333333334,0.00011766666666666668,c
exo,Naive,nussinov,2,MINI,1.0261627906976745,0.00011466666666666667,0.00011766666666666668,c
exo,standard,nussinov,1,MINI,1.0382352941176471,0.00011333333333333334,0.00011766666666666668,c
exo,standard,nussinov,2,MINI,1.041297935103245,0.000113,0.00011766666666666668,c
exo,standard,nussinov,3,MINI,0.9805555555555557,0.00011999999999999999,0.00011766666666666668,c
exo,standard,nussinov,5,MINI,1.2743682310469315,9.233333333333333e-05,0.00011766666666666668,c
halide,AllHints,nussinov,4,MINI,0.815242494226328,0.00014433333333333334,0.00011766666666666668,c
halide,ChooseHints,nussinov,1,MINI,0.09743306651945903,0.0012076666666666666,0.00011766666666666668,c
halide,standard,nussinov,3,MINI,0.07005358205993253,0.0016796666666666668,0.00011766666666666668,c
halide,standard,nussinov,4,MINI,0.06028005464480875,0.001952,0.00011766666666666668,c
c,AllHints,seidel-2d,1,MINI,1.384318766066838,0.00025933333333333337,0.000359,c
c,AllHints,seidel-2d,2,MINI,0.953941541186891,0.00037633333333333334,0.000359,c
c,AllHints,seidel-2d,3,MINI,0.9158163265306123,0.000392,0.000359,c
c,AllHints,seidel-2d,4,MINI,0.899749373433584,0.000399,0.000359,c
c,AllHints,seidel-2d,5,MINI,1.2929171668667467,0.0002776666666666667,0.000359,c
c,ChooseHints,seidel-2d,1,MINI,1.3530150753768844,0.00026533333333333335,0.000359,c
c,ChooseHints,seidel-2d,2,MINI,0.9505736981465138,0.0003776666666666666,0.000359,c
c,ChooseHints,seidel-2d,3,MINI,1.8161888701517708,0.00019766666666666666,0.000359,c
c,ChooseHints,seidel-2d,4,MINI,0.9808743169398907,0.000366,0.000359,c
c,ChooseHints,seidel-2d,5,MINI,1.1966666666666668,0.0003,0.000359,c
c,FromPlan,seidel-2d,1,MINI,1.8994708994708993,0.000189,0.000359,c
c,FromPlan,seidel-2d,2,MINI,1.8730434782608696,0.00019166666666666667,0.000359,c
c,FromPlan,seidel-2d,3,MINI,1.940540540540541,0.00018499999999999997,0.000359,c
c,FromPlan,seidel-2d,4,MINI,1.8994708994708993,0.000189,0.000359,c
c,FromPlan,seidel-2d,5,MINI,1.9335727109515262,0.00018566666666666666,0.000359,c
c,Naive,seidel-2d,2,MINI,0.899749373433584,0.000399,0.000359,c
c,Naive,seidel-2d,3,MINI,1.3445692883895133,0.000267,0.000359,c
c,Naive,seidel-2d,4,MINI,1.1494130202774815,0.0003123333333333333,0.000359,c
c,Naive,seidel-2d,5,MINI,1.0208530805687204,0.00035166666666666663,0.000359,c
c,standard,seidel-2d,1,MINI,1.0,0.000359,0.000359,c
exo,AllHints,seidel-2d,1,MINI,0.9953789279112754,0.0003606666666666667,0.000359,c
exo,ChooseHints,seidel-2d,1,MINI,0.8609112709832134,0.000417,0.000359,c
exo,FromPlan,seidel-2d,2,MINI,0.9633273703041144,0.0003726666666666667,0.000359,c
exo,FromPlan,seidel-2d,3,MINI,0.9472295514511874,0.000379,0.000359,c
exo,Naive,seidel-2d,3,MINI,0.7366621067031464,0.0004873333333333333,0.000359,c
exo,standard,seidel-2d,1,MINI,1.0,0.000359,0.000359,c
exo,standard,seidel-2d,2,MINI,0.9908003679852805,0.0003623333333333334,0.000359,c
exo,standard,seidel-2d,3,MINI,0.9880733944954128,0.00036333333333333335,0.000359,c
exo,standard,seidel-2d,4,MINI,1.0141242937853108,0.000354,0.000359,c
exo,standard,seidel-2d,5,MINI,1.0141242937853108,0.000354,0.000359,c
halide,standard,seidel-2d,1,MINI,2.398663697104677,0.00014966666666666665,0.000359,c
halide,standard,seidel-2d,3,MINI,0.07738180773099584,0.004639333333333333,0.000359,c
noarr,AllHints,seidel-2d,1,MINI,1.0335892514395393,0.00034733333333333334,0.000359,c
noarr,AllHints,seidel-2d,2,MINI,1.4398395721925132,0.00024933333333333334,0.000359,c
noarr,AllHints,seidel-2d,3,MINI,1.318237454100367,0.00027233333333333336,0.000359,c
noarr,AllHints,seidel-2d,4,MINI,1.4713114754098362,0.000244,0.000359,c
noarr,AllHints,seidel-2d,5,MINI,1.2060470324748043,0.0002976666666666666,0.000359,c
noarr,ChooseHints,seidel-2d,1,MINI,1.4834710743801653,0.000242,0.000359,c
noarr,ChooseHints,seidel-2d,2,MINI,1.2210884353741498,0.000294,0.000359,c
noarr,ChooseHints,seidel-2d,3,MINI,1.0867810292633702,0.00033033333333333336,0.000359,c
noarr,ChooseHints,seidel-2d,4,MINI,1.0727091633466135,0.00033466666666666665,0.000359,c
noarr,ChooseHints,seidel-2d,5,MINI,1.2252559726962455,0.000293,0.000359,c
noarr,FromPlan,seidel-2d,1,MINI,1.0103189493433395,0.00035533333333333337,0.000359,c
noarr,FromPlan,seidel-2d,2,MINI,1.4321808510638299,0.00025066666666666667,0.000359,c
noarr,FromPlan,seidel-2d,3,MINI,0.9944598337950139,0.000361,0.000359,c
noarr,FromPlan,seidel-2d,4,MINI,0.9944598337950139,0.000361,0.000359,c
noarr,Naive,seidel-2d,1,MINI,1.1012269938650308,0.00032599999999999996,0.000359,c
noarr,Naive,seidel-2d,2,MINI,1.4534412955465588,0.000247,0.000359,c
noarr,Naive,seidel-2d,3,MINI,1.4773662551440327,0.00024300000000000002,0.000359,c
noarr,Naive,seidel-2d,4,MINI,1.0813253012048194,0.000332,0.000359,c
noarr,Naive,seidel-2d,5,MINI,1.4753424657534246,0.00024333333333333333,0.000359,c
noarr,standard,seidel-2d,1,MINI,1.0945121951219512,0.000328,0.000359,c
noarr,standard,seidel-2d,2,MINI,1.0967413441955194,0.00032733333333333334,0.000359,c
noarr,standard,seidel-2d,3,MINI,1.1012269938650308,0.00032599999999999996,0.000359,c
noarr,standard,seidel-2d,4,MINI,1.0956256358087488,0.00032766666666666664,0.000359,c
noarr,standard,seidel-2d,5,MINI,1.0978593272171253,0.00032700000000000003,0.000359,c
c,AllHints,symm,1,MINI,0.17302052785923755,0.00011366666666666666,1.9666666666666666e-05,c
c,AllHints,symm,2,MINI,4.916666666666667,4e-06,1.9666666666666666e-05,c
c,AllHints,symm,3,MINI,0.07239263803680981,0.00027166666666666664,1.9666666666666666e-05,c
c,AllHints,symm,4,MINI,0.0108098204470502,0.0018193333333333334,1.9666666666666666e-05,c
c,AllHints,symm,5,MINI,0.36875,5.3333333333333326e-05,1.9666666666666666e-05,c
c,ChooseHints,symm,1,MINI,4.916666666666667,4e-06,1.9666666666666666e-05,c
c,ChooseHints,symm,2,MINI,0.5412844036697247,3.633333333333333e-05,1.9666666666666666e-05,c
c,ChooseHints,symm,3,MINI,0.48360655737704916,4.066666666666667e-05,1.9666666666666666e-05,c
c,ChooseHints,symm,4,MINI,0.5784313725490197,3.399999999999999e-05,1.9666666666666666e-05,c
c,ChooseHints,symm,5,MINI,0.07384230287859825,0.0002663333333333333,1.9666666666666666e-05,c
c,FromPlan,symm,1,MINI,4.2142857142857135,4.666666666666667e-06,1.9666666666666666e-05,c
c,FromPlan,symm,2,MINI,4.916666666666667,4e-06,1.9666666666666666e-05,c
c,FromPlan,symm,3,MINI,4.538461538461537,4.333333333333334e-06,1.9666666666666666e-05,c
c,FromPlan,symm,4,MINI,4.916666666666667,4e-06,1.9666666666666666e-05,c
c,FromPlan,symm,5,MINI,4.916666666666667,4e-06,1.9666666666666666e-05,c
c,Naive,symm,1,MINI,4.2142857142857135,4.666666666666667e-06,1.9666666666666666e-05,c
c,Naive,symm,2,MINI,5.363636363636363,3.6666666666666666e-06,1.9666666666666666e-05,c
c,Naive,symm,3,MINI,5.363636363636363,3.6666666666666666e-06,1.9666666666666666e-05,c
c,Naive,symm,4,MINI,1.4047619047619047,1.4e-05,1.9666666666666666e-05,c
c,Naive,symm,5,MINI,1.5945945945945945,1.2333333333333333e-05,1.9666666666666666e-05,c
c,standard,symm,1,MINI,1.0,1.9666666666666666e-05,1.9666666666666666e-05,c
exo,AllHints,symm,2,MINI,0.18042813455657492,0.000109,1.9666666666666666e-05,c
exo,AllHints,symm,5,MINI,0.4758064516129032,4.133333333333333e-05,1.9666666666666666e-05,c
exo,ChooseHints,symm,2,MINI,0.038039974210186976,0.000517,1.9666666666666666e-05,c
exo,ChooseHints,symm,3,MINI,0.040521978021978024,0.00048533333333333333,1.9666666666666666e-05,c
exo,ChooseHints,symm,4,MINI,0.032596685082872924,0.0006033333333333333,1.9666666666666666e-05,c
exo,FromPlan,symm,1,MINI,0.28780487804878047,6.833333333333333e-05,1.9666666666666666e-05,c
exo,FromPlan,symm,4,MINI,0.5221238938053097,3.766666666666667e-05,1.9666666666666666e-05,c
exo,Naive,symm,1,MINI,1.2553191489361701,1.5666666666666667e-05,1.9666666666666666e-05,c
exo,Naive,symm,2,MINI,0.41258741258741255,4.766666666666667e-05,1.9666666666666666e-05,c
exo,Naive,symm,4,MINI,0.03861256544502618,0.0005093333333333333,1.9666666666666666e-05,c
exo,Naive,symm,5,MINI,0.04085872576177285,0.00048133333333333334,1.9666666666666666e-05,c
exo,standard,symm,1,MINI,1.0535714285714284,1.866666666666667e-05,1.9666666666666666e-05,c
exo,standard,symm,2,MINI,1.0350877192982455,1.9e-05,1.9666666666666666e-05,c
exo,standard,symm,3,MINI,1.0350877192982455,1.9e-05,1.9666666666666666e-05,c
exo,standard,symm,4,MINI,1.0350877192982455,1.9e-05,1.9666666666666666e-05,c
exo,standard,symm,5,MINI,1.0350877192982455,1.9e-05,1.9666666666666666e-05,c
halide,FromPlan,symm,2,MINI,0.3782051282051282,5.2e-05,1.9666666666666666e-05,c
halide,FromPlan,symm,3,MINI,0.3959731543624161,4.966666666666666e-05,1.9666666666666666e-05,c
halide,standard,symm,1,MINI,0.4013605442176871,4.9e-05,1.9666666666666666e-05,c
halide,standard,symm,2,MINI,0.450381679389313,4.366666666666666e-05,1.9666666666666666e-05,c
halide,standard,symm,3,MINI,0.4758064516129032,4.133333333333333e-05,1.9666666666666666e-05,c
halide,standard,symm,4,MINI,0.4041095890410959,4.8666666666666666e-05,1.9666666666666666e-05,c
halide,standard,symm,5,MINI,0.45736434108527135,4.2999999999999995e-05,1.9666666666666666e-05,c
noarr,AllHints,symm,1,MINI,0.008645955451348183,0.0022746666666666666,1.9666666666666666e-05,c
noarr,AllHints,symm,2,MINI,2.185185185185185,9e-06,1.9666666666666666e-05,c
noarr,AllHints,symm,3,MINI,0.008404558404558404,0.00234,1.9666666666666666e-05,c
noarr,AllHints,symm,4,MINI,0.008643422209200115,0.0022753333333333336,1.9666666666666666e-05,c
noarr,AllHints,symm,5,MINI,3.9333333333333327,5e-06,1.9666666666666666e-05,c
noarr,ChooseHints,symm,1,MINI,3.2777777777777777,6e-06,1.9666666666666666e-05,c
noarr,ChooseHints,symm,2,MINI,2.8095238095238093,7e-06,1.9666666666666666e-05,c
noarr,ChooseHints,symm,3,MINI,2.8095238095238093,7e-06,1.9666666666666666e-05,c
noarr,ChooseHints,symm,5,MINI,1.7352941176470587,1.1333333333333334e-05,1.9666666666666666e-05,c
noarr,FromPlan,symm,1,MINI,2.185185185185185,9e-06,1.9666666666666666e-05,c
noarr,FromPlan,symm,2,MINI,3.2777777777777777,6e-06,1.9666666666666666e-05,c
noarr,FromPlan,symm,3,MINI,2.95,6.666666666666666e-06,1.9666666666666666e-05,c
noarr,FromPlan,symm,4,MINI,2.8095238095238093,7e-06,1.9666666666666666e-05,c
noarr,FromPlan,symm,5,MINI,1.5945945945945945,1.2333333333333333e-05,1.9666666666666666e-05,c
noarr,Naive,symm,2,MINI,3.9333333333333327,5e-06,1.9666666666666666e-05,c
noarr,Naive,symm,3,MINI,2.185185185185185,9e-06,1.9666666666666666e-05,c
noarr,Naive,symm,4,MINI,3.2777777777777777,6e-06,1.9666666666666666e-05,c
noarr,Naive,symm,5,MINI,2.185185185185185,9e-06,1.9666666666666666e-05,c
noarr,standard,symm,1,MINI,1.9666666666666663,1e-05,1.9666666666666666e-05,c
noarr,standard,symm,2,MINI,2.185185185185185,9e-06,1.9666666666666666e-05,c
noarr,standard,symm,3,MINI,1.6388888888888888,1.2e-05,1.9666666666666666e-05,c
noarr,standard,symm,4,MINI,2.185185185185185,9e-06,1.9666666666666666e-05,c
noarr,standard,symm,5,MINI,1.9666666666666663,1e-05,1.9666666666666666e-05,c
c,AllHints,syr2k,1,MINI,0.32608695652173914,4.6e-05,1.5e-05,c
c,AllHints,syr2k,2,MINI,0.4736842105263158,3.1666666666666666e-05,1.5e-05,c
c,AllHints,syr2k,3,MINI,0.46391752577319595,3.233333333333333e-05,1.5e-05,c
c,AllHints,syr2k,4,MINI,0.6923076923076924,2.1666666666666664e-05,1.5e-05,c
c,AllHints,syr2k,5,MINI,0.35714285714285715,4.2e-05,1.5e-05,c
c,ChooseHints,syr2k,2,MINI,0.4945054945054945,3.0333333333333333e-05,1.5e-05,c
c,ChooseHints,syr2k,3,MINI,0.4736842105263158,3.1666666666666666e-05,1.5e-05,c
c,ChooseHints,syr2k,4,MINI,0.48913043478260865,3.066666666666667e-05,1.5e-05,c
c,ChooseHints,syr2k,5,MINI,0.33582089552238803,4.466666666666667e-05,1.5e-05,c
c,FromPlan,syr2k,2,MINI,2.0454545454545454,7.333333333333333e-06,1.5e-05,c
c,FromPlan,syr2k,3,MINI,1.6666666666666667,9e-06,1.5e-05,c
c,FromPlan,syr2k,4,MINI,0.48913043478260865,3.066666666666667e-05,1.5e-05,c
c,FromPlan,syr2k,5,MINI,2.0454545454545454,7.333333333333333e-06,1.5e-05,c
c,Naive,syr2k,1,MINI,1.5517241379310345,9.666666666666667e-06,1.5e-05,c
c,Naive,syr2k,2,MINI,1.9565217391304346,7.666666666666667e-06,1.5e-05,c
c,Naive,syr2k,3,MINI,0.8490566037735848,1.7666666666666668e-05,1.5e-05,c
c,Naive,syr2k,4,MINI,1.6666666666666667,9e-06,1.5e-05,c
c,Naive,syr2k,5,MINI,1.5,1e-05,1.5e-05,c
c,standard,syr2k,1,MINI,1.0,1.5e-05,1.5e-05,c
exo,AllHints,syr2k,1,MINI,0.4368932038834952,3.433333333333333e-05,1.5e-05,c
exo,AllHints,syr2k,2,MINI,0.4368932038834952,3.433333333333333e-05,1.5e-05,c
exo,AllHints,syr2k,3,MINI,0.4368932038834952,3.433333333333333e-05,1.5e-05,c
exo,AllHints,syr2k,4,MINI,0.4166666666666667,3.6e-05,1.5e-05,c
exo,AllHints,syr2k,5,MINI,0.46391752577319595,3.233333333333333e-05,1.5e-05,c
exo,ChooseHints,syr2k,2,MINI,0.48913043478260865,3.066666666666667e-05,1.5e-05,c
exo,ChooseHints,syr2k,3,MINI,0.4285714285714286,3.5e-05,1.5e-05,c
exo,ChooseHints,syr2k,4,MINI,0.42857142857142855,3.5000000000000004e-05,1.5e-05,c
exo,ChooseHints,syr2k,5,MINI,0.3781512605042017,3.9666666666666664e-05,1.5e-05,c
exo,FromPlan,syr2k,1,MINI,0.32374100719424465,4.633333333333333e-05,1.5e-05,c
exo,FromPlan,syr2k,2,MINI,0.2760736196319018,5.433333333333334e-05,1.5e-05,c
exo,FromPlan,syr2k,3,MINI,0.38135593220338987,3.933333333333333e-05,1.5e-05,c
exo,FromPlan,syr2k,5,MINI,0.24725274725274726,6.0666666666666666e-05,1.5e-05,c
exo,Naive,syr2k,1,MINI,0.3879310344827586,3.866666666666667e-05,1.5e-05,c
exo,Naive,syr2k,2,MINI,0.3333333333333333,4.5e-05,1.5e-05,c
exo,Naive,syr2k,3,MINI,0.45454545454545464,3.2999999999999996e-05,1.5e-05,c
exo,Naive,syr2k,4,MINI,0.7142857142857143,2.1e-05,1.5e-05,c
exo,Naive,syr2k,5,MINI,0.19148936170212763,7.833333333333334e-05,1.5e-05,c
exo,standard,syr2k,1,MINI,0.8181818181818182,1.8333333333333333e-05,1.5e-05,c
exo,standard,syr2k,2,MINI,0.8181818181818182,1.8333333333333333e-05,1.5e-05,c
exo,standard,syr2k,3,MINI,0.8181818181818182,1.8333333333333333e-05,1.5e-05,c
exo,standard,syr2k,4,MINI,0.7031250000000001,2.133333333333333e-05,1.5e-05,c
exo,standard,syr2k,5,MINI,0.8035714285714285,1.866666666666667e-05,1.5e-05,c
halide,FromPlan,syr2k,2,MINI,0.00628140703517588,0.002388,1.5e-05,c
halide,standard,syr2k,2,MINI,0.33088235294117646,4.5333333333333335e-05,1.5e-05,c
halide,standard,syr2k,3,MINI,0.33582089552238803,4.466666666666667e-05,1.5e-05,c
halide,standard,syr2k,4,MINI,0.32374100719424465,4.633333333333333e-05,1.5e-05,c
halide,standard,syr2k,5,MINI,0.30201342281879195,4.966666666666666e-05,1.5e-05,c
noarr,AllHints,syr2k,1,MINI,1.153846153846154,1.3e-05,1.5e-05,c
noarr,AllHints,syr2k,2,MINI,1.2857142857142858,1.1666666666666666e-05,1.5e-05,c
noarr,AllHints,syr2k,3,MINI,1.153846153846154,1.3e-05,1.5e-05,c
noarr,AllHints,syr2k,4,MINI,1.153846153846154,1.3e-05,1.5e-05,c
noarr,AllHints,syr2k,5,MINI,0.9574468085106383,1.5666666666666667e-05,1.5e-05,c
noarr,ChooseHints,syr2k,1,MINI,1.25,1.2e-05,1.5e-05,c
noarr,ChooseHints,syr2k,2,MINI,1.0714285714285714,1.4e-05,1.5e-05,c
noarr,ChooseHints,syr2k,3,MINI,1.25,1.2e-05,1.5e-05,c
noarr,ChooseHints,syr2k,4,MINI,1.153846153846154,1.3e-05,1.5e-05,c
noarr,ChooseHints,syr2k,5,MINI,1.153846153846154,1.3e-05,1.5e-05,c
noarr,FromPlan,syr2k,1,MINI,0.9375000000000001,1.6e-05,1.5e-05,c
noarr,FromPlan,syr2k,2,MINI,1.8750000000000002,8e-06,1.5e-05,c
noarr,FromPlan,syr2k,4,MINI,1.5,1e-05,1.5e-05,c
noarr,FromPlan,syr2k,5,MINI,0.40540540540540543,3.7e-05,1.5e-05,c
noarr,Naive,syr2k,1,MINI,1.153846153846154,1.3e-05,1.5e-05,c
noarr,Naive,syr2k,2,MINI,1.8750000000000002,8e-06,1.5e-05,c
noarr,Naive,syr2k,3,MINI,1.153846153846154,1.3e-05,1.5e-05,c
noarr,Naive,syr2k,4,MINI,1.153846153846154,1.3e-05,1.5e-05,c
noarr,Naive,syr2k,5,MINI,1.153846153846154,1.3e-05,1.5e-05,c
noarr,standard,syr2k,1,MINI,0.27777777777777773,5.4000000000000005e-05,1.5e-05,c
noarr,standard,syr2k,2,MINI,1.0714285714285714,1.4e-05,1.5e-05,c
noarr,standard,syr2k,3,MINI,1.097560975609756,1.3666666666666667e-05,1.5e-05,c
noarr,standard,syr2k,5,MINI,1.0714285714285714,1.4e-05,1.5e-05,c
c,AllHints,syrk,1,MINI,0.18548387096774197,4.133333333333333e-05,7.666666666666667e-06,c
c,AllHints,syrk,2,MINI,0.25,3.066666666666667e-05,7.666666666666667e-06,c
c,AllHints,syrk,3,MINI,0.26436781609195403,2.9e-05,7.666666666666667e-06,c
c,AllHints,syrk,4,MINI,0.24731182795698925,3.1e-05,7.666666666666667e-06,c
c,AllHints,syrk,5,MINI,0.5,1.5333333333333334e-05,7.666666666666667e-06,c
c,ChooseHints,syrk,1,MINI,0.4339622641509434,1.7666666666666668e-05,7.666666666666667e-06,c
c,ChooseHints,syrk,2,MINI,0.12921348314606743,5.933333333333333e-05,7.666666666666667e-06,c
c,ChooseHints,syrk,3,MINI,0.25,3.066666666666667e-05,7.666666666666667e-06,c
c,ChooseHints,syrk,4,MINI,0.22115384615384615,3.466666666666667e-05,7.666666666666667e-06,c
c,ChooseHints,syrk,5,MINI,0.24731182795698925,3.1e-05,7.666666666666667e-06,c
c,FromPlan,syrk,1,MINI,0.9583333333333335,8e-06,7.666666666666667e-06,c
c,FromPlan,syrk,2,MINI,1.1500000000000001,6.666666666666666e-06,7.666666666666667e-06,c
c,FromPlan,syrk,3,MINI,1.3529411764705883,5.666666666666667e-06,7.666666666666667e-06,c
c,FromPlan,syrk,4,MINI,1.0454545454545456,7.333333333333333e-06,7.666666666666667e-06,c
c,FromPlan,syrk,5,MINI,1.0454545454545456,7.333333333333333e-06,7.666666666666667e-06,c
c,Naive,syrk,1,MINI,0.2527472527472528,3.0333333333333333e-05,7.666666666666667e-06,c
c,Naive,syrk,2,MINI,0.7931034482758621,9.666666666666667e-06,7.666666666666667e-06,c
c,Naive,syrk,3,MINI,1.0952380952380953,7e-06,7.666666666666667e-06,c
c,Naive,syrk,4,MINI,1.0,7.666666666666667e-06,7.666666666666667e-06,c
c,Naive,syrk,5,MINI,1.0,7.666666666666667e-06,7.666666666666667e-06,c
c,standard,syrk,1,MINI,1.0,7.666666666666667e-06,7.666666666666667e-06,c
exo,AllHints,syrk,1,MINI,0.21904761904761907,3.5e-05,7.666666666666667e-06,c
exo,AllHints,syrk,2,MINI,0.22115384615384615,3.466666666666667e-05,7.666666666666667e-06,c
exo,AllHints,syrk,3,MINI,0.23711340206185572,3.233333333333333e-05,7.666666666666667e-06,c
exo,AllHints,syrk,4,MINI,0.22115384615384617,3.4666666666666665e-05,7.666666666666667e-06,c
exo,ChooseHints,syrk,1,MINI,0.1393939393939394,5.5e-05,7.666666666666667e-06,c
exo,ChooseHints,syrk,2,MINI,0.23469387755102045,3.266666666666666e-05,7.666666666666667e-06,c
exo,ChooseHints,syrk,4,MINI,0.22772277227722773,3.366666666666667e-05,7.666666666666667e-06,c
exo,ChooseHints,syrk,5,MINI,0.20353982300884957,3.766666666666667e-05,7.666666666666667e-06,c
exo,FromPlan,syrk,2,MINI,0.6764705882352942,1.1333333333333334e-05,7.666666666666667e-06,c
exo,Naive,syrk,1,MINI,0.19827586206896552,3.866666666666667e-05,7.666666666666667e-06,c
exo,Naive,syrk,2,MINI,0.2446808510638298,3.1333333333333334e-05,7.666666666666667e-06,c
exo,Naive,syrk,4,MINI,0.2254901960784314,3.4e-05,7.666666666666667e-06,c
exo,Naive,syrk,5,MINI,0.638888888888889,1.2e-05,7.666666666666667e-06,c
exo,standard,syrk,1,MINI,0.6969696969696969,1.1000000000000001e-05,7.666666666666667e-06,c
exo,standard,syrk,2,MINI,0.7187500000000001,1.0666666666666666e-05,7.666666666666667e-06,c
exo,standard,syrk,3,MINI,0.7187500000000001,1.0666666666666666e-05,7.666666666666667e-06,c
exo,standard,syrk,4,MINI,0.7187499999999999,1.0666666666666669e-05,7.666666666666667e-06,c
exo,standard,syrk,5,MINI,0.7187500000000001,1.0666666666666666e-05,7.666666666666667e-06,c
halide,AllHints,syrk,4,MINI,0.03826955074875209,0.00020033333333333331,7.666666666666667e-06,c
halide,FromPlan,syrk,3,MINI,0.07278481012658229,0.00010533333333333332,7.666666666666667e-06,c
halide,FromPlan,syrk,5,MINI,0.14935064935064937,5.133333333333333e-05,7.666666666666667e-06,c
halide,standard,syrk,1,MINI,0.18253968253968256,4.2e-05,7.666666666666667e-06,c
halide,standard,syrk,2,MINI,0.18110236220472445,4.233333333333333e-05,7.666666666666667e-06,c
halide,standard,syrk,3,MINI,0.18852459016393444,4.066666666666667e-05,7.666666666666667e-06,c
halide,standard,syrk,4,MINI,0.16666666666666669,4.6e-05,7.666666666666667e-06,c
halide,standard,syrk,5,MINI,0.2017543859649123,3.8e-05,7.666666666666667e-06,c
noarr,AllHints,syrk,1,MINI,1.0454545454545456,7.333333333333333e-06,7.666666666666667e-06,c
noarr,AllHints,syrk,2,MINI,0.7666666666666666,1e-05,7.666666666666667e-06,c
noarr,AllHints,syrk,3,MINI,0.8846153846153846,8.666666666666668e-06,7.666666666666667e-06,c
noarr,AllHints,syrk,4,MINI,1.0952380952380953,7e-06,7.666666666666667e-06,c
noarr,AllHints,syrk,5,MINI,1.0952380952380953,7e-06,7.666666666666667e-06,c
noarr,ChooseHints,syrk,1,MINI,1.0952380952380953,7e-06,7.666666666666667e-06,c
noarr,ChooseHints,syrk,2,MINI,1.0,7.666666666666667e-06,7.666666666666667e-06,c
noarr,ChooseHints,syrk,3,MINI,1.0952380952380953,7e-06,7.666666666666667e-06,c
noarr,ChooseHints,syrk,4,MINI,0.8518518518518519,9e-06,7.666666666666667e-06,c
noarr,FromPlan,syrk,1,MINI,0.2254901960784314,3.4e-05,7.666666666666667e-06,c
noarr,FromPlan,syrk,2,MINI,1.0952380952380953,7e-06,7.666666666666667e-06,c
noarr,FromPlan,syrk,3,MINI,1.0952380952380953,7e-06,7.666666666666667e-06,c
noarr,FromPlan,syrk,5,MINI,0.7666666666666666,1e-05,7.666666666666667e-06,c
noarr,Naive,syrk,1,MINI,1.0952380952380953,7e-06,7.666666666666667e-06,c
noarr,Naive,syrk,2,MINI,0.9583333333333335,8e-06,7.666666666666667e-06,c
noarr,Naive,syrk,3,MINI,0.8214285714285714,9.333333333333334e-06,7.666666666666667e-06,c
noarr,Naive,syrk,4,MINI,0.9583333333333335,8e-06,7.666666666666667e-06,c
noarr,Naive,syrk,5,MINI,0.9583333333333335,8e-06,7.666666666666667e-06,c
noarr,standard,syrk,1,MINI,0.8518518518518519,9e-06,7.666666666666667e-06,c
noarr,standard,syrk,2,MINI,0.9200000000000003,8.333333333333332e-06,7.666666666666667e-06,c
noarr,standard,syrk,4,MINI,0.9583333333333335,8e-06,7.666666666666667e-06,c
noarr,standard,syrk,5,MINI,0.9583333333333335,8e-06,7.666666666666667e-06,c
c,AllHints,trisolv,3,MINI,0.6666666666666666,2e-06,1.3333333333333332e-06,c
c,AllHints,trisolv,4,MINI,1.0,1.3333333333333332e-06,1.3333333333333332e-06,c
c,AllHints,trisolv,5,MINI,0.8,1.6666666666666665e-06,1.3333333333333332e-06,c
c,ChooseHints,trisolv,1,MINI,0.6666666666666666,2e-06,1.3333333333333332e-06,c
c,ChooseHints,trisolv,3,MINI,0.8,1.6666666666666665e-06,1.3333333333333332e-06,c
c,FromPlan,trisolv,1,MINI,1.0,1.3333333333333332e-06,1.3333333333333332e-06,c
c,FromPlan,trisolv,2,MINI,0.8,1.6666666666666665e-06,1.3333333333333332e-06,c
c,FromPlan,trisolv,3,MINI,0.8,1.6666666666666665e-06,1.3333333333333332e-06,c
c,FromPlan,trisolv,4,MINI,0.2666666666666666,5e-06,1.3333333333333332e-06,c
c,FromPlan,trisolv,5,MINI,0.8,1.6666666666666665e-06,1.3333333333333332e-06,c
c,Naive,trisolv,1,MINI,1.0,1.3333333333333332e-06,1.3333333333333332e-06,c
c,Naive,trisolv,2,MINI,0.8,1.6666666666666665e-06,1.3333333333333332e-06,c
c,Naive,trisolv,3,MINI,1.0,1.3333333333333332e-06,1.3333333333333332e-06,c
c,Naive,trisolv,4,MINI,0.8,1.6666666666666665e-06,1.3333333333333332e-06,c
c,standard,trisolv,1,MINI,1.0,1.3333333333333332e-06,1.3333333333333332e-06,c
exo,AllHints,trisolv,1,MINI,0.8,1.6666666666666665e-06,1.3333333333333332e-06,c
exo,AllHints,trisolv,2,MINI,0.6666666666666666,2e-06,1.3333333333333332e-06,c
exo,AllHints,trisolv,3,MINI,0.5714285714285714,2.333333333333333e-06,1.3333333333333332e-06,c
exo,AllHints,trisolv,4,MINI,1.0,1.3333333333333332e-06,1.3333333333333332e-06,c
exo,AllHints,trisolv,5,MINI,1.0,1.3333333333333332e-06,1.3333333333333332e-06,c
exo,ChooseHints,trisolv,1,MINI,0.6666666666666666,2e-06,1.3333333333333332e-06,c
exo,ChooseHints,trisolv,2,MINI,0.6666666666666666,2e-06,1.3333333333333332e-06,c
exo,ChooseHints,trisolv,3,MINI,0.5714285714285714,2.333333333333333e-06,1.3333333333333332e-06,c
exo,ChooseHints,trisolv,5,MINI,1.3333333333333333,1e-06,1.3333333333333332e-06,c
exo,FromPlan,trisolv,3,MINI,0.8,1.6666666666666665e-06,1.3333333333333332e-06,c
exo,FromPlan,trisolv,4,MINI,0.8,1.6666666666666665e-06,1.3333333333333332e-06,c
exo,FromPlan,trisolv,5,MINI,0.5714285714285714,2.333333333333333e-06,1.3333333333333332e-06,c
exo,Naive,trisolv,1,MINI,0.44444444444444436,3e-06,1.3333333333333332e-06,c
exo,Naive,trisolv,3,MINI,0.6666666666666666,2e-06,1.3333333333333332e-06,c
exo,Naive,trisolv,4,MINI,0.8,1.6666666666666665e-06,1.3333333333333332e-06,c
exo,Naive,trisolv,5,MINI,0.6666666666666666,2e-06,1.3333333333333332e-06,c
exo,standard,trisolv,1,MINI,0.8,1.6666666666666665e-06,1.3333333333333332e-06,c
exo,standard,trisolv,2,MINI,0.8,1.6666666666666665e-06,1.3333333333333332e-06,c
exo,standard,trisolv,3,MINI,0.8,1.6666666666666665e-06,1.3333333333333332e-06,c
exo,standard,trisolv,4,MINI,0.6666666666666666,2e-06,1.3333333333333332e-06,c
exo,standard,trisolv,5,MINI,0.6666666666666666,2e-06,1.3333333333333332e-06,c
halide,ChooseHints,trisolv,4,MINI,0.01520912547528517,8.766666666666667e-05,1.3333333333333332e-06,c
halide,FromPlan,trisolv,4,MINI,0.01694915254237288,7.866666666666666e-05,1.3333333333333332e-06,c
halide,Naive,trisolv,5,MINI,0.025806451612903226,5.1666666666666664e-05,1.3333333333333332e-06,c
halide,standard,trisolv,2,MINI,0.015384615384615385,8.666666666666665e-05,1.3333333333333332e-06,c
halide,standard,trisolv,3,MINI,0.015151515151515148,8.800000000000001e-05,1.3333333333333332e-06,c
noarr,AllHints,trisolv,1,MINI,1.3333333333333333,1e-06,1.3333333333333332e-06,c
noarr,AllHints,trisolv,2,MINI,1.3333333333333333,1e-06,1.3333333333333332e-06,c
noarr,AllHints,trisolv,3,MINI,1.3333333333333333,1e-06,1.3333333333333332e-06,c
noarr,AllHints,trisolv,4,MINI,1.3333333333333333,1e-06,1.3333333333333332e-06,c
noarr,AllHints,trisolv,5,MINI,1.3333333333333333,1e-06,1.3333333333333332e-06,c
noarr,ChooseHints,trisolv,1,MINI,1.3333333333333333,1e-06,1.3333333333333332e-06,c
noarr,ChooseHints,trisolv,2,MINI,1.3333333333333333,1e-06,1.3333333333333332e-06,c
noarr,ChooseHints,trisolv,3,MINI,1.3333333333333333,1e-06,1.3333333333333332e-06,c
noarr,ChooseHints,trisolv,4,MINI,1.3333333333333333,1e-06,1.3333333333333332e-06,c
noarr,ChooseHints,trisolv,5,MINI,1.3333333333333333,1e-06,1.3333333333333332e-06,c
noarr,FromPlan,trisolv,1,MINI,1.3333333333333333,1e-06,1.3333333333333332e-06,c
noarr,FromPlan,trisolv,2,MINI,1.3333333333333333,1e-06,1.3333333333333332e-06,c
noarr,FromPlan,trisolv,3,MINI,1.3333333333333333,1e-06,1.3333333333333332e-06,c
noarr,FromPlan,trisolv,4,MINI,1.3333333333333333,1e-06,1.3333333333333332e-06,c
noarr,FromPlan,trisolv,5,MINI,1.3333333333333333,1e-06,1.3333333333333332e-06,c
noarr,Naive,trisolv,1,MINI,1.3333333333333333,1e-06,1.3333333333333332e-06,c
noarr,Naive,trisolv,2,MINI,1.3333333333333333,1e-06,1.3333333333333332e-06,c
noarr,Naive,trisolv,3,MINI,1.3333333333333333,1e-06,1.3333333333333332e-06,c
noarr,Naive,trisolv,4,MINI,1.3333333333333333,1e-06,1.3333333333333332e-06,c
noarr,Naive,trisolv,5,MINI,1.3333333333333333,1e-06,1.3333333333333332e-06,c
noarr,standard,trisolv,2,MINI,1.3333333333333333,1e-06,1.3333333333333332e-06,c
noarr,standard,trisolv,4,MINI,1.3333333333333333,1e-06,1.3333333333333332e-06,c
noarr,standard,trisolv,5,MINI,1.3333333333333333,1e-06,1.3333333333333332e-06,c
c,AllHints,trmm,1,MINI,0.2674418604651163,2.8666666666666668e-05,7.666666666666667e-06,c
c,AllHints,trmm,2,MINI,3.833333333333334,2e-06,7.666666666666667e-06,c
c,AllHints,trmm,3,MINI,3.833333333333334,2e-06,7.666666666666667e-06,c
c,AllHints,trmm,4,MINI,1.277777777777778,6e-06,7.666666666666667e-06,c
c,AllHints,trmm,5,MINI,0.0461847389558233,0.000166,7.666666666666667e-06,c
c,ChooseHints,trmm,1,MINI,5.750000000000001,1.3333333333333332e-06,7.666666666666667e-06,c
c,ChooseHints,trmm,2,MINI,3.833333333333334,2e-06,7.666666666666667e-06,c
c,ChooseHints,trmm,3,MINI,3.833333333333334,2e-06,7.666666666666667e-06,c
c,ChooseHints,trmm,4,MINI,0.08363636363636365,9.166666666666667e-05,7.666666666666667e-06,c
c,ChooseHints,trmm,5,MINI,2.8750000000000004,2.6666666666666664e-06,7.666666666666667e-06,c
c,FromPlan,trmm,1,MINI,3.833333333333334,2e-06,7.666666666666667e-06,c
c,FromPlan,trmm,2,MINI,3.285714285714286,2.333333333333333e-06,7.666666666666667e-06,c
c,FromPlan,trmm,3,MINI,3.833333333333334,2e-06,7.666666666666667e-06,c
c,FromPlan,trmm,4,MINI,0.26436781609195403,2.9e-05,7.666666666666667e-06,c
c,FromPlan,trmm,5,MINI,0.15540540540540543,4.933333333333333e-05,7.666666666666667e-06,c
c,Naive,trmm,1,MINI,3.833333333333334,2e-06,7.666666666666667e-06,c
c,Naive,trmm,2,MINI,3.833333333333334,2e-06,7.666666666666667e-06,c
c,Naive,trmm,3,MINI,3.833333333333334,2e-06,7.666666666666667e-06,c
c,Naive,trmm,4,MINI,3.285714285714286,2.333333333333333e-06,7.666666666666667e-06,c
c,Naive,trmm,5,MINI,3.833333333333334,2e-06,7.666666666666667e-06,c
c,standard,trmm,1,MINI,1.0,7.666666666666667e-06,7.666666666666667e-06,c
exo,AllHints,trmm,1,MINI,0.01661849710982659,0.00046133333333333334,7.666666666666667e-06,c
exo,AllHints,trmm,2,MINI,0.22115384615384617,3.4666666666666665e-05,7.666666666666667e-06,c
exo,AllHints,trmm,3,MINI,0.016231474947071278,0.00047233333333333334,7.666666666666667e-06,c
exo,AllHints,trmm,4,MINI,0.0018635553394911683,0.0041140000000000005,7.666666666666667e-06,c
exo,ChooseHints,trmm,2,MINI,1.277777777777778,6e-06,7.666666666666667e-06,c
exo,ChooseHints,trmm,4,MINI,0.19491525423728812,3.933333333333334e-05,7.666666666666667e-06,c
exo,FromPlan,trmm,1,MINI,0.2233009708737864,3.433333333333334e-05,7.666666666666667e-06,c
exo,FromPlan,trmm,4,MINI,0.23711340206185572,3.233333333333333e-05,7.666666666666667e-06,c
exo,Naive,trmm,2,MINI,1.3529411764705883,5.666666666666667e-06,7.666666666666667e-06,c
exo,Naive,trmm,3,MINI,1.277777777777778,6e-06,7.666666666666667e-06,c
exo,Naive,trmm,4,MINI,0.001630165142816642,0.004703,7.666666666666667e-06,c
exo,Naive,trmm,5,MINI,0.016812865497076026,0.00045599999999999997,7.666666666666667e-06,c
exo,standard,trmm,1,MINI,0.7931034482758621,9.666666666666667e-06,7.666666666666667e-06,c
exo,standard,trmm,2,MINI,0.7666666666666666,1e-05,7.666666666666667e-06,c
exo,standard,trmm,3,MINI,0.7931034482758621,9.666666666666667e-06,7.666666666666667e-06,c
exo,standard,trmm,4,MINI,0.8214285714285714,9.333333333333334e-06,7.666666666666667e-06,c
exo,standard,trmm,5,MINI,0.8518518518518519,9e-06,7.666666666666667e-06,c
halide,standard,trmm,1,MINI,0.33333333333333337,2.3e-05,7.666666666666667e-06,c
halide,standard,trmm,4,MINI,0.31506849315068497,2.4333333333333333e-05,7.666666666666667e-06,c
halide,standard,trmm,5,MINI,0.3066666666666667,2.5e-05,7.666666666666667e-06,c
noarr,AllHints,trmm,1,MINI,0.0032100488485694353,0.002388333333333333,7.666666666666667e-06,c
noarr,AllHints,trmm,3,MINI,3.833333333333334,2e-06,7.666666666666667e-06,c
noarr,AllHints,trmm,4,MINI,2.555555555555556,3e-06,7.666666666666667e-06,c
noarr,AllHints,trmm,5,MINI,3.833333333333334,2e-06,7.666666666666667e-06,c
noarr,ChooseHints,trmm,1,MINI,2.555555555555556,3e-06,7.666666666666667e-06,c
noarr,ChooseHints,trmm,2,MINI,1.5333333333333332,5e-06,7.666666666666667e-06,c
noarr,ChooseHints,trmm,3,MINI,1.5333333333333332,5e-06,7.666666666666667e-06,c
noarr,ChooseHints,trmm,4,MINI,3.833333333333334,2e-06,7.666666666666667e-06,c
noarr,ChooseHints,trmm,5,MINI,3.833333333333334,2e-06,7.666666666666667e-06,c
noarr,FromPlan,trmm,2,MINI,0.6216216216216217,1.2333333333333333e-05,7.666666666666667e-06,c
noarr,FromPlan,trmm,3,MINI,2.555555555555556,3e-06,7.666666666666667e-06,c
noarr,FromPlan,trmm,4,MINI,2.555555555555556,3e-06,7.666666666666667e-06,c
noarr,FromPlan,trmm,5,MINI,2.555555555555556,3e-06,7.666666666666667e-06,c
noarr,Naive,trmm,1,MINI,3.833333333333334,2e-06,7.666666666666667e-06,c
noarr,Naive,trmm,2,MINI,3.833333333333334,2e-06,7.666666666666667e-06,c
noarr,Naive,trmm,3,MINI,1.5333333333333332,5e-06,7.666666666666667e-06,c
noarr,Naive,trmm,4,MINI,1.2105263157894737,6.333333333333333e-06,7.666666666666667e-06,c
noarr,Naive,trmm,5,MINI,3.285714285714286,2.333333333333333e-06,7.666666666666667e-06,c
noarr,standard,trmm,1,MINI,2.555555555555556,3e-06,7.666666666666667e-06,c
noarr,standard,trmm,2,MINI,1.277777777777778,6e-06,7.666666666666667e-06,c
noarr,standard,trmm,3,MINI,1.5333333333333332,5e-06,7.666666666666667e-06,c
noarr,standard,trmm,4,MINI,0.7666666666666666,1e-05,7.666666666666667e-06,c
noarr,standard,trmm,5,MINI,1.4374999999999998,5.3333333333333345e-06,7.666666666666667e-06,c
c,AllHints,3mm,1,SMALL,3.6319758672699853,0.00022099999999999998,0.0008026666666666667,c
c,AllHints,3mm,2,SMALL,4.4758364312267656,0.00017933333333333335,0.0008026666666666667,c
c,AllHints,3mm,4,SMALL,1.8886274509803922,0.00042500000000000003,0.0008026666666666667,c
c,AllHints,3mm,5,SMALL,2.342412451361868,0.0003426666666666667,0.0008026666666666667,c
c,ChooseHints,3mm,1,SMALL,3.382022471910113,0.00023733333333333332,0.0008026666666666667,c
c,ChooseHints,3mm,2,SMALL,3.615615615615616,0.000222,0.0008026666666666667,c
c,ChooseHints,3mm,3,SMALL,3.687595712098009,0.00021766666666666668,0.0008026666666666667,c
c,ChooseHints,3mm,4,SMALL,2.2867996201329532,0.000351,0.0008026666666666667,c
c,FromPlan,3mm,1,SMALL,3.8651685393258433,0.00020766666666666665,0.0008026666666666667,c
c,FromPlan,3mm,2,SMALL,2.696528555431131,0.0002976666666666667,0.0008026666666666667,c
c,FromPlan,3mm,3,SMALL,3.7449455676516332,0.00021433333333333333,0.0008026666666666667,c
c,FromPlan,3mm,4,SMALL,3.6374622356495467,0.00022066666666666667,0.0008026666666666667,c
c,FromPlan,3mm,5,SMALL,3.834394904458599,0.00020933333333333332,0.0008026666666666667,c
c,Naive,3mm,1,SMALL,4.434622467771639,0.00018099999999999998,0.0008026666666666667,c
c,Naive,3mm,2,SMALL,3.967051070840198,0.00020233333333333334,0.0008026666666666667,c
c,Naive,3mm,3,SMALL,4.36231884057971,0.000184,0.0008026666666666667,c
c,Naive,3mm,4,SMALL,4.300000000000001,0.00018666666666666666,0.0008026666666666667,c
c,Naive,3mm,5,SMALL,4.3076923076923075,0.00018633333333333335,0.0008026666666666667,c
c,standard,3mm,1,SMALL,1.0,0.0008026666666666667,0.0008026666666666667,c
exo,AllHints,3mm,3,SMALL,2.434782608695652,0.0003296666666666667,0.0008026666666666667,c
exo,AllHints,3mm,4,SMALL,3.147712418300654,0.00025499999999999996,0.0008026666666666667,c
exo,ChooseHints,3mm,1,SMALL,2.6088840736728063,0.00030766666666666665,0.0008026666666666667,c
exo,ChooseHints,3mm,2,SMALL,3.871382636655949,0.00020733333333333332,0.0008026666666666667,c
exo,ChooseHints,3mm,3,SMALL,2.275992438563327,0.00035266666666666666,0.0008026666666666667,c
exo,ChooseHints,3mm,4,SMALL,3.44,0.00023333333333333333,0.0008026666666666667,c
exo,FromPlan,3mm,3,SMALL,2.4722792607802875,0.0003246666666666667,0.0008026666666666667,c
exo,FromPlan,3mm,4,SMALL,3.6875957120980094,0.00021766666666666665,0.0008026666666666667,c
exo,FromPlan,3mm,5,SMALL,2.415245737211635,0.00033233333333333335,0.0008026666666666667,c
exo,Naive,3mm,1,SMALL,2.16936936936937,0.00036999999999999994,0.0008026666666666667,c
exo,Naive,3mm,2,SMALL,0.7732819524727039,0.001038,0.0008026666666666667,c
exo,Naive,3mm,3,SMALL,2.24,0.00035833333333333333,0.0008026666666666667,c
exo,Naive,3mm,4,SMALL,2.9258809234507903,0.0002743333333333333,0.0008026666666666667,c
exo,Naive,3mm,5,SMALL,2.075862068965517,0.00038666666666666667,0.0008026666666666667,c
exo,standard,3mm,1,SMALL,0.9678456591639872,0.0008293333333333333,0.0008026666666666667,c
exo,standard,3mm,2,SMALL,0.9563145353455123,0.0008393333333333334,0.0008026666666666667,c
exo,standard,3mm,3,SMALL,0.970967741935484,0.0008266666666666666,0.0008026666666666667,c
exo,standard,3mm,4,SMALL,0.9760843129306851,0.0008223333333333333,0.0008026666666666667,c
exo,standard,3mm,5,SMALL,0.9639711769415531,0.0008326666666666668,0.0008026666666666667,c
halide,standard,3mm,1,SMALL,0.04025140411874833,0.019941333333333335,0.0008026666666666667,c
halide,standard,3mm,2,SMALL,0.04031205008872669,0.019911333333333333,0.0008026666666666667,c
halide,standard,3mm,3,SMALL,1.739884393063584,0.00046133333333333334,0.0008026666666666667,c
halide,standard,3mm,4,SMALL,1.8091660405709995,0.00044366666666666664,0.0008026666666666667,c
halide,standard,3mm,5,SMALL,0.040317449686903525,0.019908666666666668,0.0008026666666666667,c
noarr,AllHints,3mm,1,SMALL,1.5978765759787656,0.0005023333333333334,0.0008026666666666667,c
noarr,AllHints,3mm,2,SMALL,4.914285714285715,0.00016333333333333334,0.0008026666666666667,c
noarr,AllHints,3mm,3,SMALL,0.3095513562154518,0.0025930000000000003,0.0008026666666666667,c
noarr,AllHints,3mm,4,SMALL,4.730844793713163,0.00016966666666666668,0.0008026666666666667,c
noarr,AllHints,3mm,5,SMALL,1.391907514450867,0.0005766666666666667,0.0008026666666666667,c
noarr,ChooseHints,3mm,1,SMALL,4.3544303797468356,0.00018433333333333333,0.0008026666666666667,c
noarr,ChooseHints,3mm,2,SMALL,4.410256410256411,0.000182,0.0008026666666666667,c
noarr,ChooseHints,3mm,3,SMALL,1.6993648553281582,0.00047233333333333334,0.0008026666666666667,c
noarr,ChooseHints,3mm,4,SMALL,1.5883905013192612,0.0005053333333333333,0.0008026666666666667,c
noarr,ChooseHints,3mm,5,SMALL,4.675728155339806,0.00017166666666666667,0.0008026666666666667,c
noarr,FromPlan,3mm,1,SMALL,1.6042638241172553,0.0005003333333333333,0.0008026666666666667,c
noarr,FromPlan,3mm,2,SMALL,1.5738562091503268,0.00051,0.0008026666666666667,c
noarr,FromPlan,3mm,3,SMALL,4.410256410256411,0.000182,0.0008026666666666667,c
noarr,FromPlan,3mm,4,SMALL,1.5915399867812294,0.0005043333333333333,0.0008026666666666667,c
noarr,FromPlan,3mm,5,SMALL,0.7014273230410719,0.0011443333333333334,0.0008026666666666667,c
noarr,Naive,3mm,1,SMALL,4.712328767123288,0.00017033333333333332,0.0008026666666666667,c
noarr,Naive,3mm,2,SMALL,4.924335378323107,0.00016300000000000003,0.0008026666666666667,c
noarr,Naive,3mm,3,SMALL,4.845070422535211,0.0001656666666666667,0.0008026666666666667,c
noarr,Naive,3mm,4,SMALL,4.630769230769231,0.0001733333333333333,0.0008026666666666667,c
noarr,Naive,3mm,5,SMALL,4.604206500956023,0.00017433333333333333,0.0008026666666666667,c
noarr,standard,3mm,1,SMALL,0.70081490104773,0.0011453333333333333,0.0008026666666666667,c
noarr,standard,3mm,2,SMALL,0.8067001675041876,0.000995,0.0008026666666666667,c
noarr,standard,3mm,3,SMALL,4.51782363977486,0.00017766666666666666,0.0008026666666666667,c
noarr,standard,3mm,4,SMALL,4.346570397111914,0.00018466666666666666,0.0008026666666666667,c
noarr,standard,3mm,5,SMALL,0.6833144154370034,0.0011746666666666667,0.0008026666666666667,c
c,AllHints,adi,1,SMALL,0.6688372822846383,0.004248666666666667,0.0028416666666666673,c
c,AllHints,adi,2,SMALL,1.081029672837941,0.0026286666666666667,0.0028416666666666673,c
c,AllHints,adi,3,SMALL,1.1479935362240778,0.0024753333333333333,0.0028416666666666673,c
c,AllHints,adi,4,SMALL,1.1164222105814565,0.0025453333333333335,0.0028416666666666673,c
c,AllHints,adi,5,SMALL,0.6875000000000001,0.0041333333333333335,0.0028416666666666673,c
c,ChooseHints,adi,2,SMALL,0.6816727970574126,0.004168666666666667,0.0028416666666666673,c
c,ChooseHints,adi,3,SMALL,1.0194929442717056,0.002787333333333333,0.0028416666666666673,c
c,ChooseHints,adi,4,SMALL,0.7011844053298242,0.004052666666666666,0.0028416666666666673,c
c,ChooseHints,adi,5,SMALL,0.6941617132155363,0.0040936666666666665,0.0028416666666666673,c
c,FromPlan,adi,1,SMALL,1.4627659574468088,0.0019426666666666665,0.0028416666666666673,c
c,FromPlan,adi,2,SMALL,2.2935162765671246,0.0012389999999999999,0.0028416666666666673,c
c,FromPlan,adi,3,SMALL,1.434219380888291,0.001981333333333333,0.0028416666666666673,c
c,FromPlan,adi,4,SMALL,0.8575596016497337,0.0033136666666666666,0.0028416666666666673,c
c,FromPlan,adi,5,SMALL,1.4002956636005262,0.002029333333333333,0.0028416666666666673,c
c,Naive,adi,1,SMALL,1.0262429276513785,0.002769,0.0028416666666666673,c
c,Naive,adi,2,SMALL,0.907397551889303,0.0031316666666666667,0.0028416666666666673,c
c,Naive,adi,3,SMALL,1.5421490593342984,0.0018426666666666667,0.0028416666666666673,c
c,Naive,adi,4,SMALL,0.7759876206080468,0.003662,0.0028416666666666673,c
c,Naive,adi,5,SMALL,1.1919742729306488,0.0023840000000000003,0.0028416666666666673,c
c,standard,adi,1,SMALL,1.0,0.0028416666666666673,0.0028416666666666673,c
exo,AllHints,adi,1,SMALL,0.7044290199966948,0.004034,0.0028416666666666673,c
exo,AllHints,adi,2,SMALL,0.6915152498377679,0.004109333333333333,0.0028416666666666673,c
exo,AllHints,adi,3,SMALL,0.6946141937586574,0.004091,0.0028416666666666673,c
exo,AllHints,adi,5,SMALL,0.7031507753216761,0.004041333333333333,0.0028416666666666673,c
exo,ChooseHints,adi,1,SMALL,0.6988277727682598,0.004066333333333333,0.0028416666666666673,c
exo,ChooseHints,adi,2,SMALL,0.6797703532413684,0.004180333333333334,0.0028416666666666673,c
exo,ChooseHints,adi,4,SMALL,0.6911228212403732,0.004111666666666666,0.0028416666666666673,c
exo,ChooseHints,adi,5,SMALL,0.6775013907653183,0.004194333333333334,0.0028416666666666673,c
exo,FromPlan,adi,2,SMALL,1.207336071377992,0.0023536666666666667,0.0028416666666666673,c
exo,FromPlan,adi,4,SMALL,0.4901397113781408,0.005797666666666666,0.0028416666666666673,c
exo,Naive,adi,1,SMALL,0.6926389340266494,0.004102666666666667,0.0028416666666666673,c
exo,Naive,adi,2,SMALL,0.6711541489529208,0.004234000000000001,0.0028416666666666673,c
exo,Naive,adi,4,SMALL,0.6773399014778327,0.004195333333333333,0.0028416666666666673,c
exo,standard,adi,2,SMALL,0.7396963123644252,0.003841666666666667,0.0028416666666666673,c
exo,standard,adi,3,SMALL,0.7210521864163073,0.003941,0.0028416666666666673,c
exo,standard,adi,4,SMALL,0.7367556823092215,0.0038569999999999998,0.0028416666666666673,c
halide,AllHints,adi,1,SMALL,0.010869412771209383,0.261437,0.0028416666666666673,c
halide,AllHints,adi,3,SMALL,0.019493556264920293,0.14577466666666666,0.0028416666666666673,c
halide,ChooseHints,adi,1,SMALL,0.06955209268173289,0.04085666666666667,0.0028416666666666673,c
halide,ChooseHints,adi,2,SMALL,0.7676030974248156,0.003702,0.0028416666666666673,c
halide,ChooseHints,adi,3,SMALL,0.009320770065075923,0.3048746666666667,0.0028416666666666673,c
halide,ChooseHints,adi,4,SMALL,1.1429145998123074,0.0024863333333333335,0.0028416666666666673,c
halide,FromPlan,adi,3,SMALL,1.1260071324791971,0.0025236666666666667,0.0028416666666666673,c
halide,Naive,adi,2,SMALL,0.8935122104601196,0.0031803333333333336,0.0028416666666666673,c
halide,Naive,adi,4,SMALL,0.313338479067887,0.009069,0.0028416666666666673,c
halide,standard,adi,1,SMALL,0.9023073666384421,0.0031493333333333334,0.0028416666666666673,c
halide,standard,adi,2,SMALL,0.9001161440185832,0.003157,0.0028416666666666673,c
halide,standard,adi,3,SMALL,0.9016393442622952,0.0031516666666666668,0.0028416666666666673,c
halide,standard,adi,5,SMALL,0.9006867406233494,0.003155,0.0028416666666666673,c
noarr,AllHints,adi,1,SMALL,0.4386416259325959,0.006478333333333333,0.0028416666666666673,c
noarr,AllHints,adi,2,SMALL,0.7684333874166218,0.003698,0.0028416666666666673,c
noarr,AllHints,adi,3,SMALL,0.43843859288212317,0.006481333333333333,0.0028416666666666673,c
noarr,AllHints,adi,4,SMALL,0.44774159663865554,0.006346666666666667,0.0028416666666666673,c
noarr,AllHints,adi,5,SMALL,1.027479811980234,0.0027656666666666667,0.0028416666666666673,c
noarr,ChooseHints,adi,1,SMALL,0.4361059954982608,0.006516,0.0028416666666666673,c
noarr,ChooseHints,adi,2,SMALL,1.392518784710879,0.0020406666666666668,0.0028416666666666673,c
noarr,ChooseHints,adi,3,SMALL,0.44670928526514364,0.006361333333333333,0.0028416666666666673,c
noarr,ChooseHints,adi,4,SMALL,0.43895782915400866,0.006473666666666667,0.0028416666666666673,c
noarr,ChooseHints,adi,5,SMALL,0.4323022312373226,0.006573333333333334,0.0028416666666666673,c
noarr,FromPlan,adi,1,SMALL,0.9144052343666204,0.0031076666666666666,0.0028416666666666673,c
noarr,FromPlan,adi,2,SMALL,0.4436638043195421,0.006405,0.0028416666666666673,c
noarr,FromPlan,adi,3,SMALL,0.4473421839743927,0.006352333333333334,0.0028416666666666673,c
noarr,FromPlan,adi,4,SMALL,1.2784943011397722,0.0022226666666666666,0.0028416666666666673,c
noarr,FromPlan,adi,5,SMALL,1.0968862583633558,0.0025906666666666665,0.0028416666666666673,c
noarr,Naive,adi,1,SMALL,1.0362221952108912,0.002742333333333333,0.0028416666666666673,c
noarr,Naive,adi,2,SMALL,1.0352155434122652,0.0027449999999999996,0.0028416666666666673,c
noarr,Naive,adi,5,SMALL,1.0274798119802342,0.0027656666666666663,0.0028416666666666673,c
noarr,standard,adi,1,SMALL,1.0304605342681012,0.0027576666666666665,0.0028416666666666673,c
noarr,standard,adi,3,SMALL,0.9418848745994919,0.003017,0.0028416666666666673,c
noarr,standard,adi,4,SMALL,1.0456273764258557,0.002717666666666667,0.0028416666666666673,c
noarr,standard,adi,5,SMALL,1.0410306508731226,0.0027296666666666667,0.0028416666666666673,c
c,AllHints,atax,1,SMALL,0.2766990291262136,0.00013733333333333336,3.8e-05,c
c,AllHints,atax,2,SMALL,0.35624999999999996,0.00010666666666666668,3.8e-05,c
c,AllHints,atax,3,SMALL,2.150943396226415,1.7666666666666668e-05,3.8e-05,c
c,AllHints,atax,4,SMALL,0.27272727272727276,0.00013933333333333332,3.8e-05,c
c,AllHints,atax,5,SMALL,0.2953367875647669,0.00012866666666666666,3.8e-05,c
c,ChooseHints,atax,1,SMALL,2.0727272727272728,1.8333333333333333e-05,3.8e-05,c
c,ChooseHints,atax,2,SMALL,1.5616438356164384,2.4333333333333333e-05,3.8e-05,c
c,ChooseHints,atax,3,SMALL,0.4913793103448276,7.733333333333333e-05,3.8e-05,c
c,ChooseHints,atax,4,SMALL,0.18476499189627227,0.0002056666666666667,3.8e-05,c
c,ChooseHints,atax,5,SMALL,0.2676056338028169,0.000142,3.8e-05,c
c,FromPlan,atax,1,SMALL,1.6056338028169015,2.3666666666666668e-05,3.8e-05,c
c,FromPlan,atax,3,SMALL,2.3265306122448983,1.633333333333333e-05,3.8e-05,c
c,FromPlan,atax,4,SMALL,1.017857142857143,3.733333333333333e-05,3.8e-05,c
c,FromPlan,atax,5,SMALL,1.0270270270270272,3.7e-05,3.8e-05,c
c,Naive,atax,1,SMALL,1.017857142857143,3.733333333333333e-05,3.8e-05,c
c,Naive,atax,2,SMALL,0.9500000000000002,3.9999999999999996e-05,3.8e-05,c
c,Naive,atax,3,SMALL,1.0458715596330277,3.633333333333333e-05,3.8e-05,c
c,Naive,atax,4,SMALL,1.0270270270270272,3.7e-05,3.8e-05,c
c,standard,atax,1,SMALL,1.0,3.8e-05,3.8e-05,c
exo,AllHints,atax,1,SMALL,0.6298342541436465,6.0333333333333334e-05,3.8e-05,c
exo,AllHints,atax,2,SMALL,0.44357976653696496,8.566666666666667e-05,3.8e-05,c
exo,AllHints,atax,4,SMALL,0.6404494382022473,5.933333333333333e-05,3.8e-05,c
exo,ChooseHints,atax,1,SMALL,0.3486238532110092,0.00010899999999999999,3.8e-05,c
exo,ChooseHints,atax,2,SMALL,0.6063829787234043,6.266666666666667e-05,3.8e-05,c
exo,ChooseHints,atax,3,SMALL,0.5352112676056338,7.1e-05,3.8e-05,c
exo,ChooseHints,atax,4,SMALL,0.456,8.333333333333333e-05,3.8e-05,c
exo,ChooseHints,atax,5,SMALL,0.9827586206896552,3.866666666666667e-05,3.8e-05,c
exo,FromPlan,atax,1,SMALL,0.7261146496815287,5.233333333333333e-05,3.8e-05,c
exo,FromPlan,atax,2,SMALL,0.6826347305389222,5.566666666666667e-05,3.8e-05,c
exo,FromPlan,atax,4,SMALL,1.2127659574468086,3.1333333333333334e-05,3.8e-05,c
exo,Naive,atax,4,SMALL,0.5671641791044776,6.7e-05,3.8e-05,c
exo,standard,atax,1,SMALL,0.9193548387096775,4.133333333333333e-05,3.8e-05,c
exo,standard,atax,2,SMALL,0.8507462686567164,4.466666666666667e-05,3.8e-05,c
exo,standard,atax,3,SMALL,0.9344262295081968,4.066666666666667e-05,3.8e-05,c
exo,standard,atax,4,SMALL,1.008849557522124,3.766666666666667e-05,3.8e-05,c
exo,standard,atax,5,SMALL,1.0363636363636364,3.6666666666666666e-05,3.8e-05,c
halide,Naive,atax,2,SMALL,0.014970453053184505,0.0025383333333333334,3.8e-05,c
halide,standard,atax,1,SMALL,0.5846153846153846,6.5e-05,3.8e-05,c
halide,standard,atax,2,SMALL,0.6826347305389222,5.566666666666667e-05,3.8e-05,c
halide,standard,atax,3,SMALL,0.75,5.066666666666667e-05,3.8e-05,c
halide,standard,atax,4,SMALL,0.5507246376811594,6.9e-05,3.8e-05,c
halide,standard,atax,5,SMALL,0.5968586387434556,6.366666666666666e-05,3.8e-05,c
noarr,AllHints,atax,1,SMALL,1.4615384615384617,2.6e-05,3.8e-05,c
noarr,AllHints,atax,2,SMALL,1.727272727272727,2.2000000000000003e-05,3.8e-05,c
noarr,AllHints,atax,3,SMALL,0.015640005487721223,0.0024296666666666668,3.8e-05,c
noarr,AllHints,atax,4,SMALL,1.1515151515151514,3.3e-05,3.8e-05,c
noarr,AllHints,atax,5,SMALL,0.01730944427573641,0.0021953333333333334,3.8e-05,c
noarr,ChooseHints,atax,1,SMALL,1.0555555555555556,3.6e-05,3.8e-05,c
noarr,ChooseHints,atax,2,SMALL,1.4615384615384617,2.6e-05,3.8e-05,c
noarr,ChooseHints,atax,3,SMALL,1.3103448275862069,2.9e-05,3.8e-05,c
noarr,ChooseHints,atax,4,SMALL,1.1515151515151514,3.3e-05,3.8e-05,c
noarr,ChooseHints,atax,5,SMALL,1.1515151515151514,3.3e-05,3.8e-05,c
noarr,FromPlan,atax,2,SMALL,0.7080745341614907,5.366666666666667e-05,3.8e-05,c
noarr,FromPlan,atax,4,SMALL,0.7450980392156863,5.1e-05,3.8e-05,c
noarr,Naive,atax,1,SMALL,1.1515151515151514,3.3e-05,3.8e-05,c
noarr,Naive,atax,2,SMALL,1.9655172413793105,1.9333333333333333e-05,3.8e-05,c
noarr,Naive,atax,3,SMALL,1.1515151515151514,3.3e-05,3.8e-05,c
noarr,Naive,atax,4,SMALL,1.9655172413793105,1.9333333333333333e-05,3.8e-05,c
noarr,Naive,atax,5,SMALL,1.727272727272727,2.2000000000000003e-05,3.8e-05,c
noarr,standard,atax,1,SMALL,1.1515151515151514,3.3e-05,3.8e-05,c
noarr,standard,atax,2,SMALL,1.14,3.3333333333333335e-05,3.8e-05,c
noarr,standard,atax,3,SMALL,1.1287128712871288,3.366666666666667e-05,3.8e-05,c
noarr,standard,atax,4,SMALL,1.2954545454545456,2.9333333333333333e-05,3.8e-05,c
noarr,standard,atax,5,SMALL,1.14,3.3333333333333335e-05,3.8e-05,c
c,AllHints,bicg,1,SMALL,0.41884816753926696,0.00012733333333333333,5.3333333333333326e-05,c
c,AllHints,bicg,3,SMALL,0.41884816753926696,0.00012733333333333333,5.3333333333333326e-05,c
c,AllHints,bicg,4,SMALL,0.41450777202072536,0.00012866666666666666,5.3333333333333326e-05,c
c,AllHints,bicg,5,SMALL,0.4134366925064599,0.000129,5.3333333333333326e-05,c
c,ChooseHints,bicg,1,SMALL,2.4242424242424234,2.2000000000000003e-05,5.3333333333333326e-05,c
c,ChooseHints,bicg,2,SMALL,0.40712468193384216,0.000131,5.3333333333333326e-05,c
c,ChooseHints,bicg,3,SMALL,0.441988950276243,0.00012066666666666667,5.3333333333333326e-05,c
c,ChooseHints,bicg,4,SMALL,2.5396825396825395,2.1e-05,5.3333333333333326e-05,c
c,ChooseHints,bicg,5,SMALL,0.47197640117994094,0.000113,5.3333333333333326e-05,c
c,FromPlan,bicg,1,SMALL,0.3703703703703703,0.000144,5.3333333333333326e-05,c
c,FromPlan,bicg,2,SMALL,2.3880597014925367,2.2333333333333335e-05,5.3333333333333326e-05,c
c,FromPlan,bicg,3,SMALL,2.253521126760563,2.3666666666666668e-05,5.3333333333333326e-05,c
c,FromPlan,bicg,4,SMALL,2.4242424242424234,2.2000000000000003e-05,5.3333333333333326e-05,c
c,FromPlan,bicg,5,SMALL,2.4242424242424234,2.2000000000000003e-05,5.3333333333333326e-05,c
c,Naive,bicg,1,SMALL,2.5,2.133333333333333e-05,5.3333333333333326e-05,c
c,Naive,bicg,2,SMALL,2.4615384615384617,2.1666666666666664e-05,5.3333333333333326e-05,c
c,Naive,bicg,3,SMALL,2.5396825396825395,2.1e-05,5.3333333333333326e-05,c
c,Naive,bicg,4,SMALL,2.4242424242424234,2.2000000000000003e-05,5.3333333333333326e-05,c
c,Naive,bicg,5,SMALL,2.4615384615384617,2.1666666666666664e-05,5.3333333333333326e-05,c
c,standard,bicg,1,SMALL,1.0,5.3333333333333326e-05,5.3333333333333326e-05,c
exo,AllHints,bicg,2,SMALL,0.855614973262032,6.233333333333334e-05,5.3333333333333326e-05,c
exo,AllHints,bicg,3,SMALL,0.9937888198757762,5.366666666666667e-05,5.3333333333333326e-05,c
exo,AllHints,bicg,4,SMALL,0.9815950920245397,5.433333333333334e-05,5.3333333333333326e-05,c
exo,AllHints,bicg,5,SMALL,0.9815950920245397,5.433333333333334e-05,5.3333333333333326e-05,c
exo,ChooseHints,bicg,1,SMALL,0.9876543209876542,5.4000000000000005e-05,5.3333333333333326e-05,c
exo,ChooseHints,bicg,2,SMALL,1.8604651162790695,2.8666666666666668e-05,5.3333333333333326e-05,c
exo,ChooseHints,bicg,4,SMALL,0.9815950920245397,5.433333333333334e-05,5.3333333333333326e-05,c
exo,ChooseHints,bicg,5,SMALL,0.4050632911392405,0.00013166666666666665,5.3333333333333326e-05,c
exo,FromPlan,bicg,2,SMALL,0.9039548022598868,5.9000000000000004e-05,5.3333333333333326e-05,c
exo,Naive,bicg,1,SMALL,0.9142857142857141,5.833333333333333e-05,5.3333333333333326e-05,c
exo,Naive,bicg,2,SMALL,0.9815950920245397,5.433333333333334e-05,5.3333333333333326e-05,c
exo,Naive,bicg,3,SMALL,1.568627450980392,3.4e-05,5.3333333333333326e-05,c
exo,Naive,bicg,4,SMALL,1.032258064516129,5.1666666666666664e-05,5.3333333333333326e-05,c
exo,Naive,bicg,5,SMALL,0.9815950920245397,5.433333333333334e-05,5.3333333333333326e-05,c
exo,standard,bicg,1,SMALL,0.9876543209876542,5.4000000000000005e-05,5.3333333333333326e-05,c
exo,standard,bicg,2,SMALL,0.9756097560975608,5.466666666666667e-05,5.3333333333333326e-05,c
exo,standard,bicg,3,SMALL,0.9876543209876544,5.399999999999999e-05,5.3333333333333326e-05,c
exo,standard,bicg,4,SMALL,0.9876543209876542,5.4000000000000005e-05,5.3333333333333326e-05,c
exo,standard,bicg,5,SMALL,0.9937888198757762,5.366666666666667e-05,5.3333333333333326e-05,c
halide,AllHints,bicg,5,SMALL,0.04881025015253202,0.0010926666666666667,5.3333333333333326e-05,c
halide,FromPlan,bicg,1,SMALL,0.01635657329789409,0.0032606666666666665,5.3333333333333326e-05,c
halide,FromPlan,bicg,4,SMALL,0.03244777935510038,0.0016436666666666665,5.3333333333333326e-05,c
halide,standard,bicg,1,SMALL,0.7619047619047618,7.000000000000001e-05,5.3333333333333326e-05,c
halide,standard,bicg,2,SMALL,1.0884353741496597,4.9e-05,5.3333333333333326e-05,c
halide,standard,bicg,3,SMALL,0.8247422680412371,6.466666666666666e-05,5.3333333333333326e-05,c
halide,standard,bicg,4,SMALL,0.8163265306122449,6.533333333333333e-05,5.3333333333333326e-05,c
halide,standard,bicg,5,SMALL,0.792079207920792,6.733333333333333e-05,5.3333333333333326e-05,c
noarr,AllHints,bicg,1,SMALL,2.666666666666666,2e-05,5.3333333333333326e-05,c
noarr,AllHints,bicg,2,SMALL,0.022698255071641367,0.0023496666666666666,5.3333333333333326e-05,c
noarr,AllHints,bicg,3,SMALL,3.137254901960784,1.7e-05,5.3333333333333326e-05,c
noarr,AllHints,bicg,4,SMALL,2.6229508196721305,2.0333333333333334e-05,5.3333333333333326e-05,c
noarr,AllHints,bicg,5,SMALL,2.2857142857142856,2.3333333333333332e-05,5.3333333333333326e-05,c
noarr,ChooseHints,bicg,1,SMALL,2.6666666666666665,1.9999999999999998e-05,5.3333333333333326e-05,c
noarr,ChooseHints,bicg,2,SMALL,1.2121212121212117,4.4000000000000006e-05,5.3333333333333326e-05,c
noarr,ChooseHints,bicg,3,SMALL,3.137254901960784,1.7e-05,5.3333333333333326e-05,c
noarr,ChooseHints,bicg,4,SMALL,3.137254901960784,1.7e-05,5.3333333333333326e-05,c
noarr,ChooseHints,bicg,5,SMALL,2.6666666666666665,1.9999999999999998e-05,5.3333333333333326e-05,c
noarr,FromPlan,bicg,2,SMALL,2.666666666666666,2e-05,5.3333333333333326e-05,c
noarr,FromPlan,bicg,5,SMALL,2.5396825396825395,2.1e-05,5.3333333333333326e-05,c
noarr,Naive,bicg,1,SMALL,3.137254901960784,1.7e-05,5.3333333333333326e-05,c
noarr,Naive,bicg,2,SMALL,3.137254901960784,1.7e-05,5.3333333333333326e-05,c
noarr,Naive,bicg,3,SMALL,3.137254901960784,1.7e-05,5.3333333333333326e-05,c
noarr,Naive,bicg,4,SMALL,3.137254901960784,1.7e-05,5.3333333333333326e-05,c
noarr,Naive,bicg,5,SMALL,3.137254901960784,1.7e-05,5.3333333333333326e-05,c
noarr,standard,bicg,1,SMALL,1.185185185185185,4.5e-05,5.3333333333333326e-05,c
noarr,standard,bicg,2,SMALL,1.185185185185185,4.5e-05,5.3333333333333326e-05,c
noarr,standard,bicg,3,SMALL,1.185185185185185,4.5e-05,5.3333333333333326e-05,c
noarr,standard,bicg,4,SMALL,1.185185185185185,4.5e-05,5.3333333333333326e-05,c
noarr,standard,bicg,5,SMALL,1.185185185185185,4.5e-05,5.3333333333333326e-05,c
c,AllHints,cholesky,1,SMALL,1.1240458015267176,0.0003493333333333333,0.00039266666666666665,c
c,AllHints,cholesky,2,SMALL,1.178,0.0003333333333333333,0.00039266666666666665,c
c,AllHints,cholesky,3,SMALL,0.9824854045037531,0.00039966666666666666,0.00039266666666666665,c
c,AllHints,cholesky,4,SMALL,1.0612612612612613,0.00036999999999999994,0.00039266666666666665,c
c,AllHints,cholesky,5,SMALL,1.158308751229105,0.00033900000000000005,0.00039266666666666665,c
c,ChooseHints,cholesky,1,SMALL,1.152641878669276,0.00034066666666666664,0.00039266666666666665,c
c,ChooseHints,cholesky,3,SMALL,1.1756487025948101,0.00033400000000000004,0.00039266666666666665,c
c,ChooseHints,cholesky,5,SMALL,1.1733067729083666,0.00033466666666666665,0.00039266666666666665,c
c,FromPlan,cholesky,1,SMALL,1.787556904400607,0.00021966666666666665,0.00039266666666666665,c
c,FromPlan,cholesky,2,SMALL,1.169811320754717,0.0003356666666666667,0.00039266666666666665,c
c,FromPlan,cholesky,3,SMALL,1.1294343240651965,0.0003476666666666667,0.00039266666666666665,c
c,FromPlan,cholesky,4,SMALL,1.5418848167539267,0.00025466666666666666,0.00039266666666666665,c
c,FromPlan,cholesky,5,SMALL,2.611973392461197,0.00015033333333333335,0.00039266666666666665,c
c,Naive,cholesky,1,SMALL,1.1983723296032553,0.00032766666666666664,0.00039266666666666665,c
c,Naive,cholesky,2,SMALL,1.1803607214428857,0.00033266666666666666,0.00039266666666666665,c
c,Naive,cholesky,3,SMALL,1.120837297811608,0.00035033333333333336,0.00039266666666666665,c
c,Naive,cholesky,4,SMALL,1.0593525179856116,0.00037066666666666666,0.00039266666666666665,c
c,Naive,cholesky,5,SMALL,1.0536672629695885,0.0003726666666666667,0.00039266666666666665,c
c,standard,cholesky,1,SMALL,1.0,0.00039266666666666665,0.00039266666666666665,c
exo,AllHints,cholesky,1,SMALL,1.1272727272727274,0.0003483333333333333,0.00039266666666666665,c
exo,AllHints,cholesky,2,SMALL,1.0988805970149251,0.00035733333333333336,0.00039266666666666665,c
exo,AllHints,cholesky,3,SMALL,0.9824854045037531,0.00039966666666666666,0.00039266666666666665,c
exo,AllHints,cholesky,5,SMALL,0.9695473251028807,0.000405,0.00039266666666666665,c
exo,ChooseHints,cholesky,2,SMALL,1.1176470588235294,0.0003513333333333333,0.00039266666666666665,c
exo,ChooseHints,cholesky,3,SMALL,1.0937790157845868,0.000359,0.00039266666666666665,c
exo,ChooseHints,cholesky,4,SMALL,0.9775933609958506,0.00040166666666666665,0.00039266666666666665,c
exo,ChooseHints,cholesky,5,SMALL,1.1040299906279287,0.0003556666666666667,0.00039266666666666665,c
exo,FromPlan,cholesky,1,SMALL,1.1571709233791747,0.00033933333333333336,0.00039266666666666665,c
exo,FromPlan,cholesky,2,SMALL,1.137065637065637,0.00034533333333333334,0.00039266666666666665,c
exo,FromPlan,cholesky,4,SMALL,1.15603532875368,0.00033966666666666666,0.00039266666666666665,c
exo,FromPlan,cholesky,5,SMALL,1.0947955390334572,0.0003586666666666667,0.00039266666666666665,c
exo,Naive,cholesky,1,SMALL,0.42389348686577905,0.0009263333333333334,0.00039266666666666665,c
exo,Naive,cholesky,3,SMALL,1.1229742612011437,0.0003496666666666667,0.00039266666666666665,c
exo,Naive,cholesky,4,SMALL,1.1316042267050914,0.0003469999999999999,0.00039266666666666665,c
exo,Naive,cholesky,5,SMALL,0.3484176279207335,0.001127,0.00039266666666666665,c
exo,standard,cholesky,1,SMALL,0.9181605611847232,0.0004276666666666667,0.00039266666666666665,c
exo,standard,cholesky,2,SMALL,0.9484702093397744,0.00041400000000000003,0.00039266666666666665,c
exo,standard,cholesky,3,SMALL,0.9356632247815727,0.00041966666666666666,0.00039266666666666665,c
exo,standard,cholesky,4,SMALL,0.9304897314375987,0.000422,0.00039266666666666665,c
exo,standard,cholesky,5,SMALL,0.9246467817896389,0.00042466666666666667,0.00039266666666666665,c
halide,AllHints,cholesky,4,SMALL,0.006543172160968701,0.060011666666666665,0.00039266666666666665,c
halide,ChooseHints,cholesky,2,SMALL,0.858600583090379,0.0004573333333333333,0.00039266666666666665,c
halide,Naive,cholesky,1,SMALL,1.1040299906279287,0.0003556666666666667,0.00039266666666666665,c
halide,Naive,cholesky,4,SMALL,1.1863041289023162,0.00033099999999999997,0.00039266666666666665,c
halide,standard,cholesky,1,SMALL,1.2194616977225672,0.000322,0.00039266666666666665,c
c,AllHints,correlation,1,SMALL,5.002666666666666,0.000125,0.0006253333333333333,c
c,AllHints,correlation,2,SMALL,5.056603773584905,0.00012366666666666667,0.0006253333333333333,c
c,AllHints,correlation,3,SMALL,2.5181208053691275,0.0002483333333333333,0.0006253333333333333,c
c,AllHints,correlation,4,SMALL,1.3438395415472777,0.0004653333333333334,0.0006253333333333333,c
c,ChooseHints,correlation,1,SMALL,3.2233676975945014,0.00019400000000000003,0.0006253333333333333,c
c,ChooseHints,correlation,2,SMALL,2.6954022988505746,0.000232,0.0006253333333333333,c
c,ChooseHints,correlation,3,SMALL,4.234762979683972,0.0001476666666666667,0.0006253333333333333,c
c,ChooseHints,correlation,5,SMALL,4.159645232815964,0.00015033333333333335,0.0006253333333333333,c
c,FromPlan,correlation,1,SMALL,3.1423785594639866,0.00019899999999999999,0.0006253333333333333,c
c,FromPlan,correlation,2,SMALL,2.8685015290519877,0.000218,0.0006253333333333333,c
c,FromPlan,correlation,3,SMALL,2.56986301369863,0.00024333333333333333,0.0006253333333333333,c
c,FromPlan,correlation,4,SMALL,1.2565304755525788,0.0004976666666666667,0.0006253333333333333,c
c,FromPlan,correlation,5,SMALL,3.163575042158516,0.00019766666666666666,0.0006253333333333333,c
c,Naive,correlation,1,SMALL,3.0603588907014676,0.00020433333333333336,0.0006253333333333333,c
c,Naive,correlation,2,SMALL,3.0209339774557162,0.00020700000000000002,0.0006253333333333333,c
c,Naive,correlation,3,SMALL,3.0016,0.00020833333333333335,0.0006253333333333333,c
c,Naive,correlation,4,SMALL,3.1742808798646363,0.000197,0.0006253333333333333,c
c,Naive,correlation,5,SMALL,3.0064102564102564,0.000208,0.0006253333333333333,c
c,standard,correlation,1,SMALL,1.0,0.0006253333333333333,0.0006253333333333333,c
exo,AllHints,correlation,1,SMALL,2.872894333843798,0.00021766666666666665,0.0006253333333333333,c
exo,AllHints,correlation,2,SMALL,1.053932584269663,0.0005933333333333333,0.0006253333333333333,c
exo,AllHints,correlation,3,SMALL,3.2013651877133102,0.00019533333333333336,0.0006253333333333333,c
exo,AllHints,correlation,4,SMALL,2.1662817551963047,0.00028866666666666667,0.0006253333333333333,c
exo,AllHints,correlation,5,SMALL,1.6931407942238268,0.00036933333333333333,0.0006253333333333333,c
exo,ChooseHints,correlation,1,SMALL,3.2344827586206897,0.00019333333333333333,0.0006253333333333333,c
exo,ChooseHints,correlation,2,SMALL,2.345,0.0002666666666666666,0.0006253333333333333,c
exo,ChooseHints,correlation,3,SMALL,3.3559928443649367,0.00018633333333333335,0.0006253333333333333,c
exo,ChooseHints,correlation,4,SMALL,3.8760330578512394,0.00016133333333333334,0.0006253333333333333,c
exo,ChooseHints,correlation,5,SMALL,2.2386634844868736,0.0002793333333333333,0.0006253333333333333,c
exo,FromPlan,correlation,2,SMALL,2.8995363214837715,0.00021566666666666666,0.0006253333333333333,c
exo,FromPlan,correlation,3,SMALL,2.8950617283950613,0.00021600000000000002,0.0006253333333333333,c
exo,FromPlan,correlation,4,SMALL,2.8467374810318664,0.00021966666666666665,0.0006253333333333333,c
exo,Naive,correlation,2,SMALL,2.7467057101024888,0.00022766666666666668,0.0006253333333333333,c
exo,Naive,correlation,3,SMALL,1.4430769230769231,0.0004333333333333333,0.0006253333333333333,c
exo,Naive,correlation,5,SMALL,1.620034542314335,0.000386,0.0006253333333333333,c
exo,standard,correlation,1,SMALL,1.0416435313714603,0.0006003333333333334,0.0006253333333333333,c
exo,standard,correlation,2,SMALL,1.045125348189415,0.0005983333333333334,0.0006253333333333333,c
exo,standard,correlation,3,SMALL,1.0336088154269973,0.000605,0.0006253333333333333,c
halide,AllHints,correlation,1,SMALL,0.41875,0.0014933333333333333,0.0006253333333333333,c
halide,AllHints,correlation,2,SMALL,0.37133808392715756,0.001684,0.0006253333333333333,c
halide,AllHints,correlation,4,SMALL,0.4920010490427485,0.001271,0.0006253333333333333,c
halide,Naive,correlation,1,SMALL,0.1810111925897337,0.0034546666666666666,0.0006253333333333333,c
halide,Naive,correlation,2,SMALL,0.3499347136728222,0.0017870000000000002,0.0006253333333333333,c
halide,Naive,correlation,4,SMALL,0.15024827807144,0.004162,0.0006253333333333333,c
halide,Naive,correlation,5,SMALL,0.3218390804597701,0.001943,0.0006253333333333333,c
halide,standard,correlation,1,SMALL,3.870578085816006e-06,161.56070733333334,0.0006253333333333333,c
halide,standard,correlation,2,SMALL,4.0005083119218e-06,156.31346933333333,0.0006253333333333333,c
halide,standard,correlation,3,SMALL,3.867437278970084e-06,161.69191333333333,0.0006253333333333333,c
halide,standard,correlation,4,SMALL,0.7781003732890917,0.0008036666666666666,0.0006253333333333333,c
halide,standard,correlation,5,SMALL,3.8884768828380755e-06,160.81703766666666,0.0006253333333333333,c
noarr,AllHints,correlation,1,SMALL,1.4408602150537635,0.000434,0.0006253333333333333,c
noarr,AllHints,correlation,2,SMALL,1.2884615384615385,0.00048533333333333333,0.0006253333333333333,c
noarr,AllHints,correlation,3,SMALL,1.4760031471282455,0.00042366666666666665,0.0006253333333333333,c
noarr,AllHints,correlation,4,SMALL,1.3773861967694567,0.000454,0.0006253333333333333,c
noarr,AllHints,correlation,5,SMALL,1.4386503067484662,0.0004346666666666667,0.0006253333333333333,c
noarr,ChooseHints,correlation,1,SMALL,1.3428775948460987,0.0004656666666666667,0.0006253333333333333,c
noarr,ChooseHints,correlation,2,SMALL,1.4497681607418857,0.0004313333333333333,0.0006253333333333333,c
noarr,ChooseHints,correlation,3,SMALL,1.5068273092369477,0.000415,0.0006253333333333333,c
noarr,ChooseHints,correlation,4,SMALL,2.982511923688394,0.00020966666666666668,0.0006253333333333333,c
noarr,ChooseHints,correlation,5,SMALL,1.3477011494252873,0.000464,0.0006253333333333333,c
noarr,FromPlan,correlation,1,SMALL,1.546578730420445,0.00040433333333333337,0.0006253333333333333,c
noarr,FromPlan,correlation,2,SMALL,1.5685618729096988,0.0003986666666666667,0.0006253333333333333,c
noarr,FromPlan,correlation,3,SMALL,1.5326797385620914,0.000408,0.0006253333333333333,c
noarr,FromPlan,correlation,4,SMALL,1.5777964676198486,0.00039633333333333334,0.0006253333333333333,c
noarr,FromPlan,correlation,5,SMALL,1.576470588235294,0.0003966666666666667,0.0006253333333333333,c
noarr,Naive,correlation,1,SMALL,1.4702194357366771,0.00042533333333333334,0.0006253333333333333,c
noarr,Naive,correlation,2,SMALL,1.4936305732484076,0.00041866666666666663,0.0006253333333333333,c
noarr,Naive,correlation,3,SMALL,2.968354430379747,0.00021066666666666665,0.0006253333333333333,c
noarr,Naive,correlation,4,SMALL,1.3146461107217942,0.0004756666666666666,0.0006253333333333333,c
noarr,Naive,correlation,5,SMALL,1.3342816500711236,0.00046866666666666666,0.0006253333333333333,c
noarr,standard,correlation,1,SMALL,1.4031413612565444,0.0004456666666666667,0.0006253333333333333,c
noarr,standard,correlation,2,SMALL,1.293793103448276,0.0004833333333333333,0.0006253333333333333,c
noarr,standard,correlation,3,SMALL,1.2779291553133514,0.0004893333333333334,0.0006253333333333333,c
noarr,standard,correlation,4,SMALL,1.3045897079276774,0.00047933333333333335,0.0006253333333333333,c
noarr,standard,correlation,5,SMALL,1.2920110192837466,0.000484,0.0006253333333333333,c
c,AllHints,covariance,1,SMALL,2.8921417565485363,0.00021633333333333335,0.0006256666666666667,c
c,AllHints,covariance,2,SMALL,3.219554030874786,0.00019433333333333333,0.0006256666666666667,c
c,AllHints,covariance,3,SMALL,3.258680555555556,0.000192,0.0006256666666666667,c
c,AllHints,covariance,4,SMALL,1.75749063670412,0.000356,0.0006256666666666667,c
c,AllHints,covariance,5,SMALL,1.1515337423312886,0.0005433333333333333,0.0006256666666666667,c
c,ChooseHints,covariance,1,SMALL,3.102479338842975,0.0002016666666666667,0.0006256666666666667,c
c,ChooseHints,covariance,2,SMALL,4.354988399071926,0.00014366666666666667,0.0006256666666666667,c
c,ChooseHints,covariance,3,SMALL,3.258680555555556,0.000192,0.0006256666666666667,c
c,ChooseHints,covariance,4,SMALL,3.333925399644761,0.00018766666666666663,0.0006256666666666667,c
c,ChooseHints,covariance,5,SMALL,3.1127694859038146,0.000201,0.0006256666666666667,c
c,FromPlan,covariance,1,SMALL,2.567715458276334,0.00024366666666666666,0.0006256666666666667,c
c,FromPlan,covariance,2,SMALL,3.170608108108109,0.00019733333333333332,0.0006256666666666667,c
c,FromPlan,covariance,3,SMALL,3.1921768707482996,0.000196,0.0006256666666666667,c
c,FromPlan,covariance,4,SMALL,2.4250645994832047,0.000258,0.0006256666666666667,c
c,FromPlan,covariance,5,SMALL,2.418814432989691,0.00025866666666666665,0.0006256666666666667,c
c,Naive,covariance,1,SMALL,1.1361985472154965,0.0005506666666666666,0.0006256666666666667,c
c,Naive,covariance,2,SMALL,1.1132858837485173,0.000562,0.0006256666666666667,c
c,Naive,covariance,3,SMALL,3.3577817531305905,0.00018633333333333335,0.0006256666666666667,c
c,Naive,covariance,4,SMALL,1.11262596324837,0.0005623333333333334,0.0006256666666666667,c
c,Naive,covariance,5,SMALL,3.258680555555556,0.000192,0.0006256666666666667,c
c,standard,covariance,1,SMALL,1.0,0.0006256666666666667,0.0006256666666666667,c
exo,AllHints,covariance,1,SMALL,0.42284298265375087,0.0014796666666666667,0.0006256666666666667,c
exo,AllHints,covariance,3,SMALL,0.24462400625570183,0.002557666666666667,0.0006256666666666667,c
exo,ChooseHints,covariance,1,SMALL,4.062770562770564,0.00015399999999999998,0.0006256666666666667,c
exo,ChooseHints,covariance,2,SMALL,2.9466248037676612,0.00021233333333333334,0.0006256666666666667,c
exo,ChooseHints,covariance,3,SMALL,2.8700305810397557,0.00021799999999999999,0.0006256666666666667,c
exo,ChooseHints,covariance,5,SMALL,3.6731898238747562,0.00017033333333333332,0.0006256666666666667,c
exo,FromPlan,covariance,1,SMALL,2.96993670886076,0.00021066666666666665,0.0006256666666666667,c
exo,FromPlan,covariance,3,SMALL,2.9282371294851797,0.00021366666666666667,0.0006256666666666667,c
exo,FromPlan,covariance,4,SMALL,2.9984025559105434,0.00020866666666666668,0.0006256666666666667,c
exo,FromPlan,covariance,5,SMALL,2.951257861635221,0.00021199999999999998,0.0006256666666666667,c
exo,Naive,covariance,1,SMALL,2.993620414673047,0.00020899999999999998,0.0006256666666666667,c
exo,Naive,covariance,2,SMALL,0.44754411063423943,0.001398,0.0006256666666666667,c
exo,Naive,covariance,3,SMALL,3.5281954887218046,0.00017733333333333335,0.0006256666666666667,c
exo,Naive,covariance,5,SMALL,3.437728937728938,0.000182,0.0006256666666666667,c
exo,standard,covariance,1,SMALL,0.9301288404360756,0.0006726666666666666,0.0006256666666666667,c
exo,standard,covariance,2,SMALL,0.9310515873015874,0.000672,0.0006256666666666667,c
exo,standard,covariance,3,SMALL,0.9375624375624375,0.0006673333333333335,0.0006256666666666667,c
exo,standard,covariance,4,SMALL,0.9305899851264254,0.0006723333333333334,0.0006256666666666667,c
exo,standard,covariance,5,SMALL,0.9329025844930419,0.0006706666666666666,0.0006256666666666667,c
halide,AllHints,covariance,2,SMALL,0.054892671228870565,0.011398,0.0006256666666666667,c
halide,ChooseHints,covariance,5,SMALL,0.5244481698798548,0.001193,0.0006256666666666667,c
halide,Naive,covariance,4,SMALL,0.2006842724259596,0.0031176666666666666,0.0006256666666666667,c
halide,Naive,covariance,5,SMALL,1.1185935637663886,0.0005593333333333333,0.0006256666666666667,c
halide,standard,covariance,2,SMALL,0.5973901973265437,0.0010473333333333333,0.0006256666666666667,c
halide,standard,covariance,4,SMALL,0.000394825244078568,1.5846673333333332,0.0006256666666666667,c
noarr,AllHints,covariance,1,SMALL,4.5011990407673865,0.000139,0.0006256666666666667,c
noarr,AllHints,covariance,2,SMALL,1.4779527559055121,0.0004233333333333333,0.0006256666666666667,c
noarr,AllHints,covariance,3,SMALL,4.2853881278538815,0.000146,0.0006256666666666667,c
noarr,AllHints,covariance,4,SMALL,4.555825242718448,0.00013733333333333333,0.0006256666666666667,c
noarr,AllHints,covariance,5,SMALL,1.2480053191489362,0.0005013333333333333,0.0006256666666666667,c
noarr,ChooseHints,covariance,1,SMALL,4.776081424936387,0.000131,0.0006256666666666667,c
noarr,ChooseHints,covariance,2,SMALL,4.5011990407673865,0.000139,0.0006256666666666667,c
noarr,ChooseHints,covariance,3,SMALL,1.442736356648732,0.0004336666666666667,0.0006256666666666667,c
noarr,ChooseHints,covariance,4,SMALL,4.5011990407673865,0.000139,0.0006256666666666667,c
noarr,ChooseHints,covariance,5,SMALL,3.739043824701195,0.00016733333333333335,0.0006256666666666667,c
noarr,FromPlan,covariance,1,SMALL,1.5615640599001668,0.00040066666666666663,0.0006256666666666667,c
noarr,FromPlan,covariance,2,SMALL,4.2756264236902055,0.00014633333333333333,0.0006256666666666667,c
noarr,FromPlan,covariance,4,SMALL,1.2235984354628422,0.0005113333333333334,0.0006256666666666667,c
noarr,FromPlan,covariance,5,SMALL,4.646039603960396,0.00013466666666666667,0.0006256666666666667,c
noarr,Naive,covariance,1,SMALL,1.4826224328593998,0.000422,0.0006256666666666667,c
noarr,Naive,covariance,2,SMALL,1.378120411160059,0.000454,0.0006256666666666667,c
noarr,Naive,covariance,3,SMALL,4.900783289817232,0.0001276666666666667,0.0006256666666666667,c
noarr,Naive,covariance,4,SMALL,4.73989898989899,0.000132,0.0006256666666666667,c
noarr,Naive,covariance,5,SMALL,4.716080402010051,0.00013266666666666667,0.0006256666666666667,c
noarr,standard,covariance,1,SMALL,1.4698512137823025,0.00042566666666666664,0.0006256666666666667,c
noarr,standard,covariance,2,SMALL,1.3190442726633873,0.00047433333333333333,0.0006256666666666667,c
noarr,standard,covariance,3,SMALL,1.3283793347487616,0.000471,0.0006256666666666667,c
noarr,standard,covariance,4,SMALL,1.3730797366495977,0.00045566666666666667,0.0006256666666666667,c
noarr,standard,covariance,5,SMALL,1.27687074829932,0.00049,0.0006256666666666667,c
c,AllHints,deriche,1,SMALL,1.9474091260634188,0.00043099999999999996,0.0008393333333333334,c
c,AllHints,deriche,2,SMALL,1.0491666666666668,0.0008,0.0008393333333333334,c
c,AllHints,deriche,3,SMALL,1.954968944099379,0.0004293333333333334,0.0008393333333333334,c
c,AllHints,deriche,4,SMALL,3.4398907103825143,0.000244,0.0008393333333333334,c
c,AllHints,deriche,5,SMALL,0.9209948792977324,0.0009113333333333333,0.0008393333333333334,c
c,ChooseHints,deriche,1,SMALL,1.570804741110418,0.0005343333333333334,0.0008393333333333334,c
c,ChooseHints,deriche,2,SMALL,2.1466325660699064,0.000391,0.0008393333333333334,c
c,ChooseHints,deriche,3,SMALL,1.8819133034379674,0.000446,0.0008393333333333334,c
c,ChooseHints,deriche,4,SMALL,1.8805078416728906,0.0004463333333333333,0.0008393333333333334,c
c,ChooseHints,deriche,5,SMALL,0.24326152062602652,0.003450333333333333,0.0008393333333333334,c
c,FromPlan,deriche,1,SMALL,1.2801220132180986,0.0006556666666666667,0.0008393333333333334,c
c,FromPlan,deriche,2,SMALL,1.3581445523193096,0.0006180000000000001,0.0008393333333333334,c
c,FromPlan,deriche,3,SMALL,1.2899590163934427,0.0006506666666666667,0.0008393333333333334,c
c,FromPlan,deriche,4,SMALL,1.2036328871892927,0.0006973333333333333,0.0008393333333333334,c
c,FromPlan,deriche,5,SMALL,1.2477700693756197,0.0006726666666666666,0.0008393333333333334,c
c,Naive,deriche,1,SMALL,1.2912820512820515,0.00065,0.0008393333333333334,c
c,Naive,deriche,2,SMALL,1.381239714755897,0.0006076666666666666,0.0008393333333333334,c
c,Naive,deriche,3,SMALL,0.9718255499807026,0.0008636666666666667,0.0008393333333333334,c
c,Naive,deriche,4,SMALL,0.8638078902229847,0.0009716666666666667,0.0008393333333333334,c
c,Naive,deriche,5,SMALL,0.9534267322983719,0.0008803333333333333,0.0008393333333333334,c
c,standard,deriche,1,SMALL,1.0,0.0008393333333333334,0.0008393333333333334,c
exo,AllHints,deriche,1,SMALL,0.37040305972344806,0.0022660000000000002,0.0008393333333333334,c
exo,AllHints,deriche,2,SMALL,1.6956228956228958,0.000495,0.0008393333333333334,c
exo,ChooseHints,deriche,2,SMALL,1.438857142857143,0.0005833333333333333,0.0008393333333333334,c
exo,FromPlan,deriche,3,SMALL,1.1087626596213123,0.000757,0.0008393333333333334,c
exo,Naive,deriche,5,SMALL,1.0379225061830173,0.0008086666666666667,0.0008393333333333334,c
exo,standard,deriche,3,SMALL,0.9051042415528399,0.0009273333333333333,0.0008393333333333334,c
exo,standard,deriche,4,SMALL,0.8798043326345214,0.000954,0.0008393333333333334,c
exo,standard,deriche,5,SMALL,0.8960854092526691,0.0009366666666666667,0.0008393333333333334,c
halide,AllHints,deriche,1,SMALL,0.06479670612454967,0.012953333333333332,0.0008393333333333334,c
halide,AllHints,deriche,2,SMALL,0.4127868852459016,0.0020333333333333336,0.0008393333333333334,c
halide,AllHints,deriche,3,SMALL,0.11797226386806596,0.007114666666666668,0.0008393333333333334,c
halide,ChooseHints,deriche,2,SMALL,0.18739301927513582,0.004479,0.0008393333333333334,c
halide,ChooseHints,deriche,3,SMALL,0.07715169899194167,0.010879,0.0008393333333333334,c
halide,ChooseHints,deriche,4,SMALL,0.36403064912534344,0.0023056666666666664,0.0008393333333333334,c
halide,ChooseHints,deriche,5,SMALL,0.33510779877561886,0.0025046666666666668,0.0008393333333333334,c
halide,FromPlan,deriche,1,SMALL,0.7425538189324684,0.0011303333333333332,0.0008393333333333334,c
halide,FromPlan,deriche,2,SMALL,0.27069447430660076,0.0031006666666666665,0.0008393333333333334,c
halide,FromPlan,deriche,4,SMALL,0.10426501035196689,0.00805,0.0008393333333333334,c
halide,Naive,deriche,5,SMALL,0.7856474258970361,0.0010683333333333332,0.0008393333333333334,c
halide,standard,deriche,1,SMALL,0.40404364569961493,0.0020773333333333334,0.0008393333333333334,c
noarr,AllHints,deriche,1,SMALL,2.2322695035460995,0.00037600000000000003,0.0008393333333333334,c
noarr,AllHints,deriche,2,SMALL,2.029008863819501,0.0004136666666666666,0.0008393333333333334,c
noarr,AllHints,deriche,3,SMALL,2.105351170568562,0.0003986666666666667,0.0008393333333333334,c
noarr,ChooseHints,deriche,2,SMALL,2.0741350906095555,0.00040466666666666667,0.0008393333333333334,c
noarr,ChooseHints,deriche,4,SMALL,1.9119210326499623,0.000439,0.0008393333333333334,c
noarr,ChooseHints,deriche,5,SMALL,0.313496015936255,0.0026773333333333336,0.0008393333333333334,c
noarr,FromPlan,deriche,1,SMALL,2.11952861952862,0.00039600000000000003,0.0008393333333333334,c
noarr,FromPlan,deriche,2,SMALL,0.31901685037374894,0.002631,0.0008393333333333334,c
noarr,FromPlan,deriche,3,SMALL,2.478346456692914,0.00033866666666666664,0.0008393333333333334,c
noarr,FromPlan,deriche,4,SMALL,2.0965861781848463,0.0004003333333333333,0.0008393333333333334,c
noarr,FromPlan,deriche,5,SMALL,2.0878938640132674,0.000402,0.0008393333333333334,c
noarr,Naive,deriche,1,SMALL,1.8141210374639773,0.0004626666666666666,0.0008393333333333334,c
noarr,Naive,deriche,3,SMALL,2.0241157556270095,0.0004146666666666667,0.0008393333333333334,c
noarr,Naive,deriche,4,SMALL,2.110645431684828,0.00039766666666666667,0.0008393333333333334,c
noarr,Naive,deriche,5,SMALL,3.2616580310880834,0.0002573333333333333,0.0008393333333333334,c
noarr,standard,deriche,1,SMALL,2.1991266375545853,0.00038166666666666666,0.0008393333333333334,c
noarr,standard,deriche,2,SMALL,2.1071129707112974,0.0003983333333333333,0.0008393333333333334,c
noarr,standard,deriche,3,SMALL,2.0741350906095555,0.00040466666666666667,0.0008393333333333334,c
noarr,standard,deriche,4,SMALL,2.108877721943049,0.00039799999999999997,0.0008393333333333334,c
noarr,standard,deriche,5,SMALL,2.208771929824562,0.00037999999999999997,0.0008393333333333334,c
c,AllHints,doitgen,1,SMALL,8.548245614035086,7.6e-05,0.0006496666666666666,c
c,AllHints,doitgen,2,SMALL,6.390163934426228,0.00010166666666666667,0.0006496666666666666,c
c,AllHints,doitgen,3,SMALL,7.890688259109311,8.233333333333333e-05,0.0006496666666666666,c
c,AllHints,doitgen,4,SMALL,7.890688259109311,8.233333333333333e-05,0.0006496666666666666,c
c,AllHints,doitgen,5,SMALL,6.226837060702874,0.00010433333333333334,0.0006496666666666666,c
c,ChooseHints,doitgen,1,SMALL,3.791828793774318,0.00017133333333333334,0.0006496666666666666,c
c,ChooseHints,doitgen,2,SMALL,8.05371900826446,8.066666666666667e-05,0.0006496666666666666,c
c,ChooseHints,doitgen,3,SMALL,8.120833333333332,8e-05,0.0006496666666666666,c
c,ChooseHints,doitgen,4,SMALL,7.4961538461538435,8.666666666666668e-05,0.0006496666666666666,c
c,ChooseHints,doitgen,5,SMALL,7.858870967741934,8.266666666666667e-05,0.0006496666666666666,c
c,FromPlan,doitgen,1,SMALL,3.929435483870967,0.00016533333333333333,0.0006496666666666666,c
c,FromPlan,doitgen,2,SMALL,3.677358490566037,0.00017666666666666666,0.0006496666666666666,c
c,FromPlan,doitgen,3,SMALL,3.602587800369685,0.00018033333333333334,0.0006496666666666666,c
c,FromPlan,doitgen,4,SMALL,3.913654618473895,0.000166,0.0006496666666666666,c
c,FromPlan,doitgen,5,SMALL,3.755298651252408,0.000173,0.0006496666666666666,c
c,Naive,doitgen,1,SMALL,3.9453441295546554,0.00016466666666666667,0.0006496666666666666,c
c,Naive,doitgen,2,SMALL,3.7337164750957847,0.000174,0.0006496666666666666,c
c,Naive,doitgen,3,SMALL,3.556569343065693,0.00018266666666666667,0.0006496666666666666,c
c,Naive,doitgen,4,SMALL,3.851778656126482,0.00016866666666666666,0.0006496666666666666,c
c,Naive,doitgen,5,SMALL,3.4803571428571423,0.00018666666666666666,0.0006496666666666666,c
c,standard,doitgen,1,SMALL,1.0,0.0006496666666666666,0.0006496666666666666,c
exo,AllHints,doitgen,1,SMALL,0.022092245610455558,0.029407,0.0006496666666666666,c
exo,AllHints,doitgen,2,SMALL,0.39019019019019013,0.001665,0.0006496666666666666,c
exo,AllHints,doitgen,3,SMALL,3.74088291746641,0.00017366666666666667,0.0006496666666666666,c
exo,AllHints,doitgen,4,SMALL,0.822362869198312,0.00079,0.0006496666666666666,c
exo,AllHints,doitgen,5,SMALL,0.8020576131687241,0.00081,0.0006496666666666666,c
exo,ChooseHints,doitgen,1,SMALL,0.8507202095154952,0.0007636666666666667,0.0006496666666666666,c
exo,ChooseHints,doitgen,2,SMALL,0.41031578947368413,0.0015833333333333333,0.0006496666666666666,c
exo,ChooseHints,doitgen,3,SMALL,0.8137787056367431,0.0007983333333333333,0.0006496666666666666,c
exo,ChooseHints,doitgen,4,SMALL,2.706944444444444,0.00024,0.0006496666666666666,c
exo,FromPlan,doitgen,2,SMALL,2.857771260997067,0.00022733333333333332,0.0006496666666666666,c
exo,FromPlan,doitgen,4,SMALL,3.3316239316239313,0.000195,0.0006496666666666666,c
exo,FromPlan,doitgen,5,SMALL,3.0170278637770895,0.00021533333333333333,0.0006496666666666666,c
exo,Naive,doitgen,2,SMALL,2.7107093184979134,0.00023966666666666667,0.0006496666666666666,c
exo,Naive,doitgen,3,SMALL,1.4394387001477102,0.0004513333333333333,0.0006496666666666666,c
exo,Naive,doitgen,4,SMALL,0.9236966824644549,0.0007033333333333333,0.0006496666666666666,c
exo,Naive,doitgen,5,SMALL,2.9133034379671146,0.000223,0.0006496666666666666,c
exo,standard,doitgen,1,SMALL,0.9720698254364089,0.0006683333333333333,0.0006496666666666666,c
exo,standard,doitgen,2,SMALL,0.9878357830714647,0.0006576666666666666,0.0006496666666666666,c
exo,standard,doitgen,3,SMALL,1.036702127659574,0.0006266666666666668,0.0006496666666666666,c
exo,standard,doitgen,4,SMALL,1.0225603357817417,0.0006353333333333333,0.0006496666666666666,c
exo,standard,doitgen,5,SMALL,0.9653293709757305,0.000673,0.0006496666666666666,c
halide,standard,doitgen,3,SMALL,1.33037542662116,0.0004883333333333333,0.0006496666666666666,c
halide,standard,doitgen,4,SMALL,1.41231884057971,0.00045999999999999996,0.0006496666666666666,c
halide,standard,doitgen,5,SMALL,1.5394944707740914,0.000422,0.0006496666666666666,c
noarr,AllHints,doitgen,1,SMALL,4.872499999999999,0.00013333333333333334,0.0006496666666666666,c
noarr,AllHints,doitgen,2,SMALL,4.848258706467661,0.000134,0.0006496666666666666,c
noarr,AllHints,doitgen,3,SMALL,4.522041763341067,0.00014366666666666664,0.0006496666666666666,c
noarr,AllHints,doitgen,4,SMALL,4.629453681710213,0.00014033333333333332,0.0006496666666666666,c
noarr,AllHints,doitgen,5,SMALL,4.085953878406708,0.000159,0.0006496666666666666,c
noarr,ChooseHints,doitgen,1,SMALL,4.607565011820331,0.00014099999999999998,0.0006496666666666666,c
noarr,ChooseHints,doitgen,2,SMALL,4.068893528183715,0.00015966666666666668,0.0006496666666666666,c
noarr,ChooseHints,doitgen,3,SMALL,4.640476190476189,0.00014000000000000001,0.0006496666666666666,c
noarr,ChooseHints,doitgen,4,SMALL,4.564402810304449,0.00014233333333333334,0.0006496666666666666,c
noarr,ChooseHints,doitgen,5,SMALL,4.765281173594131,0.00013633333333333333,0.0006496666666666666,c
noarr,FromPlan,doitgen,1,SMALL,4.077405857740585,0.00015933333333333335,0.0006496666666666666,c
noarr,FromPlan,doitgen,2,SMALL,3.8066406249999996,0.00017066666666666665,0.0006496666666666666,c
noarr,FromPlan,doitgen,3,SMALL,4.0351966873705996,0.000161,0.0006496666666666666,c
noarr,FromPlan,doitgen,4,SMALL,3.569597069597069,0.000182,0.0006496666666666666,c
noarr,FromPlan,doitgen,5,SMALL,3.36614853195164,0.000193,0.0006496666666666666,c
noarr,Naive,doitgen,1,SMALL,4.0519750519750515,0.00016033333333333332,0.0006496666666666666,c
noarr,Naive,doitgen,2,SMALL,4.707729468599033,0.000138,0.0006496666666666666,c
noarr,Naive,doitgen,3,SMALL,4.860349127182044,0.00013366666666666667,0.0006496666666666666,c
noarr,Naive,doitgen,4,SMALL,4.753658536585365,0.00013666666666666666,0.0006496666666666666,c
noarr,Naive,doitgen,5,SMALL,4.848258706467661,0.000134,0.0006496666666666666,c
noarr,standard,doitgen,1,SMALL,1.2839262187088272,0.000506,0.0006496666666666666,c
noarr,standard,doitgen,2,SMALL,1.2030864197530862,0.00054,0.0006496666666666666,c
noarr,standard,doitgen,3,SMALL,1.233544303797468,0.0005266666666666667,0.0006496666666666666,c
noarr,standard,doitgen,5,SMALL,1.2429846938775508,0.0005226666666666666,0.0006496666666666666,c
c,AllHints,durbin,1,SMALL,1.2666666666666666,1.5e-05,1.9e-05,c
c,AllHints,durbin,3,SMALL,0.9047619047619049,2.1e-05,1.9e-05,c
c,AllHints,durbin,4,SMALL,1.2391304347826086,1.5333333333333334e-05,1.9e-05,c
c,AllHints,durbin,5,SMALL,1.2666666666666666,1.5e-05,1.9e-05,c
c,ChooseHints,durbin,1,SMALL,1.2954545454545456,1.4666666666666666e-05,1.9e-05,c
c,ChooseHints,durbin,2,SMALL,1.0555555555555556,1.8e-05,1.9e-05,c
c,ChooseHints,durbin,3,SMALL,0.8769230769230768,2.166666666666667e-05,1.9e-05,c
c,ChooseHints,durbin,4,SMALL,1.2954545454545456,1.4666666666666666e-05,1.9e-05,c
c,ChooseHints,durbin,5,SMALL,0.8636363636363635,2.2000000000000003e-05,1.9e-05,c
c,FromPlan,durbin,1,SMALL,1.2666666666666666,1.5e-05,1.9e-05,c
c,FromPlan,durbin,2,SMALL,1.2954545454545456,1.4666666666666666e-05,1.9e-05,c
c,FromPlan,durbin,3,SMALL,1.3255813953488371,1.4333333333333334e-05,1.9e-05,c
c,FromPlan,durbin,4,SMALL,1.2666666666666666,1.5e-05,1.9e-05,c
c,FromPlan,durbin,5,SMALL,1.2666666666666666,1.5e-05,1.9e-05,c
c,Naive,durbin,1,SMALL,1.3255813953488371,1.4333333333333334e-05,1.9e-05,c
c,Naive,durbin,2,SMALL,1.0363636363636364,1.8333333333333333e-05,1.9e-05,c
c,Naive,durbin,3,SMALL,1.3255813953488371,1.4333333333333334e-05,1.9e-05,c
c,Naive,durbin,4,SMALL,1.1875000000000002,1.6e-05,1.9e-05,c
c,Naive,durbin,5,SMALL,1.2666666666666666,1.5e-05,1.9e-05,c
c,standard,durbin,1,SMALL,1.0,1.9e-05,1.9e-05,c
exo,AllHints,durbin,1,SMALL,0.9500000000000002,1.9999999999999998e-05,1.9e-05,c
exo,AllHints,durbin,2,SMALL,0.8142857142857144,2.3333333333333332e-05,1.9e-05,c
exo,AllHints,durbin,3,SMALL,0.0030686406460296097,0.006191666666666667,1.9e-05,c
exo,ChooseHints,durbin,1,SMALL,0.7037037037037037,2.7000000000000002e-05,1.9e-05,c
exo,ChooseHints,durbin,2,SMALL,0.5,3.8e-05,1.9e-05,c
exo,ChooseHints,durbin,3,SMALL,0.6785714285714286,2.8e-05,1.9e-05,c
exo,ChooseHints,durbin,4,SMALL,0.0021398002853067043,0.008879333333333335,1.9e-05,c
exo,FromPlan,durbin,2,SMALL,0.7125000000000001,2.6666666666666663e-05,1.9e-05,c
exo,FromPlan,durbin,5,SMALL,0.9500000000000002,1.9999999999999998e-05,1.9e-05,c
exo,Naive,durbin,3,SMALL,0.8260869565217391,2.3e-05,1.9e-05,c
exo,Naive,durbin,4,SMALL,1.2391304347826086,1.5333333333333334e-05,1.9e-05,c
exo,standard,durbin,1,SMALL,0.8260869565217391,2.3e-05,1.9e-05,c
exo,standard,durbin,2,SMALL,0.8382352941176471,2.2666666666666668e-05,1.9e-05,c
exo,standard,durbin,3,SMALL,0.8260869565217391,2.3e-05,1.9e-05,c
exo,standard,durbin,4,SMALL,0.8382352941176471,2.2666666666666668e-05,1.9e-05,c
exo,standard,durbin,5,SMALL,0.8382352941176471,2.2666666666666668e-05,1.9e-05,c
halide,FromPlan,durbin,3,SMALL,0.03431667670078266,0.0005536666666666667,1.9e-05,c
halide,standard,durbin,4,SMALL,0.08309037900874637,0.00022866666666666665,1.9e-05,c
noarr,AllHints,durbin,1,SMALL,1.4615384615384617,1.3e-05,1.9e-05,c
noarr,AllHints,durbin,2,SMALL,0.7125000000000001,2.6666666666666663e-05,1.9e-05,c
noarr,AllHints,durbin,3,SMALL,1.4615384615384617,1.3e-05,1.9e-05,c
noarr,AllHints,durbin,4,SMALL,2.111111111111111,9e-06,1.9e-05,c
noarr,AllHints,durbin,5,SMALL,1.4615384615384617,1.3e-05,1.9e-05,c
noarr,ChooseHints,durbin,1,SMALL,0.8906250000000001,2.133333333333333e-05,1.9e-05,c
noarr,ChooseHints,durbin,2,SMALL,1.4615384615384617,1.3e-05,1.9e-05,c
noarr,ChooseHints,durbin,3,SMALL,1.3571428571428572,1.4e-05,1.9e-05,c
noarr,ChooseHints,durbin,4,SMALL,1.3571428571428572,1.4e-05,1.9e-05,c
noarr,ChooseHints,durbin,5,SMALL,1.1875000000000002,1.6e-05,1.9e-05,c
noarr,FromPlan,durbin,1,SMALL,1.1400000000000003,1.6666666666666664e-05,1.9e-05,c
noarr,FromPlan,durbin,2,SMALL,1.4615384615384617,1.3e-05,1.9e-05,c
noarr,FromPlan,durbin,3,SMALL,1.4615384615384617,1.3e-05,1.9e-05,c
noarr,FromPlan,durbin,4,SMALL,1.4615384615384617,1.3e-05,1.9e-05,c
noarr,FromPlan,durbin,5,SMALL,1.4615384615384617,1.3e-05,1.9e-05,c
noarr,Naive,durbin,1,SMALL,1.3571428571428572,1.4e-05,1.9e-05,c
noarr,Naive,durbin,2,SMALL,1.1176470588235294,1.7e-05,1.9e-05,c
noarr,Naive,durbin,3,SMALL,1.4615384615384617,1.3e-05,1.9e-05,c
noarr,Naive,durbin,4,SMALL,1.4615384615384617,1.3e-05,1.9e-05,c
noarr,Naive,durbin,5,SMALL,1.4615384615384617,1.3e-05,1.9e-05,c
noarr,standard,durbin,1,SMALL,1.1176470588235294,1.7e-05,1.9e-05,c
noarr,standard,durbin,2,SMALL,1.1176470588235294,1.7e-05,1.9e-05,c
noarr,standard,durbin,3,SMALL,1.1176470588235294,1.7e-05,1.9e-05,c
noarr,standard,durbin,5,SMALL,1.1176470588235294,1.7e-05,1.9e-05,c
c,AllHints,fdtd-2d,1,SMALL,0.15943919139224,0.002044666666666667,0.00032600000000000006,c
c,AllHints,fdtd-2d,2,SMALL,0.15418571653791585,0.002114333333333333,0.00032600000000000006,c
c,AllHints,fdtd-2d,4,SMALL,0.15491842230318395,0.002104333333333333,0.00032600000000000006,c
c,ChooseHints,fdtd-2d,2,SMALL,0.1576910673976137,0.0020673333333333333,0.00032600000000000006,c
c,ChooseHints,fdtd-2d,3,SMALL,0.15910200097608593,0.002049,0.00032600000000000006,c
c,ChooseHints,fdtd-2d,5,SMALL,0.16030158990329457,0.0020336666666666667,0.00032600000000000006,c
c,FromPlan,fdtd-2d,1,SMALL,0.9928934010152287,0.0003283333333333333,0.00032600000000000006,c
c,FromPlan,fdtd-2d,2,SMALL,0.8639575971731451,0.0003773333333333333,0.00032600000000000006,c
c,FromPlan,fdtd-2d,3,SMALL,0.9080779944289695,0.000359,0.00032600000000000006,c
c,FromPlan,fdtd-2d,5,SMALL,0.8956043956043958,0.000364,0.00032600000000000006,c
c,Naive,fdtd-2d,1,SMALL,1.1740696278511407,0.0002776666666666667,0.00032600000000000006,c
c,Naive,fdtd-2d,2,SMALL,1.0082474226804128,0.0003233333333333333,0.00032600000000000006,c
c,Naive,fdtd-2d,3,SMALL,1.1385331781140862,0.00028633333333333337,0.00032600000000000006,c
c,Naive,fdtd-2d,4,SMALL,1.034920634920635,0.000315,0.00032600000000000006,c
c,Naive,fdtd-2d,5,SMALL,0.64257555847569,0.0005073333333333333,0.00032600000000000006,c
c,standard,fdtd-2d,1,SMALL,1.0,0.00032600000000000006,0.00032600000000000006,c
exo,AllHints,fdtd-2d,3,SMALL,0.058841224956380486,0.005540333333333334,0.00032600000000000006,c
exo,AllHints,fdtd-2d,4,SMALL,0.06049359807014289,0.0053890000000000006,0.00032600000000000006,c
exo,AllHints,fdtd-2d,5,SMALL,0.07625730994152048,0.004275,0.00032600000000000006,c
exo,ChooseHints,fdtd-2d,4,SMALL,0.060504825538233116,0.005388,0.00032600000000000006,c
exo,FromPlan,fdtd-2d,2,SMALL,0.6396337475474168,0.0005096666666666666,0.00032600000000000006,c
exo,FromPlan,fdtd-2d,4,SMALL,0.6528704939919895,0.0004993333333333333,0.00032600000000000006,c
exo,Naive,fdtd-2d,1,SMALL,0.05961233694989639,0.005468666666666667,0.00032600000000000006,c
exo,Naive,fdtd-2d,2,SMALL,0.07591399518745635,0.004294333333333333,0.00032600000000000006,c
exo,Naive,fdtd-2d,3,SMALL,0.5824895771292438,0.0005596666666666666,0.00032600000000000006,c
exo,standard,fdtd-2d,1,SMALL,0.8184100418410042,0.0003983333333333334,0.00032600000000000006,c
exo,standard,fdtd-2d,2,SMALL,0.8218487394957984,0.0003966666666666667,0.00032600000000000006,c
exo,standard,fdtd-2d,3,SMALL,0.8143213988343049,0.0004003333333333333,0.00032600000000000006,c
exo,standard,fdtd-2d,4,SMALL,0.8330494037478706,0.0003913333333333334,0.00032600000000000006,c
exo,standard,fdtd-2d,5,SMALL,0.8344709897610922,0.0003906666666666667,0.00032600000000000006,c
halide,AllHints,fdtd-2d,1,SMALL,0.16717948717948725,0.0019499999999999997,0.00032600000000000006,c
halide,AllHints,fdtd-2d,5,SMALL,0.009789397821909036,0.03330133333333333,0.00032600000000000006,c
halide,ChooseHints,fdtd-2d,1,SMALL,0.0060106199911500085,0.05423733333333333,0.00032600000000000006,c
halide,ChooseHints,fdtd-2d,5,SMALL,0.003935724547572769,0.082831,0.00032600000000000006,c
halide,FromPlan,fdtd-2d,4,SMALL,0.004532667182655365,0.07192233333333332,0.00032600000000000006,c
halide,FromPlan,fdtd-2d,5,SMALL,0.27016574585635367,0.0012066666666666667,0.00032600000000000006,c
halide,Naive,fdtd-2d,1,SMALL,0.004201861192503675,0.07758466666666666,0.00032600000000000006,c
halide,Naive,fdtd-2d,5,SMALL,0.009190001879345988,0.035473333333333336,0.00032600000000000006,c
halide,standard,fdtd-2d,1,SMALL,0.18498203139776814,0.0017623333333333334,0.00032600000000000006,c
halide,standard,fdtd-2d,3,SMALL,0.2604527296937417,0.0012516666666666666,0.00032600000000000006,c
halide,standard,fdtd-2d,5,SMALL,0.24974463738508684,0.0013053333333333335,0.00032600000000000006,c
noarr,AllHints,fdtd-2d,1,SMALL,0.08613704421349305,0.0037846666666666666,0.00032600000000000006,c
noarr,AllHints,fdtd-2d,4,SMALL,0.05253545337344221,0.0062053333333333335,0.00032600000000000006,c
noarr,AllHints,fdtd-2d,5,SMALL,1.1164383561643838,0.000292,0.00032600000000000006,c
noarr,ChooseHints,fdtd-2d,1,SMALL,0.11368127397419509,0.0028676666666666664,0.00032600000000000006,c
noarr,ChooseHints,fdtd-2d,3,SMALL,0.03929131011208871,0.008297,0.00032600000000000006,c
noarr,ChooseHints,fdtd-2d,5,SMALL,0.0660364618501013,0.0049366666666666665,0.00032600000000000006,c
noarr,FromPlan,fdtd-2d,2,SMALL,0.9114631873252563,0.0003576666666666667,0.00032600000000000006,c
noarr,FromPlan,fdtd-2d,3,SMALL,1.13986013986014,0.000286,0.00032600000000000006,c
noarr,FromPlan,fdtd-2d,5,SMALL,0.9421965317919077,0.000346,0.00032600000000000006,c
noarr,Naive,fdtd-2d,1,SMALL,1.084257206208426,0.0003006666666666667,0.00032600000000000006,c
noarr,Naive,fdtd-2d,2,SMALL,1.0915178571428574,0.00029866666666666664,0.00032600000000000006,c
noarr,Naive,fdtd-2d,3,SMALL,1.0915178571428574,0.00029866666666666664,0.00032600000000000006,c
noarr,Naive,fdtd-2d,4,SMALL,0.5705950991831973,0.0005713333333333333,0.00032600000000000006,c
noarr,standard,fdtd-2d,1,SMALL,1.092737430167598,0.00029833333333333334,0.00032600000000000006,c
noarr,standard,fdtd-2d,2,SMALL,1.1075877689694227,0.0002943333333333333,0.00032600000000000006,c
noarr,standard,fdtd-2d,3,SMALL,1.1075877689694227,0.00029433333333333335,0.00032600000000000006,c
noarr,standard,fdtd-2d,4,SMALL,0.9989785495403474,0.00032633333333333337,0.00032600000000000006,c
noarr,standard,fdtd-2d,5,SMALL,1.1241379310344832,0.00028999999999999995,0.00032600000000000006,c
c,AllHints,gemver,1,SMALL,0.4649532710280374,0.00014266666666666667,6.633333333333334e-05,c
c,AllHints,gemver,2,SMALL,0.25512820512820517,0.00026,6.633333333333334e-05,c
c,AllHints,gemver,3,SMALL,0.8257261410788381,8.033333333333334e-05,6.633333333333334e-05,c
c,AllHints,gemver,4,SMALL,0.708185053380783,9.366666666666666e-05,6.633333333333334e-05,c
c,AllHints,gemver,5,SMALL,0.3114241001564945,0.000213,6.633333333333334e-05,c
c,ChooseHints,gemver,1,SMALL,0.667785234899329,9.933333333333333e-05,6.633333333333334e-05,c
c,ChooseHints,gemver,2,SMALL,0.3466898954703833,0.0001913333333333333,6.633333333333334e-05,c
c,ChooseHints,gemver,3,SMALL,0.49625935162094764,0.00013366666666666667,6.633333333333334e-05,c
c,ChooseHints,gemver,4,SMALL,0.6745762711864407,9.833333333333334e-05,6.633333333333334e-05,c
c,ChooseHints,gemver,5,SMALL,0.683848797250859,9.700000000000001e-05,6.633333333333334e-05,c
c,FromPlan,gemver,1,SMALL,1.6178861788617886,4.1e-05,6.633333333333334e-05,c
c,FromPlan,gemver,2,SMALL,1.700854700854701,3.9e-05,6.633333333333334e-05,c
c,FromPlan,gemver,3,SMALL,1.4525547445255476,4.566666666666667e-05,6.633333333333334e-05,c
c,FromPlan,gemver,4,SMALL,1.4316546762589928,4.633333333333334e-05,6.633333333333334e-05,c
c,Naive,gemver,1,SMALL,1.474074074074074,4.5e-05,6.633333333333334e-05,c
c,Naive,gemver,2,SMALL,1.4962406015037593,4.433333333333334e-05,6.633333333333334e-05,c
c,Naive,gemver,3,SMALL,1.592,4.1666666666666665e-05,6.633333333333334e-05,c
c,Naive,gemver,4,SMALL,1.4850746268656716,4.466666666666667e-05,6.633333333333334e-05,c
c,Naive,gemver,5,SMALL,1.335570469798658,4.966666666666666e-05,6.633333333333334e-05,c
c,standard,gemver,1,SMALL,1.0,6.633333333333334e-05,6.633333333333334e-05,c
exo,AllHints,gemver,1,SMALL,1.0934065934065935,6.0666666666666666e-05,6.633333333333334e-05,c
exo,AllHints,gemver,2,SMALL,0.6885813148788928,9.633333333333332e-05,6.633333333333334e-05,c
exo,AllHints,gemver,3,SMALL,0.5621468926553673,0.000118,6.633333333333334e-05,c
exo,AllHints,gemver,4,SMALL,0.6722972972972974,9.866666666666666e-05,6.633333333333334e-05,c
exo,AllHints,gemver,5,SMALL,0.4704491725768322,0.00014099999999999998,6.633333333333334e-05,c
exo,ChooseHints,gemver,1,SMALL,1.0585106382978724,6.266666666666667e-05,6.633333333333334e-05,c
exo,ChooseHints,gemver,2,SMALL,0.5818713450292399,0.00011399999999999999,6.633333333333334e-05,c
exo,FromPlan,gemver,1,SMALL,0.8089430894308943,8.2e-05,6.633333333333334e-05,c
exo,FromPlan,gemver,2,SMALL,0.021668118466898957,0.003061333333333333,6.633333333333334e-05,c
exo,Naive,gemver,5,SMALL,0.5605633802816902,0.00011833333333333334,6.633333333333334e-05,c
exo,standard,gemver,1,SMALL,0.9386792452830188,7.066666666666667e-05,6.633333333333334e-05,c
exo,standard,gemver,2,SMALL,0.9255813953488372,7.166666666666667e-05,6.633333333333334e-05,c
exo,standard,gemver,3,SMALL,0.8577586206896552,7.733333333333333e-05,6.633333333333334e-05,c
exo,standard,gemver,4,SMALL,0.8766519823788548,7.566666666666666e-05,6.633333333333334e-05,c
exo,standard,gemver,5,SMALL,0.9342723004694836,7.1e-05,6.633333333333334e-05,c
halide,standard,gemver,1,SMALL,0.022219740955783832,0.0029853333333333333,6.633333333333334e-05,c
halide,standard,gemver,4,SMALL,0.6885813148788928,9.633333333333332e-05,6.633333333333334e-05,c
noarr,AllHints,gemver,1,SMALL,1.792792792792793,3.7e-05,6.633333333333334e-05,c
noarr,AllHints,gemver,2,SMALL,0.028522287516124414,0.0023256666666666664,6.633333333333334e-05,c
noarr,AllHints,gemver,3,SMALL,0.0281232334652346,0.0023586666666666665,6.633333333333334e-05,c
noarr,AllHints,gemver,4,SMALL,1.1502890173410405,5.766666666666667e-05,6.633333333333334e-05,c
noarr,AllHints,gemver,5,SMALL,0.022608498068620766,0.0029340000000000004,6.633333333333334e-05,c
noarr,ChooseHints,gemver,1,SMALL,1.6178861788617886,4.1e-05,6.633333333333334e-05,c
noarr,ChooseHints,gemver,2,SMALL,1.7456140350877194,3.8e-05,6.633333333333334e-05,c
noarr,ChooseHints,gemver,3,SMALL,0.02788286394843772,0.002379,6.633333333333334e-05,c
noarr,ChooseHints,gemver,4,SMALL,1.6048387096774195,4.133333333333333e-05,6.633333333333334e-05,c
noarr,ChooseHints,gemver,5,SMALL,1.2283950617283954,5.399999999999999e-05,6.633333333333334e-05,c
noarr,FromPlan,gemver,1,SMALL,1.2208588957055215,5.433333333333334e-05,6.633333333333334e-05,c
noarr,FromPlan,gemver,2,SMALL,1.5793650793650795,4.2e-05,6.633333333333334e-05,c
noarr,FromPlan,gemver,3,SMALL,1.7155172413793105,3.866666666666667e-05,6.633333333333334e-05,c
noarr,FromPlan,gemver,4,SMALL,1.592,4.1666666666666665e-05,6.633333333333334e-05,c
noarr,Naive,gemver,1,SMALL,1.7155172413793105,3.866666666666667e-05,6.633333333333334e-05,c
noarr,Naive,gemver,2,SMALL,2.456790123456791,2.6999999999999996e-05,6.633333333333334e-05,c
noarr,Naive,gemver,3,SMALL,1.7767857142857146,3.733333333333333e-05,6.633333333333334e-05,c
noarr,Naive,gemver,4,SMALL,1.792792792792793,3.7e-05,6.633333333333334e-05,c
noarr,Naive,gemver,5,SMALL,1.7456140350877194,3.8e-05,6.633333333333334e-05,c
noarr,standard,gemver,1,SMALL,1.1637426900584795,5.7e-05,6.633333333333334e-05,c
noarr,standard,gemver,2,SMALL,1.1705882352941177,5.666666666666667e-05,6.633333333333334e-05,c
noarr,standard,gemver,3,SMALL,1.1637426900584795,5.7e-05,6.633333333333334e-05,c
noarr,standard,gemver,5,SMALL,1.1775147928994083,5.633333333333333e-05,6.633333333333334e-05,c
c,AllHints,gesummv,1,SMALL,1.4000000000000001,2.1666666666666664e-05,3.0333333333333333e-05,c
c,AllHints,gesummv,2,SMALL,1.4000000000000001,2.1666666666666664e-05,3.0333333333333333e-05,c
c,AllHints,gesummv,3,SMALL,0.7583333333333333,4e-05,3.0333333333333333e-05,c
c,AllHints,gesummv,4,SMALL,1.467741935483871,2.0666666666666666e-05,3.0333333333333333e-05,c
c,AllHints,gesummv,5,SMALL,0.7165354330708662,4.233333333333333e-05,3.0333333333333333e-05,c
c,ChooseHints,gesummv,1,SMALL,0.7398373983739838,4.1e-05,3.0333333333333333e-05,c
c,ChooseHints,gesummv,2,SMALL,0.7459016393442622,4.066666666666667e-05,3.0333333333333333e-05,c
c,ChooseHints,gesummv,3,SMALL,0.7109375000000001,4.266666666666666e-05,3.0333333333333333e-05,c
c,ChooseHints,gesummv,4,SMALL,1.4444444444444444,2.1e-05,3.0333333333333333e-05,c
c,ChooseHints,gesummv,5,SMALL,0.7398373983739838,4.1e-05,3.0333333333333333e-05,c
c,FromPlan,gesummv,1,SMALL,0.7982456140350876,3.8e-05,3.0333333333333333e-05,c
c,FromPlan,gesummv,2,SMALL,0.7711864406779662,3.933333333333333e-05,3.0333333333333333e-05,c
c,FromPlan,gesummv,3,SMALL,1.6851851851851851,1.8e-05,3.0333333333333333e-05,c
c,FromPlan,gesummv,4,SMALL,0.7844827586206896,3.866666666666667e-05,3.0333333333333333e-05,c
c,FromPlan,gesummv,5,SMALL,0.7982456140350876,3.8e-05,3.0333333333333333e-05,c
c,Naive,gesummv,1,SMALL,0.7459016393442622,4.066666666666667e-05,3.0333333333333333e-05,c
c,Naive,gesummv,2,SMALL,2.219512195121951,1.3666666666666667e-05,3.0333333333333333e-05,c
c,Naive,gesummv,3,SMALL,2.1162790697674416,1.4333333333333334e-05,3.0333333333333333e-05,c
c,Naive,gesummv,4,SMALL,2.1666666666666665,1.4e-05,3.0333333333333333e-05,c
c,Naive,gesummv,5,SMALL,0.7711864406779662,3.933333333333333e-05,3.0333333333333333e-05,c
c,standard,gesummv,1,SMALL,1.0,3.0333333333333333e-05,3.0333333333333333e-05,c
exo,AllHints,gesummv,2,SMALL,0.7520661157024793,4.0333333333333336e-05,3.0333333333333333e-05,c
exo,AllHints,gesummv,3,SMALL,0.7777777777777778,3.9e-05,3.0333333333333333e-05,c
exo,AllHints,gesummv,4,SMALL,0.7398373983739838,4.1e-05,3.0333333333333333e-05,c
exo,AllHints,gesummv,5,SMALL,0.7777777777777778,3.9e-05,3.0333333333333333e-05,c
exo,ChooseHints,gesummv,1,SMALL,0.7459016393442622,4.066666666666667e-05,3.0333333333333333e-05,c
exo,ChooseHints,gesummv,3,SMALL,0.7165354330708662,4.233333333333333e-05,3.0333333333333333e-05,c
exo,ChooseHints,gesummv,4,SMALL,0.728,4.1666666666666665e-05,3.0333333333333333e-05,c
exo,ChooseHints,gesummv,5,SMALL,0.7844827586206896,3.866666666666667e-05,3.0333333333333333e-05,c
exo,FromPlan,gesummv,2,SMALL,0.5449101796407185,5.566666666666667e-05,3.0333333333333333e-05,c
exo,FromPlan,gesummv,3,SMALL,1.5423728813559323,1.9666666666666666e-05,3.0333333333333333e-05,c
exo,FromPlan,gesummv,5,SMALL,0.5909090909090909,5.133333333333333e-05,3.0333333333333333e-05,c
exo,Naive,gesummv,1,SMALL,0.7583333333333333,4e-05,3.0333333333333333e-05,c
exo,Naive,gesummv,2,SMALL,0.6026490066225166,5.033333333333333e-05,3.0333333333333333e-05,c
exo,Naive,gesummv,3,SMALL,0.21311475409836064,0.00014233333333333334,3.0333333333333333e-05,c
exo,Naive,gesummv,4,SMALL,0.21563981042654032,0.00014066666666666665,3.0333333333333333e-05,c
exo,Naive,gesummv,5,SMALL,0.9680851063829787,3.1333333333333334e-05,3.0333333333333333e-05,c
exo,standard,gesummv,1,SMALL,1.0,3.0333333333333333e-05,3.0333333333333333e-05,c
exo,standard,gesummv,2,SMALL,0.9891304347826086,3.066666666666667e-05,3.0333333333333333e-05,c
exo,standard,gesummv,3,SMALL,0.9891304347826086,3.066666666666667e-05,3.0333333333333333e-05,c
exo,standard,gesummv,4,SMALL,0.9578947368421052,3.1666666666666666e-05,3.0333333333333333e-05,c
exo,standard,gesummv,5,SMALL,0.8425925925925926,3.6e-05,3.0333333333333333e-05,c
halide,FromPlan,gesummv,1,SMALL,0.01277910405841876,0.0023736666666666667,3.0333333333333333e-05,c
halide,Naive,gesummv,4,SMALL,0.011427853823935703,0.002654333333333333,3.0333333333333333e-05,c
halide,Naive,gesummv,5,SMALL,0.08183453237410072,0.00037066666666666666,3.0333333333333333e-05,c
halide,standard,gesummv,1,SMALL,0.6066666666666667,5e-05,3.0333333333333333e-05,c
halide,standard,gesummv,2,SMALL,0.6148648648648648,4.933333333333334e-05,3.0333333333333333e-05,c
halide,standard,gesummv,3,SMALL,0.6275862068965518,4.8333333333333334e-05,3.0333333333333333e-05,c
halide,standard,gesummv,4,SMALL,0.6066666666666667,5e-05,3.0333333333333333e-05,c
halide,standard,gesummv,5,SMALL,0.610738255033557,4.966666666666666e-05,3.0333333333333333e-05,c
noarr,AllHints,gesummv,1,SMALL,2.935483870967742,1.0333333333333333e-05,3.0333333333333333e-05,c
noarr,AllHints,gesummv,2,SMALL,0.7913043478260869,3.8333333333333334e-05,3.0333333333333333e-05,c
noarr,AllHints,gesummv,3,SMALL,3.033333333333333,1e-05,3.0333333333333333e-05,c
noarr,AllHints,gesummv,4,SMALL,3.033333333333333,1e-05,3.0333333333333333e-05,c
noarr,AllHints,gesummv,5,SMALL,0.013394171327642038,0.0022646666666666666,3.0333333333333333e-05,c
noarr,ChooseHints,gesummv,1,SMALL,0.013131313131313131,0.00231,3.0333333333333333e-05,c
noarr,ChooseHints,gesummv,2,SMALL,3.033333333333333,1e-05,3.0333333333333333e-05,c
noarr,ChooseHints,gesummv,3,SMALL,0.013074712643678158,0.0023200000000000004,3.0333333333333333e-05,c
noarr,ChooseHints,gesummv,4,SMALL,0.013155992482290012,0.0023056666666666664,3.0333333333333333e-05,c
noarr,ChooseHints,gesummv,5,SMALL,2.935483870967742,1.0333333333333333e-05,3.0333333333333333e-05,c
noarr,FromPlan,gesummv,1,SMALL,1.8958333333333335,1.6e-05,3.0333333333333333e-05,c
noarr,FromPlan,gesummv,3,SMALL,0.9191919191919191,3.3e-05,3.0333333333333333e-05,c
noarr,FromPlan,gesummv,4,SMALL,3.033333333333333,1e-05,3.0333333333333333e-05,c
noarr,Naive,gesummv,1,SMALL,3.033333333333333,1e-05,3.0333333333333333e-05,c
noarr,Naive,gesummv,2,SMALL,3.033333333333333,1e-05,3.0333333333333333e-05,c
noarr,Naive,gesummv,3,SMALL,3.033333333333333,1e-05,3.0333333333333333e-05,c
noarr,Naive,gesummv,4,SMALL,3.033333333333333,1e-05,3.0333333333333333e-05,c
noarr,Naive,gesummv,5,SMALL,3.033333333333333,1e-05,3.0333333333333333e-05,c
noarr,standard,gesummv,1,SMALL,1.2133333333333334,2.5e-05,3.0333333333333333e-05,c
noarr,standard,gesummv,2,SMALL,1.2133333333333334,2.5e-05,3.0333333333333333e-05,c
noarr,standard,gesummv,3,SMALL,1.2133333333333334,2.5e-05,3.0333333333333333e-05,c
noarr,standard,gesummv,4,SMALL,1.2133333333333334,2.5e-05,3.0333333333333333e-05,c
noarr,standard,gesummv,5,SMALL,1.2133333333333334,2.5e-05,3.0333333333333333e-05,c
c,ChooseHints,gramschmidt,1,SMALL,2.036106750392465,0.00021233333333333334,0.00043233333333333334,c
c,ChooseHints,gramschmidt,4,SMALL,2.1871838111298483,0.00019766666666666666,0.00043233333333333334,c
c,Naive,gramschmidt,1,SMALL,2.7713675213675213,0.000156,0.00043233333333333334,c
c,standard,gramschmidt,1,SMALL,1.0,0.00043233333333333334,0.00043233333333333334,c
c,AllHints,jacobi-1d,1,SMALL,0.008767405879319238,0.0006463333333333333,5.666666666666667e-06,c
c,AllHints,jacobi-1d,2,SMALL,0.00846613545816733,0.0006693333333333334,5.666666666666667e-06,c
c,AllHints,jacobi-1d,4,SMALL,0.0513595166163142,0.00011033333333333334,5.666666666666667e-06,c
c,AllHints,jacobi-1d,5,SMALL,0.0083088954056696,0.000682,5.666666666666667e-06,c
c,ChooseHints,jacobi-1d,2,SMALL,0.008370260955194487,0.000677,5.666666666666667e-06,c
c,ChooseHints,jacobi-1d,3,SMALL,0.007940214852872489,0.0007136666666666667,5.666666666666667e-06,c
c,ChooseHints,jacobi-1d,4,SMALL,0.008272506082725062,0.000685,5.666666666666667e-06,c
c,ChooseHints,jacobi-1d,5,SMALL,0.008260447035957241,0.000686,5.666666666666667e-06,c
c,FromPlan,jacobi-1d,2,SMALL,0.008933263268523384,0.0006343333333333333,5.666666666666667e-06,c
c,FromPlan,jacobi-1d,3,SMALL,0.008248423095584668,0.000687,5.666666666666667e-06,c
c,FromPlan,jacobi-1d,4,SMALL,0.00800376647834275,0.000708,5.666666666666667e-06,c
c,FromPlan,jacobi-1d,5,SMALL,0.0081145584725537,0.0006983333333333334,5.666666666666667e-06,c
c,Naive,jacobi-1d,2,SMALL,0.5,1.1333333333333334e-05,5.666666666666667e-06,c
c,Naive,jacobi-1d,3,SMALL,1.1333333333333333,5e-06,5.666666666666667e-06,c
c,Naive,jacobi-1d,4,SMALL,1.1333333333333333,5e-06,5.666666666666667e-06,c
c,Naive,jacobi-1d,5,SMALL,1.1333333333333333,5e-06,5.666666666666667e-06,c
c,standard,jacobi-1d,1,SMALL,1.0,5.666666666666667e-06,5.666666666666667e-06,c
exo,AllHints,jacobi-1d,1,SMALL,0.002747252747252747,0.002062666666666667,5.666666666666667e-06,c
exo,AllHints,jacobi-1d,2,SMALL,0.0027044225262488073,0.002095333333333333,5.666666666666667e-06,c
exo,AllHints,jacobi-1d,3,SMALL,0.0027401676337846553,0.002068,5.666666666666667e-06,c
exo,AllHints,jacobi-1d,4,SMALL,0.0027191298784388996,0.002084,5.666666666666667e-06,c
exo,AllHints,jacobi-1d,5,SMALL,0.0027905449770190415,0.0020306666666666667,5.666666666666667e-06,c
exo,ChooseHints,jacobi-1d,1,SMALL,0.002783690846569511,0.0020356666666666665,5.666666666666667e-06,c
exo,ChooseHints,jacobi-1d,3,SMALL,0.0027678280690328883,0.0020473333333333333,5.666666666666667e-06,c
exo,ChooseHints,jacobi-1d,4,SMALL,0.0028385373184170986,0.001996333333333333,5.666666666666667e-06,c
exo,ChooseHints,jacobi-1d,5,SMALL,0.0027300465713826884,0.0020756666666666666,5.666666666666667e-06,c
exo,FromPlan,jacobi-1d,1,SMALL,0.0027130545802744976,0.0020886666666666666,5.666666666666667e-06,c
exo,FromPlan,jacobi-1d,4,SMALL,0.002874535001690903,0.001971333333333333,5.666666666666667e-06,c
exo,Naive,jacobi-1d,1,SMALL,0.00279467368074963,0.0020276666666666668,5.666666666666667e-06,c
exo,Naive,jacobi-1d,2,SMALL,0.002776416789155643,0.002041,5.666666666666667e-06,c
exo,Naive,jacobi-1d,5,SMALL,0.0027669270833333335,0.002048,5.666666666666667e-06,c
exo,standard,jacobi-1d,1,SMALL,1.0,5.666666666666667e-06,5.666666666666667e-06,c
exo,standard,jacobi-1d,2,SMALL,1.0624999999999998,5.3333333333333345e-06,5.666666666666667e-06,c
exo,standard,jacobi-1d,3,SMALL,0.9444444444444444,6e-06,5.666666666666667e-06,c
exo,standard,jacobi-1d,4,SMALL,1.0624999999999998,5.3333333333333345e-06,5.666666666666667e-06,c
exo,standard,jacobi-1d,5,SMALL,1.0,5.666666666666667e-06,5.666666666666667e-06,c
halide,ChooseHints,jacobi-1d,3,SMALL,0.004627109417528579,0.0012246666666666667,5.666666666666667e-06,c
halide,FromPlan,jacobi-1d,4,SMALL,0.008216529724504592,0.0006896666666666667,5.666666666666667e-06,c
halide,standard,jacobi-1d,2,SMALL,0.06827309236947791,8.3e-05,5.666666666666667e-06,c
halide,standard,jacobi-1d,5,SMALL,0.07522123893805309,7.533333333333334e-05,5.666666666666667e-06,c
noarr,AllHints,jacobi-1d,1,SMALL,0.0012576755197159133,0.0045056666666666665,5.666666666666667e-06,c
noarr,AllHints,jacobi-1d,2,SMALL,1.1333333333333333,5e-06,5.666666666666667e-06,c
noarr,AllHints,jacobi-1d,3,SMALL,1.3076923076923075,4.333333333333334e-06,5.666666666666667e-06,c
noarr,AllHints,jacobi-1d,4,SMALL,0.0026708562450903383,0.0021216666666666662,5.666666666666667e-06,c
noarr,AllHints,jacobi-1d,5,SMALL,1.1333333333333333,5e-06,5.666666666666667e-06,c
noarr,ChooseHints,jacobi-1d,1,SMALL,0.0012939564621708022,0.004379333333333333,5.666666666666667e-06,c
noarr,ChooseHints,jacobi-1d,2,SMALL,0.6296296296296297,9e-06,5.666666666666667e-06,c
noarr,ChooseHints,jacobi-1d,3,SMALL,0.001269130272489735,0.004465,5.666666666666667e-06,c
noarr,ChooseHints,jacobi-1d,4,SMALL,0.001275127512751275,0.004444,5.666666666666667e-06,c
noarr,ChooseHints,jacobi-1d,5,SMALL,0.0019114009444569375,0.0029646666666666662,5.666666666666667e-06,c
noarr,FromPlan,jacobi-1d,1,SMALL,0.13492063492063494,4.2e-05,5.666666666666667e-06,c
noarr,FromPlan,jacobi-1d,2,SMALL,1.1333333333333333,5e-06,5.666666666666667e-06,c
noarr,FromPlan,jacobi-1d,3,SMALL,0.0735930735930736,7.7e-05,5.666666666666667e-06,c
noarr,FromPlan,jacobi-1d,4,SMALL,0.21794871794871798,2.6e-05,5.666666666666667e-06,c
noarr,FromPlan,jacobi-1d,5,SMALL,0.04336734693877552,0.00013066666666666665,5.666666666666667e-06,c
noarr,Naive,jacobi-1d,1,SMALL,0.0027322404371584704,0.002074,5.666666666666667e-06,c
noarr,Naive,jacobi-1d,3,SMALL,0.0011374280744011775,0.004982,5.666666666666667e-06,c
noarr,Naive,jacobi-1d,4,SMALL,0.7083333333333334,8e-06,5.666666666666667e-06,c
noarr,Naive,jacobi-1d,5,SMALL,0.7083333333333334,8e-06,5.666666666666667e-06,c
noarr,standard,jacobi-1d,1,SMALL,1.4166666666666667,4e-06,5.666666666666667e-06,c
noarr,standard,jacobi-1d,2,SMALL,1.2142857142857142,4.666666666666667e-06,5.666666666666667e-06,c
noarr,standard,jacobi-1d,3,SMALL,1.2142857142857142,4.666666666666667e-06,5.666666666666667e-06,c
noarr,standard,jacobi-1d,4,SMALL,1.2142857142857142,4.666666666666667e-06,5.666666666666667e-06,c
noarr,standard,jacobi-1d,5,SMALL,1.2142857142857142,4.666666666666667e-06,5.666666666666667e-06,c
c,AllHints,jacobi-2d,1,SMALL,0.3000964320154291,0.0017283333333333335,0.0005186666666666667,c
c,AllHints,jacobi-2d,2,SMALL,0.5246122724207688,0.0009886666666666666,0.0005186666666666667,c
c,AllHints,jacobi-2d,3,SMALL,0.42328618063112083,0.0012253333333333333,0.0005186666666666667,c
c,AllHints,jacobi-2d,4,SMALL,1.2043343653250775,0.00043066666666666665,0.0005186666666666667,c
c,AllHints,jacobi-2d,5,SMALL,0.7959079283887468,0.0006516666666666667,0.0005186666666666667,c
c,ChooseHints,jacobi-2d,1,SMALL,0.32579564489112234,0.0015919999999999999,0.0005186666666666667,c
c,ChooseHints,jacobi-2d,2,SMALL,0.31619589514326363,0.0016403333333333333,0.0005186666666666667,c
c,ChooseHints,jacobi-2d,3,SMALL,0.32531883754965507,0.0015943333333333332,0.0005186666666666667,c
c,ChooseHints,jacobi-2d,4,SMALL,0.35005624296962884,0.0014816666666666667,0.0005186666666666667,c
c,ChooseHints,jacobi-2d,5,SMALL,0.3117611701061912,0.0016636666666666666,0.0005186666666666667,c
c,FromPlan,jacobi-2d,1,SMALL,0.8008234688625838,0.0006476666666666666,0.0005186666666666667,c
c,FromPlan,jacobi-2d,2,SMALL,0.9873096446700508,0.0005253333333333334,0.0005186666666666667,c
c,FromPlan,jacobi-2d,3,SMALL,0.28724386191618984,0.0018056666666666666,0.0005186666666666667,c
c,FromPlan,jacobi-2d,4,SMALL,0.956361401352182,0.0005423333333333334,0.0005186666666666667,c
c,FromPlan,jacobi-2d,5,SMALL,0.2170758928571429,0.002389333333333333,0.0005186666666666667,c
c,Naive,jacobi-2d,1,SMALL,0.9841872232764074,0.000527,0.0005186666666666667,c
c,Naive,jacobi-2d,2,SMALL,0.9300657501494322,0.0005576666666666667,0.0005186666666666667,c
c,Naive,jacobi-2d,3,SMALL,0.99807568954458,0.0005196666666666666,0.0005186666666666667,c
c,Naive,jacobi-2d,4,SMALL,0.3202964182791272,0.0016193333333333335,0.0005186666666666667,c
c,standard,jacobi-2d,1,SMALL,1.0,0.0005186666666666667,0.0005186666666666667,c
exo,AllHints,jacobi-2d,2,SMALL,0.1634453781512605,0.0031733333333333336,0.0005186666666666667,c
exo,AllHints,jacobi-2d,3,SMALL,0.27895302975977054,0.0018593333333333333,0.0005186666666666667,c
exo,ChooseHints,jacobi-2d,1,SMALL,0.15858132898491645,0.0032706666666666665,0.0005186666666666667,c
exo,ChooseHints,jacobi-2d,2,SMALL,0.1550572994519183,0.0033450000000000003,0.0005186666666666667,c
exo,ChooseHints,jacobi-2d,4,SMALL,0.2758865248226951,0.00188,0.0005186666666666667,c
exo,Naive,jacobi-2d,3,SMALL,0.17306195083972864,0.002997,0.0005186666666666667,c
exo,standard,jacobi-2d,1,SMALL,0.9328537170263791,0.000556,0.0005186666666666667,c
exo,standard,jacobi-2d,2,SMALL,0.9430303030303031,0.00055,0.0005186666666666667,c
exo,standard,jacobi-2d,3,SMALL,0.9413188142770722,0.000551,0.0005186666666666667,c
exo,standard,jacobi-2d,4,SMALL,0.8741573033707867,0.0005933333333333333,0.0005186666666666667,c
exo,standard,jacobi-2d,5,SMALL,0.9311789347695992,0.000557,0.0005186666666666667,c
halide,AllHints,jacobi-2d,2,SMALL,0.4870109546165885,0.001065,0.0005186666666666667,c
halide,ChooseHints,jacobi-2d,1,SMALL,0.3841975308641976,0.0013499999999999999,0.0005186666666666667,c
halide,FromPlan,jacobi-2d,3,SMALL,0.44444444444444453,0.0011669999999999999,0.0005186666666666667,c
halide,FromPlan,jacobi-2d,4,SMALL,0.07920993687639992,0.006548000000000001,0.0005186666666666667,c
halide,FromPlan,jacobi-2d,5,SMALL,0.3022533022533023,0.0017159999999999999,0.0005186666666666667,c
halide,Naive,jacobi-2d,1,SMALL,0.3947234906139016,0.001314,0.0005186666666666667,c
halide,Naive,jacobi-2d,3,SMALL,0.3964331210191084,0.0013083333333333332,0.0005186666666666667,c
halide,Naive,jacobi-2d,4,SMALL,0.48961611076148526,0.0010593333333333334,0.0005186666666666667,c
halide,standard,jacobi-2d,3,SMALL,0.21961891319689486,0.002361666666666667,0.0005186666666666667,c
halide,standard,jacobi-2d,4,SMALL,0.4632331050908009,0.0011196666666666666,0.0005186666666666667,c
halide,standard,jacobi-2d,5,SMALL,0.2184166198764739,0.002374666666666667,0.0005186666666666667,c
noarr,AllHints,jacobi-2d,1,SMALL,0.09183733695331407,0.005647666666666666,0.0005186666666666667,c
noarr,AllHints,jacobi-2d,2,SMALL,0.15416625383929458,0.0033643333333333333,0.0005186666666666667,c
noarr,AllHints,jacobi-2d,3,SMALL,0.15501095835823872,0.003346,0.0005186666666666667,c
noarr,AllHints,jacobi-2d,4,SMALL,0.09092502775667623,0.005704333333333333,0.0005186666666666667,c
noarr,AllHints,jacobi-2d,5,SMALL,0.09095691822061146,0.0057023333333333336,0.0005186666666666667,c
noarr,ChooseHints,jacobi-2d,1,SMALL,1.2902155887230515,0.000402,0.0005186666666666667,c
noarr,ChooseHints,jacobi-2d,2,SMALL,0.09320714028992454,0.0055646666666666665,0.0005186666666666667,c
noarr,ChooseHints,jacobi-2d,3,SMALL,1.30976430976431,0.00039600000000000003,0.0005186666666666667,c
noarr,ChooseHints,jacobi-2d,4,SMALL,0.156570738579191,0.003312666666666667,0.0005186666666666667,c
noarr,ChooseHints,jacobi-2d,5,SMALL,0.15892145848227965,0.003263666666666667,0.0005186666666666667,c
noarr,FromPlan,jacobi-2d,1,SMALL,1.0243581303489138,0.0005063333333333334,0.0005186666666666667,c
noarr,FromPlan,jacobi-2d,2,SMALL,1.0136807817589577,0.0005116666666666667,0.0005186666666666667,c
noarr,FromPlan,jacobi-2d,3,SMALL,1.0760719225449518,0.000482,0.0005186666666666667,c
noarr,FromPlan,jacobi-2d,4,SMALL,1.0768166089965399,0.0004816666666666667,0.0005186666666666667,c
noarr,FromPlan,jacobi-2d,5,SMALL,1.0708878183069512,0.0004843333333333333,0.0005186666666666667,c
noarr,Naive,jacobi-2d,1,SMALL,0.1558805850530956,0.003327333333333333,0.0005186666666666667,c
noarr,Naive,jacobi-2d,2,SMALL,1.164670658682635,0.00044533333333333333,0.0005186666666666667,c
noarr,Naive,jacobi-2d,3,SMALL,0.15769737508867945,0.0032890000000000003,0.0005186666666666667,c
noarr,Naive,jacobi-2d,5,SMALL,0.6615646258503403,0.000784,0.0005186666666666667,c
noarr,standard,jacobi-2d,1,SMALL,1.3197625106022055,0.00039299999999999996,0.0005186666666666667,c
noarr,standard,jacobi-2d,2,SMALL,1.275409836065574,0.00040666666666666667,0.0005186666666666667,c
noarr,standard,jacobi-2d,3,SMALL,1.3649122807017546,0.00037999999999999997,0.0005186666666666667,c
noarr,standard,jacobi-2d,4,SMALL,1.2966666666666669,0.0004,0.0005186666666666667,c
noarr,standard,jacobi-2d,5,SMALL,1.3220050977060325,0.00039233333333333335,0.0005186666666666667,c
c,AllHints,lu,1,SMALL,1.4039615846338536,0.0005553333333333334,0.0007796666666666667,c
c,AllHints,lu,2,SMALL,1.4124396135265702,0.000552,0.0007796666666666667,c
c,AllHints,lu,3,SMALL,0.18358056667451536,0.004247,0.0007796666666666667,c
c,AllHints,lu,4,SMALL,1.4420468557336623,0.0005406666666666666,0.0007796666666666667,c
c,AllHints,lu,5,SMALL,1.4402709359605912,0.0005413333333333333,0.0007796666666666667,c
c,ChooseHints,lu,1,SMALL,1.3373356203544882,0.0005830000000000001,0.0007796666666666667,c
c,ChooseHints,lu,2,SMALL,1.419296116504854,0.0005493333333333334,0.0007796666666666667,c
c,ChooseHints,lu,3,SMALL,1.3766921718658036,0.0005663333333333333,0.0007796666666666667,c
c,ChooseHints,lu,4,SMALL,1.4064942874323512,0.0005543333333333333,0.0007796666666666667,c
c,ChooseHints,lu,5,SMALL,0.19676958021367882,0.003962333333333333,0.0007796666666666667,c
c,FromPlan,lu,1,SMALL,1.276050190943808,0.000611,0.0007796666666666667,c
c,FromPlan,lu,2,SMALL,0.24364583333333334,0.0032,0.0007796666666666667,c
c,FromPlan,lu,3,SMALL,1.4014379868184543,0.0005563333333333333,0.0007796666666666667,c
c,FromPlan,lu,4,SMALL,1.1175346392737697,0.0006976666666666666,0.0007796666666666667,c
c,FromPlan,lu,5,SMALL,2.610491071428571,0.0002986666666666667,0.0007796666666666667,c
c,Naive,lu,1,SMALL,1.4192961165048545,0.0005493333333333333,0.0007796666666666667,c
c,Naive,lu,2,SMALL,1.413293051359517,0.0005516666666666666,0.0007796666666666667,c
c,Naive,lu,3,SMALL,1.3980872683801553,0.0005576666666666667,0.0007796666666666667,c
c,Naive,lu,4,SMALL,1.4124396135265702,0.000552,0.0007796666666666667,c
c,Naive,lu,5,SMALL,1.38895486935867,0.0005613333333333333,0.0007796666666666667,c
c,standard,lu,1,SMALL,1.0,0.0007796666666666667,0.0007796666666666667,c
exo,AllHints,lu,1,SMALL,0.19688552188552186,0.003960000000000001,0.0007796666666666667,c
exo,AllHints,lu,2,SMALL,0.18674650698602796,0.004175,0.0007796666666666667,c
exo,AllHints,lu,3,SMALL,0.18428931610463287,0.004230666666666666,0.0007796666666666667,c
exo,AllHints,lu,4,SMALL,0.005079140346267516,0.15350366666666668,0.0007796666666666667,c
exo,AllHints,lu,5,SMALL,0.7918077183480027,0.0009846666666666667,0.0007796666666666667,c
exo,ChooseHints,lu,1,SMALL,1.1843037974683543,0.0006583333333333334,0.0007796666666666667,c
exo,ChooseHints,lu,2,SMALL,0.19653810604150918,0.003966999999999999,0.0007796666666666667,c
exo,ChooseHints,lu,3,SMALL,1.0231846019247595,0.000762,0.0007796666666666667,c
exo,FromPlan,lu,3,SMALL,1.038632326820604,0.0007506666666666667,0.0007796666666666667,c
exo,Naive,lu,1,SMALL,1.152216748768473,0.0006766666666666667,0.0007796666666666667,c
exo,Naive,lu,2,SMALL,1.2278215223097113,0.000635,0.0007796666666666667,c
exo,Naive,lu,3,SMALL,1.1420898437499998,0.0006826666666666668,0.0007796666666666667,c
exo,Naive,lu,4,SMALL,0.18707510197552588,0.004167666666666667,0.0007796666666666667,c
exo,Naive,lu,5,SMALL,1.1843037974683543,0.0006583333333333334,0.0007796666666666667,c
exo,standard,lu,1,SMALL,0.9477309562398705,0.0008226666666666665,0.0007796666666666667,c
exo,standard,lu,2,SMALL,0.9267036450079239,0.0008413333333333334,0.0007796666666666667,c
exo,standard,lu,3,SMALL,0.9285430726478762,0.0008396666666666666,0.0007796666666666667,c
exo,standard,lu,4,SMALL,0.9511996746644976,0.0008196666666666668,0.0007796666666666667,c
exo,standard,lu,5,SMALL,0.9274385408406027,0.0008406666666666666,0.0007796666666666667,c
halide,ChooseHints,lu,2,SMALL,0.10145744773141321,0.007684666666666666,0.0007796666666666667,c
halide,ChooseHints,lu,4,SMALL,0.09161411617249618,0.008510333333333333,0.0007796666666666667,c
halide,ChooseHints,lu,5,SMALL,0.06107049608355091,0.012766666666666667,0.0007796666666666667,c
halide,FromPlan,lu,5,SMALL,0.06098928319991657,0.012783666666666665,0.0007796666666666667,c
halide,standard,lu,1,SMALL,0.057065482580267404,0.013662666666666665,0.0007796666666666667,c
halide,standard,lu,5,SMALL,0.06234174684826355,0.012506333333333333,0.0007796666666666667,c
noarr,AllHints,lu,1,SMALL,1.276050190943808,0.000611,0.0007796666666666667,c
noarr,AllHints,lu,2,SMALL,1.163681592039801,0.00067,0.0007796666666666667,c
noarr,AllHints,lu,3,SMALL,1.6108815426997245,0.000484,0.0007796666666666667,c
noarr,AllHints,lu,4,SMALL,1.285164835164835,0.0006066666666666667,0.0007796666666666667,c
noarr,AllHints,lu,5,SMALL,1.497439180537772,0.0005206666666666667,0.0007796666666666667,c
noarr,ChooseHints,lu,1,SMALL,1.2781420765027323,0.00061,0.0007796666666666667,c
noarr,ChooseHints,lu,2,SMALL,1.2441489361702127,0.0006266666666666668,0.0007796666666666667,c
noarr,ChooseHints,lu,3,SMALL,1.1771514846502265,0.0006623333333333334,0.0007796666666666667,c
noarr,ChooseHints,lu,5,SMALL,1.087906976744186,0.0007166666666666667,0.0007796666666666667,c
noarr,FromPlan,lu,1,SMALL,1.6779053084648494,0.00046466666666666667,0.0007796666666666667,c
noarr,FromPlan,lu,2,SMALL,1.540843214756258,0.000506,0.0007796666666666667,c
noarr,FromPlan,lu,3,SMALL,1.6119917298414885,0.0004836666666666667,0.0007796666666666667,c
noarr,FromPlan,lu,4,SMALL,1.5900747790618626,0.0004903333333333334,0.0007796666666666667,c
noarr,FromPlan,lu,5,SMALL,1.5814739688979038,0.0004930000000000001,0.0007796666666666667,c
noarr,Naive,lu,1,SMALL,1.2663779101245263,0.0006156666666666667,0.0007796666666666667,c
noarr,Naive,lu,2,SMALL,1.1795259707513868,0.000661,0.0007796666666666667,c
noarr,Naive,lu,3,SMALL,1.6164478230822392,0.0004823333333333333,0.0007796666666666667,c
noarr,Naive,lu,4,SMALL,1.1724310776942355,0.0006650000000000001,0.0007796666666666667,c
noarr,standard,lu,2,SMALL,1.1807168096920746,0.0006603333333333334,0.0007796666666666667,c
noarr,standard,lu,5,SMALL,1.1753768844221104,0.0006633333333333334,0.0007796666666666667,c
c,AllHints,ludcmp,1,SMALL,1.3414932680538554,0.0005446666666666667,0.0007306666666666667,c
c,AllHints,ludcmp,2,SMALL,1.36318407960199,0.000536,0.0007306666666666667,c
c,AllHints,ludcmp,3,SMALL,1.0558766859344895,0.0006919999999999999,0.0007306666666666667,c
c,AllHints,ludcmp,5,SMALL,1.0134073046694407,0.000721,0.0007306666666666667,c
c,ChooseHints,ludcmp,1,SMALL,0.18048579662412514,0.0040483333333333335,0.0007306666666666667,c
c,ChooseHints,ludcmp,2,SMALL,0.16730270187757595,0.004367333333333333,0.0007306666666666667,c
c,ChooseHints,ludcmp,3,SMALL,1.3864642631246047,0.000527,0.0007306666666666667,c
c,ChooseHints,ludcmp,4,SMALL,0.17970159042465977,0.004066,0.0007306666666666667,c
c,ChooseHints,ludcmp,5,SMALL,0.21406250000000004,0.003413333333333333,0.0007306666666666667,c
c,FromPlan,ludcmp,1,SMALL,1.2955082742316786,0.0005639999999999999,0.0007306666666666667,c
c,FromPlan,ludcmp,3,SMALL,1.3640323584318608,0.0005356666666666666,0.0007306666666666667,c
c,FromPlan,ludcmp,4,SMALL,1.2894117647058823,0.0005666666666666667,0.0007306666666666667,c
c,FromPlan,ludcmp,5,SMALL,1.2063841496973033,0.0006056666666666667,0.0007306666666666667,c
c,Naive,ludcmp,2,SMALL,1.2699884125144842,0.0005753333333333334,0.0007306666666666667,c
c,Naive,ludcmp,3,SMALL,1.004122766834631,0.0007276666666666667,0.0007306666666666667,c
c,Naive,ludcmp,4,SMALL,1.0018281535648996,0.0007293333333333332,0.0007306666666666667,c
c,standard,ludcmp,1,SMALL,1.0,0.0007306666666666667,0.0007306666666666667,c
exo,AllHints,ludcmp,2,SMALL,0.9480968858131489,0.0007706666666666666,0.0007306666666666667,c
exo,AllHints,ludcmp,5,SMALL,0.21176697903584196,0.003450333333333333,0.0007306666666666667,c
exo,ChooseHints,ludcmp,1,SMALL,0.8990976210008202,0.0008126666666666667,0.0007306666666666667,c
exo,ChooseHints,ludcmp,3,SMALL,0.20842445564324427,0.003505666666666667,0.0007306666666666667,c
exo,ChooseHints,ludcmp,4,SMALL,1.1874322860238353,0.0006153333333333333,0.0007306666666666667,c
exo,FromPlan,ludcmp,3,SMALL,0.0040033970431113996,0.18251166666666666,0.0007306666666666667,c
exo,Naive,ludcmp,1,SMALL,1.2137320044296789,0.000602,0.0007306666666666667,c
exo,Naive,ludcmp,2,SMALL,0.9639401934916447,0.000758,0.0007306666666666667,c
exo,Naive,ludcmp,3,SMALL,0.9597197898423817,0.0007613333333333334,0.0007306666666666667,c
exo,Naive,ludcmp,5,SMALL,0.9156223893065998,0.0007980000000000001,0.0007306666666666667,c
exo,standard,ludcmp,1,SMALL,0.9618253620008776,0.0007596666666666666,0.0007306666666666667,c
exo,standard,ludcmp,2,SMALL,0.9567874290702749,0.0007636666666666667,0.0007306666666666667,c
exo,standard,ludcmp,3,SMALL,0.9534580252283602,0.0007663333333333333,0.0007306666666666667,c
exo,standard,ludcmp,4,SMALL,0.9190775681341719,0.000795,0.0007306666666666667,c
exo,standard,ludcmp,5,SMALL,0.9343563512361466,0.000782,0.0007306666666666667,c
halide,AllHints,ludcmp,2,SMALL,0.05536332179930795,0.013197666666666668,0.0007306666666666667,c
halide,AllHints,ludcmp,4,SMALL,0.09074725729662596,0.008051666666666667,0.0007306666666666667,c
halide,ChooseHints,ludcmp,1,SMALL,0.05559359862030485,0.013143,0.0007306666666666667,c
halide,Naive,ludcmp,3,SMALL,0.09321313148494641,0.007838666666666667,0.0007306666666666667,c
halide,standard,ludcmp,3,SMALL,0.05726975832789026,0.012758333333333335,0.0007306666666666667,c
noarr,AllHints,ludcmp,1,SMALL,1.1160896130346232,0.0006546666666666667,0.0007306666666666667,c
noarr,AllHints,ludcmp,2,SMALL,0.9703408587870739,0.0007530000000000001,0.0007306666666666667,c
noarr,AllHints,ludcmp,3,SMALL,0.8271698113207547,0.0008833333333333333,0.0007306666666666667,c
noarr,AllHints,ludcmp,4,SMALL,1.167820990942994,0.0006256666666666667,0.0007306666666666667,c
noarr,AllHints,ludcmp,5,SMALL,1.1293147861926842,0.000647,0.0007306666666666667,c
noarr,ChooseHints,ludcmp,1,SMALL,0.9436074042186827,0.0007743333333333334,0.0007306666666666667,c
noarr,ChooseHints,ludcmp,2,SMALL,1.179763186221744,0.0006193333333333333,0.0007306666666666667,c
noarr,ChooseHints,ludcmp,3,SMALL,0.9864986498649865,0.0007406666666666667,0.0007306666666666667,c
noarr,ChooseHints,ludcmp,4,SMALL,1.139885595423817,0.000641,0.0007306666666666667,c
noarr,ChooseHints,ludcmp,5,SMALL,1.1440501043841338,0.0006386666666666666,0.0007306666666666667,c
noarr,FromPlan,ludcmp,1,SMALL,1.1446475195822454,0.0006383333333333333,0.0007306666666666667,c
noarr,FromPlan,ludcmp,2,SMALL,1.1363400725764645,0.000643,0.0007306666666666667,c
noarr,FromPlan,ludcmp,3,SMALL,1.133988618727367,0.0006443333333333333,0.0007306666666666667,c
noarr,FromPlan,ludcmp,5,SMALL,1.152471083070452,0.000634,0.0007306666666666667,c
noarr,Naive,ludcmp,1,SMALL,1.1446475195822454,0.0006383333333333333,0.0007306666666666667,c
noarr,Naive,ludcmp,2,SMALL,1.1200817577925397,0.0006523333333333333,0.0007306666666666667,c
noarr,Naive,ludcmp,3,SMALL,1.1172273190621813,0.0006540000000000001,0.0007306666666666667,c
noarr,Naive,ludcmp,4,SMALL,1.1416666666666666,0.00064,0.0007306666666666667,c
noarr,Naive,ludcmp,5,SMALL,1.123526396719631,0.0006503333333333334,0.0007306666666666667,c
noarr,standard,ludcmp,1,SMALL,1.1269922879177379,0.0006483333333333333,0.0007306666666666667,c
c,AllHints,mvt,1,SMALL,2.1355932203389827,1.966666666666667e-05,4.2e-05,c
c,AllHints,mvt,2,SMALL,0.6702127659574467,6.266666666666667e-05,4.2e-05,c
c,AllHints,mvt,4,SMALL,0.5943396226415093,7.066666666666667e-05,4.2e-05,c
c,AllHints,mvt,5,SMALL,0.7974683544303798,5.266666666666666e-05,4.2e-05,c
c,ChooseHints,mvt,1,SMALL,0.4315068493150685,9.733333333333333e-05,4.2e-05,c
c,ChooseHints,mvt,2,SMALL,0.29999999999999993,0.00014000000000000001,4.2e-05,c
c,ChooseHints,mvt,3,SMALL,1.125,3.733333333333333e-05,4.2e-05,c
c,ChooseHints,mvt,5,SMALL,0.8289473684210525,5.066666666666667e-05,4.2e-05,c
c,FromPlan,mvt,1,SMALL,1.7499999999999998,2.4e-05,4.2e-05,c
c,FromPlan,mvt,2,SMALL,2.172413793103448,1.9333333333333333e-05,4.2e-05,c
c,FromPlan,mvt,3,SMALL,2.065573770491803,2.0333333333333334e-05,4.2e-05,c
c,FromPlan,mvt,4,SMALL,2.065573770491803,2.0333333333333334e-05,4.2e-05,c
c,FromPlan,mvt,5,SMALL,2.2105263157894735,1.9e-05,4.2e-05,c
c,Naive,mvt,1,SMALL,2.0,2.1e-05,4.2e-05,c
c,Naive,mvt,2,SMALL,2.0999999999999996,2e-05,4.2e-05,c
c,Naive,mvt,3,SMALL,1.8805970149253728,2.2333333333333335e-05,4.2e-05,c
c,Naive,mvt,4,SMALL,1.7499999999999998,2.4e-05,4.2e-05,c
c,Naive,mvt,5,SMALL,2.065573770491803,2.0333333333333334e-05,4.2e-05,c
c,standard,mvt,1,SMALL,1.0,4.2e-05,4.2e-05,c
exo,AllHints,mvt,1,SMALL,0.4359861591695502,9.633333333333332e-05,4.2e-05,c
exo,AllHints,mvt,2,SMALL,0.5206611570247933,8.066666666666667e-05,4.2e-05,c
exo,AllHints,mvt,3,SMALL,0.5999999999999999,7.000000000000001e-05,4.2e-05,c
exo,AllHints,mvt,4,SMALL,0.5971563981042654,7.033333333333334e-05,4.2e-05,c
exo,AllHints,mvt,5,SMALL,0.8289473684210525,5.066666666666667e-05,4.2e-05,c
exo,ChooseHints,mvt,1,SMALL,0.65625,6.4e-05,4.2e-05,c
exo,ChooseHints,mvt,2,SMALL,0.7000000000000001,5.9999999999999995e-05,4.2e-05,c
exo,ChooseHints,mvt,3,SMALL,0.5860465116279069,7.166666666666667e-05,4.2e-05,c
exo,ChooseHints,mvt,4,SMALL,1.6799999999999997,2.5e-05,4.2e-05,c
exo,ChooseHints,mvt,5,SMALL,0.6176470588235294,6.8e-05,4.2e-05,c
exo,FromPlan,mvt,2,SMALL,0.6300000000000001,6.666666666666666e-05,4.2e-05,c
exo,FromPlan,mvt,3,SMALL,0.013364446330080609,0.003142666666666667,4.2e-05,c
exo,FromPlan,mvt,4,SMALL,0.013646702047005308,0.0030776666666666665,4.2e-05,c
exo,Naive,mvt,2,SMALL,0.5727272727272728,7.333333333333333e-05,4.2e-05,c
exo,Naive,mvt,3,SMALL,1.5949367088607596,2.633333333333333e-05,4.2e-05,c
exo,Naive,mvt,4,SMALL,0.6774193548387096,6.2e-05,4.2e-05,c
exo,standard,mvt,1,SMALL,0.9333333333333332,4.5e-05,4.2e-05,c
exo,standard,mvt,2,SMALL,0.926470588235294,4.5333333333333335e-05,4.2e-05,c
exo,standard,mvt,3,SMALL,0.9545454545454544,4.4000000000000006e-05,4.2e-05,c
exo,standard,mvt,4,SMALL,0.8571428571428571,4.9e-05,4.2e-05,c
exo,standard,mvt,5,SMALL,0.8076923076923077,5.2e-05,4.2e-05,c
halide,AllHints,mvt,3,SMALL,0.09859154929577464,0.000426,4.2e-05,c
halide,AllHints,mvt,5,SMALL,0.009948677457560206,0.004221666666666666,4.2e-05,c
halide,ChooseHints,mvt,2,SMALL,0.022082018927444793,0.001902,4.2e-05,c
halide,FromPlan,mvt,5,SMALL,0.0423244877393349,0.0009923333333333333,4.2e-05,c
halide,Naive,mvt,2,SMALL,0.0513029315960912,0.0008186666666666667,4.2e-05,c
halide,Naive,mvt,3,SMALL,0.11475409836065573,0.000366,4.2e-05,c
halide,standard,mvt,1,SMALL,0.5833333333333333,7.2e-05,4.2e-05,c
halide,standard,mvt,2,SMALL,0.6461538461538462,6.5e-05,4.2e-05,c
halide,standard,mvt,3,SMALL,0.6086956521739131,6.9e-05,4.2e-05,c
halide,standard,mvt,4,SMALL,0.6057692307692307,6.933333333333333e-05,4.2e-05,c
halide,standard,mvt,5,SMALL,0.6057692307692306,6.933333333333334e-05,4.2e-05,c
noarr,AllHints,mvt,1,SMALL,0.017711554680910877,0.0023713333333333334,4.2e-05,c
noarr,AllHints,mvt,2,SMALL,2.4705882352941178,1.7e-05,4.2e-05,c
noarr,AllHints,mvt,3,SMALL,0.018295339044576735,0.0022956666666666668,4.2e-05,c
noarr,AllHints,mvt,4,SMALL,0.01827941389815755,0.0022976666666666666,4.2e-05,c
noarr,AllHints,mvt,5,SMALL,2.4705882352941178,1.7e-05,4.2e-05,c
noarr,ChooseHints,mvt,1,SMALL,2.4705882352941178,1.7e-05,4.2e-05,c
noarr,ChooseHints,mvt,2,SMALL,2.4705882352941178,1.7e-05,4.2e-05,c
noarr,ChooseHints,mvt,3,SMALL,2.4705882352941178,1.7e-05,4.2e-05,c
noarr,ChooseHints,mvt,4,SMALL,2.4705882352941178,1.7e-05,4.2e-05,c
noarr,ChooseHints,mvt,5,SMALL,2.4705882352941178,1.7e-05,4.2e-05,c
noarr,FromPlan,mvt,1,SMALL,2.2105263157894735,1.9e-05,4.2e-05,c
noarr,FromPlan,mvt,2,SMALL,1.6153846153846154,2.6e-05,4.2e-05,c
noarr,FromPlan,mvt,3,SMALL,1.7499999999999998,2.4e-05,4.2e-05,c
noarr,FromPlan,mvt,4,SMALL,2.2105263157894735,1.9e-05,4.2e-05,c
noarr,FromPlan,mvt,5,SMALL,2.2105263157894735,1.9e-05,4.2e-05,c
noarr,Naive,mvt,1,SMALL,1.2727272727272725,3.3e-05,4.2e-05,c
noarr,Naive,mvt,2,SMALL,0.9767441860465117,4.2999999999999995e-05,4.2e-05,c
noarr,Naive,mvt,3,SMALL,2.4705882352941178,1.7e-05,4.2e-05,c
noarr,Naive,mvt,4,SMALL,2.2105263157894735,1.9e-05,4.2e-05,c
noarr,Naive,mvt,5,SMALL,2.4705882352941178,1.7e-05,4.2e-05,c
noarr,standard,mvt,1,SMALL,1.1150442477876106,3.766666666666666e-05,4.2e-05,c
noarr,standard,mvt,2,SMALL,1.2,3.5e-05,4.2e-05,c
noarr,standard,mvt,3,SMALL,1.2,3.5e-05,4.2e-05,c
noarr,standard,mvt,4,SMALL,1.125,3.733333333333333e-05,4.2e-05,c
noarr,standard,mvt,5,SMALL,1.2,3.5e-05,4.2e-05,c
c,AllHints,nussinov,1,SMALL,0.6124636241039108,0.004696333333333334,0.002876333333333333,c
c,AllHints,nussinov,3,SMALL,0.6243397728094928,0.004607,0.002876333333333333,c
c,AllHints,nussinov,5,SMALL,1.780643829962856,0.0016153333333333332,0.002876333333333333,c
c,ChooseHints,nussinov,1,SMALL,1.7418247880500604,0.0016513333333333334,0.002876333333333333,c
c,ChooseHints,nussinov,2,SMALL,0.6921472687896046,0.004155666666666666,0.002876333333333333,c
c,ChooseHints,nussinov,4,SMALL,0.6952143087334837,0.004137333333333333,0.002876333333333333,c
c,ChooseHints,nussinov,5,SMALL,1.6213829387448324,0.0017740000000000002,0.002876333333333333,c
c,FromPlan,nussinov,1,SMALL,1.9951445086705202,0.0014416666666666666,0.002876333333333333,c
c,FromPlan,nussinov,3,SMALL,0.6002782608695653,0.004791666666666666,0.002876333333333333,c
c,FromPlan,nussinov,4,SMALL,0.641943163219759,0.004480666666666667,0.002876333333333333,c
c,FromPlan,nussinov,5,SMALL,2.066331417624521,0.001392,0.002876333333333333,c
c,Naive,nussinov,1,SMALL,2.0787761985063837,0.0013836666666666667,0.002876333333333333,c
c,Naive,nussinov,2,SMALL,1.9128796275770337,0.0015036666666666668,0.002876333333333333,c
c,Naive,nussinov,3,SMALL,1.9162780368643126,0.001501,0.002876333333333333,c
c,Naive,nussinov,5,SMALL,1.9188347787413829,0.0014990000000000001,0.002876333333333333,c
c,standard,nussinov,1,SMALL,1.0,0.002876333333333333,0.002876333333333333,c
exo,AllHints,nussinov,2,SMALL,0.5675853449976977,0.005067666666666667,0.002876333333333333,c
exo,AllHints,nussinov,3,SMALL,0.5819395737793362,0.004942666666666667,0.002876333333333333,c
exo,AllHints,nussinov,5,SMALL,0.6211935785760564,0.0046303333333333335,0.002876333333333333,c
exo,ChooseHints,nussinov,1,SMALL,1.068209952958653,0.0026926666666666666,0.002876333333333333,c
exo,ChooseHints,nussinov,2,SMALL,0.612246345962821,0.004698,0.002876333333333333,c
exo,ChooseHints,nussinov,3,SMALL,0.5598883986504023,0.005137333333333333,0.002876333333333333,c
exo,ChooseHints,nussinov,4,SMALL,0.6173713958646347,0.004659,0.002876333333333333,c
exo,ChooseHints,nussinov,5,SMALL,0.6183003725995987,0.004652,0.002876333333333333,c
exo,FromPlan,nussinov,1,SMALL,0.617062356979405,0.004661333333333333,0.002876333333333333,c
exo,FromPlan,nussinov,4,SMALL,1.089520202020202,0.00264,0.002876333333333333,c
exo,Naive,nussinov,1,SMALL,0.9994208941394487,0.002878,0.002876333333333333,c
exo,Naive,nussinov,2,SMALL,1.0005797773654916,0.0028746666666666664,0.002876333333333333,c
exo,standard,nussinov,1,SMALL,1.0108950328022492,0.0028453333333333334,0.002876333333333333,c
exo,standard,nussinov,2,SMALL,1.007825274468582,0.002854,0.002876333333333333,c
exo,standard,nussinov,3,SMALL,0.9920671418716945,0.0028993333333333336,0.002876333333333333,c
exo,standard,nussinov,5,SMALL,1.088695432752965,0.002642,0.002876333333333333,c
halide,AllHints,nussinov,4,SMALL,1.7495944849959448,0.0016439999999999998,0.002876333333333333,c
halide,ChooseHints,nussinov,1,SMALL,0.24270806964250552,0.011851,0.002876333333333333,c
halide,standard,nussinov,3,SMALL,0.14997306081304204,0.019178999999999998,0.002876333333333333,c
halide,standard,nussinov,4,SMALL,0.1595127181307305,0.018032000000000003,0.002876333333333333,c
c,AllHints,seidel-2d,1,SMALL,1.351799706170421,0.005445333333333333,0.0073609999999999995,c
c,AllHints,seidel-2d,2,SMALL,0.9620545438703494,0.007651333333333333,0.0073609999999999995,c
c,AllHints,seidel-2d,3,SMALL,0.959462982273201,0.007672000000000001,0.0073609999999999995,c
c,AllHints,seidel-2d,4,SMALL,0.895789388284926,0.008217333333333333,0.0073609999999999995,c
c,AllHints,seidel-2d,5,SMALL,1.2803223562152133,0.005749333333333333,0.0073609999999999995,c
c,ChooseHints,seidel-2d,1,SMALL,1.348662513741297,0.005458,0.0073609999999999995,c
c,ChooseHints,seidel-2d,2,SMALL,0.9617193624248758,0.007654,0.0073609999999999995,c
c,ChooseHints,seidel-2d,3,SMALL,1.8307909136129996,0.004020666666666666,0.0073609999999999995,c
c,ChooseHints,seidel-2d,4,SMALL,0.9956715812254835,0.007393,0.0073609999999999995,c
c,ChooseHints,seidel-2d,5,SMALL,1.213418319687895,0.006066333333333333,0.0073609999999999995,c
c,FromPlan,seidel-2d,1,SMALL,1.8890504704875961,0.0038966666666666668,0.0073609999999999995,c
c,FromPlan,seidel-2d,2,SMALL,1.890829694323144,0.003893,0.0073609999999999995,c
c,FromPlan,seidel-2d,3,SMALL,1.8822877599727241,0.0039106666666666665,0.0073609999999999995,c
c,FromPlan,seidel-2d,4,SMALL,1.881966933696949,0.0039113333333333335,0.0073609999999999995,c
c,FromPlan,seidel-2d,5,SMALL,1.8813256091327315,0.003912666666666666,0.0073609999999999995,c
c,Naive,seidel-2d,2,SMALL,0.8931807150946447,0.008241333333333335,0.0073609999999999995,c
c,Naive,seidel-2d,3,SMALL,1.2733825394994809,0.005780666666666667,0.0073609999999999995,c
c,Naive,seidel-2d,4,SMALL,1.1755656108597285,0.006261666666666666,0.0073609999999999995,c
c,Naive,seidel-2d,5,SMALL,0.969530666900821,0.007592333333333333,0.0073609999999999995,c
c,standard,seidel-2d,1,SMALL,1.0,0.0073609999999999995,0.0073609999999999995,c
exo,AllHints,seidel-2d,1,SMALL,0.9919148362754345,0.007421,0.0073609999999999995,c
exo,ChooseHints,seidel-2d,1,SMALL,0.8508842908334295,0.008651,0.0073609999999999995,c
exo,FromPlan,seidel-2d,2,SMALL,1.0648054390279185,0.006913,0.0073609999999999995,c
exo,FromPlan,seidel-2d,3,SMALL,1.0650108512177476,0.006911666666666667,0.0073609999999999995,c
exo,Naive,seidel-2d,3,SMALL,0.8246079163554891,0.008926666666666666,0.0073609999999999995,c
exo,standard,seidel-2d,1,SMALL,0.988407483663056,0.007447333333333334,0.0073609999999999995,c
exo,standard,seidel-2d,2,SMALL,0.9874351636558756,0.007454666666666666,0.0073609999999999995,c
exo,standard,seidel-2d,3,SMALL,0.9931192660550459,0.007411999999999999,0.0073609999999999995,c
exo,standard,seidel-2d,4,SMALL,0.9886729942693407,0.007445333333333334,0.0073609999999999995,c
exo,standard,seidel-2d,5,SMALL,0.9921822348025341,0.007418999999999999,0.0073609999999999995,c
halide,AllHints,seidel-2d,2,SMALL,5.79302203567681,0.0012706666666666667,0.0073609999999999995,c
halide,ChooseHints,seidel-2d,1,SMALL,5.291876347951114,0.0013909999999999999,0.0073609999999999995,c
halide,Naive,seidel-2d,1,SMALL,5.606245239908606,0.001313,0.0073609999999999995,c
halide,Naive,seidel-2d,2,SMALL,1.5629556231863542,0.004709666666666667,0.0073609999999999995,c
halide,Naive,seidel-2d,5,SMALL,5.365160349854227,0.001372,0.0073609999999999995,c
halide,standard,seidel-2d,1,SMALL,3.4242518219879052,0.0021496666666666665,0.0073609999999999995,c
halide,standard,seidel-2d,3,SMALL,0.2904320378772933,0.025345000000000003,0.0073609999999999995,c
noarr,AllHints,seidel-2d,1,SMALL,0.9999094407969209,0.0073616666666666665,0.0073609999999999995,c
noarr,AllHints,seidel-2d,2,SMALL,1.2413851256394401,0.005929666666666666,0.0073609999999999995,c
noarr,AllHints,seidel-2d,3,SMALL,1.2597261836851112,0.005843333333333333,0.0073609999999999995,c
noarr,AllHints,seidel-2d,4,SMALL,1.34792162607581,0.005461000000000001,0.0073609999999999995,c
noarr,AllHints,seidel-2d,5,SMALL,1.3465243902439026,0.005466666666666666,0.0073609999999999995,c
noarr,ChooseHints,seidel-2d,1,SMALL,1.3475103734439833,0.005462666666666667,0.0073609999999999995,c
noarr,ChooseHints,seidel-2d,2,SMALL,1.3466886205634834,0.0054659999999999995,0.0073609999999999995,c
noarr,ChooseHints,seidel-2d,3,SMALL,1.000498368974266,0.007357333333333334,0.0073609999999999995,c
noarr,ChooseHints,seidel-2d,4,SMALL,1.003225513356351,0.007337333333333334,0.0073609999999999995,c
noarr,ChooseHints,seidel-2d,5,SMALL,1.3466886205634834,0.0054659999999999995,0.0073609999999999995,c
noarr,FromPlan,seidel-2d,1,SMALL,1.1550290287148908,0.006373,0.0073609999999999995,c
noarr,FromPlan,seidel-2d,2,SMALL,1.3547021655113183,0.0054336666666666665,0.0073609999999999995,c
noarr,FromPlan,seidel-2d,3,SMALL,1.1378883907868294,0.006469,0.0073609999999999995,c
noarr,FromPlan,seidel-2d,4,SMALL,1.1463351328903653,0.006421333333333334,0.0073609999999999995,c
noarr,Naive,seidel-2d,1,SMALL,1.0003170864287008,0.007358666666666666,0.0073609999999999995,c
noarr,Naive,seidel-2d,2,SMALL,1.2316916727090188,0.0059763333333333335,0.0073609999999999995,c
noarr,Naive,seidel-2d,3,SMALL,1.351799706170421,0.005445333333333333,0.0073609999999999995,c
noarr,Naive,seidel-2d,4,SMALL,0.9987788331071912,0.007370000000000001,0.0073609999999999995,c
noarr,Naive,seidel-2d,5,SMALL,1.3484154607070893,0.0054589999999999994,0.0073609999999999995,c
noarr,standard,seidel-2d,1,SMALL,1.017087324981577,0.007237333333333333,0.0073609999999999995,c
noarr,standard,seidel-2d,2,SMALL,1.002451314176767,0.007343,0.0073609999999999995,c
noarr,standard,seidel-2d,3,SMALL,1.011867668621701,0.007274666666666666,0.0073609999999999995,c
noarr,standard,seidel-2d,4,SMALL,1.0135860834442556,0.007262333333333333,0.0073609999999999995,c
noarr,standard,seidel-2d,5,SMALL,1.0079419416678077,0.007303,0.0073609999999999995,c
c,AllHints,symm,1,SMALL,1.5064935064935066,0.00020533333333333333,0.00030933333333333334,c
c,AllHints,symm,2,SMALL,3.2447552447552446,9.533333333333334e-05,0.00030933333333333334,c
c,AllHints,symm,3,SMALL,0.2184557438794727,0.001416,0.00030933333333333334,c
c,AllHints,symm,4,SMALL,0.021045470007937408,0.014698333333333334,0.00030933333333333334,c
c,AllHints,symm,5,SMALL,2.076062639821029,0.00014900000000000002,0.00030933333333333334,c
c,ChooseHints,symm,1,SMALL,2.481283422459893,0.00012466666666666667,0.00030933333333333334,c
c,ChooseHints,symm,2,SMALL,1.9173553719008267,0.00016133333333333332,0.00030933333333333334,c
c,ChooseHints,symm,3,SMALL,1.5836177474402728,0.00019533333333333336,0.00030933333333333334,c
c,ChooseHints,symm,4,SMALL,2.3613231552162848,0.000131,0.00030933333333333334,c
c,ChooseHints,symm,5,SMALL,0.21308840413318028,0.0014516666666666664,0.00030933333333333334,c
c,FromPlan,symm,1,SMALL,2.946031746031746,0.000105,0.00030933333333333334,c
c,FromPlan,symm,2,SMALL,3.850622406639004,8.033333333333334e-05,0.00030933333333333334,c
c,FromPlan,symm,3,SMALL,2.7214076246334313,0.00011366666666666666,0.00030933333333333334,c
c,FromPlan,symm,4,SMALL,2.8466257668711656,0.00010866666666666667,0.00030933333333333334,c
c,FromPlan,symm,5,SMALL,2.30272952853598,0.00013433333333333334,0.00030933333333333334,c
c,Naive,symm,1,SMALL,3.178082191780822,9.733333333333333e-05,0.00030933333333333334,c
c,Naive,symm,2,SMALL,2.9648562300319488,0.00010433333333333334,0.00030933333333333334,c
c,Naive,symm,3,SMALL,3.6250000000000004,8.533333333333332e-05,0.00030933333333333334,c
c,Naive,symm,4,SMALL,0.9479060265577118,0.00032633333333333337,0.00030933333333333334,c
c,Naive,symm,5,SMALL,1.0175438596491229,0.000304,0.00030933333333333334,c
c,standard,symm,1,SMALL,1.0,0.00030933333333333334,0.00030933333333333334,c
exo,AllHints,symm,2,SMALL,0.29469672912035566,0.0010496666666666666,0.00030933333333333334,c
exo,AllHints,symm,5,SMALL,1.521311475409836,0.00020333333333333333,0.00030933333333333334,c
exo,ChooseHints,symm,2,SMALL,0.14320987654320988,0.00216,0.00030933333333333334,c
exo,ChooseHints,symm,3,SMALL,0.17323128616763114,0.0017856666666666665,0.00030933333333333334,c
exo,ChooseHints,symm,4,SMALL,0.12033195020746887,0.002570666666666667,0.00030933333333333334,c
exo,FromPlan,symm,1,SMALL,0.5121412803532008,0.000604,0.00030933333333333334,c
exo,FromPlan,symm,4,SMALL,0.5714285714285714,0.0005413333333333333,0.00030933333333333334,c
exo,Naive,symm,1,SMALL,1.0357142857142858,0.00029866666666666664,0.00030933333333333334,c
exo,Naive,symm,2,SMALL,1.0186608122941823,0.00030366666666666666,0.00030933333333333334,c
exo,Naive,symm,4,SMALL,0.17595752749336366,0.001758,0.00030933333333333334,c
exo,Naive,symm,5,SMALL,0.18489738991831042,0.001673,0.00030933333333333334,c
exo,standard,symm,1,SMALL,0.9215491559086395,0.0003356666666666667,0.00030933333333333334,c
exo,standard,symm,2,SMALL,0.9233830845771144,0.000335,0.00030933333333333334,c
exo,standard,symm,3,SMALL,0.9243027888446214,0.0003346666666666667,0.00030933333333333334,c
exo,standard,symm,4,SMALL,0.8762983947119924,0.000353,0.00030933333333333334,c
exo,standard,symm,5,SMALL,0.8697282099343955,0.0003556666666666667,0.00030933333333333334,c
halide,ChooseHints,symm,3,SMALL,0.09689882008979848,0.003192333333333333,0.00030933333333333334,c
halide,ChooseHints,symm,4,SMALL,0.5327210103329506,0.0005806666666666667,0.00030933333333333334,c
halide,FromPlan,symm,2,SMALL,1.6280701754385967,0.00018999999999999998,0.00030933333333333334,c
halide,FromPlan,symm,3,SMALL,1.4233128834355828,0.00021733333333333335,0.00030933333333333334,c
halide,Naive,symm,3,SMALL,0.6244952893674294,0.0004953333333333333,0.00030933333333333334,c
halide,standard,symm,1,SMALL,0.7160493827160493,0.00043200000000000004,0.00030933333333333334,c
halide,standard,symm,2,SMALL,1.1470951792336217,0.0002696666666666667,0.00030933333333333334,c
halide,standard,symm,3,SMALL,0.9903948772678761,0.00031233333333333335,0.00030933333333333334,c
halide,standard,symm,4,SMALL,0.7267032106499609,0.00042566666666666664,0.00030933333333333334,c
halide,standard,symm,5,SMALL,1.164366373902133,0.00026566666666666666,0.00030933333333333334,c
noarr,AllHints,symm,1,SMALL,0.13257142857142856,0.0023333333333333335,0.00030933333333333334,c
noarr,AllHints,symm,2,SMALL,1.6338028169014085,0.00018933333333333332,0.00030933333333333334,c
noarr,AllHints,symm,3,SMALL,0.09500409500409501,0.0032559999999999998,0.00030933333333333334,c
noarr,AllHints,symm,4,SMALL,0.13312293788552576,0.0023236666666666666,0.00030933333333333334,c
noarr,AllHints,symm,5,SMALL,4.106194690265487,7.533333333333333e-05,0.00030933333333333334,c
noarr,ChooseHints,symm,1,SMALL,3.411764705882353,9.066666666666667e-05,0.00030933333333333334,c
noarr,ChooseHints,symm,2,SMALL,1.7542533081285445,0.00017633333333333333,0.00030933333333333334,c
noarr,ChooseHints,symm,3,SMALL,1.7476459510357816,0.000177,0.00030933333333333334,c
noarr,ChooseHints,symm,5,SMALL,1.8267716535433072,0.00016933333333333332,0.00030933333333333334,c
noarr,FromPlan,symm,1,SMALL,1.8597194388777556,0.00016633333333333333,0.00030933333333333334,c
noarr,FromPlan,symm,2,SMALL,3.7877551020408164,8.166666666666667e-05,0.00030933333333333334,c
noarr,FromPlan,symm,3,SMALL,3.583011583011583,8.633333333333334e-05,0.00030933333333333334,c
noarr,FromPlan,symm,4,SMALL,3.178082191780822,9.733333333333333e-05,0.00030933333333333334,c
noarr,FromPlan,symm,5,SMALL,1.2853185595567866,0.00024066666666666667,0.00030933333333333334,c
noarr,Naive,symm,2,SMALL,4.106194690265487,7.533333333333333e-05,0.00030933333333333334,c
noarr,Naive,symm,3,SMALL,1.3508005822416302,0.000229,0.00030933333333333334,c
noarr,Naive,symm,4,SMALL,3.5018867924528303,8.833333333333333e-05,0.00030933333333333334,c
noarr,Naive,symm,5,SMALL,1.6338028169014085,0.00018933333333333332,0.00030933333333333334,c
noarr,standard,symm,1,SMALL,1.6309314586994728,0.00018966666666666668,0.00030933333333333334,c
noarr,standard,symm,2,SMALL,1.6872727272727275,0.0001833333333333333,0.00030933333333333334,c
noarr,standard,symm,3,SMALL,1.4409937888198756,0.0002146666666666667,0.00030933333333333334,c
noarr,standard,symm,4,SMALL,1.3627019089574157,0.000227,0.00030933333333333334,c
noarr,standard,symm,5,SMALL,1.5917667238421955,0.00019433333333333333,0.00030933333333333334,c
c,AllHints,syr2k,1,SMALL,2.421232876712329,9.733333333333333e-05,0.00023566666666666666,c
c,AllHints,syr2k,2,SMALL,4.284848484848484,5.5e-05,0.00023566666666666666,c
c,AllHints,syr2k,3,SMALL,3.9060773480662982,6.0333333333333334e-05,0.00023566666666666666,c
c,AllHints,syr2k,4,SMALL,4.875862068965517,4.8333333333333334e-05,0.00023566666666666666,c
c,AllHints,syr2k,5,SMALL,2.1554878048780486,0.00010933333333333334,0.00023566666666666666,c
c,ChooseHints,syr2k,2,SMALL,4.875862068965517,4.8333333333333334e-05,0.00023566666666666666,c
c,ChooseHints,syr2k,3,SMALL,5.01418439716312,4.7000000000000004e-05,0.00023566666666666666,c
c,ChooseHints,syr2k,4,SMALL,4.875862068965517,4.8333333333333334e-05,0.00023566666666666666,c
c,ChooseHints,syr2k,5,SMALL,4.620915032679738,5.1e-05,0.00023566666666666666,c
c,FromPlan,syr2k,2,SMALL,1.063157894736842,0.00022166666666666667,0.00023566666666666666,c
c,FromPlan,syr2k,3,SMALL,1.1366559485530545,0.00020733333333333335,0.00023566666666666666,c
c,FromPlan,syr2k,4,SMALL,4.875862068965517,4.8333333333333334e-05,0.00023566666666666666,c
c,FromPlan,syr2k,5,SMALL,1.0366568914956011,0.00022733333333333332,0.00023566666666666666,c
c,Naive,syr2k,1,SMALL,1.0995334370139969,0.00021433333333333333,0.00023566666666666666,c
c,Naive,syr2k,2,SMALL,1.0663650075414781,0.00022099999999999998,0.00023566666666666666,c
c,Naive,syr2k,3,SMALL,0.9477211796246651,0.0002486666666666666,0.00023566666666666666,c
c,Naive,syr2k,4,SMALL,1.074468085106383,0.00021933333333333332,0.00023566666666666666,c
c,Naive,syr2k,5,SMALL,0.9376657824933686,0.00025133333333333333,0.00023566666666666666,c
c,standard,syr2k,1,SMALL,1.0,0.00023566666666666666,0.00023566666666666666,c
exo,AllHints,syr2k,1,SMALL,3.588832487309645,6.566666666666666e-05,0.00023566666666666666,c
exo,AllHints,syr2k,2,SMALL,3.721052631578947,6.333333333333333e-05,0.00023566666666666666,c
exo,AllHints,syr2k,3,SMALL,3.15625,7.466666666666666e-05,0.00023566666666666666,c
exo,AllHints,syr2k,4,SMALL,4.590909090909091,5.133333333333333e-05,0.00023566666666666666,c
exo,AllHints,syr2k,5,SMALL,5.2370370370370365,4.5e-05,0.00023566666666666666,c
exo,ChooseHints,syr2k,2,SMALL,4.503184713375797,5.233333333333333e-05,0.00023566666666666666,c
exo,ChooseHints,syr2k,3,SMALL,3.7407407407407405,6.3e-05,0.00023566666666666666,c
exo,ChooseHints,syr2k,4,SMALL,3.6256410256410256,6.5e-05,0.00023566666666666666,c
exo,ChooseHints,syr2k,5,SMALL,4.418749999999999,5.333333333333334e-05,0.00023566666666666666,c
exo,FromPlan,syr2k,1,SMALL,0.33730916030534347,0.0006986666666666668,0.00023566666666666666,c
exo,FromPlan,syr2k,2,SMALL,0.22777061855670103,0.0010346666666666666,0.00023566666666666666,c
exo,FromPlan,syr2k,3,SMALL,0.6223591549295775,0.00037866666666666664,0.00023566666666666666,c
exo,FromPlan,syr2k,5,SMALL,0.6798076923076923,0.0003466666666666666,0.00023566666666666666,c
exo,Naive,syr2k,1,SMALL,0.3925596890616324,0.0006003333333333334,0.00023566666666666666,c
exo,Naive,syr2k,2,SMALL,4.561290322580645,5.1666666666666664e-05,0.00023566666666666666,c
exo,Naive,syr2k,3,SMALL,3.258064516129032,7.233333333333333e-05,0.00023566666666666666,c
exo,Naive,syr2k,4,SMALL,0.6595149253731343,0.00035733333333333336,0.00023566666666666666,c
exo,Naive,syr2k,5,SMALL,3.6822916666666665,6.4e-05,0.00023566666666666666,c
exo,standard,syr2k,1,SMALL,0.869618696186962,0.000271,0.00023566666666666666,c
exo,standard,syr2k,2,SMALL,0.7970687711386696,0.0002956666666666667,0.00023566666666666666,c
exo,standard,syr2k,3,SMALL,0.8249708284714119,0.00028566666666666665,0.00023566666666666666,c
exo,standard,syr2k,4,SMALL,0.861144945188794,0.0002736666666666667,0.00023566666666666666,c
exo,standard,syr2k,5,SMALL,0.8477218225419665,0.000278,0.00023566666666666666,c
halide,ChooseHints,syr2k,1,SMALL,0.38174946004319654,0.0006173333333333333,0.00023566666666666666,c
halide,FromPlan,syr2k,1,SMALL,0.07668944570994685,0.0030729999999999998,0.00023566666666666666,c
halide,FromPlan,syr2k,2,SMALL,0.09030527525865371,0.002609666666666667,0.00023566666666666666,c
halide,Naive,syr2k,2,SMALL,0.41490610328638494,0.000568,0.00023566666666666666,c
halide,Naive,syr2k,4,SMALL,0.29372663066057336,0.0008023333333333333,0.00023566666666666666,c
halide,standard,syr2k,2,SMALL,0.9029374201787994,0.000261,0.00023566666666666666,c
halide,standard,syr2k,3,SMALL,0.912258064516129,0.00025833333333333334,0.00023566666666666666,c
halide,standard,syr2k,4,SMALL,0.9052496798975672,0.00026033333333333334,0.00023566666666666666,c
halide,standard,syr2k,5,SMALL,0.9017857142857143,0.0002613333333333333,0.00023566666666666666,c
noarr,AllHints,syr2k,1,SMALL,1.0876923076923077,0.00021666666666666666,0.00023566666666666666,c
noarr,AllHints,syr2k,2,SMALL,1.1942567567567568,0.00019733333333333332,0.00023566666666666666,c
noarr,AllHints,syr2k,3,SMALL,1.1348314606741574,0.00020766666666666665,0.00023566666666666666,c
noarr,AllHints,syr2k,4,SMALL,0.831764705882353,0.0002833333333333333,0.00023566666666666666,c
noarr,AllHints,syr2k,5,SMALL,0.8220930232558139,0.0002866666666666667,0.00023566666666666666,c
noarr,ChooseHints,syr2k,1,SMALL,1.2003395585738539,0.00019633333333333333,0.00023566666666666666,c
noarr,ChooseHints,syr2k,2,SMALL,0.9241830065359476,0.000255,0.00023566666666666666,c
noarr,ChooseHints,syr2k,3,SMALL,1.2670250896057347,0.000186,0.00023566666666666666,c
noarr,ChooseHints,syr2k,4,SMALL,1.0843558282208587,0.00021733333333333335,0.00023566666666666666,c
noarr,ChooseHints,syr2k,5,SMALL,1.168595041322314,0.00020166666666666664,0.00023566666666666666,c
noarr,FromPlan,syr2k,1,SMALL,0.9929775280898877,0.00023733333333333332,0.00023566666666666666,c
noarr,FromPlan,syr2k,2,SMALL,2.202492211838006,0.000107,0.00023566666666666666,c
noarr,FromPlan,syr2k,4,SMALL,0.925392670157068,0.00025466666666666666,0.00023566666666666666,c
noarr,FromPlan,syr2k,5,SMALL,0.9146183699870634,0.0002576666666666667,0.00023566666666666666,c
noarr,Naive,syr2k,1,SMALL,1.1403225806451613,0.00020666666666666666,0.00023566666666666666,c
noarr,Naive,syr2k,2,SMALL,2.266025641025641,0.000104,0.00023566666666666666,c
noarr,Naive,syr2k,3,SMALL,1.1330128205128205,0.000208,0.00023566666666666666,c
noarr,Naive,syr2k,4,SMALL,0.839667458432304,0.0002806666666666667,0.00023566666666666666,c
noarr,Naive,syr2k,5,SMALL,1.0231548480463097,0.00023033333333333334,0.00023566666666666666,c
noarr,standard,syr2k,1,SMALL,0.46574440052700916,0.000506,0.00023566666666666666,c
noarr,standard,syr2k,2,SMALL,1.1962774957698816,0.000197,0.00023566666666666666,c
noarr,standard,syr2k,3,SMALL,1.1366559485530547,0.00020733333333333332,0.00023566666666666666,c
noarr,standard,syr2k,5,SMALL,1.221070811744387,0.000193,0.00023566666666666666,c
c,AllHints,syrk,1,SMALL,2.1161290322580646,5.1666666666666664e-05,0.00010933333333333334,c
c,AllHints,syrk,2,SMALL,2.5038167938931304,4.366666666666666e-05,0.00010933333333333334,c
c,AllHints,syrk,3,SMALL,2.7796610169491522,3.933333333333334e-05,0.00010933333333333334,c
c,AllHints,syrk,4,SMALL,2.6885245901639343,4.066666666666667e-05,0.00010933333333333334,c
c,AllHints,syrk,5,SMALL,2.0891719745222934,5.233333333333333e-05,0.00010933333333333334,c
c,ChooseHints,syrk,1,SMALL,0.4265279583875162,0.00025633333333333335,0.00010933333333333334,c
c,ChooseHints,syrk,2,SMALL,2.7563025210084033,3.966666666666667e-05,0.00010933333333333334,c
c,ChooseHints,syrk,3,SMALL,2.8771929824561404,3.8e-05,0.00010933333333333334,c
c,ChooseHints,syrk,4,SMALL,2.1025641025641026,5.2e-05,0.00010933333333333334,c
c,ChooseHints,syrk,5,SMALL,2.484848484848485,4.4000000000000006e-05,0.00010933333333333334,c
c,FromPlan,syrk,1,SMALL,1.7923497267759565,6.1e-05,0.00010933333333333334,c
c,FromPlan,syrk,2,SMALL,1.0754098360655737,0.00010166666666666667,0.00010933333333333334,c
c,FromPlan,syrk,3,SMALL,1.0580645161290323,0.00010333333333333333,0.00010933333333333334,c
c,FromPlan,syrk,4,SMALL,0.6051660516605167,0.00018066666666666665,0.00010933333333333334,c
c,FromPlan,syrk,5,SMALL,0.6062846580406654,0.00018033333333333334,0.00010933333333333334,c
c,Naive,syrk,1,SMALL,2.6031746031746033,4.2e-05,0.00010933333333333334,c
c,Naive,syrk,2,SMALL,0.5394736842105263,0.00020266666666666667,0.00010933333333333334,c
c,Naive,syrk,3,SMALL,0.6085343228200372,0.00017966666666666665,0.00010933333333333334,c
c,Naive,syrk,4,SMALL,0.5101088646967341,0.00021433333333333333,0.00010933333333333334,c
c,Naive,syrk,5,SMALL,1.0969899665551839,9.966666666666667e-05,0.00010933333333333334,c
c,standard,syrk,1,SMALL,1.0,0.00010933333333333334,0.00010933333333333334,c
exo,AllHints,syrk,1,SMALL,2.0246913580246915,5.4000000000000005e-05,0.00010933333333333334,c
exo,AllHints,syrk,2,SMALL,2.0,5.466666666666667e-05,0.00010933333333333334,c
exo,AllHints,syrk,3,SMALL,2.582677165354331,4.233333333333333e-05,0.00010933333333333334,c
exo,AllHints,syrk,4,SMALL,1.6649746192893404,6.566666666666666e-05,0.00010933333333333334,c
exo,ChooseHints,syrk,1,SMALL,1.539906103286385,7.1e-05,0.00010933333333333334,c
exo,ChooseHints,syrk,2,SMALL,1.6994818652849744,6.433333333333333e-05,0.00010933333333333334,c
exo,ChooseHints,syrk,4,SMALL,2.0122699386503067,5.433333333333334e-05,0.00010933333333333334,c
exo,ChooseHints,syrk,5,SMALL,1.2330827067669172,8.866666666666668e-05,0.00010933333333333334,c
exo,FromPlan,syrk,2,SMALL,1.0825082508250825,0.000101,0.00010933333333333334,c
exo,Naive,syrk,1,SMALL,1.3839662447257384,7.900000000000001e-05,0.00010933333333333334,c
exo,Naive,syrk,2,SMALL,2.6885245901639343,4.066666666666667e-05,0.00010933333333333334,c
exo,Naive,syrk,4,SMALL,1.9523809523809526,5.6e-05,0.00010933333333333334,c
exo,Naive,syrk,5,SMALL,0.5846702317290553,0.000187,0.00010933333333333334,c
exo,standard,syrk,1,SMALL,0.796116504854369,0.00013733333333333333,0.00010933333333333334,c
exo,standard,syrk,2,SMALL,0.8431876606683804,0.00012966666666666668,0.00010933333333333334,c
exo,standard,syrk,3,SMALL,0.8700265251989391,0.00012566666666666667,0.00010933333333333334,c
exo,standard,syrk,4,SMALL,0.7903614457831326,0.00013833333333333333,0.00010933333333333334,c
exo,standard,syrk,5,SMALL,0.8453608247422681,0.00012933333333333332,0.00010933333333333334,c
halide,AllHints,syrk,2,SMALL,0.17272248551869407,0.000633,0.00010933333333333334,c
halide,AllHints,syrk,3,SMALL,0.12708252615265403,0.0008603333333333333,0.00010933333333333334,c
halide,AllHints,syrk,4,SMALL,0.0846888716757036,0.0012909999999999998,0.00010933333333333334,c
halide,ChooseHints,syrk,1,SMALL,0.03876152209879462,0.002820666666666666,0.00010933333333333334,c
halide,ChooseHints,syrk,3,SMALL,0.15045871559633028,0.0007266666666666667,0.00010933333333333334,c
halide,ChooseHints,syrk,4,SMALL,0.15671285236502627,0.0006976666666666667,0.00010933333333333334,c
halide,FromPlan,syrk,3,SMALL,0.1692466460268318,0.000646,0.00010933333333333334,c
halide,FromPlan,syrk,5,SMALL,0.23512544802867386,0.00046499999999999997,0.00010933333333333334,c
halide,Naive,syrk,1,SMALL,0.22419685577580314,0.0004876666666666667,0.00010933333333333334,c
halide,Naive,syrk,2,SMALL,0.16237623762376238,0.0006733333333333334,0.00010933333333333334,c
halide,Naive,syrk,5,SMALL,0.10807248764415157,0.0010116666666666666,0.00010933333333333334,c
halide,standard,syrk,1,SMALL,0.4902840059790733,0.000223,0.00010933333333333334,c
halide,standard,syrk,2,SMALL,0.49848024316109424,0.00021933333333333334,0.00010933333333333334,c
halide,standard,syrk,3,SMALL,0.4837758112094396,0.000226,0.00010933333333333334,c
halide,standard,syrk,4,SMALL,0.47467438494934877,0.00023033333333333334,0.00010933333333333334,c
halide,standard,syrk,5,SMALL,0.3872491145218418,0.00028233333333333333,0.00010933333333333334,c
noarr,AllHints,syrk,1,SMALL,1.4017094017094018,7.8e-05,0.00010933333333333334,c
noarr,AllHints,syrk,2,SMALL,0.627151051625239,0.00017433333333333333,0.00010933333333333334,c
noarr,AllHints,syrk,3,SMALL,0.8220551378446117,0.00013299999999999998,0.00010933333333333334,c
noarr,AllHints,syrk,4,SMALL,0.6142322097378278,0.000178,0.00010933333333333334,c
noarr,AllHints,syrk,5,SMALL,1.1631205673758864,9.400000000000001e-05,0.00010933333333333334,c
noarr,ChooseHints,syrk,1,SMALL,1.0825082508250825,0.000101,0.00010933333333333334,c
noarr,ChooseHints,syrk,2,SMALL,0.9969604863221885,0.00010966666666666667,0.00010933333333333334,c
noarr,ChooseHints,syrk,3,SMALL,1.2148148148148148,9e-05,0.00010933333333333334,c
noarr,ChooseHints,syrk,4,SMALL,0.7008547008547009,0.000156,0.00010933333333333334,c
noarr,FromPlan,syrk,1,SMALL,0.4719424460431655,0.00023166666666666667,0.00010933333333333334,c
noarr,FromPlan,syrk,2,SMALL,0.5857142857142857,0.00018666666666666666,0.00010933333333333334,c
noarr,FromPlan,syrk,3,SMALL,0.5342019543973942,0.00020466666666666666,0.00010933333333333334,c
noarr,FromPlan,syrk,5,SMALL,0.8058968058968059,0.00013566666666666667,0.00010933333333333334,c
noarr,Naive,syrk,1,SMALL,1.1388888888888888,9.6e-05,0.00010933333333333334,c
noarr,Naive,syrk,2,SMALL,0.6085343228200372,0.00017966666666666665,0.00010933333333333334,c
noarr,Naive,syrk,3,SMALL,0.699360341151386,0.00015633333333333333,0.00010933333333333334,c
noarr,Naive,syrk,4,SMALL,1.3839662447257386,7.9e-05,0.00010933333333333334,c
noarr,Naive,syrk,5,SMALL,1.312,8.333333333333333e-05,0.00010933333333333334,c
noarr,standard,syrk,1,SMALL,1.2615384615384615,8.666666666666668e-05,0.00010933333333333334,c
noarr,standard,syrk,2,SMALL,1.0218068535825546,0.000107,0.00010933333333333334,c
noarr,standard,syrk,4,SMALL,1.2812500000000002,8.533333333333332e-05,0.00010933333333333334,c
noarr,standard,syrk,5,SMALL,1.2812500000000002,8.533333333333332e-05,0.00010933333333333334,c
c,AllHints,trisolv,3,SMALL,0.7499999999999999,1.7333333333333336e-05,1.3e-05,c
c,AllHints,trisolv,4,SMALL,1.026315789473684,1.2666666666666667e-05,1.3e-05,c
c,AllHints,trisolv,5,SMALL,1.026315789473684,1.2666666666666667e-05,1.3e-05,c
c,ChooseHints,trisolv,1,SMALL,0.9750000000000001,1.3333333333333332e-05,1.3e-05,c
c,ChooseHints,trisolv,3,SMALL,1.026315789473684,1.2666666666666667e-05,1.3e-05,c
c,FromPlan,trisolv,1,SMALL,1.0,1.3e-05,1.3e-05,c
c,FromPlan,trisolv,2,SMALL,2.052631578947368,6.333333333333333e-06,1.3e-05,c
c,FromPlan,trisolv,3,SMALL,1.7727272727272727,7.333333333333333e-06,1.3e-05,c
c,FromPlan,trisolv,4,SMALL,1.857142857142857,7e-06,1.3e-05,c
c,FromPlan,trisolv,5,SMALL,1.0,1.3e-05,1.3e-05,c
c,Naive,trisolv,1,SMALL,0.9750000000000001,1.3333333333333332e-05,1.3e-05,c
c,Naive,trisolv,2,SMALL,1.026315789473684,1.2666666666666667e-05,1.3e-05,c
c,Naive,trisolv,3,SMALL,1.0833333333333333,1.2e-05,1.3e-05,c
c,Naive,trisolv,4,SMALL,1.0,1.3e-05,1.3e-05,c
c,standard,trisolv,1,SMALL,1.0,1.3e-05,1.3e-05,c
exo,AllHints,trisolv,1,SMALL,1.026315789473684,1.2666666666666667e-05,1.3e-05,c
exo,AllHints,trisolv,2,SMALL,0.9512195121951218,1.3666666666666667e-05,1.3e-05,c
exo,AllHints,trisolv,3,SMALL,0.9069767441860465,1.4333333333333334e-05,1.3e-05,c
exo,AllHints,trisolv,4,SMALL,0.9512195121951218,1.3666666666666667e-05,1.3e-05,c
exo,AllHints,trisolv,5,SMALL,1.054054054054054,1.2333333333333333e-05,1.3e-05,c
exo,ChooseHints,trisolv,1,SMALL,0.9512195121951218,1.3666666666666667e-05,1.3e-05,c
exo,ChooseHints,trisolv,2,SMALL,0.9750000000000001,1.3333333333333332e-05,1.3e-05,c
exo,ChooseHints,trisolv,3,SMALL,1.0,1.3e-05,1.3e-05,c
exo,ChooseHints,trisolv,5,SMALL,1.0833333333333333,1.2e-05,1.3e-05,c
exo,FromPlan,trisolv,3,SMALL,0.9750000000000001,1.3333333333333332e-05,1.3e-05,c
exo,FromPlan,trisolv,4,SMALL,1.054054054054054,1.2333333333333333e-05,1.3e-05,c
exo,FromPlan,trisolv,5,SMALL,0.8297872340425532,1.5666666666666667e-05,1.3e-05,c
exo,Naive,trisolv,1,SMALL,0.9069767441860465,1.4333333333333334e-05,1.3e-05,c
exo,Naive,trisolv,3,SMALL,1.0,1.3e-05,1.3e-05,c
exo,Naive,trisolv,4,SMALL,1.0,1.3e-05,1.3e-05,c
exo,Naive,trisolv,5,SMALL,0.9750000000000001,1.3333333333333332e-05,1.3e-05,c
exo,standard,trisolv,1,SMALL,0.9069767441860465,1.4333333333333334e-05,1.3e-05,c
exo,standard,trisolv,2,SMALL,0.9750000000000001,1.3333333333333332e-05,1.3e-05,c
exo,standard,trisolv,3,SMALL,0.9750000000000001,1.3333333333333332e-05,1.3e-05,c
exo,standard,trisolv,4,SMALL,0.9750000000000001,1.3333333333333332e-05,1.3e-05,c
exo,standard,trisolv,5,SMALL,0.9512195121951218,1.3666666666666667e-05,1.3e-05,c
halide,ChooseHints,trisolv,4,SMALL,0.06280193236714975,0.00020700000000000002,1.3e-05,c
halide,FromPlan,trisolv,4,SMALL,0.06543624161073826,0.00019866666666666665,1.3e-05,c
halide,Naive,trisolv,5,SMALL,0.10655737704918032,0.000122,1.3e-05,c
halide,standard,trisolv,2,SMALL,0.0693950177935943,0.00018733333333333332,1.3e-05,c
halide,standard,trisolv,3,SMALL,0.06890459363957598,0.00018866666666666665,1.3e-05,c
noarr,AllHints,trisolv,1,SMALL,1.625,8e-06,1.3e-05,c
noarr,AllHints,trisolv,2,SMALL,1.625,8e-06,1.3e-05,c
noarr,AllHints,trisolv,3,SMALL,1.625,8e-06,1.3e-05,c
noarr,AllHints,trisolv,4,SMALL,1.625,8e-06,1.3e-05,c
noarr,AllHints,trisolv,5,SMALL,0.8478260869565216,1.5333333333333334e-05,1.3e-05,c
noarr,ChooseHints,trisolv,1,SMALL,1.625,8e-06,1.3e-05,c
noarr,ChooseHints,trisolv,2,SMALL,1.625,8e-06,1.3e-05,c
noarr,ChooseHints,trisolv,3,SMALL,1.625,8e-06,1.3e-05,c
noarr,ChooseHints,trisolv,4,SMALL,1.625,8e-06,1.3e-05,c
noarr,ChooseHints,trisolv,5,SMALL,1.625,8e-06,1.3e-05,c
noarr,FromPlan,trisolv,1,SMALL,1.625,8e-06,1.3e-05,c
noarr,FromPlan,trisolv,2,SMALL,1.21875,1.0666666666666666e-05,1.3e-05,c
noarr,FromPlan,trisolv,3,SMALL,1.625,8e-06,1.3e-05,c
noarr,FromPlan,trisolv,4,SMALL,1.625,8e-06,1.3e-05,c
noarr,FromPlan,trisolv,5,SMALL,1.1142857142857143,1.1666666666666666e-05,1.3e-05,c
noarr,Naive,trisolv,1,SMALL,1.625,8e-06,1.3e-05,c
noarr,Naive,trisolv,2,SMALL,1.625,8e-06,1.3e-05,c
noarr,Naive,trisolv,3,SMALL,1.625,8e-06,1.3e-05,c
noarr,Naive,trisolv,4,SMALL,1.1142857142857143,1.1666666666666666e-05,1.3e-05,c
noarr,Naive,trisolv,5,SMALL,1.625,8e-06,1.3e-05,c
noarr,standard,trisolv,2,SMALL,1.4444444444444444,9e-06,1.3e-05,c
noarr,standard,trisolv,4,SMALL,1.625,8e-06,1.3e-05,c
noarr,standard,trisolv,5,SMALL,1.56,8.333333333333332e-06,1.3e-05,c
c,AllHints,trmm,1,SMALL,1.4583333333333333,0.000128,0.00018666666666666666,c
c,AllHints,trmm,2,SMALL,3.7086092715231787,5.0333333333333335e-05,0.00018666666666666666,c
c,AllHints,trmm,3,SMALL,4.087591240875912,4.566666666666667e-05,0.00018666666666666666,c
c,AllHints,trmm,4,SMALL,3.835616438356164,4.8666666666666666e-05,0.00018666666666666666,c
c,AllHints,trmm,5,SMALL,0.5049594229035167,0.00036966666666666664,0.00018666666666666666,c
c,ChooseHints,trmm,1,SMALL,3.8095238095238093,4.9e-05,0.00018666666666666666,c
c,ChooseHints,trmm,2,SMALL,3.7837837837837838,4.933333333333333e-05,0.00018666666666666666,c
c,ChooseHints,trmm,3,SMALL,3.7837837837837838,4.933333333333333e-05,0.00018666666666666666,c
c,ChooseHints,trmm,4,SMALL,0.7263294422827496,0.000257,0.00018666666666666666,c
c,ChooseHints,trmm,5,SMALL,4.028776978417266,4.633333333333333e-05,0.00018666666666666666,c
c,FromPlan,trmm,1,SMALL,3.971631205673759,4.7e-05,0.00018666666666666666,c
c,FromPlan,trmm,2,SMALL,2.901554404145078,6.433333333333333e-05,0.00018666666666666666,c
c,FromPlan,trmm,3,SMALL,3.862068965517241,4.8333333333333334e-05,0.00018666666666666666,c
c,FromPlan,trmm,4,SMALL,2.4561403508771926,7.6e-05,0.00018666666666666666,c
c,FromPlan,trmm,5,SMALL,1.2527964205816553,0.00014900000000000002,0.00018666666666666666,c
c,Naive,trmm,1,SMALL,3.4355828220858893,5.433333333333334e-05,0.00018666666666666666,c
c,Naive,trmm,2,SMALL,3.8095238095238093,4.9e-05,0.00018666666666666666,c
c,Naive,trmm,3,SMALL,2.7053140096618358,6.9e-05,0.00018666666666666666,c
c,Naive,trmm,4,SMALL,3.8095238095238093,4.9e-05,0.00018666666666666666,c
c,Naive,trmm,5,SMALL,3.835616438356164,4.8666666666666666e-05,0.00018666666666666666,c
c,standard,trmm,1,SMALL,1.0,0.00018666666666666666,0.00018666666666666666,c
exo,AllHints,trmm,1,SMALL,0.1288244766505636,0.001449,0.00018666666666666666,c
exo,AllHints,trmm,2,SMALL,0.7810320781032078,0.00023899999999999998,0.00018666666666666666,c
exo,AllHints,trmm,3,SMALL,0.12253829321663019,0.0015233333333333334,0.00018666666666666666,c
exo,AllHints,trmm,4,SMALL,0.004683723225412544,0.03985433333333333,0.00018666666666666666,c
exo,ChooseHints,trmm,2,SMALL,1.4814814814814814,0.000126,0.00018666666666666666,c
exo,ChooseHints,trmm,4,SMALL,1.6969696969696968,0.00011,0.00018666666666666666,c
exo,FromPlan,trmm,1,SMALL,1.6568047337278107,0.00011266666666666666,0.00018666666666666666,c
exo,FromPlan,trmm,4,SMALL,1.5342465753424657,0.00012166666666666667,0.00018666666666666666,c
exo,Naive,trmm,2,SMALL,3.2558139534883717,5.7333333333333336e-05,0.00018666666666666666,c
exo,Naive,trmm,3,SMALL,1.2962962962962963,0.000144,0.00018666666666666666,c
exo,Naive,trmm,4,SMALL,0.004429608770625365,0.04214066666666667,0.00018666666666666666,c
exo,Naive,trmm,5,SMALL,0.12646793134598014,0.0014759999999999999,0.00018666666666666666,c
exo,standard,trmm,1,SMALL,0.8588957055214723,0.00021733333333333335,0.00018666666666666666,c
exo,standard,trmm,2,SMALL,0.8615384615384616,0.00021666666666666666,0.00018666666666666666,c
exo,standard,trmm,3,SMALL,0.8497723823975721,0.00021966666666666665,0.00018666666666666666,c
exo,standard,trmm,4,SMALL,0.865533230293663,0.00021566666666666666,0.00018666666666666666,c
exo,standard,trmm,5,SMALL,0.8709175738724728,0.00021433333333333333,0.00018666666666666666,c
halide,AllHints,trmm,2,SMALL,0.21952175617404934,0.0008503333333333335,0.00018666666666666666,c
halide,AllHints,trmm,4,SMALL,0.1917808219178082,0.0009733333333333333,0.00018666666666666666,c
halide,standard,trmm,1,SMALL,0.9364548494983277,0.00019933333333333334,0.00018666666666666666,c
halide,standard,trmm,4,SMALL,1.0256410256410255,0.000182,0.00018666666666666666,c
halide,standard,trmm,5,SMALL,0.9807355516637477,0.00019033333333333334,0.00018666666666666666,c
noarr,AllHints,trmm,1,SMALL,0.07225806451612903,0.0025833333333333333,0.00018666666666666666,c
noarr,AllHints,trmm,3,SMALL,3.4355828220858893,5.433333333333334e-05,0.00018666666666666666,c
noarr,AllHints,trmm,4,SMALL,4.409448818897638,4.233333333333333e-05,0.00018666666666666666,c
noarr,AllHints,trmm,5,SMALL,3.5220125786163514,5.300000000000001e-05,0.00018666666666666666,c
noarr,ChooseHints,trmm,1,SMALL,3.333333333333333,5.6000000000000006e-05,0.00018666666666666666,c
noarr,ChooseHints,trmm,2,SMALL,1.4854111405835544,0.00012566666666666667,0.00018666666666666666,c
noarr,ChooseHints,trmm,3,SMALL,1.443298969072165,0.00012933333333333332,0.00018666666666666666,c
noarr,ChooseHints,trmm,4,SMALL,3.733333333333333,5e-05,0.00018666666666666666,c
noarr,ChooseHints,trmm,5,SMALL,3.733333333333333,5e-05,0.00018666666666666666,c
noarr,FromPlan,trmm,2,SMALL,2.3529411764705883,7.933333333333333e-05,0.00018666666666666666,c
noarr,FromPlan,trmm,3,SMALL,3.373493975903614,5.5333333333333334e-05,0.00018666666666666666,c
noarr,FromPlan,trmm,4,SMALL,3.478260869565217,5.366666666666667e-05,0.00018666666666666666,c
noarr,FromPlan,trmm,5,SMALL,3.5220125786163523,5.2999999999999994e-05,0.00018666666666666666,c
noarr,Naive,trmm,1,SMALL,3.733333333333333,5e-05,0.00018666666666666666,c
noarr,Naive,trmm,2,SMALL,3.5220125786163514,5.300000000000001e-05,0.00018666666666666666,c
noarr,Naive,trmm,3,SMALL,1.4659685863874345,0.00012733333333333333,0.00018666666666666666,c
noarr,Naive,trmm,4,SMALL,1.3895781637717122,0.00013433333333333334,0.00018666666666666666,c
noarr,Naive,trmm,5,SMALL,3.1111111111111107,6e-05,0.00018666666666666666,c
noarr,standard,trmm,1,SMALL,3.478260869565217,5.366666666666667e-05,0.00018666666666666666,c
noarr,standard,trmm,2,SMALL,1.414141414141414,0.000132,0.00018666666666666666,c
noarr,standard,trmm,3,SMALL,1.3895781637717122,0.00013433333333333334,0.00018666666666666666,c
noarr,standard,trmm,4,SMALL,1.0916179337231968,0.000171,0.00018666666666666666,c
noarr,standard,trmm,5,SMALL,1.3333333333333335,0.00014,0.00018666666666666666,c
