framework,version,algorithm,run,time_s,repetition,dataset_size,data_type
c,all_hints,2mm,1,0.216842,1,EXTRALARGE,DOUBLE
c,all_hints,2mm,2,0.217875,1,EXTRALARGE,DOUBLE
c,all_hints,2mm,3,0.218305,1,EXTRALARGE,DOUBLE
c,all_hints,2mm,4,0.216554,1,EXTRALARGE,DOUBLE
c,all_hints,2mm,5,0.217039,1,EXTRALARGE,DOUBLE
c,all_hints,3mm,1,0.365422,1,EXTRALARGE,DOUBLE
c,all_hints,3mm,2,0.366350,1,EXTRALARGE,DOUBLE
c,all_hints,3mm,3,0.360335,1,EXTRALARGE,DOUBLE
c,all_hints,3mm,4,0.364968,1,EXTRALARGE,DOUBLE
c,all_hints,3mm,5,0.361946,1,EXTRALARGE,DOUBLE
c,all_hints,adi,1,10.770161,1,EXTRALARGE,DOUBLE
c,all_hints,adi,2,15.192165,1,EXTRALARGE,DOUBLE
c,all_hints,adi,3,11.590493,1,EXTRALARGE,DOUBLE
c,all_hints,adi,4,11.065326,1,EXTRALARGE,DOUBLE
c,all_hints,adi,5,12.719577,1,EXTRALARGE,DOUBLE
c,all_hints,atax,1,0.001192,1,EXTRALARGE,DOUBLE
c,all_hints,atax,2,0.001188,1,EXTRALARGE,DOUBLE
c,all_hints,atax,3,0.001152,1,EXTRALARGE,DOUBLE
c,all_hints,atax,4,0.001163,1,EXTRALARGE,DOUBLE
c,all_hints,atax,5,0.001177,1,EXTRALARGE,DOUBLE
c,all_hints,bicg,1,0.001144,1,EXTRALARGE,DOUBLE
c,all_hints,bicg,2,0.001164,1,EXTRALARGE,DOUBLE
c,all_hints,bicg,3,0.001142,1,EXTRALARGE,DOUBLE
c,all_hints,bicg,4,0.001155,1,EXTRALARGE,DOUBLE
c,all_hints,bicg,5,0.001144,1,EXTRALARGE,DOUBLE
c,all_hints,cholesky,1,16.201760,1,EXTRALARGE,DOUBLE
c,all_hints,cholesky,2,16.167645,1,EXTRALARGE,DOUBLE
c,all_hints,cholesky,3,16.167639,1,EXTRALARGE,DOUBLE
c,all_hints,cholesky,4,16.161471,1,EXTRALARGE,DOUBLE
c,all_hints,cholesky,5,16.177376,1,EXTRALARGE,DOUBLE
c,all_hints,correlation,1,1.033561,1,EXTRALARGE,DOUBLE
c,all_hints,correlation,2,1.037373,1,EXTRALARGE,DOUBLE
c,all_hints,correlation,3,1.044134,1,EXTRALARGE,DOUBLE
c,all_hints,correlation,4,1.044991,1,EXTRALARGE,DOUBLE
c,all_hints,correlation,5,1.093099,1,EXTRALARGE,DOUBLE
c,all_hints,covariance,1,0.355897,1,EXTRALARGE,DOUBLE
c,all_hints,covariance,2,0.374454,1,EXTRALARGE,DOUBLE
c,all_hints,covariance,3,0.362450,1,EXTRALARGE,DOUBLE
c,all_hints,covariance,4,0.340327,1,EXTRALARGE,DOUBLE
c,all_hints,covariance,5,0.361494,1,EXTRALARGE,DOUBLE
c,all_hints,deriche,1,0.311934,1,EXTRALARGE,DOUBLE
c,all_hints,deriche,2,0.311380,1,EXTRALARGE,DOUBLE
c,all_hints,deriche,3,0.309347,1,EXTRALARGE,DOUBLE
c,all_hints,deriche,4,0.311962,1,EXTRALARGE,DOUBLE
c,all_hints,deriche,5,0.312828,1,EXTRALARGE,DOUBLE
c,all_hints,doitgen,1,0.023150,1,EXTRALARGE,DOUBLE
c,all_hints,doitgen,2,0.022951,1,EXTRALARGE,DOUBLE
c,all_hints,doitgen,3,0.022936,1,EXTRALARGE,DOUBLE
c,all_hints,doitgen,4,0.023219,1,EXTRALARGE,DOUBLE
c,all_hints,doitgen,5,0.023373,1,EXTRALARGE,DOUBLE
c,all_hints,durbin,1,0.118752,1,EXTRALARGE,DOUBLE
c,all_hints,durbin,2,0.119381,1,EXTRALARGE,DOUBLE
c,all_hints,durbin,3,0.118558,1,EXTRALARGE,DOUBLE
c,all_hints,durbin,4,0.119427,1,EXTRALARGE,DOUBLE
c,all_hints,durbin,5,0.118871,1,EXTRALARGE,DOUBLE
c,all_hints,fdtd-2d,1,6.924165,1,EXTRALARGE,DOUBLE
c,all_hints,fdtd-2d,2,6.770191,1,EXTRALARGE,DOUBLE
c,all_hints,fdtd-2d,3,7.426102,1,EXTRALARGE,DOUBLE
c,all_hints,fdtd-2d,4,6.583747,1,EXTRALARGE,DOUBLE
c,all_hints,fdtd-2d,5,6.910901,1,EXTRALARGE,DOUBLE
c,all_hints,floyd-warshall,1,23.790092,1,EXTRALARGE,DOUBLE
c,all_hints,floyd-warshall,2,19.775408,1,EXTRALARGE,DOUBLE
c,all_hints,floyd-warshall,3,23.107261,1,EXTRALARGE,DOUBLE
c,all_hints,floyd-warshall,4,21.093766,1,EXTRALARGE,DOUBLE
c,all_hints,floyd-warshall,5,20.102123,1,EXTRALARGE,DOUBLE
c,all_hints,gemm,1,0.228953,1,EXTRALARGE,DOUBLE
c,all_hints,gemm,2,0.237735,1,EXTRALARGE,DOUBLE
c,all_hints,gemm,3,0.235099,1,EXTRALARGE,DOUBLE
c,all_hints,gemm,4,0.234891,1,EXTRALARGE,DOUBLE
c,all_hints,gemm,5,0.226208,1,EXTRALARGE,DOUBLE
c,all_hints,gemver,1,0.014018,1,EXTRALARGE,DOUBLE
c,all_hints,gemver,2,0.014241,1,EXTRALARGE,DOUBLE
c,all_hints,gemver,3,0.014372,1,EXTRALARGE,DOUBLE
c,all_hints,gemver,4,0.013949,1,EXTRALARGE,DOUBLE
c,all_hints,gemver,5,0.013907,1,EXTRALARGE,DOUBLE
c,all_hints,gesummv,1,0.005396,1,EXTRALARGE,DOUBLE
c,all_hints,gesummv,2,0.005323,1,EXTRALARGE,DOUBLE
c,all_hints,gesummv,3,0.005347,1,EXTRALARGE,DOUBLE
c,all_hints,gesummv,4,0.005393,1,EXTRALARGE,DOUBLE
c,all_hints,gesummv,5,0.005327,1,EXTRALARGE,DOUBLE
c,all_hints,heat-3d,1,6.980781,1,EXTRALARGE,DOUBLE
c,all_hints,heat-3d,2,6.176513,1,EXTRALARGE,DOUBLE
c,all_hints,heat-3d,3,6.056772,1,EXTRALARGE,DOUBLE
c,all_hints,heat-3d,4,7.257652,1,EXTRALARGE,DOUBLE
c,all_hints,heat-3d,5,6.863004,1,EXTRALARGE,DOUBLE
c,all_hints,jacobi-1d,1,0.018510,1,EXTRALARGE,DOUBLE
c,all_hints,jacobi-1d,2,0.018988,1,EXTRALARGE,DOUBLE
c,all_hints,jacobi-1d,3,0.018294,1,EXTRALARGE,DOUBLE
c,all_hints,jacobi-1d,4,0.018352,1,EXTRALARGE,DOUBLE
c,all_hints,jacobi-1d,5,0.018201,1,EXTRALARGE,DOUBLE
c,all_hints,jacobi-2d,1,6.306983,1,EXTRALARGE,DOUBLE
c,all_hints,jacobi-2d,2,6.734726,1,EXTRALARGE,DOUBLE
c,all_hints,jacobi-2d,3,6.459650,1,EXTRALARGE,DOUBLE
c,all_hints,jacobi-2d,4,7.013724,1,EXTRALARGE,DOUBLE
c,all_hints,jacobi-2d,5,6.168407,1,EXTRALARGE,DOUBLE
c,all_hints,lu,1,30.341597,1,EXTRALARGE,DOUBLE
c,all_hints,lu,2,30.479407,1,EXTRALARGE,DOUBLE
c,all_hints,lu,3,30.378793,1,EXTRALARGE,DOUBLE
c,all_hints,lu,4,30.349885,1,EXTRALARGE,DOUBLE
c,all_hints,lu,5,30.344781,1,EXTRALARGE,DOUBLE
c,all_hints,ludcmp,1,30.167132,1,EXTRALARGE,DOUBLE
c,all_hints,ludcmp,2,30.288975,1,EXTRALARGE,DOUBLE
c,all_hints,ludcmp,3,31.232104,1,EXTRALARGE,DOUBLE
c,all_hints,ludcmp,4,30.293960,1,EXTRALARGE,DOUBLE
c,all_hints,ludcmp,5,30.863059,1,EXTRALARGE,DOUBLE
c,all_hints,mvt,1,0.013106,1,EXTRALARGE,DOUBLE
c,all_hints,mvt,2,0.012823,1,EXTRALARGE,DOUBLE
c,all_hints,mvt,3,0.013064,1,EXTRALARGE,DOUBLE
c,all_hints,mvt,4,0.012867,1,EXTRALARGE,DOUBLE
c,all_hints,mvt,5,0.012684,1,EXTRALARGE,DOUBLE
c,all_hints,nussinov,1,6.482965,1,EXTRALARGE,DOUBLE
c,all_hints,nussinov,2,5.358507,1,EXTRALARGE,DOUBLE
c,all_hints,nussinov,3,6.011851,1,EXTRALARGE,DOUBLE
c,all_hints,nussinov,4,5.903650,1,EXTRALARGE,DOUBLE
c,all_hints,nussinov,5,5.733603,1,EXTRALARGE,DOUBLE
c,all_hints,seidel-2d,1,160.606982,1,EXTRALARGE,DOUBLE
c,all_hints,seidel-2d,2,160.588501,1,EXTRALARGE,DOUBLE
c,all_hints,seidel-2d,3,160.596785,1,EXTRALARGE,DOUBLE
c,all_hints,seidel-2d,4,160.595685,1,EXTRALARGE,DOUBLE
c,all_hints,seidel-2d,5,160.598388,1,EXTRALARGE,DOUBLE
c,all_hints,symm,1,0.343842,1,EXTRALARGE,DOUBLE
c,all_hints,symm,2,0.349183,1,EXTRALARGE,DOUBLE
c,all_hints,symm,3,0.338317,1,EXTRALARGE,DOUBLE
c,all_hints,symm,4,0.338729,1,EXTRALARGE,DOUBLE
c,all_hints,symm,5,0.345502,1,EXTRALARGE,DOUBLE
c,all_hints,syr2k,1,0.747573,1,EXTRALARGE,DOUBLE
c,all_hints,syr2k,2,0.799437,1,EXTRALARGE,DOUBLE
c,all_hints,syr2k,3,0.889062,1,EXTRALARGE,DOUBLE
c,all_hints,syr2k,4,0.870363,1,EXTRALARGE,DOUBLE
c,all_hints,syr2k,5,0.816706,1,EXTRALARGE,DOUBLE
c,all_hints,syrk,1,0.401438,1,EXTRALARGE,DOUBLE
c,all_hints,syrk,2,0.411693,1,EXTRALARGE,DOUBLE
c,all_hints,syrk,3,0.456316,1,EXTRALARGE,DOUBLE
c,all_hints,syrk,4,0.420914,1,EXTRALARGE,DOUBLE
c,all_hints,syrk,5,0.415011,1,EXTRALARGE,DOUBLE
c,all_hints,trmm,1,0.363746,1,EXTRALARGE,DOUBLE
c,all_hints,trmm,2,0.373722,1,EXTRALARGE,DOUBLE
c,all_hints,trmm,3,0.388893,1,EXTRALARGE,DOUBLE
c,all_hints,trmm,4,0.362061,1,EXTRALARGE,DOUBLE
c,all_hints,trmm,5,0.367580,1,EXTRALARGE,DOUBLE
c,all_hints,2mm,1,0.223404,2,EXTRALARGE,DOUBLE
c,all_hints,2mm,2,0.217133,2,EXTRALARGE,DOUBLE
c,all_hints,2mm,3,0.224120,2,EXTRALARGE,DOUBLE
c,all_hints,2mm,4,0.213508,2,EXTRALARGE,DOUBLE
c,all_hints,2mm,5,0.215645,2,EXTRALARGE,DOUBLE
c,all_hints,3mm,1,0.361287,2,EXTRALARGE,DOUBLE
c,all_hints,3mm,2,0.366280,2,EXTRALARGE,DOUBLE
c,all_hints,3mm,3,0.366109,2,EXTRALARGE,DOUBLE
c,all_hints,3mm,4,0.367356,2,EXTRALARGE,DOUBLE
c,all_hints,3mm,5,0.367432,2,EXTRALARGE,DOUBLE
c,all_hints,adi,1,10.240461,2,EXTRALARGE,DOUBLE
c,all_hints,adi,2,15.061199,2,EXTRALARGE,DOUBLE
c,all_hints,adi,3,10.302767,2,EXTRALARGE,DOUBLE
c,all_hints,adi,4,12.308895,2,EXTRALARGE,DOUBLE
c,all_hints,adi,5,11.140885,2,EXTRALARGE,DOUBLE
c,all_hints,atax,1,0.002295,2,EXTRALARGE,DOUBLE
c,all_hints,atax,2,0.002165,2,EXTRALARGE,DOUBLE
c,all_hints,atax,3,0.002230,2,EXTRALARGE,DOUBLE
c,all_hints,atax,4,0.002055,2,EXTRALARGE,DOUBLE
c,all_hints,atax,5,0.002108,2,EXTRALARGE,DOUBLE
c,all_hints,cholesky,1,16.347812,2,EXTRALARGE,DOUBLE
c,all_hints,cholesky,2,16.637912,2,EXTRALARGE,DOUBLE
c,all_hints,cholesky,3,16.412084,2,EXTRALARGE,DOUBLE
c,all_hints,cholesky,4,16.350856,2,EXTRALARGE,DOUBLE
c,all_hints,cholesky,5,16.325384,2,EXTRALARGE,DOUBLE
c,all_hints,correlation,1,0.385112,2,EXTRALARGE,DOUBLE
c,all_hints,correlation,2,0.377535,2,EXTRALARGE,DOUBLE
c,all_hints,correlation,3,0.382166,2,EXTRALARGE,DOUBLE
c,all_hints,correlation,4,0.374168,2,EXTRALARGE,DOUBLE
c,all_hints,correlation,5,0.381109,2,EXTRALARGE,DOUBLE
c,all_hints,covariance,1,0.993983,2,EXTRALARGE,DOUBLE
c,all_hints,covariance,2,0.986742,2,EXTRALARGE,DOUBLE
c,all_hints,covariance,3,0.987003,2,EXTRALARGE,DOUBLE
c,all_hints,covariance,4,0.986121,2,EXTRALARGE,DOUBLE
c,all_hints,covariance,5,1.013487,2,EXTRALARGE,DOUBLE
c,all_hints,deriche,1,0.311055,2,EXTRALARGE,DOUBLE
c,all_hints,deriche,2,0.312802,2,EXTRALARGE,DOUBLE
c,all_hints,deriche,3,0.309543,2,EXTRALARGE,DOUBLE
c,all_hints,deriche,4,0.309074,2,EXTRALARGE,DOUBLE
c,all_hints,deriche,5,0.309766,2,EXTRALARGE,DOUBLE
c,all_hints,doitgen,1,0.023437,2,EXTRALARGE,DOUBLE
c,all_hints,doitgen,2,0.023148,2,EXTRALARGE,DOUBLE
c,all_hints,doitgen,3,0.022751,2,EXTRALARGE,DOUBLE
c,all_hints,doitgen,4,0.023585,2,EXTRALARGE,DOUBLE
c,all_hints,doitgen,5,0.023061,2,EXTRALARGE,DOUBLE
c,all_hints,fdtd-2d,1,10.094197,2,EXTRALARGE,DOUBLE
c,all_hints,fdtd-2d,2,7.964871,2,EXTRALARGE,DOUBLE
c,all_hints,fdtd-2d,3,7.611774,2,EXTRALARGE,DOUBLE
c,all_hints,fdtd-2d,4,7.006436,2,EXTRALARGE,DOUBLE
c,all_hints,fdtd-2d,5,7.187441,2,EXTRALARGE,DOUBLE
c,all_hints,floyd-warshall,1,40.157237,2,EXTRALARGE,DOUBLE
c,all_hints,floyd-warshall,2,38.519973,2,EXTRALARGE,DOUBLE
c,all_hints,floyd-warshall,3,38.180046,2,EXTRALARGE,DOUBLE
c,all_hints,floyd-warshall,4,39.982167,2,EXTRALARGE,DOUBLE
c,all_hints,floyd-warshall,5,41.614308,2,EXTRALARGE,DOUBLE
c,all_hints,gemm,1,0.277432,2,EXTRALARGE,DOUBLE
c,all_hints,gemm,2,0.272925,2,EXTRALARGE,DOUBLE
c,all_hints,gemm,3,0.276208,2,EXTRALARGE,DOUBLE
c,all_hints,gemm,4,0.276422,2,EXTRALARGE,DOUBLE
c,all_hints,gemm,5,0.274075,2,EXTRALARGE,DOUBLE
c,all_hints,gemver,1,0.016443,2,EXTRALARGE,DOUBLE
c,all_hints,gemver,2,0.016349,2,EXTRALARGE,DOUBLE
c,all_hints,gemver,3,0.016359,2,EXTRALARGE,DOUBLE
c,all_hints,gemver,4,0.016137,2,EXTRALARGE,DOUBLE
c,all_hints,gemver,5,0.016549,2,EXTRALARGE,DOUBLE
c,all_hints,gesummv,1,0.005347,2,EXTRALARGE,DOUBLE
c,all_hints,gesummv,2,0.005354,2,EXTRALARGE,DOUBLE
c,all_hints,gesummv,3,0.005351,2,EXTRALARGE,DOUBLE
c,all_hints,gesummv,4,0.005316,2,EXTRALARGE,DOUBLE
c,all_hints,gesummv,5,0.005292,2,EXTRALARGE,DOUBLE
c,all_hints,jacobi-1d,1,0.014337,2,EXTRALARGE,DOUBLE
c,all_hints,jacobi-1d,2,0.015030,2,EXTRALARGE,DOUBLE
c,all_hints,jacobi-1d,3,0.014419,2,EXTRALARGE,DOUBLE
c,all_hints,jacobi-1d,4,0.014520,2,EXTRALARGE,DOUBLE
c,all_hints,jacobi-1d,5,0.014394,2,EXTRALARGE,DOUBLE
c,all_hints,jacobi-2d,1,6.011680,2,EXTRALARGE,DOUBLE
c,all_hints,jacobi-2d,2,6.722629,2,EXTRALARGE,DOUBLE
c,all_hints,jacobi-2d,3,5.902545,2,EXTRALARGE,DOUBLE
c,all_hints,jacobi-2d,4,6.506145,2,EXTRALARGE,DOUBLE
c,all_hints,jacobi-2d,5,6.433210,2,EXTRALARGE,DOUBLE
c,all_hints,lu,1,26.670180,2,EXTRALARGE,DOUBLE
c,all_hints,lu,2,28.008126,2,EXTRALARGE,DOUBLE
c,all_hints,lu,3,28.724122,2,EXTRALARGE,DOUBLE
c,all_hints,lu,4,27.841863,2,EXTRALARGE,DOUBLE
c,all_hints,lu,5,26.993798,2,EXTRALARGE,DOUBLE
c,all_hints,ludcmp,1,24.505240,2,EXTRALARGE,DOUBLE
c,all_hints,ludcmp,2,24.292182,2,EXTRALARGE,DOUBLE
c,all_hints,ludcmp,3,24.252823,2,EXTRALARGE,DOUBLE
c,all_hints,ludcmp,4,24.318095,2,EXTRALARGE,DOUBLE
c,all_hints,ludcmp,5,24.249570,2,EXTRALARGE,DOUBLE
c,all_hints,mvt,1,0.012888,2,EXTRALARGE,DOUBLE
c,all_hints,mvt,2,0.012689,2,EXTRALARGE,DOUBLE
c,all_hints,mvt,3,0.012673,2,EXTRALARGE,DOUBLE
c,all_hints,mvt,4,0.012581,2,EXTRALARGE,DOUBLE
c,all_hints,mvt,5,0.012413,2,EXTRALARGE,DOUBLE
c,all_hints,seidel-2d,1,223.631042,2,EXTRALARGE,DOUBLE
c,all_hints,seidel-2d,2,223.633826,2,EXTRALARGE,DOUBLE
c,all_hints,seidel-2d,3,223.612490,2,EXTRALARGE,DOUBLE
c,all_hints,seidel-2d,4,223.624503,2,EXTRALARGE,DOUBLE
c,all_hints,seidel-2d,5,223.618088,2,EXTRALARGE,DOUBLE
c,all_hints,symm,1,6.137517,2,EXTRALARGE,DOUBLE
c,all_hints,symm,2,6.157241,2,EXTRALARGE,DOUBLE
c,all_hints,symm,3,6.071702,2,EXTRALARGE,DOUBLE
c,all_hints,symm,4,6.162413,2,EXTRALARGE,DOUBLE
c,all_hints,symm,5,6.086052,2,EXTRALARGE,DOUBLE
c,all_hints,syr2k,1,0.863128,2,EXTRALARGE,DOUBLE
c,all_hints,syr2k,2,0.874751,2,EXTRALARGE,DOUBLE
c,all_hints,syr2k,3,0.912152,2,EXTRALARGE,DOUBLE
c,all_hints,syr2k,4,0.850503,2,EXTRALARGE,DOUBLE
c,all_hints,syr2k,5,0.865389,2,EXTRALARGE,DOUBLE
c,all_hints,syrk,1,0.363677,2,EXTRALARGE,DOUBLE
c,all_hints,syrk,2,0.368701,2,EXTRALARGE,DOUBLE
c,all_hints,syrk,3,0.363684,2,EXTRALARGE,DOUBLE
c,all_hints,syrk,4,0.369632,2,EXTRALARGE,DOUBLE
c,all_hints,syrk,5,0.369669,2,EXTRALARGE,DOUBLE
c,all_hints,trmm,1,3.175089,2,EXTRALARGE,DOUBLE
c,all_hints,trmm,2,3.285588,2,EXTRALARGE,DOUBLE
c,all_hints,trmm,3,3.184257,2,EXTRALARGE,DOUBLE
c,all_hints,trmm,4,3.195233,2,EXTRALARGE,DOUBLE
c,all_hints,trmm,5,3.186884,2,EXTRALARGE,DOUBLE
c,all_hints,2mm,1,0.223935,3,EXTRALARGE,DOUBLE
c,all_hints,2mm,2,0.221718,3,EXTRALARGE,DOUBLE
c,all_hints,2mm,3,0.221263,3,EXTRALARGE,DOUBLE
c,all_hints,2mm,4,0.219148,3,EXTRALARGE,DOUBLE
c,all_hints,2mm,5,0.224439,3,EXTRALARGE,DOUBLE
c,all_hints,adi,1,12.482308,3,EXTRALARGE,DOUBLE
c,all_hints,adi,2,14.631550,3,EXTRALARGE,DOUBLE
c,all_hints,adi,3,10.797959,3,EXTRALARGE,DOUBLE
c,all_hints,adi,4,13.340536,3,EXTRALARGE,DOUBLE
c,all_hints,adi,5,12.045055,3,EXTRALARGE,DOUBLE
c,all_hints,atax,1,0.001137,3,EXTRALARGE,DOUBLE
c,all_hints,atax,2,0.000989,3,EXTRALARGE,DOUBLE
c,all_hints,atax,3,0.001183,3,EXTRALARGE,DOUBLE
c,all_hints,atax,4,0.000963,3,EXTRALARGE,DOUBLE
c,all_hints,atax,5,0.000959,3,EXTRALARGE,DOUBLE
c,all_hints,bicg,1,0.001101,3,EXTRALARGE,DOUBLE
c,all_hints,bicg,2,0.001116,3,EXTRALARGE,DOUBLE
c,all_hints,bicg,3,0.001078,3,EXTRALARGE,DOUBLE
c,all_hints,bicg,4,0.001075,3,EXTRALARGE,DOUBLE
c,all_hints,bicg,5,0.001109,3,EXTRALARGE,DOUBLE
c,all_hints,cholesky,1,16.402400,3,EXTRALARGE,DOUBLE
c,all_hints,cholesky,2,16.386550,3,EXTRALARGE,DOUBLE
c,all_hints,cholesky,3,16.413127,3,EXTRALARGE,DOUBLE
c,all_hints,cholesky,4,16.434048,3,EXTRALARGE,DOUBLE
c,all_hints,cholesky,5,16.420616,3,EXTRALARGE,DOUBLE
c,all_hints,correlation,1,1.034061,3,EXTRALARGE,DOUBLE
c,all_hints,correlation,2,0.994132,3,EXTRALARGE,DOUBLE
c,all_hints,correlation,3,1.007862,3,EXTRALARGE,DOUBLE
c,all_hints,correlation,4,1.035867,3,EXTRALARGE,DOUBLE
c,all_hints,correlation,5,0.992076,3,EXTRALARGE,DOUBLE
c,all_hints,covariance,1,1.005866,3,EXTRALARGE,DOUBLE
c,all_hints,covariance,2,0.970168,3,EXTRALARGE,DOUBLE
c,all_hints,covariance,3,0.977174,3,EXTRALARGE,DOUBLE
c,all_hints,covariance,4,0.983362,3,EXTRALARGE,DOUBLE
c,all_hints,covariance,5,1.019127,3,EXTRALARGE,DOUBLE
c,all_hints,deriche,1,0.217004,3,EXTRALARGE,DOUBLE
c,all_hints,deriche,2,0.218010,3,EXTRALARGE,DOUBLE
c,all_hints,deriche,3,0.216809,3,EXTRALARGE,DOUBLE
c,all_hints,deriche,4,0.218062,3,EXTRALARGE,DOUBLE
c,all_hints,deriche,5,0.217120,3,EXTRALARGE,DOUBLE
c,all_hints,doitgen,1,0.023121,3,EXTRALARGE,DOUBLE
c,all_hints,doitgen,2,0.023202,3,EXTRALARGE,DOUBLE
c,all_hints,doitgen,3,0.023342,3,EXTRALARGE,DOUBLE
c,all_hints,doitgen,4,0.023386,3,EXTRALARGE,DOUBLE
c,all_hints,doitgen,5,0.023430,3,EXTRALARGE,DOUBLE
c,all_hints,durbin,1,0.019120,3,EXTRALARGE,DOUBLE
c,all_hints,durbin,2,0.019110,3,EXTRALARGE,DOUBLE
c,all_hints,durbin,3,0.019168,3,EXTRALARGE,DOUBLE
c,all_hints,durbin,4,0.019119,3,EXTRALARGE,DOUBLE
c,all_hints,durbin,5,0.019177,3,EXTRALARGE,DOUBLE
c,all_hints,floyd-warshall,1,54.734473,3,EXTRALARGE,DOUBLE
c,all_hints,floyd-warshall,2,56.781459,3,EXTRALARGE,DOUBLE
c,all_hints,floyd-warshall,3,50.911145,3,EXTRALARGE,DOUBLE
c,all_hints,floyd-warshall,4,48.999320,3,EXTRALARGE,DOUBLE
c,all_hints,floyd-warshall,5,83.948565,3,EXTRALARGE,DOUBLE
c,all_hints,gemm,1,0.205912,3,EXTRALARGE,DOUBLE
c,all_hints,gemm,2,0.208065,3,EXTRALARGE,DOUBLE
c,all_hints,gemm,3,0.208882,3,EXTRALARGE,DOUBLE
c,all_hints,gemm,4,0.207104,3,EXTRALARGE,DOUBLE
c,all_hints,gemm,5,0.207436,3,EXTRALARGE,DOUBLE
c,all_hints,gemver,1,0.013077,3,EXTRALARGE,DOUBLE
c,all_hints,gemver,2,0.012959,3,EXTRALARGE,DOUBLE
c,all_hints,gemver,3,0.013049,3,EXTRALARGE,DOUBLE
c,all_hints,gemver,4,0.013097,3,EXTRALARGE,DOUBLE
c,all_hints,gemver,5,0.013398,3,EXTRALARGE,DOUBLE
c,all_hints,gesummv,1,0.005347,3,EXTRALARGE,DOUBLE
c,all_hints,gesummv,2,0.005320,3,EXTRALARGE,DOUBLE
c,all_hints,gesummv,3,0.005364,3,EXTRALARGE,DOUBLE
c,all_hints,gesummv,4,0.005320,3,EXTRALARGE,DOUBLE
c,all_hints,gesummv,5,0.005307,3,EXTRALARGE,DOUBLE
c,all_hints,heat-3d,1,7.128144,3,EXTRALARGE,DOUBLE
c,all_hints,heat-3d,2,7.289745,3,EXTRALARGE,DOUBLE
c,all_hints,heat-3d,3,6.928273,3,EXTRALARGE,DOUBLE
c,all_hints,heat-3d,4,7.199804,3,EXTRALARGE,DOUBLE
c,all_hints,heat-3d,5,7.465152,3,EXTRALARGE,DOUBLE
c,all_hints,jacobi-2d,1,6.525270,3,EXTRALARGE,DOUBLE
c,all_hints,jacobi-2d,2,5.644981,3,EXTRALARGE,DOUBLE
c,all_hints,jacobi-2d,3,5.028885,3,EXTRALARGE,DOUBLE
c,all_hints,jacobi-2d,4,5.421064,3,EXTRALARGE,DOUBLE
c,all_hints,jacobi-2d,5,7.301480,3,EXTRALARGE,DOUBLE
c,all_hints,lu,1,26.154304,3,EXTRALARGE,DOUBLE
c,all_hints,lu,2,28.362435,3,EXTRALARGE,DOUBLE
c,all_hints,lu,3,26.593628,3,EXTRALARGE,DOUBLE
c,all_hints,lu,4,26.205142,3,EXTRALARGE,DOUBLE
c,all_hints,lu,5,26.190775,3,EXTRALARGE,DOUBLE
c,all_hints,ludcmp,1,38.134584,3,EXTRALARGE,DOUBLE
c,all_hints,ludcmp,2,37.876212,3,EXTRALARGE,DOUBLE
c,all_hints,ludcmp,3,37.657710,3,EXTRALARGE,DOUBLE
c,all_hints,ludcmp,4,37.661963,3,EXTRALARGE,DOUBLE
c,all_hints,ludcmp,5,37.641771,3,EXTRALARGE,DOUBLE
c,all_hints,nussinov,1,6.387481,3,EXTRALARGE,DOUBLE
c,all_hints,nussinov,2,5.982369,3,EXTRALARGE,DOUBLE
c,all_hints,nussinov,3,5.883064,3,EXTRALARGE,DOUBLE
c,all_hints,nussinov,4,5.672654,3,EXTRALARGE,DOUBLE
c,all_hints,nussinov,5,5.619520,3,EXTRALARGE,DOUBLE
c,all_hints,seidel-2d,1,223.642632,3,EXTRALARGE,DOUBLE
c,all_hints,seidel-2d,2,223.650286,3,EXTRALARGE,DOUBLE
c,all_hints,seidel-2d,3,223.647009,3,EXTRALARGE,DOUBLE
c,all_hints,seidel-2d,4,223.625849,3,EXTRALARGE,DOUBLE
c,all_hints,seidel-2d,5,223.628058,3,EXTRALARGE,DOUBLE
c,all_hints,symm,1,1.117038,3,EXTRALARGE,DOUBLE
c,all_hints,symm,2,1.070923,3,EXTRALARGE,DOUBLE
c,all_hints,symm,3,1.100255,3,EXTRALARGE,DOUBLE
c,all_hints,symm,4,1.173694,3,EXTRALARGE,DOUBLE
c,all_hints,symm,5,1.104563,3,EXTRALARGE,DOUBLE
c,all_hints,syr2k,1,0.900099,3,EXTRALARGE,DOUBLE
c,all_hints,syr2k,2,0.878456,3,EXTRALARGE,DOUBLE
c,all_hints,syr2k,3,0.856610,3,EXTRALARGE,DOUBLE
c,all_hints,syr2k,4,0.930849,3,EXTRALARGE,DOUBLE
c,all_hints,syr2k,5,0.871159,3,EXTRALARGE,DOUBLE
c,all_hints,syrk,1,0.345992,3,EXTRALARGE,DOUBLE
c,all_hints,syrk,2,0.355033,3,EXTRALARGE,DOUBLE
c,all_hints,syrk,3,0.354964,3,EXTRALARGE,DOUBLE
c,all_hints,syrk,4,0.347988,3,EXTRALARGE,DOUBLE
c,all_hints,syrk,5,0.352000,3,EXTRALARGE,DOUBLE
c,all_hints,trisolv,1,0.012802,3,EXTRALARGE,DOUBLE
c,all_hints,trisolv,2,0.012879,3,EXTRALARGE,DOUBLE
c,all_hints,trisolv,3,0.013127,3,EXTRALARGE,DOUBLE
c,all_hints,trisolv,4,0.012764,3,EXTRALARGE,DOUBLE
c,all_hints,trisolv,5,0.013021,3,EXTRALARGE,DOUBLE
c,all_hints,trmm,1,2.953871,3,EXTRALARGE,DOUBLE
c,all_hints,trmm,2,2.960574,3,EXTRALARGE,DOUBLE
c,all_hints,trmm,3,2.946937,3,EXTRALARGE,DOUBLE
c,all_hints,trmm,4,2.989378,3,EXTRALARGE,DOUBLE
c,all_hints,trmm,5,2.986300,3,EXTRALARGE,DOUBLE
c,all_hints,2mm,1,0.440911,4,EXTRALARGE,DOUBLE
c,all_hints,2mm,2,0.441057,4,EXTRALARGE,DOUBLE
c,all_hints,2mm,3,0.440870,4,EXTRALARGE,DOUBLE
c,all_hints,2mm,4,0.440606,4,EXTRALARGE,DOUBLE
c,all_hints,2mm,5,0.440543,4,EXTRALARGE,DOUBLE
c,all_hints,3mm,1,0.371198,4,EXTRALARGE,DOUBLE
c,all_hints,3mm,2,0.369182,4,EXTRALARGE,DOUBLE
c,all_hints,3mm,3,0.372501,4,EXTRALARGE,DOUBLE
c,all_hints,3mm,4,0.375561,4,EXTRALARGE,DOUBLE
c,all_hints,3mm,5,0.374140,4,EXTRALARGE,DOUBLE
c,all_hints,adi,1,13.695891,4,EXTRALARGE,DOUBLE
c,all_hints,adi,2,11.326239,4,EXTRALARGE,DOUBLE
c,all_hints,adi,3,13.089356,4,EXTRALARGE,DOUBLE
c,all_hints,adi,4,10.608322,4,EXTRALARGE,DOUBLE
c,all_hints,adi,5,15.682923,4,EXTRALARGE,DOUBLE
c,all_hints,atax,1,0.001151,4,EXTRALARGE,DOUBLE
c,all_hints,atax,2,0.001141,4,EXTRALARGE,DOUBLE
c,all_hints,atax,3,0.001164,4,EXTRALARGE,DOUBLE
c,all_hints,atax,4,0.001159,4,EXTRALARGE,DOUBLE
c,all_hints,atax,5,0.001152,4,EXTRALARGE,DOUBLE
c,all_hints,bicg,1,0.001148,4,EXTRALARGE,DOUBLE
c,all_hints,bicg,2,0.001145,4,EXTRALARGE,DOUBLE
c,all_hints,bicg,3,0.001143,4,EXTRALARGE,DOUBLE
c,all_hints,bicg,4,0.001151,4,EXTRALARGE,DOUBLE
c,all_hints,bicg,5,0.001145,4,EXTRALARGE,DOUBLE
c,all_hints,cholesky,1,16.372998,4,EXTRALARGE,DOUBLE
c,all_hints,cholesky,2,16.366108,4,EXTRALARGE,DOUBLE
c,all_hints,cholesky,3,16.372681,4,EXTRALARGE,DOUBLE
c,all_hints,cholesky,4,16.424107,4,EXTRALARGE,DOUBLE
c,all_hints,cholesky,5,16.399479,4,EXTRALARGE,DOUBLE
c,all_hints,correlation,1,0.952111,4,EXTRALARGE,DOUBLE
c,all_hints,correlation,2,1.024401,4,EXTRALARGE,DOUBLE
c,all_hints,correlation,3,0.965154,4,EXTRALARGE,DOUBLE
c,all_hints,correlation,4,1.024715,4,EXTRALARGE,DOUBLE
c,all_hints,correlation,5,0.992015,4,EXTRALARGE,DOUBLE
c,all_hints,deriche,1,0.057649,4,EXTRALARGE,DOUBLE
c,all_hints,deriche,2,0.058047,4,EXTRALARGE,DOUBLE
c,all_hints,deriche,3,0.058405,4,EXTRALARGE,DOUBLE
c,all_hints,deriche,4,0.058048,4,EXTRALARGE,DOUBLE
c,all_hints,deriche,5,0.058666,4,EXTRALARGE,DOUBLE
c,all_hints,doitgen,1,0.023346,4,EXTRALARGE,DOUBLE
c,all_hints,doitgen,2,0.023253,4,EXTRALARGE,DOUBLE
c,all_hints,doitgen,3,0.023487,4,EXTRALARGE,DOUBLE
c,all_hints,doitgen,4,0.023243,4,EXTRALARGE,DOUBLE
c,all_hints,doitgen,5,0.023291,4,EXTRALARGE,DOUBLE
c,all_hints,durbin,1,0.015692,4,EXTRALARGE,DOUBLE
c,all_hints,durbin,2,0.015642,4,EXTRALARGE,DOUBLE
c,all_hints,durbin,3,0.015689,4,EXTRALARGE,DOUBLE
c,all_hints,durbin,4,0.015693,4,EXTRALARGE,DOUBLE
c,all_hints,durbin,5,0.015680,4,EXTRALARGE,DOUBLE
c,all_hints,fdtd-2d,1,7.489581,4,EXTRALARGE,DOUBLE
c,all_hints,fdtd-2d,2,7.559711,4,EXTRALARGE,DOUBLE
c,all_hints,fdtd-2d,3,7.055170,4,EXTRALARGE,DOUBLE
c,all_hints,fdtd-2d,4,7.274683,4,EXTRALARGE,DOUBLE
c,all_hints,fdtd-2d,5,6.977262,4,EXTRALARGE,DOUBLE
c,all_hints,floyd-warshall,1,24.148973,4,EXTRALARGE,DOUBLE
c,all_hints,floyd-warshall,2,22.497092,4,EXTRALARGE,DOUBLE
c,all_hints,floyd-warshall,3,22.652735,4,EXTRALARGE,DOUBLE
c,all_hints,floyd-warshall,4,24.511549,4,EXTRALARGE,DOUBLE
c,all_hints,floyd-warshall,5,22.054752,4,EXTRALARGE,DOUBLE
c,all_hints,gemver,1,0.028102,4,EXTRALARGE,DOUBLE
c,all_hints,gemver,2,0.027917,4,EXTRALARGE,DOUBLE
c,all_hints,gemver,3,0.028083,4,EXTRALARGE,DOUBLE
c,all_hints,gemver,4,0.027955,4,EXTRALARGE,DOUBLE
c,all_hints,gemver,5,0.027982,4,EXTRALARGE,DOUBLE
c,all_hints,gesummv,1,0.005640,4,EXTRALARGE,DOUBLE
c,all_hints,gesummv,2,0.005340,4,EXTRALARGE,DOUBLE
c,all_hints,gesummv,3,0.005330,4,EXTRALARGE,DOUBLE
c,all_hints,gesummv,4,0.005357,4,EXTRALARGE,DOUBLE
c,all_hints,gesummv,5,0.005331,4,EXTRALARGE,DOUBLE
c,all_hints,heat-3d,1,12.633561,4,EXTRALARGE,DOUBLE
c,all_hints,heat-3d,2,13.672616,4,EXTRALARGE,DOUBLE
c,all_hints,heat-3d,3,13.465284,4,EXTRALARGE,DOUBLE
c,all_hints,heat-3d,4,10.990988,4,EXTRALARGE,DOUBLE
c,all_hints,heat-3d,5,13.865378,4,EXTRALARGE,DOUBLE
c,all_hints,jacobi-1d,1,0.014416,4,EXTRALARGE,DOUBLE
c,all_hints,jacobi-1d,2,0.015274,4,EXTRALARGE,DOUBLE
c,all_hints,jacobi-1d,3,0.014662,4,EXTRALARGE,DOUBLE
c,all_hints,jacobi-1d,4,0.014415,4,EXTRALARGE,DOUBLE
c,all_hints,jacobi-1d,5,0.015310,4,EXTRALARGE,DOUBLE
c,all_hints,jacobi-2d,1,6.702540,4,EXTRALARGE,DOUBLE
c,all_hints,jacobi-2d,2,6.368502,4,EXTRALARGE,DOUBLE
c,all_hints,jacobi-2d,3,6.158661,4,EXTRALARGE,DOUBLE
c,all_hints,jacobi-2d,4,6.505782,4,EXTRALARGE,DOUBLE
c,all_hints,jacobi-2d,5,6.180704,4,EXTRALARGE,DOUBLE
c,all_hints,lu,1,30.773418,4,EXTRALARGE,DOUBLE
c,all_hints,lu,2,30.532615,4,EXTRALARGE,DOUBLE
c,all_hints,lu,3,30.703296,4,EXTRALARGE,DOUBLE
c,all_hints,lu,4,30.557272,4,EXTRALARGE,DOUBLE
c,all_hints,lu,5,30.498727,4,EXTRALARGE,DOUBLE
c,all_hints,mvt,1,0.010750,4,EXTRALARGE,DOUBLE
c,all_hints,mvt,2,0.010641,4,EXTRALARGE,DOUBLE
c,all_hints,mvt,3,0.010808,4,EXTRALARGE,DOUBLE
c,all_hints,mvt,4,0.010752,4,EXTRALARGE,DOUBLE
c,all_hints,mvt,5,0.010750,4,EXTRALARGE,DOUBLE
c,all_hints,seidel-2d,1,239.571434,4,EXTRALARGE,DOUBLE
c,all_hints,seidel-2d,2,239.602678,4,EXTRALARGE,DOUBLE
c,all_hints,seidel-2d,3,239.443924,4,EXTRALARGE,DOUBLE
c,all_hints,seidel-2d,4,239.560448,4,EXTRALARGE,DOUBLE
c,all_hints,seidel-2d,5,239.565024,4,EXTRALARGE,DOUBLE
c,all_hints,symm,1,21.229173,4,EXTRALARGE,DOUBLE
c,all_hints,symm,2,19.700976,4,EXTRALARGE,DOUBLE
c,all_hints,symm,3,18.758026,4,EXTRALARGE,DOUBLE
c,all_hints,symm,4,19.470345,4,EXTRALARGE,DOUBLE
c,all_hints,symm,5,18.032736,4,EXTRALARGE,DOUBLE
c,all_hints,syr2k,1,0.851082,4,EXTRALARGE,DOUBLE
c,all_hints,syr2k,2,0.838007,4,EXTRALARGE,DOUBLE
c,all_hints,syr2k,3,0.881684,4,EXTRALARGE,DOUBLE
c,all_hints,syr2k,4,0.912880,4,EXTRALARGE,DOUBLE
c,all_hints,syr2k,5,0.870174,4,EXTRALARGE,DOUBLE
c,all_hints,syrk,1,0.368465,4,EXTRALARGE,DOUBLE
c,all_hints,syrk,2,0.372187,4,EXTRALARGE,DOUBLE
c,all_hints,syrk,3,0.371526,4,EXTRALARGE,DOUBLE
c,all_hints,syrk,4,0.369091,4,EXTRALARGE,DOUBLE
c,all_hints,syrk,5,0.361130,4,EXTRALARGE,DOUBLE
c,all_hints,trisolv,1,0.013016,4,EXTRALARGE,DOUBLE
c,all_hints,trisolv,2,0.013018,4,EXTRALARGE,DOUBLE
c,all_hints,trisolv,3,0.012883,4,EXTRALARGE,DOUBLE
c,all_hints,trisolv,4,0.012773,4,EXTRALARGE,DOUBLE
c,all_hints,trisolv,5,0.012759,4,EXTRALARGE,DOUBLE
c,all_hints,trmm,1,2.777864,4,EXTRALARGE,DOUBLE
c,all_hints,trmm,2,2.786432,4,EXTRALARGE,DOUBLE
c,all_hints,trmm,3,2.788874,4,EXTRALARGE,DOUBLE
c,all_hints,trmm,4,2.836703,4,EXTRALARGE,DOUBLE
c,all_hints,trmm,5,2.808383,4,EXTRALARGE,DOUBLE
c,all_hints,2mm,1,0.154352,5,EXTRALARGE,DOUBLE
c,all_hints,2mm,2,0.154512,5,EXTRALARGE,DOUBLE
c,all_hints,2mm,3,0.154679,5,EXTRALARGE,DOUBLE
c,all_hints,2mm,4,0.154913,5,EXTRALARGE,DOUBLE
c,all_hints,2mm,5,0.154666,5,EXTRALARGE,DOUBLE
c,all_hints,3mm,1,0.619938,5,EXTRALARGE,DOUBLE
c,all_hints,3mm,2,0.619555,5,EXTRALARGE,DOUBLE
c,all_hints,3mm,3,0.620682,5,EXTRALARGE,DOUBLE
c,all_hints,3mm,4,0.618937,5,EXTRALARGE,DOUBLE
c,all_hints,3mm,5,0.620773,5,EXTRALARGE,DOUBLE
c,all_hints,adi,1,12.021625,5,EXTRALARGE,DOUBLE
c,all_hints,adi,2,12.886771,5,EXTRALARGE,DOUBLE
c,all_hints,adi,3,11.027140,5,EXTRALARGE,DOUBLE
c,all_hints,adi,4,11.040034,5,EXTRALARGE,DOUBLE
c,all_hints,adi,5,12.881587,5,EXTRALARGE,DOUBLE
c,all_hints,atax,1,0.001167,5,EXTRALARGE,DOUBLE
c,all_hints,atax,2,0.001163,5,EXTRALARGE,DOUBLE
c,all_hints,atax,3,0.001165,5,EXTRALARGE,DOUBLE
c,all_hints,atax,4,0.001152,5,EXTRALARGE,DOUBLE
c,all_hints,atax,5,0.001144,5,EXTRALARGE,DOUBLE
c,all_hints,bicg,1,0.001118,5,EXTRALARGE,DOUBLE
c,all_hints,bicg,2,0.001122,5,EXTRALARGE,DOUBLE
c,all_hints,bicg,3,0.001113,5,EXTRALARGE,DOUBLE
c,all_hints,bicg,4,0.001175,5,EXTRALARGE,DOUBLE
c,all_hints,bicg,5,0.001118,5,EXTRALARGE,DOUBLE
c,all_hints,cholesky,1,16.189704,5,EXTRALARGE,DOUBLE
c,all_hints,cholesky,2,16.226014,5,EXTRALARGE,DOUBLE
c,all_hints,cholesky,3,16.192324,5,EXTRALARGE,DOUBLE
c,all_hints,cholesky,4,16.183904,5,EXTRALARGE,DOUBLE
c,all_hints,cholesky,5,16.203273,5,EXTRALARGE,DOUBLE
c,all_hints,covariance,1,0.249056,5,EXTRALARGE,DOUBLE
c,all_hints,covariance,2,0.256356,5,EXTRALARGE,DOUBLE
c,all_hints,covariance,3,0.246297,5,EXTRALARGE,DOUBLE
c,all_hints,covariance,4,0.245282,5,EXTRALARGE,DOUBLE
c,all_hints,covariance,5,0.249554,5,EXTRALARGE,DOUBLE
c,all_hints,deriche,1,0.217413,5,EXTRALARGE,DOUBLE
c,all_hints,deriche,2,0.218884,5,EXTRALARGE,DOUBLE
c,all_hints,deriche,3,0.216479,5,EXTRALARGE,DOUBLE
c,all_hints,deriche,4,0.217434,5,EXTRALARGE,DOUBLE
c,all_hints,deriche,5,0.217731,5,EXTRALARGE,DOUBLE
c,all_hints,doitgen,1,0.024068,5,EXTRALARGE,DOUBLE
c,all_hints,doitgen,2,0.023149,5,EXTRALARGE,DOUBLE
c,all_hints,doitgen,3,0.023098,5,EXTRALARGE,DOUBLE
c,all_hints,doitgen,4,0.023022,5,EXTRALARGE,DOUBLE
c,all_hints,doitgen,5,0.023009,5,EXTRALARGE,DOUBLE
c,all_hints,durbin,1,0.015583,5,EXTRALARGE,DOUBLE
c,all_hints,durbin,2,0.015621,5,EXTRALARGE,DOUBLE
c,all_hints,durbin,3,0.015838,5,EXTRALARGE,DOUBLE
c,all_hints,durbin,4,0.015746,5,EXTRALARGE,DOUBLE
c,all_hints,durbin,5,0.015596,5,EXTRALARGE,DOUBLE
c,all_hints,floyd-warshall,1,52.490727,5,EXTRALARGE,DOUBLE
c,all_hints,floyd-warshall,2,71.904650,5,EXTRALARGE,DOUBLE
c,all_hints,floyd-warshall,3,55.614523,5,EXTRALARGE,DOUBLE
c,all_hints,floyd-warshall,4,67.169883,5,EXTRALARGE,DOUBLE
c,all_hints,floyd-warshall,5,51.801406,5,EXTRALARGE,DOUBLE
c,all_hints,gemm,1,0.104447,5,EXTRALARGE,DOUBLE
c,all_hints,gemm,2,0.106321,5,EXTRALARGE,DOUBLE
c,all_hints,gemm,3,0.106534,5,EXTRALARGE,DOUBLE
c,all_hints,gemm,4,0.105897,5,EXTRALARGE,DOUBLE
c,all_hints,gemm,5,0.105755,5,EXTRALARGE,DOUBLE
c,all_hints,gemver,1,0.009961,5,EXTRALARGE,DOUBLE
c,all_hints,gemver,2,0.009598,5,EXTRALARGE,DOUBLE
c,all_hints,gemver,3,0.009796,5,EXTRALARGE,DOUBLE
c,all_hints,gemver,4,0.009991,5,EXTRALARGE,DOUBLE
c,all_hints,gemver,5,0.009488,5,EXTRALARGE,DOUBLE
c,all_hints,gesummv,1,0.005346,5,EXTRALARGE,DOUBLE
c,all_hints,gesummv,2,0.005273,5,EXTRALARGE,DOUBLE
c,all_hints,gesummv,3,0.005341,5,EXTRALARGE,DOUBLE
c,all_hints,gesummv,4,0.005315,5,EXTRALARGE,DOUBLE
c,all_hints,gesummv,5,0.005295,5,EXTRALARGE,DOUBLE
c,all_hints,heat-3d,1,6.128913,5,EXTRALARGE,DOUBLE
c,all_hints,heat-3d,2,6.286583,5,EXTRALARGE,DOUBLE
c,all_hints,heat-3d,3,7.552408,5,EXTRALARGE,DOUBLE
c,all_hints,heat-3d,4,9.145226,5,EXTRALARGE,DOUBLE
c,all_hints,heat-3d,5,6.009156,5,EXTRALARGE,DOUBLE
c,all_hints,jacobi-1d,1,0.017949,5,EXTRALARGE,DOUBLE
c,all_hints,jacobi-1d,2,0.018221,5,EXTRALARGE,DOUBLE
c,all_hints,jacobi-1d,3,0.018059,5,EXTRALARGE,DOUBLE
c,all_hints,jacobi-1d,4,0.017483,5,EXTRALARGE,DOUBLE
c,all_hints,jacobi-1d,5,0.017216,5,EXTRALARGE,DOUBLE
c,all_hints,jacobi-2d,1,6.696231,5,EXTRALARGE,DOUBLE
c,all_hints,jacobi-2d,2,5.946300,5,EXTRALARGE,DOUBLE
c,all_hints,jacobi-2d,3,6.085268,5,EXTRALARGE,DOUBLE
c,all_hints,jacobi-2d,4,5.784033,5,EXTRALARGE,DOUBLE
c,all_hints,jacobi-2d,5,6.042579,5,EXTRALARGE,DOUBLE
c,all_hints,lu,1,30.442206,5,EXTRALARGE,DOUBLE
c,all_hints,lu,2,30.457819,5,EXTRALARGE,DOUBLE
c,all_hints,lu,3,30.490489,5,EXTRALARGE,DOUBLE
c,all_hints,lu,4,29.929796,5,EXTRALARGE,DOUBLE
c,all_hints,lu,5,30.308286,5,EXTRALARGE,DOUBLE
c,all_hints,ludcmp,1,46.044032,5,EXTRALARGE,DOUBLE
c,all_hints,ludcmp,2,46.319990,5,EXTRALARGE,DOUBLE
c,all_hints,ludcmp,3,46.695093,5,EXTRALARGE,DOUBLE
c,all_hints,ludcmp,4,46.729962,5,EXTRALARGE,DOUBLE
c,all_hints,ludcmp,5,46.268919,5,EXTRALARGE,DOUBLE
c,all_hints,mvt,1,0.017849,5,EXTRALARGE,DOUBLE
c,all_hints,mvt,2,0.017534,5,EXTRALARGE,DOUBLE
c,all_hints,mvt,3,0.017709,5,EXTRALARGE,DOUBLE
c,all_hints,mvt,4,0.017750,5,EXTRALARGE,DOUBLE
c,all_hints,mvt,5,0.017568,5,EXTRALARGE,DOUBLE
c,all_hints,nussinov,1,5.440559,5,EXTRALARGE,DOUBLE
c,all_hints,nussinov,2,5.628281,5,EXTRALARGE,DOUBLE
c,all_hints,nussinov,3,5.797561,5,EXTRALARGE,DOUBLE
c,all_hints,nussinov,4,5.570176,5,EXTRALARGE,DOUBLE
c,all_hints,nussinov,5,5.827877,5,EXTRALARGE,DOUBLE
c,all_hints,seidel-2d,1,166.346606,5,EXTRALARGE,DOUBLE
c,all_hints,seidel-2d,2,166.354116,5,EXTRALARGE,DOUBLE
c,all_hints,seidel-2d,3,166.350253,5,EXTRALARGE,DOUBLE
c,all_hints,seidel-2d,4,166.356407,5,EXTRALARGE,DOUBLE
c,all_hints,seidel-2d,5,166.366258,5,EXTRALARGE,DOUBLE
c,all_hints,symm,1,0.536767,5,EXTRALARGE,DOUBLE
c,all_hints,symm,2,0.487506,5,EXTRALARGE,DOUBLE
c,all_hints,symm,3,0.514975,5,EXTRALARGE,DOUBLE
c,all_hints,symm,4,0.482194,5,EXTRALARGE,DOUBLE
c,all_hints,symm,5,0.573757,5,EXTRALARGE,DOUBLE
c,all_hints,syr2k,1,0.809844,5,EXTRALARGE,DOUBLE
c,all_hints,syr2k,2,0.746803,5,EXTRALARGE,DOUBLE
c,all_hints,syr2k,3,0.826075,5,EXTRALARGE,DOUBLE
c,all_hints,syr2k,4,0.766895,5,EXTRALARGE,DOUBLE
c,all_hints,syr2k,5,0.792266,5,EXTRALARGE,DOUBLE
c,all_hints,syrk,1,0.440142,5,EXTRALARGE,DOUBLE
c,all_hints,syrk,2,0.409412,5,EXTRALARGE,DOUBLE
c,all_hints,syrk,3,0.417265,5,EXTRALARGE,DOUBLE
c,all_hints,syrk,4,0.393954,5,EXTRALARGE,DOUBLE
c,all_hints,syrk,5,0.430228,5,EXTRALARGE,DOUBLE
c,all_hints,trisolv,1,0.012857,5,EXTRALARGE,DOUBLE
c,all_hints,trisolv,2,0.013012,5,EXTRALARGE,DOUBLE
c,all_hints,trisolv,3,0.012881,5,EXTRALARGE,DOUBLE
c,all_hints,trisolv,4,0.013008,5,EXTRALARGE,DOUBLE
c,all_hints,trisolv,5,0.012993,5,EXTRALARGE,DOUBLE
c,all_hints,trmm,1,0.214630,5,EXTRALARGE,DOUBLE
c,all_hints,trmm,2,0.220059,5,EXTRALARGE,DOUBLE
c,all_hints,trmm,3,0.216811,5,EXTRALARGE,DOUBLE
c,all_hints,trmm,4,0.217364,5,EXTRALARGE,DOUBLE
c,all_hints,trmm,5,0.215552,5,EXTRALARGE,DOUBLE
noarr,all_hints,2mm,1,8.863767,1,EXTRALARGE,DOUBLE
noarr,all_hints,2mm,2,8.823671,1,EXTRALARGE,DOUBLE
noarr,all_hints,2mm,3,8.877400,1,EXTRALARGE,DOUBLE
noarr,all_hints,2mm,4,8.878032,1,EXTRALARGE,DOUBLE
noarr,all_hints,2mm,5,8.850148,1,EXTRALARGE,DOUBLE
noarr,all_hints,3mm,1,32.504963,1,EXTRALARGE,DOUBLE
noarr,all_hints,3mm,2,32.521149,1,EXTRALARGE,DOUBLE
noarr,all_hints,3mm,3,32.452586,1,EXTRALARGE,DOUBLE
noarr,all_hints,3mm,4,32.507787,1,EXTRALARGE,DOUBLE
noarr,all_hints,3mm,5,32.446510,1,EXTRALARGE,DOUBLE
noarr,all_hints,adi,1,13.211755,1,EXTRALARGE,DOUBLE
noarr,all_hints,adi,2,12.539147,1,EXTRALARGE,DOUBLE
noarr,all_hints,adi,3,11.714192,1,EXTRALARGE,DOUBLE
noarr,all_hints,adi,4,12.524490,1,EXTRALARGE,DOUBLE
noarr,all_hints,adi,5,13.265366,1,EXTRALARGE,DOUBLE
noarr,all_hints,atax,1,0.008301,1,EXTRALARGE,DOUBLE
noarr,all_hints,atax,2,0.008244,1,EXTRALARGE,DOUBLE
noarr,all_hints,atax,3,0.008238,1,EXTRALARGE,DOUBLE
noarr,all_hints,atax,4,0.008238,1,EXTRALARGE,DOUBLE
noarr,all_hints,atax,5,0.008235,1,EXTRALARGE,DOUBLE
noarr,all_hints,bicg,1,0.006450,1,EXTRALARGE,DOUBLE
noarr,all_hints,bicg,2,0.006560,1,EXTRALARGE,DOUBLE
noarr,all_hints,bicg,3,0.006529,1,EXTRALARGE,DOUBLE
noarr,all_hints,bicg,4,0.006470,1,EXTRALARGE,DOUBLE
noarr,all_hints,bicg,5,0.006532,1,EXTRALARGE,DOUBLE
noarr,all_hints,correlation,1,20.119883,1,EXTRALARGE,DOUBLE
noarr,all_hints,correlation,2,20.122793,1,EXTRALARGE,DOUBLE
noarr,all_hints,correlation,3,20.206543,1,EXTRALARGE,DOUBLE
noarr,all_hints,correlation,4,20.103850,1,EXTRALARGE,DOUBLE
noarr,all_hints,correlation,5,20.110006,1,EXTRALARGE,DOUBLE
noarr,all_hints,covariance,1,6.002281,1,EXTRALARGE,DOUBLE
noarr,all_hints,covariance,2,5.981396,1,EXTRALARGE,DOUBLE
noarr,all_hints,covariance,3,5.988678,1,EXTRALARGE,DOUBLE
noarr,all_hints,covariance,4,5.978421,1,EXTRALARGE,DOUBLE
noarr,all_hints,covariance,5,5.975140,1,EXTRALARGE,DOUBLE
noarr,all_hints,deriche,1,0.392206,1,EXTRALARGE,DOUBLE
noarr,all_hints,deriche,2,0.391654,1,EXTRALARGE,DOUBLE
noarr,all_hints,deriche,3,0.393266,1,EXTRALARGE,DOUBLE
noarr,all_hints,deriche,4,0.396241,1,EXTRALARGE,DOUBLE
noarr,all_hints,deriche,5,0.392390,1,EXTRALARGE,DOUBLE
noarr,all_hints,doitgen,1,1.165209,1,EXTRALARGE,DOUBLE
noarr,all_hints,doitgen,2,1.167755,1,EXTRALARGE,DOUBLE
noarr,all_hints,doitgen,3,1.167301,1,EXTRALARGE,DOUBLE
noarr,all_hints,doitgen,4,1.165672,1,EXTRALARGE,DOUBLE
noarr,all_hints,doitgen,5,1.165588,1,EXTRALARGE,DOUBLE
noarr,all_hints,durbin,1,0.015121,1,EXTRALARGE,DOUBLE
noarr,all_hints,durbin,2,0.015144,1,EXTRALARGE,DOUBLE
noarr,all_hints,durbin,3,0.015078,1,EXTRALARGE,DOUBLE
noarr,all_hints,durbin,4,0.015114,1,EXTRALARGE,DOUBLE
noarr,all_hints,durbin,5,0.015090,1,EXTRALARGE,DOUBLE
noarr,all_hints,fdtd-2d,1,6.806455,1,EXTRALARGE,DOUBLE
noarr,all_hints,fdtd-2d,2,7.681252,1,EXTRALARGE,DOUBLE
noarr,all_hints,fdtd-2d,3,7.077177,1,EXTRALARGE,DOUBLE
noarr,all_hints,fdtd-2d,4,7.973531,1,EXTRALARGE,DOUBLE
noarr,all_hints,fdtd-2d,5,7.386491,1,EXTRALARGE,DOUBLE
noarr,all_hints,floyd-warshall,1,135.274989,1,EXTRALARGE,DOUBLE
noarr,all_hints,floyd-warshall,2,135.193810,1,EXTRALARGE,DOUBLE
noarr,all_hints,floyd-warshall,3,134.159519,1,EXTRALARGE,DOUBLE
noarr,all_hints,floyd-warshall,4,135.175511,1,EXTRALARGE,DOUBLE
noarr,all_hints,floyd-warshall,5,134.100424,1,EXTRALARGE,DOUBLE
noarr,all_hints,gemver,1,0.048847,1,EXTRALARGE,DOUBLE
noarr,all_hints,gemver,2,0.049612,1,EXTRALARGE,DOUBLE
noarr,all_hints,gemver,3,0.049041,1,EXTRALARGE,DOUBLE
noarr,all_hints,gemver,4,0.049241,1,EXTRALARGE,DOUBLE
noarr,all_hints,gemver,5,0.050113,1,EXTRALARGE,DOUBLE
noarr,all_hints,gesummv,1,0.014056,1,EXTRALARGE,DOUBLE
noarr,all_hints,gesummv,2,0.014127,1,EXTRALARGE,DOUBLE
noarr,all_hints,gesummv,3,0.014383,1,EXTRALARGE,DOUBLE
noarr,all_hints,gesummv,4,0.014188,1,EXTRALARGE,DOUBLE
noarr,all_hints,gesummv,5,0.014144,1,EXTRALARGE,DOUBLE
noarr,all_hints,jacobi-1d,1,0.061996,1,EXTRALARGE,DOUBLE
noarr,all_hints,jacobi-1d,2,0.062651,1,EXTRALARGE,DOUBLE
noarr,all_hints,jacobi-1d,3,0.062931,1,EXTRALARGE,DOUBLE
noarr,all_hints,jacobi-1d,4,0.061386,1,EXTRALARGE,DOUBLE
noarr,all_hints,jacobi-1d,5,0.062193,1,EXTRALARGE,DOUBLE
noarr,all_hints,jacobi-2d,1,6.360982,1,EXTRALARGE,DOUBLE
noarr,all_hints,jacobi-2d,2,6.403092,1,EXTRALARGE,DOUBLE
noarr,all_hints,jacobi-2d,3,5.853112,1,EXTRALARGE,DOUBLE
noarr,all_hints,jacobi-2d,4,5.969426,1,EXTRALARGE,DOUBLE
noarr,all_hints,jacobi-2d,5,6.080764,1,EXTRALARGE,DOUBLE
noarr,all_hints,lu,1,50.782480,1,EXTRALARGE,DOUBLE
noarr,all_hints,lu,2,50.798989,1,EXTRALARGE,DOUBLE
noarr,all_hints,lu,3,50.814407,1,EXTRALARGE,DOUBLE
noarr,all_hints,lu,4,50.903260,1,EXTRALARGE,DOUBLE
noarr,all_hints,lu,5,50.908812,1,EXTRALARGE,DOUBLE
noarr,all_hints,ludcmp,1,50.661144,1,EXTRALARGE,DOUBLE
noarr,all_hints,ludcmp,2,50.995048,1,EXTRALARGE,DOUBLE
noarr,all_hints,ludcmp,3,50.664188,1,EXTRALARGE,DOUBLE
noarr,all_hints,ludcmp,4,50.672750,1,EXTRALARGE,DOUBLE
noarr,all_hints,ludcmp,5,50.979463,1,EXTRALARGE,DOUBLE
noarr,all_hints,mvt,1,0.017226,1,EXTRALARGE,DOUBLE
noarr,all_hints,mvt,2,0.017133,1,EXTRALARGE,DOUBLE
noarr,all_hints,mvt,3,0.016809,1,EXTRALARGE,DOUBLE
noarr,all_hints,mvt,4,0.016999,1,EXTRALARGE,DOUBLE
noarr,all_hints,mvt,5,0.017175,1,EXTRALARGE,DOUBLE
noarr,all_hints,seidel-2d,1,217.899045,1,EXTRALARGE,DOUBLE
noarr,all_hints,seidel-2d,2,217.903176,1,EXTRALARGE,DOUBLE
noarr,all_hints,seidel-2d,3,217.898254,1,EXTRALARGE,DOUBLE
noarr,all_hints,seidel-2d,4,217.895717,1,EXTRALARGE,DOUBLE
noarr,all_hints,seidel-2d,5,217.907198,1,EXTRALARGE,DOUBLE
noarr,all_hints,symm,1,0.164126,1,EXTRALARGE,DOUBLE
noarr,all_hints,symm,2,0.155205,1,EXTRALARGE,DOUBLE
noarr,all_hints,symm,3,0.153809,1,EXTRALARGE,DOUBLE
noarr,all_hints,symm,4,0.153914,1,EXTRALARGE,DOUBLE
noarr,all_hints,symm,5,0.157511,1,EXTRALARGE,DOUBLE
noarr,all_hints,syr2k,1,22.194816,1,EXTRALARGE,DOUBLE
noarr,all_hints,syr2k,2,22.153050,1,EXTRALARGE,DOUBLE
noarr,all_hints,syr2k,3,22.201457,1,EXTRALARGE,DOUBLE
noarr,all_hints,syr2k,4,22.343813,1,EXTRALARGE,DOUBLE
noarr,all_hints,syr2k,5,22.347988,1,EXTRALARGE,DOUBLE
noarr,all_hints,syrk,1,7.836372,1,EXTRALARGE,DOUBLE
noarr,all_hints,syrk,2,7.902445,1,EXTRALARGE,DOUBLE
noarr,all_hints,syrk,3,7.854879,1,EXTRALARGE,DOUBLE
noarr,all_hints,syrk,4,7.931170,1,EXTRALARGE,DOUBLE
noarr,all_hints,syrk,5,7.860474,1,EXTRALARGE,DOUBLE
noarr,all_hints,trisolv,1,0.012701,1,EXTRALARGE,DOUBLE
noarr,all_hints,trisolv,2,0.012441,1,EXTRALARGE,DOUBLE
noarr,all_hints,trisolv,3,0.012413,1,EXTRALARGE,DOUBLE
noarr,all_hints,trisolv,4,0.012594,1,EXTRALARGE,DOUBLE
noarr,all_hints,trisolv,5,0.012486,1,EXTRALARGE,DOUBLE
noarr,all_hints,trmm,1,0.177696,1,EXTRALARGE,DOUBLE
noarr,all_hints,trmm,2,0.177770,1,EXTRALARGE,DOUBLE
noarr,all_hints,trmm,3,0.177787,1,EXTRALARGE,DOUBLE
noarr,all_hints,trmm,4,0.180401,1,EXTRALARGE,DOUBLE
noarr,all_hints,trmm,5,0.178387,1,EXTRALARGE,DOUBLE
noarr,all_hints,2mm,1,0.244769,2,EXTRALARGE,DOUBLE
noarr,all_hints,2mm,2,0.245353,2,EXTRALARGE,DOUBLE
noarr,all_hints,2mm,3,0.245985,2,EXTRALARGE,DOUBLE
noarr,all_hints,2mm,4,0.244832,2,EXTRALARGE,DOUBLE
noarr,all_hints,2mm,5,0.245941,2,EXTRALARGE,DOUBLE
noarr,all_hints,3mm,1,13.615191,2,EXTRALARGE,DOUBLE
noarr,all_hints,3mm,2,13.742661,2,EXTRALARGE,DOUBLE
noarr,all_hints,3mm,3,13.791555,2,EXTRALARGE,DOUBLE
noarr,all_hints,3mm,4,13.754803,2,EXTRALARGE,DOUBLE
noarr,all_hints,3mm,5,13.722239,2,EXTRALARGE,DOUBLE
noarr,all_hints,adi,1,16.365985,2,EXTRALARGE,DOUBLE
noarr,all_hints,adi,2,19.150589,2,EXTRALARGE,DOUBLE
noarr,all_hints,adi,3,12.773732,2,EXTRALARGE,DOUBLE
noarr,all_hints,adi,4,11.190328,2,EXTRALARGE,DOUBLE
noarr,all_hints,adi,5,13.841543,2,EXTRALARGE,DOUBLE
noarr,all_hints,atax,1,0.008356,2,EXTRALARGE,DOUBLE
noarr,all_hints,atax,2,0.008223,2,EXTRALARGE,DOUBLE
noarr,all_hints,atax,3,0.008276,2,EXTRALARGE,DOUBLE
noarr,all_hints,atax,4,0.008248,2,EXTRALARGE,DOUBLE
noarr,all_hints,atax,5,0.008153,2,EXTRALARGE,DOUBLE
noarr,all_hints,bicg,1,0.007388,2,EXTRALARGE,DOUBLE
noarr,all_hints,bicg,2,0.007193,2,EXTRALARGE,DOUBLE
noarr,all_hints,bicg,3,0.007302,2,EXTRALARGE,DOUBLE
noarr,all_hints,bicg,4,0.007219,2,EXTRALARGE,DOUBLE
noarr,all_hints,bicg,5,0.007217,2,EXTRALARGE,DOUBLE
noarr,all_hints,correlation,1,20.549157,2,EXTRALARGE,DOUBLE
noarr,all_hints,correlation,2,20.549192,2,EXTRALARGE,DOUBLE
noarr,all_hints,correlation,3,20.547056,2,EXTRALARGE,DOUBLE
noarr,all_hints,correlation,4,20.540030,2,EXTRALARGE,DOUBLE
noarr,all_hints,correlation,5,20.550641,2,EXTRALARGE,DOUBLE
noarr,all_hints,covariance,1,20.046767,2,EXTRALARGE,DOUBLE
noarr,all_hints,covariance,2,20.125712,2,EXTRALARGE,DOUBLE
noarr,all_hints,covariance,3,20.137601,2,EXTRALARGE,DOUBLE
noarr,all_hints,covariance,4,20.113851,2,EXTRALARGE,DOUBLE
noarr,all_hints,covariance,5,20.131470,2,EXTRALARGE,DOUBLE
noarr,all_hints,deriche,1,0.393270,2,EXTRALARGE,DOUBLE
noarr,all_hints,deriche,2,0.391102,2,EXTRALARGE,DOUBLE
noarr,all_hints,deriche,3,0.391923,2,EXTRALARGE,DOUBLE
noarr,all_hints,deriche,4,0.392680,2,EXTRALARGE,DOUBLE
noarr,all_hints,deriche,5,0.391602,2,EXTRALARGE,DOUBLE
noarr,all_hints,doitgen,1,1.318883,2,EXTRALARGE,DOUBLE
noarr,all_hints,doitgen,2,1.319226,2,EXTRALARGE,DOUBLE
noarr,all_hints,doitgen,3,1.321793,2,EXTRALARGE,DOUBLE
noarr,all_hints,doitgen,4,1.321056,2,EXTRALARGE,DOUBLE
noarr,all_hints,doitgen,5,1.318836,2,EXTRALARGE,DOUBLE
noarr,all_hints,durbin,1,0.017422,2,EXTRALARGE,DOUBLE
noarr,all_hints,durbin,2,0.017421,2,EXTRALARGE,DOUBLE
noarr,all_hints,durbin,3,0.017401,2,EXTRALARGE,DOUBLE
noarr,all_hints,durbin,4,0.017404,2,EXTRALARGE,DOUBLE
noarr,all_hints,durbin,5,0.017389,2,EXTRALARGE,DOUBLE
noarr,all_hints,floyd-warshall,1,24.579982,2,EXTRALARGE,DOUBLE
noarr,all_hints,floyd-warshall,2,18.650188,2,EXTRALARGE,DOUBLE
noarr,all_hints,floyd-warshall,3,21.480459,2,EXTRALARGE,DOUBLE
noarr,all_hints,floyd-warshall,4,25.427974,2,EXTRALARGE,DOUBLE
noarr,all_hints,floyd-warshall,5,23.697745,2,EXTRALARGE,DOUBLE
noarr,all_hints,gemm,1,26.163778,2,EXTRALARGE,DOUBLE
noarr,all_hints,gemm,2,26.176618,2,EXTRALARGE,DOUBLE
noarr,all_hints,gemm,3,26.125478,2,EXTRALARGE,DOUBLE
noarr,all_hints,gemm,4,25.959484,2,EXTRALARGE,DOUBLE
noarr,all_hints,gemm,5,26.178329,2,EXTRALARGE,DOUBLE
noarr,all_hints,gemver,1,0.031503,2,EXTRALARGE,DOUBLE
noarr,all_hints,gemver,2,0.030994,2,EXTRALARGE,DOUBLE
noarr,all_hints,gemver,3,0.031184,2,EXTRALARGE,DOUBLE
noarr,all_hints,gemver,4,0.030900,2,EXTRALARGE,DOUBLE
noarr,all_hints,gemver,5,0.031104,2,EXTRALARGE,DOUBLE
noarr,all_hints,gesummv,1,0.005891,2,EXTRALARGE,DOUBLE
noarr,all_hints,gesummv,2,0.005489,2,EXTRALARGE,DOUBLE
noarr,all_hints,gesummv,3,0.005344,2,EXTRALARGE,DOUBLE
noarr,all_hints,gesummv,4,0.005361,2,EXTRALARGE,DOUBLE
noarr,all_hints,gesummv,5,0.005357,2,EXTRALARGE,DOUBLE
noarr,all_hints,heat-3d,1,14.401794,2,EXTRALARGE,DOUBLE
noarr,all_hints,heat-3d,2,11.659660,2,EXTRALARGE,DOUBLE
noarr,all_hints,heat-3d,3,13.285075,2,EXTRALARGE,DOUBLE
noarr,all_hints,heat-3d,4,14.618205,2,EXTRALARGE,DOUBLE
noarr,all_hints,heat-3d,5,14.987092,2,EXTRALARGE,DOUBLE
noarr,all_hints,jacobi-1d,1,0.003481,2,EXTRALARGE,DOUBLE
noarr,all_hints,jacobi-1d,2,0.003478,2,EXTRALARGE,DOUBLE
noarr,all_hints,jacobi-1d,3,0.003481,2,EXTRALARGE,DOUBLE
noarr,all_hints,jacobi-1d,4,0.003483,2,EXTRALARGE,DOUBLE
noarr,all_hints,jacobi-1d,5,0.003484,2,EXTRALARGE,DOUBLE
noarr,all_hints,jacobi-2d,1,5.886513,2,EXTRALARGE,DOUBLE
noarr,all_hints,jacobi-2d,2,6.541689,2,EXTRALARGE,DOUBLE
noarr,all_hints,jacobi-2d,3,5.938206,2,EXTRALARGE,DOUBLE
noarr,all_hints,jacobi-2d,4,7.031168,2,EXTRALARGE,DOUBLE
noarr,all_hints,jacobi-2d,5,6.719200,2,EXTRALARGE,DOUBLE
noarr,all_hints,lu,1,51.498097,2,EXTRALARGE,DOUBLE
noarr,all_hints,lu,2,51.266037,2,EXTRALARGE,DOUBLE
noarr,all_hints,lu,3,51.236081,2,EXTRALARGE,DOUBLE
noarr,all_hints,lu,4,51.220460,2,EXTRALARGE,DOUBLE
noarr,all_hints,lu,5,51.182636,2,EXTRALARGE,DOUBLE
noarr,all_hints,ludcmp,1,42.569325,2,EXTRALARGE,DOUBLE
noarr,all_hints,ludcmp,2,42.536757,2,EXTRALARGE,DOUBLE
noarr,all_hints,ludcmp,3,41.989297,2,EXTRALARGE,DOUBLE
noarr,all_hints,ludcmp,4,42.012430,2,EXTRALARGE,DOUBLE
noarr,all_hints,ludcmp,5,42.536508,2,EXTRALARGE,DOUBLE
noarr,all_hints,mvt,1,0.027364,2,EXTRALARGE,DOUBLE
noarr,all_hints,mvt,2,0.027409,2,EXTRALARGE,DOUBLE
noarr,all_hints,mvt,3,0.027475,2,EXTRALARGE,DOUBLE
noarr,all_hints,mvt,4,0.028216,2,EXTRALARGE,DOUBLE
noarr,all_hints,mvt,5,0.027220,2,EXTRALARGE,DOUBLE
noarr,all_hints,seidel-2d,1,174.986464,2,EXTRALARGE,DOUBLE
noarr,all_hints,seidel-2d,2,174.978114,2,EXTRALARGE,DOUBLE
noarr,all_hints,seidel-2d,3,174.978221,2,EXTRALARGE,DOUBLE
noarr,all_hints,seidel-2d,4,175.006921,2,EXTRALARGE,DOUBLE
noarr,all_hints,seidel-2d,5,175.012501,2,EXTRALARGE,DOUBLE
noarr,all_hints,symm,1,15.964354,2,EXTRALARGE,DOUBLE
noarr,all_hints,symm,2,16.005981,2,EXTRALARGE,DOUBLE
noarr,all_hints,symm,3,16.042599,2,EXTRALARGE,DOUBLE
noarr,all_hints,symm,4,16.038789,2,EXTRALARGE,DOUBLE
noarr,all_hints,symm,5,15.867824,2,EXTRALARGE,DOUBLE
noarr,all_hints,syr2k,1,22.330250,2,EXTRALARGE,DOUBLE
noarr,all_hints,syr2k,2,22.301131,2,EXTRALARGE,DOUBLE
noarr,all_hints,syr2k,3,22.359450,2,EXTRALARGE,DOUBLE
noarr,all_hints,syr2k,4,22.344520,2,EXTRALARGE,DOUBLE
noarr,all_hints,syr2k,5,22.349681,2,EXTRALARGE,DOUBLE
noarr,all_hints,syrk,1,12.956111,2,EXTRALARGE,DOUBLE
noarr,all_hints,syrk,2,12.990221,2,EXTRALARGE,DOUBLE
noarr,all_hints,syrk,3,12.981919,2,EXTRALARGE,DOUBLE
noarr,all_hints,syrk,4,12.988044,2,EXTRALARGE,DOUBLE
noarr,all_hints,syrk,5,12.966604,2,EXTRALARGE,DOUBLE
noarr,all_hints,trisolv,1,0.012491,2,EXTRALARGE,DOUBLE
noarr,all_hints,trisolv,2,0.012735,2,EXTRALARGE,DOUBLE
noarr,all_hints,trisolv,3,0.012622,2,EXTRALARGE,DOUBLE
noarr,all_hints,trisolv,4,0.012393,2,EXTRALARGE,DOUBLE
noarr,all_hints,trisolv,5,0.012392,2,EXTRALARGE,DOUBLE
noarr,all_hints,2mm,1,8.824636,3,EXTRALARGE,DOUBLE
noarr,all_hints,2mm,2,8.773550,3,EXTRALARGE,DOUBLE
noarr,all_hints,2mm,3,8.968750,3,EXTRALARGE,DOUBLE
noarr,all_hints,2mm,4,8.950123,3,EXTRALARGE,DOUBLE
noarr,all_hints,2mm,5,8.976028,3,EXTRALARGE,DOUBLE
noarr,all_hints,3mm,1,0.399779,3,EXTRALARGE,DOUBLE
noarr,all_hints,3mm,2,0.400102,3,EXTRALARGE,DOUBLE
noarr,all_hints,3mm,3,0.397579,3,EXTRALARGE,DOUBLE
noarr,all_hints,3mm,4,0.400836,3,EXTRALARGE,DOUBLE
noarr,all_hints,3mm,5,0.400054,3,EXTRALARGE,DOUBLE
noarr,all_hints,adi,1,11.041783,3,EXTRALARGE,DOUBLE
noarr,all_hints,adi,2,12.540647,3,EXTRALARGE,DOUBLE
noarr,all_hints,adi,3,11.749172,3,EXTRALARGE,DOUBLE
noarr,all_hints,adi,4,11.142937,3,EXTRALARGE,DOUBLE
noarr,all_hints,adi,5,11.399110,3,EXTRALARGE,DOUBLE
noarr,all_hints,atax,1,0.004773,3,EXTRALARGE,DOUBLE
noarr,all_hints,atax,2,0.004420,3,EXTRALARGE,DOUBLE
noarr,all_hints,atax,3,0.004570,3,EXTRALARGE,DOUBLE
noarr,all_hints,atax,4,0.004601,3,EXTRALARGE,DOUBLE
noarr,all_hints,atax,5,0.004627,3,EXTRALARGE,DOUBLE
noarr,all_hints,bicg,1,0.006823,3,EXTRALARGE,DOUBLE
noarr,all_hints,bicg,2,0.006894,3,EXTRALARGE,DOUBLE
noarr,all_hints,bicg,3,0.006812,3,EXTRALARGE,DOUBLE
noarr,all_hints,bicg,4,0.006800,3,EXTRALARGE,DOUBLE
noarr,all_hints,bicg,5,0.006820,3,EXTRALARGE,DOUBLE
noarr,all_hints,correlation,1,20.306468,3,EXTRALARGE,DOUBLE
noarr,all_hints,correlation,2,20.183519,3,EXTRALARGE,DOUBLE
noarr,all_hints,correlation,3,20.184785,3,EXTRALARGE,DOUBLE
noarr,all_hints,correlation,4,20.175878,3,EXTRALARGE,DOUBLE
noarr,all_hints,correlation,5,20.163655,3,EXTRALARGE,DOUBLE
noarr,all_hints,covariance,1,6.056536,3,EXTRALARGE,DOUBLE
noarr,all_hints,covariance,2,6.010338,3,EXTRALARGE,DOUBLE
noarr,all_hints,covariance,3,6.079980,3,EXTRALARGE,DOUBLE
noarr,all_hints,covariance,4,6.044412,3,EXTRALARGE,DOUBLE
noarr,all_hints,covariance,5,6.079363,3,EXTRALARGE,DOUBLE
noarr,all_hints,deriche,1,1.394057,3,EXTRALARGE,DOUBLE
noarr,all_hints,deriche,2,1.410663,3,EXTRALARGE,DOUBLE
noarr,all_hints,deriche,3,1.413578,3,EXTRALARGE,DOUBLE
noarr,all_hints,deriche,4,1.410945,3,EXTRALARGE,DOUBLE
noarr,all_hints,deriche,5,1.413204,3,EXTRALARGE,DOUBLE
noarr,all_hints,doitgen,1,1.070707,3,EXTRALARGE,DOUBLE
noarr,all_hints,doitgen,2,1.073732,3,EXTRALARGE,DOUBLE
noarr,all_hints,doitgen,3,1.072632,3,EXTRALARGE,DOUBLE
noarr,all_hints,doitgen,4,1.074466,3,EXTRALARGE,DOUBLE
noarr,all_hints,doitgen,5,1.074011,3,EXTRALARGE,DOUBLE
noarr,all_hints,durbin,1,0.015094,3,EXTRALARGE,DOUBLE
noarr,all_hints,durbin,2,0.015103,3,EXTRALARGE,DOUBLE
noarr,all_hints,durbin,3,0.015086,3,EXTRALARGE,DOUBLE
noarr,all_hints,durbin,4,0.015107,3,EXTRALARGE,DOUBLE
noarr,all_hints,durbin,5,0.015101,3,EXTRALARGE,DOUBLE
noarr,all_hints,floyd-warshall,1,21.365237,3,EXTRALARGE,DOUBLE
noarr,all_hints,floyd-warshall,2,19.879367,3,EXTRALARGE,DOUBLE
noarr,all_hints,floyd-warshall,3,17.468015,3,EXTRALARGE,DOUBLE
noarr,all_hints,floyd-warshall,4,22.200585,3,EXTRALARGE,DOUBLE
noarr,all_hints,floyd-warshall,5,25.025863,3,EXTRALARGE,DOUBLE
noarr,all_hints,gemm,1,18.554221,3,EXTRALARGE,DOUBLE
noarr,all_hints,gemm,2,18.503403,3,EXTRALARGE,DOUBLE
noarr,all_hints,gemm,3,18.518658,3,EXTRALARGE,DOUBLE
noarr,all_hints,gemm,4,18.531461,3,EXTRALARGE,DOUBLE
noarr,all_hints,gemm,5,18.468340,3,EXTRALARGE,DOUBLE
noarr,all_hints,gemver,1,0.031083,3,EXTRALARGE,DOUBLE
noarr,all_hints,gemver,2,0.031100,3,EXTRALARGE,DOUBLE
noarr,all_hints,gemver,3,0.031119,3,EXTRALARGE,DOUBLE
noarr,all_hints,gemver,4,0.031314,3,EXTRALARGE,DOUBLE
noarr,all_hints,gemver,5,0.031031,3,EXTRALARGE,DOUBLE
noarr,all_hints,gesummv,1,0.014465,3,EXTRALARGE,DOUBLE
noarr,all_hints,gesummv,2,0.013883,3,EXTRALARGE,DOUBLE
noarr,all_hints,gesummv,3,0.014114,3,EXTRALARGE,DOUBLE
noarr,all_hints,gesummv,4,0.013921,3,EXTRALARGE,DOUBLE
noarr,all_hints,gesummv,5,0.013807,3,EXTRALARGE,DOUBLE
noarr,all_hints,heat-3d,1,12.286236,3,EXTRALARGE,DOUBLE
noarr,all_hints,heat-3d,2,13.540536,3,EXTRALARGE,DOUBLE
noarr,all_hints,heat-3d,3,14.934178,3,EXTRALARGE,DOUBLE
noarr,all_hints,heat-3d,4,13.451957,3,EXTRALARGE,DOUBLE
noarr,all_hints,heat-3d,5,15.072071,3,EXTRALARGE,DOUBLE
noarr,all_hints,jacobi-1d,1,0.003476,3,EXTRALARGE,DOUBLE
noarr,all_hints,jacobi-1d,2,0.003473,3,EXTRALARGE,DOUBLE
noarr,all_hints,jacobi-1d,3,0.003515,3,EXTRALARGE,DOUBLE
noarr,all_hints,jacobi-1d,4,0.003477,3,EXTRALARGE,DOUBLE
noarr,all_hints,jacobi-1d,5,0.003472,3,EXTRALARGE,DOUBLE
noarr,all_hints,jacobi-2d,1,6.583004,3,EXTRALARGE,DOUBLE
noarr,all_hints,jacobi-2d,2,5.854769,3,EXTRALARGE,DOUBLE
noarr,all_hints,jacobi-2d,3,6.778801,3,EXTRALARGE,DOUBLE
noarr,all_hints,jacobi-2d,4,6.228711,3,EXTRALARGE,DOUBLE
noarr,all_hints,jacobi-2d,5,5.940056,3,EXTRALARGE,DOUBLE
noarr,all_hints,lu,1,32.037591,3,EXTRALARGE,DOUBLE
noarr,all_hints,lu,2,31.865012,3,EXTRALARGE,DOUBLE
noarr,all_hints,lu,3,31.904646,3,EXTRALARGE,DOUBLE
noarr,all_hints,lu,4,31.872765,3,EXTRALARGE,DOUBLE
noarr,all_hints,lu,5,31.912273,3,EXTRALARGE,DOUBLE
noarr,all_hints,ludcmp,1,51.367277,3,EXTRALARGE,DOUBLE
noarr,all_hints,ludcmp,2,51.127727,3,EXTRALARGE,DOUBLE
noarr,all_hints,ludcmp,3,51.328839,3,EXTRALARGE,DOUBLE
noarr,all_hints,ludcmp,4,51.411367,3,EXTRALARGE,DOUBLE
noarr,all_hints,ludcmp,5,51.417559,3,EXTRALARGE,DOUBLE
noarr,all_hints,mvt,1,0.024397,3,EXTRALARGE,DOUBLE
noarr,all_hints,mvt,2,0.024251,3,EXTRALARGE,DOUBLE
noarr,all_hints,mvt,3,0.024470,3,EXTRALARGE,DOUBLE
noarr,all_hints,mvt,4,0.024256,3,EXTRALARGE,DOUBLE
noarr,all_hints,mvt,5,0.024164,3,EXTRALARGE,DOUBLE
noarr,all_hints,seidel-2d,1,172.106391,3,EXTRALARGE,DOUBLE
noarr,all_hints,seidel-2d,2,172.093444,3,EXTRALARGE,DOUBLE
noarr,all_hints,seidel-2d,3,172.100074,3,EXTRALARGE,DOUBLE
noarr,all_hints,seidel-2d,4,172.093024,3,EXTRALARGE,DOUBLE
noarr,all_hints,seidel-2d,5,172.096702,3,EXTRALARGE,DOUBLE
noarr,all_hints,symm,1,0.345148,3,EXTRALARGE,DOUBLE
noarr,all_hints,symm,2,0.344515,3,EXTRALARGE,DOUBLE
noarr,all_hints,symm,3,0.352744,3,EXTRALARGE,DOUBLE
noarr,all_hints,symm,4,0.342707,3,EXTRALARGE,DOUBLE
noarr,all_hints,symm,5,0.346768,3,EXTRALARGE,DOUBLE
noarr,all_hints,syr2k,1,22.548707,3,EXTRALARGE,DOUBLE
noarr,all_hints,syr2k,2,22.543424,3,EXTRALARGE,DOUBLE
noarr,all_hints,syr2k,3,22.533832,3,EXTRALARGE,DOUBLE
noarr,all_hints,syr2k,4,22.524071,3,EXTRALARGE,DOUBLE
noarr,all_hints,syr2k,5,22.487793,3,EXTRALARGE,DOUBLE
noarr,all_hints,syrk,1,7.920964,3,EXTRALARGE,DOUBLE
noarr,all_hints,syrk,2,7.994437,3,EXTRALARGE,DOUBLE
noarr,all_hints,syrk,3,7.808673,3,EXTRALARGE,DOUBLE
noarr,all_hints,syrk,4,7.802333,3,EXTRALARGE,DOUBLE
noarr,all_hints,syrk,5,7.792057,3,EXTRALARGE,DOUBLE
noarr,all_hints,trisolv,1,0.012698,3,EXTRALARGE,DOUBLE
noarr,all_hints,trisolv,2,0.012517,3,EXTRALARGE,DOUBLE
noarr,all_hints,trisolv,3,0.012453,3,EXTRALARGE,DOUBLE
noarr,all_hints,trisolv,4,0.012438,3,EXTRALARGE,DOUBLE
noarr,all_hints,trisolv,5,0.012470,3,EXTRALARGE,DOUBLE
noarr,all_hints,trmm,1,2.917080,3,EXTRALARGE,DOUBLE
noarr,all_hints,trmm,2,2.921504,3,EXTRALARGE,DOUBLE
noarr,all_hints,trmm,3,2.901059,3,EXTRALARGE,DOUBLE
noarr,all_hints,trmm,4,2.889382,3,EXTRALARGE,DOUBLE
noarr,all_hints,trmm,5,2.893221,3,EXTRALARGE,DOUBLE
noarr,all_hints,2mm,1,8.825026,4,EXTRALARGE,DOUBLE
noarr,all_hints,2mm,2,8.849665,4,EXTRALARGE,DOUBLE
noarr,all_hints,2mm,3,8.940101,4,EXTRALARGE,DOUBLE
noarr,all_hints,2mm,4,8.940258,4,EXTRALARGE,DOUBLE
noarr,all_hints,2mm,5,8.940578,4,EXTRALARGE,DOUBLE
noarr,all_hints,3mm,1,13.573763,4,EXTRALARGE,DOUBLE
noarr,all_hints,3mm,2,13.677094,4,EXTRALARGE,DOUBLE
noarr,all_hints,3mm,3,13.789896,4,EXTRALARGE,DOUBLE
noarr,all_hints,3mm,4,13.532718,4,EXTRALARGE,DOUBLE
noarr,all_hints,3mm,5,13.674387,4,EXTRALARGE,DOUBLE
noarr,all_hints,adi,1,11.492664,4,EXTRALARGE,DOUBLE
noarr,all_hints,adi,2,11.594536,4,EXTRALARGE,DOUBLE
noarr,all_hints,adi,3,16.422898,4,EXTRALARGE,DOUBLE
noarr,all_hints,adi,4,17.248950,4,EXTRALARGE,DOUBLE
noarr,all_hints,adi,5,11.852665,4,EXTRALARGE,DOUBLE
noarr,all_hints,atax,1,0.008234,4,EXTRALARGE,DOUBLE
noarr,all_hints,atax,2,0.008271,4,EXTRALARGE,DOUBLE
noarr,all_hints,atax,3,0.008220,4,EXTRALARGE,DOUBLE
noarr,all_hints,atax,4,0.008221,4,EXTRALARGE,DOUBLE
noarr,all_hints,atax,5,0.008218,4,EXTRALARGE,DOUBLE
noarr,all_hints,bicg,1,0.006824,4,EXTRALARGE,DOUBLE
noarr,all_hints,bicg,2,0.006827,4,EXTRALARGE,DOUBLE
noarr,all_hints,bicg,3,0.006820,4,EXTRALARGE,DOUBLE
noarr,all_hints,bicg,4,0.006871,4,EXTRALARGE,DOUBLE
noarr,all_hints,bicg,5,0.006819,4,EXTRALARGE,DOUBLE
noarr,all_hints,correlation,1,20.239112,4,EXTRALARGE,DOUBLE
noarr,all_hints,correlation,2,20.267963,4,EXTRALARGE,DOUBLE
noarr,all_hints,correlation,3,20.341856,4,EXTRALARGE,DOUBLE
noarr,all_hints,correlation,4,20.245738,4,EXTRALARGE,DOUBLE
noarr,all_hints,correlation,5,20.332247,4,EXTRALARGE,DOUBLE
noarr,all_hints,covariance,1,6.027119,4,EXTRALARGE,DOUBLE
noarr,all_hints,covariance,2,5.937219,4,EXTRALARGE,DOUBLE
noarr,all_hints,covariance,3,5.970474,4,EXTRALARGE,DOUBLE
noarr,all_hints,covariance,4,5.942613,4,EXTRALARGE,DOUBLE
noarr,all_hints,covariance,5,5.961011,4,EXTRALARGE,DOUBLE
noarr,all_hints,doitgen,1,1.172034,4,EXTRALARGE,DOUBLE
noarr,all_hints,doitgen,2,1.172923,4,EXTRALARGE,DOUBLE
noarr,all_hints,doitgen,3,1.173202,4,EXTRALARGE,DOUBLE
noarr,all_hints,doitgen,4,1.172707,4,EXTRALARGE,DOUBLE
noarr,all_hints,doitgen,5,1.175398,4,EXTRALARGE,DOUBLE
noarr,all_hints,durbin,1,0.008469,4,EXTRALARGE,DOUBLE
noarr,all_hints,durbin,2,0.008469,4,EXTRALARGE,DOUBLE
noarr,all_hints,durbin,3,0.008513,4,EXTRALARGE,DOUBLE
noarr,all_hints,durbin,4,0.008466,4,EXTRALARGE,DOUBLE
noarr,all_hints,durbin,5,0.008474,4,EXTRALARGE,DOUBLE
noarr,all_hints,fdtd-2d,1,6.758257,4,EXTRALARGE,DOUBLE
noarr,all_hints,fdtd-2d,2,6.854708,4,EXTRALARGE,DOUBLE
noarr,all_hints,fdtd-2d,3,6.419456,4,EXTRALARGE,DOUBLE
noarr,all_hints,fdtd-2d,4,6.709114,4,EXTRALARGE,DOUBLE
noarr,all_hints,fdtd-2d,5,6.292786,4,EXTRALARGE,DOUBLE
noarr,all_hints,floyd-warshall,1,134.283903,4,EXTRALARGE,DOUBLE
noarr,all_hints,floyd-warshall,2,134.221471,4,EXTRALARGE,DOUBLE
noarr,all_hints,floyd-warshall,3,134.284596,4,EXTRALARGE,DOUBLE
noarr,all_hints,floyd-warshall,4,134.267918,4,EXTRALARGE,DOUBLE
noarr,all_hints,floyd-warshall,5,134.250157,4,EXTRALARGE,DOUBLE
noarr,all_hints,gemm,1,7.779716,4,EXTRALARGE,DOUBLE
noarr,all_hints,gemm,2,7.839818,4,EXTRALARGE,DOUBLE
noarr,all_hints,gemm,3,7.853596,4,EXTRALARGE,DOUBLE
noarr,all_hints,gemm,4,7.836423,4,EXTRALARGE,DOUBLE
noarr,all_hints,gemm,5,7.849213,4,EXTRALARGE,DOUBLE
noarr,all_hints,gemver,1,0.087225,4,EXTRALARGE,DOUBLE
noarr,all_hints,gemver,2,0.087176,4,EXTRALARGE,DOUBLE
noarr,all_hints,gemver,3,0.087235,4,EXTRALARGE,DOUBLE
noarr,all_hints,gemver,4,0.087934,4,EXTRALARGE,DOUBLE
noarr,all_hints,gemver,5,0.086047,4,EXTRALARGE,DOUBLE
noarr,all_hints,gesummv,1,0.014085,4,EXTRALARGE,DOUBLE
noarr,all_hints,gesummv,2,0.014097,4,EXTRALARGE,DOUBLE
noarr,all_hints,gesummv,3,0.014080,4,EXTRALARGE,DOUBLE
noarr,all_hints,gesummv,4,0.014047,4,EXTRALARGE,DOUBLE
noarr,all_hints,gesummv,5,0.013946,4,EXTRALARGE,DOUBLE
noarr,all_hints,heat-3d,1,13.058036,4,EXTRALARGE,DOUBLE
noarr,all_hints,heat-3d,2,12.505542,4,EXTRALARGE,DOUBLE
noarr,all_hints,heat-3d,3,14.630391,4,EXTRALARGE,DOUBLE
noarr,all_hints,heat-3d,4,15.263458,4,EXTRALARGE,DOUBLE
noarr,all_hints,heat-3d,5,12.137015,4,EXTRALARGE,DOUBLE
noarr,all_hints,jacobi-1d,1,0.060596,4,EXTRALARGE,DOUBLE
noarr,all_hints,jacobi-1d,2,0.058658,4,EXTRALARGE,DOUBLE
noarr,all_hints,jacobi-1d,3,0.059145,4,EXTRALARGE,DOUBLE
noarr,all_hints,jacobi-1d,4,0.057442,4,EXTRALARGE,DOUBLE
noarr,all_hints,jacobi-1d,5,0.058052,4,EXTRALARGE,DOUBLE
noarr,all_hints,jacobi-2d,1,6.165798,4,EXTRALARGE,DOUBLE
noarr,all_hints,jacobi-2d,2,6.840490,4,EXTRALARGE,DOUBLE
noarr,all_hints,jacobi-2d,3,6.643991,4,EXTRALARGE,DOUBLE
noarr,all_hints,jacobi-2d,4,6.424783,4,EXTRALARGE,DOUBLE
noarr,all_hints,jacobi-2d,5,6.751385,4,EXTRALARGE,DOUBLE
noarr,all_hints,lu,1,50.750929,4,EXTRALARGE,DOUBLE
noarr,all_hints,lu,2,50.837400,4,EXTRALARGE,DOUBLE
noarr,all_hints,lu,3,50.842180,4,EXTRALARGE,DOUBLE
noarr,all_hints,lu,4,50.797386,4,EXTRALARGE,DOUBLE
noarr,all_hints,lu,5,50.803768,4,EXTRALARGE,DOUBLE
noarr,all_hints,ludcmp,1,50.591967,4,EXTRALARGE,DOUBLE
noarr,all_hints,ludcmp,2,51.172756,4,EXTRALARGE,DOUBLE
noarr,all_hints,ludcmp,3,51.185557,4,EXTRALARGE,DOUBLE
noarr,all_hints,ludcmp,4,51.169688,4,EXTRALARGE,DOUBLE
noarr,all_hints,ludcmp,5,51.449962,4,EXTRALARGE,DOUBLE
noarr,all_hints,mvt,1,0.017280,4,EXTRALARGE,DOUBLE
noarr,all_hints,mvt,2,0.016817,4,EXTRALARGE,DOUBLE
noarr,all_hints,mvt,3,0.016663,4,EXTRALARGE,DOUBLE
noarr,all_hints,mvt,4,0.016590,4,EXTRALARGE,DOUBLE
noarr,all_hints,mvt,5,0.016759,4,EXTRALARGE,DOUBLE
noarr,all_hints,seidel-2d,1,160.574881,4,EXTRALARGE,DOUBLE
noarr,all_hints,seidel-2d,2,160.591703,4,EXTRALARGE,DOUBLE
noarr,all_hints,seidel-2d,3,160.594157,4,EXTRALARGE,DOUBLE
noarr,all_hints,seidel-2d,4,160.602688,4,EXTRALARGE,DOUBLE
noarr,all_hints,seidel-2d,5,160.604023,4,EXTRALARGE,DOUBLE
noarr,all_hints,symm,1,0.154789,4,EXTRALARGE,DOUBLE
noarr,all_hints,symm,2,0.155578,4,EXTRALARGE,DOUBLE
noarr,all_hints,symm,3,0.156526,4,EXTRALARGE,DOUBLE
noarr,all_hints,symm,4,0.154847,4,EXTRALARGE,DOUBLE
noarr,all_hints,symm,5,0.154637,4,EXTRALARGE,DOUBLE
noarr,all_hints,syr2k,1,17.487926,4,EXTRALARGE,DOUBLE
noarr,all_hints,syr2k,2,17.414146,4,EXTRALARGE,DOUBLE
noarr,all_hints,syr2k,3,17.490678,4,EXTRALARGE,DOUBLE
noarr,all_hints,syr2k,4,17.426361,4,EXTRALARGE,DOUBLE
noarr,all_hints,syr2k,5,17.378082,4,EXTRALARGE,DOUBLE
noarr,all_hints,syrk,1,9.941423,4,EXTRALARGE,DOUBLE
noarr,all_hints,syrk,2,9.924408,4,EXTRALARGE,DOUBLE
noarr,all_hints,syrk,3,9.921660,4,EXTRALARGE,DOUBLE
noarr,all_hints,syrk,4,9.929533,4,EXTRALARGE,DOUBLE
noarr,all_hints,syrk,5,9.917220,4,EXTRALARGE,DOUBLE
noarr,all_hints,trisolv,1,0.012381,4,EXTRALARGE,DOUBLE
noarr,all_hints,trisolv,2,0.012569,4,EXTRALARGE,DOUBLE
noarr,all_hints,trisolv,3,0.012369,4,EXTRALARGE,DOUBLE
noarr,all_hints,trisolv,4,0.012634,4,EXTRALARGE,DOUBLE
noarr,all_hints,trisolv,5,0.012710,4,EXTRALARGE,DOUBLE
noarr,all_hints,trmm,1,3.364635,4,EXTRALARGE,DOUBLE
noarr,all_hints,trmm,2,3.367408,4,EXTRALARGE,DOUBLE
noarr,all_hints,trmm,3,3.364497,4,EXTRALARGE,DOUBLE
noarr,all_hints,trmm,4,3.370027,4,EXTRALARGE,DOUBLE
noarr,all_hints,trmm,5,3.359994,4,EXTRALARGE,DOUBLE
noarr,all_hints,2mm,1,8.740035,5,EXTRALARGE,DOUBLE
noarr,all_hints,2mm,2,8.751817,5,EXTRALARGE,DOUBLE
noarr,all_hints,2mm,3,8.816428,5,EXTRALARGE,DOUBLE
noarr,all_hints,2mm,4,8.803308,5,EXTRALARGE,DOUBLE
noarr,all_hints,2mm,5,8.819160,5,EXTRALARGE,DOUBLE
noarr,all_hints,3mm,1,44.495618,5,EXTRALARGE,DOUBLE
noarr,all_hints,3mm,2,44.472996,5,EXTRALARGE,DOUBLE
noarr,all_hints,3mm,3,44.514065,5,EXTRALARGE,DOUBLE
noarr,all_hints,3mm,4,44.430997,5,EXTRALARGE,DOUBLE
noarr,all_hints,3mm,5,44.454517,5,EXTRALARGE,DOUBLE
noarr,all_hints,adi,1,78.296610,5,EXTRALARGE,DOUBLE
noarr,all_hints,adi,2,78.242496,5,EXTRALARGE,DOUBLE
noarr,all_hints,adi,3,78.288387,5,EXTRALARGE,DOUBLE
noarr,all_hints,adi,4,78.234628,5,EXTRALARGE,DOUBLE
noarr,all_hints,adi,5,78.378224,5,EXTRALARGE,DOUBLE
noarr,all_hints,atax,1,0.004790,5,EXTRALARGE,DOUBLE
noarr,all_hints,atax,2,0.004752,5,EXTRALARGE,DOUBLE
noarr,all_hints,atax,3,0.004742,5,EXTRALARGE,DOUBLE
noarr,all_hints,atax,4,0.004611,5,EXTRALARGE,DOUBLE
noarr,all_hints,atax,5,0.004770,5,EXTRALARGE,DOUBLE
noarr,all_hints,bicg,1,0.006462,5,EXTRALARGE,DOUBLE
noarr,all_hints,bicg,2,0.006564,5,EXTRALARGE,DOUBLE
noarr,all_hints,bicg,3,0.006319,5,EXTRALARGE,DOUBLE
noarr,all_hints,bicg,4,0.006415,5,EXTRALARGE,DOUBLE
noarr,all_hints,bicg,5,0.006644,5,EXTRALARGE,DOUBLE
noarr,all_hints,correlation,1,20.200780,5,EXTRALARGE,DOUBLE
noarr,all_hints,correlation,2,20.320262,5,EXTRALARGE,DOUBLE
noarr,all_hints,correlation,3,20.214743,5,EXTRALARGE,DOUBLE
noarr,all_hints,correlation,4,20.307669,5,EXTRALARGE,DOUBLE
noarr,all_hints,correlation,5,20.311917,5,EXTRALARGE,DOUBLE
noarr,all_hints,covariance,1,27.287921,5,EXTRALARGE,DOUBLE
noarr,all_hints,covariance,2,26.887301,5,EXTRALARGE,DOUBLE
noarr,all_hints,covariance,3,26.816499,5,EXTRALARGE,DOUBLE
noarr,all_hints,covariance,4,26.771874,5,EXTRALARGE,DOUBLE
noarr,all_hints,covariance,5,26.820480,5,EXTRALARGE,DOUBLE
noarr,all_hints,doitgen,1,1.170999,5,EXTRALARGE,DOUBLE
noarr,all_hints,doitgen,2,1.169290,5,EXTRALARGE,DOUBLE
noarr,all_hints,doitgen,3,1.266001,5,EXTRALARGE,DOUBLE
noarr,all_hints,doitgen,4,1.172011,5,EXTRALARGE,DOUBLE
noarr,all_hints,doitgen,5,1.171312,5,EXTRALARGE,DOUBLE
noarr,all_hints,durbin,1,0.015089,5,EXTRALARGE,DOUBLE
noarr,all_hints,durbin,2,0.015103,5,EXTRALARGE,DOUBLE
noarr,all_hints,durbin,3,0.015071,5,EXTRALARGE,DOUBLE
noarr,all_hints,durbin,4,0.015080,5,EXTRALARGE,DOUBLE
noarr,all_hints,durbin,5,0.015088,5,EXTRALARGE,DOUBLE
noarr,all_hints,fdtd-2d,1,23.052400,5,EXTRALARGE,DOUBLE
noarr,all_hints,fdtd-2d,2,23.172792,5,EXTRALARGE,DOUBLE
noarr,all_hints,fdtd-2d,3,23.119553,5,EXTRALARGE,DOUBLE
noarr,all_hints,fdtd-2d,4,23.163547,5,EXTRALARGE,DOUBLE
noarr,all_hints,fdtd-2d,5,23.132773,5,EXTRALARGE,DOUBLE
noarr,all_hints,floyd-warshall,1,133.856148,5,EXTRALARGE,DOUBLE
noarr,all_hints,floyd-warshall,2,133.843382,5,EXTRALARGE,DOUBLE
noarr,all_hints,floyd-warshall,3,133.846706,5,EXTRALARGE,DOUBLE
noarr,all_hints,floyd-warshall,4,132.195345,5,EXTRALARGE,DOUBLE
noarr,all_hints,floyd-warshall,5,133.831097,5,EXTRALARGE,DOUBLE
noarr,all_hints,gemm,1,7.738258,5,EXTRALARGE,DOUBLE
noarr,all_hints,gemm,2,7.742684,5,EXTRALARGE,DOUBLE
noarr,all_hints,gemm,3,7.750692,5,EXTRALARGE,DOUBLE
noarr,all_hints,gemm,4,7.754570,5,EXTRALARGE,DOUBLE
noarr,all_hints,gemm,5,7.749818,5,EXTRALARGE,DOUBLE
noarr,all_hints,gemver,1,0.025026,5,EXTRALARGE,DOUBLE
noarr,all_hints,gemver,2,0.024695,5,EXTRALARGE,DOUBLE
noarr,all_hints,gemver,3,0.024812,5,EXTRALARGE,DOUBLE
noarr,all_hints,gemver,4,0.024714,5,EXTRALARGE,DOUBLE
noarr,all_hints,gemver,5,0.024755,5,EXTRALARGE,DOUBLE
noarr,all_hints,gesummv,1,0.008158,5,EXTRALARGE,DOUBLE
noarr,all_hints,gesummv,2,0.007979,5,EXTRALARGE,DOUBLE
noarr,all_hints,gesummv,3,0.008202,5,EXTRALARGE,DOUBLE
noarr,all_hints,gesummv,4,0.008053,5,EXTRALARGE,DOUBLE
noarr,all_hints,gesummv,5,0.008113,5,EXTRALARGE,DOUBLE
noarr,all_hints,heat-3d,1,15.264403,5,EXTRALARGE,DOUBLE
noarr,all_hints,heat-3d,2,13.936202,5,EXTRALARGE,DOUBLE
noarr,all_hints,heat-3d,3,15.071722,5,EXTRALARGE,DOUBLE
noarr,all_hints,heat-3d,4,11.939955,5,EXTRALARGE,DOUBLE
noarr,all_hints,heat-3d,5,14.289495,5,EXTRALARGE,DOUBLE
noarr,all_hints,jacobi-1d,1,0.003479,5,EXTRALARGE,DOUBLE
noarr,all_hints,jacobi-1d,2,0.003477,5,EXTRALARGE,DOUBLE
noarr,all_hints,jacobi-1d,3,0.003469,5,EXTRALARGE,DOUBLE
noarr,all_hints,jacobi-1d,4,0.003472,5,EXTRALARGE,DOUBLE
noarr,all_hints,jacobi-1d,5,0.003489,5,EXTRALARGE,DOUBLE
noarr,all_hints,jacobi-2d,1,6.180071,5,EXTRALARGE,DOUBLE
noarr,all_hints,jacobi-2d,2,5.873018,5,EXTRALARGE,DOUBLE
noarr,all_hints,jacobi-2d,3,5.997896,5,EXTRALARGE,DOUBLE
noarr,all_hints,jacobi-2d,4,6.915585,5,EXTRALARGE,DOUBLE
noarr,all_hints,jacobi-2d,5,6.665696,5,EXTRALARGE,DOUBLE
noarr,all_hints,lu,1,31.930964,5,EXTRALARGE,DOUBLE
noarr,all_hints,lu,2,31.853956,5,EXTRALARGE,DOUBLE
noarr,all_hints,lu,3,31.773628,5,EXTRALARGE,DOUBLE
noarr,all_hints,lu,4,31.739572,5,EXTRALARGE,DOUBLE
noarr,all_hints,lu,5,31.765332,5,EXTRALARGE,DOUBLE
noarr,all_hints,ludcmp,1,50.648985,5,EXTRALARGE,DOUBLE
noarr,all_hints,ludcmp,2,50.704703,5,EXTRALARGE,DOUBLE
noarr,all_hints,ludcmp,3,51.068853,5,EXTRALARGE,DOUBLE
noarr,all_hints,ludcmp,4,51.078015,5,EXTRALARGE,DOUBLE
noarr,all_hints,ludcmp,5,51.041722,5,EXTRALARGE,DOUBLE
noarr,all_hints,mvt,1,0.027149,5,EXTRALARGE,DOUBLE
noarr,all_hints,mvt,2,0.027317,5,EXTRALARGE,DOUBLE
noarr,all_hints,mvt,3,0.028515,5,EXTRALARGE,DOUBLE
noarr,all_hints,mvt,4,0.027451,5,EXTRALARGE,DOUBLE
noarr,all_hints,mvt,5,0.027425,5,EXTRALARGE,DOUBLE
noarr,all_hints,seidel-2d,1,160.602848,5,EXTRALARGE,DOUBLE
noarr,all_hints,seidel-2d,2,160.607086,5,EXTRALARGE,DOUBLE
noarr,all_hints,seidel-2d,3,160.595627,5,EXTRALARGE,DOUBLE
noarr,all_hints,seidel-2d,4,160.602990,5,EXTRALARGE,DOUBLE
noarr,all_hints,seidel-2d,5,160.597011,5,EXTRALARGE,DOUBLE
noarr,all_hints,symm,1,6.738015,5,EXTRALARGE,DOUBLE
noarr,all_hints,symm,2,6.777819,5,EXTRALARGE,DOUBLE
noarr,all_hints,symm,3,6.720843,5,EXTRALARGE,DOUBLE
noarr,all_hints,symm,4,6.792498,5,EXTRALARGE,DOUBLE
noarr,all_hints,symm,5,6.781268,5,EXTRALARGE,DOUBLE
noarr,all_hints,syr2k,1,17.298263,5,EXTRALARGE,DOUBLE
noarr,all_hints,syr2k,2,17.409246,5,EXTRALARGE,DOUBLE
noarr,all_hints,syr2k,3,17.375279,5,EXTRALARGE,DOUBLE
noarr,all_hints,syr2k,4,17.407377,5,EXTRALARGE,DOUBLE
noarr,all_hints,syr2k,5,17.377363,5,EXTRALARGE,DOUBLE
noarr,all_hints,syrk,1,7.725079,5,EXTRALARGE,DOUBLE
noarr,all_hints,syrk,2,7.725711,5,EXTRALARGE,DOUBLE
noarr,all_hints,syrk,3,7.766862,5,EXTRALARGE,DOUBLE
noarr,all_hints,syrk,4,7.801768,5,EXTRALARGE,DOUBLE
noarr,all_hints,syrk,5,7.743281,5,EXTRALARGE,DOUBLE
noarr,all_hints,trisolv,1,0.012579,5,EXTRALARGE,DOUBLE
noarr,all_hints,trisolv,2,0.012569,5,EXTRALARGE,DOUBLE
noarr,all_hints,trisolv,3,0.012519,5,EXTRALARGE,DOUBLE
noarr,all_hints,trisolv,4,0.012394,5,EXTRALARGE,DOUBLE
noarr,all_hints,trisolv,5,0.012480,5,EXTRALARGE,DOUBLE
noarr,all_hints,trmm,1,2.919280,5,EXTRALARGE,DOUBLE
noarr,all_hints,trmm,2,2.974679,5,EXTRALARGE,DOUBLE
noarr,all_hints,trmm,3,2.982615,5,EXTRALARGE,DOUBLE
noarr,all_hints,trmm,4,2.917068,5,EXTRALARGE,DOUBLE
noarr,all_hints,trmm,5,2.978915,5,EXTRALARGE,DOUBLE
halide,all_hints,3mm,1,0.818351,1,EXTRALARGE,DOUBLE
halide,all_hints,3mm,2,0.805789,1,EXTRALARGE,DOUBLE
halide,all_hints,3mm,3,0.828334,1,EXTRALARGE,DOUBLE
halide,all_hints,3mm,4,0.810122,1,EXTRALARGE,DOUBLE
halide,all_hints,3mm,5,0.823434,1,EXTRALARGE,DOUBLE
halide,all_hints,bicg,1,0.010982,1,EXTRALARGE,DOUBLE
halide,all_hints,bicg,2,0.011135,1,EXTRALARGE,DOUBLE
halide,all_hints,bicg,3,0.010753,1,EXTRALARGE,DOUBLE
halide,all_hints,bicg,4,0.010600,1,EXTRALARGE,DOUBLE
halide,all_hints,bicg,5,0.010937,1,EXTRALARGE,DOUBLE
halide,all_hints,correlation,1,0.803693,1,EXTRALARGE,DOUBLE
halide,all_hints,correlation,2,0.851056,1,EXTRALARGE,DOUBLE
halide,all_hints,correlation,3,0.816556,1,EXTRALARGE,DOUBLE
halide,all_hints,correlation,4,0.851759,1,EXTRALARGE,DOUBLE
halide,all_hints,correlation,5,0.848293,1,EXTRALARGE,DOUBLE
halide,all_hints,deriche,1,4.977932,1,EXTRALARGE,DOUBLE
halide,all_hints,deriche,2,5.056873,1,EXTRALARGE,DOUBLE
halide,all_hints,deriche,3,5.009570,1,EXTRALARGE,DOUBLE
halide,all_hints,deriche,4,4.975467,1,EXTRALARGE,DOUBLE
halide,all_hints,deriche,5,5.009594,1,EXTRALARGE,DOUBLE
halide,all_hints,fdtd-2d,1,33.072817,1,EXTRALARGE,DOUBLE
halide,all_hints,fdtd-2d,2,33.293940,1,EXTRALARGE,DOUBLE
halide,all_hints,fdtd-2d,3,32.903452,1,EXTRALARGE,DOUBLE
halide,all_hints,fdtd-2d,4,32.654711,1,EXTRALARGE,DOUBLE
halide,all_hints,fdtd-2d,5,32.228011,1,EXTRALARGE,DOUBLE
halide,all_hints,floyd-warshall,1,104.972157,1,EXTRALARGE,DOUBLE
halide,all_hints,floyd-warshall,2,96.814175,1,EXTRALARGE,DOUBLE
halide,all_hints,floyd-warshall,3,95.640534,1,EXTRALARGE,DOUBLE
halide,all_hints,floyd-warshall,4,98.142404,1,EXTRALARGE,DOUBLE
halide,all_hints,floyd-warshall,5,95.932147,1,EXTRALARGE,DOUBLE
halide,all_hints,heat-3d,1,12.760466,1,EXTRALARGE,DOUBLE
halide,all_hints,heat-3d,2,12.154660,1,EXTRALARGE,DOUBLE
halide,all_hints,heat-3d,3,12.838342,1,EXTRALARGE,DOUBLE
halide,all_hints,heat-3d,4,12.954079,1,EXTRALARGE,DOUBLE
halide,all_hints,heat-3d,5,12.629120,1,EXTRALARGE,DOUBLE
halide,all_hints,seidel-2d,1,9.337290,1,EXTRALARGE,DOUBLE
halide,all_hints,seidel-2d,2,9.868426,1,EXTRALARGE,DOUBLE
halide,all_hints,seidel-2d,3,9.001470,1,EXTRALARGE,DOUBLE
halide,all_hints,seidel-2d,4,10.308595,1,EXTRALARGE,DOUBLE
halide,all_hints,seidel-2d,5,9.721273,1,EXTRALARGE,DOUBLE
halide,all_hints,2mm,1,0.436283,2,EXTRALARGE,DOUBLE
halide,all_hints,2mm,2,0.471297,2,EXTRALARGE,DOUBLE
halide,all_hints,2mm,3,0.443444,2,EXTRALARGE,DOUBLE
halide,all_hints,2mm,4,0.453909,2,EXTRALARGE,DOUBLE
halide,all_hints,2mm,5,0.437222,2,EXTRALARGE,DOUBLE
halide,all_hints,correlation,1,27.626480,2,EXTRALARGE,DOUBLE
halide,all_hints,correlation,2,27.910605,2,EXTRALARGE,DOUBLE
halide,all_hints,correlation,3,27.822579,2,EXTRALARGE,DOUBLE
halide,all_hints,correlation,4,27.565271,2,EXTRALARGE,DOUBLE
halide,all_hints,correlation,5,27.698758,2,EXTRALARGE,DOUBLE
halide,all_hints,covariance,1,78.220565,2,EXTRALARGE,DOUBLE
halide,all_hints,covariance,2,78.106205,2,EXTRALARGE,DOUBLE
halide,all_hints,covariance,3,78.316092,2,EXTRALARGE,DOUBLE
halide,all_hints,covariance,4,78.097723,2,EXTRALARGE,DOUBLE
halide,all_hints,covariance,5,78.332079,2,EXTRALARGE,DOUBLE
halide,all_hints,deriche,1,1.184546,2,EXTRALARGE,DOUBLE
halide,all_hints,deriche,2,1.200424,2,EXTRALARGE,DOUBLE
halide,all_hints,deriche,3,1.157763,2,EXTRALARGE,DOUBLE
halide,all_hints,deriche,4,1.163566,2,EXTRALARGE,DOUBLE
halide,all_hints,deriche,5,1.163219,2,EXTRALARGE,DOUBLE
halide,all_hints,floyd-warshall,1,95.203887,2,EXTRALARGE,DOUBLE
halide,all_hints,floyd-warshall,2,97.333286,2,EXTRALARGE,DOUBLE
halide,all_hints,floyd-warshall,3,94.561222,2,EXTRALARGE,DOUBLE
halide,all_hints,floyd-warshall,4,98.144429,2,EXTRALARGE,DOUBLE
halide,all_hints,floyd-warshall,5,98.106766,2,EXTRALARGE,DOUBLE
halide,all_hints,heat-3d,1,12.377205,2,EXTRALARGE,DOUBLE
halide,all_hints,heat-3d,2,12.905600,2,EXTRALARGE,DOUBLE
halide,all_hints,heat-3d,3,12.728861,2,EXTRALARGE,DOUBLE
halide,all_hints,heat-3d,4,13.259433,2,EXTRALARGE,DOUBLE
halide,all_hints,heat-3d,5,12.483092,2,EXTRALARGE,DOUBLE
halide,all_hints,jacobi-2d,1,7.356068,2,EXTRALARGE,DOUBLE
halide,all_hints,jacobi-2d,2,7.465328,2,EXTRALARGE,DOUBLE
halide,all_hints,jacobi-2d,3,7.503706,2,EXTRALARGE,DOUBLE
halide,all_hints,jacobi-2d,4,7.330669,2,EXTRALARGE,DOUBLE
halide,all_hints,jacobi-2d,5,7.362950,2,EXTRALARGE,DOUBLE
halide,all_hints,ludcmp,1,65.689253,2,EXTRALARGE,DOUBLE
halide,all_hints,ludcmp,2,65.004367,2,EXTRALARGE,DOUBLE
halide,all_hints,ludcmp,3,64.768753,2,EXTRALARGE,DOUBLE
halide,all_hints,ludcmp,4,64.973051,2,EXTRALARGE,DOUBLE
halide,all_hints,ludcmp,5,65.266027,2,EXTRALARGE,DOUBLE
halide,all_hints,seidel-2d,1,10.439903,2,EXTRALARGE,DOUBLE
halide,all_hints,seidel-2d,2,11.199091,2,EXTRALARGE,DOUBLE
halide,all_hints,seidel-2d,3,10.250409,2,EXTRALARGE,DOUBLE
halide,all_hints,seidel-2d,4,10.384331,2,EXTRALARGE,DOUBLE
halide,all_hints,seidel-2d,5,11.123097,2,EXTRALARGE,DOUBLE
halide,all_hints,syrk,1,0.223096,2,EXTRALARGE,DOUBLE
halide,all_hints,syrk,2,0.238978,2,EXTRALARGE,DOUBLE
halide,all_hints,syrk,3,0.227422,2,EXTRALARGE,DOUBLE
halide,all_hints,syrk,4,0.241943,2,EXTRALARGE,DOUBLE
halide,all_hints,syrk,5,0.227144,2,EXTRALARGE,DOUBLE
halide,all_hints,trmm,1,0.155291,2,EXTRALARGE,DOUBLE
halide,all_hints,trmm,2,0.129320,2,EXTRALARGE,DOUBLE
halide,all_hints,trmm,3,0.143593,2,EXTRALARGE,DOUBLE
halide,all_hints,trmm,4,0.145258,2,EXTRALARGE,DOUBLE
halide,all_hints,trmm,5,0.141591,2,EXTRALARGE,DOUBLE
halide,all_hints,3mm,1,0.491837,3,EXTRALARGE,DOUBLE
halide,all_hints,3mm,2,0.535378,3,EXTRALARGE,DOUBLE
halide,all_hints,3mm,3,0.531514,3,EXTRALARGE,DOUBLE
halide,all_hints,3mm,4,0.511098,3,EXTRALARGE,DOUBLE
halide,all_hints,3mm,5,0.526743,3,EXTRALARGE,DOUBLE
halide,all_hints,deriche,1,5.324274,3,EXTRALARGE,DOUBLE
halide,all_hints,deriche,2,5.309122,3,EXTRALARGE,DOUBLE
halide,all_hints,deriche,3,5.357611,3,EXTRALARGE,DOUBLE
halide,all_hints,deriche,4,5.307835,3,EXTRALARGE,DOUBLE
halide,all_hints,deriche,5,5.465200,3,EXTRALARGE,DOUBLE
halide,all_hints,floyd-warshall,1,93.343775,3,EXTRALARGE,DOUBLE
halide,all_hints,floyd-warshall,2,93.909657,3,EXTRALARGE,DOUBLE
halide,all_hints,floyd-warshall,3,95.960665,3,EXTRALARGE,DOUBLE
halide,all_hints,floyd-warshall,4,95.446760,3,EXTRALARGE,DOUBLE
halide,all_hints,floyd-warshall,5,99.069036,3,EXTRALARGE,DOUBLE
halide,all_hints,heat-3d,1,12.999871,3,EXTRALARGE,DOUBLE
halide,all_hints,heat-3d,2,13.220022,3,EXTRALARGE,DOUBLE
halide,all_hints,heat-3d,3,13.078471,3,EXTRALARGE,DOUBLE
halide,all_hints,heat-3d,4,12.948021,3,EXTRALARGE,DOUBLE
halide,all_hints,heat-3d,5,12.821757,3,EXTRALARGE,DOUBLE
halide,all_hints,jacobi-1d,1,0.009936,3,EXTRALARGE,DOUBLE
halide,all_hints,jacobi-1d,2,0.012789,3,EXTRALARGE,DOUBLE
halide,all_hints,jacobi-1d,3,0.012863,3,EXTRALARGE,DOUBLE
halide,all_hints,jacobi-1d,4,0.010162,3,EXTRALARGE,DOUBLE
halide,all_hints,jacobi-1d,5,0.010362,3,EXTRALARGE,DOUBLE
halide,all_hints,jacobi-2d,1,7.916332,3,EXTRALARGE,DOUBLE
halide,all_hints,jacobi-2d,2,7.869865,3,EXTRALARGE,DOUBLE
halide,all_hints,jacobi-2d,3,7.519663,3,EXTRALARGE,DOUBLE
halide,all_hints,jacobi-2d,4,7.836721,3,EXTRALARGE,DOUBLE
halide,all_hints,jacobi-2d,5,7.923107,3,EXTRALARGE,DOUBLE
halide,all_hints,mvt,1,0.010254,3,EXTRALARGE,DOUBLE
halide,all_hints,mvt,2,0.010440,3,EXTRALARGE,DOUBLE
halide,all_hints,mvt,3,0.010225,3,EXTRALARGE,DOUBLE
halide,all_hints,mvt,4,0.010143,3,EXTRALARGE,DOUBLE
halide,all_hints,mvt,5,0.010163,3,EXTRALARGE,DOUBLE
halide,all_hints,syrk,1,0.231724,3,EXTRALARGE,DOUBLE
halide,all_hints,syrk,2,0.234124,3,EXTRALARGE,DOUBLE
halide,all_hints,syrk,3,0.232082,3,EXTRALARGE,DOUBLE
halide,all_hints,syrk,4,0.223030,3,EXTRALARGE,DOUBLE
halide,all_hints,syrk,5,0.240661,3,EXTRALARGE,DOUBLE
halide,all_hints,cholesky,1,44.794041,4,EXTRALARGE,DOUBLE
halide,all_hints,cholesky,2,44.554566,4,EXTRALARGE,DOUBLE
halide,all_hints,cholesky,3,45.680527,4,EXTRALARGE,DOUBLE
halide,all_hints,cholesky,4,44.839750,4,EXTRALARGE,DOUBLE
halide,all_hints,cholesky,5,43.461230,4,EXTRALARGE,DOUBLE
halide,all_hints,correlation,1,0.894061,4,EXTRALARGE,DOUBLE
halide,all_hints,correlation,2,0.915481,4,EXTRALARGE,DOUBLE
halide,all_hints,correlation,3,0.905953,4,EXTRALARGE,DOUBLE
halide,all_hints,correlation,4,0.905911,4,EXTRALARGE,DOUBLE
halide,all_hints,correlation,5,0.893268,4,EXTRALARGE,DOUBLE
halide,all_hints,floyd-warshall,1,93.257720,4,EXTRALARGE,DOUBLE
halide,all_hints,floyd-warshall,2,94.101369,4,EXTRALARGE,DOUBLE
halide,all_hints,floyd-warshall,3,94.887587,4,EXTRALARGE,DOUBLE
halide,all_hints,floyd-warshall,4,94.500568,4,EXTRALARGE,DOUBLE
halide,all_hints,floyd-warshall,5,96.953381,4,EXTRALARGE,DOUBLE
halide,all_hints,heat-3d,1,297.591509,4,EXTRALARGE,DOUBLE
halide,all_hints,heat-3d,2,285.927454,4,EXTRALARGE,DOUBLE
halide,all_hints,heat-3d,3,304.924226,4,EXTRALARGE,DOUBLE
halide,all_hints,heat-3d,4,307.945962,4,EXTRALARGE,DOUBLE
halide,all_hints,heat-3d,5,292.550664,4,EXTRALARGE,DOUBLE
halide,all_hints,jacobi-1d,1,0.011766,4,EXTRALARGE,DOUBLE
halide,all_hints,jacobi-1d,2,0.011683,4,EXTRALARGE,DOUBLE
halide,all_hints,jacobi-1d,3,0.012255,4,EXTRALARGE,DOUBLE
halide,all_hints,jacobi-1d,4,0.014991,4,EXTRALARGE,DOUBLE
halide,all_hints,jacobi-1d,5,0.011875,4,EXTRALARGE,DOUBLE
halide,all_hints,jacobi-2d,1,7.418932,4,EXTRALARGE,DOUBLE
halide,all_hints,jacobi-2d,2,7.703713,4,EXTRALARGE,DOUBLE
halide,all_hints,jacobi-2d,3,7.792895,4,EXTRALARGE,DOUBLE
halide,all_hints,jacobi-2d,4,7.509633,4,EXTRALARGE,DOUBLE
halide,all_hints,jacobi-2d,5,7.390270,4,EXTRALARGE,DOUBLE
halide,all_hints,ludcmp,1,59.484023,4,EXTRALARGE,DOUBLE
halide,all_hints,ludcmp,2,59.405323,4,EXTRALARGE,DOUBLE
halide,all_hints,ludcmp,3,59.650673,4,EXTRALARGE,DOUBLE
halide,all_hints,ludcmp,4,59.643811,4,EXTRALARGE,DOUBLE
halide,all_hints,ludcmp,5,59.346487,4,EXTRALARGE,DOUBLE
halide,all_hints,nussinov,1,77.783288,4,EXTRALARGE,DOUBLE
halide,all_hints,nussinov,2,78.242735,4,EXTRALARGE,DOUBLE
halide,all_hints,nussinov,3,78.221662,4,EXTRALARGE,DOUBLE
halide,all_hints,nussinov,4,77.767399,4,EXTRALARGE,DOUBLE
halide,all_hints,nussinov,5,78.205555,4,EXTRALARGE,DOUBLE
halide,all_hints,syrk,1,0.399070,4,EXTRALARGE,DOUBLE
halide,all_hints,syrk,2,0.398402,4,EXTRALARGE,DOUBLE
halide,all_hints,syrk,3,0.397041,4,EXTRALARGE,DOUBLE
halide,all_hints,syrk,4,0.400768,4,EXTRALARGE,DOUBLE
halide,all_hints,syrk,5,0.398103,4,EXTRALARGE,DOUBLE
halide,all_hints,trmm,1,0.186917,4,EXTRALARGE,DOUBLE
halide,all_hints,trmm,2,0.162324,4,EXTRALARGE,DOUBLE
halide,all_hints,trmm,3,0.175741,4,EXTRALARGE,DOUBLE
halide,all_hints,trmm,4,0.190398,4,EXTRALARGE,DOUBLE
halide,all_hints,trmm,5,0.178548,4,EXTRALARGE,DOUBLE
halide,all_hints,2mm,1,0.274381,5,EXTRALARGE,DOUBLE
halide,all_hints,2mm,2,0.257768,5,EXTRALARGE,DOUBLE
halide,all_hints,2mm,3,0.261239,5,EXTRALARGE,DOUBLE
halide,all_hints,2mm,4,0.270864,5,EXTRALARGE,DOUBLE
halide,all_hints,2mm,5,0.271423,5,EXTRALARGE,DOUBLE
halide,all_hints,3mm,1,0.542381,5,EXTRALARGE,DOUBLE
halide,all_hints,3mm,2,0.559985,5,EXTRALARGE,DOUBLE
halide,all_hints,3mm,3,0.497086,5,EXTRALARGE,DOUBLE
halide,all_hints,3mm,4,0.526981,5,EXTRALARGE,DOUBLE
halide,all_hints,3mm,5,0.517261,5,EXTRALARGE,DOUBLE
halide,all_hints,bicg,1,0.011001,5,EXTRALARGE,DOUBLE
halide,all_hints,bicg,2,0.010182,5,EXTRALARGE,DOUBLE
halide,all_hints,bicg,3,0.013093,5,EXTRALARGE,DOUBLE
halide,all_hints,bicg,4,0.010526,5,EXTRALARGE,DOUBLE
halide,all_hints,bicg,5,0.010407,5,EXTRALARGE,DOUBLE
halide,all_hints,fdtd-2d,1,20.529354,5,EXTRALARGE,DOUBLE
halide,all_hints,fdtd-2d,2,23.123103,5,EXTRALARGE,DOUBLE
halide,all_hints,fdtd-2d,3,22.814743,5,EXTRALARGE,DOUBLE
halide,all_hints,fdtd-2d,4,22.439566,5,EXTRALARGE,DOUBLE
halide,all_hints,fdtd-2d,5,23.084342,5,EXTRALARGE,DOUBLE
halide,all_hints,floyd-warshall,1,102.204005,5,EXTRALARGE,DOUBLE
halide,all_hints,floyd-warshall,2,99.843358,5,EXTRALARGE,DOUBLE
halide,all_hints,floyd-warshall,3,105.033203,5,EXTRALARGE,DOUBLE
halide,all_hints,floyd-warshall,4,103.266251,5,EXTRALARGE,DOUBLE
halide,all_hints,floyd-warshall,5,99.364811,5,EXTRALARGE,DOUBLE
halide,all_hints,heat-3d,1,16.952740,5,EXTRALARGE,DOUBLE
halide,all_hints,heat-3d,2,19.629865,5,EXTRALARGE,DOUBLE
halide,all_hints,heat-3d,3,18.262062,5,EXTRALARGE,DOUBLE
halide,all_hints,heat-3d,4,17.257517,5,EXTRALARGE,DOUBLE
halide,all_hints,heat-3d,5,17.253980,5,EXTRALARGE,DOUBLE
halide,all_hints,jacobi-1d,1,0.019540,5,EXTRALARGE,DOUBLE
halide,all_hints,jacobi-1d,2,0.017944,5,EXTRALARGE,DOUBLE
halide,all_hints,jacobi-1d,3,0.016692,5,EXTRALARGE,DOUBLE
halide,all_hints,jacobi-1d,4,0.014120,5,EXTRALARGE,DOUBLE
halide,all_hints,jacobi-1d,5,0.014060,5,EXTRALARGE,DOUBLE
halide,all_hints,mvt,1,0.049090,5,EXTRALARGE,DOUBLE
halide,all_hints,mvt,2,0.050171,5,EXTRALARGE,DOUBLE
halide,all_hints,mvt,3,0.047803,5,EXTRALARGE,DOUBLE
halide,all_hints,mvt,4,0.048448,5,EXTRALARGE,DOUBLE
halide,all_hints,mvt,5,0.050283,5,EXTRALARGE,DOUBLE
exo,all_hints,adi,1,12.083825,1,EXTRALARGE,DOUBLE
exo,all_hints,adi,2,10.697418,1,EXTRALARGE,DOUBLE
exo,all_hints,adi,3,11.458662,1,EXTRALARGE,DOUBLE
exo,all_hints,adi,4,13.737120,1,EXTRALARGE,DOUBLE
exo,all_hints,adi,5,13.707135,1,EXTRALARGE,DOUBLE
exo,all_hints,atax,1,0.008437,1,EXTRALARGE,DOUBLE
exo,all_hints,atax,2,0.008486,1,EXTRALARGE,DOUBLE
exo,all_hints,atax,3,0.008482,1,EXTRALARGE,DOUBLE
exo,all_hints,atax,4,0.008493,1,EXTRALARGE,DOUBLE
exo,all_hints,atax,5,0.008511,1,EXTRALARGE,DOUBLE
exo,all_hints,cholesky,1,16.203021,1,EXTRALARGE,DOUBLE
exo,all_hints,cholesky,2,16.202204,1,EXTRALARGE,DOUBLE
exo,all_hints,cholesky,3,16.190828,1,EXTRALARGE,DOUBLE
exo,all_hints,cholesky,4,16.229472,1,EXTRALARGE,DOUBLE
exo,all_hints,cholesky,5,16.242512,1,EXTRALARGE,DOUBLE
exo,all_hints,correlation,1,1.030148,1,EXTRALARGE,DOUBLE
exo,all_hints,correlation,2,1.078906,1,EXTRALARGE,DOUBLE
exo,all_hints,correlation,3,1.081869,1,EXTRALARGE,DOUBLE
exo,all_hints,correlation,4,1.088560,1,EXTRALARGE,DOUBLE
exo,all_hints,correlation,5,1.086292,1,EXTRALARGE,DOUBLE
exo,all_hints,covariance,1,36.522539,1,EXTRALARGE,DOUBLE
exo,all_hints,covariance,2,36.566114,1,EXTRALARGE,DOUBLE
exo,all_hints,covariance,3,36.758926,1,EXTRALARGE,DOUBLE
exo,all_hints,covariance,4,36.525276,1,EXTRALARGE,DOUBLE
exo,all_hints,covariance,5,36.559782,1,EXTRALARGE,DOUBLE
exo,all_hints,deriche,1,0.288992,1,EXTRALARGE,DOUBLE
exo,all_hints,deriche,2,0.288884,1,EXTRALARGE,DOUBLE
exo,all_hints,deriche,3,0.291324,1,EXTRALARGE,DOUBLE
exo,all_hints,deriche,4,0.289446,1,EXTRALARGE,DOUBLE
exo,all_hints,deriche,5,0.289373,1,EXTRALARGE,DOUBLE
exo,all_hints,doitgen,1,7.716121,1,EXTRALARGE,DOUBLE
exo,all_hints,doitgen,2,7.728751,1,EXTRALARGE,DOUBLE
exo,all_hints,doitgen,3,7.714124,1,EXTRALARGE,DOUBLE
exo,all_hints,doitgen,4,7.977008,1,EXTRALARGE,DOUBLE
exo,all_hints,doitgen,5,9.269233,1,EXTRALARGE,DOUBLE
exo,all_hints,durbin,1,0.016095,1,EXTRALARGE,DOUBLE
exo,all_hints,durbin,2,0.016085,1,EXTRALARGE,DOUBLE
exo,all_hints,durbin,3,0.016088,1,EXTRALARGE,DOUBLE
exo,all_hints,durbin,4,0.016050,1,EXTRALARGE,DOUBLE
exo,all_hints,durbin,5,0.016085,1,EXTRALARGE,DOUBLE
exo,all_hints,floyd-warshall,1,62.587174,1,EXTRALARGE,DOUBLE
exo,all_hints,floyd-warshall,2,57.093371,1,EXTRALARGE,DOUBLE
exo,all_hints,floyd-warshall,3,58.458272,1,EXTRALARGE,DOUBLE
exo,all_hints,floyd-warshall,4,44.478951,1,EXTRALARGE,DOUBLE
exo,all_hints,floyd-warshall,5,53.730851,1,EXTRALARGE,DOUBLE
exo,all_hints,gemm,1,0.206900,1,EXTRALARGE,DOUBLE
exo,all_hints,gemm,2,0.206606,1,EXTRALARGE,DOUBLE
exo,all_hints,gemm,3,0.200231,1,EXTRALARGE,DOUBLE
exo,all_hints,gemm,4,0.199670,1,EXTRALARGE,DOUBLE
exo,all_hints,gemm,5,0.200353,1,EXTRALARGE,DOUBLE
exo,all_hints,gemver,1,0.020303,1,EXTRALARGE,DOUBLE
exo,all_hints,gemver,2,0.020506,1,EXTRALARGE,DOUBLE
exo,all_hints,gemver,3,0.020028,1,EXTRALARGE,DOUBLE
exo,all_hints,gemver,4,0.020089,1,EXTRALARGE,DOUBLE
exo,all_hints,gemver,5,0.020924,1,EXTRALARGE,DOUBLE
exo,all_hints,heat-3d,1,12.870390,1,EXTRALARGE,DOUBLE
exo,all_hints,heat-3d,2,13.613176,1,EXTRALARGE,DOUBLE
exo,all_hints,heat-3d,3,14.210853,1,EXTRALARGE,DOUBLE
exo,all_hints,heat-3d,4,13.602610,1,EXTRALARGE,DOUBLE
exo,all_hints,heat-3d,5,14.679719,1,EXTRALARGE,DOUBLE
exo,all_hints,jacobi-1d,1,0.056211,1,EXTRALARGE,DOUBLE
exo,all_hints,jacobi-1d,2,0.056282,1,EXTRALARGE,DOUBLE
exo,all_hints,jacobi-1d,3,0.055412,1,EXTRALARGE,DOUBLE
exo,all_hints,jacobi-1d,4,0.056937,1,EXTRALARGE,DOUBLE
exo,all_hints,jacobi-1d,5,0.055438,1,EXTRALARGE,DOUBLE
exo,all_hints,lu,1,28.865413,1,EXTRALARGE,DOUBLE
exo,all_hints,lu,2,29.499919,1,EXTRALARGE,DOUBLE
exo,all_hints,lu,3,29.505288,1,EXTRALARGE,DOUBLE
exo,all_hints,lu,4,31.149257,1,EXTRALARGE,DOUBLE
exo,all_hints,lu,5,29.085517,1,EXTRALARGE,DOUBLE
exo,all_hints,mvt,1,0.015410,1,EXTRALARGE,DOUBLE
exo,all_hints,mvt,2,0.014949,1,EXTRALARGE,DOUBLE
exo,all_hints,mvt,3,0.015371,1,EXTRALARGE,DOUBLE
exo,all_hints,mvt,4,0.015108,1,EXTRALARGE,DOUBLE
exo,all_hints,mvt,5,0.015221,1,EXTRALARGE,DOUBLE
exo,all_hints,seidel-2d,1,217.890974,1,EXTRALARGE,DOUBLE
exo,all_hints,seidel-2d,2,217.903403,1,EXTRALARGE,DOUBLE
exo,all_hints,seidel-2d,3,217.902678,1,EXTRALARGE,DOUBLE
exo,all_hints,seidel-2d,4,217.892591,1,EXTRALARGE,DOUBLE
exo,all_hints,seidel-2d,5,217.895226,1,EXTRALARGE,DOUBLE
exo,all_hints,syr2k,1,1.302461,1,EXTRALARGE,DOUBLE
exo,all_hints,syr2k,2,1.301604,1,EXTRALARGE,DOUBLE
exo,all_hints,syr2k,3,1.240389,1,EXTRALARGE,DOUBLE
exo,all_hints,syr2k,4,1.287580,1,EXTRALARGE,DOUBLE
exo,all_hints,syr2k,5,1.262368,1,EXTRALARGE,DOUBLE
exo,all_hints,syrk,1,0.431677,1,EXTRALARGE,DOUBLE
exo,all_hints,syrk,2,0.430093,1,EXTRALARGE,DOUBLE
exo,all_hints,syrk,3,0.434370,1,EXTRALARGE,DOUBLE
exo,all_hints,syrk,4,0.469116,1,EXTRALARGE,DOUBLE
exo,all_hints,syrk,5,0.407305,1,EXTRALARGE,DOUBLE
exo,all_hints,trisolv,1,0.012850,1,EXTRALARGE,DOUBLE
exo,all_hints,trisolv,2,0.013064,1,EXTRALARGE,DOUBLE
exo,all_hints,trisolv,3,0.013132,1,EXTRALARGE,DOUBLE
exo,all_hints,trisolv,4,0.013071,1,EXTRALARGE,DOUBLE
exo,all_hints,trisolv,5,0.012990,1,EXTRALARGE,DOUBLE
exo,all_hints,trmm,1,0.307072,1,EXTRALARGE,DOUBLE
exo,all_hints,trmm,2,0.304657,1,EXTRALARGE,DOUBLE
exo,all_hints,trmm,3,0.305542,1,EXTRALARGE,DOUBLE
exo,all_hints,trmm,4,0.306330,1,EXTRALARGE,DOUBLE
exo,all_hints,trmm,5,0.306377,1,EXTRALARGE,DOUBLE
exo,all_hints,2mm,1,8.500292,2,EXTRALARGE,DOUBLE
exo,all_hints,2mm,2,8.476334,2,EXTRALARGE,DOUBLE
exo,all_hints,2mm,3,8.294790,2,EXTRALARGE,DOUBLE
exo,all_hints,2mm,4,8.255949,2,EXTRALARGE,DOUBLE
exo,all_hints,2mm,5,8.359566,2,EXTRALARGE,DOUBLE
exo,all_hints,adi,1,10.097412,2,EXTRALARGE,DOUBLE
exo,all_hints,adi,2,11.074990,2,EXTRALARGE,DOUBLE
exo,all_hints,adi,3,10.317800,2,EXTRALARGE,DOUBLE
exo,all_hints,adi,4,11.814142,2,EXTRALARGE,DOUBLE
exo,all_hints,adi,5,11.867114,2,EXTRALARGE,DOUBLE
exo,all_hints,atax,1,0.005923,2,EXTRALARGE,DOUBLE
exo,all_hints,atax,2,0.005838,2,EXTRALARGE,DOUBLE
exo,all_hints,atax,3,0.005815,2,EXTRALARGE,DOUBLE
exo,all_hints,atax,4,0.005898,2,EXTRALARGE,DOUBLE
exo,all_hints,atax,5,0.005816,2,EXTRALARGE,DOUBLE
exo,all_hints,bicg,1,0.006760,2,EXTRALARGE,DOUBLE
exo,all_hints,bicg,2,0.006755,2,EXTRALARGE,DOUBLE
exo,all_hints,bicg,3,0.006736,2,EXTRALARGE,DOUBLE
exo,all_hints,bicg,4,0.006653,2,EXTRALARGE,DOUBLE
exo,all_hints,bicg,5,0.006746,2,EXTRALARGE,DOUBLE
exo,all_hints,cholesky,1,16.224872,2,EXTRALARGE,DOUBLE
exo,all_hints,cholesky,2,16.223055,2,EXTRALARGE,DOUBLE
exo,all_hints,cholesky,3,16.203720,2,EXTRALARGE,DOUBLE
exo,all_hints,cholesky,4,16.187926,2,EXTRALARGE,DOUBLE
exo,all_hints,cholesky,5,16.195362,2,EXTRALARGE,DOUBLE
exo,all_hints,correlation,1,1.075585,2,EXTRALARGE,DOUBLE
exo,all_hints,correlation,2,1.060535,2,EXTRALARGE,DOUBLE
exo,all_hints,correlation,3,1.035900,2,EXTRALARGE,DOUBLE
exo,all_hints,correlation,4,1.036929,2,EXTRALARGE,DOUBLE
exo,all_hints,correlation,5,1.032734,2,EXTRALARGE,DOUBLE
exo,all_hints,deriche,1,0.304157,2,EXTRALARGE,DOUBLE
exo,all_hints,deriche,2,0.302569,2,EXTRALARGE,DOUBLE
exo,all_hints,deriche,3,0.303223,2,EXTRALARGE,DOUBLE
exo,all_hints,deriche,4,0.304310,2,EXTRALARGE,DOUBLE
exo,all_hints,deriche,5,0.303079,2,EXTRALARGE,DOUBLE
exo,all_hints,doitgen,1,0.035317,2,EXTRALARGE,DOUBLE
exo,all_hints,doitgen,2,0.032460,2,EXTRALARGE,DOUBLE
exo,all_hints,doitgen,3,0.031138,2,EXTRALARGE,DOUBLE
exo,all_hints,doitgen,4,0.032655,2,EXTRALARGE,DOUBLE
exo,all_hints,doitgen,5,0.032571,2,EXTRALARGE,DOUBLE
exo,all_hints,durbin,1,0.019365,2,EXTRALARGE,DOUBLE
exo,all_hints,durbin,2,0.019375,2,EXTRALARGE,DOUBLE
exo,all_hints,durbin,3,0.019351,2,EXTRALARGE,DOUBLE
exo,all_hints,durbin,4,0.019351,2,EXTRALARGE,DOUBLE
exo,all_hints,durbin,5,0.019275,2,EXTRALARGE,DOUBLE
exo,all_hints,floyd-warshall,1,157.817180,2,EXTRALARGE,DOUBLE
exo,all_hints,floyd-warshall,2,157.375131,2,EXTRALARGE,DOUBLE
exo,all_hints,floyd-warshall,3,156.918903,2,EXTRALARGE,DOUBLE
exo,all_hints,floyd-warshall,4,157.098324,2,EXTRALARGE,DOUBLE
exo,all_hints,floyd-warshall,5,157.155001,2,EXTRALARGE,DOUBLE
exo,all_hints,gemm,1,0.564954,2,EXTRALARGE,DOUBLE
exo,all_hints,gemm,2,0.566947,2,EXTRALARGE,DOUBLE
exo,all_hints,gemm,3,0.567507,2,EXTRALARGE,DOUBLE
exo,all_hints,gemm,4,0.567068,2,EXTRALARGE,DOUBLE
exo,all_hints,gemm,5,0.565240,2,EXTRALARGE,DOUBLE
exo,all_hints,gemver,1,0.028522,2,EXTRALARGE,DOUBLE
exo,all_hints,gemver,2,0.028381,2,EXTRALARGE,DOUBLE
exo,all_hints,gemver,3,0.028407,2,EXTRALARGE,DOUBLE
exo,all_hints,gemver,4,0.028829,2,EXTRALARGE,DOUBLE
exo,all_hints,gemver,5,0.028562,2,EXTRALARGE,DOUBLE
exo,all_hints,gesummv,1,0.005356,2,EXTRALARGE,DOUBLE
exo,all_hints,gesummv,2,0.005298,2,EXTRALARGE,DOUBLE
exo,all_hints,gesummv,3,0.005340,2,EXTRALARGE,DOUBLE
exo,all_hints,gesummv,4,0.005328,2,EXTRALARGE,DOUBLE
exo,all_hints,gesummv,5,0.005330,2,EXTRALARGE,DOUBLE
exo,all_hints,jacobi-1d,1,0.056442,2,EXTRALARGE,DOUBLE
exo,all_hints,jacobi-1d,2,0.057779,2,EXTRALARGE,DOUBLE
exo,all_hints,jacobi-1d,3,0.056516,2,EXTRALARGE,DOUBLE
exo,all_hints,jacobi-1d,4,0.055956,2,EXTRALARGE,DOUBLE
exo,all_hints,jacobi-1d,5,0.055296,2,EXTRALARGE,DOUBLE
exo,all_hints,jacobi-2d,1,6.390493,2,EXTRALARGE,DOUBLE
exo,all_hints,jacobi-2d,2,6.573682,2,EXTRALARGE,DOUBLE
exo,all_hints,jacobi-2d,3,6.499187,2,EXTRALARGE,DOUBLE
exo,all_hints,jacobi-2d,4,6.991193,2,EXTRALARGE,DOUBLE
exo,all_hints,jacobi-2d,5,6.233639,2,EXTRALARGE,DOUBLE
exo,all_hints,lu,1,31.986677,2,EXTRALARGE,DOUBLE
exo,all_hints,lu,2,31.760977,2,EXTRALARGE,DOUBLE
exo,all_hints,lu,3,31.844867,2,EXTRALARGE,DOUBLE
exo,all_hints,lu,4,31.494220,2,EXTRALARGE,DOUBLE
exo,all_hints,lu,5,37.427878,2,EXTRALARGE,DOUBLE
exo,all_hints,ludcmp,1,51.008556,2,EXTRALARGE,DOUBLE
exo,all_hints,ludcmp,2,50.544744,2,EXTRALARGE,DOUBLE
exo,all_hints,ludcmp,3,50.968179,2,EXTRALARGE,DOUBLE
exo,all_hints,ludcmp,4,50.880179,2,EXTRALARGE,DOUBLE
exo,all_hints,ludcmp,5,50.990413,2,EXTRALARGE,DOUBLE
exo,all_hints,mvt,1,0.014752,2,EXTRALARGE,DOUBLE
exo,all_hints,mvt,2,0.014139,2,EXTRALARGE,DOUBLE
exo,all_hints,mvt,3,0.014624,2,EXTRALARGE,DOUBLE
exo,all_hints,mvt,4,0.014587,2,EXTRALARGE,DOUBLE
exo,all_hints,mvt,5,0.014793,2,EXTRALARGE,DOUBLE
exo,all_hints,nussinov,1,8.048579,2,EXTRALARGE,DOUBLE
exo,all_hints,nussinov,2,8.162260,2,EXTRALARGE,DOUBLE
exo,all_hints,nussinov,3,6.088217,2,EXTRALARGE,DOUBLE
exo,all_hints,nussinov,4,8.324385,2,EXTRALARGE,DOUBLE
exo,all_hints,nussinov,5,6.237171,2,EXTRALARGE,DOUBLE
exo,all_hints,symm,1,0.328107,2,EXTRALARGE,DOUBLE
exo,all_hints,symm,2,0.324648,2,EXTRALARGE,DOUBLE
exo,all_hints,symm,3,0.326800,2,EXTRALARGE,DOUBLE
exo,all_hints,symm,4,0.327048,2,EXTRALARGE,DOUBLE
exo,all_hints,symm,5,0.327704,2,EXTRALARGE,DOUBLE
exo,all_hints,syr2k,1,1.237333,2,EXTRALARGE,DOUBLE
exo,all_hints,syr2k,2,1.227350,2,EXTRALARGE,DOUBLE
exo,all_hints,syr2k,3,1.242438,2,EXTRALARGE,DOUBLE
exo,all_hints,syr2k,4,1.354249,2,EXTRALARGE,DOUBLE
exo,all_hints,syr2k,5,1.337846,2,EXTRALARGE,DOUBLE
exo,all_hints,syrk,1,0.419226,2,EXTRALARGE,DOUBLE
exo,all_hints,syrk,2,0.440876,2,EXTRALARGE,DOUBLE
exo,all_hints,syrk,3,0.450403,2,EXTRALARGE,DOUBLE
exo,all_hints,syrk,4,0.460756,2,EXTRALARGE,DOUBLE
exo,all_hints,syrk,5,0.456182,2,EXTRALARGE,DOUBLE
exo,all_hints,trisolv,1,0.013116,2,EXTRALARGE,DOUBLE
exo,all_hints,trisolv,2,0.013179,2,EXTRALARGE,DOUBLE
exo,all_hints,trisolv,3,0.012997,2,EXTRALARGE,DOUBLE
exo,all_hints,trisolv,4,0.013141,2,EXTRALARGE,DOUBLE
exo,all_hints,trisolv,5,0.012860,2,EXTRALARGE,DOUBLE
exo,all_hints,trmm,1,0.467776,2,EXTRALARGE,DOUBLE
exo,all_hints,trmm,2,0.465267,2,EXTRALARGE,DOUBLE
exo,all_hints,trmm,3,0.463107,2,EXTRALARGE,DOUBLE
exo,all_hints,trmm,4,0.466501,2,EXTRALARGE,DOUBLE
exo,all_hints,trmm,5,0.464364,2,EXTRALARGE,DOUBLE
exo,all_hints,2mm,1,0.221864,3,EXTRALARGE,DOUBLE
exo,all_hints,2mm,2,0.218553,3,EXTRALARGE,DOUBLE
exo,all_hints,2mm,3,0.221704,3,EXTRALARGE,DOUBLE
exo,all_hints,2mm,4,0.220391,3,EXTRALARGE,DOUBLE
exo,all_hints,2mm,5,0.222316,3,EXTRALARGE,DOUBLE
exo,all_hints,3mm,1,0.388663,3,EXTRALARGE,DOUBLE
exo,all_hints,3mm,2,0.390886,3,EXTRALARGE,DOUBLE
exo,all_hints,3mm,3,0.390954,3,EXTRALARGE,DOUBLE
exo,all_hints,3mm,4,0.390434,3,EXTRALARGE,DOUBLE
exo,all_hints,3mm,5,0.390463,3,EXTRALARGE,DOUBLE
exo,all_hints,adi,1,13.267992,3,EXTRALARGE,DOUBLE
exo,all_hints,adi,2,12.374829,3,EXTRALARGE,DOUBLE
exo,all_hints,adi,3,12.857166,3,EXTRALARGE,DOUBLE
exo,all_hints,adi,4,13.239891,3,EXTRALARGE,DOUBLE
exo,all_hints,adi,5,20.269407,3,EXTRALARGE,DOUBLE
exo,all_hints,bicg,1,0.014529,3,EXTRALARGE,DOUBLE
exo,all_hints,bicg,2,0.014525,3,EXTRALARGE,DOUBLE
exo,all_hints,bicg,3,0.014512,3,EXTRALARGE,DOUBLE
exo,all_hints,bicg,4,0.014523,3,EXTRALARGE,DOUBLE
exo,all_hints,bicg,5,0.014438,3,EXTRALARGE,DOUBLE
exo,all_hints,cholesky,1,16.331910,3,EXTRALARGE,DOUBLE
exo,all_hints,cholesky,2,16.331000,3,EXTRALARGE,DOUBLE
exo,all_hints,cholesky,3,16.314750,3,EXTRALARGE,DOUBLE
exo,all_hints,cholesky,4,16.324579,3,EXTRALARGE,DOUBLE
exo,all_hints,cholesky,5,16.307839,3,EXTRALARGE,DOUBLE
exo,all_hints,correlation,1,1.039924,3,EXTRALARGE,DOUBLE
exo,all_hints,correlation,2,1.038304,3,EXTRALARGE,DOUBLE
exo,all_hints,correlation,3,1.060906,3,EXTRALARGE,DOUBLE
exo,all_hints,correlation,4,1.050377,3,EXTRALARGE,DOUBLE
exo,all_hints,correlation,5,1.066249,3,EXTRALARGE,DOUBLE
exo,all_hints,covariance,1,0.282590,3,EXTRALARGE,DOUBLE
exo,all_hints,covariance,2,0.284859,3,EXTRALARGE,DOUBLE
exo,all_hints,covariance,3,0.283656,3,EXTRALARGE,DOUBLE
exo,all_hints,covariance,4,0.285331,3,EXTRALARGE,DOUBLE
exo,all_hints,covariance,5,0.290537,3,EXTRALARGE,DOUBLE
exo,all_hints,doitgen,1,0.034416,3,EXTRALARGE,DOUBLE
exo,all_hints,doitgen,2,0.034597,3,EXTRALARGE,DOUBLE
exo,all_hints,doitgen,3,0.035992,3,EXTRALARGE,DOUBLE
exo,all_hints,doitgen,4,0.034649,3,EXTRALARGE,DOUBLE
exo,all_hints,doitgen,5,0.034478,3,EXTRALARGE,DOUBLE
exo,all_hints,durbin,1,0.223716,3,EXTRALARGE,DOUBLE
exo,all_hints,durbin,2,0.230155,3,EXTRALARGE,DOUBLE
exo,all_hints,durbin,3,0.222781,3,EXTRALARGE,DOUBLE
exo,all_hints,durbin,4,0.223383,3,EXTRALARGE,DOUBLE
exo,all_hints,durbin,5,0.222648,3,EXTRALARGE,DOUBLE
exo,all_hints,fdtd-2d,1,6.325112,3,EXTRALARGE,DOUBLE
exo,all_hints,fdtd-2d,2,11.102311,3,EXTRALARGE,DOUBLE
exo,all_hints,fdtd-2d,3,6.246173,3,EXTRALARGE,DOUBLE
exo,all_hints,fdtd-2d,4,6.642540,3,EXTRALARGE,DOUBLE
exo,all_hints,fdtd-2d,5,9.521720,3,EXTRALARGE,DOUBLE
exo,all_hints,floyd-warshall,1,56.013650,3,EXTRALARGE,DOUBLE
exo,all_hints,floyd-warshall,2,49.157228,3,EXTRALARGE,DOUBLE
exo,all_hints,floyd-warshall,3,44.061603,3,EXTRALARGE,DOUBLE
exo,all_hints,floyd-warshall,4,45.109804,3,EXTRALARGE,DOUBLE
exo,all_hints,floyd-warshall,5,58.094300,3,EXTRALARGE,DOUBLE
exo,all_hints,gemver,1,0.021894,3,EXTRALARGE,DOUBLE
exo,all_hints,gemver,2,0.022011,3,EXTRALARGE,DOUBLE
exo,all_hints,gemver,3,0.021600,3,EXTRALARGE,DOUBLE
exo,all_hints,gemver,4,0.021846,3,EXTRALARGE,DOUBLE
exo,all_hints,gemver,5,0.021696,3,EXTRALARGE,DOUBLE
exo,all_hints,gesummv,1,0.005369,3,EXTRALARGE,DOUBLE
exo,all_hints,gesummv,2,0.005306,3,EXTRALARGE,DOUBLE
exo,all_hints,gesummv,3,0.005337,3,EXTRALARGE,DOUBLE
exo,all_hints,gesummv,4,0.005349,3,EXTRALARGE,DOUBLE
exo,all_hints,gesummv,5,0.005353,3,EXTRALARGE,DOUBLE
exo,all_hints,heat-3d,1,14.672303,3,EXTRALARGE,DOUBLE
exo,all_hints,heat-3d,2,12.961538,3,EXTRALARGE,DOUBLE
exo,all_hints,heat-3d,3,11.781559,3,EXTRALARGE,DOUBLE
exo,all_hints,heat-3d,4,16.179496,3,EXTRALARGE,DOUBLE
exo,all_hints,heat-3d,5,19.835057,3,EXTRALARGE,DOUBLE
exo,all_hints,jacobi-1d,1,0.056458,3,EXTRALARGE,DOUBLE
exo,all_hints,jacobi-1d,2,0.055529,3,EXTRALARGE,DOUBLE
exo,all_hints,jacobi-1d,3,0.055543,3,EXTRALARGE,DOUBLE
exo,all_hints,jacobi-1d,4,0.059455,3,EXTRALARGE,DOUBLE
exo,all_hints,jacobi-1d,5,0.055794,3,EXTRALARGE,DOUBLE
exo,all_hints,jacobi-2d,1,5.899468,3,EXTRALARGE,DOUBLE
exo,all_hints,jacobi-2d,2,6.208621,3,EXTRALARGE,DOUBLE
exo,all_hints,jacobi-2d,3,6.045166,3,EXTRALARGE,DOUBLE
exo,all_hints,jacobi-2d,4,5.965766,3,EXTRALARGE,DOUBLE
exo,all_hints,jacobi-2d,5,6.087762,3,EXTRALARGE,DOUBLE
exo,all_hints,lu,1,31.870973,3,EXTRALARGE,DOUBLE
exo,all_hints,lu,2,31.942462,3,EXTRALARGE,DOUBLE
exo,all_hints,lu,3,31.529553,3,EXTRALARGE,DOUBLE
exo,all_hints,lu,4,31.859108,3,EXTRALARGE,DOUBLE
exo,all_hints,lu,5,34.147542,3,EXTRALARGE,DOUBLE
exo,all_hints,mvt,1,0.014447,3,EXTRALARGE,DOUBLE
exo,all_hints,mvt,2,0.014495,3,EXTRALARGE,DOUBLE
exo,all_hints,mvt,3,0.014637,3,EXTRALARGE,DOUBLE
exo,all_hints,mvt,4,0.014548,3,EXTRALARGE,DOUBLE
exo,all_hints,mvt,5,0.014578,3,EXTRALARGE,DOUBLE
exo,all_hints,nussinov,1,5.721730,3,EXTRALARGE,DOUBLE
exo,all_hints,nussinov,2,5.906670,3,EXTRALARGE,DOUBLE
exo,all_hints,nussinov,3,5.950910,3,EXTRALARGE,DOUBLE
exo,all_hints,nussinov,4,6.371380,3,EXTRALARGE,DOUBLE
exo,all_hints,nussinov,5,6.178435,3,EXTRALARGE,DOUBLE
exo,all_hints,syr2k,1,1.100039,3,EXTRALARGE,DOUBLE
exo,all_hints,syr2k,2,1.090213,3,EXTRALARGE,DOUBLE
exo,all_hints,syr2k,3,1.091573,3,EXTRALARGE,DOUBLE
exo,all_hints,syr2k,4,1.137601,3,EXTRALARGE,DOUBLE
exo,all_hints,syr2k,5,1.143355,3,EXTRALARGE,DOUBLE
exo,all_hints,syrk,1,0.423869,3,EXTRALARGE,DOUBLE
exo,all_hints,syrk,2,0.429168,3,EXTRALARGE,DOUBLE
exo,all_hints,syrk,3,0.432137,3,EXTRALARGE,DOUBLE
exo,all_hints,syrk,4,0.432977,3,EXTRALARGE,DOUBLE
exo,all_hints,syrk,5,0.421831,3,EXTRALARGE,DOUBLE
exo,all_hints,trisolv,1,0.013019,3,EXTRALARGE,DOUBLE
exo,all_hints,trisolv,2,0.013270,3,EXTRALARGE,DOUBLE
exo,all_hints,trisolv,3,0.013008,3,EXTRALARGE,DOUBLE
exo,all_hints,trisolv,4,0.012985,3,EXTRALARGE,DOUBLE
exo,all_hints,trisolv,5,0.013224,3,EXTRALARGE,DOUBLE
exo,all_hints,trmm,1,3.039610,3,EXTRALARGE,DOUBLE
exo,all_hints,trmm,2,3.028632,3,EXTRALARGE,DOUBLE
exo,all_hints,trmm,3,3.043809,3,EXTRALARGE,DOUBLE
exo,all_hints,trmm,4,3.046942,3,EXTRALARGE,DOUBLE
exo,all_hints,trmm,5,3.042045,3,EXTRALARGE,DOUBLE
exo,all_hints,2mm,1,0.212661,4,EXTRALARGE,DOUBLE
exo,all_hints,2mm,2,0.210325,4,EXTRALARGE,DOUBLE
exo,all_hints,2mm,3,0.210270,4,EXTRALARGE,DOUBLE
exo,all_hints,2mm,4,0.210525,4,EXTRALARGE,DOUBLE
exo,all_hints,2mm,5,0.209015,4,EXTRALARGE,DOUBLE
exo,all_hints,3mm,1,0.883220,4,EXTRALARGE,DOUBLE
exo,all_hints,3mm,2,0.880072,4,EXTRALARGE,DOUBLE
exo,all_hints,3mm,3,0.877483,4,EXTRALARGE,DOUBLE
exo,all_hints,3mm,4,0.872901,4,EXTRALARGE,DOUBLE
exo,all_hints,3mm,5,0.880245,4,EXTRALARGE,DOUBLE
exo,all_hints,atax,1,0.004947,4,EXTRALARGE,DOUBLE
exo,all_hints,atax,2,0.004920,4,EXTRALARGE,DOUBLE
exo,all_hints,atax,3,0.004929,4,EXTRALARGE,DOUBLE
exo,all_hints,atax,4,0.004963,4,EXTRALARGE,DOUBLE
exo,all_hints,atax,5,0.004967,4,EXTRALARGE,DOUBLE
exo,all_hints,bicg,1,0.006544,4,EXTRALARGE,DOUBLE
exo,all_hints,bicg,2,0.006542,4,EXTRALARGE,DOUBLE
exo,all_hints,bicg,3,0.006451,4,EXTRALARGE,DOUBLE
exo,all_hints,bicg,4,0.006431,4,EXTRALARGE,DOUBLE
exo,all_hints,bicg,5,0.006536,4,EXTRALARGE,DOUBLE
exo,all_hints,correlation,1,1.016375,4,EXTRALARGE,DOUBLE
exo,all_hints,correlation,2,1.007276,4,EXTRALARGE,DOUBLE
exo,all_hints,correlation,3,1.072833,4,EXTRALARGE,DOUBLE
exo,all_hints,correlation,4,1.023540,4,EXTRALARGE,DOUBLE
exo,all_hints,correlation,5,1.032922,4,EXTRALARGE,DOUBLE
exo,all_hints,doitgen,1,0.026697,4,EXTRALARGE,DOUBLE
exo,all_hints,doitgen,2,0.026882,4,EXTRALARGE,DOUBLE
exo,all_hints,doitgen,3,0.026873,4,EXTRALARGE,DOUBLE
exo,all_hints,doitgen,4,0.026831,4,EXTRALARGE,DOUBLE
exo,all_hints,doitgen,5,0.026799,4,EXTRALARGE,DOUBLE
exo,all_hints,fdtd-2d,1,6.641802,4,EXTRALARGE,DOUBLE
exo,all_hints,fdtd-2d,2,6.585714,4,EXTRALARGE,DOUBLE
exo,all_hints,fdtd-2d,3,6.266585,4,EXTRALARGE,DOUBLE
exo,all_hints,fdtd-2d,4,8.110746,4,EXTRALARGE,DOUBLE
exo,all_hints,fdtd-2d,5,8.334803,4,EXTRALARGE,DOUBLE
exo,all_hints,floyd-warshall,1,45.394259,4,EXTRALARGE,DOUBLE
exo,all_hints,floyd-warshall,2,66.426683,4,EXTRALARGE,DOUBLE
exo,all_hints,floyd-warshall,3,63.981612,4,EXTRALARGE,DOUBLE
exo,all_hints,floyd-warshall,4,48.857386,4,EXTRALARGE,DOUBLE
exo,all_hints,floyd-warshall,5,53.469210,4,EXTRALARGE,DOUBLE
exo,all_hints,gemm,1,0.383497,4,EXTRALARGE,DOUBLE
exo,all_hints,gemm,2,0.383993,4,EXTRALARGE,DOUBLE
exo,all_hints,gemm,3,0.388853,4,EXTRALARGE,DOUBLE
exo,all_hints,gemm,4,0.388194,4,EXTRALARGE,DOUBLE
exo,all_hints,gemm,5,0.388510,4,EXTRALARGE,DOUBLE
exo,all_hints,gemver,1,0.028802,4,EXTRALARGE,DOUBLE
exo,all_hints,gemver,2,0.028860,4,EXTRALARGE,DOUBLE
exo,all_hints,gemver,3,0.028548,4,EXTRALARGE,DOUBLE
exo,all_hints,gemver,4,0.028870,4,EXTRALARGE,DOUBLE
exo,all_hints,gemver,5,0.028713,4,EXTRALARGE,DOUBLE
exo,all_hints,gesummv,1,0.005358,4,EXTRALARGE,DOUBLE
exo,all_hints,gesummv,2,0.005299,4,EXTRALARGE,DOUBLE
exo,all_hints,gesummv,3,0.005360,4,EXTRALARGE,DOUBLE
exo,all_hints,gesummv,4,0.005326,4,EXTRALARGE,DOUBLE
exo,all_hints,gesummv,5,0.005330,4,EXTRALARGE,DOUBLE
exo,all_hints,jacobi-1d,1,0.055753,4,EXTRALARGE,DOUBLE
exo,all_hints,jacobi-1d,2,0.055916,4,EXTRALARGE,DOUBLE
exo,all_hints,jacobi-1d,3,0.056532,4,EXTRALARGE,DOUBLE
exo,all_hints,jacobi-1d,4,0.054657,4,EXTRALARGE,DOUBLE
exo,all_hints,jacobi-1d,5,0.056483,4,EXTRALARGE,DOUBLE
exo,all_hints,lu,1,218.677020,4,EXTRALARGE,DOUBLE
exo,all_hints,lu,2,222.194897,4,EXTRALARGE,DOUBLE
exo,all_hints,lu,3,224.179830,4,EXTRALARGE,DOUBLE
exo,all_hints,lu,4,199.650508,4,EXTRALARGE,DOUBLE
exo,all_hints,lu,5,218.814418,4,EXTRALARGE,DOUBLE
exo,all_hints,mvt,1,0.021810,4,EXTRALARGE,DOUBLE
exo,all_hints,mvt,2,0.021804,4,EXTRALARGE,DOUBLE
exo,all_hints,mvt,3,0.021500,4,EXTRALARGE,DOUBLE
exo,all_hints,mvt,4,0.021676,4,EXTRALARGE,DOUBLE
exo,all_hints,mvt,5,0.021449,4,EXTRALARGE,DOUBLE
exo,all_hints,syr2k,1,0.859790,4,EXTRALARGE,DOUBLE
exo,all_hints,syr2k,2,0.880973,4,EXTRALARGE,DOUBLE
exo,all_hints,syr2k,3,0.877193,4,EXTRALARGE,DOUBLE
exo,all_hints,syr2k,4,0.917161,4,EXTRALARGE,DOUBLE
exo,all_hints,syr2k,5,0.879895,4,EXTRALARGE,DOUBLE
exo,all_hints,syrk,1,0.461653,4,EXTRALARGE,DOUBLE
exo,all_hints,syrk,2,0.502024,4,EXTRALARGE,DOUBLE
exo,all_hints,syrk,3,0.499911,4,EXTRALARGE,DOUBLE
exo,all_hints,syrk,4,0.469773,4,EXTRALARGE,DOUBLE
exo,all_hints,syrk,5,0.489334,4,EXTRALARGE,DOUBLE
exo,all_hints,trisolv,1,0.013019,4,EXTRALARGE,DOUBLE
exo,all_hints,trisolv,2,0.012966,4,EXTRALARGE,DOUBLE
exo,all_hints,trisolv,3,0.013193,4,EXTRALARGE,DOUBLE
exo,all_hints,trisolv,4,0.012990,4,EXTRALARGE,DOUBLE
exo,all_hints,trisolv,5,0.013053,4,EXTRALARGE,DOUBLE
exo,all_hints,trmm,1,50.735892,4,EXTRALARGE,DOUBLE
exo,all_hints,trmm,2,45.140232,4,EXTRALARGE,DOUBLE
exo,all_hints,trmm,3,47.731423,4,EXTRALARGE,DOUBLE
exo,all_hints,trmm,4,51.369176,4,EXTRALARGE,DOUBLE
exo,all_hints,trmm,5,46.395037,4,EXTRALARGE,DOUBLE
exo,all_hints,2mm,1,0.441470,5,EXTRALARGE,DOUBLE
exo,all_hints,2mm,2,0.441557,5,EXTRALARGE,DOUBLE
exo,all_hints,2mm,3,0.440163,5,EXTRALARGE,DOUBLE
exo,all_hints,2mm,4,0.441956,5,EXTRALARGE,DOUBLE
exo,all_hints,2mm,5,0.441230,5,EXTRALARGE,DOUBLE
exo,all_hints,adi,1,12.005693,5,EXTRALARGE,DOUBLE
exo,all_hints,adi,2,16.639746,5,EXTRALARGE,DOUBLE
exo,all_hints,adi,3,12.967474,5,EXTRALARGE,DOUBLE
exo,all_hints,adi,4,11.426043,5,EXTRALARGE,DOUBLE
exo,all_hints,adi,5,14.185248,5,EXTRALARGE,DOUBLE
exo,all_hints,bicg,1,0.006632,5,EXTRALARGE,DOUBLE
exo,all_hints,bicg,2,0.006628,5,EXTRALARGE,DOUBLE
exo,all_hints,bicg,3,0.006749,5,EXTRALARGE,DOUBLE
exo,all_hints,bicg,4,0.006588,5,EXTRALARGE,DOUBLE
exo,all_hints,bicg,5,0.006592,5,EXTRALARGE,DOUBLE
exo,all_hints,cholesky,1,16.298688,5,EXTRALARGE,DOUBLE
exo,all_hints,cholesky,2,16.305389,5,EXTRALARGE,DOUBLE
exo,all_hints,cholesky,3,16.354901,5,EXTRALARGE,DOUBLE
exo,all_hints,cholesky,4,16.350472,5,EXTRALARGE,DOUBLE
exo,all_hints,cholesky,5,16.312272,5,EXTRALARGE,DOUBLE
exo,all_hints,correlation,1,6.669414,5,EXTRALARGE,DOUBLE
exo,all_hints,correlation,2,6.481899,5,EXTRALARGE,DOUBLE
exo,all_hints,correlation,3,6.541568,5,EXTRALARGE,DOUBLE
exo,all_hints,correlation,4,6.592962,5,EXTRALARGE,DOUBLE
exo,all_hints,correlation,5,6.548195,5,EXTRALARGE,DOUBLE
exo,all_hints,doitgen,1,0.026810,5,EXTRALARGE,DOUBLE
exo,all_hints,doitgen,2,0.027022,5,EXTRALARGE,DOUBLE
exo,all_hints,doitgen,3,0.028023,5,EXTRALARGE,DOUBLE
exo,all_hints,doitgen,4,0.025792,5,EXTRALARGE,DOUBLE
exo,all_hints,doitgen,5,0.027137,5,EXTRALARGE,DOUBLE
exo,all_hints,fdtd-2d,1,6.248928,5,EXTRALARGE,DOUBLE
exo,all_hints,fdtd-2d,2,6.869405,5,EXTRALARGE,DOUBLE
exo,all_hints,fdtd-2d,3,6.401192,5,EXTRALARGE,DOUBLE
exo,all_hints,fdtd-2d,4,6.057101,5,EXTRALARGE,DOUBLE
exo,all_hints,fdtd-2d,5,13.495916,5,EXTRALARGE,DOUBLE
exo,all_hints,floyd-warshall,1,60.763186,5,EXTRALARGE,DOUBLE
exo,all_hints,floyd-warshall,2,48.194993,5,EXTRALARGE,DOUBLE
exo,all_hints,floyd-warshall,3,57.774117,5,EXTRALARGE,DOUBLE
exo,all_hints,floyd-warshall,4,51.818843,5,EXTRALARGE,DOUBLE
exo,all_hints,floyd-warshall,5,64.142778,5,EXTRALARGE,DOUBLE
exo,all_hints,gemm,1,0.220628,5,EXTRALARGE,DOUBLE
exo,all_hints,gemm,2,0.220986,5,EXTRALARGE,DOUBLE
exo,all_hints,gemm,3,0.220125,5,EXTRALARGE,DOUBLE
exo,all_hints,gemm,4,0.226827,5,EXTRALARGE,DOUBLE
exo,all_hints,gemm,5,0.219928,5,EXTRALARGE,DOUBLE
exo,all_hints,gemver,1,0.024326,5,EXTRALARGE,DOUBLE
exo,all_hints,gemver,2,0.024526,5,EXTRALARGE,DOUBLE
exo,all_hints,gemver,3,0.024158,5,EXTRALARGE,DOUBLE
exo,all_hints,gemver,4,0.024289,5,EXTRALARGE,DOUBLE
exo,all_hints,gemver,5,0.024144,5,EXTRALARGE,DOUBLE
exo,all_hints,gesummv,1,0.005357,5,EXTRALARGE,DOUBLE
exo,all_hints,gesummv,2,0.005313,5,EXTRALARGE,DOUBLE
exo,all_hints,gesummv,3,0.005332,5,EXTRALARGE,DOUBLE
exo,all_hints,gesummv,4,0.005338,5,EXTRALARGE,DOUBLE
exo,all_hints,gesummv,5,0.005353,5,EXTRALARGE,DOUBLE
exo,all_hints,jacobi-1d,1,0.058509,5,EXTRALARGE,DOUBLE
exo,all_hints,jacobi-1d,2,0.056792,5,EXTRALARGE,DOUBLE
exo,all_hints,jacobi-1d,3,0.055256,5,EXTRALARGE,DOUBLE
exo,all_hints,jacobi-1d,4,0.056841,5,EXTRALARGE,DOUBLE
exo,all_hints,jacobi-1d,5,0.054983,5,EXTRALARGE,DOUBLE
exo,all_hints,lu,1,37.397643,5,EXTRALARGE,DOUBLE
exo,all_hints,lu,2,37.788006,5,EXTRALARGE,DOUBLE
exo,all_hints,lu,3,37.763475,5,EXTRALARGE,DOUBLE
exo,all_hints,lu,4,37.775089,5,EXTRALARGE,DOUBLE
exo,all_hints,lu,5,37.752198,5,EXTRALARGE,DOUBLE
exo,all_hints,ludcmp,1,29.328966,5,EXTRALARGE,DOUBLE
exo,all_hints,ludcmp,2,29.219217,5,EXTRALARGE,DOUBLE
exo,all_hints,ludcmp,3,29.364432,5,EXTRALARGE,DOUBLE
exo,all_hints,ludcmp,4,29.744619,5,EXTRALARGE,DOUBLE
exo,all_hints,ludcmp,5,29.020187,5,EXTRALARGE,DOUBLE
exo,all_hints,mvt,1,0.021504,5,EXTRALARGE,DOUBLE
exo,all_hints,mvt,2,0.021505,5,EXTRALARGE,DOUBLE
exo,all_hints,mvt,3,0.021579,5,EXTRALARGE,DOUBLE
exo,all_hints,mvt,4,0.021595,5,EXTRALARGE,DOUBLE
exo,all_hints,mvt,5,0.021575,5,EXTRALARGE,DOUBLE
exo,all_hints,nussinov,1,5.748462,5,EXTRALARGE,DOUBLE
exo,all_hints,nussinov,2,6.725244,5,EXTRALARGE,DOUBLE
exo,all_hints,nussinov,3,7.184986,5,EXTRALARGE,DOUBLE
exo,all_hints,nussinov,4,5.800647,5,EXTRALARGE,DOUBLE
exo,all_hints,nussinov,5,5.806705,5,EXTRALARGE,DOUBLE
exo,all_hints,symm,1,0.423507,5,EXTRALARGE,DOUBLE
exo,all_hints,symm,2,0.428781,5,EXTRALARGE,DOUBLE
exo,all_hints,symm,3,0.424000,5,EXTRALARGE,DOUBLE
exo,all_hints,symm,4,0.423086,5,EXTRALARGE,DOUBLE
exo,all_hints,symm,5,0.423636,5,EXTRALARGE,DOUBLE
exo,all_hints,syr2k,1,0.962653,5,EXTRALARGE,DOUBLE
exo,all_hints,syr2k,2,0.920232,5,EXTRALARGE,DOUBLE
exo,all_hints,syr2k,3,0.975009,5,EXTRALARGE,DOUBLE
exo,all_hints,syr2k,4,0.942337,5,EXTRALARGE,DOUBLE
exo,all_hints,syr2k,5,0.916263,5,EXTRALARGE,DOUBLE
exo,all_hints,trisolv,1,0.012684,5,EXTRALARGE,DOUBLE
exo,all_hints,trisolv,2,0.012710,5,EXTRALARGE,DOUBLE
exo,all_hints,trisolv,3,0.012731,5,EXTRALARGE,DOUBLE
exo,all_hints,trisolv,4,0.012958,5,EXTRALARGE,DOUBLE
exo,all_hints,trisolv,5,0.012726,5,EXTRALARGE,DOUBLE
