framework,version,algorithm,repetition,dataset_size,speedup,optimized_time_s,baseline_time_s,baseline_framework
c,AllHints,2mm,1,EXTRALARGE,102.04227493440582,0.21267133333333332,21.701466666666665,tiramisu
c,AllHints,2mm,2,EXTRALARGE,97.75802394984795,0.22199166666666667,21.701466666666665,tiramisu
c,AllHints,2mm,3,EXTRALARGE,100.03241999099615,0.21694433333333332,21.701466666666665,tiramisu
c,AllHints,2mm,4,EXTRALARGE,49.30392261549099,0.44015699999999996,21.701466666666665,tiramisu
c,AllHints,2mm,5,EXTRALARGE,140.49591057208832,0.1544633333333333,21.701466666666665,tiramisu
c,ChooseHints,2mm,1,EXTRALARGE,97.45175640803032,0.22268933333333332,21.701466666666665,tiramisu
c,ChooseHints,2mm,2,EXTRALARGE,98.91384441949396,0.21939766666666669,21.701466666666665,tiramisu
c,ChooseHints,2mm,3,EXTRALARGE,98.13924882572492,0.22112933333333332,21.701466666666665,tiramisu
c,ChooseHints,2mm,4,EXTRALARGE,100.07778177446973,0.216846,21.701466666666665,tiramisu
c,ChooseHints,2mm,5,EXTRALARGE,102.52952052184158,0.21166066666666664,21.701466666666665,tiramisu
c,FromPlan,2mm,1,EXTRALARGE,7.468396250223691,2.9057733333333338,21.701466666666665,tiramisu
c,FromPlan,2mm,2,EXTRALARGE,6.8058022913200835,3.188671333333333,21.701466666666665,tiramisu
c,FromPlan,2mm,3,EXTRALARGE,5.117624702229002,4.240535,21.701466666666665,tiramisu
c,FromPlan,2mm,4,EXTRALARGE,5.349624454627856,4.0566336666666665,21.701466666666665,tiramisu
c,FromPlan,2mm,5,EXTRALARGE,6.243928525564761,3.4756110000000002,21.701466666666665,tiramisu
c,Naive,2mm,1,EXTRALARGE,5.297910420749349,4.096231333333333,21.701466666666665,tiramisu
c,Naive,2mm,2,EXTRALARGE,2.669001016980545,8.130932333333334,21.701466666666665,tiramisu
c,Naive,2mm,3,EXTRALARGE,2.6765342843336466,8.108047333333333,21.701466666666665,tiramisu
c,Naive,2mm,4,EXTRALARGE,0.8181137597384142,26.526221333333336,21.701466666666665,tiramisu
c,Naive,2mm,5,EXTRALARGE,2.6735117081632525,8.117213999999999,21.701466666666665,tiramisu
c,standard,2mm,1,EXTRALARGE,0.838827140194631,25.871202333333333,21.701466666666665,tiramisu
exo,AllHints,2mm,2,EXTRALARGE,2.559255939745585,8.4796,21.701466666666665,tiramisu
exo,AllHints,2mm,3,EXTRALARGE,98.8746366488775,0.2194846666666667,21.701466666666665,tiramisu
exo,AllHints,2mm,4,EXTRALARGE,105.01624335022727,0.20664866666666667,21.701466666666665,tiramisu
exo,AllHints,2mm,5,EXTRALARGE,49.554534085658844,0.437931,21.701466666666665,tiramisu
exo,ChooseHints,2mm,1,EXTRALARGE,36.52877751325972,0.5940923333333333,21.701466666666665,tiramisu
exo,ChooseHints,2mm,2,EXTRALARGE,57.04947107936263,0.3803973333333333,21.701466666666665,tiramisu
exo,ChooseHints,2mm,3,EXTRALARGE,100.50728821566076,0.21591933333333335,21.701466666666665,tiramisu
exo,ChooseHints,2mm,4,EXTRALARGE,48.541577039820034,0.4470696666666667,21.701466666666665,tiramisu
exo,ChooseHints,2mm,5,EXTRALARGE,101.82793024867172,0.21311899999999998,21.701466666666665,tiramisu
exo,FromPlan,2mm,1,EXTRALARGE,4.699131888644019,4.618186333333333,21.701466666666665,tiramisu
exo,FromPlan,2mm,3,EXTRALARGE,4.286997946462636,5.062159333333333,21.701466666666665,tiramisu
exo,Naive,2mm,1,EXTRALARGE,102.45820113813768,0.211808,21.701466666666665,tiramisu
exo,Naive,2mm,2,EXTRALARGE,45.9342147967319,0.4724466666666667,21.701466666666665,tiramisu
exo,Naive,2mm,5,EXTRALARGE,44.73941908656664,0.4850636666666666,21.701466666666665,tiramisu
exo,standard,2mm,1,EXTRALARGE,0.8257336934388133,26.281435333333334,21.701466666666665,tiramisu
exo,standard,2mm,2,EXTRALARGE,0.8353206355300622,25.979804333333334,21.701466666666665,tiramisu
exo,standard,2mm,3,EXTRALARGE,0.8333950230119889,26.039832333333333,21.701466666666665,tiramisu
exo,standard,2mm,4,EXTRALARGE,0.8357679366656524,25.9659,21.701466666666665,tiramisu
exo,standard,2mm,5,EXTRALARGE,0.8299002408778807,26.149488333333334,21.701466666666665,tiramisu
halide,AllHints,2mm,2,EXTRALARGE,49.57883682659012,0.4377163333333334,21.701466666666665,tiramisu
halide,AllHints,2mm,5,EXTRALARGE,83.67249892685382,0.25936200000000004,21.701466666666665,tiramisu
halide,ChooseHints,2mm,1,EXTRALARGE,55.05736657524886,0.394161,21.701466666666665,tiramisu
halide,ChooseHints,2mm,2,EXTRALARGE,55.627955302412765,0.390118,21.701466666666665,tiramisu
halide,ChooseHints,2mm,3,EXTRALARGE,84.99723875559918,0.25531966666666667,21.701466666666665,tiramisu
halide,ChooseHints,2mm,5,EXTRALARGE,46.50317607369719,0.46666633333333335,21.701466666666665,tiramisu
halide,FromPlan,2mm,2,EXTRALARGE,83.64347419432752,0.259452,21.701466666666665,tiramisu
halide,FromPlan,2mm,4,EXTRALARGE,90.38499182980446,0.24010033333333336,21.701466666666665,tiramisu
halide,FromPlan,2mm,5,EXTRALARGE,83.73631659706261,0.25916433333333333,21.701466666666665,tiramisu
halide,Naive,2mm,2,EXTRALARGE,48.36994638802705,0.448656,21.701466666666665,tiramisu
halide,Naive,2mm,4,EXTRALARGE,46.39917556161657,0.46771233333333334,21.701466666666665,tiramisu
halide,Naive,2mm,5,EXTRALARGE,45.59313642071147,0.475981,21.701466666666665,tiramisu
halide,standard,2mm,1,EXTRALARGE,0.7916272171739638,27.413745000000002,21.701466666666665,tiramisu
halide,standard,2mm,2,EXTRALARGE,1.9003207004990206,11.419897,21.701466666666665,tiramisu
halide,standard,2mm,3,EXTRALARGE,0.8342118767521028,26.014334333333334,21.701466666666665,tiramisu
noarr,AllHints,2mm,1,EXTRALARGE,2.44810720706391,8.86459,21.701466666666665,tiramisu
noarr,AllHints,2mm,2,EXTRALARGE,88.69990531141644,0.24466166666666667,21.701466666666665,tiramisu
noarr,AllHints,2mm,3,EXTRALARGE,2.4535537116329325,8.844912,21.701466666666665,tiramisu
noarr,AllHints,2mm,4,EXTRALARGE,2.4676064213164954,8.794541333333333,21.701466666666665,tiramisu
noarr,AllHints,2mm,5,EXTRALARGE,2.450271414141235,8.856760333333334,21.701466666666665,tiramisu
noarr,ChooseHints,2mm,1,EXTRALARGE,2.479646845978595,8.751837666666667,21.701466666666665,tiramisu
noarr,ChooseHints,2mm,2,EXTRALARGE,2.4766224166123187,8.762525333333334,21.701466666666665,tiramisu
noarr,ChooseHints,2mm,3,EXTRALARGE,2.442582737742346,8.884639333333332,21.701466666666665,tiramisu
noarr,ChooseHints,2mm,4,EXTRALARGE,2.4787913940656336,8.754858,21.701466666666665,tiramisu
noarr,ChooseHints,2mm,5,EXTRALARGE,2.448132062346062,8.8645,21.701466666666665,tiramisu
noarr,FromPlan,2mm,1,EXTRALARGE,1.1404091599110455,19.029544333333334,21.701466666666665,tiramisu
noarr,FromPlan,2mm,2,EXTRALARGE,0.8334307203640895,26.038717000000002,21.701466666666665,tiramisu
noarr,FromPlan,2mm,3,EXTRALARGE,0.9576993092424344,22.660000333333333,21.701466666666665,tiramisu
noarr,FromPlan,2mm,4,EXTRALARGE,1.126452027866782,19.265327,21.701466666666665,tiramisu
noarr,FromPlan,2mm,5,EXTRALARGE,1.1482725512851149,18.899229666666667,21.701466666666665,tiramisu
noarr,Naive,2mm,1,EXTRALARGE,2.454921672175098,8.839983333333334,21.701466666666665,tiramisu
noarr,Naive,2mm,2,EXTRALARGE,2.4400814954627292,8.893746666666667,21.701466666666665,tiramisu
noarr,Naive,2mm,3,EXTRALARGE,1.0885785562845696,19.9356,21.701466666666665,tiramisu
noarr,Naive,2mm,4,EXTRALARGE,2.443322318484867,8.88195,21.701466666666665,tiramisu
noarr,Naive,2mm,5,EXTRALARGE,2.4649083807013668,8.804167666666666,21.701466666666665,tiramisu
noarr,standard,2mm,1,EXTRALARGE,0.8355912237483258,25.971391333333333,21.701466666666665,tiramisu
noarr,standard,2mm,2,EXTRALARGE,2.451655011360073,8.851762,21.701466666666665,tiramisu
noarr,standard,2mm,3,EXTRALARGE,0.8324727434109823,26.068681333333334,21.701466666666665,tiramisu
noarr,standard,2mm,4,EXTRALARGE,2.4427236892164976,8.884126666666667,21.701466666666665,tiramisu
noarr,standard,2mm,5,EXTRALARGE,0.8357930863041437,25.965118666666665,21.701466666666665,tiramisu
tiramisu,standard,2mm,1,EXTRALARGE,1.0,21.701466666666665,21.701466666666665,tiramisu
c,AllHints,3mm,1,EXTRALARGE,103.19863679728242,0.3626753333333333,37.4276,tiramisu
c,AllHints,3mm,2,EXTRALARGE,103.66645862493029,0.3610386666666667,37.4276,tiramisu
c,AllHints,3mm,4,EXTRALARGE,100.05248436384763,0.37407966666666664,37.4276,tiramisu
c,AllHints,3mm,5,EXTRALARGE,60.584484327096256,0.6177753333333333,37.4276,tiramisu
c,ChooseHints,3mm,1,EXTRALARGE,101.21677048308439,0.36977666666666664,37.4276,tiramisu
c,ChooseHints,3mm,2,EXTRALARGE,102.03343901727564,0.366817,37.4276,tiramisu
c,ChooseHints,3mm,3,EXTRALARGE,104.4284248795355,0.3584043333333333,37.4276,tiramisu
c,ChooseHints,3mm,4,EXTRALARGE,101.00171630271691,0.37056400000000006,37.4276,tiramisu
c,FromPlan,3mm,1,EXTRALARGE,5.817162460156953,6.4339960000000005,37.4276,tiramisu
c,FromPlan,3mm,2,EXTRALARGE,166.43340680450785,0.22488033333333335,37.4276,tiramisu
c,FromPlan,3mm,3,EXTRALARGE,7.176354055657412,5.215406,37.4276,tiramisu
c,FromPlan,3mm,4,EXTRALARGE,6.858033691724048,5.4574826666666665,37.4276,tiramisu
c,FromPlan,3mm,5,EXTRALARGE,5.818901921609716,6.4320726666666665,37.4276,tiramisu
c,Naive,3mm,1,EXTRALARGE,3.1621805873820814,11.836009666666667,37.4276,tiramisu
c,Naive,3mm,2,EXTRALARGE,7.351186861685185,5.0913683333333335,37.4276,tiramisu
c,Naive,3mm,3,EXTRALARGE,3.156417738490396,11.857619333333332,37.4276,tiramisu
c,Naive,3mm,4,EXTRALARGE,3.146709543952324,11.894202333333332,37.4276,tiramisu
c,Naive,3mm,5,EXTRALARGE,3.0498448971986427,12.271968333333334,37.4276,tiramisu
c,standard,3mm,1,EXTRALARGE,0.8644266257516985,43.297602000000005,37.4276,tiramisu
exo,AllHints,3mm,3,EXTRALARGE,96.08087432442146,0.38954266666666665,37.4276,tiramisu
exo,AllHints,3mm,4,EXTRALARGE,44.313645010300654,0.8446066666666666,37.4276,tiramisu
exo,ChooseHints,3mm,1,EXTRALARGE,103.7421257550867,0.3607753333333334,37.4276,tiramisu
exo,ChooseHints,3mm,2,EXTRALARGE,108.06315011433543,0.34634933333333334,37.4276,tiramisu
exo,ChooseHints,3mm,3,EXTRALARGE,104.46699714183637,0.358272,37.4276,tiramisu
exo,ChooseHints,3mm,4,EXTRALARGE,107.71276289585465,0.34747600000000006,37.4276,tiramisu
exo,FromPlan,3mm,3,EXTRALARGE,4.942838954498534,7.572085666666666,37.4276,tiramisu
exo,FromPlan,3mm,4,EXTRALARGE,104.51795228857704,0.3580973333333333,37.4276,tiramisu
exo,FromPlan,3mm,5,EXTRALARGE,4.943123579102027,7.571649666666667,37.4276,tiramisu
exo,Naive,3mm,1,EXTRALARGE,48.89522538795573,0.7654653333333333,37.4276,tiramisu
exo,Naive,3mm,2,EXTRALARGE,1.7007365938555077,22.0067,37.4276,tiramisu
exo,Naive,3mm,3,EXTRALARGE,107.020597234004,0.3497233333333334,37.4276,tiramisu
exo,Naive,3mm,4,EXTRALARGE,2.9843874552642093,12.541133,37.4276,tiramisu
exo,Naive,3mm,5,EXTRALARGE,45.294316971633265,0.8263199999999999,37.4276,tiramisu
exo,standard,3mm,1,EXTRALARGE,0.8532282096473812,43.86587266666667,37.4276,tiramisu
exo,standard,3mm,2,EXTRALARGE,0.8474044203838306,44.167341,37.4276,tiramisu
exo,standard,3mm,3,EXTRALARGE,0.8517729331336384,43.940818666666665,37.4276,tiramisu
exo,standard,3mm,4,EXTRALARGE,0.851442845317569,43.957853666666665,37.4276,tiramisu
exo,standard,3mm,5,EXTRALARGE,0.8506258227968929,44.000075,37.4276,tiramisu
halide,AllHints,3mm,1,EXTRALARGE,46.42946932456483,0.8061173333333334,37.4276,tiramisu
halide,AllHints,3mm,3,EXTRALARGE,70.52984001155785,0.5306633333333334,37.4276,tiramisu
halide,AllHints,3mm,5,EXTRALARGE,70.85827373405839,0.5282036666666666,37.4276,tiramisu
halide,ChooseHints,3mm,2,EXTRALARGE,72.77122613995473,0.5143186666666667,37.4276,tiramisu
halide,ChooseHints,3mm,3,EXTRALARGE,69.41908408414905,0.5391543333333334,37.4276,tiramisu
halide,FromPlan,3mm,4,EXTRALARGE,76.72514523978401,0.48781399999999997,37.4276,tiramisu
halide,Naive,3mm,2,EXTRALARGE,40.48158472727168,0.9245586666666666,37.4276,tiramisu
halide,Naive,3mm,4,EXTRALARGE,70.76030136028055,0.528935,37.4276,tiramisu
halide,Naive,3mm,5,EXTRALARGE,4.645186593005254,8.057286666666668,37.4276,tiramisu
halide,standard,3mm,3,EXTRALARGE,1.9452392089948194,19.240615666666667,37.4276,tiramisu
halide,standard,3mm,4,EXTRALARGE,1.9765535335681643,18.935788666666667,37.4276,tiramisu
noarr,AllHints,3mm,1,EXTRALARGE,1.149023777291589,32.573390333333336,37.4276,tiramisu
noarr,AllHints,3mm,2,EXTRALARGE,2.7157418423294795,13.781722333333333,37.4276,tiramisu
noarr,AllHints,3mm,3,EXTRALARGE,94.33135456379978,0.3967673333333333,37.4276,tiramisu
noarr,AllHints,3mm,4,EXTRALARGE,2.767770632373723,13.522652333333333,37.4276,tiramisu
noarr,AllHints,3mm,5,EXTRALARGE,0.8468320026455977,44.197196,37.4276,tiramisu
noarr,ChooseHints,3mm,1,EXTRALARGE,2.7490722051467724,13.614629666666666,37.4276,tiramisu
noarr,ChooseHints,3mm,2,EXTRALARGE,2.7040059349860766,13.841537666666667,37.4276,tiramisu
noarr,ChooseHints,3mm,3,EXTRALARGE,1.0713685609640549,34.93438333333334,37.4276,tiramisu
noarr,ChooseHints,3mm,4,EXTRALARGE,1.1164272657074281,33.524441,37.4276,tiramisu
noarr,ChooseHints,3mm,5,EXTRALARGE,2.700465609461226,13.859684,37.4276,tiramisu
noarr,FromPlan,3mm,1,EXTRALARGE,1.216293357615842,30.771852666666664,37.4276,tiramisu
noarr,FromPlan,3mm,2,EXTRALARGE,1.2163936042345214,30.76931666666667,37.4276,tiramisu
noarr,FromPlan,3mm,3,EXTRALARGE,2.7138382577264153,13.791389333333333,37.4276,tiramisu
noarr,FromPlan,3mm,4,EXTRALARGE,1.1505526367779098,32.53010666666667,37.4276,tiramisu
noarr,FromPlan,3mm,5,EXTRALARGE,1.1872378120780522,31.524939333333332,37.4276,tiramisu
noarr,Naive,3mm,1,EXTRALARGE,2.729709619915161,13.711202,37.4276,tiramisu
noarr,Naive,3mm,2,EXTRALARGE,2.696824035683078,13.878399,37.4276,tiramisu
noarr,Naive,3mm,3,EXTRALARGE,2.7190320254900717,13.765045666666666,37.4276,tiramisu
noarr,Naive,3mm,4,EXTRALARGE,2.762447562964729,13.548709666666667,37.4276,tiramisu
noarr,Naive,3mm,5,EXTRALARGE,2.7329233304148475,13.695078666666667,37.4276,tiramisu
noarr,standard,3mm,1,EXTRALARGE,0.8439657741477631,44.347296,37.4276,tiramisu
noarr,standard,3mm,2,EXTRALARGE,0.8530338103538279,43.875869333333334,37.4276,tiramisu
noarr,standard,3mm,3,EXTRALARGE,2.745435185982335,13.632665666666668,37.4276,tiramisu
noarr,standard,3mm,4,EXTRALARGE,2.7627705626214385,13.547125666666666,37.4276,tiramisu
noarr,standard,3mm,5,EXTRALARGE,0.8448427369128109,44.301262666666666,37.4276,tiramisu
tiramisu,standard,3mm,1,EXTRALARGE,1.0,37.4276,37.4276,tiramisu
c,AllHints,adi,1,EXTRALARGE,9.877982765653217,12.750275333333335,125.947,tiramisu
c,AllHints,adi,2,EXTRALARGE,10.189031325390618,12.361037666666666,125.947,tiramisu
c,AllHints,adi,3,EXTRALARGE,8.645724637099164,14.567547,125.947,tiramisu
c,AllHints,adi,4,EXTRALARGE,9.046924451293417,13.921526666666667,125.947,tiramisu
c,AllHints,adi,5,EXTRALARGE,10.79617400881133,11.665892,125.947,tiramisu
c,ChooseHints,adi,2,EXTRALARGE,11.291036206824318,11.154600666666667,125.947,tiramisu
c,ChooseHints,adi,3,EXTRALARGE,1.468326270451623,85.77589499999999,125.947,tiramisu
c,ChooseHints,adi,4,EXTRALARGE,9.822717626082333,12.822011666666668,125.947,tiramisu
c,ChooseHints,adi,5,EXTRALARGE,11.418973209637787,11.029625666666668,125.947,tiramisu
c,FromPlan,adi,1,EXTRALARGE,1.4691744918419074,85.72637266666668,125.947,tiramisu
c,FromPlan,adi,2,EXTRALARGE,1.191647727106076,105.69147,125.947,tiramisu
c,FromPlan,adi,3,EXTRALARGE,2.18966892894961,57.518741,125.947,tiramisu
c,FromPlan,adi,4,EXTRALARGE,11.865685344676928,10.614389000000001,125.947,tiramisu
c,FromPlan,adi,5,EXTRALARGE,1.3219734558131175,95.27195833333333,125.947,tiramisu
c,Naive,adi,1,EXTRALARGE,1.494987831533961,84.24617066666667,125.947,tiramisu
c,Naive,adi,2,EXTRALARGE,1.3115895566992115,96.02622966666667,125.947,tiramisu
c,Naive,adi,3,EXTRALARGE,1.4972215032028449,84.12048566666665,125.947,tiramisu
c,Naive,adi,4,EXTRALARGE,10.58139462266397,11.902684333333333,125.947,tiramisu
c,Naive,adi,5,EXTRALARGE,10.895321480482952,11.559732333333335,125.947,tiramisu
c,standard,adi,1,EXTRALARGE,1.4726749901113863,85.522604,125.947,tiramisu
exo,AllHints,adi,1,EXTRALARGE,9.571574141568183,13.158441666666667,125.947,tiramisu
exo,AllHints,adi,2,EXTRALARGE,11.707106954847136,10.758166000000001,125.947,tiramisu
exo,AllHints,adi,3,EXTRALARGE,9.37416173869499,13.435547999999999,125.947,tiramisu
exo,AllHints,adi,5,EXTRALARGE,9.794465814841072,12.858996333333332,125.947,tiramisu
exo,ChooseHints,adi,1,EXTRALARGE,9.319680652308827,13.514089666666669,125.947,tiramisu
exo,ChooseHints,adi,2,EXTRALARGE,5.917169307863096,21.285008666666666,125.947,tiramisu
exo,ChooseHints,adi,4,EXTRALARGE,7.240425705397815,17.394971666666667,125.947,tiramisu
exo,ChooseHints,adi,5,EXTRALARGE,7.303573835816232,17.244571333333337,125.947,tiramisu
exo,FromPlan,adi,2,EXTRALARGE,1.2829587901410093,98.16917033333334,125.947,tiramisu
exo,FromPlan,adi,4,EXTRALARGE,20.55681039928985,6.126777333333333,125.947,tiramisu
exo,Naive,adi,1,EXTRALARGE,9.525456831976166,13.222147999999999,125.947,tiramisu
exo,Naive,adi,2,EXTRALARGE,10.02450324464963,12.563914333333335,125.947,tiramisu
exo,Naive,adi,4,EXTRALARGE,10.447738784215916,12.054953,125.947,tiramisu
exo,standard,adi,2,EXTRALARGE,1.0905193204407473,115.492681,125.947,tiramisu
exo,standard,adi,3,EXTRALARGE,1.0697945037618126,117.73008699999998,125.947,tiramisu
exo,standard,adi,4,EXTRALARGE,1.0957547891018948,114.940862,125.947,tiramisu
halide,ChooseHints,adi,2,EXTRALARGE,1.1328058262954017,111.18145499999999,125.947,tiramisu
halide,ChooseHints,adi,3,EXTRALARGE,0.8058809548782745,156.28486966666665,125.947,tiramisu
halide,ChooseHints,adi,4,EXTRALARGE,1.1867824769480584,106.12475533333333,125.947,tiramisu
halide,FromPlan,adi,3,EXTRALARGE,1.5224048698518122,82.72897866666666,125.947,tiramisu
halide,Naive,adi,2,EXTRALARGE,1.2309416391276349,102.31760466666667,125.947,tiramisu
halide,Naive,adi,4,EXTRALARGE,6.230104330557407,20.215873333333334,125.947,tiramisu
halide,standard,adi,1,EXTRALARGE,1.2431215387506138,101.31511366666666,125.947,tiramisu
halide,standard,adi,2,EXTRALARGE,1.2258286089089208,102.74437966666666,125.947,tiramisu
halide,standard,adi,3,EXTRALARGE,1.2426231245625126,101.355751,125.947,tiramisu
halide,standard,adi,5,EXTRALARGE,1.2231964319198119,102.96547366666665,125.947,tiramisu
noarr,AllHints,adi,1,EXTRALARGE,8.743726079577371,14.404271,125.947,tiramisu
noarr,AllHints,adi,2,EXTRALARGE,8.868819396467922,14.201101,125.947,tiramisu
noarr,AllHints,adi,3,EXTRALARGE,7.627155184421071,16.512972,125.947,tiramisu
noarr,AllHints,adi,4,EXTRALARGE,10.280211195420737,12.251401999999999,125.947,tiramisu
noarr,AllHints,adi,5,EXTRALARGE,1.6098549654209744,78.234998,125.947,tiramisu
noarr,ChooseHints,adi,1,EXTRALARGE,9.0162328988162,13.968916,125.947,tiramisu
noarr,ChooseHints,adi,2,EXTRALARGE,1.7444863384559552,72.19718333333334,125.947,tiramisu
noarr,ChooseHints,adi,3,EXTRALARGE,10.159307435198423,12.397203333333332,125.947,tiramisu
noarr,ChooseHints,adi,4,EXTRALARGE,9.108173472061782,13.827909666666665,125.947,tiramisu
noarr,ChooseHints,adi,5,EXTRALARGE,8.174272855311557,15.407731333333333,125.947,tiramisu
noarr,FromPlan,adi,1,EXTRALARGE,1.19861066342563,105.07749,125.947,tiramisu
noarr,FromPlan,adi,2,EXTRALARGE,8.41837558265804,14.960962333333335,125.947,tiramisu
noarr,FromPlan,adi,3,EXTRALARGE,10.286184895862046,12.244287,125.947,tiramisu
noarr,FromPlan,adi,4,EXTRALARGE,1.647317272401567,76.45582433333333,125.947,tiramisu
noarr,FromPlan,adi,5,EXTRALARGE,1.4332190226852093,87.87700833333334,125.947,tiramisu
noarr,Naive,adi,1,EXTRALARGE,1.3482489773367312,93.41523866666667,125.947,tiramisu
noarr,Naive,adi,2,EXTRALARGE,1.3822747034835814,91.11575266666667,125.947,tiramisu
noarr,Naive,adi,5,EXTRALARGE,1.3616583859695819,92.49529933333334,125.947,tiramisu
noarr,standard,adi,1,EXTRALARGE,1.3616234726601926,92.49767100000001,125.947,tiramisu
noarr,standard,adi,3,EXTRALARGE,1.2545426832481283,100.392758,125.947,tiramisu
noarr,standard,adi,4,EXTRALARGE,1.3724431571338174,91.76846366666666,125.947,tiramisu
noarr,standard,adi,5,EXTRALARGE,1.3701320588557047,91.923256,125.947,tiramisu
tiramisu,standard,adi,1,EXTRALARGE,1.0,125.947,125.947,tiramisu
c,AllHints,atax,1,EXTRALARGE,4.357668364459536,0.001178,0.0051333333333333335,tiramisu
c,AllHints,atax,2,EXTRALARGE,2.479471904685236,0.0020703333333333333,0.0051333333333333335,tiramisu
c,AllHints,atax,3,EXTRALARGE,5.04256712508186,0.001018,0.0051333333333333335,tiramisu
c,AllHints,atax,4,EXTRALARGE,4.501607717041801,0.0011403333333333333,0.0051333333333333335,tiramisu
c,AllHints,atax,5,EXTRALARGE,4.525418748163386,0.0011343333333333333,0.0051333333333333335,tiramisu
c,ChooseHints,atax,1,EXTRALARGE,4.583333333333333,0.0011200000000000001,0.0051333333333333335,tiramisu
c,ChooseHints,atax,2,EXTRALARGE,3.523221230839625,0.001457,0.0051333333333333335,tiramisu
c,ChooseHints,atax,3,EXTRALARGE,1.9501076358110672,0.0026323333333333337,0.0051333333333333335,tiramisu
c,ChooseHints,atax,4,EXTRALARGE,3.3816425120772946,0.001518,0.0051333333333333335,tiramisu
c,ChooseHints,atax,5,EXTRALARGE,3.706377858002407,0.001385,0.0051333333333333335,tiramisu
c,FromPlan,atax,1,EXTRALARGE,0.5215035557060617,0.009843333333333334,0.0051333333333333335,tiramisu
c,FromPlan,atax,3,EXTRALARGE,0.7494646680942184,0.006849333333333333,0.0051333333333333335,tiramisu
c,FromPlan,atax,4,EXTRALARGE,0.622398254051651,0.008247666666666667,0.0051333333333333335,tiramisu
c,FromPlan,atax,5,EXTRALARGE,0.6348682854433773,0.008085666666666666,0.0051333333333333335,tiramisu
c,Naive,atax,1,EXTRALARGE,0.6067291781577496,0.008460666666666667,0.0051333333333333335,tiramisu
c,Naive,atax,2,EXTRALARGE,0.6182504315709182,0.008303,0.0051333333333333335,tiramisu
c,Naive,atax,3,EXTRALARGE,0.6197681905988409,0.008282666666666667,0.0051333333333333335,tiramisu
c,Naive,atax,4,EXTRALARGE,0.6080947680157947,0.008441666666666667,0.0051333333333333335,tiramisu
c,standard,atax,1,EXTRALARGE,0.5995483921202212,0.008562,0.0051333333333333335,tiramisu
exo,AllHints,atax,1,EXTRALARGE,0.6011632900027326,0.008539,0.0051333333333333335,tiramisu
exo,AllHints,atax,2,EXTRALARGE,0.8772429507262888,0.005851666666666667,0.0051333333333333335,tiramisu
exo,AllHints,atax,4,EXTRALARGE,1.0325175997318137,0.004971666666666667,0.0051333333333333335,tiramisu
exo,ChooseHints,atax,1,EXTRALARGE,2.354020177315806,0.0021806666666666667,0.0051333333333333335,tiramisu
exo,ChooseHints,atax,2,EXTRALARGE,1.042724625905613,0.004923,0.0051333333333333335,tiramisu
exo,ChooseHints,atax,3,EXTRALARGE,0.26695789345953164,0.019229,0.0051333333333333335,tiramisu
exo,ChooseHints,atax,4,EXTRALARGE,2.462817847433232,0.0020843333333333334,0.0051333333333333335,tiramisu
exo,ChooseHints,atax,5,EXTRALARGE,0.6437050660424679,0.007974666666666666,0.0051333333333333335,tiramisu
exo,FromPlan,atax,1,EXTRALARGE,0.7270323859881032,0.0070606666666666665,0.0051333333333333335,tiramisu
exo,FromPlan,atax,2,EXTRALARGE,0.24940482938442357,0.02058233333333333,0.0051333333333333335,tiramisu
exo,FromPlan,atax,4,EXTRALARGE,0.450793279082021,0.011387333333333333,0.0051333333333333335,tiramisu
exo,Naive,atax,4,EXTRALARGE,0.6758535943122971,0.007595333333333333,0.0051333333333333335,tiramisu
exo,standard,atax,1,EXTRALARGE,0.589541382742516,0.008707333333333333,0.0051333333333333335,tiramisu
exo,standard,atax,2,EXTRALARGE,0.5915114269252929,0.008678333333333333,0.0051333333333333335,tiramisu
exo,standard,atax,3,EXTRALARGE,0.5895865237366004,0.008706666666666666,0.0051333333333333335,tiramisu
exo,standard,atax,4,EXTRALARGE,0.5888200657643189,0.008718000000000002,0.0051333333333333335,tiramisu
exo,standard,atax,5,EXTRALARGE,0.5878760116048253,0.008731999999999998,0.0051333333333333335,tiramisu
halide,Naive,atax,2,EXTRALARGE,0.04369252942862088,0.11748766666666666,0.0051333333333333335,tiramisu
halide,standard,atax,1,EXTRALARGE,0.33940141931502626,0.015124666666666666,0.0051333333333333335,tiramisu
halide,standard,atax,2,EXTRALARGE,0.5232577894057288,0.009810333333333332,0.0051333333333333335,tiramisu
halide,standard,atax,3,EXTRALARGE,0.5248807089297888,0.009779999999999999,0.0051333333333333335,tiramisu
halide,standard,atax,4,EXTRALARGE,0.3374602826777693,0.015211666666666667,0.0051333333333333335,tiramisu
halide,standard,atax,5,EXTRALARGE,0.33922199215824483,0.015132666666666668,0.0051333333333333335,tiramisu
noarr,AllHints,atax,1,EXTRALARGE,0.620467365028203,0.008273333333333334,0.0051333333333333335,tiramisu
noarr,AllHints,atax,2,EXTRALARGE,0.6210178240180659,0.008266,0.0051333333333333335,tiramisu
noarr,AllHints,atax,3,EXTRALARGE,1.1221218303701543,0.004574666666666667,0.0051333333333333335,tiramisu
noarr,AllHints,atax,4,EXTRALARGE,0.6217449230893456,0.008256333333333333,0.0051333333333333335,tiramisu
noarr,AllHints,atax,5,EXTRALARGE,1.093361732339368,0.004695,0.0051333333333333335,tiramisu
noarr,ChooseHints,atax,1,EXTRALARGE,0.6218202374222725,0.008255333333333333,0.0051333333333333335,tiramisu
noarr,ChooseHints,atax,2,EXTRALARGE,0.6189959403513003,0.008293,0.0051333333333333335,tiramisu
noarr,ChooseHints,atax,3,EXTRALARGE,0.5747555422855863,0.008931333333333333,0.0051333333333333335,tiramisu
noarr,ChooseHints,atax,4,EXTRALARGE,0.6223479490806223,0.008248333333333335,0.0051333333333333335,tiramisu
noarr,ChooseHints,atax,5,EXTRALARGE,0.6203423967774422,0.008275,0.0051333333333333335,tiramisu
noarr,FromPlan,atax,2,EXTRALARGE,0.6333799457102903,0.008104666666666668,0.0051333333333333335,tiramisu
noarr,FromPlan,atax,4,EXTRALARGE,0.6479299899023898,0.007922666666666666,0.0051333333333333335,tiramisu
noarr,Naive,atax,1,EXTRALARGE,0.6239870340356564,0.008226666666666667,0.0051333333333333335,tiramisu
noarr,Naive,atax,2,EXTRALARGE,0.6251522286271008,0.008211333333333333,0.0051333333333333335,tiramisu
noarr,Naive,atax,3,EXTRALARGE,0.6241640659830584,0.008224333333333333,0.0051333333333333335,tiramisu
noarr,Naive,atax,4,EXTRALARGE,0.6256093597660058,0.008205333333333334,0.0051333333333333335,tiramisu
noarr,Naive,atax,5,EXTRALARGE,0.6249746357696522,0.008213666666666668,0.0051333333333333335,tiramisu
noarr,standard,atax,1,EXTRALARGE,0.6196684371479158,0.008284,0.0051333333333333335,tiramisu
noarr,standard,atax,2,EXTRALARGE,0.6195437904815545,0.008285666666666667,0.0051333333333333335,tiramisu
noarr,standard,atax,3,EXTRALARGE,0.6186975211923988,0.008297,0.0051333333333333335,tiramisu
noarr,standard,atax,4,EXTRALARGE,0.61907059012703,0.008292,0.0051333333333333335,tiramisu
noarr,standard,atax,5,EXTRALARGE,0.6202674399871113,0.008276,0.0051333333333333335,tiramisu
tiramisu,standard,atax,1,EXTRALARGE,1.0,0.0051333333333333335,0.0051333333333333335,tiramisu
c,AllHints,bicg,1,EXTRALARGE,4.1836555360281205,0.001138,0.0047610000000000005,tiramisu
c,AllHints,bicg,3,EXTRALARGE,4.3190202600544305,0.0011023333333333334,0.0047610000000000005,tiramisu
c,AllHints,bicg,4,EXTRALARGE,4.233254297569651,0.0011246666666666666,0.0047610000000000005,tiramisu
c,AllHints,bicg,5,EXTRALARGE,4.325560266505149,0.0011006666666666667,0.0047610000000000005,tiramisu
c,ChooseHints,bicg,1,EXTRALARGE,0.7761656341701989,0.0061340000000000006,0.0047610000000000005,tiramisu
c,ChooseHints,bicg,2,EXTRALARGE,4.333434466019417,0.0010986666666666668,0.0047610000000000005,tiramisu
c,ChooseHints,bicg,3,EXTRALARGE,4.320326678765881,0.001102,0.0047610000000000005,tiramisu
c,ChooseHints,bicg,4,EXTRALARGE,0.7773484271252857,0.006124666666666667,0.0047610000000000005,tiramisu
c,ChooseHints,bicg,5,EXTRALARGE,4.294347564642213,0.0011086666666666667,0.0047610000000000005,tiramisu
c,FromPlan,bicg,1,EXTRALARGE,3.72146951537259,0.0012793333333333335,0.0047610000000000005,tiramisu
c,FromPlan,bicg,2,EXTRALARGE,0.7607051555176823,0.006258666666666667,0.0047610000000000005,tiramisu
c,FromPlan,bicg,3,EXTRALARGE,0.7055772365756064,0.006747666666666667,0.0047610000000000005,tiramisu
c,FromPlan,bicg,4,EXTRALARGE,0.7039428289797931,0.006763333333333333,0.0047610000000000005,tiramisu
c,FromPlan,bicg,5,EXTRALARGE,0.6930803571428571,0.006869333333333334,0.0047610000000000005,tiramisu
c,Naive,bicg,1,EXTRALARGE,0.787549625055139,0.006045333333333333,0.0047610000000000005,tiramisu
c,Naive,bicg,2,EXTRALARGE,0.7803638747746272,0.006101,0.0047610000000000005,tiramisu
c,Naive,bicg,3,EXTRALARGE,0.7856435643564357,0.00606,0.0047610000000000005,tiramisu
c,Naive,bicg,4,EXTRALARGE,0.7843923334614752,0.006069666666666667,0.0047610000000000005,tiramisu
c,Naive,bicg,5,EXTRALARGE,0.7840909090909092,0.006072,0.0047610000000000005,tiramisu
c,standard,bicg,1,EXTRALARGE,0.3283297319663464,0.014500666666666667,0.0047610000000000005,tiramisu
exo,AllHints,bicg,2,EXTRALARGE,0.7081308874566188,0.006723333333333334,0.0047610000000000005,tiramisu
exo,AllHints,bicg,3,EXTRALARGE,0.3278474039388514,0.014522,0.0047610000000000005,tiramisu
exo,AllHints,bicg,4,EXTRALARGE,0.7340048306696131,0.0064863333333333335,0.0047610000000000005,tiramisu
exo,AllHints,bicg,5,EXTRALARGE,0.7276849398818016,0.006542666666666666,0.0047610000000000005,tiramisu
exo,ChooseHints,bicg,1,EXTRALARGE,0.7274255156608099,0.006545,0.0047610000000000005,tiramisu
exo,ChooseHints,bicg,2,EXTRALARGE,0.6900333349437171,0.006899666666666668,0.0047610000000000005,tiramisu
exo,ChooseHints,bicg,4,EXTRALARGE,0.323701387000272,0.014707999999999999,0.0047610000000000005,tiramisu
exo,ChooseHints,bicg,5,EXTRALARGE,0.3308394329658112,0.014390666666666668,0.0047610000000000005,tiramisu
exo,FromPlan,bicg,2,EXTRALARGE,0.7070792079207922,0.006733333333333333,0.0047610000000000005,tiramisu
exo,Naive,bicg,1,EXTRALARGE,0.2961619010098078,0.016075666666666665,0.0047610000000000005,tiramisu
exo,Naive,bicg,2,EXTRALARGE,0.3268271474989703,0.014567333333333335,0.0047610000000000005,tiramisu
exo,Naive,bicg,3,EXTRALARGE,0.7752808988764045,0.006141000000000001,0.0047610000000000005,tiramisu
exo,Naive,bicg,4,EXTRALARGE,0.3400066653970672,0.014002666666666668,0.0047610000000000005,tiramisu
exo,Naive,bicg,5,EXTRALARGE,0.3251604971998361,0.014642,0.0047610000000000005,tiramisu
exo,standard,bicg,1,EXTRALARGE,0.3278624552382702,0.014521333333333332,0.0047610000000000005,tiramisu
exo,standard,bicg,2,EXTRALARGE,0.3276668960770819,0.014530000000000001,0.0047610000000000005,tiramisu
exo,standard,bicg,3,EXTRALARGE,0.32716402867810435,0.014552333333333334,0.0047610000000000005,tiramisu
exo,standard,bicg,4,EXTRALARGE,0.3268570643965399,0.014566,0.0047610000000000005,tiramisu
exo,standard,bicg,5,EXTRALARGE,0.32809592722762043,0.014511000000000001,0.0047610000000000005,tiramisu
halide,AllHints,bicg,1,EXTRALARGE,0.43425253108753153,0.010963666666666668,0.0047610000000000005,tiramisu
halide,AllHints,bicg,5,EXTRALARGE,0.44386090307343307,0.010726333333333333,0.0047610000000000005,tiramisu
halide,FromPlan,bicg,1,EXTRALARGE,0.3762942276786891,0.012652333333333333,0.0047610000000000005,tiramisu
halide,FromPlan,bicg,4,EXTRALARGE,0.20826467972178886,0.022860333333333333,0.0047610000000000005,tiramisu
halide,Naive,bicg,1,EXTRALARGE,0.9448303234768806,0.005038999999999999,0.0047610000000000005,tiramisu
halide,Naive,bicg,3,EXTRALARGE,0.7439449971352675,0.006399666666666667,0.0047610000000000005,tiramisu
halide,standard,bicg,1,EXTRALARGE,0.3050619393421615,0.015606666666666666,0.0047610000000000005,tiramisu
halide,standard,bicg,2,EXTRALARGE,0.44475929501152145,0.010704666666666668,0.0047610000000000005,tiramisu
halide,standard,bicg,3,EXTRALARGE,0.30665349850784723,0.015525666666666667,0.0047610000000000005,tiramisu
halide,standard,bicg,4,EXTRALARGE,0.30408771556312536,0.01565666666666667,0.0047610000000000005,tiramisu
halide,standard,bicg,5,EXTRALARGE,0.3098331851016291,0.015366333333333334,0.0047610000000000005,tiramisu
noarr,AllHints,bicg,1,EXTRALARGE,0.7319735560908114,0.006504333333333333,0.0047610000000000005,tiramisu
noarr,AllHints,bicg,2,EXTRALARGE,0.6693064667291473,0.007113333333333333,0.0047610000000000005,tiramisu
noarr,AllHints,bicg,3,EXTRALARGE,0.699872598980792,0.006802666666666666,0.0047610000000000005,tiramisu
noarr,AllHints,bicg,4,EXTRALARGE,0.6987427229587594,0.006813666666666667,0.0047610000000000005,tiramisu
noarr,AllHints,bicg,5,EXTRALARGE,0.7279445492074819,0.006540333333333333,0.0047610000000000005,tiramisu
noarr,ChooseHints,bicg,1,EXTRALARGE,0.7271292572417656,0.006547666666666667,0.0047610000000000005,tiramisu
noarr,ChooseHints,bicg,2,EXTRALARGE,0.36600553505535055,0.013008,0.0047610000000000005,tiramisu
noarr,ChooseHints,bicg,3,EXTRALARGE,0.7018328337673825,0.006783666666666667,0.0047610000000000005,tiramisu
noarr,ChooseHints,bicg,4,EXTRALARGE,0.7003530450132394,0.006797999999999999,0.0047610000000000005,tiramisu
noarr,ChooseHints,bicg,5,EXTRALARGE,0.6969016833373994,0.0068316666666666664,0.0047610000000000005,tiramisu
noarr,FromPlan,bicg,2,EXTRALARGE,0.7508674166754284,0.006340666666666667,0.0047610000000000005,tiramisu
noarr,FromPlan,bicg,5,EXTRALARGE,0.7519347196630694,0.006331666666666666,0.0047610000000000005,tiramisu
noarr,Naive,bicg,1,EXTRALARGE,0.7304014318588596,0.0065183333333333334,0.0047610000000000005,tiramisu
noarr,Naive,bicg,2,EXTRALARGE,0.7567954220314735,0.006291000000000001,0.0047610000000000005,tiramisu
noarr,Naive,bicg,3,EXTRALARGE,0.7474488460934638,0.006369666666666667,0.0047610000000000005,tiramisu
noarr,Naive,bicg,4,EXTRALARGE,0.7403203234333697,0.006431,0.0047610000000000005,tiramisu
noarr,Naive,bicg,5,EXTRALARGE,0.6989820886757366,0.006811333333333333,0.0047610000000000005,tiramisu
noarr,standard,bicg,1,EXTRALARGE,0.3645854604860118,0.013058666666666668,0.0047610000000000005,tiramisu
noarr,standard,bicg,2,EXTRALARGE,0.3643343621661608,0.013067666666666667,0.0047610000000000005,tiramisu
noarr,standard,bicg,3,EXTRALARGE,0.36434365593592166,0.013067333333333334,0.0047610000000000005,tiramisu
noarr,standard,bicg,4,EXTRALARGE,0.3651633686148183,0.013038,0.0047610000000000005,tiramisu
noarr,standard,bicg,5,EXTRALARGE,0.3656307597788245,0.013021333333333334,0.0047610000000000005,tiramisu
tiramisu,standard,bicg,1,EXTRALARGE,1.0,0.0047610000000000005,0.0047610000000000005,tiramisu
c,AllHints,cholesky,1,EXTRALARGE,1.0224896864886381,16.199381,16.5637,tiramisu
c,AllHints,cholesky,2,EXTRALARGE,1.007777664790918,16.435867333333334,16.5637,tiramisu
c,AllHints,cholesky,3,EXTRALARGE,1.009438621132086,16.408823333333334,16.5637,tiramisu
c,AllHints,cholesky,4,EXTRALARGE,1.0116783041707078,16.372497,16.5637,tiramisu
c,AllHints,cholesky,5,EXTRALARGE,1.0233032015069017,16.186502666666666,16.5637,tiramisu
c,ChooseHints,cholesky,1,EXTRALARGE,1.0216010488068195,16.213472,16.5637,tiramisu
c,ChooseHints,cholesky,3,EXTRALARGE,1.023468526228061,16.183888,16.5637,tiramisu
c,ChooseHints,cholesky,5,EXTRALARGE,1.0219928654178103,16.207256,16.5637,tiramisu
c,FromPlan,cholesky,1,EXTRALARGE,2.1784121721488825,7.603565666666667,16.5637,tiramisu
c,FromPlan,cholesky,2,EXTRALARGE,1.0223462369953091,16.201654,16.5637,tiramisu
c,FromPlan,cholesky,3,EXTRALARGE,1.0169586014097818,16.287487,16.5637,tiramisu
c,FromPlan,cholesky,4,EXTRALARGE,2.1097614663676696,7.8509823333333335,16.5637,tiramisu
c,FromPlan,cholesky,5,EXTRALARGE,2.8718853102243673,5.767535333333334,16.5637,tiramisu
c,Naive,cholesky,1,EXTRALARGE,1.023911460839159,16.176887,16.5637,tiramisu
c,Naive,cholesky,2,EXTRALARGE,1.0237916157752474,16.17878066666667,16.5637,tiramisu
c,Naive,cholesky,3,EXTRALARGE,1.0240497995789928,16.174701666666667,16.5637,tiramisu
c,Naive,cholesky,4,EXTRALARGE,1.0162252548288446,16.299240666666666,16.5637,tiramisu
c,Naive,cholesky,5,EXTRALARGE,1.0244953286706804,16.16766766666667,16.5637,tiramisu
c,standard,cholesky,1,EXTRALARGE,1.0158163748836713,16.305801333333335,16.5637,tiramisu
exo,AllHints,cholesky,1,EXTRALARGE,1.0221618670725714,16.204576333333332,16.5637,tiramisu
exo,AllHints,cholesky,2,EXTRALARGE,1.0241218323926626,16.173564,16.5637,tiramisu
exo,AllHints,cholesky,3,EXTRALARGE,1.0152933631257823,16.314201,16.5637,tiramisu
exo,AllHints,cholesky,5,EXTRALARGE,1.0159096433287462,16.304304333333334,16.5637,tiramisu
exo,ChooseHints,cholesky,2,EXTRALARGE,1.0224146434353854,16.20057,16.5637,tiramisu
exo,ChooseHints,cholesky,3,EXTRALARGE,1.021318697756846,16.217954333333335,16.5637,tiramisu
exo,ChooseHints,cholesky,4,EXTRALARGE,1.0159473626199798,16.303698999999998,16.5637,tiramisu
exo,ChooseHints,cholesky,5,EXTRALARGE,1.0223557022854175,16.201504,16.5637,tiramisu
exo,FromPlan,cholesky,1,EXTRALARGE,1.0224917483820595,16.199348333333333,16.5637,tiramisu
exo,FromPlan,cholesky,2,EXTRALARGE,1.0215440494885917,16.214376666666666,16.5637,tiramisu
exo,FromPlan,cholesky,4,EXTRALARGE,1.0219732548383111,16.207566999999997,16.5637,tiramisu
exo,FromPlan,cholesky,5,EXTRALARGE,1.021167728049305,16.220352000000002,16.5637,tiramisu
exo,Naive,cholesky,1,EXTRALARGE,0.4778054612695659,34.66620066666667,16.5637,tiramisu
exo,Naive,cholesky,3,EXTRALARGE,1.0230340624508016,16.190761,16.5637,tiramisu
exo,Naive,cholesky,4,EXTRALARGE,1.0240632218607455,16.174489666666666,16.5637,tiramisu
exo,Naive,cholesky,5,EXTRALARGE,0.4725301950237957,35.05320966666667,16.5637,tiramisu
exo,standard,cholesky,1,EXTRALARGE,1.0075663128299448,16.439314999999997,16.5637,tiramisu
exo,standard,cholesky,2,EXTRALARGE,1.008190161596584,16.429142666666667,16.5637,tiramisu
exo,standard,cholesky,3,EXTRALARGE,1.0086359573417938,16.421881333333335,16.5637,tiramisu
exo,standard,cholesky,4,EXTRALARGE,1.0089592132850735,16.416619999999998,16.5637,tiramisu
exo,standard,cholesky,5,EXTRALARGE,1.0081625885779757,16.429592,16.5637,tiramisu
halide,AllHints,cholesky,4,EXTRALARGE,0.37845666700827807,43.76643733333333,16.5637,tiramisu
halide,ChooseHints,cholesky,2,EXTRALARGE,1.0182433655966647,16.266936333333334,16.5637,tiramisu
halide,Naive,cholesky,1,EXTRALARGE,1.017406979191857,16.280309,16.5637,tiramisu
halide,standard,cholesky,1,EXTRALARGE,1.0157030884948264,16.30762,16.5637,tiramisu
tiramisu,standard,cholesky,1,EXTRALARGE,1.0,16.5637,16.5637,tiramisu
c,AllHints,correlation,1,EXTRALARGE,17.40537833338335,1.032947,17.97883333333333,tiramisu
c,AllHints,correlation,2,EXTRALARGE,46.47638891043106,0.386838,17.97883333333333,tiramisu
c,AllHints,correlation,3,EXTRALARGE,17.89143961462907,1.0048846666666666,17.97883333333333,tiramisu
c,AllHints,correlation,4,EXTRALARGE,18.530721456662814,0.9702176666666666,17.97883333333333,tiramisu
c,ChooseHints,correlation,1,EXTRALARGE,3.0203805478454506,5.952506,17.97883333333333,tiramisu
c,ChooseHints,correlation,2,EXTRALARGE,1.4706411236209151,12.225166999999999,17.97883333333333,tiramisu
c,ChooseHints,correlation,3,EXTRALARGE,17.46840083804537,1.0292203333333332,17.97883333333333,tiramisu
c,ChooseHints,correlation,5,EXTRALARGE,17.77537051726916,1.0114463333333334,17.97883333333333,tiramisu
c,FromPlan,correlation,1,EXTRALARGE,2.9797584261258123,6.033654666666667,17.97883333333333,tiramisu
c,FromPlan,correlation,2,EXTRALARGE,2.9989215080605556,5.995099666666666,17.97883333333333,tiramisu
c,FromPlan,correlation,3,EXTRALARGE,4.396665621093364,4.089197333333334,17.97883333333333,tiramisu
c,FromPlan,correlation,4,EXTRALARGE,1.1751567336819637,15.299094000000002,17.97883333333333,tiramisu
c,FromPlan,correlation,5,EXTRALARGE,3.025275873816832,5.942874,17.97883333333333,tiramisu
c,Naive,correlation,1,EXTRALARGE,2.6967896720552957,6.666754,17.97883333333333,tiramisu
c,Naive,correlation,2,EXTRALARGE,3.0016676085747296,5.989615000000001,17.97883333333333,tiramisu
c,Naive,correlation,3,EXTRALARGE,3.0323070157655336,5.929094,17.97883333333333,tiramisu
c,Naive,correlation,4,EXTRALARGE,3.058638540790703,5.878050999999999,17.97883333333333,tiramisu
c,Naive,correlation,5,EXTRALARGE,3.0274463623382335,5.9386133333333335,17.97883333333333,tiramisu
c,standard,correlation,1,EXTRALARGE,0.882540114615595,20.371689666666665,17.97883333333333,tiramisu
exo,AllHints,correlation,1,EXTRALARGE,16.60267112880864,1.0828879999999999,17.97883333333333,tiramisu
exo,AllHints,correlation,2,EXTRALARGE,17.27916536920354,1.040492,17.97883333333333,tiramisu
exo,AllHints,correlation,3,EXTRALARGE,16.842597987875287,1.0674620000000001,17.97883333333333,tiramisu
exo,AllHints,correlation,4,EXTRALARGE,17.43921744112508,1.0309426666666666,17.97883333333333,tiramisu
exo,AllHints,correlation,5,EXTRALARGE,2.703890943006812,6.6492450000000005,17.97883333333333,tiramisu
exo,ChooseHints,correlation,1,EXTRALARGE,17.092371661835553,1.051863,17.97883333333333,tiramisu
exo,ChooseHints,correlation,2,EXTRALARGE,17.118182473131686,1.0502770000000001,17.97883333333333,tiramisu
exo,ChooseHints,correlation,3,EXTRALARGE,16.423880544294825,1.0946763333333334,17.97883333333333,tiramisu
exo,ChooseHints,correlation,4,EXTRALARGE,17.108522779538223,1.05087,17.97883333333333,tiramisu
exo,ChooseHints,correlation,5,EXTRALARGE,17.593930906883443,1.021877,17.97883333333333,tiramisu
exo,FromPlan,correlation,2,EXTRALARGE,2.882782179701128,6.236625666666666,17.97883333333333,tiramisu
exo,FromPlan,correlation,3,EXTRALARGE,2.8741991593301175,6.255249666666667,17.97883333333333,tiramisu
exo,FromPlan,correlation,4,EXTRALARGE,2.9003803648822775,6.198784666666666,17.97883333333333,tiramisu
exo,Naive,correlation,2,EXTRALARGE,2.916183375497463,6.1651929999999995,17.97883333333333,tiramisu
exo,Naive,correlation,3,EXTRALARGE,16.97118612815996,1.059374,17.97883333333333,tiramisu
exo,Naive,correlation,5,EXTRALARGE,2.8815334556577534,6.239328333333333,17.97883333333333,tiramisu
exo,standard,correlation,1,EXTRALARGE,0.8691636142310042,20.685211666666664,17.97883333333333,tiramisu
exo,standard,correlation,2,EXTRALARGE,0.8698967142704478,20.667779333333332,17.97883333333333,tiramisu
exo,standard,correlation,3,EXTRALARGE,0.8683790235151013,20.703901000000002,17.97883333333333,tiramisu
halide,AllHints,correlation,1,EXTRALARGE,21.281040810641684,0.8448286666666666,17.97883333333333,tiramisu
halide,AllHints,correlation,2,EXTRALARGE,0.6485871468790116,27.71999633333333,17.97883333333333,tiramisu
halide,AllHints,correlation,4,EXTRALARGE,20.354486919676447,0.883286,17.97883333333333,tiramisu
halide,Naive,correlation,1,EXTRALARGE,20.155424324624285,0.8920096666666666,17.97883333333333,tiramisu
halide,Naive,correlation,2,EXTRALARGE,16.54433473133956,1.0867063333333333,17.97883333333333,tiramisu
halide,Naive,correlation,4,EXTRALARGE,21.045679970969587,0.8542766666666667,17.97883333333333,tiramisu
halide,Naive,correlation,5,EXTRALARGE,47.77123938717053,0.3763526666666667,17.97883333333333,tiramisu
halide,standard,correlation,4,EXTRALARGE,0.4088238956685874,43.976963000000005,17.97883333333333,tiramisu
noarr,AllHints,correlation,1,EXTRALARGE,0.8951888708023036,20.083843666666667,17.97883333333333,tiramisu
noarr,AllHints,correlation,2,EXTRALARGE,0.879577963045087,20.440295333333335,17.97883333333333,tiramisu
noarr,AllHints,correlation,3,EXTRALARGE,0.8963025635218806,20.058888666666665,17.97883333333333,tiramisu
noarr,AllHints,correlation,4,EXTRALARGE,0.8935409710067561,20.120883,17.97883333333333,tiramisu
noarr,AllHints,correlation,5,EXTRALARGE,0.8904076436468973,20.191688,17.97883333333333,tiramisu
noarr,ChooseHints,correlation,1,EXTRALARGE,0.8795873727153338,20.440076666666666,17.97883333333333,tiramisu
noarr,ChooseHints,correlation,2,EXTRALARGE,0.8927185258231533,20.13942,17.97883333333333,tiramisu
noarr,ChooseHints,correlation,3,EXTRALARGE,0.6555385364569376,27.426051,17.97883333333333,tiramisu
noarr,ChooseHints,correlation,4,EXTRALARGE,2.4252298182515375,7.413249333333333,17.97883333333333,tiramisu
noarr,ChooseHints,correlation,5,EXTRALARGE,0.878507050916338,20.46521233333333,17.97883333333333,tiramisu
noarr,FromPlan,correlation,1,EXTRALARGE,1.1669918329503544,15.406134666666667,17.97883333333333,tiramisu
noarr,FromPlan,correlation,2,EXTRALARGE,1.1728603466716547,15.329048666666665,17.97883333333333,tiramisu
noarr,FromPlan,correlation,3,EXTRALARGE,1.171410422975885,15.348022333333333,17.97883333333333,tiramisu
noarr,FromPlan,correlation,4,EXTRALARGE,1.1713747047999572,15.348490333333332,17.97883333333333,tiramisu
noarr,FromPlan,correlation,5,EXTRALARGE,1.1732471672312423,15.323994666666666,17.97883333333333,tiramisu
noarr,Naive,correlation,1,EXTRALARGE,0.8898946270981586,20.203328333333335,17.97883333333333,tiramisu
noarr,Naive,correlation,2,EXTRALARGE,0.8935433690795409,20.120829,17.97883333333333,tiramisu
noarr,Naive,correlation,3,EXTRALARGE,2.4398556239132403,7.368810333333333,17.97883333333333,tiramisu
noarr,Naive,correlation,4,EXTRALARGE,0.8761232982019853,20.520894,17.97883333333333,tiramisu
noarr,Naive,correlation,5,EXTRALARGE,0.8779755805375766,20.477600666666664,17.97883333333333,tiramisu
noarr,standard,correlation,1,EXTRALARGE,0.8833251117407536,20.353585666666664,17.97883333333333,tiramisu
noarr,standard,correlation,2,EXTRALARGE,0.8805440201810145,20.41787,17.97883333333333,tiramisu
noarr,standard,correlation,3,EXTRALARGE,0.8786368952007151,20.462188,17.97883333333333,tiramisu
noarr,standard,correlation,4,EXTRALARGE,0.8783712799747159,20.46837566666667,17.97883333333333,tiramisu
noarr,standard,correlation,5,EXTRALARGE,0.8760931998200204,20.521599,17.97883333333333,tiramisu
tiramisu,standard,correlation,1,EXTRALARGE,1.0,17.97883333333333,17.97883333333333,tiramisu
c,AllHints,covariance,1,EXTRALARGE,50.36313041279945,0.35864066666666666,18.06226666666667,tiramisu
c,AllHints,covariance,2,EXTRALARGE,18.148970347674293,0.9952226666666667,18.06226666666667,tiramisu
c,AllHints,covariance,3,EXTRALARGE,18.44218175828118,0.9793996666666667,18.06226666666667,tiramisu
c,AllHints,covariance,5,EXTRALARGE,73.41708352075962,0.24602266666666664,18.06226666666667,tiramisu
c,ChooseHints,covariance,1,EXTRALARGE,3.0555203753047957,5.911355333333333,18.06226666666667,tiramisu
c,ChooseHints,covariance,2,EXTRALARGE,18.043849910524663,1.0010206666666666,18.06226666666667,tiramisu
c,ChooseHints,covariance,3,EXTRALARGE,3.0236698303520058,5.973624,18.06226666666667,tiramisu
c,ChooseHints,covariance,4,EXTRALARGE,3.034020891242937,5.953244000000001,18.06226666666667,tiramisu
c,ChooseHints,covariance,5,EXTRALARGE,3.0226696317614263,5.975600666666668,18.06226666666667,tiramisu
c,FromPlan,covariance,1,EXTRALARGE,2.333592316080512,7.740112333333333,18.06226666666667,tiramisu
c,FromPlan,covariance,2,EXTRALARGE,2.974683231600369,6.071996666666667,18.06226666666667,tiramisu
c,FromPlan,covariance,3,EXTRALARGE,2.972112163902222,6.0772493333333335,18.06226666666667,tiramisu
c,FromPlan,covariance,4,EXTRALARGE,2.429905921795907,7.433319333333333,18.06226666666667,tiramisu
c,FromPlan,covariance,5,EXTRALARGE,2.4031802440620447,7.515985000000001,18.06226666666667,tiramisu
c,Naive,covariance,1,EXTRALARGE,0.8918592879932193,20.252372666666666,18.06226666666667,tiramisu
c,Naive,covariance,2,EXTRALARGE,1.1762210113263165,15.356184333333333,18.06226666666667,tiramisu
c,Naive,covariance,3,EXTRALARGE,3.042177319276474,5.937282666666666,18.06226666666667,tiramisu
c,Naive,covariance,4,EXTRALARGE,1.1774399951986991,15.340286333333333,18.06226666666667,tiramisu
c,Naive,covariance,5,EXTRALARGE,3.029449847596089,5.962226666666666,18.06226666666667,tiramisu
c,standard,covariance,1,EXTRALARGE,0.8857796153808998,20.391377666666667,18.06226666666667,tiramisu
exo,AllHints,covariance,1,EXTRALARGE,0.4937679146097561,36.580478666666664,18.06226666666667,tiramisu
exo,AllHints,covariance,3,EXTRALARGE,64.20229359917822,0.28133366666666665,18.06226666666667,tiramisu
exo,ChooseHints,covariance,1,EXTRALARGE,17.40244149572846,1.0379156666666667,18.06226666666667,tiramisu
exo,ChooseHints,covariance,2,EXTRALARGE,2.8489628248069887,6.339944666666667,18.06226666666667,tiramisu
exo,ChooseHints,covariance,3,EXTRALARGE,17.427784919621296,1.0364063333333333,18.06226666666667,tiramisu
exo,ChooseHints,covariance,5,EXTRALARGE,16.88764641992854,1.069555,18.06226666666667,tiramisu
exo,FromPlan,covariance,1,EXTRALARGE,2.761065666136111,6.541773666666667,18.06226666666667,tiramisu
exo,FromPlan,covariance,3,EXTRALARGE,2.9034122010739463,6.221048,18.06226666666667,tiramisu
exo,FromPlan,covariance,4,EXTRALARGE,2.8751091627059293,6.282289,18.06226666666667,tiramisu
exo,FromPlan,covariance,5,EXTRALARGE,2.867496633442701,6.298967,18.06226666666667,tiramisu
exo,Naive,covariance,1,EXTRALARGE,2.8893385695356475,6.2513499999999995,18.06226666666667,tiramisu
exo,Naive,covariance,2,EXTRALARGE,0.4937846888509828,36.579236,18.06226666666667,tiramisu
exo,Naive,covariance,3,EXTRALARGE,17.395575439425542,1.038325333333333,18.06226666666667,tiramisu
exo,Naive,covariance,5,EXTRALARGE,49.782630265657794,0.3628226666666667,18.06226666666667,tiramisu
exo,standard,covariance,1,EXTRALARGE,0.8765998973772375,20.604915333333334,18.06226666666667,tiramisu
exo,standard,covariance,2,EXTRALARGE,0.8721925238787468,20.709036333333334,18.06226666666667,tiramisu
exo,standard,covariance,3,EXTRALARGE,0.8750843099615719,20.640601666666665,18.06226666666667,tiramisu
exo,standard,covariance,4,EXTRALARGE,0.8741881520489307,20.661761000000002,18.06226666666667,tiramisu
exo,standard,covariance,5,EXTRALARGE,0.8759756514501893,20.619598999999997,18.06226666666667,tiramisu
halide,AllHints,covariance,2,EXTRALARGE,0.23102665932652894,78.18260766666667,18.06226666666667,tiramisu
halide,ChooseHints,covariance,5,EXTRALARGE,13.704146944242401,1.3180146666666668,18.06226666666667,tiramisu
halide,Naive,covariance,4,EXTRALARGE,23.00503686797157,0.785144,18.06226666666667,tiramisu
halide,Naive,covariance,5,EXTRALARGE,25.880237965145827,0.6979173333333334,18.06226666666667,tiramisu
halide,standard,covariance,2,EXTRALARGE,0.3982210234858232,45.35739100000001,18.06226666666667,tiramisu
noarr,AllHints,covariance,1,EXTRALARGE,3.0283479947787955,5.964396000000001,18.06226666666667,tiramisu
noarr,AllHints,covariance,2,EXTRALARGE,0.9012064555738772,20.04231833333333,18.06226666666667,tiramisu
noarr,AllHints,covariance,3,EXTRALARGE,3.0370326321216643,5.947340333333333,18.06226666666667,tiramisu
noarr,AllHints,covariance,4,EXTRALARGE,3.0108151823167644,5.999128333333334,18.06226666666667,tiramisu
noarr,AllHints,covariance,5,EXTRALARGE,0.6706708290072573,26.931642,18.06226666666667,tiramisu
noarr,ChooseHints,covariance,1,EXTRALARGE,2.954129188607238,6.114243999999999,18.06226666666667,tiramisu
noarr,ChooseHints,covariance,2,EXTRALARGE,2.977073259226808,6.067122,18.06226666666667,tiramisu
noarr,ChooseHints,covariance,3,EXTRALARGE,0.8971883463534327,20.132079,18.06226666666667,tiramisu
noarr,ChooseHints,covariance,4,EXTRALARGE,2.9981377139971785,6.024495333333333,18.06226666666667,tiramisu
noarr,ChooseHints,covariance,5,EXTRALARGE,3.0189431904854502,5.982976666666667,18.06226666666667,tiramisu
noarr,FromPlan,covariance,1,EXTRALARGE,1.1735713367110678,15.390855333333334,18.06226666666667,tiramisu
noarr,FromPlan,covariance,2,EXTRALARGE,3.006861587247225,6.007016333333333,18.06226666666667,tiramisu
noarr,FromPlan,covariance,4,EXTRALARGE,0.6754596790767494,26.740703,18.06226666666667,tiramisu
noarr,FromPlan,covariance,5,EXTRALARGE,3.028500492977785,5.964095666666666,18.06226666666667,tiramisu
noarr,Naive,covariance,1,EXTRALARGE,0.8989893396031493,20.091747333333334,18.06226666666667,tiramisu
noarr,Naive,covariance,2,EXTRALARGE,0.8978662181190825,20.116879666666666,18.06226666666667,tiramisu
noarr,Naive,covariance,3,EXTRALARGE,2.994582519547036,6.031647666666667,18.06226666666667,tiramisu
noarr,Naive,covariance,4,EXTRALARGE,2.971212085404664,6.079090333333333,18.06226666666667,tiramisu
noarr,Naive,covariance,5,EXTRALARGE,3.012113257032705,5.996543,18.06226666666667,tiramisu
noarr,standard,covariance,1,EXTRALARGE,0.8942649542217073,20.197891666666667,18.06226666666667,tiramisu
noarr,standard,covariance,2,EXTRALARGE,0.8803090019957178,20.518098333333334,18.06226666666667,tiramisu
noarr,standard,covariance,3,EXTRALARGE,0.8766460450428863,20.603830666666667,18.06226666666667,tiramisu
noarr,standard,covariance,4,EXTRALARGE,0.8900287828555651,20.294025333333334,18.06226666666667,tiramisu
noarr,standard,covariance,5,EXTRALARGE,0.8804065765624531,20.51582433333333,18.06226666666667,tiramisu
tiramisu,standard,covariance,1,EXTRALARGE,1.0,18.06226666666667,18.06226666666667,tiramisu
c,AllHints,deriche,1,EXTRALARGE,2.7234541975578423,0.31270166666666666,0.8516286666666666,tiramisu
c,AllHints,deriche,2,EXTRALARGE,2.740629418188293,0.310742,0.8516286666666666,tiramisu
c,AllHints,deriche,3,EXTRALARGE,3.9324027514194992,0.21656699999999998,0.8516286666666666,tiramisu
c,AllHints,deriche,4,EXTRALARGE,14.40646656479252,0.05911433333333333,0.8516286666666666,tiramisu
c,AllHints,deriche,5,EXTRALARGE,3.9110446399458705,0.21774966666666665,0.8516286666666666,tiramisu
c,ChooseHints,deriche,1,EXTRALARGE,3.4135876202157536,0.24948199999999998,0.8516286666666666,tiramisu
c,ChooseHints,deriche,2,EXTRALARGE,2.7226328554926105,0.312796,0.8516286666666666,tiramisu
c,ChooseHints,deriche,3,EXTRALARGE,2.873742049052635,0.2963483333333333,0.8516286666666666,tiramisu
c,ChooseHints,deriche,4,EXTRALARGE,2.871949190647481,0.29653333333333337,0.8516286666666666,tiramisu
c,ChooseHints,deriche,5,EXTRALARGE,1.3785187519289333,0.6177853333333333,0.8516286666666666,tiramisu
c,FromPlan,deriche,1,EXTRALARGE,1.52398762144725,0.5588160000000001,0.8516286666666666,tiramisu
c,FromPlan,deriche,2,EXTRALARGE,1.5168190380860274,0.561457,0.8516286666666666,tiramisu
c,FromPlan,deriche,3,EXTRALARGE,1.5149123238724667,0.5621636666666666,0.8516286666666666,tiramisu
c,FromPlan,deriche,4,EXTRALARGE,1.425660352932248,0.5973573333333334,0.8516286666666666,tiramisu
c,FromPlan,deriche,5,EXTRALARGE,1.4218828349657424,0.5989443333333333,0.8516286666666666,tiramisu
c,Naive,deriche,1,EXTRALARGE,1.692425808161102,0.5032,0.8516286666666666,tiramisu
c,Naive,deriche,2,EXTRALARGE,0.9994476387338251,0.8520993333333333,0.8516286666666666,tiramisu
c,Naive,deriche,3,EXTRALARGE,0.6097719661357396,1.3966346666666667,0.8516286666666666,tiramisu
c,Naive,deriche,4,EXTRALARGE,0.6049740796702353,1.407711,0.8516286666666666,tiramisu
c,Naive,deriche,5,EXTRALARGE,0.6072611230007026,1.4024093333333332,0.8516286666666666,tiramisu
c,standard,deriche,1,EXTRALARGE,0.7305052891800619,1.1658076666666668,0.8516286666666666,tiramisu
exo,AllHints,deriche,1,EXTRALARGE,2.9420612620912023,0.28946666666666665,0.8516286666666666,tiramisu
exo,AllHints,deriche,2,EXTRALARGE,2.805042494721783,0.30360633333333337,0.8516286666666666,tiramisu
exo,ChooseHints,deriche,2,EXTRALARGE,3.774196931758588,0.225645,0.8516286666666666,tiramisu
exo,FromPlan,deriche,3,EXTRALARGE,1.0946407340204243,0.7779983333333332,0.8516286666666666,tiramisu
exo,Naive,deriche,5,EXTRALARGE,1.2274873342157542,0.6937983333333334,0.8516286666666666,tiramisu
exo,standard,deriche,3,EXTRALARGE,0.6496566837144526,1.3108903333333333,0.8516286666666666,tiramisu
exo,standard,deriche,4,EXTRALARGE,0.6502459719218642,1.3097023333333333,0.8516286666666666,tiramisu
exo,standard,deriche,5,EXTRALARGE,0.6540560065884682,1.302073,0.8516286666666666,tiramisu
halide,AllHints,deriche,1,EXTRALARGE,0.16863149272591604,5.050235,0.8516286666666666,tiramisu
halide,AllHints,deriche,2,EXTRALARGE,0.7269592711075853,1.1714943333333334,0.8516286666666666,tiramisu
halide,AllHints,deriche,3,EXTRALARGE,0.16022670801766323,5.315148,0.8516286666666666,tiramisu
halide,ChooseHints,deriche,2,EXTRALARGE,0.4360786062066909,1.9529246666666669,0.8516286666666666,tiramisu
halide,ChooseHints,deriche,3,EXTRALARGE,0.15928400670456608,5.346605,0.8516286666666666,tiramisu
halide,ChooseHints,deriche,4,EXTRALARGE,0.44770549021820616,1.9022073333333331,0.8516286666666666,tiramisu
halide,ChooseHints,deriche,5,EXTRALARGE,0.4317178591989493,1.9726510000000002,0.8516286666666666,tiramisu
halide,FromPlan,deriche,1,EXTRALARGE,0.45851674073552945,1.8573556666666668,0.8516286666666666,tiramisu
halide,FromPlan,deriche,2,EXTRALARGE,0.4324092225916905,1.9694969999999998,0.8516286666666666,tiramisu
halide,FromPlan,deriche,4,EXTRALARGE,0.1589358400572518,5.358317333333333,0.8516286666666666,tiramisu
halide,Naive,deriche,5,EXTRALARGE,0.4430275023977441,1.9222929999999998,0.8516286666666666,tiramisu
halide,standard,deriche,1,EXTRALARGE,0.32094727260530614,2.653484666666667,0.8516286666666666,tiramisu
noarr,AllHints,deriche,1,EXTRALARGE,2.16586245015327,0.39320533333333335,0.8516286666666666,tiramisu
noarr,AllHints,deriche,2,EXTRALARGE,2.1658753027486224,0.39320299999999997,0.8516286666666666,tiramisu
noarr,AllHints,deriche,3,EXTRALARGE,0.6133538001784207,1.3884786666666666,0.8516286666666666,tiramisu
noarr,ChooseHints,deriche,2,EXTRALARGE,0.7990178678374859,1.0658443333333334,0.8516286666666666,tiramisu
noarr,ChooseHints,deriche,4,EXTRALARGE,1.1572776534888154,0.7358896666666667,0.8516286666666666,tiramisu
noarr,ChooseHints,deriche,5,EXTRALARGE,2.158183767199718,0.39460433333333333,0.8516286666666666,tiramisu
noarr,FromPlan,deriche,1,EXTRALARGE,0.8072467770300712,1.0549793333333335,0.8516286666666666,tiramisu
noarr,FromPlan,deriche,2,EXTRALARGE,2.168408402087536,0.39274366666666666,0.8516286666666666,tiramisu
noarr,FromPlan,deriche,3,EXTRALARGE,0.9102739779714557,0.9355739999999999,0.8516286666666666,tiramisu
noarr,FromPlan,deriche,4,EXTRALARGE,0.724106920928814,1.176109,0.8516286666666666,tiramisu
noarr,FromPlan,deriche,5,EXTRALARGE,0.6072059910495506,1.4025366666666665,0.8516286666666666,tiramisu
noarr,Naive,deriche,1,EXTRALARGE,0.4599913867045574,1.8514013333333335,0.8516286666666666,tiramisu
noarr,Naive,deriche,3,EXTRALARGE,0.602111183200089,1.4144043333333334,0.8516286666666666,tiramisu
noarr,Naive,deriche,4,EXTRALARGE,0.7991433301710242,1.065677,0.8516286666666666,tiramisu
noarr,Naive,deriche,5,EXTRALARGE,1.7156442850715496,0.49639000000000005,0.8516286666666666,tiramisu
noarr,standard,deriche,1,EXTRALARGE,0.8077495567454365,1.0543226666666667,0.8516286666666666,tiramisu
noarr,standard,deriche,2,EXTRALARGE,0.8026103120078687,1.0610736666666667,0.8516286666666666,tiramisu
noarr,standard,deriche,3,EXTRALARGE,0.800172256116658,1.0643066666666667,0.8516286666666666,tiramisu
noarr,standard,deriche,4,EXTRALARGE,0.8117449323250936,1.0491333333333335,0.8516286666666666,tiramisu
noarr,standard,deriche,5,EXTRALARGE,0.07994732190806442,10.652372666666666,0.8516286666666666,tiramisu
tiramisu,standard,deriche,1,EXTRALARGE,1.0,0.8516286666666666,0.8516286666666666,tiramisu
c,AllHints,doitgen,1,EXTRALARGE,164.72650992296457,0.023279333333333332,3.8347233333333333,tiramisu
c,AllHints,doitgen,2,EXTRALARGE,164.42984963695616,0.023321333333333333,3.8347233333333333,tiramisu
c,AllHints,doitgen,3,EXTRALARGE,164.61808139202105,0.02329466666666667,3.8347233333333333,tiramisu
c,AllHints,doitgen,4,EXTRALARGE,163.93077504025536,0.02339233333333333,3.8347233333333333,tiramisu
c,AllHints,doitgen,5,EXTRALARGE,165.6444111675858,0.023150333333333332,3.8347233333333333,tiramisu
c,ChooseHints,doitgen,1,EXTRALARGE,3.191622115750078,1.2014966666666667,3.8347233333333333,tiramisu
c,ChooseHints,doitgen,2,EXTRALARGE,164.4180994440395,0.023323,3.8347233333333333,tiramisu
c,ChooseHints,doitgen,3,EXTRALARGE,123.11430497736588,0.031147666666666667,3.8347233333333333,tiramisu
c,ChooseHints,doitgen,4,EXTRALARGE,166.91821070501007,0.022973666666666667,3.8347233333333333,tiramisu
c,ChooseHints,doitgen,5,EXTRALARGE,185.29112374571164,0.020695666666666668,3.8347233333333333,tiramisu
c,FromPlan,doitgen,1,EXTRALARGE,3.230542893921592,1.1870213333333333,3.8347233333333333,tiramisu
c,FromPlan,doitgen,2,EXTRALARGE,3.9171706351381768,0.9789523333333333,3.8347233333333333,tiramisu
c,FromPlan,doitgen,3,EXTRALARGE,3.163257590234961,1.2122703333333333,3.8347233333333333,tiramisu
c,FromPlan,doitgen,4,EXTRALARGE,3.6336699524193365,1.0553306666666666,3.8347233333333333,tiramisu
c,FromPlan,doitgen,5,EXTRALARGE,3.5204751591978547,1.089263,3.8347233333333333,tiramisu
c,Naive,doitgen,1,EXTRALARGE,3.262359719754283,1.1754446666666667,3.8347233333333333,tiramisu
c,Naive,doitgen,2,EXTRALARGE,2.9260189028608634,1.31056,3.8347233333333333,tiramisu
c,Naive,doitgen,3,EXTRALARGE,3.5257436162733464,1.0876353333333333,3.8347233333333333,tiramisu
c,Naive,doitgen,4,EXTRALARGE,3.2898063835713427,1.1656380000000002,3.8347233333333333,tiramisu
c,Naive,doitgen,5,EXTRALARGE,3.634497646489037,1.0550903333333332,3.8347233333333333,tiramisu
c,standard,doitgen,1,EXTRALARGE,0.6943727605164622,5.522571666666667,3.8347233333333333,tiramisu
exo,AllHints,doitgen,1,EXTRALARGE,0.4913586395238881,7.8043266666666655,3.8347233333333333,tiramisu
exo,AllHints,doitgen,2,EXTRALARGE,118.76743441768271,0.032287666666666666,3.8347233333333333,tiramisu
exo,AllHints,doitgen,3,EXTRALARGE,110.9455888593141,0.034564000000000004,3.8347233333333333,tiramisu
exo,AllHints,doitgen,4,EXTRALARGE,144.45941533979607,0.026545333333333334,3.8347233333333333,tiramisu
exo,AllHints,doitgen,5,EXTRALARGE,144.36333747443186,0.026563,3.8347233333333333,tiramisu
exo,ChooseHints,doitgen,1,EXTRALARGE,140.16655498020103,0.027358333333333335,3.8347233333333333,tiramisu
exo,ChooseHints,doitgen,2,EXTRALARGE,126.0648066976418,0.030418666666666667,3.8347233333333333,tiramisu
exo,ChooseHints,doitgen,3,EXTRALARGE,140.20926264472882,0.02735,3.8347233333333333,tiramisu
exo,ChooseHints,doitgen,4,EXTRALARGE,2.8936496346142184,1.3252203333333334,3.8347233333333333,tiramisu
exo,FromPlan,doitgen,2,EXTRALARGE,3.1994999464625664,1.1985383333333333,3.8347233333333333,tiramisu
exo,FromPlan,doitgen,4,EXTRALARGE,3.202181481733027,1.1975346666666666,3.8347233333333333,tiramisu
exo,FromPlan,doitgen,5,EXTRALARGE,3.2011175920293797,1.1979326666666665,3.8347233333333333,tiramisu
exo,Naive,doitgen,2,EXTRALARGE,2.2299743355146853,1.7196266666666666,3.8347233333333333,tiramisu
exo,Naive,doitgen,3,EXTRALARGE,1.4581658106744677,2.6298266666666668,3.8347233333333333,tiramisu
exo,Naive,doitgen,4,EXTRALARGE,0.7857054802215706,4.880611666666667,3.8347233333333333,tiramisu
exo,Naive,doitgen,5,EXTRALARGE,3.226736301509144,1.1884216666666667,3.8347233333333333,tiramisu
exo,standard,doitgen,1,EXTRALARGE,0.6026517226893815,6.363083666666667,3.8347233333333333,tiramisu
exo,standard,doitgen,2,EXTRALARGE,0.6047456058290223,6.341052,3.8347233333333333,tiramisu
exo,standard,doitgen,3,EXTRALARGE,0.6002167405717824,6.388897666666668,3.8347233333333333,tiramisu
exo,standard,doitgen,4,EXTRALARGE,0.6005428505579239,6.3854283333333335,3.8347233333333333,tiramisu
exo,standard,doitgen,5,EXTRALARGE,0.6026760011613287,6.362827333333333,3.8347233333333333,tiramisu
halide,standard,doitgen,3,EXTRALARGE,0.7109496995688633,5.393804,3.8347233333333333,tiramisu
halide,standard,doitgen,4,EXTRALARGE,1.609976838731798,2.38185,3.8347233333333333,tiramisu
halide,standard,doitgen,5,EXTRALARGE,1.6050437027520845,2.3891706666666668,3.8347233333333333,tiramisu
noarr,AllHints,doitgen,1,EXTRALARGE,3.290241078670607,1.165484,3.8347233333333333,tiramisu
noarr,AllHints,doitgen,2,EXTRALARGE,2.9064468403973973,1.3193853333333332,3.8347233333333333,tiramisu
noarr,AllHints,doitgen,3,EXTRALARGE,3.5313183465300484,1.0859183333333335,3.8347233333333333,tiramisu
noarr,AllHints,doitgen,4,EXTRALARGE,3.270890499858265,1.172379,3.8347233333333333,tiramisu
noarr,AllHints,doitgen,5,EXTRALARGE,3.230315206602056,1.1871049999999999,3.8347233333333333,tiramisu
noarr,ChooseHints,doitgen,1,EXTRALARGE,3.331759768147237,1.1509603333333334,3.8347233333333333,tiramisu
noarr,ChooseHints,doitgen,2,EXTRALARGE,3.1923678450281496,1.2012159999999998,3.8347233333333333,tiramisu
noarr,ChooseHints,doitgen,3,EXTRALARGE,2.907378957245936,1.3189623333333333,3.8347233333333333,tiramisu
noarr,ChooseHints,doitgen,4,EXTRALARGE,3.2286833290533705,1.187705,3.8347233333333333,tiramisu
noarr,ChooseHints,doitgen,5,EXTRALARGE,2.906043769363971,1.3195683333333335,3.8347233333333333,tiramisu
noarr,FromPlan,doitgen,1,EXTRALARGE,3.538018062570081,1.083862,3.8347233333333333,tiramisu
noarr,FromPlan,doitgen,2,EXTRALARGE,2.727130924766766,1.4061383333333335,3.8347233333333333,tiramisu
noarr,FromPlan,doitgen,3,EXTRALARGE,2.879877056300464,1.331558,3.8347233333333333,tiramisu
noarr,FromPlan,doitgen,4,EXTRALARGE,3.477774946182047,1.1026369999999999,3.8347233333333333,tiramisu
noarr,FromPlan,doitgen,5,EXTRALARGE,3.2216669583785484,1.1902916666666667,3.8347233333333333,tiramisu
noarr,Naive,doitgen,1,EXTRALARGE,2.913512455309623,1.3161856666666667,3.8347233333333333,tiramisu
noarr,Naive,doitgen,2,EXTRALARGE,3.5696051865249387,1.0742710000000002,3.8347233333333333,tiramisu
noarr,Naive,doitgen,3,EXTRALARGE,2.906360930638185,1.3194243333333333,3.8347233333333333,tiramisu
noarr,Naive,doitgen,4,EXTRALARGE,2.903440819291242,1.3207513333333332,3.8347233333333333,tiramisu
noarr,Naive,doitgen,5,EXTRALARGE,2.8906010119969223,1.326618,3.8347233333333333,tiramisu
noarr,standard,doitgen,1,EXTRALARGE,0.7044534898865819,5.443543666666667,3.8347233333333333,tiramisu
noarr,standard,doitgen,2,EXTRALARGE,0.699502122857852,5.482075333333333,3.8347233333333333,tiramisu
noarr,standard,doitgen,3,EXTRALARGE,0.6958231028969499,5.511060666666666,3.8347233333333333,tiramisu
noarr,standard,doitgen,5,EXTRALARGE,0.7039193422171649,5.447674333333334,3.8347233333333333,tiramisu
tiramisu,standard,doitgen,1,EXTRALARGE,1.0,3.8347233333333333,3.8347233333333333,tiramisu
c,AllHints,durbin,1,EXTRALARGE,0.07395601865337297,0.120157,0.008886333333333335,tiramisu
c,AllHints,durbin,3,EXTRALARGE,0.46382838054144343,0.019158666666666668,0.008886333333333335,tiramisu
c,AllHints,durbin,4,EXTRALARGE,0.5661166677284408,0.015697,0.008886333333333335,tiramisu
c,AllHints,durbin,5,EXTRALARGE,0.5652044861873768,0.015722333333333335,0.008886333333333335,tiramisu
c,ChooseHints,durbin,1,EXTRALARGE,0.5549680454649542,0.016012333333333333,0.008886333333333335,tiramisu
c,ChooseHints,durbin,2,EXTRALARGE,0.4640544492410528,0.019149333333333334,0.008886333333333335,tiramisu
c,ChooseHints,durbin,3,EXTRALARGE,0.46332053042284366,0.019179666666666668,0.008886333333333335,tiramisu
c,ChooseHints,durbin,4,EXTRALARGE,0.5554768403725545,0.015997666666666664,0.008886333333333335,tiramisu
c,ChooseHints,durbin,5,EXTRALARGE,0.4639817602728999,0.01915233333333333,0.008886333333333335,tiramisu
c,FromPlan,durbin,1,EXTRALARGE,0.5705633079359644,0.015574666666666667,0.008886333333333335,tiramisu
c,FromPlan,durbin,2,EXTRALARGE,0.5707220997195522,0.015570333333333334,0.008886333333333335,tiramisu
c,FromPlan,durbin,3,EXTRALARGE,0.5653363304775638,0.01571866666666667,0.008886333333333335,tiramisu
c,FromPlan,durbin,4,EXTRALARGE,0.5618335089567967,0.015816666666666666,0.008886333333333335,tiramisu
c,FromPlan,durbin,5,EXTRALARGE,0.5664294061404442,0.015688333333333332,0.008886333333333335,tiramisu
c,Naive,durbin,1,EXTRALARGE,0.5702581873409058,0.015583,0.008886333333333335,tiramisu
c,Naive,durbin,2,EXTRALARGE,0.46409484184321864,0.019147666666666664,0.008886333333333335,tiramisu
c,Naive,durbin,3,EXTRALARGE,0.5564507712538355,0.015969666666666667,0.008886333333333335,tiramisu
c,Naive,durbin,4,EXTRALARGE,0.5661286897430454,0.015696666666666664,0.008886333333333335,tiramisu
c,Naive,durbin,5,EXTRALARGE,0.5545178467426576,0.016025333333333332,0.008886333333333335,tiramisu
c,standard,durbin,1,EXTRALARGE,0.5550835988090034,0.016009,0.008886333333333335,tiramisu
exo,AllHints,durbin,1,EXTRALARGE,0.5525524903102784,0.016082333333333334,0.008886333333333335,tiramisu
exo,AllHints,durbin,2,EXTRALARGE,0.4588389184351389,0.019367,0.008886333333333335,tiramisu
exo,AllHints,durbin,3,EXTRALARGE,0.039519990512474616,0.22485666666666668,0.008886333333333335,tiramisu
exo,ChooseHints,durbin,1,EXTRALARGE,0.5226742476227821,0.01700166666666667,0.008886333333333335,tiramisu
exo,ChooseHints,durbin,2,EXTRALARGE,0.3536098473292568,0.025130333333333334,0.008886333333333335,tiramisu
exo,ChooseHints,durbin,3,EXTRALARGE,0.38645193088252355,0.022994666666666667,0.008886333333333335,tiramisu
exo,ChooseHints,durbin,4,EXTRALARGE,0.0015083915490013947,5.891264333333333,0.008886333333333335,tiramisu
exo,FromPlan,durbin,2,EXTRALARGE,0.4171399959317154,0.021303000000000002,0.008886333333333335,tiramisu
exo,FromPlan,durbin,5,EXTRALARGE,0.49095764272559855,0.0181,0.008886333333333335,tiramisu
exo,Naive,durbin,3,EXTRALARGE,0.44386540350643516,0.020020333333333334,0.008886333333333335,tiramisu
exo,Naive,durbin,4,EXTRALARGE,0.5525753964141363,0.016081666666666664,0.008886333333333335,tiramisu
exo,standard,durbin,1,EXTRALARGE,0.45803480920227485,0.019401,0.008886333333333335,tiramisu
exo,standard,durbin,2,EXTRALARGE,0.4588389184351389,0.019367,0.008886333333333335,tiramisu
exo,standard,durbin,3,EXTRALARGE,0.4589495067743214,0.019362333333333332,0.008886333333333335,tiramisu
exo,standard,durbin,4,EXTRALARGE,0.45816075755753005,0.01939566666666667,0.008886333333333335,tiramisu
exo,standard,durbin,5,EXTRALARGE,0.4583182904395964,0.019389,0.008886333333333335,tiramisu
halide,FromPlan,durbin,3,EXTRALARGE,0.09610517891518926,0.09246466666666665,0.008886333333333335,tiramisu
halide,standard,durbin,4,EXTRALARGE,0.3752727375103817,0.023679666666666665,0.008886333333333335,tiramisu
noarr,AllHints,durbin,1,EXTRALARGE,0.5860022421031807,0.015164333333333333,0.008886333333333335,tiramisu
noarr,AllHints,durbin,2,EXTRALARGE,0.5103275330691629,0.017413,0.008886333333333335,tiramisu
noarr,AllHints,durbin,3,EXTRALARGE,0.5884988962472407,0.0151,0.008886333333333335,tiramisu
noarr,AllHints,durbin,4,EXTRALARGE,1.0490713048953253,0.008470666666666666,0.008886333333333335,tiramisu
noarr,AllHints,durbin,5,EXTRALARGE,0.5879667409188153,0.015113666666666666,0.008886333333333335,tiramisu
noarr,ChooseHints,durbin,1,EXTRALARGE,0.4429214640548938,0.020063,0.008886333333333335,tiramisu
noarr,ChooseHints,durbin,2,EXTRALARGE,0.5878500551267917,0.015116666666666667,0.008886333333333335,tiramisu
noarr,ChooseHints,durbin,3,EXTRALARGE,0.556369479923199,0.015972,0.008886333333333335,tiramisu
noarr,ChooseHints,durbin,4,EXTRALARGE,0.5285499028510251,0.016812666666666667,0.008886333333333335,tiramisu
noarr,ChooseHints,durbin,5,EXTRALARGE,0.5114338334036758,0.017375333333333333,0.008886333333333335,tiramisu
noarr,FromPlan,durbin,1,EXTRALARGE,0.5871379803986345,0.015135000000000001,0.008886333333333335,tiramisu
noarr,FromPlan,durbin,2,EXTRALARGE,0.587073331865228,0.015136666666666666,0.008886333333333335,tiramisu
noarr,FromPlan,durbin,3,EXTRALARGE,0.5886288363877237,0.015096666666666666,0.008886333333333335,tiramisu
noarr,FromPlan,durbin,4,EXTRALARGE,0.5881353688669256,0.015109333333333334,0.008886333333333335,tiramisu
noarr,FromPlan,durbin,5,EXTRALARGE,0.5884729151030861,0.015100666666666665,0.008886333333333335,tiramisu
noarr,Naive,durbin,1,EXTRALARGE,0.5278800839570711,0.016834,0.008886333333333335,tiramisu
noarr,Naive,durbin,2,EXTRALARGE,0.4987558698621168,0.017817,0.008886333333333335,tiramisu
noarr,Naive,durbin,3,EXTRALARGE,0.5876168224299066,0.015122666666666666,0.008886333333333335,tiramisu
noarr,Naive,durbin,4,EXTRALARGE,0.5873837747322964,0.015128666666666665,0.008886333333333335,tiramisu
noarr,Naive,durbin,5,EXTRALARGE,0.5864018300998637,0.015154,0.008886333333333335,tiramisu
noarr,standard,durbin,1,EXTRALARGE,0.4981966324680907,0.017837000000000002,0.008886333333333335,tiramisu
noarr,standard,durbin,2,EXTRALARGE,0.49820594281442726,0.017836666666666667,0.008886333333333335,tiramisu
noarr,standard,durbin,3,EXTRALARGE,0.49743436642845157,0.017864333333333333,0.008886333333333335,tiramisu
noarr,standard,durbin,5,EXTRALARGE,0.497712973507832,0.017854333333333333,0.008886333333333335,tiramisu
tiramisu,standard,durbin,1,EXTRALARGE,1.0,0.008886333333333335,0.008886333333333335,tiramisu
c,AllHints,fdtd-2d,1,EXTRALARGE,3.6098142832486486,6.881249666666666,24.840033333333334,tiramisu
c,AllHints,fdtd-2d,2,EXTRALARGE,3.614872960573101,6.87162,24.840033333333334,tiramisu
c,AllHints,fdtd-2d,4,EXTRALARGE,3.441466605903835,7.217862666666666,24.840033333333334,tiramisu
c,ChooseHints,fdtd-2d,2,EXTRALARGE,3.359380367360283,7.394230666666666,24.840033333333334,tiramisu
c,ChooseHints,fdtd-2d,3,EXTRALARGE,3.6082792951624185,6.884177,24.840033333333334,tiramisu
c,ChooseHints,fdtd-2d,5,EXTRALARGE,3.585841622653712,6.927253333333333,24.840033333333334,tiramisu
c,FromPlan,fdtd-2d,1,EXTRALARGE,0.9434215463367353,26.329728666666668,24.840033333333334,tiramisu
c,FromPlan,fdtd-2d,2,EXTRALARGE,0.5390914570467956,46.07758666666666,24.840033333333334,tiramisu
c,FromPlan,fdtd-2d,3,EXTRALARGE,0.5939164372967706,41.82412166666666,24.840033333333334,tiramisu
c,FromPlan,fdtd-2d,5,EXTRALARGE,0.5834656973444721,42.573254,24.840033333333334,tiramisu
c,Naive,fdtd-2d,1,EXTRALARGE,1.8376937359264776,13.516960333333332,24.840033333333334,tiramisu
c,Naive,fdtd-2d,2,EXTRALARGE,1.0657831757427045,23.306835666666668,24.840033333333334,tiramisu
c,Naive,fdtd-2d,3,EXTRALARGE,1.8350231677520181,13.536631999999999,24.840033333333334,tiramisu
c,Naive,fdtd-2d,4,EXTRALARGE,1.0592913214107025,23.44967133333333,24.840033333333334,tiramisu
c,Naive,fdtd-2d,5,EXTRALARGE,1.0180090087392377,24.400602666666668,24.840033333333334,tiramisu
c,standard,fdtd-2d,1,EXTRALARGE,1.06819720447777,23.254164333333335,24.840033333333334,tiramisu
exo,AllHints,fdtd-2d,3,EXTRALARGE,3.5476847079902827,7.001759,24.840033333333334,tiramisu
exo,AllHints,fdtd-2d,4,EXTRALARGE,3.679367544624862,6.751169333333333,24.840033333333334,tiramisu
exo,AllHints,fdtd-2d,5,EXTRALARGE,3.844438899169201,6.461289666666667,24.840033333333334,tiramisu
exo,ChooseHints,fdtd-2d,4,EXTRALARGE,3.518587769571528,7.05966,24.840033333333334,tiramisu
exo,FromPlan,fdtd-2d,2,EXTRALARGE,0.4608119991227022,53.90491866666667,24.840033333333334,tiramisu
exo,FromPlan,fdtd-2d,4,EXTRALARGE,0.49207361073252576,50.48032,24.840033333333334,tiramisu
exo,Naive,fdtd-2d,1,EXTRALARGE,3.7792675401875013,6.572711000000001,24.840033333333334,tiramisu
exo,Naive,fdtd-2d,2,EXTRALARGE,3.5427084530754827,7.011594,24.840033333333334,tiramisu
exo,Naive,fdtd-2d,3,EXTRALARGE,1.0690464806784596,23.235690666666667,24.840033333333334,tiramisu
exo,standard,fdtd-2d,1,EXTRALARGE,1.059318681880104,23.449065666666666,24.840033333333334,tiramisu
exo,standard,fdtd-2d,2,EXTRALARGE,1.0527546633705638,23.59527266666667,24.840033333333334,tiramisu
exo,standard,fdtd-2d,3,EXTRALARGE,1.0572881868478263,23.494099000000002,24.840033333333334,tiramisu
exo,standard,fdtd-2d,4,EXTRALARGE,1.0689217960105488,23.238401,24.840033333333334,tiramisu
exo,standard,fdtd-2d,5,EXTRALARGE,1.0641241160031387,23.343172999999997,24.840033333333334,tiramisu
halide,AllHints,fdtd-2d,1,EXTRALARGE,0.7285024561116474,34.097391333333334,24.840033333333334,tiramisu
halide,AllHints,fdtd-2d,5,EXTRALARGE,1.091828707484596,22.750852,24.840033333333334,tiramisu
halide,ChooseHints,fdtd-2d,1,EXTRALARGE,0.9043134284975913,27.468389333333334,24.840033333333334,tiramisu
halide,ChooseHints,fdtd-2d,5,EXTRALARGE,0.6193478558408797,40.106756,24.840033333333334,tiramisu
halide,FromPlan,fdtd-2d,4,EXTRALARGE,0.6094929063447031,40.755246,24.840033333333334,tiramisu
halide,FromPlan,fdtd-2d,5,EXTRALARGE,1.878607955389827,13.222574333333332,24.840033333333334,tiramisu
halide,Naive,fdtd-2d,1,EXTRALARGE,0.5568839779672722,44.60540133333333,24.840033333333334,tiramisu
halide,Naive,fdtd-2d,3,EXTRALARGE,1.935156654252631,12.836187333333333,24.840033333333334,tiramisu
halide,Naive,fdtd-2d,5,EXTRALARGE,1.1123372876781288,22.331386,24.840033333333334,tiramisu
halide,standard,fdtd-2d,1,EXTRALARGE,0.549653240964176,45.19218933333334,24.840033333333334,tiramisu
halide,standard,fdtd-2d,3,EXTRALARGE,0.5188137688589457,47.878516,24.840033333333334,tiramisu
halide,standard,fdtd-2d,5,EXTRALARGE,0.5182269643433832,47.93273033333333,24.840033333333334,tiramisu
noarr,AllHints,fdtd-2d,1,EXTRALARGE,3.1023449399956,8.006857333333334,24.840033333333334,tiramisu
noarr,AllHints,fdtd-2d,4,EXTRALARGE,3.181100327979029,7.808629333333333,24.840033333333334,tiramisu
noarr,AllHints,fdtd-2d,5,EXTRALARGE,1.0737385501722037,23.13415433333333,24.840033333333334,tiramisu
noarr,ChooseHints,fdtd-2d,1,EXTRALARGE,4.133547117825461,6.009374666666666,24.840033333333334,tiramisu
noarr,ChooseHints,fdtd-2d,3,EXTRALARGE,3.9540045676862645,6.282247000000001,24.840033333333334,tiramisu
noarr,ChooseHints,fdtd-2d,5,EXTRALARGE,3.7008177892490397,6.712039,24.840033333333334,tiramisu
noarr,FromPlan,fdtd-2d,2,EXTRALARGE,0.4692235360799421,52.938592,24.840033333333334,tiramisu
noarr,FromPlan,fdtd-2d,3,EXTRALARGE,1.1770922672455197,21.102877000000003,24.840033333333334,tiramisu
noarr,FromPlan,fdtd-2d,5,EXTRALARGE,0.43916598131053064,56.561834,24.840033333333334,tiramisu
noarr,Naive,fdtd-2d,1,EXTRALARGE,1.070764599328385,23.198407333333336,24.840033333333334,tiramisu
noarr,Naive,fdtd-2d,2,EXTRALARGE,1.0728540026182671,23.153228,24.840033333333334,tiramisu
noarr,Naive,fdtd-2d,3,EXTRALARGE,1.078874416406745,23.024026666666668,24.840033333333334,tiramisu
noarr,Naive,fdtd-2d,4,EXTRALARGE,1.4080314292146026,17.641675333333335,24.840033333333334,tiramisu
noarr,standard,fdtd-2d,1,EXTRALARGE,1.0847046026696858,22.900274666666665,24.840033333333334,tiramisu
noarr,standard,fdtd-2d,2,EXTRALARGE,1.082548702060422,22.945880666666667,24.840033333333334,tiramisu
noarr,standard,fdtd-2d,3,EXTRALARGE,1.081837955438179,22.960955666666667,24.840033333333334,tiramisu
noarr,standard,fdtd-2d,4,EXTRALARGE,1.0822821157128826,22.951532666666665,24.840033333333334,tiramisu
noarr,standard,fdtd-2d,5,EXTRALARGE,1.072353995609082,23.164023666666665,24.840033333333334,tiramisu
tiramisu,standard,fdtd-2d,1,EXTRALARGE,1.0,24.840033333333334,24.840033333333334,tiramisu
c,AllHints,floyd-warshall,1,EXTRALARGE,9.466382291845653,21.225039,200.92433333333335,tiramisu
c,AllHints,floyd-warshall,2,EXTRALARGE,5.149312577837935,39.019642,200.92433333333335,tiramisu
c,AllHints,floyd-warshall,3,EXTRALARGE,2.9580377465467804,67.92487133333334,200.92433333333335,tiramisu
c,AllHints,floyd-warshall,4,EXTRALARGE,8.777685971353872,22.890353333333334,200.92433333333335,tiramisu
c,AllHints,floyd-warshall,5,EXTRALARGE,3.845793955511563,52.245215333333334,200.92433333333335,tiramisu
c,ChooseHints,floyd-warshall,1,EXTRALARGE,9.121492248548252,22.027572666666668,200.92433333333335,tiramisu
c,ChooseHints,floyd-warshall,2,EXTRALARGE,1.5637179072019904,128.4914193333333,200.92433333333335,tiramisu
c,ChooseHints,floyd-warshall,3,EXTRALARGE,0.7901910631763925,254.27310266666666,200.92433333333335,tiramisu
c,ChooseHints,floyd-warshall,4,EXTRALARGE,8.364378064954055,24.02143133333333,200.92433333333335,tiramisu
c,ChooseHints,floyd-warshall,5,EXTRALARGE,9.555542278090371,21.026994333333334,200.92433333333335,tiramisu
c,FromPlan,floyd-warshall,1,EXTRALARGE,1.6471056233816712,121.98630766666668,200.92433333333335,tiramisu
c,FromPlan,floyd-warshall,2,EXTRALARGE,1.2306400903792514,163.268152,200.92433333333335,tiramisu
c,FromPlan,floyd-warshall,3,EXTRALARGE,1.2158030862631666,165.26058833333335,200.92433333333335,tiramisu
c,FromPlan,floyd-warshall,4,EXTRALARGE,1.5271170319289886,131.571012,200.92433333333335,tiramisu
c,FromPlan,floyd-warshall,5,EXTRALARGE,3.392958391972797,59.21803633333334,200.92433333333335,tiramisu
c,Naive,floyd-warshall,1,EXTRALARGE,1.5441923757414804,130.11612833333334,200.92433333333335,tiramisu
c,Naive,floyd-warshall,2,EXTRALARGE,1.564709869613101,128.40996099999998,200.92433333333335,tiramisu
c,Naive,floyd-warshall,3,EXTRALARGE,1.5343976033407585,130.94672,200.92433333333335,tiramisu
c,Naive,floyd-warshall,4,EXTRALARGE,1.1808985939426604,170.14528966666668,200.92433333333335,tiramisu
c,Naive,floyd-warshall,5,EXTRALARGE,1.5386711153101258,130.58302799999998,200.92433333333335,tiramisu
c,standard,floyd-warshall,1,EXTRALARGE,1.1373357230529129,176.66228999999998,200.92433333333335,tiramisu
exo,AllHints,floyd-warshall,1,EXTRALARGE,3.7496045025784697,53.585473666666665,200.92433333333335,tiramisu
exo,AllHints,floyd-warshall,2,EXTRALARGE,1.277273901119756,157.30716266666664,200.92433333333335,tiramisu
exo,AllHints,floyd-warshall,3,EXTRALARGE,3.883711220070084,51.735137333333334,200.92433333333335,tiramisu
exo,AllHints,floyd-warshall,4,EXTRALARGE,3.985421484473351,50.41482666666667,200.92433333333335,tiramisu
exo,AllHints,floyd-warshall,5,EXTRALARGE,4.003265424182405,50.19011033333334,200.92433333333335,tiramisu
exo,ChooseHints,floyd-warshall,1,EXTRALARGE,3.6787109649038063,54.618135333333335,200.92433333333335,tiramisu
exo,ChooseHints,floyd-warshall,4,EXTRALARGE,3.616612864540592,55.55594166666666,200.92433333333335,tiramisu
exo,FromPlan,floyd-warshall,2,EXTRALARGE,3.8982425931350337,51.542285666666665,200.92433333333335,tiramisu
exo,FromPlan,floyd-warshall,3,EXTRALARGE,1.129053742514594,177.958166,200.92433333333335,tiramisu
exo,FromPlan,floyd-warshall,4,EXTRALARGE,1.2639849036032775,158.96102299999998,200.92433333333335,tiramisu
exo,FromPlan,floyd-warshall,5,EXTRALARGE,1.1331166873083733,177.32007266666665,200.92433333333335,tiramisu
exo,Naive,floyd-warshall,1,EXTRALARGE,1.0572231378392836,190.049126,200.92433333333335,tiramisu
exo,Naive,floyd-warshall,3,EXTRALARGE,3.900522842305009,51.512154,200.92433333333335,tiramisu
exo,Naive,floyd-warshall,5,EXTRALARGE,3.4658668780365183,57.972317,200.92433333333335,tiramisu
exo,standard,floyd-warshall,1,EXTRALARGE,1.163323777722516,172.71574533333333,200.92433333333335,tiramisu
exo,standard,floyd-warshall,2,EXTRALARGE,1.1652908797329737,172.42418766666665,200.92433333333335,tiramisu
exo,standard,floyd-warshall,3,EXTRALARGE,1.1641254547522881,172.59680433333332,200.92433333333335,tiramisu
exo,standard,floyd-warshall,4,EXTRALARGE,1.168839822021933,171.900657,200.92433333333335,tiramisu
exo,standard,floyd-warshall,5,EXTRALARGE,1.1617261966966757,172.95326033333333,200.92433333333335,tiramisu
halide,AllHints,floyd-warshall,1,EXTRALARGE,1.9996152923468324,100.48149466666666,200.92433333333335,tiramisu
halide,AllHints,floyd-warshall,2,EXTRALARGE,2.0650118557476516,97.29936066666666,200.92433333333335,tiramisu
halide,AllHints,floyd-warshall,3,EXTRALARGE,2.107498886494623,95.33781233333333,200.92433333333335,tiramisu
halide,AllHints,floyd-warshall,4,EXTRALARGE,2.151671922185833,93.380562,200.92433333333335,tiramisu
halide,AllHints,floyd-warshall,5,EXTRALARGE,2.0169180493873204,99.619483,200.92433333333335,tiramisu
halide,ChooseHints,floyd-warshall,2,EXTRALARGE,2.051395315379964,97.94520433333334,200.92433333333335,tiramisu
halide,ChooseHints,floyd-warshall,3,EXTRALARGE,1.5785941550451914,127.28055066666667,200.92433333333335,tiramisu
halide,ChooseHints,floyd-warshall,4,EXTRALARGE,1.9046838710382785,105.48959666666667,200.92433333333335,tiramisu
halide,ChooseHints,floyd-warshall,5,EXTRALARGE,1.6073291819326894,125.00509266666666,200.92433333333335,tiramisu
halide,FromPlan,floyd-warshall,1,EXTRALARGE,1.6212251830657836,123.93363699999999,200.92433333333335,tiramisu
halide,FromPlan,floyd-warshall,2,EXTRALARGE,2.0203437483970257,99.45056800000002,200.92433333333335,tiramisu
halide,FromPlan,floyd-warshall,3,EXTRALARGE,1.9494775754693459,103.06573199999998,200.92433333333335,tiramisu
halide,FromPlan,floyd-warshall,4,EXTRALARGE,1.8342705588527501,109.539093,200.92433333333335,tiramisu
halide,FromPlan,floyd-warshall,5,EXTRALARGE,2.0512050120356475,97.95429133333334,200.92433333333335,tiramisu
halide,Naive,floyd-warshall,1,EXTRALARGE,2.147694203944236,93.553511,200.92433333333335,tiramisu
halide,Naive,floyd-warshall,2,EXTRALARGE,1.6090074542157282,124.87470633333334,200.92433333333335,tiramisu
halide,Naive,floyd-warshall,3,EXTRALARGE,1.5963504839920852,125.86479933333334,200.92433333333335,tiramisu
halide,Naive,floyd-warshall,4,EXTRALARGE,1.6402708560066674,122.49460666666666,200.92433333333335,tiramisu
halide,Naive,floyd-warshall,5,EXTRALARGE,1.6386952447003609,122.61238566666667,200.92433333333335,tiramisu
halide,standard,floyd-warshall,1,EXTRALARGE,0.8108907582237888,247.782246,200.92433333333335,tiramisu
halide,standard,floyd-warshall,2,EXTRALARGE,0.7969874028753373,252.10477933333334,200.92433333333335,tiramisu
halide,standard,floyd-warshall,3,EXTRALARGE,0.8110124668156184,247.74506133333333,200.92433333333335,tiramisu
halide,standard,floyd-warshall,4,EXTRALARGE,0.790949350600512,254.02932966666665,200.92433333333335,tiramisu
noarr,AllHints,floyd-warshall,1,EXTRALARGE,1.4858862840865796,135.22187766666664,200.92433333333335,tiramisu
noarr,AllHints,floyd-warshall,2,EXTRALARGE,9.006831736852698,22.307992333333335,200.92433333333335,tiramisu
noarr,AllHints,floyd-warshall,3,EXTRALARGE,9.351004109816982,21.486926,200.92433333333335,tiramisu
noarr,AllHints,floyd-warshall,4,EXTRALARGE,1.4882896444091354,135.003515,200.92433333333335,tiramisu
noarr,AllHints,floyd-warshall,5,EXTRALARGE,1.5066973874061822,133.35413933333334,200.92433333333335,tiramisu
noarr,ChooseHints,floyd-warshall,1,EXTRALARGE,0.8665663013920826,231.86262033333333,200.92433333333335,tiramisu
noarr,ChooseHints,floyd-warshall,2,EXTRALARGE,1.4823129312845005,135.54785166666667,200.92433333333335,tiramisu
noarr,ChooseHints,floyd-warshall,3,EXTRALARGE,1.4821848413663037,135.55956566666666,200.92433333333335,tiramisu
noarr,ChooseHints,floyd-warshall,4,EXTRALARGE,0.864583242700784,232.39443400000002,200.92433333333335,tiramisu
noarr,ChooseHints,floyd-warshall,5,EXTRALARGE,1.5374681079683157,130.685204,200.92433333333335,tiramisu
noarr,FromPlan,floyd-warshall,1,EXTRALARGE,1.5274642080074528,131.54110733333334,200.92433333333335,tiramisu
noarr,FromPlan,floyd-warshall,2,EXTRALARGE,1.163301701476932,172.719023,200.92433333333335,tiramisu
noarr,FromPlan,floyd-warshall,3,EXTRALARGE,0.6511567483282793,308.5652323333333,200.92433333333335,tiramisu
noarr,FromPlan,floyd-warshall,4,EXTRALARGE,1.5459307322403464,129.96981633333334,200.92433333333335,tiramisu
noarr,Naive,floyd-warshall,1,EXTRALARGE,1.4683342829092576,136.838277,200.92433333333335,tiramisu
noarr,Naive,floyd-warshall,2,EXTRALARGE,0.8852518687644142,226.96855033333335,200.92433333333335,tiramisu
noarr,Naive,floyd-warshall,3,EXTRALARGE,1.5038931207238189,133.602801,200.92433333333335,tiramisu
noarr,Naive,floyd-warshall,4,EXTRALARGE,1.4758225842235606,136.14396166666666,200.92433333333335,tiramisu
noarr,Naive,floyd-warshall,5,EXTRALARGE,1.5027480417247658,133.70460500000002,200.92433333333335,tiramisu
noarr,standard,floyd-warshall,1,EXTRALARGE,1.1644873925910524,172.54315899999997,200.92433333333335,tiramisu
noarr,standard,floyd-warshall,2,EXTRALARGE,0.8845601131613794,227.1460473333333,200.92433333333335,tiramisu
noarr,standard,floyd-warshall,3,EXTRALARGE,1.1672962760881758,172.12796566666665,200.92433333333335,tiramisu
noarr,standard,floyd-warshall,4,EXTRALARGE,0.8883583652557209,226.17486499999998,200.92433333333335,tiramisu
noarr,standard,floyd-warshall,5,EXTRALARGE,0.8845181755356846,227.15681699999996,200.92433333333335,tiramisu
tiramisu,standard,floyd-warshall,1,EXTRALARGE,1.0,200.92433333333335,200.92433333333335,tiramisu
c,AllHints,gemm,1,EXTRALARGE,38.756897852523984,0.23062733333333332,8.9384,tiramisu
c,AllHints,gemm,2,EXTRALARGE,32.00515611572615,0.27928000000000003,8.9384,tiramisu
c,AllHints,gemm,3,EXTRALARGE,44.42588892533723,0.201198,8.9384,tiramisu
c,AllHints,gemm,5,EXTRALARGE,83.97042659727376,0.106447,8.9384,tiramisu
c,ChooseHints,gemm,1,EXTRALARGE,92.77107183260853,0.096349,8.9384,tiramisu
c,ChooseHints,gemm,2,EXTRALARGE,63.88800205850538,0.13990733333333336,8.9384,tiramisu
c,ChooseHints,gemm,3,EXTRALARGE,34.99979769053961,0.2553843333333334,8.9384,tiramisu
c,ChooseHints,gemm,4,EXTRALARGE,2.913238716159451,3.0682003333333334,8.9384,tiramisu
c,ChooseHints,gemm,5,EXTRALARGE,42.71153720566849,0.20927366666666666,8.9384,tiramisu
c,FromPlan,gemm,1,EXTRALARGE,38.83064375991937,0.23018933333333333,8.9384,tiramisu
c,FromPlan,gemm,2,EXTRALARGE,4.14360837529578,2.1571536666666664,8.9384,tiramisu
c,FromPlan,gemm,3,EXTRALARGE,4.668499000410699,1.9146196666666668,8.9384,tiramisu
c,FromPlan,gemm,4,EXTRALARGE,2.167982767515476,4.122911,8.9384,tiramisu
c,Naive,gemm,1,EXTRALARGE,2.7073202202347937,3.3015673333333333,8.9384,tiramisu
c,Naive,gemm,2,EXTRALARGE,3.117566188930194,2.867108333333333,8.9384,tiramisu
c,Naive,gemm,3,EXTRALARGE,1.2461005337025277,7.173096999999999,8.9384,tiramisu
c,Naive,gemm,4,EXTRALARGE,0.7455056478408272,11.989714666666666,8.9384,tiramisu
c,Naive,gemm,5,EXTRALARGE,3.113939732041765,2.8704473333333334,8.9384,tiramisu
c,standard,gemm,1,EXTRALARGE,1.2620099482257396,7.08267,8.9384,tiramisu
exo,AllHints,gemm,1,EXTRALARGE,45.2548191002096,0.19751266666666667,8.9384,tiramisu
exo,AllHints,gemm,2,EXTRALARGE,15.836910859793445,0.564403,8.9384,tiramisu
exo,AllHints,gemm,4,EXTRALARGE,23.50705250146836,0.3802433333333333,8.9384,tiramisu
exo,AllHints,gemm,5,EXTRALARGE,40.59538443837541,0.22018266666666667,8.9384,tiramisu
exo,ChooseHints,gemm,1,EXTRALARGE,21.791674285366,0.410175,8.9384,tiramisu
exo,ChooseHints,gemm,2,EXTRALARGE,22.18524938053024,0.40289833333333336,8.9384,tiramisu
exo,ChooseHints,gemm,4,EXTRALARGE,45.23222352294234,0.19761133333333333,8.9384,tiramisu
exo,FromPlan,gemm,2,EXTRALARGE,28.600652962489317,0.31252433333333335,8.9384,tiramisu
exo,FromPlan,gemm,3,EXTRALARGE,60.06155059109173,0.14882066666666668,8.9384,tiramisu
exo,FromPlan,gemm,4,EXTRALARGE,2.2593668023259634,3.9561526666666667,8.9384,tiramisu
exo,FromPlan,gemm,5,EXTRALARGE,41.93124671620506,0.213168,8.9384,tiramisu
exo,Naive,gemm,2,EXTRALARGE,27.760787959475657,0.32197933333333334,8.9384,tiramisu
exo,Naive,gemm,3,EXTRALARGE,0.6022900417188589,14.840690333333333,8.9384,tiramisu
exo,Naive,gemm,4,EXTRALARGE,20.379822644044715,0.43859066666666663,8.9384,tiramisu
exo,standard,gemm,1,EXTRALARGE,1.2089516850785276,7.393513,8.9384,tiramisu
exo,standard,gemm,2,EXTRALARGE,1.2372920693469,7.224163333333333,8.9384,tiramisu
exo,standard,gemm,3,EXTRALARGE,1.2100234954441365,7.386964,8.9384,tiramisu
exo,standard,gemm,4,EXTRALARGE,1.2387659571637326,7.215568,8.9384,tiramisu
exo,standard,gemm,5,EXTRALARGE,1.2272954326826038,7.283006,8.9384,tiramisu
halide,FromPlan,gemm,1,EXTRALARGE,50.39901664856087,0.1773526666666667,8.9384,tiramisu
halide,FromPlan,gemm,3,EXTRALARGE,54.11822164995267,0.16516433333333333,8.9384,tiramisu
halide,FromPlan,gemm,5,EXTRALARGE,18.315817945611,0.4880153333333333,8.9384,tiramisu
halide,standard,gemm,2,EXTRALARGE,0.789926487158451,11.315483333333333,8.9384,tiramisu
halide,standard,gemm,3,EXTRALARGE,0.7961082398681324,11.227618999999999,8.9384,tiramisu
halide,standard,gemm,4,EXTRALARGE,0.7922528267172073,11.282257000000001,8.9384,tiramisu
noarr,AllHints,gemm,2,EXTRALARGE,0.3408848955023018,26.221167666666663,8.9384,tiramisu
noarr,AllHints,gemm,3,EXTRALARGE,0.4824253651338182,18.528047333333333,8.9384,tiramisu
noarr,AllHints,gemm,4,EXTRALARGE,1.1477661615206336,7.787648999999999,8.9384,tiramisu
noarr,AllHints,gemm,5,EXTRALARGE,1.1512532402503124,7.7640606666666665,8.9384,tiramisu
noarr,ChooseHints,gemm,1,EXTRALARGE,0.357822429698525,24.979988000000002,8.9384,tiramisu
noarr,ChooseHints,gemm,2,EXTRALARGE,1.144932370290783,7.8069239999999995,8.9384,tiramisu
noarr,ChooseHints,gemm,3,EXTRALARGE,1.1524794842775505,7.755799666666667,8.9384,tiramisu
noarr,ChooseHints,gemm,4,EXTRALARGE,1.1445300875786268,7.809667999999999,8.9384,tiramisu
noarr,ChooseHints,gemm,5,EXTRALARGE,1.1592934739375997,7.710213333333333,8.9384,tiramisu
noarr,FromPlan,gemm,1,EXTRALARGE,0.5165081436055671,17.305438666666667,8.9384,tiramisu
noarr,FromPlan,gemm,2,EXTRALARGE,0.5659929448444991,15.792423,8.9384,tiramisu
noarr,FromPlan,gemm,3,EXTRALARGE,1.1506793871110623,7.767932666666667,8.9384,tiramisu
noarr,FromPlan,gemm,4,EXTRALARGE,1.2421048301791564,7.196172,8.9384,tiramisu
noarr,FromPlan,gemm,5,EXTRALARGE,1.14492195780835,7.806995000000001,8.9384,tiramisu
noarr,Naive,gemm,1,EXTRALARGE,0.33597729980635244,26.604178333333333,8.9384,tiramisu
noarr,Naive,gemm,2,EXTRALARGE,1.139390309420663,7.844897333333333,8.9384,tiramisu
noarr,Naive,gemm,3,EXTRALARGE,0.4770081644901868,18.738463333333332,8.9384,tiramisu
noarr,Naive,gemm,4,EXTRALARGE,1.1572895122299536,7.723564333333333,8.9384,tiramisu
noarr,Naive,gemm,5,EXTRALARGE,1.1566123875950656,7.728086,8.9384,tiramisu
noarr,standard,gemm,1,EXTRALARGE,1.1476624133497801,7.788353,8.9384,tiramisu
noarr,standard,gemm,2,EXTRALARGE,1.1533025991844663,7.750264333333334,8.9384,tiramisu
noarr,standard,gemm,3,EXTRALARGE,1.1545392796176404,7.741962666666667,8.9384,tiramisu
noarr,standard,gemm,4,EXTRALARGE,1.1467045628708428,7.794858666666666,8.9384,tiramisu
noarr,standard,gemm,5,EXTRALARGE,1.1468529183543041,7.793850333333334,8.9384,tiramisu
tiramisu,standard,gemm,1,EXTRALARGE,1.0,8.9384,8.9384,tiramisu
c,AllHints,gemver,1,EXTRALARGE,6.432927837486712,0.014111666666666666,0.09077933333333332,tiramisu
c,AllHints,gemver,2,EXTRALARGE,5.557464696759447,0.016334666666666667,0.09077933333333332,tiramisu
c,AllHints,gemver,3,EXTRALARGE,6.992707851897498,0.012982,0.09077933333333332,tiramisu
c,AllHints,gemver,4,EXTRALARGE,3.2249194770746494,0.028149333333333332,0.09077933333333332,tiramisu
c,AllHints,gemver,5,EXTRALARGE,9.134567652780571,0.009938,0.09077933333333332,tiramisu
c,ChooseHints,gemver,1,EXTRALARGE,3.2117223892918214,0.028265,0.09077933333333332,tiramisu
c,ChooseHints,gemver,2,EXTRALARGE,6.415802864681492,0.014149333333333333,0.09077933333333332,tiramisu
c,ChooseHints,gemver,3,EXTRALARGE,3.225339602307045,0.028145666666666666,0.09077933333333332,tiramisu
c,ChooseHints,gemver,4,EXTRALARGE,3.2000611017108476,0.028368,0.09077933333333332,tiramisu
c,ChooseHints,gemver,5,EXTRALARGE,3.2351096433916986,0.028060666666666668,0.09077933333333332,tiramisu
c,FromPlan,gemver,1,EXTRALARGE,2.3550705211909473,0.038546333333333335,0.09077933333333332,tiramisu
c,FromPlan,gemver,2,EXTRALARGE,2.3630605303345824,0.038416,0.09077933333333332,tiramisu
c,FromPlan,gemver,3,EXTRALARGE,1.453321948876674,0.062463333333333336,0.09077933333333332,tiramisu
c,FromPlan,gemver,4,EXTRALARGE,1.3860921523419805,0.065493,0.09077933333333332,tiramisu
c,Naive,gemver,1,EXTRALARGE,1.6060505985728606,0.056523333333333335,0.09077933333333332,tiramisu
c,Naive,gemver,2,EXTRALARGE,1.86202558475034,0.048753,0.09077933333333332,tiramisu
c,Naive,gemver,3,EXTRALARGE,2.3621791813758226,0.03843033333333334,0.09077933333333332,tiramisu
c,Naive,gemver,4,EXTRALARGE,1.865098823432727,0.04867266666666667,0.09077933333333332,tiramisu
c,Naive,gemver,5,EXTRALARGE,1.8695929757597807,0.048555666666666664,0.09077933333333332,tiramisu
c,standard,gemver,1,EXTRALARGE,1.0397834436732107,0.087306,0.09077933333333332,tiramisu
exo,AllHints,gemver,1,EXTRALARGE,4.486474910217126,0.020234,0.09077933333333332,tiramisu
exo,AllHints,gemver,2,EXTRALARGE,3.1875512067230036,0.028479333333333332,0.09077933333333332,tiramisu
exo,AllHints,gemver,3,EXTRALARGE,4.141015114192744,0.021922,0.09077933333333332,tiramisu
exo,AllHints,gemver,4,EXTRALARGE,3.1818532322323603,0.028530333333333335,0.09077933333333332,tiramisu
exo,AllHints,gemver,5,EXTRALARGE,3.7412149352968647,0.024264666666666667,0.09077933333333332,tiramisu
exo,ChooseHints,gemver,1,EXTRALARGE,4.408119000987358,0.020593666666666666,0.09077933333333332,tiramisu
exo,ChooseHints,gemver,2,EXTRALARGE,3.672600264314804,0.024718,0.09077933333333332,tiramisu
exo,FromPlan,gemver,1,EXTRALARGE,1.1434653544331963,0.07938966666666668,0.09077933333333332,tiramisu
exo,FromPlan,gemver,2,EXTRALARGE,0.5100000749069281,0.17799866666666667,0.09077933333333332,tiramisu
exo,Naive,gemver,5,EXTRALARGE,4.328459264439428,0.020972666666666667,0.09077933333333332,tiramisu
exo,standard,gemver,1,EXTRALARGE,0.9509705669759304,0.09545966666666666,0.09077933333333332,tiramisu
exo,standard,gemver,2,EXTRALARGE,0.953564425770308,0.0952,0.09077933333333332,tiramisu
exo,standard,gemver,3,EXTRALARGE,0.9561422602956148,0.09494333333333334,0.09077933333333332,tiramisu
exo,standard,gemver,4,EXTRALARGE,0.9566830248464004,0.09488966666666666,0.09077933333333332,tiramisu
exo,standard,gemver,5,EXTRALARGE,0.9420428720169634,0.09636433333333333,0.09077933333333332,tiramisu
halide,standard,gemver,1,EXTRALARGE,0.00032849573394001764,276.34859133333333,0.09077933333333332,tiramisu
halide,standard,gemver,4,EXTRALARGE,0.7850076673853639,0.11564133333333333,0.09077933333333332,tiramisu
noarr,AllHints,gemver,1,EXTRALARGE,1.8351246268606427,0.04946766666666667,0.09077933333333332,tiramisu
noarr,AllHints,gemver,2,EXTRALARGE,2.5489788659890302,0.035614,0.09077933333333332,tiramisu
noarr,AllHints,gemver,3,EXTRALARGE,2.9254087266633717,0.031031333333333338,0.09077933333333332,tiramisu
noarr,AllHints,gemver,4,EXTRALARGE,1.0557618800251207,0.08598466666666667,0.09077933333333332,tiramisu
noarr,AllHints,gemver,5,EXTRALARGE,3.6794973991758426,0.024671666666666665,0.09077933333333332,tiramisu
noarr,ChooseHints,gemver,1,EXTRALARGE,1.8194803546255651,0.049893,0.09077933333333332,tiramisu
noarr,ChooseHints,gemver,2,EXTRALARGE,1.8116975559133057,0.05010733333333334,0.09077933333333332,tiramisu
noarr,ChooseHints,gemver,3,EXTRALARGE,2.9312337878999877,0.03096966666666667,0.09077933333333332,tiramisu
noarr,ChooseHints,gemver,4,EXTRALARGE,1.8217441619340031,0.04983100000000001,0.09077933333333332,tiramisu
noarr,ChooseHints,gemver,5,EXTRALARGE,1.0522171522623567,0.08627433333333334,0.09077933333333332,tiramisu
noarr,FromPlan,gemver,1,EXTRALARGE,1.0680214750993162,0.08499766666666668,0.09077933333333332,tiramisu
noarr,FromPlan,gemver,2,EXTRALARGE,1.8419137539227357,0.04928533333333333,0.09077933333333332,tiramisu
noarr,FromPlan,gemver,3,EXTRALARGE,1.8517198942021986,0.049024333333333336,0.09077933333333332,tiramisu
noarr,FromPlan,gemver,4,EXTRALARGE,1.8420757154549081,0.049281,0.09077933333333332,tiramisu
noarr,Naive,gemver,1,EXTRALARGE,1.8155140461048223,0.050002,0.09077933333333332,tiramisu
noarr,Naive,gemver,2,EXTRALARGE,1.8171251659738574,0.04995766666666667,0.09077933333333332,tiramisu
noarr,Naive,gemver,3,EXTRALARGE,1.817234292425132,0.04995466666666667,0.09077933333333332,tiramisu
noarr,Naive,gemver,4,EXTRALARGE,1.8323835155592931,0.04954166666666667,0.09077933333333332,tiramisu
noarr,Naive,gemver,5,EXTRALARGE,1.8276982134947584,0.049668666666666667,0.09077933333333332,tiramisu
noarr,standard,gemver,1,EXTRALARGE,1.0355096407210673,0.08766633333333333,0.09077933333333332,tiramisu
noarr,standard,gemver,2,EXTRALARGE,1.0337016385851308,0.08781966666666667,0.09077933333333332,tiramisu
noarr,standard,gemver,3,EXTRALARGE,1.0356002068629837,0.08765866666666666,0.09077933333333332,tiramisu
noarr,standard,gemver,5,EXTRALARGE,1.0367316484512101,0.087563,0.09077933333333332,tiramisu
tiramisu,standard,gemver,1,EXTRALARGE,1.0,0.09077933333333332,0.09077933333333332,tiramisu
c,AllHints,gesummv,1,EXTRALARGE,2.491141609482221,0.005343333333333333,0.013310999999999998,tiramisu
c,AllHints,gesummv,2,EXTRALARGE,2.4837044408508513,0.005359333333333334,0.013310999999999998,tiramisu
c,AllHints,gesummv,3,EXTRALARGE,2.485869023904382,0.005354666666666666,0.013310999999999998,tiramisu
c,AllHints,gesummv,4,EXTRALARGE,2.480310559006211,0.005366666666666666,0.013310999999999998,tiramisu
c,AllHints,gesummv,5,EXTRALARGE,2.4992489673300784,0.005326,0.013310999999999998,tiramisu
c,ChooseHints,gesummv,1,EXTRALARGE,2.4923854699787786,0.005340666666666667,0.013310999999999998,tiramisu
c,ChooseHints,gesummv,2,EXTRALARGE,2.5036363636363634,0.005316666666666667,0.013310999999999998,tiramisu
c,ChooseHints,gesummv,3,EXTRALARGE,2.4958124999999995,0.005333333333333333,0.013310999999999998,tiramisu
c,ChooseHints,gesummv,4,EXTRALARGE,2.497998248467409,0.0053286666666666664,0.013310999999999998,tiramisu
c,ChooseHints,gesummv,5,EXTRALARGE,2.484167962674961,0.005358333333333333,0.013310999999999998,tiramisu
c,FromPlan,gesummv,1,EXTRALARGE,2.129192215409224,0.006251666666666667,0.013310999999999998,tiramisu
c,FromPlan,gesummv,2,EXTRALARGE,2.494253591505309,0.005336666666666667,0.013310999999999998,tiramisu
c,FromPlan,gesummv,3,EXTRALARGE,0.9429502467590734,0.014116333333333333,0.013310999999999998,tiramisu
c,FromPlan,gesummv,4,EXTRALARGE,2.4937862986323607,0.005337666666666667,0.013310999999999998,tiramisu
c,FromPlan,gesummv,5,EXTRALARGE,2.1200361010830324,0.006278666666666666,0.013310999999999998,tiramisu
c,Naive,gesummv,1,EXTRALARGE,2.495188702824293,0.005334666666666667,0.013310999999999998,tiramisu
c,Naive,gesummv,2,EXTRALARGE,0.9812753409509766,0.013565,0.013310999999999998,tiramisu
c,Naive,gesummv,3,EXTRALARGE,0.9849785407725321,0.013514,0.013310999999999998,tiramisu
c,Naive,gesummv,4,EXTRALARGE,0.9798306956201692,0.013585,0.013310999999999998,tiramisu
c,Naive,gesummv,5,EXTRALARGE,2.497998248467409,0.0053286666666666664,0.013310999999999998,tiramisu
c,standard,gesummv,1,EXTRALARGE,0.47777604958064623,0.027860333333333334,0.013310999999999998,tiramisu
exo,AllHints,gesummv,2,EXTRALARGE,2.498310810810811,0.005327999999999999,0.013310999999999998,tiramisu
exo,AllHints,gesummv,3,EXTRALARGE,2.4303450794230415,0.005477,0.013310999999999998,tiramisu
exo,AllHints,gesummv,4,EXTRALARGE,2.5088270402714077,0.005305666666666667,0.013310999999999998,tiramisu
exo,AllHints,gesummv,5,EXTRALARGE,2.491607911649092,0.0053423333333333335,0.013310999999999998,tiramisu
exo,ChooseHints,gesummv,1,EXTRALARGE,2.4997183098591544,0.005325,0.013310999999999998,tiramisu
exo,ChooseHints,gesummv,3,EXTRALARGE,2.497998248467409,0.0053286666666666664,0.013310999999999998,tiramisu
exo,ChooseHints,gesummv,4,EXTRALARGE,2.4969048958919524,0.005331,0.013310999999999998,tiramisu
exo,ChooseHints,gesummv,5,EXTRALARGE,2.4733973366367294,0.0053816666666666665,0.013310999999999998,tiramisu
exo,FromPlan,gesummv,2,EXTRALARGE,2.4571129707112966,0.005417333333333334,0.013310999999999998,tiramisu
exo,FromPlan,gesummv,3,EXTRALARGE,0.8559027777777776,0.015552000000000002,0.013310999999999998,tiramisu
exo,FromPlan,gesummv,5,EXTRALARGE,2.495656521467408,0.005333666666666667,0.013310999999999998,tiramisu
exo,Naive,gesummv,1,EXTRALARGE,2.4958124999999995,0.005333333333333333,0.013310999999999998,tiramisu
exo,Naive,gesummv,2,EXTRALARGE,2.455300049188391,0.0054213333333333336,0.013310999999999998,tiramisu
exo,Naive,gesummv,3,EXTRALARGE,2.484013436178153,0.005358666666666667,0.013310999999999998,tiramisu
exo,Naive,gesummv,4,EXTRALARGE,2.477540637796252,0.005372666666666667,0.013310999999999998,tiramisu
exo,Naive,gesummv,5,EXTRALARGE,0.4793877551020408,0.027766666666666665,0.013310999999999998,tiramisu
exo,standard,gesummv,1,EXTRALARGE,0.4801774827747916,0.027721,0.013310999999999998,tiramisu
exo,standard,gesummv,2,EXTRALARGE,0.4801082055906221,0.027725,0.013310999999999998,tiramisu
exo,standard,gesummv,3,EXTRALARGE,0.4800620319055575,0.027727666666666668,0.013310999999999998,tiramisu
exo,standard,gesummv,4,EXTRALARGE,0.4801948051948052,0.027719999999999998,0.013310999999999998,tiramisu
exo,standard,gesummv,5,EXTRALARGE,0.4799697111744131,0.027732999999999997,0.013310999999999998,tiramisu
halide,FromPlan,gesummv,1,EXTRALARGE,1.762346087647292,0.007553000000000001,0.013310999999999998,tiramisu
halide,Naive,gesummv,4,EXTRALARGE,1.4979181514685467,0.008886333333333335,0.013310999999999998,tiramisu
halide,Naive,gesummv,5,EXTRALARGE,1.5043511019024296,0.008848333333333333,0.013310999999999998,tiramisu
halide,standard,gesummv,1,EXTRALARGE,0.4795316721705193,0.027758333333333333,0.013310999999999998,tiramisu
halide,standard,gesummv,2,EXTRALARGE,0.5486281890997019,0.02426233333333333,0.013310999999999998,tiramisu
halide,standard,gesummv,3,EXTRALARGE,0.48149755832881164,0.027645,0.013310999999999998,tiramisu
halide,standard,gesummv,4,EXTRALARGE,0.4824166133104606,0.027592333333333333,0.013310999999999998,tiramisu
halide,standard,gesummv,5,EXTRALARGE,0.4816543638732088,0.027635999999999997,0.013310999999999998,tiramisu
noarr,AllHints,gesummv,1,EXTRALARGE,0.95460413080895,0.013944,0.013310999999999998,tiramisu
noarr,AllHints,gesummv,2,EXTRALARGE,2.4539421127020216,0.005424333333333333,0.013310999999999998,tiramisu
noarr,AllHints,gesummv,3,EXTRALARGE,0.9358785066441678,0.014223,0.013310999999999998,tiramisu
noarr,AllHints,gesummv,4,EXTRALARGE,0.9465487816440692,0.014062666666666668,0.013310999999999998,tiramisu
noarr,AllHints,gesummv,5,EXTRALARGE,1.6632512807697108,0.008003000000000001,0.013310999999999998,tiramisu
noarr,ChooseHints,gesummv,1,EXTRALARGE,1.7248930931709214,0.007716999999999999,0.013310999999999998,tiramisu
noarr,ChooseHints,gesummv,2,EXTRALARGE,0.9457865567713515,0.014073999999999998,0.013310999999999998,tiramisu
noarr,ChooseHints,gesummv,3,EXTRALARGE,1.7002895341905815,0.007828666666666666,0.013310999999999998,tiramisu
noarr,ChooseHints,gesummv,4,EXTRALARGE,1.7176222633231537,0.007749666666666666,0.013310999999999998,tiramisu
noarr,ChooseHints,gesummv,5,EXTRALARGE,0.9518735697940501,0.013984000000000002,0.013310999999999998,tiramisu
noarr,FromPlan,gesummv,1,EXTRALARGE,0.9491360254795236,0.014024333333333333,0.013310999999999998,tiramisu
noarr,FromPlan,gesummv,3,EXTRALARGE,0.9450479233226835,0.014085,0.013310999999999998,tiramisu
noarr,FromPlan,gesummv,4,EXTRALARGE,0.941816037735849,0.014133333333333333,0.013310999999999998,tiramisu
noarr,Naive,gesummv,1,EXTRALARGE,0.9292146596858638,0.014325,0.013310999999999998,tiramisu
noarr,Naive,gesummv,2,EXTRALARGE,0.9468629961587706,0.014058000000000001,0.013310999999999998,tiramisu
noarr,Naive,gesummv,3,EXTRALARGE,0.948076923076923,0.014039999999999999,0.013310999999999998,tiramisu
noarr,Naive,gesummv,4,EXTRALARGE,0.9459433850527061,0.014071666666666668,0.013310999999999998,tiramisu
noarr,Naive,gesummv,5,EXTRALARGE,0.9553349282296649,0.013933333333333334,0.013310999999999998,tiramisu
noarr,standard,gesummv,1,EXTRALARGE,0.5110704412818674,0.026045333333333334,0.013310999999999998,tiramisu
noarr,standard,gesummv,2,EXTRALARGE,0.5112601943487779,0.026035666666666665,0.013310999999999998,tiramisu
noarr,standard,gesummv,3,EXTRALARGE,0.5105477140227063,0.026072,0.013310999999999998,tiramisu
noarr,standard,gesummv,4,EXTRALARGE,0.5113060179257362,0.026033333333333335,0.013310999999999998,tiramisu
noarr,standard,gesummv,5,EXTRALARGE,0.5110966057441252,0.026044,0.013310999999999998,tiramisu
tiramisu,standard,gesummv,1,EXTRALARGE,1.0,0.013310999999999998,0.013310999999999998,tiramisu
c,ChooseHints,gramschmidt,1,EXTRALARGE,2.846081864860248,8.032001333333334,22.859733333333335,tiramisu
c,ChooseHints,gramschmidt,4,EXTRALARGE,2.8293656428820326,8.079455333333334,22.859733333333335,tiramisu
c,Naive,gramschmidt,1,EXTRALARGE,3.3387347011821933,6.846825333333332,22.859733333333335,tiramisu
c,standard,gramschmidt,1,EXTRALARGE,0.9814535037991124,23.291712999999998,22.859733333333335,tiramisu
tiramisu,standard,gramschmidt,1,EXTRALARGE,1.0,22.859733333333335,22.859733333333335,tiramisu
c,AllHints,heat-3d,1,EXTRALARGE,5.435966583681087,6.431907333333334,34.963633333333334,tiramisu
c,AllHints,heat-3d,3,EXTRALARGE,4.706282737077688,7.42914,34.963633333333334,tiramisu
c,AllHints,heat-3d,4,EXTRALARGE,2.8418660471421133,12.303054666666668,34.963633333333334,tiramisu
c,AllHints,heat-3d,5,EXTRALARGE,5.789083567621148,6.03958,34.963633333333334,tiramisu
c,ChooseHints,heat-3d,1,EXTRALARGE,2.5076984534382443,13.942518999999999,34.963633333333334,tiramisu
c,ChooseHints,heat-3d,2,EXTRALARGE,2.364113280196048,14.789322333333333,34.963633333333334,tiramisu
c,ChooseHints,heat-3d,3,EXTRALARGE,2.611341749852835,13.389145,34.963633333333334,tiramisu
c,ChooseHints,heat-3d,4,EXTRALARGE,5.050651499080596,6.922598666666667,34.963633333333334,tiramisu
c,ChooseHints,heat-3d,5,EXTRALARGE,2.2374359259757854,15.626652333333334,34.963633333333334,tiramisu
c,FromPlan,heat-3d,1,EXTRALARGE,1.0197675712105976,34.28588466666667,34.963633333333334,tiramisu
c,FromPlan,heat-3d,2,EXTRALARGE,0.7871286796965099,44.419209,34.963633333333334,tiramisu
c,FromPlan,heat-3d,3,EXTRALARGE,0.5360703401658845,65.2221,34.963633333333334,tiramisu
c,FromPlan,heat-3d,4,EXTRALARGE,0.8130711070122778,43.001937999999996,34.963633333333334,tiramisu
c,FromPlan,heat-3d,5,EXTRALARGE,0.6809703182199125,51.34384333333333,34.963633333333334,tiramisu
c,Naive,heat-3d,1,EXTRALARGE,2.4115894721331372,14.498169666666668,34.963633333333334,tiramisu
c,Naive,heat-3d,2,EXTRALARGE,1.4345253718847586,24.372962666666666,34.963633333333334,tiramisu
c,Naive,heat-3d,3,EXTRALARGE,1.3489249665671643,25.919628,34.963633333333334,tiramisu
c,Naive,heat-3d,5,EXTRALARGE,1.1893704912966245,29.39675533333333,34.963633333333334,tiramisu
c,standard,heat-3d,1,EXTRALARGE,1.147692638403252,30.464283,34.963633333333334,tiramisu
exo,AllHints,heat-3d,1,EXTRALARGE,2.611403577171455,13.388827999999998,34.963633333333334,tiramisu
exo,AllHints,heat-3d,3,EXTRALARGE,2.673566954027405,13.077523,34.963633333333334,tiramisu
exo,ChooseHints,heat-3d,3,EXTRALARGE,2.6539573671683465,13.174150333333335,34.963633333333334,tiramisu
exo,ChooseHints,heat-3d,4,EXTRALARGE,2.4519373329560437,14.259595,34.963633333333334,tiramisu
exo,Naive,heat-3d,2,EXTRALARGE,3.4546154570730905,10.120846666666667,34.963633333333334,tiramisu
exo,Naive,heat-3d,3,EXTRALARGE,2.4524222705246626,14.256775333333332,34.963633333333334,tiramisu
exo,Naive,heat-3d,4,EXTRALARGE,2.562216514940081,13.645854333333332,34.963633333333334,tiramisu
exo,standard,heat-3d,1,EXTRALARGE,1.0806960756345998,32.352882666666666,34.963633333333334,tiramisu
exo,standard,heat-3d,2,EXTRALARGE,1.122946851046484,31.135608333333334,34.963633333333334,tiramisu
exo,standard,heat-3d,3,EXTRALARGE,1.102838682833098,31.703307,34.963633333333334,tiramisu
exo,standard,heat-3d,4,EXTRALARGE,1.1154452654673148,31.345001333333332,34.963633333333334,tiramisu
exo,standard,heat-3d,5,EXTRALARGE,1.107380752380059,31.573271666666667,34.963633333333334,tiramisu
halide,AllHints,heat-3d,1,EXTRALARGE,2.74516093312268,12.736460333333333,34.963633333333334,tiramisu
halide,AllHints,heat-3d,2,EXTRALARGE,2.724075137808867,12.835047333333334,34.963633333333334,tiramisu
halide,AllHints,heat-3d,3,EXTRALARGE,2.7775690227526737,12.587854,34.963633333333334,tiramisu
halide,AllHints,heat-3d,4,EXTRALARGE,0.11686141433652755,299.18886,34.963633333333334,tiramisu
halide,AllHints,heat-3d,5,EXTRALARGE,1.965312098776424,17.790372,34.963633333333334,tiramisu
halide,ChooseHints,heat-3d,1,EXTRALARGE,2.7894161274790266,12.534391333333332,34.963633333333334,tiramisu
halide,ChooseHints,heat-3d,2,EXTRALARGE,2.7755714025295246,12.596913666666666,34.963633333333334,tiramisu
halide,ChooseHints,heat-3d,3,EXTRALARGE,3.2626045675387725,10.716479,34.963633333333334,tiramisu
halide,ChooseHints,heat-3d,4,EXTRALARGE,2.6960649433264456,12.968394333333334,34.963633333333334,tiramisu
halide,ChooseHints,heat-3d,5,EXTRALARGE,0.12377688563941353,282.47304133333336,34.963633333333334,tiramisu
halide,FromPlan,heat-3d,1,EXTRALARGE,2.823031769075668,12.385136333333334,34.963633333333334,tiramisu
halide,FromPlan,heat-3d,2,EXTRALARGE,3.27439677818854,10.677885333333334,34.963633333333334,tiramisu
halide,FromPlan,heat-3d,4,EXTRALARGE,3.909826873576205,8.942501666666667,34.963633333333334,tiramisu
halide,FromPlan,heat-3d,5,EXTRALARGE,1.936889555642127,18.051433666666668,34.963633333333334,tiramisu
halide,Naive,heat-3d,1,EXTRALARGE,2.8210842515271013,12.393686333333335,34.963633333333334,tiramisu
halide,Naive,heat-3d,2,EXTRALARGE,2.713230851050621,12.886346666666668,34.963633333333334,tiramisu
halide,Naive,heat-3d,3,EXTRALARGE,1.6520452440736122,21.163847333333333,34.963633333333334,tiramisu
halide,Naive,heat-3d,5,EXTRALARGE,2.8100709463821953,12.44226,34.963633333333334,tiramisu
halide,standard,heat-3d,1,EXTRALARGE,0.45074305487360494,77.56887866666666,34.963633333333334,tiramisu
halide,standard,heat-3d,2,EXTRALARGE,0.48373400152525475,72.27863500000001,34.963633333333334,tiramisu
halide,standard,heat-3d,3,EXTRALARGE,0.37026095329654396,94.42970700000001,34.963633333333334,tiramisu
halide,standard,heat-3d,4,EXTRALARGE,0.8553915603840833,40.87441933333333,34.963633333333334,tiramisu
noarr,AllHints,heat-3d,2,EXTRALARGE,2.4104421230901965,14.505070666666667,34.963633333333334,tiramisu
noarr,AllHints,heat-3d,3,EXTRALARGE,1.8374887334562835,19.027944333333334,34.963633333333334,tiramisu
noarr,AllHints,heat-3d,4,EXTRALARGE,2.520663059666988,13.870807999999998,34.963633333333334,tiramisu
noarr,AllHints,heat-3d,5,EXTRALARGE,1.9271557189458306,18.142609333333333,34.963633333333334,tiramisu
noarr,ChooseHints,heat-3d,1,EXTRALARGE,1.1349072309751949,30.80748133333333,34.963633333333334,tiramisu
noarr,ChooseHints,heat-3d,2,EXTRALARGE,1.1335571537444349,30.844173333333334,34.963633333333334,tiramisu
noarr,ChooseHints,heat-3d,3,EXTRALARGE,1.140127066391924,30.66643566666667,34.963633333333334,tiramisu
noarr,ChooseHints,heat-3d,4,EXTRALARGE,1.140054796286977,30.668379666666667,34.963633333333334,tiramisu
noarr,ChooseHints,heat-3d,5,EXTRALARGE,1.1494190650945093,30.418525666666667,34.963633333333334,tiramisu
noarr,FromPlan,heat-3d,1,EXTRALARGE,0.7809897134358966,44.76836599999999,34.963633333333334,tiramisu
noarr,FromPlan,heat-3d,2,EXTRALARGE,0.566582651032656,61.70967866666666,34.963633333333334,tiramisu
noarr,FromPlan,heat-3d,3,EXTRALARGE,1.2962962825646076,26.971946,34.963633333333334,tiramisu
noarr,FromPlan,heat-3d,4,EXTRALARGE,0.540357741677421,64.70460333333334,34.963633333333334,tiramisu
noarr,FromPlan,heat-3d,5,EXTRALARGE,0.5846465453738846,59.80302733333334,34.963633333333334,tiramisu
noarr,Naive,heat-3d,1,EXTRALARGE,1.970026775906898,17.747795999999997,34.963633333333334,tiramisu
noarr,Naive,heat-3d,2,EXTRALARGE,1.14420634197295,30.557104999999996,34.963633333333334,tiramisu
noarr,Naive,heat-3d,3,EXTRALARGE,1.1740797955719515,29.77960566666667,34.963633333333334,tiramisu
noarr,Naive,heat-3d,4,EXTRALARGE,1.2380756713289396,28.240304,34.963633333333334,tiramisu
noarr,standard,heat-3d,1,EXTRALARGE,1.1404628484557622,30.657406666666663,34.963633333333334,tiramisu
noarr,standard,heat-3d,2,EXTRALARGE,1.146531088952855,30.495146333333334,34.963633333333334,tiramisu
noarr,standard,heat-3d,3,EXTRALARGE,1.1124637656934901,31.429008666666665,34.963633333333334,tiramisu
noarr,standard,heat-3d,4,EXTRALARGE,1.1563796268362219,30.235428333333335,34.963633333333334,tiramisu
noarr,standard,heat-3d,5,EXTRALARGE,1.1712849054898218,29.850665000000003,34.963633333333334,tiramisu
tiramisu,standard,heat-3d,1,EXTRALARGE,1.0,34.963633333333334,34.963633333333334,tiramisu
c,AllHints,jacobi-1d,1,EXTRALARGE,0.2854810349158503,0.018578,0.0053036666666666675,tiramisu
c,AllHints,jacobi-1d,2,EXTRALARGE,0.36069550235763514,0.014704,0.0053036666666666675,tiramisu
c,AllHints,jacobi-1d,4,EXTRALARGE,0.35829936721688027,0.014802333333333334,0.0053036666666666675,tiramisu
c,AllHints,jacobi-1d,5,EXTRALARGE,0.29199317318456264,0.018163666666666665,0.0053036666666666675,tiramisu
c,ChooseHints,jacobi-1d,2,EXTRALARGE,0.30219174960115475,0.01755066666666667,0.0053036666666666675,tiramisu
c,ChooseHints,jacobi-1d,3,EXTRALARGE,0.31767360140558243,0.016695333333333333,0.0053036666666666675,tiramisu
c,ChooseHints,jacobi-1d,4,EXTRALARGE,0.30262857577601954,0.017525333333333334,0.0053036666666666675,tiramisu
c,ChooseHints,jacobi-1d,5,EXTRALARGE,0.2924493622026983,0.018135333333333333,0.0053036666666666675,tiramisu
c,FromPlan,jacobi-1d,2,EXTRALARGE,0.34497636702658174,0.015373999999999999,0.0053036666666666675,tiramisu
c,FromPlan,jacobi-1d,3,EXTRALARGE,0.30140178064027284,0.017596666666666667,0.0053036666666666675,tiramisu
c,FromPlan,jacobi-1d,4,EXTRALARGE,0.29701879818551774,0.017856333333333335,0.0053036666666666675,tiramisu
c,FromPlan,jacobi-1d,5,EXTRALARGE,0.29447909533416006,0.018010333333333333,0.0053036666666666675,tiramisu
c,Naive,jacobi-1d,2,EXTRALARGE,0.463350709106264,0.011446333333333334,0.0053036666666666675,tiramisu
c,Naive,jacobi-1d,3,EXTRALARGE,1.4399095022624435,0.0036833333333333336,0.0053036666666666675,tiramisu
c,Naive,jacobi-1d,4,EXTRALARGE,1.4465860532775707,0.0036663333333333335,0.0053036666666666675,tiramisu
c,Naive,jacobi-1d,5,EXTRALARGE,1.4467175850154574,0.0036660000000000004,0.0053036666666666675,tiramisu
c,standard,jacobi-1d,1,EXTRALARGE,1.2319783197831982,0.004305,0.0053036666666666675,tiramisu
exo,AllHints,jacobi-1d,1,EXTRALARGE,0.09599570429630704,0.055249,0.0053036666666666675,tiramisu
exo,AllHints,jacobi-1d,2,EXTRALARGE,0.09521900190904795,0.05569966666666667,0.0053036666666666675,tiramisu
exo,AllHints,jacobi-1d,3,EXTRALARGE,0.09506709845488331,0.055788666666666674,0.0053036666666666675,tiramisu
exo,AllHints,jacobi-1d,4,EXTRALARGE,0.09539655131064587,0.055596,0.0053036666666666675,tiramisu
exo,AllHints,jacobi-1d,5,EXTRALARGE,0.09493096905838694,0.05586866666666667,0.0053036666666666675,tiramisu
exo,ChooseHints,jacobi-1d,1,EXTRALARGE,0.096777529074011,0.054802666666666666,0.0053036666666666675,tiramisu
exo,ChooseHints,jacobi-1d,3,EXTRALARGE,0.09325237511941534,0.05687433333333333,0.0053036666666666675,tiramisu
exo,ChooseHints,jacobi-1d,4,EXTRALARGE,0.09594071465611849,0.055280666666666665,0.0053036666666666675,tiramisu
exo,ChooseHints,jacobi-1d,5,EXTRALARGE,0.09551853519435692,0.055525,0.0053036666666666675,tiramisu
exo,FromPlan,jacobi-1d,1,EXTRALARGE,0.09579688243191987,0.055363666666666665,0.0053036666666666675,tiramisu
exo,FromPlan,jacobi-1d,4,EXTRALARGE,0.10609667460174572,0.049989000000000006,0.0053036666666666675,tiramisu
exo,Naive,jacobi-1d,1,EXTRALARGE,0.09366078208607304,0.056626333333333334,0.0053036666666666675,tiramisu
exo,Naive,jacobi-1d,2,EXTRALARGE,0.09496609845771858,0.055848,0.0053036666666666675,tiramisu
exo,Naive,jacobi-1d,5,EXTRALARGE,0.09419642064257933,0.05630433333333334,0.0053036666666666675,tiramisu
exo,standard,jacobi-1d,1,EXTRALARGE,1.2246767241379313,0.004330666666666667,0.0053036666666666675,tiramisu
exo,standard,jacobi-1d,2,EXTRALARGE,1.2321691318825991,0.004304333333333334,0.0053036666666666675,tiramisu
exo,standard,jacobi-1d,3,EXTRALARGE,1.2242055859044398,0.004332333333333333,0.0053036666666666675,tiramisu
exo,standard,jacobi-1d,4,EXTRALARGE,1.2298832805132567,0.004312333333333334,0.0053036666666666675,tiramisu
exo,standard,jacobi-1d,5,EXTRALARGE,1.0220323741007196,0.005189333333333333,0.0053036666666666675,tiramisu
halide,AllHints,jacobi-1d,3,EXTRALARGE,0.37927582179209085,0.013983666666666667,0.0053036666666666675,tiramisu
halide,AllHints,jacobi-1d,4,EXTRALARGE,0.45169623846699797,0.011741666666666666,0.0053036666666666675,tiramisu
halide,AllHints,jacobi-1d,5,EXTRALARGE,0.3132764968792456,0.016929666666666666,0.0053036666666666675,tiramisu
halide,ChooseHints,jacobi-1d,3,EXTRALARGE,0.0015640662103995906,3.390947666666667,0.0053036666666666675,tiramisu
halide,ChooseHints,jacobi-1d,4,EXTRALARGE,0.3256047149347195,0.016288666666666667,0.0053036666666666675,tiramisu
halide,FromPlan,jacobi-1d,1,EXTRALARGE,0.08112228249785866,0.06537866666666665,0.0053036666666666675,tiramisu
halide,FromPlan,jacobi-1d,4,EXTRALARGE,0.2741526956941262,0.019345666666666667,0.0053036666666666675,tiramisu
halide,FromPlan,jacobi-1d,5,EXTRALARGE,0.33561846101923726,0.01580266666666667,0.0053036666666666675,tiramisu
halide,Naive,jacobi-1d,1,EXTRALARGE,0.09759613320329513,0.054343,0.0053036666666666675,tiramisu
halide,Naive,jacobi-1d,3,EXTRALARGE,0.1324735444228896,0.040035666666666664,0.0053036666666666675,tiramisu
halide,Naive,jacobi-1d,4,EXTRALARGE,0.32394738985259386,0.016372,0.0053036666666666675,tiramisu
halide,Naive,jacobi-1d,5,EXTRALARGE,0.18048072233124243,0.029386333333333334,0.0053036666666666675,tiramisu
halide,standard,jacobi-1d,2,EXTRALARGE,0.9948727568311138,0.005331,0.0053036666666666675,tiramisu
noarr,AllHints,jacobi-1d,1,EXTRALARGE,0.08513609682752865,0.062296333333333336,0.0053036666666666675,tiramisu
noarr,AllHints,jacobi-1d,2,EXTRALARGE,1.5237502394177362,0.0034806666666666666,0.0053036666666666675,tiramisu
noarr,AllHints,jacobi-1d,3,EXTRALARGE,1.528581035642233,0.0034696666666666665,0.0053036666666666675,tiramisu
noarr,AllHints,jacobi-1d,4,EXTRALARGE,0.09086703749814395,0.058367333333333334,0.0053036666666666675,tiramisu
noarr,AllHints,jacobi-1d,5,EXTRALARGE,1.5238961785269614,0.003480333333333333,0.0053036666666666675,tiramisu
noarr,ChooseHints,jacobi-1d,1,EXTRALARGE,0.08983378125070578,0.05903866666666666,0.0053036666666666675,tiramisu
noarr,ChooseHints,jacobi-1d,2,EXTRALARGE,0.7346816271875146,0.007219,0.0053036666666666675,tiramisu
noarr,ChooseHints,jacobi-1d,3,EXTRALARGE,0.08579809864813129,0.061815666666666665,0.0053036666666666675,tiramisu
noarr,ChooseHints,jacobi-1d,4,EXTRALARGE,0.08711577840803321,0.060880666666666666,0.0053036666666666675,tiramisu
noarr,ChooseHints,jacobi-1d,5,EXTRALARGE,0.2532872743481168,0.020939333333333334,0.0053036666666666675,tiramisu
noarr,FromPlan,jacobi-1d,1,EXTRALARGE,1.1027098205003814,0.004809666666666667,0.0053036666666666675,tiramisu
noarr,FromPlan,jacobi-1d,2,EXTRALARGE,1.5151890296162274,0.003500333333333333,0.0053036666666666675,tiramisu
noarr,FromPlan,jacobi-1d,3,EXTRALARGE,0.3592945533375486,0.014761333333333333,0.0053036666666666675,tiramisu
noarr,FromPlan,jacobi-1d,4,EXTRALARGE,1.0925633454645336,0.004854333333333333,0.0053036666666666675,tiramisu
noarr,FromPlan,jacobi-1d,5,EXTRALARGE,1.0973103448275865,0.004833333333333333,0.0053036666666666675,tiramisu
noarr,Naive,jacobi-1d,1,EXTRALARGE,0.08960309057734328,0.05919066666666667,0.0053036666666666675,tiramisu
noarr,Naive,jacobi-1d,3,EXTRALARGE,0.0705606357597098,0.07516466666666667,0.0053036666666666675,tiramisu
noarr,Naive,jacobi-1d,4,EXTRALARGE,0.8025725094577555,0.006608333333333333,0.0053036666666666675,tiramisu
noarr,Naive,jacobi-1d,5,EXTRALARGE,0.816576853990249,0.006495,0.0053036666666666675,tiramisu
noarr,standard,jacobi-1d,1,EXTRALARGE,1.5237502394177362,0.0034806666666666666,0.0053036666666666675,tiramisu
noarr,standard,jacobi-1d,2,EXTRALARGE,1.5244802146210599,0.003479,0.0053036666666666675,tiramisu
noarr,standard,jacobi-1d,3,EXTRALARGE,1.5227294477940476,0.003483,0.0053036666666666675,tiramisu
noarr,standard,jacobi-1d,4,EXTRALARGE,1.5230209629558726,0.0034823333333333334,0.0053036666666666675,tiramisu
noarr,standard,jacobi-1d,5,EXTRALARGE,1.5250646985526697,0.0034776666666666667,0.0053036666666666675,tiramisu
tiramisu,standard,jacobi-1d,1,EXTRALARGE,1.0,0.0053036666666666675,0.0053036666666666675,tiramisu
c,AllHints,jacobi-2d,1,EXTRALARGE,3.840658457847385,5.914749666666666,22.71653333333333,tiramisu
c,AllHints,jacobi-2d,2,EXTRALARGE,3.6074715488456364,6.297079,22.71653333333333,tiramisu
c,AllHints,jacobi-2d,3,EXTRALARGE,3.436233023446995,6.610882666666666,22.71653333333333,tiramisu
c,AllHints,jacobi-2d,4,EXTRALARGE,3.4871049020437574,6.514439333333333,22.71653333333333,tiramisu
c,AllHints,jacobi-2d,5,EXTRALARGE,3.8845333220245144,5.847944000000001,22.71653333333333,tiramisu
c,ChooseHints,jacobi-2d,1,EXTRALARGE,3.5763149686164053,6.351938666666666,22.71653333333333,tiramisu
c,ChooseHints,jacobi-2d,2,EXTRALARGE,3.6492026351734967,6.225067666666667,22.71653333333333,tiramisu
c,ChooseHints,jacobi-2d,3,EXTRALARGE,4.103447464033509,5.535963,22.71653333333333,tiramisu
c,ChooseHints,jacobi-2d,4,EXTRALARGE,4.218008768805837,5.385606,22.71653333333333,tiramisu
c,ChooseHints,jacobi-2d,5,EXTRALARGE,3.4889410159702283,6.511011,22.71653333333333,tiramisu
c,FromPlan,jacobi-2d,1,EXTRALARGE,0.35814977217678107,63.42746833333334,22.71653333333333,tiramisu
c,FromPlan,jacobi-2d,2,EXTRALARGE,0.4072294594495852,55.78312866666667,22.71653333333333,tiramisu
c,FromPlan,jacobi-2d,3,EXTRALARGE,3.1691403622597476,7.1680426666666675,22.71653333333333,tiramisu
c,FromPlan,jacobi-2d,4,EXTRALARGE,0.3500109361725811,64.902353,22.71653333333333,tiramisu
c,FromPlan,jacobi-2d,5,EXTRALARGE,2.927170161502139,7.760578333333332,22.71653333333333,tiramisu
c,Naive,jacobi-2d,1,EXTRALARGE,1.4344668045067905,15.836221,22.71653333333333,tiramisu
c,Naive,jacobi-2d,2,EXTRALARGE,1.095575690545491,20.734791333333334,22.71653333333333,tiramisu
c,Naive,jacobi-2d,3,EXTRALARGE,1.1012014784593223,20.628861999999998,22.71653333333333,tiramisu
c,Naive,jacobi-2d,4,EXTRALARGE,3.565333164944685,6.3715036666666665,22.71653333333333,tiramisu
c,standard,jacobi-2d,1,EXTRALARGE,1.1159504910694042,20.356219666666664,22.71653333333333,tiramisu
exo,AllHints,jacobi-2d,2,EXTRALARGE,3.6739602348480322,6.1831190000000005,22.71653333333333,tiramisu
exo,AllHints,jacobi-2d,3,EXTRALARGE,3.687437041986113,6.160521,22.71653333333333,tiramisu
exo,ChooseHints,jacobi-2d,1,EXTRALARGE,3.4855744702854694,6.517299666666666,22.71653333333333,tiramisu
exo,ChooseHints,jacobi-2d,2,EXTRALARGE,3.5078678102056853,6.475880666666666,22.71653333333333,tiramisu
exo,ChooseHints,jacobi-2d,4,EXTRALARGE,3.7891981364708704,5.995076666666667,22.71653333333333,tiramisu
exo,Naive,jacobi-2d,3,EXTRALARGE,3.4577822603211343,6.569683,22.71653333333333,tiramisu
exo,standard,jacobi-2d,1,EXTRALARGE,1.1026216386891703,20.602292333333335,22.71653333333333,tiramisu
exo,standard,jacobi-2d,2,EXTRALARGE,1.1065570523056594,20.529021333333333,22.71653333333333,tiramisu
exo,standard,jacobi-2d,3,EXTRALARGE,1.10542133434173,20.550113,22.71653333333333,tiramisu
exo,standard,jacobi-2d,4,EXTRALARGE,1.1045038934841633,20.567182666666668,22.71653333333333,tiramisu
exo,standard,jacobi-2d,5,EXTRALARGE,1.103574499594039,20.584503666666667,22.71653333333333,tiramisu
halide,AllHints,jacobi-2d,2,EXTRALARGE,2.9979841462676435,7.577269333333334,22.71653333333333,tiramisu
halide,AllHints,jacobi-2d,3,EXTRALARGE,2.9789414052118444,7.625706666666667,22.71653333333333,tiramisu
halide,AllHints,jacobi-2d,4,EXTRALARGE,3.0280485585426744,7.502037333333334,22.71653333333333,tiramisu
halide,ChooseHints,jacobi-2d,1,EXTRALARGE,2.5813023150005,8.800415666666666,22.71653333333333,tiramisu
halide,ChooseHints,jacobi-2d,2,EXTRALARGE,3.046831846308226,7.4557883333333335,22.71653333333333,tiramisu
halide,ChooseHints,jacobi-2d,3,EXTRALARGE,2.477812540073808,9.167979,22.71653333333333,tiramisu
halide,ChooseHints,jacobi-2d,4,EXTRALARGE,3.0267568205800415,7.505239,22.71653333333333,tiramisu
halide,FromPlan,jacobi-2d,1,EXTRALARGE,2.966857073400997,7.656766999999999,22.71653333333333,tiramisu
halide,FromPlan,jacobi-2d,2,EXTRALARGE,3.0696371199184758,7.400397000000001,22.71653333333333,tiramisu
halide,FromPlan,jacobi-2d,3,EXTRALARGE,2.9325635097367053,7.746305666666667,22.71653333333333,tiramisu
halide,FromPlan,jacobi-2d,4,EXTRALARGE,2.555231857625469,8.890204333333335,22.71653333333333,tiramisu
halide,FromPlan,jacobi-2d,5,EXTRALARGE,0.9804166275780485,23.17028566666667,22.71653333333333,tiramisu
halide,Naive,jacobi-2d,1,EXTRALARGE,3.096039059294697,7.337289000000001,22.71653333333333,tiramisu
halide,Naive,jacobi-2d,3,EXTRALARGE,2.7152426088490973,8.366299666666666,22.71653333333333,tiramisu
halide,Naive,jacobi-2d,4,EXTRALARGE,2.7249801173247774,8.336403333333333,22.71653333333333,tiramisu
halide,Naive,jacobi-2d,5,EXTRALARGE,2.594879874062106,8.754368,22.71653333333333,tiramisu
halide,standard,jacobi-2d,3,EXTRALARGE,0.3556808830757968,63.86773766666667,22.71653333333333,tiramisu
halide,standard,jacobi-2d,4,EXTRALARGE,0.8010956655015817,28.35682966666667,22.71653333333333,tiramisu
halide,standard,jacobi-2d,5,EXTRALARGE,0.35236281022463706,64.469157,22.71653333333333,tiramisu
noarr,AllHints,jacobi-2d,1,EXTRALARGE,3.4329865753065407,6.6171343333333335,22.71653333333333,tiramisu
noarr,AllHints,jacobi-2d,2,EXTRALARGE,3.5613480421615913,6.378633333333333,22.71653333333333,tiramisu
noarr,AllHints,jacobi-2d,3,EXTRALARGE,3.6980598610606603,6.142824666666667,22.71653333333333,tiramisu
noarr,AllHints,jacobi-2d,4,EXTRALARGE,3.4738421970266793,6.539310666666666,22.71653333333333,tiramisu
noarr,AllHints,jacobi-2d,5,EXTRALARGE,3.52419718161859,6.445874666666666,22.71653333333333,tiramisu
noarr,ChooseHints,jacobi-2d,1,EXTRALARGE,1.103348786027504,20.588714666666664,22.71653333333333,tiramisu
noarr,ChooseHints,jacobi-2d,2,EXTRALARGE,2.9950358582388246,7.5847283333333335,22.71653333333333,tiramisu
noarr,ChooseHints,jacobi-2d,3,EXTRALARGE,1.1102854745622572,20.460083333333333,22.71653333333333,tiramisu
noarr,ChooseHints,jacobi-2d,4,EXTRALARGE,3.4714927644038633,6.5437363333333325,22.71653333333333,tiramisu
noarr,ChooseHints,jacobi-2d,5,EXTRALARGE,3.534967727344756,6.426235000000001,22.71653333333333,tiramisu
noarr,FromPlan,jacobi-2d,1,EXTRALARGE,0.40616848812896633,55.928842333333336,22.71653333333333,tiramisu
noarr,FromPlan,jacobi-2d,2,EXTRALARGE,0.3988070478835773,56.96121333333334,22.71653333333333,tiramisu
noarr,FromPlan,jacobi-2d,3,EXTRALARGE,0.38849301228082356,58.473467,22.71653333333333,tiramisu
noarr,FromPlan,jacobi-2d,4,EXTRALARGE,0.36384914419482806,62.43393366666667,22.71653333333333,tiramisu
noarr,FromPlan,jacobi-2d,5,EXTRALARGE,0.35984590943381956,63.12850233333333,22.71653333333333,tiramisu
noarr,Naive,jacobi-2d,1,EXTRALARGE,3.4061052959025733,6.669357333333333,22.71653333333333,tiramisu
noarr,Naive,jacobi-2d,2,EXTRALARGE,0.33829853423940554,67.14936966666666,22.71653333333333,tiramisu
noarr,Naive,jacobi-2d,3,EXTRALARGE,3.5714135984296798,6.360656,22.71653333333333,tiramisu
noarr,Naive,jacobi-2d,5,EXTRALARGE,0.17461288940728453,130.09654333333333,22.71653333333333,tiramisu
noarr,standard,jacobi-2d,1,EXTRALARGE,1.0970678448122986,20.706589333333334,22.71653333333333,tiramisu
noarr,standard,jacobi-2d,2,EXTRALARGE,1.1167246815234908,20.34210733333333,22.71653333333333,tiramisu
noarr,standard,jacobi-2d,3,EXTRALARGE,1.1010090714471192,20.632467000000002,22.71653333333333,tiramisu
noarr,standard,jacobi-2d,4,EXTRALARGE,1.0973332937657687,20.701580333333336,22.71653333333333,tiramisu
noarr,standard,jacobi-2d,5,EXTRALARGE,1.0974939645127146,20.69854966666667,22.71653333333333,tiramisu
tiramisu,standard,jacobi-2d,1,EXTRALARGE,1.0,22.71653333333333,22.71653333333333,tiramisu
c,AllHints,lu,1,EXTRALARGE,1.7154650479540376,30.250980666666667,51.8945,tiramisu
c,AllHints,lu,2,EXTRALARGE,1.7592320627480282,29.498382333333335,51.8945,tiramisu
c,AllHints,lu,3,EXTRALARGE,2.015637306546606,25.745951333333334,51.8945,tiramisu
c,AllHints,lu,4,EXTRALARGE,1.6904365571532787,30.698874666666665,51.8945,tiramisu
c,AllHints,lu,5,EXTRALARGE,1.7238243658668524,30.104285,51.8945,tiramisu
c,ChooseHints,lu,1,EXTRALARGE,1.2065382611666644,43.01106866666667,51.8945,tiramisu
c,ChooseHints,lu,2,EXTRALARGE,1.6995054024291487,30.535060333333334,51.8945,tiramisu
c,ChooseHints,lu,3,EXTRALARGE,1.7151062574665843,30.257309000000003,51.8945,tiramisu
c,ChooseHints,lu,4,EXTRALARGE,1.7321080146222767,29.960314,51.8945,tiramisu
c,ChooseHints,lu,5,EXTRALARGE,1.9072549056744728,27.209000666666668,51.8945,tiramisu
c,FromPlan,lu,1,EXTRALARGE,1.7038536663380337,30.457134333333332,51.8945,tiramisu
c,FromPlan,lu,2,EXTRALARGE,1.7724982875703836,29.277602333333334,51.8945,tiramisu
c,FromPlan,lu,3,EXTRALARGE,1.4604141359206748,35.534098666666665,51.8945,tiramisu
c,FromPlan,lu,4,EXTRALARGE,1.1012715474464803,47.122347,51.8945,tiramisu
c,FromPlan,lu,5,EXTRALARGE,3.6958087342331947,14.041446333333333,51.8945,tiramisu
c,Naive,lu,1,EXTRALARGE,1.6940611900340385,30.633191,51.8945,tiramisu
c,Naive,lu,2,EXTRALARGE,1.699452585094398,30.536009333333336,51.8945,tiramisu
c,Naive,lu,3,EXTRALARGE,1.7138155327333278,30.28009666666667,51.8945,tiramisu
c,Naive,lu,4,EXTRALARGE,1.7040019273352116,30.45448433333333,51.8945,tiramisu
c,Naive,lu,5,EXTRALARGE,1.7203536891640507,30.165018000000003,51.8945,tiramisu
c,standard,lu,1,EXTRALARGE,1.0217131945563258,50.791651,51.8945,tiramisu
exo,AllHints,lu,1,EXTRALARGE,1.6779118976594183,30.928024333333337,51.8945,tiramisu
exo,AllHints,lu,2,EXTRALARGE,1.5397577774539253,33.70302833333333,51.8945,tiramisu
exo,AllHints,lu,3,EXTRALARGE,1.5760442688410299,32.92705733333333,51.8945,tiramisu
exo,AllHints,lu,4,EXTRALARGE,0.24168697166239256,214.71782133333332,51.8945,tiramisu
exo,AllHints,lu,5,EXTRALARGE,1.3791490864472193,37.62791166666667,51.8945,tiramisu
exo,ChooseHints,lu,1,EXTRALARGE,1.5752596304526822,32.94345833333333,51.8945,tiramisu
exo,ChooseHints,lu,2,EXTRALARGE,1.7857529573689057,29.060290666666663,51.8945,tiramisu
exo,ChooseHints,lu,3,EXTRALARGE,0.9923847845207722,52.292720333333335,51.8945,tiramisu
exo,FromPlan,lu,3,EXTRALARGE,1.0659904462343297,48.68195599999999,51.8945,tiramisu
exo,Naive,lu,1,EXTRALARGE,2.1185557305072624,24.495225333333334,51.8945,tiramisu
exo,Naive,lu,2,EXTRALARGE,1.5963877739707648,32.507452666666666,51.8945,tiramisu
exo,Naive,lu,3,EXTRALARGE,1.5593801110606653,33.278929000000005,51.8945,tiramisu
exo,Naive,lu,4,EXTRALARGE,1.5389330838936521,33.72108933333333,51.8945,tiramisu
exo,Naive,lu,5,EXTRALARGE,1.5877861278138692,32.683558,51.8945,tiramisu
exo,standard,lu,1,EXTRALARGE,1.0019917356076147,51.79134533333333,51.8945,tiramisu
exo,standard,lu,2,EXTRALARGE,0.999294597832025,51.93113233333333,51.8945,tiramisu
exo,standard,lu,3,EXTRALARGE,0.9945693123938865,52.17786166666667,51.8945,tiramisu
exo,standard,lu,4,EXTRALARGE,0.9980747040967038,51.994605,51.8945,tiramisu
exo,standard,lu,5,EXTRALARGE,0.9933317406438761,52.242869000000006,51.8945,tiramisu
halide,ChooseHints,lu,2,EXTRALARGE,0.8729056475529466,59.450297,51.8945,tiramisu
halide,ChooseHints,lu,4,EXTRALARGE,0.8181046697145601,63.43259233333333,51.8945,tiramisu
halide,ChooseHints,lu,5,EXTRALARGE,0.7095305387442978,73.13920566666667,51.8945,tiramisu
halide,FromPlan,lu,5,EXTRALARGE,0.7883234023848363,65.82894766666666,51.8945,tiramisu
halide,standard,lu,1,EXTRALARGE,0.7754541562237817,66.92142866666667,51.8945,tiramisu
halide,standard,lu,5,EXTRALARGE,0.7986855802391859,64.97488033333333,51.8945,tiramisu
noarr,AllHints,lu,1,EXTRALARGE,1.0184713432923522,50.95332366666667,51.8945,tiramisu
noarr,AllHints,lu,2,EXTRALARGE,1.0144902613502882,51.153275666666666,51.8945,tiramisu
noarr,AllHints,lu,3,EXTRALARGE,1.6401582885729156,31.639934,51.8945,tiramisu
noarr,AllHints,lu,4,EXTRALARGE,1.0234228737876798,50.706801000000006,51.8945,tiramisu
noarr,AllHints,lu,5,EXTRALARGE,1.6304713583793715,31.827912666666666,51.8945,tiramisu
noarr,ChooseHints,lu,1,EXTRALARGE,1.0190829865367423,50.922742,51.8945,tiramisu
noarr,ChooseHints,lu,2,EXTRALARGE,1.029532774566012,50.40587466666667,51.8945,tiramisu
noarr,ChooseHints,lu,3,EXTRALARGE,1.0198612731612637,50.883881333333335,51.8945,tiramisu
noarr,ChooseHints,lu,5,EXTRALARGE,1.0176727569669388,50.99330766666666,51.8945,tiramisu
noarr,FromPlan,lu,1,EXTRALARGE,1.6124449030703978,32.18373533333333,51.8945,tiramisu
noarr,FromPlan,lu,2,EXTRALARGE,1.6103394459863816,32.22581433333334,51.8945,tiramisu
noarr,FromPlan,lu,3,EXTRALARGE,1.6401609496065557,31.639882666666665,51.8945,tiramisu
noarr,FromPlan,lu,4,EXTRALARGE,1.614217627934395,32.148391333333336,51.8945,tiramisu
noarr,FromPlan,lu,5,EXTRALARGE,1.6260923547886634,31.913624,51.8945,tiramisu
noarr,Naive,lu,1,EXTRALARGE,1.0169493119713284,51.02958366666667,51.8945,tiramisu
noarr,Naive,lu,2,EXTRALARGE,1.012084464090831,51.274870666666665,51.8945,tiramisu
noarr,Naive,lu,3,EXTRALARGE,1.6390861285337013,31.660630333333334,51.8945,tiramisu
noarr,Naive,lu,4,EXTRALARGE,1.0165625250025305,51.04899966666667,51.8945,tiramisu
noarr,standard,lu,2,EXTRALARGE,1.016645019910984,51.04485733333333,51.8945,tiramisu
noarr,standard,lu,5,EXTRALARGE,1.0136498214459,51.195688,51.8945,tiramisu
tiramisu,standard,lu,1,EXTRALARGE,1.0,51.8945,51.8945,tiramisu
c,AllHints,ludcmp,1,EXTRALARGE,1.3735168738114727,30.734994333333333,42.21503333333333,tiramisu
c,AllHints,ludcmp,2,EXTRALARGE,1.732614168710861,24.364936,42.21503333333333,tiramisu
c,AllHints,ludcmp,3,EXTRALARGE,1.1186180712167284,37.73855833333334,42.21503333333333,tiramisu
c,AllHints,ludcmp,5,EXTRALARGE,0.9053823017627357,46.626749,42.21503333333333,tiramisu
c,ChooseHints,ludcmp,1,EXTRALARGE,1.602050572513942,26.350624666666665,42.21503333333333,tiramisu
c,ChooseHints,ludcmp,2,EXTRALARGE,1.628313189469136,25.92562266666667,42.21503333333333,tiramisu
c,ChooseHints,ludcmp,3,EXTRALARGE,1.8001389252156401,23.450986333333333,42.21503333333333,tiramisu
c,ChooseHints,ludcmp,4,EXTRALARGE,1.5727645602558358,26.84129233333333,42.21503333333333,tiramisu
c,ChooseHints,ludcmp,5,EXTRALARGE,1.3816239458341437,30.554648,42.21503333333333,tiramisu
c,FromPlan,ludcmp,1,EXTRALARGE,1.3872582025759483,30.430552333333335,42.21503333333333,tiramisu
c,FromPlan,ludcmp,3,EXTRALARGE,1.787417620182305,23.61789033333333,42.21503333333333,tiramisu
c,FromPlan,ludcmp,4,EXTRALARGE,1.3836937364015964,30.508943,42.21503333333333,tiramisu
c,FromPlan,ludcmp,5,EXTRALARGE,1.3928667811988769,30.308019333333334,42.21503333333333,tiramisu
c,Naive,ludcmp,2,EXTRALARGE,1.3904796733321216,30.360050666666666,42.21503333333333,tiramisu
c,Naive,ludcmp,3,EXTRALARGE,0.9097884002454892,46.400936,42.21503333333333,tiramisu
c,Naive,ludcmp,4,EXTRALARGE,1.1374146313267084,37.114902666666666,42.21503333333333,tiramisu
c,standard,ludcmp,1,EXTRALARGE,0.9116075773219795,46.308339666666676,42.21503333333333,tiramisu
exo,AllHints,ludcmp,2,EXTRALARGE,0.8287810508388337,50.93629166666667,42.21503333333333,tiramisu
exo,AllHints,ludcmp,5,EXTRALARGE,1.4423616586691554,29.267994666666667,42.21503333333333,tiramisu
exo,ChooseHints,ludcmp,1,EXTRALARGE,0.8856730963006992,47.664351,42.21503333333333,tiramisu
exo,ChooseHints,ludcmp,3,EXTRALARGE,1.457508049087456,28.963842333333332,42.21503333333333,tiramisu
exo,ChooseHints,ludcmp,4,EXTRALARGE,1.308515264459875,32.26178133333334,42.21503333333333,tiramisu
exo,FromPlan,ludcmp,3,EXTRALARGE,0.22430898002089308,188.20037133333335,42.21503333333333,tiramisu
exo,Naive,ludcmp,1,EXTRALARGE,1.305371217204281,32.339485333333336,42.21503333333333,tiramisu
exo,Naive,ludcmp,2,EXTRALARGE,0.8323720756303402,50.716542000000004,42.21503333333333,tiramisu
exo,Naive,ludcmp,3,EXTRALARGE,1.1990818114851542,35.20613266666667,42.21503333333333,tiramisu
exo,Naive,ludcmp,5,EXTRALARGE,0.8885517523648178,47.509932,42.21503333333333,tiramisu
exo,standard,ludcmp,1,EXTRALARGE,0.8321845423964094,50.727971000000004,42.21503333333333,tiramisu
exo,standard,ludcmp,2,EXTRALARGE,0.835504177900229,50.526418,42.21503333333333,tiramisu
exo,standard,ludcmp,3,EXTRALARGE,0.8307804187456688,50.813707666666666,42.21503333333333,tiramisu
exo,standard,ludcmp,4,EXTRALARGE,0.83552643593132,50.525072,42.21503333333333,tiramisu
exo,standard,ludcmp,5,EXTRALARGE,0.8266075616455753,51.070223999999996,42.21503333333333,tiramisu
halide,AllHints,ludcmp,2,EXTRALARGE,0.6463433056200302,65.31363900000001,42.21503333333333,tiramisu
halide,AllHints,ludcmp,4,EXTRALARGE,0.7124501930089027,59.25331166666667,42.21503333333333,tiramisu
halide,ChooseHints,ludcmp,1,EXTRALARGE,0.6446057764796101,65.48969133333334,42.21503333333333,tiramisu
halide,Naive,ludcmp,3,EXTRALARGE,0.7132075951973282,59.19038666666666,42.21503333333333,tiramisu
halide,standard,ludcmp,1,EXTRALARGE,0.829776458680277,50.875188,42.21503333333333,tiramisu
halide,standard,ludcmp,3,EXTRALARGE,0.6579028230427065,64.166062,42.21503333333333,tiramisu
halide,standard,ludcmp,4,EXTRALARGE,0.6294625351968411,67.065204,42.21503333333333,tiramisu
noarr,AllHints,ludcmp,1,EXTRALARGE,0.8354977950581107,50.526804,42.21503333333333,tiramisu
noarr,AllHints,ludcmp,2,EXTRALARGE,1.0038355133999313,42.05373566666666,42.21503333333333,tiramisu
noarr,AllHints,ludcmp,3,EXTRALARGE,0.8246049821650215,51.19424966666667,42.21503333333333,tiramisu
noarr,AllHints,ludcmp,4,EXTRALARGE,0.8267216704275308,51.063175,42.21503333333333,tiramisu
noarr,AllHints,ludcmp,5,EXTRALARGE,0.827736819650397,51.00055033333334,42.21503333333333,tiramisu
noarr,ChooseHints,ludcmp,1,EXTRALARGE,0.8198292552937028,51.49247,42.21503333333333,tiramisu
noarr,ChooseHints,ludcmp,2,EXTRALARGE,0.8202125018692695,51.46841,42.21503333333333,tiramisu
noarr,ChooseHints,ludcmp,3,EXTRALARGE,0.8291337811946321,50.914622333333334,42.21503333333333,tiramisu
noarr,ChooseHints,ludcmp,4,EXTRALARGE,0.8211366375148748,51.410485666666666,42.21503333333333,tiramisu
noarr,ChooseHints,ludcmp,5,EXTRALARGE,0.8274074447390328,51.02085266666666,42.21503333333333,tiramisu
noarr,FromPlan,ludcmp,1,EXTRALARGE,0.8274351443785474,51.01914466666667,42.21503333333333,tiramisu
noarr,FromPlan,ludcmp,2,EXTRALARGE,0.8236801418233713,51.25173133333334,42.21503333333333,tiramisu
noarr,FromPlan,ludcmp,3,EXTRALARGE,0.8252150705101722,51.15640133333333,42.21503333333333,tiramisu
noarr,FromPlan,ludcmp,5,EXTRALARGE,0.833167186855467,50.668141999999996,42.21503333333333,tiramisu
noarr,Naive,ludcmp,1,EXTRALARGE,0.8343932536145202,50.59368966666667,42.21503333333333,tiramisu
noarr,Naive,ludcmp,2,EXTRALARGE,0.82410386429607,51.22537966666667,42.21503333333333,tiramisu
noarr,Naive,ludcmp,3,EXTRALARGE,0.8302977341278285,50.84324766666666,42.21503333333333,tiramisu
noarr,Naive,ludcmp,4,EXTRALARGE,0.8342990397205543,50.599402999999995,42.21503333333333,tiramisu
noarr,Naive,ludcmp,5,EXTRALARGE,0.8344664077311331,50.589254333333336,42.21503333333333,tiramisu
noarr,standard,ludcmp,1,EXTRALARGE,0.8230327326900713,51.29204666666667,42.21503333333333,tiramisu
tiramisu,standard,ludcmp,1,EXTRALARGE,1.0,42.21503333333333,42.21503333333333,tiramisu
c,AllHints,mvt,1,EXTRALARGE,5.737900934869067,0.012907333333333333,0.074061,tiramisu
c,AllHints,mvt,2,EXTRALARGE,5.869937386066419,0.012616999999999998,0.074061,tiramisu
c,AllHints,mvt,4,EXTRALARGE,6.898593473468502,0.010735666666666666,0.074061,tiramisu
c,AllHints,mvt,5,EXTRALARGE,4.201963083440503,0.017625333333333333,0.074061,tiramisu
c,ChooseHints,mvt,1,EXTRALARGE,5.271245551601424,0.01405,0.074061,tiramisu
c,ChooseHints,mvt,2,EXTRALARGE,9.064254242819844,0.008170666666666666,0.074061,tiramisu
c,ChooseHints,mvt,3,EXTRALARGE,1.0477661350410745,0.07068466666666666,0.074061,tiramisu
c,ChooseHints,mvt,5,EXTRALARGE,5.938340237872511,0.012471666666666667,0.074061,tiramisu
c,FromPlan,mvt,1,EXTRALARGE,2.3424423569598636,0.031617,0.074061,tiramisu
c,FromPlan,mvt,2,EXTRALARGE,2.0205067112873305,0.03665466666666667,0.074061,tiramisu
c,FromPlan,mvt,3,EXTRALARGE,2.934309750524968,0.025239666666666664,0.074061,tiramisu
c,FromPlan,mvt,4,EXTRALARGE,2.974735573704646,0.024896666666666668,0.074061,tiramisu
c,FromPlan,mvt,5,EXTRALARGE,2.9850066502760875,0.024811,0.074061,tiramisu
c,Naive,mvt,1,EXTRALARGE,2.989665890711412,0.02477233333333333,0.074061,tiramisu
c,Naive,mvt,2,EXTRALARGE,2.9638626540739557,0.024988,0.074061,tiramisu
c,Naive,mvt,3,EXTRALARGE,2.9524018337651983,0.025085,0.074061,tiramisu
c,Naive,mvt,4,EXTRALARGE,2.0676649047051816,0.035818666666666665,0.074061,tiramisu
c,Naive,mvt,5,EXTRALARGE,3.008449216687203,0.024617666666666666,0.074061,tiramisu
c,standard,mvt,1,EXTRALARGE,1.0373270211216314,0.071396,0.074061,tiramisu
exo,AllHints,mvt,1,EXTRALARGE,4.863581638683974,0.015227666666666667,0.074061,tiramisu
exo,AllHints,mvt,2,EXTRALARGE,5.051220842995499,0.014662,0.074061,tiramisu
exo,AllHints,mvt,3,EXTRALARGE,5.0918528704022,0.014545,0.074061,tiramisu
exo,AllHints,mvt,4,EXTRALARGE,3.3476420069308426,0.02212333333333333,0.074061,tiramisu
exo,AllHints,mvt,5,EXTRALARGE,3.405155634569112,0.021749666666666667,0.074061,tiramisu
exo,ChooseHints,mvt,1,EXTRALARGE,2.8742205893767303,0.025767333333333333,0.074061,tiramisu
exo,ChooseHints,mvt,2,EXTRALARGE,2.894289138420655,0.025588666666666666,0.074061,tiramisu
exo,ChooseHints,mvt,3,EXTRALARGE,5.2178906084873535,0.014193666666666667,0.074061,tiramisu
exo,ChooseHints,mvt,4,EXTRALARGE,2.9796824289890838,0.02485533333333333,0.074061,tiramisu
exo,ChooseHints,mvt,5,EXTRALARGE,5.854778782049594,0.012649666666666665,0.074061,tiramisu
exo,FromPlan,mvt,2,EXTRALARGE,2.532721573097749,0.029241666666666666,0.074061,tiramisu
exo,FromPlan,mvt,3,EXTRALARGE,0.6487227476181996,0.11416433333333333,0.074061,tiramisu
exo,FromPlan,mvt,4,EXTRALARGE,0.6498783213019622,0.11396133333333332,0.074061,tiramisu
exo,Naive,mvt,2,EXTRALARGE,5.048580972073895,0.014669666666666666,0.074061,tiramisu
exo,Naive,mvt,3,EXTRALARGE,2.7872519256341417,0.026571333333333336,0.074061,tiramisu
exo,Naive,mvt,4,EXTRALARGE,3.424574978036037,0.02162633333333333,0.074061,tiramisu
exo,standard,mvt,1,EXTRALARGE,0.998718916877933,0.074156,0.074061,tiramisu
exo,standard,mvt,2,EXTRALARGE,0.9986560710529392,0.07416066666666667,0.074061,tiramisu
exo,standard,mvt,3,EXTRALARGE,0.9902527075812273,0.07479000000000001,0.074061,tiramisu
exo,standard,mvt,4,EXTRALARGE,0.9823021760851689,0.07539533333333333,0.074061,tiramisu
exo,standard,mvt,5,EXTRALARGE,0.9902085747392816,0.07479333333333334,0.074061,tiramisu
halide,AllHints,mvt,3,EXTRALARGE,6.337764212568104,0.011685666666666665,0.074061,tiramisu
halide,AllHints,mvt,5,EXTRALARGE,1.5257830365542957,0.04853966666666667,0.074061,tiramisu
halide,ChooseHints,mvt,2,EXTRALARGE,1.7009875976113917,0.04354,0.074061,tiramisu
halide,FromPlan,mvt,5,EXTRALARGE,1.8397658300694728,0.04025566666666666,0.074061,tiramisu
halide,Naive,mvt,2,EXTRALARGE,3.753978981515899,0.01972866666666667,0.074061,tiramisu
halide,Naive,mvt,3,EXTRALARGE,6.352804940813176,0.011658,0.074061,tiramisu
halide,standard,mvt,1,EXTRALARGE,0.9594760911528846,0.077189,0.074061,tiramisu
halide,standard,mvt,2,EXTRALARGE,1.1779460181635997,0.062873,0.074061,tiramisu
halide,standard,mvt,3,EXTRALARGE,0.9618603161134752,0.07699766666666667,0.074061,tiramisu
halide,standard,mvt,4,EXTRALARGE,0.9621477195960575,0.07697466666666668,0.074061,tiramisu
halide,standard,mvt,5,EXTRALARGE,0.9579991721425984,0.077308,0.074061,tiramisu
noarr,AllHints,mvt,1,EXTRALARGE,4.364659660151263,0.016968333333333332,0.074061,tiramisu
noarr,AllHints,mvt,2,EXTRALARGE,2.717635402906209,0.027252,0.074061,tiramisu
noarr,AllHints,mvt,3,EXTRALARGE,3.083819120586276,0.024016,0.074061,tiramisu
noarr,AllHints,mvt,4,EXTRALARGE,4.343329097839899,0.017051666666666666,0.074061,tiramisu
noarr,AllHints,mvt,5,EXTRALARGE,2.667006770058098,0.02776933333333333,0.074061,tiramisu
noarr,ChooseHints,mvt,1,EXTRALARGE,2.712227932469879,0.027306333333333332,0.074061,tiramisu
noarr,ChooseHints,mvt,2,EXTRALARGE,2.6616711590296496,0.027825000000000003,0.074061,tiramisu
noarr,ChooseHints,mvt,3,EXTRALARGE,2.6755175029803837,0.027681,0.074061,tiramisu
noarr,ChooseHints,mvt,4,EXTRALARGE,2.6626918974629388,0.027814333333333333,0.074061,tiramisu
noarr,ChooseHints,mvt,5,EXTRALARGE,2.661511739338764,0.027826666666666666,0.074061,tiramisu
noarr,FromPlan,mvt,1,EXTRALARGE,2.044810734697258,0.036219,0.074061,tiramisu
noarr,FromPlan,mvt,2,EXTRALARGE,2.0412788828150124,0.03628166666666666,0.074061,tiramisu
noarr,FromPlan,mvt,3,EXTRALARGE,2.055746259680419,0.036026333333333334,0.074061,tiramisu
noarr,FromPlan,mvt,4,EXTRALARGE,2.057878796298869,0.035989,0.074061,tiramisu
noarr,FromPlan,mvt,5,EXTRALARGE,2.0576119872940613,0.03599366666666667,0.074061,tiramisu
noarr,Naive,mvt,1,EXTRALARGE,1.0280395885676212,0.07204100000000001,0.074061,tiramisu
noarr,Naive,mvt,2,EXTRALARGE,1.4070942736634118,0.05263399999999999,0.074061,tiramisu
noarr,Naive,mvt,3,EXTRALARGE,2.6388469897977362,0.028065666666666666,0.074061,tiramisu
noarr,Naive,mvt,4,EXTRALARGE,2.0496019482855643,0.03613433333333333,0.074061,tiramisu
noarr,Naive,mvt,5,EXTRALARGE,2.674969901276186,0.027686666666666665,0.074061,tiramisu
noarr,standard,mvt,1,EXTRALARGE,1.0344196657200055,0.07159666666666667,0.074061,tiramisu
noarr,standard,mvt,2,EXTRALARGE,1.0388791217012363,0.07128933333333333,0.074061,tiramisu
noarr,standard,mvt,3,EXTRALARGE,1.0483049847837884,0.07064833333333333,0.074061,tiramisu
noarr,standard,mvt,4,EXTRALARGE,1.0346075222001294,0.07158366666666667,0.074061,tiramisu
noarr,standard,mvt,5,EXTRALARGE,1.0421976949814014,0.07106233333333334,0.074061,tiramisu
tiramisu,standard,mvt,1,EXTRALARGE,1.0,0.074061,0.074061,tiramisu
c,AllHints,nussinov,1,EXTRALARGE,7.3127777265879095,5.907563666666667,43.200700000000005,tiramisu
c,AllHints,nussinov,3,EXTRALARGE,7.698565874271746,5.611525666666666,43.200700000000005,tiramisu
c,AllHints,nussinov,5,EXTRALARGE,7.367028986742975,5.864059999999999,43.200700000000005,tiramisu
c,ChooseHints,nussinov,1,EXTRALARGE,7.342846093153599,5.883372666666666,43.200700000000005,tiramisu
c,ChooseHints,nussinov,2,EXTRALARGE,7.341073433334958,5.8847933333333335,43.200700000000005,tiramisu
c,ChooseHints,nussinov,4,EXTRALARGE,7.347142790086688,5.879932,43.200700000000005,tiramisu
c,ChooseHints,nussinov,5,EXTRALARGE,7.0818497754172,6.1002,43.200700000000005,tiramisu
c,FromPlan,nussinov,1,EXTRALARGE,0.6084785177816163,70.997905,43.200700000000005,tiramisu
c,FromPlan,nussinov,3,EXTRALARGE,6.473059721798795,6.673922666666667,43.200700000000005,tiramisu
c,FromPlan,nussinov,4,EXTRALARGE,6.047565854521908,7.143485666666667,43.200700000000005,tiramisu
c,FromPlan,nussinov,5,EXTRALARGE,0.5915343144157411,73.03160433333333,43.200700000000005,tiramisu
c,Naive,nussinov,1,EXTRALARGE,0.6224541688802415,69.40382466666667,43.200700000000005,tiramisu
c,Naive,nussinov,2,EXTRALARGE,0.730052442940651,59.17479,43.200700000000005,tiramisu
c,Naive,nussinov,3,EXTRALARGE,0.7570733425465019,57.06276733333333,43.200700000000005,tiramisu
c,Naive,nussinov,5,EXTRALARGE,0.7549028001797736,57.22683766666666,43.200700000000005,tiramisu
c,standard,nussinov,1,EXTRALARGE,0.4034793590823026,107.070409,43.200700000000005,tiramisu
exo,AllHints,nussinov,2,EXTRALARGE,6.825037264573601,6.329738333333334,43.200700000000005,tiramisu
exo,AllHints,nussinov,3,EXTRALARGE,7.230841314840236,5.974505333333333,43.200700000000005,tiramisu
exo,AllHints,nussinov,5,EXTRALARGE,7.48422880256474,5.772231333333333,43.200700000000005,tiramisu
exo,ChooseHints,nussinov,1,EXTRALARGE,0.4127076104174235,104.67628633333334,43.200700000000005,tiramisu
exo,ChooseHints,nussinov,2,EXTRALARGE,6.650444497526265,6.495911666666667,43.200700000000005,tiramisu
exo,ChooseHints,nussinov,3,EXTRALARGE,6.731940848391566,6.417272666666666,43.200700000000005,tiramisu
exo,ChooseHints,nussinov,4,EXTRALARGE,7.397245871907121,5.840106,43.200700000000005,tiramisu
exo,ChooseHints,nussinov,5,EXTRALARGE,5.631718436717654,7.670962333333333,43.200700000000005,tiramisu
exo,FromPlan,nussinov,1,EXTRALARGE,7.452966848061427,5.796443333333333,43.200700000000005,tiramisu
exo,FromPlan,nussinov,4,EXTRALARGE,0.41229740563452666,104.78043133333334,43.200700000000005,tiramisu
exo,Naive,nussinov,1,EXTRALARGE,0.43814344281649487,98.59944433333334,43.200700000000005,tiramisu
exo,Naive,nussinov,2,EXTRALARGE,0.4377701373339346,98.68352433333332,43.200700000000005,tiramisu
exo,standard,nussinov,1,EXTRALARGE,0.40165852282083236,107.55579066666667,43.200700000000005,tiramisu
exo,standard,nussinov,2,EXTRALARGE,0.40316228528701537,107.15461633333332,43.200700000000005,tiramisu
exo,standard,nussinov,3,EXTRALARGE,0.4004893430770977,107.86978666666666,43.200700000000005,tiramisu
exo,standard,nussinov,5,EXTRALARGE,0.3741303720739874,115.46964166666667,43.200700000000005,tiramisu
halide,AllHints,nussinov,4,EXTRALARGE,0.5538935433261309,77.99459033333333,43.200700000000005,tiramisu
halide,ChooseHints,nussinov,1,EXTRALARGE,0.5657067943362406,76.365885,43.200700000000005,tiramisu
halide,ChooseHints,nussinov,3,EXTRALARGE,0.5658430451048625,76.34749666666667,43.200700000000005,tiramisu
halide,standard,nussinov,3,EXTRALARGE,0.16644100406189608,259.555632,43.200700000000005,tiramisu
halide,standard,nussinov,4,EXTRALARGE,0.5259510706151042,82.138249,43.200700000000005,tiramisu
tiramisu,standard,nussinov,1,EXTRALARGE,1.0,43.200700000000005,43.200700000000005,tiramisu
c,AllHints,seidel-2d,1,EXTRALARGE,1.0004886178153631,160.61018966666666,160.68866666666665,tiramisu
c,AllHints,seidel-2d,2,EXTRALARGE,0.7186014924323211,223.61304333333337,160.68866666666665,tiramisu
c,AllHints,seidel-2d,3,EXTRALARGE,0.718504906928287,223.64310266666666,160.68866666666665,tiramisu
c,AllHints,seidel-2d,4,EXTRALARGE,0.6709043441123779,239.51054733333334,160.68866666666665,tiramisu
c,AllHints,seidel-2d,5,EXTRALARGE,0.9660111370283488,166.34245766666666,160.68866666666665,tiramisu
c,ChooseHints,seidel-2d,1,EXTRALARGE,1.0006342966061132,160.586807,160.68866666666665,tiramisu
c,ChooseHints,seidel-2d,2,EXTRALARGE,0.7185477683741878,223.62976233333333,160.68866666666665,tiramisu
c,ChooseHints,seidel-2d,3,EXTRALARGE,1.3793012086274694,116.50005499999999,160.68866666666665,tiramisu
c,ChooseHints,seidel-2d,4,EXTRALARGE,0.7374571656474374,217.89559333333332,160.68866666666665,tiramisu
c,ChooseHints,seidel-2d,5,EXTRALARGE,0.9039531572001235,177.762161,160.68866666666665,tiramisu
c,FromPlan,seidel-2d,1,EXTRALARGE,1.3911210190128114,115.51019966666667,160.68866666666665,tiramisu
c,FromPlan,seidel-2d,2,EXTRALARGE,1.397092872153401,115.016453,160.68866666666665,tiramisu
c,FromPlan,seidel-2d,3,EXTRALARGE,1.397165178268273,115.01050066666666,160.68866666666665,tiramisu
c,FromPlan,seidel-2d,4,EXTRALARGE,1.3912400368167528,115.500318,160.68866666666665,tiramisu
c,FromPlan,seidel-2d,5,EXTRALARGE,1.3969734945646985,115.02628166666666,160.68866666666665,tiramisu
c,Naive,seidel-2d,2,EXTRALARGE,0.6710683157264824,239.4520243333333,160.68866666666665,tiramisu
c,Naive,seidel-2d,3,EXTRALARGE,0.9343693698809127,171.97552900000002,160.68866666666665,tiramisu
c,Naive,seidel-2d,4,EXTRALARGE,0.8822227697720831,182.14069299999997,160.68866666666665,tiramisu
c,Naive,seidel-2d,5,EXTRALARGE,0.7358070851701989,218.384234,160.68866666666665,tiramisu
c,standard,seidel-2d,1,EXTRALARGE,0.7374732850162525,217.89083066666663,160.68866666666665,tiramisu
exo,AllHints,seidel-2d,1,EXTRALARGE,0.7374961148493364,217.88408566666666,160.68866666666665,tiramisu
exo,ChooseHints,seidel-2d,1,EXTRALARGE,0.65176916783958,246.54229533333333,160.68866666666665,tiramisu
exo,FromPlan,seidel-2d,2,EXTRALARGE,0.8470873608213831,189.69550733333332,160.68866666666665,tiramisu
exo,FromPlan,seidel-2d,3,EXTRALARGE,0.8487775419941088,189.31776433333334,160.68866666666665,tiramisu
exo,Naive,seidel-2d,3,EXTRALARGE,0.6515503426217941,246.62509733333331,160.68866666666665,tiramisu
exo,standard,seidel-2d,1,EXTRALARGE,0.7374843246182009,217.88756899999998,160.68866666666665,tiramisu
exo,standard,seidel-2d,2,EXTRALARGE,0.7374595584627295,217.89488633333335,160.68866666666665,tiramisu
exo,standard,seidel-2d,3,EXTRALARGE,0.7375198160468615,217.87708366666666,160.68866666666665,tiramisu
exo,standard,seidel-2d,4,EXTRALARGE,0.7374646848481844,217.89337166666667,160.68866666666665,tiramisu
exo,standard,seidel-2d,5,EXTRALARGE,0.7374875017381172,217.88663033333333,160.68866666666665,tiramisu
halide,AllHints,seidel-2d,1,EXTRALARGE,16.588213210565243,9.686918333333333,160.68866666666665,tiramisu
halide,AllHints,seidel-2d,2,EXTRALARGE,14.16348303701184,11.345279,160.68866666666665,tiramisu
halide,ChooseHints,seidel-2d,1,EXTRALARGE,14.03833519170202,11.446419,160.68866666666665,tiramisu
halide,Naive,seidel-2d,1,EXTRALARGE,14.753273049062605,10.89173,160.68866666666665,tiramisu
halide,Naive,seidel-2d,2,EXTRALARGE,15.88758141888646,10.114105,160.68866666666665,tiramisu
halide,Naive,seidel-2d,5,EXTRALARGE,15.041280947293735,10.683177,160.68866666666665,tiramisu
halide,standard,seidel-2d,1,EXTRALARGE,2.997106826317309,53.614594333333336,160.68866666666665,tiramisu
halide,standard,seidel-2d,3,EXTRALARGE,8.590680313143382,18.704999,160.68866666666665,tiramisu
halide,standard,seidel-2d,5,EXTRALARGE,17.70255523799773,9.077145333333334,160.68866666666665,tiramisu
noarr,AllHints,seidel-2d,1,EXTRALARGE,0.7375557498594175,217.8664686666667,160.68866666666665,tiramisu
noarr,AllHints,seidel-2d,2,EXTRALARGE,0.9183244221800861,174.98028233333332,160.68866666666665,tiramisu
noarr,AllHints,seidel-2d,3,EXTRALARGE,0.9337569716188792,172.088318,160.68866666666665,tiramisu
noarr,AllHints,seidel-2d,4,EXTRALARGE,1.0004694194895452,160.6132716666667,160.68866666666665,tiramisu
noarr,AllHints,seidel-2d,5,EXTRALARGE,1.0005295522025346,160.60361866666668,160.68866666666665,tiramisu
noarr,ChooseHints,seidel-2d,1,EXTRALARGE,1.0006543321077168,160.58359166666665,160.68866666666665,tiramisu
noarr,ChooseHints,seidel-2d,2,EXTRALARGE,1.000730958790067,160.57129566666666,160.68866666666665,tiramisu
noarr,ChooseHints,seidel-2d,3,EXTRALARGE,0.7375534466954752,217.867149,160.68866666666665,tiramisu
noarr,ChooseHints,seidel-2d,4,EXTRALARGE,0.7374176204470819,217.90727833333335,160.68866666666665,tiramisu
noarr,ChooseHints,seidel-2d,5,EXTRALARGE,1.0006931466838613,160.577363,160.68866666666665,tiramisu
noarr,FromPlan,seidel-2d,1,EXTRALARGE,0.8471764794667606,189.67555233333334,160.68866666666665,tiramisu
noarr,FromPlan,seidel-2d,2,EXTRALARGE,1.000536207757315,160.60255033333334,160.68866666666665,tiramisu
noarr,FromPlan,seidel-2d,3,EXTRALARGE,0.8485113877977857,189.377148,160.68866666666665,tiramisu
noarr,FromPlan,seidel-2d,4,EXTRALARGE,0.8484017781446438,189.40161466666666,160.68866666666665,tiramisu
noarr,Naive,seidel-2d,1,EXTRALARGE,0.7374942238739653,217.88464433333334,160.68866666666665,tiramisu
noarr,Naive,seidel-2d,2,EXTRALARGE,0.9182636647594159,174.99186,160.68866666666665,tiramisu
noarr,Naive,seidel-2d,3,EXTRALARGE,1.000708342228627,160.57492466666665,160.68866666666665,tiramisu
noarr,Naive,seidel-2d,4,EXTRALARGE,0.7344902694498547,218.77575966666666,160.68866666666665,tiramisu
noarr,Naive,seidel-2d,5,EXTRALARGE,1.00066223353587,160.58232366666667,160.68866666666665,tiramisu
noarr,standard,seidel-2d,1,EXTRALARGE,0.7374846518061324,217.88747233333333,160.68866666666665,tiramisu
noarr,standard,seidel-2d,2,EXTRALARGE,0.7373987309462465,217.91286033333333,160.68866666666665,tiramisu
noarr,standard,seidel-2d,3,EXTRALARGE,0.7374406013835094,217.90048766666666,160.68866666666665,tiramisu
noarr,standard,seidel-2d,4,EXTRALARGE,0.7374659856347037,217.8929873333333,160.68866666666665,tiramisu
noarr,standard,seidel-2d,5,EXTRALARGE,0.7374433246268955,217.899683,160.68866666666665,tiramisu
tiramisu,standard,seidel-2d,1,EXTRALARGE,1.0,160.68866666666665,160.68866666666665,tiramisu
c,AllHints,symm,1,EXTRALARGE,53.069934146980536,0.3447576666666667,18.296266666666668,tiramisu
c,AllHints,symm,2,EXTRALARGE,2.9864878195262246,6.126349,18.296266666666668,tiramisu
c,AllHints,symm,3,EXTRALARGE,16.581010838460447,1.103447,18.296266666666668,tiramisu
c,AllHints,symm,4,EXTRALARGE,0.9877669523743214,18.522857666666667,18.296266666666668,tiramisu
c,AllHints,symm,5,EXTRALARGE,36.30730315971064,0.503928,18.296266666666668,tiramisu
c,ChooseHints,symm,1,EXTRALARGE,2.9964059811077632,6.106070666666667,18.296266666666668,tiramisu
c,ChooseHints,symm,2,EXTRALARGE,17.023488523703453,1.074766,18.296266666666668,tiramisu
c,ChooseHints,symm,3,EXTRALARGE,44.80678132686156,0.40833699999999995,18.296266666666668,tiramisu
c,ChooseHints,symm,4,EXTRALARGE,44.772389131058965,0.40865066666666666,18.296266666666668,tiramisu
c,ChooseHints,symm,5,EXTRALARGE,16.447368618190065,1.112413,18.296266666666668,tiramisu
c,FromPlan,symm,1,EXTRALARGE,1.5178337613539294,12.054196666666668,18.296266666666668,tiramisu
c,FromPlan,symm,2,EXTRALARGE,1.708009554358149,10.71204,18.296266666666668,tiramisu
c,FromPlan,symm,3,EXTRALARGE,6.84412571271675,2.673280333333333,18.296266666666668,tiramisu
c,FromPlan,symm,4,EXTRALARGE,1.6695940714092086,10.958511999999999,18.296266666666668,tiramisu
c,FromPlan,symm,5,EXTRALARGE,3.0127018153667953,6.073042666666666,18.296266666666668,tiramisu
c,Naive,symm,1,EXTRALARGE,2.951953632071405,6.198019666666667,18.296266666666668,tiramisu
c,Naive,symm,2,EXTRALARGE,3.024124156977348,6.0501043333333335,18.296266666666668,tiramisu
c,Naive,symm,3,EXTRALARGE,2.9747853652752094,6.150449333333333,18.296266666666668,tiramisu
c,Naive,symm,4,EXTRALARGE,1.1346293747931437,16.125324333333335,18.296266666666668,tiramisu
c,Naive,symm,5,EXTRALARGE,2.011992381900265,9.093606333333334,18.296266666666668,tiramisu
c,standard,symm,1,EXTRALARGE,1.138111608662519,16.075986333333333,18.296266666666668,tiramisu
exo,AllHints,symm,2,EXTRALARGE,58.995728654558434,0.31012866666666666,18.296266666666668,tiramisu
exo,AllHints,symm,5,EXTRALARGE,45.19557042437338,0.4048243333333333,18.296266666666668,tiramisu
exo,ChooseHints,symm,2,EXTRALARGE,1.9274731040689324,9.492359,18.296266666666668,tiramisu
exo,ChooseHints,symm,3,EXTRALARGE,24.392756406182716,0.7500696666666666,18.296266666666668,tiramisu
exo,ChooseHints,symm,4,EXTRALARGE,15.649065525942978,1.1691603333333334,18.296266666666668,tiramisu
exo,FromPlan,symm,1,EXTRALARGE,1.853518895939101,9.871098,18.296266666666668,tiramisu
exo,FromPlan,symm,4,EXTRALARGE,0.6623635465363162,27.62269566666667,18.296266666666668,tiramisu
exo,Naive,symm,1,EXTRALARGE,1.1340558763963229,16.133478999999998,18.296266666666668,tiramisu
exo,Naive,symm,2,EXTRALARGE,43.20234867237831,0.42350166666666667,18.296266666666668,tiramisu
exo,Naive,symm,4,EXTRALARGE,22.80766926203589,0.8021980000000001,18.296266666666668,tiramisu
exo,Naive,symm,5,EXTRALARGE,25.42291002112524,0.7196763333333333,18.296266666666668,tiramisu
exo,standard,symm,1,EXTRALARGE,1.1139835245358358,16.42418066666667,18.296266666666668,tiramisu
exo,standard,symm,2,EXTRALARGE,1.1157868301709908,16.397636333333335,18.296266666666668,tiramisu
exo,standard,symm,3,EXTRALARGE,1.1111403292006876,16.466207,18.296266666666668,tiramisu
exo,standard,symm,4,EXTRALARGE,1.1193001417253792,16.346166666666665,18.296266666666668,tiramisu
exo,standard,symm,5,EXTRALARGE,1.1207735789606539,16.324676999999998,18.296266666666668,tiramisu
halide,ChooseHints,symm,3,EXTRALARGE,82.04959557290228,0.22299033333333332,18.296266666666668,tiramisu
halide,ChooseHints,symm,4,EXTRALARGE,97.1087875732003,0.18841,18.296266666666668,tiramisu
halide,FromPlan,symm,2,EXTRALARGE,141.0849046904238,0.12968266666666667,18.296266666666668,tiramisu
halide,FromPlan,symm,3,EXTRALARGE,254.0795259917604,0.07201,18.296266666666668,tiramisu
halide,Naive,symm,3,EXTRALARGE,90.15470682244113,0.20294299999999998,18.296266666666668,tiramisu
halide,standard,symm,1,EXTRALARGE,0.7375474041445561,24.80690266666667,18.296266666666668,tiramisu
halide,standard,symm,2,EXTRALARGE,1.8160037931454664,10.075015666666667,18.296266666666668,tiramisu
halide,standard,symm,3,EXTRALARGE,0.7623301401663978,24.000450333333333,18.296266666666668,tiramisu
halide,standard,symm,4,EXTRALARGE,0.7352890153564229,24.883095333333333,18.296266666666668,tiramisu
halide,standard,symm,5,EXTRALARGE,1.8267095941158231,10.015969,18.296266666666668,tiramisu
noarr,AllHints,symm,1,EXTRALARGE,118.369829158993,0.15456866666666666,18.296266666666668,tiramisu
noarr,AllHints,symm,2,EXTRALARGE,1.1479985726775848,15.937534333333334,18.296266666666668,tiramisu
noarr,AllHints,symm,3,EXTRALARGE,51.84659721520351,0.3528923333333333,18.296266666666668,tiramisu
noarr,AllHints,symm,4,EXTRALARGE,118.6841320019547,0.15415933333333334,18.296266666666668,tiramisu
noarr,AllHints,symm,5,EXTRALARGE,2.719462687031556,6.727897666666666,18.296266666666668,tiramisu
noarr,ChooseHints,symm,1,EXTRALARGE,2.8749360798538417,6.364060333333334,18.296266666666668,tiramisu
noarr,ChooseHints,symm,2,EXTRALARGE,2.042904690625114,8.956006,18.296266666666668,tiramisu
noarr,ChooseHints,symm,3,EXTRALARGE,2.0439998745793027,8.951207333333334,18.296266666666668,tiramisu
noarr,ChooseHints,symm,5,EXTRALARGE,1.7886203394203697,10.229262333333333,18.296266666666668,tiramisu
noarr,FromPlan,symm,1,EXTRALARGE,0.8847101418125136,20.680521000000002,18.296266666666668,tiramisu
noarr,FromPlan,symm,2,EXTRALARGE,2.7590438952419056,6.631379333333332,18.296266666666668,tiramisu
noarr,FromPlan,symm,3,EXTRALARGE,2.7759406808612437,6.591015,18.296266666666668,tiramisu
noarr,FromPlan,symm,4,EXTRALARGE,2.8361259976390762,6.451147333333334,18.296266666666668,tiramisu
noarr,FromPlan,symm,5,EXTRALARGE,2.1454019423562576,8.528129999999999,18.296266666666668,tiramisu
noarr,Naive,symm,2,EXTRALARGE,2.7163582880184656,6.735586666666666,18.296266666666668,tiramisu
noarr,Naive,symm,3,EXTRALARGE,1.131796629617817,16.165684,18.296266666666668,tiramisu
noarr,Naive,symm,4,EXTRALARGE,2.8532145239019773,6.41251,18.296266666666668,tiramisu
noarr,Naive,symm,5,EXTRALARGE,1.147376512967321,15.946174999999998,18.296266666666668,tiramisu
noarr,standard,symm,1,EXTRALARGE,1.132409405421725,16.156936333333334,18.296266666666668,tiramisu
noarr,standard,symm,2,EXTRALARGE,1.1377888715596913,16.080546333333334,18.296266666666668,tiramisu
noarr,standard,symm,3,EXTRALARGE,1.1275599086559955,16.226425333333335,18.296266666666668,tiramisu
noarr,standard,symm,4,EXTRALARGE,1.137825146759125,16.080033666666665,18.296266666666668,tiramisu
noarr,standard,symm,5,EXTRALARGE,1.1324763669050284,16.155981,18.296266666666668,tiramisu
tiramisu,standard,symm,1,EXTRALARGE,1.0,18.296266666666668,18.296266666666668,tiramisu
c,AllHints,syr2k,1,EXTRALARGE,32.986864307120676,0.8135086666666668,26.8351,tiramisu
c,AllHints,syr2k,2,EXTRALARGE,30.774620751661722,0.871988,26.8351,tiramisu
c,AllHints,syr2k,3,EXTRALARGE,30.97021169535166,0.866481,26.8351,tiramisu
c,AllHints,syr2k,4,EXTRALARGE,31.171768368352478,0.8608783333333333,26.8351,tiramisu
c,AllHints,syr2k,5,EXTRALARGE,33.31895814959103,0.8054003333333334,26.8351,tiramisu
c,ChooseHints,syr2k,2,EXTRALARGE,30.391182380767763,0.8829896666666667,26.8351,tiramisu
c,ChooseHints,syr2k,3,EXTRALARGE,30.697032230905798,0.874192,26.8351,tiramisu
c,ChooseHints,syr2k,4,EXTRALARGE,29.337286986143873,0.9147096666666666,26.8351,tiramisu
c,ChooseHints,syr2k,5,EXTRALARGE,29.766318355883378,0.9015256666666667,26.8351,tiramisu
c,FromPlan,syr2k,2,EXTRALARGE,2.435354518292574,11.018970666666666,26.8351,tiramisu
c,FromPlan,syr2k,3,EXTRALARGE,2.4966090218470853,10.748619333333332,26.8351,tiramisu
c,FromPlan,syr2k,4,EXTRALARGE,26.873914891074342,0.9985556666666667,26.8351,tiramisu
c,FromPlan,syr2k,5,EXTRALARGE,2.4424046095971628,10.987164,26.8351,tiramisu
c,Naive,syr2k,1,EXTRALARGE,2.4702127299202417,10.863477333333334,26.8351,tiramisu
c,Naive,syr2k,2,EXTRALARGE,2.462291117791586,10.898427,26.8351,tiramisu
c,Naive,syr2k,3,EXTRALARGE,2.228387112953603,12.042387,26.8351,tiramisu
c,Naive,syr2k,4,EXTRALARGE,2.465632192261812,10.883659,26.8351,tiramisu
c,Naive,syr2k,5,EXTRALARGE,2.2314264891913353,12.025984333333334,26.8351,tiramisu
c,standard,syr2k,1,EXTRALARGE,1.2245101901440263,21.91496666666667,26.8351,tiramisu
exo,AllHints,syr2k,1,EXTRALARGE,20.74922182653813,1.2933063333333334,26.8351,tiramisu
exo,AllHints,syr2k,2,EXTRALARGE,20.353938000171418,1.318423,26.8351,tiramisu
exo,AllHints,syr2k,3,EXTRALARGE,23.936309228430417,1.1211043333333335,26.8351,tiramisu
exo,AllHints,syr2k,4,EXTRALARGE,30.651742598662608,0.8754836666666667,26.8351,tiramisu
exo,AllHints,syr2k,5,EXTRALARGE,29.25833371493865,0.9171779999999999,26.8351,tiramisu
exo,ChooseHints,syr2k,2,EXTRALARGE,30.20516020250007,0.8884276666666667,26.8351,tiramisu
exo,ChooseHints,syr2k,3,EXTRALARGE,20.221446685207216,1.3270613333333332,26.8351,tiramisu
exo,ChooseHints,syr2k,4,EXTRALARGE,20.490862567796746,1.309613,26.8351,tiramisu
exo,ChooseHints,syr2k,5,EXTRALARGE,30.118205237753546,0.8909926666666667,26.8351,tiramisu
exo,FromPlan,syr2k,1,EXTRALARGE,1.3410340824278548,20.010751666666668,26.8351,tiramisu
exo,FromPlan,syr2k,2,EXTRALARGE,1.257704377254228,21.336572,26.8351,tiramisu
exo,FromPlan,syr2k,3,EXTRALARGE,2.648588013891769,10.131851333333332,26.8351,tiramisu
exo,FromPlan,syr2k,5,EXTRALARGE,33.962075507277746,0.790149,26.8351,tiramisu
exo,Naive,syr2k,1,EXTRALARGE,1.1045646676537761,24.294729666666665,26.8351,tiramisu
exo,Naive,syr2k,2,EXTRALARGE,30.68903985462358,0.8744196666666667,26.8351,tiramisu
exo,Naive,syr2k,3,EXTRALARGE,29.84259715072003,0.8992213333333333,26.8351,tiramisu
exo,Naive,syr2k,4,EXTRALARGE,1.9642746125949098,13.661582666666666,26.8351,tiramisu
exo,Naive,syr2k,5,EXTRALARGE,21.148034110978102,1.268917,26.8351,tiramisu
exo,standard,syr2k,1,EXTRALARGE,1.1180150514914804,24.002449666666667,26.8351,tiramisu
exo,standard,syr2k,2,EXTRALARGE,1.1208672897795857,23.941371333333336,26.8351,tiramisu
exo,standard,syr2k,3,EXTRALARGE,1.1211048280146236,23.93629866666667,26.8351,tiramisu
exo,standard,syr2k,4,EXTRALARGE,1.1269635750015505,23.811861000000004,26.8351,tiramisu
exo,standard,syr2k,5,EXTRALARGE,1.1245248863393202,23.863500333333334,26.8351,tiramisu
halide,ChooseHints,syr2k,1,EXTRALARGE,42.25077358435114,0.6351386666666666,26.8351,tiramisu
halide,FromPlan,syr2k,1,EXTRALARGE,41.74546793329462,0.6428266666666667,26.8351,tiramisu
halide,FromPlan,syr2k,2,EXTRALARGE,64.0860655019957,0.4187353333333333,26.8351,tiramisu
halide,Naive,syr2k,2,EXTRALARGE,40.42315486722998,0.6638546666666666,26.8351,tiramisu
halide,Naive,syr2k,4,EXTRALARGE,42.24330225375482,0.6352509999999999,26.8351,tiramisu
halide,standard,syr2k,2,EXTRALARGE,1.18603051745845,22.625977666666667,26.8351,tiramisu
halide,standard,syr2k,3,EXTRALARGE,1.2059558673477757,22.252140999999998,26.8351,tiramisu
halide,standard,syr2k,4,EXTRALARGE,1.21182669809321,22.144338,26.8351,tiramisu
halide,standard,syr2k,5,EXTRALARGE,1.2019869551942202,22.325616666666665,26.8351,tiramisu
noarr,AllHints,syr2k,1,EXTRALARGE,1.2013288119984942,22.337847666666665,26.8351,tiramisu
noarr,AllHints,syr2k,2,EXTRALARGE,1.2031639125043871,22.303777333333333,26.8351,tiramisu
noarr,AllHints,syr2k,3,EXTRALARGE,1.2144351381593017,22.096774999999997,26.8351,tiramisu
noarr,AllHints,syr2k,4,EXTRALARGE,1.5660729766861907,17.135280666666667,26.8351,tiramisu
noarr,AllHints,syr2k,5,EXTRALARGE,1.5429890322168507,17.391633666666667,26.8351,tiramisu
noarr,ChooseHints,syr2k,1,EXTRALARGE,1.2069042853285301,22.234654666666668,26.8351,tiramisu
noarr,ChooseHints,syr2k,2,EXTRALARGE,0.9892823049974306,27.125826333333332,26.8351,tiramisu
noarr,ChooseHints,syr2k,3,EXTRALARGE,1.2018325291388627,22.328485333333333,26.8351,tiramisu
noarr,ChooseHints,syr2k,4,EXTRALARGE,1.1478898368646517,23.377765999999998,26.8351,tiramisu
noarr,ChooseHints,syr2k,5,EXTRALARGE,1.1938550615973826,22.477686666666667,26.8351,tiramisu
noarr,FromPlan,syr2k,1,EXTRALARGE,0.937540789073685,28.622861333333333,26.8351,tiramisu
noarr,FromPlan,syr2k,2,EXTRALARGE,3.152779099508081,8.51157,26.8351,tiramisu
noarr,FromPlan,syr2k,4,EXTRALARGE,2.1663857143560645,12.387037,26.8351,tiramisu
noarr,FromPlan,syr2k,5,EXTRALARGE,2.3203391080609936,11.565162999999998,26.8351,tiramisu
noarr,Naive,syr2k,1,EXTRALARGE,0.9865511901803321,27.20092,26.8351,tiramisu
noarr,Naive,syr2k,2,EXTRALARGE,3.195667103590792,8.397339,26.8351,tiramisu
noarr,Naive,syr2k,3,EXTRALARGE,0.9899915735743366,27.106392333333332,26.8351,tiramisu
noarr,Naive,syr2k,4,EXTRALARGE,1.5469930759611221,17.346619333333333,26.8351,tiramisu
noarr,Naive,syr2k,5,EXTRALARGE,1.528656404607838,17.554697,26.8351,tiramisu
noarr,standard,syr2k,1,EXTRALARGE,1.1418030251391453,23.502390000000002,26.8351,tiramisu
noarr,standard,syr2k,2,EXTRALARGE,1.1663768978346893,23.007228666666666,26.8351,tiramisu
noarr,standard,syr2k,3,EXTRALARGE,1.1630549422189005,23.072942666666666,26.8351,tiramisu
noarr,standard,syr2k,5,EXTRALARGE,1.1515187317592848,23.30409333333333,26.8351,tiramisu
tiramisu,standard,syr2k,1,EXTRALARGE,1.0,26.8351,26.8351,tiramisu
c,AllHints,syrk,1,EXTRALARGE,26.27392350687305,0.41871299999999995,11.001233333333333,tiramisu
c,AllHints,syrk,2,EXTRALARGE,30.254309380717885,0.3636253333333333,11.001233333333333,tiramisu
c,AllHints,syrk,3,EXTRALARGE,31.103816670153673,0.353694,11.001233333333333,tiramisu
c,AllHints,syrk,4,EXTRALARGE,30.12790142525512,0.365151,11.001233333333333,tiramisu
c,AllHints,syrk,5,EXTRALARGE,28.15503666995674,0.39073766666666665,11.001233333333333,tiramisu
c,ChooseHints,syrk,1,EXTRALARGE,65.16726363718936,0.16881533333333332,11.001233333333333,tiramisu
c,ChooseHints,syrk,2,EXTRALARGE,30.346304464360422,0.362523,11.001233333333333,tiramisu
c,ChooseHints,syrk,3,EXTRALARGE,30.103032038804844,0.36545266666666665,11.001233333333333,tiramisu
c,ChooseHints,syrk,4,EXTRALARGE,26.158576118470798,0.42055933333333334,11.001233333333333,tiramisu
c,ChooseHints,syrk,5,EXTRALARGE,29.820590526066603,0.36891399999999996,11.001233333333333,tiramisu
c,FromPlan,syrk,1,EXTRALARGE,4.629968135361724,2.3760926666666666,11.001233333333333,tiramisu
c,FromPlan,syrk,2,EXTRALARGE,4.612165920977022,2.385264,11.001233333333333,tiramisu
c,FromPlan,syrk,3,EXTRALARGE,5.499186878078366,2.00052,11.001233333333333,tiramisu
c,FromPlan,syrk,4,EXTRALARGE,1.1447873253089964,9.609848999999999,11.001233333333333,tiramisu
c,FromPlan,syrk,5,EXTRALARGE,1.1093852580371077,9.916513,11.001233333333333,tiramisu
c,Naive,syrk,1,EXTRALARGE,30.058808474905074,0.36599033333333336,11.001233333333333,tiramisu
c,Naive,syrk,2,EXTRALARGE,1.082049180572418,10.167036333333334,11.001233333333333,tiramisu
c,Naive,syrk,3,EXTRALARGE,1.1120754382442257,9.892524333333334,11.001233333333333,tiramisu
c,Naive,syrk,4,EXTRALARGE,0.9304305163459865,11.823809666666667,11.001233333333333,tiramisu
c,Naive,syrk,5,EXTRALARGE,1.3873318185368284,7.929778,11.001233333333333,tiramisu
c,standard,syrk,1,EXTRALARGE,1.3924204118435959,7.900798666666667,11.001233333333333,tiramisu
exo,AllHints,syrk,1,EXTRALARGE,24.734045144314464,0.44478100000000004,11.001233333333333,tiramisu
exo,AllHints,syrk,2,EXTRALARGE,26.57311295688553,0.4139986666666666,11.001233333333333,tiramisu
exo,AllHints,syrk,3,EXTRALARGE,25.704857206055074,0.4279826666666667,11.001233333333333,tiramisu
exo,AllHints,syrk,4,EXTRALARGE,22.24067916767188,0.4946446666666667,11.001233333333333,tiramisu
exo,ChooseHints,syrk,1,EXTRALARGE,14.798133491999367,0.7434203333333333,11.001233333333333,tiramisu
exo,ChooseHints,syrk,2,EXTRALARGE,13.81328705982408,0.796424,11.001233333333333,tiramisu
exo,ChooseHints,syrk,4,EXTRALARGE,26.409382761887688,0.4165653333333334,11.001233333333333,tiramisu
exo,ChooseHints,syrk,5,EXTRALARGE,27.452342254067066,0.40073933333333334,11.001233333333333,tiramisu
exo,FromPlan,syrk,2,EXTRALARGE,3.127010714874839,3.5181310000000003,11.001233333333333,tiramisu
exo,Naive,syrk,1,EXTRALARGE,19.442979838712052,0.5658203333333334,11.001233333333333,tiramisu
exo,Naive,syrk,2,EXTRALARGE,29.668620680665686,0.3708036666666667,11.001233333333333,tiramisu
exo,Naive,syrk,4,EXTRALARGE,25.014893562191425,0.4397873333333333,11.001233333333333,tiramisu
exo,Naive,syrk,5,EXTRALARGE,1.309847880209187,8.398863333333333,11.001233333333333,tiramisu
exo,standard,syrk,1,EXTRALARGE,1.3048944622810548,8.430745666666667,11.001233333333333,tiramisu
exo,standard,syrk,2,EXTRALARGE,1.3212141669841895,8.326608666666667,11.001233333333333,tiramisu
exo,standard,syrk,3,EXTRALARGE,1.3114038737070512,8.388898,11.001233333333333,tiramisu
exo,standard,syrk,4,EXTRALARGE,1.3185551326575444,8.343400333333333,11.001233333333333,tiramisu
exo,standard,syrk,5,EXTRALARGE,1.3188036642967624,8.341828,11.001233333333333,tiramisu
halide,AllHints,syrk,2,EXTRALARGE,47.56727853428496,0.23127733333333333,11.001233333333333,tiramisu
halide,AllHints,syrk,3,EXTRALARGE,48.398199202252464,0.22730666666666668,11.001233333333333,tiramisu
halide,AllHints,syrk,4,EXTRALARGE,27.7378612136223,0.39661433333333335,11.001233333333333,tiramisu
halide,ChooseHints,syrk,1,EXTRALARGE,45.771785273955025,0.24034966666666668,11.001233333333333,tiramisu
halide,ChooseHints,syrk,3,EXTRALARGE,46.241090831139466,0.23791033333333333,11.001233333333333,tiramisu
halide,ChooseHints,syrk,4,EXTRALARGE,95.77810990031486,0.11486166666666668,11.001233333333333,tiramisu
halide,FromPlan,syrk,3,EXTRALARGE,40.75205033919192,0.2699553333333333,11.001233333333333,tiramisu
halide,FromPlan,syrk,5,EXTRALARGE,57.189569098914724,0.19236433333333336,11.001233333333333,tiramisu
halide,Naive,syrk,1,EXTRALARGE,46.97527384937715,0.23419199999999998,11.001233333333333,tiramisu
halide,Naive,syrk,2,EXTRALARGE,90.46719698257195,0.12160466666666665,11.001233333333333,tiramisu
halide,Naive,syrk,5,EXTRALARGE,45.40929135049979,0.2422683333333333,11.001233333333333,tiramisu
halide,standard,syrk,1,EXTRALARGE,1.1672177733615523,9.425176333333333,11.001233333333333,tiramisu
halide,standard,syrk,2,EXTRALARGE,1.1593480487286103,9.489154999999998,11.001233333333333,tiramisu
halide,standard,syrk,3,EXTRALARGE,1.186849128937816,9.269277,11.001233333333333,tiramisu
halide,standard,syrk,4,EXTRALARGE,1.1730570195699779,9.378259666666667,11.001233333333333,tiramisu
halide,standard,syrk,5,EXTRALARGE,0.9545527364667479,11.525013666666666,11.001233333333333,tiramisu
noarr,AllHints,syrk,1,EXTRALARGE,1.4115140028089401,7.793924333333333,11.001233333333333,tiramisu
noarr,AllHints,syrk,2,EXTRALARGE,0.8476061918652283,12.97918,11.001233333333333,tiramisu
noarr,AllHints,syrk,3,EXTRALARGE,1.401878825240012,7.847492333333332,11.001233333333333,tiramisu
noarr,AllHints,syrk,4,EXTRALARGE,1.1085366461114392,9.924104333333334,11.001233333333333,tiramisu
noarr,AllHints,syrk,5,EXTRALARGE,1.4251688646568252,7.7192490000000005,11.001233333333333,tiramisu
noarr,ChooseHints,syrk,1,EXTRALARGE,1.3983626162126204,7.867225,11.001233333333333,tiramisu
noarr,ChooseHints,syrk,2,EXTRALARGE,1.4091341448637569,7.807087333333333,11.001233333333333,tiramisu
noarr,ChooseHints,syrk,3,EXTRALARGE,1.3793205768842176,7.975835,11.001233333333333,tiramisu
noarr,ChooseHints,syrk,4,EXTRALARGE,0.8283213172024882,13.281359666666667,11.001233333333333,tiramisu
noarr,FromPlan,syrk,1,EXTRALARGE,1.109383579951908,9.916528,11.001233333333333,tiramisu
noarr,FromPlan,syrk,2,EXTRALARGE,1.1085106947534025,9.924336666666667,11.001233333333333,tiramisu
noarr,FromPlan,syrk,3,EXTRALARGE,1.1072205803459985,9.935900333333334,11.001233333333333,tiramisu
noarr,FromPlan,syrk,5,EXTRALARGE,1.4167025703272116,7.765379666666667,11.001233333333333,tiramisu
noarr,Naive,syrk,1,EXTRALARGE,1.4010413834386353,7.852183,11.001233333333333,tiramisu
noarr,Naive,syrk,2,EXTRALARGE,1.1135093864222079,9.879785,11.001233333333333,tiramisu
noarr,Naive,syrk,3,EXTRALARGE,0.8239139734523738,13.352405333333332,11.001233333333333,tiramisu
noarr,Naive,syrk,4,EXTRALARGE,1.3575501352873283,8.10374,11.001233333333333,tiramisu
noarr,Naive,syrk,5,EXTRALARGE,1.348420549406698,8.158607,11.001233333333333,tiramisu
noarr,standard,syrk,1,EXTRALARGE,1.3392055919605057,8.214745666666667,11.001233333333333,tiramisu
noarr,standard,syrk,2,EXTRALARGE,1.417376392008199,7.7616879999999995,11.001233333333333,tiramisu
noarr,standard,syrk,4,EXTRALARGE,1.3673289997730074,8.045783666666667,11.001233333333333,tiramisu
noarr,standard,syrk,5,EXTRALARGE,1.3664527662577333,8.050943,11.001233333333333,tiramisu
tiramisu,standard,syrk,1,EXTRALARGE,1.0,11.001233333333333,11.001233333333333,tiramisu
c,AllHints,trisolv,3,EXTRALARGE,1.0485548542076615,0.013043666666666667,0.013677,tiramisu
c,AllHints,trisolv,4,EXTRALARGE,1.0707742895169499,0.012773,0.013677,tiramisu
c,AllHints,trisolv,5,EXTRALARGE,1.0554055096843893,0.012959,0.013677,tiramisu
c,ChooseHints,trisolv,1,EXTRALARGE,1.0706625264201655,0.012774333333333332,0.013677,tiramisu
c,ChooseHints,trisolv,3,EXTRALARGE,1.061356993196927,0.012886333333333333,0.013677,tiramisu
c,FromPlan,trisolv,1,EXTRALARGE,1.0590011614401857,0.012915000000000001,0.013677,tiramisu
c,FromPlan,trisolv,2,EXTRALARGE,2.4334855583891817,0.005620333333333334,0.013677,tiramisu
c,FromPlan,trisolv,3,EXTRALARGE,2.349327225880332,0.005821666666666667,0.013677,tiramisu
c,FromPlan,trisolv,4,EXTRALARGE,2.3388816051986545,0.005847666666666667,0.013677,tiramisu
c,FromPlan,trisolv,5,EXTRALARGE,1.0587005882960057,0.012918666666666667,0.013677,tiramisu
c,Naive,trisolv,1,EXTRALARGE,1.0459887322507457,0.013075666666666666,0.013677,tiramisu
c,Naive,trisolv,2,EXTRALARGE,1.0661833489242283,0.012827999999999999,0.013677,tiramisu
c,Naive,trisolv,3,EXTRALARGE,1.067320448456156,0.012814333333333332,0.013677,tiramisu
c,Naive,trisolv,4,EXTRALARGE,1.059137842023748,0.012913333333333334,0.013677,tiramisu
c,standard,trisolv,1,EXTRALARGE,1.0505953143003457,0.013018333333333333,0.013677,tiramisu
exo,AllHints,trisolv,1,EXTRALARGE,1.0629242008186104,0.012867333333333333,0.013677,tiramisu
exo,AllHints,trisolv,2,EXTRALARGE,1.0470029855316543,0.013063,0.013677,tiramisu
exo,AllHints,trisolv,3,EXTRALARGE,1.042772186642269,0.013116000000000001,0.013677,tiramisu
exo,AllHints,trisolv,4,EXTRALARGE,1.043461675397996,0.013107333333333334,0.013677,tiramisu
exo,AllHints,trisolv,5,EXTRALARGE,1.0648275504113358,0.012844333333333333,0.013677,tiramisu
exo,ChooseHints,trisolv,1,EXTRALARGE,1.0588098678777869,0.012917333333333334,0.013677,tiramisu
exo,ChooseHints,trisolv,2,EXTRALARGE,1.0557857087718396,0.012954333333333333,0.013677,tiramisu
exo,ChooseHints,trisolv,3,EXTRALARGE,1.0482066217044759,0.013047999999999999,0.013677,tiramisu
exo,ChooseHints,trisolv,5,EXTRALARGE,1.0812712467388725,0.012649,0.013677,tiramisu
exo,FromPlan,trisolv,3,EXTRALARGE,1.0644408125145925,0.012849,0.013677,tiramisu
exo,FromPlan,trisolv,4,EXTRALARGE,1.0577180862033408,0.012930666666666667,0.013677,tiramisu
exo,FromPlan,trisolv,5,EXTRALARGE,1.0509182183746124,0.013014333333333334,0.013677,tiramisu
exo,Naive,trisolv,1,EXTRALARGE,1.0337087143828887,0.013231,0.013677,tiramisu
exo,Naive,trisolv,3,EXTRALARGE,1.0521578582967919,0.012999000000000002,0.013677,tiramisu
exo,Naive,trisolv,4,EXTRALARGE,1.0572547604937,0.012936333333333333,0.013677,tiramisu
exo,Naive,trisolv,5,EXTRALARGE,1.0554326576808313,0.012958666666666667,0.013677,tiramisu
exo,standard,trisolv,1,EXTRALARGE,1.0398915274856173,0.013152333333333334,0.013677,tiramisu
exo,standard,trisolv,2,EXTRALARGE,1.0301014259891543,0.013277333333333334,0.013677,tiramisu
exo,standard,trisolv,3,EXTRALARGE,1.041792560619525,0.013128333333333334,0.013677,tiramisu
exo,standard,trisolv,4,EXTRALARGE,1.0396807297605473,0.013155,0.013677,tiramisu
exo,standard,trisolv,5,EXTRALARGE,1.040366135043992,0.013146333333333335,0.013677,tiramisu
halide,ChooseHints,trisolv,4,EXTRALARGE,0.9186798916328952,0.014887666666666667,0.013677,tiramisu
halide,FromPlan,trisolv,4,EXTRALARGE,0.9217963695183322,0.014837333333333333,0.013677,tiramisu
halide,Naive,trisolv,5,EXTRALARGE,0.7540245516024698,0.018138666666666668,0.013677,tiramisu
halide,standard,trisolv,2,EXTRALARGE,0.7150874013140697,0.019126333333333332,0.013677,tiramisu
halide,standard,trisolv,3,EXTRALARGE,0.716160787530763,0.019097666666666666,0.013677,tiramisu
noarr,AllHints,trisolv,1,EXTRALARGE,1.0934019080104462,0.012508666666666666,0.013677,tiramisu
noarr,AllHints,trisolv,2,EXTRALARGE,1.080018951857019,0.012663666666666665,0.013677,tiramisu
noarr,AllHints,trisolv,3,EXTRALARGE,1.0904669519228214,0.012542333333333334,0.013677,tiramisu
noarr,AllHints,trisolv,4,EXTRALARGE,1.0918017083100504,0.012526999999999998,0.013677,tiramisu
noarr,AllHints,trisolv,5,EXTRALARGE,1.0979956648558966,0.012456333333333333,0.013677,tiramisu
noarr,ChooseHints,trisolv,1,EXTRALARGE,1.0831265508684864,0.012627333333333332,0.013677,tiramisu
noarr,ChooseHints,trisolv,2,EXTRALARGE,1.088384307276055,0.012566333333333332,0.013677,tiramisu
noarr,ChooseHints,trisolv,3,EXTRALARGE,1.080018951857019,0.012663666666666665,0.013677,tiramisu
noarr,ChooseHints,trisolv,4,EXTRALARGE,1.0877206934945125,0.012574,0.013677,tiramisu
noarr,ChooseHints,trisolv,5,EXTRALARGE,1.0896850268231795,0.012551333333333333,0.013677,tiramisu
noarr,FromPlan,trisolv,1,EXTRALARGE,1.0841568461660414,0.012615333333333333,0.013677,tiramisu
noarr,FromPlan,trisolv,2,EXTRALARGE,1.0852465086754126,0.012602666666666667,0.013677,tiramisu
noarr,FromPlan,trisolv,3,EXTRALARGE,1.0824693312227938,0.012635,0.013677,tiramisu
noarr,FromPlan,trisolv,4,EXTRALARGE,1.0788262824389347,0.012677666666666665,0.013677,tiramisu
noarr,FromPlan,trisolv,5,EXTRALARGE,1.0920923052354208,0.012523666666666667,0.013677,tiramisu
noarr,Naive,trisolv,1,EXTRALARGE,1.0920632385819227,0.012524,0.013677,tiramisu
noarr,Naive,trisolv,2,EXTRALARGE,1.0911629391271973,0.012534333333333333,0.013677,tiramisu
noarr,Naive,trisolv,3,EXTRALARGE,1.0822980137690907,0.012637,0.013677,tiramisu
noarr,Naive,trisolv,4,EXTRALARGE,1.0896850268231795,0.012551333333333333,0.013677,tiramisu
noarr,Naive,trisolv,5,EXTRALARGE,1.086683616716987,0.012586,0.013677,tiramisu
noarr,standard,trisolv,2,EXTRALARGE,1.0835842180320077,0.012622,0.013677,tiramisu
noarr,standard,trisolv,4,EXTRALARGE,1.0832409314113733,0.012626,0.013677,tiramisu
noarr,standard,trisolv,5,EXTRALARGE,1.1018287279465078,0.012412999999999999,0.013677,tiramisu
tiramisu,standard,trisolv,1,EXTRALARGE,1.0,0.013677,0.013677,tiramisu
c,AllHints,trmm,1,EXTRALARGE,26.67571016239683,0.3539683333333333,9.442356666666667,tiramisu
c,AllHints,trmm,2,EXTRALARGE,2.9454760222498466,3.205715,9.442356666666667,tiramisu
c,AllHints,trmm,3,EXTRALARGE,3.208158421726315,2.943232666666667,9.442356666666667,tiramisu
c,AllHints,trmm,4,EXTRALARGE,3.394553054215409,2.78162,9.442356666666667,tiramisu
c,AllHints,trmm,5,EXTRALARGE,43.890446913871,0.21513466666666667,9.442356666666667,tiramisu
c,ChooseHints,trmm,1,EXTRALARGE,3.4021165203112838,2.7754359999999996,9.442356666666667,tiramisu
c,ChooseHints,trmm,2,EXTRALARGE,3.440244138076269,2.744676333333333,9.442356666666667,tiramisu
c,ChooseHints,trmm,3,EXTRALARGE,3.417925586006219,2.762598666666667,9.442356666666667,tiramisu
c,ChooseHints,trmm,4,EXTRALARGE,86.78104895533363,0.10880666666666666,9.442356666666667,tiramisu
c,ChooseHints,trmm,5,EXTRALARGE,3.7111246342369295,2.5443383333333336,9.442356666666667,tiramisu
c,FromPlan,trmm,1,EXTRALARGE,7.076034143335363,1.3344136666666666,9.442356666666667,tiramisu
c,FromPlan,trmm,2,EXTRALARGE,5.249247369452928,1.798802,9.442356666666667,tiramisu
c,FromPlan,trmm,3,EXTRALARGE,3.6729868543260475,2.570757,9.442356666666667,tiramisu
c,FromPlan,trmm,4,EXTRALARGE,49.37472547392787,0.19123866666666667,9.442356666666667,tiramisu
c,FromPlan,trmm,5,EXTRALARGE,24.518341755082044,0.385114,9.442356666666667,tiramisu
c,Naive,trmm,1,EXTRALARGE,3.3935652641234775,2.782429666666667,9.442356666666667,tiramisu
c,Naive,trmm,2,EXTRALARGE,3.380768040047329,2.7929619999999997,9.442356666666667,tiramisu
c,Naive,trmm,3,EXTRALARGE,3.400404537542764,2.7768333333333337,9.442356666666667,tiramisu
c,Naive,trmm,4,EXTRALARGE,3.7222963780005167,2.536702,9.442356666666667,tiramisu
c,Naive,trmm,5,EXTRALARGE,3.388515750751699,2.786576,9.442356666666667,tiramisu
c,standard,trmm,1,EXTRALARGE,0.9960066655314368,9.480214333333334,9.442356666666667,tiramisu
exo,AllHints,trmm,1,EXTRALARGE,30.99034965937722,0.304687,9.442356666666667,tiramisu
exo,AllHints,trmm,2,EXTRALARGE,20.8270434009014,0.45337,9.442356666666667,tiramisu
exo,AllHints,trmm,3,EXTRALARGE,3.101790081150915,3.0441636666666665,9.442356666666667,tiramisu
exo,AllHints,trmm,4,EXTRALARGE,0.19801577042435314,47.684872000000006,9.442356666666667,tiramisu
exo,ChooseHints,trmm,2,EXTRALARGE,2.106366838118223,4.482769333333334,9.442356666666667,tiramisu
exo,ChooseHints,trmm,4,EXTRALARGE,3.2905498249253395,2.8695376666666665,9.442356666666667,tiramisu
exo,FromPlan,trmm,1,EXTRALARGE,3.299879523882858,2.8614246666666667,9.442356666666667,tiramisu
exo,FromPlan,trmm,4,EXTRALARGE,3.280472084788303,2.878353,9.442356666666667,tiramisu
exo,Naive,trmm,2,EXTRALARGE,3.3891222449915244,2.7860773333333335,9.442356666666667,tiramisu
exo,Naive,trmm,3,EXTRALARGE,2.000772987095763,4.719354333333333,9.442356666666667,tiramisu
exo,Naive,trmm,4,EXTRALARGE,0.20157208187952017,46.843573666666664,9.442356666666667,tiramisu
exo,Naive,trmm,5,EXTRALARGE,30.91803199959834,0.3053996666666667,9.442356666666667,tiramisu
exo,standard,trmm,1,EXTRALARGE,0.9819322077786573,9.616098333333333,9.442356666666667,tiramisu
exo,standard,trmm,2,EXTRALARGE,0.9779918373254235,9.654842,9.442356666666667,tiramisu
exo,standard,trmm,3,EXTRALARGE,0.9848787910542757,9.587328666666666,9.442356666666667,tiramisu
exo,standard,trmm,4,EXTRALARGE,0.9817142101039272,9.618233666666667,9.442356666666667,tiramisu
exo,standard,trmm,5,EXTRALARGE,0.9820794092463899,9.614657,9.442356666666667,tiramisu
halide,AllHints,trmm,2,EXTRALARGE,67.12639456298164,0.14066533333333334,9.442356666666667,tiramisu
halide,AllHints,trmm,4,EXTRALARGE,53.882222923902745,0.17524066666666668,9.442356666666667,tiramisu
halide,standard,trmm,1,EXTRALARGE,0.8472604142829083,11.144574333333333,9.442356666666667,tiramisu
halide,standard,trmm,4,EXTRALARGE,0.8643356441930088,10.924409666666667,9.442356666666667,tiramisu
halide,standard,trmm,5,EXTRALARGE,2.0368599774577603,4.635741666666667,9.442356666666667,tiramisu
noarr,AllHints,trmm,1,EXTRALARGE,54.23628635432422,0.17409666666666668,9.442356666666667,tiramisu
noarr,AllHints,trmm,3,EXTRALARGE,3.266256118954294,2.8908806666666664,9.442356666666667,tiramisu
noarr,AllHints,trmm,4,EXTRALARGE,2.8686561381261555,3.291561,9.442356666666667,tiramisu
noarr,AllHints,trmm,5,EXTRALARGE,3.2177028995376507,2.934502333333333,9.442356666666667,tiramisu
noarr,ChooseHints,trmm,1,EXTRALARGE,3.2370061555187526,2.917003,9.442356666666667,tiramisu
noarr,ChooseHints,trmm,2,EXTRALARGE,1.2662613287463678,7.456878333333333,9.442356666666667,tiramisu
noarr,ChooseHints,trmm,3,EXTRALARGE,1.2652018583106053,7.463122666666667,9.442356666666667,tiramisu
noarr,ChooseHints,trmm,4,EXTRALARGE,3.2579499383133714,2.898251,9.442356666666667,tiramisu
noarr,ChooseHints,trmm,5,EXTRALARGE,3.242478828704205,2.912079666666667,9.442356666666667,tiramisu
noarr,FromPlan,trmm,2,EXTRALARGE,3.86132286819777,2.445368333333333,9.442356666666667,tiramisu
noarr,FromPlan,trmm,3,EXTRALARGE,3.2556164618143812,2.900328333333333,9.442356666666667,tiramisu
noarr,FromPlan,trmm,4,EXTRALARGE,3.254812576710872,2.901044666666667,9.442356666666667,tiramisu
noarr,FromPlan,trmm,5,EXTRALARGE,3.2513043004180764,2.904175,9.442356666666667,tiramisu
noarr,Naive,trmm,1,EXTRALARGE,3.2246411746056864,2.9281883333333334,9.442356666666667,tiramisu
noarr,Naive,trmm,2,EXTRALARGE,3.2430493908092113,2.9115673333333336,9.442356666666667,tiramisu
noarr,Naive,trmm,3,EXTRALARGE,1.0121145456296854,9.329336,9.442356666666667,tiramisu
noarr,Naive,trmm,4,EXTRALARGE,1.0130053588627075,9.321132,9.442356666666667,tiramisu
noarr,Naive,trmm,5,EXTRALARGE,3.2184848991656754,2.9337893333333334,9.442356666666667,tiramisu
noarr,standard,trmm,1,EXTRALARGE,3.2576419615724093,2.898525,9.442356666666667,tiramisu
noarr,standard,trmm,2,EXTRALARGE,1.0091014117873454,9.357193,9.442356666666667,tiramisu
noarr,standard,trmm,3,EXTRALARGE,1.0165457876003396,9.288668333333334,9.442356666666667,tiramisu
noarr,standard,trmm,4,EXTRALARGE,0.941497352998715,10.029084666666668,9.442356666666667,tiramisu
noarr,standard,trmm,5,EXTRALARGE,0.9990182651630634,9.451635666666666,9.442356666666667,tiramisu
tiramisu,standard,trmm,1,EXTRALARGE,1.0,9.442356666666667,9.442356666666667,tiramisu
