framework,version,algorithm,run,time_s,repetition,dataset_size,data_type
c,choose_hints,2mm,1,0.018546,1,LARGE,DOUBLE
c,choose_hints,2mm,2,0.020263,1,LARGE,DOUBLE
c,choose_hints,2mm,3,0.018426,1,LARGE,DOUBLE
c,choose_hints,2mm,4,0.019187,1,LARGE,DOUBLE
c,choose_hints,2mm,5,0.020202,1,LARGE,DOUBLE
c,choose_hints,3mm,1,0.040273,1,LARGE,DOUBLE
c,choose_hints,3mm,2,0.040275,1,LARGE,DOUBLE
c,choose_hints,3mm,3,0.039620,1,LARGE,DOUBLE
c,choose_hints,3mm,4,0.040183,1,LARGE,DOUBLE
c,choose_hints,3mm,5,0.040130,1,LARGE,DOUBLE
c,choose_hints,atax,1,0.001141,1,LARGE,DOUBLE
c,choose_hints,atax,2,0.001148,1,LARGE,DOUBLE
c,choose_hints,atax,3,0.001136,1,LARGE,DOUBLE
c,choose_hints,atax,4,0.001112,1,LARGE,DOUBLE
c,choose_hints,atax,5,0.001165,1,LARGE,DOUBLE
c,choose_hints,bicg,1,0.006131,1,LARGE,DOUBLE
c,choose_hints,bicg,2,0.006173,1,LARGE,DOUBLE
c,choose_hints,bicg,3,0.006080,1,LARGE,DOUBLE
c,choose_hints,bicg,4,0.006230,1,LARGE,DOUBLE
c,choose_hints,bicg,5,0.006264,1,LARGE,DOUBLE
c,choose_hints,cholesky,1,1.901036,1,LARGE,DOUBLE
c,choose_hints,cholesky,2,1.897229,1,LARGE,DOUBLE
c,choose_hints,cholesky,3,1.900298,1,LARGE,DOUBLE
c,choose_hints,cholesky,4,1.898588,1,LARGE,DOUBLE
c,choose_hints,cholesky,5,1.903267,1,LARGE,DOUBLE
c,choose_hints,correlation,1,0.441845,1,LARGE,DOUBLE
c,choose_hints,correlation,2,0.447688,1,LARGE,DOUBLE
c,choose_hints,correlation,3,0.439201,1,LARGE,DOUBLE
c,choose_hints,correlation,4,0.439735,1,LARGE,DOUBLE
c,choose_hints,correlation,5,0.443118,1,LARGE,DOUBLE
c,choose_hints,covariance,1,0.439112,1,LARGE,DOUBLE
c,choose_hints,covariance,2,0.443106,1,LARGE,DOUBLE
c,choose_hints,covariance,3,0.439635,1,LARGE,DOUBLE
c,choose_hints,covariance,4,0.437124,1,LARGE,DOUBLE
c,choose_hints,covariance,5,0.444129,1,LARGE,DOUBLE
c,choose_hints,deriche,1,0.077410,1,LARGE,DOUBLE
c,choose_hints,deriche,2,0.078730,1,LARGE,DOUBLE
c,choose_hints,deriche,3,0.078069,1,LARGE,DOUBLE
c,choose_hints,deriche,4,0.079223,1,LARGE,DOUBLE
c,choose_hints,deriche,5,0.078508,1,LARGE,DOUBLE
c,choose_hints,doitgen,1,0.129916,1,LARGE,DOUBLE
c,choose_hints,doitgen,2,0.129891,1,LARGE,DOUBLE
c,choose_hints,doitgen,3,0.129794,1,LARGE,DOUBLE
c,choose_hints,doitgen,4,0.129774,1,LARGE,DOUBLE
c,choose_hints,doitgen,5,0.129800,1,LARGE,DOUBLE
c,choose_hints,durbin,1,0.004002,1,LARGE,DOUBLE
c,choose_hints,durbin,2,0.004007,1,LARGE,DOUBLE
c,choose_hints,durbin,3,0.004005,1,LARGE,DOUBLE
c,choose_hints,durbin,4,0.004001,1,LARGE,DOUBLE
c,choose_hints,durbin,5,0.004000,1,LARGE,DOUBLE
c,choose_hints,floyd-warshall,1,1.183829,1,LARGE,DOUBLE
c,choose_hints,floyd-warshall,2,1.181288,1,LARGE,DOUBLE
c,choose_hints,floyd-warshall,3,1.203167,1,LARGE,DOUBLE
c,choose_hints,floyd-warshall,4,1.183758,1,LARGE,DOUBLE
c,choose_hints,floyd-warshall,5,1.181539,1,LARGE,DOUBLE
c,choose_hints,gemm,1,0.013989,1,LARGE,DOUBLE
c,choose_hints,gemm,2,0.014033,1,LARGE,DOUBLE
c,choose_hints,gemm,3,0.013923,1,LARGE,DOUBLE
c,choose_hints,gemm,4,0.014023,1,LARGE,DOUBLE
c,choose_hints,gemm,5,0.014730,1,LARGE,DOUBLE
c,choose_hints,gemver,1,0.006287,1,LARGE,DOUBLE
c,choose_hints,gemver,2,0.006296,1,LARGE,DOUBLE
c,choose_hints,gemver,3,0.006307,1,LARGE,DOUBLE
c,choose_hints,gemver,4,0.006169,1,LARGE,DOUBLE
c,choose_hints,gemver,5,0.006198,1,LARGE,DOUBLE
c,choose_hints,gesummv,1,0.000875,1,LARGE,DOUBLE
c,choose_hints,gesummv,2,0.000901,1,LARGE,DOUBLE
c,choose_hints,gesummv,3,0.000901,1,LARGE,DOUBLE
c,choose_hints,gesummv,4,0.000899,1,LARGE,DOUBLE
c,choose_hints,gesummv,5,0.000891,1,LARGE,DOUBLE
c,choose_hints,gramschmidt,1,0.628531,1,LARGE,DOUBLE
c,choose_hints,gramschmidt,2,0.611892,1,LARGE,DOUBLE
c,choose_hints,gramschmidt,3,0.612119,1,LARGE,DOUBLE
c,choose_hints,gramschmidt,4,0.617991,1,LARGE,DOUBLE
c,choose_hints,gramschmidt,5,0.615151,1,LARGE,DOUBLE
c,choose_hints,heat-3d,1,1.513718,1,LARGE,DOUBLE
c,choose_hints,heat-3d,2,1.619724,1,LARGE,DOUBLE
c,choose_hints,heat-3d,3,1.411674,1,LARGE,DOUBLE
c,choose_hints,heat-3d,4,1.518443,1,LARGE,DOUBLE
c,choose_hints,heat-3d,5,1.421036,1,LARGE,DOUBLE
c,choose_hints,jacobi-2d,1,0.167199,1,LARGE,DOUBLE
c,choose_hints,jacobi-2d,2,0.166520,1,LARGE,DOUBLE
c,choose_hints,jacobi-2d,3,0.160341,1,LARGE,DOUBLE
c,choose_hints,jacobi-2d,4,0.166444,1,LARGE,DOUBLE
c,choose_hints,jacobi-2d,5,0.167227,1,LARGE,DOUBLE
c,choose_hints,lu,1,3.398851,1,LARGE,DOUBLE
c,choose_hints,lu,2,3.434000,1,LARGE,DOUBLE
c,choose_hints,lu,3,3.387670,1,LARGE,DOUBLE
c,choose_hints,lu,4,3.436047,1,LARGE,DOUBLE
c,choose_hints,lu,5,3.397014,1,LARGE,DOUBLE
c,choose_hints,ludcmp,1,2.302179,1,LARGE,DOUBLE
c,choose_hints,ludcmp,2,2.337812,1,LARGE,DOUBLE
c,choose_hints,ludcmp,3,2.334517,1,LARGE,DOUBLE
c,choose_hints,ludcmp,4,2.326534,1,LARGE,DOUBLE
c,choose_hints,ludcmp,5,2.332519,1,LARGE,DOUBLE
c,choose_hints,mvt,1,0.003041,1,LARGE,DOUBLE
c,choose_hints,mvt,2,0.003139,1,LARGE,DOUBLE
c,choose_hints,mvt,3,0.002952,1,LARGE,DOUBLE
c,choose_hints,mvt,4,0.002791,1,LARGE,DOUBLE
c,choose_hints,mvt,5,0.003150,1,LARGE,DOUBLE
c,choose_hints,nussinov,1,0.091679,1,LARGE,DOUBLE
c,choose_hints,nussinov,2,0.091790,1,LARGE,DOUBLE
c,choose_hints,nussinov,3,0.091890,1,LARGE,DOUBLE
c,choose_hints,nussinov,4,0.091448,1,LARGE,DOUBLE
c,choose_hints,nussinov,5,0.091779,1,LARGE,DOUBLE
c,choose_hints,seidel-2d,1,20.025406,1,LARGE,DOUBLE
c,choose_hints,seidel-2d,2,20.024956,1,LARGE,DOUBLE
c,choose_hints,seidel-2d,3,20.024063,1,LARGE,DOUBLE
c,choose_hints,seidel-2d,4,20.024745,1,LARGE,DOUBLE
c,choose_hints,seidel-2d,5,20.024909,1,LARGE,DOUBLE
c,choose_hints,symm,1,0.485710,1,LARGE,DOUBLE
c,choose_hints,symm,2,0.470275,1,LARGE,DOUBLE
c,choose_hints,symm,3,0.469244,1,LARGE,DOUBLE
c,choose_hints,symm,4,0.465230,1,LARGE,DOUBLE
c,choose_hints,symm,5,0.473359,1,LARGE,DOUBLE
c,choose_hints,syrk,1,0.017197,1,LARGE,DOUBLE
c,choose_hints,syrk,2,0.017226,1,LARGE,DOUBLE
c,choose_hints,syrk,3,0.017257,1,LARGE,DOUBLE
c,choose_hints,syrk,4,0.017261,1,LARGE,DOUBLE
c,choose_hints,syrk,5,0.017192,1,LARGE,DOUBLE
c,choose_hints,trisolv,1,0.003095,1,LARGE,DOUBLE
c,choose_hints,trisolv,2,0.003108,1,LARGE,DOUBLE
c,choose_hints,trisolv,3,0.003078,1,LARGE,DOUBLE
c,choose_hints,trisolv,4,0.003074,1,LARGE,DOUBLE
c,choose_hints,trisolv,5,0.003086,1,LARGE,DOUBLE
c,choose_hints,trmm,1,0.203388,1,LARGE,DOUBLE
c,choose_hints,trmm,2,0.207834,1,LARGE,DOUBLE
c,choose_hints,trmm,3,0.204059,1,LARGE,DOUBLE
c,choose_hints,trmm,4,0.201675,1,LARGE,DOUBLE
c,choose_hints,trmm,5,0.200282,1,LARGE,DOUBLE
c,choose_hints,2mm,1,0.019124,2,LARGE,DOUBLE
c,choose_hints,2mm,2,0.018245,2,LARGE,DOUBLE
c,choose_hints,2mm,3,0.018846,2,LARGE,DOUBLE
c,choose_hints,2mm,4,0.018986,2,LARGE,DOUBLE
c,choose_hints,2mm,5,0.018450,2,LARGE,DOUBLE
c,choose_hints,3mm,1,0.038861,2,LARGE,DOUBLE
c,choose_hints,3mm,2,0.038352,2,LARGE,DOUBLE
c,choose_hints,3mm,3,0.038566,2,LARGE,DOUBLE
c,choose_hints,3mm,4,0.038340,2,LARGE,DOUBLE
c,choose_hints,3mm,5,0.038373,2,LARGE,DOUBLE
c,choose_hints,adi,1,0.593001,2,LARGE,DOUBLE
c,choose_hints,adi,2,0.596367,2,LARGE,DOUBLE
c,choose_hints,adi,3,0.587628,2,LARGE,DOUBLE
c,choose_hints,adi,4,0.583742,2,LARGE,DOUBLE
c,choose_hints,adi,5,0.593427,2,LARGE,DOUBLE
c,choose_hints,atax,1,0.001483,2,LARGE,DOUBLE
c,choose_hints,atax,2,0.001471,2,LARGE,DOUBLE
c,choose_hints,atax,3,0.001498,2,LARGE,DOUBLE
c,choose_hints,atax,4,0.001502,2,LARGE,DOUBLE
c,choose_hints,atax,5,0.001498,2,LARGE,DOUBLE
c,choose_hints,bicg,1,0.001128,2,LARGE,DOUBLE
c,choose_hints,bicg,2,0.001116,2,LARGE,DOUBLE
c,choose_hints,bicg,3,0.001098,2,LARGE,DOUBLE
c,choose_hints,bicg,4,0.001130,2,LARGE,DOUBLE
c,choose_hints,bicg,5,0.001112,2,LARGE,DOUBLE
c,choose_hints,correlation,1,0.546158,2,LARGE,DOUBLE
c,choose_hints,correlation,2,0.551144,2,LARGE,DOUBLE
c,choose_hints,correlation,3,0.531386,2,LARGE,DOUBLE
c,choose_hints,correlation,4,0.549328,2,LARGE,DOUBLE
c,choose_hints,correlation,5,0.538839,2,LARGE,DOUBLE
c,choose_hints,covariance,1,0.066659,2,LARGE,DOUBLE
c,choose_hints,covariance,2,0.066510,2,LARGE,DOUBLE
c,choose_hints,covariance,3,0.066627,2,LARGE,DOUBLE
c,choose_hints,covariance,4,0.066110,2,LARGE,DOUBLE
c,choose_hints,covariance,5,0.066511,2,LARGE,DOUBLE
c,choose_hints,deriche,1,0.044382,2,LARGE,DOUBLE
c,choose_hints,deriche,2,0.045070,2,LARGE,DOUBLE
c,choose_hints,deriche,3,0.042666,2,LARGE,DOUBLE
c,choose_hints,deriche,4,0.043545,2,LARGE,DOUBLE
c,choose_hints,deriche,5,0.041899,2,LARGE,DOUBLE
c,choose_hints,doitgen,1,0.002589,2,LARGE,DOUBLE
c,choose_hints,doitgen,2,0.002594,2,LARGE,DOUBLE
c,choose_hints,doitgen,3,0.002646,2,LARGE,DOUBLE
c,choose_hints,doitgen,4,0.002613,2,LARGE,DOUBLE
c,choose_hints,doitgen,5,0.002660,2,LARGE,DOUBLE
c,choose_hints,durbin,1,0.004967,2,LARGE,DOUBLE
c,choose_hints,durbin,2,0.004948,2,LARGE,DOUBLE
c,choose_hints,durbin,3,0.004866,2,LARGE,DOUBLE
c,choose_hints,durbin,4,0.004935,2,LARGE,DOUBLE
c,choose_hints,durbin,5,0.004950,2,LARGE,DOUBLE
c,choose_hints,fdtd-2d,1,0.142942,2,LARGE,DOUBLE
c,choose_hints,fdtd-2d,2,0.112165,2,LARGE,DOUBLE
c,choose_hints,fdtd-2d,3,0.117168,2,LARGE,DOUBLE
c,choose_hints,fdtd-2d,4,0.117206,2,LARGE,DOUBLE
c,choose_hints,fdtd-2d,5,0.112235,2,LARGE,DOUBLE
c,choose_hints,floyd-warshall,1,15.165696,2,LARGE,DOUBLE
c,choose_hints,floyd-warshall,2,15.222781,2,LARGE,DOUBLE
c,choose_hints,floyd-warshall,3,14.888831,2,LARGE,DOUBLE
c,choose_hints,floyd-warshall,4,14.879301,2,LARGE,DOUBLE
c,choose_hints,floyd-warshall,5,15.035740,2,LARGE,DOUBLE
c,choose_hints,gemm,1,0.011805,2,LARGE,DOUBLE
c,choose_hints,gemm,2,0.011509,2,LARGE,DOUBLE
c,choose_hints,gemm,3,0.011553,2,LARGE,DOUBLE
c,choose_hints,gemm,4,0.011620,2,LARGE,DOUBLE
c,choose_hints,gemm,5,0.011466,2,LARGE,DOUBLE
c,choose_hints,gemver,1,0.001576,2,LARGE,DOUBLE
c,choose_hints,gemver,2,0.001466,2,LARGE,DOUBLE
c,choose_hints,gemver,3,0.001516,2,LARGE,DOUBLE
c,choose_hints,gemver,4,0.001628,2,LARGE,DOUBLE
c,choose_hints,gemver,5,0.001460,2,LARGE,DOUBLE
c,choose_hints,gesummv,1,0.000888,2,LARGE,DOUBLE
c,choose_hints,gesummv,2,0.000916,2,LARGE,DOUBLE
c,choose_hints,gesummv,3,0.000892,2,LARGE,DOUBLE
c,choose_hints,gesummv,4,0.000919,2,LARGE,DOUBLE
c,choose_hints,gesummv,5,0.000904,2,LARGE,DOUBLE
c,choose_hints,heat-3d,1,1.665750,2,LARGE,DOUBLE
c,choose_hints,heat-3d,2,1.399365,2,LARGE,DOUBLE
c,choose_hints,heat-3d,3,1.660533,2,LARGE,DOUBLE
c,choose_hints,heat-3d,4,1.445171,2,LARGE,DOUBLE
c,choose_hints,heat-3d,5,1.599766,2,LARGE,DOUBLE
c,choose_hints,jacobi-1d,1,0.008892,2,LARGE,DOUBLE
c,choose_hints,jacobi-1d,2,0.008502,2,LARGE,DOUBLE
c,choose_hints,jacobi-1d,3,0.008530,2,LARGE,DOUBLE
c,choose_hints,jacobi-1d,4,0.008259,2,LARGE,DOUBLE
c,choose_hints,jacobi-1d,5,0.008398,2,LARGE,DOUBLE
c,choose_hints,jacobi-2d,1,0.161377,2,LARGE,DOUBLE
c,choose_hints,jacobi-2d,2,0.166923,2,LARGE,DOUBLE
c,choose_hints,jacobi-2d,3,0.167244,2,LARGE,DOUBLE
c,choose_hints,jacobi-2d,4,0.162326,2,LARGE,DOUBLE
c,choose_hints,jacobi-2d,5,0.159970,2,LARGE,DOUBLE
c,choose_hints,lu,1,2.905878,2,LARGE,DOUBLE
c,choose_hints,lu,2,2.930831,2,LARGE,DOUBLE
c,choose_hints,lu,3,2.870946,2,LARGE,DOUBLE
c,choose_hints,lu,4,2.907829,2,LARGE,DOUBLE
c,choose_hints,lu,5,2.869638,2,LARGE,DOUBLE
c,choose_hints,ludcmp,1,2.420743,2,LARGE,DOUBLE
c,choose_hints,ludcmp,2,2.389197,2,LARGE,DOUBLE
c,choose_hints,ludcmp,3,2.411297,2,LARGE,DOUBLE
c,choose_hints,ludcmp,4,2.446998,2,LARGE,DOUBLE
c,choose_hints,ludcmp,5,2.325597,2,LARGE,DOUBLE
c,choose_hints,mvt,1,0.001387,2,LARGE,DOUBLE
c,choose_hints,mvt,2,0.001486,2,LARGE,DOUBLE
c,choose_hints,mvt,3,0.001444,2,LARGE,DOUBLE
c,choose_hints,mvt,4,0.001391,2,LARGE,DOUBLE
c,choose_hints,mvt,5,0.001339,2,LARGE,DOUBLE
c,choose_hints,nussinov,1,0.133858,2,LARGE,DOUBLE
c,choose_hints,nussinov,2,0.132051,2,LARGE,DOUBLE
c,choose_hints,nussinov,3,0.133691,2,LARGE,DOUBLE
c,choose_hints,nussinov,4,0.133398,2,LARGE,DOUBLE
c,choose_hints,nussinov,5,0.134489,2,LARGE,DOUBLE
c,choose_hints,seidel-2d,1,27.884603,2,LARGE,DOUBLE
c,choose_hints,seidel-2d,2,27.885051,2,LARGE,DOUBLE
c,choose_hints,seidel-2d,3,27.883871,2,LARGE,DOUBLE
c,choose_hints,seidel-2d,4,27.884742,2,LARGE,DOUBLE
c,choose_hints,seidel-2d,5,27.884829,2,LARGE,DOUBLE
c,choose_hints,symm,1,0.084987,2,LARGE,DOUBLE
c,choose_hints,symm,2,0.085245,2,LARGE,DOUBLE
c,choose_hints,symm,3,0.084995,2,LARGE,DOUBLE
c,choose_hints,symm,4,0.084129,2,LARGE,DOUBLE
c,choose_hints,symm,5,0.084950,2,LARGE,DOUBLE
c,choose_hints,syr2k,1,0.034914,2,LARGE,DOUBLE
c,choose_hints,syr2k,2,0.035625,2,LARGE,DOUBLE
c,choose_hints,syr2k,3,0.036114,2,LARGE,DOUBLE
c,choose_hints,syr2k,4,0.035431,2,LARGE,DOUBLE
c,choose_hints,syr2k,5,0.034770,2,LARGE,DOUBLE
c,choose_hints,syrk,1,0.032970,2,LARGE,DOUBLE
c,choose_hints,syrk,2,0.033033,2,LARGE,DOUBLE
c,choose_hints,syrk,3,0.033162,2,LARGE,DOUBLE
c,choose_hints,syrk,4,0.033227,2,LARGE,DOUBLE
c,choose_hints,syrk,5,0.033060,2,LARGE,DOUBLE
c,choose_hints,trmm,1,0.204378,2,LARGE,DOUBLE
c,choose_hints,trmm,2,0.203089,2,LARGE,DOUBLE
c,choose_hints,trmm,3,0.204114,2,LARGE,DOUBLE
c,choose_hints,trmm,4,0.203696,2,LARGE,DOUBLE
c,choose_hints,trmm,5,0.204011,2,LARGE,DOUBLE
c,choose_hints,2mm,1,0.020374,3,LARGE,DOUBLE
c,choose_hints,2mm,2,0.019501,3,LARGE,DOUBLE
c,choose_hints,2mm,3,0.018973,3,LARGE,DOUBLE
c,choose_hints,2mm,4,0.019348,3,LARGE,DOUBLE
c,choose_hints,2mm,5,0.019786,3,LARGE,DOUBLE
c,choose_hints,3mm,1,0.032805,3,LARGE,DOUBLE
c,choose_hints,3mm,2,0.032432,3,LARGE,DOUBLE
c,choose_hints,3mm,3,0.032628,3,LARGE,DOUBLE
c,choose_hints,3mm,4,0.035271,3,LARGE,DOUBLE
c,choose_hints,3mm,5,0.033391,3,LARGE,DOUBLE
c,choose_hints,adi,1,10.433025,3,LARGE,DOUBLE
c,choose_hints,adi,2,10.413017,3,LARGE,DOUBLE
c,choose_hints,adi,3,10.391620,3,LARGE,DOUBLE
c,choose_hints,adi,4,10.413718,3,LARGE,DOUBLE
c,choose_hints,adi,5,10.418038,3,LARGE,DOUBLE
c,choose_hints,atax,1,0.002621,3,LARGE,DOUBLE
c,choose_hints,atax,2,0.002715,3,LARGE,DOUBLE
c,choose_hints,atax,3,0.002726,3,LARGE,DOUBLE
c,choose_hints,atax,4,0.002592,3,LARGE,DOUBLE
c,choose_hints,atax,5,0.002649,3,LARGE,DOUBLE
c,choose_hints,bicg,1,0.001109,3,LARGE,DOUBLE
c,choose_hints,bicg,2,0.001114,3,LARGE,DOUBLE
c,choose_hints,bicg,3,0.001089,3,LARGE,DOUBLE
c,choose_hints,bicg,4,0.001115,3,LARGE,DOUBLE
c,choose_hints,bicg,5,0.001098,3,LARGE,DOUBLE
c,choose_hints,cholesky,1,1.890897,3,LARGE,DOUBLE
c,choose_hints,cholesky,2,1.889763,3,LARGE,DOUBLE
c,choose_hints,cholesky,3,1.889794,3,LARGE,DOUBLE
c,choose_hints,cholesky,4,1.891094,3,LARGE,DOUBLE
c,choose_hints,cholesky,5,1.889091,3,LARGE,DOUBLE
c,choose_hints,correlation,1,0.069202,3,LARGE,DOUBLE
c,choose_hints,correlation,2,0.067859,3,LARGE,DOUBLE
c,choose_hints,correlation,3,0.068337,3,LARGE,DOUBLE
c,choose_hints,correlation,4,0.068040,3,LARGE,DOUBLE
c,choose_hints,correlation,5,0.067925,3,LARGE,DOUBLE
c,choose_hints,covariance,1,0.437022,3,LARGE,DOUBLE
c,choose_hints,covariance,2,0.437315,3,LARGE,DOUBLE
c,choose_hints,covariance,3,0.434944,3,LARGE,DOUBLE
c,choose_hints,covariance,4,0.437508,3,LARGE,DOUBLE
c,choose_hints,covariance,5,0.444568,3,LARGE,DOUBLE
c,choose_hints,deriche,1,0.043557,3,LARGE,DOUBLE
c,choose_hints,deriche,2,0.042256,3,LARGE,DOUBLE
c,choose_hints,deriche,3,0.043600,3,LARGE,DOUBLE
c,choose_hints,deriche,4,0.043486,3,LARGE,DOUBLE
c,choose_hints,deriche,5,0.045100,3,LARGE,DOUBLE
c,choose_hints,doitgen,1,0.003954,3,LARGE,DOUBLE
c,choose_hints,doitgen,2,0.003992,3,LARGE,DOUBLE
c,choose_hints,doitgen,3,0.004002,3,LARGE,DOUBLE
c,choose_hints,doitgen,4,0.003964,3,LARGE,DOUBLE
c,choose_hints,doitgen,5,0.004148,3,LARGE,DOUBLE
c,choose_hints,durbin,1,0.004974,3,LARGE,DOUBLE
c,choose_hints,durbin,2,0.004962,3,LARGE,DOUBLE
c,choose_hints,durbin,3,0.004898,3,LARGE,DOUBLE
c,choose_hints,durbin,4,0.004969,3,LARGE,DOUBLE
c,choose_hints,durbin,5,0.004965,3,LARGE,DOUBLE
c,choose_hints,fdtd-2d,1,0.116417,3,LARGE,DOUBLE
c,choose_hints,fdtd-2d,2,0.117812,3,LARGE,DOUBLE
c,choose_hints,fdtd-2d,3,0.116936,3,LARGE,DOUBLE
c,choose_hints,fdtd-2d,4,0.125571,3,LARGE,DOUBLE
c,choose_hints,fdtd-2d,5,0.117481,3,LARGE,DOUBLE
c,choose_hints,floyd-warshall,1,29.939016,3,LARGE,DOUBLE
c,choose_hints,floyd-warshall,2,29.857889,3,LARGE,DOUBLE
c,choose_hints,floyd-warshall,3,29.967268,3,LARGE,DOUBLE
c,choose_hints,floyd-warshall,4,30.311558,3,LARGE,DOUBLE
c,choose_hints,floyd-warshall,5,30.386882,3,LARGE,DOUBLE
c,choose_hints,gemm,1,0.040133,3,LARGE,DOUBLE
c,choose_hints,gemm,2,0.040098,3,LARGE,DOUBLE
c,choose_hints,gemm,3,0.039711,3,LARGE,DOUBLE
c,choose_hints,gemm,4,0.039778,3,LARGE,DOUBLE
c,choose_hints,gemm,5,0.040540,3,LARGE,DOUBLE
c,choose_hints,gemver,1,0.006327,3,LARGE,DOUBLE
c,choose_hints,gemver,2,0.006266,3,LARGE,DOUBLE
c,choose_hints,gemver,3,0.006173,3,LARGE,DOUBLE
c,choose_hints,gemver,4,0.006341,3,LARGE,DOUBLE
c,choose_hints,gemver,5,0.006233,3,LARGE,DOUBLE
c,choose_hints,gesummv,1,0.000905,3,LARGE,DOUBLE
c,choose_hints,gesummv,2,0.000930,3,LARGE,DOUBLE
c,choose_hints,gesummv,3,0.000867,3,LARGE,DOUBLE
c,choose_hints,gesummv,4,0.000954,3,LARGE,DOUBLE
c,choose_hints,gesummv,5,0.000872,3,LARGE,DOUBLE
c,choose_hints,heat-3d,1,1.646324,3,LARGE,DOUBLE
c,choose_hints,heat-3d,2,1.473009,3,LARGE,DOUBLE
c,choose_hints,heat-3d,3,1.459529,3,LARGE,DOUBLE
c,choose_hints,heat-3d,4,1.716810,3,LARGE,DOUBLE
c,choose_hints,heat-3d,5,1.509630,3,LARGE,DOUBLE
c,choose_hints,jacobi-1d,1,0.008299,3,LARGE,DOUBLE
c,choose_hints,jacobi-1d,2,0.008199,3,LARGE,DOUBLE
c,choose_hints,jacobi-1d,3,0.008143,3,LARGE,DOUBLE
c,choose_hints,jacobi-1d,4,0.008105,3,LARGE,DOUBLE
c,choose_hints,jacobi-1d,5,0.008397,3,LARGE,DOUBLE
c,choose_hints,jacobi-2d,1,0.117459,3,LARGE,DOUBLE
c,choose_hints,jacobi-2d,2,0.130975,3,LARGE,DOUBLE
c,choose_hints,jacobi-2d,3,0.111925,3,LARGE,DOUBLE
c,choose_hints,jacobi-2d,4,0.129072,3,LARGE,DOUBLE
c,choose_hints,jacobi-2d,5,0.130766,3,LARGE,DOUBLE
c,choose_hints,lu,1,2.889074,3,LARGE,DOUBLE
c,choose_hints,lu,2,2.885615,3,LARGE,DOUBLE
c,choose_hints,lu,3,2.883979,3,LARGE,DOUBLE
c,choose_hints,lu,4,2.880467,3,LARGE,DOUBLE
c,choose_hints,lu,5,2.915834,3,LARGE,DOUBLE
c,choose_hints,ludcmp,1,2.596229,3,LARGE,DOUBLE
c,choose_hints,ludcmp,2,2.600772,3,LARGE,DOUBLE
c,choose_hints,ludcmp,3,2.601612,3,LARGE,DOUBLE
c,choose_hints,ludcmp,4,2.601340,3,LARGE,DOUBLE
c,choose_hints,ludcmp,5,2.595191,3,LARGE,DOUBLE
c,choose_hints,mvt,1,0.014708,3,LARGE,DOUBLE
c,choose_hints,mvt,2,0.014548,3,LARGE,DOUBLE
c,choose_hints,mvt,3,0.014622,3,LARGE,DOUBLE
c,choose_hints,mvt,4,0.014614,3,LARGE,DOUBLE
c,choose_hints,mvt,5,0.014611,3,LARGE,DOUBLE
c,choose_hints,seidel-2d,1,14.512050,3,LARGE,DOUBLE
c,choose_hints,seidel-2d,2,14.509961,3,LARGE,DOUBLE
c,choose_hints,seidel-2d,3,14.508566,3,LARGE,DOUBLE
c,choose_hints,seidel-2d,4,14.511270,3,LARGE,DOUBLE
c,choose_hints,seidel-2d,5,14.511665,3,LARGE,DOUBLE
c,choose_hints,symm,1,0.067887,3,LARGE,DOUBLE
c,choose_hints,symm,2,0.068112,3,LARGE,DOUBLE
c,choose_hints,symm,3,0.067076,3,LARGE,DOUBLE
c,choose_hints,symm,4,0.068045,3,LARGE,DOUBLE
c,choose_hints,symm,5,0.068203,3,LARGE,DOUBLE
c,choose_hints,syr2k,1,0.035165,3,LARGE,DOUBLE
c,choose_hints,syr2k,2,0.035342,3,LARGE,DOUBLE
c,choose_hints,syr2k,3,0.035313,3,LARGE,DOUBLE
c,choose_hints,syr2k,4,0.034306,3,LARGE,DOUBLE
c,choose_hints,syr2k,5,0.034655,3,LARGE,DOUBLE
c,choose_hints,syrk,1,0.034098,3,LARGE,DOUBLE
c,choose_hints,syrk,2,0.033801,3,LARGE,DOUBLE
c,choose_hints,syrk,3,0.033584,3,LARGE,DOUBLE
c,choose_hints,syrk,4,0.033612,3,LARGE,DOUBLE
c,choose_hints,syrk,5,0.034308,3,LARGE,DOUBLE
c,choose_hints,trisolv,1,0.003066,3,LARGE,DOUBLE
c,choose_hints,trisolv,2,0.003065,3,LARGE,DOUBLE
c,choose_hints,trisolv,3,0.003094,3,LARGE,DOUBLE
c,choose_hints,trisolv,4,0.003057,3,LARGE,DOUBLE
c,choose_hints,trisolv,5,0.003063,3,LARGE,DOUBLE
c,choose_hints,trmm,1,0.204096,3,LARGE,DOUBLE
c,choose_hints,trmm,2,0.203941,3,LARGE,DOUBLE
c,choose_hints,trmm,3,0.201800,3,LARGE,DOUBLE
c,choose_hints,trmm,4,0.200166,3,LARGE,DOUBLE
c,choose_hints,trmm,5,0.199989,3,LARGE,DOUBLE
c,choose_hints,2mm,1,0.018594,4,LARGE,DOUBLE
c,choose_hints,2mm,2,0.017566,4,LARGE,DOUBLE
c,choose_hints,2mm,3,0.019188,4,LARGE,DOUBLE
c,choose_hints,2mm,4,0.019723,4,LARGE,DOUBLE
c,choose_hints,2mm,5,0.020716,4,LARGE,DOUBLE
c,choose_hints,3mm,1,0.034208,4,LARGE,DOUBLE
c,choose_hints,3mm,2,0.034188,4,LARGE,DOUBLE
c,choose_hints,3mm,3,0.034874,4,LARGE,DOUBLE
c,choose_hints,3mm,4,0.034119,4,LARGE,DOUBLE
c,choose_hints,3mm,5,0.033914,4,LARGE,DOUBLE
c,choose_hints,adi,1,0.619494,4,LARGE,DOUBLE
c,choose_hints,adi,2,0.608723,4,LARGE,DOUBLE
c,choose_hints,adi,3,0.629977,4,LARGE,DOUBLE
c,choose_hints,adi,4,0.625687,4,LARGE,DOUBLE
c,choose_hints,adi,5,0.593838,4,LARGE,DOUBLE
c,choose_hints,atax,1,0.001450,4,LARGE,DOUBLE
c,choose_hints,atax,2,0.001723,4,LARGE,DOUBLE
c,choose_hints,atax,3,0.001471,4,LARGE,DOUBLE
c,choose_hints,atax,4,0.001465,4,LARGE,DOUBLE
c,choose_hints,atax,5,0.001644,4,LARGE,DOUBLE
c,choose_hints,bicg,1,0.006199,4,LARGE,DOUBLE
c,choose_hints,bicg,2,0.006248,4,LARGE,DOUBLE
c,choose_hints,bicg,3,0.006164,4,LARGE,DOUBLE
c,choose_hints,bicg,4,0.006304,4,LARGE,DOUBLE
c,choose_hints,bicg,5,0.006055,4,LARGE,DOUBLE
c,choose_hints,covariance,1,0.434965,4,LARGE,DOUBLE
c,choose_hints,covariance,2,0.444931,4,LARGE,DOUBLE
c,choose_hints,covariance,3,0.431659,4,LARGE,DOUBLE
c,choose_hints,covariance,4,0.440818,4,LARGE,DOUBLE
c,choose_hints,covariance,5,0.438462,4,LARGE,DOUBLE
c,choose_hints,deriche,1,0.045119,4,LARGE,DOUBLE
c,choose_hints,deriche,2,0.046680,4,LARGE,DOUBLE
c,choose_hints,deriche,3,0.043574,4,LARGE,DOUBLE
c,choose_hints,deriche,4,0.043366,4,LARGE,DOUBLE
c,choose_hints,deriche,5,0.045528,4,LARGE,DOUBLE
c,choose_hints,doitgen,1,0.002587,4,LARGE,DOUBLE
c,choose_hints,doitgen,2,0.002561,4,LARGE,DOUBLE
c,choose_hints,doitgen,3,0.002560,4,LARGE,DOUBLE
c,choose_hints,doitgen,4,0.002551,4,LARGE,DOUBLE
c,choose_hints,doitgen,5,0.002622,4,LARGE,DOUBLE
c,choose_hints,durbin,1,0.004001,4,LARGE,DOUBLE
c,choose_hints,durbin,2,0.004010,4,LARGE,DOUBLE
c,choose_hints,durbin,3,0.004006,4,LARGE,DOUBLE
c,choose_hints,durbin,4,0.004008,4,LARGE,DOUBLE
c,choose_hints,durbin,5,0.003998,4,LARGE,DOUBLE
c,choose_hints,floyd-warshall,1,0.518278,4,LARGE,DOUBLE
c,choose_hints,floyd-warshall,2,0.657655,4,LARGE,DOUBLE
c,choose_hints,floyd-warshall,3,0.602483,4,LARGE,DOUBLE
c,choose_hints,floyd-warshall,4,0.600018,4,LARGE,DOUBLE
c,choose_hints,floyd-warshall,5,0.544428,4,LARGE,DOUBLE
c,choose_hints,gemm,1,0.282366,4,LARGE,DOUBLE
c,choose_hints,gemm,2,0.281973,4,LARGE,DOUBLE
c,choose_hints,gemm,3,0.281987,4,LARGE,DOUBLE
c,choose_hints,gemm,4,0.282444,4,LARGE,DOUBLE
c,choose_hints,gemm,5,0.281913,4,LARGE,DOUBLE
c,choose_hints,gemver,1,0.006393,4,LARGE,DOUBLE
c,choose_hints,gemver,2,0.006229,4,LARGE,DOUBLE
c,choose_hints,gemver,3,0.006240,4,LARGE,DOUBLE
c,choose_hints,gemver,4,0.006261,4,LARGE,DOUBLE
c,choose_hints,gemver,5,0.006228,4,LARGE,DOUBLE
c,choose_hints,gesummv,1,0.000871,4,LARGE,DOUBLE
c,choose_hints,gesummv,2,0.000899,4,LARGE,DOUBLE
c,choose_hints,gesummv,3,0.000898,4,LARGE,DOUBLE
c,choose_hints,gesummv,4,0.001025,4,LARGE,DOUBLE
c,choose_hints,gesummv,5,0.000871,4,LARGE,DOUBLE
c,choose_hints,gramschmidt,1,0.625136,4,LARGE,DOUBLE
c,choose_hints,gramschmidt,2,0.616172,4,LARGE,DOUBLE
c,choose_hints,gramschmidt,3,0.633553,4,LARGE,DOUBLE
c,choose_hints,gramschmidt,4,0.633385,4,LARGE,DOUBLE
c,choose_hints,gramschmidt,5,0.614752,4,LARGE,DOUBLE
c,choose_hints,heat-3d,1,0.238761,4,LARGE,DOUBLE
c,choose_hints,heat-3d,2,0.237890,4,LARGE,DOUBLE
c,choose_hints,heat-3d,3,0.239233,4,LARGE,DOUBLE
c,choose_hints,heat-3d,4,0.238958,4,LARGE,DOUBLE
c,choose_hints,heat-3d,5,0.238254,4,LARGE,DOUBLE
c,choose_hints,jacobi-1d,1,0.008373,4,LARGE,DOUBLE
c,choose_hints,jacobi-1d,2,0.008458,4,LARGE,DOUBLE
c,choose_hints,jacobi-1d,3,0.008823,4,LARGE,DOUBLE
c,choose_hints,jacobi-1d,4,0.008523,4,LARGE,DOUBLE
c,choose_hints,jacobi-1d,5,0.008431,4,LARGE,DOUBLE
c,choose_hints,jacobi-2d,1,0.111360,4,LARGE,DOUBLE
c,choose_hints,jacobi-2d,2,0.130840,4,LARGE,DOUBLE
c,choose_hints,jacobi-2d,3,0.127152,4,LARGE,DOUBLE
c,choose_hints,jacobi-2d,4,0.115993,4,LARGE,DOUBLE
c,choose_hints,jacobi-2d,5,0.133281,4,LARGE,DOUBLE
c,choose_hints,lu,1,2.894443,4,LARGE,DOUBLE
c,choose_hints,lu,2,2.864228,4,LARGE,DOUBLE
c,choose_hints,lu,3,2.918323,4,LARGE,DOUBLE
c,choose_hints,lu,4,2.892762,4,LARGE,DOUBLE
c,choose_hints,lu,5,2.928034,4,LARGE,DOUBLE
c,choose_hints,ludcmp,1,2.369285,4,LARGE,DOUBLE
c,choose_hints,ludcmp,2,2.293355,4,LARGE,DOUBLE
c,choose_hints,ludcmp,3,2.321258,4,LARGE,DOUBLE
c,choose_hints,ludcmp,4,2.398774,4,LARGE,DOUBLE
c,choose_hints,ludcmp,5,2.310780,4,LARGE,DOUBLE
c,choose_hints,nussinov,1,0.133284,4,LARGE,DOUBLE
c,choose_hints,nussinov,2,0.134535,4,LARGE,DOUBLE
c,choose_hints,nussinov,3,0.134851,4,LARGE,DOUBLE
c,choose_hints,nussinov,4,0.134713,4,LARGE,DOUBLE
c,choose_hints,nussinov,5,0.134371,4,LARGE,DOUBLE
c,choose_hints,seidel-2d,1,27.164247,4,LARGE,DOUBLE
c,choose_hints,seidel-2d,2,27.166396,4,LARGE,DOUBLE
c,choose_hints,seidel-2d,3,27.166817,4,LARGE,DOUBLE
c,choose_hints,seidel-2d,4,27.166167,4,LARGE,DOUBLE
c,choose_hints,seidel-2d,5,27.166257,4,LARGE,DOUBLE
c,choose_hints,symm,1,0.058872,4,LARGE,DOUBLE
c,choose_hints,symm,2,0.054138,4,LARGE,DOUBLE
c,choose_hints,symm,3,0.053340,4,LARGE,DOUBLE
c,choose_hints,symm,4,0.055286,4,LARGE,DOUBLE
c,choose_hints,symm,5,0.053890,4,LARGE,DOUBLE
c,choose_hints,syr2k,1,0.035571,4,LARGE,DOUBLE
c,choose_hints,syr2k,2,0.035439,4,LARGE,DOUBLE
c,choose_hints,syr2k,3,0.035330,4,LARGE,DOUBLE
c,choose_hints,syr2k,4,0.035530,4,LARGE,DOUBLE
c,choose_hints,syr2k,5,0.036455,4,LARGE,DOUBLE
c,choose_hints,syrk,1,0.030712,4,LARGE,DOUBLE
c,choose_hints,syrk,2,0.029563,4,LARGE,DOUBLE
c,choose_hints,syrk,3,0.029754,4,LARGE,DOUBLE
c,choose_hints,syrk,4,0.030252,4,LARGE,DOUBLE
c,choose_hints,syrk,5,0.030179,4,LARGE,DOUBLE
c,choose_hints,trmm,1,0.015940,4,LARGE,DOUBLE
c,choose_hints,trmm,2,0.015425,4,LARGE,DOUBLE
c,choose_hints,trmm,3,0.014270,4,LARGE,DOUBLE
c,choose_hints,trmm,4,0.015361,4,LARGE,DOUBLE
c,choose_hints,trmm,5,0.015846,4,LARGE,DOUBLE
c,choose_hints,2mm,1,0.018245,5,LARGE,DOUBLE
c,choose_hints,2mm,2,0.018417,5,LARGE,DOUBLE
c,choose_hints,2mm,3,0.019678,5,LARGE,DOUBLE
c,choose_hints,2mm,4,0.020705,5,LARGE,DOUBLE
c,choose_hints,2mm,5,0.021270,5,LARGE,DOUBLE
c,choose_hints,adi,1,0.581972,5,LARGE,DOUBLE
c,choose_hints,adi,2,0.570412,5,LARGE,DOUBLE
c,choose_hints,adi,3,0.602733,5,LARGE,DOUBLE
c,choose_hints,adi,4,0.576773,5,LARGE,DOUBLE
c,choose_hints,adi,5,0.579884,5,LARGE,DOUBLE
c,choose_hints,atax,1,0.001393,5,LARGE,DOUBLE
c,choose_hints,atax,2,0.001388,5,LARGE,DOUBLE
c,choose_hints,atax,3,0.001372,5,LARGE,DOUBLE
c,choose_hints,atax,4,0.001373,5,LARGE,DOUBLE
c,choose_hints,atax,5,0.001380,5,LARGE,DOUBLE
c,choose_hints,bicg,1,0.001123,5,LARGE,DOUBLE
c,choose_hints,bicg,2,0.001119,5,LARGE,DOUBLE
c,choose_hints,bicg,3,0.001123,5,LARGE,DOUBLE
c,choose_hints,bicg,4,0.001112,5,LARGE,DOUBLE
c,choose_hints,bicg,5,0.001102,5,LARGE,DOUBLE
c,choose_hints,cholesky,1,1.893205,5,LARGE,DOUBLE
c,choose_hints,cholesky,2,1.890468,5,LARGE,DOUBLE
c,choose_hints,cholesky,3,1.892520,5,LARGE,DOUBLE
c,choose_hints,cholesky,4,1.890029,5,LARGE,DOUBLE
c,choose_hints,cholesky,5,1.889814,5,LARGE,DOUBLE
c,choose_hints,correlation,1,0.069422,5,LARGE,DOUBLE
c,choose_hints,correlation,2,0.070134,5,LARGE,DOUBLE
c,choose_hints,correlation,3,0.070200,5,LARGE,DOUBLE
c,choose_hints,correlation,4,0.069841,5,LARGE,DOUBLE
c,choose_hints,correlation,5,0.069848,5,LARGE,DOUBLE
c,choose_hints,covariance,1,0.438903,5,LARGE,DOUBLE
c,choose_hints,covariance,2,0.442425,5,LARGE,DOUBLE
c,choose_hints,covariance,3,0.442019,5,LARGE,DOUBLE
c,choose_hints,covariance,4,0.437488,5,LARGE,DOUBLE
c,choose_hints,covariance,5,0.438232,5,LARGE,DOUBLE
c,choose_hints,deriche,1,0.302398,5,LARGE,DOUBLE
c,choose_hints,deriche,2,0.289440,5,LARGE,DOUBLE
c,choose_hints,deriche,3,0.327305,5,LARGE,DOUBLE
c,choose_hints,deriche,4,0.292178,5,LARGE,DOUBLE
c,choose_hints,deriche,5,0.293559,5,LARGE,DOUBLE
c,choose_hints,doitgen,1,0.002603,5,LARGE,DOUBLE
c,choose_hints,doitgen,2,0.002680,5,LARGE,DOUBLE
c,choose_hints,doitgen,3,0.002610,5,LARGE,DOUBLE
c,choose_hints,doitgen,4,0.002655,5,LARGE,DOUBLE
c,choose_hints,doitgen,5,0.002631,5,LARGE,DOUBLE
c,choose_hints,durbin,1,0.004864,5,LARGE,DOUBLE
c,choose_hints,durbin,2,0.004934,5,LARGE,DOUBLE
c,choose_hints,durbin,3,0.004978,5,LARGE,DOUBLE
c,choose_hints,durbin,4,0.004923,5,LARGE,DOUBLE
c,choose_hints,durbin,5,0.004948,5,LARGE,DOUBLE
c,choose_hints,fdtd-2d,1,0.117794,5,LARGE,DOUBLE
c,choose_hints,fdtd-2d,2,0.116333,5,LARGE,DOUBLE
c,choose_hints,fdtd-2d,3,0.113643,5,LARGE,DOUBLE
c,choose_hints,fdtd-2d,4,0.116488,5,LARGE,DOUBLE
c,choose_hints,fdtd-2d,5,0.119257,5,LARGE,DOUBLE
c,choose_hints,floyd-warshall,1,0.441401,5,LARGE,DOUBLE
c,choose_hints,floyd-warshall,2,0.441718,5,LARGE,DOUBLE
c,choose_hints,floyd-warshall,3,0.474310,5,LARGE,DOUBLE
c,choose_hints,floyd-warshall,4,0.439812,5,LARGE,DOUBLE
c,choose_hints,floyd-warshall,5,0.483585,5,LARGE,DOUBLE
c,choose_hints,gemm,1,0.013452,5,LARGE,DOUBLE
c,choose_hints,gemm,2,0.012827,5,LARGE,DOUBLE
c,choose_hints,gemm,3,0.013512,5,LARGE,DOUBLE
c,choose_hints,gemm,4,0.014112,5,LARGE,DOUBLE
c,choose_hints,gemm,5,0.013889,5,LARGE,DOUBLE
c,choose_hints,gemver,1,0.006325,5,LARGE,DOUBLE
c,choose_hints,gemver,2,0.006172,5,LARGE,DOUBLE
c,choose_hints,gemver,3,0.006152,5,LARGE,DOUBLE
c,choose_hints,gemver,4,0.006239,5,LARGE,DOUBLE
c,choose_hints,gemver,5,0.006227,5,LARGE,DOUBLE
c,choose_hints,gesummv,1,0.000870,5,LARGE,DOUBLE
c,choose_hints,gesummv,2,0.000837,5,LARGE,DOUBLE
c,choose_hints,gesummv,3,0.000951,5,LARGE,DOUBLE
c,choose_hints,gesummv,4,0.000886,5,LARGE,DOUBLE
c,choose_hints,gesummv,5,0.000893,5,LARGE,DOUBLE
c,choose_hints,heat-3d,1,1.564611,5,LARGE,DOUBLE
c,choose_hints,heat-3d,2,1.492350,5,LARGE,DOUBLE
c,choose_hints,heat-3d,3,1.533678,5,LARGE,DOUBLE
c,choose_hints,heat-3d,4,1.497993,5,LARGE,DOUBLE
c,choose_hints,heat-3d,5,1.540089,5,LARGE,DOUBLE
c,choose_hints,jacobi-1d,1,0.008353,5,LARGE,DOUBLE
c,choose_hints,jacobi-1d,2,0.008647,5,LARGE,DOUBLE
c,choose_hints,jacobi-1d,3,0.008680,5,LARGE,DOUBLE
c,choose_hints,jacobi-1d,4,0.008603,5,LARGE,DOUBLE
c,choose_hints,jacobi-1d,5,0.008422,5,LARGE,DOUBLE
c,choose_hints,jacobi-2d,1,0.166769,5,LARGE,DOUBLE
c,choose_hints,jacobi-2d,2,0.162362,5,LARGE,DOUBLE
c,choose_hints,jacobi-2d,3,0.165695,5,LARGE,DOUBLE
c,choose_hints,jacobi-2d,4,0.165629,5,LARGE,DOUBLE
c,choose_hints,jacobi-2d,5,0.160820,5,LARGE,DOUBLE
c,choose_hints,lu,1,2.351966,5,LARGE,DOUBLE
c,choose_hints,lu,2,2.373928,5,LARGE,DOUBLE
c,choose_hints,lu,3,2.352202,5,LARGE,DOUBLE
c,choose_hints,lu,4,2.350656,5,LARGE,DOUBLE
c,choose_hints,lu,5,2.348954,5,LARGE,DOUBLE
c,choose_hints,ludcmp,1,2.299994,5,LARGE,DOUBLE
c,choose_hints,ludcmp,2,2.330587,5,LARGE,DOUBLE
c,choose_hints,ludcmp,3,2.325162,5,LARGE,DOUBLE
c,choose_hints,ludcmp,4,2.345097,5,LARGE,DOUBLE
c,choose_hints,ludcmp,5,2.332930,5,LARGE,DOUBLE
c,choose_hints,mvt,1,0.002230,5,LARGE,DOUBLE
c,choose_hints,mvt,2,0.002223,5,LARGE,DOUBLE
c,choose_hints,mvt,3,0.002202,5,LARGE,DOUBLE
c,choose_hints,mvt,4,0.002204,5,LARGE,DOUBLE
c,choose_hints,mvt,5,0.002187,5,LARGE,DOUBLE
c,choose_hints,nussinov,1,0.104080,5,LARGE,DOUBLE
c,choose_hints,nussinov,2,0.103916,5,LARGE,DOUBLE
c,choose_hints,nussinov,3,0.103840,5,LARGE,DOUBLE
c,choose_hints,nussinov,4,0.104282,5,LARGE,DOUBLE
c,choose_hints,nussinov,5,0.103815,5,LARGE,DOUBLE
c,choose_hints,seidel-2d,1,22.164055,5,LARGE,DOUBLE
c,choose_hints,seidel-2d,2,22.165258,5,LARGE,DOUBLE
c,choose_hints,seidel-2d,3,22.164493,5,LARGE,DOUBLE
c,choose_hints,seidel-2d,4,22.162619,5,LARGE,DOUBLE
c,choose_hints,seidel-2d,5,22.163272,5,LARGE,DOUBLE
c,choose_hints,symm,1,0.251130,5,LARGE,DOUBLE
c,choose_hints,symm,2,0.249527,5,LARGE,DOUBLE
c,choose_hints,symm,3,0.243892,5,LARGE,DOUBLE
c,choose_hints,symm,4,0.243605,5,LARGE,DOUBLE
c,choose_hints,symm,5,0.246765,5,LARGE,DOUBLE
c,choose_hints,syr2k,1,0.035541,5,LARGE,DOUBLE
c,choose_hints,syr2k,2,0.035743,5,LARGE,DOUBLE
c,choose_hints,syr2k,3,0.036546,5,LARGE,DOUBLE
c,choose_hints,syr2k,4,0.035447,5,LARGE,DOUBLE
c,choose_hints,syr2k,5,0.035457,5,LARGE,DOUBLE
c,choose_hints,syrk,1,0.032362,5,LARGE,DOUBLE
c,choose_hints,syrk,2,0.033267,5,LARGE,DOUBLE
c,choose_hints,syrk,3,0.033006,5,LARGE,DOUBLE
c,choose_hints,syrk,4,0.033383,5,LARGE,DOUBLE
c,choose_hints,syrk,5,0.033595,5,LARGE,DOUBLE
c,choose_hints,trmm,1,0.213310,5,LARGE,DOUBLE
c,choose_hints,trmm,2,0.214097,5,LARGE,DOUBLE
c,choose_hints,trmm,3,0.214917,5,LARGE,DOUBLE
c,choose_hints,trmm,4,0.211320,5,LARGE,DOUBLE
c,choose_hints,trmm,5,0.211204,5,LARGE,DOUBLE
noarr,choose_hints,2mm,1,0.675681,1,LARGE,DOUBLE
noarr,choose_hints,2mm,2,0.653832,1,LARGE,DOUBLE
noarr,choose_hints,2mm,3,0.653578,1,LARGE,DOUBLE
noarr,choose_hints,2mm,4,0.652260,1,LARGE,DOUBLE
noarr,choose_hints,2mm,5,0.653387,1,LARGE,DOUBLE
noarr,choose_hints,3mm,1,1.082027,1,LARGE,DOUBLE
noarr,choose_hints,3mm,2,1.082262,1,LARGE,DOUBLE
noarr,choose_hints,3mm,3,1.114412,1,LARGE,DOUBLE
noarr,choose_hints,3mm,4,1.114937,1,LARGE,DOUBLE
noarr,choose_hints,3mm,5,1.081741,1,LARGE,DOUBLE
noarr,choose_hints,adi,1,0.821734,1,LARGE,DOUBLE
noarr,choose_hints,adi,2,0.798679,1,LARGE,DOUBLE
noarr,choose_hints,adi,3,0.801096,1,LARGE,DOUBLE
noarr,choose_hints,adi,4,0.787299,1,LARGE,DOUBLE
noarr,choose_hints,adi,5,0.790576,1,LARGE,DOUBLE
noarr,choose_hints,atax,1,0.008220,1,LARGE,DOUBLE
noarr,choose_hints,atax,2,0.008213,1,LARGE,DOUBLE
noarr,choose_hints,atax,3,0.008254,1,LARGE,DOUBLE
noarr,choose_hints,atax,4,0.008218,1,LARGE,DOUBLE
noarr,choose_hints,atax,5,0.008230,1,LARGE,DOUBLE
noarr,choose_hints,bicg,1,0.006632,1,LARGE,DOUBLE
noarr,choose_hints,bicg,2,0.006519,1,LARGE,DOUBLE
noarr,choose_hints,bicg,3,0.006518,1,LARGE,DOUBLE
noarr,choose_hints,bicg,4,0.006594,1,LARGE,DOUBLE
noarr,choose_hints,bicg,5,0.006398,1,LARGE,DOUBLE
noarr,choose_hints,correlation,1,1.689745,1,LARGE,DOUBLE
noarr,choose_hints,correlation,2,1.706742,1,LARGE,DOUBLE
noarr,choose_hints,correlation,3,1.688583,1,LARGE,DOUBLE
noarr,choose_hints,correlation,4,1.706111,1,LARGE,DOUBLE
noarr,choose_hints,correlation,5,1.705916,1,LARGE,DOUBLE
noarr,choose_hints,covariance,1,0.438773,1,LARGE,DOUBLE
noarr,choose_hints,covariance,2,0.444014,1,LARGE,DOUBLE
noarr,choose_hints,covariance,3,0.438903,1,LARGE,DOUBLE
noarr,choose_hints,covariance,4,0.437640,1,LARGE,DOUBLE
noarr,choose_hints,covariance,5,0.442531,1,LARGE,DOUBLE
noarr,choose_hints,doitgen,1,0.149815,1,LARGE,DOUBLE
noarr,choose_hints,doitgen,2,0.150383,1,LARGE,DOUBLE
noarr,choose_hints,doitgen,3,0.150393,1,LARGE,DOUBLE
noarr,choose_hints,doitgen,4,0.150070,1,LARGE,DOUBLE
noarr,choose_hints,doitgen,5,0.149809,1,LARGE,DOUBLE
noarr,choose_hints,durbin,1,0.005110,1,LARGE,DOUBLE
noarr,choose_hints,durbin,2,0.005115,1,LARGE,DOUBLE
noarr,choose_hints,durbin,3,0.004995,1,LARGE,DOUBLE
noarr,choose_hints,durbin,4,0.004993,1,LARGE,DOUBLE
noarr,choose_hints,durbin,5,0.005124,1,LARGE,DOUBLE
noarr,choose_hints,fdtd-2d,1,0.123361,1,LARGE,DOUBLE
noarr,choose_hints,fdtd-2d,2,0.121423,1,LARGE,DOUBLE
noarr,choose_hints,fdtd-2d,3,0.126374,1,LARGE,DOUBLE
noarr,choose_hints,fdtd-2d,4,0.129358,1,LARGE,DOUBLE
noarr,choose_hints,fdtd-2d,5,0.120512,1,LARGE,DOUBLE
noarr,choose_hints,floyd-warshall,1,28.982778,1,LARGE,DOUBLE
noarr,choose_hints,floyd-warshall,2,28.866034,1,LARGE,DOUBLE
noarr,choose_hints,floyd-warshall,3,28.797513,1,LARGE,DOUBLE
noarr,choose_hints,floyd-warshall,4,28.865609,1,LARGE,DOUBLE
noarr,choose_hints,floyd-warshall,5,28.807818,1,LARGE,DOUBLE
noarr,choose_hints,gemm,1,1.905716,1,LARGE,DOUBLE
noarr,choose_hints,gemm,2,1.909954,1,LARGE,DOUBLE
noarr,choose_hints,gemm,3,1.902948,1,LARGE,DOUBLE
noarr,choose_hints,gemm,4,1.909869,1,LARGE,DOUBLE
noarr,choose_hints,gemm,5,1.924606,1,LARGE,DOUBLE
noarr,choose_hints,gemver,1,0.011618,1,LARGE,DOUBLE
noarr,choose_hints,gemver,2,0.011309,1,LARGE,DOUBLE
noarr,choose_hints,gemver,3,0.011233,1,LARGE,DOUBLE
noarr,choose_hints,gemver,4,0.011273,1,LARGE,DOUBLE
noarr,choose_hints,gemver,5,0.011324,1,LARGE,DOUBLE
noarr,choose_hints,gesummv,1,0.003257,1,LARGE,DOUBLE
noarr,choose_hints,gesummv,2,0.003164,1,LARGE,DOUBLE
noarr,choose_hints,gesummv,3,0.003215,1,LARGE,DOUBLE
noarr,choose_hints,gesummv,4,0.003216,1,LARGE,DOUBLE
noarr,choose_hints,gesummv,5,0.003393,1,LARGE,DOUBLE
noarr,choose_hints,heat-3d,1,2.029532,1,LARGE,DOUBLE
noarr,choose_hints,heat-3d,2,2.021529,1,LARGE,DOUBLE
noarr,choose_hints,heat-3d,3,2.015252,1,LARGE,DOUBLE
noarr,choose_hints,heat-3d,4,2.018324,1,LARGE,DOUBLE
noarr,choose_hints,heat-3d,5,2.018009,1,LARGE,DOUBLE
noarr,choose_hints,jacobi-1d,1,0.028562,1,LARGE,DOUBLE
noarr,choose_hints,jacobi-1d,2,0.028965,1,LARGE,DOUBLE
noarr,choose_hints,jacobi-1d,3,0.029334,1,LARGE,DOUBLE
noarr,choose_hints,jacobi-1d,4,0.028614,1,LARGE,DOUBLE
noarr,choose_hints,jacobi-1d,5,0.028663,1,LARGE,DOUBLE
noarr,choose_hints,jacobi-2d,1,1.697401,1,LARGE,DOUBLE
noarr,choose_hints,jacobi-2d,2,1.705377,1,LARGE,DOUBLE
noarr,choose_hints,jacobi-2d,3,1.699485,1,LARGE,DOUBLE
noarr,choose_hints,jacobi-2d,4,1.691928,1,LARGE,DOUBLE
noarr,choose_hints,jacobi-2d,5,1.704835,1,LARGE,DOUBLE
noarr,choose_hints,lu,1,4.414163,1,LARGE,DOUBLE
noarr,choose_hints,lu,2,4.341959,1,LARGE,DOUBLE
noarr,choose_hints,lu,3,4.344638,1,LARGE,DOUBLE
noarr,choose_hints,lu,4,4.360195,1,LARGE,DOUBLE
noarr,choose_hints,lu,5,4.341715,1,LARGE,DOUBLE
noarr,choose_hints,ludcmp,1,4.373952,1,LARGE,DOUBLE
noarr,choose_hints,ludcmp,2,4.369768,1,LARGE,DOUBLE
noarr,choose_hints,ludcmp,3,4.423261,1,LARGE,DOUBLE
noarr,choose_hints,ludcmp,4,4.449568,1,LARGE,DOUBLE
noarr,choose_hints,ludcmp,5,4.403152,1,LARGE,DOUBLE
noarr,choose_hints,mvt,1,0.006892,1,LARGE,DOUBLE
noarr,choose_hints,mvt,2,0.006838,1,LARGE,DOUBLE
noarr,choose_hints,mvt,3,0.006874,1,LARGE,DOUBLE
noarr,choose_hints,mvt,4,0.006818,1,LARGE,DOUBLE
noarr,choose_hints,mvt,5,0.006858,1,LARGE,DOUBLE
noarr,choose_hints,seidel-2d,1,20.024723,1,LARGE,DOUBLE
noarr,choose_hints,seidel-2d,2,20.024206,1,LARGE,DOUBLE
noarr,choose_hints,seidel-2d,3,20.024882,1,LARGE,DOUBLE
noarr,choose_hints,seidel-2d,4,20.023595,1,LARGE,DOUBLE
noarr,choose_hints,seidel-2d,5,20.022918,1,LARGE,DOUBLE
noarr,choose_hints,symm,1,0.517563,1,LARGE,DOUBLE
noarr,choose_hints,symm,2,0.514188,1,LARGE,DOUBLE
noarr,choose_hints,symm,3,0.518241,1,LARGE,DOUBLE
noarr,choose_hints,symm,4,0.524559,1,LARGE,DOUBLE
noarr,choose_hints,symm,5,0.524418,1,LARGE,DOUBLE
noarr,choose_hints,syr2k,1,1.267003,1,LARGE,DOUBLE
noarr,choose_hints,syr2k,2,1.260401,1,LARGE,DOUBLE
noarr,choose_hints,syr2k,3,1.263692,1,LARGE,DOUBLE
noarr,choose_hints,syr2k,4,1.260817,1,LARGE,DOUBLE
noarr,choose_hints,syr2k,5,1.266102,1,LARGE,DOUBLE
noarr,choose_hints,syrk,1,0.600697,1,LARGE,DOUBLE
noarr,choose_hints,syrk,2,0.598553,1,LARGE,DOUBLE
noarr,choose_hints,syrk,3,0.598622,1,LARGE,DOUBLE
noarr,choose_hints,syrk,4,0.598340,1,LARGE,DOUBLE
noarr,choose_hints,syrk,5,0.598534,1,LARGE,DOUBLE
noarr,choose_hints,trisolv,1,0.003111,1,LARGE,DOUBLE
noarr,choose_hints,trisolv,2,0.003104,1,LARGE,DOUBLE
noarr,choose_hints,trisolv,3,0.003115,1,LARGE,DOUBLE
noarr,choose_hints,trisolv,4,0.003105,1,LARGE,DOUBLE
noarr,choose_hints,trisolv,5,0.003097,1,LARGE,DOUBLE
noarr,choose_hints,trmm,1,0.237866,1,LARGE,DOUBLE
noarr,choose_hints,trmm,2,0.238963,1,LARGE,DOUBLE
noarr,choose_hints,trmm,3,0.237605,1,LARGE,DOUBLE
noarr,choose_hints,trmm,4,0.237188,1,LARGE,DOUBLE
noarr,choose_hints,trmm,5,0.239829,1,LARGE,DOUBLE
noarr,choose_hints,2mm,1,0.657182,2,LARGE,DOUBLE
noarr,choose_hints,2mm,2,0.655614,2,LARGE,DOUBLE
noarr,choose_hints,2mm,3,0.660539,2,LARGE,DOUBLE
noarr,choose_hints,2mm,4,0.654849,2,LARGE,DOUBLE
noarr,choose_hints,2mm,5,0.654181,2,LARGE,DOUBLE
noarr,choose_hints,3mm,1,1.072299,2,LARGE,DOUBLE
noarr,choose_hints,3mm,2,1.066420,2,LARGE,DOUBLE
noarr,choose_hints,3mm,3,1.065886,2,LARGE,DOUBLE
noarr,choose_hints,3mm,4,1.065136,2,LARGE,DOUBLE
noarr,choose_hints,3mm,5,1.067189,2,LARGE,DOUBLE
noarr,choose_hints,adi,1,8.638495,2,LARGE,DOUBLE
noarr,choose_hints,adi,2,8.610641,2,LARGE,DOUBLE
noarr,choose_hints,adi,3,8.412892,2,LARGE,DOUBLE
noarr,choose_hints,adi,4,8.635030,2,LARGE,DOUBLE
noarr,choose_hints,adi,5,8.619292,2,LARGE,DOUBLE
noarr,choose_hints,atax,1,0.008283,2,LARGE,DOUBLE
noarr,choose_hints,atax,2,0.008261,2,LARGE,DOUBLE
noarr,choose_hints,atax,3,0.008225,2,LARGE,DOUBLE
noarr,choose_hints,atax,4,0.008317,2,LARGE,DOUBLE
noarr,choose_hints,atax,5,0.008217,2,LARGE,DOUBLE
noarr,choose_hints,bicg,1,0.013144,2,LARGE,DOUBLE
noarr,choose_hints,bicg,2,0.013133,2,LARGE,DOUBLE
noarr,choose_hints,bicg,3,0.013151,2,LARGE,DOUBLE
noarr,choose_hints,bicg,4,0.013164,2,LARGE,DOUBLE
noarr,choose_hints,bicg,5,0.013135,2,LARGE,DOUBLE
noarr,choose_hints,correlation,1,1.671057,2,LARGE,DOUBLE
noarr,choose_hints,correlation,2,1.680413,2,LARGE,DOUBLE
noarr,choose_hints,correlation,3,1.681312,2,LARGE,DOUBLE
noarr,choose_hints,correlation,4,1.680372,2,LARGE,DOUBLE
noarr,choose_hints,correlation,5,1.680298,2,LARGE,DOUBLE
noarr,choose_hints,covariance,1,0.445037,2,LARGE,DOUBLE
noarr,choose_hints,covariance,2,0.445760,2,LARGE,DOUBLE
noarr,choose_hints,covariance,3,0.438164,2,LARGE,DOUBLE
noarr,choose_hints,covariance,4,0.443434,2,LARGE,DOUBLE
noarr,choose_hints,covariance,5,0.437016,2,LARGE,DOUBLE
noarr,choose_hints,deriche,1,0.189821,2,LARGE,DOUBLE
noarr,choose_hints,deriche,2,0.191428,2,LARGE,DOUBLE
noarr,choose_hints,deriche,3,0.191298,2,LARGE,DOUBLE
noarr,choose_hints,deriche,4,0.191317,2,LARGE,DOUBLE
noarr,choose_hints,deriche,5,0.191514,2,LARGE,DOUBLE
noarr,choose_hints,doitgen,1,0.193462,2,LARGE,DOUBLE
noarr,choose_hints,doitgen,2,0.195032,2,LARGE,DOUBLE
noarr,choose_hints,doitgen,3,0.198398,2,LARGE,DOUBLE
noarr,choose_hints,doitgen,4,0.193548,2,LARGE,DOUBLE
noarr,choose_hints,doitgen,5,0.199936,2,LARGE,DOUBLE
noarr,choose_hints,durbin,1,0.003777,2,LARGE,DOUBLE
noarr,choose_hints,durbin,2,0.003786,2,LARGE,DOUBLE
noarr,choose_hints,durbin,3,0.003783,2,LARGE,DOUBLE
noarr,choose_hints,durbin,4,0.003785,2,LARGE,DOUBLE
noarr,choose_hints,durbin,5,0.003814,2,LARGE,DOUBLE
noarr,choose_hints,floyd-warshall,1,15.771078,2,LARGE,DOUBLE
noarr,choose_hints,floyd-warshall,2,15.906088,2,LARGE,DOUBLE
noarr,choose_hints,floyd-warshall,3,15.896319,2,LARGE,DOUBLE
noarr,choose_hints,floyd-warshall,4,15.804330,2,LARGE,DOUBLE
noarr,choose_hints,floyd-warshall,5,15.812271,2,LARGE,DOUBLE
noarr,choose_hints,gemm,1,0.517315,2,LARGE,DOUBLE
noarr,choose_hints,gemm,2,0.519054,2,LARGE,DOUBLE
noarr,choose_hints,gemm,3,0.520017,2,LARGE,DOUBLE
noarr,choose_hints,gemm,4,0.520629,2,LARGE,DOUBLE
noarr,choose_hints,gemm,5,0.518656,2,LARGE,DOUBLE
noarr,choose_hints,gemver,1,0.011651,2,LARGE,DOUBLE
noarr,choose_hints,gemver,2,0.011872,2,LARGE,DOUBLE
noarr,choose_hints,gemver,3,0.011702,2,LARGE,DOUBLE
noarr,choose_hints,gemver,4,0.011652,2,LARGE,DOUBLE
noarr,choose_hints,gemver,5,0.011498,2,LARGE,DOUBLE
noarr,choose_hints,gesummv,1,0.002684,2,LARGE,DOUBLE
noarr,choose_hints,gesummv,2,0.002640,2,LARGE,DOUBLE
noarr,choose_hints,gesummv,3,0.002630,2,LARGE,DOUBLE
noarr,choose_hints,gesummv,4,0.002743,2,LARGE,DOUBLE
noarr,choose_hints,gesummv,5,0.002633,2,LARGE,DOUBLE
noarr,choose_hints,heat-3d,1,2.029131,2,LARGE,DOUBLE
noarr,choose_hints,heat-3d,2,2.018127,2,LARGE,DOUBLE
noarr,choose_hints,heat-3d,3,2.020334,2,LARGE,DOUBLE
noarr,choose_hints,heat-3d,4,2.016632,2,LARGE,DOUBLE
noarr,choose_hints,heat-3d,5,2.013503,2,LARGE,DOUBLE
noarr,choose_hints,jacobi-1d,1,0.001804,2,LARGE,DOUBLE
noarr,choose_hints,jacobi-1d,2,0.001922,2,LARGE,DOUBLE
noarr,choose_hints,jacobi-1d,3,0.001807,2,LARGE,DOUBLE
noarr,choose_hints,jacobi-1d,4,0.001807,2,LARGE,DOUBLE
noarr,choose_hints,jacobi-1d,5,0.001799,2,LARGE,DOUBLE
noarr,choose_hints,jacobi-2d,1,0.191318,2,LARGE,DOUBLE
noarr,choose_hints,jacobi-2d,2,0.191805,2,LARGE,DOUBLE
noarr,choose_hints,jacobi-2d,3,0.185712,2,LARGE,DOUBLE
noarr,choose_hints,jacobi-2d,4,0.184010,2,LARGE,DOUBLE
noarr,choose_hints,jacobi-2d,5,0.196676,2,LARGE,DOUBLE
noarr,choose_hints,lu,1,4.438781,2,LARGE,DOUBLE
noarr,choose_hints,lu,2,4.437427,2,LARGE,DOUBLE
noarr,choose_hints,lu,3,4.359421,2,LARGE,DOUBLE
noarr,choose_hints,lu,4,4.358854,2,LARGE,DOUBLE
noarr,choose_hints,lu,5,4.361703,2,LARGE,DOUBLE
noarr,choose_hints,ludcmp,1,4.442604,2,LARGE,DOUBLE
noarr,choose_hints,ludcmp,2,4.368795,2,LARGE,DOUBLE
noarr,choose_hints,ludcmp,3,4.363942,2,LARGE,DOUBLE
noarr,choose_hints,ludcmp,4,4.364372,2,LARGE,DOUBLE
noarr,choose_hints,ludcmp,5,4.441918,2,LARGE,DOUBLE
noarr,choose_hints,mvt,1,0.006991,2,LARGE,DOUBLE
noarr,choose_hints,mvt,2,0.006848,2,LARGE,DOUBLE
noarr,choose_hints,mvt,3,0.006826,2,LARGE,DOUBLE
noarr,choose_hints,mvt,4,0.006860,2,LARGE,DOUBLE
noarr,choose_hints,mvt,5,0.006844,2,LARGE,DOUBLE
noarr,choose_hints,seidel-2d,1,20.022932,2,LARGE,DOUBLE
noarr,choose_hints,seidel-2d,2,20.024145,2,LARGE,DOUBLE
noarr,choose_hints,seidel-2d,3,20.023492,2,LARGE,DOUBLE
noarr,choose_hints,seidel-2d,4,20.023233,2,LARGE,DOUBLE
noarr,choose_hints,seidel-2d,5,20.024256,2,LARGE,DOUBLE
noarr,choose_hints,symm,1,1.028563,2,LARGE,DOUBLE
noarr,choose_hints,symm,2,1.027486,2,LARGE,DOUBLE
noarr,choose_hints,symm,3,1.025912,2,LARGE,DOUBLE
noarr,choose_hints,symm,4,1.026737,2,LARGE,DOUBLE
noarr,choose_hints,symm,5,1.027656,2,LARGE,DOUBLE
noarr,choose_hints,syr2k,1,1.806552,2,LARGE,DOUBLE
noarr,choose_hints,syr2k,2,1.778788,2,LARGE,DOUBLE
noarr,choose_hints,syr2k,3,1.778850,2,LARGE,DOUBLE
noarr,choose_hints,syr2k,4,1.779834,2,LARGE,DOUBLE
noarr,choose_hints,syr2k,5,1.778983,2,LARGE,DOUBLE
noarr,choose_hints,syrk,1,0.594697,2,LARGE,DOUBLE
noarr,choose_hints,syrk,2,0.594962,2,LARGE,DOUBLE
noarr,choose_hints,syrk,3,0.595256,2,LARGE,DOUBLE
noarr,choose_hints,syrk,4,0.595827,2,LARGE,DOUBLE
noarr,choose_hints,syrk,5,0.596350,2,LARGE,DOUBLE
noarr,choose_hints,trisolv,1,0.003120,2,LARGE,DOUBLE
noarr,choose_hints,trisolv,2,0.003128,2,LARGE,DOUBLE
noarr,choose_hints,trisolv,3,0.003186,2,LARGE,DOUBLE
noarr,choose_hints,trisolv,4,0.003160,2,LARGE,DOUBLE
noarr,choose_hints,trisolv,5,0.003120,2,LARGE,DOUBLE
noarr,choose_hints,trmm,1,0.849797,2,LARGE,DOUBLE
noarr,choose_hints,trmm,2,0.851286,2,LARGE,DOUBLE
noarr,choose_hints,trmm,3,0.851073,2,LARGE,DOUBLE
noarr,choose_hints,trmm,4,0.851847,2,LARGE,DOUBLE
noarr,choose_hints,trmm,5,0.851201,2,LARGE,DOUBLE
noarr,choose_hints,2mm,1,0.650435,3,LARGE,DOUBLE
noarr,choose_hints,2mm,2,0.657287,3,LARGE,DOUBLE
noarr,choose_hints,2mm,3,0.657176,3,LARGE,DOUBLE
noarr,choose_hints,2mm,4,0.650729,3,LARGE,DOUBLE
noarr,choose_hints,2mm,5,0.657416,3,LARGE,DOUBLE
noarr,choose_hints,3mm,1,3.095731,3,LARGE,DOUBLE
noarr,choose_hints,3mm,2,3.055781,3,LARGE,DOUBLE
noarr,choose_hints,3mm,3,3.095543,3,LARGE,DOUBLE
noarr,choose_hints,3mm,4,3.097546,3,LARGE,DOUBLE
noarr,choose_hints,3mm,5,3.077942,3,LARGE,DOUBLE
noarr,choose_hints,adi,1,0.812172,3,LARGE,DOUBLE
noarr,choose_hints,adi,2,0.814242,3,LARGE,DOUBLE
noarr,choose_hints,adi,3,0.823978,3,LARGE,DOUBLE
noarr,choose_hints,adi,4,0.802985,3,LARGE,DOUBLE
noarr,choose_hints,adi,5,0.810215,3,LARGE,DOUBLE
noarr,choose_hints,atax,1,0.008931,3,LARGE,DOUBLE
noarr,choose_hints,atax,2,0.008889,3,LARGE,DOUBLE
noarr,choose_hints,atax,3,0.008944,3,LARGE,DOUBLE
noarr,choose_hints,atax,4,0.008868,3,LARGE,DOUBLE
noarr,choose_hints,atax,5,0.008872,3,LARGE,DOUBLE
noarr,choose_hints,bicg,1,0.006897,3,LARGE,DOUBLE
noarr,choose_hints,bicg,2,0.006804,3,LARGE,DOUBLE
noarr,choose_hints,bicg,3,0.006924,3,LARGE,DOUBLE
noarr,choose_hints,bicg,4,0.006795,3,LARGE,DOUBLE
noarr,choose_hints,bicg,5,0.006855,3,LARGE,DOUBLE
noarr,choose_hints,correlation,1,2.352381,3,LARGE,DOUBLE
noarr,choose_hints,correlation,2,2.353295,3,LARGE,DOUBLE
noarr,choose_hints,correlation,3,2.348050,3,LARGE,DOUBLE
noarr,choose_hints,correlation,4,2.351329,3,LARGE,DOUBLE
noarr,choose_hints,correlation,5,2.357430,3,LARGE,DOUBLE
noarr,choose_hints,covariance,1,1.699027,3,LARGE,DOUBLE
noarr,choose_hints,covariance,2,1.698911,3,LARGE,DOUBLE
noarr,choose_hints,covariance,3,1.699591,3,LARGE,DOUBLE
noarr,choose_hints,covariance,4,1.698692,3,LARGE,DOUBLE
noarr,choose_hints,covariance,5,1.698717,3,LARGE,DOUBLE
noarr,choose_hints,doitgen,1,0.193934,3,LARGE,DOUBLE
noarr,choose_hints,doitgen,2,0.193716,3,LARGE,DOUBLE
noarr,choose_hints,doitgen,3,0.193590,3,LARGE,DOUBLE
noarr,choose_hints,doitgen,4,0.193665,3,LARGE,DOUBLE
noarr,choose_hints,doitgen,5,0.193856,3,LARGE,DOUBLE
noarr,choose_hints,durbin,1,0.003922,3,LARGE,DOUBLE
noarr,choose_hints,durbin,2,0.003927,3,LARGE,DOUBLE
noarr,choose_hints,durbin,3,0.003923,3,LARGE,DOUBLE
noarr,choose_hints,durbin,4,0.003920,3,LARGE,DOUBLE
noarr,choose_hints,durbin,5,0.003928,3,LARGE,DOUBLE
noarr,choose_hints,fdtd-2d,1,0.203662,3,LARGE,DOUBLE
noarr,choose_hints,fdtd-2d,2,0.200759,3,LARGE,DOUBLE
noarr,choose_hints,fdtd-2d,3,0.201736,3,LARGE,DOUBLE
noarr,choose_hints,fdtd-2d,4,0.195368,3,LARGE,DOUBLE
noarr,choose_hints,fdtd-2d,5,0.198170,3,LARGE,DOUBLE
noarr,choose_hints,floyd-warshall,1,15.758615,3,LARGE,DOUBLE
noarr,choose_hints,floyd-warshall,2,15.971753,3,LARGE,DOUBLE
noarr,choose_hints,floyd-warshall,3,15.996723,3,LARGE,DOUBLE
noarr,choose_hints,floyd-warshall,4,15.992009,3,LARGE,DOUBLE
noarr,choose_hints,floyd-warshall,5,16.002168,3,LARGE,DOUBLE
noarr,choose_hints,gemm,1,0.516323,3,LARGE,DOUBLE
noarr,choose_hints,gemm,2,0.518057,3,LARGE,DOUBLE
noarr,choose_hints,gemm,3,0.519502,3,LARGE,DOUBLE
noarr,choose_hints,gemm,4,0.519104,3,LARGE,DOUBLE
noarr,choose_hints,gemm,5,0.519903,3,LARGE,DOUBLE
noarr,choose_hints,gemver,1,0.008692,3,LARGE,DOUBLE
noarr,choose_hints,gemver,2,0.008691,3,LARGE,DOUBLE
noarr,choose_hints,gemver,3,0.008756,3,LARGE,DOUBLE
noarr,choose_hints,gemver,4,0.008786,3,LARGE,DOUBLE
noarr,choose_hints,gemver,5,0.008640,3,LARGE,DOUBLE
noarr,choose_hints,gesummv,1,0.003237,3,LARGE,DOUBLE
noarr,choose_hints,gesummv,2,0.003262,3,LARGE,DOUBLE
noarr,choose_hints,gesummv,3,0.003402,3,LARGE,DOUBLE
noarr,choose_hints,gesummv,4,0.003273,3,LARGE,DOUBLE
noarr,choose_hints,gesummv,5,0.003308,3,LARGE,DOUBLE
noarr,choose_hints,heat-3d,1,1.967478,3,LARGE,DOUBLE
noarr,choose_hints,heat-3d,2,1.957582,3,LARGE,DOUBLE
noarr,choose_hints,heat-3d,3,1.951833,3,LARGE,DOUBLE
noarr,choose_hints,heat-3d,4,1.951639,3,LARGE,DOUBLE
noarr,choose_hints,heat-3d,5,1.913577,3,LARGE,DOUBLE
noarr,choose_hints,jacobi-1d,1,0.029652,3,LARGE,DOUBLE
noarr,choose_hints,jacobi-1d,2,0.030623,3,LARGE,DOUBLE
noarr,choose_hints,jacobi-1d,3,0.029655,3,LARGE,DOUBLE
noarr,choose_hints,jacobi-1d,4,0.029856,3,LARGE,DOUBLE
noarr,choose_hints,jacobi-1d,5,0.029769,3,LARGE,DOUBLE
noarr,choose_hints,jacobi-2d,1,1.724172,3,LARGE,DOUBLE
noarr,choose_hints,jacobi-2d,2,1.705708,3,LARGE,DOUBLE
noarr,choose_hints,jacobi-2d,3,1.699690,3,LARGE,DOUBLE
noarr,choose_hints,jacobi-2d,4,1.704545,3,LARGE,DOUBLE
noarr,choose_hints,jacobi-2d,5,1.712343,3,LARGE,DOUBLE
noarr,choose_hints,lu,1,4.365590,3,LARGE,DOUBLE
noarr,choose_hints,lu,2,4.431576,3,LARGE,DOUBLE
noarr,choose_hints,lu,3,4.365728,3,LARGE,DOUBLE
noarr,choose_hints,lu,4,4.432210,3,LARGE,DOUBLE
noarr,choose_hints,lu,5,4.431140,3,LARGE,DOUBLE
noarr,choose_hints,ludcmp,1,4.370379,3,LARGE,DOUBLE
noarr,choose_hints,ludcmp,2,4.436190,3,LARGE,DOUBLE
noarr,choose_hints,ludcmp,3,4.437352,3,LARGE,DOUBLE
noarr,choose_hints,ludcmp,4,4.367749,3,LARGE,DOUBLE
noarr,choose_hints,ludcmp,5,4.438491,3,LARGE,DOUBLE
noarr,choose_hints,mvt,1,0.006946,3,LARGE,DOUBLE
noarr,choose_hints,mvt,2,0.006816,3,LARGE,DOUBLE
noarr,choose_hints,mvt,3,0.006863,3,LARGE,DOUBLE
noarr,choose_hints,mvt,4,0.006821,3,LARGE,DOUBLE
noarr,choose_hints,mvt,5,0.006816,3,LARGE,DOUBLE
noarr,choose_hints,seidel-2d,1,27.169749,3,LARGE,DOUBLE
noarr,choose_hints,seidel-2d,2,27.169378,3,LARGE,DOUBLE
noarr,choose_hints,seidel-2d,3,27.166551,3,LARGE,DOUBLE
noarr,choose_hints,seidel-2d,4,27.169395,3,LARGE,DOUBLE
noarr,choose_hints,seidel-2d,5,27.171488,3,LARGE,DOUBLE
noarr,choose_hints,symm,1,1.029096,3,LARGE,DOUBLE
noarr,choose_hints,symm,2,1.027708,3,LARGE,DOUBLE
noarr,choose_hints,symm,3,1.028065,3,LARGE,DOUBLE
noarr,choose_hints,symm,4,1.029469,3,LARGE,DOUBLE
noarr,choose_hints,symm,5,1.026404,3,LARGE,DOUBLE
noarr,choose_hints,syr2k,1,1.294510,3,LARGE,DOUBLE
noarr,choose_hints,syr2k,2,1.285671,3,LARGE,DOUBLE
noarr,choose_hints,syr2k,3,1.294738,3,LARGE,DOUBLE
noarr,choose_hints,syr2k,4,1.285002,3,LARGE,DOUBLE
noarr,choose_hints,syr2k,5,1.278456,3,LARGE,DOUBLE
noarr,choose_hints,syrk,1,0.635967,3,LARGE,DOUBLE
noarr,choose_hints,syrk,2,0.633363,3,LARGE,DOUBLE
noarr,choose_hints,syrk,3,0.637910,3,LARGE,DOUBLE
noarr,choose_hints,syrk,4,0.636848,3,LARGE,DOUBLE
noarr,choose_hints,syrk,5,0.635456,3,LARGE,DOUBLE
noarr,choose_hints,trisolv,1,0.003179,3,LARGE,DOUBLE
noarr,choose_hints,trisolv,2,0.003123,3,LARGE,DOUBLE
noarr,choose_hints,trisolv,3,0.003126,3,LARGE,DOUBLE
noarr,choose_hints,trisolv,4,0.003139,3,LARGE,DOUBLE
noarr,choose_hints,trisolv,5,0.003122,3,LARGE,DOUBLE
noarr,choose_hints,trmm,1,0.851332,3,LARGE,DOUBLE
noarr,choose_hints,trmm,2,0.850231,3,LARGE,DOUBLE
noarr,choose_hints,trmm,3,0.851466,3,LARGE,DOUBLE
noarr,choose_hints,trmm,4,0.850528,3,LARGE,DOUBLE
noarr,choose_hints,trmm,5,0.850369,3,LARGE,DOUBLE
noarr,choose_hints,2mm,1,0.657461,4,LARGE,DOUBLE
noarr,choose_hints,2mm,2,0.655785,4,LARGE,DOUBLE
noarr,choose_hints,2mm,3,0.653980,4,LARGE,DOUBLE
noarr,choose_hints,2mm,4,0.653933,4,LARGE,DOUBLE
noarr,choose_hints,2mm,5,0.656920,4,LARGE,DOUBLE
noarr,choose_hints,3mm,1,3.825752,4,LARGE,DOUBLE
noarr,choose_hints,3mm,2,3.817556,4,LARGE,DOUBLE
noarr,choose_hints,3mm,3,3.821936,4,LARGE,DOUBLE
noarr,choose_hints,3mm,4,3.822266,4,LARGE,DOUBLE
noarr,choose_hints,3mm,5,3.821724,4,LARGE,DOUBLE
noarr,choose_hints,adi,1,0.803740,4,LARGE,DOUBLE
noarr,choose_hints,adi,2,0.801136,4,LARGE,DOUBLE
noarr,choose_hints,adi,3,0.789663,4,LARGE,DOUBLE
noarr,choose_hints,adi,4,0.804655,4,LARGE,DOUBLE
noarr,choose_hints,adi,5,0.796205,4,LARGE,DOUBLE
noarr,choose_hints,atax,1,0.008276,4,LARGE,DOUBLE
noarr,choose_hints,atax,2,0.008258,4,LARGE,DOUBLE
noarr,choose_hints,atax,3,0.008309,4,LARGE,DOUBLE
noarr,choose_hints,atax,4,0.008206,4,LARGE,DOUBLE
noarr,choose_hints,atax,5,0.008266,4,LARGE,DOUBLE
noarr,choose_hints,bicg,1,0.006803,4,LARGE,DOUBLE
noarr,choose_hints,bicg,2,0.006845,4,LARGE,DOUBLE
noarr,choose_hints,bicg,3,0.006872,4,LARGE,DOUBLE
noarr,choose_hints,bicg,4,0.006813,4,LARGE,DOUBLE
noarr,choose_hints,bicg,5,0.006819,4,LARGE,DOUBLE
noarr,choose_hints,correlation,1,0.568165,4,LARGE,DOUBLE
noarr,choose_hints,correlation,2,0.573420,4,LARGE,DOUBLE
noarr,choose_hints,correlation,3,0.567994,4,LARGE,DOUBLE
noarr,choose_hints,correlation,4,0.585517,4,LARGE,DOUBLE
noarr,choose_hints,correlation,5,0.568125,4,LARGE,DOUBLE
noarr,choose_hints,covariance,1,0.443290,4,LARGE,DOUBLE
noarr,choose_hints,covariance,2,0.439433,4,LARGE,DOUBLE
noarr,choose_hints,covariance,3,0.438459,4,LARGE,DOUBLE
noarr,choose_hints,covariance,4,0.438246,4,LARGE,DOUBLE
noarr,choose_hints,covariance,5,0.438443,4,LARGE,DOUBLE
noarr,choose_hints,deriche,1,0.151763,4,LARGE,DOUBLE
noarr,choose_hints,deriche,2,0.151963,4,LARGE,DOUBLE
noarr,choose_hints,deriche,3,0.151426,4,LARGE,DOUBLE
noarr,choose_hints,deriche,4,0.151729,4,LARGE,DOUBLE
noarr,choose_hints,deriche,5,0.151908,4,LARGE,DOUBLE
noarr,choose_hints,doitgen,1,0.193865,4,LARGE,DOUBLE
noarr,choose_hints,doitgen,2,0.193835,4,LARGE,DOUBLE
noarr,choose_hints,doitgen,3,0.193940,4,LARGE,DOUBLE
noarr,choose_hints,doitgen,4,0.193675,4,LARGE,DOUBLE
noarr,choose_hints,doitgen,5,0.193789,4,LARGE,DOUBLE
noarr,choose_hints,durbin,1,0.004201,4,LARGE,DOUBLE
noarr,choose_hints,durbin,2,0.004202,4,LARGE,DOUBLE
noarr,choose_hints,durbin,3,0.004193,4,LARGE,DOUBLE
noarr,choose_hints,durbin,4,0.004195,4,LARGE,DOUBLE
noarr,choose_hints,durbin,5,0.004206,4,LARGE,DOUBLE
noarr,choose_hints,floyd-warshall,1,28.991016,4,LARGE,DOUBLE
noarr,choose_hints,floyd-warshall,2,29.366916,4,LARGE,DOUBLE
noarr,choose_hints,floyd-warshall,3,29.447840,4,LARGE,DOUBLE
noarr,choose_hints,floyd-warshall,4,29.149900,4,LARGE,DOUBLE
noarr,choose_hints,floyd-warshall,5,29.371456,4,LARGE,DOUBLE
noarr,choose_hints,gemm,1,0.523355,4,LARGE,DOUBLE
noarr,choose_hints,gemm,2,0.523157,4,LARGE,DOUBLE
noarr,choose_hints,gemm,3,0.519232,4,LARGE,DOUBLE
noarr,choose_hints,gemm,4,0.519579,4,LARGE,DOUBLE
noarr,choose_hints,gemm,5,0.519192,4,LARGE,DOUBLE
noarr,choose_hints,gemver,1,0.011363,4,LARGE,DOUBLE
noarr,choose_hints,gemver,2,0.011371,4,LARGE,DOUBLE
noarr,choose_hints,gemver,3,0.011270,4,LARGE,DOUBLE
noarr,choose_hints,gemver,4,0.011202,4,LARGE,DOUBLE
noarr,choose_hints,gemver,5,0.011227,4,LARGE,DOUBLE
noarr,choose_hints,gesummv,1,0.003303,4,LARGE,DOUBLE
noarr,choose_hints,gesummv,2,0.003301,4,LARGE,DOUBLE
noarr,choose_hints,gesummv,3,0.003289,4,LARGE,DOUBLE
noarr,choose_hints,gesummv,4,0.003271,4,LARGE,DOUBLE
noarr,choose_hints,gesummv,5,0.003241,4,LARGE,DOUBLE
noarr,choose_hints,heat-3d,1,1.948035,4,LARGE,DOUBLE
noarr,choose_hints,heat-3d,2,1.926719,4,LARGE,DOUBLE
noarr,choose_hints,heat-3d,3,1.947873,4,LARGE,DOUBLE
noarr,choose_hints,heat-3d,4,1.941952,4,LARGE,DOUBLE
noarr,choose_hints,heat-3d,5,1.934917,4,LARGE,DOUBLE
noarr,choose_hints,jacobi-1d,1,0.029867,4,LARGE,DOUBLE
noarr,choose_hints,jacobi-1d,2,0.030169,4,LARGE,DOUBLE
noarr,choose_hints,jacobi-1d,3,0.030246,4,LARGE,DOUBLE
noarr,choose_hints,jacobi-1d,4,0.029157,4,LARGE,DOUBLE
noarr,choose_hints,jacobi-1d,5,0.029627,4,LARGE,DOUBLE
noarr,choose_hints,jacobi-2d,1,0.184737,4,LARGE,DOUBLE
noarr,choose_hints,jacobi-2d,2,0.186024,4,LARGE,DOUBLE
noarr,choose_hints,jacobi-2d,3,0.196424,4,LARGE,DOUBLE
noarr,choose_hints,jacobi-2d,4,0.185700,4,LARGE,DOUBLE
noarr,choose_hints,jacobi-2d,5,0.180732,4,LARGE,DOUBLE
noarr,choose_hints,ludcmp,1,4.366998,4,LARGE,DOUBLE
noarr,choose_hints,ludcmp,2,4.366805,4,LARGE,DOUBLE
noarr,choose_hints,ludcmp,3,4.368772,4,LARGE,DOUBLE
noarr,choose_hints,ludcmp,4,4.368309,4,LARGE,DOUBLE
noarr,choose_hints,ludcmp,5,4.370489,4,LARGE,DOUBLE
noarr,choose_hints,mvt,1,0.006885,4,LARGE,DOUBLE
noarr,choose_hints,mvt,2,0.006802,4,LARGE,DOUBLE
noarr,choose_hints,mvt,3,0.006874,4,LARGE,DOUBLE
noarr,choose_hints,mvt,4,0.006879,4,LARGE,DOUBLE
noarr,choose_hints,mvt,5,0.006810,4,LARGE,DOUBLE
noarr,choose_hints,seidel-2d,1,27.164002,4,LARGE,DOUBLE
noarr,choose_hints,seidel-2d,2,27.163910,4,LARGE,DOUBLE
noarr,choose_hints,seidel-2d,3,27.167712,4,LARGE,DOUBLE
noarr,choose_hints,seidel-2d,4,27.164893,4,LARGE,DOUBLE
noarr,choose_hints,seidel-2d,5,27.165387,4,LARGE,DOUBLE
noarr,choose_hints,syr2k,1,1.293884,4,LARGE,DOUBLE
noarr,choose_hints,syr2k,2,1.297354,4,LARGE,DOUBLE
noarr,choose_hints,syr2k,3,1.304980,4,LARGE,DOUBLE
noarr,choose_hints,syr2k,4,1.294753,4,LARGE,DOUBLE
noarr,choose_hints,syr2k,5,1.296330,4,LARGE,DOUBLE
noarr,choose_hints,syrk,1,1.409615,4,LARGE,DOUBLE
noarr,choose_hints,syrk,2,1.398498,4,LARGE,DOUBLE
noarr,choose_hints,syrk,3,1.409726,4,LARGE,DOUBLE
noarr,choose_hints,syrk,4,1.409609,4,LARGE,DOUBLE
noarr,choose_hints,syrk,5,1.398290,4,LARGE,DOUBLE
noarr,choose_hints,trisolv,1,0.003123,4,LARGE,DOUBLE
noarr,choose_hints,trisolv,2,0.003129,4,LARGE,DOUBLE
noarr,choose_hints,trisolv,3,0.003129,4,LARGE,DOUBLE
noarr,choose_hints,trisolv,4,0.003132,4,LARGE,DOUBLE
noarr,choose_hints,trisolv,5,0.003170,4,LARGE,DOUBLE
noarr,choose_hints,trmm,1,0.234655,4,LARGE,DOUBLE
noarr,choose_hints,trmm,2,0.235907,4,LARGE,DOUBLE
noarr,choose_hints,trmm,3,0.235565,4,LARGE,DOUBLE
noarr,choose_hints,trmm,4,0.235086,4,LARGE,DOUBLE
noarr,choose_hints,trmm,5,0.235307,4,LARGE,DOUBLE
noarr,choose_hints,2mm,1,0.648009,5,LARGE,DOUBLE
noarr,choose_hints,2mm,2,0.652495,5,LARGE,DOUBLE
noarr,choose_hints,2mm,3,0.650193,5,LARGE,DOUBLE
noarr,choose_hints,2mm,4,0.649792,5,LARGE,DOUBLE
noarr,choose_hints,2mm,5,0.651198,5,LARGE,DOUBLE
noarr,choose_hints,3mm,1,1.064231,5,LARGE,DOUBLE
noarr,choose_hints,3mm,2,1.066881,5,LARGE,DOUBLE
noarr,choose_hints,3mm,3,1.067412,5,LARGE,DOUBLE
noarr,choose_hints,3mm,4,1.065957,5,LARGE,DOUBLE
noarr,choose_hints,3mm,5,1.101987,5,LARGE,DOUBLE
noarr,choose_hints,adi,1,0.793841,5,LARGE,DOUBLE
noarr,choose_hints,adi,2,0.791753,5,LARGE,DOUBLE
noarr,choose_hints,adi,3,0.804881,5,LARGE,DOUBLE
noarr,choose_hints,adi,4,0.792659,5,LARGE,DOUBLE
noarr,choose_hints,adi,5,0.792539,5,LARGE,DOUBLE
noarr,choose_hints,atax,1,0.008297,5,LARGE,DOUBLE
noarr,choose_hints,atax,2,0.008216,5,LARGE,DOUBLE
noarr,choose_hints,atax,3,0.008201,5,LARGE,DOUBLE
noarr,choose_hints,atax,4,0.008245,5,LARGE,DOUBLE
noarr,choose_hints,atax,5,0.008281,5,LARGE,DOUBLE
noarr,choose_hints,bicg,1,0.006933,5,LARGE,DOUBLE
noarr,choose_hints,bicg,2,0.006838,5,LARGE,DOUBLE
noarr,choose_hints,bicg,3,0.006862,5,LARGE,DOUBLE
noarr,choose_hints,bicg,4,0.006818,5,LARGE,DOUBLE
noarr,choose_hints,bicg,5,0.006811,5,LARGE,DOUBLE
noarr,choose_hints,correlation,1,1.689378,5,LARGE,DOUBLE
noarr,choose_hints,correlation,2,1.688932,5,LARGE,DOUBLE
noarr,choose_hints,correlation,3,1.687881,5,LARGE,DOUBLE
noarr,choose_hints,correlation,4,1.689523,5,LARGE,DOUBLE
noarr,choose_hints,correlation,5,1.688196,5,LARGE,DOUBLE
noarr,choose_hints,covariance,1,0.443742,5,LARGE,DOUBLE
noarr,choose_hints,covariance,2,0.438593,5,LARGE,DOUBLE
noarr,choose_hints,covariance,3,0.439114,5,LARGE,DOUBLE
noarr,choose_hints,covariance,4,0.438836,5,LARGE,DOUBLE
noarr,choose_hints,covariance,5,0.438746,5,LARGE,DOUBLE
noarr,choose_hints,deriche,1,0.066375,5,LARGE,DOUBLE
noarr,choose_hints,deriche,2,0.066902,5,LARGE,DOUBLE
noarr,choose_hints,deriche,3,0.066689,5,LARGE,DOUBLE
noarr,choose_hints,deriche,4,0.067490,5,LARGE,DOUBLE
noarr,choose_hints,deriche,5,0.066442,5,LARGE,DOUBLE
noarr,choose_hints,doitgen,1,0.193848,5,LARGE,DOUBLE
noarr,choose_hints,doitgen,2,0.193838,5,LARGE,DOUBLE
noarr,choose_hints,doitgen,3,0.193712,5,LARGE,DOUBLE
noarr,choose_hints,doitgen,4,0.193773,5,LARGE,DOUBLE
noarr,choose_hints,doitgen,5,0.193685,5,LARGE,DOUBLE
noarr,choose_hints,durbin,1,0.004318,5,LARGE,DOUBLE
noarr,choose_hints,durbin,2,0.004317,5,LARGE,DOUBLE
noarr,choose_hints,durbin,3,0.004341,5,LARGE,DOUBLE
noarr,choose_hints,durbin,4,0.004454,5,LARGE,DOUBLE
noarr,choose_hints,durbin,5,0.004466,5,LARGE,DOUBLE
noarr,choose_hints,fdtd-2d,1,0.160726,5,LARGE,DOUBLE
noarr,choose_hints,fdtd-2d,2,0.162598,5,LARGE,DOUBLE
noarr,choose_hints,fdtd-2d,3,0.160126,5,LARGE,DOUBLE
noarr,choose_hints,fdtd-2d,4,0.156042,5,LARGE,DOUBLE
noarr,choose_hints,fdtd-2d,5,0.160354,5,LARGE,DOUBLE
noarr,choose_hints,floyd-warshall,1,14.613983,5,LARGE,DOUBLE
noarr,choose_hints,floyd-warshall,2,14.645618,5,LARGE,DOUBLE
noarr,choose_hints,floyd-warshall,3,14.644140,5,LARGE,DOUBLE
noarr,choose_hints,floyd-warshall,4,14.637702,5,LARGE,DOUBLE
noarr,choose_hints,floyd-warshall,5,14.863361,5,LARGE,DOUBLE
noarr,choose_hints,gemm,1,0.522099,5,LARGE,DOUBLE
noarr,choose_hints,gemm,2,0.519409,5,LARGE,DOUBLE
noarr,choose_hints,gemm,3,0.519073,5,LARGE,DOUBLE
noarr,choose_hints,gemm,4,0.519508,5,LARGE,DOUBLE
noarr,choose_hints,gemm,5,0.519619,5,LARGE,DOUBLE
noarr,choose_hints,gemver,1,0.018086,5,LARGE,DOUBLE
noarr,choose_hints,gemver,2,0.017310,5,LARGE,DOUBLE
noarr,choose_hints,gemver,3,0.017997,5,LARGE,DOUBLE
noarr,choose_hints,gemver,4,0.017662,5,LARGE,DOUBLE
noarr,choose_hints,gemver,5,0.017933,5,LARGE,DOUBLE
noarr,choose_hints,gesummv,1,0.002692,5,LARGE,DOUBLE
noarr,choose_hints,gesummv,2,0.002678,5,LARGE,DOUBLE
noarr,choose_hints,gesummv,3,0.002692,5,LARGE,DOUBLE
noarr,choose_hints,gesummv,4,0.002644,5,LARGE,DOUBLE
noarr,choose_hints,gesummv,5,0.002697,5,LARGE,DOUBLE
noarr,choose_hints,heat-3d,1,2.038080,5,LARGE,DOUBLE
noarr,choose_hints,heat-3d,2,2.033284,5,LARGE,DOUBLE
noarr,choose_hints,heat-3d,3,2.035682,5,LARGE,DOUBLE
noarr,choose_hints,heat-3d,4,2.035207,5,LARGE,DOUBLE
noarr,choose_hints,heat-3d,5,2.026292,5,LARGE,DOUBLE
noarr,choose_hints,jacobi-1d,1,0.010556,5,LARGE,DOUBLE
noarr,choose_hints,jacobi-1d,2,0.010760,5,LARGE,DOUBLE
noarr,choose_hints,jacobi-1d,3,0.010952,5,LARGE,DOUBLE
noarr,choose_hints,jacobi-1d,4,0.010384,5,LARGE,DOUBLE
noarr,choose_hints,jacobi-1d,5,0.010629,5,LARGE,DOUBLE
noarr,choose_hints,jacobi-2d,1,0.186949,5,LARGE,DOUBLE
noarr,choose_hints,jacobi-2d,2,0.184108,5,LARGE,DOUBLE
noarr,choose_hints,jacobi-2d,3,0.181960,5,LARGE,DOUBLE
noarr,choose_hints,jacobi-2d,4,0.187225,5,LARGE,DOUBLE
noarr,choose_hints,jacobi-2d,5,0.179003,5,LARGE,DOUBLE
noarr,choose_hints,lu,1,4.438798,5,LARGE,DOUBLE
noarr,choose_hints,lu,2,4.362316,5,LARGE,DOUBLE
noarr,choose_hints,lu,3,4.392222,5,LARGE,DOUBLE
noarr,choose_hints,lu,4,4.417169,5,LARGE,DOUBLE
noarr,choose_hints,lu,5,4.440256,5,LARGE,DOUBLE
noarr,choose_hints,ludcmp,1,4.416912,5,LARGE,DOUBLE
noarr,choose_hints,ludcmp,2,4.414287,5,LARGE,DOUBLE
noarr,choose_hints,ludcmp,3,4.414947,5,LARGE,DOUBLE
noarr,choose_hints,ludcmp,4,4.413289,5,LARGE,DOUBLE
noarr,choose_hints,ludcmp,5,4.411750,5,LARGE,DOUBLE
noarr,choose_hints,mvt,1,0.006843,5,LARGE,DOUBLE
noarr,choose_hints,mvt,2,0.006847,5,LARGE,DOUBLE
noarr,choose_hints,mvt,3,0.006899,5,LARGE,DOUBLE
noarr,choose_hints,mvt,4,0.006763,5,LARGE,DOUBLE
noarr,choose_hints,mvt,5,0.006841,5,LARGE,DOUBLE
noarr,choose_hints,seidel-2d,1,20.026279,5,LARGE,DOUBLE
noarr,choose_hints,seidel-2d,2,20.025417,5,LARGE,DOUBLE
noarr,choose_hints,seidel-2d,3,20.025545,5,LARGE,DOUBLE
noarr,choose_hints,seidel-2d,4,20.025152,5,LARGE,DOUBLE
noarr,choose_hints,seidel-2d,5,20.026101,5,LARGE,DOUBLE
noarr,choose_hints,symm,1,1.033189,5,LARGE,DOUBLE
noarr,choose_hints,symm,2,1.032924,5,LARGE,DOUBLE
noarr,choose_hints,symm,3,1.033105,5,LARGE,DOUBLE
noarr,choose_hints,symm,4,1.033782,5,LARGE,DOUBLE
noarr,choose_hints,symm,5,1.034326,5,LARGE,DOUBLE
noarr,choose_hints,syr2k,1,1.295777,5,LARGE,DOUBLE
noarr,choose_hints,syr2k,2,1.290216,5,LARGE,DOUBLE
noarr,choose_hints,syr2k,3,1.297475,5,LARGE,DOUBLE
noarr,choose_hints,syr2k,4,1.294416,5,LARGE,DOUBLE
noarr,choose_hints,syr2k,5,1.297277,5,LARGE,DOUBLE
noarr,choose_hints,trisolv,1,0.003127,5,LARGE,DOUBLE
noarr,choose_hints,trisolv,2,0.003122,5,LARGE,DOUBLE
noarr,choose_hints,trisolv,3,0.003179,5,LARGE,DOUBLE
noarr,choose_hints,trisolv,4,0.003142,5,LARGE,DOUBLE
noarr,choose_hints,trisolv,5,0.003103,5,LARGE,DOUBLE
noarr,choose_hints,trmm,1,0.235848,5,LARGE,DOUBLE
noarr,choose_hints,trmm,2,0.235148,5,LARGE,DOUBLE
noarr,choose_hints,trmm,3,0.233614,5,LARGE,DOUBLE
noarr,choose_hints,trmm,4,0.234077,5,LARGE,DOUBLE
noarr,choose_hints,trmm,5,0.234636,5,LARGE,DOUBLE
halide,choose_hints,adi,1,112.356725,1,LARGE,DOUBLE
halide,choose_hints,adi,2,110.622066,1,LARGE,DOUBLE
halide,choose_hints,adi,3,110.131922,1,LARGE,DOUBLE
halide,choose_hints,adi,4,112.935031,1,LARGE,DOUBLE
halide,choose_hints,adi,5,111.116128,1,LARGE,DOUBLE
halide,choose_hints,doitgen,1,0.009402,1,LARGE,DOUBLE
halide,choose_hints,doitgen,2,0.009345,1,LARGE,DOUBLE
halide,choose_hints,doitgen,3,0.009420,1,LARGE,DOUBLE
halide,choose_hints,doitgen,4,0.009242,1,LARGE,DOUBLE
halide,choose_hints,doitgen,5,0.009424,1,LARGE,DOUBLE
halide,choose_hints,fdtd-2d,1,6.702015,1,LARGE,DOUBLE
halide,choose_hints,fdtd-2d,2,6.595510,1,LARGE,DOUBLE
halide,choose_hints,fdtd-2d,3,6.651126,1,LARGE,DOUBLE
halide,choose_hints,fdtd-2d,4,6.530844,1,LARGE,DOUBLE
halide,choose_hints,fdtd-2d,5,6.426833,1,LARGE,DOUBLE
halide,choose_hints,heat-3d,1,1.100107,1,LARGE,DOUBLE
halide,choose_hints,heat-3d,2,1.145399,1,LARGE,DOUBLE
halide,choose_hints,heat-3d,3,1.152816,1,LARGE,DOUBLE
halide,choose_hints,heat-3d,4,0.965962,1,LARGE,DOUBLE
halide,choose_hints,heat-3d,5,1.147840,1,LARGE,DOUBLE
halide,choose_hints,jacobi-2d,1,0.805737,1,LARGE,DOUBLE
halide,choose_hints,jacobi-2d,2,0.673483,1,LARGE,DOUBLE
halide,choose_hints,jacobi-2d,3,0.632135,1,LARGE,DOUBLE
halide,choose_hints,jacobi-2d,4,0.493881,1,LARGE,DOUBLE
halide,choose_hints,jacobi-2d,5,0.654849,1,LARGE,DOUBLE
halide,choose_hints,ludcmp,1,7.977841,1,LARGE,DOUBLE
halide,choose_hints,ludcmp,2,7.872007,1,LARGE,DOUBLE
halide,choose_hints,ludcmp,3,7.941669,1,LARGE,DOUBLE
halide,choose_hints,ludcmp,4,7.904037,1,LARGE,DOUBLE
halide,choose_hints,ludcmp,5,7.929835,1,LARGE,DOUBLE
halide,choose_hints,nussinov,1,6.737746,1,LARGE,DOUBLE
halide,choose_hints,nussinov,2,6.739333,1,LARGE,DOUBLE
halide,choose_hints,nussinov,3,6.723846,1,LARGE,DOUBLE
halide,choose_hints,nussinov,4,6.727533,1,LARGE,DOUBLE
halide,choose_hints,nussinov,5,6.680288,1,LARGE,DOUBLE
halide,choose_hints,seidel-2d,1,0.939279,1,LARGE,DOUBLE
halide,choose_hints,seidel-2d,2,0.955417,1,LARGE,DOUBLE
halide,choose_hints,seidel-2d,3,0.988859,1,LARGE,DOUBLE
halide,choose_hints,seidel-2d,4,0.912456,1,LARGE,DOUBLE
halide,choose_hints,seidel-2d,5,1.037549,1,LARGE,DOUBLE
halide,choose_hints,syr2k,1,0.043821,1,LARGE,DOUBLE
halide,choose_hints,syr2k,2,0.043681,1,LARGE,DOUBLE
halide,choose_hints,syr2k,3,0.041844,1,LARGE,DOUBLE
halide,choose_hints,syr2k,4,0.043834,1,LARGE,DOUBLE
halide,choose_hints,syr2k,5,0.041058,1,LARGE,DOUBLE
halide,choose_hints,syrk,1,0.026383,1,LARGE,DOUBLE
halide,choose_hints,syrk,2,0.026074,1,LARGE,DOUBLE
halide,choose_hints,syrk,3,0.026625,1,LARGE,DOUBLE
halide,choose_hints,syrk,4,0.026284,1,LARGE,DOUBLE
halide,choose_hints,syrk,5,0.026565,1,LARGE,DOUBLE
halide,choose_hints,adi,1,13.748515,2,LARGE,DOUBLE
halide,choose_hints,adi,2,13.783660,2,LARGE,DOUBLE
halide,choose_hints,adi,3,13.831081,2,LARGE,DOUBLE
halide,choose_hints,adi,4,13.770494,2,LARGE,DOUBLE
halide,choose_hints,adi,5,13.791586,2,LARGE,DOUBLE
halide,choose_hints,cholesky,1,1.894657,2,LARGE,DOUBLE
halide,choose_hints,cholesky,2,1.904292,2,LARGE,DOUBLE
halide,choose_hints,cholesky,3,1.906014,2,LARGE,DOUBLE
halide,choose_hints,cholesky,4,1.895724,2,LARGE,DOUBLE
halide,choose_hints,cholesky,5,1.903394,2,LARGE,DOUBLE
halide,choose_hints,deriche,1,0.345736,2,LARGE,DOUBLE
halide,choose_hints,deriche,2,0.374064,2,LARGE,DOUBLE
halide,choose_hints,deriche,3,0.368806,2,LARGE,DOUBLE
halide,choose_hints,deriche,4,0.347371,2,LARGE,DOUBLE
halide,choose_hints,deriche,5,0.324934,2,LARGE,DOUBLE
halide,choose_hints,doitgen,1,0.126155,2,LARGE,DOUBLE
halide,choose_hints,doitgen,2,0.127711,2,LARGE,DOUBLE
halide,choose_hints,doitgen,3,0.133953,2,LARGE,DOUBLE
halide,choose_hints,doitgen,4,0.138178,2,LARGE,DOUBLE
halide,choose_hints,doitgen,5,0.123409,2,LARGE,DOUBLE
halide,choose_hints,floyd-warshall,1,9.880421,2,LARGE,DOUBLE
halide,choose_hints,floyd-warshall,2,10.166809,2,LARGE,DOUBLE
halide,choose_hints,floyd-warshall,3,9.988764,2,LARGE,DOUBLE
halide,choose_hints,floyd-warshall,4,10.144857,2,LARGE,DOUBLE
halide,choose_hints,floyd-warshall,5,10.017807,2,LARGE,DOUBLE
halide,choose_hints,heat-3d,1,1.159005,2,LARGE,DOUBLE
halide,choose_hints,heat-3d,2,1.133994,2,LARGE,DOUBLE
halide,choose_hints,heat-3d,3,1.186184,2,LARGE,DOUBLE
halide,choose_hints,heat-3d,4,1.155393,2,LARGE,DOUBLE
halide,choose_hints,heat-3d,5,1.123687,2,LARGE,DOUBLE
halide,choose_hints,jacobi-2d,1,0.412003,2,LARGE,DOUBLE
halide,choose_hints,jacobi-2d,2,0.476169,2,LARGE,DOUBLE
halide,choose_hints,jacobi-2d,3,0.475938,2,LARGE,DOUBLE
halide,choose_hints,jacobi-2d,4,0.357253,2,LARGE,DOUBLE
halide,choose_hints,jacobi-2d,5,0.431798,2,LARGE,DOUBLE
halide,choose_hints,lu,1,6.420724,2,LARGE,DOUBLE
halide,choose_hints,lu,2,6.409347,2,LARGE,DOUBLE
halide,choose_hints,lu,3,6.462410,2,LARGE,DOUBLE
halide,choose_hints,lu,4,6.461668,2,LARGE,DOUBLE
halide,choose_hints,lu,5,6.432670,2,LARGE,DOUBLE
halide,choose_hints,mvt,1,0.024796,2,LARGE,DOUBLE
halide,choose_hints,mvt,2,0.024000,2,LARGE,DOUBLE
halide,choose_hints,mvt,3,0.021092,2,LARGE,DOUBLE
halide,choose_hints,mvt,4,0.021928,2,LARGE,DOUBLE
halide,choose_hints,mvt,5,0.022909,2,LARGE,DOUBLE
halide,choose_hints,adi,1,23.254793,3,LARGE,DOUBLE
halide,choose_hints,adi,2,22.999113,3,LARGE,DOUBLE
halide,choose_hints,adi,3,24.168607,3,LARGE,DOUBLE
halide,choose_hints,adi,4,23.053702,3,LARGE,DOUBLE
halide,choose_hints,adi,5,23.002355,3,LARGE,DOUBLE
halide,choose_hints,deriche,1,1.392456,3,LARGE,DOUBLE
halide,choose_hints,deriche,2,1.390657,3,LARGE,DOUBLE
halide,choose_hints,deriche,3,1.388238,3,LARGE,DOUBLE
halide,choose_hints,deriche,4,1.397586,3,LARGE,DOUBLE
halide,choose_hints,deriche,5,1.379188,3,LARGE,DOUBLE
halide,choose_hints,floyd-warshall,1,24.207554,3,LARGE,DOUBLE
halide,choose_hints,floyd-warshall,2,37.740430,3,LARGE,DOUBLE
halide,choose_hints,floyd-warshall,3,26.923114,3,LARGE,DOUBLE
halide,choose_hints,floyd-warshall,4,23.442588,3,LARGE,DOUBLE
halide,choose_hints,floyd-warshall,5,24.452795,3,LARGE,DOUBLE
halide,choose_hints,heat-3d,1,0.865866,3,LARGE,DOUBLE
halide,choose_hints,heat-3d,2,0.751472,3,LARGE,DOUBLE
halide,choose_hints,heat-3d,3,0.824065,3,LARGE,DOUBLE
halide,choose_hints,heat-3d,4,0.992756,3,LARGE,DOUBLE
halide,choose_hints,heat-3d,5,0.868680,3,LARGE,DOUBLE
halide,choose_hints,jacobi-1d,1,0.880450,3,LARGE,DOUBLE
halide,choose_hints,jacobi-1d,2,0.943135,3,LARGE,DOUBLE
halide,choose_hints,jacobi-1d,3,0.950762,3,LARGE,DOUBLE
halide,choose_hints,jacobi-1d,4,0.928119,3,LARGE,DOUBLE
halide,choose_hints,jacobi-1d,5,0.932176,3,LARGE,DOUBLE
halide,choose_hints,jacobi-2d,1,0.617518,3,LARGE,DOUBLE
halide,choose_hints,jacobi-2d,2,0.630593,3,LARGE,DOUBLE
halide,choose_hints,jacobi-2d,3,0.690464,3,LARGE,DOUBLE
halide,choose_hints,jacobi-2d,4,0.541083,3,LARGE,DOUBLE
halide,choose_hints,jacobi-2d,5,0.592693,3,LARGE,DOUBLE
halide,choose_hints,nussinov,1,6.812759,3,LARGE,DOUBLE
halide,choose_hints,nussinov,2,6.769719,3,LARGE,DOUBLE
halide,choose_hints,nussinov,3,6.771075,3,LARGE,DOUBLE
halide,choose_hints,nussinov,4,6.792936,3,LARGE,DOUBLE
halide,choose_hints,nussinov,5,6.749117,3,LARGE,DOUBLE
halide,choose_hints,symm,1,0.032720,3,LARGE,DOUBLE
halide,choose_hints,symm,2,0.033086,3,LARGE,DOUBLE
halide,choose_hints,symm,3,0.032907,3,LARGE,DOUBLE
halide,choose_hints,symm,4,0.034634,3,LARGE,DOUBLE
halide,choose_hints,symm,5,0.034849,3,LARGE,DOUBLE
halide,choose_hints,syrk,1,0.023586,3,LARGE,DOUBLE
halide,choose_hints,syrk,2,0.023445,3,LARGE,DOUBLE
halide,choose_hints,syrk,3,0.024833,3,LARGE,DOUBLE
halide,choose_hints,syrk,4,0.023569,3,LARGE,DOUBLE
halide,choose_hints,syrk,5,0.024583,3,LARGE,DOUBLE
halide,choose_hints,adi,1,11.263589,4,LARGE,DOUBLE
halide,choose_hints,adi,2,11.294460,4,LARGE,DOUBLE
halide,choose_hints,adi,3,11.318077,4,LARGE,DOUBLE
halide,choose_hints,adi,4,11.438948,4,LARGE,DOUBLE
halide,choose_hints,adi,5,11.432853,4,LARGE,DOUBLE
halide,choose_hints,deriche,1,0.348280,4,LARGE,DOUBLE
halide,choose_hints,deriche,2,0.341859,4,LARGE,DOUBLE
halide,choose_hints,deriche,3,0.345129,4,LARGE,DOUBLE
halide,choose_hints,deriche,4,0.345755,4,LARGE,DOUBLE
halide,choose_hints,deriche,5,0.341126,4,LARGE,DOUBLE
halide,choose_hints,doitgen,1,0.009816,4,LARGE,DOUBLE
halide,choose_hints,doitgen,2,0.009551,4,LARGE,DOUBLE
halide,choose_hints,doitgen,3,0.009617,4,LARGE,DOUBLE
halide,choose_hints,doitgen,4,0.009439,4,LARGE,DOUBLE
halide,choose_hints,doitgen,5,0.009604,4,LARGE,DOUBLE
halide,choose_hints,floyd-warshall,1,11.238179,4,LARGE,DOUBLE
halide,choose_hints,floyd-warshall,2,10.808519,4,LARGE,DOUBLE
halide,choose_hints,floyd-warshall,3,11.854817,4,LARGE,DOUBLE
halide,choose_hints,floyd-warshall,4,11.531562,4,LARGE,DOUBLE
halide,choose_hints,floyd-warshall,5,10.207575,4,LARGE,DOUBLE
halide,choose_hints,heat-3d,1,1.077479,4,LARGE,DOUBLE
halide,choose_hints,heat-3d,2,1.150550,4,LARGE,DOUBLE
halide,choose_hints,heat-3d,3,1.047550,4,LARGE,DOUBLE
halide,choose_hints,heat-3d,4,1.136901,4,LARGE,DOUBLE
halide,choose_hints,heat-3d,5,1.119946,4,LARGE,DOUBLE
halide,choose_hints,jacobi-1d,1,0.003133,4,LARGE,DOUBLE
halide,choose_hints,jacobi-1d,2,0.002132,4,LARGE,DOUBLE
halide,choose_hints,jacobi-1d,3,0.002318,4,LARGE,DOUBLE
halide,choose_hints,jacobi-1d,4,0.002523,4,LARGE,DOUBLE
halide,choose_hints,jacobi-1d,5,0.003492,4,LARGE,DOUBLE
halide,choose_hints,jacobi-2d,1,0.380073,4,LARGE,DOUBLE
halide,choose_hints,jacobi-2d,2,0.442829,4,LARGE,DOUBLE
halide,choose_hints,jacobi-2d,3,0.420391,4,LARGE,DOUBLE
halide,choose_hints,jacobi-2d,4,0.417704,4,LARGE,DOUBLE
halide,choose_hints,jacobi-2d,5,0.413418,4,LARGE,DOUBLE
halide,choose_hints,lu,1,6.656145,4,LARGE,DOUBLE
halide,choose_hints,lu,2,6.640368,4,LARGE,DOUBLE
halide,choose_hints,lu,3,6.666600,4,LARGE,DOUBLE
halide,choose_hints,lu,4,6.804236,4,LARGE,DOUBLE
halide,choose_hints,lu,5,6.609813,4,LARGE,DOUBLE
halide,choose_hints,symm,1,0.026671,4,LARGE,DOUBLE
halide,choose_hints,symm,2,0.027804,4,LARGE,DOUBLE
halide,choose_hints,symm,3,0.026153,4,LARGE,DOUBLE
halide,choose_hints,symm,4,0.028152,4,LARGE,DOUBLE
halide,choose_hints,symm,5,0.026083,4,LARGE,DOUBLE
halide,choose_hints,syrk,1,0.015829,4,LARGE,DOUBLE
halide,choose_hints,syrk,2,0.015962,4,LARGE,DOUBLE
halide,choose_hints,syrk,3,0.015680,4,LARGE,DOUBLE
halide,choose_hints,syrk,4,0.015847,4,LARGE,DOUBLE
halide,choose_hints,syrk,5,0.015699,4,LARGE,DOUBLE
halide,choose_hints,trisolv,1,0.005246,4,LARGE,DOUBLE
halide,choose_hints,trisolv,2,0.005356,4,LARGE,DOUBLE
halide,choose_hints,trisolv,3,0.005547,4,LARGE,DOUBLE
halide,choose_hints,trisolv,4,0.005519,4,LARGE,DOUBLE
halide,choose_hints,trisolv,5,0.005506,4,LARGE,DOUBLE
halide,choose_hints,covariance,1,0.108713,5,LARGE,DOUBLE
halide,choose_hints,covariance,2,0.108485,5,LARGE,DOUBLE
halide,choose_hints,covariance,3,0.109883,5,LARGE,DOUBLE
halide,choose_hints,covariance,4,0.107347,5,LARGE,DOUBLE
halide,choose_hints,covariance,5,0.108476,5,LARGE,DOUBLE
halide,choose_hints,deriche,1,0.344817,5,LARGE,DOUBLE
halide,choose_hints,deriche,2,0.346607,5,LARGE,DOUBLE
halide,choose_hints,deriche,3,0.330415,5,LARGE,DOUBLE
halide,choose_hints,deriche,4,0.349600,5,LARGE,DOUBLE
halide,choose_hints,deriche,5,0.328749,5,LARGE,DOUBLE
halide,choose_hints,doitgen,1,0.009535,5,LARGE,DOUBLE
halide,choose_hints,doitgen,2,0.009627,5,LARGE,DOUBLE
halide,choose_hints,doitgen,3,0.009642,5,LARGE,DOUBLE
halide,choose_hints,doitgen,4,0.009741,5,LARGE,DOUBLE
halide,choose_hints,doitgen,5,0.009722,5,LARGE,DOUBLE
halide,choose_hints,fdtd-2d,1,10.338792,5,LARGE,DOUBLE
halide,choose_hints,fdtd-2d,2,9.532566,5,LARGE,DOUBLE
halide,choose_hints,fdtd-2d,3,9.964662,5,LARGE,DOUBLE
halide,choose_hints,fdtd-2d,4,14.341782,5,LARGE,DOUBLE
halide,choose_hints,fdtd-2d,5,10.495979,5,LARGE,DOUBLE
halide,choose_hints,floyd-warshall,1,24.790995,5,LARGE,DOUBLE
halide,choose_hints,floyd-warshall,2,25.345622,5,LARGE,DOUBLE
halide,choose_hints,floyd-warshall,3,23.630869,5,LARGE,DOUBLE
halide,choose_hints,floyd-warshall,4,26.725684,5,LARGE,DOUBLE
halide,choose_hints,floyd-warshall,5,25.993623,5,LARGE,DOUBLE
halide,choose_hints,heat-3d,1,50.604007,5,LARGE,DOUBLE
halide,choose_hints,heat-3d,2,51.436487,5,LARGE,DOUBLE
halide,choose_hints,heat-3d,3,54.185514,5,LARGE,DOUBLE
halide,choose_hints,heat-3d,4,51.034647,5,LARGE,DOUBLE
halide,choose_hints,heat-3d,5,51.714573,5,LARGE,DOUBLE
halide,choose_hints,lu,1,7.986718,5,LARGE,DOUBLE
halide,choose_hints,lu,2,7.982235,5,LARGE,DOUBLE
halide,choose_hints,lu,3,7.894197,5,LARGE,DOUBLE
halide,choose_hints,lu,4,7.961094,5,LARGE,DOUBLE
halide,choose_hints,lu,5,8.027315,5,LARGE,DOUBLE
exo,choose_hints,2mm,1,0.063985,1,LARGE,DOUBLE
exo,choose_hints,2mm,2,0.063939,1,LARGE,DOUBLE
exo,choose_hints,2mm,3,0.064302,1,LARGE,DOUBLE
exo,choose_hints,2mm,4,0.065066,1,LARGE,DOUBLE
exo,choose_hints,2mm,5,0.063879,1,LARGE,DOUBLE
exo,choose_hints,3mm,1,0.036841,1,LARGE,DOUBLE
exo,choose_hints,3mm,2,0.036683,1,LARGE,DOUBLE
exo,choose_hints,3mm,3,0.037040,1,LARGE,DOUBLE
exo,choose_hints,3mm,4,0.036818,1,LARGE,DOUBLE
exo,choose_hints,3mm,5,0.036881,1,LARGE,DOUBLE
exo,choose_hints,adi,1,0.592288,1,LARGE,DOUBLE
exo,choose_hints,adi,2,0.601859,1,LARGE,DOUBLE
exo,choose_hints,adi,3,0.659326,1,LARGE,DOUBLE
exo,choose_hints,adi,4,0.594960,1,LARGE,DOUBLE
exo,choose_hints,adi,5,0.608164,1,LARGE,DOUBLE
exo,choose_hints,atax,1,0.002370,1,LARGE,DOUBLE
exo,choose_hints,atax,2,0.002392,1,LARGE,DOUBLE
exo,choose_hints,atax,3,0.002382,1,LARGE,DOUBLE
exo,choose_hints,atax,4,0.002378,1,LARGE,DOUBLE
exo,choose_hints,atax,5,0.002407,1,LARGE,DOUBLE
exo,choose_hints,bicg,1,0.006524,1,LARGE,DOUBLE
exo,choose_hints,bicg,2,0.006635,1,LARGE,DOUBLE
exo,choose_hints,bicg,3,0.006630,1,LARGE,DOUBLE
exo,choose_hints,bicg,4,0.006635,1,LARGE,DOUBLE
exo,choose_hints,bicg,5,0.006686,1,LARGE,DOUBLE
exo,choose_hints,correlation,1,0.077732,1,LARGE,DOUBLE
exo,choose_hints,correlation,2,0.076913,1,LARGE,DOUBLE
exo,choose_hints,correlation,3,0.077505,1,LARGE,DOUBLE
exo,choose_hints,correlation,4,0.078020,1,LARGE,DOUBLE
exo,choose_hints,correlation,5,0.076883,1,LARGE,DOUBLE
exo,choose_hints,covariance,1,0.072982,1,LARGE,DOUBLE
exo,choose_hints,covariance,2,0.076498,1,LARGE,DOUBLE
exo,choose_hints,covariance,3,0.072788,1,LARGE,DOUBLE
exo,choose_hints,covariance,4,0.072619,1,LARGE,DOUBLE
exo,choose_hints,covariance,5,0.073032,1,LARGE,DOUBLE
exo,choose_hints,doitgen,1,0.005157,1,LARGE,DOUBLE
exo,choose_hints,doitgen,2,0.005970,1,LARGE,DOUBLE
exo,choose_hints,doitgen,3,0.006480,1,LARGE,DOUBLE
exo,choose_hints,doitgen,4,0.005524,1,LARGE,DOUBLE
exo,choose_hints,doitgen,5,0.005047,1,LARGE,DOUBLE
exo,choose_hints,durbin,1,0.004269,1,LARGE,DOUBLE
exo,choose_hints,durbin,2,0.004283,1,LARGE,DOUBLE
exo,choose_hints,durbin,3,0.004314,1,LARGE,DOUBLE
exo,choose_hints,durbin,4,0.004265,1,LARGE,DOUBLE
exo,choose_hints,durbin,5,0.004268,1,LARGE,DOUBLE
exo,choose_hints,floyd-warshall,1,1.120617,1,LARGE,DOUBLE
exo,choose_hints,floyd-warshall,2,1.342336,1,LARGE,DOUBLE
exo,choose_hints,floyd-warshall,3,0.926737,1,LARGE,DOUBLE
exo,choose_hints,floyd-warshall,4,0.922617,1,LARGE,DOUBLE
exo,choose_hints,floyd-warshall,5,0.930319,1,LARGE,DOUBLE
exo,choose_hints,gemm,1,0.056027,1,LARGE,DOUBLE
exo,choose_hints,gemm,2,0.055901,1,LARGE,DOUBLE
exo,choose_hints,gemm,3,0.055458,1,LARGE,DOUBLE
exo,choose_hints,gemm,4,0.055858,1,LARGE,DOUBLE
exo,choose_hints,gemm,5,0.057176,1,LARGE,DOUBLE
exo,choose_hints,gemver,1,0.004656,1,LARGE,DOUBLE
exo,choose_hints,gemver,2,0.004682,1,LARGE,DOUBLE
exo,choose_hints,gemver,3,0.004626,1,LARGE,DOUBLE
exo,choose_hints,gemver,4,0.004675,1,LARGE,DOUBLE
exo,choose_hints,gemver,5,0.004651,1,LARGE,DOUBLE
exo,choose_hints,gesummv,1,0.000883,1,LARGE,DOUBLE
exo,choose_hints,gesummv,2,0.000883,1,LARGE,DOUBLE
exo,choose_hints,gesummv,3,0.000885,1,LARGE,DOUBLE
exo,choose_hints,gesummv,4,0.000895,1,LARGE,DOUBLE
exo,choose_hints,gesummv,5,0.000868,1,LARGE,DOUBLE
exo,choose_hints,jacobi-1d,1,0.026365,1,LARGE,DOUBLE
exo,choose_hints,jacobi-1d,2,0.026713,1,LARGE,DOUBLE
exo,choose_hints,jacobi-1d,3,0.026408,1,LARGE,DOUBLE
exo,choose_hints,jacobi-1d,4,0.026697,1,LARGE,DOUBLE
exo,choose_hints,jacobi-1d,5,0.026188,1,LARGE,DOUBLE
exo,choose_hints,jacobi-2d,1,0.182208,1,LARGE,DOUBLE
exo,choose_hints,jacobi-2d,2,0.187407,1,LARGE,DOUBLE
exo,choose_hints,jacobi-2d,3,0.184816,1,LARGE,DOUBLE
exo,choose_hints,jacobi-2d,4,0.184631,1,LARGE,DOUBLE
exo,choose_hints,jacobi-2d,5,0.189314,1,LARGE,DOUBLE
exo,choose_hints,lu,1,2.924020,1,LARGE,DOUBLE
exo,choose_hints,lu,2,2.904128,1,LARGE,DOUBLE
exo,choose_hints,lu,3,2.942418,1,LARGE,DOUBLE
exo,choose_hints,lu,4,2.956902,1,LARGE,DOUBLE
exo,choose_hints,lu,5,2.937807,1,LARGE,DOUBLE
exo,choose_hints,ludcmp,1,4.440263,1,LARGE,DOUBLE
exo,choose_hints,ludcmp,2,4.413974,1,LARGE,DOUBLE
exo,choose_hints,ludcmp,3,4.381314,1,LARGE,DOUBLE
exo,choose_hints,ludcmp,4,4.379915,1,LARGE,DOUBLE
exo,choose_hints,ludcmp,5,4.373917,1,LARGE,DOUBLE
exo,choose_hints,mvt,1,0.006125,1,LARGE,DOUBLE
exo,choose_hints,mvt,2,0.006123,1,LARGE,DOUBLE
exo,choose_hints,mvt,3,0.006088,1,LARGE,DOUBLE
exo,choose_hints,mvt,4,0.006134,1,LARGE,DOUBLE
exo,choose_hints,mvt,5,0.006173,1,LARGE,DOUBLE
exo,choose_hints,nussinov,1,7.519756,1,LARGE,DOUBLE
exo,choose_hints,nussinov,2,7.512980,1,LARGE,DOUBLE
exo,choose_hints,nussinov,3,7.510660,1,LARGE,DOUBLE
exo,choose_hints,nussinov,4,7.490871,1,LARGE,DOUBLE
exo,choose_hints,nussinov,5,7.539294,1,LARGE,DOUBLE
exo,choose_hints,seidel-2d,1,30.744322,1,LARGE,DOUBLE
exo,choose_hints,seidel-2d,2,30.741784,1,LARGE,DOUBLE
exo,choose_hints,seidel-2d,3,30.740457,1,LARGE,DOUBLE
exo,choose_hints,seidel-2d,4,30.745061,1,LARGE,DOUBLE
exo,choose_hints,seidel-2d,5,30.740217,1,LARGE,DOUBLE
exo,choose_hints,syrk,1,0.077440,1,LARGE,DOUBLE
exo,choose_hints,syrk,2,0.076417,1,LARGE,DOUBLE
exo,choose_hints,syrk,3,0.076051,1,LARGE,DOUBLE
exo,choose_hints,syrk,4,0.076191,1,LARGE,DOUBLE
exo,choose_hints,syrk,5,0.076350,1,LARGE,DOUBLE
exo,choose_hints,trisolv,1,0.003094,1,LARGE,DOUBLE
exo,choose_hints,trisolv,2,0.003090,1,LARGE,DOUBLE
exo,choose_hints,trisolv,3,0.003088,1,LARGE,DOUBLE
exo,choose_hints,trisolv,4,0.003088,1,LARGE,DOUBLE
exo,choose_hints,trisolv,5,0.003106,1,LARGE,DOUBLE
exo,choose_hints,2mm,1,0.055390,2,LARGE,DOUBLE
exo,choose_hints,2mm,2,0.054418,2,LARGE,DOUBLE
exo,choose_hints,2mm,3,0.055076,2,LARGE,DOUBLE
exo,choose_hints,2mm,4,0.054447,2,LARGE,DOUBLE
exo,choose_hints,2mm,5,0.054388,2,LARGE,DOUBLE
exo,choose_hints,3mm,1,0.034508,2,LARGE,DOUBLE
exo,choose_hints,3mm,2,0.034740,2,LARGE,DOUBLE
exo,choose_hints,3mm,3,0.034853,2,LARGE,DOUBLE
exo,choose_hints,3mm,4,0.034732,2,LARGE,DOUBLE
exo,choose_hints,3mm,5,0.034651,2,LARGE,DOUBLE
exo,choose_hints,adi,1,0.606976,2,LARGE,DOUBLE
exo,choose_hints,adi,2,0.612397,2,LARGE,DOUBLE
exo,choose_hints,adi,3,0.590744,2,LARGE,DOUBLE
exo,choose_hints,adi,4,0.587598,2,LARGE,DOUBLE
exo,choose_hints,adi,5,0.589540,2,LARGE,DOUBLE
exo,choose_hints,atax,1,0.004982,2,LARGE,DOUBLE
exo,choose_hints,atax,2,0.004934,2,LARGE,DOUBLE
exo,choose_hints,atax,3,0.004911,2,LARGE,DOUBLE
exo,choose_hints,atax,4,0.004888,2,LARGE,DOUBLE
exo,choose_hints,atax,5,0.004899,2,LARGE,DOUBLE
exo,choose_hints,bicg,1,0.006982,2,LARGE,DOUBLE
exo,choose_hints,bicg,2,0.006918,2,LARGE,DOUBLE
exo,choose_hints,bicg,3,0.006904,2,LARGE,DOUBLE
exo,choose_hints,bicg,4,0.006980,2,LARGE,DOUBLE
exo,choose_hints,bicg,5,0.006928,2,LARGE,DOUBLE
exo,choose_hints,cholesky,1,1.896538,2,LARGE,DOUBLE
exo,choose_hints,cholesky,2,1.893742,2,LARGE,DOUBLE
exo,choose_hints,cholesky,3,1.895740,2,LARGE,DOUBLE
exo,choose_hints,cholesky,4,1.892520,2,LARGE,DOUBLE
exo,choose_hints,cholesky,5,1.896654,2,LARGE,DOUBLE
exo,choose_hints,correlation,1,0.074786,2,LARGE,DOUBLE
exo,choose_hints,correlation,2,0.073891,2,LARGE,DOUBLE
exo,choose_hints,correlation,3,0.074137,2,LARGE,DOUBLE
exo,choose_hints,correlation,4,0.074014,2,LARGE,DOUBLE
exo,choose_hints,correlation,5,0.073942,2,LARGE,DOUBLE
exo,choose_hints,covariance,1,0.450511,2,LARGE,DOUBLE
exo,choose_hints,covariance,2,0.453490,2,LARGE,DOUBLE
exo,choose_hints,covariance,3,0.452287,2,LARGE,DOUBLE
exo,choose_hints,covariance,4,0.449090,2,LARGE,DOUBLE
exo,choose_hints,covariance,5,0.449640,2,LARGE,DOUBLE
exo,choose_hints,deriche,1,0.052562,2,LARGE,DOUBLE
exo,choose_hints,deriche,2,0.055235,2,LARGE,DOUBLE
exo,choose_hints,deriche,3,0.054541,2,LARGE,DOUBLE
exo,choose_hints,deriche,4,0.055384,2,LARGE,DOUBLE
exo,choose_hints,deriche,5,0.055462,2,LARGE,DOUBLE
exo,choose_hints,doitgen,1,0.005119,2,LARGE,DOUBLE
exo,choose_hints,doitgen,2,0.005036,2,LARGE,DOUBLE
exo,choose_hints,doitgen,3,0.004713,2,LARGE,DOUBLE
exo,choose_hints,doitgen,4,0.005227,2,LARGE,DOUBLE
exo,choose_hints,doitgen,5,0.005795,2,LARGE,DOUBLE
exo,choose_hints,durbin,1,0.006500,2,LARGE,DOUBLE
exo,choose_hints,durbin,2,0.006510,2,LARGE,DOUBLE
exo,choose_hints,durbin,3,0.006487,2,LARGE,DOUBLE
exo,choose_hints,durbin,4,0.006497,2,LARGE,DOUBLE
exo,choose_hints,durbin,5,0.006401,2,LARGE,DOUBLE
exo,choose_hints,gemm,1,0.051843,2,LARGE,DOUBLE
exo,choose_hints,gemm,2,0.052614,2,LARGE,DOUBLE
exo,choose_hints,gemm,3,0.052001,2,LARGE,DOUBLE
exo,choose_hints,gemm,4,0.051720,2,LARGE,DOUBLE
exo,choose_hints,gemm,5,0.051898,2,LARGE,DOUBLE
exo,choose_hints,gemver,1,0.003625,2,LARGE,DOUBLE
exo,choose_hints,gemver,2,0.003553,2,LARGE,DOUBLE
exo,choose_hints,gemver,3,0.003520,2,LARGE,DOUBLE
exo,choose_hints,gemver,4,0.003621,2,LARGE,DOUBLE
exo,choose_hints,gemver,5,0.003556,2,LARGE,DOUBLE
exo,choose_hints,jacobi-2d,1,0.191680,2,LARGE,DOUBLE
exo,choose_hints,jacobi-2d,2,0.187653,2,LARGE,DOUBLE
exo,choose_hints,jacobi-2d,3,0.189026,2,LARGE,DOUBLE
exo,choose_hints,jacobi-2d,4,0.182845,2,LARGE,DOUBLE
exo,choose_hints,jacobi-2d,5,0.181401,2,LARGE,DOUBLE
exo,choose_hints,lu,1,2.517655,2,LARGE,DOUBLE
exo,choose_hints,lu,2,2.439991,2,LARGE,DOUBLE
exo,choose_hints,lu,3,2.449075,2,LARGE,DOUBLE
exo,choose_hints,lu,4,2.484231,2,LARGE,DOUBLE
exo,choose_hints,lu,5,2.479644,2,LARGE,DOUBLE
exo,choose_hints,mvt,1,0.006018,2,LARGE,DOUBLE
exo,choose_hints,mvt,2,0.005985,2,LARGE,DOUBLE
exo,choose_hints,mvt,3,0.005996,2,LARGE,DOUBLE
exo,choose_hints,mvt,4,0.005976,2,LARGE,DOUBLE
exo,choose_hints,mvt,5,0.005961,2,LARGE,DOUBLE
exo,choose_hints,nussinov,1,0.176596,2,LARGE,DOUBLE
exo,choose_hints,nussinov,2,0.176698,2,LARGE,DOUBLE
exo,choose_hints,nussinov,3,0.176413,2,LARGE,DOUBLE
exo,choose_hints,nussinov,4,0.176565,2,LARGE,DOUBLE
exo,choose_hints,nussinov,5,0.176129,2,LARGE,DOUBLE
exo,choose_hints,symm,1,1.024521,2,LARGE,DOUBLE
exo,choose_hints,symm,2,1.021222,2,LARGE,DOUBLE
exo,choose_hints,symm,3,1.002593,2,LARGE,DOUBLE
exo,choose_hints,symm,4,1.030190,2,LARGE,DOUBLE
exo,choose_hints,symm,5,1.031468,2,LARGE,DOUBLE
exo,choose_hints,syr2k,1,0.035651,2,LARGE,DOUBLE
exo,choose_hints,syr2k,2,0.035612,2,LARGE,DOUBLE
exo,choose_hints,syr2k,3,0.035839,2,LARGE,DOUBLE
exo,choose_hints,syr2k,4,0.035078,2,LARGE,DOUBLE
exo,choose_hints,syr2k,5,0.036072,2,LARGE,DOUBLE
exo,choose_hints,syrk,1,0.082132,2,LARGE,DOUBLE
exo,choose_hints,syrk,2,0.082318,2,LARGE,DOUBLE
exo,choose_hints,syrk,3,0.080830,2,LARGE,DOUBLE
exo,choose_hints,syrk,4,0.081235,2,LARGE,DOUBLE
exo,choose_hints,syrk,5,0.081687,2,LARGE,DOUBLE
exo,choose_hints,trisolv,1,0.003091,2,LARGE,DOUBLE
exo,choose_hints,trisolv,2,0.003074,2,LARGE,DOUBLE
exo,choose_hints,trisolv,3,0.003071,2,LARGE,DOUBLE
exo,choose_hints,trisolv,4,0.003088,2,LARGE,DOUBLE
exo,choose_hints,trisolv,5,0.003089,2,LARGE,DOUBLE
exo,choose_hints,trmm,1,0.456591,2,LARGE,DOUBLE
exo,choose_hints,trmm,2,0.455935,2,LARGE,DOUBLE
exo,choose_hints,trmm,3,0.456346,2,LARGE,DOUBLE
exo,choose_hints,trmm,4,0.456427,2,LARGE,DOUBLE
exo,choose_hints,trmm,5,0.455810,2,LARGE,DOUBLE
exo,choose_hints,2mm,1,0.019438,3,LARGE,DOUBLE
exo,choose_hints,2mm,2,0.019554,3,LARGE,DOUBLE
exo,choose_hints,2mm,3,0.019631,3,LARGE,DOUBLE
exo,choose_hints,2mm,4,0.019514,3,LARGE,DOUBLE
exo,choose_hints,2mm,5,0.020042,3,LARGE,DOUBLE
exo,choose_hints,3mm,1,0.036177,3,LARGE,DOUBLE
exo,choose_hints,3mm,2,0.034941,3,LARGE,DOUBLE
exo,choose_hints,3mm,3,0.035209,3,LARGE,DOUBLE
exo,choose_hints,3mm,4,0.034685,3,LARGE,DOUBLE
exo,choose_hints,3mm,5,0.035119,3,LARGE,DOUBLE
exo,choose_hints,atax,1,0.019409,3,LARGE,DOUBLE
exo,choose_hints,atax,2,0.019362,3,LARGE,DOUBLE
exo,choose_hints,atax,3,0.019343,3,LARGE,DOUBLE
exo,choose_hints,atax,4,0.019330,3,LARGE,DOUBLE
exo,choose_hints,atax,5,0.019410,3,LARGE,DOUBLE
exo,choose_hints,cholesky,1,1.899264,3,LARGE,DOUBLE
exo,choose_hints,cholesky,2,1.898667,3,LARGE,DOUBLE
exo,choose_hints,cholesky,3,1.900483,3,LARGE,DOUBLE
exo,choose_hints,cholesky,4,1.898085,3,LARGE,DOUBLE
exo,choose_hints,cholesky,5,1.897878,3,LARGE,DOUBLE
exo,choose_hints,correlation,1,0.082828,3,LARGE,DOUBLE
exo,choose_hints,correlation,2,0.082214,3,LARGE,DOUBLE
exo,choose_hints,correlation,3,0.082868,3,LARGE,DOUBLE
exo,choose_hints,correlation,4,0.081128,3,LARGE,DOUBLE
exo,choose_hints,correlation,5,0.079793,3,LARGE,DOUBLE
exo,choose_hints,covariance,1,0.072312,3,LARGE,DOUBLE
exo,choose_hints,covariance,2,0.076261,3,LARGE,DOUBLE
exo,choose_hints,covariance,3,0.071950,3,LARGE,DOUBLE
exo,choose_hints,covariance,4,0.076007,3,LARGE,DOUBLE
exo,choose_hints,covariance,5,0.072213,3,LARGE,DOUBLE
exo,choose_hints,doitgen,1,0.005367,3,LARGE,DOUBLE
exo,choose_hints,doitgen,2,0.005135,3,LARGE,DOUBLE
exo,choose_hints,doitgen,3,0.005662,3,LARGE,DOUBLE
exo,choose_hints,doitgen,4,0.005237,3,LARGE,DOUBLE
exo,choose_hints,doitgen,5,0.008707,3,LARGE,DOUBLE
exo,choose_hints,durbin,1,0.005878,3,LARGE,DOUBLE
exo,choose_hints,durbin,2,0.005913,3,LARGE,DOUBLE
exo,choose_hints,durbin,3,0.005846,3,LARGE,DOUBLE
exo,choose_hints,durbin,4,0.005802,3,LARGE,DOUBLE
exo,choose_hints,durbin,5,0.005847,3,LARGE,DOUBLE
exo,choose_hints,gesummv,1,0.000910,3,LARGE,DOUBLE
exo,choose_hints,gesummv,2,0.000962,3,LARGE,DOUBLE
exo,choose_hints,gesummv,3,0.000875,3,LARGE,DOUBLE
exo,choose_hints,gesummv,4,0.000857,3,LARGE,DOUBLE
exo,choose_hints,gesummv,5,0.000913,3,LARGE,DOUBLE
exo,choose_hints,heat-3d,1,1.475231,3,LARGE,DOUBLE
exo,choose_hints,heat-3d,2,1.395934,3,LARGE,DOUBLE
exo,choose_hints,heat-3d,3,1.674309,3,LARGE,DOUBLE
exo,choose_hints,heat-3d,4,1.447294,3,LARGE,DOUBLE
exo,choose_hints,heat-3d,5,1.416109,3,LARGE,DOUBLE
exo,choose_hints,jacobi-1d,1,0.029698,3,LARGE,DOUBLE
exo,choose_hints,jacobi-1d,2,0.028409,3,LARGE,DOUBLE
exo,choose_hints,jacobi-1d,3,0.028661,3,LARGE,DOUBLE
exo,choose_hints,jacobi-1d,4,0.028523,3,LARGE,DOUBLE
exo,choose_hints,jacobi-1d,5,0.028268,3,LARGE,DOUBLE
exo,choose_hints,lu,1,4.395235,3,LARGE,DOUBLE
exo,choose_hints,lu,2,4.461241,3,LARGE,DOUBLE
exo,choose_hints,lu,3,4.392304,3,LARGE,DOUBLE
exo,choose_hints,lu,4,4.384098,3,LARGE,DOUBLE
exo,choose_hints,lu,5,4.445625,3,LARGE,DOUBLE
exo,choose_hints,ludcmp,1,2.418430,3,LARGE,DOUBLE
exo,choose_hints,ludcmp,2,2.451998,3,LARGE,DOUBLE
exo,choose_hints,ludcmp,3,2.465417,3,LARGE,DOUBLE
exo,choose_hints,ludcmp,4,2.459598,3,LARGE,DOUBLE
exo,choose_hints,ludcmp,5,2.484341,3,LARGE,DOUBLE
exo,choose_hints,mvt,1,0.002250,3,LARGE,DOUBLE
exo,choose_hints,mvt,2,0.002241,3,LARGE,DOUBLE
exo,choose_hints,mvt,3,0.002246,3,LARGE,DOUBLE
exo,choose_hints,mvt,4,0.002277,3,LARGE,DOUBLE
exo,choose_hints,mvt,5,0.002248,3,LARGE,DOUBLE
exo,choose_hints,nussinov,1,0.349497,3,LARGE,DOUBLE
exo,choose_hints,nussinov,2,0.359968,3,LARGE,DOUBLE
exo,choose_hints,nussinov,3,0.351651,3,LARGE,DOUBLE
exo,choose_hints,nussinov,4,0.351846,3,LARGE,DOUBLE
exo,choose_hints,nussinov,5,0.352006,3,LARGE,DOUBLE
exo,choose_hints,symm,1,0.117975,3,LARGE,DOUBLE
exo,choose_hints,symm,2,0.118421,3,LARGE,DOUBLE
exo,choose_hints,symm,3,0.112227,3,LARGE,DOUBLE
exo,choose_hints,symm,4,0.115681,3,LARGE,DOUBLE
exo,choose_hints,symm,5,0.117766,3,LARGE,DOUBLE
exo,choose_hints,syr2k,1,0.060665,3,LARGE,DOUBLE
exo,choose_hints,syr2k,2,0.060512,3,LARGE,DOUBLE
exo,choose_hints,syr2k,3,0.059061,3,LARGE,DOUBLE
exo,choose_hints,syr2k,4,0.059129,3,LARGE,DOUBLE
exo,choose_hints,syr2k,5,0.057753,3,LARGE,DOUBLE
exo,choose_hints,trisolv,1,0.003098,3,LARGE,DOUBLE
exo,choose_hints,trisolv,2,0.003082,3,LARGE,DOUBLE
exo,choose_hints,trisolv,3,0.003080,3,LARGE,DOUBLE
exo,choose_hints,trisolv,4,0.003132,3,LARGE,DOUBLE
exo,choose_hints,trisolv,5,0.003105,3,LARGE,DOUBLE
exo,choose_hints,2mm,1,0.068402,4,LARGE,DOUBLE
exo,choose_hints,2mm,2,0.068107,4,LARGE,DOUBLE
exo,choose_hints,2mm,3,0.070596,4,LARGE,DOUBLE
exo,choose_hints,2mm,4,0.068812,4,LARGE,DOUBLE
exo,choose_hints,2mm,5,0.068819,4,LARGE,DOUBLE
exo,choose_hints,3mm,1,0.034977,4,LARGE,DOUBLE
exo,choose_hints,3mm,2,0.036663,4,LARGE,DOUBLE
exo,choose_hints,3mm,3,0.035212,4,LARGE,DOUBLE
exo,choose_hints,3mm,4,0.035791,4,LARGE,DOUBLE
exo,choose_hints,3mm,5,0.035565,4,LARGE,DOUBLE
exo,choose_hints,adi,1,0.616627,4,LARGE,DOUBLE
exo,choose_hints,adi,2,0.596360,4,LARGE,DOUBLE
exo,choose_hints,adi,3,0.620277,4,LARGE,DOUBLE
exo,choose_hints,adi,4,0.591174,4,LARGE,DOUBLE
exo,choose_hints,adi,5,0.608277,4,LARGE,DOUBLE
exo,choose_hints,atax,1,0.002141,4,LARGE,DOUBLE
exo,choose_hints,atax,2,0.002118,4,LARGE,DOUBLE
exo,choose_hints,atax,3,0.002075,4,LARGE,DOUBLE
exo,choose_hints,atax,4,0.002136,4,LARGE,DOUBLE
exo,choose_hints,atax,5,0.002128,4,LARGE,DOUBLE
exo,choose_hints,bicg,1,0.014711,4,LARGE,DOUBLE
exo,choose_hints,bicg,2,0.014723,4,LARGE,DOUBLE
exo,choose_hints,bicg,3,0.018862,4,LARGE,DOUBLE
exo,choose_hints,bicg,4,0.014708,4,LARGE,DOUBLE
exo,choose_hints,bicg,5,0.014754,4,LARGE,DOUBLE
exo,choose_hints,cholesky,1,1.904449,4,LARGE,DOUBLE
exo,choose_hints,cholesky,2,1.904246,4,LARGE,DOUBLE
exo,choose_hints,cholesky,3,1.905195,4,LARGE,DOUBLE
exo,choose_hints,cholesky,4,1.905904,4,LARGE,DOUBLE
exo,choose_hints,cholesky,5,1.907158,4,LARGE,DOUBLE
exo,choose_hints,correlation,1,0.078720,4,LARGE,DOUBLE
exo,choose_hints,correlation,2,0.076728,4,LARGE,DOUBLE
exo,choose_hints,correlation,3,0.076526,4,LARGE,DOUBLE
exo,choose_hints,correlation,4,0.076336,4,LARGE,DOUBLE
exo,choose_hints,correlation,5,0.076570,4,LARGE,DOUBLE
exo,choose_hints,doitgen,1,0.134216,4,LARGE,DOUBLE
exo,choose_hints,doitgen,2,0.134182,4,LARGE,DOUBLE
exo,choose_hints,doitgen,3,0.134415,4,LARGE,DOUBLE
exo,choose_hints,doitgen,4,0.134188,4,LARGE,DOUBLE
exo,choose_hints,doitgen,5,0.134385,4,LARGE,DOUBLE
exo,choose_hints,durbin,1,1.627834,4,LARGE,DOUBLE
exo,choose_hints,durbin,2,1.597951,4,LARGE,DOUBLE
exo,choose_hints,durbin,3,1.683562,4,LARGE,DOUBLE
exo,choose_hints,durbin,4,1.658654,4,LARGE,DOUBLE
exo,choose_hints,durbin,5,1.533593,4,LARGE,DOUBLE
exo,choose_hints,fdtd-2d,1,0.152040,4,LARGE,DOUBLE
exo,choose_hints,fdtd-2d,2,0.153170,4,LARGE,DOUBLE
exo,choose_hints,fdtd-2d,3,0.153949,4,LARGE,DOUBLE
exo,choose_hints,fdtd-2d,4,0.153580,4,LARGE,DOUBLE
exo,choose_hints,fdtd-2d,5,0.152934,4,LARGE,DOUBLE
exo,choose_hints,floyd-warshall,1,0.776335,4,LARGE,DOUBLE
exo,choose_hints,floyd-warshall,2,0.823801,4,LARGE,DOUBLE
exo,choose_hints,floyd-warshall,3,0.584835,4,LARGE,DOUBLE
exo,choose_hints,floyd-warshall,4,0.543098,4,LARGE,DOUBLE
exo,choose_hints,floyd-warshall,5,0.666520,4,LARGE,DOUBLE
exo,choose_hints,gemm,1,0.013062,4,LARGE,DOUBLE
exo,choose_hints,gemm,2,0.013696,4,LARGE,DOUBLE
exo,choose_hints,gemm,3,0.013013,4,LARGE,DOUBLE
exo,choose_hints,gemm,4,0.013152,4,LARGE,DOUBLE
exo,choose_hints,gemm,5,0.013067,4,LARGE,DOUBLE
exo,choose_hints,gesummv,1,0.000867,4,LARGE,DOUBLE
exo,choose_hints,gesummv,2,0.000899,4,LARGE,DOUBLE
exo,choose_hints,gesummv,3,0.000917,4,LARGE,DOUBLE
exo,choose_hints,gesummv,4,0.000915,4,LARGE,DOUBLE
exo,choose_hints,gesummv,5,0.000889,4,LARGE,DOUBLE
exo,choose_hints,heat-3d,1,1.460659,4,LARGE,DOUBLE
exo,choose_hints,heat-3d,2,1.599176,4,LARGE,DOUBLE
exo,choose_hints,heat-3d,3,1.538421,4,LARGE,DOUBLE
exo,choose_hints,heat-3d,4,1.368989,4,LARGE,DOUBLE
exo,choose_hints,heat-3d,5,1.463432,4,LARGE,DOUBLE
exo,choose_hints,jacobi-1d,1,0.026379,4,LARGE,DOUBLE
exo,choose_hints,jacobi-1d,2,0.026912,4,LARGE,DOUBLE
exo,choose_hints,jacobi-1d,3,0.026806,4,LARGE,DOUBLE
exo,choose_hints,jacobi-1d,4,0.026494,4,LARGE,DOUBLE
exo,choose_hints,jacobi-1d,5,0.026234,4,LARGE,DOUBLE
exo,choose_hints,jacobi-2d,1,0.145537,4,LARGE,DOUBLE
exo,choose_hints,jacobi-2d,2,0.139018,4,LARGE,DOUBLE
exo,choose_hints,jacobi-2d,3,0.144409,4,LARGE,DOUBLE
exo,choose_hints,jacobi-2d,4,0.141745,4,LARGE,DOUBLE
exo,choose_hints,jacobi-2d,5,0.145378,4,LARGE,DOUBLE
exo,choose_hints,ludcmp,1,2.917765,4,LARGE,DOUBLE
exo,choose_hints,ludcmp,2,2.914994,4,LARGE,DOUBLE
exo,choose_hints,ludcmp,3,2.947421,4,LARGE,DOUBLE
exo,choose_hints,ludcmp,4,2.964350,4,LARGE,DOUBLE
exo,choose_hints,ludcmp,5,2.962949,4,LARGE,DOUBLE
exo,choose_hints,mvt,1,0.006135,4,LARGE,DOUBLE
exo,choose_hints,mvt,2,0.006202,4,LARGE,DOUBLE
exo,choose_hints,mvt,3,0.006101,4,LARGE,DOUBLE
exo,choose_hints,mvt,4,0.006113,4,LARGE,DOUBLE
exo,choose_hints,mvt,5,0.006171,4,LARGE,DOUBLE
exo,choose_hints,nussinov,1,0.176066,4,LARGE,DOUBLE
exo,choose_hints,nussinov,2,0.176940,4,LARGE,DOUBLE
exo,choose_hints,nussinov,3,0.175923,4,LARGE,DOUBLE
exo,choose_hints,nussinov,4,0.175650,4,LARGE,DOUBLE
exo,choose_hints,nussinov,5,0.175610,4,LARGE,DOUBLE
exo,choose_hints,symm,1,0.259575,4,LARGE,DOUBLE
exo,choose_hints,symm,2,0.258584,4,LARGE,DOUBLE
exo,choose_hints,symm,3,0.277159,4,LARGE,DOUBLE
exo,choose_hints,symm,4,0.255301,4,LARGE,DOUBLE
exo,choose_hints,symm,5,0.267619,4,LARGE,DOUBLE
exo,choose_hints,syr2k,1,0.059610,4,LARGE,DOUBLE
exo,choose_hints,syr2k,2,0.058924,4,LARGE,DOUBLE
exo,choose_hints,syr2k,3,0.059443,4,LARGE,DOUBLE
exo,choose_hints,syr2k,4,0.058126,4,LARGE,DOUBLE
exo,choose_hints,syr2k,5,0.059555,4,LARGE,DOUBLE
exo,choose_hints,syrk,1,0.031275,4,LARGE,DOUBLE
exo,choose_hints,syrk,2,0.030147,4,LARGE,DOUBLE
exo,choose_hints,syrk,3,0.031188,4,LARGE,DOUBLE
exo,choose_hints,syrk,4,0.030951,4,LARGE,DOUBLE
exo,choose_hints,syrk,5,0.031192,4,LARGE,DOUBLE
exo,choose_hints,trmm,1,0.207250,4,LARGE,DOUBLE
exo,choose_hints,trmm,2,0.207656,4,LARGE,DOUBLE
exo,choose_hints,trmm,3,0.214401,4,LARGE,DOUBLE
exo,choose_hints,trmm,4,0.214727,4,LARGE,DOUBLE
exo,choose_hints,trmm,5,0.207185,4,LARGE,DOUBLE
exo,choose_hints,2mm,1,0.020434,5,LARGE,DOUBLE
exo,choose_hints,2mm,2,0.019106,5,LARGE,DOUBLE
exo,choose_hints,2mm,3,0.018863,5,LARGE,DOUBLE
exo,choose_hints,2mm,4,0.020121,5,LARGE,DOUBLE
exo,choose_hints,2mm,5,0.019850,5,LARGE,DOUBLE
exo,choose_hints,adi,1,0.610017,5,LARGE,DOUBLE
exo,choose_hints,adi,2,0.608439,5,LARGE,DOUBLE
exo,choose_hints,adi,3,0.589626,5,LARGE,DOUBLE
exo,choose_hints,adi,4,0.594898,5,LARGE,DOUBLE
exo,choose_hints,adi,5,0.584440,5,LARGE,DOUBLE
exo,choose_hints,atax,1,0.008560,5,LARGE,DOUBLE
exo,choose_hints,atax,2,0.008552,5,LARGE,DOUBLE
exo,choose_hints,atax,3,0.008493,5,LARGE,DOUBLE
exo,choose_hints,atax,4,0.008541,5,LARGE,DOUBLE
exo,choose_hints,atax,5,0.008563,5,LARGE,DOUBLE
exo,choose_hints,bicg,1,0.014560,5,LARGE,DOUBLE
exo,choose_hints,bicg,2,0.014578,5,LARGE,DOUBLE
exo,choose_hints,bicg,3,0.014524,5,LARGE,DOUBLE
exo,choose_hints,bicg,4,0.014518,5,LARGE,DOUBLE
exo,choose_hints,bicg,5,0.014526,5,LARGE,DOUBLE
exo,choose_hints,cholesky,1,1.893399,5,LARGE,DOUBLE
exo,choose_hints,cholesky,2,1.896902,5,LARGE,DOUBLE
exo,choose_hints,cholesky,3,1.895813,5,LARGE,DOUBLE
exo,choose_hints,cholesky,4,1.896440,5,LARGE,DOUBLE
exo,choose_hints,cholesky,5,1.896207,5,LARGE,DOUBLE
exo,choose_hints,correlation,1,0.076254,5,LARGE,DOUBLE
exo,choose_hints,correlation,2,0.077296,5,LARGE,DOUBLE
exo,choose_hints,correlation,3,0.077006,5,LARGE,DOUBLE
exo,choose_hints,correlation,4,0.076549,5,LARGE,DOUBLE
exo,choose_hints,correlation,5,0.077153,5,LARGE,DOUBLE
exo,choose_hints,covariance,1,0.080598,5,LARGE,DOUBLE
exo,choose_hints,covariance,2,0.079736,5,LARGE,DOUBLE
exo,choose_hints,covariance,3,0.079995,5,LARGE,DOUBLE
exo,choose_hints,covariance,4,0.080590,5,LARGE,DOUBLE
exo,choose_hints,covariance,5,0.079825,5,LARGE,DOUBLE
exo,choose_hints,gesummv,1,0.000897,5,LARGE,DOUBLE
exo,choose_hints,gesummv,2,0.000936,5,LARGE,DOUBLE
exo,choose_hints,gesummv,3,0.000902,5,LARGE,DOUBLE
exo,choose_hints,gesummv,4,0.000888,5,LARGE,DOUBLE
exo,choose_hints,gesummv,5,0.000909,5,LARGE,DOUBLE
exo,choose_hints,jacobi-1d,1,0.028859,5,LARGE,DOUBLE
exo,choose_hints,jacobi-1d,2,0.029414,5,LARGE,DOUBLE
exo,choose_hints,jacobi-1d,3,0.028403,5,LARGE,DOUBLE
exo,choose_hints,jacobi-1d,4,0.028632,5,LARGE,DOUBLE
exo,choose_hints,jacobi-1d,5,0.029171,5,LARGE,DOUBLE
exo,choose_hints,mvt,1,0.002301,5,LARGE,DOUBLE
exo,choose_hints,mvt,2,0.002246,5,LARGE,DOUBLE
exo,choose_hints,mvt,3,0.002237,5,LARGE,DOUBLE
exo,choose_hints,mvt,4,0.002275,5,LARGE,DOUBLE
exo,choose_hints,mvt,5,0.002278,5,LARGE,DOUBLE
exo,choose_hints,nussinov,1,0.175853,5,LARGE,DOUBLE
exo,choose_hints,nussinov,2,0.176952,5,LARGE,DOUBLE
exo,choose_hints,nussinov,3,0.175775,5,LARGE,DOUBLE
exo,choose_hints,nussinov,4,0.176307,5,LARGE,DOUBLE
exo,choose_hints,nussinov,5,0.175737,5,LARGE,DOUBLE
exo,choose_hints,syr2k,1,0.056988,5,LARGE,DOUBLE
exo,choose_hints,syr2k,2,0.055560,5,LARGE,DOUBLE
exo,choose_hints,syr2k,3,0.055433,5,LARGE,DOUBLE
exo,choose_hints,syr2k,4,0.058061,5,LARGE,DOUBLE
exo,choose_hints,syr2k,5,0.056975,5,LARGE,DOUBLE
exo,choose_hints,syrk,1,0.046483,5,LARGE,DOUBLE
exo,choose_hints,syrk,2,0.059355,5,LARGE,DOUBLE
exo,choose_hints,syrk,3,0.061223,5,LARGE,DOUBLE
exo,choose_hints,syrk,4,0.049677,5,LARGE,DOUBLE
exo,choose_hints,syrk,5,0.047400,5,LARGE,DOUBLE
exo,choose_hints,trisolv,1,0.003039,5,LARGE,DOUBLE
exo,choose_hints,trisolv,2,0.003098,5,LARGE,DOUBLE
exo,choose_hints,trisolv,3,0.003025,5,LARGE,DOUBLE
exo,choose_hints,trisolv,4,0.003065,5,LARGE,DOUBLE
exo,choose_hints,trisolv,5,0.003077,5,LARGE,DOUBLE
