framework,version,algorithm,run,time_s,repetition,dataset_size,data_type
c,choose_hints,2mm,1,0.000264,1,MEDIUM,DOUBLE
c,choose_hints,2mm,2,0.000249,1,MEDIUM,DOUBLE
c,choose_hints,2mm,3,0.000269,1,MEDIUM,DOUBLE
c,choose_hints,2mm,4,0.000245,1,MEDIUM,DOUBLE
c,choose_hints,2mm,5,0.000298,1,MEDIUM,DOUBLE
c,choose_hints,3mm,1,0.000510,1,MEDIUM,DOUBLE
c,choose_hints,3mm,2,0.000640,1,MEDIUM,DOUBLE
c,choose_hints,3mm,3,0.000743,1,MEDIUM,DOUBLE
c,choose_hints,3mm,4,0.000567,1,MEDIUM,DOUBLE
c,choose_hints,3mm,5,0.000576,1,MEDIUM,DOUBLE
c,choose_hints,atax,1,0.000219,1,MEDIUM,DOUBLE
c,choose_hints,atax,2,0.000159,1,MEDIUM,DOUBLE
c,choose_hints,atax,3,0.000158,1,MEDIUM,DOUBLE
c,choose_hints,atax,4,0.000200,1,MEDIUM,DOUBLE
c,choose_hints,atax,5,0.000170,1,MEDIUM,DOUBLE
c,choose_hints,bicg,1,0.000239,1,MEDIUM,DOUBLE
c,choose_hints,bicg,2,0.000238,1,MEDIUM,DOUBLE
c,choose_hints,bicg,3,0.000246,1,MEDIUM,DOUBLE
c,choose_hints,bicg,4,0.000236,1,MEDIUM,DOUBLE
c,choose_hints,bicg,5,0.000236,1,MEDIUM,DOUBLE
c,choose_hints,cholesky,1,0.014386,1,MEDIUM,DOUBLE
c,choose_hints,cholesky,2,0.014390,1,MEDIUM,DOUBLE
c,choose_hints,cholesky,3,0.014382,1,MEDIUM,DOUBLE
c,choose_hints,cholesky,4,0.014370,1,MEDIUM,DOUBLE
c,choose_hints,cholesky,5,0.014355,1,MEDIUM,DOUBLE
c,choose_hints,correlation,1,0.003630,1,MEDIUM,DOUBLE
c,choose_hints,correlation,2,0.003620,1,MEDIUM,DOUBLE
c,choose_hints,correlation,3,0.003609,1,MEDIUM,DOUBLE
c,choose_hints,correlation,4,0.003620,1,MEDIUM,DOUBLE
c,choose_hints,correlation,5,0.003629,1,MEDIUM,DOUBLE
c,choose_hints,covariance,1,0.003549,1,MEDIUM,DOUBLE
c,choose_hints,covariance,2,0.003562,1,MEDIUM,DOUBLE
c,choose_hints,covariance,3,0.003561,1,MEDIUM,DOUBLE
c,choose_hints,covariance,4,0.003546,1,MEDIUM,DOUBLE
c,choose_hints,covariance,5,0.003568,1,MEDIUM,DOUBLE
c,choose_hints,deriche,1,0.004460,1,MEDIUM,DOUBLE
c,choose_hints,deriche,2,0.004335,1,MEDIUM,DOUBLE
c,choose_hints,deriche,3,0.004273,1,MEDIUM,DOUBLE
c,choose_hints,deriche,4,0.004248,1,MEDIUM,DOUBLE
c,choose_hints,deriche,5,0.004397,1,MEDIUM,DOUBLE
c,choose_hints,doitgen,1,0.002514,1,MEDIUM,DOUBLE
c,choose_hints,doitgen,2,0.002523,1,MEDIUM,DOUBLE
c,choose_hints,doitgen,3,0.002532,1,MEDIUM,DOUBLE
c,choose_hints,doitgen,4,0.002524,1,MEDIUM,DOUBLE
c,choose_hints,doitgen,5,0.002536,1,MEDIUM,DOUBLE
c,choose_hints,durbin,1,0.000169,1,MEDIUM,DOUBLE
c,choose_hints,durbin,2,0.000168,1,MEDIUM,DOUBLE
c,choose_hints,durbin,3,0.000168,1,MEDIUM,DOUBLE
c,choose_hints,durbin,4,0.000169,1,MEDIUM,DOUBLE
c,choose_hints,durbin,5,0.000168,1,MEDIUM,DOUBLE
c,choose_hints,floyd-warshall,1,0.020095,1,MEDIUM,DOUBLE
c,choose_hints,floyd-warshall,2,0.020202,1,MEDIUM,DOUBLE
c,choose_hints,floyd-warshall,3,0.020104,1,MEDIUM,DOUBLE
c,choose_hints,floyd-warshall,4,0.020091,1,MEDIUM,DOUBLE
c,choose_hints,floyd-warshall,5,0.020161,1,MEDIUM,DOUBLE
c,choose_hints,gemm,1,0.000719,1,MEDIUM,DOUBLE
c,choose_hints,gemm,2,0.000728,1,MEDIUM,DOUBLE
c,choose_hints,gemm,3,0.000687,1,MEDIUM,DOUBLE
c,choose_hints,gemm,4,0.000716,1,MEDIUM,DOUBLE
c,choose_hints,gemm,5,0.000698,1,MEDIUM,DOUBLE
c,choose_hints,gemver,1,0.000315,1,MEDIUM,DOUBLE
c,choose_hints,gemver,2,0.000324,1,MEDIUM,DOUBLE
c,choose_hints,gemver,3,0.000320,1,MEDIUM,DOUBLE
c,choose_hints,gemver,4,0.000315,1,MEDIUM,DOUBLE
c,choose_hints,gemver,5,0.000311,1,MEDIUM,DOUBLE
c,choose_hints,gesummv,1,0.000066,1,MEDIUM,DOUBLE
c,choose_hints,gesummv,2,0.000066,1,MEDIUM,DOUBLE
c,choose_hints,gesummv,3,0.000062,1,MEDIUM,DOUBLE
c,choose_hints,gesummv,4,0.000063,1,MEDIUM,DOUBLE
c,choose_hints,gesummv,5,0.000067,1,MEDIUM,DOUBLE
c,choose_hints,gramschmidt,1,0.004651,1,MEDIUM,DOUBLE
c,choose_hints,gramschmidt,2,0.004641,1,MEDIUM,DOUBLE
c,choose_hints,gramschmidt,3,0.004660,1,MEDIUM,DOUBLE
c,choose_hints,gramschmidt,4,0.004733,1,MEDIUM,DOUBLE
c,choose_hints,gramschmidt,5,0.004635,1,MEDIUM,DOUBLE
c,choose_hints,heat-3d,1,0.020960,1,MEDIUM,DOUBLE
c,choose_hints,heat-3d,2,0.021182,1,MEDIUM,DOUBLE
c,choose_hints,heat-3d,3,0.020415,1,MEDIUM,DOUBLE
c,choose_hints,heat-3d,4,0.021043,1,MEDIUM,DOUBLE
c,choose_hints,heat-3d,5,0.020663,1,MEDIUM,DOUBLE
c,choose_hints,jacobi-2d,1,0.010086,1,MEDIUM,DOUBLE
c,choose_hints,jacobi-2d,2,0.010070,1,MEDIUM,DOUBLE
c,choose_hints,jacobi-2d,3,0.010067,1,MEDIUM,DOUBLE
c,choose_hints,jacobi-2d,4,0.010094,1,MEDIUM,DOUBLE
c,choose_hints,jacobi-2d,5,0.009974,1,MEDIUM,DOUBLE
c,choose_hints,lu,1,0.021881,1,MEDIUM,DOUBLE
c,choose_hints,lu,2,0.022024,1,MEDIUM,DOUBLE
c,choose_hints,lu,3,0.021850,1,MEDIUM,DOUBLE
c,choose_hints,lu,4,0.021891,1,MEDIUM,DOUBLE
c,choose_hints,lu,5,0.021999,1,MEDIUM,DOUBLE
c,choose_hints,ludcmp,1,0.032586,1,MEDIUM,DOUBLE
c,choose_hints,ludcmp,2,0.032513,1,MEDIUM,DOUBLE
c,choose_hints,ludcmp,3,0.032774,1,MEDIUM,DOUBLE
c,choose_hints,ludcmp,4,0.032531,1,MEDIUM,DOUBLE
c,choose_hints,ludcmp,5,0.032827,1,MEDIUM,DOUBLE
c,choose_hints,mvt,1,0.000238,1,MEDIUM,DOUBLE
c,choose_hints,mvt,2,0.000241,1,MEDIUM,DOUBLE
c,choose_hints,mvt,3,0.000246,1,MEDIUM,DOUBLE
c,choose_hints,mvt,4,0.000258,1,MEDIUM,DOUBLE
c,choose_hints,mvt,5,0.000248,1,MEDIUM,DOUBLE
c,choose_hints,nussinov,1,0.005948,1,MEDIUM,DOUBLE
c,choose_hints,nussinov,2,0.006012,1,MEDIUM,DOUBLE
c,choose_hints,nussinov,3,0.005777,1,MEDIUM,DOUBLE
c,choose_hints,nussinov,4,0.005874,1,MEDIUM,DOUBLE
c,choose_hints,nussinov,5,0.005876,1,MEDIUM,DOUBLE
c,choose_hints,seidel-2d,1,0.157339,1,MEDIUM,DOUBLE
c,choose_hints,seidel-2d,2,0.157325,1,MEDIUM,DOUBLE
c,choose_hints,seidel-2d,3,0.157323,1,MEDIUM,DOUBLE
c,choose_hints,seidel-2d,4,0.157396,1,MEDIUM,DOUBLE
c,choose_hints,seidel-2d,5,0.157349,1,MEDIUM,DOUBLE
c,choose_hints,symm,1,0.003847,1,MEDIUM,DOUBLE
c,choose_hints,symm,2,0.003725,1,MEDIUM,DOUBLE
c,choose_hints,symm,3,0.003854,1,MEDIUM,DOUBLE
c,choose_hints,symm,4,0.003727,1,MEDIUM,DOUBLE
c,choose_hints,symm,5,0.003694,1,MEDIUM,DOUBLE
c,choose_hints,syrk,1,0.000204,1,MEDIUM,DOUBLE
c,choose_hints,syrk,2,0.000200,1,MEDIUM,DOUBLE
c,choose_hints,syrk,3,0.000203,1,MEDIUM,DOUBLE
c,choose_hints,syrk,4,0.000204,1,MEDIUM,DOUBLE
c,choose_hints,syrk,5,0.000207,1,MEDIUM,DOUBLE
c,choose_hints,trisolv,1,0.000132,1,MEDIUM,DOUBLE
c,choose_hints,trisolv,2,0.000134,1,MEDIUM,DOUBLE
c,choose_hints,trisolv,3,0.000136,1,MEDIUM,DOUBLE
c,choose_hints,trisolv,4,0.000133,1,MEDIUM,DOUBLE
c,choose_hints,trisolv,5,0.000133,1,MEDIUM,DOUBLE
c,choose_hints,trmm,1,0.001297,1,MEDIUM,DOUBLE
c,choose_hints,trmm,2,0.001285,1,MEDIUM,DOUBLE
c,choose_hints,trmm,3,0.001294,1,MEDIUM,DOUBLE
c,choose_hints,trmm,4,0.001276,1,MEDIUM,DOUBLE
c,choose_hints,trmm,5,0.001282,1,MEDIUM,DOUBLE
c,choose_hints,2mm,1,0.000409,2,MEDIUM,DOUBLE
c,choose_hints,2mm,2,0.000480,2,MEDIUM,DOUBLE
c,choose_hints,2mm,3,0.000413,2,MEDIUM,DOUBLE
c,choose_hints,2mm,4,0.000426,2,MEDIUM,DOUBLE
c,choose_hints,2mm,5,0.000461,2,MEDIUM,DOUBLE
c,choose_hints,3mm,1,0.001433,2,MEDIUM,DOUBLE
c,choose_hints,3mm,2,0.000650,2,MEDIUM,DOUBLE
c,choose_hints,3mm,3,0.000705,2,MEDIUM,DOUBLE
c,choose_hints,3mm,4,0.000600,2,MEDIUM,DOUBLE
c,choose_hints,3mm,5,0.000622,2,MEDIUM,DOUBLE
c,choose_hints,adi,1,0.022499,2,MEDIUM,DOUBLE
c,choose_hints,adi,2,0.022434,2,MEDIUM,DOUBLE
c,choose_hints,adi,3,0.022010,2,MEDIUM,DOUBLE
c,choose_hints,adi,4,0.022321,2,MEDIUM,DOUBLE
c,choose_hints,adi,5,0.022406,2,MEDIUM,DOUBLE
c,choose_hints,atax,1,0.000240,2,MEDIUM,DOUBLE
c,choose_hints,atax,2,0.000229,2,MEDIUM,DOUBLE
c,choose_hints,atax,3,0.000231,2,MEDIUM,DOUBLE
c,choose_hints,atax,4,0.000228,2,MEDIUM,DOUBLE
c,choose_hints,atax,5,0.000226,2,MEDIUM,DOUBLE
c,choose_hints,bicg,1,0.000216,2,MEDIUM,DOUBLE
c,choose_hints,bicg,2,0.000214,2,MEDIUM,DOUBLE
c,choose_hints,bicg,3,0.000184,2,MEDIUM,DOUBLE
c,choose_hints,bicg,4,0.000207,2,MEDIUM,DOUBLE
c,choose_hints,bicg,5,0.000186,2,MEDIUM,DOUBLE
c,choose_hints,correlation,1,0.004884,2,MEDIUM,DOUBLE
c,choose_hints,correlation,2,0.004891,2,MEDIUM,DOUBLE
c,choose_hints,correlation,3,0.004890,2,MEDIUM,DOUBLE
c,choose_hints,correlation,4,0.004892,2,MEDIUM,DOUBLE
c,choose_hints,correlation,5,0.004930,2,MEDIUM,DOUBLE
c,choose_hints,covariance,1,0.000781,2,MEDIUM,DOUBLE
c,choose_hints,covariance,2,0.000826,2,MEDIUM,DOUBLE
c,choose_hints,covariance,3,0.000830,2,MEDIUM,DOUBLE
c,choose_hints,covariance,4,0.000861,2,MEDIUM,DOUBLE
c,choose_hints,covariance,5,0.000802,2,MEDIUM,DOUBLE
c,choose_hints,deriche,1,0.002666,2,MEDIUM,DOUBLE
c,choose_hints,deriche,2,0.002828,2,MEDIUM,DOUBLE
c,choose_hints,deriche,3,0.002630,2,MEDIUM,DOUBLE
c,choose_hints,deriche,4,0.002725,2,MEDIUM,DOUBLE
c,choose_hints,deriche,5,0.002785,2,MEDIUM,DOUBLE
c,choose_hints,doitgen,1,0.000117,2,MEDIUM,DOUBLE
c,choose_hints,doitgen,2,0.000124,2,MEDIUM,DOUBLE
c,choose_hints,doitgen,3,0.000140,2,MEDIUM,DOUBLE
c,choose_hints,doitgen,4,0.000123,2,MEDIUM,DOUBLE
c,choose_hints,doitgen,5,0.000121,2,MEDIUM,DOUBLE
c,choose_hints,durbin,1,0.000196,2,MEDIUM,DOUBLE
c,choose_hints,durbin,2,0.000191,2,MEDIUM,DOUBLE
c,choose_hints,durbin,3,0.000216,2,MEDIUM,DOUBLE
c,choose_hints,durbin,4,0.000189,2,MEDIUM,DOUBLE
c,choose_hints,durbin,5,0.000191,2,MEDIUM,DOUBLE
c,choose_hints,fdtd-2d,1,0.009227,2,MEDIUM,DOUBLE
c,choose_hints,fdtd-2d,2,0.009505,2,MEDIUM,DOUBLE
c,choose_hints,fdtd-2d,3,0.009359,2,MEDIUM,DOUBLE
c,choose_hints,fdtd-2d,4,0.009485,2,MEDIUM,DOUBLE
c,choose_hints,fdtd-2d,5,0.009439,2,MEDIUM,DOUBLE
c,choose_hints,floyd-warshall,1,0.063722,2,MEDIUM,DOUBLE
c,choose_hints,floyd-warshall,2,0.063646,2,MEDIUM,DOUBLE
c,choose_hints,floyd-warshall,3,0.064246,2,MEDIUM,DOUBLE
c,choose_hints,floyd-warshall,4,0.063434,2,MEDIUM,DOUBLE
c,choose_hints,floyd-warshall,5,0.063534,2,MEDIUM,DOUBLE
c,choose_hints,gemm,1,0.000742,2,MEDIUM,DOUBLE
c,choose_hints,gemm,2,0.000635,2,MEDIUM,DOUBLE
c,choose_hints,gemm,3,0.000634,2,MEDIUM,DOUBLE
c,choose_hints,gemm,4,0.000660,2,MEDIUM,DOUBLE
c,choose_hints,gemm,5,0.000661,2,MEDIUM,DOUBLE
c,choose_hints,gemver,1,0.000374,2,MEDIUM,DOUBLE
c,choose_hints,gemver,2,0.000283,2,MEDIUM,DOUBLE
c,choose_hints,gemver,3,0.000285,2,MEDIUM,DOUBLE
c,choose_hints,gemver,4,0.000313,2,MEDIUM,DOUBLE
c,choose_hints,gemver,5,0.000335,2,MEDIUM,DOUBLE
c,choose_hints,gesummv,1,0.000069,2,MEDIUM,DOUBLE
c,choose_hints,gesummv,2,0.000057,2,MEDIUM,DOUBLE
c,choose_hints,gesummv,3,0.000063,2,MEDIUM,DOUBLE
c,choose_hints,gesummv,4,0.000061,2,MEDIUM,DOUBLE
c,choose_hints,gesummv,5,0.000059,2,MEDIUM,DOUBLE
c,choose_hints,heat-3d,1,0.015575,2,MEDIUM,DOUBLE
c,choose_hints,heat-3d,2,0.015349,2,MEDIUM,DOUBLE
c,choose_hints,heat-3d,3,0.015683,2,MEDIUM,DOUBLE
c,choose_hints,heat-3d,4,0.015966,2,MEDIUM,DOUBLE
c,choose_hints,heat-3d,5,0.015479,2,MEDIUM,DOUBLE
c,choose_hints,jacobi-1d,1,0.001608,2,MEDIUM,DOUBLE
c,choose_hints,jacobi-1d,2,0.001701,2,MEDIUM,DOUBLE
c,choose_hints,jacobi-1d,3,0.001584,2,MEDIUM,DOUBLE
c,choose_hints,jacobi-1d,4,0.001658,2,MEDIUM,DOUBLE
c,choose_hints,jacobi-1d,5,0.001587,2,MEDIUM,DOUBLE
c,choose_hints,jacobi-2d,1,0.010093,2,MEDIUM,DOUBLE
c,choose_hints,jacobi-2d,2,0.010087,2,MEDIUM,DOUBLE
c,choose_hints,jacobi-2d,3,0.010084,2,MEDIUM,DOUBLE
c,choose_hints,jacobi-2d,4,0.010099,2,MEDIUM,DOUBLE
c,choose_hints,jacobi-2d,5,0.009930,2,MEDIUM,DOUBLE
c,choose_hints,lu,1,0.021181,2,MEDIUM,DOUBLE
c,choose_hints,lu,2,0.021263,2,MEDIUM,DOUBLE
c,choose_hints,lu,3,0.021241,2,MEDIUM,DOUBLE
c,choose_hints,lu,4,0.021222,2,MEDIUM,DOUBLE
c,choose_hints,lu,5,0.021160,2,MEDIUM,DOUBLE
c,choose_hints,ludcmp,1,0.032394,2,MEDIUM,DOUBLE
c,choose_hints,ludcmp,2,0.032798,2,MEDIUM,DOUBLE
c,choose_hints,ludcmp,3,0.032624,2,MEDIUM,DOUBLE
c,choose_hints,ludcmp,4,0.041237,2,MEDIUM,DOUBLE
c,choose_hints,ludcmp,5,0.032645,2,MEDIUM,DOUBLE
c,choose_hints,mvt,1,0.000228,2,MEDIUM,DOUBLE
c,choose_hints,mvt,2,0.000260,2,MEDIUM,DOUBLE
c,choose_hints,mvt,3,0.000244,2,MEDIUM,DOUBLE
c,choose_hints,mvt,4,0.000219,2,MEDIUM,DOUBLE
c,choose_hints,mvt,5,0.000224,2,MEDIUM,DOUBLE
c,choose_hints,nussinov,1,0.014944,2,MEDIUM,DOUBLE
c,choose_hints,nussinov,2,0.014306,2,MEDIUM,DOUBLE
c,choose_hints,nussinov,3,0.014299,2,MEDIUM,DOUBLE
c,choose_hints,nussinov,4,0.014107,2,MEDIUM,DOUBLE
c,choose_hints,nussinov,5,0.014331,2,MEDIUM,DOUBLE
c,choose_hints,seidel-2d,1,0.218888,2,MEDIUM,DOUBLE
c,choose_hints,seidel-2d,2,0.218802,2,MEDIUM,DOUBLE
c,choose_hints,seidel-2d,3,0.218904,2,MEDIUM,DOUBLE
c,choose_hints,seidel-2d,4,0.218900,2,MEDIUM,DOUBLE
c,choose_hints,seidel-2d,5,0.218767,2,MEDIUM,DOUBLE
c,choose_hints,symm,1,0.004007,2,MEDIUM,DOUBLE
c,choose_hints,symm,2,0.004207,2,MEDIUM,DOUBLE
c,choose_hints,symm,3,0.004105,2,MEDIUM,DOUBLE
c,choose_hints,symm,4,0.004096,2,MEDIUM,DOUBLE
c,choose_hints,symm,5,0.004131,2,MEDIUM,DOUBLE
c,choose_hints,syr2k,1,0.000354,2,MEDIUM,DOUBLE
c,choose_hints,syr2k,2,0.000364,2,MEDIUM,DOUBLE
c,choose_hints,syr2k,3,0.000362,2,MEDIUM,DOUBLE
c,choose_hints,syr2k,4,0.000345,2,MEDIUM,DOUBLE
c,choose_hints,syr2k,5,0.000371,2,MEDIUM,DOUBLE
c,choose_hints,syrk,1,0.000303,2,MEDIUM,DOUBLE
c,choose_hints,syrk,2,0.000303,2,MEDIUM,DOUBLE
c,choose_hints,syrk,3,0.000320,2,MEDIUM,DOUBLE
c,choose_hints,syrk,4,0.000317,2,MEDIUM,DOUBLE
c,choose_hints,syrk,5,0.000292,2,MEDIUM,DOUBLE
c,choose_hints,trmm,1,0.001301,2,MEDIUM,DOUBLE
c,choose_hints,trmm,2,0.001279,2,MEDIUM,DOUBLE
c,choose_hints,trmm,3,0.001290,2,MEDIUM,DOUBLE
c,choose_hints,trmm,4,0.001287,2,MEDIUM,DOUBLE
c,choose_hints,trmm,5,0.001280,2,MEDIUM,DOUBLE
c,choose_hints,2mm,1,0.000408,3,MEDIUM,DOUBLE
c,choose_hints,2mm,2,0.000411,3,MEDIUM,DOUBLE
c,choose_hints,2mm,3,0.000439,3,MEDIUM,DOUBLE
c,choose_hints,2mm,4,0.000432,3,MEDIUM,DOUBLE
c,choose_hints,2mm,5,0.000450,3,MEDIUM,DOUBLE
c,choose_hints,3mm,1,0.000589,3,MEDIUM,DOUBLE
c,choose_hints,3mm,2,0.000599,3,MEDIUM,DOUBLE
c,choose_hints,3mm,3,0.000614,3,MEDIUM,DOUBLE
c,choose_hints,3mm,4,0.000662,3,MEDIUM,DOUBLE
c,choose_hints,3mm,5,0.000606,3,MEDIUM,DOUBLE
c,choose_hints,adi,1,0.077990,3,MEDIUM,DOUBLE
c,choose_hints,adi,2,0.078297,3,MEDIUM,DOUBLE
c,choose_hints,adi,3,0.078405,3,MEDIUM,DOUBLE
c,choose_hints,adi,4,0.078446,3,MEDIUM,DOUBLE
c,choose_hints,adi,5,0.078052,3,MEDIUM,DOUBLE
c,choose_hints,atax,1,0.000215,3,MEDIUM,DOUBLE
c,choose_hints,atax,2,0.000228,3,MEDIUM,DOUBLE
c,choose_hints,atax,3,0.000223,3,MEDIUM,DOUBLE
c,choose_hints,atax,4,0.000230,3,MEDIUM,DOUBLE
c,choose_hints,atax,5,0.000194,3,MEDIUM,DOUBLE
c,choose_hints,bicg,1,0.000175,3,MEDIUM,DOUBLE
c,choose_hints,bicg,2,0.000192,3,MEDIUM,DOUBLE
c,choose_hints,bicg,3,0.000186,3,MEDIUM,DOUBLE
c,choose_hints,bicg,4,0.000180,3,MEDIUM,DOUBLE
c,choose_hints,bicg,5,0.000181,3,MEDIUM,DOUBLE
c,choose_hints,cholesky,1,0.014339,3,MEDIUM,DOUBLE
c,choose_hints,cholesky,2,0.014317,3,MEDIUM,DOUBLE
c,choose_hints,cholesky,3,0.014341,3,MEDIUM,DOUBLE
c,choose_hints,cholesky,4,0.014319,3,MEDIUM,DOUBLE
c,choose_hints,cholesky,5,0.014312,3,MEDIUM,DOUBLE
c,choose_hints,correlation,1,0.000826,3,MEDIUM,DOUBLE
c,choose_hints,correlation,2,0.000874,3,MEDIUM,DOUBLE
c,choose_hints,correlation,3,0.000827,3,MEDIUM,DOUBLE
c,choose_hints,correlation,4,0.000892,3,MEDIUM,DOUBLE
c,choose_hints,correlation,5,0.000809,3,MEDIUM,DOUBLE
c,choose_hints,covariance,1,0.003625,3,MEDIUM,DOUBLE
c,choose_hints,covariance,2,0.003616,3,MEDIUM,DOUBLE
c,choose_hints,covariance,3,0.003624,3,MEDIUM,DOUBLE
c,choose_hints,covariance,4,0.003636,3,MEDIUM,DOUBLE
c,choose_hints,covariance,5,0.003609,3,MEDIUM,DOUBLE
c,choose_hints,deriche,1,0.002846,3,MEDIUM,DOUBLE
c,choose_hints,deriche,2,0.002934,3,MEDIUM,DOUBLE
c,choose_hints,deriche,3,0.002889,3,MEDIUM,DOUBLE
c,choose_hints,deriche,4,0.002959,3,MEDIUM,DOUBLE
c,choose_hints,deriche,5,0.002972,3,MEDIUM,DOUBLE
c,choose_hints,doitgen,1,0.000139,3,MEDIUM,DOUBLE
c,choose_hints,doitgen,2,0.000153,3,MEDIUM,DOUBLE
c,choose_hints,doitgen,3,0.000126,3,MEDIUM,DOUBLE
c,choose_hints,doitgen,4,0.000133,3,MEDIUM,DOUBLE
c,choose_hints,doitgen,5,0.000136,3,MEDIUM,DOUBLE
c,choose_hints,durbin,1,0.000212,3,MEDIUM,DOUBLE
c,choose_hints,durbin,2,0.000193,3,MEDIUM,DOUBLE
c,choose_hints,durbin,3,0.000194,3,MEDIUM,DOUBLE
c,choose_hints,durbin,4,0.000203,3,MEDIUM,DOUBLE
c,choose_hints,durbin,5,0.000201,3,MEDIUM,DOUBLE
c,choose_hints,fdtd-2d,1,0.009637,3,MEDIUM,DOUBLE
c,choose_hints,fdtd-2d,2,0.009472,3,MEDIUM,DOUBLE
c,choose_hints,fdtd-2d,3,0.009516,3,MEDIUM,DOUBLE
c,choose_hints,fdtd-2d,4,0.009587,3,MEDIUM,DOUBLE
c,choose_hints,fdtd-2d,5,0.009408,3,MEDIUM,DOUBLE
c,choose_hints,floyd-warshall,1,0.168523,3,MEDIUM,DOUBLE
c,choose_hints,floyd-warshall,2,0.171589,3,MEDIUM,DOUBLE
c,choose_hints,floyd-warshall,3,0.169073,3,MEDIUM,DOUBLE
c,choose_hints,floyd-warshall,4,0.168928,3,MEDIUM,DOUBLE
c,choose_hints,floyd-warshall,5,0.169111,3,MEDIUM,DOUBLE
c,choose_hints,gemm,1,0.002737,3,MEDIUM,DOUBLE
c,choose_hints,gemm,2,0.002908,3,MEDIUM,DOUBLE
c,choose_hints,gemm,3,0.002769,3,MEDIUM,DOUBLE
c,choose_hints,gemm,4,0.002646,3,MEDIUM,DOUBLE
c,choose_hints,gemm,5,0.002719,3,MEDIUM,DOUBLE
c,choose_hints,gemver,1,0.000408,3,MEDIUM,DOUBLE
c,choose_hints,gemver,2,0.000388,3,MEDIUM,DOUBLE
c,choose_hints,gemver,3,0.000401,3,MEDIUM,DOUBLE
c,choose_hints,gemver,4,0.000378,3,MEDIUM,DOUBLE
c,choose_hints,gemver,5,0.000381,3,MEDIUM,DOUBLE
c,choose_hints,gesummv,1,0.000066,3,MEDIUM,DOUBLE
c,choose_hints,gesummv,2,0.000063,3,MEDIUM,DOUBLE
c,choose_hints,gesummv,3,0.000063,3,MEDIUM,DOUBLE
c,choose_hints,gesummv,4,0.000084,3,MEDIUM,DOUBLE
c,choose_hints,gesummv,5,0.000055,3,MEDIUM,DOUBLE
c,choose_hints,heat-3d,1,0.015677,3,MEDIUM,DOUBLE
c,choose_hints,heat-3d,2,0.015540,3,MEDIUM,DOUBLE
c,choose_hints,heat-3d,3,0.015626,3,MEDIUM,DOUBLE
c,choose_hints,heat-3d,4,0.018934,3,MEDIUM,DOUBLE
c,choose_hints,heat-3d,5,0.015457,3,MEDIUM,DOUBLE
c,choose_hints,jacobi-1d,1,0.001620,3,MEDIUM,DOUBLE
c,choose_hints,jacobi-1d,2,0.001607,3,MEDIUM,DOUBLE
c,choose_hints,jacobi-1d,3,0.001610,3,MEDIUM,DOUBLE
c,choose_hints,jacobi-1d,4,0.001711,3,MEDIUM,DOUBLE
c,choose_hints,jacobi-1d,5,0.001603,3,MEDIUM,DOUBLE
c,choose_hints,jacobi-2d,1,0.005535,3,MEDIUM,DOUBLE
c,choose_hints,jacobi-2d,2,0.005510,3,MEDIUM,DOUBLE
c,choose_hints,jacobi-2d,3,0.005633,3,MEDIUM,DOUBLE
c,choose_hints,jacobi-2d,4,0.005622,3,MEDIUM,DOUBLE
c,choose_hints,jacobi-2d,5,0.005649,3,MEDIUM,DOUBLE
c,choose_hints,lu,1,0.021087,3,MEDIUM,DOUBLE
c,choose_hints,lu,2,0.021202,3,MEDIUM,DOUBLE
c,choose_hints,lu,3,0.021230,3,MEDIUM,DOUBLE
c,choose_hints,lu,4,0.021174,3,MEDIUM,DOUBLE
c,choose_hints,lu,5,0.021300,3,MEDIUM,DOUBLE
c,choose_hints,ludcmp,1,0.020851,3,MEDIUM,DOUBLE
c,choose_hints,ludcmp,2,0.020888,3,MEDIUM,DOUBLE
c,choose_hints,ludcmp,3,0.020811,3,MEDIUM,DOUBLE
c,choose_hints,ludcmp,4,0.020869,3,MEDIUM,DOUBLE
c,choose_hints,ludcmp,5,0.020770,3,MEDIUM,DOUBLE
c,choose_hints,mvt,1,0.000500,3,MEDIUM,DOUBLE
c,choose_hints,mvt,2,0.000470,3,MEDIUM,DOUBLE
c,choose_hints,mvt,3,0.000494,3,MEDIUM,DOUBLE
c,choose_hints,mvt,4,0.000485,3,MEDIUM,DOUBLE
c,choose_hints,mvt,5,0.000471,3,MEDIUM,DOUBLE
c,choose_hints,seidel-2d,1,0.114177,3,MEDIUM,DOUBLE
c,choose_hints,seidel-2d,2,0.114206,3,MEDIUM,DOUBLE
c,choose_hints,seidel-2d,3,0.114192,3,MEDIUM,DOUBLE
c,choose_hints,seidel-2d,4,0.114228,3,MEDIUM,DOUBLE
c,choose_hints,seidel-2d,5,0.114202,3,MEDIUM,DOUBLE
c,choose_hints,symm,1,0.003998,3,MEDIUM,DOUBLE
c,choose_hints,symm,2,0.003993,3,MEDIUM,DOUBLE
c,choose_hints,symm,3,0.004078,3,MEDIUM,DOUBLE
c,choose_hints,symm,4,0.004102,3,MEDIUM,DOUBLE
c,choose_hints,symm,5,0.003887,3,MEDIUM,DOUBLE
c,choose_hints,syr2k,1,0.000393,3,MEDIUM,DOUBLE
c,choose_hints,syr2k,2,0.000344,3,MEDIUM,DOUBLE
c,choose_hints,syr2k,3,0.000342,3,MEDIUM,DOUBLE
c,choose_hints,syr2k,4,0.000358,3,MEDIUM,DOUBLE
c,choose_hints,syr2k,5,0.000357,3,MEDIUM,DOUBLE
c,choose_hints,syrk,1,0.000302,3,MEDIUM,DOUBLE
c,choose_hints,syrk,2,0.000375,3,MEDIUM,DOUBLE
c,choose_hints,syrk,3,0.000320,3,MEDIUM,DOUBLE
c,choose_hints,syrk,4,0.000296,3,MEDIUM,DOUBLE
c,choose_hints,syrk,5,0.000305,3,MEDIUM,DOUBLE
c,choose_hints,trisolv,1,0.000142,3,MEDIUM,DOUBLE
c,choose_hints,trisolv,2,0.000130,3,MEDIUM,DOUBLE
c,choose_hints,trisolv,3,0.000132,3,MEDIUM,DOUBLE
c,choose_hints,trisolv,4,0.000130,3,MEDIUM,DOUBLE
c,choose_hints,trisolv,5,0.000130,3,MEDIUM,DOUBLE
c,choose_hints,trmm,1,0.001285,3,MEDIUM,DOUBLE
c,choose_hints,trmm,2,0.001289,3,MEDIUM,DOUBLE
c,choose_hints,trmm,3,0.001298,3,MEDIUM,DOUBLE
c,choose_hints,trmm,4,0.001293,3,MEDIUM,DOUBLE
c,choose_hints,trmm,5,0.001281,3,MEDIUM,DOUBLE
c,choose_hints,2mm,1,0.000351,4,MEDIUM,DOUBLE
c,choose_hints,2mm,2,0.000332,4,MEDIUM,DOUBLE
c,choose_hints,2mm,3,0.000323,4,MEDIUM,DOUBLE
c,choose_hints,2mm,4,0.000298,4,MEDIUM,DOUBLE
c,choose_hints,2mm,5,0.000307,4,MEDIUM,DOUBLE
c,choose_hints,3mm,1,0.001231,4,MEDIUM,DOUBLE
c,choose_hints,3mm,2,0.001252,4,MEDIUM,DOUBLE
c,choose_hints,3mm,3,0.001242,4,MEDIUM,DOUBLE
c,choose_hints,3mm,4,0.001278,4,MEDIUM,DOUBLE
c,choose_hints,3mm,5,0.001280,4,MEDIUM,DOUBLE
c,choose_hints,adi,1,0.022485,4,MEDIUM,DOUBLE
c,choose_hints,adi,2,0.022259,4,MEDIUM,DOUBLE
c,choose_hints,adi,3,0.020985,4,MEDIUM,DOUBLE
c,choose_hints,adi,4,0.022467,4,MEDIUM,DOUBLE
c,choose_hints,adi,5,0.022016,4,MEDIUM,DOUBLE
c,choose_hints,atax,1,0.000251,4,MEDIUM,DOUBLE
c,choose_hints,atax,2,0.000271,4,MEDIUM,DOUBLE
c,choose_hints,atax,3,0.000295,4,MEDIUM,DOUBLE
c,choose_hints,atax,4,0.000258,4,MEDIUM,DOUBLE
c,choose_hints,atax,5,0.000259,4,MEDIUM,DOUBLE
c,choose_hints,bicg,1,0.000254,4,MEDIUM,DOUBLE
c,choose_hints,bicg,2,0.000237,4,MEDIUM,DOUBLE
c,choose_hints,bicg,3,0.000252,4,MEDIUM,DOUBLE
c,choose_hints,bicg,4,0.000261,4,MEDIUM,DOUBLE
c,choose_hints,bicg,5,0.000246,4,MEDIUM,DOUBLE
c,choose_hints,covariance,1,0.003535,4,MEDIUM,DOUBLE
c,choose_hints,covariance,2,0.003527,4,MEDIUM,DOUBLE
c,choose_hints,covariance,3,0.003518,4,MEDIUM,DOUBLE
c,choose_hints,covariance,4,0.003513,4,MEDIUM,DOUBLE
c,choose_hints,covariance,5,0.003519,4,MEDIUM,DOUBLE
c,choose_hints,deriche,1,0.003387,4,MEDIUM,DOUBLE
c,choose_hints,deriche,2,0.003032,4,MEDIUM,DOUBLE
c,choose_hints,deriche,3,0.002992,4,MEDIUM,DOUBLE
c,choose_hints,deriche,4,0.002985,4,MEDIUM,DOUBLE
c,choose_hints,deriche,5,0.003059,4,MEDIUM,DOUBLE
c,choose_hints,doitgen,1,0.000122,4,MEDIUM,DOUBLE
c,choose_hints,doitgen,2,0.000125,4,MEDIUM,DOUBLE
c,choose_hints,doitgen,3,0.000275,4,MEDIUM,DOUBLE
c,choose_hints,doitgen,4,0.000124,4,MEDIUM,DOUBLE
c,choose_hints,doitgen,5,0.000121,4,MEDIUM,DOUBLE
c,choose_hints,durbin,1,0.000185,4,MEDIUM,DOUBLE
c,choose_hints,durbin,2,0.000170,4,MEDIUM,DOUBLE
c,choose_hints,durbin,3,0.000167,4,MEDIUM,DOUBLE
c,choose_hints,durbin,4,0.000170,4,MEDIUM,DOUBLE
c,choose_hints,durbin,5,0.000168,4,MEDIUM,DOUBLE
c,choose_hints,floyd-warshall,1,0.016457,4,MEDIUM,DOUBLE
c,choose_hints,floyd-warshall,2,0.016236,4,MEDIUM,DOUBLE
c,choose_hints,floyd-warshall,3,0.016360,4,MEDIUM,DOUBLE
c,choose_hints,floyd-warshall,4,0.016318,4,MEDIUM,DOUBLE
c,choose_hints,floyd-warshall,5,0.016422,4,MEDIUM,DOUBLE
c,choose_hints,gemm,1,0.002831,4,MEDIUM,DOUBLE
c,choose_hints,gemm,2,0.002860,4,MEDIUM,DOUBLE
c,choose_hints,gemm,3,0.002862,4,MEDIUM,DOUBLE
c,choose_hints,gemm,4,0.002890,4,MEDIUM,DOUBLE
c,choose_hints,gemm,5,0.002851,4,MEDIUM,DOUBLE
c,choose_hints,gemver,1,0.000326,4,MEDIUM,DOUBLE
c,choose_hints,gemver,2,0.000329,4,MEDIUM,DOUBLE
c,choose_hints,gemver,3,0.000319,4,MEDIUM,DOUBLE
c,choose_hints,gemver,4,0.000317,4,MEDIUM,DOUBLE
c,choose_hints,gemver,5,0.000311,4,MEDIUM,DOUBLE
c,choose_hints,gesummv,1,0.000059,4,MEDIUM,DOUBLE
c,choose_hints,gesummv,2,0.000059,4,MEDIUM,DOUBLE
c,choose_hints,gesummv,3,0.000060,4,MEDIUM,DOUBLE
c,choose_hints,gesummv,4,0.000056,4,MEDIUM,DOUBLE
c,choose_hints,gesummv,5,0.000066,4,MEDIUM,DOUBLE
c,choose_hints,gramschmidt,1,0.004648,4,MEDIUM,DOUBLE
c,choose_hints,gramschmidt,2,0.004642,4,MEDIUM,DOUBLE
c,choose_hints,gramschmidt,3,0.004638,4,MEDIUM,DOUBLE
c,choose_hints,gramschmidt,4,0.004678,4,MEDIUM,DOUBLE
c,choose_hints,gramschmidt,5,0.004665,4,MEDIUM,DOUBLE
c,choose_hints,heat-3d,1,0.014595,4,MEDIUM,DOUBLE
c,choose_hints,heat-3d,2,0.014602,4,MEDIUM,DOUBLE
c,choose_hints,heat-3d,3,0.014367,4,MEDIUM,DOUBLE
c,choose_hints,heat-3d,4,0.014424,4,MEDIUM,DOUBLE
c,choose_hints,heat-3d,5,0.014294,4,MEDIUM,DOUBLE
c,choose_hints,jacobi-1d,1,0.001662,4,MEDIUM,DOUBLE
c,choose_hints,jacobi-1d,2,0.001602,4,MEDIUM,DOUBLE
c,choose_hints,jacobi-1d,3,0.001744,4,MEDIUM,DOUBLE
c,choose_hints,jacobi-1d,4,0.001633,4,MEDIUM,DOUBLE
c,choose_hints,jacobi-1d,5,0.001682,4,MEDIUM,DOUBLE
c,choose_hints,jacobi-2d,1,0.005416,4,MEDIUM,DOUBLE
c,choose_hints,jacobi-2d,2,0.005182,4,MEDIUM,DOUBLE
c,choose_hints,jacobi-2d,3,0.005296,4,MEDIUM,DOUBLE
c,choose_hints,jacobi-2d,4,0.005489,4,MEDIUM,DOUBLE
c,choose_hints,jacobi-2d,5,0.005170,4,MEDIUM,DOUBLE
c,choose_hints,lu,1,0.021166,4,MEDIUM,DOUBLE
c,choose_hints,lu,2,0.021215,4,MEDIUM,DOUBLE
c,choose_hints,lu,3,0.021197,4,MEDIUM,DOUBLE
c,choose_hints,lu,4,0.021227,4,MEDIUM,DOUBLE
c,choose_hints,lu,5,0.021336,4,MEDIUM,DOUBLE
c,choose_hints,ludcmp,1,0.032800,4,MEDIUM,DOUBLE
c,choose_hints,ludcmp,2,0.032460,4,MEDIUM,DOUBLE
c,choose_hints,ludcmp,3,0.032583,4,MEDIUM,DOUBLE
c,choose_hints,ludcmp,4,0.032623,4,MEDIUM,DOUBLE
c,choose_hints,ludcmp,5,0.032161,4,MEDIUM,DOUBLE
c,choose_hints,nussinov,1,0.014175,4,MEDIUM,DOUBLE
c,choose_hints,nussinov,2,0.014122,4,MEDIUM,DOUBLE
c,choose_hints,nussinov,3,0.014228,4,MEDIUM,DOUBLE
c,choose_hints,nussinov,4,0.014104,4,MEDIUM,DOUBLE
c,choose_hints,nussinov,5,0.014037,4,MEDIUM,DOUBLE
c,choose_hints,seidel-2d,1,0.213129,4,MEDIUM,DOUBLE
c,choose_hints,seidel-2d,2,0.213145,4,MEDIUM,DOUBLE
c,choose_hints,seidel-2d,3,0.213125,4,MEDIUM,DOUBLE
c,choose_hints,seidel-2d,4,0.212972,4,MEDIUM,DOUBLE
c,choose_hints,seidel-2d,5,0.213140,4,MEDIUM,DOUBLE
c,choose_hints,symm,1,0.003356,4,MEDIUM,DOUBLE
c,choose_hints,symm,2,0.003412,4,MEDIUM,DOUBLE
c,choose_hints,symm,3,0.003330,4,MEDIUM,DOUBLE
c,choose_hints,symm,4,0.003337,4,MEDIUM,DOUBLE
c,choose_hints,symm,5,0.003435,4,MEDIUM,DOUBLE
c,choose_hints,syr2k,1,0.000356,4,MEDIUM,DOUBLE
c,choose_hints,syr2k,2,0.000352,4,MEDIUM,DOUBLE
c,choose_hints,syr2k,3,0.000344,4,MEDIUM,DOUBLE
c,choose_hints,syr2k,4,0.000339,4,MEDIUM,DOUBLE
c,choose_hints,syr2k,5,0.000352,4,MEDIUM,DOUBLE
c,choose_hints,syrk,1,0.000210,4,MEDIUM,DOUBLE
c,choose_hints,syrk,2,0.000214,4,MEDIUM,DOUBLE
c,choose_hints,syrk,3,0.000224,4,MEDIUM,DOUBLE
c,choose_hints,syrk,4,0.000233,4,MEDIUM,DOUBLE
c,choose_hints,syrk,5,0.000209,4,MEDIUM,DOUBLE
c,choose_hints,trmm,1,0.000521,4,MEDIUM,DOUBLE
c,choose_hints,trmm,2,0.000519,4,MEDIUM,DOUBLE
c,choose_hints,trmm,3,0.000533,4,MEDIUM,DOUBLE
c,choose_hints,trmm,4,0.000505,4,MEDIUM,DOUBLE
c,choose_hints,trmm,5,0.000542,4,MEDIUM,DOUBLE
c,choose_hints,2mm,1,0.000343,5,MEDIUM,DOUBLE
c,choose_hints,2mm,2,0.000374,5,MEDIUM,DOUBLE
c,choose_hints,2mm,3,0.000357,5,MEDIUM,DOUBLE
c,choose_hints,2mm,4,0.000370,5,MEDIUM,DOUBLE
c,choose_hints,2mm,5,0.000360,5,MEDIUM,DOUBLE
c,choose_hints,adi,1,0.022399,5,MEDIUM,DOUBLE
c,choose_hints,adi,2,0.022656,5,MEDIUM,DOUBLE
c,choose_hints,adi,3,0.022099,5,MEDIUM,DOUBLE
c,choose_hints,adi,4,0.022328,5,MEDIUM,DOUBLE
c,choose_hints,adi,5,0.022803,5,MEDIUM,DOUBLE
c,choose_hints,atax,1,0.000224,5,MEDIUM,DOUBLE
c,choose_hints,atax,2,0.000197,5,MEDIUM,DOUBLE
c,choose_hints,atax,3,0.000202,5,MEDIUM,DOUBLE
c,choose_hints,atax,4,0.000184,5,MEDIUM,DOUBLE
c,choose_hints,atax,5,0.000209,5,MEDIUM,DOUBLE
c,choose_hints,bicg,1,0.000223,5,MEDIUM,DOUBLE
c,choose_hints,bicg,2,0.000200,5,MEDIUM,DOUBLE
c,choose_hints,bicg,3,0.000180,5,MEDIUM,DOUBLE
c,choose_hints,bicg,4,0.000152,5,MEDIUM,DOUBLE
c,choose_hints,bicg,5,0.000178,5,MEDIUM,DOUBLE
c,choose_hints,cholesky,1,0.014233,5,MEDIUM,DOUBLE
c,choose_hints,cholesky,2,0.014238,5,MEDIUM,DOUBLE
c,choose_hints,cholesky,3,0.014237,5,MEDIUM,DOUBLE
c,choose_hints,cholesky,4,0.014224,5,MEDIUM,DOUBLE
c,choose_hints,cholesky,5,0.014248,5,MEDIUM,DOUBLE
c,choose_hints,correlation,1,0.001158,5,MEDIUM,DOUBLE
c,choose_hints,correlation,2,0.001190,5,MEDIUM,DOUBLE
c,choose_hints,correlation,3,0.001180,5,MEDIUM,DOUBLE
c,choose_hints,correlation,4,0.001140,5,MEDIUM,DOUBLE
c,choose_hints,correlation,5,0.001159,5,MEDIUM,DOUBLE
c,choose_hints,covariance,1,0.003610,5,MEDIUM,DOUBLE
c,choose_hints,covariance,2,0.003616,5,MEDIUM,DOUBLE
c,choose_hints,covariance,3,0.003618,5,MEDIUM,DOUBLE
c,choose_hints,covariance,4,0.003628,5,MEDIUM,DOUBLE
c,choose_hints,covariance,5,0.003616,5,MEDIUM,DOUBLE
c,choose_hints,deriche,1,0.007415,5,MEDIUM,DOUBLE
c,choose_hints,deriche,2,0.007588,5,MEDIUM,DOUBLE
c,choose_hints,deriche,3,0.007409,5,MEDIUM,DOUBLE
c,choose_hints,deriche,4,0.007462,5,MEDIUM,DOUBLE
c,choose_hints,deriche,5,0.007483,5,MEDIUM,DOUBLE
c,choose_hints,doitgen,1,0.000152,5,MEDIUM,DOUBLE
c,choose_hints,doitgen,2,0.000118,5,MEDIUM,DOUBLE
c,choose_hints,doitgen,3,0.000114,5,MEDIUM,DOUBLE
c,choose_hints,doitgen,4,0.000117,5,MEDIUM,DOUBLE
c,choose_hints,doitgen,5,0.000103,5,MEDIUM,DOUBLE
c,choose_hints,durbin,1,0.000191,5,MEDIUM,DOUBLE
c,choose_hints,durbin,2,0.000190,5,MEDIUM,DOUBLE
c,choose_hints,durbin,3,0.000190,5,MEDIUM,DOUBLE
c,choose_hints,durbin,4,0.000190,5,MEDIUM,DOUBLE
c,choose_hints,durbin,5,0.000191,5,MEDIUM,DOUBLE
c,choose_hints,fdtd-2d,1,0.014364,5,MEDIUM,DOUBLE
c,choose_hints,fdtd-2d,2,0.009526,5,MEDIUM,DOUBLE
c,choose_hints,fdtd-2d,3,0.009492,5,MEDIUM,DOUBLE
c,choose_hints,fdtd-2d,4,0.009519,5,MEDIUM,DOUBLE
c,choose_hints,fdtd-2d,5,0.009612,5,MEDIUM,DOUBLE
c,choose_hints,floyd-warshall,1,0.005515,5,MEDIUM,DOUBLE
c,choose_hints,floyd-warshall,2,0.005598,5,MEDIUM,DOUBLE
c,choose_hints,floyd-warshall,3,0.005604,5,MEDIUM,DOUBLE
c,choose_hints,floyd-warshall,4,0.005633,5,MEDIUM,DOUBLE
c,choose_hints,floyd-warshall,5,0.005567,5,MEDIUM,DOUBLE
c,choose_hints,gemm,1,0.000193,5,MEDIUM,DOUBLE
c,choose_hints,gemm,2,0.000184,5,MEDIUM,DOUBLE
c,choose_hints,gemm,3,0.000183,5,MEDIUM,DOUBLE
c,choose_hints,gemm,4,0.000187,5,MEDIUM,DOUBLE
c,choose_hints,gemm,5,0.000193,5,MEDIUM,DOUBLE
c,choose_hints,gemver,1,0.000324,5,MEDIUM,DOUBLE
c,choose_hints,gemver,2,0.000319,5,MEDIUM,DOUBLE
c,choose_hints,gemver,3,0.000320,5,MEDIUM,DOUBLE
c,choose_hints,gemver,4,0.000312,5,MEDIUM,DOUBLE
c,choose_hints,gemver,5,0.000325,5,MEDIUM,DOUBLE
c,choose_hints,gesummv,1,0.000069,5,MEDIUM,DOUBLE
c,choose_hints,gesummv,2,0.000059,5,MEDIUM,DOUBLE
c,choose_hints,gesummv,3,0.000066,5,MEDIUM,DOUBLE
c,choose_hints,gesummv,4,0.000063,5,MEDIUM,DOUBLE
c,choose_hints,gesummv,5,0.000062,5,MEDIUM,DOUBLE
c,choose_hints,heat-3d,1,0.011611,5,MEDIUM,DOUBLE
c,choose_hints,heat-3d,2,0.011685,5,MEDIUM,DOUBLE
c,choose_hints,heat-3d,3,0.011595,5,MEDIUM,DOUBLE
c,choose_hints,heat-3d,4,0.011380,5,MEDIUM,DOUBLE
c,choose_hints,heat-3d,5,0.011589,5,MEDIUM,DOUBLE
c,choose_hints,jacobi-1d,1,0.001612,5,MEDIUM,DOUBLE
c,choose_hints,jacobi-1d,2,0.001684,5,MEDIUM,DOUBLE
c,choose_hints,jacobi-1d,3,0.001659,5,MEDIUM,DOUBLE
c,choose_hints,jacobi-1d,4,0.001628,5,MEDIUM,DOUBLE
c,choose_hints,jacobi-1d,5,0.001660,5,MEDIUM,DOUBLE
c,choose_hints,jacobi-2d,1,0.010058,5,MEDIUM,DOUBLE
c,choose_hints,jacobi-2d,2,0.010071,5,MEDIUM,DOUBLE
c,choose_hints,jacobi-2d,3,0.010829,5,MEDIUM,DOUBLE
c,choose_hints,jacobi-2d,4,0.010126,5,MEDIUM,DOUBLE
c,choose_hints,jacobi-2d,5,0.010137,5,MEDIUM,DOUBLE
c,choose_hints,lu,1,0.036700,5,MEDIUM,DOUBLE
c,choose_hints,lu,2,0.035950,5,MEDIUM,DOUBLE
c,choose_hints,lu,3,0.036037,5,MEDIUM,DOUBLE
c,choose_hints,lu,4,0.036139,5,MEDIUM,DOUBLE
c,choose_hints,lu,5,0.036621,5,MEDIUM,DOUBLE
c,choose_hints,ludcmp,1,0.027840,5,MEDIUM,DOUBLE
c,choose_hints,ludcmp,2,0.027759,5,MEDIUM,DOUBLE
c,choose_hints,ludcmp,3,0.027873,5,MEDIUM,DOUBLE
c,choose_hints,ludcmp,4,0.027682,5,MEDIUM,DOUBLE
c,choose_hints,ludcmp,5,0.027511,5,MEDIUM,DOUBLE
c,choose_hints,mvt,1,0.000192,5,MEDIUM,DOUBLE
c,choose_hints,mvt,2,0.000187,5,MEDIUM,DOUBLE
c,choose_hints,mvt,3,0.000185,5,MEDIUM,DOUBLE
c,choose_hints,mvt,4,0.000193,5,MEDIUM,DOUBLE
c,choose_hints,mvt,5,0.000193,5,MEDIUM,DOUBLE
c,choose_hints,nussinov,1,0.006360,5,MEDIUM,DOUBLE
c,choose_hints,nussinov,2,0.006300,5,MEDIUM,DOUBLE
c,choose_hints,nussinov,3,0.006517,5,MEDIUM,DOUBLE
c,choose_hints,nussinov,4,0.006391,5,MEDIUM,DOUBLE
c,choose_hints,nussinov,5,0.006293,5,MEDIUM,DOUBLE
c,choose_hints,seidel-2d,1,0.173990,5,MEDIUM,DOUBLE
c,choose_hints,seidel-2d,2,0.174027,5,MEDIUM,DOUBLE
c,choose_hints,seidel-2d,3,0.173991,5,MEDIUM,DOUBLE
c,choose_hints,seidel-2d,4,0.173992,5,MEDIUM,DOUBLE
c,choose_hints,seidel-2d,5,0.174001,5,MEDIUM,DOUBLE
c,choose_hints,symm,1,0.014476,5,MEDIUM,DOUBLE
c,choose_hints,symm,2,0.014507,5,MEDIUM,DOUBLE
c,choose_hints,symm,3,0.014401,5,MEDIUM,DOUBLE
c,choose_hints,symm,4,0.014275,5,MEDIUM,DOUBLE
c,choose_hints,symm,5,0.014524,5,MEDIUM,DOUBLE
c,choose_hints,syr2k,1,0.000384,5,MEDIUM,DOUBLE
c,choose_hints,syr2k,2,0.000350,5,MEDIUM,DOUBLE
c,choose_hints,syr2k,3,0.000352,5,MEDIUM,DOUBLE
c,choose_hints,syr2k,4,0.000451,5,MEDIUM,DOUBLE
c,choose_hints,syr2k,5,0.000354,5,MEDIUM,DOUBLE
c,choose_hints,syrk,1,0.000324,5,MEDIUM,DOUBLE
c,choose_hints,syrk,2,0.000305,5,MEDIUM,DOUBLE
c,choose_hints,syrk,3,0.000288,5,MEDIUM,DOUBLE
c,choose_hints,syrk,4,0.000306,5,MEDIUM,DOUBLE
c,choose_hints,syrk,5,0.000300,5,MEDIUM,DOUBLE
c,choose_hints,trmm,1,0.001325,5,MEDIUM,DOUBLE
c,choose_hints,trmm,2,0.001344,5,MEDIUM,DOUBLE
c,choose_hints,trmm,3,0.001321,5,MEDIUM,DOUBLE
c,choose_hints,trmm,4,0.001318,5,MEDIUM,DOUBLE
c,choose_hints,trmm,5,0.001320,5,MEDIUM,DOUBLE
noarr,choose_hints,2mm,1,0.004738,1,MEDIUM,DOUBLE
noarr,choose_hints,2mm,2,0.004751,1,MEDIUM,DOUBLE
noarr,choose_hints,2mm,3,0.004735,1,MEDIUM,DOUBLE
noarr,choose_hints,2mm,4,0.004781,1,MEDIUM,DOUBLE
noarr,choose_hints,2mm,5,0.004763,1,MEDIUM,DOUBLE
noarr,choose_hints,3mm,1,0.006971,1,MEDIUM,DOUBLE
noarr,choose_hints,3mm,2,0.006988,1,MEDIUM,DOUBLE
noarr,choose_hints,3mm,3,0.006973,1,MEDIUM,DOUBLE
noarr,choose_hints,3mm,4,0.006976,1,MEDIUM,DOUBLE
noarr,choose_hints,3mm,5,0.006952,1,MEDIUM,DOUBLE
noarr,choose_hints,adi,1,0.025717,1,MEDIUM,DOUBLE
noarr,choose_hints,adi,2,0.025424,1,MEDIUM,DOUBLE
noarr,choose_hints,adi,3,0.025662,1,MEDIUM,DOUBLE
noarr,choose_hints,adi,4,0.025792,1,MEDIUM,DOUBLE
noarr,choose_hints,adi,5,0.025712,1,MEDIUM,DOUBLE
noarr,choose_hints,atax,1,0.000304,1,MEDIUM,DOUBLE
noarr,choose_hints,atax,2,0.000313,1,MEDIUM,DOUBLE
noarr,choose_hints,atax,3,0.000306,1,MEDIUM,DOUBLE
noarr,choose_hints,atax,4,0.000305,1,MEDIUM,DOUBLE
noarr,choose_hints,atax,5,0.000314,1,MEDIUM,DOUBLE
noarr,choose_hints,bicg,1,0.000254,1,MEDIUM,DOUBLE
noarr,choose_hints,bicg,2,0.000267,1,MEDIUM,DOUBLE
noarr,choose_hints,bicg,3,0.000262,1,MEDIUM,DOUBLE
noarr,choose_hints,bicg,4,0.000257,1,MEDIUM,DOUBLE
noarr,choose_hints,bicg,5,0.000307,1,MEDIUM,DOUBLE
noarr,choose_hints,correlation,1,0.010784,1,MEDIUM,DOUBLE
noarr,choose_hints,correlation,2,0.010733,1,MEDIUM,DOUBLE
noarr,choose_hints,correlation,3,0.010789,1,MEDIUM,DOUBLE
noarr,choose_hints,correlation,4,0.010805,1,MEDIUM,DOUBLE
noarr,choose_hints,correlation,5,0.010754,1,MEDIUM,DOUBLE
noarr,choose_hints,covariance,1,0.002767,1,MEDIUM,DOUBLE
noarr,choose_hints,covariance,2,0.002744,1,MEDIUM,DOUBLE
noarr,choose_hints,covariance,3,0.002747,1,MEDIUM,DOUBLE
noarr,choose_hints,covariance,4,0.002768,1,MEDIUM,DOUBLE
noarr,choose_hints,covariance,5,0.002780,1,MEDIUM,DOUBLE
noarr,choose_hints,doitgen,1,0.001634,1,MEDIUM,DOUBLE
noarr,choose_hints,doitgen,2,0.001630,1,MEDIUM,DOUBLE
noarr,choose_hints,doitgen,3,0.001631,1,MEDIUM,DOUBLE
noarr,choose_hints,doitgen,4,0.001653,1,MEDIUM,DOUBLE
noarr,choose_hints,doitgen,5,0.001647,1,MEDIUM,DOUBLE
noarr,choose_hints,durbin,1,0.000207,1,MEDIUM,DOUBLE
noarr,choose_hints,durbin,2,0.000250,1,MEDIUM,DOUBLE
noarr,choose_hints,durbin,3,0.000251,1,MEDIUM,DOUBLE
noarr,choose_hints,durbin,4,0.000217,1,MEDIUM,DOUBLE
noarr,choose_hints,durbin,5,0.000251,1,MEDIUM,DOUBLE
noarr,choose_hints,fdtd-2d,1,0.012671,1,MEDIUM,DOUBLE
noarr,choose_hints,fdtd-2d,2,0.012906,1,MEDIUM,DOUBLE
noarr,choose_hints,fdtd-2d,3,0.013023,1,MEDIUM,DOUBLE
noarr,choose_hints,fdtd-2d,4,0.012426,1,MEDIUM,DOUBLE
noarr,choose_hints,fdtd-2d,5,0.013171,1,MEDIUM,DOUBLE
noarr,choose_hints,floyd-warshall,1,0.139561,1,MEDIUM,DOUBLE
noarr,choose_hints,floyd-warshall,2,0.139569,1,MEDIUM,DOUBLE
noarr,choose_hints,floyd-warshall,3,0.139557,1,MEDIUM,DOUBLE
noarr,choose_hints,floyd-warshall,4,0.139579,1,MEDIUM,DOUBLE
noarr,choose_hints,floyd-warshall,5,0.139598,1,MEDIUM,DOUBLE
noarr,choose_hints,gemm,1,0.014620,1,MEDIUM,DOUBLE
noarr,choose_hints,gemm,2,0.014602,1,MEDIUM,DOUBLE
noarr,choose_hints,gemm,3,0.014610,1,MEDIUM,DOUBLE
noarr,choose_hints,gemm,4,0.014598,1,MEDIUM,DOUBLE
noarr,choose_hints,gemm,5,0.014614,1,MEDIUM,DOUBLE
noarr,choose_hints,gemver,1,0.000404,1,MEDIUM,DOUBLE
noarr,choose_hints,gemver,2,0.000403,1,MEDIUM,DOUBLE
noarr,choose_hints,gemver,3,0.000411,1,MEDIUM,DOUBLE
noarr,choose_hints,gemver,4,0.000399,1,MEDIUM,DOUBLE
noarr,choose_hints,gemver,5,0.000398,1,MEDIUM,DOUBLE
noarr,choose_hints,gesummv,1,0.002457,1,MEDIUM,DOUBLE
noarr,choose_hints,gesummv,2,0.002392,1,MEDIUM,DOUBLE
noarr,choose_hints,gesummv,3,0.002391,1,MEDIUM,DOUBLE
noarr,choose_hints,gesummv,4,0.002372,1,MEDIUM,DOUBLE
noarr,choose_hints,gesummv,5,0.002344,1,MEDIUM,DOUBLE
noarr,choose_hints,heat-3d,1,0.010164,1,MEDIUM,DOUBLE
noarr,choose_hints,heat-3d,2,0.010126,1,MEDIUM,DOUBLE
noarr,choose_hints,heat-3d,3,0.010157,1,MEDIUM,DOUBLE
noarr,choose_hints,heat-3d,4,0.010225,1,MEDIUM,DOUBLE
noarr,choose_hints,heat-3d,5,0.010097,1,MEDIUM,DOUBLE
noarr,choose_hints,jacobi-1d,1,0.007924,1,MEDIUM,DOUBLE
noarr,choose_hints,jacobi-1d,2,0.007734,1,MEDIUM,DOUBLE
noarr,choose_hints,jacobi-1d,3,0.007635,1,MEDIUM,DOUBLE
noarr,choose_hints,jacobi-1d,4,0.007744,1,MEDIUM,DOUBLE
noarr,choose_hints,jacobi-1d,5,0.007778,1,MEDIUM,DOUBLE
noarr,choose_hints,jacobi-2d,1,0.008540,1,MEDIUM,DOUBLE
noarr,choose_hints,jacobi-2d,2,0.008669,1,MEDIUM,DOUBLE
noarr,choose_hints,jacobi-2d,3,0.008638,1,MEDIUM,DOUBLE
noarr,choose_hints,jacobi-2d,4,0.008541,1,MEDIUM,DOUBLE
noarr,choose_hints,jacobi-2d,5,0.008600,1,MEDIUM,DOUBLE
noarr,choose_hints,lu,1,0.028029,1,MEDIUM,DOUBLE
noarr,choose_hints,lu,2,0.028036,1,MEDIUM,DOUBLE
noarr,choose_hints,lu,3,0.027846,1,MEDIUM,DOUBLE
noarr,choose_hints,lu,4,0.028004,1,MEDIUM,DOUBLE
noarr,choose_hints,lu,5,0.028018,1,MEDIUM,DOUBLE
noarr,choose_hints,ludcmp,1,0.029996,1,MEDIUM,DOUBLE
noarr,choose_hints,ludcmp,2,0.030050,1,MEDIUM,DOUBLE
noarr,choose_hints,ludcmp,3,0.030055,1,MEDIUM,DOUBLE
noarr,choose_hints,ludcmp,4,0.030018,1,MEDIUM,DOUBLE
noarr,choose_hints,ludcmp,5,0.029971,1,MEDIUM,DOUBLE
noarr,choose_hints,mvt,1,0.000236,1,MEDIUM,DOUBLE
noarr,choose_hints,mvt,2,0.000254,1,MEDIUM,DOUBLE
noarr,choose_hints,mvt,3,0.000259,1,MEDIUM,DOUBLE
noarr,choose_hints,mvt,4,0.000270,1,MEDIUM,DOUBLE
noarr,choose_hints,mvt,5,0.000262,1,MEDIUM,DOUBLE
noarr,choose_hints,seidel-2d,1,0.157374,1,MEDIUM,DOUBLE
noarr,choose_hints,seidel-2d,2,0.157357,1,MEDIUM,DOUBLE
noarr,choose_hints,seidel-2d,3,0.157393,1,MEDIUM,DOUBLE
noarr,choose_hints,seidel-2d,4,0.157398,1,MEDIUM,DOUBLE
noarr,choose_hints,seidel-2d,5,0.157357,1,MEDIUM,DOUBLE
noarr,choose_hints,symm,1,0.002894,1,MEDIUM,DOUBLE
noarr,choose_hints,symm,2,0.002899,1,MEDIUM,DOUBLE
noarr,choose_hints,symm,3,0.002904,1,MEDIUM,DOUBLE
noarr,choose_hints,symm,4,0.002894,1,MEDIUM,DOUBLE
noarr,choose_hints,symm,5,0.002889,1,MEDIUM,DOUBLE
noarr,choose_hints,syr2k,1,0.005729,1,MEDIUM,DOUBLE
noarr,choose_hints,syr2k,2,0.005749,1,MEDIUM,DOUBLE
noarr,choose_hints,syr2k,3,0.005782,1,MEDIUM,DOUBLE
noarr,choose_hints,syr2k,4,0.005732,1,MEDIUM,DOUBLE
noarr,choose_hints,syr2k,5,0.005748,1,MEDIUM,DOUBLE
noarr,choose_hints,syrk,1,0.002730,1,MEDIUM,DOUBLE
noarr,choose_hints,syrk,2,0.002694,1,MEDIUM,DOUBLE
noarr,choose_hints,syrk,3,0.002738,1,MEDIUM,DOUBLE
noarr,choose_hints,syrk,4,0.002740,1,MEDIUM,DOUBLE
noarr,choose_hints,syrk,5,0.002740,1,MEDIUM,DOUBLE
noarr,choose_hints,trisolv,1,0.000125,1,MEDIUM,DOUBLE
noarr,choose_hints,trisolv,2,0.000106,1,MEDIUM,DOUBLE
noarr,choose_hints,trisolv,3,0.000131,1,MEDIUM,DOUBLE
noarr,choose_hints,trisolv,4,0.000124,1,MEDIUM,DOUBLE
noarr,choose_hints,trisolv,5,0.000124,1,MEDIUM,DOUBLE
noarr,choose_hints,trmm,1,0.001725,1,MEDIUM,DOUBLE
noarr,choose_hints,trmm,2,0.001728,1,MEDIUM,DOUBLE
noarr,choose_hints,trmm,3,0.001750,1,MEDIUM,DOUBLE
noarr,choose_hints,trmm,4,0.001731,1,MEDIUM,DOUBLE
noarr,choose_hints,trmm,5,0.001728,1,MEDIUM,DOUBLE
noarr,choose_hints,2mm,1,0.004614,2,MEDIUM,DOUBLE
noarr,choose_hints,2mm,2,0.004604,2,MEDIUM,DOUBLE
noarr,choose_hints,2mm,3,0.004612,2,MEDIUM,DOUBLE
noarr,choose_hints,2mm,4,0.004672,2,MEDIUM,DOUBLE
noarr,choose_hints,2mm,5,0.004623,2,MEDIUM,DOUBLE
noarr,choose_hints,3mm,1,0.006709,2,MEDIUM,DOUBLE
noarr,choose_hints,3mm,2,0.006701,2,MEDIUM,DOUBLE
noarr,choose_hints,3mm,3,0.006699,2,MEDIUM,DOUBLE
noarr,choose_hints,3mm,4,0.006713,2,MEDIUM,DOUBLE
noarr,choose_hints,3mm,5,0.006693,2,MEDIUM,DOUBLE
noarr,choose_hints,adi,1,0.061785,2,MEDIUM,DOUBLE
noarr,choose_hints,adi,2,0.061783,2,MEDIUM,DOUBLE
noarr,choose_hints,adi,3,0.063261,2,MEDIUM,DOUBLE
noarr,choose_hints,adi,4,0.061756,2,MEDIUM,DOUBLE
noarr,choose_hints,adi,5,0.063274,2,MEDIUM,DOUBLE
noarr,choose_hints,atax,1,0.000298,2,MEDIUM,DOUBLE
noarr,choose_hints,atax,2,0.000298,2,MEDIUM,DOUBLE
noarr,choose_hints,atax,3,0.000298,2,MEDIUM,DOUBLE
noarr,choose_hints,atax,4,0.000309,2,MEDIUM,DOUBLE
noarr,choose_hints,atax,5,0.000298,2,MEDIUM,DOUBLE
noarr,choose_hints,bicg,1,0.000513,2,MEDIUM,DOUBLE
noarr,choose_hints,bicg,2,0.000512,2,MEDIUM,DOUBLE
noarr,choose_hints,bicg,3,0.000505,2,MEDIUM,DOUBLE
noarr,choose_hints,bicg,4,0.000509,2,MEDIUM,DOUBLE
noarr,choose_hints,bicg,5,0.000511,2,MEDIUM,DOUBLE
noarr,choose_hints,correlation,1,0.010267,2,MEDIUM,DOUBLE
noarr,choose_hints,correlation,2,0.010250,2,MEDIUM,DOUBLE
noarr,choose_hints,correlation,3,0.010242,2,MEDIUM,DOUBLE
noarr,choose_hints,correlation,4,0.010234,2,MEDIUM,DOUBLE
noarr,choose_hints,correlation,5,0.010210,2,MEDIUM,DOUBLE
noarr,choose_hints,covariance,1,0.002753,2,MEDIUM,DOUBLE
noarr,choose_hints,covariance,2,0.002775,2,MEDIUM,DOUBLE
noarr,choose_hints,covariance,3,0.002814,2,MEDIUM,DOUBLE
noarr,choose_hints,covariance,4,0.002770,2,MEDIUM,DOUBLE
noarr,choose_hints,covariance,5,0.002756,2,MEDIUM,DOUBLE
noarr,choose_hints,deriche,1,0.005648,2,MEDIUM,DOUBLE
noarr,choose_hints,deriche,2,0.005797,2,MEDIUM,DOUBLE
noarr,choose_hints,deriche,3,0.005743,2,MEDIUM,DOUBLE
noarr,choose_hints,deriche,4,0.005530,2,MEDIUM,DOUBLE
noarr,choose_hints,deriche,5,0.005672,2,MEDIUM,DOUBLE
noarr,choose_hints,doitgen,1,0.001686,2,MEDIUM,DOUBLE
noarr,choose_hints,doitgen,2,0.001677,2,MEDIUM,DOUBLE
noarr,choose_hints,doitgen,3,0.001657,2,MEDIUM,DOUBLE
noarr,choose_hints,doitgen,4,0.001684,2,MEDIUM,DOUBLE
noarr,choose_hints,doitgen,5,0.001681,2,MEDIUM,DOUBLE
noarr,choose_hints,durbin,1,0.000169,2,MEDIUM,DOUBLE
noarr,choose_hints,durbin,2,0.000168,2,MEDIUM,DOUBLE
noarr,choose_hints,durbin,3,0.000169,2,MEDIUM,DOUBLE
noarr,choose_hints,durbin,4,0.000164,2,MEDIUM,DOUBLE
noarr,choose_hints,durbin,5,0.000179,2,MEDIUM,DOUBLE
noarr,choose_hints,floyd-warshall,1,0.054431,2,MEDIUM,DOUBLE
noarr,choose_hints,floyd-warshall,2,0.053546,2,MEDIUM,DOUBLE
noarr,choose_hints,floyd-warshall,3,0.053294,2,MEDIUM,DOUBLE
noarr,choose_hints,floyd-warshall,4,0.055057,2,MEDIUM,DOUBLE
noarr,choose_hints,floyd-warshall,5,0.054433,2,MEDIUM,DOUBLE
noarr,choose_hints,gemm,1,0.003465,2,MEDIUM,DOUBLE
noarr,choose_hints,gemm,2,0.003443,2,MEDIUM,DOUBLE
noarr,choose_hints,gemm,3,0.003424,2,MEDIUM,DOUBLE
noarr,choose_hints,gemm,4,0.003424,2,MEDIUM,DOUBLE
noarr,choose_hints,gemm,5,0.003429,2,MEDIUM,DOUBLE
noarr,choose_hints,gemver,1,0.000393,2,MEDIUM,DOUBLE
noarr,choose_hints,gemver,2,0.000403,2,MEDIUM,DOUBLE
noarr,choose_hints,gemver,3,0.000407,2,MEDIUM,DOUBLE
noarr,choose_hints,gemver,4,0.000395,2,MEDIUM,DOUBLE
noarr,choose_hints,gemver,5,0.000395,2,MEDIUM,DOUBLE
noarr,choose_hints,gesummv,1,0.000108,2,MEDIUM,DOUBLE
noarr,choose_hints,gesummv,2,0.000087,2,MEDIUM,DOUBLE
noarr,choose_hints,gesummv,3,0.000087,2,MEDIUM,DOUBLE
noarr,choose_hints,gesummv,4,0.000087,2,MEDIUM,DOUBLE
noarr,choose_hints,gesummv,5,0.000108,2,MEDIUM,DOUBLE
noarr,choose_hints,heat-3d,1,0.010193,2,MEDIUM,DOUBLE
noarr,choose_hints,heat-3d,2,0.010113,2,MEDIUM,DOUBLE
noarr,choose_hints,heat-3d,3,0.010165,2,MEDIUM,DOUBLE
noarr,choose_hints,heat-3d,4,0.010312,2,MEDIUM,DOUBLE
noarr,choose_hints,heat-3d,5,0.010152,2,MEDIUM,DOUBLE
noarr,choose_hints,jacobi-1d,1,0.000072,2,MEDIUM,DOUBLE
noarr,choose_hints,jacobi-1d,2,0.000093,2,MEDIUM,DOUBLE
noarr,choose_hints,jacobi-1d,3,0.000072,2,MEDIUM,DOUBLE
noarr,choose_hints,jacobi-1d,4,0.000072,2,MEDIUM,DOUBLE
noarr,choose_hints,jacobi-1d,5,0.000072,2,MEDIUM,DOUBLE
noarr,choose_hints,jacobi-2d,1,0.015890,2,MEDIUM,DOUBLE
noarr,choose_hints,jacobi-2d,2,0.016040,2,MEDIUM,DOUBLE
noarr,choose_hints,jacobi-2d,3,0.015873,2,MEDIUM,DOUBLE
noarr,choose_hints,jacobi-2d,4,0.015885,2,MEDIUM,DOUBLE
noarr,choose_hints,jacobi-2d,5,0.015818,2,MEDIUM,DOUBLE
noarr,choose_hints,lu,1,0.028133,2,MEDIUM,DOUBLE
noarr,choose_hints,lu,2,0.028131,2,MEDIUM,DOUBLE
noarr,choose_hints,lu,3,0.028154,2,MEDIUM,DOUBLE
noarr,choose_hints,lu,4,0.028125,2,MEDIUM,DOUBLE
noarr,choose_hints,lu,5,0.028168,2,MEDIUM,DOUBLE
noarr,choose_hints,ludcmp,1,0.028385,2,MEDIUM,DOUBLE
noarr,choose_hints,ludcmp,2,0.028407,2,MEDIUM,DOUBLE
noarr,choose_hints,ludcmp,3,0.028460,2,MEDIUM,DOUBLE
noarr,choose_hints,ludcmp,4,0.028499,2,MEDIUM,DOUBLE
noarr,choose_hints,ludcmp,5,0.028497,2,MEDIUM,DOUBLE
noarr,choose_hints,mvt,1,0.000261,2,MEDIUM,DOUBLE
noarr,choose_hints,mvt,2,0.000270,2,MEDIUM,DOUBLE
noarr,choose_hints,mvt,3,0.000262,2,MEDIUM,DOUBLE
noarr,choose_hints,mvt,4,0.000251,2,MEDIUM,DOUBLE
noarr,choose_hints,mvt,5,0.000219,2,MEDIUM,DOUBLE
noarr,choose_hints,seidel-2d,1,0.157201,2,MEDIUM,DOUBLE
noarr,choose_hints,seidel-2d,2,0.157219,2,MEDIUM,DOUBLE
noarr,choose_hints,seidel-2d,3,0.157311,2,MEDIUM,DOUBLE
noarr,choose_hints,seidel-2d,4,0.157303,2,MEDIUM,DOUBLE
noarr,choose_hints,seidel-2d,5,0.157326,2,MEDIUM,DOUBLE
noarr,choose_hints,symm,1,0.007414,2,MEDIUM,DOUBLE
noarr,choose_hints,symm,2,0.007173,2,MEDIUM,DOUBLE
noarr,choose_hints,symm,3,0.007168,2,MEDIUM,DOUBLE
noarr,choose_hints,symm,4,0.007169,2,MEDIUM,DOUBLE
noarr,choose_hints,symm,5,0.007238,2,MEDIUM,DOUBLE
noarr,choose_hints,syr2k,1,0.010222,2,MEDIUM,DOUBLE
noarr,choose_hints,syr2k,2,0.010240,2,MEDIUM,DOUBLE
noarr,choose_hints,syr2k,3,0.010229,2,MEDIUM,DOUBLE
noarr,choose_hints,syr2k,4,0.010264,2,MEDIUM,DOUBLE
noarr,choose_hints,syr2k,5,0.010222,2,MEDIUM,DOUBLE
noarr,choose_hints,syrk,1,0.002648,2,MEDIUM,DOUBLE
noarr,choose_hints,syrk,2,0.002643,2,MEDIUM,DOUBLE
noarr,choose_hints,syrk,3,0.002655,2,MEDIUM,DOUBLE
noarr,choose_hints,syrk,4,0.002652,2,MEDIUM,DOUBLE
noarr,choose_hints,syrk,5,0.002651,2,MEDIUM,DOUBLE
noarr,choose_hints,trisolv,1,0.000124,2,MEDIUM,DOUBLE
noarr,choose_hints,trisolv,2,0.000133,2,MEDIUM,DOUBLE
noarr,choose_hints,trisolv,3,0.000124,2,MEDIUM,DOUBLE
noarr,choose_hints,trisolv,4,0.000127,2,MEDIUM,DOUBLE
noarr,choose_hints,trisolv,5,0.000106,2,MEDIUM,DOUBLE
noarr,choose_hints,trmm,1,0.005545,2,MEDIUM,DOUBLE
noarr,choose_hints,trmm,2,0.005567,2,MEDIUM,DOUBLE
noarr,choose_hints,trmm,3,0.005657,2,MEDIUM,DOUBLE
noarr,choose_hints,trmm,4,0.005569,2,MEDIUM,DOUBLE
noarr,choose_hints,trmm,5,0.005651,2,MEDIUM,DOUBLE
noarr,choose_hints,2mm,1,0.004430,3,MEDIUM,DOUBLE
noarr,choose_hints,2mm,2,0.004440,3,MEDIUM,DOUBLE
noarr,choose_hints,2mm,3,0.004435,3,MEDIUM,DOUBLE
noarr,choose_hints,2mm,4,0.004430,3,MEDIUM,DOUBLE
noarr,choose_hints,2mm,5,0.004415,3,MEDIUM,DOUBLE
noarr,choose_hints,3mm,1,0.023691,3,MEDIUM,DOUBLE
noarr,choose_hints,3mm,2,0.023675,3,MEDIUM,DOUBLE
noarr,choose_hints,3mm,3,0.023679,3,MEDIUM,DOUBLE
noarr,choose_hints,3mm,4,0.023654,3,MEDIUM,DOUBLE
noarr,choose_hints,3mm,5,0.023287,3,MEDIUM,DOUBLE
noarr,choose_hints,adi,1,0.025523,3,MEDIUM,DOUBLE
noarr,choose_hints,adi,2,0.025909,3,MEDIUM,DOUBLE
noarr,choose_hints,adi,3,0.025841,3,MEDIUM,DOUBLE
noarr,choose_hints,adi,4,0.025601,3,MEDIUM,DOUBLE
noarr,choose_hints,adi,5,0.025604,3,MEDIUM,DOUBLE
noarr,choose_hints,atax,1,0.000489,3,MEDIUM,DOUBLE
noarr,choose_hints,atax,2,0.000489,3,MEDIUM,DOUBLE
noarr,choose_hints,atax,3,0.000498,3,MEDIUM,DOUBLE
noarr,choose_hints,atax,4,0.000495,3,MEDIUM,DOUBLE
noarr,choose_hints,atax,5,0.000489,3,MEDIUM,DOUBLE
noarr,choose_hints,bicg,1,0.000262,3,MEDIUM,DOUBLE
noarr,choose_hints,bicg,2,0.000262,3,MEDIUM,DOUBLE
noarr,choose_hints,bicg,3,0.000262,3,MEDIUM,DOUBLE
noarr,choose_hints,bicg,4,0.000260,3,MEDIUM,DOUBLE
noarr,choose_hints,bicg,5,0.000260,3,MEDIUM,DOUBLE
noarr,choose_hints,correlation,1,0.010510,3,MEDIUM,DOUBLE
noarr,choose_hints,correlation,2,0.010493,3,MEDIUM,DOUBLE
noarr,choose_hints,correlation,3,0.010416,3,MEDIUM,DOUBLE
noarr,choose_hints,correlation,4,0.010459,3,MEDIUM,DOUBLE
noarr,choose_hints,correlation,5,0.010426,3,MEDIUM,DOUBLE
noarr,choose_hints,covariance,1,0.010285,3,MEDIUM,DOUBLE
noarr,choose_hints,covariance,2,0.010274,3,MEDIUM,DOUBLE
noarr,choose_hints,covariance,3,0.010254,3,MEDIUM,DOUBLE
noarr,choose_hints,covariance,4,0.010264,3,MEDIUM,DOUBLE
noarr,choose_hints,covariance,5,0.010245,3,MEDIUM,DOUBLE
noarr,choose_hints,doitgen,1,0.002539,3,MEDIUM,DOUBLE
noarr,choose_hints,doitgen,2,0.002543,3,MEDIUM,DOUBLE
noarr,choose_hints,doitgen,3,0.002540,3,MEDIUM,DOUBLE
noarr,choose_hints,doitgen,4,0.002559,3,MEDIUM,DOUBLE
noarr,choose_hints,doitgen,5,0.002561,3,MEDIUM,DOUBLE
noarr,choose_hints,durbin,1,0.000172,3,MEDIUM,DOUBLE
noarr,choose_hints,durbin,2,0.000170,3,MEDIUM,DOUBLE
noarr,choose_hints,durbin,3,0.000165,3,MEDIUM,DOUBLE
noarr,choose_hints,durbin,4,0.000170,3,MEDIUM,DOUBLE
noarr,choose_hints,durbin,5,0.000170,3,MEDIUM,DOUBLE
noarr,choose_hints,fdtd-2d,1,0.022587,3,MEDIUM,DOUBLE
noarr,choose_hints,fdtd-2d,2,0.022990,3,MEDIUM,DOUBLE
noarr,choose_hints,fdtd-2d,3,0.023155,3,MEDIUM,DOUBLE
noarr,choose_hints,fdtd-2d,4,0.022843,3,MEDIUM,DOUBLE
noarr,choose_hints,fdtd-2d,5,0.022212,3,MEDIUM,DOUBLE
noarr,choose_hints,floyd-warshall,1,0.052565,3,MEDIUM,DOUBLE
noarr,choose_hints,floyd-warshall,2,0.053420,3,MEDIUM,DOUBLE
noarr,choose_hints,floyd-warshall,3,0.053522,3,MEDIUM,DOUBLE
noarr,choose_hints,floyd-warshall,4,0.053376,3,MEDIUM,DOUBLE
noarr,choose_hints,floyd-warshall,5,0.053238,3,MEDIUM,DOUBLE
noarr,choose_hints,gemm,1,0.003431,3,MEDIUM,DOUBLE
noarr,choose_hints,gemm,2,0.003424,3,MEDIUM,DOUBLE
noarr,choose_hints,gemm,3,0.003428,3,MEDIUM,DOUBLE
noarr,choose_hints,gemm,4,0.003425,3,MEDIUM,DOUBLE
noarr,choose_hints,gemm,5,0.003425,3,MEDIUM,DOUBLE
noarr,choose_hints,gemver,1,0.002775,3,MEDIUM,DOUBLE
noarr,choose_hints,gemver,2,0.002665,3,MEDIUM,DOUBLE
noarr,choose_hints,gemver,3,0.002639,3,MEDIUM,DOUBLE
noarr,choose_hints,gemver,4,0.002618,3,MEDIUM,DOUBLE
noarr,choose_hints,gemver,5,0.002656,3,MEDIUM,DOUBLE
noarr,choose_hints,gesummv,1,0.002410,3,MEDIUM,DOUBLE
noarr,choose_hints,gesummv,2,0.002324,3,MEDIUM,DOUBLE
noarr,choose_hints,gesummv,3,0.002378,3,MEDIUM,DOUBLE
noarr,choose_hints,gesummv,4,0.002320,3,MEDIUM,DOUBLE
noarr,choose_hints,gesummv,5,0.002307,3,MEDIUM,DOUBLE
noarr,choose_hints,heat-3d,1,0.010095,3,MEDIUM,DOUBLE
noarr,choose_hints,heat-3d,2,0.010016,3,MEDIUM,DOUBLE
noarr,choose_hints,heat-3d,3,0.010111,3,MEDIUM,DOUBLE
noarr,choose_hints,heat-3d,4,0.010072,3,MEDIUM,DOUBLE
noarr,choose_hints,heat-3d,5,0.010077,3,MEDIUM,DOUBLE
noarr,choose_hints,jacobi-1d,1,0.007891,3,MEDIUM,DOUBLE
noarr,choose_hints,jacobi-1d,2,0.007738,3,MEDIUM,DOUBLE
noarr,choose_hints,jacobi-1d,3,0.007831,3,MEDIUM,DOUBLE
noarr,choose_hints,jacobi-1d,4,0.007872,3,MEDIUM,DOUBLE
noarr,choose_hints,jacobi-1d,5,0.007568,3,MEDIUM,DOUBLE
noarr,choose_hints,jacobi-2d,1,0.008963,3,MEDIUM,DOUBLE
noarr,choose_hints,jacobi-2d,2,0.008537,3,MEDIUM,DOUBLE
noarr,choose_hints,jacobi-2d,3,0.008954,3,MEDIUM,DOUBLE
noarr,choose_hints,jacobi-2d,4,0.008516,3,MEDIUM,DOUBLE
noarr,choose_hints,jacobi-2d,5,0.008925,3,MEDIUM,DOUBLE
noarr,choose_hints,lu,1,0.028865,3,MEDIUM,DOUBLE
noarr,choose_hints,lu,2,0.028984,3,MEDIUM,DOUBLE
noarr,choose_hints,lu,3,0.028875,3,MEDIUM,DOUBLE
noarr,choose_hints,lu,4,0.028875,3,MEDIUM,DOUBLE
noarr,choose_hints,lu,5,0.028870,3,MEDIUM,DOUBLE
noarr,choose_hints,ludcmp,1,0.028453,3,MEDIUM,DOUBLE
noarr,choose_hints,ludcmp,2,0.028476,3,MEDIUM,DOUBLE
noarr,choose_hints,ludcmp,3,0.028381,3,MEDIUM,DOUBLE
noarr,choose_hints,ludcmp,4,0.028393,3,MEDIUM,DOUBLE
noarr,choose_hints,ludcmp,5,0.028437,3,MEDIUM,DOUBLE
noarr,choose_hints,mvt,1,0.000269,3,MEDIUM,DOUBLE
noarr,choose_hints,mvt,2,0.000261,3,MEDIUM,DOUBLE
noarr,choose_hints,mvt,3,0.000261,3,MEDIUM,DOUBLE
noarr,choose_hints,mvt,4,0.000252,3,MEDIUM,DOUBLE
noarr,choose_hints,mvt,5,0.000259,3,MEDIUM,DOUBLE
noarr,choose_hints,seidel-2d,1,0.213263,3,MEDIUM,DOUBLE
noarr,choose_hints,seidel-2d,2,0.213226,3,MEDIUM,DOUBLE
noarr,choose_hints,seidel-2d,3,0.213232,3,MEDIUM,DOUBLE
noarr,choose_hints,seidel-2d,4,0.213287,3,MEDIUM,DOUBLE
noarr,choose_hints,seidel-2d,5,0.212999,3,MEDIUM,DOUBLE
noarr,choose_hints,symm,1,0.007200,3,MEDIUM,DOUBLE
noarr,choose_hints,symm,2,0.007196,3,MEDIUM,DOUBLE
noarr,choose_hints,symm,3,0.007208,3,MEDIUM,DOUBLE
noarr,choose_hints,symm,4,0.007184,3,MEDIUM,DOUBLE
noarr,choose_hints,symm,5,0.007192,3,MEDIUM,DOUBLE
noarr,choose_hints,syr2k,1,0.006054,3,MEDIUM,DOUBLE
noarr,choose_hints,syr2k,2,0.005995,3,MEDIUM,DOUBLE
noarr,choose_hints,syr2k,3,0.006002,3,MEDIUM,DOUBLE
noarr,choose_hints,syr2k,4,0.006006,3,MEDIUM,DOUBLE
noarr,choose_hints,syr2k,5,0.005987,3,MEDIUM,DOUBLE
noarr,choose_hints,syrk,1,0.003312,3,MEDIUM,DOUBLE
noarr,choose_hints,syrk,2,0.003325,3,MEDIUM,DOUBLE
noarr,choose_hints,syrk,3,0.003325,3,MEDIUM,DOUBLE
noarr,choose_hints,syrk,4,0.003317,3,MEDIUM,DOUBLE
noarr,choose_hints,syrk,5,0.003314,3,MEDIUM,DOUBLE
noarr,choose_hints,trisolv,1,0.000125,3,MEDIUM,DOUBLE
noarr,choose_hints,trisolv,2,0.000107,3,MEDIUM,DOUBLE
noarr,choose_hints,trisolv,3,0.000107,3,MEDIUM,DOUBLE
noarr,choose_hints,trisolv,4,0.000107,3,MEDIUM,DOUBLE
noarr,choose_hints,trisolv,5,0.000125,3,MEDIUM,DOUBLE
noarr,choose_hints,trmm,1,0.005581,3,MEDIUM,DOUBLE
noarr,choose_hints,trmm,2,0.005576,3,MEDIUM,DOUBLE
noarr,choose_hints,trmm,3,0.005535,3,MEDIUM,DOUBLE
noarr,choose_hints,trmm,4,0.005538,3,MEDIUM,DOUBLE
noarr,choose_hints,trmm,5,0.005535,3,MEDIUM,DOUBLE
noarr,choose_hints,2mm,1,0.004544,4,MEDIUM,DOUBLE
noarr,choose_hints,2mm,2,0.004579,4,MEDIUM,DOUBLE
noarr,choose_hints,2mm,3,0.004557,4,MEDIUM,DOUBLE
noarr,choose_hints,2mm,4,0.004544,4,MEDIUM,DOUBLE
noarr,choose_hints,2mm,5,0.004542,4,MEDIUM,DOUBLE
noarr,choose_hints,3mm,1,0.029000,4,MEDIUM,DOUBLE
noarr,choose_hints,3mm,2,0.028961,4,MEDIUM,DOUBLE
noarr,choose_hints,3mm,3,0.028966,4,MEDIUM,DOUBLE
noarr,choose_hints,3mm,4,0.028975,4,MEDIUM,DOUBLE
noarr,choose_hints,3mm,5,0.029026,4,MEDIUM,DOUBLE
noarr,choose_hints,adi,1,0.025378,4,MEDIUM,DOUBLE
noarr,choose_hints,adi,2,0.025137,4,MEDIUM,DOUBLE
noarr,choose_hints,adi,3,0.031962,4,MEDIUM,DOUBLE
noarr,choose_hints,adi,4,0.025401,4,MEDIUM,DOUBLE
noarr,choose_hints,adi,5,0.024815,4,MEDIUM,DOUBLE
noarr,choose_hints,atax,1,0.000316,4,MEDIUM,DOUBLE
noarr,choose_hints,atax,2,0.000305,4,MEDIUM,DOUBLE
noarr,choose_hints,atax,3,0.000304,4,MEDIUM,DOUBLE
noarr,choose_hints,atax,4,0.000306,4,MEDIUM,DOUBLE
noarr,choose_hints,atax,5,0.000305,4,MEDIUM,DOUBLE
noarr,choose_hints,bicg,1,0.000255,4,MEDIUM,DOUBLE
noarr,choose_hints,bicg,2,0.000264,4,MEDIUM,DOUBLE
noarr,choose_hints,bicg,3,0.000262,4,MEDIUM,DOUBLE
noarr,choose_hints,bicg,4,0.000272,4,MEDIUM,DOUBLE
noarr,choose_hints,bicg,5,0.000262,4,MEDIUM,DOUBLE
noarr,choose_hints,correlation,1,0.004622,4,MEDIUM,DOUBLE
noarr,choose_hints,correlation,2,0.004631,4,MEDIUM,DOUBLE
noarr,choose_hints,correlation,3,0.004627,4,MEDIUM,DOUBLE
noarr,choose_hints,correlation,4,0.004621,4,MEDIUM,DOUBLE
noarr,choose_hints,correlation,5,0.004640,4,MEDIUM,DOUBLE
noarr,choose_hints,covariance,1,0.002808,4,MEDIUM,DOUBLE
noarr,choose_hints,covariance,2,0.002803,4,MEDIUM,DOUBLE
noarr,choose_hints,covariance,3,0.002822,4,MEDIUM,DOUBLE
noarr,choose_hints,covariance,4,0.002840,4,MEDIUM,DOUBLE
noarr,choose_hints,covariance,5,0.002837,4,MEDIUM,DOUBLE
noarr,choose_hints,deriche,1,0.005670,4,MEDIUM,DOUBLE
noarr,choose_hints,deriche,2,0.005621,4,MEDIUM,DOUBLE
noarr,choose_hints,deriche,3,0.005556,4,MEDIUM,DOUBLE
noarr,choose_hints,deriche,4,0.005605,4,MEDIUM,DOUBLE
noarr,choose_hints,deriche,5,0.005602,4,MEDIUM,DOUBLE
noarr,choose_hints,doitgen,1,0.001711,4,MEDIUM,DOUBLE
noarr,choose_hints,doitgen,2,0.001683,4,MEDIUM,DOUBLE
noarr,choose_hints,doitgen,3,0.001677,4,MEDIUM,DOUBLE
noarr,choose_hints,doitgen,4,0.001708,4,MEDIUM,DOUBLE
noarr,choose_hints,doitgen,5,0.001678,4,MEDIUM,DOUBLE
noarr,choose_hints,durbin,1,0.000176,4,MEDIUM,DOUBLE
noarr,choose_hints,durbin,2,0.000182,4,MEDIUM,DOUBLE
noarr,choose_hints,durbin,3,0.000176,4,MEDIUM,DOUBLE
noarr,choose_hints,durbin,4,0.000182,4,MEDIUM,DOUBLE
noarr,choose_hints,durbin,5,0.000176,4,MEDIUM,DOUBLE
noarr,choose_hints,floyd-warshall,1,0.166308,4,MEDIUM,DOUBLE
noarr,choose_hints,floyd-warshall,2,0.164442,4,MEDIUM,DOUBLE
noarr,choose_hints,floyd-warshall,3,0.165668,4,MEDIUM,DOUBLE
noarr,choose_hints,floyd-warshall,4,0.161862,4,MEDIUM,DOUBLE
noarr,choose_hints,floyd-warshall,5,0.164874,4,MEDIUM,DOUBLE
noarr,choose_hints,gemm,1,0.003428,4,MEDIUM,DOUBLE
noarr,choose_hints,gemm,2,0.003443,4,MEDIUM,DOUBLE
noarr,choose_hints,gemm,3,0.003428,4,MEDIUM,DOUBLE
noarr,choose_hints,gemm,4,0.003466,4,MEDIUM,DOUBLE
noarr,choose_hints,gemm,5,0.003427,4,MEDIUM,DOUBLE
noarr,choose_hints,gemver,1,0.000406,4,MEDIUM,DOUBLE
noarr,choose_hints,gemver,2,0.000413,4,MEDIUM,DOUBLE
noarr,choose_hints,gemver,3,0.000410,4,MEDIUM,DOUBLE
noarr,choose_hints,gemver,4,0.000412,4,MEDIUM,DOUBLE
noarr,choose_hints,gemver,5,0.000400,4,MEDIUM,DOUBLE
noarr,choose_hints,gesummv,1,0.002360,4,MEDIUM,DOUBLE
noarr,choose_hints,gesummv,2,0.002349,4,MEDIUM,DOUBLE
noarr,choose_hints,gesummv,3,0.002369,4,MEDIUM,DOUBLE
noarr,choose_hints,gesummv,4,0.002345,4,MEDIUM,DOUBLE
noarr,choose_hints,gesummv,5,0.002358,4,MEDIUM,DOUBLE
noarr,choose_hints,heat-3d,1,0.010021,4,MEDIUM,DOUBLE
noarr,choose_hints,heat-3d,2,0.010048,4,MEDIUM,DOUBLE
noarr,choose_hints,heat-3d,3,0.010186,4,MEDIUM,DOUBLE
noarr,choose_hints,heat-3d,4,0.010081,4,MEDIUM,DOUBLE
noarr,choose_hints,heat-3d,5,0.010757,4,MEDIUM,DOUBLE
noarr,choose_hints,jacobi-1d,1,0.007578,4,MEDIUM,DOUBLE
noarr,choose_hints,jacobi-1d,2,0.007862,4,MEDIUM,DOUBLE
noarr,choose_hints,jacobi-1d,3,0.007693,4,MEDIUM,DOUBLE
noarr,choose_hints,jacobi-1d,4,0.007687,4,MEDIUM,DOUBLE
noarr,choose_hints,jacobi-1d,5,0.007700,4,MEDIUM,DOUBLE
noarr,choose_hints,jacobi-2d,1,0.013350,4,MEDIUM,DOUBLE
noarr,choose_hints,jacobi-2d,2,0.013547,4,MEDIUM,DOUBLE
noarr,choose_hints,jacobi-2d,3,0.013539,4,MEDIUM,DOUBLE
noarr,choose_hints,jacobi-2d,4,0.013516,4,MEDIUM,DOUBLE
noarr,choose_hints,jacobi-2d,5,0.013593,4,MEDIUM,DOUBLE
noarr,choose_hints,ludcmp,1,0.028419,4,MEDIUM,DOUBLE
noarr,choose_hints,ludcmp,2,0.028436,4,MEDIUM,DOUBLE
noarr,choose_hints,ludcmp,3,0.028400,4,MEDIUM,DOUBLE
noarr,choose_hints,ludcmp,4,0.028399,4,MEDIUM,DOUBLE
noarr,choose_hints,ludcmp,5,0.028423,4,MEDIUM,DOUBLE
noarr,choose_hints,mvt,1,0.000259,4,MEDIUM,DOUBLE
noarr,choose_hints,mvt,2,0.000257,4,MEDIUM,DOUBLE
noarr,choose_hints,mvt,3,0.000258,4,MEDIUM,DOUBLE
noarr,choose_hints,mvt,4,0.000265,4,MEDIUM,DOUBLE
noarr,choose_hints,mvt,5,0.000241,4,MEDIUM,DOUBLE
noarr,choose_hints,seidel-2d,1,0.213227,4,MEDIUM,DOUBLE
noarr,choose_hints,seidel-2d,2,0.213244,4,MEDIUM,DOUBLE
noarr,choose_hints,seidel-2d,3,0.213237,4,MEDIUM,DOUBLE
noarr,choose_hints,seidel-2d,4,0.213260,4,MEDIUM,DOUBLE
noarr,choose_hints,seidel-2d,5,0.212994,4,MEDIUM,DOUBLE
noarr,choose_hints,syr2k,1,0.006298,4,MEDIUM,DOUBLE
noarr,choose_hints,syr2k,2,0.006280,4,MEDIUM,DOUBLE
noarr,choose_hints,syr2k,3,0.006449,4,MEDIUM,DOUBLE
noarr,choose_hints,syr2k,4,0.006363,4,MEDIUM,DOUBLE
noarr,choose_hints,syr2k,5,0.006307,4,MEDIUM,DOUBLE
noarr,choose_hints,syrk,1,0.006553,4,MEDIUM,DOUBLE
noarr,choose_hints,syrk,2,0.006557,4,MEDIUM,DOUBLE
noarr,choose_hints,syrk,3,0.006609,4,MEDIUM,DOUBLE
noarr,choose_hints,syrk,4,0.006545,4,MEDIUM,DOUBLE
noarr,choose_hints,syrk,5,0.006573,4,MEDIUM,DOUBLE
noarr,choose_hints,trisolv,1,0.000133,4,MEDIUM,DOUBLE
noarr,choose_hints,trisolv,2,0.000124,4,MEDIUM,DOUBLE
noarr,choose_hints,trisolv,3,0.000123,4,MEDIUM,DOUBLE
noarr,choose_hints,trisolv,4,0.000124,4,MEDIUM,DOUBLE
noarr,choose_hints,trisolv,5,0.000106,4,MEDIUM,DOUBLE
noarr,choose_hints,trmm,1,0.001547,4,MEDIUM,DOUBLE
noarr,choose_hints,trmm,2,0.001524,4,MEDIUM,DOUBLE
noarr,choose_hints,trmm,3,0.001532,4,MEDIUM,DOUBLE
noarr,choose_hints,trmm,4,0.001529,4,MEDIUM,DOUBLE
noarr,choose_hints,trmm,5,0.001525,4,MEDIUM,DOUBLE
noarr,choose_hints,2mm,1,0.004432,5,MEDIUM,DOUBLE
noarr,choose_hints,2mm,2,0.004428,5,MEDIUM,DOUBLE
noarr,choose_hints,2mm,3,0.004417,5,MEDIUM,DOUBLE
noarr,choose_hints,2mm,4,0.004417,5,MEDIUM,DOUBLE
noarr,choose_hints,2mm,5,0.004423,5,MEDIUM,DOUBLE
noarr,choose_hints,3mm,1,0.006713,5,MEDIUM,DOUBLE
noarr,choose_hints,3mm,2,0.006714,5,MEDIUM,DOUBLE
noarr,choose_hints,3mm,3,0.006735,5,MEDIUM,DOUBLE
noarr,choose_hints,3mm,4,0.006741,5,MEDIUM,DOUBLE
noarr,choose_hints,3mm,5,0.006761,5,MEDIUM,DOUBLE
noarr,choose_hints,adi,1,0.025497,5,MEDIUM,DOUBLE
noarr,choose_hints,adi,2,0.025352,5,MEDIUM,DOUBLE
noarr,choose_hints,adi,3,0.025279,5,MEDIUM,DOUBLE
noarr,choose_hints,adi,4,0.024837,5,MEDIUM,DOUBLE
noarr,choose_hints,adi,5,0.025229,5,MEDIUM,DOUBLE
noarr,choose_hints,atax,1,0.000305,5,MEDIUM,DOUBLE
noarr,choose_hints,atax,2,0.000313,5,MEDIUM,DOUBLE
noarr,choose_hints,atax,3,0.000312,5,MEDIUM,DOUBLE
noarr,choose_hints,atax,4,0.000305,5,MEDIUM,DOUBLE
noarr,choose_hints,atax,5,0.000313,5,MEDIUM,DOUBLE
noarr,choose_hints,bicg,1,0.000262,5,MEDIUM,DOUBLE
noarr,choose_hints,bicg,2,0.000271,5,MEDIUM,DOUBLE
noarr,choose_hints,bicg,3,0.000261,5,MEDIUM,DOUBLE
noarr,choose_hints,bicg,4,0.000293,5,MEDIUM,DOUBLE
noarr,choose_hints,bicg,5,0.000246,5,MEDIUM,DOUBLE
noarr,choose_hints,correlation,1,0.010761,5,MEDIUM,DOUBLE
noarr,choose_hints,correlation,2,0.010722,5,MEDIUM,DOUBLE
noarr,choose_hints,correlation,3,0.010711,5,MEDIUM,DOUBLE
noarr,choose_hints,correlation,4,0.010719,5,MEDIUM,DOUBLE
noarr,choose_hints,correlation,5,0.010728,5,MEDIUM,DOUBLE
noarr,choose_hints,covariance,1,0.002744,5,MEDIUM,DOUBLE
noarr,choose_hints,covariance,2,0.002768,5,MEDIUM,DOUBLE
noarr,choose_hints,covariance,3,0.002749,5,MEDIUM,DOUBLE
noarr,choose_hints,covariance,4,0.002731,5,MEDIUM,DOUBLE
noarr,choose_hints,covariance,5,0.002803,5,MEDIUM,DOUBLE
noarr,choose_hints,deriche,1,0.005221,5,MEDIUM,DOUBLE
noarr,choose_hints,deriche,2,0.004404,5,MEDIUM,DOUBLE
noarr,choose_hints,deriche,3,0.004367,5,MEDIUM,DOUBLE
noarr,choose_hints,deriche,4,0.004374,5,MEDIUM,DOUBLE
noarr,choose_hints,deriche,5,0.004372,5,MEDIUM,DOUBLE
noarr,choose_hints,doitgen,1,0.002538,5,MEDIUM,DOUBLE
noarr,choose_hints,doitgen,2,0.002535,5,MEDIUM,DOUBLE
noarr,choose_hints,doitgen,3,0.002535,5,MEDIUM,DOUBLE
noarr,choose_hints,doitgen,4,0.002538,5,MEDIUM,DOUBLE
noarr,choose_hints,doitgen,5,0.002538,5,MEDIUM,DOUBLE
noarr,choose_hints,durbin,1,0.000219,5,MEDIUM,DOUBLE
noarr,choose_hints,durbin,2,0.000210,5,MEDIUM,DOUBLE
noarr,choose_hints,durbin,3,0.000210,5,MEDIUM,DOUBLE
noarr,choose_hints,durbin,4,0.000172,5,MEDIUM,DOUBLE
noarr,choose_hints,durbin,5,0.000172,5,MEDIUM,DOUBLE
noarr,choose_hints,fdtd-2d,1,0.018358,5,MEDIUM,DOUBLE
noarr,choose_hints,fdtd-2d,2,0.018576,5,MEDIUM,DOUBLE
noarr,choose_hints,fdtd-2d,3,0.018571,5,MEDIUM,DOUBLE
noarr,choose_hints,fdtd-2d,4,0.018463,5,MEDIUM,DOUBLE
noarr,choose_hints,fdtd-2d,5,0.018532,5,MEDIUM,DOUBLE
noarr,choose_hints,floyd-warshall,1,0.052029,5,MEDIUM,DOUBLE
noarr,choose_hints,floyd-warshall,2,0.052134,5,MEDIUM,DOUBLE
noarr,choose_hints,floyd-warshall,3,0.052054,5,MEDIUM,DOUBLE
noarr,choose_hints,floyd-warshall,4,0.052075,5,MEDIUM,DOUBLE
noarr,choose_hints,floyd-warshall,5,0.052114,5,MEDIUM,DOUBLE
noarr,choose_hints,gemm,1,0.003435,5,MEDIUM,DOUBLE
noarr,choose_hints,gemm,2,0.003423,5,MEDIUM,DOUBLE
noarr,choose_hints,gemm,3,0.003425,5,MEDIUM,DOUBLE
noarr,choose_hints,gemm,4,0.003431,5,MEDIUM,DOUBLE
noarr,choose_hints,gemm,5,0.003432,5,MEDIUM,DOUBLE
noarr,choose_hints,gemver,1,0.000612,5,MEDIUM,DOUBLE
noarr,choose_hints,gemver,2,0.000614,5,MEDIUM,DOUBLE
noarr,choose_hints,gemver,3,0.000614,5,MEDIUM,DOUBLE
noarr,choose_hints,gemver,4,0.000617,5,MEDIUM,DOUBLE
noarr,choose_hints,gemver,5,0.000600,5,MEDIUM,DOUBLE
noarr,choose_hints,gesummv,1,0.000087,5,MEDIUM,DOUBLE
noarr,choose_hints,gesummv,2,0.000100,5,MEDIUM,DOUBLE
noarr,choose_hints,gesummv,3,0.000108,5,MEDIUM,DOUBLE
noarr,choose_hints,gesummv,4,0.000118,5,MEDIUM,DOUBLE
noarr,choose_hints,gesummv,5,0.000087,5,MEDIUM,DOUBLE
noarr,choose_hints,heat-3d,1,0.010342,5,MEDIUM,DOUBLE
noarr,choose_hints,heat-3d,2,0.010482,5,MEDIUM,DOUBLE
noarr,choose_hints,heat-3d,3,0.010369,5,MEDIUM,DOUBLE
noarr,choose_hints,heat-3d,4,0.010340,5,MEDIUM,DOUBLE
noarr,choose_hints,heat-3d,5,0.010413,5,MEDIUM,DOUBLE
noarr,choose_hints,jacobi-1d,1,0.004002,5,MEDIUM,DOUBLE
noarr,choose_hints,jacobi-1d,2,0.003953,5,MEDIUM,DOUBLE
noarr,choose_hints,jacobi-1d,3,0.003888,5,MEDIUM,DOUBLE
noarr,choose_hints,jacobi-1d,4,0.003884,5,MEDIUM,DOUBLE
noarr,choose_hints,jacobi-1d,5,0.003899,5,MEDIUM,DOUBLE
noarr,choose_hints,jacobi-2d,1,0.013529,5,MEDIUM,DOUBLE
noarr,choose_hints,jacobi-2d,2,0.013620,5,MEDIUM,DOUBLE
noarr,choose_hints,jacobi-2d,3,0.013571,5,MEDIUM,DOUBLE
noarr,choose_hints,jacobi-2d,4,0.013520,5,MEDIUM,DOUBLE
noarr,choose_hints,jacobi-2d,5,0.013508,5,MEDIUM,DOUBLE
noarr,choose_hints,lu,1,0.028782,5,MEDIUM,DOUBLE
noarr,choose_hints,lu,2,0.028912,5,MEDIUM,DOUBLE
noarr,choose_hints,lu,3,0.028881,5,MEDIUM,DOUBLE
noarr,choose_hints,lu,4,0.028871,5,MEDIUM,DOUBLE
noarr,choose_hints,lu,5,0.028876,5,MEDIUM,DOUBLE
noarr,choose_hints,ludcmp,1,0.028443,5,MEDIUM,DOUBLE
noarr,choose_hints,ludcmp,2,0.028399,5,MEDIUM,DOUBLE
noarr,choose_hints,ludcmp,3,0.028400,5,MEDIUM,DOUBLE
noarr,choose_hints,ludcmp,4,0.028419,5,MEDIUM,DOUBLE
noarr,choose_hints,ludcmp,5,0.028429,5,MEDIUM,DOUBLE
noarr,choose_hints,mvt,1,0.000262,5,MEDIUM,DOUBLE
noarr,choose_hints,mvt,2,0.000262,5,MEDIUM,DOUBLE
noarr,choose_hints,mvt,3,0.000269,5,MEDIUM,DOUBLE
noarr,choose_hints,mvt,4,0.000261,5,MEDIUM,DOUBLE
noarr,choose_hints,mvt,5,0.000265,5,MEDIUM,DOUBLE
noarr,choose_hints,seidel-2d,1,0.157339,5,MEDIUM,DOUBLE
noarr,choose_hints,seidel-2d,2,0.157343,5,MEDIUM,DOUBLE
noarr,choose_hints,seidel-2d,3,0.157331,5,MEDIUM,DOUBLE
noarr,choose_hints,seidel-2d,4,0.157227,5,MEDIUM,DOUBLE
noarr,choose_hints,seidel-2d,5,0.157349,5,MEDIUM,DOUBLE
noarr,choose_hints,symm,1,0.007239,5,MEDIUM,DOUBLE
noarr,choose_hints,symm,2,0.007240,5,MEDIUM,DOUBLE
noarr,choose_hints,symm,3,0.007264,5,MEDIUM,DOUBLE
noarr,choose_hints,symm,4,0.007392,5,MEDIUM,DOUBLE
noarr,choose_hints,symm,5,0.007228,5,MEDIUM,DOUBLE
noarr,choose_hints,syr2k,1,0.006070,5,MEDIUM,DOUBLE
noarr,choose_hints,syr2k,2,0.005982,5,MEDIUM,DOUBLE
noarr,choose_hints,syr2k,3,0.006066,5,MEDIUM,DOUBLE
noarr,choose_hints,syr2k,4,0.005964,5,MEDIUM,DOUBLE
noarr,choose_hints,syr2k,5,0.005984,5,MEDIUM,DOUBLE
noarr,choose_hints,trisolv,1,0.000133,5,MEDIUM,DOUBLE
noarr,choose_hints,trisolv,2,0.000124,5,MEDIUM,DOUBLE
noarr,choose_hints,trisolv,3,0.000124,5,MEDIUM,DOUBLE
noarr,choose_hints,trisolv,4,0.000107,5,MEDIUM,DOUBLE
noarr,choose_hints,trisolv,5,0.000124,5,MEDIUM,DOUBLE
noarr,choose_hints,trmm,1,0.001529,5,MEDIUM,DOUBLE
noarr,choose_hints,trmm,2,0.001544,5,MEDIUM,DOUBLE
noarr,choose_hints,trmm,3,0.001576,5,MEDIUM,DOUBLE
noarr,choose_hints,trmm,4,0.001552,5,MEDIUM,DOUBLE
noarr,choose_hints,trmm,5,0.001515,5,MEDIUM,DOUBLE
halide,choose_hints,adi,1,1.166483,1,MEDIUM,DOUBLE
halide,choose_hints,adi,2,0.891435,1,MEDIUM,DOUBLE
halide,choose_hints,adi,3,0.876934,1,MEDIUM,DOUBLE
halide,choose_hints,adi,4,0.907524,1,MEDIUM,DOUBLE
halide,choose_hints,adi,5,0.901410,1,MEDIUM,DOUBLE
halide,choose_hints,fdtd-2d,1,0.348243,1,MEDIUM,DOUBLE
halide,choose_hints,fdtd-2d,2,0.324896,1,MEDIUM,DOUBLE
halide,choose_hints,fdtd-2d,3,0.333841,1,MEDIUM,DOUBLE
halide,choose_hints,fdtd-2d,4,0.342637,1,MEDIUM,DOUBLE
halide,choose_hints,fdtd-2d,5,0.306986,1,MEDIUM,DOUBLE
halide,choose_hints,heat-3d,1,0.020436,1,MEDIUM,DOUBLE
halide,choose_hints,heat-3d,2,0.021518,1,MEDIUM,DOUBLE
halide,choose_hints,heat-3d,3,0.021024,1,MEDIUM,DOUBLE
halide,choose_hints,heat-3d,4,0.019643,1,MEDIUM,DOUBLE
halide,choose_hints,heat-3d,5,0.019634,1,MEDIUM,DOUBLE
halide,choose_hints,jacobi-2d,1,0.005749,1,MEDIUM,DOUBLE
halide,choose_hints,jacobi-2d,2,0.008707,1,MEDIUM,DOUBLE
halide,choose_hints,jacobi-2d,3,0.006350,1,MEDIUM,DOUBLE
halide,choose_hints,jacobi-2d,4,0.004808,1,MEDIUM,DOUBLE
halide,choose_hints,jacobi-2d,5,0.007911,1,MEDIUM,DOUBLE
halide,choose_hints,ludcmp,1,0.165823,1,MEDIUM,DOUBLE
halide,choose_hints,ludcmp,2,0.166427,1,MEDIUM,DOUBLE
halide,choose_hints,ludcmp,3,0.168754,1,MEDIUM,DOUBLE
halide,choose_hints,ludcmp,4,0.169452,1,MEDIUM,DOUBLE
halide,choose_hints,ludcmp,5,0.169414,1,MEDIUM,DOUBLE
halide,choose_hints,nussinov,1,0.115559,1,MEDIUM,DOUBLE
halide,choose_hints,nussinov,2,0.115130,1,MEDIUM,DOUBLE
halide,choose_hints,nussinov,3,0.114971,1,MEDIUM,DOUBLE
halide,choose_hints,nussinov,4,0.115686,1,MEDIUM,DOUBLE
halide,choose_hints,nussinov,5,0.115858,1,MEDIUM,DOUBLE
halide,choose_hints,seidel-2d,1,0.017802,1,MEDIUM,DOUBLE
halide,choose_hints,seidel-2d,2,0.018643,1,MEDIUM,DOUBLE
halide,choose_hints,seidel-2d,3,0.015267,1,MEDIUM,DOUBLE
halide,choose_hints,seidel-2d,4,0.015235,1,MEDIUM,DOUBLE
halide,choose_hints,seidel-2d,5,0.017848,1,MEDIUM,DOUBLE
halide,choose_hints,syr2k,1,0.001578,1,MEDIUM,DOUBLE
halide,choose_hints,syr2k,2,0.001982,1,MEDIUM,DOUBLE
halide,choose_hints,syr2k,3,0.001685,1,MEDIUM,DOUBLE
halide,choose_hints,syr2k,4,0.001771,1,MEDIUM,DOUBLE
halide,choose_hints,syr2k,5,0.002202,1,MEDIUM,DOUBLE
halide,choose_hints,syrk,1,0.003894,1,MEDIUM,DOUBLE
halide,choose_hints,syrk,2,0.003339,1,MEDIUM,DOUBLE
halide,choose_hints,syrk,3,0.004334,1,MEDIUM,DOUBLE
halide,choose_hints,syrk,4,0.003665,1,MEDIUM,DOUBLE
halide,choose_hints,syrk,5,0.003399,1,MEDIUM,DOUBLE
halide,choose_hints,adi,1,0.104305,2,MEDIUM,DOUBLE
halide,choose_hints,adi,2,0.104216,2,MEDIUM,DOUBLE
halide,choose_hints,adi,3,0.104232,2,MEDIUM,DOUBLE
halide,choose_hints,adi,4,0.105746,2,MEDIUM,DOUBLE
halide,choose_hints,adi,5,0.104501,2,MEDIUM,DOUBLE
halide,choose_hints,cholesky,1,0.013656,2,MEDIUM,DOUBLE
halide,choose_hints,cholesky,2,0.013586,2,MEDIUM,DOUBLE
halide,choose_hints,cholesky,3,0.013586,2,MEDIUM,DOUBLE
halide,choose_hints,cholesky,4,0.013613,2,MEDIUM,DOUBLE
halide,choose_hints,cholesky,5,0.013601,2,MEDIUM,DOUBLE
halide,choose_hints,deriche,1,0.019342,2,MEDIUM,DOUBLE
halide,choose_hints,deriche,2,0.019912,2,MEDIUM,DOUBLE
halide,choose_hints,deriche,3,0.018036,2,MEDIUM,DOUBLE
halide,choose_hints,deriche,4,0.019440,2,MEDIUM,DOUBLE
halide,choose_hints,deriche,5,0.019734,2,MEDIUM,DOUBLE
halide,choose_hints,floyd-warshall,1,0.049172,2,MEDIUM,DOUBLE
halide,choose_hints,floyd-warshall,2,0.050539,2,MEDIUM,DOUBLE
halide,choose_hints,floyd-warshall,3,0.047794,2,MEDIUM,DOUBLE
halide,choose_hints,floyd-warshall,4,0.097004,2,MEDIUM,DOUBLE
halide,choose_hints,floyd-warshall,5,0.049114,2,MEDIUM,DOUBLE
halide,choose_hints,heat-3d,1,0.022915,2,MEDIUM,DOUBLE
halide,choose_hints,heat-3d,2,0.020246,2,MEDIUM,DOUBLE
halide,choose_hints,heat-3d,3,0.020307,2,MEDIUM,DOUBLE
halide,choose_hints,heat-3d,4,0.017797,2,MEDIUM,DOUBLE
halide,choose_hints,heat-3d,5,0.020028,2,MEDIUM,DOUBLE
halide,choose_hints,jacobi-2d,1,0.006015,2,MEDIUM,DOUBLE
halide,choose_hints,jacobi-2d,2,0.006974,2,MEDIUM,DOUBLE
halide,choose_hints,jacobi-2d,3,0.006539,2,MEDIUM,DOUBLE
halide,choose_hints,jacobi-2d,4,0.007919,2,MEDIUM,DOUBLE
halide,choose_hints,jacobi-2d,5,0.006966,2,MEDIUM,DOUBLE
halide,choose_hints,lu,1,0.107290,2,MEDIUM,DOUBLE
halide,choose_hints,lu,2,0.107074,2,MEDIUM,DOUBLE
halide,choose_hints,lu,3,0.107592,2,MEDIUM,DOUBLE
halide,choose_hints,lu,4,0.108759,2,MEDIUM,DOUBLE
halide,choose_hints,lu,5,0.107516,2,MEDIUM,DOUBLE
halide,choose_hints,mvt,1,0.005439,2,MEDIUM,DOUBLE
halide,choose_hints,mvt,2,0.005564,2,MEDIUM,DOUBLE
halide,choose_hints,mvt,3,0.005560,2,MEDIUM,DOUBLE
halide,choose_hints,mvt,4,0.005655,2,MEDIUM,DOUBLE
halide,choose_hints,mvt,5,0.004617,2,MEDIUM,DOUBLE
halide,choose_hints,adi,1,0.593707,3,MEDIUM,DOUBLE
halide,choose_hints,adi,2,0.600873,3,MEDIUM,DOUBLE
halide,choose_hints,adi,3,0.606843,3,MEDIUM,DOUBLE
halide,choose_hints,adi,4,0.605895,3,MEDIUM,DOUBLE
halide,choose_hints,adi,5,0.597489,3,MEDIUM,DOUBLE
halide,choose_hints,deriche,1,0.070438,3,MEDIUM,DOUBLE
halide,choose_hints,deriche,2,0.072269,3,MEDIUM,DOUBLE
halide,choose_hints,deriche,3,0.070622,3,MEDIUM,DOUBLE
halide,choose_hints,deriche,4,0.071067,3,MEDIUM,DOUBLE
halide,choose_hints,deriche,5,0.072047,3,MEDIUM,DOUBLE
halide,choose_hints,floyd-warshall,1,0.889541,3,MEDIUM,DOUBLE
halide,choose_hints,floyd-warshall,2,0.814429,3,MEDIUM,DOUBLE
halide,choose_hints,floyd-warshall,3,0.912333,3,MEDIUM,DOUBLE
halide,choose_hints,floyd-warshall,4,0.857843,3,MEDIUM,DOUBLE
halide,choose_hints,floyd-warshall,5,0.903682,3,MEDIUM,DOUBLE
halide,choose_hints,heat-3d,1,0.011487,3,MEDIUM,DOUBLE
halide,choose_hints,heat-3d,2,0.009264,3,MEDIUM,DOUBLE
halide,choose_hints,heat-3d,3,0.011104,3,MEDIUM,DOUBLE
halide,choose_hints,heat-3d,4,0.008495,3,MEDIUM,DOUBLE
halide,choose_hints,heat-3d,5,0.010907,3,MEDIUM,DOUBLE
halide,choose_hints,jacobi-1d,1,0.019005,3,MEDIUM,DOUBLE
halide,choose_hints,jacobi-1d,2,0.027128,3,MEDIUM,DOUBLE
halide,choose_hints,jacobi-1d,3,0.028294,3,MEDIUM,DOUBLE
halide,choose_hints,jacobi-1d,4,0.021123,3,MEDIUM,DOUBLE
halide,choose_hints,jacobi-1d,5,0.034072,3,MEDIUM,DOUBLE
halide,choose_hints,jacobi-2d,1,0.006782,3,MEDIUM,DOUBLE
halide,choose_hints,jacobi-2d,2,0.005593,3,MEDIUM,DOUBLE
halide,choose_hints,jacobi-2d,3,0.007682,3,MEDIUM,DOUBLE
halide,choose_hints,jacobi-2d,4,0.008112,3,MEDIUM,DOUBLE
halide,choose_hints,jacobi-2d,5,0.005910,3,MEDIUM,DOUBLE
halide,choose_hints,nussinov,1,0.117855,3,MEDIUM,DOUBLE
halide,choose_hints,nussinov,2,0.117153,3,MEDIUM,DOUBLE
halide,choose_hints,nussinov,3,0.117461,3,MEDIUM,DOUBLE
halide,choose_hints,nussinov,4,0.117182,3,MEDIUM,DOUBLE
halide,choose_hints,nussinov,5,0.117866,3,MEDIUM,DOUBLE
halide,choose_hints,symm,1,0.003396,3,MEDIUM,DOUBLE
halide,choose_hints,symm,2,0.003884,3,MEDIUM,DOUBLE
halide,choose_hints,symm,3,0.004299,3,MEDIUM,DOUBLE
halide,choose_hints,symm,4,0.003228,3,MEDIUM,DOUBLE
halide,choose_hints,symm,5,0.003917,3,MEDIUM,DOUBLE
halide,choose_hints,syrk,1,0.001878,3,MEDIUM,DOUBLE
halide,choose_hints,syrk,2,0.000846,3,MEDIUM,DOUBLE
halide,choose_hints,syrk,3,0.000727,3,MEDIUM,DOUBLE
halide,choose_hints,syrk,4,0.001535,3,MEDIUM,DOUBLE
halide,choose_hints,syrk,5,0.001540,3,MEDIUM,DOUBLE
halide,choose_hints,adi,1,0.073646,4,MEDIUM,DOUBLE
halide,choose_hints,adi,2,0.074057,4,MEDIUM,DOUBLE
halide,choose_hints,adi,3,0.073544,4,MEDIUM,DOUBLE
halide,choose_hints,adi,4,0.073428,4,MEDIUM,DOUBLE
halide,choose_hints,adi,5,0.074327,4,MEDIUM,DOUBLE
halide,choose_hints,deriche,1,0.017183,4,MEDIUM,DOUBLE
halide,choose_hints,deriche,2,0.017194,4,MEDIUM,DOUBLE
halide,choose_hints,deriche,3,0.017084,4,MEDIUM,DOUBLE
halide,choose_hints,deriche,4,0.016352,4,MEDIUM,DOUBLE
halide,choose_hints,deriche,5,0.017039,4,MEDIUM,DOUBLE
halide,choose_hints,floyd-warshall,1,0.049547,4,MEDIUM,DOUBLE
halide,choose_hints,floyd-warshall,2,0.056234,4,MEDIUM,DOUBLE
halide,choose_hints,floyd-warshall,3,0.126105,4,MEDIUM,DOUBLE
halide,choose_hints,floyd-warshall,4,0.050261,4,MEDIUM,DOUBLE
halide,choose_hints,floyd-warshall,5,0.100576,4,MEDIUM,DOUBLE
halide,choose_hints,heat-3d,1,0.019632,4,MEDIUM,DOUBLE
halide,choose_hints,heat-3d,2,0.020180,4,MEDIUM,DOUBLE
halide,choose_hints,heat-3d,3,0.016944,4,MEDIUM,DOUBLE
halide,choose_hints,heat-3d,4,0.017076,4,MEDIUM,DOUBLE
halide,choose_hints,heat-3d,5,0.020800,4,MEDIUM,DOUBLE
halide,choose_hints,jacobi-2d,1,0.007017,4,MEDIUM,DOUBLE
halide,choose_hints,jacobi-2d,2,0.005332,4,MEDIUM,DOUBLE
halide,choose_hints,jacobi-2d,3,0.008542,4,MEDIUM,DOUBLE
halide,choose_hints,jacobi-2d,4,0.007953,4,MEDIUM,DOUBLE
halide,choose_hints,jacobi-2d,5,0.008442,4,MEDIUM,DOUBLE
halide,choose_hints,lu,1,0.116486,4,MEDIUM,DOUBLE
halide,choose_hints,lu,2,0.142016,4,MEDIUM,DOUBLE
halide,choose_hints,lu,3,0.116941,4,MEDIUM,DOUBLE
halide,choose_hints,lu,4,0.120763,4,MEDIUM,DOUBLE
halide,choose_hints,lu,5,0.117206,4,MEDIUM,DOUBLE
halide,choose_hints,symm,1,0.000941,4,MEDIUM,DOUBLE
halide,choose_hints,symm,2,0.001133,4,MEDIUM,DOUBLE
halide,choose_hints,symm,3,0.001383,4,MEDIUM,DOUBLE
halide,choose_hints,symm,4,0.001401,4,MEDIUM,DOUBLE
halide,choose_hints,symm,5,0.000918,4,MEDIUM,DOUBLE
halide,choose_hints,syrk,1,0.002098,4,MEDIUM,DOUBLE
halide,choose_hints,syrk,2,0.001660,4,MEDIUM,DOUBLE
halide,choose_hints,syrk,3,0.001989,4,MEDIUM,DOUBLE
halide,choose_hints,syrk,4,0.000961,4,MEDIUM,DOUBLE
halide,choose_hints,syrk,5,0.001801,4,MEDIUM,DOUBLE
halide,choose_hints,trisolv,1,0.000721,4,MEDIUM,DOUBLE
halide,choose_hints,trisolv,2,0.000747,4,MEDIUM,DOUBLE
halide,choose_hints,trisolv,3,0.000684,4,MEDIUM,DOUBLE
halide,choose_hints,trisolv,4,0.000708,4,MEDIUM,DOUBLE
halide,choose_hints,trisolv,5,0.000674,4,MEDIUM,DOUBLE
halide,choose_hints,covariance,1,0.003319,5,MEDIUM,DOUBLE
halide,choose_hints,covariance,2,0.003614,5,MEDIUM,DOUBLE
halide,choose_hints,covariance,3,0.003181,5,MEDIUM,DOUBLE
halide,choose_hints,covariance,4,0.002848,5,MEDIUM,DOUBLE
halide,choose_hints,covariance,5,0.002855,5,MEDIUM,DOUBLE
halide,choose_hints,deriche,1,0.017236,5,MEDIUM,DOUBLE
halide,choose_hints,deriche,2,0.017538,5,MEDIUM,DOUBLE
halide,choose_hints,deriche,3,0.017698,5,MEDIUM,DOUBLE
halide,choose_hints,deriche,4,0.017722,5,MEDIUM,DOUBLE
halide,choose_hints,deriche,5,0.017098,5,MEDIUM,DOUBLE
halide,choose_hints,fdtd-2d,1,0.502765,5,MEDIUM,DOUBLE
halide,choose_hints,fdtd-2d,2,0.532484,5,MEDIUM,DOUBLE
halide,choose_hints,fdtd-2d,3,0.489844,5,MEDIUM,DOUBLE
halide,choose_hints,fdtd-2d,4,0.515133,5,MEDIUM,DOUBLE
halide,choose_hints,fdtd-2d,5,0.501778,5,MEDIUM,DOUBLE
halide,choose_hints,floyd-warshall,1,0.827155,5,MEDIUM,DOUBLE
halide,choose_hints,floyd-warshall,2,0.844579,5,MEDIUM,DOUBLE
halide,choose_hints,floyd-warshall,3,0.824252,5,MEDIUM,DOUBLE
halide,choose_hints,floyd-warshall,4,0.819294,5,MEDIUM,DOUBLE
halide,choose_hints,floyd-warshall,5,0.830557,5,MEDIUM,DOUBLE
halide,choose_hints,heat-3d,1,0.931654,5,MEDIUM,DOUBLE
halide,choose_hints,heat-3d,2,0.934412,5,MEDIUM,DOUBLE
halide,choose_hints,heat-3d,3,0.948573,5,MEDIUM,DOUBLE
halide,choose_hints,heat-3d,4,0.952157,5,MEDIUM,DOUBLE
halide,choose_hints,heat-3d,5,0.943164,5,MEDIUM,DOUBLE
halide,choose_hints,lu,1,0.163639,5,MEDIUM,DOUBLE
halide,choose_hints,lu,2,0.164227,5,MEDIUM,DOUBLE
halide,choose_hints,lu,3,0.168097,5,MEDIUM,DOUBLE
halide,choose_hints,lu,4,0.166244,5,MEDIUM,DOUBLE
halide,choose_hints,lu,5,0.167331,5,MEDIUM,DOUBLE
exo,choose_hints,2mm,1,0.000808,1,MEDIUM,DOUBLE
exo,choose_hints,2mm,2,0.000910,1,MEDIUM,DOUBLE
exo,choose_hints,2mm,3,0.000891,1,MEDIUM,DOUBLE
exo,choose_hints,2mm,4,0.000814,1,MEDIUM,DOUBLE
exo,choose_hints,2mm,5,0.000815,1,MEDIUM,DOUBLE
exo,choose_hints,3mm,1,0.001224,1,MEDIUM,DOUBLE
exo,choose_hints,3mm,2,0.001173,1,MEDIUM,DOUBLE
exo,choose_hints,3mm,3,0.001203,1,MEDIUM,DOUBLE
exo,choose_hints,3mm,4,0.001224,1,MEDIUM,DOUBLE
exo,choose_hints,3mm,5,0.001208,1,MEDIUM,DOUBLE
exo,choose_hints,adi,1,0.021960,1,MEDIUM,DOUBLE
exo,choose_hints,adi,2,0.020964,1,MEDIUM,DOUBLE
exo,choose_hints,adi,3,0.021806,1,MEDIUM,DOUBLE
exo,choose_hints,adi,4,0.023373,1,MEDIUM,DOUBLE
exo,choose_hints,adi,5,0.022659,1,MEDIUM,DOUBLE
exo,choose_hints,atax,1,0.000207,1,MEDIUM,DOUBLE
exo,choose_hints,atax,2,0.000202,1,MEDIUM,DOUBLE
exo,choose_hints,atax,3,0.000190,1,MEDIUM,DOUBLE
exo,choose_hints,atax,4,0.000222,1,MEDIUM,DOUBLE
exo,choose_hints,atax,5,0.000199,1,MEDIUM,DOUBLE
exo,choose_hints,bicg,1,0.000315,1,MEDIUM,DOUBLE
exo,choose_hints,bicg,2,0.000284,1,MEDIUM,DOUBLE
exo,choose_hints,bicg,3,0.000282,1,MEDIUM,DOUBLE
exo,choose_hints,bicg,4,0.000282,1,MEDIUM,DOUBLE
exo,choose_hints,bicg,5,0.000299,1,MEDIUM,DOUBLE
exo,choose_hints,correlation,1,0.000937,1,MEDIUM,DOUBLE
exo,choose_hints,correlation,2,0.000954,1,MEDIUM,DOUBLE
exo,choose_hints,correlation,3,0.000971,1,MEDIUM,DOUBLE
exo,choose_hints,correlation,4,0.001051,1,MEDIUM,DOUBLE
exo,choose_hints,correlation,5,0.001062,1,MEDIUM,DOUBLE
exo,choose_hints,covariance,1,0.000841,1,MEDIUM,DOUBLE
exo,choose_hints,covariance,2,0.000841,1,MEDIUM,DOUBLE
exo,choose_hints,covariance,3,0.000840,1,MEDIUM,DOUBLE
exo,choose_hints,covariance,4,0.000863,1,MEDIUM,DOUBLE
exo,choose_hints,covariance,5,0.000855,1,MEDIUM,DOUBLE
exo,choose_hints,doitgen,1,0.000882,1,MEDIUM,DOUBLE
exo,choose_hints,doitgen,2,0.007160,1,MEDIUM,DOUBLE
exo,choose_hints,doitgen,3,0.000978,1,MEDIUM,DOUBLE
exo,choose_hints,doitgen,4,0.001438,1,MEDIUM,DOUBLE
exo,choose_hints,doitgen,5,0.001621,1,MEDIUM,DOUBLE
exo,choose_hints,durbin,1,0.000175,1,MEDIUM,DOUBLE
exo,choose_hints,durbin,2,0.000176,1,MEDIUM,DOUBLE
exo,choose_hints,durbin,3,0.000176,1,MEDIUM,DOUBLE
exo,choose_hints,durbin,4,0.000185,1,MEDIUM,DOUBLE
exo,choose_hints,durbin,5,0.000176,1,MEDIUM,DOUBLE
exo,choose_hints,floyd-warshall,1,0.024685,1,MEDIUM,DOUBLE
exo,choose_hints,floyd-warshall,2,0.024828,1,MEDIUM,DOUBLE
exo,choose_hints,floyd-warshall,3,0.024800,1,MEDIUM,DOUBLE
exo,choose_hints,floyd-warshall,4,0.024835,1,MEDIUM,DOUBLE
exo,choose_hints,floyd-warshall,5,0.024652,1,MEDIUM,DOUBLE
exo,choose_hints,gemm,1,0.002361,1,MEDIUM,DOUBLE
exo,choose_hints,gemm,2,0.002409,1,MEDIUM,DOUBLE
exo,choose_hints,gemm,3,0.002342,1,MEDIUM,DOUBLE
exo,choose_hints,gemm,4,0.002389,1,MEDIUM,DOUBLE
exo,choose_hints,gemm,5,0.002333,1,MEDIUM,DOUBLE
exo,choose_hints,gemver,1,0.000236,1,MEDIUM,DOUBLE
exo,choose_hints,gemver,2,0.000229,1,MEDIUM,DOUBLE
exo,choose_hints,gemver,3,0.000230,1,MEDIUM,DOUBLE
exo,choose_hints,gemver,4,0.000258,1,MEDIUM,DOUBLE
exo,choose_hints,gemver,5,0.000228,1,MEDIUM,DOUBLE
exo,choose_hints,gesummv,1,0.000057,1,MEDIUM,DOUBLE
exo,choose_hints,gesummv,2,0.000062,1,MEDIUM,DOUBLE
exo,choose_hints,gesummv,3,0.000077,1,MEDIUM,DOUBLE
exo,choose_hints,gesummv,4,0.000058,1,MEDIUM,DOUBLE
exo,choose_hints,gesummv,5,0.000063,1,MEDIUM,DOUBLE
exo,choose_hints,jacobi-1d,1,0.005129,1,MEDIUM,DOUBLE
exo,choose_hints,jacobi-1d,2,0.005153,1,MEDIUM,DOUBLE
exo,choose_hints,jacobi-1d,3,0.005202,1,MEDIUM,DOUBLE
exo,choose_hints,jacobi-1d,4,0.005051,1,MEDIUM,DOUBLE
exo,choose_hints,jacobi-1d,5,0.005132,1,MEDIUM,DOUBLE
exo,choose_hints,jacobi-2d,1,0.013718,1,MEDIUM,DOUBLE
exo,choose_hints,jacobi-2d,2,0.014009,1,MEDIUM,DOUBLE
exo,choose_hints,jacobi-2d,3,0.013907,1,MEDIUM,DOUBLE
exo,choose_hints,jacobi-2d,4,0.013899,1,MEDIUM,DOUBLE
exo,choose_hints,jacobi-2d,5,0.013552,1,MEDIUM,DOUBLE
exo,choose_hints,lu,1,0.023952,1,MEDIUM,DOUBLE
exo,choose_hints,lu,2,0.023994,1,MEDIUM,DOUBLE
exo,choose_hints,lu,3,0.024183,1,MEDIUM,DOUBLE
exo,choose_hints,lu,4,0.023967,1,MEDIUM,DOUBLE
exo,choose_hints,lu,5,0.024056,1,MEDIUM,DOUBLE
exo,choose_hints,ludcmp,1,0.030235,1,MEDIUM,DOUBLE
exo,choose_hints,ludcmp,2,0.030138,1,MEDIUM,DOUBLE
exo,choose_hints,ludcmp,3,0.030163,1,MEDIUM,DOUBLE
exo,choose_hints,ludcmp,4,0.030182,1,MEDIUM,DOUBLE
exo,choose_hints,ludcmp,5,0.030219,1,MEDIUM,DOUBLE
exo,choose_hints,mvt,1,0.000281,1,MEDIUM,DOUBLE
exo,choose_hints,mvt,2,0.000270,1,MEDIUM,DOUBLE
exo,choose_hints,mvt,3,0.000292,1,MEDIUM,DOUBLE
exo,choose_hints,mvt,4,0.000269,1,MEDIUM,DOUBLE
exo,choose_hints,mvt,5,0.000274,1,MEDIUM,DOUBLE
exo,choose_hints,nussinov,1,0.058053,1,MEDIUM,DOUBLE
exo,choose_hints,nussinov,2,0.058135,1,MEDIUM,DOUBLE
exo,choose_hints,nussinov,3,0.058043,1,MEDIUM,DOUBLE
exo,choose_hints,nussinov,4,0.058081,1,MEDIUM,DOUBLE
exo,choose_hints,nussinov,5,0.058196,1,MEDIUM,DOUBLE
exo,choose_hints,seidel-2d,1,0.241472,1,MEDIUM,DOUBLE
exo,choose_hints,seidel-2d,2,0.241499,1,MEDIUM,DOUBLE
exo,choose_hints,seidel-2d,3,0.241575,1,MEDIUM,DOUBLE
exo,choose_hints,seidel-2d,4,0.241476,1,MEDIUM,DOUBLE
exo,choose_hints,seidel-2d,5,0.241859,1,MEDIUM,DOUBLE
exo,choose_hints,syrk,1,0.000664,1,MEDIUM,DOUBLE
exo,choose_hints,syrk,2,0.000643,1,MEDIUM,DOUBLE
exo,choose_hints,syrk,3,0.000652,1,MEDIUM,DOUBLE
exo,choose_hints,syrk,4,0.000661,1,MEDIUM,DOUBLE
exo,choose_hints,syrk,5,0.000668,1,MEDIUM,DOUBLE
exo,choose_hints,trisolv,1,0.000143,1,MEDIUM,DOUBLE
exo,choose_hints,trisolv,2,0.000143,1,MEDIUM,DOUBLE
exo,choose_hints,trisolv,3,0.000132,1,MEDIUM,DOUBLE
exo,choose_hints,trisolv,4,0.000132,1,MEDIUM,DOUBLE
exo,choose_hints,trisolv,5,0.000136,1,MEDIUM,DOUBLE
exo,choose_hints,2mm,1,0.002635,2,MEDIUM,DOUBLE
exo,choose_hints,2mm,2,0.002666,2,MEDIUM,DOUBLE
exo,choose_hints,2mm,3,0.002720,2,MEDIUM,DOUBLE
exo,choose_hints,2mm,4,0.002656,2,MEDIUM,DOUBLE
exo,choose_hints,2mm,5,0.002688,2,MEDIUM,DOUBLE
exo,choose_hints,3mm,1,0.000711,2,MEDIUM,DOUBLE
exo,choose_hints,3mm,2,0.000663,2,MEDIUM,DOUBLE
exo,choose_hints,3mm,3,0.000563,2,MEDIUM,DOUBLE
exo,choose_hints,3mm,4,0.000734,2,MEDIUM,DOUBLE
exo,choose_hints,3mm,5,0.000677,2,MEDIUM,DOUBLE
exo,choose_hints,adi,1,0.022277,2,MEDIUM,DOUBLE
exo,choose_hints,adi,2,0.022734,2,MEDIUM,DOUBLE
exo,choose_hints,adi,3,0.022356,2,MEDIUM,DOUBLE
exo,choose_hints,adi,4,0.022235,2,MEDIUM,DOUBLE
exo,choose_hints,adi,5,0.022850,2,MEDIUM,DOUBLE
exo,choose_hints,atax,1,0.000230,2,MEDIUM,DOUBLE
exo,choose_hints,atax,2,0.000237,2,MEDIUM,DOUBLE
exo,choose_hints,atax,3,0.000249,2,MEDIUM,DOUBLE
exo,choose_hints,atax,4,0.000245,2,MEDIUM,DOUBLE
exo,choose_hints,atax,5,0.000231,2,MEDIUM,DOUBLE
exo,choose_hints,bicg,1,0.000300,2,MEDIUM,DOUBLE
exo,choose_hints,bicg,2,0.000285,2,MEDIUM,DOUBLE
exo,choose_hints,bicg,3,0.000276,2,MEDIUM,DOUBLE
exo,choose_hints,bicg,4,0.000279,2,MEDIUM,DOUBLE
exo,choose_hints,bicg,5,0.000276,2,MEDIUM,DOUBLE
exo,choose_hints,cholesky,1,0.014367,2,MEDIUM,DOUBLE
exo,choose_hints,cholesky,2,0.014344,2,MEDIUM,DOUBLE
exo,choose_hints,cholesky,3,0.014371,2,MEDIUM,DOUBLE
exo,choose_hints,cholesky,4,0.014386,2,MEDIUM,DOUBLE
exo,choose_hints,cholesky,5,0.014352,2,MEDIUM,DOUBLE
exo,choose_hints,correlation,1,0.001140,2,MEDIUM,DOUBLE
exo,choose_hints,correlation,2,0.001131,2,MEDIUM,DOUBLE
exo,choose_hints,correlation,3,0.001153,2,MEDIUM,DOUBLE
exo,choose_hints,correlation,4,0.001275,2,MEDIUM,DOUBLE
exo,choose_hints,correlation,5,0.001181,2,MEDIUM,DOUBLE
exo,choose_hints,covariance,1,0.003869,2,MEDIUM,DOUBLE
exo,choose_hints,covariance,2,0.003805,2,MEDIUM,DOUBLE
exo,choose_hints,covariance,3,0.003822,2,MEDIUM,DOUBLE
exo,choose_hints,covariance,4,0.003802,2,MEDIUM,DOUBLE
exo,choose_hints,covariance,5,0.003795,2,MEDIUM,DOUBLE
exo,choose_hints,deriche,1,0.003599,2,MEDIUM,DOUBLE
exo,choose_hints,deriche,2,0.003581,2,MEDIUM,DOUBLE
exo,choose_hints,deriche,3,0.003494,2,MEDIUM,DOUBLE
exo,choose_hints,deriche,4,0.003573,2,MEDIUM,DOUBLE
exo,choose_hints,deriche,5,0.003595,2,MEDIUM,DOUBLE
exo,choose_hints,doitgen,1,0.001478,2,MEDIUM,DOUBLE
exo,choose_hints,doitgen,2,0.001744,2,MEDIUM,DOUBLE
exo,choose_hints,doitgen,3,0.001076,2,MEDIUM,DOUBLE
exo,choose_hints,doitgen,4,0.004253,2,MEDIUM,DOUBLE
exo,choose_hints,doitgen,5,0.001477,2,MEDIUM,DOUBLE
exo,choose_hints,durbin,1,0.000282,2,MEDIUM,DOUBLE
exo,choose_hints,durbin,2,0.000281,2,MEDIUM,DOUBLE
exo,choose_hints,durbin,3,0.000296,2,MEDIUM,DOUBLE
exo,choose_hints,durbin,4,0.000266,2,MEDIUM,DOUBLE
exo,choose_hints,durbin,5,0.000282,2,MEDIUM,DOUBLE
exo,choose_hints,gemm,1,0.002862,2,MEDIUM,DOUBLE
exo,choose_hints,gemm,2,0.002852,2,MEDIUM,DOUBLE
exo,choose_hints,gemm,3,0.002829,2,MEDIUM,DOUBLE
exo,choose_hints,gemm,4,0.002879,2,MEDIUM,DOUBLE
exo,choose_hints,gemm,5,0.002832,2,MEDIUM,DOUBLE
exo,choose_hints,gemver,1,0.000337,2,MEDIUM,DOUBLE
exo,choose_hints,gemver,2,0.000348,2,MEDIUM,DOUBLE
exo,choose_hints,gemver,3,0.000323,2,MEDIUM,DOUBLE
exo,choose_hints,gemver,4,0.000340,2,MEDIUM,DOUBLE
exo,choose_hints,gemver,5,0.000352,2,MEDIUM,DOUBLE
exo,choose_hints,jacobi-2d,1,0.013485,2,MEDIUM,DOUBLE
exo,choose_hints,jacobi-2d,2,0.013804,2,MEDIUM,DOUBLE
exo,choose_hints,jacobi-2d,3,0.013956,2,MEDIUM,DOUBLE
exo,choose_hints,jacobi-2d,4,0.013948,2,MEDIUM,DOUBLE
exo,choose_hints,jacobi-2d,5,0.013902,2,MEDIUM,DOUBLE
exo,choose_hints,lu,1,0.033977,2,MEDIUM,DOUBLE
exo,choose_hints,lu,2,0.034018,2,MEDIUM,DOUBLE
exo,choose_hints,lu,3,0.034094,2,MEDIUM,DOUBLE
exo,choose_hints,lu,4,0.034127,2,MEDIUM,DOUBLE
exo,choose_hints,lu,5,0.033983,2,MEDIUM,DOUBLE
exo,choose_hints,mvt,1,0.000289,2,MEDIUM,DOUBLE
exo,choose_hints,mvt,2,0.000259,2,MEDIUM,DOUBLE
exo,choose_hints,mvt,3,0.000260,2,MEDIUM,DOUBLE
exo,choose_hints,mvt,4,0.000262,2,MEDIUM,DOUBLE
exo,choose_hints,mvt,5,0.000264,2,MEDIUM,DOUBLE
exo,choose_hints,nussinov,1,0.012654,2,MEDIUM,DOUBLE
exo,choose_hints,nussinov,2,0.012734,2,MEDIUM,DOUBLE
exo,choose_hints,nussinov,3,0.012625,2,MEDIUM,DOUBLE
exo,choose_hints,nussinov,4,0.012682,2,MEDIUM,DOUBLE
exo,choose_hints,nussinov,5,0.012824,2,MEDIUM,DOUBLE
exo,choose_hints,symm,1,0.017940,2,MEDIUM,DOUBLE
exo,choose_hints,symm,2,0.017922,2,MEDIUM,DOUBLE
exo,choose_hints,symm,3,0.017913,2,MEDIUM,DOUBLE
exo,choose_hints,symm,4,0.017972,2,MEDIUM,DOUBLE
exo,choose_hints,symm,5,0.018073,2,MEDIUM,DOUBLE
exo,choose_hints,syr2k,1,0.000360,2,MEDIUM,DOUBLE
exo,choose_hints,syr2k,2,0.000346,2,MEDIUM,DOUBLE
exo,choose_hints,syr2k,3,0.000348,2,MEDIUM,DOUBLE
exo,choose_hints,syr2k,4,0.000344,2,MEDIUM,DOUBLE
exo,choose_hints,syr2k,5,0.000352,2,MEDIUM,DOUBLE
exo,choose_hints,syrk,1,0.000768,2,MEDIUM,DOUBLE
exo,choose_hints,syrk,2,0.000755,2,MEDIUM,DOUBLE
exo,choose_hints,syrk,3,0.000773,2,MEDIUM,DOUBLE
exo,choose_hints,syrk,4,0.000770,2,MEDIUM,DOUBLE
exo,choose_hints,syrk,5,0.000775,2,MEDIUM,DOUBLE
exo,choose_hints,trisolv,1,0.000144,2,MEDIUM,DOUBLE
exo,choose_hints,trisolv,2,0.000135,2,MEDIUM,DOUBLE
exo,choose_hints,trisolv,3,0.000130,2,MEDIUM,DOUBLE
exo,choose_hints,trisolv,4,0.000132,2,MEDIUM,DOUBLE
exo,choose_hints,trisolv,5,0.000133,2,MEDIUM,DOUBLE
exo,choose_hints,trmm,1,0.003770,2,MEDIUM,DOUBLE
exo,choose_hints,trmm,2,0.003767,2,MEDIUM,DOUBLE
exo,choose_hints,trmm,3,0.003764,2,MEDIUM,DOUBLE
exo,choose_hints,trmm,4,0.003758,2,MEDIUM,DOUBLE
exo,choose_hints,trmm,5,0.003778,2,MEDIUM,DOUBLE
exo,choose_hints,2mm,1,0.000589,3,MEDIUM,DOUBLE
exo,choose_hints,2mm,2,0.000557,3,MEDIUM,DOUBLE
exo,choose_hints,2mm,3,0.000550,3,MEDIUM,DOUBLE
exo,choose_hints,2mm,4,0.000548,3,MEDIUM,DOUBLE
exo,choose_hints,2mm,5,0.000540,3,MEDIUM,DOUBLE
exo,choose_hints,3mm,1,0.001092,3,MEDIUM,DOUBLE
exo,choose_hints,3mm,2,0.001184,3,MEDIUM,DOUBLE
exo,choose_hints,3mm,3,0.001151,3,MEDIUM,DOUBLE
exo,choose_hints,3mm,4,0.001212,3,MEDIUM,DOUBLE
exo,choose_hints,3mm,5,0.001119,3,MEDIUM,DOUBLE
exo,choose_hints,atax,1,0.000779,3,MEDIUM,DOUBLE
exo,choose_hints,atax,2,0.000791,3,MEDIUM,DOUBLE
exo,choose_hints,atax,3,0.000789,3,MEDIUM,DOUBLE
exo,choose_hints,atax,4,0.000788,3,MEDIUM,DOUBLE
exo,choose_hints,atax,5,0.000786,3,MEDIUM,DOUBLE
exo,choose_hints,cholesky,1,0.014699,3,MEDIUM,DOUBLE
exo,choose_hints,cholesky,2,0.014666,3,MEDIUM,DOUBLE
exo,choose_hints,cholesky,3,0.014665,3,MEDIUM,DOUBLE
exo,choose_hints,cholesky,4,0.014637,3,MEDIUM,DOUBLE
exo,choose_hints,cholesky,5,0.014646,3,MEDIUM,DOUBLE
exo,choose_hints,correlation,1,0.001045,3,MEDIUM,DOUBLE
exo,choose_hints,correlation,2,0.001123,3,MEDIUM,DOUBLE
exo,choose_hints,correlation,3,0.001083,3,MEDIUM,DOUBLE
exo,choose_hints,correlation,4,0.001135,3,MEDIUM,DOUBLE
exo,choose_hints,correlation,5,0.001038,3,MEDIUM,DOUBLE
exo,choose_hints,covariance,1,0.001059,3,MEDIUM,DOUBLE
exo,choose_hints,covariance,2,0.001009,3,MEDIUM,DOUBLE
exo,choose_hints,covariance,3,0.001006,3,MEDIUM,DOUBLE
exo,choose_hints,covariance,4,0.001093,3,MEDIUM,DOUBLE
exo,choose_hints,covariance,5,0.001030,3,MEDIUM,DOUBLE
exo,choose_hints,doitgen,1,0.001616,3,MEDIUM,DOUBLE
exo,choose_hints,doitgen,2,0.001466,3,MEDIUM,DOUBLE
exo,choose_hints,doitgen,3,0.001663,3,MEDIUM,DOUBLE
exo,choose_hints,doitgen,4,0.001875,3,MEDIUM,DOUBLE
exo,choose_hints,doitgen,5,0.001488,3,MEDIUM,DOUBLE
exo,choose_hints,durbin,1,0.000230,3,MEDIUM,DOUBLE
exo,choose_hints,durbin,2,0.000259,3,MEDIUM,DOUBLE
exo,choose_hints,durbin,3,0.000237,3,MEDIUM,DOUBLE
exo,choose_hints,durbin,4,0.000229,3,MEDIUM,DOUBLE
exo,choose_hints,durbin,5,0.000250,3,MEDIUM,DOUBLE
exo,choose_hints,gesummv,1,0.000068,3,MEDIUM,DOUBLE
exo,choose_hints,gesummv,2,0.000068,3,MEDIUM,DOUBLE
exo,choose_hints,gesummv,3,0.000065,3,MEDIUM,DOUBLE
exo,choose_hints,gesummv,4,0.000058,3,MEDIUM,DOUBLE
exo,choose_hints,gesummv,5,0.000061,3,MEDIUM,DOUBLE
exo,choose_hints,heat-3d,1,0.020939,3,MEDIUM,DOUBLE
exo,choose_hints,heat-3d,2,0.020702,3,MEDIUM,DOUBLE
exo,choose_hints,heat-3d,3,0.021201,3,MEDIUM,DOUBLE
exo,choose_hints,heat-3d,4,0.021166,3,MEDIUM,DOUBLE
exo,choose_hints,heat-3d,5,0.020680,3,MEDIUM,DOUBLE
exo,choose_hints,jacobi-1d,1,0.005256,3,MEDIUM,DOUBLE
exo,choose_hints,jacobi-1d,2,0.005086,3,MEDIUM,DOUBLE
exo,choose_hints,jacobi-1d,3,0.005153,3,MEDIUM,DOUBLE
exo,choose_hints,jacobi-1d,4,0.005062,3,MEDIUM,DOUBLE
exo,choose_hints,jacobi-1d,5,0.005073,3,MEDIUM,DOUBLE
exo,choose_hints,lu,1,0.029754,3,MEDIUM,DOUBLE
exo,choose_hints,lu,2,0.029944,3,MEDIUM,DOUBLE
exo,choose_hints,lu,3,0.029801,3,MEDIUM,DOUBLE
exo,choose_hints,lu,4,0.029775,3,MEDIUM,DOUBLE
exo,choose_hints,lu,5,0.029731,3,MEDIUM,DOUBLE
exo,choose_hints,ludcmp,1,0.068218,3,MEDIUM,DOUBLE
exo,choose_hints,ludcmp,2,0.036287,3,MEDIUM,DOUBLE
exo,choose_hints,ludcmp,3,0.036301,3,MEDIUM,DOUBLE
exo,choose_hints,ludcmp,4,0.036427,3,MEDIUM,DOUBLE
exo,choose_hints,ludcmp,5,0.036133,3,MEDIUM,DOUBLE
exo,choose_hints,mvt,1,0.000237,3,MEDIUM,DOUBLE
exo,choose_hints,mvt,2,0.000217,3,MEDIUM,DOUBLE
exo,choose_hints,mvt,3,0.000215,3,MEDIUM,DOUBLE
exo,choose_hints,mvt,4,0.000219,3,MEDIUM,DOUBLE
exo,choose_hints,mvt,5,0.000206,3,MEDIUM,DOUBLE
exo,choose_hints,nussinov,1,0.022203,3,MEDIUM,DOUBLE
exo,choose_hints,nussinov,2,0.022023,3,MEDIUM,DOUBLE
exo,choose_hints,nussinov,3,0.022120,3,MEDIUM,DOUBLE
exo,choose_hints,nussinov,4,0.022105,3,MEDIUM,DOUBLE
exo,choose_hints,nussinov,5,0.022348,3,MEDIUM,DOUBLE
exo,choose_hints,symm,1,0.008926,3,MEDIUM,DOUBLE
exo,choose_hints,symm,2,0.008885,3,MEDIUM,DOUBLE
exo,choose_hints,symm,3,0.009052,3,MEDIUM,DOUBLE
exo,choose_hints,symm,4,0.008877,3,MEDIUM,DOUBLE
exo,choose_hints,symm,5,0.008871,3,MEDIUM,DOUBLE
exo,choose_hints,syr2k,1,0.000409,3,MEDIUM,DOUBLE
exo,choose_hints,syr2k,2,0.000403,3,MEDIUM,DOUBLE
exo,choose_hints,syr2k,3,0.000406,3,MEDIUM,DOUBLE
exo,choose_hints,syr2k,4,0.000421,3,MEDIUM,DOUBLE
exo,choose_hints,syr2k,5,0.000417,3,MEDIUM,DOUBLE
exo,choose_hints,trisolv,1,0.000135,3,MEDIUM,DOUBLE
exo,choose_hints,trisolv,2,0.000133,3,MEDIUM,DOUBLE
exo,choose_hints,trisolv,3,0.000140,3,MEDIUM,DOUBLE
exo,choose_hints,trisolv,4,0.000127,3,MEDIUM,DOUBLE
exo,choose_hints,trisolv,5,0.000132,3,MEDIUM,DOUBLE
exo,choose_hints,2mm,1,0.000929,4,MEDIUM,DOUBLE
exo,choose_hints,2mm,2,0.000928,4,MEDIUM,DOUBLE
exo,choose_hints,2mm,3,0.000946,4,MEDIUM,DOUBLE
exo,choose_hints,2mm,4,0.000926,4,MEDIUM,DOUBLE
exo,choose_hints,2mm,5,0.000929,4,MEDIUM,DOUBLE
exo,choose_hints,3mm,1,0.000700,4,MEDIUM,DOUBLE
exo,choose_hints,3mm,2,0.000679,4,MEDIUM,DOUBLE
exo,choose_hints,3mm,3,0.000649,4,MEDIUM,DOUBLE
exo,choose_hints,3mm,4,0.000657,4,MEDIUM,DOUBLE
exo,choose_hints,3mm,5,0.000645,4,MEDIUM,DOUBLE
exo,choose_hints,adi,1,0.022731,4,MEDIUM,DOUBLE
exo,choose_hints,adi,2,0.022616,4,MEDIUM,DOUBLE
exo,choose_hints,adi,3,0.022263,4,MEDIUM,DOUBLE
exo,choose_hints,adi,4,0.022859,4,MEDIUM,DOUBLE
exo,choose_hints,adi,5,0.022622,4,MEDIUM,DOUBLE
exo,choose_hints,atax,1,0.000248,4,MEDIUM,DOUBLE
exo,choose_hints,atax,2,0.000246,4,MEDIUM,DOUBLE
exo,choose_hints,atax,3,0.000258,4,MEDIUM,DOUBLE
exo,choose_hints,atax,4,0.000245,4,MEDIUM,DOUBLE
exo,choose_hints,atax,5,0.000294,4,MEDIUM,DOUBLE
exo,choose_hints,bicg,1,0.000625,4,MEDIUM,DOUBLE
exo,choose_hints,bicg,2,0.000623,4,MEDIUM,DOUBLE
exo,choose_hints,bicg,3,0.000628,4,MEDIUM,DOUBLE
exo,choose_hints,bicg,4,0.000612,4,MEDIUM,DOUBLE
exo,choose_hints,bicg,5,0.000610,4,MEDIUM,DOUBLE
exo,choose_hints,cholesky,1,0.015494,4,MEDIUM,DOUBLE
exo,choose_hints,cholesky,2,0.015486,4,MEDIUM,DOUBLE
exo,choose_hints,cholesky,3,0.015503,4,MEDIUM,DOUBLE
exo,choose_hints,cholesky,4,0.015481,4,MEDIUM,DOUBLE
exo,choose_hints,cholesky,5,0.015476,4,MEDIUM,DOUBLE
exo,choose_hints,correlation,1,0.000949,4,MEDIUM,DOUBLE
exo,choose_hints,correlation,2,0.000985,4,MEDIUM,DOUBLE
exo,choose_hints,correlation,3,0.000960,4,MEDIUM,DOUBLE
exo,choose_hints,correlation,4,0.001026,4,MEDIUM,DOUBLE
exo,choose_hints,correlation,5,0.000944,4,MEDIUM,DOUBLE
exo,choose_hints,doitgen,1,0.002590,4,MEDIUM,DOUBLE
exo,choose_hints,doitgen,2,0.002600,4,MEDIUM,DOUBLE
exo,choose_hints,doitgen,3,0.002594,4,MEDIUM,DOUBLE
exo,choose_hints,doitgen,4,0.002601,4,MEDIUM,DOUBLE
exo,choose_hints,doitgen,5,0.002598,4,MEDIUM,DOUBLE
exo,choose_hints,durbin,1,0.074764,4,MEDIUM,DOUBLE
exo,choose_hints,durbin,2,0.075299,4,MEDIUM,DOUBLE
exo,choose_hints,durbin,3,0.075676,4,MEDIUM,DOUBLE
exo,choose_hints,durbin,4,0.074931,4,MEDIUM,DOUBLE
exo,choose_hints,durbin,5,0.084235,4,MEDIUM,DOUBLE
exo,choose_hints,fdtd-2d,1,0.017136,4,MEDIUM,DOUBLE
exo,choose_hints,fdtd-2d,2,0.016940,4,MEDIUM,DOUBLE
exo,choose_hints,fdtd-2d,3,0.017048,4,MEDIUM,DOUBLE
exo,choose_hints,fdtd-2d,4,0.017054,4,MEDIUM,DOUBLE
exo,choose_hints,fdtd-2d,5,0.016892,4,MEDIUM,DOUBLE
exo,choose_hints,floyd-warshall,1,0.018328,4,MEDIUM,DOUBLE
exo,choose_hints,floyd-warshall,2,0.019008,4,MEDIUM,DOUBLE
exo,choose_hints,floyd-warshall,3,0.020755,4,MEDIUM,DOUBLE
exo,choose_hints,floyd-warshall,4,0.019078,4,MEDIUM,DOUBLE
exo,choose_hints,floyd-warshall,5,0.019298,4,MEDIUM,DOUBLE
exo,choose_hints,gemm,1,0.000217,4,MEDIUM,DOUBLE
exo,choose_hints,gemm,2,0.000191,4,MEDIUM,DOUBLE
exo,choose_hints,gemm,3,0.000196,4,MEDIUM,DOUBLE
exo,choose_hints,gemm,4,0.000209,4,MEDIUM,DOUBLE
exo,choose_hints,gemm,5,0.000194,4,MEDIUM,DOUBLE
exo,choose_hints,gesummv,1,0.000065,4,MEDIUM,DOUBLE
exo,choose_hints,gesummv,2,0.000063,4,MEDIUM,DOUBLE
exo,choose_hints,gesummv,3,0.000063,4,MEDIUM,DOUBLE
exo,choose_hints,gesummv,4,0.000063,4,MEDIUM,DOUBLE
exo,choose_hints,gesummv,5,0.000064,4,MEDIUM,DOUBLE
exo,choose_hints,heat-3d,1,0.021072,4,MEDIUM,DOUBLE
exo,choose_hints,heat-3d,2,0.021066,4,MEDIUM,DOUBLE
exo,choose_hints,heat-3d,3,0.020646,4,MEDIUM,DOUBLE
exo,choose_hints,heat-3d,4,0.020887,4,MEDIUM,DOUBLE
exo,choose_hints,heat-3d,5,0.021081,4,MEDIUM,DOUBLE
exo,choose_hints,jacobi-1d,1,0.004985,4,MEDIUM,DOUBLE
exo,choose_hints,jacobi-1d,2,0.005210,4,MEDIUM,DOUBLE
exo,choose_hints,jacobi-1d,3,0.005128,4,MEDIUM,DOUBLE
exo,choose_hints,jacobi-1d,4,0.005072,4,MEDIUM,DOUBLE
exo,choose_hints,jacobi-1d,5,0.005119,4,MEDIUM,DOUBLE
exo,choose_hints,jacobi-2d,1,0.006731,4,MEDIUM,DOUBLE
exo,choose_hints,jacobi-2d,2,0.006528,4,MEDIUM,DOUBLE
exo,choose_hints,jacobi-2d,3,0.006623,4,MEDIUM,DOUBLE
exo,choose_hints,jacobi-2d,4,0.006689,4,MEDIUM,DOUBLE
exo,choose_hints,jacobi-2d,5,0.006661,4,MEDIUM,DOUBLE
exo,choose_hints,ludcmp,1,0.022542,4,MEDIUM,DOUBLE
exo,choose_hints,ludcmp,2,0.022604,4,MEDIUM,DOUBLE
exo,choose_hints,ludcmp,3,0.022591,4,MEDIUM,DOUBLE
exo,choose_hints,ludcmp,4,0.022558,4,MEDIUM,DOUBLE
exo,choose_hints,ludcmp,5,0.022586,4,MEDIUM,DOUBLE
exo,choose_hints,mvt,1,0.000253,4,MEDIUM,DOUBLE
exo,choose_hints,mvt,2,0.000247,4,MEDIUM,DOUBLE
exo,choose_hints,mvt,3,0.000244,4,MEDIUM,DOUBLE
exo,choose_hints,mvt,4,0.000268,4,MEDIUM,DOUBLE
exo,choose_hints,mvt,5,0.000254,4,MEDIUM,DOUBLE
exo,choose_hints,nussinov,1,0.012823,4,MEDIUM,DOUBLE
exo,choose_hints,nussinov,2,0.012441,4,MEDIUM,DOUBLE
exo,choose_hints,nussinov,3,0.012669,4,MEDIUM,DOUBLE
exo,choose_hints,nussinov,4,0.012571,4,MEDIUM,DOUBLE
exo,choose_hints,nussinov,5,0.012529,4,MEDIUM,DOUBLE
exo,choose_hints,symm,1,0.018122,4,MEDIUM,DOUBLE
exo,choose_hints,symm,2,0.018294,4,MEDIUM,DOUBLE
exo,choose_hints,symm,3,0.017951,4,MEDIUM,DOUBLE
exo,choose_hints,symm,4,0.018006,4,MEDIUM,DOUBLE
exo,choose_hints,symm,5,0.017931,4,MEDIUM,DOUBLE
exo,choose_hints,syr2k,1,0.000404,4,MEDIUM,DOUBLE
exo,choose_hints,syr2k,2,0.000391,4,MEDIUM,DOUBLE
exo,choose_hints,syr2k,3,0.000413,4,MEDIUM,DOUBLE
exo,choose_hints,syr2k,4,0.000393,4,MEDIUM,DOUBLE
exo,choose_hints,syr2k,5,0.000411,4,MEDIUM,DOUBLE
exo,choose_hints,syrk,1,0.000230,4,MEDIUM,DOUBLE
exo,choose_hints,syrk,2,0.000214,4,MEDIUM,DOUBLE
exo,choose_hints,syrk,3,0.000205,4,MEDIUM,DOUBLE
exo,choose_hints,syrk,4,0.000216,4,MEDIUM,DOUBLE
exo,choose_hints,syrk,5,0.000214,4,MEDIUM,DOUBLE
exo,choose_hints,trmm,1,0.001681,4,MEDIUM,DOUBLE
exo,choose_hints,trmm,2,0.001683,4,MEDIUM,DOUBLE
exo,choose_hints,trmm,3,0.001691,4,MEDIUM,DOUBLE
exo,choose_hints,trmm,4,0.001690,4,MEDIUM,DOUBLE
exo,choose_hints,trmm,5,0.001701,4,MEDIUM,DOUBLE
exo,choose_hints,2mm,1,0.000461,5,MEDIUM,DOUBLE
exo,choose_hints,2mm,2,0.000452,5,MEDIUM,DOUBLE
exo,choose_hints,2mm,3,0.000407,5,MEDIUM,DOUBLE
exo,choose_hints,2mm,4,0.000434,5,MEDIUM,DOUBLE
exo,choose_hints,2mm,5,0.000436,5,MEDIUM,DOUBLE
exo,choose_hints,adi,1,0.022840,5,MEDIUM,DOUBLE
exo,choose_hints,adi,2,0.022270,5,MEDIUM,DOUBLE
exo,choose_hints,adi,3,0.022255,5,MEDIUM,DOUBLE
exo,choose_hints,adi,4,0.022513,5,MEDIUM,DOUBLE
exo,choose_hints,adi,5,0.022713,5,MEDIUM,DOUBLE
exo,choose_hints,atax,1,0.000314,5,MEDIUM,DOUBLE
exo,choose_hints,atax,2,0.000318,5,MEDIUM,DOUBLE
exo,choose_hints,atax,3,0.000318,5,MEDIUM,DOUBLE
exo,choose_hints,atax,4,0.000331,5,MEDIUM,DOUBLE
exo,choose_hints,atax,5,0.000332,5,MEDIUM,DOUBLE
exo,choose_hints,bicg,1,0.000649,5,MEDIUM,DOUBLE
exo,choose_hints,bicg,2,0.000634,5,MEDIUM,DOUBLE
exo,choose_hints,bicg,3,0.000638,5,MEDIUM,DOUBLE
exo,choose_hints,bicg,4,0.000621,5,MEDIUM,DOUBLE
exo,choose_hints,bicg,5,0.000635,5,MEDIUM,DOUBLE
exo,choose_hints,cholesky,1,0.014448,5,MEDIUM,DOUBLE
exo,choose_hints,cholesky,2,0.014444,5,MEDIUM,DOUBLE
exo,choose_hints,cholesky,3,0.014448,5,MEDIUM,DOUBLE
exo,choose_hints,cholesky,4,0.014477,5,MEDIUM,DOUBLE
exo,choose_hints,cholesky,5,0.014484,5,MEDIUM,DOUBLE
exo,choose_hints,correlation,1,0.001151,5,MEDIUM,DOUBLE
exo,choose_hints,correlation,2,0.001209,5,MEDIUM,DOUBLE
exo,choose_hints,correlation,3,0.001213,5,MEDIUM,DOUBLE
exo,choose_hints,correlation,4,0.001237,5,MEDIUM,DOUBLE
exo,choose_hints,correlation,5,0.001136,5,MEDIUM,DOUBLE
exo,choose_hints,covariance,1,0.001000,5,MEDIUM,DOUBLE
exo,choose_hints,covariance,2,0.001001,5,MEDIUM,DOUBLE
exo,choose_hints,covariance,3,0.001012,5,MEDIUM,DOUBLE
exo,choose_hints,covariance,4,0.000947,5,MEDIUM,DOUBLE
exo,choose_hints,covariance,5,0.000970,5,MEDIUM,DOUBLE
exo,choose_hints,gesummv,1,0.000060,5,MEDIUM,DOUBLE
exo,choose_hints,gesummv,2,0.000058,5,MEDIUM,DOUBLE
exo,choose_hints,gesummv,3,0.000114,5,MEDIUM,DOUBLE
exo,choose_hints,gesummv,4,0.000062,5,MEDIUM,DOUBLE
exo,choose_hints,gesummv,5,0.000061,5,MEDIUM,DOUBLE
exo,choose_hints,jacobi-1d,1,0.005254,5,MEDIUM,DOUBLE
exo,choose_hints,jacobi-1d,2,0.005117,5,MEDIUM,DOUBLE
exo,choose_hints,jacobi-1d,3,0.005081,5,MEDIUM,DOUBLE
exo,choose_hints,jacobi-1d,4,0.005228,5,MEDIUM,DOUBLE
exo,choose_hints,jacobi-1d,5,0.005080,5,MEDIUM,DOUBLE
exo,choose_hints,mvt,1,0.000202,5,MEDIUM,DOUBLE
exo,choose_hints,mvt,2,0.000209,5,MEDIUM,DOUBLE
exo,choose_hints,mvt,3,0.000202,5,MEDIUM,DOUBLE
exo,choose_hints,mvt,4,0.000204,5,MEDIUM,DOUBLE
exo,choose_hints,mvt,5,0.000206,5,MEDIUM,DOUBLE
exo,choose_hints,nussinov,1,0.012691,5,MEDIUM,DOUBLE
exo,choose_hints,nussinov,2,0.012783,5,MEDIUM,DOUBLE
exo,choose_hints,nussinov,3,0.012763,5,MEDIUM,DOUBLE
exo,choose_hints,nussinov,4,0.012668,5,MEDIUM,DOUBLE
exo,choose_hints,nussinov,5,0.012721,5,MEDIUM,DOUBLE
exo,choose_hints,syr2k,1,0.000429,5,MEDIUM,DOUBLE
exo,choose_hints,syr2k,2,0.000396,5,MEDIUM,DOUBLE
exo,choose_hints,syr2k,3,0.000424,5,MEDIUM,DOUBLE
exo,choose_hints,syr2k,4,0.000416,5,MEDIUM,DOUBLE
exo,choose_hints,syr2k,5,0.000417,5,MEDIUM,DOUBLE
exo,choose_hints,syrk,1,0.001067,5,MEDIUM,DOUBLE
exo,choose_hints,syrk,2,0.001073,5,MEDIUM,DOUBLE
exo,choose_hints,syrk,3,0.001111,5,MEDIUM,DOUBLE
exo,choose_hints,syrk,4,0.001064,5,MEDIUM,DOUBLE
exo,choose_hints,syrk,5,0.001066,5,MEDIUM,DOUBLE
exo,choose_hints,trisolv,1,0.000133,5,MEDIUM,DOUBLE
exo,choose_hints,trisolv,2,0.000127,5,MEDIUM,DOUBLE
exo,choose_hints,trisolv,3,0.000126,5,MEDIUM,DOUBLE
exo,choose_hints,trisolv,4,0.000125,5,MEDIUM,DOUBLE
exo,choose_hints,trisolv,5,0.000127,5,MEDIUM,DOUBLE
