framework,version,algorithm,run,time_s,repetition,dataset_size,data_type
c,choose_hints,2mm,1,0.000068,1,SMALL,DOUBLE
c,choose_hints,2mm,2,0.000067,1,SMALL,DOUBLE
c,choose_hints,2mm,3,0.000066,1,SMALL,DOUBLE
c,choose_hints,2mm,4,0.000066,1,SMALL,DOUBLE
c,choose_hints,2mm,5,0.000069,1,SMALL,DOUBLE
c,choose_hints,3mm,1,0.000202,1,SMALL,DOUBLE
c,choose_hints,3mm,2,0.000210,1,SMALL,DOUBLE
c,choose_hints,3mm,3,0.000237,1,SMALL,DOUBLE
c,choose_hints,3mm,4,0.000224,1,SMALL,DOUBLE
c,choose_hints,3mm,5,0.000210,1,SMALL,DOUBLE
c,choose_hints,atax,1,0.000020,1,SMALL,DOUBLE
c,choose_hints,atax,2,0.000020,1,SMALL,DOUBLE
c,choose_hints,atax,3,0.000019,1,SMALL,DOUBLE
c,choose_hints,atax,4,0.000019,1,SMALL,DOUBLE
c,choose_hints,atax,5,0.000020,1,SMALL,DOUBLE
c,choose_hints,bicg,1,0.000023,1,SMALL,DOUBLE
c,choose_hints,bicg,2,0.000022,1,SMALL,DOUBLE
c,choose_hints,bicg,3,0.000021,1,SMALL,DOUBLE
c,choose_hints,bicg,4,0.000021,1,SMALL,DOUBLE
c,choose_hints,bicg,5,0.000022,1,SMALL,DOUBLE
c,choose_hints,cholesky,1,0.000350,1,SMALL,DOUBLE
c,choose_hints,cholesky,2,0.000337,1,SMALL,DOUBLE
c,choose_hints,cholesky,3,0.000351,1,SMALL,DOUBLE
c,choose_hints,cholesky,4,0.000337,1,SMALL,DOUBLE
c,choose_hints,cholesky,5,0.000375,1,SMALL,DOUBLE
c,choose_hints,correlation,1,0.000190,1,SMALL,DOUBLE
c,choose_hints,correlation,2,0.000196,1,SMALL,DOUBLE
c,choose_hints,correlation,3,0.000196,1,SMALL,DOUBLE
c,choose_hints,correlation,4,0.000195,1,SMALL,DOUBLE
c,choose_hints,correlation,5,0.000191,1,SMALL,DOUBLE
c,choose_hints,covariance,1,0.000217,1,SMALL,DOUBLE
c,choose_hints,covariance,2,0.000201,1,SMALL,DOUBLE
c,choose_hints,covariance,3,0.000200,1,SMALL,DOUBLE
c,choose_hints,covariance,4,0.000204,1,SMALL,DOUBLE
c,choose_hints,covariance,5,0.000197,1,SMALL,DOUBLE
c,choose_hints,deriche,1,0.000533,1,SMALL,DOUBLE
c,choose_hints,deriche,2,0.000548,1,SMALL,DOUBLE
c,choose_hints,deriche,3,0.000499,1,SMALL,DOUBLE
c,choose_hints,deriche,4,0.000489,1,SMALL,DOUBLE
c,choose_hints,deriche,5,0.000567,1,SMALL,DOUBLE
c,choose_hints,doitgen,1,0.000187,1,SMALL,DOUBLE
c,choose_hints,doitgen,2,0.000170,1,SMALL,DOUBLE
c,choose_hints,doitgen,3,0.000170,1,SMALL,DOUBLE
c,choose_hints,doitgen,4,0.000169,1,SMALL,DOUBLE
c,choose_hints,doitgen,5,0.000171,1,SMALL,DOUBLE
c,choose_hints,durbin,1,0.000015,1,SMALL,DOUBLE
c,choose_hints,durbin,2,0.000015,1,SMALL,DOUBLE
c,choose_hints,durbin,3,0.000015,1,SMALL,DOUBLE
c,choose_hints,durbin,4,0.000015,1,SMALL,DOUBLE
c,choose_hints,durbin,5,0.000015,1,SMALL,DOUBLE
c,choose_hints,floyd-warshall,1,0.005205,1,SMALL,DOUBLE
c,choose_hints,floyd-warshall,2,0.005156,1,SMALL,DOUBLE
c,choose_hints,floyd-warshall,3,0.005095,1,SMALL,DOUBLE
c,choose_hints,floyd-warshall,4,0.005423,1,SMALL,DOUBLE
c,choose_hints,floyd-warshall,5,0.005495,1,SMALL,DOUBLE
c,choose_hints,gemm,1,0.000143,1,SMALL,DOUBLE
c,choose_hints,gemm,2,0.000127,1,SMALL,DOUBLE
c,choose_hints,gemm,3,0.000125,1,SMALL,DOUBLE
c,choose_hints,gemm,4,0.000128,1,SMALL,DOUBLE
c,choose_hints,gemm,5,0.000125,1,SMALL,DOUBLE
c,choose_hints,gemver,1,0.000098,1,SMALL,DOUBLE
c,choose_hints,gemver,2,0.000088,1,SMALL,DOUBLE
c,choose_hints,gemver,3,0.000098,1,SMALL,DOUBLE
c,choose_hints,gemver,4,0.000105,1,SMALL,DOUBLE
c,choose_hints,gemver,5,0.000094,1,SMALL,DOUBLE
c,choose_hints,gesummv,1,0.000047,1,SMALL,DOUBLE
c,choose_hints,gesummv,2,0.000042,1,SMALL,DOUBLE
c,choose_hints,gesummv,3,0.000040,1,SMALL,DOUBLE
c,choose_hints,gesummv,4,0.000037,1,SMALL,DOUBLE
c,choose_hints,gesummv,5,0.000043,1,SMALL,DOUBLE
c,choose_hints,gramschmidt,1,0.000211,1,SMALL,DOUBLE
c,choose_hints,gramschmidt,2,0.000208,1,SMALL,DOUBLE
c,choose_hints,gramschmidt,3,0.000209,1,SMALL,DOUBLE
c,choose_hints,gramschmidt,4,0.000222,1,SMALL,DOUBLE
c,choose_hints,gramschmidt,5,0.000209,1,SMALL,DOUBLE
c,choose_hints,heat-3d,1,0.002689,1,SMALL,DOUBLE
c,choose_hints,heat-3d,2,0.002713,1,SMALL,DOUBLE
c,choose_hints,heat-3d,3,0.002691,1,SMALL,DOUBLE
c,choose_hints,heat-3d,4,0.002726,1,SMALL,DOUBLE
c,choose_hints,heat-3d,5,0.002698,1,SMALL,DOUBLE
c,choose_hints,jacobi-2d,1,0.001622,1,SMALL,DOUBLE
c,choose_hints,jacobi-2d,2,0.001667,1,SMALL,DOUBLE
c,choose_hints,jacobi-2d,3,0.001672,1,SMALL,DOUBLE
c,choose_hints,jacobi-2d,4,0.001611,1,SMALL,DOUBLE
c,choose_hints,jacobi-2d,5,0.001762,1,SMALL,DOUBLE
c,choose_hints,lu,1,0.000593,1,SMALL,DOUBLE
c,choose_hints,lu,2,0.000577,1,SMALL,DOUBLE
c,choose_hints,lu,3,0.000578,1,SMALL,DOUBLE
c,choose_hints,lu,4,0.000578,1,SMALL,DOUBLE
c,choose_hints,lu,5,0.000577,1,SMALL,DOUBLE
c,choose_hints,ludcmp,1,0.004014,1,SMALL,DOUBLE
c,choose_hints,ludcmp,2,0.004057,1,SMALL,DOUBLE
c,choose_hints,ludcmp,3,0.004058,1,SMALL,DOUBLE
c,choose_hints,ludcmp,4,0.004033,1,SMALL,DOUBLE
c,choose_hints,ludcmp,5,0.004008,1,SMALL,DOUBLE
c,choose_hints,mvt,1,0.000069,1,SMALL,DOUBLE
c,choose_hints,mvt,2,0.000067,1,SMALL,DOUBLE
c,choose_hints,mvt,3,0.000071,1,SMALL,DOUBLE
c,choose_hints,mvt,4,0.000073,1,SMALL,DOUBLE
c,choose_hints,mvt,5,0.000071,1,SMALL,DOUBLE
c,choose_hints,nussinov,1,0.001755,1,SMALL,DOUBLE
c,choose_hints,nussinov,2,0.001744,1,SMALL,DOUBLE
c,choose_hints,nussinov,3,0.001698,1,SMALL,DOUBLE
c,choose_hints,nussinov,4,0.001691,1,SMALL,DOUBLE
c,choose_hints,nussinov,5,0.001663,1,SMALL,DOUBLE
c,choose_hints,seidel-2d,1,0.005468,1,SMALL,DOUBLE
c,choose_hints,seidel-2d,2,0.005458,1,SMALL,DOUBLE
c,choose_hints,seidel-2d,3,0.005459,1,SMALL,DOUBLE
c,choose_hints,seidel-2d,4,0.005493,1,SMALL,DOUBLE
c,choose_hints,seidel-2d,5,0.005470,1,SMALL,DOUBLE
c,choose_hints,symm,1,0.000124,1,SMALL,DOUBLE
c,choose_hints,symm,2,0.000123,1,SMALL,DOUBLE
c,choose_hints,symm,3,0.000122,1,SMALL,DOUBLE
c,choose_hints,symm,4,0.000123,1,SMALL,DOUBLE
c,choose_hints,symm,5,0.000122,1,SMALL,DOUBLE
c,choose_hints,syrk,1,0.000256,1,SMALL,DOUBLE
c,choose_hints,syrk,2,0.000261,1,SMALL,DOUBLE
c,choose_hints,syrk,3,0.000253,1,SMALL,DOUBLE
c,choose_hints,syrk,4,0.000263,1,SMALL,DOUBLE
c,choose_hints,syrk,5,0.000253,1,SMALL,DOUBLE
c,choose_hints,trisolv,1,0.000016,1,SMALL,DOUBLE
c,choose_hints,trisolv,2,0.000014,1,SMALL,DOUBLE
c,choose_hints,trisolv,3,0.000014,1,SMALL,DOUBLE
c,choose_hints,trisolv,4,0.000015,1,SMALL,DOUBLE
c,choose_hints,trisolv,5,0.000014,1,SMALL,DOUBLE
c,choose_hints,trmm,1,0.000049,1,SMALL,DOUBLE
c,choose_hints,trmm,2,0.000049,1,SMALL,DOUBLE
c,choose_hints,trmm,3,0.000048,1,SMALL,DOUBLE
c,choose_hints,trmm,4,0.000050,1,SMALL,DOUBLE
c,choose_hints,trmm,5,0.000049,1,SMALL,DOUBLE
c,choose_hints,2mm,1,0.000195,2,SMALL,DOUBLE
c,choose_hints,2mm,2,0.000219,2,SMALL,DOUBLE
c,choose_hints,2mm,3,0.000192,2,SMALL,DOUBLE
c,choose_hints,2mm,4,0.000191,2,SMALL,DOUBLE
c,choose_hints,2mm,5,0.000197,2,SMALL,DOUBLE
c,choose_hints,3mm,1,0.000241,2,SMALL,DOUBLE
c,choose_hints,3mm,2,0.000198,2,SMALL,DOUBLE
c,choose_hints,3mm,3,0.000202,2,SMALL,DOUBLE
c,choose_hints,3mm,4,0.000228,2,SMALL,DOUBLE
c,choose_hints,3mm,5,0.000231,2,SMALL,DOUBLE
c,choose_hints,adi,1,0.003830,2,SMALL,DOUBLE
c,choose_hints,adi,2,0.004105,2,SMALL,DOUBLE
c,choose_hints,adi,3,0.003813,2,SMALL,DOUBLE
c,choose_hints,adi,4,0.004289,2,SMALL,DOUBLE
c,choose_hints,adi,5,0.004150,2,SMALL,DOUBLE
c,choose_hints,atax,1,0.000026,2,SMALL,DOUBLE
c,choose_hints,atax,2,0.000026,2,SMALL,DOUBLE
c,choose_hints,atax,3,0.000024,2,SMALL,DOUBLE
c,choose_hints,atax,4,0.000024,2,SMALL,DOUBLE
c,choose_hints,atax,5,0.000024,2,SMALL,DOUBLE
c,choose_hints,bicg,1,0.000121,2,SMALL,DOUBLE
c,choose_hints,bicg,2,0.000118,2,SMALL,DOUBLE
c,choose_hints,bicg,3,0.000123,2,SMALL,DOUBLE
c,choose_hints,bicg,4,0.000120,2,SMALL,DOUBLE
c,choose_hints,bicg,5,0.000128,2,SMALL,DOUBLE
c,choose_hints,correlation,1,0.000224,2,SMALL,DOUBLE
c,choose_hints,correlation,2,0.000231,2,SMALL,DOUBLE
c,choose_hints,correlation,3,0.000242,2,SMALL,DOUBLE
c,choose_hints,correlation,4,0.000229,2,SMALL,DOUBLE
c,choose_hints,correlation,5,0.000260,2,SMALL,DOUBLE
c,choose_hints,covariance,1,0.000211,2,SMALL,DOUBLE
c,choose_hints,covariance,2,0.000136,2,SMALL,DOUBLE
c,choose_hints,covariance,3,0.000144,2,SMALL,DOUBLE
c,choose_hints,covariance,4,0.000143,2,SMALL,DOUBLE
c,choose_hints,covariance,5,0.000138,2,SMALL,DOUBLE
c,choose_hints,deriche,1,0.000433,2,SMALL,DOUBLE
c,choose_hints,deriche,2,0.000419,2,SMALL,DOUBLE
c,choose_hints,deriche,3,0.000396,2,SMALL,DOUBLE
c,choose_hints,deriche,4,0.000417,2,SMALL,DOUBLE
c,choose_hints,deriche,5,0.000377,2,SMALL,DOUBLE
c,choose_hints,doitgen,1,0.000088,2,SMALL,DOUBLE
c,choose_hints,doitgen,2,0.000088,2,SMALL,DOUBLE
c,choose_hints,doitgen,3,0.000094,2,SMALL,DOUBLE
c,choose_hints,doitgen,4,0.000086,2,SMALL,DOUBLE
c,choose_hints,doitgen,5,0.000072,2,SMALL,DOUBLE
c,choose_hints,durbin,1,0.000019,2,SMALL,DOUBLE
c,choose_hints,durbin,2,0.000018,2,SMALL,DOUBLE
c,choose_hints,durbin,3,0.000018,2,SMALL,DOUBLE
c,choose_hints,durbin,4,0.000018,2,SMALL,DOUBLE
c,choose_hints,durbin,5,0.000018,2,SMALL,DOUBLE
c,choose_hints,fdtd-2d,1,0.002065,2,SMALL,DOUBLE
c,choose_hints,fdtd-2d,2,0.002116,2,SMALL,DOUBLE
c,choose_hints,fdtd-2d,3,0.002035,2,SMALL,DOUBLE
c,choose_hints,fdtd-2d,4,0.002033,2,SMALL,DOUBLE
c,choose_hints,fdtd-2d,5,0.002158,2,SMALL,DOUBLE
c,choose_hints,floyd-warshall,1,0.002649,2,SMALL,DOUBLE
c,choose_hints,floyd-warshall,2,0.002674,2,SMALL,DOUBLE
c,choose_hints,floyd-warshall,3,0.002650,2,SMALL,DOUBLE
c,choose_hints,floyd-warshall,4,0.002694,2,SMALL,DOUBLE
c,choose_hints,floyd-warshall,5,0.002657,2,SMALL,DOUBLE
c,choose_hints,gemm,1,0.000185,2,SMALL,DOUBLE
c,choose_hints,gemm,2,0.000172,2,SMALL,DOUBLE
c,choose_hints,gemm,3,0.000169,2,SMALL,DOUBLE
c,choose_hints,gemm,4,0.000169,2,SMALL,DOUBLE
c,choose_hints,gemm,5,0.000167,2,SMALL,DOUBLE
c,choose_hints,gemver,1,0.000190,2,SMALL,DOUBLE
c,choose_hints,gemver,2,0.000207,2,SMALL,DOUBLE
c,choose_hints,gemver,3,0.000194,2,SMALL,DOUBLE
c,choose_hints,gemver,4,0.000199,2,SMALL,DOUBLE
c,choose_hints,gemver,5,0.000175,2,SMALL,DOUBLE
c,choose_hints,gesummv,1,0.000044,2,SMALL,DOUBLE
c,choose_hints,gesummv,2,0.000045,2,SMALL,DOUBLE
c,choose_hints,gesummv,3,0.000044,2,SMALL,DOUBLE
c,choose_hints,gesummv,4,0.000042,2,SMALL,DOUBLE
c,choose_hints,gesummv,5,0.000043,2,SMALL,DOUBLE
c,choose_hints,heat-3d,1,0.003255,2,SMALL,DOUBLE
c,choose_hints,heat-3d,2,0.003196,2,SMALL,DOUBLE
c,choose_hints,heat-3d,3,0.003452,2,SMALL,DOUBLE
c,choose_hints,heat-3d,4,0.003344,2,SMALL,DOUBLE
c,choose_hints,heat-3d,5,0.003280,2,SMALL,DOUBLE
c,choose_hints,jacobi-1d,1,0.000746,2,SMALL,DOUBLE
c,choose_hints,jacobi-1d,2,0.000744,2,SMALL,DOUBLE
c,choose_hints,jacobi-1d,3,0.000735,2,SMALL,DOUBLE
c,choose_hints,jacobi-1d,4,0.000661,2,SMALL,DOUBLE
c,choose_hints,jacobi-1d,5,0.000668,2,SMALL,DOUBLE
c,choose_hints,jacobi-2d,1,0.001570,2,SMALL,DOUBLE
c,choose_hints,jacobi-2d,2,0.001722,2,SMALL,DOUBLE
c,choose_hints,jacobi-2d,3,0.001637,2,SMALL,DOUBLE
c,choose_hints,jacobi-2d,4,0.001788,2,SMALL,DOUBLE
c,choose_hints,jacobi-2d,5,0.001606,2,SMALL,DOUBLE
c,choose_hints,lu,1,0.000556,2,SMALL,DOUBLE
c,choose_hints,lu,2,0.000540,2,SMALL,DOUBLE
c,choose_hints,lu,3,0.000556,2,SMALL,DOUBLE
c,choose_hints,lu,4,0.000541,2,SMALL,DOUBLE
c,choose_hints,lu,5,0.000554,2,SMALL,DOUBLE
c,choose_hints,ludcmp,1,0.004390,2,SMALL,DOUBLE
c,choose_hints,ludcmp,2,0.004339,2,SMALL,DOUBLE
c,choose_hints,ludcmp,3,0.004274,2,SMALL,DOUBLE
c,choose_hints,ludcmp,4,0.004438,2,SMALL,DOUBLE
c,choose_hints,ludcmp,5,0.004390,2,SMALL,DOUBLE
c,choose_hints,mvt,1,0.000140,2,SMALL,DOUBLE
c,choose_hints,mvt,2,0.000125,2,SMALL,DOUBLE
c,choose_hints,mvt,3,0.000122,2,SMALL,DOUBLE
c,choose_hints,mvt,4,0.000151,2,SMALL,DOUBLE
c,choose_hints,mvt,5,0.000147,2,SMALL,DOUBLE
c,choose_hints,nussinov,1,0.004204,2,SMALL,DOUBLE
c,choose_hints,nussinov,2,0.004219,2,SMALL,DOUBLE
c,choose_hints,nussinov,3,0.004171,2,SMALL,DOUBLE
c,choose_hints,nussinov,4,0.004125,2,SMALL,DOUBLE
c,choose_hints,nussinov,5,0.004072,2,SMALL,DOUBLE
c,choose_hints,seidel-2d,1,0.007616,2,SMALL,DOUBLE
c,choose_hints,seidel-2d,2,0.007644,2,SMALL,DOUBLE
c,choose_hints,seidel-2d,3,0.007665,2,SMALL,DOUBLE
c,choose_hints,seidel-2d,4,0.007630,2,SMALL,DOUBLE
c,choose_hints,seidel-2d,5,0.007635,2,SMALL,DOUBLE
c,choose_hints,symm,1,0.000153,2,SMALL,DOUBLE
c,choose_hints,symm,2,0.000141,2,SMALL,DOUBLE
c,choose_hints,symm,3,0.000154,2,SMALL,DOUBLE
c,choose_hints,symm,4,0.000166,2,SMALL,DOUBLE
c,choose_hints,symm,5,0.000142,2,SMALL,DOUBLE
c,choose_hints,syr2k,1,0.000046,2,SMALL,DOUBLE
c,choose_hints,syr2k,2,0.000046,2,SMALL,DOUBLE
c,choose_hints,syr2k,3,0.000048,2,SMALL,DOUBLE
c,choose_hints,syr2k,4,0.000045,2,SMALL,DOUBLE
c,choose_hints,syr2k,5,0.000047,2,SMALL,DOUBLE
c,choose_hints,syrk,1,0.000049,2,SMALL,DOUBLE
c,choose_hints,syrk,2,0.000040,2,SMALL,DOUBLE
c,choose_hints,syrk,3,0.000041,2,SMALL,DOUBLE
c,choose_hints,syrk,4,0.000038,2,SMALL,DOUBLE
c,choose_hints,syrk,5,0.000043,2,SMALL,DOUBLE
c,choose_hints,trmm,1,0.000049,2,SMALL,DOUBLE
c,choose_hints,trmm,2,0.000049,2,SMALL,DOUBLE
c,choose_hints,trmm,3,0.000049,2,SMALL,DOUBLE
c,choose_hints,trmm,4,0.000049,2,SMALL,DOUBLE
c,choose_hints,trmm,5,0.000049,2,SMALL,DOUBLE
c,choose_hints,2mm,1,0.000200,3,SMALL,DOUBLE
c,choose_hints,2mm,2,0.000179,3,SMALL,DOUBLE
c,choose_hints,2mm,3,0.000202,3,SMALL,DOUBLE
c,choose_hints,2mm,4,0.000192,3,SMALL,DOUBLE
c,choose_hints,2mm,5,0.000186,3,SMALL,DOUBLE
c,choose_hints,3mm,1,0.000209,3,SMALL,DOUBLE
c,choose_hints,3mm,2,0.000195,3,SMALL,DOUBLE
c,choose_hints,3mm,3,0.000188,3,SMALL,DOUBLE
c,choose_hints,3mm,4,0.000238,3,SMALL,DOUBLE
c,choose_hints,3mm,5,0.000198,3,SMALL,DOUBLE
c,choose_hints,adi,1,0.002767,3,SMALL,DOUBLE
c,choose_hints,adi,2,0.002780,3,SMALL,DOUBLE
c,choose_hints,adi,3,0.002782,3,SMALL,DOUBLE
c,choose_hints,adi,4,0.002768,3,SMALL,DOUBLE
c,choose_hints,adi,5,0.002771,3,SMALL,DOUBLE
c,choose_hints,atax,1,0.000077,3,SMALL,DOUBLE
c,choose_hints,atax,2,0.000082,3,SMALL,DOUBLE
c,choose_hints,atax,3,0.000076,3,SMALL,DOUBLE
c,choose_hints,atax,4,0.000087,3,SMALL,DOUBLE
c,choose_hints,atax,5,0.000077,3,SMALL,DOUBLE
c,choose_hints,bicg,1,0.000128,3,SMALL,DOUBLE
c,choose_hints,bicg,2,0.000138,3,SMALL,DOUBLE
c,choose_hints,bicg,3,0.000120,3,SMALL,DOUBLE
c,choose_hints,bicg,4,0.000131,3,SMALL,DOUBLE
c,choose_hints,bicg,5,0.000118,3,SMALL,DOUBLE
c,choose_hints,cholesky,1,0.000332,3,SMALL,DOUBLE
c,choose_hints,cholesky,2,0.000333,3,SMALL,DOUBLE
c,choose_hints,cholesky,3,0.000343,3,SMALL,DOUBLE
c,choose_hints,cholesky,4,0.000332,3,SMALL,DOUBLE
c,choose_hints,cholesky,5,0.000331,3,SMALL,DOUBLE
c,choose_hints,correlation,1,0.000154,3,SMALL,DOUBLE
c,choose_hints,correlation,2,0.000143,3,SMALL,DOUBLE
c,choose_hints,correlation,3,0.000134,3,SMALL,DOUBLE
c,choose_hints,correlation,4,0.000132,3,SMALL,DOUBLE
c,choose_hints,correlation,5,0.000147,3,SMALL,DOUBLE
c,choose_hints,covariance,1,0.000197,3,SMALL,DOUBLE
c,choose_hints,covariance,2,0.000195,3,SMALL,DOUBLE
c,choose_hints,covariance,3,0.000193,3,SMALL,DOUBLE
c,choose_hints,covariance,4,0.000195,3,SMALL,DOUBLE
c,choose_hints,covariance,5,0.000195,3,SMALL,DOUBLE
c,choose_hints,deriche,1,0.000453,3,SMALL,DOUBLE
c,choose_hints,deriche,2,0.000475,3,SMALL,DOUBLE
c,choose_hints,deriche,3,0.000488,3,SMALL,DOUBLE
c,choose_hints,deriche,4,0.000409,3,SMALL,DOUBLE
c,choose_hints,deriche,5,0.000457,3,SMALL,DOUBLE
c,choose_hints,doitgen,1,0.000084,3,SMALL,DOUBLE
c,choose_hints,doitgen,2,0.000071,3,SMALL,DOUBLE
c,choose_hints,doitgen,3,0.000074,3,SMALL,DOUBLE
c,choose_hints,doitgen,4,0.000136,3,SMALL,DOUBLE
c,choose_hints,doitgen,5,0.000069,3,SMALL,DOUBLE
c,choose_hints,durbin,1,0.000018,3,SMALL,DOUBLE
c,choose_hints,durbin,2,0.000019,3,SMALL,DOUBLE
c,choose_hints,durbin,3,0.000018,3,SMALL,DOUBLE
c,choose_hints,durbin,4,0.000018,3,SMALL,DOUBLE
c,choose_hints,durbin,5,0.000037,3,SMALL,DOUBLE
c,choose_hints,fdtd-2d,1,0.002062,3,SMALL,DOUBLE
c,choose_hints,fdtd-2d,2,0.002042,3,SMALL,DOUBLE
c,choose_hints,fdtd-2d,3,0.002062,3,SMALL,DOUBLE
c,choose_hints,fdtd-2d,4,0.002045,3,SMALL,DOUBLE
c,choose_hints,fdtd-2d,5,0.002044,3,SMALL,DOUBLE
c,choose_hints,floyd-warshall,1,0.009853,3,SMALL,DOUBLE
c,choose_hints,floyd-warshall,2,0.010000,3,SMALL,DOUBLE
c,choose_hints,floyd-warshall,3,0.009425,3,SMALL,DOUBLE
c,choose_hints,floyd-warshall,4,0.009681,3,SMALL,DOUBLE
c,choose_hints,floyd-warshall,5,0.009395,3,SMALL,DOUBLE
c,choose_hints,gemm,1,0.000383,3,SMALL,DOUBLE
c,choose_hints,gemm,2,0.000384,3,SMALL,DOUBLE
c,choose_hints,gemm,3,0.000388,3,SMALL,DOUBLE
c,choose_hints,gemm,4,0.000392,3,SMALL,DOUBLE
c,choose_hints,gemm,5,0.000400,3,SMALL,DOUBLE
c,choose_hints,gemver,1,0.000130,3,SMALL,DOUBLE
c,choose_hints,gemver,2,0.000154,3,SMALL,DOUBLE
c,choose_hints,gemver,3,0.000134,3,SMALL,DOUBLE
c,choose_hints,gemver,4,0.000132,3,SMALL,DOUBLE
c,choose_hints,gemver,5,0.000129,3,SMALL,DOUBLE
c,choose_hints,gesummv,1,0.000047,3,SMALL,DOUBLE
c,choose_hints,gesummv,2,0.000042,3,SMALL,DOUBLE
c,choose_hints,gesummv,3,0.000039,3,SMALL,DOUBLE
c,choose_hints,gesummv,4,0.000042,3,SMALL,DOUBLE
c,choose_hints,gesummv,5,0.000040,3,SMALL,DOUBLE
c,choose_hints,heat-3d,1,0.003259,3,SMALL,DOUBLE
c,choose_hints,heat-3d,2,0.003198,3,SMALL,DOUBLE
c,choose_hints,heat-3d,3,0.003298,3,SMALL,DOUBLE
c,choose_hints,heat-3d,4,0.003347,3,SMALL,DOUBLE
c,choose_hints,heat-3d,5,0.003254,3,SMALL,DOUBLE
c,choose_hints,jacobi-1d,1,0.000659,3,SMALL,DOUBLE
c,choose_hints,jacobi-1d,2,0.000702,3,SMALL,DOUBLE
c,choose_hints,jacobi-1d,3,0.000733,3,SMALL,DOUBLE
c,choose_hints,jacobi-1d,4,0.000703,3,SMALL,DOUBLE
c,choose_hints,jacobi-1d,5,0.000677,3,SMALL,DOUBLE
c,choose_hints,jacobi-2d,1,0.001538,3,SMALL,DOUBLE
c,choose_hints,jacobi-2d,2,0.001543,3,SMALL,DOUBLE
c,choose_hints,jacobi-2d,3,0.001637,3,SMALL,DOUBLE
c,choose_hints,jacobi-2d,4,0.001518,3,SMALL,DOUBLE
c,choose_hints,jacobi-2d,5,0.001374,3,SMALL,DOUBLE
c,choose_hints,lu,1,0.000555,3,SMALL,DOUBLE
c,choose_hints,lu,2,0.000563,3,SMALL,DOUBLE
c,choose_hints,lu,3,0.000577,3,SMALL,DOUBLE
c,choose_hints,lu,4,0.000562,3,SMALL,DOUBLE
c,choose_hints,lu,5,0.000572,3,SMALL,DOUBLE
c,choose_hints,ludcmp,1,0.000536,3,SMALL,DOUBLE
c,choose_hints,ludcmp,2,0.000522,3,SMALL,DOUBLE
c,choose_hints,ludcmp,3,0.000524,3,SMALL,DOUBLE
c,choose_hints,ludcmp,4,0.000524,3,SMALL,DOUBLE
c,choose_hints,ludcmp,5,0.000535,3,SMALL,DOUBLE
c,choose_hints,mvt,1,0.000040,3,SMALL,DOUBLE
c,choose_hints,mvt,2,0.000037,3,SMALL,DOUBLE
c,choose_hints,mvt,3,0.000037,3,SMALL,DOUBLE
c,choose_hints,mvt,4,0.000039,3,SMALL,DOUBLE
c,choose_hints,mvt,5,0.000037,3,SMALL,DOUBLE
c,choose_hints,seidel-2d,1,0.004016,3,SMALL,DOUBLE
c,choose_hints,seidel-2d,2,0.004053,3,SMALL,DOUBLE
c,choose_hints,seidel-2d,3,0.004025,3,SMALL,DOUBLE
c,choose_hints,seidel-2d,4,0.004020,3,SMALL,DOUBLE
c,choose_hints,seidel-2d,5,0.004028,3,SMALL,DOUBLE
c,choose_hints,symm,1,0.000192,3,SMALL,DOUBLE
c,choose_hints,symm,2,0.000185,3,SMALL,DOUBLE
c,choose_hints,symm,3,0.000189,3,SMALL,DOUBLE
c,choose_hints,symm,4,0.000192,3,SMALL,DOUBLE
c,choose_hints,symm,5,0.000192,3,SMALL,DOUBLE
c,choose_hints,syr2k,1,0.000044,3,SMALL,DOUBLE
c,choose_hints,syr2k,2,0.000047,3,SMALL,DOUBLE
c,choose_hints,syr2k,3,0.000048,3,SMALL,DOUBLE
c,choose_hints,syr2k,4,0.000047,3,SMALL,DOUBLE
c,choose_hints,syr2k,5,0.000049,3,SMALL,DOUBLE
c,choose_hints,syrk,1,0.000039,3,SMALL,DOUBLE
c,choose_hints,syrk,2,0.000038,3,SMALL,DOUBLE
c,choose_hints,syrk,3,0.000039,3,SMALL,DOUBLE
c,choose_hints,syrk,4,0.000034,3,SMALL,DOUBLE
c,choose_hints,syrk,5,0.000040,3,SMALL,DOUBLE
c,choose_hints,trisolv,1,0.000014,3,SMALL,DOUBLE
c,choose_hints,trisolv,2,0.000013,3,SMALL,DOUBLE
c,choose_hints,trisolv,3,0.000013,3,SMALL,DOUBLE
c,choose_hints,trisolv,4,0.000013,3,SMALL,DOUBLE
c,choose_hints,trisolv,5,0.000013,3,SMALL,DOUBLE
c,choose_hints,trmm,1,0.000050,3,SMALL,DOUBLE
c,choose_hints,trmm,2,0.000049,3,SMALL,DOUBLE
c,choose_hints,trmm,3,0.000050,3,SMALL,DOUBLE
c,choose_hints,trmm,4,0.000048,3,SMALL,DOUBLE
c,choose_hints,trmm,5,0.000049,3,SMALL,DOUBLE
c,choose_hints,2mm,1,0.000120,4,SMALL,DOUBLE
c,choose_hints,2mm,2,0.000119,4,SMALL,DOUBLE
c,choose_hints,2mm,3,0.000117,4,SMALL,DOUBLE
c,choose_hints,2mm,4,0.000134,4,SMALL,DOUBLE
c,choose_hints,2mm,5,0.000127,4,SMALL,DOUBLE
c,choose_hints,3mm,1,0.000378,4,SMALL,DOUBLE
c,choose_hints,3mm,2,0.000367,4,SMALL,DOUBLE
c,choose_hints,3mm,3,0.000338,4,SMALL,DOUBLE
c,choose_hints,3mm,4,0.000330,4,SMALL,DOUBLE
c,choose_hints,3mm,5,0.000330,4,SMALL,DOUBLE
c,choose_hints,adi,1,0.004059,4,SMALL,DOUBLE
c,choose_hints,adi,2,0.004006,4,SMALL,DOUBLE
c,choose_hints,adi,3,0.004015,4,SMALL,DOUBLE
c,choose_hints,adi,4,0.004298,4,SMALL,DOUBLE
c,choose_hints,adi,5,0.003966,4,SMALL,DOUBLE
c,choose_hints,atax,1,0.000196,4,SMALL,DOUBLE
c,choose_hints,atax,2,0.000176,4,SMALL,DOUBLE
c,choose_hints,atax,3,0.000178,4,SMALL,DOUBLE
c,choose_hints,atax,4,0.000165,4,SMALL,DOUBLE
c,choose_hints,atax,5,0.000170,4,SMALL,DOUBLE
c,choose_hints,bicg,1,0.000023,4,SMALL,DOUBLE
c,choose_hints,bicg,2,0.000023,4,SMALL,DOUBLE
c,choose_hints,bicg,3,0.000022,4,SMALL,DOUBLE
c,choose_hints,bicg,4,0.000022,4,SMALL,DOUBLE
c,choose_hints,bicg,5,0.000022,4,SMALL,DOUBLE
c,choose_hints,covariance,1,0.000189,4,SMALL,DOUBLE
c,choose_hints,covariance,2,0.000190,4,SMALL,DOUBLE
c,choose_hints,covariance,3,0.000188,4,SMALL,DOUBLE
c,choose_hints,covariance,4,0.000188,4,SMALL,DOUBLE
c,choose_hints,covariance,5,0.000183,4,SMALL,DOUBLE
c,choose_hints,deriche,1,0.000468,4,SMALL,DOUBLE
c,choose_hints,deriche,2,0.000480,4,SMALL,DOUBLE
c,choose_hints,deriche,3,0.000413,4,SMALL,DOUBLE
c,choose_hints,deriche,4,0.000442,4,SMALL,DOUBLE
c,choose_hints,deriche,5,0.000387,4,SMALL,DOUBLE
c,choose_hints,doitgen,1,0.000073,4,SMALL,DOUBLE
c,choose_hints,doitgen,2,0.000082,4,SMALL,DOUBLE
c,choose_hints,doitgen,3,0.000079,4,SMALL,DOUBLE
c,choose_hints,doitgen,4,0.000116,4,SMALL,DOUBLE
c,choose_hints,doitgen,5,0.000079,4,SMALL,DOUBLE
c,choose_hints,durbin,1,0.000016,4,SMALL,DOUBLE
c,choose_hints,durbin,2,0.000014,4,SMALL,DOUBLE
c,choose_hints,durbin,3,0.000015,4,SMALL,DOUBLE
c,choose_hints,durbin,4,0.000015,4,SMALL,DOUBLE
c,choose_hints,durbin,5,0.000015,4,SMALL,DOUBLE
c,choose_hints,floyd-warshall,1,0.005299,4,SMALL,DOUBLE
c,choose_hints,floyd-warshall,2,0.005130,4,SMALL,DOUBLE
c,choose_hints,floyd-warshall,3,0.005236,4,SMALL,DOUBLE
c,choose_hints,floyd-warshall,4,0.005187,4,SMALL,DOUBLE
c,choose_hints,floyd-warshall,5,0.005146,4,SMALL,DOUBLE
c,choose_hints,gemm,1,0.000119,4,SMALL,DOUBLE
c,choose_hints,gemm,2,0.000118,4,SMALL,DOUBLE
c,choose_hints,gemm,3,0.000115,4,SMALL,DOUBLE
c,choose_hints,gemm,4,0.000119,4,SMALL,DOUBLE
c,choose_hints,gemm,5,0.000115,4,SMALL,DOUBLE
c,choose_hints,gemver,1,0.000093,4,SMALL,DOUBLE
c,choose_hints,gemver,2,0.000093,4,SMALL,DOUBLE
c,choose_hints,gemver,3,0.000099,4,SMALL,DOUBLE
c,choose_hints,gemver,4,0.000098,4,SMALL,DOUBLE
c,choose_hints,gemver,5,0.000100,4,SMALL,DOUBLE
c,choose_hints,gesummv,1,0.000022,4,SMALL,DOUBLE
c,choose_hints,gesummv,2,0.000021,4,SMALL,DOUBLE
c,choose_hints,gesummv,3,0.000022,4,SMALL,DOUBLE
c,choose_hints,gesummv,4,0.000022,4,SMALL,DOUBLE
c,choose_hints,gesummv,5,0.000020,4,SMALL,DOUBLE
c,choose_hints,gramschmidt,1,0.000201,4,SMALL,DOUBLE
c,choose_hints,gramschmidt,2,0.000208,4,SMALL,DOUBLE
c,choose_hints,gramschmidt,3,0.000196,4,SMALL,DOUBLE
c,choose_hints,gramschmidt,4,0.000196,4,SMALL,DOUBLE
c,choose_hints,gramschmidt,5,0.000196,4,SMALL,DOUBLE
c,choose_hints,heat-3d,1,0.001268,4,SMALL,DOUBLE
c,choose_hints,heat-3d,2,0.001262,4,SMALL,DOUBLE
c,choose_hints,heat-3d,3,0.001303,4,SMALL,DOUBLE
c,choose_hints,heat-3d,4,0.001256,4,SMALL,DOUBLE
c,choose_hints,heat-3d,5,0.001276,4,SMALL,DOUBLE
c,choose_hints,jacobi-1d,1,0.000681,4,SMALL,DOUBLE
c,choose_hints,jacobi-1d,2,0.000687,4,SMALL,DOUBLE
c,choose_hints,jacobi-1d,3,0.000716,4,SMALL,DOUBLE
c,choose_hints,jacobi-1d,4,0.000676,4,SMALL,DOUBLE
c,choose_hints,jacobi-1d,5,0.000723,4,SMALL,DOUBLE
c,choose_hints,jacobi-2d,1,0.001443,4,SMALL,DOUBLE
c,choose_hints,jacobi-2d,2,0.001437,4,SMALL,DOUBLE
c,choose_hints,jacobi-2d,3,0.001683,4,SMALL,DOUBLE
c,choose_hints,jacobi-2d,4,0.001548,4,SMALL,DOUBLE
c,choose_hints,jacobi-2d,5,0.001586,4,SMALL,DOUBLE
c,choose_hints,lu,1,0.000554,4,SMALL,DOUBLE
c,choose_hints,lu,2,0.000542,4,SMALL,DOUBLE
c,choose_hints,lu,3,0.000541,4,SMALL,DOUBLE
c,choose_hints,lu,4,0.000540,4,SMALL,DOUBLE
c,choose_hints,lu,5,0.000553,4,SMALL,DOUBLE
c,choose_hints,ludcmp,1,0.004168,4,SMALL,DOUBLE
c,choose_hints,ludcmp,2,0.003980,4,SMALL,DOUBLE
c,choose_hints,ludcmp,3,0.003938,4,SMALL,DOUBLE
c,choose_hints,ludcmp,4,0.004024,4,SMALL,DOUBLE
c,choose_hints,ludcmp,5,0.004169,4,SMALL,DOUBLE
c,choose_hints,nussinov,1,0.004213,4,SMALL,DOUBLE
c,choose_hints,nussinov,2,0.004235,4,SMALL,DOUBLE
c,choose_hints,nussinov,3,0.004141,4,SMALL,DOUBLE
c,choose_hints,nussinov,4,0.004213,4,SMALL,DOUBLE
c,choose_hints,nussinov,5,0.004252,4,SMALL,DOUBLE
c,choose_hints,seidel-2d,1,0.007447,4,SMALL,DOUBLE
c,choose_hints,seidel-2d,2,0.007383,4,SMALL,DOUBLE
c,choose_hints,seidel-2d,3,0.007397,4,SMALL,DOUBLE
c,choose_hints,seidel-2d,4,0.007390,4,SMALL,DOUBLE
c,choose_hints,seidel-2d,5,0.007473,4,SMALL,DOUBLE
c,choose_hints,symm,1,0.000127,4,SMALL,DOUBLE
c,choose_hints,symm,2,0.000130,4,SMALL,DOUBLE
c,choose_hints,symm,3,0.000126,4,SMALL,DOUBLE
c,choose_hints,symm,4,0.000136,4,SMALL,DOUBLE
c,choose_hints,symm,5,0.000129,4,SMALL,DOUBLE
c,choose_hints,syr2k,1,0.000048,4,SMALL,DOUBLE
c,choose_hints,syr2k,2,0.000048,4,SMALL,DOUBLE
c,choose_hints,syr2k,3,0.000052,4,SMALL,DOUBLE
c,choose_hints,syr2k,4,0.000050,4,SMALL,DOUBLE
c,choose_hints,syr2k,5,0.000046,4,SMALL,DOUBLE
c,choose_hints,syrk,1,0.000052,4,SMALL,DOUBLE
c,choose_hints,syrk,2,0.000049,4,SMALL,DOUBLE
c,choose_hints,syrk,3,0.000045,4,SMALL,DOUBLE
c,choose_hints,syrk,4,0.000051,4,SMALL,DOUBLE
c,choose_hints,syrk,5,0.000049,4,SMALL,DOUBLE
c,choose_hints,trmm,1,0.000257,4,SMALL,DOUBLE
c,choose_hints,trmm,2,0.000252,4,SMALL,DOUBLE
c,choose_hints,trmm,3,0.000257,4,SMALL,DOUBLE
c,choose_hints,trmm,4,0.000265,4,SMALL,DOUBLE
c,choose_hints,trmm,5,0.000263,4,SMALL,DOUBLE
c,choose_hints,2mm,1,0.000145,5,SMALL,DOUBLE
c,choose_hints,2mm,2,0.000162,5,SMALL,DOUBLE
c,choose_hints,2mm,3,0.000145,5,SMALL,DOUBLE
c,choose_hints,2mm,4,0.000132,5,SMALL,DOUBLE
c,choose_hints,2mm,5,0.000136,5,SMALL,DOUBLE
c,choose_hints,adi,1,0.004170,5,SMALL,DOUBLE
c,choose_hints,adi,2,0.004069,5,SMALL,DOUBLE
c,choose_hints,adi,3,0.003908,5,SMALL,DOUBLE
c,choose_hints,adi,4,0.003888,5,SMALL,DOUBLE
c,choose_hints,adi,5,0.004352,5,SMALL,DOUBLE
c,choose_hints,atax,1,0.000135,5,SMALL,DOUBLE
c,choose_hints,atax,2,0.000145,5,SMALL,DOUBLE
c,choose_hints,atax,3,0.000178,5,SMALL,DOUBLE
c,choose_hints,atax,4,0.000167,5,SMALL,DOUBLE
c,choose_hints,atax,5,0.000141,5,SMALL,DOUBLE
c,choose_hints,bicg,1,0.000130,5,SMALL,DOUBLE
c,choose_hints,bicg,2,0.000118,5,SMALL,DOUBLE
c,choose_hints,bicg,3,0.000120,5,SMALL,DOUBLE
c,choose_hints,bicg,4,0.000119,5,SMALL,DOUBLE
c,choose_hints,bicg,5,0.000141,5,SMALL,DOUBLE
c,choose_hints,cholesky,1,0.000329,5,SMALL,DOUBLE
c,choose_hints,cholesky,2,0.000337,5,SMALL,DOUBLE
c,choose_hints,cholesky,3,0.000329,5,SMALL,DOUBLE
c,choose_hints,cholesky,4,0.000329,5,SMALL,DOUBLE
c,choose_hints,cholesky,5,0.000329,5,SMALL,DOUBLE
c,choose_hints,correlation,1,0.000148,5,SMALL,DOUBLE
c,choose_hints,correlation,2,0.000151,5,SMALL,DOUBLE
c,choose_hints,correlation,3,0.000169,5,SMALL,DOUBLE
c,choose_hints,correlation,4,0.000134,5,SMALL,DOUBLE
c,choose_hints,correlation,5,0.000151,5,SMALL,DOUBLE
c,choose_hints,covariance,1,0.000198,5,SMALL,DOUBLE
c,choose_hints,covariance,2,0.000200,5,SMALL,DOUBLE
c,choose_hints,covariance,3,0.000198,5,SMALL,DOUBLE
c,choose_hints,covariance,4,0.000197,5,SMALL,DOUBLE
c,choose_hints,covariance,5,0.000194,5,SMALL,DOUBLE
c,choose_hints,deriche,1,0.003726,5,SMALL,DOUBLE
c,choose_hints,deriche,2,0.003733,5,SMALL,DOUBLE
c,choose_hints,deriche,3,0.003414,5,SMALL,DOUBLE
c,choose_hints,deriche,4,0.003569,5,SMALL,DOUBLE
c,choose_hints,deriche,5,0.003583,5,SMALL,DOUBLE
c,choose_hints,doitgen,1,0.000079,5,SMALL,DOUBLE
c,choose_hints,doitgen,2,0.000069,5,SMALL,DOUBLE
c,choose_hints,doitgen,3,0.000075,5,SMALL,DOUBLE
c,choose_hints,doitgen,4,0.000092,5,SMALL,DOUBLE
c,choose_hints,doitgen,5,0.000089,5,SMALL,DOUBLE
c,choose_hints,durbin,1,0.000018,5,SMALL,DOUBLE
c,choose_hints,durbin,2,0.000018,5,SMALL,DOUBLE
c,choose_hints,durbin,3,0.000018,5,SMALL,DOUBLE
c,choose_hints,durbin,4,0.000018,5,SMALL,DOUBLE
c,choose_hints,durbin,5,0.000018,5,SMALL,DOUBLE
c,choose_hints,fdtd-2d,1,0.002082,5,SMALL,DOUBLE
c,choose_hints,fdtd-2d,2,0.002158,5,SMALL,DOUBLE
c,choose_hints,fdtd-2d,3,0.002086,5,SMALL,DOUBLE
c,choose_hints,fdtd-2d,4,0.002080,5,SMALL,DOUBLE
c,choose_hints,fdtd-2d,5,0.002120,5,SMALL,DOUBLE
c,choose_hints,floyd-warshall,1,0.001622,5,SMALL,DOUBLE
c,choose_hints,floyd-warshall,2,0.001670,5,SMALL,DOUBLE
c,choose_hints,floyd-warshall,3,0.001587,5,SMALL,DOUBLE
c,choose_hints,floyd-warshall,4,0.001649,5,SMALL,DOUBLE
c,choose_hints,floyd-warshall,5,0.001639,5,SMALL,DOUBLE
c,choose_hints,gemm,1,0.000112,5,SMALL,DOUBLE
c,choose_hints,gemm,2,0.000111,5,SMALL,DOUBLE
c,choose_hints,gemm,3,0.000118,5,SMALL,DOUBLE
c,choose_hints,gemm,4,0.000099,5,SMALL,DOUBLE
c,choose_hints,gemm,5,0.000096,5,SMALL,DOUBLE
c,choose_hints,gemver,1,0.000096,5,SMALL,DOUBLE
c,choose_hints,gemver,2,0.000096,5,SMALL,DOUBLE
c,choose_hints,gemver,3,0.000099,5,SMALL,DOUBLE
c,choose_hints,gemver,4,0.000094,5,SMALL,DOUBLE
c,choose_hints,gemver,5,0.000095,5,SMALL,DOUBLE
c,choose_hints,gesummv,1,0.000043,5,SMALL,DOUBLE
c,choose_hints,gesummv,2,0.000042,5,SMALL,DOUBLE
c,choose_hints,gesummv,3,0.000039,5,SMALL,DOUBLE
c,choose_hints,gesummv,4,0.000042,5,SMALL,DOUBLE
c,choose_hints,gesummv,5,0.000042,5,SMALL,DOUBLE
c,choose_hints,heat-3d,1,0.001754,5,SMALL,DOUBLE
c,choose_hints,heat-3d,2,0.001700,5,SMALL,DOUBLE
c,choose_hints,heat-3d,3,0.001741,5,SMALL,DOUBLE
c,choose_hints,heat-3d,4,0.001668,5,SMALL,DOUBLE
c,choose_hints,heat-3d,5,0.001730,5,SMALL,DOUBLE
c,choose_hints,jacobi-1d,1,0.000707,5,SMALL,DOUBLE
c,choose_hints,jacobi-1d,2,0.000733,5,SMALL,DOUBLE
c,choose_hints,jacobi-1d,3,0.000684,5,SMALL,DOUBLE
c,choose_hints,jacobi-1d,4,0.000672,5,SMALL,DOUBLE
c,choose_hints,jacobi-1d,5,0.000699,5,SMALL,DOUBLE
c,choose_hints,jacobi-2d,1,0.001623,5,SMALL,DOUBLE
c,choose_hints,jacobi-2d,2,0.001548,5,SMALL,DOUBLE
c,choose_hints,jacobi-2d,3,0.001724,5,SMALL,DOUBLE
c,choose_hints,jacobi-2d,4,0.001600,5,SMALL,DOUBLE
c,choose_hints,jacobi-2d,5,0.001616,5,SMALL,DOUBLE
c,choose_hints,lu,1,0.003808,5,SMALL,DOUBLE
c,choose_hints,lu,2,0.003787,5,SMALL,DOUBLE
c,choose_hints,lu,3,0.003753,5,SMALL,DOUBLE
c,choose_hints,lu,4,0.003822,5,SMALL,DOUBLE
c,choose_hints,lu,5,0.003790,5,SMALL,DOUBLE
c,choose_hints,ludcmp,1,0.003370,5,SMALL,DOUBLE
c,choose_hints,ludcmp,2,0.003413,5,SMALL,DOUBLE
c,choose_hints,ludcmp,3,0.003375,5,SMALL,DOUBLE
c,choose_hints,ludcmp,4,0.003255,5,SMALL,DOUBLE
c,choose_hints,ludcmp,5,0.003412,5,SMALL,DOUBLE
c,choose_hints,mvt,1,0.000052,5,SMALL,DOUBLE
c,choose_hints,mvt,2,0.000052,5,SMALL,DOUBLE
c,choose_hints,mvt,3,0.000050,5,SMALL,DOUBLE
c,choose_hints,mvt,4,0.000048,5,SMALL,DOUBLE
c,choose_hints,mvt,5,0.000052,5,SMALL,DOUBLE
c,choose_hints,nussinov,1,0.001730,5,SMALL,DOUBLE
c,choose_hints,nussinov,2,0.001704,5,SMALL,DOUBLE
c,choose_hints,nussinov,3,0.001921,5,SMALL,DOUBLE
c,choose_hints,nussinov,4,0.001770,5,SMALL,DOUBLE
c,choose_hints,nussinov,5,0.001790,5,SMALL,DOUBLE
c,choose_hints,seidel-2d,1,0.006070,5,SMALL,DOUBLE
c,choose_hints,seidel-2d,2,0.006063,5,SMALL,DOUBLE
c,choose_hints,seidel-2d,3,0.006065,5,SMALL,DOUBLE
c,choose_hints,seidel-2d,4,0.006056,5,SMALL,DOUBLE
c,choose_hints,seidel-2d,5,0.006067,5,SMALL,DOUBLE
c,choose_hints,symm,1,0.001459,5,SMALL,DOUBLE
c,choose_hints,symm,2,0.001443,5,SMALL,DOUBLE
c,choose_hints,symm,3,0.001508,5,SMALL,DOUBLE
c,choose_hints,symm,4,0.001480,5,SMALL,DOUBLE
c,choose_hints,symm,5,0.001438,5,SMALL,DOUBLE
c,choose_hints,syr2k,1,0.000056,5,SMALL,DOUBLE
c,choose_hints,syr2k,2,0.000052,5,SMALL,DOUBLE
c,choose_hints,syr2k,3,0.000054,5,SMALL,DOUBLE
c,choose_hints,syr2k,4,0.000045,5,SMALL,DOUBLE
c,choose_hints,syr2k,5,0.000052,5,SMALL,DOUBLE
c,choose_hints,syrk,1,0.000041,5,SMALL,DOUBLE
c,choose_hints,syrk,2,0.000040,5,SMALL,DOUBLE
c,choose_hints,syrk,3,0.000038,5,SMALL,DOUBLE
c,choose_hints,syrk,4,0.000038,5,SMALL,DOUBLE
c,choose_hints,syrk,5,0.000046,5,SMALL,DOUBLE
c,choose_hints,trmm,1,0.000049,5,SMALL,DOUBLE
c,choose_hints,trmm,2,0.000048,5,SMALL,DOUBLE
c,choose_hints,trmm,3,0.000047,5,SMALL,DOUBLE
c,choose_hints,trmm,4,0.000055,5,SMALL,DOUBLE
c,choose_hints,trmm,5,0.000046,5,SMALL,DOUBLE
noarr,choose_hints,2mm,1,0.000096,1,SMALL,DOUBLE
noarr,choose_hints,2mm,2,0.000088,1,SMALL,DOUBLE
noarr,choose_hints,2mm,3,0.000088,1,SMALL,DOUBLE
noarr,choose_hints,2mm,4,0.000088,1,SMALL,DOUBLE
noarr,choose_hints,2mm,5,0.000088,1,SMALL,DOUBLE
noarr,choose_hints,3mm,1,0.000175,1,SMALL,DOUBLE
noarr,choose_hints,3mm,2,0.000175,1,SMALL,DOUBLE
noarr,choose_hints,3mm,3,0.000175,1,SMALL,DOUBLE
noarr,choose_hints,3mm,4,0.000175,1,SMALL,DOUBLE
noarr,choose_hints,3mm,5,0.000175,1,SMALL,DOUBLE
noarr,choose_hints,adi,1,0.006638,1,SMALL,DOUBLE
noarr,choose_hints,adi,2,0.006286,1,SMALL,DOUBLE
noarr,choose_hints,adi,3,0.006223,1,SMALL,DOUBLE
noarr,choose_hints,adi,4,0.006337,1,SMALL,DOUBLE
noarr,choose_hints,adi,5,0.006486,1,SMALL,DOUBLE
noarr,choose_hints,atax,1,0.000033,1,SMALL,DOUBLE
noarr,choose_hints,atax,2,0.000042,1,SMALL,DOUBLE
noarr,choose_hints,atax,3,0.000033,1,SMALL,DOUBLE
noarr,choose_hints,atax,4,0.000022,1,SMALL,DOUBLE
noarr,choose_hints,atax,5,0.000033,1,SMALL,DOUBLE
noarr,choose_hints,bicg,1,0.000017,1,SMALL,DOUBLE
noarr,choose_hints,bicg,2,0.000017,1,SMALL,DOUBLE
noarr,choose_hints,bicg,3,0.000017,1,SMALL,DOUBLE
noarr,choose_hints,bicg,4,0.000029,1,SMALL,DOUBLE
noarr,choose_hints,bicg,5,0.000017,1,SMALL,DOUBLE
noarr,choose_hints,correlation,1,0.000466,1,SMALL,DOUBLE
noarr,choose_hints,correlation,2,0.000457,1,SMALL,DOUBLE
noarr,choose_hints,correlation,3,0.000465,1,SMALL,DOUBLE
noarr,choose_hints,correlation,4,0.000464,1,SMALL,DOUBLE
noarr,choose_hints,correlation,5,0.000472,1,SMALL,DOUBLE
noarr,choose_hints,covariance,1,0.000132,1,SMALL,DOUBLE
noarr,choose_hints,covariance,2,0.000130,1,SMALL,DOUBLE
noarr,choose_hints,covariance,3,0.000131,1,SMALL,DOUBLE
noarr,choose_hints,covariance,4,0.000140,1,SMALL,DOUBLE
noarr,choose_hints,covariance,5,0.000130,1,SMALL,DOUBLE
noarr,choose_hints,doitgen,1,0.000138,1,SMALL,DOUBLE
noarr,choose_hints,doitgen,2,0.000138,1,SMALL,DOUBLE
noarr,choose_hints,doitgen,3,0.000138,1,SMALL,DOUBLE
noarr,choose_hints,doitgen,4,0.000138,1,SMALL,DOUBLE
noarr,choose_hints,doitgen,5,0.000138,1,SMALL,DOUBLE
noarr,choose_hints,durbin,1,0.000024,1,SMALL,DOUBLE
noarr,choose_hints,durbin,2,0.000021,1,SMALL,DOUBLE
noarr,choose_hints,durbin,3,0.000021,1,SMALL,DOUBLE
noarr,choose_hints,durbin,4,0.000023,1,SMALL,DOUBLE
noarr,choose_hints,durbin,5,0.000021,1,SMALL,DOUBLE
noarr,choose_hints,fdtd-2d,1,0.002900,1,SMALL,DOUBLE
noarr,choose_hints,fdtd-2d,2,0.002801,1,SMALL,DOUBLE
noarr,choose_hints,fdtd-2d,3,0.002956,1,SMALL,DOUBLE
noarr,choose_hints,fdtd-2d,4,0.002842,1,SMALL,DOUBLE
noarr,choose_hints,fdtd-2d,5,0.002946,1,SMALL,DOUBLE
noarr,choose_hints,floyd-warshall,1,0.006867,1,SMALL,DOUBLE
noarr,choose_hints,floyd-warshall,2,0.006876,1,SMALL,DOUBLE
noarr,choose_hints,floyd-warshall,3,0.006876,1,SMALL,DOUBLE
noarr,choose_hints,floyd-warshall,4,0.006863,1,SMALL,DOUBLE
noarr,choose_hints,floyd-warshall,5,0.006863,1,SMALL,DOUBLE
noarr,choose_hints,gemm,1,0.000371,1,SMALL,DOUBLE
noarr,choose_hints,gemm,2,0.000378,1,SMALL,DOUBLE
noarr,choose_hints,gemm,3,0.000371,1,SMALL,DOUBLE
noarr,choose_hints,gemm,4,0.000379,1,SMALL,DOUBLE
noarr,choose_hints,gemm,5,0.000371,1,SMALL,DOUBLE
noarr,choose_hints,gemver,1,0.000041,1,SMALL,DOUBLE
noarr,choose_hints,gemver,2,0.000041,1,SMALL,DOUBLE
noarr,choose_hints,gemver,3,0.000042,1,SMALL,DOUBLE
noarr,choose_hints,gemver,4,0.000042,1,SMALL,DOUBLE
noarr,choose_hints,gemver,5,0.000042,1,SMALL,DOUBLE
noarr,choose_hints,gesummv,1,0.002416,1,SMALL,DOUBLE
noarr,choose_hints,gesummv,2,0.002294,1,SMALL,DOUBLE
noarr,choose_hints,gesummv,3,0.002266,1,SMALL,DOUBLE
noarr,choose_hints,gesummv,4,0.002281,1,SMALL,DOUBLE
noarr,choose_hints,gesummv,5,0.002322,1,SMALL,DOUBLE
noarr,choose_hints,heat-3d,1,0.000508,1,SMALL,DOUBLE
noarr,choose_hints,heat-3d,2,0.000511,1,SMALL,DOUBLE
noarr,choose_hints,heat-3d,3,0.000501,1,SMALL,DOUBLE
noarr,choose_hints,heat-3d,4,0.000500,1,SMALL,DOUBLE
noarr,choose_hints,heat-3d,5,0.000500,1,SMALL,DOUBLE
noarr,choose_hints,jacobi-1d,1,0.004455,1,SMALL,DOUBLE
noarr,choose_hints,jacobi-1d,2,0.004383,1,SMALL,DOUBLE
noarr,choose_hints,jacobi-1d,3,0.004457,1,SMALL,DOUBLE
noarr,choose_hints,jacobi-1d,4,0.004434,1,SMALL,DOUBLE
noarr,choose_hints,jacobi-1d,5,0.004444,1,SMALL,DOUBLE
noarr,choose_hints,jacobi-2d,1,0.000399,1,SMALL,DOUBLE
noarr,choose_hints,jacobi-2d,2,0.000398,1,SMALL,DOUBLE
noarr,choose_hints,jacobi-2d,3,0.000413,1,SMALL,DOUBLE
noarr,choose_hints,jacobi-2d,4,0.000399,1,SMALL,DOUBLE
noarr,choose_hints,jacobi-2d,5,0.000409,1,SMALL,DOUBLE
noarr,choose_hints,lu,1,0.000610,1,SMALL,DOUBLE
noarr,choose_hints,lu,2,0.000611,1,SMALL,DOUBLE
noarr,choose_hints,lu,3,0.000606,1,SMALL,DOUBLE
noarr,choose_hints,lu,4,0.000607,1,SMALL,DOUBLE
noarr,choose_hints,lu,5,0.000611,1,SMALL,DOUBLE
noarr,choose_hints,ludcmp,1,0.000770,1,SMALL,DOUBLE
noarr,choose_hints,ludcmp,2,0.000775,1,SMALL,DOUBLE
noarr,choose_hints,ludcmp,3,0.000771,1,SMALL,DOUBLE
noarr,choose_hints,ludcmp,4,0.000776,1,SMALL,DOUBLE
noarr,choose_hints,ludcmp,5,0.000772,1,SMALL,DOUBLE
noarr,choose_hints,mvt,1,0.000017,1,SMALL,DOUBLE
noarr,choose_hints,mvt,2,0.000017,1,SMALL,DOUBLE
noarr,choose_hints,mvt,3,0.000017,1,SMALL,DOUBLE
noarr,choose_hints,mvt,4,0.000017,1,SMALL,DOUBLE
noarr,choose_hints,mvt,5,0.000017,1,SMALL,DOUBLE
noarr,choose_hints,seidel-2d,1,0.005462,1,SMALL,DOUBLE
noarr,choose_hints,seidel-2d,2,0.005472,1,SMALL,DOUBLE
noarr,choose_hints,seidel-2d,3,0.005331,1,SMALL,DOUBLE
noarr,choose_hints,seidel-2d,4,0.005462,1,SMALL,DOUBLE
noarr,choose_hints,seidel-2d,5,0.005454,1,SMALL,DOUBLE
noarr,choose_hints,symm,1,0.000088,1,SMALL,DOUBLE
noarr,choose_hints,symm,2,0.000088,1,SMALL,DOUBLE
noarr,choose_hints,symm,3,0.000088,1,SMALL,DOUBLE
noarr,choose_hints,symm,4,0.000087,1,SMALL,DOUBLE
noarr,choose_hints,symm,5,0.000087,1,SMALL,DOUBLE
noarr,choose_hints,syr2k,1,0.000196,1,SMALL,DOUBLE
noarr,choose_hints,syr2k,2,0.000197,1,SMALL,DOUBLE
noarr,choose_hints,syr2k,3,0.000196,1,SMALL,DOUBLE
noarr,choose_hints,syr2k,4,0.000196,1,SMALL,DOUBLE
noarr,choose_hints,syr2k,5,0.000195,1,SMALL,DOUBLE
noarr,choose_hints,syrk,1,0.000098,1,SMALL,DOUBLE
noarr,choose_hints,syrk,2,0.000098,1,SMALL,DOUBLE
noarr,choose_hints,syrk,3,0.000079,1,SMALL,DOUBLE
noarr,choose_hints,syrk,4,0.000099,1,SMALL,DOUBLE
noarr,choose_hints,syrk,5,0.000098,1,SMALL,DOUBLE
noarr,choose_hints,trisolv,1,0.000008,1,SMALL,DOUBLE
noarr,choose_hints,trisolv,2,0.000008,1,SMALL,DOUBLE
noarr,choose_hints,trisolv,3,0.000008,1,SMALL,DOUBLE
noarr,choose_hints,trisolv,4,0.000008,1,SMALL,DOUBLE
noarr,choose_hints,trisolv,5,0.000008,1,SMALL,DOUBLE
noarr,choose_hints,trmm,1,0.000055,1,SMALL,DOUBLE
noarr,choose_hints,trmm,2,0.000055,1,SMALL,DOUBLE
noarr,choose_hints,trmm,3,0.000055,1,SMALL,DOUBLE
noarr,choose_hints,trmm,4,0.000055,1,SMALL,DOUBLE
noarr,choose_hints,trmm,5,0.000066,1,SMALL,DOUBLE
noarr,choose_hints,2mm,1,0.000097,2,SMALL,DOUBLE
noarr,choose_hints,2mm,2,0.000110,2,SMALL,DOUBLE
noarr,choose_hints,2mm,3,0.000108,2,SMALL,DOUBLE
noarr,choose_hints,2mm,4,0.000096,2,SMALL,DOUBLE
noarr,choose_hints,2mm,5,0.000090,2,SMALL,DOUBLE
noarr,choose_hints,3mm,1,0.000182,2,SMALL,DOUBLE
noarr,choose_hints,3mm,2,0.000182,2,SMALL,DOUBLE
noarr,choose_hints,3mm,3,0.000181,2,SMALL,DOUBLE
noarr,choose_hints,3mm,4,0.000192,2,SMALL,DOUBLE
noarr,choose_hints,3mm,5,0.000181,2,SMALL,DOUBLE
noarr,choose_hints,adi,1,0.002015,2,SMALL,DOUBLE
noarr,choose_hints,adi,2,0.002067,2,SMALL,DOUBLE
noarr,choose_hints,adi,3,0.002057,2,SMALL,DOUBLE
noarr,choose_hints,adi,4,0.002065,2,SMALL,DOUBLE
noarr,choose_hints,adi,5,0.002063,2,SMALL,DOUBLE
noarr,choose_hints,atax,1,0.000026,2,SMALL,DOUBLE
noarr,choose_hints,atax,2,0.000026,2,SMALL,DOUBLE
noarr,choose_hints,atax,3,0.000026,2,SMALL,DOUBLE
noarr,choose_hints,atax,4,0.000026,2,SMALL,DOUBLE
noarr,choose_hints,atax,5,0.000026,2,SMALL,DOUBLE
noarr,choose_hints,bicg,1,0.000052,2,SMALL,DOUBLE
noarr,choose_hints,bicg,2,0.000044,2,SMALL,DOUBLE
noarr,choose_hints,bicg,3,0.000044,2,SMALL,DOUBLE
noarr,choose_hints,bicg,4,0.000044,2,SMALL,DOUBLE
noarr,choose_hints,bicg,5,0.000044,2,SMALL,DOUBLE
noarr,choose_hints,correlation,1,0.000426,2,SMALL,DOUBLE
noarr,choose_hints,correlation,2,0.000433,2,SMALL,DOUBLE
noarr,choose_hints,correlation,3,0.000425,2,SMALL,DOUBLE
noarr,choose_hints,correlation,4,0.000434,2,SMALL,DOUBLE
noarr,choose_hints,correlation,5,0.000425,2,SMALL,DOUBLE
noarr,choose_hints,covariance,1,0.000136,2,SMALL,DOUBLE
noarr,choose_hints,covariance,2,0.000136,2,SMALL,DOUBLE
noarr,choose_hints,covariance,3,0.000138,2,SMALL,DOUBLE
noarr,choose_hints,covariance,4,0.000147,2,SMALL,DOUBLE
noarr,choose_hints,covariance,5,0.000136,2,SMALL,DOUBLE
noarr,choose_hints,deriche,1,0.000409,2,SMALL,DOUBLE
noarr,choose_hints,deriche,2,0.000410,2,SMALL,DOUBLE
noarr,choose_hints,deriche,3,0.000394,2,SMALL,DOUBLE
noarr,choose_hints,deriche,4,0.000399,2,SMALL,DOUBLE
noarr,choose_hints,deriche,5,0.000402,2,SMALL,DOUBLE
noarr,choose_hints,doitgen,1,0.000159,2,SMALL,DOUBLE
noarr,choose_hints,doitgen,2,0.000160,2,SMALL,DOUBLE
noarr,choose_hints,doitgen,3,0.000159,2,SMALL,DOUBLE
noarr,choose_hints,doitgen,4,0.000159,2,SMALL,DOUBLE
noarr,choose_hints,doitgen,5,0.000169,2,SMALL,DOUBLE
noarr,choose_hints,durbin,1,0.000013,2,SMALL,DOUBLE
noarr,choose_hints,durbin,2,0.000013,2,SMALL,DOUBLE
noarr,choose_hints,durbin,3,0.000013,2,SMALL,DOUBLE
noarr,choose_hints,durbin,4,0.000013,2,SMALL,DOUBLE
noarr,choose_hints,durbin,5,0.000013,2,SMALL,DOUBLE
noarr,choose_hints,floyd-warshall,1,0.001966,2,SMALL,DOUBLE
noarr,choose_hints,floyd-warshall,2,0.001921,2,SMALL,DOUBLE
noarr,choose_hints,floyd-warshall,3,0.001904,2,SMALL,DOUBLE
noarr,choose_hints,floyd-warshall,4,0.001958,2,SMALL,DOUBLE
noarr,choose_hints,floyd-warshall,5,0.001931,2,SMALL,DOUBLE
noarr,choose_hints,gemm,1,0.000106,2,SMALL,DOUBLE
noarr,choose_hints,gemm,2,0.000106,2,SMALL,DOUBLE
noarr,choose_hints,gemm,3,0.000105,2,SMALL,DOUBLE
noarr,choose_hints,gemm,4,0.000105,2,SMALL,DOUBLE
noarr,choose_hints,gemm,5,0.000105,2,SMALL,DOUBLE
noarr,choose_hints,gemver,1,0.000039,2,SMALL,DOUBLE
noarr,choose_hints,gemver,2,0.000037,2,SMALL,DOUBLE
noarr,choose_hints,gemver,3,0.000038,2,SMALL,DOUBLE
noarr,choose_hints,gemver,4,0.000038,2,SMALL,DOUBLE
noarr,choose_hints,gemver,5,0.000038,2,SMALL,DOUBLE
noarr,choose_hints,gesummv,1,0.000010,2,SMALL,DOUBLE
noarr,choose_hints,gesummv,2,0.000011,2,SMALL,DOUBLE
noarr,choose_hints,gesummv,3,0.000010,2,SMALL,DOUBLE
noarr,choose_hints,gesummv,4,0.000010,2,SMALL,DOUBLE
noarr,choose_hints,gesummv,5,0.000010,2,SMALL,DOUBLE
noarr,choose_hints,heat-3d,1,0.000500,2,SMALL,DOUBLE
noarr,choose_hints,heat-3d,2,0.000500,2,SMALL,DOUBLE
noarr,choose_hints,heat-3d,3,0.000501,2,SMALL,DOUBLE
noarr,choose_hints,heat-3d,4,0.000500,2,SMALL,DOUBLE
noarr,choose_hints,heat-3d,5,0.000501,2,SMALL,DOUBLE
noarr,choose_hints,jacobi-1d,1,0.000019,2,SMALL,DOUBLE
noarr,choose_hints,jacobi-1d,2,0.000009,2,SMALL,DOUBLE
noarr,choose_hints,jacobi-1d,3,0.000009,2,SMALL,DOUBLE
noarr,choose_hints,jacobi-1d,4,0.000019,2,SMALL,DOUBLE
noarr,choose_hints,jacobi-1d,5,0.000009,2,SMALL,DOUBLE
noarr,choose_hints,jacobi-2d,1,0.005604,2,SMALL,DOUBLE
noarr,choose_hints,jacobi-2d,2,0.005583,2,SMALL,DOUBLE
noarr,choose_hints,jacobi-2d,3,0.005644,2,SMALL,DOUBLE
noarr,choose_hints,jacobi-2d,4,0.005680,2,SMALL,DOUBLE
noarr,choose_hints,jacobi-2d,5,0.005635,2,SMALL,DOUBLE
noarr,choose_hints,lu,1,0.000634,2,SMALL,DOUBLE
noarr,choose_hints,lu,2,0.000630,2,SMALL,DOUBLE
noarr,choose_hints,lu,3,0.000622,2,SMALL,DOUBLE
noarr,choose_hints,lu,4,0.000623,2,SMALL,DOUBLE
noarr,choose_hints,lu,5,0.000631,2,SMALL,DOUBLE
noarr,choose_hints,ludcmp,1,0.000663,2,SMALL,DOUBLE
noarr,choose_hints,ludcmp,2,0.000641,2,SMALL,DOUBLE
noarr,choose_hints,ludcmp,3,0.000639,2,SMALL,DOUBLE
noarr,choose_hints,ludcmp,4,0.000647,2,SMALL,DOUBLE
noarr,choose_hints,ludcmp,5,0.000646,2,SMALL,DOUBLE
noarr,choose_hints,mvt,1,0.000017,2,SMALL,DOUBLE
noarr,choose_hints,mvt,2,0.000017,2,SMALL,DOUBLE
noarr,choose_hints,mvt,3,0.000017,2,SMALL,DOUBLE
noarr,choose_hints,mvt,4,0.000017,2,SMALL,DOUBLE
noarr,choose_hints,mvt,5,0.000017,2,SMALL,DOUBLE
noarr,choose_hints,seidel-2d,1,0.005460,2,SMALL,DOUBLE
noarr,choose_hints,seidel-2d,2,0.005474,2,SMALL,DOUBLE
noarr,choose_hints,seidel-2d,3,0.005468,2,SMALL,DOUBLE
noarr,choose_hints,seidel-2d,4,0.005471,2,SMALL,DOUBLE
noarr,choose_hints,seidel-2d,5,0.005465,2,SMALL,DOUBLE
noarr,choose_hints,symm,1,0.000173,2,SMALL,DOUBLE
noarr,choose_hints,symm,2,0.000170,2,SMALL,DOUBLE
noarr,choose_hints,symm,3,0.000171,2,SMALL,DOUBLE
noarr,choose_hints,symm,4,0.000173,2,SMALL,DOUBLE
noarr,choose_hints,symm,5,0.000181,2,SMALL,DOUBLE
noarr,choose_hints,syr2k,1,0.000256,2,SMALL,DOUBLE
noarr,choose_hints,syr2k,2,0.000252,2,SMALL,DOUBLE
noarr,choose_hints,syr2k,3,0.000252,2,SMALL,DOUBLE
noarr,choose_hints,syr2k,4,0.000254,2,SMALL,DOUBLE
noarr,choose_hints,syr2k,5,0.000253,2,SMALL,DOUBLE
noarr,choose_hints,syrk,1,0.000118,2,SMALL,DOUBLE
noarr,choose_hints,syrk,2,0.000110,2,SMALL,DOUBLE
noarr,choose_hints,syrk,3,0.000109,2,SMALL,DOUBLE
noarr,choose_hints,syrk,4,0.000109,2,SMALL,DOUBLE
noarr,choose_hints,syrk,5,0.000119,2,SMALL,DOUBLE
noarr,choose_hints,trisolv,1,0.000008,2,SMALL,DOUBLE
noarr,choose_hints,trisolv,2,0.000008,2,SMALL,DOUBLE
noarr,choose_hints,trisolv,3,0.000008,2,SMALL,DOUBLE
noarr,choose_hints,trisolv,4,0.000008,2,SMALL,DOUBLE
noarr,choose_hints,trisolv,5,0.000008,2,SMALL,DOUBLE
noarr,choose_hints,trmm,1,0.000135,2,SMALL,DOUBLE
noarr,choose_hints,trmm,2,0.000125,2,SMALL,DOUBLE
noarr,choose_hints,trmm,3,0.000125,2,SMALL,DOUBLE
noarr,choose_hints,trmm,4,0.000126,2,SMALL,DOUBLE
noarr,choose_hints,trmm,5,0.000126,2,SMALL,DOUBLE
noarr,choose_hints,2mm,1,0.000085,3,SMALL,DOUBLE
noarr,choose_hints,2mm,2,0.000085,3,SMALL,DOUBLE
noarr,choose_hints,2mm,3,0.000085,3,SMALL,DOUBLE
noarr,choose_hints,2mm,4,0.000106,3,SMALL,DOUBLE
noarr,choose_hints,2mm,5,0.000086,3,SMALL,DOUBLE
noarr,choose_hints,3mm,1,0.000467,3,SMALL,DOUBLE
noarr,choose_hints,3mm,2,0.000474,3,SMALL,DOUBLE
noarr,choose_hints,3mm,3,0.000476,3,SMALL,DOUBLE
noarr,choose_hints,3mm,4,0.000449,3,SMALL,DOUBLE
noarr,choose_hints,3mm,5,0.000477,3,SMALL,DOUBLE
noarr,choose_hints,adi,1,0.006418,3,SMALL,DOUBLE
noarr,choose_hints,adi,2,0.006330,3,SMALL,DOUBLE
noarr,choose_hints,adi,3,0.006485,3,SMALL,DOUBLE
noarr,choose_hints,adi,4,0.006191,3,SMALL,DOUBLE
noarr,choose_hints,adi,5,0.006293,3,SMALL,DOUBLE
noarr,choose_hints,atax,1,0.000029,3,SMALL,DOUBLE
noarr,choose_hints,atax,2,0.000029,3,SMALL,DOUBLE
noarr,choose_hints,atax,3,0.000029,3,SMALL,DOUBLE
noarr,choose_hints,atax,4,0.000029,3,SMALL,DOUBLE
noarr,choose_hints,atax,5,0.000029,3,SMALL,DOUBLE
noarr,choose_hints,bicg,1,0.000017,3,SMALL,DOUBLE
noarr,choose_hints,bicg,2,0.000017,3,SMALL,DOUBLE
noarr,choose_hints,bicg,3,0.000017,3,SMALL,DOUBLE
noarr,choose_hints,bicg,4,0.000017,3,SMALL,DOUBLE
noarr,choose_hints,bicg,5,0.000017,3,SMALL,DOUBLE
noarr,choose_hints,correlation,1,0.000409,3,SMALL,DOUBLE
noarr,choose_hints,correlation,2,0.000417,3,SMALL,DOUBLE
noarr,choose_hints,correlation,3,0.000413,3,SMALL,DOUBLE
noarr,choose_hints,correlation,4,0.000419,3,SMALL,DOUBLE
noarr,choose_hints,correlation,5,0.000412,3,SMALL,DOUBLE
noarr,choose_hints,covariance,1,0.000426,3,SMALL,DOUBLE
noarr,choose_hints,covariance,2,0.000428,3,SMALL,DOUBLE
noarr,choose_hints,covariance,3,0.000428,3,SMALL,DOUBLE
noarr,choose_hints,covariance,4,0.000436,3,SMALL,DOUBLE
noarr,choose_hints,covariance,5,0.000439,3,SMALL,DOUBLE
noarr,choose_hints,doitgen,1,0.000134,3,SMALL,DOUBLE
noarr,choose_hints,doitgen,2,0.000133,3,SMALL,DOUBLE
noarr,choose_hints,doitgen,3,0.000134,3,SMALL,DOUBLE
noarr,choose_hints,doitgen,4,0.000143,3,SMALL,DOUBLE
noarr,choose_hints,doitgen,5,0.000134,3,SMALL,DOUBLE
noarr,choose_hints,durbin,1,0.000014,3,SMALL,DOUBLE
noarr,choose_hints,durbin,2,0.000014,3,SMALL,DOUBLE
noarr,choose_hints,durbin,3,0.000014,3,SMALL,DOUBLE
noarr,choose_hints,durbin,4,0.000014,3,SMALL,DOUBLE
noarr,choose_hints,durbin,5,0.000014,3,SMALL,DOUBLE
noarr,choose_hints,fdtd-2d,1,0.008602,3,SMALL,DOUBLE
noarr,choose_hints,fdtd-2d,2,0.008260,3,SMALL,DOUBLE
noarr,choose_hints,fdtd-2d,3,0.008357,3,SMALL,DOUBLE
noarr,choose_hints,fdtd-2d,4,0.008282,3,SMALL,DOUBLE
noarr,choose_hints,fdtd-2d,5,0.008548,3,SMALL,DOUBLE
noarr,choose_hints,floyd-warshall,1,0.001957,3,SMALL,DOUBLE
noarr,choose_hints,floyd-warshall,2,0.001915,3,SMALL,DOUBLE
noarr,choose_hints,floyd-warshall,3,0.001917,3,SMALL,DOUBLE
noarr,choose_hints,floyd-warshall,4,0.001960,3,SMALL,DOUBLE
noarr,choose_hints,floyd-warshall,5,0.001939,3,SMALL,DOUBLE
noarr,choose_hints,gemm,1,0.000114,3,SMALL,DOUBLE
noarr,choose_hints,gemm,2,0.000117,3,SMALL,DOUBLE
noarr,choose_hints,gemm,3,0.000113,3,SMALL,DOUBLE
noarr,choose_hints,gemm,4,0.000113,3,SMALL,DOUBLE
noarr,choose_hints,gemm,5,0.000113,3,SMALL,DOUBLE
noarr,choose_hints,gemver,1,0.002388,3,SMALL,DOUBLE
noarr,choose_hints,gemver,2,0.002252,3,SMALL,DOUBLE
noarr,choose_hints,gemver,3,0.002397,3,SMALL,DOUBLE
noarr,choose_hints,gemver,4,0.002379,3,SMALL,DOUBLE
noarr,choose_hints,gemver,5,0.002266,3,SMALL,DOUBLE
noarr,choose_hints,gesummv,1,0.002384,3,SMALL,DOUBLE
noarr,choose_hints,gesummv,2,0.002274,3,SMALL,DOUBLE
noarr,choose_hints,gesummv,3,0.002264,3,SMALL,DOUBLE
noarr,choose_hints,gesummv,4,0.002297,3,SMALL,DOUBLE
noarr,choose_hints,gesummv,5,0.002277,3,SMALL,DOUBLE
noarr,choose_hints,heat-3d,1,0.000503,3,SMALL,DOUBLE
noarr,choose_hints,heat-3d,2,0.000500,3,SMALL,DOUBLE
noarr,choose_hints,heat-3d,3,0.000503,3,SMALL,DOUBLE
noarr,choose_hints,heat-3d,4,0.000502,3,SMALL,DOUBLE
noarr,choose_hints,heat-3d,5,0.000502,3,SMALL,DOUBLE
noarr,choose_hints,jacobi-1d,1,0.004502,3,SMALL,DOUBLE
noarr,choose_hints,jacobi-1d,2,0.004528,3,SMALL,DOUBLE
noarr,choose_hints,jacobi-1d,3,0.004387,3,SMALL,DOUBLE
noarr,choose_hints,jacobi-1d,4,0.004467,3,SMALL,DOUBLE
noarr,choose_hints,jacobi-1d,5,0.004362,3,SMALL,DOUBLE
noarr,choose_hints,jacobi-2d,1,0.000402,3,SMALL,DOUBLE
noarr,choose_hints,jacobi-2d,2,0.000410,3,SMALL,DOUBLE
noarr,choose_hints,jacobi-2d,3,0.000403,3,SMALL,DOUBLE
noarr,choose_hints,jacobi-2d,4,0.000399,3,SMALL,DOUBLE
noarr,choose_hints,jacobi-2d,5,0.000402,3,SMALL,DOUBLE
noarr,choose_hints,lu,1,0.000664,3,SMALL,DOUBLE
noarr,choose_hints,lu,2,0.000658,3,SMALL,DOUBLE
noarr,choose_hints,lu,3,0.000666,3,SMALL,DOUBLE
noarr,choose_hints,lu,4,0.000668,3,SMALL,DOUBLE
noarr,choose_hints,lu,5,0.000663,3,SMALL,DOUBLE
noarr,choose_hints,ludcmp,1,0.000744,3,SMALL,DOUBLE
noarr,choose_hints,ludcmp,2,0.000741,3,SMALL,DOUBLE
noarr,choose_hints,ludcmp,3,0.000742,3,SMALL,DOUBLE
noarr,choose_hints,ludcmp,4,0.000734,3,SMALL,DOUBLE
noarr,choose_hints,ludcmp,5,0.000775,3,SMALL,DOUBLE
noarr,choose_hints,mvt,1,0.000017,3,SMALL,DOUBLE
noarr,choose_hints,mvt,2,0.000017,3,SMALL,DOUBLE
noarr,choose_hints,mvt,3,0.000017,3,SMALL,DOUBLE
noarr,choose_hints,mvt,4,0.000017,3,SMALL,DOUBLE
noarr,choose_hints,mvt,5,0.000017,3,SMALL,DOUBLE
noarr,choose_hints,seidel-2d,1,0.007368,3,SMALL,DOUBLE
noarr,choose_hints,seidel-2d,2,0.007335,3,SMALL,DOUBLE
noarr,choose_hints,seidel-2d,3,0.007335,3,SMALL,DOUBLE
noarr,choose_hints,seidel-2d,4,0.007347,3,SMALL,DOUBLE
noarr,choose_hints,seidel-2d,5,0.007309,3,SMALL,DOUBLE
noarr,choose_hints,symm,1,0.000185,3,SMALL,DOUBLE
noarr,choose_hints,symm,2,0.000183,3,SMALL,DOUBLE
noarr,choose_hints,symm,3,0.000173,3,SMALL,DOUBLE
noarr,choose_hints,symm,4,0.000174,3,SMALL,DOUBLE
noarr,choose_hints,symm,5,0.000173,3,SMALL,DOUBLE
noarr,choose_hints,syr2k,1,0.000211,3,SMALL,DOUBLE
noarr,choose_hints,syr2k,2,0.000209,3,SMALL,DOUBLE
noarr,choose_hints,syr2k,3,0.000210,3,SMALL,DOUBLE
noarr,choose_hints,syr2k,4,0.000210,3,SMALL,DOUBLE
noarr,choose_hints,syr2k,5,0.000210,3,SMALL,DOUBLE
noarr,choose_hints,syrk,1,0.000091,3,SMALL,DOUBLE
noarr,choose_hints,syrk,2,0.000090,3,SMALL,DOUBLE
noarr,choose_hints,syrk,3,0.000090,3,SMALL,DOUBLE
noarr,choose_hints,syrk,4,0.000078,3,SMALL,DOUBLE
noarr,choose_hints,syrk,5,0.000089,3,SMALL,DOUBLE
noarr,choose_hints,trisolv,1,0.000008,3,SMALL,DOUBLE
noarr,choose_hints,trisolv,2,0.000008,3,SMALL,DOUBLE
noarr,choose_hints,trisolv,3,0.000008,3,SMALL,DOUBLE
noarr,choose_hints,trisolv,4,0.000008,3,SMALL,DOUBLE
noarr,choose_hints,trisolv,5,0.000008,3,SMALL,DOUBLE
noarr,choose_hints,trmm,1,0.000126,3,SMALL,DOUBLE
noarr,choose_hints,trmm,2,0.000134,3,SMALL,DOUBLE
noarr,choose_hints,trmm,3,0.000135,3,SMALL,DOUBLE
noarr,choose_hints,trmm,4,0.000125,3,SMALL,DOUBLE
noarr,choose_hints,trmm,5,0.000133,3,SMALL,DOUBLE
noarr,choose_hints,2mm,1,0.000093,4,SMALL,DOUBLE
noarr,choose_hints,2mm,2,0.000093,4,SMALL,DOUBLE
noarr,choose_hints,2mm,3,0.000093,4,SMALL,DOUBLE
noarr,choose_hints,2mm,4,0.000094,4,SMALL,DOUBLE
noarr,choose_hints,2mm,5,0.000103,4,SMALL,DOUBLE
noarr,choose_hints,3mm,1,0.000506,4,SMALL,DOUBLE
noarr,choose_hints,3mm,2,0.000505,4,SMALL,DOUBLE
noarr,choose_hints,3mm,3,0.000505,4,SMALL,DOUBLE
noarr,choose_hints,3mm,4,0.000512,4,SMALL,DOUBLE
noarr,choose_hints,3mm,5,0.000530,4,SMALL,DOUBLE
noarr,choose_hints,adi,1,0.006495,4,SMALL,DOUBLE
noarr,choose_hints,adi,2,0.006474,4,SMALL,DOUBLE
noarr,choose_hints,adi,3,0.006433,4,SMALL,DOUBLE
noarr,choose_hints,adi,4,0.006266,4,SMALL,DOUBLE
noarr,choose_hints,adi,5,0.006683,4,SMALL,DOUBLE
noarr,choose_hints,atax,1,0.000033,4,SMALL,DOUBLE
noarr,choose_hints,atax,2,0.000033,4,SMALL,DOUBLE
noarr,choose_hints,atax,3,0.000022,4,SMALL,DOUBLE
noarr,choose_hints,atax,4,0.000033,4,SMALL,DOUBLE
noarr,choose_hints,atax,5,0.000033,4,SMALL,DOUBLE
noarr,choose_hints,bicg,1,0.000017,4,SMALL,DOUBLE
noarr,choose_hints,bicg,2,0.000017,4,SMALL,DOUBLE
noarr,choose_hints,bicg,3,0.000017,4,SMALL,DOUBLE
noarr,choose_hints,bicg,4,0.000017,4,SMALL,DOUBLE
noarr,choose_hints,bicg,5,0.000017,4,SMALL,DOUBLE
noarr,choose_hints,correlation,1,0.000213,4,SMALL,DOUBLE
noarr,choose_hints,correlation,2,0.000212,4,SMALL,DOUBLE
noarr,choose_hints,correlation,3,0.000209,4,SMALL,DOUBLE
noarr,choose_hints,correlation,4,0.000201,4,SMALL,DOUBLE
noarr,choose_hints,correlation,5,0.000206,4,SMALL,DOUBLE
noarr,choose_hints,covariance,1,0.000138,4,SMALL,DOUBLE
noarr,choose_hints,covariance,2,0.000139,4,SMALL,DOUBLE
noarr,choose_hints,covariance,3,0.000140,4,SMALL,DOUBLE
noarr,choose_hints,covariance,4,0.000138,4,SMALL,DOUBLE
noarr,choose_hints,covariance,5,0.000146,4,SMALL,DOUBLE
noarr,choose_hints,deriche,1,0.000443,4,SMALL,DOUBLE
noarr,choose_hints,deriche,2,0.000470,4,SMALL,DOUBLE
noarr,choose_hints,deriche,3,0.000455,4,SMALL,DOUBLE
noarr,choose_hints,deriche,4,0.000437,4,SMALL,DOUBLE
noarr,choose_hints,deriche,5,0.000440,4,SMALL,DOUBLE
noarr,choose_hints,doitgen,1,0.000143,4,SMALL,DOUBLE
noarr,choose_hints,doitgen,2,0.000141,4,SMALL,DOUBLE
noarr,choose_hints,doitgen,3,0.000144,4,SMALL,DOUBLE
noarr,choose_hints,doitgen,4,0.000143,4,SMALL,DOUBLE
noarr,choose_hints,doitgen,5,0.000148,4,SMALL,DOUBLE
noarr,choose_hints,durbin,1,0.000014,4,SMALL,DOUBLE
noarr,choose_hints,durbin,2,0.000014,4,SMALL,DOUBLE
noarr,choose_hints,durbin,3,0.000014,4,SMALL,DOUBLE
noarr,choose_hints,durbin,4,0.000014,4,SMALL,DOUBLE
noarr,choose_hints,durbin,5,0.000014,4,SMALL,DOUBLE
noarr,choose_hints,floyd-warshall,1,0.007273,4,SMALL,DOUBLE
noarr,choose_hints,floyd-warshall,2,0.007328,4,SMALL,DOUBLE
noarr,choose_hints,floyd-warshall,3,0.007817,4,SMALL,DOUBLE
noarr,choose_hints,floyd-warshall,4,0.007662,4,SMALL,DOUBLE
noarr,choose_hints,floyd-warshall,5,0.007255,4,SMALL,DOUBLE
noarr,choose_hints,gemm,1,0.000113,4,SMALL,DOUBLE
noarr,choose_hints,gemm,2,0.000113,4,SMALL,DOUBLE
noarr,choose_hints,gemm,3,0.000113,4,SMALL,DOUBLE
noarr,choose_hints,gemm,4,0.000113,4,SMALL,DOUBLE
noarr,choose_hints,gemm,5,0.000113,4,SMALL,DOUBLE
noarr,choose_hints,gemver,1,0.000041,4,SMALL,DOUBLE
noarr,choose_hints,gemver,2,0.000041,4,SMALL,DOUBLE
noarr,choose_hints,gemver,3,0.000041,4,SMALL,DOUBLE
noarr,choose_hints,gemver,4,0.000042,4,SMALL,DOUBLE
noarr,choose_hints,gemver,5,0.000042,4,SMALL,DOUBLE
noarr,choose_hints,gesummv,1,0.002470,4,SMALL,DOUBLE
noarr,choose_hints,gesummv,2,0.002291,4,SMALL,DOUBLE
noarr,choose_hints,gesummv,3,0.002288,4,SMALL,DOUBLE
noarr,choose_hints,gesummv,4,0.002194,4,SMALL,DOUBLE
noarr,choose_hints,gesummv,5,0.002307,4,SMALL,DOUBLE
noarr,choose_hints,heat-3d,1,0.000469,4,SMALL,DOUBLE
noarr,choose_hints,heat-3d,2,0.000468,4,SMALL,DOUBLE
noarr,choose_hints,heat-3d,3,0.000470,4,SMALL,DOUBLE
noarr,choose_hints,heat-3d,4,0.000469,4,SMALL,DOUBLE
noarr,choose_hints,heat-3d,5,0.000469,4,SMALL,DOUBLE
noarr,choose_hints,jacobi-1d,1,0.004446,4,SMALL,DOUBLE
noarr,choose_hints,jacobi-1d,2,0.004446,4,SMALL,DOUBLE
noarr,choose_hints,jacobi-1d,3,0.004392,4,SMALL,DOUBLE
noarr,choose_hints,jacobi-1d,4,0.004435,4,SMALL,DOUBLE
noarr,choose_hints,jacobi-1d,5,0.004421,4,SMALL,DOUBLE
noarr,choose_hints,jacobi-2d,1,0.003235,4,SMALL,DOUBLE
noarr,choose_hints,jacobi-2d,2,0.003441,4,SMALL,DOUBLE
noarr,choose_hints,jacobi-2d,3,0.003265,4,SMALL,DOUBLE
noarr,choose_hints,jacobi-2d,4,0.003120,4,SMALL,DOUBLE
noarr,choose_hints,jacobi-2d,5,0.003364,4,SMALL,DOUBLE
noarr,choose_hints,ludcmp,1,0.000639,4,SMALL,DOUBLE
noarr,choose_hints,ludcmp,2,0.000645,4,SMALL,DOUBLE
noarr,choose_hints,ludcmp,3,0.000642,4,SMALL,DOUBLE
noarr,choose_hints,ludcmp,4,0.000658,4,SMALL,DOUBLE
noarr,choose_hints,ludcmp,5,0.000645,4,SMALL,DOUBLE
noarr,choose_hints,mvt,1,0.000017,4,SMALL,DOUBLE
noarr,choose_hints,mvt,2,0.000017,4,SMALL,DOUBLE
noarr,choose_hints,mvt,3,0.000017,4,SMALL,DOUBLE
noarr,choose_hints,mvt,4,0.000017,4,SMALL,DOUBLE
noarr,choose_hints,mvt,5,0.000017,4,SMALL,DOUBLE
noarr,choose_hints,seidel-2d,1,0.007341,4,SMALL,DOUBLE
noarr,choose_hints,seidel-2d,2,0.007354,4,SMALL,DOUBLE
noarr,choose_hints,seidel-2d,3,0.007352,4,SMALL,DOUBLE
noarr,choose_hints,seidel-2d,4,0.007341,4,SMALL,DOUBLE
noarr,choose_hints,seidel-2d,5,0.007357,4,SMALL,DOUBLE
noarr,choose_hints,syr2k,1,0.000218,4,SMALL,DOUBLE
noarr,choose_hints,syr2k,2,0.000217,4,SMALL,DOUBLE
noarr,choose_hints,syr2k,3,0.000217,4,SMALL,DOUBLE
noarr,choose_hints,syr2k,4,0.000217,4,SMALL,DOUBLE
noarr,choose_hints,syr2k,5,0.000217,4,SMALL,DOUBLE
noarr,choose_hints,syrk,1,0.000161,4,SMALL,DOUBLE
noarr,choose_hints,syrk,2,0.000153,4,SMALL,DOUBLE
noarr,choose_hints,syrk,3,0.000153,4,SMALL,DOUBLE
noarr,choose_hints,syrk,4,0.000153,4,SMALL,DOUBLE
noarr,choose_hints,syrk,5,0.000153,4,SMALL,DOUBLE
noarr,choose_hints,trisolv,1,0.000008,4,SMALL,DOUBLE
noarr,choose_hints,trisolv,2,0.000008,4,SMALL,DOUBLE
noarr,choose_hints,trisolv,3,0.000008,4,SMALL,DOUBLE
noarr,choose_hints,trisolv,4,0.000008,4,SMALL,DOUBLE
noarr,choose_hints,trisolv,5,0.000008,4,SMALL,DOUBLE
noarr,choose_hints,trmm,1,0.000050,4,SMALL,DOUBLE
noarr,choose_hints,trmm,2,0.000050,4,SMALL,DOUBLE
noarr,choose_hints,trmm,3,0.000056,4,SMALL,DOUBLE
noarr,choose_hints,trmm,4,0.000050,4,SMALL,DOUBLE
noarr,choose_hints,trmm,5,0.000049,4,SMALL,DOUBLE
noarr,choose_hints,2mm,1,0.000093,5,SMALL,DOUBLE
noarr,choose_hints,2mm,2,0.000086,5,SMALL,DOUBLE
noarr,choose_hints,2mm,3,0.000085,5,SMALL,DOUBLE
noarr,choose_hints,2mm,4,0.000085,5,SMALL,DOUBLE
noarr,choose_hints,2mm,5,0.000085,5,SMALL,DOUBLE
noarr,choose_hints,3mm,1,0.000174,5,SMALL,DOUBLE
noarr,choose_hints,3mm,2,0.000172,5,SMALL,DOUBLE
noarr,choose_hints,3mm,3,0.000173,5,SMALL,DOUBLE
noarr,choose_hints,3mm,4,0.000174,5,SMALL,DOUBLE
noarr,choose_hints,3mm,5,0.000174,5,SMALL,DOUBLE
noarr,choose_hints,adi,1,0.006703,5,SMALL,DOUBLE
noarr,choose_hints,adi,2,0.006605,5,SMALL,DOUBLE
noarr,choose_hints,adi,3,0.006546,5,SMALL,DOUBLE
noarr,choose_hints,adi,4,0.006314,5,SMALL,DOUBLE
noarr,choose_hints,adi,5,0.006477,5,SMALL,DOUBLE
noarr,choose_hints,atax,1,0.000033,5,SMALL,DOUBLE
noarr,choose_hints,atax,2,0.000033,5,SMALL,DOUBLE
noarr,choose_hints,atax,3,0.000033,5,SMALL,DOUBLE
noarr,choose_hints,atax,4,0.000033,5,SMALL,DOUBLE
noarr,choose_hints,atax,5,0.000033,5,SMALL,DOUBLE
noarr,choose_hints,bicg,1,0.000017,5,SMALL,DOUBLE
noarr,choose_hints,bicg,2,0.000017,5,SMALL,DOUBLE
noarr,choose_hints,bicg,3,0.000017,5,SMALL,DOUBLE
noarr,choose_hints,bicg,4,0.000017,5,SMALL,DOUBLE
noarr,choose_hints,bicg,5,0.000017,5,SMALL,DOUBLE
noarr,choose_hints,correlation,1,0.000473,5,SMALL,DOUBLE
noarr,choose_hints,correlation,2,0.000459,5,SMALL,DOUBLE
noarr,choose_hints,correlation,3,0.000458,5,SMALL,DOUBLE
noarr,choose_hints,correlation,4,0.000476,5,SMALL,DOUBLE
noarr,choose_hints,correlation,5,0.000458,5,SMALL,DOUBLE
noarr,choose_hints,covariance,1,0.000165,5,SMALL,DOUBLE
noarr,choose_hints,covariance,2,0.000164,5,SMALL,DOUBLE
noarr,choose_hints,covariance,3,0.000174,5,SMALL,DOUBLE
noarr,choose_hints,covariance,4,0.000165,5,SMALL,DOUBLE
noarr,choose_hints,covariance,5,0.000164,5,SMALL,DOUBLE
noarr,choose_hints,deriche,1,0.016874,5,SMALL,DOUBLE
noarr,choose_hints,deriche,2,0.002636,5,SMALL,DOUBLE
noarr,choose_hints,deriche,3,0.002631,5,SMALL,DOUBLE
noarr,choose_hints,deriche,4,0.002660,5,SMALL,DOUBLE
noarr,choose_hints,deriche,5,0.002638,5,SMALL,DOUBLE
noarr,choose_hints,doitgen,1,0.000134,5,SMALL,DOUBLE
noarr,choose_hints,doitgen,2,0.000134,5,SMALL,DOUBLE
noarr,choose_hints,doitgen,3,0.000134,5,SMALL,DOUBLE
noarr,choose_hints,doitgen,4,0.000134,5,SMALL,DOUBLE
noarr,choose_hints,doitgen,5,0.000134,5,SMALL,DOUBLE
noarr,choose_hints,durbin,1,0.000016,5,SMALL,DOUBLE
noarr,choose_hints,durbin,2,0.000016,5,SMALL,DOUBLE
noarr,choose_hints,durbin,3,0.000016,5,SMALL,DOUBLE
noarr,choose_hints,durbin,4,0.000016,5,SMALL,DOUBLE
noarr,choose_hints,durbin,5,0.000016,5,SMALL,DOUBLE
noarr,choose_hints,fdtd-2d,1,0.004880,5,SMALL,DOUBLE
noarr,choose_hints,fdtd-2d,2,0.004957,5,SMALL,DOUBLE
noarr,choose_hints,fdtd-2d,3,0.004830,5,SMALL,DOUBLE
noarr,choose_hints,fdtd-2d,4,0.004893,5,SMALL,DOUBLE
noarr,choose_hints,fdtd-2d,5,0.004816,5,SMALL,DOUBLE
noarr,choose_hints,floyd-warshall,1,0.002395,5,SMALL,DOUBLE
noarr,choose_hints,floyd-warshall,2,0.002449,5,SMALL,DOUBLE
noarr,choose_hints,floyd-warshall,3,0.002540,5,SMALL,DOUBLE
noarr,choose_hints,floyd-warshall,4,0.002545,5,SMALL,DOUBLE
noarr,choose_hints,floyd-warshall,5,0.002423,5,SMALL,DOUBLE
noarr,choose_hints,gemm,1,0.000105,5,SMALL,DOUBLE
noarr,choose_hints,gemm,2,0.000106,5,SMALL,DOUBLE
noarr,choose_hints,gemm,3,0.000106,5,SMALL,DOUBLE
noarr,choose_hints,gemm,4,0.000105,5,SMALL,DOUBLE
noarr,choose_hints,gemm,5,0.000105,5,SMALL,DOUBLE
noarr,choose_hints,gemver,1,0.000054,5,SMALL,DOUBLE
noarr,choose_hints,gemver,2,0.000054,5,SMALL,DOUBLE
noarr,choose_hints,gemver,3,0.000054,5,SMALL,DOUBLE
noarr,choose_hints,gemver,4,0.000054,5,SMALL,DOUBLE
noarr,choose_hints,gemver,5,0.000054,5,SMALL,DOUBLE
noarr,choose_hints,gesummv,1,0.000010,5,SMALL,DOUBLE
noarr,choose_hints,gesummv,2,0.000011,5,SMALL,DOUBLE
noarr,choose_hints,gesummv,3,0.000010,5,SMALL,DOUBLE
noarr,choose_hints,gesummv,4,0.000010,5,SMALL,DOUBLE
noarr,choose_hints,gesummv,5,0.000011,5,SMALL,DOUBLE
noarr,choose_hints,heat-3d,1,0.000476,5,SMALL,DOUBLE
noarr,choose_hints,heat-3d,2,0.000477,5,SMALL,DOUBLE
noarr,choose_hints,heat-3d,3,0.000477,5,SMALL,DOUBLE
noarr,choose_hints,heat-3d,4,0.000478,5,SMALL,DOUBLE
noarr,choose_hints,heat-3d,5,0.000466,5,SMALL,DOUBLE
noarr,choose_hints,jacobi-1d,1,0.003028,5,SMALL,DOUBLE
noarr,choose_hints,jacobi-1d,2,0.002894,5,SMALL,DOUBLE
noarr,choose_hints,jacobi-1d,3,0.002867,5,SMALL,DOUBLE
noarr,choose_hints,jacobi-1d,4,0.002894,5,SMALL,DOUBLE
noarr,choose_hints,jacobi-1d,5,0.002991,5,SMALL,DOUBLE
noarr,choose_hints,jacobi-2d,1,0.003328,5,SMALL,DOUBLE
noarr,choose_hints,jacobi-2d,2,0.003417,5,SMALL,DOUBLE
noarr,choose_hints,jacobi-2d,3,0.003221,5,SMALL,DOUBLE
noarr,choose_hints,jacobi-2d,4,0.003342,5,SMALL,DOUBLE
noarr,choose_hints,jacobi-2d,5,0.003243,5,SMALL,DOUBLE
noarr,choose_hints,lu,1,0.000715,5,SMALL,DOUBLE
noarr,choose_hints,lu,2,0.000711,5,SMALL,DOUBLE
noarr,choose_hints,lu,3,0.000717,5,SMALL,DOUBLE
noarr,choose_hints,lu,4,0.000707,5,SMALL,DOUBLE
noarr,choose_hints,lu,5,0.000716,5,SMALL,DOUBLE
noarr,choose_hints,ludcmp,1,0.000637,5,SMALL,DOUBLE
noarr,choose_hints,ludcmp,2,0.000642,5,SMALL,DOUBLE
noarr,choose_hints,ludcmp,3,0.000643,5,SMALL,DOUBLE
noarr,choose_hints,ludcmp,4,0.000637,5,SMALL,DOUBLE
noarr,choose_hints,ludcmp,5,0.000644,5,SMALL,DOUBLE
noarr,choose_hints,mvt,1,0.000017,5,SMALL,DOUBLE
noarr,choose_hints,mvt,2,0.000017,5,SMALL,DOUBLE
noarr,choose_hints,mvt,3,0.000017,5,SMALL,DOUBLE
noarr,choose_hints,mvt,4,0.000017,5,SMALL,DOUBLE
noarr,choose_hints,mvt,5,0.000017,5,SMALL,DOUBLE
noarr,choose_hints,seidel-2d,1,0.005463,5,SMALL,DOUBLE
noarr,choose_hints,seidel-2d,2,0.005455,5,SMALL,DOUBLE
noarr,choose_hints,seidel-2d,3,0.005462,5,SMALL,DOUBLE
noarr,choose_hints,seidel-2d,4,0.005456,5,SMALL,DOUBLE
noarr,choose_hints,seidel-2d,5,0.005474,5,SMALL,DOUBLE
noarr,choose_hints,symm,1,0.000170,5,SMALL,DOUBLE
noarr,choose_hints,symm,2,0.000164,5,SMALL,DOUBLE
noarr,choose_hints,symm,3,0.000169,5,SMALL,DOUBLE
noarr,choose_hints,symm,4,0.000169,5,SMALL,DOUBLE
noarr,choose_hints,symm,5,0.000181,5,SMALL,DOUBLE
noarr,choose_hints,syr2k,1,0.000206,5,SMALL,DOUBLE
noarr,choose_hints,syr2k,2,0.000217,5,SMALL,DOUBLE
noarr,choose_hints,syr2k,3,0.000215,5,SMALL,DOUBLE
noarr,choose_hints,syr2k,4,0.000214,5,SMALL,DOUBLE
noarr,choose_hints,syr2k,5,0.000206,5,SMALL,DOUBLE
noarr,choose_hints,trisolv,1,0.000008,5,SMALL,DOUBLE
noarr,choose_hints,trisolv,2,0.000008,5,SMALL,DOUBLE
noarr,choose_hints,trisolv,3,0.000008,5,SMALL,DOUBLE
noarr,choose_hints,trisolv,4,0.000008,5,SMALL,DOUBLE
noarr,choose_hints,trisolv,5,0.000008,5,SMALL,DOUBLE
noarr,choose_hints,trmm,1,0.000049,5,SMALL,DOUBLE
noarr,choose_hints,trmm,2,0.000050,5,SMALL,DOUBLE
noarr,choose_hints,trmm,3,0.000050,5,SMALL,DOUBLE
noarr,choose_hints,trmm,4,0.000049,5,SMALL,DOUBLE
noarr,choose_hints,trmm,5,0.000049,5,SMALL,DOUBLE
halide,choose_hints,adi,1,0.039988,1,SMALL,DOUBLE
halide,choose_hints,adi,2,0.040688,1,SMALL,DOUBLE
halide,choose_hints,adi,3,0.040843,1,SMALL,DOUBLE
halide,choose_hints,adi,4,0.039905,1,SMALL,DOUBLE
halide,choose_hints,adi,5,0.039974,1,SMALL,DOUBLE
halide,choose_hints,fdtd-2d,1,0.050754,1,SMALL,DOUBLE
halide,choose_hints,fdtd-2d,2,0.053625,1,SMALL,DOUBLE
halide,choose_hints,fdtd-2d,3,0.054070,1,SMALL,DOUBLE
halide,choose_hints,fdtd-2d,4,0.050793,1,SMALL,DOUBLE
halide,choose_hints,fdtd-2d,5,0.057099,1,SMALL,DOUBLE
halide,choose_hints,heat-3d,1,0.002656,1,SMALL,DOUBLE
halide,choose_hints,heat-3d,2,0.003537,1,SMALL,DOUBLE
halide,choose_hints,heat-3d,3,0.002591,1,SMALL,DOUBLE
halide,choose_hints,heat-3d,4,0.003251,1,SMALL,DOUBLE
halide,choose_hints,heat-3d,5,0.002937,1,SMALL,DOUBLE
halide,choose_hints,jacobi-2d,1,0.001178,1,SMALL,DOUBLE
halide,choose_hints,jacobi-2d,2,0.001108,1,SMALL,DOUBLE
halide,choose_hints,jacobi-2d,3,0.001473,1,SMALL,DOUBLE
halide,choose_hints,jacobi-2d,4,0.001617,1,SMALL,DOUBLE
halide,choose_hints,jacobi-2d,5,0.001455,1,SMALL,DOUBLE
halide,choose_hints,ludcmp,1,0.013064,1,SMALL,DOUBLE
halide,choose_hints,ludcmp,2,0.013015,1,SMALL,DOUBLE
halide,choose_hints,ludcmp,3,0.013463,1,SMALL,DOUBLE
halide,choose_hints,ludcmp,4,0.013087,1,SMALL,DOUBLE
halide,choose_hints,ludcmp,5,0.013408,1,SMALL,DOUBLE
halide,choose_hints,nussinov,1,0.011859,1,SMALL,DOUBLE
halide,choose_hints,nussinov,2,0.011858,1,SMALL,DOUBLE
halide,choose_hints,nussinov,3,0.011907,1,SMALL,DOUBLE
halide,choose_hints,nussinov,4,0.011862,1,SMALL,DOUBLE
halide,choose_hints,nussinov,5,0.011959,1,SMALL,DOUBLE
halide,choose_hints,seidel-2d,1,0.001388,1,SMALL,DOUBLE
halide,choose_hints,seidel-2d,2,0.001102,1,SMALL,DOUBLE
halide,choose_hints,seidel-2d,3,0.001474,1,SMALL,DOUBLE
halide,choose_hints,seidel-2d,4,0.001662,1,SMALL,DOUBLE
halide,choose_hints,seidel-2d,5,0.001439,1,SMALL,DOUBLE
halide,choose_hints,syr2k,1,0.001045,1,SMALL,DOUBLE
halide,choose_hints,syr2k,2,0.000964,1,SMALL,DOUBLE
halide,choose_hints,syr2k,3,0.000590,1,SMALL,DOUBLE
halide,choose_hints,syr2k,4,0.000491,1,SMALL,DOUBLE
halide,choose_hints,syr2k,5,0.000533,1,SMALL,DOUBLE
halide,choose_hints,syrk,1,0.003181,1,SMALL,DOUBLE
halide,choose_hints,syrk,2,0.002599,1,SMALL,DOUBLE
halide,choose_hints,syrk,3,0.003002,1,SMALL,DOUBLE
halide,choose_hints,syrk,4,0.002882,1,SMALL,DOUBLE
halide,choose_hints,syrk,5,0.002742,1,SMALL,DOUBLE
halide,choose_hints,adi,1,0.003684,2,SMALL,DOUBLE
halide,choose_hints,adi,2,0.003766,2,SMALL,DOUBLE
halide,choose_hints,adi,3,0.003694,2,SMALL,DOUBLE
halide,choose_hints,adi,4,0.003665,2,SMALL,DOUBLE
halide,choose_hints,adi,5,0.003674,2,SMALL,DOUBLE
halide,choose_hints,cholesky,1,0.000506,2,SMALL,DOUBLE
halide,choose_hints,cholesky,2,0.000436,2,SMALL,DOUBLE
halide,choose_hints,cholesky,3,0.000424,2,SMALL,DOUBLE
halide,choose_hints,cholesky,4,0.000423,2,SMALL,DOUBLE
halide,choose_hints,cholesky,5,0.000426,2,SMALL,DOUBLE
halide,choose_hints,deriche,1,0.004653,2,SMALL,DOUBLE
halide,choose_hints,deriche,2,0.004691,2,SMALL,DOUBLE
halide,choose_hints,deriche,3,0.004385,2,SMALL,DOUBLE
halide,choose_hints,deriche,4,0.004371,2,SMALL,DOUBLE
halide,choose_hints,deriche,5,0.004165,2,SMALL,DOUBLE
halide,choose_hints,floyd-warshall,1,0.003516,2,SMALL,DOUBLE
halide,choose_hints,floyd-warshall,2,0.003615,2,SMALL,DOUBLE
halide,choose_hints,floyd-warshall,3,0.003637,2,SMALL,DOUBLE
halide,choose_hints,floyd-warshall,4,0.005758,2,SMALL,DOUBLE
halide,choose_hints,floyd-warshall,5,0.003492,2,SMALL,DOUBLE
halide,choose_hints,heat-3d,1,0.003253,2,SMALL,DOUBLE
halide,choose_hints,heat-3d,2,0.002811,2,SMALL,DOUBLE
halide,choose_hints,heat-3d,3,0.002637,2,SMALL,DOUBLE
halide,choose_hints,heat-3d,4,0.002581,2,SMALL,DOUBLE
halide,choose_hints,heat-3d,5,0.002517,2,SMALL,DOUBLE
halide,choose_hints,lu,1,0.007793,2,SMALL,DOUBLE
halide,choose_hints,lu,2,0.007663,2,SMALL,DOUBLE
halide,choose_hints,lu,3,0.007657,2,SMALL,DOUBLE
halide,choose_hints,lu,4,0.007750,2,SMALL,DOUBLE
halide,choose_hints,lu,5,0.007679,2,SMALL,DOUBLE
halide,choose_hints,mvt,1,0.002087,2,SMALL,DOUBLE
halide,choose_hints,mvt,2,0.001699,2,SMALL,DOUBLE
halide,choose_hints,mvt,3,0.002213,2,SMALL,DOUBLE
halide,choose_hints,mvt,4,0.001958,2,SMALL,DOUBLE
halide,choose_hints,mvt,5,0.001029,2,SMALL,DOUBLE
halide,choose_hints,adi,1,0.301831,3,SMALL,DOUBLE
halide,choose_hints,adi,2,0.301087,3,SMALL,DOUBLE
halide,choose_hints,adi,3,0.306095,3,SMALL,DOUBLE
halide,choose_hints,adi,4,0.302528,3,SMALL,DOUBLE
halide,choose_hints,adi,5,0.302465,3,SMALL,DOUBLE
halide,choose_hints,deriche,1,0.010925,3,SMALL,DOUBLE
halide,choose_hints,deriche,2,0.010720,3,SMALL,DOUBLE
halide,choose_hints,deriche,3,0.010290,3,SMALL,DOUBLE
halide,choose_hints,deriche,4,0.011284,3,SMALL,DOUBLE
halide,choose_hints,deriche,5,0.010873,3,SMALL,DOUBLE
halide,choose_hints,floyd-warshall,1,0.127475,3,SMALL,DOUBLE
halide,choose_hints,floyd-warshall,2,0.137091,3,SMALL,DOUBLE
halide,choose_hints,floyd-warshall,3,0.122087,3,SMALL,DOUBLE
halide,choose_hints,floyd-warshall,4,0.124485,3,SMALL,DOUBLE
halide,choose_hints,floyd-warshall,5,0.135467,3,SMALL,DOUBLE
halide,choose_hints,heat-3d,1,0.002026,3,SMALL,DOUBLE
halide,choose_hints,heat-3d,2,0.002391,3,SMALL,DOUBLE
halide,choose_hints,heat-3d,3,0.002827,3,SMALL,DOUBLE
halide,choose_hints,heat-3d,4,0.002978,3,SMALL,DOUBLE
halide,choose_hints,heat-3d,5,0.002859,3,SMALL,DOUBLE
halide,choose_hints,jacobi-1d,1,0.001347,3,SMALL,DOUBLE
halide,choose_hints,jacobi-1d,2,0.001507,3,SMALL,DOUBLE
halide,choose_hints,jacobi-1d,3,0.001161,3,SMALL,DOUBLE
halide,choose_hints,jacobi-1d,4,0.001768,3,SMALL,DOUBLE
halide,choose_hints,jacobi-1d,5,0.001998,3,SMALL,DOUBLE
halide,choose_hints,symm,1,0.003044,3,SMALL,DOUBLE
halide,choose_hints,symm,2,0.003240,3,SMALL,DOUBLE
halide,choose_hints,symm,3,0.003133,3,SMALL,DOUBLE
halide,choose_hints,symm,4,0.003225,3,SMALL,DOUBLE
halide,choose_hints,symm,5,0.003435,3,SMALL,DOUBLE
halide,choose_hints,syrk,1,0.000655,3,SMALL,DOUBLE
halide,choose_hints,syrk,2,0.000440,3,SMALL,DOUBLE
halide,choose_hints,syrk,3,0.000894,3,SMALL,DOUBLE
halide,choose_hints,syrk,4,0.000774,3,SMALL,DOUBLE
halide,choose_hints,syrk,5,0.000429,3,SMALL,DOUBLE
halide,choose_hints,adi,1,0.002525,4,SMALL,DOUBLE
halide,choose_hints,adi,2,0.002463,4,SMALL,DOUBLE
halide,choose_hints,adi,3,0.002469,4,SMALL,DOUBLE
halide,choose_hints,adi,4,0.002465,4,SMALL,DOUBLE
halide,choose_hints,adi,5,0.002490,4,SMALL,DOUBLE
halide,choose_hints,deriche,1,0.002591,4,SMALL,DOUBLE
halide,choose_hints,deriche,2,0.002286,4,SMALL,DOUBLE
halide,choose_hints,deriche,3,0.002461,4,SMALL,DOUBLE
halide,choose_hints,deriche,4,0.002463,4,SMALL,DOUBLE
halide,choose_hints,deriche,5,0.002341,4,SMALL,DOUBLE
halide,choose_hints,floyd-warshall,1,0.003814,4,SMALL,DOUBLE
halide,choose_hints,floyd-warshall,2,0.007630,4,SMALL,DOUBLE
halide,choose_hints,floyd-warshall,3,0.003743,4,SMALL,DOUBLE
halide,choose_hints,floyd-warshall,4,0.005040,4,SMALL,DOUBLE
halide,choose_hints,floyd-warshall,5,0.003906,4,SMALL,DOUBLE
halide,choose_hints,heat-3d,1,0.002445,4,SMALL,DOUBLE
halide,choose_hints,heat-3d,2,0.002862,4,SMALL,DOUBLE
halide,choose_hints,heat-3d,3,0.002171,4,SMALL,DOUBLE
halide,choose_hints,heat-3d,4,0.002436,4,SMALL,DOUBLE
halide,choose_hints,heat-3d,5,0.002674,4,SMALL,DOUBLE
halide,choose_hints,lu,1,0.008480,4,SMALL,DOUBLE
halide,choose_hints,lu,2,0.008472,4,SMALL,DOUBLE
halide,choose_hints,lu,3,0.008459,4,SMALL,DOUBLE
halide,choose_hints,lu,4,0.008507,4,SMALL,DOUBLE
halide,choose_hints,lu,5,0.008490,4,SMALL,DOUBLE
halide,choose_hints,symm,1,0.000484,4,SMALL,DOUBLE
halide,choose_hints,symm,2,0.000398,4,SMALL,DOUBLE
halide,choose_hints,symm,3,0.000592,4,SMALL,DOUBLE
halide,choose_hints,symm,4,0.000545,4,SMALL,DOUBLE
halide,choose_hints,symm,5,0.000799,4,SMALL,DOUBLE
halide,choose_hints,syrk,1,0.000789,4,SMALL,DOUBLE
halide,choose_hints,syrk,2,0.000536,4,SMALL,DOUBLE
halide,choose_hints,syrk,3,0.000914,4,SMALL,DOUBLE
halide,choose_hints,syrk,4,0.000976,4,SMALL,DOUBLE
halide,choose_hints,syrk,5,0.000544,4,SMALL,DOUBLE
halide,choose_hints,trisolv,1,0.000214,4,SMALL,DOUBLE
halide,choose_hints,trisolv,2,0.000215,4,SMALL,DOUBLE
halide,choose_hints,trisolv,3,0.000210,4,SMALL,DOUBLE
halide,choose_hints,trisolv,4,0.000213,4,SMALL,DOUBLE
halide,choose_hints,trisolv,5,0.000207,4,SMALL,DOUBLE
halide,choose_hints,covariance,1,0.001647,5,SMALL,DOUBLE
halide,choose_hints,covariance,2,0.001401,5,SMALL,DOUBLE
halide,choose_hints,covariance,3,0.001618,5,SMALL,DOUBLE
halide,choose_hints,covariance,4,0.001233,5,SMALL,DOUBLE
halide,choose_hints,covariance,5,0.000824,5,SMALL,DOUBLE
halide,choose_hints,deriche,1,0.002102,5,SMALL,DOUBLE
halide,choose_hints,deriche,2,0.001763,5,SMALL,DOUBLE
halide,choose_hints,deriche,3,0.001995,5,SMALL,DOUBLE
halide,choose_hints,deriche,4,0.002536,5,SMALL,DOUBLE
halide,choose_hints,deriche,5,0.002476,5,SMALL,DOUBLE
halide,choose_hints,fdtd-2d,1,0.085821,5,SMALL,DOUBLE
halide,choose_hints,fdtd-2d,2,0.085058,5,SMALL,DOUBLE
halide,choose_hints,fdtd-2d,3,0.078355,5,SMALL,DOUBLE
halide,choose_hints,fdtd-2d,4,0.075675,5,SMALL,DOUBLE
halide,choose_hints,fdtd-2d,5,0.078127,5,SMALL,DOUBLE
halide,choose_hints,floyd-warshall,1,0.136055,5,SMALL,DOUBLE
halide,choose_hints,floyd-warshall,2,0.129837,5,SMALL,DOUBLE
halide,choose_hints,floyd-warshall,3,0.139240,5,SMALL,DOUBLE
halide,choose_hints,floyd-warshall,4,0.141047,5,SMALL,DOUBLE
halide,choose_hints,floyd-warshall,5,0.134687,5,SMALL,DOUBLE
halide,choose_hints,heat-3d,1,0.090579,5,SMALL,DOUBLE
halide,choose_hints,heat-3d,2,0.092615,5,SMALL,DOUBLE
halide,choose_hints,heat-3d,3,0.089641,5,SMALL,DOUBLE
halide,choose_hints,heat-3d,4,0.086990,5,SMALL,DOUBLE
halide,choose_hints,heat-3d,5,0.097473,5,SMALL,DOUBLE
halide,choose_hints,lu,1,0.012998,5,SMALL,DOUBLE
halide,choose_hints,lu,2,0.012776,5,SMALL,DOUBLE
halide,choose_hints,lu,3,0.012747,5,SMALL,DOUBLE
halide,choose_hints,lu,4,0.012880,5,SMALL,DOUBLE
halide,choose_hints,lu,5,0.012806,5,SMALL,DOUBLE
exo,choose_hints,2mm,1,0.000092,1,SMALL,DOUBLE
exo,choose_hints,2mm,2,0.000099,1,SMALL,DOUBLE
exo,choose_hints,2mm,3,0.000100,1,SMALL,DOUBLE
exo,choose_hints,2mm,4,0.000115,1,SMALL,DOUBLE
exo,choose_hints,2mm,5,0.000123,1,SMALL,DOUBLE
exo,choose_hints,3mm,1,0.000367,1,SMALL,DOUBLE
exo,choose_hints,3mm,2,0.000246,1,SMALL,DOUBLE
exo,choose_hints,3mm,3,0.000333,1,SMALL,DOUBLE
exo,choose_hints,3mm,4,0.000335,1,SMALL,DOUBLE
exo,choose_hints,3mm,5,0.000320,1,SMALL,DOUBLE
exo,choose_hints,adi,1,0.004247,1,SMALL,DOUBLE
exo,choose_hints,adi,2,0.004076,1,SMALL,DOUBLE
exo,choose_hints,adi,3,0.004053,1,SMALL,DOUBLE
exo,choose_hints,adi,4,0.004027,1,SMALL,DOUBLE
exo,choose_hints,adi,5,0.004001,1,SMALL,DOUBLE
exo,choose_hints,atax,1,0.000109,1,SMALL,DOUBLE
exo,choose_hints,atax,2,0.000124,1,SMALL,DOUBLE
exo,choose_hints,atax,3,0.000103,1,SMALL,DOUBLE
exo,choose_hints,atax,4,0.000101,1,SMALL,DOUBLE
exo,choose_hints,atax,5,0.000105,1,SMALL,DOUBLE
exo,choose_hints,bicg,1,0.000055,1,SMALL,DOUBLE
exo,choose_hints,bicg,2,0.000056,1,SMALL,DOUBLE
exo,choose_hints,bicg,3,0.000055,1,SMALL,DOUBLE
exo,choose_hints,bicg,4,0.000056,1,SMALL,DOUBLE
exo,choose_hints,bicg,5,0.000063,1,SMALL,DOUBLE
exo,choose_hints,correlation,1,0.000221,1,SMALL,DOUBLE
exo,choose_hints,correlation,2,0.000199,1,SMALL,DOUBLE
exo,choose_hints,correlation,3,0.000206,1,SMALL,DOUBLE
exo,choose_hints,correlation,4,0.000213,1,SMALL,DOUBLE
exo,choose_hints,correlation,5,0.000190,1,SMALL,DOUBLE
exo,choose_hints,covariance,1,0.000147,1,SMALL,DOUBLE
exo,choose_hints,covariance,2,0.000152,1,SMALL,DOUBLE
exo,choose_hints,covariance,3,0.000148,1,SMALL,DOUBLE
exo,choose_hints,covariance,4,0.000146,1,SMALL,DOUBLE
exo,choose_hints,covariance,5,0.000173,1,SMALL,DOUBLE
exo,choose_hints,doitgen,1,0.000734,1,SMALL,DOUBLE
exo,choose_hints,doitgen,2,0.000844,1,SMALL,DOUBLE
exo,choose_hints,doitgen,3,0.000773,1,SMALL,DOUBLE
exo,choose_hints,doitgen,4,0.000890,1,SMALL,DOUBLE
exo,choose_hints,doitgen,5,0.000701,1,SMALL,DOUBLE
exo,choose_hints,durbin,1,0.000020,1,SMALL,DOUBLE
exo,choose_hints,durbin,2,0.000019,1,SMALL,DOUBLE
exo,choose_hints,durbin,3,0.000019,1,SMALL,DOUBLE
exo,choose_hints,durbin,4,0.000033,1,SMALL,DOUBLE
exo,choose_hints,durbin,5,0.000019,1,SMALL,DOUBLE
exo,choose_hints,floyd-warshall,1,0.006190,1,SMALL,DOUBLE
exo,choose_hints,floyd-warshall,2,0.006130,1,SMALL,DOUBLE
exo,choose_hints,floyd-warshall,3,0.006127,1,SMALL,DOUBLE
exo,choose_hints,floyd-warshall,4,0.006164,1,SMALL,DOUBLE
exo,choose_hints,floyd-warshall,5,0.006128,1,SMALL,DOUBLE
exo,choose_hints,gemm,1,0.000356,1,SMALL,DOUBLE
exo,choose_hints,gemm,2,0.000356,1,SMALL,DOUBLE
exo,choose_hints,gemm,3,0.000343,1,SMALL,DOUBLE
exo,choose_hints,gemm,4,0.000371,1,SMALL,DOUBLE
exo,choose_hints,gemm,5,0.000359,1,SMALL,DOUBLE
exo,choose_hints,gemver,1,0.000061,1,SMALL,DOUBLE
exo,choose_hints,gemver,2,0.000063,1,SMALL,DOUBLE
exo,choose_hints,gemver,3,0.000063,1,SMALL,DOUBLE
exo,choose_hints,gemver,4,0.000064,1,SMALL,DOUBLE
exo,choose_hints,gemver,5,0.000063,1,SMALL,DOUBLE
exo,choose_hints,gesummv,1,0.000041,1,SMALL,DOUBLE
exo,choose_hints,gesummv,2,0.000041,1,SMALL,DOUBLE
exo,choose_hints,gesummv,3,0.000038,1,SMALL,DOUBLE
exo,choose_hints,gesummv,4,0.000042,1,SMALL,DOUBLE
exo,choose_hints,gesummv,5,0.000038,1,SMALL,DOUBLE
exo,choose_hints,jacobi-1d,1,0.002000,1,SMALL,DOUBLE
exo,choose_hints,jacobi-1d,2,0.002008,1,SMALL,DOUBLE
exo,choose_hints,jacobi-1d,3,0.002051,1,SMALL,DOUBLE
exo,choose_hints,jacobi-1d,4,0.001987,1,SMALL,DOUBLE
exo,choose_hints,jacobi-1d,5,0.002043,1,SMALL,DOUBLE
exo,choose_hints,jacobi-2d,1,0.003218,1,SMALL,DOUBLE
exo,choose_hints,jacobi-2d,2,0.003260,1,SMALL,DOUBLE
exo,choose_hints,jacobi-2d,3,0.003365,1,SMALL,DOUBLE
exo,choose_hints,jacobi-2d,4,0.003315,1,SMALL,DOUBLE
exo,choose_hints,jacobi-2d,5,0.003319,1,SMALL,DOUBLE
exo,choose_hints,lu,1,0.000650,1,SMALL,DOUBLE
exo,choose_hints,lu,2,0.000650,1,SMALL,DOUBLE
exo,choose_hints,lu,3,0.000649,1,SMALL,DOUBLE
exo,choose_hints,lu,4,0.000663,1,SMALL,DOUBLE
exo,choose_hints,lu,5,0.000663,1,SMALL,DOUBLE
exo,choose_hints,ludcmp,1,0.000815,1,SMALL,DOUBLE
exo,choose_hints,ludcmp,2,0.000808,1,SMALL,DOUBLE
exo,choose_hints,ludcmp,3,0.000801,1,SMALL,DOUBLE
exo,choose_hints,ludcmp,4,0.000812,1,SMALL,DOUBLE
exo,choose_hints,ludcmp,5,0.000813,1,SMALL,DOUBLE
exo,choose_hints,mvt,1,0.000065,1,SMALL,DOUBLE
exo,choose_hints,mvt,2,0.000066,1,SMALL,DOUBLE
exo,choose_hints,mvt,3,0.000063,1,SMALL,DOUBLE
exo,choose_hints,mvt,4,0.000064,1,SMALL,DOUBLE
exo,choose_hints,mvt,5,0.000066,1,SMALL,DOUBLE
exo,choose_hints,nussinov,1,0.002698,1,SMALL,DOUBLE
exo,choose_hints,nussinov,2,0.002693,1,SMALL,DOUBLE
exo,choose_hints,nussinov,3,0.002684,1,SMALL,DOUBLE
exo,choose_hints,nussinov,4,0.002686,1,SMALL,DOUBLE
exo,choose_hints,nussinov,5,0.002694,1,SMALL,DOUBLE
exo,choose_hints,seidel-2d,1,0.008615,1,SMALL,DOUBLE
exo,choose_hints,seidel-2d,2,0.008669,1,SMALL,DOUBLE
exo,choose_hints,seidel-2d,3,0.008644,1,SMALL,DOUBLE
exo,choose_hints,seidel-2d,4,0.008643,1,SMALL,DOUBLE
exo,choose_hints,seidel-2d,5,0.008607,1,SMALL,DOUBLE
exo,choose_hints,syrk,1,0.000074,1,SMALL,DOUBLE
exo,choose_hints,syrk,2,0.000068,1,SMALL,DOUBLE
exo,choose_hints,syrk,3,0.000083,1,SMALL,DOUBLE
exo,choose_hints,syrk,4,0.000071,1,SMALL,DOUBLE
exo,choose_hints,syrk,5,0.000071,1,SMALL,DOUBLE
exo,choose_hints,trisolv,1,0.000016,1,SMALL,DOUBLE
exo,choose_hints,trisolv,2,0.000013,1,SMALL,DOUBLE
exo,choose_hints,trisolv,3,0.000013,1,SMALL,DOUBLE
exo,choose_hints,trisolv,4,0.000014,1,SMALL,DOUBLE
exo,choose_hints,trisolv,5,0.000014,1,SMALL,DOUBLE
exo,choose_hints,2mm,1,0.000507,2,SMALL,DOUBLE
exo,choose_hints,2mm,2,0.000487,2,SMALL,DOUBLE
exo,choose_hints,2mm,3,0.000496,2,SMALL,DOUBLE
exo,choose_hints,2mm,4,0.000503,2,SMALL,DOUBLE
exo,choose_hints,2mm,5,0.000486,2,SMALL,DOUBLE
exo,choose_hints,3mm,1,0.000223,2,SMALL,DOUBLE
exo,choose_hints,3mm,2,0.000203,2,SMALL,DOUBLE
exo,choose_hints,3mm,3,0.000243,2,SMALL,DOUBLE
exo,choose_hints,3mm,4,0.000261,2,SMALL,DOUBLE
exo,choose_hints,3mm,5,0.000212,2,SMALL,DOUBLE
exo,choose_hints,adi,1,0.003903,2,SMALL,DOUBLE
exo,choose_hints,adi,2,0.003996,2,SMALL,DOUBLE
exo,choose_hints,adi,3,0.004057,2,SMALL,DOUBLE
exo,choose_hints,adi,4,0.003915,2,SMALL,DOUBLE
exo,choose_hints,adi,5,0.004295,2,SMALL,DOUBLE
exo,choose_hints,atax,1,0.000057,2,SMALL,DOUBLE
exo,choose_hints,atax,2,0.000068,2,SMALL,DOUBLE
exo,choose_hints,atax,3,0.000066,2,SMALL,DOUBLE
exo,choose_hints,atax,4,0.000065,2,SMALL,DOUBLE
exo,choose_hints,atax,5,0.000055,2,SMALL,DOUBLE
exo,choose_hints,bicg,1,0.000035,2,SMALL,DOUBLE
exo,choose_hints,bicg,2,0.000023,2,SMALL,DOUBLE
exo,choose_hints,bicg,3,0.000022,2,SMALL,DOUBLE
exo,choose_hints,bicg,4,0.000022,2,SMALL,DOUBLE
exo,choose_hints,bicg,5,0.000033,2,SMALL,DOUBLE
exo,choose_hints,cholesky,1,0.000344,2,SMALL,DOUBLE
exo,choose_hints,cholesky,2,0.000342,2,SMALL,DOUBLE
exo,choose_hints,cholesky,3,0.000342,2,SMALL,DOUBLE
exo,choose_hints,cholesky,4,0.000344,2,SMALL,DOUBLE
exo,choose_hints,cholesky,5,0.000343,2,SMALL,DOUBLE
exo,choose_hints,correlation,1,0.000266,2,SMALL,DOUBLE
exo,choose_hints,correlation,2,0.000283,2,SMALL,DOUBLE
exo,choose_hints,correlation,3,0.000266,2,SMALL,DOUBLE
exo,choose_hints,correlation,4,0.000292,2,SMALL,DOUBLE
exo,choose_hints,correlation,5,0.000255,2,SMALL,DOUBLE
exo,choose_hints,covariance,1,0.000211,2,SMALL,DOUBLE
exo,choose_hints,covariance,2,0.000222,2,SMALL,DOUBLE
exo,choose_hints,covariance,3,0.000210,2,SMALL,DOUBLE
exo,choose_hints,covariance,4,0.000222,2,SMALL,DOUBLE
exo,choose_hints,covariance,5,0.000209,2,SMALL,DOUBLE
exo,choose_hints,deriche,1,0.000531,2,SMALL,DOUBLE
exo,choose_hints,deriche,2,0.000541,2,SMALL,DOUBLE
exo,choose_hints,deriche,3,0.000584,2,SMALL,DOUBLE
exo,choose_hints,deriche,4,0.000584,2,SMALL,DOUBLE
exo,choose_hints,deriche,5,0.000513,2,SMALL,DOUBLE
exo,choose_hints,doitgen,1,0.000728,2,SMALL,DOUBLE
exo,choose_hints,doitgen,2,0.001070,2,SMALL,DOUBLE
exo,choose_hints,doitgen,3,0.000929,2,SMALL,DOUBLE
exo,choose_hints,doitgen,4,0.000759,2,SMALL,DOUBLE
exo,choose_hints,doitgen,5,0.001023,2,SMALL,DOUBLE
exo,choose_hints,durbin,1,0.000038,2,SMALL,DOUBLE
exo,choose_hints,durbin,2,0.000038,2,SMALL,DOUBLE
exo,choose_hints,durbin,3,0.000037,2,SMALL,DOUBLE
exo,choose_hints,durbin,4,0.000039,2,SMALL,DOUBLE
exo,choose_hints,durbin,5,0.000038,2,SMALL,DOUBLE
exo,choose_hints,gemm,1,0.000469,2,SMALL,DOUBLE
exo,choose_hints,gemm,2,0.000469,2,SMALL,DOUBLE
exo,choose_hints,gemm,3,0.000453,2,SMALL,DOUBLE
exo,choose_hints,gemm,4,0.000477,2,SMALL,DOUBLE
exo,choose_hints,gemm,5,0.000486,2,SMALL,DOUBLE
exo,choose_hints,gemver,1,0.000115,2,SMALL,DOUBLE
exo,choose_hints,gemver,2,0.000108,2,SMALL,DOUBLE
exo,choose_hints,gemver,3,0.000116,2,SMALL,DOUBLE
exo,choose_hints,gemver,4,0.000163,2,SMALL,DOUBLE
exo,choose_hints,gemver,5,0.000129,2,SMALL,DOUBLE
exo,choose_hints,jacobi-2d,1,0.003473,2,SMALL,DOUBLE
exo,choose_hints,jacobi-2d,2,0.003348,2,SMALL,DOUBLE
exo,choose_hints,jacobi-2d,3,0.003333,2,SMALL,DOUBLE
exo,choose_hints,jacobi-2d,4,0.003313,2,SMALL,DOUBLE
exo,choose_hints,jacobi-2d,5,0.003189,2,SMALL,DOUBLE
exo,choose_hints,lu,1,0.004003,2,SMALL,DOUBLE
exo,choose_hints,lu,2,0.004013,2,SMALL,DOUBLE
exo,choose_hints,lu,3,0.003998,2,SMALL,DOUBLE
exo,choose_hints,lu,4,0.003971,2,SMALL,DOUBLE
exo,choose_hints,lu,5,0.004006,2,SMALL,DOUBLE
exo,choose_hints,mvt,1,0.000062,2,SMALL,DOUBLE
exo,choose_hints,mvt,2,0.000062,2,SMALL,DOUBLE
exo,choose_hints,mvt,3,0.000060,2,SMALL,DOUBLE
exo,choose_hints,mvt,4,0.000062,2,SMALL,DOUBLE
exo,choose_hints,mvt,5,0.000065,2,SMALL,DOUBLE
exo,choose_hints,nussinov,1,0.004616,2,SMALL,DOUBLE
exo,choose_hints,nussinov,2,0.004734,2,SMALL,DOUBLE
exo,choose_hints,nussinov,3,0.004543,2,SMALL,DOUBLE
exo,choose_hints,nussinov,4,0.004655,2,SMALL,DOUBLE
exo,choose_hints,nussinov,5,0.004643,2,SMALL,DOUBLE
exo,choose_hints,symm,1,0.002363,2,SMALL,DOUBLE
exo,choose_hints,symm,2,0.002125,2,SMALL,DOUBLE
exo,choose_hints,symm,3,0.002128,2,SMALL,DOUBLE
exo,choose_hints,symm,4,0.002157,2,SMALL,DOUBLE
exo,choose_hints,symm,5,0.002146,2,SMALL,DOUBLE
exo,choose_hints,syr2k,1,0.000047,2,SMALL,DOUBLE
exo,choose_hints,syr2k,2,0.000047,2,SMALL,DOUBLE
exo,choose_hints,syr2k,3,0.000049,2,SMALL,DOUBLE
exo,choose_hints,syr2k,4,0.000047,2,SMALL,DOUBLE
exo,choose_hints,syr2k,5,0.000046,2,SMALL,DOUBLE
exo,choose_hints,syrk,1,0.000063,2,SMALL,DOUBLE
exo,choose_hints,syrk,2,0.000072,2,SMALL,DOUBLE
exo,choose_hints,syrk,3,0.000062,2,SMALL,DOUBLE
exo,choose_hints,syrk,4,0.000057,2,SMALL,DOUBLE
exo,choose_hints,syrk,5,0.000061,2,SMALL,DOUBLE
exo,choose_hints,trisolv,1,0.000014,2,SMALL,DOUBLE
exo,choose_hints,trisolv,2,0.000013,2,SMALL,DOUBLE
exo,choose_hints,trisolv,3,0.000013,2,SMALL,DOUBLE
exo,choose_hints,trisolv,4,0.000014,2,SMALL,DOUBLE
exo,choose_hints,trisolv,5,0.000014,2,SMALL,DOUBLE
exo,choose_hints,trmm,1,0.000127,2,SMALL,DOUBLE
exo,choose_hints,trmm,2,0.000147,2,SMALL,DOUBLE
exo,choose_hints,trmm,3,0.000125,2,SMALL,DOUBLE
exo,choose_hints,trmm,4,0.000131,2,SMALL,DOUBLE
exo,choose_hints,trmm,5,0.000140,2,SMALL,DOUBLE
exo,choose_hints,2mm,1,0.000145,3,SMALL,DOUBLE
exo,choose_hints,2mm,2,0.000122,3,SMALL,DOUBLE
exo,choose_hints,2mm,3,0.000128,3,SMALL,DOUBLE
exo,choose_hints,2mm,4,0.000153,3,SMALL,DOUBLE
exo,choose_hints,2mm,5,0.000128,3,SMALL,DOUBLE
exo,choose_hints,3mm,1,0.000338,3,SMALL,DOUBLE
exo,choose_hints,3mm,2,0.000310,3,SMALL,DOUBLE
exo,choose_hints,3mm,3,0.000295,3,SMALL,DOUBLE
exo,choose_hints,3mm,4,0.000353,3,SMALL,DOUBLE
exo,choose_hints,3mm,5,0.000301,3,SMALL,DOUBLE
exo,choose_hints,atax,1,0.000071,3,SMALL,DOUBLE
exo,choose_hints,atax,2,0.000071,3,SMALL,DOUBLE
exo,choose_hints,atax,3,0.000072,3,SMALL,DOUBLE
exo,choose_hints,atax,4,0.000072,3,SMALL,DOUBLE
exo,choose_hints,atax,5,0.000070,3,SMALL,DOUBLE
exo,choose_hints,cholesky,1,0.000356,3,SMALL,DOUBLE
exo,choose_hints,cholesky,2,0.000355,3,SMALL,DOUBLE
exo,choose_hints,cholesky,3,0.000355,3,SMALL,DOUBLE
exo,choose_hints,cholesky,4,0.000365,3,SMALL,DOUBLE
exo,choose_hints,cholesky,5,0.000365,3,SMALL,DOUBLE
exo,choose_hints,correlation,1,0.000170,3,SMALL,DOUBLE
exo,choose_hints,correlation,2,0.000204,3,SMALL,DOUBLE
exo,choose_hints,correlation,3,0.000170,3,SMALL,DOUBLE
exo,choose_hints,correlation,4,0.000197,3,SMALL,DOUBLE
exo,choose_hints,correlation,5,0.000186,3,SMALL,DOUBLE
exo,choose_hints,covariance,1,0.000196,3,SMALL,DOUBLE
exo,choose_hints,covariance,2,0.000212,3,SMALL,DOUBLE
exo,choose_hints,covariance,3,0.000197,3,SMALL,DOUBLE
exo,choose_hints,covariance,4,0.000214,3,SMALL,DOUBLE
exo,choose_hints,covariance,5,0.000212,3,SMALL,DOUBLE
exo,choose_hints,doitgen,1,0.000759,3,SMALL,DOUBLE
exo,choose_hints,doitgen,2,0.000771,3,SMALL,DOUBLE
exo,choose_hints,doitgen,3,0.000702,3,SMALL,DOUBLE
exo,choose_hints,doitgen,4,0.000558,3,SMALL,DOUBLE
exo,choose_hints,doitgen,5,0.000919,3,SMALL,DOUBLE
exo,choose_hints,durbin,1,0.000027,3,SMALL,DOUBLE
exo,choose_hints,durbin,2,0.000027,3,SMALL,DOUBLE
exo,choose_hints,durbin,3,0.000028,3,SMALL,DOUBLE
exo,choose_hints,durbin,4,0.000028,3,SMALL,DOUBLE
exo,choose_hints,durbin,5,0.000028,3,SMALL,DOUBLE
exo,choose_hints,gesummv,1,0.000045,3,SMALL,DOUBLE
exo,choose_hints,gesummv,2,0.000039,3,SMALL,DOUBLE
exo,choose_hints,gesummv,3,0.000041,3,SMALL,DOUBLE
exo,choose_hints,gesummv,4,0.000044,3,SMALL,DOUBLE
exo,choose_hints,gesummv,5,0.000042,3,SMALL,DOUBLE
exo,choose_hints,heat-3d,1,0.002718,3,SMALL,DOUBLE
exo,choose_hints,heat-3d,2,0.002697,3,SMALL,DOUBLE
exo,choose_hints,heat-3d,3,0.002776,3,SMALL,DOUBLE
exo,choose_hints,heat-3d,4,0.002698,3,SMALL,DOUBLE
exo,choose_hints,heat-3d,5,0.002665,3,SMALL,DOUBLE
exo,choose_hints,jacobi-1d,1,0.002008,3,SMALL,DOUBLE
exo,choose_hints,jacobi-1d,2,0.002055,3,SMALL,DOUBLE
exo,choose_hints,jacobi-1d,3,0.002021,3,SMALL,DOUBLE
exo,choose_hints,jacobi-1d,4,0.002091,3,SMALL,DOUBLE
exo,choose_hints,jacobi-1d,5,0.002042,3,SMALL,DOUBLE
exo,choose_hints,lu,1,0.000767,3,SMALL,DOUBLE
exo,choose_hints,lu,2,0.000753,3,SMALL,DOUBLE
exo,choose_hints,lu,3,0.000768,3,SMALL,DOUBLE
exo,choose_hints,lu,4,0.000764,3,SMALL,DOUBLE
exo,choose_hints,lu,5,0.000767,3,SMALL,DOUBLE
exo,choose_hints,ludcmp,1,0.003451,3,SMALL,DOUBLE
exo,choose_hints,ludcmp,2,0.003491,3,SMALL,DOUBLE
exo,choose_hints,ludcmp,3,0.003386,3,SMALL,DOUBLE
exo,choose_hints,ludcmp,4,0.003486,3,SMALL,DOUBLE
exo,choose_hints,ludcmp,5,0.003503,3,SMALL,DOUBLE
exo,choose_hints,mvt,1,0.000071,3,SMALL,DOUBLE
exo,choose_hints,mvt,2,0.000076,3,SMALL,DOUBLE
exo,choose_hints,mvt,3,0.000071,3,SMALL,DOUBLE
exo,choose_hints,mvt,4,0.000068,3,SMALL,DOUBLE
exo,choose_hints,mvt,5,0.000076,3,SMALL,DOUBLE
exo,choose_hints,nussinov,1,0.005049,3,SMALL,DOUBLE
exo,choose_hints,nussinov,2,0.004968,3,SMALL,DOUBLE
exo,choose_hints,nussinov,3,0.005039,3,SMALL,DOUBLE
exo,choose_hints,nussinov,4,0.005070,3,SMALL,DOUBLE
exo,choose_hints,nussinov,5,0.005022,3,SMALL,DOUBLE
exo,choose_hints,symm,1,0.001760,3,SMALL,DOUBLE
exo,choose_hints,symm,2,0.001800,3,SMALL,DOUBLE
exo,choose_hints,symm,3,0.001814,3,SMALL,DOUBLE
exo,choose_hints,symm,4,0.001768,3,SMALL,DOUBLE
exo,choose_hints,symm,5,0.001763,3,SMALL,DOUBLE
exo,choose_hints,syr2k,1,0.000067,3,SMALL,DOUBLE
exo,choose_hints,syr2k,2,0.000058,3,SMALL,DOUBLE
exo,choose_hints,syr2k,3,0.000063,3,SMALL,DOUBLE
exo,choose_hints,syr2k,4,0.000063,3,SMALL,DOUBLE
exo,choose_hints,syr2k,5,0.000062,3,SMALL,DOUBLE
exo,choose_hints,trisolv,1,0.000017,3,SMALL,DOUBLE
exo,choose_hints,trisolv,2,0.000013,3,SMALL,DOUBLE
exo,choose_hints,trisolv,3,0.000012,3,SMALL,DOUBLE
exo,choose_hints,trisolv,4,0.000013,3,SMALL,DOUBLE
exo,choose_hints,trisolv,5,0.000013,3,SMALL,DOUBLE
exo,choose_hints,2mm,1,0.000180,4,SMALL,DOUBLE
exo,choose_hints,2mm,2,0.000179,4,SMALL,DOUBLE
exo,choose_hints,2mm,3,0.000180,4,SMALL,DOUBLE
exo,choose_hints,2mm,4,0.000227,4,SMALL,DOUBLE
exo,choose_hints,2mm,5,0.000180,4,SMALL,DOUBLE
exo,choose_hints,3mm,1,0.000202,4,SMALL,DOUBLE
exo,choose_hints,3mm,2,0.000225,4,SMALL,DOUBLE
exo,choose_hints,3mm,3,0.000219,4,SMALL,DOUBLE
exo,choose_hints,3mm,4,0.000213,4,SMALL,DOUBLE
exo,choose_hints,3mm,5,0.000211,4,SMALL,DOUBLE
exo,choose_hints,adi,1,0.004330,4,SMALL,DOUBLE
exo,choose_hints,adi,2,0.004240,4,SMALL,DOUBLE
exo,choose_hints,adi,3,0.003887,4,SMALL,DOUBLE
exo,choose_hints,adi,4,0.004257,4,SMALL,DOUBLE
exo,choose_hints,adi,5,0.003893,4,SMALL,DOUBLE
exo,choose_hints,atax,1,0.000082,4,SMALL,DOUBLE
exo,choose_hints,atax,2,0.000080,4,SMALL,DOUBLE
exo,choose_hints,atax,3,0.000099,4,SMALL,DOUBLE
exo,choose_hints,atax,4,0.000084,4,SMALL,DOUBLE
exo,choose_hints,atax,5,0.000082,4,SMALL,DOUBLE
exo,choose_hints,bicg,1,0.000054,4,SMALL,DOUBLE
exo,choose_hints,bicg,2,0.000055,4,SMALL,DOUBLE
exo,choose_hints,bicg,3,0.000054,4,SMALL,DOUBLE
exo,choose_hints,bicg,4,0.000054,4,SMALL,DOUBLE
exo,choose_hints,bicg,5,0.000055,4,SMALL,DOUBLE
exo,choose_hints,cholesky,1,0.000400,4,SMALL,DOUBLE
exo,choose_hints,cholesky,2,0.000399,4,SMALL,DOUBLE
exo,choose_hints,cholesky,3,0.000411,4,SMALL,DOUBLE
exo,choose_hints,cholesky,4,0.000412,4,SMALL,DOUBLE
exo,choose_hints,cholesky,5,0.000410,4,SMALL,DOUBLE
exo,choose_hints,correlation,1,0.000190,4,SMALL,DOUBLE
exo,choose_hints,correlation,2,0.000172,4,SMALL,DOUBLE
exo,choose_hints,correlation,3,0.000161,4,SMALL,DOUBLE
exo,choose_hints,correlation,4,0.000185,4,SMALL,DOUBLE
exo,choose_hints,correlation,5,0.000161,4,SMALL,DOUBLE
exo,choose_hints,doitgen,1,0.000219,4,SMALL,DOUBLE
exo,choose_hints,doitgen,2,0.000239,4,SMALL,DOUBLE
exo,choose_hints,doitgen,3,0.000206,4,SMALL,DOUBLE
exo,choose_hints,doitgen,4,0.000207,4,SMALL,DOUBLE
exo,choose_hints,doitgen,5,0.000238,4,SMALL,DOUBLE
exo,choose_hints,durbin,1,0.008743,4,SMALL,DOUBLE
exo,choose_hints,durbin,2,0.008705,4,SMALL,DOUBLE
exo,choose_hints,durbin,3,0.008743,4,SMALL,DOUBLE
exo,choose_hints,durbin,4,0.008831,4,SMALL,DOUBLE
exo,choose_hints,durbin,5,0.008984,4,SMALL,DOUBLE
exo,choose_hints,fdtd-2d,1,0.005466,4,SMALL,DOUBLE
exo,choose_hints,fdtd-2d,2,0.005455,4,SMALL,DOUBLE
exo,choose_hints,fdtd-2d,3,0.005493,4,SMALL,DOUBLE
exo,choose_hints,fdtd-2d,4,0.005470,4,SMALL,DOUBLE
exo,choose_hints,fdtd-2d,5,0.005388,4,SMALL,DOUBLE
exo,choose_hints,floyd-warshall,1,0.005791,4,SMALL,DOUBLE
exo,choose_hints,floyd-warshall,2,0.005731,4,SMALL,DOUBLE
exo,choose_hints,floyd-warshall,3,0.005885,4,SMALL,DOUBLE
exo,choose_hints,floyd-warshall,4,0.005207,4,SMALL,DOUBLE
exo,choose_hints,floyd-warshall,5,0.005622,4,SMALL,DOUBLE
exo,choose_hints,gemm,1,0.000104,4,SMALL,DOUBLE
exo,choose_hints,gemm,2,0.000098,4,SMALL,DOUBLE
exo,choose_hints,gemm,3,0.000096,4,SMALL,DOUBLE
exo,choose_hints,gemm,4,0.000108,4,SMALL,DOUBLE
exo,choose_hints,gemm,5,0.000104,4,SMALL,DOUBLE
exo,choose_hints,gesummv,1,0.000041,4,SMALL,DOUBLE
exo,choose_hints,gesummv,2,0.000040,4,SMALL,DOUBLE
exo,choose_hints,gesummv,3,0.000041,4,SMALL,DOUBLE
exo,choose_hints,gesummv,4,0.000038,4,SMALL,DOUBLE
exo,choose_hints,gesummv,5,0.000038,4,SMALL,DOUBLE
exo,choose_hints,heat-3d,1,0.002722,4,SMALL,DOUBLE
exo,choose_hints,heat-3d,2,0.002699,4,SMALL,DOUBLE
exo,choose_hints,heat-3d,3,0.002635,4,SMALL,DOUBLE
exo,choose_hints,heat-3d,4,0.002704,4,SMALL,DOUBLE
exo,choose_hints,heat-3d,5,0.002706,4,SMALL,DOUBLE
exo,choose_hints,jacobi-1d,1,0.001968,4,SMALL,DOUBLE
exo,choose_hints,jacobi-1d,2,0.002024,4,SMALL,DOUBLE
exo,choose_hints,jacobi-1d,3,0.002004,4,SMALL,DOUBLE
exo,choose_hints,jacobi-1d,4,0.001960,4,SMALL,DOUBLE
exo,choose_hints,jacobi-1d,5,0.002038,4,SMALL,DOUBLE
exo,choose_hints,jacobi-2d,1,0.001849,4,SMALL,DOUBLE
exo,choose_hints,jacobi-2d,2,0.001993,4,SMALL,DOUBLE
exo,choose_hints,jacobi-2d,3,0.001892,4,SMALL,DOUBLE
exo,choose_hints,jacobi-2d,4,0.001838,4,SMALL,DOUBLE
exo,choose_hints,jacobi-2d,5,0.001999,4,SMALL,DOUBLE
exo,choose_hints,ludcmp,1,0.000612,4,SMALL,DOUBLE
exo,choose_hints,ludcmp,2,0.000621,4,SMALL,DOUBLE
exo,choose_hints,ludcmp,3,0.000627,4,SMALL,DOUBLE
exo,choose_hints,ludcmp,4,0.000608,4,SMALL,DOUBLE
exo,choose_hints,ludcmp,5,0.000613,4,SMALL,DOUBLE
exo,choose_hints,mvt,1,0.000025,4,SMALL,DOUBLE
exo,choose_hints,mvt,2,0.000025,4,SMALL,DOUBLE
exo,choose_hints,mvt,3,0.000025,4,SMALL,DOUBLE
exo,choose_hints,mvt,4,0.000025,4,SMALL,DOUBLE
exo,choose_hints,mvt,5,0.000025,4,SMALL,DOUBLE
exo,choose_hints,nussinov,1,0.004570,4,SMALL,DOUBLE
exo,choose_hints,nussinov,2,0.004578,4,SMALL,DOUBLE
exo,choose_hints,nussinov,3,0.004701,4,SMALL,DOUBLE
exo,choose_hints,nussinov,4,0.004645,4,SMALL,DOUBLE
exo,choose_hints,nussinov,5,0.004699,4,SMALL,DOUBLE
exo,choose_hints,symm,1,0.002617,4,SMALL,DOUBLE
exo,choose_hints,symm,2,0.002596,4,SMALL,DOUBLE
exo,choose_hints,symm,3,0.002567,4,SMALL,DOUBLE
exo,choose_hints,symm,4,0.002572,4,SMALL,DOUBLE
exo,choose_hints,symm,5,0.002601,4,SMALL,DOUBLE
exo,choose_hints,syr2k,1,0.000075,4,SMALL,DOUBLE
exo,choose_hints,syr2k,2,0.000062,4,SMALL,DOUBLE
exo,choose_hints,syr2k,3,0.000062,4,SMALL,DOUBLE
exo,choose_hints,syr2k,4,0.000065,4,SMALL,DOUBLE
exo,choose_hints,syr2k,5,0.000055,4,SMALL,DOUBLE
exo,choose_hints,syrk,1,0.000054,4,SMALL,DOUBLE
exo,choose_hints,syrk,2,0.000057,4,SMALL,DOUBLE
exo,choose_hints,syrk,3,0.000056,4,SMALL,DOUBLE
exo,choose_hints,syrk,4,0.000052,4,SMALL,DOUBLE
exo,choose_hints,syrk,5,0.000052,4,SMALL,DOUBLE
exo,choose_hints,trmm,1,0.000108,4,SMALL,DOUBLE
exo,choose_hints,trmm,2,0.000109,4,SMALL,DOUBLE
exo,choose_hints,trmm,3,0.000108,4,SMALL,DOUBLE
exo,choose_hints,trmm,4,0.000117,4,SMALL,DOUBLE
exo,choose_hints,trmm,5,0.000106,4,SMALL,DOUBLE
exo,choose_hints,2mm,1,0.000191,5,SMALL,DOUBLE
exo,choose_hints,2mm,2,0.000187,5,SMALL,DOUBLE
exo,choose_hints,2mm,3,0.000202,5,SMALL,DOUBLE
exo,choose_hints,2mm,4,0.000202,5,SMALL,DOUBLE
exo,choose_hints,2mm,5,0.000206,5,SMALL,DOUBLE
exo,choose_hints,adi,1,0.004382,5,SMALL,DOUBLE
exo,choose_hints,adi,2,0.003874,5,SMALL,DOUBLE
exo,choose_hints,adi,3,0.004425,5,SMALL,DOUBLE
exo,choose_hints,adi,4,0.004151,5,SMALL,DOUBLE
exo,choose_hints,adi,5,0.003993,5,SMALL,DOUBLE
exo,choose_hints,atax,1,0.000040,5,SMALL,DOUBLE
exo,choose_hints,atax,2,0.000038,5,SMALL,DOUBLE
exo,choose_hints,atax,3,0.000038,5,SMALL,DOUBLE
exo,choose_hints,atax,4,0.000039,5,SMALL,DOUBLE
exo,choose_hints,atax,5,0.000039,5,SMALL,DOUBLE
exo,choose_hints,bicg,1,0.000114,5,SMALL,DOUBLE
exo,choose_hints,bicg,2,0.000109,5,SMALL,DOUBLE
exo,choose_hints,bicg,3,0.000102,5,SMALL,DOUBLE
exo,choose_hints,bicg,4,0.000109,5,SMALL,DOUBLE
exo,choose_hints,bicg,5,0.000106,5,SMALL,DOUBLE
exo,choose_hints,cholesky,1,0.000346,5,SMALL,DOUBLE
exo,choose_hints,cholesky,2,0.000347,5,SMALL,DOUBLE
exo,choose_hints,cholesky,3,0.000360,5,SMALL,DOUBLE
exo,choose_hints,cholesky,4,0.000347,5,SMALL,DOUBLE
exo,choose_hints,cholesky,5,0.000359,5,SMALL,DOUBLE
exo,choose_hints,correlation,1,0.000251,5,SMALL,DOUBLE
exo,choose_hints,correlation,2,0.000254,5,SMALL,DOUBLE
exo,choose_hints,correlation,3,0.000303,5,SMALL,DOUBLE
exo,choose_hints,correlation,4,0.000265,5,SMALL,DOUBLE
exo,choose_hints,correlation,5,0.000245,5,SMALL,DOUBLE
exo,choose_hints,covariance,1,0.000174,5,SMALL,DOUBLE
exo,choose_hints,covariance,2,0.000163,5,SMALL,DOUBLE
exo,choose_hints,covariance,3,0.000170,5,SMALL,DOUBLE
exo,choose_hints,covariance,4,0.000168,5,SMALL,DOUBLE
exo,choose_hints,covariance,5,0.000229,5,SMALL,DOUBLE
exo,choose_hints,gesummv,1,0.000037,5,SMALL,DOUBLE
exo,choose_hints,gesummv,2,0.000041,5,SMALL,DOUBLE
exo,choose_hints,gesummv,3,0.000041,5,SMALL,DOUBLE
exo,choose_hints,gesummv,4,0.000038,5,SMALL,DOUBLE
exo,choose_hints,gesummv,5,0.000039,5,SMALL,DOUBLE
exo,choose_hints,jacobi-1d,1,0.002141,5,SMALL,DOUBLE
exo,choose_hints,jacobi-1d,2,0.002016,5,SMALL,DOUBLE
exo,choose_hints,jacobi-1d,3,0.002054,5,SMALL,DOUBLE
exo,choose_hints,jacobi-1d,4,0.002010,5,SMALL,DOUBLE
exo,choose_hints,jacobi-1d,5,0.002063,5,SMALL,DOUBLE
exo,choose_hints,mvt,1,0.000071,5,SMALL,DOUBLE
exo,choose_hints,mvt,2,0.000068,5,SMALL,DOUBLE
exo,choose_hints,mvt,3,0.000071,5,SMALL,DOUBLE
exo,choose_hints,mvt,4,0.000066,5,SMALL,DOUBLE
exo,choose_hints,mvt,5,0.000065,5,SMALL,DOUBLE
exo,choose_hints,nussinov,1,0.004654,5,SMALL,DOUBLE
exo,choose_hints,nussinov,2,0.004568,5,SMALL,DOUBLE
exo,choose_hints,nussinov,3,0.004629,5,SMALL,DOUBLE
exo,choose_hints,nussinov,4,0.004624,5,SMALL,DOUBLE
exo,choose_hints,nussinov,5,0.004632,5,SMALL,DOUBLE
exo,choose_hints,syr2k,1,0.000048,5,SMALL,DOUBLE
exo,choose_hints,syr2k,2,0.000048,5,SMALL,DOUBLE
exo,choose_hints,syr2k,3,0.000055,5,SMALL,DOUBLE
exo,choose_hints,syr2k,4,0.000054,5,SMALL,DOUBLE
exo,choose_hints,syr2k,5,0.000050,5,SMALL,DOUBLE
exo,choose_hints,syrk,1,0.000101,5,SMALL,DOUBLE
exo,choose_hints,syrk,2,0.000099,5,SMALL,DOUBLE
exo,choose_hints,syrk,3,0.000102,5,SMALL,DOUBLE
exo,choose_hints,syrk,4,0.000089,5,SMALL,DOUBLE
exo,choose_hints,syrk,5,0.000100,5,SMALL,DOUBLE
exo,choose_hints,trisolv,1,0.000014,5,SMALL,DOUBLE
exo,choose_hints,trisolv,2,0.000011,5,SMALL,DOUBLE
exo,choose_hints,trisolv,3,0.000011,5,SMALL,DOUBLE
exo,choose_hints,trisolv,4,0.000012,5,SMALL,DOUBLE
exo,choose_hints,trisolv,5,0.000012,5,SMALL,DOUBLE
