-- The C compiler identification is GNU 15.2.0
-- Detecting C compiler ABI info
-- Detecting C compiler ABI info - done
-- Check for working C compiler: /usr/local/latestgcc/bin/gcc - skipped
-- Detecting C compile features
-- Detecting C compile features - done
-- Configuring done (0.4s)
-- Generating done (0.8s)
-- Build files have been written to: /home/kleplj/choose_hints-xlarge/optimization/choose_hints/PolybenchC-4.2.1/build
[  5%] Building C object CMakeFiles/covariance.dir/utilities/polybench.c.o
[  5%] Building C object CMakeFiles/covariance.dir/datamining/covariance/covariance.c.o
[  7%] Building C object CMakeFiles/cholesky.dir/linear-algebra/solvers/cholesky/cholesky.c.o
[  7%] Building C object CMakeFiles/correlation.dir/utilities/polybench.c.o
[  7%] Building C object CMakeFiles/correlation.dir/datamining/correlation/correlation.c.o
[ 18%] Building C object CMakeFiles/gramschmidt.dir/utilities/polybench.c.o
[ 18%] Building C object CMakeFiles/gramschmidt.dir/linear-algebra/solvers/gramschmidt/gramschmidt.c.o
[ 18%] Building C object CMakeFiles/ludcmp.dir/linear-algebra/solvers/ludcmp/ludcmp.c.o
[ 18%] Building C object CMakeFiles/gemm.dir/utilities/polybench.c.o
[ 18%] Building C object CMakeFiles/trisolv.dir/utilities/polybench.c.o
[ 18%] Building C object CMakeFiles/lu.dir/linear-algebra/solvers/lu/lu.c.o
[ 18%] Building C object CMakeFiles/cholesky.dir/utilities/polybench.c.o
[ 18%] Building C object CMakeFiles/durbin.dir/linear-algebra/solvers/durbin/durbin.c.o
[ 18%] Building C object CMakeFiles/lu.dir/utilities/polybench.c.o
[ 52%] Building C object CMakeFiles/deriche.dir/utilities/polybench.c.o
[ 53%] Building C object CMakeFiles/doitgen.dir/linear-algebra/kernels/doitgen/doitgen.c.o
[ 53%] Building C object CMakeFiles/durbin.dir/utilities/polybench.c.o
[ 66%] Building C object CMakeFiles/seidel-2d.dir/utilities/polybench.c.o
[ 66%] Building C object CMakeFiles/seidel-2d.dir/stencils/seidel-2d/seidel-2d.c.o
[ 66%] Building C object CMakeFiles/3mm.dir/utilities/polybench.c.o
[ 66%] Building C object CMakeFiles/floyd-warshall.dir/medley/floyd-warshall/floyd-warshall.c.o
[ 66%] Building C object CMakeFiles/trmm.dir/linear-algebra/blas/trmm/trmm.c.o
[ 66%] Building C object CMakeFiles/symm.dir/utilities/polybench.c.o
[ 66%] Building C object CMakeFiles/2mm.dir/linear-algebra/kernels/2mm/2mm.c.o
[ 66%] Building C object CMakeFiles/jacobi-2d.dir/stencils/jacobi-2d/jacobi-2d.c.o
[ 66%] Building C object CMakeFiles/syrk.dir/utilities/polybench.c.o
[ 66%] Building C object CMakeFiles/fdtd-2d.dir/utilities/polybench.c.o
[ 66%] Building C object CMakeFiles/gesummv.dir/utilities/polybench.c.o
[ 66%] Building C object CMakeFiles/mvt.dir/utilities/polybench.c.o
[ 66%] Building C object CMakeFiles/bicg.dir/linear-algebra/kernels/bicg/bicg.c.o
[ 66%] Building C object CMakeFiles/nussinov.dir/utilities/polybench.c.o
[ 66%] Building C object CMakeFiles/jacobi-1d.dir/utilities/polybench.c.o
[ 66%] Building C object CMakeFiles/atax.dir/linear-algebra/kernels/atax/atax.c.o
[ 66%] Building C object CMakeFiles/doitgen.dir/utilities/polybench.c.o
[ 66%] Building C object CMakeFiles/deriche.dir/medley/deriche/deriche.c.o
[ 66%] Building C object CMakeFiles/trmm.dir/utilities/polybench.c.o
[ 66%] Building C object CMakeFiles/heat-3d.dir/utilities/polybench.c.o
[ 66%] Building C object CMakeFiles/mvt.dir/linear-algebra/kernels/mvt/mvt.c.o
[ 66%] Building C object CMakeFiles/3mm.dir/linear-algebra/kernels/3mm/3mm.c.o
[ 66%] Building C object CMakeFiles/gemver.dir/linear-algebra/blas/gemver/gemver.c.o
[ 66%] Building C object CMakeFiles/symm.dir/linear-algebra/blas/symm/symm.c.o
[ 66%] Building C object CMakeFiles/heat-3d.dir/stencils/heat-3d/heat-3d.c.o
[ 66%] Building C object CMakeFiles/syr2k.dir/linear-algebra/blas/syr2k/syr2k.c.o
[ 66%] Building C object CMakeFiles/bicg.dir/utilities/polybench.c.o
[ 66%] Building C object CMakeFiles/gemm.dir/linear-algebra/blas/gemm/gemm.c.o
[ 66%] Building C object CMakeFiles/nussinov.dir/medley/nussinov/nussinov.c.o
[ 66%] Building C object CMakeFiles/floyd-warshall.dir/utilities/polybench.c.o
[ 66%] Building C object CMakeFiles/trisolv.dir/linear-algebra/solvers/trisolv/trisolv.c.o
[ 66%] Building C object CMakeFiles/fdtd-2d.dir/stencils/fdtd-2d/fdtd-2d.c.o
[ 66%] Building C object CMakeFiles/ludcmp.dir/utilities/polybench.c.o
[ 66%] Building C object CMakeFiles/gemver.dir/utilities/polybench.c.o
[ 66%] Building C object CMakeFiles/gesummv.dir/linear-algebra/blas/gesummv/gesummv.c.o
[ 66%] Building C object CMakeFiles/syr2k.dir/utilities/polybench.c.o
[ 66%] Building C object CMakeFiles/syrk.dir/linear-algebra/blas/syrk/syrk.c.o
[ 66%] Building C object CMakeFiles/adi.dir/stencils/adi/adi.c.o
[ 66%] Building C object CMakeFiles/jacobi-2d.dir/utilities/polybench.c.o
[ 66%] Building C object CMakeFiles/2mm.dir/utilities/polybench.c.o
[ 66%] Building C object CMakeFiles/atax.dir/utilities/polybench.c.o
[ 66%] Building C object CMakeFiles/jacobi-1d.dir/stencils/jacobi-1d/jacobi-1d.c.o
[ 66%] Building C object CMakeFiles/adi.dir/utilities/polybench.c.o
[ 67%] Linking C executable covariance
[ 68%] Linking C executable durbin
[ 70%] Linking C executable doitgen
[ 72%] Linking C executable bicg
[ 72%] Linking C executable seidel-2d
[ 73%] Linking C executable gesummv
[ 74%] Built target covariance
[ 74%] Linking C executable trisolv
[ 75%] Linking C executable floyd-warshall
[ 77%] Linking C executable trmm
[ 77%] Linking C executable syrk
[ 78%] Linking C executable correlation
[ 80%] Linking C executable atax
[ 81%] Linking C executable cholesky
[ 82%] Linking C executable 2mm
[ 82%] Built target durbin
[ 83%] Linking C executable mvt
[ 85%] Linking C executable gemver
[ 85%] Built target doitgen
[ 85%] Linking C executable jacobi-2d
[ 85%] Built target seidel-2d
[ 85%] Built target bicg
[ 85%] Built target gesummv
[ 86%] Linking C executable lu
[ 87%] Built target trisolv
[ 87%] Linking C executable gramschmidt
[ 88%] Linking C executable symm
[ 88%] Built target floyd-warshall
[ 88%] Built target trmm
[ 88%] Built target syrk
[ 90%] Linking C executable heat-3d
[ 91%] Linking C executable ludcmp
[ 91%] Built target correlation
[ 91%] Built target atax
[ 92%] Linking C executable nussinov
[ 92%] Built target cholesky
[ 93%] Built target 2mm
[ 93%] Linking C executable 3mm
[ 94%] Linking C executable gemm
[ 94%] Built target mvt
[ 94%] Built target jacobi-2d
[ 94%] Built target gemver
[ 95%] Linking C executable deriche
[ 95%] Built target lu
[ 95%] Built target gramschmidt
[ 95%] Built target symm
[ 95%] Built target heat-3d
[ 95%] Built target ludcmp
[ 95%] Built target nussinov
[ 95%] Built target 3mm
[ 95%] Built target gemm
[ 95%] Built target deriche
c,choose_hints,2mm,0.238826,108.674,valid,1,EXTRALARGE,DOUBLE
c,choose_hints,2mm,1,0.230969,1,EXTRALARGE,DOUBLE
c,choose_hints,2mm,2,0.227827,1,EXTRALARGE,DOUBLE
c,choose_hints,2mm,3,0.239259,1,EXTRALARGE,DOUBLE
c,choose_hints,2mm,4,0.241774,1,EXTRALARGE,DOUBLE
c,choose_hints,2mm,5,0.238690,1,EXTRALARGE,DOUBLE
c,choose_hints,3mm,0.370663,116.871,valid,1,EXTRALARGE,DOUBLE
c,choose_hints,3mm,1,0.366424,1,EXTRALARGE,DOUBLE
c,choose_hints,3mm,2,0.370679,1,EXTRALARGE,DOUBLE
c,choose_hints,3mm,3,0.369426,1,EXTRALARGE,DOUBLE
c,choose_hints,3mm,4,0.364377,1,EXTRALARGE,DOUBLE
c,choose_hints,3mm,5,0.364142,1,EXTRALARGE,DOUBLE
c,choose_hints,adi,,,compile_error,1,EXTRALARGE,DOUBLE
c,choose_hints,atax,0.001149,7.472,valid,1,EXTRALARGE,DOUBLE
c,choose_hints,atax,1,0.001176,1,EXTRALARGE,DOUBLE
c,choose_hints,atax,2,0.001151,1,EXTRALARGE,DOUBLE
c,choose_hints,atax,3,0.001153,1,EXTRALARGE,DOUBLE
c,choose_hints,atax,4,0.001145,1,EXTRALARGE,DOUBLE
c,choose_hints,atax,5,0.001099,1,EXTRALARGE,DOUBLE
c,choose_hints,bicg,0.006047,2.406,valid,1,EXTRALARGE,DOUBLE
c,choose_hints,bicg,1,0.006263,1,EXTRALARGE,DOUBLE
c,choose_hints,bicg,2,0.005992,1,EXTRALARGE,DOUBLE
c,choose_hints,bicg,3,0.006039,1,EXTRALARGE,DOUBLE
c,choose_hints,bicg,4,0.006029,1,EXTRALARGE,DOUBLE
c,choose_hints,bicg,5,0.006066,1,EXTRALARGE,DOUBLE
c,choose_hints,cholesky,16.186799,1.006,valid,1,EXTRALARGE,DOUBLE
c,choose_hints,cholesky,1,16.200272,1,EXTRALARGE,DOUBLE
c,choose_hints,cholesky,2,16.238221,1,EXTRALARGE,DOUBLE
c,choose_hints,cholesky,3,16.224542,1,EXTRALARGE,DOUBLE
c,choose_hints,cholesky,4,16.223361,1,EXTRALARGE,DOUBLE
c,choose_hints,cholesky,5,16.263566,1,EXTRALARGE,DOUBLE
c,choose_hints,correlation,5.920032,3.452,valid,1,EXTRALARGE,DOUBLE
c,choose_hints,correlation,1,5.984046,1,EXTRALARGE,DOUBLE
c,choose_hints,correlation,2,5.992811,1,EXTRALARGE,DOUBLE
c,choose_hints,correlation,3,5.913622,1,EXTRALARGE,DOUBLE
c,choose_hints,correlation,4,6.086388,1,EXTRALARGE,DOUBLE
c,choose_hints,correlation,5,5.850333,1,EXTRALARGE,DOUBLE
c,choose_hints,covariance,5.929804,3.447,valid,1,EXTRALARGE,DOUBLE
c,choose_hints,covariance,1,5.991165,1,EXTRALARGE,DOUBLE
c,choose_hints,covariance,2,6.009920,1,EXTRALARGE,DOUBLE
c,choose_hints,covariance,3,5.978596,1,EXTRALARGE,DOUBLE
c,choose_hints,covariance,4,5.911995,1,EXTRALARGE,DOUBLE
c,choose_hints,covariance,5,5.995432,1,EXTRALARGE,DOUBLE
c,choose_hints,deriche,0.244825,4.864,valid,1,EXTRALARGE,DOUBLE
c,choose_hints,deriche,1,0.249080,1,EXTRALARGE,DOUBLE
c,choose_hints,deriche,2,0.249352,1,EXTRALARGE,DOUBLE
c,choose_hints,deriche,3,0.251137,1,EXTRALARGE,DOUBLE
c,choose_hints,deriche,4,0.249623,1,EXTRALARGE,DOUBLE
c,choose_hints,deriche,5,0.248559,1,EXTRALARGE,DOUBLE
c,choose_hints,doitgen,1.185060,4.651,valid,1,EXTRALARGE,DOUBLE
c,choose_hints,doitgen,1,1.183856,1,EXTRALARGE,DOUBLE
c,choose_hints,doitgen,2,1.183751,1,EXTRALARGE,DOUBLE
c,choose_hints,doitgen,3,1.214375,1,EXTRALARGE,DOUBLE
c,choose_hints,doitgen,4,1.184403,1,EXTRALARGE,DOUBLE
c,choose_hints,doitgen,5,1.186858,1,EXTRALARGE,DOUBLE
c,choose_hints,durbin,0.015996,1.007,valid,1,EXTRALARGE,DOUBLE
c,choose_hints,durbin,1,0.016019,1,EXTRALARGE,DOUBLE
c,choose_hints,durbin,2,0.016020,1,EXTRALARGE,DOUBLE
c,choose_hints,durbin,3,0.015975,1,EXTRALARGE,DOUBLE
c,choose_hints,durbin,4,0.015996,1,EXTRALARGE,DOUBLE
c,choose_hints,durbin,5,0.016012,1,EXTRALARGE,DOUBLE
c,choose_hints,fdtd-2d,,,compile_error,1,EXTRALARGE,DOUBLE
c,choose_hints,floyd-warshall,23.392325,7.561,valid,1,EXTRALARGE,DOUBLE
c,choose_hints,floyd-warshall,1,22.333395,1,EXTRALARGE,DOUBLE
c,choose_hints,floyd-warshall,2,26.127005,1,EXTRALARGE,DOUBLE
c,choose_hints,floyd-warshall,3,26.075767,1,EXTRALARGE,DOUBLE
c,choose_hints,floyd-warshall,4,29.736900,1,EXTRALARGE,DOUBLE
c,choose_hints,floyd-warshall,5,22.068250,1,EXTRALARGE,DOUBLE
c,choose_hints,gemm,0.094427,75.975,valid,1,EXTRALARGE,DOUBLE
c,choose_hints,gemm,1,0.094917,1,EXTRALARGE,DOUBLE
c,choose_hints,gemm,2,0.093805,1,EXTRALARGE,DOUBLE
c,choose_hints,gemm,3,0.093674,1,EXTRALARGE,DOUBLE
c,choose_hints,gemm,4,0.094479,1,EXTRALARGE,DOUBLE
c,choose_hints,gemm,5,0.093904,1,EXTRALARGE,DOUBLE
c,choose_hints,gemver,0.028528,3.086,valid,1,EXTRALARGE,DOUBLE
c,choose_hints,gemver,1,0.028319,1,EXTRALARGE,DOUBLE
c,choose_hints,gemver,2,0.028129,1,EXTRALARGE,DOUBLE
c,choose_hints,gemver,3,0.028270,1,EXTRALARGE,DOUBLE
c,choose_hints,gemver,4,0.028369,1,EXTRALARGE,DOUBLE
c,choose_hints,gemver,5,0.029069,1,EXTRALARGE,DOUBLE
c,choose_hints,gesummv,0.005389,5.178,valid,1,EXTRALARGE,DOUBLE
c,choose_hints,gesummv,1,0.005370,1,EXTRALARGE,DOUBLE
c,choose_hints,gesummv,2,0.005354,1,EXTRALARGE,DOUBLE
c,choose_hints,gesummv,3,0.005335,1,EXTRALARGE,DOUBLE
c,choose_hints,gesummv,4,0.005326,1,EXTRALARGE,DOUBLE
c,choose_hints,gesummv,5,0.005358,1,EXTRALARGE,DOUBLE
c,choose_hints,gramschmidt,8.065767,2.886,valid,1,EXTRALARGE,DOUBLE
c,choose_hints,gramschmidt,1,8.084749,1,EXTRALARGE,DOUBLE
c,choose_hints,gramschmidt,2,8.084958,1,EXTRALARGE,DOUBLE
c,choose_hints,gramschmidt,3,8.060302,1,EXTRALARGE,DOUBLE
c,choose_hints,gramschmidt,4,8.113820,1,EXTRALARGE,DOUBLE
c,choose_hints,gramschmidt,5,8.157838,1,EXTRALARGE,DOUBLE
c,choose_hints,heat-3d,15.924743,1.918,valid,1,EXTRALARGE,DOUBLE
c,choose_hints,heat-3d,1,14.087013,1,EXTRALARGE,DOUBLE
c,choose_hints,heat-3d,2,14.171222,1,EXTRALARGE,DOUBLE
c,choose_hints,heat-3d,3,15.074625,1,EXTRALARGE,DOUBLE
c,choose_hints,heat-3d,4,14.947202,1,EXTRALARGE,DOUBLE
c,choose_hints,heat-3d,5,13.069152,1,EXTRALARGE,DOUBLE
c,choose_hints,jacobi-1d,,,compile_error,1,EXTRALARGE,DOUBLE
c,choose_hints,jacobi-2d,6.478522,3.201,valid,1,EXTRALARGE,DOUBLE
c,choose_hints,jacobi-2d,1,5.843659,1,EXTRALARGE,DOUBLE
c,choose_hints,jacobi-2d,2,5.884023,1,EXTRALARGE,DOUBLE
c,choose_hints,jacobi-2d,3,6.541578,1,EXTRALARGE,DOUBLE
c,choose_hints,jacobi-2d,4,10.649032,1,EXTRALARGE,DOUBLE
c,choose_hints,jacobi-2d,5,5.797151,1,EXTRALARGE,DOUBLE
c,choose_hints,lu,43.068059,1.187,valid,1,EXTRALARGE,DOUBLE
c,choose_hints,lu,1,43.061501,1,EXTRALARGE,DOUBLE
c,choose_hints,lu,2,43.086548,1,EXTRALARGE,DOUBLE
c,choose_hints,lu,3,43.108483,1,EXTRALARGE,DOUBLE
c,choose_hints,lu,4,43.094845,1,EXTRALARGE,DOUBLE
c,choose_hints,lu,5,42.864092,1,EXTRALARGE,DOUBLE
c,choose_hints,ludcmp,31.574407,1.486,valid,1,EXTRALARGE,DOUBLE
c,choose_hints,ludcmp,1,24.917207,1,EXTRALARGE,DOUBLE
c,choose_hints,ludcmp,2,28.662775,1,EXTRALARGE,DOUBLE
c,choose_hints,ludcmp,3,25.437615,1,EXTRALARGE,DOUBLE
c,choose_hints,ludcmp,4,25.277078,1,EXTRALARGE,DOUBLE
c,choose_hints,ludcmp,5,25.187153,1,EXTRALARGE,DOUBLE
c,choose_hints,mvt,0.013765,5.246,valid,1,EXTRALARGE,DOUBLE
c,choose_hints,mvt,1,0.014649,1,EXTRALARGE,DOUBLE
c,choose_hints,mvt,2,0.014406,1,EXTRALARGE,DOUBLE
c,choose_hints,mvt,3,0.014227,1,EXTRALARGE,DOUBLE
c,choose_hints,mvt,4,0.013934,1,EXTRALARGE,DOUBLE
c,choose_hints,mvt,5,0.013799,1,EXTRALARGE,DOUBLE
c,choose_hints,nussinov,5.710849,18.752,valid,1,EXTRALARGE,DOUBLE
c,choose_hints,nussinov,1,6.444005,1,EXTRALARGE,DOUBLE
c,choose_hints,nussinov,2,5.869448,1,EXTRALARGE,DOUBLE
c,choose_hints,nussinov,3,5.840255,1,EXTRALARGE,DOUBLE
c,choose_hints,nussinov,4,5.891194,1,EXTRALARGE,DOUBLE
c,choose_hints,nussinov,5,5.762120,1,EXTRALARGE,DOUBLE
c,choose_hints,seidel-2d,160.594204,1.357,valid,1,EXTRALARGE,DOUBLE
c,choose_hints,seidel-2d,1,160.592430,1,EXTRALARGE,DOUBLE
c,choose_hints,seidel-2d,2,160.581428,1,EXTRALARGE,DOUBLE
c,choose_hints,seidel-2d,3,160.589766,1,EXTRALARGE,DOUBLE
c,choose_hints,seidel-2d,4,160.594590,1,EXTRALARGE,DOUBLE
c,choose_hints,seidel-2d,5,160.592131,1,EXTRALARGE,DOUBLE
c,choose_hints,symm,6.021013,2.647,valid,1,EXTRALARGE,DOUBLE
c,choose_hints,symm,1,6.046532,1,EXTRALARGE,DOUBLE
c,choose_hints,symm,2,6.045670,1,EXTRALARGE,DOUBLE
c,choose_hints,symm,3,6.178896,1,EXTRALARGE,DOUBLE
c,choose_hints,symm,4,6.109975,1,EXTRALARGE,DOUBLE
c,choose_hints,symm,5,6.021462,1,EXTRALARGE,DOUBLE
c,choose_hints,syr2k,,,compile_error,1,EXTRALARGE,DOUBLE
c,choose_hints,syrk,0.162561,47.746,valid,1,EXTRALARGE,DOUBLE
c,choose_hints,syrk,1,0.168314,1,EXTRALARGE,DOUBLE
c,choose_hints,syrk,2,0.168291,1,EXTRALARGE,DOUBLE
c,choose_hints,syrk,3,0.169540,1,EXTRALARGE,DOUBLE
c,choose_hints,syrk,4,0.169550,1,EXTRALARGE,DOUBLE
c,choose_hints,syrk,5,0.168475,1,EXTRALARGE,DOUBLE
c,choose_hints,trisolv,0.012921,1.025,valid,1,EXTRALARGE,DOUBLE
c,choose_hints,trisolv,1,0.012819,1,EXTRALARGE,DOUBLE
c,choose_hints,trisolv,2,0.013039,1,EXTRALARGE,DOUBLE
c,choose_hints,trisolv,3,0.012872,1,EXTRALARGE,DOUBLE
c,choose_hints,trisolv,4,0.012926,1,EXTRALARGE,DOUBLE
c,choose_hints,trisolv,5,0.012794,1,EXTRALARGE,DOUBLE
c,choose_hints,trmm,2.793236,3.393,valid,1,EXTRALARGE,DOUBLE
c,choose_hints,trmm,1,2.780878,1,EXTRALARGE,DOUBLE
c,choose_hints,trmm,2,2.763184,1,EXTRALARGE,DOUBLE
c,choose_hints,trmm,3,2.760355,1,EXTRALARGE,DOUBLE
c,choose_hints,trmm,4,2.809759,1,EXTRALARGE,DOUBLE
c,choose_hints,trmm,5,2.742147,1,EXTRALARGE,DOUBLE
-- The C compiler identification is GNU 15.2.0
-- Detecting C compiler ABI info
-- Detecting C compiler ABI info - done
-- Check for working C compiler: /usr/local/latestgcc/bin/gcc - skipped
-- Detecting C compile features
-- Detecting C compile features - done
-- Configuring done (0.4s)
-- Generating done (0.8s)
-- Build files have been written to: /home/kleplj/choose_hints-xlarge/optimization/choose_hints/PolybenchC-4.2.1/build
[  6%] Building C object CMakeFiles/correlation.dir/datamining/correlation/correlation.c.o
[ 11%] Building C object CMakeFiles/lu.dir/utilities/polybench.c.o
[  6%] Building C object CMakeFiles/cholesky.dir/linear-algebra/solvers/cholesky/cholesky.c.o
[  6%] Building C object CMakeFiles/correlation.dir/utilities/polybench.c.o
[  6%] Building C object CMakeFiles/covariance.dir/datamining/covariance/covariance.c.o
[ 13%] Building C object CMakeFiles/gramschmidt.dir/linear-algebra/solvers/gramschmidt/gramschmidt.c.o
[ 27%] Building C object CMakeFiles/gemver.dir/utilities/polybench.c.o
[ 13%] Building C object CMakeFiles/covariance.dir/utilities/polybench.c.o
[ 13%] Building C object CMakeFiles/durbin.dir/linear-algebra/solvers/durbin/durbin.c.o
[ 13%] Building C object CMakeFiles/lu.dir/linear-algebra/solvers/lu/lu.c.o
[ 13%] Building C object CMakeFiles/cholesky.dir/utilities/polybench.c.o
[ 31%] Building C object CMakeFiles/gemver.dir/linear-algebra/blas/gemver/gemver.c.o
[ 51%] Building C object CMakeFiles/2mm.dir/linear-algebra/kernels/2mm/2mm.c.o
[ 31%] Building C object CMakeFiles/gemm.dir/linear-algebra/blas/gemm/gemm.c.o
[ 31%] Building C object CMakeFiles/syr2k.dir/linear-algebra/blas/syr2k/syr2k.c.o
[ 66%] Building C object CMakeFiles/trmm.dir/linear-algebra/blas/trmm/trmm.c.o
[ 66%] Building C object CMakeFiles/durbin.dir/utilities/polybench.c.o
[ 66%] Building C object CMakeFiles/syr2k.dir/utilities/polybench.c.o
[ 66%] Building C object CMakeFiles/trisolv.dir/utilities/polybench.c.o
[ 66%] Building C object CMakeFiles/gemm.dir/utilities/polybench.c.o
[ 66%] Building C object CMakeFiles/ludcmp.dir/utilities/polybench.c.o
[ 66%] Building C object CMakeFiles/gramschmidt.dir/utilities/polybench.c.o
[ 66%] Building C object CMakeFiles/syrk.dir/linear-algebra/blas/syrk/syrk.c.o
[ 66%] Building C object CMakeFiles/trmm.dir/utilities/polybench.c.o
[ 66%] Building C object CMakeFiles/trisolv.dir/linear-algebra/solvers/trisolv/trisolv.c.o
[ 66%] Building C object CMakeFiles/syrk.dir/utilities/polybench.c.o
[ 66%] Building C object CMakeFiles/ludcmp.dir/linear-algebra/solvers/ludcmp/ludcmp.c.o
[ 66%] Building C object CMakeFiles/2mm.dir/utilities/polybench.c.o
[ 66%] Building C object CMakeFiles/seidel-2d.dir/stencils/seidel-2d/seidel-2d.c.o
[ 66%] Building C object CMakeFiles/bicg.dir/utilities/polybench.c.o
[ 66%] Building C object CMakeFiles/seidel-2d.dir/utilities/polybench.c.o
[ 66%] Building C object CMakeFiles/adi.dir/utilities/polybench.c.o
[ 66%] Building C object CMakeFiles/adi.dir/stencils/adi/adi.c.o
[ 66%] Building C object CMakeFiles/deriche.dir/utilities/polybench.c.o
[ 66%] Building C object CMakeFiles/3mm.dir/linear-algebra/kernels/3mm/3mm.c.o
[ 66%] Building C object CMakeFiles/heat-3d.dir/stencils/heat-3d/heat-3d.c.o
[ 66%] Building C object CMakeFiles/fdtd-2d.dir/stencils/fdtd-2d/fdtd-2d.c.o
[ 66%] Building C object CMakeFiles/deriche.dir/medley/deriche/deriche.c.o
[ 66%] Building C object CMakeFiles/nussinov.dir/utilities/polybench.c.o
[ 66%] Building C object CMakeFiles/jacobi-1d.dir/stencils/jacobi-1d/jacobi-1d.c.o
[ 66%] Building C object CMakeFiles/jacobi-1d.dir/utilities/polybench.c.o
[ 66%] Building C object CMakeFiles/floyd-warshall.dir/medley/floyd-warshall/floyd-warshall.c.o
[ 66%] Building C object CMakeFiles/bicg.dir/linear-algebra/kernels/bicg/bicg.c.o
[ 66%] Building C object CMakeFiles/floyd-warshall.dir/utilities/polybench.c.o
[ 66%] Building C object CMakeFiles/doitgen.dir/linear-algebra/kernels/doitgen/doitgen.c.o
[ 66%] Building C object CMakeFiles/nussinov.dir/medley/nussinov/nussinov.c.o
[ 66%] Building C object CMakeFiles/doitgen.dir/utilities/polybench.c.o
[ 66%] Building C object CMakeFiles/3mm.dir/utilities/polybench.c.o
[ 66%] Building C object CMakeFiles/atax.dir/utilities/polybench.c.o
[ 66%] Building C object CMakeFiles/symm.dir/utilities/polybench.c.o
[ 66%] Building C object CMakeFiles/heat-3d.dir/utilities/polybench.c.o
[ 66%] Building C object CMakeFiles/jacobi-2d.dir/stencils/jacobi-2d/jacobi-2d.c.o
[ 66%] Building C object CMakeFiles/mvt.dir/utilities/polybench.c.o
[ 66%] Building C object CMakeFiles/jacobi-2d.dir/utilities/polybench.c.o
[ 66%] Building C object CMakeFiles/atax.dir/linear-algebra/kernels/atax/atax.c.o
[ 66%] Building C object CMakeFiles/mvt.dir/linear-algebra/kernels/mvt/mvt.c.o
[ 66%] Building C object CMakeFiles/symm.dir/linear-algebra/blas/symm/symm.c.o
[ 66%] Building C object CMakeFiles/gesummv.dir/utilities/polybench.c.o
[ 66%] Building C object CMakeFiles/fdtd-2d.dir/utilities/polybench.c.o
[ 66%] Building C object CMakeFiles/gesummv.dir/linear-algebra/blas/gesummv/gesummv.c.o
[ 71%] Linking C executable floyd-warshall
[ 71%] Linking C executable durbin
[ 71%] Linking C executable covariance
[ 71%] Linking C executable seidel-2d
[ 73%] Linking C executable gesummv
[ 73%] Linking C executable trisolv
[ 74%] Linking C executable syrk
[ 75%] Linking C executable nussinov
[ 77%] Linking C executable trmm
[ 78%] Linking C executable deriche
[ 78%] Linking C executable adi
[ 80%] Linking C executable bicg
[ 82%] Linking C executable syr2k
[ 82%] Linking C executable jacobi-1d
[ 83%] Linking C executable cholesky
[ 83%] Built target covariance
[ 83%] Built target durbin
[ 83%] Built target floyd-warshall
[ 83%] Built target seidel-2d
[ 83%] Built target gesummv
[ 84%] Linking C executable gemm
[ 85%] Linking C executable atax
[ 85%] Built target trisolv
[ 87%] Built target syrk
[ 87%] Linking C executable gemver
[ 87%] Linking C executable lu
[ 88%] Built target nussinov
[ 88%] Linking C executable jacobi-2d
[ 88%] Built target adi
[ 88%] Built target trmm
[ 92%] Linking C executable doitgen
[ 92%] Linking C executable 3mm
[ 92%] Linking C executable heat-3d
[ 92%] Built target deriche
[ 92%] Built target bicg
[ 93%] Linking C executable correlation
[ 94%] Linking C executable fdtd-2d
[ 95%] Built target jacobi-1d
[ 95%] Built target syr2k
[ 96%] Linking C executable symm
[ 96%] Linking C executable mvt
[ 96%] Built target cholesky
[ 96%] Built target gemm
[ 96%] Built target atax
[ 96%] Built target gemver
[ 96%] Built target lu
[ 97%] Linking C executable 2mm
[ 97%] Built target jacobi-2d
[ 97%] Built target heat-3d
[ 97%] Built target doitgen
[ 97%] Built target 3mm
[ 98%] Linking C executable ludcmp
[ 98%] Built target correlation
[ 98%] Built target fdtd-2d
[ 98%] Built target mvt
[ 98%] Built target symm
[ 98%] Built target 2mm
[ 98%] Built target ludcmp
c,choose_hints,2mm,0.219576,118.652,valid,2,EXTRALARGE,DOUBLE
c,choose_hints,2mm,1,0.221904,2,EXTRALARGE,DOUBLE
c,choose_hints,2mm,2,0.219189,2,EXTRALARGE,DOUBLE
c,choose_hints,2mm,3,0.221448,2,EXTRALARGE,DOUBLE
c,choose_hints,2mm,4,0.216974,2,EXTRALARGE,DOUBLE
c,choose_hints,2mm,5,0.218843,2,EXTRALARGE,DOUBLE
c,choose_hints,3mm,0.366602,117.529,valid,2,EXTRALARGE,DOUBLE
c,choose_hints,3mm,1,0.363634,2,EXTRALARGE,DOUBLE
c,choose_hints,3mm,2,0.364770,2,EXTRALARGE,DOUBLE
c,choose_hints,3mm,3,0.364787,2,EXTRALARGE,DOUBLE
c,choose_hints,3mm,4,0.368854,2,EXTRALARGE,DOUBLE
c,choose_hints,3mm,5,0.370000,2,EXTRALARGE,DOUBLE
c,choose_hints,adi,16.145559,5.305,valid,2,EXTRALARGE,DOUBLE
c,choose_hints,adi,1,12.873146,2,EXTRALARGE,DOUBLE
c,choose_hints,adi,2,17.704109,2,EXTRALARGE,DOUBLE
c,choose_hints,adi,3,11.423140,2,EXTRALARGE,DOUBLE
c,choose_hints,adi,4,13.810612,2,EXTRALARGE,DOUBLE
c,choose_hints,adi,5,13.774615,2,EXTRALARGE,DOUBLE
c,choose_hints,atax,0.001433,5.927,valid,2,EXTRALARGE,DOUBLE
c,choose_hints,atax,1,0.001471,2,EXTRALARGE,DOUBLE
c,choose_hints,atax,2,0.001420,2,EXTRALARGE,DOUBLE
c,choose_hints,atax,3,0.001432,2,EXTRALARGE,DOUBLE
c,choose_hints,atax,4,0.001470,2,EXTRALARGE,DOUBLE
c,choose_hints,atax,5,0.001450,2,EXTRALARGE,DOUBLE
c,choose_hints,bicg,0.001092,13.296,valid,2,EXTRALARGE,DOUBLE
c,choose_hints,bicg,1,0.001092,2,EXTRALARGE,DOUBLE
c,choose_hints,bicg,2,0.001118,2,EXTRALARGE,DOUBLE
c,choose_hints,bicg,3,0.001083,2,EXTRALARGE,DOUBLE
c,choose_hints,bicg,4,0.001110,2,EXTRALARGE,DOUBLE
c,choose_hints,bicg,5,0.001096,2,EXTRALARGE,DOUBLE
c,choose_hints,cholesky,,,runtime_error,2,EXTRALARGE,DOUBLE
c,choose_hints,correlation,12.259014,1.665,valid,2,EXTRALARGE,DOUBLE
c,choose_hints,correlation,1,12.129302,2,EXTRALARGE,DOUBLE
c,choose_hints,correlation,2,12.182288,2,EXTRALARGE,DOUBLE
c,choose_hints,correlation,3,12.460315,2,EXTRALARGE,DOUBLE
c,choose_hints,correlation,4,12.471730,2,EXTRALARGE,DOUBLE
c,choose_hints,correlation,5,12.246344,2,EXTRALARGE,DOUBLE
c,choose_hints,covariance,1.012740,20.083,valid,2,EXTRALARGE,DOUBLE
c,choose_hints,covariance,1,0.979262,2,EXTRALARGE,DOUBLE
c,choose_hints,covariance,2,1.045711,2,EXTRALARGE,DOUBLE
c,choose_hints,covariance,3,1.028884,2,EXTRALARGE,DOUBLE
c,choose_hints,covariance,4,1.038290,2,EXTRALARGE,DOUBLE
c,choose_hints,covariance,5,0.975684,2,EXTRALARGE,DOUBLE
c,choose_hints,deriche,0.309268,3.797,valid,2,EXTRALARGE,DOUBLE
c,choose_hints,deriche,1,0.310410,2,EXTRALARGE,DOUBLE
c,choose_hints,deriche,2,0.312898,2,EXTRALARGE,DOUBLE
c,choose_hints,deriche,3,0.312134,2,EXTRALARGE,DOUBLE
c,choose_hints,deriche,4,0.312047,2,EXTRALARGE,DOUBLE
c,choose_hints,deriche,5,0.314641,2,EXTRALARGE,DOUBLE
c,choose_hints,doitgen,0.023321,236.390,valid,2,EXTRALARGE,DOUBLE
c,choose_hints,doitgen,1,0.023379,2,EXTRALARGE,DOUBLE
c,choose_hints,doitgen,2,0.023405,2,EXTRALARGE,DOUBLE
c,choose_hints,doitgen,3,0.023405,2,EXTRALARGE,DOUBLE
c,choose_hints,doitgen,4,0.023440,2,EXTRALARGE,DOUBLE
c,choose_hints,doitgen,5,0.023356,2,EXTRALARGE,DOUBLE
c,choose_hints,durbin,0.019073,0.863,valid,2,EXTRALARGE,DOUBLE
c,choose_hints,durbin,1,0.019074,2,EXTRALARGE,DOUBLE
c,choose_hints,durbin,2,0.019154,2,EXTRALARGE,DOUBLE
c,choose_hints,durbin,3,0.019154,2,EXTRALARGE,DOUBLE
c,choose_hints,durbin,4,0.019152,2,EXTRALARGE,DOUBLE
c,choose_hints,durbin,5,0.019159,2,EXTRALARGE,DOUBLE
c,choose_hints,fdtd-2d,7.144576,3.203,valid,2,EXTRALARGE,DOUBLE
c,choose_hints,fdtd-2d,1,7.331790,2,EXTRALARGE,DOUBLE
c,choose_hints,fdtd-2d,2,6.841758,2,EXTRALARGE,DOUBLE
c,choose_hints,fdtd-2d,3,7.032556,2,EXTRALARGE,DOUBLE
c,choose_hints,fdtd-2d,4,7.890551,2,EXTRALARGE,DOUBLE
c,choose_hints,fdtd-2d,5,6.277674,2,EXTRALARGE,DOUBLE
c,choose_hints,floyd-warshall,129.383439,1.363,valid,2,EXTRALARGE,DOUBLE
c,choose_hints,floyd-warshall,1,129.343219,2,EXTRALARGE,DOUBLE
c,choose_hints,floyd-warshall,2,129.177195,2,EXTRALARGE,DOUBLE
c,choose_hints,floyd-warshall,3,129.932713,2,EXTRALARGE,DOUBLE
c,choose_hints,floyd-warshall,4,129.221062,2,EXTRALARGE,DOUBLE
c,choose_hints,floyd-warshall,5,131.144270,2,EXTRALARGE,DOUBLE
c,choose_hints,gemm,0.139163,52.065,valid,2,EXTRALARGE,DOUBLE
c,choose_hints,gemm,1,0.140268,2,EXTRALARGE,DOUBLE
c,choose_hints,gemm,2,0.139024,2,EXTRALARGE,DOUBLE
c,choose_hints,gemm,3,0.139772,2,EXTRALARGE,DOUBLE
c,choose_hints,gemm,4,0.140356,2,EXTRALARGE,DOUBLE
c,choose_hints,gemm,5,0.140324,2,EXTRALARGE,DOUBLE
c,choose_hints,gemver,0.014241,6.055,valid,2,EXTRALARGE,DOUBLE
c,choose_hints,gemver,1,0.014012,2,EXTRALARGE,DOUBLE
c,choose_hints,gemver,2,0.014212,2,EXTRALARGE,DOUBLE
c,choose_hints,gemver,3,0.014156,2,EXTRALARGE,DOUBLE
c,choose_hints,gemver,4,0.014038,2,EXTRALARGE,DOUBLE
c,choose_hints,gemver,5,0.014254,2,EXTRALARGE,DOUBLE
c,choose_hints,gesummv,0.005336,5.225,valid,2,EXTRALARGE,DOUBLE
c,choose_hints,gesummv,1,0.005315,2,EXTRALARGE,DOUBLE
c,choose_hints,gesummv,2,0.005351,2,EXTRALARGE,DOUBLE
c,choose_hints,gesummv,3,0.005334,2,EXTRALARGE,DOUBLE
c,choose_hints,gesummv,4,0.005304,2,EXTRALARGE,DOUBLE
c,choose_hints,gesummv,5,0.005358,2,EXTRALARGE,DOUBLE
c,choose_hints,gramschmidt,,,compile_error,2,EXTRALARGE,DOUBLE
c,choose_hints,heat-3d,11.386133,2.645,valid,2,EXTRALARGE,DOUBLE
c,choose_hints,heat-3d,1,13.003071,2,EXTRALARGE,DOUBLE
c,choose_hints,heat-3d,2,14.552564,2,EXTRALARGE,DOUBLE
c,choose_hints,heat-3d,3,11.681331,2,EXTRALARGE,DOUBLE
c,choose_hints,heat-3d,4,14.559119,2,EXTRALARGE,DOUBLE
c,choose_hints,heat-3d,5,14.083276,2,EXTRALARGE,DOUBLE
c,choose_hints,jacobi-1d,0.018557,0.232,valid,2,EXTRALARGE,DOUBLE
c,choose_hints,jacobi-1d,1,0.019034,2,EXTRALARGE,DOUBLE
c,choose_hints,jacobi-1d,2,0.018561,2,EXTRALARGE,DOUBLE
c,choose_hints,jacobi-1d,3,0.026275,2,EXTRALARGE,DOUBLE
c,choose_hints,jacobi-1d,4,0.018102,2,EXTRALARGE,DOUBLE
c,choose_hints,jacobi-1d,5,0.017465,2,EXTRALARGE,DOUBLE
c,choose_hints,jacobi-2d,5.888347,3.513,valid,2,EXTRALARGE,DOUBLE
c,choose_hints,jacobi-2d,1,6.028260,2,EXTRALARGE,DOUBLE
c,choose_hints,jacobi-2d,2,6.429857,2,EXTRALARGE,DOUBLE
c,choose_hints,jacobi-2d,3,6.387023,2,EXTRALARGE,DOUBLE
c,choose_hints,jacobi-2d,4,6.909970,2,EXTRALARGE,DOUBLE
c,choose_hints,jacobi-2d,5,6.143872,2,EXTRALARGE,DOUBLE
c,choose_hints,lu,30.085296,1.681,valid,2,EXTRALARGE,DOUBLE
c,choose_hints,lu,1,30.473717,2,EXTRALARGE,DOUBLE
c,choose_hints,lu,2,30.409124,2,EXTRALARGE,DOUBLE
c,choose_hints,lu,3,30.530987,2,EXTRALARGE,DOUBLE
c,choose_hints,lu,4,30.383053,2,EXTRALARGE,DOUBLE
c,choose_hints,lu,5,30.438804,2,EXTRALARGE,DOUBLE
c,choose_hints,ludcmp,26.710626,1.733,valid,2,EXTRALARGE,DOUBLE
c,choose_hints,ludcmp,1,25.148344,2,EXTRALARGE,DOUBLE
c,choose_hints,ludcmp,2,26.426927,2,EXTRALARGE,DOUBLE
c,choose_hints,ludcmp,3,25.873584,2,EXTRALARGE,DOUBLE
c,choose_hints,ludcmp,4,25.151990,2,EXTRALARGE,DOUBLE
c,choose_hints,ludcmp,5,25.579928,2,EXTRALARGE,DOUBLE
c,choose_hints,mvt,0.008335,8.580,valid,2,EXTRALARGE,DOUBLE
c,choose_hints,mvt,1,0.008258,2,EXTRALARGE,DOUBLE
c,choose_hints,mvt,2,0.008167,2,EXTRALARGE,DOUBLE
c,choose_hints,mvt,3,0.008138,2,EXTRALARGE,DOUBLE
c,choose_hints,mvt,4,0.008229,2,EXTRALARGE,DOUBLE
c,choose_hints,mvt,5,0.008142,2,EXTRALARGE,DOUBLE
c,choose_hints,nussinov,5.002734,21.514,valid,2,EXTRALARGE,DOUBLE
c,choose_hints,nussinov,1,5.867865,2,EXTRALARGE,DOUBLE
c,choose_hints,nussinov,2,5.727865,2,EXTRALARGE,DOUBLE
c,choose_hints,nussinov,3,5.920666,2,EXTRALARGE,DOUBLE
c,choose_hints,nussinov,4,5.578006,2,EXTRALARGE,DOUBLE
c,choose_hints,nussinov,5,6.120086,2,EXTRALARGE,DOUBLE
c,choose_hints,seidel-2d,223.611604,0.974,valid,2,EXTRALARGE,DOUBLE
c,choose_hints,seidel-2d,1,223.617904,2,EXTRALARGE,DOUBLE
c,choose_hints,seidel-2d,2,223.618148,2,EXTRALARGE,DOUBLE
c,choose_hints,seidel-2d,3,223.621030,2,EXTRALARGE,DOUBLE
c,choose_hints,seidel-2d,4,223.626989,2,EXTRALARGE,DOUBLE
c,choose_hints,seidel-2d,5,223.626553,2,EXTRALARGE,DOUBLE
c,choose_hints,symm,1.185315,13.609,valid,2,EXTRALARGE,DOUBLE
c,choose_hints,symm,1,1.174754,2,EXTRALARGE,DOUBLE
c,choose_hints,symm,2,1.120152,2,EXTRALARGE,DOUBLE
c,choose_hints,symm,3,1.078759,2,EXTRALARGE,DOUBLE
c,choose_hints,symm,4,1.052359,2,EXTRALARGE,DOUBLE
c,choose_hints,symm,5,1.045635,2,EXTRALARGE,DOUBLE
c,choose_hints,syr2k,0.888911,24.662,valid,2,EXTRALARGE,DOUBLE
c,choose_hints,syr2k,1,0.902676,2,EXTRALARGE,DOUBLE
c,choose_hints,syr2k,2,0.877654,2,EXTRALARGE,DOUBLE
c,choose_hints,syr2k,3,0.900648,2,EXTRALARGE,DOUBLE
c,choose_hints,syr2k,4,0.891986,2,EXTRALARGE,DOUBLE
c,choose_hints,syr2k,5,0.933855,2,EXTRALARGE,DOUBLE
c,choose_hints,syrk,0.366869,21.623,valid,2,EXTRALARGE,DOUBLE
c,choose_hints,syrk,1,0.370703,2,EXTRALARGE,DOUBLE
c,choose_hints,syrk,2,0.362952,2,EXTRALARGE,DOUBLE
c,choose_hints,syrk,3,0.363792,2,EXTRALARGE,DOUBLE
c,choose_hints,syrk,4,0.366619,2,EXTRALARGE,DOUBLE
c,choose_hints,syrk,5,0.367641,2,EXTRALARGE,DOUBLE
c,choose_hints,trisolv,0.012804,,validity_error,2,EXTRALARGE,DOUBLE
c,choose_hints,trmm,2.851235,3.320,valid,2,EXTRALARGE,DOUBLE
c,choose_hints,trmm,1,2.774252,2,EXTRALARGE,DOUBLE
c,choose_hints,trmm,2,2.766296,2,EXTRALARGE,DOUBLE
c,choose_hints,trmm,3,2.802392,2,EXTRALARGE,DOUBLE
c,choose_hints,trmm,4,2.771931,2,EXTRALARGE,DOUBLE
c,choose_hints,trmm,5,2.755487,2,EXTRALARGE,DOUBLE
-- The C compiler identification is GNU 15.2.0
-- Detecting C compiler ABI info
-- Detecting C compiler ABI info - done
-- Check for working C compiler: /usr/local/latestgcc/bin/gcc - skipped
-- Detecting C compile features
-- Detecting C compile features - done
-- Configuring done (0.4s)
-- Generating done (0.8s)
-- Build files have been written to: /home/kleplj/choose_hints-xlarge/optimization/choose_hints/PolybenchC-4.2.1/build
[  4%] Building C object CMakeFiles/covariance.dir/utilities/polybench.c.o
[  4%] Building C object CMakeFiles/covariance.dir/datamining/covariance/covariance.c.o
[  6%] Building C object CMakeFiles/lu.dir/linear-algebra/solvers/lu/lu.c.o
[  6%] Building C object CMakeFiles/correlation.dir/datamining/correlation/correlation.c.o
[ 12%] Building C object CMakeFiles/durbin.dir/linear-algebra/solvers/durbin/durbin.c.o
[ 21%] Building C object CMakeFiles/gramschmidt.dir/utilities/polybench.c.o
[ 22%] Building C object CMakeFiles/gramschmidt.dir/linear-algebra/solvers/gramschmidt/gramschmidt.c.o
[ 12%] Building C object CMakeFiles/correlation.dir/utilities/polybench.c.o
[ 12%] Building C object CMakeFiles/cholesky.dir/linear-algebra/solvers/cholesky/cholesky.c.o
[ 12%] Building C object CMakeFiles/cholesky.dir/utilities/polybench.c.o
[ 28%] Building C object CMakeFiles/atax.dir/utilities/polybench.c.o
[ 28%] Building C object CMakeFiles/syr2k.dir/utilities/polybench.c.o
[ 66%] Building C object CMakeFiles/gesummv.dir/utilities/polybench.c.o
[ 66%] Building C object CMakeFiles/heat-3d.dir/utilities/polybench.c.o
[ 66%] Building C object CMakeFiles/symm.dir/linear-algebra/blas/symm/symm.c.o
[ 66%] Building C object CMakeFiles/durbin.dir/utilities/polybench.c.o
[ 66%] Building C object CMakeFiles/doitgen.dir/utilities/polybench.c.o
[ 66%] Building C object CMakeFiles/jacobi-2d.dir/stencils/jacobi-2d/jacobi-2d.c.o
[ 66%] Building C object CMakeFiles/seidel-2d.dir/stencils/seidel-2d/seidel-2d.c.o
[ 66%] Building C object CMakeFiles/3mm.dir/linear-algebra/kernels/3mm/3mm.c.o
[ 66%] Building C object CMakeFiles/gemver.dir/utilities/polybench.c.o
[ 66%] Building C object CMakeFiles/gemver.dir/linear-algebra/blas/gemver/gemver.c.o
[ 66%] Building C object CMakeFiles/jacobi-1d.dir/stencils/jacobi-1d/jacobi-1d.c.o
[ 66%] Building C object CMakeFiles/trmm.dir/linear-algebra/blas/trmm/trmm.c.o
[ 66%] Building C object CMakeFiles/deriche.dir/utilities/polybench.c.o
[ 66%] Building C object CMakeFiles/ludcmp.dir/utilities/polybench.c.o
[ 66%] Building C object CMakeFiles/gemm.dir/linear-algebra/blas/gemm/gemm.c.o
[ 66%] Building C object CMakeFiles/syr2k.dir/linear-algebra/blas/syr2k/syr2k.c.o
[ 66%] Building C object CMakeFiles/adi.dir/stencils/adi/adi.c.o
[ 66%] Building C object CMakeFiles/trisolv.dir/utilities/polybench.c.o
[ 66%] Building C object CMakeFiles/syrk.dir/utilities/polybench.c.o
[ 66%] Building C object CMakeFiles/syrk.dir/linear-algebra/blas/syrk/syrk.c.o
[ 66%] Building C object CMakeFiles/bicg.dir/utilities/polybench.c.o
[ 66%] Building C object CMakeFiles/2mm.dir/linear-algebra/kernels/2mm/2mm.c.o
[ 66%] Building C object CMakeFiles/3mm.dir/utilities/polybench.c.o
[ 66%] Building C object CMakeFiles/doitgen.dir/linear-algebra/kernels/doitgen/doitgen.c.o
[ 66%] Building C object CMakeFiles/floyd-warshall.dir/utilities/polybench.c.o
[ 66%] Building C object CMakeFiles/fdtd-2d.dir/utilities/polybench.c.o
[ 66%] Building C object CMakeFiles/seidel-2d.dir/utilities/polybench.c.o
[ 66%] Building C object CMakeFiles/symm.dir/utilities/polybench.c.o
[ 66%] Building C object CMakeFiles/mvt.dir/linear-algebra/kernels/mvt/mvt.c.o
[ 66%] Building C object CMakeFiles/trmm.dir/utilities/polybench.c.o
[ 66%] Building C object CMakeFiles/nussinov.dir/medley/nussinov/nussinov.c.o
[ 66%] Building C object CMakeFiles/floyd-warshall.dir/medley/floyd-warshall/floyd-warshall.c.o
[ 66%] Building C object CMakeFiles/jacobi-1d.dir/utilities/polybench.c.o
[ 66%] Building C object CMakeFiles/deriche.dir/medley/deriche/deriche.c.o
[ 66%] Building C object CMakeFiles/lu.dir/utilities/polybench.c.o
[ 66%] Building C object CMakeFiles/bicg.dir/linear-algebra/kernels/bicg/bicg.c.o
[ 66%] Building C object CMakeFiles/gesummv.dir/linear-algebra/blas/gesummv/gesummv.c.o
[ 66%] Building C object CMakeFiles/fdtd-2d.dir/stencils/fdtd-2d/fdtd-2d.c.o
[ 66%] Building C object CMakeFiles/jacobi-2d.dir/utilities/polybench.c.o
[ 66%] Building C object CMakeFiles/gemm.dir/utilities/polybench.c.o
[ 66%] Building C object CMakeFiles/atax.dir/linear-algebra/kernels/atax/atax.c.o
[ 66%] Building C object CMakeFiles/heat-3d.dir/stencils/heat-3d/heat-3d.c.o
[ 66%] Building C object CMakeFiles/ludcmp.dir/linear-algebra/solvers/ludcmp/ludcmp.c.o
[ 66%] Building C object CMakeFiles/trisolv.dir/linear-algebra/solvers/trisolv/trisolv.c.o
[ 66%] Building C object CMakeFiles/2mm.dir/utilities/polybench.c.o
[ 66%] Building C object CMakeFiles/nussinov.dir/utilities/polybench.c.o
[ 66%] Building C object CMakeFiles/adi.dir/utilities/polybench.c.o
[ 66%] Building C object CMakeFiles/mvt.dir/utilities/polybench.c.o
[ 67%] Linking C executable correlation
[ 68%] Linking C executable covariance
[ 70%] Linking C executable durbin
[ 72%] Linking C executable seidel-2d
[ 72%] Linking C executable trisolv
[ 73%] Linking C executable floyd-warshall
[ 74%] Linking C executable lu
[ 75%] Linking C executable mvt
[ 76%] Linking C executable trmm
[ 77%] Linking C executable adi
[ 78%] Linking C executable gramschmidt
[ 78%] Built target correlation
[ 80%] Linking C executable gesummv
[ 81%] Linking C executable doitgen
[ 82%] Linking C executable bicg
[ 83%] Linking C executable atax
[ 85%] Linking C executable jacobi-2d
[ 85%] Linking C executable syr2k
[ 85%] Built target covariance
[ 85%] Built target durbin
[ 86%] Linking C executable cholesky
[ 86%] Built target trisolv
[ 86%] Built target seidel-2d
[ 86%] Built target floyd-warshall
[ 87%] Linking C executable syrk
[ 88%] Linking C executable 2mm
[ 88%] Built target lu
[ 88%] Built target mvt
[ 90%] Linking C executable jacobi-1d
[ 90%] Built target trmm
[ 90%] Built target adi
[ 91%] Linking C executable deriche
[ 91%] Built target gramschmidt
[ 91%] Built target gesummv
[ 91%] Built target doitgen
[ 92%] Built target bicg
[ 92%] Linking C executable heat-3d
[ 92%] Built target atax
[ 93%] Linking C executable gemver
[ 93%] Built target jacobi-2d
[ 93%] Built target syr2k
[ 94%] Built target cholesky
[ 94%] Linking C executable symm
[ 95%] Linking C executable ludcmp
[ 95%] Built target syrk
[ 96%] Linking C executable fdtd-2d
[ 96%] Built target jacobi-1d
[ 96%] Built target 2mm
[ 96%] Built target deriche
[ 97%] Linking C executable 3mm
[ 98%] Linking C executable gemm
[ 98%] Built target heat-3d
[ 98%] Built target gemver
[ 98%] Built target ludcmp
[ 98%] Built target symm
[ 98%] Built target fdtd-2d
[ 98%] Built target 3mm
[ 98%] Built target gemm
c,choose_hints,2mm,0.220707,117.593,valid,3,EXTRALARGE,DOUBLE
c,choose_hints,2mm,1,0.215347,3,EXTRALARGE,DOUBLE
c,choose_hints,2mm,2,0.217787,3,EXTRALARGE,DOUBLE
c,choose_hints,2mm,3,0.223753,3,EXTRALARGE,DOUBLE
c,choose_hints,2mm,4,0.220419,3,EXTRALARGE,DOUBLE
c,choose_hints,2mm,5,0.218780,3,EXTRALARGE,DOUBLE
c,choose_hints,3mm,0.364314,118.237,valid,3,EXTRALARGE,DOUBLE
c,choose_hints,3mm,1,0.362710,3,EXTRALARGE,DOUBLE
c,choose_hints,3mm,2,0.360721,3,EXTRALARGE,DOUBLE
c,choose_hints,3mm,3,0.360784,3,EXTRALARGE,DOUBLE
c,choose_hints,3mm,4,0.349320,3,EXTRALARGE,DOUBLE
c,choose_hints,3mm,5,0.358077,3,EXTRALARGE,DOUBLE
c,choose_hints,adi,85.664687,0.999,valid,3,EXTRALARGE,DOUBLE
c,choose_hints,adi,1,85.770248,3,EXTRALARGE,DOUBLE
c,choose_hints,adi,2,85.652478,3,EXTRALARGE,DOUBLE
c,choose_hints,adi,3,85.684965,3,EXTRALARGE,DOUBLE
c,choose_hints,adi,4,85.798848,3,EXTRALARGE,DOUBLE
c,choose_hints,adi,5,85.763668,3,EXTRALARGE,DOUBLE
c,choose_hints,atax,0.002670,3.214,valid,3,EXTRALARGE,DOUBLE
c,choose_hints,atax,1,0.002584,3,EXTRALARGE,DOUBLE
c,choose_hints,atax,2,0.002664,3,EXTRALARGE,DOUBLE
c,choose_hints,atax,3,0.002578,3,EXTRALARGE,DOUBLE
c,choose_hints,atax,4,0.002678,3,EXTRALARGE,DOUBLE
c,choose_hints,atax,5,0.002669,3,EXTRALARGE,DOUBLE
c,choose_hints,bicg,0.001089,13.333,valid,3,EXTRALARGE,DOUBLE
c,choose_hints,bicg,1,0.001127,3,EXTRALARGE,DOUBLE
c,choose_hints,bicg,2,0.001164,3,EXTRALARGE,DOUBLE
c,choose_hints,bicg,3,0.001153,3,EXTRALARGE,DOUBLE
c,choose_hints,bicg,4,0.001105,3,EXTRALARGE,DOUBLE
c,choose_hints,bicg,5,0.001089,3,EXTRALARGE,DOUBLE
c,choose_hints,cholesky,16.181004,1.009,valid,3,EXTRALARGE,DOUBLE
c,choose_hints,cholesky,1,16.177772,3,EXTRALARGE,DOUBLE
c,choose_hints,cholesky,2,16.166457,3,EXTRALARGE,DOUBLE
c,choose_hints,cholesky,3,16.188683,3,EXTRALARGE,DOUBLE
c,choose_hints,cholesky,4,16.196113,3,EXTRALARGE,DOUBLE
c,choose_hints,cholesky,5,16.177840,3,EXTRALARGE,DOUBLE
c,choose_hints,correlation,1.045331,19.509,valid,3,EXTRALARGE,DOUBLE
c,choose_hints,correlation,1,0.999492,3,EXTRALARGE,DOUBLE
c,choose_hints,correlation,2,1.046927,3,EXTRALARGE,DOUBLE
c,choose_hints,correlation,3,1.025772,3,EXTRALARGE,DOUBLE
c,choose_hints,correlation,4,1.014090,3,EXTRALARGE,DOUBLE
c,choose_hints,correlation,5,0.989966,3,EXTRALARGE,DOUBLE
c,choose_hints,covariance,5.928981,3.475,valid,3,EXTRALARGE,DOUBLE
c,choose_hints,covariance,1,5.903698,3,EXTRALARGE,DOUBLE
c,choose_hints,covariance,2,5.837118,3,EXTRALARGE,DOUBLE
c,choose_hints,covariance,3,5.996357,3,EXTRALARGE,DOUBLE
c,choose_hints,covariance,4,5.883640,3,EXTRALARGE,DOUBLE
c,choose_hints,covariance,5,5.939474,3,EXTRALARGE,DOUBLE
c,choose_hints,deriche,0.293354,4.019,valid,3,EXTRALARGE,DOUBLE
c,choose_hints,deriche,1,0.293538,3,EXTRALARGE,DOUBLE
c,choose_hints,deriche,2,0.297623,3,EXTRALARGE,DOUBLE
c,choose_hints,deriche,3,0.296928,3,EXTRALARGE,DOUBLE
c,choose_hints,deriche,4,0.294546,3,EXTRALARGE,DOUBLE
c,choose_hints,deriche,5,0.296383,3,EXTRALARGE,DOUBLE
c,choose_hints,doitgen,0.030868,178.224,valid,3,EXTRALARGE,DOUBLE
c,choose_hints,doitgen,1,0.031144,3,EXTRALARGE,DOUBLE
c,choose_hints,doitgen,2,0.031171,3,EXTRALARGE,DOUBLE
c,choose_hints,doitgen,3,0.030660,3,EXTRALARGE,DOUBLE
c,choose_hints,doitgen,4,0.030990,3,EXTRALARGE,DOUBLE
c,choose_hints,doitgen,5,0.030779,3,EXTRALARGE,DOUBLE
c,choose_hints,durbin,0.019143,0.838,valid,3,EXTRALARGE,DOUBLE
c,choose_hints,durbin,1,0.019240,3,EXTRALARGE,DOUBLE
c,choose_hints,durbin,2,0.019001,3,EXTRALARGE,DOUBLE
c,choose_hints,durbin,3,0.019250,3,EXTRALARGE,DOUBLE
c,choose_hints,durbin,4,0.019252,3,EXTRALARGE,DOUBLE
c,choose_hints,durbin,5,0.019259,3,EXTRALARGE,DOUBLE
c,choose_hints,fdtd-2d,7.648729,3.049,valid,3,EXTRALARGE,DOUBLE
c,choose_hints,fdtd-2d,1,7.524812,3,EXTRALARGE,DOUBLE
c,choose_hints,fdtd-2d,2,6.712202,3,EXTRALARGE,DOUBLE
c,choose_hints,fdtd-2d,3,6.259497,3,EXTRALARGE,DOUBLE
c,choose_hints,fdtd-2d,4,6.173019,3,EXTRALARGE,DOUBLE
c,choose_hints,fdtd-2d,5,6.625039,3,EXTRALARGE,DOUBLE
c,choose_hints,floyd-warshall,255.418169,0.691,valid,3,EXTRALARGE,DOUBLE
c,choose_hints,floyd-warshall,1,253.780852,3,EXTRALARGE,DOUBLE
c,choose_hints,floyd-warshall,2,254.306427,3,EXTRALARGE,DOUBLE
c,choose_hints,floyd-warshall,3,253.502220,3,EXTRALARGE,DOUBLE
c,choose_hints,floyd-warshall,4,255.274510,3,EXTRALARGE,DOUBLE
c,choose_hints,floyd-warshall,5,255.147371,3,EXTRALARGE,DOUBLE
c,choose_hints,gemm,0.256716,27.919,valid,3,EXTRALARGE,DOUBLE
c,choose_hints,gemm,1,0.256264,3,EXTRALARGE,DOUBLE
c,choose_hints,gemm,2,0.256122,3,EXTRALARGE,DOUBLE
c,choose_hints,gemm,3,0.254855,3,EXTRALARGE,DOUBLE
c,choose_hints,gemm,4,0.264078,3,EXTRALARGE,DOUBLE
c,choose_hints,gemm,5,0.255810,3,EXTRALARGE,DOUBLE
c,choose_hints,gemver,0.028034,3.109,valid,3,EXTRALARGE,DOUBLE
c,choose_hints,gemver,1,0.028098,3,EXTRALARGE,DOUBLE
c,choose_hints,gemver,2,0.028334,3,EXTRALARGE,DOUBLE
c,choose_hints,gemver,3,0.028310,3,EXTRALARGE,DOUBLE
c,choose_hints,gemver,4,0.028281,3,EXTRALARGE,DOUBLE
c,choose_hints,gemver,5,0.028234,3,EXTRALARGE,DOUBLE
c,choose_hints,gesummv,0.005368,5.200,valid,3,EXTRALARGE,DOUBLE
c,choose_hints,gesummv,1,0.005401,3,EXTRALARGE,DOUBLE
c,choose_hints,gesummv,2,0.005315,3,EXTRALARGE,DOUBLE
c,choose_hints,gesummv,3,0.005299,3,EXTRALARGE,DOUBLE
c,choose_hints,gesummv,4,0.005347,3,EXTRALARGE,DOUBLE
c,choose_hints,gesummv,5,0.005356,3,EXTRALARGE,DOUBLE
c,choose_hints,gramschmidt,2.828703,,validity_error,3,EXTRALARGE,DOUBLE
c,choose_hints,heat-3d,14.183274,2.184,valid,3,EXTRALARGE,DOUBLE
c,choose_hints,heat-3d,1,11.999535,3,EXTRALARGE,DOUBLE
c,choose_hints,heat-3d,2,16.612484,3,EXTRALARGE,DOUBLE
c,choose_hints,heat-3d,3,14.557852,3,EXTRALARGE,DOUBLE
c,choose_hints,heat-3d,4,17.592626,3,EXTRALARGE,DOUBLE
c,choose_hints,heat-3d,5,12.160927,3,EXTRALARGE,DOUBLE
c,choose_hints,jacobi-1d,0.017535,0.247,valid,3,EXTRALARGE,DOUBLE
c,choose_hints,jacobi-1d,1,0.016791,3,EXTRALARGE,DOUBLE
c,choose_hints,jacobi-1d,2,0.016757,3,EXTRALARGE,DOUBLE
c,choose_hints,jacobi-1d,3,0.016481,3,EXTRALARGE,DOUBLE
c,choose_hints,jacobi-1d,4,0.017600,3,EXTRALARGE,DOUBLE
c,choose_hints,jacobi-1d,5,0.016478,3,EXTRALARGE,DOUBLE
c,choose_hints,jacobi-2d,6.440888,3.221,valid,3,EXTRALARGE,DOUBLE
c,choose_hints,jacobi-2d,1,6.277487,3,EXTRALARGE,DOUBLE
c,choose_hints,jacobi-2d,2,5.546555,3,EXTRALARGE,DOUBLE
c,choose_hints,jacobi-2d,3,5.224541,3,EXTRALARGE,DOUBLE
c,choose_hints,jacobi-2d,4,5.250826,3,EXTRALARGE,DOUBLE
c,choose_hints,jacobi-2d,5,5.084406,3,EXTRALARGE,DOUBLE
c,choose_hints,lu,30.193189,1.674,valid,3,EXTRALARGE,DOUBLE
c,choose_hints,lu,1,30.459815,3,EXTRALARGE,DOUBLE
c,choose_hints,lu,2,30.412900,3,EXTRALARGE,DOUBLE
c,choose_hints,lu,3,30.137623,3,EXTRALARGE,DOUBLE
c,choose_hints,lu,4,30.069379,3,EXTRALARGE,DOUBLE
c,choose_hints,lu,5,30.375547,3,EXTRALARGE,DOUBLE
c,choose_hints,ludcmp,23.520425,1.975,valid,3,EXTRALARGE,DOUBLE
c,choose_hints,ludcmp,1,23.429803,3,EXTRALARGE,DOUBLE
c,choose_hints,ludcmp,2,23.614794,3,EXTRALARGE,DOUBLE
c,choose_hints,ludcmp,3,23.599074,3,EXTRALARGE,DOUBLE
c,choose_hints,ludcmp,4,23.393505,3,EXTRALARGE,DOUBLE
c,choose_hints,ludcmp,5,23.441424,3,EXTRALARGE,DOUBLE
c,choose_hints,mvt,0.070884,1.021,valid,3,EXTRALARGE,DOUBLE
c,choose_hints,mvt,1,0.070273,3,EXTRALARGE,DOUBLE
c,choose_hints,mvt,2,0.071004,3,EXTRALARGE,DOUBLE
c,choose_hints,mvt,3,0.071444,3,EXTRALARGE,DOUBLE
c,choose_hints,mvt,4,0.070065,3,EXTRALARGE,DOUBLE
c,choose_hints,mvt,5,0.071460,3,EXTRALARGE,DOUBLE
c,choose_hints,nussinov,,,compile_error,3,EXTRALARGE,DOUBLE
c,choose_hints,seidel-2d,116.484462,1.871,valid,3,EXTRALARGE,DOUBLE
c,choose_hints,seidel-2d,1,116.495705,3,EXTRALARGE,DOUBLE
c,choose_hints,seidel-2d,2,116.480727,3,EXTRALARGE,DOUBLE
c,choose_hints,seidel-2d,3,116.479439,3,EXTRALARGE,DOUBLE
c,choose_hints,seidel-2d,4,116.470877,3,EXTRALARGE,DOUBLE
c,choose_hints,seidel-2d,5,116.479729,3,EXTRALARGE,DOUBLE
c,choose_hints,symm,0.409133,39.004,valid,3,EXTRALARGE,DOUBLE
c,choose_hints,symm,1,0.409074,3,EXTRALARGE,DOUBLE
c,choose_hints,symm,2,0.410976,3,EXTRALARGE,DOUBLE
c,choose_hints,symm,3,0.411240,3,EXTRALARGE,DOUBLE
c,choose_hints,symm,4,0.407405,3,EXTRALARGE,DOUBLE
c,choose_hints,symm,5,0.407969,3,EXTRALARGE,DOUBLE
c,choose_hints,syr2k,0.859795,25.568,valid,3,EXTRALARGE,DOUBLE
c,choose_hints,syr2k,1,0.832136,3,EXTRALARGE,DOUBLE
c,choose_hints,syr2k,2,0.919379,3,EXTRALARGE,DOUBLE
c,choose_hints,syr2k,3,0.940827,3,EXTRALARGE,DOUBLE
c,choose_hints,syr2k,4,0.900892,3,EXTRALARGE,DOUBLE
c,choose_hints,syr2k,5,0.864807,3,EXTRALARGE,DOUBLE
c,choose_hints,syrk,0.369204,21.261,valid,3,EXTRALARGE,DOUBLE
c,choose_hints,syrk,1,0.367766,3,EXTRALARGE,DOUBLE
c,choose_hints,syrk,2,0.364712,3,EXTRALARGE,DOUBLE
c,choose_hints,syrk,3,0.359757,3,EXTRALARGE,DOUBLE
c,choose_hints,syrk,4,0.362406,3,EXTRALARGE,DOUBLE
c,choose_hints,syrk,5,0.367992,3,EXTRALARGE,DOUBLE
c,choose_hints,trisolv,0.013048,0.999,valid,3,EXTRALARGE,DOUBLE
c,choose_hints,trisolv,1,0.012767,3,EXTRALARGE,DOUBLE
c,choose_hints,trisolv,2,0.012793,3,EXTRALARGE,DOUBLE
c,choose_hints,trisolv,3,0.012924,3,EXTRALARGE,DOUBLE
c,choose_hints,trisolv,4,0.012786,3,EXTRALARGE,DOUBLE
c,choose_hints,trisolv,5,0.012853,3,EXTRALARGE,DOUBLE
c,choose_hints,trmm,2.758337,3.469,valid,3,EXTRALARGE,DOUBLE
c,choose_hints,trmm,1,2.759988,3,EXTRALARGE,DOUBLE
c,choose_hints,trmm,2,2.777289,3,EXTRALARGE,DOUBLE
c,choose_hints,trmm,3,2.763988,3,EXTRALARGE,DOUBLE
c,choose_hints,trmm,4,2.777967,3,EXTRALARGE,DOUBLE
c,choose_hints,trmm,5,2.782424,3,EXTRALARGE,DOUBLE
-- The C compiler identification is GNU 15.2.0
-- Detecting C compiler ABI info
-- Detecting C compiler ABI info - done
-- Check for working C compiler: /usr/local/latestgcc/bin/gcc - skipped
-- Detecting C compile features
-- Detecting C compile features - done
-- Configuring done (0.4s)
-- Generating done (0.8s)
-- Build files have been written to: /home/kleplj/choose_hints-xlarge/optimization/choose_hints/PolybenchC-4.2.1/build
[  4%] Building C object CMakeFiles/covariance.dir/datamining/covariance/covariance.c.o
[  4%] Building C object CMakeFiles/covariance.dir/utilities/polybench.c.o
[  5%] Building C object CMakeFiles/lu.dir/linear-algebra/solvers/lu/lu.c.o
[  6%] Building C object CMakeFiles/cholesky.dir/utilities/polybench.c.o
[  7%] Building C object CMakeFiles/correlation.dir/datamining/correlation/correlation.c.o
[ 20%] Building C object CMakeFiles/ludcmp.dir/linear-algebra/solvers/ludcmp/ludcmp.c.o
[ 20%] Building C object CMakeFiles/durbin.dir/linear-algebra/solvers/durbin/durbin.c.o
[ 20%] Building C object CMakeFiles/syrk.dir/utilities/polybench.c.o
[ 20%] Building C object CMakeFiles/ludcmp.dir/utilities/polybench.c.o
[ 20%] Building C object CMakeFiles/lu.dir/utilities/polybench.c.o
[ 20%] Building C object CMakeFiles/correlation.dir/utilities/polybench.c.o
[ 20%] Building C object CMakeFiles/gramschmidt.dir/linear-algebra/solvers/gramschmidt/gramschmidt.c.o
[ 20%] Building C object CMakeFiles/syr2k.dir/linear-algebra/blas/syr2k/syr2k.c.o
[ 20%] Building C object CMakeFiles/gramschmidt.dir/utilities/polybench.c.o
[ 44%] Building C object CMakeFiles/doitgen.dir/linear-algebra/kernels/doitgen/doitgen.c.o
[ 20%] Building C object CMakeFiles/cholesky.dir/linear-algebra/solvers/cholesky/cholesky.c.o
[ 48%] Building C object CMakeFiles/gemm.dir/linear-algebra/blas/gemm/gemm.c.o
[ 48%] Building C object CMakeFiles/3mm.dir/utilities/polybench.c.o
[ 66%] Building C object CMakeFiles/symm.dir/utilities/polybench.c.o
[ 66%] Building C object CMakeFiles/durbin.dir/utilities/polybench.c.o
[ 66%] Building C object CMakeFiles/atax.dir/linear-algebra/kernels/atax/atax.c.o
[ 66%] Building C object CMakeFiles/floyd-warshall.dir/medley/floyd-warshall/floyd-warshall.c.o
[ 66%] Building C object CMakeFiles/2mm.dir/linear-algebra/kernels/2mm/2mm.c.o
[ 66%] Building C object CMakeFiles/doitgen.dir/utilities/polybench.c.o
[ 66%] Building C object CMakeFiles/trisolv.dir/utilities/polybench.c.o
[ 66%] Building C object CMakeFiles/3mm.dir/linear-algebra/kernels/3mm/3mm.c.o
[ 66%] Building C object CMakeFiles/mvt.dir/linear-algebra/kernels/mvt/mvt.c.o
[ 66%] Building C object CMakeFiles/gesummv.dir/linear-algebra/blas/gesummv/gesummv.c.o
[ 66%] Building C object CMakeFiles/gesummv.dir/utilities/polybench.c.o
[ 66%] Building C object CMakeFiles/trmm.dir/utilities/polybench.c.o
[ 66%] Building C object CMakeFiles/mvt.dir/utilities/polybench.c.o
[ 66%] Building C object CMakeFiles/bicg.dir/utilities/polybench.c.o
[ 66%] Building C object CMakeFiles/syr2k.dir/utilities/polybench.c.o
[ 66%] Building C object CMakeFiles/trisolv.dir/linear-algebra/solvers/trisolv/trisolv.c.o
[ 66%] Building C object CMakeFiles/trmm.dir/linear-algebra/blas/trmm/trmm.c.o
[ 66%] Building C object CMakeFiles/gemver.dir/linear-algebra/blas/gemver/gemver.c.o
[ 66%] Building C object CMakeFiles/gemver.dir/utilities/polybench.c.o
[ 66%] Building C object CMakeFiles/bicg.dir/linear-algebra/kernels/bicg/bicg.c.o
[ 66%] Building C object CMakeFiles/symm.dir/linear-algebra/blas/symm/symm.c.o
[ 66%] Building C object CMakeFiles/gemm.dir/utilities/polybench.c.o
[ 66%] Building C object CMakeFiles/syrk.dir/linear-algebra/blas/syrk/syrk.c.o
[ 66%] Building C object CMakeFiles/heat-3d.dir/utilities/polybench.c.o
[ 66%] Building C object CMakeFiles/fdtd-2d.dir/utilities/polybench.c.o
[ 66%] Building C object CMakeFiles/fdtd-2d.dir/stencils/fdtd-2d/fdtd-2d.c.o
[ 66%] Building C object CMakeFiles/seidel-2d.dir/utilities/polybench.c.o
[ 66%] Building C object CMakeFiles/adi.dir/utilities/polybench.c.o
[ 66%] Building C object CMakeFiles/heat-3d.dir/stencils/heat-3d/heat-3d.c.o
[ 66%] Building C object CMakeFiles/jacobi-2d.dir/stencils/jacobi-2d/jacobi-2d.c.o
[ 66%] Building C object CMakeFiles/2mm.dir/utilities/polybench.c.o
[ 66%] Building C object CMakeFiles/deriche.dir/medley/deriche/deriche.c.o
[ 66%] Building C object CMakeFiles/seidel-2d.dir/stencils/seidel-2d/seidel-2d.c.o
[ 66%] Building C object CMakeFiles/nussinov.dir/medley/nussinov/nussinov.c.o
[ 66%] Building C object CMakeFiles/floyd-warshall.dir/utilities/polybench.c.o
[ 66%] Building C object CMakeFiles/deriche.dir/utilities/polybench.c.o
[ 66%] Building C object CMakeFiles/jacobi-1d.dir/utilities/polybench.c.o
[ 66%] Building C object CMakeFiles/jacobi-2d.dir/utilities/polybench.c.o
[ 66%] Building C object CMakeFiles/jacobi-1d.dir/stencils/jacobi-1d/jacobi-1d.c.o
[ 66%] Building C object CMakeFiles/atax.dir/utilities/polybench.c.o
[ 66%] Building C object CMakeFiles/adi.dir/stencils/adi/adi.c.o
[ 66%] Building C object CMakeFiles/nussinov.dir/utilities/polybench.c.o
[ 68%] Linking C executable bicg
[ 68%] Linking C executable seidel-2d
[ 71%] Linking C executable nussinov
[ 71%] Linking C executable durbin
[ 74%] Linking C executable gesummv
[ 74%] Linking C executable lu
[ 74%] Linking C executable covariance
[ 75%] Linking C executable syr2k
[ 76%] Linking C executable jacobi-1d
[ 77%] Linking C executable 2mm
[ 78%] Linking C executable trisolv
[ 80%] Linking C executable floyd-warshall
[ 81%] Linking C executable atax
[ 81%] Built target seidel-2d
[ 81%] Built target bicg
[ 82%] Linking C executable syrk
[ 83%] Linking C executable adi
[ 84%] Linking C executable gramschmidt
[ 85%] Built target nussinov
[ 85%] Linking C executable doitgen
[ 85%] Built target durbin
[ 86%] Built target gesummv
[ 87%] Linking C executable deriche
[ 87%] Built target lu
[ 88%] Built target covariance
[ 88%] Linking C executable gemm
[ 88%] Linking C executable trmm
[ 88%] Built target syr2k
[ 88%] Built target jacobi-1d
[ 90%] Linking C executable gemver
[ 90%] Built target 2mm
[ 92%] Linking C executable ludcmp
[ 93%] Linking C executable 3mm
[ 93%] Linking C executable jacobi-2d
[ 93%] Built target trisolv
[ 93%] Built target floyd-warshall
[ 93%] Built target atax
[ 93%] Built target syrk
[ 93%] Built target adi
[ 93%] Built target gramschmidt
[ 93%] Built target doitgen
[ 93%] Built target deriche
[ 93%] Built target gemm
[ 93%] Built target trmm
[ 94%] Linking C executable heat-3d
[ 94%] Built target gemver
[ 94%] Built target ludcmp
[ 94%] Built target 3mm
[ 94%] Built target jacobi-2d
[ 95%] Linking C executable fdtd-2d
[ 96%] Linking C executable symm
[ 96%] Built target heat-3d
[ 96%] Built target fdtd-2d
[ 96%] Built target symm
c,choose_hints,2mm,0.212622,121.789,valid,4,EXTRALARGE,DOUBLE
c,choose_hints,2mm,1,0.207842,4,EXTRALARGE,DOUBLE
c,choose_hints,2mm,2,0.205058,4,EXTRALARGE,DOUBLE
c,choose_hints,2mm,3,0.205489,4,EXTRALARGE,DOUBLE
c,choose_hints,2mm,4,0.217194,4,EXTRALARGE,DOUBLE
c,choose_hints,2mm,5,0.207869,4,EXTRALARGE,DOUBLE
c,choose_hints,3mm,0.379026,114.243,valid,4,EXTRALARGE,DOUBLE
c,choose_hints,3mm,1,0.367883,4,EXTRALARGE,DOUBLE
c,choose_hints,3mm,2,0.377794,4,EXTRALARGE,DOUBLE
c,choose_hints,3mm,3,0.370972,4,EXTRALARGE,DOUBLE
c,choose_hints,3mm,4,0.383539,4,EXTRALARGE,DOUBLE
c,choose_hints,3mm,5,0.378958,4,EXTRALARGE,DOUBLE
c,choose_hints,adi,13.684189,6.250,valid,4,EXTRALARGE,DOUBLE
c,choose_hints,adi,1,11.919986,4,EXTRALARGE,DOUBLE
c,choose_hints,adi,2,12.347835,4,EXTRALARGE,DOUBLE
c,choose_hints,adi,3,11.725221,4,EXTRALARGE,DOUBLE
c,choose_hints,adi,4,12.512699,4,EXTRALARGE,DOUBLE
c,choose_hints,adi,5,11.934026,4,EXTRALARGE,DOUBLE
c,choose_hints,atax,0.001452,5.933,valid,4,EXTRALARGE,DOUBLE
c,choose_hints,atax,1,0.001430,4,EXTRALARGE,DOUBLE
c,choose_hints,atax,2,0.001716,4,EXTRALARGE,DOUBLE
c,choose_hints,atax,3,0.001449,4,EXTRALARGE,DOUBLE
c,choose_hints,atax,4,0.001509,4,EXTRALARGE,DOUBLE
c,choose_hints,atax,5,0.001617,4,EXTRALARGE,DOUBLE
c,choose_hints,bicg,0.006005,2.416,valid,4,EXTRALARGE,DOUBLE
c,choose_hints,bicg,1,0.006065,4,EXTRALARGE,DOUBLE
c,choose_hints,bicg,2,0.006461,4,EXTRALARGE,DOUBLE
c,choose_hints,bicg,3,0.006129,4,EXTRALARGE,DOUBLE
c,choose_hints,bicg,4,0.006153,4,EXTRALARGE,DOUBLE
c,choose_hints,bicg,5,0.006119,4,EXTRALARGE,DOUBLE
c,choose_hints,cholesky,,,compile_error,4,EXTRALARGE,DOUBLE
c,choose_hints,correlation,,,compile_error,4,EXTRALARGE,DOUBLE
c,choose_hints,covariance,5.860573,3.508,valid,4,EXTRALARGE,DOUBLE
c,choose_hints,covariance,1,5.911433,4,EXTRALARGE,DOUBLE
c,choose_hints,covariance,2,5.940556,4,EXTRALARGE,DOUBLE
c,choose_hints,covariance,3,6.036282,4,EXTRALARGE,DOUBLE
c,choose_hints,covariance,4,5.837256,4,EXTRALARGE,DOUBLE
c,choose_hints,covariance,5,6.036122,4,EXTRALARGE,DOUBLE
c,choose_hints,deriche,0.293430,4.038,valid,4,EXTRALARGE,DOUBLE
c,choose_hints,deriche,1,0.295722,4,EXTRALARGE,DOUBLE
c,choose_hints,deriche,2,0.295801,4,EXTRALARGE,DOUBLE
c,choose_hints,deriche,3,0.293682,4,EXTRALARGE,DOUBLE
c,choose_hints,deriche,4,0.294085,4,EXTRALARGE,DOUBLE
c,choose_hints,deriche,5,0.295071,4,EXTRALARGE,DOUBLE
c,choose_hints,doitgen,0.023220,238.375,valid,4,EXTRALARGE,DOUBLE
c,choose_hints,doitgen,1,0.023195,4,EXTRALARGE,DOUBLE
c,choose_hints,doitgen,2,0.023305,4,EXTRALARGE,DOUBLE
c,choose_hints,doitgen,3,0.023189,4,EXTRALARGE,DOUBLE
c,choose_hints,doitgen,4,0.023391,4,EXTRALARGE,DOUBLE
c,choose_hints,doitgen,5,0.023136,4,EXTRALARGE,DOUBLE
c,choose_hints,durbin,0.016048,1.018,valid,4,EXTRALARGE,DOUBLE
c,choose_hints,durbin,1,0.015945,4,EXTRALARGE,DOUBLE
c,choose_hints,durbin,2,0.016060,4,EXTRALARGE,DOUBLE
c,choose_hints,durbin,3,0.016034,4,EXTRALARGE,DOUBLE
c,choose_hints,durbin,4,0.016016,4,EXTRALARGE,DOUBLE
c,choose_hints,durbin,5,0.016028,4,EXTRALARGE,DOUBLE
c,choose_hints,fdtd-2d,,,timeout,4,EXTRALARGE,DOUBLE
c,choose_hints,floyd-warshall,21.601299,8.253,valid,4,EXTRALARGE,DOUBLE
c,choose_hints,floyd-warshall,1,24.222168,4,EXTRALARGE,DOUBLE
c,choose_hints,floyd-warshall,2,22.437333,4,EXTRALARGE,DOUBLE
c,choose_hints,floyd-warshall,3,22.149369,4,EXTRALARGE,DOUBLE
c,choose_hints,floyd-warshall,4,24.067137,4,EXTRALARGE,DOUBLE
c,choose_hints,floyd-warshall,5,22.958073,4,EXTRALARGE,DOUBLE
c,choose_hints,gemm,3.075353,2.349,valid,4,EXTRALARGE,DOUBLE
c,choose_hints,gemm,1,3.080753,4,EXTRALARGE,DOUBLE
c,choose_hints,gemm,2,3.070437,4,EXTRALARGE,DOUBLE
c,choose_hints,gemm,3,3.072865,4,EXTRALARGE,DOUBLE
c,choose_hints,gemm,4,3.057791,4,EXTRALARGE,DOUBLE
c,choose_hints,gemm,5,3.075620,4,EXTRALARGE,DOUBLE
c,choose_hints,gemver,0.028409,3.058,valid,4,EXTRALARGE,DOUBLE
c,choose_hints,gemver,1,0.028538,4,EXTRALARGE,DOUBLE
c,choose_hints,gemver,2,0.028630,4,EXTRALARGE,DOUBLE
c,choose_hints,gemver,3,0.028446,4,EXTRALARGE,DOUBLE
c,choose_hints,gemver,4,0.028555,4,EXTRALARGE,DOUBLE
c,choose_hints,gemver,5,0.028735,4,EXTRALARGE,DOUBLE
c,choose_hints,gesummv,0.005367,5.189,valid,4,EXTRALARGE,DOUBLE
c,choose_hints,gesummv,1,0.005317,4,EXTRALARGE,DOUBLE
c,choose_hints,gesummv,2,0.005323,4,EXTRALARGE,DOUBLE
c,choose_hints,gesummv,3,0.005359,4,EXTRALARGE,DOUBLE
c,choose_hints,gesummv,4,0.005320,4,EXTRALARGE,DOUBLE
c,choose_hints,gesummv,5,0.005337,4,EXTRALARGE,DOUBLE
c,choose_hints,gramschmidt,8.045631,2.896,valid,4,EXTRALARGE,DOUBLE
c,choose_hints,gramschmidt,1,8.007490,4,EXTRALARGE,DOUBLE
c,choose_hints,gramschmidt,2,7.987934,4,EXTRALARGE,DOUBLE
c,choose_hints,gramschmidt,3,8.099091,4,EXTRALARGE,DOUBLE
c,choose_hints,gramschmidt,4,8.001473,4,EXTRALARGE,DOUBLE
c,choose_hints,gramschmidt,5,8.085247,4,EXTRALARGE,DOUBLE
c,choose_hints,heat-3d,6.586684,4.563,valid,4,EXTRALARGE,DOUBLE
c,choose_hints,heat-3d,1,7.718013,4,EXTRALARGE,DOUBLE
c,choose_hints,heat-3d,2,6.639507,4,EXTRALARGE,DOUBLE
c,choose_hints,heat-3d,3,6.966027,4,EXTRALARGE,DOUBLE
c,choose_hints,heat-3d,4,6.620845,4,EXTRALARGE,DOUBLE
c,choose_hints,heat-3d,5,6.703318,4,EXTRALARGE,DOUBLE
c,choose_hints,jacobi-1d,0.019145,0.225,valid,4,EXTRALARGE,DOUBLE
c,choose_hints,jacobi-1d,1,0.018104,4,EXTRALARGE,DOUBLE
c,choose_hints,jacobi-1d,2,0.018671,4,EXTRALARGE,DOUBLE
c,choose_hints,jacobi-1d,3,0.018002,4,EXTRALARGE,DOUBLE
c,choose_hints,jacobi-1d,4,0.018321,4,EXTRALARGE,DOUBLE
c,choose_hints,jacobi-1d,5,0.018601,4,EXTRALARGE,DOUBLE
c,choose_hints,jacobi-2d,5.567462,3.677,valid,4,EXTRALARGE,DOUBLE
c,choose_hints,jacobi-2d,1,6.574828,4,EXTRALARGE,DOUBLE
c,choose_hints,jacobi-2d,2,5.847599,4,EXTRALARGE,DOUBLE
c,choose_hints,jacobi-2d,3,5.976181,4,EXTRALARGE,DOUBLE
c,choose_hints,jacobi-2d,4,4.967992,4,EXTRALARGE,DOUBLE
c,choose_hints,jacobi-2d,5,5.327843,4,EXTRALARGE,DOUBLE
c,choose_hints,lu,30.154714,1.687,valid,4,EXTRALARGE,DOUBLE
c,choose_hints,lu,1,30.407015,4,EXTRALARGE,DOUBLE
c,choose_hints,lu,2,30.510883,4,EXTRALARGE,DOUBLE
c,choose_hints,lu,3,30.104449,4,EXTRALARGE,DOUBLE
c,choose_hints,lu,4,30.190587,4,EXTRALARGE,DOUBLE
c,choose_hints,lu,5,30.361084,4,EXTRALARGE,DOUBLE
c,choose_hints,ludcmp,25.958357,1.804,valid,4,EXTRALARGE,DOUBLE
c,choose_hints,ludcmp,1,26.640605,4,EXTRALARGE,DOUBLE
c,choose_hints,ludcmp,2,25.463722,4,EXTRALARGE,DOUBLE
c,choose_hints,ludcmp,3,26.836602,4,EXTRALARGE,DOUBLE
c,choose_hints,ludcmp,4,25.682024,4,EXTRALARGE,DOUBLE
c,choose_hints,ludcmp,5,26.394349,4,EXTRALARGE,DOUBLE
c,choose_hints,mvt,,,compile_error,4,EXTRALARGE,DOUBLE
c,choose_hints,nussinov,5.909475,18.343,valid,4,EXTRALARGE,DOUBLE
c,choose_hints,nussinov,1,5.810160,4,EXTRALARGE,DOUBLE
c,choose_hints,nussinov,2,5.847272,4,EXTRALARGE,DOUBLE
c,choose_hints,nussinov,3,6.051457,4,EXTRALARGE,DOUBLE
c,choose_hints,nussinov,4,7.994180,4,EXTRALARGE,DOUBLE
c,choose_hints,nussinov,5,5.146522,4,EXTRALARGE,DOUBLE
c,choose_hints,seidel-2d,217.878557,1.000,valid,4,EXTRALARGE,DOUBLE
c,choose_hints,seidel-2d,1,217.880688,4,EXTRALARGE,DOUBLE
c,choose_hints,seidel-2d,2,217.877380,4,EXTRALARGE,DOUBLE
c,choose_hints,seidel-2d,3,217.876553,4,EXTRALARGE,DOUBLE
c,choose_hints,seidel-2d,4,217.874617,4,EXTRALARGE,DOUBLE
c,choose_hints,seidel-2d,5,217.875255,4,EXTRALARGE,DOUBLE
c,choose_hints,symm,0.417717,38.413,valid,4,EXTRALARGE,DOUBLE
c,choose_hints,symm,1,0.492303,4,EXTRALARGE,DOUBLE
c,choose_hints,symm,2,0.430466,4,EXTRALARGE,DOUBLE
c,choose_hints,symm,3,0.392633,4,EXTRALARGE,DOUBLE
c,choose_hints,symm,4,0.427268,4,EXTRALARGE,DOUBLE
c,choose_hints,symm,5,0.473058,4,EXTRALARGE,DOUBLE
c,choose_hints,syr2k,0.902325,24.369,valid,4,EXTRALARGE,DOUBLE
c,choose_hints,syr2k,1,0.893397,4,EXTRALARGE,DOUBLE
c,choose_hints,syr2k,2,0.917615,4,EXTRALARGE,DOUBLE
c,choose_hints,syr2k,3,0.957654,4,EXTRALARGE,DOUBLE
c,choose_hints,syr2k,4,0.852312,4,EXTRALARGE,DOUBLE
c,choose_hints,syr2k,5,0.896845,4,EXTRALARGE,DOUBLE
c,choose_hints,syrk,0.435253,18.051,valid,4,EXTRALARGE,DOUBLE
c,choose_hints,syrk,1,0.444111,4,EXTRALARGE,DOUBLE
c,choose_hints,syrk,2,0.440056,4,EXTRALARGE,DOUBLE
c,choose_hints,syrk,3,0.410074,4,EXTRALARGE,DOUBLE
c,choose_hints,syrk,4,0.398466,4,EXTRALARGE,DOUBLE
c,choose_hints,syrk,5,0.385016,4,EXTRALARGE,DOUBLE
c,choose_hints,trisolv,0.012775,,validity_error,4,EXTRALARGE,DOUBLE
c,choose_hints,trmm,0.132789,71.644,valid,4,EXTRALARGE,DOUBLE
c,choose_hints,trmm,1,0.114494,4,EXTRALARGE,DOUBLE
c,choose_hints,trmm,2,0.115374,4,EXTRALARGE,DOUBLE
c,choose_hints,trmm,3,0.112746,4,EXTRALARGE,DOUBLE
c,choose_hints,trmm,4,0.119224,4,EXTRALARGE,DOUBLE
c,choose_hints,trmm,5,0.111572,4,EXTRALARGE,DOUBLE
-- The C compiler identification is GNU 15.2.0
-- Detecting C compiler ABI info
-- Detecting C compiler ABI info - done
-- Check for working C compiler: /usr/local/latestgcc/bin/gcc - skipped
-- Detecting C compile features
-- Detecting C compile features - done
-- Configuring done (0.4s)
-- Generating done (0.8s)
-- Build files have been written to: /home/kleplj/choose_hints-xlarge/optimization/choose_hints/PolybenchC-4.2.1/build
[  2%] Building C object CMakeFiles/covariance.dir/datamining/covariance/covariance.c.o
[  7%] Building C object CMakeFiles/correlation.dir/datamining/correlation/correlation.c.o
[ 11%] Building C object CMakeFiles/durbin.dir/utilities/polybench.c.o
[  7%] Building C object CMakeFiles/trisolv.dir/linear-algebra/solvers/trisolv/trisolv.c.o
[  7%] Building C object CMakeFiles/covariance.dir/utilities/polybench.c.o
[ 15%] Building C object CMakeFiles/lu.dir/linear-algebra/solvers/lu/lu.c.o
[ 15%] Building C object CMakeFiles/cholesky.dir/linear-algebra/solvers/cholesky/cholesky.c.o
[ 15%] Building C object CMakeFiles/trisolv.dir/utilities/polybench.c.o
[ 15%] Building C object CMakeFiles/correlation.dir/utilities/polybench.c.o
[ 15%] Building C object CMakeFiles/durbin.dir/linear-algebra/solvers/durbin/durbin.c.o
[ 15%] Building C object CMakeFiles/lu.dir/utilities/polybench.c.o
[ 37%] Building C object CMakeFiles/gemm.dir/linear-algebra/blas/gemm/gemm.c.o
[ 37%] Building C object CMakeFiles/syrk.dir/linear-algebra/blas/syrk/syrk.c.o
[ 66%] Building C object CMakeFiles/symm.dir/linear-algebra/blas/symm/symm.c.o
[ 66%] Building C object CMakeFiles/2mm.dir/linear-algebra/kernels/2mm/2mm.c.o
[ 66%] Building C object CMakeFiles/doitgen.dir/linear-algebra/kernels/doitgen/doitgen.c.o
[ 66%] Building C object CMakeFiles/seidel-2d.dir/utilities/polybench.c.o
[ 66%] Building C object CMakeFiles/nussinov.dir/medley/nussinov/nussinov.c.o
[ 66%] Building C object CMakeFiles/floyd-warshall.dir/utilities/polybench.c.o
[ 66%] Building C object CMakeFiles/seidel-2d.dir/stencils/seidel-2d/seidel-2d.c.o
[ 66%] Building C object CMakeFiles/trmm.dir/utilities/polybench.c.o
[ 66%] Building C object CMakeFiles/mvt.dir/utilities/polybench.c.o
[ 66%] Building C object CMakeFiles/cholesky.dir/utilities/polybench.c.o
[ 66%] Building C object CMakeFiles/gramschmidt.dir/utilities/polybench.c.o
[ 66%] Building C object CMakeFiles/doitgen.dir/utilities/polybench.c.o
[ 66%] Building C object CMakeFiles/nussinov.dir/utilities/polybench.c.o
[ 66%] Building C object CMakeFiles/ludcmp.dir/linear-algebra/solvers/ludcmp/ludcmp.c.o
[ 66%] Building C object CMakeFiles/gemver.dir/utilities/polybench.c.o
[ 66%] Building C object CMakeFiles/jacobi-2d.dir/stencils/jacobi-2d/jacobi-2d.c.o
[ 66%] Building C object CMakeFiles/fdtd-2d.dir/stencils/fdtd-2d/fdtd-2d.c.o
[ 66%] Building C object CMakeFiles/adi.dir/stencils/adi/adi.c.o
[ 66%] Building C object CMakeFiles/atax.dir/utilities/polybench.c.o
[ 66%] Building C object CMakeFiles/2mm.dir/utilities/polybench.c.o
[ 66%] Building C object CMakeFiles/atax.dir/linear-algebra/kernels/atax/atax.c.o
[ 66%] Building C object CMakeFiles/deriche.dir/utilities/polybench.c.o
[ 66%] Building C object CMakeFiles/3mm.dir/linear-algebra/kernels/3mm/3mm.c.o
[ 66%] Building C object CMakeFiles/symm.dir/utilities/polybench.c.o
[ 66%] Building C object CMakeFiles/gesummv.dir/utilities/polybench.c.o
[ 66%] Building C object CMakeFiles/heat-3d.dir/utilities/polybench.c.o
[ 66%] Building C object CMakeFiles/fdtd-2d.dir/utilities/polybench.c.o
[ 66%] Building C object CMakeFiles/gramschmidt.dir/linear-algebra/solvers/gramschmidt/gramschmidt.c.o
[ 66%] Building C object CMakeFiles/deriche.dir/medley/deriche/deriche.c.o
[ 66%] Building C object CMakeFiles/ludcmp.dir/utilities/polybench.c.o
[ 66%] Building C object CMakeFiles/mvt.dir/linear-algebra/kernels/mvt/mvt.c.o
[ 66%] Building C object CMakeFiles/syrk.dir/utilities/polybench.c.o
[ 66%] Building C object CMakeFiles/syr2k.dir/utilities/polybench.c.o
[ 66%] Building C object CMakeFiles/syr2k.dir/linear-algebra/blas/syr2k/syr2k.c.o
[ 66%] Building C object CMakeFiles/bicg.dir/linear-algebra/kernels/bicg/bicg.c.o
[ 66%] Building C object CMakeFiles/gesummv.dir/linear-algebra/blas/gesummv/gesummv.c.o
[ 66%] Building C object CMakeFiles/floyd-warshall.dir/medley/floyd-warshall/floyd-warshall.c.o
[ 66%] Building C object CMakeFiles/3mm.dir/utilities/polybench.c.o
[ 66%] Building C object CMakeFiles/bicg.dir/utilities/polybench.c.o
[ 66%] Building C object CMakeFiles/gemm.dir/utilities/polybench.c.o
[ 66%] Building C object CMakeFiles/gemver.dir/linear-algebra/blas/gemver/gemver.c.o
[ 66%] Building C object CMakeFiles/heat-3d.dir/stencils/heat-3d/heat-3d.c.o
[ 66%] Building C object CMakeFiles/trmm.dir/linear-algebra/blas/trmm/trmm.c.o
[ 66%] Building C object CMakeFiles/adi.dir/utilities/polybench.c.o
[ 66%] Building C object CMakeFiles/jacobi-1d.dir/stencils/jacobi-1d/jacobi-1d.c.o
[ 66%] Building C object CMakeFiles/jacobi-2d.dir/utilities/polybench.c.o
[ 66%] Building C object CMakeFiles/jacobi-1d.dir/utilities/polybench.c.o
[ 67%] Linking C executable durbin
[ 68%] Linking C executable trisolv
[ 68%] Built target trisolv
[ 68%] Built target durbin
[ 71%] Linking C executable seidel-2d
[ 71%] Linking C executable covariance
[ 72%] Linking C executable floyd-warshall
[ 74%] Linking C executable gesummv
[ 74%] Linking C executable syrk
[ 75%] Linking C executable nussinov
[ 76%] Linking C executable cholesky
[ 78%] Linking C executable atax
[ 78%] Linking C executable jacobi-1d
[ 83%] Linking C executable trmm
[ 83%] Linking C executable mvt
[ 83%] Linking C executable gemm
[ 83%] Linking C executable symm
[ 84%] Linking C executable lu
[ 86%] Linking C executable correlation
[ 86%] Linking C executable doitgen
[ 87%] Built target covariance
[ 87%] Linking C executable gemver
[ 87%] Built target seidel-2d
[ 88%] Built target floyd-warshall
[ 88%] Built target gesummv
[ 88%] Linking C executable syr2k
[ 91%] Linking C executable jacobi-2d
[ 92%] Linking C executable bicg
[ 92%] Built target syrk
[ 92%] Linking C executable adi
[ 92%] Built target nussinov
[ 92%] Built target cholesky
[ 92%] Built target jacobi-1d
[ 92%] Built target atax
[ 93%] Linking C executable heat-3d
[ 94%] Linking C executable gramschmidt
[ 94%] Built target gemm
[ 94%] Built target mvt
[ 94%] Built target trmm
[ 94%] Built target symm
[ 94%] Built target lu
[ 95%] Linking C executable 2mm
[ 95%] Built target doitgen
[ 95%] Built target correlation
[ 96%] Linking C executable ludcmp
[ 96%] Built target gemver
[ 96%] Built target syr2k
[ 97%] Built target bicg
[ 97%] Built target jacobi-2d
[ 97%] Built target adi
[ 97%] Linking C executable deriche
[ 98%] Linking C executable fdtd-2d
[ 98%] Built target heat-3d
[ 98%] Built target gramschmidt
[ 98%] Built target 2mm
[ 98%] Built target ludcmp
[ 98%] Built target deriche
[ 98%] Built target fdtd-2d
c,choose_hints,2mm,0.213708,122.223,valid,5,EXTRALARGE,DOUBLE
c,choose_hints,2mm,1,0.218616,5,EXTRALARGE,DOUBLE
c,choose_hints,2mm,2,0.213789,5,EXTRALARGE,DOUBLE
c,choose_hints,2mm,3,0.211502,5,EXTRALARGE,DOUBLE
c,choose_hints,2mm,4,0.214233,5,EXTRALARGE,DOUBLE
c,choose_hints,2mm,5,0.216724,5,EXTRALARGE,DOUBLE
c,choose_hints,3mm,,,compile_error,5,EXTRALARGE,DOUBLE
c,choose_hints,adi,11.995059,7.140,valid,5,EXTRALARGE,DOUBLE
c,choose_hints,adi,1,12.516087,5,EXTRALARGE,DOUBLE
c,choose_hints,adi,2,12.373635,5,EXTRALARGE,DOUBLE
c,choose_hints,adi,3,11.246425,5,EXTRALARGE,DOUBLE
c,choose_hints,adi,4,12.637193,5,EXTRALARGE,DOUBLE
c,choose_hints,adi,5,13.235392,5,EXTRALARGE,DOUBLE
c,choose_hints,atax,0.001357,6.352,valid,5,EXTRALARGE,DOUBLE
c,choose_hints,atax,1,0.001373,5,EXTRALARGE,DOUBLE
c,choose_hints,atax,2,0.001428,5,EXTRALARGE,DOUBLE
c,choose_hints,atax,3,0.001372,5,EXTRALARGE,DOUBLE
c,choose_hints,atax,4,0.001398,5,EXTRALARGE,DOUBLE
c,choose_hints,atax,5,0.001371,5,EXTRALARGE,DOUBLE
c,choose_hints,bicg,0.001100,13.195,valid,5,EXTRALARGE,DOUBLE
c,choose_hints,bicg,1,0.001111,5,EXTRALARGE,DOUBLE
c,choose_hints,bicg,2,0.001119,5,EXTRALARGE,DOUBLE
c,choose_hints,bicg,3,0.001110,5,EXTRALARGE,DOUBLE
c,choose_hints,bicg,4,0.001078,5,EXTRALARGE,DOUBLE
c,choose_hints,bicg,5,0.001082,5,EXTRALARGE,DOUBLE
c,choose_hints,cholesky,16.166368,1.008,valid,5,EXTRALARGE,DOUBLE
c,choose_hints,cholesky,1,16.142640,5,EXTRALARGE,DOUBLE
c,choose_hints,cholesky,2,16.185065,5,EXTRALARGE,DOUBLE
c,choose_hints,cholesky,3,16.162255,5,EXTRALARGE,DOUBLE
c,choose_hints,cholesky,4,16.133255,5,EXTRALARGE,DOUBLE
c,choose_hints,cholesky,5,16.148318,5,EXTRALARGE,DOUBLE
c,choose_hints,correlation,1.004582,20.403,valid,5,EXTRALARGE,DOUBLE
c,choose_hints,correlation,1,0.995121,5,EXTRALARGE,DOUBLE
c,choose_hints,correlation,2,0.998831,5,EXTRALARGE,DOUBLE
c,choose_hints,correlation,3,0.986023,5,EXTRALARGE,DOUBLE
c,choose_hints,correlation,4,0.996342,5,EXTRALARGE,DOUBLE
c,choose_hints,correlation,5,1.014704,5,EXTRALARGE,DOUBLE
c,choose_hints,covariance,5.982888,3.407,valid,5,EXTRALARGE,DOUBLE
c,choose_hints,covariance,1,5.949755,5,EXTRALARGE,DOUBLE
c,choose_hints,covariance,2,6.018179,5,EXTRALARGE,DOUBLE
c,choose_hints,covariance,3,6.022156,5,EXTRALARGE,DOUBLE
c,choose_hints,covariance,4,5.933487,5,EXTRALARGE,DOUBLE
c,choose_hints,covariance,5,5.938429,5,EXTRALARGE,DOUBLE
c,choose_hints,deriche,0.674662,1.738,valid,5,EXTRALARGE,DOUBLE
c,choose_hints,deriche,1,0.643037,5,EXTRALARGE,DOUBLE
c,choose_hints,deriche,2,0.629507,5,EXTRALARGE,DOUBLE
c,choose_hints,deriche,3,0.625921,5,EXTRALARGE,DOUBLE
c,choose_hints,deriche,4,0.629652,5,EXTRALARGE,DOUBLE
c,choose_hints,deriche,5,0.648353,5,EXTRALARGE,DOUBLE
c,choose_hints,doitgen,0.020811,264.818,valid,5,EXTRALARGE,DOUBLE
c,choose_hints,doitgen,1,0.020950,5,EXTRALARGE,DOUBLE
c,choose_hints,doitgen,2,0.020836,5,EXTRALARGE,DOUBLE
c,choose_hints,doitgen,3,0.020261,5,EXTRALARGE,DOUBLE
c,choose_hints,doitgen,4,0.019804,5,EXTRALARGE,DOUBLE
c,choose_hints,doitgen,5,0.020702,5,EXTRALARGE,DOUBLE
c,choose_hints,durbin,0.019093,0.955,valid,5,EXTRALARGE,DOUBLE
c,choose_hints,durbin,1,0.019099,5,EXTRALARGE,DOUBLE
c,choose_hints,durbin,2,0.019185,5,EXTRALARGE,DOUBLE
c,choose_hints,durbin,3,0.019101,5,EXTRALARGE,DOUBLE
c,choose_hints,durbin,4,0.019169,5,EXTRALARGE,DOUBLE
c,choose_hints,durbin,5,0.019106,5,EXTRALARGE,DOUBLE
c,choose_hints,fdtd-2d,6.308206,3.671,valid,5,EXTRALARGE,DOUBLE
c,choose_hints,fdtd-2d,1,6.474367,5,EXTRALARGE,DOUBLE
c,choose_hints,fdtd-2d,2,7.136774,5,EXTRALARGE,DOUBLE
c,choose_hints,fdtd-2d,3,6.378206,5,EXTRALARGE,DOUBLE
c,choose_hints,fdtd-2d,4,6.819377,5,EXTRALARGE,DOUBLE
c,choose_hints,fdtd-2d,5,7.248069,5,EXTRALARGE,DOUBLE
c,choose_hints,floyd-warshall,24.272035,7.300,valid,5,EXTRALARGE,DOUBLE
c,choose_hints,floyd-warshall,1,24.154532,5,EXTRALARGE,DOUBLE
c,choose_hints,floyd-warshall,2,22.094655,5,EXTRALARGE,DOUBLE
c,choose_hints,floyd-warshall,3,20.437402,5,EXTRALARGE,DOUBLE
c,choose_hints,floyd-warshall,4,23.665376,5,EXTRALARGE,DOUBLE
c,choose_hints,floyd-warshall,5,23.884331,5,EXTRALARGE,DOUBLE
c,choose_hints,gemm,0.212574,33.674,valid,5,EXTRALARGE,DOUBLE
c,choose_hints,gemm,1,0.209954,5,EXTRALARGE,DOUBLE
c,choose_hints,gemm,2,0.205401,5,EXTRALARGE,DOUBLE
c,choose_hints,gemm,3,0.213743,5,EXTRALARGE,DOUBLE
c,choose_hints,gemm,4,0.213300,5,EXTRALARGE,DOUBLE
c,choose_hints,gemm,5,0.204666,5,EXTRALARGE,DOUBLE
c,choose_hints,gemver,0.028291,3.069,valid,5,EXTRALARGE,DOUBLE
c,choose_hints,gemver,1,0.027941,5,EXTRALARGE,DOUBLE
c,choose_hints,gemver,2,0.028142,5,EXTRALARGE,DOUBLE
c,choose_hints,gemver,3,0.027989,5,EXTRALARGE,DOUBLE
c,choose_hints,gemver,4,0.028205,5,EXTRALARGE,DOUBLE
c,choose_hints,gemver,5,0.027879,5,EXTRALARGE,DOUBLE
c,choose_hints,gesummv,0.005345,5.206,valid,5,EXTRALARGE,DOUBLE
c,choose_hints,gesummv,1,0.005377,5,EXTRALARGE,DOUBLE
c,choose_hints,gesummv,2,0.005379,5,EXTRALARGE,DOUBLE
c,choose_hints,gesummv,3,0.005375,5,EXTRALARGE,DOUBLE
c,choose_hints,gesummv,4,0.005373,5,EXTRALARGE,DOUBLE
c,choose_hints,gesummv,5,0.005338,5,EXTRALARGE,DOUBLE
c,choose_hints,gramschmidt,8.211965,,validity_error,5,EXTRALARGE,DOUBLE
c,choose_hints,heat-3d,15.848826,1.927,valid,5,EXTRALARGE,DOUBLE
c,choose_hints,heat-3d,1,12.940306,5,EXTRALARGE,DOUBLE
c,choose_hints,heat-3d,2,17.436648,5,EXTRALARGE,DOUBLE
c,choose_hints,heat-3d,3,13.859794,5,EXTRALARGE,DOUBLE
c,choose_hints,heat-3d,4,12.828263,5,EXTRALARGE,DOUBLE
c,choose_hints,heat-3d,5,14.542343,5,EXTRALARGE,DOUBLE
c,choose_hints,jacobi-1d,0.018370,0.234,valid,5,EXTRALARGE,DOUBLE
c,choose_hints,jacobi-1d,1,0.017979,5,EXTRALARGE,DOUBLE
c,choose_hints,jacobi-1d,2,0.017733,5,EXTRALARGE,DOUBLE
c,choose_hints,jacobi-1d,3,0.018100,5,EXTRALARGE,DOUBLE
c,choose_hints,jacobi-1d,4,0.017310,5,EXTRALARGE,DOUBLE
c,choose_hints,jacobi-1d,5,0.016707,5,EXTRALARGE,DOUBLE
c,choose_hints,jacobi-2d,6.202788,3.278,valid,5,EXTRALARGE,DOUBLE
c,choose_hints,jacobi-2d,1,7.105498,5,EXTRALARGE,DOUBLE
c,choose_hints,jacobi-2d,2,5.967792,5,EXTRALARGE,DOUBLE
c,choose_hints,jacobi-2d,3,6.065572,5,EXTRALARGE,DOUBLE
c,choose_hints,jacobi-2d,4,6.671756,5,EXTRALARGE,DOUBLE
c,choose_hints,jacobi-2d,5,6.791248,5,EXTRALARGE,DOUBLE
c,choose_hints,lu,26.917725,1.887,valid,5,EXTRALARGE,DOUBLE
c,choose_hints,lu,1,26.834458,5,EXTRALARGE,DOUBLE
c,choose_hints,lu,2,27.440369,5,EXTRALARGE,DOUBLE
c,choose_hints,lu,3,26.823744,5,EXTRALARGE,DOUBLE
c,choose_hints,lu,4,26.623520,5,EXTRALARGE,DOUBLE
c,choose_hints,lu,5,27.307392,5,EXTRALARGE,DOUBLE
c,choose_hints,ludcmp,30.842712,1.498,valid,5,EXTRALARGE,DOUBLE
c,choose_hints,ludcmp,1,30.779343,5,EXTRALARGE,DOUBLE
c,choose_hints,ludcmp,2,30.063283,5,EXTRALARGE,DOUBLE
c,choose_hints,ludcmp,3,30.781110,5,EXTRALARGE,DOUBLE
c,choose_hints,ludcmp,4,30.737356,5,EXTRALARGE,DOUBLE
c,choose_hints,ludcmp,5,30.525385,5,EXTRALARGE,DOUBLE
c,choose_hints,mvt,0.012655,5.618,valid,5,EXTRALARGE,DOUBLE
c,choose_hints,mvt,1,0.012526,5,EXTRALARGE,DOUBLE
c,choose_hints,mvt,2,0.012348,5,EXTRALARGE,DOUBLE
c,choose_hints,mvt,3,0.012449,5,EXTRALARGE,DOUBLE
c,choose_hints,mvt,4,0.012270,5,EXTRALARGE,DOUBLE
c,choose_hints,mvt,5,0.012374,5,EXTRALARGE,DOUBLE
c,choose_hints,nussinov,5.872481,18.409,valid,5,EXTRALARGE,DOUBLE
c,choose_hints,nussinov,1,5.879702,5,EXTRALARGE,DOUBLE
c,choose_hints,nussinov,2,8.618106,5,EXTRALARGE,DOUBLE
c,choose_hints,nussinov,3,5.998826,5,EXTRALARGE,DOUBLE
c,choose_hints,nussinov,4,5.776588,5,EXTRALARGE,DOUBLE
c,choose_hints,nussinov,5,5.884936,5,EXTRALARGE,DOUBLE
c,choose_hints,seidel-2d,177.775145,1.226,valid,5,EXTRALARGE,DOUBLE
c,choose_hints,seidel-2d,1,177.765753,5,EXTRALARGE,DOUBLE
c,choose_hints,seidel-2d,2,177.769137,5,EXTRALARGE,DOUBLE
c,choose_hints,seidel-2d,3,177.756985,5,EXTRALARGE,DOUBLE
c,choose_hints,seidel-2d,4,177.764232,5,EXTRALARGE,DOUBLE
c,choose_hints,seidel-2d,5,177.752282,5,EXTRALARGE,DOUBLE
c,choose_hints,symm,1.107273,14.559,valid,5,EXTRALARGE,DOUBLE
c,choose_hints,symm,1,1.112191,5,EXTRALARGE,DOUBLE
c,choose_hints,symm,2,1.126900,5,EXTRALARGE,DOUBLE
c,choose_hints,symm,3,1.133824,5,EXTRALARGE,DOUBLE
c,choose_hints,symm,4,1.198137,5,EXTRALARGE,DOUBLE
c,choose_hints,symm,5,1.096321,5,EXTRALARGE,DOUBLE
c,choose_hints,syr2k,0.871578,25.282,valid,5,EXTRALARGE,DOUBLE
c,choose_hints,syr2k,1,0.886715,5,EXTRALARGE,DOUBLE
c,choose_hints,syr2k,2,0.845614,5,EXTRALARGE,DOUBLE
c,choose_hints,syr2k,3,0.889553,5,EXTRALARGE,DOUBLE
c,choose_hints,syr2k,4,0.929185,5,EXTRALARGE,DOUBLE
c,choose_hints,syr2k,5,0.872468,5,EXTRALARGE,DOUBLE
c,choose_hints,syrk,0.363928,21.598,valid,5,EXTRALARGE,DOUBLE
c,choose_hints,syrk,1,0.370812,5,EXTRALARGE,DOUBLE
c,choose_hints,syrk,2,0.363939,5,EXTRALARGE,DOUBLE
c,choose_hints,syrk,3,0.367698,5,EXTRALARGE,DOUBLE
c,choose_hints,syrk,4,0.372642,5,EXTRALARGE,DOUBLE
c,choose_hints,syrk,5,0.367605,5,EXTRALARGE,DOUBLE
c,choose_hints,trisolv,0.012754,,validity_error,5,EXTRALARGE,DOUBLE
c,choose_hints,trmm,2.570780,3.731,valid,5,EXTRALARGE,DOUBLE
c,choose_hints,trmm,1,2.492947,5,EXTRALARGE,DOUBLE
c,choose_hints,trmm,2,2.533104,5,EXTRALARGE,DOUBLE
c,choose_hints,trmm,3,2.586787,5,EXTRALARGE,DOUBLE
c,choose_hints,trmm,4,2.512226,5,EXTRALARGE,DOUBLE
c,choose_hints,trmm,5,2.475245,5,EXTRALARGE,DOUBLE
-- The CXX compiler identification is GNU 15.2.0
-- Detecting CXX compiler ABI info
-- Detecting CXX compiler ABI info - done
-- Check for working CXX compiler: /usr/local/latestgcc/bin/g++ - skipped
-- Detecting CXX compile features
-- Detecting CXX compile features - done
-- Using NOARR_STRUCTURES_DIR from environment: /home/kleplj/choose_hints-xlarge/submodules/noarr-structures
-- Configuring done (0.5s)
-- Generating done (0.8s)
-- Build files have been written to: /home/kleplj/choose_hints-xlarge/optimization/choose_hints/PolybenchC-Noarr/build
[  5%] Building CXX object CMakeFiles/correlation.dir/datamining/correlation/correlation.cpp.o
[  5%] Building CXX object CMakeFiles/covariance.dir/datamining/covariance/covariance.cpp.o
[ 10%] Building CXX object CMakeFiles/gemm.dir/linear-algebra/blas/gemm/gemm.cpp.o
[ 13%] Building CXX object CMakeFiles/gesummv.dir/linear-algebra/blas/gesummv/gesummv.cpp.o
[ 13%] Building CXX object CMakeFiles/gemver.dir/linear-algebra/blas/gemver/gemver.cpp.o
[ 13%] Building CXX object CMakeFiles/symm.dir/linear-algebra/blas/symm/symm.cpp.o
[ 23%] Building CXX object CMakeFiles/syrk.dir/linear-algebra/blas/syrk/syrk.cpp.o
[ 23%] Building CXX object CMakeFiles/trmm.dir/linear-algebra/blas/trmm/trmm.cpp.o
[ 23%] Building CXX object CMakeFiles/syr2k.dir/linear-algebra/blas/syr2k/syr2k.cpp.o
[ 23%] Building CXX object CMakeFiles/atax.dir/linear-algebra/kernels/atax/atax.cpp.o
[ 23%] Building CXX object CMakeFiles/3mm.dir/linear-algebra/kernels/3mm/3mm.cpp.o
[ 38%] Building CXX object CMakeFiles/durbin.dir/linear-algebra/solvers/durbin/durbin.cpp.o
[ 38%] Building CXX object CMakeFiles/mvt.dir/linear-algebra/kernels/mvt/mvt.cpp.o
[ 50%] Building CXX object CMakeFiles/ludcmp.dir/linear-algebra/solvers/ludcmp/ludcmp.cpp.o
[ 50%] Building CXX object CMakeFiles/2mm.dir/linear-algebra/kernels/2mm/2mm.cpp.o
[ 50%] Building CXX object CMakeFiles/cholesky.dir/linear-algebra/solvers/cholesky/cholesky.cpp.o
[ 50%] Building CXX object CMakeFiles/lu.dir/linear-algebra/solvers/lu/lu.cpp.o
[ 50%] Building CXX object CMakeFiles/adi.dir/stencils/adi/adi.cpp.o
[ 50%] Building CXX object CMakeFiles/trisolv.dir/linear-algebra/solvers/trisolv/trisolv.cpp.o
[ 50%] Building CXX object CMakeFiles/fdtd-2d.dir/stencils/fdtd-2d/fdtd-2d.cpp.o
[ 50%] Building CXX object CMakeFiles/doitgen.dir/linear-algebra/kernels/doitgen/doitgen.cpp.o
[ 50%] Building CXX object CMakeFiles/bicg.dir/linear-algebra/kernels/bicg/bicg.cpp.o
[ 50%] Building CXX object CMakeFiles/nussinov.dir/medley/nussinov/nussinov.cpp.o
[ 50%] Building CXX object CMakeFiles/deriche.dir/medley/deriche/deriche.cpp.o
[ 50%] Building CXX object CMakeFiles/floyd-warshall.dir/medley/floyd-warshall/floyd-warshall.cpp.o
[ 50%] Building CXX object CMakeFiles/gramschmidt.dir/linear-algebra/solvers/gramschmidt/gramschmidt.cpp.o
[ 50%] Building CXX object CMakeFiles/jacobi-1d.dir/stencils/jacobi-1d/jacobi-1d.cpp.o
[ 50%] Building CXX object CMakeFiles/seidel-2d.dir/stencils/seidel-2d/seidel-2d.cpp.o
[ 50%] Building CXX object CMakeFiles/jacobi-2d.dir/stencils/jacobi-2d/jacobi-2d.cpp.o
[ 50%] Building CXX object CMakeFiles/heat-3d.dir/stencils/heat-3d/heat-3d.cpp.o
[ 53%] Linking CXX executable cholesky
[ 53%] Linking CXX executable nussinov
[ 55%] Linking CXX executable durbin
[ 55%] Built target durbin
[ 56%] Linking CXX executable seidel-2d
[ 58%] Linking CXX executable floyd-warshall
[ 60%] Linking CXX executable jacobi-1d
[ 61%] Linking CXX executable gesummv
[ 63%] Linking CXX executable trisolv
[ 65%] Linking CXX executable atax
[ 66%] Built target seidel-2d
[ 66%] Linking CXX executable jacobi-2d
[ 66%] Built target floyd-warshall
[ 68%] Linking CXX executable mvt
[ 70%] Linking CXX executable bicg
[ 70%] Built target jacobi-1d
[ 70%] Built target gesummv
[ 70%] Built target trisolv
[ 70%] Built target atax
[ 70%] Built target jacobi-2d
[ 70%] Built target mvt
[ 71%] Linking CXX executable adi
[ 71%] Built target bicg
[ 73%] Linking CXX executable lu
[ 75%] Linking CXX executable deriche
[ 75%] Built target adi
[ 76%] Linking CXX executable trmm
[ 78%] Linking CXX executable syrk
[ 78%] Built target lu
[ 80%] Linking CXX executable gemver
[ 81%] Linking CXX executable heat-3d
[ 81%] Built target deriche
[ 83%] Linking CXX executable doitgen
[ 83%] Built target trmm
[ 83%] Built target syrk
[ 85%] Linking CXX executable syr2k
[ 85%] Built target gemver
[ 85%] Built target heat-3d
[ 86%] Linking CXX executable gemm
[ 86%] Built target doitgen
[ 88%] Linking CXX executable symm
[ 88%] Built target syr2k
[ 88%] Built target gemm
[ 90%] Linking CXX executable gramschmidt
[ 90%] Built target symm
[ 91%] Linking CXX executable ludcmp
[ 91%] Built target gramschmidt
[ 93%] Linking CXX executable covariance
[ 93%] Built target ludcmp
[ 93%] Built target covariance
[ 95%] Linking CXX executable fdtd-2d
[ 95%] Built target fdtd-2d
[ 96%] Linking CXX executable correlation
[ 96%] Built target correlation
[ 98%] Linking CXX executable 2mm
[ 98%] Built target 2mm
[100%] Linking CXX executable 3mm
[100%] Built target 3mm
noarr,choose_hints,2mm,8.928186,2.901,valid,1,EXTRALARGE,DOUBLE
noarr,choose_hints,2mm,1,8.759258,1,EXTRALARGE,DOUBLE
noarr,choose_hints,2mm,2,8.767078,1,EXTRALARGE,DOUBLE
noarr,choose_hints,2mm,3,8.869888,1,EXTRALARGE,DOUBLE
noarr,choose_hints,2mm,4,8.785845,1,EXTRALARGE,DOUBLE
noarr,choose_hints,2mm,5,8.726806,1,EXTRALARGE,DOUBLE
noarr,choose_hints,3mm,13.628138,3.171,valid,1,EXTRALARGE,DOUBLE
noarr,choose_hints,3mm,1,13.452013,1,EXTRALARGE,DOUBLE
noarr,choose_hints,3mm,2,13.715926,1,EXTRALARGE,DOUBLE
noarr,choose_hints,3mm,3,13.459456,1,EXTRALARGE,DOUBLE
noarr,choose_hints,3mm,4,13.419386,1,EXTRALARGE,DOUBLE
noarr,choose_hints,3mm,5,13.426126,1,EXTRALARGE,DOUBLE
noarr,choose_hints,adi,17.182508,4.978,valid,1,EXTRALARGE,DOUBLE
noarr,choose_hints,adi,1,11.323249,1,EXTRALARGE,DOUBLE
noarr,choose_hints,adi,2,11.693456,1,EXTRALARGE,DOUBLE
noarr,choose_hints,adi,3,18.234442,1,EXTRALARGE,DOUBLE
noarr,choose_hints,adi,4,11.156988,1,EXTRALARGE,DOUBLE
noarr,choose_hints,adi,5,14.019202,1,EXTRALARGE,DOUBLE
noarr,choose_hints,atax,0.008285,1.026,valid,1,EXTRALARGE,DOUBLE
noarr,choose_hints,atax,1,0.008361,1,EXTRALARGE,DOUBLE
noarr,choose_hints,atax,2,0.008264,1,EXTRALARGE,DOUBLE
noarr,choose_hints,atax,3,0.008258,1,EXTRALARGE,DOUBLE
noarr,choose_hints,atax,4,0.008242,1,EXTRALARGE,DOUBLE
noarr,choose_hints,atax,5,0.008226,1,EXTRALARGE,DOUBLE
noarr,choose_hints,bicg,0.006552,2.210,valid,1,EXTRALARGE,DOUBLE
noarr,choose_hints,bicg,1,0.006499,1,EXTRALARGE,DOUBLE
noarr,choose_hints,bicg,2,0.006442,1,EXTRALARGE,DOUBLE
noarr,choose_hints,bicg,3,0.006344,1,EXTRALARGE,DOUBLE
noarr,choose_hints,bicg,4,0.006552,1,EXTRALARGE,DOUBLE
noarr,choose_hints,bicg,5,0.006583,1,EXTRALARGE,DOUBLE
noarr,choose_hints,cholesky,,,compile_error,1,EXTRALARGE,DOUBLE
noarr,choose_hints,correlation,20.611154,0.989,valid,1,EXTRALARGE,DOUBLE
noarr,choose_hints,correlation,1,20.581043,1,EXTRALARGE,DOUBLE
noarr,choose_hints,correlation,2,20.706627,1,EXTRALARGE,DOUBLE
noarr,choose_hints,correlation,3,20.572217,1,EXTRALARGE,DOUBLE
noarr,choose_hints,correlation,4,20.706397,1,EXTRALARGE,DOUBLE
noarr,choose_hints,correlation,5,20.697891,1,EXTRALARGE,DOUBLE
noarr,choose_hints,covariance,6.002718,3.412,valid,1,EXTRALARGE,DOUBLE
noarr,choose_hints,covariance,1,6.126165,1,EXTRALARGE,DOUBLE
noarr,choose_hints,covariance,2,6.011184,1,EXTRALARGE,DOUBLE
noarr,choose_hints,covariance,3,6.005963,1,EXTRALARGE,DOUBLE
noarr,choose_hints,covariance,4,6.019310,1,EXTRALARGE,DOUBLE
noarr,choose_hints,covariance,5,6.002056,1,EXTRALARGE,DOUBLE
noarr,choose_hints,deriche,0.394314,,validity_error,1,EXTRALARGE,DOUBLE
noarr,choose_hints,doitgen,1.075958,5.122,valid,1,EXTRALARGE,DOUBLE
noarr,choose_hints,doitgen,1,1.078759,1,EXTRALARGE,DOUBLE
noarr,choose_hints,doitgen,2,1.073561,1,EXTRALARGE,DOUBLE
noarr,choose_hints,doitgen,3,1.072721,1,EXTRALARGE,DOUBLE
noarr,choose_hints,doitgen,4,1.073944,1,EXTRALARGE,DOUBLE
noarr,choose_hints,doitgen,5,1.075207,1,EXTRALARGE,DOUBLE
noarr,choose_hints,durbin,0.019943,0.808,valid,1,EXTRALARGE,DOUBLE
noarr,choose_hints,durbin,1,0.020043,1,EXTRALARGE,DOUBLE
noarr,choose_hints,durbin,2,0.020049,1,EXTRALARGE,DOUBLE
noarr,choose_hints,durbin,3,0.020041,1,EXTRALARGE,DOUBLE
noarr,choose_hints,durbin,4,0.020032,1,EXTRALARGE,DOUBLE
noarr,choose_hints,durbin,5,0.020168,1,EXTRALARGE,DOUBLE
noarr,choose_hints,fdtd-2d,6.109983,3.766,valid,1,EXTRALARGE,DOUBLE
noarr,choose_hints,fdtd-2d,1,5.758872,1,EXTRALARGE,DOUBLE
noarr,choose_hints,fdtd-2d,2,6.255205,1,EXTRALARGE,DOUBLE
noarr,choose_hints,fdtd-2d,3,6.582976,1,EXTRALARGE,DOUBLE
noarr,choose_hints,fdtd-2d,4,6.676089,1,EXTRALARGE,DOUBLE
noarr,choose_hints,fdtd-2d,5,5.971266,1,EXTRALARGE,DOUBLE
noarr,choose_hints,floyd-warshall,231.453688,0.762,valid,1,EXTRALARGE,DOUBLE
noarr,choose_hints,floyd-warshall,1,230.853302,1,EXTRALARGE,DOUBLE
noarr,choose_hints,floyd-warshall,2,230.822597,1,EXTRALARGE,DOUBLE
noarr,choose_hints,floyd-warshall,3,230.785794,1,EXTRALARGE,DOUBLE
noarr,choose_hints,floyd-warshall,4,232.546506,1,EXTRALARGE,DOUBLE
noarr,choose_hints,floyd-warshall,5,232.789010,1,EXTRALARGE,DOUBLE
noarr,choose_hints,gemm,25.133171,0.285,valid,1,EXTRALARGE,DOUBLE
noarr,choose_hints,gemm,1,24.751957,1,EXTRALARGE,DOUBLE
noarr,choose_hints,gemm,2,24.792131,1,EXTRALARGE,DOUBLE
noarr,choose_hints,gemm,3,25.047759,1,EXTRALARGE,DOUBLE
noarr,choose_hints,gemm,4,25.056793,1,EXTRALARGE,DOUBLE
noarr,choose_hints,gemm,5,25.060489,1,EXTRALARGE,DOUBLE
noarr,choose_hints,gemver,0.049841,1.765,valid,1,EXTRALARGE,DOUBLE
noarr,choose_hints,gemver,1,0.050002,1,EXTRALARGE,DOUBLE
noarr,choose_hints,gemver,2,0.049835,1,EXTRALARGE,DOUBLE
noarr,choose_hints,gemver,3,0.049341,1,EXTRALARGE,DOUBLE
noarr,choose_hints,gemver,4,0.049898,1,EXTRALARGE,DOUBLE
noarr,choose_hints,gemver,5,0.049400,1,EXTRALARGE,DOUBLE
noarr,choose_hints,gesummv,0.007838,3.555,valid,1,EXTRALARGE,DOUBLE
noarr,choose_hints,gesummv,1,0.007927,1,EXTRALARGE,DOUBLE
noarr,choose_hints,gesummv,2,0.007796,1,EXTRALARGE,DOUBLE
noarr,choose_hints,gesummv,3,0.007927,1,EXTRALARGE,DOUBLE
noarr,choose_hints,gesummv,4,0.007813,1,EXTRALARGE,DOUBLE
noarr,choose_hints,gesummv,5,0.007858,1,EXTRALARGE,DOUBLE
noarr,choose_hints,gramschmidt,7.947923,,validity_error,1,EXTRALARGE,DOUBLE
noarr,choose_hints,heat-3d,31.013904,0.978,valid,1,EXTRALARGE,DOUBLE
noarr,choose_hints,heat-3d,1,30.799430,1,EXTRALARGE,DOUBLE
noarr,choose_hints,heat-3d,2,30.550987,1,EXTRALARGE,DOUBLE
noarr,choose_hints,heat-3d,3,30.815305,1,EXTRALARGE,DOUBLE
noarr,choose_hints,heat-3d,4,30.800450,1,EXTRALARGE,DOUBLE
noarr,choose_hints,heat-3d,5,30.560507,1,EXTRALARGE,DOUBLE
noarr,choose_hints,jacobi-1d,0.058504,0.074,valid,1,EXTRALARGE,DOUBLE
noarr,choose_hints,jacobi-1d,1,0.058634,1,EXTRALARGE,DOUBLE
noarr,choose_hints,jacobi-1d,2,0.058485,1,EXTRALARGE,DOUBLE
noarr,choose_hints,jacobi-1d,3,0.058407,1,EXTRALARGE,DOUBLE
noarr,choose_hints,jacobi-1d,4,0.059422,1,EXTRALARGE,DOUBLE
noarr,choose_hints,jacobi-1d,5,0.057777,1,EXTRALARGE,DOUBLE
noarr,choose_hints,jacobi-2d,20.538900,1.007,valid,1,EXTRALARGE,DOUBLE
noarr,choose_hints,jacobi-2d,1,20.825639,1,EXTRALARGE,DOUBLE
noarr,choose_hints,jacobi-2d,2,20.766346,1,EXTRALARGE,DOUBLE
noarr,choose_hints,jacobi-2d,3,20.577388,1,EXTRALARGE,DOUBLE
noarr,choose_hints,jacobi-2d,4,20.764027,1,EXTRALARGE,DOUBLE
noarr,choose_hints,jacobi-2d,5,20.893518,1,EXTRALARGE,DOUBLE
noarr,choose_hints,lu,51.096336,0.994,valid,1,EXTRALARGE,DOUBLE
noarr,choose_hints,lu,1,50.598158,1,EXTRALARGE,DOUBLE
noarr,choose_hints,lu,2,50.767209,1,EXTRALARGE,DOUBLE
noarr,choose_hints,lu,3,50.751747,1,EXTRALARGE,DOUBLE
noarr,choose_hints,lu,4,50.622807,1,EXTRALARGE,DOUBLE
noarr,choose_hints,lu,5,50.608122,1,EXTRALARGE,DOUBLE
noarr,choose_hints,ludcmp,51.649059,0.909,valid,1,EXTRALARGE,DOUBLE
noarr,choose_hints,ludcmp,1,50.990348,1,EXTRALARGE,DOUBLE
noarr,choose_hints,ludcmp,2,51.731244,1,EXTRALARGE,DOUBLE
noarr,choose_hints,ludcmp,3,51.293841,1,EXTRALARGE,DOUBLE
noarr,choose_hints,ludcmp,4,51.669701,1,EXTRALARGE,DOUBLE
noarr,choose_hints,ludcmp,5,51.245833,1,EXTRALARGE,DOUBLE
noarr,choose_hints,mvt,0.027398,2.621,valid,1,EXTRALARGE,DOUBLE
noarr,choose_hints,mvt,1,0.027346,1,EXTRALARGE,DOUBLE
noarr,choose_hints,mvt,2,0.027362,1,EXTRALARGE,DOUBLE
noarr,choose_hints,mvt,3,0.028151,1,EXTRALARGE,DOUBLE
noarr,choose_hints,mvt,4,0.027486,1,EXTRALARGE,DOUBLE
noarr,choose_hints,mvt,5,0.027342,1,EXTRALARGE,DOUBLE
noarr,choose_hints,nussinov,,,compile_error,1,EXTRALARGE,DOUBLE
noarr,choose_hints,seidel-2d,160.579920,1.357,valid,1,EXTRALARGE,DOUBLE
noarr,choose_hints,seidel-2d,1,160.582170,1,EXTRALARGE,DOUBLE
noarr,choose_hints,seidel-2d,2,160.582409,1,EXTRALARGE,DOUBLE
noarr,choose_hints,seidel-2d,3,160.571221,1,EXTRALARGE,DOUBLE
noarr,choose_hints,seidel-2d,4,160.580825,1,EXTRALARGE,DOUBLE
noarr,choose_hints,seidel-2d,5,160.577071,1,EXTRALARGE,DOUBLE
noarr,choose_hints,symm,6.290504,2.563,valid,1,EXTRALARGE,DOUBLE
noarr,choose_hints,symm,1,6.380274,1,EXTRALARGE,DOUBLE
noarr,choose_hints,symm,2,6.374253,1,EXTRALARGE,DOUBLE
noarr,choose_hints,symm,3,6.362237,1,EXTRALARGE,DOUBLE
noarr,choose_hints,symm,4,6.377965,1,EXTRALARGE,DOUBLE
noarr,choose_hints,symm,5,6.398697,1,EXTRALARGE,DOUBLE
noarr,choose_hints,syr2k,22.094091,0.995,valid,1,EXTRALARGE,DOUBLE
noarr,choose_hints,syr2k,1,22.153966,1,EXTRALARGE,DOUBLE
noarr,choose_hints,syr2k,2,22.307332,1,EXTRALARGE,DOUBLE
noarr,choose_hints,syr2k,3,22.279201,1,EXTRALARGE,DOUBLE
noarr,choose_hints,syr2k,4,22.308254,1,EXTRALARGE,DOUBLE
noarr,choose_hints,syr2k,5,22.150598,1,EXTRALARGE,DOUBLE
noarr,choose_hints,syrk,7.976887,0.980,valid,1,EXTRALARGE,DOUBLE
noarr,choose_hints,syrk,1,7.883446,1,EXTRALARGE,DOUBLE
noarr,choose_hints,syrk,2,7.815313,1,EXTRALARGE,DOUBLE
noarr,choose_hints,syrk,3,7.897796,1,EXTRALARGE,DOUBLE
noarr,choose_hints,syrk,4,7.892493,1,EXTRALARGE,DOUBLE
noarr,choose_hints,syrk,5,7.816233,1,EXTRALARGE,DOUBLE
noarr,choose_hints,trisolv,0.012678,1.031,valid,1,EXTRALARGE,DOUBLE
noarr,choose_hints,trisolv,1,0.012718,1,EXTRALARGE,DOUBLE
noarr,choose_hints,trisolv,2,0.012681,1,EXTRALARGE,DOUBLE
noarr,choose_hints,trisolv,3,0.012503,1,EXTRALARGE,DOUBLE
noarr,choose_hints,trisolv,4,0.012723,1,EXTRALARGE,DOUBLE
noarr,choose_hints,trisolv,5,0.012673,1,EXTRALARGE,DOUBLE
noarr,choose_hints,trmm,2.898040,3.285,valid,1,EXTRALARGE,DOUBLE
noarr,choose_hints,trmm,1,2.932519,1,EXTRALARGE,DOUBLE
noarr,choose_hints,trmm,2,2.904902,1,EXTRALARGE,DOUBLE
noarr,choose_hints,trmm,3,2.935307,1,EXTRALARGE,DOUBLE
noarr,choose_hints,trmm,4,2.935820,1,EXTRALARGE,DOUBLE
noarr,choose_hints,trmm,5,2.893892,1,EXTRALARGE,DOUBLE
-- The CXX compiler identification is GNU 15.2.0
-- Detecting CXX compiler ABI info
-- Detecting CXX compiler ABI info - done
-- Check for working CXX compiler: /usr/local/latestgcc/bin/g++ - skipped
-- Detecting CXX compile features
-- Detecting CXX compile features - done
-- Using NOARR_STRUCTURES_DIR from environment: /home/kleplj/choose_hints-xlarge/submodules/noarr-structures
-- Configuring done (0.4s)
-- Generating done (0.8s)
-- Build files have been written to: /home/kleplj/choose_hints-xlarge/optimization/choose_hints/PolybenchC-Noarr/build
[  5%] Building CXX object CMakeFiles/covariance.dir/datamining/covariance/covariance.cpp.o
[  6%] Building CXX object CMakeFiles/correlation.dir/datamining/correlation/correlation.cpp.o
[ 11%] Building CXX object CMakeFiles/gemver.dir/linear-algebra/blas/gemver/gemver.cpp.o
[ 11%] Building CXX object CMakeFiles/gemm.dir/linear-algebra/blas/gemm/gemm.cpp.o
[ 18%] Building CXX object CMakeFiles/syr2k.dir/linear-algebra/blas/syr2k/syr2k.cpp.o
[ 18%] Building CXX object CMakeFiles/2mm.dir/linear-algebra/kernels/2mm/2mm.cpp.o
[ 18%] Building CXX object CMakeFiles/symm.dir/linear-algebra/blas/symm/symm.cpp.o
[ 18%] Building CXX object CMakeFiles/gesummv.dir/linear-algebra/blas/gesummv/gesummv.cpp.o
[ 35%] Building CXX object CMakeFiles/lu.dir/linear-algebra/solvers/lu/lu.cpp.o
[ 30%] Building CXX object CMakeFiles/floyd-warshall.dir/medley/floyd-warshall/floyd-warshall.cpp.o
[ 30%] Building CXX object CMakeFiles/doitgen.dir/linear-algebra/kernels/doitgen/doitgen.cpp.o
[ 50%] Building CXX object CMakeFiles/mvt.dir/linear-algebra/kernels/mvt/mvt.cpp.o
[ 50%] Building CXX object CMakeFiles/durbin.dir/linear-algebra/solvers/durbin/durbin.cpp.o
[ 50%] Building CXX object CMakeFiles/syrk.dir/linear-algebra/blas/syrk/syrk.cpp.o
[ 50%] Building CXX object CMakeFiles/trmm.dir/linear-algebra/blas/trmm/trmm.cpp.o
[ 50%] Building CXX object CMakeFiles/deriche.dir/medley/deriche/deriche.cpp.o
[ 50%] Building CXX object CMakeFiles/gramschmidt.dir/linear-algebra/solvers/gramschmidt/gramschmidt.cpp.o
[ 50%] Building CXX object CMakeFiles/3mm.dir/linear-algebra/kernels/3mm/3mm.cpp.o
[ 50%] Building CXX object CMakeFiles/nussinov.dir/medley/nussinov/nussinov.cpp.o
[ 50%] Building CXX object CMakeFiles/ludcmp.dir/linear-algebra/solvers/ludcmp/ludcmp.cpp.o
[ 50%] Building CXX object CMakeFiles/adi.dir/stencils/adi/adi.cpp.o
[ 50%] Building CXX object CMakeFiles/fdtd-2d.dir/stencils/fdtd-2d/fdtd-2d.cpp.o
[ 50%] Building CXX object CMakeFiles/heat-3d.dir/stencils/heat-3d/heat-3d.cpp.o
[ 50%] Building CXX object CMakeFiles/cholesky.dir/linear-algebra/solvers/cholesky/cholesky.cpp.o
[ 50%] Building CXX object CMakeFiles/atax.dir/linear-algebra/kernels/atax/atax.cpp.o
[ 50%] Building CXX object CMakeFiles/trisolv.dir/linear-algebra/solvers/trisolv/trisolv.cpp.o
[ 50%] Building CXX object CMakeFiles/bicg.dir/linear-algebra/kernels/bicg/bicg.cpp.o
[ 50%] Building CXX object CMakeFiles/jacobi-2d.dir/stencils/jacobi-2d/jacobi-2d.cpp.o
[ 50%] Building CXX object CMakeFiles/seidel-2d.dir/stencils/seidel-2d/seidel-2d.cpp.o
[ 50%] Building CXX object CMakeFiles/jacobi-1d.dir/stencils/jacobi-1d/jacobi-1d.cpp.o
[ 53%] Linking CXX executable nussinov
[ 53%] Linking CXX executable cholesky
[ 55%] Linking CXX executable jacobi-1d
[ 56%] Linking CXX executable durbin
[ 56%] Built target jacobi-1d
[ 58%] Linking CXX executable seidel-2d
[ 60%] Linking CXX executable floyd-warshall
[ 60%] Built target durbin
[ 61%] Linking CXX executable gesummv
[ 63%] Linking CXX executable mvt
[ 63%] Built target seidel-2d
[ 65%] Linking CXX executable atax
[ 66%] Linking CXX executable jacobi-2d
[ 66%] Built target floyd-warshall
[ 68%] Linking CXX executable bicg
[ 70%] Built target gesummv
[ 70%] Linking CXX executable adi
[ 70%] Built target mvt
[ 71%] Built target atax
[ 71%] Linking CXX executable trmm
[ 71%] Built target jacobi-2d
[ 71%] Built target bicg
[ 73%] Linking CXX executable trisolv
[ 73%] Built target adi
[ 73%] Built target trmm
[ 73%] Built target trisolv
[ 76%] Linking CXX executable deriche
[ 78%] Linking CXX executable lu
[ 78%] Linking CXX executable gemver
[ 80%] Linking CXX executable syrk
[ 81%] Linking CXX executable doitgen
[ 81%] Built target lu
[ 81%] Built target deriche
[ 81%] Built target gemver
[ 83%] Linking CXX executable symm
[ 83%] Built target syrk
[ 83%] Built target doitgen
[ 85%] Linking CXX executable heat-3d
[ 85%] Built target symm
[ 86%] Linking CXX executable gramschmidt
[ 88%] Linking CXX executable gemm
[ 90%] Linking CXX executable syr2k
[ 90%] Built target heat-3d
[ 91%] Built target gramschmidt
[ 91%] Linking CXX executable ludcmp
[ 91%] Built target gemm
[ 93%] Linking CXX executable covariance
[ 93%] Built target syr2k
[ 93%] Built target ludcmp
[ 93%] Built target covariance
[ 95%] Linking CXX executable correlation
[ 95%] Built target correlation
[ 96%] Linking CXX executable 2mm
[ 96%] Built target 2mm
[ 98%] Linking CXX executable 3mm
[ 98%] Built target 3mm
noarr,choose_hints,2mm,8.887660,2.926,valid,2,EXTRALARGE,DOUBLE
noarr,choose_hints,2mm,1,8.846268,2,EXTRALARGE,DOUBLE
noarr,choose_hints,2mm,2,8.791201,2,EXTRALARGE,DOUBLE
noarr,choose_hints,2mm,3,8.820883,2,EXTRALARGE,DOUBLE
noarr,choose_hints,2mm,4,8.789989,2,EXTRALARGE,DOUBLE
noarr,choose_hints,2mm,5,8.870280,2,EXTRALARGE,DOUBLE
noarr,choose_hints,3mm,13.712103,3.125,valid,2,EXTRALARGE,DOUBLE
noarr,choose_hints,3mm,1,13.670740,2,EXTRALARGE,DOUBLE
noarr,choose_hints,3mm,2,13.909562,2,EXTRALARGE,DOUBLE
noarr,choose_hints,3mm,3,13.833104,2,EXTRALARGE,DOUBLE
noarr,choose_hints,3mm,4,13.821005,2,EXTRALARGE,DOUBLE
noarr,choose_hints,3mm,5,13.821014,2,EXTRALARGE,DOUBLE
noarr,choose_hints,adi,71.207885,1.208,valid,2,EXTRALARGE,DOUBLE
noarr,choose_hints,adi,1,71.068164,2,EXTRALARGE,DOUBLE
noarr,choose_hints,adi,2,71.069544,2,EXTRALARGE,DOUBLE
noarr,choose_hints,adi,3,71.117648,2,EXTRALARGE,DOUBLE
noarr,choose_hints,adi,4,71.250859,2,EXTRALARGE,DOUBLE
noarr,choose_hints,adi,5,71.253505,2,EXTRALARGE,DOUBLE
noarr,choose_hints,atax,0.008324,1.036,valid,2,EXTRALARGE,DOUBLE
noarr,choose_hints,atax,1,0.008310,2,EXTRALARGE,DOUBLE
noarr,choose_hints,atax,2,0.008246,2,EXTRALARGE,DOUBLE
noarr,choose_hints,atax,3,0.008299,2,EXTRALARGE,DOUBLE
noarr,choose_hints,atax,4,0.008229,2,EXTRALARGE,DOUBLE
noarr,choose_hints,atax,5,0.008243,2,EXTRALARGE,DOUBLE
noarr,choose_hints,bicg,0.013016,1.119,valid,2,EXTRALARGE,DOUBLE
noarr,choose_hints,bicg,1,0.013016,2,EXTRALARGE,DOUBLE
noarr,choose_hints,bicg,2,0.013057,2,EXTRALARGE,DOUBLE
noarr,choose_hints,bicg,3,0.013029,2,EXTRALARGE,DOUBLE
noarr,choose_hints,bicg,4,0.013038,2,EXTRALARGE,DOUBLE
noarr,choose_hints,bicg,5,0.013096,2,EXTRALARGE,DOUBLE
noarr,choose_hints,cholesky,,,compile_error,2,EXTRALARGE,DOUBLE
noarr,choose_hints,correlation,20.176590,1.011,valid,2,EXTRALARGE,DOUBLE
noarr,choose_hints,correlation,1,20.162833,2,EXTRALARGE,DOUBLE
noarr,choose_hints,correlation,2,20.312542,2,EXTRALARGE,DOUBLE
noarr,choose_hints,correlation,3,20.309145,2,EXTRALARGE,DOUBLE
noarr,choose_hints,correlation,4,20.316826,2,EXTRALARGE,DOUBLE
noarr,choose_hints,correlation,5,20.308315,2,EXTRALARGE,DOUBLE
noarr,choose_hints,covariance,6.114669,3.347,valid,2,EXTRALARGE,DOUBLE
noarr,choose_hints,covariance,1,5.988060,2,EXTRALARGE,DOUBLE
noarr,choose_hints,covariance,2,5.992975,2,EXTRALARGE,DOUBLE
noarr,choose_hints,covariance,3,6.004841,2,EXTRALARGE,DOUBLE
noarr,choose_hints,covariance,4,5.992247,2,EXTRALARGE,DOUBLE
noarr,choose_hints,covariance,5,5.990498,2,EXTRALARGE,DOUBLE
noarr,choose_hints,deriche,1.052795,1.112,valid,2,EXTRALARGE,DOUBLE
noarr,choose_hints,deriche,1,1.058166,2,EXTRALARGE,DOUBLE
noarr,choose_hints,deriche,2,1.056333,2,EXTRALARGE,DOUBLE
noarr,choose_hints,deriche,3,1.055770,2,EXTRALARGE,DOUBLE
noarr,choose_hints,deriche,4,1.058152,2,EXTRALARGE,DOUBLE
noarr,choose_hints,deriche,5,1.068677,2,EXTRALARGE,DOUBLE
noarr,choose_hints,doitgen,1.172025,4.704,valid,2,EXTRALARGE,DOUBLE
noarr,choose_hints,doitgen,1,1.170714,2,EXTRALARGE,DOUBLE
noarr,choose_hints,doitgen,2,1.168515,2,EXTRALARGE,DOUBLE
noarr,choose_hints,doitgen,3,1.169854,2,EXTRALARGE,DOUBLE
noarr,choose_hints,doitgen,4,1.169472,2,EXTRALARGE,DOUBLE
noarr,choose_hints,doitgen,5,1.182119,2,EXTRALARGE,DOUBLE
noarr,choose_hints,durbin,0.015118,1.053,valid,2,EXTRALARGE,DOUBLE
noarr,choose_hints,durbin,1,0.015112,2,EXTRALARGE,DOUBLE
noarr,choose_hints,durbin,2,0.015140,2,EXTRALARGE,DOUBLE
noarr,choose_hints,durbin,3,0.015124,2,EXTRALARGE,DOUBLE
noarr,choose_hints,durbin,4,0.015146,2,EXTRALARGE,DOUBLE
noarr,choose_hints,durbin,5,0.015147,2,EXTRALARGE,DOUBLE
noarr,choose_hints,fdtd-2d,,,compile_error,2,EXTRALARGE,DOUBLE
noarr,choose_hints,floyd-warshall,135.151713,1.307,valid,2,EXTRALARGE,DOUBLE
noarr,choose_hints,floyd-warshall,1,134.538156,2,EXTRALARGE,DOUBLE
noarr,choose_hints,floyd-warshall,2,134.518411,2,EXTRALARGE,DOUBLE
noarr,choose_hints,floyd-warshall,3,135.327248,2,EXTRALARGE,DOUBLE
noarr,choose_hints,floyd-warshall,4,134.614292,2,EXTRALARGE,DOUBLE
noarr,choose_hints,floyd-warshall,5,135.412991,2,EXTRALARGE,DOUBLE
noarr,choose_hints,gemm,7.724603,0.915,valid,2,EXTRALARGE,DOUBLE
noarr,choose_hints,gemm,1,7.769753,2,EXTRALARGE,DOUBLE
noarr,choose_hints,gemm,2,7.765266,2,EXTRALARGE,DOUBLE
noarr,choose_hints,gemm,3,7.753656,2,EXTRALARGE,DOUBLE
noarr,choose_hints,gemm,4,7.750170,2,EXTRALARGE,DOUBLE
noarr,choose_hints,gemm,5,7.773804,2,EXTRALARGE,DOUBLE
noarr,choose_hints,gemver,0.049082,1.778,valid,2,EXTRALARGE,DOUBLE
noarr,choose_hints,gemver,1,0.049881,2,EXTRALARGE,DOUBLE
noarr,choose_hints,gemver,2,0.049336,2,EXTRALARGE,DOUBLE
noarr,choose_hints,gemver,3,0.049142,2,EXTRALARGE,DOUBLE
noarr,choose_hints,gemver,4,0.049906,2,EXTRALARGE,DOUBLE
noarr,choose_hints,gemver,5,0.049072,2,EXTRALARGE,DOUBLE
noarr,choose_hints,gesummv,0.014175,1.963,valid,2,EXTRALARGE,DOUBLE
noarr,choose_hints,gesummv,1,0.014054,2,EXTRALARGE,DOUBLE
noarr,choose_hints,gesummv,2,0.014223,2,EXTRALARGE,DOUBLE
noarr,choose_hints,gesummv,3,0.014072,2,EXTRALARGE,DOUBLE
noarr,choose_hints,gesummv,4,0.013828,2,EXTRALARGE,DOUBLE
noarr,choose_hints,gesummv,5,0.013791,2,EXTRALARGE,DOUBLE
noarr,choose_hints,gramschmidt,13.673577,,validity_error,2,EXTRALARGE,DOUBLE
noarr,choose_hints,heat-3d,30.622027,0.990,valid,2,EXTRALARGE,DOUBLE
noarr,choose_hints,heat-3d,1,30.255046,2,EXTRALARGE,DOUBLE
noarr,choose_hints,heat-3d,2,30.544186,2,EXTRALARGE,DOUBLE
noarr,choose_hints,heat-3d,3,30.530448,2,EXTRALARGE,DOUBLE
noarr,choose_hints,heat-3d,4,30.515015,2,EXTRALARGE,DOUBLE
noarr,choose_hints,heat-3d,5,30.531350,2,EXTRALARGE,DOUBLE
noarr,choose_hints,jacobi-1d,0.007241,0.595,valid,2,EXTRALARGE,DOUBLE
noarr,choose_hints,jacobi-1d,1,0.007320,2,EXTRALARGE,DOUBLE
noarr,choose_hints,jacobi-1d,2,0.007210,2,EXTRALARGE,DOUBLE
noarr,choose_hints,jacobi-1d,3,0.007202,2,EXTRALARGE,DOUBLE
noarr,choose_hints,jacobi-1d,4,0.007205,2,EXTRALARGE,DOUBLE
noarr,choose_hints,jacobi-1d,5,0.007202,2,EXTRALARGE,DOUBLE
noarr,choose_hints,jacobi-2d,7.454612,2.779,valid,2,EXTRALARGE,DOUBLE
noarr,choose_hints,jacobi-2d,1,5.752642,2,EXTRALARGE,DOUBLE
noarr,choose_hints,jacobi-2d,2,6.433819,2,EXTRALARGE,DOUBLE
noarr,choose_hints,jacobi-2d,3,6.367001,2,EXTRALARGE,DOUBLE
noarr,choose_hints,jacobi-2d,4,6.624319,2,EXTRALARGE,DOUBLE
noarr,choose_hints,jacobi-2d,5,6.509176,2,EXTRALARGE,DOUBLE
noarr,choose_hints,lu,50.504529,1.010,valid,2,EXTRALARGE,DOUBLE
noarr,choose_hints,lu,1,50.464288,2,EXTRALARGE,DOUBLE
noarr,choose_hints,lu,2,50.544054,2,EXTRALARGE,DOUBLE
noarr,choose_hints,lu,3,50.511080,2,EXTRALARGE,DOUBLE
noarr,choose_hints,lu,4,50.536125,2,EXTRALARGE,DOUBLE
noarr,choose_hints,lu,5,50.502134,2,EXTRALARGE,DOUBLE
noarr,choose_hints,ludcmp,50.907235,0.912,valid,2,EXTRALARGE,DOUBLE
noarr,choose_hints,ludcmp,1,50.890636,2,EXTRALARGE,DOUBLE
noarr,choose_hints,ludcmp,2,50.764896,2,EXTRALARGE,DOUBLE
noarr,choose_hints,ludcmp,3,50.737701,2,EXTRALARGE,DOUBLE
noarr,choose_hints,ludcmp,4,50.899490,2,EXTRALARGE,DOUBLE
noarr,choose_hints,ludcmp,5,50.916147,2,EXTRALARGE,DOUBLE
noarr,choose_hints,mvt,0.027136,2.619,valid,2,EXTRALARGE,DOUBLE
noarr,choose_hints,mvt,1,0.028022,2,EXTRALARGE,DOUBLE
noarr,choose_hints,mvt,2,0.027438,2,EXTRALARGE,DOUBLE
noarr,choose_hints,mvt,3,0.028244,2,EXTRALARGE,DOUBLE
noarr,choose_hints,mvt,4,0.027254,2,EXTRALARGE,DOUBLE
noarr,choose_hints,mvt,5,0.026953,2,EXTRALARGE,DOUBLE
noarr,choose_hints,nussinov,,,compile_error,2,EXTRALARGE,DOUBLE
noarr,choose_hints,seidel-2d,160.566710,1.357,valid,2,EXTRALARGE,DOUBLE
noarr,choose_hints,seidel-2d,1,160.564630,2,EXTRALARGE,DOUBLE
noarr,choose_hints,seidel-2d,2,160.567828,2,EXTRALARGE,DOUBLE
noarr,choose_hints,seidel-2d,3,160.570116,2,EXTRALARGE,DOUBLE
noarr,choose_hints,seidel-2d,4,160.568092,2,EXTRALARGE,DOUBLE
noarr,choose_hints,seidel-2d,5,160.562887,2,EXTRALARGE,DOUBLE
noarr,choose_hints,symm,8.963508,1.800,valid,2,EXTRALARGE,DOUBLE
noarr,choose_hints,symm,1,8.953205,2,EXTRALARGE,DOUBLE
noarr,choose_hints,symm,2,8.948828,2,EXTRALARGE,DOUBLE
noarr,choose_hints,symm,3,8.952686,2,EXTRALARGE,DOUBLE
noarr,choose_hints,symm,4,8.948481,2,EXTRALARGE,DOUBLE
noarr,choose_hints,symm,5,8.954321,2,EXTRALARGE,DOUBLE
noarr,choose_hints,syr2k,27.335643,0.805,valid,2,EXTRALARGE,DOUBLE
noarr,choose_hints,syr2k,1,27.287581,2,EXTRALARGE,DOUBLE
noarr,choose_hints,syr2k,2,27.265887,2,EXTRALARGE,DOUBLE
noarr,choose_hints,syr2k,3,27.276967,2,EXTRALARGE,DOUBLE
noarr,choose_hints,syr2k,4,27.333943,2,EXTRALARGE,DOUBLE
noarr,choose_hints,syr2k,5,27.273122,2,EXTRALARGE,DOUBLE
noarr,choose_hints,syrk,7.874449,1.001,valid,2,EXTRALARGE,DOUBLE
noarr,choose_hints,syrk,1,7.897726,2,EXTRALARGE,DOUBLE
noarr,choose_hints,syrk,2,7.885041,2,EXTRALARGE,DOUBLE
noarr,choose_hints,syrk,3,7.959967,2,EXTRALARGE,DOUBLE
noarr,choose_hints,syrk,4,7.902465,2,EXTRALARGE,DOUBLE
noarr,choose_hints,syrk,5,7.893619,2,EXTRALARGE,DOUBLE
noarr,choose_hints,trisolv,0.012487,1.053,valid,2,EXTRALARGE,DOUBLE
noarr,choose_hints,trisolv,1,0.012612,2,EXTRALARGE,DOUBLE
noarr,choose_hints,trisolv,2,0.012637,2,EXTRALARGE,DOUBLE
noarr,choose_hints,trisolv,3,0.012698,2,EXTRALARGE,DOUBLE
noarr,choose_hints,trisolv,4,0.012528,2,EXTRALARGE,DOUBLE
noarr,choose_hints,trisolv,5,0.012498,2,EXTRALARGE,DOUBLE
noarr,choose_hints,trmm,7.461162,1.266,valid,2,EXTRALARGE,DOUBLE
noarr,choose_hints,trmm,1,7.471578,2,EXTRALARGE,DOUBLE
noarr,choose_hints,trmm,2,7.497760,2,EXTRALARGE,DOUBLE
noarr,choose_hints,trmm,3,7.494118,2,EXTRALARGE,DOUBLE
noarr,choose_hints,trmm,4,7.468493,2,EXTRALARGE,DOUBLE
noarr,choose_hints,trmm,5,7.487200,2,EXTRALARGE,DOUBLE
-- The CXX compiler identification is GNU 15.2.0
-- Detecting CXX compiler ABI info
-- Detecting CXX compiler ABI info - done
-- Check for working CXX compiler: /usr/local/latestgcc/bin/g++ - skipped
-- Detecting CXX compile features
-- Detecting CXX compile features - done
-- Using NOARR_STRUCTURES_DIR from environment: /home/kleplj/choose_hints-xlarge/submodules/noarr-structures
-- Configuring done (0.5s)
-- Generating done (0.8s)
-- Build files have been written to: /home/kleplj/choose_hints-xlarge/optimization/choose_hints/PolybenchC-Noarr/build
[ 10%] Building CXX object CMakeFiles/covariance.dir/datamining/covariance/covariance.cpp.o
[ 10%] Building CXX object CMakeFiles/gemm.dir/linear-algebra/blas/gemm/gemm.cpp.o
[ 10%] Building CXX object CMakeFiles/correlation.dir/datamining/correlation/correlation.cpp.o
[ 15%] Building CXX object CMakeFiles/gemver.dir/linear-algebra/blas/gemver/gemver.cpp.o
[ 15%] Building CXX object CMakeFiles/symm.dir/linear-algebra/blas/symm/symm.cpp.o
[ 15%] Building CXX object CMakeFiles/trmm.dir/linear-algebra/blas/trmm/trmm.cpp.o
[ 15%] Building CXX object CMakeFiles/gesummv.dir/linear-algebra/blas/gesummv/gesummv.cpp.o
[ 25%] Building CXX object CMakeFiles/doitgen.dir/linear-algebra/kernels/doitgen/doitgen.cpp.o
[ 25%] Building CXX object CMakeFiles/2mm.dir/linear-algebra/kernels/2mm/2mm.cpp.o
[ 25%] Building CXX object CMakeFiles/syr2k.dir/linear-algebra/blas/syr2k/syr2k.cpp.o
[ 25%] Building CXX object CMakeFiles/atax.dir/linear-algebra/kernels/atax/atax.cpp.o
[ 25%] Building CXX object CMakeFiles/3mm.dir/linear-algebra/kernels/3mm/3mm.cpp.o
[ 25%] Building CXX object CMakeFiles/syrk.dir/linear-algebra/blas/syrk/syrk.cpp.o
[ 38%] Building CXX object CMakeFiles/cholesky.dir/linear-algebra/solvers/cholesky/cholesky.cpp.o
[ 38%] Building CXX object CMakeFiles/bicg.dir/linear-algebra/kernels/bicg/bicg.cpp.o
[ 50%] Building CXX object CMakeFiles/trisolv.dir/linear-algebra/solvers/trisolv/trisolv.cpp.o
[ 50%] Building CXX object CMakeFiles/floyd-warshall.dir/medley/floyd-warshall/floyd-warshall.cpp.o
[ 50%] Building CXX object CMakeFiles/lu.dir/linear-algebra/solvers/lu/lu.cpp.o
[ 50%] Building CXX object CMakeFiles/adi.dir/stencils/adi/adi.cpp.o
[ 50%] Building CXX object CMakeFiles/fdtd-2d.dir/stencils/fdtd-2d/fdtd-2d.cpp.o
[ 50%] Building CXX object CMakeFiles/durbin.dir/linear-algebra/solvers/durbin/durbin.cpp.o
[ 50%] Building CXX object CMakeFiles/deriche.dir/medley/deriche/deriche.cpp.o
[ 50%] Building CXX object CMakeFiles/mvt.dir/linear-algebra/kernels/mvt/mvt.cpp.o
[ 50%] Building CXX object CMakeFiles/ludcmp.dir/linear-algebra/solvers/ludcmp/ludcmp.cpp.o
[ 50%] Building CXX object CMakeFiles/gramschmidt.dir/linear-algebra/solvers/gramschmidt/gramschmidt.cpp.o
[ 50%] Building CXX object CMakeFiles/nussinov.dir/medley/nussinov/nussinov.cpp.o
[ 50%] Building CXX object CMakeFiles/heat-3d.dir/stencils/heat-3d/heat-3d.cpp.o
[ 50%] Building CXX object CMakeFiles/jacobi-1d.dir/stencils/jacobi-1d/jacobi-1d.cpp.o
[ 50%] Building CXX object CMakeFiles/seidel-2d.dir/stencils/seidel-2d/seidel-2d.cpp.o
[ 50%] Building CXX object CMakeFiles/jacobi-2d.dir/stencils/jacobi-2d/jacobi-2d.cpp.o
[ 53%] Linking CXX executable nussinov
[ 53%] Linking CXX executable cholesky
[ 55%] Linking CXX executable jacobi-1d
[ 56%] Linking CXX executable durbin
[ 56%] Built target jacobi-1d
[ 58%] Linking CXX executable seidel-2d
[ 60%] Linking CXX executable floyd-warshall
[ 60%] Built target durbin
[ 60%] Built target seidel-2d
[ 61%] Linking CXX executable gesummv
[ 63%] Linking CXX executable mvt
[ 65%] Linking CXX executable trisolv
[ 65%] Built target floyd-warshall
[ 66%] Linking CXX executable bicg
[ 68%] Linking CXX executable jacobi-2d
[ 68%] Built target gesummv
[ 68%] Built target trisolv
[ 68%] Built target mvt
[ 70%] Linking CXX executable adi
[ 70%] Built target bicg
[ 70%] Built target jacobi-2d
[ 73%] Linking CXX executable trmm
[ 73%] Linking CXX executable atax
[ 73%] Built target adi
[ 75%] Linking CXX executable lu
[ 76%] Linking CXX executable syrk
[ 76%] Built target atax
[ 76%] Built target trmm
[ 78%] Linking CXX executable symm
[ 80%] Linking CXX executable gemver
[ 80%] Built target lu
[ 80%] Built target syrk
[ 80%] Built target symm
[ 81%] Linking CXX executable syr2k
[ 81%] Built target gemver
[ 83%] Linking CXX executable doitgen
[ 85%] Linking CXX executable gemm
[ 86%] Linking CXX executable gramschmidt
[ 86%] Built target syr2k
[ 88%] Linking CXX executable covariance
[ 88%] Built target doitgen
[ 88%] Built target gemm
[ 90%] Linking CXX executable fdtd-2d
[ 90%] Built target gramschmidt
[ 91%] Linking CXX executable ludcmp
[ 91%] Built target covariance
[ 91%] Built target fdtd-2d
[ 91%] Built target ludcmp
[ 93%] Linking CXX executable correlation
[ 93%] Built target correlation
[ 95%] Linking CXX executable heat-3d
[ 95%] Built target heat-3d
[ 96%] Linking CXX executable 2mm
[ 96%] Built target 2mm
[ 98%] Linking CXX executable 3mm
[ 98%] Built target 3mm
noarr,choose_hints,2mm,8.890272,2.934,valid,3,EXTRALARGE,DOUBLE
noarr,choose_hints,2mm,1,8.792232,3,EXTRALARGE,DOUBLE
noarr,choose_hints,2mm,2,8.789718,3,EXTRALARGE,DOUBLE
noarr,choose_hints,2mm,3,8.834762,3,EXTRALARGE,DOUBLE
noarr,choose_hints,2mm,4,8.842728,3,EXTRALARGE,DOUBLE
noarr,choose_hints,2mm,5,8.848706,3,EXTRALARGE,DOUBLE
noarr,choose_hints,3mm,35.228903,1.230,valid,3,EXTRALARGE,DOUBLE
noarr,choose_hints,3mm,1,35.220301,3,EXTRALARGE,DOUBLE
noarr,choose_hints,3mm,2,35.323895,3,EXTRALARGE,DOUBLE
noarr,choose_hints,3mm,3,34.834622,3,EXTRALARGE,DOUBLE
noarr,choose_hints,3mm,4,34.974288,3,EXTRALARGE,DOUBLE
noarr,choose_hints,3mm,5,35.152963,3,EXTRALARGE,DOUBLE
noarr,choose_hints,adi,13.725554,6.233,valid,3,EXTRALARGE,DOUBLE
noarr,choose_hints,adi,1,11.826289,3,EXTRALARGE,DOUBLE
noarr,choose_hints,adi,2,12.159555,3,EXTRALARGE,DOUBLE
noarr,choose_hints,adi,3,12.475037,3,EXTRALARGE,DOUBLE
noarr,choose_hints,adi,4,11.177663,3,EXTRALARGE,DOUBLE
noarr,choose_hints,adi,5,11.442656,3,EXTRALARGE,DOUBLE
noarr,choose_hints,atax,0.009013,0.945,valid,3,EXTRALARGE,DOUBLE
noarr,choose_hints,atax,1,0.008951,3,EXTRALARGE,DOUBLE
noarr,choose_hints,atax,2,0.008979,3,EXTRALARGE,DOUBLE
noarr,choose_hints,atax,3,0.008946,3,EXTRALARGE,DOUBLE
noarr,choose_hints,atax,4,0.008935,3,EXTRALARGE,DOUBLE
noarr,choose_hints,atax,5,0.008980,3,EXTRALARGE,DOUBLE
noarr,choose_hints,bicg,0.006755,2.152,valid,3,EXTRALARGE,DOUBLE
noarr,choose_hints,bicg,1,0.006767,3,EXTRALARGE,DOUBLE
noarr,choose_hints,bicg,2,0.006844,3,EXTRALARGE,DOUBLE
noarr,choose_hints,bicg,3,0.006845,3,EXTRALARGE,DOUBLE
noarr,choose_hints,bicg,4,0.006865,3,EXTRALARGE,DOUBLE
noarr,choose_hints,bicg,5,0.006798,3,EXTRALARGE,DOUBLE
noarr,choose_hints,cholesky,,,compile_error,3,EXTRALARGE,DOUBLE
noarr,choose_hints,correlation,27.712174,0.735,valid,3,EXTRALARGE,DOUBLE
noarr,choose_hints,correlation,1,27.492366,3,EXTRALARGE,DOUBLE
noarr,choose_hints,correlation,2,27.430045,3,EXTRALARGE,DOUBLE
noarr,choose_hints,correlation,3,27.820853,3,EXTRALARGE,DOUBLE
noarr,choose_hints,correlation,4,27.430012,3,EXTRALARGE,DOUBLE
noarr,choose_hints,correlation,5,27.366793,3,EXTRALARGE,DOUBLE
noarr,choose_hints,covariance,20.147464,1.016,valid,3,EXTRALARGE,DOUBLE
noarr,choose_hints,covariance,1,20.163829,3,EXTRALARGE,DOUBLE
noarr,choose_hints,covariance,2,20.176518,3,EXTRALARGE,DOUBLE
noarr,choose_hints,covariance,3,20.189255,3,EXTRALARGE,DOUBLE
noarr,choose_hints,covariance,4,20.141764,3,EXTRALARGE,DOUBLE
noarr,choose_hints,covariance,5,20.170566,3,EXTRALARGE,DOUBLE
noarr,choose_hints,deriche,,,compile_error,3,EXTRALARGE,DOUBLE
noarr,choose_hints,doitgen,1.319264,4.206,valid,3,EXTRALARGE,DOUBLE
noarr,choose_hints,doitgen,1,1.319482,3,EXTRALARGE,DOUBLE
noarr,choose_hints,doitgen,2,1.319162,3,EXTRALARGE,DOUBLE
noarr,choose_hints,doitgen,3,1.319093,3,EXTRALARGE,DOUBLE
noarr,choose_hints,doitgen,4,1.319112,3,EXTRALARGE,DOUBLE
noarr,choose_hints,doitgen,5,1.319505,3,EXTRALARGE,DOUBLE
noarr,choose_hints,durbin,0.015984,1.006,valid,3,EXTRALARGE,DOUBLE
noarr,choose_hints,durbin,1,0.015928,3,EXTRALARGE,DOUBLE
noarr,choose_hints,durbin,2,0.015975,3,EXTRALARGE,DOUBLE
noarr,choose_hints,durbin,3,0.015993,3,EXTRALARGE,DOUBLE
noarr,choose_hints,durbin,4,0.015995,3,EXTRALARGE,DOUBLE
noarr,choose_hints,durbin,5,0.015977,3,EXTRALARGE,DOUBLE
noarr,choose_hints,fdtd-2d,6.064452,3.831,valid,3,EXTRALARGE,DOUBLE
noarr,choose_hints,fdtd-2d,1,5.691062,3,EXTRALARGE,DOUBLE
noarr,choose_hints,fdtd-2d,2,6.618196,3,EXTRALARGE,DOUBLE
noarr,choose_hints,fdtd-2d,3,5.656279,3,EXTRALARGE,DOUBLE
noarr,choose_hints,fdtd-2d,4,7.151651,3,EXTRALARGE,DOUBLE
noarr,choose_hints,fdtd-2d,5,5.804140,3,EXTRALARGE,DOUBLE
noarr,choose_hints,floyd-warshall,136.132558,1.295,valid,3,EXTRALARGE,DOUBLE
noarr,choose_hints,floyd-warshall,1,135.315805,3,EXTRALARGE,DOUBLE
noarr,choose_hints,floyd-warshall,2,135.851976,3,EXTRALARGE,DOUBLE
noarr,choose_hints,floyd-warshall,3,136.944667,3,EXTRALARGE,DOUBLE
noarr,choose_hints,floyd-warshall,4,136.300445,3,EXTRALARGE,DOUBLE
noarr,choose_hints,floyd-warshall,5,136.357168,3,EXTRALARGE,DOUBLE
noarr,choose_hints,gemm,7.802576,0.913,valid,3,EXTRALARGE,DOUBLE
noarr,choose_hints,gemm,1,7.854793,3,EXTRALARGE,DOUBLE
noarr,choose_hints,gemm,2,7.856729,3,EXTRALARGE,DOUBLE
noarr,choose_hints,gemm,3,7.853600,3,EXTRALARGE,DOUBLE
noarr,choose_hints,gemm,4,7.821339,3,EXTRALARGE,DOUBLE
noarr,choose_hints,gemm,5,7.855468,3,EXTRALARGE,DOUBLE
noarr,choose_hints,gemver,0.031051,2.831,valid,3,EXTRALARGE,DOUBLE
noarr,choose_hints,gemver,1,0.031187,3,EXTRALARGE,DOUBLE
noarr,choose_hints,gemver,2,0.031264,3,EXTRALARGE,DOUBLE
noarr,choose_hints,gemver,3,0.031482,3,EXTRALARGE,DOUBLE
noarr,choose_hints,gemver,4,0.031497,3,EXTRALARGE,DOUBLE
noarr,choose_hints,gemver,5,0.031221,3,EXTRALARGE,DOUBLE
noarr,choose_hints,gesummv,0.007845,3.549,valid,3,EXTRALARGE,DOUBLE
noarr,choose_hints,gesummv,1,0.007878,3,EXTRALARGE,DOUBLE
noarr,choose_hints,gesummv,2,0.007869,3,EXTRALARGE,DOUBLE
noarr,choose_hints,gesummv,3,0.007938,3,EXTRALARGE,DOUBLE
noarr,choose_hints,gesummv,4,0.007847,3,EXTRALARGE,DOUBLE
noarr,choose_hints,gesummv,5,0.007816,3,EXTRALARGE,DOUBLE
noarr,choose_hints,gramschmidt,13.195620,,validity_error,3,EXTRALARGE,DOUBLE
noarr,choose_hints,heat-3d,31.002324,0.969,valid,3,EXTRALARGE,DOUBLE
noarr,choose_hints,heat-3d,1,30.469664,3,EXTRALARGE,DOUBLE
noarr,choose_hints,heat-3d,2,30.463685,3,EXTRALARGE,DOUBLE
noarr,choose_hints,heat-3d,3,30.473686,3,EXTRALARGE,DOUBLE
noarr,choose_hints,heat-3d,4,30.313116,3,EXTRALARGE,DOUBLE
noarr,choose_hints,heat-3d,5,29.904710,3,EXTRALARGE,DOUBLE
noarr,choose_hints,jacobi-1d,0.061960,0.070,valid,3,EXTRALARGE,DOUBLE
noarr,choose_hints,jacobi-1d,1,0.061909,3,EXTRALARGE,DOUBLE
noarr,choose_hints,jacobi-1d,2,0.061993,3,EXTRALARGE,DOUBLE
noarr,choose_hints,jacobi-1d,3,0.062764,3,EXTRALARGE,DOUBLE
noarr,choose_hints,jacobi-1d,4,0.061608,3,EXTRALARGE,DOUBLE
noarr,choose_hints,jacobi-1d,5,0.060424,3,EXTRALARGE,DOUBLE
noarr,choose_hints,jacobi-2d,20.702550,1.011,valid,3,EXTRALARGE,DOUBLE
noarr,choose_hints,jacobi-2d,1,20.655879,3,EXTRALARGE,DOUBLE
noarr,choose_hints,jacobi-2d,2,20.548384,3,EXTRALARGE,DOUBLE
noarr,choose_hints,jacobi-2d,3,20.562479,3,EXTRALARGE,DOUBLE
noarr,choose_hints,jacobi-2d,4,20.560590,3,EXTRALARGE,DOUBLE
noarr,choose_hints,jacobi-2d,5,20.799081,3,EXTRALARGE,DOUBLE
noarr,choose_hints,lu,51.024943,0.991,valid,3,EXTRALARGE,DOUBLE
noarr,choose_hints,lu,1,50.623528,3,EXTRALARGE,DOUBLE
noarr,choose_hints,lu,2,50.684119,3,EXTRALARGE,DOUBLE
noarr,choose_hints,lu,3,50.741086,3,EXTRALARGE,DOUBLE
noarr,choose_hints,lu,4,50.874439,3,EXTRALARGE,DOUBLE
noarr,choose_hints,lu,5,50.644589,3,EXTRALARGE,DOUBLE
noarr,choose_hints,ludcmp,51.108396,0.903,valid,3,EXTRALARGE,DOUBLE
noarr,choose_hints,ludcmp,1,50.891928,3,EXTRALARGE,DOUBLE
noarr,choose_hints,ludcmp,2,50.787779,3,EXTRALARGE,DOUBLE
noarr,choose_hints,ludcmp,3,51.155690,3,EXTRALARGE,DOUBLE
noarr,choose_hints,ludcmp,4,50.560608,3,EXTRALARGE,DOUBLE
noarr,choose_hints,ludcmp,5,51.005316,3,EXTRALARGE,DOUBLE
noarr,choose_hints,mvt,0.027022,2.624,valid,3,EXTRALARGE,DOUBLE
noarr,choose_hints,mvt,1,0.027251,3,EXTRALARGE,DOUBLE
noarr,choose_hints,mvt,2,0.026815,3,EXTRALARGE,DOUBLE
noarr,choose_hints,mvt,3,0.028386,3,EXTRALARGE,DOUBLE
noarr,choose_hints,mvt,4,0.028404,3,EXTRALARGE,DOUBLE
noarr,choose_hints,mvt,5,0.026943,3,EXTRALARGE,DOUBLE
noarr,choose_hints,nussinov,,,compile_error,3,EXTRALARGE,DOUBLE
noarr,choose_hints,seidel-2d,217.868892,1.000,valid,3,EXTRALARGE,DOUBLE
noarr,choose_hints,seidel-2d,1,217.872398,3,EXTRALARGE,DOUBLE
noarr,choose_hints,seidel-2d,2,217.869358,3,EXTRALARGE,DOUBLE
noarr,choose_hints,seidel-2d,3,217.881879,3,EXTRALARGE,DOUBLE
noarr,choose_hints,seidel-2d,4,217.876744,3,EXTRALARGE,DOUBLE
noarr,choose_hints,seidel-2d,5,217.889136,3,EXTRALARGE,DOUBLE
noarr,choose_hints,symm,8.958349,1.800,valid,3,EXTRALARGE,DOUBLE
noarr,choose_hints,symm,1,8.957612,3,EXTRALARGE,DOUBLE
noarr,choose_hints,symm,2,8.954495,3,EXTRALARGE,DOUBLE
noarr,choose_hints,symm,3,8.942471,3,EXTRALARGE,DOUBLE
noarr,choose_hints,symm,4,8.943675,3,EXTRALARGE,DOUBLE
noarr,choose_hints,symm,5,8.956643,3,EXTRALARGE,DOUBLE
noarr,choose_hints,syr2k,22.272412,0.982,valid,3,EXTRALARGE,DOUBLE
noarr,choose_hints,syr2k,1,22.228704,3,EXTRALARGE,DOUBLE
noarr,choose_hints,syr2k,2,22.045997,3,EXTRALARGE,DOUBLE
noarr,choose_hints,syr2k,3,22.004612,3,EXTRALARGE,DOUBLE
noarr,choose_hints,syr2k,4,22.050196,3,EXTRALARGE,DOUBLE
noarr,choose_hints,syr2k,5,22.054250,3,EXTRALARGE,DOUBLE
noarr,choose_hints,syrk,8.017833,0.996,valid,3,EXTRALARGE,DOUBLE
noarr,choose_hints,syrk,1,8.147500,3,EXTRALARGE,DOUBLE
noarr,choose_hints,syrk,2,8.092475,3,EXTRALARGE,DOUBLE
noarr,choose_hints,syrk,3,8.087660,3,EXTRALARGE,DOUBLE
noarr,choose_hints,syrk,4,8.090660,3,EXTRALARGE,DOUBLE
noarr,choose_hints,syrk,5,8.055176,3,EXTRALARGE,DOUBLE
noarr,choose_hints,trisolv,0.012546,1.024,valid,3,EXTRALARGE,DOUBLE
noarr,choose_hints,trisolv,1,0.012659,3,EXTRALARGE,DOUBLE
noarr,choose_hints,trisolv,2,0.012510,3,EXTRALARGE,DOUBLE
noarr,choose_hints,trisolv,3,0.012652,3,EXTRALARGE,DOUBLE
noarr,choose_hints,trisolv,4,0.012684,3,EXTRALARGE,DOUBLE
noarr,choose_hints,trisolv,5,0.012569,3,EXTRALARGE,DOUBLE
noarr,choose_hints,trmm,7.481896,1.273,valid,3,EXTRALARGE,DOUBLE
noarr,choose_hints,trmm,1,7.458980,3,EXTRALARGE,DOUBLE
noarr,choose_hints,trmm,2,7.461016,3,EXTRALARGE,DOUBLE
noarr,choose_hints,trmm,3,7.446585,3,EXTRALARGE,DOUBLE
noarr,choose_hints,trmm,4,7.461846,3,EXTRALARGE,DOUBLE
noarr,choose_hints,trmm,5,7.447296,3,EXTRALARGE,DOUBLE
-- The CXX compiler identification is GNU 15.2.0
-- Detecting CXX compiler ABI info
-- Detecting CXX compiler ABI info - done
-- Check for working CXX compiler: /usr/local/latestgcc/bin/g++ - skipped
-- Detecting CXX compile features
-- Detecting CXX compile features - done
-- Using NOARR_STRUCTURES_DIR from environment: /home/kleplj/choose_hints-xlarge/submodules/noarr-structures
-- Configuring done (0.5s)
-- Generating done (0.8s)
-- Build files have been written to: /home/kleplj/choose_hints-xlarge/optimization/choose_hints/PolybenchC-Noarr/build
[  3%] Building CXX object CMakeFiles/correlation.dir/datamining/correlation/correlation.cpp.o
[  3%] Building CXX object CMakeFiles/covariance.dir/datamining/covariance/covariance.cpp.o
[ 11%] Building CXX object CMakeFiles/gemm.dir/linear-algebra/blas/gemm/gemm.cpp.o
[ 13%] Building CXX object CMakeFiles/gemver.dir/linear-algebra/blas/gemver/gemver.cpp.o
[ 13%] Building CXX object CMakeFiles/symm.dir/linear-algebra/blas/symm/symm.cpp.o
[ 13%] Building CXX object CMakeFiles/gesummv.dir/linear-algebra/blas/gesummv/gesummv.cpp.o
[ 21%] Building CXX object CMakeFiles/syr2k.dir/linear-algebra/blas/syr2k/syr2k.cpp.o
[ 21%] Building CXX object CMakeFiles/syrk.dir/linear-algebra/blas/syrk/syrk.cpp.o
[ 21%] Building CXX object CMakeFiles/trmm.dir/linear-algebra/blas/trmm/trmm.cpp.o
[ 21%] Building CXX object CMakeFiles/2mm.dir/linear-algebra/kernels/2mm/2mm.cpp.o
[ 36%] Building CXX object CMakeFiles/doitgen.dir/linear-algebra/kernels/doitgen/doitgen.cpp.o
[ 36%] Building CXX object CMakeFiles/mvt.dir/linear-algebra/kernels/mvt/mvt.cpp.o
[ 50%] Building CXX object CMakeFiles/lu.dir/linear-algebra/solvers/lu/lu.cpp.o
[ 50%] Building CXX object CMakeFiles/durbin.dir/linear-algebra/solvers/durbin/durbin.cpp.o
[ 50%] Building CXX object CMakeFiles/deriche.dir/medley/deriche/deriche.cpp.o
[ 50%] Building CXX object CMakeFiles/cholesky.dir/linear-algebra/solvers/cholesky/cholesky.cpp.o
[ 50%] Building CXX object CMakeFiles/bicg.dir/linear-algebra/kernels/bicg/bicg.cpp.o
[ 50%] Building CXX object CMakeFiles/3mm.dir/linear-algebra/kernels/3mm/3mm.cpp.o
[ 50%] Building CXX object CMakeFiles/atax.dir/linear-algebra/kernels/atax/atax.cpp.o
[ 50%] Building CXX object CMakeFiles/fdtd-2d.dir/stencils/fdtd-2d/fdtd-2d.cpp.o
[ 50%] Building CXX object CMakeFiles/nussinov.dir/medley/nussinov/nussinov.cpp.o
[ 50%] Building CXX object CMakeFiles/ludcmp.dir/linear-algebra/solvers/ludcmp/ludcmp.cpp.o
[ 50%] Building CXX object CMakeFiles/floyd-warshall.dir/medley/floyd-warshall/floyd-warshall.cpp.o
[ 50%] Building CXX object CMakeFiles/adi.dir/stencils/adi/adi.cpp.o
[ 50%] Building CXX object CMakeFiles/gramschmidt.dir/linear-algebra/solvers/gramschmidt/gramschmidt.cpp.o
[ 50%] Building CXX object CMakeFiles/jacobi-1d.dir/stencils/jacobi-1d/jacobi-1d.cpp.o
[ 50%] Building CXX object CMakeFiles/seidel-2d.dir/stencils/seidel-2d/seidel-2d.cpp.o
[ 50%] Building CXX object CMakeFiles/heat-3d.dir/stencils/heat-3d/heat-3d.cpp.o
[ 50%] Building CXX object CMakeFiles/jacobi-2d.dir/stencils/jacobi-2d/jacobi-2d.cpp.o
[ 50%] Building CXX object CMakeFiles/trisolv.dir/linear-algebra/solvers/trisolv/trisolv.cpp.o
[ 53%] Linking CXX executable cholesky
[ 53%] Linking CXX executable nussinov
[ 55%] Linking CXX executable durbin
[ 56%] Linking CXX executable jacobi-1d
[ 56%] Built target durbin
[ 58%] Linking CXX executable seidel-2d
[ 58%] Built target jacobi-1d
[ 60%] Linking CXX executable trisolv
[ 61%] Linking CXX executable gesummv
[ 63%] Linking CXX executable bicg
[ 63%] Built target seidel-2d
[ 65%] Linking CXX executable mvt
[ 66%] Linking CXX executable atax
[ 68%] Linking CXX executable jacobi-2d
[ 68%] Built target trisolv
[ 70%] Linking CXX executable adi
[ 70%] Built target gesummv
[ 70%] Built target bicg
[ 70%] Built target mvt
[ 71%] Linking CXX executable deriche
[ 71%] Built target atax
[ 71%] Built target jacobi-2d
[ 73%] Linking CXX executable ludcmp
[ 73%] Built target adi
[ 73%] Built target deriche
[ 75%] Linking CXX executable floyd-warshall
[ 75%] Built target ludcmp
[ 76%] Linking CXX executable gemver
[ 78%] Linking CXX executable lu
[ 81%] Linking CXX executable trmm
[ 81%] Linking CXX executable gramschmidt
[ 81%] Built target floyd-warshall
[ 81%] Built target gemver
[ 83%] Linking CXX executable syrk
[ 83%] Built target lu
[ 85%] Linking CXX executable syr2k
[ 85%] Built target gramschmidt
[ 85%] Built target trmm
[ 86%] Linking CXX executable heat-3d
[ 86%] Built target syrk
[ 90%] Linking CXX executable symm
[ 90%] Linking CXX executable doitgen
[ 90%] Built target syr2k
[ 91%] Linking CXX executable gemm
[ 91%] Built target heat-3d
[ 91%] Built target symm
[ 91%] Built target doitgen
[ 91%] Built target gemm
[ 93%] Linking CXX executable covariance
[ 93%] Built target covariance
[ 95%] Linking CXX executable correlation
[ 95%] Built target correlation
[ 96%] Linking CXX executable 2mm
[ 96%] Built target 2mm
[ 98%] Linking CXX executable 3mm
[ 98%] Built target 3mm
noarr,choose_hints,2mm,8.766540,2.952,valid,4,EXTRALARGE,DOUBLE
noarr,choose_hints,2mm,1,8.826299,4,EXTRALARGE,DOUBLE
noarr,choose_hints,2mm,2,8.804007,4,EXTRALARGE,DOUBLE
noarr,choose_hints,2mm,3,8.831023,4,EXTRALARGE,DOUBLE
noarr,choose_hints,2mm,4,8.837432,4,EXTRALARGE,DOUBLE
noarr,choose_hints,2mm,5,8.822514,4,EXTRALARGE,DOUBLE
noarr,choose_hints,3mm,33.365473,1.303,valid,4,EXTRALARGE,DOUBLE
noarr,choose_hints,3mm,1,33.660728,4,EXTRALARGE,DOUBLE
noarr,choose_hints,3mm,2,33.699147,4,EXTRALARGE,DOUBLE
noarr,choose_hints,3mm,3,33.672542,4,EXTRALARGE,DOUBLE
noarr,choose_hints,3mm,4,33.732980,4,EXTRALARGE,DOUBLE
noarr,choose_hints,3mm,5,33.644074,4,EXTRALARGE,DOUBLE
noarr,choose_hints,adi,11.490833,7.450,valid,4,EXTRALARGE,DOUBLE
noarr,choose_hints,adi,1,11.193398,4,EXTRALARGE,DOUBLE
noarr,choose_hints,adi,2,11.906100,4,EXTRALARGE,DOUBLE
noarr,choose_hints,adi,3,13.159692,4,EXTRALARGE,DOUBLE
noarr,choose_hints,adi,4,12.219041,4,EXTRALARGE,DOUBLE
noarr,choose_hints,adi,5,13.087017,4,EXTRALARGE,DOUBLE
noarr,choose_hints,atax,0.008304,1.028,valid,4,EXTRALARGE,DOUBLE
noarr,choose_hints,atax,1,0.008278,4,EXTRALARGE,DOUBLE
noarr,choose_hints,atax,2,0.008264,4,EXTRALARGE,DOUBLE
noarr,choose_hints,atax,3,0.008291,4,EXTRALARGE,DOUBLE
noarr,choose_hints,atax,4,0.008283,4,EXTRALARGE,DOUBLE
noarr,choose_hints,atax,5,0.008299,4,EXTRALARGE,DOUBLE
noarr,choose_hints,bicg,0.006788,2.136,valid,4,EXTRALARGE,DOUBLE
noarr,choose_hints,bicg,1,0.006800,4,EXTRALARGE,DOUBLE
noarr,choose_hints,bicg,2,0.006781,4,EXTRALARGE,DOUBLE
noarr,choose_hints,bicg,3,0.006808,4,EXTRALARGE,DOUBLE
noarr,choose_hints,bicg,4,0.006763,4,EXTRALARGE,DOUBLE
noarr,choose_hints,bicg,5,0.006766,4,EXTRALARGE,DOUBLE
noarr,choose_hints,cholesky,,,compile_error,4,EXTRALARGE,DOUBLE
noarr,choose_hints,correlation,7.208795,2.852,valid,4,EXTRALARGE,DOUBLE
noarr,choose_hints,correlation,1,7.258622,4,EXTRALARGE,DOUBLE
noarr,choose_hints,correlation,2,7.209046,4,EXTRALARGE,DOUBLE
noarr,choose_hints,correlation,3,7.201063,4,EXTRALARGE,DOUBLE
noarr,choose_hints,correlation,4,7.243935,4,EXTRALARGE,DOUBLE
noarr,choose_hints,correlation,5,7.188077,4,EXTRALARGE,DOUBLE
noarr,choose_hints,covariance,6.025721,3.408,valid,4,EXTRALARGE,DOUBLE
noarr,choose_hints,covariance,1,6.002087,4,EXTRALARGE,DOUBLE
noarr,choose_hints,covariance,2,5.968639,4,EXTRALARGE,DOUBLE
noarr,choose_hints,covariance,3,5.960941,4,EXTRALARGE,DOUBLE
noarr,choose_hints,covariance,4,5.954446,4,EXTRALARGE,DOUBLE
noarr,choose_hints,covariance,5,5.969588,4,EXTRALARGE,DOUBLE
noarr,choose_hints,deriche,0.734463,1.585,valid,4,EXTRALARGE,DOUBLE
noarr,choose_hints,deriche,1,0.725606,4,EXTRALARGE,DOUBLE
noarr,choose_hints,deriche,2,0.727522,4,EXTRALARGE,DOUBLE
noarr,choose_hints,deriche,3,0.728132,4,EXTRALARGE,DOUBLE
noarr,choose_hints,deriche,4,0.727975,4,EXTRALARGE,DOUBLE
noarr,choose_hints,deriche,5,0.726379,4,EXTRALARGE,DOUBLE
noarr,choose_hints,doitgen,1.199595,4.593,valid,4,EXTRALARGE,DOUBLE
noarr,choose_hints,doitgen,1,1.189221,4,EXTRALARGE,DOUBLE
noarr,choose_hints,doitgen,2,1.191732,4,EXTRALARGE,DOUBLE
noarr,choose_hints,doitgen,3,1.190270,4,EXTRALARGE,DOUBLE
noarr,choose_hints,doitgen,4,1.190320,4,EXTRALARGE,DOUBLE
noarr,choose_hints,doitgen,5,1.187876,4,EXTRALARGE,DOUBLE
noarr,choose_hints,durbin,0.016877,0.939,valid,4,EXTRALARGE,DOUBLE
noarr,choose_hints,durbin,1,0.016814,4,EXTRALARGE,DOUBLE
noarr,choose_hints,durbin,2,0.016837,4,EXTRALARGE,DOUBLE
noarr,choose_hints,durbin,3,0.016836,4,EXTRALARGE,DOUBLE
noarr,choose_hints,durbin,4,0.016843,4,EXTRALARGE,DOUBLE
noarr,choose_hints,durbin,5,0.016820,4,EXTRALARGE,DOUBLE
noarr,choose_hints,fdtd-2d,,,compile_error,4,EXTRALARGE,DOUBLE
noarr,choose_hints,floyd-warshall,232.782426,0.760,valid,4,EXTRALARGE,DOUBLE
noarr,choose_hints,floyd-warshall,1,232.542209,4,EXTRALARGE,DOUBLE
noarr,choose_hints,floyd-warshall,2,233.753122,4,EXTRALARGE,DOUBLE
noarr,choose_hints,floyd-warshall,3,235.018733,4,EXTRALARGE,DOUBLE
noarr,choose_hints,floyd-warshall,4,232.648457,4,EXTRALARGE,DOUBLE
noarr,choose_hints,floyd-warshall,5,232.832100,4,EXTRALARGE,DOUBLE
noarr,choose_hints,gemm,7.824397,0.906,valid,4,EXTRALARGE,DOUBLE
noarr,choose_hints,gemm,1,7.903797,4,EXTRALARGE,DOUBLE
noarr,choose_hints,gemm,2,7.880224,4,EXTRALARGE,DOUBLE
noarr,choose_hints,gemm,3,7.889243,4,EXTRALARGE,DOUBLE
noarr,choose_hints,gemm,4,7.883475,4,EXTRALARGE,DOUBLE
noarr,choose_hints,gemm,5,7.893100,4,EXTRALARGE,DOUBLE
noarr,choose_hints,gemver,0.048863,1.817,valid,4,EXTRALARGE,DOUBLE
noarr,choose_hints,gemver,1,0.049242,4,EXTRALARGE,DOUBLE
noarr,choose_hints,gemver,2,0.049203,4,EXTRALARGE,DOUBLE
noarr,choose_hints,gemver,3,0.049889,4,EXTRALARGE,DOUBLE
noarr,choose_hints,gemver,4,0.050103,4,EXTRALARGE,DOUBLE
noarr,choose_hints,gemver,5,0.050100,4,EXTRALARGE,DOUBLE
noarr,choose_hints,gesummv,0.007822,3.558,valid,4,EXTRALARGE,DOUBLE
noarr,choose_hints,gesummv,1,0.007889,4,EXTRALARGE,DOUBLE
noarr,choose_hints,gesummv,2,0.007825,4,EXTRALARGE,DOUBLE
noarr,choose_hints,gesummv,3,0.007682,4,EXTRALARGE,DOUBLE
noarr,choose_hints,gesummv,4,0.007655,4,EXTRALARGE,DOUBLE
noarr,choose_hints,gesummv,5,0.007795,4,EXTRALARGE,DOUBLE
noarr,choose_hints,gramschmidt,13.173535,,validity_error,4,EXTRALARGE,DOUBLE
noarr,choose_hints,heat-3d,29.689504,1.012,valid,4,EXTRALARGE,DOUBLE
noarr,choose_hints,heat-3d,1,29.638324,4,EXTRALARGE,DOUBLE
noarr,choose_hints,heat-3d,2,29.872447,4,EXTRALARGE,DOUBLE
noarr,choose_hints,heat-3d,3,29.639109,4,EXTRALARGE,DOUBLE
noarr,choose_hints,heat-3d,4,29.631134,4,EXTRALARGE,DOUBLE
noarr,choose_hints,heat-3d,5,29.872750,4,EXTRALARGE,DOUBLE
noarr,choose_hints,jacobi-1d,0.063358,0.110,valid,4,EXTRALARGE,DOUBLE
noarr,choose_hints,jacobi-1d,1,0.061738,4,EXTRALARGE,DOUBLE
noarr,choose_hints,jacobi-1d,2,0.060757,4,EXTRALARGE,DOUBLE
noarr,choose_hints,jacobi-1d,3,0.060538,4,EXTRALARGE,DOUBLE
noarr,choose_hints,jacobi-1d,4,0.061455,4,EXTRALARGE,DOUBLE
noarr,choose_hints,jacobi-1d,5,0.061343,4,EXTRALARGE,DOUBLE
noarr,choose_hints,jacobi-2d,7.044331,2.941,valid,4,EXTRALARGE,DOUBLE
noarr,choose_hints,jacobi-2d,1,6.251495,4,EXTRALARGE,DOUBLE
noarr,choose_hints,jacobi-2d,2,6.809461,4,EXTRALARGE,DOUBLE
noarr,choose_hints,jacobi-2d,3,5.977488,4,EXTRALARGE,DOUBLE
noarr,choose_hints,jacobi-2d,4,5.649047,4,EXTRALARGE,DOUBLE
noarr,choose_hints,jacobi-2d,5,6.151644,4,EXTRALARGE,DOUBLE
noarr,choose_hints,lu,41.195218,,validity_error,4,EXTRALARGE,DOUBLE
noarr,choose_hints,ludcmp,51.025767,0.916,valid,4,EXTRALARGE,DOUBLE
noarr,choose_hints,ludcmp,1,50.458057,4,EXTRALARGE,DOUBLE
noarr,choose_hints,ludcmp,2,51.123447,4,EXTRALARGE,DOUBLE
noarr,choose_hints,ludcmp,3,51.122367,4,EXTRALARGE,DOUBLE
noarr,choose_hints,ludcmp,4,51.048137,4,EXTRALARGE,DOUBLE
noarr,choose_hints,ludcmp,5,50.937600,4,EXTRALARGE,DOUBLE
noarr,choose_hints,mvt,0.028269,2.521,valid,4,EXTRALARGE,DOUBLE
noarr,choose_hints,mvt,1,0.027364,4,EXTRALARGE,DOUBLE
noarr,choose_hints,mvt,2,0.028221,4,EXTRALARGE,DOUBLE
noarr,choose_hints,mvt,3,0.028168,4,EXTRALARGE,DOUBLE
noarr,choose_hints,mvt,4,0.027345,4,EXTRALARGE,DOUBLE
noarr,choose_hints,mvt,5,0.027396,4,EXTRALARGE,DOUBLE
noarr,choose_hints,nussinov,,,compile_error,4,EXTRALARGE,DOUBLE
noarr,choose_hints,seidel-2d,217.869999,1.000,valid,4,EXTRALARGE,DOUBLE
noarr,choose_hints,seidel-2d,1,217.876021,4,EXTRALARGE,DOUBLE
noarr,choose_hints,seidel-2d,2,217.865003,4,EXTRALARGE,DOUBLE
noarr,choose_hints,seidel-2d,3,217.862597,4,EXTRALARGE,DOUBLE
noarr,choose_hints,seidel-2d,4,217.866539,4,EXTRALARGE,DOUBLE
noarr,choose_hints,seidel-2d,5,217.866150,4,EXTRALARGE,DOUBLE
noarr,choose_hints,symm,12.114600,,validity_error,4,EXTRALARGE,DOUBLE
noarr,choose_hints,syr2k,22.911507,0.960,valid,4,EXTRALARGE,DOUBLE
noarr,choose_hints,syr2k,1,23.230875,4,EXTRALARGE,DOUBLE
noarr,choose_hints,syr2k,2,23.382864,4,EXTRALARGE,DOUBLE
noarr,choose_hints,syr2k,3,23.366220,4,EXTRALARGE,DOUBLE
noarr,choose_hints,syr2k,4,23.144459,4,EXTRALARGE,DOUBLE
noarr,choose_hints,syr2k,5,23.316298,4,EXTRALARGE,DOUBLE
noarr,choose_hints,syrk,13.405933,0.599,valid,4,EXTRALARGE,DOUBLE
noarr,choose_hints,syrk,1,13.329980,4,EXTRALARGE,DOUBLE
noarr,choose_hints,syrk,2,13.335836,4,EXTRALARGE,DOUBLE
noarr,choose_hints,syrk,3,13.451032,4,EXTRALARGE,DOUBLE
noarr,choose_hints,syrk,4,13.333483,4,EXTRALARGE,DOUBLE
noarr,choose_hints,syrk,5,13.448070,4,EXTRALARGE,DOUBLE
noarr,choose_hints,trisolv,0.012613,1.033,valid,4,EXTRALARGE,DOUBLE
noarr,choose_hints,trisolv,1,0.012687,4,EXTRALARGE,DOUBLE
noarr,choose_hints,trisolv,2,0.012517,4,EXTRALARGE,DOUBLE
noarr,choose_hints,trisolv,3,0.012690,4,EXTRALARGE,DOUBLE
noarr,choose_hints,trisolv,4,0.012501,4,EXTRALARGE,DOUBLE
noarr,choose_hints,trisolv,5,0.012677,4,EXTRALARGE,DOUBLE
noarr,choose_hints,trmm,2.919028,3.264,valid,4,EXTRALARGE,DOUBLE
noarr,choose_hints,trmm,1,2.936191,4,EXTRALARGE,DOUBLE
noarr,choose_hints,trmm,2,2.934354,4,EXTRALARGE,DOUBLE
noarr,choose_hints,trmm,3,2.891068,4,EXTRALARGE,DOUBLE
noarr,choose_hints,trmm,4,2.968887,4,EXTRALARGE,DOUBLE
noarr,choose_hints,trmm,5,2.919051,4,EXTRALARGE,DOUBLE
-- The CXX compiler identification is GNU 15.2.0
-- Detecting CXX compiler ABI info
-- Detecting CXX compiler ABI info - done
-- Check for working CXX compiler: /usr/local/latestgcc/bin/g++ - skipped
-- Detecting CXX compile features
-- Detecting CXX compile features - done
-- Using NOARR_STRUCTURES_DIR from environment: /home/kleplj/choose_hints-xlarge/submodules/noarr-structures
-- Configuring done (0.5s)
-- Generating done (0.8s)
-- Build files have been written to: /home/kleplj/choose_hints-xlarge/optimization/choose_hints/PolybenchC-Noarr/build
[ 10%] Building CXX object CMakeFiles/covariance.dir/datamining/covariance/covariance.cpp.o
[ 10%] Building CXX object CMakeFiles/correlation.dir/datamining/correlation/correlation.cpp.o
[ 10%] Building CXX object CMakeFiles/gesummv.dir/linear-algebra/blas/gesummv/gesummv.cpp.o
[ 18%] Building CXX object CMakeFiles/gemver.dir/linear-algebra/blas/gemver/gemver.cpp.o
[ 18%] Building CXX object CMakeFiles/symm.dir/linear-algebra/blas/symm/symm.cpp.o
[ 25%] Building CXX object CMakeFiles/3mm.dir/linear-algebra/kernels/3mm/3mm.cpp.o
[ 18%] Building CXX object CMakeFiles/syr2k.dir/linear-algebra/blas/syr2k/syr2k.cpp.o
[ 18%] Building CXX object CMakeFiles/gemm.dir/linear-algebra/blas/gemm/gemm.cpp.o
[ 18%] Building CXX object CMakeFiles/syrk.dir/linear-algebra/blas/syrk/syrk.cpp.o
[ 31%] Building CXX object CMakeFiles/mvt.dir/linear-algebra/kernels/mvt/mvt.cpp.o
[ 31%] Building CXX object CMakeFiles/adi.dir/stencils/adi/adi.cpp.o
[ 50%] Building CXX object CMakeFiles/gramschmidt.dir/linear-algebra/solvers/gramschmidt/gramschmidt.cpp.o
[ 50%] Building CXX object CMakeFiles/ludcmp.dir/linear-algebra/solvers/ludcmp/ludcmp.cpp.o
[ 50%] Building CXX object CMakeFiles/cholesky.dir/linear-algebra/solvers/cholesky/cholesky.cpp.o
[ 50%] Building CXX object CMakeFiles/lu.dir/linear-algebra/solvers/lu/lu.cpp.o
[ 50%] Building CXX object CMakeFiles/jacobi-1d.dir/stencils/jacobi-1d/jacobi-1d.cpp.o
[ 50%] Building CXX object CMakeFiles/durbin.dir/linear-algebra/solvers/durbin/durbin.cpp.o
[ 50%] Building CXX object CMakeFiles/bicg.dir/linear-algebra/kernels/bicg/bicg.cpp.o
[ 50%] Building CXX object CMakeFiles/2mm.dir/linear-algebra/kernels/2mm/2mm.cpp.o
[ 50%] Building CXX object CMakeFiles/doitgen.dir/linear-algebra/kernels/doitgen/doitgen.cpp.o
[ 50%] Building CXX object CMakeFiles/heat-3d.dir/stencils/heat-3d/heat-3d.cpp.o
[ 50%] Building CXX object CMakeFiles/fdtd-2d.dir/stencils/fdtd-2d/fdtd-2d.cpp.o
[ 50%] Building CXX object CMakeFiles/nussinov.dir/medley/nussinov/nussinov.cpp.o
[ 50%] Building CXX object CMakeFiles/trisolv.dir/linear-algebra/solvers/trisolv/trisolv.cpp.o
[ 50%] Building CXX object CMakeFiles/trmm.dir/linear-algebra/blas/trmm/trmm.cpp.o
[ 50%] Building CXX object CMakeFiles/jacobi-2d.dir/stencils/jacobi-2d/jacobi-2d.cpp.o
[ 50%] Building CXX object CMakeFiles/seidel-2d.dir/stencils/seidel-2d/seidel-2d.cpp.o
[ 50%] Building CXX object CMakeFiles/deriche.dir/medley/deriche/deriche.cpp.o
[ 50%] Building CXX object CMakeFiles/atax.dir/linear-algebra/kernels/atax/atax.cpp.o
[ 50%] Building CXX object CMakeFiles/floyd-warshall.dir/medley/floyd-warshall/floyd-warshall.cpp.o
[ 51%] Linking CXX executable cholesky
[ 53%] Linking CXX executable nussinov
[ 55%] Linking CXX executable durbin
[ 56%] Linking CXX executable jacobi-1d
[ 56%] Built target durbin
[ 58%] Linking CXX executable gesummv
[ 61%] Linking CXX executable seidel-2d
[ 61%] Linking CXX executable trisolv
[ 61%] Built target jacobi-1d
[ 63%] Linking CXX executable mvt
[ 63%] Built target gesummv
[ 66%] Linking CXX executable bicg
[ 66%] Linking CXX executable atax
[ 66%] Built target trisolv
[ 66%] Built target seidel-2d
[ 68%] Linking CXX executable floyd-warshall
[ 68%] Built target mvt
[ 70%] Linking CXX executable jacobi-2d
[ 70%] Built target bicg
[ 70%] Built target atax
[ 70%] Built target floyd-warshall
[ 71%] Linking CXX executable adi
[ 71%] Built target jacobi-2d
[ 71%] Built target adi
[ 73%] Linking CXX executable deriche
[ 75%] Linking CXX executable syrk
[ 76%] Linking CXX executable gemver
[ 78%] Linking CXX executable symm
[ 80%] Linking CXX executable lu
[ 81%] Linking CXX executable trmm
[ 83%] Linking CXX executable syr2k
[ 83%] Built target deriche
[ 83%] Built target syrk
[ 85%] Linking CXX executable gramschmidt
[ 85%] Built target symm
[ 85%] Built target gemver
[ 85%] Built target lu
[ 86%] Linking CXX executable doitgen
[ 88%] Built target trmm
[ 88%] Linking CXX executable heat-3d
[ 88%] Built target syr2k
[ 88%] Built target gramschmidt
[ 88%] Built target doitgen
[ 88%] Built target heat-3d
[ 90%] Linking CXX executable fdtd-2d
[ 91%] Linking CXX executable covariance
[ 91%] Built target fdtd-2d
[ 91%] Built target covariance
[ 93%] Linking CXX executable gemm
[ 95%] Linking CXX executable correlation
[ 95%] Built target gemm
[ 95%] Built target correlation
[ 96%] Linking CXX executable 2mm
[ 96%] Built target 2mm
[ 98%] Linking CXX executable ludcmp
[ 98%] Built target ludcmp
[100%] Linking CXX executable 3mm
[100%] Built target 3mm
noarr,choose_hints,2mm,8.894250,2.921,valid,5,EXTRALARGE,DOUBLE
noarr,choose_hints,2mm,1,8.777218,5,EXTRALARGE,DOUBLE
noarr,choose_hints,2mm,2,8.792672,5,EXTRALARGE,DOUBLE
noarr,choose_hints,2mm,3,8.769787,5,EXTRALARGE,DOUBLE
noarr,choose_hints,2mm,4,8.789549,5,EXTRALARGE,DOUBLE
noarr,choose_hints,2mm,5,8.787856,5,EXTRALARGE,DOUBLE
noarr,choose_hints,3mm,13.551895,3.199,valid,5,EXTRALARGE,DOUBLE
noarr,choose_hints,3mm,1,13.995909,5,EXTRALARGE,DOUBLE
noarr,choose_hints,3mm,2,13.650174,5,EXTRALARGE,DOUBLE
noarr,choose_hints,3mm,3,13.615581,5,EXTRALARGE,DOUBLE
noarr,choose_hints,3mm,4,13.678163,5,EXTRALARGE,DOUBLE
noarr,choose_hints,3mm,5,13.752663,5,EXTRALARGE,DOUBLE
noarr,choose_hints,adi,11.183045,7.678,valid,5,EXTRALARGE,DOUBLE
noarr,choose_hints,adi,1,12.776498,5,EXTRALARGE,DOUBLE
noarr,choose_hints,adi,2,11.594434,5,EXTRALARGE,DOUBLE
noarr,choose_hints,adi,3,14.699302,5,EXTRALARGE,DOUBLE
noarr,choose_hints,adi,4,13.393528,5,EXTRALARGE,DOUBLE
noarr,choose_hints,adi,5,13.713694,5,EXTRALARGE,DOUBLE
noarr,choose_hints,atax,0.008305,1.022,valid,5,EXTRALARGE,DOUBLE
noarr,choose_hints,atax,1,0.008312,5,EXTRALARGE,DOUBLE
noarr,choose_hints,atax,2,0.008263,5,EXTRALARGE,DOUBLE
noarr,choose_hints,atax,3,0.008256,5,EXTRALARGE,DOUBLE
noarr,choose_hints,atax,4,0.008223,5,EXTRALARGE,DOUBLE
noarr,choose_hints,atax,5,0.008285,5,EXTRALARGE,DOUBLE
noarr,choose_hints,bicg,0.006931,2.091,valid,5,EXTRALARGE,DOUBLE
noarr,choose_hints,bicg,1,0.006772,5,EXTRALARGE,DOUBLE
noarr,choose_hints,bicg,2,0.006768,5,EXTRALARGE,DOUBLE
noarr,choose_hints,bicg,3,0.006880,5,EXTRALARGE,DOUBLE
noarr,choose_hints,bicg,4,0.006808,5,EXTRALARGE,DOUBLE
noarr,choose_hints,bicg,5,0.006765,5,EXTRALARGE,DOUBLE
noarr,choose_hints,cholesky,,,compile_error,5,EXTRALARGE,DOUBLE
noarr,choose_hints,correlation,20.645751,0.994,valid,5,EXTRALARGE,DOUBLE
noarr,choose_hints,correlation,1,20.541149,5,EXTRALARGE,DOUBLE
noarr,choose_hints,correlation,2,20.515973,5,EXTRALARGE,DOUBLE
noarr,choose_hints,correlation,3,20.549708,5,EXTRALARGE,DOUBLE
noarr,choose_hints,correlation,4,20.418298,5,EXTRALARGE,DOUBLE
noarr,choose_hints,correlation,5,20.406531,5,EXTRALARGE,DOUBLE
noarr,choose_hints,covariance,6.060442,3.377,valid,5,EXTRALARGE,DOUBLE
noarr,choose_hints,covariance,1,5.958958,5,EXTRALARGE,DOUBLE
noarr,choose_hints,covariance,2,6.058127,5,EXTRALARGE,DOUBLE
noarr,choose_hints,covariance,3,6.059073,5,EXTRALARGE,DOUBLE
noarr,choose_hints,covariance,4,6.050902,5,EXTRALARGE,DOUBLE
noarr,choose_hints,covariance,5,6.073157,5,EXTRALARGE,DOUBLE
noarr,choose_hints,deriche,0.393740,3.028,valid,5,EXTRALARGE,DOUBLE
noarr,choose_hints,deriche,1,0.395376,5,EXTRALARGE,DOUBLE
noarr,choose_hints,deriche,2,0.396508,5,EXTRALARGE,DOUBLE
noarr,choose_hints,deriche,3,0.394895,5,EXTRALARGE,DOUBLE
noarr,choose_hints,deriche,4,0.393465,5,EXTRALARGE,DOUBLE
noarr,choose_hints,deriche,5,0.394325,5,EXTRALARGE,DOUBLE
noarr,choose_hints,doitgen,1.319326,4.165,valid,5,EXTRALARGE,DOUBLE
noarr,choose_hints,doitgen,1,1.319295,5,EXTRALARGE,DOUBLE
noarr,choose_hints,doitgen,2,1.319508,5,EXTRALARGE,DOUBLE
noarr,choose_hints,doitgen,3,1.319222,5,EXTRALARGE,DOUBLE
noarr,choose_hints,doitgen,4,1.319553,5,EXTRALARGE,DOUBLE
noarr,choose_hints,doitgen,5,1.319641,5,EXTRALARGE,DOUBLE
noarr,choose_hints,durbin,0.017431,0.909,valid,5,EXTRALARGE,DOUBLE
noarr,choose_hints,durbin,1,0.017406,5,EXTRALARGE,DOUBLE
noarr,choose_hints,durbin,2,0.017322,5,EXTRALARGE,DOUBLE
noarr,choose_hints,durbin,3,0.017412,5,EXTRALARGE,DOUBLE
noarr,choose_hints,durbin,4,0.017408,5,EXTRALARGE,DOUBLE
noarr,choose_hints,durbin,5,0.017366,5,EXTRALARGE,DOUBLE
noarr,choose_hints,fdtd-2d,7.277099,3.200,valid,5,EXTRALARGE,DOUBLE
noarr,choose_hints,fdtd-2d,1,6.552792,5,EXTRALARGE,DOUBLE
noarr,choose_hints,fdtd-2d,2,6.817654,5,EXTRALARGE,DOUBLE
noarr,choose_hints,fdtd-2d,3,6.535967,5,EXTRALARGE,DOUBLE
noarr,choose_hints,fdtd-2d,4,8.752665,5,EXTRALARGE,DOUBLE
noarr,choose_hints,fdtd-2d,5,6.883217,5,EXTRALARGE,DOUBLE
noarr,choose_hints,floyd-warshall,130.418063,1.362,valid,5,EXTRALARGE,DOUBLE
noarr,choose_hints,floyd-warshall,1,128.276837,5,EXTRALARGE,DOUBLE
noarr,choose_hints,floyd-warshall,2,128.238423,5,EXTRALARGE,DOUBLE
noarr,choose_hints,floyd-warshall,3,128.261467,5,EXTRALARGE,DOUBLE
noarr,choose_hints,floyd-warshall,4,129.271295,5,EXTRALARGE,DOUBLE
noarr,choose_hints,floyd-warshall,5,128.257400,5,EXTRALARGE,DOUBLE
noarr,choose_hints,gemm,7.823699,0.907,valid,5,EXTRALARGE,DOUBLE
noarr,choose_hints,gemm,1,7.732054,5,EXTRALARGE,DOUBLE
noarr,choose_hints,gemm,2,7.807908,5,EXTRALARGE,DOUBLE
noarr,choose_hints,gemm,3,7.841937,5,EXTRALARGE,DOUBLE
noarr,choose_hints,gemm,4,7.689533,5,EXTRALARGE,DOUBLE
noarr,choose_hints,gemm,5,7.843393,5,EXTRALARGE,DOUBLE
noarr,choose_hints,gemver,0.085524,1.018,valid,5,EXTRALARGE,DOUBLE
noarr,choose_hints,gemver,1,0.085738,5,EXTRALARGE,DOUBLE
noarr,choose_hints,gemver,2,0.087156,5,EXTRALARGE,DOUBLE
noarr,choose_hints,gemver,3,0.085273,5,EXTRALARGE,DOUBLE
noarr,choose_hints,gemver,4,0.085867,5,EXTRALARGE,DOUBLE
noarr,choose_hints,gemver,5,0.086181,5,EXTRALARGE,DOUBLE
noarr,choose_hints,gesummv,0.013971,1.997,valid,5,EXTRALARGE,DOUBLE
noarr,choose_hints,gesummv,1,0.014095,5,EXTRALARGE,DOUBLE
noarr,choose_hints,gesummv,2,0.013769,5,EXTRALARGE,DOUBLE
noarr,choose_hints,gesummv,3,0.013900,5,EXTRALARGE,DOUBLE
noarr,choose_hints,gesummv,4,0.014215,5,EXTRALARGE,DOUBLE
noarr,choose_hints,gesummv,5,0.013994,5,EXTRALARGE,DOUBLE
noarr,choose_hints,gramschmidt,23.067218,,validity_error,5,EXTRALARGE,DOUBLE
noarr,choose_hints,heat-3d,31.436089,0.965,valid,5,EXTRALARGE,DOUBLE
noarr,choose_hints,heat-3d,1,30.482869,5,EXTRALARGE,DOUBLE
noarr,choose_hints,heat-3d,2,30.576360,5,EXTRALARGE,DOUBLE
noarr,choose_hints,heat-3d,3,30.770999,5,EXTRALARGE,DOUBLE
noarr,choose_hints,heat-3d,4,31.293032,5,EXTRALARGE,DOUBLE
noarr,choose_hints,heat-3d,5,30.810482,5,EXTRALARGE,DOUBLE
noarr,choose_hints,jacobi-1d,0.021276,0.203,valid,5,EXTRALARGE,DOUBLE
noarr,choose_hints,jacobi-1d,1,0.021422,5,EXTRALARGE,DOUBLE
noarr,choose_hints,jacobi-1d,2,0.021030,5,EXTRALARGE,DOUBLE
noarr,choose_hints,jacobi-1d,3,0.020695,5,EXTRALARGE,DOUBLE
noarr,choose_hints,jacobi-1d,4,0.020855,5,EXTRALARGE,DOUBLE
noarr,choose_hints,jacobi-1d,5,0.020797,5,EXTRALARGE,DOUBLE
noarr,choose_hints,jacobi-2d,6.879636,2.986,valid,5,EXTRALARGE,DOUBLE
noarr,choose_hints,jacobi-2d,1,5.845046,5,EXTRALARGE,DOUBLE
noarr,choose_hints,jacobi-2d,2,6.794148,5,EXTRALARGE,DOUBLE
noarr,choose_hints,jacobi-2d,3,6.706212,5,EXTRALARGE,DOUBLE
noarr,choose_hints,jacobi-2d,4,6.564093,5,EXTRALARGE,DOUBLE
noarr,choose_hints,jacobi-2d,5,6.704777,5,EXTRALARGE,DOUBLE
noarr,choose_hints,lu,50.636590,1.003,valid,5,EXTRALARGE,DOUBLE
noarr,choose_hints,lu,1,51.102862,5,EXTRALARGE,DOUBLE
noarr,choose_hints,lu,2,50.792265,5,EXTRALARGE,DOUBLE
noarr,choose_hints,lu,3,51.092769,5,EXTRALARGE,DOUBLE
noarr,choose_hints,lu,4,50.584607,5,EXTRALARGE,DOUBLE
noarr,choose_hints,lu,5,50.599050,5,EXTRALARGE,DOUBLE
noarr,choose_hints,ludcmp,50.558570,0.911,valid,5,EXTRALARGE,DOUBLE
noarr,choose_hints,ludcmp,1,50.700018,5,EXTRALARGE,DOUBLE
noarr,choose_hints,ludcmp,2,50.626693,5,EXTRALARGE,DOUBLE
noarr,choose_hints,ludcmp,3,50.612077,5,EXTRALARGE,DOUBLE
noarr,choose_hints,ludcmp,4,50.610835,5,EXTRALARGE,DOUBLE
noarr,choose_hints,ludcmp,5,51.094970,5,EXTRALARGE,DOUBLE
noarr,choose_hints,mvt,0.027625,2.555,valid,5,EXTRALARGE,DOUBLE
noarr,choose_hints,mvt,1,0.027520,5,EXTRALARGE,DOUBLE
noarr,choose_hints,mvt,2,0.027303,5,EXTRALARGE,DOUBLE
noarr,choose_hints,mvt,3,0.027577,5,EXTRALARGE,DOUBLE
noarr,choose_hints,mvt,4,0.027594,5,EXTRALARGE,DOUBLE
noarr,choose_hints,mvt,5,0.027244,5,EXTRALARGE,DOUBLE
noarr,choose_hints,nussinov,,,compile_error,5,EXTRALARGE,DOUBLE
noarr,choose_hints,seidel-2d,160.588385,1.357,valid,5,EXTRALARGE,DOUBLE
noarr,choose_hints,seidel-2d,1,160.584605,5,EXTRALARGE,DOUBLE
noarr,choose_hints,seidel-2d,2,160.581907,5,EXTRALARGE,DOUBLE
noarr,choose_hints,seidel-2d,3,160.590241,5,EXTRALARGE,DOUBLE
noarr,choose_hints,seidel-2d,4,160.579066,5,EXTRALARGE,DOUBLE
noarr,choose_hints,seidel-2d,5,160.575121,5,EXTRALARGE,DOUBLE
noarr,choose_hints,symm,10.176656,1.578,valid,5,EXTRALARGE,DOUBLE
noarr,choose_hints,symm,1,10.184032,5,EXTRALARGE,DOUBLE
noarr,choose_hints,symm,2,10.240406,5,EXTRALARGE,DOUBLE
noarr,choose_hints,symm,3,10.163910,5,EXTRALARGE,DOUBLE
noarr,choose_hints,symm,4,10.236327,5,EXTRALARGE,DOUBLE
noarr,choose_hints,symm,5,10.236451,5,EXTRALARGE,DOUBLE
noarr,choose_hints,syr2k,22.375746,0.982,valid,5,EXTRALARGE,DOUBLE
noarr,choose_hints,syr2k,1,22.089559,5,EXTRALARGE,DOUBLE
noarr,choose_hints,syr2k,2,22.227760,5,EXTRALARGE,DOUBLE
noarr,choose_hints,syr2k,3,22.235778,5,EXTRALARGE,DOUBLE
noarr,choose_hints,syr2k,4,22.166312,5,EXTRALARGE,DOUBLE
noarr,choose_hints,syr2k,5,22.200655,5,EXTRALARGE,DOUBLE
noarr,choose_hints,syrk,8.835957,,validity_error,5,EXTRALARGE,DOUBLE
noarr,choose_hints,trisolv,0.012490,1.036,valid,5,EXTRALARGE,DOUBLE
noarr,choose_hints,trisolv,1,0.012712,5,EXTRALARGE,DOUBLE
noarr,choose_hints,trisolv,2,0.012615,5,EXTRALARGE,DOUBLE
noarr,choose_hints,trisolv,3,0.012653,5,EXTRALARGE,DOUBLE
noarr,choose_hints,trisolv,4,0.012580,5,EXTRALARGE,DOUBLE
noarr,choose_hints,trisolv,5,0.012480,5,EXTRALARGE,DOUBLE
noarr,choose_hints,trmm,2.896175,3.296,valid,5,EXTRALARGE,DOUBLE
noarr,choose_hints,trmm,1,2.874309,5,EXTRALARGE,DOUBLE
noarr,choose_hints,trmm,2,2.938367,5,EXTRALARGE,DOUBLE
noarr,choose_hints,trmm,3,2.903018,5,EXTRALARGE,DOUBLE
noarr,choose_hints,trmm,4,2.921004,5,EXTRALARGE,DOUBLE
noarr,choose_hints,trmm,5,2.854673,5,EXTRALARGE,DOUBLE
-- The CXX compiler identification is GNU 15.2.0
-- Detecting CXX compiler ABI info
-- Detecting CXX compiler ABI info - done
-- Check for working CXX compiler: /usr/local/latestgcc/bin/g++ - skipped
-- Detecting CXX compile features
-- Detecting CXX compile features - done
-- Found Python: /home/kleplj/choose_hints-xlarge/gpt-querying/.venv/bin/python3.9 (found suitable version "3.9.25", minimum required is "3") found components: Interpreter Development.Module
-- Halide 'host' platform triple:   x86-64-linux
-- Halide 'cmake' platform triple:  x86-64-linux
-- Halide default AOT target:       host
-- Found ZLIB: /usr/lib64/libz.so (found version "1.2.11")
-- Could NOT find PNG (missing: PNG_LIBRARY PNG_PNG_INCLUDE_DIR) 
-- Could NOT find JPEG (missing: JPEG_LIBRARY JPEG_INCLUDE_DIR) 
-- Configuring done (0.8s)
-- Generating done (0.8s)
-- Build files have been written to: /home/kleplj/choose_hints-xlarge/optimization/choose_hints/PolybenchC-Halide/build
[  3%] Building CXX object CMakeFiles/correlation.dir/datamining/correlation/correlation.cpp.o
[ 11%] Building CXX object CMakeFiles/covariance.dir/datamining/covariance/covariance.cpp.o
[ 11%] Building CXX object CMakeFiles/gemm.dir/linear-algebra/blas/gemm/gemm.cpp.o
[ 11%] Building CXX object CMakeFiles/gemver.dir/linear-algebra/blas/gemver/gemver.cpp.o
[ 21%] Building CXX object CMakeFiles/gesummv.dir/linear-algebra/blas/gesummv/gesummv.cpp.o
[ 21%] Building CXX object CMakeFiles/atax.dir/linear-algebra/kernels/atax/atax.cpp.o
[ 21%] Building CXX object CMakeFiles/trmm.dir/linear-algebra/blas/trmm/trmm.cpp.o
[ 21%] Building CXX object CMakeFiles/syr2k.dir/linear-algebra/blas/syr2k/syr2k.cpp.o
[ 21%] Building CXX object CMakeFiles/doitgen.dir/linear-algebra/kernels/doitgen/doitgen.cpp.o
[ 21%] Building CXX object CMakeFiles/syrk.dir/linear-algebra/blas/syrk/syrk.cpp.o
[ 21%] Building CXX object CMakeFiles/symm.dir/linear-algebra/blas/symm/symm.cpp.o
[ 35%] Building CXX object CMakeFiles/cholesky.dir/linear-algebra/solvers/cholesky/cholesky.cpp.o
[ 35%] Building CXX object CMakeFiles/3mm.dir/linear-algebra/kernels/3mm/3mm.cpp.o
[ 50%] Building CXX object CMakeFiles/bicg.dir/linear-algebra/kernels/bicg/bicg.cpp.o
[ 50%] Building CXX object CMakeFiles/trisolv.dir/linear-algebra/solvers/trisolv/trisolv.cpp.o
[ 50%] Building CXX object CMakeFiles/nussinov.dir/medley/nussinov/nussinov.cpp.o
[ 50%] Building CXX object CMakeFiles/fdtd-2d.dir/stencils/fdtd-2d/fdtd-2d.cpp.o
[ 50%] Building CXX object CMakeFiles/2mm.dir/linear-algebra/kernels/2mm/2mm.cpp.o
[ 50%] Building CXX object CMakeFiles/durbin.dir/linear-algebra/solvers/durbin/durbin.cpp.o
[ 50%] Building CXX object CMakeFiles/floyd-warshall.dir/medley/floyd-warshall/floyd-warshall.cpp.o
[ 50%] Building CXX object CMakeFiles/deriche.dir/medley/deriche/deriche.cpp.o
[ 50%] Building CXX object CMakeFiles/adi.dir/stencils/adi/adi.cpp.o
[ 50%] Building CXX object CMakeFiles/ludcmp.dir/linear-algebra/solvers/ludcmp/ludcmp.cpp.o
[ 50%] Building CXX object CMakeFiles/mvt.dir/linear-algebra/kernels/mvt/mvt.cpp.o
[ 50%] Building CXX object CMakeFiles/jacobi-1d.dir/stencils/jacobi-1d/jacobi-1d.cpp.o
[ 50%] Building CXX object CMakeFiles/gramschmidt.dir/linear-algebra/solvers/gramschmidt/gramschmidt.cpp.o
[ 50%] Building CXX object CMakeFiles/lu.dir/linear-algebra/solvers/lu/lu.cpp.o
[ 50%] Building CXX object CMakeFiles/heat-3d.dir/stencils/heat-3d/heat-3d.cpp.o
[ 50%] Building CXX object CMakeFiles/seidel-2d.dir/stencils/seidel-2d/seidel-2d.cpp.o
[ 50%] Building CXX object CMakeFiles/jacobi-2d.dir/stencils/jacobi-2d/jacobi-2d.cpp.o
[ 51%] Linking CXX executable gemver
[ 53%] Linking CXX executable gramschmidt
[ 55%] Linking CXX executable adi
[ 55%] Built target adi
[ 56%] Linking CXX executable gemm
[ 58%] Linking CXX executable syrk
[ 60%] Linking CXX executable jacobi-2d
[ 61%] Linking CXX executable syr2k
[ 61%] Built target gemm
[ 63%] Linking CXX executable correlation
[ 63%] Built target syrk
[ 63%] Built target jacobi-2d
[ 63%] Built target syr2k
[ 63%] Built target correlation
[ 65%] Linking CXX executable 2mm
[ 65%] Built target 2mm
[ 66%] Linking CXX executable seidel-2d
[ 68%] Linking CXX executable lu
[ 70%] Linking CXX executable doitgen
[ 71%] Linking CXX executable cholesky
[ 71%] Built target seidel-2d
[ 73%] Linking CXX executable trisolv
[ 73%] Built target lu
[ 73%] Built target doitgen
[ 73%] Built target cholesky
[ 75%] Linking CXX executable nussinov
[ 75%] Built target trisolv
[ 76%] Linking CXX executable bicg
[ 76%] Built target nussinov
[ 78%] Linking CXX executable heat-3d
[ 78%] Built target bicg
[ 78%] Built target heat-3d
[ 80%] Linking CXX executable mvt
[ 81%] Linking CXX executable ludcmp
[ 83%] Linking CXX executable fdtd-2d
[ 83%] Built target mvt
[ 83%] Built target ludcmp
[ 83%] Built target fdtd-2d
halide,choose_hints,2mm,0.387379,66.944,valid,1,EXTRALARGE,DOUBLE
halide,choose_hints,2mm,1,0.397182,1,EXTRALARGE,DOUBLE
halide,choose_hints,2mm,2,0.392595,1,EXTRALARGE,DOUBLE
halide,choose_hints,2mm,3,0.400370,1,EXTRALARGE,DOUBLE
halide,choose_hints,2mm,4,0.397906,1,EXTRALARGE,DOUBLE
halide,choose_hints,2mm,5,0.394303,1,EXTRALARGE,DOUBLE
halide,choose_hints,3mm,,,compile_error,1,EXTRALARGE,DOUBLE
halide,choose_hints,adi,,,timeout,1,EXTRALARGE,DOUBLE
halide,choose_hints,atax,,,compile_error,1,EXTRALARGE,DOUBLE
halide,choose_hints,bicg,,,runtime_error,1,EXTRALARGE,DOUBLE
halide,choose_hints,cholesky,,,runtime_error,1,EXTRALARGE,DOUBLE
halide,choose_hints,correlation,44.226719,,validity_error,1,EXTRALARGE,DOUBLE
halide,choose_hints,covariance,,,compile_error,1,EXTRALARGE,DOUBLE
halide,choose_hints,deriche,,,compile_error,1,EXTRALARGE,DOUBLE
halide,choose_hints,doitgen,,,runtime_error,1,EXTRALARGE,DOUBLE
halide,choose_hints,durbin,,,compile_error,1,EXTRALARGE,DOUBLE
halide,choose_hints,fdtd-2d,28.286170,0.828,valid,1,EXTRALARGE,DOUBLE
halide,choose_hints,fdtd-2d,1,27.100187,1,EXTRALARGE,DOUBLE
halide,choose_hints,fdtd-2d,2,28.916849,1,EXTRALARGE,DOUBLE
halide,choose_hints,fdtd-2d,3,28.025308,1,EXTRALARGE,DOUBLE
halide,choose_hints,fdtd-2d,4,28.754542,1,EXTRALARGE,DOUBLE
halide,choose_hints,fdtd-2d,5,27.904666,1,EXTRALARGE,DOUBLE
halide,choose_hints,floyd-warshall,,,compile_error,1,EXTRALARGE,DOUBLE
halide,choose_hints,gemm,,,runtime_error,1,EXTRALARGE,DOUBLE
halide,choose_hints,gemver,,,compile_error,1,EXTRALARGE,DOUBLE
halide,choose_hints,gesummv,,,compile_error,1,EXTRALARGE,DOUBLE
halide,choose_hints,gramschmidt,,,compile_error,1,EXTRALARGE,DOUBLE
halide,choose_hints,heat-3d,13.093779,2.340,valid,1,EXTRALARGE,DOUBLE
halide,choose_hints,heat-3d,1,12.183082,1,EXTRALARGE,DOUBLE
halide,choose_hints,heat-3d,2,13.062082,1,EXTRALARGE,DOUBLE
halide,choose_hints,heat-3d,3,13.080184,1,EXTRALARGE,DOUBLE
halide,choose_hints,heat-3d,4,12.993313,1,EXTRALARGE,DOUBLE
halide,choose_hints,heat-3d,5,13.070138,1,EXTRALARGE,DOUBLE
halide,choose_hints,jacobi-1d,,,compile_error,1,EXTRALARGE,DOUBLE
halide,choose_hints,jacobi-2d,8.652651,2.390,valid,1,EXTRALARGE,DOUBLE
halide,choose_hints,jacobi-2d,1,8.021610,1,EXTRALARGE,DOUBLE
halide,choose_hints,jacobi-2d,2,9.722993,1,EXTRALARGE,DOUBLE
halide,choose_hints,jacobi-2d,3,8.920843,1,EXTRALARGE,DOUBLE
halide,choose_hints,jacobi-2d,4,8.497162,1,EXTRALARGE,DOUBLE
halide,choose_hints,jacobi-2d,5,8.923239,1,EXTRALARGE,DOUBLE
halide,choose_hints,lu,,,runtime_error,1,EXTRALARGE,DOUBLE
halide,choose_hints,ludcmp,65.134149,0.717,valid,1,EXTRALARGE,DOUBLE
halide,choose_hints,ludcmp,1,65.502966,1,EXTRALARGE,DOUBLE
halide,choose_hints,ludcmp,2,65.035249,1,EXTRALARGE,DOUBLE
halide,choose_hints,ludcmp,3,64.870299,1,EXTRALARGE,DOUBLE
halide,choose_hints,ludcmp,4,64.934944,1,EXTRALARGE,DOUBLE
halide,choose_hints,ludcmp,5,64.701199,1,EXTRALARGE,DOUBLE
halide,choose_hints,mvt,,,runtime_error,1,EXTRALARGE,DOUBLE
halide,choose_hints,nussinov,76.492895,1.401,valid,1,EXTRALARGE,DOUBLE
halide,choose_hints,nussinov,1,76.406955,1,EXTRALARGE,DOUBLE
halide,choose_hints,nussinov,2,76.517137,1,EXTRALARGE,DOUBLE
halide,choose_hints,nussinov,3,76.673201,1,EXTRALARGE,DOUBLE
halide,choose_hints,nussinov,4,76.366138,1,EXTRALARGE,DOUBLE
halide,choose_hints,nussinov,5,76.365670,1,EXTRALARGE,DOUBLE
halide,choose_hints,seidel-2d,11.940254,18.248,valid,1,EXTRALARGE,DOUBLE
halide,choose_hints,seidel-2d,1,11.713706,1,EXTRALARGE,DOUBLE
halide,choose_hints,seidel-2d,2,10.310817,1,EXTRALARGE,DOUBLE
halide,choose_hints,seidel-2d,3,11.148308,1,EXTRALARGE,DOUBLE
halide,choose_hints,seidel-2d,4,12.398952,1,EXTRALARGE,DOUBLE
halide,choose_hints,seidel-2d,5,11.218526,1,EXTRALARGE,DOUBLE
halide,choose_hints,symm,,,compile_error,1,EXTRALARGE,DOUBLE
halide,choose_hints,syr2k,0.646828,33.744,valid,1,EXTRALARGE,DOUBLE
halide,choose_hints,syr2k,1,0.653074,1,EXTRALARGE,DOUBLE
halide,choose_hints,syr2k,2,0.663338,1,EXTRALARGE,DOUBLE
halide,choose_hints,syr2k,3,0.628929,1,EXTRALARGE,DOUBLE
halide,choose_hints,syr2k,4,0.666263,1,EXTRALARGE,DOUBLE
halide,choose_hints,syr2k,5,0.630268,1,EXTRALARGE,DOUBLE
halide,choose_hints,syrk,0.238311,32.891,valid,1,EXTRALARGE,DOUBLE
halide,choose_hints,syrk,1,0.220659,1,EXTRALARGE,DOUBLE
halide,choose_hints,syrk,2,0.240555,1,EXTRALARGE,DOUBLE
halide,choose_hints,syrk,3,0.236357,1,EXTRALARGE,DOUBLE
halide,choose_hints,syrk,4,0.233145,1,EXTRALARGE,DOUBLE
halide,choose_hints,syrk,5,0.259160,1,EXTRALARGE,DOUBLE
halide,choose_hints,trisolv,,,runtime_error,1,EXTRALARGE,DOUBLE
halide,choose_hints,trmm,,,compile_error,1,EXTRALARGE,DOUBLE
-- The CXX compiler identification is GNU 15.2.0
-- Detecting CXX compiler ABI info
-- Detecting CXX compiler ABI info - done
-- Check for working CXX compiler: /usr/local/latestgcc/bin/g++ - skipped
-- Detecting CXX compile features
-- Detecting CXX compile features - done
-- Found Python: /home/kleplj/choose_hints-xlarge/gpt-querying/.venv/bin/python3.9 (found suitable version "3.9.25", minimum required is "3") found components: Interpreter Development.Module
-- Halide 'host' platform triple:   x86-64-linux
-- Halide 'cmake' platform triple:  x86-64-linux
-- Halide default AOT target:       host
-- Found ZLIB: /usr/lib64/libz.so (found version "1.2.11")
-- Could NOT find PNG (missing: PNG_LIBRARY PNG_PNG_INCLUDE_DIR) 
-- Could NOT find JPEG (missing: JPEG_LIBRARY JPEG_INCLUDE_DIR) 
-- Configuring done (0.8s)
-- Generating done (0.8s)
-- Build files have been written to: /home/kleplj/choose_hints-xlarge/optimization/choose_hints/PolybenchC-Halide/build
[ 10%] Building CXX object CMakeFiles/gemver.dir/linear-algebra/blas/gemver/gemver.cpp.o
[ 10%] Building CXX object CMakeFiles/gemm.dir/linear-algebra/blas/gemm/gemm.cpp.o
[ 10%] Building CXX object CMakeFiles/correlation.dir/datamining/correlation/correlation.cpp.o
[ 10%] Building CXX object CMakeFiles/covariance.dir/datamining/covariance/covariance.cpp.o
[ 18%] Building CXX object CMakeFiles/symm.dir/linear-algebra/blas/symm/symm.cpp.o
[ 18%] Building CXX object CMakeFiles/trmm.dir/linear-algebra/blas/trmm/trmm.cpp.o
[ 18%] Building CXX object CMakeFiles/gesummv.dir/linear-algebra/blas/gesummv/gesummv.cpp.o
[ 18%] Building CXX object CMakeFiles/syr2k.dir/linear-algebra/blas/syr2k/syr2k.cpp.o
[ 33%] Building CXX object CMakeFiles/cholesky.dir/linear-algebra/solvers/cholesky/cholesky.cpp.o
[ 33%] Building CXX object CMakeFiles/mvt.dir/linear-algebra/kernels/mvt/mvt.cpp.o
[ 50%] Building CXX object CMakeFiles/2mm.dir/linear-algebra/kernels/2mm/2mm.cpp.o
[ 50%] Building CXX object CMakeFiles/durbin.dir/linear-algebra/solvers/durbin/durbin.cpp.o
[ 50%] Building CXX object CMakeFiles/bicg.dir/linear-algebra/kernels/bicg/bicg.cpp.o
[ 50%] Building CXX object CMakeFiles/atax.dir/linear-algebra/kernels/atax/atax.cpp.o
[ 50%] Building CXX object CMakeFiles/gramschmidt.dir/linear-algebra/solvers/gramschmidt/gramschmidt.cpp.o
[ 50%] Building CXX object CMakeFiles/3mm.dir/linear-algebra/kernels/3mm/3mm.cpp.o
[ 50%] Building CXX object CMakeFiles/adi.dir/stencils/adi/adi.cpp.o
[ 50%] Building CXX object CMakeFiles/syrk.dir/linear-algebra/blas/syrk/syrk.cpp.o
[ 50%] Building CXX object CMakeFiles/floyd-warshall.dir/medley/floyd-warshall/floyd-warshall.cpp.o
[ 50%] Building CXX object CMakeFiles/doitgen.dir/linear-algebra/kernels/doitgen/doitgen.cpp.o
[ 50%] Building CXX object CMakeFiles/jacobi-1d.dir/stencils/jacobi-1d/jacobi-1d.cpp.o
[ 50%] Building CXX object CMakeFiles/nussinov.dir/medley/nussinov/nussinov.cpp.o
[ 50%] Building CXX object CMakeFiles/fdtd-2d.dir/stencils/fdtd-2d/fdtd-2d.cpp.o
[ 50%] Building CXX object CMakeFiles/heat-3d.dir/stencils/heat-3d/heat-3d.cpp.o
[ 50%] Building CXX object CMakeFiles/ludcmp.dir/linear-algebra/solvers/ludcmp/ludcmp.cpp.o
[ 50%] Building CXX object CMakeFiles/deriche.dir/medley/deriche/deriche.cpp.o
[ 50%] Building CXX object CMakeFiles/lu.dir/linear-algebra/solvers/lu/lu.cpp.o
[ 50%] Building CXX object CMakeFiles/trisolv.dir/linear-algebra/solvers/trisolv/trisolv.cpp.o
[ 50%] Building CXX object CMakeFiles/seidel-2d.dir/stencils/seidel-2d/seidel-2d.cpp.o
[ 50%] Building CXX object CMakeFiles/jacobi-2d.dir/stencils/jacobi-2d/jacobi-2d.cpp.o
[ 51%] Linking CXX executable gemver
[ 53%] Linking CXX executable gramschmidt
[ 55%] Linking CXX executable adi
[ 55%] Built target adi
[ 56%] Linking CXX executable deriche
[ 58%] Linking CXX executable floyd-warshall
[ 58%] Built target deriche
[ 58%] Built target floyd-warshall
[ 60%] Linking CXX executable covariance
[ 61%] Linking CXX executable syr2k
[ 63%] Linking CXX executable correlation
[ 63%] Built target covariance
[ 63%] Built target syr2k
[ 65%] Linking CXX executable durbin
[ 66%] Linking CXX executable jacobi-2d
[ 68%] Linking CXX executable 2mm
[ 70%] Linking CXX executable cholesky
[ 70%] Built target correlation
[ 70%] Built target durbin
[ 70%] Built target jacobi-2d
[ 73%] Linking CXX executable 3mm
[ 73%] Linking CXX executable doitgen
[ 75%] Linking CXX executable lu
[ 75%] Built target 2mm
[ 75%] Built target cholesky
[ 76%] Linking CXX executable gesummv
[ 78%] Linking CXX executable heat-3d
[ 80%] Linking CXX executable mvt
[ 81%] Linking CXX executable trisolv
[ 81%] Built target doitgen
[ 81%] Built target 3mm
[ 81%] Built target lu
[ 81%] Built target gesummv
[ 81%] Built target heat-3d
[ 83%] Linking CXX executable atax
[ 83%] Built target mvt
[ 83%] Built target trisolv
[ 85%] Linking CXX executable bicg
[ 85%] Built target atax
[ 85%] Built target bicg
[ 86%] Linking CXX executable fdtd-2d
[ 86%] Built target fdtd-2d
[ 88%] Linking CXX executable ludcmp
[ 88%] Built target ludcmp
halide,choose_hints,2mm,0.386762,66.808,valid,2,EXTRALARGE,DOUBLE
halide,choose_hints,2mm,1,0.386092,2,EXTRALARGE,DOUBLE
halide,choose_hints,2mm,2,0.394071,2,EXTRALARGE,DOUBLE
halide,choose_hints,2mm,3,0.397813,2,EXTRALARGE,DOUBLE
halide,choose_hints,2mm,4,0.390524,2,EXTRALARGE,DOUBLE
halide,choose_hints,2mm,5,0.379791,2,EXTRALARGE,DOUBLE
halide,choose_hints,3mm,0.523416,82.795,valid,2,EXTRALARGE,DOUBLE
halide,choose_hints,3mm,1,0.542359,2,EXTRALARGE,DOUBLE
halide,choose_hints,3mm,2,0.526950,2,EXTRALARGE,DOUBLE
halide,choose_hints,3mm,3,0.521310,2,EXTRALARGE,DOUBLE
halide,choose_hints,3mm,4,0.531494,2,EXTRALARGE,DOUBLE
halide,choose_hints,3mm,5,0.512544,2,EXTRALARGE,DOUBLE
halide,choose_hints,adi,111.593775,0.769,valid,2,EXTRALARGE,DOUBLE
halide,choose_hints,adi,1,111.411856,2,EXTRALARGE,DOUBLE
halide,choose_hints,adi,2,111.268538,2,EXTRALARGE,DOUBLE
halide,choose_hints,adi,3,111.374046,2,EXTRALARGE,DOUBLE
halide,choose_hints,adi,4,111.228999,2,EXTRALARGE,DOUBLE
halide,choose_hints,adi,5,111.142153,2,EXTRALARGE,DOUBLE
halide,choose_hints,atax,,,runtime_error,2,EXTRALARGE,DOUBLE
halide,choose_hints,bicg,,,runtime_error,2,EXTRALARGE,DOUBLE
halide,choose_hints,cholesky,16.227505,1.004,valid,2,EXTRALARGE,DOUBLE
halide,choose_hints,cholesky,1,16.272459,2,EXTRALARGE,DOUBLE
halide,choose_hints,cholesky,2,16.196773,2,EXTRALARGE,DOUBLE
halide,choose_hints,cholesky,3,16.181532,2,EXTRALARGE,DOUBLE
halide,choose_hints,cholesky,4,16.221256,2,EXTRALARGE,DOUBLE
halide,choose_hints,cholesky,5,16.233345,2,EXTRALARGE,DOUBLE
halide,choose_hints,correlation,0.553432,,validity_error,2,EXTRALARGE,DOUBLE
halide,choose_hints,covariance,,,runtime_error,2,EXTRALARGE,DOUBLE
halide,choose_hints,deriche,1.838981,0.636,valid,2,EXTRALARGE,DOUBLE
halide,choose_hints,deriche,1,1.870826,2,EXTRALARGE,DOUBLE
halide,choose_hints,deriche,2,1.834725,2,EXTRALARGE,DOUBLE
halide,choose_hints,deriche,3,1.859049,2,EXTRALARGE,DOUBLE
halide,choose_hints,deriche,4,1.876209,2,EXTRALARGE,DOUBLE
halide,choose_hints,deriche,5,1.933250,2,EXTRALARGE,DOUBLE
halide,choose_hints,doitgen,,,runtime_error,2,EXTRALARGE,DOUBLE
halide,choose_hints,durbin,,,runtime_error,2,EXTRALARGE,DOUBLE
halide,choose_hints,fdtd-2d,,,runtime_error,2,EXTRALARGE,DOUBLE
halide,choose_hints,floyd-warshall,96.815475,1.821,valid,2,EXTRALARGE,DOUBLE
halide,choose_hints,floyd-warshall,1,95.019898,2,EXTRALARGE,DOUBLE
halide,choose_hints,floyd-warshall,2,96.916347,2,EXTRALARGE,DOUBLE
halide,choose_hints,floyd-warshall,3,96.024194,2,EXTRALARGE,DOUBLE
halide,choose_hints,floyd-warshall,4,99.591987,2,EXTRALARGE,DOUBLE
halide,choose_hints,floyd-warshall,5,98.769087,2,EXTRALARGE,DOUBLE
halide,choose_hints,gemm,,,compile_error,2,EXTRALARGE,DOUBLE
halide,choose_hints,gemver,,,compile_error,2,EXTRALARGE,DOUBLE
halide,choose_hints,gesummv,,,runtime_error,2,EXTRALARGE,DOUBLE
halide,choose_hints,gramschmidt,,,compile_error,2,EXTRALARGE,DOUBLE
halide,choose_hints,heat-3d,12.273384,2.523,valid,2,EXTRALARGE,DOUBLE
halide,choose_hints,heat-3d,1,12.576909,2,EXTRALARGE,DOUBLE
halide,choose_hints,heat-3d,2,12.287176,2,EXTRALARGE,DOUBLE
halide,choose_hints,heat-3d,3,12.268283,2,EXTRALARGE,DOUBLE
halide,choose_hints,heat-3d,4,12.530743,2,EXTRALARGE,DOUBLE
halide,choose_hints,heat-3d,5,12.732707,2,EXTRALARGE,DOUBLE
halide,choose_hints,jacobi-1d,,,compile_error,2,EXTRALARGE,DOUBLE
halide,choose_hints,jacobi-2d,7.494818,2.769,valid,2,EXTRALARGE,DOUBLE
halide,choose_hints,jacobi-2d,1,7.430326,2,EXTRALARGE,DOUBLE
halide,choose_hints,jacobi-2d,2,7.389406,2,EXTRALARGE,DOUBLE
halide,choose_hints,jacobi-2d,3,7.598394,2,EXTRALARGE,DOUBLE
halide,choose_hints,jacobi-2d,4,7.795627,2,EXTRALARGE,DOUBLE
halide,choose_hints,jacobi-2d,5,7.462526,2,EXTRALARGE,DOUBLE
halide,choose_hints,lu,59.211569,0.855,valid,2,EXTRALARGE,DOUBLE
halide,choose_hints,lu,1,59.419915,2,EXTRALARGE,DOUBLE
halide,choose_hints,lu,2,59.591128,2,EXTRALARGE,DOUBLE
halide,choose_hints,lu,3,59.630203,2,EXTRALARGE,DOUBLE
halide,choose_hints,lu,4,59.556330,2,EXTRALARGE,DOUBLE
halide,choose_hints,lu,5,59.131391,2,EXTRALARGE,DOUBLE
halide,choose_hints,ludcmp,,,runtime_error,2,EXTRALARGE,DOUBLE
halide,choose_hints,mvt,0.043221,1.649,valid,2,EXTRALARGE,DOUBLE
halide,choose_hints,mvt,1,0.042540,2,EXTRALARGE,DOUBLE
halide,choose_hints,mvt,2,0.044258,2,EXTRALARGE,DOUBLE
halide,choose_hints,mvt,3,0.044825,2,EXTRALARGE,DOUBLE
halide,choose_hints,mvt,4,0.045388,2,EXTRALARGE,DOUBLE
halide,choose_hints,mvt,5,0.044004,2,EXTRALARGE,DOUBLE
halide,choose_hints,nussinov,,,compile_error,2,EXTRALARGE,DOUBLE
halide,choose_hints,seidel-2d,,,compile_error,2,EXTRALARGE,DOUBLE
halide,choose_hints,symm,,,compile_error,2,EXTRALARGE,DOUBLE
halide,choose_hints,syr2k,,,runtime_error,2,EXTRALARGE,DOUBLE
halide,choose_hints,syrk,,,compile_error,2,EXTRALARGE,DOUBLE
halide,choose_hints,trisolv,,,runtime_error,2,EXTRALARGE,DOUBLE
halide,choose_hints,trmm,,,compile_error,2,EXTRALARGE,DOUBLE
-- The CXX compiler identification is GNU 15.2.0
-- Detecting CXX compiler ABI info
-- Detecting CXX compiler ABI info - done
-- Check for working CXX compiler: /usr/local/latestgcc/bin/g++ - skipped
-- Detecting CXX compile features
-- Detecting CXX compile features - done
-- Found Python: /home/kleplj/choose_hints-xlarge/gpt-querying/.venv/bin/python3.9 (found suitable version "3.9.25", minimum required is "3") found components: Interpreter Development.Module
-- Halide 'host' platform triple:   x86-64-linux
-- Halide 'cmake' platform triple:  x86-64-linux
-- Halide default AOT target:       host
-- Found ZLIB: /usr/lib64/libz.so (found version "1.2.11")
-- Could NOT find PNG (missing: PNG_LIBRARY PNG_PNG_INCLUDE_DIR) 
-- Could NOT find JPEG (missing: JPEG_LIBRARY JPEG_INCLUDE_DIR) 
-- Configuring done (0.8s)
-- Generating done (0.8s)
-- Build files have been written to: /home/kleplj/choose_hints-xlarge/optimization/choose_hints/PolybenchC-Halide/build
[  5%] Building CXX object CMakeFiles/covariance.dir/datamining/covariance/covariance.cpp.o
[  8%] Building CXX object CMakeFiles/gemver.dir/linear-algebra/blas/gemver/gemver.cpp.o
[  8%] Building CXX object CMakeFiles/correlation.dir/datamining/correlation/correlation.cpp.o
[  8%] Building CXX object CMakeFiles/gemm.dir/linear-algebra/blas/gemm/gemm.cpp.o
[ 10%] Building CXX object CMakeFiles/gesummv.dir/linear-algebra/blas/gesummv/gesummv.cpp.o
[ 16%] Building CXX object CMakeFiles/syr2k.dir/linear-algebra/blas/syr2k/syr2k.cpp.o
[ 21%] Building CXX object CMakeFiles/syrk.dir/linear-algebra/blas/syrk/syrk.cpp.o
[ 21%] Building CXX object CMakeFiles/symm.dir/linear-algebra/blas/symm/symm.cpp.o
[ 21%] Building CXX object CMakeFiles/trmm.dir/linear-algebra/blas/trmm/trmm.cpp.o
[ 21%] Building CXX object CMakeFiles/2mm.dir/linear-algebra/kernels/2mm/2mm.cpp.o
[ 36%] Building CXX object CMakeFiles/mvt.dir/linear-algebra/kernels/mvt/mvt.cpp.o
[ 36%] Building CXX object CMakeFiles/atax.dir/linear-algebra/kernels/atax/atax.cpp.o
[ 50%] Building CXX object CMakeFiles/durbin.dir/linear-algebra/solvers/durbin/durbin.cpp.o
[ 50%] Building CXX object CMakeFiles/lu.dir/linear-algebra/solvers/lu/lu.cpp.o
[ 50%] Building CXX object CMakeFiles/bicg.dir/linear-algebra/kernels/bicg/bicg.cpp.o
[ 50%] Building CXX object CMakeFiles/deriche.dir/medley/deriche/deriche.cpp.o
[ 50%] Building CXX object CMakeFiles/3mm.dir/linear-algebra/kernels/3mm/3mm.cpp.o
[ 50%] Building CXX object CMakeFiles/cholesky.dir/linear-algebra/solvers/cholesky/cholesky.cpp.o
[ 50%] Building CXX object CMakeFiles/gramschmidt.dir/linear-algebra/solvers/gramschmidt/gramschmidt.cpp.o
[ 50%] Building CXX object CMakeFiles/fdtd-2d.dir/stencils/fdtd-2d/fdtd-2d.cpp.o
[ 50%] Building CXX object CMakeFiles/doitgen.dir/linear-algebra/kernels/doitgen/doitgen.cpp.o
[ 50%] Building CXX object CMakeFiles/heat-3d.dir/stencils/heat-3d/heat-3d.cpp.o
[ 50%] Building CXX object CMakeFiles/trisolv.dir/linear-algebra/solvers/trisolv/trisolv.cpp.o
[ 50%] Building CXX object CMakeFiles/jacobi-1d.dir/stencils/jacobi-1d/jacobi-1d.cpp.o
[ 50%] Building CXX object CMakeFiles/ludcmp.dir/linear-algebra/solvers/ludcmp/ludcmp.cpp.o
[ 50%] Building CXX object CMakeFiles/floyd-warshall.dir/medley/floyd-warshall/floyd-warshall.cpp.o
[ 50%] Building CXX object CMakeFiles/nussinov.dir/medley/nussinov/nussinov.cpp.o
[ 50%] Building CXX object CMakeFiles/adi.dir/stencils/adi/adi.cpp.o
[ 50%] Building CXX object CMakeFiles/jacobi-2d.dir/stencils/jacobi-2d/jacobi-2d.cpp.o
[ 50%] Building CXX object CMakeFiles/seidel-2d.dir/stencils/seidel-2d/seidel-2d.cpp.o
[ 51%] Linking CXX executable gemver
[ 53%] Linking CXX executable gramschmidt
[ 55%] Linking CXX executable floyd-warshall
[ 56%] Linking CXX executable syrk
[ 58%] Linking CXX executable symm
[ 60%] Linking CXX executable jacobi-1d
[ 61%] Linking CXX executable gemm
[ 61%] Built target floyd-warshall
[ 63%] Linking CXX executable syr2k
[ 65%] Linking CXX executable jacobi-2d
[ 65%] Built target syrk
[ 65%] Built target symm
[ 65%] Built target jacobi-1d
[ 65%] Built target gemm
[ 65%] Built target syr2k
[ 66%] Linking CXX executable 2mm
[ 66%] Built target jacobi-2d
[ 68%] Linking CXX executable adi
[ 70%] Linking CXX executable cholesky
[ 70%] Built target 2mm
[ 70%] Built target adi
[ 70%] Built target cholesky
[ 71%] Linking CXX executable deriche
[ 73%] Linking CXX executable gesummv
[ 75%] Linking CXX executable 3mm
[ 75%] Built target deriche
[ 75%] Built target gesummv
[ 75%] Built target 3mm
[ 76%] Linking CXX executable mvt
[ 78%] Linking CXX executable atax
[ 80%] Linking CXX executable heat-3d
[ 80%] Built target mvt
[ 81%] Linking CXX executable durbin
[ 83%] Linking CXX executable nussinov
[ 85%] Linking CXX executable bicg
[ 85%] Built target atax
[ 86%] Linking CXX executable trisolv
[ 88%] Linking CXX executable lu
[ 88%] Built target heat-3d
[ 88%] Built target durbin
[ 88%] Built target nussinov
[ 88%] Built target bicg
[ 88%] Built target trisolv
[ 88%] Built target lu
[ 90%] Linking CXX executable ludcmp
[ 90%] Built target ludcmp
halide,choose_hints,2mm,0.267783,95.948,valid,3,EXTRALARGE,DOUBLE
halide,choose_hints,2mm,1,0.260372,3,EXTRALARGE,DOUBLE
halide,choose_hints,2mm,2,0.265298,3,EXTRALARGE,DOUBLE
halide,choose_hints,2mm,3,0.271817,3,EXTRALARGE,DOUBLE
halide,choose_hints,2mm,4,0.269607,3,EXTRALARGE,DOUBLE
halide,choose_hints,2mm,5,0.255966,3,EXTRALARGE,DOUBLE
halide,choose_hints,3mm,0.540915,79.366,valid,3,EXTRALARGE,DOUBLE
halide,choose_hints,3mm,1,0.534478,3,EXTRALARGE,DOUBLE
halide,choose_hints,3mm,2,0.542206,3,EXTRALARGE,DOUBLE
halide,choose_hints,3mm,3,0.539876,3,EXTRALARGE,DOUBLE
halide,choose_hints,3mm,4,0.533784,3,EXTRALARGE,DOUBLE
halide,choose_hints,3mm,5,0.537289,3,EXTRALARGE,DOUBLE
halide,choose_hints,adi,162.894870,0.525,valid,3,EXTRALARGE,DOUBLE
halide,choose_hints,adi,1,154.174397,3,EXTRALARGE,DOUBLE
halide,choose_hints,adi,2,158.314520,3,EXTRALARGE,DOUBLE
halide,choose_hints,adi,3,155.175365,3,EXTRALARGE,DOUBLE
halide,choose_hints,adi,4,157.258067,3,EXTRALARGE,DOUBLE
halide,choose_hints,adi,5,157.000847,3,EXTRALARGE,DOUBLE
halide,choose_hints,atax,,,runtime_error,3,EXTRALARGE,DOUBLE
halide,choose_hints,bicg,,,runtime_error,3,EXTRALARGE,DOUBLE
halide,choose_hints,cholesky,,,runtime_error,3,EXTRALARGE,DOUBLE
halide,choose_hints,correlation,,,compile_error,3,EXTRALARGE,DOUBLE
halide,choose_hints,covariance,,,compile_error,3,EXTRALARGE,DOUBLE
halide,choose_hints,deriche,5.333801,0.220,valid,3,EXTRALARGE,DOUBLE
halide,choose_hints,deriche,1,5.298935,3,EXTRALARGE,DOUBLE
halide,choose_hints,deriche,2,5.287743,3,EXTRALARGE,DOUBLE
halide,choose_hints,deriche,3,5.338579,3,EXTRALARGE,DOUBLE
halide,choose_hints,deriche,4,5.292708,3,EXTRALARGE,DOUBLE
halide,choose_hints,deriche,5,5.221661,3,EXTRALARGE,DOUBLE
halide,choose_hints,doitgen,,,compile_error,3,EXTRALARGE,DOUBLE
halide,choose_hints,durbin,,,runtime_error,3,EXTRALARGE,DOUBLE
halide,choose_hints,fdtd-2d,,,compile_error,3,EXTRALARGE,DOUBLE
halide,choose_hints,floyd-warshall,124.722811,1.419,valid,3,EXTRALARGE,DOUBLE
halide,choose_hints,floyd-warshall,1,128.189201,3,EXTRALARGE,DOUBLE
halide,choose_hints,floyd-warshall,2,123.943122,3,EXTRALARGE,DOUBLE
halide,choose_hints,floyd-warshall,3,122.487492,3,EXTRALARGE,DOUBLE
halide,choose_hints,floyd-warshall,4,124.306743,3,EXTRALARGE,DOUBLE
halide,choose_hints,floyd-warshall,5,124.680099,3,EXTRALARGE,DOUBLE
halide,choose_hints,gemm,,,runtime_error,3,EXTRALARGE,DOUBLE
halide,choose_hints,gemver,,,compile_error,3,EXTRALARGE,DOUBLE
halide,choose_hints,gesummv,,,runtime_error,3,EXTRALARGE,DOUBLE
halide,choose_hints,gramschmidt,,,compile_error,3,EXTRALARGE,DOUBLE
halide,choose_hints,heat-3d,10.123057,2.983,valid,3,EXTRALARGE,DOUBLE
halide,choose_hints,heat-3d,1,10.854831,3,EXTRALARGE,DOUBLE
halide,choose_hints,heat-3d,2,11.240884,3,EXTRALARGE,DOUBLE
halide,choose_hints,heat-3d,3,10.751915,3,EXTRALARGE,DOUBLE
halide,choose_hints,heat-3d,4,10.676028,3,EXTRALARGE,DOUBLE
halide,choose_hints,heat-3d,5,11.286954,3,EXTRALARGE,DOUBLE
halide,choose_hints,jacobi-1d,3.541135,0.001,valid,3,EXTRALARGE,DOUBLE
halide,choose_hints,jacobi-1d,1,3.506674,3,EXTRALARGE,DOUBLE
halide,choose_hints,jacobi-1d,2,3.269787,3,EXTRALARGE,DOUBLE
halide,choose_hints,jacobi-1d,3,3.284047,3,EXTRALARGE,DOUBLE
halide,choose_hints,jacobi-1d,4,3.354684,3,EXTRALARGE,DOUBLE
halide,choose_hints,jacobi-1d,5,3.327983,3,EXTRALARGE,DOUBLE
halide,choose_hints,jacobi-2d,8.054678,2.566,valid,3,EXTRALARGE,DOUBLE
halide,choose_hints,jacobi-2d,1,9.057498,3,EXTRALARGE,DOUBLE
halide,choose_hints,jacobi-2d,2,8.823746,3,EXTRALARGE,DOUBLE
halide,choose_hints,jacobi-2d,3,9.308060,3,EXTRALARGE,DOUBLE
halide,choose_hints,jacobi-2d,4,8.495685,3,EXTRALARGE,DOUBLE
halide,choose_hints,jacobi-2d,5,8.798791,3,EXTRALARGE,DOUBLE
halide,choose_hints,lu,,,runtime_error,3,EXTRALARGE,DOUBLE
halide,choose_hints,ludcmp,,,runtime_error,3,EXTRALARGE,DOUBLE
halide,choose_hints,mvt,,,runtime_error,3,EXTRALARGE,DOUBLE
halide,choose_hints,nussinov,76.662238,1.404,valid,3,EXTRALARGE,DOUBLE
halide,choose_hints,nussinov,1,76.370807,3,EXTRALARGE,DOUBLE
halide,choose_hints,nussinov,2,76.470629,3,EXTRALARGE,DOUBLE
halide,choose_hints,nussinov,3,76.688251,3,EXTRALARGE,DOUBLE
halide,choose_hints,nussinov,4,76.328749,3,EXTRALARGE,DOUBLE
halide,choose_hints,nussinov,5,76.076101,3,EXTRALARGE,DOUBLE
halide,choose_hints,seidel-2d,,,compile_error,3,EXTRALARGE,DOUBLE
halide,choose_hints,symm,0.217129,73.948,valid,3,EXTRALARGE,DOUBLE
halide,choose_hints,symm,1,0.212556,3,EXTRALARGE,DOUBLE
halide,choose_hints,symm,2,0.215218,3,EXTRALARGE,DOUBLE
halide,choose_hints,symm,3,0.222403,3,EXTRALARGE,DOUBLE
halide,choose_hints,symm,4,0.210926,3,EXTRALARGE,DOUBLE
halide,choose_hints,symm,5,0.217860,3,EXTRALARGE,DOUBLE
halide,choose_hints,syr2k,,,runtime_error,3,EXTRALARGE,DOUBLE
halide,choose_hints,syrk,0.235836,33.131,valid,3,EXTRALARGE,DOUBLE
halide,choose_hints,syrk,1,0.232855,3,EXTRALARGE,DOUBLE
halide,choose_hints,syrk,2,0.241491,3,EXTRALARGE,DOUBLE
halide,choose_hints,syrk,3,0.231153,3,EXTRALARGE,DOUBLE
halide,choose_hints,syrk,4,0.230405,3,EXTRALARGE,DOUBLE
halide,choose_hints,syrk,5,0.233850,3,EXTRALARGE,DOUBLE
halide,choose_hints,trisolv,,,runtime_error,3,EXTRALARGE,DOUBLE
halide,choose_hints,trmm,,,compile_error,3,EXTRALARGE,DOUBLE
-- The CXX compiler identification is GNU 15.2.0
-- Detecting CXX compiler ABI info
-- Detecting CXX compiler ABI info - done
-- Check for working CXX compiler: /usr/local/latestgcc/bin/g++ - skipped
-- Detecting CXX compile features
-- Detecting CXX compile features - done
-- Found Python: /home/kleplj/choose_hints-xlarge/gpt-querying/.venv/bin/python3.9 (found suitable version "3.9.25", minimum required is "3") found components: Interpreter Development.Module
-- Halide 'host' platform triple:   x86-64-linux
-- Halide 'cmake' platform triple:  x86-64-linux
-- Halide default AOT target:       host
-- Found ZLIB: /usr/lib64/libz.so (found version "1.2.11")
-- Could NOT find PNG (missing: PNG_LIBRARY PNG_PNG_INCLUDE_DIR) 
-- Could NOT find JPEG (missing: JPEG_LIBRARY JPEG_INCLUDE_DIR) 
-- Configuring done (0.8s)
-- Generating done (0.7s)
-- Build files have been written to: /home/kleplj/choose_hints-xlarge/optimization/choose_hints/PolybenchC-Halide/build
[  6%] Building CXX object CMakeFiles/correlation.dir/datamining/correlation/correlation.cpp.o
[  8%] Building CXX object CMakeFiles/gemm.dir/linear-algebra/blas/gemm/gemm.cpp.o
[ 11%] Building CXX object CMakeFiles/gemver.dir/linear-algebra/blas/gemver/gemver.cpp.o
[ 11%] Building CXX object CMakeFiles/covariance.dir/datamining/covariance/covariance.cpp.o
[ 11%] Building CXX object CMakeFiles/symm.dir/linear-algebra/blas/symm/symm.cpp.o
[ 20%] Building CXX object CMakeFiles/syrk.dir/linear-algebra/blas/syrk/syrk.cpp.o
[ 20%] Building CXX object CMakeFiles/syr2k.dir/linear-algebra/blas/syr2k/syr2k.cpp.o
[ 20%] Building CXX object CMakeFiles/trmm.dir/linear-algebra/blas/trmm/trmm.cpp.o
[ 20%] Building CXX object CMakeFiles/gesummv.dir/linear-algebra/blas/gesummv/gesummv.cpp.o
[ 50%] Building CXX object CMakeFiles/bicg.dir/linear-algebra/kernels/bicg/bicg.cpp.o
[ 50%] Building CXX object CMakeFiles/cholesky.dir/linear-algebra/solvers/cholesky/cholesky.cpp.o
[ 50%] Building CXX object CMakeFiles/durbin.dir/linear-algebra/solvers/durbin/durbin.cpp.o
[ 50%] Building CXX object CMakeFiles/atax.dir/linear-algebra/kernels/atax/atax.cpp.o
[ 50%] Building CXX object CMakeFiles/trisolv.dir/linear-algebra/solvers/trisolv/trisolv.cpp.o
[ 50%] Building CXX object CMakeFiles/adi.dir/stencils/adi/adi.cpp.o
[ 50%] Building CXX object CMakeFiles/floyd-warshall.dir/medley/floyd-warshall/floyd-warshall.cpp.o
[ 50%] Building CXX object CMakeFiles/heat-3d.dir/stencils/heat-3d/heat-3d.cpp.o
[ 50%] Building CXX object CMakeFiles/fdtd-2d.dir/stencils/fdtd-2d/fdtd-2d.cpp.o
[ 50%] Building CXX object CMakeFiles/gramschmidt.dir/linear-algebra/solvers/gramschmidt/gramschmidt.cpp.o
[ 50%] Building CXX object CMakeFiles/doitgen.dir/linear-algebra/kernels/doitgen/doitgen.cpp.o
[ 50%] Building CXX object CMakeFiles/mvt.dir/linear-algebra/kernels/mvt/mvt.cpp.o
[ 50%] Building CXX object CMakeFiles/2mm.dir/linear-algebra/kernels/2mm/2mm.cpp.o
[ 50%] Building CXX object CMakeFiles/deriche.dir/medley/deriche/deriche.cpp.o
[ 50%] Building CXX object CMakeFiles/nussinov.dir/medley/nussinov/nussinov.cpp.o
[ 50%] Building CXX object CMakeFiles/3mm.dir/linear-algebra/kernels/3mm/3mm.cpp.o
[ 50%] Building CXX object CMakeFiles/ludcmp.dir/linear-algebra/solvers/ludcmp/ludcmp.cpp.o
[ 50%] Building CXX object CMakeFiles/jacobi-1d.dir/stencils/jacobi-1d/jacobi-1d.cpp.o
[ 50%] Building CXX object CMakeFiles/lu.dir/linear-algebra/solvers/lu/lu.cpp.o
[ 50%] Building CXX object CMakeFiles/jacobi-2d.dir/stencils/jacobi-2d/jacobi-2d.cpp.o
[ 50%] Building CXX object CMakeFiles/seidel-2d.dir/stencils/seidel-2d/seidel-2d.cpp.o
[ 51%] Linking CXX executable gemver
[ 53%] Linking CXX executable gramschmidt
[ 55%] Linking CXX executable adi
[ 55%] Built target adi
[ 56%] Linking CXX executable floyd-warshall
[ 58%] Linking CXX executable jacobi-1d
[ 60%] Linking CXX executable deriche
[ 61%] Linking CXX executable syrk
[ 61%] Built target floyd-warshall
[ 63%] Linking CXX executable symm
[ 65%] Linking CXX executable covariance
[ 68%] Linking CXX executable gemm
[ 68%] Linking CXX executable jacobi-2d
[ 68%] Built target deriche
[ 68%] Built target jacobi-1d
[ 68%] Built target syrk
[ 68%] Built target symm
[ 68%] Built target covariance
[ 68%] Built target jacobi-2d
[ 68%] Built target gemm
[ 70%] Linking CXX executable heat-3d
[ 71%] Linking CXX executable doitgen
[ 71%] Built target heat-3d
[ 73%] Linking CXX executable lu
[ 75%] Linking CXX executable mvt
[ 76%] Linking CXX executable gesummv
[ 78%] Linking CXX executable 3mm
[ 80%] Linking CXX executable atax
[ 80%] Built target doitgen
[ 81%] Linking CXX executable cholesky
[ 83%] Linking CXX executable bicg
[ 83%] Built target lu
[ 83%] Built target mvt
[ 83%] Built target gesummv
[ 85%] Linking CXX executable trisolv
[ 85%] Built target 3mm
[ 85%] Built target atax
[ 85%] Built target cholesky
[ 85%] Built target bicg
[ 85%] Built target trisolv
[ 86%] Linking CXX executable syr2k
[ 88%] Linking CXX executable fdtd-2d
[ 88%] Built target syr2k
[ 88%] Built target fdtd-2d
[ 90%] Linking CXX executable nussinov
[ 90%] Built target nussinov
halide,choose_hints,2mm,,,compile_error,4,EXTRALARGE,DOUBLE
halide,choose_hints,3mm,,,runtime_error,4,EXTRALARGE,DOUBLE
halide,choose_hints,adi,106.158250,0.806,valid,4,EXTRALARGE,DOUBLE
halide,choose_hints,adi,1,105.926260,4,EXTRALARGE,DOUBLE
halide,choose_hints,adi,2,105.709626,4,EXTRALARGE,DOUBLE
halide,choose_hints,adi,3,105.469722,4,EXTRALARGE,DOUBLE
halide,choose_hints,adi,4,105.391436,4,EXTRALARGE,DOUBLE
halide,choose_hints,adi,5,105.738908,4,EXTRALARGE,DOUBLE
halide,choose_hints,atax,,,runtime_error,4,EXTRALARGE,DOUBLE
halide,choose_hints,bicg,,,runtime_error,4,EXTRALARGE,DOUBLE
halide,choose_hints,cholesky,,,runtime_error,4,EXTRALARGE,DOUBLE
halide,choose_hints,correlation,,,compile_error,4,EXTRALARGE,DOUBLE
halide,choose_hints,covariance,0.431339,,validity_error,4,EXTRALARGE,DOUBLE
halide,choose_hints,deriche,1.894954,0.615,valid,4,EXTRALARGE,DOUBLE
halide,choose_hints,deriche,1,1.920924,4,EXTRALARGE,DOUBLE
halide,choose_hints,deriche,2,1.906849,4,EXTRALARGE,DOUBLE
halide,choose_hints,deriche,3,1.940951,4,EXTRALARGE,DOUBLE
halide,choose_hints,deriche,4,1.938726,4,EXTRALARGE,DOUBLE
halide,choose_hints,deriche,5,1.947719,4,EXTRALARGE,DOUBLE
halide,choose_hints,doitgen,,,runtime_error,4,EXTRALARGE,DOUBLE
halide,choose_hints,durbin,,,compile_error,4,EXTRALARGE,DOUBLE
halide,choose_hints,fdtd-2d,,,runtime_error,4,EXTRALARGE,DOUBLE
halide,choose_hints,floyd-warshall,97.896094,1.800,valid,4,EXTRALARGE,DOUBLE
halide,choose_hints,floyd-warshall,1,100.762881,4,EXTRALARGE,DOUBLE
halide,choose_hints,floyd-warshall,2,104.339910,4,EXTRALARGE,DOUBLE
halide,choose_hints,floyd-warshall,3,104.358408,4,EXTRALARGE,DOUBLE
halide,choose_hints,floyd-warshall,4,97.997400,4,EXTRALARGE,DOUBLE
halide,choose_hints,floyd-warshall,5,102.842532,4,EXTRALARGE,DOUBLE
halide,choose_hints,gemm,,,runtime_error,4,EXTRALARGE,DOUBLE
halide,choose_hints,gemver,,,compile_error,4,EXTRALARGE,DOUBLE
halide,choose_hints,gesummv,,,runtime_error,4,EXTRALARGE,DOUBLE
halide,choose_hints,gramschmidt,,,compile_error,4,EXTRALARGE,DOUBLE
halide,choose_hints,heat-3d,12.655702,2.443,valid,4,EXTRALARGE,DOUBLE
halide,choose_hints,heat-3d,1,12.954472,4,EXTRALARGE,DOUBLE
halide,choose_hints,heat-3d,2,12.531506,4,EXTRALARGE,DOUBLE
halide,choose_hints,heat-3d,3,13.105949,4,EXTRALARGE,DOUBLE
halide,choose_hints,heat-3d,4,13.005764,4,EXTRALARGE,DOUBLE
halide,choose_hints,heat-3d,5,12.756399,4,EXTRALARGE,DOUBLE
halide,choose_hints,jacobi-1d,0.014472,0.297,valid,4,EXTRALARGE,DOUBLE
halide,choose_hints,jacobi-1d,1,0.014191,4,EXTRALARGE,DOUBLE
halide,choose_hints,jacobi-1d,2,0.016367,4,EXTRALARGE,DOUBLE
halide,choose_hints,jacobi-1d,3,0.019854,4,EXTRALARGE,DOUBLE
halide,choose_hints,jacobi-1d,4,0.016693,4,EXTRALARGE,DOUBLE
halide,choose_hints,jacobi-1d,5,0.017470,4,EXTRALARGE,DOUBLE
halide,choose_hints,jacobi-2d,7.250893,2.804,valid,4,EXTRALARGE,DOUBLE
halide,choose_hints,jacobi-2d,1,7.265199,4,EXTRALARGE,DOUBLE
halide,choose_hints,jacobi-2d,2,7.530717,4,EXTRALARGE,DOUBLE
halide,choose_hints,jacobi-2d,3,7.556004,4,EXTRALARGE,DOUBLE
halide,choose_hints,jacobi-2d,4,7.566699,4,EXTRALARGE,DOUBLE
halide,choose_hints,jacobi-2d,5,7.619904,4,EXTRALARGE,DOUBLE
halide,choose_hints,lu,60.723381,0.841,valid,4,EXTRALARGE,DOUBLE
halide,choose_hints,lu,1,61.264517,4,EXTRALARGE,DOUBLE
halide,choose_hints,lu,2,61.315584,4,EXTRALARGE,DOUBLE
halide,choose_hints,lu,3,60.952891,4,EXTRALARGE,DOUBLE
halide,choose_hints,lu,4,61.394361,4,EXTRALARGE,DOUBLE
halide,choose_hints,lu,5,61.304954,4,EXTRALARGE,DOUBLE
halide,choose_hints,ludcmp,,,compile_error,4,EXTRALARGE,DOUBLE
halide,choose_hints,mvt,0.083171,,validity_error,4,EXTRALARGE,DOUBLE
halide,choose_hints,nussinov,,,runtime_error,4,EXTRALARGE,DOUBLE
halide,choose_hints,seidel-2d,,,compile_error,4,EXTRALARGE,DOUBLE
halide,choose_hints,symm,0.203615,78.772,valid,4,EXTRALARGE,DOUBLE
halide,choose_hints,symm,1,0.189625,4,EXTRALARGE,DOUBLE
halide,choose_hints,symm,2,0.221840,4,EXTRALARGE,DOUBLE
halide,choose_hints,symm,3,0.197794,4,EXTRALARGE,DOUBLE
halide,choose_hints,symm,4,0.186980,4,EXTRALARGE,DOUBLE
halide,choose_hints,symm,5,0.250813,4,EXTRALARGE,DOUBLE
halide,choose_hints,syr2k,,,runtime_error,4,EXTRALARGE,DOUBLE
halide,choose_hints,syrk,0.113236,69.407,valid,4,EXTRALARGE,DOUBLE
halide,choose_hints,syrk,1,0.114541,4,EXTRALARGE,DOUBLE
halide,choose_hints,syrk,2,0.114753,4,EXTRALARGE,DOUBLE
halide,choose_hints,syrk,3,0.118494,4,EXTRALARGE,DOUBLE
halide,choose_hints,syrk,4,0.115596,4,EXTRALARGE,DOUBLE
halide,choose_hints,syrk,5,0.115145,4,EXTRALARGE,DOUBLE
halide,choose_hints,trisolv,0.015161,0.866,valid,4,EXTRALARGE,DOUBLE
halide,choose_hints,trisolv,1,0.015170,4,EXTRALARGE,DOUBLE
halide,choose_hints,trisolv,2,0.014793,4,EXTRALARGE,DOUBLE
halide,choose_hints,trisolv,3,0.014998,4,EXTRALARGE,DOUBLE
halide,choose_hints,trisolv,4,0.015858,4,EXTRALARGE,DOUBLE
halide,choose_hints,trisolv,5,0.015126,4,EXTRALARGE,DOUBLE
halide,choose_hints,trmm,,,compile_error,4,EXTRALARGE,DOUBLE
-- The CXX compiler identification is GNU 15.2.0
-- Detecting CXX compiler ABI info
-- Detecting CXX compiler ABI info - done
-- Check for working CXX compiler: /usr/local/latestgcc/bin/g++ - skipped
-- Detecting CXX compile features
-- Detecting CXX compile features - done
-- Found Python: /home/kleplj/choose_hints-xlarge/gpt-querying/.venv/bin/python3.9 (found suitable version "3.9.25", minimum required is "3") found components: Interpreter Development.Module
-- Halide 'host' platform triple:   x86-64-linux
-- Halide 'cmake' platform triple:  x86-64-linux
-- Halide default AOT target:       host
-- Found ZLIB: /usr/lib64/libz.so (found version "1.2.11")
-- Could NOT find PNG (missing: PNG_LIBRARY PNG_PNG_INCLUDE_DIR) 
-- Could NOT find JPEG (missing: JPEG_LIBRARY JPEG_INCLUDE_DIR) 
-- Configuring done (0.8s)
-- Generating done (0.8s)
-- Build files have been written to: /home/kleplj/choose_hints-xlarge/optimization/choose_hints/PolybenchC-Halide/build
[  3%] Building CXX object CMakeFiles/correlation.dir/datamining/correlation/correlation.cpp.o
[  8%] Building CXX object CMakeFiles/covariance.dir/datamining/covariance/covariance.cpp.o
[ 10%] Building CXX object CMakeFiles/gemm.dir/linear-algebra/blas/gemm/gemm.cpp.o
[ 10%] Building CXX object CMakeFiles/gemver.dir/linear-algebra/blas/gemver/gemver.cpp.o
[ 26%] Building CXX object CMakeFiles/doitgen.dir/linear-algebra/kernels/doitgen/doitgen.cpp.o
[ 26%] Building CXX object CMakeFiles/3mm.dir/linear-algebra/kernels/3mm/3mm.cpp.o
[ 26%] Building CXX object CMakeFiles/gesummv.dir/linear-algebra/blas/gesummv/gesummv.cpp.o
[ 26%] Building CXX object CMakeFiles/syrk.dir/linear-algebra/blas/syrk/syrk.cpp.o
[ 26%] Building CXX object CMakeFiles/trmm.dir/linear-algebra/blas/trmm/trmm.cpp.o
[ 26%] Building CXX object CMakeFiles/syr2k.dir/linear-algebra/blas/syr2k/syr2k.cpp.o
[ 26%] Building CXX object CMakeFiles/atax.dir/linear-algebra/kernels/atax/atax.cpp.o
[ 26%] Building CXX object CMakeFiles/2mm.dir/linear-algebra/kernels/2mm/2mm.cpp.o
[ 26%] Building CXX object CMakeFiles/symm.dir/linear-algebra/blas/symm/symm.cpp.o
[ 50%] Building CXX object CMakeFiles/cholesky.dir/linear-algebra/solvers/cholesky/cholesky.cpp.o
[ 50%] Building CXX object CMakeFiles/trisolv.dir/linear-algebra/solvers/trisolv/trisolv.cpp.o
[ 50%] Building CXX object CMakeFiles/nussinov.dir/medley/nussinov/nussinov.cpp.o
[ 50%] Building CXX object CMakeFiles/mvt.dir/linear-algebra/kernels/mvt/mvt.cpp.o
[ 50%] Building CXX object CMakeFiles/durbin.dir/linear-algebra/solvers/durbin/durbin.cpp.o
[ 50%] Building CXX object CMakeFiles/heat-3d.dir/stencils/heat-3d/heat-3d.cpp.o
[ 50%] Building CXX object CMakeFiles/lu.dir/linear-algebra/solvers/lu/lu.cpp.o
[ 50%] Building CXX object CMakeFiles/bicg.dir/linear-algebra/kernels/bicg/bicg.cpp.o
[ 50%] Building CXX object CMakeFiles/gramschmidt.dir/linear-algebra/solvers/gramschmidt/gramschmidt.cpp.o
[ 50%] Building CXX object CMakeFiles/fdtd-2d.dir/stencils/fdtd-2d/fdtd-2d.cpp.o
[ 50%] Building CXX object CMakeFiles/deriche.dir/medley/deriche/deriche.cpp.o
[ 50%] Building CXX object CMakeFiles/ludcmp.dir/linear-algebra/solvers/ludcmp/ludcmp.cpp.o
[ 50%] Building CXX object CMakeFiles/seidel-2d.dir/stencils/seidel-2d/seidel-2d.cpp.o
[ 50%] Building CXX object CMakeFiles/floyd-warshall.dir/medley/floyd-warshall/floyd-warshall.cpp.o
[ 50%] Building CXX object CMakeFiles/adi.dir/stencils/adi/adi.cpp.o
[ 50%] Building CXX object CMakeFiles/jacobi-2d.dir/stencils/jacobi-2d/jacobi-2d.cpp.o
[ 50%] Building CXX object CMakeFiles/jacobi-1d.dir/stencils/jacobi-1d/jacobi-1d.cpp.o
[ 51%] Linking CXX executable gemver
[ 53%] Linking CXX executable gramschmidt
[ 55%] Linking CXX executable covariance
[ 56%] Linking CXX executable deriche
[ 58%] Linking CXX executable floyd-warshall
[ 58%] Built target covariance
[ 58%] Built target deriche
[ 58%] Built target floyd-warshall
[ 60%] Linking CXX executable gemm
[ 61%] Linking CXX executable jacobi-1d
[ 63%] Linking CXX executable syr2k
[ 65%] Linking CXX executable 2mm
[ 65%] Built target gemm
[ 68%] Linking CXX executable symm
[ 68%] Linking CXX executable durbin
[ 68%] Built target jacobi-1d
[ 68%] Built target syr2k
[ 70%] Linking CXX executable heat-3d
[ 70%] Built target 2mm
[ 70%] Built target durbin
[ 70%] Built target symm
[ 70%] Built target heat-3d
[ 71%] Linking CXX executable correlation
[ 73%] Linking CXX executable atax
[ 75%] Linking CXX executable 3mm
[ 76%] Linking CXX executable lu
[ 78%] Linking CXX executable mvt
[ 78%] Built target correlation
[ 80%] Linking CXX executable gesummv
[ 80%] Built target atax
[ 80%] Built target 3mm
[ 80%] Built target lu
[ 80%] Built target mvt
[ 80%] Built target gesummv
[ 81%] Linking CXX executable doitgen
[ 83%] Built target doitgen
[ 83%] Linking CXX executable nussinov
[ 83%] Built target nussinov
[ 85%] Linking CXX executable fdtd-2d
[ 86%] Linking CXX executable ludcmp
[ 86%] Built target fdtd-2d
[ 86%] Built target ludcmp
halide,choose_hints,2mm,0.466664,55.402,valid,5,EXTRALARGE,DOUBLE
halide,choose_hints,2mm,1,0.462160,5,EXTRALARGE,DOUBLE
halide,choose_hints,2mm,2,0.461707,5,EXTRALARGE,DOUBLE
halide,choose_hints,2mm,3,0.465107,5,EXTRALARGE,DOUBLE
halide,choose_hints,2mm,4,0.451089,5,EXTRALARGE,DOUBLE
halide,choose_hints,2mm,5,0.461633,5,EXTRALARGE,DOUBLE
halide,choose_hints,3mm,,,runtime_error,5,EXTRALARGE,DOUBLE
halide,choose_hints,adi,,,compile_error,5,EXTRALARGE,DOUBLE
halide,choose_hints,atax,,,runtime_error,5,EXTRALARGE,DOUBLE
halide,choose_hints,bicg,,,compile_error,5,EXTRALARGE,DOUBLE
halide,choose_hints,cholesky,,,compile_error,5,EXTRALARGE,DOUBLE
halide,choose_hints,correlation,31.185691,,validity_error,5,EXTRALARGE,DOUBLE
halide,choose_hints,covariance,1.332208,15.299,valid,5,EXTRALARGE,DOUBLE
halide,choose_hints,covariance,1,1.351092,5,EXTRALARGE,DOUBLE
halide,choose_hints,covariance,2,1.317527,5,EXTRALARGE,DOUBLE
halide,choose_hints,covariance,3,1.316432,5,EXTRALARGE,DOUBLE
halide,choose_hints,covariance,4,1.328724,5,EXTRALARGE,DOUBLE
halide,choose_hints,covariance,5,1.346432,5,EXTRALARGE,DOUBLE
halide,choose_hints,deriche,1.983870,0.594,valid,5,EXTRALARGE,DOUBLE
halide,choose_hints,deriche,1,1.949515,5,EXTRALARGE,DOUBLE
halide,choose_hints,deriche,2,1.958109,5,EXTRALARGE,DOUBLE
halide,choose_hints,deriche,3,1.935078,5,EXTRALARGE,DOUBLE
halide,choose_hints,deriche,4,1.968125,5,EXTRALARGE,DOUBLE
halide,choose_hints,deriche,5,1.909860,5,EXTRALARGE,DOUBLE
halide,choose_hints,doitgen,,,runtime_error,5,EXTRALARGE,DOUBLE
halide,choose_hints,durbin,,,runtime_error,5,EXTRALARGE,DOUBLE
halide,choose_hints,fdtd-2d,40.437153,0.566,valid,5,EXTRALARGE,DOUBLE
halide,choose_hints,fdtd-2d,1,40.559592,5,EXTRALARGE,DOUBLE
halide,choose_hints,fdtd-2d,2,40.440603,5,EXTRALARGE,DOUBLE
halide,choose_hints,fdtd-2d,3,40.401002,5,EXTRALARGE,DOUBLE
halide,choose_hints,fdtd-2d,4,39.108410,5,EXTRALARGE,DOUBLE
halide,choose_hints,fdtd-2d,5,39.662167,5,EXTRALARGE,DOUBLE
halide,choose_hints,floyd-warshall,119.401993,1.487,valid,5,EXTRALARGE,DOUBLE
halide,choose_hints,floyd-warshall,1,120.976005,5,EXTRALARGE,DOUBLE
halide,choose_hints,floyd-warshall,2,123.045631,5,EXTRALARGE,DOUBLE
halide,choose_hints,floyd-warshall,3,125.561821,5,EXTRALARGE,DOUBLE
halide,choose_hints,floyd-warshall,4,120.491002,5,EXTRALARGE,DOUBLE
halide,choose_hints,floyd-warshall,5,125.931132,5,EXTRALARGE,DOUBLE
halide,choose_hints,gemm,,,runtime_error,5,EXTRALARGE,DOUBLE
halide,choose_hints,gemver,,,compile_error,5,EXTRALARGE,DOUBLE
halide,choose_hints,gesummv,,,runtime_error,5,EXTRALARGE,DOUBLE
halide,choose_hints,gramschmidt,,,compile_error,5,EXTRALARGE,DOUBLE
halide,choose_hints,heat-3d,278.596624,0.109,valid,5,EXTRALARGE,DOUBLE
halide,choose_hints,heat-3d,1,303.413487,5,EXTRALARGE,DOUBLE
halide,choose_hints,heat-3d,2,292.856022,5,EXTRALARGE,DOUBLE
halide,choose_hints,heat-3d,3,283.370036,5,EXTRALARGE,DOUBLE
halide,choose_hints,heat-3d,4,299.856261,5,EXTRALARGE,DOUBLE
halide,choose_hints,heat-3d,5,285.442317,5,EXTRALARGE,DOUBLE
halide,choose_hints,jacobi-1d,,,runtime_error,5,EXTRALARGE,DOUBLE
halide,choose_hints,jacobi-2d,,,compile_error,5,EXTRALARGE,DOUBLE
halide,choose_hints,lu,69.264241,0.735,valid,5,EXTRALARGE,DOUBLE
halide,choose_hints,lu,1,73.500334,5,EXTRALARGE,DOUBLE
halide,choose_hints,lu,2,69.549138,5,EXTRALARGE,DOUBLE
halide,choose_hints,lu,3,72.893116,5,EXTRALARGE,DOUBLE
halide,choose_hints,lu,4,71.560725,5,EXTRALARGE,DOUBLE
halide,choose_hints,lu,5,72.165319,5,EXTRALARGE,DOUBLE
halide,choose_hints,ludcmp,,,runtime_error,5,EXTRALARGE,DOUBLE
halide,choose_hints,mvt,,,runtime_error,5,EXTRALARGE,DOUBLE
halide,choose_hints,nussinov,,,runtime_error,5,EXTRALARGE,DOUBLE
halide,choose_hints,seidel-2d,,,compile_error,5,EXTRALARGE,DOUBLE
halide,choose_hints,symm,,,runtime_error,5,EXTRALARGE,DOUBLE
halide,choose_hints,syr2k,,,runtime_error,5,EXTRALARGE,DOUBLE
halide,choose_hints,syrk,,,compile_error,5,EXTRALARGE,DOUBLE
halide,choose_hints,trisolv,,,compile_error,5,EXTRALARGE,DOUBLE
halide,choose_hints,trmm,,,compile_error,5,EXTRALARGE,DOUBLE
Generated C for 'gemm' in /home/kleplj/choose_hints-xlarge/optimization/choose_hints/PolybenchC-Exo/build/generated/gemm
Built gemm executable.
Generated C for 'gemver' in /home/kleplj/choose_hints-xlarge/optimization/choose_hints/PolybenchC-Exo/build/generated/gemver
Built gemver executable.
Generated C for 'gesummv' in /home/kleplj/choose_hints-xlarge/optimization/choose_hints/PolybenchC-Exo/build/generated/gesummv
Built gesummv executable.
Generated C for 'syr2k' in /home/kleplj/choose_hints-xlarge/optimization/choose_hints/PolybenchC-Exo/build/generated/syr2k
Generated C for 'syrk' in /home/kleplj/choose_hints-xlarge/optimization/choose_hints/PolybenchC-Exo/build/generated/syrk
Built syrk executable.
Generated C for 'trmm' in /home/kleplj/choose_hints-xlarge/optimization/choose_hints/PolybenchC-Exo/build/generated/trmm
Generated C for '2mm' in /home/kleplj/choose_hints-xlarge/optimization/choose_hints/PolybenchC-Exo/build/generated/2mm
Built 2mm executable.
Generated C for '3mm' in /home/kleplj/choose_hints-xlarge/optimization/choose_hints/PolybenchC-Exo/build/generated/3mm
Built 3mm executable.
Generated C for 'atax' in /home/kleplj/choose_hints-xlarge/optimization/choose_hints/PolybenchC-Exo/build/generated/atax
Built atax executable.
Generated C for 'bicg' in /home/kleplj/choose_hints-xlarge/optimization/choose_hints/PolybenchC-Exo/build/generated/bicg
Built bicg executable.
Generated C for 'doitgen' in /home/kleplj/choose_hints-xlarge/optimization/choose_hints/PolybenchC-Exo/build/generated/doitgen
Built doitgen executable.
Generated C for 'mvt' in /home/kleplj/choose_hints-xlarge/optimization/choose_hints/PolybenchC-Exo/build/generated/mvt
Built mvt executable.
Generated C for 'cholesky' in /home/kleplj/choose_hints-xlarge/optimization/choose_hints/PolybenchC-Exo/build/generated/cholesky
Generated C for 'durbin' in /home/kleplj/choose_hints-xlarge/optimization/choose_hints/PolybenchC-Exo/build/generated/durbin
Built durbin executable.
Generated C for 'gramschmidt' in /home/kleplj/choose_hints-xlarge/optimization/choose_hints/PolybenchC-Exo/build/generated/gramschmidt
Built gramschmidt executable.
Generated C for 'lu' in /home/kleplj/choose_hints-xlarge/optimization/choose_hints/PolybenchC-Exo/build/generated/lu
Built lu executable.
Generated C for 'ludcmp' in /home/kleplj/choose_hints-xlarge/optimization/choose_hints/PolybenchC-Exo/build/generated/ludcmp
Built ludcmp executable.
Generated C for 'trisolv' in /home/kleplj/choose_hints-xlarge/optimization/choose_hints/PolybenchC-Exo/build/generated/trisolv
Built trisolv executable.
Generated C for 'correlation' in /home/kleplj/choose_hints-xlarge/optimization/choose_hints/PolybenchC-Exo/build/generated/correlation
Built correlation executable.
Generated C for 'covariance' in /home/kleplj/choose_hints-xlarge/optimization/choose_hints/PolybenchC-Exo/build/generated/covariance
Built covariance executable.
Generated C for 'adi' in /home/kleplj/choose_hints-xlarge/optimization/choose_hints/PolybenchC-Exo/build/generated/adi
Built adi executable.
Generated C for 'jacobi-1d' in /home/kleplj/choose_hints-xlarge/optimization/choose_hints/PolybenchC-Exo/build/generated/jacobi-1d
Built jacobi-1d executable.
Generated C for 'jacobi-2d' in /home/kleplj/choose_hints-xlarge/optimization/choose_hints/PolybenchC-Exo/build/generated/jacobi-2d
Built jacobi-2d executable.
Generated C for 'seidel-2d' in /home/kleplj/choose_hints-xlarge/optimization/choose_hints/PolybenchC-Exo/build/generated/seidel-2d
Built seidel-2d executable.
Generated C for 'floyd-warshall' in /home/kleplj/choose_hints-xlarge/optimization/choose_hints/PolybenchC-Exo/build/generated/floyd-warshall
Built floyd-warshall executable.
Generated C for 'nussinov' in /home/kleplj/choose_hints-xlarge/optimization/choose_hints/PolybenchC-Exo/build/generated/nussinov
Built nussinov executable.
Exo build complete. Generated sources in: /home/kleplj/choose_hints-xlarge/optimization/choose_hints/PolybenchC-Exo/build
Removing temp dir /tmp/slurm.303977/tmp.6EJ7OYG2dc
exo,choose_hints,2mm,0.611531,42.658,valid,1,EXTRALARGE,DOUBLE
exo,choose_hints,2mm,1,0.603196,1,EXTRALARGE,DOUBLE
exo,choose_hints,2mm,2,0.594707,1,EXTRALARGE,DOUBLE
exo,choose_hints,2mm,3,0.590995,1,EXTRALARGE,DOUBLE
exo,choose_hints,2mm,4,0.593250,1,EXTRALARGE,DOUBLE
exo,choose_hints,2mm,5,0.590937,1,EXTRALARGE,DOUBLE
exo,choose_hints,3mm,0.362895,118.822,valid,1,EXTRALARGE,DOUBLE
exo,choose_hints,3mm,1,0.365385,1,EXTRALARGE,DOUBLE
exo,choose_hints,3mm,2,0.364646,1,EXTRALARGE,DOUBLE
exo,choose_hints,3mm,3,0.362804,1,EXTRALARGE,DOUBLE
exo,choose_hints,3mm,4,0.359141,1,EXTRALARGE,DOUBLE
exo,choose_hints,3mm,5,0.366922,1,EXTRALARGE,DOUBLE
exo,choose_hints,adi,13.523298,6.331,valid,1,EXTRALARGE,DOUBLE
exo,choose_hints,adi,1,13.975415,1,EXTRALARGE,DOUBLE
exo,choose_hints,adi,2,9.937477,1,EXTRALARGE,DOUBLE
exo,choose_hints,adi,3,11.914171,1,EXTRALARGE,DOUBLE
exo,choose_hints,adi,4,13.045048,1,EXTRALARGE,DOUBLE
exo,choose_hints,adi,5,19.032335,1,EXTRALARGE,DOUBLE
exo,choose_hints,atax,0.002250,3.812,valid,1,EXTRALARGE,DOUBLE
exo,choose_hints,atax,1,0.002208,1,EXTRALARGE,DOUBLE
exo,choose_hints,atax,2,0.002250,1,EXTRALARGE,DOUBLE
exo,choose_hints,atax,3,0.002197,1,EXTRALARGE,DOUBLE
exo,choose_hints,atax,4,0.002146,1,EXTRALARGE,DOUBLE
exo,choose_hints,atax,5,0.002207,1,EXTRALARGE,DOUBLE
exo,choose_hints,bicg,0.006483,2.241,valid,1,EXTRALARGE,DOUBLE
exo,choose_hints,bicg,1,0.006582,1,EXTRALARGE,DOUBLE
exo,choose_hints,bicg,2,0.006478,1,EXTRALARGE,DOUBLE
exo,choose_hints,bicg,3,0.006505,1,EXTRALARGE,DOUBLE
exo,choose_hints,bicg,4,0.006494,1,EXTRALARGE,DOUBLE
exo,choose_hints,bicg,5,0.006499,1,EXTRALARGE,DOUBLE
exo,choose_hints,cholesky,,,compile_error,1,EXTRALARGE,DOUBLE
exo,choose_hints,correlation,1.095053,18.722,valid,1,EXTRALARGE,DOUBLE
exo,choose_hints,correlation,1,1.072207,1,EXTRALARGE,DOUBLE
exo,choose_hints,correlation,2,1.075333,1,EXTRALARGE,DOUBLE
exo,choose_hints,correlation,3,1.042381,1,EXTRALARGE,DOUBLE
exo,choose_hints,correlation,4,1.055291,1,EXTRALARGE,DOUBLE
exo,choose_hints,correlation,5,1.081449,1,EXTRALARGE,DOUBLE
exo,choose_hints,covariance,1.066267,19.273,valid,1,EXTRALARGE,DOUBLE
exo,choose_hints,covariance,1,1.050987,1,EXTRALARGE,DOUBLE
exo,choose_hints,covariance,2,1.098666,1,EXTRALARGE,DOUBLE
exo,choose_hints,covariance,3,1.036469,1,EXTRALARGE,DOUBLE
exo,choose_hints,covariance,4,1.044950,1,EXTRALARGE,DOUBLE
exo,choose_hints,covariance,5,1.087651,1,EXTRALARGE,DOUBLE
exo,choose_hints,deriche,,,compile_error,1,EXTRALARGE,DOUBLE
exo,choose_hints,doitgen,0.027545,200.638,valid,1,EXTRALARGE,DOUBLE
exo,choose_hints,doitgen,1,0.030782,1,EXTRALARGE,DOUBLE
exo,choose_hints,doitgen,2,0.027312,1,EXTRALARGE,DOUBLE
exo,choose_hints,doitgen,3,0.027088,1,EXTRALARGE,DOUBLE
exo,choose_hints,doitgen,4,0.027806,1,EXTRALARGE,DOUBLE
exo,choose_hints,doitgen,5,0.027386,1,EXTRALARGE,DOUBLE
exo,choose_hints,durbin,0.017008,0.961,valid,1,EXTRALARGE,DOUBLE
exo,choose_hints,durbin,1,0.017009,1,EXTRALARGE,DOUBLE
exo,choose_hints,durbin,2,0.017017,1,EXTRALARGE,DOUBLE
exo,choose_hints,durbin,3,0.017029,1,EXTRALARGE,DOUBLE
exo,choose_hints,durbin,4,0.017022,1,EXTRALARGE,DOUBLE
exo,choose_hints,durbin,5,0.017005,1,EXTRALARGE,DOUBLE
exo,choose_hints,fdtd-2d,,,compile_error,1,EXTRALARGE,DOUBLE
exo,choose_hints,floyd-warshall,49.162626,3.596,valid,1,EXTRALARGE,DOUBLE
exo,choose_hints,floyd-warshall,1,64.459069,1,EXTRALARGE,DOUBLE
exo,choose_hints,floyd-warshall,2,45.562387,1,EXTRALARGE,DOUBLE
exo,choose_hints,floyd-warshall,3,46.714709,1,EXTRALARGE,DOUBLE
exo,choose_hints,floyd-warshall,4,67.928620,1,EXTRALARGE,DOUBLE
exo,choose_hints,floyd-warshall,5,54.745054,1,EXTRALARGE,DOUBLE
exo,choose_hints,gemm,0.425850,16.606,valid,1,EXTRALARGE,DOUBLE
exo,choose_hints,gemm,1,0.424000,1,EXTRALARGE,DOUBLE
exo,choose_hints,gemm,2,0.423518,1,EXTRALARGE,DOUBLE
exo,choose_hints,gemm,3,0.417194,1,EXTRALARGE,DOUBLE
exo,choose_hints,gemm,4,0.424691,1,EXTRALARGE,DOUBLE
exo,choose_hints,gemm,5,0.426972,1,EXTRALARGE,DOUBLE
exo,choose_hints,gemver,0.019991,4.331,valid,1,EXTRALARGE,DOUBLE
exo,choose_hints,gemver,1,0.020320,1,EXTRALARGE,DOUBLE
exo,choose_hints,gemver,2,0.020057,1,EXTRALARGE,DOUBLE
exo,choose_hints,gemver,3,0.020072,1,EXTRALARGE,DOUBLE
exo,choose_hints,gemver,4,0.020401,1,EXTRALARGE,DOUBLE
exo,choose_hints,gemver,5,0.020750,1,EXTRALARGE,DOUBLE
exo,choose_hints,gesummv,0.005355,5.203,valid,1,EXTRALARGE,DOUBLE
exo,choose_hints,gesummv,1,0.005355,1,EXTRALARGE,DOUBLE
exo,choose_hints,gesummv,2,0.005340,1,EXTRALARGE,DOUBLE
exo,choose_hints,gesummv,3,0.005338,1,EXTRALARGE,DOUBLE
exo,choose_hints,gesummv,4,0.005338,1,EXTRALARGE,DOUBLE
exo,choose_hints,gesummv,5,0.005339,1,EXTRALARGE,DOUBLE
exo,choose_hints,gramschmidt,8.419806,,validity_error,1,EXTRALARGE,DOUBLE
exo,choose_hints,heat-3d,,,compile_error,1,EXTRALARGE,DOUBLE
exo,choose_hints,jacobi-1d,0.056147,0.078,valid,1,EXTRALARGE,DOUBLE
exo,choose_hints,jacobi-1d,1,0.056856,1,EXTRALARGE,DOUBLE
exo,choose_hints,jacobi-1d,2,0.055877,1,EXTRALARGE,DOUBLE
exo,choose_hints,jacobi-1d,3,0.055180,1,EXTRALARGE,DOUBLE
exo,choose_hints,jacobi-1d,4,0.055708,1,EXTRALARGE,DOUBLE
exo,choose_hints,jacobi-1d,5,0.055608,1,EXTRALARGE,DOUBLE
exo,choose_hints,jacobi-2d,5.881416,3.571,valid,1,EXTRALARGE,DOUBLE
exo,choose_hints,jacobi-2d,1,5.886963,1,EXTRALARGE,DOUBLE
exo,choose_hints,jacobi-2d,2,6.387872,1,EXTRALARGE,DOUBLE
exo,choose_hints,jacobi-2d,3,6.697877,1,EXTRALARGE,DOUBLE
exo,choose_hints,jacobi-2d,4,6.609845,1,EXTRALARGE,DOUBLE
exo,choose_hints,jacobi-2d,5,5.993753,1,EXTRALARGE,DOUBLE
exo,choose_hints,lu,32.846177,1.563,valid,1,EXTRALARGE,DOUBLE
exo,choose_hints,lu,1,32.818073,1,EXTRALARGE,DOUBLE
exo,choose_hints,lu,2,32.891348,1,EXTRALARGE,DOUBLE
exo,choose_hints,lu,3,32.827329,1,EXTRALARGE,DOUBLE
exo,choose_hints,lu,4,32.841487,1,EXTRALARGE,DOUBLE
exo,choose_hints,lu,5,32.842281,1,EXTRALARGE,DOUBLE
exo,choose_hints,ludcmp,48.109259,0.962,valid,1,EXTRALARGE,DOUBLE
exo,choose_hints,ludcmp,1,48.147653,1,EXTRALARGE,DOUBLE
exo,choose_hints,ludcmp,2,47.562219,1,EXTRALARGE,DOUBLE
exo,choose_hints,ludcmp,3,47.774128,1,EXTRALARGE,DOUBLE
exo,choose_hints,ludcmp,4,47.537291,1,EXTRALARGE,DOUBLE
exo,choose_hints,ludcmp,5,48.020984,1,EXTRALARGE,DOUBLE
exo,choose_hints,mvt,0.025557,2.783,valid,1,EXTRALARGE,DOUBLE
exo,choose_hints,mvt,1,0.025823,1,EXTRALARGE,DOUBLE
exo,choose_hints,mvt,2,0.025968,1,EXTRALARGE,DOUBLE
exo,choose_hints,mvt,3,0.025858,1,EXTRALARGE,DOUBLE
exo,choose_hints,mvt,4,0.025850,1,EXTRALARGE,DOUBLE
exo,choose_hints,mvt,5,0.025638,1,EXTRALARGE,DOUBLE
exo,choose_hints,nussinov,103.893483,1.039,valid,1,EXTRALARGE,DOUBLE
exo,choose_hints,nussinov,1,105.570757,1,EXTRALARGE,DOUBLE
exo,choose_hints,nussinov,2,104.395015,1,EXTRALARGE,DOUBLE
exo,choose_hints,nussinov,3,104.678244,1,EXTRALARGE,DOUBLE
exo,choose_hints,nussinov,4,105.429631,1,EXTRALARGE,DOUBLE
exo,choose_hints,nussinov,5,104.056968,1,EXTRALARGE,DOUBLE
exo,choose_hints,seidel-2d,246.557461,0.884,valid,1,EXTRALARGE,DOUBLE
exo,choose_hints,seidel-2d,1,246.555061,1,EXTRALARGE,DOUBLE
exo,choose_hints,seidel-2d,2,246.572252,1,EXTRALARGE,DOUBLE
exo,choose_hints,seidel-2d,3,246.565151,1,EXTRALARGE,DOUBLE
exo,choose_hints,seidel-2d,4,246.563438,1,EXTRALARGE,DOUBLE
exo,choose_hints,seidel-2d,5,246.545652,1,EXTRALARGE,DOUBLE
exo,choose_hints,symm,,,compile_error,1,EXTRALARGE,DOUBLE
exo,choose_hints,syr2k,,,compile_error,1,EXTRALARGE,DOUBLE
exo,choose_hints,syrk,0.739913,10.716,valid,1,EXTRALARGE,DOUBLE
exo,choose_hints,syrk,1,0.734428,1,EXTRALARGE,DOUBLE
exo,choose_hints,syrk,2,0.751793,1,EXTRALARGE,DOUBLE
exo,choose_hints,syrk,3,0.739580,1,EXTRALARGE,DOUBLE
exo,choose_hints,syrk,4,0.735061,1,EXTRALARGE,DOUBLE
exo,choose_hints,syrk,5,0.750799,1,EXTRALARGE,DOUBLE
exo,choose_hints,trisolv,0.012955,0.995,valid,1,EXTRALARGE,DOUBLE
exo,choose_hints,trisolv,1,0.012883,1,EXTRALARGE,DOUBLE
exo,choose_hints,trisolv,2,0.012926,1,EXTRALARGE,DOUBLE
exo,choose_hints,trisolv,3,0.013139,1,EXTRALARGE,DOUBLE
exo,choose_hints,trisolv,4,0.013021,1,EXTRALARGE,DOUBLE
exo,choose_hints,trisolv,5,0.012951,1,EXTRALARGE,DOUBLE
exo,choose_hints,trmm,,,compile_error,1,EXTRALARGE,DOUBLE
Generated C for 'gemm' in /home/kleplj/choose_hints-xlarge/optimization/choose_hints/PolybenchC-Exo/build/generated/gemm
Built gemm executable.
Generated C for 'gemver' in /home/kleplj/choose_hints-xlarge/optimization/choose_hints/PolybenchC-Exo/build/generated/gemver
Built gemver executable.
Generated C for 'gesummv' in /home/kleplj/choose_hints-xlarge/optimization/choose_hints/PolybenchC-Exo/build/generated/gesummv
Generated C for 'symm' in /home/kleplj/choose_hints-xlarge/optimization/choose_hints/PolybenchC-Exo/build/generated/symm
Built symm executable.
Generated C for 'syr2k' in /home/kleplj/choose_hints-xlarge/optimization/choose_hints/PolybenchC-Exo/build/generated/syr2k
Built syr2k executable.
Generated C for 'syrk' in /home/kleplj/choose_hints-xlarge/optimization/choose_hints/PolybenchC-Exo/build/generated/syrk
Built syrk executable.
Generated C for 'trmm' in /home/kleplj/choose_hints-xlarge/optimization/choose_hints/PolybenchC-Exo/build/generated/trmm
Built trmm executable.
Generated C for '2mm' in /home/kleplj/choose_hints-xlarge/optimization/choose_hints/PolybenchC-Exo/build/generated/2mm
Built 2mm executable.
Generated C for '3mm' in /home/kleplj/choose_hints-xlarge/optimization/choose_hints/PolybenchC-Exo/build/generated/3mm
Built 3mm executable.
Generated C for 'atax' in /home/kleplj/choose_hints-xlarge/optimization/choose_hints/PolybenchC-Exo/build/generated/atax
Built atax executable.
Generated C for 'bicg' in /home/kleplj/choose_hints-xlarge/optimization/choose_hints/PolybenchC-Exo/build/generated/bicg
Built bicg executable.
Generated C for 'doitgen' in /home/kleplj/choose_hints-xlarge/optimization/choose_hints/PolybenchC-Exo/build/generated/doitgen
Built doitgen executable.
Generated C for 'mvt' in /home/kleplj/choose_hints-xlarge/optimization/choose_hints/PolybenchC-Exo/build/generated/mvt
Built mvt executable.
Generated C for 'cholesky' in /home/kleplj/choose_hints-xlarge/optimization/choose_hints/PolybenchC-Exo/build/generated/cholesky
Built cholesky executable.
Generated C for 'durbin' in /home/kleplj/choose_hints-xlarge/optimization/choose_hints/PolybenchC-Exo/build/generated/durbin
Built durbin executable.
Generated C for 'gramschmidt' in /home/kleplj/choose_hints-xlarge/optimization/choose_hints/PolybenchC-Exo/build/generated/gramschmidt
Built gramschmidt executable.
Generated C for 'lu' in /home/kleplj/choose_hints-xlarge/optimization/choose_hints/PolybenchC-Exo/build/generated/lu
Built lu executable.
Generated C for 'trisolv' in /home/kleplj/choose_hints-xlarge/optimization/choose_hints/PolybenchC-Exo/build/generated/trisolv
Built trisolv executable.
Generated C for 'correlation' in /home/kleplj/choose_hints-xlarge/optimization/choose_hints/PolybenchC-Exo/build/generated/correlation
Built correlation executable.
Generated C for 'covariance' in /home/kleplj/choose_hints-xlarge/optimization/choose_hints/PolybenchC-Exo/build/generated/covariance
Built covariance executable.
Generated C for 'adi' in /home/kleplj/choose_hints-xlarge/optimization/choose_hints/PolybenchC-Exo/build/generated/adi
Built adi executable.
Generated C for 'jacobi-2d' in /home/kleplj/choose_hints-xlarge/optimization/choose_hints/PolybenchC-Exo/build/generated/jacobi-2d
Built jacobi-2d executable.
Generated C for 'deriche' in /home/kleplj/choose_hints-xlarge/optimization/choose_hints/PolybenchC-Exo/build/generated/deriche
Built deriche executable.
Generated C for 'nussinov' in /home/kleplj/choose_hints-xlarge/optimization/choose_hints/PolybenchC-Exo/build/generated/nussinov
Built nussinov executable.
Exo build complete. Generated sources in: /home/kleplj/choose_hints-xlarge/optimization/choose_hints/PolybenchC-Exo/build
Removing temp dir /tmp/slurm.303977/tmp.zaHHItGzlu
exo,choose_hints,2mm,0.400314,64.695,valid,2,EXTRALARGE,DOUBLE
exo,choose_hints,2mm,1,0.400521,2,EXTRALARGE,DOUBLE
exo,choose_hints,2mm,2,0.406054,2,EXTRALARGE,DOUBLE
exo,choose_hints,2mm,3,0.399157,2,EXTRALARGE,DOUBLE
exo,choose_hints,2mm,4,0.398445,2,EXTRALARGE,DOUBLE
exo,choose_hints,2mm,5,0.398923,2,EXTRALARGE,DOUBLE
exo,choose_hints,3mm,0.349825,123.316,valid,2,EXTRALARGE,DOUBLE
exo,choose_hints,3mm,1,0.343692,2,EXTRALARGE,DOUBLE
exo,choose_hints,3mm,2,0.342244,2,EXTRALARGE,DOUBLE
exo,choose_hints,3mm,3,0.344736,2,EXTRALARGE,DOUBLE
exo,choose_hints,3mm,4,0.350183,2,EXTRALARGE,DOUBLE
exo,choose_hints,3mm,5,0.345057,2,EXTRALARGE,DOUBLE
exo,choose_hints,adi,11.580201,7.385,valid,2,EXTRALARGE,DOUBLE
exo,choose_hints,adi,1,14.723881,2,EXTRALARGE,DOUBLE
exo,choose_hints,adi,2,12.932758,2,EXTRALARGE,DOUBLE
exo,choose_hints,adi,3,10.760582,2,EXTRALARGE,DOUBLE
exo,choose_hints,adi,4,12.840739,2,EXTRALARGE,DOUBLE
exo,choose_hints,adi,5,13.701553,2,EXTRALARGE,DOUBLE
exo,choose_hints,atax,0.004980,1.736,valid,2,EXTRALARGE,DOUBLE
exo,choose_hints,atax,1,0.004909,2,EXTRALARGE,DOUBLE
exo,choose_hints,atax,2,0.004938,2,EXTRALARGE,DOUBLE
exo,choose_hints,atax,3,0.004949,2,EXTRALARGE,DOUBLE
exo,choose_hints,atax,4,0.004910,2,EXTRALARGE,DOUBLE
exo,choose_hints,atax,5,0.004893,2,EXTRALARGE,DOUBLE
exo,choose_hints,bicg,0.007021,2.067,valid,2,EXTRALARGE,DOUBLE
exo,choose_hints,bicg,1,0.006875,2,EXTRALARGE,DOUBLE
exo,choose_hints,bicg,2,0.006900,2,EXTRALARGE,DOUBLE
exo,choose_hints,bicg,3,0.006732,2,EXTRALARGE,DOUBLE
exo,choose_hints,bicg,4,0.006799,2,EXTRALARGE,DOUBLE
exo,choose_hints,bicg,5,0.007005,2,EXTRALARGE,DOUBLE
exo,choose_hints,cholesky,16.164112,1.008,valid,2,EXTRALARGE,DOUBLE
exo,choose_hints,cholesky,1,16.195577,2,EXTRALARGE,DOUBLE
exo,choose_hints,cholesky,2,16.203608,2,EXTRALARGE,DOUBLE
exo,choose_hints,cholesky,3,16.180957,2,EXTRALARGE,DOUBLE
exo,choose_hints,cholesky,4,16.179069,2,EXTRALARGE,DOUBLE
exo,choose_hints,cholesky,5,16.230108,2,EXTRALARGE,DOUBLE
exo,choose_hints,correlation,1.045325,19.591,valid,2,EXTRALARGE,DOUBLE
exo,choose_hints,correlation,1,1.032431,2,EXTRALARGE,DOUBLE
exo,choose_hints,correlation,2,1.034300,2,EXTRALARGE,DOUBLE
exo,choose_hints,correlation,3,1.011413,2,EXTRALARGE,DOUBLE
exo,choose_hints,correlation,4,1.046399,2,EXTRALARGE,DOUBLE
exo,choose_hints,correlation,5,1.008237,2,EXTRALARGE,DOUBLE
exo,choose_hints,covariance,6.363006,3.196,valid,2,EXTRALARGE,DOUBLE
exo,choose_hints,covariance,1,6.369641,2,EXTRALARGE,DOUBLE
exo,choose_hints,covariance,2,6.525053,2,EXTRALARGE,DOUBLE
exo,choose_hints,covariance,3,6.303732,2,EXTRALARGE,DOUBLE
exo,choose_hints,covariance,4,6.373555,2,EXTRALARGE,DOUBLE
exo,choose_hints,covariance,5,6.519333,2,EXTRALARGE,DOUBLE
exo,choose_hints,deriche,0.224376,5.226,valid,2,EXTRALARGE,DOUBLE
exo,choose_hints,deriche,1,0.224617,2,EXTRALARGE,DOUBLE
exo,choose_hints,deriche,2,0.226231,2,EXTRALARGE,DOUBLE
exo,choose_hints,deriche,3,0.227792,2,EXTRALARGE,DOUBLE
exo,choose_hints,deriche,4,0.224810,2,EXTRALARGE,DOUBLE
exo,choose_hints,deriche,5,0.226408,2,EXTRALARGE,DOUBLE
exo,choose_hints,doitgen,0.027574,199.896,valid,2,EXTRALARGE,DOUBLE
exo,choose_hints,doitgen,1,0.026273,2,EXTRALARGE,DOUBLE
exo,choose_hints,doitgen,2,0.027096,2,EXTRALARGE,DOUBLE
exo,choose_hints,doitgen,3,0.027700,2,EXTRALARGE,DOUBLE
exo,choose_hints,doitgen,4,0.028012,2,EXTRALARGE,DOUBLE
exo,choose_hints,doitgen,5,0.027492,2,EXTRALARGE,DOUBLE
exo,choose_hints,durbin,0.024925,0.644,valid,2,EXTRALARGE,DOUBLE
exo,choose_hints,durbin,1,0.025225,2,EXTRALARGE,DOUBLE
exo,choose_hints,durbin,2,0.025273,2,EXTRALARGE,DOUBLE
exo,choose_hints,durbin,3,0.025272,2,EXTRALARGE,DOUBLE
exo,choose_hints,durbin,4,0.025282,2,EXTRALARGE,DOUBLE
exo,choose_hints,durbin,5,0.025258,2,EXTRALARGE,DOUBLE
exo,choose_hints,fdtd-2d,,,compile_error,2,EXTRALARGE,DOUBLE
exo,choose_hints,floyd-warshall,,,compile_error,2,EXTRALARGE,DOUBLE
exo,choose_hints,gemm,0.436893,16.196,valid,2,EXTRALARGE,DOUBLE
exo,choose_hints,gemm,1,0.440196,2,EXTRALARGE,DOUBLE
exo,choose_hints,gemm,2,0.441254,2,EXTRALARGE,DOUBLE
exo,choose_hints,gemm,3,0.431102,2,EXTRALARGE,DOUBLE
exo,choose_hints,gemm,4,0.436614,2,EXTRALARGE,DOUBLE
exo,choose_hints,gemm,5,0.436938,2,EXTRALARGE,DOUBLE
exo,choose_hints,gemver,0.024788,3.572,valid,2,EXTRALARGE,DOUBLE
exo,choose_hints,gemver,1,0.024797,2,EXTRALARGE,DOUBLE
exo,choose_hints,gemver,2,0.024645,2,EXTRALARGE,DOUBLE
exo,choose_hints,gemver,3,0.024487,2,EXTRALARGE,DOUBLE
exo,choose_hints,gemver,4,0.024526,2,EXTRALARGE,DOUBLE
exo,choose_hints,gemver,5,0.024535,2,EXTRALARGE,DOUBLE
exo,choose_hints,gesummv,,,compile_error,2,EXTRALARGE,DOUBLE
exo,choose_hints,gramschmidt,23.835150,,validity_error,2,EXTRALARGE,DOUBLE
exo,choose_hints,heat-3d,,,compile_error,2,EXTRALARGE,DOUBLE
exo,choose_hints,jacobi-1d,,,compile_error,2,EXTRALARGE,DOUBLE
exo,choose_hints,jacobi-2d,6.124132,3.346,valid,2,EXTRALARGE,DOUBLE
exo,choose_hints,jacobi-2d,1,6.475644,2,EXTRALARGE,DOUBLE
exo,choose_hints,jacobi-2d,2,6.037048,2,EXTRALARGE,DOUBLE
exo,choose_hints,jacobi-2d,3,6.702668,2,EXTRALARGE,DOUBLE
exo,choose_hints,jacobi-2d,4,6.214480,2,EXTRALARGE,DOUBLE
exo,choose_hints,jacobi-2d,5,7.000344,2,EXTRALARGE,DOUBLE
exo,choose_hints,lu,34.961534,1.468,valid,2,EXTRALARGE,DOUBLE
exo,choose_hints,lu,1,29.002689,2,EXTRALARGE,DOUBLE
exo,choose_hints,lu,2,29.231929,2,EXTRALARGE,DOUBLE
exo,choose_hints,lu,3,29.137005,2,EXTRALARGE,DOUBLE
exo,choose_hints,lu,4,29.574786,2,EXTRALARGE,DOUBLE
exo,choose_hints,lu,5,31.720994,2,EXTRALARGE,DOUBLE
exo,choose_hints,ludcmp,,,compile_error,2,EXTRALARGE,DOUBLE
exo,choose_hints,mvt,0.025793,2.766,valid,2,EXTRALARGE,DOUBLE
exo,choose_hints,mvt,1,0.025729,2,EXTRALARGE,DOUBLE
exo,choose_hints,mvt,2,0.025600,2,EXTRALARGE,DOUBLE
exo,choose_hints,mvt,3,0.025567,2,EXTRALARGE,DOUBLE
exo,choose_hints,mvt,4,0.025656,2,EXTRALARGE,DOUBLE
exo,choose_hints,mvt,5,0.025754,2,EXTRALARGE,DOUBLE
exo,choose_hints,nussinov,6.431334,16.614,valid,2,EXTRALARGE,DOUBLE
exo,choose_hints,nussinov,1,5.858955,2,EXTRALARGE,DOUBLE
exo,choose_hints,nussinov,2,7.293774,2,EXTRALARGE,DOUBLE
exo,choose_hints,nussinov,3,5.667408,2,EXTRALARGE,DOUBLE
exo,choose_hints,nussinov,4,5.422542,2,EXTRALARGE,DOUBLE
exo,choose_hints,nussinov,5,5.946166,2,EXTRALARGE,DOUBLE
exo,choose_hints,seidel-2d,,,compile_error,2,EXTRALARGE,DOUBLE
exo,choose_hints,symm,9.427535,1.713,valid,2,EXTRALARGE,DOUBLE
exo,choose_hints,symm,1,9.506471,2,EXTRALARGE,DOUBLE
exo,choose_hints,symm,2,9.483370,2,EXTRALARGE,DOUBLE
exo,choose_hints,symm,3,9.511450,2,EXTRALARGE,DOUBLE
exo,choose_hints,symm,4,9.497746,2,EXTRALARGE,DOUBLE
exo,choose_hints,symm,5,9.492021,2,EXTRALARGE,DOUBLE
exo,choose_hints,syr2k,0.891969,24.334,valid,2,EXTRALARGE,DOUBLE
exo,choose_hints,syr2k,1,0.893454,2,EXTRALARGE,DOUBLE
exo,choose_hints,syr2k,2,0.888831,2,EXTRALARGE,DOUBLE
exo,choose_hints,syr2k,3,0.919701,2,EXTRALARGE,DOUBLE
exo,choose_hints,syr2k,4,0.897022,2,EXTRALARGE,DOUBLE
exo,choose_hints,syr2k,5,0.907832,2,EXTRALARGE,DOUBLE
exo,choose_hints,syrk,0.790229,10.066,valid,2,EXTRALARGE,DOUBLE
exo,choose_hints,syrk,1,0.789268,2,EXTRALARGE,DOUBLE
exo,choose_hints,syrk,2,0.801043,2,EXTRALARGE,DOUBLE
exo,choose_hints,syrk,3,0.794320,2,EXTRALARGE,DOUBLE
exo,choose_hints,syrk,4,0.803013,2,EXTRALARGE,DOUBLE
exo,choose_hints,syrk,5,0.797456,2,EXTRALARGE,DOUBLE
exo,choose_hints,trisolv,0.012812,1.023,valid,2,EXTRALARGE,DOUBLE
exo,choose_hints,trisolv,1,0.012988,2,EXTRALARGE,DOUBLE
exo,choose_hints,trisolv,2,0.012849,2,EXTRALARGE,DOUBLE
exo,choose_hints,trisolv,3,0.012951,2,EXTRALARGE,DOUBLE
exo,choose_hints,trisolv,4,0.013098,2,EXTRALARGE,DOUBLE
exo,choose_hints,trisolv,5,0.012858,2,EXTRALARGE,DOUBLE
exo,choose_hints,trmm,4.496953,2.140,valid,2,EXTRALARGE,DOUBLE
exo,choose_hints,trmm,1,4.509172,2,EXTRALARGE,DOUBLE
exo,choose_hints,trmm,2,4.475699,2,EXTRALARGE,DOUBLE
exo,choose_hints,trmm,3,4.463864,2,EXTRALARGE,DOUBLE
exo,choose_hints,trmm,4,4.476065,2,EXTRALARGE,DOUBLE
exo,choose_hints,trmm,5,4.477180,2,EXTRALARGE,DOUBLE
Generated C for 'gesummv' in /home/kleplj/choose_hints-xlarge/optimization/choose_hints/PolybenchC-Exo/build/generated/gesummv
Built gesummv executable.
Generated C for 'symm' in /home/kleplj/choose_hints-xlarge/optimization/choose_hints/PolybenchC-Exo/build/generated/symm
Built symm executable.
Generated C for 'syr2k' in /home/kleplj/choose_hints-xlarge/optimization/choose_hints/PolybenchC-Exo/build/generated/syr2k
Built syr2k executable.
Generated C for '2mm' in /home/kleplj/choose_hints-xlarge/optimization/choose_hints/PolybenchC-Exo/build/generated/2mm
Built 2mm executable.
Generated C for '3mm' in /home/kleplj/choose_hints-xlarge/optimization/choose_hints/PolybenchC-Exo/build/generated/3mm
Built 3mm executable.
Generated C for 'atax' in /home/kleplj/choose_hints-xlarge/optimization/choose_hints/PolybenchC-Exo/build/generated/atax
Built atax executable.
Generated C for 'doitgen' in /home/kleplj/choose_hints-xlarge/optimization/choose_hints/PolybenchC-Exo/build/generated/doitgen
Built doitgen executable.
Generated C for 'mvt' in /home/kleplj/choose_hints-xlarge/optimization/choose_hints/PolybenchC-Exo/build/generated/mvt
Built mvt executable.
Generated C for 'cholesky' in /home/kleplj/choose_hints-xlarge/optimization/choose_hints/PolybenchC-Exo/build/generated/cholesky
Built cholesky executable.
Generated C for 'durbin' in /home/kleplj/choose_hints-xlarge/optimization/choose_hints/PolybenchC-Exo/build/generated/durbin
Built durbin executable.
Generated C for 'gramschmidt' in /home/kleplj/choose_hints-xlarge/optimization/choose_hints/PolybenchC-Exo/build/generated/gramschmidt
Built gramschmidt executable.
Generated C for 'lu' in /home/kleplj/choose_hints-xlarge/optimization/choose_hints/PolybenchC-Exo/build/generated/lu
Built lu executable.
Generated C for 'ludcmp' in /home/kleplj/choose_hints-xlarge/optimization/choose_hints/PolybenchC-Exo/build/generated/ludcmp
Built ludcmp executable.
Generated C for 'trisolv' in /home/kleplj/choose_hints-xlarge/optimization/choose_hints/PolybenchC-Exo/build/generated/trisolv
Built trisolv executable.
Generated C for 'correlation' in /home/kleplj/choose_hints-xlarge/optimization/choose_hints/PolybenchC-Exo/build/generated/correlation
Built correlation executable.
Generated C for 'covariance' in /home/kleplj/choose_hints-xlarge/optimization/choose_hints/PolybenchC-Exo/build/generated/covariance
Built covariance executable.
Generated C for 'adi' in /home/kleplj/choose_hints-xlarge/optimization/choose_hints/PolybenchC-Exo/build/generated/adi
Built adi executable.
Generated C for 'heat-3d' in /home/kleplj/choose_hints-xlarge/optimization/choose_hints/PolybenchC-Exo/build/generated/heat-3d
Built heat-3d executable.
Generated C for 'jacobi-1d' in /home/kleplj/choose_hints-xlarge/optimization/choose_hints/PolybenchC-Exo/build/generated/jacobi-1d
Built jacobi-1d executable.
Generated C for 'nussinov' in /home/kleplj/choose_hints-xlarge/optimization/choose_hints/PolybenchC-Exo/build/generated/nussinov
Built nussinov executable.
Exo build complete. Generated sources in: /home/kleplj/choose_hints-xlarge/optimization/choose_hints/PolybenchC-Exo/build
Removing temp dir /tmp/slurm.303977/tmp.zXusJfGxdf
exo,choose_hints,2mm,0.214272,120.462,valid,3,EXTRALARGE,DOUBLE
exo,choose_hints,2mm,1,0.215263,3,EXTRALARGE,DOUBLE
exo,choose_hints,2mm,2,0.209039,3,EXTRALARGE,DOUBLE
exo,choose_hints,2mm,3,0.213584,3,EXTRALARGE,DOUBLE
exo,choose_hints,2mm,4,0.214118,3,EXTRALARGE,DOUBLE
exo,choose_hints,2mm,5,0.209181,3,EXTRALARGE,DOUBLE
exo,choose_hints,3mm,0.357030,119.751,valid,3,EXTRALARGE,DOUBLE
exo,choose_hints,3mm,1,0.353901,3,EXTRALARGE,DOUBLE
exo,choose_hints,3mm,2,0.359967,3,EXTRALARGE,DOUBLE
exo,choose_hints,3mm,3,0.349335,3,EXTRALARGE,DOUBLE
exo,choose_hints,3mm,4,0.352717,3,EXTRALARGE,DOUBLE
exo,choose_hints,3mm,5,0.353744,3,EXTRALARGE,DOUBLE
exo,choose_hints,adi,10.292281,,validity_error,3,EXTRALARGE,DOUBLE
exo,choose_hints,atax,0.019168,0.450,valid,3,EXTRALARGE,DOUBLE
exo,choose_hints,atax,1,0.019199,3,EXTRALARGE,DOUBLE
exo,choose_hints,atax,2,0.019233,3,EXTRALARGE,DOUBLE
exo,choose_hints,atax,3,0.019234,3,EXTRALARGE,DOUBLE
exo,choose_hints,atax,4,0.019232,3,EXTRALARGE,DOUBLE
exo,choose_hints,atax,5,0.019300,3,EXTRALARGE,DOUBLE
exo,choose_hints,bicg,,,compile_error,3,EXTRALARGE,DOUBLE
exo,choose_hints,cholesky,16.209143,1.004,valid,3,EXTRALARGE,DOUBLE
exo,choose_hints,cholesky,1,16.235191,3,EXTRALARGE,DOUBLE
exo,choose_hints,cholesky,2,16.206138,3,EXTRALARGE,DOUBLE
exo,choose_hints,cholesky,3,16.258990,3,EXTRALARGE,DOUBLE
exo,choose_hints,cholesky,4,16.194603,3,EXTRALARGE,DOUBLE
exo,choose_hints,cholesky,5,16.250879,3,EXTRALARGE,DOUBLE
exo,choose_hints,correlation,1.057224,19.382,valid,3,EXTRALARGE,DOUBLE
exo,choose_hints,correlation,1,1.098810,3,EXTRALARGE,DOUBLE
exo,choose_hints,correlation,2,1.084430,3,EXTRALARGE,DOUBLE
exo,choose_hints,correlation,3,1.049507,3,EXTRALARGE,DOUBLE
exo,choose_hints,correlation,4,1.071645,3,EXTRALARGE,DOUBLE
exo,choose_hints,correlation,5,1.096954,3,EXTRALARGE,DOUBLE
exo,choose_hints,covariance,1.037262,19.746,valid,3,EXTRALARGE,DOUBLE
exo,choose_hints,covariance,1,1.036396,3,EXTRALARGE,DOUBLE
exo,choose_hints,covariance,2,1.039253,3,EXTRALARGE,DOUBLE
exo,choose_hints,covariance,3,1.070048,3,EXTRALARGE,DOUBLE
exo,choose_hints,covariance,4,1.060250,3,EXTRALARGE,DOUBLE
exo,choose_hints,covariance,5,1.033656,3,EXTRALARGE,DOUBLE
exo,choose_hints,deriche,,,compile_error,3,EXTRALARGE,DOUBLE
exo,choose_hints,doitgen,0.027957,196.685,valid,3,EXTRALARGE,DOUBLE
exo,choose_hints,doitgen,1,0.027418,3,EXTRALARGE,DOUBLE
exo,choose_hints,doitgen,2,0.027754,3,EXTRALARGE,DOUBLE
exo,choose_hints,doitgen,3,0.028009,3,EXTRALARGE,DOUBLE
exo,choose_hints,doitgen,4,0.027499,3,EXTRALARGE,DOUBLE
exo,choose_hints,doitgen,5,0.026482,3,EXTRALARGE,DOUBLE
exo,choose_hints,durbin,0.023185,0.772,valid,3,EXTRALARGE,DOUBLE
exo,choose_hints,durbin,1,0.022875,3,EXTRALARGE,DOUBLE
exo,choose_hints,durbin,2,0.023059,3,EXTRALARGE,DOUBLE
exo,choose_hints,durbin,3,0.023061,3,EXTRALARGE,DOUBLE
exo,choose_hints,durbin,4,0.023109,3,EXTRALARGE,DOUBLE
exo,choose_hints,durbin,5,0.022941,3,EXTRALARGE,DOUBLE
exo,choose_hints,fdtd-2d,,,compile_error,3,EXTRALARGE,DOUBLE
exo,choose_hints,floyd-warshall,,,compile_error,3,EXTRALARGE,DOUBLE
exo,choose_hints,gemm,,,compile_error,3,EXTRALARGE,DOUBLE
exo,choose_hints,gemver,,,compile_error,3,EXTRALARGE,DOUBLE
exo,choose_hints,gesummv,0.005346,5.204,valid,3,EXTRALARGE,DOUBLE
exo,choose_hints,gesummv,1,0.005352,3,EXTRALARGE,DOUBLE
exo,choose_hints,gesummv,2,0.005350,3,EXTRALARGE,DOUBLE
exo,choose_hints,gesummv,3,0.005347,3,EXTRALARGE,DOUBLE
exo,choose_hints,gesummv,4,0.005344,3,EXTRALARGE,DOUBLE
exo,choose_hints,gesummv,5,0.005340,3,EXTRALARGE,DOUBLE
exo,choose_hints,gramschmidt,9.332795,,validity_error,3,EXTRALARGE,DOUBLE
exo,choose_hints,heat-3d,13.363386,2.270,valid,3,EXTRALARGE,DOUBLE
exo,choose_hints,heat-3d,1,13.653577,3,EXTRALARGE,DOUBLE
exo,choose_hints,heat-3d,2,13.702743,3,EXTRALARGE,DOUBLE
exo,choose_hints,heat-3d,3,16.774903,3,EXTRALARGE,DOUBLE
exo,choose_hints,heat-3d,4,14.855710,3,EXTRALARGE,DOUBLE
exo,choose_hints,heat-3d,5,14.508735,3,EXTRALARGE,DOUBLE
exo,choose_hints,jacobi-1d,0.056236,0.077,valid,3,EXTRALARGE,DOUBLE
exo,choose_hints,jacobi-1d,1,0.056940,3,EXTRALARGE,DOUBLE
exo,choose_hints,jacobi-1d,2,0.055041,3,EXTRALARGE,DOUBLE
exo,choose_hints,jacobi-1d,3,0.056446,3,EXTRALARGE,DOUBLE
exo,choose_hints,jacobi-1d,4,0.054392,3,EXTRALARGE,DOUBLE
exo,choose_hints,jacobi-1d,5,0.056574,3,EXTRALARGE,DOUBLE
exo,choose_hints,jacobi-2d,,,compile_error,3,EXTRALARGE,DOUBLE
exo,choose_hints,lu,51.407933,0.988,valid,3,EXTRALARGE,DOUBLE
exo,choose_hints,lu,1,52.134700,3,EXTRALARGE,DOUBLE
exo,choose_hints,lu,2,51.880458,3,EXTRALARGE,DOUBLE
exo,choose_hints,lu,3,52.170450,3,EXTRALARGE,DOUBLE
exo,choose_hints,lu,4,51.403420,3,EXTRALARGE,DOUBLE
exo,choose_hints,lu,5,52.078791,3,EXTRALARGE,DOUBLE
exo,choose_hints,ludcmp,29.585924,1.577,valid,3,EXTRALARGE,DOUBLE
exo,choose_hints,ludcmp,1,29.006235,3,EXTRALARGE,DOUBLE
exo,choose_hints,ludcmp,2,34.285660,3,EXTRALARGE,DOUBLE
exo,choose_hints,ludcmp,3,29.032622,3,EXTRALARGE,DOUBLE
exo,choose_hints,ludcmp,4,29.114028,3,EXTRALARGE,DOUBLE
exo,choose_hints,ludcmp,5,29.441828,3,EXTRALARGE,DOUBLE
exo,choose_hints,mvt,0.014326,5.033,valid,3,EXTRALARGE,DOUBLE
exo,choose_hints,mvt,1,0.014529,3,EXTRALARGE,DOUBLE
exo,choose_hints,mvt,2,0.014343,3,EXTRALARGE,DOUBLE
exo,choose_hints,mvt,3,0.014395,3,EXTRALARGE,DOUBLE
exo,choose_hints,mvt,4,0.014338,3,EXTRALARGE,DOUBLE
exo,choose_hints,mvt,5,0.014369,3,EXTRALARGE,DOUBLE
exo,choose_hints,nussinov,6.332821,16.900,valid,3,EXTRALARGE,DOUBLE
exo,choose_hints,nussinov,1,6.387462,3,EXTRALARGE,DOUBLE
exo,choose_hints,nussinov,2,8.204605,3,EXTRALARGE,DOUBLE
exo,choose_hints,nussinov,3,6.266395,3,EXTRALARGE,DOUBLE
exo,choose_hints,nussinov,4,6.350138,3,EXTRALARGE,DOUBLE
exo,choose_hints,nussinov,5,9.799516,3,EXTRALARGE,DOUBLE
exo,choose_hints,seidel-2d,,,compile_error,3,EXTRALARGE,DOUBLE
exo,choose_hints,symm,0.770094,21.075,valid,3,EXTRALARGE,DOUBLE
exo,choose_hints,symm,1,0.760364,3,EXTRALARGE,DOUBLE
exo,choose_hints,symm,2,0.771565,3,EXTRALARGE,DOUBLE
exo,choose_hints,symm,3,0.768113,3,EXTRALARGE,DOUBLE
exo,choose_hints,symm,4,0.750300,3,EXTRALARGE,DOUBLE
exo,choose_hints,symm,5,0.729308,3,EXTRALARGE,DOUBLE
exo,choose_hints,syr2k,1.251675,17.512,valid,3,EXTRALARGE,DOUBLE
exo,choose_hints,syr2k,1,1.220397,3,EXTRALARGE,DOUBLE
exo,choose_hints,syr2k,2,1.223757,3,EXTRALARGE,DOUBLE
exo,choose_hints,syr2k,3,1.318520,3,EXTRALARGE,DOUBLE
exo,choose_hints,syr2k,4,1.291194,3,EXTRALARGE,DOUBLE
exo,choose_hints,syr2k,5,1.259106,3,EXTRALARGE,DOUBLE
exo,choose_hints,syrk,,,compile_error,3,EXTRALARGE,DOUBLE
exo,choose_hints,trisolv,0.012989,1.009,valid,3,EXTRALARGE,DOUBLE
exo,choose_hints,trisolv,1,0.013007,3,EXTRALARGE,DOUBLE
exo,choose_hints,trisolv,2,0.013029,3,EXTRALARGE,DOUBLE
exo,choose_hints,trisolv,3,0.012835,3,EXTRALARGE,DOUBLE
exo,choose_hints,trisolv,4,0.013087,3,EXTRALARGE,DOUBLE
exo,choose_hints,trisolv,5,0.012809,3,EXTRALARGE,DOUBLE
exo,choose_hints,trmm,,,compile_error,3,EXTRALARGE,DOUBLE
Generated C for 'gemm' in /home/kleplj/choose_hints-xlarge/optimization/choose_hints/PolybenchC-Exo/build/generated/gemm
Built gemm executable.
Generated C for 'gesummv' in /home/kleplj/choose_hints-xlarge/optimization/choose_hints/PolybenchC-Exo/build/generated/gesummv
Built gesummv executable.
Generated C for 'symm' in /home/kleplj/choose_hints-xlarge/optimization/choose_hints/PolybenchC-Exo/build/generated/symm
Built symm executable.
Generated C for 'syr2k' in /home/kleplj/choose_hints-xlarge/optimization/choose_hints/PolybenchC-Exo/build/generated/syr2k
Built syr2k executable.
Generated C for 'syrk' in /home/kleplj/choose_hints-xlarge/optimization/choose_hints/PolybenchC-Exo/build/generated/syrk
Built syrk executable.
Generated C for 'trmm' in /home/kleplj/choose_hints-xlarge/optimization/choose_hints/PolybenchC-Exo/build/generated/trmm
Built trmm executable.
Generated C for '2mm' in /home/kleplj/choose_hints-xlarge/optimization/choose_hints/PolybenchC-Exo/build/generated/2mm
Built 2mm executable.
Generated C for '3mm' in /home/kleplj/choose_hints-xlarge/optimization/choose_hints/PolybenchC-Exo/build/generated/3mm
Built 3mm executable.
Generated C for 'atax' in /home/kleplj/choose_hints-xlarge/optimization/choose_hints/PolybenchC-Exo/build/generated/atax
Built atax executable.
Generated C for 'bicg' in /home/kleplj/choose_hints-xlarge/optimization/choose_hints/PolybenchC-Exo/build/generated/bicg
Built bicg executable.
Generated C for 'doitgen' in /home/kleplj/choose_hints-xlarge/optimization/choose_hints/PolybenchC-Exo/build/generated/doitgen
Built doitgen executable.
Generated C for 'mvt' in /home/kleplj/choose_hints-xlarge/optimization/choose_hints/PolybenchC-Exo/build/generated/mvt
Built mvt executable.
Generated C for 'cholesky' in /home/kleplj/choose_hints-xlarge/optimization/choose_hints/PolybenchC-Exo/build/generated/cholesky
Built cholesky executable.
Generated C for 'durbin' in /home/kleplj/choose_hints-xlarge/optimization/choose_hints/PolybenchC-Exo/build/generated/durbin
Built durbin executable.
Generated C for 'ludcmp' in /home/kleplj/choose_hints-xlarge/optimization/choose_hints/PolybenchC-Exo/build/generated/ludcmp
Built ludcmp executable.
Generated C for 'trisolv' in /home/kleplj/choose_hints-xlarge/optimization/choose_hints/PolybenchC-Exo/build/generated/trisolv
Generated C for 'correlation' in /home/kleplj/choose_hints-xlarge/optimization/choose_hints/PolybenchC-Exo/build/generated/correlation
Built correlation executable.
Generated C for 'adi' in /home/kleplj/choose_hints-xlarge/optimization/choose_hints/PolybenchC-Exo/build/generated/adi
Built adi executable.
Generated C for 'fdtd-2d' in /home/kleplj/choose_hints-xlarge/optimization/choose_hints/PolybenchC-Exo/build/generated/fdtd-2d
Built fdtd-2d executable.
Generated C for 'heat-3d' in /home/kleplj/choose_hints-xlarge/optimization/choose_hints/PolybenchC-Exo/build/generated/heat-3d
Built heat-3d executable.
Generated C for 'jacobi-1d' in /home/kleplj/choose_hints-xlarge/optimization/choose_hints/PolybenchC-Exo/build/generated/jacobi-1d
Built jacobi-1d executable.
Generated C for 'jacobi-2d' in /home/kleplj/choose_hints-xlarge/optimization/choose_hints/PolybenchC-Exo/build/generated/jacobi-2d
Built jacobi-2d executable.
Generated C for 'floyd-warshall' in /home/kleplj/choose_hints-xlarge/optimization/choose_hints/PolybenchC-Exo/build/generated/floyd-warshall
Built floyd-warshall executable.
Generated C for 'nussinov' in /home/kleplj/choose_hints-xlarge/optimization/choose_hints/PolybenchC-Exo/build/generated/nussinov
Built nussinov executable.
Exo build complete. Generated sources in: /home/kleplj/choose_hints-xlarge/optimization/choose_hints/PolybenchC-Exo/build
Removing temp dir /tmp/slurm.303977/tmp.mFXm4ntICq
exo,choose_hints,2mm,0.469304,54.962,valid,4,EXTRALARGE,DOUBLE
exo,choose_hints,2mm,1,0.479341,4,EXTRALARGE,DOUBLE
exo,choose_hints,2mm,2,0.466579,4,EXTRALARGE,DOUBLE
exo,choose_hints,2mm,3,0.470674,4,EXTRALARGE,DOUBLE
exo,choose_hints,2mm,4,0.483138,4,EXTRALARGE,DOUBLE
exo,choose_hints,2mm,5,0.474166,4,EXTRALARGE,DOUBLE
exo,choose_hints,3mm,0.350046,122.028,valid,4,EXTRALARGE,DOUBLE
exo,choose_hints,3mm,1,0.348249,4,EXTRALARGE,DOUBLE
exo,choose_hints,3mm,2,0.353573,4,EXTRALARGE,DOUBLE
exo,choose_hints,3mm,3,0.354272,4,EXTRALARGE,DOUBLE
exo,choose_hints,3mm,4,0.356194,4,EXTRALARGE,DOUBLE
exo,choose_hints,3mm,5,0.351343,4,EXTRALARGE,DOUBLE
exo,choose_hints,adi,12.576142,6.797,valid,4,EXTRALARGE,DOUBLE
exo,choose_hints,adi,1,17.116215,4,EXTRALARGE,DOUBLE
exo,choose_hints,adi,2,12.751730,4,EXTRALARGE,DOUBLE
exo,choose_hints,adi,3,12.230137,4,EXTRALARGE,DOUBLE
exo,choose_hints,adi,4,11.861447,4,EXTRALARGE,DOUBLE
exo,choose_hints,adi,5,12.128968,4,EXTRALARGE,DOUBLE
exo,choose_hints,atax,0.002116,4.001,valid,4,EXTRALARGE,DOUBLE
exo,choose_hints,atax,1,0.002094,4,EXTRALARGE,DOUBLE
exo,choose_hints,atax,2,0.002028,4,EXTRALARGE,DOUBLE
exo,choose_hints,atax,3,0.002011,4,EXTRALARGE,DOUBLE
exo,choose_hints,atax,4,0.002059,4,EXTRALARGE,DOUBLE
exo,choose_hints,atax,5,0.002056,4,EXTRALARGE,DOUBLE
exo,choose_hints,bicg,0.014789,1.250,valid,4,EXTRALARGE,DOUBLE
exo,choose_hints,bicg,1,0.014707,4,EXTRALARGE,DOUBLE
exo,choose_hints,bicg,2,0.014718,4,EXTRALARGE,DOUBLE
exo,choose_hints,bicg,3,0.014690,4,EXTRALARGE,DOUBLE
exo,choose_hints,bicg,4,0.014731,4,EXTRALARGE,DOUBLE
exo,choose_hints,bicg,5,0.014698,4,EXTRALARGE,DOUBLE
exo,choose_hints,cholesky,16.291565,1.000,valid,4,EXTRALARGE,DOUBLE
exo,choose_hints,cholesky,1,16.334181,4,EXTRALARGE,DOUBLE
exo,choose_hints,cholesky,2,16.274222,4,EXTRALARGE,DOUBLE
exo,choose_hints,cholesky,3,16.276308,4,EXTRALARGE,DOUBLE
exo,choose_hints,cholesky,4,16.274567,4,EXTRALARGE,DOUBLE
exo,choose_hints,cholesky,5,16.300154,4,EXTRALARGE,DOUBLE
exo,choose_hints,correlation,1.052969,19.291,valid,4,EXTRALARGE,DOUBLE
exo,choose_hints,correlation,1,1.062854,4,EXTRALARGE,DOUBLE
exo,choose_hints,correlation,2,1.044436,4,EXTRALARGE,DOUBLE
exo,choose_hints,correlation,3,1.059480,4,EXTRALARGE,DOUBLE
exo,choose_hints,correlation,4,1.059278,4,EXTRALARGE,DOUBLE
exo,choose_hints,correlation,5,1.078809,4,EXTRALARGE,DOUBLE
exo,choose_hints,covariance,,,compile_error,4,EXTRALARGE,DOUBLE
exo,choose_hints,deriche,,,compile_error,4,EXTRALARGE,DOUBLE
exo,choose_hints,doitgen,1.326895,4.154,valid,4,EXTRALARGE,DOUBLE
exo,choose_hints,doitgen,1,1.328603,4,EXTRALARGE,DOUBLE
exo,choose_hints,doitgen,2,1.325937,4,EXTRALARGE,DOUBLE
exo,choose_hints,doitgen,3,1.324987,4,EXTRALARGE,DOUBLE
exo,choose_hints,doitgen,4,1.325080,4,EXTRALARGE,DOUBLE
exo,choose_hints,doitgen,5,1.327328,4,EXTRALARGE,DOUBLE
exo,choose_hints,durbin,5.645307,0.003,valid,4,EXTRALARGE,DOUBLE
exo,choose_hints,durbin,1,5.945472,4,EXTRALARGE,DOUBLE
exo,choose_hints,durbin,2,6.161323,4,EXTRALARGE,DOUBLE
exo,choose_hints,durbin,3,6.147322,4,EXTRALARGE,DOUBLE
exo,choose_hints,durbin,4,5.795749,4,EXTRALARGE,DOUBLE
exo,choose_hints,durbin,5,6.358429,4,EXTRALARGE,DOUBLE
exo,choose_hints,fdtd-2d,5.895202,3.937,valid,4,EXTRALARGE,DOUBLE
exo,choose_hints,fdtd-2d,1,6.231108,4,EXTRALARGE,DOUBLE
exo,choose_hints,fdtd-2d,2,7.407576,4,EXTRALARGE,DOUBLE
exo,choose_hints,fdtd-2d,3,7.832483,4,EXTRALARGE,DOUBLE
exo,choose_hints,fdtd-2d,4,6.930078,4,EXTRALARGE,DOUBLE
exo,choose_hints,fdtd-2d,5,6.752486,4,EXTRALARGE,DOUBLE
exo,choose_hints,floyd-warshall,50.123125,3.513,valid,4,EXTRALARGE,DOUBLE
exo,choose_hints,floyd-warshall,1,64.361696,4,EXTRALARGE,DOUBLE
exo,choose_hints,floyd-warshall,2,46.222248,4,EXTRALARGE,DOUBLE
exo,choose_hints,floyd-warshall,3,46.412063,4,EXTRALARGE,DOUBLE
exo,choose_hints,floyd-warshall,4,55.997259,4,EXTRALARGE,DOUBLE
exo,choose_hints,floyd-warshall,5,48.786091,4,EXTRALARGE,DOUBLE
exo,choose_hints,gemm,0.197796,36.207,valid,4,EXTRALARGE,DOUBLE
exo,choose_hints,gemm,1,0.188846,4,EXTRALARGE,DOUBLE
exo,choose_hints,gemm,2,0.194690,4,EXTRALARGE,DOUBLE
exo,choose_hints,gemm,3,0.196509,4,EXTRALARGE,DOUBLE
exo,choose_hints,gemm,4,0.195192,4,EXTRALARGE,DOUBLE
exo,choose_hints,gemm,5,0.196542,4,EXTRALARGE,DOUBLE
exo,choose_hints,gemver,,,compile_error,4,EXTRALARGE,DOUBLE
exo,choose_hints,gesummv,0.005308,5.244,valid,4,EXTRALARGE,DOUBLE
exo,choose_hints,gesummv,1,0.005391,4,EXTRALARGE,DOUBLE
exo,choose_hints,gesummv,2,0.005308,4,EXTRALARGE,DOUBLE
exo,choose_hints,gesummv,3,0.005353,4,EXTRALARGE,DOUBLE
exo,choose_hints,gesummv,4,0.005314,4,EXTRALARGE,DOUBLE
exo,choose_hints,gesummv,5,0.005347,4,EXTRALARGE,DOUBLE
exo,choose_hints,gramschmidt,,,compile_error,4,EXTRALARGE,DOUBLE
exo,choose_hints,heat-3d,14.380382,2.122,valid,4,EXTRALARGE,DOUBLE
exo,choose_hints,heat-3d,1,17.146909,4,EXTRALARGE,DOUBLE
exo,choose_hints,heat-3d,2,14.883451,4,EXTRALARGE,DOUBLE
exo,choose_hints,heat-3d,3,15.086919,4,EXTRALARGE,DOUBLE
exo,choose_hints,heat-3d,4,14.074247,4,EXTRALARGE,DOUBLE
exo,choose_hints,heat-3d,5,20.467280,4,EXTRALARGE,DOUBLE
exo,choose_hints,jacobi-1d,0.057008,0.075,valid,4,EXTRALARGE,DOUBLE
exo,choose_hints,jacobi-1d,1,0.055704,4,EXTRALARGE,DOUBLE
exo,choose_hints,jacobi-1d,2,0.054314,4,EXTRALARGE,DOUBLE
exo,choose_hints,jacobi-1d,3,0.056007,4,EXTRALARGE,DOUBLE
exo,choose_hints,jacobi-1d,4,0.055205,4,EXTRALARGE,DOUBLE
exo,choose_hints,jacobi-1d,5,0.053940,4,EXTRALARGE,DOUBLE
exo,choose_hints,jacobi-2d,9.009284,2.275,valid,4,EXTRALARGE,DOUBLE
exo,choose_hints,jacobi-2d,1,6.179885,4,EXTRALARGE,DOUBLE
exo,choose_hints,jacobi-2d,2,7.775103,4,EXTRALARGE,DOUBLE
exo,choose_hints,jacobi-2d,3,5.902068,4,EXTRALARGE,DOUBLE
exo,choose_hints,jacobi-2d,4,5.735464,4,EXTRALARGE,DOUBLE
exo,choose_hints,jacobi-2d,5,5.999103,4,EXTRALARGE,DOUBLE
exo,choose_hints,lu,,,compile_error,4,EXTRALARGE,DOUBLE
exo,choose_hints,ludcmp,32.301703,1.434,valid,4,EXTRALARGE,DOUBLE
exo,choose_hints,ludcmp,1,31.834498,4,EXTRALARGE,DOUBLE
exo,choose_hints,ludcmp,2,31.829783,4,EXTRALARGE,DOUBLE
exo,choose_hints,ludcmp,3,31.849489,4,EXTRALARGE,DOUBLE
exo,choose_hints,ludcmp,4,31.880172,4,EXTRALARGE,DOUBLE
exo,choose_hints,ludcmp,5,32.254350,4,EXTRALARGE,DOUBLE
exo,choose_hints,mvt,0.024587,2.882,valid,4,EXTRALARGE,DOUBLE
exo,choose_hints,mvt,1,0.025230,4,EXTRALARGE,DOUBLE
exo,choose_hints,mvt,2,0.024891,4,EXTRALARGE,DOUBLE
exo,choose_hints,mvt,3,0.024901,4,EXTRALARGE,DOUBLE
exo,choose_hints,mvt,4,0.024874,4,EXTRALARGE,DOUBLE
exo,choose_hints,mvt,5,0.024623,4,EXTRALARGE,DOUBLE
exo,choose_hints,nussinov,5.994894,17.875,valid,4,EXTRALARGE,DOUBLE
exo,choose_hints,nussinov,1,5.498666,4,EXTRALARGE,DOUBLE
exo,choose_hints,nussinov,2,5.372221,4,EXTRALARGE,DOUBLE
exo,choose_hints,nussinov,3,5.923427,4,EXTRALARGE,DOUBLE
exo,choose_hints,nussinov,4,6.006640,4,EXTRALARGE,DOUBLE
exo,choose_hints,nussinov,5,6.482354,4,EXTRALARGE,DOUBLE
exo,choose_hints,seidel-2d,,,compile_error,4,EXTRALARGE,DOUBLE
exo,choose_hints,symm,1.168703,13.639,valid,4,EXTRALARGE,DOUBLE
exo,choose_hints,symm,1,1.196148,4,EXTRALARGE,DOUBLE
exo,choose_hints,symm,2,1.107691,4,EXTRALARGE,DOUBLE
exo,choose_hints,symm,3,1.151081,4,EXTRALARGE,DOUBLE
exo,choose_hints,symm,4,1.190197,4,EXTRALARGE,DOUBLE
exo,choose_hints,symm,5,1.168001,4,EXTRALARGE,DOUBLE
exo,choose_hints,syr2k,1.389678,15.608,valid,4,EXTRALARGE,DOUBLE
exo,choose_hints,syr2k,1,1.243537,4,EXTRALARGE,DOUBLE
exo,choose_hints,syr2k,2,1.340189,4,EXTRALARGE,DOUBLE
exo,choose_hints,syr2k,3,1.311682,4,EXTRALARGE,DOUBLE
exo,choose_hints,syr2k,4,1.295750,4,EXTRALARGE,DOUBLE
exo,choose_hints,syr2k,5,1.299806,4,EXTRALARGE,DOUBLE
exo,choose_hints,syrk,0.429840,18.120,valid,4,EXTRALARGE,DOUBLE
exo,choose_hints,syrk,1,0.435608,4,EXTRALARGE,DOUBLE
exo,choose_hints,syrk,2,0.473528,4,EXTRALARGE,DOUBLE
exo,choose_hints,syrk,3,0.405101,4,EXTRALARGE,DOUBLE
exo,choose_hints,syrk,4,0.478388,4,EXTRALARGE,DOUBLE
exo,choose_hints,syrk,5,0.427839,4,EXTRALARGE,DOUBLE
exo,choose_hints,trisolv,,,compile_error,4,EXTRALARGE,DOUBLE
exo,choose_hints,trmm,2.835376,3.367,valid,4,EXTRALARGE,DOUBLE
exo,choose_hints,trmm,1,2.814348,4,EXTRALARGE,DOUBLE
exo,choose_hints,trmm,2,2.835042,4,EXTRALARGE,DOUBLE
exo,choose_hints,trmm,3,2.868204,4,EXTRALARGE,DOUBLE
exo,choose_hints,trmm,4,2.843107,4,EXTRALARGE,DOUBLE
exo,choose_hints,trmm,5,2.865436,4,EXTRALARGE,DOUBLE
Generated C for 'gesummv' in /home/kleplj/choose_hints-xlarge/optimization/choose_hints/PolybenchC-Exo/build/generated/gesummv
Built gesummv executable.
Generated C for 'syr2k' in /home/kleplj/choose_hints-xlarge/optimization/choose_hints/PolybenchC-Exo/build/generated/syr2k
Built syr2k executable.
Generated C for 'syrk' in /home/kleplj/choose_hints-xlarge/optimization/choose_hints/PolybenchC-Exo/build/generated/syrk
Built syrk executable.
Generated C for '2mm' in /home/kleplj/choose_hints-xlarge/optimization/choose_hints/PolybenchC-Exo/build/generated/2mm
Built 2mm executable.
Generated C for 'atax' in /home/kleplj/choose_hints-xlarge/optimization/choose_hints/PolybenchC-Exo/build/generated/atax
Built atax executable.
Generated C for 'bicg' in /home/kleplj/choose_hints-xlarge/optimization/choose_hints/PolybenchC-Exo/build/generated/bicg
Built bicg executable.
Generated C for 'mvt' in /home/kleplj/choose_hints-xlarge/optimization/choose_hints/PolybenchC-Exo/build/generated/mvt
Built mvt executable.
Generated C for 'cholesky' in /home/kleplj/choose_hints-xlarge/optimization/choose_hints/PolybenchC-Exo/build/generated/cholesky
Built cholesky executable.
Generated C for 'durbin' in /home/kleplj/choose_hints-xlarge/optimization/choose_hints/PolybenchC-Exo/build/generated/durbin
Generated C for 'gramschmidt' in /home/kleplj/choose_hints-xlarge/optimization/choose_hints/PolybenchC-Exo/build/generated/gramschmidt
Built gramschmidt executable.
Generated C for 'trisolv' in /home/kleplj/choose_hints-xlarge/optimization/choose_hints/PolybenchC-Exo/build/generated/trisolv
Built trisolv executable.
Generated C for 'correlation' in /home/kleplj/choose_hints-xlarge/optimization/choose_hints/PolybenchC-Exo/build/generated/correlation
Built correlation executable.
Generated C for 'covariance' in /home/kleplj/choose_hints-xlarge/optimization/choose_hints/PolybenchC-Exo/build/generated/covariance
Built covariance executable.
Generated C for 'adi' in /home/kleplj/choose_hints-xlarge/optimization/choose_hints/PolybenchC-Exo/build/generated/adi
Built adi executable.
Generated C for 'fdtd-2d' in /home/kleplj/choose_hints-xlarge/optimization/choose_hints/PolybenchC-Exo/build/generated/fdtd-2d
Generated C for 'jacobi-1d' in /home/kleplj/choose_hints-xlarge/optimization/choose_hints/PolybenchC-Exo/build/generated/jacobi-1d
Built jacobi-1d executable.
Generated C for 'nussinov' in /home/kleplj/choose_hints-xlarge/optimization/choose_hints/PolybenchC-Exo/build/generated/nussinov
Built nussinov executable.
Exo build complete. Generated sources in: /home/kleplj/choose_hints-xlarge/optimization/choose_hints/PolybenchC-Exo/build
Removing temp dir /tmp/slurm.303977/tmp.MTda4Rpzgq
exo,choose_hints,2mm,0.210579,123.842,valid,5,EXTRALARGE,DOUBLE
exo,choose_hints,2mm,1,0.210181,5,EXTRALARGE,DOUBLE
exo,choose_hints,2mm,2,0.213244,5,EXTRALARGE,DOUBLE
exo,choose_hints,2mm,3,0.210140,5,EXTRALARGE,DOUBLE
exo,choose_hints,2mm,4,0.210355,5,EXTRALARGE,DOUBLE
exo,choose_hints,2mm,5,0.210722,5,EXTRALARGE,DOUBLE
exo,choose_hints,3mm,,,compile_error,5,EXTRALARGE,DOUBLE
exo,choose_hints,adi,10.652536,8.049,valid,5,EXTRALARGE,DOUBLE
exo,choose_hints,adi,1,11.066255,5,EXTRALARGE,DOUBLE
exo,choose_hints,adi,2,27.503795,5,EXTRALARGE,DOUBLE
exo,choose_hints,adi,3,13.045408,5,EXTRALARGE,DOUBLE
exo,choose_hints,adi,4,13.277736,5,EXTRALARGE,DOUBLE
exo,choose_hints,adi,5,13.234024,5,EXTRALARGE,DOUBLE
exo,choose_hints,atax,0.008005,1.074,valid,5,EXTRALARGE,DOUBLE
exo,choose_hints,atax,1,0.008005,5,EXTRALARGE,DOUBLE
exo,choose_hints,atax,2,0.007971,5,EXTRALARGE,DOUBLE
exo,choose_hints,atax,3,0.008009,5,EXTRALARGE,DOUBLE
exo,choose_hints,atax,4,0.007922,5,EXTRALARGE,DOUBLE
exo,choose_hints,atax,5,0.007972,5,EXTRALARGE,DOUBLE
exo,choose_hints,bicg,0.014353,1.014,valid,5,EXTRALARGE,DOUBLE
exo,choose_hints,bicg,1,0.014403,5,EXTRALARGE,DOUBLE
exo,choose_hints,bicg,2,0.014427,5,EXTRALARGE,DOUBLE
exo,choose_hints,bicg,3,0.014372,5,EXTRALARGE,DOUBLE
exo,choose_hints,bicg,4,0.014425,5,EXTRALARGE,DOUBLE
exo,choose_hints,bicg,5,0.014412,5,EXTRALARGE,DOUBLE
exo,choose_hints,cholesky,16.243154,1.005,valid,5,EXTRALARGE,DOUBLE
exo,choose_hints,cholesky,1,16.205138,5,EXTRALARGE,DOUBLE
exo,choose_hints,cholesky,2,16.173006,5,EXTRALARGE,DOUBLE
exo,choose_hints,cholesky,3,16.170280,5,EXTRALARGE,DOUBLE
exo,choose_hints,cholesky,4,16.170199,5,EXTRALARGE,DOUBLE
exo,choose_hints,cholesky,5,16.181191,5,EXTRALARGE,DOUBLE
exo,choose_hints,correlation,1.106053,18.569,valid,5,EXTRALARGE,DOUBLE
exo,choose_hints,correlation,1,1.023502,5,EXTRALARGE,DOUBLE
exo,choose_hints,correlation,2,1.047089,5,EXTRALARGE,DOUBLE
exo,choose_hints,correlation,3,1.013169,5,EXTRALARGE,DOUBLE
exo,choose_hints,correlation,4,1.067682,5,EXTRALARGE,DOUBLE
exo,choose_hints,correlation,5,1.038410,5,EXTRALARGE,DOUBLE
exo,choose_hints,covariance,1.080212,18.939,valid,5,EXTRALARGE,DOUBLE
exo,choose_hints,covariance,1,1.061932,5,EXTRALARGE,DOUBLE
exo,choose_hints,covariance,2,1.062551,5,EXTRALARGE,DOUBLE
exo,choose_hints,covariance,3,1.089203,5,EXTRALARGE,DOUBLE
exo,choose_hints,covariance,4,1.043386,5,EXTRALARGE,DOUBLE
exo,choose_hints,covariance,5,1.090082,5,EXTRALARGE,DOUBLE
exo,choose_hints,deriche,,,compile_error,5,EXTRALARGE,DOUBLE
exo,choose_hints,doitgen,,,compile_error,5,EXTRALARGE,DOUBLE
exo,choose_hints,durbin,,,compile_error,5,EXTRALARGE,DOUBLE
exo,choose_hints,fdtd-2d,,,compile_error,5,EXTRALARGE,DOUBLE
exo,choose_hints,floyd-warshall,,,compile_error,5,EXTRALARGE,DOUBLE
exo,choose_hints,gemm,,,compile_error,5,EXTRALARGE,DOUBLE
exo,choose_hints,gemver,,,compile_error,5,EXTRALARGE,DOUBLE
exo,choose_hints,gesummv,0.005353,5.209,valid,5,EXTRALARGE,DOUBLE
exo,choose_hints,gesummv,1,0.005391,5,EXTRALARGE,DOUBLE
exo,choose_hints,gesummv,2,0.005359,5,EXTRALARGE,DOUBLE
exo,choose_hints,gesummv,3,0.005400,5,EXTRALARGE,DOUBLE
exo,choose_hints,gesummv,4,0.005342,5,EXTRALARGE,DOUBLE
exo,choose_hints,gesummv,5,0.005355,5,EXTRALARGE,DOUBLE
exo,choose_hints,gramschmidt,2.790988,,validity_error,5,EXTRALARGE,DOUBLE
exo,choose_hints,heat-3d,,,compile_error,5,EXTRALARGE,DOUBLE
exo,choose_hints,jacobi-1d,0.056249,0.076,valid,5,EXTRALARGE,DOUBLE
exo,choose_hints,jacobi-1d,1,0.055882,5,EXTRALARGE,DOUBLE
exo,choose_hints,jacobi-1d,2,0.056649,5,EXTRALARGE,DOUBLE
exo,choose_hints,jacobi-1d,3,0.056725,5,EXTRALARGE,DOUBLE
exo,choose_hints,jacobi-1d,4,0.055472,5,EXTRALARGE,DOUBLE
exo,choose_hints,jacobi-1d,5,0.055019,5,EXTRALARGE,DOUBLE
exo,choose_hints,jacobi-2d,,,compile_error,5,EXTRALARGE,DOUBLE
exo,choose_hints,lu,,,compile_error,5,EXTRALARGE,DOUBLE
exo,choose_hints,ludcmp,,,compile_error,5,EXTRALARGE,DOUBLE
exo,choose_hints,mvt,0.012757,5.677,valid,5,EXTRALARGE,DOUBLE
exo,choose_hints,mvt,1,0.012650,5,EXTRALARGE,DOUBLE
exo,choose_hints,mvt,2,0.012646,5,EXTRALARGE,DOUBLE
exo,choose_hints,mvt,3,0.012643,5,EXTRALARGE,DOUBLE
exo,choose_hints,mvt,4,0.012402,5,EXTRALARGE,DOUBLE
exo,choose_hints,mvt,5,0.012667,5,EXTRALARGE,DOUBLE
exo,choose_hints,nussinov,6.624360,16.208,valid,5,EXTRALARGE,DOUBLE
exo,choose_hints,nussinov,1,6.215265,5,EXTRALARGE,DOUBLE
exo,choose_hints,nussinov,2,5.863034,5,EXTRALARGE,DOUBLE
exo,choose_hints,nussinov,3,5.846334,5,EXTRALARGE,DOUBLE
exo,choose_hints,nussinov,4,6.140688,5,EXTRALARGE,DOUBLE
exo,choose_hints,nussinov,5,5.676481,5,EXTRALARGE,DOUBLE
exo,choose_hints,seidel-2d,,,compile_error,5,EXTRALARGE,DOUBLE
exo,choose_hints,symm,,,compile_error,5,EXTRALARGE,DOUBLE
exo,choose_hints,syr2k,0.893362,24.434,valid,5,EXTRALARGE,DOUBLE
exo,choose_hints,syr2k,1,0.854710,5,EXTRALARGE,DOUBLE
exo,choose_hints,syr2k,2,0.896272,5,EXTRALARGE,DOUBLE
exo,choose_hints,syr2k,3,0.890163,5,EXTRALARGE,DOUBLE
exo,choose_hints,syr2k,4,0.944094,5,EXTRALARGE,DOUBLE
exo,choose_hints,syr2k,5,0.898381,5,EXTRALARGE,DOUBLE
exo,choose_hints,syrk,0.388312,20.100,valid,5,EXTRALARGE,DOUBLE
exo,choose_hints,syrk,1,0.390492,5,EXTRALARGE,DOUBLE
exo,choose_hints,syrk,2,0.374196,5,EXTRALARGE,DOUBLE
exo,choose_hints,syrk,3,0.383714,5,EXTRALARGE,DOUBLE
exo,choose_hints,syrk,4,0.411413,5,EXTRALARGE,DOUBLE
exo,choose_hints,syrk,5,0.421854,5,EXTRALARGE,DOUBLE
exo,choose_hints,trisolv,0.012554,1.026,valid,5,EXTRALARGE,DOUBLE
exo,choose_hints,trisolv,1,0.012851,5,EXTRALARGE,DOUBLE
exo,choose_hints,trisolv,2,0.012573,5,EXTRALARGE,DOUBLE
exo,choose_hints,trisolv,3,0.012511,5,EXTRALARGE,DOUBLE
exo,choose_hints,trisolv,4,0.012663,5,EXTRALARGE,DOUBLE
exo,choose_hints,trisolv,5,0.012621,5,EXTRALARGE,DOUBLE
exo,choose_hints,trmm,,,compile_error,5,EXTRALARGE,DOUBLE
