framework,version,algorithm,run,time_s,repetition,dataset_size,data_type
c,choose_hints,2mm,1,0.230969,1,EXTRALARGE,DOUBLE
c,choose_hints,2mm,2,0.227827,1,EXTRALARGE,DOUBLE
c,choose_hints,2mm,3,0.239259,1,EXTRALARGE,DOUBLE
c,choose_hints,2mm,4,0.241774,1,EXTRALARGE,DOUBLE
c,choose_hints,2mm,5,0.238690,1,EXTRALARGE,DOUBLE
c,choose_hints,3mm,1,0.366424,1,EXTRALARGE,DOUBLE
c,choose_hints,3mm,2,0.370679,1,EXTRALARGE,DOUBLE
c,choose_hints,3mm,3,0.369426,1,EXTRALARGE,DOUBLE
c,choose_hints,3mm,4,0.364377,1,EXTRALARGE,DOUBLE
c,choose_hints,3mm,5,0.364142,1,EXTRALARGE,DOUBLE
c,choose_hints,atax,1,0.001176,1,EXTRALARGE,DOUBLE
c,choose_hints,atax,2,0.001151,1,EXTRALARGE,DOUBLE
c,choose_hints,atax,3,0.001153,1,EXTRALARGE,DOUBLE
c,choose_hints,atax,4,0.001145,1,EXTRALARGE,DOUBLE
c,choose_hints,atax,5,0.001099,1,EXTRALARGE,DOUBLE
c,choose_hints,bicg,1,0.006263,1,EXTRALARGE,DOUBLE
c,choose_hints,bicg,2,0.005992,1,EXTRALARGE,DOUBLE
c,choose_hints,bicg,3,0.006039,1,EXTRALARGE,DOUBLE
c,choose_hints,bicg,4,0.006029,1,EXTRALARGE,DOUBLE
c,choose_hints,bicg,5,0.006066,1,EXTRALARGE,DOUBLE
c,choose_hints,cholesky,1,16.200272,1,EXTRALARGE,DOUBLE
c,choose_hints,cholesky,2,16.238221,1,EXTRALARGE,DOUBLE
c,choose_hints,cholesky,3,16.224542,1,EXTRALARGE,DOUBLE
c,choose_hints,cholesky,4,16.223361,1,EXTRALARGE,DOUBLE
c,choose_hints,cholesky,5,16.263566,1,EXTRALARGE,DOUBLE
c,choose_hints,correlation,1,5.984046,1,EXTRALARGE,DOUBLE
c,choose_hints,correlation,2,5.992811,1,EXTRALARGE,DOUBLE
c,choose_hints,correlation,3,5.913622,1,EXTRALARGE,DOUBLE
c,choose_hints,correlation,4,6.086388,1,EXTRALARGE,DOUBLE
c,choose_hints,correlation,5,5.850333,1,EXTRALARGE,DOUBLE
c,choose_hints,covariance,1,5.991165,1,EXTRALARGE,DOUBLE
c,choose_hints,covariance,2,6.009920,1,EXTRALARGE,DOUBLE
c,choose_hints,covariance,3,5.978596,1,EXTRALARGE,DOUBLE
c,choose_hints,covariance,4,5.911995,1,EXTRALARGE,DOUBLE
c,choose_hints,covariance,5,5.995432,1,EXTRALARGE,DOUBLE
c,choose_hints,deriche,1,0.249080,1,EXTRALARGE,DOUBLE
c,choose_hints,deriche,2,0.249352,1,EXTRALARGE,DOUBLE
c,choose_hints,deriche,3,0.251137,1,EXTRALARGE,DOUBLE
c,choose_hints,deriche,4,0.249623,1,EXTRALARGE,DOUBLE
c,choose_hints,deriche,5,0.248559,1,EXTRALARGE,DOUBLE
c,choose_hints,doitgen,1,1.183856,1,EXTRALARGE,DOUBLE
c,choose_hints,doitgen,2,1.183751,1,EXTRALARGE,DOUBLE
c,choose_hints,doitgen,3,1.214375,1,EXTRALARGE,DOUBLE
c,choose_hints,doitgen,4,1.184403,1,EXTRALARGE,DOUBLE
c,choose_hints,doitgen,5,1.186858,1,EXTRALARGE,DOUBLE
c,choose_hints,durbin,1,0.016019,1,EXTRALARGE,DOUBLE
c,choose_hints,durbin,2,0.016020,1,EXTRALARGE,DOUBLE
c,choose_hints,durbin,3,0.015975,1,EXTRALARGE,DOUBLE
c,choose_hints,durbin,4,0.015996,1,EXTRALARGE,DOUBLE
c,choose_hints,durbin,5,0.016012,1,EXTRALARGE,DOUBLE
c,choose_hints,floyd-warshall,1,22.333395,1,EXTRALARGE,DOUBLE
c,choose_hints,floyd-warshall,2,26.127005,1,EXTRALARGE,DOUBLE
c,choose_hints,floyd-warshall,3,26.075767,1,EXTRALARGE,DOUBLE
c,choose_hints,floyd-warshall,4,29.736900,1,EXTRALARGE,DOUBLE
c,choose_hints,floyd-warshall,5,22.068250,1,EXTRALARGE,DOUBLE
c,choose_hints,gemm,1,0.094917,1,EXTRALARGE,DOUBLE
c,choose_hints,gemm,2,0.093805,1,EXTRALARGE,DOUBLE
c,choose_hints,gemm,3,0.093674,1,EXTRALARGE,DOUBLE
c,choose_hints,gemm,4,0.094479,1,EXTRALARGE,DOUBLE
c,choose_hints,gemm,5,0.093904,1,EXTRALARGE,DOUBLE
c,choose_hints,gemver,1,0.028319,1,EXTRALARGE,DOUBLE
c,choose_hints,gemver,2,0.028129,1,EXTRALARGE,DOUBLE
c,choose_hints,gemver,3,0.028270,1,EXTRALARGE,DOUBLE
c,choose_hints,gemver,4,0.028369,1,EXTRALARGE,DOUBLE
c,choose_hints,gemver,5,0.029069,1,EXTRALARGE,DOUBLE
c,choose_hints,gesummv,1,0.005370,1,EXTRALARGE,DOUBLE
c,choose_hints,gesummv,2,0.005354,1,EXTRALARGE,DOUBLE
c,choose_hints,gesummv,3,0.005335,1,EXTRALARGE,DOUBLE
c,choose_hints,gesummv,4,0.005326,1,EXTRALARGE,DOUBLE
c,choose_hints,gesummv,5,0.005358,1,EXTRALARGE,DOUBLE
c,choose_hints,gramschmidt,1,8.084749,1,EXTRALARGE,DOUBLE
c,choose_hints,gramschmidt,2,8.084958,1,EXTRALARGE,DOUBLE
c,choose_hints,gramschmidt,3,8.060302,1,EXTRALARGE,DOUBLE
c,choose_hints,gramschmidt,4,8.113820,1,EXTRALARGE,DOUBLE
c,choose_hints,gramschmidt,5,8.157838,1,EXTRALARGE,DOUBLE
c,choose_hints,heat-3d,1,14.087013,1,EXTRALARGE,DOUBLE
c,choose_hints,heat-3d,2,14.171222,1,EXTRALARGE,DOUBLE
c,choose_hints,heat-3d,3,15.074625,1,EXTRALARGE,DOUBLE
c,choose_hints,heat-3d,4,14.947202,1,EXTRALARGE,DOUBLE
c,choose_hints,heat-3d,5,13.069152,1,EXTRALARGE,DOUBLE
c,choose_hints,jacobi-2d,1,5.843659,1,EXTRALARGE,DOUBLE
c,choose_hints,jacobi-2d,2,5.884023,1,EXTRALARGE,DOUBLE
c,choose_hints,jacobi-2d,3,6.541578,1,EXTRALARGE,DOUBLE
c,choose_hints,jacobi-2d,4,10.649032,1,EXTRALARGE,DOUBLE
c,choose_hints,jacobi-2d,5,5.797151,1,EXTRALARGE,DOUBLE
c,choose_hints,lu,1,43.061501,1,EXTRALARGE,DOUBLE
c,choose_hints,lu,2,43.086548,1,EXTRALARGE,DOUBLE
c,choose_hints,lu,3,43.108483,1,EXTRALARGE,DOUBLE
c,choose_hints,lu,4,43.094845,1,EXTRALARGE,DOUBLE
c,choose_hints,lu,5,42.864092,1,EXTRALARGE,DOUBLE
c,choose_hints,ludcmp,1,24.917207,1,EXTRALARGE,DOUBLE
c,choose_hints,ludcmp,2,28.662775,1,EXTRALARGE,DOUBLE
c,choose_hints,ludcmp,3,25.437615,1,EXTRALARGE,DOUBLE
c,choose_hints,ludcmp,4,25.277078,1,EXTRALARGE,DOUBLE
c,choose_hints,ludcmp,5,25.187153,1,EXTRALARGE,DOUBLE
c,choose_hints,mvt,1,0.014649,1,EXTRALARGE,DOUBLE
c,choose_hints,mvt,2,0.014406,1,EXTRALARGE,DOUBLE
c,choose_hints,mvt,3,0.014227,1,EXTRALARGE,DOUBLE
c,choose_hints,mvt,4,0.013934,1,EXTRALARGE,DOUBLE
c,choose_hints,mvt,5,0.013799,1,EXTRALARGE,DOUBLE
c,choose_hints,nussinov,1,6.444005,1,EXTRALARGE,DOUBLE
c,choose_hints,nussinov,2,5.869448,1,EXTRALARGE,DOUBLE
c,choose_hints,nussinov,3,5.840255,1,EXTRALARGE,DOUBLE
c,choose_hints,nussinov,4,5.891194,1,EXTRALARGE,DOUBLE
c,choose_hints,nussinov,5,5.762120,1,EXTRALARGE,DOUBLE
c,choose_hints,seidel-2d,1,160.592430,1,EXTRALARGE,DOUBLE
c,choose_hints,seidel-2d,2,160.581428,1,EXTRALARGE,DOUBLE
c,choose_hints,seidel-2d,3,160.589766,1,EXTRALARGE,DOUBLE
c,choose_hints,seidel-2d,4,160.594590,1,EXTRALARGE,DOUBLE
c,choose_hints,seidel-2d,5,160.592131,1,EXTRALARGE,DOUBLE
c,choose_hints,symm,1,6.046532,1,EXTRALARGE,DOUBLE
c,choose_hints,symm,2,6.045670,1,EXTRALARGE,DOUBLE
c,choose_hints,symm,3,6.178896,1,EXTRALARGE,DOUBLE
c,choose_hints,symm,4,6.109975,1,EXTRALARGE,DOUBLE
c,choose_hints,symm,5,6.021462,1,EXTRALARGE,DOUBLE
c,choose_hints,syrk,1,0.168314,1,EXTRALARGE,DOUBLE
c,choose_hints,syrk,2,0.168291,1,EXTRALARGE,DOUBLE
c,choose_hints,syrk,3,0.169540,1,EXTRALARGE,DOUBLE
c,choose_hints,syrk,4,0.169550,1,EXTRALARGE,DOUBLE
c,choose_hints,syrk,5,0.168475,1,EXTRALARGE,DOUBLE
c,choose_hints,trisolv,1,0.012819,1,EXTRALARGE,DOUBLE
c,choose_hints,trisolv,2,0.013039,1,EXTRALARGE,DOUBLE
c,choose_hints,trisolv,3,0.012872,1,EXTRALARGE,DOUBLE
c,choose_hints,trisolv,4,0.012926,1,EXTRALARGE,DOUBLE
c,choose_hints,trisolv,5,0.012794,1,EXTRALARGE,DOUBLE
c,choose_hints,trmm,1,2.780878,1,EXTRALARGE,DOUBLE
c,choose_hints,trmm,2,2.763184,1,EXTRALARGE,DOUBLE
c,choose_hints,trmm,3,2.760355,1,EXTRALARGE,DOUBLE
c,choose_hints,trmm,4,2.809759,1,EXTRALARGE,DOUBLE
c,choose_hints,trmm,5,2.742147,1,EXTRALARGE,DOUBLE
c,choose_hints,2mm,1,0.221904,2,EXTRALARGE,DOUBLE
c,choose_hints,2mm,2,0.219189,2,EXTRALARGE,DOUBLE
c,choose_hints,2mm,3,0.221448,2,EXTRALARGE,DOUBLE
c,choose_hints,2mm,4,0.216974,2,EXTRALARGE,DOUBLE
c,choose_hints,2mm,5,0.218843,2,EXTRALARGE,DOUBLE
c,choose_hints,3mm,1,0.363634,2,EXTRALARGE,DOUBLE
c,choose_hints,3mm,2,0.364770,2,EXTRALARGE,DOUBLE
c,choose_hints,3mm,3,0.364787,2,EXTRALARGE,DOUBLE
c,choose_hints,3mm,4,0.368854,2,EXTRALARGE,DOUBLE
c,choose_hints,3mm,5,0.370000,2,EXTRALARGE,DOUBLE
c,choose_hints,adi,1,12.873146,2,EXTRALARGE,DOUBLE
c,choose_hints,adi,2,17.704109,2,EXTRALARGE,DOUBLE
c,choose_hints,adi,3,11.423140,2,EXTRALARGE,DOUBLE
c,choose_hints,adi,4,13.810612,2,EXTRALARGE,DOUBLE
c,choose_hints,adi,5,13.774615,2,EXTRALARGE,DOUBLE
c,choose_hints,atax,1,0.001471,2,EXTRALARGE,DOUBLE
c,choose_hints,atax,2,0.001420,2,EXTRALARGE,DOUBLE
c,choose_hints,atax,3,0.001432,2,EXTRALARGE,DOUBLE
c,choose_hints,atax,4,0.001470,2,EXTRALARGE,DOUBLE
c,choose_hints,atax,5,0.001450,2,EXTRALARGE,DOUBLE
c,choose_hints,bicg,1,0.001092,2,EXTRALARGE,DOUBLE
c,choose_hints,bicg,2,0.001118,2,EXTRALARGE,DOUBLE
c,choose_hints,bicg,3,0.001083,2,EXTRALARGE,DOUBLE
c,choose_hints,bicg,4,0.001110,2,EXTRALARGE,DOUBLE
c,choose_hints,bicg,5,0.001096,2,EXTRALARGE,DOUBLE
c,choose_hints,correlation,1,12.129302,2,EXTRALARGE,DOUBLE
c,choose_hints,correlation,2,12.182288,2,EXTRALARGE,DOUBLE
c,choose_hints,correlation,3,12.460315,2,EXTRALARGE,DOUBLE
c,choose_hints,correlation,4,12.471730,2,EXTRALARGE,DOUBLE
c,choose_hints,correlation,5,12.246344,2,EXTRALARGE,DOUBLE
c,choose_hints,covariance,1,0.979262,2,EXTRALARGE,DOUBLE
c,choose_hints,covariance,2,1.045711,2,EXTRALARGE,DOUBLE
c,choose_hints,covariance,3,1.028884,2,EXTRALARGE,DOUBLE
c,choose_hints,covariance,4,1.038290,2,EXTRALARGE,DOUBLE
c,choose_hints,covariance,5,0.975684,2,EXTRALARGE,DOUBLE
c,choose_hints,deriche,1,0.310410,2,EXTRALARGE,DOUBLE
c,choose_hints,deriche,2,0.312898,2,EXTRALARGE,DOUBLE
c,choose_hints,deriche,3,0.312134,2,EXTRALARGE,DOUBLE
c,choose_hints,deriche,4,0.312047,2,EXTRALARGE,DOUBLE
c,choose_hints,deriche,5,0.314641,2,EXTRALARGE,DOUBLE
c,choose_hints,doitgen,1,0.023379,2,EXTRALARGE,DOUBLE
c,choose_hints,doitgen,2,0.023405,2,EXTRALARGE,DOUBLE
c,choose_hints,doitgen,3,0.023405,2,EXTRALARGE,DOUBLE
c,choose_hints,doitgen,4,0.023440,2,EXTRALARGE,DOUBLE
c,choose_hints,doitgen,5,0.023356,2,EXTRALARGE,DOUBLE
c,choose_hints,durbin,1,0.019074,2,EXTRALARGE,DOUBLE
c,choose_hints,durbin,2,0.019154,2,EXTRALARGE,DOUBLE
c,choose_hints,durbin,3,0.019154,2,EXTRALARGE,DOUBLE
c,choose_hints,durbin,4,0.019152,2,EXTRALARGE,DOUBLE
c,choose_hints,durbin,5,0.019159,2,EXTRALARGE,DOUBLE
c,choose_hints,fdtd-2d,1,7.331790,2,EXTRALARGE,DOUBLE
c,choose_hints,fdtd-2d,2,6.841758,2,EXTRALARGE,DOUBLE
c,choose_hints,fdtd-2d,3,7.032556,2,EXTRALARGE,DOUBLE
c,choose_hints,fdtd-2d,4,7.890551,2,EXTRALARGE,DOUBLE
c,choose_hints,fdtd-2d,5,6.277674,2,EXTRALARGE,DOUBLE
c,choose_hints,floyd-warshall,1,129.343219,2,EXTRALARGE,DOUBLE
c,choose_hints,floyd-warshall,2,129.177195,2,EXTRALARGE,DOUBLE
c,choose_hints,floyd-warshall,3,129.932713,2,EXTRALARGE,DOUBLE
c,choose_hints,floyd-warshall,4,129.221062,2,EXTRALARGE,DOUBLE
c,choose_hints,floyd-warshall,5,131.144270,2,EXTRALARGE,DOUBLE
c,choose_hints,gemm,1,0.140268,2,EXTRALARGE,DOUBLE
c,choose_hints,gemm,2,0.139024,2,EXTRALARGE,DOUBLE
c,choose_hints,gemm,3,0.139772,2,EXTRALARGE,DOUBLE
c,choose_hints,gemm,4,0.140356,2,EXTRALARGE,DOUBLE
c,choose_hints,gemm,5,0.140324,2,EXTRALARGE,DOUBLE
c,choose_hints,gemver,1,0.014012,2,EXTRALARGE,DOUBLE
c,choose_hints,gemver,2,0.014212,2,EXTRALARGE,DOUBLE
c,choose_hints,gemver,3,0.014156,2,EXTRALARGE,DOUBLE
c,choose_hints,gemver,4,0.014038,2,EXTRALARGE,DOUBLE
c,choose_hints,gemver,5,0.014254,2,EXTRALARGE,DOUBLE
c,choose_hints,gesummv,1,0.005315,2,EXTRALARGE,DOUBLE
c,choose_hints,gesummv,2,0.005351,2,EXTRALARGE,DOUBLE
c,choose_hints,gesummv,3,0.005334,2,EXTRALARGE,DOUBLE
c,choose_hints,gesummv,4,0.005304,2,EXTRALARGE,DOUBLE
c,choose_hints,gesummv,5,0.005358,2,EXTRALARGE,DOUBLE
c,choose_hints,heat-3d,1,13.003071,2,EXTRALARGE,DOUBLE
c,choose_hints,heat-3d,2,14.552564,2,EXTRALARGE,DOUBLE
c,choose_hints,heat-3d,3,11.681331,2,EXTRALARGE,DOUBLE
c,choose_hints,heat-3d,4,14.559119,2,EXTRALARGE,DOUBLE
c,choose_hints,heat-3d,5,14.083276,2,EXTRALARGE,DOUBLE
c,choose_hints,jacobi-1d,1,0.019034,2,EXTRALARGE,DOUBLE
c,choose_hints,jacobi-1d,2,0.018561,2,EXTRALARGE,DOUBLE
c,choose_hints,jacobi-1d,3,0.026275,2,EXTRALARGE,DOUBLE
c,choose_hints,jacobi-1d,4,0.018102,2,EXTRALARGE,DOUBLE
c,choose_hints,jacobi-1d,5,0.017465,2,EXTRALARGE,DOUBLE
c,choose_hints,jacobi-2d,1,6.028260,2,EXTRALARGE,DOUBLE
c,choose_hints,jacobi-2d,2,6.429857,2,EXTRALARGE,DOUBLE
c,choose_hints,jacobi-2d,3,6.387023,2,EXTRALARGE,DOUBLE
c,choose_hints,jacobi-2d,4,6.909970,2,EXTRALARGE,DOUBLE
c,choose_hints,jacobi-2d,5,6.143872,2,EXTRALARGE,DOUBLE
c,choose_hints,lu,1,30.473717,2,EXTRALARGE,DOUBLE
c,choose_hints,lu,2,30.409124,2,EXTRALARGE,DOUBLE
c,choose_hints,lu,3,30.530987,2,EXTRALARGE,DOUBLE
c,choose_hints,lu,4,30.383053,2,EXTRALARGE,DOUBLE
c,choose_hints,lu,5,30.438804,2,EXTRALARGE,DOUBLE
c,choose_hints,ludcmp,1,25.148344,2,EXTRALARGE,DOUBLE
c,choose_hints,ludcmp,2,26.426927,2,EXTRALARGE,DOUBLE
c,choose_hints,ludcmp,3,25.873584,2,EXTRALARGE,DOUBLE
c,choose_hints,ludcmp,4,25.151990,2,EXTRALARGE,DOUBLE
c,choose_hints,ludcmp,5,25.579928,2,EXTRALARGE,DOUBLE
c,choose_hints,mvt,1,0.008258,2,EXTRALARGE,DOUBLE
c,choose_hints,mvt,2,0.008167,2,EXTRALARGE,DOUBLE
c,choose_hints,mvt,3,0.008138,2,EXTRALARGE,DOUBLE
c,choose_hints,mvt,4,0.008229,2,EXTRALARGE,DOUBLE
c,choose_hints,mvt,5,0.008142,2,EXTRALARGE,DOUBLE
c,choose_hints,nussinov,1,5.867865,2,EXTRALARGE,DOUBLE
c,choose_hints,nussinov,2,5.727865,2,EXTRALARGE,DOUBLE
c,choose_hints,nussinov,3,5.920666,2,EXTRALARGE,DOUBLE
c,choose_hints,nussinov,4,5.578006,2,EXTRALARGE,DOUBLE
c,choose_hints,nussinov,5,6.120086,2,EXTRALARGE,DOUBLE
c,choose_hints,seidel-2d,1,223.617904,2,EXTRALARGE,DOUBLE
c,choose_hints,seidel-2d,2,223.618148,2,EXTRALARGE,DOUBLE
c,choose_hints,seidel-2d,3,223.621030,2,EXTRALARGE,DOUBLE
c,choose_hints,seidel-2d,4,223.626989,2,EXTRALARGE,DOUBLE
c,choose_hints,seidel-2d,5,223.626553,2,EXTRALARGE,DOUBLE
c,choose_hints,symm,1,1.174754,2,EXTRALARGE,DOUBLE
c,choose_hints,symm,2,1.120152,2,EXTRALARGE,DOUBLE
c,choose_hints,symm,3,1.078759,2,EXTRALARGE,DOUBLE
c,choose_hints,symm,4,1.052359,2,EXTRALARGE,DOUBLE
c,choose_hints,symm,5,1.045635,2,EXTRALARGE,DOUBLE
c,choose_hints,syr2k,1,0.902676,2,EXTRALARGE,DOUBLE
c,choose_hints,syr2k,2,0.877654,2,EXTRALARGE,DOUBLE
c,choose_hints,syr2k,3,0.900648,2,EXTRALARGE,DOUBLE
c,choose_hints,syr2k,4,0.891986,2,EXTRALARGE,DOUBLE
c,choose_hints,syr2k,5,0.933855,2,EXTRALARGE,DOUBLE
c,choose_hints,syrk,1,0.370703,2,EXTRALARGE,DOUBLE
c,choose_hints,syrk,2,0.362952,2,EXTRALARGE,DOUBLE
c,choose_hints,syrk,3,0.363792,2,EXTRALARGE,DOUBLE
c,choose_hints,syrk,4,0.366619,2,EXTRALARGE,DOUBLE
c,choose_hints,syrk,5,0.367641,2,EXTRALARGE,DOUBLE
c,choose_hints,trmm,1,2.774252,2,EXTRALARGE,DOUBLE
c,choose_hints,trmm,2,2.766296,2,EXTRALARGE,DOUBLE
c,choose_hints,trmm,3,2.802392,2,EXTRALARGE,DOUBLE
c,choose_hints,trmm,4,2.771931,2,EXTRALARGE,DOUBLE
c,choose_hints,trmm,5,2.755487,2,EXTRALARGE,DOUBLE
c,choose_hints,2mm,1,0.215347,3,EXTRALARGE,DOUBLE
c,choose_hints,2mm,2,0.217787,3,EXTRALARGE,DOUBLE
c,choose_hints,2mm,3,0.223753,3,EXTRALARGE,DOUBLE
c,choose_hints,2mm,4,0.220419,3,EXTRALARGE,DOUBLE
c,choose_hints,2mm,5,0.218780,3,EXTRALARGE,DOUBLE
c,choose_hints,3mm,1,0.362710,3,EXTRALARGE,DOUBLE
c,choose_hints,3mm,2,0.360721,3,EXTRALARGE,DOUBLE
c,choose_hints,3mm,3,0.360784,3,EXTRALARGE,DOUBLE
c,choose_hints,3mm,4,0.349320,3,EXTRALARGE,DOUBLE
c,choose_hints,3mm,5,0.358077,3,EXTRALARGE,DOUBLE
c,choose_hints,adi,1,85.770248,3,EXTRALARGE,DOUBLE
c,choose_hints,adi,2,85.652478,3,EXTRALARGE,DOUBLE
c,choose_hints,adi,3,85.684965,3,EXTRALARGE,DOUBLE
c,choose_hints,adi,4,85.798848,3,EXTRALARGE,DOUBLE
c,choose_hints,adi,5,85.763668,3,EXTRALARGE,DOUBLE
c,choose_hints,atax,1,0.002584,3,EXTRALARGE,DOUBLE
c,choose_hints,atax,2,0.002664,3,EXTRALARGE,DOUBLE
c,choose_hints,atax,3,0.002578,3,EXTRALARGE,DOUBLE
c,choose_hints,atax,4,0.002678,3,EXTRALARGE,DOUBLE
c,choose_hints,atax,5,0.002669,3,EXTRALARGE,DOUBLE
c,choose_hints,bicg,1,0.001127,3,EXTRALARGE,DOUBLE
c,choose_hints,bicg,2,0.001164,3,EXTRALARGE,DOUBLE
c,choose_hints,bicg,3,0.001153,3,EXTRALARGE,DOUBLE
c,choose_hints,bicg,4,0.001105,3,EXTRALARGE,DOUBLE
c,choose_hints,bicg,5,0.001089,3,EXTRALARGE,DOUBLE
c,choose_hints,cholesky,1,16.177772,3,EXTRALARGE,DOUBLE
c,choose_hints,cholesky,2,16.166457,3,EXTRALARGE,DOUBLE
c,choose_hints,cholesky,3,16.188683,3,EXTRALARGE,DOUBLE
c,choose_hints,cholesky,4,16.196113,3,EXTRALARGE,DOUBLE
c,choose_hints,cholesky,5,16.177840,3,EXTRALARGE,DOUBLE
c,choose_hints,correlation,1,0.999492,3,EXTRALARGE,DOUBLE
c,choose_hints,correlation,2,1.046927,3,EXTRALARGE,DOUBLE
c,choose_hints,correlation,3,1.025772,3,EXTRALARGE,DOUBLE
c,choose_hints,correlation,4,1.014090,3,EXTRALARGE,DOUBLE
c,choose_hints,correlation,5,0.989966,3,EXTRALARGE,DOUBLE
c,choose_hints,covariance,1,5.903698,3,EXTRALARGE,DOUBLE
c,choose_hints,covariance,2,5.837118,3,EXTRALARGE,DOUBLE
c,choose_hints,covariance,3,5.996357,3,EXTRALARGE,DOUBLE
c,choose_hints,covariance,4,5.883640,3,EXTRALARGE,DOUBLE
c,choose_hints,covariance,5,5.939474,3,EXTRALARGE,DOUBLE
c,choose_hints,deriche,1,0.293538,3,EXTRALARGE,DOUBLE
c,choose_hints,deriche,2,0.297623,3,EXTRALARGE,DOUBLE
c,choose_hints,deriche,3,0.296928,3,EXTRALARGE,DOUBLE
c,choose_hints,deriche,4,0.294546,3,EXTRALARGE,DOUBLE
c,choose_hints,deriche,5,0.296383,3,EXTRALARGE,DOUBLE
c,choose_hints,doitgen,1,0.031144,3,EXTRALARGE,DOUBLE
c,choose_hints,doitgen,2,0.031171,3,EXTRALARGE,DOUBLE
c,choose_hints,doitgen,3,0.030660,3,EXTRALARGE,DOUBLE
c,choose_hints,doitgen,4,0.030990,3,EXTRALARGE,DOUBLE
c,choose_hints,doitgen,5,0.030779,3,EXTRALARGE,DOUBLE
c,choose_hints,durbin,1,0.019240,3,EXTRALARGE,DOUBLE
c,choose_hints,durbin,2,0.019001,3,EXTRALARGE,DOUBLE
c,choose_hints,durbin,3,0.019250,3,EXTRALARGE,DOUBLE
c,choose_hints,durbin,4,0.019252,3,EXTRALARGE,DOUBLE
c,choose_hints,durbin,5,0.019259,3,EXTRALARGE,DOUBLE
c,choose_hints,fdtd-2d,1,7.524812,3,EXTRALARGE,DOUBLE
c,choose_hints,fdtd-2d,2,6.712202,3,EXTRALARGE,DOUBLE
c,choose_hints,fdtd-2d,3,6.259497,3,EXTRALARGE,DOUBLE
c,choose_hints,fdtd-2d,4,6.173019,3,EXTRALARGE,DOUBLE
c,choose_hints,fdtd-2d,5,6.625039,3,EXTRALARGE,DOUBLE
c,choose_hints,floyd-warshall,1,253.780852,3,EXTRALARGE,DOUBLE
c,choose_hints,floyd-warshall,2,254.306427,3,EXTRALARGE,DOUBLE
c,choose_hints,floyd-warshall,3,253.502220,3,EXTRALARGE,DOUBLE
c,choose_hints,floyd-warshall,4,255.274510,3,EXTRALARGE,DOUBLE
c,choose_hints,floyd-warshall,5,255.147371,3,EXTRALARGE,DOUBLE
c,choose_hints,gemm,1,0.256264,3,EXTRALARGE,DOUBLE
c,choose_hints,gemm,2,0.256122,3,EXTRALARGE,DOUBLE
c,choose_hints,gemm,3,0.254855,3,EXTRALARGE,DOUBLE
c,choose_hints,gemm,4,0.264078,3,EXTRALARGE,DOUBLE
c,choose_hints,gemm,5,0.255810,3,EXTRALARGE,DOUBLE
c,choose_hints,gemver,1,0.028098,3,EXTRALARGE,DOUBLE
c,choose_hints,gemver,2,0.028334,3,EXTRALARGE,DOUBLE
c,choose_hints,gemver,3,0.028310,3,EXTRALARGE,DOUBLE
c,choose_hints,gemver,4,0.028281,3,EXTRALARGE,DOUBLE
c,choose_hints,gemver,5,0.028234,3,EXTRALARGE,DOUBLE
c,choose_hints,gesummv,1,0.005401,3,EXTRALARGE,DOUBLE
c,choose_hints,gesummv,2,0.005315,3,EXTRALARGE,DOUBLE
c,choose_hints,gesummv,3,0.005299,3,EXTRALARGE,DOUBLE
c,choose_hints,gesummv,4,0.005347,3,EXTRALARGE,DOUBLE
c,choose_hints,gesummv,5,0.005356,3,EXTRALARGE,DOUBLE
c,choose_hints,heat-3d,1,11.999535,3,EXTRALARGE,DOUBLE
c,choose_hints,heat-3d,2,16.612484,3,EXTRALARGE,DOUBLE
c,choose_hints,heat-3d,3,14.557852,3,EXTRALARGE,DOUBLE
c,choose_hints,heat-3d,4,17.592626,3,EXTRALARGE,DOUBLE
c,choose_hints,heat-3d,5,12.160927,3,EXTRALARGE,DOUBLE
c,choose_hints,jacobi-1d,1,0.016791,3,EXTRALARGE,DOUBLE
c,choose_hints,jacobi-1d,2,0.016757,3,EXTRALARGE,DOUBLE
c,choose_hints,jacobi-1d,3,0.016481,3,EXTRALARGE,DOUBLE
c,choose_hints,jacobi-1d,4,0.017600,3,EXTRALARGE,DOUBLE
c,choose_hints,jacobi-1d,5,0.016478,3,EXTRALARGE,DOUBLE
c,choose_hints,jacobi-2d,1,6.277487,3,EXTRALARGE,DOUBLE
c,choose_hints,jacobi-2d,2,5.546555,3,EXTRALARGE,DOUBLE
c,choose_hints,jacobi-2d,3,5.224541,3,EXTRALARGE,DOUBLE
c,choose_hints,jacobi-2d,4,5.250826,3,EXTRALARGE,DOUBLE
c,choose_hints,jacobi-2d,5,5.084406,3,EXTRALARGE,DOUBLE
c,choose_hints,lu,1,30.459815,3,EXTRALARGE,DOUBLE
c,choose_hints,lu,2,30.412900,3,EXTRALARGE,DOUBLE
c,choose_hints,lu,3,30.137623,3,EXTRALARGE,DOUBLE
c,choose_hints,lu,4,30.069379,3,EXTRALARGE,DOUBLE
c,choose_hints,lu,5,30.375547,3,EXTRALARGE,DOUBLE
c,choose_hints,ludcmp,1,23.429803,3,EXTRALARGE,DOUBLE
c,choose_hints,ludcmp,2,23.614794,3,EXTRALARGE,DOUBLE
c,choose_hints,ludcmp,3,23.599074,3,EXTRALARGE,DOUBLE
c,choose_hints,ludcmp,4,23.393505,3,EXTRALARGE,DOUBLE
c,choose_hints,ludcmp,5,23.441424,3,EXTRALARGE,DOUBLE
c,choose_hints,mvt,1,0.070273,3,EXTRALARGE,DOUBLE
c,choose_hints,mvt,2,0.071004,3,EXTRALARGE,DOUBLE
c,choose_hints,mvt,3,0.071444,3,EXTRALARGE,DOUBLE
c,choose_hints,mvt,4,0.070065,3,EXTRALARGE,DOUBLE
c,choose_hints,mvt,5,0.071460,3,EXTRALARGE,DOUBLE
c,choose_hints,seidel-2d,1,116.495705,3,EXTRALARGE,DOUBLE
c,choose_hints,seidel-2d,2,116.480727,3,EXTRALARGE,DOUBLE
c,choose_hints,seidel-2d,3,116.479439,3,EXTRALARGE,DOUBLE
c,choose_hints,seidel-2d,4,116.470877,3,EXTRALARGE,DOUBLE
c,choose_hints,seidel-2d,5,116.479729,3,EXTRALARGE,DOUBLE
c,choose_hints,symm,1,0.409074,3,EXTRALARGE,DOUBLE
c,choose_hints,symm,2,0.410976,3,EXTRALARGE,DOUBLE
c,choose_hints,symm,3,0.411240,3,EXTRALARGE,DOUBLE
c,choose_hints,symm,4,0.407405,3,EXTRALARGE,DOUBLE
c,choose_hints,symm,5,0.407969,3,EXTRALARGE,DOUBLE
c,choose_hints,syr2k,1,0.832136,3,EXTRALARGE,DOUBLE
c,choose_hints,syr2k,2,0.919379,3,EXTRALARGE,DOUBLE
c,choose_hints,syr2k,3,0.940827,3,EXTRALARGE,DOUBLE
c,choose_hints,syr2k,4,0.900892,3,EXTRALARGE,DOUBLE
c,choose_hints,syr2k,5,0.864807,3,EXTRALARGE,DOUBLE
c,choose_hints,syrk,1,0.367766,3,EXTRALARGE,DOUBLE
c,choose_hints,syrk,2,0.364712,3,EXTRALARGE,DOUBLE
c,choose_hints,syrk,3,0.359757,3,EXTRALARGE,DOUBLE
c,choose_hints,syrk,4,0.362406,3,EXTRALARGE,DOUBLE
c,choose_hints,syrk,5,0.367992,3,EXTRALARGE,DOUBLE
c,choose_hints,trisolv,1,0.012767,3,EXTRALARGE,DOUBLE
c,choose_hints,trisolv,2,0.012793,3,EXTRALARGE,DOUBLE
c,choose_hints,trisolv,3,0.012924,3,EXTRALARGE,DOUBLE
c,choose_hints,trisolv,4,0.012786,3,EXTRALARGE,DOUBLE
c,choose_hints,trisolv,5,0.012853,3,EXTRALARGE,DOUBLE
c,choose_hints,trmm,1,2.759988,3,EXTRALARGE,DOUBLE
c,choose_hints,trmm,2,2.777289,3,EXTRALARGE,DOUBLE
c,choose_hints,trmm,3,2.763988,3,EXTRALARGE,DOUBLE
c,choose_hints,trmm,4,2.777967,3,EXTRALARGE,DOUBLE
c,choose_hints,trmm,5,2.782424,3,EXTRALARGE,DOUBLE
c,choose_hints,2mm,1,0.207842,4,EXTRALARGE,DOUBLE
c,choose_hints,2mm,2,0.205058,4,EXTRALARGE,DOUBLE
c,choose_hints,2mm,3,0.205489,4,EXTRALARGE,DOUBLE
c,choose_hints,2mm,4,0.217194,4,EXTRALARGE,DOUBLE
c,choose_hints,2mm,5,0.207869,4,EXTRALARGE,DOUBLE
c,choose_hints,3mm,1,0.367883,4,EXTRALARGE,DOUBLE
c,choose_hints,3mm,2,0.377794,4,EXTRALARGE,DOUBLE
c,choose_hints,3mm,3,0.370972,4,EXTRALARGE,DOUBLE
c,choose_hints,3mm,4,0.383539,4,EXTRALARGE,DOUBLE
c,choose_hints,3mm,5,0.378958,4,EXTRALARGE,DOUBLE
c,choose_hints,adi,1,11.919986,4,EXTRALARGE,DOUBLE
c,choose_hints,adi,2,12.347835,4,EXTRALARGE,DOUBLE
c,choose_hints,adi,3,11.725221,4,EXTRALARGE,DOUBLE
c,choose_hints,adi,4,12.512699,4,EXTRALARGE,DOUBLE
c,choose_hints,adi,5,11.934026,4,EXTRALARGE,DOUBLE
c,choose_hints,atax,1,0.001430,4,EXTRALARGE,DOUBLE
c,choose_hints,atax,2,0.001716,4,EXTRALARGE,DOUBLE
c,choose_hints,atax,3,0.001449,4,EXTRALARGE,DOUBLE
c,choose_hints,atax,4,0.001509,4,EXTRALARGE,DOUBLE
c,choose_hints,atax,5,0.001617,4,EXTRALARGE,DOUBLE
c,choose_hints,bicg,1,0.006065,4,EXTRALARGE,DOUBLE
c,choose_hints,bicg,2,0.006461,4,EXTRALARGE,DOUBLE
c,choose_hints,bicg,3,0.006129,4,EXTRALARGE,DOUBLE
c,choose_hints,bicg,4,0.006153,4,EXTRALARGE,DOUBLE
c,choose_hints,bicg,5,0.006119,4,EXTRALARGE,DOUBLE
c,choose_hints,covariance,1,5.911433,4,EXTRALARGE,DOUBLE
c,choose_hints,covariance,2,5.940556,4,EXTRALARGE,DOUBLE
c,choose_hints,covariance,3,6.036282,4,EXTRALARGE,DOUBLE
c,choose_hints,covariance,4,5.837256,4,EXTRALARGE,DOUBLE
c,choose_hints,covariance,5,6.036122,4,EXTRALARGE,DOUBLE
c,choose_hints,deriche,1,0.295722,4,EXTRALARGE,DOUBLE
c,choose_hints,deriche,2,0.295801,4,EXTRALARGE,DOUBLE
c,choose_hints,deriche,3,0.293682,4,EXTRALARGE,DOUBLE
c,choose_hints,deriche,4,0.294085,4,EXTRALARGE,DOUBLE
c,choose_hints,deriche,5,0.295071,4,EXTRALARGE,DOUBLE
c,choose_hints,doitgen,1,0.023195,4,EXTRALARGE,DOUBLE
c,choose_hints,doitgen,2,0.023305,4,EXTRALARGE,DOUBLE
c,choose_hints,doitgen,3,0.023189,4,EXTRALARGE,DOUBLE
c,choose_hints,doitgen,4,0.023391,4,EXTRALARGE,DOUBLE
c,choose_hints,doitgen,5,0.023136,4,EXTRALARGE,DOUBLE
c,choose_hints,durbin,1,0.015945,4,EXTRALARGE,DOUBLE
c,choose_hints,durbin,2,0.016060,4,EXTRALARGE,DOUBLE
c,choose_hints,durbin,3,0.016034,4,EXTRALARGE,DOUBLE
c,choose_hints,durbin,4,0.016016,4,EXTRALARGE,DOUBLE
c,choose_hints,durbin,5,0.016028,4,EXTRALARGE,DOUBLE
c,choose_hints,floyd-warshall,1,24.222168,4,EXTRALARGE,DOUBLE
c,choose_hints,floyd-warshall,2,22.437333,4,EXTRALARGE,DOUBLE
c,choose_hints,floyd-warshall,3,22.149369,4,EXTRALARGE,DOUBLE
c,choose_hints,floyd-warshall,4,24.067137,4,EXTRALARGE,DOUBLE
c,choose_hints,floyd-warshall,5,22.958073,4,EXTRALARGE,DOUBLE
c,choose_hints,gemm,1,3.080753,4,EXTRALARGE,DOUBLE
c,choose_hints,gemm,2,3.070437,4,EXTRALARGE,DOUBLE
c,choose_hints,gemm,3,3.072865,4,EXTRALARGE,DOUBLE
c,choose_hints,gemm,4,3.057791,4,EXTRALARGE,DOUBLE
c,choose_hints,gemm,5,3.075620,4,EXTRALARGE,DOUBLE
c,choose_hints,gemver,1,0.028538,4,EXTRALARGE,DOUBLE
c,choose_hints,gemver,2,0.028630,4,EXTRALARGE,DOUBLE
c,choose_hints,gemver,3,0.028446,4,EXTRALARGE,DOUBLE
c,choose_hints,gemver,4,0.028555,4,EXTRALARGE,DOUBLE
c,choose_hints,gemver,5,0.028735,4,EXTRALARGE,DOUBLE
c,choose_hints,gesummv,1,0.005317,4,EXTRALARGE,DOUBLE
c,choose_hints,gesummv,2,0.005323,4,EXTRALARGE,DOUBLE
c,choose_hints,gesummv,3,0.005359,4,EXTRALARGE,DOUBLE
c,choose_hints,gesummv,4,0.005320,4,EXTRALARGE,DOUBLE
c,choose_hints,gesummv,5,0.005337,4,EXTRALARGE,DOUBLE
c,choose_hints,gramschmidt,1,8.007490,4,EXTRALARGE,DOUBLE
c,choose_hints,gramschmidt,2,7.987934,4,EXTRALARGE,DOUBLE
c,choose_hints,gramschmidt,3,8.099091,4,EXTRALARGE,DOUBLE
c,choose_hints,gramschmidt,4,8.001473,4,EXTRALARGE,DOUBLE
c,choose_hints,gramschmidt,5,8.085247,4,EXTRALARGE,DOUBLE
c,choose_hints,heat-3d,1,7.718013,4,EXTRALARGE,DOUBLE
c,choose_hints,heat-3d,2,6.639507,4,EXTRALARGE,DOUBLE
c,choose_hints,heat-3d,3,6.966027,4,EXTRALARGE,DOUBLE
c,choose_hints,heat-3d,4,6.620845,4,EXTRALARGE,DOUBLE
c,choose_hints,heat-3d,5,6.703318,4,EXTRALARGE,DOUBLE
c,choose_hints,jacobi-1d,1,0.018104,4,EXTRALARGE,DOUBLE
c,choose_hints,jacobi-1d,2,0.018671,4,EXTRALARGE,DOUBLE
c,choose_hints,jacobi-1d,3,0.018002,4,EXTRALARGE,DOUBLE
c,choose_hints,jacobi-1d,4,0.018321,4,EXTRALARGE,DOUBLE
c,choose_hints,jacobi-1d,5,0.018601,4,EXTRALARGE,DOUBLE
c,choose_hints,jacobi-2d,1,6.574828,4,EXTRALARGE,DOUBLE
c,choose_hints,jacobi-2d,2,5.847599,4,EXTRALARGE,DOUBLE
c,choose_hints,jacobi-2d,3,5.976181,4,EXTRALARGE,DOUBLE
c,choose_hints,jacobi-2d,4,4.967992,4,EXTRALARGE,DOUBLE
c,choose_hints,jacobi-2d,5,5.327843,4,EXTRALARGE,DOUBLE
c,choose_hints,lu,1,30.407015,4,EXTRALARGE,DOUBLE
c,choose_hints,lu,2,30.510883,4,EXTRALARGE,DOUBLE
c,choose_hints,lu,3,30.104449,4,EXTRALARGE,DOUBLE
c,choose_hints,lu,4,30.190587,4,EXTRALARGE,DOUBLE
c,choose_hints,lu,5,30.361084,4,EXTRALARGE,DOUBLE
c,choose_hints,ludcmp,1,26.640605,4,EXTRALARGE,DOUBLE
c,choose_hints,ludcmp,2,25.463722,4,EXTRALARGE,DOUBLE
c,choose_hints,ludcmp,3,26.836602,4,EXTRALARGE,DOUBLE
c,choose_hints,ludcmp,4,25.682024,4,EXTRALARGE,DOUBLE
c,choose_hints,ludcmp,5,26.394349,4,EXTRALARGE,DOUBLE
c,choose_hints,nussinov,1,5.810160,4,EXTRALARGE,DOUBLE
c,choose_hints,nussinov,2,5.847272,4,EXTRALARGE,DOUBLE
c,choose_hints,nussinov,3,6.051457,4,EXTRALARGE,DOUBLE
c,choose_hints,nussinov,4,7.994180,4,EXTRALARGE,DOUBLE
c,choose_hints,nussinov,5,5.146522,4,EXTRALARGE,DOUBLE
c,choose_hints,seidel-2d,1,217.880688,4,EXTRALARGE,DOUBLE
c,choose_hints,seidel-2d,2,217.877380,4,EXTRALARGE,DOUBLE
c,choose_hints,seidel-2d,3,217.876553,4,EXTRALARGE,DOUBLE
c,choose_hints,seidel-2d,4,217.874617,4,EXTRALARGE,DOUBLE
c,choose_hints,seidel-2d,5,217.875255,4,EXTRALARGE,DOUBLE
c,choose_hints,symm,1,0.492303,4,EXTRALARGE,DOUBLE
c,choose_hints,symm,2,0.430466,4,EXTRALARGE,DOUBLE
c,choose_hints,symm,3,0.392633,4,EXTRALARGE,DOUBLE
c,choose_hints,symm,4,0.427268,4,EXTRALARGE,DOUBLE
c,choose_hints,symm,5,0.473058,4,EXTRALARGE,DOUBLE
c,choose_hints,syr2k,1,0.893397,4,EXTRALARGE,DOUBLE
c,choose_hints,syr2k,2,0.917615,4,EXTRALARGE,DOUBLE
c,choose_hints,syr2k,3,0.957654,4,EXTRALARGE,DOUBLE
c,choose_hints,syr2k,4,0.852312,4,EXTRALARGE,DOUBLE
c,choose_hints,syr2k,5,0.896845,4,EXTRALARGE,DOUBLE
c,choose_hints,syrk,1,0.444111,4,EXTRALARGE,DOUBLE
c,choose_hints,syrk,2,0.440056,4,EXTRALARGE,DOUBLE
c,choose_hints,syrk,3,0.410074,4,EXTRALARGE,DOUBLE
c,choose_hints,syrk,4,0.398466,4,EXTRALARGE,DOUBLE
c,choose_hints,syrk,5,0.385016,4,EXTRALARGE,DOUBLE
c,choose_hints,trmm,1,0.114494,4,EXTRALARGE,DOUBLE
c,choose_hints,trmm,2,0.115374,4,EXTRALARGE,DOUBLE
c,choose_hints,trmm,3,0.112746,4,EXTRALARGE,DOUBLE
c,choose_hints,trmm,4,0.119224,4,EXTRALARGE,DOUBLE
c,choose_hints,trmm,5,0.111572,4,EXTRALARGE,DOUBLE
c,choose_hints,2mm,1,0.218616,5,EXTRALARGE,DOUBLE
c,choose_hints,2mm,2,0.213789,5,EXTRALARGE,DOUBLE
c,choose_hints,2mm,3,0.211502,5,EXTRALARGE,DOUBLE
c,choose_hints,2mm,4,0.214233,5,EXTRALARGE,DOUBLE
c,choose_hints,2mm,5,0.216724,5,EXTRALARGE,DOUBLE
c,choose_hints,adi,1,12.516087,5,EXTRALARGE,DOUBLE
c,choose_hints,adi,2,12.373635,5,EXTRALARGE,DOUBLE
c,choose_hints,adi,3,11.246425,5,EXTRALARGE,DOUBLE
c,choose_hints,adi,4,12.637193,5,EXTRALARGE,DOUBLE
c,choose_hints,adi,5,13.235392,5,EXTRALARGE,DOUBLE
c,choose_hints,atax,1,0.001373,5,EXTRALARGE,DOUBLE
c,choose_hints,atax,2,0.001428,5,EXTRALARGE,DOUBLE
c,choose_hints,atax,3,0.001372,5,EXTRALARGE,DOUBLE
c,choose_hints,atax,4,0.001398,5,EXTRALARGE,DOUBLE
c,choose_hints,atax,5,0.001371,5,EXTRALARGE,DOUBLE
c,choose_hints,bicg,1,0.001111,5,EXTRALARGE,DOUBLE
c,choose_hints,bicg,2,0.001119,5,EXTRALARGE,DOUBLE
c,choose_hints,bicg,3,0.001110,5,EXTRALARGE,DOUBLE
c,choose_hints,bicg,4,0.001078,5,EXTRALARGE,DOUBLE
c,choose_hints,bicg,5,0.001082,5,EXTRALARGE,DOUBLE
c,choose_hints,cholesky,1,16.142640,5,EXTRALARGE,DOUBLE
c,choose_hints,cholesky,2,16.185065,5,EXTRALARGE,DOUBLE
c,choose_hints,cholesky,3,16.162255,5,EXTRALARGE,DOUBLE
c,choose_hints,cholesky,4,16.133255,5,EXTRALARGE,DOUBLE
c,choose_hints,cholesky,5,16.148318,5,EXTRALARGE,DOUBLE
c,choose_hints,correlation,1,0.995121,5,EXTRALARGE,DOUBLE
c,choose_hints,correlation,2,0.998831,5,EXTRALARGE,DOUBLE
c,choose_hints,correlation,3,0.986023,5,EXTRALARGE,DOUBLE
c,choose_hints,correlation,4,0.996342,5,EXTRALARGE,DOUBLE
c,choose_hints,correlation,5,1.014704,5,EXTRALARGE,DOUBLE
c,choose_hints,covariance,1,5.949755,5,EXTRALARGE,DOUBLE
c,choose_hints,covariance,2,6.018179,5,EXTRALARGE,DOUBLE
c,choose_hints,covariance,3,6.022156,5,EXTRALARGE,DOUBLE
c,choose_hints,covariance,4,5.933487,5,EXTRALARGE,DOUBLE
c,choose_hints,covariance,5,5.938429,5,EXTRALARGE,DOUBLE
c,choose_hints,deriche,1,0.643037,5,EXTRALARGE,DOUBLE
c,choose_hints,deriche,2,0.629507,5,EXTRALARGE,DOUBLE
c,choose_hints,deriche,3,0.625921,5,EXTRALARGE,DOUBLE
c,choose_hints,deriche,4,0.629652,5,EXTRALARGE,DOUBLE
c,choose_hints,deriche,5,0.648353,5,EXTRALARGE,DOUBLE
c,choose_hints,doitgen,1,0.020950,5,EXTRALARGE,DOUBLE
c,choose_hints,doitgen,2,0.020836,5,EXTRALARGE,DOUBLE
c,choose_hints,doitgen,3,0.020261,5,EXTRALARGE,DOUBLE
c,choose_hints,doitgen,4,0.019804,5,EXTRALARGE,DOUBLE
c,choose_hints,doitgen,5,0.020702,5,EXTRALARGE,DOUBLE
c,choose_hints,durbin,1,0.019099,5,EXTRALARGE,DOUBLE
c,choose_hints,durbin,2,0.019185,5,EXTRALARGE,DOUBLE
c,choose_hints,durbin,3,0.019101,5,EXTRALARGE,DOUBLE
c,choose_hints,durbin,4,0.019169,5,EXTRALARGE,DOUBLE
c,choose_hints,durbin,5,0.019106,5,EXTRALARGE,DOUBLE
c,choose_hints,fdtd-2d,1,6.474367,5,EXTRALARGE,DOUBLE
c,choose_hints,fdtd-2d,2,7.136774,5,EXTRALARGE,DOUBLE
c,choose_hints,fdtd-2d,3,6.378206,5,EXTRALARGE,DOUBLE
c,choose_hints,fdtd-2d,4,6.819377,5,EXTRALARGE,DOUBLE
c,choose_hints,fdtd-2d,5,7.248069,5,EXTRALARGE,DOUBLE
c,choose_hints,floyd-warshall,1,24.154532,5,EXTRALARGE,DOUBLE
c,choose_hints,floyd-warshall,2,22.094655,5,EXTRALARGE,DOUBLE
c,choose_hints,floyd-warshall,3,20.437402,5,EXTRALARGE,DOUBLE
c,choose_hints,floyd-warshall,4,23.665376,5,EXTRALARGE,DOUBLE
c,choose_hints,floyd-warshall,5,23.884331,5,EXTRALARGE,DOUBLE
c,choose_hints,gemm,1,0.209954,5,EXTRALARGE,DOUBLE
c,choose_hints,gemm,2,0.205401,5,EXTRALARGE,DOUBLE
c,choose_hints,gemm,3,0.213743,5,EXTRALARGE,DOUBLE
c,choose_hints,gemm,4,0.213300,5,EXTRALARGE,DOUBLE
c,choose_hints,gemm,5,0.204666,5,EXTRALARGE,DOUBLE
c,choose_hints,gemver,1,0.027941,5,EXTRALARGE,DOUBLE
c,choose_hints,gemver,2,0.028142,5,EXTRALARGE,DOUBLE
c,choose_hints,gemver,3,0.027989,5,EXTRALARGE,DOUBLE
c,choose_hints,gemver,4,0.028205,5,EXTRALARGE,DOUBLE
c,choose_hints,gemver,5,0.027879,5,EXTRALARGE,DOUBLE
c,choose_hints,gesummv,1,0.005377,5,EXTRALARGE,DOUBLE
c,choose_hints,gesummv,2,0.005379,5,EXTRALARGE,DOUBLE
c,choose_hints,gesummv,3,0.005375,5,EXTRALARGE,DOUBLE
c,choose_hints,gesummv,4,0.005373,5,EXTRALARGE,DOUBLE
c,choose_hints,gesummv,5,0.005338,5,EXTRALARGE,DOUBLE
c,choose_hints,heat-3d,1,12.940306,5,EXTRALARGE,DOUBLE
c,choose_hints,heat-3d,2,17.436648,5,EXTRALARGE,DOUBLE
c,choose_hints,heat-3d,3,13.859794,5,EXTRALARGE,DOUBLE
c,choose_hints,heat-3d,4,12.828263,5,EXTRALARGE,DOUBLE
c,choose_hints,heat-3d,5,14.542343,5,EXTRALARGE,DOUBLE
c,choose_hints,jacobi-1d,1,0.017979,5,EXTRALARGE,DOUBLE
c,choose_hints,jacobi-1d,2,0.017733,5,EXTRALARGE,DOUBLE
c,choose_hints,jacobi-1d,3,0.018100,5,EXTRALARGE,DOUBLE
c,choose_hints,jacobi-1d,4,0.017310,5,EXTRALARGE,DOUBLE
c,choose_hints,jacobi-1d,5,0.016707,5,EXTRALARGE,DOUBLE
c,choose_hints,jacobi-2d,1,7.105498,5,EXTRALARGE,DOUBLE
c,choose_hints,jacobi-2d,2,5.967792,5,EXTRALARGE,DOUBLE
c,choose_hints,jacobi-2d,3,6.065572,5,EXTRALARGE,DOUBLE
c,choose_hints,jacobi-2d,4,6.671756,5,EXTRALARGE,DOUBLE
c,choose_hints,jacobi-2d,5,6.791248,5,EXTRALARGE,DOUBLE
c,choose_hints,lu,1,26.834458,5,EXTRALARGE,DOUBLE
c,choose_hints,lu,2,27.440369,5,EXTRALARGE,DOUBLE
c,choose_hints,lu,3,26.823744,5,EXTRALARGE,DOUBLE
c,choose_hints,lu,4,26.623520,5,EXTRALARGE,DOUBLE
c,choose_hints,lu,5,27.307392,5,EXTRALARGE,DOUBLE
c,choose_hints,ludcmp,1,30.779343,5,EXTRALARGE,DOUBLE
c,choose_hints,ludcmp,2,30.063283,5,EXTRALARGE,DOUBLE
c,choose_hints,ludcmp,3,30.781110,5,EXTRALARGE,DOUBLE
c,choose_hints,ludcmp,4,30.737356,5,EXTRALARGE,DOUBLE
c,choose_hints,ludcmp,5,30.525385,5,EXTRALARGE,DOUBLE
c,choose_hints,mvt,1,0.012526,5,EXTRALARGE,DOUBLE
c,choose_hints,mvt,2,0.012348,5,EXTRALARGE,DOUBLE
c,choose_hints,mvt,3,0.012449,5,EXTRALARGE,DOUBLE
c,choose_hints,mvt,4,0.012270,5,EXTRALARGE,DOUBLE
c,choose_hints,mvt,5,0.012374,5,EXTRALARGE,DOUBLE
c,choose_hints,nussinov,1,5.879702,5,EXTRALARGE,DOUBLE
c,choose_hints,nussinov,2,8.618106,5,EXTRALARGE,DOUBLE
c,choose_hints,nussinov,3,5.998826,5,EXTRALARGE,DOUBLE
c,choose_hints,nussinov,4,5.776588,5,EXTRALARGE,DOUBLE
c,choose_hints,nussinov,5,5.884936,5,EXTRALARGE,DOUBLE
c,choose_hints,seidel-2d,1,177.765753,5,EXTRALARGE,DOUBLE
c,choose_hints,seidel-2d,2,177.769137,5,EXTRALARGE,DOUBLE
c,choose_hints,seidel-2d,3,177.756985,5,EXTRALARGE,DOUBLE
c,choose_hints,seidel-2d,4,177.764232,5,EXTRALARGE,DOUBLE
c,choose_hints,seidel-2d,5,177.752282,5,EXTRALARGE,DOUBLE
c,choose_hints,symm,1,1.112191,5,EXTRALARGE,DOUBLE
c,choose_hints,symm,2,1.126900,5,EXTRALARGE,DOUBLE
c,choose_hints,symm,3,1.133824,5,EXTRALARGE,DOUBLE
c,choose_hints,symm,4,1.198137,5,EXTRALARGE,DOUBLE
c,choose_hints,symm,5,1.096321,5,EXTRALARGE,DOUBLE
c,choose_hints,syr2k,1,0.886715,5,EXTRALARGE,DOUBLE
c,choose_hints,syr2k,2,0.845614,5,EXTRALARGE,DOUBLE
c,choose_hints,syr2k,3,0.889553,5,EXTRALARGE,DOUBLE
c,choose_hints,syr2k,4,0.929185,5,EXTRALARGE,DOUBLE
c,choose_hints,syr2k,5,0.872468,5,EXTRALARGE,DOUBLE
c,choose_hints,syrk,1,0.370812,5,EXTRALARGE,DOUBLE
c,choose_hints,syrk,2,0.363939,5,EXTRALARGE,DOUBLE
c,choose_hints,syrk,3,0.367698,5,EXTRALARGE,DOUBLE
c,choose_hints,syrk,4,0.372642,5,EXTRALARGE,DOUBLE
c,choose_hints,syrk,5,0.367605,5,EXTRALARGE,DOUBLE
c,choose_hints,trmm,1,2.492947,5,EXTRALARGE,DOUBLE
c,choose_hints,trmm,2,2.533104,5,EXTRALARGE,DOUBLE
c,choose_hints,trmm,3,2.586787,5,EXTRALARGE,DOUBLE
c,choose_hints,trmm,4,2.512226,5,EXTRALARGE,DOUBLE
c,choose_hints,trmm,5,2.475245,5,EXTRALARGE,DOUBLE
noarr,choose_hints,2mm,1,8.759258,1,EXTRALARGE,DOUBLE
noarr,choose_hints,2mm,2,8.767078,1,EXTRALARGE,DOUBLE
noarr,choose_hints,2mm,3,8.869888,1,EXTRALARGE,DOUBLE
noarr,choose_hints,2mm,4,8.785845,1,EXTRALARGE,DOUBLE
noarr,choose_hints,2mm,5,8.726806,1,EXTRALARGE,DOUBLE
noarr,choose_hints,3mm,1,13.452013,1,EXTRALARGE,DOUBLE
noarr,choose_hints,3mm,2,13.715926,1,EXTRALARGE,DOUBLE
noarr,choose_hints,3mm,3,13.459456,1,EXTRALARGE,DOUBLE
noarr,choose_hints,3mm,4,13.419386,1,EXTRALARGE,DOUBLE
noarr,choose_hints,3mm,5,13.426126,1,EXTRALARGE,DOUBLE
noarr,choose_hints,adi,1,11.323249,1,EXTRALARGE,DOUBLE
noarr,choose_hints,adi,2,11.693456,1,EXTRALARGE,DOUBLE
noarr,choose_hints,adi,3,18.234442,1,EXTRALARGE,DOUBLE
noarr,choose_hints,adi,4,11.156988,1,EXTRALARGE,DOUBLE
noarr,choose_hints,adi,5,14.019202,1,EXTRALARGE,DOUBLE
noarr,choose_hints,atax,1,0.008361,1,EXTRALARGE,DOUBLE
noarr,choose_hints,atax,2,0.008264,1,EXTRALARGE,DOUBLE
noarr,choose_hints,atax,3,0.008258,1,EXTRALARGE,DOUBLE
noarr,choose_hints,atax,4,0.008242,1,EXTRALARGE,DOUBLE
noarr,choose_hints,atax,5,0.008226,1,EXTRALARGE,DOUBLE
noarr,choose_hints,bicg,1,0.006499,1,EXTRALARGE,DOUBLE
noarr,choose_hints,bicg,2,0.006442,1,EXTRALARGE,DOUBLE
noarr,choose_hints,bicg,3,0.006344,1,EXTRALARGE,DOUBLE
noarr,choose_hints,bicg,4,0.006552,1,EXTRALARGE,DOUBLE
noarr,choose_hints,bicg,5,0.006583,1,EXTRALARGE,DOUBLE
noarr,choose_hints,correlation,1,20.581043,1,EXTRALARGE,DOUBLE
noarr,choose_hints,correlation,2,20.706627,1,EXTRALARGE,DOUBLE
noarr,choose_hints,correlation,3,20.572217,1,EXTRALARGE,DOUBLE
noarr,choose_hints,correlation,4,20.706397,1,EXTRALARGE,DOUBLE
noarr,choose_hints,correlation,5,20.697891,1,EXTRALARGE,DOUBLE
noarr,choose_hints,covariance,1,6.126165,1,EXTRALARGE,DOUBLE
noarr,choose_hints,covariance,2,6.011184,1,EXTRALARGE,DOUBLE
noarr,choose_hints,covariance,3,6.005963,1,EXTRALARGE,DOUBLE
noarr,choose_hints,covariance,4,6.019310,1,EXTRALARGE,DOUBLE
noarr,choose_hints,covariance,5,6.002056,1,EXTRALARGE,DOUBLE
noarr,choose_hints,doitgen,1,1.078759,1,EXTRALARGE,DOUBLE
noarr,choose_hints,doitgen,2,1.073561,1,EXTRALARGE,DOUBLE
noarr,choose_hints,doitgen,3,1.072721,1,EXTRALARGE,DOUBLE
noarr,choose_hints,doitgen,4,1.073944,1,EXTRALARGE,DOUBLE
noarr,choose_hints,doitgen,5,1.075207,1,EXTRALARGE,DOUBLE
noarr,choose_hints,durbin,1,0.020043,1,EXTRALARGE,DOUBLE
noarr,choose_hints,durbin,2,0.020049,1,EXTRALARGE,DOUBLE
noarr,choose_hints,durbin,3,0.020041,1,EXTRALARGE,DOUBLE
noarr,choose_hints,durbin,4,0.020032,1,EXTRALARGE,DOUBLE
noarr,choose_hints,durbin,5,0.020168,1,EXTRALARGE,DOUBLE
noarr,choose_hints,fdtd-2d,1,5.758872,1,EXTRALARGE,DOUBLE
noarr,choose_hints,fdtd-2d,2,6.255205,1,EXTRALARGE,DOUBLE
noarr,choose_hints,fdtd-2d,3,6.582976,1,EXTRALARGE,DOUBLE
noarr,choose_hints,fdtd-2d,4,6.676089,1,EXTRALARGE,DOUBLE
noarr,choose_hints,fdtd-2d,5,5.971266,1,EXTRALARGE,DOUBLE
noarr,choose_hints,floyd-warshall,1,230.853302,1,EXTRALARGE,DOUBLE
noarr,choose_hints,floyd-warshall,2,230.822597,1,EXTRALARGE,DOUBLE
noarr,choose_hints,floyd-warshall,3,230.785794,1,EXTRALARGE,DOUBLE
noarr,choose_hints,floyd-warshall,4,232.546506,1,EXTRALARGE,DOUBLE
noarr,choose_hints,floyd-warshall,5,232.789010,1,EXTRALARGE,DOUBLE
noarr,choose_hints,gemm,1,24.751957,1,EXTRALARGE,DOUBLE
noarr,choose_hints,gemm,2,24.792131,1,EXTRALARGE,DOUBLE
noarr,choose_hints,gemm,3,25.047759,1,EXTRALARGE,DOUBLE
noarr,choose_hints,gemm,4,25.056793,1,EXTRALARGE,DOUBLE
noarr,choose_hints,gemm,5,25.060489,1,EXTRALARGE,DOUBLE
noarr,choose_hints,gemver,1,0.050002,1,EXTRALARGE,DOUBLE
noarr,choose_hints,gemver,2,0.049835,1,EXTRALARGE,DOUBLE
noarr,choose_hints,gemver,3,0.049341,1,EXTRALARGE,DOUBLE
noarr,choose_hints,gemver,4,0.049898,1,EXTRALARGE,DOUBLE
noarr,choose_hints,gemver,5,0.049400,1,EXTRALARGE,DOUBLE
noarr,choose_hints,gesummv,1,0.007927,1,EXTRALARGE,DOUBLE
noarr,choose_hints,gesummv,2,0.007796,1,EXTRALARGE,DOUBLE
noarr,choose_hints,gesummv,3,0.007927,1,EXTRALARGE,DOUBLE
noarr,choose_hints,gesummv,4,0.007813,1,EXTRALARGE,DOUBLE
noarr,choose_hints,gesummv,5,0.007858,1,EXTRALARGE,DOUBLE
noarr,choose_hints,heat-3d,1,30.799430,1,EXTRALARGE,DOUBLE
noarr,choose_hints,heat-3d,2,30.550987,1,EXTRALARGE,DOUBLE
noarr,choose_hints,heat-3d,3,30.815305,1,EXTRALARGE,DOUBLE
noarr,choose_hints,heat-3d,4,30.800450,1,EXTRALARGE,DOUBLE
noarr,choose_hints,heat-3d,5,30.560507,1,EXTRALARGE,DOUBLE
noarr,choose_hints,jacobi-1d,1,0.058634,1,EXTRALARGE,DOUBLE
noarr,choose_hints,jacobi-1d,2,0.058485,1,EXTRALARGE,DOUBLE
noarr,choose_hints,jacobi-1d,3,0.058407,1,EXTRALARGE,DOUBLE
noarr,choose_hints,jacobi-1d,4,0.059422,1,EXTRALARGE,DOUBLE
noarr,choose_hints,jacobi-1d,5,0.057777,1,EXTRALARGE,DOUBLE
noarr,choose_hints,jacobi-2d,1,20.825639,1,EXTRALARGE,DOUBLE
noarr,choose_hints,jacobi-2d,2,20.766346,1,EXTRALARGE,DOUBLE
noarr,choose_hints,jacobi-2d,3,20.577388,1,EXTRALARGE,DOUBLE
noarr,choose_hints,jacobi-2d,4,20.764027,1,EXTRALARGE,DOUBLE
noarr,choose_hints,jacobi-2d,5,20.893518,1,EXTRALARGE,DOUBLE
noarr,choose_hints,lu,1,50.598158,1,EXTRALARGE,DOUBLE
noarr,choose_hints,lu,2,50.767209,1,EXTRALARGE,DOUBLE
noarr,choose_hints,lu,3,50.751747,1,EXTRALARGE,DOUBLE
noarr,choose_hints,lu,4,50.622807,1,EXTRALARGE,DOUBLE
noarr,choose_hints,lu,5,50.608122,1,EXTRALARGE,DOUBLE
noarr,choose_hints,ludcmp,1,50.990348,1,EXTRALARGE,DOUBLE
noarr,choose_hints,ludcmp,2,51.731244,1,EXTRALARGE,DOUBLE
noarr,choose_hints,ludcmp,3,51.293841,1,EXTRALARGE,DOUBLE
noarr,choose_hints,ludcmp,4,51.669701,1,EXTRALARGE,DOUBLE
noarr,choose_hints,ludcmp,5,51.245833,1,EXTRALARGE,DOUBLE
noarr,choose_hints,mvt,1,0.027346,1,EXTRALARGE,DOUBLE
noarr,choose_hints,mvt,2,0.027362,1,EXTRALARGE,DOUBLE
noarr,choose_hints,mvt,3,0.028151,1,EXTRALARGE,DOUBLE
noarr,choose_hints,mvt,4,0.027486,1,EXTRALARGE,DOUBLE
noarr,choose_hints,mvt,5,0.027342,1,EXTRALARGE,DOUBLE
noarr,choose_hints,seidel-2d,1,160.582170,1,EXTRALARGE,DOUBLE
noarr,choose_hints,seidel-2d,2,160.582409,1,EXTRALARGE,DOUBLE
noarr,choose_hints,seidel-2d,3,160.571221,1,EXTRALARGE,DOUBLE
noarr,choose_hints,seidel-2d,4,160.580825,1,EXTRALARGE,DOUBLE
noarr,choose_hints,seidel-2d,5,160.577071,1,EXTRALARGE,DOUBLE
noarr,choose_hints,symm,1,6.380274,1,EXTRALARGE,DOUBLE
noarr,choose_hints,symm,2,6.374253,1,EXTRALARGE,DOUBLE
noarr,choose_hints,symm,3,6.362237,1,EXTRALARGE,DOUBLE
noarr,choose_hints,symm,4,6.377965,1,EXTRALARGE,DOUBLE
noarr,choose_hints,symm,5,6.398697,1,EXTRALARGE,DOUBLE
noarr,choose_hints,syr2k,1,22.153966,1,EXTRALARGE,DOUBLE
noarr,choose_hints,syr2k,2,22.307332,1,EXTRALARGE,DOUBLE
noarr,choose_hints,syr2k,3,22.279201,1,EXTRALARGE,DOUBLE
noarr,choose_hints,syr2k,4,22.308254,1,EXTRALARGE,DOUBLE
noarr,choose_hints,syr2k,5,22.150598,1,EXTRALARGE,DOUBLE
noarr,choose_hints,syrk,1,7.883446,1,EXTRALARGE,DOUBLE
noarr,choose_hints,syrk,2,7.815313,1,EXTRALARGE,DOUBLE
noarr,choose_hints,syrk,3,7.897796,1,EXTRALARGE,DOUBLE
noarr,choose_hints,syrk,4,7.892493,1,EXTRALARGE,DOUBLE
noarr,choose_hints,syrk,5,7.816233,1,EXTRALARGE,DOUBLE
noarr,choose_hints,trisolv,1,0.012718,1,EXTRALARGE,DOUBLE
noarr,choose_hints,trisolv,2,0.012681,1,EXTRALARGE,DOUBLE
noarr,choose_hints,trisolv,3,0.012503,1,EXTRALARGE,DOUBLE
noarr,choose_hints,trisolv,4,0.012723,1,EXTRALARGE,DOUBLE
noarr,choose_hints,trisolv,5,0.012673,1,EXTRALARGE,DOUBLE
noarr,choose_hints,trmm,1,2.932519,1,EXTRALARGE,DOUBLE
noarr,choose_hints,trmm,2,2.904902,1,EXTRALARGE,DOUBLE
noarr,choose_hints,trmm,3,2.935307,1,EXTRALARGE,DOUBLE
noarr,choose_hints,trmm,4,2.935820,1,EXTRALARGE,DOUBLE
noarr,choose_hints,trmm,5,2.893892,1,EXTRALARGE,DOUBLE
noarr,choose_hints,2mm,1,8.846268,2,EXTRALARGE,DOUBLE
noarr,choose_hints,2mm,2,8.791201,2,EXTRALARGE,DOUBLE
noarr,choose_hints,2mm,3,8.820883,2,EXTRALARGE,DOUBLE
noarr,choose_hints,2mm,4,8.789989,2,EXTRALARGE,DOUBLE
noarr,choose_hints,2mm,5,8.870280,2,EXTRALARGE,DOUBLE
noarr,choose_hints,3mm,1,13.670740,2,EXTRALARGE,DOUBLE
noarr,choose_hints,3mm,2,13.909562,2,EXTRALARGE,DOUBLE
noarr,choose_hints,3mm,3,13.833104,2,EXTRALARGE,DOUBLE
noarr,choose_hints,3mm,4,13.821005,2,EXTRALARGE,DOUBLE
noarr,choose_hints,3mm,5,13.821014,2,EXTRALARGE,DOUBLE
noarr,choose_hints,adi,1,71.068164,2,EXTRALARGE,DOUBLE
noarr,choose_hints,adi,2,71.069544,2,EXTRALARGE,DOUBLE
noarr,choose_hints,adi,3,71.117648,2,EXTRALARGE,DOUBLE
noarr,choose_hints,adi,4,71.250859,2,EXTRALARGE,DOUBLE
noarr,choose_hints,adi,5,71.253505,2,EXTRALARGE,DOUBLE
noarr,choose_hints,atax,1,0.008310,2,EXTRALARGE,DOUBLE
noarr,choose_hints,atax,2,0.008246,2,EXTRALARGE,DOUBLE
noarr,choose_hints,atax,3,0.008299,2,EXTRALARGE,DOUBLE
noarr,choose_hints,atax,4,0.008229,2,EXTRALARGE,DOUBLE
noarr,choose_hints,atax,5,0.008243,2,EXTRALARGE,DOUBLE
noarr,choose_hints,bicg,1,0.013016,2,EXTRALARGE,DOUBLE
noarr,choose_hints,bicg,2,0.013057,2,EXTRALARGE,DOUBLE
noarr,choose_hints,bicg,3,0.013029,2,EXTRALARGE,DOUBLE
noarr,choose_hints,bicg,4,0.013038,2,EXTRALARGE,DOUBLE
noarr,choose_hints,bicg,5,0.013096,2,EXTRALARGE,DOUBLE
noarr,choose_hints,correlation,1,20.162833,2,EXTRALARGE,DOUBLE
noarr,choose_hints,correlation,2,20.312542,2,EXTRALARGE,DOUBLE
noarr,choose_hints,correlation,3,20.309145,2,EXTRALARGE,DOUBLE
noarr,choose_hints,correlation,4,20.316826,2,EXTRALARGE,DOUBLE
noarr,choose_hints,correlation,5,20.308315,2,EXTRALARGE,DOUBLE
noarr,choose_hints,covariance,1,5.988060,2,EXTRALARGE,DOUBLE
noarr,choose_hints,covariance,2,5.992975,2,EXTRALARGE,DOUBLE
noarr,choose_hints,covariance,3,6.004841,2,EXTRALARGE,DOUBLE
noarr,choose_hints,covariance,4,5.992247,2,EXTRALARGE,DOUBLE
noarr,choose_hints,covariance,5,5.990498,2,EXTRALARGE,DOUBLE
noarr,choose_hints,deriche,1,1.058166,2,EXTRALARGE,DOUBLE
noarr,choose_hints,deriche,2,1.056333,2,EXTRALARGE,DOUBLE
noarr,choose_hints,deriche,3,1.055770,2,EXTRALARGE,DOUBLE
noarr,choose_hints,deriche,4,1.058152,2,EXTRALARGE,DOUBLE
noarr,choose_hints,deriche,5,1.068677,2,EXTRALARGE,DOUBLE
noarr,choose_hints,doitgen,1,1.170714,2,EXTRALARGE,DOUBLE
noarr,choose_hints,doitgen,2,1.168515,2,EXTRALARGE,DOUBLE
noarr,choose_hints,doitgen,3,1.169854,2,EXTRALARGE,DOUBLE
noarr,choose_hints,doitgen,4,1.169472,2,EXTRALARGE,DOUBLE
noarr,choose_hints,doitgen,5,1.182119,2,EXTRALARGE,DOUBLE
noarr,choose_hints,durbin,1,0.015112,2,EXTRALARGE,DOUBLE
noarr,choose_hints,durbin,2,0.015140,2,EXTRALARGE,DOUBLE
noarr,choose_hints,durbin,3,0.015124,2,EXTRALARGE,DOUBLE
noarr,choose_hints,durbin,4,0.015146,2,EXTRALARGE,DOUBLE
noarr,choose_hints,durbin,5,0.015147,2,EXTRALARGE,DOUBLE
noarr,choose_hints,floyd-warshall,1,134.538156,2,EXTRALARGE,DOUBLE
noarr,choose_hints,floyd-warshall,2,134.518411,2,EXTRALARGE,DOUBLE
noarr,choose_hints,floyd-warshall,3,135.327248,2,EXTRALARGE,DOUBLE
noarr,choose_hints,floyd-warshall,4,134.614292,2,EXTRALARGE,DOUBLE
noarr,choose_hints,floyd-warshall,5,135.412991,2,EXTRALARGE,DOUBLE
noarr,choose_hints,gemm,1,7.769753,2,EXTRALARGE,DOUBLE
noarr,choose_hints,gemm,2,7.765266,2,EXTRALARGE,DOUBLE
noarr,choose_hints,gemm,3,7.753656,2,EXTRALARGE,DOUBLE
noarr,choose_hints,gemm,4,7.750170,2,EXTRALARGE,DOUBLE
noarr,choose_hints,gemm,5,7.773804,2,EXTRALARGE,DOUBLE
noarr,choose_hints,gemver,1,0.049881,2,EXTRALARGE,DOUBLE
noarr,choose_hints,gemver,2,0.049336,2,EXTRALARGE,DOUBLE
noarr,choose_hints,gemver,3,0.049142,2,EXTRALARGE,DOUBLE
noarr,choose_hints,gemver,4,0.049906,2,EXTRALARGE,DOUBLE
noarr,choose_hints,gemver,5,0.049072,2,EXTRALARGE,DOUBLE
noarr,choose_hints,gesummv,1,0.014054,2,EXTRALARGE,DOUBLE
noarr,choose_hints,gesummv,2,0.014223,2,EXTRALARGE,DOUBLE
noarr,choose_hints,gesummv,3,0.014072,2,EXTRALARGE,DOUBLE
noarr,choose_hints,gesummv,4,0.013828,2,EXTRALARGE,DOUBLE
noarr,choose_hints,gesummv,5,0.013791,2,EXTRALARGE,DOUBLE
noarr,choose_hints,heat-3d,1,30.255046,2,EXTRALARGE,DOUBLE
noarr,choose_hints,heat-3d,2,30.544186,2,EXTRALARGE,DOUBLE
noarr,choose_hints,heat-3d,3,30.530448,2,EXTRALARGE,DOUBLE
noarr,choose_hints,heat-3d,4,30.515015,2,EXTRALARGE,DOUBLE
noarr,choose_hints,heat-3d,5,30.531350,2,EXTRALARGE,DOUBLE
noarr,choose_hints,jacobi-1d,1,0.007320,2,EXTRALARGE,DOUBLE
noarr,choose_hints,jacobi-1d,2,0.007210,2,EXTRALARGE,DOUBLE
noarr,choose_hints,jacobi-1d,3,0.007202,2,EXTRALARGE,DOUBLE
noarr,choose_hints,jacobi-1d,4,0.007205,2,EXTRALARGE,DOUBLE
noarr,choose_hints,jacobi-1d,5,0.007202,2,EXTRALARGE,DOUBLE
noarr,choose_hints,jacobi-2d,1,5.752642,2,EXTRALARGE,DOUBLE
noarr,choose_hints,jacobi-2d,2,6.433819,2,EXTRALARGE,DOUBLE
noarr,choose_hints,jacobi-2d,3,6.367001,2,EXTRALARGE,DOUBLE
noarr,choose_hints,jacobi-2d,4,6.624319,2,EXTRALARGE,DOUBLE
noarr,choose_hints,jacobi-2d,5,6.509176,2,EXTRALARGE,DOUBLE
noarr,choose_hints,lu,1,50.464288,2,EXTRALARGE,DOUBLE
noarr,choose_hints,lu,2,50.544054,2,EXTRALARGE,DOUBLE
noarr,choose_hints,lu,3,50.511080,2,EXTRALARGE,DOUBLE
noarr,choose_hints,lu,4,50.536125,2,EXTRALARGE,DOUBLE
noarr,choose_hints,lu,5,50.502134,2,EXTRALARGE,DOUBLE
noarr,choose_hints,ludcmp,1,50.890636,2,EXTRALARGE,DOUBLE
noarr,choose_hints,ludcmp,2,50.764896,2,EXTRALARGE,DOUBLE
noarr,choose_hints,ludcmp,3,50.737701,2,EXTRALARGE,DOUBLE
noarr,choose_hints,ludcmp,4,50.899490,2,EXTRALARGE,DOUBLE
noarr,choose_hints,ludcmp,5,50.916147,2,EXTRALARGE,DOUBLE
noarr,choose_hints,mvt,1,0.028022,2,EXTRALARGE,DOUBLE
noarr,choose_hints,mvt,2,0.027438,2,EXTRALARGE,DOUBLE
noarr,choose_hints,mvt,3,0.028244,2,EXTRALARGE,DOUBLE
noarr,choose_hints,mvt,4,0.027254,2,EXTRALARGE,DOUBLE
noarr,choose_hints,mvt,5,0.026953,2,EXTRALARGE,DOUBLE
noarr,choose_hints,seidel-2d,1,160.564630,2,EXTRALARGE,DOUBLE
noarr,choose_hints,seidel-2d,2,160.567828,2,EXTRALARGE,DOUBLE
noarr,choose_hints,seidel-2d,3,160.570116,2,EXTRALARGE,DOUBLE
noarr,choose_hints,seidel-2d,4,160.568092,2,EXTRALARGE,DOUBLE
noarr,choose_hints,seidel-2d,5,160.562887,2,EXTRALARGE,DOUBLE
noarr,choose_hints,symm,1,8.953205,2,EXTRALARGE,DOUBLE
noarr,choose_hints,symm,2,8.948828,2,EXTRALARGE,DOUBLE
noarr,choose_hints,symm,3,8.952686,2,EXTRALARGE,DOUBLE
noarr,choose_hints,symm,4,8.948481,2,EXTRALARGE,DOUBLE
noarr,choose_hints,symm,5,8.954321,2,EXTRALARGE,DOUBLE
noarr,choose_hints,syr2k,1,27.287581,2,EXTRALARGE,DOUBLE
noarr,choose_hints,syr2k,2,27.265887,2,EXTRALARGE,DOUBLE
noarr,choose_hints,syr2k,3,27.276967,2,EXTRALARGE,DOUBLE
noarr,choose_hints,syr2k,4,27.333943,2,EXTRALARGE,DOUBLE
noarr,choose_hints,syr2k,5,27.273122,2,EXTRALARGE,DOUBLE
noarr,choose_hints,syrk,1,7.897726,2,EXTRALARGE,DOUBLE
noarr,choose_hints,syrk,2,7.885041,2,EXTRALARGE,DOUBLE
noarr,choose_hints,syrk,3,7.959967,2,EXTRALARGE,DOUBLE
noarr,choose_hints,syrk,4,7.902465,2,EXTRALARGE,DOUBLE
noarr,choose_hints,syrk,5,7.893619,2,EXTRALARGE,DOUBLE
noarr,choose_hints,trisolv,1,0.012612,2,EXTRALARGE,DOUBLE
noarr,choose_hints,trisolv,2,0.012637,2,EXTRALARGE,DOUBLE
noarr,choose_hints,trisolv,3,0.012698,2,EXTRALARGE,DOUBLE
noarr,choose_hints,trisolv,4,0.012528,2,EXTRALARGE,DOUBLE
noarr,choose_hints,trisolv,5,0.012498,2,EXTRALARGE,DOUBLE
noarr,choose_hints,trmm,1,7.471578,2,EXTRALARGE,DOUBLE
noarr,choose_hints,trmm,2,7.497760,2,EXTRALARGE,DOUBLE
noarr,choose_hints,trmm,3,7.494118,2,EXTRALARGE,DOUBLE
noarr,choose_hints,trmm,4,7.468493,2,EXTRALARGE,DOUBLE
noarr,choose_hints,trmm,5,7.487200,2,EXTRALARGE,DOUBLE
noarr,choose_hints,2mm,1,8.792232,3,EXTRALARGE,DOUBLE
noarr,choose_hints,2mm,2,8.789718,3,EXTRALARGE,DOUBLE
noarr,choose_hints,2mm,3,8.834762,3,EXTRALARGE,DOUBLE
noarr,choose_hints,2mm,4,8.842728,3,EXTRALARGE,DOUBLE
noarr,choose_hints,2mm,5,8.848706,3,EXTRALARGE,DOUBLE
noarr,choose_hints,3mm,1,35.220301,3,EXTRALARGE,DOUBLE
noarr,choose_hints,3mm,2,35.323895,3,EXTRALARGE,DOUBLE
noarr,choose_hints,3mm,3,34.834622,3,EXTRALARGE,DOUBLE
noarr,choose_hints,3mm,4,34.974288,3,EXTRALARGE,DOUBLE
noarr,choose_hints,3mm,5,35.152963,3,EXTRALARGE,DOUBLE
noarr,choose_hints,adi,1,11.826289,3,EXTRALARGE,DOUBLE
noarr,choose_hints,adi,2,12.159555,3,EXTRALARGE,DOUBLE
noarr,choose_hints,adi,3,12.475037,3,EXTRALARGE,DOUBLE
noarr,choose_hints,adi,4,11.177663,3,EXTRALARGE,DOUBLE
noarr,choose_hints,adi,5,11.442656,3,EXTRALARGE,DOUBLE
noarr,choose_hints,atax,1,0.008951,3,EXTRALARGE,DOUBLE
noarr,choose_hints,atax,2,0.008979,3,EXTRALARGE,DOUBLE
noarr,choose_hints,atax,3,0.008946,3,EXTRALARGE,DOUBLE
noarr,choose_hints,atax,4,0.008935,3,EXTRALARGE,DOUBLE
noarr,choose_hints,atax,5,0.008980,3,EXTRALARGE,DOUBLE
noarr,choose_hints,bicg,1,0.006767,3,EXTRALARGE,DOUBLE
noarr,choose_hints,bicg,2,0.006844,3,EXTRALARGE,DOUBLE
noarr,choose_hints,bicg,3,0.006845,3,EXTRALARGE,DOUBLE
noarr,choose_hints,bicg,4,0.006865,3,EXTRALARGE,DOUBLE
noarr,choose_hints,bicg,5,0.006798,3,EXTRALARGE,DOUBLE
noarr,choose_hints,correlation,1,27.492366,3,EXTRALARGE,DOUBLE
noarr,choose_hints,correlation,2,27.430045,3,EXTRALARGE,DOUBLE
noarr,choose_hints,correlation,3,27.820853,3,EXTRALARGE,DOUBLE
noarr,choose_hints,correlation,4,27.430012,3,EXTRALARGE,DOUBLE
noarr,choose_hints,correlation,5,27.366793,3,EXTRALARGE,DOUBLE
noarr,choose_hints,covariance,1,20.163829,3,EXTRALARGE,DOUBLE
noarr,choose_hints,covariance,2,20.176518,3,EXTRALARGE,DOUBLE
noarr,choose_hints,covariance,3,20.189255,3,EXTRALARGE,DOUBLE
noarr,choose_hints,covariance,4,20.141764,3,EXTRALARGE,DOUBLE
noarr,choose_hints,covariance,5,20.170566,3,EXTRALARGE,DOUBLE
noarr,choose_hints,doitgen,1,1.319482,3,EXTRALARGE,DOUBLE
noarr,choose_hints,doitgen,2,1.319162,3,EXTRALARGE,DOUBLE
noarr,choose_hints,doitgen,3,1.319093,3,EXTRALARGE,DOUBLE
noarr,choose_hints,doitgen,4,1.319112,3,EXTRALARGE,DOUBLE
noarr,choose_hints,doitgen,5,1.319505,3,EXTRALARGE,DOUBLE
noarr,choose_hints,durbin,1,0.015928,3,EXTRALARGE,DOUBLE
noarr,choose_hints,durbin,2,0.015975,3,EXTRALARGE,DOUBLE
noarr,choose_hints,durbin,3,0.015993,3,EXTRALARGE,DOUBLE
noarr,choose_hints,durbin,4,0.015995,3,EXTRALARGE,DOUBLE
noarr,choose_hints,durbin,5,0.015977,3,EXTRALARGE,DOUBLE
noarr,choose_hints,fdtd-2d,1,5.691062,3,EXTRALARGE,DOUBLE
noarr,choose_hints,fdtd-2d,2,6.618196,3,EXTRALARGE,DOUBLE
noarr,choose_hints,fdtd-2d,3,5.656279,3,EXTRALARGE,DOUBLE
noarr,choose_hints,fdtd-2d,4,7.151651,3,EXTRALARGE,DOUBLE
noarr,choose_hints,fdtd-2d,5,5.804140,3,EXTRALARGE,DOUBLE
noarr,choose_hints,floyd-warshall,1,135.315805,3,EXTRALARGE,DOUBLE
noarr,choose_hints,floyd-warshall,2,135.851976,3,EXTRALARGE,DOUBLE
noarr,choose_hints,floyd-warshall,3,136.944667,3,EXTRALARGE,DOUBLE
noarr,choose_hints,floyd-warshall,4,136.300445,3,EXTRALARGE,DOUBLE
noarr,choose_hints,floyd-warshall,5,136.357168,3,EXTRALARGE,DOUBLE
noarr,choose_hints,gemm,1,7.854793,3,EXTRALARGE,DOUBLE
noarr,choose_hints,gemm,2,7.856729,3,EXTRALARGE,DOUBLE
noarr,choose_hints,gemm,3,7.853600,3,EXTRALARGE,DOUBLE
noarr,choose_hints,gemm,4,7.821339,3,EXTRALARGE,DOUBLE
noarr,choose_hints,gemm,5,7.855468,3,EXTRALARGE,DOUBLE
noarr,choose_hints,gemver,1,0.031187,3,EXTRALARGE,DOUBLE
noarr,choose_hints,gemver,2,0.031264,3,EXTRALARGE,DOUBLE
noarr,choose_hints,gemver,3,0.031482,3,EXTRALARGE,DOUBLE
noarr,choose_hints,gemver,4,0.031497,3,EXTRALARGE,DOUBLE
noarr,choose_hints,gemver,5,0.031221,3,EXTRALARGE,DOUBLE
noarr,choose_hints,gesummv,1,0.007878,3,EXTRALARGE,DOUBLE
noarr,choose_hints,gesummv,2,0.007869,3,EXTRALARGE,DOUBLE
noarr,choose_hints,gesummv,3,0.007938,3,EXTRALARGE,DOUBLE
noarr,choose_hints,gesummv,4,0.007847,3,EXTRALARGE,DOUBLE
noarr,choose_hints,gesummv,5,0.007816,3,EXTRALARGE,DOUBLE
noarr,choose_hints,heat-3d,1,30.469664,3,EXTRALARGE,DOUBLE
noarr,choose_hints,heat-3d,2,30.463685,3,EXTRALARGE,DOUBLE
noarr,choose_hints,heat-3d,3,30.473686,3,EXTRALARGE,DOUBLE
noarr,choose_hints,heat-3d,4,30.313116,3,EXTRALARGE,DOUBLE
noarr,choose_hints,heat-3d,5,29.904710,3,EXTRALARGE,DOUBLE
noarr,choose_hints,jacobi-1d,1,0.061909,3,EXTRALARGE,DOUBLE
noarr,choose_hints,jacobi-1d,2,0.061993,3,EXTRALARGE,DOUBLE
noarr,choose_hints,jacobi-1d,3,0.062764,3,EXTRALARGE,DOUBLE
noarr,choose_hints,jacobi-1d,4,0.061608,3,EXTRALARGE,DOUBLE
noarr,choose_hints,jacobi-1d,5,0.060424,3,EXTRALARGE,DOUBLE
noarr,choose_hints,jacobi-2d,1,20.655879,3,EXTRALARGE,DOUBLE
noarr,choose_hints,jacobi-2d,2,20.548384,3,EXTRALARGE,DOUBLE
noarr,choose_hints,jacobi-2d,3,20.562479,3,EXTRALARGE,DOUBLE
noarr,choose_hints,jacobi-2d,4,20.560590,3,EXTRALARGE,DOUBLE
noarr,choose_hints,jacobi-2d,5,20.799081,3,EXTRALARGE,DOUBLE
noarr,choose_hints,lu,1,50.623528,3,EXTRALARGE,DOUBLE
noarr,choose_hints,lu,2,50.684119,3,EXTRALARGE,DOUBLE
noarr,choose_hints,lu,3,50.741086,3,EXTRALARGE,DOUBLE
noarr,choose_hints,lu,4,50.874439,3,EXTRALARGE,DOUBLE
noarr,choose_hints,lu,5,50.644589,3,EXTRALARGE,DOUBLE
noarr,choose_hints,ludcmp,1,50.891928,3,EXTRALARGE,DOUBLE
noarr,choose_hints,ludcmp,2,50.787779,3,EXTRALARGE,DOUBLE
noarr,choose_hints,ludcmp,3,51.155690,3,EXTRALARGE,DOUBLE
noarr,choose_hints,ludcmp,4,50.560608,3,EXTRALARGE,DOUBLE
noarr,choose_hints,ludcmp,5,51.005316,3,EXTRALARGE,DOUBLE
noarr,choose_hints,mvt,1,0.027251,3,EXTRALARGE,DOUBLE
noarr,choose_hints,mvt,2,0.026815,3,EXTRALARGE,DOUBLE
noarr,choose_hints,mvt,3,0.028386,3,EXTRALARGE,DOUBLE
noarr,choose_hints,mvt,4,0.028404,3,EXTRALARGE,DOUBLE
noarr,choose_hints,mvt,5,0.026943,3,EXTRALARGE,DOUBLE
noarr,choose_hints,seidel-2d,1,217.872398,3,EXTRALARGE,DOUBLE
noarr,choose_hints,seidel-2d,2,217.869358,3,EXTRALARGE,DOUBLE
noarr,choose_hints,seidel-2d,3,217.881879,3,EXTRALARGE,DOUBLE
noarr,choose_hints,seidel-2d,4,217.876744,3,EXTRALARGE,DOUBLE
noarr,choose_hints,seidel-2d,5,217.889136,3,EXTRALARGE,DOUBLE
noarr,choose_hints,symm,1,8.957612,3,EXTRALARGE,DOUBLE
noarr,choose_hints,symm,2,8.954495,3,EXTRALARGE,DOUBLE
noarr,choose_hints,symm,3,8.942471,3,EXTRALARGE,DOUBLE
noarr,choose_hints,symm,4,8.943675,3,EXTRALARGE,DOUBLE
noarr,choose_hints,symm,5,8.956643,3,EXTRALARGE,DOUBLE
noarr,choose_hints,syr2k,1,22.228704,3,EXTRALARGE,DOUBLE
noarr,choose_hints,syr2k,2,22.045997,3,EXTRALARGE,DOUBLE
noarr,choose_hints,syr2k,3,22.004612,3,EXTRALARGE,DOUBLE
noarr,choose_hints,syr2k,4,22.050196,3,EXTRALARGE,DOUBLE
noarr,choose_hints,syr2k,5,22.054250,3,EXTRALARGE,DOUBLE
noarr,choose_hints,syrk,1,8.147500,3,EXTRALARGE,DOUBLE
noarr,choose_hints,syrk,2,8.092475,3,EXTRALARGE,DOUBLE
noarr,choose_hints,syrk,3,8.087660,3,EXTRALARGE,DOUBLE
noarr,choose_hints,syrk,4,8.090660,3,EXTRALARGE,DOUBLE
noarr,choose_hints,syrk,5,8.055176,3,EXTRALARGE,DOUBLE
noarr,choose_hints,trisolv,1,0.012659,3,EXTRALARGE,DOUBLE
noarr,choose_hints,trisolv,2,0.012510,3,EXTRALARGE,DOUBLE
noarr,choose_hints,trisolv,3,0.012652,3,EXTRALARGE,DOUBLE
noarr,choose_hints,trisolv,4,0.012684,3,EXTRALARGE,DOUBLE
noarr,choose_hints,trisolv,5,0.012569,3,EXTRALARGE,DOUBLE
noarr,choose_hints,trmm,1,7.458980,3,EXTRALARGE,DOUBLE
noarr,choose_hints,trmm,2,7.461016,3,EXTRALARGE,DOUBLE
noarr,choose_hints,trmm,3,7.446585,3,EXTRALARGE,DOUBLE
noarr,choose_hints,trmm,4,7.461846,3,EXTRALARGE,DOUBLE
noarr,choose_hints,trmm,5,7.447296,3,EXTRALARGE,DOUBLE
noarr,choose_hints,2mm,1,8.826299,4,EXTRALARGE,DOUBLE
noarr,choose_hints,2mm,2,8.804007,4,EXTRALARGE,DOUBLE
noarr,choose_hints,2mm,3,8.831023,4,EXTRALARGE,DOUBLE
noarr,choose_hints,2mm,4,8.837432,4,EXTRALARGE,DOUBLE
noarr,choose_hints,2mm,5,8.822514,4,EXTRALARGE,DOUBLE
noarr,choose_hints,3mm,1,33.660728,4,EXTRALARGE,DOUBLE
noarr,choose_hints,3mm,2,33.699147,4,EXTRALARGE,DOUBLE
noarr,choose_hints,3mm,3,33.672542,4,EXTRALARGE,DOUBLE
noarr,choose_hints,3mm,4,33.732980,4,EXTRALARGE,DOUBLE
noarr,choose_hints,3mm,5,33.644074,4,EXTRALARGE,DOUBLE
noarr,choose_hints,adi,1,11.193398,4,EXTRALARGE,DOUBLE
noarr,choose_hints,adi,2,11.906100,4,EXTRALARGE,DOUBLE
noarr,choose_hints,adi,3,13.159692,4,EXTRALARGE,DOUBLE
noarr,choose_hints,adi,4,12.219041,4,EXTRALARGE,DOUBLE
noarr,choose_hints,adi,5,13.087017,4,EXTRALARGE,DOUBLE
noarr,choose_hints,atax,1,0.008278,4,EXTRALARGE,DOUBLE
noarr,choose_hints,atax,2,0.008264,4,EXTRALARGE,DOUBLE
noarr,choose_hints,atax,3,0.008291,4,EXTRALARGE,DOUBLE
noarr,choose_hints,atax,4,0.008283,4,EXTRALARGE,DOUBLE
noarr,choose_hints,atax,5,0.008299,4,EXTRALARGE,DOUBLE
noarr,choose_hints,bicg,1,0.006800,4,EXTRALARGE,DOUBLE
noarr,choose_hints,bicg,2,0.006781,4,EXTRALARGE,DOUBLE
noarr,choose_hints,bicg,3,0.006808,4,EXTRALARGE,DOUBLE
noarr,choose_hints,bicg,4,0.006763,4,EXTRALARGE,DOUBLE
noarr,choose_hints,bicg,5,0.006766,4,EXTRALARGE,DOUBLE
noarr,choose_hints,correlation,1,7.258622,4,EXTRALARGE,DOUBLE
noarr,choose_hints,correlation,2,7.209046,4,EXTRALARGE,DOUBLE
noarr,choose_hints,correlation,3,7.201063,4,EXTRALARGE,DOUBLE
noarr,choose_hints,correlation,4,7.243935,4,EXTRALARGE,DOUBLE
noarr,choose_hints,correlation,5,7.188077,4,EXTRALARGE,DOUBLE
noarr,choose_hints,covariance,1,6.002087,4,EXTRALARGE,DOUBLE
noarr,choose_hints,covariance,2,5.968639,4,EXTRALARGE,DOUBLE
noarr,choose_hints,covariance,3,5.960941,4,EXTRALARGE,DOUBLE
noarr,choose_hints,covariance,4,5.954446,4,EXTRALARGE,DOUBLE
noarr,choose_hints,covariance,5,5.969588,4,EXTRALARGE,DOUBLE
noarr,choose_hints,deriche,1,0.725606,4,EXTRALARGE,DOUBLE
noarr,choose_hints,deriche,2,0.727522,4,EXTRALARGE,DOUBLE
noarr,choose_hints,deriche,3,0.728132,4,EXTRALARGE,DOUBLE
noarr,choose_hints,deriche,4,0.727975,4,EXTRALARGE,DOUBLE
noarr,choose_hints,deriche,5,0.726379,4,EXTRALARGE,DOUBLE
noarr,choose_hints,doitgen,1,1.189221,4,EXTRALARGE,DOUBLE
noarr,choose_hints,doitgen,2,1.191732,4,EXTRALARGE,DOUBLE
noarr,choose_hints,doitgen,3,1.190270,4,EXTRALARGE,DOUBLE
noarr,choose_hints,doitgen,4,1.190320,4,EXTRALARGE,DOUBLE
noarr,choose_hints,doitgen,5,1.187876,4,EXTRALARGE,DOUBLE
noarr,choose_hints,durbin,1,0.016814,4,EXTRALARGE,DOUBLE
noarr,choose_hints,durbin,2,0.016837,4,EXTRALARGE,DOUBLE
noarr,choose_hints,durbin,3,0.016836,4,EXTRALARGE,DOUBLE
noarr,choose_hints,durbin,4,0.016843,4,EXTRALARGE,DOUBLE
noarr,choose_hints,durbin,5,0.016820,4,EXTRALARGE,DOUBLE
noarr,choose_hints,floyd-warshall,1,232.542209,4,EXTRALARGE,DOUBLE
noarr,choose_hints,floyd-warshall,2,233.753122,4,EXTRALARGE,DOUBLE
noarr,choose_hints,floyd-warshall,3,235.018733,4,EXTRALARGE,DOUBLE
noarr,choose_hints,floyd-warshall,4,232.648457,4,EXTRALARGE,DOUBLE
noarr,choose_hints,floyd-warshall,5,232.832100,4,EXTRALARGE,DOUBLE
noarr,choose_hints,gemm,1,7.903797,4,EXTRALARGE,DOUBLE
noarr,choose_hints,gemm,2,7.880224,4,EXTRALARGE,DOUBLE
noarr,choose_hints,gemm,3,7.889243,4,EXTRALARGE,DOUBLE
noarr,choose_hints,gemm,4,7.883475,4,EXTRALARGE,DOUBLE
noarr,choose_hints,gemm,5,7.893100,4,EXTRALARGE,DOUBLE
noarr,choose_hints,gemver,1,0.049242,4,EXTRALARGE,DOUBLE
noarr,choose_hints,gemver,2,0.049203,4,EXTRALARGE,DOUBLE
noarr,choose_hints,gemver,3,0.049889,4,EXTRALARGE,DOUBLE
noarr,choose_hints,gemver,4,0.050103,4,EXTRALARGE,DOUBLE
noarr,choose_hints,gemver,5,0.050100,4,EXTRALARGE,DOUBLE
noarr,choose_hints,gesummv,1,0.007889,4,EXTRALARGE,DOUBLE
noarr,choose_hints,gesummv,2,0.007825,4,EXTRALARGE,DOUBLE
noarr,choose_hints,gesummv,3,0.007682,4,EXTRALARGE,DOUBLE
noarr,choose_hints,gesummv,4,0.007655,4,EXTRALARGE,DOUBLE
noarr,choose_hints,gesummv,5,0.007795,4,EXTRALARGE,DOUBLE
noarr,choose_hints,heat-3d,1,29.638324,4,EXTRALARGE,DOUBLE
noarr,choose_hints,heat-3d,2,29.872447,4,EXTRALARGE,DOUBLE
noarr,choose_hints,heat-3d,3,29.639109,4,EXTRALARGE,DOUBLE
noarr,choose_hints,heat-3d,4,29.631134,4,EXTRALARGE,DOUBLE
noarr,choose_hints,heat-3d,5,29.872750,4,EXTRALARGE,DOUBLE
noarr,choose_hints,jacobi-1d,1,0.061738,4,EXTRALARGE,DOUBLE
noarr,choose_hints,jacobi-1d,2,0.060757,4,EXTRALARGE,DOUBLE
noarr,choose_hints,jacobi-1d,3,0.060538,4,EXTRALARGE,DOUBLE
noarr,choose_hints,jacobi-1d,4,0.061455,4,EXTRALARGE,DOUBLE
noarr,choose_hints,jacobi-1d,5,0.061343,4,EXTRALARGE,DOUBLE
noarr,choose_hints,jacobi-2d,1,6.251495,4,EXTRALARGE,DOUBLE
noarr,choose_hints,jacobi-2d,2,6.809461,4,EXTRALARGE,DOUBLE
noarr,choose_hints,jacobi-2d,3,5.977488,4,EXTRALARGE,DOUBLE
noarr,choose_hints,jacobi-2d,4,5.649047,4,EXTRALARGE,DOUBLE
noarr,choose_hints,jacobi-2d,5,6.151644,4,EXTRALARGE,DOUBLE
noarr,choose_hints,ludcmp,1,50.458057,4,EXTRALARGE,DOUBLE
noarr,choose_hints,ludcmp,2,51.123447,4,EXTRALARGE,DOUBLE
noarr,choose_hints,ludcmp,3,51.122367,4,EXTRALARGE,DOUBLE
noarr,choose_hints,ludcmp,4,51.048137,4,EXTRALARGE,DOUBLE
noarr,choose_hints,ludcmp,5,50.937600,4,EXTRALARGE,DOUBLE
noarr,choose_hints,mvt,1,0.027364,4,EXTRALARGE,DOUBLE
noarr,choose_hints,mvt,2,0.028221,4,EXTRALARGE,DOUBLE
noarr,choose_hints,mvt,3,0.028168,4,EXTRALARGE,DOUBLE
noarr,choose_hints,mvt,4,0.027345,4,EXTRALARGE,DOUBLE
noarr,choose_hints,mvt,5,0.027396,4,EXTRALARGE,DOUBLE
noarr,choose_hints,seidel-2d,1,217.876021,4,EXTRALARGE,DOUBLE
noarr,choose_hints,seidel-2d,2,217.865003,4,EXTRALARGE,DOUBLE
noarr,choose_hints,seidel-2d,3,217.862597,4,EXTRALARGE,DOUBLE
noarr,choose_hints,seidel-2d,4,217.866539,4,EXTRALARGE,DOUBLE
noarr,choose_hints,seidel-2d,5,217.866150,4,EXTRALARGE,DOUBLE
noarr,choose_hints,syr2k,1,23.230875,4,EXTRALARGE,DOUBLE
noarr,choose_hints,syr2k,2,23.382864,4,EXTRALARGE,DOUBLE
noarr,choose_hints,syr2k,3,23.366220,4,EXTRALARGE,DOUBLE
noarr,choose_hints,syr2k,4,23.144459,4,EXTRALARGE,DOUBLE
noarr,choose_hints,syr2k,5,23.316298,4,EXTRALARGE,DOUBLE
noarr,choose_hints,syrk,1,13.329980,4,EXTRALARGE,DOUBLE
noarr,choose_hints,syrk,2,13.335836,4,EXTRALARGE,DOUBLE
noarr,choose_hints,syrk,3,13.451032,4,EXTRALARGE,DOUBLE
noarr,choose_hints,syrk,4,13.333483,4,EXTRALARGE,DOUBLE
noarr,choose_hints,syrk,5,13.448070,4,EXTRALARGE,DOUBLE
noarr,choose_hints,trisolv,1,0.012687,4,EXTRALARGE,DOUBLE
noarr,choose_hints,trisolv,2,0.012517,4,EXTRALARGE,DOUBLE
noarr,choose_hints,trisolv,3,0.012690,4,EXTRALARGE,DOUBLE
noarr,choose_hints,trisolv,4,0.012501,4,EXTRALARGE,DOUBLE
noarr,choose_hints,trisolv,5,0.012677,4,EXTRALARGE,DOUBLE
noarr,choose_hints,trmm,1,2.936191,4,EXTRALARGE,DOUBLE
noarr,choose_hints,trmm,2,2.934354,4,EXTRALARGE,DOUBLE
noarr,choose_hints,trmm,3,2.891068,4,EXTRALARGE,DOUBLE
noarr,choose_hints,trmm,4,2.968887,4,EXTRALARGE,DOUBLE
noarr,choose_hints,trmm,5,2.919051,4,EXTRALARGE,DOUBLE
noarr,choose_hints,2mm,1,8.777218,5,EXTRALARGE,DOUBLE
noarr,choose_hints,2mm,2,8.792672,5,EXTRALARGE,DOUBLE
noarr,choose_hints,2mm,3,8.769787,5,EXTRALARGE,DOUBLE
noarr,choose_hints,2mm,4,8.789549,5,EXTRALARGE,DOUBLE
noarr,choose_hints,2mm,5,8.787856,5,EXTRALARGE,DOUBLE
noarr,choose_hints,3mm,1,13.995909,5,EXTRALARGE,DOUBLE
noarr,choose_hints,3mm,2,13.650174,5,EXTRALARGE,DOUBLE
noarr,choose_hints,3mm,3,13.615581,5,EXTRALARGE,DOUBLE
noarr,choose_hints,3mm,4,13.678163,5,EXTRALARGE,DOUBLE
noarr,choose_hints,3mm,5,13.752663,5,EXTRALARGE,DOUBLE
noarr,choose_hints,adi,1,12.776498,5,EXTRALARGE,DOUBLE
noarr,choose_hints,adi,2,11.594434,5,EXTRALARGE,DOUBLE
noarr,choose_hints,adi,3,14.699302,5,EXTRALARGE,DOUBLE
noarr,choose_hints,adi,4,13.393528,5,EXTRALARGE,DOUBLE
noarr,choose_hints,adi,5,13.713694,5,EXTRALARGE,DOUBLE
noarr,choose_hints,atax,1,0.008312,5,EXTRALARGE,DOUBLE
noarr,choose_hints,atax,2,0.008263,5,EXTRALARGE,DOUBLE
noarr,choose_hints,atax,3,0.008256,5,EXTRALARGE,DOUBLE
noarr,choose_hints,atax,4,0.008223,5,EXTRALARGE,DOUBLE
noarr,choose_hints,atax,5,0.008285,5,EXTRALARGE,DOUBLE
noarr,choose_hints,bicg,1,0.006772,5,EXTRALARGE,DOUBLE
noarr,choose_hints,bicg,2,0.006768,5,EXTRALARGE,DOUBLE
noarr,choose_hints,bicg,3,0.006880,5,EXTRALARGE,DOUBLE
noarr,choose_hints,bicg,4,0.006808,5,EXTRALARGE,DOUBLE
noarr,choose_hints,bicg,5,0.006765,5,EXTRALARGE,DOUBLE
noarr,choose_hints,correlation,1,20.541149,5,EXTRALARGE,DOUBLE
noarr,choose_hints,correlation,2,20.515973,5,EXTRALARGE,DOUBLE
noarr,choose_hints,correlation,3,20.549708,5,EXTRALARGE,DOUBLE
noarr,choose_hints,correlation,4,20.418298,5,EXTRALARGE,DOUBLE
noarr,choose_hints,correlation,5,20.406531,5,EXTRALARGE,DOUBLE
noarr,choose_hints,covariance,1,5.958958,5,EXTRALARGE,DOUBLE
noarr,choose_hints,covariance,2,6.058127,5,EXTRALARGE,DOUBLE
noarr,choose_hints,covariance,3,6.059073,5,EXTRALARGE,DOUBLE
noarr,choose_hints,covariance,4,6.050902,5,EXTRALARGE,DOUBLE
noarr,choose_hints,covariance,5,6.073157,5,EXTRALARGE,DOUBLE
noarr,choose_hints,deriche,1,0.395376,5,EXTRALARGE,DOUBLE
noarr,choose_hints,deriche,2,0.396508,5,EXTRALARGE,DOUBLE
noarr,choose_hints,deriche,3,0.394895,5,EXTRALARGE,DOUBLE
noarr,choose_hints,deriche,4,0.393465,5,EXTRALARGE,DOUBLE
noarr,choose_hints,deriche,5,0.394325,5,EXTRALARGE,DOUBLE
noarr,choose_hints,doitgen,1,1.319295,5,EXTRALARGE,DOUBLE
noarr,choose_hints,doitgen,2,1.319508,5,EXTRALARGE,DOUBLE
noarr,choose_hints,doitgen,3,1.319222,5,EXTRALARGE,DOUBLE
noarr,choose_hints,doitgen,4,1.319553,5,EXTRALARGE,DOUBLE
noarr,choose_hints,doitgen,5,1.319641,5,EXTRALARGE,DOUBLE
noarr,choose_hints,durbin,1,0.017406,5,EXTRALARGE,DOUBLE
noarr,choose_hints,durbin,2,0.017322,5,EXTRALARGE,DOUBLE
noarr,choose_hints,durbin,3,0.017412,5,EXTRALARGE,DOUBLE
noarr,choose_hints,durbin,4,0.017408,5,EXTRALARGE,DOUBLE
noarr,choose_hints,durbin,5,0.017366,5,EXTRALARGE,DOUBLE
noarr,choose_hints,fdtd-2d,1,6.552792,5,EXTRALARGE,DOUBLE
noarr,choose_hints,fdtd-2d,2,6.817654,5,EXTRALARGE,DOUBLE
noarr,choose_hints,fdtd-2d,3,6.535967,5,EXTRALARGE,DOUBLE
noarr,choose_hints,fdtd-2d,4,8.752665,5,EXTRALARGE,DOUBLE
noarr,choose_hints,fdtd-2d,5,6.883217,5,EXTRALARGE,DOUBLE
noarr,choose_hints,floyd-warshall,1,128.276837,5,EXTRALARGE,DOUBLE
noarr,choose_hints,floyd-warshall,2,128.238423,5,EXTRALARGE,DOUBLE
noarr,choose_hints,floyd-warshall,3,128.261467,5,EXTRALARGE,DOUBLE
noarr,choose_hints,floyd-warshall,4,129.271295,5,EXTRALARGE,DOUBLE
noarr,choose_hints,floyd-warshall,5,128.257400,5,EXTRALARGE,DOUBLE
noarr,choose_hints,gemm,1,7.732054,5,EXTRALARGE,DOUBLE
noarr,choose_hints,gemm,2,7.807908,5,EXTRALARGE,DOUBLE
noarr,choose_hints,gemm,3,7.841937,5,EXTRALARGE,DOUBLE
noarr,choose_hints,gemm,4,7.689533,5,EXTRALARGE,DOUBLE
noarr,choose_hints,gemm,5,7.843393,5,EXTRALARGE,DOUBLE
noarr,choose_hints,gemver,1,0.085738,5,EXTRALARGE,DOUBLE
noarr,choose_hints,gemver,2,0.087156,5,EXTRALARGE,DOUBLE
noarr,choose_hints,gemver,3,0.085273,5,EXTRALARGE,DOUBLE
noarr,choose_hints,gemver,4,0.085867,5,EXTRALARGE,DOUBLE
noarr,choose_hints,gemver,5,0.086181,5,EXTRALARGE,DOUBLE
noarr,choose_hints,gesummv,1,0.014095,5,EXTRALARGE,DOUBLE
noarr,choose_hints,gesummv,2,0.013769,5,EXTRALARGE,DOUBLE
noarr,choose_hints,gesummv,3,0.013900,5,EXTRALARGE,DOUBLE
noarr,choose_hints,gesummv,4,0.014215,5,EXTRALARGE,DOUBLE
noarr,choose_hints,gesummv,5,0.013994,5,EXTRALARGE,DOUBLE
noarr,choose_hints,heat-3d,1,30.482869,5,EXTRALARGE,DOUBLE
noarr,choose_hints,heat-3d,2,30.576360,5,EXTRALARGE,DOUBLE
noarr,choose_hints,heat-3d,3,30.770999,5,EXTRALARGE,DOUBLE
noarr,choose_hints,heat-3d,4,31.293032,5,EXTRALARGE,DOUBLE
noarr,choose_hints,heat-3d,5,30.810482,5,EXTRALARGE,DOUBLE
noarr,choose_hints,jacobi-1d,1,0.021422,5,EXTRALARGE,DOUBLE
noarr,choose_hints,jacobi-1d,2,0.021030,5,EXTRALARGE,DOUBLE
noarr,choose_hints,jacobi-1d,3,0.020695,5,EXTRALARGE,DOUBLE
noarr,choose_hints,jacobi-1d,4,0.020855,5,EXTRALARGE,DOUBLE
noarr,choose_hints,jacobi-1d,5,0.020797,5,EXTRALARGE,DOUBLE
noarr,choose_hints,jacobi-2d,1,5.845046,5,EXTRALARGE,DOUBLE
noarr,choose_hints,jacobi-2d,2,6.794148,5,EXTRALARGE,DOUBLE
noarr,choose_hints,jacobi-2d,3,6.706212,5,EXTRALARGE,DOUBLE
noarr,choose_hints,jacobi-2d,4,6.564093,5,EXTRALARGE,DOUBLE
noarr,choose_hints,jacobi-2d,5,6.704777,5,EXTRALARGE,DOUBLE
noarr,choose_hints,lu,1,51.102862,5,EXTRALARGE,DOUBLE
noarr,choose_hints,lu,2,50.792265,5,EXTRALARGE,DOUBLE
noarr,choose_hints,lu,3,51.092769,5,EXTRALARGE,DOUBLE
noarr,choose_hints,lu,4,50.584607,5,EXTRALARGE,DOUBLE
noarr,choose_hints,lu,5,50.599050,5,EXTRALARGE,DOUBLE
noarr,choose_hints,ludcmp,1,50.700018,5,EXTRALARGE,DOUBLE
noarr,choose_hints,ludcmp,2,50.626693,5,EXTRALARGE,DOUBLE
noarr,choose_hints,ludcmp,3,50.612077,5,EXTRALARGE,DOUBLE
noarr,choose_hints,ludcmp,4,50.610835,5,EXTRALARGE,DOUBLE
noarr,choose_hints,ludcmp,5,51.094970,5,EXTRALARGE,DOUBLE
noarr,choose_hints,mvt,1,0.027520,5,EXTRALARGE,DOUBLE
noarr,choose_hints,mvt,2,0.027303,5,EXTRALARGE,DOUBLE
noarr,choose_hints,mvt,3,0.027577,5,EXTRALARGE,DOUBLE
noarr,choose_hints,mvt,4,0.027594,5,EXTRALARGE,DOUBLE
noarr,choose_hints,mvt,5,0.027244,5,EXTRALARGE,DOUBLE
noarr,choose_hints,seidel-2d,1,160.584605,5,EXTRALARGE,DOUBLE
noarr,choose_hints,seidel-2d,2,160.581907,5,EXTRALARGE,DOUBLE
noarr,choose_hints,seidel-2d,3,160.590241,5,EXTRALARGE,DOUBLE
noarr,choose_hints,seidel-2d,4,160.579066,5,EXTRALARGE,DOUBLE
noarr,choose_hints,seidel-2d,5,160.575121,5,EXTRALARGE,DOUBLE
noarr,choose_hints,symm,1,10.184032,5,EXTRALARGE,DOUBLE
noarr,choose_hints,symm,2,10.240406,5,EXTRALARGE,DOUBLE
noarr,choose_hints,symm,3,10.163910,5,EXTRALARGE,DOUBLE
noarr,choose_hints,symm,4,10.236327,5,EXTRALARGE,DOUBLE
noarr,choose_hints,symm,5,10.236451,5,EXTRALARGE,DOUBLE
noarr,choose_hints,syr2k,1,22.089559,5,EXTRALARGE,DOUBLE
noarr,choose_hints,syr2k,2,22.227760,5,EXTRALARGE,DOUBLE
noarr,choose_hints,syr2k,3,22.235778,5,EXTRALARGE,DOUBLE
noarr,choose_hints,syr2k,4,22.166312,5,EXTRALARGE,DOUBLE
noarr,choose_hints,syr2k,5,22.200655,5,EXTRALARGE,DOUBLE
noarr,choose_hints,trisolv,1,0.012712,5,EXTRALARGE,DOUBLE
noarr,choose_hints,trisolv,2,0.012615,5,EXTRALARGE,DOUBLE
noarr,choose_hints,trisolv,3,0.012653,5,EXTRALARGE,DOUBLE
noarr,choose_hints,trisolv,4,0.012580,5,EXTRALARGE,DOUBLE
noarr,choose_hints,trisolv,5,0.012480,5,EXTRALARGE,DOUBLE
noarr,choose_hints,trmm,1,2.874309,5,EXTRALARGE,DOUBLE
noarr,choose_hints,trmm,2,2.938367,5,EXTRALARGE,DOUBLE
noarr,choose_hints,trmm,3,2.903018,5,EXTRALARGE,DOUBLE
noarr,choose_hints,trmm,4,2.921004,5,EXTRALARGE,DOUBLE
noarr,choose_hints,trmm,5,2.854673,5,EXTRALARGE,DOUBLE
halide,choose_hints,2mm,1,0.397182,1,EXTRALARGE,DOUBLE
halide,choose_hints,2mm,2,0.392595,1,EXTRALARGE,DOUBLE
halide,choose_hints,2mm,3,0.400370,1,EXTRALARGE,DOUBLE
halide,choose_hints,2mm,4,0.397906,1,EXTRALARGE,DOUBLE
halide,choose_hints,2mm,5,0.394303,1,EXTRALARGE,DOUBLE
halide,choose_hints,fdtd-2d,1,27.100187,1,EXTRALARGE,DOUBLE
halide,choose_hints,fdtd-2d,2,28.916849,1,EXTRALARGE,DOUBLE
halide,choose_hints,fdtd-2d,3,28.025308,1,EXTRALARGE,DOUBLE
halide,choose_hints,fdtd-2d,4,28.754542,1,EXTRALARGE,DOUBLE
halide,choose_hints,fdtd-2d,5,27.904666,1,EXTRALARGE,DOUBLE
halide,choose_hints,heat-3d,1,12.183082,1,EXTRALARGE,DOUBLE
halide,choose_hints,heat-3d,2,13.062082,1,EXTRALARGE,DOUBLE
halide,choose_hints,heat-3d,3,13.080184,1,EXTRALARGE,DOUBLE
halide,choose_hints,heat-3d,4,12.993313,1,EXTRALARGE,DOUBLE
halide,choose_hints,heat-3d,5,13.070138,1,EXTRALARGE,DOUBLE
halide,choose_hints,jacobi-2d,1,8.021610,1,EXTRALARGE,DOUBLE
halide,choose_hints,jacobi-2d,2,9.722993,1,EXTRALARGE,DOUBLE
halide,choose_hints,jacobi-2d,3,8.920843,1,EXTRALARGE,DOUBLE
halide,choose_hints,jacobi-2d,4,8.497162,1,EXTRALARGE,DOUBLE
halide,choose_hints,jacobi-2d,5,8.923239,1,EXTRALARGE,DOUBLE
halide,choose_hints,ludcmp,1,65.502966,1,EXTRALARGE,DOUBLE
halide,choose_hints,ludcmp,2,65.035249,1,EXTRALARGE,DOUBLE
halide,choose_hints,ludcmp,3,64.870299,1,EXTRALARGE,DOUBLE
halide,choose_hints,ludcmp,4,64.934944,1,EXTRALARGE,DOUBLE
halide,choose_hints,ludcmp,5,64.701199,1,EXTRALARGE,DOUBLE
halide,choose_hints,nussinov,1,76.406955,1,EXTRALARGE,DOUBLE
halide,choose_hints,nussinov,2,76.517137,1,EXTRALARGE,DOUBLE
halide,choose_hints,nussinov,3,76.673201,1,EXTRALARGE,DOUBLE
halide,choose_hints,nussinov,4,76.366138,1,EXTRALARGE,DOUBLE
halide,choose_hints,nussinov,5,76.365670,1,EXTRALARGE,DOUBLE
halide,choose_hints,seidel-2d,1,11.713706,1,EXTRALARGE,DOUBLE
halide,choose_hints,seidel-2d,2,10.310817,1,EXTRALARGE,DOUBLE
halide,choose_hints,seidel-2d,3,11.148308,1,EXTRALARGE,DOUBLE
halide,choose_hints,seidel-2d,4,12.398952,1,EXTRALARGE,DOUBLE
halide,choose_hints,seidel-2d,5,11.218526,1,EXTRALARGE,DOUBLE
halide,choose_hints,syr2k,1,0.653074,1,EXTRALARGE,DOUBLE
halide,choose_hints,syr2k,2,0.663338,1,EXTRALARGE,DOUBLE
halide,choose_hints,syr2k,3,0.628929,1,EXTRALARGE,DOUBLE
halide,choose_hints,syr2k,4,0.666263,1,EXTRALARGE,DOUBLE
halide,choose_hints,syr2k,5,0.630268,1,EXTRALARGE,DOUBLE
halide,choose_hints,syrk,1,0.220659,1,EXTRALARGE,DOUBLE
halide,choose_hints,syrk,2,0.240555,1,EXTRALARGE,DOUBLE
halide,choose_hints,syrk,3,0.236357,1,EXTRALARGE,DOUBLE
halide,choose_hints,syrk,4,0.233145,1,EXTRALARGE,DOUBLE
halide,choose_hints,syrk,5,0.259160,1,EXTRALARGE,DOUBLE
halide,choose_hints,2mm,1,0.386092,2,EXTRALARGE,DOUBLE
halide,choose_hints,2mm,2,0.394071,2,EXTRALARGE,DOUBLE
halide,choose_hints,2mm,3,0.397813,2,EXTRALARGE,DOUBLE
halide,choose_hints,2mm,4,0.390524,2,EXTRALARGE,DOUBLE
halide,choose_hints,2mm,5,0.379791,2,EXTRALARGE,DOUBLE
halide,choose_hints,3mm,1,0.542359,2,EXTRALARGE,DOUBLE
halide,choose_hints,3mm,2,0.526950,2,EXTRALARGE,DOUBLE
halide,choose_hints,3mm,3,0.521310,2,EXTRALARGE,DOUBLE
halide,choose_hints,3mm,4,0.531494,2,EXTRALARGE,DOUBLE
halide,choose_hints,3mm,5,0.512544,2,EXTRALARGE,DOUBLE
halide,choose_hints,adi,1,111.411856,2,EXTRALARGE,DOUBLE
halide,choose_hints,adi,2,111.268538,2,EXTRALARGE,DOUBLE
halide,choose_hints,adi,3,111.374046,2,EXTRALARGE,DOUBLE
halide,choose_hints,adi,4,111.228999,2,EXTRALARGE,DOUBLE
halide,choose_hints,adi,5,111.142153,2,EXTRALARGE,DOUBLE
halide,choose_hints,cholesky,1,16.272459,2,EXTRALARGE,DOUBLE
halide,choose_hints,cholesky,2,16.196773,2,EXTRALARGE,DOUBLE
halide,choose_hints,cholesky,3,16.181532,2,EXTRALARGE,DOUBLE
halide,choose_hints,cholesky,4,16.221256,2,EXTRALARGE,DOUBLE
halide,choose_hints,cholesky,5,16.233345,2,EXTRALARGE,DOUBLE
halide,choose_hints,deriche,1,1.870826,2,EXTRALARGE,DOUBLE
halide,choose_hints,deriche,2,1.834725,2,EXTRALARGE,DOUBLE
halide,choose_hints,deriche,3,1.859049,2,EXTRALARGE,DOUBLE
halide,choose_hints,deriche,4,1.876209,2,EXTRALARGE,DOUBLE
halide,choose_hints,deriche,5,1.933250,2,EXTRALARGE,DOUBLE
halide,choose_hints,floyd-warshall,1,95.019898,2,EXTRALARGE,DOUBLE
halide,choose_hints,floyd-warshall,2,96.916347,2,EXTRALARGE,DOUBLE
halide,choose_hints,floyd-warshall,3,96.024194,2,EXTRALARGE,DOUBLE
halide,choose_hints,floyd-warshall,4,99.591987,2,EXTRALARGE,DOUBLE
halide,choose_hints,floyd-warshall,5,98.769087,2,EXTRALARGE,DOUBLE
halide,choose_hints,heat-3d,1,12.576909,2,EXTRALARGE,DOUBLE
halide,choose_hints,heat-3d,2,12.287176,2,EXTRALARGE,DOUBLE
halide,choose_hints,heat-3d,3,12.268283,2,EXTRALARGE,DOUBLE
halide,choose_hints,heat-3d,4,12.530743,2,EXTRALARGE,DOUBLE
halide,choose_hints,heat-3d,5,12.732707,2,EXTRALARGE,DOUBLE
halide,choose_hints,jacobi-2d,1,7.430326,2,EXTRALARGE,DOUBLE
halide,choose_hints,jacobi-2d,2,7.389406,2,EXTRALARGE,DOUBLE
halide,choose_hints,jacobi-2d,3,7.598394,2,EXTRALARGE,DOUBLE
halide,choose_hints,jacobi-2d,4,7.795627,2,EXTRALARGE,DOUBLE
halide,choose_hints,jacobi-2d,5,7.462526,2,EXTRALARGE,DOUBLE
halide,choose_hints,lu,1,59.419915,2,EXTRALARGE,DOUBLE
halide,choose_hints,lu,2,59.591128,2,EXTRALARGE,DOUBLE
halide,choose_hints,lu,3,59.630203,2,EXTRALARGE,DOUBLE
halide,choose_hints,lu,4,59.556330,2,EXTRALARGE,DOUBLE
halide,choose_hints,lu,5,59.131391,2,EXTRALARGE,DOUBLE
halide,choose_hints,mvt,1,0.042540,2,EXTRALARGE,DOUBLE
halide,choose_hints,mvt,2,0.044258,2,EXTRALARGE,DOUBLE
halide,choose_hints,mvt,3,0.044825,2,EXTRALARGE,DOUBLE
halide,choose_hints,mvt,4,0.045388,2,EXTRALARGE,DOUBLE
halide,choose_hints,mvt,5,0.044004,2,EXTRALARGE,DOUBLE
halide,choose_hints,2mm,1,0.260372,3,EXTRALARGE,DOUBLE
halide,choose_hints,2mm,2,0.265298,3,EXTRALARGE,DOUBLE
halide,choose_hints,2mm,3,0.271817,3,EXTRALARGE,DOUBLE
halide,choose_hints,2mm,4,0.269607,3,EXTRALARGE,DOUBLE
halide,choose_hints,2mm,5,0.255966,3,EXTRALARGE,DOUBLE
halide,choose_hints,3mm,1,0.534478,3,EXTRALARGE,DOUBLE
halide,choose_hints,3mm,2,0.542206,3,EXTRALARGE,DOUBLE
halide,choose_hints,3mm,3,0.539876,3,EXTRALARGE,DOUBLE
halide,choose_hints,3mm,4,0.533784,3,EXTRALARGE,DOUBLE
halide,choose_hints,3mm,5,0.537289,3,EXTRALARGE,DOUBLE
halide,choose_hints,adi,1,154.174397,3,EXTRALARGE,DOUBLE
halide,choose_hints,adi,2,158.314520,3,EXTRALARGE,DOUBLE
halide,choose_hints,adi,3,155.175365,3,EXTRALARGE,DOUBLE
halide,choose_hints,adi,4,157.258067,3,EXTRALARGE,DOUBLE
halide,choose_hints,adi,5,157.000847,3,EXTRALARGE,DOUBLE
halide,choose_hints,deriche,1,5.298935,3,EXTRALARGE,DOUBLE
halide,choose_hints,deriche,2,5.287743,3,EXTRALARGE,DOUBLE
halide,choose_hints,deriche,3,5.338579,3,EXTRALARGE,DOUBLE
halide,choose_hints,deriche,4,5.292708,3,EXTRALARGE,DOUBLE
halide,choose_hints,deriche,5,5.221661,3,EXTRALARGE,DOUBLE
halide,choose_hints,floyd-warshall,1,128.189201,3,EXTRALARGE,DOUBLE
halide,choose_hints,floyd-warshall,2,123.943122,3,EXTRALARGE,DOUBLE
halide,choose_hints,floyd-warshall,3,122.487492,3,EXTRALARGE,DOUBLE
halide,choose_hints,floyd-warshall,4,124.306743,3,EXTRALARGE,DOUBLE
halide,choose_hints,floyd-warshall,5,124.680099,3,EXTRALARGE,DOUBLE
halide,choose_hints,heat-3d,1,10.854831,3,EXTRALARGE,DOUBLE
halide,choose_hints,heat-3d,2,11.240884,3,EXTRALARGE,DOUBLE
halide,choose_hints,heat-3d,3,10.751915,3,EXTRALARGE,DOUBLE
halide,choose_hints,heat-3d,4,10.676028,3,EXTRALARGE,DOUBLE
halide,choose_hints,heat-3d,5,11.286954,3,EXTRALARGE,DOUBLE
halide,choose_hints,jacobi-1d,1,3.506674,3,EXTRALARGE,DOUBLE
halide,choose_hints,jacobi-1d,2,3.269787,3,EXTRALARGE,DOUBLE
halide,choose_hints,jacobi-1d,3,3.284047,3,EXTRALARGE,DOUBLE
halide,choose_hints,jacobi-1d,4,3.354684,3,EXTRALARGE,DOUBLE
halide,choose_hints,jacobi-1d,5,3.327983,3,EXTRALARGE,DOUBLE
halide,choose_hints,jacobi-2d,1,9.057498,3,EXTRALARGE,DOUBLE
halide,choose_hints,jacobi-2d,2,8.823746,3,EXTRALARGE,DOUBLE
halide,choose_hints,jacobi-2d,3,9.308060,3,EXTRALARGE,DOUBLE
halide,choose_hints,jacobi-2d,4,8.495685,3,EXTRALARGE,DOUBLE
halide,choose_hints,jacobi-2d,5,8.798791,3,EXTRALARGE,DOUBLE
halide,choose_hints,nussinov,1,76.370807,3,EXTRALARGE,DOUBLE
halide,choose_hints,nussinov,2,76.470629,3,EXTRALARGE,DOUBLE
halide,choose_hints,nussinov,3,76.688251,3,EXTRALARGE,DOUBLE
halide,choose_hints,nussinov,4,76.328749,3,EXTRALARGE,DOUBLE
halide,choose_hints,nussinov,5,76.076101,3,EXTRALARGE,DOUBLE
halide,choose_hints,symm,1,0.212556,3,EXTRALARGE,DOUBLE
halide,choose_hints,symm,2,0.215218,3,EXTRALARGE,DOUBLE
halide,choose_hints,symm,3,0.222403,3,EXTRALARGE,DOUBLE
halide,choose_hints,symm,4,0.210926,3,EXTRALARGE,DOUBLE
halide,choose_hints,symm,5,0.217860,3,EXTRALARGE,DOUBLE
halide,choose_hints,syrk,1,0.232855,3,EXTRALARGE,DOUBLE
halide,choose_hints,syrk,2,0.241491,3,EXTRALARGE,DOUBLE
halide,choose_hints,syrk,3,0.231153,3,EXTRALARGE,DOUBLE
halide,choose_hints,syrk,4,0.230405,3,EXTRALARGE,DOUBLE
halide,choose_hints,syrk,5,0.233850,3,EXTRALARGE,DOUBLE
halide,choose_hints,adi,1,105.926260,4,EXTRALARGE,DOUBLE
halide,choose_hints,adi,2,105.709626,4,EXTRALARGE,DOUBLE
halide,choose_hints,adi,3,105.469722,4,EXTRALARGE,DOUBLE
halide,choose_hints,adi,4,105.391436,4,EXTRALARGE,DOUBLE
halide,choose_hints,adi,5,105.738908,4,EXTRALARGE,DOUBLE
halide,choose_hints,deriche,1,1.920924,4,EXTRALARGE,DOUBLE
halide,choose_hints,deriche,2,1.906849,4,EXTRALARGE,DOUBLE
halide,choose_hints,deriche,3,1.940951,4,EXTRALARGE,DOUBLE
halide,choose_hints,deriche,4,1.938726,4,EXTRALARGE,DOUBLE
halide,choose_hints,deriche,5,1.947719,4,EXTRALARGE,DOUBLE
halide,choose_hints,floyd-warshall,1,100.762881,4,EXTRALARGE,DOUBLE
halide,choose_hints,floyd-warshall,2,104.339910,4,EXTRALARGE,DOUBLE
halide,choose_hints,floyd-warshall,3,104.358408,4,EXTRALARGE,DOUBLE
halide,choose_hints,floyd-warshall,4,97.997400,4,EXTRALARGE,DOUBLE
halide,choose_hints,floyd-warshall,5,102.842532,4,EXTRALARGE,DOUBLE
halide,choose_hints,heat-3d,1,12.954472,4,EXTRALARGE,DOUBLE
halide,choose_hints,heat-3d,2,12.531506,4,EXTRALARGE,DOUBLE
halide,choose_hints,heat-3d,3,13.105949,4,EXTRALARGE,DOUBLE
halide,choose_hints,heat-3d,4,13.005764,4,EXTRALARGE,DOUBLE
halide,choose_hints,heat-3d,5,12.756399,4,EXTRALARGE,DOUBLE
halide,choose_hints,jacobi-1d,1,0.014191,4,EXTRALARGE,DOUBLE
halide,choose_hints,jacobi-1d,2,0.016367,4,EXTRALARGE,DOUBLE
halide,choose_hints,jacobi-1d,3,0.019854,4,EXTRALARGE,DOUBLE
halide,choose_hints,jacobi-1d,4,0.016693,4,EXTRALARGE,DOUBLE
halide,choose_hints,jacobi-1d,5,0.017470,4,EXTRALARGE,DOUBLE
halide,choose_hints,jacobi-2d,1,7.265199,4,EXTRALARGE,DOUBLE
halide,choose_hints,jacobi-2d,2,7.530717,4,EXTRALARGE,DOUBLE
halide,choose_hints,jacobi-2d,3,7.556004,4,EXTRALARGE,DOUBLE
halide,choose_hints,jacobi-2d,4,7.566699,4,EXTRALARGE,DOUBLE
halide,choose_hints,jacobi-2d,5,7.619904,4,EXTRALARGE,DOUBLE
halide,choose_hints,lu,1,61.264517,4,EXTRALARGE,DOUBLE
halide,choose_hints,lu,2,61.315584,4,EXTRALARGE,DOUBLE
halide,choose_hints,lu,3,60.952891,4,EXTRALARGE,DOUBLE
halide,choose_hints,lu,4,61.394361,4,EXTRALARGE,DOUBLE
halide,choose_hints,lu,5,61.304954,4,EXTRALARGE,DOUBLE
halide,choose_hints,symm,1,0.189625,4,EXTRALARGE,DOUBLE
halide,choose_hints,symm,2,0.221840,4,EXTRALARGE,DOUBLE
halide,choose_hints,symm,3,0.197794,4,EXTRALARGE,DOUBLE
halide,choose_hints,symm,4,0.186980,4,EXTRALARGE,DOUBLE
halide,choose_hints,symm,5,0.250813,4,EXTRALARGE,DOUBLE
halide,choose_hints,syrk,1,0.114541,4,EXTRALARGE,DOUBLE
halide,choose_hints,syrk,2,0.114753,4,EXTRALARGE,DOUBLE
halide,choose_hints,syrk,3,0.118494,4,EXTRALARGE,DOUBLE
halide,choose_hints,syrk,4,0.115596,4,EXTRALARGE,DOUBLE
halide,choose_hints,syrk,5,0.115145,4,EXTRALARGE,DOUBLE
halide,choose_hints,trisolv,1,0.015170,4,EXTRALARGE,DOUBLE
halide,choose_hints,trisolv,2,0.014793,4,EXTRALARGE,DOUBLE
halide,choose_hints,trisolv,3,0.014998,4,EXTRALARGE,DOUBLE
halide,choose_hints,trisolv,4,0.015858,4,EXTRALARGE,DOUBLE
halide,choose_hints,trisolv,5,0.015126,4,EXTRALARGE,DOUBLE
halide,choose_hints,2mm,1,0.462160,5,EXTRALARGE,DOUBLE
halide,choose_hints,2mm,2,0.461707,5,EXTRALARGE,DOUBLE
halide,choose_hints,2mm,3,0.465107,5,EXTRALARGE,DOUBLE
halide,choose_hints,2mm,4,0.451089,5,EXTRALARGE,DOUBLE
halide,choose_hints,2mm,5,0.461633,5,EXTRALARGE,DOUBLE
halide,choose_hints,covariance,1,1.351092,5,EXTRALARGE,DOUBLE
halide,choose_hints,covariance,2,1.317527,5,EXTRALARGE,DOUBLE
halide,choose_hints,covariance,3,1.316432,5,EXTRALARGE,DOUBLE
halide,choose_hints,covariance,4,1.328724,5,EXTRALARGE,DOUBLE
halide,choose_hints,covariance,5,1.346432,5,EXTRALARGE,DOUBLE
halide,choose_hints,deriche,1,1.949515,5,EXTRALARGE,DOUBLE
halide,choose_hints,deriche,2,1.958109,5,EXTRALARGE,DOUBLE
halide,choose_hints,deriche,3,1.935078,5,EXTRALARGE,DOUBLE
halide,choose_hints,deriche,4,1.968125,5,EXTRALARGE,DOUBLE
halide,choose_hints,deriche,5,1.909860,5,EXTRALARGE,DOUBLE
halide,choose_hints,fdtd-2d,1,40.559592,5,EXTRALARGE,DOUBLE
halide,choose_hints,fdtd-2d,2,40.440603,5,EXTRALARGE,DOUBLE
halide,choose_hints,fdtd-2d,3,40.401002,5,EXTRALARGE,DOUBLE
halide,choose_hints,fdtd-2d,4,39.108410,5,EXTRALARGE,DOUBLE
halide,choose_hints,fdtd-2d,5,39.662167,5,EXTRALARGE,DOUBLE
halide,choose_hints,floyd-warshall,1,120.976005,5,EXTRALARGE,DOUBLE
halide,choose_hints,floyd-warshall,2,123.045631,5,EXTRALARGE,DOUBLE
halide,choose_hints,floyd-warshall,3,125.561821,5,EXTRALARGE,DOUBLE
halide,choose_hints,floyd-warshall,4,120.491002,5,EXTRALARGE,DOUBLE
halide,choose_hints,floyd-warshall,5,125.931132,5,EXTRALARGE,DOUBLE
halide,choose_hints,heat-3d,1,303.413487,5,EXTRALARGE,DOUBLE
halide,choose_hints,heat-3d,2,292.856022,5,EXTRALARGE,DOUBLE
halide,choose_hints,heat-3d,3,283.370036,5,EXTRALARGE,DOUBLE
halide,choose_hints,heat-3d,4,299.856261,5,EXTRALARGE,DOUBLE
halide,choose_hints,heat-3d,5,285.442317,5,EXTRALARGE,DOUBLE
halide,choose_hints,lu,1,73.500334,5,EXTRALARGE,DOUBLE
halide,choose_hints,lu,2,69.549138,5,EXTRALARGE,DOUBLE
halide,choose_hints,lu,3,72.893116,5,EXTRALARGE,DOUBLE
halide,choose_hints,lu,4,71.560725,5,EXTRALARGE,DOUBLE
halide,choose_hints,lu,5,72.165319,5,EXTRALARGE,DOUBLE
exo,choose_hints,2mm,1,0.603196,1,EXTRALARGE,DOUBLE
exo,choose_hints,2mm,2,0.594707,1,EXTRALARGE,DOUBLE
exo,choose_hints,2mm,3,0.590995,1,EXTRALARGE,DOUBLE
exo,choose_hints,2mm,4,0.593250,1,EXTRALARGE,DOUBLE
exo,choose_hints,2mm,5,0.590937,1,EXTRALARGE,DOUBLE
exo,choose_hints,3mm,1,0.365385,1,EXTRALARGE,DOUBLE
exo,choose_hints,3mm,2,0.364646,1,EXTRALARGE,DOUBLE
exo,choose_hints,3mm,3,0.362804,1,EXTRALARGE,DOUBLE
exo,choose_hints,3mm,4,0.359141,1,EXTRALARGE,DOUBLE
exo,choose_hints,3mm,5,0.366922,1,EXTRALARGE,DOUBLE
exo,choose_hints,adi,1,13.975415,1,EXTRALARGE,DOUBLE
exo,choose_hints,adi,2,9.937477,1,EXTRALARGE,DOUBLE
exo,choose_hints,adi,3,11.914171,1,EXTRALARGE,DOUBLE
exo,choose_hints,adi,4,13.045048,1,EXTRALARGE,DOUBLE
exo,choose_hints,adi,5,19.032335,1,EXTRALARGE,DOUBLE
exo,choose_hints,atax,1,0.002208,1,EXTRALARGE,DOUBLE
exo,choose_hints,atax,2,0.002250,1,EXTRALARGE,DOUBLE
exo,choose_hints,atax,3,0.002197,1,EXTRALARGE,DOUBLE
exo,choose_hints,atax,4,0.002146,1,EXTRALARGE,DOUBLE
exo,choose_hints,atax,5,0.002207,1,EXTRALARGE,DOUBLE
exo,choose_hints,bicg,1,0.006582,1,EXTRALARGE,DOUBLE
exo,choose_hints,bicg,2,0.006478,1,EXTRALARGE,DOUBLE
exo,choose_hints,bicg,3,0.006505,1,EXTRALARGE,DOUBLE
exo,choose_hints,bicg,4,0.006494,1,EXTRALARGE,DOUBLE
exo,choose_hints,bicg,5,0.006499,1,EXTRALARGE,DOUBLE
exo,choose_hints,correlation,1,1.072207,1,EXTRALARGE,DOUBLE
exo,choose_hints,correlation,2,1.075333,1,EXTRALARGE,DOUBLE
exo,choose_hints,correlation,3,1.042381,1,EXTRALARGE,DOUBLE
exo,choose_hints,correlation,4,1.055291,1,EXTRALARGE,DOUBLE
exo,choose_hints,correlation,5,1.081449,1,EXTRALARGE,DOUBLE
exo,choose_hints,covariance,1,1.050987,1,EXTRALARGE,DOUBLE
exo,choose_hints,covariance,2,1.098666,1,EXTRALARGE,DOUBLE
exo,choose_hints,covariance,3,1.036469,1,EXTRALARGE,DOUBLE
exo,choose_hints,covariance,4,1.044950,1,EXTRALARGE,DOUBLE
exo,choose_hints,covariance,5,1.087651,1,EXTRALARGE,DOUBLE
exo,choose_hints,doitgen,1,0.030782,1,EXTRALARGE,DOUBLE
exo,choose_hints,doitgen,2,0.027312,1,EXTRALARGE,DOUBLE
exo,choose_hints,doitgen,3,0.027088,1,EXTRALARGE,DOUBLE
exo,choose_hints,doitgen,4,0.027806,1,EXTRALARGE,DOUBLE
exo,choose_hints,doitgen,5,0.027386,1,EXTRALARGE,DOUBLE
exo,choose_hints,durbin,1,0.017009,1,EXTRALARGE,DOUBLE
exo,choose_hints,durbin,2,0.017017,1,EXTRALARGE,DOUBLE
exo,choose_hints,durbin,3,0.017029,1,EXTRALARGE,DOUBLE
exo,choose_hints,durbin,4,0.017022,1,EXTRALARGE,DOUBLE
exo,choose_hints,durbin,5,0.017005,1,EXTRALARGE,DOUBLE
exo,choose_hints,floyd-warshall,1,64.459069,1,EXTRALARGE,DOUBLE
exo,choose_hints,floyd-warshall,2,45.562387,1,EXTRALARGE,DOUBLE
exo,choose_hints,floyd-warshall,3,46.714709,1,EXTRALARGE,DOUBLE
exo,choose_hints,floyd-warshall,4,67.928620,1,EXTRALARGE,DOUBLE
exo,choose_hints,floyd-warshall,5,54.745054,1,EXTRALARGE,DOUBLE
exo,choose_hints,gemm,1,0.424000,1,EXTRALARGE,DOUBLE
exo,choose_hints,gemm,2,0.423518,1,EXTRALARGE,DOUBLE
exo,choose_hints,gemm,3,0.417194,1,EXTRALARGE,DOUBLE
exo,choose_hints,gemm,4,0.424691,1,EXTRALARGE,DOUBLE
exo,choose_hints,gemm,5,0.426972,1,EXTRALARGE,DOUBLE
exo,choose_hints,gemver,1,0.020320,1,EXTRALARGE,DOUBLE
exo,choose_hints,gemver,2,0.020057,1,EXTRALARGE,DOUBLE
exo,choose_hints,gemver,3,0.020072,1,EXTRALARGE,DOUBLE
exo,choose_hints,gemver,4,0.020401,1,EXTRALARGE,DOUBLE
exo,choose_hints,gemver,5,0.020750,1,EXTRALARGE,DOUBLE
exo,choose_hints,gesummv,1,0.005355,1,EXTRALARGE,DOUBLE
exo,choose_hints,gesummv,2,0.005340,1,EXTRALARGE,DOUBLE
exo,choose_hints,gesummv,3,0.005338,1,EXTRALARGE,DOUBLE
exo,choose_hints,gesummv,4,0.005338,1,EXTRALARGE,DOUBLE
exo,choose_hints,gesummv,5,0.005339,1,EXTRALARGE,DOUBLE
exo,choose_hints,jacobi-1d,1,0.056856,1,EXTRALARGE,DOUBLE
exo,choose_hints,jacobi-1d,2,0.055877,1,EXTRALARGE,DOUBLE
exo,choose_hints,jacobi-1d,3,0.055180,1,EXTRALARGE,DOUBLE
exo,choose_hints,jacobi-1d,4,0.055708,1,EXTRALARGE,DOUBLE
exo,choose_hints,jacobi-1d,5,0.055608,1,EXTRALARGE,DOUBLE
exo,choose_hints,jacobi-2d,1,5.886963,1,EXTRALARGE,DOUBLE
exo,choose_hints,jacobi-2d,2,6.387872,1,EXTRALARGE,DOUBLE
exo,choose_hints,jacobi-2d,3,6.697877,1,EXTRALARGE,DOUBLE
exo,choose_hints,jacobi-2d,4,6.609845,1,EXTRALARGE,DOUBLE
exo,choose_hints,jacobi-2d,5,5.993753,1,EXTRALARGE,DOUBLE
exo,choose_hints,lu,1,32.818073,1,EXTRALARGE,DOUBLE
exo,choose_hints,lu,2,32.891348,1,EXTRALARGE,DOUBLE
exo,choose_hints,lu,3,32.827329,1,EXTRALARGE,DOUBLE
exo,choose_hints,lu,4,32.841487,1,EXTRALARGE,DOUBLE
exo,choose_hints,lu,5,32.842281,1,EXTRALARGE,DOUBLE
exo,choose_hints,ludcmp,1,48.147653,1,EXTRALARGE,DOUBLE
exo,choose_hints,ludcmp,2,47.562219,1,EXTRALARGE,DOUBLE
exo,choose_hints,ludcmp,3,47.774128,1,EXTRALARGE,DOUBLE
exo,choose_hints,ludcmp,4,47.537291,1,EXTRALARGE,DOUBLE
exo,choose_hints,ludcmp,5,48.020984,1,EXTRALARGE,DOUBLE
exo,choose_hints,mvt,1,0.025823,1,EXTRALARGE,DOUBLE
exo,choose_hints,mvt,2,0.025968,1,EXTRALARGE,DOUBLE
exo,choose_hints,mvt,3,0.025858,1,EXTRALARGE,DOUBLE
exo,choose_hints,mvt,4,0.025850,1,EXTRALARGE,DOUBLE
exo,choose_hints,mvt,5,0.025638,1,EXTRALARGE,DOUBLE
exo,choose_hints,nussinov,1,105.570757,1,EXTRALARGE,DOUBLE
exo,choose_hints,nussinov,2,104.395015,1,EXTRALARGE,DOUBLE
exo,choose_hints,nussinov,3,104.678244,1,EXTRALARGE,DOUBLE
exo,choose_hints,nussinov,4,105.429631,1,EXTRALARGE,DOUBLE
exo,choose_hints,nussinov,5,104.056968,1,EXTRALARGE,DOUBLE
exo,choose_hints,seidel-2d,1,246.555061,1,EXTRALARGE,DOUBLE
exo,choose_hints,seidel-2d,2,246.572252,1,EXTRALARGE,DOUBLE
exo,choose_hints,seidel-2d,3,246.565151,1,EXTRALARGE,DOUBLE
exo,choose_hints,seidel-2d,4,246.563438,1,EXTRALARGE,DOUBLE
exo,choose_hints,seidel-2d,5,246.545652,1,EXTRALARGE,DOUBLE
exo,choose_hints,syrk,1,0.734428,1,EXTRALARGE,DOUBLE
exo,choose_hints,syrk,2,0.751793,1,EXTRALARGE,DOUBLE
exo,choose_hints,syrk,3,0.739580,1,EXTRALARGE,DOUBLE
exo,choose_hints,syrk,4,0.735061,1,EXTRALARGE,DOUBLE
exo,choose_hints,syrk,5,0.750799,1,EXTRALARGE,DOUBLE
exo,choose_hints,trisolv,1,0.012883,1,EXTRALARGE,DOUBLE
exo,choose_hints,trisolv,2,0.012926,1,EXTRALARGE,DOUBLE
exo,choose_hints,trisolv,3,0.013139,1,EXTRALARGE,DOUBLE
exo,choose_hints,trisolv,4,0.013021,1,EXTRALARGE,DOUBLE
exo,choose_hints,trisolv,5,0.012951,1,EXTRALARGE,DOUBLE
exo,choose_hints,2mm,1,0.400521,2,EXTRALARGE,DOUBLE
exo,choose_hints,2mm,2,0.406054,2,EXTRALARGE,DOUBLE
exo,choose_hints,2mm,3,0.399157,2,EXTRALARGE,DOUBLE
exo,choose_hints,2mm,4,0.398445,2,EXTRALARGE,DOUBLE
exo,choose_hints,2mm,5,0.398923,2,EXTRALARGE,DOUBLE
exo,choose_hints,3mm,1,0.343692,2,EXTRALARGE,DOUBLE
exo,choose_hints,3mm,2,0.342244,2,EXTRALARGE,DOUBLE
exo,choose_hints,3mm,3,0.344736,2,EXTRALARGE,DOUBLE
exo,choose_hints,3mm,4,0.350183,2,EXTRALARGE,DOUBLE
exo,choose_hints,3mm,5,0.345057,2,EXTRALARGE,DOUBLE
exo,choose_hints,adi,1,14.723881,2,EXTRALARGE,DOUBLE
exo,choose_hints,adi,2,12.932758,2,EXTRALARGE,DOUBLE
exo,choose_hints,adi,3,10.760582,2,EXTRALARGE,DOUBLE
exo,choose_hints,adi,4,12.840739,2,EXTRALARGE,DOUBLE
exo,choose_hints,adi,5,13.701553,2,EXTRALARGE,DOUBLE
exo,choose_hints,atax,1,0.004909,2,EXTRALARGE,DOUBLE
exo,choose_hints,atax,2,0.004938,2,EXTRALARGE,DOUBLE
exo,choose_hints,atax,3,0.004949,2,EXTRALARGE,DOUBLE
exo,choose_hints,atax,4,0.004910,2,EXTRALARGE,DOUBLE
exo,choose_hints,atax,5,0.004893,2,EXTRALARGE,DOUBLE
exo,choose_hints,bicg,1,0.006875,2,EXTRALARGE,DOUBLE
exo,choose_hints,bicg,2,0.006900,2,EXTRALARGE,DOUBLE
exo,choose_hints,bicg,3,0.006732,2,EXTRALARGE,DOUBLE
exo,choose_hints,bicg,4,0.006799,2,EXTRALARGE,DOUBLE
exo,choose_hints,bicg,5,0.007005,2,EXTRALARGE,DOUBLE
exo,choose_hints,cholesky,1,16.195577,2,EXTRALARGE,DOUBLE
exo,choose_hints,cholesky,2,16.203608,2,EXTRALARGE,DOUBLE
exo,choose_hints,cholesky,3,16.180957,2,EXTRALARGE,DOUBLE
exo,choose_hints,cholesky,4,16.179069,2,EXTRALARGE,DOUBLE
exo,choose_hints,cholesky,5,16.230108,2,EXTRALARGE,DOUBLE
exo,choose_hints,correlation,1,1.032431,2,EXTRALARGE,DOUBLE
exo,choose_hints,correlation,2,1.034300,2,EXTRALARGE,DOUBLE
exo,choose_hints,correlation,3,1.011413,2,EXTRALARGE,DOUBLE
exo,choose_hints,correlation,4,1.046399,2,EXTRALARGE,DOUBLE
exo,choose_hints,correlation,5,1.008237,2,EXTRALARGE,DOUBLE
exo,choose_hints,covariance,1,6.369641,2,EXTRALARGE,DOUBLE
exo,choose_hints,covariance,2,6.525053,2,EXTRALARGE,DOUBLE
exo,choose_hints,covariance,3,6.303732,2,EXTRALARGE,DOUBLE
exo,choose_hints,covariance,4,6.373555,2,EXTRALARGE,DOUBLE
exo,choose_hints,covariance,5,6.519333,2,EXTRALARGE,DOUBLE
exo,choose_hints,deriche,1,0.224617,2,EXTRALARGE,DOUBLE
exo,choose_hints,deriche,2,0.226231,2,EXTRALARGE,DOUBLE
exo,choose_hints,deriche,3,0.227792,2,EXTRALARGE,DOUBLE
exo,choose_hints,deriche,4,0.224810,2,EXTRALARGE,DOUBLE
exo,choose_hints,deriche,5,0.226408,2,EXTRALARGE,DOUBLE
exo,choose_hints,doitgen,1,0.026273,2,EXTRALARGE,DOUBLE
exo,choose_hints,doitgen,2,0.027096,2,EXTRALARGE,DOUBLE
exo,choose_hints,doitgen,3,0.027700,2,EXTRALARGE,DOUBLE
exo,choose_hints,doitgen,4,0.028012,2,EXTRALARGE,DOUBLE
exo,choose_hints,doitgen,5,0.027492,2,EXTRALARGE,DOUBLE
exo,choose_hints,durbin,1,0.025225,2,EXTRALARGE,DOUBLE
exo,choose_hints,durbin,2,0.025273,2,EXTRALARGE,DOUBLE
exo,choose_hints,durbin,3,0.025272,2,EXTRALARGE,DOUBLE
exo,choose_hints,durbin,4,0.025282,2,EXTRALARGE,DOUBLE
exo,choose_hints,durbin,5,0.025258,2,EXTRALARGE,DOUBLE
exo,choose_hints,gemm,1,0.440196,2,EXTRALARGE,DOUBLE
exo,choose_hints,gemm,2,0.441254,2,EXTRALARGE,DOUBLE
exo,choose_hints,gemm,3,0.431102,2,EXTRALARGE,DOUBLE
exo,choose_hints,gemm,4,0.436614,2,EXTRALARGE,DOUBLE
exo,choose_hints,gemm,5,0.436938,2,EXTRALARGE,DOUBLE
exo,choose_hints,gemver,1,0.024797,2,EXTRALARGE,DOUBLE
exo,choose_hints,gemver,2,0.024645,2,EXTRALARGE,DOUBLE
exo,choose_hints,gemver,3,0.024487,2,EXTRALARGE,DOUBLE
exo,choose_hints,gemver,4,0.024526,2,EXTRALARGE,DOUBLE
exo,choose_hints,gemver,5,0.024535,2,EXTRALARGE,DOUBLE
exo,choose_hints,jacobi-2d,1,6.475644,2,EXTRALARGE,DOUBLE
exo,choose_hints,jacobi-2d,2,6.037048,2,EXTRALARGE,DOUBLE
exo,choose_hints,jacobi-2d,3,6.702668,2,EXTRALARGE,DOUBLE
exo,choose_hints,jacobi-2d,4,6.214480,2,EXTRALARGE,DOUBLE
exo,choose_hints,jacobi-2d,5,7.000344,2,EXTRALARGE,DOUBLE
exo,choose_hints,lu,1,29.002689,2,EXTRALARGE,DOUBLE
exo,choose_hints,lu,2,29.231929,2,EXTRALARGE,DOUBLE
exo,choose_hints,lu,3,29.137005,2,EXTRALARGE,DOUBLE
exo,choose_hints,lu,4,29.574786,2,EXTRALARGE,DOUBLE
exo,choose_hints,lu,5,31.720994,2,EXTRALARGE,DOUBLE
exo,choose_hints,mvt,1,0.025729,2,EXTRALARGE,DOUBLE
exo,choose_hints,mvt,2,0.025600,2,EXTRALARGE,DOUBLE
exo,choose_hints,mvt,3,0.025567,2,EXTRALARGE,DOUBLE
exo,choose_hints,mvt,4,0.025656,2,EXTRALARGE,DOUBLE
exo,choose_hints,mvt,5,0.025754,2,EXTRALARGE,DOUBLE
exo,choose_hints,nussinov,1,5.858955,2,EXTRALARGE,DOUBLE
exo,choose_hints,nussinov,2,7.293774,2,EXTRALARGE,DOUBLE
exo,choose_hints,nussinov,3,5.667408,2,EXTRALARGE,DOUBLE
exo,choose_hints,nussinov,4,5.422542,2,EXTRALARGE,DOUBLE
exo,choose_hints,nussinov,5,5.946166,2,EXTRALARGE,DOUBLE
exo,choose_hints,symm,1,9.506471,2,EXTRALARGE,DOUBLE
exo,choose_hints,symm,2,9.483370,2,EXTRALARGE,DOUBLE
exo,choose_hints,symm,3,9.511450,2,EXTRALARGE,DOUBLE
exo,choose_hints,symm,4,9.497746,2,EXTRALARGE,DOUBLE
exo,choose_hints,symm,5,9.492021,2,EXTRALARGE,DOUBLE
exo,choose_hints,syr2k,1,0.893454,2,EXTRALARGE,DOUBLE
exo,choose_hints,syr2k,2,0.888831,2,EXTRALARGE,DOUBLE
exo,choose_hints,syr2k,3,0.919701,2,EXTRALARGE,DOUBLE
exo,choose_hints,syr2k,4,0.897022,2,EXTRALARGE,DOUBLE
exo,choose_hints,syr2k,5,0.907832,2,EXTRALARGE,DOUBLE
exo,choose_hints,syrk,1,0.789268,2,EXTRALARGE,DOUBLE
exo,choose_hints,syrk,2,0.801043,2,EXTRALARGE,DOUBLE
exo,choose_hints,syrk,3,0.794320,2,EXTRALARGE,DOUBLE
exo,choose_hints,syrk,4,0.803013,2,EXTRALARGE,DOUBLE
exo,choose_hints,syrk,5,0.797456,2,EXTRALARGE,DOUBLE
exo,choose_hints,trisolv,1,0.012988,2,EXTRALARGE,DOUBLE
exo,choose_hints,trisolv,2,0.012849,2,EXTRALARGE,DOUBLE
exo,choose_hints,trisolv,3,0.012951,2,EXTRALARGE,DOUBLE
exo,choose_hints,trisolv,4,0.013098,2,EXTRALARGE,DOUBLE
exo,choose_hints,trisolv,5,0.012858,2,EXTRALARGE,DOUBLE
exo,choose_hints,trmm,1,4.509172,2,EXTRALARGE,DOUBLE
exo,choose_hints,trmm,2,4.475699,2,EXTRALARGE,DOUBLE
exo,choose_hints,trmm,3,4.463864,2,EXTRALARGE,DOUBLE
exo,choose_hints,trmm,4,4.476065,2,EXTRALARGE,DOUBLE
exo,choose_hints,trmm,5,4.477180,2,EXTRALARGE,DOUBLE
exo,choose_hints,2mm,1,0.215263,3,EXTRALARGE,DOUBLE
exo,choose_hints,2mm,2,0.209039,3,EXTRALARGE,DOUBLE
exo,choose_hints,2mm,3,0.213584,3,EXTRALARGE,DOUBLE
exo,choose_hints,2mm,4,0.214118,3,EXTRALARGE,DOUBLE
exo,choose_hints,2mm,5,0.209181,3,EXTRALARGE,DOUBLE
exo,choose_hints,3mm,1,0.353901,3,EXTRALARGE,DOUBLE
exo,choose_hints,3mm,2,0.359967,3,EXTRALARGE,DOUBLE
exo,choose_hints,3mm,3,0.349335,3,EXTRALARGE,DOUBLE
exo,choose_hints,3mm,4,0.352717,3,EXTRALARGE,DOUBLE
exo,choose_hints,3mm,5,0.353744,3,EXTRALARGE,DOUBLE
exo,choose_hints,atax,1,0.019199,3,EXTRALARGE,DOUBLE
exo,choose_hints,atax,2,0.019233,3,EXTRALARGE,DOUBLE
exo,choose_hints,atax,3,0.019234,3,EXTRALARGE,DOUBLE
exo,choose_hints,atax,4,0.019232,3,EXTRALARGE,DOUBLE
exo,choose_hints,atax,5,0.019300,3,EXTRALARGE,DOUBLE
exo,choose_hints,cholesky,1,16.235191,3,EXTRALARGE,DOUBLE
exo,choose_hints,cholesky,2,16.206138,3,EXTRALARGE,DOUBLE
exo,choose_hints,cholesky,3,16.258990,3,EXTRALARGE,DOUBLE
exo,choose_hints,cholesky,4,16.194603,3,EXTRALARGE,DOUBLE
exo,choose_hints,cholesky,5,16.250879,3,EXTRALARGE,DOUBLE
exo,choose_hints,correlation,1,1.098810,3,EXTRALARGE,DOUBLE
exo,choose_hints,correlation,2,1.084430,3,EXTRALARGE,DOUBLE
exo,choose_hints,correlation,3,1.049507,3,EXTRALARGE,DOUBLE
exo,choose_hints,correlation,4,1.071645,3,EXTRALARGE,DOUBLE
exo,choose_hints,correlation,5,1.096954,3,EXTRALARGE,DOUBLE
exo,choose_hints,covariance,1,1.036396,3,EXTRALARGE,DOUBLE
exo,choose_hints,covariance,2,1.039253,3,EXTRALARGE,DOUBLE
exo,choose_hints,covariance,3,1.070048,3,EXTRALARGE,DOUBLE
exo,choose_hints,covariance,4,1.060250,3,EXTRALARGE,DOUBLE
exo,choose_hints,covariance,5,1.033656,3,EXTRALARGE,DOUBLE
exo,choose_hints,doitgen,1,0.027418,3,EXTRALARGE,DOUBLE
exo,choose_hints,doitgen,2,0.027754,3,EXTRALARGE,DOUBLE
exo,choose_hints,doitgen,3,0.028009,3,EXTRALARGE,DOUBLE
exo,choose_hints,doitgen,4,0.027499,3,EXTRALARGE,DOUBLE
exo,choose_hints,doitgen,5,0.026482,3,EXTRALARGE,DOUBLE
exo,choose_hints,durbin,1,0.022875,3,EXTRALARGE,DOUBLE
exo,choose_hints,durbin,2,0.023059,3,EXTRALARGE,DOUBLE
exo,choose_hints,durbin,3,0.023061,3,EXTRALARGE,DOUBLE
exo,choose_hints,durbin,4,0.023109,3,EXTRALARGE,DOUBLE
exo,choose_hints,durbin,5,0.022941,3,EXTRALARGE,DOUBLE
exo,choose_hints,gesummv,1,0.005352,3,EXTRALARGE,DOUBLE
exo,choose_hints,gesummv,2,0.005350,3,EXTRALARGE,DOUBLE
exo,choose_hints,gesummv,3,0.005347,3,EXTRALARGE,DOUBLE
exo,choose_hints,gesummv,4,0.005344,3,EXTRALARGE,DOUBLE
exo,choose_hints,gesummv,5,0.005340,3,EXTRALARGE,DOUBLE
exo,choose_hints,heat-3d,1,13.653577,3,EXTRALARGE,DOUBLE
exo,choose_hints,heat-3d,2,13.702743,3,EXTRALARGE,DOUBLE
exo,choose_hints,heat-3d,3,16.774903,3,EXTRALARGE,DOUBLE
exo,choose_hints,heat-3d,4,14.855710,3,EXTRALARGE,DOUBLE
exo,choose_hints,heat-3d,5,14.508735,3,EXTRALARGE,DOUBLE
exo,choose_hints,jacobi-1d,1,0.056940,3,EXTRALARGE,DOUBLE
exo,choose_hints,jacobi-1d,2,0.055041,3,EXTRALARGE,DOUBLE
exo,choose_hints,jacobi-1d,3,0.056446,3,EXTRALARGE,DOUBLE
exo,choose_hints,jacobi-1d,4,0.054392,3,EXTRALARGE,DOUBLE
exo,choose_hints,jacobi-1d,5,0.056574,3,EXTRALARGE,DOUBLE
exo,choose_hints,lu,1,52.134700,3,EXTRALARGE,DOUBLE
exo,choose_hints,lu,2,51.880458,3,EXTRALARGE,DOUBLE
exo,choose_hints,lu,3,52.170450,3,EXTRALARGE,DOUBLE
exo,choose_hints,lu,4,51.403420,3,EXTRALARGE,DOUBLE
exo,choose_hints,lu,5,52.078791,3,EXTRALARGE,DOUBLE
exo,choose_hints,ludcmp,1,29.006235,3,EXTRALARGE,DOUBLE
exo,choose_hints,ludcmp,2,34.285660,3,EXTRALARGE,DOUBLE
exo,choose_hints,ludcmp,3,29.032622,3,EXTRALARGE,DOUBLE
exo,choose_hints,ludcmp,4,29.114028,3,EXTRALARGE,DOUBLE
exo,choose_hints,ludcmp,5,29.441828,3,EXTRALARGE,DOUBLE
exo,choose_hints,mvt,1,0.014529,3,EXTRALARGE,DOUBLE
exo,choose_hints,mvt,2,0.014343,3,EXTRALARGE,DOUBLE
exo,choose_hints,mvt,3,0.014395,3,EXTRALARGE,DOUBLE
exo,choose_hints,mvt,4,0.014338,3,EXTRALARGE,DOUBLE
exo,choose_hints,mvt,5,0.014369,3,EXTRALARGE,DOUBLE
exo,choose_hints,nussinov,1,6.387462,3,EXTRALARGE,DOUBLE
exo,choose_hints,nussinov,2,8.204605,3,EXTRALARGE,DOUBLE
exo,choose_hints,nussinov,3,6.266395,3,EXTRALARGE,DOUBLE
exo,choose_hints,nussinov,4,6.350138,3,EXTRALARGE,DOUBLE
exo,choose_hints,nussinov,5,9.799516,3,EXTRALARGE,DOUBLE
exo,choose_hints,symm,1,0.760364,3,EXTRALARGE,DOUBLE
exo,choose_hints,symm,2,0.771565,3,EXTRALARGE,DOUBLE
exo,choose_hints,symm,3,0.768113,3,EXTRALARGE,DOUBLE
exo,choose_hints,symm,4,0.750300,3,EXTRALARGE,DOUBLE
exo,choose_hints,symm,5,0.729308,3,EXTRALARGE,DOUBLE
exo,choose_hints,syr2k,1,1.220397,3,EXTRALARGE,DOUBLE
exo,choose_hints,syr2k,2,1.223757,3,EXTRALARGE,DOUBLE
exo,choose_hints,syr2k,3,1.318520,3,EXTRALARGE,DOUBLE
exo,choose_hints,syr2k,4,1.291194,3,EXTRALARGE,DOUBLE
exo,choose_hints,syr2k,5,1.259106,3,EXTRALARGE,DOUBLE
exo,choose_hints,trisolv,1,0.013007,3,EXTRALARGE,DOUBLE
exo,choose_hints,trisolv,2,0.013029,3,EXTRALARGE,DOUBLE
exo,choose_hints,trisolv,3,0.012835,3,EXTRALARGE,DOUBLE
exo,choose_hints,trisolv,4,0.013087,3,EXTRALARGE,DOUBLE
exo,choose_hints,trisolv,5,0.012809,3,EXTRALARGE,DOUBLE
exo,choose_hints,2mm,1,0.479341,4,EXTRALARGE,DOUBLE
exo,choose_hints,2mm,2,0.466579,4,EXTRALARGE,DOUBLE
exo,choose_hints,2mm,3,0.470674,4,EXTRALARGE,DOUBLE
exo,choose_hints,2mm,4,0.483138,4,EXTRALARGE,DOUBLE
exo,choose_hints,2mm,5,0.474166,4,EXTRALARGE,DOUBLE
exo,choose_hints,3mm,1,0.348249,4,EXTRALARGE,DOUBLE
exo,choose_hints,3mm,2,0.353573,4,EXTRALARGE,DOUBLE
exo,choose_hints,3mm,3,0.354272,4,EXTRALARGE,DOUBLE
exo,choose_hints,3mm,4,0.356194,4,EXTRALARGE,DOUBLE
exo,choose_hints,3mm,5,0.351343,4,EXTRALARGE,DOUBLE
exo,choose_hints,adi,1,17.116215,4,EXTRALARGE,DOUBLE
exo,choose_hints,adi,2,12.751730,4,EXTRALARGE,DOUBLE
exo,choose_hints,adi,3,12.230137,4,EXTRALARGE,DOUBLE
exo,choose_hints,adi,4,11.861447,4,EXTRALARGE,DOUBLE
exo,choose_hints,adi,5,12.128968,4,EXTRALARGE,DOUBLE
exo,choose_hints,atax,1,0.002094,4,EXTRALARGE,DOUBLE
exo,choose_hints,atax,2,0.002028,4,EXTRALARGE,DOUBLE
exo,choose_hints,atax,3,0.002011,4,EXTRALARGE,DOUBLE
exo,choose_hints,atax,4,0.002059,4,EXTRALARGE,DOUBLE
exo,choose_hints,atax,5,0.002056,4,EXTRALARGE,DOUBLE
exo,choose_hints,bicg,1,0.014707,4,EXTRALARGE,DOUBLE
exo,choose_hints,bicg,2,0.014718,4,EXTRALARGE,DOUBLE
exo,choose_hints,bicg,3,0.014690,4,EXTRALARGE,DOUBLE
exo,choose_hints,bicg,4,0.014731,4,EXTRALARGE,DOUBLE
exo,choose_hints,bicg,5,0.014698,4,EXTRALARGE,DOUBLE
exo,choose_hints,cholesky,1,16.334181,4,EXTRALARGE,DOUBLE
exo,choose_hints,cholesky,2,16.274222,4,EXTRALARGE,DOUBLE
exo,choose_hints,cholesky,3,16.276308,4,EXTRALARGE,DOUBLE
exo,choose_hints,cholesky,4,16.274567,4,EXTRALARGE,DOUBLE
exo,choose_hints,cholesky,5,16.300154,4,EXTRALARGE,DOUBLE
exo,choose_hints,correlation,1,1.062854,4,EXTRALARGE,DOUBLE
exo,choose_hints,correlation,2,1.044436,4,EXTRALARGE,DOUBLE
exo,choose_hints,correlation,3,1.059480,4,EXTRALARGE,DOUBLE
exo,choose_hints,correlation,4,1.059278,4,EXTRALARGE,DOUBLE
exo,choose_hints,correlation,5,1.078809,4,EXTRALARGE,DOUBLE
exo,choose_hints,doitgen,1,1.328603,4,EXTRALARGE,DOUBLE
exo,choose_hints,doitgen,2,1.325937,4,EXTRALARGE,DOUBLE
exo,choose_hints,doitgen,3,1.324987,4,EXTRALARGE,DOUBLE
exo,choose_hints,doitgen,4,1.325080,4,EXTRALARGE,DOUBLE
exo,choose_hints,doitgen,5,1.327328,4,EXTRALARGE,DOUBLE
exo,choose_hints,durbin,1,5.945472,4,EXTRALARGE,DOUBLE
exo,choose_hints,durbin,2,6.161323,4,EXTRALARGE,DOUBLE
exo,choose_hints,durbin,3,6.147322,4,EXTRALARGE,DOUBLE
exo,choose_hints,durbin,4,5.795749,4,EXTRALARGE,DOUBLE
exo,choose_hints,durbin,5,6.358429,4,EXTRALARGE,DOUBLE
exo,choose_hints,fdtd-2d,1,6.231108,4,EXTRALARGE,DOUBLE
exo,choose_hints,fdtd-2d,2,7.407576,4,EXTRALARGE,DOUBLE
exo,choose_hints,fdtd-2d,3,7.832483,4,EXTRALARGE,DOUBLE
exo,choose_hints,fdtd-2d,4,6.930078,4,EXTRALARGE,DOUBLE
exo,choose_hints,fdtd-2d,5,6.752486,4,EXTRALARGE,DOUBLE
exo,choose_hints,floyd-warshall,1,64.361696,4,EXTRALARGE,DOUBLE
exo,choose_hints,floyd-warshall,2,46.222248,4,EXTRALARGE,DOUBLE
exo,choose_hints,floyd-warshall,3,46.412063,4,EXTRALARGE,DOUBLE
exo,choose_hints,floyd-warshall,4,55.997259,4,EXTRALARGE,DOUBLE
exo,choose_hints,floyd-warshall,5,48.786091,4,EXTRALARGE,DOUBLE
exo,choose_hints,gemm,1,0.188846,4,EXTRALARGE,DOUBLE
exo,choose_hints,gemm,2,0.194690,4,EXTRALARGE,DOUBLE
exo,choose_hints,gemm,3,0.196509,4,EXTRALARGE,DOUBLE
exo,choose_hints,gemm,4,0.195192,4,EXTRALARGE,DOUBLE
exo,choose_hints,gemm,5,0.196542,4,EXTRALARGE,DOUBLE
exo,choose_hints,gesummv,1,0.005391,4,EXTRALARGE,DOUBLE
exo,choose_hints,gesummv,2,0.005308,4,EXTRALARGE,DOUBLE
exo,choose_hints,gesummv,3,0.005353,4,EXTRALARGE,DOUBLE
exo,choose_hints,gesummv,4,0.005314,4,EXTRALARGE,DOUBLE
exo,choose_hints,gesummv,5,0.005347,4,EXTRALARGE,DOUBLE
exo,choose_hints,heat-3d,1,17.146909,4,EXTRALARGE,DOUBLE
exo,choose_hints,heat-3d,2,14.883451,4,EXTRALARGE,DOUBLE
exo,choose_hints,heat-3d,3,15.086919,4,EXTRALARGE,DOUBLE
exo,choose_hints,heat-3d,4,14.074247,4,EXTRALARGE,DOUBLE
exo,choose_hints,heat-3d,5,20.467280,4,EXTRALARGE,DOUBLE
exo,choose_hints,jacobi-1d,1,0.055704,4,EXTRALARGE,DOUBLE
exo,choose_hints,jacobi-1d,2,0.054314,4,EXTRALARGE,DOUBLE
exo,choose_hints,jacobi-1d,3,0.056007,4,EXTRALARGE,DOUBLE
exo,choose_hints,jacobi-1d,4,0.055205,4,EXTRALARGE,DOUBLE
exo,choose_hints,jacobi-1d,5,0.053940,4,EXTRALARGE,DOUBLE
exo,choose_hints,jacobi-2d,1,6.179885,4,EXTRALARGE,DOUBLE
exo,choose_hints,jacobi-2d,2,7.775103,4,EXTRALARGE,DOUBLE
exo,choose_hints,jacobi-2d,3,5.902068,4,EXTRALARGE,DOUBLE
exo,choose_hints,jacobi-2d,4,5.735464,4,EXTRALARGE,DOUBLE
exo,choose_hints,jacobi-2d,5,5.999103,4,EXTRALARGE,DOUBLE
exo,choose_hints,ludcmp,1,31.834498,4,EXTRALARGE,DOUBLE
exo,choose_hints,ludcmp,2,31.829783,4,EXTRALARGE,DOUBLE
exo,choose_hints,ludcmp,3,31.849489,4,EXTRALARGE,DOUBLE
exo,choose_hints,ludcmp,4,31.880172,4,EXTRALARGE,DOUBLE
exo,choose_hints,ludcmp,5,32.254350,4,EXTRALARGE,DOUBLE
exo,choose_hints,mvt,1,0.025230,4,EXTRALARGE,DOUBLE
exo,choose_hints,mvt,2,0.024891,4,EXTRALARGE,DOUBLE
exo,choose_hints,mvt,3,0.024901,4,EXTRALARGE,DOUBLE
exo,choose_hints,mvt,4,0.024874,4,EXTRALARGE,DOUBLE
exo,choose_hints,mvt,5,0.024623,4,EXTRALARGE,DOUBLE
exo,choose_hints,nussinov,1,5.498666,4,EXTRALARGE,DOUBLE
exo,choose_hints,nussinov,2,5.372221,4,EXTRALARGE,DOUBLE
exo,choose_hints,nussinov,3,5.923427,4,EXTRALARGE,DOUBLE
exo,choose_hints,nussinov,4,6.006640,4,EXTRALARGE,DOUBLE
exo,choose_hints,nussinov,5,6.482354,4,EXTRALARGE,DOUBLE
exo,choose_hints,symm,1,1.196148,4,EXTRALARGE,DOUBLE
exo,choose_hints,symm,2,1.107691,4,EXTRALARGE,DOUBLE
exo,choose_hints,symm,3,1.151081,4,EXTRALARGE,DOUBLE
exo,choose_hints,symm,4,1.190197,4,EXTRALARGE,DOUBLE
exo,choose_hints,symm,5,1.168001,4,EXTRALARGE,DOUBLE
exo,choose_hints,syr2k,1,1.243537,4,EXTRALARGE,DOUBLE
exo,choose_hints,syr2k,2,1.340189,4,EXTRALARGE,DOUBLE
exo,choose_hints,syr2k,3,1.311682,4,EXTRALARGE,DOUBLE
exo,choose_hints,syr2k,4,1.295750,4,EXTRALARGE,DOUBLE
exo,choose_hints,syr2k,5,1.299806,4,EXTRALARGE,DOUBLE
exo,choose_hints,syrk,1,0.435608,4,EXTRALARGE,DOUBLE
exo,choose_hints,syrk,2,0.473528,4,EXTRALARGE,DOUBLE
exo,choose_hints,syrk,3,0.405101,4,EXTRALARGE,DOUBLE
exo,choose_hints,syrk,4,0.478388,4,EXTRALARGE,DOUBLE
exo,choose_hints,syrk,5,0.427839,4,EXTRALARGE,DOUBLE
exo,choose_hints,trmm,1,2.814348,4,EXTRALARGE,DOUBLE
exo,choose_hints,trmm,2,2.835042,4,EXTRALARGE,DOUBLE
exo,choose_hints,trmm,3,2.868204,4,EXTRALARGE,DOUBLE
exo,choose_hints,trmm,4,2.843107,4,EXTRALARGE,DOUBLE
exo,choose_hints,trmm,5,2.865436,4,EXTRALARGE,DOUBLE
exo,choose_hints,2mm,1,0.210181,5,EXTRALARGE,DOUBLE
exo,choose_hints,2mm,2,0.213244,5,EXTRALARGE,DOUBLE
exo,choose_hints,2mm,3,0.210140,5,EXTRALARGE,DOUBLE
exo,choose_hints,2mm,4,0.210355,5,EXTRALARGE,DOUBLE
exo,choose_hints,2mm,5,0.210722,5,EXTRALARGE,DOUBLE
exo,choose_hints,adi,1,11.066255,5,EXTRALARGE,DOUBLE
exo,choose_hints,adi,2,27.503795,5,EXTRALARGE,DOUBLE
exo,choose_hints,adi,3,13.045408,5,EXTRALARGE,DOUBLE
exo,choose_hints,adi,4,13.277736,5,EXTRALARGE,DOUBLE
exo,choose_hints,adi,5,13.234024,5,EXTRALARGE,DOUBLE
exo,choose_hints,atax,1,0.008005,5,EXTRALARGE,DOUBLE
exo,choose_hints,atax,2,0.007971,5,EXTRALARGE,DOUBLE
exo,choose_hints,atax,3,0.008009,5,EXTRALARGE,DOUBLE
exo,choose_hints,atax,4,0.007922,5,EXTRALARGE,DOUBLE
exo,choose_hints,atax,5,0.007972,5,EXTRALARGE,DOUBLE
exo,choose_hints,bicg,1,0.014403,5,EXTRALARGE,DOUBLE
exo,choose_hints,bicg,2,0.014427,5,EXTRALARGE,DOUBLE
exo,choose_hints,bicg,3,0.014372,5,EXTRALARGE,DOUBLE
exo,choose_hints,bicg,4,0.014425,5,EXTRALARGE,DOUBLE
exo,choose_hints,bicg,5,0.014412,5,EXTRALARGE,DOUBLE
exo,choose_hints,cholesky,1,16.205138,5,EXTRALARGE,DOUBLE
exo,choose_hints,cholesky,2,16.173006,5,EXTRALARGE,DOUBLE
exo,choose_hints,cholesky,3,16.170280,5,EXTRALARGE,DOUBLE
exo,choose_hints,cholesky,4,16.170199,5,EXTRALARGE,DOUBLE
exo,choose_hints,cholesky,5,16.181191,5,EXTRALARGE,DOUBLE
exo,choose_hints,correlation,1,1.023502,5,EXTRALARGE,DOUBLE
exo,choose_hints,correlation,2,1.047089,5,EXTRALARGE,DOUBLE
exo,choose_hints,correlation,3,1.013169,5,EXTRALARGE,DOUBLE
exo,choose_hints,correlation,4,1.067682,5,EXTRALARGE,DOUBLE
exo,choose_hints,correlation,5,1.038410,5,EXTRALARGE,DOUBLE
exo,choose_hints,covariance,1,1.061932,5,EXTRALARGE,DOUBLE
exo,choose_hints,covariance,2,1.062551,5,EXTRALARGE,DOUBLE
exo,choose_hints,covariance,3,1.089203,5,EXTRALARGE,DOUBLE
exo,choose_hints,covariance,4,1.043386,5,EXTRALARGE,DOUBLE
exo,choose_hints,covariance,5,1.090082,5,EXTRALARGE,DOUBLE
exo,choose_hints,gesummv,1,0.005391,5,EXTRALARGE,DOUBLE
exo,choose_hints,gesummv,2,0.005359,5,EXTRALARGE,DOUBLE
exo,choose_hints,gesummv,3,0.005400,5,EXTRALARGE,DOUBLE
exo,choose_hints,gesummv,4,0.005342,5,EXTRALARGE,DOUBLE
exo,choose_hints,gesummv,5,0.005355,5,EXTRALARGE,DOUBLE
exo,choose_hints,jacobi-1d,1,0.055882,5,EXTRALARGE,DOUBLE
exo,choose_hints,jacobi-1d,2,0.056649,5,EXTRALARGE,DOUBLE
exo,choose_hints,jacobi-1d,3,0.056725,5,EXTRALARGE,DOUBLE
exo,choose_hints,jacobi-1d,4,0.055472,5,EXTRALARGE,DOUBLE
exo,choose_hints,jacobi-1d,5,0.055019,5,EXTRALARGE,DOUBLE
exo,choose_hints,mvt,1,0.012650,5,EXTRALARGE,DOUBLE
exo,choose_hints,mvt,2,0.012646,5,EXTRALARGE,DOUBLE
exo,choose_hints,mvt,3,0.012643,5,EXTRALARGE,DOUBLE
exo,choose_hints,mvt,4,0.012402,5,EXTRALARGE,DOUBLE
exo,choose_hints,mvt,5,0.012667,5,EXTRALARGE,DOUBLE
exo,choose_hints,nussinov,1,6.215265,5,EXTRALARGE,DOUBLE
exo,choose_hints,nussinov,2,5.863034,5,EXTRALARGE,DOUBLE
exo,choose_hints,nussinov,3,5.846334,5,EXTRALARGE,DOUBLE
exo,choose_hints,nussinov,4,6.140688,5,EXTRALARGE,DOUBLE
exo,choose_hints,nussinov,5,5.676481,5,EXTRALARGE,DOUBLE
exo,choose_hints,syr2k,1,0.854710,5,EXTRALARGE,DOUBLE
exo,choose_hints,syr2k,2,0.896272,5,EXTRALARGE,DOUBLE
exo,choose_hints,syr2k,3,0.890163,5,EXTRALARGE,DOUBLE
exo,choose_hints,syr2k,4,0.944094,5,EXTRALARGE,DOUBLE
exo,choose_hints,syr2k,5,0.898381,5,EXTRALARGE,DOUBLE
exo,choose_hints,syrk,1,0.390492,5,EXTRALARGE,DOUBLE
exo,choose_hints,syrk,2,0.374196,5,EXTRALARGE,DOUBLE
exo,choose_hints,syrk,3,0.383714,5,EXTRALARGE,DOUBLE
exo,choose_hints,syrk,4,0.411413,5,EXTRALARGE,DOUBLE
exo,choose_hints,syrk,5,0.421854,5,EXTRALARGE,DOUBLE
exo,choose_hints,trisolv,1,0.012851,5,EXTRALARGE,DOUBLE
exo,choose_hints,trisolv,2,0.012573,5,EXTRALARGE,DOUBLE
exo,choose_hints,trisolv,3,0.012511,5,EXTRALARGE,DOUBLE
exo,choose_hints,trisolv,4,0.012663,5,EXTRALARGE,DOUBLE
exo,choose_hints,trisolv,5,0.012621,5,EXTRALARGE,DOUBLE
