framework,version,algorithm,repetition,dataset_size,speedup,optimized_time_s,baseline_time_s,baseline_framework
c,AllHints,2mm,1,LARGE,113.60981733818865,0.022701333333333334,2.5790943333333334,c
c,AllHints,2mm,2,LARGE,139.8262040299991,0.018445,2.5790943333333334,c
c,AllHints,2mm,3,LARGE,127.0197819877204,0.020304666666666665,2.5790943333333334,c
c,AllHints,2mm,4,LARGE,29.68399992327023,0.08688499999999999,2.5790943333333334,c
c,AllHints,2mm,5,LARGE,99.7779740795667,0.025848333333333334,2.5790943333333334,c
c,ChooseHints,2mm,1,LARGE,128.53483620174097,0.020065333333333334,2.5790943333333334,c
c,ChooseHints,2mm,2,LARGE,130.98720140852225,0.019689666666666664,2.5790943333333334,c
c,ChooseHints,2mm,3,LARGE,129.83107643258663,0.019865,2.5790943333333334,c
c,ChooseHints,2mm,4,LARGE,82.45010762771466,0.03128066666666667,2.5790943333333334,c
c,ChooseHints,2mm,5,LARGE,128.74871871671994,0.020031999999999998,2.5790943333333334,c
c,FromPlan,2mm,1,LARGE,7.511910656484162,0.34333400000000003,2.5790943333333334,c
c,FromPlan,2mm,2,LARGE,5.829568400178415,0.442416,2.5790943333333334,c
c,FromPlan,2mm,3,LARGE,6.5603608278453684,0.393133,2.5790943333333334,c
c,FromPlan,2mm,4,LARGE,6.681551147790989,0.38600233333333334,2.5790943333333334,c
c,FromPlan,2mm,5,LARGE,6.615635140161345,0.38984833333333335,2.5790943333333334,c
c,Naive,2mm,1,LARGE,5.856821581261279,0.4403573333333333,2.5790943333333334,c
c,Naive,2mm,2,LARGE,4.571322308678518,0.5641900000000001,2.5790943333333334,c
c,Naive,2mm,3,LARGE,4.580604923215364,0.5630466666666667,2.5790943333333334,c
c,Naive,2mm,4,LARGE,1.005917103605542,2.5639233333333333,2.5790943333333334,c
c,Naive,2mm,5,LARGE,4.550922650084669,0.566719,2.5790943333333334,c
c,standard,2mm,1,LARGE,1.0,2.5790943333333334,2.5790943333333334,c
exo,AllHints,2mm,2,LARGE,4.493151345195779,0.5740056666666667,2.5790943333333334,c
exo,AllHints,2mm,3,LARGE,127.75172129117477,0.020188333333333332,2.5790943333333334,c
exo,AllHints,2mm,4,LARGE,123.19729635055091,0.020934666666666667,2.5790943333333334,c
exo,AllHints,2mm,5,LARGE,67.47022506692711,0.038225666666666665,2.5790943333333334,c
exo,ChooseHints,2mm,1,LARGE,39.67023687448729,0.06501333333333333,2.5790943333333334,c
exo,ChooseHints,2mm,2,LARGE,46.595542360224506,0.055350666666666666,2.5790943333333334,c
exo,ChooseHints,2mm,3,LARGE,125.69706766306555,0.020518333333333333,2.5790943333333334,c
exo,ChooseHints,2mm,4,LARGE,37.62537930363743,0.06854666666666666,2.5790943333333334,c
exo,ChooseHints,2mm,5,LARGE,127.11577511993164,0.020289333333333336,2.5790943333333334,c
exo,FromPlan,2mm,1,LARGE,4.331023762383997,0.5954929999999999,2.5790943333333334,c
exo,FromPlan,2mm,3,LARGE,4.4748105200757635,0.5763583333333333,2.5790943333333334,c
exo,Naive,2mm,1,LARGE,127.04063772494418,0.020301333333333334,2.5790943333333334,c
exo,Naive,2mm,2,LARGE,37.74192336772274,0.06833499999999999,2.5790943333333334,c
exo,Naive,2mm,5,LARGE,39.84367452662585,0.06473033333333333,2.5790943333333334,c
exo,standard,2mm,1,LARGE,0.9861526896499686,2.6153093333333337,2.5790943333333334,c
exo,standard,2mm,2,LARGE,0.983222419345226,2.6231036666666667,2.5790943333333334,c
exo,standard,2mm,3,LARGE,0.9814643592548248,2.6278023333333334,2.5790943333333334,c
exo,standard,2mm,4,LARGE,0.97516231315114,2.644784666666667,2.5790943333333334,c
exo,standard,2mm,5,LARGE,0.9768170664164598,2.6403043333333334,2.5790943333333334,c
halide,FromPlan,2mm,4,LARGE,59.75381894567753,0.043162,2.5790943333333334,c
halide,standard,2mm,1,LARGE,0.9282029989805377,2.7785886666666664,2.5790943333333334,c
halide,standard,2mm,2,LARGE,2.309161098161871,1.1168966666666666,2.5790943333333334,c
halide,standard,2mm,3,LARGE,1.010302831669361,2.5527933333333332,2.5790943333333334,c
noarr,AllHints,2mm,1,LARGE,3.9218134467105012,0.657628,2.5790943333333334,c
noarr,AllHints,2mm,2,LARGE,103.99154603981022,0.024801,2.5790943333333334,c
noarr,AllHints,2mm,3,LARGE,3.9172942951457097,0.6583866666666667,2.5790943333333334,c
noarr,AllHints,2mm,4,LARGE,3.8708614390352865,0.6662843333333334,2.5790943333333334,c
noarr,AllHints,2mm,5,LARGE,3.9481130679446585,0.6532473333333333,2.5790943333333334,c
noarr,ChooseHints,2mm,1,LARGE,3.8246012169864017,0.6743433333333333,2.5790943333333334,c
noarr,ChooseHints,2mm,2,LARGE,3.886173973883174,0.663659,2.5790943333333334,c
noarr,ChooseHints,2mm,3,LARGE,3.96146252850541,0.651046,2.5790943333333334,c
noarr,ChooseHints,2mm,4,LARGE,3.90389365974752,0.6606466666666667,2.5790943333333334,c
noarr,ChooseHints,2mm,5,LARGE,3.9665030635847636,0.6502186666666666,2.5790943333333334,c
noarr,FromPlan,2mm,1,LARGE,1.0811910245283185,2.385419666666667,2.5790943333333334,c
noarr,FromPlan,2mm,2,LARGE,0.7949061907335225,3.244526666666667,2.5790943333333334,c
noarr,FromPlan,2mm,3,LARGE,0.9111462900968604,2.8306039999999997,2.5790943333333334,c
noarr,FromPlan,2mm,4,LARGE,1.4043497129419606,1.8365043333333333,2.5790943333333334,c
noarr,FromPlan,2mm,5,LARGE,1.0987599533757695,2.347277333333333,2.5790943333333334,c
noarr,Naive,2mm,1,LARGE,3.9417551453128357,0.6543009999999999,2.5790943333333334,c
noarr,Naive,2mm,2,LARGE,3.940057003211714,0.654583,2.5790943333333334,c
noarr,Naive,2mm,3,LARGE,1.1195602316422424,2.3036673333333333,2.5790943333333334,c
noarr,Naive,2mm,4,LARGE,3.8513546944539443,0.6696589999999999,2.5790943333333334,c
noarr,Naive,2mm,5,LARGE,3.8082296489636644,0.6772423333333334,2.5790943333333334,c
noarr,standard,2mm,1,LARGE,0.9973614779126737,2.585917333333333,2.5790943333333334,c
noarr,standard,2mm,2,LARGE,3.8894500578092797,0.6631,2.5790943333333334,c
noarr,standard,2mm,3,LARGE,0.9984181000632038,2.583180666666667,2.5790943333333334,c
noarr,standard,2mm,4,LARGE,3.8904591951664935,0.6629280000000001,2.5790943333333334,c
noarr,standard,2mm,5,LARGE,0.9929739746895225,2.5973433333333333,2.5790943333333334,c
c,AllHints,3mm,1,LARGE,111.23906816155407,0.035142,3.9091633333333333,c
c,AllHints,3mm,2,LARGE,111.31825991210334,0.035117,3.9091633333333333,c
c,AllHints,3mm,4,LARGE,98.58761716615527,0.03965166666666667,3.9091633333333333,c
c,AllHints,3mm,5,LARGE,84.41597984524024,0.04630833333333333,3.9091633333333333,c
c,ChooseHints,3mm,1,LARGE,97.37043556234536,0.040147333333333333,3.9091633333333333,c
c,ChooseHints,3mm,2,LARGE,95.2796035260186,0.04102833333333333,3.9091633333333333,c
c,ChooseHints,3mm,3,LARGE,118.91473418440293,0.03287366666666666,3.9091633333333333,c
c,ChooseHints,3mm,4,LARGE,110.29644398882692,0.03544233333333333,3.9091633333333333,c
c,FromPlan,3mm,1,LARGE,4.815764759700217,0.811743,3.9091633333333333,c
c,FromPlan,3mm,2,LARGE,86.29817138231724,0.04529833333333333,3.9091633333333333,c
c,FromPlan,3mm,3,LARGE,6.2385143944765895,0.6266176666666666,3.9091633333333333,c
c,FromPlan,3mm,4,LARGE,6.553537600098352,0.5964966666666667,3.9091633333333333,c
c,FromPlan,3mm,5,LARGE,6.698498484090374,0.583588,3.9091633333333333,c
c,Naive,3mm,1,LARGE,4.1346273173676,0.9454693333333334,3.9091633333333333,c
c,Naive,3mm,2,LARGE,6.293780113838224,0.6211153333333334,3.9091633333333333,c
c,Naive,3mm,3,LARGE,4.1644156372653285,0.9387063333333333,3.9091633333333333,c
c,Naive,3mm,4,LARGE,4.2243216675557775,0.9253943333333333,3.9091633333333333,c
c,Naive,3mm,5,LARGE,4.257179220228579,0.918252,3.9091633333333333,c
c,standard,3mm,1,LARGE,1.0,3.9091633333333333,3.9091633333333333,c
exo,AllHints,3mm,3,LARGE,87.68741307891314,0.044580666666666664,3.9091633333333333,c
exo,AllHints,3mm,4,LARGE,37.09059569555798,0.105395,3.9091633333333333,c
exo,ChooseHints,3mm,1,LARGE,107.43296598602066,0.036386999999999996,3.9091633333333333,c
exo,ChooseHints,3mm,2,LARGE,111.93023144834167,0.034925000000000005,3.9091633333333333,c
exo,ChooseHints,3mm,3,LARGE,106.00641778902647,0.03687666666666667,3.9091633333333333,c
exo,ChooseHints,3mm,4,LARGE,107.8023109378878,0.036262333333333334,3.9091633333333333,c
exo,FromPlan,3mm,3,LARGE,4.226884123265453,0.9248333333333333,3.9091633333333333,c
exo,FromPlan,3mm,4,LARGE,109.60271028037383,0.035666666666666666,3.9091633333333333,c
exo,FromPlan,3mm,5,LARGE,4.21654375070111,0.9271013333333333,3.9091633333333333,c
exo,Naive,3mm,1,LARGE,39.04841974881131,0.10011066666666667,3.9091633333333333,c
exo,Naive,3mm,2,LARGE,1.3781346052332848,2.8365613333333335,3.9091633333333333,c
exo,Naive,3mm,3,LARGE,117.9187363001991,0.03315133333333333,3.9091633333333333,c
exo,Naive,3mm,4,LARGE,4.209437978979892,0.9286663333333333,3.9091633333333333,c
exo,Naive,3mm,5,LARGE,40.342659194969336,0.096899,3.9091633333333333,c
exo,standard,3mm,1,LARGE,0.9742100563983165,4.012649333333333,3.9091633333333333,c
exo,standard,3mm,2,LARGE,0.9701193071981465,4.029569666666667,3.9091633333333333,c
exo,standard,3mm,3,LARGE,0.9776252626419287,3.998631666666667,3.9091633333333333,c
exo,standard,3mm,4,LARGE,0.9727944154128925,4.018488666666666,3.9091633333333333,c
exo,standard,3mm,5,LARGE,0.9721292321643871,4.021238333333334,3.9091633333333333,c
halide,standard,3mm,3,LARGE,2.123674660189129,1.8407543333333332,3.9091633333333333,c
halide,standard,3mm,4,LARGE,2.2300572998285357,1.7529430000000001,3.9091633333333333,c
noarr,AllHints,3mm,1,LARGE,1.0312524951451292,3.7906946666666665,3.9091633333333333,c
noarr,AllHints,3mm,2,LARGE,3.661850495205009,1.0675376666666667,3.9091633333333333,c
noarr,AllHints,3mm,3,LARGE,103.2040586444198,0.037878,3.9091633333333333,c
noarr,AllHints,3mm,4,LARGE,3.6230700242485616,1.0789643333333334,3.9091633333333333,c
noarr,AllHints,3mm,5,LARGE,1.00112785440127,3.9047593333333332,3.9091633333333333,c
noarr,ChooseHints,3mm,1,LARGE,3.600287470651224,1.0857919999999999,3.9091633333333333,c
noarr,ChooseHints,3mm,2,LARGE,3.6853229590081122,1.0607383333333333,3.9091633333333333,c
noarr,ChooseHints,3mm,3,LARGE,1.2784560968372316,3.057722,3.9091633333333333,c
noarr,ChooseHints,3mm,4,LARGE,1.0231250448749003,3.820807,3.9091633333333333,c
noarr,ChooseHints,3mm,5,LARGE,3.5570411579812915,1.0989929999999999,3.9091633333333333,c
noarr,FromPlan,3mm,1,LARGE,1.0319725656536183,3.7880496666666663,3.9091633333333333,c
noarr,FromPlan,3mm,2,LARGE,1.0316840537797496,3.789109,3.9091633333333333,c
noarr,FromPlan,3mm,3,LARGE,3.620838386507962,1.0796293333333333,3.9091633333333333,c
noarr,FromPlan,3mm,4,LARGE,1.0336898108198396,3.7817566666666664,3.9091633333333333,c
noarr,FromPlan,3mm,5,LARGE,0.9738041276542673,4.014322,3.9091633333333333,c
noarr,Naive,3mm,1,LARGE,3.559611825175636,1.0981993333333333,3.9091633333333333,c
noarr,Naive,3mm,2,LARGE,3.6582192481608296,1.0685973333333332,3.9091633333333333,c
noarr,Naive,3mm,3,LARGE,3.6529514097087135,1.0701383333333334,3.9091633333333333,c
noarr,Naive,3mm,4,LARGE,3.614068608039249,1.0816516666666667,3.9091633333333333,c
noarr,Naive,3mm,5,LARGE,3.648174169318355,1.0715396666666666,3.9091633333333333,c
noarr,standard,3mm,1,LARGE,0.9388284403738762,4.163874,3.9091633333333333,c
noarr,standard,3mm,2,LARGE,0.9628897736379891,4.059824333333333,3.9091633333333333,c
noarr,standard,3mm,3,LARGE,3.628968273615313,1.0772106666666665,3.9091633333333333,c
noarr,standard,3mm,4,LARGE,3.6075593467474256,1.0836033333333335,3.9091633333333333,c
noarr,standard,3mm,5,LARGE,0.9367940838178,4.172916333333333,3.9091633333333333,c
c,AllHints,adi,1,LARGE,16.897736286135867,0.6135639999999999,10.367842666666666,c
c,AllHints,adi,2,LARGE,17.7854878875124,0.5829383333333333,10.367842666666666,c
c,AllHints,adi,3,LARGE,16.935560152261186,0.6121936666666666,10.367842666666666,c
c,AllHints,adi,4,LARGE,18.115643908970767,0.5723143333333334,10.367842666666666,c
c,AllHints,adi,5,LARGE,17.533367682058575,0.5913206666666667,10.367842666666666,c
c,ChooseHints,adi,2,LARGE,17.494817115527503,0.5926236666666667,10.367842666666666,c
c,ChooseHints,adi,3,LARGE,0.9954962903085858,10.414747666666667,10.367842666666666,c
c,ChooseHints,adi,4,LARGE,16.831450787660426,0.6159803333333334,10.367842666666666,c
c,ChooseHints,adi,5,LARGE,16.554027601109155,0.6263033333333333,10.367842666666666,c
c,FromPlan,adi,1,LARGE,1.2489650225860345,8.301147333333333,10.367842666666666,c
c,FromPlan,adi,2,LARGE,1.4432653855171893,7.183601,10.367842666666666,c
c,FromPlan,adi,3,LARGE,1.5582157777853594,6.653662999999999,10.367842666666666,c
c,FromPlan,adi,4,LARGE,11.694053590287592,0.886591,10.367842666666666,c
c,FromPlan,adi,5,LARGE,1.1490291730905873,9.023132666666667,10.367842666666666,c
c,Naive,adi,1,LARGE,1.009619249223217,10.269062,10.367842666666666,c
c,Naive,adi,2,LARGE,0.883554830459947,11.734238,10.367842666666666,c
c,Naive,adi,3,LARGE,1.245217186884218,8.326132,10.367842666666666,c
c,Naive,adi,4,LARGE,19.71957506916918,0.525764,10.367842666666666,c
c,Naive,adi,5,LARGE,19.399753632363353,0.5344316666666666,10.367842666666666,c
c,standard,adi,1,LARGE,1.0,10.367842666666666,10.367842666666666,c
exo,AllHints,adi,1,LARGE,17.119056412175716,0.6056316666666667,10.367842666666666,c
exo,AllHints,adi,2,LARGE,17.17648799991164,0.6036066666666667,10.367842666666666,c
exo,AllHints,adi,3,LARGE,17.144439575461426,0.604735,10.367842666666666,c
exo,AllHints,adi,5,LARGE,17.274066126066387,0.600197,10.367842666666666,c
exo,ChooseHints,adi,1,LARGE,16.91108550873486,0.6130796666666667,10.367842666666666,c
exo,ChooseHints,adi,2,LARGE,17.24958932887298,0.6010486666666667,10.367842666666666,c
exo,ChooseHints,adi,4,LARGE,17.471585492926494,0.5934116666666667,10.367842666666666,c
exo,ChooseHints,adi,5,LARGE,17.35379993951966,0.5974393333333333,10.367842666666666,c
exo,FromPlan,adi,2,LARGE,1.0386137501671278,9.982385333333333,10.367842666666666,c
exo,FromPlan,adi,4,LARGE,14.528011359522825,0.713645,10.367842666666666,c
exo,Naive,adi,1,LARGE,17.143749745077656,0.6047593333333333,10.367842666666666,c
exo,Naive,adi,2,LARGE,17.04975551998597,0.6080933333333333,10.367842666666666,c
exo,Naive,adi,4,LARGE,17.267803806702478,0.6004146666666667,10.367842666666666,c
exo,standard,adi,2,LARGE,0.732430698015352,14.155390666666667,10.367842666666666,c
exo,standard,adi,3,LARGE,0.7443256274934473,13.929176,10.367842666666666,c
exo,standard,adi,4,LARGE,0.7476942438953423,13.866420333333332,10.367842666666666,c
halide,AllHints,adi,1,LARGE,0.08903625360560577,116.445181,10.367842666666666,c
halide,AllHints,adi,3,LARGE,0.13267596536367654,78.14409066666667,10.367842666666666,c
halide,ChooseHints,adi,1,LARGE,0.09211681865723216,112.55102833333335,10.367842666666666,c
halide,ChooseHints,adi,2,LARGE,0.7539651706147215,13.751089666666667,10.367842666666666,c
halide,ChooseHints,adi,3,LARGE,0.4441350289789511,23.343897666666663,10.367842666666666,c
halide,ChooseHints,adi,4,LARGE,0.9157487473992815,11.321711,10.367842666666666,c
halide,FromPlan,adi,3,LARGE,1.0720137841888802,9.671370666666666,10.367842666666666,c
halide,Naive,adi,2,LARGE,0.8362813073180941,12.397554,10.367842666666666,c
halide,Naive,adi,4,LARGE,7.957217029582907,1.3029483333333334,10.367842666666666,c
halide,Naive,adi,5,LARGE,0.062262184930927764,166.51909466666666,10.367842666666666,c
halide,standard,adi,1,LARGE,0.8305580575541354,12.482983666666668,10.367842666666666,c
halide,standard,adi,2,LARGE,0.824538078429702,12.574122333333333,10.367842666666666,c
halide,standard,adi,3,LARGE,0.8304446526698771,12.484688333333333,10.367842666666666,c
halide,standard,adi,5,LARGE,0.8225392503074586,12.604678333333334,10.367842666666666,c
noarr,AllHints,adi,1,LARGE,12.921963516834868,0.8023426666666666,10.367842666666666,c
noarr,AllHints,adi,2,LARGE,13.15181990393072,0.78832,10.367842666666666,c
noarr,AllHints,adi,3,LARGE,13.125800962843426,0.7898826666666666,10.367842666666666,c
noarr,AllHints,adi,4,LARGE,12.96249305064134,0.799834,10.367842666666666,c
noarr,AllHints,adi,5,LARGE,1.1232618366180323,9.230120999999999,10.367842666666666,c
noarr,ChooseHints,adi,1,LARGE,13.077440358289632,0.7928036666666666,10.367842666666666,c
noarr,ChooseHints,adi,2,LARGE,1.230209635585999,8.427704,10.367842666666666,c
noarr,ChooseHints,adi,3,LARGE,12.895984330875912,0.803959,10.367842666666666,c
noarr,ChooseHints,adi,4,LARGE,12.964411101112185,0.7997156666666667,10.367842666666666,c
noarr,ChooseHints,adi,5,LARGE,12.88982768130843,0.8043429999999999,10.367842666666666,c
noarr,FromPlan,adi,1,LARGE,0.8162381797318454,12.701982000000001,10.367842666666666,c
noarr,FromPlan,adi,2,LARGE,12.687989589685957,0.8171383333333333,10.367842666666666,c
noarr,FromPlan,adi,3,LARGE,12.73459207253063,0.814148,10.367842666666666,c
noarr,FromPlan,adi,4,LARGE,1.1600021720534885,8.937778666666667,10.367842666666666,c
noarr,FromPlan,adi,5,LARGE,0.9999235836411126,10.368635,10.367842666666666,c
noarr,Naive,adi,1,LARGE,0.9182429032598236,11.290958666666667,10.367842666666666,c
noarr,Naive,adi,2,LARGE,0.9408719665690145,11.019398,10.367842666666666,c
noarr,Naive,adi,5,LARGE,0.9255427580967845,11.201905666666667,10.367842666666666,c
noarr,standard,adi,1,LARGE,0.9292225168874505,11.157545666666666,10.367842666666666,c
noarr,standard,adi,3,LARGE,0.8550699816013112,12.125139333333331,10.367842666666666,c
noarr,standard,adi,4,LARGE,0.9419525642885416,11.006756666666666,10.367842666666666,c
noarr,standard,adi,5,LARGE,0.9349587224970701,11.089091333333334,10.367842666666666,c
c,AllHints,atax,1,LARGE,7.250991501416429,0.0011766666666666668,0.008532,c
c,AllHints,atax,2,LARGE,3.9191548001837386,0.002177,0.008532,c
c,AllHints,atax,3,LARGE,7.595252225519289,0.0011233333333333332,0.008532,c
c,AllHints,atax,4,LARGE,7.528235294117646,0.0011333333333333334,0.008532,c
c,AllHints,atax,5,LARGE,7.212172442941673,0.001183,0.008532,c
c,ChooseHints,atax,1,LARGE,7.464566929133857,0.0011430000000000001,0.008532,c
c,ChooseHints,atax,2,LARGE,5.755790420508208,0.0014823333333333331,0.008532,c
c,ChooseHints,atax,3,LARGE,3.1835820895522384,0.00268,0.008532,c
c,ChooseHints,atax,4,LARGE,5.762269248086447,0.0014806666666666666,0.008532,c
c,ChooseHints,atax,5,LARGE,6.2353227771010955,0.0013683333333333334,0.008532,c
c,FromPlan,atax,1,LARGE,0.8779584276600124,0.009718,0.008532,c
c,FromPlan,atax,3,LARGE,1.23211706941369,0.006924666666666667,0.008532,c
c,FromPlan,atax,4,LARGE,1.0460155292194524,0.008156666666666666,0.008532,c
c,FromPlan,atax,5,LARGE,1.0507389162561576,0.00812,0.008532,c
c,Naive,atax,1,LARGE,0.9860923835574219,0.008652333333333333,0.008532,c
c,Naive,atax,2,LARGE,1.0222861250898634,0.008346,0.008532,c
c,Naive,atax,3,LARGE,1.0201267386712367,0.008363666666666667,0.008532,c
c,Naive,atax,4,LARGE,0.9910942461085727,0.008608666666666667,0.008532,c
c,standard,atax,1,LARGE,1.0,0.008532,0.008532,c
exo,AllHints,atax,1,LARGE,0.990020886516593,0.008618,0.008532,c
exo,AllHints,atax,2,LARGE,1.4269944806823882,0.005979000000000001,0.008532,c
exo,AllHints,atax,4,LARGE,1.7389768326652626,0.004906333333333333,0.008532,c
exo,ChooseHints,atax,1,LARGE,3.6086282250105737,0.0023643333333333333,0.008532,c
exo,ChooseHints,atax,2,LARGE,1.7200456958537733,0.004960333333333333,0.008532,c
exo,ChooseHints,atax,3,LARGE,0.4409682143164786,0.019348333333333332,0.008532,c
exo,ChooseHints,atax,4,LARGE,4.042963196967303,0.0021103333333333334,0.008532,c
exo,ChooseHints,atax,5,LARGE,1.0000781433148394,0.008531333333333333,0.008532,c
exo,FromPlan,atax,1,LARGE,1.1973616503718951,0.007125666666666666,0.008532,c
exo,FromPlan,atax,2,LARGE,0.40732017823042643,0.02094666666666667,0.008532,c
exo,FromPlan,atax,4,LARGE,0.7418485349100079,0.011500999999999999,0.008532,c
exo,Naive,atax,4,LARGE,1.1565677104514032,0.007376999999999999,0.008532,c
exo,standard,atax,1,LARGE,0.9832513829133374,0.008677333333333334,0.008532,c
exo,standard,atax,2,LARGE,0.9859784283513096,0.008653333333333334,0.008532,c
exo,standard,atax,3,LARGE,0.9837048424289008,0.008673333333333333,0.008532,c
exo,standard,atax,4,LARGE,0.9840073812086728,0.008670666666666667,0.008532,c
exo,standard,atax,5,LARGE,0.9749000190439916,0.008751666666666666,0.008532,c
halide,Naive,atax,2,LARGE,0.07374711160027429,0.11569266666666667,0.008532,c
halide,standard,atax,1,LARGE,0.5638258034671895,0.015132333333333333,0.008532,c
halide,standard,atax,2,LARGE,0.86578270869977,0.009854666666666666,0.008532,c
halide,standard,atax,3,LARGE,0.8663688058489032,0.009848,0.008532,c
halide,standard,atax,4,LARGE,0.5640867418899859,0.015125333333333333,0.008532,c
halide,standard,atax,5,LARGE,0.5674633086507338,0.015035333333333333,0.008532,c
noarr,AllHints,atax,1,LARGE,1.0341400347460707,0.008250333333333333,0.008532,c
noarr,AllHints,atax,2,LARGE,1.0367370083843006,0.008229666666666666,0.008532,c
noarr,AllHints,atax,3,LARGE,1.6916264622298591,0.005043666666666667,0.008532,c
noarr,AllHints,atax,4,LARGE,1.0344325897187197,0.008248,0.008532,c
noarr,AllHints,atax,5,LARGE,1.8311632565460005,0.004659333333333334,0.008532,c
noarr,ChooseHints,atax,1,LARGE,1.0336806396898475,0.008254,0.008532,c
noarr,ChooseHints,atax,2,LARGE,1.035772094528974,0.008237333333333333,0.008532,c
noarr,ChooseHints,atax,3,LARGE,0.9583645349707951,0.008902666666666668,0.008532,c
noarr,ChooseHints,atax,4,LARGE,1.0320967741935483,0.008266666666666667,0.008532,c
noarr,ChooseHints,atax,5,LARGE,1.0325131101250504,0.008263333333333333,0.008532,c
noarr,FromPlan,atax,2,LARGE,0.9941352390569775,0.008582333333333332,0.008532,c
noarr,FromPlan,atax,4,LARGE,1.0219187926697808,0.008349,0.008532,c
noarr,Naive,atax,1,LARGE,1.0321800145172997,0.008266,0.008532,c
noarr,Naive,atax,2,LARGE,1.0312651087832392,0.008273333333333334,0.008532,c
noarr,Naive,atax,3,LARGE,1.0339729347606545,0.008251666666666666,0.008532,c
noarr,Naive,atax,4,LARGE,1.0308497784937576,0.008276666666666667,0.008532,c
noarr,Naive,atax,5,LARGE,1.0377037217222087,0.008222,0.008532,c
noarr,standard,atax,1,LARGE,1.0336806396898475,0.008254,0.008532,c
noarr,standard,atax,2,LARGE,1.0303103489916676,0.008281,0.008532,c
noarr,standard,atax,3,LARGE,1.0295643779413537,0.008287000000000001,0.008532,c
noarr,standard,atax,4,LARGE,1.027415405611528,0.008304333333333334,0.008532,c
noarr,standard,atax,5,LARGE,1.03384764520559,0.008252666666666667,0.008532,c
c,AllHints,bicg,1,LARGE,12.611605860384948,0.0011603333333333333,0.014633666666666668,c
c,AllHints,bicg,3,LARGE,13.096957040572795,0.0011173333333333332,0.014633666666666668,c
c,AllHints,bicg,4,LARGE,12.553903345724908,0.0011656666666666666,0.014633666666666668,c
c,AllHints,bicg,5,LARGE,12.934885091337655,0.0011313333333333334,0.014633666666666668,c
c,ChooseHints,bicg,1,LARGE,2.3894301420562787,0.006124333333333333,0.014633666666666668,c
c,ChooseHints,bicg,2,LARGE,13.069663590354274,0.0011196666666666666,0.014633666666666668,c
c,ChooseHints,bicg,3,LARGE,13.05023781212842,0.0011213333333333333,0.014633666666666668,c
c,ChooseHints,bicg,4,LARGE,2.3255111770314656,0.006292666666666666,0.014633666666666668,c
c,ChooseHints,bicg,5,LARGE,13.046359583952453,0.0011216666666666666,0.014633666666666668,c
c,FromPlan,bicg,1,LARGE,13.663554310613137,0.001071,0.014633666666666668,c
c,FromPlan,bicg,2,LARGE,2.4155937052932765,0.006058,0.014633666666666668,c
c,FromPlan,bicg,3,LARGE,2.1852165256346443,0.006696666666666667,0.014633666666666668,c
c,FromPlan,bicg,4,LARGE,2.240304143702797,0.006532,0.014633666666666668,c
c,FromPlan,bicg,5,LARGE,2.2019862567086324,0.006645666666666667,0.014633666666666668,c
c,Naive,bicg,1,LARGE,2.3752096521127526,0.006161,0.014633666666666668,c
c,Naive,bicg,2,LARGE,2.3869617224880386,0.006130666666666666,0.014633666666666668,c
c,Naive,bicg,3,LARGE,2.381781684027778,0.006144,0.014633666666666668,c
c,Naive,bicg,4,LARGE,2.397389689820882,0.006104000000000001,0.014633666666666668,c
c,Naive,bicg,5,LARGE,2.4071170084439086,0.006079333333333333,0.014633666666666668,c
c,standard,bicg,1,LARGE,1.0,0.014633666666666668,0.014633666666666668,c
exo,AllHints,bicg,2,LARGE,2.1941723310675734,0.006669333333333333,0.014633666666666668,c
exo,AllHints,bicg,3,LARGE,1.0008435163231808,0.014621333333333333,0.014633666666666668,c
exo,AllHints,bicg,4,LARGE,2.215431974162293,0.006605333333333334,0.014633666666666668,c
exo,AllHints,bicg,5,LARGE,2.227911697538696,0.006568333333333333,0.014633666666666668,c
exo,ChooseHints,bicg,1,LARGE,2.2211484948140656,0.006588333333333332,0.014633666666666668,c
exo,ChooseHints,bicg,2,LARGE,2.087839444523708,0.0070090000000000005,0.014633666666666668,c
exo,ChooseHints,bicg,4,LARGE,0.9952392827185964,0.014703666666666665,0.014633666666666668,c
exo,ChooseHints,bicg,5,LARGE,1.0084301924932237,0.014511333333333334,0.014633666666666668,c
exo,FromPlan,bicg,2,LARGE,2.1935145398221247,0.006671333333333334,0.014633666666666668,c
exo,Naive,bicg,1,LARGE,1.0375543581017206,0.014104,0.014633666666666668,c
exo,Naive,bicg,2,LARGE,0.9951941604515677,0.014704333333333333,0.014633666666666668,c
exo,Naive,bicg,3,LARGE,1.8249501163950783,0.008018666666666667,0.014633666666666668,c
exo,Naive,bicg,4,LARGE,1.04144327940409,0.014051333333333332,0.014633666666666668,c
exo,Naive,bicg,5,LARGE,0.9927636190950002,0.014740333333333333,0.014633666666666668,c
exo,standard,bicg,1,LARGE,0.9989987484355446,0.014648333333333333,0.014633666666666668,c
exo,standard,bicg,2,LARGE,0.9988623694568953,0.014650333333333333,0.014633666666666668,c
exo,standard,bicg,3,LARGE,0.9981810327186741,0.014660333333333333,0.014633666666666668,c
exo,standard,bicg,4,LARGE,0.9991579043197234,0.014646,0.014633666666666668,c
exo,standard,bicg,5,LARGE,0.9994308609934891,0.014642,0.014633666666666668,c
halide,AllHints,bicg,5,LARGE,1.4155220223125042,0.010338,0.014633666666666668,c
halide,FromPlan,bicg,1,LARGE,1.2349085794655417,0.01185,0.014633666666666668,c
halide,FromPlan,bicg,4,LARGE,0.6843918560783214,0.021381999999999998,0.014633666666666668,c
halide,standard,bicg,1,LARGE,0.9423646589104022,0.015528666666666668,0.014633666666666668,c
halide,standard,bicg,2,LARGE,1.3235551267750008,0.011056333333333335,0.014633666666666668,c
halide,standard,bicg,3,LARGE,0.9406886798517218,0.015556333333333333,0.014633666666666668,c
halide,standard,bicg,4,LARGE,0.9461830251303937,0.015466,0.014633666666666668,c
halide,standard,bicg,5,LARGE,0.9625512508496131,0.015203,0.014633666666666668,c
noarr,AllHints,bicg,1,LARGE,2.295477124183007,0.006375,0.014633666666666668,c
noarr,AllHints,bicg,2,LARGE,2.0278534805302786,0.007216333333333334,0.014633666666666668,c
noarr,AllHints,bicg,3,LARGE,2.138174556789402,0.006844,0.014633666666666668,c
noarr,AllHints,bicg,4,LARGE,2.095813242946484,0.0069823333333333334,0.014633666666666668,c
noarr,AllHints,bicg,5,LARGE,2.2655072762927033,0.006459333333333333,0.014633666666666668,c
noarr,ChooseHints,bicg,1,LARGE,2.2374496712705776,0.006540333333333333,0.014633666666666668,c
noarr,ChooseHints,bicg,2,LARGE,1.1131931942084845,0.013145666666666667,0.014633666666666668,c
noarr,ChooseHints,bicg,3,LARGE,2.145174688492548,0.006821666666666667,0.014633666666666668,c
noarr,ChooseHints,bicg,4,LARGE,2.1262653169952053,0.006882333333333333,0.014633666666666668,c
noarr,ChooseHints,bicg,5,LARGE,2.1401550236435436,0.006837666666666666,0.014633666666666668,c
noarr,FromPlan,bicg,2,LARGE,2.4173228346456694,0.006053666666666666,0.014633666666666668,c
noarr,FromPlan,bicg,5,LARGE,2.4150621630542415,0.006059333333333333,0.014633666666666668,c
noarr,Naive,bicg,1,LARGE,2.236651722029754,0.006542666666666666,0.014633666666666668,c
noarr,Naive,bicg,2,LARGE,2.282112595519052,0.006412333333333333,0.014633666666666668,c
noarr,Naive,bicg,3,LARGE,2.2664429530201344,0.006456666666666666,0.014633666666666668,c
noarr,Naive,bicg,4,LARGE,2.276550508193321,0.006428,0.014633666666666668,c
noarr,Naive,bicg,5,LARGE,2.1194901752522575,0.006904333333333333,0.014633666666666668,c
noarr,standard,bicg,1,LARGE,1.1158528836133494,0.013114333333333334,0.014633666666666668,c
noarr,standard,bicg,2,LARGE,1.1155693339770794,0.013117666666666666,0.014633666666666668,c
noarr,standard,bicg,3,LARGE,1.1163068629694612,0.013109,0.014633666666666668,c
noarr,standard,bicg,4,LARGE,1.1163068629694612,0.013109,0.014633666666666668,c
noarr,standard,bicg,5,LARGE,1.1144082855257147,0.013131333333333333,0.014633666666666668,c
c,AllHints,cholesky,1,LARGE,1.0078293258820405,1.8896050000000002,1.9043993333333333,c
c,AllHints,cholesky,2,LARGE,1.0067005910482698,1.8917236666666666,1.9043993333333333,c
c,AllHints,cholesky,3,LARGE,1.0037135940239563,1.8973533333333332,1.9043993333333333,c
c,AllHints,cholesky,4,LARGE,1.0058227602073475,1.8933746666666667,1.9043993333333333,c
c,AllHints,cholesky,5,LARGE,1.0055989839102697,1.893796,1.9043993333333333,c
c,ChooseHints,cholesky,1,LARGE,1.0021849787273305,1.9002473333333334,1.9043993333333333,c
c,ChooseHints,cholesky,3,LARGE,1.0067871632653314,1.891561,1.9043993333333333,c
c,ChooseHints,cholesky,5,LARGE,1.0065468201587093,1.8920126666666668,1.9043993333333333,c
c,FromPlan,cholesky,1,LARGE,2.821797768125706,0.6748886666666666,1.9043993333333333,c
c,FromPlan,cholesky,2,LARGE,1.0087730016286713,1.8878373333333334,1.9043993333333333,c
c,FromPlan,cholesky,3,LARGE,1.0073728035343754,1.8904613333333333,1.9043993333333333,c
c,FromPlan,cholesky,4,LARGE,2.6204253078537567,0.726752,1.9043993333333333,c
c,FromPlan,cholesky,5,LARGE,3.724466806261424,0.5113213333333334,1.9043993333333333,c
c,Naive,cholesky,1,LARGE,1.0106232939800037,1.884381,1.9043993333333333,c
c,Naive,cholesky,2,LARGE,1.0075103031243553,1.8902033333333332,1.9043993333333333,c
c,Naive,cholesky,3,LARGE,1.0087446816737766,1.8878903333333332,1.9043993333333333,c
c,Naive,cholesky,4,LARGE,0.9992741389889159,1.9057826666666664,1.9043993333333333,c
c,Naive,cholesky,5,LARGE,1.006883510100209,1.89138,1.9043993333333333,c
c,standard,cholesky,1,LARGE,1.0,1.9043993333333333,1.9043993333333333,c
exo,AllHints,cholesky,1,LARGE,1.0046591144288703,1.8955676666666665,1.9043993333333333,c
exo,AllHints,cholesky,2,LARGE,1.0067424560809948,1.8916449999999998,1.9043993333333333,c
exo,AllHints,cholesky,3,LARGE,0.9963278577600752,1.9114183333333334,1.9043993333333333,c
exo,AllHints,cholesky,5,LARGE,0.9988738799773902,1.9065463333333332,1.9043993333333333,c
exo,ChooseHints,cholesky,2,LARGE,1.0047220122162788,1.895449,1.9043993333333333,c
exo,ChooseHints,cholesky,3,LARGE,1.0029728256976853,1.8987546666666668,1.9043993333333333,c
exo,ChooseHints,cholesky,4,LARGE,0.9988101406922093,1.906668,1.9043993333333333,c
exo,ChooseHints,cholesky,5,LARGE,1.0037271720593683,1.8973276666666667,1.9043993333333333,c
exo,FromPlan,cholesky,1,LARGE,1.005061018441782,1.8948096666666665,1.9043993333333333,c
exo,FromPlan,cholesky,2,LARGE,1.003888902360296,1.897022,1.9043993333333333,c
exo,FromPlan,cholesky,4,LARGE,1.0050776388091132,1.8947783333333332,1.9043993333333333,c
exo,FromPlan,cholesky,5,LARGE,1.002571182192791,1.8995153333333334,1.9043993333333333,c
exo,Naive,cholesky,1,LARGE,0.4487037403693631,4.244224333333333,1.9043993333333333,c
exo,Naive,cholesky,3,LARGE,1.0074598467190534,1.8902980000000003,1.9043993333333333,c
exo,Naive,cholesky,4,LARGE,1.0047610622768472,1.8953753333333332,1.9043993333333333,c
exo,Naive,cholesky,5,LARGE,0.4407427179298076,4.3208866666666665,1.9043993333333333,c
exo,standard,cholesky,1,LARGE,0.9884755667447027,1.9266023333333333,1.9043993333333333,c
exo,standard,cholesky,2,LARGE,0.9919996860715431,1.9197579999999999,1.9043993333333333,c
exo,standard,cholesky,3,LARGE,0.9912570101719606,1.9211963333333333,1.9043993333333333,c
exo,standard,cholesky,4,LARGE,0.9923417080504383,1.9190963333333333,1.9043993333333333,c
exo,standard,cholesky,5,LARGE,0.992138361776368,1.9194896666666665,1.9043993333333333,c
halide,AllHints,cholesky,4,LARGE,0.15237633907102516,12.497999,1.9043993333333333,c
halide,ChooseHints,cholesky,2,LARGE,1.0007931794971507,1.90289,1.9043993333333333,c
halide,Naive,cholesky,1,LARGE,1.0048377576555325,1.8952306666666665,1.9043993333333333,c
halide,standard,cholesky,1,LARGE,1.000188021128393,1.9040413333333335,1.9043993333333333,c
c,AllHints,correlation,1,LARGE,24.732388931494693,0.06910899999999999,1.7092306666666666,c
c,AllHints,correlation,2,LARGE,63.586661871752575,0.026880333333333336,1.7092306666666666,c
c,AllHints,correlation,3,LARGE,23.53977165784484,0.07261033333333333,1.7092306666666666,c
c,AllHints,correlation,4,LARGE,25.877960524655684,0.06604966666666667,1.7092306666666666,c
c,ChooseHints,correlation,1,LARGE,3.890899543808636,0.43928933333333336,1.7092306666666666,c
c,ChooseHints,correlation,2,LARGE,3.1351867590322398,0.5451766666666668,1.7092306666666666,c
c,ChooseHints,correlation,3,LARGE,25.03144740053698,0.06828333333333332,1.7092306666666666,c
c,ChooseHints,correlation,5,LARGE,23.851061454592813,0.07166266666666667,1.7092306666666666,c
c,FromPlan,correlation,1,LARGE,3.9144898261428507,0.436642,1.7092306666666666,c
c,FromPlan,correlation,2,LARGE,3.8684905794182125,0.441834,1.7092306666666666,c
c,FromPlan,correlation,3,LARGE,4.953530810242677,0.345053,1.7092306666666666,c
c,FromPlan,correlation,4,LARGE,1.1955306663408758,1.4296836666666666,1.7092306666666666,c
c,FromPlan,correlation,5,LARGE,3.8537008798359222,0.44352966666666666,1.7092306666666666,c
c,Naive,correlation,1,LARGE,3.983459261089178,0.42908199999999996,1.7092306666666666,c
c,Naive,correlation,2,LARGE,3.8497400068170315,0.443986,1.7092306666666666,c
c,Naive,correlation,3,LARGE,3.891209572586269,0.43925433333333336,1.7092306666666666,c
c,Naive,correlation,4,LARGE,3.825836392395619,0.44676,1.7092306666666666,c
c,Naive,correlation,5,LARGE,3.818466013387774,0.44762233333333334,1.7092306666666666,c
c,standard,correlation,1,LARGE,1.0,1.7092306666666666,1.7092306666666666,c
exo,AllHints,correlation,1,LARGE,21.694598871203848,0.07878600000000001,1.7092306666666666,c
exo,AllHints,correlation,2,LARGE,22.439093980290217,0.076172,1.7092306666666666,c
exo,AllHints,correlation,3,LARGE,23.572777507056628,0.07250866666666667,1.7092306666666666,c
exo,AllHints,correlation,4,LARGE,23.786998937685265,0.07185566666666666,1.7092306666666666,c
exo,AllHints,correlation,5,LARGE,3.792929696399459,0.450636,1.7092306666666666,c
exo,ChooseHints,correlation,1,LARGE,22.226666666666663,0.07690000000000001,1.7092306666666666,c
exo,ChooseHints,correlation,2,LARGE,23.221560031881744,0.07360533333333334,1.7092306666666666,c
exo,ChooseHints,correlation,3,LARGE,21.229514440911498,0.080512,1.7092306666666666,c
exo,ChooseHints,correlation,4,LARGE,21.548545974113296,0.07932,1.7092306666666666,c
exo,ChooseHints,correlation,5,LARGE,21.98574785188742,0.07774266666666667,1.7092306666666666,c
exo,FromPlan,correlation,2,LARGE,3.7819021278164984,0.45195,1.7092306666666666,c
exo,FromPlan,correlation,3,LARGE,3.7100864991190905,0.4606983333333334,1.7092306666666666,c
exo,FromPlan,correlation,4,LARGE,3.7760285840735985,0.45265299999999997,1.7092306666666666,c
exo,Naive,correlation,2,LARGE,3.739314456731316,0.4570973333333333,1.7092306666666666,c
exo,Naive,correlation,3,LARGE,21.93477349531591,0.07792333333333333,1.7092306666666666,c
exo,Naive,correlation,5,LARGE,3.70346520136996,0.461522,1.7092306666666666,c
exo,standard,correlation,1,LARGE,1.0034361140893984,1.7033776666666667,1.7092306666666666,c
exo,standard,correlation,2,LARGE,1.0029270094022231,1.7042423333333332,1.7092306666666666,c
exo,standard,correlation,3,LARGE,0.9917107496452989,1.7235173333333333,1.7092306666666666,c
halide,AllHints,correlation,1,LARGE,39.71445389345849,0.043038,1.7092306666666666,c
halide,AllHints,correlation,2,LARGE,0.7540204585919674,2.2668226666666667,1.7092306666666666,c
halide,AllHints,correlation,4,LARGE,34.231396241530085,0.04993166666666667,1.7092306666666666,c
halide,Naive,correlation,1,LARGE,37.695302506799976,0.045343333333333326,1.7092306666666666,c
halide,Naive,correlation,2,LARGE,17.089059745315055,0.10001900000000001,1.7092306666666666,c
halide,Naive,correlation,4,LARGE,30.0487090233583,0.056881999999999995,1.7092306666666666,c
halide,Naive,correlation,5,LARGE,29.388422741861532,0.058159999999999996,1.7092306666666666,c
halide,standard,correlation,4,LARGE,0.5040251202021726,3.3911616666666666,1.7092306666666666,c
noarr,AllHints,correlation,1,LARGE,1.0059380985254704,1.699141,1.7092306666666666,c
noarr,AllHints,correlation,2,LARGE,1.0111094635118996,1.6904506666666668,1.7092306666666666,c
noarr,AllHints,correlation,3,LARGE,1.0200844166578968,1.6755776666666666,1.7092306666666666,c
noarr,AllHints,correlation,4,LARGE,1.0125614129318652,1.6880266666666668,1.7092306666666666,c
noarr,AllHints,correlation,5,LARGE,1.0126815969810479,1.6878263333333334,1.7092306666666666,c
noarr,ChooseHints,correlation,1,LARGE,1.0153998357202998,1.683308,1.7092306666666666,c
noarr,ChooseHints,correlation,2,LARGE,1.0172924310126972,1.6801763333333335,1.7092306666666666,c
noarr,ChooseHints,correlation,3,LARGE,0.7174153810336886,2.382484,1.7092306666666666,c
noarr,ChooseHints,correlation,4,LARGE,2.9944493076671965,0.5707996666666667,1.7092306666666666,c
noarr,ChooseHints,correlation,5,LARGE,1.013045722756116,1.6872196666666668,1.7092306666666666,c
noarr,FromPlan,correlation,1,LARGE,1.1981515392896038,1.4265563333333333,1.7092306666666666,c
noarr,FromPlan,correlation,2,LARGE,1.1978520531151278,1.426913,1.7092306666666666,c
noarr,FromPlan,correlation,3,LARGE,1.1976760698916795,1.4271226666666665,1.7092306666666666,c
noarr,FromPlan,correlation,4,LARGE,1.197053968479265,1.4278643333333332,1.7092306666666666,c
noarr,FromPlan,correlation,5,LARGE,1.197917255576794,1.4268353333333332,1.7092306666666666,c
noarr,Naive,correlation,1,LARGE,1.0060969843139118,1.6988726666666665,1.7092306666666666,c
noarr,Naive,correlation,2,LARGE,1.014797579459485,1.6843069999999998,1.7092306666666666,c
noarr,Naive,correlation,3,LARGE,2.918105462158811,0.585733,1.7092306666666666,c
noarr,Naive,correlation,4,LARGE,1.0052626543664895,1.7002826666666666,1.7092306666666666,c
noarr,Naive,correlation,5,LARGE,1.0038910947670991,1.7026056666666667,1.7092306666666666,c
noarr,standard,correlation,1,LARGE,1.0163344749944503,1.68176,1.7092306666666666,c
noarr,standard,correlation,2,LARGE,1.0093299736845884,1.6934310000000001,1.7092306666666666,c
noarr,standard,correlation,3,LARGE,1.0011752019310878,1.7072243333333332,1.7092306666666666,c
noarr,standard,correlation,4,LARGE,1.0011114801076688,1.707333,1.7092306666666666,c
noarr,standard,correlation,5,LARGE,1.0035372507298979,1.703206,1.7092306666666666,c
c,AllHints,covariance,1,LARGE,75.26888666529325,0.022652666666666668,1.7050409999999998,c
c,AllHints,covariance,2,LARGE,23.57405947986229,0.072327,1.7050409999999998,c
c,AllHints,covariance,3,LARGE,25.428511063497666,0.06705233333333332,1.7050409999999998,c
c,AllHints,covariance,5,LARGE,60.438871362234586,0.028211,1.7050409999999998,c
c,ChooseHints,covariance,1,LARGE,3.8588975059221142,0.44184666666666667,1.7050409999999998,c
c,ChooseHints,covariance,2,LARGE,25.25437929536298,0.06751466666666667,1.7050409999999998,c
c,ChooseHints,covariance,3,LARGE,3.8413763737377833,0.443862,1.7050409999999998,c
c,ChooseHints,covariance,4,LARGE,3.848842327669689,0.443001,1.7050409999999998,c
c,ChooseHints,covariance,5,LARGE,3.905666860354578,0.43655566666666673,1.7050409999999998,c
c,FromPlan,covariance,1,LARGE,3.627345485180363,0.47005199999999997,1.7050409999999998,c
c,FromPlan,covariance,2,LARGE,3.8943554901478596,0.43782366666666667,1.7050409999999998,c
c,FromPlan,covariance,3,LARGE,3.813340182022043,0.4471253333333333,1.7050409999999998,c
c,FromPlan,covariance,4,LARGE,3.758395016554174,0.453662,1.7050409999999998,c
c,FromPlan,covariance,5,LARGE,3.710369635326222,0.45953399999999994,1.7050409999999998,c
c,Naive,covariance,1,LARGE,1.0106182503585976,1.6871266666666667,1.7050409999999998,c
c,Naive,covariance,2,LARGE,1.1860634977388815,1.437563,1.7050409999999998,c
c,Naive,covariance,3,LARGE,3.848489043543685,0.4430416666666666,1.7050409999999998,c
c,Naive,covariance,4,LARGE,1.1866501243342795,1.4368523333333334,1.7050409999999998,c
c,Naive,covariance,5,LARGE,3.8470331551381283,0.44320933333333334,1.7050409999999998,c
c,standard,covariance,1,LARGE,1.0,1.7050409999999998,1.7050409999999998,c
exo,AllHints,covariance,1,LARGE,0.5200353147845992,3.2787023333333334,1.7050409999999998,c
exo,AllHints,covariance,3,LARGE,32.76278774835709,0.052042,1.7050409999999998,c
exo,ChooseHints,covariance,1,LARGE,22.073061587323505,0.07724533333333333,1.7050409999999998,c
exo,ChooseHints,covariance,2,LARGE,3.6764480113158564,0.46377399999999996,1.7050409999999998,c
exo,ChooseHints,covariance,3,LARGE,23.10280614434051,0.07380233333333334,1.7050409999999998,c
exo,ChooseHints,covariance,5,LARGE,21.697418429848817,0.07858266666666668,1.7050409999999998,c
exo,FromPlan,covariance,1,LARGE,3.7606110643854063,0.45339466666666667,1.7050409999999998,c
exo,FromPlan,covariance,3,LARGE,3.7178506324918517,0.45860933333333337,1.7050409999999998,c
exo,FromPlan,covariance,4,LARGE,3.7380183498306416,0.456135,1.7050409999999998,c
exo,FromPlan,covariance,5,LARGE,3.7522083580907104,0.45441000000000004,1.7050409999999998,c
exo,Naive,covariance,1,LARGE,3.7435088458853127,0.455466,1.7050409999999998,c
exo,Naive,covariance,2,LARGE,0.5187378514060195,3.286903,1.7050409999999998,c
exo,Naive,covariance,3,LARGE,23.671261974177426,0.07203,1.7050409999999998,c
exo,Naive,covariance,5,LARGE,77.34599972782121,0.022044333333333332,1.7050409999999998,c
exo,standard,covariance,1,LARGE,0.9942960077302467,1.7148223333333334,1.7050409999999998,c
exo,standard,covariance,2,LARGE,0.9934096670516562,1.7163523333333333,1.7050409999999998,c
exo,standard,covariance,3,LARGE,0.9918651561204751,1.719025,1.7050409999999998,c
exo,standard,covariance,4,LARGE,0.9956313951720727,1.7125223333333333,1.7050409999999998,c
exo,standard,covariance,5,LARGE,0.9982167184692582,1.708087,1.7050409999999998,c
halide,AllHints,covariance,2,LARGE,0.2123844432198551,8.028087999999999,1.7050409999999998,c
halide,ChooseHints,covariance,5,LARGE,15.735644453741703,0.10835533333333332,1.7050409999999998,c
halide,Naive,covariance,4,LARGE,35.37502852756281,0.048199,1.7050409999999998,c
halide,Naive,covariance,5,LARGE,42.256631611991835,0.040349666666666666,1.7050409999999998,c
halide,standard,covariance,2,LARGE,0.5050698312603751,3.375852,1.7050409999999998,c
noarr,AllHints,covariance,1,LARGE,3.7925674879126396,0.44957433333333335,1.7050409999999998,c
noarr,AllHints,covariance,2,LARGE,1.0152143529399622,1.6794886666666666,1.7050409999999998,c
noarr,AllHints,covariance,3,LARGE,3.8868509058082514,0.438669,1.7050409999999998,c
noarr,AllHints,covariance,4,LARGE,3.865388713487501,0.4411046666666667,1.7050409999999998,c
noarr,AllHints,covariance,5,LARGE,0.7296893395592952,2.3366670000000003,1.7050409999999998,c
noarr,ChooseHints,covariance,1,LARGE,3.810402932040136,0.44747000000000003,1.7050409999999998,c
noarr,ChooseHints,covariance,2,LARGE,3.8914164947967342,0.4381543333333333,1.7050409999999998,c
noarr,ChooseHints,covariance,3,LARGE,1.0204909251310845,1.6708046666666665,1.7050409999999998,c
noarr,ChooseHints,covariance,4,LARGE,3.8762472463392506,0.439869,1.7050409999999998,c
noarr,ChooseHints,covariance,5,LARGE,3.856226883926969,0.4421526666666667,1.7050409999999998,c
noarr,FromPlan,covariance,1,LARGE,1.1927083551932978,1.4295540000000002,1.7050409999999998,c
noarr,FromPlan,covariance,2,LARGE,3.878251606421896,0.4396416666666667,1.7050409999999998,c
noarr,FromPlan,covariance,4,LARGE,0.783781311425372,2.175404,1.7050409999999998,c
noarr,FromPlan,covariance,5,LARGE,3.877017004650034,0.4397816666666667,1.7050409999999998,c
noarr,Naive,covariance,1,LARGE,1.010448557256387,1.6874099999999999,1.7050409999999998,c
noarr,Naive,covariance,2,LARGE,1.0090076672875743,1.6898196666666667,1.7050409999999998,c
noarr,Naive,covariance,3,LARGE,3.9111139486926176,0.4359476666666667,1.7050409999999998,c
noarr,Naive,covariance,4,LARGE,3.7774489872027677,0.45137366666666673,1.7050409999999998,c
noarr,Naive,covariance,5,LARGE,3.8933061861359004,0.4379416666666667,1.7050409999999998,c
noarr,standard,covariance,1,LARGE,1.0115685857661976,1.6855416666666667,1.7050409999999998,c
noarr,standard,covariance,2,LARGE,1.0049140391857934,1.6967033333333335,1.7050409999999998,c
noarr,standard,covariance,3,LARGE,0.9964632735651564,1.7110926666666668,1.7050409999999998,c
noarr,standard,covariance,4,LARGE,1.0095730486991326,1.6888733333333334,1.7050409999999998,c
noarr,standard,covariance,5,LARGE,1.0067576118591028,1.6935963333333335,1.7050409999999998,c
c,AllHints,deriche,1,LARGE,5.031569041875472,0.04463233333333333,0.22457066666666667,c
c,AllHints,deriche,2,LARGE,4.984293503591853,0.04505566666666667,0.22457066666666667,c
c,AllHints,deriche,3,LARGE,4.1118360421612845,0.054615666666666667,0.22457066666666667,c
c,AllHints,deriche,4,LARGE,18.36928781764642,0.012225333333333333,0.22457066666666667,c
c,AllHints,deriche,5,LARGE,4.044496473060184,0.055525,0.22457066666666667,c
c,ChooseHints,deriche,1,LARGE,2.860845711568023,0.078498,0.22457066666666667,c
c,ChooseHints,deriche,2,LARGE,4.860240807404575,0.046205666666666666,0.22457066666666667,c
c,ChooseHints,deriche,3,LARGE,5.178217593482187,0.043368333333333335,0.22457066666666667,c
c,ChooseHints,deriche,4,LARGE,5.053762311621871,0.044436333333333335,0.22457066666666667,c
c,ChooseHints,deriche,5,LARGE,0.7255050823218764,0.309537,0.22457066666666667,c
c,FromPlan,deriche,1,LARGE,1.4992433818162398,0.14978933333333333,0.22457066666666667,c
c,FromPlan,deriche,2,LARGE,1.4931295544405243,0.15040266666666666,0.22457066666666667,c
c,FromPlan,deriche,3,LARGE,1.4885866743263696,0.15086166666666667,0.22457066666666667,c
c,FromPlan,deriche,4,LARGE,1.4078900623999533,0.15950866666666666,0.22457066666666667,c
c,FromPlan,deriche,5,LARGE,1.3966590239109073,0.16079133333333334,0.22457066666666667,c
c,Naive,deriche,1,LARGE,1.6511941962918029,0.13600500000000001,0.22457066666666667,c
c,Naive,deriche,2,LARGE,1.4627056859309628,0.153531,0.22457066666666667,c
c,Naive,deriche,3,LARGE,0.7391407381401676,0.3038266666666667,0.22457066666666667,c
c,Naive,deriche,4,LARGE,0.7290363840785705,0.30803766666666665,0.22457066666666667,c
c,Naive,deriche,5,LARGE,0.7324461220837759,0.30660366666666666,0.22457066666666667,c
c,standard,deriche,1,LARGE,1.0,0.22457066666666667,0.22457066666666667,c
exo,AllHints,deriche,1,LARGE,3.1308356491593323,0.07172866666666666,0.22457066666666667,c
exo,AllHints,deriche,2,LARGE,4.289328757791261,0.05235566666666667,0.22457066666666667,c
exo,ChooseHints,deriche,2,LARGE,4.069709984716962,0.055181,0.22457066666666667,c
exo,FromPlan,deriche,3,LARGE,1.0718988356811694,0.20950733333333335,0.22457066666666667,c
exo,Naive,deriche,5,LARGE,1.203588011140628,0.18658433333333332,0.22457066666666667,c
exo,standard,deriche,3,LARGE,0.813168827594864,0.2761673333333333,0.22457066666666667,c
exo,standard,deriche,4,LARGE,0.8217132360922907,0.27329566666666666,0.22457066666666667,c
exo,standard,deriche,5,LARGE,0.8156684984678491,0.275321,0.22457066666666667,c
halide,AllHints,deriche,1,LARGE,0.16881259729979828,1.3302956666666665,0.22457066666666667,c
halide,AllHints,deriche,2,LARGE,0.9428822544799056,0.23817466666666665,0.22457066666666667,c
halide,AllHints,deriche,3,LARGE,0.1584642810184718,1.4171690000000001,0.22457066666666667,c
halide,ChooseHints,deriche,2,LARGE,0.6185060091420115,0.36308566666666664,0.22457066666666667,c
halide,ChooseHints,deriche,3,LARGE,0.1597420651433468,1.405833,0.22457066666666667,c
halide,ChooseHints,deriche,4,LARGE,0.6537459450909765,0.34351366666666666,0.22457066666666667,c
halide,ChooseHints,deriche,5,LARGE,0.6489281366067163,0.346064,0.22457066666666667,c
halide,FromPlan,deriche,1,LARGE,0.6886938459242359,0.326082,0.22457066666666667,c
halide,FromPlan,deriche,2,LARGE,0.6771138198308301,0.33165866666666666,0.22457066666666667,c
halide,FromPlan,deriche,4,LARGE,0.15882983373262086,1.4139073333333334,0.22457066666666667,c
halide,Naive,deriche,5,LARGE,0.6859870523141087,0.32736866666666664,0.22457066666666667,c
halide,standard,deriche,1,LARGE,0.3904397570357011,0.5751736666666667,0.22457066666666667,c
noarr,AllHints,deriche,1,LARGE,3.3634811434733556,0.06676733333333333,0.22457066666666667,c
noarr,AllHints,deriche,2,LARGE,3.3745667287772236,0.066548,0.22457066666666667,c
noarr,AllHints,deriche,3,LARGE,0.7672479668917388,0.29269633333333334,0.22457066666666667,c
noarr,ChooseHints,deriche,2,LARGE,1.1748932726917605,0.1911413333333333,0.22457066666666667,c
noarr,ChooseHints,deriche,4,LARGE,1.479183773838432,0.1518206666666667,0.22457066666666667,c
noarr,ChooseHints,deriche,5,LARGE,3.378408059493423,0.06647233333333334,0.22457066666666667,c
noarr,FromPlan,deriche,1,LARGE,1.1769375362491006,0.1908093333333333,0.22457066666666667,c
noarr,FromPlan,deriche,2,LARGE,3.341808820392756,0.06720033333333333,0.22457066666666667,c
noarr,FromPlan,deriche,3,LARGE,1.427915602513697,0.15727166666666667,0.22457066666666667,c
noarr,FromPlan,deriche,4,LARGE,0.8411169914591379,0.266991,0.22457066666666667,c
noarr,FromPlan,deriche,5,LARGE,0.7463571837676574,0.300889,0.22457066666666667,c
noarr,Naive,deriche,1,LARGE,0.5061154211080252,0.4437143333333333,0.22457066666666667,c
noarr,Naive,deriche,3,LARGE,0.7416337889248978,0.3028053333333333,0.22457066666666667,c
noarr,Naive,deriche,4,LARGE,1.159182100358571,0.19373200000000002,0.22457066666666667,c
noarr,Naive,deriche,5,LARGE,1.7095774726515616,0.13136033333333333,0.22457066666666667,c
noarr,standard,deriche,1,LARGE,1.1826750062757723,0.18988366666666667,0.22457066666666667,c
noarr,standard,deriche,2,LARGE,1.180434950204299,0.190244,0.22457066666666667,c
noarr,standard,deriche,3,LARGE,1.186657953742829,0.18924633333333332,0.22457066666666667,c
noarr,standard,deriche,4,LARGE,1.179498761347024,0.190395,0.22457066666666667,c
noarr,standard,deriche,5,LARGE,0.08358898426738669,2.686606,0.22457066666666667,c
c,AllHints,doitgen,1,LARGE,260.26827562084645,0.002859,0.744107,c
c,AllHints,doitgen,2,LARGE,283.9019458222052,0.002621,0.744107,c
c,AllHints,doitgen,3,LARGE,285.17130812468065,0.0026093333333333333,0.744107,c
c,AllHints,doitgen,4,LARGE,284.19108847867597,0.0026183333333333336,0.744107,c
c,AllHints,doitgen,5,LARGE,264.2112676056338,0.0028163333333333334,0.744107,c
c,ChooseHints,doitgen,1,LARGE,5.73347048534862,0.129783,0.744107,c
c,ChooseHints,doitgen,2,LARGE,289.04842677715914,0.0025743333333333334,0.744107,c
c,ChooseHints,doitgen,3,LARGE,189.40446292211095,0.003928666666666667,0.744107,c
c,ChooseHints,doitgen,4,LARGE,296.1423454497214,0.0025126666666666665,0.744107,c
c,ChooseHints,doitgen,5,LARGE,283.038037276531,0.002629,0.744107,c
c,FromPlan,doitgen,1,LARGE,4.146266760526232,0.17946433333333334,0.744107,c
c,FromPlan,doitgen,2,LARGE,6.5924268868551374,0.112873,0.744107,c
c,FromPlan,doitgen,3,LARGE,5.737847382869128,0.129684,0.744107,c
c,FromPlan,doitgen,4,LARGE,6.470908289803987,0.11499266666666667,0.744107,c
c,FromPlan,doitgen,5,LARGE,6.460084617254512,0.11518533333333332,0.744107,c
c,Naive,doitgen,1,LARGE,5.185848293933988,0.14348799999999998,0.744107,c
c,Naive,doitgen,2,LARGE,5.513455639365154,0.134962,0.744107,c
c,Naive,doitgen,3,LARGE,4.206394609353359,0.176899,0.744107,c
c,Naive,doitgen,4,LARGE,5.190466447018119,0.14336033333333334,0.744107,c
c,Naive,doitgen,5,LARGE,6.464499594578941,0.11510666666666668,0.744107,c
c,standard,doitgen,1,LARGE,1.0,0.744107,0.744107,c
exo,AllHints,doitgen,1,LARGE,0.39994635899591346,1.860517,0.744107,c
exo,AllHints,doitgen,2,LARGE,107.93023255813954,0.006894333333333333,0.744107,c
exo,AllHints,doitgen,3,LARGE,141.8157042119306,0.005247000000000001,0.744107,c
exo,AllHints,doitgen,4,LARGE,123.36673114119921,0.006031666666666667,0.744107,c
exo,AllHints,doitgen,5,LARGE,123.48957238479836,0.006025666666666666,0.744107,c
exo,ChooseHints,doitgen,1,LARGE,138.95555555555555,0.0053549999999999995,0.744107,c
exo,ChooseHints,doitgen,2,LARGE,136.50834709227664,0.005451,0.744107,c
exo,ChooseHints,doitgen,3,LARGE,144.02070967741935,0.005166666666666667,0.744107,c
exo,ChooseHints,doitgen,4,LARGE,5.532627149099217,0.13449433333333335,0.744107,c
exo,FromPlan,doitgen,2,LARGE,5.657145680964617,0.131534,0.744107,c
exo,FromPlan,doitgen,4,LARGE,5.722139341741002,0.13004000000000002,0.744107,c
exo,FromPlan,doitgen,5,LARGE,5.727189462665736,0.12992533333333334,0.744107,c
exo,Naive,doitgen,2,LARGE,3.348389419290969,0.22222833333333333,0.744107,c
exo,Naive,doitgen,3,LARGE,2.0275892324334928,0.366991,0.744107,c
exo,Naive,doitgen,4,LARGE,1.0774207591828222,0.6906373333333334,0.744107,c
exo,Naive,doitgen,5,LARGE,5.526162567612729,0.13465166666666667,0.744107,c
exo,standard,doitgen,1,LARGE,0.873711978739601,0.8516616666666668,0.744107,c
exo,standard,doitgen,2,LARGE,0.8592142091747187,0.866032,0.744107,c
exo,standard,doitgen,3,LARGE,0.860505250562987,0.8647326666666667,0.744107,c
exo,standard,doitgen,4,LARGE,0.8815305624398774,0.844108,0.744107,c
exo,standard,doitgen,5,LARGE,0.8763069601035399,0.8491396666666667,0.744107,c
halide,AllHints,doitgen,1,LARGE,76.80443832788576,0.009688333333333334,0.744107,c
halide,AllHints,doitgen,3,LARGE,5.567773909052817,0.1336453333333333,0.744107,c
halide,ChooseHints,doitgen,1,LARGE,76.19883260513382,0.009765333333333332,0.744107,c
halide,ChooseHints,doitgen,2,LARGE,5.7311594686603025,0.12983533333333333,0.744107,c
halide,ChooseHints,doitgen,4,LARGE,77.3258858983685,0.009623,0.744107,c
halide,ChooseHints,doitgen,5,LARGE,77.93600530670669,0.009547666666666668,0.744107,c
halide,FromPlan,doitgen,1,LARGE,57.48367410001545,0.012944666666666667,0.744107,c
halide,Naive,doitgen,1,LARGE,77.34731991268494,0.009620333333333333,0.744107,c
halide,Naive,doitgen,2,LARGE,5.44727614353168,0.13660166666666665,0.744107,c
halide,Naive,doitgen,4,LARGE,5.673536453329674,0.131154,0.744107,c
halide,Naive,doitgen,5,LARGE,5.472032180335383,0.13598366666666667,0.744107,c
halide,standard,doitgen,3,LARGE,1.0807539208006498,0.6885073333333334,0.744107,c
halide,standard,doitgen,4,LARGE,2.2146085607312713,0.3359993333333333,0.744107,c
halide,standard,doitgen,5,LARGE,2.2179024163910417,0.33550033333333334,0.744107,c
noarr,AllHints,doitgen,1,LARGE,3.793251633820336,0.19616599999999998,0.744107,c
noarr,AllHints,doitgen,2,LARGE,3.8439117542729817,0.19358066666666665,0.744107,c
noarr,AllHints,doitgen,3,LARGE,4.895065071759843,0.15201166666666666,0.744107,c
noarr,AllHints,doitgen,4,LARGE,3.8333241749750147,0.19411533333333333,0.744107,c
noarr,AllHints,doitgen,5,LARGE,3.8442559713444355,0.1935633333333333,0.744107,c
noarr,ChooseHints,doitgen,1,LARGE,4.961606422489381,0.149973,0.744107,c
noarr,ChooseHints,doitgen,2,LARGE,3.8482255370278105,0.19336366666666668,0.744107,c
noarr,ChooseHints,doitgen,3,LARGE,3.840182279212669,0.19376866666666667,0.744107,c
noarr,ChooseHints,doitgen,4,LARGE,3.83824105914718,0.19386666666666666,0.744107,c
noarr,ChooseHints,doitgen,5,LARGE,3.8410743137561925,0.19372366666666666,0.744107,c
noarr,FromPlan,doitgen,1,LARGE,5.005035705077183,0.14867166666666667,0.744107,c
noarr,FromPlan,doitgen,2,LARGE,4.074084010424651,0.182644,0.744107,c
noarr,FromPlan,doitgen,3,LARGE,4.256012278126251,0.17483666666666667,0.744107,c
noarr,FromPlan,doitgen,4,LARGE,3.508085351135249,0.212112,0.744107,c
noarr,FromPlan,doitgen,5,LARGE,3.838722879591145,0.19384233333333334,0.744107,c
noarr,Naive,doitgen,1,LARGE,3.8439183732507263,0.19358033333333333,0.744107,c
noarr,Naive,doitgen,2,LARGE,4.668662553591969,0.15938333333333332,0.744107,c
noarr,Naive,doitgen,3,LARGE,3.808934010152284,0.19535833333333333,0.744107,c
noarr,Naive,doitgen,4,LARGE,3.839970894729056,0.19377933333333333,0.744107,c
noarr,Naive,doitgen,5,LARGE,3.809304492353477,0.19533933333333334,0.744107,c
noarr,standard,doitgen,1,LARGE,1.0507314524555902,0.70818,0.744107,c
noarr,standard,doitgen,2,LARGE,1.0561885309309444,0.7045210000000001,0.744107,c
noarr,standard,doitgen,3,LARGE,1.0407532440770213,0.7149696666666667,0.744107,c
noarr,standard,doitgen,5,LARGE,1.053447207562965,0.7063543333333334,0.744107,c
c,AllHints,durbin,1,LARGE,0.07285559792816892,0.052707000000000004,0.0038399999999999997,c
c,AllHints,durbin,3,LARGE,0.7866165926937521,0.004881666666666667,0.0038399999999999997,c
c,AllHints,durbin,4,LARGE,0.98285129255183,0.003907,0.0038399999999999997,c
c,AllHints,durbin,5,LARGE,0.9761057447890187,0.003934,0.0038399999999999997,c
c,ChooseHints,durbin,1,LARGE,0.96040016673614,0.003998333333333333,0.0038399999999999997,c
c,ChooseHints,durbin,2,LARGE,0.7826618656158707,0.004906333333333333,0.0038399999999999997,c
c,ChooseHints,durbin,3,LARGE,0.7715491259795058,0.004977,0.0038399999999999997,c
c,ChooseHints,durbin,4,LARGE,0.9568106312292358,0.004013333333333333,0.0038399999999999997,c
c,ChooseHints,durbin,5,LARGE,0.7809640024405123,0.004917,0.0038399999999999997,c
c,FromPlan,durbin,1,LARGE,0.9853733641262509,0.003897,0.0038399999999999997,c
c,FromPlan,durbin,2,LARGE,0.98327074086719,0.0039053333333333336,0.0038399999999999997,c
c,FromPlan,durbin,3,LARGE,0.9775137887144675,0.003928333333333333,0.0038399999999999997,c
c,FromPlan,durbin,4,LARGE,0.9637747845729104,0.003984333333333334,0.0038399999999999997,c
c,FromPlan,durbin,5,LARGE,0.9781778041946165,0.003925666666666667,0.0038399999999999997,c
c,Naive,durbin,1,LARGE,0.9812606473594546,0.003913333333333334,0.0038399999999999997,c
c,Naive,durbin,2,LARGE,0.7945375543140906,0.004833,0.0038399999999999997,c
c,Naive,durbin,3,LARGE,0.961522410483265,0.003993666666666667,0.0038399999999999997,c
c,Naive,durbin,4,LARGE,0.9831029185867896,0.0039059999999999997,0.0038399999999999997,c
c,Naive,durbin,5,LARGE,0.9612817089452603,0.003994666666666666,0.0038399999999999997,c
c,standard,durbin,1,LARGE,1.0,0.0038399999999999997,0.0038399999999999997,c
exo,AllHints,durbin,1,LARGE,0.9521448053558145,0.004033,0.0038399999999999997,c
exo,AllHints,durbin,2,LARGE,0.8458770834863059,0.004539666666666667,0.0038399999999999997,c
exo,AllHints,durbin,3,LARGE,0.035946978207144466,0.10682399999999999,0.0038399999999999997,c
exo,ChooseHints,durbin,1,LARGE,0.900633257759362,0.0042636666666666665,0.0038399999999999997,c
exo,ChooseHints,durbin,2,LARGE,0.5897409644722023,0.006511333333333333,0.0038399999999999997,c
exo,ChooseHints,durbin,3,LARGE,0.6517680339462517,0.005891666666666667,0.0038399999999999997,c
exo,ChooseHints,durbin,4,LARGE,0.0023968675936635307,1.602091,0.0038399999999999997,c
exo,FromPlan,durbin,2,LARGE,0.7005168744299178,0.005481666666666667,0.0038399999999999997,c
exo,FromPlan,durbin,5,LARGE,0.847432690893041,0.004531333333333333,0.0038399999999999997,c
exo,Naive,durbin,3,LARGE,0.8049189491335941,0.004770666666666667,0.0038399999999999997,c
exo,Naive,durbin,4,LARGE,0.954116282921981,0.004024666666666667,0.0038399999999999997,c
exo,standard,durbin,1,LARGE,0.8437088032810897,0.0045513333333333334,0.0038399999999999997,c
exo,standard,durbin,2,LARGE,0.8440178767675287,0.004549666666666666,0.0038399999999999997,c
exo,standard,durbin,3,LARGE,0.8420437102550983,0.004560333333333333,0.0038399999999999997,c
exo,standard,durbin,4,LARGE,0.8421052631578947,0.00456,0.0038399999999999997,c
exo,standard,durbin,5,LARGE,0.8445128656256872,0.004547,0.0038399999999999997,c
halide,FromPlan,durbin,3,LARGE,0.15974928237627056,0.024037666666666666,0.0038399999999999997,c
halide,standard,durbin,4,LARGE,0.5139415569930849,0.007471666666666667,0.0038399999999999997,c
noarr,AllHints,durbin,1,LARGE,1.010969723562966,0.0037983333333333337,0.0038399999999999997,c
noarr,AllHints,durbin,2,LARGE,0.8652546191978367,0.004438,0.0038399999999999997,c
noarr,AllHints,durbin,3,LARGE,1.0162314749470711,0.0037786666666666667,0.0038399999999999997,c
noarr,AllHints,durbin,4,LARGE,1.826831588962892,0.002102,0.0038399999999999997,c
noarr,AllHints,durbin,5,LARGE,1.0162314749470713,0.0037786666666666663,0.0038399999999999997,c
noarr,ChooseHints,durbin,1,LARGE,0.7559055118110235,0.00508,0.0038399999999999997,c
noarr,ChooseHints,durbin,2,LARGE,1.0094637223974763,0.003804,0.0038399999999999997,c
noarr,ChooseHints,durbin,3,LARGE,0.9781778041946165,0.003925666666666667,0.0038399999999999997,c
noarr,ChooseHints,durbin,4,LARGE,0.9085890054420696,0.004226333333333333,0.0038399999999999997,c
noarr,ChooseHints,durbin,5,LARGE,0.8658399098083426,0.004435000000000001,0.0038399999999999997,c
noarr,FromPlan,durbin,1,LARGE,1.0178476762678916,0.003772666666666667,0.0038399999999999997,c
noarr,FromPlan,durbin,2,LARGE,1.0172185430463574,0.003775,0.0038399999999999997,c
noarr,FromPlan,durbin,3,LARGE,1.019108280254777,0.003768,0.0038399999999999997,c
noarr,FromPlan,durbin,4,LARGE,1.0175779524776962,0.0037736666666666665,0.0038399999999999997,c
noarr,FromPlan,durbin,5,LARGE,1.0155148095909732,0.003781333333333333,0.0038399999999999997,c
noarr,Naive,durbin,1,LARGE,0.9116087679037747,0.004212333333333333,0.0038399999999999997,c
noarr,Naive,durbin,2,LARGE,0.8751139471285324,0.0043879999999999995,0.0038399999999999997,c
noarr,Naive,durbin,3,LARGE,1.0173083716001412,0.003774666666666667,0.0038399999999999997,c
noarr,Naive,durbin,4,LARGE,1.01775775245163,0.003773,0.0038399999999999997,c
noarr,Naive,durbin,5,LARGE,1.0093752738105668,0.003804333333333333,0.0038399999999999997,c
noarr,standard,durbin,1,LARGE,0.8752469229600364,0.004387333333333333,0.0038399999999999997,c
noarr,standard,durbin,2,LARGE,0.8763788512742487,0.0043816666666666665,0.0038399999999999997,c
noarr,standard,durbin,3,LARGE,0.8783835303088066,0.004371666666666667,0.0038399999999999997,c
noarr,standard,durbin,5,LARGE,0.8766456129670496,0.004380333333333333,0.0038399999999999997,c
c,AllHints,fdtd-2d,1,LARGE,14.8396921322691,0.11693333333333333,1.7352546666666668,c
c,AllHints,fdtd-2d,2,LARGE,7.969351967092403,0.217741,1.7352546666666668,c
c,AllHints,fdtd-2d,4,LARGE,8.37498330879928,0.20719500000000002,1.7352546666666668,c
c,ChooseHints,fdtd-2d,2,LARGE,15.078288423717378,0.11508299999999999,1.7352546666666668,c
c,ChooseHints,fdtd-2d,3,LARGE,14.836393276295464,0.11695933333333335,1.7352546666666668,c
c,ChooseHints,fdtd-2d,5,LARGE,15.034654051540647,0.11541699999999999,1.7352546666666668,c
c,FromPlan,fdtd-2d,1,LARGE,0.856649653572684,2.0256293333333333,1.7352546666666668,c
c,FromPlan,fdtd-2d,2,LARGE,0.624569239446299,2.778322333333333,1.7352546666666668,c
c,FromPlan,fdtd-2d,3,LARGE,0.6707412890515783,2.58707,1.7352546666666668,c
c,FromPlan,fdtd-2d,5,LARGE,0.6519793090509503,2.6615179999999996,1.7352546666666668,c
c,Naive,fdtd-2d,1,LARGE,1.4990071434988632,1.1576026666666668,1.7352546666666668,c
c,Naive,fdtd-2d,2,LARGE,0.9943165148829534,1.7451733333333335,1.7352546666666668,c
c,Naive,fdtd-2d,3,LARGE,1.5021725643415507,1.1551633333333333,1.7352546666666668,c
c,Naive,fdtd-2d,4,LARGE,1.0014953854287167,1.7326636666666666,1.7352546666666668,c
c,Naive,fdtd-2d,5,LARGE,0.8486290742481404,2.044774,1.7352546666666668,c
c,standard,fdtd-2d,1,LARGE,1.0,1.7352546666666668,1.7352546666666668,c
exo,AllHints,fdtd-2d,3,LARGE,11.211852451707808,0.15476966666666667,1.7352546666666668,c
exo,AllHints,fdtd-2d,4,LARGE,11.443301869787522,0.15163933333333335,1.7352546666666668,c
exo,AllHints,fdtd-2d,5,LARGE,12.193740762342449,0.142307,1.7352546666666668,c
exo,ChooseHints,fdtd-2d,4,LARGE,11.456775451546385,0.15146099999999998,1.7352546666666668,c
exo,FromPlan,fdtd-2d,2,LARGE,0.507079367070803,3.4220573333333335,1.7352546666666668,c
exo,FromPlan,fdtd-2d,4,LARGE,0.5070647470970543,3.4221559999999998,1.7352546666666668,c
exo,Naive,fdtd-2d,1,LARGE,11.45294421771701,0.15151166666666666,1.7352546666666668,c
exo,Naive,fdtd-2d,2,LARGE,12.348135479846201,0.14052766666666666,1.7352546666666668,c
exo,Naive,fdtd-2d,3,LARGE,0.9592775056179983,1.8089183333333334,1.7352546666666668,c
exo,standard,fdtd-2d,1,LARGE,0.9833762958166267,1.7645886666666666,1.7352546666666668,c
exo,standard,fdtd-2d,2,LARGE,0.9851057967569892,1.7614906666666668,1.7352546666666668,c
exo,standard,fdtd-2d,3,LARGE,0.9800465081954127,1.7705840000000002,1.7352546666666668,c
exo,standard,fdtd-2d,4,LARGE,0.9760361573480613,1.777859,1.7352546666666668,c
exo,standard,fdtd-2d,5,LARGE,0.9796050014433176,1.771382,1.7352546666666668,c
halide,AllHints,fdtd-2d,1,LARGE,0.4301615591824115,4.033960333333333,1.7352546666666668,c
halide,AllHints,fdtd-2d,5,LARGE,0.31338577937026235,5.537119999999999,1.7352546666666668,c
halide,ChooseHints,fdtd-2d,1,LARGE,0.26080724553971085,6.653399,1.7352546666666668,c
halide,ChooseHints,fdtd-2d,5,LARGE,0.1738167371670287,9.983242666666667,1.7352546666666668,c
halide,FromPlan,fdtd-2d,4,LARGE,0.16221883546400367,10.696998666666667,1.7352546666666668,c
halide,FromPlan,fdtd-2d,5,LARGE,1.683479806381344,1.0307546666666667,1.7352546666666668,c
halide,Naive,fdtd-2d,1,LARGE,0.15636510052680244,11.097455000000002,1.7352546666666668,c
halide,Naive,fdtd-2d,3,LARGE,1.4058962819568284,1.2342693333333334,1.7352546666666668,c
halide,Naive,fdtd-2d,5,LARGE,0.33732906471114943,5.144100666666667,1.7352546666666668,c
halide,standard,fdtd-2d,1,LARGE,0.3399905090932318,5.1038326666666665,1.7352546666666668,c
halide,standard,fdtd-2d,3,LARGE,0.3313337839575243,5.2371799999999995,1.7352546666666668,c
halide,standard,fdtd-2d,5,LARGE,0.33142782344932054,5.235694,1.7352546666666668,c
noarr,AllHints,fdtd-2d,1,LARGE,6.9289899401306005,0.250434,1.7352546666666668,c
noarr,AllHints,fdtd-2d,4,LARGE,11.526025510735012,0.150551,1.7352546666666668,c
noarr,AllHints,fdtd-2d,5,LARGE,0.9684868446510909,1.7917173333333334,1.7352546666666668,c
noarr,ChooseHints,fdtd-2d,1,LARGE,13.680945673198218,0.12683733333333333,1.7352546666666668,c
noarr,ChooseHints,fdtd-2d,3,LARGE,8.574296368523692,0.20237866666666668,1.7352546666666668,c
noarr,ChooseHints,fdtd-2d,5,LARGE,10.812094476152499,0.160492,1.7352546666666668,c
noarr,FromPlan,fdtd-2d,2,LARGE,0.4965587945684345,3.4945603333333337,1.7352546666666668,c
noarr,FromPlan,fdtd-2d,3,LARGE,1.040668056819134,1.6674429999999998,1.7352546666666668,c
noarr,FromPlan,fdtd-2d,5,LARGE,0.46552158308121655,3.7275493333333336,1.7352546666666668,c
noarr,Naive,fdtd-2d,1,LARGE,0.9804178735681974,1.7699133333333332,1.7352546666666668,c
noarr,Naive,fdtd-2d,2,LARGE,0.9727654437719448,1.7838366666666667,1.7352546666666668,c
noarr,Naive,fdtd-2d,3,LARGE,0.9670586967708139,1.7943633333333333,1.7352546666666668,c
noarr,Naive,fdtd-2d,4,LARGE,0.8394726788923039,2.067077,1.7352546666666668,c
noarr,standard,fdtd-2d,1,LARGE,0.9767650349548007,1.7765323333333332,1.7352546666666668,c
noarr,standard,fdtd-2d,2,LARGE,0.9823315713715299,1.7664653333333333,1.7352546666666668,c
noarr,standard,fdtd-2d,3,LARGE,0.9685872144784864,1.7915316666666667,1.7352546666666668,c
noarr,standard,fdtd-2d,4,LARGE,0.961231761896198,1.8052406666666665,1.7352546666666668,c
noarr,standard,fdtd-2d,5,LARGE,0.9808525362857466,1.7691290000000002,1.7352546666666668,c
c,AllHints,floyd-warshall,1,LARGE,26.572241330926147,0.846909,22.504270333333334,c
c,AllHints,floyd-warshall,2,LARGE,27.976606464146183,0.804396,22.504270333333334,c
c,AllHints,floyd-warshall,3,LARGE,29.94755558985933,0.751456,22.504270333333334,c
c,AllHints,floyd-warshall,4,LARGE,44.47053612067869,0.5060490000000001,22.504270333333334,c
c,AllHints,floyd-warshall,5,LARGE,22.36061826804002,1.0064243333333334,22.504270333333334,c
c,ChooseHints,floyd-warshall,1,LARGE,18.611690996490363,1.209147,22.504270333333334,c
c,ChooseHints,floyd-warshall,2,LARGE,1.4902797125970324,15.100702333333333,22.504270333333334,c
c,ChooseHints,floyd-warshall,3,LARGE,0.7461546123155985,30.160331333333335,22.504270333333334,c
c,ChooseHints,floyd-warshall,4,LARGE,41.57149278609769,0.5413389999999999,22.504270333333334,c
c,ChooseHints,floyd-warshall,5,LARGE,47.062045981001695,0.478183,22.504270333333334,c
c,FromPlan,floyd-warshall,1,LARGE,1.6462953155252937,13.669643666666667,22.504270333333334,c
c,FromPlan,floyd-warshall,2,LARGE,1.111736454439838,20.242450666666667,22.504270333333334,c
c,FromPlan,floyd-warshall,3,LARGE,1.1110886357217584,20.254253000000002,22.504270333333334,c
c,FromPlan,floyd-warshall,4,LARGE,1.5321862363706125,14.687686,22.504270333333334,c
c,FromPlan,floyd-warshall,5,LARGE,22.28086750184814,1.0100266666666666,22.504270333333334,c
c,Naive,floyd-warshall,1,LARGE,1.5032826018660905,14.970086333333333,22.504270333333334,c
c,Naive,floyd-warshall,2,LARGE,1.5065705027786154,14.937416,22.504270333333334,c
c,Naive,floyd-warshall,3,LARGE,1.4941599281221924,15.061487,22.504270333333334,c
c,Naive,floyd-warshall,4,LARGE,1.0633398948643027,21.16376,22.504270333333334,c
c,Naive,floyd-warshall,5,LARGE,1.4932873765316093,15.070287666666667,22.504270333333334,c
c,standard,floyd-warshall,1,LARGE,1.0,22.504270333333334,22.504270333333334,c
exo,AllHints,floyd-warshall,1,LARGE,26.758846678707844,0.8410030000000001,22.504270333333334,c
exo,AllHints,floyd-warshall,2,LARGE,1.1071793367578207,20.325768,22.504270333333334,c
exo,AllHints,floyd-warshall,3,LARGE,19.06964863142624,1.1801093333333335,22.504270333333334,c
exo,AllHints,floyd-warshall,4,LARGE,20.949854014983597,1.074197,22.504270333333334,c
exo,AllHints,floyd-warshall,5,LARGE,30.830062237509004,0.7299456666666666,22.504270333333334,c
exo,ChooseHints,floyd-warshall,1,LARGE,21.921288285570768,1.0265943333333334,22.504270333333334,c
exo,ChooseHints,floyd-warshall,4,LARGE,21.650566832558713,1.039431,22.504270333333334,c
exo,FromPlan,floyd-warshall,1,LARGE,0.47288325001485804,47.589484999999996,22.504270333333334,c
exo,FromPlan,floyd-warshall,2,LARGE,24.68438718103312,0.9116803333333333,22.504270333333334,c
exo,FromPlan,floyd-warshall,3,LARGE,0.9773053551816381,23.026856666666664,22.504270333333334,c
exo,FromPlan,floyd-warshall,4,LARGE,1.1200931043810807,20.091428333333333,22.504270333333334,c
exo,FromPlan,floyd-warshall,5,LARGE,0.9692435268038586,23.218386,22.504270333333334,c
exo,Naive,floyd-warshall,1,LARGE,0.9638890181762111,23.34736666666667,22.504270333333334,c
exo,Naive,floyd-warshall,3,LARGE,21.593520422474626,1.042177,22.504270333333334,c
exo,Naive,floyd-warshall,5,LARGE,19.564983701838703,1.150232,22.504270333333334,c
exo,standard,floyd-warshall,1,LARGE,1.025340576665742,21.948093,22.504270333333334,c
exo,standard,floyd-warshall,2,LARGE,1.0258823862279831,21.936501333333336,22.504270333333334,c
exo,standard,floyd-warshall,3,LARGE,1.0236152348238718,21.985087333333336,22.504270333333334,c
exo,standard,floyd-warshall,4,LARGE,1.0294969316748697,21.85948266666667,22.504270333333334,c
exo,standard,floyd-warshall,5,LARGE,1.0318044017501462,21.810597333333334,22.504270333333334,c
halide,AllHints,floyd-warshall,1,LARGE,2.0525931143308784,10.963824333333333,22.504270333333334,c
halide,AllHints,floyd-warshall,2,LARGE,2.0549916426412707,10.951027666666667,22.504270333333334,c
halide,AllHints,floyd-warshall,3,LARGE,2.168197284056574,10.379254000000001,22.504270333333334,c
halide,AllHints,floyd-warshall,4,LARGE,2.0976425790726436,10.728362666666667,22.504270333333334,c
halide,AllHints,floyd-warshall,5,LARGE,2.0721846832364355,10.860166333333334,22.504270333333334,c
halide,ChooseHints,floyd-warshall,2,LARGE,2.2003259058342746,10.227698666666667,22.504270333333334,c
halide,ChooseHints,floyd-warshall,3,LARGE,0.8962361930480616,25.109754,22.504270333333334,c
halide,ChooseHints,floyd-warshall,4,LARGE,2.0403722105320163,11.029492666666668,22.504270333333334,c
halide,ChooseHints,floyd-warshall,5,LARGE,0.8454113555793862,26.619314000000003,22.504270333333334,c
halide,FromPlan,floyd-warshall,1,LARGE,1.2345807449849693,18.228269333333333,22.504270333333334,c
halide,FromPlan,floyd-warshall,2,LARGE,1.7227472967632609,13.063013,22.504270333333334,c
halide,FromPlan,floyd-warshall,3,LARGE,2.028941734411195,11.091629666666668,22.504270333333334,c
halide,FromPlan,floyd-warshall,4,LARGE,1.7863116491642668,12.598177,22.504270333333334,c
halide,FromPlan,floyd-warshall,5,LARGE,2.055653331956256,10.947502666666667,22.504270333333334,c
halide,Naive,floyd-warshall,1,LARGE,2.290534366440858,9.824899666666667,22.504270333333334,c
halide,Naive,floyd-warshall,2,LARGE,1.2090610544500386,18.613014000000003,22.504270333333334,c
halide,Naive,floyd-warshall,3,LARGE,0.8968288583179791,25.093160333333334,22.504270333333334,c
halide,Naive,floyd-warshall,4,LARGE,0.9476413926730621,23.747665,22.504270333333334,c
halide,Naive,floyd-warshall,5,LARGE,0.8797881397820505,25.579192666666668,22.504270333333334,c
halide,standard,floyd-warshall,1,LARGE,0.7410564001336855,30.367824,22.504270333333334,c
halide,standard,floyd-warshall,2,LARGE,0.7405768644052542,30.38748766666667,22.504270333333334,c
halide,standard,floyd-warshall,3,LARGE,0.735538833847432,30.595625,22.504270333333334,c
halide,standard,floyd-warshall,4,LARGE,0.7430046373730916,30.28819633333333,22.504270333333334,c
noarr,AllHints,floyd-warshall,1,LARGE,1.4314643977123136,15.721152666666667,22.504270333333334,c
noarr,AllHints,floyd-warshall,2,LARGE,37.81904026207263,0.5950513333333333,22.504270333333334,c
noarr,AllHints,floyd-warshall,3,LARGE,33.57004141508416,0.6703676666666666,22.504270333333334,c
noarr,AllHints,floyd-warshall,4,LARGE,1.4175965052525215,15.874947666666666,22.504270333333334,c
noarr,AllHints,floyd-warshall,5,LARGE,1.4392181510191377,15.636455333333332,22.504270333333334,c
noarr,ChooseHints,floyd-warshall,1,LARGE,0.7811093825194628,28.81065166666667,22.504270333333334,c
noarr,ChooseHints,floyd-warshall,2,LARGE,1.4212247959403208,15.83442,22.504270333333334,c
noarr,ChooseHints,floyd-warshall,3,LARGE,1.4202294478573037,15.845517333333333,22.504270333333334,c
noarr,ChooseHints,floyd-warshall,4,LARGE,0.7780952610796797,28.922256,22.504270333333334,c
noarr,ChooseHints,floyd-warshall,5,LARGE,1.5179413489275844,14.825520333333335,22.504270333333334,c
noarr,FromPlan,floyd-warshall,1,LARGE,1.4461855237179972,15.561122666666668,22.504270333333334,c
noarr,FromPlan,floyd-warshall,2,LARGE,1.0042647567816956,22.408702666666667,22.504270333333334,c
noarr,FromPlan,floyd-warshall,3,LARGE,0.6928805551368843,32.479292666666666,22.504270333333334,c
noarr,FromPlan,floyd-warshall,4,LARGE,1.500026184376448,15.002585000000002,22.504270333333334,c
noarr,FromPlan,floyd-warshall,5,LARGE,0.380502108410169,59.14361533333334,22.504270333333334,c
noarr,Naive,floyd-warshall,1,LARGE,1.4109758735470492,15.949436666666665,22.504270333333334,c
noarr,Naive,floyd-warshall,2,LARGE,0.8033752947262626,28.012151333333332,22.504270333333334,c
noarr,Naive,floyd-warshall,3,LARGE,1.4166270680876356,15.885811333333335,22.504270333333334,c
noarr,Naive,floyd-warshall,4,LARGE,1.4143577711931725,15.911299666666666,22.504270333333334,c
noarr,Naive,floyd-warshall,5,LARGE,1.4095822968344807,15.965205,22.504270333333334,c
noarr,standard,floyd-warshall,1,LARGE,1.0354205521118378,21.734425,22.504270333333334,c
noarr,standard,floyd-warshall,2,LARGE,0.8056080755440138,27.93451433333333,22.504270333333334,c
noarr,standard,floyd-warshall,3,LARGE,1.0286554941545287,21.877363666666668,22.504270333333334,c
noarr,standard,floyd-warshall,4,LARGE,0.8014347280435408,28.079978999999998,22.504270333333334,c
noarr,standard,floyd-warshall,5,LARGE,0.8021584804540559,28.054643666666664,22.504270333333334,c
c,AllHints,gemm,1,LARGE,36.63757248819959,0.012358333333333334,0.45277933333333326,c
c,AllHints,gemm,2,LARGE,29.676825937820887,0.015257,0.45277933333333326,c
c,AllHints,gemm,3,LARGE,26.352979978270987,0.017181333333333333,0.45277933333333326,c
c,AllHints,gemm,5,LARGE,34.68864599826344,0.013052666666666666,0.45277933333333326,c
c,ChooseHints,gemm,1,LARGE,32.36449845127471,0.01399,0.45277933333333326,c
c,ChooseHints,gemm,2,LARGE,39.318551538483796,0.011515666666666667,0.45277933333333326,c
c,ChooseHints,gemm,3,LARGE,11.344820098219353,0.03991066666666667,0.45277933333333326,c
c,ChooseHints,gemm,4,LARGE,1.6046103940594572,0.282174,0.45277933333333326,c
c,ChooseHints,gemm,5,LARGE,34.466835828469925,0.013136666666666666,0.45277933333333326,c
c,FromPlan,gemm,1,LARGE,27.17599983994558,0.016661,0.45277933333333326,c
c,FromPlan,gemm,2,LARGE,2.114938054585455,0.21408633333333335,0.45277933333333326,c
c,FromPlan,gemm,3,LARGE,2.154888062542833,0.21011733333333335,0.45277933333333326,c
c,FromPlan,gemm,4,LARGE,1.4783215321960996,0.30627933333333335,0.45277933333333326,c
c,Naive,gemm,1,LARGE,1.3346440639329973,0.33925099999999997,0.45277933333333326,c
c,Naive,gemm,2,LARGE,1.6083971065528828,0.2815096666666667,0.45277933333333326,c
c,Naive,gemm,3,LARGE,1.0180574032505274,0.4447483333333333,0.45277933333333326,c
c,Naive,gemm,4,LARGE,0.9326515730974315,0.4854753333333333,0.45277933333333326,c
c,Naive,gemm,5,LARGE,1.6112799489453364,0.28100600000000003,0.45277933333333326,c
c,standard,gemm,1,LARGE,1.0,0.45277933333333326,0.45277933333333326,c
exo,AllHints,gemm,1,LARGE,28.953170627730998,0.015638333333333334,0.45277933333333326,c
exo,AllHints,gemm,2,LARGE,6.65147686763035,0.06807200000000001,0.45277933333333326,c
exo,AllHints,gemm,4,LARGE,13.419394993183296,0.03374066666666667,0.45277933333333326,c
exo,AllHints,gemm,5,LARGE,24.47808693144957,0.018497333333333334,0.45277933333333326,c
exo,ChooseHints,gemm,1,LARGE,7.657915062268501,0.05912566666666667,0.45277933333333326,c
exo,ChooseHints,gemm,2,LARGE,8.50598652405881,0.05323066666666667,0.45277933333333326,c
exo,ChooseHints,gemm,4,LARGE,31.033538953621196,0.01459,0.45277933333333326,c
exo,FromPlan,gemm,2,LARGE,5.763533295428508,0.07855933333333333,0.45277933333333326,c
exo,FromPlan,gemm,3,LARGE,13.21301907531881,0.03426766666666667,0.45277933333333326,c
exo,FromPlan,gemm,4,LARGE,0.9887947494815212,0.45791033333333336,0.45277933333333326,c
exo,FromPlan,gemm,5,LARGE,12.861953053243564,0.035203000000000005,0.45277933333333326,c
exo,Naive,gemm,2,LARGE,12.09368044302783,0.03743933333333333,0.45277933333333326,c
exo,Naive,gemm,3,LARGE,0.30472563906355404,1.4858589999999998,0.45277933333333326,c
exo,Naive,gemm,4,LARGE,9.313955800574606,0.048612999999999996,0.45277933333333326,c
exo,standard,gemm,1,LARGE,1.0041404944198318,0.4509123333333333,0.45277933333333326,c
exo,standard,gemm,2,LARGE,0.988488214956515,0.45805233333333334,0.45277933333333326,c
exo,standard,gemm,3,LARGE,0.9897450619784728,0.45747066666666664,0.45277933333333326,c
exo,standard,gemm,4,LARGE,0.9831473442084737,0.46054066666666665,0.45277933333333326,c
exo,standard,gemm,5,LARGE,0.9983954676186546,0.45350700000000005,0.45277933333333326,c
halide,FromPlan,gemm,1,LARGE,9.743685754660811,0.046469,0.45277933333333326,c
halide,FromPlan,gemm,3,LARGE,18.890730825394616,0.02396833333333333,0.45277933333333326,c
halide,FromPlan,gemm,5,LARGE,18.719172041232564,0.024188,0.45277933333333326,c
halide,standard,gemm,2,LARGE,0.5027059054726164,0.9006843333333334,0.45277933333333326,c
halide,standard,gemm,3,LARGE,0.5028184884550803,0.9004826666666667,0.45277933333333326,c
halide,standard,gemm,4,LARGE,0.5030674664856369,0.9000370000000001,0.45277933333333326,c
noarr,AllHints,gemm,2,LARGE,0.22902382232983023,1.9769966666666665,0.45277933333333326,c
noarr,AllHints,gemm,3,LARGE,0.23703990929808097,1.9101396666666666,0.45277933333333326,c
noarr,AllHints,gemm,4,LARGE,0.8636058461358486,0.5242893333333333,0.45277933333333326,c
noarr,AllHints,gemm,5,LARGE,0.8768290699145593,0.5163826666666667,0.45277933333333326,c
noarr,ChooseHints,gemm,1,LARGE,0.23822855376004914,1.900609,0.45277933333333326,c
noarr,ChooseHints,gemm,2,LARGE,0.8750125614868677,0.5174546666666666,0.45277933333333326,c
noarr,ChooseHints,gemm,3,LARGE,0.8540981163585739,0.5301256666666667,0.45277933333333326,c
noarr,ChooseHints,gemm,4,LARGE,0.8695494639646068,0.5207056666666667,0.45277933333333326,c
noarr,ChooseHints,gemm,5,LARGE,0.8715966140673284,0.5194826666666666,0.45277933333333326,c
noarr,FromPlan,gemm,1,LARGE,0.23924531425718104,1.8925316666666667,0.45277933333333326,c
noarr,FromPlan,gemm,2,LARGE,0.6048886711791948,0.7485333333333334,0.45277933333333326,c
noarr,FromPlan,gemm,3,LARGE,0.8706078253167184,0.5200726666666666,0.45277933333333326,c
noarr,FromPlan,gemm,4,LARGE,0.9043215547797279,0.500684,0.45277933333333326,c
noarr,FromPlan,gemm,5,LARGE,0.8634735418842557,0.5243696666666667,0.45277933333333326,c
noarr,Naive,gemm,1,LARGE,0.18531788092209675,2.4432576666666663,0.45277933333333326,c
noarr,Naive,gemm,2,LARGE,0.8573358133921914,0.5281236666666667,0.45277933333333326,c
noarr,Naive,gemm,3,LARGE,0.23575519912191756,1.9205486666666667,0.45277933333333326,c
noarr,Naive,gemm,4,LARGE,0.8470363598721903,0.5345453333333333,0.45277933333333326,c
noarr,Naive,gemm,5,LARGE,0.859894268186068,0.5265523333333334,0.45277933333333326,c
noarr,standard,gemm,1,LARGE,0.8592795866868843,0.526929,0.45277933333333326,c
noarr,standard,gemm,2,LARGE,0.8442650257940206,0.5363,0.45277933333333326,c
noarr,standard,gemm,3,LARGE,0.860060328539806,0.5264506666666667,0.45277933333333326,c
noarr,standard,gemm,4,LARGE,0.8373503408363773,0.5407286666666667,0.45277933333333326,c
noarr,standard,gemm,5,LARGE,0.8464393896434808,0.5349223333333334,0.45277933333333326,c
c,AllHints,gemver,1,LARGE,7.04500741140008,0.002473666666666667,0.017427,c
c,AllHints,gemver,2,LARGE,10.08896179081436,0.0017273333333333333,0.017427,c
c,AllHints,gemver,3,LARGE,7.385365164571268,0.0023596666666666666,0.017427,c
c,AllHints,gemver,4,LARGE,2.820968003021637,0.006177666666666667,0.017427,c
c,AllHints,gemver,5,LARGE,14.110931174089071,0.001235,0.017427,c
c,ChooseHints,gemver,1,LARGE,2.8322769380789863,0.006153,0.017427,c
c,ChooseHints,gemver,2,LARGE,10.726508001641363,0.0016246666666666666,0.017427,c
c,ChooseHints,gemver,3,LARGE,2.776768642447419,0.006276,0.017427,c
c,ChooseHints,gemver,4,LARGE,2.777653809372012,0.006273999999999999,0.017427,c
c,ChooseHints,gemver,5,LARGE,2.8108064516129034,0.0062,0.017427,c
c,FromPlan,gemver,1,LARGE,1.8546596190003195,0.009396333333333333,0.017427,c
c,FromPlan,gemver,2,LARGE,1.8363540569020023,0.00949,0.017427,c
c,FromPlan,gemver,3,LARGE,1.1574531205029999,0.015056333333333333,0.017427,c
c,FromPlan,gemver,4,LARGE,1.1678729392842784,0.014922,0.017427,c
c,Naive,gemver,1,LARGE,1.2899015568330416,0.013510333333333333,0.017427,c
c,Naive,gemver,2,LARGE,1.5515951921650097,0.011231666666666668,0.017427,c
c,Naive,gemver,3,LARGE,1.864514978601997,0.009346666666666668,0.017427,c
c,Naive,gemver,4,LARGE,1.5296234529974546,0.011393,0.017427,c
c,Naive,gemver,5,LARGE,1.5374955887542643,0.011334666666666667,0.017427,c
c,standard,gemver,1,LARGE,1.0,0.017427,0.017427,c
exo,AllHints,gemver,1,LARGE,3.780533661146865,0.004609666666666667,0.017427,c
exo,AllHints,gemver,2,LARGE,2.786536616565398,0.006254,0.017427,c
exo,AllHints,gemver,3,LARGE,5.292134831460675,0.0032929999999999995,0.017427,c
exo,AllHints,gemver,4,LARGE,2.795625902358162,0.006233666666666668,0.017427,c
exo,AllHints,gemver,5,LARGE,5.3028704736788725,0.0032863333333333334,0.017427,c
exo,ChooseHints,gemver,1,LARGE,3.7644729262672816,0.004629333333333333,0.017427,c
exo,ChooseHints,gemver,2,LARGE,4.524534833405453,0.0038516666666666664,0.017427,c
exo,FromPlan,gemver,1,LARGE,0.7396440495727463,0.023561333333333333,0.017427,c
exo,FromPlan,gemver,2,LARGE,0.2988237042456389,0.058318666666666664,0.017427,c
exo,Naive,gemver,5,LARGE,5.669775512417308,0.003073666666666667,0.017427,c
exo,standard,gemver,1,LARGE,0.9338394212735555,0.018661666666666667,0.017427,c
exo,standard,gemver,2,LARGE,0.9350586636142509,0.018637333333333336,0.017427,c
exo,standard,gemver,3,LARGE,0.9390896680557553,0.018557333333333332,0.017427,c
exo,standard,gemver,4,LARGE,0.934239917085113,0.018653666666666666,0.017427,c
exo,standard,gemver,5,LARGE,0.9366836871808655,0.018605,0.017427,c
halide,standard,gemver,1,LARGE,0.00093742664167197,18.590254666666667,0.017427,c
halide,standard,gemver,4,LARGE,0.6487764320460637,0.026861333333333334,0.017427,c
noarr,AllHints,gemver,1,LARGE,1.5383098923085976,0.011328666666666667,0.017427,c
noarr,AllHints,gemver,2,LARGE,2.004332157644533,0.008694666666666667,0.017427,c
noarr,AllHints,gemver,3,LARGE,1.9889294681579548,0.008762,0.017427,c
noarr,AllHints,gemver,4,LARGE,0.9763025210084034,0.01785,0.017427,c
noarr,AllHints,gemver,5,LARGE,3.025520833333333,0.00576,0.017427,c
noarr,ChooseHints,gemver,1,LARGE,1.5370887601799312,0.011337666666666668,0.017427,c
noarr,ChooseHints,gemver,2,LARGE,1.4951525724254298,0.011655666666666667,0.017427,c
noarr,ChooseHints,gemver,3,LARGE,2.0102664667204984,0.008669000000000001,0.017427,c
noarr,ChooseHints,gemver,4,LARGE,1.5393063243434224,0.011321333333333334,0.017427,c
noarr,ChooseHints,gemver,5,LARGE,0.9945404048090094,0.017522666666666666,0.017427,c
noarr,FromPlan,gemver,1,LARGE,1.0055392072009695,0.017331,0.017427,c
noarr,FromPlan,gemver,2,LARGE,1.552009736982723,0.011228666666666666,0.017427,c
noarr,FromPlan,gemver,3,LARGE,1.5513189519598825,0.011233666666666668,0.017427,c
noarr,FromPlan,gemver,4,LARGE,1.548561950179201,0.011253666666666667,0.017427,c
noarr,Naive,gemver,1,LARGE,1.4954947223890842,0.011653000000000002,0.017427,c
noarr,Naive,gemver,2,LARGE,1.4995697567691604,0.011621333333333332,0.017427,c
noarr,Naive,gemver,3,LARGE,1.528014028934678,0.011405,0.017427,c
noarr,Naive,gemver,4,LARGE,1.5283713859736312,0.011402333333333334,0.017427,c
noarr,Naive,gemver,5,LARGE,1.506396588486141,0.011568666666666666,0.017427,c
noarr,standard,gemver,1,LARGE,1.0368893913250432,0.016807,0.017427,c
noarr,standard,gemver,2,LARGE,1.0346117311802423,0.016844,0.017427,c
noarr,standard,gemver,3,LARGE,1.0361085237519572,0.016819666666666667,0.017427,c
noarr,standard,gemver,5,LARGE,1.0355338998157941,0.016829,0.017427,c
c,AllHints,gesummv,1,LARGE,6.992498124531133,0.0008886666666666666,0.006214,c
c,AllHints,gesummv,2,LARGE,7.17,0.0008666666666666666,0.006214,c
c,AllHints,gesummv,3,LARGE,6.932688731870584,0.0008963333333333333,0.006214,c
c,AllHints,gesummv,4,LARGE,7.013544018058691,0.000886,0.006214,c
c,AllHints,gesummv,5,LARGE,6.901888189559423,0.0009003333333333333,0.006214,c
c,ChooseHints,gesummv,1,LARGE,6.932688731870584,0.0008963333333333333,0.006214,c
c,ChooseHints,gesummv,2,LARGE,7.0640394088669956,0.0008796666666666666,0.006214,c
c,ChooseHints,gesummv,3,LARGE,6.853676470588234,0.0009066666666666667,0.006214,c
c,ChooseHints,gesummv,4,LARGE,6.803649635036496,0.0009133333333333334,0.006214,c
c,ChooseHints,gesummv,5,LARGE,7.074762808349146,0.0008783333333333334,0.006214,c
c,FromPlan,gesummv,1,LARGE,7.391752577319588,0.0008406666666666666,0.006214,c
c,FromPlan,gesummv,2,LARGE,6.751901484969214,0.0009203333333333333,0.006214,c
c,FromPlan,gesummv,3,LARGE,2.2484621879146065,0.0027636666666666664,0.006214,c
c,FromPlan,gesummv,4,LARGE,7.0347169811320756,0.0008833333333333333,0.006214,c
c,FromPlan,gesummv,5,LARGE,7.652709359605912,0.0008119999999999999,0.006214,c
c,Naive,gesummv,1,LARGE,6.940431868950111,0.0008953333333333334,0.006214,c
c,Naive,gesummv,2,LARGE,2.226442135435328,0.002791,0.006214,c
c,Naive,gesummv,3,LARGE,2.2538991657598837,0.0027570000000000003,0.006214,c
c,Naive,gesummv,4,LARGE,2.2074600355239786,0.0028150000000000002,0.006214,c
c,Naive,gesummv,5,LARGE,6.732394366197184,0.0009229999999999999,0.006214,c
c,standard,gesummv,1,LARGE,1.0,0.006214,0.006214,c
exo,AllHints,gesummv,2,LARGE,6.966367713004484,0.000892,0.006214,c
exo,AllHints,gesummv,3,LARGE,7.024114544084401,0.0008846666666666667,0.006214,c
exo,AllHints,gesummv,4,LARGE,6.971578160059835,0.0008913333333333334,0.006214,c
exo,AllHints,gesummv,5,LARGE,6.889135254988913,0.000902,0.006214,c
exo,ChooseHints,gesummv,1,LARGE,7.061363636363636,0.00088,0.006214,c
exo,ChooseHints,gesummv,3,LARGE,6.876429361859093,0.0009036666666666667,0.006214,c
exo,ChooseHints,gesummv,4,LARGE,6.7666061705989105,0.0009183333333333334,0.006214,c
exo,ChooseHints,gesummv,5,LARGE,7.037372593431484,0.000883,0.006214,c
exo,FromPlan,gesummv,2,LARGE,7.55654641264694,0.0008223333333333333,0.006214,c
exo,FromPlan,gesummv,3,LARGE,2.0808125906909254,0.0029863333333333335,0.006214,c
exo,FromPlan,gesummv,5,LARGE,6.676934097421203,0.0009306666666666668,0.006214,c
exo,Naive,gesummv,1,LARGE,6.992498124531133,0.0008886666666666666,0.006214,c
exo,Naive,gesummv,2,LARGE,7.433014354066986,0.0008359999999999999,0.006214,c
exo,Naive,gesummv,3,LARGE,6.841100917431192,0.0009083333333333334,0.006214,c
exo,Naive,gesummv,4,LARGE,6.620028409090909,0.0009386666666666666,0.006214,c
exo,Naive,gesummv,5,LARGE,0.9925460547332552,0.006260666666666667,0.006214,c
exo,standard,gesummv,1,LARGE,0.9983933161953726,0.006224,0.006214,c
exo,standard,gesummv,2,LARGE,0.9938159718520098,0.006252666666666667,0.006214,c
exo,standard,gesummv,3,LARGE,0.9954079453225116,0.006242666666666667,0.006214,c
exo,standard,gesummv,4,LARGE,0.9980725987793125,0.006226,0.006214,c
exo,standard,gesummv,5,LARGE,0.9998927268826432,0.006214666666666667,0.006214,c
halide,FromPlan,gesummv,1,LARGE,1.823356807511737,0.003408,0.006214,c
halide,Naive,gesummv,4,LARGE,1.731401504597381,0.0035889999999999997,0.006214,c
halide,Naive,gesummv,5,LARGE,1.4327876412266545,0.004337,0.006214,c
halide,standard,gesummv,1,LARGE,1.0539944592073274,0.005895666666666667,0.006214,c
halide,standard,gesummv,2,LARGE,1.16171246962049,0.005349,0.006214,c
halide,standard,gesummv,3,LARGE,1.0509640320216485,0.005912666666666667,0.006214,c
halide,standard,gesummv,4,LARGE,1.0488353775177224,0.0059246666666666675,0.006214,c
halide,standard,gesummv,5,LARGE,1.0507863141874754,0.005913666666666667,0.006214,c
noarr,AllHints,gesummv,1,LARGE,2.320966135458167,0.002677333333333333,0.006214,c
noarr,AllHints,gesummv,2,LARGE,19.022448979591836,0.0003266666666666667,0.006214,c
noarr,AllHints,gesummv,3,LARGE,2.3666370445601115,0.0026256666666666668,0.006214,c
noarr,AllHints,gesummv,4,LARGE,2.2806459505749936,0.002724666666666667,0.006214,c
noarr,AllHints,gesummv,5,LARGE,1.9368311688311688,0.0032083333333333334,0.006214,c
noarr,ChooseHints,gesummv,1,LARGE,1.919481054365733,0.0032373333333333334,0.006214,c
noarr,ChooseHints,gesummv,2,LARGE,2.308606811145511,0.0026916666666666664,0.006214,c
noarr,ChooseHints,gesummv,3,LARGE,1.8943196829590487,0.0032803333333333335,0.006214,c
noarr,ChooseHints,gesummv,4,LARGE,1.855479247536578,0.003349,0.006214,c
noarr,ChooseHints,gesummv,5,LARGE,2.3192336402090072,0.0026793333333333335,0.006214,c
noarr,FromPlan,gesummv,1,LARGE,2.1378440366972478,0.0029066666666666668,0.006214,c
noarr,FromPlan,gesummv,3,LARGE,1.9859379993608182,0.003129,0.006214,c
noarr,FromPlan,gesummv,4,LARGE,2.2944,0.0027083333333333334,0.006214,c
noarr,Naive,gesummv,1,LARGE,2.2944,0.0027083333333333334,0.006214,c
noarr,Naive,gesummv,2,LARGE,2.325598802395209,0.0026720000000000003,0.006214,c
noarr,Naive,gesummv,3,LARGE,2.2764684332641347,0.0027296666666666667,0.006214,c
noarr,Naive,gesummv,4,LARGE,2.2935531496062995,0.002709333333333333,0.006214,c
noarr,Naive,gesummv,5,LARGE,2.2912979351032443,0.0027120000000000004,0.006214,c
noarr,standard,gesummv,1,LARGE,1.1191019330051626,0.005552666666666667,0.006214,c
noarr,standard,gesummv,2,LARGE,1.1202451775734632,0.005547,0.006214,c
noarr,standard,gesummv,3,LARGE,1.1225386885048472,0.005535666666666667,0.006214,c
noarr,standard,gesummv,4,LARGE,1.123553519768563,0.005530666666666666,0.006214,c
noarr,standard,gesummv,5,LARGE,1.1228767618359234,0.005534,0.006214,c
c,ChooseHints,gramschmidt,1,LARGE,4.055859261945057,0.6196286666666667,2.5131266666666665,c
c,ChooseHints,gramschmidt,4,LARGE,4.035884857549385,0.6226953333333333,2.5131266666666665,c
c,Naive,gramschmidt,1,LARGE,4.937736182698164,0.5089633333333333,2.5131266666666665,c
c,standard,gramschmidt,1,LARGE,1.0,2.5131266666666665,2.5131266666666665,c
c,AllHints,heat-3d,1,LARGE,8.123610741861384,0.236967,1.9250276666666668,c
c,AllHints,heat-3d,3,LARGE,8.374018151420373,0.229881,1.9250276666666668,c
c,AllHints,heat-3d,4,LARGE,1.8842155576871629,1.02166,1.9250276666666668,c
c,AllHints,heat-3d,5,LARGE,8.651809737827715,0.2225,1.9250276666666668,c
c,ChooseHints,heat-3d,1,LARGE,1.3724314215975064,1.4026403333333333,1.9250276666666668,c
c,ChooseHints,heat-3d,2,LARGE,1.2562286838458276,1.5323863333333332,1.9250276666666668,c
c,ChooseHints,heat-3d,3,LARGE,1.226296038260736,1.5697903333333334,1.9250276666666668,c
c,ChooseHints,heat-3d,4,LARGE,8.05990481773014,0.23884000000000002,1.9250276666666668,c
c,ChooseHints,heat-3d,5,LARGE,1.2765175862913487,1.5080306666666667,1.9250276666666668,c
c,FromPlan,heat-3d,1,LARGE,0.8135633930754987,2.366168,1.9250276666666668,c
c,FromPlan,heat-3d,2,LARGE,0.7223591523090208,2.6649176666666663,1.9250276666666668,c
c,FromPlan,heat-3d,3,LARGE,0.7039594008373766,2.734572,1.9250276666666668,c
c,FromPlan,heat-3d,4,LARGE,0.7234700457013532,2.6608256666666663,1.9250276666666668,c
c,FromPlan,heat-3d,5,LARGE,0.6928170243150689,2.778551333333333,1.9250276666666668,c
c,Naive,heat-3d,1,LARGE,1.33769024171889,1.4390683333333332,1.9250276666666668,c
c,Naive,heat-3d,2,LARGE,0.9813628699769814,1.9615859999999998,1.9250276666666668,c
c,Naive,heat-3d,3,LARGE,0.9574076591511936,2.010666666666667,1.9250276666666668,c
c,Naive,heat-3d,5,LARGE,1.0156972657119074,1.895277,1.9250276666666668,c
c,standard,heat-3d,1,LARGE,1.0,1.9250276666666668,1.9250276666666668,c
exo,AllHints,heat-3d,1,LARGE,1.3179027960817202,1.4606750000000002,1.9250276666666668,c
exo,AllHints,heat-3d,3,LARGE,1.2836510110912522,1.4996503333333333,1.9250276666666668,c
exo,ChooseHints,heat-3d,3,LARGE,1.2175384151567124,1.5810816666666667,1.9250276666666668,c
exo,ChooseHints,heat-3d,4,LARGE,1.3214428071755486,1.4567620000000001,1.9250276666666668,c
exo,Naive,heat-3d,2,LARGE,1.5040563360620387,1.2798906666666667,1.9250276666666668,c
exo,Naive,heat-3d,3,LARGE,1.2464405192024623,1.54442,1.9250276666666668,c
exo,Naive,heat-3d,4,LARGE,1.3365791102283515,1.4402646666666667,1.9250276666666668,c
exo,standard,heat-3d,1,LARGE,0.8542548305382469,2.253458333333333,1.9250276666666668,c
exo,standard,heat-3d,2,LARGE,0.8527023928330913,2.2575610000000004,1.9250276666666668,c
exo,standard,heat-3d,3,LARGE,0.8477983763316299,2.2706196666666667,1.9250276666666668,c
exo,standard,heat-3d,4,LARGE,0.8533553227402553,2.2558336666666667,1.9250276666666668,c
exo,standard,heat-3d,5,LARGE,0.8514468491021974,2.26089,1.9250276666666668,c
halide,AllHints,heat-3d,1,LARGE,1.7273662933016838,1.1144293333333335,1.9250276666666668,c
halide,AllHints,heat-3d,2,LARGE,1.6665097813339738,1.1551253333333333,1.9250276666666668,c
halide,AllHints,heat-3d,3,LARGE,1.7188243232021878,1.1199676666666667,1.9250276666666668,c
halide,AllHints,heat-3d,4,LARGE,0.03569083869323744,53.93618466666667,1.9250276666666668,c
halide,AllHints,heat-3d,5,LARGE,0.6368553186965683,3.022708,1.9250276666666668,c
halide,ChooseHints,heat-3d,1,LARGE,1.652347386810824,1.165026,1.9250276666666668,c
halide,ChooseHints,heat-3d,2,LARGE,1.6738192063573496,1.150081,1.9250276666666668,c
halide,ChooseHints,heat-3d,3,LARGE,2.3433642761177893,0.8214803333333333,1.9250276666666668,c
halide,ChooseHints,heat-3d,4,LARGE,1.794224513135244,1.0729023333333332,1.9250276666666668,c
halide,ChooseHints,heat-3d,5,LARGE,0.036851855138160534,52.236927,1.9250276666666668,c
halide,FromPlan,heat-3d,1,LARGE,1.4394653092600034,1.3373213333333334,1.9250276666666668,c
halide,FromPlan,heat-3d,2,LARGE,2.2016805729548303,0.8743446666666667,1.9250276666666668,c
halide,FromPlan,heat-3d,4,LARGE,2.962722053467772,0.6497496666666667,1.9250276666666668,c
halide,FromPlan,heat-3d,5,LARGE,0.6293248982851225,3.0588773333333332,1.9250276666666668,c
halide,Naive,heat-3d,1,LARGE,1.6871935523546893,1.1409643333333335,1.9250276666666668,c
halide,Naive,heat-3d,2,LARGE,1.7441953108247283,1.1036766666666666,1.9250276666666668,c
halide,Naive,heat-3d,3,LARGE,0.6295231542373876,3.0579140000000002,1.9250276666666668,c
halide,Naive,heat-3d,5,LARGE,1.6903768739863374,1.1388156666666667,1.9250276666666668,c
halide,standard,heat-3d,1,LARGE,0.23870715417999566,8.064390333333334,1.9250276666666668,c
halide,standard,heat-3d,2,LARGE,0.278159218360229,6.920596333333333,1.9250276666666668,c
halide,standard,heat-3d,3,LARGE,0.18798950216603114,10.240080666666666,1.9250276666666668,c
halide,standard,heat-3d,4,LARGE,0.4599902634802291,4.184931333333334,1.9250276666666668,c
noarr,AllHints,heat-3d,2,LARGE,1.1985811908267416,1.6060886666666665,1.9250276666666668,c
noarr,AllHints,heat-3d,3,LARGE,1.282722103749515,1.5007363333333334,1.9250276666666668,c
noarr,AllHints,heat-3d,4,LARGE,1.3129178116168483,1.466221,1.9250276666666668,c
noarr,AllHints,heat-3d,5,LARGE,1.269032299319435,1.5169256666666666,1.9250276666666668,c
noarr,ChooseHints,heat-3d,1,LARGE,0.9515942888685667,2.02295,1.9250276666666668,c
noarr,ChooseHints,heat-3d,2,LARGE,0.9469679342408681,2.032833,1.9250276666666668,c
noarr,ChooseHints,heat-3d,3,LARGE,0.9847232822409968,1.954892,1.9250276666666668,c
noarr,ChooseHints,heat-3d,4,LARGE,0.9888302315045174,1.9467726666666667,1.9250276666666668,c
noarr,ChooseHints,heat-3d,5,LARGE,0.9484784079324831,2.029595666666667,1.9250276666666668,c
noarr,FromPlan,heat-3d,1,LARGE,0.6842119792125764,2.813496,1.9250276666666668,c
noarr,FromPlan,heat-3d,2,LARGE,0.5863373085585437,3.2831403333333333,1.9250276666666668,c
noarr,FromPlan,heat-3d,3,LARGE,0.8987102021049591,2.1419893333333335,1.9250276666666668,c
noarr,FromPlan,heat-3d,4,LARGE,0.6048493030455689,3.1826566666666665,1.9250276666666668,c
noarr,FromPlan,heat-3d,5,LARGE,0.6050491701463915,3.1816053333333336,1.9250276666666668,c
noarr,Naive,heat-3d,1,LARGE,1.2364676713848026,1.5568766666666667,1.9250276666666668,c
noarr,Naive,heat-3d,2,LARGE,0.9539106719679662,2.018037666666667,1.9250276666666668,c
noarr,Naive,heat-3d,3,LARGE,0.9678888427064968,1.9888933333333334,1.9250276666666668,c
noarr,Naive,heat-3d,4,LARGE,0.8867939014639491,2.1707723333333333,1.9250276666666668,c
noarr,standard,heat-3d,1,LARGE,0.9501567283620752,2.0260106666666666,1.9250276666666668,c
noarr,standard,heat-3d,2,LARGE,0.9203249122556513,2.091682666666667,1.9250276666666668,c
noarr,standard,heat-3d,3,LARGE,0.9561121842039956,2.013391,1.9250276666666668,c
noarr,standard,heat-3d,4,LARGE,0.9519090901149083,2.022281,1.9250276666666668,c
noarr,standard,heat-3d,5,LARGE,0.926403995206189,2.077957,1.9250276666666668,c
c,AllHints,jacobi-1d,1,LARGE,0.10937682003494467,0.008585,0.0009390000000000001,c
c,AllHints,jacobi-1d,2,LARGE,0.12818529304696033,0.007325333333333334,0.0009390000000000001,c
c,AllHints,jacobi-1d,4,LARGE,0.1259726321438154,0.007454,0.0009390000000000001,c
c,AllHints,jacobi-1d,5,LARGE,0.1115908730787514,0.008414666666666666,0.0009390000000000001,c
c,ChooseHints,jacobi-1d,2,LARGE,0.11149811992875519,0.008421666666666668,0.0009390000000000001,c
c,ChooseHints,jacobi-1d,3,LARGE,0.1118123362705406,0.008398000000000001,0.0009390000000000001,c
c,ChooseHints,jacobi-1d,4,LARGE,0.11178127852069361,0.008400333333333334,0.0009390000000000001,c
c,ChooseHints,jacobi-1d,5,LARGE,0.11008206330597892,0.00853,0.0009390000000000001,c
c,FromPlan,jacobi-1d,2,LARGE,0.12875948441356613,0.007292666666666667,0.0009390000000000001,c
c,FromPlan,jacobi-1d,3,LARGE,0.11097541758588088,0.008461333333333333,0.0009390000000000001,c
c,FromPlan,jacobi-1d,4,LARGE,0.10957678543644002,0.008569333333333333,0.0009390000000000001,c
c,FromPlan,jacobi-1d,5,LARGE,0.11025440313111547,0.008516666666666667,0.0009390000000000001,c
c,Naive,jacobi-1d,2,LARGE,0.32664656771799633,0.0028746666666666664,0.0009390000000000001,c
c,Naive,jacobi-1d,3,LARGE,1.085130970724191,0.0008653333333333334,0.0009390000000000001,c
c,Naive,jacobi-1d,4,LARGE,1.0863864249903588,0.0008643333333333333,0.0009390000000000001,c
c,Naive,jacobi-1d,5,LARGE,1.090170278637771,0.0008613333333333333,0.0009390000000000001,c
c,standard,jacobi-1d,1,LARGE,1.0,0.0009390000000000001,0.0009390000000000001,c
exo,AllHints,jacobi-1d,1,LARGE,0.03269195060811439,0.028722666666666664,0.0009390000000000001,c
exo,AllHints,jacobi-1d,2,LARGE,0.03203866932044356,0.029308333333333336,0.0009390000000000001,c
exo,AllHints,jacobi-1d,3,LARGE,0.032383032532475,0.028996666666666667,0.0009390000000000001,c
exo,AllHints,jacobi-1d,4,LARGE,0.03285935914334706,0.028576333333333332,0.0009390000000000001,c
exo,AllHints,jacobi-1d,5,LARGE,0.032434486252475477,0.028950666666666666,0.0009390000000000001,c
exo,ChooseHints,jacobi-1d,1,LARGE,0.03473403861803655,0.027034000000000002,0.0009390000000000001,c
exo,ChooseHints,jacobi-1d,3,LARGE,0.032374844848986346,0.029004000000000002,0.0009390000000000001,c
exo,ChooseHints,jacobi-1d,4,LARGE,0.035385001884185405,0.026536666666666667,0.0009390000000000001,c
exo,ChooseHints,jacobi-1d,5,LARGE,0.03246102257406576,0.028926999999999998,0.0009390000000000001,c
exo,FromPlan,jacobi-1d,1,LARGE,0.0325390133182401,0.028857666666666667,0.0009390000000000001,c
exo,FromPlan,jacobi-1d,4,LARGE,0.037218581545291195,0.025229333333333336,0.0009390000000000001,c
exo,Naive,jacobi-1d,1,LARGE,0.03203101903440748,0.029315333333333332,0.0009390000000000001,c
exo,Naive,jacobi-1d,2,LARGE,0.03210805265857411,0.029245000000000004,0.0009390000000000001,c
exo,Naive,jacobi-1d,5,LARGE,0.03252210856865779,0.028872666666666668,0.0009390000000000001,c
exo,standard,jacobi-1d,1,LARGE,1.0064308681672027,0.0009329999999999999,0.0009390000000000001,c
exo,standard,jacobi-1d,2,LARGE,0.9954063604240283,0.0009433333333333334,0.0009390000000000001,c
exo,standard,jacobi-1d,3,LARGE,0.9975212464589235,0.0009413333333333334,0.0009390000000000001,c
exo,standard,jacobi-1d,4,LARGE,0.9971681415929204,0.0009416666666666666,0.0009390000000000001,c
exo,standard,jacobi-1d,5,LARGE,1.0028479886080457,0.0009363333333333333,0.0009390000000000001,c
halide,AllHints,jacobi-1d,5,LARGE,0.39027431421446385,0.002406,0.0009390000000000001,c
halide,ChooseHints,jacobi-1d,3,LARGE,0.001047014948117566,0.8968353333333333,0.0009390000000000001,c
halide,ChooseHints,jacobi-1d,4,LARGE,0.3311390619489832,0.002835666666666667,0.0009390000000000001,c
halide,FromPlan,jacobi-1d,1,LARGE,0.03959519291587603,0.023715,0.0009390000000000001,c
halide,FromPlan,jacobi-1d,4,LARGE,0.12229747330033863,0.007678,0.0009390000000000001,c
halide,FromPlan,jacobi-1d,5,LARGE,0.43452105506709854,0.002161,0.0009390000000000001,c
halide,Naive,jacobi-1d,1,LARGE,0.06756691931305767,0.013897333333333333,0.0009390000000000001,c
halide,Naive,jacobi-1d,3,LARGE,0.07587674406076604,0.012375333333333334,0.0009390000000000001,c
halide,Naive,jacobi-1d,4,LARGE,0.404683235167361,0.0023203333333333335,0.0009390000000000001,c
halide,Naive,jacobi-1d,5,LARGE,0.13143283721364252,0.007144333333333333,0.0009390000000000001,c
halide,standard,jacobi-1d,2,LARGE,0.5770176157312578,0.0016273333333333333,0.0009390000000000001,c
noarr,AllHints,jacobi-1d,1,LARGE,0.031473102061337355,0.029835,0.0009390000000000001,c
noarr,AllHints,jacobi-1d,2,LARGE,1.3357041251778095,0.000703,0.0009390000000000001,c
noarr,AllHints,jacobi-1d,3,LARGE,1.3863188976377954,0.0006773333333333333,0.0009390000000000001,c
noarr,AllHints,jacobi-1d,4,LARGE,0.03451655986178673,0.02720433333333333,0.0009390000000000001,c
noarr,AllHints,jacobi-1d,5,LARGE,1.2215958369470947,0.0007686666666666666,0.0009390000000000001,c
noarr,ChooseHints,jacobi-1d,1,LARGE,0.03236814891416753,0.029009999999999998,0.0009390000000000001,c
noarr,ChooseHints,jacobi-1d,2,LARGE,0.5183072677092917,0.0018116666666666665,0.0009390000000000001,c
noarr,ChooseHints,jacobi-1d,3,LARGE,0.031236139448239157,0.030061333333333332,0.0009390000000000001,c
noarr,ChooseHints,jacobi-1d,4,LARGE,0.03157823937583374,0.029735666666666664,0.0009390000000000001,c
noarr,ChooseHints,jacobi-1d,5,LARGE,0.08850975586765954,0.010609,0.0009390000000000001,c
noarr,FromPlan,jacobi-1d,1,LARGE,0.790625877069885,0.0011876666666666667,0.0009390000000000001,c
noarr,FromPlan,jacobi-1d,2,LARGE,1.3319148936170215,0.0007049999999999999,0.0009390000000000001,c
noarr,FromPlan,jacobi-1d,3,LARGE,0.24830321727633317,0.003781666666666667,0.0009390000000000001,c
noarr,FromPlan,jacobi-1d,4,LARGE,0.7747524752475247,0.0012120000000000002,0.0009390000000000001,c
noarr,FromPlan,jacobi-1d,5,LARGE,0.47973433242506813,0.0019573333333333335,0.0009390000000000001,c
noarr,Naive,jacobi-1d,1,LARGE,0.03434109472144338,0.02734333333333333,0.0009390000000000001,c
noarr,Naive,jacobi-1d,3,LARGE,0.02565410219749197,0.03660233333333333,0.0009390000000000001,c
noarr,Naive,jacobi-1d,4,LARGE,0.5349411317888341,0.0017553333333333334,0.0009390000000000001,c
noarr,Naive,jacobi-1d,5,LARGE,0.5629496402877698,0.001668,0.0009390000000000001,c
noarr,standard,jacobi-1d,1,LARGE,1.4021901443504232,0.0006696666666666666,0.0009390000000000001,c
noarr,standard,jacobi-1d,2,LARGE,1.3688046647230323,0.000686,0.0009390000000000001,c
noarr,standard,jacobi-1d,3,LARGE,1.3870014771048746,0.000677,0.0009390000000000001,c
noarr,standard,jacobi-1d,4,LARGE,1.3734763529985374,0.0006836666666666666,0.0009390000000000001,c
noarr,standard,jacobi-1d,5,LARGE,1.3728070175438596,0.000684,0.0009390000000000001,c
c,AllHints,jacobi-2d,1,LARGE,9.799371887675445,0.166743,1.6339766666666666,c
c,AllHints,jacobi-2d,2,LARGE,7.338416304630964,0.22266066666666665,1.6339766666666666,c
c,AllHints,jacobi-2d,3,LARGE,10.890467261481588,0.15003733333333333,1.6339766666666666,c
c,AllHints,jacobi-2d,4,LARGE,13.93199316748473,0.11728233333333334,1.6339766666666666,c
c,AllHints,jacobi-2d,5,LARGE,9.304258533770652,0.175616,1.6339766666666666,c
c,ChooseHints,jacobi-2d,1,LARGE,9.963171105984694,0.16400166666666668,1.6339766666666666,c
c,ChooseHints,jacobi-2d,2,LARGE,9.902208737177649,0.16501133333333332,1.6339766666666666,c
c,ChooseHints,jacobi-2d,3,LARGE,12.53587941651834,0.13034400000000002,1.6339766666666666,c
c,ChooseHints,jacobi-2d,4,LARGE,12.923895046560434,0.12643066666666666,1.6339766666666666,c
c,ChooseHints,jacobi-2d,5,LARGE,9.862125437082282,0.165682,1.6339766666666666,c
c,FromPlan,jacobi-2d,1,LARGE,0.5090886922641612,3.209611,1.6339766666666666,c
c,FromPlan,jacobi-2d,2,LARGE,0.5215962221508118,3.1326466666666666,1.6339766666666666,c
c,FromPlan,jacobi-2d,3,LARGE,9.001336814928257,0.181526,1.6339766666666666,c
c,FromPlan,jacobi-2d,4,LARGE,0.5094276640838807,3.2074753333333335,1.6339766666666666,c
c,FromPlan,jacobi-2d,5,LARGE,6.664649930932466,0.24517066666666668,1.6339766666666666,c
c,Naive,jacobi-2d,1,LARGE,1.1201369776618373,1.4587293333333333,1.6339766666666666,c
c,Naive,jacobi-2d,2,LARGE,0.9896035634312238,1.6511426666666666,1.6339766666666666,c
c,Naive,jacobi-2d,3,LARGE,0.9886565071448696,1.6527243333333335,1.6339766666666666,c
c,Naive,jacobi-2d,4,LARGE,10.017615887814179,0.16311033333333333,1.6339766666666666,c
c,standard,jacobi-2d,1,LARGE,1.0,1.6339766666666666,1.6339766666666666,c
exo,AllHints,jacobi-2d,2,LARGE,8.851076968634384,0.18460766666666664,1.6339766666666666,c
exo,AllHints,jacobi-2d,3,LARGE,11.35528751155351,0.14389566666666667,1.6339766666666666,c
exo,ChooseHints,jacobi-2d,1,LARGE,8.847402685302669,0.18468433333333334,1.6339766666666666,c
exo,ChooseHints,jacobi-2d,2,LARGE,8.847562373317595,0.18468099999999998,1.6339766666666666,c
exo,ChooseHints,jacobi-2d,4,LARGE,11.376581360428334,0.14362633333333333,1.6339766666666666,c
exo,Naive,jacobi-2d,3,LARGE,7.474949716444971,0.21859366666666666,1.6339766666666666,c
exo,standard,jacobi-2d,1,LARGE,0.9956250368134669,1.6411566666666666,1.6339766666666666,c
exo,standard,jacobi-2d,2,LARGE,0.9916509565360583,1.6477336666666667,1.6339766666666666,c
exo,standard,jacobi-2d,3,LARGE,0.9949718899174335,1.6422340000000002,1.6339766666666666,c
exo,standard,jacobi-2d,4,LARGE,0.9857121972868196,1.657661,1.6339766666666666,c
exo,standard,jacobi-2d,5,LARGE,0.9926025552084838,1.6461540000000001,1.6339766666666666,c
halide,AllHints,jacobi-2d,2,LARGE,2.997993969677139,0.5450233333333333,1.6339766666666666,c
halide,AllHints,jacobi-2d,3,LARGE,3.8239536438461315,0.42730033333333334,1.6339766666666666,c
halide,AllHints,jacobi-2d,4,LARGE,3.23797615013538,0.504629,1.6339766666666666,c
halide,ChooseHints,jacobi-2d,1,LARGE,2.8378210178903376,0.5757856666666666,1.6339766666666666,c
halide,ChooseHints,jacobi-2d,2,LARGE,3.8591523127296377,0.423403,1.6339766666666666,c
halide,ChooseHints,jacobi-2d,3,LARGE,2.435175323204343,0.6709893333333333,1.6339766666666666,c
halide,ChooseHints,jacobi-2d,4,LARGE,3.5254751943821736,0.463477,1.6339766666666666,c
halide,FromPlan,jacobi-2d,1,LARGE,3.4267201304157564,0.476834,1.6339766666666666,c
halide,FromPlan,jacobi-2d,2,LARGE,3.892094853500474,0.4198193333333333,1.6339766666666666,c
halide,FromPlan,jacobi-2d,3,LARGE,2.7270790241123515,0.5991673333333333,1.6339766666666666,c
halide,FromPlan,jacobi-2d,4,LARGE,2.1222736274079406,0.769918,1.6339766666666666,c
halide,FromPlan,jacobi-2d,5,LARGE,0.5216728249487046,3.132186666666667,1.6339766666666666,c
halide,Naive,jacobi-2d,1,LARGE,3.0722952353673736,0.5318423333333334,1.6339766666666666,c
halide,Naive,jacobi-2d,3,LARGE,2.1842865475525794,0.7480596666666667,1.6339766666666666,c
halide,Naive,jacobi-2d,4,LARGE,2.489114412036071,0.656449,1.6339766666666666,c
halide,Naive,jacobi-2d,5,LARGE,2.485264130261742,0.657466,1.6339766666666666,c
halide,standard,jacobi-2d,3,LARGE,0.24167411658393737,6.761074333333333,1.6339766666666666,c
halide,standard,jacobi-2d,4,LARGE,0.5624181157668517,2.9052703333333336,1.6339766666666666,c
halide,standard,jacobi-2d,5,LARGE,0.2394427186661746,6.824081666666667,1.6339766666666666,c
noarr,AllHints,jacobi-2d,1,LARGE,8.828170586752153,0.18508666666666665,1.6339766666666666,c
noarr,AllHints,jacobi-2d,2,LARGE,8.889890370961453,0.18380166666666667,1.6339766666666666,c
noarr,AllHints,jacobi-2d,3,LARGE,8.956503149986114,0.18243466666666666,1.6339766666666666,c
noarr,AllHints,jacobi-2d,4,LARGE,8.904941750094919,0.183491,1.6339766666666666,c
noarr,AllHints,jacobi-2d,5,LARGE,8.923421676833541,0.183111,1.6339766666666666,c
noarr,ChooseHints,jacobi-2d,1,LARGE,0.9594066546820673,1.7031116666666666,1.6339766666666666,c
noarr,ChooseHints,jacobi-2d,2,LARGE,8.864473964982839,0.18432866666666667,1.6339766666666666,c
noarr,ChooseHints,jacobi-2d,3,LARGE,0.9547747404522137,1.711374,1.6339766666666666,c
noarr,ChooseHints,jacobi-2d,4,LARGE,8.854178520272601,0.18454299999999998,1.6339766666666666,c
noarr,ChooseHints,jacobi-2d,5,LARGE,8.895827321940269,0.183679,1.6339766666666666,c
noarr,FromPlan,jacobi-2d,1,LARGE,0.4783071626691053,3.416166,1.6339766666666666,c
noarr,FromPlan,jacobi-2d,2,LARGE,0.4827275698593678,3.384883666666667,1.6339766666666666,c
noarr,FromPlan,jacobi-2d,3,LARGE,0.4685338961682708,3.487424666666667,1.6339766666666666,c
noarr,FromPlan,jacobi-2d,4,LARGE,0.48845429808055246,3.3451986666666667,1.6339766666666666,c
noarr,FromPlan,jacobi-2d,5,LARGE,0.4622167750311119,3.5350873333333332,1.6339766666666666,c
noarr,Naive,jacobi-2d,1,LARGE,8.86885237003653,0.18423766666666666,1.6339766666666666,c
noarr,Naive,jacobi-2d,2,LARGE,0.5078142036480062,3.2176663333333333,1.6339766666666666,c
noarr,Naive,jacobi-2d,3,LARGE,8.825532114089006,0.185142,1.6339766666666666,c
noarr,Naive,jacobi-2d,5,LARGE,0.1558848235752609,10.481948333333333,1.6339766666666666,c
noarr,standard,jacobi-2d,1,LARGE,0.9666407551185167,1.690366,1.6339766666666666,c
noarr,standard,jacobi-2d,2,LARGE,0.9620314028647436,1.698465,1.6339766666666666,c
noarr,standard,jacobi-2d,3,LARGE,0.9669950525128028,1.6897466666666665,1.6339766666666666,c
noarr,standard,jacobi-2d,4,LARGE,0.9641140683991859,1.694796,1.6339766666666666,c
noarr,standard,jacobi-2d,5,LARGE,0.9571655467031992,1.707099333333333,1.6339766666666666,c
c,AllHints,lu,1,LARGE,1.5210069047404544,2.88594,4.389534666666667,c
c,AllHints,lu,2,LARGE,1.5966736198645801,2.7491746666666668,4.389534666666667,c
c,AllHints,lu,3,LARGE,1.822085295361312,2.409072,4.389534666666667,c
c,AllHints,lu,4,LARGE,1.511421798413034,2.904242,4.389534666666667,c
c,AllHints,lu,5,LARGE,1.5159014428376079,2.895659666666667,4.389534666666667,c
c,ChooseHints,lu,1,LARGE,1.2881768242889235,3.407556,4.389534666666667,c
c,ChooseHints,lu,2,LARGE,1.5158258869269698,2.895804,4.389534666666667,c
c,ChooseHints,lu,3,LARGE,1.5081110504265245,2.910617666666667,4.389534666666667,c
c,ChooseHints,lu,4,LARGE,1.5101481936965215,2.9066913333333333,4.389534666666667,c
c,ChooseHints,lu,5,LARGE,1.8571668926670801,2.363565,4.389534666666667,c
c,FromPlan,lu,1,LARGE,1.4994480375928814,2.927433666666667,4.389534666666667,c
c,FromPlan,lu,2,LARGE,1.5767831722038137,2.7838543333333337,4.389534666666667,c
c,FromPlan,lu,3,LARGE,1.4763891160761062,2.973155666666667,4.389534666666667,c
c,FromPlan,lu,4,LARGE,0.9959241435259921,4.4074990000000005,4.389534666666667,c
c,FromPlan,lu,5,LARGE,4.255877417736835,1.0314053333333335,4.389534666666667,c
c,Naive,lu,1,LARGE,1.5027480838501364,2.9210049999999996,4.389534666666667,c
c,Naive,lu,2,LARGE,1.5180303951816274,2.891598666666667,4.389534666666667,c
c,Naive,lu,3,LARGE,1.5097906602955995,2.907379666666667,4.389534666666667,c
c,Naive,lu,4,LARGE,1.5212203860520377,2.8855350000000004,4.389534666666667,c
c,Naive,lu,5,LARGE,1.5049735104582749,2.9166856666666665,4.389534666666667,c
c,standard,lu,1,LARGE,1.0,4.389534666666667,4.389534666666667,c
exo,AllHints,lu,1,LARGE,1.7603348760509994,2.4935793333333334,4.389534666666667,c
exo,AllHints,lu,2,LARGE,1.6704454194182152,2.627763,4.389534666666667,c
exo,AllHints,lu,3,LARGE,1.6748973428377194,2.6207783333333334,4.389534666666667,c
exo,AllHints,lu,4,LARGE,0.0943806450688579,46.50884366666667,4.389534666666667,c
exo,AllHints,lu,5,LARGE,1.2342741305083802,3.556369333333333,4.389534666666667,c
exo,ChooseHints,lu,1,LARGE,1.4892682156698034,2.9474439999999995,4.389534666666667,c
exo,ChooseHints,lu,2,LARGE,1.778540291652103,2.4680546666666667,4.389534666666667,c
exo,ChooseHints,lu,3,LARGE,0.9996254612845843,4.3911793333333335,4.389534666666667,c
exo,FromPlan,lu,3,LARGE,1.2897723432917187,3.403340666666667,4.389534666666667,c
exo,Naive,lu,1,LARGE,1.5814463349488532,2.775645666666667,4.389534666666667,c
exo,Naive,lu,2,LARGE,1.502140920317977,2.922185666666666,4.389534666666667,c
exo,Naive,lu,3,LARGE,1.4576446790993216,3.0113886666666665,4.389534666666667,c
exo,Naive,lu,4,LARGE,1.664654921662541,2.6369036666666665,4.389534666666667,c
exo,Naive,lu,5,LARGE,1.495943881048835,2.934291,4.389534666666667,c
exo,standard,lu,1,LARGE,0.9914306317234517,4.427475333333334,4.389534666666667,c
exo,standard,lu,2,LARGE,0.9937015132426085,4.417357333333333,4.389534666666667,c
exo,standard,lu,3,LARGE,0.9892266529968146,4.4373396666666665,4.389534666666667,c
exo,standard,lu,4,LARGE,0.9962007216071987,4.406275333333333,4.389534666666667,c
exo,standard,lu,5,LARGE,0.9937583548318303,4.417104666666667,4.389534666666667,c
halide,ChooseHints,lu,2,LARGE,0.681203796605849,6.443790666666666,4.389534666666667,c
halide,ChooseHints,lu,4,LARGE,0.6589756341323715,6.661148666666667,4.389534666666667,c
halide,ChooseHints,lu,5,LARGE,0.5558852900916514,7.896475666666667,4.389534666666667,c
halide,FromPlan,lu,5,LARGE,0.5549516649914509,7.909760333333334,4.389534666666667,c
halide,standard,lu,1,LARGE,0.5471827489104009,8.022063333333334,4.389534666666667,c
halide,standard,lu,5,LARGE,0.5667976651830805,7.7444473333333335,4.389534666666667,c
noarr,AllHints,lu,1,LARGE,0.9927522907907073,4.421581000000001,4.389534666666667,c
noarr,AllHints,lu,2,LARGE,0.9961729137061677,4.406398333333333,4.389534666666667,c
noarr,AllHints,lu,3,LARGE,1.5269786122641327,2.8746536666666667,4.389534666666667,c
noarr,AllHints,lu,4,LARGE,1.0091601142855129,4.349691,4.389534666666667,c
noarr,AllHints,lu,5,LARGE,1.5056189435860123,2.9154353333333334,4.389534666666667,c
noarr,ChooseHints,lu,1,LARGE,1.002964657399469,4.376559666666666,4.389534666666667,c
noarr,ChooseHints,lu,2,LARGE,0.9941046440403488,4.415566,4.389534666666667,c
noarr,ChooseHints,lu,3,LARGE,0.9956069949070477,4.408903,4.389534666666667,c
noarr,ChooseHints,lu,5,LARGE,0.9999431255278828,4.389784333333334,4.389534666666667,c
noarr,FromPlan,lu,1,LARGE,1.5861851155014537,2.7673533333333338,4.389534666666667,c
noarr,FromPlan,lu,2,LARGE,1.5044485902724862,2.9177033333333333,4.389534666666667,c
noarr,FromPlan,lu,3,LARGE,1.5132859794302296,2.9006643333333333,4.389534666666667,c
noarr,FromPlan,lu,4,LARGE,1.5063867502615007,2.9139493333333335,4.389534666666667,c
noarr,FromPlan,lu,5,LARGE,1.5071470607287856,2.9124793333333336,4.389534666666667,c
noarr,Naive,lu,1,LARGE,1.0037522361008455,4.373125666666667,4.389534666666667,c
noarr,Naive,lu,2,LARGE,1.0017596933757873,4.381824000000001,4.389534666666667,c
noarr,Naive,lu,3,LARGE,1.511725784051244,2.903658,4.389534666666667,c
noarr,Naive,lu,4,LARGE,1.004558907644169,4.369613999999999,4.389534666666667,c
noarr,standard,lu,2,LARGE,1.0005909963401993,4.386942,4.389534666666667,c
noarr,standard,lu,5,LARGE,1.0030120208919773,4.376353,4.389534666666667,c
c,AllHints,ludcmp,1,LARGE,1.5435273103653069,2.8108253333333333,4.338585666666667,c
c,AllHints,ludcmp,2,LARGE,1.6680691815645694,2.6009626666666668,4.338585666666667,c
c,AllHints,ludcmp,3,LARGE,1.063798275365761,4.078391333333333,4.338585666666667,c
c,AllHints,ludcmp,5,LARGE,0.988234130217007,4.390240666666667,4.338585666666667,c
c,ChooseHints,ludcmp,1,LARGE,1.837161577538107,2.36157,4.338585666666667,c
c,ChooseHints,ludcmp,2,LARGE,1.8221011727405438,2.3810893333333336,4.338585666666667,c
c,ChooseHints,ludcmp,3,LARGE,1.6681273306285993,2.6008720000000003,4.338585666666667,c
c,ChooseHints,ludcmp,4,LARGE,1.8308478013239853,2.369714,4.338585666666667,c
c,ChooseHints,ludcmp,5,LARGE,1.852351745051527,2.342204,4.338585666666667,c
c,FromPlan,ludcmp,1,LARGE,1.5094661740940107,2.8742516666666664,4.338585666666667,c
c,FromPlan,ludcmp,3,LARGE,1.665304518694211,2.605280666666667,4.338585666666667,c
c,FromPlan,ludcmp,4,LARGE,1.502862142154292,2.886882,4.338585666666667,c
c,FromPlan,ludcmp,5,LARGE,1.5020092171727082,2.8885213333333333,4.338585666666667,c
c,Naive,ludcmp,2,LARGE,1.5054673102420533,2.8818863333333335,4.338585666666667,c
c,Naive,ludcmp,3,LARGE,0.9879943840549182,4.391306,4.338585666666667,c
c,Naive,ludcmp,4,LARGE,1.0719445879294283,4.0473973333333335,4.338585666666667,c
c,standard,ludcmp,1,LARGE,1.0,4.338585666666667,4.338585666666667,c
exo,AllHints,ludcmp,2,LARGE,0.9811159543015757,4.422092666666667,4.338585666666667,c
exo,AllHints,ludcmp,5,LARGE,1.7390050236485584,2.494866666666667,4.338585666666667,c
exo,ChooseHints,ludcmp,1,LARGE,0.9820185248547901,4.418028333333333,4.338585666666667,c
exo,ChooseHints,ludcmp,3,LARGE,1.7575467829312232,2.4685463333333333,4.338585666666667,c
exo,ChooseHints,ludcmp,4,LARGE,1.4715204155788715,2.9483693333333334,4.338585666666667,c
exo,FromPlan,ludcmp,3,LARGE,0.11579599489263939,37.46749333333333,4.338585666666667,c
exo,Naive,ludcmp,1,LARGE,1.44970964054861,2.9927273333333333,4.338585666666667,c
exo,Naive,ludcmp,2,LARGE,0.9885376554359423,4.388892666666666,4.338585666666667,c
exo,Naive,ludcmp,3,LARGE,1.304895484602377,3.3248529999999996,4.338585666666667,c
exo,Naive,ludcmp,5,LARGE,0.9888307746656766,4.387591666666666,4.338585666666667,c
exo,standard,ludcmp,1,LARGE,0.9858520470218396,4.400848666666667,4.338585666666667,c
exo,standard,ludcmp,2,LARGE,0.9938680039847093,4.365354,4.338585666666667,c
exo,standard,ludcmp,3,LARGE,0.9951893441185247,4.359558,4.338585666666667,c
exo,standard,ludcmp,4,LARGE,0.9805327173399706,4.424723,4.338585666666667,c
exo,standard,ludcmp,5,LARGE,0.985076896238421,4.404311666666667,4.338585666666667,c
halide,AllHints,ludcmp,2,LARGE,0.5497329209414732,7.89217,4.338585666666667,c
halide,AllHints,ludcmp,4,LARGE,0.672129820146662,6.454981666666666,4.338585666666667,c
halide,ChooseHints,ludcmp,1,LARGE,0.545348277953989,7.955623666666667,4.338585666666667,c
halide,Naive,ludcmp,3,LARGE,0.6762836418554024,6.415334333333334,4.338585666666667,c
halide,standard,ludcmp,1,LARGE,0.9940242873015991,4.364667666666667,4.338585666666667,c
halide,standard,ludcmp,3,LARGE,0.5577434195246409,7.77882,4.338585666666667,c
halide,standard,ludcmp,4,LARGE,0.5386438667405951,8.054646,4.338585666666667,c
noarr,AllHints,ludcmp,1,LARGE,0.9768514310772892,4.441397666666667,4.338585666666667,c
noarr,AllHints,ludcmp,2,LARGE,1.11662899746446,3.885431666666667,4.338585666666667,c
noarr,AllHints,ludcmp,3,LARGE,0.984015646564254,4.409061666666666,4.338585666666667,c
noarr,AllHints,ludcmp,4,LARGE,0.9965991262137186,4.353391,4.338585666666667,c
noarr,AllHints,ludcmp,5,LARGE,0.9876960640988468,4.392632333333333,4.338585666666667,c
noarr,ChooseHints,ludcmp,1,LARGE,0.9839249693311453,4.409468,4.338585666666667,c
noarr,ChooseHints,ludcmp,2,LARGE,0.9823418936638822,4.416574,4.338585666666667,c
noarr,ChooseHints,ludcmp,3,LARGE,0.9842147636634374,4.408169666666667,4.338585666666667,c
noarr,ChooseHints,ludcmp,4,LARGE,0.9843063131315615,4.407759666666666,4.338585666666667,c
noarr,ChooseHints,ludcmp,5,LARGE,0.9848705740436207,4.4052343333333335,4.338585666666667,c
noarr,FromPlan,ludcmp,1,LARGE,0.9882941599805983,4.389974,4.338585666666667,c
noarr,FromPlan,ludcmp,2,LARGE,0.9798288203479375,4.427901666666667,4.338585666666667,c
noarr,FromPlan,ludcmp,3,LARGE,0.9945369742603739,4.3624176666666665,4.338585666666667,c
noarr,FromPlan,ludcmp,5,LARGE,0.9958831064206203,4.356521,4.338585666666667,c
noarr,Naive,ludcmp,1,LARGE,0.9965963028159578,4.3534033333333335,4.338585666666667,c
noarr,Naive,ludcmp,2,LARGE,0.9878707307245297,4.391855666666667,4.338585666666667,c
noarr,Naive,ludcmp,3,LARGE,0.9774137806351463,4.438842333333333,4.338585666666667,c
noarr,Naive,ludcmp,4,LARGE,0.9946398791554177,4.361966333333333,4.338585666666667,c
noarr,Naive,ludcmp,5,LARGE,0.9878424650256558,4.391981333333334,4.338585666666667,c
noarr,standard,ludcmp,1,LARGE,0.9857470702710825,4.401317333333333,4.338585666666667,c
c,AllHints,mvt,1,LARGE,2.8586635127143705,0.005073,0.014502000000000001,c
c,AllHints,mvt,2,LARGE,6.481823599523242,0.0022373333333333334,0.014502000000000001,c
c,AllHints,mvt,4,LARGE,6.388546255506609,0.00227,0.014502000000000001,c
c,AllHints,mvt,5,LARGE,2.1638316920322294,0.006702,0.014502000000000001,c
c,ChooseHints,mvt,1,LARGE,4.682596060703907,0.0030970000000000004,0.014502000000000001,c
c,ChooseHints,mvt,2,LARGE,10.231890874882406,0.0014173333333333336,0.014502000000000001,c
c,ChooseHints,mvt,3,LARGE,0.9873366013071896,0.014688,0.014502000000000001,c
c,ChooseHints,mvt,5,LARGE,6.578859821563587,0.0022043333333333333,0.014502000000000001,c
c,FromPlan,mvt,1,LARGE,1.9348899266177455,0.007494999999999999,0.014502000000000001,c
c,FromPlan,mvt,2,LARGE,1.3952280161631712,0.010394,0.014502000000000001,c
c,FromPlan,mvt,3,LARGE,2.357026763462997,0.0061526666666666665,0.014502000000000001,c
c,FromPlan,mvt,4,LARGE,2.388864484954975,0.006070666666666666,0.014502000000000001,c
c,FromPlan,mvt,5,LARGE,2.3715453802125923,0.006115,0.014502000000000001,c
c,Naive,mvt,1,LARGE,2.3676734693877557,0.006124999999999999,0.014502000000000001,c
c,Naive,mvt,2,LARGE,2.388733322352166,0.006071,0.014502000000000001,c
c,Naive,mvt,3,LARGE,2.370124210067553,0.006118666666666667,0.014502000000000001,c
c,Naive,mvt,4,LARGE,1.7280057195058984,0.008392333333333333,0.014502000000000001,c
c,Naive,mvt,5,LARGE,2.3782867763625433,0.006097666666666667,0.014502000000000001,c
c,standard,mvt,1,LARGE,1.0,0.014502000000000001,0.014502000000000001,c
exo,AllHints,mvt,1,LARGE,5.449148296593187,0.0026613333333333333,0.014502000000000001,c
exo,AllHints,mvt,2,LARGE,5.876806699986492,0.0024676666666666666,0.014502000000000001,c
exo,AllHints,mvt,3,LARGE,5.706453305351522,0.0025413333333333334,0.014502000000000001,c
exo,AllHints,mvt,4,LARGE,6.156219046271402,0.002355666666666667,0.014502000000000001,c
exo,AllHints,mvt,5,LARGE,2.9549684167628882,0.004907666666666667,0.014502000000000001,c
exo,ChooseHints,mvt,1,LARGE,2.3535839870165,0.006161666666666667,0.014502000000000001,c
exo,ChooseHints,mvt,2,LARGE,2.4198231269814787,0.005992999999999999,0.014502000000000001,c
exo,ChooseHints,mvt,3,LARGE,6.576870748299321,0.002205,0.014502000000000001,c
exo,ChooseHints,mvt,4,LARGE,2.3689627007895453,0.006121666666666667,0.014502000000000001,c
exo,ChooseHints,mvt,5,LARGE,6.389484505801145,0.002269666666666667,0.014502000000000001,c
exo,FromPlan,mvt,2,LARGE,1.9396344181899245,0.007476666666666666,0.014502000000000001,c
exo,FromPlan,mvt,3,LARGE,0.2770412256905972,0.052346000000000004,0.014502000000000001,c
exo,FromPlan,mvt,4,LARGE,0.27675924630084353,0.05239933333333333,0.014502000000000001,c
exo,Naive,mvt,2,LARGE,6.444378610576211,0.0022503333333333334,0.014502000000000001,c
exo,Naive,mvt,3,LARGE,2.2178833605220225,0.0065386666666666675,0.014502000000000001,c
exo,Naive,mvt,4,LARGE,2.9306837318962615,0.004948333333333333,0.014502000000000001,c
exo,standard,mvt,1,LARGE,0.9650414799698329,0.015027333333333332,0.014502000000000001,c
exo,standard,mvt,2,LARGE,0.9688669160876537,0.014968,0.014502000000000001,c
exo,standard,mvt,3,LARGE,0.9696442899170903,0.014955999999999999,0.014502000000000001,c
exo,standard,mvt,4,LARGE,0.9673374096720401,0.014991666666666667,0.014502000000000001,c
exo,standard,mvt,5,LARGE,0.9655126498002664,0.01502,0.014502000000000001,c
halide,AllHints,mvt,3,LARGE,3.3909586905689793,0.0042766666666666665,0.014502000000000001,c
halide,AllHints,mvt,5,LARGE,0.6178337617336723,0.023472333333333335,0.014502000000000001,c
halide,ChooseHints,mvt,2,LARGE,0.6191702839251406,0.023421666666666664,0.014502000000000001,c
halide,FromPlan,mvt,5,LARGE,0.8822956803893734,0.016436666666666665,0.014502000000000001,c
halide,Naive,mvt,2,LARGE,1.4913615795968738,0.009724,0.014502000000000001,c
halide,Naive,mvt,3,LARGE,3.308692676249144,0.004383000000000001,0.014502000000000001,c
halide,standard,mvt,1,LARGE,0.8518395238188476,0.017024333333333332,0.014502000000000001,c
halide,standard,mvt,2,LARGE,1.2491673366257037,0.011609333333333333,0.014502000000000001,c
halide,standard,mvt,3,LARGE,0.8532261227691704,0.016996666666666667,0.014502000000000001,c
halide,standard,mvt,4,LARGE,0.8513061344291167,0.017034999999999998,0.014502000000000001,c
halide,standard,mvt,5,LARGE,0.8516060837395033,0.017029,0.014502000000000001,c
noarr,AllHints,mvt,1,LARGE,3.013089549137752,0.0048130000000000004,0.014502000000000001,c
noarr,AllHints,mvt,2,LARGE,2.115021876519203,0.006856666666666666,0.014502000000000001,c
noarr,AllHints,mvt,3,LARGE,2.006641760066418,0.007227,0.014502000000000001,c
noarr,AllHints,mvt,4,LARGE,2.9731428961935356,0.0048776666666666664,0.014502000000000001,c
noarr,AllHints,mvt,5,LARGE,2.1172863539030566,0.006849333333333333,0.014502000000000001,c
noarr,ChooseHints,mvt,1,LARGE,2.105298814420518,0.006888333333333333,0.014502000000000001,c
noarr,ChooseHints,mvt,2,LARGE,2.11399416909621,0.006860000000000001,0.014502000000000001,c
noarr,ChooseHints,mvt,3,LARGE,2.138202191969332,0.006782333333333334,0.014502000000000001,c
noarr,ChooseHints,mvt,4,LARGE,2.1039752393848534,0.006892666666666668,0.014502000000000001,c
noarr,ChooseHints,mvt,5,LARGE,2.100622857418763,0.0069036666666666665,0.014502000000000001,c
noarr,FromPlan,mvt,1,LARGE,1.7711284807034684,0.008188,0.014502000000000001,c
noarr,FromPlan,mvt,2,LARGE,1.7456164988163545,0.008307666666666666,0.014502000000000001,c
noarr,FromPlan,mvt,3,LARGE,1.7321336146832822,0.008372333333333334,0.014502000000000001,c
noarr,FromPlan,mvt,4,LARGE,1.7522252205082767,0.008276333333333333,0.014502000000000001,c
noarr,FromPlan,mvt,5,LARGE,1.7649492900608523,0.008216666666666666,0.014502000000000001,c
noarr,Naive,mvt,1,LARGE,1.0164240824241293,0.014267666666666666,0.014502000000000001,c
noarr,Naive,mvt,2,LARGE,1.1044935262757045,0.013130000000000001,0.014502000000000001,c
noarr,Naive,mvt,3,LARGE,2.1295154185022027,0.00681,0.014502000000000001,c
noarr,Naive,mvt,4,LARGE,1.7708401172256596,0.008189333333333333,0.014502000000000001,c
noarr,Naive,mvt,5,LARGE,2.103161558542009,0.006895333333333333,0.014502000000000001,c
noarr,standard,mvt,1,LARGE,1.061251372118551,0.013665000000000002,0.014502000000000001,c
noarr,standard,mvt,2,LARGE,1.0604494710671284,0.013675333333333333,0.014502000000000001,c
noarr,standard,mvt,3,LARGE,1.0579995622674545,0.013707000000000002,0.014502000000000001,c
noarr,standard,mvt,4,LARGE,1.063040609881249,0.013642000000000001,0.014502000000000001,c
noarr,standard,mvt,5,LARGE,1.0601135505251102,0.013679666666666666,0.014502000000000001,c
c,AllHints,nussinov,1,LARGE,42.13837396588331,0.18211999999999998,7.674240666666667,c
c,AllHints,nussinov,3,LARGE,58.48050456967807,0.13122733333333333,7.674240666666667,c
c,AllHints,nussinov,5,LARGE,80.90127135618354,0.09485933333333334,7.674240666666667,c
c,ChooseHints,nussinov,1,LARGE,82.85429157519704,0.09262333333333334,7.674240666666667,c
c,ChooseHints,nussinov,2,LARGE,57.310370407248826,0.13390666666666667,7.674240666666667,c
c,ChooseHints,nussinov,4,LARGE,57.074383771174155,0.13446033333333332,7.674240666666667,c
c,ChooseHints,nussinov,5,LARGE,73.69865232561862,0.10413,7.674240666666667,c
c,FromPlan,nussinov,1,LARGE,1.9059425095960558,4.026480666666667,7.674240666666667,c
c,FromPlan,nussinov,3,LARGE,40.717552283680426,0.18847499999999998,7.674240666666667,c
c,FromPlan,nussinov,4,LARGE,12.141351443711292,0.6320746666666667,7.674240666666667,c
c,FromPlan,nussinov,5,LARGE,1.8563986576163822,4.13394,7.674240666666667,c
c,Naive,nussinov,1,LARGE,1.896224381656437,4.047116333333333,7.674240666666667,c
c,Naive,nussinov,2,LARGE,1.866181732938007,4.112268666666666,7.674240666666667,c
c,Naive,nussinov,3,LARGE,1.9251349839205014,3.9863389999999996,7.674240666666667,c
c,Naive,nussinov,5,LARGE,1.9382999751384749,3.9592636666666667,7.674240666666667,c
c,standard,nussinov,1,LARGE,1.0,7.674240666666667,7.674240666666667,c
exo,AllHints,nussinov,2,LARGE,21.901600949020587,0.3503963333333333,7.674240666666667,c
exo,AllHints,nussinov,3,LARGE,39.126740696176505,0.196138,7.674240666666667,c
exo,AllHints,nussinov,5,LARGE,43.52606812480031,0.17631366666666667,7.674240666666667,c
exo,ChooseHints,nussinov,1,LARGE,1.019811008218253,7.525159666666667,7.674240666666667,c
exo,ChooseHints,nussinov,2,LARGE,43.47839273607657,0.176507,7.674240666666667,c
exo,ChooseHints,nussinov,3,LARGE,21.684342685131032,0.35390699999999997,7.674240666666667,c
exo,ChooseHints,nussinov,4,LARGE,43.496382027651514,0.176434,7.674240666666667,c
exo,ChooseHints,nussinov,5,LARGE,42.718683781807925,0.179646,7.674240666666667,c
exo,FromPlan,nussinov,1,LARGE,43.540638167500056,0.17625466666666667,7.674240666666667,c
exo,FromPlan,nussinov,4,LARGE,1.0118405185073944,7.584437,7.674240666666667,c
exo,Naive,nussinov,1,LARGE,1.004093399302582,7.642955000000001,7.674240666666667,c
exo,Naive,nussinov,2,LARGE,1.0010064969467043,7.666524333333332,7.674240666666667,c
exo,standard,nussinov,1,LARGE,0.9926030070331965,7.7314300000000005,7.674240666666667,c
exo,standard,nussinov,2,LARGE,0.9930205208315991,7.728179333333333,7.674240666666667,c
exo,standard,nussinov,3,LARGE,0.9941371411106689,7.719499,7.674240666666667,c
exo,standard,nussinov,5,LARGE,1.008220227420059,7.611671,7.674240666666667,c
halide,AllHints,nussinov,4,LARGE,1.6238728484377152,4.725887666666666,7.674240666666667,c
halide,ChooseHints,nussinov,1,LARGE,1.1298559412599338,6.792229333333334,7.674240666666667,c
halide,ChooseHints,nussinov,3,LARGE,1.1231105606254332,6.833023333333333,7.674240666666667,c
halide,standard,nussinov,3,LARGE,0.3475678921228507,22.079832,7.674240666666667,c
halide,standard,nussinov,4,LARGE,0.9596536685093702,7.996885666666667,7.674240666666667,c
c,AllHints,seidel-2d,1,LARGE,1.3568712848852256,20.024224333333333,27.170295,c
c,AllHints,seidel-2d,2,LARGE,0.9743888071806619,27.884449,27.170295,c
c,AllHints,seidel-2d,3,LARGE,0.9743072668069706,27.886782666666665,27.170295,c
c,AllHints,seidel-2d,4,LARGE,0.9097383198669491,29.866055333333332,27.170295,c
c,AllHints,seidel-2d,5,LARGE,1.3096025568896918,20.746977666666666,27.170295,c
c,ChooseHints,seidel-2d,1,LARGE,1.356732275136925,20.026276,27.170295,c
c,ChooseHints,seidel-2d,2,LARGE,0.9743980906738648,27.88418333333333,27.170295,c
c,ChooseHints,seidel-2d,3,LARGE,1.8726334739420514,14.509136666666668,27.170295,c
c,ChooseHints,seidel-2d,4,LARGE,1.0001725220583746,27.165608333333335,27.170295,c
c,ChooseHints,seidel-2d,5,LARGE,1.2259193535806907,22.163199333333335,27.170295,c
c,FromPlan,seidel-2d,1,LARGE,1.8970090280451273,14.322702,27.170295,c
c,FromPlan,seidel-2d,2,LARGE,1.8946842445710248,14.340276000000001,27.170295,c
c,FromPlan,seidel-2d,3,LARGE,1.8966016181179772,14.325778666666666,27.170295,c
c,FromPlan,seidel-2d,4,LARGE,1.8968217213352705,14.324116333333334,27.170295,c
c,FromPlan,seidel-2d,5,LARGE,1.8967574549193398,14.324601666666666,27.170295,c
c,Naive,seidel-2d,2,LARGE,0.9097767120115842,29.864795,27.170295,c
c,Naive,seidel-2d,3,LARGE,1.2674852875105447,21.436379,27.170295,c
c,Naive,seidel-2d,4,LARGE,1.1961372099321719,22.715031999999997,27.170295,c
c,Naive,seidel-2d,5,LARGE,0.9976853852452783,27.233329666666666,27.170295,c
c,standard,seidel-2d,1,LARGE,1.0,27.170295,27.170295,c
exo,AllHints,seidel-2d,1,LARGE,1.0001249927945401,27.166899333333333,27.170295,c
exo,ChooseHints,seidel-2d,1,LARGE,0.88381927613309,30.741912666666664,27.170295,c
exo,FromPlan,seidel-2d,2,LARGE,1.1453217206943478,23.722849666666665,27.170295,c
exo,FromPlan,seidel-2d,3,LARGE,1.1474333991191759,23.679191333333335,27.170295,c
exo,Naive,seidel-2d,3,LARGE,0.8815578128713506,30.820774999999998,27.170295,c
exo,standard,seidel-2d,1,LARGE,1.0001536472579209,27.166121,27.170295,c
exo,standard,seidel-2d,2,LARGE,1.0000919470945695,27.167796999999997,27.170295,c
exo,standard,seidel-2d,3,LARGE,1.0001301590668215,27.166759,27.170295,c
exo,standard,seidel-2d,4,LARGE,1.0001650849583221,27.165810333333337,27.170295,c
exo,standard,seidel-2d,5,LARGE,1.0000519098722909,27.168884666666667,27.170295,c
halide,AllHints,seidel-2d,1,LARGE,31.34720566404898,0.8667533333333334,27.170295,c
halide,AllHints,seidel-2d,2,LARGE,28.760399994919087,0.944712,27.170295,c
halide,ChooseHints,seidel-2d,1,LARGE,26.64445774491812,1.0197353333333334,27.170295,c
halide,Naive,seidel-2d,1,LARGE,27.03707432245515,1.0049273333333335,27.170295,c
halide,Naive,seidel-2d,2,LARGE,32.53163927988161,0.8351959999999999,27.170295,c
halide,Naive,seidel-2d,5,LARGE,29.143452447991248,0.932295,27.170295,c
halide,standard,seidel-2d,1,LARGE,4.02847414808779,6.7445623333333335,27.170295,c
halide,standard,seidel-2d,3,LARGE,7.511679331909223,3.6170733333333334,27.170295,c
noarr,AllHints,seidel-2d,1,LARGE,1.0001974727415712,27.164930666666663,27.170295,c
noarr,AllHints,seidel-2d,2,LARGE,1.3478352671166856,20.158468666666664,27.170295,c
noarr,AllHints,seidel-2d,3,LARGE,1.2657672771669322,21.465474333333333,27.170295,c
noarr,AllHints,seidel-2d,4,LARGE,1.3568655477699632,20.024309,27.170295,c
noarr,AllHints,seidel-2d,5,LARGE,1.3568662479664706,20.024298666666667,27.170295,c
noarr,ChooseHints,seidel-2d,1,LARGE,1.3569534393726579,20.023011999999998,27.170295,c
noarr,ChooseHints,seidel-2d,2,LARGE,1.3569698850182363,20.022769333333333,27.170295,c
noarr,ChooseHints,seidel-2d,3,LARGE,1.000085713690826,27.16796633333333,27.170295,c
noarr,ChooseHints,seidel-2d,4,LARGE,1.000095333779574,27.167705,27.170295,c
noarr,ChooseHints,seidel-2d,5,LARGE,1.3569846819218987,20.022551000000004,27.170295,c
noarr,FromPlan,seidel-2d,1,LARGE,1.14561188819371,23.716841,27.170295,c
noarr,FromPlan,seidel-2d,2,LARGE,1.356773489516446,20.025667666666667,27.170295,c
noarr,FromPlan,seidel-2d,3,LARGE,1.1487529577143145,23.65199133333333,27.170295,c
noarr,FromPlan,seidel-2d,4,LARGE,1.1490136055773879,23.646625999999998,27.170295,c
noarr,Naive,seidel-2d,1,LARGE,1.0002342076164008,27.163933,27.170295,c
noarr,Naive,seidel-2d,2,LARGE,1.3478541447487034,20.158186333333333,27.170295,c
noarr,Naive,seidel-2d,3,LARGE,1.3568380373952886,20.024715,27.170295,c
noarr,Naive,seidel-2d,4,LARGE,0.9960132896130077,27.279048666666668,27.170295,c
noarr,Naive,seidel-2d,5,LARGE,1.356946278412554,20.023117666666668,27.170295,c
noarr,standard,seidel-2d,1,LARGE,1.0002226578711182,27.164246666666667,27.170295,c
noarr,standard,seidel-2d,2,LARGE,1.0001694171170161,27.16569266666667,27.170295,c
noarr,standard,seidel-2d,3,LARGE,1.0001569975443596,27.166030000000003,27.170295,c
noarr,standard,seidel-2d,4,LARGE,1.0000729526341956,27.168312999999998,27.170295,c
noarr,standard,seidel-2d,5,LARGE,1.000114414987885,27.167186666666666,27.170295,c
c,AllHints,symm,1,LARGE,68.04737747205503,0.02326,1.582782,c
c,AllHints,symm,2,LARGE,3.354792170649544,0.47179733333333335,1.582782,c
c,AllHints,symm,3,LARGE,6.700523387327789,0.23621766666666666,1.582782,c
c,AllHints,symm,4,LARGE,0.3336114865840413,4.744387000000001,1.582782,c
c,AllHints,symm,5,LARGE,23.378429210075424,0.06770266666666667,1.582782,c
c,ChooseHints,symm,1,LARGE,3.3577836848212788,0.471377,1.582782,c
c,ChooseHints,symm,2,LARGE,18.73595201925543,0.08447833333333334,1.582782,c
c,ChooseHints,symm,3,LARGE,23.38752591994247,0.06767633333333334,1.582782,c
c,ChooseHints,symm,4,LARGE,29.37115181205812,0.053889,1.582782,c
c,ChooseHints,symm,5,LARGE,6.430918709251018,0.24612066666666665,1.582782,c
c,FromPlan,symm,1,LARGE,3.5340026212827014,0.4478723333333334,1.582782,c
c,FromPlan,symm,2,LARGE,3.7430018926479964,0.42286433333333334,1.582782,c
c,FromPlan,symm,3,LARGE,5.423879321767498,0.2918173333333333,1.582782,c
c,FromPlan,symm,4,LARGE,3.7937085592707787,0.41721233333333335,1.582782,c
c,FromPlan,symm,5,LARGE,3.4157592568747215,0.46337633333333333,1.582782,c
c,Naive,symm,1,LARGE,3.2849773050067346,0.48182433333333335,1.582782,c
c,Naive,symm,2,LARGE,3.328741108289069,0.47548966666666664,1.582782,c
c,Naive,symm,3,LARGE,3.416442481963894,0.46328366666666665,1.582782,c
c,Naive,symm,4,LARGE,1.0013642277098287,1.580625666666667,1.582782,c
c,Naive,symm,5,LARGE,1.315243133285802,1.203414,1.582782,c
c,standard,symm,1,LARGE,1.0,1.582782,1.582782,c
exo,AllHints,symm,2,LARGE,38.12921876129219,0.041511,1.582782,c
exo,AllHints,symm,5,LARGE,22.268240524494217,0.071078,1.582782,c
exo,ChooseHints,symm,2,LARGE,1.5451086459580359,1.0243823333333333,1.582782,c
exo,ChooseHints,symm,3,LARGE,13.656641596801794,0.11589833333333333,1.582782,c
exo,ChooseHints,symm,4,LARGE,6.011736465083066,0.263282,1.582782,c
exo,FromPlan,symm,1,LARGE,1.47883516892156,1.0702896666666666,1.582782,c
exo,FromPlan,symm,4,LARGE,1.1114667483118545,1.424048,1.582782,c
exo,Naive,symm,1,LARGE,1.0054780585438654,1.5741586666666667,1.582782,c
exo,Naive,symm,2,LARGE,13.841233843839817,0.11435266666666667,1.582782,c
exo,Naive,symm,4,LARGE,10.896274929608492,0.145259,1.582782,c
exo,Naive,symm,5,LARGE,16.03520869917601,0.09870666666666666,1.582782,c
exo,standard,symm,1,LARGE,0.9906948650568701,1.5976483333333331,1.582782,c
exo,standard,symm,2,LARGE,0.99843600970944,1.5852613333333334,1.582782,c
exo,standard,symm,3,LARGE,0.9864655487261434,1.6044980000000002,1.582782,c
exo,standard,symm,4,LARGE,0.993370135001047,1.5933456666666668,1.582782,c
exo,standard,symm,5,LARGE,0.9862860561194922,1.6047900000000002,1.582782,c
halide,ChooseHints,symm,3,LARGE,44.99778249497744,0.03517466666666667,1.582782,c
halide,ChooseHints,symm,4,LARGE,59.00105617614533,0.02682633333333333,1.582782,c
halide,FromPlan,symm,2,LARGE,110.76151154653604,0.014289999999999999,1.582782,c
halide,FromPlan,symm,3,LARGE,94.64324011879371,0.016723666666666668,1.582782,c
halide,Naive,symm,3,LARGE,58.3084177564929,0.027145000000000002,1.582782,c
halide,standard,symm,1,LARGE,0.6860739591052848,2.3070136666666667,1.582782,c
halide,standard,symm,2,LARGE,1.9172059929721026,0.825567,1.582782,c
halide,standard,symm,3,LARGE,0.7088666364907746,2.2328346666666667,1.582782,c
halide,standard,symm,4,LARGE,0.6831887106544062,2.3167566666666666,1.582782,c
halide,standard,symm,5,LARGE,1.914034355783707,0.8269350000000001,1.582782,c
noarr,AllHints,symm,1,LARGE,77.15743975561008,0.020513666666666666,1.582782,c
noarr,AllHints,symm,2,LARGE,1.0164155852162122,1.5572193333333333,1.582782,c
noarr,AllHints,symm,3,LARGE,29.46775725004189,0.053712333333333334,1.582782,c
noarr,AllHints,symm,4,LARGE,77.03351719662555,0.020546666666666668,1.582782,c
noarr,AllHints,symm,5,LARGE,2.9202386450784834,0.5420043333333333,1.582782,c
noarr,ChooseHints,symm,1,LARGE,3.0747004522355352,0.514776,1.582782,c
noarr,ChooseHints,symm,2,LARGE,1.5402300640212838,1.027627,1.582782,c
noarr,ChooseHints,symm,3,LARGE,1.546787229967177,1.0232706666666667,1.582782,c
noarr,ChooseHints,symm,5,LARGE,1.532892976162152,1.0325456666666666,1.582782,c
noarr,FromPlan,symm,1,LARGE,1.178144384124495,1.3434533333333334,1.582782,c
noarr,FromPlan,symm,2,LARGE,2.935626186251538,0.5391633333333333,1.582782,c
noarr,FromPlan,symm,3,LARGE,2.9207775296131597,0.5419043333333334,1.582782,c
noarr,FromPlan,symm,4,LARGE,2.968738609358598,0.5331496666666666,1.582782,c
noarr,FromPlan,symm,5,LARGE,1.4790042180319465,1.0701673333333332,1.582782,c
noarr,Naive,symm,2,LARGE,2.8761295011962806,0.5503166666666667,1.582782,c
noarr,Naive,symm,3,LARGE,1.0249364318061136,1.5442733333333336,1.582782,c
noarr,Naive,symm,4,LARGE,2.9733004799639318,0.5323316666666668,1.582782,c
noarr,Naive,symm,5,LARGE,1.0215343455137622,1.5494163333333333,1.582782,c
noarr,standard,symm,1,LARGE,1.022736128105812,1.5475956666666668,1.582782,c
noarr,standard,symm,2,LARGE,1.028230537261113,1.539326,1.582782,c
noarr,standard,symm,3,LARGE,1.0102969158614632,1.5666503333333335,1.582782,c
noarr,standard,symm,4,LARGE,1.0254291350094609,1.5435313333333334,1.582782,c
noarr,standard,symm,5,LARGE,1.024029070989934,1.5456416666666666,1.582782,c
c,AllHints,syr2k,1,LARGE,26.92730012625748,0.049106000000000004,1.322292,c
c,AllHints,syr2k,2,LARGE,37.43112721508238,0.035325999999999996,1.322292,c
c,AllHints,syr2k,3,LARGE,30.38331507877544,0.043520333333333334,1.322292,c
c,AllHints,syr2k,4,LARGE,29.374475174941686,0.045015,1.322292,c
c,AllHints,syr2k,5,LARGE,27.126906191446587,0.048744666666666665,1.322292,c
c,ChooseHints,syr2k,2,LARGE,37.23262907933886,0.035514333333333335,1.322292,c
c,ChooseHints,syr2k,3,LARGE,37.7732960063989,0.035006,1.322292,c
c,ChooseHints,syr2k,4,LARGE,36.98718881118881,0.035750000000000004,1.322292,c
c,ChooseHints,syr2k,5,LARGE,36.108136645397366,0.03662033333333333,1.322292,c
c,FromPlan,syr2k,2,LARGE,1.1645351416141894,1.1354676666666668,1.322292,c
c,FromPlan,syr2k,3,LARGE,1.2875843066253754,1.0269556666666666,1.322292,c
c,FromPlan,syr2k,4,LARGE,35.93152235939892,0.03680033333333333,1.322292,c
c,FromPlan,syr2k,5,LARGE,1.1684899056636566,1.1316246666666665,1.322292,c
c,Naive,syr2k,1,LARGE,1.288773576814216,1.026008,1.322292,c
c,Naive,syr2k,2,LARGE,1.1684482598648895,1.131665,1.322292,c
c,Naive,syr2k,3,LARGE,1.1070967482656244,1.1943780000000002,1.322292,c
c,Naive,syr2k,4,LARGE,1.2889046437433536,1.0259036666666665,1.322292,c
c,Naive,syr2k,5,LARGE,1.107176160387309,1.1942923333333333,1.322292,c
c,standard,syr2k,1,LARGE,1.0,1.322292,1.322292,c
exo,AllHints,syr2k,1,LARGE,22.540476961628283,0.058663,1.322292,c
exo,AllHints,syr2k,2,LARGE,22.031223445908797,0.060018999999999996,1.322292,c
exo,AllHints,syr2k,3,LARGE,15.829765838241633,0.083532,1.322292,c
exo,AllHints,syr2k,4,LARGE,25.38378253858558,0.052092,1.322292,c
exo,AllHints,syr2k,5,LARGE,24.540362642053363,0.05388233333333334,1.322292,c
exo,ChooseHints,syr2k,2,LARGE,37.71798577568175,0.03505733333333333,1.322292,c
exo,ChooseHints,syr2k,3,LARGE,21.77508439687114,0.060725,1.322292,c
exo,ChooseHints,syr2k,4,LARGE,22.08642202141342,0.059869000000000006,1.322292,c
exo,ChooseHints,syr2k,5,LARGE,23.25440540255355,0.056862,1.322292,c
exo,FromPlan,syr2k,1,LARGE,0.698606810845633,1.8927556666666667,1.322292,c
exo,FromPlan,syr2k,2,LARGE,0.5564263714227764,2.3764006666666666,1.322292,c
exo,FromPlan,syr2k,3,LARGE,1.2098578898650267,1.0929316666666666,1.322292,c
exo,FromPlan,syr2k,5,LARGE,10.78541598694943,0.1226,1.322292,c
exo,Naive,syr2k,1,LARGE,0.8037234610504085,1.6452076666666666,1.322292,c
exo,Naive,syr2k,2,LARGE,27.01771496679721,0.04894166666666666,1.322292,c
exo,Naive,syr2k,3,LARGE,24.490668313011266,0.05399166666666667,1.322292,c
exo,Naive,syr2k,4,LARGE,1.2140798489805174,1.089131,1.322292,c
exo,Naive,syr2k,5,LARGE,22.147089858470814,0.059705,1.322292,c
exo,standard,syr2k,1,LARGE,0.9327042379295436,1.4176969999999998,1.322292,c
exo,standard,syr2k,2,LARGE,0.93482023177291,1.4144880000000002,1.322292,c
exo,standard,syr2k,3,LARGE,0.9348100982441423,1.4145033333333332,1.322292,c
exo,standard,syr2k,4,LARGE,0.9322608042933751,1.4183713333333332,1.322292,c
exo,standard,syr2k,5,LARGE,0.9322156735568652,1.4184400000000001,1.322292,c
halide,ChooseHints,syr2k,1,LARGE,30.756460454189508,0.042992333333333334,1.322292,c
halide,FromPlan,syr2k,1,LARGE,28.19686533745602,0.046895,1.322292,c
halide,FromPlan,syr2k,2,LARGE,16.489761645452806,0.08018866666666667,1.322292,c
halide,Naive,syr2k,2,LARGE,30.725967235970725,0.043035,1.322292,c
halide,Naive,syr2k,4,LARGE,31.038989695077582,0.042601,1.322292,c
halide,standard,syr2k,2,LARGE,0.9297992513088967,1.4221263333333336,1.322292,c
halide,standard,syr2k,3,LARGE,0.9265394945425421,1.4271296666666666,1.322292,c
halide,standard,syr2k,4,LARGE,0.9287175851745164,1.4237826666666666,1.322292,c
halide,standard,syr2k,5,LARGE,0.930410746849768,1.4211916666666669,1.322292,c
noarr,AllHints,syr2k,1,LARGE,1.0504852456099094,1.258744,1.322292,c
noarr,AllHints,syr2k,2,LARGE,1.0581129418166395,1.24967,1.322292,c
noarr,AllHints,syr2k,3,LARGE,1.051744141652385,1.2572373333333333,1.322292,c
noarr,AllHints,syr2k,4,LARGE,0.7834108408332734,1.6878653333333336,1.322292,c
noarr,AllHints,syr2k,5,LARGE,0.7901383193609061,1.6734943333333334,1.322292,c
noarr,ChooseHints,syr2k,1,LARGE,1.0500920414459163,1.2592153333333334,1.322292,c
noarr,ChooseHints,syr2k,2,LARGE,0.7344665739682986,1.8003433333333334,1.322292,c
noarr,ChooseHints,syr2k,3,LARGE,1.0273410226182658,1.2871013333333334,1.322292,c
noarr,ChooseHints,syr2k,4,LARGE,1.0208423563744167,1.295295,1.322292,c
noarr,ChooseHints,syr2k,5,LARGE,1.0282664161630806,1.2859429999999998,1.322292,c
noarr,FromPlan,syr2k,1,LARGE,0.7330826692509239,1.803742,1.322292,c
noarr,FromPlan,syr2k,2,LARGE,2.433105001545656,0.5434586666666666,1.322292,c
noarr,FromPlan,syr2k,4,LARGE,1.1045637143236624,1.1971170000000002,1.322292,c
noarr,FromPlan,syr2k,5,LARGE,1.2293007269742173,1.0756456666666667,1.322292,c
noarr,Naive,syr2k,1,LARGE,0.7433770009918874,1.7787636666666666,1.322292,c
noarr,Naive,syr2k,2,LARGE,2.421440212912717,0.5460766666666667,1.322292,c
noarr,Naive,syr2k,3,LARGE,0.7438305790865505,1.777679,1.322292,c
noarr,Naive,syr2k,4,LARGE,0.7883010637130916,1.6773946666666666,1.322292,c
noarr,Naive,syr2k,5,LARGE,0.7829958075747886,1.68876,1.322292,c
noarr,standard,syr2k,1,LARGE,0.8903917509482733,1.4850676666666667,1.322292,c
noarr,standard,syr2k,2,LARGE,0.9447657934077721,1.3995976666666667,1.322292,c
noarr,standard,syr2k,3,LARGE,0.9434762299347466,1.4015106666666668,1.322292,c
noarr,standard,syr2k,5,LARGE,0.9418277918398174,1.4039636666666666,1.322292,c
c,AllHints,syrk,1,LARGE,21.71201462055906,0.030277000000000002,0.6573746666666667,c
c,AllHints,syrk,2,LARGE,19.76809037418682,0.03325433333333334,0.6573746666666667,c
c,AllHints,syrk,3,LARGE,21.25981264081584,0.030921,0.6573746666666667,c
c,AllHints,syrk,4,LARGE,19.92587877501945,0.032991,0.6573746666666667,c
c,AllHints,syrk,5,LARGE,21.93466727468885,0.02996966666666667,0.6573746666666667,c
c,ChooseHints,syrk,1,LARGE,38.17358987263366,0.017220666666666665,0.6573746666666667,c
c,ChooseHints,syrk,2,LARGE,19.565886858344744,0.033597999999999996,0.6573746666666667,c
c,ChooseHints,syrk,3,LARGE,19.359982722400016,0.03395533333333333,0.6573746666666667,c
c,ChooseHints,syrk,4,LARGE,21.78805488653689,0.03017133333333333,0.6573746666666667,c
c,ChooseHints,syrk,5,LARGE,19.80481632489104,0.03319266666666667,0.6573746666666667,c
c,FromPlan,syrk,1,LARGE,2.729458723684593,0.24084433333333333,0.6573746666666667,c
c,FromPlan,syrk,2,LARGE,2.683724208881861,0.24494866666666668,0.6573746666666667,c
c,FromPlan,syrk,3,LARGE,3.308244593406741,0.198708,0.6573746666666667,c
c,FromPlan,syrk,4,LARGE,0.6522391529890817,1.0078736666666666,0.6573746666666667,c
c,FromPlan,syrk,5,LARGE,0.6488716364520535,1.0131043333333334,0.6573746666666667,c
c,Naive,syrk,1,LARGE,19.687967335203503,0.03338966666666667,0.6573746666666667,c
c,Naive,syrk,2,LARGE,0.5857950078076337,1.1221923333333332,0.6573746666666667,c
c,Naive,syrk,3,LARGE,0.6490924632003842,1.0127596666666667,0.6573746666666667,c
c,Naive,syrk,4,LARGE,0.8540572095738471,0.769708,0.6573746666666667,c
c,Naive,syrk,5,LARGE,0.9980839208263534,0.6586366666666666,0.6573746666666667,c
c,standard,syrk,1,LARGE,1.0,0.6573746666666667,0.6573746666666667,c
exo,AllHints,syrk,1,LARGE,21.554681181279648,0.030497999999999997,0.6573746666666667,c
exo,AllHints,syrk,2,LARGE,21.609476014113213,0.030420666666666665,0.6573746666666667,c
exo,AllHints,syrk,3,LARGE,15.513388502564423,0.04237466666666667,0.6573746666666667,c
exo,AllHints,syrk,4,LARGE,16.486987635536753,0.039872333333333336,0.6573746666666667,c
exo,ChooseHints,syrk,1,LARGE,8.540327993798691,0.076973,0.6573746666666667,c
exo,ChooseHints,syrk,2,LARGE,8.067596645530783,0.08148333333333334,0.6573746666666667,c
exo,ChooseHints,syrk,4,LARGE,21.33663676984496,0.030809666666666666,0.6573746666666667,c
exo,ChooseHints,syrk,5,LARGE,12.696513185002058,0.05177600000000001,0.6573746666666667,c
exo,FromPlan,syrk,2,LARGE,2.271338819369663,0.28942166666666663,0.6573746666666667,c
exo,Naive,syrk,1,LARGE,13.330386232442445,0.049314,0.6573746666666667,c
exo,Naive,syrk,2,LARGE,18.165542905567225,0.036188,0.6573746666666667,c
exo,Naive,syrk,4,LARGE,21.3032168859507,0.030858,0.6573746666666667,c
exo,Naive,syrk,5,LARGE,0.9649914125078901,0.6812233333333334,0.6573746666666667,c
exo,standard,syrk,1,LARGE,0.9705797963780752,0.6773009999999999,0.6573746666666667,c
exo,standard,syrk,2,LARGE,0.9703109424708705,0.6774886666666666,0.6573746666666667,c
exo,standard,syrk,3,LARGE,0.9717232516979452,0.676504,0.6573746666666667,c
exo,standard,syrk,4,LARGE,0.970884167804709,0.6770886666666667,0.6573746666666667,c
exo,standard,syrk,5,LARGE,0.9703133295054616,0.6774870000000001,0.6573746666666667,c
halide,AllHints,syrk,2,LARGE,27.204712244109693,0.024164,0.6573746666666667,c
halide,AllHints,syrk,3,LARGE,27.697203769504092,0.023734333333333333,0.6573746666666667,c
halide,AllHints,syrk,4,LARGE,13.369516436285243,0.04916966666666667,0.6573746666666667,c
halide,ChooseHints,syrk,1,LARGE,24.384840803709427,0.026958333333333334,0.6573746666666667,c
halide,ChooseHints,syrk,3,LARGE,27.358692636368684,0.024027999999999997,0.6573746666666667,c
halide,ChooseHints,syrk,4,LARGE,41.140771028037385,0.015978666666666665,0.6573746666666667,c
halide,FromPlan,syrk,3,LARGE,12.186242523110387,0.053944,0.6573746666666667,c
halide,FromPlan,syrk,5,LARGE,18.299887720730837,0.035922333333333334,0.6573746666666667,c
halide,Naive,syrk,1,LARGE,26.348386062419838,0.024949333333333334,0.6573746666666667,c
halide,Naive,syrk,2,LARGE,38.94168986829374,0.016881,0.6573746666666667,c
halide,Naive,syrk,5,LARGE,23.664162806882814,0.027779333333333333,0.6573746666666667,c
halide,standard,syrk,1,LARGE,0.8091777637817245,0.8123983333333333,0.6573746666666667,c
halide,standard,syrk,2,LARGE,0.8104643603035515,0.8111086666666667,0.6573746666666667,c
halide,standard,syrk,3,LARGE,0.8116294412002801,0.8099443333333333,0.6573746666666667,c
halide,standard,syrk,4,LARGE,0.8107149052814014,0.8108580000000001,0.6573746666666667,c
halide,standard,syrk,5,LARGE,0.5481235868708753,1.1993183333333333,0.6573746666666667,c
noarr,AllHints,syrk,1,LARGE,1.1037325866630252,0.5955923333333333,0.6573746666666667,c
noarr,AllHints,syrk,2,LARGE,0.44013885373802136,1.493562,0.6573746666666667,c
noarr,AllHints,syrk,3,LARGE,1.1024288804789564,0.5962966666666666,0.6573746666666667,c
noarr,AllHints,syrk,4,LARGE,0.6444445315849464,1.0200639999999999,0.6573746666666667,c
noarr,AllHints,syrk,5,LARGE,1.2343928289540804,0.532549,0.6573746666666667,c
noarr,ChooseHints,syrk,1,LARGE,1.1014517360457576,0.5968256666666667,0.6573746666666667,c
noarr,ChooseHints,syrk,2,LARGE,1.0965187163753551,0.5995106666666666,0.6573746666666667,c
noarr,ChooseHints,syrk,3,LARGE,1.0356831323978812,0.6347256666666666,0.6573746666666667,c
noarr,ChooseHints,syrk,4,LARGE,0.4698062456955994,1.3992463333333334,0.6573746666666667,c
noarr,FromPlan,syrk,1,LARGE,0.6303841393560001,1.042816,0.6573746666666667,c
noarr,FromPlan,syrk,2,LARGE,0.647989617046444,1.0144833333333334,0.6573746666666667,c
noarr,FromPlan,syrk,3,LARGE,0.6464009334858551,1.0169766666666666,0.6573746666666667,c
noarr,FromPlan,syrk,5,LARGE,1.0962535721889284,0.5996556666666667,0.6573746666666667,c
noarr,Naive,syrk,1,LARGE,1.1558608482617754,0.5687316666666667,0.6573746666666667,c
noarr,Naive,syrk,2,LARGE,0.6517974531260845,1.0085566666666665,0.6573746666666667,c
noarr,Naive,syrk,3,LARGE,0.4705775116748142,1.396953,0.6573746666666667,c
noarr,Naive,syrk,4,LARGE,0.9915028720101557,0.6630083333333333,0.6573746666666667,c
noarr,Naive,syrk,5,LARGE,0.9871216751182393,0.6659510000000001,0.6573746666666667,c
noarr,standard,syrk,1,LARGE,0.9900876965742709,0.6639560000000001,0.6573746666666667,c
noarr,standard,syrk,2,LARGE,1.1034120817145006,0.5957653333333334,0.6573746666666667,c
noarr,standard,syrk,4,LARGE,0.9905327696558417,0.6636576666666666,0.6573746666666667,c
noarr,standard,syrk,5,LARGE,0.9909528477802192,0.6633763333333333,0.6573746666666667,c
c,AllHints,trisolv,3,LARGE,0.99481473479529,0.0030856666666666667,0.0030696666666666667,c
c,AllHints,trisolv,4,LARGE,0.9952447854749811,0.0030843333333333335,0.0030696666666666667,c
c,AllHints,trisolv,5,LARGE,0.9930982422085625,0.003091,0.0030696666666666667,c
c,ChooseHints,trisolv,1,LARGE,0.9890452153366986,0.0031036666666666665,0.0030696666666666667,c
c,ChooseHints,trisolv,3,LARGE,0.9980492034247317,0.003075666666666667,0.0030696666666666667,c
c,FromPlan,trisolv,1,LARGE,0.9898957325593895,0.003101,0.0030696666666666667,c
c,FromPlan,trisolv,2,LARGE,2.729401304090101,0.0011246666666666666,0.0030696666666666667,c
c,FromPlan,trisolv,3,LARGE,2.7358882947118244,0.001122,0.0030696666666666667,c
c,FromPlan,trisolv,4,LARGE,2.783857315598549,0.0011026666666666667,0.0030696666666666667,c
c,FromPlan,trisolv,5,LARGE,0.996429344297771,0.003080666666666667,0.0030696666666666667,c
c,Naive,trisolv,1,LARGE,1.0018494342906874,0.0030640000000000003,0.0030696666666666667,c
c,Naive,trisolv,2,LARGE,0.9978329179759453,0.0030763333333333337,0.0030696666666666667,c
c,Naive,trisolv,3,LARGE,1.0138720686997689,0.003027666666666667,0.0030696666666666667,c
c,Naive,trisolv,4,LARGE,0.9875603217158178,0.003108333333333333,0.0030696666666666667,c
c,standard,trisolv,1,LARGE,1.0,0.0030696666666666667,0.0030696666666666667,c
exo,AllHints,trisolv,1,LARGE,0.9969687127855364,0.003079,0.0030696666666666667,c
exo,AllHints,trisolv,2,LARGE,0.98145582436321,0.003127666666666667,0.0030696666666666667,c
exo,AllHints,trisolv,3,LARGE,0.9909609383406865,0.0030976666666666665,0.0030696666666666667,c
exo,AllHints,trisolv,4,LARGE,0.9927770590771886,0.0030919999999999997,0.0030696666666666667,c
exo,AllHints,trisolv,5,LARGE,0.9962137602769363,0.0030813333333333335,0.0030696666666666667,c
exo,ChooseHints,trisolv,1,LARGE,0.9894702911786828,0.0031023333333333332,0.0030696666666666667,c
exo,ChooseHints,trisolv,2,LARGE,0.9881961583860928,0.0031063333333333338,0.0030696666666666667,c
exo,ChooseHints,trisolv,3,LARGE,0.9912809472551132,0.0030966666666666664,0.0030696666666666667,c
exo,ChooseHints,trisolv,5,LARGE,1.01588527302813,0.003021666666666667,0.0030696666666666667,c
exo,FromPlan,trisolv,3,LARGE,0.986079880072813,0.003113,0.0030696666666666667,c
exo,FromPlan,trisolv,4,LARGE,0.9975086655112652,0.0030773333333333334,0.0030696666666666667,c
exo,FromPlan,trisolv,5,LARGE,0.9839726466502833,0.0031196666666666664,0.0030696666666666667,c
exo,Naive,trisolv,1,LARGE,0.9827126240529291,0.003123666666666667,0.0030696666666666667,c
exo,Naive,trisolv,3,LARGE,0.9947072801901059,0.0030859999999999998,0.0030696666666666667,c
exo,Naive,trisolv,4,LARGE,0.9857632198672661,0.003114,0.0030696666666666667,c
exo,Naive,trisolv,5,LARGE,0.9926700441953217,0.0030923333333333337,0.0030696666666666667,c
exo,standard,trisolv,1,LARGE,0.9815604348752932,0.003127333333333333,0.0030696666666666667,c
exo,standard,trisolv,2,LARGE,0.981769722814499,0.0031266666666666665,0.0030696666666666667,c
exo,standard,trisolv,3,LARGE,0.9847091531223269,0.003117333333333333,0.0030696666666666667,c
exo,standard,trisolv,4,LARGE,0.9804109443202385,0.003131,0.0030696666666666667,c
exo,standard,trisolv,5,LARGE,0.9833422317138281,0.0031216666666666667,0.0030696666666666667,c
halide,ChooseHints,trisolv,4,LARGE,0.5497910447761194,0.005583333333333333,0.0030696666666666667,c
halide,FromPlan,trisolv,4,LARGE,0.5990372731412216,0.005124333333333334,0.0030696666666666667,c
halide,Naive,trisolv,5,LARGE,0.5774753872201669,0.0053156666666666665,0.0030696666666666667,c
halide,standard,trisolv,2,LARGE,0.5160549173437938,0.005948333333333333,0.0030696666666666667,c
halide,standard,trisolv,3,LARGE,0.5160260002241398,0.005948666666666667,0.0030696666666666667,c
noarr,AllHints,trisolv,1,LARGE,0.9917079474477708,0.0030953333333333336,0.0030696666666666667,c
noarr,AllHints,trisolv,2,LARGE,0.9773933347484611,0.0031406666666666666,0.0030696666666666667,c
noarr,AllHints,trisolv,3,LARGE,0.9827126240529291,0.003123666666666667,0.0030696666666666667,c
noarr,AllHints,trisolv,4,LARGE,0.9808286292469912,0.0031296666666666664,0.0030696666666666667,c
noarr,AllHints,trisolv,5,LARGE,0.9849197860962566,0.003116666666666667,0.0030696666666666667,c
noarr,ChooseHints,trisolv,1,LARGE,0.9702876409229797,0.0031636666666666666,0.0030696666666666667,c
noarr,ChooseHints,trisolv,2,LARGE,0.9846038704159094,0.0031176666666666666,0.0030696666666666667,c
noarr,ChooseHints,trisolv,3,LARGE,0.9805153321976149,0.003130666666666667,0.0030696666666666667,c
noarr,ChooseHints,trisolv,4,LARGE,0.9826077678190355,0.003124,0.0030696666666666667,c
noarr,ChooseHints,trisolv,5,LARGE,0.9865024102838779,0.0031116666666666667,0.0030696666666666667,c
noarr,FromPlan,trisolv,1,LARGE,0.9768749337010714,0.0031423333333333333,0.0030696666666666667,c
noarr,FromPlan,trisolv,2,LARGE,0.9872427101200686,0.0031093333333333333,0.0030696666666666667,c
noarr,FromPlan,trisolv,3,LARGE,0.9750132345156167,0.0031483333333333333,0.0030696666666666667,c
noarr,FromPlan,trisolv,4,LARGE,0.9840777944005129,0.0031193333333333333,0.0030696666666666667,c
noarr,FromPlan,trisolv,5,LARGE,0.9793682867170053,0.003134333333333333,0.0030696666666666667,c
noarr,Naive,trisolv,1,LARGE,0.9812466702184336,0.0031283333333333337,0.0030696666666666667,c
noarr,Naive,trisolv,2,LARGE,0.9807241746538873,0.0031299999999999995,0.0030696666666666667,c
noarr,Naive,trisolv,3,LARGE,0.9760466348701644,0.003145,0.0030696666666666667,c
noarr,Naive,trisolv,4,LARGE,0.9811421265714895,0.0031286666666666667,0.0030696666666666667,c
noarr,Naive,trisolv,5,LARGE,0.9825029339592447,0.003124333333333333,0.0030696666666666667,c
noarr,standard,trisolv,2,LARGE,0.9679419802396468,0.0031713333333333333,0.0030696666666666667,c
noarr,standard,trisolv,4,LARGE,0.9797850835195234,0.003133,0.0030696666666666667,c
noarr,standard,trisolv,5,LARGE,1.0040340165721762,0.0030573333333333333,0.0030696666666666667,c
c,AllHints,trmm,1,LARGE,19.30854862015564,0.051442999999999996,0.9932896666666666,c
c,AllHints,trmm,2,LARGE,4.886016360676005,0.20329233333333332,0.9932896666666666,c
c,AllHints,trmm,3,LARGE,4.960776512187731,0.2002286666666667,0.9932896666666666,c
c,AllHints,trmm,4,LARGE,4.85207679644643,0.20471433333333333,0.9932896666666666,c
c,AllHints,trmm,5,LARGE,36.991732356774875,0.026851666666666666,0.9932896666666666,c
c,ChooseHints,trmm,1,LARGE,4.807271559866874,0.20662233333333335,0.9932896666666666,c
c,ChooseHints,trmm,2,LARGE,4.89459566891368,0.202936,0.9932896666666666,c
c,ChooseHints,trmm,3,LARGE,4.859815873378292,0.2043883333333333,0.9932896666666666,c
c,ChooseHints,trmm,4,LARGE,62.06508789469299,0.016004,0.9932896666666666,c
c,ChooseHints,trmm,5,LARGE,4.593459427796276,0.21624,0.9932896666666666,c
c,FromPlan,trmm,1,LARGE,7.499072641022738,0.132455,0.9932896666666666,c
c,FromPlan,trmm,2,LARGE,4.819719991071803,0.20608866666666667,0.9932896666666666,c
c,FromPlan,trmm,3,LARGE,4.578082006578593,0.21696633333333334,0.9932896666666666,c
c,FromPlan,trmm,4,LARGE,31.669401549530782,0.031364333333333334,0.9932896666666666,c
c,FromPlan,trmm,5,LARGE,20.38883491159888,0.048717333333333335,0.9932896666666666,c
c,Naive,trmm,1,LARGE,4.809746783138675,0.206516,0.9932896666666666,c
c,Naive,trmm,2,LARGE,4.859419616284662,0.20440500000000003,0.9932896666666666,c
c,Naive,trmm,3,LARGE,4.890266137356876,0.20311566666666667,0.9932896666666666,c
c,Naive,trmm,4,LARGE,4.6321319314041265,0.21443466666666666,0.9932896666666666,c
c,Naive,trmm,5,LARGE,4.829382411523607,0.20567633333333335,0.9932896666666666,c
c,standard,trmm,1,LARGE,1.0,0.9932896666666666,0.9932896666666666,c
exo,AllHints,trmm,1,LARGE,17.46248915871639,0.05688133333333334,0.9932896666666666,c
exo,AllHints,trmm,2,LARGE,11.205337434616991,0.08864433333333332,0.9932896666666666,c
exo,AllHints,trmm,3,LARGE,3.9042051972758456,0.2544153333333333,0.9932896666666666,c
exo,AllHints,trmm,4,LARGE,0.08226002288585484,12.074998666666668,0.9932896666666666,c
exo,ChooseHints,trmm,2,LARGE,2.1732451550182654,0.4570536666666667,0.9932896666666666,c
exo,ChooseHints,trmm,4,LARGE,4.743828374116661,0.2093856666666667,0.9932896666666666,c
exo,FromPlan,trmm,1,LARGE,3.812963365791864,0.26050333333333336,0.9932896666666666,c
exo,FromPlan,trmm,4,LARGE,3.6895000631452257,0.2692206666666667,0.9932896666666666,c
exo,Naive,trmm,2,LARGE,5.005692966188248,0.19843200000000003,0.9932896666666666,c
exo,Naive,trmm,3,LARGE,2.087054301516963,0.475929,0.9932896666666666,c
exo,Naive,trmm,4,LARGE,0.08471629525609115,11.724894999999998,0.9932896666666666,c
exo,Naive,trmm,5,LARGE,17.462079836857157,0.056882666666666665,0.9932896666666666,c
exo,standard,trmm,1,LARGE,0.9941316962133593,0.9991530000000001,0.9932896666666666,c
exo,standard,trmm,2,LARGE,0.9902624344046914,1.003057,0.9932896666666666,c
exo,standard,trmm,3,LARGE,1.0003350262565918,0.992957,0.9932896666666666,c
exo,standard,trmm,4,LARGE,0.9943934433888283,0.99889,0.9932896666666666,c
exo,standard,trmm,5,LARGE,0.9969184498240261,0.99636,0.9932896666666666,c
halide,AllHints,trmm,2,LARGE,39.49043176336505,0.025152666666666667,0.9932896666666666,c
halide,AllHints,trmm,4,LARGE,33.23187500697008,0.029889666666666665,0.9932896666666666,c
halide,standard,trmm,1,LARGE,0.8921771486621095,1.1133323333333334,0.9932896666666666,c
halide,standard,trmm,4,LARGE,0.8890927394330562,1.1171946666666666,0.9932896666666666,c
halide,standard,trmm,5,LARGE,2.3687541236416823,0.41933,0.9932896666666666,c
noarr,AllHints,trmm,1,LARGE,36.59648756524409,0.027141666666666665,0.9932896666666666,c
noarr,AllHints,trmm,3,LARGE,4.216083793397153,0.23559533333333335,0.9932896666666666,c
noarr,AllHints,trmm,4,LARGE,4.5937780860985855,0.216225,0.9932896666666666,c
noarr,AllHints,trmm,5,LARGE,4.186244071568253,0.23727466666666666,0.9932896666666666,c
noarr,ChooseHints,trmm,1,LARGE,4.167579005667037,0.23833733333333332,0.9932896666666666,c
noarr,ChooseHints,trmm,2,LARGE,1.1670154812583957,0.8511366666666667,0.9932896666666666,c
noarr,ChooseHints,trmm,3,LARGE,1.1680117684318794,0.8504106666666665,0.9932896666666666,c
noarr,ChooseHints,trmm,4,LARGE,4.222165074075334,0.235256,0.9932896666666666,c
noarr,ChooseHints,trmm,5,LARGE,4.198352708126987,0.23659033333333332,0.9932896666666666,c
noarr,FromPlan,trmm,2,LARGE,3.921344632917056,0.2533033333333333,0.9932896666666666,c
noarr,FromPlan,trmm,3,LARGE,4.187626565334765,0.23719633333333334,0.9932896666666666,c
noarr,FromPlan,trmm,4,LARGE,4.187326457197459,0.23721333333333336,0.9932896666666666,c
noarr,FromPlan,trmm,5,LARGE,4.160567258247151,0.238739,0.9932896666666666,c
noarr,Naive,trmm,1,LARGE,4.239416642006783,0.23429866666666666,0.9932896666666666,c
noarr,Naive,trmm,2,LARGE,4.154760477288634,0.23907266666666668,0.9932896666666666,c
noarr,Naive,trmm,3,LARGE,1.015693841420725,0.977942,0.9932896666666666,c
noarr,Naive,trmm,4,LARGE,1.0193943163189625,0.974392,0.9932896666666666,c
noarr,Naive,trmm,5,LARGE,4.236668126343566,0.23445066666666667,0.9932896666666666,c
noarr,standard,trmm,1,LARGE,4.173404162943584,0.23800466666666664,0.9932896666666666,c
noarr,standard,trmm,2,LARGE,1.020089806081988,0.9737276666666667,0.9932896666666666,c
noarr,standard,trmm,3,LARGE,1.02517676475769,0.968896,0.9932896666666666,c
noarr,standard,trmm,4,LARGE,0.9289201452047064,1.069295,0.9932896666666666,c
noarr,standard,trmm,5,LARGE,1.0007838698789435,0.9925116666666667,0.9932896666666666,c
