framework,version,algorithm,repetition,dataset_size,speedup,optimized_time_s,baseline_time_s,baseline_framework
c,AllHints,2mm,1,EXTRALARGE,121.64875222173808,0.21267133333333332,25.871202333333333,c
c,AllHints,2mm,2,EXTRALARGE,116.54132212170126,0.22199166666666667,25.871202333333333,c
c,AllHints,2mm,3,EXTRALARGE,119.25272228052359,0.21694433333333332,25.871202333333333,c
c,AllHints,2mm,4,EXTRALARGE,58.77721434245811,0.44015699999999996,25.871202333333333,c
c,AllHints,2mm,5,EXTRALARGE,167.49089751613113,0.1544633333333333,25.871202333333333,c
c,ChooseHints,2mm,1,EXTRALARGE,116.17620811055163,0.22268933333333332,25.871202333333333,c
c,ChooseHints,2mm,2,EXTRALARGE,117.91922278115992,0.21939766666666669,25.871202333333333,c
c,ChooseHints,2mm,3,EXTRALARGE,116.99579582386176,0.22112933333333332,25.871202333333333,c
c,ChooseHints,2mm,4,EXTRALARGE,119.30679991022814,0.216846,25.871202333333333,c
c,ChooseHints,2mm,5,EXTRALARGE,122.2296175324655,0.21166066666666664,25.871202333333333,c
c,FromPlan,2mm,1,EXTRALARGE,8.903379364300037,2.9057733333333338,25.871202333333333,c
c,FromPlan,2mm,2,EXTRALARGE,8.113474117850966,3.188671333333333,25.871202333333333,c
c,FromPlan,2mm,3,EXTRALARGE,6.100928852923825,4.240535,25.871202333333333,c
c,FromPlan,2mm,4,EXTRALARGE,6.377505207314341,4.0566336666666665,25.871202333333333,c
c,FromPlan,2mm,5,EXTRALARGE,7.443641516076837,3.4756110000000002,25.871202333333333,c
c,Naive,2mm,1,EXTRALARGE,6.31585480116927,4.096231333333333,25.871202333333333,c
c,Naive,2mm,2,EXTRALARGE,3.1818248231229895,8.130932333333334,25.871202333333333,c
c,Naive,2mm,3,EXTRALARGE,3.190805537971288,8.108047333333333,25.871202333333333,c
c,Naive,2mm,4,EXTRALARGE,0.9753067354837722,26.526221333333336,25.871202333333333,c
c,Naive,2mm,5,EXTRALARGE,3.187202201806351,8.117213999999999,25.871202333333333,c
c,standard,2mm,1,EXTRALARGE,1.0,25.871202333333333,25.871202333333333,c
exo,AllHints,2mm,2,EXTRALARGE,3.0509932465367866,8.4796,25.871202333333333,c
exo,AllHints,2mm,3,EXTRALARGE,117.87248160084074,0.2194846666666667,25.871202333333333,c
exo,AllHints,2mm,4,EXTRALARGE,125.19414110261215,0.20664866666666667,25.871202333333333,c
exo,AllHints,2mm,5,EXTRALARGE,59.07597848367284,0.437931,25.871202333333333,c
exo,ChooseHints,2mm,1,EXTRALARGE,43.547443523088724,0.5940923333333333,25.871202333333333,c
exo,ChooseHints,2mm,2,EXTRALARGE,68.01099814930353,0.3803973333333333,25.871202333333333,c
exo,ChooseHints,2mm,3,EXTRALARGE,119.81883203295057,0.21591933333333335,25.871202333333333,c
exo,ChooseHints,2mm,4,EXTRALARGE,57.8683911306888,0.4470696666666667,25.871202333333333,c
exo,ChooseHints,2mm,5,EXTRALARGE,121.39322319142515,0.21311899999999998,25.871202333333333,c
exo,FromPlan,2mm,1,EXTRALARGE,5.602026524265407,4.618186333333333,25.871202333333333,c
exo,FromPlan,2mm,3,EXTRALARGE,5.110704865209695,5.062159333333333,25.871202333333333,c
exo,Naive,2mm,1,EXTRALARGE,122.1445947902503,0.211808,25.871202333333333,c
exo,Naive,2mm,2,EXTRALARGE,54.76004840052492,0.4724466666666667,25.871202333333333,c
exo,Naive,2mm,5,EXTRALARGE,53.33568376934712,0.4850636666666666,25.871202333333333,c
exo,standard,2mm,1,EXTRALARGE,0.9843907688146813,26.281435333333334,25.871202333333333,c
exo,standard,2mm,2,EXTRALARGE,0.9958197529663201,25.979804333333334,25.871202333333333,c
exo,standard,2mm,3,EXTRALARGE,0.9935241518516178,26.039832333333333,25.871202333333333,c
exo,standard,2mm,4,EXTRALARGE,0.9963529988690294,25.9659,25.871202333333333,c
exo,standard,2mm,5,EXTRALARGE,0.989357879723969,26.149488333333334,25.871202333333333,c
halide,AllHints,2mm,2,EXTRALARGE,59.10495077100922,0.4377163333333334,25.871202333333333,c
halide,AllHints,2mm,5,EXTRALARGE,99.74939402585316,0.25936200000000004,25.871202333333333,c
halide,ChooseHints,2mm,1,EXTRALARGE,65.63612922976483,0.394161,25.871202333333333,c
halide,ChooseHints,2mm,2,EXTRALARGE,66.31635129200224,0.390118,25.871202333333333,c
halide,ChooseHints,2mm,3,EXTRALARGE,101.3286703335296,0.25531966666666667,25.871202333333333,c
halide,ChooseHints,2mm,5,EXTRALARGE,55.438330313093076,0.46666633333333335,25.871202333333333,c
halide,FromPlan,2mm,2,EXTRALARGE,99.71479246000544,0.259452,25.871202333333333,c
halide,FromPlan,2mm,4,EXTRALARGE,107.75163022125471,0.24010033333333336,25.871202333333333,c
halide,FromPlan,2mm,5,EXTRALARGE,99.8254736698594,0.25916433333333333,25.871202333333333,c
halide,Naive,2mm,2,EXTRALARGE,57.663783240017594,0.448656,25.871202333333333,c
halide,Naive,2mm,4,EXTRALARGE,55.314347066608605,0.46771233333333334,25.871202333333333,c
halide,Naive,2mm,5,EXTRALARGE,54.35343497604596,0.475981,25.871202333333333,c
halide,standard,2mm,1,EXTRALARGE,0.9437310492723023,27.413745000000002,25.871202333333333,c
halide,standard,2mm,2,EXTRALARGE,2.2654497088137777,11.419897,25.871202333333333,c
halide,standard,2mm,3,EXTRALARGE,0.9944979564663855,26.014334333333334,25.871202333333333,c
noarr,AllHints,2mm,1,EXTRALARGE,2.9184883151204213,8.86459,25.871202333333333,c
noarr,AllHints,2mm,2,EXTRALARGE,105.74276994761473,0.24466166666666667,25.871202333333333,c
noarr,AllHints,2mm,3,EXTRALARGE,2.924981315058118,8.844912,25.871202333333333,c
noarr,AllHints,2mm,4,EXTRALARGE,2.9417341226512326,8.794541333333333,25.871202333333333,c
noarr,AllHints,2mm,5,EXTRALARGE,2.921068354527376,8.856760333333334,25.871202333333333,c
noarr,ChooseHints,2mm,1,EXTRALARGE,2.956088003308105,8.751837666666667,25.871202333333333,c
noarr,ChooseHints,2mm,2,EXTRALARGE,2.9524824578728746,8.762525333333334,25.871202333333333,c
noarr,ChooseHints,2mm,3,EXTRALARGE,2.9119023702256457,8.884639333333332,25.871202333333333,c
noarr,ChooseHints,2mm,4,EXTRALARGE,2.955068184239348,8.754858,25.871202333333333,c
noarr,ChooseHints,2mm,5,EXTRALARGE,2.918517946114652,8.8645,25.871202333333333,c
noarr,FromPlan,2mm,1,EXTRALARGE,1.3595282094072911,19.029544333333334,25.871202333333333,c
noarr,FromPlan,2mm,2,EXTRALARGE,0.9935667081190418,26.038717000000002,25.871202333333333,c
noarr,FromPlan,2mm,3,EXTRALARGE,1.141712354490845,22.660000333333333,25.871202333333333,c
noarr,FromPlan,2mm,4,EXTRALARGE,1.3428893438109477,19.265327,25.871202333333333,c
noarr,FromPlan,2mm,5,EXTRALARGE,1.3689024785472297,18.899229666666667,25.871202333333333,c
noarr,Naive,2mm,1,EXTRALARGE,2.926612116538681,8.839983333333334,25.871202333333333,c
noarr,Naive,2mm,2,EXTRALARGE,2.9089205374262965,8.893746666666667,25.871202333333333,c
noarr,Naive,2mm,3,EXTRALARGE,1.2977388357176776,19.9356,25.871202333333333,c
noarr,Naive,2mm,4,EXTRALARGE,2.912784054552585,8.88195,25.871202333333333,c
noarr,Naive,2mm,5,EXTRALARGE,2.938517678540349,8.804167666666666,25.871202333333333,c
noarr,standard,2mm,1,EXTRALARGE,0.9961423322026105,25.971391333333333,25.871202333333333,c
noarr,standard,2mm,2,EXTRALARGE,2.922717797127095,8.851762,25.871202333333333,c
noarr,standard,2mm,3,EXTRALARGE,0.992424664773991,26.068681333333334,25.871202333333333,c
noarr,standard,2mm,4,EXTRALARGE,2.9120704042190604,8.884126666666667,25.871202333333333,c
noarr,standard,2mm,5,EXTRALARGE,0.996382980777442,25.965118666666665,25.871202333333333,c
c,AllHints,3mm,1,EXTRALARGE,119.38391729609405,0.3626753333333333,43.297602000000005,c
c,AllHints,3mm,2,EXTRALARGE,119.9251105144786,0.3610386666666667,43.297602000000005,c
c,AllHints,3mm,4,EXTRALARGE,115.74433431737805,0.37407966666666664,43.297602000000005,c
c,AllHints,3mm,5,EXTRALARGE,70.08632372286365,0.6177753333333333,43.297602000000005,c
c,ChooseHints,3mm,1,EXTRALARGE,117.09122262987572,0.36977666666666664,43.297602000000005,c
c,ChooseHints,3mm,2,EXTRALARGE,118.03597434142911,0.366817,43.297602000000005,c
c,ChooseHints,3mm,3,EXTRALARGE,120.80658064960154,0.3584043333333333,43.297602000000005,c
c,ChooseHints,3mm,4,EXTRALARGE,116.84244017227793,0.37056400000000006,43.297602000000005,c
c,FromPlan,3mm,1,EXTRALARGE,6.729504028289729,6.4339960000000005,43.297602000000005,c
c,FromPlan,3mm,2,EXTRALARGE,192.53618739448092,0.22488033333333335,43.297602000000005,c
c,FromPlan,3mm,3,EXTRALARGE,8.30186604839585,5.215406,43.297602000000005,c
c,FromPlan,3mm,4,EXTRALARGE,7.933621532955855,5.4574826666666665,43.297602000000005,c
c,FromPlan,3mm,5,EXTRALARGE,6.731516300240805,6.4320726666666665,43.297602000000005,c
c,Naive,3mm,1,EXTRALARGE,3.6581249271819622,11.836009666666667,43.297602000000005,c
c,Naive,3mm,2,EXTRALARGE,8.50411896474458,5.0913683333333335,43.297602000000005,c
c,Naive,3mm,3,EXTRALARGE,3.6514582550550205,11.857619333333332,43.297602000000005,c
c,Naive,3mm,4,EXTRALARGE,3.640227464321764,11.894202333333332,43.297602000000005,c
c,Naive,3mm,5,EXTRALARGE,3.5281709359039257,12.271968333333334,43.297602000000005,c
c,standard,3mm,1,EXTRALARGE,1.0,43.297602000000005,43.297602000000005,c
exo,AllHints,3mm,3,EXTRALARGE,111.14983211081714,0.38954266666666665,43.297602000000005,c
exo,AllHints,3mm,4,EXTRALARGE,51.26362803987656,0.8446066666666666,43.297602000000005,c
exo,ChooseHints,3mm,1,EXTRALARGE,120.0126449886633,0.3607753333333334,43.297602000000005,c
exo,ChooseHints,3mm,2,EXTRALARGE,125.0113623239735,0.34634933333333334,43.297602000000005,c
exo,ChooseHints,3mm,3,EXTRALARGE,120.85120243837086,0.358272,43.297602000000005,c
exo,ChooseHints,3mm,4,EXTRALARGE,124.60602171085196,0.34747600000000006,43.297602000000005,c
exo,FromPlan,3mm,3,EXTRALARGE,5.718054959494428,7.572085666666666,43.297602000000005,c
exo,FromPlan,3mm,4,EXTRALARGE,120.91014919593557,0.3580973333333333,43.297602000000005,c
exo,FromPlan,3mm,5,EXTRALARGE,5.718384223534907,7.571649666666667,43.297602000000005,c
exo,Naive,3mm,1,EXTRALARGE,56.563766005514736,0.7654653333333333,43.297602000000005,c
exo,Naive,3mm,2,EXTRALARGE,1.9674736330299412,22.0067,43.297602000000005,c
exo,Naive,3mm,3,EXTRALARGE,123.80529942716623,0.3497233333333334,43.297602000000005,c
exo,Naive,3mm,4,EXTRALARGE,3.4524473984926245,12.541133,43.297602000000005,c
exo,Naive,3mm,5,EXTRALARGE,52.398104850421156,0.8263199999999999,43.297602000000005,c
exo,standard,3mm,1,EXTRALARGE,0.9870452670351526,43.86587266666667,43.297602000000005,c
exo,standard,3mm,2,EXTRALARGE,0.9803080968809058,44.167341,43.297602000000005,c
exo,standard,3mm,3,EXTRALARGE,0.9853617505047851,43.940818666666665,43.297602000000005,c
exo,standard,3mm,4,EXTRALARGE,0.9849798929749082,43.957853666666665,43.297602000000005,c
exo,standard,3mm,5,EXTRALARGE,0.98403473175898,44.000075,43.297602000000005,c
halide,AllHints,3mm,1,EXTRALARGE,53.711290167849846,0.8061173333333334,43.297602000000005,c
halide,AllHints,3mm,3,EXTRALARGE,81.59147105195385,0.5306633333333334,43.297602000000005,c
halide,AllHints,3mm,5,EXTRALARGE,81.97141506653685,0.5282036666666666,43.297602000000005,c
halide,ChooseHints,3mm,2,EXTRALARGE,84.18438762997779,0.5143186666666667,43.297602000000005,c
halide,ChooseHints,3mm,3,EXTRALARGE,80.30650840235603,0.5391543333333334,43.297602000000005,c
halide,FromPlan,3mm,4,EXTRALARGE,88.75842431746528,0.48781399999999997,43.297602000000005,c
halide,Naive,3mm,2,EXTRALARGE,46.830562041132424,0.9245586666666666,43.297602000000005,c
halide,Naive,3mm,4,EXTRALARGE,81.8580770794143,0.528935,43.297602000000005,c
halide,Naive,3mm,5,EXTRALARGE,5.3737199371500575,8.057286666666668,43.297602000000005,c
halide,standard,3mm,3,EXTRALARGE,2.250323105565212,19.240615666666667,43.297602000000005,c
halide,standard,3mm,4,EXTRALARGE,2.286548649342411,18.935788666666667,43.297602000000005,c
noarr,AllHints,3mm,1,EXTRALARGE,1.3292322830667171,32.573390333333336,43.297602000000005,c
noarr,AllHints,3mm,2,EXTRALARGE,3.1416684324917594,13.781722333333333,43.297602000000005,c
noarr,AllHints,3mm,3,EXTRALARGE,109.12592434525021,0.3967673333333333,43.297602000000005,c
noarr,AllHints,3mm,4,EXTRALARGE,3.201857219479897,13.522652333333333,43.297602000000005,c
noarr,AllHints,3mm,5,EXTRALARGE,0.979645903328347,44.197196,43.297602000000005,c
noarr,ChooseHints,3mm,1,EXTRALARGE,3.1802262022600254,13.614629666666666,43.297602000000005,c
noarr,ChooseHints,3mm,2,EXTRALARGE,3.1280919102123845,13.841537666666667,43.297602000000005,c
noarr,ChooseHints,3mm,3,EXTRALARGE,1.2393979188602633,34.93438333333334,43.297602000000005,c
noarr,ChooseHints,3mm,4,EXTRALARGE,1.2915234589593902,33.524441,43.297602000000005,c
noarr,ChooseHints,3mm,5,EXTRALARGE,3.123996333538341,13.859684,43.297602000000005,c
noarr,FromPlan,3mm,1,EXTRALARGE,1.4070521677397003,30.771852666666664,43.297602000000005,c
noarr,FromPlan,3mm,2,EXTRALARGE,1.4071681366556186,30.76931666666667,43.297602000000005,c
noarr,FromPlan,3mm,3,EXTRALARGE,3.139466296941609,13.791389333333333,43.297602000000005,c
noarr,FromPlan,3mm,4,EXTRALARGE,1.3310009230423674,32.53010666666667,43.297602000000005,c
noarr,FromPlan,3mm,5,EXTRALARGE,1.373439661284889,31.524939333333332,43.297602000000005,c
noarr,Naive,3mm,1,EXTRALARGE,3.157826863027764,13.711202,43.297602000000005,c
noarr,Naive,3mm,2,EXTRALARGE,3.1197836292212093,13.878399,43.297602000000005,c
noarr,Naive,3mm,3,EXTRALARGE,3.1454746354274117,13.765045666666666,43.297602000000005,c
noarr,Naive,3mm,4,EXTRALARGE,3.1956993001719796,13.548709666666667,43.297602000000005,c
noarr,Naive,3mm,5,EXTRALARGE,3.1615445996221125,13.695078666666667,43.297602000000005,c
noarr,standard,3mm,1,EXTRALARGE,0.9763301464873981,44.347296,43.297602000000005,c
noarr,standard,3mm,2,EXTRALARGE,0.9868203788980198,43.875869333333334,43.297602000000005,c
noarr,standard,3mm,3,EXTRALARGE,3.1760187668848427,13.632665666666668,43.297602000000005,c
noarr,standard,3mm,4,EXTRALARGE,3.196072957862624,13.547125666666666,43.297602000000005,c
noarr,standard,3mm,5,EXTRALARGE,0.9773446487469568,44.301262666666666,43.297602000000005,c
c,AllHints,adi,1,EXTRALARGE,6.707510368534264,12.750275333333335,85.522604,c
c,AllHints,adi,2,EXTRALARGE,6.918723678888555,12.361037666666666,85.522604,c
c,AllHints,adi,3,EXTRALARGE,5.870762181168868,14.567547,85.522604,c
c,AllHints,adi,4,EXTRALARGE,6.143191479478544,13.921526666666667,85.522604,c
c,AllHints,adi,5,EXTRALARGE,7.33099569239969,11.665892,85.522604,c
c,ChooseHints,adi,2,EXTRALARGE,7.667025163488596,11.154600666666667,85.522604,c
c,ChooseHints,adi,3,EXTRALARGE,0.9970470608321838,85.77589499999999,85.522604,c
c,ChooseHints,adi,4,EXTRALARGE,6.669983324249561,12.822011666666668,85.522604,c
c,ChooseHints,adi,5,EXTRALARGE,7.753899051938208,11.029625666666668,85.522604,c
c,FromPlan,adi,1,EXTRALARGE,0.9976230340754181,85.72637266666668,85.522604,c
c,FromPlan,adi,2,EXTRALARGE,0.8091722444583277,105.69147,85.522604,c
c,FromPlan,adi,3,EXTRALARGE,1.4868650202201055,57.518741,85.522604,c
c,FromPlan,adi,4,EXTRALARGE,8.057232875109438,10.614389000000001,85.522604,c
c,FromPlan,adi,5,EXTRALARGE,0.897668164863131,95.27195833333333,85.522604,c
c,Naive,adi,1,EXTRALARGE,1.015151232670073,84.24617066666667,85.522604,c
c,Naive,adi,2,EXTRALARGE,0.8906171188525508,96.02622966666667,85.522604,c
c,Naive,adi,3,EXTRALARGE,1.0166679771546892,84.12048566666665,85.522604,c
c,Naive,adi,4,EXTRALARGE,7.185152660101631,11.902684333333333,85.522604,c
c,Naive,adi,5,EXTRALARGE,7.398320439772581,11.559732333333335,85.522604,c
c,standard,adi,1,EXTRALARGE,1.0,85.522604,85.522604,c
exo,AllHints,adi,1,EXTRALARGE,6.499447743622124,13.158441666666667,85.522604,c
exo,AllHints,adi,2,EXTRALARGE,7.949552367940781,10.758166000000001,85.522604,c
exo,AllHints,adi,3,EXTRALARGE,6.365397526025735,13.435547999999999,85.522604,c
exo,AllHints,adi,5,EXTRALARGE,6.650799314586217,12.858996333333332,85.522604,c
exo,ChooseHints,adi,1,EXTRALARGE,6.328402882433639,13.514089666666669,85.522604,c
exo,ChooseHints,adi,2,EXTRALARGE,4.017973651752957,21.285008666666666,85.522604,c
exo,ChooseHints,adi,4,EXTRALARGE,4.9165129808106425,17.394971666666667,85.522604,c
exo,ChooseHints,adi,5,EXTRALARGE,4.959392863230348,17.244571333333337,85.522604,c
exo,FromPlan,adi,2,EXTRALARGE,0.8711757847153854,98.16917033333334,85.522604,c
exo,FromPlan,adi,4,EXTRALARGE,13.958823594698943,6.126777333333333,85.522604,c
exo,Naive,adi,1,EXTRALARGE,6.468132409348315,13.222147999999999,85.522604,c
exo,Naive,adi,2,EXTRALARGE,6.80700311471401,12.563914333333335,85.522604,c
exo,Naive,adi,4,EXTRALARGE,7.09439547379405,12.054953,85.522604,c
exo,standard,adi,2,EXTRALARGE,0.740502370015984,115.492681,85.522604,c
exo,standard,adi,3,EXTRALARGE,0.726429464033268,117.73008699999998,85.522604,c
exo,standard,adi,4,EXTRALARGE,0.7440574440793737,114.940862,85.522604,c
halide,ChooseHints,adi,2,EXTRALARGE,0.769216448912276,111.18145499999999,85.522604,c
halide,ChooseHints,adi,3,EXTRALARGE,0.5472225442066626,156.28486966666665,85.522604,c
halide,ChooseHints,adi,4,EXTRALARGE,0.8058685622537094,106.12475533333333,85.522604,c
halide,FromPlan,adi,3,EXTRALARGE,1.0337684010894113,82.72897866666666,85.522604,c
halide,Naive,adi,2,EXTRALARGE,0.8358542430563937,102.31760466666667,85.522604,c
halide,Naive,adi,4,EXTRALARGE,4.230467939220039,20.215873333333334,85.522604,c
halide,standard,adi,1,EXTRALARGE,0.8441248388801591,101.31511366666666,85.522604,c
halide,standard,adi,2,EXTRALARGE,0.8323823091585231,102.74437966666666,85.522604,c
halide,standard,adi,3,EXTRALARGE,0.8437863974783237,101.355751,85.522604,c
halide,standard,adi,5,EXTRALARGE,0.8305949650352215,102.96547366666665,85.522604,c
noarr,AllHints,adi,1,EXTRALARGE,5.9373087329445555,14.404271,85.522604,c
noarr,AllHints,adi,2,EXTRALARGE,6.022251654994919,14.201101,85.522604,c
noarr,AllHints,adi,3,EXTRALARGE,5.179116394068856,16.512972,85.522604,c
noarr,AllHints,adi,4,EXTRALARGE,6.980638134313119,12.251401999999999,85.522604,c
noarr,AllHints,adi,5,EXTRALARGE,1.0931502036978387,78.234998,85.522604,c
noarr,ChooseHints,adi,1,EXTRALARGE,6.122350796582928,13.968916,85.522604,c
noarr,ChooseHints,adi,2,EXTRALARGE,1.1845698135499745,72.19718333333334,85.522604,c
noarr,ChooseHints,adi,3,EXTRALARGE,6.898540073957541,12.397203333333332,85.522604,c
noarr,ChooseHints,adi,4,EXTRALARGE,6.184781797219822,13.827909666666665,85.522604,c
noarr,ChooseHints,adi,5,EXTRALARGE,5.5506292360497635,15.407731333333333,85.522604,c
noarr,FromPlan,adi,1,EXTRALARGE,0.8139003320311515,105.07749,85.522604,c
noarr,FromPlan,adi,2,EXTRALARGE,5.716383885911795,14.960962333333335,85.522604,c
noarr,FromPlan,adi,3,EXTRALARGE,6.984694494665145,12.244287,85.522604,c
noarr,FromPlan,adi,4,EXTRALARGE,1.1185884757077131,76.45582433333333,85.522604,c
noarr,FromPlan,adi,5,EXTRALARGE,0.9732079598749805,87.87700833333334,85.522604,c
noarr,Naive,adi,1,EXTRALARGE,0.9155102017687935,93.41523866666667,85.522604,c
noarr,Naive,adi,2,EXTRALARGE,0.9386149101228592,91.11575266666667,85.522604,c
noarr,Naive,adi,5,EXTRALARGE,0.9246156790281285,92.49529933333334,85.522604,c
noarr,standard,adi,1,EXTRALARGE,0.9245919716183988,92.49767100000001,85.522604,c
noarr,standard,adi,3,EXTRALARGE,0.8518802123157131,100.392758,85.522604,c
noarr,standard,adi,4,EXTRALARGE,0.9319389317734066,91.76846366666666,85.522604,c
noarr,standard,adi,5,EXTRALARGE,0.9303696117987814,91.923256,85.522604,c
c,AllHints,atax,1,EXTRALARGE,7.268251273344652,0.001178,0.008562,c
c,AllHints,atax,2,EXTRALARGE,4.135565931412011,0.0020703333333333333,0.008562,c
c,AllHints,atax,3,EXTRALARGE,8.410609037328094,0.001018,0.008562,c
c,AllHints,atax,4,EXTRALARGE,7.508330897398422,0.0011403333333333333,0.008562,c
c,AllHints,atax,5,EXTRALARGE,7.5480458419042025,0.0011343333333333333,0.008562,c
c,ChooseHints,atax,1,EXTRALARGE,7.644642857142856,0.0011200000000000001,0.008562,c
c,ChooseHints,atax,2,EXTRALARGE,5.876458476321209,0.001457,0.008562,c
c,ChooseHints,atax,3,EXTRALARGE,3.252627580093706,0.0026323333333333337,0.008562,c
c,ChooseHints,atax,4,EXTRALARGE,5.640316205533597,0.001518,0.008562,c
c,ChooseHints,atax,5,EXTRALARGE,6.181949458483754,0.001385,0.008562,c
c,FromPlan,atax,1,EXTRALARGE,0.8698272942770063,0.009843333333333334,0.008562,c
c,FromPlan,atax,3,EXTRALARGE,1.2500486665368893,0.006849333333333333,0.008562,c
c,FromPlan,atax,4,EXTRALARGE,1.038111789192903,0.008247666666666667,0.008562,c
c,FromPlan,atax,5,EXTRALARGE,1.0589108298635446,0.008085666666666666,0.008562,c
c,Naive,atax,1,EXTRALARGE,1.0119769915688284,0.008460666666666667,0.008562,c
c,Naive,atax,2,EXTRALARGE,1.0311935445019873,0.008303,0.008562,c
c,Naive,atax,3,EXTRALARGE,1.033725048293625,0.008282666666666667,0.008562,c
c,Naive,atax,4,EXTRALARGE,1.0142546890424482,0.008441666666666667,0.008562,c
c,standard,atax,1,EXTRALARGE,1.0,0.008562,0.008562,c
exo,AllHints,atax,1,EXTRALARGE,1.0026935238318304,0.008539,0.008562,c
exo,AllHints,atax,2,EXTRALARGE,1.4631728852178865,0.005851666666666667,0.008562,c
exo,AllHints,atax,4,EXTRALARGE,1.7221589004358029,0.004971666666666667,0.008562,c
exo,ChooseHints,atax,1,EXTRALARGE,3.9263222256190766,0.0021806666666666667,0.008562,c
exo,ChooseHints,atax,2,EXTRALARGE,1.7391834247410116,0.004923,0.008562,c
exo,ChooseHints,atax,3,EXTRALARGE,0.4452649643767227,0.019229,0.008562,c
exo,ChooseHints,atax,4,EXTRALARGE,4.107788261634416,0.0020843333333333334,0.008562,c
exo,ChooseHints,atax,5,EXTRALARGE,1.0736498913225214,0.007974666666666666,0.008562,c
exo,FromPlan,atax,1,EXTRALARGE,1.2126333679539232,0.0070606666666666665,0.008562,c
exo,FromPlan,atax,2,EXTRALARGE,0.4159878212706691,0.02058233333333333,0.008562,c
exo,FromPlan,atax,4,EXTRALARGE,0.7518880627597916,0.011387333333333333,0.008562,c
exo,Naive,atax,4,EXTRALARGE,1.1272711313964716,0.007595333333333333,0.008562,c
exo,standard,atax,1,EXTRALARGE,0.9833090881249522,0.008707333333333333,0.008562,c
exo,standard,atax,2,EXTRALARGE,0.9865949683118879,0.008678333333333333,0.008562,c
exo,standard,atax,3,EXTRALARGE,0.983384379785605,0.008706666666666666,0.008562,c
exo,standard,atax,4,EXTRALARGE,0.9821059876118374,0.008718000000000002,0.008562,c
exo,standard,atax,5,EXTRALARGE,0.9805313788364638,0.008731999999999998,0.008562,c
halide,Naive,atax,2,EXTRALARGE,0.07287573447425688,0.11748766666666666,0.008562,c
halide,standard,atax,1,EXTRALARGE,0.566095120553621,0.015124666666666666,0.008562,c
halide,standard,atax,2,EXTRALARGE,0.8727532193945161,0.009810333333333332,0.008562,c
halide,standard,atax,3,EXTRALARGE,0.8754601226993867,0.009779999999999999,0.008562,c
halide,standard,atax,4,EXTRALARGE,0.5628574559000767,0.015211666666666667,0.008562,c
halide,standard,atax,5,EXTRALARGE,0.5657958500374466,0.015132666666666668,0.008562,c
noarr,AllHints,atax,1,EXTRALARGE,1.0348912167606767,0.008273333333333334,0.008562,c
noarr,AllHints,atax,2,EXTRALARGE,1.0358093394628598,0.008266,0.008562,c
noarr,AllHints,atax,3,EXTRALARGE,1.8716117749927135,0.004574666666666667,0.008562,c
noarr,AllHints,atax,4,EXTRALARGE,1.037022084056684,0.008256333333333333,0.008562,c
noarr,AllHints,atax,5,EXTRALARGE,1.8236421725239615,0.004695,0.008562,c
noarr,ChooseHints,atax,1,EXTRALARGE,1.0371477024953566,0.008255333333333333,0.008562,c
noarr,ChooseHints,atax,2,EXTRALARGE,1.0324369950560714,0.008293,0.008562,c
noarr,ChooseHints,atax,3,EXTRALARGE,0.9586474583862059,0.008931333333333333,0.008562,c
noarr,ChooseHints,atax,4,EXTRALARGE,1.038027884421095,0.008248333333333335,0.008562,c
noarr,ChooseHints,atax,5,EXTRALARGE,1.0346827794561935,0.008275,0.008562,c
noarr,FromPlan,atax,2,EXTRALARGE,1.0564283951632802,0.008104666666666668,0.008562,c
noarr,FromPlan,atax,4,EXTRALARGE,1.080696735106025,0.007922666666666666,0.008562,c
noarr,Naive,atax,1,EXTRALARGE,1.0407617504051865,0.008226666666666667,0.008562,c
noarr,Naive,atax,2,EXTRALARGE,1.0427052041893319,0.008211333333333333,0.008562,c
noarr,Naive,atax,3,EXTRALARGE,1.0410570258987557,0.008224333333333333,0.008562,c
noarr,Naive,atax,4,EXTRALARGE,1.0434676633084172,0.008205333333333334,0.008562,c
noarr,Naive,atax,5,EXTRALARGE,1.042408993141512,0.008213666666666668,0.008562,c
noarr,standard,atax,1,EXTRALARGE,1.0335586673104782,0.008284,0.008562,c
noarr,standard,atax,2,EXTRALARGE,1.033350766383715,0.008285666666666667,0.008562,c
noarr,standard,atax,3,EXTRALARGE,1.0319392551524647,0.008297,0.008562,c
noarr,standard,atax,4,EXTRALARGE,1.032561505065123,0.008292,0.008562,c
noarr,standard,atax,5,EXTRALARGE,1.0345577573707105,0.008276,0.008562,c
c,AllHints,bicg,1,EXTRALARGE,12.742237844171061,0.001138,0.014500666666666667,c
c,AllHints,bicg,3,EXTRALARGE,13.154520713637737,0.0011023333333333334,0.014500666666666667,c
c,AllHints,bicg,4,EXTRALARGE,12.89330171902786,0.0011246666666666666,0.014500666666666667,c
c,AllHints,bicg,5,EXTRALARGE,13.174439733494852,0.0011006666666666667,0.014500666666666667,c
c,ChooseHints,bicg,1,EXTRALARGE,2.3639821758504507,0.0061340000000000006,0.014500666666666667,c
c,ChooseHints,bicg,2,EXTRALARGE,13.198422330097085,0.0010986666666666668,0.014500666666666667,c
c,ChooseHints,bicg,3,EXTRALARGE,13.158499697519662,0.001102,0.014500666666666667,c
c,ChooseHints,bicg,4,EXTRALARGE,2.3675846304560793,0.006124666666666667,0.014500666666666667,c
c,ChooseHints,bicg,5,EXTRALARGE,13.079374624173182,0.0011086666666666667,0.014500666666666667,c
c,FromPlan,bicg,1,EXTRALARGE,11.334549244398122,0.0012793333333333335,0.014500666666666667,c
c,FromPlan,bicg,2,EXTRALARGE,2.3168939071154666,0.006258666666666667,0.014500666666666667,c
c,FromPlan,bicg,3,EXTRALARGE,2.1489897742429482,0.006747666666666667,0.014500666666666667,c
c,FromPlan,bicg,4,EXTRALARGE,2.1440118284869394,0.006763333333333333,0.014500666666666667,c
c,FromPlan,bicg,5,EXTRALARGE,2.110927795031056,0.006869333333333334,0.014500666666666667,c
c,Naive,bicg,1,EXTRALARGE,2.398654609616233,0.006045333333333333,0.014500666666666667,c
c,Naive,bicg,2,EXTRALARGE,2.376768835709993,0.006101,0.014500666666666667,c
c,Naive,bicg,3,EXTRALARGE,2.392849284928493,0.00606,0.014500666666666667,c
c,Naive,bicg,4,EXTRALARGE,2.389038387610522,0.006069666666666667,0.014500666666666667,c
c,Naive,bicg,5,EXTRALARGE,2.3881203337725077,0.006072,0.014500666666666667,c
c,standard,bicg,1,EXTRALARGE,1.0,0.014500666666666667,0.014500666666666667,c
exo,AllHints,bicg,2,EXTRALARGE,2.1567674764501734,0.006723333333333334,0.014500666666666667,c
exo,AllHints,bicg,3,EXTRALARGE,0.9985309645136116,0.014522,0.014500666666666667,c
exo,AllHints,bicg,4,EXTRALARGE,2.2355722287887354,0.0064863333333333335,0.014500666666666667,c
exo,AllHints,bicg,5,EXTRALARGE,2.21632361931934,0.006542666666666666,0.014500666666666667,c
exo,ChooseHints,bicg,1,EXTRALARGE,2.2155334861217217,0.006545,0.014500666666666667,c
exo,ChooseHints,bicg,2,EXTRALARGE,2.101647422580801,0.006899666666666668,0.014500666666666667,c
exo,ChooseHints,bicg,4,EXTRALARGE,0.9859033632490256,0.014707999999999999,0.014500666666666667,c
exo,ChooseHints,bicg,5,EXTRALARGE,1.0076438432317243,0.014390666666666668,0.014500666666666667,c
exo,FromPlan,bicg,2,EXTRALARGE,2.1535643564356435,0.006733333333333333,0.014500666666666667,c
exo,Naive,bicg,1,EXTRALARGE,0.9020258361498746,0.016075666666666665,0.014500666666666667,c
exo,Naive,bicg,2,EXTRALARGE,0.9954235504095922,0.014567333333333335,0.014500666666666667,c
exo,Naive,bicg,3,EXTRALARGE,2.3612875210334905,0.006141000000000001,0.014500666666666667,c
exo,Naive,bicg,4,EXTRALARGE,1.035564654351552,0.014002666666666668,0.014500666666666667,c
exo,Naive,bicg,5,EXTRALARGE,0.9903474024495743,0.014642,0.014500666666666667,c
exo,standard,bicg,1,EXTRALARGE,0.9985768065375081,0.014521333333333332,0.014500666666666667,c
exo,standard,bicg,2,EXTRALARGE,0.9979811883459508,0.014530000000000001,0.014500666666666667,c
exo,standard,bicg,3,EXTRALARGE,0.9964495957120278,0.014552333333333334,0.014500666666666667,c
exo,standard,bicg,4,EXTRALARGE,0.9955146688635635,0.014566,0.014500666666666667,c
exo,standard,bicg,5,EXTRALARGE,0.9992878965382582,0.014511000000000001,0.014500666666666667,c
halide,AllHints,bicg,1,EXTRALARGE,1.3226110486151226,0.010963666666666668,0.014500666666666667,c
halide,AllHints,bicg,5,EXTRALARGE,1.3518754467199106,0.010726333333333333,0.014500666666666667,c
halide,FromPlan,bicg,1,EXTRALARGE,1.1460863608820508,0.012652333333333333,0.014500666666666667,c
halide,FromPlan,bicg,4,EXTRALARGE,0.6343156267770957,0.022860333333333333,0.014500666666666667,c
halide,Naive,bicg,1,EXTRALARGE,2.8776873718330362,0.005038999999999999,0.014500666666666667,c
halide,Naive,bicg,3,EXTRALARGE,2.265847179540601,0.006399666666666667,0.014500666666666667,c
halide,standard,bicg,1,EXTRALARGE,0.9291328492097395,0.015606666666666666,0.014500666666666667,c
halide,standard,bicg,2,EXTRALARGE,1.3546116958335928,0.010704666666666668,0.014500666666666667,c
halide,standard,bicg,3,EXTRALARGE,0.9339802907014192,0.015525666666666667,0.014500666666666667,c
halide,standard,bicg,4,EXTRALARGE,0.9261656376410473,0.01565666666666667,0.014500666666666667,c
halide,standard,bicg,5,EXTRALARGE,0.9436647215774745,0.015366333333333334,0.014500666666666667,c
noarr,AllHints,bicg,1,EXTRALARGE,2.229385537846564,0.006504333333333333,0.014500666666666667,c
noarr,AllHints,bicg,2,EXTRALARGE,2.038519212746017,0.007113333333333333,0.014500666666666667,c
noarr,AllHints,bicg,3,EXTRALARGE,2.1316150529204236,0.006802666666666666,0.014500666666666667,c
noarr,AllHints,bicg,4,EXTRALARGE,2.1281737684066337,0.006813666666666667,0.014500666666666667,c
noarr,AllHints,bicg,5,EXTRALARGE,2.217114316293767,0.006540333333333333,0.014500666666666667,c
noarr,ChooseHints,bicg,1,EXTRALARGE,2.2146311663187905,0.006547666666666667,0.014500666666666667,c
noarr,ChooseHints,bicg,2,EXTRALARGE,1.114749897498975,0.013008,0.014500666666666667,c
noarr,ChooseHints,bicg,3,EXTRALARGE,2.1375853766399686,0.006783666666666667,0.014500666666666667,c
noarr,ChooseHints,bicg,4,EXTRALARGE,2.1330783563793276,0.006797999999999999,0.014500666666666667,c
noarr,ChooseHints,bicg,5,EXTRALARGE,2.122566479629178,0.0068316666666666664,0.014500666666666667,c
noarr,FromPlan,bicg,2,EXTRALARGE,2.286930922090211,0.006340666666666667,0.014500666666666667,c
noarr,FromPlan,bicg,5,EXTRALARGE,2.2901816267438804,0.006331666666666666,0.014500666666666667,c
noarr,Naive,bicg,1,EXTRALARGE,2.22459728969573,0.0065183333333333334,0.014500666666666667,c
noarr,Naive,bicg,2,EXTRALARGE,2.3049859587770887,0.006291000000000001,0.014500666666666667,c
noarr,Naive,bicg,3,EXTRALARGE,2.27651891778743,0.006369666666666667,0.014500666666666667,c
noarr,Naive,bicg,4,EXTRALARGE,2.2548074431140828,0.006431,0.014500666666666667,c
noarr,Naive,bicg,5,EXTRALARGE,2.1289028090437507,0.006811333333333333,0.014500666666666667,c
noarr,standard,bicg,1,EXTRALARGE,1.110424749846845,0.013058666666666668,0.014500666666666667,c
noarr,standard,bicg,2,EXTRALARGE,1.1096599750019132,0.013067666666666667,0.014500666666666667,c
noarr,standard,bicg,3,EXTRALARGE,1.1096882812101423,0.013067333333333334,0.014500666666666667,c
noarr,standard,bicg,4,EXTRALARGE,1.11218489543386,0.013038,0.014500666666666667,c
noarr,standard,bicg,5,EXTRALARGE,1.1136084374360025,0.013021333333333334,0.014500666666666667,c
c,AllHints,cholesky,1,EXTRALARGE,1.0065694073948466,16.199381,16.305801333333335,c
c,AllHints,cholesky,2,EXTRALARGE,0.9920864535249555,16.435867333333334,16.305801333333335,c
c,AllHints,cholesky,3,EXTRALARGE,0.9937215485896105,16.408823333333334,16.305801333333335,c
c,AllHints,cholesky,4,EXTRALARGE,0.995926359512134,16.372497,16.305801333333335,c
c,AllHints,cholesky,5,EXTRALARGE,1.0073702558930375,16.186502666666666,16.305801333333335,c
c,ChooseHints,cholesky,1,EXTRALARGE,1.005694605901397,16.213472,16.305801333333335,c
c,ChooseHints,cholesky,3,EXTRALARGE,1.0075330064897468,16.183888,16.305801333333335,c
c,ChooseHints,cholesky,5,EXTRALARGE,1.0060803218838115,16.207256,16.305801333333335,c
c,FromPlan,cholesky,1,EXTRALARGE,2.1444940503133245,7.603565666666667,16.305801333333335,c
c,FromPlan,cholesky,2,EXTRALARGE,1.006428191426217,16.201654,16.305801333333335,c
c,FromPlan,cholesky,3,EXTRALARGE,1.001124441930995,16.287487,16.305801333333335,c
c,FromPlan,cholesky,4,EXTRALARGE,2.0769122437204994,7.8509823333333335,16.305801333333335,c
c,FromPlan,cholesky,5,EXTRALARGE,2.827169733853964,5.767535333333334,16.305801333333335,c
c,Naive,cholesky,1,EXTRALARGE,1.0079690445592737,16.176887,16.305801333333335,c
c,Naive,cholesky,2,EXTRALARGE,1.007851065496448,16.17878066666667,16.305801333333335,c
c,Naive,cholesky,3,EXTRALARGE,1.008105229349413,16.174701666666667,16.305801333333335,c
c,Naive,cholesky,4,EXTRALARGE,1.0004025136385701,16.299240666666666,16.305801333333335,c
c,Naive,cholesky,5,EXTRALARGE,1.0085438215031757,16.16766766666667,16.305801333333335,c
c,standard,cholesky,1,EXTRALARGE,1.0,16.305801333333335,16.305801333333335,c
exo,AllHints,cholesky,1,EXTRALARGE,1.0062466921638538,16.204576333333332,16.305801333333335,c
exo,AllHints,cholesky,2,EXTRALARGE,1.0081761406040954,16.173564,16.305801333333335,c
exo,AllHints,cholesky,3,EXTRALARGE,0.9994851315938387,16.314201,16.305801333333335,c
exo,AllHints,cholesky,5,EXTRALARGE,1.000091816244925,16.304304333333334,16.305801333333335,c
exo,ChooseHints,cholesky,2,EXTRALARGE,1.006495532770349,16.20057,16.305801333333335,c
exo,ChooseHints,cholesky,3,EXTRALARGE,1.0054166510889382,16.217954333333335,16.305801333333335,c
exo,ChooseHints,cholesky,4,EXTRALARGE,1.0001289482425637,16.303698999999998,16.305801333333335,c
exo,ChooseHints,cholesky,5,EXTRALARGE,1.0064375093406968,16.201504,16.305801333333335,c
exo,FromPlan,cholesky,1,EXTRALARGE,1.006571437184356,16.199348333333333,16.305801333333335,c
exo,FromPlan,cholesky,2,EXTRALARGE,1.0056384940689467,16.214376666666666,16.305801333333335,c
exo,FromPlan,cholesky,4,EXTRALARGE,1.0060610166432344,16.207566999999997,16.305801333333335,c
exo,FromPlan,cholesky,5,EXTRALARGE,1.0052680319966751,16.220352000000002,16.305801333333335,c
exo,Naive,cholesky,1,EXTRALARGE,0.47036597665033997,34.66620066666667,16.305801333333335,c
exo,Naive,cholesky,3,EXTRALARGE,1.0071053073622256,16.190761,16.305801333333335,c
exo,Naive,cholesky,4,EXTRALARGE,1.0081184426447336,16.174489666666666,16.305801333333335,c
exo,Naive,cholesky,5,EXTRALARGE,0.4651728468916527,35.05320966666667,16.305801333333335,c
exo,standard,cholesky,1,EXTRALARGE,0.9918783923377184,16.439314999999997,16.305801333333335,c
exo,standard,cholesky,2,EXTRALARGE,0.9924925277090946,16.429142666666667,16.305801333333335,c
exo,standard,cholesky,3,EXTRALARGE,0.992931382364554,16.421881333333335,16.305801333333335,c
exo,standard,cholesky,4,EXTRALARGE,0.9932496051765428,16.416619999999998,16.305801333333335,c
exo,standard,cholesky,5,EXTRALARGE,0.9924653840054783,16.429592,16.305801333333335,c
halide,AllHints,cholesky,4,EXTRALARGE,0.37256405425795386,43.76643733333333,16.305801333333335,c
halide,ChooseHints,cholesky,2,EXTRALARGE,1.0023892021953982,16.266936333333334,16.305801333333335,c
halide,Naive,cholesky,1,EXTRALARGE,1.0015658384207164,16.280309,16.305801333333335,c
halide,standard,cholesky,1,EXTRALARGE,0.9998884774929349,16.30762,16.305801333333335,c
c,AllHints,correlation,1,EXTRALARGE,19.721911837361127,1.032947,20.371689666666665,c
c,AllHints,correlation,2,EXTRALARGE,52.6620695657269,0.386838,20.371689666666665,c
c,AllHints,correlation,3,EXTRALARGE,20.272664458342483,1.0048846666666666,20.371689666666665,c
c,AllHints,correlation,4,EXTRALARGE,20.997030219679225,0.9702176666666666,20.371689666666665,c
c,ChooseHints,correlation,1,EXTRALARGE,3.4223719668097212,5.952506,20.371689666666665,c
c,ChooseHints,correlation,2,EXTRALARGE,1.6663731192111049,12.225166999999999,20.371689666666665,c
c,ChooseHints,correlation,3,EXTRALARGE,19.793322194373022,1.0292203333333332,20.371689666666665,c
c,ChooseHints,correlation,5,EXTRALARGE,20.141147380038944,1.0114463333333334,20.371689666666665,c
c,FromPlan,correlation,1,EXTRALARGE,3.3763433262449443,6.033654666666667,20.371689666666665,c
c,FromPlan,correlation,2,EXTRALARGE,3.3980568796771187,5.995099666666666,20.371689666666665,c
c,FromPlan,correlation,3,EXTRALARGE,4.981830908624936,4.089197333333334,20.371689666666665,c
c,FromPlan,correlation,4,EXTRALARGE,1.3315618340972781,15.299094000000002,20.371689666666665,c
c,FromPlan,correlation,5,EXTRALARGE,3.4279188262558935,5.942874,20.371689666666665,c
c,Naive,correlation,1,EXTRALARGE,3.055713420154196,6.666754,20.371689666666665,c
c,Naive,correlation,2,EXTRALARGE,3.401168466865844,5.989615000000001,20.371689666666665,c
c,Naive,correlation,3,EXTRALARGE,3.435885763772115,5.929094,20.371689666666665,c
c,Naive,correlation,4,EXTRALARGE,3.465721829679033,5.878050999999999,20.371689666666665,c
c,Naive,correlation,5,EXTRALARGE,3.4303781915419083,5.9386133333333335,20.371689666666665,c
c,standard,correlation,1,EXTRALARGE,1.0,20.371689666666665,20.371689666666665,c
exo,AllHints,correlation,1,EXTRALARGE,18.812369946538023,1.0828879999999999,20.371689666666665,c
exo,AllHints,correlation,2,EXTRALARGE,19.578900814870913,1.040492,20.371689666666665,c
exo,AllHints,correlation,3,EXTRALARGE,19.084229383965578,1.0674620000000001,20.371689666666665,c
exo,AllHints,correlation,4,EXTRALARGE,19.760254692469157,1.0309426666666666,20.371689666666665,c
exo,AllHints,correlation,5,EXTRALARGE,3.0637598203505307,6.6492450000000005,20.371689666666665,c
exo,ChooseHints,correlation,1,EXTRALARGE,19.367246178130294,1.051863,20.371689666666665,c
exo,ChooseHints,correlation,2,EXTRALARGE,19.39649222697123,1.0502770000000001,20.371689666666665,c
exo,ChooseHints,correlation,3,EXTRALARGE,18.609783592045012,1.0946763333333334,20.371689666666665,c
exo,ChooseHints,correlation,4,EXTRALARGE,19.385546896063897,1.05087,20.371689666666665,c
exo,ChooseHints,correlation,5,EXTRALARGE,19.935559432951976,1.021877,20.371689666666665,c
exo,FromPlan,correlation,2,EXTRALARGE,3.2664602231217232,6.236625666666666,20.371689666666665,c
exo,FromPlan,correlation,3,EXTRALARGE,3.25673486307421,6.255249666666667,20.371689666666665,c
exo,FromPlan,correlation,4,EXTRALARGE,3.286400603042941,6.198784666666666,20.371689666666665,c
exo,Naive,correlation,2,EXTRALARGE,3.3043068832827562,6.1651929999999995,20.371689666666665,c
exo,Naive,correlation,3,EXTRALARGE,19.229931701803768,1.059374,20.371689666666665,c
exo,Naive,correlation,5,EXTRALARGE,3.26504530268616,6.239328333333333,20.371689666666665,c
exo,standard,correlation,1,EXTRALARGE,0.9848431814451661,20.685211666666664,20.371689666666665,c
exo,standard,correlation,2,EXTRALARGE,0.9856738519464872,20.667779333333332,20.371689666666665,c
exo,standard,correlation,3,EXTRALARGE,0.9839541672203062,20.703901000000002,20.371689666666665,c
halide,AllHints,correlation,1,EXTRALARGE,24.113397746130776,0.8448286666666666,20.371689666666665,c
halide,AllHints,correlation,2,EXTRALARGE,0.7349095368446958,27.71999633333333,20.371689666666665,c
halide,AllHints,correlation,4,EXTRALARGE,23.06352604554659,0.883286,20.371689666666665,c
halide,Naive,correlation,1,EXTRALARGE,22.837969618415944,0.8920096666666666,20.371689666666665,c
halide,Naive,correlation,2,EXTRALARGE,18.74626938464516,1.0867063333333333,20.371689666666665,c
halide,Naive,correlation,4,EXTRALARGE,23.846712033182065,0.8542766666666667,20.371689666666665,c
halide,Naive,correlation,5,EXTRALARGE,54.12925553868799,0.3763526666666667,20.371689666666665,c
halide,standard,correlation,4,EXTRALARGE,0.4632354823289335,43.976963000000005,20.371689666666665,c
noarr,AllHints,correlation,1,EXTRALARGE,1.014332216719937,20.083843666666667,20.371689666666665,c
noarr,AllHints,correlation,2,EXTRALARGE,0.9966436068780871,20.440295333333335,20.371689666666665,c
noarr,AllHints,correlation,3,EXTRALARGE,1.015594134111717,20.058888666666665,20.371689666666665,c
noarr,AllHints,correlation,4,EXTRALARGE,1.0124649930456167,20.120883,20.371689666666665,c
noarr,AllHints,correlation,5,EXTRALARGE,1.0089146418400812,20.191688,20.371689666666665,c
noarr,ChooseHints,correlation,1,EXTRALARGE,0.9966542689092979,20.440076666666666,20.371689666666665,c
noarr,ChooseHints,correlation,2,EXTRALARGE,1.0115330861895062,20.13942,20.371689666666665,c
noarr,ChooseHints,correlation,3,EXTRALARGE,0.7427861075102159,27.426051,20.371689666666665,c
noarr,ChooseHints,correlation,4,EXTRALARGE,2.748010858756133,7.413249333333333,20.371689666666665,c
noarr,ChooseHints,correlation,5,EXTRALARGE,0.9954301638730453,20.46521233333333,20.371689666666665,c
noarr,FromPlan,correlation,1,EXTRALARGE,1.3223102424739719,15.406134666666667,20.371689666666665,c
noarr,FromPlan,correlation,2,EXTRALARGE,1.328959814118493,15.329048666666665,20.371689666666665,c
noarr,FromPlan,correlation,3,EXTRALARGE,1.327316915771146,15.348022333333333,20.371689666666665,c
noarr,FromPlan,correlation,4,EXTRALARGE,1.3272764437570852,15.348490333333332,20.371689666666665,c
noarr,FromPlan,correlation,5,EXTRALARGE,1.3293981177753824,15.323994666666666,20.371689666666665,c
noarr,Naive,correlation,1,EXTRALARGE,1.0083333463949873,20.203328333333335,20.371689666666665,c
noarr,Naive,correlation,2,EXTRALARGE,1.0124677102850317,20.120829,20.371689666666665,c
noarr,Naive,correlation,3,EXTRALARGE,2.7645832563383927,7.368810333333333,20.371689666666665,c
noarr,Naive,correlation,4,EXTRALARGE,0.9927291504291512,20.520894,20.371689666666665,c
noarr,Naive,correlation,5,EXTRALARGE,0.9948279585228752,20.477600666666664,20.371689666666665,c
noarr,standard,correlation,1,EXTRALARGE,1.0008894747243309,20.353585666666664,20.371689666666665,c
noarr,standard,correlation,2,EXTRALARGE,0.9977382394278475,20.41787,20.371689666666665,c
noarr,standard,correlation,3,EXTRALARGE,0.9955772895189245,20.462188,20.371689666666665,c
noarr,standard,correlation,4,EXTRALARGE,0.9952763227735036,20.46837566666667,20.371689666666665,c
noarr,standard,correlation,5,EXTRALARGE,0.9926950461641253,20.521599,20.371689666666665,c
c,AllHints,covariance,1,EXTRALARGE,56.8574050907036,0.35864066666666666,20.391377666666667,c
c,AllHints,covariance,2,EXTRALARGE,20.48926169955936,0.9952226666666667,20.391377666666667,c
c,AllHints,covariance,3,EXTRALARGE,20.82028242470983,0.9793996666666667,20.391377666666667,c
c,AllHints,covariance,5,EXTRALARGE,82.88414211156697,0.24602266666666664,20.391377666666667,c
c,ChooseHints,covariance,1,EXTRALARGE,3.4495266342191355,5.911355333333333,20.391377666666667,c
c,ChooseHints,covariance,2,EXTRALARGE,20.370586088465707,1.0010206666666666,20.391377666666667,c
c,ChooseHints,covariance,3,EXTRALARGE,3.4135689937409297,5.973624,20.391377666666667,c
c,ChooseHints,covariance,4,EXTRALARGE,3.4252548134540874,5.953244000000001,20.391377666666667,c
c,ChooseHints,covariance,5,EXTRALARGE,3.4124398205547197,5.975600666666668,20.391377666666667,c
c,FromPlan,covariance,1,EXTRALARGE,2.6345066826549504,7.740112333333333,20.391377666666667,c
c,FromPlan,covariance,2,EXTRALARGE,3.3582656226754626,6.071996666666667,20.391377666666667,c
c,FromPlan,covariance,3,EXTRALARGE,3.355363018400649,6.0772493333333335,20.391377666666667,c
c,FromPlan,covariance,4,EXTRALARGE,2.7432398303171692,7.433319333333333,20.391377666666667,c
c,FromPlan,covariance,5,EXTRALARGE,2.713067903497235,7.515985000000001,20.391377666666667,c
c,Naive,covariance,1,EXTRALARGE,1.0068636402404736,20.252372666666666,20.391377666666667,c
c,Naive,covariance,2,EXTRALARGE,1.3278935199028283,15.356184333333333,20.391377666666667,c
c,Naive,covariance,3,EXTRALARGE,3.4344630046247877,5.937282666666666,20.391377666666667,c
c,Naive,covariance,4,EXTRALARGE,1.3292696905114265,15.340286333333333,20.391377666666667,c
c,Naive,covariance,5,EXTRALARGE,3.420094338356811,5.962226666666666,20.391377666666667,c
c,standard,covariance,1,EXTRALARGE,1.0,20.391377666666667,20.391377666666667,c
exo,AllHints,covariance,1,EXTRALARGE,0.55743878729635,36.580478666666664,20.391377666666667,c
exo,AllHints,covariance,3,EXTRALARGE,72.48111435886925,0.28133366666666665,20.391377666666667,c
exo,ChooseHints,covariance,1,EXTRALARGE,19.64646870795861,1.0379156666666667,20.391377666666667,c
exo,ChooseHints,covariance,2,EXTRALARGE,3.216333696708394,6.339944666666667,20.391377666666667,c
exo,ChooseHints,covariance,3,EXTRALARGE,19.675080140704146,1.0364063333333333,20.391377666666667,c
exo,ChooseHints,covariance,5,EXTRALARGE,19.06529132832502,1.069555,20.391377666666667,c
exo,FromPlan,covariance,1,EXTRALARGE,3.1171022884160724,6.541773666666667,20.391377666666667,c
exo,FromPlan,covariance,3,EXTRALARGE,3.277804264919137,6.221048,20.391377666666667,c
exo,FromPlan,covariance,4,EXTRALARGE,3.245851578408231,6.282289,20.391377666666667,c
exo,FromPlan,covariance,5,EXTRALARGE,3.2372574212036143,6.298967,20.391377666666667,c
exo,Naive,covariance,1,EXTRALARGE,3.2619158528424532,6.2513499999999995,20.391377666666667,c
exo,Naive,covariance,2,EXTRALARGE,0.5574577245590002,36.579236,20.391377666666667,c
exo,Naive,covariance,3,EXTRALARGE,19.63871728064679,1.038325333333333,20.391377666666667,c
exo,Naive,covariance,5,EXTRALARGE,56.20205003730013,0.3628226666666667,20.391377666666667,c
exo,standard,covariance,1,EXTRALARGE,0.9896365666535295,20.604915333333334,20.391377666666667,c
exo,standard,covariance,2,EXTRALARGE,0.9846608668045378,20.709036333333334,20.391377666666667,c
exo,standard,covariance,3,EXTRALARGE,0.9879255457750303,20.640601666666665,20.391377666666667,c
exo,standard,covariance,4,EXTRALARGE,0.9869138292068457,20.661761000000002,20.391377666666667,c
exo,standard,covariance,5,EXTRALARGE,0.9889318248461898,20.619598999999997,20.391377666666667,c
halide,AllHints,covariance,2,EXTRALARGE,0.26081731314982187,78.18260766666667,20.391377666666667,c
halide,ChooseHints,covariance,5,EXTRALARGE,15.471282818299441,1.3180146666666668,20.391377666666667,c
halide,Naive,covariance,4,EXTRALARGE,25.971513081252187,0.785144,20.391377666666667,c
halide,Naive,covariance,5,EXTRALARGE,29.21746844898536,0.6979173333333334,20.391377666666667,c
halide,standard,covariance,2,EXTRALARGE,0.4495712212959221,45.35739100000001,20.391377666666667,c
noarr,AllHints,covariance,1,EXTRALARGE,3.4188504027342694,5.964396000000001,20.391377666666667,c
noarr,AllHints,covariance,2,EXTRALARGE,1.0174161156173636,20.04231833333333,20.391377666666667,c
noarr,AllHints,covariance,3,EXTRALARGE,3.428654915269969,5.947340333333333,20.391377666666667,c
noarr,AllHints,covariance,4,EXTRALARGE,3.3990567518558943,5.999128333333334,20.391377666666667,c
noarr,AllHints,covariance,5,EXTRALARGE,0.7571531534047077,26.931642,20.391377666666667,c
noarr,ChooseHints,covariance,1,EXTRALARGE,3.335061156647767,6.114243999999999,20.391377666666667,c
noarr,ChooseHints,covariance,2,EXTRALARGE,3.36096384194461,6.067122,20.391377666666667,c
noarr,ChooseHints,covariance,3,EXTRALARGE,1.0128798752809716,20.132079,20.391377666666667,c
noarr,ChooseHints,covariance,4,EXTRALARGE,3.384744536831467,6.024495333333333,20.391377666666667,c
noarr,ChooseHints,covariance,5,EXTRALARGE,3.408232858448944,5.982976666666667,20.391377666666667,c
noarr,FromPlan,covariance,1,EXTRALARGE,1.3249021724285368,15.390855333333334,20.391377666666667,c
noarr,FromPlan,covariance,2,EXTRALARGE,3.394593344704851,6.007016333333333,20.391377666666667,c
noarr,FromPlan,covariance,4,EXTRALARGE,0.7625595208423155,26.740703,20.391377666666667,c
noarr,FromPlan,covariance,5,EXTRALARGE,3.419022565421626,5.964095666666666,20.391377666666667,c
noarr,Naive,covariance,1,EXTRALARGE,1.014913104786871,20.091747333333334,20.391377666666667,c
noarr,Naive,covariance,2,EXTRALARGE,1.0136451579245085,20.116879666666666,20.391377666666667,c
noarr,Naive,covariance,3,EXTRALARGE,3.380730903656342,6.031647666666667,20.391377666666667,c
noarr,Naive,covariance,4,EXTRALARGE,3.3543468756920922,6.079090333333333,20.391377666666667,c
noarr,Naive,covariance,5,EXTRALARGE,3.400522211992254,5.996543,20.391377666666667,c
noarr,standard,covariance,1,EXTRALARGE,1.0095795146935715,20.197891666666667,20.391377666666667,c
noarr,standard,covariance,2,EXTRALARGE,0.9938239565573774,20.518098333333334,20.391377666666667,c
noarr,standard,covariance,3,EXTRALARGE,0.9896886650139427,20.603830666666667,20.391377666666667,c
noarr,standard,covariance,4,EXTRALARGE,1.0047970933185655,20.294025333333334,20.391377666666667,c
noarr,standard,covariance,5,EXTRALARGE,0.9939341132657065,20.51582433333333,20.391377666666667,c
c,AllHints,deriche,1,EXTRALARGE,3.7281786154001955,0.31270166666666666,1.1658076666666668,c
c,AllHints,deriche,2,EXTRALARGE,3.7516900408270097,0.310742,1.1658076666666668,c
c,AllHints,deriche,3,EXTRALARGE,5.383127007654291,0.21656699999999998,1.1658076666666668,c
c,AllHints,deriche,4,EXTRALARGE,19.72123512064192,0.05911433333333333,1.1658076666666668,c
c,AllHints,deriche,5,EXTRALARGE,5.3538895581929715,0.21774966666666665,1.1658076666666668,c
c,ChooseHints,deriche,1,EXTRALARGE,4.672912942283078,0.24948199999999998,1.1658076666666668,c
c,ChooseHints,deriche,2,EXTRALARGE,3.7270542675311282,0.312796,1.1658076666666668,c
c,ChooseHints,deriche,3,EXTRALARGE,3.9339099820594012,0.2963483333333333,1.1658076666666668,c
c,ChooseHints,deriche,4,EXTRALARGE,3.9314557104316545,0.29653333333333337,1.1658076666666668,c
c,ChooseHints,deriche,5,EXTRALARGE,1.8870756616645699,0.6177853333333333,1.1658076666666668,c
c,FromPlan,deriche,1,EXTRALARGE,2.086210249288973,0.5588160000000001,1.1658076666666668,c
c,FromPlan,deriche,2,EXTRALARGE,2.0763970645421943,0.561457,1.1658076666666668,c
c,FromPlan,deriche,3,EXTRALARGE,2.07378693393561,0.5621636666666666,1.1658076666666668,c
c,FromPlan,deriche,4,EXTRALARGE,1.9516085291215979,0.5973573333333334,1.1658076666666668,c
c,FromPlan,deriche,5,EXTRALARGE,1.9464374262939297,0.5989443333333333,1.1658076666666668,c
c,Naive,deriche,1,EXTRALARGE,2.3167878908320088,0.5032,1.1658076666666668,c
c,Naive,deriche,2,EXTRALARGE,1.3681593460543335,0.8520993333333333,1.1658076666666668,c
c,Naive,deriche,3,EXTRALARGE,0.8347262848981744,1.3966346666666667,1.1658076666666668,c
c,Naive,deriche,4,EXTRALARGE,0.8281583838349398,1.407711,1.1658076666666668,c
c,Naive,deriche,5,EXTRALARGE,0.8312891528578914,1.4024093333333332,1.1658076666666668,c
c,standard,deriche,1,EXTRALARGE,1.0,1.1658076666666668,1.1658076666666668,c
exo,AllHints,deriche,1,EXTRALARGE,4.027433210502074,0.28946666666666665,1.1658076666666668,c
exo,AllHints,deriche,2,EXTRALARGE,3.839866098533298,0.30360633333333337,1.1658076666666668,c
exo,ChooseHints,deriche,2,EXTRALARGE,5.166556611786952,0.225645,1.1658076666666668,c
exo,FromPlan,deriche,3,EXTRALARGE,1.4984706479662557,0.7779983333333332,1.1658076666666668,c
exo,Naive,deriche,5,EXTRALARGE,1.6803264156971647,0.6937983333333334,1.1658076666666668,c
exo,standard,deriche,3,EXTRALARGE,0.8893250922846078,1.3108903333333333,1.1658076666666668,c
exo,standard,deriche,4,EXTRALARGE,0.89013177803506,1.3097023333333333,1.1658076666666668,c
exo,standard,deriche,5,EXTRALARGE,0.8953473934769147,1.302073,1.1658076666666668,c
halide,AllHints,deriche,1,EXTRALARGE,0.23084226113570297,5.050235,1.1658076666666668,c
halide,AllHints,deriche,2,EXTRALARGE,0.9951458009613363,1.1714943333333334,1.1658076666666668,c
halide,AllHints,deriche,3,EXTRALARGE,0.21933682122617598,5.315148,1.1658076666666668,c
halide,ChooseHints,deriche,2,EXTRALARGE,0.5969547553805625,1.9529246666666669,1.1658076666666668,c
halide,ChooseHints,deriche,3,EXTRALARGE,0.21804634280382912,5.346605,1.1658076666666668,c
halide,ChooseHints,deriche,4,EXTRALARGE,0.6128709769106839,1.9022073333333331,1.1658076666666668,c
halide,ChooseHints,deriche,5,EXTRALARGE,0.5909852612888274,1.9726510000000002,1.1658076666666668,c
halide,FromPlan,deriche,1,EXTRALARGE,0.6276706651230145,1.8573556666666668,1.1658076666666668,c
halide,FromPlan,deriche,2,EXTRALARGE,0.5919316793407997,1.9694969999999998,1.1658076666666668,c
halide,FromPlan,deriche,4,EXTRALARGE,0.2175697320900243,5.358317333333333,1.1658076666666668,c
halide,Naive,deriche,5,EXTRALARGE,0.6064672069589115,1.9222929999999998,1.1658076666666668,c
halide,standard,deriche,1,EXTRALARGE,0.43934969035685656,2.653484666666667,1.1658076666666668,c
noarr,AllHints,deriche,1,EXTRALARGE,2.9648826397742996,0.39320533333333335,1.1658076666666668,c
noarr,AllHints,deriche,2,EXTRALARGE,2.9649002338910613,0.39320299999999997,1.1658076666666668,c
noarr,AllHints,deriche,3,EXTRALARGE,0.8396295129729519,1.3884786666666666,1.1658076666666668,c
noarr,ChooseHints,deriche,2,EXTRALARGE,1.0937879296320008,1.0658443333333334,1.1658076666666668,c
noarr,ChooseHints,deriche,4,EXTRALARGE,1.5842152967677674,0.7358896666666667,1.1658076666666668,c
noarr,ChooseHints,deriche,5,EXTRALARGE,2.954371171798249,0.39460433333333333,1.1658076666666668,c
noarr,FromPlan,deriche,1,EXTRALARGE,1.1050526108252356,1.0549793333333335,1.1658076666666668,c
noarr,FromPlan,deriche,2,EXTRALARGE,2.9683678327934,0.39274366666666666,1.1658076666666668,c
noarr,FromPlan,deriche,3,EXTRALARGE,1.2460881412551728,0.9355739999999999,1.1658076666666668,c
noarr,FromPlan,deriche,4,EXTRALARGE,0.9912411746416928,1.176109,1.1658076666666668,c
noarr,FromPlan,deriche,5,EXTRALARGE,0.8312136818764098,1.4025366666666665,1.1658076666666668,c
noarr,Naive,deriche,1,EXTRALARGE,0.629689330820402,1.8514013333333335,1.1658076666666668,c
noarr,Naive,deriche,3,EXTRALARGE,0.8242393205337559,1.4144043333333334,1.1658076666666668,c
noarr,Naive,deriche,4,EXTRALARGE,1.0939596769627822,1.065677,1.1658076666666668,c
noarr,Naive,deriche,5,EXTRALARGE,2.3485720233418617,0.49639000000000005,1.1658076666666668,c
noarr,standard,deriche,1,EXTRALARGE,1.1057408737616061,1.0543226666666667,1.1658076666666668,c
noarr,standard,deriche,2,EXTRALARGE,1.0987056820748544,1.0610736666666667,1.1658076666666668,c
noarr,standard,deriche,3,EXTRALARGE,1.0953681896195333,1.0643066666666667,1.1658076666666668,c
noarr,standard,deriche,4,EXTRALARGE,1.1112102052487767,1.0491333333333335,1.1658076666666668,c
noarr,standard,deriche,5,EXTRALARGE,0.10944112669984823,10.652372666666666,1.1658076666666668,c
c,AllHints,doitgen,1,EXTRALARGE,237.23066239010282,0.023279333333333332,5.522571666666667,c
c,AllHints,doitgen,2,EXTRALARGE,236.8034274769882,0.023321333333333333,5.522571666666667,c
c,AllHints,doitgen,3,EXTRALARGE,237.07450918665216,0.02329466666666667,5.522571666666667,c
c,AllHints,doitgen,4,EXTRALARGE,236.08468586573952,0.02339233333333333,5.522571666666667,c
c,AllHints,doitgen,5,EXTRALARGE,238.5525766367655,0.023150333333333332,5.522571666666667,c
c,ChooseHints,doitgen,1,EXTRALARGE,4.596410310473882,1.2014966666666667,5.522571666666667,c
c,ChooseHints,doitgen,2,EXTRALARGE,236.78650545241464,0.023323,5.522571666666667,c
c,ChooseHints,doitgen,3,EXTRALARGE,177.3029012339073,0.031147666666666667,5.522571666666667,c
c,ChooseHints,doitgen,4,EXTRALARGE,240.3870373325982,0.022973666666666667,5.522571666666667,c
c,ChooseHints,doitgen,5,EXTRALARGE,266.84676341263065,0.020695666666666668,5.522571666666667,c
c,FromPlan,doitgen,1,EXTRALARGE,4.652462016970209,1.1870213333333333,5.522571666666667,c
c,FromPlan,doitgen,2,EXTRALARGE,5.641308037810489,0.9789523333333333,5.522571666666667,c
c,FromPlan,doitgen,3,EXTRALARGE,4.555561177086189,1.2122703333333333,5.522571666666667,c
c,FromPlan,doitgen,4,EXTRALARGE,5.233024909728136,1.0553306666666666,5.522571666666667,c
c,FromPlan,doitgen,5,EXTRALARGE,5.070007580048773,1.089263,5.522571666666667,c
c,Naive,doitgen,1,EXTRALARGE,4.698282976031199,1.1754446666666667,5.522571666666667,c
c,Naive,doitgen,2,EXTRALARGE,4.213902199568633,1.31056,5.522571666666667,c
c,Naive,doitgen,3,EXTRALARGE,5.07759494144177,1.0876353333333333,5.522571666666667,c
c,Naive,doitgen,4,EXTRALARGE,4.737810252125159,1.1656380000000002,5.522571666666667,c
c,Naive,doitgen,5,EXTRALARGE,5.234216912232792,1.0550903333333332,5.522571666666667,c
c,standard,doitgen,1,EXTRALARGE,1.0,5.522571666666667,5.522571666666667,c
exo,AllHints,doitgen,1,EXTRALARGE,0.7076294858663871,7.8043266666666655,5.522571666666667,c
exo,AllHints,doitgen,2,EXTRALARGE,171.04276142593147,0.032287666666666666,5.522571666666667,c
exo,AllHints,doitgen,3,EXTRALARGE,159.77814103305943,0.034564000000000004,5.522571666666667,c
exo,AllHints,doitgen,4,EXTRALARGE,208.04303330152192,0.026545333333333334,5.522571666666667,c
exo,AllHints,doitgen,5,EXTRALARGE,207.90466689254478,0.026563,5.522571666666667,c
exo,ChooseHints,doitgen,1,EXTRALARGE,201.86067621078283,0.027358333333333335,5.522571666666667,c
exo,ChooseHints,doitgen,2,EXTRALARGE,181.55206233014817,0.030418666666666667,5.522571666666667,c
exo,ChooseHints,doitgen,3,EXTRALARGE,201.92218159658745,0.02735,5.522571666666667,c
exo,ChooseHints,doitgen,4,EXTRALARGE,4.167285641305936,1.3252203333333334,5.522571666666667,c
exo,FromPlan,doitgen,2,EXTRALARGE,4.60775555781139,1.1985383333333333,5.522571666666667,c
exo,FromPlan,doitgen,4,EXTRALARGE,4.611617367235577,1.1975346666666666,5.522571666666667,c
exo,FromPlan,doitgen,5,EXTRALARGE,4.6100852079053976,1.1979326666666665,5.522571666666667,c
exo,Naive,doitgen,2,EXTRALARGE,3.211494549204479,1.7196266666666666,5.522571666666667,c
exo,Naive,doitgen,3,EXTRALARGE,2.0999755370442665,2.6298266666666668,5.522571666666667,c
exo,Naive,doitgen,4,EXTRALARGE,1.1315326938187733,4.880611666666667,5.522571666666667,c
exo,Naive,doitgen,5,EXTRALARGE,4.646979958011537,1.1884216666666667,5.522571666666667,c
exo,standard,doitgen,1,EXTRALARGE,0.8679080703585489,6.363083666666667,5.522571666666667,c
exo,standard,doitgen,2,EXTRALARGE,0.8709235733544949,6.341052,5.522571666666667,c
exo,standard,doitgen,3,EXTRALARGE,0.8644013341268626,6.388897666666668,5.522571666666667,c
exo,standard,doitgen,4,EXTRALARGE,0.8648709809861359,6.3854283333333335,5.522571666666667,c
exo,standard,doitgen,5,EXTRALARGE,0.8679430349673695,6.362827333333333,5.522571666666667,c
halide,standard,doitgen,3,EXTRALARGE,1.0238732565489341,5.393804,5.522571666666667,c
halide,standard,doitgen,4,EXTRALARGE,2.31860598554345,2.38185,5.522571666666667,c
halide,standard,doitgen,5,EXTRALARGE,2.3115015363769187,2.3891706666666668,5.522571666666667,c
noarr,AllHints,doitgen,1,EXTRALARGE,4.738436277689498,1.165484,5.522571666666667,c
noarr,AllHints,doitgen,2,EXTRALARGE,4.185715520055299,1.3193853333333332,5.522571666666667,c
noarr,AllHints,doitgen,3,EXTRALARGE,5.085623381746018,1.0859183333333335,5.522571666666667,c
noarr,AllHints,doitgen,4,EXTRALARGE,4.710568567559353,1.172379,5.522571666666667,c
noarr,AllHints,doitgen,5,EXTRALARGE,4.652134113382277,1.1871049999999999,5.522571666666667,c
noarr,ChooseHints,doitgen,1,EXTRALARGE,4.79822936266845,1.1509603333333334,5.522571666666667,c
noarr,ChooseHints,doitgen,2,EXTRALARGE,4.597484271493776,1.2012159999999998,5.522571666666667,c
noarr,ChooseHints,doitgen,3,EXTRALARGE,4.187057906884882,1.3189623333333333,5.522571666666667,c
noarr,ChooseHints,doitgen,4,EXTRALARGE,4.649783967118659,1.187705,5.522571666666667,c
noarr,ChooseHints,doitgen,5,EXTRALARGE,4.1851350378469725,1.3195683333333335,5.522571666666667,c
noarr,FromPlan,doitgen,1,EXTRALARGE,5.095271968817678,1.083862,5.522571666666667,c
noarr,FromPlan,doitgen,2,EXTRALARGE,3.9274739445976743,1.4061383333333335,5.522571666666667,c
noarr,FromPlan,doitgen,3,EXTRALARGE,4.147451081114504,1.331558,5.522571666666667,c
noarr,FromPlan,doitgen,4,EXTRALARGE,5.008512925529134,1.1026369999999999,5.522571666666667,c
noarr,FromPlan,doitgen,5,EXTRALARGE,4.639679350299296,1.1902916666666667,5.522571666666667,c
noarr,Naive,doitgen,1,EXTRALARGE,4.195891055897129,1.3161856666666667,5.522571666666667,c
noarr,Naive,doitgen,2,EXTRALARGE,5.140762123027305,1.0742710000000002,5.522571666666667,c
noarr,Naive,doitgen,3,EXTRALARGE,4.185591797230762,1.3194243333333333,5.522571666666667,c
noarr,Naive,doitgen,4,EXTRALARGE,4.1813864027899275,1.3207513333333332,5.522571666666667,c
noarr,Naive,doitgen,5,EXTRALARGE,4.162895171531418,1.326618,5.522571666666667,c
noarr,standard,doitgen,1,EXTRALARGE,1.0145177488855146,5.443543666666667,5.522571666666667,c
noarr,standard,doitgen,2,EXTRALARGE,1.0073870442981874,5.482075333333333,5.522571666666667,c
noarr,standard,doitgen,3,EXTRALARGE,1.002088708634551,5.511060666666666,5.522571666666667,c
noarr,standard,doitgen,5,EXTRALARGE,1.013748496835622,5.447674333333334,5.522571666666667,c
c,AllHints,durbin,1,EXTRALARGE,0.13323401882537014,0.120157,0.016009,c
c,AllHints,durbin,3,EXTRALARGE,0.8356009464820098,0.019158666666666668,0.016009,c
c,AllHints,durbin,4,EXTRALARGE,1.019876409505001,0.015697,0.016009,c
c,AllHints,durbin,5,EXTRALARGE,1.0182330866919667,0.015722333333333335,0.016009,c
c,ChooseHints,durbin,1,EXTRALARGE,0.9997918271332514,0.016012333333333333,0.016009,c
c,ChooseHints,durbin,2,EXTRALARGE,0.8360082161258877,0.019149333333333334,0.016009,c
c,ChooseHints,durbin,3,EXTRALARGE,0.834686039034394,0.019179666666666668,0.016009,c
c,ChooseHints,durbin,4,EXTRALARGE,1.0007084366470111,0.015997666666666664,0.016009,c
c,ChooseHints,durbin,5,EXTRALARGE,0.8358772647371079,0.01915233333333333,0.016009,c
c,FromPlan,durbin,1,EXTRALARGE,1.0278871671945895,0.015574666666666667,0.016009,c
c,FromPlan,durbin,2,EXTRALARGE,1.0281732354263449,0.015570333333333334,0.016009,c
c,FromPlan,durbin,3,EXTRALARGE,1.018470608194079,0.01571866666666667,0.016009,c
c,FromPlan,durbin,4,EXTRALARGE,1.0121601685985246,0.015816666666666666,0.016009,c
c,FromPlan,durbin,5,EXTRALARGE,1.0204398172739828,0.015688333333333332,0.016009,c
c,Naive,durbin,1,EXTRALARGE,1.0273374831547197,0.015583,0.016009,c
c,Naive,durbin,2,EXTRALARGE,0.8360809846282402,0.019147666666666664,0.016009,c
c,Naive,durbin,3,EXTRALARGE,1.0024630027760963,0.015969666666666667,0.016009,c
c,Naive,durbin,4,EXTRALARGE,1.0198980675302614,0.015696666666666664,0.016009,c
c,Naive,durbin,5,EXTRALARGE,0.9989807804309843,0.016025333333333332,0.016009,c
c,standard,durbin,1,EXTRALARGE,1.0,0.016009,0.016009,c
exo,AllHints,durbin,1,EXTRALARGE,0.9954401309926004,0.016082333333333334,0.016009,c
exo,AllHints,durbin,2,EXTRALARGE,0.8266122786182681,0.019367,0.016009,c
exo,AllHints,durbin,3,EXTRALARGE,0.0711964658967935,0.22485666666666668,0.016009,c
exo,ChooseHints,durbin,1,EXTRALARGE,0.9416135672973236,0.01700166666666667,0.016009,c
exo,ChooseHints,durbin,2,EXTRALARGE,0.6370389038479394,0.025130333333333334,0.016009,c
exo,ChooseHints,durbin,3,EXTRALARGE,0.6962049170822219,0.022994666666666667,0.016009,c
exo,ChooseHints,durbin,4,EXTRALARGE,0.0027174132909670266,5.891264333333333,0.016009,c
exo,FromPlan,durbin,2,EXTRALARGE,0.7514904004130872,0.021303000000000002,0.016009,c
exo,FromPlan,durbin,5,EXTRALARGE,0.8844751381215469,0.0181,0.016009,c
exo,Naive,durbin,3,EXTRALARGE,0.7996370356803915,0.020020333333333334,0.016009,c
exo,Naive,durbin,4,EXTRALARGE,0.9954813970359624,0.016081666666666664,0.016009,c
exo,standard,durbin,1,EXTRALARGE,0.8251636513581773,0.019401,0.016009,c
exo,standard,durbin,2,EXTRALARGE,0.8266122786182681,0.019367,0.016009,c
exo,standard,durbin,3,EXTRALARGE,0.8268115068776146,0.019362333333333332,0.016009,c
exo,standard,durbin,4,EXTRALARGE,0.8253905511540377,0.01939566666666667,0.016009,c
exo,standard,durbin,5,EXTRALARGE,0.8256743514363813,0.019389,0.016009,c
halide,FromPlan,durbin,3,EXTRALARGE,0.1731364052575038,0.09246466666666665,0.016009,c
halide,standard,durbin,4,EXTRALARGE,0.6760652599276454,0.023679666666666665,0.016009,c
noarr,AllHints,durbin,1,EXTRALARGE,1.0557008770580087,0.015164333333333333,0.016009,c
noarr,AllHints,durbin,2,EXTRALARGE,0.9193705851949692,0.017413,0.016009,c
noarr,AllHints,durbin,3,EXTRALARGE,1.0601986754966886,0.0151,0.016009,c
noarr,AllHints,durbin,4,EXTRALARGE,1.8899338895010231,0.008470666666666666,0.016009,c
noarr,AllHints,durbin,5,EXTRALARGE,1.0592399814737214,0.015113666666666666,0.016009,c
noarr,ChooseHints,durbin,1,EXTRALARGE,0.7979365000249214,0.020063,0.016009,c
noarr,ChooseHints,durbin,2,EXTRALARGE,1.059029768467475,0.015116666666666667,0.016009,c
noarr,ChooseHints,durbin,3,EXTRALARGE,1.0023165539694465,0.015972,0.016009,c
noarr,ChooseHints,durbin,4,EXTRALARGE,0.9521987390459573,0.016812666666666667,0.016009,c
noarr,ChooseHints,durbin,5,EXTRALARGE,0.9213636189233779,0.017375333333333333,0.016009,c
noarr,FromPlan,durbin,1,EXTRALARGE,1.0577469441691443,0.015135000000000001,0.016009,c
noarr,FromPlan,durbin,2,EXTRALARGE,1.057630477868311,0.015136666666666666,0.016009,c
noarr,FromPlan,durbin,3,EXTRALARGE,1.0604327666151467,0.015096666666666666,0.016009,c
noarr,FromPlan,durbin,4,EXTRALARGE,1.059543769855277,0.015109333333333334,0.016009,c
noarr,FromPlan,durbin,5,EXTRALARGE,1.0601518696746282,0.015100666666666665,0.016009,c
noarr,Naive,durbin,1,EXTRALARGE,0.9509920399192111,0.016834,0.016009,c
noarr,Naive,durbin,2,EXTRALARGE,0.8985238816860301,0.017817,0.016009,c
noarr,Naive,durbin,3,EXTRALARGE,1.058609592664433,0.015122666666666666,0.016009,c
noarr,Naive,durbin,4,EXTRALARGE,1.058189750143216,0.015128666666666665,0.016009,c
noarr,Naive,durbin,5,EXTRALARGE,1.0564207469974922,0.015154,0.016009,c
noarr,standard,durbin,1,EXTRALARGE,0.897516398497505,0.017837000000000002,0.016009,c
noarr,standard,durbin,2,EXTRALARGE,0.8975331713698373,0.017836666666666667,0.016009,c
noarr,standard,durbin,3,EXTRALARGE,0.8961431530237157,0.017864333333333333,0.016009,c
noarr,standard,durbin,5,EXTRALARGE,0.8966450721580195,0.017854333333333333,0.016009,c
c,AllHints,fdtd-2d,1,EXTRALARGE,3.379351928760615,6.881249666666666,23.254164333333335,c
c,AllHints,fdtd-2d,2,EXTRALARGE,3.3840876435736167,6.87162,23.254164333333335,c
c,AllHints,fdtd-2d,4,EXTRALARGE,3.221752117939993,7.217862666666666,23.254164333333335,c
c,ChooseHints,fdtd-2d,2,EXTRALARGE,3.1449065334360684,7.394230666666666,23.254164333333335,c
c,ChooseHints,fdtd-2d,3,EXTRALARGE,3.377914939336007,6.884177,23.254164333333335,c
c,ChooseHints,fdtd-2d,5,EXTRALARGE,3.3569097612521754,6.927253333333333,23.254164333333335,c
c,FromPlan,fdtd-2d,1,EXTRALARGE,0.8831904281175907,26.329728666666668,23.254164333333335,c
c,FromPlan,fdtd-2d,2,EXTRALARGE,0.5046740946212751,46.07758666666666,23.254164333333335,c
c,FromPlan,fdtd-2d,3,EXTRALARGE,0.5559988687548849,41.82412166666666,23.254164333333335,c
c,FromPlan,fdtd-2d,5,EXTRALARGE,0.5462153382340316,42.573254,23.254164333333335,c
c,Naive,fdtd-2d,1,EXTRALARGE,1.7203693552305317,13.516960333333332,23.254164333333335,c
c,Naive,fdtd-2d,2,EXTRALARGE,0.9977400907576371,23.306835666666668,23.254164333333335,c
c,Naive,fdtd-2d,3,EXTRALARGE,1.7178692848659354,13.536631999999999,23.254164333333335,c
c,Naive,fdtd-2d,4,EXTRALARGE,0.9916626976463382,23.44967133333333,23.254164333333335,c
c,Naive,fdtd-2d,5,EXTRALARGE,0.9530159828839201,24.400602666666668,23.254164333333335,c
c,standard,fdtd-2d,1,EXTRALARGE,1.0,23.254164333333335,23.254164333333335,c
exo,AllHints,fdtd-2d,3,EXTRALARGE,3.321188908863235,7.001759,23.254164333333335,c
exo,AllHints,fdtd-2d,4,EXTRALARGE,3.4444646823651492,6.751169333333333,23.254164333333335,c
exo,AllHints,fdtd-2d,5,EXTRALARGE,3.5989973415524017,6.461289666666667,23.254164333333335,c
exo,ChooseHints,fdtd-2d,4,EXTRALARGE,3.2939496141929405,7.05966,23.254164333333335,c
exo,FromPlan,fdtd-2d,2,EXTRALARGE,0.4313922534069804,53.90491866666667,23.254164333333335,c
exo,FromPlan,fdtd-2d,4,EXTRALARGE,0.46065802144941503,50.48032,23.254164333333335,c
exo,Naive,fdtd-2d,1,EXTRALARGE,3.5379867353567396,6.572711000000001,23.254164333333335,c
exo,Naive,fdtd-2d,2,EXTRALARGE,3.3165303543435822,7.011594,23.254164333333335,c
exo,Naive,fdtd-2d,3,EXTRALARGE,1.000795055629363,23.235690666666667,23.254164333333335,c
exo,standard,fdtd-2d,1,EXTRALARGE,0.9916883113338547,23.449065666666666,23.254164333333335,c
exo,standard,fdtd-2d,2,EXTRALARGE,0.9855433612422194,23.59527266666667,23.254164333333335,c
exo,standard,fdtd-2d,3,EXTRALARGE,0.9897874497478424,23.494099000000002,23.254164333333335,c
exo,standard,fdtd-2d,4,EXTRALARGE,1.0006783312385967,23.238401,23.254164333333335,c
exo,standard,fdtd-2d,5,EXTRALARGE,0.9961869508199823,23.343172999999997,23.254164333333335,c
halide,AllHints,fdtd-2d,1,EXTRALARGE,0.6819924757880305,34.097391333333334,23.254164333333335,c
halide,AllHints,fdtd-2d,5,EXTRALARGE,1.0221227905369583,22.750852,23.254164333333335,c
halide,ChooseHints,fdtd-2d,1,EXTRALARGE,0.8465791004758343,27.468389333333334,23.254164333333335,c
halide,ChooseHints,fdtd-2d,5,EXTRALARGE,0.5798066623322349,40.106756,23.254164333333335,c
halide,FromPlan,fdtd-2d,4,EXTRALARGE,0.5705808850554683,40.755246,23.254164333333335,c
halide,FromPlan,fdtd-2d,5,EXTRALARGE,1.7586714770595735,13.222574333333332,23.254164333333335,c
halide,Naive,fdtd-2d,1,EXTRALARGE,0.5213306827923471,44.60540133333333,23.254164333333335,c
halide,Naive,fdtd-2d,3,EXTRALARGE,1.8116099219700805,12.836187333333333,23.254164333333335,c
halide,Naive,fdtd-2d,5,EXTRALARGE,1.0413220358706503,22.331386,23.254164333333335,c
halide,standard,fdtd-2d,1,EXTRALARGE,0.5145615796971642,45.19218933333334,23.254164333333335,c
halide,standard,fdtd-2d,3,EXTRALARGE,0.4856910003921871,47.878516,23.254164333333335,c
halide,standard,fdtd-2d,5,EXTRALARGE,0.48514165939681403,47.93273033333333,23.254164333333335,c
noarr,AllHints,fdtd-2d,1,EXTRALARGE,2.9042810887267794,8.006857333333334,23.254164333333335,c
noarr,AllHints,fdtd-2d,4,EXTRALARGE,2.9780084750682665,7.808629333333333,23.254164333333335,c
noarr,AllHints,fdtd-2d,5,EXTRALARGE,1.0051875680550417,23.13415433333333,23.254164333333335,c
noarr,ChooseHints,fdtd-2d,1,EXTRALARGE,3.869647945620965,6.009374666666666,23.254164333333335,c
noarr,ChooseHints,fdtd-2d,3,EXTRALARGE,3.70156797931271,6.282247000000001,23.254164333333335,c
noarr,ChooseHints,fdtd-2d,5,EXTRALARGE,3.4645454731912815,6.712039,23.254164333333335,c
noarr,FromPlan,fdtd-2d,2,EXTRALARGE,0.4392667703238752,52.938592,23.254164333333335,c
noarr,FromPlan,fdtd-2d,3,EXTRALARGE,1.101942845676129,21.102877000000003,23.254164333333335,c
noarr,FromPlan,fdtd-2d,5,EXTRALARGE,0.41112818819370917,56.561834,23.254164333333335,c
noarr,Naive,fdtd-2d,1,EXTRALARGE,1.00240348396331,23.198407333333336,23.254164333333335,c
noarr,Naive,fdtd-2d,2,EXTRALARGE,1.0043594929110247,23.153228,23.254164333333335,c
noarr,Naive,fdtd-2d,3,EXTRALARGE,1.0099955437855643,23.024026666666668,23.254164333333335,c
noarr,Naive,fdtd-2d,4,EXTRALARGE,1.3181380959548323,17.641675333333335,23.254164333333335,c
noarr,standard,fdtd-2d,1,EXTRALARGE,1.0154535118821866,22.900274666666665,23.254164333333335,c
noarr,standard,fdtd-2d,2,EXTRALARGE,1.013435251021527,22.945880666666667,23.254164333333335,c
noarr,standard,fdtd-2d,3,EXTRALARGE,1.0127698807890793,22.960955666666667,23.254164333333335,c
noarr,standard,fdtd-2d,4,EXTRALARGE,1.0131856844186355,22.951532666666665,23.254164333333335,c
noarr,standard,fdtd-2d,5,EXTRALARGE,1.0038914079852364,23.164023666666665,23.254164333333335,c
c,AllHints,floyd-warshall,1,EXTRALARGE,8.323296367087947,21.225039,176.66228999999998,c
c,AllHints,floyd-warshall,2,EXTRALARGE,4.527522061837471,39.019642,176.66228999999998,c
c,AllHints,floyd-warshall,3,EXTRALARGE,2.600848356900825,67.92487133333334,176.66228999999998,c
c,AllHints,floyd-warshall,4,EXTRALARGE,7.717761601466469,22.890353333333334,176.66228999999998,c
c,AllHints,floyd-warshall,5,EXTRALARGE,3.3814061033697462,52.245215333333334,176.66228999999998,c
c,ChooseHints,floyd-warshall,1,EXTRALARGE,8.02005253476408,22.027572666666668,176.66228999999998,c
c,ChooseHints,floyd-warshall,2,EXTRALARGE,1.3748956227318299,128.4914193333333,176.66228999999998,c
c,ChooseHints,floyd-warshall,3,EXTRALARGE,0.6947738008750035,254.27310266666666,176.66228999999998,c
c,ChooseHints,floyd-warshall,4,EXTRALARGE,7.354361509459872,24.02143133333333,176.66228999999998,c
c,ChooseHints,floyd-warshall,5,EXTRALARGE,8.401690094144536,21.026994333333334,176.66228999999998,c
c,FromPlan,floyd-warshall,1,EXTRALARGE,1.4482140936894163,121.98630766666668,176.66228999999998,c
c,FromPlan,floyd-warshall,2,EXTRALARGE,1.082037665251457,163.268152,176.66228999999998,c
c,FromPlan,floyd-warshall,3,EXTRALARGE,1.068992261141351,165.26058833333335,176.66228999999998,c
c,FromPlan,floyd-warshall,4,EXTRALARGE,1.3427143814930904,131.571012,176.66228999999998,c
c,FromPlan,floyd-warshall,5,EXTRALARGE,2.9832514034336235,59.21803633333334,176.66228999999998,c
c,Naive,floyd-warshall,1,EXTRALARGE,1.3577278409900426,130.11612833333334,176.66228999999998,c
c,Naive,floyd-warshall,2,EXTRALARGE,1.3757678035584795,128.40996099999998,176.66228999999998,c
c,Naive,floyd-warshall,3,EXTRALARGE,1.349115808322652,130.94672,176.66228999999998,c
c,Naive,floyd-warshall,4,EXTRALARGE,1.0383025609824452,170.14528966666668,176.66228999999998,c
c,Naive,floyd-warshall,5,EXTRALARGE,1.3528732845741638,130.58302799999998,176.66228999999998,c
c,standard,floyd-warshall,1,EXTRALARGE,1.0,176.66228999999998,176.66228999999998,c
exo,AllHints,floyd-warshall,1,EXTRALARGE,3.296831732774145,53.585473666666665,176.66228999999998,c
exo,AllHints,floyd-warshall,2,EXTRALARGE,1.1230403435242602,157.30716266666664,176.66228999999998,c
exo,AllHints,floyd-warshall,3,EXTRALARGE,3.4147447770700157,51.735137333333334,176.66228999999998,c
exo,AllHints,floyd-warshall,4,EXTRALARGE,3.5041733093333383,50.41482666666667,176.66228999999998,c
exo,AllHints,floyd-warshall,5,EXTRALARGE,3.5198625551271445,50.19011033333334,176.66228999999998,c
exo,ChooseHints,floyd-warshall,1,EXTRALARGE,3.2344987415230078,54.618135333333335,176.66228999999998,c
exo,ChooseHints,floyd-warshall,4,EXTRALARGE,3.179899119701118,55.55594166666666,176.66228999999998,c
exo,FromPlan,floyd-warshall,2,EXTRALARGE,3.427521455732622,51.542285666666665,176.66228999999998,c
exo,FromPlan,floyd-warshall,3,EXTRALARGE,0.9927180863394601,177.958166,176.66228999999998,c
exo,FromPlan,floyd-warshall,4,EXTRALARGE,1.1113560209033129,158.96102299999998,176.66228999999998,c
exo,FromPlan,floyd-warshall,5,EXTRALARGE,0.9962904218525604,177.32007266666665,176.66228999999998,c
exo,Naive,floyd-warshall,1,EXTRALARGE,0.929561180933818,190.049126,176.66228999999998,c
exo,Naive,floyd-warshall,3,EXTRALARGE,3.429526359934395,51.512154,176.66228999999998,c
exo,Naive,floyd-warshall,5,EXTRALARGE,3.047356033742795,57.972317,176.66228999999998,c
exo,standard,floyd-warshall,1,EXTRALARGE,1.022849941440197,172.71574533333333,176.66228999999998,c
exo,standard,floyd-warshall,2,EXTRALARGE,1.0245795116722631,172.42418766666665,176.66228999999998,c
exo,standard,floyd-warshall,3,EXTRALARGE,1.0235548142526154,172.59680433333332,176.66228999999998,c
exo,standard,floyd-warshall,4,EXTRALARGE,1.0276999115832348,171.900657,176.66228999999998,c
exo,standard,floyd-warshall,5,EXTRALARGE,1.0214452717428872,172.95326033333333,176.66228999999998,c
halide,AllHints,floyd-warshall,1,EXTRALARGE,1.7581574655716705,100.48149466666666,176.66228999999998,c
halide,AllHints,floyd-warshall,2,EXTRALARGE,1.8156572539589348,97.29936066666666,176.66228999999998,c
halide,AllHints,floyd-warshall,3,EXTRALARGE,1.853013884798706,95.33781233333333,176.66228999999998,c
halide,AllHints,floyd-warshall,4,EXTRALARGE,1.8918529318767645,93.380562,176.66228999999998,c
halide,AllHints,floyd-warshall,5,EXTRALARGE,1.773370877662555,99.619483,176.66228999999998,c
halide,ChooseHints,floyd-warshall,2,EXTRALARGE,1.8036849399871755,97.94520433333334,176.66228999999998,c
halide,ChooseHints,floyd-warshall,3,EXTRALARGE,1.3879755318050004,127.28055066666667,176.66228999999998,c
halide,ChooseHints,floyd-warshall,4,EXTRALARGE,1.6746892165890985,105.48959666666667,176.66228999999998,c
halide,ChooseHints,floyd-warshall,5,EXTRALARGE,1.413240742687822,125.00509266666666,176.66228999999998,c
halide,FromPlan,floyd-warshall,1,EXTRALARGE,1.4254587719393728,123.93363699999999,176.66228999999998,c
halide,FromPlan,floyd-warshall,2,EXTRALARGE,1.7763829161840479,99.45056800000002,176.66228999999998,c
halide,FromPlan,floyd-warshall,3,EXTRALARGE,1.7140739853281206,103.06573199999998,176.66228999999998,c
halide,FromPlan,floyd-warshall,4,EXTRALARGE,1.6127784625713488,109.539093,176.66228999999998,c
halide,FromPlan,floyd-warshall,5,EXTRALARGE,1.8035176161790343,97.95429133333334,176.66228999999998,c
halide,Naive,floyd-warshall,1,EXTRALARGE,1.8883555316272416,93.553511,176.66228999999998,c
halide,Naive,floyd-warshall,2,EXTRALARGE,1.4147163600003019,124.87470633333334,176.66228999999998,c
halide,Naive,floyd-warshall,3,EXTRALARGE,1.4035877460237107,125.86479933333334,176.66228999999998,c
halide,Naive,floyd-warshall,4,EXTRALARGE,1.442204639104927,122.49460666666666,176.66228999999998,c
halide,Naive,floyd-warshall,5,EXTRALARGE,1.4408192862364906,122.61238566666667,176.66228999999998,c
halide,standard,floyd-warshall,1,EXTRALARGE,0.7129739634372351,247.782246,176.66228999999998,c
halide,standard,floyd-warshall,2,EXTRALARGE,0.7007494680075732,252.10477933333334,176.66228999999998,c
halide,standard,floyd-warshall,3,EXTRALARGE,0.7130809754560812,247.74506133333333,176.66228999999998,c
halide,standard,floyd-warshall,4,EXTRALARGE,0.6954405234695281,254.02932966666665,176.66228999999998,c
noarr,AllHints,floyd-warshall,1,EXTRALARGE,1.3064623347080526,135.22187766666664,176.66228999999998,c
noarr,AllHints,floyd-warshall,2,EXTRALARGE,7.919237525289328,22.307992333333335,176.66228999999998,c
noarr,AllHints,floyd-warshall,3,EXTRALARGE,8.221850347508992,21.486926,176.66228999999998,c
noarr,AllHints,floyd-warshall,4,EXTRALARGE,1.3085754841272095,135.003515,176.66228999999998,c
noarr,AllHints,floyd-warshall,5,EXTRALARGE,1.3247604527551498,133.35413933333334,176.66228999999998,c
noarr,ChooseHints,floyd-warshall,1,EXTRALARGE,0.7619265655931278,231.86262033333333,176.66228999999998,c
noarr,ChooseHints,floyd-warshall,2,EXTRALARGE,1.3033204719056717,135.54785166666667,176.66228999999998,c
noarr,ChooseHints,floyd-warshall,3,EXTRALARGE,1.3032078491192767,135.55956566666666,176.66228999999998,c
noarr,ChooseHints,floyd-warshall,4,EXTRALARGE,0.760182965483588,232.39443400000002,176.66228999999998,c
noarr,ChooseHints,floyd-warshall,5,EXTRALARGE,1.3518155429439433,130.685204,176.66228999999998,c
noarr,FromPlan,floyd-warshall,1,EXTRALARGE,1.3430196353169412,131.54110733333334,176.66228999999998,c
noarr,FromPlan,floyd-warshall,2,EXTRALARGE,1.022830530948522,172.719023,176.66228999999998,c
noarr,FromPlan,floyd-warshall,3,EXTRALARGE,0.5725281771510708,308.5652323333333,176.66228999999998,c
noarr,FromPlan,floyd-warshall,4,EXTRALARGE,1.359256287220677,129.96981633333334,176.66228999999998,c
noarr,Naive,floyd-warshall,1,EXTRALARGE,1.2910297752433697,136.838277,176.66228999999998,c
noarr,Naive,floyd-warshall,2,EXTRALARGE,0.7783558107083471,226.96855033333335,176.66228999999998,c
noarr,Naive,floyd-warshall,3,EXTRALARGE,1.3222948072772815,133.602801,176.66228999999998,c
noarr,Naive,floyd-warshall,4,EXTRALARGE,1.297613848145083,136.14396166666666,176.66228999999998,c
noarr,Naive,floyd-warshall,5,EXTRALARGE,1.321287999018433,133.70460500000002,176.66228999999998,c
noarr,standard,floyd-warshall,1,EXTRALARGE,1.0238730473226123,172.54315899999997,176.66228999999998,c
noarr,standard,floyd-warshall,2,EXTRALARGE,0.7777475860750982,227.1460473333333,176.66228999999998,c
noarr,standard,floyd-warshall,3,EXTRALARGE,1.0263427521249757,172.12796566666665,176.66228999999998,c
noarr,standard,floyd-warshall,4,EXTRALARGE,0.7810871910987986,226.17486499999998,176.66228999999998,c
noarr,standard,floyd-warshall,5,EXTRALARGE,0.7777107125074746,227.15681699999996,176.66228999999998,c
c,AllHints,gemm,1,EXTRALARGE,30.710453516640122,0.23062733333333332,7.08267,c
c,AllHints,gemm,2,EXTRALARGE,25.360462618160984,0.27928000000000003,7.08267,c
c,AllHints,gemm,3,EXTRALARGE,35.20248710225748,0.201198,7.08267,c
c,AllHints,gemm,5,EXTRALARGE,66.53705599969938,0.106447,7.08267,c
c,ChooseHints,gemm,1,EXTRALARGE,73.51057094520961,0.096349,7.08267,c
c,ChooseHints,gemm,2,EXTRALARGE,50.62400827214203,0.13990733333333336,7.08267,c
c,ChooseHints,gemm,3,EXTRALARGE,27.733377014773808,0.2553843333333334,7.08267,c
c,ChooseHints,gemm,4,EXTRALARGE,2.30841184750974,3.0682003333333334,7.08267,c
c,ChooseHints,gemm,5,EXTRALARGE,33.84405746223844,0.20927366666666666,7.08267,c
c,FromPlan,gemm,1,EXTRALARGE,30.76888879878593,0.23018933333333333,7.08267,c
c,FromPlan,gemm,2,EXTRALARGE,3.2833405006999197,2.1571536666666664,7.08267,c
c,FromPlan,gemm,3,EXTRALARGE,3.699256893318586,1.9146196666666668,7.08267,c
c,FromPlan,gemm,4,EXTRALARGE,1.7178808856169827,4.122911,7.08267,c
c,Naive,gemm,1,EXTRALARGE,2.1452447534514416,3.3015673333333333,7.08267,c
c,Naive,gemm,2,EXTRALARGE,2.4703182358531977,2.867108333333333,7.08267,c
c,Naive,gemm,3,EXTRALARGE,0.987393590244214,7.173096999999999,7.08267,c
c,Naive,gemm,4,EXTRALARGE,0.5907288202354775,11.989714666666666,7.08267,c
c,Naive,gemm,5,EXTRALARGE,2.467444679354275,2.8704473333333334,7.08267,c
c,standard,gemm,1,EXTRALARGE,1.0,7.08267,7.08267,c
exo,AllHints,gemm,1,EXTRALARGE,35.859320414893226,0.19751266666666667,7.08267,c
exo,AllHints,gemm,2,EXTRALARGE,12.548958811345795,0.564403,7.08267,c
exo,AllHints,gemm,4,EXTRALARGE,18.626677653783105,0.3802433333333333,7.08267,c
exo,AllHints,gemm,5,EXTRALARGE,32.16724598363783,0.22018266666666667,7.08267,c
exo,ChooseHints,gemm,1,EXTRALARGE,17.2674346315597,0.410175,7.08267,c
exo,ChooseHints,gemm,2,EXTRALARGE,17.579298334153776,0.40289833333333336,7.08267,c
exo,ChooseHints,gemm,4,EXTRALARGE,35.8414159781659,0.19761133333333333,7.08267,c
exo,FromPlan,gemm,2,EXTRALARGE,22.662779324916567,0.31252433333333335,7.08267,c
exo,FromPlan,gemm,3,EXTRALARGE,47.591978712633995,0.14882066666666668,7.08267,c
exo,FromPlan,gemm,4,EXTRALARGE,1.7902923867616165,3.9561526666666667,7.08267,c
exo,FromPlan,gemm,5,EXTRALARGE,33.225765593334835,0.213168,7.08267,c
exo,Naive,gemm,2,EXTRALARGE,21.997281399013186,0.32197933333333334,7.08267,c
exo,Naive,gemm,3,EXTRALARGE,0.47724666716424763,14.840690333333333,7.08267,c
exo,Naive,gemm,4,EXTRALARGE,16.14870205476329,0.43859066666666663,7.08267,c
exo,standard,gemm,1,EXTRALARGE,0.9579573336788616,7.393513,7.08267,c
exo,standard,gemm,2,EXTRALARGE,0.9804138795311476,7.224163333333333,7.08267,c
exo,standard,gemm,3,EXTRALARGE,0.9588066220439142,7.386964,7.08267,c
exo,standard,gemm,4,EXTRALARGE,0.98158176875334,7.215568,7.08267,c
exo,standard,gemm,5,EXTRALARGE,0.9724926767875792,7.283006,7.08267,c
halide,FromPlan,gemm,1,EXTRALARGE,39.93551454916569,0.1773526666666667,7.08267,c
halide,FromPlan,gemm,3,EXTRALARGE,42.88256342672853,0.16516433333333333,7.08267,c
halide,FromPlan,gemm,5,EXTRALARGE,14.513212016562322,0.4880153333333333,7.08267,c
halide,standard,gemm,2,EXTRALARGE,0.6259273060953355,11.315483333333333,7.08267,c
halide,standard,gemm,3,EXTRALARGE,0.6308256452236223,11.227618999999999,7.08267,c
halide,standard,gemm,4,EXTRALARGE,0.6277706668089549,11.282257000000001,7.08267,c
noarr,AllHints,gemm,2,EXTRALARGE,0.2701126849131039,26.221167666666663,7.08267,c
noarr,AllHints,gemm,3,EXTRALARGE,0.38226748197354565,18.528047333333333,7.08267,c
noarr,AllHints,gemm,4,EXTRALARGE,0.9094747336455458,7.787648999999999,7.08267,c
noarr,AllHints,gemm,5,EXTRALARGE,0.9122378487339659,7.7640606666666665,7.08267,c
noarr,ChooseHints,gemm,1,EXTRALARGE,0.28353376310669165,24.979988000000002,7.08267,c
noarr,ChooseHints,gemm,2,EXTRALARGE,0.9072292749359415,7.8069239999999995,7.08267,c
noarr,ChooseHints,gemm,3,EXTRALARGE,0.9132095082909782,7.755799666666667,7.08267,c
noarr,ChooseHints,gemm,4,EXTRALARGE,0.9069105114327525,7.809667999999999,7.08267,c
noarr,ChooseHints,gemm,5,EXTRALARGE,0.9186088236209634,7.710213333333333,7.08267,c
noarr,FromPlan,gemm,1,EXTRALARGE,0.40927422508176425,17.305438666666667,7.08267,c
noarr,FromPlan,gemm,2,EXTRALARGE,0.4484853274256902,15.792423,7.08267,c
noarr,FromPlan,gemm,3,EXTRALARGE,0.9117831350923999,7.767932666666667,7.08267,c
noarr,FromPlan,gemm,4,EXTRALARGE,0.9842274475929703,7.196172,7.08267,c
noarr,FromPlan,gemm,5,EXTRALARGE,0.9072210242225082,7.806995000000001,7.08267,c
noarr,Naive,gemm,1,EXTRALARGE,0.26622397095894773,26.604178333333333,7.08267,c
noarr,Naive,gemm,2,EXTRALARGE,0.9028378191650013,7.844897333333333,7.08267,c
noarr,Naive,gemm,3,EXTRALARGE,0.3779749637955016,18.738463333333332,7.08267,c
noarr,Naive,gemm,4,EXTRALARGE,0.9170209108549322,7.723564333333333,7.08267,c
noarr,Naive,gemm,5,EXTRALARGE,0.9164843662454067,7.728086,7.08267,c
noarr,standard,gemm,1,EXTRALARGE,0.9093925249664467,7.788353,7.08267,c
noarr,standard,gemm,2,EXTRALARGE,0.9138617336621594,7.750264333333334,7.08267,c
noarr,standard,gemm,3,EXTRALARGE,0.9148416628892725,7.741962666666667,7.08267,c
noarr,standard,gemm,4,EXTRALARGE,0.9086335369091149,7.794858666666666,7.08267,c
noarr,standard,gemm,5,EXTRALARGE,0.9087510918330438,7.793850333333334,7.08267,c
c,AllHints,gemver,1,EXTRALARGE,6.186795795441124,0.014111666666666666,0.087306,c
c,AllHints,gemver,2,EXTRALARGE,5.3448289935515465,0.016334666666666667,0.087306,c
c,AllHints,gemver,3,EXTRALARGE,6.7251579109536275,0.012982,0.087306,c
c,AllHints,gemver,4,EXTRALARGE,3.10152993558166,0.028149333333333332,0.087306,c
c,AllHints,gemver,5,EXTRALARGE,8.785067417991547,0.009938,0.087306,c
c,ChooseHints,gemver,1,EXTRALARGE,3.0888377852467714,0.028265,0.087306,c
c,ChooseHints,gemver,2,EXTRALARGE,6.170326045985676,0.014149333333333333,0.087306,c
c,ChooseHints,gemver,3,EXTRALARGE,3.101933986285633,0.028145666666666666,0.087306,c
c,ChooseHints,gemver,4,EXTRALARGE,3.0776226734348557,0.028368,0.087306,c
c,ChooseHints,gemver,5,EXTRALARGE,3.1113302131096905,0.028060666666666668,0.087306,c
c,FromPlan,gemver,1,EXTRALARGE,2.264962512647117,0.038546333333333335,0.087306,c
c,FromPlan,gemver,2,EXTRALARGE,2.272646813827572,0.038416,0.087306,c
c,FromPlan,gemver,3,EXTRALARGE,1.3977159933827845,0.062463333333333336,0.087306,c
c,FromPlan,gemver,4,EXTRALARGE,1.3330584948009712,0.065493,0.087306,c
c,Naive,gemver,1,EXTRALARGE,1.5446010497139824,0.056523333333333335,0.087306,c
c,Naive,gemver,2,EXTRALARGE,1.7907821057165714,0.048753,0.087306,c
c,Naive,gemver,3,EXTRALARGE,2.2717991864065707,0.03843033333333334,0.087306,c
c,Naive,gemver,4,EXTRALARGE,1.7937377583585583,0.04867266666666667,0.087306,c
c,Naive,gemver,5,EXTRALARGE,1.7980599586728634,0.048555666666666664,0.087306,c
c,standard,gemver,1,EXTRALARGE,1.0,0.087306,0.087306,c
exo,AllHints,gemver,1,EXTRALARGE,4.314816645250568,0.020234,0.087306,c
exo,AllHints,gemver,2,EXTRALARGE,3.065591423020202,0.028479333333333332,0.087306,c
exo,AllHints,gemver,3,EXTRALARGE,3.9825745826110754,0.021922,0.087306,c
exo,AllHints,gemver,4,EXTRALARGE,3.060111460317089,0.028530333333333335,0.087306,c
exo,AllHints,gemver,5,EXTRALARGE,3.5980712696101325,0.024264666666666667,0.087306,c
exo,ChooseHints,gemver,1,EXTRALARGE,4.239458733267509,0.020593666666666666,0.087306,c
exo,ChooseHints,gemver,2,EXTRALARGE,3.532081883647544,0.024718,0.087306,c
exo,FromPlan,gemver,1,EXTRALARGE,1.0997149083214017,0.07938966666666668,0.087306,c
exo,FromPlan,gemver,2,EXTRALARGE,0.49048682012599343,0.17799866666666667,0.087306,c
exo,Naive,gemver,5,EXTRALARGE,4.162846880066118,0.020972666666666667,0.087306,c
exo,standard,gemver,1,EXTRALARGE,0.914585217491506,0.09545966666666666,0.087306,c
exo,standard,gemver,2,EXTRALARGE,0.917079831932773,0.0952,0.087306,c
exo,standard,gemver,3,EXTRALARGE,0.9195590352139872,0.09494333333333334,0.087306,c
exo,standard,gemver,4,EXTRALARGE,0.9200791094218197,0.09488966666666666,0.087306,c
exo,standard,gemver,5,EXTRALARGE,0.9059991075536246,0.09636433333333333,0.087306,c
halide,standard,gemver,1,EXTRALARGE,0.0003159270672550343,276.34859133333333,0.087306,c
halide,standard,gemver,4,EXTRALARGE,0.7549722705837589,0.11564133333333333,0.087306,c
noarr,AllHints,gemver,1,EXTRALARGE,1.7649104128622735,0.04946766666666667,0.087306,c
noarr,AllHints,gemver,2,EXTRALARGE,2.45145167630707,0.035614,0.087306,c
noarr,AllHints,gemver,3,EXTRALARGE,2.81347884933508,0.031031333333333338,0.087306,c
noarr,AllHints,gemver,4,EXTRALARGE,1.0153670809524178,0.08598466666666667,0.087306,c
noarr,AllHints,gemver,5,EXTRALARGE,3.5387151253124367,0.024671666666666665,0.087306,c
noarr,ChooseHints,gemver,1,EXTRALARGE,1.749864710480428,0.049893,0.087306,c
noarr,ChooseHints,gemver,2,EXTRALARGE,1.742379691595375,0.05010733333333334,0.087306,c
noarr,ChooseHints,gemver,3,EXTRALARGE,2.819081036282814,0.03096966666666667,0.087306,c
noarr,ChooseHints,gemver,4,EXTRALARGE,1.7520419016275006,0.04983100000000001,0.087306,c
noarr,ChooseHints,gemver,5,EXTRALARGE,1.0119579790049569,0.08627433333333334,0.087306,c
noarr,FromPlan,gemver,1,EXTRALARGE,1.0271576082480693,0.08499766666666668,0.087306,c
noarr,FromPlan,gemver,2,EXTRALARGE,1.7714397792446706,0.04928533333333333,0.087306,c
noarr,FromPlan,gemver,3,EXTRALARGE,1.7808707240622001,0.049024333333333336,0.087306,c
noarr,FromPlan,gemver,4,EXTRALARGE,1.7715955439215925,0.049281,0.087306,c
noarr,Naive,gemver,1,EXTRALARGE,1.7460501579936802,0.050002,0.087306,c
noarr,Naive,gemver,2,EXTRALARGE,1.7475996343570888,0.04995766666666667,0.087306,c
noarr,Naive,gemver,3,EXTRALARGE,1.7477045854908448,0.04995466666666667,0.087306,c
noarr,Naive,gemver,4,EXTRALARGE,1.762274179983179,0.04954166666666667,0.087306,c
noarr,Naive,gemver,5,EXTRALARGE,1.7577681435646886,0.049668666666666667,0.087306,c
noarr,standard,gemver,1,EXTRALARGE,0.9958897182118562,0.08766633333333333,0.087306,c
noarr,standard,gemver,2,EXTRALARGE,0.9941508925487457,0.08781966666666667,0.087306,c
noarr,standard,gemver,3,EXTRALARGE,0.9959768191774154,0.08765866666666666,0.087306,c
noarr,standard,gemver,5,EXTRALARGE,0.9970649703641948,0.087563,0.087306,c
c,AllHints,gesummv,1,EXTRALARGE,5.214036182158454,0.005343333333333333,0.027860333333333334,c
c,AllHints,gesummv,2,EXTRALARGE,5.198469958950118,0.005359333333333334,0.027860333333333334,c
c,AllHints,gesummv,3,EXTRALARGE,5.2030004980079685,0.005354666666666666,0.027860333333333334,c
c,AllHints,gesummv,4,EXTRALARGE,5.1913664596273295,0.005366666666666666,0.027860333333333334,c
c,AllHints,gesummv,5,EXTRALARGE,5.231005132056578,0.005326,0.027860333333333334,c
c,ChooseHints,gesummv,1,EXTRALARGE,5.216639620521782,0.005340666666666667,0.027860333333333334,c
c,ChooseHints,gesummv,2,EXTRALARGE,5.240188087774295,0.005316666666666667,0.027860333333333334,c
c,ChooseHints,gesummv,3,EXTRALARGE,5.2238125,0.005333333333333333,0.027860333333333334,c
c,ChooseHints,gesummv,4,EXTRALARGE,5.228387338921557,0.0053286666666666664,0.027860333333333334,c
c,ChooseHints,gesummv,5,EXTRALARGE,5.199440124416797,0.005358333333333333,0.027860333333333334,c
c,FromPlan,gesummv,1,EXTRALARGE,4.456464942681952,0.006251666666666667,0.027860333333333334,c
c,FromPlan,gesummv,2,EXTRALARGE,5.220549656464709,0.005336666666666667,0.027860333333333334,c
c,FromPlan,gesummv,3,EXTRALARGE,1.9736239344494557,0.014116333333333333,0.027860333333333334,c
c,FromPlan,gesummv,4,EXTRALARGE,5.219571598076563,0.005337666666666667,0.027860333333333334,c
c,FromPlan,gesummv,5,EXTRALARGE,4.437300913145042,0.006278666666666666,0.027860333333333334,c
c,Naive,gesummv,1,EXTRALARGE,5.222506873281679,0.005334666666666667,0.027860333333333334,c
c,Naive,gesummv,2,EXTRALARGE,2.0538395380267844,0.013565,0.027860333333333334,c
c,Naive,gesummv,3,EXTRALARGE,2.0615904494104877,0.013514,0.027860333333333334,c
c,Naive,gesummv,4,EXTRALARGE,2.0508158508158507,0.013585,0.027860333333333334,c
c,Naive,gesummv,5,EXTRALARGE,5.228387338921557,0.0053286666666666664,0.027860333333333334,c
c,standard,gesummv,1,EXTRALARGE,1.0,0.027860333333333334,0.027860333333333334,c
exo,AllHints,gesummv,2,EXTRALARGE,5.229041541541542,0.005327999999999999,0.027860333333333334,c
exo,AllHints,gesummv,3,EXTRALARGE,5.0867871705921734,0.005477,0.027860333333333334,c
exo,AllHints,gesummv,4,EXTRALARGE,5.251052333982535,0.005305666666666667,0.027860333333333334,c
exo,AllHints,gesummv,5,EXTRALARGE,5.215012166968241,0.0053423333333333335,0.027860333333333334,c
exo,ChooseHints,gesummv,1,EXTRALARGE,5.2319874804381845,0.005325,0.027860333333333334,c
exo,ChooseHints,gesummv,3,EXTRALARGE,5.228387338921557,0.0053286666666666664,0.027860333333333334,c
exo,ChooseHints,gesummv,4,EXTRALARGE,5.2260989182767466,0.005331,0.027860333333333334,c
exo,ChooseHints,gesummv,5,EXTRALARGE,5.176896872096624,0.0053816666666666665,0.027860333333333334,c
exo,FromPlan,gesummv,2,EXTRALARGE,5.142813192222495,0.005417333333333334,0.027860333333333334,c
exo,FromPlan,gesummv,3,EXTRALARGE,1.7914308984910836,0.015552000000000002,0.027860333333333334,c
exo,FromPlan,gesummv,5,EXTRALARGE,5.223486032122992,0.005333666666666667,0.027860333333333334,c
exo,Naive,gesummv,1,EXTRALARGE,5.2238125,0.005333333333333333,0.027860333333333334,c
exo,Naive,gesummv,2,EXTRALARGE,5.1390186915887845,0.0054213333333333336,0.027860333333333334,c
exo,Naive,gesummv,3,EXTRALARGE,5.199116695695446,0.005358666666666667,0.027860333333333334,c
exo,Naive,gesummv,4,EXTRALARGE,5.185568929147537,0.005372666666666667,0.027860333333333334,c
exo,Naive,gesummv,5,EXTRALARGE,1.0033733493397359,0.027766666666666665,0.027860333333333334,c
exo,standard,gesummv,1,EXTRALARGE,1.0050262737034499,0.027721,0.027860333333333334,c
exo,standard,gesummv,2,EXTRALARGE,1.0048812744214006,0.027725,0.027860333333333334,c
exo,standard,gesummv,3,EXTRALARGE,1.0047846314751812,0.027727666666666668,0.027860333333333334,c
exo,standard,gesummv,4,EXTRALARGE,1.0050625300625302,0.027719999999999998,0.027860333333333334,c
exo,standard,gesummv,5,EXTRALARGE,1.0045914013389585,0.027732999999999997,0.027860333333333334,c
halide,FromPlan,gesummv,1,EXTRALARGE,3.6886446886446884,0.007553000000000001,0.027860333333333334,c
halide,Naive,gesummv,4,EXTRALARGE,3.1351888667992043,0.008886333333333335,0.027860333333333334,c
halide,Naive,gesummv,5,EXTRALARGE,3.148653230363534,0.008848333333333333,0.027860333333333334,c
halide,standard,gesummv,1,EXTRALARGE,1.0036745722005405,0.027758333333333333,0.027860333333333334,c
halide,standard,gesummv,2,EXTRALARGE,1.1482957121464,0.02426233333333333,0.027860333333333334,c
halide,standard,gesummv,3,EXTRALARGE,1.0077892325315005,0.027645,0.027860333333333334,c
halide,standard,gesummv,4,EXTRALARGE,1.009712842939464,0.027592333333333333,0.027860333333333334,c
halide,standard,gesummv,5,EXTRALARGE,1.0081174313697112,0.027635999999999997,0.027860333333333334,c
noarr,AllHints,gesummv,1,EXTRALARGE,1.998015873015873,0.013944,0.027860333333333334,c
noarr,AllHints,gesummv,2,EXTRALARGE,5.136176488662201,0.005424333333333333,0.027860333333333334,c
noarr,AllHints,gesummv,3,EXTRALARGE,1.95882256439101,0.014223,0.027860333333333334,c
noarr,AllHints,gesummv,4,EXTRALARGE,1.9811557788944723,0.014062666666666668,0.027860333333333334,c
noarr,AllHints,gesummv,5,EXTRALARGE,3.481236203090507,0.008003000000000001,0.027860333333333334,c
noarr,ChooseHints,gesummv,1,EXTRALARGE,3.6102544166558688,0.007716999999999999,0.027860333333333334,c
noarr,ChooseHints,gesummv,2,EXTRALARGE,1.9795604187390463,0.014073999999999998,0.027860333333333334,c
noarr,ChooseHints,gesummv,3,EXTRALARGE,3.5587584092650943,0.007828666666666666,0.027860333333333334,c
noarr,ChooseHints,gesummv,4,EXTRALARGE,3.5950363456492758,0.007749666666666666,0.027860333333333334,c
noarr,ChooseHints,gesummv,5,EXTRALARGE,1.992300724637681,0.013984000000000002,0.027860333333333334,c
noarr,FromPlan,gesummv,1,EXTRALARGE,1.9865709599980987,0.014024333333333333,0.027860333333333334,c
noarr,FromPlan,gesummv,3,EXTRALARGE,1.978014436161401,0.014085,0.027860333333333334,c
noarr,FromPlan,gesummv,4,EXTRALARGE,1.9712500000000002,0.014133333333333333,0.027860333333333334,c
noarr,Naive,gesummv,1,EXTRALARGE,1.9448749272833044,0.014325,0.027860333333333334,c
noarr,Naive,gesummv,2,EXTRALARGE,1.9818134395599183,0.014058000000000001,0.027860333333333334,c
noarr,Naive,gesummv,3,EXTRALARGE,1.9843542260208928,0.014039999999999999,0.027860333333333334,c
noarr,Naive,gesummv,4,EXTRALARGE,1.9798886651664098,0.014071666666666668,0.027860333333333334,c
noarr,Naive,gesummv,5,EXTRALARGE,1.9995454545454545,0.013933333333333334,0.027860333333333334,c
noarr,standard,gesummv,1,EXTRALARGE,1.0696861881847035,0.026045333333333334,0.027860333333333334,c
noarr,standard,gesummv,2,EXTRALARGE,1.0700833472031956,0.026035666666666665,0.027860333333333334,c
noarr,standard,gesummv,3,EXTRALARGE,1.068592103917357,0.026072,0.027860333333333334,c
noarr,standard,gesummv,4,EXTRALARGE,1.0701792573623559,0.026033333333333335,0.027860333333333334,c
noarr,standard,gesummv,5,EXTRALARGE,1.0697409512107714,0.026044,0.027860333333333334,c
c,ChooseHints,gramschmidt,1,EXTRALARGE,2.899864184949504,8.032001333333334,23.291712999999998,c
c,ChooseHints,gramschmidt,4,EXTRALARGE,2.8828320770467775,8.079455333333334,23.291712999999998,c
c,Naive,gramschmidt,1,EXTRALARGE,3.401826666529052,6.846825333333332,23.291712999999998,c
c,standard,gramschmidt,1,EXTRALARGE,1.0,23.291712999999998,23.291712999999998,c
c,AllHints,heat-3d,1,EXTRALARGE,4.7364306450932485,6.431907333333334,30.464283,c
c,AllHints,heat-3d,3,EXTRALARGE,4.100647315840057,7.42914,30.464283,c
c,AllHints,heat-3d,4,EXTRALARGE,2.4761560299767282,12.303054666666668,30.464283,c
c,AllHints,heat-3d,5,EXTRALARGE,5.044106212683663,6.03958,30.464283,c
c,ChooseHints,heat-3d,1,EXTRALARGE,2.1849913204349947,13.942518999999999,30.464283,c
c,ChooseHints,heat-3d,2,EXTRALARGE,2.0598836318103104,14.789322333333333,30.464283,c
c,ChooseHints,heat-3d,3,EXTRALARGE,2.2752971156858783,13.389145,30.464283,c
c,ChooseHints,heat-3d,4,EXTRALARGE,4.4007004402393015,6.922598666666667,30.464283,c
c,ChooseHints,heat-3d,5,EXTRALARGE,1.9495079528336596,15.626652333333334,30.464283,c
c,FromPlan,heat-3d,1,EXTRALARGE,0.888537171963887,34.28588466666667,30.464283,c
c,FromPlan,heat-3d,2,EXTRALARGE,0.6858357833431927,44.419209,30.464283,c
c,FromPlan,heat-3d,3,EXTRALARGE,0.4670852824426076,65.2221,30.464283,c
c,FromPlan,heat-3d,4,EXTRALARGE,0.7084397684588076,43.001937999999996,30.464283,c
c,FromPlan,heat-3d,5,EXTRALARGE,0.5933385781469547,51.34384333333333,30.464283,c
c,Naive,heat-3d,1,EXTRALARGE,2.1012502750634567,14.498169666666668,30.464283,c
c,Naive,heat-3d,2,EXTRALARGE,1.2499212105085624,24.372962666666666,30.464283,c
c,Naive,heat-3d,3,EXTRALARGE,1.1753364284394823,25.919628,30.464283,c
c,Naive,heat-3d,5,EXTRALARGE,1.0363144726199147,29.39675533333333,30.464283,c
c,standard,heat-3d,1,EXTRALARGE,1.0,30.464283,30.464283,c
exo,AllHints,heat-3d,1,EXTRALARGE,2.275350986658429,13.388827999999998,30.464283,c
exo,AllHints,heat-3d,3,EXTRALARGE,2.329514771260582,13.077523,30.464283,c
exo,ChooseHints,heat-3d,3,EXTRALARGE,2.312428675033337,13.174150333333335,30.464283,c
exo,ChooseHints,heat-3d,4,EXTRALARGE,2.136405907741419,14.259595,30.464283,c
exo,Naive,heat-3d,2,EXTRALARGE,3.010052815080688,10.120846666666667,30.464283,c
exo,Naive,heat-3d,3,EXTRALARGE,2.1368284403537166,14.256775333333332,30.464283,c
exo,Naive,heat-3d,4,EXTRALARGE,2.232493639154827,13.645854333333332,30.464283,c
exo,standard,heat-3d,1,EXTRALARGE,0.9416249956418102,32.352882666666666,30.464283,c
exo,standard,heat-3d,2,EXTRALARGE,0.9784386633417846,31.135608333333334,30.464283,c
exo,standard,heat-3d,3,EXTRALARGE,0.9609181464886297,31.703307,30.464283,c
exo,standard,heat-3d,4,EXTRALARGE,0.9719024311414928,31.345001333333332,30.464283,c
exo,standard,heat-3d,5,EXTRALARGE,0.9648757126478762,31.573271666666667,30.464283,c
halide,AllHints,heat-3d,1,EXTRALARGE,2.3918955661699934,12.736460333333333,30.464283,c
halide,AllHints,heat-3d,2,EXTRALARGE,2.3735232297026716,12.835047333333334,30.464283,c
halide,AllHints,heat-3d,3,EXTRALARGE,2.4201331696411477,12.587854,30.464283,c
halide,AllHints,heat-3d,4,EXTRALARGE,0.10182291880787273,299.18886,30.464283,c
halide,AllHints,heat-3d,5,EXTRALARGE,1.7124028097894746,17.790372,30.464283,c
halide,ChooseHints,heat-3d,1,EXTRALARGE,2.43045571099929,12.534391333333332,30.464283,c
halide,ChooseHints,heat-3d,2,EXTRALARGE,2.4183926163289575,12.596913666666666,30.464283,c
halide,ChooseHints,heat-3d,3,EXTRALARGE,2.8427511498879436,10.716479,30.464283,c
halide,ChooseHints,heat-3d,4,EXTRALARGE,2.3491175713014893,12.968394333333334,30.464283,c
halide,ChooseHints,heat-3d,5,EXTRALARGE,0.10784846177250065,282.47304133333336,30.464283,c
halide,FromPlan,heat-3d,1,EXTRALARGE,2.4597454707065665,12.385136333333334,30.464283,c
halide,FromPlan,heat-3d,2,EXTRALARGE,2.853025861300377,10.677885333333334,30.464283,c
halide,FromPlan,heat-3d,4,EXTRALARGE,3.4066846320595223,8.942501666666667,30.464283,c
halide,FromPlan,heat-3d,5,EXTRALARGE,1.687637866473431,18.051433666666668,30.464283,c
halide,Naive,heat-3d,1,EXTRALARGE,2.4580485725272103,12.393686333333335,30.464283,c
halide,Naive,heat-3d,2,EXTRALARGE,2.3640744570998136,12.886346666666668,30.464283,c
halide,Naive,heat-3d,3,EXTRALARGE,1.4394491946659602,21.163847333333333,30.464283,c
halide,Naive,heat-3d,5,EXTRALARGE,2.4484525319355166,12.44226,30.464283,c
halide,standard,heat-3d,1,EXTRALARGE,0.3927384735173603,77.56887866666666,30.464283,c
halide,standard,heat-3d,2,EXTRALARGE,0.4214839281345033,72.27863500000001,30.464283,c
halide,standard,heat-3d,3,EXTRALARGE,0.3226133381945154,94.42970700000001,30.464283,c
halide,standard,heat-3d,4,EXTRALARGE,0.7453141475004685,40.87441933333333,30.464283,c
noarr,AllHints,heat-3d,2,EXTRALARGE,2.1002505744427946,14.505070666666667,30.464283,c
noarr,AllHints,heat-3d,3,EXTRALARGE,1.6010285959599102,19.027944333333334,30.464283,c
noarr,AllHints,heat-3d,4,EXTRALARGE,2.1962875558511086,13.870807999999998,30.464283,c
noarr,AllHints,heat-3d,5,EXTRALARGE,1.679156643913845,18.142609333333333,30.464283,c
noarr,ChooseHints,heat-3d,1,EXTRALARGE,0.9888599029041041,30.80748133333333,30.464283,c
noarr,ChooseHints,heat-3d,2,EXTRALARGE,0.987683562492408,30.844173333333334,30.464283,c
noarr,ChooseHints,heat-3d,3,EXTRALARGE,0.9934080155625519,30.66643566666667,30.464283,c
noarr,ChooseHints,heat-3d,4,EXTRALARGE,0.9933450456501131,30.668379666666667,30.464283,c
noarr,ChooseHints,heat-3d,5,EXTRALARGE,1.0015042587479337,30.418525666666667,30.464283,c
noarr,FromPlan,heat-3d,1,EXTRALARGE,0.6804868196440318,44.76836599999999,30.464283,c
noarr,FromPlan,heat-3d,2,EXTRALARGE,0.49367106843250674,61.70967866666666,30.464283,c
noarr,FromPlan,heat-3d,3,EXTRALARGE,1.1294803496937151,26.971946,30.464283,c
noarr,FromPlan,heat-3d,4,EXTRALARGE,0.47082095292447246,64.70460333333334,30.464283,c
noarr,FromPlan,heat-3d,5,EXTRALARGE,0.5094103820229122,59.80302733333334,30.464283,c
noarr,Naive,heat-3d,1,EXTRALARGE,1.716510771252949,17.747795999999997,30.464283,c
noarr,Naive,heat-3d,2,EXTRALARGE,0.9969623431277277,30.557104999999996,30.464283,c
noarr,Naive,heat-3d,3,EXTRALARGE,1.022991484205572,29.77960566666667,30.464283,c
noarr,Naive,heat-3d,4,EXTRALARGE,1.0787519496957256,28.240304,30.464283,c
noarr,standard,heat-3d,1,EXTRALARGE,0.9937005869815908,30.657406666666663,30.464283,c
noarr,standard,heat-3d,2,EXTRALARGE,0.9989879263737259,30.495146333333334,30.464283,c
noarr,standard,heat-3d,3,EXTRALARGE,0.9693046103713145,31.429008666666665,30.464283,c
noarr,standard,heat-3d,4,EXTRALARGE,1.0075690896171086,30.235428333333335,30.464283,c
noarr,standard,heat-3d,5,EXTRALARGE,1.0205562589644148,29.850665000000003,30.464283,c
c,AllHints,jacobi-1d,1,EXTRALARGE,0.23172569706103993,0.018578,0.004305,c
c,AllHints,jacobi-1d,2,EXTRALARGE,0.29277747551686617,0.014704,0.004305,c
c,AllHints,jacobi-1d,4,EXTRALARGE,0.29083252640349494,0.014802333333333334,0.004305,c
c,AllHints,jacobi-1d,5,EXTRALARGE,0.23701161659723624,0.018163666666666665,0.004305,c
c,ChooseHints,jacobi-1d,2,EXTRALARGE,0.24528982754691175,0.01755066666666667,0.004305,c
c,ChooseHints,jacobi-1d,3,EXTRALARGE,0.2578564868426307,0.016695333333333333,0.004305,c
c,ChooseHints,jacobi-1d,4,EXTRALARGE,0.24564440048691416,0.017525333333333334,0.004305,c
c,ChooseHints,jacobi-1d,5,EXTRALARGE,0.23738190640738152,0.018135333333333333,0.004305,c
c,FromPlan,jacobi-1d,2,EXTRALARGE,0.28001821256667103,0.015373999999999999,0.004305,c
c,FromPlan,jacobi-1d,3,EXTRALARGE,0.24464860769085053,0.017596666666666667,0.004305,c
c,FromPlan,jacobi-1d,4,EXTRALARGE,0.24109092945546862,0.017856333333333335,0.004305,c
c,FromPlan,jacobi-1d,5,EXTRALARGE,0.23902944605874404,0.018010333333333333,0.004305,c
c,Naive,jacobi-1d,2,EXTRALARGE,0.3761029732956696,0.011446333333333334,0.004305,c
c,Naive,jacobi-1d,3,EXTRALARGE,1.1687782805429863,0.0036833333333333336,0.004305,c
c,Naive,jacobi-1d,4,EXTRALARGE,1.174197654332212,0.0036663333333333335,0.004305,c
c,Naive,jacobi-1d,5,EXTRALARGE,1.1743044189852698,0.0036660000000000004,0.004305,c
c,standard,jacobi-1d,1,EXTRALARGE,1.0,0.004305,0.004305,c
exo,AllHints,jacobi-1d,1,EXTRALARGE,0.07791996235225977,0.055249,0.004305,c
exo,AllHints,jacobi-1d,2,EXTRALARGE,0.07728951100844408,0.05569966666666667,0.004305,c
exo,AllHints,jacobi-1d,3,EXTRALARGE,0.07716621058040461,0.055788666666666674,0.004305,c
exo,AllHints,jacobi-1d,4,EXTRALARGE,0.07743362831858407,0.055596,0.004305,c
exo,AllHints,jacobi-1d,5,EXTRALARGE,0.077055713995919,0.05586866666666667,0.004305,c
exo,ChooseHints,jacobi-1d,1,EXTRALARGE,0.07855457155369568,0.054802666666666666,0.004305,c
exo,ChooseHints,jacobi-1d,3,EXTRALARGE,0.07569319493854873,0.05687433333333333,0.004305,c
exo,ChooseHints,jacobi-1d,4,EXTRALARGE,0.07787532711858275,0.055280666666666665,0.004305,c
exo,ChooseHints,jacobi-1d,5,EXTRALARGE,0.0775326429536245,0.055525,0.004305,c
exo,FromPlan,jacobi-1d,1,EXTRALARGE,0.07775857812885707,0.055363666666666665,0.004305,c
exo,FromPlan,jacobi-1d,4,EXTRALARGE,0.08611894616815698,0.049989000000000006,0.004305,c
exo,Naive,jacobi-1d,1,EXTRALARGE,0.07602469993348206,0.056626333333333334,0.004305,c
exo,Naive,jacobi-1d,2,EXTRALARGE,0.07708422862054147,0.055848,0.004305,c
exo,Naive,jacobi-1d,5,EXTRALARGE,0.07645947914014906,0.05630433333333334,0.004305,c
exo,standard,jacobi-1d,1,EXTRALARGE,0.994073275862069,0.004330666666666667,0.004305,c
exo,standard,jacobi-1d,2,EXTRALARGE,1.0001548826763724,0.004304333333333334,0.004305,c
exo,standard,jacobi-1d,3,EXTRALARGE,0.9936908517350158,0.004332333333333333,0.004305,c
exo,standard,jacobi-1d,4,EXTRALARGE,0.9982994511865191,0.004312333333333334,0.004305,c
exo,standard,jacobi-1d,5,EXTRALARGE,0.8295863309352518,0.005189333333333333,0.004305,c
halide,AllHints,jacobi-1d,3,EXTRALARGE,0.3078591690305356,0.013983666666666667,0.004305,c
halide,AllHints,jacobi-1d,4,EXTRALARGE,0.3666430092264017,0.011741666666666666,0.004305,c
halide,AllHints,jacobi-1d,5,EXTRALARGE,0.2542873456850893,0.016929666666666666,0.004305,c
halide,ChooseHints,jacobi-1d,3,EXTRALARGE,0.0012695566028100502,3.390947666666667,0.004305,c
halide,ChooseHints,jacobi-1d,4,EXTRALARGE,0.26429419228093154,0.016288666666666667,0.004305,c
halide,FromPlan,jacobi-1d,1,EXTRALARGE,0.06584716727168904,0.06537866666666665,0.004305,c
halide,FromPlan,jacobi-1d,4,EXTRALARGE,0.2225304547099264,0.019345666666666667,0.004305,c
halide,FromPlan,jacobi-1d,5,EXTRALARGE,0.2724223759703003,0.01580266666666667,0.004305,c
halide,Naive,jacobi-1d,1,EXTRALARGE,0.07921903465027694,0.054343,0.004305,c
halide,Naive,jacobi-1d,3,EXTRALARGE,0.1075291198681176,0.040035666666666664,0.004305,c
halide,Naive,jacobi-1d,4,EXTRALARGE,0.2629489372098705,0.016372,0.004305,c
halide,Naive,jacobi-1d,5,EXTRALARGE,0.14649667078800802,0.029386333333333334,0.004305,c
halide,standard,jacobi-1d,2,EXTRALARGE,0.8075407990996061,0.005331,0.004305,c
noarr,AllHints,jacobi-1d,1,EXTRALARGE,0.06910519078169394,0.062296333333333336,0.004305,c
noarr,AllHints,jacobi-1d,2,EXTRALARGE,1.2368320245163762,0.0034806666666666666,0.004305,c
noarr,AllHints,jacobi-1d,3,EXTRALARGE,1.2407531943510424,0.0034696666666666665,0.004305,c
noarr,AllHints,jacobi-1d,4,EXTRALARGE,0.07375701019976927,0.058367333333333334,0.004305,c
noarr,AllHints,jacobi-1d,5,EXTRALARGE,1.2369504836701466,0.003480333333333333,0.004305,c
noarr,ChooseHints,jacobi-1d,1,EXTRALARGE,0.07291831342171233,0.05903866666666666,0.004305,c
noarr,ChooseHints,jacobi-1d,2,EXTRALARGE,0.5963429837927691,0.007219,0.004305,c
noarr,ChooseHints,jacobi-1d,3,EXTRALARGE,0.06964253937782762,0.061815666666666665,0.004305,c
noarr,ChooseHints,jacobi-1d,4,EXTRALARGE,0.07071210345922624,0.060880666666666666,0.004305,c
noarr,ChooseHints,jacobi-1d,5,EXTRALARGE,0.205593938043236,0.020939333333333334,0.004305,c
noarr,FromPlan,jacobi-1d,1,EXTRALARGE,0.8950724235913784,0.004809666666666667,0.004305,c
noarr,FromPlan,jacobi-1d,2,EXTRALARGE,1.2298828682982572,0.003500333333333333,0.004305,c
noarr,FromPlan,jacobi-1d,3,EXTRALARGE,0.2916403215608346,0.014761333333333333,0.004305,c
noarr,FromPlan,jacobi-1d,4,EXTRALARGE,0.8868365034676922,0.004854333333333333,0.004305,c
noarr,FromPlan,jacobi-1d,5,EXTRALARGE,0.8906896551724138,0.004833333333333333,0.004305,c
noarr,Naive,jacobi-1d,1,EXTRALARGE,0.07273106120334286,0.05919066666666667,0.004305,c
noarr,Naive,jacobi-1d,3,EXTRALARGE,0.057274251199588455,0.07516466666666667,0.004305,c
noarr,Naive,jacobi-1d,4,EXTRALARGE,0.6514501891551072,0.006608333333333333,0.004305,c
noarr,Naive,jacobi-1d,5,EXTRALARGE,0.6628175519630485,0.006495,0.004305,c
noarr,standard,jacobi-1d,1,EXTRALARGE,1.2368320245163762,0.0034806666666666666,0.004305,c
noarr,standard,jacobi-1d,2,EXTRALARGE,1.2374245472837022,0.003479,0.004305,c
noarr,standard,jacobi-1d,3,EXTRALARGE,1.2360034453057709,0.003483,0.004305,c
noarr,standard,jacobi-1d,4,EXTRALARGE,1.236240068919307,0.0034823333333333334,0.004305,c
noarr,standard,jacobi-1d,5,EXTRALARGE,1.237898974408128,0.0034776666666666667,0.004305,c
c,AllHints,jacobi-2d,1,EXTRALARGE,3.4416029103288617,5.914749666666666,20.356219666666664,c
c,AllHints,jacobi-2d,2,EXTRALARGE,3.2326447971617736,6.297079,20.356219666666664,c
c,AllHints,jacobi-2d,3,EXTRALARGE,3.079198450958238,6.610882666666666,20.356219666666664,c
c,AllHints,jacobi-2d,4,EXTRALARGE,3.1247845938954684,6.514439333333333,20.356219666666664,c
c,AllHints,jacobi-2d,5,EXTRALARGE,3.48091904892842,5.847944000000001,20.356219666666664,c
c,ChooseHints,jacobi-2d,1,EXTRALARGE,3.2047254759386843,6.351938666666666,20.356219666666664,c
c,ChooseHints,jacobi-2d,2,EXTRALARGE,3.2700399026452347,6.225067666666667,20.356219666666664,c
c,ChooseHints,jacobi-2d,3,EXTRALARGE,3.677087376968861,5.535963,20.356219666666664,c
c,ChooseHints,jacobi-2d,4,EXTRALARGE,3.779745430071688,5.385606,20.356219666666664,c
c,ChooseHints,jacobi-2d,5,EXTRALARGE,3.1264299302622383,6.511011,20.356219666666664,c
c,FromPlan,jacobi-2d,1,EXTRALARGE,0.32093697260132903,63.42746833333334,20.356219666666664,c
c,FromPlan,jacobi-2d,2,EXTRALARGE,0.3649171380885735,55.78312866666667,20.356219666666664,c
c,FromPlan,jacobi-2d,3,EXTRALARGE,2.8398574915476686,7.1680426666666675,20.356219666666664,c
c,FromPlan,jacobi-2d,4,EXTRALARGE,0.31364378525177145,64.902353,20.356219666666664,c
c,FromPlan,jacobi-2d,5,EXTRALARGE,2.6230286961001834,7.760578333333332,20.356219666666664,c
c,Naive,jacobi-2d,1,EXTRALARGE,1.2854215451190447,15.836221,20.356219666666664,c
c,Naive,jacobi-2d,2,EXTRALARGE,0.9817422003153667,20.734791333333334,20.356219666666664,c
c,Naive,jacobi-2d,3,EXTRALARGE,0.9867834525562615,20.628861999999998,20.356219666666664,c
c,Naive,jacobi-2d,4,EXTRALARGE,3.1948847135037877,6.3715036666666665,20.356219666666664,c
c,standard,jacobi-2d,1,EXTRALARGE,1.0,20.356219666666664,20.356219666666664,c
exo,AllHints,jacobi-2d,2,EXTRALARGE,3.2922251159433715,6.1831190000000005,20.356219666666664,c
exo,AllHints,jacobi-2d,3,EXTRALARGE,3.3043016437516672,6.160521,20.356219666666664,c
exo,ChooseHints,jacobi-2d,1,EXTRALARGE,3.1234131784334602,6.517299666666666,20.356219666666664,c
exo,ChooseHints,jacobi-2d,2,EXTRALARGE,3.143390175709435,6.475880666666666,20.356219666666664,c
exo,ChooseHints,jacobi-2d,4,EXTRALARGE,3.3954894655225423,5.995076666666667,20.356219666666664,c
exo,Naive,jacobi-2d,3,EXTRALARGE,3.0985086596517157,6.569683,20.356219666666664,c
exo,standard,jacobi-2d,1,EXTRALARGE,0.9880560540213024,20.602292333333335,20.356219666666664,c
exo,standard,jacobi-2d,2,EXTRALARGE,0.9915825667546028,20.529021333333333,20.356219666666664,c
exo,standard,jacobi-2d,3,EXTRALARGE,0.9905648531794772,20.550113,20.356219666666664,c
exo,standard,jacobi-2d,4,EXTRALARGE,0.9897427370865961,20.567182666666668,20.356219666666664,c
exo,standard,jacobi-2d,5,EXTRALARGE,0.9889099099158911,20.584503666666667,20.356219666666664,c
halide,AllHints,jacobi-2d,2,EXTRALARGE,2.686484902564723,7.577269333333334,20.356219666666664,c
halide,AllHints,jacobi-2d,3,EXTRALARGE,2.669420757507938,7.625706666666667,20.356219666666664,c
halide,AllHints,jacobi-2d,4,EXTRALARGE,2.7134255352501575,7.502037333333334,20.356219666666664,c
halide,ChooseHints,jacobi-2d,1,EXTRALARGE,2.3130975214920717,8.800415666666666,20.356219666666664,c
halide,ChooseHints,jacobi-2d,2,EXTRALARGE,2.730257184965685,7.4557883333333335,20.356219666666664,c
halide,ChooseHints,jacobi-2d,3,EXTRALARGE,2.2203606341884794,9.167979,20.356219666666664,c
halide,ChooseHints,jacobi-2d,4,EXTRALARGE,2.7122680126064824,7.505239,20.356219666666664,c
halide,FromPlan,jacobi-2d,1,EXTRALARGE,2.658592022803706,7.656766999999999,20.356219666666664,c
halide,FromPlan,jacobi-2d,2,EXTRALARGE,2.7506929245372462,7.400397000000001,20.356219666666664,c
halide,FromPlan,jacobi-2d,3,EXTRALARGE,2.627861659818312,7.746305666666667,20.356219666666664,c
halide,FromPlan,jacobi-2d,4,EXTRALARGE,2.289735860214386,8.890204333333335,20.356219666666664,c
halide,FromPlan,jacobi-2d,5,EXTRALARGE,0.8785484978267494,23.17028566666667,20.356219666666664,c
halide,Naive,jacobi-2d,1,EXTRALARGE,2.7743516258752603,7.337289000000001,20.356219666666664,c
halide,Naive,jacobi-2d,3,EXTRALARGE,2.433121030528072,8.366299666666666,20.356219666666664,c
halide,Naive,jacobi-2d,4,EXTRALARGE,2.441846783644905,8.336403333333333,20.356219666666664,c
halide,Naive,jacobi-2d,5,EXTRALARGE,2.3252643328069675,8.754368,20.356219666666664,c
halide,standard,jacobi-2d,3,EXTRALARGE,0.31872460823504034,63.86773766666667,20.356219666666664,c
halide,standard,jacobi-2d,4,EXTRALARGE,0.7178595035465235,28.35682966666667,20.356219666666664,c
halide,standard,jacobi-2d,5,EXTRALARGE,0.31575129277193226,64.469157,20.356219666666664,c
noarr,AllHints,jacobi-2d,1,EXTRALARGE,3.076289318190759,6.6171343333333335,20.356219666666664,c
noarr,AllHints,jacobi-2d,2,EXTRALARGE,3.1913136565303954,6.378633333333333,20.356219666666664,c
noarr,AllHints,jacobi-2d,3,EXTRALARGE,3.3138207211297037,6.142824666666667,20.356219666666664,c
noarr,AllHints,jacobi-2d,4,EXTRALARGE,3.112899922377139,6.539310666666666,20.356219666666664,c
noarr,AllHints,jacobi-2d,5,EXTRALARGE,3.1580228780950548,6.445874666666666,20.356219666666664,c
noarr,ChooseHints,jacobi-2d,1,EXTRALARGE,0.9887076486432438,20.588714666666664,20.356219666666664,c
noarr,ChooseHints,jacobi-2d,2,EXTRALARGE,2.6838429502089394,7.5847283333333335,20.356219666666664,c
noarr,ChooseHints,jacobi-2d,3,EXTRALARGE,0.9949235951303553,20.460083333333333,20.356219666666664,c
noarr,ChooseHints,jacobi-2d,4,EXTRALARGE,3.110794602614643,6.5437363333333325,20.356219666666664,c
noarr,ChooseHints,jacobi-2d,5,EXTRALARGE,3.1676743328973593,6.426235000000001,20.356219666666664,c
noarr,FromPlan,jacobi-2d,1,EXTRALARGE,0.3639664047638342,55.928842333333336,20.356219666666664,c
noarr,FromPlan,jacobi-2d,2,EXTRALARGE,0.3573698395001417,56.96121333333334,20.356219666666664,c
noarr,FromPlan,jacobi-2d,3,EXTRALARGE,0.348127462096042,58.473467,20.356219666666664,c
noarr,FromPlan,jacobi-2d,4,EXTRALARGE,0.3260441633446973,62.43393366666667,20.356219666666664,c
noarr,FromPlan,jacobi-2d,5,EXTRALARGE,0.3224568762804009,63.12850233333333,20.356219666666664,c
noarr,Naive,jacobi-2d,1,EXTRALARGE,3.0522010816434486,6.669357333333333,20.356219666666664,c
noarr,Naive,jacobi-2d,2,EXTRALARGE,0.30314833583272804,67.14936966666666,20.356219666666664,c
noarr,Naive,jacobi-2d,3,EXTRALARGE,3.2003333723230223,6.360656,20.356219666666664,c
noarr,Naive,jacobi-2d,5,EXTRALARGE,0.1564701040096812,130.09654333333333,20.356219666666664,c
noarr,standard,jacobi-2d,1,EXTRALARGE,0.9830793154282224,20.706589333333334,20.356219666666664,c
noarr,standard,jacobi-2d,2,EXTRALARGE,1.0006937498215933,20.34210733333333,20.356219666666664,c
noarr,standard,jacobi-2d,3,EXTRALARGE,0.9866110371903981,20.632467000000002,20.356219666666664,c
noarr,standard,jacobi-2d,4,EXTRALARGE,0.9833171834659126,20.701580333333336,20.356219666666664,c
noarr,standard,jacobi-2d,5,EXTRALARGE,0.9834611600564798,20.69854966666667,20.356219666666664,c
c,AllHints,lu,1,EXTRALARGE,1.67900841165017,30.250980666666667,50.791651,c
c,AllHints,lu,2,EXTRALARGE,1.7218453007372256,29.498382333333335,50.791651,c
c,AllHints,lu,3,EXTRALARGE,1.9728014841013062,25.745951333333334,50.791651,c
c,AllHints,lu,4,EXTRALARGE,1.6545118201075428,30.698874666666665,50.791651,c
c,AllHints,lu,5,EXTRALARGE,1.6871900794189265,30.104285,50.791651,c
c,ChooseHints,lu,1,EXTRALARGE,1.1808972102886446,43.01106866666667,50.791651,c
c,ChooseHints,lu,2,EXTRALARGE,1.6633879365404016,30.535060333333334,50.791651,c
c,ChooseHints,lu,3,EXTRALARGE,1.6786572460888705,30.257309000000003,50.791651,c
c,ChooseHints,lu,4,EXTRALARGE,1.695297686132395,29.960314,50.791651,c
c,ChooseHints,lu,5,EXTRALARGE,1.8667223990414348,27.209000666666668,50.791651,c
c,FromPlan,lu,1,EXTRALARGE,1.667643792226765,30.457134333333332,50.791651,c
c,FromPlan,lu,2,EXTRALARGE,1.73482959505097,29.277602333333334,50.791651,c
c,FromPlan,lu,3,EXTRALARGE,1.4293777781296568,35.534098666666665,50.791651,c
c,FromPlan,lu,4,EXTRALARGE,1.0778675985727113,47.122347,50.791651,c
c,FromPlan,lu,5,EXTRALARGE,3.617266326719097,14.041446333333333,50.791651,c
c,Naive,lu,1,EXTRALARGE,1.6580594231923145,30.633191,50.791651,c
c,Naive,lu,2,EXTRALARGE,1.6633362416665054,30.536009333333336,50.791651,c
c,Naive,lu,3,EXTRALARGE,1.677393951516447,30.28009666666667,50.791651,c
c,Naive,lu,4,EXTRALARGE,1.6677889024181258,30.45448433333333,50.791651,c
c,Naive,lu,5,EXTRALARGE,1.6837931606737313,30.165018000000003,50.791651,c
c,standard,lu,1,EXTRALARGE,1.0,50.791651,50.791651,c
exo,AllHints,lu,1,EXTRALARGE,1.6422533315604715,30.928024333333337,50.791651,c
exo,AllHints,lu,2,EXTRALARGE,1.5070352283377901,33.70302833333333,50.791651,c
exo,AllHints,lu,3,EXTRALARGE,1.5425505682398668,32.92705733333333,50.791651,c
exo,AllHints,lu,4,EXTRALARGE,0.23655070028467629,214.71782133333332,50.791651,c
exo,AllHints,lu,5,EXTRALARGE,1.3498397532647195,37.62791166666667,50.791651,c
exo,ChooseHints,lu,1,EXTRALARGE,1.5417826047912901,32.94345833333333,50.791651,c
exo,ChooseHints,lu,2,EXTRALARGE,1.7478025799053722,29.060290666666663,50.791651,c
exo,ChooseHints,lu,3,EXTRALARGE,0.9712948700361167,52.292720333333335,50.791651,c
exo,FromPlan,lu,3,EXTRALARGE,1.0433362825437829,48.68195599999999,50.791651,c
exo,Naive,lu,1,EXTRALARGE,2.073532711327307,24.495225333333334,50.791651,c
exo,Naive,lu,2,EXTRALARGE,1.5624617382610868,32.507452666666666,50.791651,c
exo,Naive,lu,3,EXTRALARGE,1.5262405529937575,33.278929000000005,50.791651,c
exo,Naive,lu,4,EXTRALARGE,1.506228060959834,33.72108933333333,50.791651,c
exo,Naive,lu,5,EXTRALARGE,1.554042892147789,32.683558,50.791651,c
exo,standard,lu,1,EXTRALARGE,0.9806976565891614,51.79134533333333,50.791651,c
exo,standard,lu,2,EXTRALARGE,0.978057837714393,51.93113233333333,50.791651,c
exo,standard,lu,3,EXTRALARGE,0.9734329728664938,52.17786166666667,50.791651,c
exo,standard,lu,4,EXTRALARGE,0.9768638688571631,51.994605,50.791651,c
exo,standard,lu,5,EXTRALARGE,0.9722217016833435,52.242869000000006,50.791651,c
halide,ChooseHints,lu,2,EXTRALARGE,0.8543548739546247,59.450297,50.791651,c
halide,ChooseHints,lu,4,EXTRALARGE,0.8007185128599795,63.43259233333333,50.791651,c
halide,ChooseHints,lu,5,EXTRALARGE,0.6944517723023125,73.13920566666667,50.791651,c
halide,FromPlan,lu,5,EXTRALARGE,0.7715701496124479,65.82894766666666,50.791651,c
halide,standard,lu,1,EXTRALARGE,0.7589743974682828,66.92142866666667,50.791651,c
halide,standard,lu,5,EXTRALARGE,0.7817121130416754,64.97488033333333,50.791651,c
noarr,AllHints,lu,1,EXTRALARGE,0.9968270437523503,50.95332366666667,50.791651,c
noarr,AllHints,lu,2,EXTRALARGE,0.9929305667730227,51.153275666666666,50.791651,c
noarr,AllHints,lu,3,EXTRALARGE,1.6053020527792505,31.639934,50.791651,c
noarr,AllHints,lu,4,EXTRALARGE,1.0016733455537847,50.706801000000006,50.791651,c
noarr,AllHints,lu,5,EXTRALARGE,1.595820986815577,31.827912666666666,50.791651,c
noarr,ChooseHints,lu,1,EXTRALARGE,0.9974256885067188,50.922742,50.791651,c
noarr,ChooseHints,lu,2,EXTRALARGE,1.0076534002412312,50.40587466666667,50.791651,c
noarr,ChooseHints,lu,3,EXTRALARGE,0.9981874351775734,50.883881333333335,50.791651,c
noarr,ChooseHints,lu,5,EXTRALARGE,0.9960454287847956,50.99330766666666,50.791651,c
noarr,FromPlan,lu,1,EXTRALARGE,1.5781776252489277,32.18373533333333,50.791651,c
noarr,FromPlan,lu,2,EXTRALARGE,1.5761169128149157,32.22581433333334,50.791651,c
noarr,FromPlan,lu,3,EXTRALARGE,1.605304657261266,31.639882666666665,50.791651,c
noarr,FromPlan,lu,4,EXTRALARGE,1.5799126766052596,32.148391333333336,50.791651,c
noarr,FromPlan,lu,5,EXTRALARGE,1.5915350447194592,31.913624,50.791651,c
noarr,Naive,lu,1,EXTRALARGE,0.9953373582622018,51.02958366666667,50.791651,c
noarr,Naive,lu,2,EXTRALARGE,0.9905758969182383,51.274870666666665,50.791651,c
noarr,Naive,lu,3,EXTRALARGE,1.6042526780183815,31.660630333333334,50.791651,c
noarr,Naive,lu,4,EXTRALARGE,0.9949587911938125,51.04899966666667,50.791651,c
noarr,standard,lu,2,EXTRALARGE,0.9950395329410004,51.04485733333333,50.791651,c
noarr,standard,lu,5,EXTRALARGE,0.9921079876883382,51.195688,50.791651,c
c,AllHints,ludcmp,1,EXTRALARGE,1.5066975176384994,30.734994333333333,46.308339666666676,c
c,AllHints,ludcmp,2,EXTRALARGE,1.900614049085402,24.364936,46.308339666666676,c
c,AllHints,ludcmp,3,EXTRALARGE,1.2270829017271683,37.73855833333334,46.308339666666676,c
c,AllHints,ludcmp,5,EXTRALARGE,0.9931711015637543,46.626749,46.308339666666676,c
c,ChooseHints,ludcmp,1,EXTRALARGE,1.7573905838082984,26.350624666666665,46.308339666666676,c
c,ChooseHints,ludcmp,2,EXTRALARGE,1.786199709147455,25.92562266666667,46.308339666666676,c
c,ChooseHints,ludcmp,3,EXTRALARGE,1.9746862246405306,23.450986333333333,46.308339666666676,c
c,ChooseHints,ludcmp,4,EXTRALARGE,1.7252649049672564,26.84129233333333,46.308339666666676,c
c,ChooseHints,ludcmp,5,EXTRALARGE,1.5155906776169268,30.554648,46.308339666666676,c
c,FromPlan,ludcmp,1,EXTRALARGE,1.5217712501373484,30.430552333333335,46.308339666666676,c
c,FromPlan,ludcmp,3,EXTRALARGE,1.9607314206768487,23.61789033333333,46.308339666666676,c
c,FromPlan,ludcmp,4,EXTRALARGE,1.5178611617802256,30.508943,46.308339666666676,c
c,FromPlan,ludcmp,5,EXTRALARGE,1.527923654705337,30.308019333333334,46.308339666666676,c
c,Naive,ludcmp,2,EXTRALARGE,1.525305085129854,30.360050666666666,46.308339666666676,c
c,Naive,ludcmp,3,EXTRALARGE,0.9980044296232876,46.400936,46.308339666666676,c
c,Naive,ludcmp,4,EXTRALARGE,1.2477020371727054,37.114902666666666,46.308339666666676,c
c,standard,ludcmp,1,EXTRALARGE,1.0,46.308339666666676,46.308339666666676,c
exo,AllHints,ludcmp,2,EXTRALARGE,0.9091423452989889,50.93629166666667,46.308339666666676,c
exo,AllHints,ludcmp,5,EXTRALARGE,1.582217715770164,29.267994666666667,46.308339666666676,c
exo,ChooseHints,ludcmp,1,EXTRALARGE,0.9715508277174837,47.664351,46.308339666666676,c
exo,ChooseHints,ludcmp,3,EXTRALARGE,1.598832749250684,28.963842333333332,46.308339666666676,c
exo,ChooseHints,ludcmp,4,EXTRALARGE,1.435393141755016,32.26178133333334,46.308339666666676,c
exo,FromPlan,ludcmp,3,EXTRALARGE,0.246058705084312,188.20037133333335,46.308339666666676,c
exo,Naive,ludcmp,1,EXTRALARGE,1.4319442374964204,32.339485333333336,46.308339666666676,c
exo,Naive,ludcmp,2,EXTRALARGE,0.9130815674827883,50.716542000000004,46.308339666666676,c
exo,Naive,ludcmp,3,EXTRALARGE,1.3153486668108716,35.20613266666667,46.308339666666676,c
exo,Naive,ludcmp,5,EXTRALARGE,0.9747086075952851,47.509932,46.308339666666676,c
exo,standard,ludcmp,1,EXTRALARGE,0.9128758504192228,50.727971000000004,46.308339666666676,c
exo,standard,ludcmp,2,EXTRALARGE,0.9165173685311846,50.526418,46.308339666666676,c
exo,standard,ludcmp,3,EXTRALARGE,0.9113355783924527,50.813707666666666,46.308339666666676,c
exo,standard,ludcmp,4,EXTRALARGE,0.9165417847730464,50.525072,46.308339666666676,c
exo,standard,ludcmp,5,EXTRALARGE,0.9067581075553277,51.070223999999996,46.308339666666676,c
halide,AllHints,ludcmp,2,EXTRALARGE,0.709014845531217,65.31363900000001,46.308339666666676,c
halide,AllHints,ludcmp,4,EXTRALARGE,0.7815316707895962,59.25331166666667,46.308339666666676,c
halide,ChooseHints,ludcmp,1,EXTRALARGE,0.7071088399388497,65.48969133333334,46.308339666666676,c
halide,Naive,ludcmp,3,EXTRALARGE,0.7823625131468424,59.19038666666666,46.308339666666676,c
halide,standard,ludcmp,1,EXTRALARGE,0.9102342711080826,50.875188,46.308339666666676,c
halide,standard,ludcmp,3,EXTRALARGE,0.7216952111953929,64.166062,46.308339666666676,c
halide,standard,ludcmp,4,EXTRALARGE,0.6904972609442399,67.065204,46.308339666666676,c
noarr,AllHints,ludcmp,1,EXTRALARGE,0.9165103667880256,50.526804,46.308339666666676,c
noarr,AllHints,ludcmp,2,EXTRALARGE,1.1011706554139107,42.05373566666666,46.308339666666676,c
noarr,AllHints,ludcmp,3,EXTRALARGE,0.9045613514835577,51.19424966666667,46.308339666666676,c
noarr,AllHints,ludcmp,4,EXTRALARGE,0.9068832806942905,51.063175,46.308339666666676,c
noarr,AllHints,ludcmp,5,EXTRALARGE,0.9079968620730767,51.00055033333334,46.308339666666676,c
noarr,ChooseHints,ludcmp,1,EXTRALARGE,0.8993225546699678,51.49247,46.308339666666676,c
noarr,ChooseHints,ludcmp,2,EXTRALARGE,0.8997429620745362,51.46841,46.308339666666676,c
noarr,ChooseHints,ludcmp,3,EXTRALARGE,0.9095292775323021,50.914622333333334,46.308339666666676,c
noarr,ChooseHints,ludcmp,4,EXTRALARGE,0.9007567049048887,51.410485666666666,46.308339666666676,c
noarr,ChooseHints,ludcmp,5,EXTRALARGE,0.90763554990372,51.02085266666666,46.308339666666676,c
noarr,FromPlan,ludcmp,1,EXTRALARGE,0.9076659353899793,51.01914466666667,46.308339666666676,c
noarr,FromPlan,ludcmp,2,EXTRALARGE,0.9035468356275497,51.25173133333334,46.308339666666676,c
noarr,FromPlan,ludcmp,3,EXTRALARGE,0.9052305959702511,51.15640133333333,46.308339666666676,c
noarr,FromPlan,ludcmp,5,EXTRALARGE,0.9139537752670441,50.668141999999996,46.308339666666676,c
noarr,Naive,ludcmp,1,EXTRALARGE,0.9152987254293222,50.59368966666667,46.308339666666676,c
noarr,Naive,ludcmp,2,EXTRALARGE,0.9040116436033054,51.22537966666667,46.308339666666676,c
noarr,Naive,ludcmp,3,EXTRALARGE,0.9108060911110303,50.84324766666666,46.308339666666676,c
noarr,Naive,ludcmp,4,EXTRALARGE,0.9151953762511127,50.599402999999995,46.308339666666676,c
noarr,Naive,ludcmp,5,EXTRALARGE,0.9153789728059708,50.589254333333336,46.308339666666676,c
noarr,standard,ludcmp,1,EXTRALARGE,0.9028366516082351,51.29204666666667,46.308339666666676,c
c,AllHints,mvt,1,EXTRALARGE,5.531429161716853,0.012907333333333333,0.071396,c
c,AllHints,mvt,2,EXTRALARGE,5.658714432907982,0.012616999999999998,0.071396,c
c,AllHints,mvt,4,EXTRALARGE,6.650355512776726,0.010735666666666666,0.071396,c
c,AllHints,mvt,5,EXTRALARGE,4.050760269309327,0.017625333333333333,0.071396,c
c,ChooseHints,mvt,1,EXTRALARGE,5.081565836298933,0.01405,0.071396,c
c,ChooseHints,mvt,2,EXTRALARGE,8.738087467362925,0.008170666666666666,0.071396,c
c,ChooseHints,mvt,3,EXTRALARGE,1.0100634743980308,0.07068466666666666,0.071396,c
c,ChooseHints,mvt,5,EXTRALARGE,5.724655886676467,0.012471666666666667,0.071396,c
c,FromPlan,mvt,1,EXTRALARGE,2.2581522598602017,0.031617,0.071396,c
c,FromPlan,mvt,2,EXTRALARGE,1.9478010985413408,0.03665466666666667,0.071396,c
c,FromPlan,mvt,3,EXTRALARGE,2.828721985234882,0.025239666666666664,0.071396,c
c,FromPlan,mvt,4,EXTRALARGE,2.8676931316106575,0.024896666666666668,0.071396,c
c,FromPlan,mvt,5,EXTRALARGE,2.8775946152916045,0.024811,0.071396,c
c,Naive,mvt,1,EXTRALARGE,2.882086198312634,0.02477233333333333,0.071396,c
c,Naive,mvt,2,EXTRALARGE,2.857211461501521,0.024988,0.071396,c
c,Naive,mvt,3,EXTRALARGE,2.8461630456448077,0.025085,0.071396,c
c,Naive,mvt,4,EXTRALARGE,1.9932623585467542,0.035818666666666665,0.071396,c
c,Naive,mvt,5,EXTRALARGE,2.900193627882415,0.024617666666666666,0.071396,c
c,standard,mvt,1,EXTRALARGE,1.0,0.071396,0.071396,c
exo,AllHints,mvt,1,EXTRALARGE,4.688571240943021,0.015227666666666667,0.071396,c
exo,AllHints,mvt,2,EXTRALARGE,4.869458464056746,0.014662,0.071396,c
exo,AllHints,mvt,3,EXTRALARGE,4.908628394637332,0.014545,0.071396,c
exo,AllHints,mvt,4,EXTRALARGE,3.2271809552508666,0.02212333333333333,0.071396,c
exo,AllHints,mvt,5,EXTRALARGE,3.28262502107312,0.021749666666666667,0.071396,c
exo,ChooseHints,mvt,1,EXTRALARGE,2.770795063517115,0.025767333333333333,0.071396,c
exo,ChooseHints,mvt,2,EXTRALARGE,2.790141468879452,0.025588666666666666,0.071396,c
exo,ChooseHints,mvt,3,EXTRALARGE,5.030130809515981,0.014193666666666667,0.071396,c
exo,ChooseHints,mvt,4,EXTRALARGE,2.872461979990881,0.02485533333333333,0.071396,c
exo,ChooseHints,mvt,5,EXTRALARGE,5.644101293841736,0.012649666666666665,0.071396,c
exo,FromPlan,mvt,2,EXTRALARGE,2.4415844970076948,0.029241666666666666,0.071396,c
exo,FromPlan,mvt,3,EXTRALARGE,0.6253792048304637,0.11416433333333333,0.071396,c
exo,FromPlan,mvt,4,EXTRALARGE,0.6264931965227973,0.11396133333333332,0.071396,c
exo,Naive,mvt,2,EXTRALARGE,4.866913585857438,0.014669666666666666,0.071396,c
exo,Naive,mvt,3,EXTRALARGE,2.6869558672253304,0.026571333333333336,0.071396,c
exo,Naive,mvt,4,EXTRALARGE,3.3013455817753052,0.02162633333333333,0.071396,c
exo,standard,mvt,1,EXTRALARGE,0.96278116403258,0.074156,0.071396,c
exo,standard,mvt,2,EXTRALARGE,0.9627205796423981,0.07416066666666667,0.071396,c
exo,standard,mvt,3,EXTRALARGE,0.9546196015510094,0.07479000000000001,0.071396,c
exo,standard,mvt,4,EXTRALARGE,0.9469551607968664,0.07539533333333333,0.071396,c
exo,standard,mvt,5,EXTRALARGE,0.954577056778679,0.07479333333333334,0.071396,c
halide,AllHints,mvt,3,EXTRALARGE,6.109707048520981,0.011685666666666665,0.071396,c
halide,AllHints,mvt,5,EXTRALARGE,1.470879486880146,0.04853966666666667,0.071396,c
halide,ChooseHints,mvt,2,EXTRALARGE,1.6397795130914101,0.04354,0.071396,c
halide,FromPlan,mvt,5,EXTRALARGE,1.7735639702898973,0.04025566666666666,0.071396,c
halide,Naive,mvt,2,EXTRALARGE,3.6188963606258233,0.01972866666666667,0.071396,c
halide,Naive,mvt,3,EXTRALARGE,6.1242065534396986,0.011658,0.071396,c
halide,standard,mvt,1,EXTRALARGE,0.9249504463071164,0.077189,0.071396,c
halide,standard,mvt,2,EXTRALARGE,1.135558983983586,0.062873,0.071396,c
halide,standard,mvt,3,EXTRALARGE,0.9272488776716177,0.07699766666666667,0.071396,c
halide,standard,mvt,4,EXTRALARGE,0.9275259392700628,0.07697466666666668,0.071396,c
halide,standard,mvt,5,EXTRALARGE,0.9235266725306566,0.077308,0.071396,c
noarr,AllHints,mvt,1,EXTRALARGE,4.207602396621158,0.016968333333333332,0.071396,c
noarr,AllHints,mvt,2,EXTRALARGE,2.619844415088801,0.027252,0.071396,c
noarr,AllHints,mvt,3,EXTRALARGE,2.9728514323784148,0.024016,0.071396,c
noarr,AllHints,mvt,4,EXTRALARGE,4.1870393900889455,0.017051666666666666,0.071396,c
noarr,AllHints,mvt,5,EXTRALARGE,2.5710375954290106,0.02776933333333333,0.071396,c
noarr,ChooseHints,mvt,1,EXTRALARGE,2.6146315262637487,0.027306333333333332,0.071396,c
noarr,ChooseHints,mvt,2,EXTRALARGE,2.5658939802336027,0.027825000000000003,0.071396,c
noarr,ChooseHints,mvt,3,EXTRALARGE,2.579242079404646,0.027681,0.071396,c
noarr,ChooseHints,mvt,4,EXTRALARGE,2.566877988567046,0.027814333333333333,0.071396,c
noarr,ChooseHints,mvt,5,EXTRALARGE,2.565740297077144,0.027826666666666666,0.071396,c
noarr,FromPlan,mvt,1,EXTRALARGE,1.9712305695905463,0.036219,0.071396,c
noarr,FromPlan,mvt,2,EXTRALARGE,1.967825807340714,0.03628166666666666,0.071396,c
noarr,FromPlan,mvt,3,EXTRALARGE,1.9817725922704688,0.036026333333333334,0.071396,c
noarr,FromPlan,mvt,4,EXTRALARGE,1.9838283920086692,0.035989,0.071396,c
noarr,FromPlan,mvt,5,EXTRALARGE,1.9835711838193757,0.03599366666666667,0.071396,c
noarr,Naive,mvt,1,EXTRALARGE,0.9910467650365763,0.07204100000000001,0.071396,c
noarr,Naive,mvt,2,EXTRALARGE,1.356461602766273,0.05263399999999999,0.071396,c
noarr,Naive,mvt,3,EXTRALARGE,2.543891112509947,0.028065666666666666,0.071396,c
noarr,Naive,mvt,4,EXTRALARGE,1.975849376862264,0.03613433333333333,0.071396,c
noarr,Naive,mvt,5,EXTRALARGE,2.5787141825186612,0.027686666666666665,0.071396,c
noarr,standard,mvt,1,EXTRALARGE,0.9971972624423856,0.07159666666666667,0.071396,c
noarr,standard,mvt,2,EXTRALARGE,1.001496250023379,0.07128933333333333,0.071396,c
noarr,standard,mvt,3,EXTRALARGE,1.0105829342518107,0.07064833333333333,0.071396,c
noarr,standard,mvt,4,EXTRALARGE,0.9973783591228911,0.07158366666666667,0.071396,c
noarr,standard,mvt,5,EXTRALARGE,1.0046954082566009,0.07106233333333334,0.071396,c
c,AllHints,nussinov,1,EXTRALARGE,18.124292016376067,5.907563666666667,107.070409,c
c,AllHints,nussinov,3,EXTRALARGE,19.080445383332176,5.611525666666666,107.070409,c
c,AllHints,nussinov,5,EXTRALARGE,18.258750592592847,5.864059999999999,107.070409,c
c,ChooseHints,nussinov,1,EXTRALARGE,18.198814704808207,5.883372666666666,107.070409,c
c,ChooseHints,nussinov,2,EXTRALARGE,18.19442127109533,5.8847933333333335,107.070409,c
c,ChooseHints,nussinov,4,EXTRALARGE,18.209463816928494,5.879932,107.070409,c
c,ChooseHints,nussinov,5,EXTRALARGE,17.551950591783875,6.1002,107.070409,c
c,FromPlan,nussinov,1,EXTRALARGE,1.5080784285113764,70.997905,107.070409,c
c,FromPlan,nussinov,3,EXTRALARGE,16.043100039916553,6.673922666666667,107.070409,c
c,FromPlan,nussinov,4,EXTRALARGE,14.988538368547156,7.143485666666667,107.070409,c
c,FromPlan,nussinov,5,EXTRALARGE,1.4660832111986146,73.03160433333333,107.070409,c
c,Naive,nussinov,1,EXTRALARGE,1.5427162626013589,69.40382466666667,107.070409,c
c,Naive,nussinov,2,EXTRALARGE,1.809392293576369,59.17479,107.070409,c
c,Naive,nussinov,3,EXTRALARGE,1.8763620133342989,57.06276733333333,107.070409,c
c,Naive,nussinov,5,EXTRALARGE,1.87098245099023,57.22683766666666,107.070409,c
c,standard,nussinov,1,EXTRALARGE,1.0,107.070409,107.070409,c
exo,AllHints,nussinov,2,EXTRALARGE,16.91545579951567,6.329738333333334,107.070409,c
exo,AllHints,nussinov,3,EXTRALARGE,17.92121741069107,5.974505333333333,107.070409,c
exo,AllHints,nussinov,5,EXTRALARGE,18.549223483420104,5.772231333333333,107.070409,c
exo,ChooseHints,nussinov,1,EXTRALARGE,1.0228716813571583,104.67628633333334,107.070409,c
exo,ChooseHints,nussinov,2,EXTRALARGE,16.48273783484843,6.495911666666667,107.070409,c
exo,ChooseHints,nussinov,3,EXTRALARGE,16.684721775366878,6.417272666666666,107.070409,c
exo,ChooseHints,nussinov,4,EXTRALARGE,18.33364137568736,5.840106,107.070409,c
exo,ChooseHints,nussinov,5,EXTRALARGE,13.957884858166645,7.670962333333333,107.070409,c
exo,FromPlan,nussinov,1,EXTRALARGE,18.471742557073792,5.796443333333333,107.070409,c
exo,FromPlan,nussinov,4,EXTRALARGE,1.0218550127874704,104.78043133333334,107.070409,c
exo,Naive,nussinov,1,EXTRALARGE,1.0859129047221505,98.59944433333334,107.070409,c
exo,Naive,nussinov,2,EXTRALARGE,1.0849876889108403,98.68352433333332,107.070409,c
exo,standard,nussinov,1,EXTRALARGE,0.995487163790456,107.55579066666667,107.070409,c
exo,standard,nussinov,2,EXTRALARGE,0.9992141511377226,107.15461633333332,107.070409,c
exo,standard,nussinov,3,EXTRALARGE,0.9925894201576865,107.86978666666666,107.070409,c
exo,standard,nussinov,5,EXTRALARGE,0.9272602517386063,115.46964166666667,107.070409,c
halide,AllHints,nussinov,4,EXTRALARGE,1.37279276091332,77.99459033333333,107.070409,c
halide,ChooseHints,nussinov,1,EXTRALARGE,1.4020712128197033,76.365885,107.070409,c
halide,ChooseHints,nussinov,3,EXTRALARGE,1.402408902383134,76.34749666666667,107.070409,c
halide,standard,nussinov,3,EXTRALARGE,0.4125142967423647,259.555632,107.070409,c
halide,standard,nussinov,4,EXTRALARGE,1.303538976098699,82.138249,107.070409,c
c,AllHints,seidel-2d,1,EXTRALARGE,1.356643878690893,160.61018966666666,217.89083066666663,c
c,AllHints,seidel-2d,2,EXTRALARGE,0.9744102017424056,223.61304333333337,217.89083066666663,c
c,AllHints,seidel-2d,3,EXTRALARGE,0.9742792336029534,223.64310266666666,217.89083066666663,c
c,AllHints,seidel-2d,4,EXTRALARGE,0.9097337595050544,239.51054733333334,217.89083066666663,c
c,AllHints,seidel-2d,5,EXTRALARGE,1.3098930587120317,166.34245766666666,217.89083066666663,c
c,ChooseHints,seidel-2d,1,EXTRALARGE,1.3568414164101703,160.586807,217.89083066666663,c
c,ChooseHints,seidel-2d,2,EXTRALARGE,0.9743373529230314,223.62976233333333,217.89083066666663,c
c,ChooseHints,seidel-2d,3,EXTRALARGE,1.8703066763931284,116.50005499999999,217.89083066666663,c
c,ChooseHints,seidel-2d,4,EXTRALARGE,0.9999781424369634,217.89559333333332,217.89083066666663,c
c,ChooseHints,seidel-2d,5,EXTRALARGE,1.2257435971802044,177.762161,217.89083066666663,c
c,FromPlan,seidel-2d,1,EXTRALARGE,1.8863341185059386,115.51019966666667,217.89083066666663,c
c,FromPlan,seidel-2d,2,EXTRALARGE,1.8944318398226612,115.016453,217.89083066666663,c
c,FromPlan,seidel-2d,3,EXTRALARGE,1.8945298855638983,115.01050066666666,217.89083066666663,c
c,FromPlan,seidel-2d,4,EXTRALARGE,1.8864955044250757,115.500318,217.89083066666663,c
c,FromPlan,seidel-2d,5,EXTRALARGE,1.8942699660421083,115.02628166666666,217.89083066666663,c
c,Naive,seidel-2d,2,EXTRALARGE,0.9099561019511281,239.4520243333333,217.89083066666663,c
c,Naive,seidel-2d,3,EXTRALARGE,1.266987413463148,171.97552900000002,217.89083066666663,c
c,Naive,seidel-2d,4,EXTRALARGE,1.1962775977066622,182.14069299999997,217.89083066666663,c
c,Naive,seidel-2d,5,EXTRALARGE,0.9977406641299328,218.384234,217.89083066666663,c
c,standard,seidel-2d,1,EXTRALARGE,1.0,217.89083066666663,217.89083066666663,c
exo,AllHints,seidel-2d,1,EXTRALARGE,1.0000309568272476,217.88408566666666,217.89083066666663,c
exo,ChooseHints,seidel-2d,1,EXTRALARGE,0.8837868178848218,246.54229533333333,217.89083066666663,c
exo,FromPlan,seidel-2d,2,EXTRALARGE,1.148634639426586,189.69550733333332,217.89083066666663,c
exo,FromPlan,seidel-2d,3,EXTRALARGE,1.150926493527699,189.31776433333334,217.89083066666663,c
exo,Naive,seidel-2d,3,EXTRALARGE,0.8834900949767085,246.62509733333331,217.89083066666663,c
exo,standard,seidel-2d,1,EXTRALARGE,1.000014969494045,217.88756899999998,217.89083066666663,c
exo,standard,seidel-2d,2,EXTRALARGE,0.9999813870498067,217.89488633333335,217.89083066666663,c
exo,standard,seidel-2d,3,EXTRALARGE,1.000063095208402,217.87708366666666,217.89083066666663,c
exo,standard,seidel-2d,4,EXTRALARGE,0.9999883383327332,217.89337166666667,217.89083066666663,c
exo,standard,seidel-2d,5,EXTRALARGE,1.0000192776093093,217.88663033333333,217.89083066666663,c
halide,AllHints,seidel-2d,1,EXTRALARGE,22.49330727986936,9.686918333333333,217.89083066666663,c
halide,AllHints,seidel-2d,2,EXTRALARGE,19.205418453496527,11.345279,217.89083066666663,c
halide,ChooseHints,seidel-2d,1,EXTRALARGE,19.035720312760404,11.446419,217.89083066666663,c
halide,Naive,seidel-2d,1,EXTRALARGE,20.00516269377469,10.89173,217.89083066666663,c
halide,Naive,seidel-2d,2,EXTRALARGE,21.54326365671175,10.114105,217.89083066666663,c
halide,Naive,seidel-2d,5,EXTRALARGE,20.395696024381756,10.683177,217.89083066666663,c
halide,standard,seidel-2d,1,EXTRALARGE,4.064020876703701,53.614594333333336,217.89083066666663,c
halide,standard,seidel-2d,3,EXTRALARGE,11.648802048407841,18.704999,217.89083066666663,c
halide,standard,seidel-2d,5,EXTRALARGE,24.004334255453873,9.077145333333334,217.89083066666663,c
noarr,AllHints,seidel-2d,1,EXTRALARGE,1.0001118207870583,217.8664686666667,217.89083066666663,c
noarr,AllHints,seidel-2d,2,EXTRALARGE,1.2452307640674034,174.98028233333332,217.89083066666663,c
noarr,AllHints,seidel-2d,3,EXTRALARGE,1.2661570128581687,172.088318,217.89083066666663,c
noarr,AllHints,seidel-2d,4,EXTRALARGE,1.356617846119669,160.6132716666667,217.89083066666663,c
noarr,AllHints,seidel-2d,5,EXTRALARGE,1.3566993849553275,160.60361866666668,217.89083066666663,c
noarr,ChooseHints,seidel-2d,1,EXTRALARGE,1.356868584176123,160.58359166666665,217.89083066666663,c
noarr,ChooseHints,seidel-2d,2,EXTRALARGE,1.356972488526161,160.57129566666666,217.89083066666663,c
noarr,ChooseHints,seidel-2d,3,EXTRALARGE,1.0001086977397708,217.867149,217.89083066666663,c
noarr,ChooseHints,seidel-2d,4,EXTRALARGE,0.9999245198839042,217.90727833333335,217.89083066666663,c
noarr,ChooseHints,seidel-2d,5,EXTRALARGE,1.3569212160163986,160.577363,217.89083066666663,c
noarr,FromPlan,seidel-2d,1,EXTRALARGE,1.1487554826451651,189.67555233333334,217.89083066666663,c
noarr,FromPlan,seidel-2d,2,EXTRALARGE,1.3567084097632975,160.60255033333334,217.89083066666663,c
noarr,FromPlan,seidel-2d,3,EXTRALARGE,1.150565593408697,189.377148,217.89083066666663,c
noarr,FromPlan,seidel-2d,4,EXTRALARGE,1.1504169647663192,189.40161466666666,217.89083066666663,c
noarr,Naive,seidel-2d,1,EXTRALARGE,1.0000283926999638,217.88464433333334,217.89083066666663,c
noarr,Naive,seidel-2d,2,EXTRALARGE,1.2451483781397983,174.99186,217.89083066666663,c
noarr,Naive,seidel-2d,3,EXTRALARGE,1.3569418208912793,160.57492466666665,217.89083066666663,c
noarr,Naive,seidel-2d,4,EXTRALARGE,0.9959550866085515,218.77575966666666,217.89083066666663,c
noarr,Naive,seidel-2d,5,EXTRALARGE,1.3568792983651161,160.58232366666667,217.89083066666663,c
noarr,standard,seidel-2d,1,EXTRALARGE,1.000015413154769,217.88747233333333,217.89083066666663,c
noarr,standard,seidel-2d,2,EXTRALARGE,0.9998989060735883,217.91286033333333,217.89083066666663,c
noarr,standard,seidel-2d,3,EXTRALARGE,0.9999556816044634,217.90048766666666,217.89083066666663,c
noarr,standard,seidel-2d,4,EXTRALARGE,0.9999901021749572,217.8929873333333,217.89083066666663,c
noarr,standard,seidel-2d,5,EXTRALARGE,0.9999593742716304,217.899683,217.89083066666663,c
c,AllHints,symm,1,EXTRALARGE,46.62981533889021,0.3447576666666667,16.075986333333333,c
c,AllHints,symm,2,EXTRALARGE,2.6240728912657985,6.126349,16.075986333333333,c
c,AllHints,symm,3,EXTRALARGE,14.568879459850207,1.103447,16.075986333333333,c
c,AllHints,symm,4,EXTRALARGE,0.8678999009026198,18.522857666666667,16.075986333333333,c
c,AllHints,symm,5,EXTRALARGE,31.901355616939984,0.503928,16.075986333333333,c
c,ChooseHints,symm,1,EXTRALARGE,2.6327874685586123,6.106070666666667,16.075986333333333,c
c,ChooseHints,symm,2,EXTRALARGE,14.957661791807082,1.074766,16.075986333333333,c
c,ChooseHints,symm,3,EXTRALARGE,39.369408927756574,0.40833699999999995,16.075986333333333,c
c,ChooseHints,symm,4,EXTRALARGE,39.33919027824906,0.40865066666666666,16.075986333333333,c
c,ChooseHints,symm,5,EXTRALARGE,14.451454930258215,1.112413,16.075986333333333,c
c,FromPlan,symm,1,EXTRALARGE,1.3336422805999237,12.054196666666668,16.075986333333333,c
c,FromPlan,symm,2,EXTRALARGE,1.5007399462038353,10.71204,16.075986333333333,c
c,FromPlan,symm,3,EXTRALARGE,6.013580443801817,2.673280333333333,16.075986333333333,c
c,FromPlan,symm,4,EXTRALARGE,1.4669862416843942,10.958511999999999,16.075986333333333,c
c,FromPlan,symm,5,EXTRALARGE,2.6471057780591916,6.073042666666666,16.075986333333333,c
c,Naive,symm,1,EXTRALARGE,2.593729481013263,6.198019666666667,16.075986333333333,c
c,Naive,symm,2,EXTRALARGE,2.6571420008018594,6.0501043333333335,16.075986333333333,c
c,Naive,symm,3,EXTRALARGE,2.613790547985979,6.150449333333333,16.075986333333333,c
c,Naive,symm,4,EXTRALARGE,0.9969403406108234,16.125324333333335,16.075986333333333,c
c,Naive,symm,5,EXTRALARGE,1.7678339862157364,9.093606333333334,16.075986333333333,c
c,standard,symm,1,EXTRALARGE,1.0,16.075986333333333,16.075986333333333,c
exo,AllHints,symm,2,EXTRALARGE,51.83650549341886,0.31012866666666666,16.075986333333333,c
exo,AllHints,symm,5,EXTRALARGE,39.71101786536218,0.4048243333333333,16.075986333333333,c
exo,ChooseHints,symm,2,EXTRALARGE,1.6935712538193437,9.492359,16.075986333333333,c
exo,ChooseHints,symm,3,EXTRALARGE,21.432657588695093,0.7500696666666666,16.075986333333333,c
exo,ChooseHints,symm,4,EXTRALARGE,13.750027156241188,1.1691603333333334,16.075986333333333,c
exo,FromPlan,symm,1,EXTRALARGE,1.6285915035321636,9.871098,16.075986333333333,c
exo,FromPlan,symm,4,EXTRALARGE,0.5819847029894631,27.62269566666667,16.075986333333333,c
exo,Naive,symm,1,EXTRALARGE,0.9964364371338219,16.133478999999998,16.075986333333333,c
exo,Naive,symm,2,EXTRALARGE,37.95967666400368,0.42350166666666667,16.075986333333333,c
exo,Naive,symm,4,EXTRALARGE,20.039923227598837,0.8021980000000001,16.075986333333333,c
exo,Naive,symm,5,EXTRALARGE,22.337800464931227,0.7196763333333333,16.075986333333333,c
exo,standard,symm,1,EXTRALARGE,0.9787998962992409,16.42418066666667,16.075986333333333,c
exo,standard,symm,2,EXTRALARGE,0.9803843679990544,16.397636333333335,16.075986333333333,c
exo,standard,symm,3,EXTRALARGE,0.97630172712716,16.466207,16.075986333333333,c
exo,standard,symm,4,EXTRALARGE,0.9834713337479736,16.346166666666665,16.075986333333333,c
exo,standard,symm,5,EXTRALARGE,0.9847659670897828,16.324676999999998,16.075986333333333,c
halide,ChooseHints,symm,3,EXTRALARGE,72.0927499099363,0.22299033333333332,16.075986333333333,c
halide,ChooseHints,symm,4,EXTRALARGE,85.32448560762876,0.18841,16.075986333333333,c
halide,FromPlan,symm,2,EXTRALARGE,123.96403271575743,0.12968266666666667,16.075986333333333,c
halide,FromPlan,symm,3,EXTRALARGE,223.24658149331108,0.07201,16.075986333333333,c
halide,Naive,symm,3,EXTRALARGE,79.21429334016612,0.20294299999999998,16.075986333333333,c
halide,standard,symm,1,EXTRALARGE,0.6480448828839412,24.80690266666667,16.075986333333333,c
halide,standard,symm,2,EXTRALARGE,1.5956289166398978,10.075015666666667,16.075986333333333,c
halide,standard,symm,3,EXTRALARGE,0.6698201954571658,24.000450333333333,16.075986333333333,c
halide,standard,symm,4,EXTRALARGE,0.6460605530774935,24.883095333333333,16.075986333333333,c
halide,standard,symm,5,EXTRALARGE,1.6050355520602482,10.015969,16.075986333333333,c
noarr,AllHints,symm,1,EXTRALARGE,104.005466825963,0.15456866666666666,16.075986333333333,c
noarr,AllHints,symm,2,EXTRALARGE,1.0086871655994132,15.937534333333334,16.075986333333333,c
noarr,AllHints,symm,3,EXTRALARGE,45.554932240900676,0.3528923333333333,16.075986333333333,c
noarr,AllHints,symm,4,EXTRALARGE,104.28162853151933,0.15415933333333334,16.075986333333333,c
noarr,AllHints,symm,5,EXTRALARGE,2.3894516726943875,6.727897666666666,16.075986333333333,c
noarr,ChooseHints,symm,1,EXTRALARGE,2.5260581281939447,6.364060333333334,16.075986333333333,c
noarr,ChooseHints,symm,2,EXTRALARGE,1.7949950383388904,8.956006,16.075986333333333,c
noarr,ChooseHints,symm,3,EXTRALARGE,1.7959573200218575,8.951207333333334,16.075986333333333,c
noarr,ChooseHints,symm,5,EXTRALARGE,1.571568487489828,10.229262333333333,16.075986333333333,c
noarr,FromPlan,symm,1,EXTRALARGE,0.7773491941200771,20.680521000000002,16.075986333333333,c
noarr,FromPlan,symm,2,EXTRALARGE,2.424229639906992,6.631379333333332,16.075986333333333,c
noarr,FromPlan,symm,3,EXTRALARGE,2.4390759743883654,6.591015,16.075986333333333,c
noarr,FromPlan,symm,4,EXTRALARGE,2.49195770964152,6.451147333333334,16.075986333333333,c
noarr,FromPlan,symm,5,EXTRALARGE,1.8850540896226178,8.528129999999999,16.075986333333333,c
noarr,Naive,symm,2,EXTRALARGE,2.38672399731575,6.735586666666666,16.075986333333333,c
noarr,Naive,symm,3,EXTRALARGE,0.9944513534554636,16.165684,16.075986333333333,c
noarr,Naive,symm,4,EXTRALARGE,2.506972516742014,6.41251,16.075986333333333,c
noarr,Naive,symm,5,EXTRALARGE,1.0081405937996626,15.946174999999998,16.075986333333333,c
noarr,standard,symm,1,EXTRALARGE,0.9949897679652921,16.156936333333334,16.075986333333333,c
noarr,standard,symm,2,EXTRALARGE,0.9997164275450923,16.080546333333334,16.075986333333333,c
noarr,standard,symm,3,EXTRALARGE,0.9907287651525465,16.226425333333335,16.075986333333333,c
noarr,standard,symm,4,EXTRALARGE,0.99974830069282,16.080033666666665,16.075986333333333,c
noarr,standard,symm,5,EXTRALARGE,0.9950486035687547,16.155981,16.075986333333333,c
c,AllHints,syr2k,1,EXTRALARGE,26.938823843712377,0.8135086666666668,21.91496666666667,c
c,AllHints,syr2k,2,EXTRALARGE,25.132188363448428,0.871988,21.91496666666667,c
c,AllHints,syr2k,3,EXTRALARGE,25.29191830711426,0.866481,21.91496666666667,c
c,AllHints,syr2k,4,EXTRALARGE,25.45652018190724,0.8608783333333333,21.91496666666667,c
c,AllHints,syr2k,5,EXTRALARGE,27.210029298059226,0.8054003333333334,21.91496666666667,c
c,ChooseHints,syr2k,2,EXTRALARGE,24.81905224258948,0.8829896666666667,21.91496666666667,c
c,ChooseHints,syr2k,3,EXTRALARGE,25.06882546015826,0.874192,21.91496666666667,c
c,ChooseHints,syr2k,4,EXTRALARGE,23.9583853382986,0.9147096666666666,21.91496666666667,c
c,ChooseHints,syr2k,5,EXTRALARGE,24.308755121410854,0.9015256666666667,21.91496666666667,c
c,FromPlan,syr2k,2,EXTRALARGE,1.9888397319144633,11.018970666666666,21.91496666666667,c
c,FromPlan,syr2k,3,EXTRALARGE,2.0388634099920684,10.748619333333332,21.91496666666667,c
c,FromPlan,syr2k,4,EXTRALARGE,21.946664966433186,0.9985556666666667,21.91496666666667,c
c,FromPlan,syr2k,5,EXTRALARGE,1.9945972105874334,10.987164,21.91496666666667,c
c,Naive,syr2k,1,EXTRALARGE,2.0173067972833256,10.863477333333334,21.91496666666667,c
c,Naive,syr2k,2,EXTRALARGE,2.0108375884581022,10.898427,21.91496666666667,c
c,Naive,syr2k,3,EXTRALARGE,1.8198191659732135,12.042387,21.91496666666667,c
c,Naive,syr2k,4,EXTRALARGE,2.013566087164865,10.883659,21.91496666666667,c
c,Naive,syr2k,5,EXTRALARGE,1.822301281893682,12.025984333333334,21.91496666666667,c
c,standard,syr2k,1,EXTRALARGE,1.0,21.91496666666667,21.91496666666667,c
exo,AllHints,syr2k,1,EXTRALARGE,16.944915602619538,1.2933063333333334,21.91496666666667,c
exo,AllHints,syr2k,2,EXTRALARGE,16.62210585424152,1.318423,21.91496666666667,c
exo,AllHints,syr2k,3,EXTRALARGE,19.547660298045408,1.1211043333333335,21.91496666666667,c
exo,AllHints,syr2k,4,EXTRALARGE,25.031839543170616,0.8754836666666667,21.91496666666667,c
exo,AllHints,syr2k,5,EXTRALARGE,23.893907907370945,0.9171779999999999,21.91496666666667,c
exo,ChooseHints,syr2k,2,EXTRALARGE,24.667136660534734,0.8884276666666667,21.91496666666667,c
exo,ChooseHints,syr2k,3,EXTRALARGE,16.513906415779832,1.3270613333333332,21.91496666666667,c
exo,ChooseHints,syr2k,4,EXTRALARGE,16.733925722077185,1.309613,21.91496666666667,c
exo,ChooseHints,syr2k,5,EXTRALARGE,24.596124622050763,0.8909926666666667,21.91496666666667,c
exo,FromPlan,syr2k,1,EXTRALARGE,1.0951595937883727,20.010751666666668,21.91496666666667,c
exo,FromPlan,syr2k,2,EXTRALARGE,1.0271081346463091,21.336572,21.91496666666667,c
exo,FromPlan,syr2k,3,EXTRALARGE,2.1629775196727787,10.131851333333332,21.91496666666667,c
exo,FromPlan,syr2k,5,EXTRALARGE,27.735233059418753,0.790149,21.91496666666667,c
exo,Naive,syr2k,1,EXTRALARGE,0.9020461214159906,24.294729666666665,21.91496666666667,c
exo,Naive,syr2k,2,EXTRALARGE,25.06229846157013,0.8744196666666667,21.91496666666667,c
exo,Naive,syr2k,3,EXTRALARGE,24.37104843301464,0.8992213333333333,21.91496666666667,c
exo,Naive,syr2k,4,EXTRALARGE,1.6041308830299508,13.661582666666666,21.91496666666667,c
exo,Naive,syr2k,5,EXTRALARGE,17.270606877098082,1.268917,21.91496666666667,c
exo,standard,syr2k,1,EXTRALARGE,0.9130304186035234,24.002449666666667,21.91496666666667,c
exo,standard,syr2k,2,EXTRALARGE,0.9153597077438366,23.941371333333336,21.91496666666667,c
exo,standard,syr2k,3,EXTRALARGE,0.9155536940715534,23.93629866666667,21.91496666666667,c
exo,standard,syr2k,4,EXTRALARGE,0.920338257755942,23.811861000000004,21.91496666666667,c
exo,standard,syr2k,5,EXTRALARGE,0.9183466951851615,23.863500333333334,21.91496666666667,c
halide,ChooseHints,syr2k,1,EXTRALARGE,34.5042237495644,0.6351386666666666,21.91496666666667,c
halide,FromPlan,syr2k,1,EXTRALARGE,34.091564340828015,0.6428266666666667,21.91496666666667,c
halide,FromPlan,syr2k,2,EXTRALARGE,52.33608182097523,0.4187353333333333,21.91496666666667,c
halide,Naive,syr2k,2,EXTRALARGE,33.011693322434034,0.6638546666666666,21.91496666666667,c
halide,Naive,syr2k,4,EXTRALARGE,34.49812226453272,0.6352509999999999,21.91496666666667,c
halide,standard,syr2k,2,EXTRALARGE,0.9685754573581373,22.625977666666667,21.91496666666667,c
halide,standard,syr2k,3,EXTRALARGE,0.984847555418001,22.252140999999998,21.91496666666667,c
halide,standard,syr2k,4,EXTRALARGE,0.9896419873408122,22.144338,21.91496666666667,c
halide,standard,syr2k,5,EXTRALARGE,0.9816063311427756,22.325616666666665,21.91496666666667,c
noarr,AllHints,syr2k,1,EXTRALARGE,0.981068856484726,22.337847666666665,21.91496666666667,c
noarr,AllHints,syr2k,2,EXTRALARGE,0.982567496937589,22.303777333333333,21.91496666666667,c
noarr,AllHints,syr2k,3,EXTRALARGE,0.9917721779158575,22.096774999999997,21.91496666666667,c
noarr,AllHints,syr2k,4,EXTRALARGE,1.2789382965461398,17.135280666666667,21.91496666666667,c
noarr,AllHints,syr2k,5,EXTRALARGE,1.2600867225411698,17.391633666666667,21.91496666666667,c
noarr,ChooseHints,syr2k,1,EXTRALARGE,0.9856220838689587,22.234654666666668,21.91496666666667,c
noarr,ChooseHints,syr2k,2,EXTRALARGE,0.8079004266032868,27.125826333333332,21.91496666666667,c
noarr,ChooseHints,syr2k,3,EXTRALARGE,0.98148021863134,22.328485333333333,21.91496666666667,c
noarr,ChooseHints,syr2k,4,EXTRALARGE,0.9374277536470623,23.377765999999998,21.91496666666667,c
noarr,ChooseHints,syr2k,5,EXTRALARGE,0.9749653953120324,22.477686666666667,21.91496666666667,c
noarr,FromPlan,syr2k,1,EXTRALARGE,0.7656455590323931,28.622861333333333,21.91496666666667,c
noarr,FromPlan,syr2k,2,EXTRALARGE,2.5747267151261948,8.51157,21.91496666666667,c
noarr,FromPlan,syr2k,4,EXTRALARGE,1.7691855337694293,12.387037,21.91496666666667,c
noarr,FromPlan,syr2k,5,EXTRALARGE,1.894912044617674,11.565162999999998,21.91496666666667,c
noarr,Naive,syr2k,1,EXTRALARGE,0.8056700533168242,27.20092,21.91496666666667,c
noarr,Naive,syr2k,2,EXTRALARGE,2.609751335115406,8.397339,21.91496666666667,c
noarr,Naive,syr2k,3,EXTRALARGE,0.8084796529605803,27.106392333333332,21.91496666666667,c
noarr,Naive,syr2k,4,EXTRALARGE,1.2633566371376341,17.346619333333333,21.91496666666667,c
noarr,Naive,syr2k,5,EXTRALARGE,1.2483819382736523,17.554697,21.91496666666667,c
noarr,standard,syr2k,1,EXTRALARGE,0.9324569401948767,23.502390000000002,21.91496666666667,c
noarr,standard,syr2k,2,EXTRALARGE,0.9525252686525219,23.007228666666666,21.91496666666667,c
noarr,standard,syr2k,3,EXTRALARGE,0.9498123834168357,23.072942666666666,21.91496666666667,c
noarr,standard,syr2k,5,EXTRALARGE,0.9403913017856093,23.30409333333333,21.91496666666667,c
c,AllHints,syrk,1,EXTRALARGE,18.86924615826752,0.41871299999999995,7.900798666666667,c
c,AllHints,syrk,2,EXTRALARGE,21.727855411614154,0.3636253333333333,7.900798666666667,c
c,AllHints,syrk,3,EXTRALARGE,22.337949376202783,0.353694,7.900798666666667,c
c,AllHints,syrk,4,EXTRALARGE,21.63707251703177,0.365151,7.900798666666667,c
c,AllHints,syrk,5,EXTRALARGE,20.220212538164994,0.39073766666666665,7.900798666666667,c
c,ChooseHints,syrk,1,EXTRALARGE,46.80142799034844,0.16881533333333332,7.900798666666667,c
c,ChooseHints,syrk,2,EXTRALARGE,21.793923879772226,0.362523,7.900798666666667,c
c,ChooseHints,syrk,3,EXTRALARGE,21.619211972731534,0.36545266666666665,7.900798666666667,c
c,ChooseHints,syrk,4,EXTRALARGE,18.786406674286148,0.42055933333333334,7.900798666666667,c
c,ChooseHints,syrk,5,EXTRALARGE,21.416369849522294,0.36891399999999996,7.900798666666667,c
c,FromPlan,syrk,1,EXTRALARGE,3.3251222805844556,2.3760926666666666,7.900798666666667,c
c,FromPlan,syrk,2,EXTRALARGE,3.3123371948206435,2.385264,7.900798666666667,c
c,FromPlan,syrk,3,EXTRALARGE,3.949372496484248,2.00052,7.900798666666667,c
c,FromPlan,syrk,4,EXTRALARGE,0.8221563800499537,9.609848999999999,7.900798666666667,c
c,FromPlan,syrk,5,EXTRALARGE,0.7967315392685581,9.916513,7.900798666666667,c
c,Naive,syrk,1,EXTRALARGE,21.587451763297935,0.36599033333333336,7.900798666666667,c
c,Naive,syrk,2,EXTRALARGE,0.7770994818581842,10.167036333333334,7.900798666666667,c
c,Naive,syrk,3,EXTRALARGE,0.7986635564842178,9.892524333333334,7.900798666666667,c
c,Naive,syrk,4,EXTRALARGE,0.6682109141980155,11.823809666666667,7.900798666666667,c
c,Naive,syrk,5,EXTRALARGE,0.9963455050906428,7.929778,7.900798666666667,c
c,standard,syrk,1,EXTRALARGE,1.0,7.900798666666667,7.900798666666667,c
exo,AllHints,syrk,1,EXTRALARGE,17.763345706463777,0.44478100000000004,7.900798666666667,c
exo,AllHints,syrk,2,EXTRALARGE,19.084116212934664,0.4139986666666666,7.900798666666667,c
exo,AllHints,syrk,3,EXTRALARGE,18.46055759267509,0.4279826666666667,7.900798666666667,c
exo,AllHints,syrk,4,EXTRALARGE,15.972675334617307,0.4946446666666667,7.900798666666667,c
exo,ChooseHints,syrk,1,EXTRALARGE,10.627633268034549,0.7434203333333333,7.900798666666667,c
exo,ChooseHints,syrk,2,EXTRALARGE,9.920342263250062,0.796424,7.900798666666667,c
exo,ChooseHints,syrk,4,EXTRALARGE,18.96652945996466,0.4165653333333334,7.900798666666667,c
exo,ChooseHints,syrk,5,EXTRALARGE,19.71555574779283,0.40073933333333334,7.900798666666667,c
exo,FromPlan,syrk,2,EXTRALARGE,2.245737485803305,3.5181310000000003,7.900798666666667,c
exo,Naive,syrk,1,EXTRALARGE,13.96344069171545,0.5658203333333334,7.900798666666667,c
exo,Naive,syrk,2,EXTRALARGE,21.307229072707838,0.3708036666666667,7.900798666666667,c
exo,Naive,syrk,4,EXTRALARGE,17.965043710520693,0.4397873333333333,7.900798666666667,c
exo,Naive,syrk,5,EXTRALARGE,0.9406985627817098,8.398863333333333,7.900798666666667,c
exo,standard,syrk,1,EXTRALARGE,0.9371411473014427,8.430745666666667,7.900798666666667,c
exo,standard,syrk,2,EXTRALARGE,0.9488615333029141,8.326608666666667,7.900798666666667,c
exo,standard,syrk,3,EXTRALARGE,0.9418160367031125,8.388898,7.900798666666667,c
exo,standard,syrk,4,EXTRALARGE,0.9469518842457557,8.343400333333333,7.900798666666667,c
exo,standard,syrk,5,EXTRALARGE,0.9471303731827925,8.341828,7.900798666666667,c
halide,AllHints,syrk,2,EXTRALARGE,34.161578018886416,0.23127733333333333,7.900798666666667,c
halide,AllHints,syrk,3,EXTRALARGE,34.75832355701548,0.22730666666666668,7.900798666666667,c
halide,AllHints,syrk,4,EXTRALARGE,19.92060801298995,0.39661433333333335,7.900798666666667,c
halide,ChooseHints,syrk,1,EXTRALARGE,32.87210161861399,0.24034966666666668,7.900798666666667,c
halide,ChooseHints,syrk,3,EXTRALARGE,33.20914462171322,0.23791033333333333,7.900798666666667,c
halide,ChooseHints,syrk,4,EXTRALARGE,68.78533888590623,0.11486166666666668,7.900798666666667,c
halide,FromPlan,syrk,3,EXTRALARGE,29.267058994944843,0.2699553333333333,7.900798666666667,c
halide,FromPlan,syrk,5,EXTRALARGE,41.07205597711287,0.19236433333333336,7.900798666666667,c
halide,Naive,syrk,1,EXTRALARGE,33.73641570449318,0.23419199999999998,7.900798666666667,c
halide,Naive,syrk,2,EXTRALARGE,64.97117983410725,0.12160466666666665,7.900798666666667,c
halide,Naive,syrk,5,EXTRALARGE,32.61176794325851,0.2422683333333333,7.900798666666667,c
halide,standard,syrk,1,EXTRALARGE,0.8382653424450521,9.425176333333333,7.900798666666667,c
halide,standard,syrk,2,EXTRALARGE,0.8326135115999969,9.489154999999998,7.900798666666667,c
halide,standard,syrk,3,EXTRALARGE,0.8523640696751933,9.269277,7.900798666666667,c
halide,standard,syrk,4,EXTRALARGE,0.842458936677626,9.378259666666667,7.900798666666667,c
halide,standard,syrk,5,EXTRALARGE,0.6855348631401479,11.525013666666666,7.900798666666667,c
noarr,AllHints,syrk,1,EXTRALARGE,1.0137125187213134,7.793924333333333,7.900798666666667,c
noarr,AllHints,syrk,2,EXTRALARGE,0.6087286459288389,12.97918,7.900798666666667,c
noarr,AllHints,syrk,3,EXTRALARGE,1.0067927856529286,7.847492333333332,7.900798666666667,c
noarr,AllHints,syrk,4,EXTRALARGE,0.7961220883308595,9.924104333333334,7.900798666666667,c
noarr,AllHints,syrk,5,EXTRALARGE,1.0235190841319752,7.7192490000000005,7.900798666666667,c
noarr,ChooseHints,syrk,1,EXTRALARGE,1.0042675360964846,7.867225,7.900798666666667,c
noarr,ChooseHints,syrk,2,EXTRALARGE,1.012003366855296,7.807087333333333,7.900798666666667,c
noarr,ChooseHints,syrk,3,EXTRALARGE,0.9905920404154132,7.975835,7.900798666666667,c
noarr,ChooseHints,syrk,4,EXTRALARGE,0.5948787522482324,13.281359666666667,7.900798666666667,c
noarr,FromPlan,syrk,1,EXTRALARGE,0.7967303341115628,9.916528,7.900798666666667,c
noarr,FromPlan,syrk,2,EXTRALARGE,0.7961034507428036,9.924336666666667,7.900798666666667,c
noarr,FromPlan,syrk,3,EXTRALARGE,0.7951769242451807,9.935900333333334,7.900798666666667,c
noarr,FromPlan,syrk,5,EXTRALARGE,1.0174388125002172,7.765379666666667,7.900798666666667,c
noarr,Naive,syrk,1,EXTRALARGE,1.0061913568069754,7.852183,7.900798666666667,c
noarr,Naive,syrk,2,EXTRALARGE,0.7996933806420551,9.879785,7.900798666666667,c
noarr,Naive,syrk,3,EXTRALARGE,0.5917135129910177,13.352405333333332,7.900798666666667,c
noarr,Naive,syrk,4,EXTRALARGE,0.9749570774317373,8.10374,7.900798666666667,c
noarr,Naive,syrk,5,EXTRALARGE,0.9684004471188117,8.158607,7.900798666666667,c
noarr,standard,syrk,1,EXTRALARGE,0.9617825051755508,8.214745666666667,7.900798666666667,c
noarr,standard,syrk,2,EXTRALARGE,1.0179227336459116,7.7616879999999995,7.900798666666667,c
noarr,standard,syrk,4,EXTRALARGE,0.9819800026937504,8.045783666666667,7.900798666666667,c
noarr,standard,syrk,5,EXTRALARGE,0.9813507146512733,8.050943,7.900798666666667,c
c,AllHints,trisolv,3,EXTRALARGE,0.9980578058316935,0.013043666666666667,0.013018333333333333,c
c,AllHints,trisolv,4,EXTRALARGE,1.0192071818158095,0.012773,0.013018333333333333,c
c,AllHints,trisolv,5,EXTRALARGE,1.0045785425830183,0.012959,0.013018333333333333,c
c,ChooseHints,trisolv,1,EXTRALARGE,1.01910080108551,0.012774333333333332,0.013018333333333333,c
c,ChooseHints,trisolv,3,EXTRALARGE,1.010243410331359,0.012886333333333333,0.013018333333333333,c
c,FromPlan,trisolv,1,EXTRALARGE,1.0080010323912763,0.012915000000000001,0.013018333333333333,c
c,FromPlan,trisolv,2,EXTRALARGE,2.316292034873376,0.005620333333333334,0.013018333333333333,c
c,FromPlan,trisolv,3,EXTRALARGE,2.2361866590323505,0.005821666666666667,0.013018333333333333,c
c,FromPlan,trisolv,4,EXTRALARGE,2.226244085960212,0.005847666666666667,0.013018333333333333,c
c,FromPlan,trisolv,5,EXTRALARGE,1.0077149344617606,0.012918666666666667,0.013018333333333333,c
c,Naive,trisolv,1,EXTRALARGE,0.9956152649960487,0.013075666666666666,0.013018333333333333,c
c,Naive,trisolv,2,EXTRALARGE,1.0148373349963622,0.012827999999999999,0.013018333333333333,c
c,Naive,trisolv,3,EXTRALARGE,1.0159196732825222,0.012814333333333332,0.013018333333333333,c
c,Naive,trisolv,4,EXTRALARGE,1.0081311306143521,0.012913333333333334,0.013018333333333333,c
c,standard,trisolv,1,EXTRALARGE,1.0,0.013018333333333333,0.013018333333333333,c
exo,AllHints,trisolv,1,EXTRALARGE,1.011735143256826,0.012867333333333333,0.013018333333333333,c
exo,AllHints,trisolv,2,EXTRALARGE,0.9965806731480773,0.013063,0.013018333333333333,c
exo,AllHints,trisolv,3,EXTRALARGE,0.9925536240723797,0.013116000000000001,0.013018333333333333,c
exo,AllHints,trisolv,4,EXTRALARGE,0.9932099079395758,0.013107333333333334,0.013018333333333333,c
exo,AllHints,trisolv,5,EXTRALARGE,1.0135468299898789,0.012844333333333333,0.013018333333333333,c
exo,ChooseHints,trisolv,1,EXTRALARGE,1.0078189512799338,0.012917333333333334,0.013018333333333333,c
exo,ChooseHints,trisolv,2,EXTRALARGE,1.0049404317731518,0.012954333333333333,0.013018333333333333,c
exo,ChooseHints,trisolv,3,EXTRALARGE,0.9977263437563868,0.013047999999999999,0.013018333333333333,c
exo,ChooseHints,trisolv,5,EXTRALARGE,1.0291986191266767,0.012649,0.013018333333333333,c
exo,FromPlan,trisolv,3,EXTRALARGE,1.013178716891068,0.012849,0.013018333333333333,c
exo,FromPlan,trisolv,4,EXTRALARGE,1.0067797484017322,0.012930666666666667,0.013018333333333333,c
exo,FromPlan,trisolv,5,EXTRALARGE,1.0003073534308327,0.013014333333333334,0.013018333333333333,c
exo,Naive,trisolv,1,EXTRALARGE,0.983926636938503,0.013231,0.013018333333333333,c
exo,Naive,trisolv,3,EXTRALARGE,1.001487293894402,0.012999000000000002,0.013018333333333333,c
exo,Naive,trisolv,4,EXTRALARGE,1.0063387358602387,0.012936333333333333,0.013018333333333333,c
exo,Naive,trisolv,5,EXTRALARGE,1.0046043831669924,0.012958666666666667,0.013018333333333333,c
exo,standard,trisolv,1,EXTRALARGE,0.9898116937425552,0.013152333333333334,0.013018333333333333,c
exo,standard,trisolv,2,EXTRALARGE,0.9804930708977706,0.013277333333333334,0.013018333333333333,c
exo,standard,trisolv,3,EXTRALARGE,0.9916211755744573,0.013128333333333334,0.013018333333333333,c
exo,standard,trisolv,4,EXTRALARGE,0.9896110477638413,0.013155,0.013018333333333333,c
exo,standard,trisolv,5,EXTRALARGE,0.9902634448135094,0.013146333333333335,0.013018333333333333,c
halide,ChooseHints,trisolv,4,EXTRALARGE,0.874437453820836,0.014887666666666667,0.013018333333333333,c
halide,FromPlan,trisolv,4,EXTRALARGE,0.8774038461538461,0.014837333333333333,0.013018333333333333,c
halide,Naive,trisolv,5,EXTRALARGE,0.7177117024404587,0.018138666666666668,0.013018333333333333,c
halide,standard,trisolv,2,EXTRALARGE,0.6806497150525453,0.019126333333333332,0.013018333333333333,c
halide,standard,trisolv,3,EXTRALARGE,0.681671408374496,0.019097666666666666,0.013018333333333333,c
noarr,AllHints,trisolv,1,EXTRALARGE,1.0407450834088365,0.012508666666666666,0.013018333333333333,c
noarr,AllHints,trisolv,2,EXTRALARGE,1.0280066331499567,0.012663666666666665,0.013018333333333333,c
noarr,AllHints,trisolv,3,EXTRALARGE,1.0379514710181519,0.012542333333333334,0.013018333333333333,c
noarr,AllHints,trisolv,4,EXTRALARGE,1.039221947260584,0.012526999999999998,0.013018333333333333,c
noarr,AllHints,trisolv,5,EXTRALARGE,1.0451176108539164,0.012456333333333333,0.013018333333333333,c
noarr,ChooseHints,trisolv,1,EXTRALARGE,1.0309645742041076,0.012627333333333332,0.013018333333333333,c
noarr,ChooseHints,trisolv,2,EXTRALARGE,1.035969123849439,0.012566333333333332,0.013018333333333333,c
noarr,ChooseHints,trisolv,3,EXTRALARGE,1.0280066331499567,0.012663666666666665,0.013018333333333333,c
noarr,ChooseHints,trisolv,4,EXTRALARGE,1.0353374688510684,0.012574,0.013018333333333333,c
noarr,ChooseHints,trisolv,5,EXTRALARGE,1.0372072024220536,0.012551333333333333,0.013018333333333333,c
noarr,FromPlan,trisolv,1,EXTRALARGE,1.0319452518099668,0.012615333333333333,0.013018333333333333,c
noarr,FromPlan,trisolv,2,EXTRALARGE,1.0329824375793484,0.012602666666666667,0.013018333333333333,c
noarr,FromPlan,trisolv,3,EXTRALARGE,1.0303390054082575,0.012635,0.013018333333333333,c
noarr,FromPlan,trisolv,4,EXTRALARGE,1.0268714011516316,0.012677666666666665,0.013018333333333333,c
noarr,FromPlan,trisolv,5,EXTRALARGE,1.039498549413111,0.012523666666666667,0.013018333333333333,c
noarr,Naive,trisolv,1,EXTRALARGE,1.0394708825721282,0.012524,0.013018333333333333,c
noarr,Naive,trisolv,2,EXTRALARGE,1.0386139403770975,0.012534333333333333,0.013018333333333333,c
noarr,Naive,trisolv,3,EXTRALARGE,1.030175938382,0.012637,0.013018333333333333,c
noarr,Naive,trisolv,4,EXTRALARGE,1.0372072024220536,0.012551333333333333,0.013018333333333333,c
noarr,Naive,trisolv,5,EXTRALARGE,1.034350336352561,0.012586,0.013018333333333333,c
noarr,standard,trisolv,2,EXTRALARGE,1.031400200707759,0.012622,0.013018333333333333,c
noarr,standard,trisolv,4,EXTRALARGE,1.0310734463276836,0.012626,0.013018333333333333,c
noarr,standard,trisolv,5,EXTRALARGE,1.0487660785735387,0.012412999999999999,0.013018333333333333,c
c,AllHints,trmm,1,EXTRALARGE,26.782662290882904,0.3539683333333333,9.480214333333334,c
c,AllHints,trmm,2,EXTRALARGE,2.9572854521794154,3.205715,9.480214333333334,c
c,AllHints,trmm,3,EXTRALARGE,3.2210210360535547,2.943232666666667,9.480214333333334,c
c,AllHints,trmm,4,EXTRALARGE,3.4081629889536793,2.78162,9.480214333333334,c
c,AllHints,trmm,5,EXTRALARGE,44.06641886322366,0.21513466666666667,9.480214333333334,c
c,ChooseHints,trmm,1,EXTRALARGE,3.415756779595471,2.7754359999999996,9.480214333333334,c
c,ChooseHints,trmm,2,EXTRALARGE,3.4540372641388566,2.744676333333333,9.480214333333334,c
c,ChooseHints,trmm,3,EXTRALARGE,3.4316292292908757,2.762598666666667,9.480214333333334,c
c,ChooseHints,trmm,4,EXTRALARGE,87.12898413087434,0.10880666666666666,9.480214333333334,c
c,ChooseHints,trmm,5,EXTRALARGE,3.7260038136961606,2.5443383333333336,9.480214333333334,c
c,FromPlan,trmm,1,EXTRALARGE,7.104404406329772,1.3344136666666666,9.480214333333334,c
c,FromPlan,trmm,2,EXTRALARGE,5.270293413801705,1.798802,9.480214333333334,c
c,FromPlan,trmm,3,EXTRALARGE,3.6877131262633283,2.570757,9.480214333333334,c
c,FromPlan,trmm,4,EXTRALARGE,49.57268578878749,0.19123866666666667,9.480214333333334,c
c,FromPlan,trmm,5,EXTRALARGE,24.616644249062183,0.385114,9.480214333333334,c
c,Naive,trmm,1,EXTRALARGE,3.4071712384703585,2.782429666666667,9.480214333333334,c
c,Naive,trmm,2,EXTRALARGE,3.394322705906251,2.7929619999999997,9.480214333333334,c
c,Naive,trmm,3,EXTRALARGE,3.414037932897185,2.7768333333333337,9.480214333333334,c
c,Naive,trmm,4,EXTRALARGE,3.73722034883614,2.536702,9.480214333333334,c
c,Naive,trmm,5,EXTRALARGE,3.402101479856761,2.786576,9.480214333333334,c
c,standard,trmm,1,EXTRALARGE,1.0,9.480214333333334,9.480214333333334,c
exo,AllHints,trmm,1,EXTRALARGE,31.114600666695114,0.304687,9.480214333333334,c
exo,AllHints,trmm,2,EXTRALARGE,20.91054620582159,0.45337,9.480214333333334,c
exo,AllHints,trmm,3,EXTRALARGE,3.1142262280904527,3.0441636666666665,9.480214333333334,c
exo,AllHints,trmm,4,EXTRALARGE,0.19880968398810703,47.684872000000006,9.480214333333334,c
exo,ChooseHints,trmm,2,EXTRALARGE,2.1148119897313475,4.482769333333334,9.480214333333334,c
exo,ChooseHints,trmm,4,EXTRALARGE,3.3037427748233084,2.8695376666666665,9.480214333333334,c
exo,FromPlan,trmm,1,EXTRALARGE,3.3131098797638567,2.8614246666666667,9.480214333333334,c
exo,FromPlan,trmm,4,EXTRALARGE,3.293624629547986,2.878353,9.480214333333334,c
exo,Naive,trmm,2,EXTRALARGE,3.4027104057413102,2.7860773333333335,9.480214333333334,c
exo,Naive,trmm,3,EXTRALARGE,2.0087947765170986,4.719354333333333,9.480214333333334,c
exo,Naive,trmm,4,EXTRALARGE,0.20238025392326853,46.843573666666664,9.480214333333334,c
exo,Naive,trmm,5,EXTRALARGE,31.041993060459575,0.3053996666666667,9.480214333333334,c
exo,standard,trmm,1,EXTRALARGE,0.9858691128886474,9.616098333333333,9.480214333333334,c
exo,standard,trmm,2,EXTRALARGE,0.9819129441303477,9.654842,9.480214333333334,c
exo,standard,trmm,3,EXTRALARGE,0.9888275100335563,9.587328666666666,9.480214333333334,c
exo,standard,trmm,4,EXTRALARGE,0.9856502411860031,9.618233666666667,9.480214333333334,c
exo,standard,trmm,5,EXTRALARGE,0.9860169045378671,9.614657,9.480214333333334,c
halide,AllHints,trmm,2,EXTRALARGE,67.39552744575778,0.14066533333333334,9.480214333333334,c
halide,AllHints,trmm,4,EXTRALARGE,54.098255351687776,0.17524066666666668,9.480214333333334,c
halide,standard,trmm,1,EXTRALARGE,0.850657373694219,11.144574333333333,9.480214333333334,c
halide,standard,trmm,4,EXTRALARGE,0.8678010640941117,10.924409666666667,9.480214333333334,c
halide,standard,trmm,5,EXTRALARGE,2.0450264520779666,4.635741666666667,9.480214333333334,c
noarr,AllHints,trmm,1,EXTRALARGE,54.45373834459783,0.17409666666666668,9.480214333333334,c
noarr,AllHints,trmm,3,EXTRALARGE,3.2793516670006677,2.8908806666666664,9.480214333333334,c
noarr,AllHints,trmm,4,EXTRALARGE,2.880157570627837,3.291561,9.480214333333334,c
noarr,AllHints,trmm,5,EXTRALARGE,3.230603780970471,2.934502333333333,9.480214333333334,c
noarr,ChooseHints,trmm,1,EXTRALARGE,3.24998443036683,2.917003,9.480214333333334,c
noarr,ChooseHints,trmm,2,EXTRALARGE,1.2713382074313047,7.456878333333333,9.480214333333334,c
noarr,ChooseHints,trmm,3,EXTRALARGE,1.2702744892129159,7.463122666666667,9.480214333333334,c
noarr,ChooseHints,trmm,4,EXTRALARGE,3.2710121840148885,2.898251,9.480214333333334,c
noarr,ChooseHints,trmm,5,EXTRALARGE,3.2554790453878377,2.912079666666667,9.480214333333334,c
noarr,FromPlan,trmm,2,EXTRALARGE,3.8768042442140627,2.445368333333333,9.480214333333334,c
noarr,FromPlan,trmm,3,EXTRALARGE,3.2686693518032737,2.900328333333333,9.480214333333334,c
noarr,FromPlan,trmm,4,EXTRALARGE,3.267862243646944,2.901044666666667,9.480214333333334,c
noarr,FromPlan,trmm,5,EXTRALARGE,3.264339901463698,2.904175,9.480214333333334,c
noarr,Naive,trmm,1,EXTRALARGE,3.237569873977824,2.9281883333333334,9.480214333333334,c
noarr,Naive,trmm,2,EXTRALARGE,3.256051895073238,2.9115673333333336,9.480214333333334,c
noarr,Naive,trmm,3,EXTRALARGE,1.016172462148789,9.329336,9.480214333333334,c
noarr,Naive,trmm,4,EXTRALARGE,1.017066846959504,9.321132,9.480214333333334,c
noarr,Naive,trmm,5,EXTRALARGE,3.2313889159048914,2.9337893333333334,9.480214333333334,c
noarr,standard,trmm,1,EXTRALARGE,3.2707029724888814,2.898525,9.480214333333334,c
noarr,standard,trmm,2,EXTRALARGE,1.0131472476129684,9.357193,9.480214333333334,c
noarr,standard,trmm,3,EXTRALARGE,1.0206214704978342,9.288668333333334,9.480214333333334,c
noarr,standard,trmm,4,EXTRALARGE,0.9452721408208273,10.029084666666668,9.480214333333334,c
noarr,standard,trmm,5,EXTRALARGE,1.0030236741739271,9.451635666666666,9.480214333333334,c
