framework,version,algorithm,data_type,repetition,dataset_size,speedup,optimized_time_s,baseline_time_s,baseline_framework
c,AllHints,3mm,DOUBLE,1,EXTRALARGE,119.2041473480316,0.3624163333333333,43.20153,c
c,AllHints,3mm,DOUBLE,2,EXTRALARGE,117.72635405492066,0.3669656666666667,43.20153,c
c,AllHints,3mm,DOUBLE,4,EXTRALARGE,115.49131974457362,0.3740673333333333,43.20153,c
c,AllHints,3mm,DOUBLE,5,EXTRALARGE,69.66520496755521,0.6201306666666667,43.20153,c
c,ChooseHints,3mm,DOUBLE,1,EXTRALARGE,118.04288010783783,0.36598166666666665,43.20153,c
c,ChooseHints,3mm,DOUBLE,2,EXTRALARGE,117.43364916671271,0.36788033333333336,43.20153,c
c,ChooseHints,3mm,DOUBLE,3,EXTRALARGE,121.33204953093154,0.35606033333333337,43.20153,c
c,ChooseHints,3mm,DOUBLE,4,EXTRALARGE,114.34330361042075,0.377823,43.20153,c
c,FromPlan,3mm,DOUBLE,1,EXTRALARGE,6.742481696839417,6.4073633333333335,43.20153,c
c,FromPlan,3mm,DOUBLE,2,EXTRALARGE,192.47730006683003,0.22445,43.20153,c
c,FromPlan,3mm,DOUBLE,3,EXTRALARGE,8.284338469462586,5.214843666666667,43.20153,c
c,FromPlan,3mm,DOUBLE,4,EXTRALARGE,7.934506762060223,5.444765666666666,43.20153,c
c,FromPlan,3mm,DOUBLE,5,EXTRALARGE,6.726371653748615,6.422709333333334,43.20153,c
c,Naive,3mm,DOUBLE,1,EXTRALARGE,3.6147533946938304,11.951445999999999,43.20153,c
c,Naive,3mm,DOUBLE,2,EXTRALARGE,8.489110972003497,5.089052333333334,43.20153,c
c,Naive,3mm,DOUBLE,3,EXTRALARGE,3.689643477765518,11.708863000000001,43.20153,c
c,Naive,3mm,DOUBLE,4,EXTRALARGE,3.6646171268128924,11.788825000000001,43.20153,c
c,Naive,3mm,DOUBLE,5,EXTRALARGE,3.5477888436339793,12.177029666666668,43.20153,c
c,standard,3mm,DOUBLE,1,EXTRALARGE,1.0,43.20153,43.20153,c
exo,AllHints,3mm,DOUBLE,3,EXTRALARGE,110.5981818507643,0.390617,43.20153,c
exo,AllHints,3mm,DOUBLE,4,EXTRALARGE,49.26752879254354,0.8768763333333333,43.20153,c
exo,ChooseHints,3mm,DOUBLE,1,EXTRALARGE,119.02701615532474,0.3629556666666667,43.20153,c
exo,ChooseHints,3mm,DOUBLE,2,EXTRALARGE,124.62267398478426,0.34665866666666667,43.20153,c
exo,ChooseHints,3mm,DOUBLE,3,EXTRALARGE,122.75533341668277,0.35193199999999997,43.20153,c
exo,ChooseHints,3mm,DOUBLE,4,EXTRALARGE,122.06017278060365,0.35393633333333335,43.20153,c
exo,FromPlan,3mm,DOUBLE,3,EXTRALARGE,5.689264685069967,7.593517333333334,43.20153,c
exo,FromPlan,3mm,DOUBLE,4,EXTRALARGE,111.64445772951126,0.3869563333333333,43.20153,c
exo,FromPlan,3mm,DOUBLE,5,EXTRALARGE,5.711901369534105,7.563423666666668,43.20153,c
exo,Naive,3mm,DOUBLE,1,EXTRALARGE,56.58356104936085,0.7634996666666667,43.20153,c
exo,Naive,3mm,DOUBLE,2,EXTRALARGE,1.965483212175543,21.980106333333335,43.20153,c
exo,Naive,3mm,DOUBLE,3,EXTRALARGE,123.17041391776385,0.350746,43.20153,c
exo,Naive,3mm,DOUBLE,4,EXTRALARGE,3.4453876745302194,12.538946000000001,43.20153,c
exo,Naive,3mm,DOUBLE,5,EXTRALARGE,52.44034818186931,0.8238223333333333,43.20153,c
exo,standard,3mm,DOUBLE,1,EXTRALARGE,0.9767955070083273,44.227814,43.20153,c
exo,standard,3mm,DOUBLE,2,EXTRALARGE,0.9807112877324385,44.05122133333333,43.20153,c
exo,standard,3mm,DOUBLE,3,EXTRALARGE,0.9810737515830136,44.03494633333333,43.20153,c
exo,standard,3mm,DOUBLE,4,EXTRALARGE,0.9816145932382041,44.01068433333333,43.20153,c
exo,standard,3mm,DOUBLE,5,EXTRALARGE,0.9819544678080886,43.995451333333335,43.20153,c
halide,AllHints,3mm,DOUBLE,1,EXTRALARGE,52.64434641677735,0.82063,43.20153,c
halide,AllHints,3mm,DOUBLE,3,EXTRALARGE,82.58462234484867,0.5231183333333334,43.20153,c
halide,AllHints,3mm,DOUBLE,5,EXTRALARGE,84.08631387997882,0.513776,43.20153,c
halide,ChooseHints,3mm,DOUBLE,2,EXTRALARGE,82.79602363180582,0.5217826666666667,43.20153,c
halide,ChooseHints,3mm,DOUBLE,3,EXTRALARGE,80.45232344413137,0.5369830000000001,43.20153,c
halide,FromPlan,3mm,DOUBLE,4,EXTRALARGE,92.32976945446153,0.46790466666666664,43.20153,c
halide,Naive,3mm,DOUBLE,2,EXTRALARGE,46.46858103747473,0.9296933333333333,43.20153,c
halide,Naive,3mm,DOUBLE,4,EXTRALARGE,80.1963937651987,0.5386966666666667,43.20153,c
halide,Naive,3mm,DOUBLE,5,EXTRALARGE,5.199040794898766,8.309519333333334,43.20153,c
halide,standard,3mm,DOUBLE,3,EXTRALARGE,2.2479146256998273,19.218492333333334,43.20153,c
halide,standard,3mm,DOUBLE,4,EXTRALARGE,2.304862139002415,18.743650333333335,43.20153,c
noarr,AllHints,3mm,DOUBLE,1,EXTRALARGE,1.330548581459074,32.468961,43.20153,c
noarr,AllHints,3mm,DOUBLE,2,EXTRALARGE,3.1405135968155156,13.756199,43.20153,c
noarr,AllHints,3mm,DOUBLE,3,EXTRALARGE,108.14179590794588,0.3994896666666667,43.20153,c
noarr,AllHints,3mm,DOUBLE,4,EXTRALARGE,3.1613187998800205,13.665667,43.20153,c
noarr,AllHints,3mm,DOUBLE,5,EXTRALARGE,0.9715517168161376,44.46652633333334,43.20153,c
noarr,ChooseHints,3mm,DOUBLE,1,EXTRALARGE,3.215598384794648,13.434989333333334,43.20153,c
noarr,ChooseHints,3mm,DOUBLE,2,EXTRALARGE,3.1248753620332845,13.825040999999999,43.20153,c
noarr,ChooseHints,3mm,DOUBLE,3,EXTRALARGE,1.234777794028123,34.987291,43.20153,c
noarr,ChooseHints,3mm,DOUBLE,4,EXTRALARGE,1.2825839501624527,33.68319866666667,43.20153,c
noarr,ChooseHints,3mm,DOUBLE,5,EXTRALARGE,3.1575136405970925,13.682135666666667,43.20153,c
noarr,FromPlan,3mm,DOUBLE,1,EXTRALARGE,1.4041154727070093,30.76779,43.20153,c
noarr,FromPlan,3mm,DOUBLE,2,EXTRALARGE,1.40421128418895,30.765690666666668,43.20153,c
noarr,FromPlan,3mm,DOUBLE,3,EXTRALARGE,3.107809399044804,13.900958666666668,43.20153,c
noarr,FromPlan,3mm,DOUBLE,4,EXTRALARGE,1.323340174875457,32.645823666666665,43.20153,c
noarr,FromPlan,3mm,DOUBLE,5,EXTRALARGE,1.3697301498888272,31.540176000000002,43.20153,c
noarr,Naive,3mm,DOUBLE,1,EXTRALARGE,3.153499165179595,13.699553333333332,43.20153,c
noarr,Naive,3mm,DOUBLE,2,EXTRALARGE,3.0987350412130317,13.941666333333332,43.20153,c
noarr,Naive,3mm,DOUBLE,3,EXTRALARGE,3.134617019961289,13.782075999999998,43.20153,c
noarr,Naive,3mm,DOUBLE,4,EXTRALARGE,3.1650252383508057,13.649663666666667,43.20153,c
noarr,Naive,3mm,DOUBLE,5,EXTRALARGE,3.127348353950982,13.814108666666668,43.20153,c
noarr,standard,3mm,DOUBLE,1,EXTRALARGE,0.98531693326313,43.84531366666666,43.20153,c
noarr,standard,3mm,DOUBLE,2,EXTRALARGE,0.9845465695381047,43.879620666666675,43.20153,c
noarr,standard,3mm,DOUBLE,3,EXTRALARGE,3.2076832281455916,13.468141000000001,43.20153,c
noarr,standard,3mm,DOUBLE,4,EXTRALARGE,3.1511410227657985,13.709805333333334,43.20153,c
noarr,standard,3mm,DOUBLE,5,EXTRALARGE,0.970558368290357,44.512037,43.20153,c
c,AllHints,adi,DOUBLE,1,EXTRALARGE,7.262886838072427,11.791798666666667,85.64249933333333,c
c,AllHints,adi,DOUBLE,2,EXTRALARGE,7.6120921481866235,11.250849,85.64249933333333,c
c,AllHints,adi,DOUBLE,3,EXTRALARGE,7.1006713824376,12.061183333333332,85.64249933333333,c
c,AllHints,adi,DOUBLE,4,EXTRALARGE,6.524214752334532,13.126866999999999,85.64249933333333,c
c,AllHints,adi,DOUBLE,5,EXTRALARGE,7.351548113536844,11.649586999999999,85.64249933333333,c
c,ChooseHints,adi,DOUBLE,2,EXTRALARGE,6.586471512637276,13.002789,85.64249933333333,c
c,ChooseHints,adi,DOUBLE,3,EXTRALARGE,0.9987561277616553,85.74916033333334,85.64249933333333,c
c,ChooseHints,adi,DOUBLE,4,EXTRALARGE,7.10294928561488,12.057315333333333,85.64249933333333,c
c,ChooseHints,adi,DOUBLE,5,EXTRALARGE,6.921722804568332,12.373003333333335,85.64249933333333,c
c,FromPlan,adi,DOUBLE,1,EXTRALARGE,1.0029926425149196,85.38696666666665,85.64249933333333,c
c,FromPlan,adi,DOUBLE,2,EXTRALARGE,0.8092279951480241,105.83234866666668,85.64249933333333,c
c,FromPlan,adi,DOUBLE,3,EXTRALARGE,1.497902077142201,57.17496533333334,85.64249933333333,c
c,FromPlan,adi,DOUBLE,4,EXTRALARGE,7.888630779745615,10.856446666666665,85.64249933333333,c
c,FromPlan,adi,DOUBLE,5,EXTRALARGE,0.9005731136541663,95.097775,85.64249933333333,c
c,Naive,adi,DOUBLE,1,EXTRALARGE,1.0170479488288913,84.20694366666667,85.64249933333333,c
c,Naive,adi,DOUBLE,2,EXTRALARGE,0.8921264671461758,95.99816,85.64249933333333,c
c,Naive,adi,DOUBLE,3,EXTRALARGE,1.0195042995878727,84.004059,85.64249933333333,c
c,Naive,adi,DOUBLE,4,EXTRALARGE,6.998419000539875,12.237406666666667,85.64249933333333,c
c,Naive,adi,DOUBLE,5,EXTRALARGE,7.348606674246162,11.65425,85.64249933333333,c
c,standard,adi,DOUBLE,1,EXTRALARGE,1.0,85.64249933333333,85.64249933333333,c
exo,AllHints,adi,DOUBLE,1,EXTRALARGE,6.604324760531453,12.967639,85.64249933333333,c
exo,AllHints,adi,DOUBLE,2,EXTRALARGE,7.556900932778839,11.333018666666668,85.64249933333333,c
exo,AllHints,adi,DOUBLE,3,EXTRALARGE,5.541235536097814,15.455488,85.64249933333333,c
exo,AllHints,adi,DOUBLE,5,EXTRALARGE,6.659816559705838,12.859588333333333,85.64249933333333,c
exo,ChooseHints,adi,DOUBLE,1,EXTRALARGE,5.840382406131868,14.663851333333334,85.64249933333333,c
exo,ChooseHints,adi,DOUBLE,2,EXTRALARGE,6.887605979099626,12.434291333333334,85.64249933333333,c
exo,ChooseHints,adi,DOUBLE,4,EXTRALARGE,7.093417516110743,12.073517333333333,85.64249933333333,c
exo,ChooseHints,adi,DOUBLE,5,EXTRALARGE,6.49509332922923,13.185722666666669,85.64249933333333,c
exo,FromPlan,adi,DOUBLE,2,EXTRALARGE,0.8738783688440366,98.00276833333334,85.64249933333333,c
exo,FromPlan,adi,DOUBLE,4,EXTRALARGE,11.248873448919447,7.613429,85.64249933333333,c
exo,Naive,adi,DOUBLE,1,EXTRALARGE,7.024895380180607,12.191284666666666,85.64249933333333,c
exo,Naive,adi,DOUBLE,2,EXTRALARGE,7.681638158700608,11.148989,85.64249933333333,c
exo,Naive,adi,DOUBLE,4,EXTRALARGE,6.893541914755519,12.423584333333332,85.64249933333333,c
exo,standard,adi,DOUBLE,2,EXTRALARGE,0.7515113245242447,113.96035766666667,85.64249933333333,c
exo,standard,adi,DOUBLE,3,EXTRALARGE,0.7523656952807561,113.83094666666666,85.64249933333333,c
exo,standard,adi,DOUBLE,4,EXTRALARGE,0.744954289608493,114.96342866666667,85.64249933333333,c
halide,ChooseHints,adi,DOUBLE,2,EXTRALARGE,0.7698312950707983,111.24839933333334,85.64249933333333,c
halide,ChooseHints,adi,DOUBLE,3,EXTRALARGE,0.5473130307980768,156.478093,85.64249933333333,c
halide,ChooseHints,adi,DOUBLE,4,EXTRALARGE,0.8115206710032715,105.53335533333332,85.64249933333333,c
halide,FromPlan,adi,DOUBLE,3,EXTRALARGE,1.036869523173636,82.59718066666666,85.64249933333333,c
halide,Naive,adi,DOUBLE,2,EXTRALARGE,0.8361644064481898,102.42303866666667,85.64249933333333,c
halide,Naive,adi,DOUBLE,4,EXTRALARGE,4.454441934805253,19.226314000000002,85.64249933333333,c
halide,standard,adi,DOUBLE,1,EXTRALARGE,0.844320599326832,101.43362533333334,85.64249933333333,c
halide,standard,adi,DOUBLE,2,EXTRALARGE,0.8332876425547346,102.77663433333333,85.64249933333333,c
halide,standard,adi,DOUBLE,3,EXTRALARGE,0.8439515109676152,101.47798566666667,85.64249933333333,c
halide,standard,adi,DOUBLE,5,EXTRALARGE,0.8324800774962807,102.876335,85.64249933333333,c
noarr,AllHints,adi,DOUBLE,1,EXTRALARGE,6.850660440707628,12.501349333333332,85.64249933333333,c
noarr,AllHints,adi,DOUBLE,2,EXTRALARGE,6.796016400002931,12.601867666666665,85.64249933333333,c
noarr,AllHints,adi,DOUBLE,3,EXTRALARGE,7.492515737046269,11.430406333333332,85.64249933333333,c
noarr,AllHints,adi,DOUBLE,4,EXTRALARGE,5.643717660417367,15.174837666666667,85.64249933333333,c
noarr,AllHints,adi,DOUBLE,5,EXTRALARGE,1.0937681686727927,78.300413,85.64249933333333,c
noarr,ChooseHints,adi,DOUBLE,1,EXTRALARGE,5.918538527612314,14.470210666666667,85.64249933333333,c
noarr,ChooseHints,adi,DOUBLE,2,EXTRALARGE,1.202720148521024,71.20733733333334,85.64249933333333,c
noarr,ChooseHints,adi,DOUBLE,3,EXTRALARGE,7.320840341383058,11.698452000000001,85.64249933333333,c
noarr,ChooseHints,adi,DOUBLE,4,EXTRALARGE,6.679383555500673,12.821916666666667,85.64249933333333,c
noarr,ChooseHints,adi,DOUBLE,5,EXTRALARGE,6.145631672224173,13.935507999999999,85.64249933333333,c
noarr,FromPlan,adi,DOUBLE,1,EXTRALARGE,0.8142701928772694,105.177004,85.64249933333333,c
noarr,FromPlan,adi,DOUBLE,2,EXTRALARGE,6.291279143882095,13.612891333333335,85.64249933333333,c
noarr,FromPlan,adi,DOUBLE,3,EXTRALARGE,5.599621690032977,15.294336666666666,85.64249933333333,c
noarr,FromPlan,adi,DOUBLE,4,EXTRALARGE,1.11725971689712,76.65406533333334,85.64249933333333,c
noarr,FromPlan,adi,DOUBLE,5,EXTRALARGE,0.9713927475458294,88.16464766666667,85.64249933333333,c
noarr,Naive,adi,DOUBLE,1,EXTRALARGE,0.9227763932385551,92.80959066666667,85.64249933333333,c
noarr,Naive,adi,DOUBLE,2,EXTRALARGE,0.9392637237635083,91.180461,85.64249933333333,c
noarr,Naive,adi,DOUBLE,5,EXTRALARGE,0.9239858234387194,92.68810966666668,85.64249933333333,c
noarr,standard,adi,DOUBLE,1,EXTRALARGE,0.9271731474155461,92.36947766666667,85.64249933333333,c
noarr,standard,adi,DOUBLE,3,EXTRALARGE,0.8587494161780713,99.72932466666667,85.64249933333333,c
noarr,standard,adi,DOUBLE,4,EXTRALARGE,0.9329118349680502,91.80127866666668,85.64249933333333,c
noarr,standard,adi,DOUBLE,5,EXTRALARGE,0.9318750217098383,91.90341766666667,85.64249933333333,c
c,AllHints,atax,DOUBLE,1,EXTRALARGE,7.3888888888888875,0.001164,0.008600666666666666,c
c,AllHints,atax,DOUBLE,2,EXTRALARGE,4.0359768496793365,0.002131,0.008600666666666666,c
c,AllHints,atax,DOUBLE,3,EXTRALARGE,8.309822866344604,0.0010350000000000001,0.008600666666666666,c
c,AllHints,atax,DOUBLE,4,EXTRALARGE,7.4250359712230205,0.0011583333333333335,0.008600666666666666,c
c,AllHints,atax,DOUBLE,5,EXTRALARGE,7.455070788789366,0.0011536666666666668,0.008600666666666666,c
c,ChooseHints,atax,DOUBLE,1,EXTRALARGE,7.595525463644392,0.0011323333333333333,0.008600666666666666,c
c,ChooseHints,atax,DOUBLE,2,EXTRALARGE,5.92876838235294,0.0014506666666666667,0.008600666666666666,c
c,ChooseHints,atax,DOUBLE,3,EXTRALARGE,3.2557728706624602,0.0026416666666666667,0.008600666666666666,c
c,ChooseHints,atax,DOUBLE,4,EXTRALARGE,5.6397814207650265,0.001525,0.008600666666666666,c
c,ChooseHints,atax,DOUBLE,5,EXTRALARGE,6.230862110601304,0.0013803333333333332,0.008600666666666666,c
c,FromPlan,atax,DOUBLE,1,EXTRALARGE,0.8851457975986278,0.009716666666666667,0.008600666666666666,c
c,FromPlan,atax,DOUBLE,3,EXTRALARGE,1.2709092700226579,0.0067673333333333335,0.008600666666666666,c
c,FromPlan,atax,DOUBLE,4,EXTRALARGE,1.0348534071311113,0.008311,0.008600666666666666,c
c,FromPlan,atax,DOUBLE,5,EXTRALARGE,1.057632398753894,0.008132,0.008600666666666666,c
c,Naive,atax,DOUBLE,1,EXTRALARGE,1.0208506429277941,0.008425,0.008600666666666666,c
c,Naive,atax,DOUBLE,2,EXTRALARGE,1.035892082864943,0.008302666666666667,0.008600666666666666,c
c,Naive,atax,DOUBLE,3,EXTRALARGE,1.0425050505050504,0.00825,0.008600666666666666,c
c,Naive,atax,DOUBLE,4,EXTRALARGE,1.0130349430702787,0.00849,0.008600666666666666,c
c,standard,atax,DOUBLE,1,EXTRALARGE,1.0,0.008600666666666666,0.008600666666666666,c
exo,AllHints,atax,DOUBLE,1,EXTRALARGE,1.0123989641371731,0.008495333333333334,0.008600666666666666,c
exo,AllHints,atax,DOUBLE,2,EXTRALARGE,1.47196075075589,0.005843,0.008600666666666666,c
exo,AllHints,atax,DOUBLE,4,EXTRALARGE,1.7364560199205867,0.004953,0.008600666666666666,c
exo,ChooseHints,atax,DOUBLE,1,EXTRALARGE,3.9392366412213735,0.0021833333333333336,0.008600666666666666,c
exo,ChooseHints,atax,DOUBLE,2,EXTRALARGE,1.7490509761388284,0.0049173333333333335,0.008600666666666666,c
exo,ChooseHints,atax,DOUBLE,3,EXTRALARGE,0.4466641276875671,0.019255333333333333,0.008600666666666666,c
exo,ChooseHints,atax,DOUBLE,4,EXTRALARGE,4.211883774077702,0.002042,0.008600666666666666,c
exo,ChooseHints,atax,DOUBLE,5,EXTRALARGE,1.0794460946324729,0.007967666666666666,0.008600666666666666,c
exo,FromPlan,atax,DOUBLE,1,EXTRALARGE,1.1854268124597995,0.007255333333333333,0.008600666666666666,c
exo,FromPlan,atax,DOUBLE,2,EXTRALARGE,0.416141154460268,0.020667666666666668,0.008600666666666666,c
exo,FromPlan,atax,DOUBLE,4,EXTRALARGE,0.7602687253226471,0.011312666666666667,0.008600666666666666,c
exo,Naive,atax,DOUBLE,4,EXTRALARGE,1.1379051819184123,0.007558333333333334,0.008600666666666666,c
exo,standard,atax,DOUBLE,1,EXTRALARGE,0.9899098407826588,0.008688333333333333,0.008600666666666666,c
exo,standard,atax,DOUBLE,2,EXTRALARGE,0.9958317252026245,0.008636666666666666,0.008600666666666666,c
exo,standard,atax,DOUBLE,3,EXTRALARGE,0.9904038077690773,0.008683999999999999,0.008600666666666666,c
exo,standard,atax,DOUBLE,4,EXTRALARGE,0.99204121650198,0.008669666666666668,0.008600666666666666,c
exo,standard,atax,DOUBLE,5,EXTRALARGE,0.9956780118854672,0.008638,0.008600666666666666,c
halide,Naive,atax,DOUBLE,2,EXTRALARGE,0.07357117602107736,0.11690266666666667,0.008600666666666666,c
halide,standard,atax,DOUBLE,1,EXTRALARGE,0.5631411235758872,0.015272666666666665,0.008600666666666666,c
halide,standard,atax,DOUBLE,2,EXTRALARGE,0.8816072709878018,0.009755666666666668,0.008600666666666666,c
halide,standard,atax,DOUBLE,3,EXTRALARGE,0.8794437438222162,0.009779666666666666,0.008600666666666666,c
halide,standard,atax,DOUBLE,4,EXTRALARGE,0.5657712970069071,0.015201666666666667,0.008600666666666666,c
halide,standard,atax,DOUBLE,5,EXTRALARGE,0.5680257132793237,0.015141333333333333,0.008600666666666666,c
noarr,AllHints,atax,DOUBLE,1,EXTRALARGE,1.0441503783740034,0.008237,0.008600666666666666,c
noarr,AllHints,atax,DOUBLE,2,EXTRALARGE,1.0455890100093201,0.008225666666666668,0.008600666666666666,c
noarr,AllHints,atax,DOUBLE,3,EXTRALARGE,1.869981156689375,0.004599333333333334,0.008600666666666666,c
noarr,AllHints,atax,DOUBLE,4,EXTRALARGE,1.0463522446165698,0.008219666666666667,0.008600666666666666,c
noarr,AllHints,atax,DOUBLE,5,EXTRALARGE,1.8269489485236847,0.004707666666666666,0.008600666666666666,c
noarr,ChooseHints,atax,DOUBLE,1,EXTRALARGE,1.0435169457251476,0.008242,0.008600666666666666,c
noarr,ChooseHints,atax,DOUBLE,2,EXTRALARGE,1.041621250656009,0.008257,0.008600666666666666,c
noarr,ChooseHints,atax,DOUBLE,3,EXTRALARGE,0.9605748110643684,0.008953666666666667,0.008600666666666666,c
noarr,ChooseHints,atax,DOUBLE,4,EXTRALARGE,1.0373497366622442,0.008291,0.008600666666666666,c
noarr,ChooseHints,atax,DOUBLE,5,EXTRALARGE,1.0419156840575028,0.008254666666666667,0.008600666666666666,c
noarr,FromPlan,atax,DOUBLE,2,EXTRALARGE,1.0508695475094691,0.008184333333333333,0.008600666666666666,c
noarr,FromPlan,atax,DOUBLE,4,EXTRALARGE,1.0840720978110163,0.007933666666666667,0.008600666666666666,c
noarr,Naive,atax,DOUBLE,1,EXTRALARGE,1.045165471705756,0.008229,0.008600666666666666,c
noarr,Naive,atax,DOUBLE,2,EXTRALARGE,1.0444039668083382,0.008235000000000001,0.008600666666666666,c
noarr,Naive,atax,DOUBLE,3,EXTRALARGE,1.0362665167275795,0.008299666666666665,0.008600666666666666,c
noarr,Naive,atax,DOUBLE,4,EXTRALARGE,1.0441081256069924,0.008237333333333334,0.008600666666666666,c
noarr,Naive,atax,DOUBLE,5,EXTRALARGE,1.048861788617886,0.0082,0.008600666666666666,c
noarr,standard,atax,DOUBLE,1,EXTRALARGE,1.0373080324837178,0.008291333333333333,0.008600666666666666,c
noarr,standard,atax,DOUBLE,2,EXTRALARGE,1.033237225692776,0.008324,0.008600666666666666,c
noarr,standard,atax,DOUBLE,3,EXTRALARGE,1.0288289006738705,0.008359666666666666,0.008600666666666666,c
noarr,standard,atax,DOUBLE,4,EXTRALARGE,1.038978819360554,0.008278,0.008600666666666666,c
noarr,standard,atax,DOUBLE,5,EXTRALARGE,1.0334027555270744,0.008322666666666667,0.008600666666666666,c
c,AllHints,bicg,DOUBLE,1,EXTRALARGE,12.679453647195583,0.001147,0.014543333333333333,c
c,AllHints,bicg,DOUBLE,3,EXTRALARGE,13.375229920294297,0.0010873333333333334,0.014543333333333333,c
c,AllHints,bicg,DOUBLE,4,EXTRALARGE,12.686827566152953,0.0011463333333333332,0.014543333333333333,c
c,AllHints,bicg,DOUBLE,5,EXTRALARGE,12.809747504403992,0.0011353333333333335,0.014543333333333333,c
c,ChooseHints,bicg,DOUBLE,1,EXTRALARGE,2.405977721407301,0.006044666666666667,0.014543333333333333,c
c,ChooseHints,bicg,DOUBLE,2,EXTRALARGE,13.26543022195196,0.0010963333333333335,0.014543333333333333,c
c,ChooseHints,bicg,DOUBLE,3,EXTRALARGE,13.035554227666566,0.0011156666666666667,0.014543333333333333,c
c,ChooseHints,bicg,DOUBLE,4,EXTRALARGE,2.3710667898483777,0.006133666666666667,0.014543333333333333,c
c,ChooseHints,bicg,DOUBLE,5,EXTRALARGE,13.34250764525994,0.00109,0.014543333333333333,c
c,FromPlan,bicg,DOUBLE,1,EXTRALARGE,11.40057486281683,0.0012756666666666665,0.014543333333333333,c
c,FromPlan,bicg,DOUBLE,2,EXTRALARGE,2.366308710272264,0.0061459999999999996,0.014543333333333333,c
c,FromPlan,bicg,DOUBLE,3,EXTRALARGE,2.1723760207130054,0.006694666666666667,0.014543333333333333,c
c,FromPlan,bicg,DOUBLE,4,EXTRALARGE,2.1404042386185242,0.006794666666666667,0.014543333333333333,c
c,FromPlan,bicg,DOUBLE,5,EXTRALARGE,2.148731839448412,0.006768333333333334,0.014543333333333333,c
c,Naive,bicg,DOUBLE,1,EXTRALARGE,2.395673182517022,0.006070666666666666,0.014543333333333333,c
c,Naive,bicg,DOUBLE,2,EXTRALARGE,2.3737758433079437,0.0061266666666666665,0.014543333333333333,c
c,Naive,bicg,DOUBLE,3,EXTRALARGE,2.3862393349376503,0.0060946666666666675,0.014543333333333333,c
c,Naive,bicg,DOUBLE,4,EXTRALARGE,2.387806479859895,0.006090666666666667,0.014543333333333333,c
c,Naive,bicg,DOUBLE,5,EXTRALARGE,2.3851957139733218,0.006097333333333333,0.014543333333333333,c
c,standard,bicg,DOUBLE,1,EXTRALARGE,1.0,0.014543333333333333,0.014543333333333333,c
exo,AllHints,bicg,DOUBLE,2,EXTRALARGE,2.1668736031785447,0.006711666666666667,0.014543333333333333,c
exo,AllHints,bicg,DOUBLE,3,EXTRALARGE,1.0036114369838751,0.014490999999999999,0.014543333333333333,c
exo,AllHints,bicg,DOUBLE,4,EXTRALARGE,2.2468843341229783,0.006472666666666667,0.014543333333333333,c
exo,AllHints,bicg,DOUBLE,5,EXTRALARGE,2.1892719152993125,0.006643,0.014543333333333333,c
exo,ChooseHints,bicg,DOUBLE,1,EXTRALARGE,2.2376654015796493,0.0064993333333333335,0.014543333333333333,c
exo,ChooseHints,bicg,DOUBLE,2,EXTRALARGE,2.1245617452278927,0.006845333333333333,0.014543333333333333,c
exo,ChooseHints,bicg,DOUBLE,4,EXTRALARGE,0.9889163398989098,0.014706333333333333,0.014543333333333333,c
exo,ChooseHints,bicg,DOUBLE,5,EXTRALARGE,1.0097433405077647,0.014403,0.014543333333333333,c
exo,FromPlan,bicg,DOUBLE,2,EXTRALARGE,2.145456333595594,0.006778666666666666,0.014543333333333333,c
exo,Naive,bicg,DOUBLE,1,EXTRALARGE,1.0363420427553445,0.014033333333333333,0.014543333333333333,c
exo,Naive,bicg,DOUBLE,2,EXTRALARGE,0.9953460783866406,0.014611333333333332,0.014543333333333333,c
exo,Naive,bicg,DOUBLE,3,EXTRALARGE,2.3835017754711822,0.0061016666666666676,0.014543333333333333,c
exo,Naive,bicg,DOUBLE,4,EXTRALARGE,0.9301978509295582,0.015634666666666668,0.014543333333333333,c
exo,Naive,bicg,DOUBLE,5,EXTRALARGE,0.9947106835073641,0.014620666666666665,0.014543333333333333,c
exo,standard,bicg,DOUBLE,1,EXTRALARGE,0.9991297975634332,0.014556,0.014543333333333333,c
exo,standard,bicg,DOUBLE,2,EXTRALARGE,0.998786713366756,0.014561,0.014543333333333333,c
exo,standard,bicg,DOUBLE,3,EXTRALARGE,1.00158398567526,0.014520333333333335,0.014543333333333333,c
exo,standard,bicg,DOUBLE,4,EXTRALARGE,0.9026211804621719,0.016112333333333333,0.014543333333333333,c
exo,standard,bicg,DOUBLE,5,EXTRALARGE,0.9994502222018601,0.014551333333333333,0.014543333333333333,c
halide,AllHints,bicg,DOUBLE,1,EXTRALARGE,1.3511923196035924,0.010763333333333333,0.014543333333333333,c
halide,AllHints,bicg,DOUBLE,5,EXTRALARGE,1.2822547463704226,0.011342,0.014543333333333333,c
halide,FromPlan,bicg,DOUBLE,1,EXTRALARGE,1.2120117784321351,0.011999333333333334,0.014543333333333333,c
halide,FromPlan,bicg,DOUBLE,4,EXTRALARGE,0.6206347174213005,0.023433,0.014543333333333333,c
halide,Naive,bicg,DOUBLE,1,EXTRALARGE,2.8844373925690863,0.0050420000000000005,0.014543333333333333,c
halide,Naive,bicg,DOUBLE,3,EXTRALARGE,2.289807914348693,0.006351333333333334,0.014543333333333333,c
halide,standard,bicg,DOUBLE,1,EXTRALARGE,0.9274296403367059,0.015681333333333335,0.014543333333333333,c
halide,standard,bicg,DOUBLE,2,EXTRALARGE,1.3454007215763668,0.010809666666666667,0.014543333333333333,c
halide,standard,bicg,DOUBLE,3,EXTRALARGE,0.9315483815868135,0.015612000000000001,0.014543333333333333,c
halide,standard,bicg,DOUBLE,4,EXTRALARGE,0.9285942322017665,0.015661666666666667,0.014543333333333333,c
halide,standard,bicg,DOUBLE,5,EXTRALARGE,0.9536820476950316,0.015249666666666667,0.014543333333333333,c
noarr,AllHints,bicg,DOUBLE,1,EXTRALARGE,2.2338845937227996,0.006510333333333333,0.014543333333333333,c
noarr,AllHints,bicg,DOUBLE,2,EXTRALARGE,2.007084368387156,0.007246,0.014543333333333333,c
noarr,AllHints,bicg,DOUBLE,3,EXTRALARGE,2.135375880971026,0.006810666666666666,0.014543333333333333,c
noarr,AllHints,bicg,DOUBLE,4,EXTRALARGE,2.1272549975621646,0.006836666666666667,0.014543333333333333,c
noarr,AllHints,bicg,DOUBLE,5,EXTRALARGE,2.251522344927237,0.006459333333333333,0.014543333333333333,c
noarr,ChooseHints,bicg,DOUBLE,1,EXTRALARGE,2.239848041480569,0.006493,0.014543333333333333,c
noarr,ChooseHints,bicg,DOUBLE,2,EXTRALARGE,1.11406174195031,0.013054333333333334,0.014543333333333333,c
noarr,ChooseHints,bicg,DOUBLE,3,EXTRALARGE,2.1274624536766145,0.006835999999999999,0.014543333333333333,c
noarr,ChooseHints,bicg,DOUBLE,4,EXTRALARGE,2.145350838373408,0.006779,0.014543333333333333,c
noarr,ChooseHints,bicg,DOUBLE,5,EXTRALARGE,2.133183396078815,0.006817666666666666,0.014543333333333333,c
noarr,FromPlan,bicg,DOUBLE,2,EXTRALARGE,2.2826200690593286,0.006371333333333333,0.014543333333333333,c
noarr,FromPlan,bicg,DOUBLE,5,EXTRALARGE,2.295590866042302,0.006335333333333334,0.014543333333333333,c
noarr,Naive,bicg,DOUBLE,1,EXTRALARGE,2.201756156641098,0.006605333333333334,0.014543333333333333,c
noarr,Naive,bicg,DOUBLE,2,EXTRALARGE,2.354687247018188,0.006176333333333333,0.014543333333333333,c
noarr,Naive,bicg,DOUBLE,3,EXTRALARGE,2.2750026071540304,0.006392666666666667,0.014543333333333333,c
noarr,Naive,bicg,DOUBLE,4,EXTRALARGE,2.2759520083463745,0.00639,0.014543333333333333,c
noarr,Naive,bicg,DOUBLE,5,EXTRALARGE,2.137258743999216,0.006804666666666667,0.014543333333333333,c
noarr,standard,bicg,DOUBLE,1,EXTRALARGE,1.112385905869155,0.013074,0.014543333333333333,c
noarr,standard,bicg,DOUBLE,2,EXTRALARGE,1.1159138574863166,0.013032666666666666,0.014543333333333333,c
noarr,standard,bicg,DOUBLE,3,EXTRALARGE,1.1168279322172734,0.013022,0.014543333333333333,c
noarr,standard,bicg,DOUBLE,4,EXTRALARGE,1.1126128423522212,0.013071333333333332,0.014543333333333333,c
noarr,standard,bicg,DOUBLE,5,EXTRALARGE,1.1158567774936061,0.013033333333333334,0.014543333333333333,c
c,AllHints,cholesky,DOUBLE,1,EXTRALARGE,1.0082151694105401,16.168828666666666,16.301658333333332,c
c,AllHints,cholesky,DOUBLE,2,EXTRALARGE,0.9962649162762207,16.362774666666667,16.301658333333332,c
c,AllHints,cholesky,DOUBLE,3,EXTRALARGE,0.9926358378844303,16.422597,16.301658333333332,c
c,AllHints,cholesky,DOUBLE,4,EXTRALARGE,0.9940789816430584,16.398755666666666,16.301658333333332,c
c,AllHints,cholesky,DOUBLE,5,EXTRALARGE,1.0066998218034393,16.193167,16.301658333333332,c
c,ChooseHints,cholesky,DOUBLE,1,EXTRALARGE,1.0039724936236267,16.237156333333335,16.301658333333332,c
c,ChooseHints,cholesky,DOUBLE,3,EXTRALARGE,1.007049431995413,16.187545333333333,16.301658333333332,c
c,ChooseHints,cholesky,DOUBLE,5,EXTRALARGE,1.0095192105793127,16.147942666666665,16.301658333333332,c
c,FromPlan,cholesky,DOUBLE,1,EXTRALARGE,2.1542527230244075,7.567198666666666,16.301658333333332,c
c,FromPlan,cholesky,DOUBLE,2,EXTRALARGE,1.0077865122754661,16.175706,16.301658333333332,c
c,FromPlan,cholesky,DOUBLE,3,EXTRALARGE,1.0029276355502867,16.254072333333333,16.301658333333332,c
c,FromPlan,cholesky,DOUBLE,4,EXTRALARGE,2.0912003714346628,7.795359333333334,16.301658333333332,c
c,FromPlan,cholesky,DOUBLE,5,EXTRALARGE,2.8169037002630914,5.787084,16.301658333333332,c
c,Naive,cholesky,DOUBLE,1,EXTRALARGE,1.0083446776033511,16.166752,16.301658333333332,c
c,Naive,cholesky,DOUBLE,2,EXTRALARGE,1.0067837973046838,16.191816333333332,16.301658333333332,c
c,Naive,cholesky,DOUBLE,3,EXTRALARGE,1.0071348347163311,16.186172666666668,16.301658333333332,c
c,Naive,cholesky,DOUBLE,4,EXTRALARGE,1.0008367904395061,16.288028666666666,16.301658333333332,c
c,Naive,cholesky,DOUBLE,5,EXTRALARGE,1.008711888388824,16.160866666666667,16.301658333333332,c
c,standard,cholesky,DOUBLE,1,EXTRALARGE,1.0,16.301658333333332,16.301658333333332,c
exo,AllHints,cholesky,DOUBLE,1,EXTRALARGE,1.0049763462086818,16.220937333333335,16.301658333333332,c
exo,AllHints,cholesky,DOUBLE,2,EXTRALARGE,1.006544280314606,16.19566933333333,16.301658333333332,c
exo,AllHints,cholesky,DOUBLE,3,EXTRALARGE,0.9991379889435071,16.31572266666667,16.301658333333332,c
exo,AllHints,cholesky,DOUBLE,5,EXTRALARGE,0.9977014399610589,16.339215,16.301658333333332,c
exo,ChooseHints,cholesky,DOUBLE,2,EXTRALARGE,1.006479525246833,16.196711333333333,16.301658333333332,c
exo,ChooseHints,cholesky,DOUBLE,3,EXTRALARGE,1.0041167266940088,16.234824,16.301658333333332,c
exo,ChooseHints,cholesky,DOUBLE,4,EXTRALARGE,1.0011042960835073,16.283676333333332,16.301658333333332,c
exo,ChooseHints,cholesky,DOUBLE,5,EXTRALARGE,1.007899666272822,16.17389,16.301658333333332,c
exo,FromPlan,cholesky,DOUBLE,1,EXTRALARGE,1.0026229556593589,16.259011666666666,16.301658333333332,c
exo,FromPlan,cholesky,DOUBLE,2,EXTRALARGE,1.0021676792448662,16.266398,16.301658333333332,c
exo,FromPlan,cholesky,DOUBLE,4,EXTRALARGE,1.0019898436429955,16.269285,16.301658333333332,c
exo,FromPlan,cholesky,DOUBLE,5,EXTRALARGE,1.0022920641013084,16.264379333333334,16.301658333333332,c
exo,Naive,cholesky,DOUBLE,1,EXTRALARGE,0.47009381397077227,34.67745766666667,16.301658333333332,c
exo,Naive,cholesky,DOUBLE,3,EXTRALARGE,1.0066161503796582,16.194513,16.301658333333332,c
exo,Naive,cholesky,DOUBLE,4,EXTRALARGE,1.0060836979364276,16.203083666666668,16.301658333333332,c
exo,Naive,cholesky,DOUBLE,5,EXTRALARGE,0.46509353544096343,35.05027933333333,16.301658333333332,c
exo,standard,cholesky,DOUBLE,1,EXTRALARGE,0.9891250994409503,16.480886333333334,16.301658333333332,c
exo,standard,cholesky,DOUBLE,2,EXTRALARGE,0.9915313789784697,16.44089,16.301658333333332,c
exo,standard,cholesky,DOUBLE,3,EXTRALARGE,0.9909545789997073,16.450459666666667,16.301658333333332,c
exo,standard,cholesky,DOUBLE,4,EXTRALARGE,0.992220886884225,16.429464999999997,16.301658333333332,c
exo,standard,cholesky,DOUBLE,5,EXTRALARGE,0.9906537578774535,16.455455,16.301658333333332,c
halide,AllHints,cholesky,DOUBLE,4,EXTRALARGE,0.3650128745006577,44.66050233333333,16.301658333333332,c
halide,ChooseHints,cholesky,DOUBLE,2,EXTRALARGE,1.0055276187356423,16.212044333333335,16.301658333333332,c
halide,Naive,cholesky,DOUBLE,1,EXTRALARGE,1.0033946784867804,16.246506666666665,16.301658333333332,c
halide,standard,cholesky,DOUBLE,1,EXTRALARGE,0.9976959647854455,16.339304666666667,16.301658333333332,c
c,AllHints,correlation,DOUBLE,1,EXTRALARGE,19.2985346097572,1.0607413333333333,20.470753333333334,c
c,AllHints,correlation,DOUBLE,2,EXTRALARGE,53.9915055084079,0.37914766666666666,20.470753333333334,c
c,AllHints,correlation,DOUBLE,3,EXTRALARGE,20.229316441602805,1.011935,20.470753333333334,c
c,AllHints,correlation,DOUBLE,4,EXTRALARGE,20.595120400391163,0.9939613333333334,20.470753333333334,c
c,ChooseHints,correlation,DOUBLE,1,EXTRALARGE,3.440396635515631,5.950114333333334,20.470753333333334,c
c,ChooseHints,correlation,DOUBLE,2,EXTRALARGE,1.6518268179936466,12.392796333333335,20.470753333333334,c
c,ChooseHints,correlation,DOUBLE,3,EXTRALARGE,20.26922320342937,1.0099426666666667,20.470753333333334,c
c,ChooseHints,correlation,DOUBLE,5,EXTRALARGE,20.49077281837689,0.9990229999999999,20.470753333333334,c
c,FromPlan,correlation,DOUBLE,1,EXTRALARGE,3.4046711633357076,6.012549333333333,20.470753333333334,c
c,FromPlan,correlation,DOUBLE,2,EXTRALARGE,3.390647017207246,6.037418,20.470753333333334,c
c,FromPlan,correlation,DOUBLE,3,EXTRALARGE,5.061998754040753,4.044006,20.470753333333334,c
c,FromPlan,correlation,DOUBLE,4,EXTRALARGE,1.3364020341288112,15.317810666666666,20.470753333333334,c
c,FromPlan,correlation,DOUBLE,5,EXTRALARGE,3.448289686551279,5.936494666666666,20.470753333333334,c
c,Naive,correlation,DOUBLE,1,EXTRALARGE,3.066892246326757,6.674754666666666,20.470753333333334,c
c,Naive,correlation,DOUBLE,2,EXTRALARGE,3.4314178352623568,5.965683666666667,20.470753333333334,c
c,Naive,correlation,DOUBLE,3,EXTRALARGE,3.4618876599323665,5.913176666666666,20.470753333333334,c
c,Naive,correlation,DOUBLE,4,EXTRALARGE,3.431906435177328,5.964834333333333,20.470753333333334,c
c,Naive,correlation,DOUBLE,5,EXTRALARGE,3.4547242726880425,5.925437666666667,20.470753333333334,c
c,standard,correlation,DOUBLE,1,EXTRALARGE,1.0,20.470753333333334,20.470753333333334,c
exo,AllHints,correlation,DOUBLE,1,EXTRALARGE,18.857083551216085,1.0855736666666667,20.470753333333334,c
exo,AllHints,correlation,DOUBLE,2,EXTRALARGE,19.774920038653217,1.0351876666666666,20.470753333333334,c
exo,AllHints,correlation,DOUBLE,3,EXTRALARGE,19.327031167585414,1.0591773333333332,20.470753333333334,c
exo,AllHints,correlation,DOUBLE,4,EXTRALARGE,19.624950667802175,1.0430983333333332,20.470753333333334,c
exo,AllHints,correlation,DOUBLE,5,EXTRALARGE,3.1201096392902916,6.560908333333333,20.470753333333334,c
exo,ChooseHints,correlation,DOUBLE,1,EXTRALARGE,19.317371059484678,1.0597070000000002,20.470753333333334,c
exo,ChooseHints,correlation,DOUBLE,2,EXTRALARGE,20.029771213702062,1.0220163333333334,20.470753333333334,c
exo,ChooseHints,correlation,DOUBLE,3,EXTRALARGE,19.08335524062912,1.0727019999999998,20.470753333333334,c
exo,ChooseHints,correlation,DOUBLE,4,EXTRALARGE,19.205933761513055,1.0658556666666665,20.470753333333334,c
exo,ChooseHints,correlation,DOUBLE,5,EXTRALARGE,19.688079965094296,1.0397536666666667,20.470753333333334,c
exo,FromPlan,correlation,DOUBLE,2,EXTRALARGE,3.102330450947879,6.598508333333332,20.470753333333334,c
exo,FromPlan,correlation,DOUBLE,3,EXTRALARGE,3.1940010951052296,6.409125333333333,20.470753333333334,c
exo,FromPlan,correlation,DOUBLE,4,EXTRALARGE,3.2702693189468786,6.259653666666668,20.470753333333334,c
exo,Naive,correlation,DOUBLE,2,EXTRALARGE,3.2982712238171423,6.206510000000001,20.470753333333334,c
exo,Naive,correlation,DOUBLE,3,EXTRALARGE,19.301597658372724,1.060573,20.470753333333334,c
exo,Naive,correlation,DOUBLE,5,EXTRALARGE,3.2654031122331078,6.268982,20.470753333333334,c
exo,standard,correlation,DOUBLE,1,EXTRALARGE,0.9942651259583618,20.588827666666663,20.470753333333334,c
exo,standard,correlation,DOUBLE,2,EXTRALARGE,0.9914390507707086,20.647515666666667,20.470753333333334,c
exo,standard,correlation,DOUBLE,3,EXTRALARGE,0.9873875012950845,20.732238666666667,20.470753333333334,c
halide,AllHints,correlation,DOUBLE,1,EXTRALARGE,24.402791376328775,0.8388693333333332,20.470753333333334,c
halide,AllHints,correlation,DOUBLE,2,EXTRALARGE,0.7391354813762526,27.695536,20.470753333333334,c
halide,AllHints,correlation,DOUBLE,4,EXTRALARGE,22.702130616916293,0.9017106666666667,20.470753333333334,c
halide,Naive,correlation,DOUBLE,1,EXTRALARGE,23.235551620677786,0.88101,20.470753333333334,c
halide,Naive,correlation,DOUBLE,2,EXTRALARGE,18.77116224705254,1.0905426666666667,20.470753333333334,c
halide,Naive,correlation,DOUBLE,4,EXTRALARGE,23.91516717219883,0.8559736666666667,20.470753333333334,c
halide,Naive,correlation,DOUBLE,5,EXTRALARGE,53.61938014750243,0.38177900000000003,20.470753333333334,c
halide,standard,correlation,DOUBLE,4,EXTRALARGE,0.4707445410609312,43.485907,20.470753333333334,c
noarr,AllHints,correlation,DOUBLE,1,EXTRALARGE,1.0164159955315752,20.140133000000002,20.470753333333334,c
noarr,AllHints,correlation,DOUBLE,2,EXTRALARGE,0.996342061737611,20.545908999999998,20.470753333333334,c
noarr,AllHints,correlation,DOUBLE,3,EXTRALARGE,1.0146708303264154,20.174772666666666,20.470753333333334,c
noarr,AllHints,correlation,DOUBLE,4,EXTRALARGE,1.008083064432161,20.306613666666667,20.470753333333334,c
noarr,AllHints,correlation,DOUBLE,5,EXTRALARGE,1.0095000801274558,20.278109666666666,20.470753333333334,c
noarr,ChooseHints,correlation,DOUBLE,1,EXTRALARGE,0.9908958241514265,20.658835,20.470753333333334,c
noarr,ChooseHints,correlation,DOUBLE,2,EXTRALARGE,1.0078440896148353,20.311428666666668,20.470753333333334,c
noarr,ChooseHints,correlation,DOUBLE,3,EXTRALARGE,0.7433309232755061,27.539219333333335,20.470753333333334,c
noarr,ChooseHints,correlation,DOUBLE,4,EXTRALARGE,2.83881325239246,7.211024999999999,20.470753333333334,c
noarr,ChooseHints,correlation,DOUBLE,5,EXTRALARGE,1.000614636001246,20.458179,20.470753333333334,c
noarr,FromPlan,correlation,DOUBLE,1,EXTRALARGE,1.3295412456968483,15.396854666666668,20.470753333333334,c
noarr,FromPlan,correlation,DOUBLE,2,EXTRALARGE,1.3294437332402302,15.397984000000001,20.470753333333334,c
noarr,FromPlan,correlation,DOUBLE,3,EXTRALARGE,1.328471435162088,15.409253666666666,20.470753333333334,c
noarr,FromPlan,correlation,DOUBLE,4,EXTRALARGE,1.3266025080699764,15.430962333333333,20.470753333333334,c
noarr,FromPlan,correlation,DOUBLE,5,EXTRALARGE,1.3298249708552548,15.393569666666666,20.470753333333334,c
noarr,Naive,correlation,DOUBLE,1,EXTRALARGE,1.0194400782441682,20.080389,20.470753333333334,c
noarr,Naive,correlation,DOUBLE,2,EXTRALARGE,1.0156731066671218,20.154864,20.470753333333334,c
noarr,Naive,correlation,DOUBLE,3,EXTRALARGE,2.820113719736382,7.258839666666667,20.470753333333334,c
noarr,Naive,correlation,DOUBLE,4,EXTRALARGE,0.9964335611200579,20.544022333333334,20.470753333333334,c
noarr,Naive,correlation,DOUBLE,5,EXTRALARGE,1.000801899475243,20.454351,20.470753333333334,c
noarr,standard,correlation,DOUBLE,1,EXTRALARGE,1.0197756801899234,20.073780666666668,20.470753333333334,c
noarr,standard,correlation,DOUBLE,2,EXTRALARGE,0.9994252824460527,20.482525,20.470753333333334,c
noarr,standard,correlation,DOUBLE,3,EXTRALARGE,1.0010082084868355,20.450135333333332,20.470753333333334,c
noarr,standard,correlation,DOUBLE,4,EXTRALARGE,0.9956293625374298,20.560616333333332,20.470753333333334,c
noarr,standard,correlation,DOUBLE,5,EXTRALARGE,0.9970673563133667,20.530963333333332,20.470753333333334,c
c,AllHints,covariance,DOUBLE,1,EXTRALARGE,57.914042569984524,0.354757,20.545412,c
c,AllHints,covariance,DOUBLE,2,EXTRALARGE,20.637517239439617,0.995537,20.545412,c
c,AllHints,covariance,DOUBLE,3,EXTRALARGE,20.685639953243033,0.993221,20.545412,c
c,AllHints,covariance,DOUBLE,5,EXTRALARGE,83.16487863851697,0.24704433333333334,20.545412,c
c,ChooseHints,covariance,DOUBLE,1,EXTRALARGE,3.4460559510630167,5.9620076666666675,20.545412,c
c,ChooseHints,covariance,DOUBLE,2,EXTRALARGE,20.256034294074844,1.014286,20.545412,c
c,ChooseHints,covariance,DOUBLE,3,EXTRALARGE,3.4589262498308733,5.939823666666666,20.545412,c
c,ChooseHints,covariance,DOUBLE,4,EXTRALARGE,3.4415078789882108,5.969886666666667,20.545412,c
c,ChooseHints,covariance,DOUBLE,5,EXTRALARGE,3.444505867641529,5.964690666666667,20.545412,c
c,FromPlan,covariance,DOUBLE,1,EXTRALARGE,2.6896754143766954,7.638621333333333,20.545412,c
c,FromPlan,covariance,DOUBLE,2,EXTRALARGE,3.3853415207504884,6.068933333333334,20.545412,c
c,FromPlan,covariance,DOUBLE,3,EXTRALARGE,3.4448310211110504,5.964127666666666,20.545412,c
c,FromPlan,covariance,DOUBLE,4,EXTRALARGE,2.846766528812062,7.217104666666667,20.545412,c
c,FromPlan,covariance,DOUBLE,5,EXTRALARGE,2.7222461014825576,7.547228,20.545412,c
c,Naive,covariance,DOUBLE,1,EXTRALARGE,1.0183744036945521,20.174713666666666,20.545412,c
c,Naive,covariance,DOUBLE,2,EXTRALARGE,1.338297873402969,15.351897666666666,20.545412,c
c,Naive,covariance,DOUBLE,3,EXTRALARGE,3.459146772131066,5.939445,20.545412,c
c,Naive,covariance,DOUBLE,4,EXTRALARGE,1.337193728898699,15.364574,20.545412,c
c,Naive,covariance,DOUBLE,5,EXTRALARGE,3.466347215353279,5.927107333333333,20.545412,c
c,standard,covariance,DOUBLE,1,EXTRALARGE,1.0,20.545412,20.545412,c
exo,AllHints,covariance,DOUBLE,1,EXTRALARGE,0.5611252774662652,36.61466133333334,20.545412,c
exo,AllHints,covariance,DOUBLE,3,EXTRALARGE,71.70973236349421,0.286508,20.545412,c
exo,ChooseHints,covariance,DOUBLE,1,EXTRALARGE,19.44931352100143,1.0563566666666666,20.545412,c
exo,ChooseHints,covariance,DOUBLE,2,EXTRALARGE,3.210785857093592,6.398873333333333,20.545412,c
exo,ChooseHints,covariance,DOUBLE,3,EXTRALARGE,19.480762362537508,1.0546513333333334,20.545412,c
exo,ChooseHints,covariance,DOUBLE,5,EXTRALARGE,19.125823268959195,1.0742236666666667,20.545412,c
exo,FromPlan,covariance,DOUBLE,1,EXTRALARGE,3.238905008791137,6.343320333333334,20.545412,c
exo,FromPlan,covariance,DOUBLE,3,EXTRALARGE,3.2480114068863832,6.325535666666667,20.545412,c
exo,FromPlan,covariance,DOUBLE,4,EXTRALARGE,3.191327137272571,6.437889666666667,20.545412,c
exo,FromPlan,covariance,DOUBLE,5,EXTRALARGE,3.1744814203468357,6.472053,20.545412,c
exo,Naive,covariance,DOUBLE,1,EXTRALARGE,3.2707613963331905,6.281538,20.545412,c
exo,Naive,covariance,DOUBLE,2,EXTRALARGE,0.5621995084047665,36.544699333333334,20.545412,c
exo,Naive,covariance,DOUBLE,3,EXTRALARGE,19.70241778517108,1.0427863333333331,20.545412,c
exo,Naive,covariance,DOUBLE,5,EXTRALARGE,57.24045523985531,0.35893166666666665,20.545412,c
exo,standard,covariance,DOUBLE,1,EXTRALARGE,0.9968630375498572,20.610065000000002,20.545412,c
exo,standard,covariance,DOUBLE,2,EXTRALARGE,0.995624798528737,20.635697333333336,20.545412,c
exo,standard,covariance,DOUBLE,3,EXTRALARGE,0.9917624943558284,20.716060666666667,20.545412,c
exo,standard,covariance,DOUBLE,4,EXTRALARGE,0.999602421319844,20.55358366666667,20.545412,c
exo,standard,covariance,DOUBLE,5,EXTRALARGE,0.9975172377183912,20.59654833333333,20.545412,c
halide,AllHints,covariance,DOUBLE,2,EXTRALARGE,0.26256576824300065,78.24863133333334,20.545412,c
halide,ChooseHints,covariance,DOUBLE,5,EXTRALARGE,15.441532542937797,1.3305293333333335,20.545412,c
halide,Naive,covariance,DOUBLE,4,EXTRALARGE,26.085470259097356,0.787619,20.545412,c
halide,Naive,covariance,DOUBLE,5,EXTRALARGE,29.04736177861391,0.7073073333333334,20.545412,c
halide,standard,covariance,DOUBLE,2,EXTRALARGE,0.45777096813019863,44.88142200000001,20.545412,c
noarr,AllHints,covariance,DOUBLE,1,EXTRALARGE,3.435258888258037,5.980746333333333,20.545412,c
noarr,AllHints,covariance,DOUBLE,2,EXTRALARGE,1.020756100541143,20.127640666666668,20.545412,c
noarr,AllHints,covariance,DOUBLE,3,EXTRALARGE,3.385907797594507,6.067918333333334,20.545412,c
noarr,AllHints,covariance,DOUBLE,4,EXTRALARGE,3.44835504426573,5.958032666666667,20.545412,c
noarr,AllHints,covariance,DOUBLE,5,EXTRALARGE,0.7665354460409975,26.802950999999997,20.545412,c
noarr,ChooseHints,covariance,DOUBLE,1,EXTRALARGE,3.419044274390288,6.009109666666667,20.545412,c
noarr,ChooseHints,covariance,DOUBLE,2,EXTRALARGE,3.4265985441292677,5.995862,20.545412,c
noarr,ChooseHints,covariance,DOUBLE,3,EXTRALARGE,1.0187540706578182,20.167195,20.545412,c
noarr,ChooseHints,covariance,DOUBLE,4,EXTRALARGE,3.4462578784706155,5.961658333333333,20.545412,c
noarr,ChooseHints,covariance,DOUBLE,5,EXTRALARGE,3.38974803680686,6.061044,20.545412,c
noarr,FromPlan,covariance,DOUBLE,1,EXTRALARGE,1.3346482283411625,15.393878,20.545412,c
noarr,FromPlan,covariance,DOUBLE,2,EXTRALARGE,3.356227900919888,6.121578333333333,20.545412,c
noarr,FromPlan,covariance,DOUBLE,4,EXTRALARGE,0.7631226513648838,26.922817666666663,20.545412,c
noarr,FromPlan,covariance,DOUBLE,5,EXTRALARGE,3.391546851105302,6.057829333333333,20.545412,c
noarr,Naive,covariance,DOUBLE,1,EXTRALARGE,1.0180262934723896,20.181612333333334,20.545412,c
noarr,Naive,covariance,DOUBLE,2,EXTRALARGE,1.01790884148938,20.183941,20.545412,c
noarr,Naive,covariance,DOUBLE,3,EXTRALARGE,3.4264499621588755,5.996122,20.545412,c
noarr,Naive,covariance,DOUBLE,4,EXTRALARGE,3.4428477508128665,5.9675633333333336,20.545412,c
noarr,Naive,covariance,DOUBLE,5,EXTRALARGE,3.4313576881079495,5.987545999999999,20.545412,c
noarr,standard,covariance,DOUBLE,1,EXTRALARGE,1.0255664333504753,20.033233666666668,20.545412,c
noarr,standard,covariance,DOUBLE,2,EXTRALARGE,1.0071361522569129,20.399835666666664,20.545412,c
noarr,standard,covariance,DOUBLE,3,EXTRALARGE,1.0025499244723457,20.493156,20.545412,c
noarr,standard,covariance,DOUBLE,4,EXTRALARGE,1.0138838688282488,20.26406833333333,20.545412,c
noarr,standard,covariance,DOUBLE,5,EXTRALARGE,0.999924368395801,20.546966,20.545412,c
c,AllHints,deriche,DOUBLE,1,EXTRALARGE,3.811772791357156,0.311379,1.186906,c
c,AllHints,deriche,DOUBLE,2,EXTRALARGE,3.835397675312883,0.309461,1.186906,c
c,AllHints,deriche,DOUBLE,3,EXTRALARGE,5.461299312413822,0.21733033333333332,1.186906,c
c,AllHints,deriche,DOUBLE,4,EXTRALARGE,20.333133469240916,0.058373,1.186906,c
c,AllHints,deriche,DOUBLE,5,EXTRALARGE,5.464207450693937,0.21721466666666667,1.186906,c
c,ChooseHints,deriche,DOUBLE,1,EXTRALARGE,4.751938760394438,0.24977300000000002,1.186906,c
c,ChooseHints,deriche,DOUBLE,2,EXTRALARGE,3.79275091550901,0.3129406666666667,1.186906,c
c,ChooseHints,deriche,DOUBLE,3,EXTRALARGE,4.01046339669564,0.2959523333333333,1.186906,c
c,ChooseHints,deriche,DOUBLE,4,EXTRALARGE,4.033263180787415,0.29427933333333334,1.186906,c
c,ChooseHints,deriche,DOUBLE,5,EXTRALARGE,1.870197686254613,0.6346419999999999,1.186906,c
c,FromPlan,deriche,DOUBLE,1,EXTRALARGE,2.1216661254331113,0.5594216666666666,1.186906,c
c,FromPlan,deriche,DOUBLE,2,EXTRALARGE,2.121468928236718,0.5594736666666666,1.186906,c
c,FromPlan,deriche,DOUBLE,3,EXTRALARGE,2.121024105105336,0.5595910000000001,1.186906,c
c,FromPlan,deriche,DOUBLE,4,EXTRALARGE,2.0074395592190832,0.5912536666666667,1.186906,c
c,FromPlan,deriche,DOUBLE,5,EXTRALARGE,1.9580048654308062,0.6061813333333333,1.186906,c
c,Naive,deriche,DOUBLE,1,EXTRALARGE,2.362666514495619,0.5023586666666667,1.186906,c
c,Naive,deriche,DOUBLE,2,EXTRALARGE,1.4079760787232074,0.8429873333333333,1.186906,c
c,Naive,deriche,DOUBLE,3,EXTRALARGE,0.8480716809511729,1.3995350000000002,1.186906,c
c,Naive,deriche,DOUBLE,4,EXTRALARGE,0.8481775363553014,1.3993603333333333,1.186906,c
c,Naive,deriche,DOUBLE,5,EXTRALARGE,0.8478475325111345,1.3999050000000002,1.186906,c
c,standard,deriche,DOUBLE,1,EXTRALARGE,1.0,1.186906,1.186906,c
exo,AllHints,deriche,DOUBLE,1,EXTRALARGE,4.092106699703383,0.29004766666666665,1.186906,c
exo,AllHints,deriche,DOUBLE,2,EXTRALARGE,3.910247174427748,0.3035373333333333,1.186906,c
exo,ChooseHints,deriche,DOUBLE,2,EXTRALARGE,5.243984624674158,0.22633666666666666,1.186906,c
exo,FromPlan,deriche,DOUBLE,3,EXTRALARGE,1.5009971609052224,0.7907449999999999,1.186906,c
exo,Naive,deriche,DOUBLE,5,EXTRALARGE,1.7090070991086637,0.6945003333333334,1.186906,c
exo,standard,deriche,DOUBLE,3,EXTRALARGE,0.8972475677146724,1.32283,1.186906,c
exo,standard,deriche,DOUBLE,4,EXTRALARGE,0.9129226864255773,1.3001166666666666,1.186906,c
exo,standard,deriche,DOUBLE,5,EXTRALARGE,0.8957307915808221,1.32507,1.186906,c
halide,AllHints,deriche,DOUBLE,1,EXTRALARGE,0.23746619706747032,4.998210333333334,1.186906,c
halide,AllHints,deriche,DOUBLE,2,EXTRALARGE,1.0218593631082138,1.161516,1.186906,c
halide,AllHints,deriche,DOUBLE,3,EXTRALARGE,0.22074243027836582,5.376881999999999,1.186906,c
halide,ChooseHints,deriche,DOUBLE,2,EXTRALARGE,0.6281578856376316,1.8895026666666668,1.186906,c
halide,ChooseHints,deriche,DOUBLE,3,EXTRALARGE,0.22460920202349743,5.2843160000000005,1.186906,c
halide,ChooseHints,deriche,DOUBLE,4,EXTRALARGE,0.6110307245294467,1.9424653333333335,1.186906,c
halide,ChooseHints,deriche,DOUBLE,5,EXTRALARGE,0.6125373146652635,1.9376876666666665,1.186906,c
halide,FromPlan,deriche,DOUBLE,1,EXTRALARGE,0.620862744988634,1.9117043333333334,1.186906,c
halide,FromPlan,deriche,DOUBLE,2,EXTRALARGE,0.633843177520051,1.8725546666666666,1.186906,c
halide,FromPlan,deriche,DOUBLE,4,EXTRALARGE,0.22001762875619024,5.394595,1.186906,c
halide,Naive,deriche,DOUBLE,5,EXTRALARGE,0.6247392108152133,1.8998423333333332,1.186906,c
halide,standard,deriche,DOUBLE,1,EXTRALARGE,0.4407969933803414,2.692636333333333,1.186906,c
noarr,AllHints,deriche,DOUBLE,1,EXTRALARGE,3.012714305899753,0.39396566666666666,1.186906,c
noarr,AllHints,deriche,DOUBLE,2,EXTRALARGE,3.0272937115553837,0.3920683333333333,1.186906,c
noarr,AllHints,deriche,DOUBLE,3,EXTRALARGE,0.8402424224118261,1.4125756666666665,1.186906,c
noarr,ChooseHints,deriche,DOUBLE,2,EXTRALARGE,1.1188082444568102,1.0608663333333335,1.186906,c
noarr,ChooseHints,deriche,DOUBLE,4,EXTRALARGE,1.6314963761508667,0.7274953333333333,1.186906,c
noarr,ChooseHints,deriche,DOUBLE,5,EXTRALARGE,3.010706992986298,0.39422833333333335,1.186906,c
noarr,FromPlan,deriche,DOUBLE,1,EXTRALARGE,1.133913678164653,1.046734,1.186906,c
noarr,FromPlan,deriche,DOUBLE,2,EXTRALARGE,3.000267947421638,0.3956,1.186906,c
noarr,FromPlan,deriche,DOUBLE,3,EXTRALARGE,1.2793639250443913,0.9277313333333334,1.186906,c
noarr,FromPlan,deriche,DOUBLE,4,EXTRALARGE,1.0012808749205253,1.1853876666666667,1.186906,c
noarr,FromPlan,deriche,DOUBLE,5,EXTRALARGE,0.8525370072503708,1.3922046666666665,1.186906,c
noarr,Naive,deriche,DOUBLE,1,EXTRALARGE,0.6465594538618509,1.835726,1.186906,c
noarr,Naive,deriche,DOUBLE,3,EXTRALARGE,0.8412685661956669,1.4108526666666668,1.186906,c
noarr,Naive,deriche,DOUBLE,4,EXTRALARGE,1.120570822002692,1.0591976666666667,1.186906,c
noarr,Naive,deriche,DOUBLE,5,EXTRALARGE,2.3887656731136917,0.49687,1.186906,c
noarr,standard,deriche,DOUBLE,1,EXTRALARGE,1.1258724542548448,1.05421,1.186906,c
noarr,standard,deriche,DOUBLE,2,EXTRALARGE,1.110619750572665,1.0686879999999999,1.186906,c
noarr,standard,deriche,DOUBLE,3,EXTRALARGE,1.1387800176731167,1.0422609999999999,1.186906,c
noarr,standard,deriche,DOUBLE,4,EXTRALARGE,1.1274977668329813,1.0526903333333333,1.186906,c
noarr,standard,deriche,DOUBLE,5,EXTRALARGE,0.11116351462496671,10.677118333333333,1.186906,c
c,AllHints,doitgen,DOUBLE,1,EXTRALARGE,237.7155102980094,0.023176000000000002,5.5092946666666665,c
c,AllHints,doitgen,DOUBLE,2,EXTRALARGE,238.16424341109845,0.023132333333333335,5.5092946666666665,c
c,AllHints,doitgen,DOUBLE,3,EXTRALARGE,235.58088885087943,0.023386,5.5092946666666665,c
c,AllHints,doitgen,DOUBLE,4,EXTRALARGE,236.04181602662055,0.023340333333333334,5.5092946666666665,c
c,AllHints,doitgen,DOUBLE,5,EXTRALARGE,239.08756093679932,0.023042999999999998,5.5092946666666665,c
c,ChooseHints,doitgen,DOUBLE,1,EXTRALARGE,4.6094706768896785,1.195212,5.5092946666666665,c
c,ChooseHints,doitgen,DOUBLE,2,EXTRALARGE,235.43658922237574,0.023400333333333332,5.5092946666666665,c
c,ChooseHints,doitgen,DOUBLE,3,EXTRALARGE,178.8170812190979,0.030809666666666666,5.5092946666666665,c
c,ChooseHints,doitgen,DOUBLE,4,EXTRALARGE,237.07447357851854,0.023238666666666668,5.5092946666666665,c
c,ChooseHints,doitgen,DOUBLE,5,EXTRALARGE,271.987822337782,0.02025566666666667,5.5092946666666665,c
c,FromPlan,doitgen,DOUBLE,1,EXTRALARGE,4.61266874119141,1.1943833333333334,5.5092946666666665,c
c,FromPlan,doitgen,DOUBLE,2,EXTRALARGE,5.6483938975866,0.9753736666666667,5.5092946666666665,c
c,FromPlan,doitgen,DOUBLE,3,EXTRALARGE,4.632816706735991,1.189189,5.5092946666666665,c
c,FromPlan,doitgen,DOUBLE,4,EXTRALARGE,5.049685736737455,1.0910173333333333,5.5092946666666665,c
c,FromPlan,doitgen,DOUBLE,5,EXTRALARGE,5.12768706742205,1.074421,5.5092946666666665,c
c,Naive,doitgen,DOUBLE,1,EXTRALARGE,4.731496563858189,1.1643873333333332,5.5092946666666665,c
c,Naive,doitgen,DOUBLE,2,EXTRALARGE,4.210697355786806,1.3084043333333335,5.5092946666666665,c
c,Naive,doitgen,DOUBLE,3,EXTRALARGE,5.061357756719943,1.0885013333333333,5.5092946666666665,c
c,Naive,doitgen,DOUBLE,4,EXTRALARGE,4.4215848047084,1.246,5.5092946666666665,c
c,Naive,doitgen,DOUBLE,5,EXTRALARGE,5.21256259108566,1.0569263333333334,5.5092946666666665,c
c,standard,doitgen,DOUBLE,1,EXTRALARGE,1.0,5.5092946666666665,5.5092946666666665,c
exo,AllHints,doitgen,DOUBLE,1,EXTRALARGE,0.662165156639336,8.320121666666667,5.5092946666666665,c
exo,AllHints,doitgen,DOUBLE,2,EXTRALARGE,171.51513013158439,0.032121333333333335,5.5092946666666665,c
exo,AllHints,doitgen,DOUBLE,3,EXTRALARGE,157.2302247928538,0.03503966666666667,5.5092946666666665,c
exo,AllHints,doitgen,DOUBLE,4,EXTRALARGE,205.30767797473385,0.026834333333333335,5.5092946666666665,c
exo,AllHints,doitgen,DOUBLE,5,EXTRALARGE,204.16893961853938,0.026983999999999998,5.5092946666666665,c
exo,ChooseHints,doitgen,DOUBLE,1,EXTRALARGE,200.87365094798247,0.02742666666666667,5.5092946666666665,c
exo,ChooseHints,doitgen,DOUBLE,2,EXTRALARGE,198.64290178356808,0.027734666666666668,5.5092946666666665,c
exo,ChooseHints,doitgen,DOUBLE,3,EXTRALARGE,201.58414440785464,0.027329999999999997,5.5092946666666665,c
exo,ChooseHints,doitgen,DOUBLE,4,EXTRALARGE,4.155454512312707,1.3257983333333334,5.5092946666666665,c
exo,FromPlan,doitgen,DOUBLE,2,EXTRALARGE,4.531459980413251,1.215788,5.5092946666666665,c
exo,FromPlan,doitgen,DOUBLE,4,EXTRALARGE,4.576369674028283,1.203857,5.5092946666666665,c
exo,FromPlan,doitgen,DOUBLE,5,EXTRALARGE,4.612881159145238,1.1943283333333332,5.5092946666666665,c
exo,Naive,doitgen,DOUBLE,2,EXTRALARGE,3.205813798091666,1.7185323333333333,5.5092946666666665,c
exo,Naive,doitgen,DOUBLE,3,EXTRALARGE,2.0786452289361823,2.6504256666666666,5.5092946666666665,c
exo,Naive,doitgen,DOUBLE,4,EXTRALARGE,1.0887278592053153,5.060304666666666,5.5092946666666665,c
exo,Naive,doitgen,DOUBLE,5,EXTRALARGE,4.624917871314002,1.1912200000000002,5.5092946666666665,c
exo,standard,doitgen,DOUBLE,1,EXTRALARGE,0.8755548539389649,6.292346666666667,5.5092946666666665,c
exo,standard,doitgen,DOUBLE,2,EXTRALARGE,0.8639274412942862,6.377033999999999,5.5092946666666665,c
exo,standard,doitgen,DOUBLE,3,EXTRALARGE,0.8652062265551704,6.3676086666666665,5.5092946666666665,c
exo,standard,doitgen,DOUBLE,4,EXTRALARGE,0.8675742630776793,6.350228333333334,5.5092946666666665,c
exo,standard,doitgen,DOUBLE,5,EXTRALARGE,0.8655734744697239,6.364907,5.5092946666666665,c
halide,standard,doitgen,DOUBLE,3,EXTRALARGE,1.021215392013716,5.3948409999999996,5.5092946666666665,c
halide,standard,doitgen,DOUBLE,4,EXTRALARGE,2.309148023462718,2.385856,5.5092946666666665,c
halide,standard,doitgen,DOUBLE,5,EXTRALARGE,2.2938926207005,2.401723,5.5092946666666665,c
noarr,AllHints,doitgen,DOUBLE,1,EXTRALARGE,4.724194890413515,1.166187,5.5092946666666665,c
noarr,AllHints,doitgen,DOUBLE,2,EXTRALARGE,4.171932902287789,1.3205616666666666,5.5092946666666665,c
noarr,AllHints,doitgen,DOUBLE,3,EXTRALARGE,5.13111602246307,1.073703,5.5092946666666665,c
noarr,AllHints,doitgen,DOUBLE,4,EXTRALARGE,4.693678795969792,1.173769,5.5092946666666665,c
noarr,AllHints,doitgen,DOUBLE,5,EXTRALARGE,4.579218712423711,1.203108,5.5092946666666665,c
noarr,ChooseHints,doitgen,DOUBLE,1,EXTRALARGE,5.129900877502271,1.0739573333333334,5.5092946666666665,c
noarr,ChooseHints,doitgen,DOUBLE,2,EXTRALARGE,4.6934948579347395,1.173815,5.5092946666666665,c
noarr,ChooseHints,doitgen,DOUBLE,3,EXTRALARGE,4.176123061063089,1.3192366666666666,5.5092946666666665,c
noarr,ChooseHints,doitgen,DOUBLE,4,EXTRALARGE,4.631649565947945,1.1894886666666666,5.5092946666666665,c
noarr,ChooseHints,doitgen,DOUBLE,5,EXTRALARGE,4.175378232100921,1.319472,5.5092946666666665,c
noarr,FromPlan,doitgen,DOUBLE,1,EXTRALARGE,5.195403946434909,1.060417,5.5092946666666665,c
noarr,FromPlan,doitgen,DOUBLE,2,EXTRALARGE,3.9479473061902093,1.3954833333333332,5.5092946666666665,c
noarr,FromPlan,doitgen,DOUBLE,3,EXTRALARGE,4.131240803188036,1.333569,5.5092946666666665,c
noarr,FromPlan,doitgen,DOUBLE,4,EXTRALARGE,5.005972499063342,1.1005443333333333,5.5092946666666665,c
noarr,FromPlan,doitgen,DOUBLE,5,EXTRALARGE,4.725975289678184,1.1657476666666666,5.5092946666666665,c
noarr,Naive,doitgen,DOUBLE,1,EXTRALARGE,4.168019155672623,1.3218016666666668,5.5092946666666665,c
noarr,Naive,doitgen,DOUBLE,2,EXTRALARGE,5.151380204323723,1.0694793333333334,5.5092946666666665,c
noarr,Naive,doitgen,DOUBLE,3,EXTRALARGE,4.1722972964444605,1.3204463333333332,5.5092946666666665,c
noarr,Naive,doitgen,DOUBLE,4,EXTRALARGE,4.177606124906952,1.3187683333333333,5.5092946666666665,c
noarr,Naive,doitgen,DOUBLE,5,EXTRALARGE,4.176009104006298,1.3192726666666668,5.5092946666666665,c
noarr,standard,doitgen,DOUBLE,1,EXTRALARGE,1.0106438148353991,5.451272333333333,5.5092946666666665,c
noarr,standard,doitgen,DOUBLE,2,EXTRALARGE,1.0046636830069318,5.483720333333333,5.5092946666666665,c
noarr,standard,doitgen,DOUBLE,3,EXTRALARGE,0.996603937300582,5.528068333333334,5.5092946666666665,c
noarr,standard,doitgen,DOUBLE,5,EXTRALARGE,1.0103463419190553,5.452877333333333,5.5092946666666665,c
c,AllHints,durbin,DOUBLE,1,EXTRALARGE,0.1347574371735378,0.118952,0.016029666666666668,c
c,AllHints,durbin,DOUBLE,3,EXTRALARGE,0.836854378393429,0.019154666666666667,0.016029666666666668,c
c,AllHints,durbin,DOUBLE,4,EXTRALARGE,1.0218222769963028,0.015687333333333334,0.016029666666666668,c
c,AllHints,durbin,DOUBLE,5,EXTRALARGE,1.0192666384061044,0.015726666666666667,0.016029666666666668,c
c,ChooseHints,durbin,DOUBLE,1,EXTRALARGE,1.0022091157284874,0.015994333333333333,0.016029666666666668,c
c,ChooseHints,durbin,DOUBLE,2,EXTRALARGE,0.8368398155398938,0.019155000000000002,0.016029666666666668,c
c,ChooseHints,durbin,DOUBLE,3,EXTRALARGE,0.8325513754955767,0.019253666666666665,0.016029666666666668,c
c,ChooseHints,durbin,DOUBLE,4,EXTRALARGE,1.000228794874995,0.016026,0.016029666666666668,c
c,ChooseHints,durbin,DOUBLE,5,EXTRALARGE,0.838137897378695,0.01912533333333333,0.016029666666666668,c
c,FromPlan,durbin,DOUBLE,1,EXTRALARGE,1.0303166645241462,0.015558,0.016029666666666668,c
c,FromPlan,durbin,DOUBLE,2,EXTRALARGE,1.0294344307916257,0.015571333333333333,0.016029666666666668,c
c,FromPlan,durbin,DOUBLE,3,EXTRALARGE,1.0128904522189692,0.01582566666666667,0.016029666666666668,c
c,FromPlan,durbin,DOUBLE,4,EXTRALARGE,1.0089589190550126,0.015887333333333333,0.016029666666666668,c
c,FromPlan,durbin,DOUBLE,5,EXTRALARGE,1.0206294967846001,0.015705666666666666,0.016029666666666668,c
c,Naive,durbin,DOUBLE,1,EXTRALARGE,1.028311771624078,0.015588333333333334,0.016029666666666668,c
c,Naive,durbin,DOUBLE,2,EXTRALARGE,0.8365341126535157,0.019162,0.016029666666666668,c
c,Naive,durbin,DOUBLE,3,EXTRALARGE,1.0035476533316638,0.015973,0.016029666666666668,c
c,Naive,durbin,DOUBLE,4,EXTRALARGE,1.0158860933307985,0.015778999999999998,0.016029666666666668,c
c,Naive,durbin,DOUBLE,5,EXTRALARGE,1.0017915546944982,0.016001,0.016029666666666668,c
c,standard,durbin,DOUBLE,1,EXTRALARGE,1.0,0.016029666666666668,0.016029666666666668,c
exo,AllHints,durbin,DOUBLE,1,EXTRALARGE,0.9972212429753439,0.016074333333333333,0.016029666666666668,c
exo,AllHints,durbin,DOUBLE,2,EXTRALARGE,0.8294496093278368,0.019325666666666668,0.016029666666666668,c
exo,AllHints,durbin,DOUBLE,3,EXTRALARGE,0.07190211898111877,0.22293733333333332,0.016029666666666668,c
exo,ChooseHints,durbin,DOUBLE,1,EXTRALARGE,0.9418873393920403,0.017018666666666665,0.016029666666666668,c
exo,ChooseHints,durbin,DOUBLE,2,EXTRALARGE,0.6343191051548569,0.025270666666666664,0.016029666666666668,c
exo,ChooseHints,durbin,DOUBLE,3,EXTRALARGE,0.695822662094312,0.023037000000000002,0.016029666666666668,c
exo,ChooseHints,durbin,DOUBLE,4,EXTRALARGE,0.0026275988306969375,6.1005,0.016029666666666668,c
exo,FromPlan,durbin,DOUBLE,2,EXTRALARGE,0.7522957308011202,0.021307666666666666,0.016029666666666668,c
exo,FromPlan,durbin,DOUBLE,5,EXTRALARGE,0.884167754509184,0.018129666666666665,0.016029666666666668,c
exo,Naive,durbin,DOUBLE,3,EXTRALARGE,0.8011762157839495,0.020007666666666667,0.016029666666666668,c
exo,Naive,durbin,DOUBLE,4,EXTRALARGE,0.9978006017221704,0.016065,0.016029666666666668,c
exo,standard,durbin,DOUBLE,1,EXTRALARGE,0.826981943250215,0.019383333333333332,0.016029666666666668,c
exo,standard,durbin,DOUBLE,2,EXTRALARGE,0.8256614528784575,0.019414333333333336,0.016029666666666668,c
exo,standard,durbin,DOUBLE,3,EXTRALARGE,0.8196243523316062,0.019557333333333333,0.016029666666666668,c
exo,standard,durbin,DOUBLE,4,EXTRALARGE,0.8278361163711483,0.019363333333333333,0.016029666666666668,c
exo,standard,durbin,DOUBLE,5,EXTRALARGE,0.8285064521130887,0.019347666666666666,0.016029666666666668,c
halide,FromPlan,durbin,DOUBLE,3,EXTRALARGE,0.16809809946273205,0.09535900000000001,0.016029666666666668,c
halide,standard,durbin,DOUBLE,4,EXTRALARGE,0.6825394572499149,0.02348533333333333,0.016029666666666668,c
noarr,AllHints,durbin,DOUBLE,1,EXTRALARGE,1.0619893114261738,0.015094000000000002,0.016029666666666668,c
noarr,AllHints,durbin,DOUBLE,2,EXTRALARGE,0.9213511131547688,0.017398,0.016029666666666668,c
noarr,AllHints,durbin,DOUBLE,3,EXTRALARGE,1.0617079524881883,0.015098,0.016029666666666668,c
noarr,AllHints,durbin,DOUBLE,4,EXTRALARGE,1.8893254233292738,0.008484333333333333,0.016029666666666668,c
noarr,AllHints,durbin,DOUBLE,5,EXTRALARGE,1.0629987400251997,0.015079666666666667,0.016029666666666668,c
noarr,ChooseHints,durbin,DOUBLE,1,EXTRALARGE,0.7982769210338474,0.020080333333333335,0.016029666666666668,c
noarr,ChooseHints,durbin,DOUBLE,2,EXTRALARGE,1.058832595724068,0.015139,0.016029666666666668,c
noarr,ChooseHints,durbin,DOUBLE,3,EXTRALARGE,1.0025852183884083,0.015988333333333334,0.016029666666666668,c
noarr,ChooseHints,durbin,DOUBLE,4,EXTRALARGE,0.9522762826986674,0.016833,0.016029666666666668,c
noarr,ChooseHints,durbin,DOUBLE,5,EXTRALARGE,0.9214923542712606,0.017395333333333332,0.016029666666666668,c
noarr,FromPlan,durbin,DOUBLE,1,EXTRALARGE,1.0581569335034988,0.015148666666666666,0.016029666666666668,c
noarr,FromPlan,durbin,DOUBLE,2,EXTRALARGE,1.0597192533991495,0.015126333333333334,0.016029666666666668,c
noarr,FromPlan,durbin,DOUBLE,3,EXTRALARGE,1.0614267425947999,0.015101999999999999,0.016029666666666668,c
noarr,FromPlan,durbin,DOUBLE,4,EXTRALARGE,1.0616845126393641,0.015098333333333333,0.016029666666666668,c
noarr,FromPlan,durbin,DOUBLE,5,EXTRALARGE,1.0595091213536618,0.015129333333333333,0.016029666666666668,c
noarr,Naive,durbin,DOUBLE,1,EXTRALARGE,0.952710198906411,0.016825333333333335,0.016029666666666668,c
noarr,Naive,durbin,DOUBLE,2,EXTRALARGE,0.8993977706291614,0.017822666666666667,0.016029666666666668,c
noarr,Naive,durbin,DOUBLE,3,EXTRALARGE,1.0617782782451262,0.015097,0.016029666666666668,c
noarr,Naive,durbin,DOUBLE,4,EXTRALARGE,1.059649200123397,0.015127333333333333,0.016029666666666668,c
noarr,Naive,durbin,DOUBLE,5,EXTRALARGE,1.0603501499382606,0.015117333333333335,0.016029666666666668,c
noarr,standard,durbin,DOUBLE,1,EXTRALARGE,0.8982553795576809,0.017845333333333335,0.016029666666666668,c
noarr,standard,durbin,DOUBLE,2,EXTRALARGE,0.8976014932337845,0.017858333333333334,0.016029666666666668,c
noarr,standard,durbin,DOUBLE,3,EXTRALARGE,0.8974674803575763,0.017861,0.016029666666666668,c
noarr,standard,durbin,DOUBLE,5,EXTRALARGE,0.8984735534256302,0.017841,0.016029666666666668,c
c,AllHints,fdtd-2d,DOUBLE,1,EXTRALARGE,3.3437497699652265,6.973583333333333,23.31791766666667,c
c,AllHints,fdtd-2d,DOUBLE,2,EXTRALARGE,3.2080561593873083,7.268550333333333,23.31791766666667,c
c,AllHints,fdtd-2d,DOUBLE,4,EXTRALARGE,3.283117071457117,7.1023716666666665,23.31791766666667,c
c,ChooseHints,fdtd-2d,DOUBLE,2,EXTRALARGE,3.299583774767543,7.066927,23.31791766666667,c
c,ChooseHints,fdtd-2d,DOUBLE,3,EXTRALARGE,3.670657280013098,6.352518333333333,23.31791766666667,c
c,ChooseHints,fdtd-2d,DOUBLE,5,EXTRALARGE,3.4214488733350255,6.815217333333333,23.31791766666667,c
c,FromPlan,fdtd-2d,DOUBLE,1,EXTRALARGE,0.8825371282185361,26.421458,23.31791766666667,c
c,FromPlan,fdtd-2d,DOUBLE,2,EXTRALARGE,0.49676909341954967,46.93914733333333,23.31791766666667,c
c,FromPlan,fdtd-2d,DOUBLE,3,EXTRALARGE,0.5465636888099109,42.662764,23.31791766666667,c
c,FromPlan,fdtd-2d,DOUBLE,5,EXTRALARGE,0.5563937309315626,41.909023,23.31791766666667,c
c,Naive,fdtd-2d,DOUBLE,1,EXTRALARGE,1.7278825790540442,13.495082333333334,23.31791766666667,c
c,Naive,fdtd-2d,DOUBLE,2,EXTRALARGE,1.0162371603798133,22.945350333333334,23.31791766666667,c
c,Naive,fdtd-2d,DOUBLE,3,EXTRALARGE,1.7179278662739443,13.573281,23.31791766666667,c
c,Naive,fdtd-2d,DOUBLE,4,EXTRALARGE,1.007969288023825,23.133559666666667,23.31791766666667,c
c,Naive,fdtd-2d,DOUBLE,5,EXTRALARGE,0.9498494837508958,24.549066,23.31791766666667,c
c,standard,fdtd-2d,DOUBLE,1,EXTRALARGE,1.0,23.31791766666667,23.31791766666667,c
exo,AllHints,fdtd-2d,DOUBLE,3,EXTRALARGE,3.1214815438862784,7.470144333333334,23.31791766666667,c
exo,AllHints,fdtd-2d,DOUBLE,4,EXTRALARGE,3.080016743472895,7.570711333333333,23.31791766666667,c
exo,AllHints,fdtd-2d,DOUBLE,5,EXTRALARGE,2.69527586065135,8.651403,23.31791766666667,c
exo,ChooseHints,fdtd-2d,DOUBLE,4,EXTRALARGE,3.2513874127256153,7.171682333333333,23.31791766666667,c
exo,FromPlan,fdtd-2d,DOUBLE,2,EXTRALARGE,0.4314778587034121,54.04197966666667,23.31791766666667,c
exo,FromPlan,fdtd-2d,DOUBLE,4,EXTRALARGE,0.455414941773392,51.201477000000004,23.31791766666667,c
exo,Naive,fdtd-2d,DOUBLE,1,EXTRALARGE,3.3323821667143996,6.9973719999999995,23.31791766666667,c
exo,Naive,fdtd-2d,DOUBLE,2,EXTRALARGE,3.3492066037927364,6.962221333333333,23.31791766666667,c
exo,Naive,fdtd-2d,DOUBLE,3,EXTRALARGE,1.004358985649837,23.216716333333334,23.31791766666667,c
exo,standard,fdtd-2d,DOUBLE,1,EXTRALARGE,1.0034031255642946,23.238833,23.31791766666667,c
exo,standard,fdtd-2d,DOUBLE,2,EXTRALARGE,1.0066572232558872,23.163711666666668,23.31791766666667,c
exo,standard,fdtd-2d,DOUBLE,3,EXTRALARGE,0.9956767742292881,23.419164,23.31791766666667,c
exo,standard,fdtd-2d,DOUBLE,4,EXTRALARGE,1.001105650778644,23.292164666666665,23.31791766666667,c
exo,standard,fdtd-2d,DOUBLE,5,EXTRALARGE,1.007517375897802,23.143936,23.31791766666667,c
halide,AllHints,fdtd-2d,DOUBLE,1,EXTRALARGE,0.7153746806782727,32.59539133333333,23.31791766666667,c
halide,AllHints,fdtd-2d,DOUBLE,5,EXTRALARGE,1.0236337998536145,22.779550333333333,23.31791766666667,c
halide,ChooseHints,fdtd-2d,DOUBLE,1,EXTRALARGE,0.8260512819132131,28.228172,23.31791766666667,c
halide,ChooseHints,fdtd-2d,DOUBLE,5,EXTRALARGE,0.5870003031511399,39.72385966666666,23.31791766666667,c
halide,FromPlan,fdtd-2d,DOUBLE,4,EXTRALARGE,0.51131788751303,45.603563333333334,23.31791766666667,c
halide,FromPlan,fdtd-2d,DOUBLE,5,EXTRALARGE,1.6947882158963432,13.758602666666667,23.31791766666667,c
halide,Naive,fdtd-2d,DOUBLE,1,EXTRALARGE,0.522762308389122,44.60520066666667,23.31791766666667,c
halide,Naive,fdtd-2d,DOUBLE,3,EXTRALARGE,1.6969795069970148,13.740836333333334,23.31791766666667,c
halide,Naive,fdtd-2d,DOUBLE,5,EXTRALARGE,1.087228757972052,21.44711266666667,23.31791766666667,c
halide,standard,fdtd-2d,DOUBLE,1,EXTRALARGE,0.5171567318302666,45.08868633333333,23.31791766666667,c
halide,standard,fdtd-2d,DOUBLE,3,EXTRALARGE,0.4845292365983373,48.12489300000001,23.31791766666667,c
halide,standard,fdtd-2d,DOUBLE,5,EXTRALARGE,0.4831653669179552,48.260739,23.31791766666667,c
noarr,AllHints,fdtd-2d,DOUBLE,1,EXTRALARGE,3.1177578359937,7.479066333333333,23.31791766666667,c
noarr,AllHints,fdtd-2d,DOUBLE,4,EXTRALARGE,3.601898497715608,6.473785333333333,23.31791766666667,c
noarr,AllHints,fdtd-2d,DOUBLE,5,EXTRALARGE,1.0077486600218943,23.138624333333336,23.31791766666667,c
noarr,ChooseHints,fdtd-2d,DOUBLE,1,EXTRALARGE,3.6376780514074363,6.410110333333333,23.31791766666667,c
noarr,ChooseHints,fdtd-2d,DOUBLE,3,EXTRALARGE,3.7585154687254034,6.204023333333333,23.31791766666667,c
noarr,ChooseHints,fdtd-2d,DOUBLE,5,EXTRALARGE,3.1550707836770857,7.390616333333334,23.31791766666667,c
noarr,FromPlan,fdtd-2d,DOUBLE,2,EXTRALARGE,0.4259135902818931,54.748000999999995,23.31791766666667,c
noarr,FromPlan,fdtd-2d,DOUBLE,3,EXTRALARGE,1.137227126667674,20.504186999999998,23.31791766666667,c
noarr,FromPlan,fdtd-2d,DOUBLE,5,EXTRALARGE,0.40494535340006327,57.582875,23.31791766666667,c
noarr,Naive,fdtd-2d,DOUBLE,1,EXTRALARGE,1.0023052069533869,23.26428866666667,23.31791766666667,c
noarr,Naive,fdtd-2d,DOUBLE,2,EXTRALARGE,1.00052447840251,23.305694333333335,23.31791766666667,c
noarr,Naive,fdtd-2d,DOUBLE,3,EXTRALARGE,1.0064789016867035,23.167815666666666,23.31791766666667,c
noarr,Naive,fdtd-2d,DOUBLE,4,EXTRALARGE,1.321570975105149,17.644090333333335,23.31791766666667,c
noarr,standard,fdtd-2d,DOUBLE,1,EXTRALARGE,1.0200414932658783,22.859773666666666,23.31791766666667,c
noarr,standard,fdtd-2d,DOUBLE,2,EXTRALARGE,1.0143000514706098,22.989171333333335,23.31791766666667,c
noarr,standard,fdtd-2d,DOUBLE,3,EXTRALARGE,0.9999057609006109,23.320115333333334,23.31791766666667,c
noarr,standard,fdtd-2d,DOUBLE,4,EXTRALARGE,1.0210409411510293,22.83739733333333,23.31791766666667,c
noarr,standard,fdtd-2d,DOUBLE,5,EXTRALARGE,1.0227417790117599,22.799418333333335,23.31791766666667,c
c,AllHints,gemver,DOUBLE,1,EXTRALARGE,6.188026901581888,0.014076,0.08710266666666666,c
c,AllHints,gemver,DOUBLE,2,EXTRALARGE,5.327923335712101,0.016348333333333333,0.08710266666666666,c
c,AllHints,gemver,DOUBLE,3,EXTRALARGE,6.60803155978151,0.013181333333333331,0.08710266666666666,c
c,AllHints,gemver,DOUBLE,4,EXTRALARGE,3.1100690311830514,0.028006666666666666,0.08710266666666666,c
c,AllHints,gemver,DOUBLE,5,EXTRALARGE,8.92597779675491,0.009758333333333332,0.08710266666666666,c
c,ChooseHints,gemver,DOUBLE,1,EXTRALARGE,3.048816913240304,0.028569333333333335,0.08710266666666666,c
c,ChooseHints,gemver,DOUBLE,2,EXTRALARGE,6.155955522050508,0.014149333333333333,0.08710266666666666,c
c,ChooseHints,gemver,DOUBLE,3,EXTRALARGE,3.0805540819333923,0.028274999999999998,0.08710266666666666,c
c,ChooseHints,gemver,DOUBLE,4,EXTRALARGE,3.0478212186246147,0.02857866666666667,0.08710266666666666,c
c,ChooseHints,gemver,DOUBLE,5,EXTRALARGE,3.108108429579056,0.028024333333333335,0.08710266666666666,c
c,FromPlan,gemver,DOUBLE,1,EXTRALARGE,2.2470955480836206,0.038762333333333336,0.08710266666666666,c
c,FromPlan,gemver,DOUBLE,2,EXTRALARGE,2.2360008214676887,0.038954666666666665,0.08710266666666666,c
c,FromPlan,gemver,DOUBLE,3,EXTRALARGE,1.3748855612497237,0.06335266666666667,0.08710266666666666,c
c,FromPlan,gemver,DOUBLE,4,EXTRALARGE,1.3312140524623903,0.065431,0.08710266666666666,c
c,Naive,gemver,DOUBLE,1,EXTRALARGE,1.538037752285208,0.05663233333333333,0.08710266666666666,c
c,Naive,gemver,DOUBLE,2,EXTRALARGE,1.8046506488394094,0.04826566666666667,0.08710266666666666,c
c,Naive,gemver,DOUBLE,3,EXTRALARGE,2.260919221983803,0.038525333333333335,0.08710266666666666,c
c,Naive,gemver,DOUBLE,4,EXTRALARGE,1.798378549503792,0.048434,0.08710266666666666,c
c,Naive,gemver,DOUBLE,5,EXTRALARGE,1.7927031736666619,0.04858733333333334,0.08710266666666666,c
c,standard,gemver,DOUBLE,1,EXTRALARGE,1.0,0.08710266666666666,0.08710266666666666,c
exo,AllHints,gemver,DOUBLE,1,EXTRALARGE,4.280860405301355,0.020347,0.08710266666666666,c
exo,AllHints,gemver,DOUBLE,2,EXTRALARGE,3.045618778992517,0.028599333333333334,0.08710266666666666,c
exo,AllHints,gemver,DOUBLE,3,EXTRALARGE,4.0113597985938405,0.021714,0.08710266666666666,c
exo,AllHints,gemver,DOUBLE,4,EXTRALARGE,3.0338437960780666,0.028710333333333334,0.08710266666666666,c
exo,AllHints,gemver,DOUBLE,5,EXTRALARGE,3.5997299940764003,0.024197,0.08710266666666666,c
exo,ChooseHints,gemver,DOUBLE,1,EXTRALARGE,4.268134524606765,0.020407666666666668,0.08710266666666666,c
exo,ChooseHints,gemver,DOUBLE,2,EXTRALARGE,3.5528906292489255,0.024516,0.08710266666666666,c
exo,FromPlan,gemver,DOUBLE,1,EXTRALARGE,1.0745853740783233,0.081057,0.08710266666666666,c
exo,FromPlan,gemver,DOUBLE,2,EXTRALARGE,0.493375601595822,0.17654433333333333,0.08710266666666666,c
exo,Naive,gemver,DOUBLE,5,EXTRALARGE,4.1565209092210536,0.020955666666666668,0.08710266666666666,c
exo,standard,gemver,DOUBLE,1,EXTRALARGE,0.9113159445763886,0.09557900000000001,0.08710266666666666,c
exo,standard,gemver,DOUBLE,2,EXTRALARGE,0.9156653526062198,0.095125,0.08710266666666666,c
exo,standard,gemver,DOUBLE,3,EXTRALARGE,0.9205686001655776,0.09461833333333332,0.08710266666666666,c
exo,standard,gemver,DOUBLE,4,EXTRALARGE,0.9141437817036907,0.09528333333333333,0.08710266666666666,c
exo,standard,gemver,DOUBLE,5,EXTRALARGE,0.9148446772234107,0.09521033333333333,0.08710266666666666,c
halide,standard,gemver,DOUBLE,1,EXTRALARGE,0.00030444430182072706,286.10378366666663,0.08710266666666666,c
halide,standard,gemver,DOUBLE,4,EXTRALARGE,0.7528428816318299,0.11569833333333333,0.08710266666666666,c
noarr,AllHints,gemver,DOUBLE,1,EXTRALARGE,1.760894908858115,0.049465,0.08710266666666666,c
noarr,AllHints,gemver,DOUBLE,2,EXTRALARGE,2.8040949478473625,0.031062666666666666,0.08710266666666666,c
noarr,AllHints,gemver,DOUBLE,3,EXTRALARGE,2.7958144312248563,0.031154666666666667,0.08710266666666666,c
noarr,AllHints,gemver,DOUBLE,4,EXTRALARGE,1.0003521989464657,0.087072,0.08710266666666666,c
noarr,AllHints,gemver,DOUBLE,5,EXTRALARGE,3.517830939271146,0.024760333333333332,0.08710266666666666,c
noarr,ChooseHints,gemver,DOUBLE,1,EXTRALARGE,1.7580042922786079,0.04954633333333333,0.08710266666666666,c
noarr,ChooseHints,gemver,DOUBLE,2,EXTRALARGE,1.7641641911963273,0.04937333333333333,0.08710266666666666,c
noarr,ChooseHints,gemver,DOUBLE,3,EXTRALARGE,2.773970276008492,0.031400000000000004,0.08710266666666666,c
noarr,ChooseHints,gemver,DOUBLE,4,EXTRALARGE,1.7409855288756229,0.05003066666666667,0.08710266666666666,c
noarr,ChooseHints,gemver,DOUBLE,5,EXTRALARGE,1.0154942659168895,0.08577366666666668,0.08710266666666666,c
noarr,FromPlan,gemver,DOUBLE,1,EXTRALARGE,1.022835983309456,0.085158,0.08710266666666666,c
noarr,FromPlan,gemver,DOUBLE,2,EXTRALARGE,1.7633903566487834,0.049395,0.08710266666666666,c
noarr,FromPlan,gemver,DOUBLE,3,EXTRALARGE,1.7668958895402693,0.049297,0.08710266666666666,c
noarr,FromPlan,gemver,DOUBLE,4,EXTRALARGE,1.7461392992936804,0.049883000000000004,0.08710266666666666,c
noarr,Naive,gemver,DOUBLE,1,EXTRALARGE,1.7496585156814954,0.04978266666666667,0.08710266666666666,c
noarr,Naive,gemver,DOUBLE,2,EXTRALARGE,1.757673189073567,0.049555666666666665,0.08710266666666666,c
noarr,Naive,gemver,DOUBLE,3,EXTRALARGE,1.760764389579936,0.04946866666666667,0.08710266666666666,c
noarr,Naive,gemver,DOUBLE,4,EXTRALARGE,1.7495530842210272,0.04978566666666667,0.08710266666666666,c
noarr,Naive,gemver,DOUBLE,5,EXTRALARGE,1.7483356862325288,0.049820333333333335,0.08710266666666666,c
noarr,standard,gemver,DOUBLE,1,EXTRALARGE,0.9822538144337649,0.08867633333333332,0.08710266666666666,c
noarr,standard,gemver,DOUBLE,2,EXTRALARGE,0.9988570642222877,0.08720233333333333,0.08710266666666666,c
noarr,standard,gemver,DOUBLE,3,EXTRALARGE,0.9894619657618019,0.08803033333333332,0.08710266666666666,c
noarr,standard,gemver,DOUBLE,5,EXTRALARGE,0.9977548339799003,0.08729866666666668,0.08710266666666666,c
c,AllHints,gesummv,DOUBLE,1,EXTRALARGE,5.20794174394722,0.005355666666666667,0.027892,c
c,AllHints,gesummv,DOUBLE,2,EXTRALARGE,5.243185663262109,0.005319666666666667,0.027892,c
c,AllHints,gesummv,DOUBLE,3,EXTRALARGE,5.232693390031893,0.005330333333333333,0.027892,c
c,AllHints,gesummv,DOUBLE,4,EXTRALARGE,5.223873142714448,0.005339333333333332,0.027892,c
c,AllHints,gesummv,DOUBLE,5,EXTRALARGE,5.245815309384992,0.005317,0.027892,c
c,ChooseHints,gesummv,DOUBLE,1,EXTRALARGE,5.223547037892503,0.005339666666666666,0.027892,c
c,ChooseHints,gesummv,DOUBLE,2,EXTRALARGE,5.23105776444111,0.005332,0.027892,c
c,ChooseHints,gesummv,DOUBLE,3,EXTRALARGE,5.229096362954631,0.005333999999999999,0.027892,c
c,ChooseHints,gesummv,DOUBLE,4,EXTRALARGE,5.224525474525475,0.005338666666666666,0.027892,c
c,ChooseHints,gesummv,DOUBLE,5,EXTRALARGE,5.201790376725103,0.005362,0.027892,c
c,FromPlan,gesummv,DOUBLE,1,EXTRALARGE,4.457964837506659,0.006256666666666667,0.027892,c
c,FromPlan,gesummv,DOUBLE,2,EXTRALARGE,5.209238622922244,0.005354333333333333,0.027892,c
c,FromPlan,gesummv,DOUBLE,3,EXTRALARGE,1.9695421913616573,0.014161666666666664,0.027892,c
c,FromPlan,gesummv,DOUBLE,4,EXTRALARGE,5.2300768798049875,0.005333,0.027892,c
c,FromPlan,gesummv,DOUBLE,5,EXTRALARGE,5.162954279015241,0.005402333333333333,0.027892,c
c,Naive,gesummv,DOUBLE,1,EXTRALARGE,5.111545510079414,0.005456666666666666,0.027892,c
c,Naive,gesummv,DOUBLE,2,EXTRALARGE,2.0498775110240084,0.013606666666666664,0.027892,c
c,Naive,gesummv,DOUBLE,3,EXTRALARGE,2.0544575118465955,0.013576333333333334,0.027892,c
c,Naive,gesummv,DOUBLE,4,EXTRALARGE,2.060426977912388,0.013537,0.027892,c
c,Naive,gesummv,DOUBLE,5,EXTRALARGE,5.127205882352941,0.00544,0.027892,c
c,standard,gesummv,DOUBLE,1,EXTRALARGE,1.0,0.027892,0.027892,c
exo,AllHints,gesummv,DOUBLE,2,EXTRALARGE,5.23040380047506,0.005332666666666666,0.027892,c
exo,AllHints,gesummv,DOUBLE,3,EXTRALARGE,5.217033480890331,0.005346333333333332,0.027892,c
exo,AllHints,gesummv,DOUBLE,4,EXTRALARGE,5.224525474525475,0.005338666666666666,0.027892,c
exo,AllHints,gesummv,DOUBLE,5,EXTRALARGE,5.222243025650628,0.005340999999999999,0.027892,c
exo,ChooseHints,gesummv,DOUBLE,1,EXTRALARGE,5.224851701529816,0.005338333333333334,0.027892,c
exo,ChooseHints,gesummv,DOUBLE,3,EXTRALARGE,5.219636953402782,0.005343666666666667,0.027892,c
exo,ChooseHints,gesummv,DOUBLE,4,EXTRALARGE,5.225177969276883,0.005338,0.027892,c
exo,ChooseHints,gesummv,DOUBLE,5,EXTRALARGE,5.198235696092439,0.005365666666666667,0.027892,c
exo,FromPlan,gesummv,DOUBLE,2,EXTRALARGE,5.169014084507042,0.005396000000000001,0.027892,c
exo,FromPlan,gesummv,DOUBLE,3,EXTRALARGE,1.7908569471791798,0.015574666666666667,0.027892,c
exo,FromPlan,gesummv,DOUBLE,5,EXTRALARGE,5.221591263650545,0.005341666666666667,0.027892,c
exo,Naive,gesummv,DOUBLE,1,EXTRALARGE,5.231711891959485,0.005331333333333334,0.027892,c
exo,Naive,gesummv,DOUBLE,2,EXTRALARGE,5.171569839307788,0.005393333333333333,0.027892,c
exo,Naive,gesummv,DOUBLE,3,EXTRALARGE,5.2050261259019655,0.005358666666666667,0.027892,c
exo,Naive,gesummv,DOUBLE,4,EXTRALARGE,5.16933341570396,0.005395666666666667,0.027892,c
exo,Naive,gesummv,DOUBLE,5,EXTRALARGE,1.0041883183121918,0.027775666666666667,0.027892,c
exo,standard,gesummv,DOUBLE,1,EXTRALARGE,1.0066406813916557,0.027708,0.027892,c
exo,standard,gesummv,DOUBLE,2,EXTRALARGE,0.8575908825368194,0.032523666666666666,0.027892,c
exo,standard,gesummv,DOUBLE,3,EXTRALARGE,1.0061928067243058,0.027720333333333333,0.027892,c
exo,standard,gesummv,DOUBLE,4,EXTRALARGE,1.0063743294926997,0.02771533333333333,0.027892,c
exo,standard,gesummv,DOUBLE,5,EXTRALARGE,1.0060476356509924,0.027724333333333333,0.027892,c
halide,FromPlan,gesummv,DOUBLE,1,EXTRALARGE,3.4733302893196627,0.008030333333333334,0.027892,c
halide,Naive,gesummv,DOUBLE,4,EXTRALARGE,3.759874185576275,0.007418333333333333,0.027892,c
halide,Naive,gesummv,DOUBLE,5,EXTRALARGE,3.117585692995529,0.008946666666666667,0.027892,c
halide,standard,gesummv,DOUBLE,1,EXTRALARGE,0.9988659559990928,0.027923666666666666,0.027892,c
halide,standard,gesummv,DOUBLE,2,EXTRALARGE,1.1299322116293513,0.02468466666666667,0.027892,c
halide,standard,gesummv,DOUBLE,3,EXTRALARGE,1.0103356677131128,0.027606666666666668,0.027892,c
halide,standard,gesummv,DOUBLE,4,EXTRALARGE,1.0051654133531942,0.027748666666666668,0.027892,c
halide,standard,gesummv,DOUBLE,5,EXTRALARGE,1.0044414567978297,0.027768666666666664,0.027892,c
noarr,AllHints,gesummv,DOUBLE,1,EXTRALARGE,1.9589371415193726,0.014238333333333334,0.027892,c
noarr,AllHints,gesummv,DOUBLE,2,EXTRALARGE,5.209562943593575,0.005354,0.027892,c
noarr,AllHints,gesummv,DOUBLE,3,EXTRALARGE,1.9998088045504518,0.013947333333333332,0.027892,c
noarr,AllHints,gesummv,DOUBLE,4,EXTRALARGE,1.9888289401754093,0.014024333333333333,0.027892,c
noarr,AllHints,gesummv,DOUBLE,5,EXTRALARGE,3.4338476690741957,0.008122666666666667,0.027892,c
noarr,ChooseHints,gesummv,DOUBLE,1,EXTRALARGE,3.5458937198067635,0.007866,0.027892,c
noarr,ChooseHints,gesummv,DOUBLE,2,EXTRALARGE,2.0070518817010865,0.013897,0.027892,c
noarr,ChooseHints,gesummv,DOUBLE,3,EXTRALARGE,3.545442989703826,0.007867,0.027892,c
noarr,ChooseHints,gesummv,DOUBLE,4,EXTRALARGE,3.617326647068995,0.007710666666666667,0.027892,c
noarr,ChooseHints,gesummv,DOUBLE,5,EXTRALARGE,1.987128642332993,0.014036333333333333,0.027892,c
noarr,FromPlan,gesummv,DOUBLE,1,EXTRALARGE,1.958386968427458,0.014242333333333334,0.027892,c
noarr,FromPlan,gesummv,DOUBLE,3,EXTRALARGE,1.9719557891263875,0.014144333333333333,0.027892,c
noarr,FromPlan,gesummv,DOUBLE,4,EXTRALARGE,1.9269528371407518,0.014474666666666665,0.027892,c
noarr,Naive,gesummv,DOUBLE,1,EXTRALARGE,1.9462250546587896,0.014331333333333333,0.027892,c
noarr,Naive,gesummv,DOUBLE,2,EXTRALARGE,1.9730717536371996,0.014136333333333334,0.027892,c
noarr,Naive,gesummv,DOUBLE,3,EXTRALARGE,1.9944225956381838,0.013985,0.027892,c
noarr,Naive,gesummv,DOUBLE,4,EXTRALARGE,1.984771934818188,0.014053000000000001,0.027892,c
noarr,Naive,gesummv,DOUBLE,5,EXTRALARGE,1.9859495894052306,0.014044666666666669,0.027892,c
noarr,standard,gesummv,DOUBLE,1,EXTRALARGE,1.070833493300572,0.026047,0.027892,c
noarr,standard,gesummv,DOUBLE,2,EXTRALARGE,1.0715465686588381,0.026029666666666663,0.027892,c
noarr,standard,gesummv,DOUBLE,3,EXTRALARGE,1.0705047015927847,0.026055,0.027892,c
noarr,standard,gesummv,DOUBLE,4,EXTRALARGE,1.0705320931898725,0.026054333333333332,0.027892,c
noarr,standard,gesummv,DOUBLE,5,EXTRALARGE,1.0706142763923896,0.026052333333333334,0.027892,c
c,ChooseHints,gramschmidt,DOUBLE,1,EXTRALARGE,2.8744760389216486,8.110653333333333,23.313878666666668,c
c,ChooseHints,gramschmidt,DOUBLE,4,EXTRALARGE,2.891845801656186,8.061937,23.313878666666668,c
c,Naive,gramschmidt,DOUBLE,1,EXTRALARGE,3.4211841970618617,6.814564,23.313878666666668,c
c,standard,gramschmidt,DOUBLE,1,EXTRALARGE,1.0,23.313878666666668,23.313878666666668,c
c,AllHints,jacobi-1d,DOUBLE,1,EXTRALARGE,0.23631192225645886,0.018282333333333334,0.004320333333333333,c
c,AllHints,jacobi-1d,DOUBLE,2,EXTRALARGE,0.2991023007869292,0.014444333333333332,0.004320333333333333,c
c,AllHints,jacobi-1d,DOUBLE,4,EXTRALARGE,0.2919999098835244,0.014795666666666667,0.004320333333333333,c
c,AllHints,jacobi-1d,DOUBLE,5,EXTRALARGE,0.2456689032942871,0.017586,0.004320333333333333,c
c,ChooseHints,jacobi-1d,DOUBLE,2,EXTRALARGE,0.2095824843957181,0.020614,0.004320333333333333,c
c,ChooseHints,jacobi-1d,DOUBLE,3,EXTRALARGE,0.256353962697047,0.016853,0.004320333333333333,c
c,ChooseHints,jacobi-1d,DOUBLE,4,EXTRALARGE,0.23598062777656395,0.018308,0.004320333333333333,c
c,ChooseHints,jacobi-1d,DOUBLE,5,EXTRALARGE,0.24869044649538538,0.017372333333333333,0.004320333333333333,c
c,FromPlan,jacobi-1d,DOUBLE,2,EXTRALARGE,0.2830777967064168,0.015262,0.004320333333333333,c
c,FromPlan,jacobi-1d,DOUBLE,3,EXTRALARGE,0.2340925099788683,0.018455666666666665,0.004320333333333333,c
c,FromPlan,jacobi-1d,DOUBLE,4,EXTRALARGE,0.24780131538696848,0.017434666666666668,0.004320333333333333,c
c,FromPlan,jacobi-1d,DOUBLE,5,EXTRALARGE,0.23651028265907553,0.018267000000000002,0.004320333333333333,c
c,Naive,jacobi-1d,DOUBLE,2,EXTRALARGE,0.37495298984580666,0.011522333333333334,0.004320333333333333,c
c,Naive,jacobi-1d,DOUBLE,3,EXTRALARGE,1.1791302765647742,0.003664,0.004320333333333333,c
c,Naive,jacobi-1d,DOUBLE,4,EXTRALARGE,1.1737909798949464,0.0036806666666666667,0.004320333333333333,c
c,Naive,jacobi-1d,DOUBLE,5,EXTRALARGE,1.1781656213071539,0.003667,0.004320333333333333,c
c,standard,jacobi-1d,DOUBLE,1,EXTRALARGE,1.0,0.004320333333333333,0.004320333333333333,c
exo,AllHints,jacobi-1d,DOUBLE,1,EXTRALARGE,0.07724674736421772,0.055929000000000006,0.004320333333333333,c
exo,AllHints,jacobi-1d,DOUBLE,2,EXTRALARGE,0.0772554956845167,0.05592266666666667,0.004320333333333333,c
exo,AllHints,jacobi-1d,DOUBLE,3,EXTRALARGE,0.07588762939716145,0.056930666666666664,0.004320333333333333,c
exo,AllHints,jacobi-1d,DOUBLE,4,EXTRALARGE,0.07729972804045994,0.055890666666666665,0.004320333333333333,c
exo,AllHints,jacobi-1d,DOUBLE,5,EXTRALARGE,0.07757361742877662,0.05569333333333334,0.004320333333333333,c
exo,ChooseHints,jacobi-1d,DOUBLE,1,EXTRALARGE,0.07784571401114741,0.05549866666666667,0.004320333333333333,c
exo,ChooseHints,jacobi-1d,DOUBLE,3,EXTRALARGE,0.07741977874943254,0.055804,0.004320333333333333,c
exo,ChooseHints,jacobi-1d,DOUBLE,4,EXTRALARGE,0.07847921914357682,0.055050666666666664,0.004320333333333333,c
exo,ChooseHints,jacobi-1d,DOUBLE,5,EXTRALARGE,0.0775105253085829,0.055738666666666666,0.004320333333333333,c
exo,FromPlan,jacobi-1d,DOUBLE,1,EXTRALARGE,0.07705799117706512,0.056066000000000005,0.004320333333333333,c
exo,FromPlan,jacobi-1d,DOUBLE,4,EXTRALARGE,0.08593175052542945,0.05027633333333333,0.004320333333333333,c
exo,Naive,jacobi-1d,DOUBLE,1,EXTRALARGE,0.07834402219576031,0.05514566666666667,0.004320333333333333,c
exo,Naive,jacobi-1d,DOUBLE,2,EXTRALARGE,0.07826407255775757,0.055202,0.004320333333333333,c
exo,Naive,jacobi-1d,DOUBLE,5,EXTRALARGE,0.07867787658967433,0.054911666666666664,0.004320333333333333,c
exo,standard,jacobi-1d,DOUBLE,1,EXTRALARGE,1.0030957356241776,0.004307,0.004320333333333333,c
exo,standard,jacobi-1d,DOUBLE,2,EXTRALARGE,1.0004631416441527,0.004318333333333334,0.004320333333333333,c
exo,standard,jacobi-1d,DOUBLE,3,EXTRALARGE,1.003406363706743,0.004305666666666667,0.004320333333333333,c
exo,standard,jacobi-1d,DOUBLE,4,EXTRALARGE,1.0037949194547708,0.004304,0.004320333333333333,c
exo,standard,jacobi-1d,DOUBLE,5,EXTRALARGE,1.0027077208726598,0.004308666666666666,0.004320333333333333,c
halide,AllHints,jacobi-1d,DOUBLE,3,EXTRALARGE,0.3882049899661545,0.011129,0.004320333333333333,c
halide,AllHints,jacobi-1d,DOUBLE,4,EXTRALARGE,0.33130543697758236,0.013040333333333334,0.004320333333333333,c
halide,AllHints,jacobi-1d,DOUBLE,5,EXTRALARGE,0.28884382242824036,0.014957333333333331,0.004320333333333333,c
halide,ChooseHints,jacobi-1d,DOUBLE,3,EXTRALARGE,0.0013004286066601288,3.322238,0.004320333333333333,c
halide,ChooseHints,jacobi-1d,DOUBLE,4,EXTRALARGE,0.23994298091341615,0.018005666666666666,0.004320333333333333,c
halide,FromPlan,jacobi-1d,DOUBLE,1,EXTRALARGE,0.06984200543173687,0.061858666666666666,0.004320333333333333,c
halide,FromPlan,jacobi-1d,DOUBLE,4,EXTRALARGE,0.19401532842344768,0.022268,0.004320333333333333,c
halide,FromPlan,jacobi-1d,DOUBLE,5,EXTRALARGE,0.28123508223755583,0.015362,0.004320333333333333,c
halide,Naive,jacobi-1d,DOUBLE,1,EXTRALARGE,0.0878962145153196,0.04915266666666667,0.004320333333333333,c
halide,Naive,jacobi-1d,DOUBLE,3,EXTRALARGE,0.08444803523609093,0.051159666666666666,0.004320333333333333,c
halide,Naive,jacobi-1d,DOUBLE,4,EXTRALARGE,0.23681277520966176,0.01824366666666667,0.004320333333333333,c
halide,Naive,jacobi-1d,DOUBLE,5,EXTRALARGE,0.15535737830678317,0.027809,0.004320333333333333,c
halide,standard,jacobi-1d,DOUBLE,2,EXTRALARGE,0.8075389408099687,0.005350000000000001,0.004320333333333333,c
noarr,AllHints,jacobi-1d,DOUBLE,1,EXTRALARGE,0.06949225242614336,0.06217,0.004320333333333333,c
noarr,AllHints,jacobi-1d,DOUBLE,2,EXTRALARGE,1.2405245022970903,0.003482666666666667,0.004320333333333333,c
noarr,AllHints,jacobi-1d,DOUBLE,3,EXTRALARGE,1.2386276758409787,0.0034879999999999998,0.004320333333333333,c
noarr,AllHints,jacobi-1d,DOUBLE,4,EXTRALARGE,0.07421595405379097,0.058212999999999994,0.004320333333333333,c
noarr,AllHints,jacobi-1d,DOUBLE,5,EXTRALARGE,1.2426653883029721,0.0034766666666666665,0.004320333333333333,c
noarr,ChooseHints,jacobi-1d,DOUBLE,1,EXTRALARGE,0.07380727310000797,0.058535333333333335,0.004320333333333333,c
noarr,ChooseHints,jacobi-1d,DOUBLE,2,EXTRALARGE,0.599796381137489,0.007203,0.004320333333333333,c
noarr,ChooseHints,jacobi-1d,DOUBLE,3,EXTRALARGE,0.07013679949782463,0.06159866666666667,0.004320333333333333,c
noarr,ChooseHints,jacobi-1d,DOUBLE,4,EXTRALARGE,0.07069533534057686,0.061112,0.004320333333333333,c
noarr,ChooseHints,jacobi-1d,DOUBLE,5,EXTRALARGE,0.20788490224068518,0.020782333333333333,0.004320333333333333,c
noarr,FromPlan,jacobi-1d,DOUBLE,1,EXTRALARGE,0.8983849726207804,0.004809,0.004320333333333333,c
noarr,FromPlan,jacobi-1d,DOUBLE,2,EXTRALARGE,1.2383909803172177,0.0034886666666666664,0.004320333333333333,c
noarr,FromPlan,jacobi-1d,DOUBLE,3,EXTRALARGE,0.29293705503446715,0.014748333333333334,0.004320333333333333,c
noarr,FromPlan,jacobi-1d,DOUBLE,4,EXTRALARGE,0.8884090753307285,0.004863,0.004320333333333333,c
noarr,FromPlan,jacobi-1d,DOUBLE,5,EXTRALARGE,0.8930613932336526,0.004837666666666666,0.004320333333333333,c
noarr,Naive,jacobi-1d,DOUBLE,1,EXTRALARGE,0.07372666355703705,0.05859933333333334,0.004320333333333333,c
noarr,Naive,jacobi-1d,DOUBLE,3,EXTRALARGE,0.056430194791058944,0.07656066666666667,0.004320333333333333,c
noarr,Naive,jacobi-1d,DOUBLE,4,EXTRALARGE,0.6539024267191363,0.006606999999999999,0.004320333333333333,c
noarr,Naive,jacobi-1d,DOUBLE,5,EXTRALARGE,0.6665466700951401,0.006481666666666667,0.004320333333333333,c
noarr,standard,jacobi-1d,DOUBLE,1,EXTRALARGE,1.2417129718336848,0.003479333333333333,0.004320333333333333,c
noarr,standard,jacobi-1d,DOUBLE,2,EXTRALARGE,1.2402870813397129,0.003483333333333333,0.004320333333333333,c
noarr,standard,jacobi-1d,DOUBLE,3,EXTRALARGE,1.2409996170049788,0.0034813333333333332,0.004320333333333333,c
noarr,standard,jacobi-1d,DOUBLE,4,EXTRALARGE,1.2402870813397129,0.0034833333333333335,0.004320333333333333,c
noarr,standard,jacobi-1d,DOUBLE,5,EXTRALARGE,1.2424271472392636,0.0034773333333333336,0.004320333333333333,c
c,AllHints,jacobi-2d,DOUBLE,1,EXTRALARGE,3.158859575921348,6.547260333333334,20.681876,c
c,AllHints,jacobi-2d,DOUBLE,2,EXTRALARGE,3.292960264092262,6.280633333333333,20.681876,c
c,AllHints,jacobi-2d,DOUBLE,3,EXTRALARGE,3.4952469460345976,5.917143,20.681876,c
c,AllHints,jacobi-2d,DOUBLE,4,EXTRALARGE,3.2923928903287405,6.281715666666667,20.681876,c
c,AllHints,jacobi-2d,DOUBLE,5,EXTRALARGE,3.463937230486135,5.970626666666667,20.681876,c
c,ChooseHints,jacobi-2d,DOUBLE,1,EXTRALARGE,2.699072258494422,7.662587000000001,20.681876,c
c,ChooseHints,jacobi-2d,DOUBLE,2,EXTRALARGE,3.1915055220022355,6.480288333333334,20.681876,c
c,ChooseHints,jacobi-2d,DOUBLE,3,EXTRALARGE,3.987566399586935,5.186591,20.681876,c
c,ChooseHints,jacobi-2d,DOUBLE,4,EXTRALARGE,3.8130264866996195,5.424005333333334,20.681876,c
c,ChooseHints,jacobi-2d,DOUBLE,5,EXTRALARGE,3.177171136287664,6.509525333333333,20.681876,c
c,FromPlan,jacobi-2d,DOUBLE,1,EXTRALARGE,0.3232012440139745,63.990706666666675,20.681876,c
c,FromPlan,jacobi-2d,DOUBLE,2,EXTRALARGE,0.3720785711166494,55.58470066666666,20.681876,c
c,FromPlan,jacobi-2d,DOUBLE,3,EXTRALARGE,2.980732351007527,6.9385216666666665,20.681876,c
c,FromPlan,jacobi-2d,DOUBLE,4,EXTRALARGE,0.3165952067822871,65.32592899999999,20.681876,c
c,FromPlan,jacobi-2d,DOUBLE,5,EXTRALARGE,2.74566180311753,7.532565000000001,20.681876,c
c,Naive,jacobi-2d,DOUBLE,1,EXTRALARGE,1.3049621100004725,15.848641,20.681876,c
c,Naive,jacobi-2d,DOUBLE,2,EXTRALARGE,1.0068913383181186,20.540325666666664,20.681876,c
c,Naive,jacobi-2d,DOUBLE,3,EXTRALARGE,1.006316724574638,20.552054333333334,20.681876,c
c,Naive,jacobi-2d,DOUBLE,4,EXTRALARGE,2.7790955187118422,7.441945,20.681876,c
c,standard,jacobi-2d,DOUBLE,1,EXTRALARGE,1.0,20.681876,20.681876,c
exo,AllHints,jacobi-2d,DOUBLE,2,EXTRALARGE,3.1456889186732178,6.574673,20.681876,c
exo,AllHints,jacobi-2d,DOUBLE,3,EXTRALARGE,3.428182608093158,6.032898,20.681876,c
exo,ChooseHints,jacobi-2d,DOUBLE,1,EXTRALARGE,3.2145537063877243,6.433825,20.681876,c
exo,ChooseHints,jacobi-2d,DOUBLE,2,EXTRALARGE,3.1151325678955963,6.639164,20.681876,c
exo,ChooseHints,jacobi-2d,DOUBLE,4,EXTRALARGE,3.517996942160452,5.878878333333333,20.681876,c
exo,Naive,jacobi-2d,DOUBLE,3,EXTRALARGE,3.40351829554275,6.076616666666666,20.681876,c
exo,standard,jacobi-2d,DOUBLE,1,EXTRALARGE,0.9991313949237134,20.699856,20.681876,c
exo,standard,jacobi-2d,DOUBLE,2,EXTRALARGE,1.0026906161503388,20.626378333333335,20.681876,c
exo,standard,jacobi-2d,DOUBLE,3,EXTRALARGE,1.0040045532751674,20.599384666666666,20.681876,c
exo,standard,jacobi-2d,DOUBLE,4,EXTRALARGE,1.0085872831898626,20.505786999999998,20.681876,c
exo,standard,jacobi-2d,DOUBLE,5,EXTRALARGE,1.0158226217617963,20.359731666666665,20.681876,c
halide,AllHints,jacobi-2d,DOUBLE,2,EXTRALARGE,2.7951849152994783,7.399108333333333,20.681876,c
halide,AllHints,jacobi-2d,DOUBLE,3,EXTRALARGE,2.6652484798744096,7.759830333333333,20.681876,c
halide,AllHints,jacobi-2d,DOUBLE,4,EXTRALARGE,2.7341550389687512,7.564266,20.681876,c
halide,ChooseHints,jacobi-2d,DOUBLE,1,EXTRALARGE,2.3554554978496838,8.780414666666667,20.681876,c
halide,ChooseHints,jacobi-2d,DOUBLE,2,EXTRALARGE,2.71456699036823,7.618849,20.681876,c
halide,ChooseHints,jacobi-2d,DOUBLE,3,EXTRALARGE,2.3323200464797793,8.867512,20.681876,c
halide,ChooseHints,jacobi-2d,DOUBLE,4,EXTRALARGE,2.7281669159564688,7.580869,20.681876,c
halide,FromPlan,jacobi-2d,DOUBLE,1,EXTRALARGE,2.6043647527763203,7.941236333333333,20.681876,c
halide,FromPlan,jacobi-2d,DOUBLE,2,EXTRALARGE,2.5844506576526225,8.002426333333334,20.681876,c
halide,FromPlan,jacobi-2d,DOUBLE,3,EXTRALARGE,2.244028717924087,9.216404333333333,20.681876,c
halide,FromPlan,jacobi-2d,DOUBLE,4,EXTRALARGE,2.15153572738978,9.612611,20.681876,c
halide,FromPlan,jacobi-2d,DOUBLE,5,EXTRALARGE,0.9979274617899139,20.724829,20.681876,c
halide,Naive,jacobi-2d,DOUBLE,1,EXTRALARGE,2.74656194084104,7.530096333333333,20.681876,c
halide,Naive,jacobi-2d,DOUBLE,3,EXTRALARGE,2.387295109089952,8.663309333333332,20.681876,c
halide,Naive,jacobi-2d,DOUBLE,4,EXTRALARGE,2.3640157204215932,8.748620333333333,20.681876,c
halide,Naive,jacobi-2d,DOUBLE,5,EXTRALARGE,2.462280033549689,8.399481666666667,20.681876,c
halide,standard,jacobi-2d,DOUBLE,3,EXTRALARGE,0.323233841493084,63.984253333333335,20.681876,c
halide,standard,jacobi-2d,DOUBLE,4,EXTRALARGE,0.7294427090596679,28.352981999999997,20.681876,c
halide,standard,jacobi-2d,DOUBLE,5,EXTRALARGE,0.3218347748371626,64.26240299999999,20.681876,c
noarr,AllHints,jacobi-2d,DOUBLE,1,EXTRALARGE,3.4655969049731716,5.967767333333334,20.681876,c
noarr,AllHints,jacobi-2d,DOUBLE,2,EXTRALARGE,3.1513520481473165,6.562857999999999,20.681876,c
noarr,AllHints,jacobi-2d,DOUBLE,3,EXTRALARGE,3.274595874256791,6.315856,20.681876,c
noarr,AllHints,jacobi-2d,DOUBLE,4,EXTRALARGE,3.130430386557444,6.606719666666667,20.681876,c
noarr,AllHints,jacobi-2d,DOUBLE,5,EXTRALARGE,3.168959961902382,6.526392333333334,20.681876,c
noarr,ChooseHints,jacobi-2d,DOUBLE,1,EXTRALARGE,0.9969582195902741,20.744977666666667,20.681876,c
noarr,ChooseHints,jacobi-2d,DOUBLE,2,EXTRALARGE,3.1817461463544316,6.5001653333333325,20.681876,c
noarr,ChooseHints,jacobi-2d,DOUBLE,3,EXTRALARGE,1.0019940845077246,20.640716666666666,20.681876,c
noarr,ChooseHints,jacobi-2d,DOUBLE,4,EXTRALARGE,3.489987810337605,5.926059666666667,20.681876,c
noarr,ChooseHints,jacobi-2d,DOUBLE,5,EXTRALARGE,3.106151353971913,6.658360666666667,20.681876,c
noarr,FromPlan,jacobi-2d,DOUBLE,1,EXTRALARGE,0.37864595842600385,54.620617333333335,20.681876,c
noarr,FromPlan,jacobi-2d,DOUBLE,2,EXTRALARGE,0.3662704682950619,56.46613033333333,20.681876,c
noarr,FromPlan,jacobi-2d,DOUBLE,3,EXTRALARGE,0.35328255416106374,58.54202466666667,20.681876,c
noarr,FromPlan,jacobi-2d,DOUBLE,4,EXTRALARGE,0.3201095835273301,64.60873733333334,20.681876,c
noarr,FromPlan,jacobi-2d,DOUBLE,5,EXTRALARGE,0.31937630045629917,64.75707799999999,20.681876,c
noarr,Naive,jacobi-2d,DOUBLE,1,EXTRALARGE,3.2778161581361633,6.309651,20.681876,c
noarr,Naive,jacobi-2d,DOUBLE,2,EXTRALARGE,0.307269716443114,67.30854000000001,20.681876,c
noarr,Naive,jacobi-2d,DOUBLE,3,EXTRALARGE,3.238606322977519,6.386042,20.681876,c
noarr,Naive,jacobi-2d,DOUBLE,5,EXTRALARGE,0.15895307038093007,130.11309533333335,20.681876,c
noarr,standard,jacobi-2d,DOUBLE,1,EXTRALARGE,0.9946977830271311,20.792120333333333,20.681876,c
noarr,standard,jacobi-2d,DOUBLE,2,EXTRALARGE,0.9922489739454641,20.843434,20.681876,c
noarr,standard,jacobi-2d,DOUBLE,3,EXTRALARGE,1.001350764853491,20.653977333333334,20.681876,c
noarr,standard,jacobi-2d,DOUBLE,4,EXTRALARGE,0.9983533651778739,20.715987666666667,20.681876,c
noarr,standard,jacobi-2d,DOUBLE,5,EXTRALARGE,1.0159758518354263,20.356661,20.681876,c
c,AllHints,lu,DOUBLE,1,EXTRALARGE,1.6787673014593636,30.357819666666668,50.963715,c
c,AllHints,lu,DOUBLE,2,EXTRALARGE,1.8297216616754495,27.853261000000003,50.963715,c
c,AllHints,lu,DOUBLE,3,EXTRALARGE,1.9355871083951681,26.32984833333333,50.963715,c
c,AllHints,lu,DOUBLE,4,EXTRALARGE,1.6662197001404597,30.58643166666667,50.963715,c
c,AllHints,lu,DOUBLE,5,EXTRALARGE,1.6851488270436883,30.242857,50.963715,c
c,ChooseHints,lu,DOUBLE,1,EXTRALARGE,1.184583568804583,43.02247333333333,50.963715,c
c,ChooseHints,lu,DOUBLE,2,EXTRALARGE,1.6736331164468181,30.450948,50.963715,c
c,ChooseHints,lu,DOUBLE,3,EXTRALARGE,1.6878653414798475,30.194183,50.963715,c
c,ChooseHints,lu,DOUBLE,4,EXTRALARGE,1.6864955724996835,30.218706666666666,50.963715,c
c,ChooseHints,lu,DOUBLE,5,EXTRALARGE,1.8932796271214383,26.918218666666665,50.963715,c
c,FromPlan,lu,DOUBLE,1,EXTRALARGE,1.6811846301971858,30.314169000000003,50.963715,c
c,FromPlan,lu,DOUBLE,2,EXTRALARGE,1.79878243729936,28.332339666666666,50.963715,c
c,FromPlan,lu,DOUBLE,3,EXTRALARGE,1.4607108320379323,34.889667333333335,50.963715,c
c,FromPlan,lu,DOUBLE,4,EXTRALARGE,1.0816778529529647,47.115428,50.963715,c
c,FromPlan,lu,DOUBLE,5,EXTRALARGE,3.683846134014471,13.834376666666666,50.963715,c
c,Naive,lu,DOUBLE,1,EXTRALARGE,1.663068165378376,30.64439333333333,50.963715,c
c,Naive,lu,DOUBLE,2,EXTRALARGE,1.6871861275472924,30.206338333333335,50.963715,c
c,Naive,lu,DOUBLE,3,EXTRALARGE,1.674536769908148,30.434515333333334,50.963715,c
c,Naive,lu,DOUBLE,4,EXTRALARGE,1.6938441363530221,30.087605999999997,50.963715,c
c,Naive,lu,DOUBLE,5,EXTRALARGE,1.6849044535518554,30.247243333333333,50.963715,c
c,standard,lu,DOUBLE,1,EXTRALARGE,1.0,50.963715,50.963715,c
exo,AllHints,lu,DOUBLE,1,EXTRALARGE,1.7037111585681768,29.913353999999998,50.963715,c
exo,AllHints,lu,DOUBLE,2,EXTRALARGE,1.5172744857404408,33.58898833333333,50.963715,c
exo,AllHints,lu,DOUBLE,3,EXTRALARGE,1.5675322628665378,32.51206766666667,50.963715,c
exo,AllHints,lu,DOUBLE,4,EXTRALARGE,0.23790927035900375,214.21491866666668,50.963715,c
exo,AllHints,lu,DOUBLE,5,EXTRALARGE,1.3495464440428073,37.763587333333334,50.963715,c
exo,ChooseHints,lu,DOUBLE,1,EXTRALARGE,1.5520195151212255,32.83703233333333,50.963715,c
exo,ChooseHints,lu,DOUBLE,2,EXTRALARGE,1.6906605828848467,30.144261666666665,50.963715,c
exo,ChooseHints,lu,DOUBLE,3,EXTRALARGE,0.9822584722788645,51.88422033333333,50.963715,c
exo,FromPlan,lu,DOUBLE,3,EXTRALARGE,1.0356526214780133,49.20927533333333,50.963715,c
exo,Naive,lu,DOUBLE,1,EXTRALARGE,2.0864346396048563,24.426221666666667,50.963715,c
exo,Naive,lu,DOUBLE,2,EXTRALARGE,1.5506898971641363,32.865187999999996,50.963715,c
exo,Naive,lu,DOUBLE,3,EXTRALARGE,1.5350085191883012,33.200933,50.963715,c
exo,Naive,lu,DOUBLE,4,EXTRALARGE,1.5778381275902449,32.29971066666667,50.963715,c
exo,Naive,lu,DOUBLE,5,EXTRALARGE,1.5440837247654056,33.005797666666666,50.963715,c
exo,standard,lu,DOUBLE,1,EXTRALARGE,0.9795973674176247,52.02516533333333,50.963715,c
exo,standard,lu,DOUBLE,2,EXTRALARGE,0.9846262095423185,51.759454000000005,50.963715,c
exo,standard,lu,DOUBLE,3,EXTRALARGE,0.9798541533680666,52.01153133333333,50.963715,c
exo,standard,lu,DOUBLE,4,EXTRALARGE,0.9814027717870121,51.929459,50.963715,c
exo,standard,lu,DOUBLE,5,EXTRALARGE,0.9746688342160016,52.288237,50.963715,c
halide,ChooseHints,lu,DOUBLE,2,EXTRALARGE,0.8574076097924962,59.439308000000004,50.963715,c
halide,ChooseHints,lu,DOUBLE,4,EXTRALARGE,0.8325037217358554,61.217402,50.963715,c
halide,ChooseHints,lu,DOUBLE,5,EXTRALARGE,0.705806194613625,72.20638666666667,50.963715,c
halide,FromPlan,lu,DOUBLE,5,EXTRALARGE,0.7732518279715352,65.908302,50.963715,c
halide,standard,lu,DOUBLE,1,EXTRALARGE,0.7583227593508398,67.20583599999999,50.963715,c
halide,standard,lu,DOUBLE,5,EXTRALARGE,0.7894489199341522,64.55606399999999,50.963715,c
noarr,AllHints,lu,DOUBLE,1,EXTRALARGE,1.0017340765621672,50.875493000000006,50.963715,c
noarr,AllHints,lu,DOUBLE,2,EXTRALARGE,0.9951312418186149,51.21305900000001,50.963715,c
noarr,AllHints,lu,DOUBLE,3,EXTRALARGE,1.59778085378566,31.896561333333334,50.963715,c
noarr,AllHints,lu,DOUBLE,4,EXTRALARGE,1.0029375571122054,50.81444466666667,50.963715,c
noarr,AllHints,lu,DOUBLE,5,EXTRALARGE,1.6046756996633826,31.759510666666667,50.963715,c
noarr,ChooseHints,lu,DOUBLE,1,EXTRALARGE,1.0059774510089559,50.660892,50.963715,c
noarr,ChooseHints,lu,DOUBLE,2,EXTRALARGE,1.0088539218240997,50.516446333333334,50.963715,c
noarr,ChooseHints,lu,DOUBLE,3,EXTRALARGE,1.0041444274762594,50.75337133333334,50.963715,c
noarr,ChooseHints,lu,DOUBLE,5,EXTRALARGE,1.0040368625410214,50.75880866666666,50.963715,c
noarr,FromPlan,lu,DOUBLE,1,EXTRALARGE,1.6101504476282664,31.651523666666666,50.963715,c
noarr,FromPlan,lu,DOUBLE,2,EXTRALARGE,1.5646106710049041,32.572777333333335,50.963715,c
noarr,FromPlan,lu,DOUBLE,3,EXTRALARGE,1.5915134401881899,32.02217066666666,50.963715,c
noarr,FromPlan,lu,DOUBLE,4,EXTRALARGE,1.587519181514508,32.10273966666667,50.963715,c
noarr,FromPlan,lu,DOUBLE,5,EXTRALARGE,1.5807129465500016,32.24096766666667,50.963715,c
noarr,Naive,lu,DOUBLE,1,EXTRALARGE,1.0020300508849056,50.86046566666667,50.963715,c
noarr,Naive,lu,DOUBLE,2,EXTRALARGE,0.9899481550506324,51.481196000000004,50.963715,c
noarr,Naive,lu,DOUBLE,3,EXTRALARGE,1.613981390972985,31.576395666666667,50.963715,c
noarr,Naive,lu,DOUBLE,4,EXTRALARGE,0.9972519714184729,51.10415066666667,50.963715,c
noarr,standard,lu,DOUBLE,2,EXTRALARGE,1.0003309919914187,50.946852,50.963715,c
noarr,standard,lu,DOUBLE,5,EXTRALARGE,1.0071882757021717,50.59998833333333,50.963715,c
c,AllHints,ludcmp,DOUBLE,1,EXTRALARGE,1.5164387587053942,30.796374333333333,46.700815666666664,c
c,AllHints,ludcmp,DOUBLE,2,EXTRALARGE,1.9239427096396278,24.273495999999998,46.700815666666664,c
c,AllHints,ludcmp,DOUBLE,3,EXTRALARGE,1.2402678474967086,37.65381466666667,46.700815666666664,c
c,AllHints,ludcmp,DOUBLE,5,EXTRALARGE,1.0029240559796802,46.564658,46.700815666666664,c
c,ChooseHints,ludcmp,DOUBLE,1,EXTRALARGE,1.8458371486775167,25.300615333333337,46.700815666666664,c
c,ChooseHints,ludcmp,DOUBLE,2,EXTRALARGE,1.8288823040412945,25.535167333333334,46.700815666666664,c
c,ChooseHints,ludcmp,DOUBLE,3,EXTRALARGE,1.98913083216355,23.478001000000003,46.700815666666664,c
c,ChooseHints,ludcmp,DOUBLE,4,EXTRALARGE,1.775404450282099,26.304324999999995,46.700815666666664,c
c,ChooseHints,ludcmp,DOUBLE,5,EXTRALARGE,1.5221271761000088,30.68128366666667,46.700815666666664,c
c,FromPlan,ludcmp,DOUBLE,1,EXTRALARGE,1.557598093168576,29.982584000000003,46.700815666666664,c
c,FromPlan,ludcmp,DOUBLE,3,EXTRALARGE,1.9870896882157554,23.502117666666667,46.700815666666664,c
c,FromPlan,ludcmp,DOUBLE,4,EXTRALARGE,1.52114078963113,30.701179,46.700815666666664,c
c,FromPlan,ludcmp,DOUBLE,5,EXTRALARGE,1.5442753082847656,30.241249999999997,46.700815666666664,c
c,Naive,ludcmp,DOUBLE,2,EXTRALARGE,1.5546441436213099,30.039553333333334,46.700815666666664,c
c,Naive,ludcmp,DOUBLE,3,EXTRALARGE,1.0029083476180252,46.56538733333334,46.700815666666664,c
c,Naive,ludcmp,DOUBLE,4,EXTRALARGE,1.24981667445417,37.366132666666665,46.700815666666664,c
c,standard,ludcmp,DOUBLE,1,EXTRALARGE,1.0,46.700815666666664,46.700815666666664,c
exo,AllHints,ludcmp,DOUBLE,2,EXTRALARGE,0.9166682385845669,50.946257,46.700815666666664,c
exo,AllHints,ludcmp,DOUBLE,5,EXTRALARGE,1.5897385496513654,29.376412666666667,46.700815666666664,c
exo,ChooseHints,ludcmp,DOUBLE,1,EXTRALARGE,0.9774652769897396,47.777467666666666,46.700815666666664,c
exo,ChooseHints,ludcmp,DOUBLE,3,EXTRALARGE,1.599553391029354,29.196159333333338,46.700815666666664,c
exo,ChooseHints,ludcmp,DOUBLE,4,EXTRALARGE,1.4596435962652152,31.994670333333335,46.700815666666664,c
exo,FromPlan,ludcmp,DOUBLE,3,EXTRALARGE,0.2624840665493139,177.91866866666666,46.700815666666664,c
exo,Naive,ludcmp,DOUBLE,1,EXTRALARGE,1.4380096614702118,32.47600966666667,46.700815666666664,c
exo,Naive,ludcmp,DOUBLE,2,EXTRALARGE,0.9080745073981145,51.42839633333333,46.700815666666664,c
exo,Naive,ludcmp,DOUBLE,3,EXTRALARGE,1.323129544689988,35.29572433333333,46.700815666666664,c
exo,Naive,ludcmp,DOUBLE,5,EXTRALARGE,0.9866789401467274,47.331319,46.700815666666664,c
exo,standard,ludcmp,DOUBLE,1,EXTRALARGE,0.9126274709372474,51.171827666666665,46.700815666666664,c
exo,standard,ludcmp,DOUBLE,2,EXTRALARGE,0.9206907751917954,50.72367066666666,46.700815666666664,c
exo,standard,ludcmp,DOUBLE,3,EXTRALARGE,0.9141999506471153,51.083808999999995,46.700815666666664,c
exo,standard,ludcmp,DOUBLE,4,EXTRALARGE,0.9159719768204426,50.984983,46.700815666666664,c
exo,standard,ludcmp,DOUBLE,5,EXTRALARGE,0.9206734049100922,50.72462766666666,46.700815666666664,c
halide,AllHints,ludcmp,DOUBLE,2,EXTRALARGE,0.7184452351557101,65.00261033333334,46.700815666666664,c
halide,AllHints,ludcmp,DOUBLE,4,EXTRALARGE,0.7842682796434195,59.54699033333333,46.700815666666664,c
halide,ChooseHints,ludcmp,DOUBLE,1,EXTRALARGE,0.7202972074313095,64.83548066666667,46.700815666666664,c
halide,Naive,ludcmp,DOUBLE,3,EXTRALARGE,0.7881726426183473,59.252013,46.700815666666664,c
halide,standard,ludcmp,DOUBLE,1,EXTRALARGE,0.9215745955066951,50.675025000000005,46.700815666666664,c
halide,standard,ludcmp,DOUBLE,3,EXTRALARGE,0.7183320489890005,65.01285266666666,46.700815666666664,c
halide,standard,ludcmp,DOUBLE,4,EXTRALARGE,0.7036601819645503,66.36842166666666,46.700815666666664,c
noarr,AllHints,ludcmp,DOUBLE,1,EXTRALARGE,0.9198119577418323,50.77213366666667,46.700815666666664,c
noarr,AllHints,ludcmp,DOUBLE,2,EXTRALARGE,1.1071945724547207,42.17941166666667,46.700815666666664,c
noarr,AllHints,ludcmp,DOUBLE,3,EXTRALARGE,0.9088251052420228,51.38592166666666,46.700815666666664,c
noarr,AllHints,ludcmp,DOUBLE,4,EXTRALARGE,0.9109083478558694,51.268402333333334,46.700815666666664,c
noarr,AllHints,ludcmp,DOUBLE,5,EXTRALARGE,0.9145749497400557,51.06286333333333,46.700815666666664,c
noarr,ChooseHints,ludcmp,DOUBLE,1,EXTRALARGE,0.9085209443329888,51.403124999999996,46.700815666666664,c
noarr,ChooseHints,ludcmp,DOUBLE,2,EXTRALARGE,0.9183833591369859,50.851112666666666,46.700815666666664,c
noarr,ChooseHints,ludcmp,DOUBLE,3,EXTRALARGE,0.91737144029921,50.907204666666665,46.700815666666664,c
noarr,ChooseHints,ludcmp,DOUBLE,4,EXTRALARGE,0.9150557242874616,51.036034666666666,46.700815666666664,c
noarr,ChooseHints,ludcmp,DOUBLE,5,EXTRALARGE,0.9198030143302544,50.77262733333333,46.700815666666664,c
noarr,FromPlan,ludcmp,DOUBLE,1,EXTRALARGE,0.9153097317121156,51.02187166666667,46.700815666666664,c
noarr,FromPlan,ludcmp,DOUBLE,2,EXTRALARGE,0.9029011828585147,51.723064,46.700815666666664,c
noarr,FromPlan,ludcmp,DOUBLE,3,EXTRALARGE,0.9026190351388801,51.739231999999994,46.700815666666664,c
noarr,FromPlan,ludcmp,DOUBLE,5,EXTRALARGE,0.9038023222088671,51.67149333333333,46.700815666666664,c
noarr,Naive,ludcmp,DOUBLE,1,EXTRALARGE,0.9162150789430411,50.971455,46.700815666666664,c
noarr,Naive,ludcmp,DOUBLE,2,EXTRALARGE,0.9079631814852679,51.434701999999994,46.700815666666664,c
noarr,Naive,ludcmp,DOUBLE,3,EXTRALARGE,0.9138429142034159,51.10376733333334,46.700815666666664,c
noarr,Naive,ludcmp,DOUBLE,4,EXTRALARGE,0.9139850394287302,51.09582066666667,46.700815666666664,c
noarr,Naive,ludcmp,DOUBLE,5,EXTRALARGE,0.920345664495142,50.742691,46.700815666666664,c
noarr,standard,ludcmp,DOUBLE,1,EXTRALARGE,0.9097591503743401,51.333164000000004,46.700815666666664,c
c,AllHints,mvt,DOUBLE,1,EXTRALARGE,5.574776641201606,0.012871666666666665,0.07175666666666666,c
c,AllHints,mvt,DOUBLE,2,EXTRALARGE,5.715082167414447,0.012555666666666666,0.07175666666666666,c
c,AllHints,mvt,DOUBLE,4,EXTRALARGE,6.662643144537294,0.01077,0.07175666666666666,c
c,AllHints,mvt,DOUBLE,5,EXTRALARGE,4.059629999811417,0.017675666666666666,0.07175666666666666,c
c,ChooseHints,mvt,DOUBLE,1,EXTRALARGE,5.130362249761678,0.013986666666666666,0.07175666666666666,c
c,ChooseHints,mvt,DOUBLE,2,EXTRALARGE,8.783304092374228,0.008169666666666667,0.07175666666666666,c
c,ChooseHints,mvt,DOUBLE,3,EXTRALARGE,1.010804389371223,0.07098966666666666,0.07175666666666666,c
c,ChooseHints,mvt,DOUBLE,5,EXTRALARGE,5.803520879950395,0.012364333333333333,0.07175666666666666,c
c,FromPlan,mvt,DOUBLE,1,EXTRALARGE,2.2770255976306326,0.03151333333333333,0.07175666666666666,c
c,FromPlan,mvt,DOUBLE,2,EXTRALARGE,1.7426818211255748,0.041176,0.07175666666666666,c
c,FromPlan,mvt,DOUBLE,3,EXTRALARGE,2.90701128936423,0.024684,0.07175666666666666,c
c,FromPlan,mvt,DOUBLE,4,EXTRALARGE,2.886430678466076,0.024860000000000004,0.07175666666666666,c
c,FromPlan,mvt,DOUBLE,5,EXTRALARGE,2.8508806780558866,0.025169999999999998,0.07175666666666666,c
c,Naive,mvt,DOUBLE,1,EXTRALARGE,2.9196278413714527,0.024577333333333336,0.07175666666666666,c
c,Naive,mvt,DOUBLE,2,EXTRALARGE,2.8510694655983047,0.025168333333333334,0.07175666666666666,c
c,Naive,mvt,DOUBLE,3,EXTRALARGE,2.9208955223880593,0.024566666666666667,0.07175666666666666,c
c,Naive,mvt,DOUBLE,4,EXTRALARGE,2.0200816403134234,0.03552166666666667,0.07175666666666666,c
c,Naive,mvt,DOUBLE,5,EXTRALARGE,2.9150022342888864,0.024616333333333334,0.07175666666666666,c
c,standard,mvt,DOUBLE,1,EXTRALARGE,1.0,0.07175666666666666,0.07175666666666666,c
exo,AllHints,mvt,DOUBLE,1,EXTRALARGE,4.710503282275711,0.015233333333333333,0.07175666666666666,c
exo,AllHints,mvt,DOUBLE,2,EXTRALARGE,4.892055267702935,0.014668,0.07175666666666666,c
exo,AllHints,mvt,DOUBLE,3,EXTRALARGE,4.918995498480451,0.014587666666666667,0.07175666666666666,c
exo,AllHints,mvt,DOUBLE,4,EXTRALARGE,3.331063829787234,0.021541666666666667,0.07175666666666666,c
exo,AllHints,mvt,DOUBLE,5,EXTRALARGE,3.324684551112758,0.021583,0.07175666666666666,c
exo,ChooseHints,mvt,DOUBLE,1,EXTRALARGE,2.7832079228402242,0.025782,0.07175666666666666,c
exo,ChooseHints,mvt,DOUBLE,2,EXTRALARGE,2.796549618717279,0.025659,0.07175666666666666,c
exo,ChooseHints,mvt,DOUBLE,3,EXTRALARGE,4.994431812908913,0.014367333333333334,0.07175666666666666,c
exo,ChooseHints,mvt,DOUBLE,4,EXTRALARGE,2.893491760531197,0.02479933333333333,0.07175666666666666,c
exo,ChooseHints,mvt,DOUBLE,5,EXTRALARGE,5.70826262197709,0.012570666666666666,0.07175666666666666,c
exo,FromPlan,mvt,DOUBLE,2,EXTRALARGE,2.3238015047982987,0.030879,0.07175666666666666,c
exo,FromPlan,mvt,DOUBLE,3,EXTRALARGE,0.6021892195066004,0.11915966666666666,0.07175666666666666,c
exo,FromPlan,mvt,DOUBLE,4,EXTRALARGE,0.6323993396043501,0.11346733333333332,0.07175666666666666,c
exo,Naive,mvt,DOUBLE,2,EXTRALARGE,4.910019843532605,0.014614333333333333,0.07175666666666666,c
exo,Naive,mvt,DOUBLE,3,EXTRALARGE,2.704532891100055,0.026532,0.07175666666666666,c
exo,Naive,mvt,DOUBLE,4,EXTRALARGE,3.2879202113848454,0.021824333333333334,0.07175666666666666,c
exo,standard,mvt,DOUBLE,1,EXTRALARGE,0.9623758304051214,0.074562,0.07175666666666666,c
exo,standard,mvt,DOUBLE,2,EXTRALARGE,0.9586302101888137,0.07485333333333333,0.07175666666666666,c
exo,standard,mvt,DOUBLE,3,EXTRALARGE,0.9636251320524986,0.07446533333333334,0.07175666666666666,c
exo,standard,mvt,DOUBLE,4,EXTRALARGE,0.9669189480539897,0.07421166666666666,0.07175666666666666,c
exo,standard,mvt,DOUBLE,5,EXTRALARGE,0.9650593551626439,0.07435466666666667,0.07175666666666666,c
halide,AllHints,mvt,DOUBLE,3,EXTRALARGE,7.05086633258,0.010177,0.07175666666666666,c
halide,AllHints,mvt,DOUBLE,5,EXTRALARGE,1.4690788485948651,0.04884466666666667,0.07175666666666666,c
halide,ChooseHints,mvt,DOUBLE,2,EXTRALARGE,1.6038951846636416,0.044739,0.07175666666666666,c
halide,FromPlan,mvt,DOUBLE,5,EXTRALARGE,1.7470661753964518,0.04107266666666667,0.07175666666666666,c
halide,Naive,mvt,DOUBLE,2,EXTRALARGE,3.602543720190779,0.019918333333333333,0.07175666666666666,c
halide,Naive,mvt,DOUBLE,3,EXTRALARGE,5.47983912025252,0.013094666666666666,0.07175666666666666,c
halide,standard,mvt,DOUBLE,1,EXTRALARGE,0.933954610335238,0.076831,0.07175666666666666,c
halide,standard,mvt,DOUBLE,2,EXTRALARGE,1.126018684158219,0.063726,0.07175666666666666,c
halide,standard,mvt,DOUBLE,3,EXTRALARGE,0.932922495536256,0.076916,0.07175666666666666,c
halide,standard,mvt,DOUBLE,4,EXTRALARGE,0.9283320899223334,0.07729633333333334,0.07175666666666666,c
halide,standard,mvt,DOUBLE,5,EXTRALARGE,0.9221325520030157,0.077816,0.07175666666666666,c
noarr,AllHints,mvt,DOUBLE,1,EXTRALARGE,4.222387854775121,0.016994333333333334,0.07175666666666666,c
noarr,AllHints,mvt,DOUBLE,2,EXTRALARGE,2.5963985478404554,0.027637,0.07175666666666666,c
noarr,AllHints,mvt,DOUBLE,3,EXTRALARGE,2.9533543695980247,0.024296666666666664,0.07175666666666666,c
noarr,AllHints,mvt,DOUBLE,4,EXTRALARGE,4.304366951931536,0.016670666666666667,0.07175666666666666,c
noarr,AllHints,mvt,DOUBLE,5,EXTRALARGE,2.581453634085213,0.027797,0.07175666666666666,c
noarr,ChooseHints,mvt,DOUBLE,1,EXTRALARGE,2.594270839610022,0.027659666666666666,0.07175666666666666,c
noarr,ChooseHints,mvt,DOUBLE,2,EXTRALARGE,2.6108840402178264,0.027483666666666667,0.07175666666666666,c
noarr,ChooseHints,mvt,DOUBLE,3,EXTRALARGE,2.570909916042659,0.027911000000000002,0.07175666666666666,c
noarr,ChooseHints,mvt,DOUBLE,4,EXTRALARGE,2.5964611803302415,0.027636333333333332,0.07175666666666666,c
noarr,ChooseHints,mvt,DOUBLE,5,EXTRALARGE,2.612024510101316,0.02747166666666667,0.07175666666666666,c
noarr,FromPlan,mvt,DOUBLE,1,EXTRALARGE,1.9798765738671376,0.036243,0.07175666666666666,c
noarr,FromPlan,mvt,DOUBLE,2,EXTRALARGE,1.9398237424982427,0.036991333333333334,0.07175666666666666,c
noarr,FromPlan,mvt,DOUBLE,3,EXTRALARGE,1.9881231644470712,0.03609266666666667,0.07175666666666666,c
noarr,FromPlan,mvt,DOUBLE,4,EXTRALARGE,1.9524561021622404,0.036752,0.07175666666666666,c
noarr,FromPlan,mvt,DOUBLE,5,EXTRALARGE,1.959172900853674,0.036626,0.07175666666666666,c
noarr,Naive,mvt,DOUBLE,1,EXTRALARGE,0.9928420547730396,0.072274,0.07175666666666666,c
noarr,Naive,mvt,DOUBLE,2,EXTRALARGE,1.3646189247611742,0.05258366666666667,0.07175666666666666,c
noarr,Naive,mvt,DOUBLE,3,EXTRALARGE,2.5823206938329952,0.027787666666666665,0.07175666666666666,c
noarr,Naive,mvt,DOUBLE,4,EXTRALARGE,1.9832510318396224,0.036181333333333336,0.07175666666666666,c
noarr,Naive,mvt,DOUBLE,5,EXTRALARGE,2.6256281407035176,0.027329333333333334,0.07175666666666666,c
noarr,standard,mvt,DOUBLE,1,EXTRALARGE,1.0042639347627311,0.071452,0.07175666666666666,c
noarr,standard,mvt,DOUBLE,2,EXTRALARGE,1.0130495959942964,0.07083233333333333,0.07175666666666666,c
noarr,standard,mvt,DOUBLE,3,EXTRALARGE,1.000334575600145,0.07173266666666667,0.07175666666666666,c
noarr,standard,mvt,DOUBLE,4,EXTRALARGE,1.010367922801451,0.07102033333333334,0.07175666666666666,c
noarr,standard,mvt,DOUBLE,5,EXTRALARGE,1.0039314078917299,0.07147566666666667,0.07175666666666666,c
c,AllHints,nussinov,DOUBLE,1,EXTRALARGE,18.2747392162231,5.883034666666667,107.51092433333334,c
c,AllHints,nussinov,DOUBLE,3,EXTRALARGE,18.778940530547523,5.725079333333333,107.51092433333334,c
c,AllHints,nussinov,DOUBLE,5,EXTRALARGE,18.756688362509184,5.731871333333333,107.51092433333334,c
c,ChooseHints,nussinov,DOUBLE,1,EXTRALARGE,18.437219586237664,5.831189666666667,107.51092433333334,c
c,ChooseHints,nussinov,DOUBLE,2,EXTRALARGE,18.30621505783779,5.872919333333333,107.51092433333334,c
c,ChooseHints,nussinov,DOUBLE,4,EXTRALARGE,16.805445025752444,6.397386333333333,107.51092433333334,c
c,ChooseHints,nussinov,DOUBLE,5,EXTRALARGE,18.263101977027635,5.886783333333334,107.51092433333334,c
c,FromPlan,nussinov,DOUBLE,1,EXTRALARGE,1.515977018600779,70.91857133333333,107.51092433333334,c
c,FromPlan,nussinov,DOUBLE,3,EXTRALARGE,16.388233366883878,6.560251,107.51092433333334,c
c,FromPlan,nussinov,DOUBLE,4,EXTRALARGE,13.60819227818411,7.900456000000001,107.51092433333334,c
c,FromPlan,nussinov,DOUBLE,5,EXTRALARGE,1.4798517980602228,72.64979133333334,107.51092433333334,c
c,Naive,nussinov,DOUBLE,1,EXTRALARGE,1.5432811100197859,69.66386333333334,107.51092433333334,c
c,Naive,nussinov,DOUBLE,2,EXTRALARGE,1.817355126253933,59.15790633333333,107.51092433333334,c
c,Naive,nussinov,DOUBLE,3,EXTRALARGE,1.879035987846803,57.216000666666666,107.51092433333334,c
c,Naive,nussinov,DOUBLE,5,EXTRALARGE,1.873341073831017,57.389936,107.51092433333334,c
c,standard,nussinov,DOUBLE,1,EXTRALARGE,1.0,107.51092433333334,107.51092433333334,c
exo,AllHints,nussinov,DOUBLE,2,EXTRALARGE,15.619192181918901,6.883257666666666,107.51092433333334,c
exo,AllHints,nussinov,DOUBLE,3,EXTRALARGE,17.433520740403413,6.1669083333333345,107.51092433333334,c
exo,AllHints,nussinov,DOUBLE,5,EXTRALARGE,17.16299339656407,6.264112666666667,107.51092433333334,c
exo,ChooseHints,nussinov,DOUBLE,1,EXTRALARGE,1.0266354755678375,104.72161433333333,107.51092433333334,c
exo,ChooseHints,nussinov,DOUBLE,2,EXTRALARGE,18.932294955023785,5.678705333333333,107.51092433333334,c
exo,ChooseHints,nussinov,DOUBLE,3,EXTRALARGE,14.388475551601445,7.472016333333333,107.51092433333334,c
exo,ChooseHints,nussinov,DOUBLE,4,EXTRALARGE,17.517130039553187,6.137473666666668,107.51092433333334,c
exo,ChooseHints,nussinov,DOUBLE,5,EXTRALARGE,18.259841946413463,5.887834333333333,107.51092433333334,c
exo,FromPlan,nussinov,DOUBLE,1,EXTRALARGE,16.936939966092805,6.347718333333333,107.51092433333334,c
exo,FromPlan,nussinov,DOUBLE,4,EXTRALARGE,1.0128727091355405,106.14455633333334,107.51092433333334,c
exo,Naive,nussinov,DOUBLE,1,EXTRALARGE,1.0908021890138213,98.56133900000002,107.51092433333334,c
exo,Naive,nussinov,DOUBLE,2,EXTRALARGE,1.0917549508518678,98.47532566666666,107.51092433333334,c
exo,standard,nussinov,DOUBLE,1,EXTRALARGE,0.9990913374470423,107.60870433333334,107.51092433333334,c
exo,standard,nussinov,DOUBLE,2,EXTRALARGE,0.998329634585771,107.69080733333334,107.51092433333334,c
exo,standard,nussinov,DOUBLE,3,EXTRALARGE,1.0000111121725483,107.50972966666666,107.51092433333334,c
exo,standard,nussinov,DOUBLE,5,EXTRALARGE,0.9354484135204809,114.929827,107.51092433333334,c
halide,AllHints,nussinov,DOUBLE,4,EXTRALARGE,1.3771997772997482,78.064872,107.51092433333334,c
halide,ChooseHints,nussinov,DOUBLE,1,EXTRALARGE,1.4059534898821673,76.46833633333334,107.51092433333334,c
halide,ChooseHints,nussinov,DOUBLE,3,EXTRALARGE,1.4078676817072724,76.364367,107.51092433333334,c
halide,standard,nussinov,DOUBLE,3,EXTRALARGE,0.41149435953227,261.269497,107.51092433333334,c
halide,standard,nussinov,DOUBLE,4,EXTRALARGE,1.3076778534336142,82.21514499999999,107.51092433333334,c
c,AllHints,seidel-2d,DOUBLE,1,EXTRALARGE,1.356755702491972,160.59695266666668,217.89083133333335,c
c,AllHints,seidel-2d,DOUBLE,2,EXTRALARGE,0.9743870360579411,223.61836033333336,217.89083133333335,c
c,AllHints,seidel-2d,DOUBLE,3,EXTRALARGE,0.9743204673162199,223.63363866666668,217.89083133333335,c
c,AllHints,seidel-2d,DOUBLE,4,EXTRALARGE,0.9096859644158851,239.523132,217.89083133333335,c
c,AllHints,seidel-2d,DOUBLE,5,EXTRALARGE,1.3097735229143412,166.3576393333333,217.89083133333335,c
c,ChooseHints,seidel-2d,DOUBLE,1,EXTRALARGE,1.3567961734089362,160.59216233333333,217.89083133333335,c
c,ChooseHints,seidel-2d,DOUBLE,2,EXTRALARGE,0.9743587270736505,223.62485733333332,217.89083133333335,c
c,ChooseHints,seidel-2d,DOUBLE,3,EXTRALARGE,1.870681995877029,116.47668166666666,217.89083133333335,c
c,ChooseHints,seidel-2d,DOUBLE,4,EXTRALARGE,1.0000704821565316,217.87547500000002,217.89083133333335,c
c,ChooseHints,seidel-2d,DOUBLE,5,EXTRALARGE,1.225773445006687,177.757833,217.89083133333335,c
c,FromPlan,seidel-2d,DOUBLE,1,EXTRALARGE,1.8863718211645186,115.50789133333335,217.89083133333335,c
c,FromPlan,seidel-2d,DOUBLE,2,EXTRALARGE,1.8858498546756963,115.53986166666665,217.89083133333335,c
c,FromPlan,seidel-2d,DOUBLE,3,EXTRALARGE,1.8857378701543388,115.546723,217.89083133333335,c
c,FromPlan,seidel-2d,DOUBLE,4,EXTRALARGE,1.8945950100586015,115.00654766666666,217.89083133333335,c
c,FromPlan,seidel-2d,DOUBLE,5,EXTRALARGE,1.8864522498556315,115.50296666666667,217.89083133333335,c
c,Naive,seidel-2d,DOUBLE,2,EXTRALARGE,0.9099751008670217,239.4470256666667,217.89083133333335,c
c,Naive,seidel-2d,DOUBLE,3,EXTRALARGE,1.2670001579058363,171.97379966666668,217.89083133333335,c
c,Naive,seidel-2d,DOUBLE,4,EXTRALARGE,1.196200475385717,182.15243666666666,217.89083133333335,c
c,Naive,seidel-2d,DOUBLE,5,EXTRALARGE,0.9977450699440101,218.38327033333334,217.89083133333335,c
c,standard,seidel-2d,DOUBLE,1,EXTRALARGE,1.0,217.89083133333335,217.89083133333335,c
exo,AllHints,seidel-2d,DOUBLE,1,EXTRALARGE,0.9999724625030688,217.89683166666669,217.89083133333335,c
exo,ChooseHints,seidel-2d,DOUBLE,1,EXTRALARGE,0.8837302392959769,246.55808033333332,217.89083133333335,c
exo,FromPlan,seidel-2d,DOUBLE,2,EXTRALARGE,1.148647867539601,189.69332333333332,217.89083133333335,c
exo,FromPlan,seidel-2d,DOUBLE,3,EXTRALARGE,1.1508678303843811,189.327415,217.89083133333335,c
exo,Naive,seidel-2d,DOUBLE,3,EXTRALARGE,0.8835274867451718,246.61466066666665,217.89083133333335,c
exo,standard,seidel-2d,DOUBLE,1,EXTRALARGE,1.0000069607207174,217.88931466666668,217.89083133333335,c
exo,standard,seidel-2d,DOUBLE,2,EXTRALARGE,1.0000006822993295,217.89068266666666,217.89083133333335,c
exo,standard,seidel-2d,DOUBLE,3,EXTRALARGE,0.999946290972011,217.90253466666664,217.89083133333335,c
exo,standard,seidel-2d,DOUBLE,4,EXTRALARGE,0.999942327654841,217.90339833333334,217.89083133333335,c
exo,standard,seidel-2d,DOUBLE,5,EXTRALARGE,1.0000674251584682,217.876141,217.89083133333335,c
halide,AllHints,seidel-2d,DOUBLE,1,EXTRALARGE,22.51609946465437,9.677112666666666,217.89083133333335,c
halide,AllHints,seidel-2d,DOUBLE,2,EXTRALARGE,20.583029442464866,10.585945666666666,217.89083133333335,c
halide,ChooseHints,seidel-2d,DOUBLE,1,EXTRALARGE,18.802177922857837,11.588595333333332,217.89083133333335,c
halide,Naive,seidel-2d,DOUBLE,1,EXTRALARGE,19.417008208895286,11.221648,217.89083133333335,c
halide,Naive,seidel-2d,DOUBLE,2,EXTRALARGE,20.795552065129435,10.477761333333333,217.89083133333335,c
halide,Naive,seidel-2d,DOUBLE,5,EXTRALARGE,19.91761293528649,10.939605666666665,217.89083133333335,c
halide,standard,seidel-2d,DOUBLE,1,EXTRALARGE,4.078631652535479,53.42253233333333,217.89083133333335,c
halide,standard,seidel-2d,DOUBLE,3,EXTRALARGE,11.510287058600127,18.930095333333334,217.89083133333335,c
halide,standard,seidel-2d,DOUBLE,5,EXTRALARGE,23.963760884320152,9.092514,217.89083133333335,c
noarr,AllHints,seidel-2d,DOUBLE,1,EXTRALARGE,0.99995613439082,217.90038966666665,217.89083133333335,c
noarr,AllHints,seidel-2d,DOUBLE,2,EXTRALARGE,1.2450960546502876,174.9992143333333,217.89083133333335,c
noarr,AllHints,seidel-2d,DOUBLE,3,EXTRALARGE,1.2660960840210287,172.0966,217.89083133333335,c
noarr,AllHints,seidel-2d,DOUBLE,4,EXTRALARGE,1.3567275142393476,160.60028933333334,217.89083133333335,c
noarr,AllHints,seidel-2d,DOUBLE,5,EXTRALARGE,1.3567422699817442,160.59854266666667,217.89083133333335,c
noarr,ChooseHints,seidel-2d,DOUBLE,1,EXTRALARGE,1.3569295916152813,160.57637233333332,217.89083133333335,c
noarr,ChooseHints,seidel-2d,DOUBLE,2,EXTRALARGE,1.3570085282866131,160.56703166666668,217.89083133333335,c
noarr,ChooseHints,seidel-2d,DOUBLE,3,EXTRALARGE,1.0000378414821431,217.8825863333333,217.89083133333335,c
noarr,ChooseHints,seidel-2d,DOUBLE,4,EXTRALARGE,1.0001181281469647,217.86509533333333,217.89083133333335,c
noarr,ChooseHints,seidel-2d,DOUBLE,5,EXTRALARGE,1.3568864651196342,160.58147599999998,217.89083133333335,c
noarr,FromPlan,seidel-2d,DOUBLE,1,EXTRALARGE,1.1487437105744174,189.67749666666668,217.89083133333335,c
noarr,FromPlan,seidel-2d,DOUBLE,2,EXTRALARGE,1.3567796394902447,160.59411933333334,217.89083133333335,c
noarr,FromPlan,seidel-2d,DOUBLE,3,EXTRALARGE,1.1505209921537574,189.38449,217.89083133333335,c
noarr,FromPlan,seidel-2d,DOUBLE,4,EXTRALARGE,1.1504339108220727,189.39882533333335,217.89083133333335,c
noarr,Naive,seidel-2d,DOUBLE,1,EXTRALARGE,1.0000253436086026,217.88530933333334,217.89083133333335,c
noarr,Naive,seidel-2d,DOUBLE,2,EXTRALARGE,1.244930350119808,175.02250733333335,217.89083133333335,c
noarr,Naive,seidel-2d,DOUBLE,3,EXTRALARGE,1.3569236059636756,160.57708066666666,217.89083133333335,c
noarr,Naive,seidel-2d,DOUBLE,4,EXTRALARGE,0.9959692372030731,218.772652,217.89083133333335,c
noarr,Naive,seidel-2d,DOUBLE,5,EXTRALARGE,1.3569382223136686,160.57535099999998,217.89083133333335,c
noarr,standard,seidel-2d,DOUBLE,1,EXTRALARGE,0.9999080296770506,217.91087266666668,217.89083133333335,c
noarr,standard,seidel-2d,DOUBLE,2,EXTRALARGE,1.0000127909725773,217.88804433333334,217.89083133333335,c
noarr,standard,seidel-2d,DOUBLE,3,EXTRALARGE,1.0000201526996968,217.88644033333333,217.89083133333335,c
noarr,standard,seidel-2d,DOUBLE,4,EXTRALARGE,1.0000007832674709,217.89066066666666,217.89083133333335,c
noarr,standard,seidel-2d,DOUBLE,5,EXTRALARGE,1.0000287751762618,217.88456166666666,217.89083133333335,c
c,AllHints,symm,DOUBLE,1,EXTRALARGE,47.14635205388892,0.34084933333333334,16.069802666666668,c
c,AllHints,symm,DOUBLE,2,EXTRALARGE,2.6314939159670327,6.106722333333333,16.069802666666668,c
c,AllHints,symm,DOUBLE,3,EXTRALARGE,14.269420383884977,1.1261706666666667,16.069802666666668,c
c,AllHints,symm,DOUBLE,4,EXTRALARGE,0.8568869432306052,18.753702333333333,16.069802666666668,c
c,AllHints,symm,DOUBLE,5,EXTRALARGE,30.68852893134368,0.523642,16.069802666666668,c
c,ChooseHints,symm,DOUBLE,1,EXTRALARGE,2.632907222386398,6.103444333333333,16.069802666666668,c
c,ChooseHints,symm,DOUBLE,2,EXTRALARGE,15.175686620898762,1.0589176666666666,16.069802666666668,c
c,ChooseHints,symm,DOUBLE,3,EXTRALARGE,39.30283528477581,0.40887133333333336,16.069802666666668,c
c,ChooseHints,symm,DOUBLE,4,EXTRALARGE,37.286107293425395,0.4309863333333333,16.069802666666668,c
c,ChooseHints,symm,DOUBLE,5,EXTRALARGE,14.062264422821693,1.1427606666666668,16.069802666666668,c
c,FromPlan,symm,DOUBLE,1,EXTRALARGE,1.3270941250520103,12.109015,16.069802666666668,c
c,FromPlan,symm,DOUBLE,2,EXTRALARGE,1.4983833826776114,10.724760333333334,16.069802666666668,c
c,FromPlan,symm,DOUBLE,3,EXTRALARGE,6.0071730589247245,2.6751023333333332,16.069802666666668,c
c,FromPlan,symm,DOUBLE,4,EXTRALARGE,1.494308184312671,10.754008333333333,16.069802666666668,c
c,FromPlan,symm,DOUBLE,5,EXTRALARGE,2.598468981170436,6.184335,16.069802666666668,c
c,Naive,symm,DOUBLE,1,EXTRALARGE,2.6229235341752473,6.126676,16.069802666666668,c
c,Naive,symm,DOUBLE,2,EXTRALARGE,2.638530172326979,6.090437333333334,16.069802666666668,c
c,Naive,symm,DOUBLE,3,EXTRALARGE,2.608410547327651,6.160764333333333,16.069802666666668,c
c,Naive,symm,DOUBLE,4,EXTRALARGE,0.9996198246308148,16.075914333333333,16.069802666666668,c
c,Naive,symm,DOUBLE,5,EXTRALARGE,1.7657566968362903,9.100802333333332,16.069802666666668,c
c,standard,symm,DOUBLE,1,EXTRALARGE,1.0,16.069802666666668,16.069802666666668,c
exo,AllHints,symm,DOUBLE,2,EXTRALARGE,49.11549057003603,0.327184,16.069802666666668,c
exo,AllHints,symm,DOUBLE,5,EXTRALARGE,37.938595538599316,0.42357400000000006,16.069802666666668,c
exo,ChooseHints,symm,DOUBLE,2,EXTRALARGE,1.6914859460211824,9.500405666666666,16.069802666666668,c
exo,ChooseHints,symm,DOUBLE,3,EXTRALARGE,21.448128126222073,0.7492403333333333,16.069802666666668,c
exo,ChooseHints,symm,DOUBLE,4,EXTRALARGE,13.737695976865902,1.1697596666666668,16.069802666666668,c
exo,FromPlan,symm,DOUBLE,1,EXTRALARGE,1.6019310334469432,10.031519666666666,16.069802666666668,c
exo,FromPlan,symm,DOUBLE,4,EXTRALARGE,0.5771554978363705,27.84310766666667,16.069802666666668,c
exo,Naive,symm,DOUBLE,1,EXTRALARGE,0.9858837343525846,16.299896333333333,16.069802666666668,c
exo,Naive,symm,DOUBLE,2,EXTRALARGE,38.45450093086401,0.41789133333333334,16.069802666666668,c
exo,Naive,symm,DOUBLE,4,EXTRALARGE,20.16830470787812,0.796785,16.069802666666668,c
exo,Naive,symm,DOUBLE,5,EXTRALARGE,21.956881820334846,0.73188,16.069802666666668,c
exo,standard,symm,DOUBLE,1,EXTRALARGE,0.9811638846906415,16.37830633333333,16.069802666666668,c
exo,standard,symm,DOUBLE,2,EXTRALARGE,0.9878445880287096,16.26754133333333,16.069802666666668,c
exo,standard,symm,DOUBLE,3,EXTRALARGE,0.9848496155392832,16.31701166666667,16.069802666666668,c
exo,standard,symm,DOUBLE,4,EXTRALARGE,0.9858524046106559,16.300414333333332,16.069802666666668,c
exo,standard,symm,DOUBLE,5,EXTRALARGE,0.9812939385557525,16.376135666666666,16.069802666666668,c
halide,ChooseHints,symm,DOUBLE,3,EXTRALARGE,74.03289674733449,0.217063,16.069802666666668,c
halide,ChooseHints,symm,DOUBLE,4,EXTRALARGE,75.85021090739741,0.21186233333333335,16.069802666666668,c
halide,FromPlan,symm,DOUBLE,2,EXTRALARGE,119.70295623500903,0.13424733333333333,16.069802666666668,c
halide,FromPlan,symm,DOUBLE,3,EXTRALARGE,221.43457931047155,0.07257133333333333,16.069802666666668,c
halide,Naive,symm,DOUBLE,3,EXTRALARGE,84.34440793732439,0.190526,16.069802666666668,c
halide,standard,symm,DOUBLE,1,EXTRALARGE,0.6465233654147058,24.855718333333332,16.069802666666668,c
halide,standard,symm,DOUBLE,2,EXTRALARGE,1.5920001817564116,10.094096,16.069802666666668,c
halide,standard,symm,DOUBLE,3,EXTRALARGE,0.6724310190421803,23.89806866666667,16.069802666666668,c
halide,standard,symm,DOUBLE,4,EXTRALARGE,0.6434835426028644,24.973136999999998,16.069802666666668,c
halide,standard,symm,DOUBLE,5,EXTRALARGE,1.598823919734273,10.051014666666667,16.069802666666668,c
noarr,AllHints,symm,DOUBLE,1,EXTRALARGE,103.6239999656087,0.15507800000000002,16.069802666666668,c
noarr,AllHints,symm,DOUBLE,2,EXTRALARGE,1.0054264916804054,15.983070666666668,16.069802666666668,c
noarr,AllHints,symm,DOUBLE,3,EXTRALARGE,46.25650463098447,0.3474063333333333,16.069802666666668,c
noarr,AllHints,symm,DOUBLE,4,EXTRALARGE,103.45144524795606,0.15533666666666668,16.069802666666668,c
noarr,AllHints,symm,DOUBLE,5,EXTRALARGE,2.375478532254551,6.764869666666667,16.069802666666668,c
noarr,ChooseHints,symm,DOUBLE,1,EXTRALARGE,2.5189227447200593,6.379633000000001,16.069802666666668,c
noarr,ChooseHints,symm,DOUBLE,2,EXTRALARGE,1.7951417602242044,8.951829333333334,16.069802666666668,c
noarr,ChooseHints,symm,DOUBLE,3,EXTRALARGE,1.7959910201581513,8.947596333333333,16.069802666666668,c
noarr,ChooseHints,symm,DOUBLE,5,EXTRALARGE,1.573584194218383,10.212229333333333,16.069802666666668,c
noarr,FromPlan,symm,DOUBLE,1,EXTRALARGE,0.7757882353077487,20.714161333333333,16.069802666666668,c
noarr,FromPlan,symm,DOUBLE,2,EXTRALARGE,2.378674069050485,6.755781666666667,16.069802666666668,c
noarr,FromPlan,symm,DOUBLE,3,EXTRALARGE,2.406949634422249,6.676418333333333,16.069802666666668,c
noarr,FromPlan,symm,DOUBLE,4,EXTRALARGE,2.437297612960981,6.593287,16.069802666666668,c
noarr,FromPlan,symm,DOUBLE,5,EXTRALARGE,1.8930669116859111,8.488766333333333,16.069802666666668,c
noarr,Naive,symm,DOUBLE,2,EXTRALARGE,2.3790337293487,6.7547603333333335,16.069802666666668,c
noarr,Naive,symm,DOUBLE,3,EXTRALARGE,0.9917414141879599,16.203621666666667,16.069802666666668,c
noarr,Naive,symm,DOUBLE,4,EXTRALARGE,2.5043757243480154,6.41669,16.069802666666668,c
noarr,Naive,symm,DOUBLE,5,EXTRALARGE,0.9946780665614302,16.155782666666667,16.069802666666668,c
noarr,standard,symm,DOUBLE,1,EXTRALARGE,0.9910943701386363,16.214200333333334,16.069802666666668,c
noarr,standard,symm,DOUBLE,2,EXTRALARGE,1.0047506260021317,15.993822,16.069802666666668,c
noarr,standard,symm,DOUBLE,3,EXTRALARGE,0.9801699486328525,16.39491466666667,16.069802666666668,c
noarr,standard,symm,DOUBLE,4,EXTRALARGE,1.0016673259689695,16.043053666666665,16.069802666666668,c
noarr,standard,symm,DOUBLE,5,EXTRALARGE,1.0012340813300742,16.049995666666664,16.069802666666668,c
c,AllHints,syr2k,DOUBLE,1,EXTRALARGE,25.322589573278687,0.8587103333333334,21.744769333333334,c
c,AllHints,syr2k,DOUBLE,2,EXTRALARGE,24.822380447207124,0.8760146666666667,21.744769333333334,c
c,AllHints,syr2k,DOUBLE,3,EXTRALARGE,24.53692407107753,0.886206,21.744769333333334,c
c,AllHints,syr2k,DOUBLE,4,EXTRALARGE,24.48057107302857,0.888246,21.744769333333334,c
c,AllHints,syr2k,DOUBLE,5,EXTRALARGE,27.34920485855488,0.7950786666666666,21.744769333333334,c
c,ChooseHints,syr2k,DOUBLE,2,EXTRALARGE,23.926121836545096,0.9088296666666666,21.744769333333334,c
c,ChooseHints,syr2k,DOUBLE,3,EXTRALARGE,24.102597942898015,0.9021753333333334,21.744769333333334,c
c,ChooseHints,syr2k,DOUBLE,4,EXTRALARGE,24.100060181519876,0.9022703333333334,21.744769333333334,c
c,ChooseHints,syr2k,DOUBLE,5,EXTRALARGE,24.23980475667786,0.8970686666666667,21.744769333333334,c
c,FromPlan,syr2k,DOUBLE,2,EXTRALARGE,1.9708322196585673,11.033293,21.744769333333334,c
c,FromPlan,syr2k,DOUBLE,3,EXTRALARGE,2.0209834429403575,10.759499,21.744769333333334,c
c,FromPlan,syr2k,DOUBLE,4,EXTRALARGE,24.395512539318013,0.891343,21.744769333333334,c
c,FromPlan,syr2k,DOUBLE,5,EXTRALARGE,1.9728871888507513,11.021800666666666,21.744769333333334,c
c,Naive,syr2k,DOUBLE,1,EXTRALARGE,2.0023136659856138,10.859821666666667,21.744769333333334,c
c,Naive,syr2k,DOUBLE,2,EXTRALARGE,1.9910721739042587,10.921135666666666,21.744769333333334,c
c,Naive,syr2k,DOUBLE,3,EXTRALARGE,1.8066278674896197,12.036108666666669,21.744769333333334,c
c,Naive,syr2k,DOUBLE,4,EXTRALARGE,1.9999714878023436,10.872539666666668,21.744769333333334,c
c,Naive,syr2k,DOUBLE,5,EXTRALARGE,1.8060938171521512,12.039667666666666,21.744769333333334,c
c,standard,syr2k,DOUBLE,1,EXTRALARGE,1.0,21.744769333333334,21.744769333333334,c
exo,AllHints,syr2k,DOUBLE,1,EXTRALARGE,17.21068812614815,1.2634456666666667,21.744769333333334,c
exo,AllHints,syr2k,DOUBLE,2,EXTRALARGE,16.57993667863505,1.311511,21.744769333333334,c
exo,AllHints,syr2k,DOUBLE,3,EXTRALARGE,19.34284568049674,1.1241763333333334,21.744769333333334,c
exo,AllHints,syr2k,DOUBLE,4,EXTRALARGE,24.393505615969193,0.8914163333333334,21.744769333333334,c
exo,AllHints,syr2k,DOUBLE,5,EXTRALARGE,23.02163354224242,0.9445363333333333,21.744769333333334,c
exo,ChooseHints,syr2k,DOUBLE,2,EXTRALARGE,23.943105571368537,0.908185,21.744769333333334,c
exo,ChooseHints,syr2k,DOUBLE,3,EXTRALARGE,16.861551584203973,1.2896066666666666,21.744769333333334,c
exo,ChooseHints,syr2k,DOUBLE,4,EXTRALARGE,16.69576002280895,1.3024126666666667,21.744769333333334,c
exo,ChooseHints,syr2k,DOUBLE,5,EXTRALARGE,23.8722831198278,0.9108793333333334,21.744769333333334,c
exo,FromPlan,syr2k,DOUBLE,1,EXTRALARGE,1.0928849661326878,19.896668000000002,21.744769333333334,c
exo,FromPlan,syr2k,DOUBLE,2,EXTRALARGE,1.018259847497444,21.354833333333335,21.744769333333334,c
exo,FromPlan,syr2k,DOUBLE,3,EXTRALARGE,2.1441501451519756,10.141439666666665,21.744769333333334,c
exo,FromPlan,syr2k,DOUBLE,5,EXTRALARGE,27.952101925238317,0.7779296666666666,21.744769333333334,c
exo,Naive,syr2k,DOUBLE,1,EXTRALARGE,0.8974776352900837,24.228759,21.744769333333334,c
exo,Naive,syr2k,DOUBLE,2,EXTRALARGE,24.017850752335352,0.9053586666666668,21.744769333333334,c
exo,Naive,syr2k,DOUBLE,3,EXTRALARGE,24.736397491410333,0.8790596666666666,21.744769333333334,c
exo,Naive,syr2k,DOUBLE,4,EXTRALARGE,1.5854218483242533,13.715447,21.744769333333334,c
exo,Naive,syr2k,DOUBLE,5,EXTRALARGE,17.700144674135892,1.228508,21.744769333333334,c
exo,standard,syr2k,DOUBLE,1,EXTRALARGE,0.908405631152543,23.937290333333333,21.744769333333334,c
exo,standard,syr2k,DOUBLE,2,EXTRALARGE,0.9072844735630967,23.966870333333333,21.744769333333334,c
exo,standard,syr2k,DOUBLE,3,EXTRALARGE,0.9124615638885691,23.830887999999998,21.744769333333334,c
exo,standard,syr2k,DOUBLE,4,EXTRALARGE,0.9109552881058098,23.870292666666668,21.744769333333334,c
exo,standard,syr2k,DOUBLE,5,EXTRALARGE,0.9041486887217068,24.049992666666668,21.744769333333334,c
halide,ChooseHints,syr2k,DOUBLE,1,EXTRALARGE,33.87985624214473,0.6418200000000001,21.744769333333334,c
halide,FromPlan,syr2k,DOUBLE,1,EXTRALARGE,34.010903833651106,0.639347,21.744769333333334,c
halide,FromPlan,syr2k,DOUBLE,2,EXTRALARGE,51.93839142543675,0.4186646666666667,21.744769333333334,c
halide,Naive,syr2k,DOUBLE,2,EXTRALARGE,34.21865551543331,0.6354653333333333,21.744769333333334,c
halide,Naive,syr2k,DOUBLE,4,EXTRALARGE,32.81349353858815,0.6626776666666666,21.744769333333334,c
halide,standard,syr2k,DOUBLE,2,EXTRALARGE,0.9708080785006403,22.398628333333335,21.744769333333334,c
halide,standard,syr2k,DOUBLE,3,EXTRALARGE,0.9616314064498285,22.61237433333333,21.744769333333334,c
halide,standard,syr2k,DOUBLE,4,EXTRALARGE,0.9818814128140263,22.146024,21.744769333333334,c
halide,standard,syr2k,DOUBLE,5,EXTRALARGE,0.9763184258721456,22.272210333333334,21.744769333333334,c
noarr,AllHints,syr2k,DOUBLE,1,EXTRALARGE,0.9752000418338123,22.297752666666668,21.744769333333334,c
noarr,AllHints,syr2k,DOUBLE,2,EXTRALARGE,0.9728673536359712,22.351217000000002,21.744769333333334,c
noarr,AllHints,syr2k,DOUBLE,3,EXTRALARGE,0.9657803807366203,22.515231999999997,21.744769333333334,c
noarr,AllHints,syr2k,DOUBLE,4,EXTRALARGE,1.2474262751968774,17.431707,21.744769333333334,c
noarr,AllHints,syr2k,DOUBLE,5,EXTRALARGE,1.2506572898295916,17.386673,21.744769333333334,c
noarr,ChooseHints,syr2k,DOUBLE,1,EXTRALARGE,0.9774679522041194,22.24601766666667,21.744769333333334,c
noarr,ChooseHints,syr2k,DOUBLE,2,EXTRALARGE,0.7966670229428858,27.294677333333336,21.744769333333334,c
noarr,ChooseHints,syr2k,DOUBLE,3,EXTRALARGE,0.9867680764714571,22.03635266666667,21.744769333333334,c
noarr,ChooseHints,syr2k,DOUBLE,4,EXTRALARGE,0.9342278701253242,23.275659,21.744769333333334,c
noarr,ChooseHints,syr2k,DOUBLE,5,EXTRALARGE,0.9794537447367974,22.200915,21.744769333333334,c
noarr,FromPlan,syr2k,DOUBLE,1,EXTRALARGE,0.7554359249092316,28.78439933333333,21.744769333333334,c
noarr,FromPlan,syr2k,DOUBLE,2,EXTRALARGE,2.508657546518815,8.667890666666667,21.744769333333334,c
noarr,FromPlan,syr2k,DOUBLE,4,EXTRALARGE,1.7421120224496758,12.481843333333332,21.744769333333334,c
noarr,FromPlan,syr2k,DOUBLE,5,EXTRALARGE,1.8714012544875667,11.619512,21.744769333333334,c
noarr,Naive,syr2k,DOUBLE,1,EXTRALARGE,0.7968413696333169,27.288705333333336,21.744769333333334,c
noarr,Naive,syr2k,DOUBLE,2,EXTRALARGE,2.534071966076522,8.580959666666667,21.744769333333334,c
noarr,Naive,syr2k,DOUBLE,3,EXTRALARGE,0.7963458550072894,27.305685333333333,21.744769333333334,c
noarr,Naive,syr2k,DOUBLE,4,EXTRALARGE,1.246606227360533,17.443174,21.744769333333334,c
noarr,Naive,syr2k,DOUBLE,5,EXTRALARGE,1.2448200975918013,17.468202333333334,21.744769333333334,c
noarr,standard,syr2k,DOUBLE,1,EXTRALARGE,0.9289279887839957,23.408455333333336,21.744769333333334,c
noarr,standard,syr2k,DOUBLE,2,EXTRALARGE,0.9388195188225128,23.161820666666667,21.744769333333334,c
noarr,standard,syr2k,DOUBLE,3,EXTRALARGE,0.9260365544368773,23.481545333333333,21.744769333333334,c
noarr,standard,syr2k,DOUBLE,5,EXTRALARGE,0.9374203791359954,23.19639066666667,21.744769333333334,c
c,AllHints,syrk,DOUBLE,1,EXTRALARGE,18.423255414431207,0.430747,7.9357619999999995,c
c,AllHints,syrk,DOUBLE,2,EXTRALARGE,21.58441501924323,0.3676616666666667,7.9357619999999995,c
c,AllHints,syrk,DOUBLE,3,EXTRALARGE,22.567174620267078,0.3516506666666667,7.9357619999999995,c
c,AllHints,syrk,DOUBLE,4,EXTRALARGE,21.60866877785916,0.367249,7.9357619999999995,c
c,AllHints,syrk,DOUBLE,5,EXTRALARGE,19.177045818307185,0.41381566666666664,7.9357619999999995,c
c,ChooseHints,syrk,DOUBLE,1,EXTRALARGE,46.90490085013741,0.16918833333333336,7.9357619999999995,c
c,ChooseHints,syrk,DOUBLE,2,EXTRALARGE,21.681383031040422,0.36601733333333336,7.9357619999999995,c
c,ChooseHints,syrk,DOUBLE,3,EXTRALARGE,21.838441322564222,0.363385,7.9357619999999995,c
c,ChooseHints,syrk,DOUBLE,4,EXTRALARGE,19.94651780058916,0.39785200000000004,7.9357619999999995,c
c,ChooseHints,syrk,DOUBLE,5,EXTRALARGE,21.487786848625156,0.369315,7.9357619999999995,c
c,FromPlan,syrk,DOUBLE,1,EXTRALARGE,3.3387764913242215,2.3768473333333335,7.9357619999999995,c
c,FromPlan,syrk,DOUBLE,2,EXTRALARGE,3.26467850084122,2.4307943333333335,7.9357619999999995,c
c,FromPlan,syrk,DOUBLE,3,EXTRALARGE,3.9801524734343436,1.9938336666666665,7.9357619999999995,c
c,FromPlan,syrk,DOUBLE,4,EXTRALARGE,0.825809900199504,9.609671666666666,7.9357619999999995,c
c,FromPlan,syrk,DOUBLE,5,EXTRALARGE,0.8009761516732588,9.907613333333332,7.9357619999999995,c
c,Naive,syrk,DOUBLE,1,EXTRALARGE,21.787039214735245,0.36424233333333333,7.9357619999999995,c
c,Naive,syrk,DOUBLE,2,EXTRALARGE,0.7814487663534989,10.155191666666667,7.9357619999999995,c
c,Naive,syrk,DOUBLE,3,EXTRALARGE,0.8018234081191029,9.897144333333333,7.9357619999999995,c
c,Naive,syrk,DOUBLE,4,EXTRALARGE,0.6699997489677,11.844425333333334,7.9357619999999995,c
c,Naive,syrk,DOUBLE,5,EXTRALARGE,1.003619808747529,7.907139666666667,7.9357619999999995,c
c,standard,syrk,DOUBLE,1,EXTRALARGE,1.0,7.9357619999999995,7.9357619999999995,c
exo,AllHints,syrk,DOUBLE,1,EXTRALARGE,18.162533920358012,0.43693033333333336,7.9357619999999995,c
exo,AllHints,syrk,DOUBLE,2,EXTRALARGE,17.411374338954218,0.4557803333333333,7.9357619999999995,c
exo,AllHints,syrk,DOUBLE,3,EXTRALARGE,18.499070278838644,0.42898166666666665,7.9357619999999995,c
exo,AllHints,syrk,DOUBLE,4,EXTRALARGE,16.317335358439717,0.4863393333333333,7.9357619999999995,c
exo,ChooseHints,syrk,DOUBLE,1,EXTRALARGE,10.697788302537925,0.7418133333333333,7.9357619999999995,c
exo,ChooseHints,syrk,DOUBLE,2,EXTRALARGE,9.941287520528947,0.7982630000000001,7.9357619999999995,c
exo,ChooseHints,syrk,DOUBLE,4,EXTRALARGE,18.155096207813756,0.43710933333333335,7.9357619999999995,c
exo,ChooseHints,syrk,DOUBLE,5,EXTRALARGE,19.56257821609376,0.40566033333333334,7.9357619999999995,c
exo,FromPlan,syrk,DOUBLE,2,EXTRALARGE,2.2366755135498235,3.548016666666667,7.9357619999999995,c
exo,Naive,syrk,DOUBLE,1,EXTRALARGE,14.018725169277296,0.566083,7.9357619999999995,c
exo,Naive,syrk,DOUBLE,2,EXTRALARGE,21.489357899525572,0.369288,7.9357619999999995,c
exo,Naive,syrk,DOUBLE,4,EXTRALARGE,19.052840245210234,0.41651333333333335,7.9357619999999995,c
exo,Naive,syrk,DOUBLE,5,EXTRALARGE,0.9367877525808276,8.471248666666668,7.9357619999999995,c
exo,standard,syrk,DOUBLE,1,EXTRALARGE,0.9500509538365861,8.352985666666667,7.9357619999999995,c
exo,standard,syrk,DOUBLE,2,EXTRALARGE,0.9496667510334935,8.356365,7.9357619999999995,c
exo,standard,syrk,DOUBLE,3,EXTRALARGE,0.9464456239590544,8.384805,7.9357619999999995,c
exo,standard,syrk,DOUBLE,4,EXTRALARGE,0.9464500637803552,8.384765666666667,7.9357619999999995,c
exo,standard,syrk,DOUBLE,5,EXTRALARGE,0.9487258247582944,8.364652666666666,7.9357619999999995,c
halide,AllHints,syrk,DOUBLE,2,EXTRALARGE,34.18087347040741,0.2321696666666667,7.9357619999999995,c
halide,AllHints,syrk,DOUBLE,3,EXTRALARGE,34.21703055450556,0.23192433333333332,7.9357619999999995,c
halide,AllHints,syrk,DOUBLE,4,EXTRALARGE,19.907222270534955,0.3986373333333333,7.9357619999999995,c
halide,ChooseHints,syrk,DOUBLE,1,EXTRALARGE,32.672605405524095,0.24288733333333334,7.9357619999999995,c
halide,ChooseHints,syrk,DOUBLE,3,EXTRALARGE,34.234990106527384,0.23180266666666668,7.9357619999999995,c
halide,ChooseHints,syrk,DOUBLE,4,EXTRALARGE,68.16981688547826,0.11641166666666668,7.9357619999999995,c
halide,FromPlan,syrk,DOUBLE,3,EXTRALARGE,29.047338772552077,0.27320099999999997,7.9357619999999995,c
halide,FromPlan,syrk,DOUBLE,5,EXTRALARGE,40.498086285556816,0.195954,7.9357619999999995,c
halide,Naive,syrk,DOUBLE,1,EXTRALARGE,33.42325743334592,0.23743233333333333,7.9357619999999995,c
halide,Naive,syrk,DOUBLE,2,EXTRALARGE,67.44330971651317,0.11766566666666667,7.9357619999999995,c
halide,Naive,syrk,DOUBLE,5,EXTRALARGE,33.58071928198748,0.23631900000000003,7.9357619999999995,c
halide,standard,syrk,DOUBLE,1,EXTRALARGE,0.852346942246106,9.310483333333334,7.9357619999999995,c
halide,standard,syrk,DOUBLE,2,EXTRALARGE,0.8463325060298733,9.376648,7.9357619999999995,c
halide,standard,syrk,DOUBLE,3,EXTRALARGE,0.8455142822257041,9.385722,7.9357619999999995,c
halide,standard,syrk,DOUBLE,4,EXTRALARGE,0.8499830590953735,9.336376666666666,7.9357619999999995,c
halide,standard,syrk,DOUBLE,5,EXTRALARGE,0.6897191622001705,11.505787333333332,7.9357619999999995,c
noarr,AllHints,syrk,DOUBLE,1,EXTRALARGE,1.0067985893740063,7.882174333333334,7.9357619999999995,c
noarr,AllHints,syrk,DOUBLE,2,EXTRALARGE,0.6114377263922626,12.978855666666666,7.9357619999999995,c
noarr,AllHints,syrk,DOUBLE,3,EXTRALARGE,1.0172722262893537,7.8010209999999995,7.9357619999999995,c
noarr,AllHints,syrk,DOUBLE,4,EXTRALARGE,0.7997499228460717,9.922804333333334,7.9357619999999995,c
noarr,AllHints,syrk,DOUBLE,5,EXTRALARGE,1.0212498666454242,7.770637,7.9357619999999995,c
noarr,ChooseHints,syrk,DOUBLE,1,EXTRALARGE,1.0085045988561974,7.868840666666666,7.9357619999999995,c
noarr,ChooseHints,syrk,DOUBLE,2,EXTRALARGE,1.0021567136726555,7.9186836666666665,7.9357619999999995,c
noarr,ChooseHints,syrk,DOUBLE,3,EXTRALARGE,0.9824123601481191,8.077831999999999,7.9357619999999995,c
noarr,ChooseHints,syrk,DOUBLE,4,EXTRALARGE,0.5917413956871028,13.410861666666667,7.9357619999999995,c
noarr,FromPlan,syrk,DOUBLE,1,EXTRALARGE,0.8002064707547324,9.917143000000001,7.9357619999999995,c
noarr,FromPlan,syrk,DOUBLE,2,EXTRALARGE,0.7978253647040561,9.946740666666667,7.9357619999999995,c
noarr,FromPlan,syrk,DOUBLE,3,EXTRALARGE,0.7984406731867009,9.939075333333333,7.9357619999999995,c
noarr,FromPlan,syrk,DOUBLE,5,EXTRALARGE,1.000550849012273,7.931393,7.9357619999999995,c
noarr,Naive,syrk,DOUBLE,1,EXTRALARGE,1.0141603747973418,7.824957666666666,7.9357619999999995,c
noarr,Naive,syrk,DOUBLE,2,EXTRALARGE,0.8041740071532693,9.868215000000001,7.9357619999999995,c
noarr,Naive,syrk,DOUBLE,3,EXTRALARGE,0.5991617674805616,13.244773666666667,7.9357619999999995,c
noarr,Naive,syrk,DOUBLE,4,EXTRALARGE,0.975539962073763,8.134738,7.9357619999999995,c
noarr,Naive,syrk,DOUBLE,5,EXTRALARGE,0.9804071645006849,8.094353333333332,7.9357619999999995,c
noarr,standard,syrk,DOUBLE,1,EXTRALARGE,0.9946364143518539,7.978555666666668,7.9357619999999995,c
noarr,standard,syrk,DOUBLE,2,EXTRALARGE,1.0158357447426214,7.812052333333334,7.9357619999999995,c
noarr,standard,syrk,DOUBLE,4,EXTRALARGE,0.991751073012864,8.001768,7.9357619999999995,c
noarr,standard,syrk,DOUBLE,5,EXTRALARGE,0.9942372351758553,7.981759,7.9357619999999995,c
c,AllHints,trisolv,DOUBLE,3,EXTRALARGE,1.012412623355263,0.012970666666666667,0.013131666666666666,c
c,AllHints,trisolv,DOUBLE,4,EXTRALARGE,1.025510868150462,0.012804999999999999,0.013131666666666666,c
c,AllHints,trisolv,DOUBLE,5,EXTRALARGE,1.0131937657527905,0.012960666666666667,0.013131666666666666,c
c,ChooseHints,trisolv,DOUBLE,1,EXTRALARGE,1.0208074212271974,0.012864,0.013131666666666666,c
c,ChooseHints,trisolv,DOUBLE,3,EXTRALARGE,1.0215750849259653,0.012854333333333334,0.013131666666666666,c
c,FromPlan,trisolv,DOUBLE,1,EXTRALARGE,1.0120485022863894,0.012975333333333334,0.013131666666666666,c
c,FromPlan,trisolv,DOUBLE,2,EXTRALARGE,2.317489264074357,0.005666333333333333,0.013131666666666666,c
c,FromPlan,trisolv,DOUBLE,3,EXTRALARGE,2.2442178420872736,0.005851333333333333,0.013131666666666666,c
c,FromPlan,trisolv,DOUBLE,4,EXTRALARGE,2.2845627464625378,0.005748,0.013131666666666666,c
c,FromPlan,trisolv,DOUBLE,5,EXTRALARGE,1.0063093900071522,0.013049333333333335,0.013131666666666666,c
c,Naive,trisolv,DOUBLE,1,EXTRALARGE,1.0173277553971696,0.012908000000000001,0.013131666666666666,c
c,Naive,trisolv,DOUBLE,2,EXTRALARGE,1.017853451839603,0.012901333333333334,0.013131666666666666,c
c,Naive,trisolv,DOUBLE,3,EXTRALARGE,1.0220786633457866,0.012848,0.013131666666666666,c
c,Naive,trisolv,DOUBLE,4,EXTRALARGE,1.0170913691167738,0.012910999999999999,0.013131666666666666,c
c,standard,trisolv,DOUBLE,1,EXTRALARGE,1.0,0.013131666666666666,0.013131666666666666,c
exo,AllHints,trisolv,DOUBLE,1,EXTRALARGE,1.0051539815783432,0.013064333333333332,0.013131666666666666,c
exo,AllHints,trisolv,DOUBLE,2,EXTRALARGE,1.0101800092312425,0.012999333333333333,0.013131666666666666,c
exo,AllHints,trisolv,DOUBLE,3,EXTRALARGE,1.0045388479485937,0.013072333333333333,0.013131666666666666,c
exo,AllHints,trisolv,DOUBLE,4,EXTRALARGE,1.0040524008563563,0.013078666666666667,0.013131666666666666,c
exo,AllHints,trisolv,DOUBLE,5,EXTRALARGE,1.025510868150462,0.012804999999999999,0.013131666666666666,c
exo,ChooseHints,trisolv,DOUBLE,1,EXTRALARGE,1.0072613842652962,0.013037,0.013131666666666666,c
exo,ChooseHints,trisolv,DOUBLE,2,EXTRALARGE,1.012542730099982,0.012969,0.013131666666666666,c
exo,ChooseHints,trisolv,DOUBLE,3,EXTRALARGE,1.0171438899073093,0.012910333333333334,0.013131666666666666,c
exo,ChooseHints,trisolv,DOUBLE,5,EXTRALARGE,1.0423336420161395,0.012598333333333335,0.013131666666666666,c
exo,FromPlan,trisolv,DOUBLE,3,EXTRALARGE,1.0130113913960246,0.012963,0.013131666666666666,c
exo,FromPlan,trisolv,DOUBLE,4,EXTRALARGE,1.016120711890637,0.012923333333333334,0.013131666666666666,c
exo,FromPlan,trisolv,DOUBLE,5,EXTRALARGE,1.005846908032477,0.013055333333333334,0.013131666666666666,c
exo,Naive,trisolv,DOUBLE,1,EXTRALARGE,1.0083958328000615,0.013022333333333332,0.013131666666666666,c
exo,Naive,trisolv,DOUBLE,3,EXTRALARGE,1.0062836854070345,0.013049666666666668,0.013131666666666666,c
exo,Naive,trisolv,DOUBLE,4,EXTRALARGE,1.0204636705090013,0.012868333333333334,0.013131666666666666,c
exo,Naive,trisolv,DOUBLE,5,EXTRALARGE,1.0279191128506198,0.012775,0.013131666666666666,c
exo,standard,trisolv,DOUBLE,1,EXTRALARGE,1.0,0.013131666666666666,0.013131666666666666,c
exo,standard,trisolv,DOUBLE,2,EXTRALARGE,0.991792754462375,0.013240333333333333,0.013131666666666666,c
exo,standard,trisolv,DOUBLE,3,EXTRALARGE,0.9977711926651976,0.013161,0.013131666666666666,c
exo,standard,trisolv,DOUBLE,4,EXTRALARGE,0.995904643931542,0.013185666666666665,0.013131666666666666,c
exo,standard,trisolv,DOUBLE,5,EXTRALARGE,1.0020858240276753,0.013104333333333334,0.013131666666666666,c
halide,ChooseHints,trisolv,DOUBLE,4,EXTRALARGE,0.8567482928102301,0.015327333333333332,0.013131666666666666,c
halide,FromPlan,trisolv,DOUBLE,4,EXTRALARGE,0.9291054456262823,0.014133666666666668,0.013131666666666666,c
halide,Naive,trisolv,DOUBLE,5,EXTRALARGE,0.7213351887794339,0.018204666666666664,0.013131666666666666,c
halide,standard,trisolv,DOUBLE,2,EXTRALARGE,0.6862881730919986,0.019134333333333333,0.013131666666666666,c
halide,standard,trisolv,DOUBLE,3,EXTRALARGE,0.6849755707405282,0.019171,0.013131666666666666,c
noarr,AllHints,trisolv,DOUBLE,1,EXTRALARGE,1.0507294695009737,0.012497666666666666,0.013131666666666666,c
noarr,AllHints,trisolv,DOUBLE,2,EXTRALARGE,1.0531451332638277,0.012469,0.013131666666666666,c
noarr,AllHints,trisolv,DOUBLE,3,EXTRALARGE,1.054441797596424,0.012453666666666667,0.013131666666666666,c
noarr,AllHints,trisolv,DOUBLE,4,EXTRALARGE,1.0446000053032112,0.012570999999999999,0.013131666666666666,c
noarr,AllHints,trisolv,DOUBLE,5,EXTRALARGE,1.0535394325141068,0.012464333333333334,0.013131666666666666,c
noarr,ChooseHints,trisolv,DOUBLE,1,EXTRALARGE,1.039473337027362,0.012633,0.013131666666666666,c
noarr,ChooseHints,trisolv,DOUBLE,2,EXTRALARGE,1.04429540875835,0.012574666666666666,0.013131666666666666,c
noarr,ChooseHints,trisolv,DOUBLE,3,EXTRALARGE,1.0393087983115683,0.012635,0.013131666666666666,c
noarr,ChooseHints,trisolv,DOUBLE,4,EXTRALARGE,1.0403242843561846,0.012622666666666666,0.013131666666666666,c
noarr,ChooseHints,trisolv,DOUBLE,5,EXTRALARGE,1.0446000053032112,0.012570999999999999,0.013131666666666666,c
noarr,FromPlan,trisolv,DOUBLE,1,EXTRALARGE,1.0401594761577861,0.012624666666666668,0.013131666666666666,c
noarr,FromPlan,trisolv,DOUBLE,2,EXTRALARGE,1.0342338085111968,0.012697,0.013131666666666666,c
noarr,FromPlan,trisolv,DOUBLE,3,EXTRALARGE,1.0382132033205957,0.012648333333333333,0.013131666666666666,c
noarr,FromPlan,trisolv,DOUBLE,4,EXTRALARGE,1.0348586739518757,0.012689333333333332,0.013131666666666666,c
noarr,FromPlan,trisolv,DOUBLE,5,EXTRALARGE,1.034206657565893,0.012697333333333333,0.013131666666666666,c
noarr,Naive,trisolv,DOUBLE,1,EXTRALARGE,1.0489389461352077,0.012519,0.013131666666666666,c
noarr,Naive,trisolv,DOUBLE,2,EXTRALARGE,1.0452374635181745,0.012563333333333334,0.013131666666666666,c
noarr,Naive,trisolv,DOUBLE,3,EXTRALARGE,1.0427198856568114,0.012593666666666668,0.013131666666666666,c
noarr,Naive,trisolv,DOUBLE,4,EXTRALARGE,1.0432169054365381,0.012587666666666669,0.013131666666666666,c
noarr,Naive,trisolv,DOUBLE,5,EXTRALARGE,1.04429540875835,0.012574666666666666,0.013131666666666666,c
noarr,standard,trisolv,DOUBLE,2,EXTRALARGE,1.0303925927863362,0.012744333333333335,0.013131666666666666,c
noarr,standard,trisolv,DOUBLE,4,EXTRALARGE,1.0330676037132218,0.012711333333333333,0.013131666666666666,c
noarr,standard,trisolv,DOUBLE,5,EXTRALARGE,1.0513463745296363,0.012490333333333332,0.013131666666666666,c
c,AllHints,trmm,DOUBLE,1,EXTRALARGE,25.68888473662848,0.37284466666666666,9.577963666666667,c
c,AllHints,trmm,DOUBLE,2,EXTRALARGE,3.0036345014317862,3.188791333333333,9.577963666666667,c
c,AllHints,trmm,DOUBLE,3,EXTRALARGE,3.220344147988006,2.974205,9.577963666666667,c
c,AllHints,trmm,DOUBLE,4,EXTRALARGE,3.4069275879895096,2.81132,9.577963666666667,c
c,AllHints,trmm,DOUBLE,5,EXTRALARGE,44.224560469243244,0.21657566666666664,9.577963666666667,c
c,ChooseHints,trmm,DOUBLE,1,EXTRALARGE,3.4568080814594255,2.7707536666666663,9.577963666666667,c
c,ChooseHints,trmm,DOUBLE,2,EXTRALARGE,3.449525379330381,2.7766033333333335,9.577963666666667,c
c,ChooseHints,trmm,DOUBLE,3,EXTRALARGE,3.451775922263991,2.7747930000000003,9.577963666666667,c
c,ChooseHints,trmm,DOUBLE,4,EXTRALARGE,83.64011096168737,0.114514,9.577963666666667,c
c,ChooseHints,trmm,DOUBLE,5,EXTRALARGE,3.7936245372153947,2.5247526666666666,9.577963666666667,c
c,FromPlan,trmm,DOUBLE,1,EXTRALARGE,7.150861247281773,1.3394139999999999,9.577963666666667,c
c,FromPlan,trmm,DOUBLE,2,EXTRALARGE,5.3226325180107725,1.7994786666666667,9.577963666666667,c
c,FromPlan,trmm,DOUBLE,3,EXTRALARGE,3.722080854980786,2.5732820000000003,9.577963666666667,c
c,FromPlan,trmm,DOUBLE,4,EXTRALARGE,46.672748625021526,0.20521533333333333,9.577963666666667,c
c,FromPlan,trmm,DOUBLE,5,EXTRALARGE,26.902629041167714,0.35602333333333336,9.577963666666667,c
c,Naive,trmm,DOUBLE,1,EXTRALARGE,3.451467029199806,2.775041333333333,9.577963666666667,c
c,Naive,trmm,DOUBLE,2,EXTRALARGE,3.4120023283495318,2.807138666666667,9.577963666666667,c
c,Naive,trmm,DOUBLE,3,EXTRALARGE,3.4475093887816466,2.778227,9.577963666666667,c
c,Naive,trmm,DOUBLE,4,EXTRALARGE,3.67237812627487,2.6081093333333336,9.577963666666667,c
c,Naive,trmm,DOUBLE,5,EXTRALARGE,3.463243545866697,2.7656050000000003,9.577963666666667,c
c,standard,trmm,DOUBLE,1,EXTRALARGE,1.0,9.577963666666667,9.577963666666667,c
exo,AllHints,trmm,DOUBLE,1,EXTRALARGE,31.29204714625336,0.306083,9.577963666666667,c
exo,AllHints,trmm,DOUBLE,2,EXTRALARGE,20.612961379425126,0.4646573333333333,9.577963666666667,c
exo,AllHints,trmm,DOUBLE,3,EXTRALARGE,3.146231559316556,3.044265333333333,9.577963666666667,c
exo,AllHints,trmm,DOUBLE,4,EXTRALARGE,0.19748971027557144,48.49854533333333,9.577963666666667,c
exo,ChooseHints,trmm,DOUBLE,2,EXTRALARGE,2.141585866224982,4.472369666666666,9.577963666666667,c
exo,ChooseHints,trmm,DOUBLE,4,EXTRALARGE,3.3502085347743153,2.8589156666666664,9.577963666666667,c
exo,FromPlan,trmm,DOUBLE,1,EXTRALARGE,3.293533284366856,2.9081120000000005,9.577963666666667,c
exo,FromPlan,trmm,DOUBLE,4,EXTRALARGE,3.262317355403428,2.935938666666667,9.577963666666667,c
exo,Naive,trmm,DOUBLE,2,EXTRALARGE,3.4367328499993306,2.7869386666666665,9.577963666666667,c
exo,Naive,trmm,DOUBLE,3,EXTRALARGE,2.03847036814486,4.698603333333334,9.577963666666667,c
exo,Naive,trmm,DOUBLE,4,EXTRALARGE,0.19920871259324696,48.080043999999994,9.577963666666667,c
exo,Naive,trmm,DOUBLE,5,EXTRALARGE,31.44243683639782,0.304619,9.577963666666667,c
exo,standard,trmm,DOUBLE,1,EXTRALARGE,0.9940457010906315,9.635335333333334,9.577963666666667,c
exo,standard,trmm,DOUBLE,2,EXTRALARGE,0.9918584727813832,9.656583,9.577963666666667,c
exo,standard,trmm,DOUBLE,3,EXTRALARGE,0.9929337433125568,9.646125666666668,9.577963666666667,c
exo,standard,trmm,DOUBLE,4,EXTRALARGE,0.9998833569385901,9.579081,9.577963666666667,c
exo,standard,trmm,DOUBLE,5,EXTRALARGE,0.99146701617156,9.660395666666666,9.577963666666667,c
halide,AllHints,trmm,DOUBLE,2,EXTRALARGE,66.75438502748338,0.14348066666666667,9.577963666666667,c
halide,AllHints,trmm,DOUBLE,4,EXTRALARGE,52.75303247553182,0.18156233333333335,9.577963666666667,c
halide,standard,trmm,DOUBLE,1,EXTRALARGE,0.8631138944892579,11.096987,9.577963666666667,c
halide,standard,trmm,DOUBLE,4,EXTRALARGE,0.8790253519349843,10.896117666666667,9.577963666666667,c
halide,standard,trmm,DOUBLE,5,EXTRALARGE,2.061047742694421,4.647133333333334,9.577963666666667,c
noarr,AllHints,trmm,DOUBLE,1,EXTRALARGE,53.55055863579183,0.17885833333333334,9.577963666666667,c
noarr,AllHints,trmm,DOUBLE,3,EXTRALARGE,3.308960090800402,2.894554,9.577963666666667,c
noarr,AllHints,trmm,DOUBLE,4,EXTRALARGE,2.846484695950812,3.3648393333333337,9.577963666666667,c
noarr,AllHints,trmm,DOUBLE,5,EXTRALARGE,3.236309493908836,2.9595326666666666,9.577963666666667,c
noarr,ChooseHints,trmm,DOUBLE,1,EXTRALARGE,3.2782462878859704,2.921673,9.577963666666667,c
noarr,ChooseHints,trmm,DOUBLE,2,EXTRALARGE,1.2799168331528492,7.4832703333333335,9.577963666666667,c
noarr,ChooseHints,trmm,DOUBLE,3,EXTRALARGE,1.2853033587321943,7.451909000000001,9.577963666666667,c
noarr,ChooseHints,trmm,DOUBLE,4,EXTRALARGE,3.2730232784896147,2.9263353333333337,9.577963666666667,c
noarr,ChooseHints,trmm,DOUBLE,5,EXTRALARGE,3.3108538783768764,2.892898333333333,9.577963666666667,c
noarr,FromPlan,trmm,DOUBLE,2,EXTRALARGE,3.9740773934246434,2.41011,9.577963666666667,c
noarr,FromPlan,trmm,DOUBLE,3,EXTRALARGE,3.264333145467412,2.9341256666666666,9.577963666666667,c
noarr,FromPlan,trmm,DOUBLE,4,EXTRALARGE,3.2381929025448324,2.9578113333333333,9.577963666666667,c
noarr,FromPlan,trmm,DOUBLE,5,EXTRALARGE,3.3006746340802207,2.9018200000000003,9.577963666666667,c
noarr,Naive,trmm,DOUBLE,1,EXTRALARGE,3.2984705916250854,2.9037590000000004,9.577963666666667,c
noarr,Naive,trmm,DOUBLE,2,EXTRALARGE,3.272019199016136,2.9272333333333336,9.577963666666667,c
noarr,Naive,trmm,DOUBLE,3,EXTRALARGE,1.023742041109381,9.355837,9.577963666666667,c
noarr,Naive,trmm,DOUBLE,4,EXTRALARGE,1.0302227425024963,9.296983333333333,9.577963666666667,c
noarr,Naive,trmm,DOUBLE,5,EXTRALARGE,3.2904579335332764,2.9108300000000003,9.577963666666667,c
noarr,standard,trmm,DOUBLE,1,EXTRALARGE,3.2790465006938363,2.9209599999999996,9.577963666666667,c
noarr,standard,trmm,DOUBLE,2,EXTRALARGE,1.0350222395186852,9.253872333333334,9.577963666666667,c
noarr,standard,trmm,DOUBLE,3,EXTRALARGE,1.0368937685782467,9.237169666666667,9.577963666666667,c
noarr,standard,trmm,DOUBLE,4,EXTRALARGE,0.9600480313177182,9.976546333333333,9.577963666666667,c
noarr,standard,trmm,DOUBLE,5,EXTRALARGE,1.015658283666015,9.430301333333334,9.577963666666667,c
c,AllHints,3mm,DOUBLE,1,LARGE,119.1183108587651,0.032876666666666665,3.9162130000000004,c
c,AllHints,3mm,DOUBLE,2,LARGE,123.39970380640284,0.031736,3.9162130000000004,c
c,AllHints,3mm,DOUBLE,4,LARGE,100.31968542933261,0.039037333333333334,3.9162130000000004,c
c,AllHints,3mm,DOUBLE,5,LARGE,90.94007322491505,0.04306366666666667,3.9162130000000004,c
c,ChooseHints,3mm,DOUBLE,1,LARGE,97.96001934413381,0.03997766666666667,3.9162130000000004,c
c,ChooseHints,3mm,DOUBLE,2,LARGE,101.9148240356006,0.03842633333333333,3.9162130000000004,c
c,ChooseHints,3mm,DOUBLE,3,LARGE,115.99011748445061,0.03376333333333333,3.9162130000000004,c
c,ChooseHints,3mm,DOUBLE,4,LARGE,114.16753962315491,0.03430233333333333,3.9162130000000004,c
c,FromPlan,3mm,DOUBLE,1,LARGE,4.824988285214072,0.8116523333333333,3.9162130000000004,c
c,FromPlan,3mm,DOUBLE,2,LARGE,86.43090244315131,0.045310333333333334,3.9162130000000004,c
c,FromPlan,3mm,DOUBLE,3,LARGE,6.249611814251724,0.626633,3.9162130000000004,c
c,FromPlan,3mm,DOUBLE,4,LARGE,6.574066416394208,0.5957063333333333,3.9162130000000004,c
c,FromPlan,3mm,DOUBLE,5,LARGE,6.723081668295653,0.5825026666666667,3.9162130000000004,c
c,Naive,3mm,DOUBLE,1,LARGE,4.230886601264588,0.9256246666666667,3.9162130000000004,c
c,Naive,3mm,DOUBLE,2,LARGE,6.316791816360611,0.6199686666666667,3.9162130000000004,c
c,Naive,3mm,DOUBLE,3,LARGE,4.226787481647322,0.9265223333333333,3.9162130000000004,c
c,Naive,3mm,DOUBLE,4,LARGE,4.234990626069009,0.9247276666666666,3.9162130000000004,c
c,Naive,3mm,DOUBLE,5,LARGE,4.226907617518047,0.9264959999999999,3.9162130000000004,c
c,standard,3mm,DOUBLE,1,LARGE,1.0,3.9162130000000004,3.9162130000000004,c
exo,AllHints,3mm,DOUBLE,3,LARGE,87.56858346066412,0.044721666666666667,3.9162130000000004,c
exo,AllHints,3mm,DOUBLE,4,LARGE,36.94157210100839,0.10601100000000001,3.9162130000000004,c
exo,ChooseHints,3mm,DOUBLE,1,LARGE,106.09305664670985,0.036912999999999994,3.9162130000000004,c
exo,ChooseHints,3mm,DOUBLE,2,LARGE,112.71191335047395,0.03474533333333333,3.9162130000000004,c
exo,ChooseHints,3mm,DOUBLE,3,LARGE,111.87794844447832,0.03500433333333333,3.9162130000000004,c
exo,ChooseHints,3mm,DOUBLE,4,LARGE,110.24546768260642,0.03552266666666667,3.9162130000000004,c
exo,FromPlan,3mm,DOUBLE,3,LARGE,4.238565820647129,0.9239476666666667,3.9162130000000004,c
exo,FromPlan,3mm,DOUBLE,4,LARGE,101.0218490429758,0.038766,3.9162130000000004,c
exo,FromPlan,3mm,DOUBLE,5,LARGE,4.236725522502865,0.924349,3.9162130000000004,c
exo,Naive,3mm,DOUBLE,1,LARGE,38.115478948085574,0.102746,3.9162130000000004,c
exo,Naive,3mm,DOUBLE,2,LARGE,1.392491196954607,2.812379,3.9162130000000004,c
exo,Naive,3mm,DOUBLE,3,LARGE,115.43397394328832,0.033926000000000005,3.9162130000000004,c
exo,Naive,3mm,DOUBLE,4,LARGE,4.239257109516485,0.923797,3.9162130000000004,c
exo,Naive,3mm,DOUBLE,5,LARGE,38.98164498372535,0.10046300000000001,3.9162130000000004,c
exo,standard,3mm,DOUBLE,1,LARGE,0.9735146009304397,4.022757333333334,3.9162130000000004,c
exo,standard,3mm,DOUBLE,2,LARGE,0.9711022692453646,4.032750333333333,3.9162130000000004,c
exo,standard,3mm,DOUBLE,3,LARGE,0.9717814900914366,4.029931666666667,3.9162130000000004,c
exo,standard,3mm,DOUBLE,4,LARGE,0.9683522315769015,4.044203,3.9162130000000004,c
exo,standard,3mm,DOUBLE,5,LARGE,0.9673070789227941,4.048572666666667,3.9162130000000004,c
halide,standard,3mm,DOUBLE,3,LARGE,2.125197304467339,1.8427526666666667,3.9162130000000004,c
halide,standard,3mm,DOUBLE,4,LARGE,2.234492348211895,1.7526186666666668,3.9162130000000004,c
noarr,AllHints,3mm,DOUBLE,1,LARGE,1.0333735648076807,3.789736,3.9162130000000004,c
noarr,AllHints,3mm,DOUBLE,2,LARGE,3.659810346906106,1.0700589999999999,3.9162130000000004,c
noarr,AllHints,3mm,DOUBLE,3,LARGE,107.08520412348584,0.036571,3.9162130000000004,c
noarr,AllHints,3mm,DOUBLE,4,LARGE,3.6280726773244516,1.0794196666666667,3.9162130000000004,c
noarr,AllHints,3mm,DOUBLE,5,LARGE,1.0038941077492003,3.9010219999999998,3.9162130000000004,c
noarr,ChooseHints,3mm,DOUBLE,1,LARGE,3.5482693010458792,1.1036966666666668,3.9162130000000004,c
noarr,ChooseHints,3mm,DOUBLE,2,LARGE,3.6735034054976365,1.0660703333333332,3.9162130000000004,c
noarr,ChooseHints,3mm,DOUBLE,3,LARGE,1.2672419065366085,3.090343666666667,3.9162130000000004,c
noarr,ChooseHints,3mm,DOUBLE,4,LARGE,1.0246567961453792,3.821975333333333,3.9162130000000004,c
noarr,ChooseHints,3mm,DOUBLE,5,LARGE,3.631328051688902,1.0784520000000002,3.9162130000000004,c
noarr,FromPlan,3mm,DOUBLE,1,LARGE,1.03402822211915,3.7873366666666666,3.9162130000000004,c
noarr,FromPlan,3mm,DOUBLE,2,LARGE,1.0362105368624552,3.779360333333333,3.9162130000000004,c
noarr,FromPlan,3mm,DOUBLE,3,LARGE,3.696227114950878,1.0595163333333335,3.9162130000000004,c
noarr,FromPlan,3mm,DOUBLE,4,LARGE,1.0334298302102398,3.7895296666666667,3.9162130000000004,c
noarr,FromPlan,3mm,DOUBLE,5,LARGE,0.9755468905885024,4.014377,3.9162130000000004,c
noarr,Naive,3mm,DOUBLE,1,LARGE,3.6724825732237196,1.0663666666666667,3.9162130000000004,c
noarr,Naive,3mm,DOUBLE,2,LARGE,3.6741272077026133,1.0658893333333335,3.9162130000000004,c
noarr,Naive,3mm,DOUBLE,3,LARGE,3.590703737209502,1.0906533333333333,3.9162130000000004,c
noarr,Naive,3mm,DOUBLE,4,LARGE,3.635176307910039,1.0773103333333334,3.9162130000000004,c
noarr,Naive,3mm,DOUBLE,5,LARGE,3.65611570970626,1.0711403333333334,3.9162130000000004,c
noarr,standard,3mm,DOUBLE,1,LARGE,0.9361907698108766,4.183135666666666,3.9162130000000004,c
noarr,standard,3mm,DOUBLE,2,LARGE,0.9631512220115797,4.066041666666667,3.9162130000000004,c
noarr,standard,3mm,DOUBLE,3,LARGE,3.61853427764919,1.082265,3.9162130000000004,c
noarr,standard,3mm,DOUBLE,4,LARGE,3.6083243089181702,1.0853273333333333,3.9162130000000004,c
noarr,standard,3mm,DOUBLE,5,LARGE,0.9385226788524189,4.172742,3.9162130000000004,c
c,AllHints,adi,DOUBLE,1,LARGE,16.900783163690384,0.6141329999999999,10.379328666666666,c
c,AllHints,adi,DOUBLE,2,LARGE,17.187553507586138,0.6038863333333334,10.379328666666666,c
c,AllHints,adi,DOUBLE,3,LARGE,18.079398893682892,0.574097,10.379328666666666,c
c,AllHints,adi,DOUBLE,4,LARGE,18.1872154413255,0.5706936666666667,10.379328666666666,c
c,AllHints,adi,DOUBLE,5,LARGE,16.81682677170032,0.6171989999999999,10.379328666666666,c
c,ChooseHints,adi,DOUBLE,2,LARGE,17.64394771749952,0.5882656666666667,10.379328666666666,c
c,ChooseHints,adi,DOUBLE,3,LARGE,0.997265190029419,10.407791999999999,10.379328666666666,c
c,ChooseHints,adi,DOUBLE,4,LARGE,16.835875819544935,0.6165006666666667,10.379328666666666,c
c,ChooseHints,adi,DOUBLE,5,LARGE,17.698171525358223,0.5864633333333332,10.379328666666666,c
c,FromPlan,adi,DOUBLE,1,LARGE,1.2520783271087264,8.289679999999999,10.379328666666666,c
c,FromPlan,adi,DOUBLE,2,LARGE,1.4289989627843767,7.263356333333333,10.379328666666666,c
c,FromPlan,adi,DOUBLE,3,LARGE,1.5642510452751364,6.635334333333333,10.379328666666666,c
c,FromPlan,adi,DOUBLE,4,LARGE,11.679007557714305,0.8887166666666667,10.379328666666666,c
c,FromPlan,adi,DOUBLE,5,LARGE,1.1469287137331239,9.049672,10.379328666666666,c
c,Naive,adi,DOUBLE,1,LARGE,1.0106650888798518,10.269800333333334,10.379328666666666,c
c,Naive,adi,DOUBLE,2,LARGE,0.8806781535945475,11.785609333333333,10.379328666666666,c
c,Naive,adi,DOUBLE,3,LARGE,1.2419459145034442,8.357311333333334,10.379328666666666,c
c,Naive,adi,DOUBLE,4,LARGE,16.01952615354222,0.6479173333333333,10.379328666666666,c
c,Naive,adi,DOUBLE,5,LARGE,15.297786197399404,0.6784856666666667,10.379328666666666,c
c,standard,adi,DOUBLE,1,LARGE,1.0,10.379328666666666,10.379328666666666,c
exo,AllHints,adi,DOUBLE,1,LARGE,17.310373275591292,0.5996016666666667,10.379328666666666,c
exo,AllHints,adi,DOUBLE,2,LARGE,17.450907601163244,0.594773,10.379328666666666,c
exo,AllHints,adi,DOUBLE,3,LARGE,17.19215602697477,0.6037246666666666,10.379328666666666,c
exo,AllHints,adi,DOUBLE,5,LARGE,16.902572136419202,0.614068,10.379328666666666,c
exo,ChooseHints,adi,DOUBLE,1,LARGE,16.71883057263282,0.6208166666666667,10.379328666666666,c
exo,ChooseHints,adi,DOUBLE,2,LARGE,17.61315857053808,0.589294,10.379328666666666,c
exo,ChooseHints,adi,DOUBLE,4,LARGE,17.11134081577027,0.606576,10.379328666666666,c
exo,ChooseHints,adi,DOUBLE,5,LARGE,17.60238535097379,0.5896546666666667,10.379328666666666,c
exo,FromPlan,adi,DOUBLE,2,LARGE,1.033541521000854,10.042488333333333,10.379328666666666,c
exo,FromPlan,adi,DOUBLE,4,LARGE,13.852033453445438,0.7493,10.379328666666666,c
exo,Naive,adi,DOUBLE,1,LARGE,17.117756230463655,0.6063486666666668,10.379328666666666,c
exo,Naive,adi,DOUBLE,2,LARGE,17.48054279641654,0.5937646666666666,10.379328666666666,c
exo,Naive,adi,DOUBLE,4,LARGE,17.29115772732624,0.6002679999999999,10.379328666666666,c
exo,standard,adi,DOUBLE,2,LARGE,0.7455676381453914,13.921377666666666,10.379328666666666,c
exo,standard,adi,DOUBLE,3,LARGE,0.7286315958791791,14.244960999999998,10.379328666666666,c
exo,standard,adi,DOUBLE,4,LARGE,0.7317311755032327,14.18462,10.379328666666666,c
halide,AllHints,adi,DOUBLE,1,LARGE,0.08850381158187752,117.27549900000001,10.379328666666666,c
halide,AllHints,adi,DOUBLE,3,LARGE,0.13016722315360324,79.73841966666667,10.379328666666666,c
halide,ChooseHints,adi,DOUBLE,1,LARGE,0.09317642864152059,111.39436033333334,10.379328666666666,c
halide,ChooseHints,adi,DOUBLE,2,LARGE,0.7522495322355304,13.797720333333332,10.379328666666666,c
halide,ChooseHints,adi,DOUBLE,3,LARGE,0.44340526855350987,23.408221333333334,10.379328666666666,c
halide,ChooseHints,adi,DOUBLE,4,LARGE,0.9107369730889359,11.396626,10.379328666666666,c
halide,FromPlan,adi,DOUBLE,3,LARGE,1.0730223425696184,9.672984666666666,10.379328666666666,c
halide,Naive,adi,DOUBLE,2,LARGE,0.8400912170363604,12.355001999999999,10.379328666666666,c
halide,Naive,adi,DOUBLE,4,LARGE,7.8375824050248335,1.3243023333333335,10.379328666666666,c
halide,Naive,adi,DOUBLE,5,LARGE,0.06356639460130029,163.28326833333333,10.379328666666666,c
halide,standard,adi,DOUBLE,1,LARGE,0.8311763614596444,12.487516666666666,10.379328666666666,c
halide,standard,adi,DOUBLE,2,LARGE,0.8243540527326324,12.590862666666666,10.379328666666666,c
halide,standard,adi,DOUBLE,3,LARGE,0.8314586963801622,12.483276333333334,10.379328666666666,c
halide,standard,adi,DOUBLE,5,LARGE,0.823005958060456,12.611486666666666,10.379328666666666,c
noarr,AllHints,adi,DOUBLE,1,LARGE,12.955009011677737,0.8011826666666666,10.379328666666666,c
noarr,AllHints,adi,DOUBLE,2,LARGE,13.323189539977928,0.7790423333333334,10.379328666666666,c
noarr,AllHints,adi,DOUBLE,3,LARGE,12.994654486346176,0.7987383333333332,10.379328666666666,c
noarr,AllHints,adi,DOUBLE,4,LARGE,12.90574425659307,0.8042409999999999,10.379328666666666,c
noarr,AllHints,adi,DOUBLE,5,LARGE,1.0975638006390673,9.456697333333333,10.379328666666666,c
noarr,ChooseHints,adi,DOUBLE,1,LARGE,13.088846396193983,0.7929903333333334,10.379328666666666,c
noarr,ChooseHints,adi,DOUBLE,2,LARGE,1.2131424158461452,8.555738,10.379328666666666,c
noarr,ChooseHints,adi,DOUBLE,3,LARGE,12.776246133848245,0.8123926666666667,10.379328666666666,c
noarr,ChooseHints,adi,DOUBLE,4,LARGE,13.025595654172747,0.796841,10.379328666666666,c
noarr,ChooseHints,adi,DOUBLE,5,LARGE,13.028015391959848,0.796693,10.379328666666666,c
noarr,FromPlan,adi,DOUBLE,1,LARGE,0.8172305279018159,12.700612999999999,10.379328666666666,c
noarr,FromPlan,adi,DOUBLE,2,LARGE,13.08605203071765,0.7931596666666666,10.379328666666666,c
noarr,FromPlan,adi,DOUBLE,3,LARGE,12.707841539209328,0.8167656666666666,10.379328666666666,c
noarr,FromPlan,adi,DOUBLE,4,LARGE,1.1614991036779976,8.936148666666666,10.379328666666666,c
noarr,FromPlan,adi,DOUBLE,5,LARGE,1.00108203584517,10.36811,10.379328666666666,c
noarr,Naive,adi,DOUBLE,1,LARGE,0.9153216290792209,11.339542666666667,10.379328666666666,c
noarr,Naive,adi,DOUBLE,2,LARGE,0.9451443015145838,10.981739666666668,10.379328666666666,c
noarr,Naive,adi,DOUBLE,5,LARGE,0.9287916718567822,11.175088,10.379328666666666,c
noarr,standard,adi,DOUBLE,1,LARGE,0.9279622558975831,11.185076333333333,10.379328666666666,c
noarr,standard,adi,DOUBLE,3,LARGE,0.8591148657343407,12.081421333333333,10.379328666666666,c
noarr,standard,adi,DOUBLE,4,LARGE,0.942400759296065,11.013710000000001,10.379328666666666,c
noarr,standard,adi,DOUBLE,5,LARGE,0.9335089387013709,11.118617333333333,10.379328666666666,c
c,AllHints,atax,DOUBLE,1,LARGE,7.2790235594663635,0.0011743333333333334,0.008548,c
c,AllHints,atax,DOUBLE,2,LARGE,4.0403340160705845,0.0021156666666666667,0.008548,c
c,AllHints,atax,DOUBLE,3,LARGE,8.982136602451838,0.0009516666666666667,0.008548,c
c,AllHints,atax,DOUBLE,4,LARGE,7.43304347826087,0.00115,0.008548,c
c,AllHints,atax,DOUBLE,5,LARGE,7.437354988399073,0.0011493333333333332,0.008548,c
c,ChooseHints,atax,DOUBLE,1,LARGE,7.513624377380602,0.0011376666666666668,0.008548,c
c,ChooseHints,atax,DOUBLE,2,LARGE,5.701200533570476,0.0014993333333333334,0.008548,c
c,ChooseHints,atax,DOUBLE,3,LARGE,3.218777457010167,0.002655666666666667,0.008548,c
c,ChooseHints,atax,DOUBLE,4,LARGE,5.599126637554585,0.0015266666666666666,0.008548,c
c,ChooseHints,atax,DOUBLE,5,LARGE,6.216727272727272,0.0013750000000000001,0.008548,c
c,FromPlan,atax,DOUBLE,1,LARGE,0.8781289593534911,0.009734333333333333,0.008548,c
c,FromPlan,atax,DOUBLE,3,LARGE,1.2892262832436783,0.006630333333333333,0.008548,c
c,FromPlan,atax,DOUBLE,4,LARGE,1.045371163018222,0.008176999999999999,0.008548,c
c,FromPlan,atax,DOUBLE,5,LARGE,1.054787759131293,0.008104,0.008548,c
c,Naive,atax,DOUBLE,1,LARGE,0.989924724956572,0.008635,0.008548,c
c,Naive,atax,DOUBLE,2,LARGE,1.0295074069613392,0.008303,0.008548,c
c,Naive,atax,DOUBLE,3,LARGE,1.0303760848601737,0.008296,0.008548,c
c,Naive,atax,DOUBLE,4,LARGE,0.9861559760036918,0.008668,0.008548,c
c,standard,atax,DOUBLE,1,LARGE,1.0,0.008548,0.008548,c
exo,AllHints,atax,DOUBLE,1,LARGE,0.9879415957159918,0.008652333333333333,0.008548,c
exo,AllHints,atax,DOUBLE,2,LARGE,1.4295111210212386,0.005979666666666667,0.008548,c
exo,AllHints,atax,DOUBLE,4,LARGE,1.728032345013477,0.004946666666666667,0.008548,c
exo,ChooseHints,atax,DOUBLE,1,LARGE,3.5780661364587694,0.002389,0.008548,c
exo,ChooseHints,atax,DOUBLE,2,LARGE,1.7447271737651384,0.004899333333333333,0.008548,c
exo,ChooseHints,atax,DOUBLE,3,LARGE,0.4415061205516244,0.019361,0.008548,c
exo,ChooseHints,atax,DOUBLE,4,LARGE,4.0454330336015145,0.002113,0.008548,c
exo,ChooseHints,atax,DOUBLE,5,LARGE,1.0018361526741413,0.008532333333333334,0.008548,c
exo,FromPlan,atax,DOUBLE,1,LARGE,1.2047355069059478,0.007095333333333333,0.008548,c
exo,FromPlan,atax,DOUBLE,2,LARGE,0.40968782950442534,0.020864666666666667,0.008548,c
exo,FromPlan,atax,DOUBLE,4,LARGE,0.744577683574809,0.011480333333333334,0.008548,c
exo,Naive,atax,DOUBLE,4,LARGE,1.1519180666606774,0.0074206666666666666,0.008548,c
exo,standard,atax,DOUBLE,1,LARGE,0.981025248661056,0.008713333333333332,0.008548,c
exo,standard,atax,DOUBLE,2,LARGE,0.9784051888592142,0.008736666666666665,0.008548,c
exo,standard,atax,DOUBLE,3,LARGE,0.9831691139822873,0.008694333333333333,0.008548,c
exo,standard,atax,DOUBLE,4,LARGE,0.9829430027981141,0.008696333333333334,0.008548,c
exo,standard,atax,DOUBLE,5,LARGE,0.9847169956224558,0.008680666666666668,0.008548,c
halide,Naive,atax,DOUBLE,2,LARGE,0.07219553943953018,0.11840066666666667,0.008548,c
halide,standard,atax,DOUBLE,1,LARGE,0.5648955855141422,0.015132,0.008548,c
halide,standard,atax,DOUBLE,2,LARGE,0.8683756052961294,0.009843666666666667,0.008548,c
halide,standard,atax,DOUBLE,3,LARGE,0.870468431771894,0.00982,0.008548,c
halide,standard,atax,DOUBLE,4,LARGE,0.5664428344230429,0.015090666666666667,0.008548,c
halide,standard,atax,DOUBLE,5,LARGE,0.5665429480381761,0.015087999999999999,0.008548,c
noarr,AllHints,atax,DOUBLE,1,LARGE,1.0355772725437142,0.008254333333333334,0.008548,c
noarr,AllHints,atax,DOUBLE,2,LARGE,1.0293834296724471,0.008303999999999999,0.008548,c
noarr,AllHints,atax,DOUBLE,3,LARGE,1.7254743641501817,0.004954,0.008548,c
noarr,AllHints,atax,DOUBLE,4,LARGE,1.0404511705278532,0.008215666666666668,0.008548,c
noarr,AllHints,atax,DOUBLE,5,LARGE,1.8152473985984283,0.0047090000000000005,0.008548,c
noarr,ChooseHints,atax,DOUBLE,1,LARGE,1.0381345640029147,0.008234,0.008548,c
noarr,ChooseHints,atax,DOUBLE,2,LARGE,1.0357445777293106,0.008253,0.008548,c
noarr,ChooseHints,atax,DOUBLE,3,LARGE,0.9610253335332034,0.008894666666666667,0.008548,c
noarr,ChooseHints,atax,DOUBLE,4,LARGE,1.034825067592107,0.008260333333333333,0.008548,c
noarr,ChooseHints,atax,DOUBLE,5,LARGE,1.0370849678489102,0.008242333333333332,0.008548,c
noarr,FromPlan,atax,DOUBLE,2,LARGE,0.992722205017033,0.008610666666666668,0.008548,c
noarr,FromPlan,atax,DOUBLE,4,LARGE,1.0255138766695993,0.008335333333333333,0.008548,c
noarr,Naive,atax,DOUBLE,1,LARGE,1.0434994913530011,0.008191666666666667,0.008548,c
noarr,Naive,atax,DOUBLE,2,LARGE,1.0325749949667806,0.008278333333333334,0.008548,c
noarr,Naive,atax,DOUBLE,3,LARGE,1.0356190937727163,0.008254,0.008548,c
noarr,Naive,atax,DOUBLE,4,LARGE,1.0331990330378729,0.008273333333333332,0.008548,c
noarr,Naive,atax,DOUBLE,5,LARGE,1.0322424827919334,0.008281,0.008548,c
noarr,standard,atax,DOUBLE,1,LARGE,1.0322840351018436,0.008280666666666667,0.008548,c
noarr,standard,atax,DOUBLE,2,LARGE,1.0266634638481864,0.008326,0.008548,c
noarr,standard,atax,DOUBLE,3,LARGE,1.0328245197148496,0.008276333333333333,0.008548,c
noarr,standard,atax,DOUBLE,4,LARGE,1.0329909365558914,0.008275,0.008548,c
noarr,standard,atax,DOUBLE,5,LARGE,1.024817168205251,0.008341000000000001,0.008548,c
c,AllHints,bicg,DOUBLE,1,LARGE,12.719466202494923,0.001149,0.014614666666666666,c
c,AllHints,bicg,DOUBLE,3,LARGE,13.083855565502835,0.001117,0.014614666666666666,c
c,AllHints,bicg,DOUBLE,4,LARGE,12.602471974705374,0.0011596666666666667,0.014614666666666666,c
c,AllHints,bicg,DOUBLE,5,LARGE,13.06436233611442,0.0011186666666666667,0.014614666666666666,c
c,ChooseHints,bicg,DOUBLE,1,LARGE,2.360503930225046,0.006191333333333333,0.014614666666666666,c
c,ChooseHints,bicg,DOUBLE,2,LARGE,13.12694610778443,0.0011133333333333334,0.014614666666666666,c
c,ChooseHints,bicg,DOUBLE,3,LARGE,13.278013325257419,0.0011006666666666667,0.014614666666666666,c
c,ChooseHints,bicg,DOUBLE,4,LARGE,2.3670031852291746,0.006174333333333333,0.014614666666666666,c
c,ChooseHints,bicg,DOUBLE,5,LARGE,13.138747377884329,0.0011123333333333332,0.014614666666666666,c
c,FromPlan,bicg,DOUBLE,1,LARGE,13.28203574674341,0.0011003333333333334,0.014614666666666666,c
c,FromPlan,bicg,DOUBLE,2,LARGE,2.417512130569034,0.006045333333333333,0.014614666666666666,c
c,FromPlan,bicg,DOUBLE,3,LARGE,2.200893529441293,0.006640333333333334,0.014614666666666666,c
c,FromPlan,bicg,DOUBLE,4,LARGE,2.2122205963973967,0.006606333333333333,0.014614666666666666,c
c,FromPlan,bicg,DOUBLE,5,LARGE,2.179233560316119,0.006706333333333334,0.014614666666666666,c
c,Naive,bicg,DOUBLE,1,LARGE,2.3619027096913214,0.006187666666666667,0.014614666666666666,c
c,Naive,bicg,DOUBLE,2,LARGE,2.120013538997147,0.006893666666666667,0.014614666666666666,c
c,Naive,bicg,DOUBLE,3,LARGE,2.3243386523882736,0.006287666666666666,0.014614666666666666,c
c,Naive,bicg,DOUBLE,4,LARGE,2.316723910171731,0.0063083333333333325,0.014614666666666666,c
c,Naive,bicg,DOUBLE,5,LARGE,2.373409841390137,0.006157666666666666,0.014614666666666666,c
c,standard,bicg,DOUBLE,1,LARGE,1.0,0.014614666666666666,0.014614666666666666,c
exo,AllHints,bicg,DOUBLE,2,LARGE,2.1954932398597893,0.0066566666666666675,0.014614666666666666,c
exo,AllHints,bicg,DOUBLE,3,LARGE,0.9973839259309811,0.014653,0.014614666666666666,c
exo,AllHints,bicg,DOUBLE,4,LARGE,2.22671406805485,0.006563333333333333,0.014614666666666666,c
exo,AllHints,bicg,DOUBLE,5,LARGE,2.207431275803041,0.006620666666666667,0.014614666666666666,c
exo,ChooseHints,bicg,DOUBLE,1,LARGE,2.197584080998446,0.006650333333333334,0.014614666666666666,c
exo,ChooseHints,bicg,DOUBLE,2,LARGE,2.1066692292907936,0.0069373333333333335,0.014614666666666666,c
exo,ChooseHints,bicg,DOUBLE,4,LARGE,0.9072924426785861,0.016108,0.014614666666666666,c
exo,ChooseHints,bicg,DOUBLE,5,LARGE,1.0063349247153874,0.014522666666666668,0.014614666666666666,c
exo,FromPlan,bicg,DOUBLE,2,LARGE,2.1680265044751024,0.0067410000000000005,0.014614666666666666,c
exo,Naive,bicg,DOUBLE,1,LARGE,1.0343005425807974,0.014129999999999998,0.014614666666666666,c
exo,Naive,bicg,DOUBLE,2,LARGE,0.8827058586672035,0.016556666666666667,0.014614666666666666,c
exo,Naive,bicg,DOUBLE,3,LARGE,2.3452259962556834,0.006231666666666667,0.014614666666666666,c
exo,Naive,bicg,DOUBLE,4,LARGE,0.9228372974110715,0.015836666666666666,0.014614666666666666,c
exo,Naive,bicg,DOUBLE,5,LARGE,0.9906009941256213,0.014753333333333334,0.014614666666666666,c
exo,standard,bicg,DOUBLE,1,LARGE,0.9986333819241983,0.014634666666666666,0.014614666666666666,c
exo,standard,bicg,DOUBLE,2,LARGE,0.9987471240802751,0.014633,0.014614666666666666,c
exo,standard,bicg,DOUBLE,3,LARGE,0.9988381364620115,0.014631666666666668,0.014614666666666666,c
exo,standard,bicg,DOUBLE,4,LARGE,0.9974293059125965,0.014652333333333331,0.014614666666666666,c
exo,standard,bicg,DOUBLE,5,LARGE,1.0003878887443813,0.014608999999999999,0.014614666666666666,c
halide,AllHints,bicg,DOUBLE,5,LARGE,1.463613299505942,0.009985333333333332,0.014614666666666666,c
halide,FromPlan,bicg,DOUBLE,1,LARGE,1.141860041149048,0.012799,0.014614666666666666,c
halide,FromPlan,bicg,DOUBLE,4,LARGE,0.6813364413364413,0.02145,0.014614666666666666,c
halide,standard,bicg,DOUBLE,1,LARGE,0.9421118225965878,0.015512666666666666,0.014614666666666666,c
halide,standard,bicg,DOUBLE,2,LARGE,1.3135204769465831,0.011126333333333334,0.014614666666666666,c
halide,standard,bicg,DOUBLE,3,LARGE,0.9474252868595631,0.015425666666666666,0.014614666666666666,c
halide,standard,bicg,DOUBLE,4,LARGE,0.9426587258927996,0.015503666666666666,0.014614666666666666,c
halide,standard,bicg,DOUBLE,5,LARGE,0.9563946513099054,0.015281000000000001,0.014614666666666666,c
noarr,AllHints,bicg,DOUBLE,1,LARGE,2.319542905512644,0.006300666666666667,0.014614666666666666,c
noarr,AllHints,bicg,DOUBLE,2,LARGE,2.021019636765926,0.007231333333333333,0.014614666666666666,c
noarr,AllHints,bicg,DOUBLE,3,LARGE,2.1389403844277486,0.0068326666666666674,0.014614666666666666,c
noarr,AllHints,bicg,DOUBLE,4,LARGE,2.096595256312165,0.006970666666666667,0.014614666666666666,c
noarr,AllHints,bicg,DOUBLE,5,LARGE,2.2976627187925796,0.006360666666666666,0.014614666666666666,c
noarr,ChooseHints,bicg,DOUBLE,1,LARGE,2.247257816504357,0.006503333333333333,0.014614666666666666,c
noarr,ChooseHints,bicg,DOUBLE,2,LARGE,1.1113814955640051,0.01315,0.014614666666666666,c
noarr,ChooseHints,bicg,DOUBLE,3,LARGE,2.1310391756585982,0.0068579999999999995,0.014614666666666666,c
noarr,ChooseHints,bicg,DOUBLE,4,LARGE,2.1383144752243464,0.006834666666666667,0.014614666666666666,c
noarr,ChooseHints,bicg,DOUBLE,5,LARGE,2.139671075106144,0.006830333333333334,0.014614666666666666,c
noarr,FromPlan,bicg,DOUBLE,2,LARGE,2.431994674950077,0.006009333333333334,0.014614666666666666,c
noarr,FromPlan,bicg,DOUBLE,5,LARGE,2.4187124179400894,0.006042333333333334,0.014614666666666666,c
noarr,Naive,bicg,DOUBLE,1,LARGE,2.2737125965876674,0.0064276666666666675,0.014614666666666666,c
noarr,Naive,bicg,DOUBLE,2,LARGE,2.2431187966847435,0.006515333333333334,0.014614666666666666,c
noarr,Naive,bicg,DOUBLE,3,LARGE,2.2741843456610824,0.0064263333333333325,0.014614666666666666,c
noarr,Naive,bicg,DOUBLE,4,LARGE,2.2405968928863453,0.006522666666666666,0.014614666666666666,c
noarr,Naive,bicg,DOUBLE,5,LARGE,2.1391491022638562,0.006832,0.014614666666666666,c
noarr,standard,bicg,DOUBLE,1,LARGE,1.111409668179168,0.013149666666666665,0.014614666666666666,c
noarr,standard,bicg,DOUBLE,2,LARGE,1.1138095721979473,0.013121333333333334,0.014614666666666666,c
noarr,standard,bicg,DOUBLE,3,LARGE,1.112565976451482,0.013136,0.014614666666666666,c
noarr,standard,bicg,DOUBLE,4,LARGE,1.111240653909517,0.013151666666666667,0.014614666666666666,c
noarr,standard,bicg,DOUBLE,5,LARGE,1.112565976451482,0.013136,0.014614666666666666,c
c,AllHints,cholesky,DOUBLE,1,LARGE,1.007667415555971,1.8902066666666666,1.9046996666666667,c
c,AllHints,cholesky,DOUBLE,2,LARGE,1.006536384056909,1.8923306666666668,1.9046996666666667,c
c,AllHints,cholesky,DOUBLE,3,LARGE,1.0044596956543368,1.8962430000000001,1.9046996666666667,c
c,AllHints,cholesky,DOUBLE,4,LARGE,1.0051102479891547,1.8950156666666667,1.9046996666666667,c
c,AllHints,cholesky,DOUBLE,5,LARGE,1.005904702655039,1.8935190000000002,1.9046996666666667,c
c,ChooseHints,cholesky,DOUBLE,1,LARGE,1.0020949981524523,1.9007176666666667,1.9046996666666667,c
c,ChooseHints,cholesky,DOUBLE,3,LARGE,1.007781333934394,1.8899929999999998,1.9046996666666667,c
c,ChooseHints,cholesky,DOUBLE,5,LARGE,1.0073577801702749,1.8907876666666665,1.9046996666666667,c
c,FromPlan,cholesky,DOUBLE,1,LARGE,2.802740791679624,0.6795846666666666,1.9046996666666667,c
c,FromPlan,cholesky,DOUBLE,2,LARGE,1.0079724405281867,1.8896346666666668,1.9046996666666667,c
c,FromPlan,cholesky,DOUBLE,3,LARGE,1.0073806898657567,1.8907446666666665,1.9046996666666667,c
c,FromPlan,cholesky,DOUBLE,4,LARGE,2.616561346631133,0.7279399999999999,1.9046996666666667,c
c,FromPlan,cholesky,DOUBLE,5,LARGE,3.80551010200908,0.500511,1.9046996666666667,c
c,Naive,cholesky,DOUBLE,1,LARGE,1.0097657892895289,1.8862786666666667,1.9046996666666667,c
c,Naive,cholesky,DOUBLE,2,LARGE,1.0067014783667758,1.8920203333333332,1.9046996666666667,c
c,Naive,cholesky,DOUBLE,3,LARGE,1.0078191939490977,1.889922,1.9046996666666667,c
c,Naive,cholesky,DOUBLE,4,LARGE,0.9998675382196857,1.904952,1.9046996666666667,c
c,Naive,cholesky,DOUBLE,5,LARGE,1.006596138042562,1.8922183333333333,1.9046996666666667,c
c,standard,cholesky,DOUBLE,1,LARGE,1.0,1.9046996666666667,1.9046996666666667,c
exo,AllHints,cholesky,DOUBLE,1,LARGE,1.0051772592524313,1.8948893333333334,1.9046996666666667,c
exo,AllHints,cholesky,DOUBLE,2,LARGE,1.0064947200455434,1.892409,1.9046996666666667,c
exo,AllHints,cholesky,DOUBLE,3,LARGE,0.9978978843673988,1.9087120000000002,1.9046996666666667,c
exo,AllHints,cholesky,DOUBLE,5,LARGE,0.9992082015490782,1.9062089999999998,1.9046996666666667,c
exo,ChooseHints,cholesky,DOUBLE,2,LARGE,1.005133762797467,1.8949713333333333,1.9046996666666667,c
exo,ChooseHints,cholesky,DOUBLE,3,LARGE,1.0030989497662226,1.8988153333333333,1.9046996666666667,c
exo,ChooseHints,cholesky,DOUBLE,4,LARGE,0.999272855347355,1.9060856666666666,1.9046996666666667,c
exo,ChooseHints,cholesky,DOUBLE,5,LARGE,1.0045071952690183,1.8961533333333334,1.9046996666666667,c
exo,FromPlan,cholesky,DOUBLE,1,LARGE,1.0049237597215104,1.8953673333333334,1.9046996666666667,c
exo,FromPlan,cholesky,DOUBLE,2,LARGE,1.0051378293796662,1.8949636666666667,1.9046996666666667,c
exo,FromPlan,cholesky,DOUBLE,4,LARGE,1.0061833243411147,1.8929946666666666,1.9046996666666667,c
exo,FromPlan,cholesky,DOUBLE,5,LARGE,1.0034341649540621,1.8981810000000001,1.9046996666666667,c
exo,Naive,cholesky,DOUBLE,1,LARGE,0.4489385975932311,4.242673,1.9046996666666667,c
exo,Naive,cholesky,DOUBLE,3,LARGE,1.0079855984391841,1.88961,1.9046996666666667,c
exo,Naive,cholesky,DOUBLE,4,LARGE,1.0050345837419037,1.8951583333333335,1.9046996666666667,c
exo,Naive,cholesky,DOUBLE,5,LARGE,0.4409138595482972,4.319890666666667,1.9046996666666667,c
exo,standard,cholesky,DOUBLE,1,LARGE,0.9878983682151887,1.928032,1.9046996666666667,c
exo,standard,cholesky,DOUBLE,2,LARGE,0.9904468772430486,1.923071,1.9046996666666667,c
exo,standard,cholesky,DOUBLE,3,LARGE,0.9919888824173277,1.9200816666666667,1.9046996666666667,c
exo,standard,cholesky,DOUBLE,4,LARGE,0.9920136817045394,1.9200336666666669,1.9046996666666667,c
exo,standard,cholesky,DOUBLE,5,LARGE,0.9923141271025746,1.9194523333333333,1.9046996666666667,c
halide,AllHints,cholesky,DOUBLE,4,LARGE,0.14720704714348953,12.938916333333333,1.9046996666666667,c
halide,ChooseHints,cholesky,DOUBLE,2,LARGE,1.001571742774751,1.9017106666666665,1.9046996666666667,c
halide,Naive,cholesky,DOUBLE,1,LARGE,1.0063302252228055,1.8927183333333335,1.9046996666666667,c
halide,standard,cholesky,DOUBLE,1,LARGE,0.9996836897451271,1.9053023333333332,1.9046996666666667,c
c,AllHints,correlation,DOUBLE,1,LARGE,24.935348801102347,0.068702,1.7131083333333335,c
c,AllHints,correlation,DOUBLE,2,LARGE,62.33943062311229,0.027480333333333332,1.7131083333333335,c
c,AllHints,correlation,DOUBLE,3,LARGE,25.402966704891455,0.06743733333333334,1.7131083333333335,c
c,AllHints,correlation,DOUBLE,4,LARGE,26.50584855642774,0.06463133333333333,1.7131083333333335,c
c,ChooseHints,correlation,DOUBLE,1,LARGE,3.8873790329290636,0.44068466666666667,1.7131083333333335,c
c,ChooseHints,correlation,DOUBLE,2,LARGE,3.173298434815039,0.539851,1.7131083333333335,c
c,ChooseHints,correlation,DOUBLE,3,LARGE,25.155529559182,0.06810066666666666,1.7131083333333335,c
c,ChooseHints,correlation,DOUBLE,5,LARGE,24.48591874752846,0.069963,1.7131083333333335,c
c,FromPlan,correlation,DOUBLE,1,LARGE,3.8956237455050426,0.439752,1.7131083333333335,c
c,FromPlan,correlation,DOUBLE,2,LARGE,3.8491424796676426,0.4450623333333333,1.7131083333333335,c
c,FromPlan,correlation,DOUBLE,3,LARGE,4.9101581011052176,0.3488906666666667,1.7131083333333335,c
c,FromPlan,correlation,DOUBLE,4,LARGE,1.1988380007847121,1.4289740000000002,1.7131083333333335,c
c,FromPlan,correlation,DOUBLE,5,LARGE,3.892855898451289,0.4400646666666666,1.7131083333333335,c
c,Naive,correlation,DOUBLE,1,LARGE,3.986506926883756,0.42972666666666665,1.7131083333333335,c
c,Naive,correlation,DOUBLE,2,LARGE,3.8625161961393824,0.44352133333333327,1.7131083333333335,c
c,Naive,correlation,DOUBLE,3,LARGE,3.914697888832353,0.43760933333333335,1.7131083333333335,c
c,Naive,correlation,DOUBLE,4,LARGE,3.8347562595321882,0.44673199999999996,1.7131083333333335,c
c,Naive,correlation,DOUBLE,5,LARGE,3.8640553549758883,0.44334466666666666,1.7131083333333335,c
c,standard,correlation,DOUBLE,1,LARGE,1.0,1.7131083333333335,1.7131083333333335,c
exo,AllHints,correlation,DOUBLE,1,LARGE,21.874029052866344,0.078317,1.7131083333333335,c
exo,AllHints,correlation,DOUBLE,2,LARGE,22.758603129054688,0.07527299999999999,1.7131083333333335,c
exo,AllHints,correlation,DOUBLE,3,LARGE,23.37352986656237,0.07329266666666666,1.7131083333333335,c
exo,AllHints,correlation,DOUBLE,4,LARGE,23.927876378128726,0.07159466666666667,1.7131083333333335,c
exo,AllHints,correlation,DOUBLE,5,LARGE,3.8135882490436956,0.4492116666666666,1.7131083333333335,c
exo,ChooseHints,correlation,DOUBLE,1,LARGE,22.113373894186086,0.07746933333333333,1.7131083333333335,c
exo,ChooseHints,correlation,DOUBLE,2,LARGE,23.140418653446982,0.074031,1.7131083333333335,c
exo,ChooseHints,correlation,DOUBLE,3,LARGE,21.081037290443785,0.081263,1.7131083333333335,c
exo,ChooseHints,correlation,DOUBLE,4,LARGE,22.400210084033617,0.07647733333333333,1.7131083333333335,c
exo,ChooseHints,correlation,DOUBLE,5,LARGE,22.276318983303568,0.07690266666666667,1.7131083333333335,c
exo,FromPlan,correlation,DOUBLE,2,LARGE,3.750393149744261,0.45678100000000005,1.7131083333333335,c
exo,FromPlan,correlation,DOUBLE,3,LARGE,3.746412557524827,0.45726633333333333,1.7131083333333335,c
exo,FromPlan,correlation,DOUBLE,4,LARGE,3.786148097615887,0.45246733333333333,1.7131083333333335,c
exo,Naive,correlation,DOUBLE,2,LARGE,3.7514170028664884,0.45665633333333333,1.7131083333333335,c
exo,Naive,correlation,DOUBLE,3,LARGE,22.17903072673917,0.07723999999999999,1.7131083333333335,c
exo,Naive,correlation,DOUBLE,5,LARGE,3.752293470808945,0.45654966666666663,1.7131083333333335,c
exo,standard,correlation,DOUBLE,1,LARGE,0.9972389927417081,1.7178513333333332,1.7131083333333335,c
exo,standard,correlation,DOUBLE,2,LARGE,0.9985365826173139,1.715619,1.7131083333333335,c
exo,standard,correlation,DOUBLE,3,LARGE,0.990002931872303,1.7304073333333332,1.7131083333333335,c
halide,AllHints,correlation,DOUBLE,1,LARGE,39.22370369239693,0.04367533333333334,1.7131083333333335,c
halide,AllHints,correlation,DOUBLE,2,LARGE,0.757106800404413,2.2627036666666664,1.7131083333333335,c
halide,AllHints,correlation,DOUBLE,4,LARGE,34.060302606551836,0.05029633333333333,1.7131083333333335,c
halide,Naive,correlation,DOUBLE,1,LARGE,38.81753362991609,0.04413233333333333,1.7131083333333335,c
halide,Naive,correlation,DOUBLE,2,LARGE,17.098140915170106,0.10019266666666667,1.7131083333333335,c
halide,Naive,correlation,DOUBLE,4,LARGE,29.40537834358461,0.058258333333333336,1.7131083333333335,c
halide,Naive,correlation,DOUBLE,5,LARGE,29.59485995301055,0.05788533333333334,1.7131083333333335,c
halide,standard,correlation,DOUBLE,4,LARGE,0.5035549377106955,3.4020286666666664,1.7131083333333335,c
noarr,AllHints,correlation,DOUBLE,1,LARGE,1.0183537793714268,1.682233,1.7131083333333335,c
noarr,AllHints,correlation,DOUBLE,2,LARGE,1.0017868845364997,1.7100526666666667,1.7131083333333335,c
noarr,AllHints,correlation,DOUBLE,3,LARGE,1.0250201590505712,1.6712923333333334,1.7131083333333335,c
noarr,AllHints,correlation,DOUBLE,4,LARGE,1.0232658294031647,1.6741576666666667,1.7131083333333335,c
noarr,AllHints,correlation,DOUBLE,5,LARGE,1.0237181226288552,1.6734179999999999,1.7131083333333335,c
noarr,ChooseHints,correlation,DOUBLE,1,LARGE,1.0075902686149305,1.7002033333333333,1.7131083333333335,c
noarr,ChooseHints,correlation,DOUBLE,2,LARGE,1.0193064949458368,1.6806606666666666,1.7131083333333335,c
noarr,ChooseHints,correlation,DOUBLE,3,LARGE,0.7282788863918523,2.3522696666666665,1.7131083333333335,c
noarr,ChooseHints,correlation,DOUBLE,4,LARGE,2.9851402967874745,0.5738786666666666,1.7131083333333335,c
noarr,ChooseHints,correlation,DOUBLE,5,LARGE,1.0145540508528113,1.6885333333333332,1.7131083333333335,c
noarr,FromPlan,correlation,DOUBLE,1,LARGE,1.2008773163736592,1.4265473333333334,1.7131083333333335,c
noarr,FromPlan,correlation,DOUBLE,2,LARGE,1.2008464509158474,1.426584,1.7131083333333335,c
noarr,FromPlan,correlation,DOUBLE,3,LARGE,1.2004630097878617,1.4270396666666667,1.7131083333333335,c
noarr,FromPlan,correlation,DOUBLE,4,LARGE,1.1996080921158594,1.4280566666666665,1.7131083333333335,c
noarr,FromPlan,correlation,DOUBLE,5,LARGE,1.2004977814736995,1.4269983333333334,1.7131083333333335,c
noarr,Naive,correlation,DOUBLE,1,LARGE,1.0155697007469964,1.6868446666666668,1.7131083333333335,c
noarr,Naive,correlation,DOUBLE,2,LARGE,1.0212152547471882,1.6775193333333334,1.7131083333333335,c
noarr,Naive,correlation,DOUBLE,3,LARGE,2.9469214960859285,0.5813213333333334,1.7131083333333335,c
noarr,Naive,correlation,DOUBLE,4,LARGE,1.0085805367059675,1.6985339999999998,1.7131083333333335,c
noarr,Naive,correlation,DOUBLE,5,LARGE,1.0156092370923122,1.6867790000000003,1.7131083333333335,c
noarr,standard,correlation,DOUBLE,1,LARGE,1.0120889620944566,1.6926459999999999,1.7131083333333335,c
noarr,standard,correlation,DOUBLE,2,LARGE,1.012381635270178,1.6921566666666668,1.7131083333333335,c
noarr,standard,correlation,DOUBLE,3,LARGE,1.0102657662456938,1.6957006666666665,1.7131083333333335,c
noarr,standard,correlation,DOUBLE,4,LARGE,1.006706446588188,1.701696,1.7131083333333335,c
noarr,standard,correlation,DOUBLE,5,LARGE,1.01082909296463,1.6947556666666668,1.7131083333333335,c
c,AllHints,covariance,DOUBLE,1,LARGE,80.30125280273454,0.021259,1.7071243333333335,c
c,AllHints,covariance,DOUBLE,2,LARGE,25.72623472914323,0.06635733333333332,1.7071243333333335,c
c,AllHints,covariance,DOUBLE,3,LARGE,25.73606002130696,0.066332,1.7071243333333335,c
c,AllHints,covariance,DOUBLE,5,LARGE,59.47684857212539,0.02870233333333333,1.7071243333333335,c
c,ChooseHints,covariance,DOUBLE,1,LARGE,3.8772197188558,0.440296,1.7071243333333335,c
c,ChooseHints,covariance,DOUBLE,2,LARGE,25.703510198345782,0.066416,1.7071243333333335,c
c,ChooseHints,covariance,DOUBLE,3,LARGE,3.8886068548693262,0.4390066666666667,1.7071243333333335,c
c,ChooseHints,covariance,DOUBLE,4,LARGE,3.9066447790476904,0.4369796666666667,1.7071243333333335,c
c,ChooseHints,covariance,DOUBLE,5,LARGE,3.88648510820428,0.43924633333333335,1.7071243333333335,c
c,FromPlan,covariance,DOUBLE,1,LARGE,3.7059890673686864,0.46063933333333335,1.7071243333333335,c
c,FromPlan,covariance,DOUBLE,2,LARGE,3.910152447427512,0.43658766666666665,1.7071243333333335,c
c,FromPlan,covariance,DOUBLE,3,LARGE,3.8535422015283625,0.44300133333333336,1.7071243333333335,c
c,FromPlan,covariance,DOUBLE,4,LARGE,3.786297867747247,0.45086899999999996,1.7071243333333335,c
c,FromPlan,covariance,DOUBLE,5,LARGE,3.665344299698979,0.4657473333333333,1.7071243333333335,c
c,Naive,covariance,DOUBLE,1,LARGE,1.015043791757755,1.6818233333333332,1.7071243333333335,c
c,Naive,covariance,DOUBLE,2,LARGE,1.1874020279191884,1.437697,1.7071243333333335,c
c,Naive,covariance,DOUBLE,3,LARGE,3.90265858301366,0.43742600000000004,1.7071243333333335,c
c,Naive,covariance,DOUBLE,4,LARGE,1.1883829122008869,1.4365103333333333,1.7071243333333335,c
c,Naive,covariance,DOUBLE,5,LARGE,3.850885127763228,0.44330700000000006,1.7071243333333335,c
c,standard,covariance,DOUBLE,1,LARGE,1.0,1.7071243333333335,1.7071243333333335,c
exo,AllHints,covariance,DOUBLE,1,LARGE,0.5207049267949921,3.278487,1.7071243333333335,c
exo,AllHints,covariance,DOUBLE,3,LARGE,32.870402105195595,0.051935,1.7071243333333335,c
exo,ChooseHints,covariance,DOUBLE,1,LARGE,23.445323408365724,0.072813,1.7071243333333335,c
exo,ChooseHints,covariance,DOUBLE,2,LARGE,3.7907539283369496,0.450339,1.7071243333333335,c
exo,ChooseHints,covariance,DOUBLE,3,LARGE,23.260993777535543,0.07339,1.7071243333333335,c
exo,ChooseHints,covariance,DOUBLE,5,LARGE,21.30266211888025,0.08013666666666666,1.7071243333333335,c
exo,FromPlan,covariance,DOUBLE,1,LARGE,3.7464241117247004,0.45566766666666664,1.7071243333333335,c
exo,FromPlan,covariance,DOUBLE,3,LARGE,3.7295905177279196,0.45772433333333334,1.7071243333333335,c
exo,FromPlan,covariance,DOUBLE,4,LARGE,3.7162995869627693,0.4593613333333333,1.7071243333333335,c
exo,FromPlan,covariance,DOUBLE,5,LARGE,3.7430178907755693,0.4560823333333333,1.7071243333333335,c
exo,Naive,covariance,DOUBLE,1,LARGE,3.776575873707405,0.4520296666666666,1.7071243333333335,c
exo,Naive,covariance,DOUBLE,2,LARGE,0.519778037146047,3.284333333333333,1.7071243333333335,c
exo,Naive,covariance,DOUBLE,3,LARGE,23.775884160778453,0.07180066666666667,1.7071243333333335,c
exo,Naive,covariance,DOUBLE,5,LARGE,74.45912388595687,0.022927000000000003,1.7071243333333335,c
exo,standard,covariance,DOUBLE,1,LARGE,0.9968434616230568,1.7125299999999999,1.7071243333333335,c
exo,standard,covariance,DOUBLE,2,LARGE,0.9955349011525865,1.714781,1.7071243333333335,c
exo,standard,covariance,DOUBLE,3,LARGE,0.9971392501576111,1.712022,1.7071243333333335,c
exo,standard,covariance,DOUBLE,4,LARGE,0.9970480105658757,1.7121786666666665,1.7071243333333335,c
exo,standard,covariance,DOUBLE,5,LARGE,0.9942218582033443,1.7170456666666667,1.7071243333333335,c
halide,AllHints,covariance,DOUBLE,2,LARGE,0.21253944517010345,8.032035333333333,1.7071243333333335,c
halide,ChooseHints,covariance,DOUBLE,5,LARGE,15.72391359078433,0.10856866666666666,1.7071243333333335,c
halide,Naive,covariance,DOUBLE,4,LARGE,34.87652118248742,0.04894766666666667,1.7071243333333335,c
halide,Naive,covariance,DOUBLE,5,LARGE,42.35655151309641,0.04030366666666667,1.7071243333333335,c
halide,standard,covariance,DOUBLE,2,LARGE,0.5018733378065175,3.4015043333333335,1.7071243333333335,c
noarr,AllHints,covariance,DOUBLE,1,LARGE,3.903967563068001,0.43727933333333335,1.7071243333333335,c
noarr,AllHints,covariance,DOUBLE,2,LARGE,1.0183988460180147,1.6762826666666666,1.7071243333333335,c
noarr,AllHints,covariance,DOUBLE,3,LARGE,3.8697549409264975,0.44114533333333333,1.7071243333333335,c
noarr,AllHints,covariance,DOUBLE,4,LARGE,3.8737151903473537,0.44069433333333335,1.7071243333333335,c
noarr,AllHints,covariance,DOUBLE,5,LARGE,0.7276411906133309,2.3461073333333333,1.7071243333333335,c
noarr,ChooseHints,covariance,DOUBLE,1,LARGE,3.8825516991465223,0.4396913333333334,1.7071243333333335,c
noarr,ChooseHints,covariance,DOUBLE,2,LARGE,3.8839061317413592,0.439538,1.7071243333333335,c
noarr,ChooseHints,covariance,DOUBLE,3,LARGE,1.0047818324504612,1.699,1.7071243333333335,c
noarr,ChooseHints,covariance,DOUBLE,4,LARGE,3.894141952084481,0.43838266666666664,1.7071243333333335,c
noarr,ChooseHints,covariance,DOUBLE,5,LARGE,3.889563726175214,0.4388986666666667,1.7071243333333335,c
noarr,FromPlan,covariance,DOUBLE,1,LARGE,1.1943464257221235,1.4293376666666668,1.7071243333333335,c
noarr,FromPlan,covariance,DOUBLE,2,LARGE,3.881401173960658,0.4398216666666667,1.7071243333333335,c
noarr,FromPlan,covariance,DOUBLE,4,LARGE,0.7790622605063827,2.191255333333333,1.7071243333333335,c
noarr,FromPlan,covariance,DOUBLE,5,LARGE,3.879974999052995,0.43998333333333334,1.7071243333333335,c
noarr,Naive,covariance,DOUBLE,1,LARGE,1.0225522130523348,1.669474,1.7071243333333335,c
noarr,Naive,covariance,DOUBLE,2,LARGE,1.0130013135816751,1.6852143333333334,1.7071243333333335,c
noarr,Naive,covariance,DOUBLE,3,LARGE,3.9362445535673802,0.43369366666666664,1.7071243333333335,c
noarr,Naive,covariance,DOUBLE,4,LARGE,3.875227665339707,0.4405223333333333,1.7071243333333335,c
noarr,Naive,covariance,DOUBLE,5,LARGE,3.884666205486227,0.439452,1.7071243333333335,c
noarr,standard,covariance,DOUBLE,1,LARGE,1.0190162722320284,1.6752669999999998,1.7071243333333335,c
noarr,standard,covariance,DOUBLE,2,LARGE,1.0035898111209482,1.7010180000000001,1.7071243333333335,c
noarr,standard,covariance,DOUBLE,3,LARGE,1.0007628771175752,1.7058229999999999,1.7071243333333335,c
noarr,standard,covariance,DOUBLE,4,LARGE,1.0059725392052237,1.696989,1.7071243333333335,c
noarr,standard,covariance,DOUBLE,5,LARGE,1.003302173349604,1.7015056666666666,1.7071243333333335,c
c,AllHints,deriche,DOUBLE,1,LARGE,5.005541785357553,0.045051666666666663,0.22550800000000001,c
c,AllHints,deriche,DOUBLE,2,LARGE,5.132569607768759,0.04393666666666666,0.22550800000000001,c
c,AllHints,deriche,DOUBLE,3,LARGE,4.129401639494357,0.05461033333333334,0.22550800000000001,c
c,AllHints,deriche,DOUBLE,4,LARGE,18.595019515144855,0.012127333333333332,0.22550800000000001,c
c,AllHints,deriche,DOUBLE,5,LARGE,4.10873644893869,0.054884999999999996,0.22550800000000001,c
c,ChooseHints,deriche,DOUBLE,1,LARGE,2.869058524173028,0.0786,0.22550800000000001,c
c,ChooseHints,deriche,DOUBLE,2,LARGE,5.280805557723831,0.042703333333333336,0.22550800000000001,c
c,ChooseHints,deriche,DOUBLE,3,LARGE,5.117970132994418,0.044062,0.22550800000000001,c
c,ChooseHints,deriche,DOUBLE,4,LARGE,5.107074916206178,0.044156,0.22550800000000001,c
c,ChooseHints,deriche,DOUBLE,5,LARGE,0.7409560567859966,0.30434733333333336,0.22550800000000001,c
c,FromPlan,deriche,DOUBLE,1,LARGE,1.5139710061899414,0.14895133333333332,0.22550800000000001,c
c,FromPlan,deriche,DOUBLE,2,LARGE,1.503126124805034,0.150026,0.22550800000000001,c
c,FromPlan,deriche,DOUBLE,3,LARGE,1.5019681411999781,0.15014166666666665,0.22550800000000001,c
c,FromPlan,deriche,DOUBLE,4,LARGE,1.4148840944644754,0.15938266666666667,0.22550800000000001,c
c,FromPlan,deriche,DOUBLE,5,LARGE,1.3974390488249742,0.16137233333333334,0.22550800000000001,c
c,Naive,deriche,DOUBLE,1,LARGE,1.6447272134957664,0.13710966666666666,0.22550800000000001,c
c,Naive,deriche,DOUBLE,2,LARGE,1.4722021534952956,0.1531773333333333,0.22550800000000001,c
c,Naive,deriche,DOUBLE,3,LARGE,0.7245974155335752,0.3112183333333333,0.22550800000000001,c
c,Naive,deriche,DOUBLE,4,LARGE,0.7225496928872231,0.31210033333333337,0.22550800000000001,c
c,Naive,deriche,DOUBLE,5,LARGE,0.7436944859730894,0.3032266666666667,0.22550800000000001,c
c,standard,deriche,DOUBLE,1,LARGE,1.0,0.22550800000000001,0.22550800000000001,c
exo,AllHints,deriche,DOUBLE,1,LARGE,3.225874746087603,0.06990600000000001,0.22550800000000001,c
exo,AllHints,deriche,DOUBLE,2,LARGE,4.176821776737811,0.053990333333333335,0.22550800000000001,c
exo,ChooseHints,deriche,DOUBLE,2,LARGE,4.090551252516824,0.055129000000000004,0.22550800000000001,c
exo,FromPlan,deriche,DOUBLE,3,LARGE,1.0810581050115213,0.20859933333333336,0.22550800000000001,c
exo,Naive,deriche,DOUBLE,5,LARGE,1.1969850846617953,0.18839666666666666,0.22550800000000001,c
exo,standard,deriche,DOUBLE,3,LARGE,0.819013514151543,0.275341,0.22550800000000001,c
exo,standard,deriche,DOUBLE,4,LARGE,0.8235208191824246,0.27383399999999997,0.22550800000000001,c
exo,standard,deriche,DOUBLE,5,LARGE,0.8197806725234777,0.27508333333333335,0.22550800000000001,c
halide,AllHints,deriche,DOUBLE,1,LARGE,0.1664242346417283,1.3550189999999998,0.22550800000000001,c
halide,AllHints,deriche,DOUBLE,2,LARGE,0.9722183900117265,0.23195200000000002,0.22550800000000001,c
halide,AllHints,deriche,DOUBLE,3,LARGE,0.15942613341125653,1.4144983333333334,0.22550800000000001,c
halide,ChooseHints,deriche,DOUBLE,2,LARGE,0.6498096744727508,0.347037,0.22550800000000001,c
halide,ChooseHints,deriche,DOUBLE,3,LARGE,0.16243026430656143,1.3883373333333333,0.22550800000000001,c
halide,ChooseHints,deriche,DOUBLE,4,LARGE,0.6555401594945784,0.3440033333333334,0.22550800000000001,c
halide,ChooseHints,deriche,DOUBLE,5,LARGE,0.6706464544729988,0.33625466666666665,0.22550800000000001,c
halide,FromPlan,deriche,DOUBLE,1,LARGE,0.6836780066617082,0.3298453333333333,0.22550800000000001,c
halide,FromPlan,deriche,DOUBLE,2,LARGE,0.6836918250942886,0.32983866666666667,0.22550800000000001,c
halide,FromPlan,deriche,DOUBLE,4,LARGE,0.15981434318871338,1.4110623333333334,0.22550800000000001,c
halide,Naive,deriche,DOUBLE,5,LARGE,0.6926049005817061,0.325594,0.22550800000000001,c
halide,standard,deriche,DOUBLE,1,LARGE,0.3860750825195513,0.5841040000000001,0.22550800000000001,c
noarr,AllHints,deriche,DOUBLE,1,LARGE,3.4101913974483704,0.06612766666666667,0.22550800000000001,c
noarr,AllHints,deriche,DOUBLE,2,LARGE,3.399703510138446,0.06633166666666666,0.22550800000000001,c
noarr,AllHints,deriche,DOUBLE,3,LARGE,0.7875825971957698,0.2863293333333334,0.22550800000000001,c
noarr,ChooseHints,deriche,DOUBLE,2,LARGE,1.1783484199544005,0.19137633333333334,0.22550800000000001,c
noarr,ChooseHints,deriche,DOUBLE,4,LARGE,1.4866600888228665,0.15168766666666667,0.22550800000000001,c
noarr,ChooseHints,deriche,DOUBLE,5,LARGE,3.372149475877401,0.06687366666666666,0.22550800000000001,c
noarr,FromPlan,deriche,DOUBLE,1,LARGE,1.1924048357218773,0.18912033333333333,0.22550800000000001,c
noarr,FromPlan,deriche,DOUBLE,2,LARGE,3.380912639117246,0.06670033333333333,0.22550800000000001,c
noarr,FromPlan,deriche,DOUBLE,3,LARGE,1.4397007060986668,0.15663533333333332,0.22550800000000001,c
noarr,FromPlan,deriche,DOUBLE,4,LARGE,0.8336699523475634,0.27050033333333334,0.22550800000000001,c
noarr,FromPlan,deriche,DOUBLE,5,LARGE,0.7452732185958074,0.30258433333333334,0.22550800000000001,c
noarr,Naive,deriche,DOUBLE,1,LARGE,0.5064844934398922,0.4452416666666667,0.22550800000000001,c
noarr,Naive,deriche,DOUBLE,3,LARGE,0.7350837085586134,0.3067786666666667,0.22550800000000001,c
noarr,Naive,deriche,DOUBLE,4,LARGE,1.1596149495032602,0.194468,0.22550800000000001,c
noarr,Naive,deriche,DOUBLE,5,LARGE,1.709909541032582,0.131883,0.22550800000000001,c
noarr,standard,deriche,DOUBLE,1,LARGE,1.1841067531071856,0.19044566666666665,0.22550800000000001,c
noarr,standard,deriche,DOUBLE,2,LARGE,1.1836944654404973,0.19051200000000001,0.22550800000000001,c
noarr,standard,deriche,DOUBLE,3,LARGE,1.1932629336117808,0.18898433333333334,0.22550800000000001,c
noarr,standard,deriche,DOUBLE,4,LARGE,1.1875675827493717,0.18989066666666665,0.22550800000000001,c
noarr,standard,deriche,DOUBLE,5,LARGE,0.0829100556464218,2.7199113333333336,0.22550800000000001,c
c,AllHints,doitgen,DOUBLE,1,LARGE,266.87550825161446,0.002787333333333333,0.743871,c
c,AllHints,doitgen,DOUBLE,2,LARGE,285.4820263528208,0.0026056666666666663,0.743871,c
c,AllHints,doitgen,DOUBLE,3,LARGE,285.40900370891416,0.0026063333333333333,0.743871,c
c,AllHints,doitgen,DOUBLE,4,LARGE,288.5830854778223,0.002577666666666667,0.743871,c
c,AllHints,doitgen,DOUBLE,5,LARGE,262.0186685452624,0.002839,0.743871,c
c,ChooseHints,doitgen,DOUBLE,1,LARGE,5.731372377801976,0.12978933333333334,0.743871,c
c,ChooseHints,doitgen,DOUBLE,2,LARGE,281.80489960853646,0.0026396666666666665,0.743871,c
c,ChooseHints,doitgen,DOUBLE,3,LARGE,184.21768202080236,0.004038,0.743871,c
c,ChooseHints,doitgen,DOUBLE,4,LARGE,288.5830854778223,0.002577666666666667,0.743871,c
c,ChooseHints,doitgen,DOUBLE,5,LARGE,282.6257598784194,0.0026320000000000002,0.743871,c
c,FromPlan,doitgen,DOUBLE,1,LARGE,4.14549071839769,0.179441,0.743871,c
c,FromPlan,doitgen,DOUBLE,2,LARGE,6.594269791411187,0.11280566666666668,0.743871,c
c,FromPlan,doitgen,DOUBLE,3,LARGE,5.737487562764653,0.129651,0.743871,c
c,FromPlan,doitgen,DOUBLE,4,LARGE,6.459699479255616,0.11515566666666666,0.743871,c
c,FromPlan,doitgen,DOUBLE,5,LARGE,6.4634038966718705,0.11508966666666666,0.743871,c
c,Naive,doitgen,DOUBLE,1,LARGE,5.191644934127725,0.14328233333333332,0.743871,c
c,Naive,doitgen,DOUBLE,2,LARGE,5.5071776002606,0.135073,0.743871,c
c,Naive,doitgen,DOUBLE,3,LARGE,4.203230946569025,0.17697600000000002,0.743871,c
c,Naive,doitgen,DOUBLE,4,LARGE,5.186649498792592,0.14342033333333334,0.743871,c
c,Naive,doitgen,DOUBLE,5,LARGE,6.459811671939813,0.11515366666666667,0.743871,c
c,standard,doitgen,DOUBLE,1,LARGE,1.0,0.743871,0.743871,c
exo,AllHints,doitgen,DOUBLE,1,LARGE,0.39673042417161497,1.8750036666666665,0.743871,c
exo,AllHints,doitgen,DOUBLE,2,LARGE,112.44082229052249,0.006615666666666666,0.743871,c
exo,AllHints,doitgen,DOUBLE,3,LARGE,140.8757654188498,0.005280333333333334,0.743871,c
exo,AllHints,doitgen,DOUBLE,4,LARGE,128.60840248962654,0.005784,0.743871,c
exo,AllHints,doitgen,DOUBLE,5,LARGE,124.41394882087303,0.005979000000000001,0.743871,c
exo,ChooseHints,doitgen,DOUBLE,1,LARGE,130.87871679080405,0.005683666666666667,0.743871,c
exo,ChooseHints,doitgen,DOUBLE,2,LARGE,141.82478551000952,0.005245,0.743871,c
exo,ChooseHints,doitgen,DOUBLE,3,LARGE,113.8229623584617,0.006535333333333333,0.743871,c
exo,ChooseHints,doitgen,DOUBLE,4,LARGE,5.537666133979175,0.13432933333333333,0.743871,c
exo,FromPlan,doitgen,DOUBLE,2,LARGE,5.645394107736442,0.131766,0.743871,c
exo,FromPlan,doitgen,DOUBLE,4,LARGE,5.722231339265108,0.12999666666666668,0.743871,c
exo,FromPlan,doitgen,DOUBLE,5,LARGE,5.730239186534683,0.129815,0.743871,c
exo,Naive,doitgen,DOUBLE,2,LARGE,3.347623705046008,0.22220866666666664,0.743871,c
exo,Naive,doitgen,DOUBLE,3,LARGE,2.0259947888768846,0.36716333333333334,0.743871,c
exo,Naive,doitgen,DOUBLE,4,LARGE,1.0767506021585067,0.6908479999999999,0.743871,c
exo,Naive,doitgen,DOUBLE,5,LARGE,5.52250961409969,0.13469799999999998,0.743871,c
exo,standard,doitgen,DOUBLE,1,LARGE,0.8608824263503481,0.8640796666666667,0.743871,c
exo,standard,doitgen,DOUBLE,2,LARGE,0.8588045230518554,0.8661703333333334,0.743871,c
exo,standard,doitgen,DOUBLE,3,LARGE,0.8605580869468643,0.8644053333333334,0.743871,c
exo,standard,doitgen,DOUBLE,4,LARGE,0.8665196330631459,0.8584583333333334,0.743871,c
exo,standard,doitgen,DOUBLE,5,LARGE,0.8641396524564874,0.8608226666666666,0.743871,c
halide,AllHints,doitgen,DOUBLE,1,LARGE,79.54138152266893,0.009352000000000001,0.743871,c
halide,AllHints,doitgen,DOUBLE,3,LARGE,5.809207837543048,0.12805033333333335,0.743871,c
halide,ChooseHints,doitgen,DOUBLE,1,LARGE,79.45641956846826,0.009362,0.743871,c
halide,ChooseHints,doitgen,DOUBLE,2,LARGE,5.64194013247712,0.13184666666666667,0.743871,c
halide,ChooseHints,doitgen,DOUBLE,4,LARGE,77.86507327285416,0.009553333333333332,0.743871,c
halide,ChooseHints,doitgen,DOUBLE,5,LARGE,76.674557636145,0.009701666666666666,0.743871,c
halide,FromPlan,doitgen,DOUBLE,1,LARGE,58.60174365168981,0.012693666666666667,0.743871,c
halide,Naive,doitgen,DOUBLE,1,LARGE,78.19520655944496,0.009513,0.743871,c
halide,Naive,doitgen,DOUBLE,2,LARGE,6.2242368967133,0.119512,0.743871,c
halide,Naive,doitgen,DOUBLE,4,LARGE,5.820313600300455,0.127806,0.743871,c
halide,Naive,doitgen,DOUBLE,5,LARGE,5.030438075659007,0.14787399999999998,0.743871,c
halide,standard,doitgen,DOUBLE,3,LARGE,1.0806209418237478,0.6883736666666667,0.743871,c
halide,standard,doitgen,DOUBLE,4,LARGE,2.231851808143471,0.33329766666666666,0.743871,c
halide,standard,doitgen,DOUBLE,5,LARGE,2.2412593803731258,0.3318986666666667,0.743871,c
noarr,AllHints,doitgen,DOUBLE,1,LARGE,3.7907087748383743,0.19623533333333332,0.743871,c
noarr,AllHints,doitgen,DOUBLE,2,LARGE,3.8063296320933326,0.19543,0.743871,c
noarr,AllHints,doitgen,DOUBLE,3,LARGE,4.963518926697553,0.14986766666666665,0.743871,c
noarr,AllHints,doitgen,DOUBLE,4,LARGE,3.832529599060249,0.194094,0.743871,c
noarr,AllHints,doitgen,DOUBLE,5,LARGE,3.837861775181306,0.19382433333333335,0.743871,c
noarr,ChooseHints,doitgen,DOUBLE,1,LARGE,4.956144286120389,0.15009066666666668,0.743871,c
noarr,ChooseHints,doitgen,DOUBLE,2,LARGE,3.7703680801240784,0.197294,0.743871,c
noarr,ChooseHints,doitgen,DOUBLE,3,LARGE,3.840252550717504,0.1937036666666667,0.743871,c
noarr,ChooseHints,doitgen,DOUBLE,4,LARGE,3.8383172458393813,0.19380133333333335,0.743871,c
noarr,ChooseHints,doitgen,DOUBLE,5,LARGE,3.8398626907789457,0.19372333333333333,0.743871,c
noarr,FromPlan,doitgen,DOUBLE,1,LARGE,4.932133827221612,0.15082133333333334,0.743871,c
noarr,FromPlan,doitgen,DOUBLE,2,LARGE,4.081507127415585,0.182254,0.743871,c
noarr,FromPlan,doitgen,DOUBLE,3,LARGE,4.24332824375227,0.17530366666666666,0.743871,c
noarr,FromPlan,doitgen,DOUBLE,4,LARGE,3.537296257138826,0.21029366666666668,0.743871,c
noarr,FromPlan,doitgen,DOUBLE,5,LARGE,3.806167333259425,0.19543833333333335,0.743871,c
noarr,Naive,doitgen,DOUBLE,1,LARGE,3.8403979424838535,0.19369633333333333,0.743871,c
noarr,Naive,doitgen,DOUBLE,2,LARGE,4.667630892023493,0.15936799999999998,0.743871,c
noarr,Naive,doitgen,DOUBLE,3,LARGE,3.8392813518265547,0.19375266666666668,0.743871,c
noarr,Naive,doitgen,DOUBLE,4,LARGE,3.8392549315110913,0.19375399999999998,0.743871,c
noarr,Naive,doitgen,DOUBLE,5,LARGE,3.839756979693248,0.19372866666666666,0.743871,c
noarr,standard,doitgen,DOUBLE,1,LARGE,1.0590096921885441,0.7024213333333332,0.743871,c
noarr,standard,doitgen,DOUBLE,2,LARGE,1.0544122900023247,0.7054839999999999,0.743871,c
noarr,standard,doitgen,DOUBLE,3,LARGE,1.0374248991682427,0.7170359999999999,0.743871,c
noarr,standard,doitgen,DOUBLE,5,LARGE,1.0550633384173005,0.7050486666666668,0.743871,c
c,AllHints,durbin,DOUBLE,1,LARGE,0.07271861330793236,0.053191333333333334,0.003868,c
c,AllHints,durbin,DOUBLE,3,LARGE,0.7854870371623908,0.0049243333333333335,0.003868,c
c,AllHints,durbin,DOUBLE,4,LARGE,0.9880790190735694,0.003914666666666667,0.003868,c
c,AllHints,durbin,DOUBLE,5,LARGE,0.9806473421786528,0.0039443333333333335,0.003868,c
c,ChooseHints,durbin,DOUBLE,1,LARGE,0.9665167416291855,0.0040019999999999995,0.003868,c
c,ChooseHints,durbin,DOUBLE,2,LARGE,0.7866585316249745,0.004917,0.003868,c
c,ChooseHints,durbin,DOUBLE,3,LARGE,0.7823624595469256,0.004944,0.003868,c
c,ChooseHints,durbin,DOUBLE,4,LARGE,0.9660339660339661,0.004004,0.003868,c
c,ChooseHints,durbin,DOUBLE,5,LARGE,0.7814667654387499,0.004949666666666667,0.003868,c
c,FromPlan,durbin,DOUBLE,1,LARGE,0.9884156729131174,0.003913333333333334,0.003868,c
c,FromPlan,durbin,DOUBLE,2,LARGE,0.9891739834626204,0.003910333333333333,0.003868,c
c,FromPlan,durbin,DOUBLE,3,LARGE,0.9819751205889818,0.003939000000000001,0.003868,c
c,FromPlan,durbin,DOUBLE,4,LARGE,0.9796538623891935,0.003948333333333334,0.003868,c
c,FromPlan,durbin,DOUBLE,5,LARGE,0.9890896692806,0.0039106666666666665,0.003868,c
c,Naive,durbin,DOUBLE,1,LARGE,0.9812278031456113,0.003942,0.003868,c
c,Naive,durbin,DOUBLE,2,LARGE,0.7839481151195784,0.004934,0.003868,c
c,Naive,durbin,DOUBLE,3,LARGE,0.9699908049820279,0.003987666666666666,0.003868,c
c,Naive,durbin,DOUBLE,4,LARGE,0.9886683138791854,0.003912333333333334,0.003868,c
c,Naive,durbin,DOUBLE,5,LARGE,0.9695855614973261,0.0039893333333333334,0.003868,c
c,standard,durbin,DOUBLE,1,LARGE,1.0,0.003868,0.003868,c
exo,AllHints,durbin,DOUBLE,1,LARGE,0.9586913417052214,0.0040346666666666664,0.003868,c
exo,AllHints,durbin,DOUBLE,2,LARGE,0.8472546728971962,0.004565333333333334,0.003868,c
exo,AllHints,durbin,DOUBLE,3,LARGE,0.03582509794478045,0.107969,0.003868,c
exo,ChooseHints,durbin,DOUBLE,1,LARGE,0.903245893983031,0.004282333333333333,0.003868,c
exo,ChooseHints,durbin,DOUBLE,2,LARGE,0.5986071704926489,0.006461666666666667,0.003868,c
exo,ChooseHints,durbin,DOUBLE,3,LARGE,0.6632752214918548,0.005831666666666666,0.003868,c
exo,ChooseHints,durbin,DOUBLE,4,LARGE,0.0023799127488381925,1.6252696666666668,0.003868,c
exo,FromPlan,durbin,DOUBLE,2,LARGE,0.707086710133447,0.005470333333333333,0.003868,c
exo,FromPlan,durbin,DOUBLE,5,LARGE,0.852859032779656,0.004535333333333333,0.003868,c
exo,Naive,durbin,DOUBLE,3,LARGE,0.8103917871359732,0.004773,0.003868,c
exo,Naive,durbin,DOUBLE,4,LARGE,0.9601191461194771,0.0040286666666666665,0.003868,c
exo,standard,durbin,DOUBLE,1,LARGE,0.8506707719375413,0.004547,0.003868,c
exo,standard,durbin,DOUBLE,2,LARGE,0.8511075253043862,0.0045446666666666665,0.003868,c
exo,standard,durbin,DOUBLE,3,LARGE,0.846636509557858,0.004568666666666666,0.003868,c
exo,standard,durbin,DOUBLE,4,LARGE,0.8486178148310664,0.0045579999999999996,0.003868,c
exo,standard,durbin,DOUBLE,5,LARGE,0.8504837291116975,0.004548,0.003868,c
halide,FromPlan,durbin,DOUBLE,3,LARGE,0.17307262069891272,0.022348999999999997,0.003868,c
halide,standard,durbin,DOUBLE,4,LARGE,0.5254720825974732,0.0073609999999999995,0.003868,c
noarr,AllHints,durbin,DOUBLE,1,LARGE,1.0230999823664257,0.0037806666666666666,0.003868,c
noarr,AllHints,durbin,DOUBLE,2,LARGE,0.8724812030075187,0.004433333333333333,0.003868,c
noarr,AllHints,durbin,DOUBLE,3,LARGE,1.020580474934037,0.00379,0.003868,c
noarr,AllHints,durbin,DOUBLE,4,LARGE,1.8401522359657467,0.002102,0.003868,c
noarr,AllHints,durbin,DOUBLE,5,LARGE,1.0208498284507785,0.0037890000000000003,0.003868,c
noarr,ChooseHints,durbin,DOUBLE,1,LARGE,0.7678665960825833,0.005037333333333334,0.003868,c
noarr,ChooseHints,durbin,DOUBLE,2,LARGE,1.0195044807590932,0.003794,0.003868,c
noarr,ChooseHints,durbin,DOUBLE,3,LARGE,0.9858125902642086,0.0039236666666666664,0.003868,c
noarr,ChooseHints,durbin,DOUBLE,4,LARGE,0.9213911386374465,0.0041979999999999995,0.003868,c
noarr,ChooseHints,durbin,DOUBLE,5,LARGE,0.8750471306839605,0.004420333333333333,0.003868,c
noarr,FromPlan,durbin,DOUBLE,1,LARGE,1.0222887851290636,0.0037836666666666665,0.003868,c
noarr,FromPlan,durbin,DOUBLE,2,LARGE,1.0251789027299232,0.003773,0.003868,c
noarr,FromPlan,durbin,DOUBLE,3,LARGE,1.0253600777591234,0.0037723333333333337,0.003868,c
noarr,FromPlan,durbin,DOUBLE,4,LARGE,1.0204907220121362,0.003790333333333333,0.003868,c
noarr,FromPlan,durbin,DOUBLE,5,LARGE,1.024635761589404,0.003775,0.003868,c
noarr,Naive,durbin,DOUBLE,1,LARGE,0.9194200142619444,0.004207,0.003868,c
noarr,Naive,durbin,DOUBLE,2,LARGE,0.8808927351400592,0.004391,0.003868,c
noarr,Naive,durbin,DOUBLE,3,LARGE,1.0189673340358272,0.0037960000000000003,0.003868,c
noarr,Naive,durbin,DOUBLE,4,LARGE,1.0238221281101112,0.003778,0.003868,c
noarr,Naive,durbin,DOUBLE,5,LARGE,1.0185201439480382,0.0037976666666666666,0.003868,c
noarr,standard,durbin,DOUBLE,1,LARGE,0.8825676909035595,0.004382666666666667,0.003868,c
noarr,standard,durbin,DOUBLE,2,LARGE,0.8826348216323117,0.004382333333333333,0.003868,c
noarr,standard,durbin,DOUBLE,3,LARGE,0.8831722353299338,0.004379666666666666,0.003868,c
noarr,standard,durbin,DOUBLE,5,LARGE,0.8820980615735462,0.004385,0.003868,c
c,AllHints,fdtd-2d,DOUBLE,1,LARGE,14.268088026921713,0.120448,1.7185626666666665,c
c,AllHints,fdtd-2d,DOUBLE,2,LARGE,7.783498166479714,0.2207956666666667,1.7185626666666665,c
c,AllHints,fdtd-2d,DOUBLE,4,LARGE,8.212048039246916,0.20927333333333334,1.7185626666666665,c
c,ChooseHints,fdtd-2d,DOUBLE,2,LARGE,14.874651264104507,0.11553633333333334,1.7185626666666665,c
c,ChooseHints,fdtd-2d,DOUBLE,3,LARGE,14.321832949987222,0.11999599999999999,1.7185626666666665,c
c,ChooseHints,fdtd-2d,DOUBLE,5,LARGE,14.756339656771267,0.11646266666666666,1.7185626666666665,c
c,FromPlan,fdtd-2d,DOUBLE,1,LARGE,0.8427983054740249,2.0391150000000002,1.7185626666666665,c
c,FromPlan,fdtd-2d,DOUBLE,2,LARGE,0.6234538020709448,2.7565196666666663,1.7185626666666665,c
c,FromPlan,fdtd-2d,DOUBLE,3,LARGE,0.6581397771278246,2.611242666666667,1.7185626666666665,c
c,FromPlan,fdtd-2d,DOUBLE,5,LARGE,0.6590370880353498,2.6076873333333332,1.7185626666666665,c
c,Naive,fdtd-2d,DOUBLE,1,LARGE,1.4784636238946338,1.1623976666666667,1.7185626666666665,c
c,Naive,fdtd-2d,DOUBLE,2,LARGE,1.0035574331978825,1.7124706666666665,1.7185626666666665,c
c,Naive,fdtd-2d,DOUBLE,3,LARGE,1.4763256737861594,1.1640810000000001,1.7185626666666665,c
c,Naive,fdtd-2d,DOUBLE,4,LARGE,0.9826079681063811,1.748981,1.7185626666666665,c
c,Naive,fdtd-2d,DOUBLE,5,LARGE,0.8402995272132703,2.0451786666666667,1.7185626666666665,c
c,standard,fdtd-2d,DOUBLE,1,LARGE,1.0,1.7185626666666665,1.7185626666666665,c
exo,AllHints,fdtd-2d,DOUBLE,3,LARGE,11.318023660403618,0.15184299999999998,1.7185626666666665,c
exo,AllHints,fdtd-2d,DOUBLE,4,LARGE,11.198328402816692,0.153466,1.7185626666666665,c
exo,AllHints,fdtd-2d,DOUBLE,5,LARGE,11.808018762052647,0.145542,1.7185626666666665,c
exo,ChooseHints,fdtd-2d,DOUBLE,4,LARGE,11.196747621415835,0.15348766666666666,1.7185626666666665,c
exo,FromPlan,fdtd-2d,DOUBLE,2,LARGE,0.5114657704429297,3.3600736666666666,1.7185626666666665,c
exo,FromPlan,fdtd-2d,DOUBLE,4,LARGE,0.4920993986402879,3.492308,1.7185626666666665,c
exo,Naive,fdtd-2d,DOUBLE,1,LARGE,11.152907481077197,0.154091,1.7185626666666665,c
exo,Naive,fdtd-2d,DOUBLE,2,LARGE,12.13868510025145,0.14157733333333333,1.7185626666666665,c
exo,Naive,fdtd-2d,DOUBLE,3,LARGE,0.9684571183839535,1.7745366666666669,1.7185626666666665,c
exo,standard,fdtd-2d,DOUBLE,1,LARGE,0.96359066523926,1.7834986666666666,1.7185626666666665,c
exo,standard,fdtd-2d,DOUBLE,2,LARGE,0.9659783061418465,1.7790903333333332,1.7185626666666665,c
exo,standard,fdtd-2d,DOUBLE,3,LARGE,0.9584124932799245,1.7931346666666668,1.7185626666666665,c
exo,standard,fdtd-2d,DOUBLE,4,LARGE,0.9631550354984085,1.7843053333333334,1.7185626666666665,c
exo,standard,fdtd-2d,DOUBLE,5,LARGE,0.97284180589688,1.7665386666666667,1.7185626666666665,c
halide,AllHints,fdtd-2d,DOUBLE,1,LARGE,0.4266387299033839,4.028145,1.7185626666666665,c
halide,AllHints,fdtd-2d,DOUBLE,5,LARGE,0.30814115033613976,5.577193,1.7185626666666665,c
halide,ChooseHints,fdtd-2d,DOUBLE,1,LARGE,0.2629272169239499,6.536267666666667,1.7185626666666665,c
halide,ChooseHints,fdtd-2d,DOUBLE,5,LARGE,0.14814163944849468,11.600807666666668,1.7185626666666665,c
halide,FromPlan,fdtd-2d,DOUBLE,4,LARGE,0.16779380525452253,10.242110333333335,1.7185626666666665,c
halide,FromPlan,fdtd-2d,DOUBLE,5,LARGE,1.734900805855678,0.9905826666666666,1.7185626666666665,c
halide,Naive,fdtd-2d,DOUBLE,1,LARGE,0.15725887896915874,10.928239333333332,1.7185626666666665,c
halide,Naive,fdtd-2d,DOUBLE,3,LARGE,1.3886877587954423,1.2375443333333334,1.7185626666666665,c
halide,Naive,fdtd-2d,DOUBLE,5,LARGE,0.32506795724858084,5.286779666666667,1.7185626666666665,c
halide,standard,fdtd-2d,DOUBLE,1,LARGE,0.3369911328581009,5.099726666666666,1.7185626666666665,c
halide,standard,fdtd-2d,DOUBLE,3,LARGE,0.3275853743213438,5.2461519999999995,1.7185626666666665,c
halide,standard,fdtd-2d,DOUBLE,5,LARGE,0.32772009840334204,5.243995333333333,1.7185626666666665,c
noarr,AllHints,fdtd-2d,DOUBLE,1,LARGE,6.840404345962842,0.251237,1.7185626666666665,c
noarr,AllHints,fdtd-2d,DOUBLE,4,LARGE,11.514709166763447,0.14924933333333332,1.7185626666666665,c
noarr,AllHints,fdtd-2d,DOUBLE,5,LARGE,0.9657405473547764,1.7795283333333334,1.7185626666666665,c
noarr,ChooseHints,fdtd-2d,DOUBLE,1,LARGE,13.70304376946875,0.12541466666666665,1.7185626666666665,c
noarr,ChooseHints,fdtd-2d,DOUBLE,3,LARGE,8.66103340646492,0.1984246666666667,1.7185626666666665,c
noarr,ChooseHints,fdtd-2d,DOUBLE,5,LARGE,10.819412325139238,0.15884066666666666,1.7185626666666665,c
noarr,FromPlan,fdtd-2d,DOUBLE,2,LARGE,0.49275757364332934,3.487643333333333,1.7185626666666665,c
noarr,FromPlan,fdtd-2d,DOUBLE,3,LARGE,1.0355837753812216,1.6595110000000002,1.7185626666666665,c
noarr,FromPlan,fdtd-2d,DOUBLE,5,LARGE,0.46089486956136166,3.728752,1.7185626666666665,c
noarr,Naive,fdtd-2d,DOUBLE,1,LARGE,0.963256347255123,1.7841176666666667,1.7185626666666665,c
noarr,Naive,fdtd-2d,DOUBLE,2,LARGE,0.9480516781953121,1.812731,1.7185626666666665,c
noarr,Naive,fdtd-2d,DOUBLE,3,LARGE,0.9657400046604082,1.7795293333333333,1.7185626666666665,c
noarr,Naive,fdtd-2d,DOUBLE,4,LARGE,0.830781244284609,2.0686103333333334,1.7185626666666665,c
noarr,standard,fdtd-2d,DOUBLE,1,LARGE,0.9437751643606295,1.820945,1.7185626666666665,c
noarr,standard,fdtd-2d,DOUBLE,2,LARGE,0.9498725811420088,1.8092560000000002,1.7185626666666665,c
noarr,standard,fdtd-2d,DOUBLE,3,LARGE,0.9649555449745906,1.7809760000000001,1.7185626666666665,c
noarr,standard,fdtd-2d,DOUBLE,4,LARGE,0.9523147025341858,1.8046163333333334,1.7185626666666665,c
noarr,standard,fdtd-2d,DOUBLE,5,LARGE,0.9645991638387381,1.7816340000000002,1.7185626666666665,c
c,AllHints,gemver,DOUBLE,1,LARGE,6.7024539877300615,0.0026079999999999996,0.01748,c
c,AllHints,gemver,DOUBLE,2,LARGE,10.816831683168315,0.001616,0.01748,c
c,AllHints,gemver,DOUBLE,3,LARGE,7.310748640736092,0.0023910000000000003,0.01748,c
c,AllHints,gemver,DOUBLE,4,LARGE,2.8202646014843498,0.0061979999999999995,0.01748,c
c,AllHints,gemver,DOUBLE,5,LARGE,13.589012697590048,0.0012863333333333333,0.01748,c
c,ChooseHints,gemver,DOUBLE,1,LARGE,2.808182499732248,0.0062246666666666665,0.01748,c
c,ChooseHints,gemver,DOUBLE,2,LARGE,11.390095569070372,0.0015346666666666668,0.01748,c
c,ChooseHints,gemver,DOUBLE,3,LARGE,2.7972475596095374,0.006249,0.01748,c
c,ChooseHints,gemver,DOUBLE,4,LARGE,2.7999359282396283,0.006242999999999999,0.01748,c
c,ChooseHints,gemver,DOUBLE,5,LARGE,2.8166290686432482,0.006206,0.01748,c
c,FromPlan,gemver,DOUBLE,1,LARGE,1.8675213675213673,0.00936,0.01748,c
c,FromPlan,gemver,DOUBLE,2,LARGE,1.8693854270640238,0.009350666666666667,0.01748,c
c,FromPlan,gemver,DOUBLE,3,LARGE,1.204409738171796,0.014513333333333335,0.01748,c
c,FromPlan,gemver,DOUBLE,4,LARGE,1.1760484413545638,0.014863333333333333,0.01748,c
c,Naive,gemver,DOUBLE,1,LARGE,1.3051269288203085,0.013393333333333333,0.01748,c
c,Naive,gemver,DOUBLE,2,LARGE,1.544897478199387,0.011314666666666667,0.01748,c
c,Naive,gemver,DOUBLE,3,LARGE,1.8556919919317738,0.009419666666666666,0.01748,c
c,Naive,gemver,DOUBLE,4,LARGE,1.5412649894192334,0.011341333333333333,0.01748,c
c,Naive,gemver,DOUBLE,5,LARGE,1.536973533808142,0.011373,0.01748,c
c,standard,gemver,DOUBLE,1,LARGE,1.0,0.01748,0.01748,c
exo,AllHints,gemver,DOUBLE,1,LARGE,3.758331541603956,0.004651,0.01748,c
exo,AllHints,gemver,DOUBLE,2,LARGE,2.782553326965934,0.006282,0.01748,c
exo,AllHints,gemver,DOUBLE,3,LARGE,5.327644010972265,0.0032809999999999996,0.01748,c
exo,AllHints,gemver,DOUBLE,4,LARGE,2.7847697944878123,0.0062770000000000005,0.01748,c
exo,AllHints,gemver,DOUBLE,5,LARGE,5.251877816725087,0.0033283333333333338,0.01748,c
exo,ChooseHints,gemver,DOUBLE,1,LARGE,3.7586009174311923,0.004650666666666667,0.01748,c
exo,ChooseHints,gemver,DOUBLE,2,LARGE,4.902309058614565,0.0035656666666666666,0.01748,c
exo,FromPlan,gemver,DOUBLE,1,LARGE,0.7474770511431666,0.02338533333333333,0.01748,c
exo,FromPlan,gemver,DOUBLE,2,LARGE,0.29910849242247073,0.05844033333333334,0.01748,c
exo,Naive,gemver,DOUBLE,5,LARGE,5.738045738045738,0.003046333333333333,0.01748,c
exo,standard,gemver,DOUBLE,1,LARGE,0.9377682403433476,0.01864,0.01748,c
exo,standard,gemver,DOUBLE,2,LARGE,0.9332787556283256,0.01872966666666667,0.01748,c
exo,standard,gemver,DOUBLE,3,LARGE,0.9302490598169303,0.018790666666666667,0.01748,c
exo,standard,gemver,DOUBLE,4,LARGE,0.9331126888378797,0.018733,0.01748,c
exo,standard,gemver,DOUBLE,5,LARGE,0.9322832405909439,0.018749666666666664,0.01748,c
halide,standard,gemver,DOUBLE,1,LARGE,0.0009353125431404884,18.68894,0.01748,c
halide,standard,gemver,DOUBLE,4,LARGE,0.6514123872698815,0.026834,0.01748,c
noarr,AllHints,gemver,DOUBLE,1,LARGE,1.566823030266814,0.011156333333333332,0.01748,c
noarr,AllHints,gemver,DOUBLE,2,LARGE,2.017000653871303,0.008666333333333333,0.01748,c
noarr,AllHints,gemver,DOUBLE,3,LARGE,2.0243977764051886,0.008634666666666665,0.01748,c
noarr,AllHints,gemver,DOUBLE,4,LARGE,0.9854179194227299,0.017738666666666666,0.01748,c
noarr,AllHints,gemver,DOUBLE,5,LARGE,3.039823778331691,0.005750333333333333,0.01748,c
noarr,ChooseHints,gemver,DOUBLE,1,LARGE,1.5501034584688147,0.011276666666666666,0.01748,c
noarr,ChooseHints,gemver,DOUBLE,2,LARGE,1.5046482267875587,0.011617333333333334,0.01748,c
noarr,ChooseHints,gemver,DOUBLE,3,LARGE,2.0029027576197387,0.008727333333333333,0.01748,c
noarr,ChooseHints,gemver,DOUBLE,4,LARGE,1.5561292619959048,0.011233,0.01748,c
noarr,ChooseHints,gemver,DOUBLE,5,LARGE,0.9785042543663232,0.017864,0.01748,c
noarr,FromPlan,gemver,DOUBLE,1,LARGE,1.015059424722233,0.017220666666666665,0.01748,c
noarr,FromPlan,gemver,DOUBLE,2,LARGE,1.5674787027350172,0.011151666666666666,0.01748,c
noarr,FromPlan,gemver,DOUBLE,3,LARGE,1.5642058165548098,0.011175,0.01748,c
noarr,FromPlan,gemver,DOUBLE,4,LARGE,1.5639259192985593,0.011177000000000001,0.01748,c
noarr,Naive,gemver,DOUBLE,1,LARGE,1.4779324728031114,0.011827333333333334,0.01748,c
noarr,Naive,gemver,DOUBLE,2,LARGE,1.502535743961491,0.011633666666666667,0.01748,c
noarr,Naive,gemver,DOUBLE,3,LARGE,1.5029663810151614,0.011630333333333333,0.01748,c
noarr,Naive,gemver,DOUBLE,4,LARGE,1.5510662841255287,0.011269666666666666,0.01748,c
noarr,Naive,gemver,DOUBLE,5,LARGE,1.518063918480778,0.011514666666666666,0.01748,c
noarr,standard,gemver,DOUBLE,1,LARGE,1.0395686305606215,0.01681466666666667,0.01748,c
noarr,standard,gemver,DOUBLE,2,LARGE,1.0395686305606215,0.01681466666666667,0.01748,c
noarr,standard,gemver,DOUBLE,3,LARGE,1.0394243919843016,0.016817,0.01748,c
noarr,standard,gemver,DOUBLE,5,LARGE,1.0372861240233409,0.016851666666666668,0.01748,c
c,AllHints,gesummv,DOUBLE,1,LARGE,6.802693847834,0.0009156666666666666,0.006228999999999999,c
c,AllHints,gesummv,DOUBLE,2,LARGE,6.835040234089246,0.0009113333333333333,0.006228999999999999,c
c,AllHints,gesummv,DOUBLE,3,LARGE,6.918548685671972,0.0009003333333333334,0.006228999999999999,c
c,AllHints,gesummv,DOUBLE,4,LARGE,7.009377344336084,0.0008886666666666666,0.006228999999999999,c
c,AllHints,gesummv,DOUBLE,5,LARGE,6.941679049034175,0.0008973333333333333,0.006228999999999999,c
c,ChooseHints,gesummv,DOUBLE,1,LARGE,6.944258639910814,0.0008969999999999999,0.006228999999999999,c
c,ChooseHints,gesummv,DOUBLE,2,LARGE,6.882872928176795,0.000905,0.006228999999999999,c
c,ChooseHints,gesummv,DOUBLE,3,LARGE,6.939101373932416,0.0008976666666666667,0.006228999999999999,c
c,ChooseHints,gesummv,DOUBLE,4,LARGE,6.688260558339297,0.0009313333333333334,0.006228999999999999,c
c,ChooseHints,gesummv,DOUBLE,5,LARGE,6.845054945054945,0.0009099999999999999,0.006228999999999999,c
c,FromPlan,gesummv,DOUBLE,1,LARGE,7.6869600987248035,0.0008103333333333334,0.006228999999999999,c
c,FromPlan,gesummv,DOUBLE,2,LARGE,7.041070082893744,0.0008846666666666667,0.006228999999999999,c
c,FromPlan,gesummv,DOUBLE,3,LARGE,2.236357108664432,0.0027853333333333337,0.006228999999999999,c
c,FromPlan,gesummv,DOUBLE,4,LARGE,7.030474040632054,0.000886,0.006228999999999999,c
c,FromPlan,gesummv,DOUBLE,5,LARGE,7.53204353083434,0.000827,0.006228999999999999,c
c,Naive,gesummv,DOUBLE,1,LARGE,6.061303924748621,0.0010276666666666665,0.006228999999999999,c
c,Naive,gesummv,DOUBLE,2,LARGE,2.2481953801732435,0.0027706666666666665,0.006228999999999999,c
c,Naive,gesummv,DOUBLE,3,LARGE,2.23957334611697,0.0027813333333333336,0.006228999999999999,c
c,Naive,gesummv,DOUBLE,4,LARGE,2.1984705882352937,0.0028333333333333335,0.006228999999999999,c
c,Naive,gesummv,DOUBLE,5,LARGE,7.073050719152156,0.0008806666666666668,0.006228999999999999,c
c,standard,gesummv,DOUBLE,1,LARGE,1.0,0.006228999999999999,0.006228999999999999,c
exo,AllHints,gesummv,DOUBLE,2,LARGE,6.7486457204767065,0.0009229999999999999,0.006228999999999999,c
exo,AllHints,gesummv,DOUBLE,3,LARGE,7.192840646651269,0.000866,0.006228999999999999,c
exo,AllHints,gesummv,DOUBLE,4,LARGE,6.898117386489479,0.000903,0.006228999999999999,c
exo,AllHints,gesummv,DOUBLE,5,LARGE,7.06235827664399,0.000882,0.006228999999999999,c
exo,ChooseHints,gesummv,DOUBLE,1,LARGE,7.057024169184289,0.0008826666666666667,0.006228999999999999,c
exo,ChooseHints,gesummv,DOUBLE,3,LARGE,7.065028355387524,0.0008816666666666666,0.006228999999999999,c
exo,ChooseHints,gesummv,DOUBLE,4,LARGE,6.867695700110254,0.0009069999999999999,0.006228999999999999,c
exo,ChooseHints,gesummv,DOUBLE,5,LARGE,6.923675435346424,0.0008996666666666667,0.006228999999999999,c
exo,FromPlan,gesummv,DOUBLE,2,LARGE,7.80250521920668,0.0007983333333333333,0.006228999999999999,c
exo,FromPlan,gesummv,DOUBLE,3,LARGE,2.09448554135844,0.0029739999999999996,0.006228999999999999,c
exo,FromPlan,gesummv,DOUBLE,5,LARGE,6.743774810537711,0.0009236666666666667,0.006228999999999999,c
exo,Naive,gesummv,DOUBLE,1,LARGE,7.083775587566336,0.0008793333333333334,0.006228999999999999,c
exo,Naive,gesummv,DOUBLE,2,LARGE,6.325998645903859,0.0009846666666666667,0.006228999999999999,c
exo,Naive,gesummv,DOUBLE,3,LARGE,6.855099046221569,0.0009086666666666667,0.006228999999999999,c
exo,Naive,gesummv,DOUBLE,4,LARGE,6.62659574468085,0.00094,0.006228999999999999,c
exo,Naive,gesummv,DOUBLE,5,LARGE,1.0013396206194405,0.006220666666666667,0.006228999999999999,c
exo,standard,gesummv,DOUBLE,1,LARGE,0.9983438401538626,0.006239333333333333,0.006228999999999999,c
exo,standard,gesummv,DOUBLE,2,LARGE,0.9993048128342245,0.006233333333333334,0.006228999999999999,c
exo,standard,gesummv,DOUBLE,3,LARGE,1.0029519106912836,0.006210666666666666,0.006228999999999999,c
exo,standard,gesummv,DOUBLE,4,LARGE,1.0031134253046325,0.006209666666666666,0.006228999999999999,c
exo,standard,gesummv,DOUBLE,5,LARGE,0.9984505236161572,0.006238666666666667,0.006228999999999999,c
halide,FromPlan,gesummv,DOUBLE,1,LARGE,1.7971725331794575,0.003466,0.006228999999999999,c
halide,Naive,gesummv,DOUBLE,4,LARGE,1.0985890652557317,0.0056700000000000006,0.006228999999999999,c
halide,Naive,gesummv,DOUBLE,5,LARGE,1.49711584681942,0.004160666666666667,0.006228999999999999,c
halide,standard,gesummv,DOUBLE,1,LARGE,1.0523737117756378,0.005919,0.006228999999999999,c
halide,standard,gesummv,DOUBLE,2,LARGE,1.1700582305428588,0.005323666666666667,0.006228999999999999,c
halide,standard,gesummv,DOUBLE,3,LARGE,1.049772484691871,0.005933666666666667,0.006228999999999999,c
halide,standard,gesummv,DOUBLE,4,LARGE,1.0545115964110376,0.005907,0.006228999999999999,c
halide,standard,gesummv,DOUBLE,5,LARGE,1.05083506719901,0.005927666666666667,0.006228999999999999,c
noarr,AllHints,gesummv,DOUBLE,1,LARGE,2.3437852753041515,0.0026576666666666663,0.006228999999999999,c
noarr,AllHints,gesummv,DOUBLE,2,LARGE,19.06836734693877,0.0003266666666666667,0.006228999999999999,c
noarr,AllHints,gesummv,DOUBLE,3,LARGE,2.3013546798029556,0.0027066666666666667,0.006228999999999999,c
noarr,AllHints,gesummv,DOUBLE,4,LARGE,2.306467538879289,0.0027006666666666668,0.006228999999999999,c
noarr,AllHints,gesummv,DOUBLE,5,LARGE,1.960860440713536,0.0031766666666666666,0.006228999999999999,c
noarr,ChooseHints,gesummv,DOUBLE,1,LARGE,1.9021783387622149,0.0032746666666666666,0.006228999999999999,c
noarr,ChooseHints,gesummv,DOUBLE,2,LARGE,2.3341244066949787,0.0026686666666666664,0.006228999999999999,c
noarr,ChooseHints,gesummv,DOUBLE,3,LARGE,1.871882199739557,0.0033276666666666667,0.006228999999999999,c
noarr,ChooseHints,gesummv,DOUBLE,4,LARGE,1.9066421793694517,0.0032670000000000004,0.006228999999999999,c
noarr,ChooseHints,gesummv,DOUBLE,5,LARGE,2.3262790987177886,0.0026776666666666667,0.006228999999999999,c
noarr,FromPlan,gesummv,DOUBLE,1,LARGE,2.1583506583506584,0.0028859999999999997,0.006228999999999999,c
noarr,FromPlan,gesummv,DOUBLE,3,LARGE,2.0076278470133215,0.0031026666666666668,0.006228999999999999,c
noarr,FromPlan,gesummv,DOUBLE,4,LARGE,2.321078126940753,0.0026836666666666662,0.006228999999999999,c
noarr,Naive,gesummv,DOUBLE,1,LARGE,2.300787983255355,0.0027073333333333337,0.006228999999999999,c
noarr,Naive,gesummv,DOUBLE,2,LARGE,2.321366459627329,0.002683333333333333,0.006228999999999999,c
noarr,Naive,gesummv,DOUBLE,3,LARGE,2.337920680595521,0.0026643333333333332,0.006228999999999999,c
noarr,Naive,gesummv,DOUBLE,4,LARGE,2.2841950861752838,0.0027270000000000003,0.006228999999999999,c
noarr,Naive,gesummv,DOUBLE,5,LARGE,2.3190618019359643,0.0026859999999999996,0.006228999999999999,c
noarr,standard,gesummv,DOUBLE,1,LARGE,1.1153088630259624,0.005585,0.006228999999999999,c
noarr,standard,gesummv,DOUBLE,2,LARGE,1.1167752345664257,0.005577666666666666,0.006228999999999999,c
noarr,standard,gesummv,DOUBLE,3,LARGE,1.1248419912117016,0.005537666666666666,0.006228999999999999,c
noarr,standard,gesummv,DOUBLE,4,LARGE,1.1243682310469314,0.00554,0.006228999999999999,c
noarr,standard,gesummv,DOUBLE,5,LARGE,1.1195183321351545,0.0055639999999999995,0.006228999999999999,c
c,ChooseHints,gramschmidt,DOUBLE,1,LARGE,4.103553372666523,0.6150869999999999,2.5240423333333335,c
c,ChooseHints,gramschmidt,DOUBLE,4,LARGE,4.024109709888452,0.62723,2.5240423333333335,c
c,Naive,gramschmidt,DOUBLE,1,LARGE,4.949354934434566,0.509974,2.5240423333333335,c
c,standard,gramschmidt,DOUBLE,1,LARGE,1.0,2.5240423333333335,2.5240423333333335,c
c,AllHints,jacobi-1d,DOUBLE,1,LARGE,0.10635636584164045,0.008794333333333333,0.0009353333333333333,c
c,AllHints,jacobi-1d,DOUBLE,2,LARGE,0.12758024915886151,0.007331333333333333,0.0009353333333333333,c
c,AllHints,jacobi-1d,DOUBLE,4,LARGE,0.1251393658297284,0.007474333333333333,0.0009353333333333333,c
c,AllHints,jacobi-1d,DOUBLE,5,LARGE,0.1091531489477574,0.008569,0.0009353333333333333,c
c,ChooseHints,jacobi-1d,DOUBLE,2,LARGE,0.11140667804819945,0.008395666666666668,0.0009353333333333333,c
c,ChooseHints,jacobi-1d,DOUBLE,3,LARGE,0.11385676607831202,0.008215,0.0009353333333333333,c
c,ChooseHints,jacobi-1d,DOUBLE,4,LARGE,0.10885673274624666,0.008592333333333332,0.0009353333333333333,c
c,ChooseHints,jacobi-1d,DOUBLE,5,LARGE,0.10916164170394865,0.008568333333333332,0.0009353333333333333,c
c,FromPlan,jacobi-1d,DOUBLE,2,LARGE,0.128881131728826,0.0072573333333333335,0.0009353333333333333,c
c,FromPlan,jacobi-1d,DOUBLE,3,LARGE,0.10971223021582732,0.008525333333333334,0.0009353333333333333,c
c,FromPlan,jacobi-1d,DOUBLE,4,LARGE,0.10685453160700685,0.008753333333333333,0.0009353333333333333,c
c,FromPlan,jacobi-1d,DOUBLE,5,LARGE,0.10853252881565716,0.008617999999999999,0.0009353333333333333,c
c,Naive,jacobi-1d,DOUBLE,2,LARGE,0.20211769790391126,0.004627666666666666,0.0009353333333333333,c
c,Naive,jacobi-1d,DOUBLE,3,LARGE,1.0681385610963074,0.0008756666666666666,0.0009353333333333333,c
c,Naive,jacobi-1d,DOUBLE,4,LARGE,1.0746840291076216,0.0008703333333333333,0.0009353333333333333,c
c,Naive,jacobi-1d,DOUBLE,5,LARGE,1.0784012298232128,0.0008673333333333333,0.0009353333333333333,c
c,standard,jacobi-1d,DOUBLE,1,LARGE,1.0,0.0009353333333333333,0.0009353333333333333,c
exo,AllHints,jacobi-1d,DOUBLE,1,LARGE,0.03248061118184975,0.028796666666666665,0.0009353333333333333,c
exo,AllHints,jacobi-1d,DOUBLE,2,LARGE,0.03245018561136104,0.028823666666666664,0.0009353333333333333,c
exo,AllHints,jacobi-1d,DOUBLE,3,LARGE,0.03200602251599731,0.029223666666666665,0.0009353333333333333,c
exo,AllHints,jacobi-1d,DOUBLE,4,LARGE,0.032486627920439014,0.028791333333333335,0.0009353333333333333,c
exo,AllHints,jacobi-1d,DOUBLE,5,LARGE,0.03193172119487909,0.029291666666666664,0.0009353333333333333,c
exo,ChooseHints,jacobi-1d,DOUBLE,1,LARGE,0.035387739144691205,0.026431,0.0009353333333333333,c
exo,ChooseHints,jacobi-1d,DOUBLE,3,LARGE,0.032837148340588866,0.028484,0.0009353333333333333,c
exo,ChooseHints,jacobi-1d,DOUBLE,4,LARGE,0.035280508964719494,0.02651133333333333,0.0009353333333333333,c
exo,ChooseHints,jacobi-1d,DOUBLE,5,LARGE,0.0325499385193606,0.028735333333333335,0.0009353333333333333,c
exo,FromPlan,jacobi-1d,DOUBLE,1,LARGE,0.03154403912090383,0.029651666666666663,0.0009353333333333333,c
exo,FromPlan,jacobi-1d,DOUBLE,4,LARGE,0.036592681463707255,0.025560666666666666,0.0009353333333333333,c
exo,Naive,jacobi-1d,DOUBLE,1,LARGE,0.0331541324511136,0.028211666666666666,0.0009353333333333333,c
exo,Naive,jacobi-1d,DOUBLE,2,LARGE,0.0322732762090977,0.028981666666666666,0.0009353333333333333,c
exo,Naive,jacobi-1d,DOUBLE,5,LARGE,0.032274389823100456,0.028980666666666665,0.0009353333333333333,c
exo,standard,jacobi-1d,DOUBLE,1,LARGE,0.9971570717839373,0.000938,0.0009353333333333333,c
exo,standard,jacobi-1d,DOUBLE,2,LARGE,0.9971570717839373,0.000938,0.0009353333333333333,c
exo,standard,jacobi-1d,DOUBLE,3,LARGE,0.9975115535015997,0.0009376666666666666,0.0009353333333333333,c
exo,standard,jacobi-1d,DOUBLE,4,LARGE,0.993626062322946,0.0009413333333333334,0.0009353333333333333,c
exo,standard,jacobi-1d,DOUBLE,5,LARGE,1.002142857142857,0.0009333333333333333,0.0009353333333333333,c
halide,AllHints,jacobi-1d,DOUBLE,5,LARGE,0.35677050222504764,0.0026216666666666667,0.0009353333333333333,c
halide,ChooseHints,jacobi-1d,DOUBLE,3,LARGE,0.0009982010325653304,0.9370189999999999,0.0009353333333333333,c
halide,ChooseHints,jacobi-1d,DOUBLE,4,LARGE,0.3367334693387735,0.0027776666666666666,0.0009353333333333333,c
halide,FromPlan,jacobi-1d,DOUBLE,1,LARGE,0.04176900519507584,0.022393,0.0009353333333333333,c
halide,FromPlan,jacobi-1d,DOUBLE,4,LARGE,0.11196680100554646,0.008353666666666667,0.0009353333333333333,c
halide,FromPlan,jacobi-1d,DOUBLE,5,LARGE,0.3676143063015852,0.0025443333333333333,0.0009353333333333333,c
halide,Naive,jacobi-1d,DOUBLE,1,LARGE,0.0695484062856293,0.013448666666666666,0.0009353333333333333,c
halide,Naive,jacobi-1d,DOUBLE,3,LARGE,0.07092843962488309,0.013186999999999999,0.0009353333333333333,c
halide,Naive,jacobi-1d,DOUBLE,4,LARGE,0.36220472440944873,0.0025823333333333336,0.0009353333333333333,c
halide,Naive,jacobi-1d,DOUBLE,5,LARGE,0.13065747811510522,0.0071586666666666665,0.0009353333333333333,c
halide,standard,jacobi-1d,DOUBLE,2,LARGE,0.5761806981519506,0.0016233333333333334,0.0009353333333333333,c
noarr,AllHints,jacobi-1d,DOUBLE,1,LARGE,0.031659351694102514,0.029543666666666666,0.0009353333333333333,c
noarr,AllHints,jacobi-1d,DOUBLE,2,LARGE,1.3477425552353504,0.0006940000000000001,0.0009353333333333333,c
noarr,AllHints,jacobi-1d,DOUBLE,3,LARGE,1.3748162665360113,0.0006803333333333335,0.0009353333333333333,c
noarr,AllHints,jacobi-1d,DOUBLE,4,LARGE,0.034279710711493355,0.02728533333333333,0.0009353333333333333,c
noarr,AllHints,jacobi-1d,DOUBLE,5,LARGE,1.3788697788697788,0.0006783333333333333,0.0009353333333333333,c
noarr,ChooseHints,jacobi-1d,DOUBLE,1,LARGE,0.032397732389650276,0.02887033333333333,0.0009353333333333333,c
noarr,ChooseHints,jacobi-1d,DOUBLE,2,LARGE,0.5183816737483835,0.0018043333333333334,0.0009353333333333333,c
noarr,ChooseHints,jacobi-1d,DOUBLE,3,LARGE,0.03142921146953405,0.029759999999999998,0.0009353333333333333,c
noarr,ChooseHints,jacobi-1d,DOUBLE,4,LARGE,0.03151746602268898,0.029676666666666667,0.0009353333333333333,c
noarr,ChooseHints,jacobi-1d,DOUBLE,5,LARGE,0.08778351321758172,0.010655,0.0009353333333333333,c
noarr,FromPlan,jacobi-1d,DOUBLE,1,LARGE,0.7816155988857937,0.0011966666666666668,0.0009353333333333333,c
noarr,FromPlan,jacobi-1d,DOUBLE,2,LARGE,1.3374642516682553,0.0006993333333333334,0.0009353333333333333,c
noarr,FromPlan,jacobi-1d,DOUBLE,3,LARGE,0.24733362714852353,0.003781666666666667,0.0009353333333333333,c
noarr,FromPlan,jacobi-1d,DOUBLE,4,LARGE,0.7721518987341771,0.0012113333333333334,0.0009353333333333333,c
noarr,FromPlan,jacobi-1d,DOUBLE,5,LARGE,0.4776170212765957,0.001958333333333333,0.0009353333333333333,c
noarr,Naive,jacobi-1d,DOUBLE,1,LARGE,0.032587740691705565,0.028702000000000002,0.0009353333333333333,c
noarr,Naive,jacobi-1d,DOUBLE,3,LARGE,0.0255718581973936,0.03657666666666667,0.0009353333333333333,c
noarr,Naive,jacobi-1d,DOUBLE,4,LARGE,0.5311376112057542,0.0017610000000000002,0.0009353333333333333,c
noarr,Naive,jacobi-1d,DOUBLE,5,LARGE,0.5595214356929211,0.0016716666666666668,0.0009353333333333333,c
noarr,standard,jacobi-1d,DOUBLE,1,LARGE,1.3863636363636362,0.0006746666666666666,0.0009353333333333333,c
noarr,standard,jacobi-1d,DOUBLE,2,LARGE,1.3413001912045888,0.0006973333333333333,0.0009353333333333333,c
noarr,standard,jacobi-1d,DOUBLE,3,LARGE,1.3621359223300968,0.0006866666666666667,0.0009353333333333333,c
noarr,standard,jacobi-1d,DOUBLE,4,LARGE,1.3687804878048777,0.0006833333333333334,0.0009353333333333333,c
noarr,standard,jacobi-1d,DOUBLE,5,LARGE,1.381585425898572,0.000677,0.0009353333333333333,c
c,AllHints,jacobi-2d,DOUBLE,1,LARGE,9.926809326170895,0.16592733333333334,1.6471290000000003,c
c,AllHints,jacobi-2d,DOUBLE,2,LARGE,7.5789190341584485,0.21733033333333332,1.6471290000000003,c
c,AllHints,jacobi-2d,DOUBLE,3,LARGE,10.459400764126284,0.15747833333333333,1.6471290000000003,c
c,AllHints,jacobi-2d,DOUBLE,4,LARGE,14.263738706232141,0.11547666666666667,1.6471290000000003,c
c,AllHints,jacobi-2d,DOUBLE,5,LARGE,9.607537272225292,0.17144133333333333,1.6471290000000003,c
c,ChooseHints,jacobi-2d,DOUBLE,1,LARGE,10.002564715027168,0.16467066666666666,1.6471290000000003,c
c,ChooseHints,jacobi-2d,DOUBLE,2,LARGE,10.093939208236305,0.16318,1.6471290000000003,c
c,ChooseHints,jacobi-2d,DOUBLE,3,LARGE,13.29176652867553,0.12392099999999999,1.6471290000000003,c
c,ChooseHints,jacobi-2d,DOUBLE,4,LARGE,13.127113961309796,0.12547533333333333,1.6471290000000003,c
c,ChooseHints,jacobi-2d,DOUBLE,5,LARGE,10.040530820247735,0.164048,1.6471290000000003,c
c,FromPlan,jacobi-2d,DOUBLE,1,LARGE,0.5157543247795379,3.193631,1.6471290000000003,c
c,FromPlan,jacobi-2d,DOUBLE,2,LARGE,0.5406999990151956,3.0462900000000004,1.6471290000000003,c
c,FromPlan,jacobi-2d,DOUBLE,3,LARGE,9.207822215928044,0.17888366666666666,1.6471290000000003,c
c,FromPlan,jacobi-2d,DOUBLE,4,LARGE,0.5057244941539205,3.2569690000000002,1.6471290000000003,c
c,FromPlan,jacobi-2d,DOUBLE,5,LARGE,6.838248847926269,0.24087,1.6471290000000003,c
c,Naive,jacobi-2d,DOUBLE,1,LARGE,1.1335723566731697,1.4530426666666667,1.6471290000000003,c
c,Naive,jacobi-2d,DOUBLE,2,LARGE,0.995326501347846,1.654863,1.6471290000000003,c
c,Naive,jacobi-2d,DOUBLE,3,LARGE,0.9949619523808759,1.6554693333333332,1.6471290000000003,c
c,Naive,jacobi-2d,DOUBLE,4,LARGE,9.375627554331123,0.175682,1.6471290000000003,c
c,standard,jacobi-2d,DOUBLE,1,LARGE,1.0,1.6471290000000003,1.6471290000000003,c
exo,AllHints,jacobi-2d,DOUBLE,2,LARGE,8.873183213920166,0.18563,1.6471290000000003,c
exo,AllHints,jacobi-2d,DOUBLE,3,LARGE,11.50422556853104,0.143176,1.6471290000000003,c
exo,ChooseHints,jacobi-2d,DOUBLE,1,LARGE,8.843471537920507,0.18625366666666668,1.6471290000000003,c
exo,ChooseHints,jacobi-2d,DOUBLE,2,LARGE,8.931207435040994,0.184424,1.6471290000000003,c
exo,ChooseHints,jacobi-2d,DOUBLE,4,LARGE,11.450800867606576,0.143844,1.6471290000000003,c
exo,Naive,jacobi-2d,DOUBLE,3,LARGE,7.48967351764278,0.21992,1.6471290000000003,c
exo,standard,jacobi-2d,DOUBLE,1,LARGE,0.9960339145058228,1.6536876666666667,1.6471290000000003,c
exo,standard,jacobi-2d,DOUBLE,2,LARGE,0.996983257198509,1.652113,1.6471290000000003,c
exo,standard,jacobi-2d,DOUBLE,3,LARGE,0.9907159482349858,1.6625643333333333,1.6471290000000003,c
exo,standard,jacobi-2d,DOUBLE,4,LARGE,0.9984290269746677,1.6497206666666668,1.6471290000000003,c
exo,standard,jacobi-2d,DOUBLE,5,LARGE,0.9976402537817418,1.651025,1.6471290000000003,c
halide,AllHints,jacobi-2d,DOUBLE,2,LARGE,2.9246036913053572,0.5631973333333333,1.6471290000000003,c
halide,AllHints,jacobi-2d,DOUBLE,3,LARGE,4.038872637125785,0.407819,1.6471290000000003,c
halide,AllHints,jacobi-2d,DOUBLE,4,LARGE,3.4385295296521248,0.4790213333333333,1.6471290000000003,c
halide,ChooseHints,jacobi-2d,DOUBLE,1,LARGE,2.7747117271662938,0.5936216666666666,1.6471290000000003,c
halide,ChooseHints,jacobi-2d,DOUBLE,2,LARGE,3.906268750163046,0.42166299999999995,1.6471290000000003,c
halide,ChooseHints,jacobi-2d,DOUBLE,3,LARGE,2.708737337192475,0.6080800000000001,1.6471290000000003,c
halide,ChooseHints,jacobi-2d,DOUBLE,4,LARGE,3.948330540713521,0.417171,1.6471290000000003,c
halide,FromPlan,jacobi-2d,DOUBLE,1,LARGE,3.7345714421753597,0.441049,1.6471290000000003,c
halide,FromPlan,jacobi-2d,DOUBLE,2,LARGE,3.5813743978964254,0.4599153333333333,1.6471290000000003,c
halide,FromPlan,jacobi-2d,DOUBLE,3,LARGE,2.3245742495355692,0.7085723333333332,1.6471290000000003,c
halide,FromPlan,jacobi-2d,DOUBLE,4,LARGE,2.1230403371850977,0.7758349999999999,1.6471290000000003,c
halide,FromPlan,jacobi-2d,DOUBLE,5,LARGE,0.5791622015910302,2.8439856666666667,1.6471290000000003,c
halide,Naive,jacobi-2d,DOUBLE,1,LARGE,3.2202355195245307,0.5114933333333332,1.6471290000000003,c
halide,Naive,jacobi-2d,DOUBLE,3,LARGE,2.334574940789782,0.705537,1.6471290000000003,c
halide,Naive,jacobi-2d,DOUBLE,4,LARGE,2.6895473466952895,0.6124186666666667,1.6471290000000003,c
halide,Naive,jacobi-2d,DOUBLE,5,LARGE,2.725096220183325,0.6044296666666666,1.6471290000000003,c
halide,standard,jacobi-2d,DOUBLE,3,LARGE,0.24375253611531808,6.757382,1.6471290000000003,c
halide,standard,jacobi-2d,DOUBLE,4,LARGE,0.5661723559037494,2.909236,1.6471290000000003,c
halide,standard,jacobi-2d,DOUBLE,5,LARGE,0.2414513918135479,6.821783,1.6471290000000003,c
noarr,AllHints,jacobi-2d,DOUBLE,1,LARGE,8.547530128505624,0.19270233333333334,1.6471290000000003,c
noarr,AllHints,jacobi-2d,DOUBLE,2,LARGE,8.870698290625912,0.18568199999999999,1.6471290000000003,c
noarr,AllHints,jacobi-2d,DOUBLE,3,LARGE,8.921580734794691,0.18462299999999998,1.6471290000000003,c
noarr,AllHints,jacobi-2d,DOUBLE,4,LARGE,8.57506017343137,0.19208366666666668,1.6471290000000003,c
noarr,AllHints,jacobi-2d,DOUBLE,5,LARGE,8.695323264370973,0.189427,1.6471290000000003,c
noarr,ChooseHints,jacobi-2d,DOUBLE,1,LARGE,0.9696127425509906,1.6987493333333334,1.6471290000000003,c
noarr,ChooseHints,jacobi-2d,DOUBLE,2,LARGE,8.724231017764895,0.18879933333333332,1.6471290000000003,c
noarr,ChooseHints,jacobi-2d,DOUBLE,3,LARGE,0.9657601232698888,1.7055259999999999,1.6471290000000003,c
noarr,ChooseHints,jacobi-2d,DOUBLE,4,LARGE,8.779131785039159,0.18761866666666668,1.6471290000000003,c
noarr,ChooseHints,jacobi-2d,DOUBLE,5,LARGE,9.014037155136561,0.18272933333333333,1.6471290000000003,c
noarr,FromPlan,jacobi-2d,DOUBLE,1,LARGE,0.4857098371982135,3.3911789999999997,1.6471290000000003,c
noarr,FromPlan,jacobi-2d,DOUBLE,2,LARGE,0.4897498071036408,3.3632050000000002,1.6471290000000003,c
noarr,FromPlan,jacobi-2d,DOUBLE,3,LARGE,0.47486584240666735,3.4686196666666667,1.6471290000000003,c
noarr,FromPlan,jacobi-2d,DOUBLE,4,LARGE,0.5075664725444582,3.2451493333333334,1.6471290000000003,c
noarr,FromPlan,jacobi-2d,DOUBLE,5,LARGE,0.4631604886152615,3.556281333333333,1.6471290000000003,c
noarr,Naive,jacobi-2d,DOUBLE,1,LARGE,8.253251937466596,0.19957333333333335,1.6471290000000003,c
noarr,Naive,jacobi-2d,DOUBLE,2,LARGE,0.5040096277577092,3.268050666666667,1.6471290000000003,c
noarr,Naive,jacobi-2d,DOUBLE,3,LARGE,8.889928954503176,0.18528033333333335,1.6471290000000003,c
noarr,Naive,jacobi-2d,DOUBLE,5,LARGE,0.1568978544779526,10.498097666666666,1.6471290000000003,c
noarr,standard,jacobi-2d,DOUBLE,1,LARGE,0.9690191141258627,1.6997900000000001,1.6471290000000003,c
noarr,standard,jacobi-2d,DOUBLE,2,LARGE,0.9660325680553886,1.7050450000000001,1.6471290000000003,c
noarr,standard,jacobi-2d,DOUBLE,3,LARGE,0.9787221357882989,1.6829383333333334,1.6471290000000003,c
noarr,standard,jacobi-2d,DOUBLE,4,LARGE,0.9628695826021283,1.7106459999999999,1.6471290000000003,c
noarr,standard,jacobi-2d,DOUBLE,5,LARGE,0.9716625533354951,1.6951656666666668,1.6471290000000003,c
c,AllHints,lu,DOUBLE,1,LARGE,1.5245934766070748,2.8883946666666667,4.403627666666666,c
c,AllHints,lu,DOUBLE,2,LARGE,1.5637867530428473,2.8160026666666664,4.403627666666666,c
c,AllHints,lu,DOUBLE,3,LARGE,1.83899972340286,2.3945776666666667,4.403627666666666,c
c,AllHints,lu,DOUBLE,4,LARGE,1.5235673542443677,2.89034,4.403627666666666,c
c,AllHints,lu,DOUBLE,5,LARGE,1.5181790653537572,2.9005983333333334,4.403627666666666,c
c,ChooseHints,lu,DOUBLE,1,LARGE,1.2925575479875164,3.4069103333333337,4.403627666666666,c
c,ChooseHints,lu,DOUBLE,2,LARGE,1.5275499678380298,2.882804333333333,4.403627666666666,c
c,ChooseHints,lu,DOUBLE,3,LARGE,1.5219420341279313,2.8934266666666666,4.403627666666666,c
c,ChooseHints,lu,DOUBLE,4,LARGE,1.5116950575910455,2.9130396666666662,4.403627666666666,c
c,ChooseHints,lu,DOUBLE,5,LARGE,1.8734026091449967,2.350604,4.403627666666666,c
c,FromPlan,lu,DOUBLE,1,LARGE,1.5148050544095133,2.9070590000000003,4.403627666666666,c
c,FromPlan,lu,DOUBLE,2,LARGE,1.567421058751225,2.809473333333333,4.403627666666666,c
c,FromPlan,lu,DOUBLE,3,LARGE,1.4867893360325586,2.9618370000000005,4.403627666666666,c
c,FromPlan,lu,DOUBLE,4,LARGE,1.0028676606058085,4.391035666666666,4.403627666666666,c
c,FromPlan,lu,DOUBLE,5,LARGE,4.260206398202383,1.0336653333333334,4.403627666666666,c
c,Naive,lu,DOUBLE,1,LARGE,1.5248379030205583,2.887931666666667,4.403627666666666,c
c,Naive,lu,DOUBLE,2,LARGE,1.5223311981789478,2.892687,4.403627666666666,c
c,Naive,lu,DOUBLE,3,LARGE,1.5189806423973313,2.899067666666667,4.403627666666666,c
c,Naive,lu,DOUBLE,4,LARGE,1.5145235508147727,2.907599333333333,4.403627666666666,c
c,Naive,lu,DOUBLE,5,LARGE,1.5144700752232059,2.907702,4.403627666666666,c
c,standard,lu,DOUBLE,1,LARGE,1.0,4.403627666666666,4.403627666666666,c
exo,AllHints,lu,DOUBLE,1,LARGE,1.7817583606221306,2.4715066666666665,4.403627666666666,c
exo,AllHints,lu,DOUBLE,2,LARGE,1.6854105129161303,2.612792333333333,4.403627666666666,c
exo,AllHints,lu,DOUBLE,3,LARGE,1.6610843628601832,2.651056,4.403627666666666,c
exo,AllHints,lu,DOUBLE,4,LARGE,0.09188749421203121,47.924124,4.403627666666666,c
exo,AllHints,lu,DOUBLE,5,LARGE,1.2385927002169406,3.5553476666666666,4.403627666666666,c
exo,ChooseHints,lu,DOUBLE,1,LARGE,1.4949296304104265,2.9457089999999995,4.403627666666666,c
exo,ChooseHints,lu,DOUBLE,2,LARGE,1.7821357219460536,2.4709833333333333,4.403627666666666,c
exo,ChooseHints,lu,DOUBLE,3,LARGE,0.9991571640263629,4.407342333333333,4.403627666666666,c
exo,FromPlan,lu,DOUBLE,3,LARGE,1.296434523245254,3.396722,4.403627666666666,c
exo,Naive,lu,DOUBLE,1,LARGE,1.5907076851572568,2.768345,4.403627666666666,c
exo,Naive,lu,DOUBLE,2,LARGE,1.497052951903844,2.941531,4.403627666666666,c
exo,Naive,lu,DOUBLE,3,LARGE,1.4693295455859887,2.9970319999999995,4.403627666666666,c
exo,Naive,lu,DOUBLE,4,LARGE,1.6768895511377144,2.6260689999999998,4.403627666666666,c
exo,Naive,lu,DOUBLE,5,LARGE,1.5008725723929477,2.934045,4.403627666666666,c
exo,standard,lu,DOUBLE,1,LARGE,0.9951410832693615,4.425129,4.403627666666666,c
exo,standard,lu,DOUBLE,2,LARGE,1.001568513700405,4.396731333333333,4.403627666666666,c
exo,standard,lu,DOUBLE,3,LARGE,0.993652407065487,4.431758666666666,4.403627666666666,c
exo,standard,lu,DOUBLE,4,LARGE,0.9877855507624281,4.458080666666667,4.403627666666666,c
exo,standard,lu,DOUBLE,5,LARGE,0.9959377352095414,4.421589333333333,4.403627666666666,c
halide,ChooseHints,lu,DOUBLE,2,LARGE,0.6824949624802678,6.4522493333333335,4.403627666666666,c
halide,ChooseHints,lu,DOUBLE,4,LARGE,0.6578912364834423,6.693549666666667,4.403627666666666,c
halide,ChooseHints,lu,DOUBLE,5,LARGE,0.5531591904166572,7.960868666666666,4.403627666666666,c
halide,FromPlan,lu,DOUBLE,5,LARGE,0.557639950252217,7.896901333333333,4.403627666666666,c
halide,standard,lu,DOUBLE,1,LARGE,0.5433845014311527,8.104073,4.403627666666666,c
halide,standard,lu,DOUBLE,5,LARGE,0.5588459506829627,7.879859666666666,4.403627666666666,c
noarr,AllHints,lu,DOUBLE,1,LARGE,0.9960780821749452,4.420966333333333,4.403627666666666,c
noarr,AllHints,lu,DOUBLE,2,LARGE,1.0007831494836008,4.400181666666667,4.403627666666666,c
noarr,AllHints,lu,DOUBLE,3,LARGE,1.531919129816772,2.874582333333333,4.403627666666666,c
noarr,AllHints,lu,DOUBLE,4,LARGE,0.9984958563302067,4.410261333333334,4.403627666666666,c
noarr,AllHints,lu,DOUBLE,5,LARGE,1.5189820396116216,2.8990650000000002,4.403627666666666,c
noarr,ChooseHints,lu,DOUBLE,1,LARGE,1.0125960522277617,4.348849333333333,4.403627666666666,c
noarr,ChooseHints,lu,DOUBLE,2,LARGE,1.0100080443560377,4.359992666666667,4.403627666666666,c
noarr,ChooseHints,lu,DOUBLE,3,LARGE,0.9986246207029693,4.409692666666667,4.403627666666666,c
noarr,ChooseHints,lu,DOUBLE,5,LARGE,0.997074337150265,4.416549,4.403627666666666,c
noarr,FromPlan,lu,DOUBLE,1,LARGE,1.593131229423179,2.7641336666666665,4.403627666666666,c
noarr,FromPlan,lu,DOUBLE,2,LARGE,1.5173795538444221,2.9021266666666663,4.403627666666666,c
noarr,FromPlan,lu,DOUBLE,3,LARGE,1.527114527899419,2.8836263333333334,4.403627666666666,c
noarr,FromPlan,lu,DOUBLE,4,LARGE,1.5187258684151652,2.899554,4.403627666666666,c
noarr,FromPlan,lu,DOUBLE,5,LARGE,1.5097718911148947,2.9167503333333333,4.403627666666666,c
noarr,Naive,lu,DOUBLE,1,LARGE,1.00260317888205,4.392194,4.403627666666666,c
noarr,Naive,lu,DOUBLE,2,LARGE,0.9994673142317961,4.405974666666666,4.403627666666666,c
noarr,Naive,lu,DOUBLE,3,LARGE,1.5242891529787876,2.8889713333333336,4.403627666666666,c
noarr,Naive,lu,DOUBLE,4,LARGE,1.0006457937775806,4.400785666666667,4.403627666666666,c
noarr,standard,lu,DOUBLE,2,LARGE,1.0025547120374942,4.392406333333334,4.403627666666666,c
noarr,standard,lu,DOUBLE,5,LARGE,1.0027482269772705,4.391558666666667,4.403627666666666,c
c,AllHints,ludcmp,DOUBLE,1,LARGE,1.537187217423589,2.834410333333333,4.357019333333334,c
c,AllHints,ludcmp,DOUBLE,2,LARGE,1.6744469840232001,2.6020646666666667,4.357019333333334,c
c,AllHints,ludcmp,DOUBLE,3,LARGE,1.0698586525815803,4.072518666666666,4.357019333333334,c
c,AllHints,ludcmp,DOUBLE,5,LARGE,0.991899485536476,4.392601666666667,4.357019333333334,c
c,ChooseHints,ludcmp,DOUBLE,1,LARGE,1.8690108199388868,2.33119,4.357019333333334,c
c,ChooseHints,ludcmp,DOUBLE,2,LARGE,1.8194953376247862,2.3946306666666666,4.357019333333334,c
c,ChooseHints,ludcmp,DOUBLE,3,LARGE,1.6761757254259126,2.5993809999999997,4.357019333333334,c
c,ChooseHints,ludcmp,DOUBLE,4,LARGE,1.8591107257596993,2.3436039999999996,4.357019333333334,c
c,ChooseHints,ludcmp,DOUBLE,5,LARGE,1.8664437015765245,2.3343963333333337,4.357019333333334,c
c,FromPlan,ludcmp,DOUBLE,1,LARGE,1.49696599745754,2.9105666666666665,4.357019333333334,c
c,FromPlan,ludcmp,DOUBLE,3,LARGE,1.6690638203706605,2.6104570000000002,4.357019333333334,c
c,FromPlan,ludcmp,DOUBLE,4,LARGE,1.4903095533993869,2.9235666666666664,4.357019333333334,c
c,FromPlan,ludcmp,DOUBLE,5,LARGE,1.4992755999513205,2.906083,4.357019333333334,c
c,Naive,ludcmp,DOUBLE,2,LARGE,1.5102845286704945,2.884899666666667,4.357019333333334,c
c,Naive,ludcmp,DOUBLE,3,LARGE,0.9926144677757888,4.389437666666667,4.357019333333334,c
c,Naive,ludcmp,DOUBLE,4,LARGE,1.0712283806812921,4.0673113333333335,4.357019333333334,c
c,standard,ludcmp,DOUBLE,1,LARGE,1.0,4.357019333333334,4.357019333333334,c
exo,AllHints,ludcmp,DOUBLE,2,LARGE,0.9982803015983029,4.364525,4.357019333333334,c
exo,AllHints,ludcmp,DOUBLE,5,LARGE,1.747931035727787,2.4926723333333336,4.357019333333334,c
exo,ChooseHints,ludcmp,DOUBLE,1,LARGE,0.995120876463802,4.378381999999999,4.357019333333334,c
exo,ChooseHints,ludcmp,DOUBLE,3,LARGE,1.7641287582888443,2.4697853333333337,4.357019333333334,c
exo,ChooseHints,ludcmp,DOUBLE,4,LARGE,1.472841734725152,2.95824,4.357019333333334,c
exo,FromPlan,ludcmp,DOUBLE,3,LARGE,0.11284783327596142,38.60968533333334,4.357019333333334,c
exo,Naive,ludcmp,DOUBLE,1,LARGE,1.4637605253164723,2.976593,4.357019333333334,c
exo,Naive,ludcmp,DOUBLE,2,LARGE,0.9888433156689929,4.406177666666667,4.357019333333334,c
exo,Naive,ludcmp,DOUBLE,3,LARGE,1.311951887883464,3.321020666666667,4.357019333333334,c
exo,Naive,ludcmp,DOUBLE,5,LARGE,0.9929881868280257,4.387785666666667,4.357019333333334,c
exo,standard,ludcmp,DOUBLE,1,LARGE,0.9900917786994489,4.400621666666667,4.357019333333334,c
exo,standard,ludcmp,DOUBLE,2,LARGE,0.9901727063827865,4.400262000000001,4.357019333333334,c
exo,standard,ludcmp,DOUBLE,3,LARGE,0.9886516216204769,4.407032,4.357019333333334,c
exo,standard,ludcmp,DOUBLE,4,LARGE,0.9954064226922721,4.377126,4.357019333333334,c
exo,standard,ludcmp,DOUBLE,5,LARGE,0.9974849693013935,4.368005,4.357019333333334,c
halide,AllHints,ludcmp,DOUBLE,2,LARGE,0.5507731732223033,7.910732666666667,4.357019333333334,c
halide,AllHints,ludcmp,DOUBLE,4,LARGE,0.6720959948943349,6.482733666666667,4.357019333333334,c
halide,ChooseHints,ludcmp,DOUBLE,1,LARGE,0.5497691093548618,7.9251803333333335,4.357019333333334,c
halide,Naive,ludcmp,DOUBLE,3,LARGE,0.6780691688696512,6.425626666666666,4.357019333333334,c
halide,standard,ludcmp,DOUBLE,1,LARGE,1.0009320856311938,4.352962000000001,4.357019333333334,c
halide,standard,ludcmp,DOUBLE,3,LARGE,0.5632290899488939,7.735785333333333,4.357019333333334,c
halide,standard,ludcmp,DOUBLE,4,LARGE,0.54080896735156,8.056485,4.357019333333334,c
noarr,AllHints,ludcmp,DOUBLE,1,LARGE,0.9849736237577209,4.423488333333332,4.357019333333334,c
noarr,AllHints,ludcmp,DOUBLE,2,LARGE,1.1215342719823946,3.884874,4.357019333333334,c
noarr,AllHints,ludcmp,DOUBLE,3,LARGE,0.9915259836533584,4.394256333333334,4.357019333333334,c
noarr,AllHints,ludcmp,DOUBLE,4,LARGE,0.9969495964168246,4.370350666666667,4.357019333333334,c
noarr,AllHints,ludcmp,DOUBLE,5,LARGE,0.9820667488370365,4.436581666666666,4.357019333333334,c
noarr,ChooseHints,ludcmp,DOUBLE,1,LARGE,0.9845643798375427,4.425327,4.357019333333334,c
noarr,ChooseHints,ludcmp,DOUBLE,2,LARGE,0.9924698365222421,4.390077333333333,4.357019333333334,c
noarr,ChooseHints,ludcmp,DOUBLE,3,LARGE,0.9869722655303788,4.414530666666667,4.357019333333334,c
noarr,ChooseHints,ludcmp,DOUBLE,4,LARGE,0.9972144341018206,4.36919,4.357019333333334,c
noarr,ChooseHints,ludcmp,DOUBLE,5,LARGE,0.9872410741219819,4.413328666666666,4.357019333333334,c
noarr,FromPlan,ludcmp,DOUBLE,1,LARGE,0.9840851602182309,4.427482,4.357019333333334,c
noarr,FromPlan,ludcmp,DOUBLE,2,LARGE,0.9896662823155348,4.402513666666667,4.357019333333334,c
noarr,FromPlan,ludcmp,DOUBLE,3,LARGE,0.9881511593166874,4.409263999999999,4.357019333333334,c
noarr,FromPlan,ludcmp,DOUBLE,5,LARGE,0.9862346518809338,4.417832333333333,4.357019333333334,c
noarr,Naive,ludcmp,DOUBLE,1,LARGE,0.9841197610687384,4.427326333333333,4.357019333333334,c
noarr,Naive,ludcmp,DOUBLE,2,LARGE,0.9914870244423869,4.394429,4.357019333333334,c
noarr,Naive,ludcmp,DOUBLE,3,LARGE,0.9901007033463605,4.400582,4.357019333333334,c
noarr,Naive,ludcmp,DOUBLE,4,LARGE,0.9976047974572065,4.367480333333334,4.357019333333334,c
noarr,Naive,ludcmp,DOUBLE,5,LARGE,0.9939655887613568,4.383471,4.357019333333334,c
noarr,standard,ludcmp,DOUBLE,1,LARGE,0.9810337322197339,4.441253333333333,4.357019333333334,c
c,AllHints,mvt,DOUBLE,1,LARGE,2.867860187553282,0.005083,0.014577333333333333,c
c,AllHints,mvt,DOUBLE,2,LARGE,6.546706586826347,0.0022266666666666667,0.014577333333333333,c
c,AllHints,mvt,DOUBLE,4,LARGE,6.374927113702625,0.0022866666666666664,0.014577333333333333,c
c,AllHints,mvt,DOUBLE,5,LARGE,2.1438305799303885,0.0067996666666666665,0.014577333333333333,c
c,ChooseHints,mvt,DOUBLE,1,LARGE,4.9175756212751605,0.002964333333333333,0.014577333333333333,c
c,ChooseHints,mvt,DOUBLE,2,LARGE,10.477240057498802,0.0013913333333333332,0.014577333333333333,c
c,ChooseHints,mvt,DOUBLE,3,LARGE,0.9973772435970534,0.014615666666666666,0.014577333333333333,c
c,ChooseHints,mvt,DOUBLE,5,LARGE,6.633095707568633,0.0021976666666666668,0.014577333333333333,c
c,FromPlan,mvt,DOUBLE,1,LARGE,1.9446816079686944,0.007496,0.014577333333333333,c
c,FromPlan,mvt,DOUBLE,2,LARGE,1.3829174967586881,0.010541,0.014577333333333333,c
c,FromPlan,mvt,DOUBLE,3,LARGE,2.411602514613433,0.006044666666666667,0.014577333333333333,c
c,FromPlan,mvt,DOUBLE,4,LARGE,2.3981136214082035,0.006078666666666666,0.014577333333333333,c
c,FromPlan,mvt,DOUBLE,5,LARGE,2.382955536181343,0.006117333333333333,0.014577333333333333,c
c,Naive,mvt,DOUBLE,1,LARGE,2.402989175229408,0.006066333333333333,0.014577333333333333,c
c,Naive,mvt,DOUBLE,2,LARGE,2.3794548125578103,0.0061263333333333335,0.014577333333333333,c
c,Naive,mvt,DOUBLE,3,LARGE,2.378807658833768,0.006128000000000001,0.014577333333333333,c
c,Naive,mvt,DOUBLE,4,LARGE,1.7189575881451202,0.008480333333333333,0.014577333333333333,c
c,Naive,mvt,DOUBLE,5,LARGE,2.375964359448006,0.006135333333333333,0.014577333333333333,c
c,standard,mvt,DOUBLE,1,LARGE,1.0,0.014577333333333333,0.014577333333333333,c
exo,AllHints,mvt,DOUBLE,1,LARGE,5.525903462218852,0.002638,0.014577333333333333,c
exo,AllHints,mvt,DOUBLE,2,LARGE,5.901754385964912,0.00247,0.014577333333333333,c
exo,AllHints,mvt,DOUBLE,3,LARGE,5.7693931398416884,0.0025266666666666666,0.014577333333333333,c
exo,AllHints,mvt,DOUBLE,4,LARGE,6.172477064220184,0.0023616666666666664,0.014577333333333333,c
exo,AllHints,mvt,DOUBLE,5,LARGE,2.978613267947146,0.004894,0.014577333333333333,c
exo,ChooseHints,mvt,DOUBLE,1,LARGE,2.3773851590106005,0.006131666666666666,0.014577333333333333,c
exo,ChooseHints,mvt,DOUBLE,2,LARGE,2.438632688339932,0.005977666666666667,0.014577333333333333,c
exo,ChooseHints,mvt,DOUBLE,3,LARGE,6.458721016098066,0.002257,0.014577333333333333,c
exo,ChooseHints,mvt,DOUBLE,4,LARGE,2.3786782703290728,0.006128333333333333,0.014577333333333333,c
exo,ChooseHints,mvt,DOUBLE,5,LARGE,6.440648011782032,0.0022633333333333333,0.014577333333333333,c
exo,FromPlan,mvt,DOUBLE,2,LARGE,1.9296650928826722,0.007554333333333333,0.014577333333333333,c
exo,FromPlan,mvt,DOUBLE,3,LARGE,0.2839979998311546,0.05132899999999999,0.014577333333333333,c
exo,FromPlan,mvt,DOUBLE,4,LARGE,0.2826415728449,0.051575333333333334,0.014577333333333333,c
exo,Naive,mvt,DOUBLE,2,LARGE,6.62104466313399,0.0022016666666666664,0.014577333333333333,c
exo,Naive,mvt,DOUBLE,3,LARGE,2.237159811745447,0.006516,0.014577333333333333,c
exo,Naive,mvt,DOUBLE,4,LARGE,2.963274156389754,0.004919333333333334,0.014577333333333333,c
exo,standard,mvt,DOUBLE,1,LARGE,0.9707867163914047,0.015016,0.014577333333333333,c
exo,standard,mvt,DOUBLE,2,LARGE,0.9708082669212155,0.015015666666666668,0.014577333333333333,c
exo,standard,mvt,DOUBLE,3,LARGE,0.9634721304252037,0.01513,0.014577333333333333,c
exo,standard,mvt,DOUBLE,4,LARGE,0.973206337902795,0.014978666666666668,0.014577333333333333,c
exo,standard,mvt,DOUBLE,5,LARGE,0.9709807056106929,0.015013,0.014577333333333333,c
halide,AllHints,mvt,DOUBLE,3,LARGE,3.2553223165103464,0.004478,0.014577333333333333,c
halide,AllHints,mvt,DOUBLE,5,LARGE,0.5817901234567902,0.025056,0.014577333333333333,c
halide,ChooseHints,mvt,DOUBLE,2,LARGE,0.6633196317250375,0.021976333333333334,0.014577333333333333,c
halide,FromPlan,mvt,DOUBLE,5,LARGE,0.928492569002123,0.015700000000000002,0.014577333333333333,c
halide,Naive,mvt,DOUBLE,2,LARGE,1.4610450354136042,0.009977333333333333,0.014577333333333333,c
halide,Naive,mvt,DOUBLE,3,LARGE,3.4974408189379393,0.004168000000000001,0.014577333333333333,c
halide,standard,mvt,DOUBLE,1,LARGE,0.8578770818212134,0.016992333333333335,0.014577333333333333,c
halide,standard,mvt,DOUBLE,2,LARGE,1.2621067821067822,0.01155,0.014577333333333333,c
halide,standard,mvt,DOUBLE,3,LARGE,0.8622239747634068,0.016906666666666667,0.014577333333333333,c
halide,standard,mvt,DOUBLE,4,LARGE,0.8602734336579128,0.016945,0.014577333333333333,c
halide,standard,mvt,DOUBLE,5,LARGE,0.8572212639172023,0.017005333333333334,0.014577333333333333,c
noarr,AllHints,mvt,DOUBLE,1,LARGE,2.5723192753367443,0.005667000000000001,0.014577333333333333,c
noarr,AllHints,mvt,DOUBLE,2,LARGE,2.12745670363884,0.006852,0.014577333333333333,c
noarr,AllHints,mvt,DOUBLE,3,LARGE,2.0197672270460005,0.0072173333333333325,0.014577333333333333,c
noarr,AllHints,mvt,DOUBLE,4,LARGE,2.9920634920634916,0.0048720000000000005,0.014577333333333333,c
noarr,AllHints,mvt,DOUBLE,5,LARGE,2.131916345731975,0.006837666666666666,0.014577333333333333,c
noarr,ChooseHints,mvt,DOUBLE,1,LARGE,2.1280778588807787,0.006849999999999999,0.014577333333333333,c
noarr,ChooseHints,mvt,DOUBLE,2,LARGE,2.1301509985387237,0.006843333333333333,0.014577333333333333,c
noarr,ChooseHints,mvt,DOUBLE,3,LARGE,2.1332682926829265,0.006833333333333334,0.014577333333333333,c
noarr,ChooseHints,mvt,DOUBLE,4,LARGE,2.126732480669163,0.006854333333333333,0.014577333333333333,c
noarr,ChooseHints,mvt,DOUBLE,5,LARGE,2.132956152758133,0.006834333333333334,0.014577333333333333,c
noarr,FromPlan,mvt,DOUBLE,1,LARGE,1.7743335902949648,0.008215666666666666,0.014577333333333333,c
noarr,FromPlan,mvt,DOUBLE,2,LARGE,1.7518025957378625,0.008321333333333333,0.014577333333333333,c
noarr,FromPlan,mvt,DOUBLE,3,LARGE,1.7447436664671854,0.008355,0.014577333333333333,c
noarr,FromPlan,mvt,DOUBLE,4,LARGE,1.779676881129695,0.008191,0.014577333333333333,c
noarr,FromPlan,mvt,DOUBLE,5,LARGE,1.768306983138571,0.008243666666666667,0.014577333333333333,c
noarr,Naive,mvt,DOUBLE,1,LARGE,1.0124319944438014,0.014398333333333332,0.014577333333333333,c
noarr,Naive,mvt,DOUBLE,2,LARGE,1.1117833990085166,0.013111666666666666,0.014577333333333333,c
noarr,Naive,mvt,DOUBLE,3,LARGE,2.129217586055796,0.006846333333333334,0.014577333333333333,c
noarr,Naive,mvt,DOUBLE,4,LARGE,1.7697381732831532,0.008237,0.014577333333333333,c
noarr,Naive,mvt,DOUBLE,5,LARGE,2.1139846280272634,0.006895666666666667,0.014577333333333333,c
noarr,standard,mvt,DOUBLE,1,LARGE,1.0641424956200116,0.013698666666666666,0.014577333333333333,c
noarr,standard,mvt,DOUBLE,2,LARGE,1.0650754992693618,0.013686666666666666,0.014577333333333333,c
noarr,standard,mvt,DOUBLE,3,LARGE,1.0640389294403894,0.013699999999999999,0.014577333333333333,c
noarr,standard,mvt,DOUBLE,4,LARGE,1.0632369745447472,0.013710333333333333,0.014577333333333333,c
noarr,standard,mvt,DOUBLE,5,LARGE,1.0647902412894743,0.013690333333333332,0.014577333333333333,c
c,AllHints,nussinov,DOUBLE,1,LARGE,42.217420908897886,0.18211066666666667,7.688242666666667,c
c,AllHints,nussinov,DOUBLE,3,LARGE,58.33028506686629,0.13180533333333333,7.688242666666667,c
c,AllHints,nussinov,DOUBLE,5,LARGE,83.96547418390713,0.09156433333333332,7.688242666666667,c
c,ChooseHints,nussinov,DOUBLE,1,LARGE,83.83606974487218,0.09170566666666667,7.688242666666667,c
c,ChooseHints,nussinov,DOUBLE,2,LARGE,57.43523798614466,0.13385933333333333,7.688242666666667,c
c,ChooseHints,nussinov,DOUBLE,4,LARGE,57.10009778801045,0.134645,7.688242666666667,c
c,ChooseHints,nussinov,DOUBLE,5,LARGE,73.94034051747629,0.103979,7.688242666666667,c
c,FromPlan,nussinov,DOUBLE,1,LARGE,1.8597067151886653,4.134115666666667,7.688242666666667,c
c,FromPlan,nussinov,DOUBLE,3,LARGE,41.419853030966934,0.18561733333333333,7.688242666666667,c
c,FromPlan,nussinov,DOUBLE,4,LARGE,12.110564748048452,0.6348376666666666,7.688242666666667,c
c,FromPlan,nussinov,DOUBLE,5,LARGE,1.823630513631809,4.215899333333333,7.688242666666667,c
c,Naive,nussinov,DOUBLE,1,LARGE,1.8812753998623997,4.086718333333334,7.688242666666667,c
c,Naive,nussinov,DOUBLE,2,LARGE,1.9010516694051527,4.044205000000001,7.688242666666667,c
c,Naive,nussinov,DOUBLE,3,LARGE,1.923768492145569,3.9964489999999997,7.688242666666667,c
c,Naive,nussinov,DOUBLE,5,LARGE,1.9111177656006508,4.022903666666667,7.688242666666667,c
c,standard,nussinov,DOUBLE,1,LARGE,1.0,7.688242666666667,7.688242666666667,c
exo,AllHints,nussinov,DOUBLE,2,LARGE,21.912086513148832,0.35086766666666663,7.688242666666667,c
exo,AllHints,nussinov,DOUBLE,3,LARGE,39.000744007358904,0.19713066666666668,7.688242666666667,c
exo,AllHints,nussinov,DOUBLE,5,LARGE,43.529113799826,0.17662299999999997,7.688242666666667,c
exo,ChooseHints,nussinov,DOUBLE,1,LARGE,1.0232424057238367,7.513608333333333,7.688242666666667,c
exo,ChooseHints,nussinov,DOUBLE,2,LARGE,43.59180279225185,0.176369,7.688242666666667,c
exo,ChooseHints,nussinov,DOUBLE,3,LARGE,21.85188294111907,0.3518343333333333,7.688242666666667,c
exo,ChooseHints,nussinov,DOUBLE,4,LARGE,43.750894850554744,0.17572766666666664,7.688242666666667,c
exo,ChooseHints,nussinov,DOUBLE,5,LARGE,43.69817683713545,0.1759396666666667,7.688242666666667,c
exo,FromPlan,nussinov,DOUBLE,1,LARGE,43.655498878552436,0.17611166666666667,7.688242666666667,c
exo,FromPlan,nussinov,DOUBLE,4,LARGE,1.0150139786654,7.574519,7.688242666666667,c
exo,Naive,nussinov,DOUBLE,1,LARGE,1.008995984441724,7.619696,7.688242666666667,c
exo,Naive,nussinov,DOUBLE,2,LARGE,0.9998028113321454,7.689759,7.688242666666667,c
exo,standard,nussinov,DOUBLE,1,LARGE,0.9979802614354029,7.703802333333333,7.688242666666667,c
exo,standard,nussinov,DOUBLE,2,LARGE,0.9981865810808412,7.70221,7.688242666666667,c
exo,standard,nussinov,DOUBLE,3,LARGE,0.9944175289616473,7.731403,7.688242666666667,c
exo,standard,nussinov,DOUBLE,5,LARGE,0.9919883043350206,7.750336,7.688242666666667,c
halide,AllHints,nussinov,DOUBLE,4,LARGE,1.616421720815272,4.756334666666667,7.688242666666667,c
halide,ChooseHints,nussinov,DOUBLE,1,LARGE,1.1456938960891812,6.710555666666667,7.688242666666667,c
halide,ChooseHints,nussinov,DOUBLE,3,LARGE,1.1354591966338223,6.771042666666666,7.688242666666667,c
halide,standard,nussinov,DOUBLE,3,LARGE,0.35253262562472104,21.808599,7.688242666666667,c
halide,standard,nussinov,DOUBLE,4,LARGE,0.96372494844439,7.9776316666666665,7.688242666666667,c
c,AllHints,seidel-2d,DOUBLE,1,LARGE,1.356734109626434,20.026799999999998,27.171042666666665,c
c,AllHints,seidel-2d,DOUBLE,2,LARGE,0.9743577667606353,27.886104666666668,27.171042666666665,c
c,AllHints,seidel-2d,DOUBLE,3,LARGE,0.9743968202913871,27.884987,27.171042666666665,c
c,AllHints,seidel-2d,DOUBLE,4,LARGE,0.9097439503316498,29.866692333333333,27.171042666666665,c
c,AllHints,seidel-2d,DOUBLE,5,LARGE,1.309779692294086,20.744742666666667,27.171042666666665,c
c,ChooseHints,seidel-2d,DOUBLE,1,LARGE,1.3568850417562806,20.024572333333335,27.171042666666665,c
c,ChooseHints,seidel-2d,DOUBLE,2,LARGE,0.9744145136311306,27.884480666666665,27.171042666666665,c
c,ChooseHints,seidel-2d,DOUBLE,3,LARGE,1.8725090136450842,14.510500333333333,27.171042666666665,c
c,ChooseHints,seidel-2d,DOUBLE,4,LARGE,1.000170394224898,27.16641366666667,27.171042666666665,c
c,ChooseHints,seidel-2d,DOUBLE,5,LARGE,1.2259385958727504,22.163461333333334,27.171042666666665,c
c,FromPlan,seidel-2d,DOUBLE,1,LARGE,1.897144721730783,14.322071666666666,27.171042666666665,c
c,FromPlan,seidel-2d,DOUBLE,2,LARGE,1.8970741215738829,14.322604666666669,27.171042666666665,c
c,FromPlan,seidel-2d,DOUBLE,3,LARGE,1.8971312547537011,14.322173333333334,27.171042666666665,c
c,FromPlan,seidel-2d,DOUBLE,4,LARGE,1.8968114150575357,14.324588333333333,27.171042666666665,c
c,FromPlan,seidel-2d,DOUBLE,5,LARGE,1.896999420938188,14.323168666666668,27.171042666666665,c
c,Naive,seidel-2d,DOUBLE,2,LARGE,0.9098352485647957,29.863695333333336,27.171042666666665,c
c,Naive,seidel-2d,DOUBLE,3,LARGE,1.267607703176141,21.43489866666667,27.171042666666665,c
c,Naive,seidel-2d,DOUBLE,4,LARGE,1.1960607604896674,22.717108999999997,27.171042666666665,c
c,Naive,seidel-2d,DOUBLE,5,LARGE,0.9976946561480807,27.233826000000004,27.171042666666665,c
c,standard,seidel-2d,DOUBLE,1,LARGE,1.0,27.171042666666665,27.171042666666665,c
exo,AllHints,seidel-2d,DOUBLE,1,LARGE,1.00012725950028,27.167585333333335,27.171042666666665,c
exo,ChooseHints,seidel-2d,DOUBLE,1,LARGE,0.8838436256431027,30.741911666666667,27.171042666666665,c
exo,FromPlan,seidel-2d,DOUBLE,2,LARGE,1.145384524103686,23.722201666666667,27.171042666666665,c
exo,FromPlan,seidel-2d,DOUBLE,3,LARGE,1.1475358412399546,23.677729,27.171042666666665,c
exo,Naive,seidel-2d,DOUBLE,3,LARGE,0.8816330934646422,30.818991333333333,27.171042666666665,c
exo,standard,seidel-2d,DOUBLE,1,LARGE,1.0001624910268276,27.166628333333335,27.171042666666665,c
exo,standard,seidel-2d,DOUBLE,2,LARGE,1.0001084360099326,27.168096666666667,27.171042666666665,c
exo,standard,seidel-2d,DOUBLE,3,LARGE,1.0001249525415916,27.167648,27.171042666666665,c
exo,standard,seidel-2d,DOUBLE,4,LARGE,1.0001441079840325,27.16712766666667,27.171042666666665,c
exo,standard,seidel-2d,DOUBLE,5,LARGE,1.0001162033747761,27.167885666666667,27.171042666666665,c
halide,AllHints,seidel-2d,DOUBLE,1,LARGE,34.748837486891354,0.7819266666666667,27.171042666666665,c
halide,AllHints,seidel-2d,DOUBLE,2,LARGE,30.67716672932833,0.885709,27.171042666666665,c
halide,ChooseHints,seidel-2d,DOUBLE,1,LARGE,27.73627088562111,0.9796213333333333,27.171042666666665,c
halide,Naive,seidel-2d,DOUBLE,1,LARGE,29.426304034147783,0.923359,27.171042666666665,c
halide,Naive,seidel-2d,DOUBLE,2,LARGE,34.53910977176503,0.7866746666666667,27.171042666666665,c
halide,Naive,seidel-2d,DOUBLE,5,LARGE,29.369940761542598,0.925131,27.171042666666665,c
halide,standard,seidel-2d,DOUBLE,1,LARGE,4.025482782597702,6.749759999999999,27.171042666666665,c
halide,standard,seidel-2d,DOUBLE,3,LARGE,7.327475233751513,3.7081043333333334,27.171042666666665,c
noarr,AllHints,seidel-2d,DOUBLE,1,LARGE,1.000213029469371,27.165255666666667,27.171042666666665,c
noarr,AllHints,seidel-2d,DOUBLE,2,LARGE,1.3476666034164475,20.161546333333334,27.171042666666665,c
noarr,AllHints,seidel-2d,DOUBLE,3,LARGE,1.2658514084754748,21.46463833333333,27.171042666666665,c
noarr,AllHints,seidel-2d,DOUBLE,4,LARGE,1.356905551062212,20.024269666666665,27.171042666666665,c
noarr,AllHints,seidel-2d,DOUBLE,5,LARGE,1.3568489938620878,20.02510433333333,27.171042666666665,c
noarr,ChooseHints,seidel-2d,DOUBLE,1,LARGE,1.3569374907974083,20.023798333333335,27.171042666666665,c
noarr,ChooseHints,seidel-2d,DOUBLE,2,LARGE,1.3569468426027533,20.023660333333336,27.171042666666665,c
noarr,ChooseHints,seidel-2d,DOUBLE,3,LARGE,1.0000698586585366,27.169144666666668,27.171042666666665,c
noarr,ChooseHints,seidel-2d,DOUBLE,4,LARGE,1.0001857223672455,27.165997333333333,27.171042666666665,c
noarr,ChooseHints,seidel-2d,DOUBLE,5,LARGE,1.3568154547783988,20.025599333333332,27.171042666666665,c
noarr,FromPlan,seidel-2d,DOUBLE,1,LARGE,1.145687017935828,23.715938333333337,27.171042666666665,c
noarr,FromPlan,seidel-2d,DOUBLE,2,LARGE,1.3568511395164642,20.025072666666667,27.171042666666665,c
noarr,FromPlan,seidel-2d,DOUBLE,3,LARGE,1.1488929556438063,23.64976,27.171042666666665,c
noarr,FromPlan,seidel-2d,DOUBLE,4,LARGE,1.1485687144001924,23.656436333333332,27.171042666666665,c
noarr,Naive,seidel-2d,DOUBLE,1,LARGE,1.000260504421427,27.163966333333335,27.171042666666665,c
noarr,Naive,seidel-2d,DOUBLE,2,LARGE,1.347753550027011,20.160245666666665,27.171042666666665,c
noarr,Naive,seidel-2d,DOUBLE,3,LARGE,1.3568149579155488,20.025606666666665,27.171042666666665,c
noarr,Naive,seidel-2d,DOUBLE,4,LARGE,0.9960964075318225,27.277523000000002,27.171042666666665,c
noarr,Naive,seidel-2d,DOUBLE,5,LARGE,1.3569367679579178,20.023809,27.171042666666665,c
noarr,standard,seidel-2d,DOUBLE,1,LARGE,1.0001238849632477,27.167676999999998,27.171042666666665,c
noarr,standard,seidel-2d,DOUBLE,2,LARGE,1.0001537043880204,27.166867,27.171042666666665,c
noarr,standard,seidel-2d,DOUBLE,3,LARGE,1.0001745299544151,27.166301333333333,27.171042666666665,c
noarr,standard,seidel-2d,DOUBLE,4,LARGE,1.0000762634707594,27.168970666666667,27.171042666666665,c
noarr,standard,seidel-2d,DOUBLE,5,LARGE,1.0001498388067196,27.166972,27.171042666666665,c
c,AllHints,symm,DOUBLE,1,LARGE,83.52547877504192,0.018885,1.5773786666666665,c
c,AllHints,symm,DOUBLE,2,LARGE,3.3536892356189543,0.47034133333333333,1.5773786666666665,c
c,AllHints,symm,DOUBLE,3,LARGE,6.530822470793626,0.24152833333333334,1.5773786666666665,c
c,AllHints,symm,DOUBLE,4,LARGE,0.2796462446662941,5.640621666666667,1.5773786666666665,c
c,AllHints,symm,DOUBLE,5,LARGE,22.835408342501978,0.069076,1.5773786666666665,c
c,ChooseHints,symm,DOUBLE,1,LARGE,3.3612907212716276,0.46927766666666665,1.5773786666666665,c
c,ChooseHints,symm,DOUBLE,2,LARGE,18.625030502924343,0.08469133333333334,1.5773786666666665,c
c,ChooseHints,symm,DOUBLE,3,LARGE,23.27386830870925,0.06777466666666666,1.5773786666666665,c
c,ChooseHints,symm,DOUBLE,4,LARGE,29.11796992296143,0.054172,1.5773786666666665,c
c,ChooseHints,symm,DOUBLE,5,LARGE,6.444751328544851,0.244754,1.5773786666666665,c
c,FromPlan,symm,DOUBLE,1,LARGE,3.6137051096718813,0.43649899999999997,1.5773786666666665,c
c,FromPlan,symm,DOUBLE,2,LARGE,3.797334719978686,0.415391,1.5773786666666665,c
c,FromPlan,symm,DOUBLE,3,LARGE,5.462840017962668,0.28874700000000003,1.5773786666666665,c
c,FromPlan,symm,DOUBLE,4,LARGE,3.714074698475562,0.424703,1.5773786666666665,c
c,FromPlan,symm,DOUBLE,5,LARGE,3.407137647428988,0.462963,1.5773786666666665,c
c,Naive,symm,DOUBLE,1,LARGE,3.3080640482074255,0.47682833333333335,1.5773786666666665,c
c,Naive,symm,DOUBLE,2,LARGE,3.326322389541083,0.474211,1.5773786666666665,c
c,Naive,symm,DOUBLE,3,LARGE,3.366546792019265,0.468545,1.5773786666666665,c
c,Naive,symm,DOUBLE,4,LARGE,1.0038349125106223,1.5713526666666666,1.5773786666666665,c
c,Naive,symm,DOUBLE,5,LARGE,1.3121451459234272,1.2021373333333334,1.5773786666666665,c
c,standard,symm,DOUBLE,1,LARGE,1.0,1.5773786666666665,1.5773786666666665,c
exo,AllHints,symm,DOUBLE,2,LARGE,38.87147809229656,0.040579333333333335,1.5773786666666665,c
exo,AllHints,symm,DOUBLE,5,LARGE,22.307927289183887,0.07070933333333333,1.5773786666666665,c
exo,ChooseHints,symm,DOUBLE,2,LARGE,1.5443043014426687,1.021417,1.5773786666666665,c
exo,ChooseHints,symm,DOUBLE,3,LARGE,13.68959192765438,0.11522466666666666,1.5773786666666665,c
exo,ChooseHints,symm,DOUBLE,4,LARGE,5.9145859346389535,0.266693,1.5773786666666665,c
exo,FromPlan,symm,DOUBLE,1,LARGE,1.4422064270819808,1.093726,1.5773786666666665,c
exo,FromPlan,symm,DOUBLE,4,LARGE,1.1039075618294105,1.4289046666666667,1.5773786666666665,c
exo,Naive,symm,DOUBLE,1,LARGE,1.0073912976836625,1.5658053333333335,1.5773786666666665,c
exo,Naive,symm,DOUBLE,2,LARGE,13.460891431302214,0.11718233333333333,1.5773786666666665,c
exo,Naive,symm,DOUBLE,4,LARGE,11.152885832329709,0.14143233333333335,1.5773786666666665,c
exo,Naive,symm,DOUBLE,5,LARGE,16.02761059309261,0.09841633333333333,1.5773786666666665,c
exo,standard,symm,DOUBLE,1,LARGE,0.9894351767132292,1.5942213333333333,1.5773786666666665,c
exo,standard,symm,DOUBLE,2,LARGE,0.9911986519080338,1.591385,1.5773786666666665,c
exo,standard,symm,DOUBLE,3,LARGE,0.9811201989054146,1.6077323333333335,1.5773786666666665,c
exo,standard,symm,DOUBLE,4,LARGE,0.9849263969755385,1.6015193333333333,1.5773786666666665,c
exo,standard,symm,DOUBLE,5,LARGE,0.9867836926795139,1.598505,1.5773786666666665,c
halide,ChooseHints,symm,DOUBLE,3,LARGE,46.21677898232249,0.03413,1.5773786666666665,c
halide,ChooseHints,symm,DOUBLE,4,LARGE,58.86619893516445,0.026796,1.5773786666666665,c
halide,FromPlan,symm,DOUBLE,2,LARGE,111.7756991685563,0.014112,1.5773786666666665,c
halide,FromPlan,symm,DOUBLE,3,LARGE,94.9999196980647,0.016604,1.5773786666666665,c
halide,Naive,symm,DOUBLE,3,LARGE,59.251687222187435,0.026621666666666665,1.5773786666666665,c
halide,standard,symm,DOUBLE,1,LARGE,0.6867943488841145,2.2967263333333334,1.5773786666666665,c
halide,standard,symm,DOUBLE,2,LARGE,1.914879342193914,0.8237483333333334,1.5773786666666665,c
halide,standard,symm,DOUBLE,3,LARGE,0.7133342488430885,2.211275666666667,1.5773786666666665,c
halide,standard,symm,DOUBLE,4,LARGE,0.6808092131613961,2.316917333333333,1.5773786666666665,c
halide,standard,symm,DOUBLE,5,LARGE,1.905713391681711,0.8277103333333334,1.5773786666666665,c
noarr,AllHints,symm,DOUBLE,1,LARGE,76.06957304526748,0.020736,1.5773786666666665,c
noarr,AllHints,symm,DOUBLE,2,LARGE,1.029165073594497,1.532678,1.5773786666666665,c
noarr,AllHints,symm,DOUBLE,3,LARGE,35.0739036014201,0.044973000000000006,1.5773786666666665,c
noarr,AllHints,symm,DOUBLE,4,LARGE,76.87779835591512,0.020518,1.5773786666666665,c
noarr,AllHints,symm,DOUBLE,5,LARGE,2.871767609552783,0.549271,1.5773786666666665,c
noarr,ChooseHints,symm,DOUBLE,1,LARGE,3.0194497510875955,0.522406,1.5773786666666665,c
noarr,ChooseHints,symm,DOUBLE,2,LARGE,1.536255662994411,1.0267683333333333,1.5773786666666665,c
noarr,ChooseHints,symm,DOUBLE,3,LARGE,1.5344458935296363,1.0279793333333334,1.5773786666666665,c
noarr,ChooseHints,symm,DOUBLE,5,LARGE,1.525898414588098,1.0337376666666667,1.5773786666666665,c
noarr,FromPlan,symm,DOUBLE,1,LARGE,1.1743307412935877,1.343215,1.5773786666666665,c
noarr,FromPlan,symm,DOUBLE,2,LARGE,2.9490511831387924,0.5348766666666666,1.5773786666666665,c
noarr,FromPlan,symm,DOUBLE,3,LARGE,2.938811504756179,0.5367403333333334,1.5773786666666665,c
noarr,FromPlan,symm,DOUBLE,4,LARGE,2.983936892683511,0.5286233333333333,1.5773786666666665,c
noarr,FromPlan,symm,DOUBLE,5,LARGE,1.4736609363083486,1.070381,1.5773786666666665,c
noarr,Naive,symm,DOUBLE,2,LARGE,2.8498757280313836,0.5534903333333333,1.5773786666666665,c
noarr,Naive,symm,DOUBLE,3,LARGE,1.0141403361011367,1.555385,1.5773786666666665,c
noarr,Naive,symm,DOUBLE,4,LARGE,2.980124050711033,0.5292996666666667,1.5773786666666665,c
noarr,Naive,symm,DOUBLE,5,LARGE,1.017657090384363,1.55001,1.5773786666666665,c
noarr,standard,symm,DOUBLE,1,LARGE,1.0026916368979069,1.5731443333333335,1.5773786666666665,c
noarr,standard,symm,DOUBLE,2,LARGE,1.003696517366505,1.5715693333333334,1.5773786666666665,c
noarr,standard,symm,DOUBLE,3,LARGE,0.9890062945975306,1.5949126666666666,1.5773786666666665,c
noarr,standard,symm,DOUBLE,4,LARGE,1.01026503964301,1.5613513333333333,1.5773786666666665,c
noarr,standard,symm,DOUBLE,5,LARGE,1.0030535872124942,1.5725766666666665,1.5773786666666665,c
c,AllHints,syr2k,DOUBLE,1,LARGE,27.508969154436,0.048035,1.3213933333333332,c
c,AllHints,syr2k,DOUBLE,2,LARGE,38.23844892447188,0.034556666666666666,1.3213933333333332,c
c,AllHints,syr2k,DOUBLE,3,LARGE,32.6310244063053,0.040495,1.3213933333333332,c
c,AllHints,syr2k,DOUBLE,4,LARGE,31.45325864449276,0.042011333333333324,1.3213933333333332,c
c,AllHints,syr2k,DOUBLE,5,LARGE,27.448398108334544,0.048140999999999996,1.3213933333333332,c
c,ChooseHints,syr2k,DOUBLE,2,LARGE,37.2871184687015,0.03543833333333333,1.3213933333333332,c
c,ChooseHints,syr2k,DOUBLE,3,LARGE,38.01695532922876,0.034758000000000004,1.3213933333333332,c
c,ChooseHints,syr2k,DOUBLE,4,LARGE,36.93966360713786,0.03577166666666667,1.3213933333333332,c
c,ChooseHints,syr2k,DOUBLE,5,LARGE,36.89325267566309,0.03581666666666667,1.3213933333333332,c
c,FromPlan,syr2k,DOUBLE,2,LARGE,1.1637949383090451,1.1354176666666667,1.3213933333333332,c
c,FromPlan,syr2k,DOUBLE,3,LARGE,1.2872411103541568,1.0265313333333335,1.3213933333333332,c
c,FromPlan,syr2k,DOUBLE,4,LARGE,36.330293726802,0.03637166666666666,1.3213933333333332,c
c,FromPlan,syr2k,DOUBLE,5,LARGE,1.1673340349583587,1.1319753333333333,1.3213933333333332,c
c,Naive,syr2k,DOUBLE,1,LARGE,1.2868479014197207,1.026845,1.3213933333333332,c
c,Naive,syr2k,DOUBLE,2,LARGE,1.1670024148552307,1.132297,1.3213933333333332,c
c,Naive,syr2k,DOUBLE,3,LARGE,1.1065126365318487,1.1941963333333334,1.3213933333333332,c
c,Naive,syr2k,DOUBLE,4,LARGE,1.2879684065688604,1.0259516666666666,1.3213933333333332,c
c,Naive,syr2k,DOUBLE,5,LARGE,1.106314076230621,1.1944106666666665,1.3213933333333332,c
c,standard,syr2k,DOUBLE,1,LARGE,1.0,1.3213933333333332,1.3213933333333332,c
exo,AllHints,syr2k,DOUBLE,1,LARGE,22.570301246320536,0.05854566666666666,1.3213933333333332,c
exo,AllHints,syr2k,DOUBLE,2,LARGE,22.47356754519737,0.058797666666666665,1.3213933333333332,c
exo,AllHints,syr2k,DOUBLE,3,LARGE,15.800407348210976,0.08363033333333332,1.3213933333333332,c
exo,AllHints,syr2k,DOUBLE,4,LARGE,25.380660609902105,0.052063,1.3213933333333332,c
exo,AllHints,syr2k,DOUBLE,5,LARGE,24.30118864443041,0.05437566666666666,1.3213933333333332,c
exo,ChooseHints,syr2k,DOUBLE,2,LARGE,37.05222032171531,0.035663,1.3213933333333332,c
exo,ChooseHints,syr2k,DOUBLE,3,LARGE,22.53104698680822,0.058647666666666674,1.3213933333333332,c
exo,ChooseHints,syr2k,DOUBLE,4,LARGE,22.38081795804069,0.059041333333333335,1.3213933333333332,c
exo,ChooseHints,syr2k,DOUBLE,5,LARGE,23.254550680768933,0.056823000000000005,1.3213933333333332,c
exo,FromPlan,syr2k,DOUBLE,1,LARGE,0.6986501366923413,1.8913520000000001,1.3213933333333332,c
exo,FromPlan,syr2k,DOUBLE,2,LARGE,0.5558230476620457,2.3773633333333333,1.3213933333333332,c
exo,FromPlan,syr2k,DOUBLE,3,LARGE,1.2094196208745378,1.0925846666666665,1.3213933333333332,c
exo,FromPlan,syr2k,DOUBLE,5,LARGE,10.028840461649773,0.13175933333333334,1.3213933333333332,c
exo,Naive,syr2k,DOUBLE,1,LARGE,0.8007140655481148,1.6502686666666666,1.3213933333333332,c
exo,Naive,syr2k,DOUBLE,2,LARGE,27.10328041459846,0.048754,1.3213933333333332,c
exo,Naive,syr2k,DOUBLE,3,LARGE,24.308341356029896,0.05435966666666667,1.3213933333333332,c
exo,Naive,syr2k,DOUBLE,4,LARGE,1.2102751480184168,1.0918123333333334,1.3213933333333332,c
exo,Naive,syr2k,DOUBLE,5,LARGE,22.38878126747279,0.059020333333333334,1.3213933333333332,c
exo,standard,syr2k,DOUBLE,1,LARGE,0.9344960727723451,1.414017,1.3213933333333332,c
exo,standard,syr2k,DOUBLE,2,LARGE,0.9343000527228635,1.4143136666666667,1.3213933333333332,c
exo,standard,syr2k,DOUBLE,3,LARGE,0.932661552632167,1.4167983333333334,1.3213933333333332,c
exo,standard,syr2k,DOUBLE,4,LARGE,0.9329695137105457,1.4163306666666668,1.3213933333333332,c
exo,standard,syr2k,DOUBLE,5,LARGE,0.9323428306938535,1.4172826666666667,1.3213933333333332,c
halide,ChooseHints,syr2k,DOUBLE,1,LARGE,31.27903673778563,0.04224533333333333,1.3213933333333332,c
halide,FromPlan,syr2k,DOUBLE,1,LARGE,26.954742024097694,0.049022666666666666,1.3213933333333332,c
halide,FromPlan,syr2k,DOUBLE,2,LARGE,15.718086477270472,0.08406833333333334,1.3213933333333332,c
halide,Naive,syr2k,DOUBLE,2,LARGE,31.011100593752687,0.04261033333333333,1.3213933333333332,c
halide,Naive,syr2k,DOUBLE,4,LARGE,29.97602933948353,0.044081666666666665,1.3213933333333332,c
halide,standard,syr2k,DOUBLE,2,LARGE,0.9311383518566017,1.419116,1.3213933333333332,c
halide,standard,syr2k,DOUBLE,3,LARGE,0.9298139612122872,1.4211373333333333,1.3213933333333332,c
halide,standard,syr2k,DOUBLE,4,LARGE,0.9275220305726768,1.4246489999999998,1.3213933333333332,c
halide,standard,syr2k,DOUBLE,5,LARGE,0.9261737094960502,1.426723,1.3213933333333332,c
noarr,AllHints,syr2k,DOUBLE,1,LARGE,1.0453410599973207,1.2640786666666666,1.3213933333333332,c
noarr,AllHints,syr2k,DOUBLE,2,LARGE,1.0478397480646637,1.2610643333333333,1.3213933333333332,c
noarr,AllHints,syr2k,DOUBLE,3,LARGE,1.0504238866780817,1.257962,1.3213933333333332,c
noarr,AllHints,syr2k,DOUBLE,4,LARGE,0.7873345783671175,1.6783123333333334,1.3213933333333332,c
noarr,AllHints,syr2k,DOUBLE,5,LARGE,0.7809111740084218,1.6921173333333333,1.3213933333333332,c
noarr,ChooseHints,syr2k,DOUBLE,1,LARGE,1.0457891880754842,1.2635370000000001,1.3213933333333332,c
noarr,ChooseHints,syr2k,DOUBLE,2,LARGE,0.7426802758583478,1.7792223333333332,1.3213933333333332,c
noarr,ChooseHints,syr2k,DOUBLE,3,LARGE,1.0274698330515089,1.2860653333333334,1.3213933333333332,c
noarr,ChooseHints,syr2k,DOUBLE,4,LARGE,1.0174835468522967,1.2986876666666667,1.3213933333333332,c
noarr,ChooseHints,syr2k,DOUBLE,5,LARGE,1.0192874157146208,1.2963893333333332,1.3213933333333332,c
noarr,FromPlan,syr2k,DOUBLE,1,LARGE,0.730597697247353,1.808647,1.3213933333333332,c
noarr,FromPlan,syr2k,DOUBLE,2,LARGE,2.422636814096123,0.545436,1.3213933333333332,c
noarr,FromPlan,syr2k,DOUBLE,4,LARGE,1.1015347149686043,1.1995930000000001,1.3213933333333332,c
noarr,FromPlan,syr2k,DOUBLE,5,LARGE,1.2299509872514727,1.0743463333333334,1.3213933333333332,c
noarr,Naive,syr2k,DOUBLE,1,LARGE,0.7376728260667299,1.7913,1.3213933333333332,c
noarr,Naive,syr2k,DOUBLE,2,LARGE,2.3987868643942156,0.550859,1.3213933333333332,c
noarr,Naive,syr2k,DOUBLE,3,LARGE,0.7422700410832681,1.7802056666666666,1.3213933333333332,c
noarr,Naive,syr2k,DOUBLE,4,LARGE,0.7891626059020471,1.6744246666666667,1.3213933333333332,c
noarr,Naive,syr2k,DOUBLE,5,LARGE,0.783534350313686,1.6864523333333334,1.3213933333333332,c
noarr,standard,syr2k,DOUBLE,1,LARGE,0.8882542227691522,1.4876296666666669,1.3213933333333332,c
noarr,standard,syr2k,DOUBLE,2,LARGE,0.9395897753382629,1.4063513333333333,1.3213933333333332,c
noarr,standard,syr2k,DOUBLE,3,LARGE,0.9449764529425954,1.3983346666666667,1.3213933333333332,c
noarr,standard,syr2k,DOUBLE,5,LARGE,0.938273007532589,1.4083249999999998,1.3213933333333332,c
c,AllHints,syrk,DOUBLE,1,LARGE,22.009553784682694,0.029866,0.6573373333333333,c
c,AllHints,syrk,DOUBLE,2,LARGE,19.72150050503535,0.033331,0.6573373333333333,c
c,AllHints,syrk,DOUBLE,3,LARGE,21.31628329297821,0.03083733333333333,0.6573373333333333,c
c,AllHints,syrk,DOUBLE,4,LARGE,19.564581576467084,0.033598333333333334,0.6573373333333333,c
c,AllHints,syrk,DOUBLE,5,LARGE,21.940010235642287,0.029960666666666667,0.6573373333333333,c
c,ChooseHints,syrk,DOUBLE,1,LARGE,38.135989170373236,0.017236666666666667,0.6573373333333333,c
c,ChooseHints,syrk,DOUBLE,2,LARGE,19.82937988315619,0.03314966666666667,0.6573373333333333,c
c,ChooseHints,syrk,DOUBLE,3,LARGE,19.42792402269861,0.03383466666666667,0.6573373333333333,c
c,ChooseHints,syrk,DOUBLE,4,LARGE,21.86629705605145,0.030061666666666667,0.6573373333333333,c
c,ChooseHints,syrk,DOUBLE,5,LARGE,19.723275724115858,0.033328,0.6573373333333333,c
c,FromPlan,syrk,DOUBLE,1,LARGE,2.7304336267747016,0.2407446666666667,0.6573373333333333,c
c,FromPlan,syrk,DOUBLE,2,LARGE,2.7336622395100507,0.24046033333333336,0.6573373333333333,c
c,FromPlan,syrk,DOUBLE,3,LARGE,3.308511816281403,0.19868066666666664,0.6573373333333333,c
c,FromPlan,syrk,DOUBLE,4,LARGE,0.6522217408128909,1.0078433333333334,0.6573373333333333,c
c,FromPlan,syrk,DOUBLE,5,LARGE,0.6489528623517488,1.01292,0.6573373333333333,c
c,Naive,syrk,DOUBLE,1,LARGE,19.707901101317184,0.033354,0.6573373333333333,c
c,Naive,syrk,DOUBLE,2,LARGE,0.5858280385337039,1.1220653333333332,0.6573373333333333,c
c,Naive,syrk,DOUBLE,3,LARGE,0.6490799545120163,1.0127216666666667,0.6573373333333333,c
c,Naive,syrk,DOUBLE,4,LARGE,0.8618255556818083,0.7627266666666667,0.6573373333333333,c
c,Naive,syrk,DOUBLE,5,LARGE,1.0009649202506863,0.6567036666666667,0.6573373333333333,c
c,standard,syrk,DOUBLE,1,LARGE,1.0,0.6573373333333333,0.6573373333333333,c
exo,AllHints,syrk,DOUBLE,1,LARGE,21.507618143943116,0.030562999999999996,0.6573373333333333,c
exo,AllHints,syrk,DOUBLE,2,LARGE,21.284303461376563,0.030883666666666667,0.6573373333333333,c
exo,AllHints,syrk,DOUBLE,3,LARGE,15.443383740690562,0.042564333333333336,0.6573373333333333,c
exo,AllHints,syrk,DOUBLE,4,LARGE,16.570554673254513,0.039669,0.6573373333333333,c
exo,ChooseHints,syrk,DOUBLE,1,LARGE,8.626776090151887,0.07619733333333333,0.6573373333333333,c
exo,ChooseHints,syrk,DOUBLE,2,LARGE,8.090239259575306,0.08125066666666667,0.6573373333333333,c
exo,ChooseHints,syrk,DOUBLE,4,LARGE,21.129228230705767,0.031110333333333334,0.6573373333333333,c
exo,ChooseHints,syrk,DOUBLE,5,LARGE,12.457435249526217,0.05276666666666666,0.6573373333333333,c
exo,FromPlan,syrk,DOUBLE,2,LARGE,2.2959846128052757,0.28629866666666665,0.6573373333333333,c
exo,Naive,syrk,DOUBLE,1,LARGE,13.245914412568764,0.04962566666666667,0.6573373333333333,c
exo,Naive,syrk,DOUBLE,2,LARGE,17.400771205957877,0.03777633333333333,0.6573373333333333,c
exo,Naive,syrk,DOUBLE,4,LARGE,21.712693921143323,0.030274333333333334,0.6573373333333333,c
exo,Naive,syrk,DOUBLE,5,LARGE,0.9651198415098846,0.681094,0.6573373333333333,c
exo,standard,syrk,DOUBLE,1,LARGE,0.9708763484243296,0.6770556666666666,0.6573373333333333,c
exo,standard,syrk,DOUBLE,2,LARGE,0.969625629429237,0.6779290000000001,0.6573373333333333,c
exo,standard,syrk,DOUBLE,3,LARGE,0.9698483268742747,0.6777733333333332,0.6573373333333333,c
exo,standard,syrk,DOUBLE,4,LARGE,0.9715909902728174,0.6765576666666666,0.6573373333333333,c
exo,standard,syrk,DOUBLE,5,LARGE,0.9692458015987543,0.6781946666666667,0.6573373333333333,c
halide,AllHints,syrk,DOUBLE,2,LARGE,27.53091624900529,0.023876333333333333,0.6573373333333333,c
halide,AllHints,syrk,DOUBLE,3,LARGE,26.975432260888596,0.024368,0.6573373333333333,c
halide,AllHints,syrk,DOUBLE,4,LARGE,13.782197869782786,0.04769466666666666,0.6573373333333333,c
halide,ChooseHints,syrk,DOUBLE,1,LARGE,24.81329743060624,0.02649133333333333,0.6573373333333333,c
halide,ChooseHints,syrk,DOUBLE,3,LARGE,27.019414948277046,0.02432833333333333,0.6573373333333333,c
halide,ChooseHints,syrk,DOUBLE,4,LARGE,41.756913564561884,0.015742000000000003,0.6573373333333333,c
halide,FromPlan,syrk,DOUBLE,3,LARGE,11.414220225967773,0.05758933333333333,0.6573373333333333,c
halide,FromPlan,syrk,DOUBLE,5,LARGE,16.84702786747997,0.039018,0.6573373333333333,c
halide,Naive,syrk,DOUBLE,1,LARGE,27.781468802389305,0.023660999999999998,0.6573373333333333,c
halide,Naive,syrk,DOUBLE,2,LARGE,39.08689447395544,0.016817333333333333,0.6573373333333333,c
halide,Naive,syrk,DOUBLE,5,LARGE,23.797313767844862,0.027622333333333332,0.6573373333333333,c
halide,standard,syrk,DOUBLE,1,LARGE,0.8096646768689817,0.8118636666666667,0.6573373333333333,c
halide,standard,syrk,DOUBLE,2,LARGE,0.8071503590814915,0.8143926666666667,0.6573373333333333,c
halide,standard,syrk,DOUBLE,3,LARGE,0.8101852650711208,0.8113420000000001,0.6573373333333333,c
halide,standard,syrk,DOUBLE,4,LARGE,0.8082917439976915,0.8132426666666667,0.6573373333333333,c
halide,standard,syrk,DOUBLE,5,LARGE,0.5481684835061221,1.199152,0.6573373333333333,c
noarr,AllHints,syrk,DOUBLE,1,LARGE,1.1014260923572552,0.5968056666666667,0.6573373333333333,c
noarr,AllHints,syrk,DOUBLE,2,LARGE,0.4422643347606663,1.4862996666666666,0.6573373333333333,c
noarr,AllHints,syrk,DOUBLE,3,LARGE,1.1042823720199397,0.595262,0.6573373333333333,c
noarr,AllHints,syrk,DOUBLE,4,LARGE,0.6478795871205475,1.014598,0.6573373333333333,c
noarr,AllHints,syrk,DOUBLE,5,LARGE,1.2206171630603384,0.5385286666666667,0.6573373333333333,c
noarr,ChooseHints,syrk,DOUBLE,1,LARGE,1.0983104390096108,0.5984986666666666,0.6573373333333333,c
noarr,ChooseHints,syrk,DOUBLE,2,LARGE,1.1032648496475113,0.595811,0.6573373333333333,c
noarr,ChooseHints,syrk,DOUBLE,3,LARGE,1.0323513491158585,0.6367379999999999,0.6573373333333333,c
noarr,ChooseHints,syrk,DOUBLE,4,LARGE,0.46756456536557894,1.405875,0.6573373333333333,c
noarr,FromPlan,syrk,DOUBLE,1,LARGE,0.6289739621673825,1.0450946666666667,0.6573373333333333,c
noarr,FromPlan,syrk,DOUBLE,2,LARGE,0.6480678035170281,1.0143033333333333,0.6573373333333333,c
noarr,FromPlan,syrk,DOUBLE,3,LARGE,0.6483693052265416,1.0138316666666667,0.6573373333333333,c
noarr,FromPlan,syrk,DOUBLE,5,LARGE,1.1013947191460556,0.5968226666666667,0.6573373333333333,c
noarr,Naive,syrk,DOUBLE,1,LARGE,1.1683559932979906,0.5626173333333333,0.6573373333333333,c
noarr,Naive,syrk,DOUBLE,2,LARGE,0.6517748693400952,1.0085343333333332,0.6573373333333333,c
noarr,Naive,syrk,DOUBLE,3,LARGE,0.4686665519565521,1.4025693333333333,0.6573373333333333,c
noarr,Naive,syrk,DOUBLE,4,LARGE,0.9956619293912362,0.6602013333333333,0.6573373333333333,c
noarr,Naive,syrk,DOUBLE,5,LARGE,0.9930682045365616,0.6619256666666667,0.6573373333333333,c
noarr,standard,syrk,DOUBLE,1,LARGE,0.9892552087330837,0.6644770000000001,0.6573373333333333,c
noarr,standard,syrk,DOUBLE,2,LARGE,1.1051537286382147,0.5947926666666666,0.6573373333333333,c
noarr,standard,syrk,DOUBLE,4,LARGE,0.9875658602763064,0.6656136666666667,0.6573373333333333,c
noarr,standard,syrk,DOUBLE,5,LARGE,0.9930547022767604,0.6619346666666667,0.6573373333333333,c
c,AllHints,trisolv,DOUBLE,3,LARGE,0.9937854923390123,0.0031109999999999996,0.0030916666666666666,c
c,AllHints,trisolv,DOUBLE,4,LARGE,1.0042226071892593,0.003078666666666667,0.0030916666666666666,c
c,AllHints,trisolv,DOUBLE,5,LARGE,1.005856197809348,0.003073666666666667,0.0030916666666666666,c
c,ChooseHints,trisolv,DOUBLE,1,LARGE,1.004005195929855,0.0030793333333333332,0.0030916666666666666,c
c,ChooseHints,trisolv,DOUBLE,3,LARGE,1.0066203603212502,0.0030713333333333335,0.0030916666666666666,c
c,FromPlan,trisolv,DOUBLE,1,LARGE,1.0081521739130435,0.0030666666666666668,0.0030916666666666666,c
c,FromPlan,trisolv,DOUBLE,2,LARGE,2.8398652786282916,0.0010886666666666666,0.0030916666666666666,c
c,FromPlan,trisolv,DOUBLE,3,LARGE,2.783613445378151,0.0011106666666666667,0.0030916666666666666,c
c,FromPlan,trisolv,DOUBLE,4,LARGE,2.7919927754364844,0.0011073333333333332,0.0030916666666666666,c
c,FromPlan,trisolv,DOUBLE,5,LARGE,1.0065111231687465,0.003071666666666667,0.0030916666666666666,c
c,Naive,trisolv,DOUBLE,1,LARGE,0.9968830610490113,0.003101333333333333,0.0030916666666666666,c
c,Naive,trisolv,DOUBLE,2,LARGE,1.0007552870090635,0.0030893333333333333,0.0030916666666666666,c
c,Naive,trisolv,DOUBLE,3,LARGE,1.0082617675834329,0.0030663333333333337,0.0030916666666666666,c
c,Naive,trisolv,DOUBLE,4,LARGE,1.002269288956127,0.0030846666666666665,0.0030916666666666666,c
c,standard,trisolv,DOUBLE,1,LARGE,1.0,0.0030916666666666666,0.0030916666666666666,c
exo,AllHints,trisolv,DOUBLE,1,LARGE,0.9976336452619124,0.0030989999999999998,0.0030916666666666666,c
exo,AllHints,trisolv,DOUBLE,2,LARGE,1.0017280483853548,0.0030863333333333333,0.0030916666666666666,c
exo,AllHints,trisolv,DOUBLE,3,LARGE,0.9867021276595744,0.0031333333333333335,0.0030916666666666666,c
exo,AllHints,trisolv,DOUBLE,4,LARGE,1.0007552870090635,0.0030893333333333333,0.0030916666666666666,c
exo,AllHints,trisolv,DOUBLE,5,LARGE,1.0110093743187267,0.003058,0.0030916666666666666,c
exo,ChooseHints,trisolv,DOUBLE,1,LARGE,0.9992458521870287,0.003094,0.0030916666666666666,c
exo,ChooseHints,trisolv,DOUBLE,2,LARGE,1.0029195501730104,0.0030826666666666663,0.0030916666666666666,c
exo,ChooseHints,trisolv,DOUBLE,3,LARGE,0.9954921111945906,0.0031056666666666663,0.0030916666666666666,c
exo,ChooseHints,trisolv,DOUBLE,5,LARGE,1.0117813897676449,0.0030556666666666666,0.0030916666666666666,c
exo,FromPlan,trisolv,DOUBLE,3,LARGE,1.009029590948651,0.0030639999999999994,0.0030916666666666666,c
exo,FromPlan,trisolv,DOUBLE,4,LARGE,1.0073856848050395,0.003069,0.0030916666666666666,c
exo,FromPlan,trisolv,DOUBLE,5,LARGE,0.9955989695148131,0.0031053333333333336,0.0030916666666666666,c
exo,Naive,trisolv,DOUBLE,1,LARGE,0.9877529286474974,0.0031299999999999995,0.0030916666666666666,c
exo,Naive,trisolv,DOUBLE,3,LARGE,1.0012954766274424,0.003087666666666667,0.0030916666666666666,c
exo,Naive,trisolv,DOUBLE,4,LARGE,0.9938919845692242,0.0031106666666666665,0.0030916666666666666,c
exo,Naive,trisolv,DOUBLE,5,LARGE,0.9983853606027988,0.0030966666666666664,0.0030916666666666666,c
exo,standard,trisolv,DOUBLE,1,LARGE,0.9835630965005302,0.0031433333333333335,0.0030916666666666666,c
exo,standard,trisolv,DOUBLE,2,LARGE,0.9829376854599406,0.0031453333333333333,0.0030916666666666666,c
exo,standard,trisolv,DOUBLE,3,LARGE,0.986912108959353,0.003132666666666667,0.0030916666666666666,c
exo,standard,trisolv,DOUBLE,4,LARGE,0.9786852379444972,0.003159,0.0030916666666666666,c
exo,standard,trisolv,DOUBLE,5,LARGE,0.9908129473346865,0.003120333333333333,0.0030916666666666666,c
halide,ChooseHints,trisolv,DOUBLE,4,LARGE,0.5596789765870142,0.005524,0.0030916666666666666,c
halide,FromPlan,trisolv,DOUBLE,4,LARGE,0.601920955285872,0.005136333333333333,0.0030916666666666666,c
halide,Naive,trisolv,DOUBLE,5,LARGE,0.5734866753230693,0.005391,0.0030916666666666666,c
halide,standard,trisolv,DOUBLE,2,LARGE,0.5099796557980975,0.006062333333333334,0.0030916666666666666,c
halide,standard,trisolv,DOUBLE,3,LARGE,0.5195787350848693,0.005950333333333333,0.0030916666666666666,c
noarr,AllHints,trisolv,DOUBLE,1,LARGE,0.9946380697050938,0.003108333333333333,0.0030916666666666666,c
noarr,AllHints,trisolv,DOUBLE,2,LARGE,0.9922969936878143,0.0031156666666666663,0.0030916666666666666,c
noarr,AllHints,trisolv,DOUBLE,3,LARGE,0.9841893039049237,0.0031413333333333332,0.0030916666666666666,c
noarr,AllHints,trisolv,DOUBLE,4,LARGE,0.9904955147372917,0.0031213333333333336,0.0030916666666666666,c
noarr,AllHints,trisolv,DOUBLE,5,LARGE,0.9909188034188035,0.00312,0.0030916666666666666,c
noarr,ChooseHints,trisolv,DOUBLE,1,LARGE,0.9954921111945905,0.0031056666666666667,0.0030916666666666666,c
noarr,ChooseHints,trisolv,DOUBLE,2,LARGE,0.9798225227128671,0.0031553333333333333,0.0030916666666666666,c
noarr,ChooseHints,trisolv,DOUBLE,3,LARGE,0.98806860551827,0.003129,0.0030916666666666666,c
noarr,ChooseHints,trisolv,DOUBLE,4,LARGE,0.9834588060651045,0.0031436666666666666,0.0030916666666666666,c
noarr,ChooseHints,trisolv,DOUBLE,5,LARGE,0.9841893039049237,0.0031413333333333332,0.0030916666666666666,c
noarr,FromPlan,trisolv,DOUBLE,1,LARGE,0.9902840059790733,0.0031219999999999998,0.0030916666666666666,c
noarr,FromPlan,trisolv,DOUBLE,2,LARGE,0.9793052475979305,0.003157,0.0030916666666666666,c
noarr,FromPlan,trisolv,DOUBLE,3,LARGE,0.994424788249169,0.0031090000000000002,0.0030916666666666666,c
noarr,FromPlan,trisolv,DOUBLE,4,LARGE,0.9862824330072311,0.0031346666666666662,0.0030916666666666666,c
noarr,FromPlan,trisolv,DOUBLE,5,LARGE,0.9913424540401881,0.0031186666666666667,0.0030916666666666666,c
noarr,Naive,trisolv,DOUBLE,1,LARGE,0.987963357477631,0.0031293333333333334,0.0030916666666666666,c
noarr,Naive,trisolv,DOUBLE,2,LARGE,0.9913424540401881,0.0031186666666666667,0.0030916666666666666,c
noarr,Naive,trisolv,DOUBLE,3,LARGE,0.9890168479419917,0.0031260000000000003,0.0030916666666666666,c
noarr,Naive,trisolv,DOUBLE,4,LARGE,0.9938919845692242,0.0031106666666666665,0.0030916666666666666,c
noarr,Naive,trisolv,DOUBLE,5,LARGE,0.9829376854599406,0.0031453333333333333,0.0030916666666666666,c
noarr,standard,trisolv,DOUBLE,2,LARGE,0.9830418653948066,0.003145,0.0030916666666666666,c
noarr,standard,trisolv,DOUBLE,4,LARGE,0.9894388734798378,0.0031246666666666667,0.0030916666666666666,c
noarr,standard,trisolv,DOUBLE,5,LARGE,1.016215623972828,0.003042333333333333,0.0030916666666666666,c
c,AllHints,trmm,DOUBLE,1,LARGE,19.36346190126139,0.05123966666666666,0.9921773333333332,c
c,AllHints,trmm,DOUBLE,2,LARGE,4.868458973063063,0.203797,0.9921773333333332,c
c,AllHints,trmm,DOUBLE,3,LARGE,4.987403026088704,0.19893666666666668,0.9921773333333332,c
c,AllHints,trmm,DOUBLE,4,LARGE,4.8126490547001435,0.20616033333333336,0.9921773333333332,c
c,AllHints,trmm,DOUBLE,5,LARGE,38.72516035023353,0.025621,0.9921773333333332,c
c,ChooseHints,trmm,DOUBLE,1,LARGE,4.911639296652233,0.20200533333333334,0.9921773333333332,c
c,ChooseHints,trmm,DOUBLE,2,LARGE,4.865037323007874,0.2039403333333333,0.9921773333333332,c
c,ChooseHints,trmm,DOUBLE,3,LARGE,4.944774941648461,0.20065166666666667,0.9921773333333332,c
c,ChooseHints,trmm,DOUBLE,4,LARGE,65.45137102271478,0.015158999999999999,0.9921773333333332,c
c,ChooseHints,trmm,DOUBLE,5,LARGE,4.669501961750185,0.21248033333333335,0.9921773333333332,c
c,FromPlan,trmm,DOUBLE,1,LARGE,7.489336647913123,0.13247866666666666,0.9921773333333332,c
c,FromPlan,trmm,DOUBLE,2,LARGE,4.813645280284885,0.20611766666666667,0.9921773333333332,c
c,FromPlan,trmm,DOUBLE,3,LARGE,4.574142885682233,0.21691000000000002,0.9921773333333332,c
c,FromPlan,trmm,DOUBLE,4,LARGE,31.56884830358373,0.031429000000000006,0.9921773333333332,c
c,FromPlan,trmm,DOUBLE,5,LARGE,21.229099208330357,0.04673666666666667,0.9921773333333332,c
c,Naive,trmm,DOUBLE,1,LARGE,4.840936332572735,0.20495566666666667,0.9921773333333332,c
c,Naive,trmm,DOUBLE,2,LARGE,4.86119172634553,0.20410166666666665,0.9921773333333332,c
c,Naive,trmm,DOUBLE,3,LARGE,4.862359064163173,0.20405266666666666,0.9921773333333332,c
c,Naive,trmm,DOUBLE,4,LARGE,4.56434406181618,0.21737566666666666,0.9921773333333332,c
c,Naive,trmm,DOUBLE,5,LARGE,4.882057708204852,0.20322933333333335,0.9921773333333332,c
c,standard,trmm,DOUBLE,1,LARGE,1.0,0.9921773333333332,0.9921773333333332,c
exo,AllHints,trmm,DOUBLE,1,LARGE,17.499952965523725,0.056696,0.9921773333333332,c
exo,AllHints,trmm,DOUBLE,2,LARGE,11.199190310819809,0.08859366666666667,0.9921773333333332,c
exo,AllHints,trmm,DOUBLE,3,LARGE,3.9429591812403793,0.25163266666666667,0.9921773333333332,c
exo,AllHints,trmm,DOUBLE,4,LARGE,0.08451714269764687,11.739362,0.9921773333333332,c
exo,ChooseHints,trmm,DOUBLE,2,LARGE,2.1749006088779415,0.45619433333333337,0.9921773333333332,c
exo,ChooseHints,trmm,DOUBLE,4,LARGE,4.677779646180417,0.21210433333333334,0.9921773333333332,c
exo,FromPlan,trmm,DOUBLE,1,LARGE,3.8058396923139863,0.2606986666666667,0.9921773333333332,c
exo,FromPlan,trmm,DOUBLE,4,LARGE,3.6881082246469292,0.26902066666666663,0.9921773333333332,c
exo,Naive,trmm,DOUBLE,2,LARGE,4.927584408704504,0.20135166666666668,0.9921773333333332,c
exo,Naive,trmm,DOUBLE,3,LARGE,2.0247828305159685,0.4900166666666667,0.9921773333333332,c
exo,Naive,trmm,DOUBLE,4,LARGE,0.08257624231173928,12.015288,0.9921773333333332,c
exo,Naive,trmm,DOUBLE,5,LARGE,17.414665254708314,0.056973666666666666,0.9921773333333332,c
exo,standard,trmm,DOUBLE,1,LARGE,0.991992492065645,1.0001863333333334,0.9921773333333332,c
exo,standard,trmm,DOUBLE,2,LARGE,0.9965141629705812,0.9956480000000001,0.9921773333333332,c
exo,standard,trmm,DOUBLE,3,LARGE,0.9909663724262283,1.001222,0.9921773333333332,c
exo,standard,trmm,DOUBLE,4,LARGE,0.9955449299831562,0.9966173333333334,0.9921773333333332,c
exo,standard,trmm,DOUBLE,5,LARGE,0.9946596723222255,0.9975043333333332,0.9921773333333332,c
halide,AllHints,trmm,DOUBLE,2,LARGE,39.27289519863836,0.025263666666666667,0.9921773333333332,c
halide,AllHints,trmm,DOUBLE,4,LARGE,33.07809079290993,0.029994999999999997,0.9921773333333332,c
halide,standard,trmm,DOUBLE,1,LARGE,0.8892581518686618,1.115736,0.9921773333333332,c
halide,standard,trmm,DOUBLE,4,LARGE,0.8915827287919266,1.112827,0.9921773333333332,c
halide,standard,trmm,DOUBLE,5,LARGE,2.3753461432262863,0.41769799999999996,0.9921773333333332,c
noarr,AllHints,trmm,DOUBLE,1,LARGE,44.02763068366713,0.022535333333333334,0.9921773333333332,c
noarr,AllHints,trmm,DOUBLE,3,LARGE,4.109784537214103,0.24141833333333332,0.9921773333333332,c
noarr,AllHints,trmm,DOUBLE,4,LARGE,4.6669468006710675,0.21259666666666666,0.9921773333333332,c
noarr,AllHints,trmm,DOUBLE,5,LARGE,4.2086709141759915,0.235746,0.9921773333333332,c
noarr,ChooseHints,trmm,DOUBLE,1,LARGE,4.165183831452152,0.23820733333333333,0.9921773333333332,c
noarr,ChooseHints,trmm,DOUBLE,2,LARGE,1.1653840988739375,0.8513736666666666,0.9921773333333332,c
noarr,ChooseHints,trmm,DOUBLE,3,LARGE,1.166186784560033,0.8507876666666666,0.9921773333333332,c
noarr,ChooseHints,trmm,DOUBLE,4,LARGE,4.216301819654993,0.23531933333333332,0.9921773333333332,c
noarr,ChooseHints,trmm,DOUBLE,5,LARGE,4.238099916420698,0.234109,0.9921773333333332,c
noarr,FromPlan,trmm,DOUBLE,2,LARGE,3.948508762504361,0.251279,0.9921773333333332,c
noarr,FromPlan,trmm,DOUBLE,3,LARGE,4.168526249599117,0.2380163333333333,0.9921773333333332,c
noarr,FromPlan,trmm,DOUBLE,4,LARGE,4.191625569978904,0.23670466666666667,0.9921773333333332,c
noarr,FromPlan,trmm,DOUBLE,5,LARGE,4.130309051752847,0.24021866666666666,0.9921773333333332,c
noarr,Naive,trmm,DOUBLE,1,LARGE,4.200136875154337,0.236225,0.9921773333333332,c
noarr,Naive,trmm,DOUBLE,2,LARGE,4.226437491569224,0.23475500000000002,0.9921773333333332,c
noarr,Naive,trmm,DOUBLE,3,LARGE,1.0212772673638428,0.9715063333333332,0.9921773333333332,c
noarr,Naive,trmm,DOUBLE,4,LARGE,1.0161170510562176,0.9764400000000001,0.9921773333333332,c
noarr,Naive,trmm,DOUBLE,5,LARGE,4.161788578099985,0.23840166666666665,0.9921773333333332,c
noarr,standard,trmm,DOUBLE,1,LARGE,4.053608101409249,0.24476399999999998,0.9921773333333332,c
noarr,standard,trmm,DOUBLE,2,LARGE,1.0171573619325815,0.9754413333333334,0.9921773333333332,c
noarr,standard,trmm,DOUBLE,3,LARGE,1.0117881484900841,0.9806176666666667,0.9921773333333332,c
noarr,standard,trmm,DOUBLE,4,LARGE,0.9361002479781994,1.0599049999999999,0.9921773333333332,c
noarr,standard,trmm,DOUBLE,5,LARGE,1.0069080626539395,0.9853703333333333,0.9921773333333332,c
c,AllHints,3mm,DOUBLE,1,MEDIUM,54.72650534608891,0.0005923333333333333,0.03241633333333333,c
c,AllHints,3mm,DOUBLE,2,MEDIUM,52.766684753119904,0.0006143333333333334,0.03241633333333333,c
c,AllHints,3mm,DOUBLE,4,MEDIUM,22.80698874296435,0.0014213333333333335,0.03241633333333333,c
c,AllHints,3mm,DOUBLE,5,MEDIUM,38.49920823436263,0.000842,0.03241633333333333,c
c,ChooseHints,3mm,DOUBLE,1,MEDIUM,51.56362672322375,0.0006286666666666667,0.03241633333333333,c
c,ChooseHints,3mm,DOUBLE,2,MEDIUM,50.4665282823041,0.0006423333333333333,0.03241633333333333,c
c,ChooseHints,3mm,DOUBLE,3,MEDIUM,51.67321997874601,0.0006273333333333334,0.03241633333333333,c
c,ChooseHints,3mm,DOUBLE,4,MEDIUM,25.591842105263154,0.0012666666666666668,0.03241633333333333,c
c,FromPlan,3mm,DOUBLE,1,MEDIUM,3.725301666347443,0.008701666666666667,0.03241633333333333,c
c,FromPlan,3mm,DOUBLE,2,MEDIUM,13.441465100207326,0.0024116666666666666,0.03241633333333333,c
c,FromPlan,3mm,DOUBLE,3,MEDIUM,3.551307332749051,0.009127999999999999,0.03241633333333333,c
c,FromPlan,3mm,DOUBLE,4,MEDIUM,3.4703279449024014,0.009341,0.03241633333333333,c
c,FromPlan,3mm,DOUBLE,5,MEDIUM,3.565238112695677,0.009092333333333334,0.03241633333333333,c
c,Naive,3mm,DOUBLE,1,MEDIUM,4.0043234785473105,0.008095333333333335,0.03241633333333333,c
c,Naive,3mm,DOUBLE,2,MEDIUM,3.5561121878085347,0.009115666666666666,0.03241633333333333,c
c,Naive,3mm,DOUBLE,3,MEDIUM,4.0679745670542955,0.007968666666666667,0.03241633333333333,c
c,Naive,3mm,DOUBLE,4,MEDIUM,4.004488367304921,0.008095,0.03241633333333333,c
c,Naive,3mm,DOUBLE,5,MEDIUM,4.054237712094051,0.007995666666666667,0.03241633333333333,c
c,standard,3mm,DOUBLE,1,MEDIUM,1.0,0.03241633333333333,0.03241633333333333,c
exo,AllHints,3mm,DOUBLE,3,MEDIUM,25.877860564129854,0.0012526666666666667,0.03241633333333333,c
exo,AllHints,3mm,DOUBLE,4,MEDIUM,24.385406218655966,0.0013293333333333334,0.03241633333333333,c
exo,ChooseHints,3mm,DOUBLE,1,MEDIUM,26.753507565337,0.0012116666666666667,0.03241633333333333,c
exo,ChooseHints,3mm,DOUBLE,2,MEDIUM,49.264944275582565,0.0006580000000000001,0.03241633333333333,c
exo,ChooseHints,3mm,DOUBLE,3,MEDIUM,27.929063756461805,0.0011606666666666666,0.03241633333333333,c
exo,ChooseHints,3mm,DOUBLE,4,MEDIUM,49.84572014351614,0.0006503333333333334,0.03241633333333333,c
exo,FromPlan,3mm,DOUBLE,3,MEDIUM,3.2612005365526495,0.00994,0.03241633333333333,c
exo,FromPlan,3mm,DOUBLE,4,MEDIUM,49.440264361972545,0.0006556666666666667,0.03241633333333333,c
exo,FromPlan,3mm,DOUBLE,5,MEDIUM,3.255196652719665,0.009958333333333333,0.03241633333333333,c
exo,Naive,3mm,DOUBLE,1,MEDIUM,20.8063756953359,0.0015580000000000001,0.03241633333333333,c
exo,Naive,3mm,DOUBLE,2,MEDIUM,1.2008421416576114,0.026994666666666667,0.03241633333333333,c
exo,Naive,3mm,DOUBLE,3,MEDIUM,37.766601941747574,0.0008583333333333333,0.03241633333333333,c
exo,Naive,3mm,DOUBLE,4,MEDIUM,3.4060311011487805,0.009517333333333334,0.03241633333333333,c
exo,Naive,3mm,DOUBLE,5,MEDIUM,20.06375077367444,0.0016156666666666665,0.03241633333333333,c
exo,standard,3mm,DOUBLE,1,MEDIUM,0.9756804751537527,0.033224333333333335,0.03241633333333333,c
exo,standard,3mm,DOUBLE,2,MEDIUM,0.975543451001635,0.033229,0.03241633333333333,c
exo,standard,3mm,DOUBLE,3,MEDIUM,0.976542652005824,0.033195,0.03241633333333333,c
exo,standard,3mm,DOUBLE,4,MEDIUM,0.9756706864377872,0.033224666666666666,0.03241633333333333,c
exo,standard,3mm,DOUBLE,5,MEDIUM,0.97545538436848,0.033232000000000005,0.03241633333333333,c
halide,standard,3mm,DOUBLE,1,MEDIUM,0.008199589417673927,3.953409333333333,0.03241633333333333,c
halide,standard,3mm,DOUBLE,2,MEDIUM,0.008159886074232988,3.972645333333333,0.03241633333333333,c
halide,standard,3mm,DOUBLE,3,MEDIUM,1.9835804760642093,0.016342333333333334,0.03241633333333333,c
halide,standard,3mm,DOUBLE,4,MEDIUM,2.1165933922430678,0.015315333333333334,0.03241633333333333,c
halide,standard,3mm,DOUBLE,5,MEDIUM,0.008128955226675217,3.9877613333333333,0.03241633333333333,c
noarr,AllHints,3mm,DOUBLE,1,MEDIUM,1.1568447849257708,0.028021333333333332,0.03241633333333333,c
noarr,AllHints,3mm,DOUBLE,2,MEDIUM,4.9254963533225276,0.006581333333333334,0.03241633333333333,c
noarr,AllHints,3mm,DOUBLE,3,MEDIUM,11.525124437070396,0.0028126666666666664,0.03241633333333333,c
noarr,AllHints,3mm,DOUBLE,4,MEDIUM,4.662208159547437,0.006953,0.03241633333333333,c
noarr,AllHints,3mm,DOUBLE,5,MEDIUM,1.047659574468085,0.03094166666666667,0.03241633333333333,c
noarr,ChooseHints,3mm,DOUBLE,1,MEDIUM,4.652839577053729,0.006967,0.03241633333333333,c
noarr,ChooseHints,3mm,DOUBLE,2,MEDIUM,4.837055458841084,0.006701666666666667,0.03241633333333333,c
noarr,ChooseHints,3mm,DOUBLE,3,MEDIUM,1.3770744831492494,0.023540000000000002,0.03241633333333333,c
noarr,ChooseHints,3mm,DOUBLE,4,MEDIUM,1.1182287534352109,0.028989,0.03241633333333333,c
noarr,ChooseHints,3mm,DOUBLE,5,MEDIUM,4.805504768493353,0.006745666666666666,0.03241633333333333,c
noarr,FromPlan,3mm,DOUBLE,1,MEDIUM,1.153223128735414,0.028109333333333333,0.03241633333333333,c
noarr,FromPlan,3mm,DOUBLE,2,MEDIUM,1.1548802356098662,0.028069,0.03241633333333333,c
noarr,FromPlan,3mm,DOUBLE,3,MEDIUM,4.838980942429218,0.006699,0.03241633333333333,c
noarr,FromPlan,3mm,DOUBLE,4,MEDIUM,1.1564183364052558,0.028031666666666667,0.03241633333333333,c
noarr,FromPlan,3mm,DOUBLE,5,MEDIUM,0.888776172328389,0.036473,0.03241633333333333,c
noarr,Naive,3mm,DOUBLE,1,MEDIUM,4.8341701048864145,0.006705666666666666,0.03241633333333333,c
noarr,Naive,3mm,DOUBLE,2,MEDIUM,4.945786502568275,0.006554333333333333,0.03241633333333333,c
noarr,Naive,3mm,DOUBLE,3,MEDIUM,4.950822175838721,0.006547666666666667,0.03241633333333333,c
noarr,Naive,3mm,DOUBLE,4,MEDIUM,4.67161454580391,0.006939000000000001,0.03241633333333333,c
noarr,Naive,3mm,DOUBLE,5,MEDIUM,4.823619860125986,0.0067203333333333325,0.03241633333333333,c
noarr,standard,3mm,DOUBLE,1,MEDIUM,0.8634608042476491,0.03754233333333334,0.03241633333333333,c
noarr,standard,3mm,DOUBLE,2,MEDIUM,0.8972137651074822,0.03613,0.03241633333333333,c
noarr,standard,3mm,DOUBLE,3,MEDIUM,4.864152453358675,0.006664333333333334,0.03241633333333333,c
noarr,standard,3mm,DOUBLE,4,MEDIUM,4.864639087589414,0.0066636666666666676,0.03241633333333333,c
noarr,standard,3mm,DOUBLE,5,MEDIUM,0.8420993384364932,0.03849466666666667,0.03241633333333333,c
c,AllHints,adi,DOUBLE,1,MEDIUM,3.560261624377807,0.021965333333333337,0.07820233333333333,c
c,AllHints,adi,DOUBLE,2,MEDIUM,4.1966799635082195,0.018634333333333333,0.07820233333333333,c
c,AllHints,adi,DOUBLE,3,MEDIUM,4.172942494797319,0.01874033333333333,0.07820233333333333,c
c,AllHints,adi,DOUBLE,4,MEDIUM,4.229210606961946,0.018490999999999997,0.07820233333333333,c
c,AllHints,adi,DOUBLE,5,MEDIUM,3.6635591367625464,0.021346000000000004,0.07820233333333333,c
c,ChooseHints,adi,DOUBLE,2,MEDIUM,3.5153962569489194,0.022245666666666664,0.07820233333333333,c
c,ChooseHints,adi,DOUBLE,3,MEDIUM,0.9987399054077641,0.078301,0.07820233333333333,c
c,ChooseHints,adi,DOUBLE,4,MEDIUM,3.583536995173214,0.021822666666666667,0.07820233333333333,c
c,ChooseHints,adi,DOUBLE,5,MEDIUM,3.489617730179979,0.02241,0.07820233333333333,c
c,FromPlan,adi,DOUBLE,1,MEDIUM,1.3902472266995354,0.05625066666666667,0.07820233333333333,c
c,FromPlan,adi,DOUBLE,2,MEDIUM,2.0540822133695222,0.03807166666666667,0.07820233333333333,c
c,FromPlan,adi,DOUBLE,3,MEDIUM,1.4003461963171875,0.055845,0.07820233333333333,c
c,FromPlan,adi,DOUBLE,4,MEDIUM,2.3889516827045467,0.032735,0.07820233333333333,c
c,FromPlan,adi,DOUBLE,5,MEDIUM,1.3137287841371703,0.059527,0.07820233333333333,c
c,Naive,adi,DOUBLE,1,MEDIUM,1.0080131647919155,0.07758066666666667,0.07820233333333333,c
c,Naive,adi,DOUBLE,2,MEDIUM,0.8757685143362687,0.08929566666666666,0.07820233333333333,c
c,Naive,adi,DOUBLE,3,MEDIUM,1.48842476573553,0.052540333333333335,0.07820233333333333,c
c,Naive,adi,DOUBLE,4,MEDIUM,3.510241639859355,0.022278333333333334,0.07820233333333333,c
c,Naive,adi,DOUBLE,5,MEDIUM,4.36616232110621,0.017911,0.07820233333333333,c
c,standard,adi,DOUBLE,1,MEDIUM,1.0,0.07820233333333333,0.07820233333333333,c
exo,AllHints,adi,DOUBLE,1,MEDIUM,3.4868170738957254,0.022428,0.07820233333333333,c
exo,AllHints,adi,DOUBLE,2,MEDIUM,3.5152382379382683,0.022246666666666665,0.07820233333333333,c
exo,AllHints,adi,DOUBLE,3,MEDIUM,3.4990902040329317,0.022349333333333332,0.07820233333333333,c
exo,AllHints,adi,DOUBLE,5,MEDIUM,3.483917433917434,0.022446666666666667,0.07820233333333333,c
exo,ChooseHints,adi,DOUBLE,1,MEDIUM,3.4583419322503612,0.022612666666666666,0.07820233333333333,c
exo,ChooseHints,adi,DOUBLE,2,MEDIUM,3.4786999006539046,0.022480333333333335,0.07820233333333333,c
exo,ChooseHints,adi,DOUBLE,4,MEDIUM,3.4631406471421826,0.02258133333333333,0.07820233333333333,c
exo,ChooseHints,adi,DOUBLE,5,MEDIUM,3.4766378684370416,0.022493666666666665,0.07820233333333333,c
exo,FromPlan,adi,DOUBLE,2,MEDIUM,1.0860831805640427,0.072004,0.07820233333333333,c
exo,FromPlan,adi,DOUBLE,4,MEDIUM,3.328042102874003,0.023498,0.07820233333333333,c
exo,Naive,adi,DOUBLE,1,MEDIUM,3.361806092912618,0.023262,0.07820233333333333,c
exo,Naive,adi,DOUBLE,2,MEDIUM,3.453099012378387,0.022647,0.07820233333333333,c
exo,Naive,adi,DOUBLE,4,MEDIUM,3.389539839630138,0.023071666666666667,0.07820233333333333,c
exo,standard,adi,DOUBLE,2,MEDIUM,0.7216678458273094,0.10836333333333333,0.07820233333333333,c
exo,standard,adi,DOUBLE,3,MEDIUM,0.7077369083136997,0.11049633333333332,0.07820233333333333,c
exo,standard,adi,DOUBLE,4,MEDIUM,0.7238275947180057,0.10803999999999998,0.07820233333333333,c
halide,AllHints,adi,DOUBLE,1,MEDIUM,0.046252706126447496,1.6907623333333335,0.07820233333333333,c
halide,AllHints,adi,DOUBLE,3,MEDIUM,0.10718095543534224,0.7296290000000001,0.07820233333333333,c
halide,ChooseHints,adi,DOUBLE,1,MEDIUM,0.08734867089521897,0.8952893333333334,0.07820233333333333,c
halide,ChooseHints,adi,DOUBLE,2,MEDIUM,0.7460180171013008,0.10482633333333334,0.07820233333333333,c
halide,ChooseHints,adi,DOUBLE,3,MEDIUM,0.12960087326064632,0.603409,0.07820233333333333,c
halide,ChooseHints,adi,DOUBLE,4,MEDIUM,1.0601358343236977,0.07376633333333334,0.07820233333333333,c
halide,FromPlan,adi,DOUBLE,3,MEDIUM,1.0401367300070048,0.07518466666666668,0.07820233333333333,c
halide,Naive,adi,DOUBLE,2,MEDIUM,0.8217177802373314,0.09516933333333333,0.07820233333333333,c
halide,Naive,adi,DOUBLE,4,MEDIUM,1.2537716237087233,0.06237366666666666,0.07820233333333333,c
halide,Naive,adi,DOUBLE,5,MEDIUM,0.058110652657777116,1.3457486666666665,0.07820233333333333,c
halide,standard,adi,DOUBLE,1,MEDIUM,0.8270623944610329,0.09455433333333334,0.07820233333333333,c
halide,standard,adi,DOUBLE,2,MEDIUM,0.8242467466764103,0.09487733333333333,0.07820233333333333,c
halide,standard,adi,DOUBLE,3,MEDIUM,0.8293164882711422,0.09429733333333334,0.07820233333333333,c
halide,standard,adi,DOUBLE,5,MEDIUM,0.8212172975546237,0.09522733333333333,0.07820233333333333,c
noarr,AllHints,adi,DOUBLE,1,MEDIUM,3.0483485356409656,0.025654,0.07820233333333333,c
noarr,AllHints,adi,DOUBLE,2,MEDIUM,2.8792847412280165,0.02716033333333333,0.07820233333333333,c
noarr,AllHints,adi,DOUBLE,3,MEDIUM,3.0984719415719058,0.025239,0.07820233333333333,c
noarr,AllHints,adi,DOUBLE,4,MEDIUM,3.042734488483087,0.025701333333333336,0.07820233333333333,c
noarr,AllHints,adi,DOUBLE,5,MEDIUM,1.0666621200754733,0.073315,0.07820233333333333,c
noarr,ChooseHints,adi,DOUBLE,1,MEDIUM,3.0402897649223752,0.025722,0.07820233333333333,c
noarr,ChooseHints,adi,DOUBLE,2,MEDIUM,1.2459809550111265,0.06276366666666666,0.07820233333333333,c
noarr,ChooseHints,adi,DOUBLE,3,MEDIUM,3.0450250499701474,0.025682,0.07820233333333333,c
noarr,ChooseHints,adi,DOUBLE,4,MEDIUM,2.854863832169194,0.027392666666666666,0.07820233333333333,c
noarr,ChooseHints,adi,DOUBLE,5,MEDIUM,3.1137699913730175,0.025115,0.07820233333333333,c
noarr,FromPlan,adi,DOUBLE,1,MEDIUM,0.8085491352986993,0.09671933333333334,0.07820233333333333,c
noarr,FromPlan,adi,DOUBLE,2,MEDIUM,3.0633544427760007,0.025528333333333333,0.07820233333333333,c
noarr,FromPlan,adi,DOUBLE,3,MEDIUM,3.051401443714638,0.025628333333333336,0.07820233333333333,c
noarr,FromPlan,adi,DOUBLE,4,MEDIUM,1.129101654618783,0.06926066666666666,0.07820233333333333,c
noarr,FromPlan,adi,DOUBLE,5,MEDIUM,0.9691180297666504,0.08069433333333333,0.07820233333333333,c
noarr,Naive,adi,DOUBLE,1,MEDIUM,0.9265972068627761,0.08439733333333332,0.07820233333333333,c
noarr,Naive,adi,DOUBLE,2,MEDIUM,0.9331760849936558,0.08380233333333333,0.07820233333333333,c
noarr,Naive,adi,DOUBLE,5,MEDIUM,0.9206556630799054,0.084942,0.07820233333333333,c
noarr,standard,adi,DOUBLE,1,MEDIUM,0.9199516902529595,0.085007,0.07820233333333333,c
noarr,standard,adi,DOUBLE,3,MEDIUM,0.8507497325621453,0.09192166666666667,0.07820233333333333,c
noarr,standard,adi,DOUBLE,4,MEDIUM,0.9404895531003961,0.08315066666666666,0.07820233333333333,c
noarr,standard,adi,DOUBLE,5,MEDIUM,0.9381578105505615,0.08335733333333332,0.07820233333333333,c
c,AllHints,atax,DOUBLE,1,MEDIUM,1.8183421516754847,0.000189,0.00034366666666666665,c
c,AllHints,atax,DOUBLE,2,MEDIUM,1.0750782064650677,0.00031966666666666667,0.00034366666666666665,c
c,AllHints,atax,DOUBLE,3,MEDIUM,1.8987108655616944,0.00018099999999999998,0.00034366666666666665,c
c,AllHints,atax,DOUBLE,4,MEDIUM,1.7961672473867591,0.00019133333333333337,0.00034366666666666665,c
c,AllHints,atax,DOUBLE,5,MEDIUM,1.9980620155038762,0.00017199999999999998,0.00034366666666666665,c
c,ChooseHints,atax,DOUBLE,1,MEDIUM,1.952651515151515,0.00017600000000000002,0.00034366666666666665,c
c,ChooseHints,atax,DOUBLE,2,MEDIUM,1.5051094890510948,0.00022833333333333334,0.00034366666666666665,c
c,ChooseHints,atax,DOUBLE,3,MEDIUM,1.5935085007727976,0.00021566666666666666,0.00034366666666666665,c
c,ChooseHints,atax,DOUBLE,4,MEDIUM,1.269704433497537,0.00027066666666666667,0.00034366666666666665,c
c,ChooseHints,atax,DOUBLE,5,MEDIUM,1.7327731092436973,0.00019833333333333335,0.00034366666666666665,c
c,FromPlan,atax,DOUBLE,1,MEDIUM,1.1038543897216273,0.00031133333333333333,0.00034366666666666665,c
c,FromPlan,atax,DOUBLE,3,MEDIUM,1.6873977086743044,0.00020366666666666667,0.00034366666666666665,c
c,FromPlan,atax,DOUBLE,4,MEDIUM,1.0435222672064777,0.00032933333333333333,0.00034366666666666665,c
c,FromPlan,atax,DOUBLE,5,MEDIUM,1.0068359375,0.0003413333333333333,0.00034366666666666665,c
c,Naive,atax,DOUBLE,1,MEDIUM,1.036180904522613,0.0003316666666666667,0.00034366666666666665,c
c,Naive,atax,DOUBLE,2,MEDIUM,1.0330661322645291,0.00033266666666666666,0.00034366666666666665,c
c,Naive,atax,DOUBLE,3,MEDIUM,1.0435222672064777,0.00032933333333333333,0.00034366666666666665,c
c,Naive,atax,DOUBLE,4,MEDIUM,1.0829831932773109,0.0003173333333333333,0.00034366666666666665,c
c,standard,atax,DOUBLE,1,MEDIUM,1.0,0.00034366666666666665,0.00034366666666666665,c
exo,AllHints,atax,DOUBLE,1,MEDIUM,0.9546296296296295,0.00036,0.00034366666666666665,c
exo,AllHints,atax,DOUBLE,2,MEDIUM,1.1796338672768878,0.00029133333333333333,0.00034366666666666665,c
exo,AllHints,atax,DOUBLE,4,MEDIUM,1.477077363896848,0.0002326666666666667,0.00034366666666666665,c
exo,ChooseHints,atax,DOUBLE,1,MEDIUM,1.6873977086743044,0.00020366666666666667,0.00034366666666666665,c
exo,ChooseHints,atax,DOUBLE,2,MEDIUM,1.4220689655172414,0.00024166666666666664,0.00034366666666666665,c
exo,ChooseHints,atax,DOUBLE,3,MEDIUM,0.43630977570884466,0.0007876666666666667,0.00034366666666666665,c
exo,ChooseHints,atax,DOUBLE,4,MEDIUM,1.2936010037641155,0.00026566666666666666,0.00034366666666666665,c
exo,ChooseHints,atax,DOUBLE,5,MEDIUM,1.0509683995922527,0.00032700000000000003,0.00034366666666666665,c
exo,FromPlan,atax,DOUBLE,1,MEDIUM,0.9330316742081447,0.00036833333333333336,0.00034366666666666665,c
exo,FromPlan,atax,DOUBLE,2,MEDIUM,0.5026816187225743,0.0006836666666666666,0.00034366666666666665,c
exo,FromPlan,atax,DOUBLE,4,MEDIUM,0.9230080572963295,0.0003723333333333333,0.00034366666666666665,c
exo,Naive,atax,DOUBLE,4,MEDIUM,1.0068359375,0.0003413333333333333,0.00034366666666666665,c
exo,standard,atax,DOUBLE,1,MEDIUM,0.9875478927203065,0.000348,0.00034366666666666665,c
exo,standard,atax,DOUBLE,2,MEDIUM,1.0187747035573123,0.0003373333333333333,0.00034366666666666665,c
exo,standard,atax,DOUBLE,3,MEDIUM,0.9735599622285174,0.000353,0.00034366666666666665,c
exo,standard,atax,DOUBLE,4,MEDIUM,1.012770137524558,0.00033933333333333336,0.00034366666666666665,c
exo,standard,atax,DOUBLE,5,MEDIUM,1.0157635467980297,0.0003383333333333333,0.00034366666666666665,c
halide,Naive,atax,DOUBLE,2,MEDIUM,0.08351559335763467,0.004115,0.00034366666666666665,c
halide,standard,atax,DOUBLE,1,MEDIUM,0.5492807671816728,0.0006256666666666667,0.00034366666666666665,c
halide,standard,atax,DOUBLE,2,MEDIUM,0.8215139442231075,0.00041833333333333333,0.00034366666666666665,c
halide,standard,atax,DOUBLE,3,MEDIUM,0.8130914826498422,0.0004226666666666667,0.00034366666666666665,c
halide,standard,atax,DOUBLE,4,MEDIUM,0.5600217273221074,0.0006136666666666668,0.00034366666666666665,c
halide,standard,atax,DOUBLE,5,MEDIUM,0.5618528610354224,0.0006116666666666666,0.00034366666666666665,c
noarr,AllHints,atax,DOUBLE,1,MEDIUM,1.1430155210643014,0.0003006666666666667,0.00034366666666666665,c
noarr,AllHints,atax,DOUBLE,2,MEDIUM,1.115800865800866,0.00030799999999999995,0.00034366666666666665,c
noarr,AllHints,atax,DOUBLE,3,MEDIUM,0.1367192680015913,0.0025136666666666667,0.00034366666666666665,c
noarr,AllHints,atax,DOUBLE,4,MEDIUM,1.1133909287257018,0.00030866666666666667,0.00034366666666666665,c
noarr,AllHints,atax,DOUBLE,5,MEDIUM,0.1306551767836776,0.0026303333333333335,0.00034366666666666665,c
noarr,ChooseHints,atax,DOUBLE,1,MEDIUM,1.1145945945945945,0.00030833333333333337,0.00034366666666666665,c
noarr,ChooseHints,atax,DOUBLE,2,MEDIUM,1.1392265193370166,0.00030166666666666666,0.00034366666666666665,c
noarr,ChooseHints,atax,DOUBLE,3,MEDIUM,0.6956815114709851,0.000494,0.00034366666666666665,c
noarr,ChooseHints,atax,DOUBLE,4,MEDIUM,1.126775956284153,0.000305,0.00034366666666666665,c
noarr,ChooseHints,atax,DOUBLE,5,MEDIUM,1.1086021505376344,0.00031,0.00034366666666666665,c
noarr,FromPlan,atax,DOUBLE,2,MEDIUM,0.7912509593246355,0.0004343333333333333,0.00034366666666666665,c
noarr,FromPlan,atax,DOUBLE,4,MEDIUM,0.9205357142857142,0.0003733333333333333,0.00034366666666666665,c
noarr,Naive,atax,DOUBLE,1,MEDIUM,1.1086021505376344,0.00031,0.00034366666666666665,c
noarr,Naive,atax,DOUBLE,2,MEDIUM,1.2016317016317015,0.000286,0.00034366666666666665,c
noarr,Naive,atax,DOUBLE,3,MEDIUM,1.1133909287257018,0.00030866666666666667,0.00034366666666666665,c
noarr,Naive,atax,DOUBLE,4,MEDIUM,1.217237308146399,0.00028233333333333333,0.00034366666666666665,c
noarr,Naive,atax,DOUBLE,5,MEDIUM,1.1086021505376344,0.00031,0.00034366666666666665,c
noarr,standard,atax,DOUBLE,1,MEDIUM,1.1145945945945945,0.00030833333333333337,0.00034366666666666665,c
noarr,standard,atax,DOUBLE,2,MEDIUM,1.1050375133976418,0.000311,0.00034366666666666665,c
noarr,standard,atax,DOUBLE,3,MEDIUM,1.0628865979381443,0.0003233333333333333,0.00034366666666666665,c
noarr,standard,atax,DOUBLE,4,MEDIUM,1.106223175965665,0.00031066666666666666,0.00034366666666666665,c
noarr,standard,atax,DOUBLE,5,MEDIUM,1.1038543897216273,0.00031133333333333333,0.00034366666666666665,c
c,AllHints,bicg,DOUBLE,1,MEDIUM,3.150268336314847,0.00018633333333333335,0.000587,c
c,AllHints,bicg,DOUBLE,3,MEDIUM,3.06794425087108,0.0001913333333333333,0.000587,c
c,AllHints,bicg,DOUBLE,4,MEDIUM,2.48728813559322,0.00023600000000000002,0.000587,c
c,AllHints,bicg,DOUBLE,5,MEDIUM,3.0414507772020722,0.000193,0.000587,c
c,ChooseHints,bicg,DOUBLE,1,MEDIUM,2.4526462395543174,0.00023933333333333334,0.000587,c
c,ChooseHints,bicg,DOUBLE,2,MEDIUM,3.0519930675909874,0.00019233333333333334,0.000587,c
c,ChooseHints,bicg,DOUBLE,3,MEDIUM,3.2193784277879343,0.0001823333333333333,0.000587,c
c,ChooseHints,bicg,DOUBLE,4,MEDIUM,2.320158102766798,0.000253,0.000587,c
c,ChooseHints,bicg,DOUBLE,5,MEDIUM,3.4529411764705875,0.00017,0.000587,c
c,FromPlan,bicg,DOUBLE,1,MEDIUM,3.6309278350515464,0.00016166666666666665,0.000587,c
c,FromPlan,bicg,DOUBLE,2,MEDIUM,2.392663043478261,0.0002453333333333333,0.000587,c
c,FromPlan,bicg,DOUBLE,3,MEDIUM,2.179455445544554,0.00026933333333333334,0.000587,c
c,FromPlan,bicg,DOUBLE,4,MEDIUM,2.344873501997337,0.0002503333333333333,0.000587,c
c,FromPlan,bicg,DOUBLE,5,MEDIUM,2.2810880829015545,0.0002573333333333333,0.000587,c
c,Naive,bicg,DOUBLE,1,MEDIUM,2.4424410540915398,0.0002403333333333333,0.000587,c
c,Naive,bicg,DOUBLE,2,MEDIUM,2.4802816901408447,0.00023666666666666668,0.000587,c
c,Naive,bicg,DOUBLE,3,MEDIUM,2.4698457223001404,0.00023766666666666665,0.000587,c
c,Naive,bicg,DOUBLE,4,MEDIUM,2.5014204545454546,0.00023466666666666666,0.000587,c
c,Naive,bicg,DOUBLE,5,MEDIUM,2.425619834710744,0.000242,0.000587,c
c,standard,bicg,DOUBLE,1,MEDIUM,1.0,0.000587,0.000587,c
exo,AllHints,bicg,DOUBLE,2,MEDIUM,1.834375,0.00031999999999999997,0.000587,c
exo,AllHints,bicg,DOUBLE,3,MEDIUM,1.0051369863013697,0.000584,0.000587,c
exo,AllHints,bicg,DOUBLE,4,MEDIUM,2.0742049469964665,0.000283,0.000587,c
exo,AllHints,bicg,DOUBLE,5,MEDIUM,1.9764309764309762,0.000297,0.000587,c
exo,ChooseHints,bicg,DOUBLE,1,MEDIUM,2.0405561993047505,0.0002876666666666667,0.000587,c
exo,ChooseHints,bicg,DOUBLE,2,MEDIUM,2.1191335740072206,0.00027699999999999996,0.000587,c
exo,ChooseHints,bicg,DOUBLE,4,MEDIUM,0.9518918918918917,0.0006166666666666667,0.000587,c
exo,ChooseHints,bicg,DOUBLE,5,MEDIUM,0.9297782470960928,0.0006313333333333334,0.000587,c
exo,FromPlan,bicg,DOUBLE,2,MEDIUM,1.8382045929018789,0.0003193333333333333,0.000587,c
exo,Naive,bicg,DOUBLE,1,MEDIUM,1.037713612256924,0.0005656666666666667,0.000587,c
exo,Naive,bicg,DOUBLE,2,MEDIUM,0.999432463110102,0.0005873333333333334,0.000587,c
exo,Naive,bicg,DOUBLE,3,MEDIUM,2.20125,0.0002666666666666667,0.000587,c
exo,Naive,bicg,DOUBLE,4,MEDIUM,1.037713612256924,0.0005656666666666667,0.000587,c
exo,Naive,bicg,DOUBLE,5,MEDIUM,0.9915540540540541,0.000592,0.000587,c
exo,standard,bicg,DOUBLE,1,MEDIUM,0.9876612450925406,0.0005943333333333333,0.000587,c
exo,standard,bicg,DOUBLE,2,MEDIUM,1.0097477064220182,0.0005813333333333333,0.000587,c
exo,standard,bicg,DOUBLE,3,MEDIUM,0.992671927846674,0.0005913333333333334,0.000587,c
exo,standard,bicg,DOUBLE,4,MEDIUM,1.0051369863013697,0.000584,0.000587,c
exo,standard,bicg,DOUBLE,5,MEDIUM,1.006861063464837,0.0005830000000000001,0.000587,c
halide,AllHints,bicg,DOUBLE,5,MEDIUM,0.21009305654974944,0.002794,0.000587,c
halide,FromPlan,bicg,DOUBLE,1,MEDIUM,0.13909952606635068,0.004220000000000001,0.000587,c
halide,FromPlan,bicg,DOUBLE,4,MEDIUM,0.10859644795263934,0.005405333333333334,0.000587,c
halide,standard,bicg,DOUBLE,1,MEDIUM,0.8482658959537572,0.0006919999999999999,0.000587,c
halide,standard,bicg,DOUBLE,2,MEDIUM,1.334090909090909,0.00044,0.000587,c
halide,standard,bicg,DOUBLE,3,MEDIUM,0.8373751783166905,0.0007009999999999999,0.000587,c
halide,standard,bicg,DOUBLE,4,MEDIUM,0.8511358144030933,0.0006896666666666667,0.000587,c
halide,standard,bicg,DOUBLE,5,MEDIUM,0.8544395924308588,0.000687,0.000587,c
noarr,AllHints,bicg,DOUBLE,1,MEDIUM,2.2722580645161288,0.00025833333333333334,0.000587,c
noarr,AllHints,bicg,DOUBLE,2,MEDIUM,0.22840466926070038,0.00257,0.000587,c
noarr,AllHints,bicg,DOUBLE,3,MEDIUM,2.2178841309823674,0.0002646666666666667,0.000587,c
noarr,AllHints,bicg,DOUBLE,4,MEDIUM,2.2870129870129863,0.0002566666666666667,0.000587,c
noarr,AllHints,bicg,DOUBLE,5,MEDIUM,2.317105263157895,0.00025333333333333333,0.000587,c
noarr,ChooseHints,bicg,DOUBLE,1,MEDIUM,2.131961259079903,0.0002753333333333333,0.000587,c
noarr,ChooseHints,bicg,DOUBLE,2,MEDIUM,1.1547540983606557,0.0005083333333333333,0.000587,c
noarr,ChooseHints,bicg,DOUBLE,3,MEDIUM,2.2519181585677748,0.00026066666666666664,0.000587,c
noarr,ChooseHints,bicg,DOUBLE,4,MEDIUM,2.2123115577889445,0.00026533333333333335,0.000587,c
noarr,ChooseHints,bicg,DOUBLE,5,MEDIUM,2.20125,0.0002666666666666667,0.000587,c
noarr,FromPlan,bicg,DOUBLE,2,MEDIUM,1.9943374858437144,0.00029433333333333335,0.000587,c
noarr,FromPlan,bicg,DOUBLE,5,MEDIUM,1.989830508474576,0.000295,0.000587,c
noarr,Naive,bicg,DOUBLE,1,MEDIUM,2.2376111817026683,0.00026233333333333333,0.000587,c
noarr,Naive,bicg,DOUBLE,2,MEDIUM,2.5521739130434775,0.00023000000000000003,0.000587,c
noarr,Naive,bicg,DOUBLE,3,MEDIUM,2.317105263157895,0.00025333333333333333,0.000587,c
noarr,Naive,bicg,DOUBLE,4,MEDIUM,2.3355437665782492,0.00025133333333333333,0.000587,c
noarr,Naive,bicg,DOUBLE,5,MEDIUM,2.266409266409266,0.000259,0.000587,c
noarr,standard,bicg,DOUBLE,1,MEDIUM,1.1361290322580644,0.0005166666666666667,0.000587,c
noarr,standard,bicg,DOUBLE,2,MEDIUM,1.0999375390381012,0.0005336666666666667,0.000587,c
noarr,standard,bicg,DOUBLE,3,MEDIUM,1.1281229980781549,0.0005203333333333334,0.000587,c
noarr,standard,bicg,DOUBLE,4,MEDIUM,1.1310211946050095,0.000519,0.000587,c
noarr,standard,bicg,DOUBLE,5,MEDIUM,1.1302952503209243,0.0005193333333333333,0.000587,c
c,AllHints,cholesky,DOUBLE,1,MEDIUM,1.0668963269866394,0.014320666666666667,0.015278666666666668,c
c,AllHints,cholesky,DOUBLE,2,MEDIUM,1.0692607366972262,0.014289000000000001,0.015278666666666668,c
c,AllHints,cholesky,DOUBLE,3,MEDIUM,1.005726823916621,0.015191666666666668,0.015278666666666668,c
c,AllHints,cholesky,DOUBLE,4,MEDIUM,1.0205281204078909,0.014971333333333331,0.015278666666666668,c
c,AllHints,cholesky,DOUBLE,5,MEDIUM,1.0661518422032006,0.014330666666666667,0.015278666666666668,c
c,ChooseHints,cholesky,DOUBLE,1,MEDIUM,1.0633075834551233,0.014369,0.015278666666666668,c
c,ChooseHints,cholesky,DOUBLE,3,MEDIUM,1.0666480498929538,0.014323999999999998,0.015278666666666668,c
c,ChooseHints,cholesky,DOUBLE,5,MEDIUM,1.0732164180851813,0.014236333333333332,0.015278666666666668,c
c,FromPlan,cholesky,DOUBLE,1,MEDIUM,2.2721459376394195,0.006724333333333333,0.015278666666666668,c
c,FromPlan,cholesky,DOUBLE,2,MEDIUM,1.0662014421958594,0.01433,0.015278666666666668,c
c,FromPlan,cholesky,DOUBLE,3,MEDIUM,1.0666232285388502,0.014324333333333333,0.015278666666666668,c
c,FromPlan,cholesky,DOUBLE,4,MEDIUM,2.0497272158125392,0.007454,0.015278666666666668,c
c,FromPlan,cholesky,DOUBLE,5,MEDIUM,3.6231127974073205,0.004216999999999999,0.015278666666666668,c
c,Naive,cholesky,DOUBLE,1,MEDIUM,1.080324314132177,0.014142666666666666,0.015278666666666668,c
c,Naive,cholesky,DOUBLE,2,MEDIUM,1.0733169418100925,0.014235,0.015278666666666668,c
c,Naive,cholesky,DOUBLE,3,MEDIUM,1.0614607938492893,0.014393999999999999,0.015278666666666668,c
c,Naive,cholesky,DOUBLE,4,MEDIUM,1.0159588616012059,0.015038666666666667,0.015278666666666668,c
c,Naive,cholesky,DOUBLE,5,MEDIUM,1.0228738479391222,0.014937,0.015278666666666668,c
c,standard,cholesky,DOUBLE,1,MEDIUM,1.0,0.015278666666666668,0.015278666666666668,c
exo,AllHints,cholesky,DOUBLE,1,MEDIUM,1.0537980503954387,0.014498666666666667,0.015278666666666668,c
exo,AllHints,cholesky,DOUBLE,2,MEDIUM,1.051959974295419,0.014524,0.015278666666666668,c
exo,AllHints,cholesky,DOUBLE,3,MEDIUM,0.9839641070776893,0.015527666666666667,0.015278666666666668,c
exo,AllHints,cholesky,DOUBLE,5,MEDIUM,0.9878235382858129,0.015467,0.015278666666666668,c
exo,ChooseHints,cholesky,DOUBLE,2,MEDIUM,1.063258252337099,0.014369666666666668,0.015278666666666668,c
exo,ChooseHints,cholesky,DOUBLE,3,MEDIUM,1.042959861654683,0.014649333333333334,0.015278666666666668,c
exo,ChooseHints,cholesky,DOUBLE,4,MEDIUM,0.9865690916917779,0.015486666666666668,0.015278666666666668,c
exo,ChooseHints,cholesky,DOUBLE,5,MEDIUM,1.0559100647331199,0.014469666666666667,0.015278666666666668,c
exo,FromPlan,cholesky,DOUBLE,1,MEDIUM,1.062124898621249,0.014385,0.015278666666666668,c
exo,FromPlan,cholesky,DOUBLE,2,MEDIUM,1.0559100647331199,0.014469666666666667,0.015278666666666668,c
exo,FromPlan,cholesky,DOUBLE,4,MEDIUM,1.0601841143544433,0.014411333333333333,0.015278666666666668,c
exo,FromPlan,cholesky,DOUBLE,5,MEDIUM,1.0427700427700428,0.014652,0.015278666666666668,c
exo,Naive,cholesky,DOUBLE,1,MEDIUM,0.45176869474368964,0.033819666666666665,0.015278666666666668,c
exo,Naive,cholesky,DOUBLE,3,MEDIUM,1.0569570631370198,0.014455333333333334,0.015278666666666668,c
exo,Naive,cholesky,DOUBLE,4,MEDIUM,1.0556182492342414,0.014473666666666668,0.015278666666666668,c
exo,Naive,cholesky,DOUBLE,5,MEDIUM,0.42175193227824814,0.036226666666666664,0.015278666666666668,c
exo,standard,cholesky,DOUBLE,1,MEDIUM,0.9663518299881937,0.015810666666666667,0.015278666666666668,c
exo,standard,cholesky,DOUBLE,2,MEDIUM,0.9804911440061608,0.015582666666666667,0.015278666666666668,c
exo,standard,cholesky,DOUBLE,3,MEDIUM,0.9798832759689592,0.015592333333333333,0.015278666666666668,c
exo,standard,cholesky,DOUBLE,4,MEDIUM,0.9803862853720617,0.015584333333333334,0.015278666666666668,c
exo,standard,cholesky,DOUBLE,5,MEDIUM,0.9801766353741207,0.015587666666666666,0.015278666666666668,c
halide,AllHints,cholesky,DOUBLE,4,MEDIUM,0.028206370002147662,0.5416743333333334,0.015278666666666668,c
halide,ChooseHints,cholesky,DOUBLE,2,MEDIUM,1.1234313725490197,0.013600000000000001,0.015278666666666668,c
halide,Naive,cholesky,DOUBLE,1,MEDIUM,1.1251963864886096,0.013578666666666668,0.015278666666666668,c
halide,Naive,cholesky,DOUBLE,4,MEDIUM,1.0259417597421492,0.014892333333333334,0.015278666666666668,c
halide,standard,cholesky,DOUBLE,1,MEDIUM,1.098289164709829,0.013911333333333333,0.015278666666666668,c
c,AllHints,correlation,DOUBLE,1,MEDIUM,11.651118815001578,0.0010576666666666666,0.012323,c
c,AllHints,correlation,DOUBLE,2,MEDIUM,15.435908141962424,0.0007983333333333333,0.012323,c
c,AllHints,correlation,DOUBLE,3,MEDIUM,13.095642933049948,0.000941,0.012323,c
c,AllHints,correlation,DOUBLE,4,MEDIUM,11.312423500611995,0.0010893333333333334,0.012323,c
c,ChooseHints,correlation,DOUBLE,1,MEDIUM,3.4047706759992633,0.0036193333333333333,0.012323,c
c,ChooseHints,correlation,DOUBLE,2,MEDIUM,2.5128466557911913,0.0049039999999999995,0.012323,c
c,ChooseHints,correlation,DOUBLE,3,MEDIUM,14.623813291139243,0.0008426666666666666,0.012323,c
c,ChooseHints,correlation,DOUBLE,5,MEDIUM,10.626329405001437,0.0011596666666666667,0.012323,c
c,FromPlan,correlation,DOUBLE,1,MEDIUM,3.456015705337945,0.0035656666666666666,0.012323,c
c,FromPlan,correlation,DOUBLE,2,MEDIUM,3.4441028507546116,0.003578,0.012323,c
c,FromPlan,correlation,DOUBLE,3,MEDIUM,3.4540782958049143,0.003567666666666667,0.012323,c
c,FromPlan,correlation,DOUBLE,4,MEDIUM,1.1608314754921971,0.010615666666666667,0.012323,c
c,FromPlan,correlation,DOUBLE,5,MEDIUM,3.4284521932671796,0.0035943333333333335,0.012323,c
c,Naive,correlation,DOUBLE,1,MEDIUM,3.594807467911319,0.003428,0.012323,c
c,Naive,correlation,DOUBLE,2,MEDIUM,3.4246410375173695,0.003598333333333333,0.012323,c
c,Naive,correlation,DOUBLE,3,MEDIUM,3.4274986093083624,0.0035953333333333336,0.012323,c
c,Naive,correlation,DOUBLE,4,MEDIUM,3.2357986870897157,0.0038083333333333333,0.012323,c
c,Naive,correlation,DOUBLE,5,MEDIUM,3.4287701725097386,0.003594,0.012323,c
c,standard,correlation,DOUBLE,1,MEDIUM,1.0,0.012323,0.012323,c
exo,AllHints,correlation,DOUBLE,1,MEDIUM,10.358363687307369,0.0011896666666666668,0.012323,c
exo,AllHints,correlation,DOUBLE,2,MEDIUM,9.433273794335289,0.0013063333333333336,0.012323,c
exo,AllHints,correlation,DOUBLE,3,MEDIUM,12.917190775681343,0.000954,0.012323,c
exo,AllHints,correlation,DOUBLE,4,MEDIUM,10.822306791569087,0.0011386666666666667,0.012323,c
exo,AllHints,correlation,DOUBLE,5,MEDIUM,3.2434637655729075,0.0037993333333333334,0.012323,c
exo,ChooseHints,correlation,DOUBLE,1,MEDIUM,11.987354085603112,0.001028,0.012323,c
exo,ChooseHints,correlation,DOUBLE,2,MEDIUM,10.243557772236077,0.001203,0.012323,c
exo,ChooseHints,correlation,DOUBLE,3,MEDIUM,11.35411547911548,0.0010853333333333333,0.012323,c
exo,ChooseHints,correlation,DOUBLE,4,MEDIUM,12.61740614334471,0.0009766666666666667,0.012323,c
exo,ChooseHints,correlation,DOUBLE,5,MEDIUM,10.30925822643614,0.0011953333333333334,0.012323,c
exo,FromPlan,correlation,DOUBLE,2,MEDIUM,3.161905576462538,0.003897333333333334,0.012323,c
exo,FromPlan,correlation,DOUBLE,3,MEDIUM,3.225634761364628,0.003820333333333333,0.012323,c
exo,FromPlan,correlation,DOUBLE,4,MEDIUM,3.1597435897435897,0.0039000000000000003,0.012323,c
exo,Naive,correlation,DOUBLE,2,MEDIUM,3.1276649746192895,0.00394,0.012323,c
exo,Naive,correlation,DOUBLE,3,MEDIUM,10.059591836734695,0.001225,0.012323,c
exo,Naive,correlation,DOUBLE,5,MEDIUM,3.041714661839724,0.004051333333333333,0.012323,c
exo,standard,correlation,DOUBLE,1,MEDIUM,0.8919799256864355,0.013815333333333332,0.012323,c
exo,standard,correlation,DOUBLE,2,MEDIUM,0.9024533138044672,0.013655,0.012323,c
exo,standard,correlation,DOUBLE,3,MEDIUM,0.8894475988836493,0.013854666666666668,0.012323,c
halide,AllHints,correlation,DOUBLE,1,MEDIUM,2.6698201776558097,0.004615666666666667,0.012323,c
halide,AllHints,correlation,DOUBLE,2,MEDIUM,0.6532664204555495,0.018863666666666667,0.012323,c
halide,AllHints,correlation,DOUBLE,4,MEDIUM,3.5930605501020514,0.0034296666666666664,0.012323,c
halide,Naive,correlation,DOUBLE,1,MEDIUM,2.340995440729483,0.0052640000000000004,0.012323,c
halide,Naive,correlation,DOUBLE,2,MEDIUM,3.1372199592668024,0.003928,0.012323,c
halide,Naive,correlation,DOUBLE,4,MEDIUM,2.603267375536934,0.004733666666666666,0.012323,c
halide,Naive,correlation,DOUBLE,5,MEDIUM,2.5985098755886695,0.004742333333333334,0.012323,c
halide,standard,correlation,DOUBLE,4,MEDIUM,0.5767574651315174,0.021366,0.012323,c
noarr,AllHints,correlation,DOUBLE,1,MEDIUM,1.1907814211170522,0.010348666666666666,0.012323,c
noarr,AllHints,correlation,DOUBLE,2,MEDIUM,1.1301357300073367,0.010904000000000002,0.012323,c
noarr,AllHints,correlation,DOUBLE,3,MEDIUM,1.20809777458253,0.010200333333333334,0.012323,c
noarr,AllHints,correlation,DOUBLE,4,MEDIUM,1.2055763900211969,0.010221666666666667,0.012323,c
noarr,AllHints,correlation,DOUBLE,5,MEDIUM,1.1903213342778027,0.010352666666666668,0.012323,c
noarr,ChooseHints,correlation,DOUBLE,1,MEDIUM,1.142852726598244,0.010782666666666668,0.012323,c
noarr,ChooseHints,correlation,DOUBLE,2,MEDIUM,1.2047513524082645,0.010228666666666665,0.012323,c
noarr,ChooseHints,correlation,DOUBLE,3,MEDIUM,1.1810804766620877,0.010433666666666666,0.012323,c
noarr,ChooseHints,correlation,DOUBLE,4,MEDIUM,2.6619383640553,0.004629333333333333,0.012323,c
noarr,ChooseHints,correlation,DOUBLE,5,MEDIUM,1.1496050749424718,0.010719333333333332,0.012323,c
noarr,FromPlan,correlation,DOUBLE,1,MEDIUM,1.2594194998977994,0.009784666666666665,0.012323,c
noarr,FromPlan,correlation,DOUBLE,2,MEDIUM,1.2525071147852012,0.009838666666666667,0.012323,c
noarr,FromPlan,correlation,DOUBLE,3,MEDIUM,1.248741766593481,0.009868333333333333,0.012323,c
noarr,FromPlan,correlation,DOUBLE,4,MEDIUM,1.255911129229515,0.009812,0.012323,c
noarr,FromPlan,correlation,DOUBLE,5,MEDIUM,1.2527193249974586,0.009837,0.012323,c
noarr,Naive,correlation,DOUBLE,1,MEDIUM,1.2058516537282278,0.010219333333333332,0.012323,c
noarr,Naive,correlation,DOUBLE,2,MEDIUM,1.2074664402129536,0.010205666666666667,0.012323,c
noarr,Naive,correlation,DOUBLE,3,MEDIUM,2.7829719963866304,0.0044280000000000005,0.012323,c
noarr,Naive,correlation,DOUBLE,4,MEDIUM,1.1411946288007409,0.010798333333333333,0.012323,c
noarr,Naive,correlation,DOUBLE,5,MEDIUM,1.1510726406575957,0.010705666666666667,0.012323,c
noarr,standard,correlation,DOUBLE,1,MEDIUM,1.190551333247456,0.010350666666666666,0.012323,c
noarr,standard,correlation,DOUBLE,2,MEDIUM,1.1267257931791168,0.010937,0.012323,c
noarr,standard,correlation,DOUBLE,3,MEDIUM,1.129065754512415,0.010914333333333333,0.012323,c
noarr,standard,correlation,DOUBLE,4,MEDIUM,1.1312077353814143,0.010893666666666668,0.012323,c
noarr,standard,correlation,DOUBLE,5,MEDIUM,1.1286865726323505,0.010917999999999999,0.012323,c
c,AllHints,covariance,DOUBLE,1,MEDIUM,24.39029255319149,0.0005013333333333333,0.012227666666666666,c
c,AllHints,covariance,DOUBLE,2,MEDIUM,12.326276881720428,0.000992,0.012227666666666666,c
c,AllHints,covariance,DOUBLE,3,MEDIUM,13.800978179082017,0.000886,0.012227666666666666,c
c,AllHints,covariance,DOUBLE,5,MEDIUM,6.664789244186046,0.0018346666666666667,0.012227666666666666,c
c,ChooseHints,covariance,DOUBLE,1,MEDIUM,3.4363466042154562,0.0035583333333333335,0.012227666666666666,c
c,ChooseHints,covariance,DOUBLE,2,MEDIUM,14.714400320898514,0.000831,0.012227666666666666,c
c,ChooseHints,covariance,DOUBLE,3,MEDIUM,3.3750115005980312,0.003623,0.012227666666666666,c
c,ChooseHints,covariance,DOUBLE,4,MEDIUM,3.4770616113744075,0.0035166666666666666,0.012227666666666666,c
c,ChooseHints,covariance,DOUBLE,5,MEDIUM,3.377186521819186,0.0036206666666666666,0.012227666666666666,c
c,FromPlan,covariance,DOUBLE,1,MEDIUM,3.069964013724998,0.0039829999999999996,0.012227666666666666,c
c,FromPlan,covariance,DOUBLE,2,MEDIUM,3.3731494252873566,0.0036249999999999998,0.012227666666666666,c
c,FromPlan,covariance,DOUBLE,3,MEDIUM,3.307158312297151,0.0036973333333333333,0.012227666666666666,c
c,FromPlan,covariance,DOUBLE,4,MEDIUM,2.736516225289071,0.004468333333333334,0.012227666666666666,c
c,FromPlan,covariance,DOUBLE,5,MEDIUM,3.139592605272167,0.0038946666666666665,0.012227666666666666,c
c,Naive,covariance,DOUBLE,1,MEDIUM,1.0715370684115206,0.011411333333333334,0.012227666666666666,c
c,Naive,covariance,DOUBLE,2,MEDIUM,1.1035136273389086,0.011080666666666667,0.012227666666666666,c
c,Naive,covariance,DOUBLE,3,MEDIUM,3.443766428839654,0.003550666666666667,0.012227666666666666,c
c,Naive,covariance,DOUBLE,4,MEDIUM,1.1078126415607161,0.011037666666666668,0.012227666666666666,c
c,Naive,covariance,DOUBLE,5,MEDIUM,3.3759433094054847,0.0036220000000000002,0.012227666666666666,c
c,standard,covariance,DOUBLE,1,MEDIUM,1.0,0.012227666666666666,0.012227666666666666,c
exo,AllHints,covariance,DOUBLE,1,MEDIUM,0.44804211349146245,0.027291333333333334,0.012227666666666666,c
exo,AllHints,covariance,DOUBLE,3,MEDIUM,1.8262969232301105,0.0066953333333333335,0.012227666666666666,c
exo,ChooseHints,covariance,DOUBLE,1,MEDIUM,14.340500390930416,0.0008526666666666666,0.012227666666666666,c
exo,ChooseHints,covariance,DOUBLE,2,MEDIUM,3.2124529293283124,0.0038063333333333334,0.012227666666666666,c
exo,ChooseHints,covariance,DOUBLE,3,MEDIUM,11.72355385107063,0.0010429999999999999,0.012227666666666666,c
exo,ChooseHints,covariance,DOUBLE,5,MEDIUM,12.524069648344144,0.0009763333333333334,0.012227666666666666,c
exo,FromPlan,covariance,DOUBLE,1,MEDIUM,3.2988309352517984,0.0037066666666666667,0.012227666666666666,c
exo,FromPlan,covariance,DOUBLE,3,MEDIUM,3.0681666109066574,0.003985333333333334,0.012227666666666666,c
exo,FromPlan,covariance,DOUBLE,4,MEDIUM,3.2445604104015566,0.0037686666666666667,0.012227666666666666,c
exo,FromPlan,covariance,DOUBLE,5,MEDIUM,3.1959400592437706,0.003826,0.012227666666666666,c
exo,Naive,covariance,DOUBLE,1,MEDIUM,3.2676821663994295,0.003742,0.012227666666666666,c
exo,Naive,covariance,DOUBLE,2,MEDIUM,0.44406648346992383,0.027535666666666667,0.012227666666666666,c
exo,Naive,covariance,DOUBLE,3,MEDIUM,12.29323056300268,0.0009946666666666667,0.012227666666666666,c
exo,Naive,covariance,DOUBLE,5,MEDIUM,23.851105331599484,0.0005126666666666666,0.012227666666666666,c
exo,standard,covariance,DOUBLE,1,MEDIUM,0.8986306067955218,0.013607000000000001,0.012227666666666666,c
exo,standard,covariance,DOUBLE,2,MEDIUM,0.8984985426311018,0.013609000000000001,0.012227666666666666,c
exo,standard,covariance,DOUBLE,3,MEDIUM,0.8977289413146687,0.013620666666666668,0.012227666666666666,c
exo,standard,covariance,DOUBLE,4,MEDIUM,0.8990711011985001,0.013600333333333332,0.012227666666666666,c
exo,standard,covariance,DOUBLE,5,MEDIUM,0.8979267128485056,0.013617666666666667,0.012227666666666666,c
halide,AllHints,covariance,DOUBLE,2,MEDIUM,0.09550899684700281,0.12802633333333335,0.012227666666666666,c
halide,ChooseHints,covariance,DOUBLE,5,MEDIUM,4.129108509680324,0.002961333333333333,0.012227666666666666,c
halide,Naive,covariance,DOUBLE,4,MEDIUM,2.8410006195786868,0.004304,0.012227666666666666,c
halide,Naive,covariance,DOUBLE,5,MEDIUM,5.763236449332286,0.0021216666666666667,0.012227666666666666,c
halide,standard,covariance,DOUBLE,2,MEDIUM,0.5461705675659579,0.022388,0.012227666666666666,c
halide,standard,covariance,DOUBLE,4,MEDIUM,3.210726559981035e-05,380.8379953333333,0.012227666666666666,c
noarr,AllHints,covariance,DOUBLE,1,MEDIUM,4.40266442630821,0.002777333333333333,0.012227666666666666,c
noarr,AllHints,covariance,DOUBLE,2,MEDIUM,1.1957818561137008,0.010225666666666666,0.012227666666666666,c
noarr,AllHints,covariance,DOUBLE,3,MEDIUM,4.459939209726444,0.0027416666666666666,0.012227666666666666,c
noarr,AllHints,covariance,DOUBLE,4,MEDIUM,4.396859642814335,0.002781,0.012227666666666666,c
noarr,AllHints,covariance,DOUBLE,5,MEDIUM,1.1234533872350851,0.010884,0.012227666666666666,c
noarr,ChooseHints,covariance,DOUBLE,1,MEDIUM,4.422302591922845,0.002765,0.012227666666666666,c
noarr,ChooseHints,covariance,DOUBLE,2,MEDIUM,4.398441247002398,0.00278,0.012227666666666666,c
noarr,ChooseHints,covariance,DOUBLE,3,MEDIUM,1.1924389688912005,0.010254333333333332,0.012227666666666666,c
noarr,ChooseHints,covariance,DOUBLE,4,MEDIUM,4.316154841746088,0.002833,0.012227666666666666,c
noarr,ChooseHints,covariance,DOUBLE,5,MEDIUM,4.428709404805022,0.002761,0.012227666666666666,c
noarr,FromPlan,covariance,DOUBLE,1,MEDIUM,1.245306718267305,0.009819,0.012227666666666666,c
noarr,FromPlan,covariance,DOUBLE,2,MEDIUM,4.522623597583529,0.0027036666666666667,0.012227666666666666,c
noarr,FromPlan,covariance,DOUBLE,4,MEDIUM,1.2672908173840944,0.009648666666666667,0.012227666666666666,c
noarr,FromPlan,covariance,DOUBLE,5,MEDIUM,4.636375126390293,0.0026373333333333335,0.012227666666666666,c
noarr,Naive,covariance,DOUBLE,1,MEDIUM,1.1980078380143695,0.010206666666666668,0.012227666666666666,c
noarr,Naive,covariance,DOUBLE,2,MEDIUM,1.1736306629127207,0.010418666666666666,0.012227666666666666,c
noarr,Naive,covariance,DOUBLE,3,MEDIUM,4.761552440290758,0.002568,0.012227666666666666,c
noarr,Naive,covariance,DOUBLE,4,MEDIUM,4.515386509108813,0.002708,0.012227666666666666,c
noarr,Naive,covariance,DOUBLE,5,MEDIUM,4.5098352594049675,0.002711333333333333,0.012227666666666666,c
noarr,standard,covariance,DOUBLE,1,MEDIUM,1.1892303702262854,0.010282,0.012227666666666666,c
noarr,standard,covariance,DOUBLE,2,MEDIUM,1.1186911042664145,0.010930333333333334,0.012227666666666666,c
noarr,standard,covariance,DOUBLE,3,MEDIUM,1.119681338135645,0.010920666666666667,0.012227666666666666,c
noarr,standard,covariance,DOUBLE,4,MEDIUM,1.1707838631431124,0.010444,0.012227666666666666,c
noarr,standard,covariance,DOUBLE,5,MEDIUM,1.116138258382523,0.010955333333333333,0.012227666666666666,c
c,AllHints,deriche,DOUBLE,1,MEDIUM,3.8599258993665595,0.002789,0.010765333333333333,c
c,AllHints,deriche,DOUBLE,2,MEDIUM,1.0790150679897097,0.009977,0.010765333333333333,c
c,AllHints,deriche,DOUBLE,3,MEDIUM,3.2698187708818467,0.0032923333333333333,0.010765333333333333,c
c,AllHints,deriche,DOUBLE,4,MEDIUM,18.6036866359447,0.0005786666666666667,0.010765333333333333,c
c,AllHints,deriche,DOUBLE,5,MEDIUM,3.0878669088823028,0.003486333333333333,0.010765333333333333,c
c,ChooseHints,deriche,DOUBLE,1,MEDIUM,2.5000774113639883,0.004306,0.010765333333333333,c
c,ChooseHints,deriche,DOUBLE,2,MEDIUM,3.967567567567568,0.0027133333333333332,0.010765333333333333,c
c,ChooseHints,deriche,DOUBLE,3,MEDIUM,3.6616780045351476,0.00294,0.010765333333333333,c
c,ChooseHints,deriche,DOUBLE,4,MEDIUM,3.574147853032316,0.0030119999999999995,0.010765333333333333,c
c,ChooseHints,deriche,DOUBLE,5,MEDIUM,1.444752616981301,0.007451333333333333,0.010765333333333333,c
c,FromPlan,deriche,DOUBLE,1,MEDIUM,1.1659626701324959,0.009233,0.010765333333333333,c
c,FromPlan,deriche,DOUBLE,2,MEDIUM,1.1687052182094522,0.009211333333333334,0.010765333333333333,c
c,FromPlan,deriche,DOUBLE,3,MEDIUM,1.1777834506400204,0.009140333333333334,0.010765333333333333,c
c,FromPlan,deriche,DOUBLE,4,MEDIUM,1.1425336965365975,0.009422333333333333,0.010765333333333333,c
c,FromPlan,deriche,DOUBLE,5,MEDIUM,1.225422121039651,0.008785,0.010765333333333333,c
c,Naive,deriche,DOUBLE,1,MEDIUM,1.3322333140829965,0.008080666666666667,0.010765333333333333,c
c,Naive,deriche,DOUBLE,2,MEDIUM,1.2489751720937428,0.008619333333333333,0.010765333333333333,c
c,Naive,deriche,DOUBLE,3,MEDIUM,0.893907940989233,0.012043,0.010765333333333333,c
c,Naive,deriche,DOUBLE,4,MEDIUM,0.9096696053854604,0.011834333333333334,0.010765333333333333,c
c,Naive,deriche,DOUBLE,5,MEDIUM,0.8920561263948734,0.012068,0.010765333333333333,c
c,standard,deriche,DOUBLE,1,MEDIUM,1.0,0.010765333333333333,0.010765333333333333,c
exo,AllHints,deriche,DOUBLE,1,MEDIUM,1.5271420465292225,0.007049333333333334,0.010765333333333333,c
exo,AllHints,deriche,DOUBLE,2,MEDIUM,3.2898034022613833,0.0032723333333333333,0.010765333333333333,c
exo,ChooseHints,deriche,DOUBLE,2,MEDIUM,3.029075220408929,0.003554,0.010765333333333333,c
exo,FromPlan,deriche,DOUBLE,3,MEDIUM,1.103118488916214,0.009759,0.010765333333333333,c
exo,Naive,deriche,DOUBLE,5,MEDIUM,1.047788988742173,0.010274333333333335,0.010765333333333333,c
exo,standard,deriche,DOUBLE,3,MEDIUM,0.8884976202921676,0.012116333333333333,0.010765333333333333,c
exo,standard,deriche,DOUBLE,4,MEDIUM,0.873077235003109,0.012330333333333332,0.010765333333333333,c
exo,standard,deriche,DOUBLE,5,MEDIUM,0.8626990063040924,0.012478666666666666,0.010765333333333333,c
halide,AllHints,deriche,DOUBLE,1,MEDIUM,0.15063713875258866,0.07146533333333334,0.010765333333333333,c
halide,AllHints,deriche,DOUBLE,2,MEDIUM,0.7576240968377592,0.014209333333333332,0.010765333333333333,c
halide,AllHints,deriche,DOUBLE,3,MEDIUM,0.17377267933624607,0.06195066666666666,0.010765333333333333,c
halide,ChooseHints,deriche,DOUBLE,2,MEDIUM,0.5645166928858592,0.01907,0.010765333333333333,c
halide,ChooseHints,deriche,DOUBLE,3,MEDIUM,0.15110229441928358,0.07124533333333334,0.010765333333333333,c
halide,ChooseHints,deriche,DOUBLE,4,MEDIUM,0.6398415056958892,0.016824999999999996,0.010765333333333333,c
halide,ChooseHints,deriche,DOUBLE,5,MEDIUM,0.6149510643969688,0.017505999999999997,0.010765333333333333,c
halide,FromPlan,deriche,DOUBLE,1,MEDIUM,0.9855355508086664,0.010923333333333334,0.010765333333333333,c
halide,FromPlan,deriche,DOUBLE,2,MEDIUM,0.8480647024841131,0.012694000000000002,0.010765333333333333,c
halide,FromPlan,deriche,DOUBLE,4,MEDIUM,0.16284217479213622,0.066109,0.010765333333333333,c
halide,Naive,deriche,DOUBLE,5,MEDIUM,0.8825490517571186,0.012198,0.010765333333333333,c
halide,standard,deriche,DOUBLE,1,MEDIUM,0.46338383838383834,0.023232000000000003,0.010765333333333333,c
noarr,AllHints,deriche,DOUBLE,1,MEDIUM,5.344365381433064,0.0020143333333333333,0.010765333333333333,c
noarr,AllHints,deriche,DOUBLE,2,MEDIUM,5.39976592543053,0.0019936666666666666,0.010765333333333333,c
noarr,AllHints,deriche,DOUBLE,3,MEDIUM,1.8659579385255372,0.005769333333333334,0.010765333333333333,c
noarr,ChooseHints,deriche,DOUBLE,2,MEDIUM,1.9059309530835051,0.005648333333333334,0.010765333333333333,c
noarr,ChooseHints,deriche,DOUBLE,4,MEDIUM,1.9266241126290042,0.005587666666666667,0.010765333333333333,c
noarr,ChooseHints,deriche,DOUBLE,5,MEDIUM,2.4628994127964616,0.004371,0.010765333333333333,c
noarr,FromPlan,deriche,DOUBLE,1,MEDIUM,1.8590835827768826,0.005790666666666666,0.010765333333333333,c
noarr,FromPlan,deriche,DOUBLE,2,MEDIUM,2.493899613899614,0.004316666666666667,0.010765333333333333,c
noarr,FromPlan,deriche,DOUBLE,3,MEDIUM,2.2546774643954204,0.004774666666666667,0.010765333333333333,c
noarr,FromPlan,deriche,DOUBLE,4,MEDIUM,1.9638795986622073,0.005481666666666667,0.010765333333333333,c
noarr,FromPlan,deriche,DOUBLE,5,MEDIUM,1.9128168680407487,0.005628,0.010765333333333333,c
noarr,Naive,deriche,DOUBLE,1,MEDIUM,1.5706643322633986,0.006854,0.010765333333333333,c
noarr,Naive,deriche,DOUBLE,3,MEDIUM,1.829283489096573,0.0058850000000000005,0.010765333333333333,c
noarr,Naive,deriche,DOUBLE,4,MEDIUM,1.8793133546697705,0.005728333333333333,0.010765333333333333,c
noarr,Naive,deriche,DOUBLE,5,MEDIUM,2.724481187784714,0.003951333333333334,0.010765333333333333,c
noarr,standard,deriche,DOUBLE,1,MEDIUM,1.9097628762344034,0.0056370000000000005,0.010765333333333333,c
noarr,standard,deriche,DOUBLE,2,MEDIUM,1.8931942083357762,0.005686333333333332,0.010765333333333333,c
noarr,standard,deriche,DOUBLE,3,MEDIUM,1.9071690090941305,0.005644666666666666,0.010765333333333333,c
noarr,standard,deriche,DOUBLE,4,MEDIUM,1.8934161927654338,0.005685666666666666,0.010765333333333333,c
noarr,standard,deriche,DOUBLE,5,MEDIUM,1.669130187606595,0.006449666666666666,0.010765333333333333,c
c,AllHints,doitgen,DOUBLE,1,MEDIUM,72.27179487179487,0.00013000000000000002,0.009395333333333334,c
c,AllHints,doitgen,DOUBLE,2,MEDIUM,76.3848238482385,0.00012299999999999998,0.009395333333333334,c
c,AllHints,doitgen,DOUBLE,3,MEDIUM,78.73184357541899,0.00011933333333333334,0.009395333333333334,c
c,AllHints,doitgen,DOUBLE,4,MEDIUM,72.08695652173913,0.00013033333333333335,0.009395333333333334,c
c,AllHints,doitgen,DOUBLE,5,MEDIUM,46.20655737704918,0.00020333333333333333,0.009395333333333334,c
c,ChooseHints,doitgen,DOUBLE,1,MEDIUM,3.7125922023182296,0.0025306666666666667,0.009395333333333334,c
c,ChooseHints,doitgen,DOUBLE,2,MEDIUM,73.40104166666667,0.000128,0.009395333333333334,c
c,ChooseHints,doitgen,DOUBLE,3,MEDIUM,71.35696202531645,0.00013166666666666668,0.009395333333333334,c
c,ChooseHints,doitgen,DOUBLE,4,MEDIUM,54.20384615384614,0.00017333333333333336,0.009395333333333334,c
c,ChooseHints,doitgen,DOUBLE,5,MEDIUM,84.38922155688623,0.00011133333333333333,0.009395333333333334,c
c,FromPlan,doitgen,DOUBLE,1,MEDIUM,3.3210792977494994,0.002829,0.009395333333333334,c
c,FromPlan,doitgen,DOUBLE,2,MEDIUM,5.037712243074173,0.0018650000000000001,0.009395333333333334,c
c,FromPlan,doitgen,DOUBLE,3,MEDIUM,3.7317622136899247,0.0025176666666666668,0.009395333333333334,c
c,FromPlan,doitgen,DOUBLE,4,MEDIUM,5.168897854392078,0.0018176666666666664,0.009395333333333334,c
c,FromPlan,doitgen,DOUBLE,5,MEDIUM,5.218663210516572,0.0018003333333333333,0.009395333333333334,c
c,Naive,doitgen,DOUBLE,1,MEDIUM,3.7135704874835316,0.0025299999999999997,0.009395333333333334,c
c,Naive,doitgen,DOUBLE,2,MEDIUM,3.527659574468085,0.0026633333333333335,0.009395333333333334,c
c,Naive,doitgen,DOUBLE,3,MEDIUM,3.6289429638212956,0.0025889999999999997,0.009395333333333334,c
c,Naive,doitgen,DOUBLE,4,MEDIUM,3.438575088446993,0.002732333333333333,0.009395333333333334,c
c,Naive,doitgen,DOUBLE,5,MEDIUM,5.2254356692621435,0.001798,0.009395333333333334,c
c,standard,doitgen,DOUBLE,1,MEDIUM,1.0,0.009395333333333334,0.009395333333333334,c
exo,AllHints,doitgen,DOUBLE,1,MEDIUM,0.09094986560484275,0.10330233333333333,0.009395333333333334,c
exo,AllHints,doitgen,DOUBLE,2,MEDIUM,5.674652707871955,0.0016556666666666666,0.009395333333333334,c
exo,AllHints,doitgen,DOUBLE,3,MEDIUM,13.055118110236222,0.0007196666666666666,0.009395333333333334,c
exo,AllHints,doitgen,DOUBLE,4,MEDIUM,6.632,0.0014166666666666668,0.009395333333333334,c
exo,AllHints,doitgen,DOUBLE,5,MEDIUM,6.5320973348783316,0.0014383333333333333,0.009395333333333334,c
exo,ChooseHints,doitgen,DOUBLE,1,MEDIUM,6.981917265296012,0.0013456666666666667,0.009395333333333334,c
exo,ChooseHints,doitgen,DOUBLE,2,MEDIUM,4.141345871290039,0.0022686666666666667,0.009395333333333334,c
exo,ChooseHints,doitgen,DOUBLE,3,MEDIUM,5.608038201352965,0.0016753333333333334,0.009395333333333334,c
exo,ChooseHints,doitgen,DOUBLE,4,MEDIUM,3.6168356217117927,0.0025976666666666665,0.009395333333333334,c
exo,FromPlan,doitgen,DOUBLE,2,MEDIUM,3.4588293042091056,0.002716333333333333,0.009395333333333334,c
exo,FromPlan,doitgen,DOUBLE,4,MEDIUM,4.238496240601504,0.0022166666666666667,0.009395333333333334,c
exo,FromPlan,doitgen,DOUBLE,5,MEDIUM,3.706245890861276,0.002535,0.009395333333333334,c
exo,Naive,doitgen,DOUBLE,2,MEDIUM,2.707588856868396,0.0034699999999999996,0.009395333333333334,c
exo,Naive,doitgen,DOUBLE,3,MEDIUM,1.237802468051469,0.0075903333333333335,0.009395333333333334,c
exo,Naive,doitgen,DOUBLE,4,MEDIUM,0.8364542837641334,0.011232333333333332,0.009395333333333334,c
exo,Naive,doitgen,DOUBLE,5,MEDIUM,3.450783545543585,0.0027226666666666666,0.009395333333333334,c
exo,standard,doitgen,DOUBLE,1,MEDIUM,0.895618188173239,0.010490333333333332,0.009395333333333334,c
exo,standard,doitgen,DOUBLE,2,MEDIUM,0.896529787843125,0.010479666666666665,0.009395333333333334,c
exo,standard,doitgen,DOUBLE,3,MEDIUM,0.8750698540825831,0.010736666666666667,0.009395333333333334,c
exo,standard,doitgen,DOUBLE,4,MEDIUM,0.8927247965033414,0.010524333333333335,0.009395333333333334,c
exo,standard,doitgen,DOUBLE,5,MEDIUM,0.8924986542541402,0.010527,0.009395333333333334,c
halide,standard,doitgen,DOUBLE,3,MEDIUM,1.239435381029858,0.007580333333333334,0.009395333333333334,c
halide,standard,doitgen,DOUBLE,4,MEDIUM,1.9083276912660803,0.0049233333333333325,0.009395333333333334,c
halide,standard,doitgen,DOUBLE,5,MEDIUM,1.9318711446196026,0.004863333333333333,0.009395333333333334,c
noarr,AllHints,doitgen,DOUBLE,1,MEDIUM,5.698746461787303,0.0016486666666666666,0.009395333333333334,c
noarr,AllHints,doitgen,DOUBLE,2,MEDIUM,3.6974944247671524,0.002541,0.009395333333333334,c
noarr,AllHints,doitgen,DOUBLE,3,MEDIUM,5.627071271710921,0.0016696666666666665,0.009395333333333334,c
noarr,AllHints,doitgen,DOUBLE,4,MEDIUM,4.298612170199787,0.0021856666666666665,0.009395333333333334,c
noarr,AllHints,doitgen,DOUBLE,5,MEDIUM,5.5736602728890645,0.0016856666666666667,0.009395333333333334,c
noarr,ChooseHints,doitgen,DOUBLE,1,MEDIUM,5.716081930642872,0.0016436666666666665,0.009395333333333334,c
noarr,ChooseHints,doitgen,DOUBLE,2,MEDIUM,5.612504978096376,0.0016740000000000001,0.009395333333333334,c
noarr,ChooseHints,doitgen,DOUBLE,3,MEDIUM,3.6796344647519583,0.0025533333333333332,0.009395333333333334,c
noarr,ChooseHints,doitgen,DOUBLE,4,MEDIUM,5.567055105668577,0.0016876666666666665,0.009395333333333334,c
noarr,ChooseHints,doitgen,DOUBLE,5,MEDIUM,3.703324136118776,0.0025369999999999998,0.009395333333333334,c
noarr,FromPlan,doitgen,DOUBLE,1,MEDIUM,5.739360619018529,0.0016370000000000002,0.009395333333333334,c
noarr,FromPlan,doitgen,DOUBLE,2,MEDIUM,3.6098872950819674,0.0026026666666666668,0.009395333333333334,c
noarr,FromPlan,doitgen,DOUBLE,3,MEDIUM,3.800188755561548,0.0024723333333333333,0.009395333333333334,c
noarr,FromPlan,doitgen,DOUBLE,4,MEDIUM,4.203101699970175,0.0022353333333333335,0.009395333333333334,c
noarr,FromPlan,doitgen,DOUBLE,5,MEDIUM,5.540790249655987,0.0016956666666666665,0.009395333333333334,c
noarr,Naive,doitgen,DOUBLE,1,MEDIUM,3.8468677494199537,0.0024423333333333332,0.009395333333333334,c
noarr,Naive,doitgen,DOUBLE,2,MEDIUM,5.732357128330283,0.001639,0.009395333333333334,c
noarr,Naive,doitgen,DOUBLE,3,MEDIUM,3.6989501312335955,0.00254,0.009395333333333334,c
noarr,Naive,doitgen,DOUBLE,4,MEDIUM,3.690233045299817,0.002546,0.009395333333333334,c
noarr,Naive,doitgen,DOUBLE,5,MEDIUM,3.7013788575180566,0.0025383333333333334,0.009395333333333334,c
noarr,standard,doitgen,DOUBLE,1,MEDIUM,1.3674558509606056,0.006870666666666666,0.009395333333333334,c
noarr,standard,doitgen,DOUBLE,2,MEDIUM,1.294658031326076,0.0072569999999999996,0.009395333333333334,c
noarr,standard,doitgen,DOUBLE,3,MEDIUM,1.3707810524268067,0.006854,0.009395333333333334,c
noarr,standard,doitgen,DOUBLE,5,MEDIUM,1.3743234677458678,0.006836333333333333,0.009395333333333334,c
c,AllHints,durbin,DOUBLE,1,MEDIUM,0.02279867157346737,0.0074273333333333335,0.00016933333333333332,c
c,AllHints,durbin,DOUBLE,3,MEDIUM,0.8698630136986301,0.00019466666666666666,0.00016933333333333332,c
c,AllHints,durbin,DOUBLE,4,MEDIUM,0.9883268482490273,0.00017133333333333331,0.00016933333333333332,c
c,AllHints,durbin,DOUBLE,5,MEDIUM,0.9864077669902913,0.00017166666666666665,0.00016933333333333332,c
c,ChooseHints,durbin,DOUBLE,1,MEDIUM,1.0059405940594057,0.00016833333333333335,0.00016933333333333332,c
c,ChooseHints,durbin,DOUBLE,2,MEDIUM,0.8523489932885906,0.00019866666666666665,0.00016933333333333332,c
c,ChooseHints,durbin,DOUBLE,3,MEDIUM,0.8494983277591972,0.00019933333333333334,0.00016933333333333332,c
c,ChooseHints,durbin,DOUBLE,4,MEDIUM,1.0059405940594057,0.00016833333333333335,0.00016933333333333332,c
c,ChooseHints,durbin,DOUBLE,5,MEDIUM,0.8896672504378282,0.00019033333333333334,0.00016933333333333332,c
c,FromPlan,durbin,DOUBLE,1,MEDIUM,0.9806949806949806,0.00017266666666666667,0.00016933333333333332,c
c,FromPlan,durbin,DOUBLE,2,MEDIUM,1.0139720558882237,0.00016699999999999997,0.00016933333333333332,c
c,FromPlan,durbin,DOUBLE,3,MEDIUM,1.0119521912350598,0.00016733333333333333,0.00016933333333333332,c
c,FromPlan,durbin,DOUBLE,4,MEDIUM,0.9980353634577601,0.00016966666666666668,0.00016933333333333332,c
c,FromPlan,durbin,DOUBLE,5,MEDIUM,0.9750479846449135,0.00017366666666666667,0.00016933333333333332,c
c,Naive,durbin,DOUBLE,1,MEDIUM,0.9694656488549619,0.00017466666666666664,0.00016933333333333332,c
c,Naive,durbin,DOUBLE,2,MEDIUM,0.9071428571428571,0.00018666666666666666,0.00016933333333333332,c
c,Naive,durbin,DOUBLE,3,MEDIUM,1.0059405940594057,0.00016833333333333335,0.00016933333333333332,c
c,Naive,durbin,DOUBLE,4,MEDIUM,1.0119521912350598,0.00016733333333333333,0.00016933333333333332,c
c,Naive,durbin,DOUBLE,5,MEDIUM,1.0019723865877712,0.000169,0.00016933333333333332,c
c,standard,durbin,DOUBLE,1,MEDIUM,1.0,0.00016933333333333332,0.00016933333333333332,c
exo,AllHints,durbin,DOUBLE,1,MEDIUM,0.9694656488549619,0.00017466666666666664,0.00016933333333333332,c
exo,AllHints,durbin,DOUBLE,2,MEDIUM,0.8012618296529967,0.00021133333333333334,0.00016933333333333332,c
exo,AllHints,durbin,DOUBLE,3,MEDIUM,0.008114756717037793,0.020867333333333335,0.00016933333333333332,c
exo,ChooseHints,durbin,DOUBLE,1,MEDIUM,0.9459962756052142,0.000179,0.00016933333333333332,c
exo,ChooseHints,durbin,DOUBLE,2,MEDIUM,0.6018957345971563,0.00028133333333333336,0.00016933333333333332,c
exo,ChooseHints,durbin,DOUBLE,3,MEDIUM,0.7094972067039105,0.00023866666666666668,0.00016933333333333332,c
exo,ChooseHints,durbin,DOUBLE,4,MEDIUM,0.0021631565052247894,0.07828066666666667,0.00016933333333333332,c
exo,FromPlan,durbin,DOUBLE,2,MEDIUM,0.7351664254703327,0.00023033333333333334,0.00016933333333333332,c
exo,FromPlan,durbin,DOUBLE,5,MEDIUM,0.8668941979522182,0.00019533333333333336,0.00016933333333333332,c
exo,Naive,durbin,DOUBLE,3,MEDIUM,0.7696969696969697,0.00022,0.00016933333333333332,c
exo,Naive,durbin,DOUBLE,4,MEDIUM,0.9713193116634798,0.00017433333333333333,0.00016933333333333332,c
exo,standard,durbin,DOUBLE,1,MEDIUM,0.8025276461295417,0.000211,0.00016933333333333332,c
exo,standard,durbin,DOUBLE,2,MEDIUM,0.7974882260596545,0.00021233333333333334,0.00016933333333333332,c
exo,standard,durbin,DOUBLE,3,MEDIUM,0.8180354267310788,0.00020700000000000002,0.00016933333333333332,c
exo,standard,durbin,DOUBLE,4,MEDIUM,0.8089171974522293,0.00020933333333333332,0.00016933333333333332,c
exo,standard,durbin,DOUBLE,5,MEDIUM,0.8220064724919094,0.000206,0.00016933333333333332,c
halide,FromPlan,durbin,DOUBLE,3,MEDIUM,0.11005199306759098,0.0015386666666666667,0.00016933333333333332,c
halide,standard,durbin,DOUBLE,4,MEDIUM,0.20575131632239774,0.000823,0.00016933333333333332,c
noarr,AllHints,durbin,DOUBLE,1,MEDIUM,1.0119521912350598,0.00016733333333333333,0.00016933333333333332,c
noarr,AllHints,durbin,DOUBLE,2,MEDIUM,0.8102073365231259,0.000209,0.00016933333333333332,c
noarr,AllHints,durbin,DOUBLE,3,MEDIUM,1.0262626262626262,0.000165,0.00016933333333333332,c
noarr,AllHints,durbin,DOUBLE,4,MEDIUM,1.6710526315789471,0.00010133333333333333,0.00016933333333333332,c
noarr,AllHints,durbin,DOUBLE,5,MEDIUM,0.9883268482490273,0.00017133333333333331,0.00016933333333333332,c
noarr,ChooseHints,durbin,DOUBLE,1,MEDIUM,0.7065368567454798,0.00023966666666666665,0.00016933333333333332,c
noarr,ChooseHints,durbin,DOUBLE,2,MEDIUM,0.9921875,0.00017066666666666665,0.00016933333333333332,c
noarr,ChooseHints,durbin,DOUBLE,3,MEDIUM,1.0059405940594057,0.00016833333333333335,0.00016933333333333332,c
noarr,ChooseHints,durbin,DOUBLE,4,MEDIUM,0.951310861423221,0.000178,0.00016933333333333332,c
noarr,ChooseHints,durbin,DOUBLE,5,MEDIUM,0.9169675090252707,0.00018466666666666666,0.00016933333333333332,c
noarr,FromPlan,durbin,DOUBLE,1,MEDIUM,0.9750479846449135,0.00017366666666666667,0.00016933333333333332,c
noarr,FromPlan,durbin,DOUBLE,2,MEDIUM,1.0,0.00016933333333333332,0.00016933333333333332,c
noarr,FromPlan,durbin,DOUBLE,3,MEDIUM,1.0039525691699605,0.00016866666666666666,0.00016933333333333332,c
noarr,FromPlan,durbin,DOUBLE,4,MEDIUM,1.036734693877551,0.00016333333333333334,0.00016933333333333332,c
noarr,FromPlan,durbin,DOUBLE,5,MEDIUM,1.0059405940594057,0.00016833333333333335,0.00016933333333333332,c
noarr,Naive,durbin,DOUBLE,1,MEDIUM,0.9270072992700729,0.00018266666666666667,0.00016933333333333332,c
noarr,Naive,durbin,DOUBLE,2,MEDIUM,0.9055258467023173,0.000187,0.00016933333333333332,c
noarr,Naive,durbin,DOUBLE,3,MEDIUM,0.9980353634577601,0.00016966666666666668,0.00016933333333333332,c
noarr,Naive,durbin,DOUBLE,4,MEDIUM,1.022132796780684,0.0001656666666666667,0.00016933333333333332,c
noarr,Naive,durbin,DOUBLE,5,MEDIUM,1.022132796780684,0.0001656666666666667,0.00016933333333333332,c
noarr,standard,durbin,DOUBLE,1,MEDIUM,0.9071428571428571,0.00018666666666666666,0.00016933333333333332,c
noarr,standard,durbin,DOUBLE,2,MEDIUM,0.9055258467023173,0.000187,0.00016933333333333332,c
noarr,standard,durbin,DOUBLE,3,MEDIUM,0.9087656529516993,0.00018633333333333335,0.00016933333333333332,c
noarr,standard,durbin,DOUBLE,5,MEDIUM,0.9023090586145647,0.00018766666666666668,0.00016933333333333332,c
c,AllHints,fdtd-2d,DOUBLE,1,MEDIUM,0.8895210834962303,0.009549333333333333,0.008494333333333335,c
c,AllHints,fdtd-2d,DOUBLE,2,MEDIUM,0.8269942234049459,0.010271333333333334,0.008494333333333335,c
c,AllHints,fdtd-2d,DOUBLE,4,MEDIUM,0.8261898586434965,0.010281333333333333,0.008494333333333335,c
c,ChooseHints,fdtd-2d,DOUBLE,2,MEDIUM,0.9010006010677795,0.009427666666666666,0.008494333333333335,c
c,ChooseHints,fdtd-2d,DOUBLE,3,MEDIUM,0.8937953772228263,0.009503666666666667,0.008494333333333335,c
c,ChooseHints,fdtd-2d,DOUBLE,5,MEDIUM,0.8902980120881809,0.009541000000000001,0.008494333333333335,c
c,FromPlan,fdtd-2d,DOUBLE,1,MEDIUM,1.016717203957868,0.008354666666666666,0.008494333333333335,c
c,FromPlan,fdtd-2d,DOUBLE,2,MEDIUM,0.8207878377943121,0.010348999999999999,0.008494333333333335,c
c,FromPlan,fdtd-2d,DOUBLE,3,MEDIUM,0.8267795730322498,0.010274,0.008494333333333335,c
c,FromPlan,fdtd-2d,DOUBLE,5,MEDIUM,0.8428032808572564,0.010078666666666666,0.008494333333333335,c
c,Naive,fdtd-2d,DOUBLE,1,MEDIUM,1.1472110926034307,0.007404333333333333,0.008494333333333335,c
c,Naive,fdtd-2d,DOUBLE,2,MEDIUM,1.0041770106789614,0.008459,0.008494333333333335,c
c,Naive,fdtd-2d,DOUBLE,3,MEDIUM,1.1502663175950167,0.007384666666666667,0.008494333333333335,c
c,Naive,fdtd-2d,DOUBLE,4,MEDIUM,1.089389534883721,0.007797333333333333,0.008494333333333335,c
c,Naive,fdtd-2d,DOUBLE,5,MEDIUM,0.6378563740582214,0.013317,0.008494333333333335,c
c,standard,fdtd-2d,DOUBLE,1,MEDIUM,1.0,0.008494333333333335,0.008494333333333335,c
exo,AllHints,fdtd-2d,DOUBLE,3,MEDIUM,0.5000000000000001,0.016988666666666666,0.008494333333333335,c
exo,AllHints,fdtd-2d,DOUBLE,4,MEDIUM,0.4986107850043047,0.017036,0.008494333333333335,c
exo,AllHints,fdtd-2d,DOUBLE,5,MEDIUM,0.5314272605939273,0.015984,0.008494333333333335,c
exo,ChooseHints,fdtd-2d,DOUBLE,4,MEDIUM,0.49972545789700756,0.016998,0.008494333333333335,c
exo,FromPlan,fdtd-2d,DOUBLE,2,MEDIUM,0.6468915797222858,0.013130999999999999,0.008494333333333335,c
exo,FromPlan,fdtd-2d,DOUBLE,4,MEDIUM,0.6136193984926197,0.013843,0.008494333333333335,c
exo,Naive,fdtd-2d,DOUBLE,1,MEDIUM,0.500520495747648,0.016971,0.008494333333333335,c
exo,Naive,fdtd-2d,DOUBLE,2,MEDIUM,0.5791722539148618,0.014666333333333332,0.008494333333333335,c
exo,Naive,fdtd-2d,DOUBLE,3,MEDIUM,0.6924916437946685,0.012266333333333332,0.008494333333333335,c
exo,standard,fdtd-2d,DOUBLE,1,MEDIUM,0.8615525052403815,0.009859333333333333,0.008494333333333335,c
exo,standard,fdtd-2d,DOUBLE,2,MEDIUM,0.8867353330085602,0.009579333333333334,0.008494333333333335,c
exo,standard,fdtd-2d,DOUBLE,3,MEDIUM,0.7931463786610229,0.010709666666666666,0.008494333333333335,c
exo,standard,fdtd-2d,DOUBLE,4,MEDIUM,0.7928009208847963,0.010714333333333333,0.008494333333333335,c
exo,standard,fdtd-2d,DOUBLE,5,MEDIUM,0.7922094071564026,0.010722333333333334,0.008494333333333335,c
halide,AllHints,fdtd-2d,DOUBLE,1,MEDIUM,0.30575686312152045,0.027781333333333335,0.008494333333333335,c
halide,AllHints,fdtd-2d,DOUBLE,5,MEDIUM,0.031614585659485994,0.268684,0.008494333333333335,c
halide,ChooseHints,fdtd-2d,DOUBLE,1,MEDIUM,0.025911472102690087,0.32782133333333335,0.008494333333333335,c
halide,ChooseHints,fdtd-2d,DOUBLE,5,MEDIUM,0.016912504023547294,0.5022516666666667,0.008494333333333335,c
halide,FromPlan,fdtd-2d,DOUBLE,4,MEDIUM,0.01617822393155665,0.5250473333333333,0.008494333333333335,c
halide,FromPlan,fdtd-2d,DOUBLE,5,MEDIUM,0.876427293988169,0.009692000000000001,0.008494333333333335,c
halide,Naive,fdtd-2d,DOUBLE,1,MEDIUM,0.015257344576616625,0.5567373333333333,0.008494333333333335,c
halide,Naive,fdtd-2d,DOUBLE,3,MEDIUM,0.5985718647969371,0.014191,0.008494333333333335,c
halide,Naive,fdtd-2d,DOUBLE,5,MEDIUM,0.031889625829057695,0.26636666666666664,0.008494333333333335,c
halide,standard,fdtd-2d,DOUBLE,1,MEDIUM,0.21231763911916887,0.040007666666666664,0.008494333333333335,c
halide,standard,fdtd-2d,DOUBLE,3,MEDIUM,0.3027671177539891,0.02805566666666667,0.008494333333333335,c
halide,standard,fdtd-2d,DOUBLE,5,MEDIUM,0.29139413621186483,0.02915066666666667,0.008494333333333335,c
noarr,AllHints,fdtd-2d,DOUBLE,1,MEDIUM,0.6897923828600819,0.012314333333333332,0.008494333333333335,c
noarr,AllHints,fdtd-2d,DOUBLE,4,MEDIUM,0.4578744048153806,0.018551666666666664,0.008494333333333335,c
noarr,AllHints,fdtd-2d,DOUBLE,5,MEDIUM,0.9904388044618914,0.008576333333333333,0.008494333333333335,c
noarr,ChooseHints,fdtd-2d,DOUBLE,1,MEDIUM,0.659839461418954,0.012873333333333334,0.008494333333333335,c
noarr,ChooseHints,fdtd-2d,DOUBLE,3,MEDIUM,0.3735962468846211,0.022736666666666665,0.008494333333333335,c
noarr,ChooseHints,fdtd-2d,DOUBLE,5,MEDIUM,0.4586077817370335,0.018522,0.008494333333333335,c
noarr,FromPlan,fdtd-2d,DOUBLE,2,MEDIUM,0.6853953738569125,0.012393333333333333,0.008494333333333335,c
noarr,FromPlan,fdtd-2d,DOUBLE,3,MEDIUM,0.8975099496354737,0.009464333333333333,0.008494333333333335,c
noarr,FromPlan,fdtd-2d,DOUBLE,5,MEDIUM,0.7169222112814743,0.011848333333333334,0.008494333333333335,c
noarr,Naive,fdtd-2d,DOUBLE,1,MEDIUM,0.9644614336537735,0.008807333333333334,0.008494333333333335,c
noarr,Naive,fdtd-2d,DOUBLE,2,MEDIUM,0.9664365898058255,0.008789333333333333,0.008494333333333335,c
noarr,Naive,fdtd-2d,DOUBLE,3,MEDIUM,0.9477814557220963,0.008962333333333334,0.008494333333333335,c
noarr,Naive,fdtd-2d,DOUBLE,4,MEDIUM,0.4495545558789804,0.018895,0.008494333333333335,c
noarr,standard,fdtd-2d,DOUBLE,1,MEDIUM,0.9554572381987928,0.008890333333333333,0.008494333333333335,c
noarr,standard,fdtd-2d,DOUBLE,2,MEDIUM,0.9783468345682805,0.008682333333333334,0.008494333333333335,c
noarr,standard,fdtd-2d,DOUBLE,3,MEDIUM,0.9531700018702077,0.008911666666666667,0.008494333333333335,c
noarr,standard,fdtd-2d,DOUBLE,4,MEDIUM,0.9343673229934368,0.009091,0.008494333333333335,c
noarr,standard,fdtd-2d,DOUBLE,5,MEDIUM,0.9498304073949833,0.008943,0.008494333333333335,c
c,AllHints,gemver,DOUBLE,1,MEDIUM,2.432714617169373,0.00028733333333333334,0.000699,c
c,AllHints,gemver,DOUBLE,2,MEDIUM,1.6550907655880032,0.0004223333333333333,0.000699,c
c,AllHints,gemver,DOUBLE,3,MEDIUM,3.0303468208092483,0.00023066666666666667,0.000699,c
c,AllHints,gemver,DOUBLE,4,MEDIUM,2.195811518324607,0.00031833333333333334,0.000699,c
c,AllHints,gemver,DOUBLE,5,MEDIUM,1.8689839572192513,0.000374,0.000699,c
c,ChooseHints,gemver,DOUBLE,1,MEDIUM,2.2167019027484143,0.0003153333333333333,0.000699,c
c,ChooseHints,gemver,DOUBLE,2,MEDIUM,2.2475884244372986,0.000311,0.000699,c
c,ChooseHints,gemver,DOUBLE,3,MEDIUM,1.807758620689655,0.00038666666666666667,0.000699,c
c,ChooseHints,gemver,DOUBLE,4,MEDIUM,2.2143611404435055,0.0003156666666666667,0.000699,c
c,ChooseHints,gemver,DOUBLE,5,MEDIUM,2.1912225705329154,0.000319,0.000699,c
c,FromPlan,gemver,DOUBLE,1,MEDIUM,1.8250652741514357,0.00038300000000000004,0.000699,c
c,FromPlan,gemver,DOUBLE,2,MEDIUM,1.849206349206349,0.000378,0.000699,c
c,FromPlan,gemver,DOUBLE,3,MEDIUM,1.4197698036560595,0.0004923333333333333,0.000699,c
c,FromPlan,gemver,DOUBLE,4,MEDIUM,1.552183567727609,0.00045033333333333335,0.000699,c
c,Naive,gemver,DOUBLE,1,MEDIUM,1.6331775700934579,0.000428,0.000699,c
c,Naive,gemver,DOUBLE,2,MEDIUM,1.6193050193050194,0.0004316666666666666,0.000699,c
c,Naive,gemver,DOUBLE,3,MEDIUM,1.7651515151515154,0.0003959999999999999,0.000699,c
c,Naive,gemver,DOUBLE,4,MEDIUM,1.631906614785992,0.00042833333333333335,0.000699,c
c,Naive,gemver,DOUBLE,5,MEDIUM,1.6019862490450725,0.00043633333333333333,0.000699,c
c,standard,gemver,DOUBLE,1,MEDIUM,1.0,0.000699,0.000699,c
exo,AllHints,gemver,DOUBLE,1,MEDIUM,3.0747800586510263,0.00022733333333333332,0.000699,c
exo,AllHints,gemver,DOUBLE,2,MEDIUM,2.1310975609756095,0.000328,0.000699,c
exo,AllHints,gemver,DOUBLE,3,MEDIUM,1.8773500447627576,0.0003723333333333333,0.000699,c
exo,AllHints,gemver,DOUBLE,4,MEDIUM,2.1289340101522845,0.0003283333333333333,0.000699,c
exo,AllHints,gemver,DOUBLE,5,MEDIUM,1.8891891891891894,0.00036999999999999994,0.000699,c
exo,ChooseHints,gemver,DOUBLE,1,MEDIUM,2.92877094972067,0.00023866666666666668,0.000699,c
exo,ChooseHints,gemver,DOUBLE,2,MEDIUM,2.0660098522167485,0.00033833333333333334,0.000699,c
exo,FromPlan,gemver,DOUBLE,1,MEDIUM,0.9201404124616059,0.0007596666666666666,0.000699,c
exo,FromPlan,gemver,DOUBLE,2,MEDIUM,0.0738952709845655,0.009459333333333333,0.000699,c
exo,Naive,gemver,DOUBLE,5,MEDIUM,2.0782953419226957,0.0003363333333333333,0.000699,c
exo,standard,gemver,DOUBLE,1,MEDIUM,0.9258278145695363,0.000755,0.000699,c
exo,standard,gemver,DOUBLE,2,MEDIUM,0.9241956809167033,0.0007563333333333334,0.000699,c
exo,standard,gemver,DOUBLE,3,MEDIUM,0.9365788298347476,0.0007463333333333333,0.000699,c
exo,standard,gemver,DOUBLE,4,MEDIUM,0.9369973190348525,0.000746,0.000699,c
exo,standard,gemver,DOUBLE,5,MEDIUM,0.9378354203935598,0.0007453333333333334,0.000699,c
halide,standard,gemver,DOUBLE,1,MEDIUM,0.00551807254278677,0.12667466666666669,0.000699,c
halide,standard,gemver,DOUBLE,4,MEDIUM,0.38168911539861666,0.0018313333333333333,0.000699,c
noarr,AllHints,gemver,DOUBLE,1,MEDIUM,1.7592281879194631,0.0003973333333333333,0.000699,c
noarr,AllHints,gemver,DOUBLE,2,MEDIUM,0.26088579248569294,0.0026793333333333335,0.000699,c
noarr,AllHints,gemver,DOUBLE,3,MEDIUM,0.26228893058161346,0.0026650000000000003,0.000699,c
noarr,AllHints,gemver,DOUBLE,4,MEDIUM,1.1471553610503282,0.0006093333333333334,0.000699,c
noarr,AllHints,gemver,DOUBLE,5,MEDIUM,0.256859382655561,0.002721333333333333,0.000699,c
noarr,ChooseHints,gemver,DOUBLE,1,MEDIUM,1.7359271523178808,0.0004026666666666667,0.000699,c
noarr,ChooseHints,gemver,DOUBLE,2,MEDIUM,1.75187969924812,0.00039900000000000005,0.000699,c
noarr,ChooseHints,gemver,DOUBLE,3,MEDIUM,0.26500695058764057,0.0026376666666666666,0.000699,c
noarr,ChooseHints,gemver,DOUBLE,4,MEDIUM,1.7160392798690671,0.00040733333333333333,0.000699,c
noarr,ChooseHints,gemver,DOUBLE,5,MEDIUM,1.1452758055707264,0.0006103333333333333,0.000699,c
noarr,FromPlan,gemver,DOUBLE,1,MEDIUM,1.1465281574630946,0.0006096666666666667,0.000699,c
noarr,FromPlan,gemver,DOUBLE,2,MEDIUM,1.5696107784431137,0.00044533333333333333,0.000699,c
noarr,FromPlan,gemver,DOUBLE,3,MEDIUM,1.7786259541984735,0.00039299999999999996,0.000699,c
noarr,FromPlan,gemver,DOUBLE,4,MEDIUM,1.7301980198019802,0.000404,0.000699,c
noarr,Naive,gemver,DOUBLE,1,MEDIUM,1.6695859872611465,0.00041866666666666663,0.000699,c
noarr,Naive,gemver,DOUBLE,2,MEDIUM,1.8062015503875968,0.00038700000000000003,0.000699,c
noarr,Naive,gemver,DOUBLE,3,MEDIUM,1.7681281618887015,0.0003953333333333333,0.000699,c
noarr,Naive,gemver,DOUBLE,4,MEDIUM,1.772612003381234,0.00039433333333333334,0.000699,c
noarr,Naive,gemver,DOUBLE,5,MEDIUM,1.772612003381234,0.00039433333333333334,0.000699,c
noarr,standard,gemver,DOUBLE,1,MEDIUM,1.120791020844468,0.0006236666666666667,0.000699,c
noarr,standard,gemver,DOUBLE,2,MEDIUM,1.1372017353579176,0.0006146666666666667,0.000699,c
noarr,standard,gemver,DOUBLE,3,MEDIUM,1.1286329386437028,0.0006193333333333334,0.000699,c
noarr,standard,gemver,DOUBLE,5,MEDIUM,1.1378187737384697,0.0006143333333333334,0.000699,c
c,AllHints,gesummv,DOUBLE,1,MEDIUM,2.0823529411764703,0.00011333333333333334,0.000236,c
c,AllHints,gesummv,DOUBLE,2,MEDIUM,3.8688524590163933,6.1e-05,0.000236,c
c,AllHints,gesummv,DOUBLE,3,MEDIUM,4.068965517241379,5.8e-05,0.000236,c
c,AllHints,gesummv,DOUBLE,4,MEDIUM,1.9504132231404956,0.00012100000000000001,0.000236,c
c,AllHints,gesummv,DOUBLE,5,MEDIUM,3.911602209944751,6.0333333333333334e-05,0.000236,c
c,ChooseHints,gesummv,DOUBLE,1,MEDIUM,3.6875,6.4e-05,0.000236,c
c,ChooseHints,gesummv,DOUBLE,2,MEDIUM,3.8688524590163933,6.1e-05,0.000236,c
c,ChooseHints,gesummv,DOUBLE,3,MEDIUM,3.504950495049505,6.733333333333333e-05,0.000236,c
c,ChooseHints,gesummv,DOUBLE,4,MEDIUM,3.89010989010989,6.0666666666666666e-05,0.000236,c
c,ChooseHints,gesummv,DOUBLE,5,MEDIUM,3.7068062827225132,6.366666666666666e-05,0.000236,c
c,FromPlan,gesummv,DOUBLE,1,MEDIUM,3.649484536082474,6.466666666666666e-05,0.000236,c
c,FromPlan,gesummv,DOUBLE,2,MEDIUM,3.504950495049505,6.733333333333333e-05,0.000236,c
c,FromPlan,gesummv,DOUBLE,3,MEDIUM,2.219435736677116,0.00010633333333333333,0.000236,c
c,FromPlan,gesummv,DOUBLE,4,MEDIUM,3.7263157894736842,6.333333333333333e-05,0.000236,c
c,FromPlan,gesummv,DOUBLE,5,MEDIUM,3.6307692307692303,6.500000000000001e-05,0.000236,c
c,Naive,gesummv,DOUBLE,1,MEDIUM,3.7068062827225132,6.366666666666666e-05,0.000236,c
c,Naive,gesummv,DOUBLE,2,MEDIUM,2.2987012987012987,0.00010266666666666666,0.000236,c
c,Naive,gesummv,DOUBLE,3,MEDIUM,2.240506329113924,0.00010533333333333332,0.000236,c
c,Naive,gesummv,DOUBLE,4,MEDIUM,2.1389728096676737,0.00011033333333333334,0.000236,c
c,Naive,gesummv,DOUBLE,5,MEDIUM,3.7860962566844916,6.233333333333334e-05,0.000236,c
c,standard,gesummv,DOUBLE,1,MEDIUM,1.0,0.000236,0.000236,c
exo,AllHints,gesummv,DOUBLE,2,MEDIUM,3.7068062827225132,6.366666666666666e-05,0.000236,c
exo,AllHints,gesummv,DOUBLE,3,MEDIUM,3.746031746031746,6.3e-05,0.000236,c
exo,AllHints,gesummv,DOUBLE,4,MEDIUM,3.7068062827225132,6.366666666666666e-05,0.000236,c
exo,AllHints,gesummv,DOUBLE,5,MEDIUM,3.6875,6.4e-05,0.000236,c
exo,ChooseHints,gesummv,DOUBLE,1,MEDIUM,3.575757575757576,6.599999999999999e-05,0.000236,c
exo,ChooseHints,gesummv,DOUBLE,3,MEDIUM,3.8478260869565215,6.133333333333334e-05,0.000236,c
exo,ChooseHints,gesummv,DOUBLE,4,MEDIUM,3.7263157894736842,6.333333333333333e-05,0.000236,c
exo,ChooseHints,gesummv,DOUBLE,5,MEDIUM,2.9873417721518982,7.900000000000001e-05,0.000236,c
exo,FromPlan,gesummv,DOUBLE,2,MEDIUM,3.105263157894737,7.599999999999999e-05,0.000236,c
exo,FromPlan,gesummv,DOUBLE,3,MEDIUM,2.1585365853658534,0.00010933333333333334,0.000236,c
exo,FromPlan,gesummv,DOUBLE,5,MEDIUM,3.160714285714286,7.466666666666666e-05,0.000236,c
exo,Naive,gesummv,DOUBLE,1,MEDIUM,3.3396226415094334,7.066666666666667e-05,0.000236,c
exo,Naive,gesummv,DOUBLE,2,MEDIUM,2.7335907335907335,8.633333333333334e-05,0.000236,c
exo,Naive,gesummv,DOUBLE,3,MEDIUM,0.6442220200181984,0.0003663333333333333,0.000236,c
exo,Naive,gesummv,DOUBLE,4,MEDIUM,0.9159120310478653,0.0002576666666666667,0.000236,c
exo,Naive,gesummv,DOUBLE,5,MEDIUM,0.9685362517099863,0.00024366666666666666,0.000236,c
exo,standard,gesummv,DOUBLE,1,MEDIUM,1.0381231671554252,0.00022733333333333332,0.000236,c
exo,standard,gesummv,DOUBLE,2,MEDIUM,1.0143266475644697,0.0002326666666666667,0.000236,c
exo,standard,gesummv,DOUBLE,3,MEDIUM,1.0381231671554252,0.00022733333333333332,0.000236,c
exo,standard,gesummv,DOUBLE,4,MEDIUM,1.039647577092511,0.000227,0.000236,c
exo,standard,gesummv,DOUBLE,5,MEDIUM,1.0381231671554252,0.00022733333333333332,0.000236,c
halide,FromPlan,gesummv,DOUBLE,1,MEDIUM,0.09695973705834018,0.002434,0.000236,c
halide,Naive,gesummv,DOUBLE,4,MEDIUM,0.07590865229977484,0.0031090000000000002,0.000236,c
halide,Naive,gesummv,DOUBLE,5,MEDIUM,0.24065261726716516,0.0009806666666666668,0.000236,c
halide,standard,gesummv,DOUBLE,1,MEDIUM,1.0275761973875182,0.00022966666666666667,0.000236,c
halide,standard,gesummv,DOUBLE,2,MEDIUM,0.9619565217391304,0.00024533333333333335,0.000236,c
halide,standard,gesummv,DOUBLE,3,MEDIUM,0.9971830985915492,0.00023666666666666668,0.000236,c
halide,standard,gesummv,DOUBLE,4,MEDIUM,1.0172413793103448,0.000232,0.000236,c
halide,standard,gesummv,DOUBLE,5,MEDIUM,1.023121387283237,0.00023066666666666667,0.000236,c
noarr,AllHints,gesummv,DOUBLE,1,MEDIUM,2.702290076335878,8.733333333333332e-05,0.000236,c
noarr,AllHints,gesummv,DOUBLE,2,MEDIUM,3.1052631578947367,7.6e-05,0.000236,c
noarr,AllHints,gesummv,DOUBLE,3,MEDIUM,2.631970260223048,8.966666666666667e-05,0.000236,c
noarr,AllHints,gesummv,DOUBLE,4,MEDIUM,2.4929577464788735,9.466666666666666e-05,0.000236,c
noarr,AllHints,gesummv,DOUBLE,5,MEDIUM,0.09938236945536215,0.002374666666666667,0.000236,c
noarr,ChooseHints,gesummv,DOUBLE,1,MEDIUM,0.09962009286618827,0.002369,0.000236,c
noarr,ChooseHints,gesummv,DOUBLE,2,MEDIUM,2.5106382978723403,9.400000000000001e-05,0.000236,c
noarr,ChooseHints,gesummv,DOUBLE,3,MEDIUM,0.10107066381156317,0.002335,0.000236,c
noarr,ChooseHints,gesummv,DOUBLE,4,MEDIUM,0.1001131221719457,0.0023573333333333332,0.000236,c
noarr,ChooseHints,gesummv,DOUBLE,5,MEDIUM,2.261980830670926,0.00010433333333333334,0.000236,c
noarr,FromPlan,gesummv,DOUBLE,1,MEDIUM,2.5745454545454542,9.166666666666667e-05,0.000236,c
noarr,FromPlan,gesummv,DOUBLE,3,MEDIUM,2.593406593406593,9.1e-05,0.000236,c
noarr,FromPlan,gesummv,DOUBLE,4,MEDIUM,2.681818181818181,8.800000000000001e-05,0.000236,c
noarr,Naive,gesummv,DOUBLE,1,MEDIUM,2.681818181818181,8.800000000000001e-05,0.000236,c
noarr,Naive,gesummv,DOUBLE,2,MEDIUM,2.4081632653061225,9.8e-05,0.000236,c
noarr,Naive,gesummv,DOUBLE,3,MEDIUM,2.7126436781609193,8.7e-05,0.000236,c
noarr,Naive,gesummv,DOUBLE,4,MEDIUM,2.681818181818181,8.800000000000001e-05,0.000236,c
noarr,Naive,gesummv,DOUBLE,5,MEDIUM,2.702290076335878,8.733333333333332e-05,0.000236,c
noarr,standard,gesummv,DOUBLE,1,MEDIUM,1.1979695431472082,0.000197,0.000236,c
noarr,standard,gesummv,DOUBLE,2,MEDIUM,1.1819699499165275,0.00019966666666666665,0.000236,c
noarr,standard,gesummv,DOUBLE,3,MEDIUM,1.193929173693086,0.00019766666666666666,0.000236,c
noarr,standard,gesummv,DOUBLE,4,MEDIUM,1.1800000000000002,0.00019999999999999998,0.000236,c
noarr,standard,gesummv,DOUBLE,5,MEDIUM,1.1979695431472082,0.000197,0.000236,c
c,ChooseHints,gramschmidt,DOUBLE,1,MEDIUM,3.659538066723695,0.0046760000000000005,0.017112,c
c,ChooseHints,gramschmidt,DOUBLE,4,MEDIUM,3.671840354767184,0.004660333333333333,0.017112,c
c,Naive,gramschmidt,DOUBLE,1,MEDIUM,4.131670020120724,0.004141666666666667,0.017112,c
c,standard,gramschmidt,DOUBLE,1,MEDIUM,1.0,0.017112,0.017112,c
c,AllHints,jacobi-1d,DOUBLE,1,MEDIUM,0.028009084027252083,0.0017613333333333333,4.933333333333333e-05,c
c,AllHints,jacobi-1d,DOUBLE,2,MEDIUM,0.029318541996830424,0.0016826666666666667,4.933333333333333e-05,c
c,AllHints,jacobi-1d,DOUBLE,4,MEDIUM,0.17330210772833726,0.00028466666666666663,4.933333333333333e-05,c
c,AllHints,jacobi-1d,DOUBLE,5,MEDIUM,0.030826911060195795,0.0016003333333333332,4.933333333333333e-05,c
c,ChooseHints,jacobi-1d,DOUBLE,2,MEDIUM,0.030648167322427002,0.0016096666666666666,4.933333333333333e-05,c
c,ChooseHints,jacobi-1d,DOUBLE,3,MEDIUM,0.030056864337936633,0.0016413333333333334,4.933333333333333e-05,c
c,ChooseHints,jacobi-1d,DOUBLE,4,MEDIUM,0.02925479343743823,0.0016863333333333333,4.933333333333333e-05,c
c,ChooseHints,jacobi-1d,DOUBLE,5,MEDIUM,0.029917121487770364,0.001649,4.933333333333333e-05,c
c,FromPlan,jacobi-1d,DOUBLE,2,MEDIUM,0.029832695021165083,0.0016536666666666668,4.933333333333333e-05,c
c,FromPlan,jacobi-1d,DOUBLE,3,MEDIUM,0.03028442807448332,0.001629,4.933333333333333e-05,c
c,FromPlan,jacobi-1d,DOUBLE,4,MEDIUM,0.030477759472817133,0.0016186666666666667,4.933333333333333e-05,c
c,FromPlan,jacobi-1d,DOUBLE,5,MEDIUM,0.03016099449765641,0.0016356666666666666,4.933333333333333e-05,c
c,Naive,jacobi-1d,DOUBLE,2,MEDIUM,0.4192634560906515,0.00011766666666666668,4.933333333333333e-05,c
c,Naive,jacobi-1d,DOUBLE,3,MEDIUM,1.0571428571428572,4.6666666666666665e-05,4.933333333333333e-05,c
c,Naive,jacobi-1d,DOUBLE,4,MEDIUM,0.9932885906040269,4.966666666666666e-05,4.933333333333333e-05,c
c,Naive,jacobi-1d,DOUBLE,5,MEDIUM,1.072463768115942,4.6e-05,4.933333333333333e-05,c
c,standard,jacobi-1d,DOUBLE,1,MEDIUM,1.0,4.933333333333333e-05,4.933333333333333e-05,c
exo,AllHints,jacobi-1d,DOUBLE,1,MEDIUM,0.00951034571391852,0.005187333333333333,4.933333333333333e-05,c
exo,AllHints,jacobi-1d,DOUBLE,2,MEDIUM,0.00958176874271656,0.005148666666666667,4.933333333333333e-05,c
exo,AllHints,jacobi-1d,DOUBLE,3,MEDIUM,0.009505459216441874,0.00519,4.933333333333333e-05,c
exo,AllHints,jacobi-1d,DOUBLE,4,MEDIUM,0.009501797637390858,0.005192,4.933333333333333e-05,c
exo,AllHints,jacobi-1d,DOUBLE,5,MEDIUM,0.009525648452082126,0.005179,4.933333333333333e-05,c
exo,ChooseHints,jacobi-1d,DOUBLE,1,MEDIUM,0.00961975950601235,0.005128333333333333,4.933333333333333e-05,c
exo,ChooseHints,jacobi-1d,DOUBLE,3,MEDIUM,0.00968079539508111,0.005096,4.933333333333333e-05,c
exo,ChooseHints,jacobi-1d,DOUBLE,4,MEDIUM,0.009661205039493439,0.005106333333333333,4.933333333333333e-05,c
exo,ChooseHints,jacobi-1d,DOUBLE,5,MEDIUM,0.009617259081161868,0.005129666666666667,4.933333333333333e-05,c
exo,FromPlan,jacobi-1d,DOUBLE,1,MEDIUM,0.009571853576510154,0.005154,4.933333333333333e-05,c
exo,FromPlan,jacobi-1d,DOUBLE,4,MEDIUM,0.009684596257034418,0.0050940000000000004,4.933333333333333e-05,c
exo,Naive,jacobi-1d,DOUBLE,1,MEDIUM,0.009359387845443622,0.0052710000000000005,4.933333333333333e-05,c
exo,Naive,jacobi-1d,DOUBLE,2,MEDIUM,0.009174311926605503,0.005377333333333334,4.933333333333333e-05,c
exo,Naive,jacobi-1d,DOUBLE,5,MEDIUM,0.009632281158477057,0.005121666666666667,4.933333333333333e-05,c
exo,standard,jacobi-1d,DOUBLE,1,MEDIUM,1.0136986301369864,4.8666666666666666e-05,4.933333333333333e-05,c
exo,standard,jacobi-1d,DOUBLE,2,MEDIUM,0.9135802469135801,5.4000000000000005e-05,4.933333333333333e-05,c
exo,standard,jacobi-1d,DOUBLE,3,MEDIUM,0.9932885906040269,4.966666666666666e-05,4.933333333333333e-05,c
exo,standard,jacobi-1d,DOUBLE,4,MEDIUM,1.0068027210884354,4.9e-05,4.933333333333333e-05,c
exo,standard,jacobi-1d,DOUBLE,5,MEDIUM,0.9932885906040269,4.966666666666666e-05,4.933333333333333e-05,c
halide,ChooseHints,jacobi-1d,DOUBLE,3,MEDIUM,0.0017726886176622069,0.027829666666666666,4.933333333333333e-05,c
halide,FromPlan,jacobi-1d,DOUBLE,1,MEDIUM,0.010351822060572148,0.004765666666666666,4.933333333333333e-05,c
halide,FromPlan,jacobi-1d,DOUBLE,4,MEDIUM,0.04994937563280458,0.0009876666666666669,4.933333333333333e-05,c
halide,Naive,jacobi-1d,DOUBLE,1,MEDIUM,0.17149478563151793,0.0002876666666666667,4.933333333333333e-05,c
halide,standard,jacobi-1d,DOUBLE,2,MEDIUM,0.2750929368029739,0.00017933333333333335,4.933333333333333e-05,c
halide,standard,jacobi-1d,DOUBLE,5,MEDIUM,0.14889336016096577,0.0003313333333333334,4.933333333333333e-05,c
noarr,AllHints,jacobi-1d,DOUBLE,1,MEDIUM,0.0062476254801806744,0.007896333333333333,4.933333333333333e-05,c
noarr,AllHints,jacobi-1d,DOUBLE,2,MEDIUM,1.1935483870967742,4.133333333333333e-05,4.933333333333333e-05,c
noarr,AllHints,jacobi-1d,DOUBLE,3,MEDIUM,1.2869565217391303,3.8333333333333334e-05,4.933333333333333e-05,c
noarr,AllHints,jacobi-1d,DOUBLE,4,MEDIUM,0.009151620084095969,0.005390666666666666,4.933333333333333e-05,c
noarr,AllHints,jacobi-1d,DOUBLE,5,MEDIUM,1.2869565217391303,3.8333333333333334e-05,4.933333333333333e-05,c
noarr,ChooseHints,jacobi-1d,DOUBLE,1,MEDIUM,0.006391156021937211,0.007719,4.933333333333333e-05,c
noarr,ChooseHints,jacobi-1d,DOUBLE,2,MEDIUM,0.6851851851851851,7.2e-05,4.933333333333333e-05,c
noarr,ChooseHints,jacobi-1d,DOUBLE,3,MEDIUM,0.006359847019896008,0.007757,4.933333333333333e-05,c
noarr,ChooseHints,jacobi-1d,DOUBLE,4,MEDIUM,0.006412478336221837,0.007693333333333333,4.933333333333333e-05,c
noarr,ChooseHints,jacobi-1d,DOUBLE,5,MEDIUM,0.012681004198440577,0.0038903333333333338,4.933333333333333e-05,c
noarr,FromPlan,jacobi-1d,DOUBLE,1,MEDIUM,0.4625,0.00010666666666666665,4.933333333333333e-05,c
noarr,FromPlan,jacobi-1d,DOUBLE,2,MEDIUM,1.264957264957265,3.9e-05,4.933333333333333e-05,c
noarr,FromPlan,jacobi-1d,DOUBLE,3,MEDIUM,0.1880559085133418,0.00026233333333333333,4.933333333333333e-05,c
noarr,FromPlan,jacobi-1d,DOUBLE,4,MEDIUM,0.7326732673267327,6.733333333333333e-05,4.933333333333333e-05,c
noarr,FromPlan,jacobi-1d,DOUBLE,5,MEDIUM,0.148,0.0003333333333333333,4.933333333333333e-05,c
noarr,Naive,jacobi-1d,DOUBLE,1,MEDIUM,0.008776091081593928,0.005621333333333333,4.933333333333333e-05,c
noarr,Naive,jacobi-1d,DOUBLE,3,MEDIUM,0.005493281864746492,0.008980666666666666,4.933333333333333e-05,c
noarr,Naive,jacobi-1d,DOUBLE,4,MEDIUM,0.5849802371541502,8.433333333333333e-05,4.933333333333333e-05,c
noarr,Naive,jacobi-1d,DOUBLE,5,MEDIUM,0.7254901960784315,6.799999999999999e-05,4.933333333333333e-05,c
noarr,standard,jacobi-1d,DOUBLE,1,MEDIUM,1.2131147540983604,4.066666666666667e-05,4.933333333333333e-05,c
noarr,standard,jacobi-1d,DOUBLE,2,MEDIUM,1.203252032520325,4.1e-05,4.933333333333333e-05,c
noarr,standard,jacobi-1d,DOUBLE,3,MEDIUM,1.1653543307086613,4.233333333333333e-05,4.933333333333333e-05,c
noarr,standard,jacobi-1d,DOUBLE,4,MEDIUM,1.1935483870967742,4.133333333333333e-05,4.933333333333333e-05,c
noarr,standard,jacobi-1d,DOUBLE,5,MEDIUM,1.203252032520325,4.1e-05,4.933333333333333e-05,c
c,AllHints,jacobi-2d,DOUBLE,1,MEDIUM,1.023564836028016,0.010184666666666667,0.010424666666666667,c
c,AllHints,jacobi-2d,DOUBLE,2,MEDIUM,1.2114192748682988,0.008605333333333333,0.010424666666666667,c
c,AllHints,jacobi-2d,DOUBLE,3,MEDIUM,1.723085399449036,0.00605,0.010424666666666667,c
c,AllHints,jacobi-2d,DOUBLE,4,MEDIUM,3.454163905456152,0.003018,0.010424666666666667,c
c,AllHints,jacobi-2d,DOUBLE,5,MEDIUM,0.8769558633839942,0.011887333333333333,0.010424666666666667,c
c,ChooseHints,jacobi-2d,DOUBLE,1,MEDIUM,1.037796582047453,0.010045,0.010424666666666667,c
c,ChooseHints,jacobi-2d,DOUBLE,2,MEDIUM,1.0385547770066084,0.010037666666666667,0.010424666666666667,c
c,ChooseHints,jacobi-2d,DOUBLE,3,MEDIUM,1.8500946521533363,0.005634666666666667,0.010424666666666667,c
c,ChooseHints,jacobi-2d,DOUBLE,4,MEDIUM,1.960137887809464,0.005318333333333334,0.010424666666666667,c
c,ChooseHints,jacobi-2d,DOUBLE,5,MEDIUM,1.005853595780265,0.010364,0.010424666666666667,c
c,FromPlan,jacobi-2d,DOUBLE,1,MEDIUM,0.8170655240882014,0.012758666666666668,0.010424666666666667,c
c,FromPlan,jacobi-2d,DOUBLE,2,MEDIUM,0.953446541263986,0.010933666666666666,0.010424666666666667,c
c,FromPlan,jacobi-2d,DOUBLE,3,MEDIUM,1.5594893786775708,0.006684666666666666,0.010424666666666667,c
c,FromPlan,jacobi-2d,DOUBLE,4,MEDIUM,0.9124434719183079,0.011425,0.010424666666666667,c
c,FromPlan,jacobi-2d,DOUBLE,5,MEDIUM,0.8326854465093988,0.012519333333333334,0.010424666666666667,c
c,Naive,jacobi-2d,DOUBLE,1,MEDIUM,1.0319749216300942,0.010101666666666667,0.010424666666666667,c
c,Naive,jacobi-2d,DOUBLE,2,MEDIUM,1.0214253053759228,0.010206,0.010424666666666667,c
c,Naive,jacobi-2d,DOUBLE,3,MEDIUM,1.0323155636243604,0.010098333333333334,0.010424666666666667,c
c,Naive,jacobi-2d,DOUBLE,4,MEDIUM,1.008155765449212,0.010340333333333333,0.010424666666666667,c
c,standard,jacobi-2d,DOUBLE,1,MEDIUM,1.0,0.010424666666666667,0.010424666666666667,c
exo,AllHints,jacobi-2d,DOUBLE,2,MEDIUM,0.7450625372245385,0.013991666666666666,0.010424666666666667,c
exo,AllHints,jacobi-2d,DOUBLE,3,MEDIUM,1.5883189436262062,0.006563333333333333,0.010424666666666667,c
exo,ChooseHints,jacobi-2d,DOUBLE,1,MEDIUM,0.7561777648822477,0.013786,0.010424666666666667,c
exo,ChooseHints,jacobi-2d,DOUBLE,2,MEDIUM,0.7480744390757308,0.013935333333333333,0.010424666666666667,c
exo,ChooseHints,jacobi-2d,DOUBLE,4,MEDIUM,1.5658138486957394,0.006657666666666667,0.010424666666666667,c
exo,Naive,jacobi-2d,DOUBLE,3,MEDIUM,0.7480744390757308,0.013935333333333334,0.010424666666666667,c
exo,standard,jacobi-2d,DOUBLE,1,MEDIUM,0.9818843992339331,0.010617,0.010424666666666667,c
exo,standard,jacobi-2d,DOUBLE,2,MEDIUM,0.9860638163702864,0.010572,0.010424666666666667,c
exo,standard,jacobi-2d,DOUBLE,3,MEDIUM,0.9722084058691868,0.010722666666666667,0.010424666666666667,c
exo,standard,jacobi-2d,DOUBLE,4,MEDIUM,0.9839541907878178,0.010594666666666667,0.010424666666666667,c
exo,standard,jacobi-2d,DOUBLE,5,MEDIUM,0.9856287425149701,0.010576666666666667,0.010424666666666667,c
halide,AllHints,jacobi-2d,DOUBLE,2,MEDIUM,1.389832014932006,0.007500666666666667,0.010424666666666667,c
halide,AllHints,jacobi-2d,DOUBLE,4,MEDIUM,1.7685913023808177,0.005894333333333334,0.010424666666666667,c
halide,ChooseHints,jacobi-2d,DOUBLE,1,MEDIUM,1.6400440505532543,0.006356333333333333,0.010424666666666667,c
halide,ChooseHints,jacobi-2d,DOUBLE,2,MEDIUM,1.4597647498132937,0.007141333333333333,0.010424666666666667,c
halide,ChooseHints,jacobi-2d,DOUBLE,3,MEDIUM,1.4409325469959455,0.007234666666666667,0.010424666666666667,c
halide,ChooseHints,jacobi-2d,DOUBLE,4,MEDIUM,1.2541203833660826,0.008312333333333333,0.010424666666666667,c
halide,FromPlan,jacobi-2d,DOUBLE,1,MEDIUM,1.4887418479554435,0.0070023333333333335,0.010424666666666667,c
halide,FromPlan,jacobi-2d,DOUBLE,2,MEDIUM,1.4248485124607042,0.007316333333333334,0.010424666666666667,c
halide,FromPlan,jacobi-2d,DOUBLE,3,MEDIUM,1.3595026951834464,0.007668,0.010424666666666667,c
halide,FromPlan,jacobi-2d,DOUBLE,4,MEDIUM,0.7535358889718816,0.013834333333333332,0.010424666666666667,c
halide,FromPlan,jacobi-2d,DOUBLE,5,MEDIUM,0.7016040381379697,0.014858333333333335,0.010424666666666667,c
halide,Naive,jacobi-2d,DOUBLE,1,MEDIUM,1.2346137144210652,0.008443666666666667,0.010424666666666667,c
halide,Naive,jacobi-2d,DOUBLE,3,MEDIUM,1.4262130609266692,0.0073093333333333335,0.010424666666666667,c
halide,Naive,jacobi-2d,DOUBLE,4,MEDIUM,1.751161879164567,0.005953,0.010424666666666667,c
halide,standard,jacobi-2d,DOUBLE,3,MEDIUM,0.2274588524506702,0.045831000000000004,0.010424666666666667,c
halide,standard,jacobi-2d,DOUBLE,4,MEDIUM,0.48291409953521414,0.021587,0.010424666666666667,c
halide,standard,jacobi-2d,DOUBLE,5,MEDIUM,0.22368769267081992,0.04660366666666666,0.010424666666666667,c
noarr,AllHints,jacobi-2d,DOUBLE,1,MEDIUM,0.6535841170323929,0.01595,0.010424666666666667,c
noarr,AllHints,jacobi-2d,DOUBLE,2,MEDIUM,0.76513186866957,0.013624666666666667,0.010424666666666667,c
noarr,AllHints,jacobi-2d,DOUBLE,3,MEDIUM,0.7824955588360397,0.013322333333333334,0.010424666666666667,c
noarr,AllHints,jacobi-2d,DOUBLE,4,MEDIUM,0.6559969794856737,0.01589133333333333,0.010424666666666667,c
noarr,AllHints,jacobi-2d,DOUBLE,5,MEDIUM,0.6521258627520488,0.015985666666666665,0.010424666666666667,c
noarr,ChooseHints,jacobi-2d,DOUBLE,1,MEDIUM,1.2131579968191164,0.008593,0.010424666666666667,c
noarr,ChooseHints,jacobi-2d,DOUBLE,2,MEDIUM,0.6573482428115016,0.015858666666666667,0.010424666666666667,c
noarr,ChooseHints,jacobi-2d,DOUBLE,3,MEDIUM,1.1848456146997537,0.008798333333333333,0.010424666666666667,c
noarr,ChooseHints,jacobi-2d,DOUBLE,4,MEDIUM,0.7693859476481008,0.013549333333333335,0.010424666666666667,c
noarr,ChooseHints,jacobi-2d,DOUBLE,5,MEDIUM,0.7703145397669895,0.013532999999999998,0.010424666666666667,c
noarr,FromPlan,jacobi-2d,DOUBLE,1,MEDIUM,0.9340262222620436,0.011160999999999999,0.010424666666666667,c
noarr,FromPlan,jacobi-2d,DOUBLE,2,MEDIUM,0.9440637546412292,0.011042333333333335,0.010424666666666667,c
noarr,FromPlan,jacobi-2d,DOUBLE,3,MEDIUM,0.9189586271744241,0.011344,0.010424666666666667,c
noarr,FromPlan,jacobi-2d,DOUBLE,4,MEDIUM,0.9863748186463132,0.010568666666666665,0.010424666666666667,c
noarr,FromPlan,jacobi-2d,DOUBLE,5,MEDIUM,0.8201080400692297,0.012711333333333333,0.010424666666666667,c
noarr,Naive,jacobi-2d,DOUBLE,1,MEDIUM,0.7683463135395425,0.013567666666666667,0.010424666666666667,c
noarr,Naive,jacobi-2d,DOUBLE,2,MEDIUM,0.9939297632289846,0.010488333333333334,0.010424666666666667,c
noarr,Naive,jacobi-2d,DOUBLE,3,MEDIUM,0.788016226976088,0.013229,0.010424666666666667,c
noarr,Naive,jacobi-2d,DOUBLE,5,MEDIUM,0.5097054940756556,0.020452333333333333,0.010424666666666667,c
noarr,standard,jacobi-2d,DOUBLE,1,MEDIUM,1.1739048834503212,0.008880333333333332,0.010424666666666667,c
noarr,standard,jacobi-2d,DOUBLE,2,MEDIUM,1.192662649683472,0.008740666666666666,0.010424666666666667,c
noarr,standard,jacobi-2d,DOUBLE,3,MEDIUM,1.2476661613340783,0.008355333333333333,0.010424666666666667,c
noarr,standard,jacobi-2d,DOUBLE,4,MEDIUM,1.1641602144133414,0.008954666666666666,0.010424666666666667,c
noarr,standard,jacobi-2d,DOUBLE,5,MEDIUM,1.2091242992460856,0.008621666666666666,0.010424666666666667,c
c,AllHints,lu,DOUBLE,1,MEDIUM,1.4553451993138504,0.021181000000000002,0.030825666666666668,c
c,AllHints,lu,DOUBLE,2,MEDIUM,1.031096690750156,0.029896000000000002,0.030825666666666668,c
c,AllHints,lu,DOUBLE,3,MEDIUM,0.8677664236316378,0.035523,0.030825666666666668,c
c,AllHints,lu,DOUBLE,4,MEDIUM,1.4513709057237474,0.021238999999999997,0.030825666666666668,c
c,AllHints,lu,DOUBLE,5,MEDIUM,1.4507789090566807,0.021247666666666668,0.030825666666666668,c
c,ChooseHints,lu,DOUBLE,1,MEDIUM,1.406708244599939,0.021913333333333337,0.030825666666666668,c
c,ChooseHints,lu,DOUBLE,2,MEDIUM,1.453515238200022,0.021207666666666666,0.030825666666666668,c
c,ChooseHints,lu,DOUBLE,3,MEDIUM,1.451667085269371,0.021234666666666666,0.030825666666666668,c
c,ChooseHints,lu,DOUBLE,4,MEDIUM,1.450392095357591,0.021253333333333332,0.030825666666666668,c
c,ChooseHints,lu,DOUBLE,5,MEDIUM,0.8499958638565401,0.03626566666666667,0.030825666666666668,c
c,FromPlan,lu,DOUBLE,1,MEDIUM,1.3909034848917832,0.022162333333333336,0.030825666666666668,c
c,FromPlan,lu,DOUBLE,2,MEDIUM,0.9256586322869956,0.03330133333333333,0.030825666666666668,c
c,FromPlan,lu,DOUBLE,3,MEDIUM,1.4249372101265043,0.021633,0.030825666666666668,c
c,FromPlan,lu,DOUBLE,4,MEDIUM,1.0620994602044334,0.02902333333333333,0.030825666666666668,c
c,FromPlan,lu,DOUBLE,5,MEDIUM,3.072325581395349,0.010033333333333333,0.030825666666666668,c
c,Naive,lu,DOUBLE,1,MEDIUM,1.4450434402150134,0.021332,0.030825666666666668,c
c,Naive,lu,DOUBLE,2,MEDIUM,1.4264978095884497,0.02160933333333333,0.030825666666666668,c
c,Naive,lu,DOUBLE,3,MEDIUM,1.4434870834308906,0.021355,0.030825666666666668,c
c,Naive,lu,DOUBLE,4,MEDIUM,1.4578919157523018,0.021144,0.030825666666666668,c
c,Naive,lu,DOUBLE,5,MEDIUM,1.4499827526733355,0.021259333333333335,0.030825666666666668,c
c,standard,lu,DOUBLE,1,MEDIUM,1.0,0.030825666666666668,0.030825666666666668,c
exo,AllHints,lu,DOUBLE,1,MEDIUM,0.9065928140777412,0.03400166666666667,0.030825666666666668,c
exo,AllHints,lu,DOUBLE,2,MEDIUM,0.7919314230907565,0.03892466666666667,0.030825666666666668,c
exo,AllHints,lu,DOUBLE,3,MEDIUM,0.7945442048285936,0.03879666666666667,0.030825666666666668,c
exo,AllHints,lu,DOUBLE,4,MEDIUM,0.01492884755986625,2.064839,0.030825666666666668,c
exo,AllHints,lu,DOUBLE,5,MEDIUM,0.9826479651471682,0.03137,0.030825666666666668,c
exo,ChooseHints,lu,DOUBLE,1,MEDIUM,1.280738442788688,0.024068666666666665,0.030825666666666668,c
exo,ChooseHints,lu,DOUBLE,2,MEDIUM,0.9048275997025559,0.034067999999999994,0.030825666666666668,c
exo,ChooseHints,lu,DOUBLE,3,MEDIUM,1.0354955378637734,0.029769,0.030825666666666668,c
exo,FromPlan,lu,DOUBLE,3,MEDIUM,1.1221983569356975,0.027468999999999997,0.030825666666666668,c
exo,Naive,lu,DOUBLE,1,MEDIUM,1.3948475844281212,0.022099666666666667,0.030825666666666668,c
exo,Naive,lu,DOUBLE,2,MEDIUM,1.3640681466184823,0.02259833333333333,0.030825666666666668,c
exo,Naive,lu,DOUBLE,3,MEDIUM,1.329647735442128,0.023183333333333334,0.030825666666666668,c
exo,Naive,lu,DOUBLE,4,MEDIUM,0.794714905684699,0.038788333333333334,0.030825666666666668,c
exo,Naive,lu,DOUBLE,5,MEDIUM,1.2864933294381147,0.023961,0.030825666666666668,c
exo,standard,lu,DOUBLE,1,MEDIUM,0.9684368160350192,0.03183033333333333,0.030825666666666668,c
exo,standard,lu,DOUBLE,2,MEDIUM,0.9624899824106744,0.032027,0.030825666666666668,c
exo,standard,lu,DOUBLE,3,MEDIUM,0.964457422954581,0.031961666666666666,0.030825666666666668,c
exo,standard,lu,DOUBLE,4,MEDIUM,0.9623497580519278,0.03203166666666667,0.030825666666666668,c
exo,standard,lu,DOUBLE,5,MEDIUM,0.9624398975917409,0.032028666666666664,0.030825666666666668,c
halide,ChooseHints,lu,DOUBLE,2,MEDIUM,0.2855400519348992,0.10795566666666667,0.030825666666666668,c
halide,ChooseHints,lu,DOUBLE,4,MEDIUM,0.2605646501930067,0.11830333333333333,0.030825666666666668,c
halide,ChooseHints,lu,DOUBLE,5,MEDIUM,0.18433757514870272,0.167224,0.030825666666666668,c
halide,FromPlan,lu,DOUBLE,5,MEDIUM,0.1872659858614454,0.164609,0.030825666666666668,c
halide,standard,lu,DOUBLE,1,MEDIUM,0.17753788736882928,0.17362866666666665,0.030825666666666668,c
halide,standard,lu,DOUBLE,5,MEDIUM,0.1896458380329348,0.16254333333333335,0.030825666666666668,c
noarr,AllHints,lu,DOUBLE,1,MEDIUM,1.0981712385702411,0.02807,0.030825666666666668,c
noarr,AllHints,lu,DOUBLE,2,MEDIUM,1.0548907773912053,0.029221666666666663,0.030825666666666668,c
noarr,AllHints,lu,DOUBLE,3,MEDIUM,1.5153704978206013,0.020342,0.030825666666666668,c
noarr,AllHints,lu,DOUBLE,4,MEDIUM,1.1011264050295295,0.027994666666666668,0.030825666666666668,c
noarr,AllHints,lu,DOUBLE,5,MEDIUM,1.5153704978206013,0.020342,0.030825666666666668,c
noarr,ChooseHints,lu,DOUBLE,1,MEDIUM,1.1026494014403587,0.027955999999999998,0.030825666666666668,c
noarr,ChooseHints,lu,DOUBLE,2,MEDIUM,1.0950892275628503,0.028148999999999997,0.030825666666666668,c
noarr,ChooseHints,lu,DOUBLE,3,MEDIUM,1.0676171784807205,0.028873333333333334,0.030825666666666668,c
noarr,ChooseHints,lu,DOUBLE,5,MEDIUM,1.067518585214942,0.028876,0.030825666666666668,c
noarr,FromPlan,lu,DOUBLE,1,MEDIUM,1.690312557119357,0.018236666666666665,0.030825666666666668,c
noarr,FromPlan,lu,DOUBLE,2,MEDIUM,1.5134361089290391,0.020368,0.030825666666666668,c
noarr,FromPlan,lu,DOUBLE,3,MEDIUM,1.5157430627263937,0.020337,0.030825666666666668,c
noarr,FromPlan,lu,DOUBLE,4,MEDIUM,1.5447074348138374,0.019955666666666667,0.030825666666666668,c
noarr,FromPlan,lu,DOUBLE,5,MEDIUM,1.5180819803995602,0.020305666666666666,0.030825666666666668,c
noarr,Naive,lu,DOUBLE,1,MEDIUM,1.0979104832007598,0.028076666666666666,0.030825666666666668,c
noarr,Naive,lu,DOUBLE,2,MEDIUM,1.0612828075329654,0.029045666666666668,0.030825666666666668,c
noarr,Naive,lu,DOUBLE,3,MEDIUM,1.5131637077640514,0.020371666666666666,0.030825666666666668,c
noarr,Naive,lu,DOUBLE,4,MEDIUM,1.0617824010287498,0.029032000000000002,0.030825666666666668,c
noarr,standard,lu,DOUBLE,2,MEDIUM,1.063858914478982,0.028975333333333336,0.030825666666666668,c
noarr,standard,lu,DOUBLE,5,MEDIUM,1.0617336394948336,0.02903333333333333,0.030825666666666668,c
c,AllHints,ludcmp,DOUBLE,1,MEDIUM,1.4528520381154046,0.020149333333333335,0.029273999999999998,c
c,AllHints,ludcmp,DOUBLE,2,MEDIUM,1.4286039626508766,0.020491333333333334,0.029273999999999998,c
c,AllHints,ludcmp,DOUBLE,3,MEDIUM,1.0308835440363417,0.028397000000000002,0.029273999999999998,c
c,AllHints,ludcmp,DOUBLE,5,MEDIUM,0.9971161269812433,0.02935866666666667,0.029273999999999998,c
c,ChooseHints,ludcmp,DOUBLE,1,MEDIUM,0.894937431215098,0.032710666666666666,0.029273999999999998,c
c,ChooseHints,ludcmp,DOUBLE,2,MEDIUM,0.8245732634781139,0.035502,0.029273999999999998,c
c,ChooseHints,ludcmp,DOUBLE,3,MEDIUM,1.4062770216172937,0.020816666666666667,0.029273999999999998,c
c,ChooseHints,ludcmp,DOUBLE,4,MEDIUM,0.9019688395452257,0.03245566666666667,0.029273999999999998,c
c,ChooseHints,ludcmp,DOUBLE,5,MEDIUM,1.0572556762092793,0.027688666666666667,0.029273999999999998,c
c,FromPlan,ludcmp,DOUBLE,1,MEDIUM,1.3673049976646425,0.021410000000000002,0.029273999999999998,c
c,FromPlan,ludcmp,DOUBLE,3,MEDIUM,1.3910853449914466,0.021043999999999997,0.029273999999999998,c
c,FromPlan,ludcmp,DOUBLE,4,MEDIUM,1.3740866490385368,0.02130433333333333,0.029273999999999998,c
c,FromPlan,ludcmp,DOUBLE,5,MEDIUM,1.319480753628414,0.022186,0.029273999999999998,c
c,Naive,ludcmp,DOUBLE,2,MEDIUM,1.3612648221343873,0.021505,0.029273999999999998,c
c,Naive,ludcmp,DOUBLE,3,MEDIUM,0.9954885513489005,0.029406666666666664,0.029273999999999998,c
c,Naive,ludcmp,DOUBLE,4,MEDIUM,1.024677097553292,0.028569,0.029273999999999998,c
c,standard,ludcmp,DOUBLE,1,MEDIUM,1.0,0.029273999999999998,0.029273999999999998,c
exo,AllHints,ludcmp,DOUBLE,2,MEDIUM,0.9815365357534032,0.029824666666666666,0.029273999999999998,c
exo,AllHints,ludcmp,DOUBLE,5,MEDIUM,0.7941296150611724,0.036863,0.029273999999999998,c
exo,ChooseHints,ludcmp,DOUBLE,1,MEDIUM,0.9697230687690471,0.030188000000000003,0.029273999999999998,c
exo,ChooseHints,ludcmp,DOUBLE,3,MEDIUM,0.8067351944222448,0.036287,0.029273999999999998,c
exo,ChooseHints,ludcmp,DOUBLE,4,MEDIUM,1.296552742304569,0.022578333333333336,0.029273999999999998,c
exo,FromPlan,ludcmp,DOUBLE,3,MEDIUM,0.017203818290913428,1.701599,0.029273999999999998,c
exo,Naive,ludcmp,DOUBLE,1,MEDIUM,1.3691808799226712,0.02138066666666667,0.029273999999999998,c
exo,Naive,ludcmp,DOUBLE,2,MEDIUM,0.982458888018794,0.029796666666666666,0.029273999999999998,c
exo,Naive,ludcmp,DOUBLE,3,MEDIUM,1.1563438141886553,0.025316,0.029273999999999998,c
exo,Naive,ludcmp,DOUBLE,5,MEDIUM,0.9794457146043606,0.029888333333333333,0.029273999999999998,c
exo,standard,ludcmp,DOUBLE,1,MEDIUM,0.9881074269512482,0.029626333333333334,0.029273999999999998,c
exo,standard,ludcmp,DOUBLE,2,MEDIUM,0.98192063864757,0.029812999999999996,0.029273999999999998,c
exo,standard,ludcmp,DOUBLE,3,MEDIUM,0.9841102644554011,0.029746666666666668,0.029273999999999998,c
exo,standard,ludcmp,DOUBLE,4,MEDIUM,0.9768310994939102,0.029968333333333333,0.029273999999999998,c
exo,standard,ludcmp,DOUBLE,5,MEDIUM,0.9826677557596982,0.029790333333333335,0.029273999999999998,c
halide,AllHints,ludcmp,DOUBLE,2,MEDIUM,0.17622731240405742,0.16611499999999998,0.029273999999999998,c
halide,AllHints,ludcmp,DOUBLE,4,MEDIUM,0.26493586417443976,0.11049466666666667,0.029273999999999998,c
halide,ChooseHints,ludcmp,DOUBLE,1,MEDIUM,0.17300736771600805,0.16920666666666664,0.029273999999999998,c
halide,Naive,ludcmp,DOUBLE,3,MEDIUM,0.26585577758470896,0.11011233333333333,0.029273999999999998,c
halide,standard,ludcmp,DOUBLE,3,MEDIUM,0.1772942549248404,0.16511533333333334,0.029273999999999998,c
noarr,AllHints,ludcmp,DOUBLE,1,MEDIUM,1.0216136987576194,0.028654666666666665,0.029273999999999998,c
noarr,AllHints,ludcmp,DOUBLE,2,MEDIUM,1.0153536661502531,0.028831333333333334,0.029273999999999998,c
noarr,AllHints,ludcmp,DOUBLE,3,MEDIUM,0.9721382791485405,0.030113,0.029273999999999998,c
noarr,AllHints,ludcmp,DOUBLE,4,MEDIUM,1.0376680766594983,0.028211333333333335,0.029273999999999998,c
noarr,AllHints,ludcmp,DOUBLE,5,MEDIUM,1.0295662368112544,0.028433333333333335,0.029273999999999998,c
noarr,ChooseHints,ludcmp,DOUBLE,1,MEDIUM,0.9753231753365021,0.030014666666666665,0.029273999999999998,c
noarr,ChooseHints,ludcmp,DOUBLE,2,MEDIUM,1.0276867627785058,0.028485333333333335,0.029273999999999998,c
noarr,ChooseHints,ludcmp,DOUBLE,3,MEDIUM,1.030641583833073,0.02840366666666667,0.029273999999999998,c
noarr,ChooseHints,ludcmp,DOUBLE,4,MEDIUM,1.0305085541292154,0.028407333333333337,0.029273999999999998,c
noarr,ChooseHints,ludcmp,DOUBLE,5,MEDIUM,1.0301942567567566,0.028416,0.029273999999999998,c
noarr,FromPlan,ludcmp,DOUBLE,1,MEDIUM,1.0309803599309721,0.02839433333333333,0.029273999999999998,c
noarr,FromPlan,ludcmp,DOUBLE,2,MEDIUM,1.0312224792456817,0.02838766666666667,0.029273999999999998,c
noarr,FromPlan,ludcmp,DOUBLE,3,MEDIUM,1.0436983778002258,0.02804833333333333,0.029273999999999998,c
noarr,FromPlan,ludcmp,DOUBLE,5,MEDIUM,1.0384533522525716,0.028190000000000003,0.029273999999999998,c
noarr,Naive,ludcmp,DOUBLE,1,MEDIUM,1.034916744246338,0.028286333333333333,0.029273999999999998,c
noarr,Naive,ludcmp,DOUBLE,2,MEDIUM,1.0268576439637533,0.02850833333333333,0.029273999999999998,c
noarr,Naive,ludcmp,DOUBLE,3,MEDIUM,1.026869650624386,0.028508000000000002,0.029273999999999998,c
noarr,Naive,ludcmp,DOUBLE,4,MEDIUM,1.0288304963625075,0.028453666666666665,0.029273999999999998,c
noarr,Naive,ludcmp,DOUBLE,5,MEDIUM,1.0312588069516204,0.028386666666666668,0.029273999999999998,c
noarr,standard,ludcmp,DOUBLE,1,MEDIUM,1.0314404838804392,0.028381666666666666,0.029273999999999998,c
c,AllHints,mvt,DOUBLE,1,MEDIUM,0.48542776559072404,0.0010636666666666665,0.0005163333333333334,c
c,AllHints,mvt,DOUBLE,2,MEDIUM,2.7080419580419584,0.00019066666666666668,0.0005163333333333334,c
c,AllHints,mvt,DOUBLE,4,MEDIUM,2.689236111111111,0.000192,0.0005163333333333334,c
c,AllHints,mvt,DOUBLE,5,MEDIUM,0.423571233251299,0.0012189999999999998,0.0005163333333333334,c
c,ChooseHints,mvt,DOUBLE,1,MEDIUM,2.059840425531915,0.00025066666666666667,0.0005163333333333334,c
c,ChooseHints,mvt,DOUBLE,2,MEDIUM,2.2547307132459973,0.000229,0.0005163333333333334,c
c,ChooseHints,mvt,DOUBLE,3,MEDIUM,1.0682758620689656,0.0004833333333333333,0.0005163333333333334,c
c,ChooseHints,mvt,DOUBLE,5,MEDIUM,2.7127845884413313,0.00019033333333333334,0.0005163333333333334,c
c,FromPlan,mvt,DOUBLE,1,MEDIUM,1.822352941176471,0.0002833333333333333,0.0005163333333333334,c
c,FromPlan,mvt,DOUBLE,2,MEDIUM,2.450949367088608,0.00021066666666666665,0.0005163333333333334,c
c,FromPlan,mvt,DOUBLE,3,MEDIUM,2.2255747126436782,0.000232,0.0005163333333333334,c
c,FromPlan,mvt,DOUBLE,4,MEDIUM,2.251453488372093,0.00022933333333333334,0.0005163333333333334,c
c,FromPlan,mvt,DOUBLE,5,MEDIUM,2.228776978417266,0.00023166666666666667,0.0005163333333333334,c
c,Naive,mvt,DOUBLE,1,MEDIUM,2.2481857764876634,0.00022966666666666667,0.0005163333333333334,c
c,Naive,mvt,DOUBLE,2,MEDIUM,2.2481857764876634,0.00022966666666666667,0.0005163333333333334,c
c,Naive,mvt,DOUBLE,3,MEDIUM,2.1513888888888895,0.00023999999999999998,0.0005163333333333334,c
c,Naive,mvt,DOUBLE,4,MEDIUM,1.7443693693693696,0.000296,0.0005163333333333334,c
c,Naive,mvt,DOUBLE,5,MEDIUM,2.2034139402560453,0.00023433333333333336,0.0005163333333333334,c
c,standard,mvt,DOUBLE,1,MEDIUM,1.0,0.0005163333333333334,0.0005163333333333334,c
exo,AllHints,mvt,DOUBLE,1,MEDIUM,3.037254901960784,0.00017,0.0005163333333333334,c
exo,AllHints,mvt,DOUBLE,2,MEDIUM,2.119015047879617,0.0002436666666666667,0.0005163333333333334,c
exo,AllHints,mvt,DOUBLE,3,MEDIUM,2.462639109697933,0.00020966666666666668,0.0005163333333333334,c
exo,AllHints,mvt,DOUBLE,4,MEDIUM,2.8422018348623856,0.00018166666666666667,0.0005163333333333334,c
exo,AllHints,mvt,DOUBLE,5,MEDIUM,2.2002840909090913,0.00023466666666666666,0.0005163333333333334,c
exo,ChooseHints,mvt,DOUBLE,1,MEDIUM,1.8550898203592816,0.00027833333333333334,0.0005163333333333334,c
exo,ChooseHints,mvt,DOUBLE,2,MEDIUM,1.970737913486005,0.000262,0.0005163333333333334,c
exo,ChooseHints,mvt,DOUBLE,3,MEDIUM,2.4203125000000005,0.0002133333333333333,0.0005163333333333334,c
exo,ChooseHints,mvt,DOUBLE,4,MEDIUM,2.022193211488251,0.0002553333333333333,0.0005163333333333334,c
exo,ChooseHints,mvt,DOUBLE,5,MEDIUM,2.5310457516339873,0.000204,0.0005163333333333334,c
exo,FromPlan,mvt,DOUBLE,2,MEDIUM,1.4668560606060606,0.00035200000000000005,0.0005163333333333334,c
exo,FromPlan,mvt,DOUBLE,3,MEDIUM,0.05658860921345852,0.009124333333333333,0.0005163333333333334,c
exo,FromPlan,mvt,DOUBLE,4,MEDIUM,0.05613335749229933,0.009198333333333334,0.0005163333333333334,c
exo,Naive,mvt,DOUBLE,2,MEDIUM,2.5310457516339873,0.000204,0.0005163333333333334,c
exo,Naive,mvt,DOUBLE,3,MEDIUM,1.8982843137254903,0.000272,0.0005163333333333334,c
exo,Naive,mvt,DOUBLE,4,MEDIUM,2.212857142857143,0.00023333333333333333,0.0005163333333333334,c
exo,standard,mvt,DOUBLE,1,MEDIUM,0.9503067484662578,0.0005433333333333333,0.0005163333333333334,c
exo,standard,mvt,DOUBLE,2,MEDIUM,0.9723791588198368,0.000531,0.0005163333333333334,c
exo,standard,mvt,DOUBLE,3,MEDIUM,0.9621118012422362,0.0005366666666666666,0.0005163333333333334,c
exo,standard,mvt,DOUBLE,4,MEDIUM,0.96571072319202,0.0005346666666666667,0.0005163333333333334,c
exo,standard,mvt,DOUBLE,5,MEDIUM,0.9754408060453401,0.0005293333333333334,0.0005163333333333334,c
halide,AllHints,mvt,DOUBLE,3,MEDIUM,0.5498757543485978,0.0009390000000000001,0.0005163333333333334,c
halide,AllHints,mvt,DOUBLE,5,MEDIUM,0.0664151266989667,0.007774333333333334,0.0005163333333333334,c
halide,ChooseHints,mvt,DOUBLE,2,MEDIUM,0.09783981808994444,0.005277333333333333,0.0005163333333333334,c
halide,FromPlan,mvt,DOUBLE,5,MEDIUM,0.18812241923730874,0.0027446666666666665,0.0005163333333333334,c
halide,Naive,mvt,DOUBLE,2,MEDIUM,0.18633465656201129,0.0027710000000000005,0.0005163333333333334,c
halide,Naive,mvt,DOUBLE,3,MEDIUM,0.6330200245198202,0.0008156666666666667,0.0005163333333333334,c
halide,standard,mvt,DOUBLE,1,MEDIUM,0.8539140022050717,0.0006046666666666667,0.0005163333333333334,c
halide,standard,mvt,DOUBLE,2,MEDIUM,0.9675202998126172,0.0005336666666666667,0.0005163333333333334,c
halide,standard,mvt,DOUBLE,3,MEDIUM,0.8483023001095291,0.0006086666666666666,0.0005163333333333334,c
halide,standard,mvt,DOUBLE,4,MEDIUM,0.8648799553322167,0.000597,0.0005163333333333334,c
halide,standard,mvt,DOUBLE,5,MEDIUM,0.8473741794310723,0.0006093333333333334,0.0005163333333333334,c
noarr,AllHints,mvt,DOUBLE,1,MEDIUM,0.208929053142703,0.0024713333333333336,0.0005163333333333334,c
noarr,AllHints,mvt,DOUBLE,2,MEDIUM,2.0328083989501313,0.000254,0.0005163333333333334,c
noarr,AllHints,mvt,DOUBLE,3,MEDIUM,0.17584288795550004,0.0029363333333333338,0.0005163333333333334,c
noarr,AllHints,mvt,DOUBLE,4,MEDIUM,0.21017639077340575,0.0024566666666666665,0.0005163333333333334,c
noarr,AllHints,mvt,DOUBLE,5,MEDIUM,2.087601078167116,0.00024733333333333335,0.0005163333333333334,c
noarr,ChooseHints,mvt,DOUBLE,1,MEDIUM,1.958280657395702,0.00026366666666666666,0.0005163333333333334,c
noarr,ChooseHints,mvt,DOUBLE,2,MEDIUM,2.116120218579235,0.000244,0.0005163333333333334,c
noarr,ChooseHints,mvt,DOUBLE,3,MEDIUM,2.0064766839378243,0.0002573333333333333,0.0005163333333333334,c
noarr,ChooseHints,mvt,DOUBLE,4,MEDIUM,2.0274869109947646,0.00025466666666666666,0.0005163333333333334,c
noarr,ChooseHints,mvt,DOUBLE,5,MEDIUM,1.948427672955975,0.000265,0.0005163333333333334,c
noarr,FromPlan,mvt,DOUBLE,1,MEDIUM,1.8288075560802832,0.0002823333333333334,0.0005163333333333334,c
noarr,FromPlan,mvt,DOUBLE,2,MEDIUM,1.678223185265439,0.00030766666666666665,0.0005163333333333334,c
noarr,FromPlan,mvt,DOUBLE,3,MEDIUM,1.6855277475516868,0.0003063333333333333,0.0005163333333333334,c
noarr,FromPlan,mvt,DOUBLE,4,MEDIUM,1.8116959064327487,0.000285,0.0005163333333333334,c
noarr,FromPlan,mvt,DOUBLE,5,MEDIUM,1.8138173302107732,0.00028466666666666663,0.0005163333333333334,c
noarr,Naive,mvt,DOUBLE,1,MEDIUM,1.142330383480826,0.000452,0.0005163333333333334,c
noarr,Naive,mvt,DOUBLE,2,MEDIUM,1.0210942649967039,0.0005056666666666667,0.0005163333333333334,c
noarr,Naive,mvt,DOUBLE,3,MEDIUM,2.019556714471969,0.0002556666666666667,0.0005163333333333334,c
noarr,Naive,mvt,DOUBLE,4,MEDIUM,1.8159437280187576,0.0002843333333333333,0.0005163333333333334,c
noarr,Naive,mvt,DOUBLE,5,MEDIUM,2.0169270833333335,0.000256,0.0005163333333333334,c
noarr,standard,mvt,DOUBLE,1,MEDIUM,1.1364636830520911,0.00045433333333333334,0.0005163333333333334,c
noarr,standard,mvt,DOUBLE,2,MEDIUM,1.133138258961229,0.00045566666666666667,0.0005163333333333334,c
noarr,standard,mvt,DOUBLE,3,MEDIUM,1.1372980910425845,0.000454,0.0005163333333333334,c
noarr,standard,mvt,DOUBLE,4,MEDIUM,1.133138258961229,0.00045566666666666667,0.0005163333333333334,c
noarr,standard,mvt,DOUBLE,5,MEDIUM,1.092383638928068,0.00047266666666666665,0.0005163333333333334,c
c,AllHints,nussinov,DOUBLE,1,MEDIUM,3.826571641314754,0.015668333333333333,0.059956,c
c,AllHints,nussinov,DOUBLE,3,MEDIUM,4.155434908166801,0.014428333333333335,0.059956,c
c,AllHints,nussinov,DOUBLE,5,MEDIUM,10.332490808823529,0.005802666666666667,0.059956,c
c,ChooseHints,nussinov,DOUBLE,1,MEDIUM,10.26233810692075,0.005842333333333334,0.059956,c
c,ChooseHints,nussinov,DOUBLE,2,MEDIUM,4.208718440695416,0.014245666666666665,0.059956,c
c,ChooseHints,nussinov,DOUBLE,4,MEDIUM,4.245273667067903,0.014123000000000002,0.059956,c
c,ChooseHints,nussinov,DOUBLE,5,MEDIUM,9.367637102234259,0.006400333333333333,0.059956,c
c,FromPlan,nussinov,DOUBLE,1,MEDIUM,1.9519680510488675,0.03071566666666667,0.059956,c
c,FromPlan,nussinov,DOUBLE,3,MEDIUM,4.082527577284489,0.014686,0.059956,c
c,FromPlan,nussinov,DOUBLE,4,MEDIUM,1.7752642643531813,0.033773000000000004,0.059956,c
c,FromPlan,nussinov,DOUBLE,5,MEDIUM,1.9907693329348872,0.030117,0.059956,c
c,Naive,nussinov,DOUBLE,1,MEDIUM,2.0085762144053603,0.02985,0.059956,c
c,Naive,nussinov,DOUBLE,2,MEDIUM,1.9312610726364956,0.031045,0.059956,c
c,Naive,nussinov,DOUBLE,3,MEDIUM,1.9326929275997682,0.031021999999999997,0.059956,c
c,Naive,nussinov,DOUBLE,5,MEDIUM,1.936021354917874,0.03096866666666667,0.059956,c
c,standard,nussinov,DOUBLE,1,MEDIUM,1.0,0.059956,0.059956,c
exo,AllHints,nussinov,DOUBLE,2,MEDIUM,2.6999909934252004,0.022206,0.059956,c
exo,AllHints,nussinov,DOUBLE,3,MEDIUM,4.302341713110245,0.013935666666666666,0.059956,c
exo,AllHints,nussinov,DOUBLE,5,MEDIUM,4.745356690586745,0.012634666666666667,0.059956,c
exo,ChooseHints,nussinov,DOUBLE,1,MEDIUM,1.0318265259293253,0.05810666666666667,0.059956,c
exo,ChooseHints,nussinov,DOUBLE,2,MEDIUM,4.717106815976503,0.012710333333333332,0.059956,c
exo,ChooseHints,nussinov,DOUBLE,3,MEDIUM,2.701816051552431,0.022191,0.059956,c
exo,ChooseHints,nussinov,DOUBLE,4,MEDIUM,4.762318303370489,0.012589666666666666,0.059956,c
exo,ChooseHints,nussinov,DOUBLE,5,MEDIUM,4.714510379534494,0.012717333333333332,0.059956,c
exo,FromPlan,nussinov,DOUBLE,1,MEDIUM,4.696782953833299,0.012765333333333332,0.059956,c
exo,FromPlan,nussinov,DOUBLE,4,MEDIUM,1.0316371478388549,0.05811733333333333,0.059956,c
exo,Naive,nussinov,DOUBLE,1,MEDIUM,0.9971504917342086,0.06012733333333333,0.059956,c
exo,Naive,nussinov,DOUBLE,2,MEDIUM,0.9976814616775568,0.060095333333333334,0.059956,c
exo,standard,nussinov,DOUBLE,1,MEDIUM,0.9914343354168734,0.060474,0.059956,c
exo,standard,nussinov,DOUBLE,2,MEDIUM,0.99016267099722,0.06055166666666667,0.059956,c
exo,standard,nussinov,DOUBLE,3,MEDIUM,0.997952695617437,0.060079,0.059956,c
exo,standard,nussinov,DOUBLE,5,MEDIUM,1.0162493220032542,0.05899733333333334,0.059956,c
halide,AllHints,nussinov,DOUBLE,4,MEDIUM,1.7235834682867466,0.034785666666666666,0.059956,c
halide,ChooseHints,nussinov,DOUBLE,1,MEDIUM,0.5190770962296004,0.11550500000000001,0.059956,c
halide,ChooseHints,nussinov,DOUBLE,3,MEDIUM,0.5102508021071803,0.11750299999999998,0.059956,c
halide,standard,nussinov,DOUBLE,3,MEDIUM,0.2625361799517455,0.22837233333333332,0.059956,c
halide,standard,nussinov,DOUBLE,4,MEDIUM,0.35254133640661384,0.170068,0.059956,c
c,AllHints,seidel-2d,DOUBLE,1,MEDIUM,1.3567616507252616,0.15720766666666666,0.21329333333333333,c
c,AllHints,seidel-2d,DOUBLE,2,MEDIUM,0.9745147072709385,0.21887133333333333,0.21329333333333333,c
c,AllHints,seidel-2d,DOUBLE,3,MEDIUM,0.9745250964427732,0.218869,0.21329333333333333,c
c,AllHints,seidel-2d,DOUBLE,4,MEDIUM,0.9084842788547544,0.23477933333333334,0.21329333333333333,c
c,AllHints,seidel-2d,DOUBLE,5,MEDIUM,1.3076842903358312,0.16310766666666668,0.21329333333333333,c
c,ChooseHints,seidel-2d,DOUBLE,1,MEDIUM,1.3554826846979673,0.157356,0.21329333333333333,c
c,ChooseHints,seidel-2d,DOUBLE,2,MEDIUM,0.9745785299685792,0.218857,0.21329333333333333,c
c,ChooseHints,seidel-2d,DOUBLE,3,MEDIUM,1.867597527304143,0.11420733333333333,0.21329333333333333,c
c,ChooseHints,seidel-2d,DOUBLE,4,MEDIUM,1.0010058867055567,0.21307900000000002,0.21329333333333333,c
c,ChooseHints,seidel-2d,DOUBLE,5,MEDIUM,1.225861329082884,0.17399466666666666,0.21329333333333333,c
c,FromPlan,seidel-2d,DOUBLE,1,MEDIUM,1.8971549198894697,0.11242800000000001,0.21329333333333333,c
c,FromPlan,seidel-2d,DOUBLE,2,MEDIUM,1.8969636959782756,0.11243933333333334,0.21329333333333333,c
c,FromPlan,seidel-2d,DOUBLE,3,MEDIUM,1.8968849679247743,0.112444,0.21329333333333333,c
c,FromPlan,seidel-2d,DOUBLE,4,MEDIUM,1.8966207143894551,0.11245966666666667,0.21329333333333333,c
c,FromPlan,seidel-2d,DOUBLE,5,MEDIUM,1.896817491937014,0.11244799999999999,0.21329333333333333,c
c,Naive,seidel-2d,DOUBLE,2,MEDIUM,0.9081864231892122,0.23485633333333333,0.21329333333333333,c
c,Naive,seidel-2d,DOUBLE,3,MEDIUM,1.270952300557139,0.16782166666666667,0.21329333333333333,c
c,Naive,seidel-2d,DOUBLE,4,MEDIUM,1.1929891287122436,0.178789,0.21329333333333333,c
c,Naive,seidel-2d,DOUBLE,5,MEDIUM,0.9964882773871537,0.214045,0.21329333333333333,c
c,standard,seidel-2d,DOUBLE,1,MEDIUM,1.0,0.21329333333333333,0.21329333333333333,c
exo,AllHints,seidel-2d,DOUBLE,1,MEDIUM,1.0001391079274327,0.21326366666666666,0.21329333333333333,c
exo,ChooseHints,seidel-2d,DOUBLE,1,MEDIUM,0.882702680332731,0.24163666666666664,0.21329333333333333,c
exo,FromPlan,seidel-2d,DOUBLE,2,MEDIUM,1.1204832990412819,0.19035833333333332,0.21329333333333333,c
exo,FromPlan,seidel-2d,DOUBLE,3,MEDIUM,1.1296359065615909,0.188816,0.21329333333333333,c
exo,Naive,seidel-2d,DOUBLE,3,MEDIUM,0.8718352576347579,0.24464866666666665,0.21329333333333333,c
exo,standard,seidel-2d,DOUBLE,1,MEDIUM,1.000893151824861,0.21310300000000001,0.21329333333333333,c
exo,standard,seidel-2d,DOUBLE,2,MEDIUM,1.0003908509607116,0.21321,0.21329333333333333,c
exo,standard,seidel-2d,DOUBLE,3,MEDIUM,1.0003783389979957,0.2132126666666667,0.21329333333333333,c
exo,standard,seidel-2d,DOUBLE,4,MEDIUM,1.000587955665641,0.213168,0.21329333333333333,c
exo,standard,seidel-2d,DOUBLE,5,MEDIUM,1.0006082962856397,0.21316366666666667,0.21329333333333333,c
halide,AllHints,seidel-2d,DOUBLE,1,MEDIUM,10.379742728762148,0.020548999999999998,0.21329333333333333,c
halide,AllHints,seidel-2d,DOUBLE,2,MEDIUM,13.545013865074829,0.015747,0.21329333333333333,c
halide,ChooseHints,seidel-2d,DOUBLE,1,MEDIUM,13.234332988624613,0.016116666666666665,0.21329333333333333,c
halide,Naive,seidel-2d,DOUBLE,1,MEDIUM,14.263296330970531,0.014954,0.21329333333333333,c
halide,Naive,seidel-2d,DOUBLE,2,MEDIUM,7.734277736816023,0.027577666666666667,0.21329333333333333,c
halide,Naive,seidel-2d,DOUBLE,5,MEDIUM,13.705448937628512,0.015562666666666667,0.21329333333333333,c
halide,standard,seidel-2d,DOUBLE,1,MEDIUM,3.7771756775103746,0.056469,0.21329333333333333,c
halide,standard,seidel-2d,DOUBLE,3,MEDIUM,1.247387792021459,0.170992,0.21329333333333333,c
noarr,AllHints,seidel-2d,DOUBLE,1,MEDIUM,1.0007507037847982,0.2131333333333333,0.21329333333333333,c
noarr,AllHints,seidel-2d,DOUBLE,2,MEDIUM,1.2429657285048008,0.17160033333333335,0.21329333333333333,c
noarr,AllHints,seidel-2d,DOUBLE,3,MEDIUM,1.2636110507711447,0.16879666666666668,0.21329333333333333,c
noarr,AllHints,seidel-2d,DOUBLE,4,MEDIUM,1.3560945629483634,0.157285,0.21329333333333333,c
noarr,AllHints,seidel-2d,DOUBLE,5,MEDIUM,1.355075072531289,0.15740333333333334,0.21329333333333333,c
noarr,ChooseHints,seidel-2d,DOUBLE,1,MEDIUM,1.3552530138854766,0.15738266666666667,0.21329333333333333,c
noarr,ChooseHints,seidel-2d,DOUBLE,2,MEDIUM,1.3558503199559266,0.15731333333333333,0.21329333333333333,c
noarr,ChooseHints,seidel-2d,DOUBLE,3,MEDIUM,1.0005660513073908,0.21317266666666668,0.21329333333333333,c
noarr,ChooseHints,seidel-2d,DOUBLE,4,MEDIUM,1.0006082962856397,0.21316366666666667,0.21329333333333333,c
noarr,ChooseHints,seidel-2d,DOUBLE,5,MEDIUM,1.3559451332571886,0.15730233333333332,0.21329333333333333,c
noarr,FromPlan,seidel-2d,DOUBLE,1,MEDIUM,1.123704424362266,0.18981266666666666,0.21329333333333333,c
noarr,FromPlan,seidel-2d,DOUBLE,2,MEDIUM,1.355069333265567,0.15740400000000002,0.21329333333333333,c
noarr,FromPlan,seidel-2d,DOUBLE,3,MEDIUM,1.1404231050277138,0.18703,0.21329333333333333,c
noarr,FromPlan,seidel-2d,DOUBLE,4,MEDIUM,1.1401589394533338,0.18707333333333334,0.21329333333333333,c
noarr,Naive,seidel-2d,DOUBLE,1,MEDIUM,1.0002501094228726,0.21323999999999999,0.21329333333333333,c
noarr,Naive,seidel-2d,DOUBLE,2,MEDIUM,1.2430140195539463,0.17159366666666664,0.21329333333333333,c
noarr,Naive,seidel-2d,DOUBLE,3,MEDIUM,1.3559164005534872,0.15730566666666668,0.21329333333333333,c
noarr,Naive,seidel-2d,DOUBLE,4,MEDIUM,0.9961020199755909,0.214128,0.21329333333333333,c
noarr,Naive,seidel-2d,DOUBLE,5,MEDIUM,1.3559422599320206,0.15730266666666667,0.21329333333333333,c
noarr,standard,seidel-2d,DOUBLE,1,MEDIUM,1.0012079335573956,0.213036,0.21329333333333333,c
noarr,standard,seidel-2d,DOUBLE,2,MEDIUM,1.0007084467812588,0.21314233333333332,0.21329333333333333,c
noarr,standard,seidel-2d,DOUBLE,3,MEDIUM,1.0006552393343768,0.21315366666666669,0.21329333333333333,c
noarr,standard,seidel-2d,DOUBLE,4,MEDIUM,1.0003799029762193,0.21321233333333334,0.21329333333333333,c
noarr,standard,seidel-2d,DOUBLE,5,MEDIUM,1.0009730030754407,0.213086,0.21329333333333333,c
c,AllHints,symm,DOUBLE,1,MEDIUM,28.785310734463277,0.000354,0.01019,c
c,AllHints,symm,DOUBLE,2,MEDIUM,3.9137114325950577,0.002603666666666667,0.01019,c
c,AllHints,symm,DOUBLE,3,MEDIUM,0.6970063156934724,0.014619666666666664,0.01019,c
c,AllHints,symm,DOUBLE,4,MEDIUM,0.06385832100869826,0.15957200000000002,0.01019,c
c,AllHints,symm,DOUBLE,5,MEDIUM,2.6362538806484994,0.0038653333333333335,0.01019,c
c,ChooseHints,symm,DOUBLE,1,MEDIUM,2.7113082039911305,0.0037583333333333336,0.01019,c
c,ChooseHints,symm,DOUBLE,2,MEDIUM,2.4789166396367177,0.004110666666666666,0.01019,c
c,ChooseHints,symm,DOUBLE,3,MEDIUM,2.533355432170382,0.0040223333333333335,0.01019,c
c,ChooseHints,symm,DOUBLE,4,MEDIUM,3.0261334389229853,0.0033673333333333333,0.01019,c
c,ChooseHints,symm,DOUBLE,5,MEDIUM,0.7076388888888888,0.014400000000000001,0.01019,c
c,FromPlan,symm,DOUBLE,1,MEDIUM,3.686685962373371,0.0027640000000000004,0.01019,c
c,FromPlan,symm,DOUBLE,2,MEDIUM,4.453022578295703,0.002288333333333333,0.01019,c
c,FromPlan,symm,DOUBLE,3,MEDIUM,3.4853494470413864,0.0029236666666666664,0.01019,c
c,FromPlan,symm,DOUBLE,4,MEDIUM,4.0345783291540185,0.002525666666666667,0.01019,c
c,FromPlan,symm,DOUBLE,5,MEDIUM,2.7382658545324254,0.0037213333333333334,0.01019,c
c,Naive,symm,DOUBLE,1,MEDIUM,3.613902352523939,0.0028196666666666665,0.01019,c
c,Naive,symm,DOUBLE,2,MEDIUM,4.036176392923157,0.002524666666666667,0.01019,c
c,Naive,symm,DOUBLE,3,MEDIUM,4.038309114927344,0.0025233333333333336,0.01019,c
c,Naive,symm,DOUBLE,4,MEDIUM,0.983305992473222,0.010362999999999999,0.01019,c
c,Naive,symm,DOUBLE,5,MEDIUM,1.0163236809734366,0.010026333333333333,0.01019,c
c,standard,symm,DOUBLE,1,MEDIUM,1.0,0.01019,0.01019,c
exo,AllHints,symm,DOUBLE,2,MEDIUM,1.4708429561200922,0.006928,0.01019,c
exo,AllHints,symm,DOUBLE,5,MEDIUM,1.9302898276188671,0.005279,0.01019,c
exo,ChooseHints,symm,DOUBLE,2,MEDIUM,0.5665517624819304,0.017986,0.01019,c
exo,ChooseHints,symm,DOUBLE,3,MEDIUM,1.1406716417910447,0.008933333333333333,0.01019,c
exo,ChooseHints,symm,DOUBLE,4,MEDIUM,0.5672877078384797,0.01796266666666667,0.01019,c
exo,FromPlan,symm,DOUBLE,1,MEDIUM,0.7433976946646563,0.013707333333333334,0.01019,c
exo,FromPlan,symm,DOUBLE,4,MEDIUM,0.8131184168528566,0.012532000000000001,0.01019,c
exo,Naive,symm,DOUBLE,1,MEDIUM,0.9905064316495479,0.010287666666666667,0.01019,c
exo,Naive,symm,DOUBLE,2,MEDIUM,2.2144150670047082,0.004601666666666667,0.01019,c
exo,Naive,symm,DOUBLE,4,MEDIUM,0.9946962548400742,0.010244333333333333,0.01019,c
exo,Naive,symm,DOUBLE,5,MEDIUM,0.9584574384699797,0.010631666666666666,0.01019,c
exo,standard,symm,DOUBLE,1,MEDIUM,0.904759086066059,0.011262666666666666,0.01019,c
exo,standard,symm,DOUBLE,2,MEDIUM,0.9059656817710339,0.011247666666666668,0.01019,c
exo,standard,symm,DOUBLE,3,MEDIUM,0.8999646726330663,0.011322666666666667,0.01019,c
exo,standard,symm,DOUBLE,4,MEDIUM,0.8762074006133739,0.011629666666666665,0.01019,c
exo,standard,symm,DOUBLE,5,MEDIUM,0.8964283619729048,0.011367333333333333,0.01019,c
halide,ChooseHints,symm,DOUBLE,3,MEDIUM,2.6712687871373646,0.0038146666666666663,0.01019,c
halide,ChooseHints,symm,DOUBLE,4,MEDIUM,8.257698541329011,0.0012339999999999999,0.01019,c
halide,FromPlan,symm,DOUBLE,2,MEDIUM,13.268229166666666,0.000768,0.01019,c
halide,FromPlan,symm,DOUBLE,3,MEDIUM,13.331879633667683,0.0007643333333333333,0.01019,c
halide,Naive,symm,DOUBLE,3,MEDIUM,6.788807461692205,0.001501,0.01019,c
halide,standard,symm,DOUBLE,1,MEDIUM,0.6297639157842693,0.016180666666666666,0.01019,c
halide,standard,symm,DOUBLE,2,MEDIUM,1.4851340847260008,0.006861333333333333,0.01019,c
halide,standard,symm,DOUBLE,3,MEDIUM,0.7457370770619374,0.013664333333333334,0.01019,c
halide,standard,symm,DOUBLE,4,MEDIUM,0.6297768896396859,0.016180333333333335,0.01019,c
halide,standard,symm,DOUBLE,5,MEDIUM,1.485278398600719,0.006860666666666667,0.01019,c
noarr,AllHints,symm,DOUBLE,1,MEDIUM,4.009706190975866,0.0025413333333333334,0.01019,c
noarr,AllHints,symm,DOUBLE,2,MEDIUM,1.2408166578723057,0.008212333333333334,0.01019,c
noarr,AllHints,symm,DOUBLE,3,MEDIUM,1.1323060967479073,0.008999333333333333,0.01019,c
noarr,AllHints,symm,DOUBLE,4,MEDIUM,4.055452374635181,0.0025126666666666665,0.01019,c
noarr,AllHints,symm,DOUBLE,5,MEDIUM,3.2301352493660183,0.0031546666666666667,0.01019,c
noarr,ChooseHints,symm,DOUBLE,1,MEDIUM,3.519051456198918,0.0028956666666666666,0.01019,c
noarr,ChooseHints,symm,DOUBLE,2,MEDIUM,1.416917728852839,0.0071916666666666665,0.01019,c
noarr,ChooseHints,symm,DOUBLE,3,MEDIUM,1.4163269088213493,0.007194666666666666,0.01019,c
noarr,ChooseHints,symm,DOUBLE,5,MEDIUM,1.3969109851946626,0.007294666666666667,0.01019,c
noarr,FromPlan,symm,DOUBLE,1,MEDIUM,1.5660860655737705,0.006506666666666667,0.01019,c
noarr,FromPlan,symm,DOUBLE,2,MEDIUM,3.1073388900182963,0.0032793333333333333,0.01019,c
noarr,FromPlan,symm,DOUBLE,3,MEDIUM,3.0530310596224908,0.0033376666666666663,0.01019,c
noarr,FromPlan,symm,DOUBLE,4,MEDIUM,3.110817136460771,0.0032756666666666667,0.01019,c
noarr,FromPlan,symm,DOUBLE,5,MEDIUM,1.4585619542917123,0.006986333333333333,0.01019,c
noarr,Naive,symm,DOUBLE,2,MEDIUM,2.9696910821837963,0.003431333333333333,0.01019,c
noarr,Naive,symm,DOUBLE,3,MEDIUM,1.1688460656113786,0.008718,0.01019,c
noarr,Naive,symm,DOUBLE,4,MEDIUM,3.130247798484538,0.0032553333333333336,0.01019,c
noarr,Naive,symm,DOUBLE,5,MEDIUM,1.1982126758907221,0.008504333333333334,0.01019,c
noarr,standard,symm,DOUBLE,1,MEDIUM,1.198165712941914,0.008504666666666667,0.01019,c
noarr,standard,symm,DOUBLE,2,MEDIUM,1.1981187536743092,0.008505,0.01019,c
noarr,standard,symm,DOUBLE,3,MEDIUM,1.1284606866002211,0.009030000000000002,0.01019,c
noarr,standard,symm,DOUBLE,4,MEDIUM,1.1178148310662572,0.009115999999999999,0.01019,c
noarr,standard,symm,DOUBLE,5,MEDIUM,1.207012279385636,0.008442333333333333,0.01019,c
c,AllHints,syr2k,DOUBLE,1,MEDIUM,12.095785440613026,0.000696,0.008418666666666666,c
c,AllHints,syr2k,DOUBLE,2,MEDIUM,24.076263107721637,0.0003496666666666667,0.008418666666666666,c
c,AllHints,syr2k,DOUBLE,3,MEDIUM,21.31308016877637,0.000395,0.008418666666666666,c
c,AllHints,syr2k,DOUBLE,4,MEDIUM,23.916666666666664,0.00035200000000000005,0.008418666666666666,c
c,AllHints,syr2k,DOUBLE,5,MEDIUM,12.301997077447638,0.0006843333333333333,0.008418666666666666,c
c,ChooseHints,syr2k,DOUBLE,2,MEDIUM,23.42857142857143,0.0003593333333333333,0.008418666666666666,c
c,ChooseHints,syr2k,DOUBLE,3,MEDIUM,23.894039735099337,0.00035233333333333335,0.008418666666666666,c
c,ChooseHints,syr2k,DOUBLE,4,MEDIUM,24.401932367149758,0.000345,0.008418666666666666,c
c,ChooseHints,syr2k,DOUBLE,5,MEDIUM,21.828867761452027,0.0003856666666666667,0.008418666666666666,c
c,FromPlan,syr2k,DOUBLE,2,MEDIUM,0.9153046062407132,0.009197666666666666,0.008418666666666666,c
c,FromPlan,syr2k,DOUBLE,3,MEDIUM,1.0271677240930535,0.008196,0.008418666666666666,c
c,FromPlan,syr2k,DOUBLE,4,MEDIUM,24.449177153920616,0.00034433333333333337,0.008418666666666666,c
c,FromPlan,syr2k,DOUBLE,5,MEDIUM,0.9149398637878567,0.009201333333333334,0.008418666666666666,c
c,Naive,syr2k,DOUBLE,1,MEDIUM,1.0551470588235294,0.007978666666666667,0.008418666666666666,c
c,Naive,syr2k,DOUBLE,2,MEDIUM,0.9147410358565737,0.009203333333333332,0.008418666666666666,c
c,Naive,syr2k,DOUBLE,3,MEDIUM,0.9110782439305941,0.009240333333333333,0.008418666666666666,c
c,Naive,syr2k,DOUBLE,4,MEDIUM,1.0540901502504172,0.007986666666666668,0.008418666666666666,c
c,Naive,syr2k,DOUBLE,5,MEDIUM,0.9110782439305941,0.009240333333333333,0.008418666666666666,c
c,standard,syr2k,DOUBLE,1,MEDIUM,1.0,0.008418666666666666,0.008418666666666666,c
exo,AllHints,syr2k,DOUBLE,1,MEDIUM,20.140350877192983,0.00041799999999999997,0.008418666666666666,c
exo,AllHints,syr2k,DOUBLE,2,MEDIUM,19.746677091477718,0.0004263333333333333,0.008418666666666666,c
exo,AllHints,syr2k,DOUBLE,3,MEDIUM,11.0,0.0007653333333333333,0.008418666666666666,c
exo,AllHints,syr2k,DOUBLE,4,MEDIUM,20.667757774140753,0.00040733333333333333,0.008418666666666666,c
exo,AllHints,syr2k,DOUBLE,5,MEDIUM,15.132414619532655,0.0005563333333333333,0.008418666666666666,c
exo,ChooseHints,syr2k,DOUBLE,2,MEDIUM,24.191570881226053,0.000348,0.008418666666666666,c
exo,ChooseHints,syr2k,DOUBLE,3,MEDIUM,20.30225080385852,0.00041466666666666664,0.008418666666666666,c
exo,ChooseHints,syr2k,DOUBLE,4,MEDIUM,20.75267050123254,0.00040566666666666664,0.008418666666666666,c
exo,ChooseHints,syr2k,DOUBLE,5,MEDIUM,20.092283214001593,0.00041899999999999994,0.008418666666666666,c
exo,FromPlan,syr2k,DOUBLE,1,MEDIUM,0.4345193035579107,0.019374666666666665,0.008418666666666666,c
exo,FromPlan,syr2k,DOUBLE,2,MEDIUM,0.40077438192262527,0.021006,0.008418666666666666,c
exo,FromPlan,syr2k,DOUBLE,3,MEDIUM,0.7234810507319029,0.011636333333333334,0.008418666666666666,c
exo,FromPlan,syr2k,DOUBLE,5,MEDIUM,2.18213236564714,0.0038580000000000003,0.008418666666666666,c
exo,Naive,syr2k,DOUBLE,1,MEDIUM,0.5761343157606588,0.014612333333333333,0.008418666666666666,c
exo,Naive,syr2k,DOUBLE,2,MEDIUM,21.476190476190474,0.000392,0.008418666666666666,c
exo,Naive,syr2k,DOUBLE,3,MEDIUM,17.441988950276244,0.00048266666666666667,0.008418666666666666,c
exo,Naive,syr2k,DOUBLE,4,MEDIUM,0.5051907267017383,0.016664333333333333,0.008418666666666666,c
exo,Naive,syr2k,DOUBLE,5,MEDIUM,20.269662921348313,0.0004153333333333333,0.008418666666666666,c
exo,standard,syr2k,DOUBLE,1,MEDIUM,0.8924696985759215,0.009432999999999999,0.008418666666666666,c
exo,standard,syr2k,DOUBLE,2,MEDIUM,0.9009060426624813,0.009344666666666666,0.008418666666666666,c
exo,standard,syr2k,DOUBLE,3,MEDIUM,0.8972254787026182,0.009383,0.008418666666666666,c
exo,standard,syr2k,DOUBLE,4,MEDIUM,0.900552683187734,0.009348333333333333,0.008418666666666666,c
exo,standard,syr2k,DOUBLE,5,MEDIUM,0.8990779965113381,0.009363666666666666,0.008418666666666666,c
halide,ChooseHints,syr2k,DOUBLE,1,MEDIUM,4.463768115942029,0.0018859999999999999,0.008418666666666666,c
halide,FromPlan,syr2k,DOUBLE,1,MEDIUM,2.1999999999999997,0.003826666666666667,0.008418666666666666,c
halide,FromPlan,syr2k,DOUBLE,2,MEDIUM,1.9951022987597755,0.004219666666666667,0.008418666666666666,c
halide,Naive,syr2k,DOUBLE,2,MEDIUM,5.865304226660474,0.0014353333333333334,0.008418666666666666,c
halide,Naive,syr2k,DOUBLE,4,MEDIUM,4.846670504701592,0.001737,0.008418666666666666,c
halide,standard,syr2k,DOUBLE,2,MEDIUM,1.1755725190839694,0.007161333333333333,0.008418666666666666,c
halide,standard,syr2k,DOUBLE,3,MEDIUM,1.1799112356925952,0.007135,0.008418666666666666,c
halide,standard,syr2k,DOUBLE,4,MEDIUM,1.175189614257131,0.007163666666666666,0.008418666666666666,c
halide,standard,syr2k,DOUBLE,5,MEDIUM,1.1463846398257003,0.007343666666666666,0.008418666666666666,c
noarr,AllHints,syr2k,DOUBLE,1,MEDIUM,1.472481343283582,0.005717333333333334,0.008418666666666666,c
noarr,AllHints,syr2k,DOUBLE,2,MEDIUM,1.4785153963236153,0.005694,0.008418666666666666,c
noarr,AllHints,syr2k,DOUBLE,3,MEDIUM,1.4606442658030188,0.005763666666666667,0.008418666666666666,c
noarr,AllHints,syr2k,DOUBLE,4,MEDIUM,0.8222960213583382,0.010237999999999999,0.008418666666666666,c
noarr,AllHints,syr2k,DOUBLE,5,MEDIUM,0.8221621797584557,0.010239666666666666,0.008418666666666666,c
noarr,ChooseHints,syr2k,DOUBLE,1,MEDIUM,1.4630981346309815,0.005754,0.008418666666666666,c
noarr,ChooseHints,syr2k,DOUBLE,2,MEDIUM,0.8222692495523359,0.010238333333333334,0.008418666666666666,c
noarr,ChooseHints,syr2k,DOUBLE,3,MEDIUM,1.4035009724923588,0.005998333333333334,0.008418666666666666,c
noarr,ChooseHints,syr2k,DOUBLE,4,MEDIUM,1.3209895915058318,0.006373,0.008418666666666666,c
noarr,ChooseHints,syr2k,DOUBLE,5,MEDIUM,1.402020650605085,0.006004666666666666,0.008418666666666666,c
noarr,FromPlan,syr2k,DOUBLE,1,MEDIUM,0.801269035532995,0.010506666666666666,0.008418666666666666,c
noarr,FromPlan,syr2k,DOUBLE,2,MEDIUM,2.7888692579505303,0.0030186666666666665,0.008418666666666666,c
noarr,FromPlan,syr2k,DOUBLE,4,MEDIUM,0.9359967386873216,0.008994333333333333,0.008418666666666666,c
noarr,FromPlan,syr2k,DOUBLE,5,MEDIUM,0.8192020759000973,0.010276666666666667,0.008418666666666666,c
noarr,Naive,syr2k,DOUBLE,1,MEDIUM,0.8299704239237595,0.010143333333333332,0.008418666666666666,c
noarr,Naive,syr2k,DOUBLE,2,MEDIUM,2.75,0.003061333333333333,0.008418666666666666,c
noarr,Naive,syr2k,DOUBLE,3,MEDIUM,0.8271706022991517,0.010177666666666666,0.008418666666666666,c
noarr,Naive,syr2k,DOUBLE,4,MEDIUM,0.8231268128931328,0.010227666666666668,0.008418666666666666,c
noarr,Naive,syr2k,DOUBLE,5,MEDIUM,0.8289352763555206,0.010156,0.008418666666666666,c
noarr,standard,syr2k,DOUBLE,1,MEDIUM,0.7859832570877291,0.010711,0.008418666666666666,c
noarr,standard,syr2k,DOUBLE,2,MEDIUM,1.1504577962009748,0.007317666666666667,0.008418666666666666,c
noarr,standard,syr2k,DOUBLE,3,MEDIUM,1.1497769279796048,0.0073219999999999995,0.008418666666666666,c
noarr,standard,syr2k,DOUBLE,5,MEDIUM,1.1466969353007945,0.0073416666666666665,0.008418666666666666,c
c,AllHints,syrk,DOUBLE,1,MEDIUM,17.843170320404724,0.00019766666666666666,0.003527,c
c,AllHints,syrk,DOUBLE,2,MEDIUM,11.640264026402642,0.000303,0.003527,c
c,AllHints,syrk,DOUBLE,3,MEDIUM,12.856622114216284,0.0002743333333333333,0.003527,c
c,AllHints,syrk,DOUBLE,4,MEDIUM,10.570429570429573,0.00033366666666666663,0.003527,c
c,AllHints,syrk,DOUBLE,5,MEDIUM,18.27461139896373,0.000193,0.003527,c
c,ChooseHints,syrk,DOUBLE,1,MEDIUM,17.232899022801305,0.00020466666666666666,0.003527,c
c,ChooseHints,syrk,DOUBLE,2,MEDIUM,11.389666307857912,0.0003096666666666667,0.003527,c
c,ChooseHints,syrk,DOUBLE,3,MEDIUM,11.488599348534203,0.000307,0.003527,c
c,ChooseHints,syrk,DOUBLE,4,MEDIUM,15.887387387387388,0.000222,0.003527,c
c,ChooseHints,syrk,DOUBLE,5,MEDIUM,11.835570469798657,0.00029800000000000003,0.003527,c
c,FromPlan,syrk,DOUBLE,1,MEDIUM,1.7300523217789407,0.0020386666666666665,0.003527,c
c,FromPlan,syrk,DOUBLE,2,MEDIUM,1.650444548432382,0.002137,0.003527,c
c,FromPlan,syrk,DOUBLE,3,MEDIUM,1.5973731884057973,0.002208,0.003527,c
c,FromPlan,syrk,DOUBLE,4,MEDIUM,0.4660412262156448,0.007568000000000001,0.003527,c
c,FromPlan,syrk,DOUBLE,5,MEDIUM,0.45938436156818485,0.007677666666666666,0.003527,c
c,Naive,syrk,DOUBLE,1,MEDIUM,11.268370607028755,0.00031299999999999996,0.003527,c
c,Naive,syrk,DOUBLE,2,MEDIUM,0.39702074969044315,0.008883666666666666,0.003527,c
c,Naive,syrk,DOUBLE,3,MEDIUM,0.45978360057358886,0.007671,0.003527,c
c,Naive,syrk,DOUBLE,4,MEDIUM,0.5536022602417204,0.006370999999999999,0.003527,c
c,Naive,syrk,DOUBLE,5,MEDIUM,1.012439001052531,0.0034836666666666666,0.003527,c
c,standard,syrk,DOUBLE,1,MEDIUM,1.0,0.003527,0.003527,c
exo,AllHints,syrk,DOUBLE,1,MEDIUM,16.55868544600939,0.000213,0.003527,c
exo,AllHints,syrk,DOUBLE,2,MEDIUM,16.636792452830186,0.00021200000000000003,0.003527,c
exo,AllHints,syrk,DOUBLE,3,MEDIUM,8.560679611650485,0.00041200000000000004,0.003527,c
exo,AllHints,syrk,DOUBLE,4,MEDIUM,10.057984790874526,0.00035066666666666666,0.003527,c
exo,ChooseHints,syrk,DOUBLE,1,MEDIUM,5.341241797072185,0.0006603333333333334,0.003527,c
exo,ChooseHints,syrk,DOUBLE,2,MEDIUM,4.564710957722175,0.0007726666666666666,0.003527,c
exo,ChooseHints,syrk,DOUBLE,4,MEDIUM,16.662992125984253,0.00021166666666666664,0.003527,c
exo,ChooseHints,syrk,DOUBLE,5,MEDIUM,3.264733107065721,0.0010803333333333333,0.003527,c
exo,FromPlan,syrk,DOUBLE,2,MEDIUM,1.6522485946283574,0.0021346666666666667,0.003527,c
exo,Naive,syrk,DOUBLE,1,MEDIUM,8.164351851851851,0.00043200000000000004,0.003527,c
exo,Naive,syrk,DOUBLE,2,MEDIUM,13.444726810673444,0.00026233333333333333,0.003527,c
exo,Naive,syrk,DOUBLE,4,MEDIUM,16.253456221198157,0.000217,0.003527,c
exo,Naive,syrk,DOUBLE,5,MEDIUM,0.7729563883410038,0.004563,0.003527,c
exo,standard,syrk,DOUBLE,1,MEDIUM,0.8664428431051425,0.004070666666666667,0.003527,c
exo,standard,syrk,DOUBLE,2,MEDIUM,0.8662300450266066,0.004071666666666667,0.003527,c
exo,standard,syrk,DOUBLE,3,MEDIUM,0.8659464767984288,0.004072999999999999,0.003527,c
exo,standard,syrk,DOUBLE,4,MEDIUM,0.8666557457613236,0.004069666666666667,0.003527,c
exo,standard,syrk,DOUBLE,5,MEDIUM,0.8627690802348336,0.0040880000000000005,0.003527,c
halide,AllHints,syrk,DOUBLE,2,MEDIUM,2.331643895989423,0.0015126666666666667,0.003527,c
halide,AllHints,syrk,DOUBLE,3,MEDIUM,2.7874077976817704,0.0012653333333333334,0.003527,c
halide,AllHints,syrk,DOUBLE,4,MEDIUM,1.9964150943396228,0.0017666666666666666,0.003527,c
halide,ChooseHints,syrk,DOUBLE,1,MEDIUM,0.9283207580277242,0.0037993333333333334,0.003527,c
halide,ChooseHints,syrk,DOUBLE,3,MEDIUM,2.7830089426617572,0.0012673333333333332,0.003527,c
halide,ChooseHints,syrk,DOUBLE,4,MEDIUM,2.227110082087982,0.0015836666666666666,0.003527,c
halide,FromPlan,syrk,DOUBLE,3,MEDIUM,1.537042417199303,0.0022946666666666666,0.003527,c
halide,FromPlan,syrk,DOUBLE,5,MEDIUM,3.1434937611408205,0.001122,0.003527,c
halide,Naive,syrk,DOUBLE,1,MEDIUM,1.8214839042864521,0.0019363333333333333,0.003527,c
halide,Naive,syrk,DOUBLE,2,MEDIUM,2.8878275109170306,0.0012213333333333334,0.003527,c
halide,Naive,syrk,DOUBLE,5,MEDIUM,1.4675450762829405,0.0024033333333333333,0.003527,c
halide,standard,syrk,DOUBLE,1,MEDIUM,0.6527049534266856,0.005403666666666667,0.003527,c
halide,standard,syrk,DOUBLE,2,MEDIUM,0.6517802143649131,0.005411333333333334,0.003527,c
halide,standard,syrk,DOUBLE,3,MEDIUM,0.6527854895428465,0.005403000000000001,0.003527,c
halide,standard,syrk,DOUBLE,4,MEDIUM,0.6529466214131441,0.005401666666666667,0.003527,c
halide,standard,syrk,DOUBLE,5,MEDIUM,0.3818063724605781,0.009237666666666667,0.003527,c
noarr,AllHints,syrk,DOUBLE,1,MEDIUM,1.3878541448058763,0.0025413333333333334,0.003527,c
noarr,AllHints,syrk,DOUBLE,2,MEDIUM,0.46426220876661844,0.007597,0.003527,c
noarr,AllHints,syrk,DOUBLE,3,MEDIUM,1.3480698178111863,0.0026163333333333334,0.003527,c
noarr,AllHints,syrk,DOUBLE,4,MEDIUM,0.4746545846043424,0.007430666666666666,0.003527,c
noarr,AllHints,syrk,DOUBLE,5,MEDIUM,1.1659504132231406,0.003025,0.003527,c
noarr,ChooseHints,syrk,DOUBLE,1,MEDIUM,1.287539547335118,0.002739333333333333,0.003527,c
noarr,ChooseHints,syrk,DOUBLE,2,MEDIUM,1.3296054284996233,0.0026526666666666665,0.003527,c
noarr,ChooseHints,syrk,DOUBLE,3,MEDIUM,1.0627762153475293,0.0033186666666666664,0.003527,c
noarr,ChooseHints,syrk,DOUBLE,4,MEDIUM,0.5363714705733259,0.006575666666666667,0.003527,c
noarr,FromPlan,syrk,DOUBLE,1,MEDIUM,0.3518321473698211,0.010024666666666668,0.003527,c
noarr,FromPlan,syrk,DOUBLE,2,MEDIUM,0.4537696200360237,0.0077726666666666664,0.003527,c
noarr,FromPlan,syrk,DOUBLE,3,MEDIUM,0.4746332929619163,0.007431,0.003527,c
noarr,FromPlan,syrk,DOUBLE,5,MEDIUM,1.3353104492680463,0.0026413333333333336,0.003527,c
noarr,Naive,syrk,DOUBLE,1,MEDIUM,1.1696882600044218,0.0030153333333333334,0.003527,c
noarr,Naive,syrk,DOUBLE,2,MEDIUM,0.49548115195504566,0.007118333333333333,0.003527,c
noarr,Naive,syrk,DOUBLE,3,MEDIUM,0.5342590254986115,0.006601666666666666,0.003527,c
noarr,Naive,syrk,DOUBLE,4,MEDIUM,1.2284918146987114,0.002871,0.003527,c
noarr,Naive,syrk,DOUBLE,5,MEDIUM,1.2294910527538927,0.0028686666666666665,0.003527,c
noarr,standard,syrk,DOUBLE,1,MEDIUM,1.204302299112224,0.0029286666666666667,0.003527,c
noarr,standard,syrk,DOUBLE,2,MEDIUM,1.3299396681749622,0.0026520000000000003,0.003527,c
noarr,standard,syrk,DOUBLE,4,MEDIUM,1.2159273730176972,0.0029006666666666664,0.003527,c
noarr,standard,syrk,DOUBLE,5,MEDIUM,1.1966749604161957,0.002947333333333333,0.003527,c
c,AllHints,trisolv,DOUBLE,3,MEDIUM,0.9806763285024155,0.000138,0.00013533333333333333,c
c,AllHints,trisolv,DOUBLE,4,MEDIUM,1.0330788804071245,0.000131,0.00013533333333333333,c
c,AllHints,trisolv,DOUBLE,5,MEDIUM,1.0278481012658227,0.00013166666666666668,0.00013533333333333333,c
c,ChooseHints,trisolv,DOUBLE,1,MEDIUM,1.0099502487562189,0.000134,0.00013533333333333333,c
c,ChooseHints,trisolv,DOUBLE,3,MEDIUM,1.0357142857142858,0.00013066666666666665,0.00013533333333333333,c
c,FromPlan,trisolv,DOUBLE,1,MEDIUM,0.9552941176470587,0.00014166666666666668,0.00013533333333333333,c
c,FromPlan,trisolv,DOUBLE,2,MEDIUM,2.431137724550898,5.566666666666667e-05,0.00013533333333333333,c
c,FromPlan,trisolv,DOUBLE,3,MEDIUM,2.4907975460122698,5.433333333333334e-05,0.00013533333333333333,c
c,FromPlan,trisolv,DOUBLE,4,MEDIUM,2.3333333333333335,5.8e-05,0.00013533333333333333,c
c,FromPlan,trisolv,DOUBLE,5,MEDIUM,1.049095607235142,0.00012900000000000002,0.00013533333333333333,c
c,Naive,trisolv,DOUBLE,1,MEDIUM,1.0175438596491229,0.000133,0.00013533333333333333,c
c,Naive,trisolv,DOUBLE,2,MEDIUM,0.9712918660287082,0.00013933333333333332,0.00013533333333333333,c
c,Naive,trisolv,DOUBLE,3,MEDIUM,1.0943396226415094,0.00012366666666666667,0.00013533333333333333,c
c,Naive,trisolv,DOUBLE,4,MEDIUM,0.9689737470167066,0.00013966666666666666,0.00013533333333333333,c
c,standard,trisolv,DOUBLE,1,MEDIUM,1.0,0.00013533333333333333,0.00013533333333333333,c
exo,AllHints,trisolv,DOUBLE,1,MEDIUM,0.9783132530120483,0.00013833333333333333,0.00013533333333333333,c
exo,AllHints,trisolv,DOUBLE,2,MEDIUM,1.022670025188917,0.00013233333333333334,0.00013533333333333333,c
exo,AllHints,trisolv,DOUBLE,3,MEDIUM,1.0,0.00013533333333333333,0.00013533333333333333,c
exo,AllHints,trisolv,DOUBLE,4,MEDIUM,0.9806763285024155,0.000138,0.00013533333333333333,c
exo,AllHints,trisolv,DOUBLE,5,MEDIUM,1.0099502487562189,0.000134,0.00013533333333333333,c
exo,ChooseHints,trisolv,DOUBLE,1,MEDIUM,1.015,0.00013333333333333334,0.00013533333333333333,c
exo,ChooseHints,trisolv,DOUBLE,2,MEDIUM,1.0278481012658227,0.00013166666666666668,0.00013533333333333333,c
exo,ChooseHints,trisolv,DOUBLE,3,MEDIUM,1.0175438596491229,0.000133,0.00013533333333333333,c
exo,ChooseHints,trisolv,DOUBLE,5,MEDIUM,1.0740740740740742,0.000126,0.00013533333333333333,c
exo,FromPlan,trisolv,DOUBLE,3,MEDIUM,0.9926650366748166,0.00013633333333333333,0.00013533333333333333,c
exo,FromPlan,trisolv,DOUBLE,4,MEDIUM,1.0437017994858613,0.00012966666666666666,0.00013533333333333333,c
exo,FromPlan,trisolv,DOUBLE,5,MEDIUM,0.9975429975429976,0.00013566666666666667,0.00013533333333333333,c
exo,Naive,trisolv,DOUBLE,1,MEDIUM,1.0099502487562189,0.000134,0.00013533333333333333,c
exo,Naive,trisolv,DOUBLE,3,MEDIUM,1.0074441687344913,0.00013433333333333334,0.00013533333333333333,c
exo,Naive,trisolv,DOUBLE,4,MEDIUM,1.0124688279301746,0.00013366666666666667,0.00013533333333333333,c
exo,Naive,trisolv,DOUBLE,5,MEDIUM,0.9878345498783455,0.000137,0.00013533333333333333,c
exo,standard,trisolv,DOUBLE,1,MEDIUM,0.973621103117506,0.000139,0.00013533333333333333,c
exo,standard,trisolv,DOUBLE,2,MEDIUM,1.0572916666666667,0.000128,0.00013533333333333333,c
exo,standard,trisolv,DOUBLE,3,MEDIUM,1.030456852791878,0.00013133333333333335,0.00013533333333333333,c
exo,standard,trisolv,DOUBLE,4,MEDIUM,0.9712918660287082,0.00013933333333333332,0.00013533333333333333,c
exo,standard,trisolv,DOUBLE,5,MEDIUM,1.0150000000000001,0.0001333333333333333,0.00013533333333333333,c
halide,ChooseHints,trisolv,DOUBLE,4,MEDIUM,0.19651500484027104,0.0006886666666666667,0.00013533333333333333,c
halide,FromPlan,trisolv,DOUBLE,4,MEDIUM,0.21769436997319036,0.0006216666666666666,0.00013533333333333333,c
halide,Naive,trisolv,DOUBLE,5,MEDIUM,0.28937990021382753,0.00046766666666666663,0.00013533333333333333,c
halide,standard,trisolv,DOUBLE,2,MEDIUM,0.21357180431351921,0.0006336666666666666,0.00013533333333333333,c
halide,standard,trisolv,DOUBLE,3,MEDIUM,0.2105809128630705,0.0006426666666666667,0.00013533333333333333,c
noarr,AllHints,trisolv,DOUBLE,1,MEDIUM,1.2727272727272727,0.00010633333333333333,0.00013533333333333333,c
noarr,AllHints,trisolv,DOUBLE,2,MEDIUM,1.143661971830986,0.00011833333333333334,0.00013533333333333333,c
noarr,AllHints,trisolv,DOUBLE,3,MEDIUM,1.127777777777778,0.00011999999999999999,0.00013533333333333333,c
noarr,AllHints,trisolv,DOUBLE,4,MEDIUM,1.118457300275482,0.00012100000000000001,0.00013533333333333333,c
noarr,AllHints,trisolv,DOUBLE,5,MEDIUM,1.0884718498659518,0.00012433333333333334,0.00013533333333333333,c
noarr,ChooseHints,trisolv,DOUBLE,1,MEDIUM,1.071240105540897,0.00012633333333333333,0.00013533333333333333,c
noarr,ChooseHints,trisolv,DOUBLE,2,MEDIUM,1.1372549019607843,0.000119,0.00013533333333333333,c
noarr,ChooseHints,trisolv,DOUBLE,3,MEDIUM,1.1976401179941003,0.000113,0.00013533333333333333,c
noarr,ChooseHints,trisolv,DOUBLE,4,MEDIUM,1.15014164305949,0.00011766666666666668,0.00013533333333333333,c
noarr,ChooseHints,trisolv,DOUBLE,5,MEDIUM,1.143661971830986,0.00011833333333333334,0.00013533333333333333,c
noarr,FromPlan,trisolv,DOUBLE,1,MEDIUM,1.085561497326203,0.00012466666666666667,0.00013533333333333333,c
noarr,FromPlan,trisolv,DOUBLE,2,MEDIUM,1.15014164305949,0.00011766666666666668,0.00013533333333333333,c
noarr,FromPlan,trisolv,DOUBLE,3,MEDIUM,1.143661971830986,0.00011833333333333334,0.00013533333333333333,c
noarr,FromPlan,trisolv,DOUBLE,4,MEDIUM,1.085561497326203,0.00012466666666666667,0.00013533333333333333,c
noarr,FromPlan,trisolv,DOUBLE,5,MEDIUM,1.2047477744807122,0.00011233333333333333,0.00013533333333333333,c
noarr,Naive,trisolv,DOUBLE,1,MEDIUM,1.0463917525773196,0.00012933333333333332,0.00013533333333333333,c
noarr,Naive,trisolv,DOUBLE,2,MEDIUM,1.2727272727272727,0.00010633333333333333,0.00013533333333333333,c
noarr,Naive,trisolv,DOUBLE,3,MEDIUM,1.2047477744807122,0.00011233333333333333,0.00013533333333333333,c
noarr,Naive,trisolv,DOUBLE,4,MEDIUM,1.1468926553672316,0.00011800000000000001,0.00013533333333333333,c
noarr,Naive,trisolv,DOUBLE,5,MEDIUM,1.15014164305949,0.00011766666666666668,0.00013533333333333333,c
noarr,standard,trisolv,DOUBLE,2,MEDIUM,1.1871345029239766,0.00011399999999999999,0.00013533333333333333,c
noarr,standard,trisolv,DOUBLE,4,MEDIUM,1.183673469387755,0.00011433333333333333,0.00013533333333333333,c
noarr,standard,trisolv,DOUBLE,5,MEDIUM,1.0278481012658227,0.00013166666666666668,0.00013533333333333333,c
c,AllHints,trmm,DOUBLE,1,MEDIUM,3.091749747146366,0.002307,0.0071326666666666665,c
c,AllHints,trmm,DOUBLE,2,MEDIUM,6.668120909940791,0.0010696666666666667,0.0071326666666666665,c
c,AllHints,trmm,DOUBLE,3,MEDIUM,7.45574912891986,0.0009566666666666668,0.0071326666666666665,c
c,AllHints,trmm,DOUBLE,4,MEDIUM,4.2055817610062896,0.0016959999999999998,0.0071326666666666665,c
c,AllHints,trmm,DOUBLE,5,MEDIUM,4.212204724409449,0.0016933333333333334,0.0071326666666666665,c
c,ChooseHints,trmm,DOUBLE,1,MEDIUM,5.555036344755971,0.001284,0.0071326666666666665,c
c,ChooseHints,trmm,DOUBLE,2,MEDIUM,5.547835105003888,0.0012856666666666667,0.0071326666666666665,c
c,ChooseHints,trmm,DOUBLE,3,MEDIUM,5.526342975206611,0.0012906666666666667,0.0071326666666666665,c
c,ChooseHints,trmm,DOUBLE,4,MEDIUM,13.543037974683543,0.0005266666666666667,0.0071326666666666665,c
c,ChooseHints,trmm,DOUBLE,5,MEDIUM,5.404900227330134,0.0013196666666666667,0.0071326666666666665,c
c,FromPlan,trmm,DOUBLE,1,MEDIUM,5.1798595981602515,0.001377,0.0071326666666666665,c
c,FromPlan,trmm,DOUBLE,2,MEDIUM,4.445875753168502,0.0016043333333333333,0.0071326666666666665,c
c,FromPlan,trmm,DOUBLE,3,MEDIUM,4.944085027726432,0.0014426666666666667,0.0071326666666666665,c
c,FromPlan,trmm,DOUBLE,4,MEDIUM,5.0874940561103195,0.0014019999999999998,0.0071326666666666665,c
c,FromPlan,trmm,DOUBLE,5,MEDIUM,2.7588963383187206,0.0025853333333333336,0.0071326666666666665,c
c,Naive,trmm,DOUBLE,1,MEDIUM,5.502185651838519,0.0012963333333333334,0.0071326666666666665,c
c,Naive,trmm,DOUBLE,2,MEDIUM,5.529198966408268,0.0012900000000000001,0.0071326666666666665,c
c,Naive,trmm,DOUBLE,3,MEDIUM,3.7084922010398613,0.0019233333333333333,0.0071326666666666665,c
c,Naive,trmm,DOUBLE,4,MEDIUM,5.408998988877655,0.0013186666666666666,0.0071326666666666665,c
c,Naive,trmm,DOUBLE,5,MEDIUM,5.565149544863458,0.0012816666666666668,0.0071326666666666665,c
c,standard,trmm,DOUBLE,1,MEDIUM,1.0,0.0071326666666666665,0.0071326666666666665,c
exo,AllHints,trmm,DOUBLE,1,MEDIUM,1.2019997753061455,0.005933999999999999,0.0071326666666666665,c
exo,AllHints,trmm,DOUBLE,2,MEDIUM,1.893963533368738,0.003766,0.0071326666666666665,c
exo,AllHints,trmm,DOUBLE,3,MEDIUM,1.0659559629371325,0.006691333333333334,0.0071326666666666665,c
exo,AllHints,trmm,DOUBLE,4,MEDIUM,0.013788108513535196,0.5173056666666667,0.0071326666666666665,c
exo,ChooseHints,trmm,DOUBLE,2,MEDIUM,1.8936283185840705,0.003766666666666667,0.0071326666666666665,c
exo,ChooseHints,trmm,DOUBLE,4,MEDIUM,4.210547028728847,0.001694,0.0071326666666666665,c
exo,FromPlan,trmm,DOUBLE,1,MEDIUM,3.2663715463288048,0.0021836666666666667,0.0071326666666666665,c
exo,FromPlan,trmm,DOUBLE,4,MEDIUM,3.145377039541379,0.0022676666666666665,0.0071326666666666665,c
exo,Naive,trmm,DOUBLE,2,MEDIUM,6.082433200682206,0.0011726666666666667,0.0071326666666666665,c
exo,Naive,trmm,DOUBLE,3,MEDIUM,1.6836887245259264,0.004236333333333333,0.0071326666666666665,c
exo,Naive,trmm,DOUBLE,4,MEDIUM,0.013548157120127035,0.5264676666666667,0.0071326666666666665,c
exo,Naive,trmm,DOUBLE,5,MEDIUM,1.1642002176278563,0.0061266666666666665,0.0071326666666666665,c
exo,standard,trmm,DOUBLE,1,MEDIUM,0.902564535177999,0.007902666666666667,0.0071326666666666665,c
exo,standard,trmm,DOUBLE,2,MEDIUM,0.901006358162449,0.007916333333333333,0.0071326666666666665,c
exo,standard,trmm,DOUBLE,3,MEDIUM,0.9027168410394868,0.007901333333333335,0.0071326666666666665,c
exo,standard,trmm,DOUBLE,4,MEDIUM,0.9016137867104875,0.007911,0.0071326666666666665,c
exo,standard,trmm,DOUBLE,5,MEDIUM,0.904816271301112,0.007883000000000001,0.0071326666666666665,c
halide,AllHints,trmm,DOUBLE,2,MEDIUM,4.13647786584187,0.0017243333333333336,0.0071326666666666665,c
halide,AllHints,trmm,DOUBLE,4,MEDIUM,4.748779405237461,0.0015019999999999999,0.0071326666666666665,c
halide,standard,trmm,DOUBLE,1,MEDIUM,1.0422288247041058,0.006843666666666667,0.0071326666666666665,c
halide,standard,trmm,DOUBLE,4,MEDIUM,1.079943474311093,0.0066046666666666675,0.0071326666666666665,c
halide,standard,trmm,DOUBLE,5,MEDIUM,1.968175128771155,0.003624,0.0071326666666666665,c
noarr,AllHints,trmm,DOUBLE,1,MEDIUM,2.4031895777178796,0.002968,0.0071326666666666665,c
noarr,AllHints,trmm,DOUBLE,3,MEDIUM,4.559556786703601,0.0015643333333333334,0.0071326666666666665,c
noarr,AllHints,trmm,DOUBLE,4,MEDIUM,6.995096436744033,0.0010196666666666668,0.0071326666666666665,c
noarr,AllHints,trmm,DOUBLE,5,MEDIUM,4.565393641988479,0.0015623333333333333,0.0071326666666666665,c
noarr,ChooseHints,trmm,DOUBLE,1,MEDIUM,4.107890190055673,0.0017363333333333334,0.0071326666666666665,c
noarr,ChooseHints,trmm,DOUBLE,2,MEDIUM,1.2678793624459324,0.005625666666666667,0.0071326666666666665,c
noarr,ChooseHints,trmm,DOUBLE,3,MEDIUM,1.2884152215799614,0.005536,0.0071326666666666665,c
noarr,ChooseHints,trmm,DOUBLE,4,MEDIUM,4.665939816833842,0.0015286666666666667,0.0071326666666666665,c
noarr,ChooseHints,trmm,DOUBLE,5,MEDIUM,4.608658195132458,0.0015476666666666666,0.0071326666666666665,c
noarr,FromPlan,trmm,DOUBLE,2,MEDIUM,2.9061523835393186,0.002454333333333333,0.0071326666666666665,c
noarr,FromPlan,trmm,DOUBLE,3,MEDIUM,4.131685653601082,0.0017263333333333332,0.0071326666666666665,c
noarr,FromPlan,trmm,DOUBLE,4,MEDIUM,4.156565656565657,0.0017159999999999999,0.0071326666666666665,c
noarr,FromPlan,trmm,DOUBLE,5,MEDIUM,4.126108754338604,0.0017286666666666665,0.0071326666666666665,c
noarr,Naive,trmm,DOUBLE,1,MEDIUM,4.52293384062566,0.001577,0.0071326666666666665,c
noarr,Naive,trmm,DOUBLE,2,MEDIUM,4.561500746109572,0.0015636666666666665,0.0071326666666666665,c
noarr,Naive,trmm,DOUBLE,3,MEDIUM,1.2450832072617246,0.005728666666666667,0.0071326666666666665,c
noarr,Naive,trmm,DOUBLE,4,MEDIUM,1.2320359281437125,0.005789333333333334,0.0071326666666666665,c
noarr,Naive,trmm,DOUBLE,5,MEDIUM,4.582012847965738,0.001556666666666667,0.0071326666666666665,c
noarr,standard,trmm,DOUBLE,1,MEDIUM,4.124518118735543,0.0017293333333333334,0.0071326666666666665,c
noarr,standard,trmm,DOUBLE,2,MEDIUM,1.2309727895069893,0.0057943333333333345,0.0071326666666666665,c
noarr,standard,trmm,DOUBLE,3,MEDIUM,1.1877879544823757,0.006005,0.0071326666666666665,c
noarr,standard,trmm,DOUBLE,4,MEDIUM,1.016628658304827,0.0070160000000000005,0.0071326666666666665,c
noarr,standard,trmm,DOUBLE,5,MEDIUM,1.1623030961434004,0.006136666666666666,0.0071326666666666665,c
c,AllHints,3mm,DOUBLE,1,MINI,1.7704918032786885,2.0333333333333334e-05,3.6e-05,c
c,AllHints,3mm,DOUBLE,2,MINI,0.5,7.2e-05,3.6e-05,c
c,AllHints,3mm,DOUBLE,4,MINI,0.23841059602649006,0.000151,3.6e-05,c
c,AllHints,3mm,DOUBLE,5,MINI,0.19708029197080293,0.00018266666666666667,3.6e-05,c
c,ChooseHints,3mm,DOUBLE,1,MINI,0.375,9.6e-05,3.6e-05,c
c,ChooseHints,3mm,DOUBLE,2,MINI,0.39272727272727276,9.166666666666667e-05,3.6e-05,c
c,ChooseHints,3mm,DOUBLE,3,MINI,0.30337078651685395,0.00011866666666666666,3.6e-05,c
c,ChooseHints,3mm,DOUBLE,4,MINI,0.35526315789473684,0.00010133333333333333,3.6e-05,c
c,FromPlan,3mm,DOUBLE,1,MINI,4.5,8e-06,3.6e-05,c
c,FromPlan,3mm,DOUBLE,2,MINI,0.4444444444444444,8.1e-05,3.6e-05,c
c,FromPlan,3mm,DOUBLE,3,MINI,4.320000000000001,8.333333333333332e-06,3.6e-05,c
c,FromPlan,3mm,DOUBLE,4,MINI,4.0,9e-06,3.6e-05,c
c,FromPlan,3mm,DOUBLE,5,MINI,4.5,8e-06,3.6e-05,c
c,Naive,3mm,DOUBLE,1,MINI,5.142857142857143,7e-06,3.6e-05,c
c,Naive,3mm,DOUBLE,2,MINI,5.400000000000001,6.666666666666666e-06,3.6e-05,c
c,Naive,3mm,DOUBLE,3,MINI,4.909090909090909,7.333333333333333e-06,3.6e-05,c
c,Naive,3mm,DOUBLE,4,MINI,4.909090909090909,7.333333333333333e-06,3.6e-05,c
c,Naive,3mm,DOUBLE,5,MINI,4.5,8e-06,3.6e-05,c
c,standard,3mm,DOUBLE,1,MINI,1.0,3.6e-05,3.6e-05,c
exo,AllHints,3mm,DOUBLE,3,MINI,0.3673469387755102,9.8e-05,3.6e-05,c
exo,AllHints,3mm,DOUBLE,4,MINI,0.2634146341463415,0.00013666666666666666,3.6e-05,c
exo,ChooseHints,3mm,DOUBLE,1,MINI,0.32727272727272727,0.00011,3.6e-05,c
exo,ChooseHints,3mm,DOUBLE,2,MINI,0.3461538461538462,0.000104,3.6e-05,c
exo,ChooseHints,3mm,DOUBLE,3,MINI,0.3802816901408451,9.466666666666666e-05,3.6e-05,c
exo,ChooseHints,3mm,DOUBLE,4,MINI,0.375,9.6e-05,3.6e-05,c
exo,FromPlan,3mm,DOUBLE,3,MINI,2.9189189189189193,1.2333333333333333e-05,3.6e-05,c
exo,FromPlan,3mm,DOUBLE,4,MINI,0.3956043956043956,9.1e-05,3.6e-05,c
exo,FromPlan,3mm,DOUBLE,5,MINI,2.25,1.6e-05,3.6e-05,c
exo,Naive,3mm,DOUBLE,1,MINI,0.35064935064935066,0.00010266666666666666,3.6e-05,c
exo,Naive,3mm,DOUBLE,2,MINI,0.7297297297297298,4.933333333333333e-05,3.6e-05,c
exo,Naive,3mm,DOUBLE,3,MINI,0.18980667838312829,0.00018966666666666668,3.6e-05,c
exo,Naive,3mm,DOUBLE,4,MINI,2.7692307692307696,1.3e-05,3.6e-05,c
exo,Naive,3mm,DOUBLE,5,MINI,0.30769230769230776,0.00011699999999999998,3.6e-05,c
exo,standard,3mm,DOUBLE,1,MINI,0.9642857142857142,3.733333333333334e-05,3.6e-05,c
exo,standard,3mm,DOUBLE,2,MINI,1.0693069306930694,3.366666666666667e-05,3.6e-05,c
exo,standard,3mm,DOUBLE,3,MINI,1.0693069306930694,3.366666666666667e-05,3.6e-05,c
exo,standard,3mm,DOUBLE,4,MINI,1.08,3.3333333333333335e-05,3.6e-05,c
exo,standard,3mm,DOUBLE,5,MINI,1.08,3.3333333333333335e-05,3.6e-05,c
halide,standard,3mm,DOUBLE,1,MINI,0.13202933985330073,0.00027266666666666666,3.6e-05,c
halide,standard,3mm,DOUBLE,2,MINI,0.1323529411764706,0.000272,3.6e-05,c
halide,standard,3mm,DOUBLE,3,MINI,0.8372093023255816,4.2999999999999995e-05,3.6e-05,c
halide,standard,3mm,DOUBLE,4,MINI,0.7297297297297298,4.933333333333333e-05,3.6e-05,c
halide,standard,3mm,DOUBLE,5,MINI,0.13533834586466165,0.000266,3.6e-05,c
noarr,AllHints,3mm,DOUBLE,1,MINI,1.3170731707317074,2.7333333333333335e-05,3.6e-05,c
noarr,AllHints,3mm,DOUBLE,2,MINI,2.25,1.6e-05,3.6e-05,c
noarr,AllHints,3mm,DOUBLE,3,MINI,1.048543689320388,3.433333333333334e-05,3.6e-05,c
noarr,AllHints,3mm,DOUBLE,4,MINI,2.8421052631578947,1.2666666666666667e-05,3.6e-05,c
noarr,AllHints,3mm,DOUBLE,5,MINI,1.2,3e-05,3.6e-05,c
noarr,ChooseHints,3mm,DOUBLE,1,MINI,2.8421052631578947,1.2666666666666667e-05,3.6e-05,c
noarr,ChooseHints,3mm,DOUBLE,2,MINI,2.297872340425532,1.5666666666666667e-05,3.6e-05,c
noarr,ChooseHints,3mm,DOUBLE,3,MINI,1.3012048192771084,2.7666666666666667e-05,3.6e-05,c
noarr,ChooseHints,3mm,DOUBLE,4,MINI,1.8305084745762714,1.9666666666666666e-05,3.6e-05,c
noarr,ChooseHints,3mm,DOUBLE,5,MINI,2.25,1.6e-05,3.6e-05,c
noarr,FromPlan,3mm,DOUBLE,1,MINI,1.2413793103448276,2.9e-05,3.6e-05,c
noarr,FromPlan,3mm,DOUBLE,2,MINI,1.1368421052631579,3.1666666666666666e-05,3.6e-05,c
noarr,FromPlan,3mm,DOUBLE,3,MINI,2.297872340425532,1.5666666666666667e-05,3.6e-05,c
noarr,FromPlan,3mm,DOUBLE,4,MINI,1.1134020618556701,3.233333333333333e-05,3.6e-05,c
noarr,FromPlan,3mm,DOUBLE,5,MINI,0.38028169014084506,9.466666666666667e-05,3.6e-05,c
noarr,Naive,3mm,DOUBLE,1,MINI,2.297872340425532,1.5666666666666667e-05,3.6e-05,c
noarr,Naive,3mm,DOUBLE,2,MINI,2.8421052631578947,1.2666666666666667e-05,3.6e-05,c
noarr,Naive,3mm,DOUBLE,3,MINI,2.918918918918919,1.2333333333333334e-05,3.6e-05,c
noarr,Naive,3mm,DOUBLE,4,MINI,1.7999999999999998,2e-05,3.6e-05,c
noarr,Naive,3mm,DOUBLE,5,MINI,1.8620689655172413,1.9333333333333333e-05,3.6e-05,c
noarr,standard,3mm,DOUBLE,1,MINI,0.4251968503937008,8.466666666666666e-05,3.6e-05,c
noarr,standard,3mm,DOUBLE,2,MINI,0.5,7.2e-05,3.6e-05,c
noarr,standard,3mm,DOUBLE,3,MINI,1.6363636363636362,2.2000000000000003e-05,3.6e-05,c
noarr,standard,3mm,DOUBLE,4,MINI,1.6119402985074627,2.2333333333333335e-05,3.6e-05,c
noarr,standard,3mm,DOUBLE,5,MINI,0.38028169014084506,9.466666666666667e-05,3.6e-05,c
c,AllHints,adi,DOUBLE,1,MINI,0.11487702459508098,0.0011113333333333333,0.00012766666666666666,c
c,AllHints,adi,DOUBLE,2,MINI,0.29689922480620157,0.00043,0.00012766666666666666,c
c,AllHints,adi,DOUBLE,3,MINI,0.30445151033386325,0.00041933333333333335,0.00012766666666666666,c
c,AllHints,adi,DOUBLE,4,MINI,0.3013375295043273,0.00042366666666666665,0.00012766666666666666,c
c,AllHints,adi,DOUBLE,5,MINI,0.12648612945838836,0.0010093333333333334,0.00012766666666666666,c
c,ChooseHints,adi,DOUBLE,2,MINI,0.11916614810205353,0.0010713333333333332,0.00012766666666666666,c
c,ChooseHints,adi,DOUBLE,3,MINI,0.9745547073791347,0.000131,0.00012766666666666666,c
c,ChooseHints,adi,DOUBLE,4,MINI,0.11408996127494787,0.001119,0.00012766666666666666,c
c,ChooseHints,adi,DOUBLE,5,MINI,0.11708957505350046,0.0010903333333333333,0.00012766666666666666,c
c,FromPlan,adi,DOUBLE,1,MINI,1.3826714801444042,9.233333333333333e-05,0.00012766666666666666,c
c,FromPlan,adi,DOUBLE,2,MINI,2.2934131736526946,5.566666666666667e-05,0.00012766666666666666,c
c,FromPlan,adi,DOUBLE,3,MINI,1.2809364548494981,9.966666666666667e-05,0.00012766666666666666,c
c,FromPlan,adi,DOUBLE,4,MINI,0.4303370786516854,0.00029666666666666665,0.00012766666666666666,c
c,FromPlan,adi,DOUBLE,5,MINI,1.5078740157480315,8.466666666666666e-05,0.00012766666666666666,c
c,Naive,adi,DOUBLE,1,MINI,1.0105540897097625,0.00012633333333333333,0.00012766666666666666,c
c,Naive,adi,DOUBLE,2,MINI,0.8990610328638496,0.000142,0.00012766666666666666,c
c,Naive,adi,DOUBLE,3,MINI,1.5958333333333332,8e-05,0.00012766666666666666,c
c,Naive,adi,DOUBLE,4,MINI,0.11311281748375664,0.0011286666666666667,0.00012766666666666666,c
c,Naive,adi,DOUBLE,5,MINI,0.3183707398171238,0.00040100000000000004,0.00012766666666666666,c
c,standard,adi,DOUBLE,1,MINI,1.0,0.00012766666666666666,0.00012766666666666666,c
exo,AllHints,adi,DOUBLE,1,MINI,0.1149114911491149,0.001111,0.00012766666666666666,c
exo,AllHints,adi,DOUBLE,2,MINI,0.11314623338257015,0.0011283333333333334,0.00012766666666666666,c
exo,AllHints,adi,DOUBLE,3,MINI,0.11487702459508098,0.0011113333333333333,0.00012766666666666666,c
exo,AllHints,adi,DOUBLE,5,MINI,0.11504956443376389,0.0011096666666666666,0.00012766666666666666,c
exo,ChooseHints,adi,DOUBLE,1,MINI,0.11388641094261076,0.001121,0.00012766666666666666,c
exo,ChooseHints,adi,DOUBLE,2,MINI,0.09047956532010394,0.001411,0.00012766666666666666,c
exo,ChooseHints,adi,DOUBLE,4,MINI,0.11473936488915519,0.0011126666666666665,0.00012766666666666666,c
exo,ChooseHints,adi,DOUBLE,5,MINI,0.11599030890369473,0.0011006666666666667,0.00012766666666666666,c
exo,FromPlan,adi,DOUBLE,2,MINI,1.1432835820895522,0.00011166666666666667,0.00012766666666666666,c
exo,FromPlan,adi,DOUBLE,4,MINI,0.07624925343420266,0.0016743333333333332,0.00012766666666666666,c
exo,Naive,adi,DOUBLE,1,MINI,0.11066165848020804,0.0011536666666666666,0.00012766666666666666,c
exo,Naive,adi,DOUBLE,2,MINI,0.10719283515253288,0.001191,0.00012766666666666666,c
exo,Naive,adi,DOUBLE,4,MINI,0.11799137399876773,0.0010819999999999998,0.00012766666666666666,c
exo,standard,adi,DOUBLE,2,MINI,0.7379576107899807,0.000173,0.00012766666666666666,c
exo,standard,adi,DOUBLE,3,MINI,0.742248062015504,0.00017199999999999998,0.00012766666666666666,c
exo,standard,adi,DOUBLE,4,MINI,0.7495107632093934,0.00017033333333333332,0.00012766666666666666,c
halide,AllHints,adi,DOUBLE,1,MINI,0.000730751471996764,0.174706,0.00012766666666666666,c
halide,AllHints,adi,DOUBLE,3,MINI,0.00835624209102413,0.015278,0.00012766666666666666,c
halide,ChooseHints,adi,DOUBLE,1,MINI,0.020067064864298437,0.006362,0.00012766666666666666,c
halide,ChooseHints,adi,DOUBLE,2,MINI,0.6778761061946903,0.00018833333333333332,0.00012766666666666666,c
halide,ChooseHints,adi,DOUBLE,3,MINI,0.0004624084841694516,0.27609066666666665,0.00012766666666666666,c
halide,ChooseHints,adi,DOUBLE,4,MINI,0.9598997493734335,0.000133,0.00012766666666666666,c
halide,FromPlan,adi,DOUBLE,3,MINI,1.1784615384615384,0.00010833333333333333,0.00012766666666666666,c
halide,Naive,adi,DOUBLE,2,MINI,0.8344226579520696,0.000153,0.00012766666666666666,c
halide,Naive,adi,DOUBLE,4,MINI,0.02559647129586313,0.004987666666666666,0.00012766666666666666,c
halide,standard,adi,DOUBLE,1,MINI,0.8492239467849223,0.00015033333333333335,0.00012766666666666666,c
halide,standard,adi,DOUBLE,2,MINI,0.8511111111111112,0.00015,0.00012766666666666666,c
halide,standard,adi,DOUBLE,3,MINI,0.8684807256235828,0.000147,0.00012766666666666666,c
halide,standard,adi,DOUBLE,5,MINI,0.8684807256235828,0.000147,0.00012766666666666666,c
noarr,AllHints,adi,DOUBLE,1,MINI,0.03562459306111059,0.003583666666666667,0.00012766666666666666,c
noarr,AllHints,adi,DOUBLE,2,MINI,0.11912908242612752,0.0010716666666666667,0.00012766666666666666,c
noarr,AllHints,adi,DOUBLE,3,MINI,0.036344657430252426,0.003512666666666666,0.00012766666666666666,c
noarr,AllHints,adi,DOUBLE,4,MINI,0.03623462630085147,0.003523333333333333,0.00012766666666666666,c
noarr,AllHints,adi,DOUBLE,5,MINI,0.742248062015504,0.00017199999999999998,0.00012766666666666666,c
noarr,ChooseHints,adi,DOUBLE,1,MINI,0.03645535884256615,0.003502,0.00012766666666666666,c
noarr,ChooseHints,adi,DOUBLE,2,MINI,1.6508620689655171,7.733333333333333e-05,0.00012766666666666666,c
noarr,ChooseHints,adi,DOUBLE,3,MINI,0.036389548693586696,0.0035083333333333334,0.00012766666666666666,c
noarr,ChooseHints,adi,DOUBLE,4,MINI,0.03635845832542244,0.0035113333333333333,0.00012766666666666666,c
noarr,ChooseHints,adi,DOUBLE,5,MINI,0.0359051279647511,0.0035556666666666666,0.00012766666666666666,c
noarr,FromPlan,adi,DOUBLE,1,MINI,1.005249343832021,0.000127,0.00012766666666666666,c
noarr,FromPlan,adi,DOUBLE,2,MINI,0.03585135261630628,0.003561,0.00012766666666666666,c
noarr,FromPlan,adi,DOUBLE,3,MINI,0.03629299725196626,0.0035176666666666668,0.00012766666666666666,c
noarr,FromPlan,adi,DOUBLE,4,MINI,1.5019607843137253,8.5e-05,0.00012766666666666666,c
noarr,FromPlan,adi,DOUBLE,5,MINI,1.264026402640264,0.000101,0.00012766666666666666,c
noarr,Naive,adi,DOUBLE,1,MINI,1.1536144578313252,0.00011066666666666667,0.00012766666666666666,c
noarr,Naive,adi,DOUBLE,2,MINI,1.12316715542522,0.00011366666666666666,0.00012766666666666666,c
noarr,Naive,adi,DOUBLE,5,MINI,1.15015015015015,0.000111,0.00012766666666666666,c
noarr,standard,adi,DOUBLE,1,MINI,1.058011049723757,0.00012066666666666667,0.00012766666666666666,c
noarr,standard,adi,DOUBLE,3,MINI,1.0550964187327823,0.000121,0.00012766666666666666,c
noarr,standard,adi,DOUBLE,4,MINI,1.15015015015015,0.000111,0.00012766666666666666,c
noarr,standard,adi,DOUBLE,5,MINI,1.0159151193633953,0.00012566666666666667,0.00012766666666666666,c
c,AllHints,atax,DOUBLE,1,MINI,0.03021148036253776,0.00011033333333333334,3.333333333333333e-06,c
c,AllHints,atax,DOUBLE,2,MINI,0.11904761904761903,2.8e-05,3.333333333333333e-06,c
c,AllHints,atax,DOUBLE,3,MINI,0.5,6.666666666666666e-06,3.333333333333333e-06,c
c,AllHints,atax,DOUBLE,4,MINI,0.029850746268656712,0.00011166666666666667,3.333333333333333e-06,c
c,AllHints,atax,DOUBLE,5,MINI,0.030487804878048776,0.00010933333333333334,3.333333333333333e-06,c
c,ChooseHints,atax,DOUBLE,1,MINI,0.5263157894736842,6.333333333333333e-06,3.333333333333333e-06,c
c,ChooseHints,atax,DOUBLE,2,MINI,0.23809523809523805,1.4e-05,3.333333333333333e-06,c
c,ChooseHints,atax,DOUBLE,3,MINI,0.41666666666666663,8e-06,3.333333333333333e-06,c
c,ChooseHints,atax,DOUBLE,4,MINI,0.022371364653243842,0.00014900000000000002,3.333333333333333e-06,c
c,ChooseHints,atax,DOUBLE,5,MINI,0.02222222222222222,0.00015,3.333333333333333e-06,c
c,FromPlan,atax,DOUBLE,1,MINI,1.25,2.6666666666666664e-06,3.333333333333333e-06,c
c,FromPlan,atax,DOUBLE,3,MINI,1.6666666666666665,2e-06,3.333333333333333e-06,c
c,FromPlan,atax,DOUBLE,4,MINI,1.4285714285714286,2.333333333333333e-06,3.333333333333333e-06,c
c,FromPlan,atax,DOUBLE,5,MINI,0.41666666666666663,8e-06,3.333333333333333e-06,c
c,Naive,atax,DOUBLE,1,MINI,1.25,2.6666666666666664e-06,3.333333333333333e-06,c
c,Naive,atax,DOUBLE,2,MINI,1.25,2.6666666666666664e-06,3.333333333333333e-06,c
c,Naive,atax,DOUBLE,3,MINI,1.25,2.6666666666666664e-06,3.333333333333333e-06,c
c,Naive,atax,DOUBLE,4,MINI,1.111111111111111,3e-06,3.333333333333333e-06,c
c,standard,atax,DOUBLE,1,MINI,1.0,3.333333333333333e-06,3.333333333333333e-06,c
exo,AllHints,atax,DOUBLE,1,MINI,0.09708737864077667,3.433333333333334e-05,3.333333333333333e-06,c
exo,AllHints,atax,DOUBLE,2,MINI,0.05681818181818181,5.8666666666666665e-05,3.333333333333333e-06,c
exo,AllHints,atax,DOUBLE,4,MINI,0.101010101010101,3.3e-05,3.333333333333333e-06,c
exo,ChooseHints,atax,DOUBLE,1,MINI,0.04016064257028112,8.3e-05,3.333333333333333e-06,c
exo,ChooseHints,atax,DOUBLE,2,MINI,0.10204081632653061,3.266666666666666e-05,3.333333333333333e-06,c
exo,ChooseHints,atax,DOUBLE,3,MINI,0.3030303030303029,1.1000000000000001e-05,3.333333333333333e-06,c
exo,ChooseHints,atax,DOUBLE,4,MINI,0.05681818181818181,5.8666666666666665e-05,3.333333333333333e-06,c
exo,ChooseHints,atax,DOUBLE,5,MINI,0.769230769230769,4.333333333333334e-06,3.333333333333333e-06,c
exo,FromPlan,atax,DOUBLE,1,MINI,0.09615384615384613,3.466666666666667e-05,3.333333333333333e-06,c
exo,FromPlan,atax,DOUBLE,2,MINI,0.4,8.333333333333332e-06,3.333333333333333e-06,c
exo,FromPlan,atax,DOUBLE,4,MINI,0.6666666666666665,5e-06,3.333333333333333e-06,c
exo,Naive,atax,DOUBLE,4,MINI,0.09174311926605504,3.633333333333333e-05,3.333333333333333e-06,c
exo,standard,atax,DOUBLE,1,MINI,0.769230769230769,4.333333333333334e-06,3.333333333333333e-06,c
exo,standard,atax,DOUBLE,2,MINI,0.769230769230769,4.333333333333334e-06,3.333333333333333e-06,c
exo,standard,atax,DOUBLE,3,MINI,0.8333333333333333,4e-06,3.333333333333333e-06,c
exo,standard,atax,DOUBLE,4,MINI,0.8333333333333333,4e-06,3.333333333333333e-06,c
exo,standard,atax,DOUBLE,5,MINI,0.769230769230769,4.333333333333334e-06,3.333333333333333e-06,c
halide,Naive,atax,DOUBLE,2,MINI,0.0013653741125068265,0.0024413333333333335,3.333333333333333e-06,c
halide,standard,atax,DOUBLE,1,MINI,0.196078431372549,1.7e-05,3.333333333333333e-06,c
halide,standard,atax,DOUBLE,2,MINI,0.2439024390243902,1.3666666666666667e-05,3.333333333333333e-06,c
halide,standard,atax,DOUBLE,3,MINI,0.21276595744680848,1.5666666666666667e-05,3.333333333333333e-06,c
halide,standard,atax,DOUBLE,4,MINI,0.18518518518518515,1.8e-05,3.333333333333333e-06,c
halide,standard,atax,DOUBLE,5,MINI,0.2439024390243902,1.3666666666666667e-05,3.333333333333333e-06,c
noarr,AllHints,atax,DOUBLE,1,MINI,1.6666666666666665,2e-06,3.333333333333333e-06,c
noarr,AllHints,atax,DOUBLE,2,MINI,1.6666666666666665,2e-06,3.333333333333333e-06,c
noarr,AllHints,atax,DOUBLE,3,MINI,0.0014522218995062445,0.0022953333333333333,3.333333333333333e-06,c
noarr,AllHints,atax,DOUBLE,4,MINI,1.6666666666666665,2e-06,3.333333333333333e-06,c
noarr,AllHints,atax,DOUBLE,5,MINI,0.004833252779120348,0.0006896666666666667,3.333333333333333e-06,c
noarr,ChooseHints,atax,DOUBLE,1,MINI,1.6666666666666665,2e-06,3.333333333333333e-06,c
noarr,ChooseHints,atax,DOUBLE,2,MINI,1.6666666666666665,2e-06,3.333333333333333e-06,c
noarr,ChooseHints,atax,DOUBLE,3,MINI,0.6666666666666665,5e-06,3.333333333333333e-06,c
noarr,ChooseHints,atax,DOUBLE,4,MINI,1.6666666666666665,2e-06,3.333333333333333e-06,c
noarr,ChooseHints,atax,DOUBLE,5,MINI,1.6666666666666665,2e-06,3.333333333333333e-06,c
noarr,FromPlan,atax,DOUBLE,2,MINI,0.18518518518518515,1.8e-05,3.333333333333333e-06,c
noarr,FromPlan,atax,DOUBLE,4,MINI,0.18518518518518515,1.8e-05,3.333333333333333e-06,c
noarr,Naive,atax,DOUBLE,1,MINI,1.6666666666666665,2e-06,3.333333333333333e-06,c
noarr,Naive,atax,DOUBLE,2,MINI,1.6666666666666665,2e-06,3.333333333333333e-06,c
noarr,Naive,atax,DOUBLE,3,MINI,1.6666666666666665,2e-06,3.333333333333333e-06,c
noarr,Naive,atax,DOUBLE,4,MINI,1.6666666666666665,2e-06,3.333333333333333e-06,c
noarr,Naive,atax,DOUBLE,5,MINI,1.6666666666666665,2e-06,3.333333333333333e-06,c
noarr,standard,atax,DOUBLE,1,MINI,1.6666666666666665,2e-06,3.333333333333333e-06,c
noarr,standard,atax,DOUBLE,2,MINI,1.6666666666666665,2e-06,3.333333333333333e-06,c
noarr,standard,atax,DOUBLE,3,MINI,1.6666666666666665,2e-06,3.333333333333333e-06,c
noarr,standard,atax,DOUBLE,4,MINI,1.6666666666666665,2e-06,3.333333333333333e-06,c
noarr,standard,atax,DOUBLE,5,MINI,1.6666666666666665,2e-06,3.333333333333333e-06,c
c,AllHints,bicg,DOUBLE,1,MINI,0.05494505494505494,0.00012133333333333333,6.666666666666666e-06,c
c,AllHints,bicg,DOUBLE,3,MINI,0.06006006006006005,0.000111,6.666666666666666e-06,c
c,AllHints,bicg,DOUBLE,4,MINI,0.05665722379603398,0.00011766666666666668,6.666666666666666e-06,c
c,AllHints,bicg,DOUBLE,5,MINI,0.06329113924050633,0.00010533333333333332,6.666666666666666e-06,c
c,ChooseHints,bicg,DOUBLE,1,MINI,2.857142857142857,2.333333333333333e-06,6.666666666666666e-06,c
c,ChooseHints,bicg,DOUBLE,2,MINI,0.06309148264984227,0.00010566666666666667,6.666666666666666e-06,c
c,ChooseHints,bicg,DOUBLE,3,MINI,0.055096418732782364,0.000121,6.666666666666666e-06,c
c,ChooseHints,bicg,DOUBLE,4,MINI,2.857142857142857,2.333333333333333e-06,6.666666666666666e-06,c
c,ChooseHints,bicg,DOUBLE,5,MINI,0.06134969325153373,0.00010866666666666667,6.666666666666666e-06,c
c,FromPlan,bicg,DOUBLE,1,MINI,0.06389776357827474,0.00010433333333333334,6.666666666666666e-06,c
c,FromPlan,bicg,DOUBLE,2,MINI,4.0,1.6666666666666665e-06,6.666666666666666e-06,c
c,FromPlan,bicg,DOUBLE,3,MINI,2.857142857142857,2.333333333333333e-06,6.666666666666666e-06,c
c,FromPlan,bicg,DOUBLE,4,MINI,3.333333333333333,2e-06,6.666666666666666e-06,c
c,FromPlan,bicg,DOUBLE,5,MINI,2.857142857142857,2.333333333333333e-06,6.666666666666666e-06,c
c,Naive,bicg,DOUBLE,1,MINI,3.333333333333333,2e-06,6.666666666666666e-06,c
c,Naive,bicg,DOUBLE,2,MINI,3.333333333333333,2e-06,6.666666666666666e-06,c
c,Naive,bicg,DOUBLE,3,MINI,2.857142857142857,2.333333333333333e-06,6.666666666666666e-06,c
c,Naive,bicg,DOUBLE,4,MINI,3.333333333333333,2e-06,6.666666666666666e-06,c
c,Naive,bicg,DOUBLE,5,MINI,3.333333333333333,2e-06,6.666666666666666e-06,c
c,standard,bicg,DOUBLE,1,MINI,1.0,6.666666666666666e-06,6.666666666666666e-06,c
exo,AllHints,bicg,DOUBLE,2,MINI,0.19230769230769226,3.466666666666667e-05,6.666666666666666e-06,c
exo,AllHints,bicg,DOUBLE,3,MINI,1.0526315789473684,6.333333333333333e-06,6.666666666666666e-06,c
exo,AllHints,bicg,DOUBLE,4,MINI,0.19417475728155337,3.433333333333333e-05,6.666666666666666e-06,c
exo,AllHints,bicg,DOUBLE,5,MINI,0.196078431372549,3.4e-05,6.666666666666666e-06,c
exo,ChooseHints,bicg,DOUBLE,1,MINI,0.17543859649122803,3.8e-05,6.666666666666666e-06,c
exo,ChooseHints,bicg,DOUBLE,2,MINI,1.818181818181818,3.6666666666666666e-06,6.666666666666666e-06,c
exo,ChooseHints,bicg,DOUBLE,4,MINI,0.8333333333333333,8e-06,6.666666666666666e-06,c
exo,ChooseHints,bicg,DOUBLE,5,MINI,0.11111111111111109,6e-05,6.666666666666666e-06,c
exo,FromPlan,bicg,DOUBLE,2,MINI,0.18691588785046725,3.566666666666667e-05,6.666666666666666e-06,c
exo,Naive,bicg,DOUBLE,1,MINI,0.8695652173913042,7.666666666666667e-06,6.666666666666666e-06,c
exo,Naive,bicg,DOUBLE,2,MINI,0.8695652173913042,7.666666666666667e-06,6.666666666666666e-06,c
exo,Naive,bicg,DOUBLE,3,MINI,1.538461538461538,4.333333333333334e-06,6.666666666666666e-06,c
exo,Naive,bicg,DOUBLE,4,MINI,1.0526315789473684,6.333333333333333e-06,6.666666666666666e-06,c
exo,Naive,bicg,DOUBLE,5,MINI,1.0,6.666666666666666e-06,6.666666666666666e-06,c
exo,standard,bicg,DOUBLE,1,MINI,0.6451612903225805,1.0333333333333333e-05,6.666666666666666e-06,c
exo,standard,bicg,DOUBLE,2,MINI,0.9523809523809522,7e-06,6.666666666666666e-06,c
exo,standard,bicg,DOUBLE,3,MINI,0.7999999999999998,8.333333333333334e-06,6.666666666666666e-06,c
exo,standard,bicg,DOUBLE,4,MINI,0.9523809523809522,7e-06,6.666666666666666e-06,c
exo,standard,bicg,DOUBLE,5,MINI,0.909090909090909,7.333333333333333e-06,6.666666666666666e-06,c
halide,AllHints,bicg,DOUBLE,5,MINI,0.019860973187686193,0.0003356666666666667,6.666666666666666e-06,c
halide,FromPlan,bicg,DOUBLE,1,MINI,0.002516356316054353,0.0026493333333333334,6.666666666666666e-06,c
halide,FromPlan,bicg,DOUBLE,4,MINI,0.010632642211589579,0.000627,6.666666666666666e-06,c
halide,standard,bicg,DOUBLE,1,MINI,0.41666666666666663,1.6e-05,6.666666666666666e-06,c
halide,standard,bicg,DOUBLE,2,MINI,0.4878048780487804,1.3666666666666667e-05,6.666666666666666e-06,c
halide,standard,bicg,DOUBLE,3,MINI,0.41666666666666663,1.6e-05,6.666666666666666e-06,c
halide,standard,bicg,DOUBLE,4,MINI,0.42553191489361697,1.5666666666666667e-05,6.666666666666666e-06,c
halide,standard,bicg,DOUBLE,5,MINI,0.4347826086956521,1.5333333333333334e-05,6.666666666666666e-06,c
noarr,AllHints,bicg,DOUBLE,1,MINI,3.333333333333333,2e-06,6.666666666666666e-06,c
noarr,AllHints,bicg,DOUBLE,2,MINI,0.002948982601002654,0.0022606666666666665,6.666666666666666e-06,c
noarr,AllHints,bicg,DOUBLE,3,MINI,3.333333333333333,2e-06,6.666666666666666e-06,c
noarr,AllHints,bicg,DOUBLE,4,MINI,3.333333333333333,2e-06,6.666666666666666e-06,c
noarr,AllHints,bicg,DOUBLE,5,MINI,3.333333333333333,2e-06,6.666666666666666e-06,c
noarr,ChooseHints,bicg,DOUBLE,1,MINI,3.333333333333333,2e-06,6.666666666666666e-06,c
noarr,ChooseHints,bicg,DOUBLE,2,MINI,1.333333333333333,5e-06,6.666666666666666e-06,c
noarr,ChooseHints,bicg,DOUBLE,3,MINI,3.333333333333333,2e-06,6.666666666666666e-06,c
noarr,ChooseHints,bicg,DOUBLE,4,MINI,3.333333333333333,2e-06,6.666666666666666e-06,c
noarr,ChooseHints,bicg,DOUBLE,5,MINI,3.333333333333333,2e-06,6.666666666666666e-06,c
noarr,FromPlan,bicg,DOUBLE,2,MINI,0.9523809523809522,7e-06,6.666666666666666e-06,c
noarr,FromPlan,bicg,DOUBLE,5,MINI,0.9523809523809522,7e-06,6.666666666666666e-06,c
noarr,Naive,bicg,DOUBLE,1,MINI,3.333333333333333,2e-06,6.666666666666666e-06,c
noarr,Naive,bicg,DOUBLE,2,MINI,3.333333333333333,2e-06,6.666666666666666e-06,c
noarr,Naive,bicg,DOUBLE,3,MINI,3.333333333333333,2e-06,6.666666666666666e-06,c
noarr,Naive,bicg,DOUBLE,4,MINI,3.333333333333333,2e-06,6.666666666666666e-06,c
noarr,Naive,bicg,DOUBLE,5,MINI,3.333333333333333,2e-06,6.666666666666666e-06,c
noarr,standard,bicg,DOUBLE,1,MINI,1.333333333333333,5e-06,6.666666666666666e-06,c
noarr,standard,bicg,DOUBLE,2,MINI,1.333333333333333,5e-06,6.666666666666666e-06,c
noarr,standard,bicg,DOUBLE,3,MINI,1.333333333333333,5e-06,6.666666666666666e-06,c
noarr,standard,bicg,DOUBLE,4,MINI,1.333333333333333,5e-06,6.666666666666666e-06,c
noarr,standard,bicg,DOUBLE,5,MINI,1.333333333333333,5e-06,6.666666666666666e-06,c
c,AllHints,cholesky,DOUBLE,1,MINI,1.0,1.5333333333333334e-05,1.5333333333333334e-05,c
c,AllHints,cholesky,DOUBLE,2,MINI,1.0697674418604652,1.4333333333333334e-05,1.5333333333333334e-05,c
c,AllHints,cholesky,DOUBLE,3,MINI,0.8518518518518519,1.8e-05,1.5333333333333334e-05,c
c,AllHints,cholesky,DOUBLE,4,MINI,0.9583333333333335,1.6e-05,1.5333333333333334e-05,c
c,AllHints,cholesky,DOUBLE,5,MINI,1.0697674418604652,1.4333333333333334e-05,1.5333333333333334e-05,c
c,ChooseHints,cholesky,DOUBLE,1,MINI,1.0952380952380953,1.4e-05,1.5333333333333334e-05,c
c,ChooseHints,cholesky,DOUBLE,3,MINI,0.8846153846153846,1.7333333333333336e-05,1.5333333333333334e-05,c
c,ChooseHints,cholesky,DOUBLE,5,MINI,1.0697674418604652,1.4333333333333334e-05,1.5333333333333334e-05,c
c,FromPlan,cholesky,DOUBLE,1,MINI,1.1219512195121952,1.3666666666666667e-05,1.5333333333333334e-05,c
c,FromPlan,cholesky,DOUBLE,2,MINI,1.1219512195121952,1.3666666666666667e-05,1.5333333333333334e-05,c
c,FromPlan,cholesky,DOUBLE,3,MINI,1.0222222222222224,1.5e-05,1.5333333333333334e-05,c
c,FromPlan,cholesky,DOUBLE,4,MINI,1.0952380952380953,1.4e-05,1.5333333333333334e-05,c
c,FromPlan,cholesky,DOUBLE,5,MINI,1.277777777777778,1.2e-05,1.5333333333333334e-05,c
c,Naive,cholesky,DOUBLE,1,MINI,1.0952380952380953,1.4e-05,1.5333333333333334e-05,c
c,Naive,cholesky,DOUBLE,2,MINI,1.0454545454545456,1.4666666666666666e-05,1.5333333333333334e-05,c
c,Naive,cholesky,DOUBLE,3,MINI,1.0454545454545456,1.4666666666666666e-05,1.5333333333333334e-05,c
c,Naive,cholesky,DOUBLE,4,MINI,1.0222222222222224,1.4999999999999999e-05,1.5333333333333334e-05,c
c,Naive,cholesky,DOUBLE,5,MINI,1.0222222222222224,1.5e-05,1.5333333333333334e-05,c
c,standard,cholesky,DOUBLE,1,MINI,1.0,1.5333333333333334e-05,1.5333333333333334e-05,c
exo,AllHints,cholesky,DOUBLE,1,MINI,0.9387755102040818,1.633333333333333e-05,1.5333333333333334e-05,c
exo,AllHints,cholesky,DOUBLE,2,MINI,0.9200000000000003,1.6666666666666664e-05,1.5333333333333334e-05,c
exo,AllHints,cholesky,DOUBLE,3,MINI,0.8363636363636364,1.8333333333333333e-05,1.5333333333333334e-05,c
exo,AllHints,cholesky,DOUBLE,5,MINI,0.8518518518518519,1.8e-05,1.5333333333333334e-05,c
exo,ChooseHints,cholesky,DOUBLE,2,MINI,0.8363636363636364,1.8333333333333333e-05,1.5333333333333334e-05,c
exo,ChooseHints,cholesky,DOUBLE,3,MINI,0.9200000000000003,1.6666666666666664e-05,1.5333333333333334e-05,c
exo,ChooseHints,cholesky,DOUBLE,4,MINI,0.8518518518518519,1.8e-05,1.5333333333333334e-05,c
exo,ChooseHints,cholesky,DOUBLE,5,MINI,0.9387755102040818,1.633333333333333e-05,1.5333333333333334e-05,c
exo,FromPlan,cholesky,DOUBLE,1,MINI,0.9787234042553192,1.5666666666666667e-05,1.5333333333333334e-05,c
exo,FromPlan,cholesky,DOUBLE,2,MINI,0.9200000000000003,1.6666666666666664e-05,1.5333333333333334e-05,c
exo,FromPlan,cholesky,DOUBLE,4,MINI,0.9787234042553192,1.5666666666666667e-05,1.5333333333333334e-05,c
exo,FromPlan,cholesky,DOUBLE,5,MINI,0.9019607843137256,1.7e-05,1.5333333333333334e-05,c
exo,Naive,cholesky,DOUBLE,1,MINI,0.4946236559139785,3.1e-05,1.5333333333333334e-05,c
exo,Naive,cholesky,DOUBLE,3,MINI,1.0,1.5333333333333334e-05,1.5333333333333334e-05,c
exo,Naive,cholesky,DOUBLE,4,MINI,0.9583333333333335,1.6e-05,1.5333333333333334e-05,c
exo,Naive,cholesky,DOUBLE,5,MINI,0.29113924050632917,5.266666666666666e-05,1.5333333333333334e-05,c
exo,standard,cholesky,DOUBLE,1,MINI,0.8846153846153846,1.7333333333333336e-05,1.5333333333333334e-05,c
exo,standard,cholesky,DOUBLE,2,MINI,0.8846153846153846,1.7333333333333336e-05,1.5333333333333334e-05,c
exo,standard,cholesky,DOUBLE,3,MINI,0.9019607843137256,1.7e-05,1.5333333333333334e-05,c
exo,standard,cholesky,DOUBLE,4,MINI,0.9200000000000003,1.6666666666666664e-05,1.5333333333333334e-05,c
exo,standard,cholesky,DOUBLE,5,MINI,0.9200000000000003,1.6666666666666664e-05,1.5333333333333334e-05,c
halide,AllHints,cholesky,DOUBLE,4,MINI,0.0037997687097307124,0.0040353333333333335,1.5333333333333334e-05,c
halide,ChooseHints,cholesky,DOUBLE,2,MINI,0.20535714285714288,7.466666666666666e-05,1.5333333333333334e-05,c
halide,Naive,cholesky,DOUBLE,1,MINI,1.0,1.5333333333333334e-05,1.5333333333333334e-05,c
halide,Naive,cholesky,DOUBLE,4,MINI,1.0222222222222224,1.5e-05,1.5333333333333334e-05,c
halide,standard,cholesky,DOUBLE,1,MINI,1.2105263157894737,1.2666666666666667e-05,1.5333333333333334e-05,c
c,AllHints,correlation,DOUBLE,1,MINI,0.5259259259259259,4.5e-05,2.3666666666666668e-05,c
c,AllHints,correlation,DOUBLE,2,MINI,0.5144927536231885,4.6e-05,2.3666666666666668e-05,c
c,AllHints,correlation,DOUBLE,3,MINI,0.11396468699839488,0.00020766666666666665,2.3666666666666668e-05,c
c,AllHints,correlation,DOUBLE,4,MINI,0.05666400638467678,0.00041766666666666666,2.3666666666666668e-05,c
c,ChooseHints,correlation,DOUBLE,1,MINI,1.918918918918919,1.2333333333333333e-05,2.3666666666666668e-05,c
c,ChooseHints,correlation,DOUBLE,2,MINI,2.2187500000000004,1.0666666666666666e-05,2.3666666666666668e-05,c
c,ChooseHints,correlation,DOUBLE,3,MINI,0.6173913043478261,3.8333333333333334e-05,2.3666666666666668e-05,c
c,ChooseHints,correlation,DOUBLE,5,MINI,0.449367088607595,5.266666666666666e-05,2.3666666666666668e-05,c
c,FromPlan,correlation,DOUBLE,1,MINI,1.8205128205128207,1.3e-05,2.3666666666666668e-05,c
c,FromPlan,correlation,DOUBLE,2,MINI,1.7317073170731707,1.3666666666666667e-05,2.3666666666666668e-05,c
c,FromPlan,correlation,DOUBLE,3,MINI,1.7317073170731707,1.3666666666666667e-05,2.3666666666666668e-05,c
c,FromPlan,correlation,DOUBLE,4,MINI,1.4791666666666667,1.6e-05,2.3666666666666668e-05,c
c,FromPlan,correlation,DOUBLE,5,MINI,1.1451612903225807,2.0666666666666666e-05,2.3666666666666668e-05,c
c,Naive,correlation,DOUBLE,1,MINI,1.918918918918919,1.2333333333333333e-05,2.3666666666666668e-05,c
c,Naive,correlation,DOUBLE,2,MINI,1.868421052631579,1.2666666666666667e-05,2.3666666666666668e-05,c
c,Naive,correlation,DOUBLE,3,MINI,1.9722222222222223,1.2e-05,2.3666666666666668e-05,c
c,Naive,correlation,DOUBLE,4,MINI,1.918918918918919,1.2333333333333333e-05,2.3666666666666668e-05,c
c,Naive,correlation,DOUBLE,5,MINI,1.8205128205128207,1.3e-05,2.3666666666666668e-05,c
c,standard,correlation,DOUBLE,1,MINI,1.0,2.3666666666666668e-05,2.3666666666666668e-05,c
exo,AllHints,correlation,DOUBLE,1,MINI,0.15919282511210764,0.00014866666666666666,2.3666666666666668e-05,c
exo,AllHints,correlation,DOUBLE,2,MINI,0.10085227272727273,0.00023466666666666666,2.3666666666666668e-05,c
exo,AllHints,correlation,DOUBLE,3,MINI,0.15707964601769914,0.00015066666666666665,2.3666666666666668e-05,c
exo,AllHints,correlation,DOUBLE,4,MINI,0.14401622718052742,0.0001643333333333333,2.3666666666666668e-05,c
exo,AllHints,correlation,DOUBLE,5,MINI,0.19241192411924124,0.00012299999999999998,2.3666666666666668e-05,c
exo,ChooseHints,correlation,DOUBLE,1,MINI,0.18832891246684352,0.00012566666666666667,2.3666666666666668e-05,c
exo,ChooseHints,correlation,DOUBLE,2,MINI,0.1205432937181664,0.00019633333333333333,2.3666666666666668e-05,c
exo,ChooseHints,correlation,DOUBLE,3,MINI,0.41520467836257313,5.6999999999999996e-05,2.3666666666666668e-05,c
exo,ChooseHints,correlation,DOUBLE,4,MINI,0.4251497005988024,5.566666666666667e-05,2.3666666666666668e-05,c
exo,ChooseHints,correlation,DOUBLE,5,MINI,0.1378640776699029,0.00017166666666666667,2.3666666666666668e-05,c
exo,FromPlan,correlation,DOUBLE,2,MINI,1.3921568627450982,1.7e-05,2.3666666666666668e-05,c
exo,FromPlan,correlation,DOUBLE,3,MINI,1.5434782608695652,1.5333333333333334e-05,2.3666666666666668e-05,c
exo,FromPlan,correlation,DOUBLE,4,MINI,1.5106382978723405,1.5666666666666667e-05,2.3666666666666668e-05,c
exo,Naive,correlation,DOUBLE,2,MINI,1.3921568627450982,1.7e-05,2.3666666666666668e-05,c
exo,Naive,correlation,DOUBLE,3,MINI,0.1137820512820513,0.000208,2.3666666666666668e-05,c
exo,Naive,correlation,DOUBLE,5,MINI,0.2063953488372093,0.00011466666666666667,2.3666666666666668e-05,c
exo,standard,correlation,DOUBLE,1,MINI,0.788888888888889,3e-05,2.3666666666666668e-05,c
exo,standard,correlation,DOUBLE,2,MINI,0.7977528089887641,2.9666666666666665e-05,2.3666666666666668e-05,c
exo,standard,correlation,DOUBLE,3,MINI,0.788888888888889,3e-05,2.3666666666666668e-05,c
halide,AllHints,correlation,DOUBLE,2,MINI,0.08722358722358722,0.00027133333333333333,2.3666666666666668e-05,c
halide,standard,correlation,DOUBLE,1,MINI,0.0001325123787091801,0.17859966666666668,2.3666666666666668e-05,c
halide,standard,correlation,DOUBLE,2,MINI,0.00014437555538836008,0.16392433333333334,2.3666666666666668e-05,c
halide,standard,correlation,DOUBLE,3,MINI,0.00013163993696115695,0.17978333333333332,2.3666666666666668e-05,c
halide,standard,correlation,DOUBLE,4,MINI,0.5503875968992249,4.2999999999999995e-05,2.3666666666666668e-05,c
halide,standard,correlation,DOUBLE,5,MINI,0.0001311315544999363,0.18048033333333333,2.3666666666666668e-05,c
noarr,AllHints,correlation,DOUBLE,1,MINI,0.9861111111111112,2.4e-05,2.3666666666666668e-05,c
noarr,AllHints,correlation,DOUBLE,2,MINI,1.1093750000000002,2.133333333333333e-05,2.3666666666666668e-05,c
noarr,AllHints,correlation,DOUBLE,3,MINI,0.7553191489361702,3.1333333333333334e-05,2.3666666666666668e-05,c
noarr,AllHints,correlation,DOUBLE,4,MINI,0.8658536585365854,2.7333333333333335e-05,2.3666666666666668e-05,c
noarr,AllHints,correlation,DOUBLE,5,MINI,1.1639344262295082,2.0333333333333334e-05,2.3666666666666668e-05,c
noarr,ChooseHints,correlation,DOUBLE,1,MINI,0.9861111111111112,2.4e-05,2.3666666666666668e-05,c
noarr,ChooseHints,correlation,DOUBLE,2,MINI,1.0142857142857145,2.3333333333333332e-05,2.3666666666666668e-05,c
noarr,ChooseHints,correlation,DOUBLE,3,MINI,0.6761904761904763,3.5e-05,2.3666666666666668e-05,c
noarr,ChooseHints,correlation,DOUBLE,4,MINI,0.7717391304347826,3.066666666666667e-05,2.3666666666666668e-05,c
noarr,ChooseHints,correlation,DOUBLE,5,MINI,0.8452380952380953,2.8e-05,2.3666666666666668e-05,c
noarr,FromPlan,correlation,DOUBLE,1,MINI,1.028985507246377,2.3e-05,2.3666666666666668e-05,c
noarr,FromPlan,correlation,DOUBLE,2,MINI,0.9102564102564104,2.6e-05,2.3666666666666668e-05,c
noarr,FromPlan,correlation,DOUBLE,3,MINI,0.9594594594594594,2.466666666666667e-05,2.3666666666666668e-05,c
noarr,FromPlan,correlation,DOUBLE,4,MINI,1.0441176470588236,2.2666666666666668e-05,2.3666666666666668e-05,c
noarr,FromPlan,correlation,DOUBLE,5,MINI,1.2456140350877194,1.9e-05,2.3666666666666668e-05,c
noarr,Naive,correlation,DOUBLE,1,MINI,1.5106382978723405,1.5666666666666667e-05,2.3666666666666668e-05,c
noarr,Naive,correlation,DOUBLE,2,MINI,1.0597014925373134,2.2333333333333335e-05,2.3666666666666668e-05,c
noarr,Naive,correlation,DOUBLE,3,MINI,0.8352941176470589,2.8333333333333335e-05,2.3666666666666668e-05,c
noarr,Naive,correlation,DOUBLE,4,MINI,0.9726027397260275,2.4333333333333333e-05,2.3666666666666668e-05,c
noarr,Naive,correlation,DOUBLE,5,MINI,1.0,2.3666666666666668e-05,2.3666666666666668e-05,c
noarr,standard,correlation,DOUBLE,1,MINI,1.028985507246377,2.3e-05,2.3666666666666668e-05,c
noarr,standard,correlation,DOUBLE,2,MINI,0.8160919540229885,2.9e-05,2.3666666666666668e-05,c
noarr,standard,correlation,DOUBLE,3,MINI,0.9466666666666667,2.5e-05,2.3666666666666668e-05,c
noarr,standard,correlation,DOUBLE,4,MINI,1.1269841269841272,2.1e-05,2.3666666666666668e-05,c
noarr,standard,correlation,DOUBLE,5,MINI,0.9342105263157895,2.5333333333333334e-05,2.3666666666666668e-05,c
c,AllHints,covariance,DOUBLE,1,MINI,0.2680412371134021,0.00012933333333333332,3.466666666666667e-05,c
c,AllHints,covariance,DOUBLE,2,MINI,1.0196078431372548,3.4000000000000007e-05,3.466666666666667e-05,c
c,AllHints,covariance,DOUBLE,3,MINI,0.16377952755905514,0.00021166666666666667,3.466666666666667e-05,c
c,AllHints,covariance,DOUBLE,4,MINI,0.4482758620689656,7.733333333333333e-05,3.466666666666667e-05,c
c,AllHints,covariance,DOUBLE,5,MINI,0.21848739495798325,0.00015866666666666666,3.466666666666667e-05,c
c,ChooseHints,covariance,DOUBLE,1,MINI,2.8108108108108114,1.2333333333333333e-05,3.466666666666667e-05,c
c,ChooseHints,covariance,DOUBLE,2,MINI,0.6265060240963856,5.5333333333333334e-05,3.466666666666667e-05,c
c,ChooseHints,covariance,DOUBLE,3,MINI,2.6666666666666674,1.3e-05,3.466666666666667e-05,c
c,ChooseHints,covariance,DOUBLE,4,MINI,2.971428571428572,1.1666666666666666e-05,3.466666666666667e-05,c
c,ChooseHints,covariance,DOUBLE,5,MINI,3.1515151515151514,1.1000000000000001e-05,3.466666666666667e-05,c
c,FromPlan,covariance,DOUBLE,1,MINI,2.6666666666666674,1.3e-05,3.466666666666667e-05,c
c,FromPlan,covariance,DOUBLE,2,MINI,2.6666666666666674,1.3e-05,3.466666666666667e-05,c
c,FromPlan,covariance,DOUBLE,3,MINI,3.058823529411765,1.1333333333333334e-05,3.466666666666667e-05,c
c,FromPlan,covariance,DOUBLE,4,MINI,2.8108108108108114,1.2333333333333333e-05,3.466666666666667e-05,c
c,FromPlan,covariance,DOUBLE,5,MINI,2.6000000000000005,1.3333333333333332e-05,3.466666666666667e-05,c
c,Naive,covariance,DOUBLE,1,MINI,1.824561403508772,1.9e-05,3.466666666666667e-05,c
c,Naive,covariance,DOUBLE,2,MINI,1.3,2.666666666666667e-05,3.466666666666667e-05,c
c,Naive,covariance,DOUBLE,3,MINI,2.8888888888888893,1.2e-05,3.466666666666667e-05,c
c,Naive,covariance,DOUBLE,4,MINI,1.2380952380952384,2.8e-05,3.466666666666667e-05,c
c,Naive,covariance,DOUBLE,5,MINI,2.7368421052631584,1.2666666666666667e-05,3.466666666666667e-05,c
c,standard,covariance,DOUBLE,1,MINI,1.0,3.466666666666667e-05,3.466666666666667e-05,c
exo,AllHints,covariance,DOUBLE,1,MINI,0.3014492753623189,0.00011499999999999999,3.466666666666667e-05,c
exo,AllHints,covariance,DOUBLE,3,MINI,0.044105173876166255,0.0007859999999999999,3.466666666666667e-05,c
exo,ChooseHints,covariance,DOUBLE,1,MINI,0.7172413793103449,4.8333333333333334e-05,3.466666666666667e-05,c
exo,ChooseHints,covariance,DOUBLE,2,MINI,2.363636363636364,1.4666666666666666e-05,3.466666666666667e-05,c
exo,ChooseHints,covariance,DOUBLE,3,MINI,0.19366852886405964,0.000179,3.466666666666667e-05,c
exo,ChooseHints,covariance,DOUBLE,5,MINI,0.707482993197279,4.9e-05,3.466666666666667e-05,c
exo,FromPlan,covariance,DOUBLE,1,MINI,2.1224489795918373,1.633333333333333e-05,3.466666666666667e-05,c
exo,FromPlan,covariance,DOUBLE,3,MINI,0.9904761904761907,3.5e-05,3.466666666666667e-05,c
exo,FromPlan,covariance,DOUBLE,4,MINI,2.2127659574468086,1.5666666666666667e-05,3.466666666666667e-05,c
exo,FromPlan,covariance,DOUBLE,5,MINI,2.166666666666667,1.6e-05,3.466666666666667e-05,c
exo,Naive,covariance,DOUBLE,1,MINI,2.418604651162791,1.4333333333333334e-05,3.466666666666667e-05,c
exo,Naive,covariance,DOUBLE,2,MINI,0.5652173913043479,6.133333333333334e-05,3.466666666666667e-05,c
exo,Naive,covariance,DOUBLE,3,MINI,0.24761904761904763,0.00014000000000000001,3.466666666666667e-05,c
exo,Naive,covariance,DOUBLE,5,MINI,0.4642857142857143,7.466666666666667e-05,3.466666666666667e-05,c
exo,standard,covariance,DOUBLE,1,MINI,1.3333333333333337,2.6e-05,3.466666666666667e-05,c
exo,standard,covariance,DOUBLE,2,MINI,1.316455696202532,2.633333333333333e-05,3.466666666666667e-05,c
exo,standard,covariance,DOUBLE,3,MINI,1.2682926829268293,2.7333333333333335e-05,3.466666666666667e-05,c
exo,standard,covariance,DOUBLE,4,MINI,1.316455696202532,2.633333333333333e-05,3.466666666666667e-05,c
exo,standard,covariance,DOUBLE,5,MINI,1.3000000000000003,2.6666666666666663e-05,3.466666666666667e-05,c
halide,ChooseHints,covariance,DOUBLE,5,MINI,0.10655737704918034,0.00032533333333333334,3.466666666666667e-05,c
halide,Naive,covariance,DOUBLE,4,MINI,0.013440165417420524,0.0025793333333333332,3.466666666666667e-05,c
halide,standard,covariance,DOUBLE,2,MINI,0.6797385620915034,5.1e-05,3.466666666666667e-05,c
halide,standard,covariance,DOUBLE,4,MINI,0.005858824854937751,0.0059169999999999995,3.466666666666667e-05,c
noarr,AllHints,covariance,DOUBLE,1,MINI,1.7333333333333334,2e-05,3.466666666666667e-05,c
noarr,AllHints,covariance,DOUBLE,2,MINI,1.5757575757575757,2.2000000000000003e-05,3.466666666666667e-05,c
noarr,AllHints,covariance,DOUBLE,3,MINI,1.7333333333333334,2e-05,3.466666666666667e-05,c
noarr,AllHints,covariance,DOUBLE,4,MINI,2.6,1.3333333333333335e-05,3.466666666666667e-05,c
noarr,AllHints,covariance,DOUBLE,5,MINI,1.0612244897959187,3.266666666666666e-05,3.466666666666667e-05,c
noarr,ChooseHints,covariance,DOUBLE,1,MINI,3.5862068965517246,9.666666666666667e-06,3.466666666666667e-05,c
noarr,ChooseHints,covariance,DOUBLE,2,MINI,2.122448979591837,1.6333333333333335e-05,3.466666666666667e-05,c
noarr,ChooseHints,covariance,DOUBLE,3,MINI,1.7931034482758623,1.9333333333333333e-05,3.466666666666667e-05,c
noarr,ChooseHints,covariance,DOUBLE,4,MINI,2.5365853658536586,1.3666666666666667e-05,3.466666666666667e-05,c
noarr,ChooseHints,covariance,DOUBLE,5,MINI,2.0000000000000004,1.7333333333333332e-05,3.466666666666667e-05,c
noarr,FromPlan,covariance,DOUBLE,1,MINI,1.5757575757575757,2.2000000000000003e-05,3.466666666666667e-05,c
noarr,FromPlan,covariance,DOUBLE,2,MINI,3.466666666666667,1e-05,3.466666666666667e-05,c
noarr,FromPlan,covariance,DOUBLE,4,MINI,0.962962962962963,3.6e-05,3.466666666666667e-05,c
noarr,FromPlan,covariance,DOUBLE,5,MINI,3.851851851851852,9e-06,3.466666666666667e-05,c
noarr,Naive,covariance,DOUBLE,1,MINI,3.1515151515151514,1.1000000000000001e-05,3.466666666666667e-05,c
noarr,Naive,covariance,DOUBLE,2,MINI,1.316455696202532,2.633333333333333e-05,3.466666666666667e-05,c
noarr,Naive,covariance,DOUBLE,3,MINI,2.166666666666667,1.6e-05,3.466666666666667e-05,c
noarr,Naive,covariance,DOUBLE,4,MINI,2.971428571428572,1.1666666666666666e-05,3.466666666666667e-05,c
noarr,Naive,covariance,DOUBLE,5,MINI,4.333333333333334,8e-06,3.466666666666667e-05,c
noarr,standard,covariance,DOUBLE,1,MINI,1.5072463768115945,2.3e-05,3.466666666666667e-05,c
noarr,standard,covariance,DOUBLE,2,MINI,1.3866666666666667,2.5e-05,3.466666666666667e-05,c
noarr,standard,covariance,DOUBLE,3,MINI,1.3866666666666667,2.5e-05,3.466666666666667e-05,c
noarr,standard,covariance,DOUBLE,4,MINI,1.3866666666666667,2.5e-05,3.466666666666667e-05,c
noarr,standard,covariance,DOUBLE,5,MINI,1.4444444444444446,2.4e-05,3.466666666666667e-05,c
c,AllHints,deriche,DOUBLE,1,MINI,0.5086206896551724,0.00027066666666666667,0.00013766666666666666,c
c,AllHints,deriche,DOUBLE,2,MINI,1.0048661800486618,0.000137,0.00013766666666666666,c
c,AllHints,deriche,DOUBLE,3,MINI,0.525445292620865,0.000262,0.00013766666666666666,c
c,AllHints,deriche,DOUBLE,4,MINI,1.0299251870324189,0.00013366666666666667,0.00013766666666666666,c
c,AllHints,deriche,DOUBLE,5,MINI,0.8843683083511777,0.00015566666666666666,0.00013766666666666666,c
c,ChooseHints,deriche,DOUBLE,1,MINI,0.48417350527549824,0.0002843333333333333,0.00013766666666666666,c
c,ChooseHints,deriche,DOUBLE,2,MINI,0.4963942307692308,0.0002773333333333333,0.00013766666666666666,c
c,ChooseHints,deriche,DOUBLE,3,MINI,0.4614525139664804,0.00029833333333333334,0.00013766666666666666,c
c,ChooseHints,deriche,DOUBLE,4,MINI,0.4916666666666666,0.00028000000000000003,0.00013766666666666666,c
c,ChooseHints,deriche,DOUBLE,5,MINI,0.19610636277302942,0.000702,0.00013766666666666666,c
c,FromPlan,deriche,DOUBLE,1,MINI,1.311111111111111,0.000105,0.00013766666666666666,c
c,FromPlan,deriche,DOUBLE,2,MINI,1.2365269461077844,0.00011133333333333333,0.00013766666666666666,c
c,FromPlan,deriche,DOUBLE,3,MINI,1.2629969418960245,0.00010899999999999999,0.00013766666666666666,c
c,FromPlan,deriche,DOUBLE,4,MINI,1.311111111111111,0.000105,0.00013766666666666666,c
c,FromPlan,deriche,DOUBLE,5,MINI,1.18,0.00011666666666666667,0.00013766666666666666,c
c,Naive,deriche,DOUBLE,1,MINI,1.3194888178913737,0.00010433333333333334,0.00013766666666666666,c
c,Naive,deriche,DOUBLE,2,MINI,1.3905723905723903,9.900000000000001e-05,0.00013766666666666666,c
c,Naive,deriche,DOUBLE,3,MINI,1.061696658097686,0.00012966666666666668,0.00013766666666666666,c
c,Naive,deriche,DOUBLE,4,MINI,1.012254901960784,0.00013600000000000003,0.00013766666666666666,c
c,Naive,deriche,DOUBLE,5,MINI,1.05089058524173,0.000131,0.00013766666666666666,c
c,standard,deriche,DOUBLE,1,MINI,1.0,0.00013766666666666666,0.00013766666666666666,c
exo,AllHints,deriche,DOUBLE,1,MINI,0.06921401039048097,0.001989,0.00013766666666666666,c
exo,AllHints,deriche,DOUBLE,2,MINI,0.4017509727626459,0.0003426666666666667,0.00013766666666666666,c
exo,ChooseHints,deriche,DOUBLE,2,MINI,0.38852304797742243,0.0003543333333333333,0.00013766666666666666,c
exo,FromPlan,deriche,DOUBLE,3,MINI,0.9880382775119617,0.00013933333333333332,0.00013766666666666666,c
exo,Naive,deriche,DOUBLE,5,MINI,1.0,0.00013766666666666666,0.00013766666666666666,c
exo,standard,deriche,DOUBLE,3,MINI,0.8787234042553191,0.00015666666666666666,0.00013766666666666666,c
exo,standard,deriche,DOUBLE,4,MINI,0.8497942386831275,0.000162,0.00013766666666666666,c
exo,standard,deriche,DOUBLE,5,MINI,0.839430894308943,0.000164,0.00013766666666666666,c
halide,AllHints,deriche,DOUBLE,1,MINI,0.011592331658573554,0.011875666666666666,0.00013766666666666666,c
halide,AllHints,deriche,DOUBLE,2,MINI,0.18824065633546036,0.0007313333333333333,0.00013766666666666666,c
halide,AllHints,deriche,DOUBLE,3,MINI,0.024497301144789135,0.005619666666666666,0.00013766666666666666,c
halide,ChooseHints,deriche,DOUBLE,2,MINI,0.04609375,0.0029866666666666665,0.00013766666666666666,c
halide,ChooseHints,deriche,DOUBLE,3,MINI,0.013709543568464731,0.010041666666666666,0.00013766666666666666,c
halide,ChooseHints,deriche,DOUBLE,4,MINI,0.15393216548639582,0.0008943333333333334,0.00013766666666666666,c
halide,ChooseHints,deriche,DOUBLE,5,MINI,0.21817221341785525,0.0006309999999999999,0.00013766666666666666,c
halide,FromPlan,deriche,DOUBLE,1,MINI,0.9560185185185185,0.000144,0.00013766666666666666,c
halide,FromPlan,deriche,DOUBLE,2,MINI,0.05732926152137701,0.0024013333333333334,0.00013766666666666666,c
halide,FromPlan,deriche,DOUBLE,4,MINI,0.02779086198775318,0.004953666666666666,0.00013766666666666666,c
halide,Naive,deriche,DOUBLE,5,MINI,0.7676579925650557,0.00017933333333333332,0.00013766666666666666,c
halide,standard,deriche,DOUBLE,1,MINI,0.2838487972508591,0.000485,0.00013766666666666666,c
noarr,AllHints,deriche,DOUBLE,1,MINI,0.6324655436447167,0.00021766666666666665,0.00013766666666666666,c
noarr,AllHints,deriche,DOUBLE,2,MINI,0.5916905444126075,0.00023266666666666664,0.00013766666666666666,c
noarr,AllHints,deriche,DOUBLE,3,MINI,2.0344827586206895,6.766666666666667e-05,0.00013766666666666666,c
noarr,ChooseHints,deriche,DOUBLE,2,MINI,1.8858447488584473,7.3e-05,0.00013766666666666666,c
noarr,ChooseHints,deriche,DOUBLE,4,MINI,2.1736842105263157,6.333333333333333e-05,0.00013766666666666666,c
noarr,ChooseHints,deriche,DOUBLE,5,MINI,0.05579573088354498,0.0024673333333333335,0.00013766666666666666,c
noarr,FromPlan,deriche,DOUBLE,1,MINI,1.9299065420560746,7.133333333333334e-05,0.00013766666666666666,c
noarr,FromPlan,deriche,DOUBLE,2,MINI,0.056366862290159685,0.0024423333333333332,0.00013766666666666666,c
noarr,FromPlan,deriche,DOUBLE,3,MINI,2.3872832369942194,5.766666666666667e-05,0.00013766666666666666,c
noarr,FromPlan,deriche,DOUBLE,4,MINI,2.0048543689320386,6.866666666666668e-05,0.00013766666666666666,c
noarr,FromPlan,deriche,DOUBLE,5,MINI,2.0048543689320386,6.866666666666666e-05,0.00013766666666666666,c
noarr,Naive,deriche,DOUBLE,1,MINI,1.7066115702479336,8.066666666666667e-05,0.00013766666666666666,c
noarr,Naive,deriche,DOUBLE,3,MINI,1.9666666666666663,7.000000000000001e-05,0.00013766666666666666,c
noarr,Naive,deriche,DOUBLE,4,MINI,2.3872832369942194,5.766666666666667e-05,0.00013766666666666666,c
noarr,Naive,deriche,DOUBLE,5,MINI,3.52991452991453,3.9e-05,0.00013766666666666666,c
noarr,standard,deriche,DOUBLE,1,MINI,2.3735632183908044,5.8e-05,0.00013766666666666666,c
noarr,standard,deriche,DOUBLE,2,MINI,1.8603603603603605,7.4e-05,0.00013766666666666666,c
noarr,standard,deriche,DOUBLE,3,MINI,1.8944954128440366,7.266666666666667e-05,0.00013766666666666666,c
noarr,standard,deriche,DOUBLE,4,MINI,1.9573459715639812,7.033333333333333e-05,0.00013766666666666666,c
noarr,standard,deriche,DOUBLE,5,MINI,2.0753768844221105,6.633333333333334e-05,0.00013766666666666666,c
c,AllHints,doitgen,DOUBLE,1,MINI,0.22012578616352196,5.300000000000001e-05,1.1666666666666666e-05,c
c,AllHints,doitgen,DOUBLE,2,MINI,0.21604938271604934,5.4000000000000005e-05,1.1666666666666666e-05,c
c,AllHints,doitgen,DOUBLE,3,MINI,0.2348993288590604,4.966666666666666e-05,1.1666666666666666e-05,c
c,AllHints,doitgen,DOUBLE,4,MINI,0.2554744525547445,4.566666666666667e-05,1.1666666666666666e-05,c
c,AllHints,doitgen,DOUBLE,5,MINI,0.2229299363057325,5.233333333333333e-05,1.1666666666666666e-05,c
c,ChooseHints,doitgen,DOUBLE,1,MINI,1.6666666666666665,7e-06,1.1666666666666666e-05,c
c,ChooseHints,doitgen,DOUBLE,2,MINI,0.24647887323943662,4.733333333333333e-05,1.1666666666666666e-05,c
c,ChooseHints,doitgen,DOUBLE,3,MINI,0.3070175438596491,3.8e-05,1.1666666666666666e-05,c
c,ChooseHints,doitgen,DOUBLE,4,MINI,0.23026315789473684,5.066666666666667e-05,1.1666666666666666e-05,c
c,ChooseHints,doitgen,DOUBLE,5,MINI,0.25,4.6666666666666665e-05,1.1666666666666666e-05,c
c,FromPlan,doitgen,DOUBLE,1,MINI,1.5217391304347825,7.666666666666667e-06,1.1666666666666666e-05,c
c,FromPlan,doitgen,DOUBLE,2,MINI,1.5217391304347825,7.666666666666667e-06,1.1666666666666666e-05,c
c,FromPlan,doitgen,DOUBLE,3,MINI,1.7500000000000002,6.666666666666666e-06,1.1666666666666666e-05,c
c,FromPlan,doitgen,DOUBLE,4,MINI,1.7500000000000002,6.666666666666666e-06,1.1666666666666666e-05,c
c,FromPlan,doitgen,DOUBLE,5,MINI,1.6666666666666665,7.000000000000001e-06,1.1666666666666666e-05,c
c,Naive,doitgen,DOUBLE,1,MINI,1.5909090909090908,7.333333333333333e-06,1.1666666666666666e-05,c
c,Naive,doitgen,DOUBLE,2,MINI,1.7500000000000002,6.666666666666666e-06,1.1666666666666666e-05,c
c,Naive,doitgen,DOUBLE,3,MINI,1.6666666666666665,7e-06,1.1666666666666666e-05,c
c,Naive,doitgen,DOUBLE,4,MINI,1.5909090909090908,7.333333333333333e-06,1.1666666666666666e-05,c
c,Naive,doitgen,DOUBLE,5,MINI,1.7500000000000002,6.666666666666666e-06,1.1666666666666666e-05,c
c,standard,doitgen,DOUBLE,1,MINI,1.0,1.1666666666666666e-05,1.1666666666666666e-05,c
exo,AllHints,doitgen,DOUBLE,1,MINI,0.002872855618484774,0.0040609999999999995,1.1666666666666666e-05,c
exo,AllHints,doitgen,DOUBLE,2,MINI,0.037154989384288746,0.000314,1.1666666666666666e-05,c
exo,AllHints,doitgen,DOUBLE,3,MINI,0.21604938271604934,5.4000000000000005e-05,1.1666666666666666e-05,c
exo,AllHints,doitgen,DOUBLE,4,MINI,0.029560810810810807,0.0003946666666666667,1.1666666666666666e-05,c
exo,AllHints,doitgen,DOUBLE,5,MINI,0.037037037037037035,0.000315,1.1666666666666666e-05,c
exo,ChooseHints,doitgen,DOUBLE,1,MINI,0.03164556962025317,0.00036866666666666667,1.1666666666666666e-05,c
exo,ChooseHints,doitgen,DOUBLE,2,MINI,0.03465346534653465,0.0003366666666666667,1.1666666666666666e-05,c
exo,ChooseHints,doitgen,DOUBLE,3,MINI,0.029535864978902954,0.000395,1.1666666666666666e-05,c
exo,ChooseHints,doitgen,DOUBLE,4,MINI,1.5217391304347825,7.666666666666667e-06,1.1666666666666666e-05,c
exo,FromPlan,doitgen,DOUBLE,2,MINI,1.4583333333333333,8e-06,1.1666666666666666e-05,c
exo,FromPlan,doitgen,DOUBLE,4,MINI,1.5909090909090908,7.333333333333333e-06,1.1666666666666666e-05,c
exo,FromPlan,doitgen,DOUBLE,5,MINI,1.5909090909090908,7.333333333333333e-06,1.1666666666666666e-05,c
exo,Naive,doitgen,DOUBLE,2,MINI,0.7954545454545454,1.4666666666666666e-05,1.1666666666666666e-05,c
exo,Naive,doitgen,DOUBLE,3,MINI,0.7291666666666666,1.6e-05,1.1666666666666666e-05,c
exo,Naive,doitgen,DOUBLE,4,MINI,0.267175572519084,4.366666666666666e-05,1.1666666666666666e-05,c
exo,Naive,doitgen,DOUBLE,5,MINI,1.3461538461538458,8.666666666666668e-06,1.1666666666666666e-05,c
exo,standard,doitgen,DOUBLE,1,MINI,0.7000000000000001,1.6666666666666664e-05,1.1666666666666666e-05,c
exo,standard,doitgen,DOUBLE,2,MINI,0.546875,2.133333333333333e-05,1.1666666666666666e-05,c
exo,standard,doitgen,DOUBLE,3,MINI,0.6730769230769229,1.7333333333333336e-05,1.1666666666666666e-05,c
exo,standard,doitgen,DOUBLE,4,MINI,0.660377358490566,1.7666666666666668e-05,1.1666666666666666e-05,c
exo,standard,doitgen,DOUBLE,5,MINI,0.5932203389830508,1.9666666666666666e-05,1.1666666666666666e-05,c
halide,standard,doitgen,DOUBLE,3,MINI,0.3888888888888889,2.9999999999999997e-05,1.1666666666666666e-05,c
halide,standard,doitgen,DOUBLE,4,MINI,0.4929577464788732,2.3666666666666668e-05,1.1666666666666666e-05,c
halide,standard,doitgen,DOUBLE,5,MINI,0.4861111111111111,2.4e-05,1.1666666666666666e-05,c
noarr,AllHints,doitgen,DOUBLE,1,MINI,2.333333333333333,5e-06,1.1666666666666666e-05,c
noarr,AllHints,doitgen,DOUBLE,2,MINI,2.333333333333333,5e-06,1.1666666666666666e-05,c
noarr,AllHints,doitgen,DOUBLE,3,MINI,2.9166666666666665,4e-06,1.1666666666666666e-05,c
noarr,AllHints,doitgen,DOUBLE,4,MINI,2.333333333333333,5e-06,1.1666666666666666e-05,c
noarr,AllHints,doitgen,DOUBLE,5,MINI,2.333333333333333,5e-06,1.1666666666666666e-05,c
noarr,ChooseHints,doitgen,DOUBLE,1,MINI,2.4999999999999996,4.666666666666667e-06,1.1666666666666666e-05,c
noarr,ChooseHints,doitgen,DOUBLE,2,MINI,2.333333333333333,5e-06,1.1666666666666666e-05,c
noarr,ChooseHints,doitgen,DOUBLE,3,MINI,2.333333333333333,5e-06,1.1666666666666666e-05,c
noarr,ChooseHints,doitgen,DOUBLE,4,MINI,2.333333333333333,5e-06,1.1666666666666666e-05,c
noarr,ChooseHints,doitgen,DOUBLE,5,MINI,2.333333333333333,5e-06,1.1666666666666666e-05,c
noarr,FromPlan,doitgen,DOUBLE,1,MINI,2.4999999999999996,4.666666666666667e-06,1.1666666666666666e-05,c
noarr,FromPlan,doitgen,DOUBLE,2,MINI,1.1666666666666665,1e-05,1.1666666666666666e-05,c
noarr,FromPlan,doitgen,DOUBLE,3,MINI,1.2962962962962963,9e-06,1.1666666666666666e-05,c
noarr,FromPlan,doitgen,DOUBLE,4,MINI,2.333333333333333,5e-06,1.1666666666666666e-05,c
noarr,FromPlan,doitgen,DOUBLE,5,MINI,1.9444444444444444,6e-06,1.1666666666666666e-05,c
noarr,Naive,doitgen,DOUBLE,1,MINI,2.333333333333333,5e-06,1.1666666666666666e-05,c
noarr,Naive,doitgen,DOUBLE,2,MINI,2.4999999999999996,4.666666666666667e-06,1.1666666666666666e-05,c
noarr,Naive,doitgen,DOUBLE,3,MINI,2.333333333333333,5e-06,1.1666666666666666e-05,c
noarr,Naive,doitgen,DOUBLE,4,MINI,2.333333333333333,5e-06,1.1666666666666666e-05,c
noarr,Naive,doitgen,DOUBLE,5,MINI,2.333333333333333,5e-06,1.1666666666666666e-05,c
noarr,standard,doitgen,DOUBLE,1,MINI,1.2962962962962963,9e-06,1.1666666666666666e-05,c
noarr,standard,doitgen,DOUBLE,2,MINI,1.1666666666666665,1e-05,1.1666666666666666e-05,c
noarr,standard,doitgen,DOUBLE,3,MINI,1.2962962962962963,9e-06,1.1666666666666666e-05,c
noarr,standard,doitgen,DOUBLE,5,MINI,1.1666666666666665,1e-05,1.1666666666666666e-05,c
c,AllHints,durbin,DOUBLE,1,MINI,1.375,2.6666666666666664e-06,3.6666666666666666e-06,c
c,AllHints,durbin,DOUBLE,3,MINI,1.375,2.6666666666666664e-06,3.6666666666666666e-06,c
c,AllHints,durbin,DOUBLE,4,MINI,1.8333333333333333,2e-06,3.6666666666666666e-06,c
c,AllHints,durbin,DOUBLE,5,MINI,1.5714285714285714,2.333333333333333e-06,3.6666666666666666e-06,c
c,ChooseHints,durbin,DOUBLE,1,MINI,1.8333333333333333,2e-06,3.6666666666666666e-06,c
c,ChooseHints,durbin,DOUBLE,2,MINI,1.375,2.6666666666666664e-06,3.6666666666666666e-06,c
c,ChooseHints,durbin,DOUBLE,3,MINI,1.375,2.6666666666666664e-06,3.6666666666666666e-06,c
c,ChooseHints,durbin,DOUBLE,4,MINI,1.5714285714285714,2.333333333333333e-06,3.6666666666666666e-06,c
c,ChooseHints,durbin,DOUBLE,5,MINI,1.375,2.6666666666666664e-06,3.6666666666666666e-06,c
c,FromPlan,durbin,DOUBLE,1,MINI,1.222222222222222,3e-06,3.6666666666666666e-06,c
c,FromPlan,durbin,DOUBLE,2,MINI,1.5714285714285714,2.333333333333333e-06,3.6666666666666666e-06,c
c,FromPlan,durbin,DOUBLE,3,MINI,1.5714285714285714,2.333333333333333e-06,3.6666666666666666e-06,c
c,FromPlan,durbin,DOUBLE,4,MINI,1.375,2.6666666666666664e-06,3.6666666666666666e-06,c
c,FromPlan,durbin,DOUBLE,5,MINI,1.375,2.6666666666666664e-06,3.6666666666666666e-06,c
c,Naive,durbin,DOUBLE,1,MINI,1.5714285714285714,2.333333333333333e-06,3.6666666666666666e-06,c
c,Naive,durbin,DOUBLE,2,MINI,1.375,2.6666666666666664e-06,3.6666666666666666e-06,c
c,Naive,durbin,DOUBLE,3,MINI,1.375,2.6666666666666664e-06,3.6666666666666666e-06,c
c,Naive,durbin,DOUBLE,4,MINI,1.5714285714285714,2.333333333333333e-06,3.6666666666666666e-06,c
c,Naive,durbin,DOUBLE,5,MINI,1.375,2.6666666666666664e-06,3.6666666666666666e-06,c
c,standard,durbin,DOUBLE,1,MINI,1.0,3.6666666666666666e-06,3.6666666666666666e-06,c
exo,AllHints,durbin,DOUBLE,1,MINI,1.5714285714285714,2.333333333333333e-06,3.6666666666666666e-06,c
exo,AllHints,durbin,DOUBLE,2,MINI,0.7857142857142856,4.666666666666667e-06,3.6666666666666666e-06,c
exo,AllHints,durbin,DOUBLE,3,MINI,0.0018936133585815114,0.0019363333333333333,3.6666666666666666e-06,c
exo,ChooseHints,durbin,DOUBLE,1,MINI,1.222222222222222,3e-06,3.6666666666666666e-06,c
exo,ChooseHints,durbin,DOUBLE,2,MINI,0.275,1.3333333333333332e-05,3.6666666666666666e-06,c
exo,ChooseHints,durbin,DOUBLE,3,MINI,0.6470588235294117,5.666666666666667e-06,3.6666666666666666e-06,c
exo,ChooseHints,durbin,DOUBLE,4,MINI,0.0018958979662185454,0.001934,3.6666666666666666e-06,c
exo,FromPlan,durbin,DOUBLE,2,MINI,0.6874999999999998,5.3333333333333345e-06,3.6666666666666666e-06,c
exo,FromPlan,durbin,DOUBLE,5,MINI,1.222222222222222,3e-06,3.6666666666666666e-06,c
exo,Naive,durbin,DOUBLE,3,MINI,0.846153846153846,4.333333333333334e-06,3.6666666666666666e-06,c
exo,Naive,durbin,DOUBLE,4,MINI,1.8333333333333333,2e-06,3.6666666666666666e-06,c
exo,standard,durbin,DOUBLE,1,MINI,0.6470588235294117,5.666666666666667e-06,3.6666666666666666e-06,c
exo,standard,durbin,DOUBLE,2,MINI,0.7857142857142856,4.666666666666667e-06,3.6666666666666666e-06,c
exo,standard,durbin,DOUBLE,3,MINI,0.7333333333333333,5e-06,3.6666666666666666e-06,c
exo,standard,durbin,DOUBLE,4,MINI,0.7333333333333333,5e-06,3.6666666666666666e-06,c
exo,standard,durbin,DOUBLE,5,MINI,0.7333333333333333,5e-06,3.6666666666666666e-06,c
halide,FromPlan,durbin,DOUBLE,3,MINI,0.009865470852017937,0.0003716666666666667,3.6666666666666666e-06,c
halide,standard,durbin,DOUBLE,4,MINI,0.03780068728522336,9.700000000000001e-05,3.6666666666666666e-06,c
noarr,AllHints,durbin,DOUBLE,1,MINI,1.8333333333333333,2e-06,3.6666666666666666e-06,c
noarr,AllHints,durbin,DOUBLE,2,MINI,1.8333333333333333,2e-06,3.6666666666666666e-06,c
noarr,AllHints,durbin,DOUBLE,3,MINI,1.8333333333333333,2e-06,3.6666666666666666e-06,c
noarr,AllHints,durbin,DOUBLE,4,MINI,1.8333333333333333,2e-06,3.6666666666666666e-06,c
noarr,AllHints,durbin,DOUBLE,5,MINI,1.8333333333333333,2e-06,3.6666666666666666e-06,c
noarr,ChooseHints,durbin,DOUBLE,1,MINI,0.9166666666666666,4e-06,3.6666666666666666e-06,c
noarr,ChooseHints,durbin,DOUBLE,2,MINI,1.8333333333333333,2e-06,3.6666666666666666e-06,c
noarr,ChooseHints,durbin,DOUBLE,3,MINI,0.9166666666666666,4e-06,3.6666666666666666e-06,c
noarr,ChooseHints,durbin,DOUBLE,4,MINI,1.8333333333333333,2e-06,3.6666666666666666e-06,c
noarr,ChooseHints,durbin,DOUBLE,5,MINI,1.8333333333333333,2e-06,3.6666666666666666e-06,c
noarr,FromPlan,durbin,DOUBLE,1,MINI,1.8333333333333333,2e-06,3.6666666666666666e-06,c
noarr,FromPlan,durbin,DOUBLE,2,MINI,1.8333333333333333,2e-06,3.6666666666666666e-06,c
noarr,FromPlan,durbin,DOUBLE,3,MINI,1.8333333333333333,2e-06,3.6666666666666666e-06,c
noarr,FromPlan,durbin,DOUBLE,4,MINI,1.8333333333333333,2e-06,3.6666666666666666e-06,c
noarr,FromPlan,durbin,DOUBLE,5,MINI,1.8333333333333333,2e-06,3.6666666666666666e-06,c
noarr,Naive,durbin,DOUBLE,1,MINI,0.7333333333333334,4.9999999999999996e-06,3.6666666666666666e-06,c
noarr,Naive,durbin,DOUBLE,2,MINI,0.7333333333333333,5e-06,3.6666666666666666e-06,c
noarr,Naive,durbin,DOUBLE,3,MINI,1.8333333333333333,2e-06,3.6666666666666666e-06,c
noarr,Naive,durbin,DOUBLE,4,MINI,1.8333333333333333,2e-06,3.6666666666666666e-06,c
noarr,Naive,durbin,DOUBLE,5,MINI,1.8333333333333333,2e-06,3.6666666666666666e-06,c
noarr,standard,durbin,DOUBLE,1,MINI,0.7333333333333333,5e-06,3.6666666666666666e-06,c
noarr,standard,durbin,DOUBLE,2,MINI,0.846153846153846,4.333333333333334e-06,3.6666666666666666e-06,c
noarr,standard,durbin,DOUBLE,3,MINI,0.7333333333333333,5e-06,3.6666666666666666e-06,c
noarr,standard,durbin,DOUBLE,5,MINI,0.7333333333333333,5e-06,3.6666666666666666e-06,c
c,AllHints,fdtd-2d,DOUBLE,1,MINI,0.03485633537447009,0.0007076666666666667,2.4666666666666665e-05,c
c,AllHints,fdtd-2d,DOUBLE,2,MINI,0.030204081632653063,0.0008166666666666666,2.4666666666666665e-05,c
c,AllHints,fdtd-2d,DOUBLE,4,MINI,0.030303030303030304,0.0008139999999999999,2.4666666666666665e-05,c
c,ChooseHints,fdtd-2d,DOUBLE,2,MINI,0.03665180782565627,0.000673,2.4666666666666665e-05,c
c,ChooseHints,fdtd-2d,DOUBLE,3,MINI,0.03647116806308526,0.0006763333333333334,2.4666666666666665e-05,c
c,ChooseHints,fdtd-2d,DOUBLE,5,MINI,0.03750633552965028,0.0006576666666666666,2.4666666666666665e-05,c
c,FromPlan,fdtd-2d,DOUBLE,1,MINI,1.15625,2.133333333333333e-05,2.4666666666666665e-05,c
c,FromPlan,fdtd-2d,DOUBLE,2,MINI,1.1384615384615382,2.166666666666667e-05,2.4666666666666665e-05,c
c,FromPlan,fdtd-2d,DOUBLE,3,MINI,0.9487179487179487,2.6e-05,2.4666666666666665e-05,c
c,FromPlan,fdtd-2d,DOUBLE,5,MINI,1.1044776119402984,2.2333333333333335e-05,2.4666666666666665e-05,c
c,Naive,fdtd-2d,DOUBLE,1,MINI,1.3962264150943395,1.7666666666666668e-05,2.4666666666666665e-05,c
c,Naive,fdtd-2d,DOUBLE,2,MINI,1.3962264150943395,1.7666666666666668e-05,2.4666666666666665e-05,c
c,Naive,fdtd-2d,DOUBLE,3,MINI,1.3962264150943395,1.7666666666666668e-05,2.4666666666666665e-05,c
c,Naive,fdtd-2d,DOUBLE,4,MINI,1.3962264150943395,1.7666666666666668e-05,2.4666666666666665e-05,c
c,Naive,fdtd-2d,DOUBLE,5,MINI,0.6324786324786325,3.9e-05,2.4666666666666665e-05,c
c,standard,fdtd-2d,DOUBLE,1,MINI,1.0,2.4666666666666665e-05,2.4666666666666665e-05,c
exo,AllHints,fdtd-2d,DOUBLE,3,MINI,0.012167050312397235,0.0020273333333333337,2.4666666666666665e-05,c
exo,AllHints,fdtd-2d,DOUBLE,4,MINI,0.012209206401583895,0.0020203333333333336,2.4666666666666665e-05,c
exo,AllHints,fdtd-2d,DOUBLE,5,MINI,0.016397075116330602,0.0015043333333333332,2.4666666666666665e-05,c
exo,ChooseHints,fdtd-2d,DOUBLE,4,MINI,0.012241521918941274,0.002015,2.4666666666666665e-05,c
exo,FromPlan,fdtd-2d,DOUBLE,2,MINI,0.5692307692307691,4.333333333333334e-05,2.4666666666666665e-05,c
exo,FromPlan,fdtd-2d,DOUBLE,4,MINI,0.6016260162601625,4.1e-05,2.4666666666666665e-05,c
exo,Naive,fdtd-2d,DOUBLE,1,MINI,0.012009087958455048,0.002054,2.4666666666666665e-05,c
exo,Naive,fdtd-2d,DOUBLE,2,MINI,0.015397419891801914,0.001602,2.4666666666666665e-05,c
exo,Naive,fdtd-2d,DOUBLE,3,MINI,0.6324786324786325,3.9e-05,2.4666666666666665e-05,c
exo,standard,fdtd-2d,DOUBLE,1,MINI,0.6851851851851851,3.6e-05,2.4666666666666665e-05,c
exo,standard,fdtd-2d,DOUBLE,2,MINI,0.7551020408163266,3.266666666666666e-05,2.4666666666666665e-05,c
exo,standard,fdtd-2d,DOUBLE,3,MINI,0.6788990825688073,3.633333333333333e-05,2.4666666666666665e-05,c
exo,standard,fdtd-2d,DOUBLE,4,MINI,0.6851851851851851,3.6e-05,2.4666666666666665e-05,c
exo,standard,fdtd-2d,DOUBLE,5,MINI,0.6788990825688073,3.633333333333333e-05,2.4666666666666665e-05,c
halide,AllHints,fdtd-2d,DOUBLE,5,MINI,0.012580754845290717,0.0019606666666666665,2.4666666666666665e-05,c
halide,ChooseHints,fdtd-2d,DOUBLE,5,MINI,0.0021192508161979495,0.011639333333333333,2.4666666666666665e-05,c
halide,FromPlan,fdtd-2d,DOUBLE,4,MINI,0.0022717504758396267,0.010858,2.4666666666666665e-05,c
halide,Naive,fdtd-2d,DOUBLE,1,MINI,0.0012705389488865612,0.019414333333333336,2.4666666666666665e-05,c
halide,Naive,fdtd-2d,DOUBLE,5,MINI,0.01451264953912532,0.0016996666666666664,2.4666666666666665e-05,c
halide,standard,fdtd-2d,DOUBLE,1,MINI,0.13553113553113552,0.000182,2.4666666666666665e-05,c
halide,standard,fdtd-2d,DOUBLE,3,MINI,0.185929648241206,0.00013266666666666667,2.4666666666666665e-05,c
halide,standard,fdtd-2d,DOUBLE,5,MINI,0.1753554502369668,0.00014066666666666668,2.4666666666666665e-05,c
noarr,AllHints,fdtd-2d,DOUBLE,1,MINI,0.011557082617523036,0.002134333333333333,2.4666666666666665e-05,c
noarr,AllHints,fdtd-2d,DOUBLE,4,MINI,0.006298944501191691,0.003916,2.4666666666666665e-05,c
noarr,AllHints,fdtd-2d,DOUBLE,5,MINI,1.15625,2.133333333333333e-05,2.4666666666666665e-05,c
noarr,ChooseHints,fdtd-2d,DOUBLE,1,MINI,0.021586931155192533,0.0011426666666666666,2.4666666666666665e-05,c
noarr,ChooseHints,fdtd-2d,DOUBLE,3,MINI,0.004829026363873661,0.0051080000000000006,2.4666666666666665e-05,c
noarr,ChooseHints,fdtd-2d,DOUBLE,5,MINI,0.011537262238852512,0.0021379999999999997,2.4666666666666665e-05,c
noarr,FromPlan,fdtd-2d,DOUBLE,2,MINI,0.6666666666666666,3.7e-05,2.4666666666666665e-05,c
noarr,FromPlan,fdtd-2d,DOUBLE,3,MINI,1.15625,2.133333333333333e-05,2.4666666666666665e-05,c
noarr,FromPlan,fdtd-2d,DOUBLE,5,MINI,0.6981132075471698,3.5333333333333336e-05,2.4666666666666665e-05,c
noarr,Naive,fdtd-2d,DOUBLE,1,MINI,1.1746031746031746,2.1e-05,2.4666666666666665e-05,c
noarr,Naive,fdtd-2d,DOUBLE,2,MINI,1.0277777777777777,2.4e-05,2.4666666666666665e-05,c
noarr,Naive,fdtd-2d,DOUBLE,3,MINI,0.9135802469135803,2.6999999999999996e-05,2.4666666666666665e-05,c
noarr,Naive,fdtd-2d,DOUBLE,4,MINI,0.4180790960451977,5.9e-05,2.4666666666666665e-05,c
noarr,standard,fdtd-2d,DOUBLE,1,MINI,0.8809523809523809,2.8e-05,2.4666666666666665e-05,c
noarr,standard,fdtd-2d,DOUBLE,2,MINI,1.3703703703703702,1.8e-05,2.4666666666666665e-05,c
noarr,standard,fdtd-2d,DOUBLE,3,MINI,0.9024390243902438,2.7333333333333335e-05,2.4666666666666665e-05,c
noarr,standard,fdtd-2d,DOUBLE,4,MINI,1.0422535211267605,2.3666666666666668e-05,2.4666666666666665e-05,c
noarr,standard,fdtd-2d,DOUBLE,5,MINI,0.891566265060241,2.7666666666666667e-05,2.4666666666666665e-05,c
c,AllHints,gemver,DOUBLE,1,MINI,0.05775075987841946,0.00010966666666666666,6.333333333333333e-06,c
c,AllHints,gemver,DOUBLE,2,MINI,0.034420289855072464,0.000184,6.333333333333333e-06,c
c,AllHints,gemver,DOUBLE,3,MINI,0.1144578313253012,5.5333333333333334e-05,6.333333333333333e-06,c
c,AllHints,gemver,DOUBLE,4,MINI,0.10614525139664806,5.966666666666666e-05,6.333333333333333e-06,c
c,AllHints,gemver,DOUBLE,5,MINI,0.03374777975133215,0.00018766666666666668,6.333333333333333e-06,c
c,ChooseHints,gemver,DOUBLE,1,MINI,0.6333333333333333,1e-05,6.333333333333333e-06,c
c,ChooseHints,gemver,DOUBLE,2,MINI,0.03901437371663244,0.00016233333333333334,6.333333333333333e-06,c
c,ChooseHints,gemver,DOUBLE,3,MINI,0.06574394463667821,9.633333333333332e-05,6.333333333333333e-06,c
c,ChooseHints,gemver,DOUBLE,4,MINI,0.7037037037037037,9e-06,6.333333333333333e-06,c
c,ChooseHints,gemver,DOUBLE,5,MINI,0.7037037037037037,9e-06,6.333333333333333e-06,c
c,FromPlan,gemver,DOUBLE,1,MINI,1.7272727272727273,3.6666666666666666e-06,6.333333333333333e-06,c
c,FromPlan,gemver,DOUBLE,2,MINI,1.5833333333333335,4e-06,6.333333333333333e-06,c
c,FromPlan,gemver,DOUBLE,3,MINI,1.9000000000000004,3.333333333333333e-06,6.333333333333333e-06,c
c,FromPlan,gemver,DOUBLE,4,MINI,1.7272727272727273,3.6666666666666666e-06,6.333333333333333e-06,c
c,Naive,gemver,DOUBLE,1,MINI,1.4615384615384615,4.333333333333334e-06,6.333333333333333e-06,c
c,Naive,gemver,DOUBLE,2,MINI,2.111111111111111,3e-06,6.333333333333333e-06,c
c,Naive,gemver,DOUBLE,3,MINI,2.111111111111111,3e-06,6.333333333333333e-06,c
c,Naive,gemver,DOUBLE,4,MINI,2.111111111111111,3e-06,6.333333333333333e-06,c
c,Naive,gemver,DOUBLE,5,MINI,1.9000000000000004,3.333333333333333e-06,6.333333333333333e-06,c
c,standard,gemver,DOUBLE,1,MINI,1.0,6.333333333333333e-06,6.333333333333333e-06,c
exo,AllHints,gemver,DOUBLE,1,MINI,0.1557377049180328,4.066666666666667e-05,6.333333333333333e-06,c
exo,AllHints,gemver,DOUBLE,2,MINI,0.10982658959537572,5.766666666666667e-05,6.333333333333333e-06,c
exo,AllHints,gemver,DOUBLE,3,MINI,0.06168831168831169,0.00010266666666666666,6.333333333333333e-06,c
exo,AllHints,gemver,DOUBLE,4,MINI,0.10439560439560441,6.066666666666666e-05,6.333333333333333e-06,c
exo,AllHints,gemver,DOUBLE,5,MINI,0.056716417910447764,0.00011166666666666667,6.333333333333333e-06,c
exo,ChooseHints,gemver,DOUBLE,1,MINI,0.14960629921259844,4.233333333333333e-05,6.333333333333333e-06,c
exo,ChooseHints,gemver,DOUBLE,2,MINI,0.06909090909090909,9.166666666666667e-05,6.333333333333333e-06,c
exo,FromPlan,gemver,DOUBLE,1,MINI,0.6129032258064516,1.0333333333333333e-05,6.333333333333333e-06,c
exo,FromPlan,gemver,DOUBLE,2,MINI,0.0057453885697006345,0.0011023333333333334,6.333333333333333e-06,c
exo,Naive,gemver,DOUBLE,5,MINI,0.0708955223880597,8.933333333333334e-05,6.333333333333333e-06,c
exo,standard,gemver,DOUBLE,1,MINI,0.9047619047619048,7e-06,6.333333333333333e-06,c
exo,standard,gemver,DOUBLE,2,MINI,0.9500000000000002,6.666666666666666e-06,6.333333333333333e-06,c
exo,standard,gemver,DOUBLE,3,MINI,0.5428571428571428,1.1666666666666668e-05,6.333333333333333e-06,c
exo,standard,gemver,DOUBLE,4,MINI,0.8636363636363636,7.333333333333333e-06,6.333333333333333e-06,c
exo,standard,gemver,DOUBLE,5,MINI,0.9047619047619048,7e-06,6.333333333333333e-06,c
halide,standard,gemver,DOUBLE,1,MINI,0.04328018223234623,0.00014633333333333336,6.333333333333333e-06,c
halide,standard,gemver,DOUBLE,4,MINI,0.2289156626506024,2.7666666666666667e-05,6.333333333333333e-06,c
noarr,AllHints,gemver,DOUBLE,1,MINI,2.111111111111111,3e-06,6.333333333333333e-06,c
noarr,AllHints,gemver,DOUBLE,2,MINI,0.002766050371233076,0.002289666666666667,6.333333333333333e-06,c
noarr,AllHints,gemver,DOUBLE,3,MINI,0.0027193359095463005,0.002329,6.333333333333333e-06,c
noarr,AllHints,gemver,DOUBLE,4,MINI,1.5833333333333335,4e-06,6.333333333333333e-06,c
noarr,AllHints,gemver,DOUBLE,5,MINI,0.0026002463391268647,0.0024356666666666667,6.333333333333333e-06,c
noarr,ChooseHints,gemver,DOUBLE,1,MINI,2.111111111111111,3e-06,6.333333333333333e-06,c
noarr,ChooseHints,gemver,DOUBLE,2,MINI,2.111111111111111,3e-06,6.333333333333333e-06,c
noarr,ChooseHints,gemver,DOUBLE,3,MINI,0.0027357811375089995,0.002315,6.333333333333333e-06,c
noarr,ChooseHints,gemver,DOUBLE,4,MINI,2.111111111111111,3e-06,6.333333333333333e-06,c
noarr,ChooseHints,gemver,DOUBLE,5,MINI,1.5833333333333335,4e-06,6.333333333333333e-06,c
noarr,FromPlan,gemver,DOUBLE,1,MINI,0.826086956521739,7.666666666666667e-06,6.333333333333333e-06,c
noarr,FromPlan,gemver,DOUBLE,2,MINI,1.2666666666666666,5e-06,6.333333333333333e-06,c
noarr,FromPlan,gemver,DOUBLE,3,MINI,2.111111111111111,3e-06,6.333333333333333e-06,c
noarr,FromPlan,gemver,DOUBLE,4,MINI,0.9047619047619048,7e-06,6.333333333333333e-06,c
noarr,Naive,gemver,DOUBLE,1,MINI,2.111111111111111,3e-06,6.333333333333333e-06,c
noarr,Naive,gemver,DOUBLE,2,MINI,2.111111111111111,3e-06,6.333333333333333e-06,c
noarr,Naive,gemver,DOUBLE,3,MINI,2.111111111111111,3e-06,6.333333333333333e-06,c
noarr,Naive,gemver,DOUBLE,4,MINI,2.111111111111111,3e-06,6.333333333333333e-06,c
noarr,Naive,gemver,DOUBLE,5,MINI,2.111111111111111,3e-06,6.333333333333333e-06,c
noarr,standard,gemver,DOUBLE,1,MINI,1.5833333333333335,4e-06,6.333333333333333e-06,c
noarr,standard,gemver,DOUBLE,2,MINI,1.5833333333333335,4e-06,6.333333333333333e-06,c
noarr,standard,gemver,DOUBLE,3,MINI,1.5833333333333335,4e-06,6.333333333333333e-06,c
noarr,standard,gemver,DOUBLE,5,MINI,1.5833333333333335,4e-06,6.333333333333333e-06,c
c,AllHints,gesummv,DOUBLE,1,MINI,0.6666666666666666,6e-06,4e-06,c
c,AllHints,gesummv,DOUBLE,2,MINI,0.7499999999999998,5.3333333333333345e-06,4e-06,c
c,AllHints,gesummv,DOUBLE,3,MINI,0.13186813186813187,3.0333333333333333e-05,4e-06,c
c,AllHints,gesummv,DOUBLE,4,MINI,0.7499999999999998,5.3333333333333345e-06,4e-06,c
c,AllHints,gesummv,DOUBLE,5,MINI,0.12903225806451613,3.1e-05,4e-06,c
c,ChooseHints,gesummv,DOUBLE,1,MINI,0.13043478260869565,3.066666666666667e-05,4e-06,c
c,ChooseHints,gesummv,DOUBLE,2,MINI,0.1348314606741573,2.9666666666666665e-05,4e-06,c
c,ChooseHints,gesummv,DOUBLE,3,MINI,0.12631578947368421,3.1666666666666666e-05,4e-06,c
c,ChooseHints,gesummv,DOUBLE,4,MINI,0.7058823529411764,5.666666666666667e-06,4e-06,c
c,ChooseHints,gesummv,DOUBLE,5,MINI,0.07228915662650602,5.5333333333333334e-05,4e-06,c
c,FromPlan,gesummv,DOUBLE,1,MINI,0.13636363636363635,2.9333333333333333e-05,4e-06,c
c,FromPlan,gesummv,DOUBLE,2,MINI,0.12903225806451613,3.1e-05,4e-06,c
c,FromPlan,gesummv,DOUBLE,3,MINI,3.0,1.3333333333333332e-06,4e-06,c
c,FromPlan,gesummv,DOUBLE,4,MINI,0.12903225806451613,3.1e-05,4e-06,c
c,FromPlan,gesummv,DOUBLE,5,MINI,0.13953488372093023,2.8666666666666668e-05,4e-06,c
c,Naive,gesummv,DOUBLE,1,MINI,0.12903225806451613,3.1e-05,4e-06,c
c,Naive,gesummv,DOUBLE,2,MINI,2.0,2e-06,4e-06,c
c,Naive,gesummv,DOUBLE,3,MINI,2.0,2e-06,4e-06,c
c,Naive,gesummv,DOUBLE,4,MINI,3.0,1.3333333333333332e-06,4e-06,c
c,Naive,gesummv,DOUBLE,5,MINI,0.1276595744680851,3.1333333333333334e-05,4e-06,c
c,standard,gesummv,DOUBLE,1,MINI,1.0,4e-06,4e-06,c
exo,AllHints,gesummv,DOUBLE,2,MINI,0.12121212121212122,3.2999999999999996e-05,4e-06,c
exo,AllHints,gesummv,DOUBLE,3,MINI,0.13636363636363635,2.9333333333333333e-05,4e-06,c
exo,AllHints,gesummv,DOUBLE,4,MINI,0.13186813186813187,3.0333333333333333e-05,4e-06,c
exo,AllHints,gesummv,DOUBLE,5,MINI,0.13186813186813187,3.0333333333333333e-05,4e-06,c
exo,ChooseHints,gesummv,DOUBLE,1,MINI,0.12903225806451613,3.1e-05,4e-06,c
exo,ChooseHints,gesummv,DOUBLE,3,MINI,0.13333333333333333,3e-05,4e-06,c
exo,ChooseHints,gesummv,DOUBLE,4,MINI,0.1348314606741573,2.9666666666666665e-05,4e-06,c
exo,ChooseHints,gesummv,DOUBLE,5,MINI,0.13333333333333333,3e-05,4e-06,c
exo,FromPlan,gesummv,DOUBLE,2,MINI,0.10526315789473684,3.8e-05,4e-06,c
exo,FromPlan,gesummv,DOUBLE,3,MINI,2.0,2e-06,4e-06,c
exo,FromPlan,gesummv,DOUBLE,5,MINI,0.13043478260869565,3.066666666666667e-05,4e-06,c
exo,Naive,gesummv,DOUBLE,1,MINI,0.12903225806451613,3.1e-05,4e-06,c
exo,Naive,gesummv,DOUBLE,2,MINI,0.13333333333333333,3e-05,4e-06,c
exo,Naive,gesummv,DOUBLE,3,MINI,0.06976744186046512,5.7333333333333336e-05,4e-06,c
exo,Naive,gesummv,DOUBLE,4,MINI,0.07142857142857142,5.6e-05,4e-06,c
exo,Naive,gesummv,DOUBLE,5,MINI,1.0,4e-06,4e-06,c
exo,standard,gesummv,DOUBLE,1,MINI,1.0909090909090908,3.6666666666666666e-06,4e-06,c
exo,standard,gesummv,DOUBLE,2,MINI,1.0,4e-06,4e-06,c
exo,standard,gesummv,DOUBLE,3,MINI,1.2000000000000002,3.333333333333333e-06,4e-06,c
exo,standard,gesummv,DOUBLE,4,MINI,1.0909090909090908,3.6666666666666666e-06,4e-06,c
exo,standard,gesummv,DOUBLE,5,MINI,1.0909090909090908,3.6666666666666666e-06,4e-06,c
halide,Naive,gesummv,DOUBLE,4,MINI,0.0016264570344266737,0.0024593333333333333,4e-06,c
halide,Naive,gesummv,DOUBLE,5,MINI,0.05687203791469195,7.033333333333333e-05,4e-06,c
halide,standard,gesummv,DOUBLE,1,MINI,0.32432432432432434,1.2333333333333333e-05,4e-06,c
halide,standard,gesummv,DOUBLE,2,MINI,0.24000000000000002,1.6666666666666664e-05,4e-06,c
halide,standard,gesummv,DOUBLE,3,MINI,0.32432432432432434,1.2333333333333333e-05,4e-06,c
halide,standard,gesummv,DOUBLE,4,MINI,0.32432432432432434,1.2333333333333333e-05,4e-06,c
halide,standard,gesummv,DOUBLE,5,MINI,0.3157894736842105,1.2666666666666667e-05,4e-06,c
noarr,AllHints,gesummv,DOUBLE,1,MINI,4.0,1e-06,4e-06,c
noarr,AllHints,gesummv,DOUBLE,2,MINI,0.15584415584415584,2.5666666666666666e-05,4e-06,c
noarr,AllHints,gesummv,DOUBLE,3,MINI,4.0,1e-06,4e-06,c
noarr,AllHints,gesummv,DOUBLE,4,MINI,4.0,1e-06,4e-06,c
noarr,AllHints,gesummv,DOUBLE,5,MINI,0.0017559262510974537,0.002278,4e-06,c
noarr,ChooseHints,gesummv,DOUBLE,1,MINI,0.0017999100044997747,0.0022223333333333335,4e-06,c
noarr,ChooseHints,gesummv,DOUBLE,2,MINI,4.0,1e-06,4e-06,c
noarr,ChooseHints,gesummv,DOUBLE,3,MINI,0.0017353579175704986,0.002305,4e-06,c
noarr,ChooseHints,gesummv,DOUBLE,4,MINI,0.0017520805957074025,0.002283,4e-06,c
noarr,ChooseHints,gesummv,DOUBLE,5,MINI,4.0,1e-06,4e-06,c
noarr,FromPlan,gesummv,DOUBLE,1,MINI,0.5,8e-06,4e-06,c
noarr,FromPlan,gesummv,DOUBLE,3,MINI,0.12244897959183675,3.266666666666666e-05,4e-06,c
noarr,FromPlan,gesummv,DOUBLE,4,MINI,4.0,1e-06,4e-06,c
noarr,Naive,gesummv,DOUBLE,1,MINI,4.0,1e-06,4e-06,c
noarr,Naive,gesummv,DOUBLE,2,MINI,4.0,1e-06,4e-06,c
noarr,Naive,gesummv,DOUBLE,3,MINI,4.0,1e-06,4e-06,c
noarr,Naive,gesummv,DOUBLE,4,MINI,4.0,1e-06,4e-06,c
noarr,Naive,gesummv,DOUBLE,5,MINI,4.0,1e-06,4e-06,c
noarr,standard,gesummv,DOUBLE,1,MINI,1.5,2.6666666666666664e-06,4e-06,c
noarr,standard,gesummv,DOUBLE,2,MINI,1.5,2.6666666666666664e-06,4e-06,c
noarr,standard,gesummv,DOUBLE,3,MINI,1.3333333333333333,3e-06,4e-06,c
noarr,standard,gesummv,DOUBLE,4,MINI,1.5,2.6666666666666664e-06,4e-06,c
noarr,standard,gesummv,DOUBLE,5,MINI,1.5,2.6666666666666664e-06,4e-06,c
c,ChooseHints,gramschmidt,DOUBLE,1,MINI,1.5238095238095237,1.4e-05,2.133333333333333e-05,c
c,ChooseHints,gramschmidt,DOUBLE,4,MINI,1.5238095238095237,1.4e-05,2.133333333333333e-05,c
c,Naive,gramschmidt,DOUBLE,1,MINI,1.6842105263157894,1.2666666666666667e-05,2.133333333333333e-05,c
c,standard,gramschmidt,DOUBLE,1,MINI,1.0,2.133333333333333e-05,2.133333333333333e-05,c
c,AllHints,jacobi-1d,DOUBLE,1,MINI,0.001962708537782139,0.00033966666666666666,6.666666666666666e-07,c
c,AllHints,jacobi-1d,DOUBLE,2,MINI,0.0019646365422396855,0.00033933333333333336,6.666666666666666e-07,c
c,AllHints,jacobi-1d,DOUBLE,4,MINI,0.01538461538461538,4.333333333333334e-05,6.666666666666666e-07,c
c,AllHints,jacobi-1d,DOUBLE,5,MINI,0.0018975332068311194,0.0003513333333333333,6.666666666666666e-07,c
c,ChooseHints,jacobi-1d,DOUBLE,2,MINI,0.0018165304268846503,0.000367,6.666666666666666e-07,c
c,ChooseHints,jacobi-1d,DOUBLE,3,MINI,0.0018814675446848542,0.0003543333333333333,6.666666666666666e-07,c
c,ChooseHints,jacobi-1d,DOUBLE,4,MINI,0.002008032128514056,0.000332,6.666666666666666e-07,c
c,ChooseHints,jacobi-1d,DOUBLE,5,MINI,0.0018165304268846503,0.000367,6.666666666666666e-07,c
c,FromPlan,jacobi-1d,DOUBLE,2,MINI,0.002,0.0003333333333333333,6.666666666666666e-07,c
c,FromPlan,jacobi-1d,DOUBLE,3,MINI,0.0018231540565177757,0.00036566666666666665,6.666666666666666e-07,c
c,FromPlan,jacobi-1d,DOUBLE,4,MINI,0.0019704433497536944,0.00033833333333333334,6.666666666666666e-07,c
c,FromPlan,jacobi-1d,DOUBLE,5,MINI,0.00182648401826484,0.00036500000000000004,6.666666666666666e-07,c
c,Naive,jacobi-1d,DOUBLE,2,MINI,0.3333333333333333,2e-06,6.666666666666666e-07,c
c,Naive,jacobi-1d,DOUBLE,3,MINI,0.6666666666666666,1e-06,6.666666666666666e-07,c
c,Naive,jacobi-1d,DOUBLE,4,MINI,0.6666666666666666,1e-06,6.666666666666666e-07,c
c,Naive,jacobi-1d,DOUBLE,5,MINI,0.5,1.3333333333333332e-06,6.666666666666666e-07,c
c,standard,jacobi-1d,DOUBLE,1,MINI,1.0,6.666666666666666e-07,6.666666666666666e-07,c
exo,AllHints,jacobi-1d,DOUBLE,1,MINI,0.0006287331027978623,0.0010603333333333333,6.666666666666666e-07,c
exo,AllHints,jacobi-1d,DOUBLE,2,MINI,0.0006576783952647154,0.0010136666666666668,6.666666666666666e-07,c
exo,AllHints,jacobi-1d,DOUBLE,3,MINI,0.0006397952655150352,0.001042,6.666666666666666e-07,c
exo,AllHints,jacobi-1d,DOUBLE,4,MINI,0.000651253663301856,0.0010236666666666666,6.666666666666666e-07,c
exo,AllHints,jacobi-1d,DOUBLE,5,MINI,0.0006418485237483953,0.0010386666666666667,6.666666666666666e-07,c
exo,ChooseHints,jacobi-1d,DOUBLE,1,MINI,0.0006635700066357001,0.0010046666666666665,6.666666666666666e-07,c
exo,ChooseHints,jacobi-1d,DOUBLE,3,MINI,0.0006287331027978623,0.0010603333333333333,6.666666666666666e-07,c
exo,ChooseHints,jacobi-1d,DOUBLE,4,MINI,0.0006655574043261231,0.0010016666666666665,6.666666666666666e-07,c
exo,ChooseHints,jacobi-1d,DOUBLE,5,MINI,0.0006555227794165847,0.001017,6.666666666666666e-07,c
exo,FromPlan,jacobi-1d,DOUBLE,1,MINI,0.0006397952655150351,0.0010420000000000002,6.666666666666666e-07,c
exo,FromPlan,jacobi-1d,DOUBLE,4,MINI,0.0006583278472679393,0.0010126666666666667,6.666666666666666e-07,c
exo,Naive,jacobi-1d,DOUBLE,1,MINI,0.0006383657835939993,0.0010443333333333333,6.666666666666666e-07,c
exo,Naive,jacobi-1d,DOUBLE,2,MINI,0.000629524708844822,0.001059,6.666666666666666e-07,c
exo,Naive,jacobi-1d,DOUBLE,5,MINI,0.0006466214031684448,0.001031,6.666666666666666e-07,c
exo,standard,jacobi-1d,DOUBLE,1,MINI,0.5,1.3333333333333332e-06,6.666666666666666e-07,c
exo,standard,jacobi-1d,DOUBLE,2,MINI,0.5,1.3333333333333332e-06,6.666666666666666e-07,c
exo,standard,jacobi-1d,DOUBLE,3,MINI,0.6666666666666666,1e-06,6.666666666666666e-07,c
exo,standard,jacobi-1d,DOUBLE,4,MINI,0.6666666666666666,1e-06,6.666666666666666e-07,c
exo,standard,jacobi-1d,DOUBLE,5,MINI,0.6666666666666666,1e-06,6.666666666666666e-07,c
halide,ChooseHints,jacobi-1d,DOUBLE,3,MINI,0.006116207951070336,0.000109,6.666666666666666e-07,c
halide,FromPlan,jacobi-1d,DOUBLE,4,MINI,0.0017953321364452422,0.0003713333333333333,6.666666666666666e-07,c
halide,standard,jacobi-1d,DOUBLE,2,MINI,0.017699115044247787,3.766666666666666e-05,6.666666666666666e-07,c
halide,standard,jacobi-1d,DOUBLE,5,MINI,0.02222222222222222,3e-05,6.666666666666666e-07,c
noarr,AllHints,jacobi-1d,DOUBLE,1,MINI,0.00021360674997329912,0.003121,6.666666666666666e-07,c
noarr,AllHints,jacobi-1d,DOUBLE,2,MINI,0.6666666666666666,1e-06,6.666666666666666e-07,c
noarr,AllHints,jacobi-1d,DOUBLE,3,MINI,0.6666666666666666,1e-06,6.666666666666666e-07,c
noarr,AllHints,jacobi-1d,DOUBLE,4,MINI,0.0007150518412584912,0.0009323333333333333,6.666666666666666e-07,c
noarr,AllHints,jacobi-1d,DOUBLE,5,MINI,0.6666666666666666,1e-06,6.666666666666666e-07,c
noarr,ChooseHints,jacobi-1d,DOUBLE,1,MINI,0.00020790020790020788,0.0032066666666666667,6.666666666666666e-07,c
noarr,ChooseHints,jacobi-1d,DOUBLE,2,MINI,0.6666666666666666,1e-06,6.666666666666666e-07,c
noarr,ChooseHints,jacobi-1d,DOUBLE,3,MINI,0.00020879006159306814,0.003193,6.666666666666666e-07,c
noarr,ChooseHints,jacobi-1d,DOUBLE,4,MINI,0.0002075980900975711,0.0032113333333333334,6.666666666666666e-07,c
noarr,ChooseHints,jacobi-1d,DOUBLE,5,MINI,0.0002748763056624519,0.002425333333333333,6.666666666666666e-07,c
noarr,FromPlan,jacobi-1d,DOUBLE,1,MINI,0.047619047619047616,1.4e-05,6.666666666666666e-07,c
noarr,FromPlan,jacobi-1d,DOUBLE,2,MINI,0.6666666666666666,1e-06,6.666666666666666e-07,c
noarr,FromPlan,jacobi-1d,DOUBLE,3,MINI,0.02666666666666666,2.5e-05,6.666666666666666e-07,c
noarr,FromPlan,jacobi-1d,DOUBLE,4,MINI,0.09523809523809523,7e-06,6.666666666666666e-07,c
noarr,FromPlan,jacobi-1d,DOUBLE,5,MINI,0.01282051282051282,5.2e-05,6.666666666666666e-07,c
noarr,Naive,jacobi-1d,DOUBLE,1,MINI,0.0006839945280437755,0.0009746666666666668,6.666666666666666e-07,c
noarr,Naive,jacobi-1d,DOUBLE,3,MINI,0.00020187746038154841,0.003302333333333333,6.666666666666666e-07,c
noarr,Naive,jacobi-1d,DOUBLE,4,MINI,0.6666666666666666,1e-06,6.666666666666666e-07,c
noarr,Naive,jacobi-1d,DOUBLE,5,MINI,0.6666666666666666,1e-06,6.666666666666666e-07,c
noarr,standard,jacobi-1d,DOUBLE,1,MINI,0.6666666666666666,1e-06,6.666666666666666e-07,c
noarr,standard,jacobi-1d,DOUBLE,2,MINI,0.6666666666666666,1e-06,6.666666666666666e-07,c
noarr,standard,jacobi-1d,DOUBLE,3,MINI,0.6666666666666666,1e-06,6.666666666666666e-07,c
noarr,standard,jacobi-1d,DOUBLE,4,MINI,0.6666666666666666,1e-06,6.666666666666666e-07,c
noarr,standard,jacobi-1d,DOUBLE,5,MINI,0.6666666666666666,1e-06,6.666666666666666e-07,c
c,AllHints,jacobi-2d,DOUBLE,1,MINI,0.08340016038492382,0.00041566666666666667,3.4666666666666665e-05,c
c,AllHints,jacobi-2d,DOUBLE,2,MINI,0.0948905109489051,0.00036533333333333334,3.4666666666666665e-05,c
c,AllHints,jacobi-2d,DOUBLE,3,MINI,0.0936093609360936,0.00037033333333333335,3.4666666666666665e-05,c
c,AllHints,jacobi-2d,DOUBLE,4,MINI,0.09585253456221197,0.00036166666666666666,3.4666666666666665e-05,c
c,AllHints,jacobi-2d,DOUBLE,5,MINI,0.32,0.00010833333333333333,3.4666666666666665e-05,c
c,ChooseHints,jacobi-2d,DOUBLE,1,MINI,0.08776371308016878,0.00039499999999999995,3.4666666666666665e-05,c
c,ChooseHints,jacobi-2d,DOUBLE,2,MINI,0.08783783783783784,0.00039466666666666665,3.4666666666666665e-05,c
c,ChooseHints,jacobi-2d,DOUBLE,3,MINI,0.08659450457951706,0.0004003333333333333,3.4666666666666665e-05,c
c,ChooseHints,jacobi-2d,DOUBLE,4,MINI,0.0858085808580858,0.000404,3.4666666666666665e-05,c
c,ChooseHints,jacobi-2d,DOUBLE,5,MINI,0.08333333333333333,0.000416,3.4666666666666665e-05,c
c,FromPlan,jacobi-2d,DOUBLE,1,MINI,1.0,3.4666666666666665e-05,3.4666666666666665e-05,c
c,FromPlan,jacobi-2d,DOUBLE,2,MINI,1.0097087378640777,3.433333333333333e-05,3.4666666666666665e-05,c
c,FromPlan,jacobi-2d,DOUBLE,3,MINI,0.28808864265927975,0.00012033333333333334,3.4666666666666665e-05,c
c,FromPlan,jacobi-2d,DOUBLE,4,MINI,1.094736842105263,3.1666666666666666e-05,3.4666666666666665e-05,c
c,FromPlan,jacobi-2d,DOUBLE,5,MINI,0.03228810928283142,0.0010736666666666666,3.4666666666666665e-05,c
c,Naive,jacobi-2d,DOUBLE,1,MINI,0.8455284552845528,4.1e-05,3.4666666666666665e-05,c
c,Naive,jacobi-2d,DOUBLE,2,MINI,1.0097087378640777,3.433333333333333e-05,3.4666666666666665e-05,c
c,Naive,jacobi-2d,DOUBLE,3,MINI,1.0097087378640777,3.433333333333333e-05,3.4666666666666665e-05,c
c,Naive,jacobi-2d,DOUBLE,4,MINI,0.0778443113772455,0.00044533333333333333,3.4666666666666665e-05,c
c,standard,jacobi-2d,DOUBLE,1,MINI,1.0,3.4666666666666665e-05,3.4666666666666665e-05,c
exo,AllHints,jacobi-2d,DOUBLE,2,MINI,0.030741945019213717,0.0011276666666666666,3.4666666666666665e-05,c
exo,AllHints,jacobi-2d,DOUBLE,3,MINI,0.03359173126614987,0.001032,3.4666666666666665e-05,c
exo,ChooseHints,jacobi-2d,DOUBLE,1,MINI,0.029988465974625143,0.001156,3.4666666666666665e-05,c
exo,ChooseHints,jacobi-2d,DOUBLE,2,MINI,0.030760130139012125,0.001127,3.4666666666666665e-05,c
exo,ChooseHints,jacobi-2d,DOUBLE,4,MINI,0.033667853674328264,0.0010296666666666666,3.4666666666666665e-05,c
exo,Naive,jacobi-2d,DOUBLE,3,MINI,0.029621190544004555,0.0011703333333333333,3.4666666666666665e-05,c
exo,standard,jacobi-2d,DOUBLE,1,MINI,0.8253968253968254,4.2e-05,3.4666666666666665e-05,c
exo,standard,jacobi-2d,DOUBLE,2,MINI,0.832,4.1666666666666665e-05,3.4666666666666665e-05,c
exo,standard,jacobi-2d,DOUBLE,3,MINI,0.832,4.1666666666666665e-05,3.4666666666666665e-05,c
exo,standard,jacobi-2d,DOUBLE,4,MINI,0.7703703703703703,4.5e-05,3.4666666666666665e-05,c
exo,standard,jacobi-2d,DOUBLE,5,MINI,0.8253968253968254,4.2e-05,3.4666666666666665e-05,c
halide,standard,jacobi-2d,DOUBLE,3,MINI,0.23908045977011488,0.00014500000000000003,3.4666666666666665e-05,c
halide,standard,jacobi-2d,DOUBLE,4,MINI,0.43881856540084385,7.9e-05,3.4666666666666665e-05,c
halide,standard,jacobi-2d,DOUBLE,5,MINI,0.2385321100917431,0.00014533333333333333,3.4666666666666665e-05,c
noarr,AllHints,jacobi-2d,DOUBLE,1,MINI,0.01043548063415613,0.003322,3.4666666666666665e-05,c
noarr,AllHints,jacobi-2d,DOUBLE,2,MINI,0.033110474371219355,0.001047,3.4666666666666665e-05,c
noarr,AllHints,jacobi-2d,DOUBLE,3,MINI,0.033843150016270744,0.0010243333333333333,3.4666666666666665e-05,c
noarr,AllHints,jacobi-2d,DOUBLE,4,MINI,0.010287862300919971,0.0033696666666666666,3.4666666666666665e-05,c
noarr,AllHints,jacobi-2d,DOUBLE,5,MINI,0.010547667342799187,0.003286666666666667,3.4666666666666665e-05,c
noarr,ChooseHints,jacobi-2d,DOUBLE,1,MINI,1.0833333333333333,3.2e-05,3.4666666666666665e-05,c
noarr,ChooseHints,jacobi-2d,DOUBLE,2,MINI,0.010383386581469648,0.003338666666666667,3.4666666666666665e-05,c
noarr,ChooseHints,jacobi-2d,DOUBLE,3,MINI,0.981132075471698,3.5333333333333336e-05,3.4666666666666665e-05,c
noarr,ChooseHints,jacobi-2d,DOUBLE,4,MINI,0.03398692810457516,0.00102,3.4666666666666665e-05,c
noarr,ChooseHints,jacobi-2d,DOUBLE,5,MINI,0.034165571616294355,0.0010146666666666665,3.4666666666666665e-05,c
noarr,FromPlan,jacobi-2d,DOUBLE,1,MINI,0.781954887218045,4.433333333333334e-05,3.4666666666666665e-05,c
noarr,FromPlan,jacobi-2d,DOUBLE,2,MINI,0.781954887218045,4.433333333333334e-05,3.4666666666666665e-05,c
noarr,FromPlan,jacobi-2d,DOUBLE,3,MINI,0.9541284403669724,3.633333333333333e-05,3.4666666666666665e-05,c
noarr,FromPlan,jacobi-2d,DOUBLE,4,MINI,0.7938931297709922,4.366666666666667e-05,3.4666666666666665e-05,c
noarr,FromPlan,jacobi-2d,DOUBLE,5,MINI,0.9629629629629629,3.6e-05,3.4666666666666665e-05,c
noarr,Naive,jacobi-2d,DOUBLE,1,MINI,0.033646069233257844,0.0010303333333333334,3.4666666666666665e-05,c
noarr,Naive,jacobi-2d,DOUBLE,2,MINI,0.9904761904761905,3.5e-05,3.4666666666666665e-05,c
noarr,Naive,jacobi-2d,DOUBLE,3,MINI,0.03383214053350683,0.0010246666666666666,3.4666666666666665e-05,c
noarr,Naive,jacobi-2d,DOUBLE,5,MINI,0.9719626168224298,3.566666666666667e-05,3.4666666666666665e-05,c
noarr,standard,jacobi-2d,DOUBLE,1,MINI,0.9203539823008849,3.766666666666666e-05,3.4666666666666665e-05,c
noarr,standard,jacobi-2d,DOUBLE,2,MINI,1.0196078431372548,3.4e-05,3.4666666666666665e-05,c
noarr,standard,jacobi-2d,DOUBLE,3,MINI,1.118279569892473,3.1e-05,3.4666666666666665e-05,c
noarr,standard,jacobi-2d,DOUBLE,4,MINI,1.0,3.4666666666666665e-05,3.4666666666666665e-05,c
noarr,standard,jacobi-2d,DOUBLE,5,MINI,1.0097087378640777,3.433333333333333e-05,3.4666666666666665e-05,c
c,AllHints,lu,DOUBLE,1,MINI,0.9784946236559139,3.1e-05,3.0333333333333333e-05,c
c,AllHints,lu,DOUBLE,2,MINI,1.2816901408450703,2.3666666666666668e-05,3.0333333333333333e-05,c
c,AllHints,lu,DOUBLE,3,MINI,0.027575757575757573,0.0011,3.0333333333333333e-05,c
c,AllHints,lu,DOUBLE,4,MINI,1.2297297297297298,2.4666666666666665e-05,3.0333333333333333e-05,c
c,AllHints,lu,DOUBLE,5,MINI,1.0963855421686746,2.7666666666666667e-05,3.0333333333333333e-05,c
c,ChooseHints,lu,DOUBLE,1,MINI,1.1375000000000002,2.6666666666666663e-05,3.0333333333333333e-05,c
c,ChooseHints,lu,DOUBLE,2,MINI,1.318840579710145,2.3e-05,3.0333333333333333e-05,c
c,ChooseHints,lu,DOUBLE,3,MINI,1.1973684210526316,2.5333333333333334e-05,3.0333333333333333e-05,c
c,ChooseHints,lu,DOUBLE,4,MINI,1.0,3.0333333333333333e-05,3.0333333333333333e-05,c
c,ChooseHints,lu,DOUBLE,5,MINI,0.1582608695652174,0.00019166666666666667,3.0333333333333333e-05,c
c,FromPlan,lu,DOUBLE,1,MINI,1.4444444444444444,2.1e-05,3.0333333333333333e-05,c
c,FromPlan,lu,DOUBLE,2,MINI,0.32971014492753625,9.2e-05,3.0333333333333333e-05,c
c,FromPlan,lu,DOUBLE,3,MINI,1.0963855421686746,2.7666666666666667e-05,3.0333333333333333e-05,c
c,FromPlan,lu,DOUBLE,4,MINI,1.1818181818181819,2.5666666666666666e-05,3.0333333333333333e-05,c
c,FromPlan,lu,DOUBLE,5,MINI,2.935483870967742,1.0333333333333333e-05,3.0333333333333333e-05,c
c,Naive,lu,DOUBLE,1,MINI,1.1234567901234567,2.7000000000000002e-05,3.0333333333333333e-05,c
c,Naive,lu,DOUBLE,2,MINI,1.1234567901234567,2.7000000000000002e-05,3.0333333333333333e-05,c
c,Naive,lu,DOUBLE,3,MINI,0.8749999999999999,3.466666666666667e-05,3.0333333333333333e-05,c
c,Naive,lu,DOUBLE,4,MINI,0.9680851063829787,3.1333333333333334e-05,3.0333333333333333e-05,c
c,Naive,lu,DOUBLE,5,MINI,1.4000000000000001,2.1666666666666664e-05,3.0333333333333333e-05,c
c,standard,lu,DOUBLE,1,MINI,1.0,3.0333333333333333e-05,3.0333333333333333e-05,c
exo,AllHints,lu,DOUBLE,1,MINI,0.031068624103789688,0.0009763333333333334,3.0333333333333333e-05,c
exo,AllHints,lu,DOUBLE,2,MINI,0.030485762144053602,0.000995,3.0333333333333333e-05,c
exo,AllHints,lu,DOUBLE,3,MINI,0.029885057471264367,0.001015,3.0333333333333333e-05,c
exo,AllHints,lu,DOUBLE,4,MINI,0.0018080308358665632,0.016777,3.0333333333333333e-05,c
exo,AllHints,lu,DOUBLE,5,MINI,0.5548780487804877,5.466666666666667e-05,3.0333333333333333e-05,c
exo,ChooseHints,lu,DOUBLE,1,MINI,0.8348623853211009,3.633333333333333e-05,3.0333333333333333e-05,c
exo,ChooseHints,lu,DOUBLE,2,MINI,0.030373831775700938,0.0009986666666666666,3.0333333333333333e-05,c
exo,ChooseHints,lu,DOUBLE,3,MINI,1.0340909090909092,2.9333333333333333e-05,3.0333333333333333e-05,c
exo,FromPlan,lu,DOUBLE,3,MINI,0.7338709677419355,4.133333333333333e-05,3.0333333333333333e-05,c
exo,Naive,lu,DOUBLE,1,MINI,0.8834951456310678,3.433333333333334e-05,3.0333333333333333e-05,c
exo,Naive,lu,DOUBLE,2,MINI,0.8504672897196262,3.566666666666667e-05,3.0333333333333333e-05,c
exo,Naive,lu,DOUBLE,3,MINI,1.0340909090909092,2.9333333333333333e-05,3.0333333333333333e-05,c
exo,Naive,lu,DOUBLE,4,MINI,0.02813852813852814,0.001078,3.0333333333333333e-05,c
exo,Naive,lu,DOUBLE,5,MINI,0.8584905660377358,3.5333333333333336e-05,3.0333333333333333e-05,c
exo,standard,lu,DOUBLE,1,MINI,0.9578947368421052,3.1666666666666666e-05,3.0333333333333333e-05,c
exo,standard,lu,DOUBLE,2,MINI,0.9891304347826086,3.066666666666667e-05,3.0333333333333333e-05,c
exo,standard,lu,DOUBLE,3,MINI,0.9381443298969073,3.233333333333333e-05,3.0333333333333333e-05,c
exo,standard,lu,DOUBLE,4,MINI,0.9578947368421052,3.1666666666666666e-05,3.0333333333333333e-05,c
exo,standard,lu,DOUBLE,5,MINI,0.9479166666666667,3.2e-05,3.0333333333333333e-05,c
halide,ChooseHints,lu,DOUBLE,2,MINI,0.03705211726384365,0.0008186666666666667,3.0333333333333333e-05,c
halide,ChooseHints,lu,DOUBLE,4,MINI,0.03346818683339463,0.0009063333333333333,3.0333333333333333e-05,c
halide,ChooseHints,lu,DOUBLE,5,MINI,0.021651201522721864,0.0014010000000000001,3.0333333333333333e-05,c
halide,FromPlan,lu,DOUBLE,5,MINI,0.02150791774994091,0.0014103333333333335,3.0333333333333333e-05,c
halide,standard,lu,DOUBLE,1,MINI,0.020195295162006216,0.0015019999999999999,3.0333333333333333e-05,c
halide,standard,lu,DOUBLE,5,MINI,0.021059939828743345,0.0014403333333333334,3.0333333333333333e-05,c
noarr,AllHints,lu,DOUBLE,1,MINI,1.318840579710145,2.3e-05,3.0333333333333333e-05,c
noarr,AllHints,lu,DOUBLE,2,MINI,1.1375000000000002,2.6666666666666663e-05,3.0333333333333333e-05,c
noarr,AllHints,lu,DOUBLE,3,MINI,1.7843137254901962,1.7e-05,3.0333333333333333e-05,c
noarr,AllHints,lu,DOUBLE,4,MINI,1.4000000000000001,2.1666666666666664e-05,3.0333333333333333e-05,c
noarr,AllHints,lu,DOUBLE,5,MINI,1.7169811320754715,1.7666666666666668e-05,3.0333333333333333e-05,c
noarr,ChooseHints,lu,DOUBLE,1,MINI,1.3582089552238805,2.2333333333333335e-05,3.0333333333333333e-05,c
noarr,ChooseHints,lu,DOUBLE,2,MINI,1.2638888888888888,2.4e-05,3.0333333333333333e-05,c
noarr,ChooseHints,lu,DOUBLE,3,MINI,1.0224719101123596,2.9666666666666665e-05,3.0333333333333333e-05,c
noarr,ChooseHints,lu,DOUBLE,5,MINI,1.2638888888888888,2.4e-05,3.0333333333333333e-05,c
noarr,FromPlan,lu,DOUBLE,1,MINI,1.318840579710145,2.3e-05,3.0333333333333333e-05,c
noarr,FromPlan,lu,DOUBLE,2,MINI,1.4918032786885245,2.0333333333333334e-05,3.0333333333333333e-05,c
noarr,FromPlan,lu,DOUBLE,3,MINI,1.7843137254901962,1.7e-05,3.0333333333333333e-05,c
noarr,FromPlan,lu,DOUBLE,4,MINI,1.3787878787878787,2.2000000000000003e-05,3.0333333333333333e-05,c
noarr,FromPlan,lu,DOUBLE,5,MINI,1.1518987341772153,2.633333333333333e-05,3.0333333333333333e-05,c
noarr,Naive,lu,DOUBLE,1,MINI,1.2638888888888888,2.4e-05,3.0333333333333333e-05,c
noarr,Naive,lu,DOUBLE,2,MINI,1.1973684210526316,2.5333333333333334e-05,3.0333333333333333e-05,c
noarr,Naive,lu,DOUBLE,3,MINI,1.1973684210526316,2.533333333333333e-05,3.0333333333333333e-05,c
noarr,Naive,lu,DOUBLE,4,MINI,1.0833333333333333,2.8e-05,3.0333333333333333e-05,c
noarr,standard,lu,DOUBLE,2,MINI,1.1097560975609755,2.7333333333333335e-05,3.0333333333333333e-05,c
noarr,standard,lu,DOUBLE,5,MINI,1.2638888888888888,2.4e-05,3.0333333333333333e-05,c
c,AllHints,ludcmp,DOUBLE,1,MINI,0.7435897435897436,3.9e-05,2.9e-05,c
c,AllHints,ludcmp,DOUBLE,2,MINI,1.023529411764706,2.8333333333333332e-05,2.9e-05,c
c,AllHints,ludcmp,DOUBLE,3,MINI,1.0235294117647058,2.8333333333333335e-05,2.9e-05,c
c,AllHints,ludcmp,DOUBLE,5,MINI,1.0,2.9e-05,2.9e-05,c
c,ChooseHints,ludcmp,DOUBLE,1,MINI,0.02667893284268629,0.001087,2.9e-05,c
c,ChooseHints,ludcmp,DOUBLE,2,MINI,0.2909698996655518,9.966666666666667e-05,2.9e-05,c
c,ChooseHints,ludcmp,DOUBLE,3,MINI,1.0875000000000001,2.6666666666666663e-05,2.9e-05,c
c,ChooseHints,ludcmp,DOUBLE,4,MINI,0.3020833333333333,9.6e-05,2.9e-05,c
c,ChooseHints,ludcmp,DOUBLE,5,MINI,0.03553921568627451,0.000816,2.9e-05,c
c,FromPlan,ludcmp,DOUBLE,1,MINI,1.0116279069767442,2.8666666666666668e-05,2.9e-05,c
c,FromPlan,ludcmp,DOUBLE,3,MINI,1.2428571428571427,2.3333333333333336e-05,2.9e-05,c
c,FromPlan,ludcmp,DOUBLE,4,MINI,1.0,2.9e-05,2.9e-05,c
c,FromPlan,ludcmp,DOUBLE,5,MINI,1.2794117647058822,2.2666666666666668e-05,2.9e-05,c
c,Naive,ludcmp,DOUBLE,2,MINI,0.9456521739130435,3.066666666666667e-05,2.9e-05,c
c,Naive,ludcmp,DOUBLE,3,MINI,1.0,2.9e-05,2.9e-05,c
c,Naive,ludcmp,DOUBLE,4,MINI,1.0,2.9e-05,2.9e-05,c
c,standard,ludcmp,DOUBLE,1,MINI,1.0,2.9e-05,2.9e-05,c
exo,AllHints,ludcmp,DOUBLE,2,MINI,0.8446601941747574,3.433333333333333e-05,2.9e-05,c
exo,AllHints,ludcmp,DOUBLE,5,MINI,0.026581118240146657,0.001091,2.9e-05,c
exo,ChooseHints,ludcmp,DOUBLE,1,MINI,0.820754716981132,3.5333333333333336e-05,2.9e-05,c
exo,ChooseHints,ludcmp,DOUBLE,3,MINI,0.026508226691042046,0.0010940000000000001,2.9e-05,c
exo,ChooseHints,ludcmp,DOUBLE,4,MINI,0.7909090909090909,3.6666666666666666e-05,2.9e-05,c
exo,FromPlan,ludcmp,DOUBLE,3,MINI,0.0013715691065882612,0.021143666666666668,2.9e-05,c
exo,Naive,ludcmp,DOUBLE,1,MINI,0.9456521739130435,3.066666666666667e-05,2.9e-05,c
exo,Naive,ludcmp,DOUBLE,2,MINI,0.9354838709677419,3.1e-05,2.9e-05,c
exo,Naive,ludcmp,DOUBLE,3,MINI,0.6744186046511629,4.2999999999999995e-05,2.9e-05,c
exo,Naive,ludcmp,DOUBLE,5,MINI,0.87,3.3333333333333335e-05,2.9e-05,c
exo,standard,ludcmp,DOUBLE,1,MINI,0.9157894736842106,3.1666666666666666e-05,2.9e-05,c
exo,standard,ludcmp,DOUBLE,2,MINI,0.9456521739130435,3.066666666666667e-05,2.9e-05,c
exo,standard,ludcmp,DOUBLE,3,MINI,0.9354838709677419,3.1e-05,2.9e-05,c
exo,standard,ludcmp,DOUBLE,4,MINI,0.7981651376146789,3.633333333333333e-05,2.9e-05,c
exo,standard,ludcmp,DOUBLE,5,MINI,0.9354838709677419,3.1e-05,2.9e-05,c
halide,AllHints,ludcmp,DOUBLE,2,MINI,0.01889661164205039,0.0015346666666666668,2.9e-05,c
halide,AllHints,ludcmp,DOUBLE,4,MINI,0.03172866520787746,0.000914,2.9e-05,c
halide,ChooseHints,ludcmp,DOUBLE,1,MINI,0.01928618931500776,0.0015036666666666664,2.9e-05,c
halide,Naive,ludcmp,DOUBLE,3,MINI,0.033092430581970325,0.0008763333333333335,2.9e-05,c
halide,standard,ludcmp,DOUBLE,3,MINI,0.0196078431372549,0.001479,2.9e-05,c
noarr,AllHints,ludcmp,DOUBLE,1,MINI,1.0740740740740742,2.6999999999999996e-05,2.9e-05,c
noarr,AllHints,ludcmp,DOUBLE,2,MINI,0.8969072164948454,3.233333333333333e-05,2.9e-05,c
noarr,AllHints,ludcmp,DOUBLE,3,MINI,0.7016129032258065,4.133333333333333e-05,2.9e-05,c
noarr,AllHints,ludcmp,DOUBLE,4,MINI,1.16,2.5e-05,2.9e-05,c
noarr,AllHints,ludcmp,DOUBLE,5,MINI,1.1153846153846154,2.6e-05,2.9e-05,c
noarr,ChooseHints,ludcmp,DOUBLE,1,MINI,0.8877551020408164,3.266666666666666e-05,2.9e-05,c
noarr,ChooseHints,ludcmp,DOUBLE,2,MINI,1.0481927710843373,2.7666666666666667e-05,2.9e-05,c
noarr,ChooseHints,ludcmp,DOUBLE,3,MINI,1.0,2.9e-05,2.9e-05,c
noarr,ChooseHints,ludcmp,DOUBLE,4,MINI,1.1153846153846154,2.6e-05,2.9e-05,c
noarr,ChooseHints,ludcmp,DOUBLE,5,MINI,0.8613861386138614,3.366666666666667e-05,2.9e-05,c
noarr,FromPlan,ludcmp,DOUBLE,1,MINI,1.0740740740740742,2.6999999999999996e-05,2.9e-05,c
noarr,FromPlan,ludcmp,DOUBLE,2,MINI,1.0481927710843373,2.7666666666666667e-05,2.9e-05,c
noarr,FromPlan,ludcmp,DOUBLE,3,MINI,1.16,2.5e-05,2.9e-05,c
noarr,FromPlan,ludcmp,DOUBLE,5,MINI,1.16,2.5e-05,2.9e-05,c
noarr,Naive,ludcmp,DOUBLE,1,MINI,1.1012658227848102,2.633333333333333e-05,2.9e-05,c
noarr,Naive,ludcmp,DOUBLE,2,MINI,0.9157894736842106,3.1666666666666666e-05,2.9e-05,c
noarr,Naive,ludcmp,DOUBLE,3,MINI,1.1153846153846154,2.6e-05,2.9e-05,c
noarr,Naive,ludcmp,DOUBLE,4,MINI,1.1012658227848102,2.633333333333333e-05,2.9e-05,c
noarr,Naive,ludcmp,DOUBLE,5,MINI,1.0,2.9e-05,2.9e-05,c
noarr,standard,ludcmp,DOUBLE,1,MINI,1.1153846153846154,2.6e-05,2.9e-05,c
c,AllHints,mvt,DOUBLE,1,MINI,2.3333333333333335,2e-06,4.666666666666667e-06,c
c,AllHints,mvt,DOUBLE,2,MINI,0.11764705882352941,3.966666666666667e-05,4.666666666666667e-06,c
c,AllHints,mvt,DOUBLE,4,MINI,0.07216494845360825,6.466666666666666e-05,4.666666666666667e-06,c
c,AllHints,mvt,DOUBLE,5,MINI,0.7000000000000002,6.666666666666666e-06,4.666666666666667e-06,c
c,ChooseHints,mvt,DOUBLE,1,MINI,0.4375000000000001,1.0666666666666666e-05,4.666666666666667e-06,c
c,ChooseHints,mvt,DOUBLE,2,MINI,0.04294478527607362,0.00010866666666666667,4.666666666666667e-06,c
c,ChooseHints,mvt,DOUBLE,3,MINI,1.4000000000000004,3.333333333333333e-06,4.666666666666667e-06,c
c,ChooseHints,mvt,DOUBLE,5,MINI,0.6363636363636365,7.333333333333333e-06,4.666666666666667e-06,c
c,FromPlan,mvt,DOUBLE,1,MINI,2.3333333333333335,2e-06,4.666666666666667e-06,c
c,FromPlan,mvt,DOUBLE,2,MINI,1.4000000000000004,3.333333333333333e-06,4.666666666666667e-06,c
c,FromPlan,mvt,DOUBLE,3,MINI,2.3333333333333335,2e-06,4.666666666666667e-06,c
c,FromPlan,mvt,DOUBLE,4,MINI,2.3333333333333335,2e-06,4.666666666666667e-06,c
c,FromPlan,mvt,DOUBLE,5,MINI,2.0000000000000004,2.333333333333333e-06,4.666666666666667e-06,c
c,Naive,mvt,DOUBLE,1,MINI,2.3333333333333335,2e-06,4.666666666666667e-06,c
c,Naive,mvt,DOUBLE,2,MINI,2.3333333333333335,2e-06,4.666666666666667e-06,c
c,Naive,mvt,DOUBLE,3,MINI,1.7500000000000004,2.6666666666666664e-06,4.666666666666667e-06,c
c,Naive,mvt,DOUBLE,4,MINI,2.3333333333333335,2e-06,4.666666666666667e-06,c
c,Naive,mvt,DOUBLE,5,MINI,2.3333333333333335,2e-06,4.666666666666667e-06,c
c,standard,mvt,DOUBLE,1,MINI,1.0,4.666666666666667e-06,4.666666666666667e-06,c
exo,AllHints,mvt,DOUBLE,1,MINI,0.07070707070707072,6.599999999999999e-05,4.666666666666667e-06,c
exo,AllHints,mvt,DOUBLE,2,MINI,0.08235294117647059,5.666666666666667e-05,4.666666666666667e-06,c
exo,AllHints,mvt,DOUBLE,3,MINI,0.08000000000000002,5.833333333333333e-05,4.666666666666667e-06,c
exo,AllHints,mvt,DOUBLE,4,MINI,0.08484848484848485,5.5e-05,4.666666666666667e-06,c
exo,AllHints,mvt,DOUBLE,5,MINI,0.1206896551724138,3.866666666666667e-05,4.666666666666667e-06,c
exo,ChooseHints,mvt,DOUBLE,1,MINI,0.13461538461538464,3.4666666666666665e-05,4.666666666666667e-06,c
exo,ChooseHints,mvt,DOUBLE,2,MINI,0.1346153846153846,3.466666666666667e-05,4.666666666666667e-06,c
exo,ChooseHints,mvt,DOUBLE,3,MINI,0.07865168539325844,5.933333333333333e-05,4.666666666666667e-06,c
exo,ChooseHints,mvt,DOUBLE,4,MINI,1.0,4.666666666666667e-06,4.666666666666667e-06,c
exo,ChooseHints,mvt,DOUBLE,5,MINI,0.08284023668639054,5.633333333333334e-05,4.666666666666667e-06,c
exo,FromPlan,mvt,DOUBLE,2,MINI,0.1359223300970874,3.433333333333333e-05,4.666666666666667e-06,c
exo,FromPlan,mvt,DOUBLE,3,MINI,0.004176610978520287,0.0011173333333333332,4.666666666666667e-06,c
exo,FromPlan,mvt,DOUBLE,4,MINI,0.004250151791135398,0.001098,4.666666666666667e-06,c
exo,Naive,mvt,DOUBLE,2,MINI,0.07329842931937174,6.366666666666666e-05,4.666666666666667e-06,c
exo,Naive,mvt,DOUBLE,3,MINI,1.0,4.666666666666667e-06,4.666666666666667e-06,c
exo,Naive,mvt,DOUBLE,4,MINI,0.13725490196078435,3.399999999999999e-05,4.666666666666667e-06,c
exo,standard,mvt,DOUBLE,1,MINI,0.8749999999999999,5.3333333333333345e-06,4.666666666666667e-06,c
exo,standard,mvt,DOUBLE,2,MINI,0.5000000000000001,9.333333333333333e-06,4.666666666666667e-06,c
exo,standard,mvt,DOUBLE,3,MINI,0.9333333333333333,5e-06,4.666666666666667e-06,c
exo,standard,mvt,DOUBLE,4,MINI,0.9333333333333333,5e-06,4.666666666666667e-06,c
exo,standard,mvt,DOUBLE,5,MINI,0.823529411764706,5.666666666666667e-06,4.666666666666667e-06,c
halide,AllHints,mvt,DOUBLE,3,MINI,0.03482587064676617,0.000134,4.666666666666667e-06,c
halide,AllHints,mvt,DOUBLE,5,MINI,0.0014046352964783787,0.0033223333333333334,4.666666666666667e-06,c
halide,ChooseHints,mvt,DOUBLE,2,MINI,0.011735121542330262,0.00039766666666666667,4.666666666666667e-06,c
halide,FromPlan,mvt,DOUBLE,5,MINI,0.02385008517887564,0.0001956666666666667,4.666666666666667e-06,c
halide,Naive,mvt,DOUBLE,2,MINI,0.02360876897133221,0.00019766666666666666,4.666666666666667e-06,c
halide,Naive,mvt,DOUBLE,3,MINI,0.022257551669316377,0.00020966666666666668,4.666666666666667e-06,c
halide,standard,mvt,DOUBLE,1,MINI,0.2413793103448276,1.9333333333333333e-05,4.666666666666667e-06,c
halide,standard,mvt,DOUBLE,2,MINI,0.22950819672131148,2.0333333333333334e-05,4.666666666666667e-06,c
halide,standard,mvt,DOUBLE,3,MINI,0.2413793103448276,1.9333333333333333e-05,4.666666666666667e-06,c
halide,standard,mvt,DOUBLE,4,MINI,0.2545454545454546,1.8333333333333333e-05,4.666666666666667e-06,c
halide,standard,mvt,DOUBLE,5,MINI,0.1971830985915493,2.3666666666666668e-05,4.666666666666667e-06,c
noarr,AllHints,mvt,DOUBLE,1,MINI,0.002044691105593691,0.0022823333333333333,4.666666666666667e-06,c
noarr,AllHints,mvt,DOUBLE,2,MINI,2.3333333333333335,2e-06,4.666666666666667e-06,c
noarr,AllHints,mvt,DOUBLE,3,MINI,0.0020488804331918633,0.0022776666666666666,4.666666666666667e-06,c
noarr,AllHints,mvt,DOUBLE,4,MINI,0.002006593091586642,0.002325666666666667,4.666666666666667e-06,c
noarr,AllHints,mvt,DOUBLE,5,MINI,2.3333333333333335,2e-06,4.666666666666667e-06,c
noarr,ChooseHints,mvt,DOUBLE,1,MINI,2.3333333333333335,2e-06,4.666666666666667e-06,c
noarr,ChooseHints,mvt,DOUBLE,2,MINI,2.3333333333333335,2e-06,4.666666666666667e-06,c
noarr,ChooseHints,mvt,DOUBLE,3,MINI,2.3333333333333335,2e-06,4.666666666666667e-06,c
noarr,ChooseHints,mvt,DOUBLE,4,MINI,2.3333333333333335,2e-06,4.666666666666667e-06,c
noarr,ChooseHints,mvt,DOUBLE,5,MINI,2.3333333333333335,2e-06,4.666666666666667e-06,c
noarr,FromPlan,mvt,DOUBLE,1,MINI,2.3333333333333335,2e-06,4.666666666666667e-06,c
noarr,FromPlan,mvt,DOUBLE,2,MINI,1.1666666666666667,4e-06,4.666666666666667e-06,c
noarr,FromPlan,mvt,DOUBLE,3,MINI,1.1666666666666667,4e-06,4.666666666666667e-06,c
noarr,FromPlan,mvt,DOUBLE,4,MINI,2.3333333333333335,2e-06,4.666666666666667e-06,c
noarr,FromPlan,mvt,DOUBLE,5,MINI,2.3333333333333335,2e-06,4.666666666666667e-06,c
noarr,Naive,mvt,DOUBLE,1,MINI,1.5555555555555556,3e-06,4.666666666666667e-06,c
noarr,Naive,mvt,DOUBLE,2,MINI,1.1666666666666667,4e-06,4.666666666666667e-06,c
noarr,Naive,mvt,DOUBLE,3,MINI,2.3333333333333335,2e-06,4.666666666666667e-06,c
noarr,Naive,mvt,DOUBLE,4,MINI,2.3333333333333335,2e-06,4.666666666666667e-06,c
noarr,Naive,mvt,DOUBLE,5,MINI,2.3333333333333335,2e-06,4.666666666666667e-06,c
noarr,standard,mvt,DOUBLE,1,MINI,1.5555555555555556,3e-06,4.666666666666667e-06,c
noarr,standard,mvt,DOUBLE,2,MINI,1.5555555555555556,3e-06,4.666666666666667e-06,c
noarr,standard,mvt,DOUBLE,3,MINI,1.5555555555555556,3e-06,4.666666666666667e-06,c
noarr,standard,mvt,DOUBLE,4,MINI,1.5555555555555556,3e-06,4.666666666666667e-06,c
noarr,standard,mvt,DOUBLE,5,MINI,1.5555555555555556,3e-06,4.666666666666667e-06,c
c,AllHints,nussinov,DOUBLE,1,MINI,0.7434782608695653,0.00015333333333333334,0.000114,c
c,AllHints,nussinov,DOUBLE,3,MINI,0.08307019674520283,0.0013723333333333333,0.000114,c
c,AllHints,nussinov,DOUBLE,5,MINI,0.38775510204081637,0.000294,0.000114,c
c,ChooseHints,nussinov,DOUBLE,1,MINI,0.37053087757313113,0.00030766666666666665,0.000114,c
c,ChooseHints,nussinov,DOUBLE,2,MINI,0.1484375,0.000768,0.000114,c
c,ChooseHints,nussinov,DOUBLE,4,MINI,0.15503173164097914,0.0007353333333333334,0.000114,c
c,ChooseHints,nussinov,DOUBLE,5,MINI,0.4061757719714964,0.0002806666666666667,0.000114,c
c,FromPlan,nussinov,DOUBLE,1,MINI,2.0727272727272728,5.5e-05,0.000114,c
c,FromPlan,nussinov,DOUBLE,3,MINI,0.08106186300071107,0.0014063333333333334,0.000114,c
c,FromPlan,nussinov,DOUBLE,4,MINI,0.5916955017301038,0.0001926666666666667,0.000114,c
c,FromPlan,nussinov,DOUBLE,5,MINI,2.1923076923076925,5.2e-05,0.000114,c
c,Naive,nussinov,DOUBLE,1,MINI,2.3265306122448983,4.9e-05,0.000114,c
c,Naive,nussinov,DOUBLE,2,MINI,1.8288770053475936,6.233333333333334e-05,0.000114,c
c,Naive,nussinov,DOUBLE,3,MINI,1.7448979591836737,6.533333333333333e-05,0.000114,c
c,Naive,nussinov,DOUBLE,5,MINI,1.8288770053475936,6.233333333333334e-05,0.000114,c
c,standard,nussinov,DOUBLE,1,MINI,1.0,0.000114,0.000114,c
exo,AllHints,nussinov,DOUBLE,2,MINI,0.079203334877258,0.0014393333333333333,0.000114,c
exo,AllHints,nussinov,DOUBLE,3,MINI,0.07663006946000449,0.0014876666666666667,0.000114,c
exo,AllHints,nussinov,DOUBLE,5,MINI,0.07988787666433077,0.001427,0.000114,c
exo,ChooseHints,nussinov,DOUBLE,1,MINI,1.1712328767123288,9.733333333333333e-05,0.000114,c
exo,ChooseHints,nussinov,DOUBLE,2,MINI,0.07889273356401384,0.001445,0.000114,c
exo,ChooseHints,nussinov,DOUBLE,3,MINI,0.0817204301075269,0.0013949999999999998,0.000114,c
exo,ChooseHints,nussinov,DOUBLE,4,MINI,0.08043273753527753,0.0014173333333333332,0.000114,c
exo,ChooseHints,nussinov,DOUBLE,5,MINI,0.0782608695652174,0.0014566666666666667,0.000114,c
exo,FromPlan,nussinov,DOUBLE,1,MINI,0.07942405945192754,0.0014353333333333334,0.000114,c
exo,FromPlan,nussinov,DOUBLE,4,MINI,1.1752577319587627,9.700000000000001e-05,0.000114,c
exo,Naive,nussinov,DOUBLE,1,MINI,0.9688385269121813,0.00011766666666666668,0.000114,c
exo,Naive,nussinov,DOUBLE,2,MINI,0.957983193277311,0.000119,0.000114,c
exo,standard,nussinov,DOUBLE,1,MINI,0.9606741573033709,0.00011866666666666666,0.000114,c
exo,standard,nussinov,DOUBLE,2,MINI,1.0058823529411764,0.00011333333333333334,0.000114,c
exo,standard,nussinov,DOUBLE,3,MINI,0.9526462395543176,0.00011966666666666667,0.000114,c
exo,standard,nussinov,DOUBLE,5,MINI,1.2346570397111913,9.233333333333333e-05,0.000114,c
halide,AllHints,nussinov,DOUBLE,4,MINI,0.8592964824120602,0.00013266666666666667,0.000114,c
halide,ChooseHints,nussinov,DOUBLE,1,MINI,0.09390444810543658,0.001214,0.000114,c
halide,standard,nussinov,DOUBLE,3,MINI,0.06661472536034282,0.0017113333333333332,0.000114,c
halide,standard,nussinov,DOUBLE,4,MINI,0.0584215920737957,0.0019513333333333333,0.000114,c
c,AllHints,seidel-2d,DOUBLE,1,MINI,1.363405336721728,0.00026233333333333333,0.00035766666666666667,c
c,AllHints,seidel-2d,DOUBLE,2,MINI,0.9719202898550725,0.000368,0.00035766666666666667,c
c,AllHints,seidel-2d,DOUBLE,3,MINI,0.9363001745200699,0.00038199999999999996,0.00035766666666666667,c
c,AllHints,seidel-2d,DOUBLE,4,MINI,0.8867768595041321,0.0004033333333333334,0.00035766666666666667,c
c,AllHints,seidel-2d,DOUBLE,5,MINI,1.2896634615384615,0.00027733333333333337,0.00035766666666666667,c
c,ChooseHints,seidel-2d,DOUBLE,1,MINI,1.3703703703703705,0.000261,0.00035766666666666667,c
c,ChooseHints,seidel-2d,DOUBLE,2,MINI,0.954626334519573,0.00037466666666666665,0.00035766666666666667,c
c,ChooseHints,seidel-2d,DOUBLE,3,MINI,1.809443507588533,0.00019766666666666666,0.00035766666666666667,c
c,ChooseHints,seidel-2d,DOUBLE,4,MINI,1.007511737089202,0.000355,0.00035766666666666667,c
c,ChooseHints,seidel-2d,DOUBLE,5,MINI,1.2096956031567079,0.0002956666666666667,0.00035766666666666667,c
c,FromPlan,seidel-2d,DOUBLE,1,MINI,1.8791593695271454,0.00019033333333333334,0.00035766666666666667,c
c,FromPlan,seidel-2d,DOUBLE,2,MINI,1.9333333333333336,0.00018499999999999997,0.00035766666666666667,c
c,FromPlan,seidel-2d,DOUBLE,3,MINI,1.8857644991212652,0.00018966666666666668,0.00035766666666666667,c
c,FromPlan,seidel-2d,DOUBLE,4,MINI,1.9333333333333336,0.00018499999999999997,0.00035766666666666667,c
c,FromPlan,seidel-2d,DOUBLE,5,MINI,1.926391382405745,0.00018566666666666666,0.00035766666666666667,c
c,Naive,seidel-2d,DOUBLE,2,MINI,0.8956594323873122,0.00039933333333333335,0.00035766666666666667,c
c,Naive,seidel-2d,DOUBLE,3,MINI,1.2881152460984393,0.0002776666666666667,0.00035766666666666667,c
c,Naive,seidel-2d,DOUBLE,4,MINI,1.1765350877192982,0.000304,0.00035766666666666667,c
c,Naive,seidel-2d,DOUBLE,5,MINI,1.0277777777777777,0.000348,0.00035766666666666667,c
c,standard,seidel-2d,DOUBLE,1,MINI,1.0,0.00035766666666666667,0.00035766666666666667,c
exo,AllHints,seidel-2d,DOUBLE,1,MINI,0.9953617810760669,0.0003593333333333333,0.00035766666666666667,c
exo,ChooseHints,seidel-2d,DOUBLE,1,MINI,0.8488924050632912,0.0004213333333333333,0.00035766666666666667,c
exo,FromPlan,seidel-2d,DOUBLE,2,MINI,0.9710407239819003,0.00036833333333333336,0.00035766666666666667,c
exo,FromPlan,seidel-2d,DOUBLE,3,MINI,0.9554764024933216,0.0003743333333333333,0.00035766666666666667,c
exo,Naive,seidel-2d,DOUBLE,3,MINI,0.7384721266345493,0.0004843333333333333,0.00035766666666666667,c
exo,standard,seidel-2d,DOUBLE,1,MINI,0.9962859795728877,0.000359,0.00035766666666666667,c
exo,standard,seidel-2d,DOUBLE,2,MINI,1.0094073377234245,0.0003543333333333333,0.00035766666666666667,c
exo,standard,seidel-2d,DOUBLE,3,MINI,1.0,0.00035766666666666667,0.00035766666666666667,c
exo,standard,seidel-2d,DOUBLE,4,MINI,0.998139534883721,0.00035833333333333333,0.00035766666666666667,c
exo,standard,seidel-2d,DOUBLE,5,MINI,0.987120515179393,0.00036233333333333327,0.00035766666666666667,c
halide,standard,seidel-2d,DOUBLE,1,MINI,2.3844444444444446,0.00015,0.00035766666666666667,c
halide,standard,seidel-2d,DOUBLE,3,MINI,0.07516110955449705,0.004758666666666667,0.00035766666666666667,c
noarr,AllHints,seidel-2d,DOUBLE,1,MINI,1.0882352941176472,0.0003286666666666666,0.00035766666666666667,c
noarr,AllHints,seidel-2d,DOUBLE,2,MINI,1.4460916442048517,0.00024733333333333335,0.00035766666666666667,c
noarr,AllHints,seidel-2d,DOUBLE,3,MINI,1.3312655086848635,0.0002686666666666667,0.00035766666666666667,c
noarr,AllHints,seidel-2d,DOUBLE,4,MINI,1.4658469945355193,0.000244,0.00035766666666666667,c
noarr,AllHints,seidel-2d,DOUBLE,5,MINI,1.2042648709315376,0.000297,0.00035766666666666667,c
noarr,ChooseHints,seidel-2d,DOUBLE,1,MINI,1.484094052558783,0.000241,0.00035766666666666667,c
noarr,ChooseHints,seidel-2d,DOUBLE,2,MINI,1.219318181818182,0.0002933333333333333,0.00035766666666666667,c
noarr,ChooseHints,seidel-2d,DOUBLE,3,MINI,1.0937818552497451,0.00032700000000000003,0.00035766666666666667,c
noarr,ChooseHints,seidel-2d,DOUBLE,4,MINI,1.0676616915422885,0.000335,0.00035766666666666667,c
noarr,ChooseHints,seidel-2d,DOUBLE,5,MINI,1.2179341657207718,0.0002936666666666667,0.00035766666666666667,c
noarr,FromPlan,seidel-2d,DOUBLE,1,MINI,1.0151371807000946,0.00035233333333333335,0.00035766666666666667,c
noarr,FromPlan,seidel-2d,DOUBLE,2,MINI,1.4193121693121693,0.000252,0.00035766666666666667,c
noarr,FromPlan,seidel-2d,DOUBLE,3,MINI,0.9907663896583564,0.000361,0.00035766666666666667,c
noarr,FromPlan,seidel-2d,DOUBLE,4,MINI,0.9701627486437613,0.00036866666666666667,0.00035766666666666667,c
noarr,Naive,seidel-2d,DOUBLE,1,MINI,1.0676616915422885,0.000335,0.00035766666666666667,c
noarr,Naive,seidel-2d,DOUBLE,2,MINI,1.4441453566621805,0.00024766666666666665,0.00035766666666666667,c
noarr,Naive,seidel-2d,DOUBLE,3,MINI,1.4539295392953928,0.000246,0.00035766666666666667,c
noarr,Naive,seidel-2d,DOUBLE,4,MINI,1.0773092369477912,0.000332,0.00035766666666666667,c
noarr,Naive,seidel-2d,DOUBLE,5,MINI,1.451962110960758,0.0002463333333333333,0.00035766666666666667,c
noarr,standard,seidel-2d,DOUBLE,1,MINI,1.0871327254305976,0.00032900000000000003,0.00035766666666666667,c
noarr,standard,seidel-2d,DOUBLE,2,MINI,1.073,0.0003333333333333333,0.00035766666666666667,c
noarr,standard,seidel-2d,DOUBLE,3,MINI,1.0926680244399185,0.00032733333333333334,0.00035766666666666667,c
noarr,standard,seidel-2d,DOUBLE,4,MINI,1.0993852459016393,0.00032533333333333334,0.00035766666666666667,c
noarr,standard,seidel-2d,DOUBLE,5,MINI,1.0937818552497451,0.00032700000000000003,0.00035766666666666667,c
c,AllHints,symm,DOUBLE,1,MINI,0.11898016997167138,0.00011766666666666668,1.4e-05,c
c,AllHints,symm,DOUBLE,2,MINI,3.5,4e-06,1.4e-05,c
c,AllHints,symm,DOUBLE,3,MINI,0.04861111111111111,0.000288,1.4e-05,c
c,AllHints,symm,DOUBLE,4,MINI,0.007593563550894957,0.0018436666666666664,1.4e-05,c
c,AllHints,symm,DOUBLE,5,MINI,0.2576687116564417,5.433333333333334e-05,1.4e-05,c
c,ChooseHints,symm,DOUBLE,1,MINI,2.8000000000000003,4.9999999999999996e-06,1.4e-05,c
c,ChooseHints,symm,DOUBLE,2,MINI,0.4158415841584158,3.366666666666667e-05,1.4e-05,c
c,ChooseHints,symm,DOUBLE,3,MINI,0.358974358974359,3.9e-05,1.4e-05,c
c,ChooseHints,symm,DOUBLE,4,MINI,0.3962264150943396,3.5333333333333336e-05,1.4e-05,c
c,ChooseHints,symm,DOUBLE,5,MINI,0.04923798358733881,0.0002843333333333333,1.4e-05,c
c,FromPlan,symm,DOUBLE,1,MINI,3.5,4e-06,1.4e-05,c
c,FromPlan,symm,DOUBLE,2,MINI,3.2307692307692304,4.333333333333334e-06,1.4e-05,c
c,FromPlan,symm,DOUBLE,3,MINI,3.2307692307692304,4.333333333333334e-06,1.4e-05,c
c,FromPlan,symm,DOUBLE,4,MINI,3.2307692307692304,4.333333333333334e-06,1.4e-05,c
c,FromPlan,symm,DOUBLE,5,MINI,4.2,3.333333333333333e-06,1.4e-05,c
c,Naive,symm,DOUBLE,1,MINI,3.2307692307692304,4.333333333333334e-06,1.4e-05,c
c,Naive,symm,DOUBLE,2,MINI,3.2307692307692304,4.333333333333334e-06,1.4e-05,c
c,Naive,symm,DOUBLE,3,MINI,3.8181818181818183,3.6666666666666666e-06,1.4e-05,c
c,Naive,symm,DOUBLE,4,MINI,1.0,1.4e-05,1.4e-05,c
c,Naive,symm,DOUBLE,5,MINI,1.1666666666666665,1.2e-05,1.4e-05,c
c,standard,symm,DOUBLE,1,MINI,1.0,1.4e-05,1.4e-05,c
exo,AllHints,symm,DOUBLE,2,MINI,0.12804878048780488,0.00010933333333333334,1.4e-05,c
exo,AllHints,symm,DOUBLE,5,MINI,0.3442622950819672,4.066666666666667e-05,1.4e-05,c
exo,ChooseHints,symm,DOUBLE,2,MINI,0.027166882276843465,0.0005153333333333334,1.4e-05,c
exo,ChooseHints,symm,DOUBLE,3,MINI,0.028865979381443297,0.000485,1.4e-05,c
exo,ChooseHints,symm,DOUBLE,4,MINI,0.023320377568017768,0.0006003333333333334,1.4e-05,c
exo,FromPlan,symm,DOUBLE,1,MINI,0.2079207920792079,6.733333333333333e-05,1.4e-05,c
exo,FromPlan,symm,DOUBLE,4,MINI,0.4242424242424243,3.2999999999999996e-05,1.4e-05,c
exo,Naive,symm,DOUBLE,1,MINI,0.711864406779661,1.9666666666666666e-05,1.4e-05,c
exo,Naive,symm,DOUBLE,2,MINI,0.3,4.6666666666666665e-05,1.4e-05,c
exo,Naive,symm,DOUBLE,4,MINI,0.027796161482461945,0.0005036666666666667,1.4e-05,c
exo,Naive,symm,DOUBLE,5,MINI,0.025925925925925925,0.00054,1.4e-05,c
exo,standard,symm,DOUBLE,1,MINI,0.7499999999999999,1.866666666666667e-05,1.4e-05,c
exo,standard,symm,DOUBLE,2,MINI,0.7241379310344828,1.9333333333333333e-05,1.4e-05,c
exo,standard,symm,DOUBLE,3,MINI,0.7499999999999999,1.866666666666667e-05,1.4e-05,c
exo,standard,symm,DOUBLE,4,MINI,0.7368421052631579,1.9e-05,1.4e-05,c
exo,standard,symm,DOUBLE,5,MINI,0.7636363636363637,1.8333333333333333e-05,1.4e-05,c
halide,FromPlan,symm,DOUBLE,2,MINI,0.2781456953642384,5.0333333333333335e-05,1.4e-05,c
halide,FromPlan,symm,DOUBLE,3,MINI,0.27999999999999997,5e-05,1.4e-05,c
halide,standard,symm,DOUBLE,1,MINI,0.28378378378378377,4.933333333333333e-05,1.4e-05,c
halide,standard,symm,DOUBLE,2,MINI,0.3206106870229008,4.366666666666666e-05,1.4e-05,c
halide,standard,symm,DOUBLE,3,MINI,0.336,4.1666666666666665e-05,1.4e-05,c
halide,standard,symm,DOUBLE,4,MINI,0.29166666666666663,4.8e-05,1.4e-05,c
halide,standard,symm,DOUBLE,5,MINI,0.3181818181818181,4.4000000000000006e-05,1.4e-05,c
noarr,AllHints,symm,DOUBLE,1,MINI,0.006140350877192982,0.0022800000000000003,1.4e-05,c
noarr,AllHints,symm,DOUBLE,2,MINI,1.5555555555555556,9e-06,1.4e-05,c
noarr,AllHints,symm,DOUBLE,3,MINI,0.005985463873450191,0.0023390000000000004,1.4e-05,c
noarr,AllHints,symm,DOUBLE,4,MINI,0.006142146826557473,0.0022793333333333333,1.4e-05,c
noarr,AllHints,symm,DOUBLE,5,MINI,2.8,5e-06,1.4e-05,c
noarr,ChooseHints,symm,DOUBLE,1,MINI,2.333333333333333,6e-06,1.4e-05,c
noarr,ChooseHints,symm,DOUBLE,2,MINI,2.0,7e-06,1.4e-05,c
noarr,ChooseHints,symm,DOUBLE,3,MINI,2.0,7e-06,1.4e-05,c
noarr,ChooseHints,symm,DOUBLE,5,MINI,1.2352941176470587,1.1333333333333334e-05,1.4e-05,c
noarr,FromPlan,symm,DOUBLE,1,MINI,1.5555555555555556,9e-06,1.4e-05,c
noarr,FromPlan,symm,DOUBLE,2,MINI,2.333333333333333,6e-06,1.4e-05,c
noarr,FromPlan,symm,DOUBLE,3,MINI,2.2105263157894735,6.333333333333333e-06,1.4e-05,c
noarr,FromPlan,symm,DOUBLE,4,MINI,2.2105263157894735,6.333333333333333e-06,1.4e-05,c
noarr,FromPlan,symm,DOUBLE,5,MINI,1.1666666666666665,1.2e-05,1.4e-05,c
noarr,Naive,symm,DOUBLE,2,MINI,2.8,5e-06,1.4e-05,c
noarr,Naive,symm,DOUBLE,3,MINI,1.5555555555555556,9e-06,1.4e-05,c
noarr,Naive,symm,DOUBLE,4,MINI,2.333333333333333,6e-06,1.4e-05,c
noarr,Naive,symm,DOUBLE,5,MINI,1.5555555555555556,9e-06,1.4e-05,c
noarr,standard,symm,DOUBLE,1,MINI,1.4,1e-05,1.4e-05,c
noarr,standard,symm,DOUBLE,2,MINI,1.5555555555555556,9e-06,1.4e-05,c
noarr,standard,symm,DOUBLE,3,MINI,1.1666666666666665,1.2e-05,1.4e-05,c
noarr,standard,symm,DOUBLE,4,MINI,1.5555555555555556,9e-06,1.4e-05,c
noarr,standard,symm,DOUBLE,5,MINI,1.4,1e-05,1.4e-05,c
c,AllHints,syr2k,DOUBLE,1,MINI,0.3055555555555555,4.8e-05,1.4666666666666666e-05,c
c,AllHints,syr2k,DOUBLE,2,MINI,0.47311827956989244,3.1e-05,1.4666666666666666e-05,c
c,AllHints,syr2k,DOUBLE,3,MINI,0.4444444444444445,3.2999999999999996e-05,1.4666666666666666e-05,c
c,AllHints,syr2k,DOUBLE,4,MINI,0.6470588235294117,2.2666666666666668e-05,1.4666666666666666e-05,c
c,AllHints,syr2k,DOUBLE,5,MINI,0.33082706766917297,4.4333333333333324e-05,1.4666666666666666e-05,c
c,ChooseHints,syr2k,DOUBLE,2,MINI,0.47311827956989244,3.1e-05,1.4666666666666666e-05,c
c,ChooseHints,syr2k,DOUBLE,3,MINI,0.4631578947368421,3.1666666666666666e-05,1.4666666666666666e-05,c
c,ChooseHints,syr2k,DOUBLE,4,MINI,0.4583333333333333,3.2e-05,1.4666666666666666e-05,c
c,ChooseHints,syr2k,DOUBLE,5,MINI,0.29931972789115646,4.9e-05,1.4666666666666666e-05,c
c,FromPlan,syr2k,DOUBLE,2,MINI,2.0,7.333333333333333e-06,1.4666666666666666e-05,c
c,FromPlan,syr2k,DOUBLE,3,MINI,1.5714285714285712,9.333333333333334e-06,1.4666666666666666e-05,c
c,FromPlan,syr2k,DOUBLE,4,MINI,0.4631578947368421,3.1666666666666666e-05,1.4666666666666666e-05,c
c,FromPlan,syr2k,DOUBLE,5,MINI,2.0,7.333333333333333e-06,1.4666666666666666e-05,c
c,Naive,syr2k,DOUBLE,1,MINI,1.5714285714285712,9.333333333333334e-06,1.4666666666666666e-05,c
c,Naive,syr2k,DOUBLE,2,MINI,1.8333333333333333,8e-06,1.4666666666666666e-05,c
c,Naive,syr2k,DOUBLE,3,MINI,1.4666666666666666,1e-05,1.4666666666666666e-05,c
c,Naive,syr2k,DOUBLE,4,MINI,1.5172413793103448,9.666666666666667e-06,1.4666666666666666e-05,c
c,Naive,syr2k,DOUBLE,5,MINI,1.5714285714285712,9.333333333333334e-06,1.4666666666666666e-05,c
c,standard,syr2k,DOUBLE,1,MINI,1.0,1.4666666666666666e-05,1.4666666666666666e-05,c
exo,AllHints,syr2k,DOUBLE,1,MINI,0.4074074074074074,3.6e-05,1.4666666666666666e-05,c
exo,AllHints,syr2k,DOUBLE,2,MINI,0.419047619047619,3.5000000000000004e-05,1.4666666666666666e-05,c
exo,AllHints,syr2k,DOUBLE,3,MINI,0.4356435643564357,3.366666666666666e-05,1.4666666666666666e-05,c
exo,AllHints,syr2k,DOUBLE,4,MINI,0.4680851063829787,3.1333333333333334e-05,1.4666666666666666e-05,c
exo,AllHints,syr2k,DOUBLE,5,MINI,0.2972972972972973,4.933333333333333e-05,1.4666666666666666e-05,c
exo,ChooseHints,syr2k,DOUBLE,2,MINI,0.47311827956989244,3.1e-05,1.4666666666666666e-05,c
exo,ChooseHints,syr2k,DOUBLE,3,MINI,0.423076923076923,3.466666666666667e-05,1.4666666666666666e-05,c
exo,ChooseHints,syr2k,DOUBLE,4,MINI,0.32116788321167883,4.566666666666667e-05,1.4666666666666666e-05,c
exo,ChooseHints,syr2k,DOUBLE,5,MINI,0.4583333333333333,3.2e-05,1.4666666666666666e-05,c
exo,FromPlan,syr2k,DOUBLE,1,MINI,0.34920634920634924,4.2e-05,1.4666666666666666e-05,c
exo,FromPlan,syr2k,DOUBLE,2,MINI,0.26347305389221554,5.566666666666667e-05,1.4666666666666666e-05,c
exo,FromPlan,syr2k,DOUBLE,3,MINI,0.3728813559322034,3.933333333333333e-05,1.4666666666666666e-05,c
exo,FromPlan,syr2k,DOUBLE,5,MINI,0.24444444444444444,6e-05,1.4666666666666666e-05,c
exo,Naive,syr2k,DOUBLE,1,MINI,0.38260869565217387,3.8333333333333334e-05,1.4666666666666666e-05,c
exo,Naive,syr2k,DOUBLE,2,MINI,0.4536082474226804,3.233333333333333e-05,1.4666666666666666e-05,c
exo,Naive,syr2k,DOUBLE,3,MINI,0.44000000000000006,3.333333333333333e-05,1.4666666666666666e-05,c
exo,Naive,syr2k,DOUBLE,4,MINI,0.676923076923077,2.1666666666666664e-05,1.4666666666666666e-05,c
exo,Naive,syr2k,DOUBLE,5,MINI,0.40366972477064217,3.633333333333333e-05,1.4666666666666666e-05,c
exo,standard,syr2k,DOUBLE,1,MINI,0.8,1.8333333333333333e-05,1.4666666666666666e-05,c
exo,standard,syr2k,DOUBLE,2,MINI,0.8,1.8333333333333333e-05,1.4666666666666666e-05,c
exo,standard,syr2k,DOUBLE,3,MINI,0.8148148148148148,1.8e-05,1.4666666666666666e-05,c
exo,standard,syr2k,DOUBLE,4,MINI,0.8,1.8333333333333333e-05,1.4666666666666666e-05,c
exo,standard,syr2k,DOUBLE,5,MINI,0.8,1.8333333333333333e-05,1.4666666666666666e-05,c
halide,FromPlan,syr2k,DOUBLE,2,MINI,0.006066455259892458,0.0024176666666666665,1.4666666666666666e-05,c
halide,standard,syr2k,DOUBLE,2,MINI,0.31654676258992803,4.633333333333334e-05,1.4666666666666666e-05,c
halide,standard,syr2k,DOUBLE,3,MINI,0.31654676258992803,4.633333333333333e-05,1.4666666666666666e-05,c
halide,standard,syr2k,DOUBLE,4,MINI,0.32116788321167883,4.566666666666667e-05,1.4666666666666666e-05,c
halide,standard,syr2k,DOUBLE,5,MINI,0.3358778625954199,4.366666666666666e-05,1.4666666666666666e-05,c
noarr,AllHints,syr2k,DOUBLE,1,MINI,1.1282051282051282,1.3e-05,1.4666666666666666e-05,c
noarr,AllHints,syr2k,DOUBLE,2,MINI,1.222222222222222,1.2e-05,1.4666666666666666e-05,c
noarr,AllHints,syr2k,DOUBLE,3,MINI,1.1282051282051282,1.3e-05,1.4666666666666666e-05,c
noarr,AllHints,syr2k,DOUBLE,4,MINI,1.1282051282051282,1.3e-05,1.4666666666666666e-05,c
noarr,AllHints,syr2k,DOUBLE,5,MINI,0.9166666666666666,1.6e-05,1.4666666666666666e-05,c
noarr,ChooseHints,syr2k,DOUBLE,1,MINI,1.222222222222222,1.2e-05,1.4666666666666666e-05,c
noarr,ChooseHints,syr2k,DOUBLE,2,MINI,1.0476190476190477,1.4e-05,1.4666666666666666e-05,c
noarr,ChooseHints,syr2k,DOUBLE,3,MINI,1.1282051282051282,1.3e-05,1.4666666666666666e-05,c
noarr,ChooseHints,syr2k,DOUBLE,4,MINI,1.1578947368421053,1.2666666666666667e-05,1.4666666666666666e-05,c
noarr,ChooseHints,syr2k,DOUBLE,5,MINI,1.1282051282051282,1.3e-05,1.4666666666666666e-05,c
noarr,FromPlan,syr2k,DOUBLE,1,MINI,0.9166666666666666,1.6e-05,1.4666666666666666e-05,c
noarr,FromPlan,syr2k,DOUBLE,2,MINI,1.8333333333333333,8e-06,1.4666666666666666e-05,c
noarr,FromPlan,syr2k,DOUBLE,4,MINI,1.4666666666666666,1e-05,1.4666666666666666e-05,c
noarr,FromPlan,syr2k,DOUBLE,5,MINI,0.3666666666666667,3.9999999999999996e-05,1.4666666666666666e-05,c
noarr,Naive,syr2k,DOUBLE,1,MINI,1.1282051282051282,1.3e-05,1.4666666666666666e-05,c
noarr,Naive,syr2k,DOUBLE,2,MINI,1.8333333333333333,8e-06,1.4666666666666666e-05,c
noarr,Naive,syr2k,DOUBLE,3,MINI,1.1282051282051282,1.3e-05,1.4666666666666666e-05,c
noarr,Naive,syr2k,DOUBLE,4,MINI,1.1282051282051282,1.3e-05,1.4666666666666666e-05,c
noarr,Naive,syr2k,DOUBLE,5,MINI,1.1282051282051282,1.3e-05,1.4666666666666666e-05,c
noarr,standard,syr2k,DOUBLE,1,MINI,0.29931972789115646,4.9e-05,1.4666666666666666e-05,c
noarr,standard,syr2k,DOUBLE,2,MINI,1.0476190476190477,1.4e-05,1.4666666666666666e-05,c
noarr,standard,syr2k,DOUBLE,3,MINI,1.0476190476190477,1.4e-05,1.4666666666666666e-05,c
noarr,standard,syr2k,DOUBLE,5,MINI,0.8979591836734695,1.633333333333333e-05,1.4666666666666666e-05,c
c,AllHints,syrk,DOUBLE,1,MINI,0.21359223300970873,3.433333333333333e-05,7.333333333333333e-06,c
c,AllHints,syrk,DOUBLE,2,MINI,0.23157894736842105,3.1666666666666666e-05,7.333333333333333e-06,c
c,AllHints,syrk,DOUBLE,3,MINI,0.22916666666666666,3.2e-05,7.333333333333333e-06,c
c,AllHints,syrk,DOUBLE,4,MINI,0.23655913978494622,3.1e-05,7.333333333333333e-06,c
c,AllHints,syrk,DOUBLE,5,MINI,0.6875,1.0666666666666666e-05,7.333333333333333e-06,c
c,ChooseHints,syrk,DOUBLE,1,MINI,0.4313725490196078,1.7e-05,7.333333333333333e-06,c
c,ChooseHints,syrk,DOUBLE,2,MINI,0.23404255319148934,3.1333333333333334e-05,7.333333333333333e-06,c
c,ChooseHints,syrk,DOUBLE,3,MINI,0.24175824175824176,3.0333333333333333e-05,7.333333333333333e-06,c
c,ChooseHints,syrk,DOUBLE,4,MINI,0.2,3.6666666666666666e-05,7.333333333333333e-06,c
c,ChooseHints,syrk,DOUBLE,5,MINI,0.23157894736842105,3.1666666666666666e-05,7.333333333333333e-06,c
c,FromPlan,syrk,DOUBLE,1,MINI,0.9166666666666666,8e-06,7.333333333333333e-06,c
c,FromPlan,syrk,DOUBLE,2,MINI,0.9565217391304347,7.666666666666667e-06,7.333333333333333e-06,c
c,FromPlan,syrk,DOUBLE,3,MINI,1.222222222222222,6e-06,7.333333333333333e-06,c
c,FromPlan,syrk,DOUBLE,4,MINI,0.9166666666666666,8e-06,7.333333333333333e-06,c
c,FromPlan,syrk,DOUBLE,5,MINI,1.0,7.333333333333333e-06,7.333333333333333e-06,c
c,Naive,syrk,DOUBLE,1,MINI,0.21359223300970873,3.433333333333333e-05,7.333333333333333e-06,c
c,Naive,syrk,DOUBLE,2,MINI,0.7333333333333333,1e-05,7.333333333333333e-06,c
c,Naive,syrk,DOUBLE,3,MINI,1.0,7.333333333333333e-06,7.333333333333333e-06,c
c,Naive,syrk,DOUBLE,4,MINI,0.9166666666666666,8e-06,7.333333333333333e-06,c
c,Naive,syrk,DOUBLE,5,MINI,0.9166666666666666,8e-06,7.333333333333333e-06,c
c,standard,syrk,DOUBLE,1,MINI,1.0,7.333333333333333e-06,7.333333333333333e-06,c
exo,AllHints,syrk,DOUBLE,1,MINI,0.22222222222222224,3.2999999999999996e-05,7.333333333333333e-06,c
exo,AllHints,syrk,DOUBLE,2,MINI,0.21359223300970873,3.433333333333333e-05,7.333333333333333e-06,c
exo,AllHints,syrk,DOUBLE,3,MINI,0.23404255319148934,3.1333333333333334e-05,7.333333333333333e-06,c
exo,AllHints,syrk,DOUBLE,4,MINI,0.2156862745098039,3.4e-05,7.333333333333333e-06,c
exo,ChooseHints,syrk,DOUBLE,1,MINI,0.11956521739130434,6.133333333333334e-05,7.333333333333333e-06,c
exo,ChooseHints,syrk,DOUBLE,2,MINI,0.2156862745098039,3.4e-05,7.333333333333333e-06,c
exo,ChooseHints,syrk,DOUBLE,4,MINI,0.21782178217821782,3.366666666666667e-05,7.333333333333333e-06,c
exo,ChooseHints,syrk,DOUBLE,5,MINI,0.1981981981981982,3.7e-05,7.333333333333333e-06,c
exo,FromPlan,syrk,DOUBLE,2,MINI,0.6470588235294117,1.1333333333333334e-05,7.333333333333333e-06,c
exo,Naive,syrk,DOUBLE,1,MINI,0.180327868852459,4.066666666666667e-05,7.333333333333333e-06,c
exo,Naive,syrk,DOUBLE,2,MINI,0.24175824175824176,3.0333333333333333e-05,7.333333333333333e-06,c
exo,Naive,syrk,DOUBLE,4,MINI,0.18803418803418803,3.9e-05,7.333333333333333e-06,c
exo,Naive,syrk,DOUBLE,5,MINI,0.611111111111111,1.2e-05,7.333333333333333e-06,c
exo,standard,syrk,DOUBLE,1,MINI,0.7096774193548387,1.0333333333333333e-05,7.333333333333333e-06,c
exo,standard,syrk,DOUBLE,2,MINI,0.6666666666666665,1.1000000000000001e-05,7.333333333333333e-06,c
exo,standard,syrk,DOUBLE,3,MINI,0.6875,1.0666666666666666e-05,7.333333333333333e-06,c
exo,standard,syrk,DOUBLE,4,MINI,0.6666666666666665,1.1000000000000001e-05,7.333333333333333e-06,c
exo,standard,syrk,DOUBLE,5,MINI,0.6875,1.0666666666666666e-05,7.333333333333333e-06,c
halide,AllHints,syrk,DOUBLE,4,MINI,0.03492063492063492,0.00021,7.333333333333333e-06,c
halide,FromPlan,syrk,DOUBLE,3,MINI,0.05459057071960297,0.00013433333333333334,7.333333333333333e-06,c
halide,FromPlan,syrk,DOUBLE,5,MINI,0.13333333333333333,5.5e-05,7.333333333333333e-06,c
halide,standard,syrk,DOUBLE,1,MINI,0.176,4.1666666666666665e-05,7.333333333333333e-06,c
halide,standard,syrk,DOUBLE,2,MINI,0.1774193548387097,4.133333333333333e-05,7.333333333333333e-06,c
halide,standard,syrk,DOUBLE,3,MINI,0.17460317460317462,4.2e-05,7.333333333333333e-06,c
halide,standard,syrk,DOUBLE,4,MINI,0.171875,4.266666666666666e-05,7.333333333333333e-06,c
halide,standard,syrk,DOUBLE,5,MINI,0.1896551724137931,3.866666666666667e-05,7.333333333333333e-06,c
noarr,AllHints,syrk,DOUBLE,1,MINI,1.0476190476190477,7e-06,7.333333333333333e-06,c
noarr,AllHints,syrk,DOUBLE,2,MINI,0.7333333333333333,1e-05,7.333333333333333e-06,c
noarr,AllHints,syrk,DOUBLE,3,MINI,0.8800000000000001,8.333333333333332e-06,7.333333333333333e-06,c
noarr,AllHints,syrk,DOUBLE,4,MINI,1.0476190476190477,7e-06,7.333333333333333e-06,c
noarr,AllHints,syrk,DOUBLE,5,MINI,1.0476190476190477,7e-06,7.333333333333333e-06,c
noarr,ChooseHints,syrk,DOUBLE,1,MINI,1.0476190476190477,7e-06,7.333333333333333e-06,c
noarr,ChooseHints,syrk,DOUBLE,2,MINI,0.9565217391304347,7.666666666666667e-06,7.333333333333333e-06,c
noarr,ChooseHints,syrk,DOUBLE,3,MINI,1.0476190476190477,7e-06,7.333333333333333e-06,c
noarr,ChooseHints,syrk,DOUBLE,4,MINI,0.8148148148148148,9e-06,7.333333333333333e-06,c
noarr,FromPlan,syrk,DOUBLE,1,MINI,0.2156862745098039,3.4e-05,7.333333333333333e-06,c
noarr,FromPlan,syrk,DOUBLE,2,MINI,1.0476190476190477,7e-06,7.333333333333333e-06,c
noarr,FromPlan,syrk,DOUBLE,3,MINI,1.0476190476190477,7e-06,7.333333333333333e-06,c
noarr,FromPlan,syrk,DOUBLE,5,MINI,0.7333333333333333,1e-05,7.333333333333333e-06,c
noarr,Naive,syrk,DOUBLE,1,MINI,1.0476190476190477,7e-06,7.333333333333333e-06,c
noarr,Naive,syrk,DOUBLE,2,MINI,1.0,7.333333333333333e-06,7.333333333333333e-06,c
noarr,Naive,syrk,DOUBLE,3,MINI,0.7857142857142856,9.333333333333334e-06,7.333333333333333e-06,c
noarr,Naive,syrk,DOUBLE,4,MINI,0.9565217391304347,7.666666666666667e-06,7.333333333333333e-06,c
noarr,Naive,syrk,DOUBLE,5,MINI,0.9166666666666666,8e-06,7.333333333333333e-06,c
noarr,standard,syrk,DOUBLE,1,MINI,0.8148148148148148,9e-06,7.333333333333333e-06,c
noarr,standard,syrk,DOUBLE,2,MINI,0.8148148148148148,9e-06,7.333333333333333e-06,c
noarr,standard,syrk,DOUBLE,4,MINI,0.9166666666666666,8e-06,7.333333333333333e-06,c
noarr,standard,syrk,DOUBLE,5,MINI,0.9166666666666666,8e-06,7.333333333333333e-06,c
c,AllHints,trisolv,DOUBLE,3,MINI,1.0,1.6666666666666665e-06,1.6666666666666665e-06,c
c,AllHints,trisolv,DOUBLE,4,MINI,0.8333333333333333,2e-06,1.6666666666666665e-06,c
c,AllHints,trisolv,DOUBLE,5,MINI,1.25,1.3333333333333332e-06,1.6666666666666665e-06,c
c,ChooseHints,trisolv,DOUBLE,1,MINI,1.0,1.6666666666666665e-06,1.6666666666666665e-06,c
c,ChooseHints,trisolv,DOUBLE,3,MINI,0.8333333333333333,2e-06,1.6666666666666665e-06,c
c,FromPlan,trisolv,DOUBLE,1,MINI,0.7142857142857143,2.333333333333333e-06,1.6666666666666665e-06,c
c,FromPlan,trisolv,DOUBLE,2,MINI,1.25,1.3333333333333332e-06,1.6666666666666665e-06,c
c,FromPlan,trisolv,DOUBLE,3,MINI,0.8333333333333333,2e-06,1.6666666666666665e-06,c
c,FromPlan,trisolv,DOUBLE,4,MINI,1.25,1.3333333333333332e-06,1.6666666666666665e-06,c
c,FromPlan,trisolv,DOUBLE,5,MINI,1.0,1.6666666666666665e-06,1.6666666666666665e-06,c
c,Naive,trisolv,DOUBLE,1,MINI,1.25,1.3333333333333332e-06,1.6666666666666665e-06,c
c,Naive,trisolv,DOUBLE,2,MINI,0.8333333333333333,2e-06,1.6666666666666665e-06,c
c,Naive,trisolv,DOUBLE,3,MINI,1.0,1.6666666666666665e-06,1.6666666666666665e-06,c
c,Naive,trisolv,DOUBLE,4,MINI,1.0,1.6666666666666665e-06,1.6666666666666665e-06,c
c,standard,trisolv,DOUBLE,1,MINI,1.0,1.6666666666666665e-06,1.6666666666666665e-06,c
exo,AllHints,trisolv,DOUBLE,1,MINI,1.0,1.6666666666666665e-06,1.6666666666666665e-06,c
exo,AllHints,trisolv,DOUBLE,2,MINI,0.8333333333333333,2e-06,1.6666666666666665e-06,c
exo,AllHints,trisolv,DOUBLE,3,MINI,0.8333333333333333,2e-06,1.6666666666666665e-06,c
exo,AllHints,trisolv,DOUBLE,4,MINI,0.8333333333333333,2e-06,1.6666666666666665e-06,c
exo,AllHints,trisolv,DOUBLE,5,MINI,0.8333333333333333,2e-06,1.6666666666666665e-06,c
exo,ChooseHints,trisolv,DOUBLE,1,MINI,0.8333333333333333,2e-06,1.6666666666666665e-06,c
exo,ChooseHints,trisolv,DOUBLE,2,MINI,0.8333333333333333,2e-06,1.6666666666666665e-06,c
exo,ChooseHints,trisolv,DOUBLE,3,MINI,1.0,1.6666666666666665e-06,1.6666666666666665e-06,c
exo,ChooseHints,trisolv,DOUBLE,5,MINI,0.8333333333333333,2e-06,1.6666666666666665e-06,c
exo,FromPlan,trisolv,DOUBLE,3,MINI,0.8333333333333333,2e-06,1.6666666666666665e-06,c
exo,FromPlan,trisolv,DOUBLE,4,MINI,1.0,1.6666666666666665e-06,1.6666666666666665e-06,c
exo,FromPlan,trisolv,DOUBLE,5,MINI,0.5555555555555555,3e-06,1.6666666666666665e-06,c
exo,Naive,trisolv,DOUBLE,1,MINI,0.625,2.6666666666666664e-06,1.6666666666666665e-06,c
exo,Naive,trisolv,DOUBLE,3,MINI,0.8333333333333333,2e-06,1.6666666666666665e-06,c
exo,Naive,trisolv,DOUBLE,4,MINI,1.0,1.6666666666666665e-06,1.6666666666666665e-06,c
exo,Naive,trisolv,DOUBLE,5,MINI,0.8333333333333333,2e-06,1.6666666666666665e-06,c
exo,standard,trisolv,DOUBLE,1,MINI,0.8333333333333333,2e-06,1.6666666666666665e-06,c
exo,standard,trisolv,DOUBLE,2,MINI,1.0,1.6666666666666665e-06,1.6666666666666665e-06,c
exo,standard,trisolv,DOUBLE,3,MINI,0.8333333333333333,2e-06,1.6666666666666665e-06,c
exo,standard,trisolv,DOUBLE,4,MINI,0.8333333333333333,2e-06,1.6666666666666665e-06,c
exo,standard,trisolv,DOUBLE,5,MINI,0.8333333333333333,2e-06,1.6666666666666665e-06,c
halide,ChooseHints,trisolv,DOUBLE,4,MINI,0.019157088122605363,8.7e-05,1.6666666666666665e-06,c
halide,FromPlan,trisolv,DOUBLE,4,MINI,0.01937984496124031,8.599999999999999e-05,1.6666666666666665e-06,c
halide,Naive,trisolv,DOUBLE,5,MINI,0.03205128205128205,5.2e-05,1.6666666666666665e-06,c
halide,standard,trisolv,DOUBLE,2,MINI,0.019762845849802372,8.433333333333333e-05,1.6666666666666665e-06,c
halide,standard,trisolv,DOUBLE,3,MINI,0.019083969465648856,8.733333333333332e-05,1.6666666666666665e-06,c
noarr,AllHints,trisolv,DOUBLE,1,MINI,1.6666666666666665,1e-06,1.6666666666666665e-06,c
noarr,AllHints,trisolv,DOUBLE,2,MINI,1.6666666666666665,1e-06,1.6666666666666665e-06,c
noarr,AllHints,trisolv,DOUBLE,3,MINI,1.6666666666666665,1e-06,1.6666666666666665e-06,c
noarr,AllHints,trisolv,DOUBLE,4,MINI,1.6666666666666665,1e-06,1.6666666666666665e-06,c
noarr,AllHints,trisolv,DOUBLE,5,MINI,1.6666666666666665,1e-06,1.6666666666666665e-06,c
noarr,ChooseHints,trisolv,DOUBLE,1,MINI,1.6666666666666665,1e-06,1.6666666666666665e-06,c
noarr,ChooseHints,trisolv,DOUBLE,2,MINI,1.6666666666666665,1e-06,1.6666666666666665e-06,c
noarr,ChooseHints,trisolv,DOUBLE,3,MINI,1.6666666666666665,1e-06,1.6666666666666665e-06,c
noarr,ChooseHints,trisolv,DOUBLE,4,MINI,1.6666666666666665,1e-06,1.6666666666666665e-06,c
noarr,ChooseHints,trisolv,DOUBLE,5,MINI,1.6666666666666665,1e-06,1.6666666666666665e-06,c
noarr,FromPlan,trisolv,DOUBLE,1,MINI,1.6666666666666665,1e-06,1.6666666666666665e-06,c
noarr,FromPlan,trisolv,DOUBLE,2,MINI,1.6666666666666665,1e-06,1.6666666666666665e-06,c
noarr,FromPlan,trisolv,DOUBLE,3,MINI,1.6666666666666665,1e-06,1.6666666666666665e-06,c
noarr,FromPlan,trisolv,DOUBLE,4,MINI,1.6666666666666665,1e-06,1.6666666666666665e-06,c
noarr,FromPlan,trisolv,DOUBLE,5,MINI,1.6666666666666665,1e-06,1.6666666666666665e-06,c
noarr,Naive,trisolv,DOUBLE,1,MINI,1.6666666666666665,1e-06,1.6666666666666665e-06,c
noarr,Naive,trisolv,DOUBLE,2,MINI,1.6666666666666665,1e-06,1.6666666666666665e-06,c
noarr,Naive,trisolv,DOUBLE,3,MINI,1.6666666666666665,1e-06,1.6666666666666665e-06,c
noarr,Naive,trisolv,DOUBLE,4,MINI,1.6666666666666665,1e-06,1.6666666666666665e-06,c
noarr,Naive,trisolv,DOUBLE,5,MINI,1.6666666666666665,1e-06,1.6666666666666665e-06,c
noarr,standard,trisolv,DOUBLE,2,MINI,1.6666666666666665,1e-06,1.6666666666666665e-06,c
noarr,standard,trisolv,DOUBLE,4,MINI,1.6666666666666665,1e-06,1.6666666666666665e-06,c
noarr,standard,trisolv,DOUBLE,5,MINI,1.6666666666666665,1e-06,1.6666666666666665e-06,c
c,AllHints,trmm,DOUBLE,1,MINI,0.2555555555555556,3e-05,7.666666666666667e-06,c
c,AllHints,trmm,DOUBLE,2,MINI,3.833333333333334,2e-06,7.666666666666667e-06,c
c,AllHints,trmm,DOUBLE,3,MINI,4.6000000000000005,1.6666666666666665e-06,7.666666666666667e-06,c
c,AllHints,trmm,DOUBLE,4,MINI,2.8750000000000004,2.6666666666666664e-06,7.666666666666667e-06,c
c,AllHints,trmm,DOUBLE,5,MINI,0.04389312977099238,0.00017466666666666664,7.666666666666667e-06,c
c,ChooseHints,trmm,DOUBLE,1,MINI,3.833333333333334,2e-06,7.666666666666667e-06,c
c,ChooseHints,trmm,DOUBLE,2,MINI,3.285714285714286,2.333333333333333e-06,7.666666666666667e-06,c
c,ChooseHints,trmm,DOUBLE,3,MINI,3.833333333333334,2e-06,7.666666666666667e-06,c
c,ChooseHints,trmm,DOUBLE,4,MINI,0.0749185667752443,0.00010233333333333333,7.666666666666667e-06,c
c,ChooseHints,trmm,DOUBLE,5,MINI,3.833333333333334,2e-06,7.666666666666667e-06,c
c,FromPlan,trmm,DOUBLE,1,MINI,2.8750000000000004,2.6666666666666664e-06,7.666666666666667e-06,c
c,FromPlan,trmm,DOUBLE,2,MINI,3.833333333333334,2e-06,7.666666666666667e-06,c
c,FromPlan,trmm,DOUBLE,3,MINI,4.6000000000000005,1.6666666666666665e-06,7.666666666666667e-06,c
c,FromPlan,trmm,DOUBLE,4,MINI,0.26436781609195403,2.9e-05,7.666666666666667e-06,c
c,FromPlan,trmm,DOUBLE,5,MINI,0.15231788079470202,5.033333333333333e-05,7.666666666666667e-06,c
c,Naive,trmm,DOUBLE,1,MINI,3.285714285714286,2.333333333333333e-06,7.666666666666667e-06,c
c,Naive,trmm,DOUBLE,2,MINI,3.833333333333334,2e-06,7.666666666666667e-06,c
c,Naive,trmm,DOUBLE,3,MINI,2.8750000000000004,2.6666666666666664e-06,7.666666666666667e-06,c
c,Naive,trmm,DOUBLE,4,MINI,3.833333333333334,2e-06,7.666666666666667e-06,c
c,Naive,trmm,DOUBLE,5,MINI,4.6000000000000005,1.6666666666666665e-06,7.666666666666667e-06,c
c,standard,trmm,DOUBLE,1,MINI,1.0,7.666666666666667e-06,7.666666666666667e-06,c
exo,AllHints,trmm,DOUBLE,1,MINI,0.016690856313497825,0.0004593333333333333,7.666666666666667e-06,c
exo,AllHints,trmm,DOUBLE,2,MINI,0.1900826446280992,4.033333333333333e-05,7.666666666666667e-06,c
exo,AllHints,trmm,DOUBLE,3,MINI,0.01596113809854268,0.0004803333333333333,7.666666666666667e-06,c
exo,AllHints,trmm,DOUBLE,4,MINI,0.0018469445113627242,0.004150999999999999,7.666666666666667e-06,c
exo,ChooseHints,trmm,DOUBLE,2,MINI,1.2105263157894737,6.333333333333333e-06,7.666666666666667e-06,c
exo,ChooseHints,trmm,DOUBLE,4,MINI,0.19827586206896552,3.866666666666667e-05,7.666666666666667e-06,c
exo,FromPlan,trmm,DOUBLE,1,MINI,0.23711340206185572,3.233333333333333e-05,7.666666666666667e-06,c
exo,FromPlan,trmm,DOUBLE,4,MINI,0.24210526315789477,3.1666666666666666e-05,7.666666666666667e-06,c
exo,Naive,trmm,DOUBLE,2,MINI,1.5333333333333332,5e-06,7.666666666666667e-06,c
exo,Naive,trmm,DOUBLE,3,MINI,1.277777777777778,6e-06,7.666666666666667e-06,c
exo,Naive,trmm,DOUBLE,4,MINI,0.0015956708755376719,0.004804666666666666,7.666666666666667e-06,c
exo,Naive,trmm,DOUBLE,5,MINI,0.01724137931034483,0.0004446666666666666,7.666666666666667e-06,c
exo,standard,trmm,DOUBLE,1,MINI,0.8214285714285714,9.333333333333334e-06,7.666666666666667e-06,c
exo,standard,trmm,DOUBLE,2,MINI,0.8214285714285714,9.333333333333334e-06,7.666666666666667e-06,c
exo,standard,trmm,DOUBLE,3,MINI,0.7419354838709679,1.0333333333333333e-05,7.666666666666667e-06,c
exo,standard,trmm,DOUBLE,4,MINI,0.8518518518518519,9e-06,7.666666666666667e-06,c
exo,standard,trmm,DOUBLE,5,MINI,0.8214285714285714,9.333333333333334e-06,7.666666666666667e-06,c
halide,standard,trmm,DOUBLE,1,MINI,0.28750000000000003,2.6666666666666663e-05,7.666666666666667e-06,c
halide,standard,trmm,DOUBLE,4,MINI,0.31506849315068497,2.4333333333333333e-05,7.666666666666667e-06,c
halide,standard,trmm,DOUBLE,5,MINI,0.29487179487179493,2.6e-05,7.666666666666667e-06,c
noarr,AllHints,trmm,DOUBLE,1,MINI,0.003233516097286659,0.002371,7.666666666666667e-06,c
noarr,AllHints,trmm,DOUBLE,3,MINI,3.833333333333334,2e-06,7.666666666666667e-06,c
noarr,AllHints,trmm,DOUBLE,4,MINI,2.555555555555556,3e-06,7.666666666666667e-06,c
noarr,AllHints,trmm,DOUBLE,5,MINI,3.833333333333334,2e-06,7.666666666666667e-06,c
noarr,ChooseHints,trmm,DOUBLE,1,MINI,2.555555555555556,3e-06,7.666666666666667e-06,c
noarr,ChooseHints,trmm,DOUBLE,2,MINI,1.5333333333333332,5e-06,7.666666666666667e-06,c
noarr,ChooseHints,trmm,DOUBLE,3,MINI,1.5333333333333332,5e-06,7.666666666666667e-06,c
noarr,ChooseHints,trmm,DOUBLE,4,MINI,3.833333333333334,2e-06,7.666666666666667e-06,c
noarr,ChooseHints,trmm,DOUBLE,5,MINI,3.833333333333334,2e-06,7.666666666666667e-06,c
noarr,FromPlan,trmm,DOUBLE,2,MINI,0.638888888888889,1.2e-05,7.666666666666667e-06,c
noarr,FromPlan,trmm,DOUBLE,3,MINI,2.555555555555556,3e-06,7.666666666666667e-06,c
noarr,FromPlan,trmm,DOUBLE,4,MINI,2.555555555555556,3e-06,7.666666666666667e-06,c
noarr,FromPlan,trmm,DOUBLE,5,MINI,2.555555555555556,3e-06,7.666666666666667e-06,c
noarr,Naive,trmm,DOUBLE,1,MINI,3.833333333333334,2e-06,7.666666666666667e-06,c
noarr,Naive,trmm,DOUBLE,2,MINI,3.833333333333334,2e-06,7.666666666666667e-06,c
noarr,Naive,trmm,DOUBLE,3,MINI,1.5333333333333332,5e-06,7.666666666666667e-06,c
noarr,Naive,trmm,DOUBLE,4,MINI,1.0952380952380953,7e-06,7.666666666666667e-06,c
noarr,Naive,trmm,DOUBLE,5,MINI,3.285714285714286,2.333333333333333e-06,7.666666666666667e-06,c
noarr,standard,trmm,DOUBLE,1,MINI,2.555555555555556,3e-06,7.666666666666667e-06,c
noarr,standard,trmm,DOUBLE,2,MINI,1.277777777777778,6e-06,7.666666666666667e-06,c
noarr,standard,trmm,DOUBLE,3,MINI,1.5333333333333332,5e-06,7.666666666666667e-06,c
noarr,standard,trmm,DOUBLE,4,MINI,0.7666666666666666,1e-05,7.666666666666667e-06,c
noarr,standard,trmm,DOUBLE,5,MINI,1.3529411764705883,5.666666666666667e-06,7.666666666666667e-06,c
c,AllHints,3mm,DOUBLE,1,SMALL,3.6358118361153267,0.00021966666666666665,0.0007986666666666667,c
c,AllHints,3mm,DOUBLE,2,SMALL,4.404411764705882,0.00018133333333333334,0.0007986666666666667,c
c,AllHints,3mm,DOUBLE,4,SMALL,1.8616938616938619,0.00042899999999999997,0.0007986666666666667,c
c,AllHints,3mm,DOUBLE,5,SMALL,2.2667928098391674,0.00035233333333333335,0.0007986666666666667,c
c,ChooseHints,3mm,DOUBLE,1,SMALL,3.570789865871834,0.00022366666666666664,0.0007986666666666667,c
c,ChooseHints,3mm,DOUBLE,2,SMALL,3.6248108925869893,0.00022033333333333334,0.0007986666666666667,c
c,ChooseHints,3mm,DOUBLE,3,SMALL,3.8397435897435903,0.000208,0.0007986666666666667,c
c,ChooseHints,3mm,DOUBLE,4,SMALL,2.4008016032064132,0.00033266666666666666,0.0007986666666666667,c
c,FromPlan,3mm,DOUBLE,1,SMALL,3.8031746031746034,0.00021,0.0007986666666666667,c
c,FromPlan,3mm,DOUBLE,2,SMALL,2.6921348314606743,0.00029666666666666665,0.0007986666666666667,c
c,FromPlan,3mm,DOUBLE,3,SMALL,3.8152866242038224,0.00020933333333333332,0.0007986666666666667,c
c,FromPlan,3mm,DOUBLE,4,SMALL,3.5654761904761902,0.00022400000000000002,0.0007986666666666667,c
c,FromPlan,3mm,DOUBLE,5,SMALL,3.809220985691574,0.00020966666666666668,0.0007986666666666667,c
c,Naive,3mm,DOUBLE,1,SMALL,4.21830985915493,0.00018933333333333335,0.0007986666666666667,c
c,Naive,3mm,DOUBLE,2,SMALL,3.9668874172185435,0.0002013333333333333,0.0007986666666666667,c
c,Naive,3mm,DOUBLE,3,SMALL,4.188811188811189,0.00019066666666666668,0.0007986666666666667,c
c,Naive,3mm,DOUBLE,4,SMALL,4.380255941499087,0.0001823333333333333,0.0007986666666666667,c
c,Naive,3mm,DOUBLE,5,SMALL,4.233215547703181,0.00018866666666666665,0.0007986666666666667,c
c,standard,3mm,DOUBLE,1,SMALL,1.0,0.0007986666666666667,0.0007986666666666667,c
exo,AllHints,3mm,DOUBLE,3,SMALL,2.5763440860215057,0.00031,0.0007986666666666667,c
exo,AllHints,3mm,DOUBLE,4,SMALL,3.255434782608696,0.00024533333333333335,0.0007986666666666667,c
exo,ChooseHints,3mm,DOUBLE,1,SMALL,2.4251012145748985,0.0003293333333333334,0.0007986666666666667,c
exo,ChooseHints,3mm,DOUBLE,2,SMALL,3.346368715083799,0.00023866666666666668,0.0007986666666666667,c
exo,ChooseHints,3mm,DOUBLE,3,SMALL,2.5247629083245524,0.00031633333333333334,0.0007986666666666667,c
exo,ChooseHints,3mm,DOUBLE,4,SMALL,3.726283048211509,0.00021433333333333333,0.0007986666666666667,c
exo,FromPlan,3mm,DOUBLE,3,SMALL,2.439918533604888,0.00032733333333333334,0.0007986666666666667,c
exo,FromPlan,3mm,DOUBLE,4,SMALL,3.6861538461538466,0.00021666666666666666,0.0007986666666666667,c
exo,FromPlan,3mm,DOUBLE,5,SMALL,2.4008016032064132,0.00033266666666666666,0.0007986666666666667,c
exo,Naive,3mm,DOUBLE,1,SMALL,2.0322307039864294,0.00039299999999999996,0.0007986666666666667,c
exo,Naive,3mm,DOUBLE,2,SMALL,0.7902374670184698,0.0010106666666666667,0.0007986666666666667,c
exo,Naive,3mm,DOUBLE,3,SMALL,2.0443686006825943,0.0003906666666666666,0.0007986666666666667,c
exo,Naive,3mm,DOUBLE,4,SMALL,2.9219512195121955,0.00027333333333333333,0.0007986666666666667,c
exo,Naive,3mm,DOUBLE,5,SMALL,1.9883817427385895,0.00040166666666666665,0.0007986666666666667,c
exo,standard,3mm,DOUBLE,1,SMALL,0.9712201053911634,0.0008223333333333333,0.0007986666666666667,c
exo,standard,3mm,DOUBLE,2,SMALL,0.9641851106639839,0.0008283333333333334,0.0007986666666666667,c
exo,standard,3mm,DOUBLE,3,SMALL,0.9576338928856915,0.000834,0.0007986666666666667,c
exo,standard,3mm,DOUBLE,4,SMALL,0.970433373835561,0.000823,0.0007986666666666667,c
exo,standard,3mm,DOUBLE,5,SMALL,0.9599358974358976,0.000832,0.0007986666666666667,c
halide,standard,3mm,DOUBLE,1,SMALL,0.040091695530679525,0.019920999999999998,0.0007986666666666667,c
halide,standard,3mm,DOUBLE,2,SMALL,0.04012325005023779,0.019905333333333334,0.0007986666666666667,c
halide,standard,3mm,DOUBLE,3,SMALL,1.7200287150035893,0.00046433333333333336,0.0007986666666666667,c
halide,standard,3mm,DOUBLE,4,SMALL,1.808301886792453,0.00044166666666666665,0.0007986666666666667,c
halide,standard,3mm,DOUBLE,5,SMALL,0.040076272036931725,0.019928666666666667,0.0007986666666666667,c
noarr,AllHints,3mm,DOUBLE,1,SMALL,1.5804749340369395,0.0005053333333333333,0.0007986666666666667,c
noarr,AllHints,3mm,DOUBLE,2,SMALL,4.820925553319919,0.0001656666666666667,0.0007986666666666667,c
noarr,AllHints,3mm,DOUBLE,3,SMALL,0.313982440047176,0.0025436666666666667,0.0007986666666666667,c
noarr,AllHints,3mm,DOUBLE,4,SMALL,4.563809523809524,0.000175,0.0007986666666666667,c
noarr,AllHints,3mm,DOUBLE,5,SMALL,1.380184331797235,0.0005786666666666667,0.0007986666666666667,c
noarr,ChooseHints,3mm,DOUBLE,1,SMALL,4.563809523809524,0.000175,0.0007986666666666667,c
noarr,ChooseHints,3mm,DOUBLE,2,SMALL,4.324909747292419,0.00018466666666666666,0.0007986666666666667,c
noarr,ChooseHints,3mm,DOUBLE,3,SMALL,1.7089871611982883,0.0004673333333333333,0.0007986666666666667,c
noarr,ChooseHints,3mm,DOUBLE,4,SMALL,1.5488041370394312,0.0005156666666666667,0.0007986666666666667,c
noarr,ChooseHints,3mm,DOUBLE,5,SMALL,4.598848368522074,0.00017366666666666667,0.0007986666666666667,c
noarr,FromPlan,3mm,DOUBLE,1,SMALL,1.5899137358991373,0.0005023333333333334,0.0007986666666666667,c
noarr,FromPlan,3mm,DOUBLE,2,SMALL,1.5660130718954248,0.00051,0.0007986666666666667,c
noarr,FromPlan,3mm,DOUBLE,3,SMALL,4.555133079847909,0.00017533333333333333,0.0007986666666666667,c
noarr,FromPlan,3mm,DOUBLE,4,SMALL,1.5732107682206173,0.0005076666666666667,0.0007986666666666667,c
noarr,FromPlan,3mm,DOUBLE,5,SMALL,0.7162929745889388,0.0011149999999999999,0.0007986666666666667,c
noarr,Naive,3mm,DOUBLE,1,SMALL,4.598848368522074,0.00017366666666666667,0.0007986666666666667,c
noarr,Naive,3mm,DOUBLE,2,SMALL,4.909836065573771,0.00016266666666666667,0.0007986666666666667,c
noarr,Naive,3mm,DOUBLE,3,SMALL,4.820925553319919,0.0001656666666666667,0.0007986666666666667,c
noarr,Naive,3mm,DOUBLE,4,SMALL,4.735177865612648,0.00016866666666666666,0.0007986666666666667,c
noarr,Naive,3mm,DOUBLE,5,SMALL,4.607692307692307,0.00017333333333333336,0.0007986666666666667,c
noarr,standard,3mm,DOUBLE,1,SMALL,0.7247428917120389,0.001102,0.0007986666666666667,c
noarr,standard,3mm,DOUBLE,2,SMALL,0.7962778331671653,0.001003,0.0007986666666666667,c
noarr,standard,3mm,DOUBLE,3,SMALL,4.503759398496242,0.0001773333333333333,0.0007986666666666667,c
noarr,standard,3mm,DOUBLE,4,SMALL,4.470149253731343,0.00017866666666666668,0.0007986666666666667,c
noarr,standard,3mm,DOUBLE,5,SMALL,0.6787535410764872,0.0011766666666666668,0.0007986666666666667,c
c,AllHints,adi,DOUBLE,1,SMALL,0.6994883837960245,0.003974333333333333,0.00278,c
c,AllHints,adi,DOUBLE,2,SMALL,1.0973684210526315,0.002533333333333333,0.00278,c
c,AllHints,adi,DOUBLE,3,SMALL,1.1122966124299813,0.002499333333333333,0.00278,c
c,AllHints,adi,DOUBLE,4,SMALL,1.0924810060256744,0.002544666666666667,0.00278,c
c,AllHints,adi,DOUBLE,5,SMALL,0.7111793297518546,0.003909,0.00278,c
c,ChooseHints,adi,DOUBLE,2,SMALL,0.6807051909892262,0.004084,0.00278,c
c,ChooseHints,adi,DOUBLE,3,SMALL,1.002283379401514,0.002773666666666667,0.00278,c
c,ChooseHints,adi,DOUBLE,4,SMALL,0.6792084045932079,0.004093,0.00278,c
c,ChooseHints,adi,DOUBLE,5,SMALL,0.6865327625946659,0.004049333333333333,0.00278,c
c,FromPlan,adi,DOUBLE,1,SMALL,1.4302864002743954,0.0019436666666666667,0.00278,c
c,FromPlan,adi,DOUBLE,2,SMALL,2.2601626016260163,0.00123,0.00278,c
c,FromPlan,adi,DOUBLE,3,SMALL,1.40973630831643,0.001972,0.00278,c
c,FromPlan,adi,DOUBLE,4,SMALL,0.8362578963200642,0.0033243333333333332,0.00278,c
c,FromPlan,adi,DOUBLE,5,SMALL,1.3837730214036834,0.002009,0.00278,c
c,Naive,adi,DOUBLE,1,SMALL,1.0027654202236382,0.0027723333333333332,0.00278,c
c,Naive,adi,DOUBLE,2,SMALL,0.8867623604465709,0.003135,0.00278,c
c,Naive,adi,DOUBLE,3,SMALL,1.4104515474378487,0.001971,0.00278,c
c,Naive,adi,DOUBLE,4,SMALL,0.7198342827550491,0.0038620000000000004,0.00278,c
c,Naive,adi,DOUBLE,5,SMALL,1.1792986425339367,0.0023573333333333332,0.00278,c
c,standard,adi,DOUBLE,1,SMALL,1.0,0.00278,0.00278,c
exo,AllHints,adi,DOUBLE,1,SMALL,0.6742663109386369,0.004123,0.00278,c
exo,AllHints,adi,DOUBLE,2,SMALL,0.6862503085657862,0.004051,0.00278,c
exo,AllHints,adi,DOUBLE,3,SMALL,0.6982585398526456,0.003981333333333333,0.00278,c
exo,AllHints,adi,DOUBLE,5,SMALL,0.6832705226937572,0.004068666666666667,0.00278,c
exo,ChooseHints,adi,DOUBLE,1,SMALL,0.6903402036255276,0.004027,0.00278,c
exo,ChooseHints,adi,DOUBLE,2,SMALL,0.6798728295426755,0.004089,0.00278,c
exo,ChooseHints,adi,DOUBLE,4,SMALL,0.6928636703497548,0.004012333333333334,0.00278,c
exo,ChooseHints,adi,DOUBLE,5,SMALL,0.6635372742461612,0.004189666666666667,0.00278,c
exo,FromPlan,adi,DOUBLE,2,SMALL,1.144189875154342,0.0024296666666666668,0.00278,c
exo,FromPlan,adi,DOUBLE,4,SMALL,0.2826926988000813,0.009834,0.00278,c
exo,Naive,adi,DOUBLE,1,SMALL,0.6803720019579051,0.004085999999999999,0.00278,c
exo,Naive,adi,DOUBLE,2,SMALL,0.6906832298136646,0.004025,0.00278,c
exo,Naive,adi,DOUBLE,4,SMALL,0.6574176257291503,0.004228666666666666,0.00278,c
exo,standard,adi,DOUBLE,2,SMALL,0.7276217065084627,0.0038206666666666667,0.00278,c
exo,standard,adi,DOUBLE,3,SMALL,0.7216405641602492,0.003852333333333333,0.00278,c
exo,standard,adi,DOUBLE,4,SMALL,0.7252173913043478,0.003833333333333333,0.00278,c
halide,AllHints,adi,DOUBLE,1,SMALL,0.011524096277330002,0.24123366666666665,0.00278,c
halide,AllHints,adi,DOUBLE,3,SMALL,0.018995125950895093,0.14635333333333334,0.00278,c
halide,ChooseHints,adi,DOUBLE,1,SMALL,0.06908434253905667,0.04024066666666667,0.00278,c
halide,ChooseHints,adi,DOUBLE,2,SMALL,0.7559140759539563,0.0036776666666666663,0.00278,c
halide,ChooseHints,adi,DOUBLE,3,SMALL,0.0091538907328381,0.303696,0.00278,c
halide,ChooseHints,adi,DOUBLE,4,SMALL,1.123383620689655,0.0024746666666666667,0.00278,c
halide,FromPlan,adi,DOUBLE,3,SMALL,1.0866449511400653,0.002558333333333333,0.00278,c
halide,Naive,adi,DOUBLE,2,SMALL,0.8647863956864372,0.0032146666666666665,0.00278,c
halide,Naive,adi,DOUBLE,4,SMALL,0.2780834250275082,0.009997,0.00278,c
halide,standard,adi,DOUBLE,1,SMALL,0.8816999682841737,0.003153,0.00278,c
halide,standard,adi,DOUBLE,2,SMALL,0.8825396825396825,0.00315,0.00278,c
halide,standard,adi,DOUBLE,3,SMALL,0.8827265029635901,0.0031493333333333334,0.00278,c
halide,standard,adi,DOUBLE,5,SMALL,0.8779871565427939,0.0031663333333333335,0.00278,c
noarr,AllHints,adi,DOUBLE,1,SMALL,0.4240174894504042,0.006556333333333333,0.00278,c
noarr,AllHints,adi,DOUBLE,2,SMALL,0.7597012206230642,0.0036593333333333334,0.00278,c
noarr,AllHints,adi,DOUBLE,3,SMALL,0.4307628738185011,0.006453666666666667,0.00278,c
noarr,AllHints,adi,DOUBLE,4,SMALL,0.4385088595614911,0.006339666666666667,0.00278,c
noarr,AllHints,adi,DOUBLE,5,SMALL,1.0010803024846957,0.002777,0.00278,c
noarr,ChooseHints,adi,DOUBLE,1,SMALL,0.4378872204137352,0.0063486666666666665,0.00278,c
noarr,ChooseHints,adi,DOUBLE,2,SMALL,1.3484236054971706,0.0020616666666666665,0.00278,c
noarr,ChooseHints,adi,DOUBLE,3,SMALL,0.43966471611576785,0.006323,0.00278,c
noarr,ChooseHints,adi,DOUBLE,4,SMALL,0.43029615106800123,0.006460666666666667,0.00278,c
noarr,ChooseHints,adi,DOUBLE,5,SMALL,0.431297512540725,0.006445666666666666,0.00278,c
noarr,FromPlan,adi,DOUBLE,1,SMALL,0.8933161953727505,0.003112,0.00278,c
noarr,FromPlan,adi,DOUBLE,2,SMALL,0.4355318815603948,0.006383,0.00278,c
noarr,FromPlan,adi,DOUBLE,3,SMALL,0.44059379787627445,0.006309666666666667,0.00278,c
noarr,FromPlan,adi,DOUBLE,4,SMALL,1.2513128282070518,0.0022216666666666665,0.00278,c
noarr,FromPlan,adi,DOUBLE,5,SMALL,1.0714285714285714,0.0025946666666666666,0.00278,c
noarr,Naive,adi,DOUBLE,1,SMALL,1.0115221346270467,0.0027483333333333335,0.00278,c
noarr,Naive,adi,DOUBLE,2,SMALL,1.017321297877531,0.0027326666666666667,0.00278,c
noarr,Naive,adi,DOUBLE,5,SMALL,1.007003139338324,0.0027606666666666665,0.00278,c
noarr,standard,adi,DOUBLE,1,SMALL,1.0054249547920433,0.002765,0.00278,c
noarr,standard,adi,DOUBLE,3,SMALL,0.9273879684198822,0.0029976666666666663,0.00278,c
noarr,standard,adi,DOUBLE,4,SMALL,1.02306182531894,0.0027173333333333333,0.00278,c
noarr,standard,adi,DOUBLE,5,SMALL,1.0191861175607968,0.0027276666666666664,0.00278,c
c,AllHints,atax,DOUBLE,1,SMALL,0.2819277108433735,0.00013833333333333333,3.9e-05,c
c,AllHints,atax,DOUBLE,2,SMALL,0.36,0.00010833333333333333,3.9e-05,c
c,AllHints,atax,DOUBLE,3,SMALL,2.2941176470588234,1.7e-05,3.9e-05,c
c,AllHints,atax,DOUBLE,4,SMALL,0.3103448275862069,0.00012566666666666667,3.9e-05,c
c,AllHints,atax,DOUBLE,5,SMALL,0.30000000000000004,0.00013,3.9e-05,c
c,ChooseHints,atax,DOUBLE,1,SMALL,2.0172413793103448,1.9333333333333333e-05,3.9e-05,c
c,ChooseHints,atax,DOUBLE,2,SMALL,1.625,2.4e-05,3.9e-05,c
c,ChooseHints,atax,DOUBLE,3,SMALL,0.48749999999999993,8e-05,3.9e-05,c
c,ChooseHints,atax,DOUBLE,4,SMALL,0.22807017543859648,0.000171,3.9e-05,c
c,ChooseHints,atax,DOUBLE,5,SMALL,0.24074074074074073,0.000162,3.9e-05,c
c,FromPlan,atax,DOUBLE,1,SMALL,1.581081081081081,2.466666666666667e-05,3.9e-05,c
c,FromPlan,atax,DOUBLE,3,SMALL,2.3877551020408165,1.633333333333333e-05,3.9e-05,c
c,FromPlan,atax,DOUBLE,4,SMALL,1.0353982300884954,3.766666666666667e-05,3.9e-05,c
c,FromPlan,atax,DOUBLE,5,SMALL,0.9069767441860466,4.2999999999999995e-05,3.9e-05,c
c,Naive,atax,DOUBLE,1,SMALL,1.073394495412844,3.633333333333333e-05,3.9e-05,c
c,Naive,atax,DOUBLE,2,SMALL,1.0636363636363637,3.6666666666666666e-05,3.9e-05,c
c,Naive,atax,DOUBLE,3,SMALL,1.0636363636363637,3.6666666666666666e-05,3.9e-05,c
c,Naive,atax,DOUBLE,4,SMALL,0.9512195121951219,4.1e-05,3.9e-05,c
c,standard,atax,DOUBLE,1,SMALL,1.0,3.9e-05,3.9e-05,c
exo,AllHints,atax,DOUBLE,1,SMALL,0.6802325581395349,5.7333333333333336e-05,3.9e-05,c
exo,AllHints,atax,DOUBLE,2,SMALL,0.4301470588235294,9.066666666666667e-05,3.9e-05,c
exo,AllHints,atax,DOUBLE,4,SMALL,0.42857142857142855,9.1e-05,3.9e-05,c
exo,ChooseHints,atax,DOUBLE,1,SMALL,0.37864077669902907,0.00010300000000000001,3.9e-05,c
exo,ChooseHints,atax,DOUBLE,2,SMALL,0.6290322580645161,6.2e-05,3.9e-05,c
exo,ChooseHints,atax,DOUBLE,3,SMALL,0.5467289719626168,7.133333333333334e-05,3.9e-05,c
exo,ChooseHints,atax,DOUBLE,4,SMALL,0.44150943396226416,8.833333333333333e-05,3.9e-05,c
exo,ChooseHints,atax,DOUBLE,5,SMALL,1.0086206896551724,3.866666666666667e-05,3.9e-05,c
exo,FromPlan,atax,DOUBLE,1,SMALL,0.7312500000000001,5.3333333333333326e-05,3.9e-05,c
exo,FromPlan,atax,DOUBLE,2,SMALL,0.6802325581395349,5.7333333333333336e-05,3.9e-05,c
exo,FromPlan,atax,DOUBLE,4,SMALL,1.2580645161290323,3.1e-05,3.9e-05,c
exo,Naive,atax,DOUBLE,4,SMALL,0.5492957746478874,7.099999999999999e-05,3.9e-05,c
exo,standard,atax,DOUBLE,1,SMALL,0.9749999999999999,4e-05,3.9e-05,c
exo,standard,atax,DOUBLE,2,SMALL,1.0636363636363637,3.6666666666666666e-05,3.9e-05,c
exo,standard,atax,DOUBLE,3,SMALL,0.8731343283582088,4.466666666666667e-05,3.9e-05,c
exo,standard,atax,DOUBLE,4,SMALL,0.9749999999999999,4e-05,3.9e-05,c
exo,standard,atax,DOUBLE,5,SMALL,0.9669421487603305,4.0333333333333336e-05,3.9e-05,c
halide,Naive,atax,DOUBLE,2,SMALL,0.01459398777597605,0.0026723333333333334,3.9e-05,c
halide,standard,atax,DOUBLE,1,SMALL,0.6030927835051547,6.466666666666666e-05,3.9e-05,c
halide,standard,atax,DOUBLE,2,SMALL,0.7697368421052632,5.066666666666667e-05,3.9e-05,c
halide,standard,atax,DOUBLE,3,SMALL,0.7548387096774194,5.1666666666666664e-05,3.9e-05,c
halide,standard,atax,DOUBLE,4,SMALL,0.609375,6.4e-05,3.9e-05,c
halide,standard,atax,DOUBLE,5,SMALL,0.65,5.9999999999999995e-05,3.9e-05,c
noarr,AllHints,atax,DOUBLE,1,SMALL,1.3448275862068966,2.9e-05,3.9e-05,c
noarr,AllHints,atax,DOUBLE,2,SMALL,1.7727272727272725,2.2000000000000003e-05,3.9e-05,c
noarr,AllHints,atax,DOUBLE,3,SMALL,0.016245487364620937,0.002400666666666667,3.9e-05,c
noarr,AllHints,atax,DOUBLE,4,SMALL,1.3295454545454546,2.9333333333333333e-05,3.9e-05,c
noarr,AllHints,atax,DOUBLE,5,SMALL,0.017660377358490565,0.0022083333333333334,3.9e-05,c
noarr,ChooseHints,atax,DOUBLE,1,SMALL,1.3295454545454546,2.9333333333333333e-05,3.9e-05,c
noarr,ChooseHints,atax,DOUBLE,2,SMALL,1.5,2.6e-05,3.9e-05,c
noarr,ChooseHints,atax,DOUBLE,3,SMALL,1.3448275862068966,2.9e-05,3.9e-05,c
noarr,ChooseHints,atax,DOUBLE,4,SMALL,1.3295454545454546,2.9333333333333333e-05,3.9e-05,c
noarr,ChooseHints,atax,DOUBLE,5,SMALL,1.1818181818181817,3.3e-05,3.9e-05,c
noarr,FromPlan,atax,DOUBLE,2,SMALL,0.6923076923076923,5.633333333333333e-05,3.9e-05,c
noarr,FromPlan,atax,DOUBLE,4,SMALL,0.7647058823529411,5.1e-05,3.9e-05,c
noarr,Naive,atax,DOUBLE,1,SMALL,1.1938775510204083,3.266666666666666e-05,3.9e-05,c
noarr,Naive,atax,DOUBLE,2,SMALL,2.052631578947368,1.9e-05,3.9e-05,c
noarr,Naive,atax,DOUBLE,3,SMALL,1.1818181818181817,3.3e-05,3.9e-05,c
noarr,Naive,atax,DOUBLE,4,SMALL,2.1272727272727274,1.8333333333333333e-05,3.9e-05,c
noarr,Naive,atax,DOUBLE,5,SMALL,1.7727272727272725,2.2000000000000003e-05,3.9e-05,c
noarr,standard,atax,DOUBLE,1,SMALL,1.1818181818181817,3.3e-05,3.9e-05,c
noarr,standard,atax,DOUBLE,2,SMALL,1.3146067415730338,2.9666666666666665e-05,3.9e-05,c
noarr,standard,atax,DOUBLE,3,SMALL,1.1584158415841583,3.366666666666667e-05,3.9e-05,c
noarr,standard,atax,DOUBLE,4,SMALL,1.1584158415841583,3.366666666666667e-05,3.9e-05,c
noarr,standard,atax,DOUBLE,5,SMALL,1.17,3.3333333333333335e-05,3.9e-05,c
c,AllHints,bicg,DOUBLE,1,SMALL,0.43243243243243235,0.00012333333333333334,5.3333333333333326e-05,c
c,AllHints,bicg,DOUBLE,3,SMALL,0.4456824512534818,0.00011966666666666667,5.3333333333333326e-05,c
c,AllHints,bicg,DOUBLE,4,SMALL,0.41884816753926696,0.00012733333333333333,5.3333333333333326e-05,c
c,AllHints,bicg,DOUBLE,5,SMALL,0.47058823529411753,0.00011333333333333334,5.3333333333333326e-05,c
c,ChooseHints,bicg,DOUBLE,1,SMALL,2.5,2.133333333333333e-05,5.3333333333333326e-05,c
c,ChooseHints,bicg,DOUBLE,2,SMALL,0.4312668463611859,0.00012366666666666667,5.3333333333333326e-05,c
c,ChooseHints,bicg,DOUBLE,3,SMALL,0.43360433604336046,0.00012299999999999998,5.3333333333333326e-05,c
c,ChooseHints,bicg,DOUBLE,4,SMALL,2.4242424242424234,2.2000000000000003e-05,5.3333333333333326e-05,c
c,ChooseHints,bicg,DOUBLE,5,SMALL,0.42105263157894735,0.00012666666666666666,5.3333333333333326e-05,c
c,FromPlan,bicg,DOUBLE,1,SMALL,0.4545454545454545,0.00011733333333333333,5.3333333333333326e-05,c
c,FromPlan,bicg,DOUBLE,2,SMALL,2.4242424242424234,2.2000000000000003e-05,5.3333333333333326e-05,c
c,FromPlan,bicg,DOUBLE,3,SMALL,2.3188405797101446,2.3e-05,5.3333333333333326e-05,c
c,FromPlan,bicg,DOUBLE,4,SMALL,2.580645161290322,2.0666666666666666e-05,5.3333333333333326e-05,c
c,FromPlan,bicg,DOUBLE,5,SMALL,2.5,2.133333333333333e-05,5.3333333333333326e-05,c
c,Naive,bicg,DOUBLE,1,SMALL,2.4615384615384617,2.1666666666666664e-05,5.3333333333333326e-05,c
c,Naive,bicg,DOUBLE,2,SMALL,2.4615384615384617,2.1666666666666664e-05,5.3333333333333326e-05,c
c,Naive,bicg,DOUBLE,3,SMALL,2.4242424242424234,2.2000000000000003e-05,5.3333333333333326e-05,c
c,Naive,bicg,DOUBLE,4,SMALL,2.4615384615384617,2.1666666666666664e-05,5.3333333333333326e-05,c
c,Naive,bicg,DOUBLE,5,SMALL,2.5,2.133333333333333e-05,5.3333333333333326e-05,c
c,standard,bicg,DOUBLE,1,SMALL,1.0,5.3333333333333326e-05,5.3333333333333326e-05,c
exo,AllHints,bicg,DOUBLE,2,SMALL,0.9248554913294796,5.766666666666667e-05,5.3333333333333326e-05,c
exo,AllHints,bicg,DOUBLE,3,SMALL,0.9411764705882352,5.6666666666666664e-05,5.3333333333333326e-05,c
exo,AllHints,bicg,DOUBLE,4,SMALL,0.9815950920245397,5.433333333333334e-05,5.3333333333333326e-05,c
exo,AllHints,bicg,DOUBLE,5,SMALL,0.9523809523809521,5.6000000000000006e-05,5.3333333333333326e-05,c
exo,ChooseHints,bicg,DOUBLE,1,SMALL,0.9195402298850573,5.8e-05,5.3333333333333326e-05,c
exo,ChooseHints,bicg,DOUBLE,2,SMALL,2.0779220779220777,2.5666666666666666e-05,5.3333333333333326e-05,c
exo,ChooseHints,bicg,DOUBLE,4,SMALL,0.9815950920245397,5.433333333333334e-05,5.3333333333333326e-05,c
exo,ChooseHints,bicg,DOUBLE,5,SMALL,0.5047318611987381,0.00010566666666666667,5.3333333333333326e-05,c
exo,FromPlan,bicg,DOUBLE,2,SMALL,0.8888888888888888,5.9999999999999995e-05,5.3333333333333326e-05,c
exo,Naive,bicg,DOUBLE,1,SMALL,1.0,5.3333333333333326e-05,5.3333333333333326e-05,c
exo,Naive,bicg,DOUBLE,2,SMALL,0.9248554913294796,5.766666666666667e-05,5.3333333333333326e-05,c
exo,Naive,bicg,DOUBLE,3,SMALL,1.7777777777777777,2.9999999999999997e-05,5.3333333333333326e-05,c
exo,Naive,bicg,DOUBLE,4,SMALL,0.9638554216867469,5.5333333333333334e-05,5.3333333333333326e-05,c
exo,Naive,bicg,DOUBLE,5,SMALL,0.9937888198757762,5.366666666666667e-05,5.3333333333333326e-05,c
exo,standard,bicg,DOUBLE,1,SMALL,1.0062893081761006,5.2999999999999994e-05,5.3333333333333326e-05,c
exo,standard,bicg,DOUBLE,2,SMALL,0.6477732793522266,8.233333333333333e-05,5.3333333333333326e-05,c
exo,standard,bicg,DOUBLE,3,SMALL,0.8121827411167513,6.566666666666666e-05,5.3333333333333326e-05,c
exo,standard,bicg,DOUBLE,4,SMALL,0.9876543209876542,5.4000000000000005e-05,5.3333333333333326e-05,c
exo,standard,bicg,DOUBLE,5,SMALL,0.9876543209876544,5.399999999999999e-05,5.3333333333333326e-05,c
halide,AllHints,bicg,DOUBLE,5,SMALL,0.05899705014749262,0.000904,5.3333333333333326e-05,c
halide,FromPlan,bicg,DOUBLE,1,SMALL,0.016477857878475794,0.0032366666666666668,5.3333333333333326e-05,c
halide,FromPlan,bicg,DOUBLE,4,SMALL,0.030941790756140005,0.0017236666666666667,5.3333333333333326e-05,c
halide,standard,bicg,DOUBLE,1,SMALL,0.7239819004524887,7.366666666666666e-05,5.3333333333333326e-05,c
halide,standard,bicg,DOUBLE,2,SMALL,0.9638554216867469,5.5333333333333334e-05,5.3333333333333326e-05,c
halide,standard,bicg,DOUBLE,3,SMALL,0.7547169811320753,7.066666666666667e-05,5.3333333333333326e-05,c
halide,standard,bicg,DOUBLE,4,SMALL,0.8040201005025124,6.633333333333334e-05,5.3333333333333326e-05,c
halide,standard,bicg,DOUBLE,5,SMALL,0.7547169811320753,7.066666666666667e-05,5.3333333333333326e-05,c
noarr,AllHints,bicg,DOUBLE,1,SMALL,2.666666666666666,2e-05,5.3333333333333326e-05,c
noarr,AllHints,bicg,DOUBLE,2,SMALL,0.02261484098939929,0.0023583333333333334,5.3333333333333326e-05,c
noarr,AllHints,bicg,DOUBLE,3,SMALL,3.137254901960784,1.7e-05,5.3333333333333326e-05,c
noarr,AllHints,bicg,DOUBLE,4,SMALL,3.809523809523809,1.4e-05,5.3333333333333326e-05,c
noarr,AllHints,bicg,DOUBLE,5,SMALL,3.137254901960784,1.7e-05,5.3333333333333326e-05,c
noarr,ChooseHints,bicg,DOUBLE,1,SMALL,2.5396825396825395,2.1e-05,5.3333333333333326e-05,c
noarr,ChooseHints,bicg,DOUBLE,2,SMALL,1.2121212121212117,4.4000000000000006e-05,5.3333333333333326e-05,c
noarr,ChooseHints,bicg,DOUBLE,3,SMALL,3.137254901960784,1.7e-05,5.3333333333333326e-05,c
noarr,ChooseHints,bicg,DOUBLE,4,SMALL,3.137254901960784,1.7e-05,5.3333333333333326e-05,c
noarr,ChooseHints,bicg,DOUBLE,5,SMALL,3.137254901960784,1.7e-05,5.3333333333333326e-05,c
noarr,FromPlan,bicg,DOUBLE,2,SMALL,2.666666666666666,2e-05,5.3333333333333326e-05,c
noarr,FromPlan,bicg,DOUBLE,5,SMALL,2.5396825396825395,2.1e-05,5.3333333333333326e-05,c
noarr,Naive,bicg,DOUBLE,1,SMALL,3.137254901960784,1.7e-05,5.3333333333333326e-05,c
noarr,Naive,bicg,DOUBLE,2,SMALL,3.137254901960784,1.7e-05,5.3333333333333326e-05,c
noarr,Naive,bicg,DOUBLE,3,SMALL,3.137254901960784,1.7e-05,5.3333333333333326e-05,c
noarr,Naive,bicg,DOUBLE,4,SMALL,3.137254901960784,1.7e-05,5.3333333333333326e-05,c
noarr,Naive,bicg,DOUBLE,5,SMALL,3.137254901960784,1.7e-05,5.3333333333333326e-05,c
noarr,standard,bicg,DOUBLE,1,SMALL,1.185185185185185,4.5e-05,5.3333333333333326e-05,c
noarr,standard,bicg,DOUBLE,2,SMALL,1.185185185185185,4.5e-05,5.3333333333333326e-05,c
noarr,standard,bicg,DOUBLE,3,SMALL,1.185185185185185,4.5e-05,5.3333333333333326e-05,c
noarr,standard,bicg,DOUBLE,4,SMALL,1.185185185185185,4.5e-05,5.3333333333333326e-05,c
noarr,standard,bicg,DOUBLE,5,SMALL,1.185185185185185,4.5e-05,5.3333333333333326e-05,c
c,AllHints,cholesky,DOUBLE,1,SMALL,1.1307692307692305,0.0003466666666666667,0.000392,c
c,AllHints,cholesky,DOUBLE,2,SMALL,1.1795386158475425,0.00033233333333333335,0.000392,c
c,AllHints,cholesky,DOUBLE,3,SMALL,1.0025575447570332,0.000391,0.000392,c
c,AllHints,cholesky,DOUBLE,4,SMALL,1.0604147880973849,0.00036966666666666674,0.000392,c
c,AllHints,cholesky,DOUBLE,5,SMALL,1.168986083499006,0.0003353333333333333,0.000392,c
c,ChooseHints,cholesky,DOUBLE,1,SMALL,1.106302916274694,0.0003543333333333334,0.000392,c
c,ChooseHints,cholesky,DOUBLE,3,SMALL,1.168986083499006,0.0003353333333333333,0.000392,c
c,ChooseHints,cholesky,DOUBLE,5,SMALL,1.1914893617021276,0.00032900000000000003,0.000392,c
c,FromPlan,cholesky,DOUBLE,1,SMALL,1.8204334365325077,0.00021533333333333333,0.000392,c
c,FromPlan,cholesky,DOUBLE,2,SMALL,1.168986083499006,0.0003353333333333333,0.000392,c
c,FromPlan,cholesky,DOUBLE,3,SMALL,1.155206286836935,0.00033933333333333336,0.000392,c
c,FromPlan,cholesky,DOUBLE,4,SMALL,1.5096277278562258,0.00025966666666666667,0.000392,c
c,FromPlan,cholesky,DOUBLE,5,SMALL,2.684931506849315,0.000146,0.000392,c
c,Naive,cholesky,DOUBLE,1,SMALL,1.1987767584097857,0.00032700000000000003,0.000392,c
c,Naive,cholesky,DOUBLE,2,SMALL,1.168986083499006,0.0003353333333333333,0.000392,c
c,Naive,cholesky,DOUBLE,3,SMALL,1.1264367816091954,0.000348,0.000392,c
c,Naive,cholesky,DOUBLE,4,SMALL,1.0788990825688072,0.00036333333333333335,0.000392,c
c,Naive,cholesky,DOUBLE,5,SMALL,1.0642533936651584,0.00036833333333333336,0.000392,c
c,standard,cholesky,DOUBLE,1,SMALL,1.0,0.000392,0.000392,c
exo,AllHints,cholesky,DOUBLE,1,SMALL,1.1253588516746411,0.0003483333333333333,0.000392,c
exo,AllHints,cholesky,DOUBLE,2,SMALL,1.101123595505618,0.000356,0.000392,c
exo,AllHints,cholesky,DOUBLE,3,SMALL,0.9719008264462811,0.0004033333333333333,0.000392,c
exo,AllHints,cholesky,DOUBLE,5,SMALL,0.9751243781094526,0.000402,0.000392,c
exo,ChooseHints,cholesky,DOUBLE,2,SMALL,1.1428571428571428,0.000343,0.000392,c
exo,ChooseHints,cholesky,DOUBLE,3,SMALL,1.0838709677419356,0.00036166666666666666,0.000392,c
exo,ChooseHints,cholesky,DOUBLE,4,SMALL,0.953771289537713,0.00041099999999999996,0.000392,c
exo,ChooseHints,cholesky,DOUBLE,5,SMALL,1.1031894934333957,0.00035533333333333337,0.000392,c
exo,FromPlan,cholesky,DOUBLE,1,SMALL,1.1666666666666667,0.000336,0.000392,c
exo,FromPlan,cholesky,DOUBLE,2,SMALL,1.1329479768786128,0.00034599999999999995,0.000392,c
exo,FromPlan,cholesky,DOUBLE,4,SMALL,1.1655104063429138,0.0003363333333333333,0.000392,c
exo,FromPlan,cholesky,DOUBLE,5,SMALL,1.072992700729927,0.00036533333333333334,0.000392,c
exo,Naive,cholesky,DOUBLE,1,SMALL,0.4239365537130498,0.0009246666666666666,0.000392,c
exo,Naive,cholesky,DOUBLE,3,SMALL,1.1210676835081028,0.0003496666666666667,0.000392,c
exo,Naive,cholesky,DOUBLE,4,SMALL,1.1031894934333957,0.00035533333333333337,0.000392,c
exo,Naive,cholesky,DOUBLE,5,SMALL,0.3475177304964539,0.0011279999999999999,0.000392,c
exo,standard,cholesky,DOUBLE,1,SMALL,0.9238020424194814,0.00042433333333333337,0.000392,c
exo,standard,cholesky,DOUBLE,2,SMALL,0.9325931800158604,0.0004203333333333333,0.000392,c
exo,standard,cholesky,DOUBLE,3,SMALL,0.9453376205787781,0.00041466666666666664,0.000392,c
exo,standard,cholesky,DOUBLE,4,SMALL,0.935560859188544,0.00041900000000000005,0.000392,c
exo,standard,cholesky,DOUBLE,5,SMALL,0.9355608591885443,0.00041899999999999994,0.000392,c
halide,AllHints,cholesky,DOUBLE,4,SMALL,0.006499248386241047,0.06031466666666666,0.000392,c
halide,ChooseHints,cholesky,DOUBLE,2,SMALL,0.9238020424194814,0.00042433333333333337,0.000392,c
halide,Naive,cholesky,DOUBLE,1,SMALL,1.0858725761772854,0.000361,0.000392,c
halide,Naive,cholesky,DOUBLE,4,SMALL,1.1264367816091954,0.000348,0.000392,c
halide,standard,cholesky,DOUBLE,1,SMALL,1.2098765432098764,0.000324,0.000392,c
c,AllHints,correlation,DOUBLE,1,SMALL,5.542274052478134,0.00011433333333333333,0.0006336666666666666,c
c,AllHints,correlation,DOUBLE,2,SMALL,5.295264623955431,0.00011966666666666667,0.0006336666666666666,c
c,AllHints,correlation,DOUBLE,3,SMALL,2.565452091767881,0.000247,0.0006336666666666666,c
c,AllHints,correlation,DOUBLE,4,SMALL,1.4144345238095237,0.000448,0.0006336666666666666,c
c,ChooseHints,correlation,DOUBLE,1,SMALL,3.266323024054982,0.00019400000000000003,0.0006336666666666666,c
c,ChooseHints,correlation,DOUBLE,2,SMALL,2.600547195622435,0.00024366666666666666,0.0006336666666666666,c
c,ChooseHints,correlation,DOUBLE,3,SMALL,4.602905569007263,0.00013766666666666666,0.0006336666666666666,c
c,ChooseHints,correlation,DOUBLE,5,SMALL,4.187224669603524,0.00015133333333333332,0.0006336666666666666,c
c,FromPlan,correlation,DOUBLE,1,SMALL,3.2775862068965513,0.00019333333333333333,0.0006336666666666666,c
c,FromPlan,correlation,DOUBLE,2,SMALL,2.947286821705426,0.000215,0.0006336666666666666,c
c,FromPlan,correlation,DOUBLE,3,SMALL,2.5448460508701465,0.00024900000000000004,0.0006336666666666666,c
c,FromPlan,correlation,DOUBLE,4,SMALL,1.2749832327297117,0.0004969999999999999,0.0006336666666666666,c
c,FromPlan,correlation,DOUBLE,5,SMALL,3.227504244482173,0.00019633333333333333,0.0006336666666666666,c
c,Naive,correlation,DOUBLE,1,SMALL,3.136963696369637,0.000202,0.0006336666666666666,c
c,Naive,correlation,DOUBLE,2,SMALL,2.9749608763693267,0.000213,0.0006336666666666666,c
c,Naive,correlation,DOUBLE,3,SMALL,3.0415999999999994,0.00020833333333333335,0.0006336666666666666,c
c,Naive,correlation,DOUBLE,4,SMALL,3.205733558178752,0.00019766666666666666,0.0006336666666666666,c
c,Naive,correlation,DOUBLE,5,SMALL,3.003159557661927,0.000211,0.0006336666666666666,c
c,standard,correlation,DOUBLE,1,SMALL,1.0,0.0006336666666666666,0.0006336666666666666,c
exo,AllHints,correlation,DOUBLE,1,SMALL,3.096091205211726,0.00020466666666666666,0.0006336666666666666,c
exo,AllHints,correlation,DOUBLE,2,SMALL,1.2690253671562082,0.0004993333333333333,0.0006336666666666666,c
exo,AllHints,correlation,DOUBLE,3,SMALL,3.5203703703703697,0.00018,0.0006336666666666666,c
exo,AllHints,correlation,DOUBLE,4,SMALL,2.2577197149643706,0.00028066666666666664,0.0006336666666666666,c
exo,AllHints,correlation,DOUBLE,5,SMALL,1.7650882079851438,0.000359,0.0006336666666666666,c
exo,ChooseHints,correlation,DOUBLE,1,SMALL,3.1215106732348112,0.00020299999999999997,0.0006336666666666666,c
exo,ChooseHints,correlation,DOUBLE,2,SMALL,2.338253382533825,0.00027100000000000003,0.0006336666666666666,c
exo,ChooseHints,correlation,DOUBLE,3,SMALL,3.4376130198915007,0.00018433333333333333,0.0006336666666666666,c
exo,ChooseHints,correlation,DOUBLE,4,SMALL,3.7495069033530566,0.00016900000000000002,0.0006336666666666666,c
exo,ChooseHints,correlation,DOUBLE,5,SMALL,2.3382533825338254,0.000271,0.0006336666666666666,c
exo,FromPlan,correlation,DOUBLE,2,SMALL,2.9111791730474725,0.00021766666666666668,0.0006336666666666666,c
exo,FromPlan,correlation,DOUBLE,3,SMALL,3.0513643659711076,0.00020766666666666665,0.0006336666666666666,c
exo,FromPlan,correlation,DOUBLE,4,SMALL,2.911179173047473,0.00021766666666666665,0.0006336666666666666,c
exo,Naive,correlation,DOUBLE,2,SMALL,2.7997054491899847,0.00022633333333333335,0.0006336666666666666,c
exo,Naive,correlation,DOUBLE,3,SMALL,1.5281350482315113,0.00041466666666666664,0.0006336666666666666,c
exo,Naive,correlation,DOUBLE,5,SMALL,1.6631671041119858,0.000381,0.0006336666666666666,c
exo,standard,correlation,DOUBLE,1,SMALL,1.0410733844468782,0.0006086666666666666,0.0006336666666666666,c
exo,standard,correlation,DOUBLE,2,SMALL,1.0661805945036456,0.0005943333333333333,0.0006336666666666666,c
exo,standard,correlation,DOUBLE,3,SMALL,1.0410733844468782,0.0006086666666666666,0.0006336666666666666,c
halide,AllHints,correlation,DOUBLE,1,SMALL,0.37114408434205387,0.0017073333333333333,0.0006336666666666666,c
halide,AllHints,correlation,DOUBLE,2,SMALL,0.3640367675220222,0.0017406666666666666,0.0006336666666666666,c
halide,AllHints,correlation,DOUBLE,4,SMALL,0.4389286538905564,0.0014436666666666667,0.0006336666666666666,c
halide,Naive,correlation,DOUBLE,1,SMALL,0.17109171091710917,0.0037036666666666663,0.0006336666666666666,c
halide,Naive,correlation,DOUBLE,2,SMALL,0.4121856027753686,0.0015373333333333333,0.0006336666666666666,c
halide,Naive,correlation,DOUBLE,4,SMALL,0.191517227483377,0.0033086666666666664,0.0006336666666666666,c
halide,Naive,correlation,DOUBLE,5,SMALL,0.32992016660881635,0.0019206666666666667,0.0006336666666666666,c
halide,standard,correlation,DOUBLE,1,SMALL,3.92216353605082e-06,161.56049099999998,0.0006336666666666666,c
halide,standard,correlation,DOUBLE,2,SMALL,4.054017157696752e-06,156.305867,0.0006336666666666666,c
halide,standard,correlation,DOUBLE,3,SMALL,3.9187444928086085e-06,161.70145,0.0006336666666666666,c
halide,standard,correlation,DOUBLE,4,SMALL,0.7878159966846248,0.0008043333333333334,0.0006336666666666666,c
halide,standard,correlation,DOUBLE,5,SMALL,3.940151850053117e-06,160.822905,0.0006336666666666666,c
noarr,AllHints,correlation,DOUBLE,1,SMALL,1.4600614439324116,0.000434,0.0006336666666666666,c
noarr,AllHints,correlation,DOUBLE,2,SMALL,1.305631868131868,0.00048533333333333333,0.0006336666666666666,c
noarr,AllHints,correlation,DOUBLE,3,SMALL,1.500394632991318,0.0004223333333333333,0.0006336666666666666,c
noarr,AllHints,correlation,DOUBLE,4,SMALL,1.3775362318840576,0.00046000000000000007,0.0006336666666666666,c
noarr,AllHints,correlation,DOUBLE,5,SMALL,1.4445288753799392,0.00043866666666666663,0.0006336666666666666,c
noarr,ChooseHints,correlation,DOUBLE,1,SMALL,1.356887937187723,0.00046699999999999997,0.0006336666666666666,c
noarr,ChooseHints,correlation,DOUBLE,2,SMALL,1.4805295950155761,0.000428,0.0006336666666666666,c
noarr,ChooseHints,correlation,DOUBLE,3,SMALL,1.5281350482315113,0.00041466666666666664,0.0006336666666666666,c
noarr,ChooseHints,correlation,DOUBLE,4,SMALL,3.0860389610389607,0.00020533333333333333,0.0006336666666666666,c
noarr,ChooseHints,correlation,DOUBLE,5,SMALL,1.3656609195402298,0.000464,0.0006336666666666666,c
noarr,FromPlan,correlation,DOUBLE,1,SMALL,1.559474979491386,0.00040633333333333336,0.0006336666666666666,c
noarr,FromPlan,correlation,DOUBLE,2,SMALL,1.5881370091896407,0.000399,0.0006336666666666666,c
noarr,FromPlan,correlation,DOUBLE,3,SMALL,1.5620377978635989,0.00040566666666666664,0.0006336666666666666,c
noarr,FromPlan,correlation,DOUBLE,4,SMALL,1.5894648829431435,0.0003986666666666667,0.0006336666666666666,c
noarr,FromPlan,correlation,DOUBLE,5,SMALL,1.5802161263507895,0.00040100000000000004,0.0006336666666666666,c
noarr,Naive,correlation,DOUBLE,1,SMALL,1.481683554169914,0.0004276666666666667,0.0006336666666666666,c
noarr,Naive,correlation,DOUBLE,2,SMALL,1.5111287758346579,0.00041933333333333335,0.0006336666666666666,c
noarr,Naive,correlation,DOUBLE,3,SMALL,2.9336419753086416,0.00021600000000000002,0.0006336666666666666,c
noarr,Naive,correlation,DOUBLE,4,SMALL,1.3434628975265015,0.0004716666666666667,0.0006336666666666666,c
noarr,Naive,correlation,DOUBLE,5,SMALL,1.3597997138769669,0.000466,0.0006336666666666666,c
noarr,standard,correlation,DOUBLE,1,SMALL,1.4133828996282525,0.00044833333333333335,0.0006336666666666666,c
noarr,standard,correlation,DOUBLE,2,SMALL,1.3029472241261135,0.00048633333333333335,0.0006336666666666666,c
noarr,standard,correlation,DOUBLE,3,SMALL,1.296725784447476,0.0004886666666666667,0.0006336666666666666,c
noarr,standard,correlation,DOUBLE,4,SMALL,1.315570934256055,0.0004816666666666667,0.0006336666666666666,c
noarr,standard,correlation,DOUBLE,5,SMALL,1.3101309441764297,0.0004836666666666667,0.0006336666666666666,c
c,AllHints,covariance,DOUBLE,1,SMALL,2.507713884992987,0.00023766666666666665,0.000596,c
c,AllHints,covariance,DOUBLE,2,SMALL,3.1149825783972127,0.0001913333333333333,0.000596,c
c,AllHints,covariance,DOUBLE,3,SMALL,3.311111111111111,0.00018,0.000596,c
c,AllHints,covariance,DOUBLE,4,SMALL,1.6804511278195486,0.0003546666666666667,0.000596,c
c,AllHints,covariance,DOUBLE,5,SMALL,1.121706398996236,0.0005313333333333333,0.000596,c
c,ChooseHints,covariance,DOUBLE,1,SMALL,2.9750415973377704,0.00020033333333333331,0.000596,c
c,ChooseHints,covariance,DOUBLE,2,SMALL,4.207058823529411,0.00014166666666666668,0.000596,c
c,ChooseHints,covariance,DOUBLE,3,SMALL,3.066895368782161,0.00019433333333333333,0.000596,c
c,ChooseHints,covariance,DOUBLE,4,SMALL,3.1985688729874773,0.00018633333333333335,0.000596,c
c,ChooseHints,covariance,DOUBLE,5,SMALL,3.0356536502546687,0.00019633333333333333,0.000596,c
c,FromPlan,covariance,DOUBLE,1,SMALL,2.307096774193548,0.00025833333333333334,0.000596,c
c,FromPlan,covariance,DOUBLE,2,SMALL,2.9899665551839463,0.00019933333333333334,0.000596,c
c,FromPlan,covariance,DOUBLE,3,SMALL,3.015177065767285,0.00019766666666666666,0.000596,c
c,FromPlan,covariance,DOUBLE,4,SMALL,2.283524904214559,0.000261,0.000596,c
c,FromPlan,covariance,DOUBLE,5,SMALL,2.289372599231754,0.00026033333333333334,0.000596,c
c,Naive,covariance,DOUBLE,1,SMALL,1.0604982206405693,0.000562,0.000596,c
c,Naive,covariance,DOUBLE,2,SMALL,1.0598695909899227,0.0005623333333333334,0.000596,c
c,Naive,covariance,DOUBLE,3,SMALL,3.1478873239436616,0.00018933333333333335,0.000596,c
c,Naive,covariance,DOUBLE,4,SMALL,1.058614564831261,0.000563,0.000596,c
c,Naive,covariance,DOUBLE,5,SMALL,3.0934256055363325,0.00019266666666666664,0.000596,c
c,standard,covariance,DOUBLE,1,SMALL,1.0,0.000596,0.000596,c
exo,AllHints,covariance,DOUBLE,1,SMALL,0.399374581192763,0.0014923333333333334,0.000596,c
exo,AllHints,covariance,DOUBLE,3,SMALL,0.23163622230858916,0.002573,0.000596,c
exo,ChooseHints,covariance,DOUBLE,1,SMALL,3.8286937901498925,0.00015566666666666666,0.000596,c
exo,ChooseHints,covariance,DOUBLE,2,SMALL,2.789391575663026,0.0002136666666666667,0.000596,c
exo,ChooseHints,covariance,DOUBLE,3,SMALL,2.869983948635634,0.00020766666666666665,0.000596,c
exo,ChooseHints,covariance,DOUBLE,5,SMALL,3.153439153439153,0.000189,0.000596,c
exo,FromPlan,covariance,DOUBLE,1,SMALL,2.8201892744479493,0.00021133333333333334,0.000596,c
exo,FromPlan,covariance,DOUBLE,3,SMALL,2.7297709923664124,0.00021833333333333332,0.000596,c
exo,FromPlan,covariance,DOUBLE,4,SMALL,2.8025078369905954,0.00021266666666666667,0.000596,c
exo,FromPlan,covariance,DOUBLE,5,SMALL,2.77639751552795,0.0002146666666666667,0.000596,c
exo,Naive,covariance,DOUBLE,1,SMALL,2.7465437788018434,0.000217,0.000596,c
exo,Naive,covariance,DOUBLE,2,SMALL,0.427648887825879,0.0013936666666666665,0.000596,c
exo,Naive,covariance,DOUBLE,3,SMALL,2.9120521172638436,0.00020466666666666666,0.000596,c
exo,Naive,covariance,DOUBLE,5,SMALL,3.1041666666666665,0.000192,0.000596,c
exo,standard,covariance,DOUBLE,1,SMALL,0.8877855014895729,0.0006713333333333334,0.000596,c
exo,standard,covariance,DOUBLE,2,SMALL,0.8922155688622753,0.0006680000000000001,0.000596,c
exo,standard,covariance,DOUBLE,3,SMALL,0.8869047619047619,0.000672,0.000596,c
exo,standard,covariance,DOUBLE,4,SMALL,0.8864650470996528,0.0006723333333333334,0.000596,c
exo,standard,covariance,DOUBLE,5,SMALL,0.880354505169867,0.000677,0.000596,c
halide,AllHints,covariance,DOUBLE,2,SMALL,0.04887783275470872,0.012193666666666667,0.000596,c
halide,ChooseHints,covariance,DOUBLE,5,SMALL,0.48653061224489796,0.001225,0.000596,c
halide,Naive,covariance,DOUBLE,4,SMALL,0.18540024885939443,0.0032146666666666665,0.000596,c
halide,Naive,covariance,DOUBLE,5,SMALL,0.7081188118811881,0.0008416666666666667,0.000596,c
halide,standard,covariance,DOUBLE,2,SMALL,0.5900990099009901,0.00101,0.000596,c
halide,standard,covariance,DOUBLE,4,SMALL,0.00037642945295200274,1.5832979999999999,0.000596,c
noarr,AllHints,covariance,DOUBLE,1,SMALL,4.277511961722488,0.00013933333333333332,0.000596,c
noarr,AllHints,covariance,DOUBLE,2,SMALL,1.4156769596199525,0.000421,0.000596,c
noarr,AllHints,covariance,DOUBLE,3,SMALL,4.226950354609929,0.00014099999999999998,0.000596,c
noarr,AllHints,covariance,DOUBLE,4,SMALL,4.2673031026252985,0.00013966666666666666,0.000596,c
noarr,AllHints,covariance,DOUBLE,5,SMALL,1.192,0.0005,0.000596,c
noarr,ChooseHints,covariance,DOUBLE,1,SMALL,4.458852867830424,0.00013366666666666667,0.000596,c
noarr,ChooseHints,covariance,DOUBLE,2,SMALL,4.247030878859857,0.00014033333333333332,0.000596,c
noarr,ChooseHints,covariance,DOUBLE,3,SMALL,1.3722179585571759,0.0004343333333333333,0.000596,c
noarr,ChooseHints,covariance,DOUBLE,4,SMALL,4.216981132075471,0.00014133333333333334,0.000596,c
noarr,ChooseHints,covariance,DOUBLE,5,SMALL,3.554671968190855,0.00016766666666666666,0.000596,c
noarr,FromPlan,covariance,DOUBLE,1,SMALL,1.4631751227495908,0.00040733333333333333,0.000596,c
noarr,FromPlan,covariance,DOUBLE,2,SMALL,4.110344827586206,0.000145,0.000596,c
noarr,FromPlan,covariance,DOUBLE,4,SMALL,1.1841059602649004,0.0005033333333333334,0.000596,c
noarr,FromPlan,covariance,DOUBLE,5,SMALL,4.393120393120393,0.00013566666666666667,0.000596,c
noarr,Naive,covariance,DOUBLE,1,SMALL,1.4201747418586177,0.0004196666666666667,0.000596,c
noarr,Naive,covariance,DOUBLE,2,SMALL,1.3224852071005917,0.00045066666666666665,0.000596,c
noarr,Naive,covariance,DOUBLE,3,SMALL,4.62015503875969,0.000129,0.000596,c
noarr,Naive,covariance,DOUBLE,4,SMALL,4.329297820823244,0.00013766666666666666,0.000596,c
noarr,Naive,covariance,DOUBLE,5,SMALL,4.47,0.00013333333333333334,0.000596,c
noarr,standard,covariance,DOUBLE,1,SMALL,1.4023529411764706,0.000425,0.000596,c
noarr,standard,covariance,DOUBLE,2,SMALL,1.242529534398888,0.00047966666666666665,0.000596,c
noarr,standard,covariance,DOUBLE,3,SMALL,1.2573839662447255,0.00047400000000000003,0.000596,c
noarr,standard,covariance,DOUBLE,4,SMALL,1.3176123802505528,0.0004523333333333333,0.000596,c
noarr,standard,covariance,DOUBLE,5,SMALL,1.2246575342465753,0.00048666666666666666,0.000596,c
c,AllHints,deriche,DOUBLE,1,SMALL,1.9976284584980235,0.0004216666666666667,0.0008423333333333333,c
c,AllHints,deriche,DOUBLE,2,SMALL,1.018951612903226,0.0008266666666666666,0.0008423333333333333,c
c,AllHints,deriche,DOUBLE,3,SMALL,1.898572501878287,0.00044366666666666664,0.0008423333333333333,c
c,AllHints,deriche,DOUBLE,4,SMALL,4.056179775280898,0.00020766666666666668,0.0008423333333333333,c
c,AllHints,deriche,DOUBLE,5,SMALL,0.8999287749287748,0.0009360000000000001,0.0008423333333333333,c
c,ChooseHints,deriche,DOUBLE,1,SMALL,1.62508038585209,0.0005183333333333333,0.0008423333333333333,c
c,ChooseHints,deriche,DOUBLE,2,SMALL,2.1235294117647054,0.0003966666666666667,0.0008423333333333333,c
c,ChooseHints,deriche,DOUBLE,3,SMALL,1.8663220088626291,0.0004513333333333333,0.0008423333333333333,c
c,ChooseHints,deriche,DOUBLE,4,SMALL,2.0346215780998387,0.00041400000000000003,0.0008423333333333333,c
c,ChooseHints,deriche,DOUBLE,5,SMALL,0.23916335415483628,0.0035219999999999995,0.0008423333333333333,c
c,FromPlan,deriche,DOUBLE,1,SMALL,1.2597208374875373,0.0006686666666666667,0.0008423333333333333,c
c,FromPlan,deriche,DOUBLE,2,SMALL,1.3448642895156997,0.0006263333333333333,0.0008423333333333333,c
c,FromPlan,deriche,DOUBLE,3,SMALL,1.2417690417690417,0.0006783333333333333,0.0008423333333333333,c
c,FromPlan,deriche,DOUBLE,4,SMALL,1.3405835543766578,0.0006283333333333333,0.0008423333333333333,c
c,FromPlan,deriche,DOUBLE,5,SMALL,1.2491349480968859,0.0006743333333333333,0.0008423333333333333,c
c,Naive,deriche,DOUBLE,1,SMALL,1.2814401622718055,0.0006573333333333332,0.0008423333333333333,c
c,Naive,deriche,DOUBLE,2,SMALL,1.3756124115405552,0.0006123333333333333,0.0008423333333333333,c
c,Naive,deriche,DOUBLE,3,SMALL,0.8807947019867549,0.0009563333333333333,0.0008423333333333333,c
c,Naive,deriche,DOUBLE,4,SMALL,0.9317846607669616,0.000904,0.0008423333333333333,c
c,Naive,deriche,DOUBLE,5,SMALL,0.9539448848622121,0.000883,0.0008423333333333333,c
c,standard,deriche,DOUBLE,1,SMALL,1.0,0.0008423333333333333,0.0008423333333333333,c
exo,AllHints,deriche,DOUBLE,1,SMALL,0.38386753759684034,0.0021943333333333333,0.0008423333333333333,c
exo,AllHints,deriche,DOUBLE,2,SMALL,1.6229929351316632,0.000519,0.0008423333333333333,c
exo,ChooseHints,deriche,DOUBLE,2,SMALL,1.5032718619869123,0.0005603333333333334,0.0008423333333333333,c
exo,FromPlan,deriche,DOUBLE,3,SMALL,1.1226121723678364,0.0007503333333333333,0.0008423333333333333,c
exo,Naive,deriche,DOUBLE,5,SMALL,1.0210101010101011,0.0008249999999999999,0.0008423333333333333,c
exo,standard,deriche,DOUBLE,3,SMALL,0.8857343147563967,0.0009509999999999999,0.0008423333333333333,c
exo,standard,deriche,DOUBLE,4,SMALL,0.8876009834913943,0.0009490000000000001,0.0008423333333333333,c
exo,standard,deriche,DOUBLE,5,SMALL,0.8951470067304286,0.000941,0.0008423333333333333,c
halide,AllHints,deriche,DOUBLE,1,SMALL,0.06415008123476848,0.013130666666666665,0.0008423333333333333,c
halide,AllHints,deriche,DOUBLE,2,SMALL,0.38733905579399136,0.0021746666666666668,0.0008423333333333333,c
halide,AllHints,deriche,DOUBLE,3,SMALL,0.11999620114915237,0.007019666666666667,0.0008423333333333333,c
halide,ChooseHints,deriche,DOUBLE,2,SMALL,0.19557309805742587,0.004307,0.0008423333333333333,c
halide,ChooseHints,deriche,DOUBLE,3,SMALL,0.07788085185071038,0.010815666666666668,0.0008423333333333333,c
halide,ChooseHints,deriche,DOUBLE,4,SMALL,0.3478320715760495,0.002421666666666667,0.0008423333333333333,c
halide,ChooseHints,deriche,DOUBLE,5,SMALL,0.36063936063936064,0.0023356666666666664,0.0008423333333333333,c
halide,FromPlan,deriche,DOUBLE,1,SMALL,0.8554502369668245,0.0009846666666666667,0.0008423333333333333,c
halide,FromPlan,deriche,DOUBLE,2,SMALL,0.264219991635299,0.003188,0.0008423333333333333,c
halide,FromPlan,deriche,DOUBLE,4,SMALL,0.10725351215992529,0.007853666666666667,0.0008423333333333333,c
halide,Naive,deriche,DOUBLE,5,SMALL,0.7430167597765363,0.0011336666666666667,0.0008423333333333333,c
halide,standard,deriche,DOUBLE,1,SMALL,0.3988950276243094,0.0021116666666666666,0.0008423333333333333,c
noarr,AllHints,deriche,DOUBLE,1,SMALL,2.395260663507109,0.00035166666666666663,0.0008423333333333333,c
noarr,AllHints,deriche,DOUBLE,2,SMALL,2.1973913043478257,0.00038333333333333334,0.0008423333333333333,c
noarr,AllHints,deriche,DOUBLE,3,SMALL,2.100581878636741,0.00040100000000000004,0.0008423333333333333,c
noarr,ChooseHints,deriche,DOUBLE,2,SMALL,2.1146443514644355,0.0003983333333333333,0.0008423333333333333,c
noarr,ChooseHints,deriche,DOUBLE,4,SMALL,1.897147147147147,0.000444,0.0008423333333333333,c
noarr,ChooseHints,deriche,DOUBLE,5,SMALL,0.3187034935048556,0.002643,0.0008423333333333333,c
noarr,FromPlan,deriche,DOUBLE,1,SMALL,2.1146443514644346,0.0003983333333333334,0.0008423333333333333,c
noarr,FromPlan,deriche,DOUBLE,2,SMALL,0.3104422604422604,0.0027133333333333332,0.0008423333333333333,c
noarr,FromPlan,deriche,DOUBLE,3,SMALL,2.487204724409449,0.00033866666666666664,0.0008423333333333333,c
noarr,FromPlan,deriche,DOUBLE,4,SMALL,2.0988372093023253,0.00040133333333333335,0.0008423333333333333,c
noarr,FromPlan,deriche,DOUBLE,5,SMALL,2.109348914858097,0.0003993333333333333,0.0008423333333333333,c
noarr,Naive,deriche,DOUBLE,1,SMALL,1.8127690100430416,0.00046466666666666667,0.0008423333333333333,c
noarr,Naive,deriche,DOUBLE,3,SMALL,2.0528025995125914,0.0004103333333333333,0.0008423333333333333,c
noarr,Naive,deriche,DOUBLE,4,SMALL,2.141525423728813,0.00039333333333333337,0.0008423333333333333,c
noarr,Naive,deriche,DOUBLE,5,SMALL,3.3425925925925926,0.000252,0.0008423333333333333,c
noarr,standard,deriche,DOUBLE,1,SMALL,2.199303742384682,0.00038300000000000004,0.0008423333333333333,c
noarr,standard,deriche,DOUBLE,2,SMALL,2.139712108382726,0.0003936666666666667,0.0008423333333333333,c
noarr,standard,deriche,DOUBLE,3,SMALL,2.100581878636741,0.00040100000000000004,0.0008423333333333333,c
noarr,standard,deriche,DOUBLE,4,SMALL,2.121746431570109,0.000397,0.0008423333333333333,c
noarr,standard,deriche,DOUBLE,5,SMALL,2.193576388888889,0.000384,0.0008423333333333333,c
c,AllHints,doitgen,DOUBLE,1,SMALL,7.501915708812262,8.7e-05,0.0006526666666666667,c
c,AllHints,doitgen,DOUBLE,2,SMALL,8.12448132780083,8.033333333333334e-05,0.0006526666666666667,c
c,AllHints,doitgen,DOUBLE,3,SMALL,8.702222222222224,7.5e-05,0.0006526666666666667,c
c,AllHints,doitgen,DOUBLE,4,SMALL,8.024590163934427,8.133333333333334e-05,0.0006526666666666667,c
c,AllHints,doitgen,DOUBLE,5,SMALL,6.870175438596492,9.499999999999999e-05,0.0006526666666666667,c
c,ChooseHints,doitgen,DOUBLE,1,SMALL,3.83921568627451,0.00017,0.0006526666666666667,c
c,ChooseHints,doitgen,DOUBLE,2,SMALL,7.7698412698412715,8.4e-05,0.0006526666666666667,c
c,ChooseHints,doitgen,DOUBLE,3,SMALL,7.017921146953406,9.3e-05,0.0006526666666666667,c
c,ChooseHints,doitgen,DOUBLE,4,SMALL,7.145985401459854,9.133333333333334e-05,0.0006526666666666667,c
c,ChooseHints,doitgen,DOUBLE,5,SMALL,7.648437500000002,8.533333333333332e-05,0.0006526666666666667,c
c,FromPlan,doitgen,DOUBLE,1,SMALL,3.955555555555556,0.000165,0.0006526666666666667,c
c,FromPlan,doitgen,DOUBLE,2,SMALL,3.68738229755179,0.000177,0.0006526666666666667,c
c,FromPlan,doitgen,DOUBLE,3,SMALL,3.8619329388560164,0.000169,0.0006526666666666667,c
c,FromPlan,doitgen,DOUBLE,4,SMALL,4.219827586206897,0.00015466666666666667,0.0006526666666666667,c
c,FromPlan,doitgen,DOUBLE,5,SMALL,4.02880658436214,0.000162,0.0006526666666666667,c
c,Naive,doitgen,DOUBLE,1,SMALL,3.947580645161291,0.00016533333333333333,0.0006526666666666667,c
c,Naive,doitgen,DOUBLE,2,SMALL,3.6326530612244903,0.00017966666666666665,0.0006526666666666667,c
c,Naive,doitgen,DOUBLE,3,SMALL,3.515260323159785,0.00018566666666666666,0.0006526666666666667,c
c,Naive,doitgen,DOUBLE,4,SMALL,3.877227722772277,0.00016833333333333335,0.0006526666666666667,c
c,Naive,doitgen,DOUBLE,5,SMALL,3.592660550458716,0.00018166666666666667,0.0006526666666666667,c
c,standard,doitgen,DOUBLE,1,SMALL,1.0,0.0006526666666666667,0.0006526666666666667,c
exo,AllHints,doitgen,DOUBLE,1,SMALL,0.0221443112418005,0.029473333333333334,0.0006526666666666667,c
exo,AllHints,doitgen,DOUBLE,2,SMALL,0.8908098271155598,0.0007326666666666666,0.0006526666666666667,c
exo,AllHints,doitgen,DOUBLE,3,SMALL,3.1328,0.00020833333333333335,0.0006526666666666667,c
exo,AllHints,doitgen,DOUBLE,4,SMALL,0.8550218340611355,0.0007633333333333333,0.0006526666666666667,c
exo,AllHints,doitgen,DOUBLE,5,SMALL,0.8443294523501511,0.0007729999999999999,0.0006526666666666667,c
exo,ChooseHints,doitgen,DOUBLE,1,SMALL,0.8282571912013538,0.000788,0.0006526666666666667,c
exo,ChooseHints,doitgen,DOUBLE,2,SMALL,0.7222427148653634,0.0009036666666666667,0.0006526666666666667,c
exo,ChooseHints,doitgen,DOUBLE,3,SMALL,0.8985773290500231,0.0007263333333333333,0.0006526666666666667,c
exo,ChooseHints,doitgen,DOUBLE,4,SMALL,3.0076804915514597,0.000217,0.0006526666666666667,c
exo,FromPlan,doitgen,DOUBLE,2,SMALL,2.9532428355957774,0.00022099999999999998,0.0006526666666666667,c
exo,FromPlan,doitgen,DOUBLE,4,SMALL,3.341296928327646,0.0001953333333333333,0.0006526666666666667,c
exo,FromPlan,doitgen,DOUBLE,5,SMALL,3.1328,0.00020833333333333335,0.0006526666666666667,c
exo,Naive,doitgen,DOUBLE,2,SMALL,2.6567164179104483,0.00024566666666666666,0.0006526666666666667,c
exo,Naive,doitgen,DOUBLE,3,SMALL,1.4471544715447155,0.000451,0.0006526666666666667,c
exo,Naive,doitgen,DOUBLE,4,SMALL,0.9098513011152418,0.0007173333333333333,0.0006526666666666667,c
exo,Naive,doitgen,DOUBLE,5,SMALL,2.9267563527653215,0.000223,0.0006526666666666667,c
exo,standard,doitgen,DOUBLE,1,SMALL,0.9750996015936255,0.0006693333333333334,0.0006526666666666667,c
exo,standard,doitgen,DOUBLE,2,SMALL,0.9809619238476955,0.0006653333333333333,0.0006526666666666667,c
exo,standard,doitgen,DOUBLE,3,SMALL,1.0087583719732098,0.000647,0.0006526666666666667,c
exo,standard,doitgen,DOUBLE,4,SMALL,0.9854051333668848,0.0006623333333333334,0.0006526666666666667,c
exo,standard,doitgen,DOUBLE,5,SMALL,1.0,0.0006526666666666667,0.0006526666666666667,c
halide,standard,doitgen,DOUBLE,3,SMALL,1.3512767425810905,0.000483,0.0006526666666666667,c
halide,standard,doitgen,DOUBLE,4,SMALL,1.5368916797488228,0.00042466666666666667,0.0006526666666666667,c
halide,standard,doitgen,DOUBLE,5,SMALL,1.5096376252891288,0.00043233333333333334,0.0006526666666666667,c
noarr,AllHints,doitgen,DOUBLE,1,SMALL,4.8950000000000005,0.00013333333333333334,0.0006526666666666667,c
noarr,AllHints,doitgen,DOUBLE,2,SMALL,4.882793017456359,0.00013366666666666667,0.0006526666666666667,c
noarr,AllHints,doitgen,DOUBLE,3,SMALL,4.740920096852301,0.00013766666666666666,0.0006526666666666667,c
noarr,AllHints,doitgen,DOUBLE,4,SMALL,4.5962441314554,0.00014199999999999998,0.0006526666666666667,c
noarr,AllHints,doitgen,DOUBLE,5,SMALL,4.113445378151261,0.00015866666666666666,0.0006526666666666667,c
noarr,ChooseHints,doitgen,DOUBLE,1,SMALL,4.729468599033817,0.000138,0.0006526666666666667,c
noarr,ChooseHints,doitgen,DOUBLE,2,SMALL,4.020533880903492,0.0001623333333333333,0.0006526666666666667,c
noarr,ChooseHints,doitgen,DOUBLE,3,SMALL,4.763990267639904,0.000137,0.0006526666666666667,c
noarr,ChooseHints,doitgen,DOUBLE,4,SMALL,4.501149425287357,0.000145,0.0006526666666666667,c
noarr,ChooseHints,doitgen,DOUBLE,5,SMALL,4.870646766169155,0.000134,0.0006526666666666667,c
noarr,FromPlan,doitgen,DOUBLE,1,SMALL,4.256521739130435,0.00015333333333333334,0.0006526666666666667,c
noarr,FromPlan,doitgen,DOUBLE,2,SMALL,3.8167641325536064,0.000171,0.0006526666666666667,c
noarr,FromPlan,doitgen,DOUBLE,3,SMALL,4.079166666666667,0.00016,0.0006526666666666667,c
noarr,FromPlan,doitgen,DOUBLE,4,SMALL,3.612546125461255,0.00018066666666666665,0.0006526666666666667,c
noarr,FromPlan,doitgen,DOUBLE,5,SMALL,3.5026833631484795,0.00018633333333333335,0.0006526666666666667,c
noarr,Naive,doitgen,DOUBLE,1,SMALL,4.037113402061856,0.00016166666666666665,0.0006526666666666667,c
noarr,Naive,doitgen,DOUBLE,2,SMALL,4.729468599033817,0.000138,0.0006526666666666667,c
noarr,Naive,doitgen,DOUBLE,3,SMALL,4.752427184466019,0.00013733333333333336,0.0006526666666666667,c
noarr,Naive,doitgen,DOUBLE,4,SMALL,4.882793017456359,0.00013366666666666667,0.0006526666666666667,c
noarr,Naive,doitgen,DOUBLE,5,SMALL,4.870646766169155,0.000134,0.0006526666666666667,c
noarr,standard,doitgen,DOUBLE,1,SMALL,1.3466299862448419,0.00048466666666666667,0.0006526666666666667,c
noarr,standard,doitgen,DOUBLE,2,SMALL,1.1997549019607845,0.000544,0.0006526666666666667,c
noarr,standard,doitgen,DOUBLE,3,SMALL,1.2447552447552448,0.0005243333333333334,0.0006526666666666667,c
noarr,standard,doitgen,DOUBLE,5,SMALL,1.252719129878439,0.000521,0.0006526666666666667,c
c,AllHints,durbin,DOUBLE,1,SMALL,1.2444444444444445,1.5e-05,1.866666666666667e-05,c
c,AllHints,durbin,DOUBLE,3,SMALL,1.0566037735849056,1.7666666666666668e-05,1.866666666666667e-05,c
c,AllHints,durbin,DOUBLE,4,SMALL,1.0980392156862746,1.7e-05,1.866666666666667e-05,c
c,AllHints,durbin,DOUBLE,5,SMALL,1.2444444444444445,1.5e-05,1.866666666666667e-05,c
c,ChooseHints,durbin,DOUBLE,1,SMALL,1.2444444444444445,1.5e-05,1.866666666666667e-05,c
c,ChooseHints,durbin,DOUBLE,2,SMALL,1.0370370370370372,1.8e-05,1.866666666666667e-05,c
c,ChooseHints,durbin,DOUBLE,3,SMALL,0.767123287671233,2.4333333333333333e-05,1.866666666666667e-05,c
c,ChooseHints,durbin,DOUBLE,4,SMALL,1.2444444444444445,1.5e-05,1.866666666666667e-05,c
c,ChooseHints,durbin,DOUBLE,5,SMALL,1.0370370370370372,1.8e-05,1.866666666666667e-05,c
c,FromPlan,durbin,DOUBLE,1,SMALL,1.2173913043478262,1.5333333333333334e-05,1.866666666666667e-05,c
c,FromPlan,durbin,DOUBLE,2,SMALL,1.272727272727273,1.4666666666666666e-05,1.866666666666667e-05,c
c,FromPlan,durbin,DOUBLE,3,SMALL,1.302325581395349,1.4333333333333334e-05,1.866666666666667e-05,c
c,FromPlan,durbin,DOUBLE,4,SMALL,1.2444444444444445,1.5e-05,1.866666666666667e-05,c
c,FromPlan,durbin,DOUBLE,5,SMALL,1.2173913043478262,1.5333333333333334e-05,1.866666666666667e-05,c
c,Naive,durbin,DOUBLE,1,SMALL,1.302325581395349,1.4333333333333334e-05,1.866666666666667e-05,c
c,Naive,durbin,DOUBLE,2,SMALL,1.0370370370370372,1.8e-05,1.866666666666667e-05,c
c,Naive,durbin,DOUBLE,3,SMALL,1.302325581395349,1.4333333333333334e-05,1.866666666666667e-05,c
c,Naive,durbin,DOUBLE,4,SMALL,1.272727272727273,1.4666666666666666e-05,1.866666666666667e-05,c
c,Naive,durbin,DOUBLE,5,SMALL,1.272727272727273,1.4666666666666666e-05,1.866666666666667e-05,c
c,standard,durbin,DOUBLE,1,SMALL,1.0,1.866666666666667e-05,1.866666666666667e-05,c
exo,AllHints,durbin,DOUBLE,1,SMALL,1.1666666666666667,1.6e-05,1.866666666666667e-05,c
exo,AllHints,durbin,DOUBLE,2,SMALL,0.823529411764706,2.2666666666666668e-05,1.866666666666667e-05,c
exo,AllHints,durbin,DOUBLE,3,SMALL,0.003062117235345582,0.006096,1.866666666666667e-05,c
exo,ChooseHints,durbin,DOUBLE,1,SMALL,0.7887323943661972,2.3666666666666668e-05,1.866666666666667e-05,c
exo,ChooseHints,durbin,DOUBLE,2,SMALL,0.4912280701754386,3.8e-05,1.866666666666667e-05,c
exo,ChooseHints,durbin,DOUBLE,3,SMALL,0.6666666666666667,2.8e-05,1.866666666666667e-05,c
exo,ChooseHints,durbin,DOUBLE,4,SMALL,0.0021085925144965737,0.008852666666666667,1.866666666666667e-05,c
exo,FromPlan,durbin,DOUBLE,2,SMALL,0.6913580246913582,2.6999999999999996e-05,1.866666666666667e-05,c
exo,FromPlan,durbin,DOUBLE,5,SMALL,1.0980392156862746,1.7e-05,1.866666666666667e-05,c
exo,Naive,durbin,DOUBLE,3,SMALL,0.8000000000000002,2.3333333333333332e-05,1.866666666666667e-05,c
exo,Naive,durbin,DOUBLE,4,SMALL,1.1914893617021278,1.5666666666666667e-05,1.866666666666667e-05,c
exo,standard,durbin,DOUBLE,1,SMALL,0.835820895522388,2.2333333333333335e-05,1.866666666666667e-05,c
exo,standard,durbin,DOUBLE,2,SMALL,0.8000000000000002,2.3333333333333332e-05,1.866666666666667e-05,c
exo,standard,durbin,DOUBLE,3,SMALL,0.8115942028985508,2.3e-05,1.866666666666667e-05,c
exo,standard,durbin,DOUBLE,4,SMALL,0.8000000000000002,2.3333333333333332e-05,1.866666666666667e-05,c
exo,standard,durbin,DOUBLE,5,SMALL,0.8115942028985508,2.3e-05,1.866666666666667e-05,c
halide,FromPlan,durbin,DOUBLE,3,SMALL,0.03689064558629776,0.000506,1.866666666666667e-05,c
halide,standard,durbin,DOUBLE,4,SMALL,0.0794326241134752,0.000235,1.866666666666667e-05,c
noarr,AllHints,durbin,DOUBLE,1,SMALL,1.1914893617021278,1.5666666666666667e-05,1.866666666666667e-05,c
noarr,AllHints,durbin,DOUBLE,2,SMALL,0.7000000000000002,2.6666666666666663e-05,1.866666666666667e-05,c
noarr,AllHints,durbin,DOUBLE,3,SMALL,1.4358974358974361,1.3e-05,1.866666666666667e-05,c
noarr,AllHints,durbin,DOUBLE,4,SMALL,2.0740740740740744,9e-06,1.866666666666667e-05,c
noarr,AllHints,durbin,DOUBLE,5,SMALL,1.4358974358974361,1.3e-05,1.866666666666667e-05,c
noarr,ChooseHints,durbin,DOUBLE,1,SMALL,0.8615384615384617,2.1666666666666664e-05,1.866666666666667e-05,c
noarr,ChooseHints,durbin,DOUBLE,2,SMALL,1.4358974358974361,1.3e-05,1.866666666666667e-05,c
noarr,ChooseHints,durbin,DOUBLE,3,SMALL,1.3333333333333335,1.4e-05,1.866666666666667e-05,c
noarr,ChooseHints,durbin,DOUBLE,4,SMALL,1.3333333333333335,1.4e-05,1.866666666666667e-05,c
noarr,ChooseHints,durbin,DOUBLE,5,SMALL,1.1666666666666667,1.6e-05,1.866666666666667e-05,c
noarr,FromPlan,durbin,DOUBLE,1,SMALL,1.4000000000000004,1.3333333333333332e-05,1.866666666666667e-05,c
noarr,FromPlan,durbin,DOUBLE,2,SMALL,1.4358974358974361,1.3e-05,1.866666666666667e-05,c
noarr,FromPlan,durbin,DOUBLE,3,SMALL,1.4358974358974361,1.3e-05,1.866666666666667e-05,c
noarr,FromPlan,durbin,DOUBLE,4,SMALL,1.4358974358974361,1.3e-05,1.866666666666667e-05,c
noarr,FromPlan,durbin,DOUBLE,5,SMALL,1.4358974358974361,1.3e-05,1.866666666666667e-05,c
noarr,Naive,durbin,DOUBLE,1,SMALL,1.3333333333333335,1.4e-05,1.866666666666667e-05,c
noarr,Naive,durbin,DOUBLE,2,SMALL,1.0980392156862746,1.7e-05,1.866666666666667e-05,c
noarr,Naive,durbin,DOUBLE,3,SMALL,1.4358974358974361,1.3e-05,1.866666666666667e-05,c
noarr,Naive,durbin,DOUBLE,4,SMALL,1.4358974358974361,1.3e-05,1.866666666666667e-05,c
noarr,Naive,durbin,DOUBLE,5,SMALL,1.4358974358974361,1.3e-05,1.866666666666667e-05,c
noarr,standard,durbin,DOUBLE,1,SMALL,1.0980392156862746,1.7e-05,1.866666666666667e-05,c
noarr,standard,durbin,DOUBLE,2,SMALL,1.0980392156862746,1.7e-05,1.866666666666667e-05,c
noarr,standard,durbin,DOUBLE,3,SMALL,1.0980392156862746,1.7e-05,1.866666666666667e-05,c
noarr,standard,durbin,DOUBLE,5,SMALL,1.0980392156862746,1.7e-05,1.866666666666667e-05,c
c,AllHints,fdtd-2d,DOUBLE,1,SMALL,0.17251414713015362,0.0020616666666666665,0.0003556666666666667,c
c,AllHints,fdtd-2d,DOUBLE,2,SMALL,0.16805796188376124,0.0021163333333333333,0.0003556666666666667,c
c,AllHints,fdtd-2d,DOUBLE,4,SMALL,0.1642549261083744,0.0021653333333333333,0.0003556666666666667,c
c,ChooseHints,fdtd-2d,DOUBLE,2,SMALL,0.17137809187279152,0.0020753333333333335,0.0003556666666666667,c
c,ChooseHints,fdtd-2d,DOUBLE,3,SMALL,0.1734677288245814,0.0020503333333333333,0.0003556666666666667,c
c,ChooseHints,fdtd-2d,DOUBLE,5,SMALL,0.16974228444161632,0.002095333333333333,0.0003556666666666667,c
c,FromPlan,fdtd-2d,DOUBLE,1,SMALL,1.070210631895687,0.00033233333333333335,0.0003556666666666667,c
c,FromPlan,fdtd-2d,DOUBLE,2,SMALL,0.968239564428312,0.0003673333333333334,0.0003556666666666667,c
c,FromPlan,fdtd-2d,DOUBLE,3,SMALL,1.00093808630394,0.0003553333333333333,0.0003556666666666667,c
c,FromPlan,fdtd-2d,DOUBLE,5,SMALL,1.0123339658444024,0.0003513333333333333,0.0003556666666666667,c
c,Naive,fdtd-2d,DOUBLE,1,SMALL,1.2980535279805354,0.000274,0.0003556666666666667,c
c,Naive,fdtd-2d,DOUBLE,2,SMALL,1.117277486910995,0.0003183333333333333,0.0003556666666666667,c
c,Naive,fdtd-2d,DOUBLE,3,SMALL,1.2363847045191192,0.0002876666666666667,0.0003556666666666667,c
c,Naive,fdtd-2d,DOUBLE,4,SMALL,1.1172774869109947,0.00031833333333333334,0.0003556666666666667,c
c,Naive,fdtd-2d,DOUBLE,5,SMALL,0.6982984293193718,0.0005093333333333333,0.0003556666666666667,c
c,standard,fdtd-2d,DOUBLE,1,SMALL,1.0,0.0003556666666666667,0.0003556666666666667,c
exo,AllHints,fdtd-2d,DOUBLE,3,SMALL,0.06638049023267388,0.005358000000000001,0.0003556666666666667,c
exo,AllHints,fdtd-2d,DOUBLE,4,SMALL,0.06488688883483337,0.005481333333333334,0.0003556666666666667,c
exo,AllHints,fdtd-2d,DOUBLE,5,SMALL,0.08326180257510729,0.004271666666666667,0.0003556666666666667,c
exo,ChooseHints,fdtd-2d,DOUBLE,4,SMALL,0.06525594764846186,0.005450333333333334,0.0003556666666666667,c
exo,FromPlan,fdtd-2d,DOUBLE,2,SMALL,0.6937581274382316,0.0005126666666666666,0.0003556666666666667,c
exo,FromPlan,fdtd-2d,DOUBLE,4,SMALL,0.7170698924731183,0.000496,0.0003556666666666667,c
exo,Naive,fdtd-2d,DOUBLE,1,SMALL,0.06594561186650186,0.005393333333333333,0.0003556666666666667,c
exo,Naive,fdtd-2d,DOUBLE,2,SMALL,0.07972205618649134,0.004461333333333334,0.0003556666666666667,c
exo,Naive,fdtd-2d,DOUBLE,3,SMALL,0.6643835616438357,0.0005353333333333333,0.0003556666666666667,c
exo,standard,fdtd-2d,DOUBLE,1,SMALL,0.9088586030664394,0.0003913333333333334,0.0003556666666666667,c
exo,standard,fdtd-2d,DOUBLE,2,SMALL,0.9057724957555179,0.00039266666666666665,0.0003556666666666667,c
exo,standard,fdtd-2d,DOUBLE,3,SMALL,0.86960065199674,0.000409,0.0003556666666666667,c
exo,standard,fdtd-2d,DOUBLE,4,SMALL,0.9004219409282702,0.00039499999999999995,0.0003556666666666667,c
exo,standard,fdtd-2d,DOUBLE,5,SMALL,0.903471634208298,0.0003936666666666667,0.0003556666666666667,c
halide,AllHints,fdtd-2d,DOUBLE,1,SMALL,0.2166057653268372,0.001642,0.0003556666666666667,c
halide,AllHints,fdtd-2d,DOUBLE,5,SMALL,0.010370499961122775,0.034296,0.0003556666666666667,c
halide,ChooseHints,fdtd-2d,DOUBLE,1,SMALL,0.006587965078228226,0.05398733333333333,0.0003556666666666667,c
halide,ChooseHints,fdtd-2d,DOUBLE,5,SMALL,0.0045960276881593055,0.07738566666666667,0.0003556666666666667,c
halide,FromPlan,fdtd-2d,DOUBLE,4,SMALL,0.004894001522782104,0.072674,0.0003556666666666667,c
halide,FromPlan,fdtd-2d,DOUBLE,5,SMALL,0.26391293593865944,0.0013476666666666665,0.0003556666666666667,c
halide,Naive,fdtd-2d,DOUBLE,1,SMALL,0.005322545244128739,0.06682266666666667,0.0003556666666666667,c
halide,Naive,fdtd-2d,DOUBLE,5,SMALL,0.01036254333912807,0.03432233333333334,0.0003556666666666667,c
halide,standard,fdtd-2d,DOUBLE,1,SMALL,0.20219821868485882,0.0017590000000000001,0.0003556666666666667,c
halide,standard,fdtd-2d,DOUBLE,3,SMALL,0.28317409766454354,0.001256,0.0003556666666666667,c
halide,standard,fdtd-2d,DOUBLE,5,SMALL,0.2721938775510204,0.0013066666666666667,0.0003556666666666667,c
noarr,AllHints,fdtd-2d,DOUBLE,1,SMALL,0.09226911103424422,0.0038546666666666664,0.0003556666666666667,c
noarr,AllHints,fdtd-2d,DOUBLE,4,SMALL,0.05752951959885695,0.006182333333333334,0.0003556666666666667,c
noarr,AllHints,fdtd-2d,DOUBLE,5,SMALL,1.2479532163742688,0.00028500000000000004,0.0003556666666666667,c
noarr,ChooseHints,fdtd-2d,DOUBLE,1,SMALL,0.12202653247941446,0.0029146666666666665,0.0003556666666666667,c
noarr,ChooseHints,fdtd-2d,DOUBLE,3,SMALL,0.042363123833723745,0.008395666666666668,0.0003556666666666667,c
noarr,ChooseHints,fdtd-2d,DOUBLE,5,SMALL,0.07338881628722746,0.004846333333333334,0.0003556666666666667,c
noarr,FromPlan,fdtd-2d,DOUBLE,2,SMALL,0.9825046040515655,0.00036199999999999996,0.0003556666666666667,c
noarr,FromPlan,fdtd-2d,DOUBLE,3,SMALL,1.2306805074971165,0.000289,0.0003556666666666667,c
noarr,FromPlan,fdtd-2d,DOUBLE,5,SMALL,1.0161904761904763,0.00035,0.0003556666666666667,c
noarr,Naive,fdtd-2d,DOUBLE,1,SMALL,1.216647662485747,0.0002923333333333333,0.0003556666666666667,c
noarr,Naive,fdtd-2d,DOUBLE,2,SMALL,1.1751101321585904,0.00030266666666666663,0.0003556666666666667,c
noarr,Naive,fdtd-2d,DOUBLE,3,SMALL,1.1868743047830923,0.00029966666666666667,0.0003556666666666667,c
noarr,Naive,fdtd-2d,DOUBLE,4,SMALL,0.6196283391405343,0.000574,0.0003556666666666667,c
noarr,standard,fdtd-2d,DOUBLE,1,SMALL,1.2278481012658229,0.00028966666666666664,0.0003556666666666667,c
noarr,standard,fdtd-2d,DOUBLE,2,SMALL,1.1921787709497207,0.00029833333333333334,0.0003556666666666667,c
noarr,standard,fdtd-2d,DOUBLE,3,SMALL,1.2002249718785152,0.00029633333333333334,0.0003556666666666667,c
noarr,standard,fdtd-2d,DOUBLE,4,SMALL,1.0921187308085978,0.00032566666666666665,0.0003556666666666667,c
noarr,standard,fdtd-2d,DOUBLE,5,SMALL,1.2349537037037037,0.000288,0.0003556666666666667,c
c,AllHints,gemver,DOUBLE,1,SMALL,0.4622641509433961,0.00014133333333333334,6.533333333333333e-05,c
c,AllHints,gemver,DOUBLE,2,SMALL,0.2780141843971631,0.000235,6.533333333333333e-05,c
c,AllHints,gemver,DOUBLE,3,SMALL,0.8132780082987551,8.033333333333334e-05,6.533333333333333e-05,c
c,AllHints,gemver,DOUBLE,4,SMALL,0.6599326599326598,9.900000000000001e-05,6.533333333333333e-05,c
c,AllHints,gemver,DOUBLE,5,SMALL,0.2852983988355167,0.000229,6.533333333333333e-05,c
c,ChooseHints,gemver,DOUBLE,1,SMALL,0.6599326599326598,9.900000000000001e-05,6.533333333333333e-05,c
c,ChooseHints,gemver,DOUBLE,2,SMALL,0.3450704225352112,0.00018933333333333335,6.533333333333333e-05,c
c,ChooseHints,gemver,DOUBLE,3,SMALL,0.49620253164556954,0.00013166666666666668,6.533333333333333e-05,c
c,ChooseHints,gemver,DOUBLE,4,SMALL,0.6599326599326598,9.900000000000001e-05,6.533333333333333e-05,c
c,ChooseHints,gemver,DOUBLE,5,SMALL,0.6805555555555555,9.6e-05,6.533333333333333e-05,c
c,FromPlan,gemver,DOUBLE,1,SMALL,1.6333333333333333,3.9999999999999996e-05,6.533333333333333e-05,c
c,FromPlan,gemver,DOUBLE,2,SMALL,1.5934959349593494,4.1e-05,6.533333333333333e-05,c
c,FromPlan,gemver,DOUBLE,3,SMALL,1.4626865671641789,4.466666666666667e-05,6.533333333333333e-05,c
c,FromPlan,gemver,DOUBLE,4,SMALL,1.3706293706293704,4.766666666666667e-05,6.533333333333333e-05,c
c,Naive,gemver,DOUBLE,1,SMALL,1.4518518518518515,4.5e-05,6.533333333333333e-05,c
c,Naive,gemver,DOUBLE,2,SMALL,1.4518518518518515,4.5e-05,6.533333333333333e-05,c
c,Naive,gemver,DOUBLE,3,SMALL,1.4,4.6666666666666665e-05,6.533333333333333e-05,c
c,Naive,gemver,DOUBLE,4,SMALL,1.5193798449612403,4.2999999999999995e-05,6.533333333333333e-05,c
c,Naive,gemver,DOUBLE,5,SMALL,1.4736842105263155,4.433333333333334e-05,6.533333333333333e-05,c
c,standard,gemver,DOUBLE,1,SMALL,1.0,6.533333333333333e-05,6.533333333333333e-05,c
exo,AllHints,gemver,DOUBLE,1,SMALL,1.0652173913043477,6.133333333333334e-05,6.533333333333333e-05,c
exo,AllHints,gemver,DOUBLE,2,SMALL,0.6533333333333333,9.999999999999999e-05,6.533333333333333e-05,c
exo,AllHints,gemver,DOUBLE,3,SMALL,0.5414364640883977,0.00012066666666666667,6.533333333333333e-05,c
exo,AllHints,gemver,DOUBLE,4,SMALL,0.6805555555555555,9.6e-05,6.533333333333333e-05,c
exo,AllHints,gemver,DOUBLE,5,SMALL,0.4655581947743467,0.00014033333333333335,6.533333333333333e-05,c
exo,ChooseHints,gemver,DOUBLE,1,SMALL,1.031578947368421,6.333333333333333e-05,6.533333333333333e-05,c
exo,ChooseHints,gemver,DOUBLE,2,SMALL,0.48039215686274506,0.000136,6.533333333333333e-05,c
exo,FromPlan,gemver,DOUBLE,1,SMALL,0.8340425531914893,7.833333333333333e-05,6.533333333333333e-05,c
exo,FromPlan,gemver,DOUBLE,2,SMALL,0.021390374331550797,0.003054333333333334,6.533333333333333e-05,c
exo,Naive,gemver,DOUBLE,5,SMALL,0.5226666666666666,0.000125,6.533333333333333e-05,c
exo,standard,gemver,DOUBLE,1,SMALL,0.9158878504672896,7.133333333333334e-05,6.533333333333333e-05,c
exo,standard,gemver,DOUBLE,2,SMALL,0.9158878504672896,7.133333333333334e-05,6.533333333333333e-05,c
exo,standard,gemver,DOUBLE,3,SMALL,0.911627906976744,7.166666666666667e-05,6.533333333333333e-05,c
exo,standard,gemver,DOUBLE,4,SMALL,0.9074074074074073,7.2e-05,6.533333333333333e-05,c
exo,standard,gemver,DOUBLE,5,SMALL,0.9607843137254899,6.800000000000001e-05,6.533333333333333e-05,c
halide,standard,gemver,DOUBLE,1,SMALL,0.021933751119068933,0.0029786666666666664,6.533333333333333e-05,c
halide,standard,gemver,DOUBLE,4,SMALL,0.6712328767123287,9.733333333333333e-05,6.533333333333333e-05,c
noarr,AllHints,gemver,DOUBLE,1,SMALL,1.7657657657657657,3.7e-05,6.533333333333333e-05,c
noarr,AllHints,gemver,DOUBLE,2,SMALL,0.02842639593908629,0.0022983333333333332,6.533333333333333e-05,c
noarr,AllHints,gemver,DOUBLE,3,SMALL,0.028056112224448895,0.002328666666666667,6.533333333333333e-05,c
noarr,AllHints,gemver,DOUBLE,4,SMALL,1.1878787878787878,5.5e-05,6.533333333333333e-05,c
noarr,AllHints,gemver,DOUBLE,5,SMALL,0.026497228606191695,0.002465666666666667,6.533333333333333e-05,c
noarr,ChooseHints,gemver,DOUBLE,1,SMALL,1.5555555555555556,4.2e-05,6.533333333333333e-05,c
noarr,ChooseHints,gemver,DOUBLE,2,SMALL,1.7192982456140349,3.8e-05,6.533333333333333e-05,c
noarr,ChooseHints,gemver,DOUBLE,3,SMALL,0.02783300198807157,0.002347333333333333,6.533333333333333e-05,c
noarr,ChooseHints,gemver,DOUBLE,4,SMALL,1.5679999999999998,4.1666666666666665e-05,6.533333333333333e-05,c
noarr,ChooseHints,gemver,DOUBLE,5,SMALL,1.2098765432098766,5.399999999999999e-05,6.533333333333333e-05,c
noarr,FromPlan,gemver,DOUBLE,1,SMALL,1.1329479768786128,5.766666666666666e-05,6.533333333333333e-05,c
noarr,FromPlan,gemver,DOUBLE,2,SMALL,1.5679999999999998,4.1666666666666665e-05,6.533333333333333e-05,c
noarr,FromPlan,gemver,DOUBLE,3,SMALL,1.8148148148148147,3.6e-05,6.533333333333333e-05,c
noarr,FromPlan,gemver,DOUBLE,4,SMALL,1.7192982456140349,3.8e-05,6.533333333333333e-05,c
noarr,Naive,gemver,DOUBLE,1,SMALL,1.7192982456140349,3.8e-05,6.533333333333333e-05,c
noarr,Naive,gemver,DOUBLE,2,SMALL,2.419753086419753,2.6999999999999996e-05,6.533333333333333e-05,c
noarr,Naive,gemver,DOUBLE,3,SMALL,1.7818181818181817,3.6666666666666666e-05,6.533333333333333e-05,c
noarr,Naive,gemver,DOUBLE,4,SMALL,1.7657657657657657,3.7e-05,6.533333333333333e-05,c
noarr,Naive,gemver,DOUBLE,5,SMALL,1.7345132743362828,3.766666666666667e-05,6.533333333333333e-05,c
noarr,standard,gemver,DOUBLE,1,SMALL,1.1529411764705881,5.666666666666667e-05,6.533333333333333e-05,c
noarr,standard,gemver,DOUBLE,2,SMALL,1.0949720670391059,5.966666666666667e-05,6.533333333333333e-05,c
noarr,standard,gemver,DOUBLE,3,SMALL,1.1529411764705881,5.666666666666667e-05,6.533333333333333e-05,c
noarr,standard,gemver,DOUBLE,5,SMALL,1.1529411764705881,5.666666666666667e-05,6.533333333333333e-05,c
c,AllHints,gesummv,DOUBLE,1,SMALL,1.3787878787878787,2.2000000000000003e-05,3.0333333333333333e-05,c
c,AllHints,gesummv,DOUBLE,2,SMALL,1.2465753424657535,2.4333333333333333e-05,3.0333333333333333e-05,c
c,AllHints,gesummv,DOUBLE,3,SMALL,0.7222222222222222,4.2e-05,3.0333333333333333e-05,c
c,AllHints,gesummv,DOUBLE,4,SMALL,1.5166666666666666,2e-05,3.0333333333333333e-05,c
c,AllHints,gesummv,DOUBLE,5,SMALL,0.7459016393442622,4.066666666666667e-05,3.0333333333333333e-05,c
c,ChooseHints,gesummv,DOUBLE,1,SMALL,0.7583333333333333,4e-05,3.0333333333333333e-05,c
c,ChooseHints,gesummv,DOUBLE,2,SMALL,0.7054263565891473,4.2999999999999995e-05,3.0333333333333333e-05,c
c,ChooseHints,gesummv,DOUBLE,3,SMALL,0.7520661157024793,4.0333333333333336e-05,3.0333333333333333e-05,c
c,ChooseHints,gesummv,DOUBLE,4,SMALL,1.4218750000000002,2.133333333333333e-05,3.0333333333333333e-05,c
c,ChooseHints,gesummv,DOUBLE,5,SMALL,0.7398373983739838,4.1e-05,3.0333333333333333e-05,c
c,FromPlan,gesummv,DOUBLE,1,SMALL,0.8125000000000001,3.733333333333333e-05,3.0333333333333333e-05,c
c,FromPlan,gesummv,DOUBLE,2,SMALL,0.7913043478260869,3.8333333333333334e-05,3.0333333333333333e-05,c
c,FromPlan,gesummv,DOUBLE,3,SMALL,2.1162790697674416,1.4333333333333334e-05,3.0333333333333333e-05,c
c,FromPlan,gesummv,DOUBLE,4,SMALL,0.7647058823529411,3.966666666666667e-05,3.0333333333333333e-05,c
c,FromPlan,gesummv,DOUBLE,5,SMALL,0.8125000000000001,3.733333333333333e-05,3.0333333333333333e-05,c
c,Naive,gesummv,DOUBLE,1,SMALL,0.7459016393442622,4.066666666666667e-05,3.0333333333333333e-05,c
c,Naive,gesummv,DOUBLE,2,SMALL,2.2750000000000004,1.3333333333333332e-05,3.0333333333333333e-05,c
c,Naive,gesummv,DOUBLE,3,SMALL,2.219512195121951,1.3666666666666667e-05,3.0333333333333333e-05,c
c,Naive,gesummv,DOUBLE,4,SMALL,2.1666666666666665,1.4e-05,3.0333333333333333e-05,c
c,Naive,gesummv,DOUBLE,5,SMALL,0.5833333333333334,5.2e-05,3.0333333333333333e-05,c
c,standard,gesummv,DOUBLE,1,SMALL,1.0,3.0333333333333333e-05,3.0333333333333333e-05,c
exo,AllHints,gesummv,DOUBLE,2,SMALL,0.7777777777777778,3.9e-05,3.0333333333333333e-05,c
exo,AllHints,gesummv,DOUBLE,3,SMALL,0.7777777777777778,3.9e-05,3.0333333333333333e-05,c
exo,AllHints,gesummv,DOUBLE,4,SMALL,0.7583333333333334,3.9999999999999996e-05,3.0333333333333333e-05,c
exo,AllHints,gesummv,DOUBLE,5,SMALL,0.7777777777777778,3.9e-05,3.0333333333333333e-05,c
exo,ChooseHints,gesummv,DOUBLE,1,SMALL,0.7711864406779662,3.933333333333333e-05,3.0333333333333333e-05,c
exo,ChooseHints,gesummv,DOUBLE,3,SMALL,0.7165354330708662,4.233333333333333e-05,3.0333333333333333e-05,c
exo,ChooseHints,gesummv,DOUBLE,4,SMALL,0.7777777777777778,3.9e-05,3.0333333333333333e-05,c
exo,ChooseHints,gesummv,DOUBLE,5,SMALL,0.7711864406779662,3.933333333333333e-05,3.0333333333333333e-05,c
exo,FromPlan,gesummv,DOUBLE,2,SMALL,0.558282208588957,5.433333333333334e-05,3.0333333333333333e-05,c
exo,FromPlan,gesummv,DOUBLE,3,SMALL,2.022222222222222,1.5e-05,3.0333333333333333e-05,c
exo,FromPlan,gesummv,DOUBLE,5,SMALL,0.7398373983739838,4.1e-05,3.0333333333333333e-05,c
exo,Naive,gesummv,DOUBLE,1,SMALL,0.6999999999999998,4.333333333333334e-05,3.0333333333333333e-05,c
exo,Naive,gesummv,DOUBLE,2,SMALL,0.5986842105263158,5.066666666666667e-05,3.0333333333333333e-05,c
exo,Naive,gesummv,DOUBLE,3,SMALL,0.20541760722347627,0.0001476666666666667,3.0333333333333333e-05,c
exo,Naive,gesummv,DOUBLE,4,SMALL,0.2116279069767442,0.00014333333333333334,3.0333333333333333e-05,c
exo,Naive,gesummv,DOUBLE,5,SMALL,0.9784946236559139,3.1e-05,3.0333333333333333e-05,c
exo,standard,gesummv,DOUBLE,1,SMALL,0.9784946236559139,3.1e-05,3.0333333333333333e-05,c
exo,standard,gesummv,DOUBLE,2,SMALL,0.9784946236559139,3.1e-05,3.0333333333333333e-05,c
exo,standard,gesummv,DOUBLE,3,SMALL,0.9784946236559139,3.1e-05,3.0333333333333333e-05,c
exo,standard,gesummv,DOUBLE,4,SMALL,0.9891304347826086,3.066666666666667e-05,3.0333333333333333e-05,c
exo,standard,gesummv,DOUBLE,5,SMALL,0.9784946236559139,3.1e-05,3.0333333333333333e-05,c
halide,FromPlan,gesummv,DOUBLE,1,SMALL,0.012391067538126362,0.002448,3.0333333333333333e-05,c
halide,Naive,gesummv,DOUBLE,4,SMALL,0.011473962930273609,0.002643666666666667,3.0333333333333333e-05,c
halide,Naive,gesummv,DOUBLE,5,SMALL,0.09891304347826087,0.0003066666666666667,3.0333333333333333e-05,c
halide,standard,gesummv,DOUBLE,1,SMALL,0.558282208588957,5.433333333333334e-05,3.0333333333333333e-05,c
halide,standard,gesummv,DOUBLE,2,SMALL,0.6232876712328768,4.8666666666666666e-05,3.0333333333333333e-05,c
halide,standard,gesummv,DOUBLE,3,SMALL,0.5833333333333334,5.2e-05,3.0333333333333333e-05,c
halide,standard,gesummv,DOUBLE,4,SMALL,0.610738255033557,4.966666666666666e-05,3.0333333333333333e-05,c
halide,standard,gesummv,DOUBLE,5,SMALL,0.6190476190476191,4.9e-05,3.0333333333333333e-05,c
noarr,AllHints,gesummv,DOUBLE,1,SMALL,3.033333333333333,1e-05,3.0333333333333333e-05,c
noarr,AllHints,gesummv,DOUBLE,2,SMALL,0.7398373983739838,4.1e-05,3.0333333333333333e-05,c
noarr,AllHints,gesummv,DOUBLE,3,SMALL,3.033333333333333,1e-05,3.0333333333333333e-05,c
noarr,AllHints,gesummv,DOUBLE,4,SMALL,3.033333333333333,1e-05,3.0333333333333333e-05,c
noarr,AllHints,gesummv,DOUBLE,5,SMALL,0.013455567056040217,0.0022543333333333334,3.0333333333333333e-05,c
noarr,ChooseHints,gesummv,DOUBLE,1,SMALL,0.013247925462221574,0.002289666666666667,3.0333333333333333e-05,c
noarr,ChooseHints,gesummv,DOUBLE,2,SMALL,3.033333333333333,1e-05,3.0333333333333333e-05,c
noarr,ChooseHints,gesummv,DOUBLE,3,SMALL,0.013307984790874524,0.0022793333333333333,3.0333333333333333e-05,c
noarr,ChooseHints,gesummv,DOUBLE,4,SMALL,0.013404035940491974,0.002263,3.0333333333333333e-05,c
noarr,ChooseHints,gesummv,DOUBLE,5,SMALL,2.935483870967742,1.0333333333333333e-05,3.0333333333333333e-05,c
noarr,FromPlan,gesummv,DOUBLE,1,SMALL,1.8958333333333335,1.6e-05,3.0333333333333333e-05,c
noarr,FromPlan,gesummv,DOUBLE,3,SMALL,0.9191919191919191,3.3e-05,3.0333333333333333e-05,c
noarr,FromPlan,gesummv,DOUBLE,4,SMALL,2.7575757575757573,1.1000000000000001e-05,3.0333333333333333e-05,c
noarr,Naive,gesummv,DOUBLE,1,SMALL,3.033333333333333,1e-05,3.0333333333333333e-05,c
noarr,Naive,gesummv,DOUBLE,2,SMALL,3.033333333333333,1e-05,3.0333333333333333e-05,c
noarr,Naive,gesummv,DOUBLE,3,SMALL,2.935483870967742,1.0333333333333333e-05,3.0333333333333333e-05,c
noarr,Naive,gesummv,DOUBLE,4,SMALL,2.8437500000000004,1.0666666666666666e-05,3.0333333333333333e-05,c
noarr,Naive,gesummv,DOUBLE,5,SMALL,2.935483870967742,1.0333333333333333e-05,3.0333333333333333e-05,c
noarr,standard,gesummv,DOUBLE,1,SMALL,1.2133333333333334,2.5e-05,3.0333333333333333e-05,c
noarr,standard,gesummv,DOUBLE,2,SMALL,1.2133333333333334,2.5e-05,3.0333333333333333e-05,c
noarr,standard,gesummv,DOUBLE,3,SMALL,1.2133333333333334,2.5e-05,3.0333333333333333e-05,c
noarr,standard,gesummv,DOUBLE,4,SMALL,1.2133333333333334,2.5e-05,3.0333333333333333e-05,c
noarr,standard,gesummv,DOUBLE,5,SMALL,1.2133333333333334,2.5e-05,3.0333333333333333e-05,c
c,ChooseHints,gramschmidt,DOUBLE,1,SMALL,2.084375,0.00021333333333333336,0.0004446666666666667,c
c,ChooseHints,gramschmidt,DOUBLE,4,SMALL,2.2687074829931975,0.000196,0.0004446666666666667,c
c,Naive,gramschmidt,DOUBLE,1,SMALL,2.9513274336283186,0.00015066666666666668,0.0004446666666666667,c
c,standard,gramschmidt,DOUBLE,1,SMALL,1.0,0.0004446666666666667,0.0004446666666666667,c
c,AllHints,jacobi-1d,DOUBLE,1,SMALL,0.008150789607743254,0.0006543333333333333,5.3333333333333345e-06,c
c,AllHints,jacobi-1d,DOUBLE,2,SMALL,0.008342022940563089,0.0006393333333333333,5.3333333333333345e-06,c
c,AllHints,jacobi-1d,DOUBLE,4,SMALL,0.04664723032069972,0.00011433333333333333,5.3333333333333345e-06,c
c,AllHints,jacobi-1d,DOUBLE,5,SMALL,0.007666506947771924,0.0006956666666666666,5.3333333333333345e-06,c
c,ChooseHints,jacobi-1d,DOUBLE,2,SMALL,0.0077519379844961265,0.0006879999999999999,5.3333333333333345e-06,c
c,ChooseHints,jacobi-1d,DOUBLE,3,SMALL,0.007572172266919075,0.0007043333333333333,5.3333333333333345e-06,c
c,ChooseHints,jacobi-1d,DOUBLE,4,SMALL,0.007565011820330972,0.0007049999999999999,5.3333333333333345e-06,c
c,ChooseHints,jacobi-1d,DOUBLE,5,SMALL,0.007785888077858883,0.000685,5.3333333333333345e-06,c
c,FromPlan,jacobi-1d,DOUBLE,2,SMALL,0.008277289187791,0.0006443333333333333,5.3333333333333345e-06,c
c,FromPlan,jacobi-1d,DOUBLE,3,SMALL,0.007582938388625595,0.0007033333333333333,5.3333333333333345e-06,c
c,FromPlan,jacobi-1d,DOUBLE,4,SMALL,0.007666506947771924,0.0006956666666666666,5.3333333333333345e-06,c
c,FromPlan,jacobi-1d,DOUBLE,5,SMALL,0.007736943907156675,0.0006893333333333334,5.3333333333333345e-06,c
c,Naive,jacobi-1d,DOUBLE,2,SMALL,0.4848484848484849,1.1000000000000001e-05,5.3333333333333345e-06,c
c,Naive,jacobi-1d,DOUBLE,3,SMALL,1.0666666666666669,5e-06,5.3333333333333345e-06,c
c,Naive,jacobi-1d,DOUBLE,4,SMALL,1.0666666666666669,5e-06,5.3333333333333345e-06,c
c,Naive,jacobi-1d,DOUBLE,5,SMALL,1.0,5.3333333333333345e-06,5.3333333333333345e-06,c
c,standard,jacobi-1d,DOUBLE,1,SMALL,1.0,5.3333333333333345e-06,5.3333333333333345e-06,c
exo,AllHints,jacobi-1d,DOUBLE,1,SMALL,0.002538071065989848,0.0021013333333333335,5.3333333333333345e-06,c
exo,AllHints,jacobi-1d,DOUBLE,2,SMALL,0.0025514272045925697,0.0020903333333333334,5.3333333333333345e-06,c
exo,AllHints,jacobi-1d,DOUBLE,3,SMALL,0.0026045905909164906,0.002047666666666667,5.3333333333333345e-06,c
exo,AllHints,jacobi-1d,DOUBLE,4,SMALL,0.002596138244361513,0.0020543333333333334,5.3333333333333345e-06,c
exo,AllHints,jacobi-1d,DOUBLE,5,SMALL,0.00262209111766634,0.002034,5.3333333333333345e-06,c
exo,ChooseHints,jacobi-1d,DOUBLE,1,SMALL,0.002631146193060353,0.0020269999999999997,5.3333333333333345e-06,c
exo,ChooseHints,jacobi-1d,DOUBLE,3,SMALL,0.00259993500162496,0.0020513333333333334,5.3333333333333345e-06,c
exo,ChooseHints,jacobi-1d,DOUBLE,4,SMALL,0.002665778073975342,0.0020006666666666667,5.3333333333333345e-06,c
exo,ChooseHints,jacobi-1d,DOUBLE,5,SMALL,0.0026113921984658073,0.0020423333333333335,5.3333333333333345e-06,c
exo,FromPlan,jacobi-1d,DOUBLE,1,SMALL,0.0025595904655255166,0.0020836666666666664,5.3333333333333345e-06,c
exo,FromPlan,jacobi-1d,DOUBLE,4,SMALL,0.002748668613640269,0.0019403333333333332,5.3333333333333345e-06,c
exo,Naive,jacobi-1d,DOUBLE,1,SMALL,0.002516910492370616,0.002119,5.3333333333333345e-06,c
exo,Naive,jacobi-1d,DOUBLE,2,SMALL,0.002500781494216943,0.002132666666666667,5.3333333333333345e-06,c
exo,Naive,jacobi-1d,DOUBLE,5,SMALL,0.0025624599615631017,0.002081333333333333,5.3333333333333345e-06,c
exo,standard,jacobi-1d,DOUBLE,1,SMALL,1.0,5.3333333333333345e-06,5.3333333333333345e-06,c
exo,standard,jacobi-1d,DOUBLE,2,SMALL,0.9411764705882355,5.666666666666667e-06,5.3333333333333345e-06,c
exo,standard,jacobi-1d,DOUBLE,3,SMALL,0.8888888888888891,6e-06,5.3333333333333345e-06,c
exo,standard,jacobi-1d,DOUBLE,4,SMALL,0.9411764705882355,5.666666666666667e-06,5.3333333333333345e-06,c
exo,standard,jacobi-1d,DOUBLE,5,SMALL,0.9411764705882355,5.666666666666667e-06,5.3333333333333345e-06,c
halide,ChooseHints,jacobi-1d,DOUBLE,3,SMALL,0.0032474122183884725,0.0016423333333333333,5.3333333333333345e-06,c
halide,FromPlan,jacobi-1d,DOUBLE,4,SMALL,0.0076555023923444996,0.0006966666666666666,5.3333333333333345e-06,c
halide,standard,jacobi-1d,DOUBLE,2,SMALL,0.0683760683760684,7.8e-05,5.3333333333333345e-06,c
halide,standard,jacobi-1d,DOUBLE,5,SMALL,0.0744186046511628,7.166666666666667e-05,5.3333333333333345e-06,c
noarr,AllHints,jacobi-1d,DOUBLE,1,SMALL,0.001179593040401062,0.004521333333333333,5.3333333333333345e-06,c
noarr,AllHints,jacobi-1d,DOUBLE,2,SMALL,1.0666666666666669,5e-06,5.3333333333333345e-06,c
noarr,AllHints,jacobi-1d,DOUBLE,3,SMALL,0.7272727272727274,7.333333333333333e-06,5.3333333333333345e-06,c
noarr,AllHints,jacobi-1d,DOUBLE,4,SMALL,0.0025078369905956114,0.002126666666666667,5.3333333333333345e-06,c
noarr,AllHints,jacobi-1d,DOUBLE,5,SMALL,1.142857142857143,4.666666666666667e-06,5.3333333333333345e-06,c
noarr,ChooseHints,jacobi-1d,DOUBLE,1,SMALL,0.0011998500187476568,0.004445,5.3333333333333345e-06,c
noarr,ChooseHints,jacobi-1d,DOUBLE,2,SMALL,0.4324324324324325,1.2333333333333334e-05,5.3333333333333345e-06,c
noarr,ChooseHints,jacobi-1d,DOUBLE,3,SMALL,0.0012106537530266347,0.004405333333333333,5.3333333333333345e-06,c
noarr,ChooseHints,jacobi-1d,DOUBLE,4,SMALL,0.0012077294685990342,0.004416,5.3333333333333345e-06,c
noarr,ChooseHints,jacobi-1d,DOUBLE,5,SMALL,0.0018281535648994522,0.002917333333333333,5.3333333333333345e-06,c
noarr,FromPlan,jacobi-1d,DOUBLE,1,SMALL,0.12698412698412703,4.2e-05,5.3333333333333345e-06,c
noarr,FromPlan,jacobi-1d,DOUBLE,2,SMALL,1.0666666666666669,5e-06,5.3333333333333345e-06,c
noarr,FromPlan,jacobi-1d,DOUBLE,3,SMALL,0.06926406926406928,7.7e-05,5.3333333333333345e-06,c
noarr,FromPlan,jacobi-1d,DOUBLE,4,SMALL,0.2025316455696203,2.633333333333333e-05,5.3333333333333345e-06,c
noarr,FromPlan,jacobi-1d,DOUBLE,5,SMALL,0.04102564102564104,0.00013,5.3333333333333345e-06,c
noarr,Naive,jacobi-1d,DOUBLE,1,SMALL,0.002510591558135886,0.0021243333333333335,5.3333333333333345e-06,c
noarr,Naive,jacobi-1d,DOUBLE,3,SMALL,0.0010378153985859766,0.005139,5.3333333333333345e-06,c
noarr,Naive,jacobi-1d,DOUBLE,4,SMALL,0.6666666666666669,8e-06,5.3333333333333345e-06,c
noarr,Naive,jacobi-1d,DOUBLE,5,SMALL,0.6666666666666669,8e-06,5.3333333333333345e-06,c
noarr,standard,jacobi-1d,DOUBLE,1,SMALL,1.2307692307692308,4.333333333333334e-06,5.3333333333333345e-06,c
noarr,standard,jacobi-1d,DOUBLE,2,SMALL,1.142857142857143,4.666666666666667e-06,5.3333333333333345e-06,c
noarr,standard,jacobi-1d,DOUBLE,3,SMALL,1.142857142857143,4.666666666666667e-06,5.3333333333333345e-06,c
noarr,standard,jacobi-1d,DOUBLE,4,SMALL,1.142857142857143,4.666666666666667e-06,5.3333333333333345e-06,c
noarr,standard,jacobi-1d,DOUBLE,5,SMALL,1.142857142857143,4.666666666666667e-06,5.3333333333333345e-06,c
c,AllHints,jacobi-2d,DOUBLE,1,SMALL,0.3265013322402132,0.0016263333333333331,0.000531,c
c,AllHints,jacobi-2d,DOUBLE,2,SMALL,0.5287089279787587,0.0010043333333333334,0.000531,c
c,AllHints,jacobi-2d,DOUBLE,3,SMALL,0.43956953642384106,0.001208,0.000531,c
c,AllHints,jacobi-2d,DOUBLE,4,SMALL,1.1888059701492537,0.00044666666666666666,0.000531,c
c,AllHints,jacobi-2d,DOUBLE,5,SMALL,0.8131699846860644,0.0006529999999999999,0.000531,c
c,ChooseHints,jacobi-2d,DOUBLE,1,SMALL,0.3157581764122894,0.0016816666666666666,0.000531,c
c,ChooseHints,jacobi-2d,DOUBLE,2,SMALL,0.31663685152057247,0.0016769999999999999,0.000531,c
c,ChooseHints,jacobi-2d,DOUBLE,3,SMALL,0.3517332744535217,0.0015096666666666668,0.000531,c
c,ChooseHints,jacobi-2d,DOUBLE,4,SMALL,0.33070375752543074,0.0016056666666666667,0.000531,c
c,ChooseHints,jacobi-2d,DOUBLE,5,SMALL,0.32246963562753034,0.0016466666666666667,0.000531,c
c,FromPlan,jacobi-2d,DOUBLE,1,SMALL,0.8335949764521193,0.000637,0.000531,c
c,FromPlan,jacobi-2d,DOUBLE,2,SMALL,1.0063171193935567,0.0005276666666666666,0.000531,c
c,FromPlan,jacobi-2d,DOUBLE,3,SMALL,0.29747899159663865,0.0017850000000000001,0.000531,c
c,FromPlan,jacobi-2d,DOUBLE,4,SMALL,0.9250871080139373,0.000574,0.000531,c
c,FromPlan,jacobi-2d,DOUBLE,5,SMALL,0.21688223281143637,0.002448333333333333,0.000531,c
c,Naive,jacobi-2d,DOUBLE,1,SMALL,1.0101458465440711,0.0005256666666666666,0.000531,c
c,Naive,jacobi-2d,DOUBLE,2,SMALL,1.0384615384615383,0.0005113333333333334,0.000531,c
c,Naive,jacobi-2d,DOUBLE,3,SMALL,0.9567567567567566,0.000555,0.000531,c
c,Naive,jacobi-2d,DOUBLE,4,SMALL,0.32220873786407767,0.001648,0.000531,c
c,standard,jacobi-2d,DOUBLE,1,SMALL,1.0,0.000531,0.000531,c
exo,AllHints,jacobi-2d,DOUBLE,2,SMALL,0.1626173948550429,0.003265333333333333,0.000531,c
exo,AllHints,jacobi-2d,DOUBLE,3,SMALL,0.2817972757827702,0.0018843333333333333,0.000531,c
exo,ChooseHints,jacobi-2d,DOUBLE,1,SMALL,0.15931593159315935,0.0033329999999999996,0.000531,c
exo,ChooseHints,jacobi-2d,DOUBLE,2,SMALL,0.1619725470259278,0.003278333333333333,0.000531,c
exo,ChooseHints,jacobi-2d,DOUBLE,4,SMALL,0.27805899807994416,0.0019096666666666665,0.000531,c
exo,Naive,jacobi-2d,DOUBLE,3,SMALL,0.17345383275261325,0.003061333333333333,0.000531,c
exo,standard,jacobi-2d,DOUBLE,1,SMALL,0.9642857142857143,0.0005506666666666666,0.000531,c
exo,standard,jacobi-2d,DOUBLE,2,SMALL,0.9637023593466426,0.000551,0.000531,c
exo,standard,jacobi-2d,DOUBLE,3,SMALL,0.9066590779738191,0.0005856666666666666,0.000531,c
exo,standard,jacobi-2d,DOUBLE,4,SMALL,0.9660400242571257,0.0005496666666666666,0.000531,c
exo,standard,jacobi-2d,DOUBLE,5,SMALL,0.9476502082093992,0.0005603333333333334,0.000531,c
halide,AllHints,jacobi-2d,DOUBLE,2,SMALL,0.5145348837209301,0.0010320000000000001,0.000531,c
halide,ChooseHints,jacobi-2d,DOUBLE,1,SMALL,0.35049504950495053,0.0015149999999999999,0.000531,c
halide,FromPlan,jacobi-2d,DOUBLE,3,SMALL,0.4315903549173666,0.0012303333333333333,0.000531,c
halide,FromPlan,jacobi-2d,DOUBLE,4,SMALL,0.09058341862845447,0.005861999999999999,0.000531,c
halide,FromPlan,jacobi-2d,DOUBLE,5,SMALL,0.22471434617012273,0.002363,0.000531,c
halide,Naive,jacobi-2d,DOUBLE,1,SMALL,0.5880398671096345,0.000903,0.000531,c
halide,Naive,jacobi-2d,DOUBLE,3,SMALL,0.39577639751552796,0.0013416666666666666,0.000531,c
halide,Naive,jacobi-2d,DOUBLE,4,SMALL,0.45841726618705037,0.0011583333333333333,0.000531,c
halide,standard,jacobi-2d,DOUBLE,3,SMALL,0.22582931669974482,0.0023513333333333333,0.000531,c
halide,standard,jacobi-2d,DOUBLE,4,SMALL,0.47566437742609735,0.0011163333333333333,0.000531,c
halide,standard,jacobi-2d,DOUBLE,5,SMALL,0.22267263069611404,0.002384666666666667,0.000531,c
noarr,AllHints,jacobi-2d,DOUBLE,1,SMALL,0.09278350515463918,0.005723,0.000531,c
noarr,AllHints,jacobi-2d,DOUBLE,2,SMALL,0.15977933801404215,0.003323333333333333,0.000531,c
noarr,AllHints,jacobi-2d,DOUBLE,3,SMALL,0.1610555050045496,0.003297,0.000531,c
noarr,AllHints,jacobi-2d,DOUBLE,4,SMALL,0.09465803078020085,0.0056096666666666664,0.000531,c
noarr,AllHints,jacobi-2d,DOUBLE,5,SMALL,0.09421575585521648,0.0056359999999999995,0.000531,c
noarr,ChooseHints,jacobi-2d,DOUBLE,1,SMALL,1.3046683046683045,0.000407,0.000531,c
noarr,ChooseHints,jacobi-2d,DOUBLE,2,SMALL,0.0939324252609234,0.005653000000000001,0.000531,c
noarr,ChooseHints,jacobi-2d,DOUBLE,3,SMALL,1.3230897009966778,0.00040133333333333335,0.000531,c
noarr,ChooseHints,jacobi-2d,DOUBLE,4,SMALL,0.1634013744999487,0.0032496666666666668,0.000531,c
noarr,ChooseHints,jacobi-2d,DOUBLE,5,SMALL,0.16245156026922294,0.0032686666666666662,0.000531,c
noarr,FromPlan,jacobi-2d,DOUBLE,1,SMALL,1.0528750826173165,0.0005043333333333333,0.000531,c
noarr,FromPlan,jacobi-2d,DOUBLE,2,SMALL,1.043222003929273,0.000509,0.000531,c
noarr,FromPlan,jacobi-2d,DOUBLE,3,SMALL,1.1054823039555866,0.0004803333333333333,0.000531,c
noarr,FromPlan,jacobi-2d,DOUBLE,4,SMALL,1.0940934065934067,0.0004853333333333333,0.000531,c
noarr,FromPlan,jacobi-2d,DOUBLE,5,SMALL,1.0770791075050712,0.000493,0.000531,c
noarr,Naive,jacobi-2d,DOUBLE,1,SMALL,0.16217041636974447,0.0032743333333333335,0.000531,c
noarr,Naive,jacobi-2d,DOUBLE,2,SMALL,1.1941529235382307,0.0004446666666666667,0.000531,c
noarr,Naive,jacobi-2d,DOUBLE,3,SMALL,0.1605037783375315,0.0033083333333333333,0.000531,c
noarr,Naive,jacobi-2d,DOUBLE,5,SMALL,0.6732882502113271,0.0007886666666666667,0.000531,c
noarr,standard,jacobi-2d,DOUBLE,1,SMALL,1.3409090909090908,0.00039600000000000003,0.000531,c
noarr,standard,jacobi-2d,DOUBLE,2,SMALL,1.3297161936560935,0.0003993333333333333,0.000531,c
noarr,standard,jacobi-2d,DOUBLE,3,SMALL,1.3852173913043477,0.00038333333333333334,0.000531,c
noarr,standard,jacobi-2d,DOUBLE,4,SMALL,1.312191103789127,0.00040466666666666667,0.000531,c
noarr,standard,jacobi-2d,DOUBLE,5,SMALL,1.3864229765013054,0.00038300000000000004,0.000531,c
c,AllHints,lu,DOUBLE,1,SMALL,1.4355716878402907,0.000551,0.000791,c
c,AllHints,lu,DOUBLE,2,SMALL,1.4434306569343067,0.000548,0.000791,c
c,AllHints,lu,DOUBLE,3,SMALL,0.18320080290280244,0.004317666666666667,0.000791,c
c,AllHints,lu,DOUBLE,4,SMALL,1.4460694698354664,0.000547,0.000791,c
c,AllHints,lu,DOUBLE,5,SMALL,1.4390539721043056,0.0005496666666666667,0.000791,c
c,ChooseHints,lu,DOUBLE,1,SMALL,1.3693017888055397,0.0005776666666666666,0.000791,c
c,ChooseHints,lu,DOUBLE,2,SMALL,1.4373107207752878,0.0005503333333333333,0.000791,c
c,ChooseHints,lu,DOUBLE,3,SMALL,1.3869082407948568,0.0005703333333333334,0.000791,c
c,ChooseHints,lu,DOUBLE,4,SMALL,1.4522643818849448,0.0005446666666666667,0.000791,c
c,ChooseHints,lu,DOUBLE,5,SMALL,0.2087989441267048,0.0037883333333333332,0.000791,c
c,FromPlan,lu,DOUBLE,1,SMALL,1.300986842105263,0.000608,0.000791,c
c,FromPlan,lu,DOUBLE,2,SMALL,0.2528502930207778,0.0031283333333333337,0.000791,c
c,FromPlan,lu,DOUBLE,3,SMALL,1.4295180722891567,0.0005533333333333333,0.000791,c
c,FromPlan,lu,DOUBLE,4,SMALL,1.1246445497630333,0.0007033333333333333,0.000791,c
c,FromPlan,lu,DOUBLE,5,SMALL,2.6783295711060946,0.0002953333333333334,0.000791,c
c,Naive,lu,DOUBLE,1,SMALL,1.4338368580060423,0.0005516666666666667,0.000791,c
c,Naive,lu,DOUBLE,2,SMALL,1.4355716878402907,0.000551,0.000791,c
c,Naive,lu,DOUBLE,3,SMALL,1.4141835518474377,0.0005593333333333332,0.000791,c
c,Naive,lu,DOUBLE,4,SMALL,1.4209580838323355,0.0005566666666666667,0.000791,c
c,Naive,lu,DOUBLE,5,SMALL,1.4381818181818182,0.00055,0.000791,c
c,standard,lu,DOUBLE,1,SMALL,1.0,0.000791,0.000791,c
exo,AllHints,lu,DOUBLE,1,SMALL,0.19248864373783262,0.004109333333333333,0.000791,c
exo,AllHints,lu,DOUBLE,2,SMALL,0.18633686690223794,0.004245,0.000791,c
exo,AllHints,lu,DOUBLE,3,SMALL,0.18476991357159542,0.004281,0.000791,c
exo,AllHints,lu,DOUBLE,4,SMALL,0.005188677182502373,0.15244733333333332,0.000791,c
exo,AllHints,lu,DOUBLE,5,SMALL,0.8135070277682551,0.0009723333333333333,0.000791,c
exo,ChooseHints,lu,DOUBLE,1,SMALL,1.2015189873417724,0.0006583333333333333,0.000791,c
exo,ChooseHints,lu,DOUBLE,2,SMALL,0.19816283924843425,0.003991666666666667,0.000791,c
exo,ChooseHints,lu,DOUBLE,3,SMALL,1.0321879077859941,0.0007663333333333333,0.000791,c
exo,FromPlan,lu,DOUBLE,3,SMALL,1.0541981341625946,0.0007503333333333333,0.000791,c
exo,Naive,lu,DOUBLE,1,SMALL,1.1730103806228374,0.0006743333333333333,0.000791,c
exo,Naive,lu,DOUBLE,2,SMALL,1.247634069400631,0.000634,0.000791,c
exo,Naive,lu,DOUBLE,3,SMALL,1.159257449926722,0.0006823333333333333,0.000791,c
exo,Naive,lu,DOUBLE,4,SMALL,0.18071738633767423,0.004377,0.000791,c
exo,Naive,lu,DOUBLE,5,SMALL,1.200910931174089,0.0006586666666666667,0.000791,c
exo,standard,lu,DOUBLE,1,SMALL,0.9446656050955415,0.0008373333333333333,0.000791,c
exo,standard,lu,DOUBLE,2,SMALL,0.9503404084901882,0.0008323333333333334,0.000791,c
exo,standard,lu,DOUBLE,3,SMALL,0.9379446640316205,0.0008433333333333334,0.000791,c
exo,standard,lu,DOUBLE,4,SMALL,0.9379446640316205,0.0008433333333333334,0.000791,c
exo,standard,lu,DOUBLE,5,SMALL,0.9353567205360661,0.0008456666666666668,0.000791,c
halide,ChooseHints,lu,DOUBLE,2,SMALL,0.10278956943602184,0.007695333333333333,0.000791,c
halide,ChooseHints,lu,DOUBLE,4,SMALL,0.09321967316153364,0.008485333333333333,0.000791,c
halide,ChooseHints,lu,DOUBLE,5,SMALL,0.06174381390992116,0.012811000000000001,0.000791,c
halide,FromPlan,lu,DOUBLE,5,SMALL,0.06076824583866837,0.013016666666666668,0.000791,c
halide,standard,lu,DOUBLE,1,SMALL,0.05805788662442199,0.013624333333333334,0.000791,c
halide,standard,lu,DOUBLE,5,SMALL,0.0625890172495648,0.012638000000000002,0.000791,c
noarr,AllHints,lu,DOUBLE,1,SMALL,1.29672131147541,0.00061,0.000791,c
noarr,AllHints,lu,DOUBLE,2,SMALL,1.181184668989547,0.0006696666666666666,0.000791,c
noarr,AllHints,lu,DOUBLE,3,SMALL,1.6399447131997238,0.0004823333333333333,0.000791,c
noarr,AllHints,lu,DOUBLE,4,SMALL,1.3052805280528055,0.000606,0.000791,c
noarr,AllHints,lu,DOUBLE,5,SMALL,1.5124282982791586,0.000523,0.000791,c
noarr,ChooseHints,lu,DOUBLE,1,SMALL,1.300986842105263,0.000608,0.000791,c
noarr,ChooseHints,lu,DOUBLE,2,SMALL,1.2649253731343284,0.0006253333333333333,0.000791,c
noarr,ChooseHints,lu,DOUBLE,3,SMALL,1.1882824236354532,0.0006656666666666667,0.000791,c
noarr,ChooseHints,lu,DOUBLE,5,SMALL,1.1088785046728973,0.0007133333333333333,0.000791,c
noarr,FromPlan,lu,DOUBLE,1,SMALL,1.6974248927038627,0.000466,0.000791,c
noarr,FromPlan,lu,DOUBLE,2,SMALL,1.5798934753661786,0.0005006666666666666,0.000791,c
noarr,FromPlan,lu,DOUBLE,3,SMALL,1.63768115942029,0.000483,0.000791,c
noarr,FromPlan,lu,DOUBLE,4,SMALL,1.6077235772357727,0.0004919999999999999,0.000791,c
noarr,FromPlan,lu,DOUBLE,5,SMALL,1.608813559322034,0.0004916666666666666,0.000791,c
noarr,Naive,lu,DOUBLE,1,SMALL,1.273068669527897,0.0006213333333333333,0.000791,c
noarr,Naive,lu,DOUBLE,2,SMALL,1.1978798586572437,0.0006603333333333334,0.000791,c
noarr,Naive,lu,DOUBLE,3,SMALL,1.6275720164609053,0.00048600000000000005,0.000791,c
noarr,Naive,lu,DOUBLE,4,SMALL,1.1948640483383688,0.0006619999999999999,0.000791,c
noarr,standard,lu,DOUBLE,2,SMALL,1.1960685483870968,0.0006613333333333333,0.000791,c
noarr,standard,lu,DOUBLE,5,SMALL,1.1948640483383688,0.0006619999999999999,0.000791,c
c,AllHints,ludcmp,DOUBLE,1,SMALL,1.3410757946210268,0.0005453333333333333,0.0007313333333333333,c
c,AllHints,ludcmp,DOUBLE,2,SMALL,1.3551575046324893,0.0005396666666666666,0.0007313333333333333,c
c,AllHints,ludcmp,DOUBLE,3,SMALL,1.0588803088803087,0.0006906666666666667,0.0007313333333333333,c
c,AllHints,ludcmp,DOUBLE,5,SMALL,1.0110599078341014,0.0007233333333333333,0.0007313333333333333,c
c,ChooseHints,ludcmp,DOUBLE,1,SMALL,0.18133730060335562,0.004033,0.0007313333333333333,c
c,ChooseHints,ludcmp,DOUBLE,2,SMALL,0.16745535032819417,0.004367333333333333,0.0007313333333333333,c
c,ChooseHints,ludcmp,DOUBLE,3,SMALL,1.3859759949463042,0.0005276666666666667,0.0007313333333333333,c
c,ChooseHints,ludcmp,DOUBLE,4,SMALL,0.18085895639271288,0.004043666666666667,0.0007313333333333333,c
c,ChooseHints,ludcmp,DOUBLE,5,SMALL,0.21848237402907783,0.0033473333333333337,0.0007313333333333333,c
c,FromPlan,ludcmp,DOUBLE,1,SMALL,1.2487194080819577,0.0005856666666666667,0.0007313333333333333,c
c,FromPlan,ludcmp,DOUBLE,3,SMALL,1.379006913890635,0.0005303333333333333,0.0007313333333333333,c
c,FromPlan,ludcmp,DOUBLE,4,SMALL,1.3114166168559471,0.0005576666666666667,0.0007313333333333333,c
c,FromPlan,ludcmp,DOUBLE,5,SMALL,1.209481808158765,0.0006046666666666667,0.0007313333333333333,c
c,Naive,ludcmp,DOUBLE,2,SMALL,1.2623705408515535,0.0005793333333333333,0.0007313333333333333,c
c,Naive,ludcmp,DOUBLE,3,SMALL,1.0045787545787546,0.000728,0.0007313333333333333,c
c,Naive,ludcmp,DOUBLE,4,SMALL,1.0082720588235292,0.0007253333333333334,0.0007313333333333333,c
c,standard,ludcmp,DOUBLE,1,SMALL,1.0,0.0007313333333333333,0.0007313333333333333,c
exo,AllHints,ludcmp,DOUBLE,2,SMALL,0.9308442935935511,0.0007856666666666666,0.0007313333333333333,c
exo,AllHints,ludcmp,DOUBLE,5,SMALL,0.20690305545077328,0.003534666666666667,0.0007313333333333333,c
exo,ChooseHints,ludcmp,DOUBLE,1,SMALL,0.9043693322341301,0.0008086666666666667,0.0007313333333333333,c
exo,ChooseHints,ludcmp,DOUBLE,3,SMALL,0.21146987951807225,0.0034583333333333337,0.0007313333333333333,c
exo,ChooseHints,ludcmp,DOUBLE,4,SMALL,1.1872294372294372,0.000616,0.0007313333333333333,c
exo,FromPlan,ludcmp,DOUBLE,3,SMALL,0.004055767730581671,0.18031933333333336,0.0007313333333333333,c
exo,Naive,ludcmp,DOUBLE,1,SMALL,1.2256983240223462,0.0005966666666666667,0.0007313333333333333,c
exo,Naive,ludcmp,DOUBLE,2,SMALL,0.962280701754386,0.0007599999999999999,0.0007313333333333333,c
exo,Naive,ludcmp,DOUBLE,3,SMALL,0.9605954465849386,0.0007613333333333334,0.0007313333333333333,c
exo,Naive,ludcmp,DOUBLE,5,SMALL,0.904742268041237,0.0008083333333333333,0.0007313333333333333,c
exo,standard,ludcmp,DOUBLE,1,SMALL,0.9643956043956042,0.0007583333333333334,0.0007313333333333333,c
exo,standard,ludcmp,DOUBLE,2,SMALL,0.9534984789222077,0.000767,0.0007313333333333333,c
exo,standard,ludcmp,DOUBLE,3,SMALL,0.9601750547045951,0.0007616666666666667,0.0007313333333333333,c
exo,standard,ludcmp,DOUBLE,4,SMALL,0.9214615707685847,0.0007936666666666666,0.0007313333333333333,c
exo,standard,ludcmp,DOUBLE,5,SMALL,0.9356076759061833,0.0007816666666666666,0.0007313333333333333,c
halide,AllHints,ludcmp,DOUBLE,2,SMALL,0.05643149257954165,0.012959666666666666,0.0007313333333333333,c
halide,AllHints,ludcmp,DOUBLE,4,SMALL,0.09042947819635644,0.008087333333333334,0.0007313333333333333,c
halide,ChooseHints,ludcmp,DOUBLE,1,SMALL,0.05490765303568747,0.013319333333333334,0.0007313333333333333,c
halide,Naive,ludcmp,DOUBLE,3,SMALL,0.0934571477253365,0.007825333333333333,0.0007313333333333333,c
halide,standard,ludcmp,DOUBLE,3,SMALL,0.05767764662583138,0.012679666666666667,0.0007313333333333333,c
noarr,AllHints,ludcmp,DOUBLE,1,SMALL,1.0942643391521196,0.0006683333333333333,0.0007313333333333333,c
noarr,AllHints,ludcmp,DOUBLE,2,SMALL,0.9746779209240337,0.0007503333333333333,0.0007313333333333333,c
noarr,AllHints,ludcmp,DOUBLE,3,SMALL,0.860392156862745,0.0008500000000000001,0.0007313333333333333,c
noarr,AllHints,ludcmp,DOUBLE,4,SMALL,1.1583949313621964,0.0006313333333333332,0.0007313333333333333,c
noarr,AllHints,ludcmp,DOUBLE,5,SMALL,1.126283367556468,0.0006493333333333334,0.0007313333333333333,c
noarr,ChooseHints,ludcmp,DOUBLE,1,SMALL,0.9460974557999138,0.0007729999999999999,0.0007313333333333333,c
noarr,ChooseHints,ludcmp,DOUBLE,2,SMALL,1.1356107660455486,0.000644,0.0007313333333333333,c
noarr,ChooseHints,ludcmp,DOUBLE,3,SMALL,0.9746779209240337,0.0007503333333333333,0.0007313333333333333,c
noarr,ChooseHints,ludcmp,DOUBLE,4,SMALL,1.1280205655526991,0.0006483333333333333,0.0007313333333333333,c
noarr,ChooseHints,ludcmp,DOUBLE,5,SMALL,1.1403326403326404,0.0006413333333333333,0.0007313333333333333,c
noarr,FromPlan,ludcmp,DOUBLE,1,SMALL,1.1517060367454066,0.000635,0.0007313333333333333,c
noarr,FromPlan,ludcmp,DOUBLE,2,SMALL,1.1344364012409514,0.0006446666666666667,0.0007313333333333333,c
noarr,FromPlan,ludcmp,DOUBLE,3,SMALL,1.1468897020386826,0.0006376666666666667,0.0007313333333333333,c
noarr,FromPlan,ludcmp,DOUBLE,5,SMALL,1.1367875647668393,0.0006433333333333333,0.0007313333333333333,c
noarr,Naive,ludcmp,DOUBLE,1,SMALL,1.1274409044193217,0.0006486666666666666,0.0007313333333333333,c
noarr,Naive,ludcmp,DOUBLE,2,SMALL,1.1052896725440806,0.0006616666666666666,0.0007313333333333333,c
noarr,Naive,ludcmp,DOUBLE,3,SMALL,1.1344364012409514,0.0006446666666666667,0.0007313333333333333,c
noarr,Naive,ludcmp,DOUBLE,4,SMALL,1.1474895397489537,0.0006373333333333334,0.0007313333333333333,c
noarr,Naive,ludcmp,DOUBLE,5,SMALL,1.129763130792997,0.0006473333333333333,0.0007313333333333333,c
noarr,standard,ludcmp,DOUBLE,1,SMALL,1.1391484942886811,0.000642,0.0007313333333333333,c
c,AllHints,mvt,DOUBLE,1,SMALL,1.9230769230769227,2.166666666666667e-05,4.1666666666666665e-05,c
c,AllHints,mvt,DOUBLE,2,SMALL,0.7716049382716048,5.4000000000000005e-05,4.1666666666666665e-05,c
c,AllHints,mvt,DOUBLE,4,SMALL,0.5868544600938966,7.1e-05,4.1666666666666665e-05,c
c,AllHints,mvt,DOUBLE,5,SMALL,0.7961783439490446,5.233333333333333e-05,4.1666666666666665e-05,c
c,ChooseHints,mvt,DOUBLE,1,SMALL,0.5813953488372092,7.166666666666667e-05,4.1666666666666665e-05,c
c,ChooseHints,mvt,DOUBLE,2,SMALL,0.29761904761904756,0.00014000000000000001,4.1666666666666665e-05,c
c,ChooseHints,mvt,DOUBLE,3,SMALL,1.106194690265487,3.766666666666666e-05,4.1666666666666665e-05,c
c,ChooseHints,mvt,DOUBLE,5,SMALL,0.8333333333333333,5e-05,4.1666666666666665e-05,c
c,FromPlan,mvt,DOUBLE,1,SMALL,1.838235294117647,2.2666666666666668e-05,4.1666666666666665e-05,c
c,FromPlan,mvt,DOUBLE,2,SMALL,2.0161290322580645,2.0666666666666666e-05,4.1666666666666665e-05,c
c,FromPlan,mvt,DOUBLE,3,SMALL,2.0491803278688523,2.0333333333333334e-05,4.1666666666666665e-05,c
c,FromPlan,mvt,DOUBLE,4,SMALL,2.083333333333333,2e-05,4.1666666666666665e-05,c
c,FromPlan,mvt,DOUBLE,5,SMALL,1.7857142857142854,2.3333333333333336e-05,4.1666666666666665e-05,c
c,Naive,mvt,DOUBLE,1,SMALL,2.0161290322580645,2.0666666666666666e-05,4.1666666666666665e-05,c
c,Naive,mvt,DOUBLE,2,SMALL,2.083333333333333,2e-05,4.1666666666666665e-05,c
c,Naive,mvt,DOUBLE,3,SMALL,1.8939393939393936,2.2000000000000003e-05,4.1666666666666665e-05,c
c,Naive,mvt,DOUBLE,4,SMALL,1.7857142857142858,2.3333333333333332e-05,4.1666666666666665e-05,c
c,Naive,mvt,DOUBLE,5,SMALL,1.9531250000000002,2.133333333333333e-05,4.1666666666666665e-05,c
c,standard,mvt,DOUBLE,1,SMALL,1.0,4.1666666666666665e-05,4.1666666666666665e-05,c
exo,AllHints,mvt,DOUBLE,1,SMALL,0.573394495412844,7.266666666666667e-05,4.1666666666666665e-05,c
exo,AllHints,mvt,DOUBLE,2,SMALL,0.4921259842519685,8.466666666666666e-05,4.1666666666666665e-05,c
exo,AllHints,mvt,DOUBLE,3,SMALL,0.48076923076923084,8.666666666666665e-05,4.1666666666666665e-05,c
exo,AllHints,mvt,DOUBLE,4,SMALL,0.5980861244019139,6.966666666666666e-05,4.1666666666666665e-05,c
exo,AllHints,mvt,DOUBLE,5,SMALL,0.7911392405063291,5.266666666666666e-05,4.1666666666666665e-05,c
exo,ChooseHints,mvt,DOUBLE,1,SMALL,0.6476683937823834,6.433333333333333e-05,4.1666666666666665e-05,c
exo,ChooseHints,mvt,DOUBLE,2,SMALL,0.6684491978609626,6.233333333333334e-05,4.1666666666666665e-05,c
exo,ChooseHints,mvt,DOUBLE,3,SMALL,0.5813953488372092,7.166666666666667e-05,4.1666666666666665e-05,c
exo,ChooseHints,mvt,DOUBLE,4,SMALL,1.6666666666666665,2.5e-05,4.1666666666666665e-05,c
exo,ChooseHints,mvt,DOUBLE,5,SMALL,0.6188118811881188,6.733333333333333e-05,4.1666666666666665e-05,c
exo,FromPlan,mvt,DOUBLE,2,SMALL,0.6313131313131313,6.6e-05,4.1666666666666665e-05,c
exo,FromPlan,mvt,DOUBLE,3,SMALL,0.009866603520404135,0.004223,4.1666666666666665e-05,c
exo,FromPlan,mvt,DOUBLE,4,SMALL,0.01353839488790209,0.0030776666666666665,4.1666666666666665e-05,c
exo,Naive,mvt,DOUBLE,2,SMALL,0.5868544600938966,7.1e-05,4.1666666666666665e-05,c
exo,Naive,mvt,DOUBLE,3,SMALL,1.5625000000000002,2.6666666666666663e-05,4.1666666666666665e-05,c
exo,Naive,mvt,DOUBLE,4,SMALL,0.7668711656441717,5.433333333333334e-05,4.1666666666666665e-05,c
exo,standard,mvt,DOUBLE,1,SMALL,0.9398496240601503,4.433333333333334e-05,4.1666666666666665e-05,c
exo,standard,mvt,DOUBLE,2,SMALL,0.9328358208955223,4.466666666666667e-05,4.1666666666666665e-05,c
exo,standard,mvt,DOUBLE,3,SMALL,0.8802816901408451,4.733333333333333e-05,4.1666666666666665e-05,c
exo,standard,mvt,DOUBLE,4,SMALL,0.9398496240601503,4.433333333333334e-05,4.1666666666666665e-05,c
exo,standard,mvt,DOUBLE,5,SMALL,0.9328358208955223,4.466666666666667e-05,4.1666666666666665e-05,c
halide,AllHints,mvt,DOUBLE,3,SMALL,0.07543753771876885,0.0005523333333333334,4.1666666666666665e-05,c
halide,AllHints,mvt,DOUBLE,5,SMALL,0.009893936995409212,0.004211333333333333,4.1666666666666665e-05,c
halide,ChooseHints,mvt,DOUBLE,2,SMALL,0.02403846153846154,0.0017333333333333333,4.1666666666666665e-05,c
halide,FromPlan,mvt,DOUBLE,5,SMALL,0.06313131313131314,0.00066,4.1666666666666665e-05,c
halide,Naive,mvt,DOUBLE,2,SMALL,0.041834002677376164,0.0009960000000000001,4.1666666666666665e-05,c
halide,Naive,mvt,DOUBLE,3,SMALL,0.11091393078970718,0.00037566666666666667,4.1666666666666665e-05,c
halide,standard,mvt,DOUBLE,1,SMALL,0.5896226415094339,7.066666666666667e-05,4.1666666666666665e-05,c
halide,standard,mvt,DOUBLE,2,SMALL,0.6377551020408164,6.533333333333333e-05,4.1666666666666665e-05,c
halide,standard,mvt,DOUBLE,3,SMALL,0.5924170616113744,7.033333333333333e-05,4.1666666666666665e-05,c
halide,standard,mvt,DOUBLE,4,SMALL,0.6038647342995169,6.9e-05,4.1666666666666665e-05,c
halide,standard,mvt,DOUBLE,5,SMALL,0.6009615384615384,6.933333333333333e-05,4.1666666666666665e-05,c
noarr,AllHints,mvt,DOUBLE,1,SMALL,0.017934002869440458,0.0023233333333333335,4.1666666666666665e-05,c
noarr,AllHints,mvt,DOUBLE,2,SMALL,2.4509803921568625,1.7e-05,4.1666666666666665e-05,c
noarr,AllHints,mvt,DOUBLE,3,SMALL,0.018189755529685683,0.0022906666666666665,4.1666666666666665e-05,c
noarr,AllHints,mvt,DOUBLE,4,SMALL,0.01779106177056647,0.002342,4.1666666666666665e-05,c
noarr,AllHints,mvt,DOUBLE,5,SMALL,2.4509803921568625,1.7e-05,4.1666666666666665e-05,c
noarr,ChooseHints,mvt,DOUBLE,1,SMALL,2.4509803921568625,1.7e-05,4.1666666666666665e-05,c
noarr,ChooseHints,mvt,DOUBLE,2,SMALL,2.4509803921568625,1.7e-05,4.1666666666666665e-05,c
noarr,ChooseHints,mvt,DOUBLE,3,SMALL,2.4509803921568625,1.7e-05,4.1666666666666665e-05,c
noarr,ChooseHints,mvt,DOUBLE,4,SMALL,2.4509803921568625,1.7e-05,4.1666666666666665e-05,c
noarr,ChooseHints,mvt,DOUBLE,5,SMALL,2.4509803921568625,1.7e-05,4.1666666666666665e-05,c
noarr,FromPlan,mvt,DOUBLE,1,SMALL,2.1929824561403506,1.9e-05,4.1666666666666665e-05,c
noarr,FromPlan,mvt,DOUBLE,2,SMALL,1.7857142857142858,2.3333333333333332e-05,4.1666666666666665e-05,c
noarr,FromPlan,mvt,DOUBLE,3,SMALL,1.736111111111111,2.4e-05,4.1666666666666665e-05,c
noarr,FromPlan,mvt,DOUBLE,4,SMALL,2.1929824561403506,1.9e-05,4.1666666666666665e-05,c
noarr,FromPlan,mvt,DOUBLE,5,SMALL,2.2321428571428568,1.866666666666667e-05,4.1666666666666665e-05,c
noarr,Naive,mvt,DOUBLE,1,SMALL,1.2626262626262625,3.3e-05,4.1666666666666665e-05,c
noarr,Naive,mvt,DOUBLE,2,SMALL,0.9689922480620156,4.2999999999999995e-05,4.1666666666666665e-05,c
noarr,Naive,mvt,DOUBLE,3,SMALL,2.4509803921568625,1.7e-05,4.1666666666666665e-05,c
noarr,Naive,mvt,DOUBLE,4,SMALL,2.155172413793103,1.9333333333333333e-05,4.1666666666666665e-05,c
noarr,Naive,mvt,DOUBLE,5,SMALL,2.4509803921568625,1.7e-05,4.1666666666666665e-05,c
noarr,standard,mvt,DOUBLE,1,SMALL,1.1904761904761905,3.5e-05,4.1666666666666665e-05,c
noarr,standard,mvt,DOUBLE,2,SMALL,1.1904761904761905,3.5e-05,4.1666666666666665e-05,c
noarr,standard,mvt,DOUBLE,3,SMALL,1.1904761904761905,3.5e-05,4.1666666666666665e-05,c
noarr,standard,mvt,DOUBLE,4,SMALL,1.1904761904761905,3.5e-05,4.1666666666666665e-05,c
noarr,standard,mvt,DOUBLE,5,SMALL,1.1904761904761905,3.5e-05,4.1666666666666665e-05,c
c,AllHints,nussinov,DOUBLE,1,SMALL,0.6196991404011462,0.004653333333333333,0.0028836666666666668,c
c,AllHints,nussinov,DOUBLE,3,SMALL,0.6259768451519538,0.004606666666666666,0.0028836666666666668,c
c,AllHints,nussinov,DOUBLE,5,SMALL,1.7929533678756477,0.0016083333333333334,0.0028836666666666668,c
c,ChooseHints,nussinov,DOUBLE,1,SMALL,1.7123911322248615,0.001684,0.0028836666666666668,c
c,ChooseHints,nussinov,DOUBLE,2,SMALL,0.6994663648124191,0.004122666666666667,0.0028836666666666668,c
c,ChooseHints,nussinov,DOUBLE,4,SMALL,0.6862605108678407,0.004202,0.0028836666666666668,c
c,ChooseHints,nussinov,DOUBLE,5,SMALL,1.5783616128443716,0.0018269999999999998,0.0028836666666666668,c
c,FromPlan,nussinov,DOUBLE,1,SMALL,1.9905660377358492,0.0014486666666666667,0.0028836666666666668,c
c,FromPlan,nussinov,DOUBLE,3,SMALL,0.6095687711386697,0.004730666666666667,0.0028836666666666668,c
c,FromPlan,nussinov,DOUBLE,4,SMALL,0.6190339892665474,0.004658333333333334,0.0028836666666666668,c
c,FromPlan,nussinov,DOUBLE,5,SMALL,2.067144563918758,0.0013949999999999998,0.0028836666666666668,c
c,Naive,nussinov,DOUBLE,1,SMALL,2.0870928829915565,0.0013816666666666665,0.0028836666666666668,c
c,Naive,nussinov,DOUBLE,2,SMALL,1.9084491506728436,0.001511,0.0028836666666666668,c
c,Naive,nussinov,DOUBLE,3,SMALL,1.9349138895101767,0.0014903333333333333,0.0028836666666666668,c
c,Naive,nussinov,DOUBLE,5,SMALL,1.9194586199245616,0.0015023333333333336,0.0028836666666666668,c
c,standard,nussinov,DOUBLE,1,SMALL,1.0,0.0028836666666666668,0.0028836666666666668,c
exo,AllHints,nussinov,DOUBLE,2,SMALL,0.575161225982315,0.005013666666666667,0.0028836666666666668,c
exo,AllHints,nussinov,DOUBLE,3,SMALL,0.5872649514629014,0.004910333333333333,0.0028836666666666668,c
exo,AllHints,nussinov,DOUBLE,5,SMALL,0.6199656012612871,0.004651333333333334,0.0028836666666666668,c
exo,ChooseHints,nussinov,DOUBLE,1,SMALL,1.0727926587301588,0.002688,0.0028836666666666668,c
exo,ChooseHints,nussinov,DOUBLE,2,SMALL,0.6250270934181056,0.004613666666666667,0.0028836666666666668,c
exo,ChooseHints,nussinov,DOUBLE,3,SMALL,0.5717401361443395,0.005043666666666667,0.0028836666666666668,c
exo,ChooseHints,nussinov,DOUBLE,4,SMALL,0.6159487362050552,0.0046816666666666664,0.0028836666666666668,c
exo,ChooseHints,nussinov,DOUBLE,5,SMALL,0.6230464530068419,0.004628333333333333,0.0028836666666666668,c
exo,FromPlan,nussinov,DOUBLE,1,SMALL,0.623450562121649,0.004625333333333333,0.0028836666666666668,c
exo,FromPlan,nussinov,DOUBLE,4,SMALL,1.0960344609147346,0.002631,0.0028836666666666668,c
exo,Naive,nussinov,DOUBLE,1,SMALL,0.9980387632671897,0.0028893333333333336,0.0028836666666666668,c
exo,Naive,nussinov,DOUBLE,2,SMALL,0.9979236359441689,0.0028896666666666667,0.0028836666666666668,c
exo,standard,nussinov,DOUBLE,1,SMALL,1.0132349496369173,0.002846,0.0028836666666666668,c
exo,standard,nussinov,DOUBLE,2,SMALL,1.0145420429224816,0.0028423333333333334,0.0028836666666666668,c
exo,standard,nussinov,DOUBLE,3,SMALL,0.9978085351787773,0.00289,0.0028836666666666668,c
exo,standard,nussinov,DOUBLE,5,SMALL,1.0858541483619932,0.002655666666666667,0.0028836666666666668,c
halide,AllHints,nussinov,DOUBLE,4,SMALL,1.737497489455714,0.0016596666666666667,0.0028836666666666668,c
halide,ChooseHints,nussinov,DOUBLE,1,SMALL,0.24213502015226154,0.011909333333333333,0.0028836666666666668,c
halide,standard,nussinov,DOUBLE,3,SMALL,0.15516375506690103,0.018584666666666666,0.0028836666666666668,c
halide,standard,nussinov,DOUBLE,4,SMALL,0.15621444952057637,0.01845966666666667,0.0028836666666666668,c
c,AllHints,seidel-2d,DOUBLE,1,SMALL,1.3521805428484293,0.005465,0.007389666666666667,c
c,AllHints,seidel-2d,DOUBLE,2,SMALL,0.9682054417609294,0.007632333333333334,0.007389666666666667,c
c,AllHints,seidel-2d,DOUBLE,3,SMALL,0.963199513381995,0.007672000000000001,0.007389666666666667,c
c,AllHints,seidel-2d,DOUBLE,4,SMALL,0.9007394766780431,0.008204000000000001,0.007389666666666667,c
c,AllHints,seidel-2d,DOUBLE,5,SMALL,1.288296141329614,0.005736000000000001,0.007389666666666667,c
c,ChooseHints,seidel-2d,DOUBLE,1,SMALL,1.3499573742540496,0.005474,0.007389666666666667,c
c,ChooseHints,seidel-2d,DOUBLE,2,SMALL,0.9668120366332317,0.007643333333333333,0.007389666666666667,c
c,ChooseHints,seidel-2d,DOUBLE,3,SMALL,1.8362461691377452,0.004024333333333334,0.007389666666666667,c
c,ChooseHints,seidel-2d,DOUBLE,4,SMALL,0.9959119496855346,0.0074199999999999995,0.007389666666666667,c
c,ChooseHints,seidel-2d,DOUBLE,5,SMALL,1.218880580602595,0.006062666666666667,0.007389666666666667,c
c,FromPlan,seidel-2d,DOUBLE,1,SMALL,1.8973810338925026,0.0038946666666666665,0.007389666666666667,c
c,FromPlan,seidel-2d,DOUBLE,2,SMALL,1.896893984769402,0.0038956666666666666,0.007389666666666667,c
c,FromPlan,seidel-2d,DOUBLE,3,SMALL,1.8994944734812782,0.0038903333333333338,0.007389666666666667,c
c,FromPlan,seidel-2d,DOUBLE,4,SMALL,1.8944624850452914,0.003900666666666667,0.007389666666666667,c
c,FromPlan,seidel-2d,DOUBLE,5,SMALL,1.8951102752607285,0.003899333333333333,0.007389666666666667,c
c,Naive,seidel-2d,DOUBLE,2,SMALL,0.9005565259779827,0.008205666666666667,0.007389666666666667,c
c,Naive,seidel-2d,DOUBLE,3,SMALL,1.2795959595959596,0.005775,0.007389666666666667,c
c,Naive,seidel-2d,DOUBLE,4,SMALL,1.1807723035952065,0.006258333333333334,0.007389666666666667,c
c,Naive,seidel-2d,DOUBLE,5,SMALL,0.9773398580434686,0.007561000000000001,0.007389666666666667,c
c,standard,seidel-2d,DOUBLE,1,SMALL,1.0,0.007389666666666667,0.007389666666666667,c
exo,AllHints,seidel-2d,DOUBLE,1,SMALL,0.9930123180291155,0.007441666666666666,0.007389666666666667,c
exo,ChooseHints,seidel-2d,DOUBLE,1,SMALL,0.8561442805283078,0.008631333333333333,0.007389666666666667,c
exo,FromPlan,seidel-2d,DOUBLE,2,SMALL,1.0742876526458616,0.0068786666666666675,0.007389666666666667,c
exo,FromPlan,seidel-2d,DOUBLE,3,SMALL,1.0705007484668503,0.006902999999999999,0.007389666666666667,c
exo,Naive,seidel-2d,DOUBLE,3,SMALL,0.8288716069692665,0.008915333333333332,0.007389666666666667,c
exo,standard,seidel-2d,DOUBLE,1,SMALL,0.9956435821431778,0.007422000000000001,0.007389666666666667,c
exo,standard,seidel-2d,DOUBLE,2,SMALL,0.9926566068150271,0.007444333333333333,0.007389666666666667,c
exo,standard,seidel-2d,DOUBLE,3,SMALL,0.9956883000224568,0.007421666666666667,0.007389666666666667,c
exo,standard,seidel-2d,DOUBLE,4,SMALL,0.994928641953146,0.0074273333333333335,0.007389666666666667,c
exo,standard,seidel-2d,DOUBLE,5,SMALL,0.9948839922811111,0.007427666666666667,0.007389666666666667,c
halide,AllHints,seidel-2d,DOUBLE,2,SMALL,5.258301707779887,0.0014053333333333333,0.007389666666666667,c
halide,ChooseHints,seidel-2d,DOUBLE,1,SMALL,4.845683060109289,0.001525,0.007389666666666667,c
halide,Naive,seidel-2d,DOUBLE,1,SMALL,5.102186421173763,0.0014483333333333334,0.007389666666666667,c
halide,Naive,seidel-2d,DOUBLE,2,SMALL,1.4413237110721018,0.0051270000000000005,0.007389666666666667,c
halide,Naive,seidel-2d,DOUBLE,5,SMALL,5.0764827112434165,0.0014556666666666667,0.007389666666666667,c
halide,standard,seidel-2d,DOUBLE,1,SMALL,3.436521469539606,0.0021503333333333335,0.007389666666666667,c
halide,standard,seidel-2d,DOUBLE,3,SMALL,0.3029172644667623,0.024395,0.007389666666666667,c
noarr,AllHints,seidel-2d,DOUBLE,1,SMALL,1.0071782290672846,0.007337,0.007389666666666667,c
noarr,AllHints,seidel-2d,DOUBLE,2,SMALL,1.235867989742446,0.005979333333333334,0.007389666666666667,c
noarr,AllHints,seidel-2d,DOUBLE,3,SMALL,1.2654983445598815,0.005839333333333333,0.007389666666666667,c
noarr,AllHints,seidel-2d,DOUBLE,4,SMALL,1.3554047444362927,0.005451999999999999,0.007389666666666667,c
noarr,AllHints,seidel-2d,DOUBLE,5,SMALL,1.354080136818959,0.005457333333333334,0.007389666666666667,c
noarr,ChooseHints,seidel-2d,DOUBLE,1,SMALL,1.364498061180526,0.005415666666666666,0.007389666666666667,c
noarr,ChooseHints,seidel-2d,DOUBLE,2,SMALL,1.3514386734942696,0.005468000000000001,0.007389666666666667,c
noarr,ChooseHints,seidel-2d,DOUBLE,3,SMALL,1.0080942203628758,0.007330333333333334,0.007389666666666667,c
noarr,ChooseHints,seidel-2d,DOUBLE,4,SMALL,1.0053968253968255,0.00735,0.007389666666666667,c
noarr,ChooseHints,seidel-2d,DOUBLE,5,SMALL,1.3524280136652025,0.005464,0.007389666666666667,c
noarr,FromPlan,seidel-2d,DOUBLE,1,SMALL,1.147701387450818,0.006438666666666666,0.007389666666666667,c
noarr,FromPlan,seidel-2d,DOUBLE,2,SMALL,1.3505330490405119,0.005471666666666666,0.007389666666666667,c
noarr,FromPlan,seidel-2d,DOUBLE,3,SMALL,1.1526542921021161,0.006411,0.007389666666666667,c
noarr,FromPlan,seidel-2d,DOUBLE,4,SMALL,1.1513373149831212,0.006418333333333334,0.007389666666666667,c
noarr,Naive,seidel-2d,DOUBLE,1,SMALL,1.0138571297905425,0.007288666666666666,0.007389666666666667,c
noarr,Naive,seidel-2d,DOUBLE,2,SMALL,1.2378692277625774,0.005969666666666667,0.007389666666666667,c
noarr,Naive,seidel-2d,DOUBLE,3,SMALL,1.3622342386628978,0.005424666666666667,0.007389666666666667,c
noarr,Naive,seidel-2d,DOUBLE,4,SMALL,1.0091496722505462,0.007322666666666667,0.007389666666666667,c
noarr,Naive,seidel-2d,DOUBLE,5,SMALL,1.3547421168418479,0.005454666666666667,0.007389666666666667,c
noarr,standard,seidel-2d,DOUBLE,1,SMALL,1.0272937905468027,0.007193333333333333,0.007389666666666667,c
noarr,standard,seidel-2d,DOUBLE,2,SMALL,1.0065837268434434,0.007341333333333334,0.007389666666666667,c
noarr,standard,seidel-2d,DOUBLE,3,SMALL,1.0232633279483037,0.007221666666666667,0.007389666666666667,c
noarr,standard,seidel-2d,DOUBLE,4,SMALL,1.014831769283589,0.007281666666666666,0.007389666666666667,c
noarr,standard,seidel-2d,DOUBLE,5,SMALL,1.0218954549645065,0.007231333333333333,0.007389666666666667,c
c,AllHints,symm,DOUBLE,1,SMALL,1.3465346534653464,0.000202,0.000272,c
c,AllHints,symm,DOUBLE,2,SMALL,2.9458483754512637,9.233333333333333e-05,0.000272,c
c,AllHints,symm,DOUBLE,3,SMALL,0.1941008563273073,0.0014013333333333334,0.000272,c
c,AllHints,symm,DOUBLE,4,SMALL,0.017345463821103645,0.015681333333333335,0.000272,c
c,AllHints,symm,DOUBLE,5,SMALL,1.92,0.00014166666666666668,0.000272,c
c,ChooseHints,symm,DOUBLE,1,SMALL,2.2234332425068124,0.00012233333333333332,0.000272,c
c,ChooseHints,symm,DOUBLE,2,SMALL,1.7662337662337662,0.000154,0.000272,c
c,ChooseHints,symm,DOUBLE,3,SMALL,1.4240837696335078,0.000191,0.000272,c
c,ChooseHints,symm,DOUBLE,4,SMALL,2.086956521739131,0.00013033333333333332,0.000272,c
c,ChooseHints,symm,DOUBLE,5,SMALL,0.18436511522819699,0.0014753333333333335,0.000272,c
c,FromPlan,symm,DOUBLE,1,SMALL,2.833333333333333,9.6e-05,0.000272,c
c,FromPlan,symm,DOUBLE,2,SMALL,3.4142259414225937,7.966666666666667e-05,0.000272,c
c,FromPlan,symm,DOUBLE,3,SMALL,2.3720930232558137,0.00011466666666666667,0.000272,c
c,FromPlan,symm,DOUBLE,4,SMALL,3.1750972762645913,8.566666666666667e-05,0.000272,c
c,FromPlan,symm,DOUBLE,5,SMALL,2.187667560321716,0.00012433333333333334,0.000272,c
c,Naive,symm,DOUBLE,1,SMALL,2.7109634551495017,0.00010033333333333334,0.000272,c
c,Naive,symm,DOUBLE,2,SMALL,2.989010989010989,9.1e-05,0.000272,c
c,Naive,symm,DOUBLE,3,SMALL,3.187499999999999,8.533333333333335e-05,0.000272,c
c,Naive,symm,DOUBLE,4,SMALL,0.8301119023397763,0.00032766666666666664,0.000272,c
c,Naive,symm,DOUBLE,5,SMALL,0.8937568455640745,0.0003043333333333333,0.000272,c
c,standard,symm,DOUBLE,1,SMALL,1.0,0.000272,0.000272,c
exo,AllHints,symm,DOUBLE,2,SMALL,0.254840724547158,0.0010673333333333333,0.000272,c
exo,AllHints,symm,DOUBLE,5,SMALL,1.2573189522342065,0.00021633333333333332,0.000272,c
exo,ChooseHints,symm,DOUBLE,2,SMALL,0.1268853988493236,0.0021436666666666666,0.000272,c
exo,ChooseHints,symm,DOUBLE,3,SMALL,0.15266604303086997,0.0017816666666666666,0.000272,c
exo,ChooseHints,symm,DOUBLE,4,SMALL,0.10542635658914727,0.0025800000000000003,0.000272,c
exo,FromPlan,symm,DOUBLE,1,SMALL,0.47524752475247517,0.0005723333333333334,0.000272,c
exo,FromPlan,symm,DOUBLE,4,SMALL,0.4461454346637507,0.0006096666666666667,0.000272,c
exo,Naive,symm,DOUBLE,1,SMALL,0.9975550122249389,0.00027266666666666666,0.000272,c
exo,Naive,symm,DOUBLE,2,SMALL,0.8840736728060672,0.00030766666666666665,0.000272,c
exo,Naive,symm,DOUBLE,4,SMALL,0.1548974943052392,0.001756,0.000272,c
exo,Naive,symm,DOUBLE,5,SMALL,0.16031434184675836,0.0016966666666666666,0.000272,c
exo,standard,symm,DOUBLE,1,SMALL,0.7506899724011039,0.0003623333333333334,0.000272,c
exo,standard,symm,DOUBLE,2,SMALL,0.7647610121836925,0.0003556666666666667,0.000272,c
exo,standard,symm,DOUBLE,3,SMALL,0.8680851063829786,0.0003133333333333334,0.000272,c
exo,standard,symm,DOUBLE,4,SMALL,0.8598524762908324,0.00031633333333333334,0.000272,c
exo,standard,symm,DOUBLE,5,SMALL,0.860759493670886,0.00031600000000000004,0.000272,c
halide,ChooseHints,symm,DOUBLE,3,SMALL,0.08332482385377311,0.003264333333333333,0.000272,c
halide,ChooseHints,symm,DOUBLE,4,SMALL,0.4214876033057851,0.0006453333333333334,0.000272,c
halide,FromPlan,symm,DOUBLE,2,SMALL,1.4068965517241379,0.00019333333333333333,0.000272,c
halide,FromPlan,symm,DOUBLE,3,SMALL,1.3599999999999999,0.0002,0.000272,c
halide,Naive,symm,DOUBLE,3,SMALL,0.5350819672131146,0.0005083333333333334,0.000272,c
halide,standard,symm,DOUBLE,1,SMALL,0.6229007633587786,0.00043666666666666664,0.000272,c
halide,standard,symm,DOUBLE,2,SMALL,1.036848792884371,0.00026233333333333333,0.000272,c
halide,standard,symm,DOUBLE,3,SMALL,0.882162162162162,0.00030833333333333337,0.000272,c
halide,standard,symm,DOUBLE,4,SMALL,0.5820256776034237,0.0004673333333333333,0.000272,c
halide,standard,symm,DOUBLE,5,SMALL,1.00990099009901,0.00026933333333333334,0.000272,c
noarr,AllHints,symm,DOUBLE,1,SMALL,0.11896777955970257,0.0022863333333333334,0.000272,c
noarr,AllHints,symm,DOUBLE,2,SMALL,1.4340949033391917,0.00018966666666666665,0.000272,c
noarr,AllHints,symm,DOUBLE,3,SMALL,0.08399382398353063,0.003238333333333333,0.000272,c
noarr,AllHints,symm,DOUBLE,4,SMALL,0.1183123096998695,0.0022990000000000003,0.000272,c
noarr,AllHints,symm,DOUBLE,5,SMALL,3.472340425531915,7.833333333333333e-05,0.000272,c
noarr,ChooseHints,symm,DOUBLE,1,SMALL,3.1145038167938934,8.733333333333332e-05,0.000272,c
noarr,ChooseHints,symm,DOUBLE,2,SMALL,1.554285714285714,0.00017500000000000003,0.000272,c
noarr,ChooseHints,symm,DOUBLE,3,SMALL,1.569230769230769,0.00017333333333333336,0.000272,c
noarr,ChooseHints,symm,DOUBLE,5,SMALL,1.5722543352601157,0.00017299999999999998,0.000272,c
noarr,FromPlan,symm,DOUBLE,1,SMALL,1.6287425149700603,0.00016699999999999997,0.000272,c
noarr,FromPlan,symm,DOUBLE,2,SMALL,3.2771084337349397,8.3e-05,0.000272,c
noarr,FromPlan,symm,DOUBLE,3,SMALL,3.1505791505791505,8.633333333333334e-05,0.000272,c
noarr,FromPlan,symm,DOUBLE,4,SMALL,2.9142857142857146,9.333333333333333e-05,0.000272,c
noarr,FromPlan,symm,DOUBLE,5,SMALL,1.088,0.00025,0.000272,c
noarr,Naive,symm,DOUBLE,2,SMALL,3.472340425531915,7.833333333333333e-05,0.000272,c
noarr,Naive,symm,DOUBLE,3,SMALL,1.169054441260745,0.00023266666666666664,0.000272,c
noarr,Naive,symm,DOUBLE,4,SMALL,2.9672727272727277,9.166666666666665e-05,0.000272,c
noarr,Naive,symm,DOUBLE,5,SMALL,1.439153439153439,0.000189,0.000272,c
noarr,standard,symm,DOUBLE,1,SMALL,1.402061855670103,0.00019400000000000003,0.000272,c
noarr,standard,symm,DOUBLE,2,SMALL,1.431578947368421,0.00018999999999999998,0.000272,c
noarr,standard,symm,DOUBLE,3,SMALL,1.303514376996805,0.00020866666666666668,0.000272,c
noarr,standard,symm,DOUBLE,4,SMALL,1.198237885462555,0.000227,0.000272,c
noarr,standard,symm,DOUBLE,5,SMALL,1.411764705882353,0.00019266666666666664,0.000272,c
c,AllHints,syr2k,DOUBLE,1,SMALL,2.5387205387205385,9.900000000000001e-05,0.00025133333333333333,c
c,AllHints,syr2k,DOUBLE,2,SMALL,5.2727272727272725,4.766666666666667e-05,0.00025133333333333333,c
c,AllHints,syr2k,DOUBLE,3,SMALL,4.120218579234972,6.1e-05,0.00025133333333333333,c
c,AllHints,syr2k,DOUBLE,4,SMALL,5.309859154929577,4.7333333333333336e-05,0.00025133333333333333,c
c,AllHints,syr2k,DOUBLE,5,SMALL,2.2710843373493974,0.00011066666666666667,0.00025133333333333333,c
c,ChooseHints,syr2k,DOUBLE,2,SMALL,5.385714285714286,4.6666666666666665e-05,0.00025133333333333333,c
c,ChooseHints,syr2k,DOUBLE,3,SMALL,5.236111111111111,4.8e-05,0.00025133333333333333,c
c,ChooseHints,syr2k,DOUBLE,4,SMALL,5.094594594594595,4.933333333333333e-05,0.00025133333333333333,c
c,ChooseHints,syr2k,DOUBLE,5,SMALL,4.993377483443709,5.033333333333333e-05,0.00025133333333333333,c
c,FromPlan,syr2k,DOUBLE,2,SMALL,1.1088235294117645,0.00022666666666666668,0.00025133333333333333,c
c,FromPlan,syr2k,DOUBLE,3,SMALL,1.2360655737704918,0.00020333333333333333,0.00025133333333333333,c
c,FromPlan,syr2k,DOUBLE,4,SMALL,6.080645161290323,4.133333333333333e-05,0.00025133333333333333,c
c,FromPlan,syr2k,DOUBLE,5,SMALL,1.112094395280236,0.000226,0.00025133333333333333,c
c,Naive,syr2k,DOUBLE,1,SMALL,1.170807453416149,0.0002146666666666667,0.00025133333333333333,c
c,Naive,syr2k,DOUBLE,2,SMALL,1.1546707503828484,0.00021766666666666668,0.00025133333333333333,c
c,Naive,syr2k,DOUBLE,3,SMALL,1.0134408602150538,0.000248,0.00025133333333333333,c
c,Naive,syr2k,DOUBLE,4,SMALL,1.170807453416149,0.0002146666666666667,0.00025133333333333333,c
c,Naive,syr2k,DOUBLE,5,SMALL,0.983050847457627,0.0002556666666666667,0.00025133333333333333,c
c,standard,syr2k,DOUBLE,1,SMALL,1.0,0.00025133333333333333,0.00025133333333333333,c
exo,AllHints,syr2k,DOUBLE,1,SMALL,3.906735751295337,6.433333333333333e-05,0.00025133333333333333,c
exo,AllHints,syr2k,DOUBLE,2,SMALL,3.9476439790575917,6.366666666666666e-05,0.00025133333333333333,c
exo,AllHints,syr2k,DOUBLE,3,SMALL,3.5069767441860464,7.166666666666667e-05,0.00025133333333333333,c
exo,AllHints,syr2k,DOUBLE,4,SMALL,5.129251700680272,4.9e-05,0.00025133333333333333,c
exo,AllHints,syr2k,DOUBLE,5,SMALL,5.236111111111111,4.8e-05,0.00025133333333333333,c
exo,ChooseHints,syr2k,DOUBLE,2,SMALL,5.309859154929578,4.733333333333333e-05,0.00025133333333333333,c
exo,ChooseHints,syr2k,DOUBLE,3,SMALL,4.01063829787234,6.266666666666667e-05,0.00025133333333333333,c
exo,ChooseHints,syr2k,DOUBLE,4,SMALL,4.142857142857143,6.0666666666666666e-05,0.00025133333333333333,c
exo,ChooseHints,syr2k,DOUBLE,5,SMALL,4.742138364779874,5.300000000000001e-05,0.00025133333333333333,c
exo,FromPlan,syr2k,DOUBLE,1,SMALL,0.358876725368872,0.0007003333333333333,0.00025133333333333333,c
exo,FromPlan,syr2k,DOUBLE,2,SMALL,0.242443729903537,0.0010366666666666666,0.00025133333333333333,c
exo,FromPlan,syr2k,DOUBLE,3,SMALL,0.6702222222222223,0.00037499999999999995,0.00025133333333333333,c
exo,FromPlan,syr2k,DOUBLE,5,SMALL,0.7495029821073559,0.0003353333333333333,0.00025133333333333333,c
exo,Naive,syr2k,DOUBLE,1,SMALL,0.41772853185595565,0.0006016666666666667,0.00025133333333333333,c
exo,Naive,syr2k,DOUBLE,2,SMALL,5.463768115942029,4.6e-05,0.00025133333333333333,c
exo,Naive,syr2k,DOUBLE,3,SMALL,3.4907407407407405,7.2e-05,0.00025133333333333333,c
exo,Naive,syr2k,DOUBLE,4,SMALL,0.7007434944237918,0.0003586666666666667,0.00025133333333333333,c
exo,Naive,syr2k,DOUBLE,5,SMALL,3.8080808080808084,6.599999999999999e-05,0.00025133333333333333,c
exo,standard,syr2k,DOUBLE,1,SMALL,0.8716763005780348,0.0002883333333333333,0.00025133333333333333,c
exo,standard,syr2k,DOUBLE,2,SMALL,0.8666666666666667,0.00029,0.00025133333333333333,c
exo,standard,syr2k,DOUBLE,3,SMALL,0.8954869358669835,0.00028066666666666664,0.00025133333333333333,c
exo,standard,syr2k,DOUBLE,4,SMALL,0.8676639815880323,0.00028966666666666664,0.00025133333333333333,c
exo,standard,syr2k,DOUBLE,5,SMALL,0.9285714285714286,0.00027066666666666667,0.00025133333333333333,c
halide,ChooseHints,syr2k,DOUBLE,1,SMALL,0.46716232961586124,0.000538,0.00025133333333333333,c
halide,FromPlan,syr2k,DOUBLE,1,SMALL,0.08112760921024317,0.003098,0.00025133333333333333,c
halide,FromPlan,syr2k,DOUBLE,2,SMALL,0.0927315213380888,0.0027103333333333333,0.00025133333333333333,c
halide,Naive,syr2k,DOUBLE,2,SMALL,0.3218096457533077,0.000781,0.00025133333333333333,c
halide,Naive,syr2k,DOUBLE,4,SMALL,0.4188888888888889,0.0006,0.00025133333333333333,c
halide,standard,syr2k,DOUBLE,2,SMALL,0.9882044560943642,0.00025433333333333335,0.00025133333333333333,c
halide,standard,syr2k,DOUBLE,3,SMALL,0.9729032258064516,0.00025833333333333334,0.00025133333333333333,c
halide,standard,syr2k,DOUBLE,4,SMALL,0.9986754966887417,0.0002516666666666667,0.00025133333333333333,c
halide,standard,syr2k,DOUBLE,5,SMALL,0.9792207792207791,0.0002566666666666667,0.00025133333333333333,c
noarr,AllHints,syr2k,DOUBLE,1,SMALL,1.2161290322580647,0.00020666666666666666,0.00025133333333333333,c
noarr,AllHints,syr2k,DOUBLE,2,SMALL,1.293310463121784,0.00019433333333333333,0.00025133333333333333,c
noarr,AllHints,syr2k,DOUBLE,3,SMALL,1.2141706924315618,0.00020700000000000002,0.00025133333333333333,c
noarr,AllHints,syr2k,DOUBLE,4,SMALL,0.8891509433962264,0.0002826666666666667,0.00025133333333333333,c
noarr,AllHints,syr2k,DOUBLE,5,SMALL,0.8443449048152297,0.0002976666666666666,0.00025133333333333333,c
noarr,ChooseHints,syr2k,DOUBLE,1,SMALL,1.284497444633731,0.00019566666666666666,0.00025133333333333333,c
noarr,ChooseHints,syr2k,DOUBLE,2,SMALL,0.9934123847167324,0.000253,0.00025133333333333333,c
noarr,ChooseHints,syr2k,DOUBLE,3,SMALL,1.1968253968253968,0.00021,0.00025133333333333333,c
noarr,ChooseHints,syr2k,DOUBLE,4,SMALL,1.1582181259600615,0.000217,0.00025133333333333333,c
noarr,ChooseHints,syr2k,DOUBLE,5,SMALL,1.1874015748031497,0.00021166666666666664,0.00025133333333333333,c
noarr,FromPlan,syr2k,DOUBLE,1,SMALL,1.0575035063113605,0.00023766666666666665,0.00025133333333333333,c
noarr,FromPlan,syr2k,DOUBLE,2,SMALL,2.386075949367089,0.00010533333333333332,0.00025133333333333333,c
noarr,FromPlan,syr2k,DOUBLE,4,SMALL,0.9729032258064516,0.00025833333333333334,0.00025133333333333333,c
noarr,FromPlan,syr2k,DOUBLE,5,SMALL,0.983050847457627,0.0002556666666666667,0.00025133333333333333,c
noarr,Naive,syr2k,DOUBLE,1,SMALL,1.1949286846275753,0.00021033333333333331,0.00025133333333333333,c
noarr,Naive,syr2k,DOUBLE,2,SMALL,2.416666666666667,0.000104,0.00025133333333333333,c
noarr,Naive,syr2k,DOUBLE,3,SMALL,1.2102728731942216,0.00020766666666666665,0.00025133333333333333,c
noarr,Naive,syr2k,DOUBLE,4,SMALL,0.9019138755980862,0.00027866666666666665,0.00025133333333333333,c
noarr,Naive,syr2k,DOUBLE,5,SMALL,1.0943396226415094,0.00022966666666666667,0.00025133333333333333,c
noarr,standard,syr2k,DOUBLE,1,SMALL,0.4990072799470549,0.0005036666666666667,0.00025133333333333333,c
noarr,standard,syr2k,DOUBLE,2,SMALL,1.277966101694915,0.00019666666666666669,0.00025133333333333333,c
noarr,standard,syr2k,DOUBLE,3,SMALL,1.2758037225042302,0.000197,0.00025133333333333333,c
noarr,standard,syr2k,DOUBLE,5,SMALL,1.2736486486486487,0.00019733333333333332,0.00025133333333333333,c
c,AllHints,syrk,DOUBLE,1,SMALL,2.28,5e-05,0.000114,c
c,AllHints,syrk,DOUBLE,2,SMALL,2.780487804878049,4.1e-05,0.000114,c
c,AllHints,syrk,DOUBLE,3,SMALL,2.9230769230769234,3.9e-05,0.000114,c
c,AllHints,syrk,DOUBLE,4,SMALL,2.85,4e-05,0.000114,c
c,AllHints,syrk,DOUBLE,5,SMALL,2.1923076923076925,5.2e-05,0.000114,c
c,ChooseHints,syrk,DOUBLE,1,SMALL,0.4447334200260078,0.00025633333333333335,0.000114,c
c,ChooseHints,syrk,DOUBLE,2,SMALL,2.8032786885245904,4.066666666666667e-05,0.000114,c
c,ChooseHints,syrk,DOUBLE,3,SMALL,3.0265486725663715,3.766666666666667e-05,0.000114,c
c,ChooseHints,syrk,DOUBLE,4,SMALL,2.3586206896551727,4.8333333333333334e-05,0.000114,c
c,ChooseHints,syrk,DOUBLE,5,SMALL,2.8032786885245904,4.066666666666667e-05,0.000114,c
c,FromPlan,syrk,DOUBLE,1,SMALL,1.8791208791208793,6.0666666666666666e-05,0.000114,c
c,FromPlan,syrk,DOUBLE,2,SMALL,1.1213114754098361,0.00010166666666666667,0.000114,c
c,FromPlan,syrk,DOUBLE,3,SMALL,1.1515151515151514,9.900000000000001e-05,0.000114,c
c,FromPlan,syrk,DOUBLE,4,SMALL,0.6465028355387524,0.00017633333333333333,0.000114,c
c,FromPlan,syrk,DOUBLE,5,SMALL,0.6465028355387524,0.00017633333333333333,0.000114,c
c,Naive,syrk,DOUBLE,1,SMALL,2.780487804878049,4.1e-05,0.000114,c
c,Naive,syrk,DOUBLE,2,SMALL,0.5896551724137932,0.00019333333333333333,0.000114,c
c,Naive,syrk,DOUBLE,3,SMALL,0.6321626617375231,0.00018033333333333334,0.000114,c
c,Naive,syrk,DOUBLE,4,SMALL,0.5352112676056339,0.000213,0.000114,c
c,Naive,syrk,DOUBLE,5,SMALL,1.0458715596330275,0.000109,0.000114,c
c,standard,syrk,DOUBLE,1,SMALL,1.0,0.000114,0.000114,c
exo,AllHints,syrk,DOUBLE,1,SMALL,2.111111111111111,5.4000000000000005e-05,0.000114,c
exo,AllHints,syrk,DOUBLE,2,SMALL,2.0853658536585367,5.466666666666667e-05,0.000114,c
exo,AllHints,syrk,DOUBLE,3,SMALL,2.736,4.1666666666666665e-05,0.000114,c
exo,AllHints,syrk,DOUBLE,4,SMALL,1.6930693069306935,6.733333333333332e-05,0.000114,c
exo,ChooseHints,syrk,DOUBLE,1,SMALL,1.5200000000000002,7.5e-05,0.000114,c
exo,ChooseHints,syrk,DOUBLE,2,SMALL,1.9000000000000001,6e-05,0.000114,c
exo,ChooseHints,syrk,DOUBLE,4,SMALL,2.1375,5.3333333333333326e-05,0.000114,c
exo,ChooseHints,syrk,DOUBLE,5,SMALL,1.1752577319587627,9.700000000000001e-05,0.000114,c
exo,FromPlan,syrk,DOUBLE,2,SMALL,1.1324503311258278,0.00010066666666666667,0.000114,c
exo,Naive,syrk,DOUBLE,1,SMALL,1.3625498007968129,8.366666666666666e-05,0.000114,c
exo,Naive,syrk,DOUBLE,2,SMALL,2.590909090909091,4.4000000000000006e-05,0.000114,c
exo,Naive,syrk,DOUBLE,4,SMALL,2.0727272727272728,5.5e-05,0.000114,c
exo,Naive,syrk,DOUBLE,5,SMALL,0.5796610169491525,0.00019666666666666669,0.000114,c
exo,standard,syrk,DOUBLE,1,SMALL,0.7844036697247707,0.00014533333333333333,0.000114,c
exo,standard,syrk,DOUBLE,2,SMALL,0.8028169014084509,0.00014199999999999998,0.000114,c
exo,standard,syrk,DOUBLE,3,SMALL,0.7898383371824481,0.00014433333333333334,0.000114,c
exo,standard,syrk,DOUBLE,4,SMALL,0.8221153846153847,0.00013866666666666666,0.000114,c
exo,standard,syrk,DOUBLE,5,SMALL,0.828087167070218,0.00013766666666666666,0.000114,c
halide,AllHints,syrk,DOUBLE,2,SMALL,0.16056338028169015,0.00071,0.000114,c
halide,AllHints,syrk,DOUBLE,3,SMALL,0.14621633176571186,0.0007796666666666667,0.000114,c
halide,AllHints,syrk,DOUBLE,4,SMALL,0.11945511701012923,0.0009543333333333334,0.000114,c
halide,ChooseHints,syrk,DOUBLE,1,SMALL,0.039647577092511016,0.0028753333333333335,0.000114,c
halide,ChooseHints,syrk,DOUBLE,3,SMALL,0.16309012875536483,0.000699,0.000114,c
halide,ChooseHints,syrk,DOUBLE,4,SMALL,0.14050944946589977,0.0008113333333333333,0.000114,c
halide,FromPlan,syrk,DOUBLE,3,SMALL,0.22107304460245633,0.0005156666666666668,0.000114,c
halide,FromPlan,syrk,DOUBLE,5,SMALL,0.22352941176470587,0.00051,0.000114,c
halide,Naive,syrk,DOUBLE,1,SMALL,0.20058651026392962,0.0005683333333333333,0.000114,c
halide,Naive,syrk,DOUBLE,2,SMALL,0.16395014381591563,0.0006953333333333334,0.000114,c
halide,Naive,syrk,DOUBLE,5,SMALL,0.09841726618705036,0.0011583333333333333,0.000114,c
halide,standard,syrk,DOUBLE,1,SMALL,0.5150602409638554,0.00022133333333333334,0.000114,c
halide,standard,syrk,DOUBLE,2,SMALL,0.5104477611940299,0.00022333333333333333,0.000114,c
halide,standard,syrk,DOUBLE,3,SMALL,0.5074183976261128,0.00022466666666666666,0.000114,c
halide,standard,syrk,DOUBLE,4,SMALL,0.5189681335356601,0.0002196666666666667,0.000114,c
halide,standard,syrk,DOUBLE,5,SMALL,0.4135429262394196,0.0002756666666666667,0.000114,c
noarr,AllHints,syrk,DOUBLE,1,SMALL,1.4615384615384617,7.8e-05,0.000114,c
noarr,AllHints,syrk,DOUBLE,2,SMALL,0.652671755725191,0.00017466666666666664,0.000114,c
noarr,AllHints,syrk,DOUBLE,3,SMALL,0.8702290076335878,0.000131,0.000114,c
noarr,AllHints,syrk,DOUBLE,4,SMALL,0.5989492119089317,0.00019033333333333334,0.000114,c
noarr,AllHints,syrk,DOUBLE,5,SMALL,1.1324503311258278,0.00010066666666666667,0.000114,c
noarr,ChooseHints,syrk,DOUBLE,1,SMALL,1.2391304347826089,9.2e-05,0.000114,c
noarr,ChooseHints,syrk,DOUBLE,2,SMALL,1.0148367952522257,0.00011233333333333333,0.000114,c
noarr,ChooseHints,syrk,DOUBLE,3,SMALL,1.3307392996108949,8.566666666666667e-05,0.000114,c
noarr,ChooseHints,syrk,DOUBLE,4,SMALL,0.7450980392156863,0.000153,0.000114,c
noarr,FromPlan,syrk,DOUBLE,1,SMALL,0.4857954545454546,0.00023466666666666666,0.000114,c
noarr,FromPlan,syrk,DOUBLE,2,SMALL,0.6252285191956125,0.0001823333333333333,0.000114,c
noarr,FromPlan,syrk,DOUBLE,3,SMALL,0.5958188153310106,0.0001913333333333333,0.000114,c
noarr,FromPlan,syrk,DOUBLE,5,SMALL,0.8382352941176471,0.000136,0.000114,c
noarr,Naive,syrk,DOUBLE,1,SMALL,1.1793103448275863,9.666666666666667e-05,0.000114,c
noarr,Naive,syrk,DOUBLE,2,SMALL,0.6173285198555957,0.00018466666666666666,0.000114,c
noarr,Naive,syrk,DOUBLE,3,SMALL,0.7139874739039666,0.00015966666666666668,0.000114,c
noarr,Naive,syrk,DOUBLE,4,SMALL,1.4430379746835444,7.9e-05,0.000114,c
noarr,Naive,syrk,DOUBLE,5,SMALL,1.3571428571428572,8.4e-05,0.000114,c
noarr,standard,syrk,DOUBLE,1,SMALL,1.2713754646840147,8.966666666666667e-05,0.000114,c
noarr,standard,syrk,DOUBLE,2,SMALL,1.0654205607476637,0.000107,0.000114,c
noarr,standard,syrk,DOUBLE,4,SMALL,1.3846153846153846,8.233333333333333e-05,0.000114,c
noarr,standard,syrk,DOUBLE,5,SMALL,1.3359375000000002,8.533333333333332e-05,0.000114,c
c,AllHints,trisolv,DOUBLE,3,SMALL,1.0,1.2333333333333333e-05,1.2333333333333333e-05,c
c,AllHints,trisolv,DOUBLE,4,SMALL,1.0277777777777777,1.2e-05,1.2333333333333333e-05,c
c,AllHints,trisolv,DOUBLE,5,SMALL,0.9487179487179487,1.3e-05,1.2333333333333333e-05,c
c,ChooseHints,trisolv,DOUBLE,1,SMALL,0.8604651162790697,1.4333333333333334e-05,1.2333333333333333e-05,c
c,ChooseHints,trisolv,DOUBLE,3,SMALL,0.9487179487179487,1.3e-05,1.2333333333333333e-05,c
c,FromPlan,trisolv,DOUBLE,1,SMALL,0.9024390243902438,1.3666666666666667e-05,1.2333333333333333e-05,c
c,FromPlan,trisolv,DOUBLE,2,SMALL,1.9473684210526314,6.333333333333333e-06,1.2333333333333333e-05,c
c,FromPlan,trisolv,DOUBLE,3,SMALL,1.85,6.666666666666666e-06,1.2333333333333333e-05,c
c,FromPlan,trisolv,DOUBLE,4,SMALL,1.6818181818181819,7.333333333333333e-06,1.2333333333333333e-05,c
c,FromPlan,trisolv,DOUBLE,5,SMALL,0.9736842105263157,1.2666666666666667e-05,1.2333333333333333e-05,c
c,Naive,trisolv,DOUBLE,1,SMALL,0.9487179487179487,1.3e-05,1.2333333333333333e-05,c
c,Naive,trisolv,DOUBLE,2,SMALL,0.9024390243902438,1.3666666666666667e-05,1.2333333333333333e-05,c
c,Naive,trisolv,DOUBLE,3,SMALL,1.0277777777777777,1.2e-05,1.2333333333333333e-05,c
c,Naive,trisolv,DOUBLE,4,SMALL,0.9736842105263157,1.2666666666666667e-05,1.2333333333333333e-05,c
c,standard,trisolv,DOUBLE,1,SMALL,1.0,1.2333333333333333e-05,1.2333333333333333e-05,c
exo,AllHints,trisolv,DOUBLE,1,SMALL,0.9024390243902438,1.3666666666666667e-05,1.2333333333333333e-05,c
exo,AllHints,trisolv,DOUBLE,2,SMALL,0.925,1.3333333333333332e-05,1.2333333333333333e-05,c
exo,AllHints,trisolv,DOUBLE,3,SMALL,0.8222222222222222,1.5e-05,1.2333333333333333e-05,c
exo,AllHints,trisolv,DOUBLE,4,SMALL,0.8809523809523809,1.4e-05,1.2333333333333333e-05,c
exo,AllHints,trisolv,DOUBLE,5,SMALL,1.088235294117647,1.1333333333333334e-05,1.2333333333333333e-05,c
exo,ChooseHints,trisolv,DOUBLE,1,SMALL,0.9024390243902438,1.3666666666666667e-05,1.2333333333333333e-05,c
exo,ChooseHints,trisolv,DOUBLE,2,SMALL,0.9024390243902438,1.3666666666666667e-05,1.2333333333333333e-05,c
exo,ChooseHints,trisolv,DOUBLE,3,SMALL,0.9736842105263157,1.2666666666666667e-05,1.2333333333333333e-05,c
exo,ChooseHints,trisolv,DOUBLE,5,SMALL,1.0571428571428572,1.1666666666666666e-05,1.2333333333333333e-05,c
exo,FromPlan,trisolv,DOUBLE,3,SMALL,0.925,1.3333333333333332e-05,1.2333333333333333e-05,c
exo,FromPlan,trisolv,DOUBLE,4,SMALL,0.9487179487179487,1.3e-05,1.2333333333333333e-05,c
exo,FromPlan,trisolv,DOUBLE,5,SMALL,0.8604651162790697,1.4333333333333334e-05,1.2333333333333333e-05,c
exo,Naive,trisolv,DOUBLE,1,SMALL,0.8222222222222223,1.4999999999999999e-05,1.2333333333333333e-05,c
exo,Naive,trisolv,DOUBLE,3,SMALL,0.925,1.3333333333333332e-05,1.2333333333333333e-05,c
exo,Naive,trisolv,DOUBLE,4,SMALL,0.925,1.3333333333333332e-05,1.2333333333333333e-05,c
exo,Naive,trisolv,DOUBLE,5,SMALL,0.9024390243902438,1.3666666666666667e-05,1.2333333333333333e-05,c
exo,standard,trisolv,DOUBLE,1,SMALL,0.925,1.3333333333333332e-05,1.2333333333333333e-05,c
exo,standard,trisolv,DOUBLE,2,SMALL,0.9024390243902438,1.3666666666666667e-05,1.2333333333333333e-05,c
exo,standard,trisolv,DOUBLE,3,SMALL,0.925,1.3333333333333332e-05,1.2333333333333333e-05,c
exo,standard,trisolv,DOUBLE,4,SMALL,0.8604651162790697,1.4333333333333334e-05,1.2333333333333333e-05,c
exo,standard,trisolv,DOUBLE,5,SMALL,0.9024390243902438,1.3666666666666667e-05,1.2333333333333333e-05,c
halide,ChooseHints,trisolv,DOUBLE,4,SMALL,0.05873015873015872,0.00021,1.2333333333333333e-05,c
halide,FromPlan,trisolv,DOUBLE,4,SMALL,0.06135986733001658,0.000201,1.2333333333333333e-05,c
halide,Naive,trisolv,DOUBLE,5,SMALL,0.09762532981530343,0.00012633333333333333,1.2333333333333333e-05,c
halide,standard,trisolv,DOUBLE,2,SMALL,0.06434782608695652,0.00019166666666666667,1.2333333333333333e-05,c
halide,standard,trisolv,DOUBLE,3,SMALL,0.06468531468531467,0.00019066666666666668,1.2333333333333333e-05,c
noarr,AllHints,trisolv,DOUBLE,1,SMALL,1.5416666666666667,8e-06,1.2333333333333333e-05,c
noarr,AllHints,trisolv,DOUBLE,2,SMALL,1.1935483870967742,1.0333333333333333e-05,1.2333333333333333e-05,c
noarr,AllHints,trisolv,DOUBLE,3,SMALL,1.5416666666666667,8e-06,1.2333333333333333e-05,c
noarr,AllHints,trisolv,DOUBLE,4,SMALL,1.5416666666666667,8e-06,1.2333333333333333e-05,c
noarr,AllHints,trisolv,DOUBLE,5,SMALL,0.8043478260869564,1.5333333333333334e-05,1.2333333333333333e-05,c
noarr,ChooseHints,trisolv,DOUBLE,1,SMALL,1.5416666666666667,8e-06,1.2333333333333333e-05,c
noarr,ChooseHints,trisolv,DOUBLE,2,SMALL,1.5416666666666667,8e-06,1.2333333333333333e-05,c
noarr,ChooseHints,trisolv,DOUBLE,3,SMALL,1.5416666666666667,8e-06,1.2333333333333333e-05,c
noarr,ChooseHints,trisolv,DOUBLE,4,SMALL,1.5416666666666667,8e-06,1.2333333333333333e-05,c
noarr,ChooseHints,trisolv,DOUBLE,5,SMALL,1.5416666666666667,8e-06,1.2333333333333333e-05,c
noarr,FromPlan,trisolv,DOUBLE,1,SMALL,1.5416666666666667,8e-06,1.2333333333333333e-05,c
noarr,FromPlan,trisolv,DOUBLE,2,SMALL,1.5416666666666667,8e-06,1.2333333333333333e-05,c
noarr,FromPlan,trisolv,DOUBLE,3,SMALL,1.5416666666666667,8e-06,1.2333333333333333e-05,c
noarr,FromPlan,trisolv,DOUBLE,4,SMALL,1.5416666666666667,8e-06,1.2333333333333333e-05,c
noarr,FromPlan,trisolv,DOUBLE,5,SMALL,1.5416666666666667,8e-06,1.2333333333333333e-05,c
noarr,Naive,trisolv,DOUBLE,1,SMALL,1.5416666666666667,8e-06,1.2333333333333333e-05,c
noarr,Naive,trisolv,DOUBLE,2,SMALL,1.5416666666666667,8e-06,1.2333333333333333e-05,c
noarr,Naive,trisolv,DOUBLE,3,SMALL,1.6086956521739129,7.666666666666667e-06,1.2333333333333333e-05,c
noarr,Naive,trisolv,DOUBLE,4,SMALL,1.5416666666666667,8e-06,1.2333333333333333e-05,c
noarr,Naive,trisolv,DOUBLE,5,SMALL,1.5416666666666667,8e-06,1.2333333333333333e-05,c
noarr,standard,trisolv,DOUBLE,2,SMALL,1.423076923076923,8.666666666666668e-06,1.2333333333333333e-05,c
noarr,standard,trisolv,DOUBLE,4,SMALL,1.5416666666666667,8e-06,1.2333333333333333e-05,c
noarr,standard,trisolv,DOUBLE,5,SMALL,1.4800000000000002,8.333333333333332e-06,1.2333333333333333e-05,c
c,AllHints,trmm,DOUBLE,1,SMALL,1.4617486338797814,0.000122,0.00017833333333333332,c
c,AllHints,trmm,DOUBLE,2,SMALL,3.8489208633093526,4.633333333333333e-05,0.00017833333333333332,c
c,AllHints,trmm,DOUBLE,3,SMALL,3.9338235294117645,4.5333333333333335e-05,0.00017833333333333332,c
c,AllHints,trmm,DOUBLE,4,SMALL,4.053030303030302,4.4000000000000006e-05,0.00017833333333333332,c
c,AllHints,trmm,DOUBLE,5,SMALL,0.4652173913043478,0.00038333333333333334,0.00017833333333333332,c
c,ChooseHints,trmm,DOUBLE,1,SMALL,3.639455782312925,4.9e-05,0.00017833333333333332,c
c,ChooseHints,trmm,DOUBLE,2,SMALL,3.639455782312925,4.9e-05,0.00017833333333333332,c
c,ChooseHints,trmm,DOUBLE,3,SMALL,3.639455782312925,4.9e-05,0.00017833333333333332,c
c,ChooseHints,trmm,DOUBLE,4,SMALL,0.6815286624203821,0.00026166666666666667,0.00017833333333333332,c
c,ChooseHints,trmm,DOUBLE,5,SMALL,3.614864864864865,4.933333333333333e-05,0.00017833333333333332,c
c,FromPlan,trmm,DOUBLE,1,SMALL,3.364779874213837,5.2999999999999994e-05,0.00017833333333333332,c
c,FromPlan,trmm,DOUBLE,2,SMALL,2.6750000000000003,6.666666666666666e-05,0.00017833333333333332,c
c,FromPlan,trmm,DOUBLE,3,SMALL,3.6643835616438354,4.8666666666666666e-05,0.00017833333333333332,c
c,FromPlan,trmm,DOUBLE,4,SMALL,2.266949152542373,7.866666666666666e-05,0.00017833333333333332,c
c,FromPlan,trmm,DOUBLE,5,SMALL,1.16557734204793,0.000153,0.00017833333333333332,c
c,Naive,trmm,DOUBLE,1,SMALL,3.7152777777777772,4.8e-05,0.00017833333333333332,c
c,Naive,trmm,DOUBLE,2,SMALL,3.639455782312925,4.9e-05,0.00017833333333333332,c
c,Naive,trmm,DOUBLE,3,SMALL,2.729591836734694,6.533333333333333e-05,0.00017833333333333332,c
c,Naive,trmm,DOUBLE,4,SMALL,3.821428571428571,4.6666666666666665e-05,0.00017833333333333332,c
c,Naive,trmm,DOUBLE,5,SMALL,3.6643835616438354,4.8666666666666666e-05,0.00017833333333333332,c
c,standard,trmm,DOUBLE,1,SMALL,1.0,0.00017833333333333332,0.00017833333333333332,c
exo,AllHints,trmm,DOUBLE,1,SMALL,0.12330029960820466,0.0014463333333333333,0.00017833333333333332,c
exo,AllHints,trmm,DOUBLE,2,SMALL,0.7420249653259362,0.0002403333333333333,0.00017833333333333332,c
exo,AllHints,trmm,DOUBLE,3,SMALL,0.11465923703386198,0.0015553333333333333,0.00017833333333333332,c
exo,AllHints,trmm,DOUBLE,4,SMALL,0.004411061458041324,0.04042866666666667,0.00017833333333333332,c
exo,ChooseHints,trmm,DOUBLE,2,SMALL,1.351010101010101,0.00013199999999999998,0.00017833333333333332,c
exo,ChooseHints,trmm,DOUBLE,4,SMALL,1.6163141993957701,0.00011033333333333334,0.00017833333333333332,c
exo,FromPlan,trmm,DOUBLE,1,SMALL,1.5242165242165244,0.00011699999999999998,0.00017833333333333332,c
exo,FromPlan,trmm,DOUBLE,4,SMALL,1.5329512893982806,0.00011633333333333335,0.00017833333333333332,c
exo,Naive,trmm,DOUBLE,2,SMALL,3.165680473372781,5.633333333333333e-05,0.00017833333333333332,c
exo,Naive,trmm,DOUBLE,3,SMALL,1.2384259259259258,0.000144,0.00017833333333333332,c
exo,Naive,trmm,DOUBLE,4,SMALL,0.0042003941304399025,0.04245633333333334,0.00017833333333333332,c
exo,Naive,trmm,DOUBLE,5,SMALL,0.11883607285650821,0.0015006666666666666,0.00017833333333333332,c
exo,standard,trmm,DOUBLE,1,SMALL,0.8093797276853252,0.00022033333333333334,0.00017833333333333332,c
exo,standard,trmm,DOUBLE,2,SMALL,0.8411949685534592,0.00021199999999999998,0.00017833333333333332,c
exo,standard,trmm,DOUBLE,3,SMALL,0.8243451463790445,0.00021633333333333335,0.00017833333333333332,c
exo,standard,trmm,DOUBLE,4,SMALL,0.8143074581430745,0.000219,0.00017833333333333332,c
exo,standard,trmm,DOUBLE,5,SMALL,0.8218125960061444,0.000217,0.00017833333333333332,c
halide,AllHints,trmm,DOUBLE,2,SMALL,0.1597968936678614,0.001116,0.00017833333333333332,c
halide,AllHints,trmm,DOUBLE,4,SMALL,0.215032154340836,0.0008293333333333333,0.00017833333333333332,c
halide,standard,trmm,DOUBLE,1,SMALL,0.9037162162162162,0.00019733333333333332,0.00017833333333333332,c
halide,standard,trmm,DOUBLE,4,SMALL,0.9709618874773137,0.0001836666666666667,0.00017833333333333332,c
halide,standard,trmm,DOUBLE,5,SMALL,0.9320557491289199,0.0001913333333333333,0.00017833333333333332,c
noarr,AllHints,trmm,DOUBLE,1,SMALL,0.06930051813471502,0.0025733333333333333,0.00017833333333333332,c
noarr,AllHints,trmm,DOUBLE,3,SMALL,3.057142857142857,5.833333333333333e-05,0.00017833333333333332,c
noarr,AllHints,trmm,DOUBLE,4,SMALL,4.246031746031746,4.2e-05,0.00017833333333333332,c
noarr,AllHints,trmm,DOUBLE,5,SMALL,3.364779874213836,5.300000000000001e-05,0.00017833333333333332,c
noarr,ChooseHints,trmm,DOUBLE,1,SMALL,3.039772727272727,5.8666666666666665e-05,0.00017833333333333332,c
noarr,ChooseHints,trmm,DOUBLE,2,SMALL,1.419098143236074,0.00012566666666666667,0.00017833333333333332,c
noarr,ChooseHints,trmm,DOUBLE,3,SMALL,1.3613231552162848,0.000131,0.00017833333333333332,c
noarr,ChooseHints,trmm,DOUBLE,4,SMALL,3.4516129032258065,5.1666666666666664e-05,0.00017833333333333332,c
noarr,ChooseHints,trmm,DOUBLE,5,SMALL,3.614864864864865,4.933333333333333e-05,0.00017833333333333332,c
noarr,FromPlan,trmm,DOUBLE,2,SMALL,2.257383966244726,7.9e-05,0.00017833333333333332,c
noarr,FromPlan,trmm,DOUBLE,3,SMALL,3.092485549132948,5.766666666666667e-05,0.00017833333333333332,c
noarr,FromPlan,trmm,DOUBLE,4,SMALL,3.203592814371257,5.566666666666667e-05,0.00017833333333333332,c
noarr,FromPlan,trmm,DOUBLE,5,SMALL,3.364779874213836,5.300000000000001e-05,0.00017833333333333332,c
noarr,Naive,trmm,DOUBLE,1,SMALL,3.5666666666666664,5e-05,0.00017833333333333332,c
noarr,Naive,trmm,DOUBLE,2,SMALL,3.364779874213836,5.300000000000001e-05,0.00017833333333333332,c
noarr,Naive,trmm,DOUBLE,3,SMALL,1.4005235602094241,0.00012733333333333333,0.00017833333333333332,c
noarr,Naive,trmm,DOUBLE,4,SMALL,1.3308457711442785,0.000134,0.00017833333333333332,c
noarr,Naive,trmm,DOUBLE,5,SMALL,2.988826815642458,5.966666666666667e-05,0.00017833333333333332,c
noarr,standard,trmm,DOUBLE,1,SMALL,3.364779874213836,5.300000000000001e-05,0.00017833333333333332,c
noarr,standard,trmm,DOUBLE,2,SMALL,1.3613231552162848,0.000131,0.00017833333333333332,c
noarr,standard,trmm,DOUBLE,3,SMALL,1.3578680203045683,0.00013133333333333335,0.00017833333333333332,c
noarr,standard,trmm,DOUBLE,4,SMALL,1.0368217054263567,0.00017199999999999998,0.00017833333333333332,c
noarr,standard,trmm,DOUBLE,5,SMALL,1.2242562929061784,0.00014566666666666667,0.00017833333333333332,c
