framework,version,algorithm,repetition,dataset_size,speedup,optimized_time_s,baseline_time_s,baseline_framework
c,AllHints,2mm,1,LARGE,114.05160124042857,0.022680333333333334,2.5867283333333333,c
c,AllHints,2mm,2,LARGE,126.22497112835276,0.020493,2.5867283333333333,c
c,AllHints,2mm,3,LARGE,120.21975213013168,0.021516666666666667,2.5867283333333333,c
c,AllHints,2mm,4,LARGE,30.6338005929236,0.08444033333333334,2.5867283333333333,c
c,AllHints,2mm,5,LARGE,97.09698205750608,0.026640666666666663,2.5867283333333333,c
c,ChooseHints,2mm,1,LARGE,134.2244227276658,0.01927166666666667,2.5867283333333333,c
c,ChooseHints,2mm,2,LARGE,141.82920588504066,0.018238333333333332,2.5867283333333333,c
c,ChooseHints,2mm,3,LARGE,140.96612170753858,0.01835,2.5867283333333333,c
c,ChooseHints,2mm,4,LARGE,139.29358654484753,0.01857033333333333,2.5867283333333333,c
c,ChooseHints,2mm,5,LARGE,134.52458135422805,0.019228666666666668,2.5867283333333333,c
c,FromPlan,2mm,1,LARGE,7.526465661804001,0.3436843333333333,2.5867283333333333,c
c,FromPlan,2mm,2,LARGE,5.871246482821339,0.4405756666666667,2.5867283333333333,c
c,FromPlan,2mm,3,LARGE,6.661543295136245,0.38830766666666666,2.5867283333333333,c
c,FromPlan,2mm,4,LARGE,6.702671071667638,0.385925,2.5867283333333333,c
c,FromPlan,2mm,5,LARGE,6.629384387488531,0.39019133333333333,2.5867283333333333,c
c,Naive,2mm,1,LARGE,5.8882689660719345,0.439302,2.5867283333333333,c
c,Naive,2mm,2,LARGE,4.602258136639922,0.5620563333333334,2.5867283333333333,c
c,Naive,2mm,3,LARGE,4.509195110429067,0.5736563333333333,2.5867283333333333,c
c,Naive,2mm,4,LARGE,1.0088102393878227,2.564137666666667,2.5867283333333333,c
c,Naive,2mm,5,LARGE,4.575718373606753,0.5653163333333334,2.5867283333333333,c
c,standard,2mm,1,LARGE,1.0,2.5867283333333333,2.5867283333333333,c
exo,AllHints,2mm,2,LARGE,4.494817182303353,0.5754913333333334,2.5867283333333333,c
exo,AllHints,2mm,3,LARGE,118.13522812038545,0.021896333333333334,2.5867283333333333,c
exo,AllHints,2mm,4,LARGE,105.89194094208831,0.024428000000000002,2.5867283333333333,c
exo,AllHints,2mm,5,LARGE,60.111272918812986,0.04303233333333333,2.5867283333333333,c
exo,ChooseHints,2mm,1,LARGE,38.54000913813483,0.067118,2.5867283333333333,c
exo,ChooseHints,2mm,2,LARGE,47.118522116639845,0.054898333333333334,2.5867283333333333,c
exo,ChooseHints,2mm,3,LARGE,129.15559882830703,0.020028,2.5867283333333333,c
exo,ChooseHints,2mm,4,LARGE,37.81121641045631,0.06841166666666666,2.5867283333333333,c
exo,ChooseHints,2mm,5,LARGE,124.30815192144426,0.020808999999999998,2.5867283333333333,c
exo,FromPlan,2mm,1,LARGE,4.343150522396914,0.595588,2.5867283333333333,c
exo,FromPlan,2mm,3,LARGE,4.492527298978668,0.5757846666666667,2.5867283333333333,c
exo,Naive,2mm,1,LARGE,131.5999355582689,0.019656,2.5867283333333333,c
exo,Naive,2mm,2,LARGE,38.4679845933446,0.06724366666666666,2.5867283333333333,c
exo,Naive,2mm,5,LARGE,39.49846794388908,0.06548933333333333,2.5867283333333333,c
exo,standard,2mm,1,LARGE,0.9857875937523898,2.624022,2.5867283333333333,c
exo,standard,2mm,2,LARGE,0.9830983328265938,2.6311999999999998,2.5867283333333333,c
exo,standard,2mm,3,LARGE,0.9856785339448288,2.6243123333333336,2.5867283333333333,c
exo,standard,2mm,4,LARGE,0.9823133383325476,2.633302666666667,2.5867283333333333,c
exo,standard,2mm,5,LARGE,0.9832823183318355,2.6307076666666664,2.5867283333333333,c
halide,FromPlan,2mm,4,LARGE,60.32904198832319,0.042877,2.5867283333333333,c
halide,standard,2mm,1,LARGE,0.9337610964211691,2.770225,2.5867283333333333,c
halide,standard,2mm,2,LARGE,2.3124363797168406,1.118616,2.5867283333333333,c
halide,standard,2mm,3,LARGE,1.0052891717910146,2.5731186666666668,2.5867283333333333,c
noarr,AllHints,2mm,1,LARGE,3.9633101226451806,0.6526686666666667,2.5867283333333333,c
noarr,AllHints,2mm,2,LARGE,102.46768251620827,0.02524433333333333,2.5867283333333333,c
noarr,AllHints,2mm,3,LARGE,3.894975200240118,0.6641193333333333,2.5867283333333333,c
noarr,AllHints,2mm,4,LARGE,3.956060734280386,0.6538646666666666,2.5867283333333333,c
noarr,AllHints,2mm,5,LARGE,3.8832670708304033,0.6661216666666667,2.5867283333333333,c
noarr,ChooseHints,2mm,1,LARGE,3.891084814601249,0.6647833333333333,2.5867283333333333,c
noarr,ChooseHints,2mm,2,LARGE,3.9265911929063972,0.658772,2.5867283333333333,c
noarr,ChooseHints,2mm,3,LARGE,3.9205347764868503,0.6597896666666666,2.5867283333333333,c
noarr,ChooseHints,2mm,4,LARGE,3.8908272925000076,0.6648273333333333,2.5867283333333333,c
noarr,ChooseHints,2mm,5,LARGE,3.9401722464133098,0.6565013333333334,2.5867283333333333,c
noarr,FromPlan,2mm,1,LARGE,1.0847347767882916,2.3846643333333333,2.5867283333333333,c
noarr,FromPlan,2mm,2,LARGE,0.7975583989479058,3.243309,2.5867283333333333,c
noarr,FromPlan,2mm,3,LARGE,0.9136154775958217,2.8313096666666664,2.5867283333333333,c
noarr,FromPlan,2mm,4,LARGE,1.4165967512515407,1.826016,2.5867283333333333,c
noarr,FromPlan,2mm,5,LARGE,1.102276615688062,2.3467143333333333,2.5867283333333333,c
noarr,Naive,2mm,1,LARGE,3.9639215121387092,0.652568,2.5867283333333333,c
noarr,Naive,2mm,2,LARGE,3.894146474626928,0.6642606666666667,2.5867283333333333,c
noarr,Naive,2mm,3,LARGE,1.113161341574165,2.3237676666666665,2.5867283333333333,c
noarr,Naive,2mm,4,LARGE,3.8928278864304575,0.6644856666666666,2.5867283333333333,c
noarr,Naive,2mm,5,LARGE,3.904314869450068,0.6625306666666667,2.5867283333333333,c
noarr,standard,2mm,1,LARGE,0.9932188829446498,2.604389,2.5867283333333333,c
noarr,standard,2mm,2,LARGE,3.92627729987847,0.6588246666666667,2.5867283333333333,c
noarr,standard,2mm,3,LARGE,0.9903719255651143,2.6118756666666667,2.5867283333333333,c
noarr,standard,2mm,4,LARGE,3.925899900033592,0.658888,2.5867283333333333,c
noarr,standard,2mm,5,LARGE,0.9971489415888959,2.5941243333333333,2.5867283333333333,c
c,AllHints,3mm,1,LARGE,110.96660976766239,0.03515,3.900476333333333,c
c,AllHints,3mm,2,LARGE,114.19704880595704,0.03415566666666667,3.900476333333333,c
c,AllHints,3mm,4,LARGE,98.52009732933689,0.03959066666666666,3.900476333333333,c
c,AllHints,3mm,5,LARGE,85.09944510301594,0.04583433333333333,3.900476333333333,c
c,ChooseHints,3mm,1,LARGE,106.10750006800932,0.03675966666666667,3.900476333333333,c
c,ChooseHints,3mm,2,LARGE,102.21374039133472,0.03816,3.900476333333333,c
c,ChooseHints,3mm,3,LARGE,116.82036818880657,0.03338866666666667,3.900476333333333,c
c,ChooseHints,3mm,4,LARGE,113.40791820120178,0.03439333333333333,3.900476333333333,c
c,FromPlan,3mm,1,LARGE,4.802351551585732,0.8122013333333333,3.900476333333333,c
c,FromPlan,3mm,2,LARGE,86.47739298805723,0.045104,3.900476333333333,c
c,FromPlan,3mm,3,LARGE,6.219337758622431,0.627153,3.900476333333333,c
c,FromPlan,3mm,4,LARGE,6.540034093449586,0.5964,3.900476333333333,c
c,FromPlan,3mm,5,LARGE,6.689237131365146,0.5830973333333334,3.900476333333333,c
c,Naive,3mm,1,LARGE,4.243364206988511,0.9191943333333333,3.900476333333333,c
c,Naive,3mm,2,LARGE,6.279918682301217,0.6211030000000001,3.900476333333333,c
c,Naive,3mm,3,LARGE,4.226892468344622,0.9227763333333333,3.900476333333333,c
c,Naive,3mm,4,LARGE,4.232160637538731,0.9216276666666667,3.900476333333333,c
c,Naive,3mm,5,LARGE,4.156562125910691,0.9383900000000001,3.900476333333333,c
c,standard,3mm,1,LARGE,1.0,3.900476333333333,3.900476333333333,c
exo,AllHints,3mm,3,LARGE,80.40008932252302,0.04851333333333333,3.900476333333333,c
exo,AllHints,3mm,4,LARGE,34.086233465097926,0.11442966666666665,3.900476333333333,c
exo,ChooseHints,3mm,1,LARGE,105.79188666280919,0.03686933333333334,3.900476333333333,c
exo,ChooseHints,3mm,2,LARGE,113.63368778829812,0.034325,3.900476333333333,c
exo,ChooseHints,3mm,3,LARGE,107.72019184740581,0.036209333333333336,3.900476333333333,c
exo,ChooseHints,3mm,4,LARGE,113.21918298629926,0.034450666666666664,3.900476333333333,c
exo,FromPlan,3mm,3,LARGE,4.217915227373738,0.9247403333333333,3.900476333333333,c
exo,FromPlan,3mm,4,LARGE,106.3215333872448,0.036685666666666665,3.900476333333333,c
exo,FromPlan,3mm,5,LARGE,4.212761307812638,0.9258716666666666,3.900476333333333,c
exo,Naive,3mm,1,LARGE,40.17823566979583,0.09707933333333334,3.900476333333333,c
exo,Naive,3mm,2,LARGE,1.3659000000817105,2.855609,3.900476333333333,c
exo,Naive,3mm,3,LARGE,120.0515953626757,0.03249,3.900476333333333,c
exo,Naive,3mm,4,LARGE,4.113247785884143,0.9482716666666667,3.900476333333333,c
exo,Naive,3mm,5,LARGE,39.97468237673416,0.09757366666666667,3.900476333333333,c
exo,standard,3mm,1,LARGE,0.9723456294828383,4.011409333333334,3.900476333333333,c
exo,standard,3mm,2,LARGE,0.9675212998194014,4.031411333333334,3.900476333333333,c
exo,standard,3mm,3,LARGE,0.9734266189185736,4.006954666666666,3.900476333333333,c
exo,standard,3mm,4,LARGE,0.9719194435319394,4.013168333333333,3.900476333333333,c
exo,standard,3mm,5,LARGE,0.9719360736866823,4.013099666666666,3.900476333333333,c
halide,standard,3mm,3,LARGE,2.1153424040913316,1.8438983333333334,3.900476333333333,c
halide,standard,3mm,4,LARGE,2.225763162830262,1.752422,3.900476333333333,c
noarr,AllHints,3mm,1,LARGE,1.029312289605013,3.789400333333333,3.900476333333333,c
noarr,AllHints,3mm,2,LARGE,3.526887272144188,1.105926,3.900476333333333,c
noarr,AllHints,3mm,3,LARGE,101.55286613148189,0.03840833333333333,3.900476333333333,c
noarr,AllHints,3mm,4,LARGE,3.598011864609511,1.0840643333333333,3.900476333333333,c
noarr,AllHints,3mm,5,LARGE,0.9999479577830802,3.900679333333333,3.900476333333333,c
noarr,ChooseHints,3mm,1,LARGE,3.5470860608963335,1.0996283333333332,3.900476333333333,c
noarr,ChooseHints,3mm,2,LARGE,3.6465057185496903,1.0696476666666668,3.900476333333333,c
noarr,ChooseHints,3mm,3,LARGE,1.2619881240928545,3.0907393333333335,3.900476333333333,c
noarr,ChooseHints,3mm,4,LARGE,1.0198307584008321,3.824631,3.900476333333333,c
noarr,ChooseHints,3mm,5,LARGE,3.6792816026628454,1.060119,3.900476333333333,c
noarr,FromPlan,3mm,1,LARGE,1.0298940861285895,3.787259666666667,3.900476333333333,c
noarr,FromPlan,3mm,2,LARGE,1.029302239417778,3.7894373333333333,3.900476333333333,c
noarr,FromPlan,3mm,3,LARGE,3.6780672828091467,1.060469,3.900476333333333,c
noarr,FromPlan,3mm,4,LARGE,1.0290753023155146,3.7902730000000004,3.900476333333333,c
noarr,FromPlan,3mm,5,LARGE,0.9716266523005266,4.014377666666667,3.900476333333333,c
noarr,Naive,3mm,1,LARGE,3.664812977992197,1.0643043333333333,3.900476333333333,c
noarr,Naive,3mm,2,LARGE,3.642846913889257,1.070722,3.900476333333333,c
noarr,Naive,3mm,3,LARGE,3.605360732371939,1.0818546666666666,3.900476333333333,c
noarr,Naive,3mm,4,LARGE,3.614404639711031,1.0791476666666666,3.900476333333333,c
noarr,Naive,3mm,5,LARGE,3.5577716110510953,1.0963256666666668,3.900476333333333,c
noarr,standard,3mm,1,LARGE,0.9421237884821639,4.140089,3.900476333333333,c
noarr,standard,3mm,2,LARGE,0.958224232627776,4.070525666666667,3.900476333333333,c
noarr,standard,3mm,3,LARGE,3.611182125782172,1.0801106666666669,3.900476333333333,c
noarr,standard,3mm,4,LARGE,3.6089212123754226,1.0807873333333333,3.900476333333333,c
noarr,standard,3mm,5,LARGE,0.928621459170247,4.200286666666667,3.900476333333333,c
c,AllHints,adi,1,LARGE,15.138821579096614,0.6876716666666667,10.410538666666667,c
c,AllHints,adi,2,LARGE,16.618316236100906,0.6264496666666667,10.410538666666667,c
c,AllHints,adi,3,LARGE,16.61329516143532,0.626639,10.410538666666667,c
c,AllHints,adi,4,LARGE,14.66147775166629,0.7100606666666667,10.410538666666667,c
c,AllHints,adi,5,LARGE,14.090917130023158,0.7388119999999999,10.410538666666667,c
c,ChooseHints,adi,2,LARGE,16.992469945069775,0.612656,10.410538666666667,c
c,ChooseHints,adi,3,LARGE,0.9981291240606152,10.430052,10.410538666666667,c
c,ChooseHints,adi,4,LARGE,16.73135431778393,0.6222173333333333,10.410538666666667,c
c,ChooseHints,adi,5,LARGE,17.74255481841949,0.5867553333333334,10.410538666666667,c
c,FromPlan,adi,1,LARGE,1.2481948371689593,8.340475666666666,10.410538666666667,c
c,FromPlan,adi,2,LARGE,1.4334266519387369,7.262693666666666,10.410538666666667,c
c,FromPlan,adi,3,LARGE,1.563054760639283,6.66038,10.410538666666667,c
c,FromPlan,adi,4,LARGE,11.548808478302268,0.9014383333333335,10.410538666666667,c
c,FromPlan,adi,5,LARGE,1.1434126638097353,9.104795666666666,10.410538666666667,c
c,Naive,adi,1,LARGE,1.0137080117608712,10.269760666666668,10.410538666666667,c
c,Naive,adi,2,LARGE,0.8851513859313729,11.761308666666666,10.410538666666667,c
c,Naive,adi,3,LARGE,1.252941270865227,8.30888,10.410538666666667,c
c,Naive,adi,4,LARGE,19.19448545092723,0.5423713333333333,10.410538666666667,c
c,Naive,adi,5,LARGE,18.620283910355397,0.5590966666666667,10.410538666666667,c
c,standard,adi,1,LARGE,1.0,10.410538666666667,10.410538666666667,c
exo,AllHints,adi,1,LARGE,16.285882492200336,0.639237,10.410538666666667,c
exo,AllHints,adi,2,LARGE,14.391282550355363,0.723392,10.410538666666667,c
exo,AllHints,adi,3,LARGE,13.96060390009499,0.7457083333333333,10.410538666666667,c
exo,AllHints,adi,5,LARGE,14.949544189341525,0.6963783333333332,10.410538666666667,c
exo,ChooseHints,adi,1,LARGE,17.310017286951762,0.601417,10.410538666666667,c
exo,ChooseHints,adi,2,LARGE,17.100882870215234,0.608772,10.410538666666667,c
exo,ChooseHints,adi,4,LARGE,17.811523567823436,0.5844833333333334,10.410538666666667,c
exo,ChooseHints,adi,5,LARGE,17.367541671879998,0.599425,10.410538666666667,c
exo,FromPlan,adi,2,LARGE,1.0218366279997477,10.188065666666667,10.410538666666667,c
exo,FromPlan,adi,4,LARGE,13.762204235878057,0.7564586666666667,10.410538666666667,c
exo,Naive,adi,1,LARGE,17.59698179203844,0.5916093333333333,10.410538666666667,c
exo,Naive,adi,2,LARGE,17.244099322639563,0.603716,10.410538666666667,c
exo,Naive,adi,4,LARGE,17.318521763481048,0.6011216666666667,10.410538666666667,c
exo,standard,adi,2,LARGE,0.7293396793266602,14.273923333333334,10.410538666666667,c
exo,standard,adi,3,LARGE,0.7447839325008371,13.977931333333332,10.410538666666667,c
exo,standard,adi,4,LARGE,0.7331376788785091,14.199977666666667,10.410538666666667,c
halide,AllHints,adi,1,LARGE,0.09165639941156994,113.58223466666668,10.410538666666667,c
halide,AllHints,adi,3,LARGE,0.13405365625369883,77.65949066666667,10.410538666666667,c
halide,ChooseHints,adi,1,LARGE,0.09372278357520915,111.07799266666666,10.410538666666667,c
halide,ChooseHints,adi,2,LARGE,0.7597323846746141,13.702902333333332,10.410538666666667,c
halide,ChooseHints,adi,3,LARGE,0.4357172076846661,23.892879333333337,10.410538666666667,c
halide,ChooseHints,adi,4,LARGE,0.9193411840949195,11.323912,10.410538666666667,c
halide,FromPlan,adi,3,LARGE,1.0765823770067415,9.669988,10.410538666666667,c
halide,Naive,adi,2,LARGE,0.8413768760918576,12.373217000000002,10.410538666666667,c
halide,Naive,adi,4,LARGE,8.543186128968904,1.218578,10.410538666666667,c
halide,Naive,adi,5,LARGE,0.06315896935339359,164.83072433333334,10.410538666666667,c
halide,standard,adi,1,LARGE,0.8329635731845589,12.498191999999998,10.410538666666667,c
halide,standard,adi,2,LARGE,0.8267114297728039,12.592711666666666,10.410538666666667,c
halide,standard,adi,3,LARGE,0.8326042802229846,12.503585333333334,10.410538666666667,c
halide,standard,adi,5,LARGE,0.8243641671371388,12.628567666666667,10.410538666666667,c
noarr,AllHints,adi,1,LARGE,13.121452654089268,0.7933983333333333,10.410538666666667,c
noarr,AllHints,adi,2,LARGE,13.452144844924996,0.7738943333333334,10.410538666666667,c
noarr,AllHints,adi,3,LARGE,13.118327661479814,0.7935873333333333,10.410538666666667,c
noarr,AllHints,adi,4,LARGE,12.985454797945886,0.8017076666666666,10.410538666666667,c
noarr,AllHints,adi,5,LARGE,1.1030722663907069,9.437766666666667,10.410538666666667,c
noarr,ChooseHints,adi,1,LARGE,13.0547472638908,0.7974523333333333,10.410538666666667,c
noarr,ChooseHints,adi,2,LARGE,1.234918541901983,8.430142,10.410538666666667,c
noarr,ChooseHints,adi,3,LARGE,12.859687603581422,0.8095483333333333,10.410538666666667,c
noarr,ChooseHints,adi,4,LARGE,13.104764718075417,0.7944086666666667,10.410538666666667,c
noarr,ChooseHints,adi,5,LARGE,12.951502595142797,0.8038093333333333,10.410538666666667,c
noarr,FromPlan,adi,1,LARGE,0.8181350540366877,12.724719,10.410538666666667,c
noarr,FromPlan,adi,2,LARGE,12.647072210519328,0.823158,10.410538666666667,c
noarr,FromPlan,adi,3,LARGE,11.241624469262966,0.9260706666666666,10.410538666666667,c
noarr,FromPlan,adi,4,LARGE,1.164762908051034,8.937903666666667,10.410538666666667,c
noarr,FromPlan,adi,5,LARGE,1.0033287072731947,10.376,10.410538666666667,c
noarr,Naive,adi,1,LARGE,0.9225936970525676,11.283990666666668,10.410538666666667,c
noarr,Naive,adi,2,LARGE,0.9413806980162068,11.058797666666669,10.410538666666667,c
noarr,Naive,adi,5,LARGE,0.9254723909837045,11.248891666666665,10.410538666666667,c
noarr,standard,adi,1,LARGE,0.9285466095724784,11.211649,10.410538666666667,c
noarr,standard,adi,3,LARGE,0.8565816666944135,12.153585666666666,10.410538666666667,c
noarr,standard,adi,4,LARGE,0.9411436277205645,11.061583333333333,10.410538666666667,c
noarr,standard,adi,5,LARGE,0.9348002062979048,11.136645666666666,10.410538666666667,c
c,AllHints,atax,1,LARGE,6.605951770138533,0.0012993333333333333,0.008583333333333333,c
c,AllHints,atax,2,LARGE,4.149879129734086,0.002068333333333333,0.008583333333333333,c
c,AllHints,atax,3,LARGE,7.600354191263282,0.0011293333333333333,0.008583333333333333,c
c,AllHints,atax,4,LARGE,6.705729166666667,0.0012799999999999999,0.008583333333333333,c
c,AllHints,atax,5,LARGE,6.533874651103781,0.0013136666666666668,0.008583333333333333,c
c,ChooseHints,atax,1,LARGE,7.53144194208833,0.0011396666666666666,0.008583333333333333,c
c,ChooseHints,atax,2,LARGE,5.802163136547994,0.0014793333333333334,0.008583333333333333,c
c,ChooseHints,atax,3,LARGE,3.2492113564668768,0.0026416666666666667,0.008583333333333333,c
c,ChooseHints,atax,4,LARGE,5.637040280210157,0.0015226666666666667,0.008583333333333333,c
c,ChooseHints,atax,5,LARGE,6.272838002436053,0.0013683333333333334,0.008583333333333333,c
c,FromPlan,atax,1,LARGE,0.8655462184873949,0.009916666666666667,0.008583333333333333,c
c,FromPlan,atax,3,LARGE,1.2437810945273633,0.006901,0.008583333333333333,c
c,FromPlan,atax,4,LARGE,1.0533851503374922,0.008148333333333334,0.008583333333333333,c
c,FromPlan,atax,5,LARGE,1.0522659474479998,0.008157,0.008583333333333333,c
c,Naive,atax,1,LARGE,1.0014389608369307,0.008571,0.008583333333333333,c
c,Naive,atax,2,LARGE,1.02642803045402,0.008362333333333333,0.008583333333333333,c
c,Naive,atax,3,LARGE,1.027205999680868,0.008356,0.008583333333333333,c
c,Naive,atax,4,LARGE,0.9984490112446684,0.008596666666666667,0.008583333333333333,c
c,standard,atax,1,LARGE,1.0,0.008583333333333333,0.008583333333333333,c
exo,AllHints,atax,1,LARGE,0.9892051784410896,0.008676999999999999,0.008583333333333333,c
exo,AllHints,atax,2,LARGE,1.3788487282463184,0.0062250000000000005,0.008583333333333333,c
exo,AllHints,atax,4,LARGE,1.6552034453943563,0.0051856666666666665,0.008583333333333333,c
exo,ChooseHints,atax,1,LARGE,3.5898508294995115,0.0023910000000000003,0.008583333333333333,c
exo,ChooseHints,atax,2,LARGE,1.73353978726269,0.004951333333333334,0.008583333333333333,c
exo,ChooseHints,atax,3,LARGE,0.44264521341515817,0.019391000000000002,0.008583333333333333,c
exo,ChooseHints,atax,4,LARGE,4.03162674181932,0.0021290000000000002,0.008583333333333333,c
exo,ChooseHints,atax,5,LARGE,1.0077883448788698,0.008516999999999999,0.008583333333333333,c
exo,FromPlan,atax,1,LARGE,1.2019791812537926,0.007141000000000001,0.008583333333333333,c
exo,FromPlan,atax,2,LARGE,0.4098882557065996,0.020940666666666666,0.008583333333333333,c
exo,FromPlan,atax,4,LARGE,0.7404957727037441,0.011591333333333334,0.008583333333333333,c
exo,Naive,atax,4,LARGE,1.1733880154932788,0.0073149999999999995,0.008583333333333333,c
exo,standard,atax,1,LARGE,0.9882181371608397,0.008685666666666666,0.008583333333333333,c
exo,standard,atax,2,LARGE,0.9889772247186694,0.008679000000000001,0.008583333333333333,c
exo,standard,atax,3,LARGE,0.9853819072401653,0.008710666666666667,0.008583333333333333,c
exo,standard,atax,4,LARGE,0.986854711991722,0.008697666666666666,0.008583333333333333,c
exo,standard,atax,5,LARGE,0.9954768624115667,0.008622333333333334,0.008583333333333333,c
halide,Naive,atax,2,LARGE,0.07684709070344187,0.11169366666666665,0.008583333333333333,c
halide,standard,atax,1,LARGE,0.5665192616548963,0.015151,0.008583333333333333,c
halide,standard,atax,2,LARGE,0.8707266763601935,0.009857666666666666,0.008583333333333333,c
halide,standard,atax,3,LARGE,0.8708739177489178,0.009856,0.008583333333333333,c
halide,standard,atax,4,LARGE,0.5677183235222789,0.015118999999999999,0.008583333333333333,c
halide,standard,atax,5,LARGE,0.5693627559368505,0.015075333333333335,0.008583333333333333,c
noarr,AllHints,atax,1,LARGE,1.0472162349017853,0.008196333333333333,0.008583333333333333,c
noarr,AllHints,atax,2,LARGE,1.035633848133848,0.008288,0.008583333333333333,c
noarr,AllHints,atax,3,LARGE,1.7234455525065258,0.004980333333333333,0.008583333333333333,c
noarr,AllHints,atax,4,LARGE,1.0444128979922938,0.008218333333333333,0.008583333333333333,c
noarr,AllHints,atax,5,LARGE,1.8042320627802693,0.004757333333333333,0.008583333333333333,c
noarr,ChooseHints,atax,1,LARGE,1.042721198623203,0.008231666666666667,0.008583333333333333,c
noarr,ChooseHints,atax,2,LARGE,1.0388510106104005,0.008262333333333333,0.008583333333333333,c
noarr,ChooseHints,atax,3,LARGE,0.9676813228109732,0.008870000000000001,0.008583333333333333,c
noarr,ChooseHints,atax,4,LARGE,1.0376370083816893,0.008272,0.008583333333333333,c
noarr,ChooseHints,atax,5,LARGE,1.0432703994814034,0.008227333333333333,0.008583333333333333,c
noarr,FromPlan,atax,2,LARGE,0.9995341976554615,0.008587333333333334,0.008583333333333333,c
noarr,FromPlan,atax,4,LARGE,1.0231652560893232,0.008389,0.008583333333333333,c
noarr,Naive,atax,1,LARGE,1.0378879484079,0.00827,0.008583333333333333,c
noarr,Naive,atax,2,LARGE,1.0406563207242159,0.008248,0.008583333333333333,c
noarr,Naive,atax,3,LARGE,1.039060608506174,0.008260666666666666,0.008583333333333333,c
noarr,Naive,atax,4,LARGE,1.0419617205519363,0.008237666666666666,0.008583333333333333,c
noarr,Naive,atax,5,LARGE,1.0477701822916667,0.008192,0.008583333333333333,c
noarr,standard,atax,1,LARGE,1.0344273490539508,0.008297666666666667,0.008583333333333333,c
noarr,standard,atax,2,LARGE,1.0366761946938283,0.008279666666666666,0.008583333333333333,c
noarr,standard,atax,3,LARGE,1.032560750661641,0.008312666666666666,0.008583333333333333,c
noarr,standard,atax,4,LARGE,1.0354256303027867,0.008289666666666666,0.008583333333333333,c
noarr,standard,atax,5,LARGE,1.0363841262175,0.008282,0.008583333333333333,c
c,AllHints,bicg,1,LARGE,12.691996532793992,0.0011536666666666666,0.014642333333333334,c
c,AllHints,bicg,3,LARGE,11.47818134308858,0.0012756666666666667,0.014642333333333334,c
c,AllHints,bicg,4,LARGE,11.544546649145861,0.0012683333333333333,0.014642333333333334,c
c,AllHints,bicg,5,LARGE,12.699335067938712,0.001153,0.014642333333333334,c
c,ChooseHints,bicg,1,LARGE,2.330715763782034,0.006282333333333333,0.014642333333333334,c
c,ChooseHints,bicg,2,LARGE,13.061849539101994,0.0011209999999999998,0.014642333333333334,c
c,ChooseHints,bicg,3,LARGE,13.319284414796845,0.0010993333333333335,0.014642333333333334,c
c,ChooseHints,bicg,4,LARGE,2.3559667471171895,0.006215000000000001,0.014642333333333334,c
c,ChooseHints,bicg,5,LARGE,12.896946564885495,0.0011353333333333335,0.014642333333333334,c
c,FromPlan,bicg,1,LARGE,2.2092742543881707,0.006627666666666667,0.014642333333333334,c
c,FromPlan,bicg,2,LARGE,2.387726259716258,0.006132333333333333,0.014642333333333334,c
c,FromPlan,bicg,3,LARGE,2.1882534621898975,0.006691333333333334,0.014642333333333334,c
c,FromPlan,bicg,4,LARGE,2.206278252134606,0.006636666666666667,0.014642333333333334,c
c,FromPlan,bicg,5,LARGE,2.175142361970785,0.006731666666666666,0.014642333333333334,c
c,Naive,bicg,1,LARGE,2.3895446880269815,0.006127666666666667,0.014642333333333334,c
c,Naive,bicg,2,LARGE,2.3791908140605535,0.006154333333333334,0.014642333333333334,c
c,Naive,bicg,3,LARGE,2.393581081081081,0.006117333333333333,0.014642333333333334,c
c,Naive,bicg,4,LARGE,2.363445604218229,0.006195333333333333,0.014642333333333334,c
c,Naive,bicg,5,LARGE,2.398154719659333,0.006105666666666666,0.014642333333333334,c
c,standard,bicg,1,LARGE,1.0,0.014642333333333334,0.014642333333333334,c
exo,AllHints,bicg,2,LARGE,2.191966067864271,0.006680000000000001,0.014642333333333334,c
exo,AllHints,bicg,3,LARGE,1.0014590885256367,0.014621,0.014642333333333334,c
exo,AllHints,bicg,4,LARGE,2.200200350613574,0.006655,0.014642333333333334,c
exo,AllHints,bicg,5,LARGE,1.5901176470588234,0.009208333333333334,0.014642333333333334,c
exo,ChooseHints,bicg,1,LARGE,2.233992778314601,0.006554333333333333,0.014642333333333334,c
exo,ChooseHints,bicg,2,LARGE,2.0814537528430628,0.007034666666666667,0.014642333333333334,c
exo,ChooseHints,bicg,4,LARGE,0.9978193217181929,0.014674333333333333,0.014642333333333334,c
exo,ChooseHints,bicg,5,LARGE,1.010536244220019,0.014489666666666666,0.014642333333333334,c
exo,FromPlan,bicg,2,LARGE,2.177730405036934,0.006723666666666667,0.014642333333333334,c
exo,Naive,bicg,1,LARGE,1.0381933776086596,0.014103666666666667,0.014642333333333334,c
exo,Naive,bicg,2,LARGE,1.000957046826934,0.014628333333333333,0.014642333333333334,c
exo,Naive,bicg,3,LARGE,2.36535458510581,0.006190333333333333,0.014642333333333334,c
exo,Naive,bicg,4,LARGE,1.0390528905289054,0.014092,0.014642333333333334,c
exo,Naive,bicg,5,LARGE,0.9946111174006566,0.014721666666666668,0.014642333333333334,c
exo,standard,bicg,1,LARGE,0.9989311866102698,0.014658,0.014642333333333334,c
exo,standard,bicg,2,LARGE,0.9992720489547079,0.014653,0.014642333333333334,c
exo,standard,bicg,3,LARGE,0.9998406700960532,0.014644666666666667,0.014642333333333334,c
exo,standard,bicg,4,LARGE,0.900549428020829,0.016259333333333334,0.014642333333333334,c
exo,standard,bicg,5,LARGE,0.8989092843841449,0.016288999999999998,0.014642333333333334,c
halide,AllHints,bicg,5,LARGE,1.3579930132624356,0.010782333333333333,0.014642333333333334,c
halide,FromPlan,bicg,1,LARGE,1.1616289832077218,0.012605,0.014642333333333334,c
halide,FromPlan,bicg,4,LARGE,0.6016737891737892,0.024336,0.014642333333333334,c
halide,standard,bicg,1,LARGE,0.9436317157526155,0.015516999999999998,0.014642333333333334,c
halide,standard,bicg,2,LARGE,1.3188518929954665,0.011102333333333334,0.014642333333333334,c
halide,standard,bicg,3,LARGE,0.9510890746113542,0.015395333333333332,0.014642333333333334,c
halide,standard,bicg,4,LARGE,0.9396149732620321,0.015583333333333333,0.014642333333333334,c
halide,standard,bicg,5,LARGE,0.9581842771136899,0.015281333333333333,0.014642333333333334,c
noarr,AllHints,bicg,1,LARGE,2.2883413211085646,0.006398666666666666,0.014642333333333334,c
noarr,AllHints,bicg,2,LARGE,2.040364159970273,0.007176333333333333,0.014642333333333334,c
noarr,AllHints,bicg,3,LARGE,2.10116712905386,0.006968666666666667,0.014642333333333334,c
noarr,AllHints,bicg,4,LARGE,2.093755958055291,0.006993333333333333,0.014642333333333334,c
noarr,AllHints,bicg,5,LARGE,2.2390030072888525,0.006539666666666667,0.014642333333333334,c
noarr,ChooseHints,bicg,1,LARGE,2.2450679750587756,0.006522,0.014642333333333334,c
noarr,ChooseHints,bicg,2,LARGE,1.1157763722726002,0.013123000000000001,0.014642333333333334,c
noarr,ChooseHints,bicg,3,LARGE,2.124848836646834,0.006891,0.014642333333333334,c
noarr,ChooseHints,bicg,4,LARGE,2.1409006725801736,0.0068393333333333335,0.014642333333333334,c
noarr,ChooseHints,bicg,5,LARGE,2.148544876497921,0.006815000000000001,0.014642333333333334,c
noarr,FromPlan,bicg,2,LARGE,2.4031402155478965,0.006093,0.014642333333333334,c
noarr,FromPlan,bicg,5,LARGE,2.4117162622158776,0.006071333333333334,0.014642333333333334,c
noarr,Naive,bicg,1,LARGE,2.3230736686234073,0.006303,0.014642333333333334,c
noarr,Naive,bicg,2,LARGE,2.2660304359040495,0.006461666666666667,0.014642333333333334,c
noarr,Naive,bicg,3,LARGE,2.263578274760383,0.006468666666666667,0.014642333333333334,c
noarr,Naive,bicg,4,LARGE,2.24897603932009,0.006510666666666667,0.014642333333333334,c
noarr,Naive,bicg,5,LARGE,2.140692007797271,0.00684,0.014642333333333334,c
noarr,standard,bicg,1,LARGE,1.1147570105316584,0.013135,0.014642333333333334,c
noarr,standard,bicg,2,LARGE,1.1151248984565396,0.013130666666666665,0.014642333333333334,c
noarr,standard,bicg,3,LARGE,1.1150116763123161,0.013132,0.014642333333333334,c
noarr,standard,bicg,4,LARGE,1.1145024610544478,0.013137999999999999,0.014642333333333334,c
noarr,standard,bicg,5,LARGE,1.1154930292795653,0.013126333333333332,0.014642333333333334,c
c,AllHints,cholesky,1,LARGE,1.0076025695139819,1.8897996666666668,1.904167,c
c,AllHints,cholesky,2,LARGE,1.0060753733045322,1.8926683333333332,1.904167,c
c,AllHints,cholesky,3,LARGE,1.0032957270937748,1.8979119999999998,1.904167,c
c,AllHints,cholesky,4,LARGE,1.004814489730226,1.8950433333333334,1.904167,c
c,AllHints,cholesky,5,LARGE,1.0058273710010115,1.893135,1.904167,c
c,ChooseHints,cholesky,1,LARGE,1.0026913371696253,1.8990559999999999,1.904167,c
c,ChooseHints,cholesky,3,LARGE,1.0070256442891652,1.890882333333333,1.904167,c
c,ChooseHints,cholesky,5,LARGE,1.0066455334286437,1.8915963333333334,1.904167,c
c,FromPlan,cholesky,1,LARGE,2.8317207192693292,0.6724416666666667,1.904167,c
c,FromPlan,cholesky,2,LARGE,1.0076507357039743,1.8897093333333332,1.904167,c
c,FromPlan,cholesky,3,LARGE,1.0058314443367253,1.8931273333333334,1.904167,c
c,FromPlan,cholesky,4,LARGE,2.6319807373599295,0.7234729999999999,1.904167,c
c,FromPlan,cholesky,5,LARGE,3.7472906355469404,0.508145,1.904167,c
c,Naive,cholesky,1,LARGE,1.009767119902511,1.8857486666666665,1.904167,c
c,Naive,cholesky,2,LARGE,1.0068174527919462,1.8912733333333334,1.904167,c
c,Naive,cholesky,3,LARGE,1.0087897580088179,1.8875756666666668,1.904167,c
c,Naive,cholesky,4,LARGE,1.000158274472096,1.9038656666666667,1.904167,c
c,Naive,cholesky,5,LARGE,1.00622547408404,1.8923860000000001,1.904167,c
c,standard,cholesky,1,LARGE,1.0,1.904167,1.904167,c
exo,AllHints,cholesky,1,LARGE,1.0045588057631154,1.8955256666666667,1.904167,c
exo,AllHints,cholesky,2,LARGE,1.0064204770282472,1.8920193333333335,1.904167,c
exo,AllHints,cholesky,3,LARGE,0.9962210747152596,1.91139,1.904167,c
exo,AllHints,cholesky,5,LARGE,0.9996180016252867,1.9048946666666666,1.904167,c
exo,ChooseHints,cholesky,2,LARGE,1.0058950280708494,1.8930076666666666,1.904167,c
exo,ChooseHints,cholesky,3,LARGE,1.0031618250324523,1.8981653333333333,1.904167,c
exo,ChooseHints,cholesky,4,LARGE,0.9991793175427172,1.905731,1.904167,c
exo,ChooseHints,cholesky,5,LARGE,1.0056432198533742,1.8934816666666665,1.904167,c
exo,FromPlan,cholesky,1,LARGE,1.004375295378591,1.895872,1.904167,c
exo,FromPlan,cholesky,2,LARGE,1.0044183851522284,1.8957906666666666,1.904167,c
exo,FromPlan,cholesky,4,LARGE,1.005087457108945,1.8945286666666667,1.904167,c
exo,FromPlan,cholesky,5,LARGE,1.002012971351643,1.9003416666666666,1.904167,c
exo,Naive,cholesky,1,LARGE,0.4487379174636591,4.243383333333333,1.904167,c
exo,Naive,cholesky,3,LARGE,1.0081433259246946,1.8887859999999999,1.904167,c
exo,Naive,cholesky,4,LARGE,1.004048886846127,1.8964883333333333,1.904167,c
exo,Naive,cholesky,5,LARGE,0.44053917512726665,4.322355666666667,1.904167,c
exo,standard,cholesky,1,LARGE,0.988496241811489,1.926327,1.904167,c
exo,standard,cholesky,2,LARGE,0.990636256292165,1.9221656666666664,1.904167,c
exo,standard,cholesky,3,LARGE,0.990657043522656,1.9221253333333335,1.904167,c
exo,standard,cholesky,4,LARGE,0.9909734263041164,1.9215116666666667,1.904167,c
exo,standard,cholesky,5,LARGE,0.9905926231252224,1.9222503333333334,1.904167,c
halide,AllHints,cholesky,4,LARGE,0.14372484721265175,13.248697333333332,1.904167,c
halide,ChooseHints,cholesky,2,LARGE,1.00172392931732,1.9008899999999997,1.904167,c
halide,Naive,cholesky,1,LARGE,1.004786918371389,1.8950953333333331,1.904167,c
halide,standard,cholesky,1,LARGE,0.9998055520745897,1.904537333333333,1.904167,c
c,AllHints,correlation,1,LARGE,24.33293166593924,0.07026266666666667,1.7096966666666666,c
c,AllHints,correlation,2,LARGE,61.34614694590295,0.027869666666666668,1.7096966666666666,c
c,AllHints,correlation,3,LARGE,24.821019826463992,0.06888100000000001,1.7096966666666666,c
c,AllHints,correlation,4,LARGE,25.918763359627274,0.06596366666666666,1.7096966666666666,c
c,ChooseHints,correlation,1,LARGE,3.8830708199426893,0.44029500000000005,1.7096966666666666,c
c,ChooseHints,correlation,2,LARGE,3.13472096339182,0.5454063333333333,1.7096966666666666,c
c,ChooseHints,correlation,3,LARGE,25.017876566333523,0.068339,1.7096966666666666,c
c,ChooseHints,correlation,5,LARGE,24.173638047479226,0.07072566666666667,1.7096966666666666,c
c,FromPlan,correlation,1,LARGE,3.9021994659200705,0.4381366666666667,1.7096966666666666,c
c,FromPlan,correlation,2,LARGE,3.8771005632242033,0.440973,1.7096966666666666,c
c,FromPlan,correlation,3,LARGE,4.956360825240372,0.34495000000000003,1.7096966666666666,c
c,FromPlan,correlation,4,LARGE,1.195956437077683,1.4295643333333334,1.7096966666666666,c
c,FromPlan,correlation,5,LARGE,3.8727913433419587,0.44146366666666664,1.7096966666666666,c
c,Naive,correlation,1,LARGE,3.9994307792476143,0.42748500000000006,1.7096966666666666,c
c,Naive,correlation,2,LARGE,3.8193250435055854,0.4476436666666667,1.7096966666666666,c
c,Naive,correlation,3,LARGE,3.8535728131414366,0.44366533333333336,1.7096966666666666,c
c,Naive,correlation,4,LARGE,3.849411040688664,0.444145,1.7096966666666666,c
c,Naive,correlation,5,LARGE,3.904430297360274,0.4378863333333333,1.7096966666666666,c
c,standard,correlation,1,LARGE,1.0,1.7096966666666666,1.7096966666666666,c
exo,AllHints,correlation,1,LARGE,20.413801063457193,0.083752,1.7096966666666666,c
exo,AllHints,correlation,2,LARGE,20.58362729399678,0.083061,1.7096966666666666,c
exo,AllHints,correlation,3,LARGE,23.441160474756295,0.07293566666666666,1.7096966666666666,c
exo,AllHints,correlation,4,LARGE,21.674745075832806,0.07887966666666667,1.7096966666666666,c
exo,AllHints,correlation,5,LARGE,3.80051957059106,0.44985866666666663,1.7096966666666666,c
exo,ChooseHints,correlation,1,LARGE,22.52515315869217,0.07590166666666666,1.7096966666666666,c
exo,ChooseHints,correlation,2,LARGE,23.05136467616749,0.074169,1.7096966666666666,c
exo,ChooseHints,correlation,3,LARGE,21.82507903952615,0.07833633333333333,1.7096966666666666,c
exo,ChooseHints,correlation,4,LARGE,21.91497361618492,0.078015,1.7096966666666666,c
exo,ChooseHints,correlation,5,LARGE,22.708955025635124,0.07528733333333333,1.7096966666666666,c
exo,FromPlan,correlation,2,LARGE,3.760274776029677,0.4546733333333333,1.7096966666666666,c
exo,FromPlan,correlation,3,LARGE,3.7868741227917977,0.45147966666666667,1.7096966666666666,c
exo,FromPlan,correlation,4,LARGE,3.7519732443428784,0.4556793333333333,1.7096966666666666,c
exo,Naive,correlation,2,LARGE,3.771079146423236,0.45337066666666664,1.7096966666666666,c
exo,Naive,correlation,3,LARGE,23.192076217347857,0.07371899999999999,1.7096966666666666,c
exo,Naive,correlation,5,LARGE,3.763312419887022,0.4543063333333333,1.7096966666666666,c
exo,standard,correlation,1,LARGE,0.9923862921140051,1.7228136666666665,1.7096966666666666,c
exo,standard,correlation,2,LARGE,1.0016026532924107,1.706961,1.7096966666666666,c
exo,standard,correlation,3,LARGE,0.9998773811976835,1.7099063333333333,1.7096966666666666,c
halide,AllHints,correlation,1,LARGE,38.19157253590868,0.04476633333333333,1.7096966666666666,c
halide,AllHints,correlation,2,LARGE,0.7568144939900776,2.2590696666666665,1.7096966666666666,c
halide,AllHints,correlation,4,LARGE,32.98916888563012,0.051826000000000004,1.7096966666666666,c
halide,Naive,correlation,1,LARGE,37.795323748959156,0.04523566666666667,1.7096966666666666,c
halide,Naive,correlation,2,LARGE,17.06976883498958,0.10015933333333334,1.7096966666666666,c
halide,Naive,correlation,4,LARGE,29.35101573676681,0.058249999999999996,1.7096966666666666,c
halide,Naive,correlation,5,LARGE,29.021688083153684,0.058911,1.7096966666666666,c
halide,standard,correlation,4,LARGE,0.5067277324287413,3.3739946666666665,1.7096966666666666,c
noarr,AllHints,correlation,1,LARGE,1.0090319463469613,1.694393,1.7096966666666666,c
noarr,AllHints,correlation,2,LARGE,1.0021367078833503,1.7060513333333331,1.7096966666666666,c
noarr,AllHints,correlation,3,LARGE,1.0121675041717382,1.689144,1.7096966666666666,c
noarr,AllHints,correlation,4,LARGE,1.0134688816767685,1.6869750000000001,1.7096966666666666,c
noarr,AllHints,correlation,5,LARGE,1.0069442399441824,1.697906,1.7096966666666666,c
noarr,ChooseHints,correlation,1,LARGE,1.0037202947351695,1.7033596666666666,1.7096966666666666,c
noarr,ChooseHints,correlation,2,LARGE,1.0178074482592208,1.679784,1.7096966666666666,c
noarr,ChooseHints,correlation,3,LARGE,0.7273824405954249,2.3504783333333332,1.7096966666666666,c
noarr,ChooseHints,correlation,4,LARGE,2.9857995096133023,0.5726093333333333,1.7096966666666666,c
noarr,ChooseHints,correlation,5,LARGE,1.0020619177045937,1.7061786666666665,1.7096966666666666,c
noarr,FromPlan,correlation,1,LARGE,1.1986148751361534,1.4263936666666666,1.7096966666666666,c
noarr,FromPlan,correlation,2,LARGE,1.1984165944490617,1.4266296666666667,1.7096966666666666,c
noarr,FromPlan,correlation,3,LARGE,1.1982259371999524,1.4268566666666667,1.7096966666666666,c
noarr,FromPlan,correlation,4,LARGE,1.2010716490244069,1.423476,1.7096966666666666,c
noarr,FromPlan,correlation,5,LARGE,1.1983292373418912,1.4267336666666666,1.7096966666666666,c
noarr,Naive,correlation,1,LARGE,1.0240474220073494,1.6695483333333332,1.7096966666666666,c
noarr,Naive,correlation,2,LARGE,1.0235708525503109,1.6703256666666668,1.7096966666666666,c
noarr,Naive,correlation,3,LARGE,2.9589663356420823,0.577802,1.7096966666666666,c
noarr,Naive,correlation,4,LARGE,0.9989052937935552,1.7115703333333334,1.7096966666666666,c
noarr,Naive,correlation,5,LARGE,1.0076736271350804,1.696677,1.7096966666666666,c
noarr,standard,correlation,1,LARGE,1.0128668763982462,1.6879776666666666,1.7096966666666666,c
noarr,standard,correlation,2,LARGE,1.007580787741872,1.6968333333333334,1.7096966666666666,c
noarr,standard,correlation,3,LARGE,1.0037980829730533,1.7032276666666668,1.7096966666666666,c
noarr,standard,correlation,4,LARGE,0.9974514774332751,1.714065,1.7096966666666666,c
noarr,standard,correlation,5,LARGE,0.9984695204471445,1.7123173333333332,1.7096966666666666,c
c,AllHints,covariance,1,LARGE,66.82298693983417,0.025446333333333335,1.7004000000000001,c
c,AllHints,covariance,2,LARGE,24.852261267362042,0.06842033333333333,1.7004000000000001,c
c,AllHints,covariance,3,LARGE,23.43364555531566,0.07256233333333334,1.7004000000000001,c
c,AllHints,covariance,5,LARGE,60.1407670270334,0.02827366666666667,1.7004000000000001,c
c,ChooseHints,covariance,1,LARGE,3.8513574728958417,0.44150666666666666,1.7004000000000001,c
c,ChooseHints,covariance,2,LARGE,25.407672308167392,0.06692466666666667,1.7004000000000001,c
c,ChooseHints,covariance,3,LARGE,3.8458261869310366,0.44214166666666666,1.7004000000000001,c
c,ChooseHints,covariance,4,LARGE,3.8870609606859126,0.43745133333333336,1.7004000000000001,c
c,ChooseHints,covariance,5,LARGE,3.881660046568964,0.43805999999999995,1.7004000000000001,c
c,FromPlan,covariance,1,LARGE,3.6423145962480135,0.46684600000000004,1.7004000000000001,c
c,FromPlan,covariance,2,LARGE,3.8737132425528293,0.4389586666666667,1.7004000000000001,c
c,FromPlan,covariance,3,LARGE,3.8337909001201727,0.44352966666666666,1.7004000000000001,c
c,FromPlan,covariance,4,LARGE,3.769873088625125,0.45104966666666674,1.7004000000000001,c
c,FromPlan,covariance,5,LARGE,3.603771625490899,0.47183899999999995,1.7004000000000001,c
c,Naive,covariance,1,LARGE,1.0051023544599498,1.691768,1.7004000000000001,c
c,Naive,covariance,2,LARGE,1.1826752405134662,1.4377573333333336,1.7004000000000001,c
c,Naive,covariance,3,LARGE,3.841756851404171,0.44261,1.7004000000000001,c
c,Naive,covariance,4,LARGE,1.1838331995452365,1.4363510000000002,1.7004000000000001,c
c,Naive,covariance,5,LARGE,3.8093929480080444,0.4463703333333333,1.7004000000000001,c
c,standard,covariance,1,LARGE,1.0,1.7004000000000001,1.7004000000000001,c
exo,AllHints,covariance,1,LARGE,0.5183655369227224,3.280310666666667,1.7004000000000001,c
exo,AllHints,covariance,3,LARGE,32.12322340539418,0.052933666666666664,1.7004000000000001,c
exo,ChooseHints,covariance,1,LARGE,22.827940195916106,0.07448766666666666,1.7004000000000001,c
exo,ChooseHints,covariance,2,LARGE,3.7724742200950145,0.4507386666666667,1.7004000000000001,c
exo,ChooseHints,covariance,3,LARGE,23.28018181652231,0.07304066666666666,1.7004000000000001,c
exo,ChooseHints,covariance,5,LARGE,21.700862300005532,0.07835633333333333,1.7004000000000001,c
exo,FromPlan,covariance,1,LARGE,3.752954756633995,0.45308299999999996,1.7004000000000001,c
exo,FromPlan,covariance,3,LARGE,3.709971730847413,0.45833233333333334,1.7004000000000001,c
exo,FromPlan,covariance,4,LARGE,3.733846677475196,0.45540166666666665,1.7004000000000001,c
exo,FromPlan,covariance,5,LARGE,3.6857369523091132,0.461346,1.7004000000000001,c
exo,Naive,covariance,1,LARGE,3.761381031172302,0.45206799999999997,1.7004000000000001,c
exo,Naive,covariance,2,LARGE,0.5173470800345426,3.2867683333333333,1.7004000000000001,c
exo,Naive,covariance,3,LARGE,23.643265340174366,0.071919,1.7004000000000001,c
exo,Naive,covariance,5,LARGE,78.09433413450499,0.021773666666666667,1.7004000000000001,c
exo,standard,covariance,1,LARGE,0.9909423918092043,1.7159423333333332,1.7004000000000001,c
exo,standard,covariance,2,LARGE,0.9877637120180436,1.7214643333333335,1.7004000000000001,c
exo,standard,covariance,3,LARGE,0.9857899914836187,1.7249109999999999,1.7004000000000001,c
exo,standard,covariance,4,LARGE,0.9899360768164936,1.7176866666666666,1.7004000000000001,c
exo,standard,covariance,5,LARGE,0.9956375958783275,1.7078503333333332,1.7004000000000001,c
halide,AllHints,covariance,2,LARGE,0.20404677571934568,8.333383333333334,1.7004000000000001,c
halide,ChooseHints,covariance,5,LARGE,15.958455209522768,0.10655166666666667,1.7004000000000001,c
halide,Naive,covariance,4,LARGE,35.656021304703394,0.047689,1.7004000000000001,c
halide,Naive,covariance,5,LARGE,41.95307295650243,0.040531000000000005,1.7004000000000001,c
halide,standard,covariance,2,LARGE,0.4971918678934736,3.420007666666667,1.7004000000000001,c
noarr,AllHints,covariance,1,LARGE,3.863763920479722,0.44008899999999995,1.7004000000000001,c
noarr,AllHints,covariance,2,LARGE,1.0002031307228554,1.7000546666666665,1.7004000000000001,c
noarr,AllHints,covariance,3,LARGE,3.879050753423408,0.43835466666666667,1.7004000000000001,c
noarr,AllHints,covariance,4,LARGE,3.85459650734808,0.44113566666666665,1.7004000000000001,c
noarr,AllHints,covariance,5,LARGE,0.7282251930627601,2.3349919999999997,1.7004000000000001,c
noarr,ChooseHints,covariance,1,LARGE,3.8591747696576815,0.44061233333333333,1.7004000000000001,c
noarr,ChooseHints,covariance,2,LARGE,3.7753890696373227,0.45039066666666666,1.7004000000000001,c
noarr,ChooseHints,covariance,3,LARGE,1.0062395849113772,1.689856,1.7004000000000001,c
noarr,ChooseHints,covariance,4,LARGE,3.8349754694484495,0.4433926666666667,1.7004000000000001,c
noarr,ChooseHints,covariance,5,LARGE,3.7960554123481196,0.44793866666666665,1.7004000000000001,c
noarr,FromPlan,covariance,1,LARGE,1.1900732049460874,1.4288196666666666,1.7004000000000001,c
noarr,FromPlan,covariance,2,LARGE,3.912524265366276,0.4346043333333333,1.7004000000000001,c
noarr,FromPlan,covariance,4,LARGE,0.7804507281957792,2.178741,1.7004000000000001,c
noarr,FromPlan,covariance,5,LARGE,3.862927122198049,0.44018433333333334,1.7004000000000001,c
noarr,Naive,covariance,1,LARGE,1.009391664030004,1.684579,1.7004000000000001,c
noarr,Naive,covariance,2,LARGE,1.0141187790496564,1.6767266666666665,1.7004000000000001,c
noarr,Naive,covariance,3,LARGE,3.8951667770037637,0.436541,1.7004000000000001,c
noarr,Naive,covariance,4,LARGE,3.8841013161721825,0.43778466666666666,1.7004000000000001,c
noarr,Naive,covariance,5,LARGE,3.8928393185012897,0.43680199999999997,1.7004000000000001,c
noarr,standard,covariance,1,LARGE,1.005765822889631,1.690652,1.7004000000000001,c
noarr,standard,covariance,2,LARGE,0.9921405940940679,1.71387,1.7004000000000001,c
noarr,standard,covariance,3,LARGE,0.994349524812736,1.7100626666666667,1.7004000000000001,c
noarr,standard,covariance,4,LARGE,0.9992660060917382,1.701649,1.7004000000000001,c
noarr,standard,covariance,5,LARGE,0.9987903773717159,1.7024593333333335,1.7004000000000001,c
c,AllHints,deriche,1,LARGE,4.436755373187498,0.050528666666666666,0.22418333333333332,c
c,AllHints,deriche,2,LARGE,5.0876370155757105,0.04406433333333334,0.22418333333333332,c
c,AllHints,deriche,3,LARGE,3.789953565954377,0.059152,0.22418333333333332,c
c,AllHints,deriche,4,LARGE,16.929718572219706,0.013241999999999999,0.22418333333333332,c
c,AllHints,deriche,5,LARGE,3.8308840282524494,0.058519999999999996,0.22418333333333332,c
c,ChooseHints,deriche,1,LARGE,2.869130451475839,0.07813633333333334,0.22418333333333332,c
c,ChooseHints,deriche,2,LARGE,4.861467511908806,0.046114333333333334,0.22418333333333332,c
c,ChooseHints,deriche,3,LARGE,4.950535133304871,0.04528466666666667,0.22418333333333332,c
c,ChooseHints,deriche,4,LARGE,5.294668724020657,0.042341333333333335,0.22418333333333332,c
c,ChooseHints,deriche,5,LARGE,0.7199261822771097,0.3113976666666667,0.22418333333333332,c
c,FromPlan,deriche,1,LARGE,1.4933807626889068,0.150118,0.22418333333333332,c
c,FromPlan,deriche,2,LARGE,1.4908383984820068,0.150374,0.22418333333333332,c
c,FromPlan,deriche,3,LARGE,1.4937456134895746,0.15008133333333332,0.22418333333333332,c
c,FromPlan,deriche,4,LARGE,1.4051593196400551,0.159543,0.22418333333333332,c
c,FromPlan,deriche,5,LARGE,1.3857181710292081,0.16178133333333333,0.22418333333333332,c
c,Naive,deriche,1,LARGE,1.6541192500571826,0.13553033333333334,0.22418333333333332,c
c,Naive,deriche,2,LARGE,1.4601067698326373,0.153539,0.22418333333333332,c
c,Naive,deriche,3,LARGE,0.7316019858933692,0.306428,0.22418333333333332,c
c,Naive,deriche,4,LARGE,0.7367843315973174,0.30427266666666664,0.22418333333333332,c
c,Naive,deriche,5,LARGE,0.7360135000558123,0.3045913333333334,0.22418333333333332,c
c,standard,deriche,1,LARGE,1.0,0.22418333333333332,0.22418333333333332,c
exo,AllHints,deriche,1,LARGE,2.9974239669126823,0.074792,0.22418333333333332,c
exo,AllHints,deriche,2,LARGE,4.0401158180551215,0.055489333333333335,0.22418333333333332,c
exo,ChooseHints,deriche,2,LARGE,4.03081773068348,0.05561733333333333,0.22418333333333332,c
exo,FromPlan,deriche,3,LARGE,1.067256774791444,0.21005566666666667,0.22418333333333332,c
exo,Naive,deriche,5,LARGE,1.2028271938562902,0.18638033333333334,0.22418333333333332,c
exo,standard,deriche,3,LARGE,0.8102192067308849,0.2766946666666667,0.22418333333333332,c
exo,standard,deriche,4,LARGE,0.8126755883152584,0.2758583333333333,0.22418333333333332,c
exo,standard,deriche,5,LARGE,0.8131069134942741,0.275712,0.22418333333333332,c
halide,AllHints,deriche,1,LARGE,0.16449275185086445,1.3628766666666667,0.22418333333333332,c
halide,AllHints,deriche,2,LARGE,0.9561144124420686,0.23447333333333334,0.22418333333333332,c
halide,AllHints,deriche,3,LARGE,0.15907036962840373,1.4093343333333335,0.22418333333333332,c
halide,ChooseHints,deriche,2,LARGE,0.6562961690766477,0.3415886666666667,0.22418333333333332,c
halide,ChooseHints,deriche,3,LARGE,0.16027688066468138,1.3987253333333332,0.22418333333333332,c
halide,ChooseHints,deriche,4,LARGE,0.6538695994143319,0.3428563333333334,0.22418333333333332,c
halide,ChooseHints,deriche,5,LARGE,0.6540635478826448,0.3427546666666667,0.22418333333333332,c
halide,FromPlan,deriche,1,LARGE,0.6853789226746235,0.327094,0.22418333333333332,c
halide,FromPlan,deriche,2,LARGE,0.6712109341862983,0.33399833333333334,0.22418333333333332,c
halide,FromPlan,deriche,4,LARGE,0.15896201385762082,1.4102949999999999,0.22418333333333332,c
halide,Naive,deriche,5,LARGE,0.6889822260923013,0.32538333333333336,0.22418333333333332,c
halide,standard,deriche,1,LARGE,0.3821382811590003,0.586655,0.22418333333333332,c
noarr,AllHints,deriche,1,LARGE,2.8531732564059054,0.07857333333333333,0.22418333333333332,c
noarr,AllHints,deriche,2,LARGE,2.9921165259327145,0.07492466666666667,0.22418333333333332,c
noarr,AllHints,deriche,3,LARGE,0.7705642287712446,0.290934,0.22418333333333332,c
noarr,ChooseHints,deriche,2,LARGE,1.1766218679692226,0.19053133333333336,0.22418333333333332,c
noarr,ChooseHints,deriche,4,LARGE,1.4787786306538462,0.15160033333333334,0.22418333333333332,c
noarr,ChooseHints,deriche,5,LARGE,3.327231800529349,0.06737833333333333,0.22418333333333332,c
noarr,FromPlan,deriche,1,LARGE,1.1802228656664036,0.18994999999999998,0.22418333333333332,c
noarr,FromPlan,deriche,2,LARGE,3.3425941572318916,0.06706866666666667,0.22418333333333332,c
noarr,FromPlan,deriche,3,LARGE,1.4320177493122568,0.15655066666666664,0.22418333333333332,c
noarr,FromPlan,deriche,4,LARGE,0.8255956122088226,0.27154133333333336,0.22418333333333332,c
noarr,FromPlan,deriche,5,LARGE,0.7211327107212935,0.3108766666666667,0.22418333333333332,c
noarr,Naive,deriche,1,LARGE,0.5014113026480003,0.4471046666666667,0.22418333333333332,c
noarr,Naive,deriche,3,LARGE,0.7367827172936613,0.30427333333333334,0.22418333333333332,c
noarr,Naive,deriche,4,LARGE,1.1495009229507074,0.19502666666666668,0.22418333333333332,c
noarr,Naive,deriche,5,LARGE,1.709878677554839,0.13111066666666668,0.22418333333333332,c
noarr,standard,deriche,1,LARGE,1.17685452359746,0.19049366666666667,0.22418333333333332,c
noarr,standard,deriche,2,LARGE,1.1704541894793998,0.1915353333333333,0.22418333333333332,c
noarr,standard,deriche,3,LARGE,1.1811846445118075,0.18979533333333332,0.22418333333333332,c
noarr,standard,deriche,4,LARGE,1.1743024114624345,0.19090766666666667,0.22418333333333332,c
noarr,standard,deriche,5,LARGE,0.08314352881138688,2.6963413333333333,0.22418333333333332,c
c,AllHints,doitgen,1,LARGE,263.97442576367513,0.0028153333333333333,0.7431760000000001,c
c,AllHints,doitgen,2,LARGE,278.9350681846616,0.0026643333333333332,0.7431760000000001,c
c,AllHints,doitgen,3,LARGE,279.81024096385545,0.002656,0.7431760000000001,c
c,AllHints,doitgen,4,LARGE,286.7928994082841,0.002591333333333333,0.7431760000000001,c
c,AllHints,doitgen,5,LARGE,258.466032923719,0.0028753333333333335,0.7431760000000001,c
c,ChooseHints,doitgen,1,LARGE,5.731788079470199,0.12965866666666667,0.7431760000000001,c
c,ChooseHints,doitgen,2,LARGE,282.61224489795916,0.002629666666666667,0.7431760000000001,c
c,ChooseHints,doitgen,3,LARGE,187.97133462608548,0.003953666666666667,0.7431760000000001,c
c,ChooseHints,doitgen,4,LARGE,290.11424853610936,0.0025616666666666665,0.7431760000000001,c
c,ChooseHints,doitgen,5,LARGE,285.0694284618336,0.002607,0.7431760000000001,c
c,FromPlan,doitgen,1,LARGE,4.14291049976308,0.179385,0.7431760000000001,c
c,FromPlan,doitgen,2,LARGE,6.588089286030885,0.112806,0.7431760000000001,c
c,FromPlan,doitgen,3,LARGE,5.728371462046002,0.129736,0.7431760000000001,c
c,FromPlan,doitgen,4,LARGE,6.460265303638797,0.11503800000000002,0.7431760000000001,c
c,FromPlan,doitgen,5,LARGE,6.459647628401812,0.115049,0.7431760000000001,c
c,Naive,doitgen,1,LARGE,5.180443056504343,0.143458,0.7431760000000001,c
c,Naive,doitgen,2,LARGE,5.48283239638204,0.135546,0.7431760000000001,c
c,Naive,doitgen,3,LARGE,4.202327413645566,0.17684866666666665,0.7431760000000001,c
c,Naive,doitgen,4,LARGE,5.179961618348846,0.1434713333333333,0.7431760000000001,c
c,Naive,doitgen,5,LARGE,6.456168393984936,0.115111,0.7431760000000001,c
c,standard,doitgen,1,LARGE,1.0,0.7431760000000001,0.7431760000000001,c
exo,AllHints,doitgen,1,LARGE,0.3930192755949818,1.8909403333333332,0.7431760000000001,c
exo,AllHints,doitgen,2,LARGE,101.21795977663778,0.007342333333333333,0.7431760000000001,c
exo,AllHints,doitgen,3,LARGE,133.7609791216703,0.005555999999999999,0.7431760000000001,c
exo,AllHints,doitgen,4,LARGE,125.60013520365052,0.0059169999999999995,0.7431760000000001,c
exo,AllHints,doitgen,5,LARGE,114.26445264452647,0.006503999999999999,0.7431760000000001,c
exo,ChooseHints,doitgen,1,LARGE,143.64589910443917,0.005173666666666667,0.7431760000000001,c
exo,ChooseHints,doitgen,2,LARGE,97.15142271994424,0.007649666666666667,0.7431760000000001,c
exo,ChooseHints,doitgen,3,LARGE,140.67310240393715,0.005283,0.7431760000000001,c
exo,ChooseHints,doitgen,4,LARGE,5.535376808067969,0.1342593333333333,0.7431760000000001,c
exo,FromPlan,doitgen,2,LARGE,5.643346023003403,0.13169066666666665,0.7431760000000001,c
exo,FromPlan,doitgen,4,LARGE,5.7093163502830935,0.130169,0.7431760000000001,c
exo,FromPlan,doitgen,5,LARGE,5.717618095091554,0.12997999999999998,0.7431760000000001,c
exo,Naive,doitgen,2,LARGE,3.3686456235353495,0.22061566666666665,0.7431760000000001,c
exo,Naive,doitgen,3,LARGE,2.023749139951456,0.36722733333333335,0.7431760000000001,c
exo,Naive,doitgen,4,LARGE,1.0752626149460351,0.6911576666666667,0.7431760000000001,c
exo,Naive,doitgen,5,LARGE,5.520150338335533,0.13462966666666668,0.7431760000000001,c
exo,standard,doitgen,1,LARGE,0.8722647927130518,0.8520073333333333,0.7431760000000001,c
exo,standard,doitgen,2,LARGE,0.8546385263679221,0.8695793333333333,0.7431760000000001,c
exo,standard,doitgen,3,LARGE,0.8615174882569241,0.8626360000000001,0.7431760000000001,c
exo,standard,doitgen,4,LARGE,0.8637517075298677,0.8604046666666667,0.7431760000000001,c
exo,standard,doitgen,5,LARGE,0.8567278517785286,0.8674586666666667,0.7431760000000001,c
halide,AllHints,doitgen,1,LARGE,72.8508691674291,0.010201333333333333,0.7431760000000001,c
halide,AllHints,doitgen,3,LARGE,5.494479712945074,0.13525866666666667,0.7431760000000001,c
halide,ChooseHints,doitgen,1,LARGE,78.10025571863945,0.009515666666666667,0.7431760000000001,c
halide,ChooseHints,doitgen,2,LARGE,5.585703584375761,0.13304966666666665,0.7431760000000001,c
halide,ChooseHints,doitgen,4,LARGE,76.20233782213413,0.009752666666666666,0.7431760000000001,c
halide,ChooseHints,doitgen,5,LARGE,77.44912634175148,0.009595666666666667,0.7431760000000001,c
halide,FromPlan,doitgen,1,LARGE,58.5546801134573,0.012692,0.7431760000000001,c
halide,Naive,doitgen,1,LARGE,78.08657887363407,0.009517333333333334,0.7431760000000001,c
halide,Naive,doitgen,2,LARGE,5.171790839120934,0.14369800000000002,0.7431760000000001,c
halide,Naive,doitgen,4,LARGE,5.439996096037478,0.13661333333333334,0.7431760000000001,c
halide,Naive,doitgen,5,LARGE,5.246207459662713,0.14165966666666666,0.7431760000000001,c
halide,standard,doitgen,3,LARGE,1.0794848169546951,0.6884543333333334,0.7431760000000001,c
halide,standard,doitgen,4,LARGE,2.246335079061539,0.3308393333333333,0.7431760000000001,c
halide,standard,doitgen,5,LARGE,2.1601169616706377,0.34404433333333334,0.7431760000000001,c
noarr,AllHints,doitgen,1,LARGE,3.7881387465912284,0.19618499999999997,0.7431760000000001,c
noarr,AllHints,doitgen,2,LARGE,3.8336629032646337,0.19385533333333335,0.7431760000000001,c
noarr,AllHints,doitgen,3,LARGE,4.955585883147886,0.14996733333333334,0.7431760000000001,c
noarr,AllHints,doitgen,4,LARGE,3.800614704844509,0.195541,0.7431760000000001,c
noarr,AllHints,doitgen,5,LARGE,3.843205394727316,0.19337400000000002,0.7431760000000001,c
noarr,ChooseHints,doitgen,1,LARGE,4.953923204600347,0.1500176666666667,0.7431760000000001,c
noarr,ChooseHints,doitgen,2,LARGE,3.8442126316878467,0.19332333333333332,0.7431760000000001,c
noarr,ChooseHints,doitgen,3,LARGE,3.8362156925835245,0.19372633333333333,0.7431760000000001,c
noarr,ChooseHints,doitgen,4,LARGE,3.8348036526067566,0.19379766666666667,0.7431760000000001,c
noarr,ChooseHints,doitgen,5,LARGE,3.8384744773490667,0.19361233333333336,0.7431760000000001,c
noarr,FromPlan,doitgen,1,LARGE,4.993131311321579,0.14883966666666668,0.7431760000000001,c
noarr,FromPlan,doitgen,2,LARGE,4.075286290064615,0.18236166666666667,0.7431760000000001,c
noarr,FromPlan,doitgen,3,LARGE,4.265781951348312,0.17421799999999998,0.7431760000000001,c
noarr,FromPlan,doitgen,4,LARGE,3.4764347617280453,0.21377533333333332,0.7431760000000001,c
noarr,FromPlan,doitgen,5,LARGE,3.8348630165260826,0.19379466666666667,0.7431760000000001,c
noarr,Naive,doitgen,1,LARGE,3.837351357212564,0.193669,0.7431760000000001,c
noarr,Naive,doitgen,2,LARGE,4.607995634911613,0.16127966666666668,0.7431760000000001,c
noarr,Naive,doitgen,3,LARGE,3.838018543447649,0.19363533333333335,0.7431760000000001,c
noarr,Naive,doitgen,4,LARGE,3.8364005224115596,0.193717,0.7431760000000001,c
noarr,Naive,doitgen,5,LARGE,3.834038682118419,0.19383633333333336,0.7431760000000001,c
noarr,standard,doitgen,1,LARGE,1.0528391591748152,0.7058779999999999,0.7431760000000001,c
noarr,standard,doitgen,2,LARGE,1.056584745847051,0.7033756666666666,0.7431760000000001,c
noarr,standard,doitgen,3,LARGE,1.0481237668422843,0.7090536666666667,0.7431760000000001,c
noarr,standard,doitgen,5,LARGE,1.0555377754211208,0.7040733333333334,0.7431760000000001,c
c,AllHints,durbin,1,LARGE,0.07179586453884407,0.055100666666666666,0.003956,c
c,AllHints,durbin,3,LARGE,0.7976878612716765,0.004959333333333333,0.003956,c
c,AllHints,durbin,4,LARGE,1.011764705882353,0.00391,0.003956,c
c,AllHints,durbin,5,LARGE,1.0092694957054174,0.003919666666666666,0.003956,c
c,ChooseHints,durbin,1,LARGE,0.9890000000000001,0.004,0.003956,c
c,ChooseHints,durbin,2,LARGE,0.8008637559889333,0.004939666666666666,0.003956,c
c,ChooseHints,durbin,3,LARGE,0.7952824499095357,0.004974333333333333,0.003956,c
c,ChooseHints,durbin,4,LARGE,0.9845694375311101,0.004018,0.003956,c
c,ChooseHints,durbin,5,LARGE,0.8047738523089443,0.004915666666666666,0.003956,c
c,FromPlan,durbin,1,LARGE,1.0115922263893626,0.0039106666666666665,0.003956,c
c,FromPlan,durbin,2,LARGE,1.013752455795678,0.0039023333333333327,0.003956,c
c,FromPlan,durbin,3,LARGE,1.009612930667801,0.0039183333333333336,0.003956,c
c,FromPlan,durbin,4,LARGE,0.9974785678265256,0.003966,0.003956,c
c,FromPlan,durbin,5,LARGE,1.010300502255895,0.003915666666666667,0.003956,c
c,Naive,durbin,1,LARGE,1.0114198056928585,0.0039113333333333335,0.003956,c
c,Naive,durbin,2,LARGE,0.7990842984109885,0.004950666666666667,0.003956,c
c,Naive,durbin,3,LARGE,0.9904030710172745,0.003994333333333333,0.003956,c
c,Naive,durbin,4,LARGE,1.0045708481462674,0.003938,0.003956,c
c,Naive,durbin,5,LARGE,0.9932211900577456,0.0039829999999999996,0.003956,c
c,standard,durbin,1,LARGE,1.0,0.003956,0.003956,c
exo,AllHints,durbin,1,LARGE,0.9786426981116517,0.0040423333333333335,0.003956,c
exo,AllHints,durbin,2,LARGE,0.8693231760914152,0.004550666666666667,0.003956,c
exo,AllHints,durbin,3,LARGE,0.03644078985749773,0.10855966666666667,0.003956,c
exo,ChooseHints,durbin,1,LARGE,0.9276223229638894,0.004264666666666667,0.003956,c
exo,ChooseHints,durbin,2,LARGE,0.6150497512437811,0.006432,0.003956,c
exo,ChooseHints,durbin,3,LARGE,0.6732853009587565,0.005875666666666667,0.003956,c
exo,ChooseHints,durbin,4,LARGE,0.002467518696631176,1.60323,0.003956,c
exo,FromPlan,durbin,2,LARGE,0.7201893318769342,0.0054930000000000005,0.003956,c
exo,FromPlan,durbin,5,LARGE,0.8748341441839894,0.004522,0.003956,c
exo,Naive,durbin,3,LARGE,0.8283082077051928,0.004776,0.003956,c
exo,Naive,durbin,4,LARGE,0.9789656025736204,0.004041,0.003956,c
exo,standard,durbin,1,LARGE,0.8691321860124498,0.0045516666666666665,0.003956,c
exo,standard,durbin,2,LARGE,0.8664038545773107,0.004566,0.003956,c
exo,standard,durbin,3,LARGE,0.8684326064686083,0.004555333333333333,0.003956,c
exo,standard,durbin,4,LARGE,0.8678610603290676,0.0045583333333333335,0.003956,c
exo,standard,durbin,5,LARGE,0.8691958400468728,0.0045513333333333334,0.003956,c
halide,FromPlan,durbin,3,LARGE,0.1629369285263187,0.024279333333333333,0.003956,c
halide,standard,durbin,4,LARGE,0.5377922784121806,0.0073560000000000006,0.003956,c
noarr,AllHints,durbin,1,LARGE,1.0471148755955533,0.003778,0.003956,c
noarr,AllHints,durbin,2,LARGE,0.8919954904171363,0.004435000000000001,0.003956,c
noarr,AllHints,durbin,3,LARGE,1.0471148755955533,0.003778,0.003956,c
noarr,AllHints,durbin,4,LARGE,1.8847070033349214,0.002099,0.003956,c
noarr,AllHints,durbin,5,LARGE,1.0466531440162272,0.003779666666666667,0.003956,c
noarr,ChooseHints,durbin,1,LARGE,0.7785868923440269,0.005081,0.003956,c
noarr,ChooseHints,durbin,2,LARGE,1.0488731771984092,0.0037716666666666667,0.003956,c
noarr,ChooseHints,durbin,3,LARGE,1.0064450474898237,0.0039306666666666665,0.003956,c
noarr,ChooseHints,durbin,4,LARGE,0.9380335124881443,0.004217333333333333,0.003956,c
noarr,ChooseHints,durbin,5,LARGE,0.8996361431170408,0.004397333333333333,0.003956,c
noarr,FromPlan,durbin,1,LARGE,1.047392110140323,0.0037770000000000004,0.003956,c
noarr,FromPlan,durbin,2,LARGE,1.045362459261869,0.0037843333333333336,0.003956,c
noarr,FromPlan,durbin,3,LARGE,1.049429657794677,0.0037696666666666664,0.003956,c
noarr,FromPlan,durbin,4,LARGE,1.047022496691663,0.003778333333333333,0.003956,c
noarr,FromPlan,durbin,5,LARGE,1.048132120462775,0.003774333333333333,0.003956,c
noarr,Naive,durbin,1,LARGE,0.9407847800237814,0.0042049999999999995,0.003956,c
noarr,Naive,durbin,2,LARGE,0.9046421221129661,0.004372999999999999,0.003956,c
noarr,Naive,durbin,3,LARGE,1.0471148755955533,0.003778,0.003956,c
noarr,Naive,durbin,4,LARGE,1.0472996823155665,0.0037773333333333335,0.003956,c
noarr,Naive,durbin,5,LARGE,1.046191819464034,0.003781333333333333,0.003956,c
noarr,standard,durbin,1,LARGE,0.9034713763702802,0.004378666666666667,0.003956,c
noarr,standard,durbin,2,LARGE,0.8980703745743474,0.004405,0.003956,c
noarr,standard,durbin,3,LARGE,0.9038842345773039,0.004376666666666667,0.003956,c
noarr,standard,durbin,5,LARGE,0.9034026033340946,0.004379,0.003956,c
c,AllHints,fdtd-2d,1,LARGE,13.514753621413043,0.13061199999999998,1.7651890000000001,c
c,AllHints,fdtd-2d,2,LARGE,8.104769134466604,0.21779633333333334,1.7651890000000001,c
c,AllHints,fdtd-2d,4,LARGE,8.492841597798353,0.20784433333333333,1.7651890000000001,c
c,ChooseHints,fdtd-2d,2,LARGE,15.281830853007124,0.11550900000000001,1.7651890000000001,c
c,ChooseHints,fdtd-2d,3,LARGE,15.271298224162692,0.11558866666666667,1.7651890000000001,c
c,ChooseHints,fdtd-2d,5,LARGE,15.165809415255259,0.11639266666666666,1.7651890000000001,c
c,FromPlan,fdtd-2d,1,LARGE,0.8424412239431955,2.095326,1.7651890000000001,c
c,FromPlan,fdtd-2d,2,LARGE,0.6422818540418853,2.7483090000000003,1.7651890000000001,c
c,FromPlan,fdtd-2d,3,LARGE,0.6544847488629623,2.6970666666666667,1.7651890000000001,c
c,FromPlan,fdtd-2d,5,LARGE,0.6576273186021546,2.684178333333333,1.7651890000000001,c
c,Naive,fdtd-2d,1,LARGE,1.526626620191461,1.1562676666666667,1.7651890000000001,c
c,Naive,fdtd-2d,2,LARGE,0.9983677163016277,1.7680749999999998,1.7651890000000001,c
c,Naive,fdtd-2d,3,LARGE,1.501967664779694,1.175251,1.7651890000000001,c
c,Naive,fdtd-2d,4,LARGE,1.021308639403828,1.7283600000000001,1.7651890000000001,c
c,Naive,fdtd-2d,5,LARGE,0.8673662945280207,2.0351136666666667,1.7651890000000001,c
c,standard,fdtd-2d,1,LARGE,1.0,1.7651890000000001,1.7651890000000001,c
exo,AllHints,fdtd-2d,3,LARGE,10.799829913243517,0.163446,1.7651890000000001,c
exo,AllHints,fdtd-2d,4,LARGE,10.822630056917465,0.16310166666666667,1.7651890000000001,c
exo,AllHints,fdtd-2d,5,LARGE,11.533464155348602,0.15304933333333334,1.7651890000000001,c
exo,ChooseHints,fdtd-2d,4,LARGE,11.62287320901812,0.151872,1.7651890000000001,c
exo,FromPlan,fdtd-2d,2,LARGE,0.519943056867138,3.394966,1.7651890000000001,c
exo,FromPlan,fdtd-2d,4,LARGE,0.5128942531097967,3.4416236666666666,1.7651890000000001,c
exo,Naive,fdtd-2d,1,LARGE,11.824843580433823,0.149278,1.7651890000000001,c
exo,Naive,fdtd-2d,2,LARGE,12.63520729542461,0.13970400000000002,1.7651890000000001,c
exo,Naive,fdtd-2d,3,LARGE,0.9755116604912368,1.8095006666666666,1.7651890000000001,c
exo,standard,fdtd-2d,1,LARGE,1.0024263882308246,1.7609163333333333,1.7651890000000001,c
exo,standard,fdtd-2d,2,LARGE,0.9967869063894258,1.770879,1.7651890000000001,c
exo,standard,fdtd-2d,3,LARGE,1.0076627448458195,1.7517656666666666,1.7651890000000001,c
exo,standard,fdtd-2d,4,LARGE,1.0056876514779463,1.755206,1.7651890000000001,c
exo,standard,fdtd-2d,5,LARGE,0.9858818956171769,1.7904670000000003,1.7651890000000001,c
halide,AllHints,fdtd-2d,1,LARGE,0.4167737609391398,4.235365000000001,1.7651890000000001,c
halide,AllHints,fdtd-2d,5,LARGE,0.31229522379233127,5.652308666666666,1.7651890000000001,c
halide,ChooseHints,fdtd-2d,1,LARGE,0.25993299109951223,6.7909386666666665,1.7651890000000001,c
halide,ChooseHints,fdtd-2d,5,LARGE,0.1751415228457824,10.078643666666666,1.7651890000000001,c
halide,FromPlan,fdtd-2d,4,LARGE,0.16054767605366285,10.994796333333333,1.7651890000000001,c
halide,FromPlan,fdtd-2d,5,LARGE,1.6058452573656286,1.0992273333333333,1.7651890000000001,c
halide,Naive,fdtd-2d,1,LARGE,0.15975746134532273,11.049180333333334,1.7651890000000001,c
halide,Naive,fdtd-2d,3,LARGE,1.4542160472790675,1.2138423333333332,1.7651890000000001,c
halide,Naive,fdtd-2d,5,LARGE,0.3309630499788819,5.333492666666667,1.7651890000000001,c
halide,standard,fdtd-2d,1,LARGE,0.34633585487236485,5.096755000000001,1.7651890000000001,c
halide,standard,fdtd-2d,3,LARGE,0.3342784499523539,5.2805946666666665,1.7651890000000001,c
halide,standard,fdtd-2d,5,LARGE,0.3382159158928238,5.219118666666667,1.7651890000000001,c
noarr,AllHints,fdtd-2d,1,LARGE,6.9747342772472845,0.2530833333333333,1.7651890000000001,c
noarr,AllHints,fdtd-2d,4,LARGE,11.645519319156424,0.15157666666666667,1.7651890000000001,c
noarr,AllHints,fdtd-2d,5,LARGE,0.9924787722243652,1.7785659999999999,1.7651890000000001,c
noarr,ChooseHints,fdtd-2d,1,LARGE,14.184681113224226,0.12444333333333334,1.7651890000000001,c
noarr,ChooseHints,fdtd-2d,3,LARGE,8.885969725495725,0.198649,1.7651890000000001,c
noarr,ChooseHints,fdtd-2d,5,LARGE,11.126379617898632,0.158649,1.7651890000000001,c
noarr,FromPlan,fdtd-2d,2,LARGE,0.4937665270530842,3.574946666666667,1.7651890000000001,c
noarr,FromPlan,fdtd-2d,3,LARGE,1.037209607508633,1.701863333333333,1.7651890000000001,c
noarr,FromPlan,fdtd-2d,5,LARGE,0.4623359636079717,3.817979,1.7651890000000001,c
noarr,Naive,fdtd-2d,1,LARGE,0.9837566563657287,1.7943350000000002,1.7651890000000001,c
noarr,Naive,fdtd-2d,2,LARGE,0.9780934225781113,1.8047243333333334,1.7651890000000001,c
noarr,Naive,fdtd-2d,3,LARGE,0.9872414338244343,1.788001333333333,1.7651890000000001,c
noarr,Naive,fdtd-2d,4,LARGE,0.8548230100495114,2.064976,1.7651890000000001,c
noarr,standard,fdtd-2d,1,LARGE,0.9726727507766774,1.8147820000000001,1.7651890000000001,c
noarr,standard,fdtd-2d,2,LARGE,0.9757063163909033,1.8091396666666668,1.7651890000000001,c
noarr,standard,fdtd-2d,3,LARGE,0.9955882958424962,1.7730110000000001,1.7651890000000001,c
noarr,standard,fdtd-2d,4,LARGE,0.9897488325671935,1.7834716666666666,1.7651890000000001,c
noarr,standard,fdtd-2d,5,LARGE,0.9832647504557442,1.7952326666666665,1.7651890000000001,c
c,AllHints,floyd-warshall,1,LARGE,29.175170413392816,0.7763963333333334,22.651495333333333,c
c,AllHints,floyd-warshall,2,LARGE,28.091347278729618,0.8063513333333333,22.651495333333333,c
c,AllHints,floyd-warshall,3,LARGE,21.29778671212402,1.063561,22.651495333333333,c
c,AllHints,floyd-warshall,4,LARGE,51.029178953786904,0.44389300000000004,22.651495333333333,c
c,AllHints,floyd-warshall,5,LARGE,29.41028205606498,0.7701896666666667,22.651495333333333,c
c,ChooseHints,floyd-warshall,1,LARGE,19.12292117036371,1.1845206666666666,22.651495333333333,c
c,ChooseHints,floyd-warshall,2,LARGE,1.510861129323376,14.992440333333334,22.651495333333333,c
c,ChooseHints,floyd-warshall,3,LARGE,0.7507275389801831,30.172724666666667,22.651495333333333,c
c,ChooseHints,floyd-warshall,4,LARGE,43.52976227080323,0.5203679999999999,22.651495333333333,c
c,ChooseHints,floyd-warshall,5,LARGE,49.74210913115532,0.45537866666666665,22.651495333333333,c
c,FromPlan,floyd-warshall,1,LARGE,1.5872553607091076,14.270857666666666,22.651495333333333,c
c,FromPlan,floyd-warshall,2,LARGE,1.133888981792864,19.976819333333335,22.651495333333333,c
c,FromPlan,floyd-warshall,3,LARGE,1.076553915267128,21.040744,22.651495333333333,c
c,FromPlan,floyd-warshall,4,LARGE,1.5541405081719981,14.574933999999999,22.651495333333333,c
c,FromPlan,floyd-warshall,5,LARGE,22.351721495213365,1.0134116666666666,22.651495333333333,c
c,Naive,floyd-warshall,1,LARGE,1.5234871118248,14.868189666666666,22.651495333333333,c
c,Naive,floyd-warshall,2,LARGE,1.5121524526450483,14.979637333333335,22.651495333333333,c
c,Naive,floyd-warshall,3,LARGE,1.4984396969325182,15.116721333333333,22.651495333333333,c
c,Naive,floyd-warshall,4,LARGE,1.0713408180454917,21.143127333333336,22.651495333333333,c
c,Naive,floyd-warshall,5,LARGE,1.5041148493281864,15.059684666666667,22.651495333333333,c
c,standard,floyd-warshall,1,LARGE,1.0,22.651495333333333,22.651495333333333,c
exo,AllHints,floyd-warshall,1,LARGE,21.808194269139964,1.0386689999999998,22.651495333333333,c
exo,AllHints,floyd-warshall,2,LARGE,1.0757500284710626,21.056467333333334,22.651495333333333,c
exo,AllHints,floyd-warshall,3,LARGE,17.17232241907809,1.31907,22.651495333333333,c
exo,AllHints,floyd-warshall,4,LARGE,28.209652585465037,0.8029696666666667,22.651495333333333,c
exo,AllHints,floyd-warshall,5,LARGE,25.531816103406985,0.887187,22.651495333333333,c
exo,ChooseHints,floyd-warshall,1,LARGE,21.467647594945028,1.0551456666666665,22.651495333333333,c
exo,ChooseHints,floyd-warshall,4,LARGE,34.17797021909676,0.6627513333333334,22.651495333333333,c
exo,FromPlan,floyd-warshall,1,LARGE,0.47590461411344376,47.596713,22.651495333333333,c
exo,FromPlan,floyd-warshall,2,LARGE,26.683454209189183,0.8488966666666666,22.651495333333333,c
exo,FromPlan,floyd-warshall,3,LARGE,0.9745600682396554,23.242790333333332,22.651495333333333,c
exo,FromPlan,floyd-warshall,4,LARGE,1.1186601630735873,20.248772666666667,22.651495333333333,c
exo,FromPlan,floyd-warshall,5,LARGE,0.9778797481291963,23.163886333333334,22.651495333333333,c
exo,Naive,floyd-warshall,1,LARGE,0.9741190291431009,23.253313666666667,22.651495333333333,c
exo,Naive,floyd-warshall,3,LARGE,22.098674882473382,1.025016,22.651495333333333,c
exo,Naive,floyd-warshall,5,LARGE,17.31860147316903,1.3079286666666665,22.651495333333333,c
exo,standard,floyd-warshall,1,LARGE,1.0300594399799354,21.990474000000003,22.651495333333333,c
exo,standard,floyd-warshall,2,LARGE,1.0252965993285148,22.092627000000004,22.651495333333333,c
exo,standard,floyd-warshall,3,LARGE,1.0322086313344698,21.944687000000002,22.651495333333333,c
exo,standard,floyd-warshall,4,LARGE,1.0320672422978998,21.947693333333333,22.651495333333333,c
exo,standard,floyd-warshall,5,LARGE,1.0344609867948011,21.896906333333334,22.651495333333333,c
halide,AllHints,floyd-warshall,1,LARGE,1.9984714981488523,11.33441,22.651495333333333,c
halide,AllHints,floyd-warshall,2,LARGE,2.080252400765042,10.888820666666666,22.651495333333333,c
halide,AllHints,floyd-warshall,3,LARGE,2.047855170777737,11.061082666666666,22.651495333333333,c
halide,AllHints,floyd-warshall,4,LARGE,2.116936460896581,10.70013,22.651495333333333,c
halide,AllHints,floyd-warshall,5,LARGE,1.9545466037414194,11.589130333333335,22.651495333333333,c
halide,ChooseHints,floyd-warshall,2,LARGE,2.204585455640699,10.274718666666667,22.651495333333333,c
halide,ChooseHints,floyd-warshall,3,LARGE,0.8778252772549856,25.804104666666664,22.651495333333333,c
halide,ChooseHints,floyd-warshall,4,LARGE,1.9403761625605218,11.673765000000001,22.651495333333333,c
halide,ChooseHints,floyd-warshall,5,LARGE,0.8542532706437889,26.516135333333335,22.651495333333333,c
halide,FromPlan,floyd-warshall,1,LARGE,1.1356382264918434,19.946048666666666,22.651495333333333,c
halide,FromPlan,floyd-warshall,2,LARGE,1.7309658103201189,13.086044333333334,22.651495333333333,c
halide,FromPlan,floyd-warshall,3,LARGE,2.029837204659888,11.159267,22.651495333333333,c
halide,FromPlan,floyd-warshall,4,LARGE,1.6999191172091028,13.325042999999999,22.651495333333333,c
halide,FromPlan,floyd-warshall,5,LARGE,2.050682276856061,11.045833666666667,22.651495333333333,c
halide,Naive,floyd-warshall,1,LARGE,2.345300328410104,9.658249333333332,22.651495333333333,c
halide,Naive,floyd-warshall,2,LARGE,1.3123503111735417,17.260250666666668,22.651495333333333,c
halide,Naive,floyd-warshall,3,LARGE,0.8368466586321555,27.067677333333336,22.651495333333333,c
halide,Naive,floyd-warshall,4,LARGE,0.8661023765096015,26.153369333333334,22.651495333333333,c
halide,Naive,floyd-warshall,5,LARGE,0.8758085341114829,25.863524333333334,22.651495333333333,c
halide,standard,floyd-warshall,1,LARGE,0.7332896611461783,30.890242333333333,22.651495333333333,c
halide,standard,floyd-warshall,2,LARGE,0.7372517356114453,30.724234666666664,22.651495333333333,c
halide,standard,floyd-warshall,3,LARGE,0.7337349105148684,30.871497333333334,22.651495333333333,c
halide,standard,floyd-warshall,4,LARGE,0.7409668797348284,30.570185999999996,22.651495333333333,c
noarr,AllHints,floyd-warshall,1,LARGE,1.4358551906636992,15.775612666666666,22.651495333333333,c
noarr,AllHints,floyd-warshall,2,LARGE,37.48214186233406,0.6043276666666667,22.651495333333333,c
noarr,AllHints,floyd-warshall,3,LARGE,31.808328504278748,0.7121246666666666,22.651495333333333,c
noarr,AllHints,floyd-warshall,4,LARGE,1.4262971857015831,15.881329333333333,22.651495333333333,c
noarr,AllHints,floyd-warshall,5,LARGE,1.4401650805551214,15.728402,22.651495333333333,c
noarr,ChooseHints,floyd-warshall,1,LARGE,0.7804271143205801,29.02448533333333,22.651495333333333,c
noarr,ChooseHints,floyd-warshall,2,LARGE,1.412812802769238,16.032906333333333,22.651495333333333,c
noarr,ChooseHints,floyd-warshall,3,LARGE,1.4298593201788647,15.841765,22.651495333333333,c
noarr,ChooseHints,floyd-warshall,4,LARGE,0.7737106095717545,29.276443999999998,22.651495333333333,c
noarr,ChooseHints,floyd-warshall,5,LARGE,1.538612433921015,14.722028,22.651495333333333,c
noarr,FromPlan,floyd-warshall,1,LARGE,1.4579802327237692,15.536215666666665,22.651495333333333,c
noarr,FromPlan,floyd-warshall,2,LARGE,0.9847594943495999,23.002058333333334,22.651495333333333,c
noarr,FromPlan,floyd-warshall,3,LARGE,0.6739838261899451,33.60836633333333,22.651495333333333,c
noarr,FromPlan,floyd-warshall,4,LARGE,1.4870871800101408,15.232123333333334,22.651495333333333,c
noarr,FromPlan,floyd-warshall,5,LARGE,0.3774931435910842,60.005051,22.651495333333333,c
noarr,Naive,floyd-warshall,1,LARGE,1.4200757536891477,15.950906333333334,22.651495333333333,c
noarr,Naive,floyd-warshall,2,LARGE,0.8044327462088001,28.158345666666666,22.651495333333333,c
noarr,Naive,floyd-warshall,3,LARGE,1.4273375809663917,15.869753333333334,22.651495333333333,c
noarr,Naive,floyd-warshall,4,LARGE,1.4356238010586198,15.778155333333332,22.651495333333333,c
noarr,Naive,floyd-warshall,5,LARGE,1.43083083398392,15.831008666666667,22.651495333333333,c
noarr,standard,floyd-warshall,1,LARGE,1.0316661741968796,21.95622566666667,22.651495333333333,c
noarr,standard,floyd-warshall,2,LARGE,0.8021195569098423,28.239549999999998,22.651495333333333,c
noarr,standard,floyd-warshall,3,LARGE,1.03362511123095,21.914614,22.651495333333333,c
noarr,standard,floyd-warshall,4,LARGE,0.8050411750489062,28.13706433333333,22.651495333333333,c
noarr,standard,floyd-warshall,5,LARGE,0.8102354296915288,27.95668333333333,22.651495333333333,c
c,AllHints,gemm,1,LARGE,34.92727556271768,0.012824666666666667,0.4479306666666667,c
c,AllHints,gemm,2,LARGE,31.249523277987073,0.014334,0.4479306666666667,c
c,AllHints,gemm,3,LARGE,27.851188625671,0.016083,0.4479306666666667,c
c,AllHints,gemm,5,LARGE,33.64189865812137,0.013314666666666667,0.4479306666666667,c
c,ChooseHints,gemm,1,LARGE,32.12584570513281,0.013942999999999999,0.4479306666666667,c
c,ChooseHints,gemm,2,LARGE,39.035352214960064,0.011474999999999999,0.4479306666666667,c
c,ChooseHints,gemm,3,LARGE,11.215089300617596,0.039939999999999996,0.4479306666666667,c
c,ChooseHints,gemm,4,LARGE,1.5869715918820455,0.282255,0.4479306666666667,c
c,ChooseHints,gemm,5,LARGE,35.05574831085488,0.012777666666666666,0.4479306666666667,c
c,FromPlan,gemm,1,LARGE,26.45676484485746,0.016930666666666667,0.4479306666666667,c
c,FromPlan,gemm,2,LARGE,2.107680894146359,0.21252300000000002,0.4479306666666667,c
c,FromPlan,gemm,3,LARGE,2.131548308297511,0.21014333333333335,0.4479306666666667,c
c,FromPlan,gemm,4,LARGE,1.4625893580154468,0.3062586666666667,0.4479306666666667,c
c,Naive,gemm,1,LARGE,1.3216243940387873,0.3389243333333334,0.4479306666666667,c
c,Naive,gemm,2,LARGE,1.5929897601373217,0.2811886666666667,0.4479306666666667,c
c,Naive,gemm,3,LARGE,0.9975095516673385,0.44904900000000003,0.4479306666666667,c
c,Naive,gemm,4,LARGE,0.9308217574473804,0.4812206666666667,0.4479306666666667,c
c,Naive,gemm,5,LARGE,1.5938040764527628,0.281045,0.4479306666666667,c
c,standard,gemm,1,LARGE,1.0,0.4479306666666667,0.4479306666666667,c
exo,AllHints,gemm,1,LARGE,24.086178774354284,0.018597000000000002,0.4479306666666667,c
exo,AllHints,gemm,2,LARGE,6.540311394265634,0.06848766666666667,0.4479306666666667,c
exo,AllHints,gemm,4,LARGE,13.237243390204503,0.03383866666666666,0.4479306666666667,c
exo,AllHints,gemm,5,LARGE,23.966755247998005,0.018689666666666667,0.4479306666666667,c
exo,ChooseHints,gemm,1,LARGE,7.765743378736832,0.05768033333333333,0.4479306666666667,c
exo,ChooseHints,gemm,2,LARGE,8.535318440792942,0.05247966666666667,0.4479306666666667,c
exo,ChooseHints,gemm,4,LARGE,32.015629094894344,0.013990999999999998,0.4479306666666667,c
exo,FromPlan,gemm,2,LARGE,5.688441870703377,0.078744,0.4479306666666667,c
exo,FromPlan,gemm,3,LARGE,13.052860611947548,0.03431666666666667,0.4479306666666667,c
exo,FromPlan,gemm,4,LARGE,0.9783399573220497,0.45784766666666665,0.4479306666666667,c
exo,FromPlan,gemm,5,LARGE,12.770774728198893,0.035074666666666664,0.4479306666666667,c
exo,Naive,gemm,2,LARGE,12.130385722925826,0.03692633333333333,0.4479306666666667,c
exo,Naive,gemm,3,LARGE,0.2976541268579405,1.5048696666666668,0.4479306666666667,c
exo,Naive,gemm,4,LARGE,9.630984461900123,0.046509333333333326,0.4479306666666667,c
exo,standard,gemm,1,LARGE,0.980139618576229,0.457007,0.4479306666666667,c
exo,standard,gemm,2,LARGE,0.9897401677221112,0.452574,0.4479306666666667,c
exo,standard,gemm,3,LARGE,0.9726691233258853,0.460517,0.4479306666666667,c
exo,standard,gemm,4,LARGE,0.9914927965457657,0.45177399999999995,0.4479306666666667,c
exo,standard,gemm,5,LARGE,0.971561520786971,0.461042,0.4479306666666667,c
halide,FromPlan,gemm,1,LARGE,9.618369348154406,0.04657033333333333,0.4479306666666667,c
halide,FromPlan,gemm,3,LARGE,18.691815501029325,0.023964,0.4479306666666667,c
halide,FromPlan,gemm,5,LARGE,19.440028933092226,0.023041666666666665,0.4479306666666667,c
halide,standard,gemm,2,LARGE,0.49746674712264977,0.9004233333333334,0.4479306666666667,c
halide,standard,gemm,3,LARGE,0.4976718020470662,0.9000523333333333,0.4479306666666667,c
halide,standard,gemm,4,LARGE,0.49706946252333617,0.9011429999999999,0.4479306666666667,c
noarr,AllHints,gemm,2,LARGE,0.2246501042929022,1.9939036666666665,0.4479306666666667,c
noarr,AllHints,gemm,3,LARGE,0.23453897579965038,1.9098346666666668,0.4479306666666667,c
noarr,AllHints,gemm,4,LARGE,0.8509283456823584,0.5264023333333333,0.4479306666666667,c
noarr,AllHints,gemm,5,LARGE,0.8611666512863104,0.520144,0.4479306666666667,c
noarr,ChooseHints,gemm,1,LARGE,0.23390228194461368,1.9150333333333334,0.4479306666666667,c
noarr,ChooseHints,gemm,2,LARGE,0.8514480976630342,0.526081,0.4479306666666667,c
noarr,ChooseHints,gemm,3,LARGE,0.8635024427921407,0.518737,0.4479306666666667,c
noarr,ChooseHints,gemm,4,LARGE,0.8389832995253141,0.5338970000000001,0.4479306666666667,c
noarr,ChooseHints,gemm,5,LARGE,0.8649430780648282,0.5178729999999999,0.4479306666666667,c
noarr,FromPlan,gemm,1,LARGE,0.23664467620271615,1.8928406666666666,0.4479306666666667,c
noarr,FromPlan,gemm,2,LARGE,0.6085501855369068,0.736062,0.4479306666666667,c
noarr,FromPlan,gemm,3,LARGE,0.8631474688329199,0.5189503333333333,0.4479306666666667,c
noarr,FromPlan,gemm,4,LARGE,0.9179139090263895,0.48798766666666665,0.4479306666666667,c
noarr,FromPlan,gemm,5,LARGE,0.8534169269440786,0.5248673333333334,0.4479306666666667,c
noarr,Naive,gemm,1,LARGE,0.18400799682317986,2.4343,0.4479306666666667,c
noarr,Naive,gemm,2,LARGE,0.8348945502893693,0.5365116666666667,0.4479306666666667,c
noarr,Naive,gemm,3,LARGE,0.2330663004554342,1.9219023333333334,0.4479306666666667,c
noarr,Naive,gemm,4,LARGE,0.8632422848626565,0.5188933333333333,0.4479306666666667,c
noarr,Naive,gemm,5,LARGE,0.8615708149003015,0.5198999999999999,0.4479306666666667,c
noarr,standard,gemm,1,LARGE,0.8560329725632092,0.5232633333333333,0.4479306666666667,c
noarr,standard,gemm,2,LARGE,0.834579288920301,0.5367143333333333,0.4479306666666667,c
noarr,standard,gemm,3,LARGE,0.8422430197080274,0.5318306666666667,0.4479306666666667,c
noarr,standard,gemm,4,LARGE,0.8520954393155803,0.5256813333333333,0.4479306666666667,c
noarr,standard,gemm,5,LARGE,0.8385979517319666,0.5341423333333334,0.4479306666666667,c
c,AllHints,gemver,1,LARGE,6.655495130896674,0.002635666666666667,0.017541666666666667,c
c,AllHints,gemver,2,LARGE,10.592793880837359,0.0016560000000000001,0.017541666666666667,c
c,AllHints,gemver,3,LARGE,6.801731937443454,0.002579,0.017541666666666667,c
c,AllHints,gemver,4,LARGE,2.655146316851665,0.006606666666666667,0.017541666666666667,c
c,AllHints,gemver,5,LARGE,13.787005501702907,0.0012723333333333334,0.017541666666666667,c
c,ChooseHints,gemver,1,LARGE,2.822321141263542,0.006215333333333333,0.017541666666666667,c
c,ChooseHints,gemver,2,LARGE,11.430278019113814,0.0015346666666666668,0.017541666666666667,c
c,ChooseHints,gemver,3,LARGE,2.7818893059153145,0.006305666666666667,0.017541666666666667,c
c,ChooseHints,gemver,4,LARGE,2.8027801448657863,0.006258666666666667,0.017541666666666667,c
c,ChooseHints,gemver,5,LARGE,2.841676116420973,0.0061730000000000005,0.017541666666666667,c
c,FromPlan,gemver,1,LARGE,1.8586868223077742,0.009437666666666665,0.017541666666666667,c
c,FromPlan,gemver,2,LARGE,1.8501265644775702,0.009481333333333333,0.017541666666666667,c
c,FromPlan,gemver,3,LARGE,1.1994848768035011,0.014624333333333331,0.017541666666666667,c
c,FromPlan,gemver,4,LARGE,1.17610906246508,0.014915,0.017541666666666667,c
c,Naive,gemver,1,LARGE,1.288281230874685,0.013616333333333333,0.017541666666666667,c
c,Naive,gemver,2,LARGE,1.5472025402052156,0.011337666666666668,0.017541666666666667,c
c,Naive,gemver,3,LARGE,1.8747773423583896,0.009356666666666668,0.017541666666666667,c
c,Naive,gemver,4,LARGE,1.5595365101944048,0.011248000000000001,0.017541666666666667,c
c,Naive,gemver,5,LARGE,1.5480673059951757,0.011331333333333332,0.017541666666666667,c
c,standard,gemver,1,LARGE,1.0,0.017541666666666667,0.017541666666666667,c
exo,AllHints,gemver,1,LARGE,3.6621433542101602,0.00479,0.017541666666666667,c
exo,AllHints,gemver,2,LARGE,2.7956332341691454,0.006274666666666667,0.017541666666666667,c
exo,AllHints,gemver,3,LARGE,5.398543290931474,0.0032493333333333332,0.017541666666666667,c
exo,AllHints,gemver,4,LARGE,2.7477548036758566,0.006384,0.017541666666666667,c
exo,AllHints,gemver,5,LARGE,4.671549045716822,0.003755,0.017541666666666667,c
exo,ChooseHints,gemver,1,LARGE,3.7643061516452074,0.00466,0.017541666666666667,c
exo,ChooseHints,gemver,2,LARGE,5.016682554814109,0.0034966666666666666,0.017541666666666667,c
exo,FromPlan,gemver,1,LARGE,0.7595768020553679,0.023094,0.017541666666666667,c
exo,FromPlan,gemver,2,LARGE,0.30043102217908824,0.05838833333333334,0.017541666666666667,c
exo,Naive,gemver,5,LARGE,5.7874188936544595,0.0030310000000000003,0.017541666666666667,c
exo,standard,gemver,1,LARGE,0.9349737940836813,0.018761666666666666,0.017541666666666667,c
exo,standard,gemver,2,LARGE,0.9372050364196541,0.018717,0.017541666666666667,c
exo,standard,gemver,3,LARGE,0.939346339896114,0.018674333333333334,0.017541666666666667,c
exo,standard,gemver,4,LARGE,0.9405215091237288,0.018651,0.017541666666666667,c
exo,standard,gemver,5,LARGE,0.9343098091433645,0.018775,0.017541666666666667,c
halide,standard,gemver,1,LARGE,0.0009408613949453297,18.644262333333334,0.017541666666666667,c
halide,standard,gemver,4,LARGE,0.6371219642122086,0.027532666666666667,0.017541666666666667,c
noarr,AllHints,gemver,1,LARGE,1.5404543059539841,0.011387333333333333,0.017541666666666667,c
noarr,AllHints,gemver,2,LARGE,2.02396061689935,0.008667,0.017541666666666667,c
noarr,AllHints,gemver,3,LARGE,2.040836112619251,0.008595333333333333,0.017541666666666667,c
noarr,AllHints,gemver,4,LARGE,0.988597084460475,0.017744,0.017541666666666667,c
noarr,AllHints,gemver,5,LARGE,3.032267358110055,0.005784999999999999,0.017541666666666667,c
noarr,ChooseHints,gemver,1,LARGE,1.552176734308636,0.011301333333333335,0.017541666666666667,c
noarr,ChooseHints,gemver,2,LARGE,1.520162921023745,0.011539333333333332,0.017541666666666667,c
noarr,ChooseHints,gemver,3,LARGE,2.0180618936227326,0.008692333333333333,0.017541666666666667,c
noarr,ChooseHints,gemver,4,LARGE,1.554836612893695,0.011282,0.017541666666666667,c
noarr,ChooseHints,gemver,5,LARGE,0.9956673099481592,0.017617999999999998,0.017541666666666667,c
noarr,FromPlan,gemver,1,LARGE,1.0052147004889975,0.017450666666666666,0.017541666666666667,c
noarr,FromPlan,gemver,2,LARGE,1.552085176664897,0.011302,0.017541666666666667,c
noarr,FromPlan,gemver,3,LARGE,1.5449768069990018,0.011354000000000001,0.017541666666666667,c
noarr,FromPlan,gemver,4,LARGE,1.550256289400813,0.011315333333333335,0.017541666666666667,c
noarr,Naive,gemver,1,LARGE,1.5340776585820894,0.011434666666666668,0.017541666666666667,c
noarr,Naive,gemver,2,LARGE,1.5012552062532092,0.011684666666666668,0.017541666666666667,c
noarr,Naive,gemver,3,LARGE,1.525406533522711,0.011499666666666667,0.017541666666666667,c
noarr,Naive,gemver,4,LARGE,1.538967685334113,0.011398333333333335,0.017541666666666667,c
noarr,Naive,gemver,5,LARGE,1.5148680157747776,0.011579666666666667,0.017541666666666667,c
noarr,standard,gemver,1,LARGE,1.0449346729677138,0.016787333333333335,0.017541666666666667,c
noarr,standard,gemver,2,LARGE,1.042037939091521,0.016834000000000002,0.017541666666666667,c
noarr,standard,gemver,3,LARGE,1.0453913388955105,0.01678,0.017541666666666667,c
noarr,standard,gemver,5,LARGE,1.0453082790402035,0.016781333333333332,0.017541666666666667,c
c,AllHints,gesummv,1,LARGE,6.640780141843972,0.00094,0.006242333333333333,c
c,AllHints,gesummv,2,LARGE,5.918773704171934,0.0010546666666666666,0.006242333333333333,c
c,AllHints,gesummv,3,LARGE,6.582425307557118,0.0009483333333333333,0.006242333333333333,c
c,AllHints,gesummv,4,LARGE,6.6882142857142854,0.0009333333333333333,0.006242333333333333,c
c,AllHints,gesummv,5,LARGE,5.958320076360166,0.0010476666666666666,0.006242333333333333,c
c,ChooseHints,gesummv,1,LARGE,6.457586206896552,0.0009666666666666666,0.006242333333333333,c
c,ChooseHints,gesummv,2,LARGE,6.591693065821894,0.0009469999999999999,0.006242333333333333,c
c,ChooseHints,gesummv,3,LARGE,6.794992743105951,0.0009186666666666666,0.006242333333333333,c
c,ChooseHints,gesummv,4,LARGE,6.437607425232038,0.0009696666666666667,0.006242333333333333,c
c,ChooseHints,gesummv,5,LARGE,6.587055926837848,0.0009476666666666666,0.006242333333333333,c
c,FromPlan,gesummv,1,LARGE,6.371895202449813,0.0009796666666666667,0.006242333333333333,c
c,FromPlan,gesummv,2,LARGE,6.721823402727925,0.0009286666666666666,0.006242333333333333,c
c,FromPlan,gesummv,3,LARGE,2.2026581980710422,0.0028339999999999997,0.006242333333333333,c
c,FromPlan,gesummv,4,LARGE,6.63372298972724,0.000941,0.006242333333333333,c
c,FromPlan,gesummv,5,LARGE,6.430975274725275,0.0009706666666666667,0.006242333333333333,c
c,Naive,gesummv,1,LARGE,6.538756983240224,0.0009546666666666666,0.006242333333333333,c
c,Naive,gesummv,2,LARGE,2.2170001183852257,0.0028156666666666664,0.006242333333333333,c
c,Naive,gesummv,3,LARGE,2.2352590116973023,0.002792666666666667,0.006242333333333333,c
c,Naive,gesummv,4,LARGE,2.2288740776005715,0.0028006666666666666,0.006242333333333333,c
c,Naive,gesummv,5,LARGE,6.802397384671266,0.0009176666666666668,0.006242333333333333,c
c,standard,gesummv,1,LARGE,1.0,0.006242333333333333,0.006242333333333333,c
exo,AllHints,gesummv,2,LARGE,6.158171654061165,0.0010136666666666666,0.006242333333333333,c
exo,AllHints,gesummv,3,LARGE,6.676292335115864,0.0009350000000000001,0.006242333333333333,c
exo,AllHints,gesummv,4,LARGE,6.086122846928826,0.0010256666666666667,0.006242333333333333,c
exo,AllHints,gesummv,5,LARGE,6.7121863799283155,0.0009299999999999999,0.006242333333333333,c
exo,ChooseHints,gesummv,1,LARGE,6.584739803094233,0.0009480000000000001,0.006242333333333333,c
exo,ChooseHints,gesummv,3,LARGE,6.5250871080139365,0.0009566666666666668,0.006242333333333333,c
exo,ChooseHints,gesummv,4,LARGE,6.6573053679345895,0.0009376666666666666,0.006242333333333333,c
exo,ChooseHints,gesummv,5,LARGE,6.570877192982456,0.00095,0.006242333333333333,c
exo,FromPlan,gesummv,2,LARGE,7.040225563909774,0.0008866666666666667,0.006242333333333333,c
exo,FromPlan,gesummv,3,LARGE,2.0324506186238334,0.0030713333333333335,0.006242333333333333,c
exo,FromPlan,gesummv,5,LARGE,6.596336738288129,0.0009463333333333333,0.006242333333333333,c
exo,Naive,gesummv,1,LARGE,6.721823402727925,0.0009286666666666666,0.006242333333333333,c
exo,Naive,gesummv,2,LARGE,6.188697951090549,0.0010086666666666666,0.006242333333333333,c
exo,Naive,gesummv,3,LARGE,6.570877192982456,0.00095,0.006242333333333333,c
exo,Naive,gesummv,4,LARGE,6.3827539195637355,0.000978,0.006242333333333333,c
exo,Naive,gesummv,5,LARGE,0.9953757839906452,0.006271333333333334,0.006242333333333333,c
exo,standard,gesummv,1,LARGE,0.9989331626393556,0.006249,0.006242333333333333,c
exo,standard,gesummv,2,LARGE,0.9965941142036081,0.0062636666666666665,0.006242333333333333,c
exo,standard,gesummv,3,LARGE,0.9998398291510945,0.006243333333333333,0.006242333333333333,c
exo,standard,gesummv,4,LARGE,1.0005877324214576,0.006238666666666667,0.006242333333333333,c
exo,standard,gesummv,5,LARGE,1.0021405254990101,0.006228999999999999,0.006242333333333333,c
halide,FromPlan,gesummv,1,LARGE,1.6275856075091257,0.003835333333333333,0.006242333333333333,c
halide,Naive,gesummv,4,LARGE,1.2565926323559016,0.004967666666666666,0.006242333333333333,c
halide,Naive,gesummv,5,LARGE,1.4839144215530904,0.004206666666666667,0.006242333333333333,c
halide,standard,gesummv,1,LARGE,1.0533805827427156,0.005926000000000001,0.006242333333333333,c
halide,standard,gesummv,2,LARGE,1.1763190954773868,0.005306666666666667,0.006242333333333333,c
halide,standard,gesummv,3,LARGE,1.0519604538815865,0.005933999999999999,0.006242333333333333,c
halide,standard,gesummv,4,LARGE,1.055756004059082,0.005912666666666667,0.006242333333333333,c
halide,standard,gesummv,5,LARGE,1.059638997340576,0.005891,0.006242333333333333,c
noarr,AllHints,gesummv,1,LARGE,2.32143299863642,0.002689,0.006242333333333333,c
noarr,AllHints,gesummv,2,LARGE,19.54801670146138,0.0003193333333333333,0.006242333333333333,c
noarr,AllHints,gesummv,3,LARGE,2.300896916083057,0.002713,0.006242333333333333,c
noarr,AllHints,gesummv,4,LARGE,2.293289248101886,0.002722,0.006242333333333333,c
noarr,AllHints,gesummv,5,LARGE,1.6924536827835517,0.0036883333333333334,0.006242333333333333,c
noarr,ChooseHints,gesummv,1,LARGE,1.7092917123037603,0.0036520000000000003,0.006242333333333333,c
noarr,ChooseHints,gesummv,2,LARGE,2.2746265030972914,0.0027443333333333334,0.006242333333333333,c
noarr,ChooseHints,gesummv,3,LARGE,1.7232906966043986,0.0036223333333333333,0.006242333333333333,c
noarr,ChooseHints,gesummv,4,LARGE,1.7040036396724296,0.003663333333333333,0.006242333333333333,c
noarr,ChooseHints,gesummv,5,LARGE,2.31226077293493,0.0026996666666666666,0.006242333333333333,c
noarr,FromPlan,gesummv,1,LARGE,2.147591743119266,0.0029066666666666668,0.006242333333333333,c
noarr,FromPlan,gesummv,3,LARGE,2.0093347639484977,0.003106666666666667,0.006242333333333333,c
noarr,FromPlan,gesummv,4,LARGE,2.3280706116360017,0.0026813333333333337,0.006242333333333333,c
noarr,Naive,gesummv,1,LARGE,2.3088398471211935,0.0027036666666666667,0.006242333333333333,c
noarr,Naive,gesummv,2,LARGE,2.326046453856664,0.0026836666666666662,0.006242333333333333,c
noarr,Naive,gesummv,3,LARGE,2.3443915873810712,0.002662666666666667,0.006242333333333333,c
noarr,Naive,gesummv,4,LARGE,2.3274919214516525,0.0026820000000000004,0.006242333333333333,c
noarr,Naive,gesummv,5,LARGE,2.3394128669581513,0.0026683333333333333,0.006242333333333333,c
noarr,standard,gesummv,1,LARGE,1.1249474379768127,0.005548999999999999,0.006242333333333333,c
noarr,standard,gesummv,2,LARGE,1.1256912719403704,0.005545333333333333,0.006242333333333333,c
noarr,standard,gesummv,3,LARGE,1.1252178092891907,0.005547666666666667,0.006242333333333333,c
noarr,standard,gesummv,4,LARGE,1.1253530436872785,0.005547,0.006242333333333333,c
noarr,standard,gesummv,5,LARGE,1.1265038498556306,0.005541333333333333,0.006242333333333333,c
c,ChooseHints,gramschmidt,1,LARGE,4.018973290744674,0.6228053333333333,2.503038,c
c,ChooseHints,gramschmidt,4,LARGE,4.00168932781806,0.6254953333333334,2.503038,c
c,Naive,gramschmidt,1,LARGE,4.844464658976542,0.51668,2.503038,c
c,standard,gramschmidt,1,LARGE,1.0,2.503038,2.503038,c
c,AllHints,heat-3d,1,LARGE,7.934053613152176,0.24438033333333334,1.9389266666666665,c
c,AllHints,heat-3d,3,LARGE,8.405593536537609,0.230671,1.9389266666666665,c
c,AllHints,heat-3d,4,LARGE,1.7719698915179531,1.094221,1.9389266666666665,c
c,AllHints,heat-3d,5,LARGE,8.926110128149844,0.21721966666666667,1.9389266666666665,c
c,ChooseHints,heat-3d,1,LARGE,1.2326496464024426,1.5729746666666664,1.9389266666666665,c
c,ChooseHints,heat-3d,2,LARGE,1.1886910477777053,1.6311443333333333,1.9389266666666665,c
c,ChooseHints,heat-3d,3,LARGE,1.2269469422933448,1.5802856666666667,1.9389266666666665,c
c,ChooseHints,heat-3d,4,LARGE,8.143066931906153,0.2381076666666667,1.9389266666666665,c
c,ChooseHints,heat-3d,5,LARGE,1.349905988035347,1.436342,1.9389266666666665,c
c,FromPlan,heat-3d,1,LARGE,0.810065976151101,2.3935416666666667,1.9389266666666665,c
c,FromPlan,heat-3d,2,LARGE,0.7302894124494634,2.6550113333333334,1.9389266666666665,c
c,FromPlan,heat-3d,3,LARGE,0.6990435707972125,2.7736850000000004,1.9389266666666665,c
c,FromPlan,heat-3d,4,LARGE,0.7309775287224588,2.6525119999999998,1.9389266666666665,c
c,FromPlan,heat-3d,5,LARGE,0.7028992276033178,2.7584703333333334,1.9389266666666665,c
c,Naive,heat-3d,1,LARGE,1.310507072995549,1.4795239999999998,1.9389266666666665,c
c,Naive,heat-3d,2,LARGE,0.988882177465928,1.9607256666666666,1.9389266666666665,c
c,Naive,heat-3d,3,LARGE,0.9642021642242437,2.010913,1.9389266666666665,c
c,Naive,heat-3d,5,LARGE,1.0272502700232193,1.887492,1.9389266666666665,c
c,standard,heat-3d,1,LARGE,1.0,1.9389266666666665,1.9389266666666665,c
exo,AllHints,heat-3d,1,LARGE,1.1413534448319083,1.698796,1.9389266666666665,c
exo,AllHints,heat-3d,3,LARGE,1.262664020116559,1.535584,1.9389266666666665,c
exo,ChooseHints,heat-3d,3,LARGE,1.2829655999144214,1.511285,1.9389266666666665,c
exo,ChooseHints,heat-3d,4,LARGE,1.3105850247436635,1.479436,1.9389266666666665,c
exo,Naive,heat-3d,2,LARGE,1.504329799218557,1.2888973333333331,1.9389266666666665,c
exo,Naive,heat-3d,3,LARGE,1.189844557508158,1.6295629999999999,1.9389266666666665,c
exo,Naive,heat-3d,4,LARGE,1.305315597843466,1.4854083333333332,1.9389266666666665,c
exo,standard,heat-3d,1,LARGE,0.8580117535977894,2.2597903333333336,1.9389266666666665,c
exo,standard,heat-3d,2,LARGE,0.8592843221878204,2.2564436666666663,1.9389266666666665,c
exo,standard,heat-3d,3,LARGE,0.8575891177452322,2.260904,1.9389266666666665,c
exo,standard,heat-3d,4,LARGE,0.8597597134203263,2.255196,1.9389266666666665,c
exo,standard,heat-3d,5,LARGE,0.8563540873205041,2.2641646666666664,1.9389266666666665,c
halide,AllHints,heat-3d,1,LARGE,1.6874744164039044,1.149011,1.9389266666666665,c
halide,AllHints,heat-3d,2,LARGE,1.7573719814703086,1.1033103333333332,1.9389266666666665,c
halide,AllHints,heat-3d,3,LARGE,1.6360276073576492,1.185143,1.9389266666666665,c
halide,AllHints,heat-3d,4,LARGE,0.03492261391596742,55.520662666666674,1.9389266666666665,c
halide,AllHints,heat-3d,5,LARGE,0.6087991498050032,3.1848379999999996,1.9389266666666665,c
halide,ChooseHints,heat-3d,1,LARGE,1.6796817811017823,1.1543416666666666,1.9389266666666665,c
halide,ChooseHints,heat-3d,2,LARGE,1.7589694353515726,1.1023083333333334,1.9389266666666665,c
halide,ChooseHints,heat-3d,3,LARGE,2.4516841477472693,0.790855,1.9389266666666665,c
halide,ChooseHints,heat-3d,4,LARGE,1.7655796978276808,1.0981813333333335,1.9389266666666665,c
halide,ChooseHints,heat-3d,5,LARGE,0.03497844751239741,55.432039,1.9389266666666665,c
halide,FromPlan,heat-3d,1,LARGE,1.355722439534986,1.4301796666666666,1.9389266666666665,c
halide,FromPlan,heat-3d,2,LARGE,2.2317467138329787,0.8687933333333334,1.9389266666666665,c
halide,FromPlan,heat-3d,4,LARGE,2.7279561597066055,0.7107616666666666,1.9389266666666665,c
halide,FromPlan,heat-3d,5,LARGE,0.5897194737155323,3.2878796666666665,1.9389266666666665,c
halide,Naive,heat-3d,1,LARGE,1.7204918716476945,1.1269606666666665,1.9389266666666665,c
halide,Naive,heat-3d,2,LARGE,1.7606486648136321,1.1012570000000002,1.9389266666666665,c
halide,Naive,heat-3d,3,LARGE,0.6078313414792291,3.189909,1.9389266666666665,c
halide,Naive,heat-3d,5,LARGE,1.6687700409878274,1.1618896666666667,1.9389266666666665,c
halide,standard,heat-3d,1,LARGE,0.23896197924694673,8.113954666666666,1.9389266666666665,c
halide,standard,heat-3d,2,LARGE,0.2740265271667982,7.075689666666666,1.9389266666666665,c
halide,standard,heat-3d,3,LARGE,0.18933673260469294,10.240626,1.9389266666666665,c
halide,standard,heat-3d,4,LARGE,0.45387901376638945,4.271902,1.9389266666666665,c
noarr,AllHints,heat-3d,2,LARGE,1.2065935561277024,1.6069426666666669,1.9389266666666665,c
noarr,AllHints,heat-3d,3,LARGE,1.2523168307026222,1.5482716666666665,1.9389266666666665,c
noarr,AllHints,heat-3d,4,LARGE,1.2625409657620754,1.5357336666666666,1.9389266666666665,c
noarr,AllHints,heat-3d,5,LARGE,1.2099987914115748,1.6024203333333336,1.9389266666666665,c
noarr,ChooseHints,heat-3d,1,LARGE,0.9543043675062246,2.031769666666667,1.9389266666666665,c
noarr,ChooseHints,heat-3d,2,LARGE,0.9750345180637968,1.9885723333333332,1.9389266666666665,c
noarr,ChooseHints,heat-3d,3,LARGE,0.9888218278647167,1.9608453333333333,1.9389266666666665,c
noarr,ChooseHints,heat-3d,4,LARGE,0.9990454006620707,1.9407793333333334,1.9389266666666665,c
noarr,ChooseHints,heat-3d,5,LARGE,0.9580295697614206,2.0238693333333333,1.9389266666666665,c
noarr,FromPlan,heat-3d,1,LARGE,0.6856454339968523,2.827885333333333,1.9389266666666665,c
noarr,FromPlan,heat-3d,2,LARGE,0.5891266224509587,3.291188333333333,1.9389266666666665,c
noarr,FromPlan,heat-3d,3,LARGE,0.8964455982424872,2.162905,1.9389266666666665,c
noarr,FromPlan,heat-3d,4,LARGE,0.6057399283206674,3.200922666666667,1.9389266666666665,c
noarr,FromPlan,heat-3d,5,LARGE,0.6045026289116576,3.2074743333333333,1.9389266666666665,c
noarr,Naive,heat-3d,1,LARGE,1.2988218166553345,1.4928350000000001,1.9389266666666665,c
noarr,Naive,heat-3d,2,LARGE,0.9640110475170847,2.0113116666666664,1.9389266666666665,c
noarr,Naive,heat-3d,3,LARGE,0.9843828031618549,1.9696876666666665,1.9389266666666665,c
noarr,Naive,heat-3d,4,LARGE,0.881931887478398,2.1984993333333334,1.9389266666666665,c
noarr,standard,heat-3d,1,LARGE,0.9593704365506747,2.0210406666666665,1.9389266666666665,c
noarr,standard,heat-3d,2,LARGE,0.9242255723201687,2.0978933333333334,1.9389266666666665,c
noarr,standard,heat-3d,3,LARGE,0.9615136983278417,2.0165356666666665,1.9389266666666665,c
noarr,standard,heat-3d,4,LARGE,0.957724504086742,2.024514,1.9389266666666665,c
noarr,standard,heat-3d,5,LARGE,0.9303593974971314,2.084062,1.9389266666666665,c
c,AllHints,jacobi-1d,1,LARGE,0.10365674923054373,0.009097333333333334,0.0009429999999999999,c
c,AllHints,jacobi-1d,2,LARGE,0.1272776353084087,0.007409,0.0009429999999999999,c
c,AllHints,jacobi-1d,4,LARGE,0.12669622464060187,0.007443000000000001,0.0009429999999999999,c
c,AllHints,jacobi-1d,5,LARGE,0.1067224988682662,0.008835999999999998,0.0009429999999999999,c
c,ChooseHints,jacobi-1d,2,LARGE,0.1116901575269454,0.008442999999999999,0.0009429999999999999,c
c,ChooseHints,jacobi-1d,3,LARGE,0.11202185792349725,0.008418,0.0009429999999999999,c
c,ChooseHints,jacobi-1d,4,LARGE,0.11034402059443014,0.008546,0.0009429999999999999,c
c,ChooseHints,jacobi-1d,5,LARGE,0.11345043310875841,0.008312,0.0009429999999999999,c
c,FromPlan,jacobi-1d,2,LARGE,0.132183908045977,0.007134000000000001,0.0009429999999999999,c
c,FromPlan,jacobi-1d,3,LARGE,0.10949837436135625,0.008612,0.0009429999999999999,c
c,FromPlan,jacobi-1d,4,LARGE,0.10958744915746658,0.008605,0.0009429999999999999,c
c,FromPlan,jacobi-1d,5,LARGE,0.10616181326928852,0.008882666666666665,0.0009429999999999999,c
c,Naive,jacobi-1d,2,LARGE,0.32887700534759357,0.0028673333333333333,0.0009429999999999999,c
c,Naive,jacobi-1d,3,LARGE,1.0851553509781358,0.000869,0.0009429999999999999,c
c,Naive,jacobi-1d,4,LARGE,1.0956622773044151,0.0008606666666666667,0.0009429999999999999,c
c,Naive,jacobi-1d,5,LARGE,1.0876585928489042,0.000867,0.0009429999999999999,c
c,standard,jacobi-1d,1,LARGE,1.0,0.0009429999999999999,0.0009429999999999999,c
exo,AllHints,jacobi-1d,1,LARGE,0.033452765263045865,0.028189000000000002,0.0009429999999999999,c
exo,AllHints,jacobi-1d,2,LARGE,0.032148092591961275,0.029332999999999998,0.0009429999999999999,c
exo,AllHints,jacobi-1d,3,LARGE,0.0322360099818822,0.029253,0.0009429999999999999,c
exo,AllHints,jacobi-1d,4,LARGE,0.031541626250125424,0.029897000000000003,0.0009429999999999999,c
exo,AllHints,jacobi-1d,5,LARGE,0.032227930873423634,0.029260333333333333,0.0009429999999999999,c
exo,ChooseHints,jacobi-1d,1,LARGE,0.03533599800149888,0.026686666666666664,0.0009429999999999999,c
exo,ChooseHints,jacobi-1d,3,LARGE,0.03241366667430509,0.029092666666666666,0.0009429999999999999,c
exo,ChooseHints,jacobi-1d,4,LARGE,0.03550451807228915,0.02656,0.0009429999999999999,c
exo,ChooseHints,jacobi-1d,5,LARGE,0.030761033849098045,0.030655666666666664,0.0009429999999999999,c
exo,FromPlan,jacobi-1d,1,LARGE,0.032699531873085594,0.02883833333333333,0.0009429999999999999,c
exo,FromPlan,jacobi-1d,4,LARGE,0.035922897196261676,0.02625066666666667,0.0009429999999999999,c
exo,Naive,jacobi-1d,1,LARGE,0.032136041439476556,0.029344,0.0009429999999999999,c
exo,Naive,jacobi-1d,2,LARGE,0.03304173139139677,0.028539666666666668,0.0009429999999999999,c
exo,Naive,jacobi-1d,5,LARGE,0.03276618909183567,0.028779666666666665,0.0009429999999999999,c
exo,standard,jacobi-1d,1,LARGE,0.6750178954903364,0.001397,0.0009429999999999999,c
exo,standard,jacobi-1d,2,LARGE,1.0042598509052183,0.0009390000000000001,0.0009429999999999999,c
exo,standard,jacobi-1d,3,LARGE,1.003191489361702,0.00094,0.0009429999999999999,c
exo,standard,jacobi-1d,4,LARGE,1.0053304904051172,0.000938,0.0009429999999999999,c
exo,standard,jacobi-1d,5,LARGE,1.0039034776437188,0.0009393333333333334,0.0009429999999999999,c
halide,AllHints,jacobi-1d,5,LARGE,0.3306838106370543,0.002851666666666667,0.0009429999999999999,c
halide,ChooseHints,jacobi-1d,3,LARGE,0.0009451508482804033,0.9977243333333333,0.0009429999999999999,c
halide,ChooseHints,jacobi-1d,4,LARGE,0.36888772982135865,0.0025563333333333336,0.0009429999999999999,c
halide,FromPlan,jacobi-1d,1,LARGE,0.046205860255447026,0.02040866666666667,0.0009429999999999999,c
halide,FromPlan,jacobi-1d,4,LARGE,0.1283750056722784,0.007345666666666667,0.0009429999999999999,c
halide,FromPlan,jacobi-1d,5,LARGE,0.4278584392014519,0.002204,0.0009429999999999999,c
halide,Naive,jacobi-1d,1,LARGE,0.08565718957216822,0.011009,0.0009429999999999999,c
halide,Naive,jacobi-1d,3,LARGE,0.07702150830383882,0.012243333333333333,0.0009429999999999999,c
halide,Naive,jacobi-1d,4,LARGE,0.37901929260450157,0.002488,0.0009429999999999999,c
halide,Naive,jacobi-1d,5,LARGE,0.12480148226574907,0.007556,0.0009429999999999999,c
halide,standard,jacobi-1d,2,LARGE,0.57558494404883,0.0016383333333333334,0.0009429999999999999,c
noarr,AllHints,jacobi-1d,1,LARGE,0.030628816421982587,0.030788,0.0009429999999999999,c
noarr,AllHints,jacobi-1d,2,LARGE,1.3445817490494296,0.0007013333333333333,0.0009429999999999999,c
noarr,AllHints,jacobi-1d,3,LARGE,1.351002865329513,0.0006979999999999999,0.0009429999999999999,c
noarr,AllHints,jacobi-1d,4,LARGE,0.03428758423425607,0.027502666666666665,0.0009429999999999999,c
noarr,AllHints,jacobi-1d,5,LARGE,1.3693126815101644,0.0006886666666666667,0.0009429999999999999,c
noarr,ChooseHints,jacobi-1d,1,LARGE,0.032711252948522264,0.028828000000000003,0.0009429999999999999,c
noarr,ChooseHints,jacobi-1d,2,LARGE,0.5237918903906684,0.0018003333333333333,0.0009429999999999999,c
noarr,ChooseHints,jacobi-1d,3,LARGE,0.03103947686028395,0.030380666666666667,0.0009429999999999999,c
noarr,ChooseHints,jacobi-1d,4,LARGE,0.03196501813497847,0.029501,0.0009429999999999999,c
noarr,ChooseHints,jacobi-1d,5,LARGE,0.08715610462429525,0.010819666666666667,0.0009429999999999999,c
noarr,FromPlan,jacobi-1d,1,LARGE,0.7893415178571429,0.0011946666666666666,0.0009429999999999999,c
noarr,FromPlan,jacobi-1d,2,LARGE,1.341394025604552,0.000703,0.0009429999999999999,c
noarr,FromPlan,jacobi-1d,3,LARGE,0.250597927185756,0.0037630000000000003,0.0009429999999999999,c
noarr,FromPlan,jacobi-1d,4,LARGE,0.7759188151398794,0.0012153333333333332,0.0009429999999999999,c
noarr,FromPlan,jacobi-1d,5,LARGE,0.4789233113255459,0.0019690000000000003,0.0009429999999999999,c
noarr,Naive,jacobi-1d,1,LARGE,0.03406422714301195,0.027683,0.0009429999999999999,c
noarr,Naive,jacobi-1d,3,LARGE,0.025475699478599147,0.03701566666666667,0.0009429999999999999,c
noarr,Naive,jacobi-1d,4,LARGE,0.5404011461318051,0.001745,0.0009429999999999999,c
noarr,Naive,jacobi-1d,5,LARGE,0.5724403075677863,0.0016473333333333333,0.0009429999999999999,c
noarr,standard,jacobi-1d,1,LARGE,1.403970223325062,0.0006716666666666667,0.0009429999999999999,c
noarr,standard,jacobi-1d,2,LARGE,1.398418190805734,0.0006743333333333333,0.0009429999999999999,c
noarr,standard,jacobi-1d,3,LARGE,1.3653474903474903,0.0006906666666666667,0.0009429999999999999,c
noarr,standard,jacobi-1d,4,LARGE,1.38134765625,0.0006826666666666666,0.0009429999999999999,c
noarr,standard,jacobi-1d,5,LARGE,1.384050880626223,0.0006813333333333333,0.0009429999999999999,c
c,AllHints,jacobi-2d,1,LARGE,9.261111731012424,0.17923999999999998,1.6599616666666668,c
c,AllHints,jacobi-2d,2,LARGE,7.449141234790987,0.2228393333333333,1.6599616666666668,c
c,AllHints,jacobi-2d,3,LARGE,10.095064048376338,0.16443300000000002,1.6599616666666668,c
c,AllHints,jacobi-2d,4,LARGE,0.8116002518952445,2.0452946666666665,1.6599616666666668,c
c,AllHints,jacobi-2d,5,LARGE,9.595912201156548,0.17298633333333333,1.6599616666666668,c
c,ChooseHints,jacobi-2d,1,LARGE,9.944395963839904,0.16692433333333334,1.6599616666666668,c
c,ChooseHints,jacobi-2d,2,LARGE,10.346372556963498,0.160439,1.6599616666666668,c
c,ChooseHints,jacobi-2d,3,LARGE,13.791333414569303,0.12036266666666666,1.6599616666666668,c
c,ChooseHints,jacobi-2d,4,LARGE,13.971055680711924,0.11881433333333334,1.6599616666666668,c
c,ChooseHints,jacobi-2d,5,LARGE,10.178194044188283,0.16308999999999998,1.6599616666666668,c
c,FromPlan,jacobi-2d,1,LARGE,0.5203726413931095,3.189948,1.6599616666666668,c
c,FromPlan,jacobi-2d,2,LARGE,0.5224378604563527,3.177338,1.6599616666666668,c
c,FromPlan,jacobi-2d,3,LARGE,8.616657178896665,0.19264566666666663,1.6599616666666668,c
c,FromPlan,jacobi-2d,4,LARGE,0.502375798082232,3.304223,1.6599616666666668,c
c,FromPlan,jacobi-2d,5,LARGE,6.730811338300012,0.24662133333333333,1.6599616666666668,c
c,Naive,jacobi-2d,1,LARGE,1.1368948948359354,1.4600836666666666,1.6599616666666668,c
c,Naive,jacobi-2d,2,LARGE,1.008549783308683,1.6458896666666665,1.6599616666666668,c
c,Naive,jacobi-2d,3,LARGE,1.0077844036298076,1.6471396666666667,1.6599616666666668,c
c,Naive,jacobi-2d,4,LARGE,10.083698656488242,0.16461833333333334,1.6599616666666668,c
c,standard,jacobi-2d,1,LARGE,1.0,1.6599616666666668,1.6599616666666668,c
exo,AllHints,jacobi-2d,2,LARGE,8.391725702191335,0.19780933333333336,1.6599616666666668,c
exo,AllHints,jacobi-2d,3,LARGE,11.501021951754641,0.14433166666666666,1.6599616666666668,c
exo,ChooseHints,jacobi-2d,1,LARGE,8.817904300509786,0.188249,1.6599616666666668,c
exo,ChooseHints,jacobi-2d,2,LARGE,8.978719222836043,0.18487733333333334,1.6599616666666668,c
exo,ChooseHints,jacobi-2d,4,LARGE,11.55385543426563,0.14367166666666667,1.6599616666666668,c
exo,Naive,jacobi-2d,3,LARGE,7.653848991297773,0.21687933333333334,1.6599616666666668,c
exo,standard,jacobi-2d,1,LARGE,1.0090195871839398,1.6451233333333333,1.6599616666666668,c
exo,standard,jacobi-2d,2,LARGE,1.0025979563843712,1.6556603333333333,1.6599616666666668,c
exo,standard,jacobi-2d,3,LARGE,1.00539879317056,1.651048,1.6599616666666668,c
exo,standard,jacobi-2d,4,LARGE,1.006743110827186,1.6488433333333334,1.6599616666666668,c
exo,standard,jacobi-2d,5,LARGE,1.0000600451523483,1.6598619999999997,1.6599616666666668,c
halide,AllHints,jacobi-2d,2,LARGE,3.051188857634245,0.5440376666666666,1.6599616666666668,c
halide,AllHints,jacobi-2d,3,LARGE,3.494077472081817,0.47507866666666665,1.6599616666666668,c
halide,AllHints,jacobi-2d,4,LARGE,3.492291185267521,0.47532166666666664,1.6599616666666668,c
halide,ChooseHints,jacobi-2d,1,LARGE,2.401079739385223,0.6913396666666666,1.6599616666666668,c
halide,ChooseHints,jacobi-2d,2,LARGE,4.052871664238685,0.4095766666666667,1.6599616666666668,c
halide,ChooseHints,jacobi-2d,3,LARGE,2.6399049400229435,0.628796,1.6599616666666668,c
halide,ChooseHints,jacobi-2d,4,LARGE,3.7027507314588655,0.448305,1.6599616666666668,c
halide,FromPlan,jacobi-2d,1,LARGE,3.3730534221365467,0.4921243333333334,1.6599616666666668,c
halide,FromPlan,jacobi-2d,2,LARGE,3.4028391813864505,0.4878166666666666,1.6599616666666668,c
halide,FromPlan,jacobi-2d,3,LARGE,2.4337294343891958,0.682065,1.6599616666666668,c
halide,FromPlan,jacobi-2d,4,LARGE,2.3196878503776106,0.7155969999999999,1.6599616666666668,c
halide,FromPlan,jacobi-2d,5,LARGE,0.5341532381589008,3.107650666666667,1.6599616666666668,c
halide,Naive,jacobi-2d,1,LARGE,3.0482454126825855,0.544563,1.6599616666666668,c
halide,Naive,jacobi-2d,3,LARGE,2.2546811748337356,0.7362290000000001,1.6599616666666668,c
halide,Naive,jacobi-2d,4,LARGE,2.7097403812877765,0.6125906666666667,1.6599616666666668,c
halide,Naive,jacobi-2d,5,LARGE,2.569541764789654,0.6460146666666667,1.6599616666666668,c
halide,standard,jacobi-2d,3,LARGE,0.24413109750492748,6.7994683333333334,1.6599616666666668,c
halide,standard,jacobi-2d,4,LARGE,0.5721364055240241,2.901339,1.6599616666666668,c
halide,standard,jacobi-2d,5,LARGE,0.24344028169330806,6.818763333333333,1.6599616666666668,c
noarr,AllHints,jacobi-2d,1,LARGE,8.989676075356165,0.184652,1.6599616666666668,c
noarr,AllHints,jacobi-2d,2,LARGE,8.953310464108624,0.18540199999999998,1.6599616666666668,c
noarr,AllHints,jacobi-2d,3,LARGE,9.226383248354777,0.17991466666666667,1.6599616666666668,c
noarr,AllHints,jacobi-2d,4,LARGE,8.247942521444319,0.20125766666666667,1.6599616666666668,c
noarr,AllHints,jacobi-2d,5,LARGE,8.954759438678261,0.185372,1.6599616666666668,c
noarr,ChooseHints,jacobi-2d,1,LARGE,0.9771080661348694,1.6988516666666669,1.6599616666666668,c
noarr,ChooseHints,jacobi-2d,2,LARGE,8.803500621385929,0.188557,1.6599616666666668,c
noarr,ChooseHints,jacobi-2d,3,LARGE,0.970971758497759,1.709588,1.6599616666666668,c
noarr,ChooseHints,jacobi-2d,4,LARGE,8.981682715633,0.18481633333333333,1.6599616666666668,c
noarr,ChooseHints,jacobi-2d,5,LARGE,9.01305656457063,0.184173,1.6599616666666668,c
noarr,FromPlan,jacobi-2d,1,LARGE,0.4827293761470541,3.4387003333333332,1.6599616666666668,c
noarr,FromPlan,jacobi-2d,2,LARGE,0.4841820018004598,3.4283836666666665,1.6599616666666668,c
noarr,FromPlan,jacobi-2d,3,LARGE,0.48491065363570646,3.423232,1.6599616666666668,c
noarr,FromPlan,jacobi-2d,4,LARGE,0.5112577343634422,3.2468196666666667,1.6599616666666668,c
noarr,FromPlan,jacobi-2d,5,LARGE,0.46582923353606415,3.5634553333333336,1.6599616666666668,c
noarr,Naive,jacobi-2d,1,LARGE,8.71494472532415,0.190473,1.6599616666666668,c
noarr,Naive,jacobi-2d,2,LARGE,0.5062671320229793,3.2788256666666666,1.6599616666666668,c
noarr,Naive,jacobi-2d,3,LARGE,8.986869483459628,0.18470966666666666,1.6599616666666668,c
noarr,Naive,jacobi-2d,5,LARGE,0.15665043315474142,10.596598,1.6599616666666668,c
noarr,standard,jacobi-2d,1,LARGE,0.9703343619504796,1.7107109999999999,1.6599616666666668,c
noarr,standard,jacobi-2d,2,LARGE,0.9739335718938967,1.704389,1.6599616666666668,c
noarr,standard,jacobi-2d,3,LARGE,0.9732774448101812,1.705538,1.6599616666666668,c
noarr,standard,jacobi-2d,4,LARGE,0.9690204028260246,1.7130306666666666,1.6599616666666668,c
noarr,standard,jacobi-2d,5,LARGE,0.9730695797942321,1.7059023333333334,1.6599616666666668,c
c,AllHints,lu,1,LARGE,1.520157945135439,2.9070009999999997,4.419100666666666,c
c,AllHints,lu,2,LARGE,1.5998520499409885,2.7621933333333337,4.419100666666666,c
c,AllHints,lu,3,LARGE,1.8379794969510501,2.4043253333333334,4.419100666666666,c
c,AllHints,lu,4,LARGE,1.5332839483041676,2.882115,4.419100666666666,c
c,AllHints,lu,5,LARGE,1.52670451345852,2.8945356666666666,4.419100666666666,c
c,ChooseHints,lu,1,LARGE,1.291701990278695,3.4211456666666664,4.419100666666666,c
c,ChooseHints,lu,2,LARGE,1.540140202192091,2.8692846666666667,4.419100666666666,c
c,ChooseHints,lu,3,LARGE,1.5202745674649618,2.9067779999999996,4.419100666666666,c
c,ChooseHints,lu,4,LARGE,1.5282203077028063,2.8916646666666668,4.419100666666666,c
c,ChooseHints,lu,5,LARGE,1.877213998653681,2.354074,4.419100666666666,c
c,FromPlan,lu,1,LARGE,1.5279136679868632,2.8922450000000004,4.419100666666666,c
c,FromPlan,lu,2,LARGE,1.5681253752556705,2.8180786666666666,4.419100666666666,c
c,FromPlan,lu,3,LARGE,1.4888728466191552,2.9680846666666665,4.419100666666666,c
c,FromPlan,lu,4,LARGE,1.0040714826261798,4.401181333333333,4.419100666666666,c
c,FromPlan,lu,5,LARGE,4.233130765860866,1.043932,4.419100666666666,c
c,Naive,lu,1,LARGE,1.5174621495849132,2.9121653333333337,4.419100666666666,c
c,Naive,lu,2,LARGE,1.5112009504949047,2.9242310000000002,4.419100666666666,c
c,Naive,lu,3,LARGE,1.514104999539166,2.9186223333333334,4.419100666666666,c
c,Naive,lu,4,LARGE,1.525792054138661,2.896266666666667,4.419100666666666,c
c,Naive,lu,5,LARGE,1.5284317335643431,2.891264666666667,4.419100666666666,c
c,standard,lu,1,LARGE,1.0,4.419100666666666,4.419100666666666,c
exo,AllHints,lu,1,LARGE,1.795479779135421,2.4612366666666667,4.419100666666666,c
exo,AllHints,lu,2,LARGE,1.645375894110552,2.685769666666667,4.419100666666666,c
exo,AllHints,lu,3,LARGE,1.6653788967873,2.6535106666666666,4.419100666666666,c
exo,AllHints,lu,4,LARGE,0.09390955476962116,47.05698666666667,4.419100666666666,c
exo,AllHints,lu,5,LARGE,1.2380737143709373,3.569335666666667,4.419100666666666,c
exo,ChooseHints,lu,1,LARGE,1.5054201612921536,2.9354600000000004,4.419100666666666,c
exo,ChooseHints,lu,2,LARGE,1.796232212022382,2.460205666666667,4.419100666666666,c
exo,ChooseHints,lu,3,LARGE,0.9972332053866967,4.431361333333333,4.419100666666666,c
exo,FromPlan,lu,3,LARGE,1.30136513106069,3.395742333333333,4.419100666666666,c
exo,Naive,lu,1,LARGE,1.5976063805429301,2.766076,4.419100666666666,c
exo,Naive,lu,2,LARGE,1.5021294695746676,2.941890666666667,4.419100666666666,c
exo,Naive,lu,3,LARGE,1.4766760230791507,2.9926,4.419100666666666,c
exo,Naive,lu,4,LARGE,1.6465020607819518,2.6839326666666667,4.419100666666666,c
exo,Naive,lu,5,LARGE,1.499910790320823,2.9462423333333336,4.419100666666666,c
exo,standard,lu,1,LARGE,1.0046247910015798,4.398757333333333,4.419100666666666,c
exo,standard,lu,2,LARGE,0.9939126579319499,4.446166,4.419100666666666,c
exo,standard,lu,3,LARGE,1.0011890595645208,4.413852333333334,4.419100666666666,c
exo,standard,lu,4,LARGE,0.9953308282830284,4.439831,4.419100666666666,c
exo,standard,lu,5,LARGE,1.0057085957261127,4.394017,4.419100666666666,c
halide,ChooseHints,lu,2,LARGE,0.6847826648404833,6.453289333333333,4.419100666666666,c
halide,ChooseHints,lu,4,LARGE,0.6610207859052457,6.685267333333333,4.419100666666666,c
halide,ChooseHints,lu,5,LARGE,0.5538378770441078,7.979051000000001,4.419100666666666,c
halide,FromPlan,lu,5,LARGE,0.553321174484983,7.986502000000001,4.419100666666666,c
halide,standard,lu,1,LARGE,0.5437101059695851,8.127678000000001,4.419100666666666,c
halide,standard,lu,5,LARGE,0.5647869152711972,7.824368,4.419100666666666,c
noarr,AllHints,lu,1,LARGE,1.006726239121385,4.389575333333333,4.419100666666666,c
noarr,AllHints,lu,2,LARGE,1.0073789185782518,4.3867313333333335,4.419100666666666,c
noarr,AllHints,lu,3,LARGE,1.5232871367036616,2.9010293333333337,4.419100666666666,c
noarr,AllHints,lu,4,LARGE,1.00665186045634,4.3898996666666665,4.419100666666666,c
noarr,AllHints,lu,5,LARGE,1.5055102555084667,2.935284333333333,4.419100666666666,c
noarr,ChooseHints,lu,1,LARGE,1.0129877552536128,4.362442333333333,4.419100666666666,c
noarr,ChooseHints,lu,2,LARGE,1.0075638145313124,4.385926333333334,4.419100666666666,c
noarr,ChooseHints,lu,3,LARGE,1.0132537790172664,4.3612969999999995,4.419100666666666,c
noarr,ChooseHints,lu,5,LARGE,1.0028842951912122,4.4063913333333335,4.419100666666666,c
noarr,FromPlan,lu,1,LARGE,1.6101116644145612,2.744592666666667,4.419100666666666,c
noarr,FromPlan,lu,2,LARGE,1.523857417460178,2.8999436666666667,4.419100666666666,c
noarr,FromPlan,lu,3,LARGE,1.517328418294693,2.912422,4.419100666666666,c
noarr,FromPlan,lu,4,LARGE,1.5259206074353928,2.8960226666666666,4.419100666666666,c
noarr,FromPlan,lu,5,LARGE,1.505797363841287,2.9347246666666664,4.419100666666666,c
noarr,Naive,lu,1,LARGE,1.0063140460235673,4.391373333333333,4.419100666666666,c
noarr,Naive,lu,2,LARGE,1.0060466908253012,4.392540333333334,4.419100666666666,c
noarr,Naive,lu,3,LARGE,1.5257969710794574,2.8962573333333332,4.419100666666666,c
noarr,Naive,lu,4,LARGE,0.9973398857204071,4.430887333333334,4.419100666666666,c
noarr,standard,lu,2,LARGE,1.0094441064563509,4.3777566666666665,4.419100666666666,c
noarr,standard,lu,5,LARGE,1.00876633510611,4.380698,4.419100666666666,c
c,AllHints,ludcmp,1,LARGE,1.5588026681897373,2.8089456666666663,4.378592,c
c,AllHints,ludcmp,2,LARGE,1.6882114793398129,2.5936276666666664,4.378592,c
c,AllHints,ludcmp,3,LARGE,1.0738184280717404,4.077590666666667,4.378592,c
c,AllHints,ludcmp,5,LARGE,1.0012731081477244,4.373024666666667,4.378592,c
c,ChooseHints,ludcmp,1,LARGE,1.8740889234405358,2.336384333333333,4.378592,c
c,ChooseHints,ludcmp,2,LARGE,1.843157735515264,2.3755926666666665,4.378592,c
c,ChooseHints,ludcmp,3,LARGE,1.6823929630306542,2.6025976666666666,4.378592,c
c,ChooseHints,ludcmp,4,LARGE,1.8810647328716514,2.32772,4.378592,c
c,ChooseHints,ludcmp,5,LARGE,1.9008801995263638,2.303455,4.378592,c
c,FromPlan,ludcmp,1,LARGE,1.5187913747920965,2.882945,4.378592,c
c,FromPlan,ludcmp,3,LARGE,1.6750415069509799,2.61402,4.378592,c
c,FromPlan,ludcmp,4,LARGE,1.5139661610806325,2.8921333333333337,4.378592,c
c,FromPlan,ludcmp,5,LARGE,1.5112856513198836,2.897263,4.378592,c
c,Naive,ludcmp,2,LARGE,1.5058944805779175,2.9076353333333333,4.378592,c
c,Naive,ludcmp,3,LARGE,0.9955538848181508,4.398146666666666,4.378592,c
c,Naive,ludcmp,4,LARGE,1.07949761086406,4.056138666666667,4.378592,c
c,standard,ludcmp,1,LARGE,1.0,4.378592,4.378592,c
exo,AllHints,ludcmp,2,LARGE,0.9954098667745148,4.398783,4.378592,c
exo,AllHints,ludcmp,5,LARGE,1.7544832847756846,2.495659,4.378592,c
exo,ChooseHints,ludcmp,1,LARGE,0.9914042368008193,4.4165556666666665,4.378592,c
exo,ChooseHints,ludcmp,3,LARGE,1.7733356031408125,2.4691276666666666,4.378592,c
exo,ChooseHints,ludcmp,4,LARGE,1.478540425195677,2.9614286666666665,4.378592,c
exo,FromPlan,ludcmp,3,LARGE,0.12167031365819059,35.98734866666667,4.378592,c
exo,Naive,ludcmp,1,LARGE,1.4599835860191295,2.9990693333333334,4.378592,c
exo,Naive,ludcmp,2,LARGE,0.9959937409642697,4.396204333333333,4.378592,c
exo,Naive,ludcmp,3,LARGE,1.3264518766241389,3.3009806666666663,4.378592,c
exo,Naive,ludcmp,5,LARGE,0.9975477797918252,4.389355666666667,4.378592,c
exo,standard,ludcmp,1,LARGE,0.9972908847835308,4.3904863333333335,4.378592,c
exo,standard,ludcmp,2,LARGE,0.9917410629854649,4.4150556666666665,4.378592,c
exo,standard,ludcmp,3,LARGE,0.9914811627065996,4.416213,4.378592,c
exo,standard,ludcmp,4,LARGE,0.9921146836458934,4.413393,4.378592,c
exo,standard,ludcmp,5,LARGE,0.9952980156134736,4.399277333333333,4.378592,c
halide,AllHints,ludcmp,2,LARGE,0.5545825614247814,7.895293333333334,4.378592,c
halide,AllHints,ludcmp,4,LARGE,0.6741710879960191,6.494778666666666,4.378592,c
halide,ChooseHints,ludcmp,1,LARGE,0.5541494121300886,7.901464666666667,4.378592,c
halide,Naive,ludcmp,3,LARGE,0.6781346127388335,6.4568183333333335,4.378592,c
halide,standard,ludcmp,1,LARGE,1.007001833194692,4.348147,4.378592,c
halide,standard,ludcmp,3,LARGE,0.5605129395312888,7.8117589999999995,4.378592,c
halide,standard,ludcmp,4,LARGE,0.5437870279081429,8.052034666666666,4.378592,c
noarr,AllHints,ludcmp,1,LARGE,1.0012911204483204,4.372946,4.378592,c
noarr,AllHints,ludcmp,2,LARGE,1.1317608917904063,3.868831333333334,4.378592,c
noarr,AllHints,ludcmp,3,LARGE,0.9978932667492587,4.387836,4.378592,c
noarr,AllHints,ludcmp,4,LARGE,1.0053302699422095,4.3553766666666665,4.378592,c
noarr,AllHints,ludcmp,5,LARGE,1.0062127958807077,4.351556666666667,4.378592,c
noarr,ChooseHints,ludcmp,1,LARGE,0.9958916494471366,4.396655,4.378592,c
noarr,ChooseHints,ludcmp,2,LARGE,0.9942577908571533,4.40388,4.378592,c
noarr,ChooseHints,ludcmp,3,LARGE,0.9938291659031494,4.405779333333333,4.378592,c
noarr,ChooseHints,ludcmp,4,LARGE,1.0021541799605418,4.36918,4.378592,c
noarr,ChooseHints,ludcmp,5,LARGE,0.9987879149163565,4.383905666666667,4.378592,c
noarr,FromPlan,ludcmp,1,LARGE,0.9975736886971743,4.389241666666667,4.378592,c
noarr,FromPlan,ludcmp,2,LARGE,0.9940568221831617,4.404770333333334,4.378592,c
noarr,FromPlan,ludcmp,3,LARGE,0.988466812616501,4.429680333333334,4.378592,c
noarr,FromPlan,ludcmp,5,LARGE,1.0036332663341694,4.362741,4.378592,c
noarr,Naive,ludcmp,1,LARGE,0.9937652573862622,4.406062666666666,4.378592,c
noarr,Naive,ludcmp,2,LARGE,1.0012647891259694,4.373061,4.378592,c
noarr,Naive,ludcmp,3,LARGE,0.9884485149579507,4.429762333333334,4.378592,c
noarr,Naive,ludcmp,4,LARGE,0.9942996350640115,4.4036946666666665,4.378592,c
noarr,Naive,ludcmp,5,LARGE,0.9954951107670136,4.398406333333333,4.378592,c
noarr,standard,ludcmp,1,LARGE,0.997654378559179,4.388886666666667,4.378592,c
c,AllHints,mvt,1,LARGE,2.8640598346673665,0.0050806666666666665,0.014551333333333333,c
c,AllHints,mvt,2,LARGE,5.611775292454043,0.002593,0.014551333333333333,c
c,AllHints,mvt,4,LARGE,6.288389513108614,0.002314,0.014551333333333333,c
c,AllHints,mvt,5,LARGE,2.097539880837978,0.0069373333333333335,0.014551333333333333,c
c,ChooseHints,mvt,1,LARGE,4.797142857142856,0.0030333333333333336,0.014551333333333333,c
c,ChooseHints,mvt,2,LARGE,10.453544061302681,0.001392,0.014551333333333333,c
c,ChooseHints,mvt,3,LARGE,0.998810232004759,0.014568666666666667,0.014551333333333333,c
c,ChooseHints,mvt,5,LARGE,6.712901737659541,0.0021676666666666667,0.014551333333333333,c
c,FromPlan,mvt,1,LARGE,1.9200387051372272,0.007578666666666667,0.014551333333333333,c
c,FromPlan,mvt,2,LARGE,1.3825057005320498,0.010525333333333333,0.014551333333333333,c
c,FromPlan,mvt,3,LARGE,2.40068191816982,0.006061333333333333,0.014551333333333333,c
c,FromPlan,mvt,4,LARGE,2.398571428571428,0.006066666666666667,0.014551333333333333,c
c,FromPlan,mvt,5,LARGE,2.369023715200521,0.006142333333333333,0.014551333333333333,c
c,Naive,mvt,1,LARGE,2.383120427994322,0.006106,0.014551333333333333,c
c,Naive,mvt,2,LARGE,2.390166447656592,0.0060880000000000005,0.014551333333333333,c
c,Naive,mvt,3,LARGE,2.3627408529984844,0.0061586666666666665,0.014551333333333333,c
c,Naive,mvt,4,LARGE,1.7435098650051921,0.008346,0.014551333333333333,c
c,Naive,mvt,5,LARGE,2.3846826177209657,0.006102,0.014551333333333333,c
c,standard,mvt,1,LARGE,1.0,0.014551333333333333,0.014551333333333333,c
exo,AllHints,mvt,1,LARGE,4.81885417816536,0.003019666666666667,0.014551333333333333,c
exo,AllHints,mvt,2,LARGE,5.9734537493158175,0.0024360000000000002,0.014551333333333333,c
exo,AllHints,mvt,3,LARGE,5.095004668534081,0.0028559999999999996,0.014551333333333333,c
exo,AllHints,mvt,4,LARGE,6.166690210481707,0.0023596666666666666,0.014551333333333333,c
exo,AllHints,mvt,5,LARGE,3.000274914089347,0.00485,0.014551333333333333,c
exo,ChooseHints,mvt,1,LARGE,2.3584008643976233,0.006169999999999999,0.014551333333333333,c
exo,ChooseHints,mvt,2,LARGE,2.409028199326748,0.0060403333333333325,0.014551333333333333,c
exo,ChooseHints,mvt,3,LARGE,6.5409050044950545,0.002224666666666667,0.014551333333333333,c
exo,ChooseHints,mvt,4,LARGE,2.3692808683853457,0.006141666666666667,0.014551333333333333,c
exo,ChooseHints,mvt,5,LARGE,6.432002357448061,0.0022623333333333336,0.014551333333333333,c
exo,FromPlan,mvt,2,LARGE,1.9341603898980948,0.007523333333333333,0.014551333333333333,c
exo,FromPlan,mvt,3,LARGE,0.27535354299915477,0.052846000000000004,0.014551333333333333,c
exo,FromPlan,mvt,4,LARGE,0.2746657438575518,0.05297833333333333,0.014551333333333333,c
exo,Naive,mvt,2,LARGE,6.583320766098628,0.0022103333333333332,0.014551333333333333,c
exo,Naive,mvt,3,LARGE,2.2316854966515,0.006520333333333334,0.014551333333333333,c
exo,Naive,mvt,4,LARGE,2.8856425171866738,0.005042666666666667,0.014551333333333333,c
exo,standard,mvt,1,LARGE,0.968560715315835,0.015023666666666666,0.014551333333333333,c
exo,standard,mvt,2,LARGE,0.9659674278633387,0.015064,0.014551333333333333,c
exo,standard,mvt,3,LARGE,0.9753122277083939,0.014919666666666666,0.014551333333333333,c
exo,standard,mvt,4,LARGE,0.9727694090382386,0.014958666666666667,0.014551333333333333,c
exo,standard,mvt,5,LARGE,0.972791086350975,0.014958333333333332,0.014551333333333333,c
halide,AllHints,mvt,3,LARGE,3.0275331160274637,0.0048063333333333335,0.014551333333333333,c
halide,AllHints,mvt,5,LARGE,0.5423800412494098,0.026828666666666667,0.014551333333333333,c
halide,ChooseHints,mvt,2,LARGE,0.5989764136057408,0.02429366666666667,0.014551333333333333,c
halide,FromPlan,mvt,5,LARGE,0.9019048799636379,0.016134,0.014551333333333333,c
halide,Naive,mvt,2,LARGE,1.3625269203158652,0.010679666666666665,0.014551333333333333,c
halide,Naive,mvt,3,LARGE,3.543919467446014,0.004105999999999999,0.014551333333333333,c
halide,standard,mvt,1,LARGE,0.8553737631037523,0.017011666666666665,0.014551333333333333,c
halide,standard,mvt,2,LARGE,1.2565918249856074,0.01158,0.014551333333333333,c
halide,standard,mvt,3,LARGE,0.8562294053036246,0.01699466666666667,0.014551333333333333,c
halide,standard,mvt,4,LARGE,0.8538178688781097,0.017042666666666668,0.014551333333333333,c
halide,standard,mvt,5,LARGE,0.8569185167736489,0.016981,0.014551333333333333,c
noarr,AllHints,mvt,1,LARGE,3.000274914089347,0.00485,0.014551333333333333,c
noarr,AllHints,mvt,2,LARGE,2.115942028985507,0.006877,0.014551333333333333,c
noarr,AllHints,mvt,3,LARGE,1.944672131147541,0.007482666666666666,0.014551333333333333,c
noarr,AllHints,mvt,4,LARGE,3.020619983393302,0.004817333333333333,0.014551333333333333,c
noarr,AllHints,mvt,5,LARGE,2.114814455963569,0.006880666666666667,0.014551333333333333,c
noarr,ChooseHints,mvt,1,LARGE,2.1130742049469964,0.006886333333333334,0.014551333333333333,c
noarr,ChooseHints,mvt,2,LARGE,2.125109531691169,0.006847333333333334,0.014551333333333333,c
noarr,ChooseHints,mvt,3,LARGE,2.1114389359129384,0.006891666666666667,0.014551333333333333,c
noarr,ChooseHints,mvt,4,LARGE,2.114507144587067,0.006881666666666667,0.014551333333333333,c
noarr,ChooseHints,mvt,5,LARGE,2.1233523031275836,0.006853000000000001,0.014551333333333333,c
noarr,FromPlan,mvt,1,LARGE,1.7490284065868025,0.008319666666666666,0.014551333333333333,c
noarr,FromPlan,mvt,2,LARGE,1.7325078382347103,0.008399,0.014551333333333333,c
noarr,FromPlan,mvt,3,LARGE,1.7204902849485673,0.008457666666666667,0.014551333333333333,c
noarr,FromPlan,mvt,4,LARGE,1.7621604165825697,0.008257666666666667,0.014551333333333333,c
noarr,FromPlan,mvt,5,LARGE,1.760880964866282,0.008263666666666667,0.014551333333333333,c
noarr,Naive,mvt,1,LARGE,1.0169831100757134,0.014308333333333333,0.014551333333333333,c
noarr,Naive,mvt,2,LARGE,1.1104497354497356,0.013104,0.014551333333333333,c
noarr,Naive,mvt,3,LARGE,2.111030514048068,0.006893,0.014551333333333333,c
noarr,Naive,mvt,4,LARGE,1.770235198702352,0.00822,0.014551333333333333,c
noarr,Naive,mvt,5,LARGE,2.109806195930598,0.006897,0.014551333333333333,c
noarr,standard,mvt,1,LARGE,1.059408823957676,0.013735333333333334,0.014551333333333333,c
noarr,standard,mvt,2,LARGE,1.0638235652491774,0.013678333333333334,0.014551333333333333,c
noarr,standard,mvt,3,LARGE,1.0589205579138872,0.013741666666666666,0.014551333333333333,c
noarr,standard,mvt,4,LARGE,1.0638235652491774,0.013678333333333334,0.014551333333333333,c
noarr,standard,mvt,5,LARGE,1.063175840233804,0.013686666666666666,0.014551333333333333,c
c,AllHints,nussinov,1,LARGE,42.08072174051503,0.18422133333333335,7.752166666666667,c
c,AllHints,nussinov,3,LARGE,58.94750449269889,0.13150966666666666,7.752166666666667,c
c,AllHints,nussinov,5,LARGE,83.24742452553282,0.093122,7.752166666666667,c
c,ChooseHints,nussinov,1,LARGE,84.82170536981046,0.09139366666666666,7.752166666666667,c
c,ChooseHints,nussinov,2,LARGE,57.52145630827829,0.13477000000000003,7.752166666666667,c
c,ChooseHints,nussinov,4,LARGE,57.75228833804327,0.13423133333333334,7.752166666666667,c
c,ChooseHints,nussinov,5,LARGE,74.33041421631296,0.10429333333333334,7.752166666666667,c
c,FromPlan,nussinov,1,LARGE,1.9187657459825262,4.040184,7.752166666666667,c
c,FromPlan,nussinov,3,LARGE,41.22250385522094,0.18805666666666668,7.752166666666667,c
c,FromPlan,nussinov,4,LARGE,12.260098707066062,0.6323086666666667,7.752166666666667,c
c,FromPlan,nussinov,5,LARGE,1.8605953168984282,4.166498,7.752166666666667,c
c,Naive,nussinov,1,LARGE,1.9408755066459955,3.9941596666666666,7.752166666666667,c
c,Naive,nussinov,2,LARGE,1.9323064201860198,4.011872333333333,7.752166666666667,c
c,Naive,nussinov,3,LARGE,1.9514222437550544,3.9725726666666668,7.752166666666667,c
c,Naive,nussinov,5,LARGE,1.9606643015439564,3.9538469999999997,7.752166666666667,c
c,standard,nussinov,1,LARGE,1.0,7.752166666666667,7.752166666666667,c
exo,AllHints,nussinov,2,LARGE,22.111458140209265,0.350595,7.752166666666667,c
exo,AllHints,nussinov,3,LARGE,38.81102893075044,0.19974133333333333,7.752166666666667,c
exo,AllHints,nussinov,5,LARGE,43.431857187410706,0.17849033333333333,7.752166666666667,c
exo,ChooseHints,nussinov,1,LARGE,1.017206498539612,7.621035333333334,7.752166666666667,c
exo,ChooseHints,nussinov,2,LARGE,44.01122587628828,0.17614066666666664,7.752166666666667,c
exo,ChooseHints,nussinov,3,LARGE,22.056431612400875,0.35146966666666674,7.752166666666667,c
exo,ChooseHints,nussinov,4,LARGE,43.95732133744118,0.17635666666666663,7.752166666666667,c
exo,ChooseHints,nussinov,5,LARGE,43.9840907199649,0.17624933333333334,7.752166666666667,c
exo,FromPlan,nussinov,1,LARGE,43.79186132122191,0.177023,7.752166666666667,c
exo,FromPlan,nussinov,4,LARGE,1.0216631330663022,7.587791333333333,7.752166666666667,c
exo,Naive,nussinov,1,LARGE,1.0230374673698273,7.577597999999999,7.752166666666667,c
exo,Naive,nussinov,2,LARGE,1.0052234968447615,7.711883666666666,7.752166666666667,c
exo,standard,nussinov,1,LARGE,0.9865604392084864,7.857771666666667,7.752166666666667,c
exo,standard,nussinov,2,LARGE,1.0097459928629826,7.677343333333333,7.752166666666667,c
exo,standard,nussinov,3,LARGE,0.9920821127379648,7.814037333333334,7.752166666666667,c
exo,standard,nussinov,5,LARGE,1.0136009456585418,7.648144666666667,7.752166666666667,c
halide,AllHints,nussinov,4,LARGE,1.6547221999875485,4.684875,7.752166666666667,c
halide,ChooseHints,nussinov,1,LARGE,1.1424853336058156,6.785353333333333,7.752166666666667,c
halide,ChooseHints,nussinov,3,LARGE,1.136888981139908,6.818754333333334,7.752166666666667,c
halide,standard,nussinov,3,LARGE,0.35540535611069585,21.812183,7.752166666666667,c
halide,standard,nussinov,4,LARGE,0.9651626359113874,8.031979666666667,7.752166666666667,c
c,AllHints,seidel-2d,1,LARGE,1.3566497108809779,20.025547333333332,27.167653,c
c,AllHints,seidel-2d,2,LARGE,0.9742679708887825,27.885195666666664,27.167653,c
c,AllHints,seidel-2d,3,LARGE,0.974273933769111,27.885025,27.167653,c
c,AllHints,seidel-2d,4,LARGE,0.9096322439016981,29.86663366666667,27.167653,c
c,AllHints,seidel-2d,5,LARGE,1.309658065835744,20.744080999999998,27.167653,c
c,ChooseHints,seidel-2d,1,LARGE,1.356671683506346,20.025223,27.167653,c
c,ChooseHints,seidel-2d,2,LARGE,0.9743276146244064,27.883488666666665,27.167653,c
c,ChooseHints,seidel-2d,3,LARGE,1.8723232406675716,14.510129666666666,27.167653,c
c,ChooseHints,seidel-2d,4,LARGE,1.0000827277663698,27.16540566666667,27.167653,c
c,ChooseHints,seidel-2d,5,LARGE,1.2257108496376283,22.164814000000003,27.167653,c
c,FromPlan,seidel-2d,1,LARGE,1.8961841064175267,14.327539666666667,27.167653,c
c,FromPlan,seidel-2d,2,LARGE,1.896301283460854,14.326654333333332,27.167653,c
c,FromPlan,seidel-2d,3,LARGE,1.8962471490435702,14.327063333333333,27.167653,c
c,FromPlan,seidel-2d,4,LARGE,1.8965266782168315,14.324951666666669,27.167653,c
c,FromPlan,seidel-2d,5,LARGE,1.8965912883160654,14.324463666666666,27.167653,c
c,Naive,seidel-2d,2,LARGE,0.9097454037647313,29.86291866666667,27.167653,c
c,Naive,seidel-2d,3,LARGE,1.2674431005577418,21.435008,27.167653,c
c,Naive,seidel-2d,4,LARGE,1.1960193372429762,22.715061666666667,27.167653,c
c,Naive,seidel-2d,5,LARGE,0.9976856736106456,27.230673666666664,27.167653,c
c,standard,seidel-2d,1,LARGE,1.0,27.167653,27.167653,c
exo,AllHints,seidel-2d,1,LARGE,0.9998849621976237,27.170778666666667,27.167653,c
exo,ChooseHints,seidel-2d,1,LARGE,0.8836321095827095,30.745434333333336,27.167653,c
exo,FromPlan,seidel-2d,2,LARGE,1.1451918302311235,23.723233333333337,27.167653,c
exo,FromPlan,seidel-2d,3,LARGE,1.1474086097937468,23.677400333333335,27.167653,c
exo,Naive,seidel-2d,3,LARGE,0.8814667528489946,30.820961666666665,27.167653,c
exo,standard,seidel-2d,1,LARGE,0.9999874361968297,27.167994333333336,27.167653,c
exo,standard,seidel-2d,2,LARGE,1.0000352883076205,27.166694333333336,27.167653,c
exo,standard,seidel-2d,3,LARGE,0.9999788723791214,27.168227,27.167653,c
exo,standard,seidel-2d,4,LARGE,0.9999666526296077,27.168559,27.167653,c
exo,standard,seidel-2d,5,LARGE,1.000026294215263,27.166938666666667,27.167653,c
halide,AllHints,seidel-2d,1,LARGE,27.011042972843455,1.005798,27.167653,c
halide,AllHints,seidel-2d,2,LARGE,26.54400168051627,1.023495,27.167653,c
halide,ChooseHints,seidel-2d,1,LARGE,27.2965015863213,0.9952796666666668,27.167653,c
halide,Naive,seidel-2d,1,LARGE,27.732980564480073,0.9796153333333333,27.167653,c
halide,Naive,seidel-2d,2,LARGE,33.131984497233276,0.8199826666666666,27.167653,c
halide,Naive,seidel-2d,5,LARGE,30.67748444726826,0.8855893333333333,27.167653,c
halide,standard,seidel-2d,1,LARGE,4.043368288264726,6.719064666666667,27.167653,c
halide,standard,seidel-2d,3,LARGE,7.0157242064858405,3.8723946666666667,27.167653,c
noarr,AllHints,seidel-2d,1,LARGE,1.0000246622895153,27.166983,27.167653,c
noarr,AllHints,seidel-2d,2,LARGE,1.3475871963494046,20.160219,27.167653,c
noarr,AllHints,seidel-2d,3,LARGE,1.265691838769013,21.464666333333337,27.167653,c
noarr,AllHints,seidel-2d,4,LARGE,1.3566477688332161,20.025576,27.167653,c
noarr,AllHints,seidel-2d,5,LARGE,1.3566581340129495,20.025423,27.167653,c
noarr,ChooseHints,seidel-2d,1,LARGE,1.356613512928016,20.026081666666666,27.167653,c
noarr,ChooseHints,seidel-2d,2,LARGE,1.3566383296570046,20.025715333333334,27.167653,c
noarr,ChooseHints,seidel-2d,3,LARGE,1.0000436199508895,27.166468,27.167653,c
noarr,ChooseHints,seidel-2d,4,LARGE,0.999997852843303,27.167711333333333,27.167653,c
noarr,ChooseHints,seidel-2d,5,LARGE,1.3566515174420268,20.025520666666665,27.167653,c
noarr,FromPlan,seidel-2d,1,LARGE,1.1456491903829462,23.713762666666668,27.167653,c
noarr,FromPlan,seidel-2d,2,LARGE,1.3565411228167574,20.027150333333335,27.167653,c
noarr,FromPlan,seidel-2d,3,LARGE,1.1489340259936955,23.645964333333335,27.167653,c
noarr,FromPlan,seidel-2d,4,LARGE,1.1484363015172463,23.656212333333333,27.167653,c
noarr,Naive,seidel-2d,1,LARGE,1.0000662841954882,27.165852333333333,27.167653,c
noarr,Naive,seidel-2d,2,LARGE,1.3476468014425482,20.159327333333334,27.167653,c
noarr,Naive,seidel-2d,3,LARGE,1.3567704223199977,20.023765666666666,27.167653,c
noarr,Naive,seidel-2d,4,LARGE,0.9959840570127013,27.27719666666667,27.167653,c
noarr,Naive,seidel-2d,5,LARGE,1.3566585856583688,20.025416333333336,27.167653,c
noarr,standard,seidel-2d,1,LARGE,1.0000047237771903,27.167524666666665,27.167653,c
noarr,standard,seidel-2d,2,LARGE,1.0000333986758836,27.166745666666667,27.167653,c
noarr,standard,seidel-2d,3,LARGE,1.000084580769825,27.165355333333334,27.167653,c
noarr,standard,seidel-2d,4,LARGE,1.0000883236123164,27.16525366666667,27.167653,c
noarr,standard,seidel-2d,5,LARGE,0.9999440787774212,27.169172333333336,27.167653,c
c,AllHints,symm,1,LARGE,68.3217164737721,0.023156,1.5820576666666666,c
c,AllHints,symm,2,LARGE,3.358992905040783,0.47099166666666664,1.5820576666666666,c
c,AllHints,symm,3,LARGE,5.5598582557254135,0.28455,1.5820576666666666,c
c,AllHints,symm,4,LARGE,0.30228581782816255,5.233648333333334,1.5820576666666666,c
c,AllHints,symm,5,LARGE,23.293528993153537,0.06791833333333334,1.5820576666666666,c
c,ChooseHints,symm,1,LARGE,3.3018486478288662,0.47914300000000004,1.5820576666666666,c
c,ChooseHints,symm,2,LARGE,18.432455629344826,0.08583,1.5820576666666666,c
c,ChooseHints,symm,3,LARGE,23.170486777291213,0.06827899999999999,1.5820576666666666,c
c,ChooseHints,symm,4,LARGE,29.28687877179775,0.054019333333333336,1.5820576666666666,c
c,ChooseHints,symm,5,LARGE,6.533189900216251,0.24215699999999998,1.5820576666666666,c
c,FromPlan,symm,1,LARGE,3.653091352433497,0.43307366666666663,1.5820576666666666,c
c,FromPlan,symm,2,LARGE,3.788376668728673,0.41760833333333336,1.5820576666666666,c
c,FromPlan,symm,3,LARGE,5.629978244829884,0.28100600000000003,1.5820576666666666,c
c,FromPlan,symm,4,LARGE,3.7532535314962088,0.4215163333333334,1.5820576666666666,c
c,FromPlan,symm,5,LARGE,3.4284165352584544,0.46145433333333336,1.5820576666666666,c
c,Naive,symm,1,LARGE,3.338007733543012,0.4739526666666667,1.5820576666666666,c
c,Naive,symm,2,LARGE,3.3165714916620543,0.47701600000000005,1.5820576666666666,c
c,Naive,symm,3,LARGE,3.362145716006092,0.47054999999999997,1.5820576666666666,c
c,Naive,symm,4,LARGE,1.0049783363704623,1.5742206666666665,1.5820576666666666,c
c,Naive,symm,5,LARGE,1.3146667250203037,1.2033906666666667,1.5820576666666666,c
c,standard,symm,1,LARGE,1.0,1.5820576666666666,1.5820576666666666,c
exo,AllHints,symm,2,LARGE,33.389893347591176,0.04738133333333333,1.5820576666666666,c
exo,AllHints,symm,5,LARGE,21.708997516317744,0.07287566666666667,1.5820576666666666,c
exo,ChooseHints,symm,2,LARGE,1.5372613582663328,1.0291403333333333,1.5820576666666666,c
exo,ChooseHints,symm,3,LARGE,13.889354516802111,0.11390433333333333,1.5820576666666666,c
exo,ChooseHints,symm,4,LARGE,5.818834387493762,0.2718856666666667,1.5820576666666666,c
exo,FromPlan,symm,1,LARGE,1.450271052685455,1.0908703333333334,1.5820576666666666,c
exo,FromPlan,symm,4,LARGE,1.1077407859678212,1.428184,1.5820576666666666,c
exo,Naive,symm,1,LARGE,1.006643691028069,1.5716163333333333,1.5820576666666666,c
exo,Naive,symm,2,LARGE,14.395341854159211,0.10990066666666666,1.5820576666666666,c
exo,Naive,symm,4,LARGE,11.141277326942081,0.14199966666666666,1.5820576666666666,c
exo,Naive,symm,5,LARGE,16.20313262801408,0.09763899999999999,1.5820576666666666,c
exo,standard,symm,1,LARGE,0.9896169075286124,1.5986566666666668,1.5820576666666666,c
exo,standard,symm,2,LARGE,0.9943081807253701,1.5911140000000001,1.5820576666666666,c
exo,standard,symm,3,LARGE,0.9855057447325849,1.6053256666666667,1.5820576666666666,c
exo,standard,symm,4,LARGE,0.9920631569618307,1.5947146666666665,1.5820576666666666,c
exo,standard,symm,5,LARGE,0.9936626481253937,1.5921476666666665,1.5820576666666666,c
halide,ChooseHints,symm,3,LARGE,44.436493521084564,0.035602666666666664,1.5820576666666666,c
halide,ChooseHints,symm,4,LARGE,57.17936268899464,0.027668333333333333,1.5820576666666666,c
halide,FromPlan,symm,2,LARGE,109.21287219844446,0.014486,1.5820576666666666,c
halide,FromPlan,symm,3,LARGE,93.5999566134853,0.016902333333333335,1.5820576666666666,c
halide,Naive,symm,3,LARGE,56.60786231408704,0.027947666666666666,1.5820576666666666,c
halide,standard,symm,1,LARGE,0.6837946714080081,2.3136443333333334,1.5820576666666666,c
halide,standard,symm,2,LARGE,1.9164330770914242,0.825522,1.5820576666666666,c
halide,standard,symm,3,LARGE,0.7073728034758668,2.236526,1.5820576666666666,c
halide,standard,symm,4,LARGE,0.6839990551760744,2.312953,1.5820576666666666,c
halide,standard,symm,5,LARGE,1.9200862995953643,0.8239513333333334,1.5820576666666666,c
noarr,AllHints,symm,1,LARGE,75.04424065143489,0.021081666666666665,1.5820576666666666,c
noarr,AllHints,symm,2,LARGE,1.0222385864415955,1.5476403333333335,1.5820576666666666,c
noarr,AllHints,symm,3,LARGE,29.78289898907498,0.05311966666666667,1.5820576666666666,c
noarr,AllHints,symm,4,LARGE,75.07510400354325,0.021072999999999998,1.5820576666666666,c
noarr,AllHints,symm,5,LARGE,2.919035092952442,0.5419796666666666,1.5820576666666666,c
noarr,ChooseHints,symm,1,LARGE,3.0533401525971104,0.5181399999999999,1.5820576666666666,c
noarr,ChooseHints,symm,2,LARGE,1.5386073938639486,1.02824,1.5820576666666666,c
noarr,ChooseHints,symm,3,LARGE,1.538329123015819,1.028426,1.5820576666666666,c
noarr,ChooseHints,symm,5,LARGE,1.5350364307208262,1.030632,1.5820576666666666,c
noarr,FromPlan,symm,1,LARGE,1.178387629218181,1.3425613333333333,1.5820576666666666,c
noarr,FromPlan,symm,2,LARGE,2.951761663573628,0.5359706666666667,1.5820576666666666,c
noarr,FromPlan,symm,3,LARGE,2.923821997108318,0.5410923333333334,1.5820576666666666,c
noarr,FromPlan,symm,4,LARGE,2.9828139366366826,0.530391,1.5820576666666666,c
noarr,FromPlan,symm,5,LARGE,1.4771122853853689,1.0710476666666666,1.5820576666666666,c
noarr,Naive,symm,2,LARGE,2.8994372999684166,0.545643,1.5820576666666666,c
noarr,Naive,symm,3,LARGE,1.0100075630763548,1.566382,1.5820576666666666,c
noarr,Naive,symm,4,LARGE,2.9398280145610953,0.5381463333333333,1.5820576666666666,c
noarr,Naive,symm,5,LARGE,1.0275397015090815,1.5396560000000001,1.5820576666666666,c
noarr,standard,symm,1,LARGE,1.0034973122644635,1.5765440000000002,1.5820576666666666,c
noarr,standard,symm,2,LARGE,1.016528153869252,1.5563343333333333,1.5820576666666666,c
noarr,standard,symm,3,LARGE,0.9981566531466867,1.5849793333333333,1.5820576666666666,c
noarr,standard,symm,4,LARGE,1.0215288065573473,1.5487156666666666,1.5820576666666666,c
noarr,standard,symm,5,LARGE,1.0019948386268653,1.578908,1.5820576666666666,c
c,AllHints,syr2k,1,LARGE,26.966844314805222,0.048910666666666665,1.3189663333333332,c
c,AllHints,syr2k,2,LARGE,37.862888255219794,0.034835333333333336,1.3189663333333332,c
c,AllHints,syr2k,3,LARGE,30.047757181802304,0.043895666666666666,1.3189663333333332,c
c,AllHints,syr2k,4,LARGE,31.101583808213793,0.04240833333333333,1.3189663333333332,c
c,AllHints,syr2k,5,LARGE,25.968675347176642,0.05079066666666667,1.3189663333333332,c
c,ChooseHints,syr2k,2,LARGE,36.96550918789645,0.035681,1.3189663333333332,c
c,ChooseHints,syr2k,3,LARGE,37.0815590208794,0.035569333333333335,1.3189663333333332,c
c,ChooseHints,syr2k,4,LARGE,37.05898494937858,0.035591000000000005,1.3189663333333332,c
c,ChooseHints,syr2k,5,LARGE,36.44123849958096,0.036194333333333335,1.3189663333333332,c
c,FromPlan,syr2k,2,LARGE,1.1613529329239192,1.1357153333333334,1.3189663333333332,c
c,FromPlan,syr2k,3,LARGE,1.2847429231001504,1.0266383333333333,1.3189663333333332,c
c,FromPlan,syr2k,4,LARGE,35.84569741002111,0.036795666666666664,1.3189663333333332,c
c,FromPlan,syr2k,5,LARGE,1.1650236087446424,1.132137,1.3189663333333332,c
c,Naive,syr2k,1,LARGE,1.2851806476800225,1.0262886666666666,1.3189663333333332,c
c,Naive,syr2k,2,LARGE,1.1650802091485715,1.132082,1.3189663333333332,c
c,Naive,syr2k,3,LARGE,1.1040180642835598,1.1946963333333334,1.3189663333333332,c
c,Naive,syr2k,4,LARGE,1.2849335824680836,1.026486,1.3189663333333332,c
c,Naive,syr2k,5,LARGE,1.1041674805586776,1.1945346666666667,1.3189663333333332,c
c,standard,syr2k,1,LARGE,1.0,1.3189663333333332,1.3189663333333332,c
exo,AllHints,syr2k,1,LARGE,22.22153021913223,0.059355333333333336,1.3189663333333332,c
exo,AllHints,syr2k,2,LARGE,20.93087925690044,0.06301533333333333,1.3189663333333332,c
exo,AllHints,syr2k,3,LARGE,15.930378804043688,0.08279566666666667,1.3189663333333332,c
exo,AllHints,syr2k,4,LARGE,24.465776717038064,0.05391066666666666,1.3189663333333332,c
exo,AllHints,syr2k,5,LARGE,23.270537935414815,0.05667966666666666,1.3189663333333332,c
exo,ChooseHints,syr2k,2,LARGE,37.203236209441606,0.035453,1.3189663333333332,c
exo,ChooseHints,syr2k,3,LARGE,22.107927657125614,0.059660333333333336,1.3189663333333332,c
exo,ChooseHints,syr2k,4,LARGE,22.27068265859191,0.05922433333333333,1.3189663333333332,c
exo,ChooseHints,syr2k,5,LARGE,22.948788734681568,0.05747433333333333,1.3189663333333332,c
exo,FromPlan,syr2k,1,LARGE,0.6892327495810847,1.9136733333333336,1.3189663333333332,c
exo,FromPlan,syr2k,2,LARGE,0.5555100223192413,2.3743339999999997,1.3189663333333332,c
exo,FromPlan,syr2k,3,LARGE,1.2073843031152043,1.0924163333333332,1.3189663333333332,c
exo,FromPlan,syr2k,5,LARGE,10.98760149281914,0.12004133333333333,1.3189663333333332,c
exo,Naive,syr2k,1,LARGE,0.8013454928177803,1.6459396666666668,1.3189663333333332,c
exo,Naive,syr2k,2,LARGE,27.120623714873197,0.048633333333333334,1.3189663333333332,c
exo,Naive,syr2k,3,LARGE,24.22418194618751,0.05444833333333334,1.3189663333333332,c
exo,Naive,syr2k,4,LARGE,1.2091168576948943,1.090851,1.3189663333333332,c
exo,Naive,syr2k,5,LARGE,22.015673423060015,0.059910333333333336,1.3189663333333332,c
exo,standard,syr2k,1,LARGE,0.9321079699267957,1.415036,1.3189663333333332,c
exo,standard,syr2k,2,LARGE,0.9326242505464604,1.4142526666666668,1.3189663333333332,c
exo,standard,syr2k,3,LARGE,0.9319966600834036,1.415205,1.3189663333333332,c
exo,standard,syr2k,4,LARGE,0.9306684849308766,1.4172246666666666,1.3189663333333332,c
exo,standard,syr2k,5,LARGE,0.931068358209517,1.416616,1.3189663333333332,c
halide,ChooseHints,syr2k,1,LARGE,30.520559673575164,0.04321566666666667,1.3189663333333332,c
halide,FromPlan,syr2k,1,LARGE,26.962434244596473,0.048918666666666666,1.3189663333333332,c
halide,FromPlan,syr2k,2,LARGE,15.398471399051237,0.08565566666666667,1.3189663333333332,c
halide,Naive,syr2k,2,LARGE,30.479183195581676,0.04327433333333333,1.3189663333333332,c
halide,Naive,syr2k,4,LARGE,30.832338548809375,0.042778666666666666,1.3189663333333332,c
halide,standard,syr2k,2,LARGE,0.9286402594720438,1.42032,1.3189663333333332,c
halide,standard,syr2k,3,LARGE,0.927915516025184,1.4214293333333334,1.3189663333333332,c
halide,standard,syr2k,4,LARGE,0.9256005855502971,1.4249843333333334,1.3189663333333332,c
halide,standard,syr2k,5,LARGE,0.9275864017097843,1.4219336666666667,1.3189663333333332,c
noarr,AllHints,syr2k,1,LARGE,1.0483573461071751,1.2581266666666666,1.3189663333333332,c
noarr,AllHints,syr2k,2,LARGE,1.0454954036132735,1.2615706666666666,1.3189663333333332,c
noarr,AllHints,syr2k,3,LARGE,1.048377344933164,1.2581026666666666,1.3189663333333332,c
noarr,AllHints,syr2k,4,LARGE,0.7836438248894563,1.6831196666666666,1.3189663333333332,c
noarr,AllHints,syr2k,5,LARGE,0.7888694596056429,1.6719703333333333,1.3189663333333332,c
noarr,ChooseHints,syr2k,1,LARGE,1.0499485228171284,1.2562200000000001,1.3189663333333332,c
noarr,ChooseHints,syr2k,2,LARGE,0.7393972179866655,1.7838399999999999,1.3189663333333332,c
noarr,ChooseHints,syr2k,3,LARGE,1.0306620003948757,1.2797273333333334,1.3189663333333332,c
noarr,ChooseHints,syr2k,4,LARGE,1.0290577756440746,1.2817223333333334,1.3189663333333332,c
noarr,ChooseHints,syr2k,5,LARGE,1.0242367468354494,1.2877553333333334,1.3189663333333332,c
noarr,FromPlan,syr2k,1,LARGE,0.7256505209430799,1.817633,1.3189663333333332,c
noarr,FromPlan,syr2k,2,LARGE,2.43496382229541,0.541678,1.3189663333333332,c
noarr,FromPlan,syr2k,4,LARGE,1.0996148054115655,1.1994803333333335,1.3189663333333332,c
noarr,FromPlan,syr2k,5,LARGE,1.2406759583345481,1.0631030000000001,1.3189663333333332,c
noarr,Naive,syr2k,1,LARGE,0.7368200441023283,1.7900793333333336,1.3189663333333332,c
noarr,Naive,syr2k,2,LARGE,2.413666078433645,0.5464576666666666,1.3189663333333332,c
noarr,Naive,syr2k,3,LARGE,0.7345658339642059,1.7955726666666667,1.3189663333333332,c
noarr,Naive,syr2k,4,LARGE,0.7857474054482658,1.6786136666666664,1.3189663333333332,c
noarr,Naive,syr2k,5,LARGE,0.7856548899479274,1.6788113333333332,1.3189663333333332,c
noarr,standard,syr2k,1,LARGE,0.8878434591282037,1.4855843333333334,1.3189663333333332,c
noarr,standard,syr2k,2,LARGE,0.9405791709998513,1.4022916666666667,1.3189663333333332,c
noarr,standard,syr2k,3,LARGE,0.9424690938703645,1.399479666666667,1.3189663333333332,c
noarr,standard,syr2k,5,LARGE,0.930282952417763,1.4178119999999999,1.3189663333333332,c
c,AllHints,syrk,1,LARGE,20.461225506476254,0.03211733333333333,0.65716,c
c,AllHints,syrk,2,LARGE,19.849178941433504,0.03310766666666667,0.65716,c
c,AllHints,syrk,3,LARGE,21.380791254554918,0.030736,0.65716,c
c,AllHints,syrk,4,LARGE,19.732756808695914,0.033303,0.65716,c
c,AllHints,syrk,5,LARGE,21.758583773880606,0.03020233333333333,0.65716,c
c,ChooseHints,syrk,1,LARGE,38.114644755920736,0.017241666666666666,0.65716,c
c,ChooseHints,syrk,2,LARGE,19.770156438026476,0.03324,0.65716,c
c,ChooseHints,syrk,3,LARGE,19.257059691141563,0.034125666666666665,0.65716,c
c,ChooseHints,syrk,4,LARGE,21.899006953546753,0.030008666666666666,0.65716,c
c,ChooseHints,syrk,5,LARGE,19.841188369916363,0.033121000000000005,0.65716,c
c,FromPlan,syrk,1,LARGE,2.732439927984266,0.240503,0.65716,c
c,FromPlan,syrk,2,LARGE,2.683760869920337,0.24486533333333335,0.65716,c
c,FromPlan,syrk,3,LARGE,3.310034972725304,0.19853566666666667,0.65716,c
c,FromPlan,syrk,4,LARGE,0.6520802945057999,1.00779,0.65716,c
c,FromPlan,syrk,5,LARGE,0.6486729789675153,1.0130836666666667,0.65716,c
c,Naive,syrk,1,LARGE,19.796957373098355,0.033195,0.65716,c
c,Naive,syrk,2,LARGE,0.5856586877844587,1.122087,0.65716,c
c,Naive,syrk,3,LARGE,0.648845691311534,1.0128139999999999,0.65716,c
c,Naive,syrk,4,LARGE,0.8595708947170844,0.7645209999999999,0.65716,c
c,Naive,syrk,5,LARGE,1.0000867443916706,0.6571030000000001,0.65716,c
c,standard,syrk,1,LARGE,1.0,0.65716,0.65716,c
exo,AllHints,syrk,1,LARGE,21.322979082394166,0.030819333333333334,0.65716,c
exo,AllHints,syrk,2,LARGE,21.51143505586592,0.030549333333333335,0.65716,c
exo,AllHints,syrk,3,LARGE,14.623378357328823,0.044939,0.65716,c
exo,AllHints,syrk,4,LARGE,16.67086648796286,0.039419666666666665,0.65716,c
exo,ChooseHints,syrk,1,LARGE,8.654015828910808,0.07593699999999999,0.65716,c
exo,ChooseHints,syrk,2,LARGE,8.135450538930064,0.08077733333333333,0.65716,c
exo,ChooseHints,syrk,4,LARGE,21.4634252555714,0.030617666666666668,0.65716,c
exo,ChooseHints,syrk,5,LARGE,12.767081771025586,0.051473,0.65716,c
exo,FromPlan,syrk,2,LARGE,2.3094467463003374,0.284553,0.65716,c
exo,Naive,syrk,1,LARGE,11.568156880233301,0.056807666666666666,0.65716,c
exo,Naive,syrk,2,LARGE,19.052533920909195,0.034492,0.65716,c
exo,Naive,syrk,4,LARGE,21.768674432727874,0.030188333333333334,0.65716,c
exo,Naive,syrk,5,LARGE,0.9658516654312718,0.6803943333333334,0.65716,c
exo,standard,syrk,1,LARGE,0.9702719249720949,0.6772946666666666,0.65716,c
exo,standard,syrk,2,LARGE,0.9704940241279617,0.6771396666666667,0.65716,c
exo,standard,syrk,3,LARGE,0.9704744371043484,0.6771533333333334,0.65716,c
exo,standard,syrk,4,LARGE,0.9719710579924785,0.6761106666666666,0.65716,c
exo,standard,syrk,5,LARGE,0.9712728902989963,0.6765966666666667,0.65716,c
halide,AllHints,syrk,2,LARGE,26.13308589607635,0.025146666666666668,0.65716,c
halide,AllHints,syrk,3,LARGE,26.21439778741058,0.025068666666666666,0.65716,c
halide,AllHints,syrk,4,LARGE,13.153810740664136,0.04995966666666666,0.65716,c
halide,ChooseHints,syrk,1,LARGE,24.256308672810267,0.027092333333333333,0.65716,c
halide,ChooseHints,syrk,3,LARGE,27.191702412313973,0.024167666666666667,0.65716,c
halide,ChooseHints,syrk,4,LARGE,41.436798520324515,0.015859333333333333,0.65716,c
halide,FromPlan,syrk,3,LARGE,12.04383842826772,0.054564,0.65716,c
halide,FromPlan,syrk,5,LARGE,17.396076908822984,0.037776333333333335,0.65716,c
halide,Naive,syrk,1,LARGE,27.078909415562112,0.024268333333333336,0.65716,c
halide,Naive,syrk,2,LARGE,41.2849454484535,0.015917666666666667,0.65716,c
halide,Naive,syrk,5,LARGE,23.77654763196932,0.027639,0.65716,c
halide,standard,syrk,1,LARGE,0.810011623363577,0.811297,0.65716,c
halide,standard,syrk,2,LARGE,0.8107581271975819,0.81055,0.65716,c
halide,standard,syrk,3,LARGE,0.8085326797747485,0.8127810000000001,0.65716,c
halide,standard,syrk,4,LARGE,0.8105527931566695,0.8107553333333334,0.65716,c
halide,standard,syrk,5,LARGE,0.5477608398843953,1.1997206666666667,0.65716,c
noarr,AllHints,syrk,1,LARGE,1.098316324995738,0.598334,0.65716,c
noarr,AllHints,syrk,2,LARGE,0.4414928184748535,1.4884953333333335,0.65716,c
noarr,AllHints,syrk,3,LARGE,1.1047261915502016,0.5948623333333334,0.65716,c
noarr,AllHints,syrk,4,LARGE,0.6472484684530884,1.0153133333333333,0.65716,c
noarr,AllHints,syrk,5,LARGE,1.239591631681303,0.5301423333333334,0.65716,c
noarr,ChooseHints,syrk,1,LARGE,1.0992925201627293,0.5978026666666666,0.65716,c
noarr,ChooseHints,syrk,2,LARGE,1.098160319107515,0.5984189999999999,0.65716,c
noarr,ChooseHints,syrk,3,LARGE,1.0350052131402634,0.634934,0.65716,c
noarr,ChooseHints,syrk,4,LARGE,0.46634400333244785,1.4091743333333333,0.65716,c
noarr,FromPlan,syrk,1,LARGE,0.6288377754323043,1.045039,0.65716,c
noarr,FromPlan,syrk,2,LARGE,0.6183142040272531,1.0628253333333333,0.65716,c
noarr,FromPlan,syrk,3,LARGE,0.648147935061592,1.0139043333333333,0.65716,c
noarr,FromPlan,syrk,5,LARGE,1.099166877135703,0.597871,0.65716,c
noarr,Naive,syrk,1,LARGE,1.1713337298222868,0.5610356666666667,0.65716,c
noarr,Naive,syrk,2,LARGE,0.6515479998942444,1.0086133333333331,0.65716,c
noarr,Naive,syrk,3,LARGE,0.46630186818294167,1.4093016666666667,0.65716,c
noarr,Naive,syrk,4,LARGE,0.9923250691589387,0.6622426666666666,0.65716,c
noarr,Naive,syrk,5,LARGE,0.995238054371898,0.6603043333333334,0.65716,c
noarr,standard,syrk,1,LARGE,0.9928342974725903,0.661903,0.65716,c
noarr,standard,syrk,2,LARGE,1.10223770781431,0.5962053333333334,0.65716,c
noarr,standard,syrk,4,LARGE,0.987898063319321,0.6652103333333333,0.65716,c
noarr,standard,syrk,5,LARGE,0.9828175918905137,0.6686489999999999,0.65716,c
c,AllHints,trisolv,3,LARGE,1.0008595680670465,0.0031023333333333332,0.003105,c
c,AllHints,trisolv,4,LARGE,1.0065917441106549,0.0030846666666666665,0.003105,c
c,AllHints,trisolv,5,LARGE,1.003122980831359,0.003095333333333333,0.003105,c
c,ChooseHints,trisolv,1,LARGE,1.0083351374756442,0.0030793333333333332,0.003105,c
c,ChooseHints,trisolv,3,LARGE,1.0116203301476978,0.003069333333333333,0.003105,c
c,FromPlan,trisolv,1,LARGE,1.0070270270270272,0.0030833333333333333,0.003105,c
c,FromPlan,trisolv,2,LARGE,2.7972972972972974,0.00111,0.003105,c
c,FromPlan,trisolv,3,LARGE,2.7600000000000002,0.001125,0.003105,c
c,FromPlan,trisolv,4,LARGE,2.765736342042755,0.0011226666666666668,0.003105,c
c,FromPlan,trisolv,5,LARGE,1.0013975489142122,0.0031006666666666665,0.003105,c
c,Naive,trisolv,1,LARGE,1.006482982171799,0.0030849999999999996,0.003105,c
c,Naive,trisolv,2,LARGE,1.0122799391436645,0.0030673333333333334,0.003105,c
c,Naive,trisolv,3,LARGE,1.0153695225637671,0.003058,0.003105,c
c,Naive,trisolv,4,LARGE,1.0071359065844956,0.0030830000000000002,0.003105,c
c,standard,trisolv,1,LARGE,1.0,0.003105,0.003105,c
exo,AllHints,trisolv,1,LARGE,1.0075716603569498,0.0030816666666666666,0.003105,c
exo,AllHints,trisolv,2,LARGE,1.0034471614779705,0.003094333333333333,0.003105,c
exo,AllHints,trisolv,3,LARGE,1.0022595222724338,0.003098,0.003105,c
exo,AllHints,trisolv,4,LARGE,0.9987134126728852,0.0031090000000000002,0.003105,c
exo,AllHints,trisolv,5,LARGE,1.0123899576133029,0.0030670000000000003,0.003105,c
exo,ChooseHints,trisolv,1,LARGE,0.995937132470865,0.0031176666666666666,0.003105,c
exo,ChooseHints,trisolv,2,LARGE,0.9930703624733477,0.0031266666666666665,0.003105,c
exo,ChooseHints,trisolv,3,LARGE,0.9998926577930443,0.003105333333333333,0.003105,c
exo,ChooseHints,trisolv,5,LARGE,1.0235138995714756,0.0030336666666666667,0.003105,c
exo,FromPlan,trisolv,3,LARGE,1.0077896786757548,0.003081,0.003105,c
exo,FromPlan,trisolv,4,LARGE,1.0,0.003105,0.003105,c
exo,FromPlan,trisolv,5,LARGE,0.9880144251166738,0.0031426666666666664,0.003105,c
exo,Naive,trisolv,1,LARGE,0.9973233404710923,0.003113333333333333,0.003105,c
exo,Naive,trisolv,3,LARGE,1.0084443000974341,0.003079,0.003105,c
exo,Naive,trisolv,4,LARGE,1.005939524838013,0.003086666666666667,0.003105,c
exo,Naive,trisolv,5,LARGE,1.0053966540744739,0.0030883333333333336,0.003105,c
exo,standard,trisolv,1,LARGE,0.9929645027182603,0.003127,0.003105,c
exo,standard,trisolv,2,LARGE,0.9936000000000001,0.0031249999999999997,0.003105,c
exo,standard,trisolv,3,LARGE,0.9915903768362786,0.003131333333333333,0.003105,c
exo,standard,trisolv,4,LARGE,0.9877001378432828,0.0031436666666666666,0.003105,c
exo,standard,trisolv,5,LARGE,0.9954050010686044,0.0031193333333333333,0.003105,c
halide,ChooseHints,trisolv,4,LARGE,0.5766016713091923,0.005385,0.003105,c
halide,FromPlan,trisolv,4,LARGE,0.600270653434721,0.0051726666666666666,0.003105,c
halide,Naive,trisolv,5,LARGE,0.5759599332220368,0.005391,0.003105,c
halide,standard,trisolv,2,LARGE,0.5182197496522949,0.005991666666666666,0.003105,c
halide,standard,trisolv,3,LARGE,0.5207401610017889,0.005962666666666667,0.003105,c
noarr,AllHints,trisolv,1,LARGE,0.9879096404708877,0.003143,0.003105,c
noarr,AllHints,trisolv,2,LARGE,0.9941302027748132,0.0031233333333333334,0.003105,c
noarr,AllHints,trisolv,3,LARGE,0.9887485404946396,0.0031403333333333335,0.003105,c
noarr,AllHints,trisolv,4,LARGE,0.9970031039280745,0.0031143333333333335,0.003105,c
noarr,AllHints,trisolv,5,LARGE,0.998285285607116,0.0031103333333333334,0.003105,c
noarr,ChooseHints,trisolv,1,LARGE,0.9852972286862703,0.0031513333333333337,0.003105,c
noarr,ChooseHints,trisolv,2,LARGE,0.9922241158926289,0.0031293333333333334,0.003105,c
noarr,ChooseHints,trisolv,3,LARGE,0.9841521394611729,0.003155,0.003105,c
noarr,ChooseHints,trisolv,4,LARGE,0.9993562922433216,0.003107,0.003105,c
noarr,ChooseHints,trisolv,5,LARGE,0.997323340471092,0.003113333333333334,0.003105,c
noarr,FromPlan,trisolv,1,LARGE,1.0027990095812251,0.0030963333333333333,0.003105,c
noarr,FromPlan,trisolv,2,LARGE,0.9977506426735219,0.003112,0.003105,c
noarr,FromPlan,trisolv,3,LARGE,0.9907466496490108,0.003134,0.003105,c
noarr,FromPlan,trisolv,4,LARGE,0.9922241158926289,0.0031293333333333334,0.003105,c
noarr,FromPlan,trisolv,5,LARGE,0.9915903768362786,0.003131333333333333,0.003105,c
noarr,Naive,trisolv,1,LARGE,0.9924355422970381,0.0031286666666666667,0.003105,c
noarr,Naive,trisolv,2,LARGE,0.9952986430174166,0.0031196666666666664,0.003105,c
noarr,Naive,trisolv,3,LARGE,0.9901147959183674,0.003136,0.003105,c
noarr,Naive,trisolv,4,LARGE,0.989063495434275,0.003139333333333333,0.003105,c
noarr,Naive,trisolv,5,LARGE,0.9918015332197616,0.0031306666666666666,0.003105,c
noarr,standard,trisolv,2,LARGE,0.9830097087378641,0.003158666666666667,0.003105,c
noarr,standard,trisolv,4,LARGE,0.9967897271268059,0.0031149999999999997,0.003105,c
noarr,standard,trisolv,5,LARGE,1.0128302707404588,0.0030656666666666666,0.003105,c
c,AllHints,trmm,1,LARGE,18.264812627642037,0.05418799999999999,0.9897336666666666,c
c,AllHints,trmm,2,LARGE,4.857517026334173,0.203753,0.9897336666666666,c
c,AllHints,trmm,3,LARGE,4.988283619074819,0.19841166666666665,0.9897336666666666,c
c,AllHints,trmm,4,LARGE,4.821125459307357,0.205291,0.9897336666666666,c
c,AllHints,trmm,5,LARGE,36.56966733585408,0.027064333333333333,0.9897336666666666,c
c,ChooseHints,trmm,1,LARGE,4.825074061254304,0.20512300000000003,0.9897336666666666,c
c,ChooseHints,trmm,2,LARGE,4.885932954201388,0.202568,0.9897336666666666,c
c,ChooseHints,trmm,3,LARGE,4.834170993355703,0.20473700000000003,0.9897336666666666,c
c,ChooseHints,trmm,4,LARGE,64.57030706332637,0.015328,0.9897336666666666,c
c,ChooseHints,trmm,5,LARGE,4.6761353703881605,0.21165633333333334,0.9897336666666666,c
c,FromPlan,trmm,1,LARGE,7.472601895078584,0.13244833333333333,0.9897336666666666,c
c,FromPlan,trmm,2,LARGE,4.8024497467117815,0.20608933333333335,0.9897336666666666,c
c,FromPlan,trmm,3,LARGE,4.632203884297907,0.21366366666666667,0.9897336666666666,c
c,FromPlan,trmm,4,LARGE,31.10087985754687,0.031823333333333335,0.9897336666666666,c
c,FromPlan,trmm,5,LARGE,19.248653204110074,0.05141833333333334,0.9897336666666666,c
c,Naive,trmm,1,LARGE,4.848007536843343,0.20415266666666665,0.9897336666666666,c
c,Naive,trmm,2,LARGE,4.848712132717365,0.20412299999999997,0.9897336666666666,c
c,Naive,trmm,3,LARGE,4.863476437732388,0.20350333333333334,0.9897336666666666,c
c,Naive,trmm,4,LARGE,4.5729262282458025,0.21643333333333334,0.9897336666666666,c
c,Naive,trmm,5,LARGE,4.881595215078159,0.202748,0.9897336666666666,c
c,standard,trmm,1,LARGE,1.0,0.9897336666666666,0.9897336666666666,c
exo,AllHints,trmm,1,LARGE,16.915632655386542,0.05851,0.9897336666666666,c
exo,AllHints,trmm,2,LARGE,11.195111283712198,0.08840766666666666,0.9897336666666666,c
exo,AllHints,trmm,3,LARGE,3.890034377767646,0.254428,0.9897336666666666,c
exo,AllHints,trmm,4,LARGE,0.08021609276599513,12.338343,0.9897336666666666,c
exo,ChooseHints,trmm,2,LARGE,2.1690304746779727,0.45630233333333337,0.9897336666666666,c
exo,ChooseHints,trmm,4,LARGE,4.7645043582074225,0.20773066666666665,0.9897336666666666,c
exo,FromPlan,trmm,1,LARGE,3.841696338926209,0.2576293333333333,0.9897336666666666,c
exo,FromPlan,trmm,4,LARGE,3.700842822670708,0.26743466666666665,0.9897336666666666,c
exo,Naive,trmm,2,LARGE,4.968733736405517,0.19919233333333333,0.9897336666666666,c
exo,Naive,trmm,3,LARGE,1.8919808762929626,0.5231203333333333,0.9897336666666666,c
exo,Naive,trmm,4,LARGE,0.07874251857484256,12.569240666666667,0.9897336666666666,c
exo,Naive,trmm,5,LARGE,17.386320252023094,0.056926,0.9897336666666666,c
exo,standard,trmm,1,LARGE,0.9894919008122349,1.0002443333333333,0.9897336666666666,c
exo,standard,trmm,2,LARGE,0.9907498457584663,0.9989743333333333,0.9897336666666666,c
exo,standard,trmm,3,LARGE,0.9847900207624392,1.00502,0.9897336666666666,c
exo,standard,trmm,4,LARGE,0.9872523723707747,1.0025133333333334,0.9897336666666666,c
exo,standard,trmm,5,LARGE,0.9927914643769477,0.9969199999999999,0.9897336666666666,c
halide,AllHints,trmm,2,LARGE,39.22948155586089,0.025229333333333336,0.9897336666666666,c
halide,AllHints,trmm,4,LARGE,32.573100762437605,0.030385,0.9897336666666666,c
halide,standard,trmm,1,LARGE,0.8869908549636608,1.115833,0.9897336666666666,c
halide,standard,trmm,4,LARGE,0.8903290246204738,1.1116493333333333,0.9897336666666666,c
halide,standard,trmm,5,LARGE,2.3624354432031467,0.41894633333333337,0.9897336666666666,c
noarr,AllHints,trmm,1,LARGE,37.65918776317792,0.026281333333333334,0.9897336666666666,c
noarr,AllHints,trmm,3,LARGE,4.105081024583194,0.24109966666666668,0.9897336666666666,c
noarr,AllHints,trmm,4,LARGE,4.66172370048922,0.21231066666666668,0.9897336666666666,c
noarr,AllHints,trmm,5,LARGE,4.200354226170014,0.235631,0.9897336666666666,c
noarr,ChooseHints,trmm,1,LARGE,4.0948679015257134,0.24170100000000003,0.9897336666666666,c
noarr,ChooseHints,trmm,2,LARGE,1.1657676977391371,0.8489973333333333,0.9897336666666666,c
noarr,ChooseHints,trmm,3,LARGE,1.1702147113895682,0.845771,0.9897336666666666,c
noarr,ChooseHints,trmm,4,LARGE,4.202779959942532,0.235495,0.9897336666666666,c
noarr,ChooseHints,trmm,5,LARGE,4.248039224102163,0.232986,0.9897336666666666,c
noarr,FromPlan,trmm,2,LARGE,3.9382614197207464,0.2513123333333333,0.9897336666666666,c
noarr,FromPlan,trmm,3,LARGE,4.047830419792537,0.24450966666666665,0.9897336666666666,c
noarr,FromPlan,trmm,4,LARGE,4.049779316289676,0.24439200000000003,0.9897336666666666,c
noarr,FromPlan,trmm,5,LARGE,4.160059685599798,0.23791333333333334,0.9897336666666666,c
noarr,Naive,trmm,1,LARGE,4.1644415271483854,0.23766299999999999,0.9897336666666666,c
noarr,Naive,trmm,2,LARGE,4.19914240903299,0.235699,0.9897336666666666,c
noarr,Naive,trmm,3,LARGE,1.0158897808543228,0.974253,0.9897336666666666,c
noarr,Naive,trmm,4,LARGE,1.0178371687325407,0.9723890000000001,0.9897336666666666,c
noarr,Naive,trmm,5,LARGE,4.16074756663892,0.237874,0.9897336666666666,c
noarr,standard,trmm,1,LARGE,4.18153152835968,0.23669166666666666,0.9897336666666666,c
noarr,standard,trmm,2,LARGE,1.020657899938297,0.9697016666666668,0.9897336666666666,c
noarr,standard,trmm,3,LARGE,1.0044186014257108,0.9853796666666668,0.9897336666666666,c
noarr,standard,trmm,4,LARGE,0.9248409670895398,1.070166333333333,0.9897336666666666,c
noarr,standard,trmm,5,LARGE,0.9985747143290983,0.9911463333333334,0.9897336666666666,c
