c,standard,2mm,1,2.589009,1,LARGE
c,standard,2mm,2,2.588697,1,LARGE
c,standard,2mm,3,2.572616,1,LARGE
c,standard,2mm,4,2.606753,1,LARGE
c,standard,2mm,5,2.580816,1,LARGE
c,standard,3mm,1,3.917756,1,LARGE
c,standard,3mm,2,3.922054,1,LARGE
c,standard,3mm,3,3.893001,1,LARGE
c,standard,3mm,4,3.891307,1,LARGE
c,standard,3mm,5,3.917121,1,LARGE
c,standard,adi,1,10.386862,1,LARGE
c,standard,adi,2,10.347084,1,LARGE
c,standard,adi,3,10.423294,1,LARGE
c,standard,adi,4,10.425841,1,LARGE
c,standard,adi,5,10.382481,1,LARGE
c,standard,atax,1,0.008699,1,LARGE
c,standard,atax,2,0.008590,1,LARGE
c,standard,atax,3,0.008578,1,LARGE
c,standard,atax,4,0.008595,1,LARGE
c,standard,atax,5,0.008577,1,LARGE
c,standard,bicg,1,0.014571,1,LARGE
c,standard,bicg,2,0.014646,1,LARGE
c,standard,bicg,3,0.014649,1,LARGE
c,standard,bicg,4,0.014653,1,LARGE
c,standard,bicg,5,0.014625,1,LARGE
c,standard,cholesky,1,1.905797,1,LARGE
c,standard,cholesky,2,1.903895,1,LARGE
c,standard,cholesky,3,1.904771,1,LARGE
c,standard,cholesky,4,1.901924,1,LARGE
c,standard,cholesky,5,1.905806,1,LARGE
c,standard,correlation,1,1.694792,1,LARGE
c,standard,correlation,2,1.722137,1,LARGE
c,standard,correlation,3,1.709390,1,LARGE
c,standard,correlation,4,1.712984,1,LARGE
c,standard,correlation,5,1.706716,1,LARGE
c,standard,covariance,1,1.691753,1,LARGE
c,standard,covariance,2,1.700314,1,LARGE
c,standard,covariance,3,1.696631,1,LARGE
c,standard,covariance,4,1.710739,1,LARGE
c,standard,covariance,5,1.693830,1,LARGE
c,standard,deriche,1,0.226671,1,LARGE
c,standard,deriche,2,0.223531,1,LARGE
c,standard,deriche,3,0.223411,1,LARGE
c,standard,deriche,4,0.225913,1,LARGE
c,standard,deriche,5,0.223226,1,LARGE
c,standard,doitgen,1,0.742769,1,LARGE
c,standard,doitgen,2,0.745207,1,LARGE
c,standard,doitgen,3,0.742428,1,LARGE
c,standard,doitgen,4,0.742014,1,LARGE
c,standard,doitgen,5,0.745086,1,LARGE
c,standard,durbin,1,0.003819,1,LARGE
c,standard,durbin,2,0.003818,1,LARGE
c,standard,durbin,3,0.003844,1,LARGE
c,standard,durbin,4,0.003970,1,LARGE
c,standard,durbin,5,0.004054,1,LARGE
c,standard,fdtd-2d,1,1.784692,1,LARGE
c,standard,fdtd-2d,2,1.725152,1,LARGE
c,standard,fdtd-2d,3,1.728210,1,LARGE
c,standard,fdtd-2d,4,1.772569,1,LARGE
c,standard,fdtd-2d,5,1.794788,1,LARGE
c,standard,floyd-warshall,1,22.658678,1,LARGE
c,standard,floyd-warshall,2,22.636095,1,LARGE
c,standard,floyd-warshall,3,22.620020,1,LARGE
c,standard,floyd-warshall,4,22.733225,1,LARGE
c,standard,floyd-warshall,5,22.601241,1,LARGE
c,standard,gemm,1,0.445243,1,LARGE
c,standard,gemm,2,0.449247,1,LARGE
c,standard,gemm,3,0.448968,1,LARGE
c,standard,gemm,4,0.446933,1,LARGE
c,standard,gemm,5,0.447891,1,LARGE
c,standard,gemver,1,0.017437,1,LARGE
c,standard,gemver,2,0.017463,1,LARGE
c,standard,gemver,3,0.017510,1,LARGE
c,standard,gemver,4,0.017619,1,LARGE
c,standard,gemver,5,0.017496,1,LARGE
c,standard,gesummv,1,0.006287,1,LARGE
c,standard,gesummv,2,0.006235,1,LARGE
c,standard,gesummv,3,0.006207,1,LARGE
c,standard,gesummv,4,0.006247,1,LARGE
c,standard,gesummv,5,0.006273,1,LARGE
c,standard,gramschmidt,1,2.508700,1,LARGE
c,standard,gramschmidt,2,2.515142,1,LARGE
c,standard,gramschmidt,3,2.503123,1,LARGE
c,standard,gramschmidt,4,2.503450,1,LARGE
c,standard,gramschmidt,5,2.502541,1,LARGE
c,standard,heat-3d,1,1.928290,1,LARGE
c,standard,heat-3d,2,1.934786,1,LARGE
c,standard,heat-3d,3,1.937012,1,LARGE
c,standard,heat-3d,4,1.945245,1,LARGE
c,standard,heat-3d,5,1.934523,1,LARGE
c,standard,jacobi-1d,1,0.000935,1,LARGE
c,standard,jacobi-1d,2,0.001035,1,LARGE
c,standard,jacobi-1d,3,0.000950,1,LARGE
c,standard,jacobi-1d,4,0.000937,1,LARGE
c,standard,jacobi-1d,5,0.000942,1,LARGE
c,standard,jacobi-2d,1,1.645966,1,LARGE
c,standard,jacobi-2d,2,1.654277,1,LARGE
c,standard,jacobi-2d,3,1.659172,1,LARGE
c,standard,jacobi-2d,4,1.648362,1,LARGE
c,standard,jacobi-2d,5,1.672351,1,LARGE
c,standard,lu,1,4.447610,1,LARGE
c,standard,lu,2,4.449486,1,LARGE
c,standard,lu,3,4.447788,1,LARGE
c,standard,lu,4,4.413133,1,LARGE
c,standard,lu,5,4.396381,1,LARGE
c,standard,ludcmp,1,4.401572,1,LARGE
c,standard,ludcmp,2,4.404865,1,LARGE
c,standard,ludcmp,3,4.366666,1,LARGE
c,standard,ludcmp,4,4.362762,1,LARGE
c,standard,ludcmp,5,4.406348,1,LARGE
c,standard,mvt,1,0.014495,1,LARGE
c,standard,mvt,2,0.014630,1,LARGE
c,standard,mvt,3,0.014498,1,LARGE
c,standard,mvt,4,0.014628,1,LARGE
c,standard,mvt,5,0.014528,1,LARGE
c,standard,nussinov,1,7.723645,1,LARGE
c,standard,nussinov,2,7.731504,1,LARGE
c,standard,nussinov,3,7.740255,1,LARGE
c,standard,nussinov,4,7.757241,1,LARGE
c,standard,nussinov,5,7.759004,1,LARGE
c,standard,seidel-2d,1,27.168119,1,LARGE
c,standard,seidel-2d,2,27.167657,1,LARGE
c,standard,seidel-2d,3,27.167927,1,LARGE
c,standard,seidel-2d,4,27.167558,1,LARGE
c,standard,seidel-2d,5,27.167474,1,LARGE
c,standard,symm,1,1.578239,1,LARGE
c,standard,symm,2,1.562514,1,LARGE
c,standard,symm,3,1.580167,1,LARGE
c,standard,symm,4,1.580172,1,LARGE
c,standard,symm,5,1.585834,1,LARGE
c,standard,syr2k,1,1.320837,1,LARGE
c,standard,syr2k,2,1.323515,1,LARGE
c,standard,syr2k,3,1.320659,1,LARGE
c,standard,syr2k,4,1.319903,1,LARGE
c,standard,syr2k,5,1.316337,1,LARGE
c,standard,syrk,1,0.657025,1,LARGE
c,standard,syrk,2,0.656138,1,LARGE
c,standard,syrk,3,0.657354,1,LARGE
c,standard,syrk,4,0.656955,1,LARGE
c,standard,syrk,5,0.657171,1,LARGE
c,standard,trisolv,1,0.003107,1,LARGE
c,standard,trisolv,2,0.003086,1,LARGE
c,standard,trisolv,3,0.003127,1,LARGE
c,standard,trisolv,4,0.003103,1,LARGE
c,standard,trisolv,5,0.003085,1,LARGE
c,standard,trmm,1,0.982839,1,LARGE
c,standard,trmm,2,0.990666,1,LARGE
c,standard,trmm,3,0.994702,1,LARGE
c,standard,trmm,4,0.980890,1,LARGE
c,standard,trmm,5,0.993609,1,LARGE
-- The CXX compiler identification is GNU 15.2.0
-- Detecting CXX compiler ABI info
-- Detecting CXX compiler ABI info - done
-- Check for working CXX compiler: /usr/local/latestgcc/bin/g++ - skipped
-- Detecting CXX compile features
-- Detecting CXX compile features - done
-- Using NOARR_STRUCTURES_DIR from environment: /home/kleplj/translation/submodules/noarr-structures
-- Configuring done (0.4s)
-- Generating done (0.7s)
-- Build files have been written to: /home/kleplj/translation/PolybenchC-Noarr/build
[ 10%] Building CXX object CMakeFiles/gemm.dir/linear-algebra/blas/gemm/gemm.cpp.o
[ 10%] Building CXX object CMakeFiles/gemver.dir/linear-algebra/blas/gemver/gemver.cpp.o
[ 10%] Building CXX object CMakeFiles/correlation.dir/datamining/correlation/correlation.cpp.o
[ 10%] Building CXX object CMakeFiles/covariance.dir/datamining/covariance/covariance.cpp.o
[ 18%] Building CXX object CMakeFiles/syrk.dir/linear-algebra/blas/syrk/syrk.cpp.o
[ 18%] Building CXX object CMakeFiles/syr2k.dir/linear-algebra/blas/syr2k/syr2k.cpp.o
[ 18%] Building CXX object CMakeFiles/symm.dir/linear-algebra/blas/symm/symm.cpp.o
[ 18%] Building CXX object CMakeFiles/gesummv.dir/linear-algebra/blas/gesummv/gesummv.cpp.o
[ 50%] Building CXX object CMakeFiles/deriche.dir/medley/deriche/deriche.cpp.o
[ 50%] Building CXX object CMakeFiles/doitgen.dir/linear-algebra/kernels/doitgen/doitgen.cpp.o
[ 50%] Building CXX object CMakeFiles/bicg.dir/linear-algebra/kernels/bicg/bicg.cpp.o
[ 50%] Building CXX object CMakeFiles/2mm.dir/linear-algebra/kernels/2mm/2mm.cpp.o
[ 50%] Building CXX object CMakeFiles/3mm.dir/linear-algebra/kernels/3mm/3mm.cpp.o
[ 50%] Building CXX object CMakeFiles/mvt.dir/linear-algebra/kernels/mvt/mvt.cpp.o
[ 50%] Building CXX object CMakeFiles/trmm.dir/linear-algebra/blas/trmm/trmm.cpp.o
[ 50%] Building CXX object CMakeFiles/atax.dir/linear-algebra/kernels/atax/atax.cpp.o
[ 50%] Building CXX object CMakeFiles/trisolv.dir/linear-algebra/solvers/trisolv/trisolv.cpp.o
[ 50%] Building CXX object CMakeFiles/adi.dir/stencils/adi/adi.cpp.o
[ 50%] Building CXX object CMakeFiles/fdtd-2d.dir/stencils/fdtd-2d/fdtd-2d.cpp.o
[ 50%] Building CXX object CMakeFiles/ludcmp.dir/linear-algebra/solvers/ludcmp/ludcmp.cpp.o
[ 50%] Building CXX object CMakeFiles/cholesky.dir/linear-algebra/solvers/cholesky/cholesky.cpp.o
[ 50%] Building CXX object CMakeFiles/gramschmidt.dir/linear-algebra/solvers/gramschmidt/gramschmidt.cpp.o
[ 50%] Building CXX object CMakeFiles/lu.dir/linear-algebra/solvers/lu/lu.cpp.o
[ 50%] Building CXX object CMakeFiles/nussinov.dir/medley/nussinov/nussinov.cpp.o
[ 50%] Building CXX object CMakeFiles/jacobi-1d.dir/stencils/jacobi-1d/jacobi-1d.cpp.o
[ 50%] Building CXX object CMakeFiles/durbin.dir/linear-algebra/solvers/durbin/durbin.cpp.o
[ 50%] Building CXX object CMakeFiles/floyd-warshall.dir/medley/floyd-warshall/floyd-warshall.cpp.o
[ 50%] Building CXX object CMakeFiles/heat-3d.dir/stencils/heat-3d/heat-3d.cpp.o
[ 50%] Building CXX object CMakeFiles/jacobi-2d.dir/stencils/jacobi-2d/jacobi-2d.cpp.o
[ 50%] Building CXX object CMakeFiles/seidel-2d.dir/stencils/seidel-2d/seidel-2d.cpp.o
[ 51%] Linking CXX executable jacobi-1d
[ 53%] Linking CXX executable durbin
[ 53%] Built target jacobi-1d
[ 55%] Linking CXX executable trisolv
[ 55%] Built target durbin
[ 56%] Linking CXX executable gesummv
[ 56%] Built target trisolv
[ 60%] Linking CXX executable jacobi-2d
[ 60%] Linking CXX executable bicg
[ 61%] Linking CXX executable atax
[ 63%] Linking CXX executable mvt
[ 65%] Linking CXX executable adi
[ 65%] Built target gesummv
[ 66%] Linking CXX executable seidel-2d
[ 66%] Built target jacobi-2d
[ 66%] Built target bicg
[ 68%] Linking CXX executable floyd-warshall
[ 70%] Linking CXX executable nussinov
[ 70%] Built target atax
[ 71%] Linking CXX executable deriche
[ 73%] Linking CXX executable gemver
[ 73%] Built target mvt
[ 75%] Linking CXX executable cholesky
[ 75%] Built target adi
[ 75%] Built target seidel-2d
[ 75%] Built target floyd-warshall
[ 75%] Built target nussinov
[ 75%] Built target deriche
[ 75%] Built target gemver
[ 75%] Built target cholesky
[ 76%] Linking CXX executable syrk
[ 78%] Linking CXX executable covariance
[ 80%] Linking CXX executable symm
[ 81%] Linking CXX executable trmm
[ 81%] Built target syrk
[ 83%] Linking CXX executable heat-3d
[ 83%] Built target symm
[ 83%] Built target covariance
[ 86%] Linking CXX executable syr2k
[ 86%] Linking CXX executable gramschmidt
[ 86%] Built target trmm
[ 86%] Built target heat-3d
[ 88%] Linking CXX executable gemm
[ 88%] Built target syr2k
[ 88%] Built target gramschmidt
[ 90%] Linking CXX executable ludcmp
[ 91%] Linking CXX executable fdtd-2d
[ 91%] Built target gemm
[ 93%] Linking CXX executable correlation
[ 93%] Built target ludcmp
[ 93%] Built target fdtd-2d
[ 93%] Built target correlation
[ 95%] Linking CXX executable doitgen
[ 95%] Built target doitgen
[ 96%] Linking CXX executable 2mm
[ 96%] Built target 2mm
[ 98%] Linking CXX executable 3mm
[ 98%] Built target 3mm
noarr,2mm,2.578630,1.006,valid,1,LARGE
noarr,standard,2mm,1,2.563717,1,LARGE
noarr,standard,2mm,2,2.613714,1,LARGE
noarr,standard,2mm,3,2.594874,1,LARGE
noarr,standard,2mm,4,2.609559,1,LARGE
noarr,standard,2mm,5,2.608734,1,LARGE
noarr,3mm,4.113465,0.950,valid,1,LARGE
noarr,standard,3mm,1,4.114969,1,LARGE
noarr,standard,3mm,2,4.112561,1,LARGE
noarr,standard,3mm,3,4.144213,1,LARGE
noarr,standard,3mm,4,4.123137,1,LARGE
noarr,standard,3mm,5,4.152917,1,LARGE
noarr,adi,11.151113,0.933,valid,1,LARGE
noarr,standard,adi,1,11.209399,1,LARGE
noarr,standard,adi,2,11.200011,1,LARGE
noarr,standard,adi,3,11.237663,1,LARGE
noarr,standard,adi,4,11.204129,1,LARGE
noarr,standard,adi,5,11.193155,1,LARGE
noarr,atax,0.008308,1.040,valid,1,LARGE
noarr,standard,atax,1,0.008286,1,LARGE
noarr,standard,atax,2,0.008301,1,LARGE
noarr,standard,atax,3,0.008269,1,LARGE
noarr,standard,atax,4,0.008314,1,LARGE
noarr,standard,atax,5,0.008310,1,LARGE
noarr,bicg,0.013138,1.116,valid,1,LARGE
noarr,standard,bicg,1,0.013170,1,LARGE
noarr,standard,bicg,2,0.013122,1,LARGE
noarr,standard,bicg,3,0.013112,1,LARGE
noarr,standard,bicg,4,0.013132,1,LARGE
noarr,standard,bicg,5,0.013161,1,LARGE
noarr,cholesky,1.901244,,invalid,1,LARGE
noarr,correlation,1.692640,1.003,valid,1,LARGE
noarr,standard,correlation,1,1.680357,1,LARGE
noarr,standard,correlation,2,1.673406,1,LARGE
noarr,standard,correlation,3,1.700840,1,LARGE
noarr,standard,correlation,4,1.689852,1,LARGE
noarr,standard,correlation,5,1.673241,1,LARGE
noarr,covariance,1.677849,1.013,valid,1,LARGE
noarr,standard,covariance,1,1.675809,1,LARGE
noarr,standard,covariance,2,1.691375,1,LARGE
noarr,standard,covariance,3,1.692531,1,LARGE
noarr,standard,covariance,4,1.688756,1,LARGE
noarr,standard,covariance,5,1.690669,1,LARGE
noarr,deriche,0.190329,1.177,valid,1,LARGE
noarr,standard,deriche,1,0.191011,1,LARGE
noarr,standard,deriche,2,0.190969,1,LARGE
noarr,standard,deriche,3,0.190994,1,LARGE
noarr,standard,deriche,4,0.190003,1,LARGE
noarr,standard,deriche,5,0.190484,1,LARGE
noarr,doitgen,0.711060,1.046,valid,1,LARGE
noarr,standard,doitgen,1,0.700386,1,LARGE
noarr,standard,doitgen,2,0.710309,1,LARGE
noarr,standard,doitgen,3,0.707213,1,LARGE
noarr,standard,doitgen,4,0.703786,1,LARGE
noarr,standard,doitgen,5,0.706635,1,LARGE
noarr,durbin,0.004374,0.888,valid,1,LARGE
noarr,standard,durbin,1,0.004378,1,LARGE
noarr,standard,durbin,2,0.004372,1,LARGE
noarr,standard,durbin,3,0.004375,1,LARGE
noarr,standard,durbin,4,0.004381,1,LARGE
noarr,standard,durbin,5,0.004380,1,LARGE
noarr,fdtd-2d,1.788919,0.955,valid,1,LARGE
noarr,standard,fdtd-2d,1,1.801453,1,LARGE
noarr,standard,fdtd-2d,2,1.822038,1,LARGE
noarr,standard,fdtd-2d,3,1.794516,1,LARGE
noarr,standard,fdtd-2d,4,1.837849,1,LARGE
noarr,standard,fdtd-2d,5,1.811981,1,LARGE
noarr,floyd-warshall,22.102685,1.027,valid,1,LARGE
noarr,standard,floyd-warshall,1,22.010592,1,LARGE
noarr,standard,floyd-warshall,2,21.941534,1,LARGE
noarr,standard,floyd-warshall,3,22.116191,1,LARGE
noarr,standard,floyd-warshall,4,21.793920,1,LARGE
noarr,standard,floyd-warshall,5,21.958566,1,LARGE
noarr,gemm,0.525385,0.854,valid,1,LARGE
noarr,standard,gemm,1,0.522298,1,LARGE
noarr,standard,gemm,2,0.523136,1,LARGE
noarr,standard,gemm,3,0.523158,1,LARGE
noarr,standard,gemm,4,0.523108,1,LARGE
noarr,standard,gemm,5,0.523524,1,LARGE
noarr,gemver,0.017065,1.030,valid,1,LARGE
noarr,standard,gemver,1,0.016958,1,LARGE
noarr,standard,gemver,2,0.016901,1,LARGE
noarr,standard,gemver,3,0.016729,1,LARGE
noarr,standard,gemver,4,0.016812,1,LARGE
noarr,standard,gemver,5,0.016821,1,LARGE
noarr,gesummv,0.005555,1.127,valid,1,LARGE
noarr,standard,gesummv,1,0.005602,1,LARGE
noarr,standard,gesummv,2,0.005534,1,LARGE
noarr,standard,gesummv,3,0.005592,1,LARGE
noarr,standard,gesummv,4,0.005528,1,LARGE
noarr,standard,gesummv,5,0.005527,1,LARGE
noarr,gramschmidt,2.512588,,invalid,1,LARGE
noarr,heat-3d,2.022771,0.966,valid,1,LARGE
noarr,standard,heat-3d,1,2.017268,1,LARGE
noarr,standard,heat-3d,2,2.024208,1,LARGE
noarr,standard,heat-3d,3,2.025304,1,LARGE
noarr,standard,heat-3d,4,2.017663,1,LARGE
noarr,standard,heat-3d,5,2.020155,1,LARGE
noarr,jacobi-1d,0.000678,1.378,valid,1,LARGE
noarr,standard,jacobi-1d,1,0.000672,1,LARGE
noarr,standard,jacobi-1d,2,0.000672,1,LARGE
noarr,standard,jacobi-1d,3,0.000672,1,LARGE
noarr,standard,jacobi-1d,4,0.000671,1,LARGE
noarr,standard,jacobi-1d,5,0.000672,1,LARGE
noarr,jacobi-2d,1.700688,0.966,valid,1,LARGE
noarr,standard,jacobi-2d,1,1.699896,1,LARGE
noarr,standard,jacobi-2d,2,1.715040,1,LARGE
noarr,standard,jacobi-2d,3,1.698543,1,LARGE
noarr,standard,jacobi-2d,4,1.725559,1,LARGE
noarr,standard,jacobi-2d,5,1.708031,1,LARGE
noarr,lu,,,illegal,1,LARGE
noarr,ludcmp,4.373836,1.001,valid,1,LARGE
noarr,standard,ludcmp,1,4.419495,1,LARGE
noarr,standard,ludcmp,2,4.450412,1,LARGE
noarr,standard,ludcmp,3,4.362205,1,LARGE
noarr,standard,ludcmp,4,4.425789,1,LARGE
noarr,standard,ludcmp,5,4.378666,1,LARGE
noarr,mvt,0.013891,1.053,valid,1,LARGE
noarr,standard,mvt,1,0.013911,1,LARGE
noarr,standard,mvt,2,0.013667,1,LARGE
noarr,standard,mvt,3,0.013737,1,LARGE
noarr,standard,mvt,4,0.013848,1,LARGE
noarr,standard,mvt,5,0.013621,1,LARGE
noarr,nussinov,,,illegal,1,LARGE
noarr,seidel-2d,27.161878,1.000,valid,1,LARGE
noarr,standard,seidel-2d,1,27.163276,1,LARGE
noarr,standard,seidel-2d,2,27.168127,1,LARGE
noarr,standard,seidel-2d,3,27.166763,1,LARGE
noarr,standard,seidel-2d,4,27.169648,1,LARGE
noarr,standard,seidel-2d,5,27.166163,1,LARGE
noarr,symm,1.547987,1.028,valid,1,LARGE
noarr,standard,symm,1,1.557646,1,LARGE
noarr,standard,symm,2,1.530228,1,LARGE
noarr,standard,symm,3,1.575463,1,LARGE
noarr,standard,symm,4,1.579210,1,LARGE
noarr,standard,symm,5,1.574959,1,LARGE
noarr,syr2k,1.486903,0.886,valid,1,LARGE
noarr,standard,syr2k,1,1.499172,1,LARGE
noarr,standard,syr2k,2,1.468181,1,LARGE
noarr,standard,syr2k,3,1.492208,1,LARGE
noarr,standard,syr2k,4,1.490778,1,LARGE
noarr,standard,syr2k,5,1.473767,1,LARGE
noarr,syrk,0.664674,0.991,valid,1,LARGE
noarr,standard,syrk,1,0.662824,1,LARGE
noarr,standard,syrk,2,0.663147,1,LARGE
noarr,standard,syrk,3,0.658477,1,LARGE
noarr,standard,syrk,4,0.663348,1,LARGE
noarr,standard,syrk,5,0.663884,1,LARGE
noarr,trisolv,0.003053,,invalid,1,LARGE
noarr,trmm,0.240018,4.113,valid,1,LARGE
noarr,standard,trmm,1,0.238568,1,LARGE
noarr,standard,trmm,2,0.236301,1,LARGE
noarr,standard,trmm,3,0.236408,1,LARGE
noarr,standard,trmm,4,0.236264,1,LARGE
noarr,standard,trmm,5,0.237403,1,LARGE
-- The CXX compiler identification is GNU 15.2.0
-- Detecting CXX compiler ABI info
-- Detecting CXX compiler ABI info - done
-- Check for working CXX compiler: /usr/local/latestgcc/bin/g++ - skipped
-- Detecting CXX compile features
-- Detecting CXX compile features - done
-- Using NOARR_STRUCTURES_DIR from environment: /home/kleplj/translation/submodules/noarr-structures
-- Configuring done (0.4s)
-- Generating done (0.7s)
-- Build files have been written to: /home/kleplj/translation/PolybenchC-Noarr/build
[  5%] Building CXX object CMakeFiles/correlation.dir/datamining/correlation/correlation.cpp.o
[ 11%] Building CXX object CMakeFiles/gemver.dir/linear-algebra/blas/gemver/gemver.cpp.o
[ 11%] Building CXX object CMakeFiles/covariance.dir/datamining/covariance/covariance.cpp.o
[ 11%] Building CXX object CMakeFiles/gesummv.dir/linear-algebra/blas/gesummv/gesummv.cpp.o
[ 11%] Building CXX object CMakeFiles/gemm.dir/linear-algebra/blas/gemm/gemm.cpp.o
[ 21%] Building CXX object CMakeFiles/syrk.dir/linear-algebra/blas/syrk/syrk.cpp.o
[ 21%] Building CXX object CMakeFiles/trmm.dir/linear-algebra/blas/trmm/trmm.cpp.o
[ 21%] Building CXX object CMakeFiles/bicg.dir/linear-algebra/kernels/bicg/bicg.cpp.o
[ 21%] Building CXX object CMakeFiles/syr2k.dir/linear-algebra/blas/syr2k/syr2k.cpp.o
[ 21%] Building CXX object CMakeFiles/symm.dir/linear-algebra/blas/symm/symm.cpp.o
[ 35%] Building CXX object CMakeFiles/lu.dir/linear-algebra/solvers/lu/lu.cpp.o
[ 50%] Building CXX object CMakeFiles/cholesky.dir/linear-algebra/solvers/cholesky/cholesky.cpp.o
[ 50%] Building CXX object CMakeFiles/doitgen.dir/linear-algebra/kernels/doitgen/doitgen.cpp.o
[ 50%] Building CXX object CMakeFiles/gramschmidt.dir/linear-algebra/solvers/gramschmidt/gramschmidt.cpp.o
[ 50%] Building CXX object CMakeFiles/atax.dir/linear-algebra/kernels/atax/atax.cpp.o
[ 50%] Building CXX object CMakeFiles/trisolv.dir/linear-algebra/solvers/trisolv/trisolv.cpp.o
[ 50%] Building CXX object CMakeFiles/3mm.dir/linear-algebra/kernels/3mm/3mm.cpp.o
[ 50%] Building CXX object CMakeFiles/deriche.dir/medley/deriche/deriche.cpp.o
[ 50%] Building CXX object CMakeFiles/mvt.dir/linear-algebra/kernels/mvt/mvt.cpp.o
[ 50%] Building CXX object CMakeFiles/ludcmp.dir/linear-algebra/solvers/ludcmp/ludcmp.cpp.o
[ 50%] Building CXX object CMakeFiles/adi.dir/stencils/adi/adi.cpp.o
[ 50%] Building CXX object CMakeFiles/durbin.dir/linear-algebra/solvers/durbin/durbin.cpp.o
[ 50%] Building CXX object CMakeFiles/fdtd-2d.dir/stencils/fdtd-2d/fdtd-2d.cpp.o
[ 50%] Building CXX object CMakeFiles/2mm.dir/linear-algebra/kernels/2mm/2mm.cpp.o
[ 50%] Building CXX object CMakeFiles/seidel-2d.dir/stencils/seidel-2d/seidel-2d.cpp.o
[ 50%] Building CXX object CMakeFiles/nussinov.dir/medley/nussinov/nussinov.cpp.o
[ 50%] Building CXX object CMakeFiles/jacobi-2d.dir/stencils/jacobi-2d/jacobi-2d.cpp.o
[ 50%] Building CXX object CMakeFiles/floyd-warshall.dir/medley/floyd-warshall/floyd-warshall.cpp.o
[ 50%] Building CXX object CMakeFiles/heat-3d.dir/stencils/heat-3d/heat-3d.cpp.o
[ 50%] Building CXX object CMakeFiles/jacobi-1d.dir/stencils/jacobi-1d/jacobi-1d.cpp.o
[ 51%] Linking CXX executable durbin
[ 53%] Linking CXX executable jacobi-1d
[ 53%] Built target durbin
[ 53%] Built target jacobi-1d
[ 55%] Linking CXX executable floyd-warshall
[ 56%] Linking CXX executable seidel-2d
[ 60%] Linking CXX executable nussinov
[ 60%] Linking CXX executable trisolv
[ 60%] Built target floyd-warshall
[ 60%] Built target seidel-2d
[ 61%] Linking CXX executable atax
[ 63%] Linking CXX executable bicg
[ 63%] Built target trisolv
[ 63%] Built target nussinov
[ 63%] Built target atax
[ 66%] Linking CXX executable gesummv
[ 66%] Linking CXX executable trmm
[ 66%] Built target bicg
[ 68%] Linking CXX executable mvt
[ 70%] Linking CXX executable deriche
[ 71%] Linking CXX executable lu
[ 71%] Built target gesummv
[ 71%] Built target trmm
[ 73%] Linking CXX executable cholesky
[ 75%] Linking CXX executable jacobi-2d
[ 76%] Linking CXX executable symm
[ 76%] Built target mvt
[ 76%] Built target deriche
[ 78%] Linking CXX executable covariance
[ 78%] Built target lu
[ 78%] Built target cholesky
[ 78%] Built target jacobi-2d
[ 78%] Built target symm
[ 80%] Linking CXX executable syrk
[ 83%] Linking CXX executable gemver
[ 83%] Linking CXX executable syr2k
[ 83%] Built target covariance
[ 85%] Linking CXX executable gramschmidt
[ 85%] Built target syrk
[ 85%] Built target syr2k
[ 85%] Built target gemver
[ 86%] Linking CXX executable heat-3d
[ 88%] Linking CXX executable doitgen
[ 88%] Built target gramschmidt
[ 90%] Linking CXX executable gemm
[ 91%] Linking CXX executable fdtd-2d
[ 91%] Built target heat-3d
[ 91%] Built target doitgen
[ 91%] Built target gemm
[ 91%] Built target fdtd-2d
[ 93%] Linking CXX executable correlation
[ 93%] Built target correlation
[ 95%] Linking CXX executable 2mm
[ 95%] Built target 2mm
[ 96%] Linking CXX executable 3mm
[ 96%] Built target 3mm
noarr,2mm,0.662611,3.894,valid,2,LARGE
noarr,standard,2mm,1,0.680868,2,LARGE
noarr,standard,2mm,2,0.659376,2,LARGE
noarr,standard,2mm,3,0.658642,2,LARGE
noarr,standard,2mm,4,0.658922,2,LARGE
noarr,standard,2mm,5,0.658910,2,LARGE
noarr,3mm,4.064901,0.958,valid,2,LARGE
noarr,standard,3mm,1,4.038264,2,LARGE
noarr,standard,3mm,2,4.070869,2,LARGE
noarr,standard,3mm,3,4.071020,2,LARGE
noarr,standard,3mm,4,4.071010,2,LARGE
noarr,standard,3mm,5,4.069547,2,LARGE
noarr,adi,,,illegal,2,LARGE
noarr,atax,0.008313,1.027,valid,2,LARGE
noarr,standard,atax,1,0.008308,2,LARGE
noarr,standard,atax,2,0.008272,2,LARGE
noarr,standard,atax,3,0.008267,2,LARGE
noarr,standard,atax,4,0.008317,2,LARGE
noarr,standard,atax,5,0.008255,2,LARGE
noarr,bicg,0.013113,1.117,valid,2,LARGE
noarr,standard,bicg,1,0.013157,2,LARGE
noarr,standard,bicg,2,0.013121,2,LARGE
noarr,standard,bicg,3,0.013121,2,LARGE
noarr,standard,bicg,4,0.013106,2,LARGE
noarr,standard,bicg,5,0.013165,2,LARGE
noarr,cholesky,1.904232,,invalid,2,LARGE
noarr,correlation,1.709554,0.995,valid,2,LARGE
noarr,standard,correlation,1,1.709442,2,LARGE
noarr,standard,correlation,2,1.700656,2,LARGE
noarr,standard,correlation,3,1.691407,2,LARGE
noarr,standard,correlation,4,1.699989,2,LARGE
noarr,standard,correlation,5,1.699104,2,LARGE
noarr,covariance,1.720053,0.988,valid,2,LARGE
noarr,standard,covariance,1,1.692155,2,LARGE
noarr,standard,covariance,2,1.722291,2,LARGE
noarr,standard,covariance,3,1.710072,2,LARGE
noarr,standard,covariance,4,1.710006,2,LARGE
noarr,standard,covariance,5,1.721532,2,LARGE
noarr,deriche,0.190037,1.184,valid,2,LARGE
noarr,standard,deriche,1,0.189584,2,LARGE
noarr,standard,deriche,2,0.191850,2,LARGE
noarr,standard,deriche,3,0.189082,2,LARGE
noarr,standard,deriche,4,0.189277,2,LARGE
noarr,standard,deriche,5,0.196247,2,LARGE
noarr,doitgen,0.700361,1.062,valid,2,LARGE
noarr,standard,doitgen,1,0.712918,2,LARGE
noarr,standard,doitgen,2,0.715811,2,LARGE
noarr,standard,doitgen,3,0.703214,2,LARGE
noarr,standard,doitgen,4,0.700074,2,LARGE
noarr,standard,doitgen,5,0.706839,2,LARGE
noarr,durbin,0.004384,0.870,valid,2,LARGE
noarr,standard,durbin,1,0.004382,2,LARGE
noarr,standard,durbin,2,0.004383,2,LARGE
noarr,standard,durbin,3,0.004443,2,LARGE
noarr,standard,durbin,4,0.004383,2,LARGE
noarr,standard,durbin,5,0.004389,2,LARGE
noarr,fdtd-2d,1.786752,0.963,valid,2,LARGE
noarr,standard,fdtd-2d,1,1.809081,2,LARGE
noarr,standard,fdtd-2d,2,1.823286,2,LARGE
noarr,standard,fdtd-2d,3,1.792317,2,LARGE
noarr,standard,fdtd-2d,4,1.814897,2,LARGE
noarr,standard,fdtd-2d,5,1.820205,2,LARGE
noarr,floyd-warshall,28.035677,0.808,valid,2,LARGE
noarr,standard,floyd-warshall,1,28.273982,2,LARGE
noarr,standard,floyd-warshall,2,28.002328,2,LARGE
noarr,standard,floyd-warshall,3,28.333189,2,LARGE
noarr,standard,floyd-warshall,4,28.292671,2,LARGE
noarr,standard,floyd-warshall,5,28.092790,2,LARGE
noarr,gemm,0.541918,0.828,valid,2,LARGE
noarr,standard,gemm,1,0.523339,2,LARGE
noarr,standard,gemm,2,0.528649,2,LARGE
noarr,standard,gemm,3,0.541158,2,LARGE
noarr,standard,gemm,4,0.540746,2,LARGE
noarr,standard,gemm,5,0.528239,2,LARGE
noarr,gemver,0.017209,1.017,valid,2,LARGE
noarr,standard,gemver,1,0.016969,2,LARGE
noarr,standard,gemver,2,0.016819,2,LARGE
noarr,standard,gemver,3,0.016813,2,LARGE
noarr,standard,gemver,4,0.016874,2,LARGE
noarr,standard,gemver,5,0.016815,2,LARGE
noarr,gesummv,0.005547,1.124,valid,2,LARGE
noarr,standard,gesummv,1,0.005537,2,LARGE
noarr,standard,gesummv,2,0.005565,2,LARGE
noarr,standard,gesummv,3,0.005533,2,LARGE
noarr,standard,gesummv,4,0.005528,2,LARGE
noarr,standard,gesummv,5,0.005575,2,LARGE
noarr,gramschmidt,2.516783,,invalid,2,LARGE
noarr,heat-3d,2.101773,0.928,valid,2,LARGE
noarr,standard,heat-3d,1,2.107958,2,LARGE
noarr,standard,heat-3d,2,2.107468,2,LARGE
noarr,standard,heat-3d,3,2.097733,2,LARGE
noarr,standard,heat-3d,4,2.095253,2,LARGE
noarr,standard,heat-3d,5,2.100694,2,LARGE
noarr,jacobi-1d,0.000685,1.374,valid,2,LARGE
noarr,standard,jacobi-1d,1,0.000676,2,LARGE
noarr,standard,jacobi-1d,2,0.000676,2,LARGE
noarr,standard,jacobi-1d,3,0.000676,2,LARGE
noarr,standard,jacobi-1d,4,0.000672,2,LARGE
noarr,standard,jacobi-1d,5,0.000675,2,LARGE
noarr,jacobi-2d,1.715517,0.957,valid,2,LARGE
noarr,standard,jacobi-2d,1,1.728063,2,LARGE
noarr,standard,jacobi-2d,2,1.694898,2,LARGE
noarr,standard,jacobi-2d,3,1.716714,2,LARGE
noarr,standard,jacobi-2d,4,1.692633,2,LARGE
noarr,standard,jacobi-2d,5,1.703820,2,LARGE
noarr,lu,4.414687,1.000,valid,2,LARGE
noarr,standard,lu,1,4.400803,2,LARGE
noarr,standard,lu,2,4.356496,2,LARGE
noarr,standard,lu,3,4.379825,2,LARGE
noarr,standard,lu,4,4.379945,2,LARGE
noarr,standard,lu,5,4.373500,2,LARGE
noarr,ludcmp,,,illegal,2,LARGE
noarr,mvt,0.013878,1.048,valid,2,LARGE
noarr,standard,mvt,1,0.013867,2,LARGE
noarr,standard,mvt,2,0.013684,2,LARGE
noarr,standard,mvt,3,0.013701,2,LARGE
noarr,standard,mvt,4,0.013747,2,LARGE
noarr,standard,mvt,5,0.013587,2,LARGE
noarr,nussinov,2.647186,,invalid,2,LARGE
noarr,seidel-2d,27.167350,1.000,valid,2,LARGE
noarr,standard,seidel-2d,1,27.164105,2,LARGE
noarr,standard,seidel-2d,2,27.166371,2,LARGE
noarr,standard,seidel-2d,3,27.165858,2,LARGE
noarr,standard,seidel-2d,4,27.166988,2,LARGE
noarr,standard,seidel-2d,5,27.167391,2,LARGE
noarr,symm,1.533474,1.037,valid,2,LARGE
noarr,standard,symm,1,1.532985,2,LARGE
noarr,standard,symm,2,1.556247,2,LARGE
noarr,standard,symm,3,1.556609,2,LARGE
noarr,standard,symm,4,1.557081,2,LARGE
noarr,standard,symm,5,1.555313,2,LARGE
noarr,syr2k,1.397797,0.951,valid,2,LARGE
noarr,standard,syr2k,1,1.404368,2,LARGE
noarr,standard,syr2k,2,1.399433,2,LARGE
noarr,standard,syr2k,3,1.398987,2,LARGE
noarr,standard,syr2k,4,1.403601,2,LARGE
noarr,standard,syr2k,5,1.404287,2,LARGE
noarr,syrk,0.597307,1.103,valid,2,LARGE
noarr,standard,syrk,1,0.597706,2,LARGE
noarr,standard,syrk,2,0.595084,2,LARGE
noarr,standard,syrk,3,0.596901,2,LARGE
noarr,standard,syrk,4,0.596420,2,LARGE
noarr,standard,syrk,5,0.595295,2,LARGE
noarr,trisolv,0.003199,0.969,valid,2,LARGE
noarr,standard,trisolv,1,0.003131,2,LARGE
noarr,standard,trisolv,2,0.003142,2,LARGE
noarr,standard,trisolv,3,0.003159,2,LARGE
noarr,standard,trisolv,4,0.003167,2,LARGE
noarr,standard,trisolv,5,0.003150,2,LARGE
noarr,trmm,0.983253,1.010,valid,2,LARGE
noarr,standard,trmm,1,0.967747,2,LARGE
noarr,standard,trmm,2,0.970777,2,LARGE
noarr,standard,trmm,3,0.967566,2,LARGE
noarr,standard,trmm,4,0.970754,2,LARGE
noarr,standard,trmm,5,0.970785,2,LARGE
-- The CXX compiler identification is GNU 15.2.0
-- Detecting CXX compiler ABI info
-- Detecting CXX compiler ABI info - done
-- Check for working CXX compiler: /usr/local/latestgcc/bin/g++ - skipped
-- Detecting CXX compile features
-- Detecting CXX compile features - done
-- Using NOARR_STRUCTURES_DIR from environment: /home/kleplj/translation/submodules/noarr-structures
-- Configuring done (0.4s)
-- Generating done (0.7s)
-- Build files have been written to: /home/kleplj/translation/PolybenchC-Noarr/build
[  5%] Building CXX object CMakeFiles/correlation.dir/datamining/correlation/correlation.cpp.o
[  6%] Building CXX object CMakeFiles/covariance.dir/datamining/covariance/covariance.cpp.o
[ 10%] Building CXX object CMakeFiles/gemver.dir/linear-algebra/blas/gemver/gemver.cpp.o
[ 10%] Building CXX object CMakeFiles/gemm.dir/linear-algebra/blas/gemm/gemm.cpp.o
[ 11%] Building CXX object CMakeFiles/gesummv.dir/linear-algebra/blas/gesummv/gesummv.cpp.o
[ 11%] Building CXX object CMakeFiles/symm.dir/linear-algebra/blas/symm/symm.cpp.o
[ 16%] Building CXX object CMakeFiles/syrk.dir/linear-algebra/blas/syrk/syrk.cpp.o
[ 28%] Building CXX object CMakeFiles/trmm.dir/linear-algebra/blas/trmm/trmm.cpp.o
[ 50%] Building CXX object CMakeFiles/cholesky.dir/linear-algebra/solvers/cholesky/cholesky.cpp.o
[ 50%] Building CXX object CMakeFiles/doitgen.dir/linear-algebra/kernels/doitgen/doitgen.cpp.o
[ 50%] Building CXX object CMakeFiles/ludcmp.dir/linear-algebra/solvers/ludcmp/ludcmp.cpp.o
[ 50%] Building CXX object CMakeFiles/syr2k.dir/linear-algebra/blas/syr2k/syr2k.cpp.o
[ 50%] Building CXX object CMakeFiles/mvt.dir/linear-algebra/kernels/mvt/mvt.cpp.o
[ 50%] Building CXX object CMakeFiles/atax.dir/linear-algebra/kernels/atax/atax.cpp.o
[ 50%] Building CXX object CMakeFiles/2mm.dir/linear-algebra/kernels/2mm/2mm.cpp.o
[ 50%] Building CXX object CMakeFiles/bicg.dir/linear-algebra/kernels/bicg/bicg.cpp.o
[ 50%] Building CXX object CMakeFiles/durbin.dir/linear-algebra/solvers/durbin/durbin.cpp.o
[ 50%] Building CXX object CMakeFiles/lu.dir/linear-algebra/solvers/lu/lu.cpp.o
[ 50%] Building CXX object CMakeFiles/deriche.dir/medley/deriche/deriche.cpp.o
[ 50%] Building CXX object CMakeFiles/fdtd-2d.dir/stencils/fdtd-2d/fdtd-2d.cpp.o
[ 50%] Building CXX object CMakeFiles/floyd-warshall.dir/medley/floyd-warshall/floyd-warshall.cpp.o
[ 50%] Building CXX object CMakeFiles/gramschmidt.dir/linear-algebra/solvers/gramschmidt/gramschmidt.cpp.o
[ 50%] Building CXX object CMakeFiles/3mm.dir/linear-algebra/kernels/3mm/3mm.cpp.o
[ 50%] Building CXX object CMakeFiles/nussinov.dir/medley/nussinov/nussinov.cpp.o
[ 50%] Building CXX object CMakeFiles/trisolv.dir/linear-algebra/solvers/trisolv/trisolv.cpp.o
[ 50%] Building CXX object CMakeFiles/jacobi-1d.dir/stencils/jacobi-1d/jacobi-1d.cpp.o
[ 50%] Building CXX object CMakeFiles/seidel-2d.dir/stencils/seidel-2d/seidel-2d.cpp.o
[ 50%] Building CXX object CMakeFiles/adi.dir/stencils/adi/adi.cpp.o
[ 50%] Building CXX object CMakeFiles/jacobi-2d.dir/stencils/jacobi-2d/jacobi-2d.cpp.o
[ 50%] Building CXX object CMakeFiles/heat-3d.dir/stencils/heat-3d/heat-3d.cpp.o
[ 51%] Linking CXX executable jacobi-1d
[ 51%] Built target jacobi-1d
[ 53%] Linking CXX executable trisolv
[ 55%] Linking CXX executable durbin
[ 55%] Built target trisolv
[ 55%] Built target durbin
[ 56%] Linking CXX executable gesummv
[ 58%] Linking CXX executable cholesky
[ 60%] Linking CXX executable jacobi-2d
[ 63%] Linking CXX executable floyd-warshall
[ 63%] Linking CXX executable atax
[ 65%] Linking CXX executable adi
[ 65%] Built target gesummv
[ 65%] Built target cholesky
[ 65%] Built target jacobi-2d
[ 66%] Linking CXX executable bicg
[ 68%] Linking CXX executable mvt
[ 68%] Built target atax
[ 68%] Built target floyd-warshall
[ 68%] Built target adi
[ 70%] Linking CXX executable deriche
[ 70%] Built target bicg
[ 70%] Built target mvt
[ 71%] Linking CXX executable gemver
[ 73%] Linking CXX executable seidel-2d
[ 73%] Built target deriche
[ 75%] Linking CXX executable symm
[ 75%] Built target gemver
[ 75%] Built target seidel-2d
[ 76%] Linking CXX executable syr2k
[ 78%] Linking CXX executable trmm
[ 80%] Linking CXX executable gramschmidt
[ 80%] Built target symm
[ 80%] Built target syr2k
[ 81%] Linking CXX executable heat-3d
[ 81%] Built target trmm
[ 81%] Built target gramschmidt
[ 83%] Linking CXX executable syrk
[ 85%] Linking CXX executable gemm
[ 86%] Linking CXX executable fdtd-2d
[ 86%] Built target heat-3d
[ 86%] Built target syrk
[ 86%] Built target gemm
[ 86%] Built target fdtd-2d
[ 88%] Linking CXX executable covariance
[ 90%] Linking CXX executable correlation
[ 90%] Built target covariance
[ 90%] Built target correlation
[ 91%] Linking CXX executable doitgen
[ 91%] Built target doitgen
[ 93%] Linking CXX executable 2mm
[ 93%] Built target 2mm
[ 95%] Linking CXX executable 3mm
[ 95%] Built target 3mm
noarr,2mm,2.579073,0.997,valid,3,LARGE
noarr,standard,2mm,1,2.591325,3,LARGE
noarr,standard,2mm,2,2.570384,3,LARGE
noarr,standard,2mm,3,2.612354,3,LARGE
noarr,standard,2mm,4,2.611011,3,LARGE
noarr,standard,2mm,5,2.612262,3,LARGE
noarr,3mm,1.085270,3.621,valid,3,LARGE
noarr,standard,3mm,1,1.084964,3,LARGE
noarr,standard,3mm,2,1.078826,3,LARGE
noarr,standard,3mm,3,1.083847,3,LARGE
noarr,standard,3mm,4,1.078167,3,LARGE
noarr,standard,3mm,5,1.078318,3,LARGE
noarr,adi,12.046985,0.865,valid,3,LARGE
noarr,standard,adi,1,12.223846,3,LARGE
noarr,standard,adi,2,12.263664,3,LARGE
noarr,standard,adi,3,12.050060,3,LARGE
noarr,standard,adi,4,12.214889,3,LARGE
noarr,standard,adi,5,12.195808,3,LARGE
noarr,atax,0.008354,1.027,valid,3,LARGE
noarr,standard,atax,1,0.008352,3,LARGE
noarr,standard,atax,2,0.008271,3,LARGE
noarr,standard,atax,3,0.008298,3,LARGE
noarr,standard,atax,4,0.008313,3,LARGE
noarr,standard,atax,5,0.008327,3,LARGE
noarr,bicg,0.013131,1.112,valid,3,LARGE
noarr,standard,bicg,1,0.013195,3,LARGE
noarr,standard,bicg,2,0.013111,3,LARGE
noarr,standard,bicg,3,0.013162,3,LARGE
noarr,standard,bicg,4,0.013127,3,LARGE
noarr,standard,bicg,5,0.013107,3,LARGE
noarr,cholesky,0.253602,,invalid,3,LARGE
noarr,correlation,1.693463,1.000,valid,3,LARGE
noarr,standard,correlation,1,1.714136,3,LARGE
noarr,standard,correlation,2,1.712808,3,LARGE
noarr,standard,correlation,3,1.698320,3,LARGE
noarr,standard,correlation,4,1.713002,3,LARGE
noarr,standard,correlation,5,1.698361,3,LARGE
noarr,covariance,1.726674,0.993,valid,3,LARGE
noarr,standard,covariance,1,1.700230,3,LARGE
noarr,standard,covariance,2,1.713882,3,LARGE
noarr,standard,covariance,3,1.714456,3,LARGE
noarr,standard,covariance,4,1.707965,3,LARGE
noarr,standard,covariance,5,1.707767,3,LARGE
noarr,deriche,0.190089,1.183,valid,3,LARGE
noarr,standard,deriche,1,0.190616,3,LARGE
noarr,standard,deriche,2,0.188317,3,LARGE
noarr,standard,deriche,3,0.189273,3,LARGE
noarr,standard,deriche,4,0.190030,3,LARGE
noarr,standard,deriche,5,0.190083,3,LARGE
noarr,doitgen,0.714041,1.042,valid,3,LARGE
noarr,standard,doitgen,1,0.712918,3,LARGE
noarr,standard,doitgen,2,0.712913,3,LARGE
noarr,standard,doitgen,3,0.713173,3,LARGE
noarr,standard,doitgen,4,0.707686,3,LARGE
noarr,standard,doitgen,5,0.706302,3,LARGE
noarr,durbin,0.004380,0.874,valid,3,LARGE
noarr,standard,durbin,1,0.004385,3,LARGE
noarr,standard,durbin,2,0.004376,3,LARGE
noarr,standard,durbin,3,0.004376,3,LARGE
noarr,standard,durbin,4,0.004371,3,LARGE
noarr,standard,durbin,5,0.004383,3,LARGE
noarr,fdtd-2d,1.792554,0.973,valid,3,LARGE
noarr,standard,fdtd-2d,1,1.822407,3,LARGE
noarr,standard,fdtd-2d,2,1.777813,3,LARGE
noarr,standard,fdtd-2d,3,1.767351,3,LARGE
noarr,standard,fdtd-2d,4,1.780656,3,LARGE
noarr,standard,fdtd-2d,5,1.771026,3,LARGE
noarr,floyd-warshall,22.007898,1.036,valid,3,LARGE
noarr,standard,floyd-warshall,1,21.987842,3,LARGE
noarr,standard,floyd-warshall,2,21.922321,3,LARGE
noarr,standard,floyd-warshall,3,21.941856,3,LARGE
noarr,standard,floyd-warshall,4,21.884279,3,LARGE
noarr,standard,floyd-warshall,5,21.917707,3,LARGE
noarr,gemm,0.523037,0.859,valid,3,LARGE
noarr,standard,gemm,1,0.528301,3,LARGE
noarr,standard,gemm,2,0.542711,3,LARGE
noarr,standard,gemm,3,0.538668,3,LARGE
noarr,standard,gemm,4,0.528330,3,LARGE
noarr,standard,gemm,5,0.528494,3,LARGE
noarr,gemver,0.017000,1.035,valid,3,LARGE
noarr,standard,gemver,1,0.016947,3,LARGE
noarr,standard,gemver,2,0.016752,3,LARGE
noarr,standard,gemver,3,0.016750,3,LARGE
noarr,standard,gemver,4,0.016737,3,LARGE
noarr,standard,gemver,5,0.016853,3,LARGE
noarr,gesummv,0.005565,1.130,valid,3,LARGE
noarr,standard,gesummv,1,0.005593,3,LARGE
noarr,standard,gesummv,2,0.005530,3,LARGE
noarr,standard,gesummv,3,0.005551,3,LARGE
noarr,standard,gesummv,4,0.005569,3,LARGE
noarr,standard,gesummv,5,0.005523,3,LARGE
noarr,gramschmidt,2.511476,,invalid,3,LARGE
noarr,heat-3d,2.026274,0.962,valid,3,LARGE
noarr,standard,heat-3d,1,2.015513,3,LARGE
noarr,standard,heat-3d,2,2.013474,3,LARGE
noarr,standard,heat-3d,3,2.012136,3,LARGE
noarr,standard,heat-3d,4,2.018945,3,LARGE
noarr,standard,heat-3d,5,2.018526,3,LARGE
noarr,jacobi-1d,0.000688,1.366,valid,3,LARGE
noarr,standard,jacobi-1d,1,0.000684,3,LARGE
noarr,standard,jacobi-1d,2,0.000685,3,LARGE
noarr,standard,jacobi-1d,3,0.000684,3,LARGE
noarr,standard,jacobi-1d,4,0.000703,3,LARGE
noarr,standard,jacobi-1d,5,0.000685,3,LARGE
noarr,jacobi-2d,1.720810,0.953,valid,3,LARGE
noarr,standard,jacobi-2d,1,1.697074,3,LARGE
noarr,standard,jacobi-2d,2,1.699441,3,LARGE
noarr,standard,jacobi-2d,3,1.712508,3,LARGE
noarr,standard,jacobi-2d,4,1.708665,3,LARGE
noarr,standard,jacobi-2d,5,1.695441,3,LARGE
noarr,lu,,,illegal,3,LARGE
noarr,ludcmp,,,illegal,3,LARGE
noarr,mvt,0.014017,1.037,valid,3,LARGE
noarr,standard,mvt,1,0.013868,3,LARGE
noarr,standard,mvt,2,0.013803,3,LARGE
noarr,standard,mvt,3,0.013735,3,LARGE
noarr,standard,mvt,4,0.013707,3,LARGE
noarr,standard,mvt,5,0.013783,3,LARGE
noarr,nussinov,,,illegal,3,LARGE
noarr,seidel-2d,27.167608,1.000,valid,3,LARGE
noarr,standard,seidel-2d,1,27.164141,3,LARGE
noarr,standard,seidel-2d,2,27.168450,3,LARGE
noarr,standard,seidel-2d,3,27.166176,3,LARGE
noarr,standard,seidel-2d,4,27.166499,3,LARGE
noarr,standard,seidel-2d,5,27.163391,3,LARGE
noarr,symm,1.596039,0.993,valid,3,LARGE
noarr,standard,symm,1,1.602184,3,LARGE
noarr,standard,symm,2,1.584697,3,LARGE
noarr,standard,symm,3,1.582938,3,LARGE
noarr,standard,symm,4,1.582652,3,LARGE
noarr,standard,symm,5,1.589348,3,LARGE
noarr,syr2k,1.401096,0.943,valid,3,LARGE
noarr,standard,syr2k,1,1.401210,3,LARGE
noarr,standard,syr2k,2,1.397251,3,LARGE
noarr,standard,syr2k,3,1.401227,3,LARGE
noarr,standard,syr2k,4,1.398959,3,LARGE
noarr,standard,syr2k,5,1.398253,3,LARGE
noarr,syrk,0.733507,,invalid,3,LARGE
noarr,trisolv,0.003055,,invalid,3,LARGE
noarr,trmm,0.969664,1.030,valid,3,LARGE
noarr,standard,trmm,1,0.977729,3,LARGE
noarr,standard,trmm,2,0.981271,3,LARGE
noarr,standard,trmm,3,0.987112,3,LARGE
noarr,standard,trmm,4,0.987504,3,LARGE
noarr,standard,trmm,5,0.981523,3,LARGE
-- The CXX compiler identification is GNU 15.2.0
-- Detecting CXX compiler ABI info
-- Detecting CXX compiler ABI info - done
-- Check for working CXX compiler: /usr/local/latestgcc/bin/g++ - skipped
-- Detecting CXX compile features
-- Detecting CXX compile features - done
-- Using NOARR_STRUCTURES_DIR from environment: /home/kleplj/translation/submodules/noarr-structures
-- Configuring done (0.4s)
-- Generating done (0.7s)
-- Build files have been written to: /home/kleplj/translation/PolybenchC-Noarr/build
[  8%] Building CXX object CMakeFiles/correlation.dir/datamining/correlation/correlation.cpp.o
[  8%] Building CXX object CMakeFiles/gemm.dir/linear-algebra/blas/gemm/gemm.cpp.o
[  8%] Building CXX object CMakeFiles/covariance.dir/datamining/covariance/covariance.cpp.o
[ 15%] Building CXX object CMakeFiles/symm.dir/linear-algebra/blas/symm/symm.cpp.o
[ 20%] Building CXX object CMakeFiles/trmm.dir/linear-algebra/blas/trmm/trmm.cpp.o
[ 15%] Building CXX object CMakeFiles/gesummv.dir/linear-algebra/blas/gesummv/gesummv.cpp.o
[ 15%] Building CXX object CMakeFiles/syr2k.dir/linear-algebra/blas/syr2k/syr2k.cpp.o
[ 25%] Building CXX object CMakeFiles/atax.dir/linear-algebra/kernels/atax/atax.cpp.o
[ 25%] Building CXX object CMakeFiles/syrk.dir/linear-algebra/blas/syrk/syrk.cpp.o
[ 25%] Building CXX object CMakeFiles/2mm.dir/linear-algebra/kernels/2mm/2mm.cpp.o
[ 25%] Building CXX object CMakeFiles/3mm.dir/linear-algebra/kernels/3mm/3mm.cpp.o
[ 25%] Building CXX object CMakeFiles/gemver.dir/linear-algebra/blas/gemver/gemver.cpp.o
[ 25%] Building CXX object CMakeFiles/doitgen.dir/linear-algebra/kernels/doitgen/doitgen.cpp.o
[ 50%] Building CXX object CMakeFiles/adi.dir/stencils/adi/adi.cpp.o
[ 50%] Building CXX object CMakeFiles/mvt.dir/linear-algebra/kernels/mvt/mvt.cpp.o
[ 50%] Building CXX object CMakeFiles/nussinov.dir/medley/nussinov/nussinov.cpp.o
[ 50%] Building CXX object CMakeFiles/cholesky.dir/linear-algebra/solvers/cholesky/cholesky.cpp.o
[ 50%] Building CXX object CMakeFiles/floyd-warshall.dir/medley/floyd-warshall/floyd-warshall.cpp.o
[ 50%] Building CXX object CMakeFiles/lu.dir/linear-algebra/solvers/lu/lu.cpp.o
[ 50%] Building CXX object CMakeFiles/ludcmp.dir/linear-algebra/solvers/ludcmp/ludcmp.cpp.o
[ 50%] Building CXX object CMakeFiles/durbin.dir/linear-algebra/solvers/durbin/durbin.cpp.o
[ 50%] Building CXX object CMakeFiles/deriche.dir/medley/deriche/deriche.cpp.o
[ 50%] Building CXX object CMakeFiles/trisolv.dir/linear-algebra/solvers/trisolv/trisolv.cpp.o
[ 50%] Building CXX object CMakeFiles/bicg.dir/linear-algebra/kernels/bicg/bicg.cpp.o
[ 50%] Building CXX object CMakeFiles/jacobi-2d.dir/stencils/jacobi-2d/jacobi-2d.cpp.o
[ 50%] Building CXX object CMakeFiles/gramschmidt.dir/linear-algebra/solvers/gramschmidt/gramschmidt.cpp.o
[ 50%] Building CXX object CMakeFiles/heat-3d.dir/stencils/heat-3d/heat-3d.cpp.o
[ 50%] Building CXX object CMakeFiles/fdtd-2d.dir/stencils/fdtd-2d/fdtd-2d.cpp.o
[ 50%] Building CXX object CMakeFiles/jacobi-1d.dir/stencils/jacobi-1d/jacobi-1d.cpp.o
[ 50%] Building CXX object CMakeFiles/seidel-2d.dir/stencils/seidel-2d/seidel-2d.cpp.o
[ 51%] Linking CXX executable jacobi-1d
[ 53%] Linking CXX executable durbin
[ 53%] Built target jacobi-1d
[ 53%] Built target durbin
[ 55%] Linking CXX executable atax
[ 56%] Linking CXX executable trisolv
[ 60%] Linking CXX executable jacobi-2d
[ 60%] Linking CXX executable seidel-2d
[ 61%] Linking CXX executable gesummv
[ 63%] Linking CXX executable floyd-warshall
[ 65%] Linking CXX executable bicg
[ 65%] Built target atax
[ 65%] Built target trisolv
[ 66%] Linking CXX executable nussinov
[ 66%] Built target seidel-2d
[ 68%] Built target jacobi-2d
[ 68%] Built target gesummv
[ 68%] Linking CXX executable mvt
[ 68%] Built target bicg
[ 68%] Built target floyd-warshall
[ 70%] Linking CXX executable adi
[ 71%] Linking CXX executable deriche
[ 71%] Built target nussinov
[ 71%] Built target mvt
[ 73%] Linking CXX executable cholesky
[ 73%] Built target adi
[ 73%] Built target deriche
[ 75%] Linking CXX executable heat-3d
[ 75%] Built target cholesky
[ 76%] Linking CXX executable trmm
[ 78%] Linking CXX executable covariance
[ 80%] Linking CXX executable syrk
[ 81%] Linking CXX executable gramschmidt
[ 83%] Linking CXX executable gemver
[ 83%] Built target heat-3d
[ 85%] Linking CXX executable fdtd-2d
[ 85%] Built target trmm
[ 86%] Linking CXX executable symm
[ 86%] Built target covariance
[ 86%] Built target syrk
[ 86%] Built target gramschmidt
[ 86%] Built target gemver
[ 86%] Built target fdtd-2d
[ 88%] Linking CXX executable gemm
[ 88%] Built target symm
[ 88%] Built target gemm
[ 90%] Linking CXX executable correlation
[ 90%] Built target correlation
[ 91%] Linking CXX executable doitgen
[ 91%] Built target doitgen
[ 93%] Linking CXX executable 2mm
[ 93%] Built target 2mm
[ 95%] Linking CXX executable 3mm
[ 95%] Built target 3mm
noarr,2mm,0.664486,3.884,valid,4,LARGE
noarr,standard,2mm,1,0.669984,4,LARGE
noarr,standard,2mm,2,0.658715,4,LARGE
noarr,standard,2mm,3,0.659194,4,LARGE
noarr,standard,2mm,4,0.657932,4,LARGE
noarr,standard,2mm,5,0.659538,4,LARGE
noarr,3mm,1.113542,3.508,valid,4,LARGE
noarr,standard,3mm,1,1.081269,4,LARGE
noarr,standard,3mm,2,1.080946,4,LARGE
noarr,standard,3mm,3,1.081808,4,LARGE
noarr,standard,3mm,4,1.079931,4,LARGE
noarr,standard,3mm,5,1.080623,4,LARGE
noarr,adi,11.041577,0.942,valid,4,LARGE
noarr,standard,adi,1,10.990124,4,LARGE
noarr,standard,adi,2,11.107898,4,LARGE
noarr,standard,adi,3,11.053025,4,LARGE
noarr,standard,adi,4,11.097212,4,LARGE
noarr,standard,adi,5,11.034513,4,LARGE
noarr,atax,0.008363,1.030,valid,4,LARGE
noarr,standard,atax,1,0.008395,4,LARGE
noarr,standard,atax,2,0.008361,4,LARGE
noarr,standard,atax,3,0.008307,4,LARGE
noarr,standard,atax,4,0.008282,4,LARGE
noarr,standard,atax,5,0.008280,4,LARGE
noarr,bicg,0.013125,1.114,valid,4,LARGE
noarr,standard,bicg,1,0.013133,4,LARGE
noarr,standard,bicg,2,0.013125,4,LARGE
noarr,standard,bicg,3,0.013116,4,LARGE
noarr,standard,bicg,4,0.013152,4,LARGE
noarr,standard,bicg,5,0.013146,4,LARGE
noarr,cholesky,1.904312,,invalid,4,LARGE
noarr,correlation,1.693794,1.006,valid,4,LARGE
noarr,standard,correlation,1,1.725670,4,LARGE
noarr,standard,correlation,2,1.708499,4,LARGE
noarr,standard,correlation,3,1.713560,4,LARGE
noarr,standard,correlation,4,1.714320,4,LARGE
noarr,standard,correlation,5,1.714315,4,LARGE
noarr,covariance,1.686544,1.010,valid,4,LARGE
noarr,standard,covariance,1,1.696999,4,LARGE
noarr,standard,covariance,2,1.696555,4,LARGE
noarr,standard,covariance,3,1.707343,4,LARGE
noarr,standard,covariance,4,1.700688,4,LARGE
noarr,standard,covariance,5,1.696916,4,LARGE
noarr,deriche,0.189257,1.194,valid,4,LARGE
noarr,standard,deriche,1,0.190286,4,LARGE
noarr,standard,deriche,2,0.190711,4,LARGE
noarr,standard,deriche,3,0.190840,4,LARGE
noarr,standard,deriche,4,0.190942,4,LARGE
noarr,standard,deriche,5,0.190941,4,LARGE
noarr,doitgen,0.713061,,invalid,4,LARGE
noarr,durbin,0.004418,,invalid,4,LARGE
noarr,fdtd-2d,1.795966,0.962,valid,4,LARGE
noarr,standard,fdtd-2d,1,1.828077,4,LARGE
noarr,standard,fdtd-2d,2,1.770259,4,LARGE
noarr,standard,fdtd-2d,3,1.795551,4,LARGE
noarr,standard,fdtd-2d,4,1.767149,4,LARGE
noarr,standard,fdtd-2d,5,1.787715,4,LARGE
noarr,floyd-warshall,28.247166,0.803,valid,4,LARGE
noarr,standard,floyd-warshall,1,28.090041,4,LARGE
noarr,standard,floyd-warshall,2,28.002896,4,LARGE
noarr,standard,floyd-warshall,3,28.089679,4,LARGE
noarr,standard,floyd-warshall,4,28.113330,4,LARGE
noarr,standard,floyd-warshall,5,28.208184,4,LARGE
noarr,gemm,0.523622,0.878,valid,4,LARGE
noarr,standard,gemm,1,0.540840,4,LARGE
noarr,standard,gemm,2,0.523090,4,LARGE
noarr,standard,gemm,3,0.525115,4,LARGE
noarr,standard,gemm,4,0.526240,4,LARGE
noarr,standard,gemm,5,0.525689,4,LARGE
noarr,gemver,0.017045,,invalid,4,LARGE
noarr,gesummv,0.005531,1.125,valid,4,LARGE
noarr,standard,gesummv,1,0.005601,4,LARGE
noarr,standard,gesummv,2,0.005574,4,LARGE
noarr,standard,gesummv,3,0.005575,4,LARGE
noarr,standard,gesummv,4,0.005544,4,LARGE
noarr,standard,gesummv,5,0.005522,4,LARGE
noarr,gramschmidt,2.499344,,invalid,4,LARGE
noarr,heat-3d,2.033181,0.952,valid,4,LARGE
noarr,standard,heat-3d,1,2.024628,4,LARGE
noarr,standard,heat-3d,2,2.029776,4,LARGE
noarr,standard,heat-3d,3,2.029265,4,LARGE
noarr,standard,heat-3d,4,2.016490,4,LARGE
noarr,standard,heat-3d,5,2.027787,4,LARGE
noarr,jacobi-1d,0.000683,1.363,valid,4,LARGE
noarr,standard,jacobi-1d,1,0.000675,4,LARGE
noarr,standard,jacobi-1d,2,0.000675,4,LARGE
noarr,standard,jacobi-1d,3,0.000685,4,LARGE
noarr,standard,jacobi-1d,4,0.000681,4,LARGE
noarr,standard,jacobi-1d,5,0.000682,4,LARGE
noarr,jacobi-2d,1.745597,0.954,valid,4,LARGE
noarr,standard,jacobi-2d,1,1.706366,4,LARGE
noarr,standard,jacobi-2d,2,1.694903,4,LARGE
noarr,standard,jacobi-2d,3,1.715996,4,LARGE
noarr,standard,jacobi-2d,4,1.721379,4,LARGE
noarr,standard,jacobi-2d,5,1.701717,4,LARGE
noarr,lu,,,illegal,4,LARGE
noarr,ludcmp,,,illegal,4,LARGE
noarr,mvt,0.013913,1.059,valid,4,LARGE
noarr,standard,mvt,1,0.013884,4,LARGE
noarr,standard,mvt,2,0.013632,4,LARGE
noarr,standard,mvt,3,0.013707,4,LARGE
noarr,standard,mvt,4,0.013643,4,LARGE
noarr,standard,mvt,5,0.013685,4,LARGE
noarr,nussinov,13.317925,,invalid,4,LARGE
noarr,seidel-2d,27.167802,1.000,valid,4,LARGE
noarr,standard,seidel-2d,1,27.165566,4,LARGE
noarr,standard,seidel-2d,2,27.168942,4,LARGE
noarr,standard,seidel-2d,3,27.164048,4,LARGE
noarr,standard,seidel-2d,4,27.167724,4,LARGE
noarr,standard,seidel-2d,5,27.163989,4,LARGE
noarr,symm,1.563700,0.997,valid,4,LARGE
noarr,standard,symm,1,1.549823,4,LARGE
noarr,standard,symm,2,1.550052,4,LARGE
noarr,standard,symm,3,1.550754,4,LARGE
noarr,standard,symm,4,1.549340,4,LARGE
noarr,standard,symm,5,1.546053,4,LARGE
noarr,syr2k,,,illegal,4,LARGE
noarr,syrk,0.665258,0.990,valid,4,LARGE
noarr,standard,syrk,1,0.665422,4,LARGE
noarr,standard,syrk,2,0.665416,4,LARGE
noarr,standard,syrk,3,0.664857,4,LARGE
noarr,standard,syrk,4,0.665035,4,LARGE
noarr,standard,syrk,5,0.665739,4,LARGE
noarr,trisolv,0.003148,0.989,valid,4,LARGE
noarr,standard,trisolv,1,0.003128,4,LARGE
noarr,standard,trisolv,2,0.003125,4,LARGE
noarr,standard,trisolv,3,0.003113,4,LARGE
noarr,standard,trisolv,4,0.003111,4,LARGE
noarr,standard,trisolv,5,0.003121,4,LARGE
noarr,trmm,1.070551,0.921,valid,4,LARGE
noarr,standard,trmm,1,1.060355,4,LARGE
noarr,standard,trmm,2,1.063491,4,LARGE
noarr,standard,trmm,3,1.073114,4,LARGE
noarr,standard,trmm,4,1.064261,4,LARGE
noarr,standard,trmm,5,1.073124,4,LARGE
-- The CXX compiler identification is GNU 15.2.0
-- Detecting CXX compiler ABI info
-- Detecting CXX compiler ABI info - done
-- Check for working CXX compiler: /usr/local/latestgcc/bin/g++ - skipped
-- Detecting CXX compile features
-- Detecting CXX compile features - done
-- Using NOARR_STRUCTURES_DIR from environment: /home/kleplj/translation/submodules/noarr-structures
-- Configuring done (0.4s)
-- Generating done (0.7s)
-- Build files have been written to: /home/kleplj/translation/PolybenchC-Noarr/build
[  6%] Building CXX object CMakeFiles/correlation.dir/datamining/correlation/correlation.cpp.o
[  6%] Building CXX object CMakeFiles/covariance.dir/datamining/covariance/covariance.cpp.o
[  8%] Building CXX object CMakeFiles/gemver.dir/linear-algebra/blas/gemver/gemver.cpp.o
[  8%] Building CXX object CMakeFiles/gemm.dir/linear-algebra/blas/gemm/gemm.cpp.o
[ 15%] Building CXX object CMakeFiles/symm.dir/linear-algebra/blas/symm/symm.cpp.o
[ 15%] Building CXX object CMakeFiles/syr2k.dir/linear-algebra/blas/syr2k/syr2k.cpp.o
[ 15%] Building CXX object CMakeFiles/gesummv.dir/linear-algebra/blas/gesummv/gesummv.cpp.o
[ 28%] Building CXX object CMakeFiles/trmm.dir/linear-algebra/blas/trmm/trmm.cpp.o
[ 48%] Building CXX object CMakeFiles/gramschmidt.dir/linear-algebra/solvers/gramschmidt/gramschmidt.cpp.o
[ 48%] Building CXX object CMakeFiles/mvt.dir/linear-algebra/kernels/mvt/mvt.cpp.o
[ 48%] Building CXX object CMakeFiles/doitgen.dir/linear-algebra/kernels/doitgen/doitgen.cpp.o
[ 48%] Building CXX object CMakeFiles/3mm.dir/linear-algebra/kernels/3mm/3mm.cpp.o
[ 48%] Building CXX object CMakeFiles/2mm.dir/linear-algebra/kernels/2mm/2mm.cpp.o
[ 48%] Building CXX object CMakeFiles/bicg.dir/linear-algebra/kernels/bicg/bicg.cpp.o
[ 48%] Building CXX object CMakeFiles/syrk.dir/linear-algebra/blas/syrk/syrk.cpp.o
[ 48%] Building CXX object CMakeFiles/atax.dir/linear-algebra/kernels/atax/atax.cpp.o
[ 50%] Building CXX object CMakeFiles/deriche.dir/medley/deriche/deriche.cpp.o
[ 50%] Building CXX object CMakeFiles/trisolv.dir/linear-algebra/solvers/trisolv/trisolv.cpp.o
[ 50%] Building CXX object CMakeFiles/floyd-warshall.dir/medley/floyd-warshall/floyd-warshall.cpp.o
[ 50%] Building CXX object CMakeFiles/ludcmp.dir/linear-algebra/solvers/ludcmp/ludcmp.cpp.o
[ 50%] Building CXX object CMakeFiles/adi.dir/stencils/adi/adi.cpp.o
[ 50%] Building CXX object CMakeFiles/fdtd-2d.dir/stencils/fdtd-2d/fdtd-2d.cpp.o
[ 50%] Building CXX object CMakeFiles/nussinov.dir/medley/nussinov/nussinov.cpp.o
[ 50%] Building CXX object CMakeFiles/durbin.dir/linear-algebra/solvers/durbin/durbin.cpp.o
[ 50%] Building CXX object CMakeFiles/lu.dir/linear-algebra/solvers/lu/lu.cpp.o
[ 50%] Building CXX object CMakeFiles/cholesky.dir/linear-algebra/solvers/cholesky/cholesky.cpp.o
[ 50%] Building CXX object CMakeFiles/heat-3d.dir/stencils/heat-3d/heat-3d.cpp.o
[ 50%] Building CXX object CMakeFiles/jacobi-1d.dir/stencils/jacobi-1d/jacobi-1d.cpp.o
[ 50%] Building CXX object CMakeFiles/jacobi-2d.dir/stencils/jacobi-2d/jacobi-2d.cpp.o
[ 50%] Building CXX object CMakeFiles/seidel-2d.dir/stencils/seidel-2d/seidel-2d.cpp.o
[ 51%] Linking CXX executable durbin
[ 53%] Linking CXX executable jacobi-1d
[ 53%] Built target durbin
[ 55%] Linking CXX executable trisolv
[ 55%] Built target jacobi-1d
[ 56%] Linking CXX executable seidel-2d
[ 58%] Linking CXX executable gesummv
[ 60%] Linking CXX executable jacobi-2d
[ 60%] Built target trisolv
[ 63%] Linking CXX executable atax
[ 63%] Linking CXX executable floyd-warshall
[ 63%] Built target seidel-2d
[ 65%] Linking CXX executable bicg
[ 65%] Built target gesummv
[ 66%] Linking CXX executable trmm
[ 68%] Linking CXX executable adi
[ 68%] Built target jacobi-2d
[ 70%] Linking CXX executable nussinov
[ 70%] Built target floyd-warshall
[ 70%] Built target atax
[ 70%] Built target bicg
[ 71%] Built target trmm
[ 71%] Built target adi
[ 71%] Linking CXX executable deriche
[ 71%] Built target nussinov
[ 73%] Linking CXX executable mvt
[ 75%] Linking CXX executable cholesky
[ 76%] Linking CXX executable lu
[ 78%] Built target deriche
[ 78%] Linking CXX executable symm
[ 78%] Built target mvt
[ 78%] Built target cholesky
[ 78%] Built target lu
[ 78%] Built target symm
[ 80%] Linking CXX executable syrk
[ 81%] Linking CXX executable gemver
[ 81%] Built target syrk
[ 83%] Linking CXX executable fdtd-2d
[ 85%] Linking CXX executable heat-3d
[ 86%] Linking CXX executable gramschmidt
[ 86%] Built target gemver
[ 88%] Linking CXX executable covariance
[ 90%] Linking CXX executable gemm
[ 90%] Built target fdtd-2d
[ 90%] Built target heat-3d
[ 90%] Built target gramschmidt
[ 90%] Built target covariance
[ 90%] Built target gemm
[ 91%] Linking CXX executable syr2k
[ 91%] Built target syr2k
[ 93%] Linking CXX executable doitgen
[ 95%] Linking CXX executable correlation
[ 95%] Built target doitgen
[ 95%] Built target correlation
[ 96%] Linking CXX executable 2mm
[ 96%] Built target 2mm
[ 98%] Linking CXX executable 3mm
[ 98%] Built target 3mm
noarr,2mm,2.565440,1.004,valid,5,LARGE
noarr,standard,2mm,1,2.577419,5,LARGE
noarr,standard,2mm,2,2.575546,5,LARGE
noarr,standard,2mm,3,2.621968,5,LARGE
noarr,standard,2mm,4,2.585892,5,LARGE
noarr,standard,2mm,5,2.574513,5,LARGE
noarr,3mm,4.148664,0.945,valid,5,LARGE
noarr,standard,3mm,1,4.180672,5,LARGE
noarr,standard,3mm,2,4.175885,5,LARGE
noarr,standard,3mm,3,4.203347,5,LARGE
noarr,standard,3mm,4,4.198073,5,LARGE
noarr,standard,3mm,5,4.199440,5,LARGE
noarr,adi,11.128076,0.935,valid,5,LARGE
noarr,standard,adi,1,11.147101,5,LARGE
noarr,standard,adi,2,11.157354,5,LARGE
noarr,standard,adi,3,11.150374,5,LARGE
noarr,standard,adi,4,11.113266,5,LARGE
noarr,standard,adi,5,11.146297,5,LARGE
noarr,atax,0.008325,1.037,valid,5,LARGE
noarr,standard,atax,1,0.008359,5,LARGE
noarr,standard,atax,2,0.008296,5,LARGE
noarr,standard,atax,3,0.008268,5,LARGE
noarr,standard,atax,4,0.008309,5,LARGE
noarr,standard,atax,5,0.008269,5,LARGE
noarr,bicg,0.013138,1.115,valid,5,LARGE
noarr,standard,bicg,1,0.013175,5,LARGE
noarr,standard,bicg,2,0.013115,5,LARGE
noarr,standard,bicg,3,0.013131,5,LARGE
noarr,standard,bicg,4,0.013111,5,LARGE
noarr,standard,bicg,5,0.013137,5,LARGE
noarr,cholesky,1.904452,,invalid,5,LARGE
noarr,correlation,1.719451,0.994,valid,5,LARGE
noarr,standard,correlation,1,1.698307,5,LARGE
noarr,standard,correlation,2,1.702807,5,LARGE
noarr,standard,correlation,3,1.712476,5,LARGE
noarr,standard,correlation,4,1.712301,5,LARGE
noarr,standard,correlation,5,1.712175,5,LARGE
noarr,covariance,1.699686,0.998,valid,5,LARGE
noarr,standard,covariance,1,1.715097,5,LARGE
noarr,standard,covariance,2,1.713149,5,LARGE
noarr,standard,covariance,3,1.703885,5,LARGE
noarr,standard,covariance,4,1.699799,5,LARGE
noarr,standard,covariance,5,1.703694,5,LARGE
noarr,deriche,2.694672,0.084,valid,5,LARGE
noarr,standard,deriche,1,2.765453,5,LARGE
noarr,standard,deriche,2,2.658184,5,LARGE
noarr,standard,deriche,3,2.717412,5,LARGE
noarr,standard,deriche,4,2.669298,5,LARGE
noarr,standard,deriche,5,2.702314,5,LARGE
noarr,doitgen,0.701281,1.061,valid,5,LARGE
noarr,standard,doitgen,1,0.705614,5,LARGE
noarr,standard,doitgen,2,0.721169,5,LARGE
noarr,standard,doitgen,3,0.707937,5,LARGE
noarr,standard,doitgen,4,0.700477,5,LARGE
noarr,standard,doitgen,5,0.703806,5,LARGE
noarr,durbin,0.004376,0.872,valid,5,LARGE
noarr,standard,durbin,1,0.004375,5,LARGE
noarr,standard,durbin,2,0.004384,5,LARGE
noarr,standard,durbin,3,0.004380,5,LARGE
noarr,standard,durbin,4,0.004377,5,LARGE
noarr,standard,durbin,5,0.004380,5,LARGE
noarr,fdtd-2d,1.784053,0.962,valid,5,LARGE
noarr,standard,fdtd-2d,1,1.783825,5,LARGE
noarr,standard,fdtd-2d,2,1.794378,5,LARGE
noarr,standard,fdtd-2d,3,1.797142,5,LARGE
noarr,standard,fdtd-2d,4,1.780550,5,LARGE
noarr,standard,fdtd-2d,5,1.808006,5,LARGE
noarr,floyd-warshall,28.001893,0.808,valid,5,LARGE
noarr,standard,floyd-warshall,1,28.053605,5,LARGE
noarr,standard,floyd-warshall,2,27.921916,5,LARGE
noarr,standard,floyd-warshall,3,27.839699,5,LARGE
noarr,standard,floyd-warshall,4,28.004322,5,LARGE
noarr,standard,floyd-warshall,5,28.026029,5,LARGE
noarr,gemm,0.522669,0.862,valid,5,LARGE
noarr,standard,gemm,1,0.525343,5,LARGE
noarr,standard,gemm,2,0.523106,5,LARGE
noarr,standard,gemm,3,0.539298,5,LARGE
noarr,standard,gemm,4,0.523149,5,LARGE
noarr,standard,gemm,5,0.539980,5,LARGE
noarr,gemver,0.017126,1.036,valid,5,LARGE
noarr,standard,gemver,1,0.016996,5,LARGE
noarr,standard,gemver,2,0.016830,5,LARGE
noarr,standard,gemver,3,0.016778,5,LARGE
noarr,standard,gemver,4,0.016846,5,LARGE
noarr,standard,gemver,5,0.016720,5,LARGE
noarr,gesummv,0.005558,1.127,valid,5,LARGE
noarr,standard,gesummv,1,0.005543,5,LARGE
noarr,standard,gesummv,2,0.005544,5,LARGE
noarr,standard,gesummv,3,0.005537,5,LARGE
noarr,standard,gesummv,4,0.005551,5,LARGE
noarr,standard,gesummv,5,0.005536,5,LARGE
noarr,gramschmidt,2.508474,,invalid,5,LARGE
noarr,heat-3d,2.083310,0.941,valid,5,LARGE
noarr,standard,heat-3d,1,2.100906,5,LARGE
noarr,standard,heat-3d,2,2.076108,5,LARGE
noarr,standard,heat-3d,3,2.073904,5,LARGE
noarr,standard,heat-3d,4,2.090611,5,LARGE
noarr,standard,heat-3d,5,2.087671,5,LARGE
noarr,jacobi-1d,0.000685,1.366,valid,5,LARGE
noarr,standard,jacobi-1d,1,0.000672,5,LARGE
noarr,standard,jacobi-1d,2,0.000675,5,LARGE
noarr,standard,jacobi-1d,3,0.000675,5,LARGE
noarr,standard,jacobi-1d,4,0.000684,5,LARGE
noarr,standard,jacobi-1d,5,0.000685,5,LARGE
noarr,jacobi-2d,1.726580,0.946,valid,5,LARGE
noarr,standard,jacobi-2d,1,1.708939,5,LARGE
noarr,standard,jacobi-2d,2,1.701822,5,LARGE
noarr,standard,jacobi-2d,3,1.710901,5,LARGE
noarr,standard,jacobi-2d,4,1.705268,5,LARGE
noarr,standard,jacobi-2d,5,1.701538,5,LARGE
noarr,lu,4.372743,1.000,valid,5,LARGE
noarr,standard,lu,1,4.423720,5,LARGE
noarr,standard,lu,2,4.405998,5,LARGE
noarr,standard,lu,3,4.362966,5,LARGE
noarr,standard,lu,4,4.370974,5,LARGE
noarr,standard,lu,5,4.408154,5,LARGE
noarr,ludcmp,,,illegal,5,LARGE
noarr,mvt,0.013979,1.053,valid,5,LARGE
noarr,standard,mvt,1,0.013855,5,LARGE
noarr,standard,mvt,2,0.013752,5,LARGE
noarr,standard,mvt,3,0.013767,5,LARGE
noarr,standard,mvt,4,0.013615,5,LARGE
noarr,standard,mvt,5,0.013678,5,LARGE
noarr,nussinov,13.565705,,invalid,5,LARGE
noarr,seidel-2d,27.167275,1.000,valid,5,LARGE
noarr,standard,seidel-2d,1,27.168696,5,LARGE
noarr,standard,seidel-2d,2,27.171126,5,LARGE
noarr,standard,seidel-2d,3,27.168405,5,LARGE
noarr,standard,seidel-2d,4,27.170652,5,LARGE
noarr,standard,seidel-2d,5,27.168460,5,LARGE
noarr,symm,1.546862,1.015,valid,5,LARGE
noarr,standard,symm,1,1.562401,5,LARGE
noarr,standard,symm,2,1.587294,5,LARGE
noarr,standard,symm,3,1.581985,5,LARGE
noarr,standard,symm,4,1.584570,5,LARGE
noarr,standard,symm,5,1.570169,5,LARGE
noarr,syr2k,1.410413,0.941,valid,5,LARGE
noarr,standard,syr2k,1,1.415642,5,LARGE
noarr,standard,syr2k,2,1.415531,5,LARGE
noarr,standard,syr2k,3,1.415419,5,LARGE
noarr,standard,syr2k,4,1.421547,5,LARGE
noarr,standard,syr2k,5,1.416470,5,LARGE
noarr,syrk,0.665984,0.989,valid,5,LARGE
noarr,standard,syrk,1,0.666677,5,LARGE
noarr,standard,syrk,2,0.669845,5,LARGE
noarr,standard,syrk,3,0.666332,5,LARGE
noarr,standard,syrk,4,0.669755,5,LARGE
noarr,standard,syrk,5,0.669860,5,LARGE
noarr,trisolv,0.003067,1.036,valid,5,LARGE
noarr,standard,trisolv,1,0.003052,5,LARGE
noarr,standard,trisolv,2,0.003057,5,LARGE
noarr,standard,trisolv,3,0.003053,5,LARGE
noarr,standard,trisolv,4,0.003107,5,LARGE
noarr,standard,trisolv,5,0.003037,5,LARGE
noarr,trmm,0.998847,0.994,valid,5,LARGE
noarr,standard,trmm,1,0.998020,5,LARGE
noarr,standard,trmm,2,0.995643,5,LARGE
noarr,standard,trmm,3,0.996060,5,LARGE
noarr,standard,trmm,4,0.989809,5,LARGE
noarr,standard,trmm,5,0.987570,5,LARGE
-- bolt project is disabled
-- clang project is enabled
-- clang-tools-extra project is disabled
-- compiler-rt project is disabled
-- cross-project-tests project is disabled
-- libclc project is disabled
-- lld project is disabled
-- lldb project is disabled
-- mlir project is disabled
-- openmp project is enabled
-- polly project is enabled
-- flang project is disabled
-- libc project is disabled
-- Found Python3: /home/kleplj/translation/gpt-querying/.venv/bin/python3.9 (found suitable version "3.9.21", minimum required is "3.8") found components: Interpreter
-- Could NOT find LibEdit (missing: LibEdit_INCLUDE_DIRS LibEdit_LIBRARIES) 
-- LLVM host triple: x86_64-unknown-linux-gnu
-- Native target architecture is X86
-- Threads enabled.
-- Doxygen disabled.
-- Could NOT find OCaml (missing: OCAMLFIND OCAML_VERSION OCAML_STDLIB_PATH) 
-- Could NOT find OCaml (missing: OCAMLFIND OCAML_VERSION OCAML_STDLIB_PATH) 
-- OCaml bindings disabled.
-- LLVM default target triple: x86_64-unknown-linux-gnu
-- Building with -fPIC
-- Targeting AArch64
-- Targeting AMDGPU
-- Targeting ARM
-- Targeting AVR
-- Targeting BPF
-- Targeting Hexagon
-- Targeting Lanai
-- Targeting LoongArch
-- Targeting Mips
-- Targeting MSP430
-- Targeting NVPTX
-- Targeting PowerPC
-- Targeting RISCV
-- Targeting Sparc
-- Targeting SPIRV
-- Targeting SystemZ
-- Targeting VE
-- Targeting WebAssembly
-- Targeting X86
-- Targeting XCore
-- Found Python3: /home/kleplj/translation/gpt-querying/.venv/bin/python3.9 (found version "3.9.21") found components: Interpreter
-- Found Python3: /home/kleplj/translation/gpt-querying/.venv/bin/python3.9 (found version "3.9.21") found components: Interpreter Development Development.Module Development.Embed
-- Clang version: 22.0.0git
-- Found Python3: /home/kleplj/translation/gpt-querying/.venv/bin/python3.9 (found version "3.9.21") found components: Interpreter
-- ISL version: isl-0.25-193-g8621c60c
-- Registering Polly as a pass plugin (static build: ON)
-- Registering ExampleIRTransforms as a pass plugin (static build: OFF)
-- Registering Bye as a pass plugin (static build: OFF)
-- Failed to find LLVM FileCheck
-- Google Benchmark version: v0.0.0, normalized to 0.0.0
-- Performing Test HAVE_GNU_POSIX_REGEX -- failed to compile
-- Performing Test HAVE_POSIX_REGEX -- success
-- Performing Test HAVE_STEADY_CLOCK -- success
-- Performing Test HAVE_PTHREAD_AFFINITY -- success
-- Configuring done (17.6s)
-- Generating done (53.5s)
-- Build files have been written to: /home/kleplj/translation/PolybenchC-Polly/llvm-project/build
[  0%] Built target llvm_vcsrevision_h
[  0%] Building the OMPD GDB plugin
[  0%] Built target libomp-needed-headers
[  0%] Built target LTO_exports
[  0%] Built target utility-resource-headers
[  0%] Built target ompd_gdb_plugin
[  0%] Built target core-resource-headers
[  0%] Built target cuda-resource-headers
[  0%] Built target hexagon-resource-headers
[  0%] Built target hip-resource-headers
[  0%] Built target mips-resource-headers
[  0%] Built target ppc-resource-headers
[  0%] Built target ppc-htm-resource-headers
[  0%] Built target loongarch-resource-headers
[  0%] Built target systemz-resource-headers
[  0%] Built target ve-resource-headers
[  0%] Built target webassembly-resource-headers
[  0%] Built target spirv-resource-headers
[  0%] Built target x86-resource-headers
[  0%] Built target opencl-resource-headers
[  0%] Built target hlsl-resource-headers
[  0%] Built target llvm-libc-resource-headers
[  0%] Built target openmp-resource-headers
[  0%] Built target windows-resource-headers
[  0%] Built target gpu-resource-headers
[  0%] Built target llvm-PerfectShuffle
[  0%] Built target archer
[  0%] Built target llvm-offload-resource-headers
[  0%] Built target SampleAnalyzerPlugin_exports
[  0%] Built target CheckerDependencyHandlingAnalyzerPlugin_exports
[  0%] Built target archer_static
[  0%] Built target clangAnalysisFlowSensitiveResources
[  0%] Built target ompdModule
[  0%] Built target obj.clangSupport
[  0%] Built target CheckerOptionHandlingAnalyzerPlugin_exports
[  0%] Built target LLVMDemangle
[  0%] Built target scan-build
[  0%] Built target scan-build-py
[  0%] Built target LLVMSupportBlake3
[  0%] Built target hmaptool
[  0%] Built target scan-view
[  0%] Built target BugpointPasses_exports
[  0%] Built target Remarks_exports
[  0%] Built target obj.LLVMTableGenBasic
[  1%] Built target SecondLib
[  1%] Built target PipSqueak
[  1%] Built target DynamicLibraryLib
[  3%] Built target benchmark
[  3%] Built target benchmark_main
[  3%] Built target omp
[  4%] Built target PollyISL
[  4%] Built target ompd
[  7%] Built target LLVMSupport
[  7%] Built target clangSupport
[  7%] Built target count
[  7%] Built target LLVMFrontendDirective
[  7%] Built target LLVMBitstreamReader
[  7%] Built target LLVMTelemetry
[  7%] Built target LLVMFileCheck
[  7%] Built target LLVMLineEditor
[  7%] Built target LLVMWindowsManifest
[  7%] Built target not
[  7%] Built target LLVMSupportLSP
[  7%] Built target UnicodeNameMappingGenerator
[  7%] Built target split-file
[  7%] Built target LLVMDebugInfoMSF
[  7%] Built target polly-isl-test
[  7%] Built target llvm-undname
[  7%] Built target llvm-test-mustache-spec
[  7%] Built target LLVMOption
[  7%] Built target reduce-chunk-list
[  7%] Built target yaml-bench
[  7%] Built target llvm_gtest
[  7%] Built target LLVMTableGen
[  7%] Built target FileCheck
[  7%] Built target LLVMCAS
[  7%] Built target llvm_gtest_main
[  7%] Built target LLVMTableGenBasic
[  7%] Built target llvm-min-tblgen
[  9%] Built target omptest
[  9%] Built target vt_gen
[  9%] Built target omp_gen
[  9%] Built target analysis_gen
[  9%] Built target acc_gen
[  9%] Built target intrinsics_gen
[  9%] Built target target_parser_gen
[  9%] Built target LLVMDebugInfoCodeView
[  9%] Built target LLVMCodeGenTypes
[  9%] Built target LLVMFrontendOpenACC
[  9%] Built target clang-tblgen
[ 10%] Built target LLVMDebugInfoBTF
[ 10%] Built target LLVMOrcShared
[ 10%] Built target arm-resource-headers
[ 10%] Built target aarch64-resource-headers
[ 10%] Built target arm-common-resource-headers
[ 10%] Built target ClangSyntaxNodeClasses
[ 10%] Built target TestPlugin
[ 12%] Built target ExampleIRTransforms
[ 12%] Built target InlineOrderPlugin
[ 12%] Built target InlineAdvisorPlugin
[ 12%] Built target DoublerPlugin
[ 12%] Built target Bye
[ 12%] Built target CGTestPlugin
[ 12%] Built target LLVMRemarks
[ 12%] Built target ClangAttrClasses
[ 12%] Built target riscv-resource-headers
[ 12%] Built target ClangAttrImpl
[ 12%] Built target ClangAttrTraverse
[ 12%] Built target ClangAttrVisitor
[ 12%] Built target ClangStmtNodes
[ 12%] Built target ClangAttrTextDump
[ 12%] Built target ClangDeclNodes
[ 12%] Built target ClangTypeNodes
[ 12%] Built target ClangAbstractBasicReader
[ 12%] Built target ClangAbstractBasicWriter
[ 12%] Built target ClangAbstractTypeReader
[ 12%] Built target ClangAbstractTypeWriter
[ 12%] Built target ClangCommentNodes
[ 12%] Built target ClangCommentHTMLTagsProperties
[ 12%] Built target ClangCommentHTMLNamedCharacterReferences
[ 12%] Built target ClangCommentHTMLTags
[ 12%] Built target ClangCommentCommandList
[ 12%] Built target ClangCommentCommandInfo
[ 12%] Built target ClangDiagnosticAnalysis
[ 12%] Built target StmtDataCollectors
[ 12%] Built target ClangDiagnosticAnalysisEnums
[ 12%] Built target ClangDiagnosticAnalysisCompatIDs
[ 12%] Built target ClangDiagnosticAnalysisInterface
[ 12%] Built target ClangDiagnosticAST
[ 12%] Built target ClangDiagnosticASTEnums
[ 12%] Built target ClangDiagnosticASTCompatIDs
[ 12%] Built target LLVMTargetParser
[ 12%] Built target obj.LLVMTableGenCommon
[ 12%] Built target ClangDiagnosticASTInterface
[ 12%] Built target ClangDiagnosticComment
[ 12%] Built target ClangDiagnosticCommentEnums
[ 12%] Built target ClangDiagnosticCommentInterface
[ 12%] Built target ClangDiagnosticCommon
[ 12%] Built target ClangDiagnosticCommonEnums
[ 12%] Built target ClangDiagnosticCommentCompatIDs
[ 12%] Built target ClangDiagnosticCommonCompatIDs
[ 12%] Built target ClangDiagnosticCommonInterface
[ 12%] Built target ClangDiagnosticCrossTU
[ 12%] Built target ClangDiagnosticCrossTUEnums
[ 14%] Built target ClangDiagnosticCrossTUInterface
[ 14%] Built target ClangDiagnosticDriver
[ 14%] Built target ClangDiagnosticDriverEnums
[ 14%] Built target ClangDiagnosticCrossTUCompatIDs
[ 14%] Built target ClangDiagnosticDriverCompatIDs
[ 14%] Built target ClangDiagnosticFrontendCompatIDs
[ 14%] Built target ClangDiagnosticFrontendEnums
[ 14%] Built target ClangDiagnosticDriverInterface
[ 14%] Built target ClangDiagnosticFrontend
[ 14%] Built target ClangDiagnosticFrontendInterface
[ 14%] Built target ClangDiagnosticInstallAPIEnums
[ 14%] Built target ClangDiagnosticInstallAPIInterface
[ 14%] Built target ClangDiagnosticInstallAPI
[ 14%] Built target ClangDiagnosticInstallAPICompatIDs
[ 14%] Built target ClangDiagnosticLex
[ 14%] Built target ClangDiagnosticLexCompatIDs
[ 14%] Built target ClangDiagnosticLexInterface
[ 14%] Built target ClangDiagnosticLexEnums
[ 14%] Built target ClangDiagnosticParse
[ 14%] Built target ClangDiagnosticParseEnums
[ 14%] Built target ClangDiagnosticParseCompatIDs
[ 14%] Built target ClangDiagnosticParseInterface
[ 14%] Built target ClangDiagnosticRefactoring
[ 14%] Built target ClangDiagnosticRefactoringCompatIDs
[ 14%] Built target ClangDiagnosticRefactoringEnums
[ 14%] Built target ClangDiagnosticRefactoringInterface
[ 14%] Built target ClangDiagnosticSemaEnums
[ 14%] Built target ClangDiagnosticSema
[ 14%] Built target ClangDiagnosticSemaCompatIDs
[ 14%] Built target ClangDiagnosticSemaInterface
[ 14%] Built target ClangDiagnosticSerialization
[ 14%] Built target ClangDiagnosticSerializationEnums
[ 14%] Built target ClangDiagnosticSerializationCompatIDs
[ 14%] Built target ClangDiagnosticTrap
[ 14%] Built target ClangDiagnosticSerializationInterface
[ 14%] Built target ClangDiagnosticTrapEnums
[ 14%] Built target ClangDiagnosticTrapCompatIDs
[ 14%] Built target ClangDiagnosticTrapInterface
[ 14%] Built target ClangDiagnosticGroups
[ 14%] Built target ClangDiagnosticAllCompatIDs
[ 14%] Built target ClangAttrList
[ 14%] Built target ClangDiagnosticIndexName
[ 14%] Built target ClangRegularKeywordAttrInfo
[ 14%] Built target ClangAttrSubjectMatchRuleList
[ 14%] Built target ClangAttrParsedAttrList
[ 14%] Built target ClangAttrHasAttributeImpl
[ 14%] Built target CXX11AttributeInfo
[ 14%] Built target AttributeSpellingList
[ 14%] Built target ClangBuiltins
[ 14%] Built target ClangBuiltinsBPF
[ 14%] Built target ClangBuiltinsDirectX
[ 14%] Built target ClangBuiltinsHexagon
[ 14%] Built target ClangBuiltinsRISCV
[ 14%] Built target ClangBuiltinsNVPTX
[ 14%] Built target ClangBuiltinsSPIRVCommon
[ 14%] Built target ClangBuiltinsSPIRVVK
[ 14%] Built target ClangBuiltinsSPIRVCL
[ 14%] Built target ClangBuiltinTemplates
[ 14%] Built target ClangBuiltinsX86
[ 14%] Built target ClangBuiltinsX86_64
[ 14%] Built target ClangARMNeon
[ 14%] Built target ClangARMFP16
[ 14%] Built target ClangARMImmChecks
[ 14%] Built target ClangARMMveBuiltinsDef
[ 14%] Built target ClangARMMveBuiltinCG
[ 14%] Built target ClangARMMveBuiltinSema
[ 14%] Built target ClangARMMveBuiltinAliases
[ 14%] Built target ClangARMSveBuiltins
[ 14%] Built target ClangARMSveBuiltinsJSON
[ 14%] Built target ClangARMSveBuiltinCG
[ 14%] Built target ClangARMSveTypeFlags
[ 14%] Built target ClangARMSveSemaRangeChecks
[ 14%] Built target ClangARMSveStreamingAttrs
[ 14%] Built target ClangARMSmeBuiltins
[ 14%] Built target ClangARMSmeSemaRangeChecks
[ 14%] Built target ClangARMSmeBuiltinCG
[ 14%] Built target ClangARMSmeBuiltinsJSON
[ 14%] Built target ClangARMSmeStreamingAttrs
[ 14%] Built target ClangARMSmeBuiltinsZAState
[ 14%] Built target ClangARMCdeBuiltinsDef
[ 14%] Built target ClangARMCdeBuiltinCG
[ 14%] Built target ClangARMCdeBuiltinSema
[ 14%] Built target ClangARMCdeBuiltinAliases
[ 14%] Built target ClangRISCVVectorBuiltins
[ 14%] Built target ClangRISCVVectorBuiltinCG
[ 14%] Built target ClangRISCVVectorBuiltinSema
[ 14%] Built target ClangRISCVSiFiveVectorBuiltinCG
[ 14%] Built target ClangRISCVSiFiveVectorBuiltins
[ 14%] Built target ClangRISCVSiFiveVectorBuiltinSema
[ 14%] Built target ClangRISCVAndesVectorBuiltins
[ 14%] Built target ClangRISCVAndesVectorBuiltinCG
[ 14%] Built target ClangRISCVAndesVectorBuiltinSema
[ 14%] Built target ClangAttrParserStringSwitches
[ 14%] Built target ClangAttrSubMatchRulesParserStringSwitches
[ 14%] Built target ClangAttrTemplateInstantiate
[ 14%] Built target ClangAttrParsedAttrKinds
[ 14%] Built target ClangAttrIsTypeDependent
[ 14%] Built target ClangAttrSpellingListIndex
[ 14%] Built target ClangAttrParsedAttrImpl
[ 14%] Built target ClangAttrPCHRead
[ 14%] Built target ClangAttrPCHWrite
[ 14%] Built target ClangSACheckers
[ 14%] Built target ClangSyntaxNodeList
[ 14%] Built target Remarks
[ 14%] Built target llvm-opt-report
[ 14%] Built target LLVMTableGenCommon
[ 14%] Building CXX object tools/llvm-config/CMakeFiles/llvm-config.dir/llvm-config.cpp.o
[ 14%] Built target LLVMWindowsDriver
[ 14%] Built target LLVMFuzzerCLI
[ 15%] Built target llvm-remarkutil
[ 17%] Built target obj.Polly
[ 17%] Built target LLVMBinaryFormat
[ 17%] Built target llvm-microsoft-demangle-fuzzer
[ 17%] Built target llvm-itanium-demangle-fuzzer
[ 17%] Built target llvm-dlang-demangle-fuzzer
[ 17%] Built target llvm-rust-demangle-fuzzer
[ 17%] Built target llvm-yaml-parser-fuzzer
[ 17%] Built target llvm-yaml-numeric-parser-fuzzer
[ 17%] Built target llvm-special-case-list-fuzzer
[ 20%] Built target LLVMPolly
[ 21%] Built target clang-resource-headers
[ 21%] Built target LLVMDebugInfoDWARFLowLevel
[ 21%] Built target llvm-tblgen
[ 23%] Built target LLVMTextAPI
[ 23%] Built target JITLinkTableGen
[ 23%] Built target ARMCommonTableGen
[ 25%] Built target BPFCommonTableGen
[ 25%] Built target LanaiCommonTableGen
[ 25%] Built target AArch64CommonTableGen
[ 25%] Built target AVRCommonTableGen
[ 26%] Built target SPIRVCommonTableGen
[ 26%] Built target NVPTXCommonTableGen
[ 26%] Built target LoongArchCommonTableGen
[ 28%] Built target XCoreCommonTableGen
[ 28%] Built target DllOptionsTableGen
[ 28%] Built target SparcCommonTableGen
[ 28%] Built target MSP430CommonTableGen
[ 28%] Built target WebAssemblyCommonTableGen
[ 28%] Built target HexagonCommonTableGen
[ 28%] Built target LibOptionsTableGen
[ 28%] Built target VECommonTableGen
[ 28%] Built target ClangDriverOptions
[ 28%] Built target SystemZCommonTableGen
[ 28%] Built target DsymutilTableGen
[ 28%] Built target LLVMCASToolTableGen
[ 28%] Built target PowerPCCommonTableGen
[ 28%] Built target CvtResTableGen
[ 28%] Built target CxxfiltOptsTableGen
[ 28%] Built target CGDataOptsTableGen
[ 28%] Built target DebugInfodFindOptsTableGen
[ 28%] Built target RISCVCommonTableGen
[ 28%] Built target DwarfutilTableGen
[ 28%] Built target DebugInfodOptsTableGen
[ 28%] Built target MipsCommonTableGen
[ 28%] Built target DwpOptsTableGen
[ 28%] Built target GSYMUtilOptsTableGen
[ 28%] Built target LibtoolDarwinOptsTableGen
[ 28%] Built target IFSOptsTableGen
[ 28%] Built target AMDGPUCommonTableGen
[ 28%] Built target X86CommonTableGen
[ 28%] Built target LipoOptsTableGen
[ 28%] Built target MLTableGen
[ 28%] Built target MtTableGen
[ 28%] Built target NmOptsTableGen
[ 28%] Built target ObjdumpOptsTableGen
[ 28%] Built target ObjcopyOptsTableGen
[ 28%] Built target ReadTAPIOptsTableGen
[ 28%] Built target ReadobjOptsTableGen
[ 28%] Built target RcOptsTableGen
[ 28%] Built target SizeOptsTableGen
[ 28%] Built target StringsOptsTableGen
[ 28%] Built target SymbolizerOptsTableGen
[ 28%] Built target SancovOptsTableGen
[ 28%] Built target TLICheckerOptsTableGen
[ 28%] Built target clang-tablegen-targets
[ 28%] Built target LLVMARMUtils
[ 28%] Built target LLVMAArch64Utils
[ 28%] Built target llvm-cas
[ 28%] Built target llvm-cxxfilt
[ 28%] Built target InstallNameToolOptsTableGen
[ 28%] Built target OtoolOptsTableGen
[ 28%] Built target WindresOptsTableGen
[ 28%] Built target llvm-mt
[ 28%] Built target Opcodes
[ 28%] Built target ClangAttrDocTable
[ 28%] Built target ClangOpenCLBuiltinsImpl
[ 28%] Built target LinkerWrapperOpts
[ 28%] Built target ScanDepsOptsTableGen
[ 28%] Built target NVLinkWrapperOpts
[ 28%] Built target BitcodeStripOptsTableGen
[ 28%] Built target SYCLLinkerOpts
[ 28%] Built target InstallAPIDriverOptions
[ 28%] Built target obj.clangOptions
[ 28%] Built target obj.clangIndexSerialization
[ 28%] Built target obj.clangAPINotes
[ 28%] Built target obj.clangToolingCore
[ 28%] Built target obj.clangToolingInclusions
[ 28%] Built target obj.clangDirectoryWatcher
[ 28%] Built target obj.clangRewrite
[ 28%] Built target StripOptsTableGen
[ 28%] Built target obj.clangToolingInclusionsStdlib
[ 28%] Built target obj.clangAnalysisScalable
[ 28%] Built target obj.clangEdit
[ 28%] Built target obj.clangDynamicASTMatchers
[ 28%] Built target obj.clangASTMatchers
[ 28%] Built target obj.clangToolingASTDiff
[ 28%] Built target obj.clangHandleLLVM
[ 28%] Built target obj.clangAnalysisFlowSensitiveModels
[ 28%] Built target obj.clangToolingSyntax
[ 29%] Built target obj.clangInstallAPI
[ 29%] Built target obj.clangAnalysisLifetimeSafety
[ 29%] Built target obj.clangFrontendTool
[ 31%] Built target obj.clangCrossTU
[ 31%] Built target obj.clangHandleCXX
[ 31%] Built target obj.clangIndex
[ 31%] Built target obj.clangExtractAPI
[ 31%] Built target obj.clangTransformer
[ 31%] Built target clangDirectoryWatcher
[ 31%] Built target obj.clangRewriteFrontend
[ 32%] Built target obj.clangStaticAnalyzerFrontend
[ 32%] Built target obj.clangDependencyScanning
[ 34%] Built target obj.clangToolingRefactoring
[ 34%] Built target obj.clangSerialization
[ 34%] Built target obj.clangAnalysisFlowSensitive
[ 37%] Built target LLVMMC
[ 37%] Built target obj.clangLex
[ 37%] Built target obj.clangParse
[ 37%] Built target obj.clangInterpreter
[ 39%] Built target LLVMCore
[ 39%] Built target obj.clangTooling
[ 39%] Built target obj.clangFormat
[ 39%] Built target LLVMAArch64Info
[ 39%] Built target LLVMARMInfo
[ 39%] Built target LLVMBPFInfo
[ 39%] Built target LLVMAMDGPUInfo
[ 39%] Built target LLVMAVRInfo
[ 39%] Built target LLVMHexagonInfo
[ 39%] Built target LLVMLoongArchInfo
[ 39%] Built target LLVMMipsInfo
[ 39%] Built target LLVMMSP430Info
[ 39%] Built target LLVMLanaiInfo
[ 39%] Built target LLVMNVPTXInfo
[ 39%] Built target LLVMRISCVInfo
[ 39%] Built target LLVMVEInfo
[ 39%] Built target LLVMXCoreInfo
[ 39%] Built target LLVMSPIRVInfo
[ 39%] Built target LLVMWebAssemblyInfo
[ 39%] Built target LLVMSystemZInfo
[ 39%] Built target LLVMX86Info
[ 39%] Built target LLVMPowerPCInfo
[ 39%] Built target LLVMSparcInfo
[ 39%] Built target LLVMMCDisassembler
[ 39%] Built target llvm-stress
[ 39%] Built target LLVMDWARFCFIChecker
[ 39%] Built target obj.clangFrontend
[ 39%] Built target LLVMDiff
[ 39%] Built target obj.clangAnalysis
[ 39%] Built target LLVMCFGuard
[ 39%] Built target LLVMAsmParser
[ 39%] Built target LLVMBitReader
[ 40%] Built target LLVMFrontendHLSL
[ 40%] Built target LLVMMCParser
[ 40%] Built target LLVMAVRDisassembler
[ 40%] Built target LLVMBPFDisassembler
[ 40%] Built target LLVMXCoreDisassembler
[ 40%] Built target LLVMMSP430Disassembler
[ 40%] Built target LLVMMipsDisassembler
[ 40%] Built target LLVMPowerPCDisassembler
[ 40%] Built target LLVMX86Disassembler
[ 40%] Built target LLVMXCoreDesc
[ 40%] Built target LLVMNVPTXDesc
[ 40%] Built target LLVMSparcDisassembler
[ 40%] Built target LLVMVEDisassembler
[ 40%] Built target LLVMBPFDesc
[ 40%] Built target LLVMMSP430Desc
[ 40%] Built target LLVMSPIRVDesc
[ 40%] Built target LLVMAVRDesc
[ 40%] Built target LLVMLanaiDesc
[ 40%] Built target LLVMMCA
[ 40%] Built target LLVMVEDesc
[ 40%] Built target LLVMWebAssemblyDesc
[ 40%] Built target LLVMIRReader
[ 40%] Built target LLVMSparcDesc
[ 40%] Built target llvm-bcanalyzer
[ 40%] Built target LLVMLoongArchDesc
[ 40%] Built target LLVMAArch64Desc
[ 40%] Built target LLVMSystemZDesc
[ 40%] Built target LLVMRISCVDesc
[ 42%] Built target llvm-dis
[ 42%] Built target LLVMMipsDesc
[ 42%] Built target LLVMPowerPCDesc
[ 42%] Built target obj.clangBasic
[ 42%] Built target obj.clangStaticAnalyzerCore
[ 42%] Built target LLVMHexagonDesc
[ 42%] Built target LLVMBPFAsmParser
[ 42%] Built target LLVMMSP430AsmParser
[ 42%] Built target LLVMX86Desc
[ 42%] Built target LLVMAVRAsmParser
[ 42%] Built target LLVMVEAsmParser
[ 42%] Built target LLVMWebAssemblyDisassembler
[ 42%] Built target LLVMWebAssemblyAsmParser
[ 42%] Built target LLVMLanaiAsmParser
[ 42%] Built target LLVMLanaiDisassembler
[ 42%] Built target llvm-diff
[ 42%] Built target LLVMLoongArchDisassembler
[ 42%] Built target LLVMLoongArchAsmParser
[ 42%] Built target LLVMSparcAsmParser
[ 42%] Built target LLVMRISCVAsmParser
[ 42%] Built target LLVMSystemZAsmParser
[ 42%] Built target LLVMRISCVDisassembler
[ 42%] Built target LLVMAArch64AsmParser
[ 42%] Built target LLVMAArch64Disassembler
[ 42%] Built target LLVMRISCVTargetMCA
[ 42%] Built target LLVMMipsAsmParser
[ 42%] Built target LLVMSystemZDisassembler
[ 42%] Built target LLVMPowerPCAsmParser
[ 42%] Built target LLVMHexagonAsmParser
[ 42%] Built target LLVMHexagonDisassembler
[ 42%] Built target obj.clangDriver
[ 42%] Built target LLVMX86TargetMCA
[ 42%] Built target LLVMX86AsmParser
[ 43%] Built target LLVMObject
[ 43%] Built target LLVMLibDriver
[ 43%] Built target llvm-cvtres
[ 43%] Built target LLVMDlltoolDriver
[ 43%] Built target llvm-offload-binary
[ 43%] Built target llvm-strings
[ 43%] Built target LLVMInterfaceStub
[ 43%] Built target llvm-cxxdump
[ 43%] Built target llvm-size
[ 43%] Built target llvm-rc
[ 45%] Built target LLVMRuntimeDyld
[ 45%] Built target clang-offload-packager
[ 45%] Built target LLVMXRay
[ 45%] Built target LLVMARMDesc
[ 45%] Built target LLVMOrcTargetProcess
[ 45%] Built target llvm-windres
[ 46%] Built target obj.clangSema
[ 46%] Built target LLVMARMAsmParser
[ 46%] Built target LLVMARMDisassembler
[ 46%] Built target LLVMObjCopy
[ 46%] Built target LLVMObjectYAML
[ 48%] Built target LLVMDebugInfoDWARF
[ 48%] Built target obj.clangAST
[ 48%] Built target llvm-objcopy
[ 48%] Built target llvm-ifs
[ 48%] Built target LLVMTextAPIBinaryReader
[ 48%] Built target LLVMDWP
[ 48%] Built target llvm-install-name-tool
[ 48%] Built target llvm-strip
[ 48%] Built target llvm-bitcode-strip
[ 48%] Built target LLVMDebugInfoGSYM
[ 48%] Built target llvm-readtapi
[ 48%] Built target llvm-readobj
[ 48%] Built target LLVMJITLink
[ 48%] Built target llvm-readelf
[ 50%] Built target obj.clangCodeGen
[ 51%] Built target LLVMDebugInfoPDB
[ 54%] Built target obj.clangStaticAnalyzerCheckers
[ 54%] Built target LLVMSymbolize
[ 54%] Built target sanstats
[ 54%] Built target LLVMCFIVerify
[ 54%] Built target LLVMDebuginfod
[ 57%] Built target LLVMDebugInfoLogicalView
[ 57%] Built target llvm-pdbutil
[ 59%] Built target llvm-xray
[ 59%] Built target llvm-debuginfod
[ 59%] Built target llvm-debuginfod-find
[ 59%] Built target llvm-symbolizer
[ 59%] Built target LLVMProfileData
[ 59%] Built target llvm-addr2line
[ 59%] Built target llvm-ctxprof-util
[ 59%] Built target llvm-cxxmap
[ 60%] Built target llvm-profdata
[ 60%] Built target yaml2obj
[ 60%] Built target LLVMCoverage
[ 60%] Built target obj2yaml
[ 60%] Built target llvm-cov
[ 62%] Built target LLVMAnalysis
[ 62%] Built target LLVMFrontendAtomic
[ 62%] Built target LLVMIRPrinter
[ 62%] Built target llvm-sim
[ 62%] Built target llvm-tli-checker
[ 62%] Built target LLVMBitWriter
[ 62%] Built target LLVMTarget
[ 62%] Built target LLVMAMDGPUUtils
[ 62%] Built target LLVMSandboxIR
[ 62%] Built target llvm-as
[ 62%] Built target llvm-cat
[ 62%] Built target llvm-modextract
[ 62%] Built target verify-uselistorder
[ 62%] Built target LLVMExecutionEngine
[ 64%] Built target LLVMCGData
[ 65%] Built target LLVMAMDGPUDesc
[ 65%] Built target llvm-jitlink-executor
[ 65%] Built target LLVMMCJIT
[ 65%] Built target LLVMAMDGPUTargetMCA
[ 65%] Built target LLVMAMDGPUDisassembler
[ 65%] Built target LLVMAMDGPUAsmParser
[ 65%] Built target llvm-dwarfdump
[ 65%] Built target llvm-locstats
[ 65%] Built target llvm-rtdyld
[ 65%] Built target llvm-ar
[ 65%] Built target sancov
[ 65%] Built target llvm-debuginfo-analyzer
[ 65%] Built target llvm-cfi-verify
[ 65%] Built target llvm-mc
[ 65%] Built target llvm-nm
[ 65%] Built target llvm-ml
[ 65%] Built target llvm-ranlib
[ 65%] Built target llvm-lib
[ 65%] Built target llvm-dlltool
[ 65%] Built target llvm-objdump
[ 65%] Built target llvm-ml64
[ 65%] Built target llvm-mca
[ 65%] Built target llvm-otool
[ 67%] Built target LLVMTransformUtils
[ 67%] Built target LLVMHipStdPar
[ 67%] Built target LLVMSPIRVAnalysis
[ 67%] Built target LLVMAggressiveInstCombine
[ 67%] Built target LLVMLinker
[ 67%] Built target LLVMFrontendOffloading
[ 67%] Built target LLVMObjCARCOpts
[ 67%] Built target llvm-offload-wrapper
[ 68%] Built target LLVMInstCombine
[ 68%] Built target LLVMInstrumentation
[ 68%] Built target LLVMVectorize
[ 68%] Built target LLVMFrontendDriver
[ 70%] Built target LLVMScalarOpts
[ 70%] Built target LLVMFuzzMutate
[ 70%] Built target LLVMFrontendOpenMP
[ 70%] Built target clangBasic
[ 70%] Built target clangAPINotes
[ 70%] Built target clangOptions
[ 70%] Built target clangIndexSerialization
[ 70%] Built target clangLex
[ 70%] Built target offload-arch
[ 70%] Built target clangRewrite
[ 70%] Built target apinotes-test
[ 70%] Built target clangAST
[ 70%] Built target clangToolingCore
[ 70%] Built target clangASTMatchers
[ 70%] Built target clangEdit
[ 70%] Built target clangToolingInclusionsStdlib
[ 70%] Built target clangToolingASTDiff
[ 70%] Built target clangInstallAPI
[ 70%] Built target clangToolingInclusions
[ 70%] Built target clangDynamicASTMatchers
[ 70%] Built target clangAnalysis
[ 70%] Built target clangFormat
[ 70%] Built target clangAnalysisLifetimeSafety
[ 70%] Built target clangAnalysisFlowSensitive
[ 70%] Built target clangAnalysisFlowSensitiveModels
[ 70%] Built target clang-format
[ 71%] Built target LLVMipo
[ 71%] Built target clangSema
[ 71%] Built target clangSerialization
[ 71%] Built target clangParse
[ 71%] Built target llvm-link
[ 71%] Built target clangFrontend
[ 71%] Built target llvm-profgen
[ 71%] Built target LLVMCoroutines
[ 71%] Built target clangRewriteFrontend
[ 71%] Built target clangIndex
[ 71%] Built target clangToolingSyntax
[ 71%] Built target clangDriver
[ 71%] Built target clangAnalysisScalable
[ 71%] Built target clangExtractAPI
[ 71%] Built target clangToolingRefactoring
[ 71%] Built target clangCrossTU
[ 71%] Built target clangDependencyScanning
[ 71%] Built target clang-offload-bundler
[ 71%] Built target clangTransformer
[ 71%] Built target clangTooling
[ 71%] Built target clangStaticAnalyzerCore
[ 73%] Built target diagtool
[ 73%] Built target clangStaticAnalyzerCheckers
[ 73%] Built target clang-diff
[ 73%] Built target clang-refactor
[ 73%] Built target clang-installapi
[ 73%] Built target clangStaticAnalyzerFrontend
[ 73%] Built target SampleAnalyzerPlugin
[ 73%] Built target CheckerDependencyHandlingAnalyzerPlugin
[ 73%] Built target CheckerOptionHandlingAnalyzerPlugin
[ 73%] Linking CXX executable ../../bin/llvm-config
[ 73%] Built target llvm-config
[ 76%] Built target LLVMCodeGen
[ 76%] Built target LLVMWebAssemblyUtils
[ 76%] Built target LLVMDWARFLinker
[ 76%] Built target llvm-cgdata
[ 76%] Built target LLVMInterpreter
[ 76%] Built target LLVMMIRParser
[ 76%] Built target LLVMSelectionDAG
[ 78%] Built target LLVMAsmPrinter
[ 78%] Built target LLVMDWARFLinkerClassic
[ 78%] Built target LLVMMSP430CodeGen
[ 78%] Built target LLVMDWARFLinkerParallel
[ 81%] Built target LLVMLanaiCodeGen
[ 81%] Built target LLVMVECodeGen
[ 81%] Built target LLVMAVRCodeGen
[ 81%] Built target LLVMSparcCodeGen
[ 81%] Built target LLVMXCoreCodeGen
[ 81%] Built target LLVMLoongArchCodeGen
[ 82%] Built target LLVMGlobalISel
[ 84%] Built target LLVMSystemZCodeGen
[ 84%] Built target LLVMNVPTXCodeGen
[ 84%] Built target LLVMPasses
[ 85%] Built target LLVMWebAssemblyCodeGen
[ 85%] Built target Polly
[ 85%] Built target llvm-extract
[ 85%] Built target LLVMExtensions
[ 85%] Built target LLVMHexagonCodeGen
[ 87%] Built target LLVMSPIRVCodeGen
[ 89%] Built target LLVMPowerPCCodeGen
[ 89%] Built target LLVMLTO
[ 89%] Built target LLVMMipsCodeGen
[ 89%] Built target LLVMBPFCodeGen
[ 89%] Built target clangCodeGen
[ 89%] Built target LLVMARMCodeGen
[ 89%] Built target clangFrontendTool
[ 89%] Built target clang-import-test
[ 90%] Built target LLVMOrcJIT
[ 92%] Built target LLVMX86CodeGen
[ 93%] Built target LLVMRISCVCodeGen
[ 93%] Built target clangHandleLLVM
[ 93%] Built target lli-child-target
[ 93%] Built target LLVMOrcDebugging
[ 95%] Built target LLVMAArch64CodeGen
[ 95%] Built target clangInterpreter
[ 95%] Built target lli
[ 96%] Built target llvm-jitlink
[ 96%] Built target LLVMExegesis
[ 96%] Built target LLVMExegesisAArch64
[ 96%] Built target LLVMExegesisPowerPC
[ 96%] Built target LLVMExegesisMips
[ 96%] Built target LLVMExegesisX86
[ 96%] Built target LLVMExegesisRISCV
[ 96%] Built target llvm-exegesis
[ 98%] Built target LLVMAMDGPUCodeGen
[ 98%] Built target clangHandleCXX
[ 98%] Built target clang-fuzzer-dictionary
[ 98%] Built target LTO
[ 98%] Built target llvm-lto
[ 98%] Built target clang-linker-wrapper
[ 98%] Built target clang-sycl-linker
[ 98%] Built target clang-nvlink-wrapper
[ 98%] Built target clang-check
[ 98%] Built target clang-extdef-mapping
[ 98%] Built target clang-repl
[ 98%] Built target llvm-dwp
[ 98%] Built target llvm-lipo
[ 98%] Built target llvm-gsymutil
[ 98%] Built target llvm-libtool-darwin
[ 98%] Built target clang-scan-deps
[ 98%] Built target llvm-isel-fuzzer
[ 98%] Built target llvm-ir2vec
[ 98%] Built target llc
[ 98%] Built target llvm-opt-fuzzer
[ 98%] Built target llvm-split
[ 98%] Built target llvm-lto2
[ 98%] Built target clang-cpp
[ 98%] Built target llvm-dwarfutil
[100%] Built target LLVMOptDriver
[100%] Built target llvm-c-test
[100%] Built target clang
[100%] Built target bugpoint
[100%] Built target dsymutil
[100%] Built target opt
[100%] Built target BugpointPasses
[100%] Built target libclang
[100%] Built target c-index-test
[100%] Built target llvm-reduce
-- The C compiler identification is Clang 22.0.0
-- Detecting C compiler ABI info
-- Detecting C compiler ABI info - done
-- Check for working C compiler: /home/kleplj/translation/PolybenchC-Polly/llvm-project/build/bin/clang - skipped
-- Detecting C compile features
-- Detecting C compile features - done
-- Configuring done (0.4s)
-- Generating done (0.7s)
-- Build files have been written to: /home/kleplj/translation/PolybenchC-Polly/build
[  6%] Building C object CMakeFiles/covariance.dir/utilities/polybench.c.o
[ 10%] Building C object CMakeFiles/cholesky.dir/utilities/polybench.c.o
[  6%] Building C object CMakeFiles/lu.dir/linear-algebra/solvers/lu/lu.c.o
[  6%] Building C object CMakeFiles/covariance.dir/datamining/covariance/covariance.c.o
[ 11%] Building C object CMakeFiles/lu.dir/utilities/polybench.c.o
[ 11%] Building C object CMakeFiles/correlation.dir/utilities/polybench.c.o
[ 11%] Building C object CMakeFiles/cholesky.dir/linear-algebra/solvers/cholesky/cholesky.c.o
[ 11%] Building C object CMakeFiles/correlation.dir/datamining/correlation/correlation.c.o
[ 23%] Building C object CMakeFiles/gemver.dir/linear-algebra/blas/gemver/gemver.c.o
[ 23%] Building C object CMakeFiles/syr2k.dir/linear-algebra/blas/syr2k/syr2k.c.o
[ 65%] Building C object CMakeFiles/trisolv.dir/utilities/polybench.c.o
[ 65%] Building C object CMakeFiles/gramschmidt.dir/linear-algebra/solvers/gramschmidt/gramschmidt.c.o
[ 65%] Building C object CMakeFiles/trmm.dir/utilities/polybench.c.o
[ 65%] Building C object CMakeFiles/durbin.dir/linear-algebra/solvers/durbin/durbin.c.o
[ 65%] Building C object CMakeFiles/gramschmidt.dir/utilities/polybench.c.o
[ 65%] Building C object CMakeFiles/deriche.dir/medley/deriche/deriche.c.o
[ 65%] Building C object CMakeFiles/ludcmp.dir/linear-algebra/solvers/ludcmp/ludcmp.c.o
[ 65%] Building C object CMakeFiles/gemm.dir/linear-algebra/blas/gemm/gemm.c.o
[ 65%] Building C object CMakeFiles/durbin.dir/utilities/polybench.c.o
[ 65%] Building C object CMakeFiles/trisolv.dir/linear-algebra/solvers/trisolv/trisolv.c.o
[ 65%] Building C object CMakeFiles/gemver.dir/utilities/polybench.c.o
[ 65%] Building C object CMakeFiles/ludcmp.dir/utilities/polybench.c.o
[ 66%] Building C object CMakeFiles/adi.dir/stencils/adi/adi.c.o
[ 66%] Building C object CMakeFiles/trmm.dir/linear-algebra/blas/trmm/trmm.c.o
[ 66%] Building C object CMakeFiles/symm.dir/linear-algebra/blas/symm/symm.c.o
[ 66%] Building C object CMakeFiles/symm.dir/utilities/polybench.c.o
[ 66%] Building C object CMakeFiles/gesummv.dir/utilities/polybench.c.o
[ 66%] Building C object CMakeFiles/2mm.dir/linear-algebra/kernels/2mm/2mm.c.o
[ 66%] Building C object CMakeFiles/mvt.dir/utilities/polybench.c.o
[ 66%] Building C object CMakeFiles/bicg.dir/linear-algebra/kernels/bicg/bicg.c.o
[ 66%] Building C object CMakeFiles/mvt.dir/linear-algebra/kernels/mvt/mvt.c.o
[ 66%] Building C object CMakeFiles/atax.dir/linear-algebra/kernels/atax/atax.c.o
[ 66%] Building C object CMakeFiles/3mm.dir/utilities/polybench.c.o
[ 66%] Building C object CMakeFiles/syrk.dir/utilities/polybench.c.o
[ 66%] Building C object CMakeFiles/bicg.dir/utilities/polybench.c.o
[ 66%] Building C object CMakeFiles/3mm.dir/linear-algebra/kernels/3mm/3mm.c.o
[ 66%] Building C object CMakeFiles/gemm.dir/utilities/polybench.c.o
[ 66%] Building C object CMakeFiles/floyd-warshall.dir/medley/floyd-warshall/floyd-warshall.c.o
[ 66%] Building C object CMakeFiles/nussinov.dir/medley/nussinov/nussinov.c.o
[ 66%] Building C object CMakeFiles/doitgen.dir/linear-algebra/kernels/doitgen/doitgen.c.o
[ 66%] Building C object CMakeFiles/2mm.dir/utilities/polybench.c.o
[ 66%] Building C object CMakeFiles/nussinov.dir/utilities/polybench.c.o
[ 66%] Building C object CMakeFiles/atax.dir/utilities/polybench.c.o
[ 66%] Building C object CMakeFiles/fdtd-2d.dir/stencils/fdtd-2d/fdtd-2d.c.o
[ 66%] Building C object CMakeFiles/jacobi-1d.dir/stencils/jacobi-1d/jacobi-1d.c.o
[ 66%] Building C object CMakeFiles/floyd-warshall.dir/utilities/polybench.c.o
[ 66%] Building C object CMakeFiles/jacobi-2d.dir/stencils/jacobi-2d/jacobi-2d.c.o
[ 66%] Building C object CMakeFiles/seidel-2d.dir/utilities/polybench.c.o
[ 66%] Building C object CMakeFiles/fdtd-2d.dir/utilities/polybench.c.o
[ 66%] Building C object CMakeFiles/doitgen.dir/utilities/polybench.c.o
[ 66%] Building C object CMakeFiles/heat-3d.dir/stencils/heat-3d/heat-3d.c.o
[ 66%] Building C object CMakeFiles/jacobi-2d.dir/utilities/polybench.c.o
[ 66%] Building C object CMakeFiles/jacobi-1d.dir/utilities/polybench.c.o
[ 66%] Building C object CMakeFiles/deriche.dir/utilities/polybench.c.o
[ 66%] Building C object CMakeFiles/syrk.dir/linear-algebra/blas/syrk/syrk.c.o
[ 66%] Building C object CMakeFiles/seidel-2d.dir/stencils/seidel-2d/seidel-2d.c.o
[ 66%] Building C object CMakeFiles/gesummv.dir/linear-algebra/blas/gesummv/gesummv.c.o
[ 66%] Building C object CMakeFiles/syr2k.dir/utilities/polybench.c.o
[ 66%] Building C object CMakeFiles/heat-3d.dir/utilities/polybench.c.o
[ 66%] Building C object CMakeFiles/adi.dir/utilities/polybench.c.o
[ 67%] Linking C executable trisolv
[ 68%] Linking C executable jacobi-1d
[ 70%] Linking C executable mvt
[ 71%] Linking C executable atax
[ 71%] Built target trisolv
[ 72%] Linking C executable bicg
[ 73%] Linking C executable durbin
[ 73%] Built target jacobi-1d
[ 73%] Built target mvt
[ 73%] Built target atax
[ 74%] Linking C executable gesummv
[ 75%] Linking C executable gemver
[ 75%] Built target bicg
[ 75%] Built target durbin
[ 75%] Built target gesummv
[ 76%] Linking C executable trmm
[ 77%] Linking C executable gemm
[ 77%] Built target gemver
[ 78%] Linking C executable syr2k
[ 80%] Linking C executable syrk
[ 81%] Linking C executable floyd-warshall
[ 81%] Built target trmm
[ 81%] Built target gemm
[ 82%] Linking C executable 2mm
[ 82%] Built target syr2k
[ 82%] Built target syrk
[ 82%] Built target floyd-warshall
[ 82%] Built target 2mm
[ 83%] Linking C executable cholesky
[ 84%] Linking C executable correlation
[ 85%] Linking C executable 3mm
[ 85%] Built target cholesky
[ 86%] Linking C executable deriche
[ 86%] Built target correlation
[ 86%] Built target 3mm
[ 87%] Linking C executable seidel-2d
[ 87%] Built target deriche
[ 87%] Built target seidel-2d
[ 88%] Linking C executable fdtd-2d
[ 88%] Built target fdtd-2d
[ 90%] Linking C executable symm
[ 91%] Linking C executable gramschmidt
[ 91%] Built target symm
[ 91%] Built target gramschmidt
[ 92%] Linking C executable covariance
[ 93%] Linking C executable nussinov
[ 93%] Built target covariance
[ 93%] Built target nussinov
[ 94%] Linking C executable ludcmp
[ 94%] Built target ludcmp
[ 95%] Linking C executable adi
[ 95%] Built target adi
[ 96%] Linking C executable jacobi-2d
[ 97%] Linking C executable doitgen
[ 97%] Built target jacobi-2d
[ 97%] Built target doitgen
[ 98%] Linking C executable lu
[ 98%] Built target lu
[100%] Linking C executable heat-3d
[100%] Built target heat-3d
polly,2mm,,,illegal,1,LARGE
polly,3mm,,,illegal,1,LARGE
polly,adi,,,illegal,1,LARGE
polly,atax,,,illegal,1,LARGE
polly,bicg,,,illegal,1,LARGE
polly,cholesky,,,illegal,1,LARGE
polly,correlation,,,illegal,1,LARGE
polly,covariance,,,illegal,1,LARGE
polly,deriche,,,illegal,1,LARGE
polly,doitgen,,,illegal,1,LARGE
polly,durbin,,,illegal,1,LARGE
polly,fdtd-2d,,,illegal,1,LARGE
polly,floyd-warshall,,,illegal,1,LARGE
polly,gemm,,,illegal,1,LARGE
polly,gemver,,,illegal,1,LARGE
polly,gesummv,,,illegal,1,LARGE
polly,gramschmidt,,,illegal,1,LARGE
polly,heat-3d,,,illegal,1,LARGE
polly,jacobi-1d,,,illegal,1,LARGE
polly,jacobi-2d,,,illegal,1,LARGE
polly,lu,,,illegal,1,LARGE
polly,ludcmp,,,illegal,1,LARGE
polly,mvt,,,illegal,1,LARGE
polly,nussinov,,,illegal,1,LARGE
polly,seidel-2d,,,illegal,1,LARGE
polly,symm,,,illegal,1,LARGE
polly,syr2k,,,illegal,1,LARGE
polly,syrk,,,illegal,1,LARGE
polly,trisolv,,,illegal,1,LARGE
polly,trmm,,,illegal,1,LARGE
-- The CXX compiler identification is GNU 15.2.0
-- Detecting CXX compiler ABI info
-- Detecting CXX compiler ABI info - done
-- Check for working CXX compiler: /usr/local/latestgcc/bin/g++ - skipped
-- Detecting CXX compile features
-- Detecting CXX compile features - done
-- Found Python: /home/kleplj/translation/gpt-querying/.venv/bin/python3.9 (found suitable version "3.9.21", minimum required is "3") found components: Interpreter Development.Module
-- Halide 'host' platform triple:   x86-64-linux
-- Halide 'cmake' platform triple:  x86-64-linux
-- Halide default AOT target:       host
-- Found ZLIB: /usr/lib64/libz.so (found version "1.2.11")
-- Could NOT find PNG (missing: PNG_LIBRARY PNG_PNG_INCLUDE_DIR) 
-- Could NOT find JPEG (missing: JPEG_LIBRARY JPEG_INCLUDE_DIR) 
-- Configuring done (0.7s)
-- Generating done (0.7s)
-- Build files have been written to: /home/kleplj/translation/PolybenchC-Halide/build
[  5%] Building CXX object CMakeFiles/correlation.dir/datamining/correlation/correlation.cpp.o
[  6%] Building CXX object CMakeFiles/gemm.dir/linear-algebra/blas/gemm/gemm.cpp.o
[  8%] Building CXX object CMakeFiles/covariance.dir/datamining/covariance/covariance.cpp.o
[ 10%] Building CXX object CMakeFiles/gemver.dir/linear-algebra/blas/gemver/gemver.cpp.o
[ 16%] Building CXX object CMakeFiles/symm.dir/linear-algebra/blas/symm/symm.cpp.o
[ 16%] Building CXX object CMakeFiles/trmm.dir/linear-algebra/blas/trmm/trmm.cpp.o
[ 16%] Building CXX object CMakeFiles/gesummv.dir/linear-algebra/blas/gesummv/gesummv.cpp.o
[ 16%] Building CXX object CMakeFiles/syrk.dir/linear-algebra/blas/syrk/syrk.cpp.o
[ 33%] Building CXX object CMakeFiles/cholesky.dir/linear-algebra/solvers/cholesky/cholesky.cpp.o
[ 50%] Building CXX object CMakeFiles/deriche.dir/medley/deriche/deriche.cpp.o
[ 50%] Building CXX object CMakeFiles/jacobi-2d.dir/stencils/jacobi-2d/jacobi-2d.cpp.o
[ 50%] Building CXX object CMakeFiles/doitgen.dir/linear-algebra/kernels/doitgen/doitgen.cpp.o
[ 50%] Building CXX object CMakeFiles/bicg.dir/linear-algebra/kernels/bicg/bicg.cpp.o
[ 50%] Building CXX object CMakeFiles/2mm.dir/linear-algebra/kernels/2mm/2mm.cpp.o
[ 50%] Building CXX object CMakeFiles/durbin.dir/linear-algebra/solvers/durbin/durbin.cpp.o
[ 50%] Building CXX object CMakeFiles/3mm.dir/linear-algebra/kernels/3mm/3mm.cpp.o
[ 50%] Building CXX object CMakeFiles/mvt.dir/linear-algebra/kernels/mvt/mvt.cpp.o
[ 50%] Building CXX object CMakeFiles/nussinov.dir/medley/nussinov/nussinov.cpp.o
[ 50%] Building CXX object CMakeFiles/fdtd-2d.dir/stencils/fdtd-2d/fdtd-2d.cpp.o
[ 50%] Building CXX object CMakeFiles/adi.dir/stencils/adi/adi.cpp.o
[ 50%] Building CXX object CMakeFiles/atax.dir/linear-algebra/kernels/atax/atax.cpp.o
[ 50%] Building CXX object CMakeFiles/heat-3d.dir/stencils/heat-3d/heat-3d.cpp.o
[ 50%] Building CXX object CMakeFiles/lu.dir/linear-algebra/solvers/lu/lu.cpp.o
[ 50%] Building CXX object CMakeFiles/trisolv.dir/linear-algebra/solvers/trisolv/trisolv.cpp.o
[ 50%] Building CXX object CMakeFiles/floyd-warshall.dir/medley/floyd-warshall/floyd-warshall.cpp.o
[ 50%] Building CXX object CMakeFiles/ludcmp.dir/linear-algebra/solvers/ludcmp/ludcmp.cpp.o
[ 50%] Building CXX object CMakeFiles/gramschmidt.dir/linear-algebra/solvers/gramschmidt/gramschmidt.cpp.o
[ 50%] Building CXX object CMakeFiles/syr2k.dir/linear-algebra/blas/syr2k/syr2k.cpp.o
[ 50%] Building CXX object CMakeFiles/jacobi-1d.dir/stencils/jacobi-1d/jacobi-1d.cpp.o
[ 50%] Building CXX object CMakeFiles/seidel-2d.dir/stencils/seidel-2d/seidel-2d.cpp.o
[ 51%] Linking CXX executable jacobi-1d
[ 53%] Linking CXX executable adi
[ 55%] Linking CXX executable floyd-warshall
[ 56%] Linking CXX executable cholesky
[ 58%] Linking CXX executable trmm
[ 58%] Built target jacobi-1d
[ 58%] Built target adi
[ 58%] Built target floyd-warshall
[ 58%] Built target cholesky
[ 58%] Built target trmm
[ 60%] Linking CXX executable syrk
[ 61%] Linking CXX executable symm
[ 63%] Linking CXX executable gemm
[ 65%] Linking CXX executable syr2k
[ 66%] Linking CXX executable seidel-2d
[ 66%] Built target syrk
[ 68%] Linking CXX executable 2mm
[ 68%] Built target symm
[ 68%] Built target gemm
[ 68%] Built target syr2k
[ 68%] Built target seidel-2d
[ 70%] Linking CXX executable bicg
[ 70%] Built target 2mm
[ 71%] Linking CXX executable correlation
[ 71%] Built target bicg
[ 71%] Built target correlation
[ 73%] Linking CXX executable gesummv
[ 75%] Linking CXX executable atax
[ 76%] Linking CXX executable heat-3d
[ 78%] Linking CXX executable 3mm
[ 80%] Linking CXX executable doitgen
[ 80%] Built target gesummv
[ 80%] Built target atax
[ 81%] Linking CXX executable ludcmp
[ 81%] Built target heat-3d
[ 83%] Linking CXX executable mvt
[ 83%] Built target 3mm
[ 83%] Built target doitgen
[ 85%] Built target ludcmp
[ 85%] Linking CXX executable lu
[ 85%] Built target mvt
[ 85%] Built target lu
[ 88%] Linking CXX executable gemver
[ 88%] Linking CXX executable nussinov
[ 88%] Built target gemver
[ 88%] Built target nussinov
[ 90%] Linking CXX executable gramschmidt
[ 91%] Linking CXX executable fdtd-2d
[ 91%] Built target gramschmidt
[ 91%] Built target fdtd-2d
[ 93%] Linking CXX executable trisolv
[ 93%] Built target trisolv
[ 95%] Linking CXX executable deriche
[ 95%] Built target deriche
halide,2mm,2.769313,0.934,valid,1,LARGE
halide,standard,2mm,1,2.763774,1,LARGE
halide,standard,2mm,2,2.773205,1,LARGE
halide,standard,2mm,3,2.748079,1,LARGE
halide,standard,2mm,4,2.772725,1,LARGE
halide,standard,2mm,5,2.789871,1,LARGE
halide,3mm,,,illegal,1,LARGE
halide,adi,12.519485,0.831,valid,1,LARGE
halide,standard,adi,1,12.478765,1,LARGE
halide,standard,adi,2,12.487603,1,LARGE
halide,standard,adi,3,12.504105,1,LARGE
halide,standard,adi,4,12.494658,1,LARGE
halide,standard,adi,5,12.495813,1,LARGE
halide,atax,0.015275,0.560,valid,1,LARGE
halide,standard,atax,1,0.015199,1,LARGE
halide,standard,atax,2,0.015189,1,LARGE
halide,standard,atax,3,0.015176,1,LARGE
halide,standard,atax,4,0.015126,1,LARGE
halide,standard,atax,5,0.015151,1,LARGE
halide,bicg,0.015458,0.944,valid,1,LARGE
halide,standard,bicg,1,0.015525,1,LARGE
halide,standard,bicg,2,0.015600,1,LARGE
halide,standard,bicg,3,0.015493,1,LARGE
halide,standard,bicg,4,0.015508,1,LARGE
halide,standard,bicg,5,0.015550,1,LARGE
halide,cholesky,1.906186,0.998,valid,1,LARGE
halide,standard,cholesky,1,1.906672,1,LARGE
halide,standard,cholesky,2,1.906710,1,LARGE
halide,standard,cholesky,3,1.905383,1,LARGE
halide,standard,cholesky,4,1.904278,1,LARGE
halide,standard,cholesky,5,1.903951,1,LARGE
halide,correlation,,,illegal,1,LARGE
halide,covariance,,,illegal,1,LARGE
halide,deriche,0.580584,0.390,valid,1,LARGE
halide,standard,deriche,1,0.588091,1,LARGE
halide,standard,deriche,2,0.583522,1,LARGE
halide,standard,deriche,3,0.585017,1,LARGE
halide,standard,deriche,4,0.589723,1,LARGE
halide,standard,deriche,5,0.585225,1,LARGE
halide,doitgen,0.330939,,invalid,1,LARGE
halide,durbin,,,illegal,1,LARGE
halide,fdtd-2d,5.114518,0.344,valid,1,LARGE
halide,standard,fdtd-2d,1,5.098988,1,LARGE
halide,standard,fdtd-2d,2,5.136928,1,LARGE
halide,standard,fdtd-2d,3,5.102311,1,LARGE
halide,standard,fdtd-2d,4,5.097203,1,LARGE
halide,standard,fdtd-2d,5,5.090751,1,LARGE
halide,floyd-warshall,30.614333,0.741,valid,1,LARGE
halide,standard,floyd-warshall,1,30.555105,1,LARGE
halide,standard,floyd-warshall,2,31.277308,1,LARGE
halide,standard,floyd-warshall,3,30.938658,1,LARGE
halide,standard,floyd-warshall,4,30.880104,1,LARGE
halide,standard,floyd-warshall,5,30.851965,1,LARGE
halide,gemm,0.900136,,invalid,1,LARGE
halide,gemver,18.760040,0.001,valid,1,LARGE
halide,standard,gemver,1,18.705602,1,LARGE
halide,standard,gemver,2,18.799270,1,LARGE
halide,standard,gemver,3,18.671813,1,LARGE
halide,standard,gemver,4,18.615845,1,LARGE
halide,standard,gemver,5,18.645129,1,LARGE
halide,gesummv,0.005888,1.058,valid,1,LARGE
halide,standard,gesummv,1,0.005892,1,LARGE
halide,standard,gesummv,2,0.005895,1,LARGE
halide,standard,gesummv,3,0.005884,1,LARGE
halide,standard,gesummv,4,0.005946,1,LARGE
halide,standard,gesummv,5,0.005948,1,LARGE
halide,gramschmidt,,,illegal,1,LARGE
halide,heat-3d,8.166178,0.238,valid,1,LARGE
halide,standard,heat-3d,1,8.129321,1,LARGE
halide,standard,heat-3d,2,8.131161,1,LARGE
halide,standard,heat-3d,3,8.099812,1,LARGE
halide,standard,heat-3d,4,8.103317,1,LARGE
halide,standard,heat-3d,5,8.138735,1,LARGE
halide,jacobi-1d,0.006224,,invalid,1,LARGE
halide,jacobi-2d,,,illegal,1,LARGE
halide,lu,8.112859,0.540,valid,1,LARGE
halide,standard,lu,1,8.165159,1,LARGE
halide,standard,lu,2,8.179320,1,LARGE
halide,standard,lu,3,8.126542,1,LARGE
halide,standard,lu,4,8.118273,1,LARGE
halide,standard,lu,5,8.138219,1,LARGE
halide,ludcmp,4.401884,1.004,valid,1,LARGE
halide,standard,ludcmp,1,4.370107,1,LARGE
halide,standard,ludcmp,2,4.375899,1,LARGE
halide,standard,ludcmp,3,4.321116,1,LARGE
halide,standard,ludcmp,4,4.402729,1,LARGE
halide,standard,ludcmp,5,4.320596,1,LARGE
halide,mvt,0.016920,0.868,valid,1,LARGE
halide,standard,mvt,1,0.017132,1,LARGE
halide,standard,mvt,2,0.016966,1,LARGE
halide,standard,mvt,3,0.016897,1,LARGE
halide,standard,mvt,4,0.016941,1,LARGE
halide,standard,mvt,5,0.017197,1,LARGE
halide,nussinov,,,illegal,1,LARGE
halide,seidel-2d,6.756588,4.021,valid,1,LARGE
halide,standard,seidel-2d,1,6.719047,1,LARGE
halide,standard,seidel-2d,2,6.699967,1,LARGE
halide,standard,seidel-2d,3,6.721335,1,LARGE
halide,standard,seidel-2d,4,6.748102,1,LARGE
halide,standard,seidel-2d,5,6.687757,1,LARGE
halide,symm,2.293979,0.692,valid,1,LARGE
halide,standard,symm,1,2.292025,1,LARGE
halide,standard,symm,2,2.309204,1,LARGE
halide,standard,symm,3,2.310681,1,LARGE
halide,standard,symm,4,2.315579,1,LARGE
halide,standard,symm,5,2.314673,1,LARGE
halide,syr2k,1.415053,,invalid,1,LARGE
halide,syrk,0.810173,0.814,valid,1,LARGE
halide,standard,syrk,1,0.811796,1,LARGE
halide,standard,syrk,2,0.812869,1,LARGE
halide,standard,syrk,3,0.812076,1,LARGE
halide,standard,syrk,4,0.809390,1,LARGE
halide,standard,syrk,5,0.812425,1,LARGE
halide,trisolv,0.009012,,invalid,1,LARGE
halide,trmm,1.111864,0.889,valid,1,LARGE
halide,standard,trmm,1,1.111199,1,LARGE
halide,standard,trmm,2,1.110915,1,LARGE
halide,standard,trmm,3,1.111197,1,LARGE
halide,standard,trmm,4,1.120676,1,LARGE
halide,standard,trmm,5,1.115626,1,LARGE
-- The CXX compiler identification is GNU 15.2.0
-- Detecting CXX compiler ABI info
-- Detecting CXX compiler ABI info - done
-- Check for working CXX compiler: /usr/local/latestgcc/bin/g++ - skipped
-- Detecting CXX compile features
-- Detecting CXX compile features - done
-- Found Python: /home/kleplj/translation/gpt-querying/.venv/bin/python3.9 (found suitable version "3.9.21", minimum required is "3") found components: Interpreter Development.Module
-- Halide 'host' platform triple:   x86-64-linux
-- Halide 'cmake' platform triple:  x86-64-linux
-- Halide default AOT target:       host
-- Found ZLIB: /usr/lib64/libz.so (found version "1.2.11")
-- Could NOT find PNG (missing: PNG_LIBRARY PNG_PNG_INCLUDE_DIR) 
-- Could NOT find JPEG (missing: JPEG_LIBRARY JPEG_INCLUDE_DIR) 
-- Configuring done (0.7s)
-- Generating done (0.7s)
-- Build files have been written to: /home/kleplj/translation/PolybenchC-Halide/build
[ 11%] Building CXX object CMakeFiles/gemm.dir/linear-algebra/blas/gemm/gemm.cpp.o
[ 11%] Building CXX object CMakeFiles/symm.dir/linear-algebra/blas/symm/symm.cpp.o
[ 11%] Building CXX object CMakeFiles/covariance.dir/datamining/covariance/covariance.cpp.o
[ 11%] Building CXX object CMakeFiles/correlation.dir/datamining/correlation/correlation.cpp.o
[ 11%] Building CXX object CMakeFiles/gesummv.dir/linear-algebra/blas/gesummv/gesummv.cpp.o
[ 25%] Building CXX object CMakeFiles/syr2k.dir/linear-algebra/blas/syr2k/syr2k.cpp.o
[ 25%] Building CXX object CMakeFiles/syrk.dir/linear-algebra/blas/syrk/syrk.cpp.o
[ 25%] Building CXX object CMakeFiles/mvt.dir/linear-algebra/kernels/mvt/mvt.cpp.o
[ 25%] Building CXX object CMakeFiles/3mm.dir/linear-algebra/kernels/3mm/3mm.cpp.o
[ 25%] Building CXX object CMakeFiles/2mm.dir/linear-algebra/kernels/2mm/2mm.cpp.o
[ 25%] Building CXX object CMakeFiles/gemver.dir/linear-algebra/blas/gemver/gemver.cpp.o
[ 25%] Building CXX object CMakeFiles/trmm.dir/linear-algebra/blas/trmm/trmm.cpp.o
[ 43%] Building CXX object CMakeFiles/trisolv.dir/linear-algebra/solvers/trisolv/trisolv.cpp.o
[ 50%] Building CXX object CMakeFiles/floyd-warshall.dir/medley/floyd-warshall/floyd-warshall.cpp.o
[ 50%] Building CXX object CMakeFiles/lu.dir/linear-algebra/solvers/lu/lu.cpp.o
[ 50%] Building CXX object CMakeFiles/doitgen.dir/linear-algebra/kernels/doitgen/doitgen.cpp.o
[ 50%] Building CXX object CMakeFiles/bicg.dir/linear-algebra/kernels/bicg/bicg.cpp.o
[ 50%] Building CXX object CMakeFiles/cholesky.dir/linear-algebra/solvers/cholesky/cholesky.cpp.o
[ 50%] Building CXX object CMakeFiles/atax.dir/linear-algebra/kernels/atax/atax.cpp.o
[ 50%] Building CXX object CMakeFiles/jacobi-1d.dir/stencils/jacobi-1d/jacobi-1d.cpp.o
[ 50%] Building CXX object CMakeFiles/heat-3d.dir/stencils/heat-3d/heat-3d.cpp.o
[ 50%] Building CXX object CMakeFiles/deriche.dir/medley/deriche/deriche.cpp.o
[ 50%] Building CXX object CMakeFiles/adi.dir/stencils/adi/adi.cpp.o
[ 50%] Building CXX object CMakeFiles/durbin.dir/linear-algebra/solvers/durbin/durbin.cpp.o
[ 50%] Building CXX object CMakeFiles/fdtd-2d.dir/stencils/fdtd-2d/fdtd-2d.cpp.o
[ 50%] Building CXX object CMakeFiles/gramschmidt.dir/linear-algebra/solvers/gramschmidt/gramschmidt.cpp.o
[ 50%] Building CXX object CMakeFiles/ludcmp.dir/linear-algebra/solvers/ludcmp/ludcmp.cpp.o
[ 50%] Building CXX object CMakeFiles/nussinov.dir/medley/nussinov/nussinov.cpp.o
[ 50%] Building CXX object CMakeFiles/seidel-2d.dir/stencils/seidel-2d/seidel-2d.cpp.o
[ 50%] Building CXX object CMakeFiles/jacobi-2d.dir/stencils/jacobi-2d/jacobi-2d.cpp.o
[ 51%] Linking CXX executable adi
[ 53%] Linking CXX executable floyd-warshall
[ 53%] Built target adi
[ 55%] Linking CXX executable covariance
[ 55%] Built target floyd-warshall
[ 56%] Linking CXX executable syrk
[ 58%] Linking CXX executable 3mm
[ 60%] Linking CXX executable jacobi-1d
[ 60%] Built target covariance
[ 61%] Linking CXX executable gemm
[ 63%] Linking CXX executable symm
[ 63%] Built target syrk
[ 63%] Built target 3mm
[ 63%] Built target jacobi-1d
[ 65%] Linking CXX executable durbin
[ 66%] Linking CXX executable correlation
[ 68%] Linking CXX executable syr2k
[ 68%] Built target gemm
[ 70%] Linking CXX executable 2mm
[ 71%] Linking CXX executable heat-3d
[ 71%] Built target symm
[ 71%] Built target durbin
[ 71%] Built target syr2k
[ 71%] Built target correlation
[ 71%] Built target 2mm
[ 71%] Built target heat-3d
[ 73%] Linking CXX executable gesummv
[ 75%] Linking CXX executable cholesky
[ 75%] Built target gesummv
[ 75%] Built target cholesky
[ 76%] Linking CXX executable atax
[ 78%] Linking CXX executable doitgen
[ 80%] Linking CXX executable bicg
[ 81%] Linking CXX executable mvt
[ 81%] Built target atax
[ 81%] Built target doitgen
[ 83%] Linking CXX executable trisolv
[ 83%] Built target bicg
[ 83%] Built target mvt
[ 83%] Built target trisolv
[ 85%] Linking CXX executable ludcmp
[ 85%] Built target ludcmp
halide,2mm,1.116636,2.323,valid,2,LARGE
halide,standard,2mm,1,1.116550,2,LARGE
halide,standard,2mm,2,1.117008,2,LARGE
halide,standard,2mm,3,1.117018,2,LARGE
halide,standard,2mm,4,1.121050,2,LARGE
halide,standard,2mm,5,1.117780,2,LARGE
halide,3mm,,,illegal,2,LARGE
halide,adi,12.594460,0.825,valid,2,LARGE
halide,standard,adi,1,12.589467,2,LARGE
halide,standard,adi,2,12.598414,2,LARGE
halide,standard,adi,3,12.586643,2,LARGE
halide,standard,adi,4,12.608662,2,LARGE
halide,standard,adi,5,12.582830,2,LARGE
halide,atax,0.009831,0.876,valid,2,LARGE
halide,standard,atax,1,0.009808,2,LARGE
halide,standard,atax,2,0.009835,2,LARGE
halide,standard,atax,3,0.009942,2,LARGE
halide,standard,atax,4,0.009918,2,LARGE
halide,standard,atax,5,0.009713,2,LARGE
halide,bicg,0.011195,1.314,valid,2,LARGE
halide,standard,bicg,1,0.011142,2,LARGE
halide,standard,bicg,2,0.011133,2,LARGE
halide,standard,bicg,3,0.011091,2,LARGE
halide,standard,bicg,4,0.011107,2,LARGE
halide,standard,bicg,5,0.011109,2,LARGE
halide,cholesky,3.595807,,invalid,2,LARGE
halide,correlation,,,illegal,2,LARGE
halide,covariance,3.388570,0.499,valid,2,LARGE
halide,standard,covariance,1,3.391805,2,LARGE
halide,standard,covariance,2,3.417102,2,LARGE
halide,standard,covariance,3,3.436154,2,LARGE
halide,standard,covariance,4,3.384499,2,LARGE
halide,standard,covariance,5,3.439370,2,LARGE
halide,deriche,,,illegal,2,LARGE
halide,doitgen,0.688419,,invalid,2,LARGE
halide,durbin,,,illegal,2,LARGE
halide,fdtd-2d,,,illegal,2,LARGE
halide,floyd-warshall,31.076048,0.728,valid,2,LARGE
halide,standard,floyd-warshall,1,30.961799,2,LARGE
halide,standard,floyd-warshall,2,30.629593,2,LARGE
halide,standard,floyd-warshall,3,30.628055,2,LARGE
halide,standard,floyd-warshall,4,30.660383,2,LARGE
halide,standard,floyd-warshall,5,30.884266,2,LARGE
halide,gemm,0.900303,0.499,valid,2,LARGE
halide,standard,gemm,1,0.900123,2,LARGE
halide,standard,gemm,2,0.900286,2,LARGE
halide,standard,gemm,3,0.899978,2,LARGE
halide,standard,gemm,4,0.900704,2,LARGE
halide,standard,gemm,5,0.900588,2,LARGE
halide,gemver,,,illegal,2,LARGE
halide,gesummv,0.005229,1.190,valid,2,LARGE
halide,standard,gesummv,1,0.005251,2,LARGE
halide,standard,gesummv,2,0.005305,2,LARGE
halide,standard,gesummv,3,0.005324,2,LARGE
halide,standard,gesummv,4,0.005333,2,LARGE
halide,standard,gesummv,5,0.005263,2,LARGE
halide,gramschmidt,,,illegal,2,LARGE
halide,heat-3d,7.054583,0.277,valid,2,LARGE
halide,standard,heat-3d,1,7.044223,2,LARGE
halide,standard,heat-3d,2,7.070233,2,LARGE
halide,standard,heat-3d,3,7.047353,2,LARGE
halide,standard,heat-3d,4,7.130380,2,LARGE
halide,standard,heat-3d,5,7.049336,2,LARGE
halide,jacobi-1d,0.001657,0.562,valid,2,LARGE
halide,standard,jacobi-1d,1,0.001656,2,LARGE
halide,standard,jacobi-1d,2,0.001643,2,LARGE
halide,standard,jacobi-1d,3,0.001641,2,LARGE
halide,standard,jacobi-1d,4,0.001637,2,LARGE
halide,standard,jacobi-1d,5,0.001637,2,LARGE
halide,jacobi-2d,,,illegal,2,LARGE
halide,lu,,,illegal,2,LARGE
halide,ludcmp,11.859465,,invalid,2,LARGE
halide,mvt,0.011552,1.257,valid,2,LARGE
halide,standard,mvt,1,0.011599,2,LARGE
halide,standard,mvt,2,0.011607,2,LARGE
halide,standard,mvt,3,0.011566,2,LARGE
halide,standard,mvt,4,0.011641,2,LARGE
halide,standard,mvt,5,0.011533,2,LARGE
halide,nussinov,,,illegal,2,LARGE
halide,seidel-2d,,,illegal,2,LARGE
halide,symm,0.824694,1.907,valid,2,LARGE
halide,standard,symm,1,0.827604,2,LARGE
halide,standard,symm,2,0.826202,2,LARGE
halide,standard,symm,3,0.823631,2,LARGE
halide,standard,symm,4,0.827449,2,LARGE
halide,standard,symm,5,0.825486,2,LARGE
halide,syr2k,1.419404,0.933,valid,2,LARGE
halide,standard,syr2k,1,1.417797,2,LARGE
halide,standard,syr2k,2,1.411792,2,LARGE
halide,standard,syr2k,3,1.420616,2,LARGE
halide,standard,syr2k,4,1.420462,2,LARGE
halide,standard,syr2k,5,1.419882,2,LARGE
halide,syrk,0.811550,0.813,valid,2,LARGE
halide,standard,syrk,1,0.814992,2,LARGE
halide,standard,syrk,2,0.812534,2,LARGE
halide,standard,syrk,3,0.810475,2,LARGE
halide,standard,syrk,4,0.810994,2,LARGE
halide,standard,syrk,5,0.810181,2,LARGE
halide,trisolv,0.005937,0.524,valid,2,LARGE
halide,standard,trisolv,1,0.005989,2,LARGE
halide,standard,trisolv,2,0.005977,2,LARGE
halide,standard,trisolv,3,0.005933,2,LARGE
halide,standard,trisolv,4,0.005991,2,LARGE
halide,standard,trisolv,5,0.006051,2,LARGE
halide,trmm,,,illegal,2,LARGE
-- The CXX compiler identification is GNU 15.2.0
-- Detecting CXX compiler ABI info
-- Detecting CXX compiler ABI info - done
-- Check for working CXX compiler: /usr/local/latestgcc/bin/g++ - skipped
-- Detecting CXX compile features
-- Detecting CXX compile features - done
-- Found Python: /home/kleplj/translation/gpt-querying/.venv/bin/python3.9 (found suitable version "3.9.21", minimum required is "3") found components: Interpreter Development.Module
-- Halide 'host' platform triple:   x86-64-linux
-- Halide 'cmake' platform triple:  x86-64-linux
-- Halide default AOT target:       host
-- Found ZLIB: /usr/lib64/libz.so (found version "1.2.11")
-- Could NOT find PNG (missing: PNG_LIBRARY PNG_PNG_INCLUDE_DIR) 
-- Could NOT find JPEG (missing: JPEG_LIBRARY JPEG_INCLUDE_DIR) 
-- Configuring done (0.7s)
-- Generating done (0.7s)
-- Build files have been written to: /home/kleplj/translation/PolybenchC-Halide/build
[  6%] Building CXX object CMakeFiles/correlation.dir/datamining/correlation/correlation.cpp.o
[ 11%] Building CXX object CMakeFiles/gesummv.dir/linear-algebra/blas/gesummv/gesummv.cpp.o
[ 11%] Building CXX object CMakeFiles/gemm.dir/linear-algebra/blas/gemm/gemm.cpp.o
[ 11%] Building CXX object CMakeFiles/covariance.dir/datamining/covariance/covariance.cpp.o
[ 20%] Building CXX object CMakeFiles/gemver.dir/linear-algebra/blas/gemver/gemver.cpp.o
[ 20%] Building CXX object CMakeFiles/symm.dir/linear-algebra/blas/symm/symm.cpp.o
[ 20%] Building CXX object CMakeFiles/syrk.dir/linear-algebra/blas/syrk/syrk.cpp.o
[ 20%] Building CXX object CMakeFiles/trmm.dir/linear-algebra/blas/trmm/trmm.cpp.o
[ 20%] Building CXX object CMakeFiles/syr2k.dir/linear-algebra/blas/syr2k/syr2k.cpp.o
[ 35%] Building CXX object CMakeFiles/2mm.dir/linear-algebra/kernels/2mm/2mm.cpp.o
[ 50%] Building CXX object CMakeFiles/lu.dir/linear-algebra/solvers/lu/lu.cpp.o
[ 50%] Building CXX object CMakeFiles/gramschmidt.dir/linear-algebra/solvers/gramschmidt/gramschmidt.cpp.o
[ 50%] Building CXX object CMakeFiles/doitgen.dir/linear-algebra/kernels/doitgen/doitgen.cpp.o
[ 50%] Building CXX object CMakeFiles/ludcmp.dir/linear-algebra/solvers/ludcmp/ludcmp.cpp.o
[ 50%] Building CXX object CMakeFiles/durbin.dir/linear-algebra/solvers/durbin/durbin.cpp.o
[ 50%] Building CXX object CMakeFiles/deriche.dir/medley/deriche/deriche.cpp.o
[ 50%] Building CXX object CMakeFiles/nussinov.dir/medley/nussinov/nussinov.cpp.o
[ 50%] Building CXX object CMakeFiles/fdtd-2d.dir/stencils/fdtd-2d/fdtd-2d.cpp.o
[ 50%] Building CXX object CMakeFiles/jacobi-2d.dir/stencils/jacobi-2d/jacobi-2d.cpp.o
[ 50%] Building CXX object CMakeFiles/floyd-warshall.dir/medley/floyd-warshall/floyd-warshall.cpp.o
[ 50%] Building CXX object CMakeFiles/bicg.dir/linear-algebra/kernels/bicg/bicg.cpp.o
[ 50%] Building CXX object CMakeFiles/atax.dir/linear-algebra/kernels/atax/atax.cpp.o
[ 50%] Building CXX object CMakeFiles/mvt.dir/linear-algebra/kernels/mvt/mvt.cpp.o
[ 50%] Building CXX object CMakeFiles/3mm.dir/linear-algebra/kernels/3mm/3mm.cpp.o
[ 50%] Building CXX object CMakeFiles/adi.dir/stencils/adi/adi.cpp.o
[ 50%] Building CXX object CMakeFiles/heat-3d.dir/stencils/heat-3d/heat-3d.cpp.o
[ 50%] Building CXX object CMakeFiles/trisolv.dir/linear-algebra/solvers/trisolv/trisolv.cpp.o
[ 50%] Building CXX object CMakeFiles/seidel-2d.dir/stencils/seidel-2d/seidel-2d.cpp.o
[ 50%] Building CXX object CMakeFiles/cholesky.dir/linear-algebra/solvers/cholesky/cholesky.cpp.o
[ 50%] Building CXX object CMakeFiles/jacobi-1d.dir/stencils/jacobi-1d/jacobi-1d.cpp.o
[ 51%] Linking CXX executable adi
[ 51%] Built target adi
[ 53%] Linking CXX executable floyd-warshall
[ 55%] Linking CXX executable syrk
[ 56%] Linking CXX executable gemm
[ 58%] Linking CXX executable jacobi-2d
[ 60%] Linking CXX executable seidel-2d
[ 60%] Built target floyd-warshall
[ 61%] Linking CXX executable correlation
[ 63%] Linking CXX executable syr2k
[ 63%] Built target syrk
[ 65%] Linking CXX executable symm
[ 65%] Built target gemm
[ 65%] Built target jacobi-2d
[ 65%] Built target seidel-2d
[ 66%] Linking CXX executable heat-3d
[ 68%] Linking CXX executable 2mm
[ 68%] Built target correlation
[ 68%] Built target syr2k
[ 68%] Built target symm
[ 70%] Linking CXX executable 3mm
[ 70%] Built target heat-3d
[ 70%] Built target 2mm
[ 71%] Linking CXX executable cholesky
[ 71%] Built target 3mm
[ 73%] Linking CXX executable doitgen
[ 73%] Built target cholesky
[ 75%] Linking CXX executable atax
[ 76%] Linking CXX executable nussinov
[ 78%] Linking CXX executable lu
[ 80%] Linking CXX executable gesummv
[ 80%] Built target doitgen
[ 80%] Built target atax
[ 80%] Built target nussinov
[ 80%] Built target lu
[ 80%] Built target gesummv
[ 81%] Linking CXX executable mvt
[ 83%] Linking CXX executable trisolv
[ 83%] Built target mvt
[ 85%] Linking CXX executable gramschmidt
[ 85%] Built target trisolv
[ 85%] Built target gramschmidt
[ 86%] Linking CXX executable bicg
[ 86%] Built target bicg
[ 88%] Linking CXX executable fdtd-2d
[ 88%] Built target fdtd-2d
[ 90%] Linking CXX executable ludcmp
[ 90%] Built target ludcmp
halide,2mm,2.552674,1.010,valid,3,LARGE
halide,standard,2mm,1,2.547411,3,LARGE
halide,standard,2mm,2,2.581746,3,LARGE
halide,standard,2mm,3,2.581586,3,LARGE
halide,standard,2mm,4,2.568753,3,LARGE
halide,standard,2mm,5,2.569017,3,LARGE
halide,3mm,1.840027,2.139,valid,3,LARGE
halide,standard,3mm,1,1.839804,3,LARGE
halide,standard,3mm,2,1.844223,3,LARGE
halide,standard,3mm,3,1.840943,3,LARGE
halide,standard,3mm,4,1.842170,3,LARGE
halide,standard,3mm,5,1.848582,3,LARGE
halide,adi,12.481606,0.833,valid,3,LARGE
halide,standard,adi,1,12.495756,3,LARGE
halide,standard,adi,2,12.484187,3,LARGE
halide,standard,adi,3,12.497696,3,LARGE
halide,standard,adi,4,12.497127,3,LARGE
halide,standard,adi,5,12.515933,3,LARGE
halide,atax,0.009808,0.874,valid,3,LARGE
halide,standard,atax,1,0.009847,3,LARGE
halide,standard,atax,2,0.009908,3,LARGE
halide,standard,atax,3,0.009910,3,LARGE
halide,standard,atax,4,0.009879,3,LARGE
halide,standard,atax,5,0.009779,3,LARGE
halide,bicg,0.015436,0.949,valid,3,LARGE
halide,standard,bicg,1,0.015339,3,LARGE
halide,standard,bicg,2,0.015478,3,LARGE
halide,standard,bicg,3,0.015380,3,LARGE
halide,standard,bicg,4,0.015331,3,LARGE
halide,standard,bicg,5,0.015475,3,LARGE
halide,cholesky,3.743934,,invalid,3,LARGE
halide,correlation,,,illegal,3,LARGE
halide,covariance,,,illegal,3,LARGE
halide,deriche,,,illegal,3,LARGE
halide,doitgen,0.688497,1.081,valid,3,LARGE
halide,standard,doitgen,1,0.688337,3,LARGE
halide,standard,doitgen,2,0.688338,3,LARGE
halide,standard,doitgen,3,0.688515,3,LARGE
halide,standard,doitgen,4,0.688460,3,LARGE
halide,standard,doitgen,5,0.688388,3,LARGE
halide,durbin,,,illegal,3,LARGE
halide,fdtd-2d,5.228326,0.329,valid,3,LARGE
halide,standard,fdtd-2d,1,5.264963,3,LARGE
halide,standard,fdtd-2d,2,5.274098,3,LARGE
halide,standard,fdtd-2d,3,5.291256,3,LARGE
halide,standard,fdtd-2d,4,5.254178,3,LARGE
halide,standard,fdtd-2d,5,5.296350,3,LARGE
halide,floyd-warshall,30.900562,0.733,valid,3,LARGE
halide,standard,floyd-warshall,1,30.719461,3,LARGE
halide,standard,floyd-warshall,2,30.723666,3,LARGE
halide,standard,floyd-warshall,3,30.701593,3,LARGE
halide,standard,floyd-warshall,4,30.763128,3,LARGE
halide,standard,floyd-warshall,5,31.149771,3,LARGE
halide,gemm,0.900341,0.497,valid,3,LARGE
halide,standard,gemm,1,0.901998,3,LARGE
halide,standard,gemm,2,0.899014,3,LARGE
halide,standard,gemm,3,0.899362,3,LARGE
halide,standard,gemm,4,0.901793,3,LARGE
halide,standard,gemm,5,0.899002,3,LARGE
halide,gemver,,,illegal,3,LARGE
halide,gesummv,0.005914,1.060,valid,3,LARGE
halide,standard,gesummv,1,0.005876,3,LARGE
halide,standard,gesummv,2,0.005886,3,LARGE
halide,standard,gesummv,3,0.005957,3,LARGE
halide,standard,gesummv,4,0.005893,3,LARGE
halide,standard,gesummv,5,0.005952,3,LARGE
halide,gramschmidt,7.278775,,invalid,3,LARGE
halide,heat-3d,10.254230,0.189,valid,3,LARGE
halide,standard,heat-3d,1,10.252241,3,LARGE
halide,standard,heat-3d,2,10.236667,3,LARGE
halide,standard,heat-3d,3,10.240227,3,LARGE
halide,standard,heat-3d,4,10.243034,3,LARGE
halide,standard,heat-3d,5,10.238617,3,LARGE
halide,jacobi-1d,,,illegal,3,LARGE
halide,jacobi-2d,6.793463,0.242,valid,3,LARGE
halide,standard,jacobi-2d,1,6.784489,3,LARGE
halide,standard,jacobi-2d,2,6.782410,3,LARGE
halide,standard,jacobi-2d,3,6.786818,3,LARGE
halide,standard,jacobi-2d,4,6.824066,3,LARGE
halide,standard,jacobi-2d,5,6.787521,3,LARGE
halide,lu,7.745366,,invalid,3,LARGE
halide,ludcmp,7.781863,0.561,valid,3,LARGE
halide,standard,ludcmp,1,7.810778,3,LARGE
halide,standard,ludcmp,2,7.826583,3,LARGE
halide,standard,ludcmp,3,7.774824,3,LARGE
halide,standard,ludcmp,4,7.884542,3,LARGE
halide,standard,ludcmp,5,7.775911,3,LARGE
halide,mvt,0.017165,0.848,valid,3,LARGE
halide,standard,mvt,1,0.017230,3,LARGE
halide,standard,mvt,2,0.017001,3,LARGE
halide,standard,mvt,3,0.016982,3,LARGE
halide,standard,mvt,4,0.017024,3,LARGE
halide,standard,mvt,5,0.016978,3,LARGE
halide,nussinov,21.691901,0.354,valid,3,LARGE
halide,standard,nussinov,1,21.914719,3,LARGE
halide,standard,nussinov,2,21.789877,3,LARGE
halide,standard,nussinov,3,21.835507,3,LARGE
halide,standard,nussinov,4,21.688433,3,LARGE
halide,standard,nussinov,5,21.912609,3,LARGE
halide,seidel-2d,3.631653,7.481,valid,3,LARGE
halide,standard,seidel-2d,1,3.770554,3,LARGE
halide,standard,seidel-2d,2,3.992913,3,LARGE
halide,standard,seidel-2d,3,3.843086,3,LARGE
halide,standard,seidel-2d,4,3.935951,3,LARGE
halide,standard,seidel-2d,5,3.838147,3,LARGE
halide,symm,2.234168,0.704,valid,3,LARGE
halide,standard,symm,1,2.250004,3,LARGE
halide,standard,symm,2,2.225762,3,LARGE
halide,standard,symm,3,2.225742,3,LARGE
halide,standard,symm,4,2.227995,3,LARGE
halide,standard,symm,5,2.255841,3,LARGE
halide,syr2k,1.419693,0.931,valid,3,LARGE
halide,standard,syr2k,1,1.421882,3,LARGE
halide,standard,syr2k,2,1.423584,3,LARGE
halide,standard,syr2k,3,1.419485,3,LARGE
halide,standard,syr2k,4,1.424317,3,LARGE
halide,standard,syr2k,5,1.420486,3,LARGE
halide,syrk,0.811136,0.809,valid,3,LARGE
halide,standard,syrk,1,0.809562,3,LARGE
halide,standard,syrk,2,0.813750,3,LARGE
halide,standard,syrk,3,0.812694,3,LARGE
halide,standard,syrk,4,0.813652,3,LARGE
halide,standard,syrk,5,0.811997,3,LARGE
halide,trisolv,0.006003,0.518,valid,3,LARGE
halide,standard,trisolv,1,0.005939,3,LARGE
halide,standard,trisolv,2,0.005923,3,LARGE
halide,standard,trisolv,3,0.005959,3,LARGE
halide,standard,trisolv,4,0.005983,3,LARGE
halide,standard,trisolv,5,0.005946,3,LARGE
halide,trmm,,,illegal,3,LARGE
-- The CXX compiler identification is GNU 15.2.0
-- Detecting CXX compiler ABI info
-- Detecting CXX compiler ABI info - done
-- Check for working CXX compiler: /usr/local/latestgcc/bin/g++ - skipped
-- Detecting CXX compile features
-- Detecting CXX compile features - done
-- Found Python: /home/kleplj/translation/gpt-querying/.venv/bin/python3.9 (found suitable version "3.9.21", minimum required is "3") found components: Interpreter Development.Module
-- Halide 'host' platform triple:   x86-64-linux
-- Halide 'cmake' platform triple:  x86-64-linux
-- Halide default AOT target:       host
-- Found ZLIB: /usr/lib64/libz.so (found version "1.2.11")
-- Could NOT find PNG (missing: PNG_LIBRARY PNG_PNG_INCLUDE_DIR) 
-- Could NOT find JPEG (missing: JPEG_LIBRARY JPEG_INCLUDE_DIR) 
-- Configuring done (0.8s)
-- Generating done (0.7s)
-- Build files have been written to: /home/kleplj/translation/PolybenchC-Halide/build
[ 10%] Building CXX object CMakeFiles/correlation.dir/datamining/correlation/correlation.cpp.o
[ 10%] Building CXX object CMakeFiles/gemver.dir/linear-algebra/blas/gemver/gemver.cpp.o
[ 10%] Building CXX object CMakeFiles/covariance.dir/datamining/covariance/covariance.cpp.o
[ 13%] Building CXX object CMakeFiles/gemm.dir/linear-algebra/blas/gemm/gemm.cpp.o
[ 13%] Building CXX object CMakeFiles/symm.dir/linear-algebra/blas/symm/symm.cpp.o
[ 13%] Building CXX object CMakeFiles/syr2k.dir/linear-algebra/blas/syr2k/syr2k.cpp.o
[ 23%] Building CXX object CMakeFiles/syrk.dir/linear-algebra/blas/syrk/syrk.cpp.o
[ 23%] Building CXX object CMakeFiles/2mm.dir/linear-algebra/kernels/2mm/2mm.cpp.o
[ 23%] Building CXX object CMakeFiles/gesummv.dir/linear-algebra/blas/gesummv/gesummv.cpp.o
[ 23%] Building CXX object CMakeFiles/atax.dir/linear-algebra/kernels/atax/atax.cpp.o
[ 23%] Building CXX object CMakeFiles/3mm.dir/linear-algebra/kernels/3mm/3mm.cpp.o
[ 23%] Building CXX object CMakeFiles/trmm.dir/linear-algebra/blas/trmm/trmm.cpp.o
[ 38%] Building CXX object CMakeFiles/durbin.dir/linear-algebra/solvers/durbin/durbin.cpp.o
[ 50%] Building CXX object CMakeFiles/doitgen.dir/linear-algebra/kernels/doitgen/doitgen.cpp.o
[ 50%] Building CXX object CMakeFiles/mvt.dir/linear-algebra/kernels/mvt/mvt.cpp.o
[ 50%] Building CXX object CMakeFiles/ludcmp.dir/linear-algebra/solvers/ludcmp/ludcmp.cpp.o
[ 50%] Building CXX object CMakeFiles/cholesky.dir/linear-algebra/solvers/cholesky/cholesky.cpp.o
[ 50%] Building CXX object CMakeFiles/gramschmidt.dir/linear-algebra/solvers/gramschmidt/gramschmidt.cpp.o
[ 50%] Building CXX object CMakeFiles/deriche.dir/medley/deriche/deriche.cpp.o
[ 50%] Building CXX object CMakeFiles/bicg.dir/linear-algebra/kernels/bicg/bicg.cpp.o
[ 50%] Building CXX object CMakeFiles/trisolv.dir/linear-algebra/solvers/trisolv/trisolv.cpp.o
[ 50%] Building CXX object CMakeFiles/heat-3d.dir/stencils/heat-3d/heat-3d.cpp.o
[ 50%] Building CXX object CMakeFiles/jacobi-1d.dir/stencils/jacobi-1d/jacobi-1d.cpp.o
[ 50%] Building CXX object CMakeFiles/nussinov.dir/medley/nussinov/nussinov.cpp.o
[ 50%] Building CXX object CMakeFiles/fdtd-2d.dir/stencils/fdtd-2d/fdtd-2d.cpp.o
[ 50%] Building CXX object CMakeFiles/adi.dir/stencils/adi/adi.cpp.o
[ 50%] Building CXX object CMakeFiles/floyd-warshall.dir/medley/floyd-warshall/floyd-warshall.cpp.o
[ 50%] Building CXX object CMakeFiles/lu.dir/linear-algebra/solvers/lu/lu.cpp.o
[ 50%] Building CXX object CMakeFiles/jacobi-2d.dir/stencils/jacobi-2d/jacobi-2d.cpp.o
[ 50%] Building CXX object CMakeFiles/seidel-2d.dir/stencils/seidel-2d/seidel-2d.cpp.o
[ 51%] Linking CXX executable adi
[ 51%] Built target adi
[ 55%] Linking CXX executable floyd-warshall
[ 55%] Linking CXX executable cholesky
[ 56%] Linking CXX executable covariance
[ 58%] Linking CXX executable syrk
[ 58%] Built target cholesky
[ 58%] Built target floyd-warshall
[ 60%] Linking CXX executable syr2k
[ 61%] Linking CXX executable gemm
[ 61%] Built target covariance
[ 63%] Linking CXX executable trmm
[ 63%] Built target syrk
[ 63%] Built target syr2k
[ 63%] Built target gemm
[ 65%] Linking CXX executable correlation
[ 66%] Linking CXX executable jacobi-2d
[ 66%] Built target trmm
[ 68%] Linking CXX executable 2mm
[ 70%] Linking CXX executable 3mm
[ 70%] Built target correlation
[ 70%] Built target jacobi-2d
[ 70%] Built target 2mm
[ 70%] Built target 3mm
[ 73%] Linking CXX executable heat-3d
[ 73%] Linking CXX executable atax
[ 75%] Linking CXX executable durbin
[ 76%] Linking CXX executable gesummv
[ 78%] Linking CXX executable symm
[ 80%] Linking CXX executable bicg
[ 80%] Built target atax
[ 80%] Built target heat-3d
[ 81%] Linking CXX executable doitgen
[ 83%] Linking CXX executable mvt
[ 83%] Built target durbin
[ 83%] Built target gesummv
[ 83%] Built target symm
[ 83%] Built target bicg
[ 85%] Linking CXX executable trisolv
[ 85%] Built target doitgen
[ 85%] Built target mvt
[ 85%] Built target trisolv
[ 86%] Linking CXX executable nussinov
[ 86%] Built target nussinov
[ 88%] Linking CXX executable gemver
[ 90%] Linking CXX executable fdtd-2d
[ 90%] Built target gemver
[ 91%] Linking CXX executable gramschmidt
[ 91%] Built target fdtd-2d
[ 93%] Linking CXX executable ludcmp
[ 93%] Built target gramschmidt
[ 93%] Built target ludcmp
halide,2mm,,,illegal,4,LARGE
halide,3mm,1.751244,2.231,valid,4,LARGE
halide,standard,3mm,1,1.751210,4,LARGE
halide,standard,3mm,2,1.753158,4,LARGE
halide,standard,3mm,3,1.752974,4,LARGE
halide,standard,3mm,4,1.752130,4,LARGE
halide,standard,3mm,5,1.752162,4,LARGE
halide,adi,12.597667,,invalid,4,LARGE
halide,atax,0.015132,0.566,valid,4,LARGE
halide,standard,atax,1,0.015193,4,LARGE
halide,standard,atax,2,0.015095,4,LARGE
halide,standard,atax,3,0.015149,4,LARGE
halide,standard,atax,4,0.015005,4,LARGE
halide,standard,atax,5,0.015203,4,LARGE
halide,bicg,0.015573,0.941,valid,4,LARGE
halide,standard,bicg,1,0.015545,4,LARGE
halide,standard,bicg,2,0.015563,4,LARGE
halide,standard,bicg,3,0.015598,4,LARGE
halide,standard,bicg,4,0.015567,4,LARGE
halide,standard,bicg,5,0.015585,4,LARGE
halide,cholesky,1.906626,,invalid,4,LARGE
halide,correlation,3.394680,0.500,valid,4,LARGE
halide,standard,correlation,1,3.389613,4,LARGE
halide,standard,correlation,2,3.382446,4,LARGE
halide,standard,correlation,3,3.379516,4,LARGE
halide,standard,correlation,4,3.371307,4,LARGE
halide,standard,correlation,5,3.371161,4,LARGE
halide,covariance,,,illegal,4,LARGE
halide,deriche,,,illegal,4,LARGE
halide,doitgen,0.330877,2.252,valid,4,LARGE
halide,standard,doitgen,1,0.332005,4,LARGE
halide,standard,doitgen,2,0.330726,4,LARGE
halide,standard,doitgen,3,0.330755,4,LARGE
halide,standard,doitgen,4,0.330976,4,LARGE
halide,standard,doitgen,5,0.330787,4,LARGE
halide,durbin,0.007350,0.524,valid,4,LARGE
halide,standard,durbin,1,0.007397,4,LARGE
halide,standard,durbin,2,0.007522,4,LARGE
halide,standard,durbin,3,0.007369,4,LARGE
halide,standard,durbin,4,0.007326,4,LARGE
halide,standard,durbin,5,0.007373,4,LARGE
halide,fdtd-2d,5.364002,,invalid,4,LARGE
halide,floyd-warshall,31.031830,0.730,valid,4,LARGE
halide,standard,floyd-warshall,1,30.563011,4,LARGE
halide,standard,floyd-warshall,2,31.029197,4,LARGE
halide,standard,floyd-warshall,3,30.574794,4,LARGE
halide,standard,floyd-warshall,4,30.487671,4,LARGE
halide,standard,floyd-warshall,5,30.648093,4,LARGE
halide,gemm,0.901022,0.498,valid,4,LARGE
halide,standard,gemm,1,0.895610,4,LARGE
halide,standard,gemm,2,0.899750,4,LARGE
halide,standard,gemm,3,0.902141,4,LARGE
halide,standard,gemm,4,0.899046,4,LARGE
halide,standard,gemm,5,0.902242,4,LARGE
halide,gemver,0.027174,0.648,valid,4,LARGE
halide,standard,gemver,1,0.027092,4,LARGE
halide,standard,gemver,2,0.026977,4,LARGE
halide,standard,gemver,3,0.028310,4,LARGE
halide,standard,gemver,4,0.027200,4,LARGE
halide,standard,gemver,5,0.027088,4,LARGE
halide,gesummv,0.005880,1.057,valid,4,LARGE
halide,standard,gesummv,1,0.005935,4,LARGE
halide,standard,gesummv,2,0.005883,4,LARGE
halide,standard,gesummv,3,0.005915,4,LARGE
halide,standard,gesummv,4,0.005930,4,LARGE
halide,standard,gesummv,5,0.005893,4,LARGE
halide,gramschmidt,,,illegal,4,LARGE
halide,heat-3d,4.279346,0.452,valid,4,LARGE
halide,standard,heat-3d,1,4.286368,4,LARGE
halide,standard,heat-3d,2,4.287649,4,LARGE
halide,standard,heat-3d,3,4.274830,4,LARGE
halide,standard,heat-3d,4,4.260849,4,LARGE
halide,standard,heat-3d,5,4.280027,4,LARGE
halide,jacobi-1d,,,illegal,4,LARGE
halide,jacobi-2d,2.893563,0.571,valid,4,LARGE
halide,standard,jacobi-2d,1,2.898405,4,LARGE
halide,standard,jacobi-2d,2,2.902821,4,LARGE
halide,standard,jacobi-2d,3,2.888688,4,LARGE
halide,standard,jacobi-2d,4,2.908539,4,LARGE
halide,standard,jacobi-2d,5,2.906790,4,LARGE
halide,lu,,,illegal,4,LARGE
halide,ludcmp,8.131801,0.547,valid,4,LARGE
halide,standard,ludcmp,1,8.108555,4,LARGE
halide,standard,ludcmp,2,8.143758,4,LARGE
halide,standard,ludcmp,3,8.037472,4,LARGE
halide,standard,ludcmp,4,8.088988,4,LARGE
halide,standard,ludcmp,5,8.029644,4,LARGE
halide,mvt,0.017152,0.848,valid,4,LARGE
halide,standard,mvt,1,0.017009,4,LARGE
halide,standard,mvt,2,0.017010,4,LARGE
halide,standard,mvt,3,0.017254,4,LARGE
halide,standard,mvt,4,0.016962,4,LARGE
halide,standard,mvt,5,0.016912,4,LARGE
halide,nussinov,7.995568,0.961,valid,4,LARGE
halide,standard,nussinov,1,8.065108,4,LARGE
halide,standard,nussinov,2,8.017077,4,LARGE
halide,standard,nussinov,3,7.959941,4,LARGE
halide,standard,nussinov,4,8.084398,4,LARGE
halide,standard,nussinov,5,8.051600,4,LARGE
halide,seidel-2d,,,illegal,4,LARGE
halide,symm,2.328872,0.682,valid,4,LARGE
halide,standard,symm,1,2.293512,4,LARGE
halide,standard,symm,2,2.298086,4,LARGE
halide,standard,symm,3,2.308951,4,LARGE
halide,standard,symm,4,2.314990,4,LARGE
halide,standard,symm,5,2.314918,4,LARGE
halide,syr2k,1.424181,0.929,valid,4,LARGE
halide,standard,syr2k,1,1.425167,4,LARGE
halide,standard,syr2k,2,1.425286,4,LARGE
halide,standard,syr2k,3,1.425006,4,LARGE
halide,standard,syr2k,4,1.425034,4,LARGE
halide,standard,syr2k,5,1.424913,4,LARGE
halide,syrk,0.811105,0.809,valid,4,LARGE
halide,standard,syrk,1,0.814176,4,LARGE
halide,standard,syrk,2,0.807280,4,LARGE
halide,standard,syrk,3,0.811450,4,LARGE
halide,standard,syrk,4,0.811181,4,LARGE
halide,standard,syrk,5,0.809635,4,LARGE
halide,trisolv,0.005982,,invalid,4,LARGE
halide,trmm,1.124152,0.883,valid,4,LARGE
halide,standard,trmm,1,1.121375,4,LARGE
halide,standard,trmm,2,1.119170,4,LARGE
halide,standard,trmm,3,1.111771,4,LARGE
halide,standard,trmm,4,1.111530,4,LARGE
halide,standard,trmm,5,1.111647,4,LARGE
-- The CXX compiler identification is GNU 15.2.0
-- Detecting CXX compiler ABI info
-- Detecting CXX compiler ABI info - done
-- Check for working CXX compiler: /usr/local/latestgcc/bin/g++ - skipped
-- Detecting CXX compile features
-- Detecting CXX compile features - done
-- Found Python: /home/kleplj/translation/gpt-querying/.venv/bin/python3.9 (found suitable version "3.9.21", minimum required is "3") found components: Interpreter Development.Module
-- Halide 'host' platform triple:   x86-64-linux
-- Halide 'cmake' platform triple:  x86-64-linux
-- Halide default AOT target:       host
-- Found ZLIB: /usr/lib64/libz.so (found version "1.2.11")
-- Could NOT find PNG (missing: PNG_LIBRARY PNG_PNG_INCLUDE_DIR) 
-- Could NOT find JPEG (missing: JPEG_LIBRARY JPEG_INCLUDE_DIR) 
-- Configuring done (0.8s)
-- Generating done (0.7s)
-- Build files have been written to: /home/kleplj/translation/PolybenchC-Halide/build
[ 16%] Building CXX object CMakeFiles/syrk.dir/linear-algebra/blas/syrk/syrk.cpp.o
[ 10%] Building CXX object CMakeFiles/correlation.dir/datamining/correlation/correlation.cpp.o
[ 10%] Building CXX object CMakeFiles/gemver.dir/linear-algebra/blas/gemver/gemver.cpp.o
[ 10%] Building CXX object CMakeFiles/covariance.dir/datamining/covariance/covariance.cpp.o
[ 20%] Building CXX object CMakeFiles/2mm.dir/linear-algebra/kernels/2mm/2mm.cpp.o
[ 20%] Building CXX object CMakeFiles/gemm.dir/linear-algebra/blas/gemm/gemm.cpp.o
[ 20%] Building CXX object CMakeFiles/trmm.dir/linear-algebra/blas/trmm/trmm.cpp.o
[ 20%] Building CXX object CMakeFiles/syr2k.dir/linear-algebra/blas/syr2k/syr2k.cpp.o
[ 20%] Building CXX object CMakeFiles/symm.dir/linear-algebra/blas/symm/symm.cpp.o
[ 20%] Building CXX object CMakeFiles/gesummv.dir/linear-algebra/blas/gesummv/gesummv.cpp.o
[ 38%] Building CXX object CMakeFiles/adi.dir/stencils/adi/adi.cpp.o
[ 38%] Building CXX object CMakeFiles/ludcmp.dir/linear-algebra/solvers/ludcmp/ludcmp.cpp.o
[ 50%] Building CXX object CMakeFiles/atax.dir/linear-algebra/kernels/atax/atax.cpp.o
[ 50%] Building CXX object CMakeFiles/gramschmidt.dir/linear-algebra/solvers/gramschmidt/gramschmidt.cpp.o
[ 50%] Building CXX object CMakeFiles/durbin.dir/linear-algebra/solvers/durbin/durbin.cpp.o
[ 50%] Building CXX object CMakeFiles/trisolv.dir/linear-algebra/solvers/trisolv/trisolv.cpp.o
[ 50%] Building CXX object CMakeFiles/mvt.dir/linear-algebra/kernels/mvt/mvt.cpp.o
[ 50%] Building CXX object CMakeFiles/bicg.dir/linear-algebra/kernels/bicg/bicg.cpp.o
[ 50%] Building CXX object CMakeFiles/cholesky.dir/linear-algebra/solvers/cholesky/cholesky.cpp.o
[ 50%] Building CXX object CMakeFiles/deriche.dir/medley/deriche/deriche.cpp.o
[ 50%] Building CXX object CMakeFiles/floyd-warshall.dir/medley/floyd-warshall/floyd-warshall.cpp.o
[ 50%] Building CXX object CMakeFiles/doitgen.dir/linear-algebra/kernels/doitgen/doitgen.cpp.o
[ 50%] Building CXX object CMakeFiles/3mm.dir/linear-algebra/kernels/3mm/3mm.cpp.o
[ 50%] Building CXX object CMakeFiles/nussinov.dir/medley/nussinov/nussinov.cpp.o
[ 50%] Building CXX object CMakeFiles/fdtd-2d.dir/stencils/fdtd-2d/fdtd-2d.cpp.o
[ 50%] Building CXX object CMakeFiles/heat-3d.dir/stencils/heat-3d/heat-3d.cpp.o
[ 50%] Building CXX object CMakeFiles/jacobi-1d.dir/stencils/jacobi-1d/jacobi-1d.cpp.o
[ 50%] Building CXX object CMakeFiles/lu.dir/linear-algebra/solvers/lu/lu.cpp.o
[ 50%] Building CXX object CMakeFiles/seidel-2d.dir/stencils/seidel-2d/seidel-2d.cpp.o
[ 50%] Building CXX object CMakeFiles/jacobi-2d.dir/stencils/jacobi-2d/jacobi-2d.cpp.o
[ 51%] Linking CXX executable adi
[ 53%] Linking CXX executable jacobi-1d
[ 55%] Linking CXX executable cholesky
[ 56%] Linking CXX executable floyd-warshall
[ 56%] Built target adi
[ 58%] Linking CXX executable syrk
[ 58%] Built target jacobi-1d
[ 58%] Built target cholesky
[ 58%] Built target floyd-warshall
[ 58%] Built target syrk
[ 60%] Linking CXX executable trmm
[ 61%] Linking CXX executable syr2k
[ 63%] Linking CXX executable symm
[ 63%] Built target trmm
[ 65%] Linking CXX executable correlation
[ 66%] Linking CXX executable jacobi-2d
[ 68%] Linking CXX executable 3mm
[ 70%] Built target syr2k
[ 70%] Linking CXX executable seidel-2d
[ 70%] Built target symm
[ 71%] Linking CXX executable 2mm
[ 71%] Built target correlation
[ 71%] Built target jacobi-2d
[ 71%] Built target 3mm
[ 71%] Built target seidel-2d
[ 73%] Linking CXX executable durbin
[ 73%] Built target 2mm
[ 75%] Linking CXX executable gesummv
[ 75%] Built target durbin
[ 78%] Linking CXX executable gemm
[ 78%] Linking CXX executable atax
[ 80%] Linking CXX executable doitgen
[ 80%] Built target gesummv
[ 81%] Linking CXX executable lu
[ 83%] Linking CXX executable mvt
[ 83%] Built target gemm
[ 83%] Built target atax
[ 83%] Built target doitgen
[ 83%] Built target lu
[ 83%] Built target mvt
[ 86%] Linking CXX executable bicg
[ 86%] Linking CXX executable trisolv
[ 86%] Built target bicg
[ 86%] Built target trisolv
[ 88%] Linking CXX executable gramschmidt
[ 88%] Built target gramschmidt
[ 90%] Linking CXX executable fdtd-2d
[ 91%] Linking CXX executable ludcmp
[ 91%] Built target fdtd-2d
[ 91%] Built target ludcmp
halide,2mm,,,illegal,5,LARGE
halide,3mm,,,illegal,5,LARGE
halide,adi,12.639997,0.824,valid,5,LARGE
halide,standard,adi,1,12.613632,5,LARGE
halide,standard,adi,2,12.625398,5,LARGE
halide,standard,adi,3,12.626047,5,LARGE
halide,standard,adi,4,12.624464,5,LARGE
halide,standard,adi,5,12.635192,5,LARGE
halide,atax,0.015128,0.567,valid,5,LARGE
halide,standard,atax,1,0.015019,5,LARGE
halide,standard,atax,2,0.015178,5,LARGE
halide,standard,atax,3,0.015128,5,LARGE
halide,standard,atax,4,0.015028,5,LARGE
halide,standard,atax,5,0.015070,5,LARGE
halide,bicg,0.015362,0.953,valid,5,LARGE
halide,standard,bicg,1,0.015330,5,LARGE
halide,standard,bicg,2,0.015190,5,LARGE
halide,standard,bicg,3,0.015302,5,LARGE
halide,standard,bicg,4,0.015252,5,LARGE
halide,standard,bicg,5,0.015290,5,LARGE
halide,cholesky,1.883973,,invalid,5,LARGE
halide,correlation,,,illegal,5,LARGE
halide,covariance,,,illegal,5,LARGE
halide,deriche,,,illegal,5,LARGE
halide,doitgen,0.333591,2.233,valid,5,LARGE
halide,standard,doitgen,1,0.331335,5,LARGE
halide,standard,doitgen,2,0.337640,5,LARGE
halide,standard,doitgen,3,0.330806,5,LARGE
halide,standard,doitgen,4,0.364866,5,LARGE
halide,standard,doitgen,5,0.336461,5,LARGE
halide,durbin,,,illegal,5,LARGE
halide,fdtd-2d,5.319427,0.334,valid,5,LARGE
halide,standard,fdtd-2d,1,5.228258,5,LARGE
halide,standard,fdtd-2d,2,5.363442,5,LARGE
halide,standard,fdtd-2d,3,5.200194,5,LARGE
halide,standard,fdtd-2d,4,5.252301,5,LARGE
halide,standard,fdtd-2d,5,5.204861,5,LARGE
halide,floyd-warshall,30.723420,,invalid,5,LARGE
halide,gemm,0.901419,,invalid,5,LARGE
halide,gemver,,,illegal,5,LARGE
halide,gesummv,0.005957,1.052,valid,5,LARGE
halide,standard,gesummv,1,0.005973,5,LARGE
halide,standard,gesummv,2,0.005892,5,LARGE
halide,standard,gesummv,3,0.005881,5,LARGE
halide,standard,gesummv,4,0.005896,5,LARGE
halide,standard,gesummv,5,0.005896,5,LARGE
halide,gramschmidt,7.062499,,invalid,5,LARGE
halide,heat-3d,,,illegal,5,LARGE
halide,jacobi-1d,0.006215,,invalid,5,LARGE
halide,jacobi-2d,6.843491,0.241,valid,5,LARGE
halide,standard,jacobi-2d,1,6.814839,5,LARGE
halide,standard,jacobi-2d,2,6.814322,5,LARGE
halide,standard,jacobi-2d,3,6.832117,5,LARGE
halide,standard,jacobi-2d,4,6.813129,5,LARGE
halide,standard,jacobi-2d,5,6.811044,5,LARGE
halide,lu,7.871093,0.554,valid,5,LARGE
halide,standard,lu,1,7.761850,5,LARGE
halide,standard,lu,2,7.832960,5,LARGE
halide,standard,lu,3,7.777353,5,LARGE
halide,standard,lu,4,7.785222,5,LARGE
halide,standard,lu,5,7.910529,5,LARGE
halide,ludcmp,7.852932,,invalid,5,LARGE
halide,mvt,0.016935,0.865,valid,5,LARGE
halide,standard,mvt,1,0.016918,5,LARGE
halide,standard,mvt,2,0.016953,5,LARGE
halide,standard,mvt,3,0.016919,5,LARGE
halide,standard,mvt,4,0.016918,5,LARGE
halide,standard,mvt,5,0.017106,5,LARGE
halide,nussinov,,,illegal,5,LARGE
halide,seidel-2d,9.100921,,invalid,5,LARGE
halide,symm,0.826143,1.905,valid,5,LARGE
halide,standard,symm,1,0.824474,5,LARGE
halide,standard,symm,2,0.826512,5,LARGE
halide,standard,symm,3,0.823748,5,LARGE
halide,standard,symm,4,0.825033,5,LARGE
halide,standard,symm,5,0.823073,5,LARGE
halide,syr2k,1.427028,0.930,valid,5,LARGE
halide,standard,syr2k,1,1.420528,5,LARGE
halide,standard,syr2k,2,1.425562,5,LARGE
halide,standard,syr2k,3,1.426006,5,LARGE
halide,standard,syr2k,4,1.419757,5,LARGE
halide,standard,syr2k,5,1.420038,5,LARGE
halide,syrk,1.198958,0.548,valid,5,LARGE
halide,standard,syrk,1,1.199481,5,LARGE
halide,standard,syrk,2,1.199436,5,LARGE
halide,standard,syrk,3,1.199679,5,LARGE
halide,standard,syrk,4,1.199856,5,LARGE
halide,standard,syrk,5,1.199627,5,LARGE
halide,trisolv,0.005967,,invalid,5,LARGE
halide,trmm,0.419972,2.348,valid,5,LARGE
halide,standard,trmm,1,0.421070,5,LARGE
halide,standard,trmm,2,0.420316,5,LARGE
halide,standard,trmm,3,0.419200,5,LARGE
halide,standard,trmm,4,0.419639,5,LARGE
halide,standard,trmm,5,0.418000,5,LARGE
Generated C for 'gemm' in /home/kleplj/translation/PolybenchC-Exo/build/generated/gemm
Built gemm executable.
Generated C for 'gemver' in /home/kleplj/translation/PolybenchC-Exo/build/generated/gemver
Built gemver executable.
Generated C for 'gesummv' in /home/kleplj/translation/PolybenchC-Exo/build/generated/gesummv
Built gesummv executable.
Generated C for 'symm' in /home/kleplj/translation/PolybenchC-Exo/build/generated/symm
Built symm executable.
Generated C for 'syr2k' in /home/kleplj/translation/PolybenchC-Exo/build/generated/syr2k
Built syr2k executable.
Generated C for 'syrk' in /home/kleplj/translation/PolybenchC-Exo/build/generated/syrk
Built syrk executable.
Generated C for 'trmm' in /home/kleplj/translation/PolybenchC-Exo/build/generated/trmm
Built trmm executable.
Generated C for '2mm' in /home/kleplj/translation/PolybenchC-Exo/build/generated/2mm
Built 2mm executable.
Generated C for '3mm' in /home/kleplj/translation/PolybenchC-Exo/build/generated/3mm
Built 3mm executable.
Generated C for 'atax' in /home/kleplj/translation/PolybenchC-Exo/build/generated/atax
Built atax executable.
Generated C for 'bicg' in /home/kleplj/translation/PolybenchC-Exo/build/generated/bicg
Built bicg executable.
Generated C for 'doitgen' in /home/kleplj/translation/PolybenchC-Exo/build/generated/doitgen
Built doitgen executable.
Generated C for 'mvt' in /home/kleplj/translation/PolybenchC-Exo/build/generated/mvt
Built mvt executable.
Generated C for 'cholesky' in /home/kleplj/translation/PolybenchC-Exo/build/generated/cholesky
Built cholesky executable.
Generated C for 'durbin' in /home/kleplj/translation/PolybenchC-Exo/build/generated/durbin
Built durbin executable.
Generated C for 'gramschmidt' in /home/kleplj/translation/PolybenchC-Exo/build/generated/gramschmidt
Built gramschmidt executable.
Generated C for 'lu' in /home/kleplj/translation/PolybenchC-Exo/build/generated/lu
Built lu executable.
Generated C for 'ludcmp' in /home/kleplj/translation/PolybenchC-Exo/build/generated/ludcmp
Built ludcmp executable.
Generated C for 'trisolv' in /home/kleplj/translation/PolybenchC-Exo/build/generated/trisolv
Built trisolv executable.
Generated C for 'correlation' in /home/kleplj/translation/PolybenchC-Exo/build/generated/correlation
Built correlation executable.
Generated C for 'covariance' in /home/kleplj/translation/PolybenchC-Exo/build/generated/covariance
Built covariance executable.
Generated C for 'fdtd-2d' in /home/kleplj/translation/PolybenchC-Exo/build/generated/fdtd-2d
Built fdtd-2d executable.
Generated C for 'heat-3d' in /home/kleplj/translation/PolybenchC-Exo/build/generated/heat-3d
Built heat-3d executable.
Generated C for 'jacobi-1d' in /home/kleplj/translation/PolybenchC-Exo/build/generated/jacobi-1d
Built jacobi-1d executable.
Generated C for 'jacobi-2d' in /home/kleplj/translation/PolybenchC-Exo/build/generated/jacobi-2d
Built jacobi-2d executable.
Generated C for 'seidel-2d' in /home/kleplj/translation/PolybenchC-Exo/build/generated/seidel-2d
Built seidel-2d executable.
Generated C for 'floyd-warshall' in /home/kleplj/translation/PolybenchC-Exo/build/generated/floyd-warshall
Built floyd-warshall executable.
Generated C for 'nussinov' in /home/kleplj/translation/PolybenchC-Exo/build/generated/nussinov
Built nussinov executable.
Exo build complete. Generated sources in: /home/kleplj/translation/PolybenchC-Exo/build
Removing temp dir /tmp/slurm.150861/tmp.zS5t6FQjwB
exo,2mm,2.618376,0.998,valid,1,LARGE
exo,standard,2mm,1,2.660727,1,LARGE
exo,standard,2mm,2,2.653405,1,LARGE
exo,standard,2mm,3,2.607726,1,LARGE
exo,standard,2mm,4,2.639628,1,LARGE
exo,standard,2mm,5,2.624712,1,LARGE
exo,3mm,4.008431,0.977,valid,1,LARGE
exo,standard,3mm,1,3.994986,1,LARGE
exo,standard,3mm,2,4.064038,1,LARGE
exo,standard,3mm,3,3.995133,1,LARGE
exo,standard,3mm,4,3.989849,1,LARGE
exo,standard,3mm,5,4.049246,1,LARGE
exo,adi,,,illegal,1,LARGE
exo,atax,0.008716,0.989,valid,1,LARGE
exo,standard,atax,1,0.008733,1,LARGE
exo,standard,atax,2,0.008719,1,LARGE
exo,standard,atax,3,0.008657,1,LARGE
exo,standard,atax,4,0.008660,1,LARGE
exo,standard,atax,5,0.008740,1,LARGE
exo,bicg,0.014664,0.999,valid,1,LARGE
exo,standard,bicg,1,0.014607,1,LARGE
exo,standard,bicg,2,0.014672,1,LARGE
exo,standard,bicg,3,0.014666,1,LARGE
exo,standard,bicg,4,0.014656,1,LARGE
exo,standard,bicg,5,0.014652,1,LARGE
exo,cholesky,1.928831,0.988,valid,1,LARGE
exo,standard,cholesky,1,1.928983,1,LARGE
exo,standard,cholesky,2,1.928767,1,LARGE
exo,standard,cholesky,3,1.926076,1,LARGE
exo,standard,cholesky,4,1.926937,1,LARGE
exo,standard,cholesky,5,1.925968,1,LARGE
exo,correlation,1.706129,0.993,valid,1,LARGE
exo,standard,correlation,1,1.701241,1,LARGE
exo,standard,correlation,2,1.704551,1,LARGE
exo,standard,correlation,3,1.724120,1,LARGE
exo,standard,correlation,4,1.712779,1,LARGE
exo,standard,correlation,5,1.731542,1,LARGE
exo,covariance,1.710225,0.994,valid,1,LARGE
exo,standard,covariance,1,1.720326,1,LARGE
exo,standard,covariance,2,1.734327,1,LARGE
exo,standard,covariance,3,1.707805,1,LARGE
exo,standard,covariance,4,1.708035,1,LARGE
exo,standard,covariance,5,1.731987,1,LARGE
exo,deriche,,,illegal,1,LARGE
exo,doitgen,0.867808,0.858,valid,1,LARGE
exo,standard,doitgen,1,0.869261,1,LARGE
exo,standard,doitgen,2,0.866170,1,LARGE
exo,standard,doitgen,3,0.827043,1,LARGE
exo,standard,doitgen,4,0.865283,1,LARGE
exo,standard,doitgen,5,0.863696,1,LARGE
exo,durbin,0.004623,0.836,valid,1,LARGE
exo,standard,durbin,1,0.004556,1,LARGE
exo,standard,durbin,2,0.004557,1,LARGE
exo,standard,durbin,3,0.004551,1,LARGE
exo,standard,durbin,4,0.004547,1,LARGE
exo,standard,durbin,5,0.004557,1,LARGE
exo,fdtd-2d,1.763800,0.981,valid,1,LARGE
exo,standard,fdtd-2d,1,1.808233,1,LARGE
exo,standard,fdtd-2d,2,1.800108,1,LARGE
exo,standard,fdtd-2d,3,1.753174,1,LARGE
exo,standard,fdtd-2d,4,1.754182,1,LARGE
exo,standard,fdtd-2d,5,1.775393,1,LARGE
exo,floyd-warshall,22.064364,1.030,valid,1,LARGE
exo,standard,floyd-warshall,1,21.952352,1,LARGE
exo,standard,floyd-warshall,2,22.143068,1,LARGE
exo,standard,floyd-warshall,3,21.952939,1,LARGE
exo,standard,floyd-warshall,4,22.079219,1,LARGE
exo,standard,floyd-warshall,5,21.939264,1,LARGE
exo,gemm,0.467048,0.990,valid,1,LARGE
exo,standard,gemm,1,0.450707,1,LARGE
exo,standard,gemm,2,0.467109,1,LARGE
exo,standard,gemm,3,0.453387,1,LARGE
exo,standard,gemm,4,0.453369,1,LARGE
exo,standard,gemm,5,0.464265,1,LARGE
exo,gemver,0.018727,0.942,valid,1,LARGE
exo,standard,gemver,1,0.018781,1,LARGE
exo,standard,gemver,2,0.018728,1,LARGE
exo,standard,gemver,3,0.018803,1,LARGE
exo,standard,gemver,4,0.018756,1,LARGE
exo,standard,gemver,5,0.018726,1,LARGE
exo,gesummv,0.006264,1.001,valid,1,LARGE
exo,standard,gesummv,1,0.006253,1,LARGE
exo,standard,gesummv,2,0.006206,1,LARGE
exo,standard,gesummv,3,0.006255,1,LARGE
exo,standard,gesummv,4,0.006222,1,LARGE
exo,standard,gesummv,5,0.006270,1,LARGE
exo,gramschmidt,2.645311,,invalid,1,LARGE
exo,heat-3d,2.266153,0.862,valid,1,LARGE
exo,standard,heat-3d,1,2.257869,1,LARGE
exo,standard,heat-3d,2,2.253443,1,LARGE
exo,standard,heat-3d,3,2.260421,1,LARGE
exo,standard,heat-3d,4,2.257998,1,LARGE
exo,standard,heat-3d,5,2.260952,1,LARGE
exo,jacobi-1d,0.000943,0.998,valid,1,LARGE
exo,standard,jacobi-1d,1,0.000938,1,LARGE
exo,standard,jacobi-1d,2,0.000925,1,LARGE
exo,standard,jacobi-1d,3,0.000940,1,LARGE
exo,standard,jacobi-1d,4,0.000943,1,LARGE
exo,standard,jacobi-1d,5,0.002308,1,LARGE
exo,jacobi-2d,1.643164,1.002,valid,1,LARGE
exo,standard,jacobi-2d,1,1.655456,1,LARGE
exo,standard,jacobi-2d,2,1.644877,1,LARGE
exo,standard,jacobi-2d,3,1.650000,1,LARGE
exo,standard,jacobi-2d,4,1.635882,1,LARGE
exo,standard,jacobi-2d,5,1.649488,1,LARGE
exo,lu,4.466398,0.996,valid,1,LARGE
exo,standard,lu,1,4.421170,1,LARGE
exo,standard,lu,2,4.416583,1,LARGE
exo,standard,lu,3,4.431083,1,LARGE
exo,standard,lu,4,4.372442,1,LARGE
exo,standard,lu,5,4.392747,1,LARGE
exo,ludcmp,4.405181,0.998,valid,1,LARGE
exo,standard,ludcmp,1,4.354611,1,LARGE
exo,standard,ludcmp,2,4.413277,1,LARGE
exo,standard,ludcmp,3,4.442197,1,LARGE
exo,standard,ludcmp,4,4.346076,1,LARGE
exo,standard,ludcmp,5,4.383186,1,LARGE
exo,mvt,0.015104,0.962,valid,1,LARGE
exo,standard,mvt,1,0.015085,1,LARGE
exo,standard,mvt,2,0.015016,1,LARGE
exo,standard,mvt,3,0.015133,1,LARGE
exo,standard,mvt,4,0.014906,1,LARGE
exo,standard,mvt,5,0.015032,1,LARGE
exo,nussinov,7.709057,0.990,valid,1,LARGE
exo,standard,nussinov,1,7.844584,1,LARGE
exo,standard,nussinov,2,7.885683,1,LARGE
exo,standard,nussinov,3,7.846031,1,LARGE
exo,standard,nussinov,4,7.885202,1,LARGE
exo,standard,nussinov,5,7.842082,1,LARGE
exo,seidel-2d,27.167581,1.000,valid,1,LARGE
exo,standard,seidel-2d,1,27.167201,1,LARGE
exo,standard,seidel-2d,2,27.167020,1,LARGE
exo,standard,seidel-2d,3,27.167764,1,LARGE
exo,standard,seidel-2d,4,27.168724,1,LARGE
exo,standard,seidel-2d,5,27.167495,1,LARGE
exo,symm,1.597543,0.987,valid,1,LARGE
exo,standard,symm,1,1.595493,1,LARGE
exo,standard,symm,2,1.623361,1,LARGE
exo,standard,symm,3,1.622443,1,LARGE
exo,standard,symm,4,1.585549,1,LARGE
exo,standard,symm,5,1.587978,1,LARGE
exo,syr2k,1.418912,0.934,valid,1,LARGE
exo,standard,syr2k,1,1.418421,1,LARGE
exo,standard,syr2k,2,1.415644,1,LARGE
exo,standard,syr2k,3,1.418983,1,LARGE
exo,standard,syr2k,4,1.413215,1,LARGE
exo,standard,syr2k,5,1.412910,1,LARGE
exo,syrk,0.678032,0.969,valid,1,LARGE
exo,standard,syrk,1,0.675982,1,LARGE
exo,standard,syrk,2,0.677279,1,LARGE
exo,standard,syrk,3,0.673177,1,LARGE
exo,standard,syrk,4,0.681555,1,LARGE
exo,standard,syrk,5,0.677152,1,LARGE
exo,trisolv,0.003119,0.995,valid,1,LARGE
exo,standard,trisolv,1,0.003175,1,LARGE
exo,standard,trisolv,2,0.003136,1,LARGE
exo,standard,trisolv,3,0.003133,1,LARGE
exo,standard,trisolv,4,0.003126,1,LARGE
exo,standard,trisolv,5,0.003122,1,LARGE
exo,trmm,1.000527,0.998,valid,1,LARGE
exo,standard,trmm,1,0.993196,1,LARGE
exo,standard,trmm,2,0.997576,1,LARGE
exo,standard,trmm,3,1.004435,1,LARGE
exo,standard,trmm,4,1.003074,1,LARGE
exo,standard,trmm,5,0.993224,1,LARGE
Generated C for 'gemm' in /home/kleplj/translation/PolybenchC-Exo/build/generated/gemm
Built gemm executable.
Generated C for 'gemver' in /home/kleplj/translation/PolybenchC-Exo/build/generated/gemver
Built gemver executable.
Generated C for 'gesummv' in /home/kleplj/translation/PolybenchC-Exo/build/generated/gesummv
Built gesummv executable.
Generated C for 'symm' in /home/kleplj/translation/PolybenchC-Exo/build/generated/symm
Built symm executable.
Generated C for 'syr2k' in /home/kleplj/translation/PolybenchC-Exo/build/generated/syr2k
Built syr2k executable.
Generated C for 'syrk' in /home/kleplj/translation/PolybenchC-Exo/build/generated/syrk
Built syrk executable.
Generated C for 'trmm' in /home/kleplj/translation/PolybenchC-Exo/build/generated/trmm
Built trmm executable.
Generated C for '2mm' in /home/kleplj/translation/PolybenchC-Exo/build/generated/2mm
Built 2mm executable.
Generated C for '3mm' in /home/kleplj/translation/PolybenchC-Exo/build/generated/3mm
Built 3mm executable.
Generated C for 'atax' in /home/kleplj/translation/PolybenchC-Exo/build/generated/atax
Built atax executable.
Generated C for 'bicg' in /home/kleplj/translation/PolybenchC-Exo/build/generated/bicg
Built bicg executable.
Generated C for 'doitgen' in /home/kleplj/translation/PolybenchC-Exo/build/generated/doitgen
Built doitgen executable.
Generated C for 'mvt' in /home/kleplj/translation/PolybenchC-Exo/build/generated/mvt
Built mvt executable.
Generated C for 'cholesky' in /home/kleplj/translation/PolybenchC-Exo/build/generated/cholesky
Built cholesky executable.
Generated C for 'durbin' in /home/kleplj/translation/PolybenchC-Exo/build/generated/durbin
Built durbin executable.
Generated C for 'gramschmidt' in /home/kleplj/translation/PolybenchC-Exo/build/generated/gramschmidt
Built gramschmidt executable.
Generated C for 'lu' in /home/kleplj/translation/PolybenchC-Exo/build/generated/lu
Built lu executable.
Generated C for 'ludcmp' in /home/kleplj/translation/PolybenchC-Exo/build/generated/ludcmp
Built ludcmp executable.
Generated C for 'trisolv' in /home/kleplj/translation/PolybenchC-Exo/build/generated/trisolv
Built trisolv executable.
Generated C for 'correlation' in /home/kleplj/translation/PolybenchC-Exo/build/generated/correlation
Built correlation executable.
Generated C for 'covariance' in /home/kleplj/translation/PolybenchC-Exo/build/generated/covariance
Built covariance executable.
Generated C for 'adi' in /home/kleplj/translation/PolybenchC-Exo/build/generated/adi
Built adi executable.
Generated C for 'fdtd-2d' in /home/kleplj/translation/PolybenchC-Exo/build/generated/fdtd-2d
Built fdtd-2d executable.
Generated C for 'heat-3d' in /home/kleplj/translation/PolybenchC-Exo/build/generated/heat-3d
Built heat-3d executable.
Generated C for 'jacobi-1d' in /home/kleplj/translation/PolybenchC-Exo/build/generated/jacobi-1d
Built jacobi-1d executable.
Generated C for 'jacobi-2d' in /home/kleplj/translation/PolybenchC-Exo/build/generated/jacobi-2d
Built jacobi-2d executable.
Generated C for 'seidel-2d' in /home/kleplj/translation/PolybenchC-Exo/build/generated/seidel-2d
Built seidel-2d executable.
Generated C for 'floyd-warshall' in /home/kleplj/translation/PolybenchC-Exo/build/generated/floyd-warshall
Built floyd-warshall executable.
Generated C for 'nussinov' in /home/kleplj/translation/PolybenchC-Exo/build/generated/nussinov
Built nussinov executable.
Exo build complete. Generated sources in: /home/kleplj/translation/PolybenchC-Exo/build
Removing temp dir /tmp/slurm.150861/tmp.ES2CnjyuZI
exo,2mm,2.654028,0.968,valid,2,LARGE
exo,standard,2mm,1,2.638086,2,LARGE
exo,standard,2mm,2,2.621748,2,LARGE
exo,standard,2mm,3,2.648180,2,LARGE
exo,standard,2mm,4,2.623589,2,LARGE
exo,standard,2mm,5,2.621831,2,LARGE
exo,3mm,4.003784,0.979,valid,2,LARGE
exo,standard,3mm,1,4.006202,2,LARGE
exo,standard,3mm,2,4.047813,2,LARGE
exo,standard,3mm,3,4.005777,2,LARGE
exo,standard,3mm,4,4.042930,2,LARGE
exo,standard,3mm,5,4.045527,2,LARGE
exo,adi,14.110207,0.737,valid,2,LARGE
exo,standard,adi,1,14.104349,2,LARGE
exo,standard,adi,2,13.798206,2,LARGE
exo,standard,adi,3,14.253925,2,LARGE
exo,standard,adi,4,14.255269,2,LARGE
exo,standard,adi,5,14.312576,2,LARGE
exo,atax,0.008788,0.968,valid,2,LARGE
exo,standard,atax,1,0.008702,2,LARGE
exo,standard,atax,2,0.008681,2,LARGE
exo,standard,atax,3,0.008671,2,LARGE
exo,standard,atax,4,0.008715,2,LARGE
exo,standard,atax,5,0.008651,2,LARGE
exo,bicg,0.014729,1.243,valid,2,LARGE
exo,standard,bicg,1,0.014653,2,LARGE
exo,standard,bicg,2,0.014641,2,LARGE
exo,standard,bicg,3,0.014658,2,LARGE
exo,standard,bicg,4,0.014635,2,LARGE
exo,standard,bicg,5,0.014666,2,LARGE
exo,cholesky,1.923698,0.991,valid,2,LARGE
exo,standard,cholesky,1,1.921848,2,LARGE
exo,standard,cholesky,2,1.921400,2,LARGE
exo,standard,cholesky,3,1.920842,2,LARGE
exo,standard,cholesky,4,1.923463,2,LARGE
exo,standard,cholesky,5,1.922192,2,LARGE
exo,correlation,1.721759,0.995,valid,2,LARGE
exo,standard,correlation,1,1.713174,2,LARGE
exo,standard,correlation,2,1.705500,2,LARGE
exo,standard,correlation,3,1.704361,2,LARGE
exo,standard,correlation,4,1.705969,2,LARGE
exo,standard,correlation,5,1.710553,2,LARGE
exo,covariance,1.717598,0.993,valid,2,LARGE
exo,standard,covariance,1,1.705301,2,LARGE
exo,standard,covariance,2,1.719616,2,LARGE
exo,standard,covariance,3,1.720204,2,LARGE
exo,standard,covariance,4,1.722191,2,LARGE
exo,standard,covariance,5,1.721998,2,LARGE
exo,deriche,,,illegal,2,LARGE
exo,doitgen,0.870232,0.853,valid,2,LARGE
exo,standard,doitgen,1,0.863916,2,LARGE
exo,standard,doitgen,2,0.857988,2,LARGE
exo,standard,doitgen,3,0.868850,2,LARGE
exo,standard,doitgen,4,0.867821,2,LARGE
exo,standard,doitgen,5,0.872067,2,LARGE
exo,durbin,0.004557,0.843,valid,2,LARGE
exo,standard,durbin,1,0.004561,2,LARGE
exo,standard,durbin,2,0.004565,2,LARGE
exo,standard,durbin,3,0.004560,2,LARGE
exo,standard,durbin,4,0.004572,2,LARGE
exo,standard,durbin,5,0.004566,2,LARGE
exo,fdtd-2d,1.746894,0.991,valid,2,LARGE
exo,standard,fdtd-2d,1,1.755054,2,LARGE
exo,standard,fdtd-2d,2,1.769819,2,LARGE
exo,standard,fdtd-2d,3,1.748596,2,LARGE
exo,standard,fdtd-2d,4,1.797647,2,LARGE
exo,standard,fdtd-2d,5,1.766394,2,LARGE
exo,floyd-warshall,22.211017,1.026,valid,2,LARGE
exo,standard,floyd-warshall,1,22.079638,2,LARGE
exo,standard,floyd-warshall,2,21.926431,2,LARGE
exo,standard,floyd-warshall,3,22.147903,2,LARGE
exo,standard,floyd-warshall,4,22.023717,2,LARGE
exo,standard,floyd-warshall,5,22.106261,2,LARGE
exo,gemm,0.451982,0.997,valid,2,LARGE
exo,standard,gemm,1,0.464767,2,LARGE
exo,standard,gemm,2,0.451860,2,LARGE
exo,standard,gemm,3,0.452393,2,LARGE
exo,standard,gemm,4,0.452275,2,LARGE
exo,standard,gemm,5,0.453054,2,LARGE
exo,gemver,0.018638,0.951,valid,2,LARGE
exo,standard,gemver,1,0.018796,2,LARGE
exo,standard,gemver,2,0.018594,2,LARGE
exo,standard,gemver,3,0.018884,2,LARGE
exo,standard,gemver,4,0.018644,2,LARGE
exo,standard,gemver,5,0.018623,2,LARGE
exo,gesummv,0.006257,1.001,valid,2,LARGE
exo,standard,gesummv,1,0.006256,2,LARGE
exo,standard,gesummv,2,0.006272,2,LARGE
exo,standard,gesummv,3,0.006277,2,LARGE
exo,standard,gesummv,4,0.006233,2,LARGE
exo,standard,gesummv,5,0.006281,2,LARGE
exo,gramschmidt,2.632024,,invalid,2,LARGE
exo,heat-3d,2.259070,0.864,valid,2,LARGE
exo,standard,heat-3d,1,2.264640,2,LARGE
exo,standard,heat-3d,2,2.256700,2,LARGE
exo,standard,heat-3d,3,2.255584,2,LARGE
exo,standard,heat-3d,4,2.261653,2,LARGE
exo,standard,heat-3d,5,2.252094,2,LARGE
exo,jacobi-1d,0.000940,1.047,valid,2,LARGE
exo,standard,jacobi-1d,1,0.000939,2,LARGE
exo,standard,jacobi-1d,2,0.000939,2,LARGE
exo,standard,jacobi-1d,3,0.000941,2,LARGE
exo,standard,jacobi-1d,4,0.000937,2,LARGE
exo,standard,jacobi-1d,5,0.000939,2,LARGE
exo,jacobi-2d,1.647842,1.010,valid,2,LARGE
exo,standard,jacobi-2d,1,1.656041,2,LARGE
exo,standard,jacobi-2d,2,1.659918,2,LARGE
exo,standard,jacobi-2d,3,1.651217,2,LARGE
exo,standard,jacobi-2d,4,1.660815,2,LARGE
exo,standard,jacobi-2d,5,1.654949,2,LARGE
exo,lu,4.400091,1.004,valid,2,LARGE
exo,standard,lu,1,4.376373,2,LARGE
exo,standard,lu,2,4.383849,2,LARGE
exo,standard,lu,3,4.457786,2,LARGE
exo,standard,lu,4,4.420451,2,LARGE
exo,standard,lu,5,4.460261,2,LARGE
exo,ludcmp,4.417211,0.985,valid,2,LARGE
exo,standard,ludcmp,1,4.377015,2,LARGE
exo,standard,ludcmp,2,4.441226,2,LARGE
exo,standard,ludcmp,3,4.441796,2,LARGE
exo,standard,ludcmp,4,4.441340,2,LARGE
exo,standard,ludcmp,5,4.362031,2,LARGE
exo,mvt,0.014919,0.979,valid,2,LARGE
exo,standard,mvt,1,0.015031,2,LARGE
exo,standard,mvt,2,0.014971,2,LARGE
exo,standard,mvt,3,0.015038,2,LARGE
exo,standard,mvt,4,0.015086,2,LARGE
exo,standard,mvt,5,0.015068,2,LARGE
exo,nussinov,7.715052,0.991,valid,2,LARGE
exo,standard,nussinov,1,7.684825,2,LARGE
exo,standard,nussinov,2,7.683261,2,LARGE
exo,standard,nussinov,3,7.677846,2,LARGE
exo,standard,nussinov,4,7.678808,2,LARGE
exo,standard,nussinov,5,7.675376,2,LARGE
exo,seidel-2d,27.165826,1.000,valid,2,LARGE
exo,standard,seidel-2d,1,27.166599,2,LARGE
exo,standard,seidel-2d,2,27.167035,2,LARGE
exo,standard,seidel-2d,3,27.166331,2,LARGE
exo,standard,seidel-2d,4,27.166350,2,LARGE
exo,standard,seidel-2d,5,27.167402,2,LARGE
exo,symm,1.585118,0.985,valid,2,LARGE
exo,standard,symm,1,1.607258,2,LARGE
exo,standard,symm,2,1.589047,2,LARGE
exo,standard,symm,3,1.585452,2,LARGE
exo,standard,symm,4,1.584125,2,LARGE
exo,standard,symm,5,1.603765,2,LARGE
exo,syr2k,1.422322,0.929,valid,2,LARGE
exo,standard,syr2k,1,1.416363,2,LARGE
exo,standard,syr2k,2,1.415408,2,LARGE
exo,standard,syr2k,3,1.414789,2,LARGE
exo,standard,syr2k,4,1.411062,2,LARGE
exo,standard,syr2k,5,1.416907,2,LARGE
exo,syrk,0.676590,0.966,valid,2,LARGE
exo,standard,syrk,1,0.676343,2,LARGE
exo,standard,syrk,2,0.677488,2,LARGE
exo,standard,syrk,3,0.676919,2,LARGE
exo,standard,syrk,4,0.677974,2,LARGE
exo,standard,syrk,5,0.676526,2,LARGE
exo,trisolv,0.003139,0.985,valid,2,LARGE
exo,standard,trisolv,1,0.003197,2,LARGE
exo,standard,trisolv,2,0.003160,2,LARGE
exo,standard,trisolv,3,0.003149,2,LARGE
exo,standard,trisolv,4,0.003121,2,LARGE
exo,standard,trisolv,5,0.003105,2,LARGE
exo,trmm,1.009118,0.992,valid,2,LARGE
exo,standard,trmm,1,0.995079,2,LARGE
exo,standard,trmm,2,0.998370,2,LARGE
exo,standard,trmm,3,0.995510,2,LARGE
exo,standard,trmm,4,1.001039,2,LARGE
exo,standard,trmm,5,1.000374,2,LARGE
Generated C for 'gemm' in /home/kleplj/translation/PolybenchC-Exo/build/generated/gemm
Built gemm executable.
Generated C for 'gemver' in /home/kleplj/translation/PolybenchC-Exo/build/generated/gemver
Built gemver executable.
Generated C for 'gesummv' in /home/kleplj/translation/PolybenchC-Exo/build/generated/gesummv
Built gesummv executable.
Generated C for 'symm' in /home/kleplj/translation/PolybenchC-Exo/build/generated/symm
Built symm executable.
Generated C for 'syr2k' in /home/kleplj/translation/PolybenchC-Exo/build/generated/syr2k
Built syr2k executable.
Generated C for 'syrk' in /home/kleplj/translation/PolybenchC-Exo/build/generated/syrk
Built syrk executable.
Generated C for 'trmm' in /home/kleplj/translation/PolybenchC-Exo/build/generated/trmm
Built trmm executable.
Generated C for '2mm' in /home/kleplj/translation/PolybenchC-Exo/build/generated/2mm
Built 2mm executable.
Generated C for '3mm' in /home/kleplj/translation/PolybenchC-Exo/build/generated/3mm
Built 3mm executable.
Generated C for 'atax' in /home/kleplj/translation/PolybenchC-Exo/build/generated/atax
Built atax executable.
Generated C for 'bicg' in /home/kleplj/translation/PolybenchC-Exo/build/generated/bicg
Built bicg executable.
Generated C for 'doitgen' in /home/kleplj/translation/PolybenchC-Exo/build/generated/doitgen
Built doitgen executable.
Generated C for 'mvt' in /home/kleplj/translation/PolybenchC-Exo/build/generated/mvt
Built mvt executable.
Generated C for 'cholesky' in /home/kleplj/translation/PolybenchC-Exo/build/generated/cholesky
Built cholesky executable.
Generated C for 'durbin' in /home/kleplj/translation/PolybenchC-Exo/build/generated/durbin
Built durbin executable.
Generated C for 'gramschmidt' in /home/kleplj/translation/PolybenchC-Exo/build/generated/gramschmidt
Built gramschmidt executable.
Generated C for 'lu' in /home/kleplj/translation/PolybenchC-Exo/build/generated/lu
Built lu executable.
Generated C for 'ludcmp' in /home/kleplj/translation/PolybenchC-Exo/build/generated/ludcmp
Built ludcmp executable.
Generated C for 'trisolv' in /home/kleplj/translation/PolybenchC-Exo/build/generated/trisolv
Built trisolv executable.
Generated C for 'correlation' in /home/kleplj/translation/PolybenchC-Exo/build/generated/correlation
Built correlation executable.
Generated C for 'covariance' in /home/kleplj/translation/PolybenchC-Exo/build/generated/covariance
Built covariance executable.
Generated C for 'adi' in /home/kleplj/translation/PolybenchC-Exo/build/generated/adi
Built adi executable.
Generated C for 'fdtd-2d' in /home/kleplj/translation/PolybenchC-Exo/build/generated/fdtd-2d
Built fdtd-2d executable.
Generated C for 'heat-3d' in /home/kleplj/translation/PolybenchC-Exo/build/generated/heat-3d
Built heat-3d executable.
Generated C for 'jacobi-1d' in /home/kleplj/translation/PolybenchC-Exo/build/generated/jacobi-1d
Built jacobi-1d executable.
Generated C for 'jacobi-2d' in /home/kleplj/translation/PolybenchC-Exo/build/generated/jacobi-2d
Built jacobi-2d executable.
Generated C for 'seidel-2d' in /home/kleplj/translation/PolybenchC-Exo/build/generated/seidel-2d
Built seidel-2d executable.
Generated C for 'deriche' in /home/kleplj/translation/PolybenchC-Exo/build/generated/deriche
Built deriche executable.
Generated C for 'floyd-warshall' in /home/kleplj/translation/PolybenchC-Exo/build/generated/floyd-warshall
Built floyd-warshall executable.
Generated C for 'nussinov' in /home/kleplj/translation/PolybenchC-Exo/build/generated/nussinov
Built nussinov executable.
Exo build complete. Generated sources in: /home/kleplj/translation/PolybenchC-Exo/build
Removing temp dir /tmp/slurm.150861/tmp.g293p8C9NC
exo,2mm,2.625159,0.988,valid,3,LARGE
exo,standard,2mm,1,2.653853,3,LARGE
exo,standard,2mm,2,2.613968,3,LARGE
exo,standard,2mm,3,2.614125,3,LARGE
exo,standard,2mm,4,2.609614,3,LARGE
exo,standard,2mm,5,2.649198,3,LARGE
exo,3mm,4.055199,0.961,valid,3,LARGE
exo,standard,3mm,1,4.025801,3,LARGE
exo,standard,3mm,2,4.033524,3,LARGE
exo,standard,3mm,3,3.990492,3,LARGE
exo,standard,3mm,4,3.991878,3,LARGE
exo,standard,3mm,5,4.038494,3,LARGE
exo,adi,13.878404,0.750,valid,3,LARGE
exo,standard,adi,1,13.939800,3,LARGE
exo,standard,adi,2,14.074953,3,LARGE
exo,standard,adi,3,14.126444,3,LARGE
exo,standard,adi,4,13.954349,3,LARGE
exo,standard,adi,5,13.853001,3,LARGE
exo,atax,0.008851,0.970,valid,3,LARGE
exo,standard,atax,1,0.008774,3,LARGE
exo,standard,atax,2,0.008643,3,LARGE
exo,standard,atax,3,0.008691,3,LARGE
exo,standard,atax,4,0.008691,3,LARGE
exo,standard,atax,5,0.008750,3,LARGE
exo,bicg,0.014570,1.002,valid,3,LARGE
exo,standard,bicg,1,0.014677,3,LARGE
exo,standard,bicg,2,0.020130,3,LARGE
exo,standard,bicg,3,0.014652,3,LARGE
exo,standard,bicg,4,0.014680,3,LARGE
exo,standard,bicg,5,0.014602,3,LARGE
exo,cholesky,1.920195,0.992,valid,3,LARGE
exo,standard,cholesky,1,1.924393,3,LARGE
exo,standard,cholesky,2,1.917958,3,LARGE
exo,standard,cholesky,3,1.927577,3,LARGE
exo,standard,cholesky,4,1.918462,3,LARGE
exo,standard,cholesky,5,1.920337,3,LARGE
exo,correlation,1.734569,0.992,valid,3,LARGE
exo,standard,correlation,1,1.712731,3,LARGE
exo,standard,correlation,2,1.722342,3,LARGE
exo,standard,correlation,3,1.711946,3,LARGE
exo,standard,correlation,4,1.712131,3,LARGE
exo,standard,correlation,5,1.705642,3,LARGE
exo,covariance,1.720870,0.994,valid,3,LARGE
exo,standard,covariance,1,1.711380,3,LARGE
exo,standard,covariance,2,1.702316,3,LARGE
exo,standard,covariance,3,1.731614,3,LARGE
exo,standard,covariance,4,1.722757,3,LARGE
exo,standard,covariance,5,1.720362,3,LARGE
exo,deriche,0.276179,0.814,valid,3,LARGE
exo,standard,deriche,1,0.276074,3,LARGE
exo,standard,deriche,2,0.277901,3,LARGE
exo,standard,deriche,3,0.275905,3,LARGE
exo,standard,deriche,4,0.276363,3,LARGE
exo,standard,deriche,5,0.277816,3,LARGE
exo,doitgen,0.868526,0.857,valid,3,LARGE
exo,standard,doitgen,1,0.870521,3,LARGE
exo,standard,doitgen,2,0.862983,3,LARGE
exo,standard,doitgen,3,0.868628,3,LARGE
exo,standard,doitgen,4,0.823677,3,LARGE
exo,standard,doitgen,5,0.895603,3,LARGE
exo,durbin,0.004657,0.820,valid,3,LARGE
exo,standard,durbin,1,0.004549,3,LARGE
exo,standard,durbin,2,0.004552,3,LARGE
exo,standard,durbin,3,0.004546,3,LARGE
exo,standard,durbin,4,0.004554,3,LARGE
exo,standard,durbin,5,0.004566,3,LARGE
exo,fdtd-2d,1.754130,0.979,valid,3,LARGE
exo,standard,fdtd-2d,1,1.786906,3,LARGE
exo,standard,fdtd-2d,2,1.789016,3,LARGE
exo,standard,fdtd-2d,3,1.767894,3,LARGE
exo,standard,fdtd-2d,4,1.754587,3,LARGE
exo,standard,fdtd-2d,5,1.732816,3,LARGE
exo,floyd-warshall,22.177531,1.025,valid,3,LARGE
exo,standard,floyd-warshall,1,22.167788,3,LARGE
exo,standard,floyd-warshall,2,21.994302,3,LARGE
exo,standard,floyd-warshall,3,21.940702,3,LARGE
exo,standard,floyd-warshall,4,21.967955,3,LARGE
exo,standard,floyd-warshall,5,21.925404,3,LARGE
exo,gemm,0.450158,0.997,valid,3,LARGE
exo,standard,gemm,1,0.451518,3,LARGE
exo,standard,gemm,2,0.451892,3,LARGE
exo,standard,gemm,3,0.452012,3,LARGE
exo,standard,gemm,4,0.464858,3,LARGE
exo,standard,gemm,5,0.464681,3,LARGE
exo,gemver,0.018632,0.937,valid,3,LARGE
exo,standard,gemver,1,0.018770,3,LARGE
exo,standard,gemver,2,0.018584,3,LARGE
exo,standard,gemver,3,0.018741,3,LARGE
exo,standard,gemver,4,0.018482,3,LARGE
exo,standard,gemver,5,0.018800,3,LARGE
exo,gesummv,0.006206,1.013,valid,3,LARGE
exo,standard,gesummv,1,0.006267,3,LARGE
exo,standard,gesummv,2,0.006268,3,LARGE
exo,standard,gesummv,3,0.006220,3,LARGE
exo,standard,gesummv,4,0.006263,3,LARGE
exo,standard,gesummv,5,0.006247,3,LARGE
exo,gramschmidt,2.646855,,invalid,3,LARGE
exo,heat-3d,2.271846,0.851,valid,3,LARGE
exo,standard,heat-3d,1,2.265828,3,LARGE
exo,standard,heat-3d,2,2.262760,3,LARGE
exo,standard,heat-3d,3,2.256297,3,LARGE
exo,standard,heat-3d,4,2.265623,3,LARGE
exo,standard,heat-3d,5,2.260792,3,LARGE
exo,jacobi-1d,0.000938,0.994,valid,3,LARGE
exo,standard,jacobi-1d,1,0.000935,3,LARGE
exo,standard,jacobi-1d,2,0.000934,3,LARGE
exo,standard,jacobi-1d,3,0.000941,3,LARGE
exo,standard,jacobi-1d,4,0.000938,3,LARGE
exo,standard,jacobi-1d,5,0.000941,3,LARGE
exo,jacobi-2d,1.668254,0.995,valid,3,LARGE
exo,standard,jacobi-2d,1,1.666874,3,LARGE
exo,standard,jacobi-2d,2,1.675091,3,LARGE
exo,standard,jacobi-2d,3,1.654015,3,LARGE
exo,standard,jacobi-2d,4,1.654471,3,LARGE
exo,standard,jacobi-2d,5,1.644658,3,LARGE
exo,lu,4.402296,1.001,valid,3,LARGE
exo,standard,lu,1,4.447759,3,LARGE
exo,standard,lu,2,4.454354,3,LARGE
exo,standard,lu,3,4.384822,3,LARGE
exo,standard,lu,4,4.402516,3,LARGE
exo,standard,lu,5,4.454219,3,LARGE
exo,ludcmp,4.374870,0.999,valid,3,LARGE
exo,standard,ludcmp,1,4.438102,3,LARGE
exo,standard,ludcmp,2,4.366053,3,LARGE
exo,standard,ludcmp,3,4.429513,3,LARGE
exo,standard,ludcmp,4,4.436708,3,LARGE
exo,standard,ludcmp,5,4.382418,3,LARGE
exo,mvt,0.015204,0.954,valid,3,LARGE
exo,standard,mvt,1,0.015034,3,LARGE
exo,standard,mvt,2,0.015060,3,LARGE
exo,standard,mvt,3,0.014892,3,LARGE
exo,standard,mvt,4,0.014986,3,LARGE
exo,standard,mvt,5,0.014881,3,LARGE
exo,nussinov,7.678539,1.014,valid,3,LARGE
exo,standard,nussinov,1,7.821998,3,LARGE
exo,standard,nussinov,2,7.794377,3,LARGE
exo,standard,nussinov,3,7.823348,3,LARGE
exo,standard,nussinov,4,7.772728,3,LARGE
exo,standard,nussinov,5,7.846036,3,LARGE
exo,seidel-2d,27.165563,1.000,valid,3,LARGE
exo,standard,seidel-2d,1,27.166072,3,LARGE
exo,standard,seidel-2d,2,27.164825,3,LARGE
exo,standard,seidel-2d,3,27.166920,3,LARGE
exo,standard,seidel-2d,4,27.168098,3,LARGE
exo,standard,seidel-2d,5,27.169663,3,LARGE
exo,symm,1.586609,0.985,valid,3,LARGE
exo,standard,symm,1,1.623587,3,LARGE
exo,standard,symm,2,1.592351,3,LARGE
exo,standard,symm,3,1.607006,3,LARGE
exo,standard,symm,4,1.607462,3,LARGE
exo,standard,symm,5,1.601509,3,LARGE
exo,syr2k,1.419789,0.930,valid,3,LARGE
exo,standard,syr2k,1,1.416902,3,LARGE
exo,standard,syr2k,2,1.413162,3,LARGE
exo,standard,syr2k,3,1.412935,3,LARGE
exo,standard,syr2k,4,1.413804,3,LARGE
exo,standard,syr2k,5,1.418876,3,LARGE
exo,syrk,0.679329,0.968,valid,3,LARGE
exo,standard,syrk,1,0.682125,3,LARGE
exo,standard,syrk,2,0.678963,3,LARGE
exo,standard,syrk,3,0.676389,3,LARGE
exo,standard,syrk,4,0.677410,3,LARGE
exo,standard,syrk,5,0.677661,3,LARGE
exo,trisolv,0.003128,0.996,valid,3,LARGE
exo,standard,trisolv,1,0.003174,3,LARGE
exo,standard,trisolv,2,0.003100,3,LARGE
exo,standard,trisolv,3,0.003159,3,LARGE
exo,standard,trisolv,4,0.003085,3,LARGE
exo,standard,trisolv,5,0.003150,3,LARGE
exo,trmm,1.000557,1.002,valid,3,LARGE
exo,standard,trmm,1,0.989678,3,LARGE
exo,standard,trmm,2,0.991535,3,LARGE
exo,standard,trmm,3,1.006196,3,LARGE
exo,standard,trmm,4,1.005489,3,LARGE
exo,standard,trmm,5,1.003375,3,LARGE
Generated C for 'gemm' in /home/kleplj/translation/PolybenchC-Exo/build/generated/gemm
Built gemm executable.
Generated C for 'gemver' in /home/kleplj/translation/PolybenchC-Exo/build/generated/gemver
Built gemver executable.
Generated C for 'gesummv' in /home/kleplj/translation/PolybenchC-Exo/build/generated/gesummv
Built gesummv executable.
Generated C for 'symm' in /home/kleplj/translation/PolybenchC-Exo/build/generated/symm
Built symm executable.
Generated C for 'syr2k' in /home/kleplj/translation/PolybenchC-Exo/build/generated/syr2k
Built syr2k executable.
Generated C for 'syrk' in /home/kleplj/translation/PolybenchC-Exo/build/generated/syrk
Built syrk executable.
Generated C for 'trmm' in /home/kleplj/translation/PolybenchC-Exo/build/generated/trmm
Built trmm executable.
Generated C for '2mm' in /home/kleplj/translation/PolybenchC-Exo/build/generated/2mm
Built 2mm executable.
Generated C for '3mm' in /home/kleplj/translation/PolybenchC-Exo/build/generated/3mm
Built 3mm executable.
Generated C for 'atax' in /home/kleplj/translation/PolybenchC-Exo/build/generated/atax
Built atax executable.
Generated C for 'bicg' in /home/kleplj/translation/PolybenchC-Exo/build/generated/bicg
Built bicg executable.
Generated C for 'doitgen' in /home/kleplj/translation/PolybenchC-Exo/build/generated/doitgen
Built doitgen executable.
Generated C for 'mvt' in /home/kleplj/translation/PolybenchC-Exo/build/generated/mvt
Built mvt executable.
Generated C for 'cholesky' in /home/kleplj/translation/PolybenchC-Exo/build/generated/cholesky
Built cholesky executable.
Generated C for 'durbin' in /home/kleplj/translation/PolybenchC-Exo/build/generated/durbin
Built durbin executable.
Generated C for 'gramschmidt' in /home/kleplj/translation/PolybenchC-Exo/build/generated/gramschmidt
Built gramschmidt executable.
Generated C for 'lu' in /home/kleplj/translation/PolybenchC-Exo/build/generated/lu
Built lu executable.
Generated C for 'ludcmp' in /home/kleplj/translation/PolybenchC-Exo/build/generated/ludcmp
Built ludcmp executable.
Generated C for 'trisolv' in /home/kleplj/translation/PolybenchC-Exo/build/generated/trisolv
Built trisolv executable.
Generated C for 'covariance' in /home/kleplj/translation/PolybenchC-Exo/build/generated/covariance
Built covariance executable.
Generated C for 'adi' in /home/kleplj/translation/PolybenchC-Exo/build/generated/adi
Built adi executable.
Generated C for 'fdtd-2d' in /home/kleplj/translation/PolybenchC-Exo/build/generated/fdtd-2d
Built fdtd-2d executable.
Generated C for 'heat-3d' in /home/kleplj/translation/PolybenchC-Exo/build/generated/heat-3d
Built heat-3d executable.
Generated C for 'jacobi-1d' in /home/kleplj/translation/PolybenchC-Exo/build/generated/jacobi-1d
Built jacobi-1d executable.
Generated C for 'jacobi-2d' in /home/kleplj/translation/PolybenchC-Exo/build/generated/jacobi-2d
Built jacobi-2d executable.
Generated C for 'seidel-2d' in /home/kleplj/translation/PolybenchC-Exo/build/generated/seidel-2d
Built seidel-2d executable.
Generated C for 'deriche' in /home/kleplj/translation/PolybenchC-Exo/build/generated/deriche
Built deriche executable.
Generated C for 'floyd-warshall' in /home/kleplj/translation/PolybenchC-Exo/build/generated/floyd-warshall
Built floyd-warshall executable.
Generated C for 'nussinov' in /home/kleplj/translation/PolybenchC-Exo/build/generated/nussinov
Exo build complete. Generated sources in: /home/kleplj/translation/PolybenchC-Exo/build
Removing temp dir /tmp/slurm.150861/tmp.1PiXnpvZBR
exo,2mm,2.621227,0.998,valid,4,LARGE
exo,standard,2mm,1,2.606019,4,LARGE
exo,standard,2mm,2,2.607606,4,LARGE
exo,standard,2mm,3,2.618002,4,LARGE
exo,standard,2mm,4,2.632375,4,LARGE
exo,standard,2mm,5,2.649531,4,LARGE
exo,3mm,4.002141,0.980,valid,4,LARGE
exo,standard,3mm,1,4.043043,4,LARGE
exo,standard,3mm,2,3.994820,4,LARGE
exo,standard,3mm,3,4.026115,4,LARGE
exo,standard,3mm,4,4.006574,4,LARGE
exo,standard,3mm,5,4.006816,4,LARGE
exo,adi,13.829447,0.753,valid,4,LARGE
exo,standard,adi,1,14.273676,4,LARGE
exo,standard,adi,2,14.244615,4,LARGE
exo,standard,adi,3,14.185360,4,LARGE
exo,standard,adi,4,13.830841,4,LARGE
exo,standard,adi,5,14.583732,4,LARGE
exo,atax,0.008798,0.976,valid,4,LARGE
exo,standard,atax,1,0.008658,4,LARGE
exo,standard,atax,2,0.008617,4,LARGE
exo,standard,atax,3,0.008736,4,LARGE
exo,standard,atax,4,0.008707,4,LARGE
exo,standard,atax,5,0.008650,4,LARGE
exo,bicg,0.014623,1.000,valid,4,LARGE
exo,standard,bicg,1,0.014600,4,LARGE
exo,standard,bicg,2,0.014652,4,LARGE
exo,standard,bicg,3,0.014653,4,LARGE
exo,standard,bicg,4,0.019538,4,LARGE
exo,standard,bicg,5,0.014587,4,LARGE
exo,cholesky,1.918935,0.993,valid,4,LARGE
exo,standard,cholesky,1,1.918907,4,LARGE
exo,standard,cholesky,2,1.922999,4,LARGE
exo,standard,cholesky,3,1.922351,4,LARGE
exo,standard,cholesky,4,1.921667,4,LARGE
exo,standard,cholesky,5,1.920517,4,LARGE
exo,correlation,,,illegal,4,LARGE
exo,covariance,1.734093,0.979,valid,4,LARGE
exo,standard,covariance,1,1.709227,4,LARGE
exo,standard,covariance,2,1.710217,4,LARGE
exo,standard,covariance,3,1.703235,4,LARGE
exo,standard,covariance,4,1.725984,4,LARGE
exo,standard,covariance,5,1.723841,4,LARGE
exo,deriche,0.276884,0.811,valid,4,LARGE
exo,standard,deriche,1,0.274241,4,LARGE
exo,standard,deriche,2,0.274581,4,LARGE
exo,standard,deriche,3,0.277919,4,LARGE
exo,standard,deriche,4,0.275124,4,LARGE
exo,standard,deriche,5,0.274532,4,LARGE
exo,doitgen,0.845189,0.878,valid,4,LARGE
exo,standard,doitgen,1,0.864199,4,LARGE
exo,standard,doitgen,2,0.868747,4,LARGE
exo,standard,doitgen,3,0.850609,4,LARGE
exo,standard,doitgen,4,0.868155,4,LARGE
exo,standard,doitgen,5,0.862450,4,LARGE
exo,durbin,0.004596,0.874,valid,4,LARGE
exo,standard,durbin,1,0.004557,4,LARGE
exo,standard,durbin,2,0.004572,4,LARGE
exo,standard,durbin,3,0.004549,4,LARGE
exo,standard,durbin,4,0.004556,4,LARGE
exo,standard,durbin,5,0.004570,4,LARGE
exo,fdtd-2d,1.783483,0.988,valid,4,LARGE
exo,standard,fdtd-2d,1,1.748429,4,LARGE
exo,standard,fdtd-2d,2,1.751611,4,LARGE
exo,standard,fdtd-2d,3,1.758790,4,LARGE
exo,standard,fdtd-2d,4,1.754433,4,LARGE
exo,standard,fdtd-2d,5,1.752395,4,LARGE
exo,floyd-warshall,22.176258,1.023,valid,4,LARGE
exo,standard,floyd-warshall,1,22.154913,4,LARGE
exo,standard,floyd-warshall,2,21.954920,4,LARGE
exo,standard,floyd-warshall,3,21.893059,4,LARGE
exo,standard,floyd-warshall,4,21.868933,4,LARGE
exo,standard,floyd-warshall,5,22.081088,4,LARGE
exo,gemm,0.464739,0.966,valid,4,LARGE
exo,standard,gemm,1,0.464881,4,LARGE
exo,standard,gemm,2,0.452020,4,LARGE
exo,standard,gemm,3,0.452365,4,LARGE
exo,standard,gemm,4,0.450933,4,LARGE
exo,standard,gemm,5,0.452024,4,LARGE
exo,gemver,0.018687,0.949,valid,4,LARGE
exo,standard,gemver,1,0.018783,4,LARGE
exo,standard,gemver,2,0.018750,4,LARGE
exo,standard,gemver,3,0.018699,4,LARGE
exo,standard,gemver,4,0.018614,4,LARGE
exo,standard,gemver,5,0.018640,4,LARGE
exo,gesummv,0.006303,0.997,valid,4,LARGE
exo,standard,gesummv,1,0.006212,4,LARGE
exo,standard,gesummv,2,0.006215,4,LARGE
exo,standard,gesummv,3,0.006210,4,LARGE
exo,standard,gesummv,4,0.006221,4,LARGE
exo,standard,gesummv,5,0.006285,4,LARGE
exo,gramschmidt,2.642301,,invalid,4,LARGE
exo,heat-3d,2.260079,0.858,valid,4,LARGE
exo,standard,heat-3d,1,2.257522,4,LARGE
exo,standard,heat-3d,2,2.255059,4,LARGE
exo,standard,heat-3d,3,2.253580,4,LARGE
exo,standard,heat-3d,4,2.253333,4,LARGE
exo,standard,heat-3d,5,2.258675,4,LARGE
exo,jacobi-1d,0.000940,0.993,valid,4,LARGE
exo,standard,jacobi-1d,1,0.000937,4,LARGE
exo,standard,jacobi-1d,2,0.000941,4,LARGE
exo,standard,jacobi-1d,3,0.000943,4,LARGE
exo,standard,jacobi-1d,4,0.000942,4,LARGE
exo,standard,jacobi-1d,5,0.000929,4,LARGE
exo,jacobi-2d,1.649555,1.001,valid,4,LARGE
exo,standard,jacobi-2d,1,1.652108,4,LARGE
exo,standard,jacobi-2d,2,1.645795,4,LARGE
exo,standard,jacobi-2d,3,1.649435,4,LARGE
exo,standard,jacobi-2d,4,1.641649,4,LARGE
exo,standard,jacobi-2d,5,1.655446,4,LARGE
exo,lu,4.426838,0.997,valid,4,LARGE
exo,standard,lu,1,4.435137,4,LARGE
exo,standard,lu,2,4.472193,4,LARGE
exo,standard,lu,3,4.435154,4,LARGE
exo,standard,lu,4,4.426480,4,LARGE
exo,standard,lu,5,4.457859,4,LARGE
exo,ludcmp,4.372597,1.016,valid,4,LARGE
exo,standard,ludcmp,1,4.426617,4,LARGE
exo,standard,ludcmp,2,4.395579,4,LARGE
exo,standard,ludcmp,3,4.422101,4,LARGE
exo,standard,ludcmp,4,4.393400,4,LARGE
exo,standard,ludcmp,5,4.424678,4,LARGE
exo,mvt,0.015108,0.976,valid,4,LARGE
exo,standard,mvt,1,0.014985,4,LARGE
exo,standard,mvt,2,0.015160,4,LARGE
exo,standard,mvt,3,0.014970,4,LARGE
exo,standard,mvt,4,0.014966,4,LARGE
exo,standard,mvt,5,0.014940,4,LARGE
exo,nussinov,,,illegal,4,LARGE
exo,seidel-2d,27.166637,1.000,valid,4,LARGE
exo,standard,seidel-2d,1,27.166895,4,LARGE
exo,standard,seidel-2d,2,27.168140,4,LARGE
exo,standard,seidel-2d,3,27.166988,4,LARGE
exo,standard,seidel-2d,4,27.170043,4,LARGE
exo,standard,seidel-2d,5,27.168646,4,LARGE
exo,symm,1.581048,1.011,valid,4,LARGE
exo,standard,symm,1,1.598064,4,LARGE
exo,standard,symm,2,1.604940,4,LARGE
exo,standard,symm,3,1.587646,4,LARGE
exo,standard,symm,4,1.606704,4,LARGE
exo,standard,symm,5,1.589794,4,LARGE
exo,syr2k,1.412616,0.939,valid,4,LARGE
exo,standard,syr2k,1,1.421386,4,LARGE
exo,standard,syr2k,2,1.422705,4,LARGE
exo,standard,syr2k,3,1.417107,4,LARGE
exo,standard,syr2k,4,1.414689,4,LARGE
exo,standard,syr2k,5,1.419878,4,LARGE
exo,syrk,0.677201,0.971,valid,4,LARGE
exo,standard,syrk,1,0.677140,4,LARGE
exo,standard,syrk,2,0.676948,4,LARGE
exo,standard,syrk,3,0.675626,4,LARGE
exo,standard,syrk,4,0.677029,4,LARGE
exo,standard,syrk,5,0.675677,4,LARGE
exo,trisolv,0.003193,0.974,valid,4,LARGE
exo,standard,trisolv,1,0.003189,4,LARGE
exo,standard,trisolv,2,0.003154,4,LARGE
exo,standard,trisolv,3,0.003136,4,LARGE
exo,standard,trisolv,4,0.003130,4,LARGE
exo,standard,trisolv,5,0.003165,4,LARGE
exo,trmm,0.994972,0.986,valid,4,LARGE
exo,standard,trmm,1,0.988601,4,LARGE
exo,standard,trmm,2,0.999169,4,LARGE
exo,standard,trmm,3,1.000555,4,LARGE
exo,standard,trmm,4,1.000400,4,LARGE
exo,standard,trmm,5,1.006585,4,LARGE
Generated C for 'gemm' in /home/kleplj/translation/PolybenchC-Exo/build/generated/gemm
Built gemm executable.
Generated C for 'gemver' in /home/kleplj/translation/PolybenchC-Exo/build/generated/gemver
Built gemver executable.
Generated C for 'gesummv' in /home/kleplj/translation/PolybenchC-Exo/build/generated/gesummv
Built gesummv executable.
Generated C for 'symm' in /home/kleplj/translation/PolybenchC-Exo/build/generated/symm
Built symm executable.
Generated C for 'syr2k' in /home/kleplj/translation/PolybenchC-Exo/build/generated/syr2k
Built syr2k executable.
Generated C for 'syrk' in /home/kleplj/translation/PolybenchC-Exo/build/generated/syrk
Built syrk executable.
Generated C for 'trmm' in /home/kleplj/translation/PolybenchC-Exo/build/generated/trmm
Built trmm executable.
Generated C for '2mm' in /home/kleplj/translation/PolybenchC-Exo/build/generated/2mm
Built 2mm executable.
Generated C for '3mm' in /home/kleplj/translation/PolybenchC-Exo/build/generated/3mm
Built 3mm executable.
Generated C for 'atax' in /home/kleplj/translation/PolybenchC-Exo/build/generated/atax
Built atax executable.
Generated C for 'bicg' in /home/kleplj/translation/PolybenchC-Exo/build/generated/bicg
Built bicg executable.
Generated C for 'doitgen' in /home/kleplj/translation/PolybenchC-Exo/build/generated/doitgen
Built doitgen executable.
Generated C for 'mvt' in /home/kleplj/translation/PolybenchC-Exo/build/generated/mvt
Built mvt executable.
Generated C for 'cholesky' in /home/kleplj/translation/PolybenchC-Exo/build/generated/cholesky
Built cholesky executable.
Generated C for 'durbin' in /home/kleplj/translation/PolybenchC-Exo/build/generated/durbin
Built durbin executable.
Generated C for 'gramschmidt' in /home/kleplj/translation/PolybenchC-Exo/build/generated/gramschmidt
Built gramschmidt executable.
Generated C for 'lu' in /home/kleplj/translation/PolybenchC-Exo/build/generated/lu
Built lu executable.
Generated C for 'ludcmp' in /home/kleplj/translation/PolybenchC-Exo/build/generated/ludcmp
Built ludcmp executable.
Generated C for 'trisolv' in /home/kleplj/translation/PolybenchC-Exo/build/generated/trisolv
Built trisolv executable.
Generated C for 'covariance' in /home/kleplj/translation/PolybenchC-Exo/build/generated/covariance
Built covariance executable.
Generated C for 'fdtd-2d' in /home/kleplj/translation/PolybenchC-Exo/build/generated/fdtd-2d
Built fdtd-2d executable.
Generated C for 'heat-3d' in /home/kleplj/translation/PolybenchC-Exo/build/generated/heat-3d
Built heat-3d executable.
Generated C for 'jacobi-1d' in /home/kleplj/translation/PolybenchC-Exo/build/generated/jacobi-1d
Built jacobi-1d executable.
Generated C for 'jacobi-2d' in /home/kleplj/translation/PolybenchC-Exo/build/generated/jacobi-2d
Built jacobi-2d executable.
Generated C for 'seidel-2d' in /home/kleplj/translation/PolybenchC-Exo/build/generated/seidel-2d
Built seidel-2d executable.
Generated C for 'deriche' in /home/kleplj/translation/PolybenchC-Exo/build/generated/deriche
Built deriche executable.
Generated C for 'floyd-warshall' in /home/kleplj/translation/PolybenchC-Exo/build/generated/floyd-warshall
Built floyd-warshall executable.
Generated C for 'nussinov' in /home/kleplj/translation/PolybenchC-Exo/build/generated/nussinov
Built nussinov executable.
Exo build complete. Generated sources in: /home/kleplj/translation/PolybenchC-Exo/build
Removing temp dir /tmp/slurm.150861/tmp.YGviXRwpuX
exo,2mm,2.613058,0.993,valid,5,LARGE
exo,standard,2mm,1,2.643448,5,LARGE
exo,standard,2mm,2,2.647247,5,LARGE
exo,standard,2mm,3,2.611042,5,LARGE
exo,standard,2mm,4,2.656974,5,LARGE
exo,standard,2mm,5,2.624107,5,LARGE
exo,3mm,4.054982,0.962,valid,5,LARGE
exo,standard,3mm,1,4.028747,5,LARGE
exo,standard,3mm,2,4.026202,5,LARGE
exo,standard,3mm,3,3.994691,5,LARGE
exo,standard,3mm,4,4.011429,5,LARGE
exo,standard,3mm,5,4.033179,5,LARGE
exo,adi,,,illegal,5,LARGE
exo,atax,0.008678,0.990,valid,5,LARGE
exo,standard,atax,1,0.008661,5,LARGE
exo,standard,atax,2,0.008813,5,LARGE
exo,standard,atax,3,0.008624,5,LARGE
exo,standard,atax,4,0.008617,5,LARGE
exo,standard,atax,5,0.008626,5,LARGE
exo,bicg,0.014645,1.000,valid,5,LARGE
exo,standard,bicg,1,0.014644,5,LARGE
exo,standard,bicg,2,0.014641,5,LARGE
exo,standard,bicg,3,0.014674,5,LARGE
exo,standard,bicg,4,0.019540,5,LARGE
exo,standard,bicg,5,0.014653,5,LARGE
exo,cholesky,1.919353,0.993,valid,5,LARGE
exo,standard,cholesky,1,1.921834,5,LARGE
exo,standard,cholesky,2,1.922696,5,LARGE
exo,standard,cholesky,3,1.923413,5,LARGE
exo,standard,cholesky,4,1.921164,5,LARGE
exo,standard,cholesky,5,1.922174,5,LARGE
exo,correlation,,,illegal,5,LARGE
exo,covariance,1.728273,0.989,valid,5,LARGE
exo,standard,covariance,1,1.719061,5,LARGE
exo,standard,covariance,2,1.703641,5,LARGE
exo,standard,covariance,3,1.704731,5,LARGE
exo,standard,covariance,4,1.708553,5,LARGE
exo,standard,covariance,5,1.710267,5,LARGE
exo,deriche,0.276353,0.818,valid,5,LARGE
exo,standard,deriche,1,0.276368,5,LARGE
exo,standard,deriche,2,0.274742,5,LARGE
exo,standard,deriche,3,0.273847,5,LARGE
exo,standard,deriche,4,0.276778,5,LARGE
exo,standard,deriche,5,0.276511,5,LARGE
exo,doitgen,0.866216,0.859,valid,5,LARGE
exo,standard,doitgen,1,0.871289,5,LARGE
exo,standard,doitgen,2,0.867610,5,LARGE
exo,standard,doitgen,3,0.865912,5,LARGE
exo,standard,doitgen,4,0.869315,5,LARGE
exo,standard,doitgen,5,0.867149,5,LARGE
exo,durbin,0.004553,0.839,valid,5,LARGE
exo,standard,durbin,1,0.004555,5,LARGE
exo,standard,durbin,2,0.004565,5,LARGE
exo,standard,durbin,3,0.004559,5,LARGE
exo,standard,durbin,4,0.004553,5,LARGE
exo,standard,durbin,5,0.004542,5,LARGE
exo,fdtd-2d,1.732530,0.981,valid,5,LARGE
exo,standard,fdtd-2d,1,1.736438,5,LARGE
exo,standard,fdtd-2d,2,1.784591,5,LARGE
exo,standard,fdtd-2d,3,1.789287,5,LARGE
exo,standard,fdtd-2d,4,1.791044,5,LARGE
exo,standard,fdtd-2d,5,1.791070,5,LARGE
exo,floyd-warshall,21.859191,1.032,valid,5,LARGE
exo,standard,floyd-warshall,1,22.135389,5,LARGE
exo,standard,floyd-warshall,2,21.831336,5,LARGE
exo,standard,floyd-warshall,3,21.960576,5,LARGE
exo,standard,floyd-warshall,4,21.821950,5,LARGE
exo,standard,floyd-warshall,5,21.908193,5,LARGE
exo,gemm,0.452338,0.988,valid,5,LARGE
exo,standard,gemm,1,0.450198,5,LARGE
exo,standard,gemm,2,0.452611,5,LARGE
exo,standard,gemm,3,0.464119,5,LARGE
exo,standard,gemm,4,0.467528,5,LARGE
exo,standard,gemm,5,0.451479,5,LARGE
exo,gemver,0.018788,0.939,valid,5,LARGE
exo,standard,gemver,1,0.018596,5,LARGE
exo,standard,gemver,2,0.018837,5,LARGE
exo,standard,gemver,3,0.018784,5,LARGE
exo,standard,gemver,4,0.018650,5,LARGE
exo,standard,gemver,5,0.018891,5,LARGE
exo,gesummv,0.006257,1.004,valid,5,LARGE
exo,standard,gesummv,1,0.006276,5,LARGE
exo,standard,gesummv,2,0.006260,5,LARGE
exo,standard,gesummv,3,0.006223,5,LARGE
exo,standard,gesummv,4,0.006245,5,LARGE
exo,standard,gesummv,5,0.006219,5,LARGE
exo,gramschmidt,2.645426,,invalid,5,LARGE
exo,heat-3d,2.253380,0.860,valid,5,LARGE
exo,standard,heat-3d,1,2.262218,5,LARGE
exo,standard,heat-3d,2,2.261977,5,LARGE
exo,standard,heat-3d,3,2.263216,5,LARGE
exo,standard,heat-3d,4,2.266573,5,LARGE
exo,standard,heat-3d,5,2.262705,5,LARGE
exo,jacobi-1d,0.000935,0.998,valid,5,LARGE
exo,standard,jacobi-1d,1,0.001013,5,LARGE
exo,standard,jacobi-1d,2,0.000938,5,LARGE
exo,standard,jacobi-1d,3,0.000932,5,LARGE
exo,standard,jacobi-1d,4,0.000948,5,LARGE
exo,standard,jacobi-1d,5,0.000938,5,LARGE
exo,jacobi-2d,1.666667,0.986,valid,5,LARGE
exo,standard,jacobi-2d,1,1.662344,5,LARGE
exo,standard,jacobi-2d,2,1.657548,5,LARGE
exo,standard,jacobi-2d,3,1.646237,5,LARGE
exo,standard,jacobi-2d,4,1.647136,5,LARGE
exo,standard,jacobi-2d,5,1.686213,5,LARGE
exo,lu,4.412602,0.997,valid,5,LARGE
exo,standard,lu,1,4.399927,5,LARGE
exo,standard,lu,2,4.467260,5,LARGE
exo,standard,lu,3,4.376870,5,LARGE
exo,standard,lu,4,4.379579,5,LARGE
exo,standard,lu,5,4.425602,5,LARGE
exo,ludcmp,4.399014,1.008,valid,5,LARGE
exo,standard,ludcmp,1,4.381055,5,LARGE
exo,standard,ludcmp,2,4.382860,5,LARGE
exo,standard,ludcmp,3,4.379570,5,LARGE
exo,standard,ludcmp,4,4.439274,5,LARGE
exo,standard,ludcmp,5,4.378988,5,LARGE
exo,mvt,0.014990,0.976,valid,5,LARGE
exo,standard,mvt,1,0.015052,5,LARGE
exo,standard,mvt,2,0.014991,5,LARGE
exo,standard,mvt,3,0.015049,5,LARGE
exo,standard,mvt,4,0.014910,5,LARGE
exo,standard,mvt,5,0.014916,5,LARGE
exo,nussinov,7.593299,1.001,valid,5,LARGE
exo,standard,nussinov,1,7.651879,5,LARGE
exo,standard,nussinov,2,7.677114,5,LARGE
exo,standard,nussinov,3,7.611941,5,LARGE
exo,standard,nussinov,4,7.689424,5,LARGE
exo,standard,nussinov,5,7.643069,5,LARGE
exo,seidel-2d,27.167500,1.000,valid,5,LARGE
exo,standard,seidel-2d,1,27.169484,5,LARGE
exo,standard,seidel-2d,2,27.168284,5,LARGE
exo,standard,seidel-2d,3,27.166973,5,LARGE
exo,standard,seidel-2d,4,27.167171,5,LARGE
exo,standard,seidel-2d,5,27.166672,5,LARGE
exo,symm,1.608145,0.994,valid,5,LARGE
exo,standard,symm,1,1.580689,5,LARGE
exo,standard,symm,2,1.594090,5,LARGE
exo,standard,symm,3,1.589246,5,LARGE
exo,standard,symm,4,1.587775,5,LARGE
exo,standard,symm,5,1.599422,5,LARGE
exo,syr2k,1.419132,0.931,valid,5,LARGE
exo,standard,syr2k,1,1.416093,5,LARGE
exo,standard,syr2k,2,1.415708,5,LARGE
exo,standard,syr2k,3,1.413372,5,LARGE
exo,standard,syr2k,4,1.416509,5,LARGE
exo,standard,syr2k,5,1.419967,5,LARGE
exo,syrk,0.681743,0.967,valid,5,LARGE
exo,standard,syrk,1,0.676788,5,LARGE
exo,standard,syrk,2,0.675663,5,LARGE
exo,standard,syrk,3,0.674467,5,LARGE
exo,standard,syrk,4,0.676575,5,LARGE
exo,standard,syrk,5,0.678748,5,LARGE
exo,trisolv,0.003129,0.994,valid,5,LARGE
exo,standard,trisolv,1,0.003129,5,LARGE
exo,standard,trisolv,2,0.003110,5,LARGE
exo,standard,trisolv,3,0.003120,5,LARGE
exo,standard,trisolv,4,0.003119,5,LARGE
exo,standard,trisolv,5,0.003119,5,LARGE
exo,trmm,0.990403,1.002,valid,5,LARGE
exo,standard,trmm,1,1.002401,5,LARGE
exo,standard,trmm,2,0.998920,5,LARGE
exo,standard,trmm,3,1.001924,5,LARGE
exo,standard,trmm,4,0.990486,5,LARGE
exo,standard,trmm,5,0.998350,5,LARGE
Skipping C standard 2mm for dataset size LARGE (already done).
Skipping C standard 2mm for dataset size LARGE (already done).
Skipping C standard 3mm for dataset size LARGE (already done).
Skipping C standard 3mm for dataset size LARGE (already done).
Skipping C standard adi for dataset size LARGE (already done).
Skipping C standard adi for dataset size LARGE (already done).
Skipping C standard atax for dataset size LARGE (already done).
Skipping C standard atax for dataset size LARGE (already done).
Skipping C standard bicg for dataset size LARGE (already done).
Skipping C standard bicg for dataset size LARGE (already done).
Skipping C standard cholesky for dataset size LARGE (already done).
Skipping C standard cholesky for dataset size LARGE (already done).
Skipping C standard correlation for dataset size LARGE (already done).
Skipping C standard correlation for dataset size LARGE (already done).
Skipping C standard covariance for dataset size LARGE (already done).
Skipping C standard covariance for dataset size LARGE (already done).
Skipping C standard deriche for dataset size LARGE (already done).
Skipping C standard deriche for dataset size LARGE (already done).
Skipping C standard doitgen for dataset size LARGE (already done).
Skipping C standard doitgen for dataset size LARGE (already done).
Skipping C standard durbin for dataset size LARGE (already done).
Skipping C standard durbin for dataset size LARGE (already done).
Skipping C standard fdtd-2d for dataset size LARGE (already done).
Skipping C standard fdtd-2d for dataset size LARGE (already done).
Skipping C standard floyd-warshall for dataset size LARGE (already done).
Skipping C standard floyd-warshall for dataset size LARGE (already done).
Skipping C standard gemm for dataset size LARGE (already done).
Skipping C standard gemm for dataset size LARGE (already done).
Skipping C standard gemver for dataset size LARGE (already done).
Skipping C standard gemver for dataset size LARGE (already done).
Skipping C standard gesummv for dataset size LARGE (already done).
Skipping C standard gesummv for dataset size LARGE (already done).
Skipping C standard gramschmidt for dataset size LARGE (already done).
Skipping C standard gramschmidt for dataset size LARGE (already done).
Skipping C standard heat-3d for dataset size LARGE (already done).
Skipping C standard heat-3d for dataset size LARGE (already done).
Skipping C standard jacobi-1d for dataset size LARGE (already done).
Skipping C standard jacobi-1d for dataset size LARGE (already done).
Skipping C standard jacobi-2d for dataset size LARGE (already done).
Skipping C standard jacobi-2d for dataset size LARGE (already done).
Skipping C standard lu for dataset size LARGE (already done).
Skipping C standard lu for dataset size LARGE (already done).
Skipping C standard ludcmp for dataset size LARGE (already done).
Skipping C standard ludcmp for dataset size LARGE (already done).
Skipping C standard mvt for dataset size LARGE (already done).
Skipping C standard mvt for dataset size LARGE (already done).
Skipping C standard nussinov for dataset size LARGE (already done).
Skipping C standard nussinov for dataset size LARGE (already done).
Skipping C standard seidel-2d for dataset size LARGE (already done).
Skipping C standard seidel-2d for dataset size LARGE (already done).
Skipping C standard symm for dataset size LARGE (already done).
Skipping C standard symm for dataset size LARGE (already done).
Skipping C standard syr2k for dataset size LARGE (already done).
Skipping C standard syr2k for dataset size LARGE (already done).
Skipping C standard syrk for dataset size LARGE (already done).
Skipping C standard syrk for dataset size LARGE (already done).
Skipping C standard trisolv for dataset size LARGE (already done).
Skipping C standard trisolv for dataset size LARGE (already done).
Skipping C standard trmm for dataset size LARGE (already done).
Skipping C standard trmm for dataset size LARGE (already done).
-- The CXX compiler identification is GNU 15.2.0
-- Detecting CXX compiler ABI info
-- Detecting CXX compiler ABI info - done
-- Check for working CXX compiler: /usr/local/latestgcc/bin/g++ - skipped
-- Detecting CXX compile features
-- Detecting CXX compile features - done
-- Using NOARR_STRUCTURES_DIR from environment: /home/kleplj/translation/submodules/noarr-structures
-- Configuring done (0.4s)
-- Generating done (0.7s)
-- Build files have been written to: /home/kleplj/translation/PolybenchC-Noarr/build
[  8%] Building CXX object CMakeFiles/covariance.dir/datamining/covariance/covariance.cpp.o
[  8%] Building CXX object CMakeFiles/correlation.dir/datamining/correlation/correlation.cpp.o
[ 10%] Building CXX object CMakeFiles/syrk.dir/linear-algebra/blas/syrk/syrk.cpp.o
[ 10%] Building CXX object CMakeFiles/gemm.dir/linear-algebra/blas/gemm/gemm.cpp.o
[ 16%] Building CXX object CMakeFiles/gemver.dir/linear-algebra/blas/gemver/gemver.cpp.o
[ 16%] Building CXX object CMakeFiles/gesummv.dir/linear-algebra/blas/gesummv/gesummv.cpp.o
[ 16%] Building CXX object CMakeFiles/symm.dir/linear-algebra/blas/symm/symm.cpp.o
[ 26%] Building CXX object CMakeFiles/atax.dir/linear-algebra/kernels/atax/atax.cpp.o
[ 26%] Building CXX object CMakeFiles/syr2k.dir/linear-algebra/blas/syr2k/syr2k.cpp.o
[ 26%] Building CXX object CMakeFiles/doitgen.dir/linear-algebra/kernels/doitgen/doitgen.cpp.o
[ 26%] Building CXX object CMakeFiles/2mm.dir/linear-algebra/kernels/2mm/2mm.cpp.o
[ 26%] Building CXX object CMakeFiles/trmm.dir/linear-algebra/blas/trmm/trmm.cpp.o
[ 26%] Building CXX object CMakeFiles/bicg.dir/linear-algebra/kernels/bicg/bicg.cpp.o
[ 26%] Building CXX object CMakeFiles/3mm.dir/linear-algebra/kernels/3mm/3mm.cpp.o
[ 48%] Building CXX object CMakeFiles/lu.dir/linear-algebra/solvers/lu/lu.cpp.o
[ 48%] Building CXX object CMakeFiles/fdtd-2d.dir/stencils/fdtd-2d/fdtd-2d.cpp.o
[ 50%] Building CXX object CMakeFiles/floyd-warshall.dir/medley/floyd-warshall/floyd-warshall.cpp.o
[ 50%] Building CXX object CMakeFiles/durbin.dir/linear-algebra/solvers/durbin/durbin.cpp.o
[ 50%] Building CXX object CMakeFiles/nussinov.dir/medley/nussinov/nussinov.cpp.o
[ 50%] Building CXX object CMakeFiles/deriche.dir/medley/deriche/deriche.cpp.o
[ 50%] Building CXX object CMakeFiles/adi.dir/stencils/adi/adi.cpp.o
[ 50%] Building CXX object CMakeFiles/trisolv.dir/linear-algebra/solvers/trisolv/trisolv.cpp.o
[ 50%] Building CXX object CMakeFiles/heat-3d.dir/stencils/heat-3d/heat-3d.cpp.o
[ 50%] Building CXX object CMakeFiles/gramschmidt.dir/linear-algebra/solvers/gramschmidt/gramschmidt.cpp.o
[ 50%] Building CXX object CMakeFiles/cholesky.dir/linear-algebra/solvers/cholesky/cholesky.cpp.o
[ 50%] Building CXX object CMakeFiles/jacobi-1d.dir/stencils/jacobi-1d/jacobi-1d.cpp.o
[ 50%] Building CXX object CMakeFiles/ludcmp.dir/linear-algebra/solvers/ludcmp/ludcmp.cpp.o
[ 50%] Building CXX object CMakeFiles/jacobi-2d.dir/stencils/jacobi-2d/jacobi-2d.cpp.o
[ 50%] Building CXX object CMakeFiles/mvt.dir/linear-algebra/kernels/mvt/mvt.cpp.o
[ 50%] Building CXX object CMakeFiles/seidel-2d.dir/stencils/seidel-2d/seidel-2d.cpp.o
[ 51%] Linking CXX executable jacobi-1d
[ 53%] Linking CXX executable durbin
[ 53%] Built target jacobi-1d
[ 55%] Linking CXX executable trisolv
[ 55%] Built target durbin
[ 55%] Built target trisolv
[ 56%] Linking CXX executable gesummv
[ 58%] Linking CXX executable bicg
[ 60%] Linking CXX executable jacobi-2d
[ 61%] Linking CXX executable atax
[ 65%] Linking CXX executable mvt
[ 66%] Linking CXX executable seidel-2d
[ 66%] Linking CXX executable adi
[ 66%] Built target gesummv
[ 66%] Built target bicg
[ 68%] Linking CXX executable floyd-warshall
[ 68%] Built target jacobi-2d
[ 68%] Built target atax
[ 70%] Linking CXX executable deriche
[ 71%] Linking CXX executable cholesky
[ 73%] Linking CXX executable nussinov
[ 73%] Built target adi
[ 73%] Built target seidel-2d
[ 73%] Built target mvt
[ 73%] Built target floyd-warshall
[ 73%] Built target deriche
[ 73%] Built target cholesky
[ 73%] Built target nussinov
[ 75%] Linking CXX executable syrk
[ 76%] Linking CXX executable symm
[ 76%] Built target syrk
[ 81%] Linking CXX executable heat-3d
[ 81%] Linking CXX executable trmm
[ 81%] Linking CXX executable covariance
[ 83%] Linking CXX executable correlation
[ 83%] Built target symm
[ 85%] Linking CXX executable gramschmidt
[ 88%] Linking CXX executable gemver
[ 88%] Linking CXX executable syr2k
[ 88%] Built target covariance
[ 88%] Built target heat-3d
[ 88%] Built target correlation
[ 88%] Built target trmm
[ 88%] Built target gramschmidt
[ 90%] Linking CXX executable gemm
[ 91%] Linking CXX executable ludcmp
[ 91%] Built target gemver
[ 91%] Built target syr2k
[ 91%] Built target gemm
[ 91%] Built target ludcmp
[ 93%] Linking CXX executable fdtd-2d
[ 93%] Built target fdtd-2d
[ 95%] Linking CXX executable doitgen
[ 95%] Built target doitgen
[ 96%] Linking CXX executable 2mm
[ 96%] Built target 2mm
[ 98%] Linking CXX executable 3mm
[ 98%] Built target 3mm
Skipping noarr translation 2mm repetition 1 for dataset size LARGE (already done).
Skipping noarr translation 2mm repetition 1 for dataset size LARGE (already done).
Skipping noarr translation 3mm repetition 1 for dataset size LARGE (already done).
Skipping noarr translation 3mm repetition 1 for dataset size LARGE (already done).
Skipping noarr translation adi repetition 1 for dataset size LARGE (already done).
Skipping noarr translation adi repetition 1 for dataset size LARGE (already done).
Skipping noarr translation atax repetition 1 for dataset size LARGE (already done).
Skipping noarr translation atax repetition 1 for dataset size LARGE (already done).
Skipping noarr translation bicg repetition 1 for dataset size LARGE (already done).
Skipping noarr translation bicg repetition 1 for dataset size LARGE (already done).
Skipping noarr translation correlation repetition 1 for dataset size LARGE (already done).
Skipping noarr translation correlation repetition 1 for dataset size LARGE (already done).
Skipping noarr translation covariance repetition 1 for dataset size LARGE (already done).
Skipping noarr translation covariance repetition 1 for dataset size LARGE (already done).
Skipping noarr translation deriche repetition 1 for dataset size LARGE (already done).
Skipping noarr translation deriche repetition 1 for dataset size LARGE (already done).
Skipping noarr translation doitgen repetition 1 for dataset size LARGE (already done).
Skipping noarr translation doitgen repetition 1 for dataset size LARGE (already done).
Skipping noarr translation durbin repetition 1 for dataset size LARGE (already done).
Skipping noarr translation durbin repetition 1 for dataset size LARGE (already done).
Skipping noarr translation fdtd-2d repetition 1 for dataset size LARGE (already done).
Skipping noarr translation fdtd-2d repetition 1 for dataset size LARGE (already done).
Skipping noarr translation floyd-warshall repetition 1 for dataset size LARGE (already done).
Skipping noarr translation floyd-warshall repetition 1 for dataset size LARGE (already done).
Skipping noarr translation gemm repetition 1 for dataset size LARGE (already done).
Skipping noarr translation gemm repetition 1 for dataset size LARGE (already done).
Skipping noarr translation gemver repetition 1 for dataset size LARGE (already done).
Skipping noarr translation gemver repetition 1 for dataset size LARGE (already done).
Skipping noarr translation gesummv repetition 1 for dataset size LARGE (already done).
Skipping noarr translation gesummv repetition 1 for dataset size LARGE (already done).
Skipping noarr translation heat-3d repetition 1 for dataset size LARGE (already done).
Skipping noarr translation heat-3d repetition 1 for dataset size LARGE (already done).
Skipping noarr translation jacobi-1d repetition 1 for dataset size LARGE (already done).
Skipping noarr translation jacobi-1d repetition 1 for dataset size LARGE (already done).
Skipping noarr translation jacobi-2d repetition 1 for dataset size LARGE (already done).
Skipping noarr translation jacobi-2d repetition 1 for dataset size LARGE (already done).
Skipping noarr translation ludcmp repetition 1 for dataset size LARGE (already done).
Skipping noarr translation ludcmp repetition 1 for dataset size LARGE (already done).
Skipping noarr translation mvt repetition 1 for dataset size LARGE (already done).
Skipping noarr translation mvt repetition 1 for dataset size LARGE (already done).
Skipping noarr translation seidel-2d repetition 1 for dataset size LARGE (already done).
Skipping noarr translation seidel-2d repetition 1 for dataset size LARGE (already done).
Skipping noarr translation symm repetition 1 for dataset size LARGE (already done).
Skipping noarr translation symm repetition 1 for dataset size LARGE (already done).
Skipping noarr translation syr2k repetition 1 for dataset size LARGE (already done).
Skipping noarr translation syr2k repetition 1 for dataset size LARGE (already done).
Skipping noarr translation syrk repetition 1 for dataset size LARGE (already done).
Skipping noarr translation syrk repetition 1 for dataset size LARGE (already done).
Skipping noarr translation trmm repetition 1 for dataset size LARGE (already done).
Skipping noarr translation trmm repetition 1 for dataset size LARGE (already done).
-- The CXX compiler identification is GNU 15.2.0
-- Detecting CXX compiler ABI info
-- Detecting CXX compiler ABI info - done
-- Check for working CXX compiler: /usr/local/latestgcc/bin/g++ - skipped
-- Detecting CXX compile features
-- Detecting CXX compile features - done
-- Using NOARR_STRUCTURES_DIR from environment: /home/kleplj/translation/submodules/noarr-structures
-- Configuring done (0.5s)
-- Generating done (0.7s)
-- Build files have been written to: /home/kleplj/translation/PolybenchC-Noarr/build
[  5%] Building CXX object CMakeFiles/correlation.dir/datamining/correlation/correlation.cpp.o
[ 10%] Building CXX object CMakeFiles/covariance.dir/datamining/covariance/covariance.cpp.o
[ 15%] Building CXX object CMakeFiles/symm.dir/linear-algebra/blas/symm/symm.cpp.o
[ 10%] Building CXX object CMakeFiles/gemm.dir/linear-algebra/blas/gemm/gemm.cpp.o
[ 18%] Building CXX object CMakeFiles/trmm.dir/linear-algebra/blas/trmm/trmm.cpp.o
[ 18%] Building CXX object CMakeFiles/syrk.dir/linear-algebra/blas/syrk/syrk.cpp.o
[ 18%] Building CXX object CMakeFiles/gemver.dir/linear-algebra/blas/gemver/gemver.cpp.o
[ 18%] Building CXX object CMakeFiles/syr2k.dir/linear-algebra/blas/syr2k/syr2k.cpp.o
[ 18%] Building CXX object CMakeFiles/gesummv.dir/linear-algebra/blas/gesummv/gesummv.cpp.o
[ 50%] Building CXX object CMakeFiles/cholesky.dir/linear-algebra/solvers/cholesky/cholesky.cpp.o
[ 50%] Building CXX object CMakeFiles/fdtd-2d.dir/stencils/fdtd-2d/fdtd-2d.cpp.o
[ 50%] Building CXX object CMakeFiles/atax.dir/linear-algebra/kernels/atax/atax.cpp.o
[ 50%] Building CXX object CMakeFiles/mvt.dir/linear-algebra/kernels/mvt/mvt.cpp.o
[ 50%] Building CXX object CMakeFiles/2mm.dir/linear-algebra/kernels/2mm/2mm.cpp.o
[ 50%] Building CXX object CMakeFiles/floyd-warshall.dir/medley/floyd-warshall/floyd-warshall.cpp.o
[ 50%] Building CXX object CMakeFiles/3mm.dir/linear-algebra/kernels/3mm/3mm.cpp.o
[ 50%] Building CXX object CMakeFiles/jacobi-1d.dir/stencils/jacobi-1d/jacobi-1d.cpp.o
[ 50%] Building CXX object CMakeFiles/bicg.dir/linear-algebra/kernels/bicg/bicg.cpp.o
[ 50%] Building CXX object CMakeFiles/nussinov.dir/medley/nussinov/nussinov.cpp.o
[ 50%] Building CXX object CMakeFiles/adi.dir/stencils/adi/adi.cpp.o
[ 50%] Building CXX object CMakeFiles/trisolv.dir/linear-algebra/solvers/trisolv/trisolv.cpp.o
[ 50%] Building CXX object CMakeFiles/ludcmp.dir/linear-algebra/solvers/ludcmp/ludcmp.cpp.o
[ 50%] Building CXX object CMakeFiles/deriche.dir/medley/deriche/deriche.cpp.o
[ 50%] Building CXX object CMakeFiles/gramschmidt.dir/linear-algebra/solvers/gramschmidt/gramschmidt.cpp.o
[ 50%] Building CXX object CMakeFiles/jacobi-2d.dir/stencils/jacobi-2d/jacobi-2d.cpp.o
[ 50%] Building CXX object CMakeFiles/doitgen.dir/linear-algebra/kernels/doitgen/doitgen.cpp.o
[ 50%] Building CXX object CMakeFiles/heat-3d.dir/stencils/heat-3d/heat-3d.cpp.o
[ 50%] Building CXX object CMakeFiles/lu.dir/linear-algebra/solvers/lu/lu.cpp.o
[ 50%] Building CXX object CMakeFiles/durbin.dir/linear-algebra/solvers/durbin/durbin.cpp.o
[ 50%] Building CXX object CMakeFiles/seidel-2d.dir/stencils/seidel-2d/seidel-2d.cpp.o
[ 51%] Linking CXX executable durbin
[ 53%] Linking CXX executable jacobi-1d
[ 53%] Built target durbin
[ 53%] Built target jacobi-1d
[ 55%] Linking CXX executable floyd-warshall
[ 56%] Linking CXX executable nussinov
[ 58%] Linking CXX executable seidel-2d
[ 60%] Linking CXX executable trisolv
[ 60%] Built target floyd-warshall
[ 61%] Linking CXX executable gesummv
[ 63%] Linking CXX executable atax
[ 63%] Built target seidel-2d
[ 63%] Built target nussinov
[ 63%] Built target trisolv
[ 65%] Linking CXX executable jacobi-2d
[ 65%] Built target gesummv
[ 66%] Linking CXX executable bicg
[ 66%] Built target atax
[ 68%] Linking CXX executable trmm
[ 71%] Linking CXX executable mvt
[ 71%] Linking CXX executable deriche
[ 71%] Built target jacobi-2d
[ 73%] Linking CXX executable lu
[ 73%] Built target bicg
[ 75%] Linking CXX executable symm
[ 75%] Built target trmm
[ 76%] Linking CXX executable cholesky
[ 76%] Built target deriche
[ 76%] Built target mvt
[ 78%] Built target lu
[ 78%] Linking CXX executable covariance
[ 80%] Linking CXX executable gemver
[ 80%] Built target symm
[ 81%] Linking CXX executable syrk
[ 81%] Built target cholesky
[ 81%] Built target covariance
[ 83%] Linking CXX executable heat-3d
[ 85%] Linking CXX executable syr2k
[ 86%] Linking CXX executable gramschmidt
[ 86%] Built target gemver
[ 86%] Built target syrk
[ 88%] Linking CXX executable doitgen
[ 88%] Built target heat-3d
[ 90%] Linking CXX executable gemm
[ 90%] Built target syr2k
[ 90%] Built target gramschmidt
[ 90%] Built target doitgen
[ 91%] Linking CXX executable fdtd-2d
[ 91%] Built target gemm
[ 91%] Built target fdtd-2d
[ 93%] Linking CXX executable correlation
[ 93%] Built target correlation
[ 95%] Linking CXX executable 2mm
[ 95%] Built target 2mm
[ 96%] Linking CXX executable 3mm
[ 96%] Built target 3mm
Skipping noarr translation 2mm repetition 2 for dataset size LARGE (already done).
Skipping noarr translation 2mm repetition 2 for dataset size LARGE (already done).
Skipping noarr translation 3mm repetition 2 for dataset size LARGE (already done).
Skipping noarr translation 3mm repetition 2 for dataset size LARGE (already done).
Skipping noarr translation atax repetition 2 for dataset size LARGE (already done).
Skipping noarr translation atax repetition 2 for dataset size LARGE (already done).
Skipping noarr translation bicg repetition 2 for dataset size LARGE (already done).
Skipping noarr translation bicg repetition 2 for dataset size LARGE (already done).
Skipping noarr translation correlation repetition 2 for dataset size LARGE (already done).
Skipping noarr translation correlation repetition 2 for dataset size LARGE (already done).
Skipping noarr translation covariance repetition 2 for dataset size LARGE (already done).
Skipping noarr translation covariance repetition 2 for dataset size LARGE (already done).
Skipping noarr translation deriche repetition 2 for dataset size LARGE (already done).
Skipping noarr translation deriche repetition 2 for dataset size LARGE (already done).
Skipping noarr translation doitgen repetition 2 for dataset size LARGE (already done).
Skipping noarr translation doitgen repetition 2 for dataset size LARGE (already done).
Skipping noarr translation durbin repetition 2 for dataset size LARGE (already done).
Skipping noarr translation durbin repetition 2 for dataset size LARGE (already done).
Skipping noarr translation fdtd-2d repetition 2 for dataset size LARGE (already done).
Skipping noarr translation fdtd-2d repetition 2 for dataset size LARGE (already done).
Skipping noarr translation floyd-warshall repetition 2 for dataset size LARGE (already done).
Skipping noarr translation floyd-warshall repetition 2 for dataset size LARGE (already done).
Skipping noarr translation gemm repetition 2 for dataset size LARGE (already done).
Skipping noarr translation gemm repetition 2 for dataset size LARGE (already done).
Skipping noarr translation gemver repetition 2 for dataset size LARGE (already done).
Skipping noarr translation gemver repetition 2 for dataset size LARGE (already done).
Skipping noarr translation gesummv repetition 2 for dataset size LARGE (already done).
Skipping noarr translation gesummv repetition 2 for dataset size LARGE (already done).
Skipping noarr translation heat-3d repetition 2 for dataset size LARGE (already done).
Skipping noarr translation heat-3d repetition 2 for dataset size LARGE (already done).
Skipping noarr translation jacobi-1d repetition 2 for dataset size LARGE (already done).
Skipping noarr translation jacobi-1d repetition 2 for dataset size LARGE (already done).
Skipping noarr translation jacobi-2d repetition 2 for dataset size LARGE (already done).
Skipping noarr translation jacobi-2d repetition 2 for dataset size LARGE (already done).
Skipping noarr translation lu repetition 2 for dataset size LARGE (already done).
Skipping noarr translation lu repetition 2 for dataset size LARGE (already done).
Skipping noarr translation mvt repetition 2 for dataset size LARGE (already done).
Skipping noarr translation mvt repetition 2 for dataset size LARGE (already done).
Skipping noarr translation seidel-2d repetition 2 for dataset size LARGE (already done).
Skipping noarr translation seidel-2d repetition 2 for dataset size LARGE (already done).
Skipping noarr translation symm repetition 2 for dataset size LARGE (already done).
Skipping noarr translation symm repetition 2 for dataset size LARGE (already done).
Skipping noarr translation syr2k repetition 2 for dataset size LARGE (already done).
Skipping noarr translation syr2k repetition 2 for dataset size LARGE (already done).
Skipping noarr translation syrk repetition 2 for dataset size LARGE (already done).
Skipping noarr translation syrk repetition 2 for dataset size LARGE (already done).
Skipping noarr translation trisolv repetition 2 for dataset size LARGE (already done).
Skipping noarr translation trisolv repetition 2 for dataset size LARGE (already done).
Skipping noarr translation trmm repetition 2 for dataset size LARGE (already done).
Skipping noarr translation trmm repetition 2 for dataset size LARGE (already done).
-- The CXX compiler identification is GNU 15.2.0
-- Detecting CXX compiler ABI info
-- Detecting CXX compiler ABI info - done
-- Check for working CXX compiler: /usr/local/latestgcc/bin/g++ - skipped
-- Detecting CXX compile features
-- Detecting CXX compile features - done
-- Using NOARR_STRUCTURES_DIR from environment: /home/kleplj/translation/submodules/noarr-structures
-- Configuring done (0.4s)
-- Generating done (0.7s)
-- Build files have been written to: /home/kleplj/translation/PolybenchC-Noarr/build
[  6%] Building CXX object CMakeFiles/correlation.dir/datamining/correlation/correlation.cpp.o
[ 10%] Building CXX object CMakeFiles/covariance.dir/datamining/covariance/covariance.cpp.o
[ 10%] Building CXX object CMakeFiles/gemver.dir/linear-algebra/blas/gemver/gemver.cpp.o
[ 10%] Building CXX object CMakeFiles/gemm.dir/linear-algebra/blas/gemm/gemm.cpp.o
[ 18%] Building CXX object CMakeFiles/symm.dir/linear-algebra/blas/symm/symm.cpp.o
[ 18%] Building CXX object CMakeFiles/gesummv.dir/linear-algebra/blas/gesummv/gesummv.cpp.o
[ 18%] Building CXX object CMakeFiles/syr2k.dir/linear-algebra/blas/syr2k/syr2k.cpp.o
[ 18%] Building CXX object CMakeFiles/syrk.dir/linear-algebra/blas/syrk/syrk.cpp.o
[ 18%] Building CXX object CMakeFiles/trmm.dir/linear-algebra/blas/trmm/trmm.cpp.o
[ 33%] Building CXX object CMakeFiles/cholesky.dir/linear-algebra/solvers/cholesky/cholesky.cpp.o
[ 50%] Building CXX object CMakeFiles/ludcmp.dir/linear-algebra/solvers/ludcmp/ludcmp.cpp.o
[ 50%] Building CXX object CMakeFiles/doitgen.dir/linear-algebra/kernels/doitgen/doitgen.cpp.o
[ 50%] Building CXX object CMakeFiles/lu.dir/linear-algebra/solvers/lu/lu.cpp.o
[ 50%] Building CXX object CMakeFiles/fdtd-2d.dir/stencils/fdtd-2d/fdtd-2d.cpp.o
[ 50%] Building CXX object CMakeFiles/deriche.dir/medley/deriche/deriche.cpp.o
[ 50%] Building CXX object CMakeFiles/nussinov.dir/medley/nussinov/nussinov.cpp.o
[ 50%] Building CXX object CMakeFiles/mvt.dir/linear-algebra/kernels/mvt/mvt.cpp.o
[ 50%] Building CXX object CMakeFiles/2mm.dir/linear-algebra/kernels/2mm/2mm.cpp.o
[ 50%] Building CXX object CMakeFiles/3mm.dir/linear-algebra/kernels/3mm/3mm.cpp.o
[ 50%] Building CXX object CMakeFiles/atax.dir/linear-algebra/kernels/atax/atax.cpp.o
[ 50%] Building CXX object CMakeFiles/gramschmidt.dir/linear-algebra/solvers/gramschmidt/gramschmidt.cpp.o
[ 50%] Building CXX object CMakeFiles/bicg.dir/linear-algebra/kernels/bicg/bicg.cpp.o
[ 50%] Building CXX object CMakeFiles/jacobi-1d.dir/stencils/jacobi-1d/jacobi-1d.cpp.o
[ 50%] Building CXX object CMakeFiles/floyd-warshall.dir/medley/floyd-warshall/floyd-warshall.cpp.o
[ 50%] Building CXX object CMakeFiles/durbin.dir/linear-algebra/solvers/durbin/durbin.cpp.o
[ 50%] Building CXX object CMakeFiles/adi.dir/stencils/adi/adi.cpp.o
[ 50%] Building CXX object CMakeFiles/heat-3d.dir/stencils/heat-3d/heat-3d.cpp.o
[ 50%] Building CXX object CMakeFiles/trisolv.dir/linear-algebra/solvers/trisolv/trisolv.cpp.o
[ 50%] Building CXX object CMakeFiles/jacobi-2d.dir/stencils/jacobi-2d/jacobi-2d.cpp.o
[ 50%] Building CXX object CMakeFiles/seidel-2d.dir/stencils/seidel-2d/seidel-2d.cpp.o
[ 51%] Linking CXX executable jacobi-1d
[ 53%] Linking CXX executable durbin
[ 55%] Linking CXX executable trisolv
[ 55%] Built target jacobi-1d
[ 55%] Built target durbin
[ 55%] Built target trisolv
[ 56%] Linking CXX executable cholesky
[ 58%] Linking CXX executable gesummv
[ 60%] Linking CXX executable jacobi-2d
[ 61%] Linking CXX executable seidel-2d
[ 61%] Built target cholesky
[ 63%] Linking CXX executable atax
[ 66%] Linking CXX executable floyd-warshall
[ 66%] Linking CXX executable adi
[ 66%] Built target gesummv
[ 66%] Built target jacobi-2d
[ 68%] Linking CXX executable mvt
[ 68%] Built target seidel-2d
[ 68%] Built target floyd-warshall
[ 68%] Built target atax
[ 68%] Built target adi
[ 71%] Linking CXX executable bicg
[ 71%] Linking CXX executable deriche
[ 71%] Built target mvt
[ 73%] Linking CXX executable gemver
[ 73%] Built target bicg
[ 73%] Built target deriche
[ 75%] Linking CXX executable symm
[ 75%] Built target gemver
[ 76%] Linking CXX executable syr2k
[ 76%] Built target symm
[ 78%] Linking CXX executable gramschmidt
[ 80%] Linking CXX executable trmm
[ 80%] Built target syr2k
[ 81%] Linking CXX executable heat-3d
[ 81%] Built target gramschmidt
[ 83%] Linking CXX executable gemm
[ 85%] Built target trmm
[ 85%] Linking CXX executable syrk
[ 85%] Built target heat-3d
[ 85%] Built target gemm
[ 86%] Built target syrk
[ 86%] Linking CXX executable fdtd-2d
[ 88%] Linking CXX executable covariance
[ 88%] Built target fdtd-2d
[ 90%] Linking CXX executable correlation
[ 90%] Built target covariance
[ 91%] Linking CXX executable doitgen
[ 91%] Built target correlation
[ 91%] Built target doitgen
[ 93%] Linking CXX executable 2mm
[ 93%] Built target 2mm
[ 95%] Linking CXX executable 3mm
[ 95%] Built target 3mm
Skipping noarr translation 2mm repetition 3 for dataset size LARGE (already done).
Skipping noarr translation 2mm repetition 3 for dataset size LARGE (already done).
Skipping noarr translation 3mm repetition 3 for dataset size LARGE (already done).
Skipping noarr translation 3mm repetition 3 for dataset size LARGE (already done).
Skipping noarr translation adi repetition 3 for dataset size LARGE (already done).
Skipping noarr translation adi repetition 3 for dataset size LARGE (already done).
Skipping noarr translation atax repetition 3 for dataset size LARGE (already done).
Skipping noarr translation atax repetition 3 for dataset size LARGE (already done).
Skipping noarr translation bicg repetition 3 for dataset size LARGE (already done).
Skipping noarr translation bicg repetition 3 for dataset size LARGE (already done).
Skipping noarr translation correlation repetition 3 for dataset size LARGE (already done).
Skipping noarr translation correlation repetition 3 for dataset size LARGE (already done).
Skipping noarr translation covariance repetition 3 for dataset size LARGE (already done).
Skipping noarr translation covariance repetition 3 for dataset size LARGE (already done).
Skipping noarr translation deriche repetition 3 for dataset size LARGE (already done).
Skipping noarr translation deriche repetition 3 for dataset size LARGE (already done).
Skipping noarr translation doitgen repetition 3 for dataset size LARGE (already done).
Skipping noarr translation doitgen repetition 3 for dataset size LARGE (already done).
Skipping noarr translation durbin repetition 3 for dataset size LARGE (already done).
Skipping noarr translation durbin repetition 3 for dataset size LARGE (already done).
Skipping noarr translation fdtd-2d repetition 3 for dataset size LARGE (already done).
Skipping noarr translation fdtd-2d repetition 3 for dataset size LARGE (already done).
Skipping noarr translation floyd-warshall repetition 3 for dataset size LARGE (already done).
Skipping noarr translation floyd-warshall repetition 3 for dataset size LARGE (already done).
Skipping noarr translation gemm repetition 3 for dataset size LARGE (already done).
Skipping noarr translation gemm repetition 3 for dataset size LARGE (already done).
Skipping noarr translation gemver repetition 3 for dataset size LARGE (already done).
Skipping noarr translation gemver repetition 3 for dataset size LARGE (already done).
Skipping noarr translation gesummv repetition 3 for dataset size LARGE (already done).
Skipping noarr translation gesummv repetition 3 for dataset size LARGE (already done).
Skipping noarr translation heat-3d repetition 3 for dataset size LARGE (already done).
Skipping noarr translation heat-3d repetition 3 for dataset size LARGE (already done).
Skipping noarr translation jacobi-1d repetition 3 for dataset size LARGE (already done).
Skipping noarr translation jacobi-1d repetition 3 for dataset size LARGE (already done).
Skipping noarr translation jacobi-2d repetition 3 for dataset size LARGE (already done).
Skipping noarr translation jacobi-2d repetition 3 for dataset size LARGE (already done).
Skipping noarr translation mvt repetition 3 for dataset size LARGE (already done).
Skipping noarr translation mvt repetition 3 for dataset size LARGE (already done).
Skipping noarr translation seidel-2d repetition 3 for dataset size LARGE (already done).
Skipping noarr translation seidel-2d repetition 3 for dataset size LARGE (already done).
Skipping noarr translation symm repetition 3 for dataset size LARGE (already done).
Skipping noarr translation symm repetition 3 for dataset size LARGE (already done).
Skipping noarr translation syr2k repetition 3 for dataset size LARGE (already done).
Skipping noarr translation syr2k repetition 3 for dataset size LARGE (already done).
Skipping noarr translation trmm repetition 3 for dataset size LARGE (already done).
Skipping noarr translation trmm repetition 3 for dataset size LARGE (already done).
-- The CXX compiler identification is GNU 15.2.0
-- Detecting CXX compiler ABI info
-- Detecting CXX compiler ABI info - done
-- Check for working CXX compiler: /usr/local/latestgcc/bin/g++ - skipped
-- Detecting CXX compile features
-- Detecting CXX compile features - done
-- Using NOARR_STRUCTURES_DIR from environment: /home/kleplj/translation/submodules/noarr-structures
-- Configuring done (0.4s)
-- Generating done (0.7s)
-- Build files have been written to: /home/kleplj/translation/PolybenchC-Noarr/build
[  6%] Building CXX object CMakeFiles/correlation.dir/datamining/correlation/correlation.cpp.o
[  6%] Building CXX object CMakeFiles/covariance.dir/datamining/covariance/covariance.cpp.o
[ 16%] Building CXX object CMakeFiles/gesummv.dir/linear-algebra/blas/gesummv/gesummv.cpp.o
[ 16%] Building CXX object CMakeFiles/gemver.dir/linear-algebra/blas/gemver/gemver.cpp.o
[ 16%] Building CXX object CMakeFiles/trmm.dir/linear-algebra/blas/trmm/trmm.cpp.o
[ 16%] Building CXX object CMakeFiles/gemm.dir/linear-algebra/blas/gemm/gemm.cpp.o
[ 16%] Building CXX object CMakeFiles/2mm.dir/linear-algebra/kernels/2mm/2mm.cpp.o
[ 16%] Building CXX object CMakeFiles/symm.dir/linear-algebra/blas/symm/symm.cpp.o
[ 48%] Building CXX object CMakeFiles/syrk.dir/linear-algebra/blas/syrk/syrk.cpp.o
[ 48%] Building CXX object CMakeFiles/atax.dir/linear-algebra/kernels/atax/atax.cpp.o
[ 48%] Building CXX object CMakeFiles/mvt.dir/linear-algebra/kernels/mvt/mvt.cpp.o
[ 48%] Building CXX object CMakeFiles/syr2k.dir/linear-algebra/blas/syr2k/syr2k.cpp.o
[ 48%] Building CXX object CMakeFiles/doitgen.dir/linear-algebra/kernels/doitgen/doitgen.cpp.o
[ 48%] Building CXX object CMakeFiles/3mm.dir/linear-algebra/kernels/3mm/3mm.cpp.o
[ 48%] Building CXX object CMakeFiles/bicg.dir/linear-algebra/kernels/bicg/bicg.cpp.o
[ 50%] Building CXX object CMakeFiles/seidel-2d.dir/stencils/seidel-2d/seidel-2d.cpp.o
[ 50%] Building CXX object CMakeFiles/gramschmidt.dir/linear-algebra/solvers/gramschmidt/gramschmidt.cpp.o
[ 50%] Building CXX object CMakeFiles/durbin.dir/linear-algebra/solvers/durbin/durbin.cpp.o
[ 50%] Building CXX object CMakeFiles/trisolv.dir/linear-algebra/solvers/trisolv/trisolv.cpp.o
[ 50%] Building CXX object CMakeFiles/heat-3d.dir/stencils/heat-3d/heat-3d.cpp.o
[ 50%] Building CXX object CMakeFiles/nussinov.dir/medley/nussinov/nussinov.cpp.o
[ 50%] Building CXX object CMakeFiles/deriche.dir/medley/deriche/deriche.cpp.o
[ 50%] Building CXX object CMakeFiles/ludcmp.dir/linear-algebra/solvers/ludcmp/ludcmp.cpp.o
[ 50%] Building CXX object CMakeFiles/floyd-warshall.dir/medley/floyd-warshall/floyd-warshall.cpp.o
[ 50%] Building CXX object CMakeFiles/fdtd-2d.dir/stencils/fdtd-2d/fdtd-2d.cpp.o
[ 50%] Building CXX object CMakeFiles/lu.dir/linear-algebra/solvers/lu/lu.cpp.o
[ 50%] Building CXX object CMakeFiles/jacobi-1d.dir/stencils/jacobi-1d/jacobi-1d.cpp.o
[ 50%] Building CXX object CMakeFiles/adi.dir/stencils/adi/adi.cpp.o
[ 50%] Building CXX object CMakeFiles/cholesky.dir/linear-algebra/solvers/cholesky/cholesky.cpp.o
[ 50%] Building CXX object CMakeFiles/jacobi-2d.dir/stencils/jacobi-2d/jacobi-2d.cpp.o
[ 51%] Linking CXX executable jacobi-1d
[ 53%] Linking CXX executable durbin
[ 53%] Built target jacobi-1d
[ 55%] Linking CXX executable atax
[ 56%] Linking CXX executable jacobi-2d
[ 56%] Built target durbin
[ 58%] Linking CXX executable seidel-2d
[ 60%] Linking CXX executable gesummv
[ 61%] Linking CXX executable bicg
[ 63%] Linking CXX executable trisolv
[ 63%] Built target atax
[ 65%] Linking CXX executable nussinov
[ 65%] Built target jacobi-2d
[ 65%] Built target seidel-2d
[ 66%] Linking CXX executable mvt
[ 66%] Built target gesummv
[ 66%] Built target bicg
[ 70%] Linking CXX executable floyd-warshall
[ 70%] Linking CXX executable deriche
[ 70%] Built target trisolv
[ 70%] Built target nussinov
[ 71%] Linking CXX executable cholesky
[ 71%] Built target mvt
[ 73%] Linking CXX executable adi
[ 73%] Built target deriche
[ 73%] Built target floyd-warshall
[ 75%] Built target cholesky
[ 75%] Linking CXX executable trmm
[ 76%] Linking CXX executable heat-3d
[ 78%] Linking CXX executable gemver
[ 78%] Built target adi
[ 80%] Linking CXX executable covariance
[ 81%] Linking CXX executable gramschmidt
[ 81%] Built target trmm
[ 83%] Linking CXX executable syrk
[ 83%] Built target heat-3d
[ 83%] Built target gemver
[ 85%] Linking CXX executable fdtd-2d
[ 85%] Built target covariance
[ 85%] Built target gramschmidt
[ 86%] Linking CXX executable symm
[ 86%] Built target syrk
[ 88%] Linking CXX executable gemm
[ 88%] Built target fdtd-2d
[ 88%] Built target symm
[ 88%] Built target gemm
[ 90%] Linking CXX executable correlation
[ 90%] Built target correlation
[ 91%] Linking CXX executable doitgen
[ 91%] Built target doitgen
[ 93%] Linking CXX executable 2mm
[ 93%] Built target 2mm
[ 95%] Linking CXX executable 3mm
[ 95%] Built target 3mm
Skipping noarr translation 2mm repetition 4 for dataset size LARGE (already done).
Skipping noarr translation 2mm repetition 4 for dataset size LARGE (already done).
Skipping noarr translation 3mm repetition 4 for dataset size LARGE (already done).
Skipping noarr translation 3mm repetition 4 for dataset size LARGE (already done).
Skipping noarr translation adi repetition 4 for dataset size LARGE (already done).
Skipping noarr translation adi repetition 4 for dataset size LARGE (already done).
Skipping noarr translation atax repetition 4 for dataset size LARGE (already done).
Skipping noarr translation atax repetition 4 for dataset size LARGE (already done).
Skipping noarr translation bicg repetition 4 for dataset size LARGE (already done).
Skipping noarr translation bicg repetition 4 for dataset size LARGE (already done).
Skipping noarr translation correlation repetition 4 for dataset size LARGE (already done).
Skipping noarr translation correlation repetition 4 for dataset size LARGE (already done).
Skipping noarr translation covariance repetition 4 for dataset size LARGE (already done).
Skipping noarr translation covariance repetition 4 for dataset size LARGE (already done).
Skipping noarr translation deriche repetition 4 for dataset size LARGE (already done).
Skipping noarr translation deriche repetition 4 for dataset size LARGE (already done).
Skipping noarr translation fdtd-2d repetition 4 for dataset size LARGE (already done).
Skipping noarr translation fdtd-2d repetition 4 for dataset size LARGE (already done).
Skipping noarr translation floyd-warshall repetition 4 for dataset size LARGE (already done).
Skipping noarr translation floyd-warshall repetition 4 for dataset size LARGE (already done).
Skipping noarr translation gemm repetition 4 for dataset size LARGE (already done).
Skipping noarr translation gemm repetition 4 for dataset size LARGE (already done).
Skipping noarr translation gesummv repetition 4 for dataset size LARGE (already done).
Skipping noarr translation gesummv repetition 4 for dataset size LARGE (already done).
Skipping noarr translation heat-3d repetition 4 for dataset size LARGE (already done).
Skipping noarr translation heat-3d repetition 4 for dataset size LARGE (already done).
Skipping noarr translation jacobi-1d repetition 4 for dataset size LARGE (already done).
Skipping noarr translation jacobi-1d repetition 4 for dataset size LARGE (already done).
Skipping noarr translation jacobi-2d repetition 4 for dataset size LARGE (already done).
Skipping noarr translation jacobi-2d repetition 4 for dataset size LARGE (already done).
Skipping noarr translation mvt repetition 4 for dataset size LARGE (already done).
Skipping noarr translation mvt repetition 4 for dataset size LARGE (already done).
Skipping noarr translation seidel-2d repetition 4 for dataset size LARGE (already done).
Skipping noarr translation seidel-2d repetition 4 for dataset size LARGE (already done).
Skipping noarr translation symm repetition 4 for dataset size LARGE (already done).
Skipping noarr translation symm repetition 4 for dataset size LARGE (already done).
Skipping noarr translation syrk repetition 4 for dataset size LARGE (already done).
Skipping noarr translation syrk repetition 4 for dataset size LARGE (already done).
Skipping noarr translation trisolv repetition 4 for dataset size LARGE (already done).
Skipping noarr translation trisolv repetition 4 for dataset size LARGE (already done).
Skipping noarr translation trmm repetition 4 for dataset size LARGE (already done).
Skipping noarr translation trmm repetition 4 for dataset size LARGE (already done).
-- The CXX compiler identification is GNU 15.2.0
-- Detecting CXX compiler ABI info
-- Detecting CXX compiler ABI info - done
-- Check for working CXX compiler: /usr/local/latestgcc/bin/g++ - skipped
-- Detecting CXX compile features
-- Detecting CXX compile features - done
-- Using NOARR_STRUCTURES_DIR from environment: /home/kleplj/translation/submodules/noarr-structures
-- Configuring done (0.5s)
-- Generating done (0.7s)
-- Build files have been written to: /home/kleplj/translation/PolybenchC-Noarr/build
[ 13%] Building CXX object CMakeFiles/correlation.dir/datamining/correlation/correlation.cpp.o
[ 13%] Building CXX object CMakeFiles/covariance.dir/datamining/covariance/covariance.cpp.o
[ 13%] Building CXX object CMakeFiles/gemm.dir/linear-algebra/blas/gemm/gemm.cpp.o
[ 13%] Building CXX object CMakeFiles/gesummv.dir/linear-algebra/blas/gesummv/gesummv.cpp.o
[ 13%] Building CXX object CMakeFiles/gemver.dir/linear-algebra/blas/gemver/gemver.cpp.o
[ 23%] Building CXX object CMakeFiles/syrk.dir/linear-algebra/blas/syrk/syrk.cpp.o
[ 23%] Building CXX object CMakeFiles/symm.dir/linear-algebra/blas/symm/symm.cpp.o
[ 23%] Building CXX object CMakeFiles/3mm.dir/linear-algebra/kernels/3mm/3mm.cpp.o
[ 23%] Building CXX object CMakeFiles/trmm.dir/linear-algebra/blas/trmm/trmm.cpp.o
[ 23%] Building CXX object CMakeFiles/syr2k.dir/linear-algebra/blas/syr2k/syr2k.cpp.o
[ 23%] Building CXX object CMakeFiles/atax.dir/linear-algebra/kernels/atax/atax.cpp.o
[ 23%] Building CXX object CMakeFiles/2mm.dir/linear-algebra/kernels/2mm/2mm.cpp.o
[ 43%] Building CXX object CMakeFiles/lu.dir/linear-algebra/solvers/lu/lu.cpp.o
[ 50%] Building CXX object CMakeFiles/adi.dir/stencils/adi/adi.cpp.o
[ 50%] Building CXX object CMakeFiles/jacobi-1d.dir/stencils/jacobi-1d/jacobi-1d.cpp.o
[ 50%] Building CXX object CMakeFiles/deriche.dir/medley/deriche/deriche.cpp.o
[ 50%] Building CXX object CMakeFiles/bicg.dir/linear-algebra/kernels/bicg/bicg.cpp.o
[ 50%] Building CXX object CMakeFiles/doitgen.dir/linear-algebra/kernels/doitgen/doitgen.cpp.o
[ 50%] Building CXX object CMakeFiles/floyd-warshall.dir/medley/floyd-warshall/floyd-warshall.cpp.o
[ 50%] Building CXX object CMakeFiles/mvt.dir/linear-algebra/kernels/mvt/mvt.cpp.o
[ 50%] Building CXX object CMakeFiles/trisolv.dir/linear-algebra/solvers/trisolv/trisolv.cpp.o
[ 50%] Building CXX object CMakeFiles/gramschmidt.dir/linear-algebra/solvers/gramschmidt/gramschmidt.cpp.o
[ 50%] Building CXX object CMakeFiles/fdtd-2d.dir/stencils/fdtd-2d/fdtd-2d.cpp.o
[ 50%] Building CXX object CMakeFiles/seidel-2d.dir/stencils/seidel-2d/seidel-2d.cpp.o
[ 50%] Building CXX object CMakeFiles/cholesky.dir/linear-algebra/solvers/cholesky/cholesky.cpp.o
[ 50%] Building CXX object CMakeFiles/ludcmp.dir/linear-algebra/solvers/ludcmp/ludcmp.cpp.o
[ 50%] Building CXX object CMakeFiles/nussinov.dir/medley/nussinov/nussinov.cpp.o
[ 50%] Building CXX object CMakeFiles/durbin.dir/linear-algebra/solvers/durbin/durbin.cpp.o
[ 50%] Building CXX object CMakeFiles/heat-3d.dir/stencils/heat-3d/heat-3d.cpp.o
[ 50%] Building CXX object CMakeFiles/jacobi-2d.dir/stencils/jacobi-2d/jacobi-2d.cpp.o
[ 51%] Linking CXX executable jacobi-1d
[ 53%] Linking CXX executable durbin
[ 53%] Built target jacobi-1d
[ 53%] Built target durbin
[ 55%] Linking CXX executable trisolv
[ 56%] Linking CXX executable seidel-2d
[ 58%] Linking CXX executable gesummv
[ 60%] Linking CXX executable jacobi-2d
[ 60%] Built target trisolv
[ 61%] Linking CXX executable floyd-warshall
[ 63%] Linking CXX executable atax
[ 63%] Built target seidel-2d
[ 65%] Linking CXX executable bicg
[ 65%] Built target gesummv
[ 65%] Built target jacobi-2d
[ 66%] Linking CXX executable adi
[ 68%] Linking CXX executable trmm
[ 68%] Built target floyd-warshall
[ 70%] Linking CXX executable nussinov
[ 70%] Built target atax
[ 70%] Built target bicg
[ 70%] Built target adi
[ 71%] Linking CXX executable deriche
[ 71%] Built target trmm
[ 73%] Linking CXX executable cholesky
[ 75%] Linking CXX executable mvt
[ 75%] Built target nussinov
[ 76%] Linking CXX executable lu
[ 78%] Linking CXX executable symm
[ 78%] Built target deriche
[ 78%] Built target cholesky
[ 78%] Built target mvt
[ 78%] Built target lu
[ 78%] Built target symm
[ 80%] Linking CXX executable syrk
[ 81%] Linking CXX executable syr2k
[ 83%] Linking CXX executable gemver
[ 83%] Built target syrk
[ 83%] Built target syr2k
[ 85%] Linking CXX executable fdtd-2d
[ 85%] Built target gemver
[ 86%] Linking CXX executable heat-3d
[ 88%] Linking CXX executable gemm
[ 90%] Linking CXX executable covariance
[ 91%] Linking CXX executable gramschmidt
[ 91%] Built target fdtd-2d
[ 91%] Built target heat-3d
[ 91%] Built target gemm
[ 91%] Built target covariance
[ 91%] Built target gramschmidt
[ 93%] Linking CXX executable doitgen
[ 95%] Built target doitgen
[ 95%] Linking CXX executable correlation
[ 95%] Built target correlation
[ 96%] Linking CXX executable 2mm
[ 96%] Built target 2mm
[ 98%] Linking CXX executable 3mm
[ 98%] Built target 3mm
Skipping noarr translation 2mm repetition 5 for dataset size LARGE (already done).
Skipping noarr translation 2mm repetition 5 for dataset size LARGE (already done).
Skipping noarr translation 3mm repetition 5 for dataset size LARGE (already done).
Skipping noarr translation 3mm repetition 5 for dataset size LARGE (already done).
Skipping noarr translation adi repetition 5 for dataset size LARGE (already done).
Skipping noarr translation adi repetition 5 for dataset size LARGE (already done).
Skipping noarr translation atax repetition 5 for dataset size LARGE (already done).
Skipping noarr translation atax repetition 5 for dataset size LARGE (already done).
Skipping noarr translation bicg repetition 5 for dataset size LARGE (already done).
Skipping noarr translation bicg repetition 5 for dataset size LARGE (already done).
Skipping noarr translation correlation repetition 5 for dataset size LARGE (already done).
Skipping noarr translation correlation repetition 5 for dataset size LARGE (already done).
Skipping noarr translation covariance repetition 5 for dataset size LARGE (already done).
Skipping noarr translation covariance repetition 5 for dataset size LARGE (already done).
Skipping noarr translation deriche repetition 5 for dataset size LARGE (already done).
Skipping noarr translation deriche repetition 5 for dataset size LARGE (already done).
Skipping noarr translation doitgen repetition 5 for dataset size LARGE (already done).
Skipping noarr translation doitgen repetition 5 for dataset size LARGE (already done).
Skipping noarr translation durbin repetition 5 for dataset size LARGE (already done).
Skipping noarr translation durbin repetition 5 for dataset size LARGE (already done).
Skipping noarr translation fdtd-2d repetition 5 for dataset size LARGE (already done).
Skipping noarr translation fdtd-2d repetition 5 for dataset size LARGE (already done).
Skipping noarr translation floyd-warshall repetition 5 for dataset size LARGE (already done).
Skipping noarr translation floyd-warshall repetition 5 for dataset size LARGE (already done).
Skipping noarr translation gemm repetition 5 for dataset size LARGE (already done).
Skipping noarr translation gemm repetition 5 for dataset size LARGE (already done).
Skipping noarr translation gemver repetition 5 for dataset size LARGE (already done).
Skipping noarr translation gemver repetition 5 for dataset size LARGE (already done).
Skipping noarr translation gesummv repetition 5 for dataset size LARGE (already done).
Skipping noarr translation gesummv repetition 5 for dataset size LARGE (already done).
Skipping noarr translation heat-3d repetition 5 for dataset size LARGE (already done).
Skipping noarr translation heat-3d repetition 5 for dataset size LARGE (already done).
Skipping noarr translation jacobi-1d repetition 5 for dataset size LARGE (already done).
Skipping noarr translation jacobi-1d repetition 5 for dataset size LARGE (already done).
Skipping noarr translation jacobi-2d repetition 5 for dataset size LARGE (already done).
Skipping noarr translation jacobi-2d repetition 5 for dataset size LARGE (already done).
Skipping noarr translation lu repetition 5 for dataset size LARGE (already done).
Skipping noarr translation lu repetition 5 for dataset size LARGE (already done).
Skipping noarr translation mvt repetition 5 for dataset size LARGE (already done).
Skipping noarr translation mvt repetition 5 for dataset size LARGE (already done).
Skipping noarr translation seidel-2d repetition 5 for dataset size LARGE (already done).
Skipping noarr translation seidel-2d repetition 5 for dataset size LARGE (already done).
Skipping noarr translation symm repetition 5 for dataset size LARGE (already done).
Skipping noarr translation symm repetition 5 for dataset size LARGE (already done).
Skipping noarr translation syr2k repetition 5 for dataset size LARGE (already done).
Skipping noarr translation syr2k repetition 5 for dataset size LARGE (already done).
Skipping noarr translation syrk repetition 5 for dataset size LARGE (already done).
Skipping noarr translation syrk repetition 5 for dataset size LARGE (already done).
Skipping noarr translation trisolv repetition 5 for dataset size LARGE (already done).
Skipping noarr translation trisolv repetition 5 for dataset size LARGE (already done).
Skipping noarr translation trmm repetition 5 for dataset size LARGE (already done).
Skipping noarr translation trmm repetition 5 for dataset size LARGE (already done).
-- bolt project is disabled
-- clang project is enabled
-- clang-tools-extra project is disabled
-- compiler-rt project is disabled
-- cross-project-tests project is disabled
-- libclc project is disabled
-- lld project is disabled
-- lldb project is disabled
-- mlir project is disabled
-- openmp project is enabled
-- polly project is enabled
-- flang project is disabled
-- libc project is disabled
-- Found Python3: /home/kleplj/translation/gpt-querying/.venv/bin/python3.9 (found suitable version "3.9.21", minimum required is "3.8") found components: Interpreter
-- Could NOT find LibEdit (missing: LibEdit_INCLUDE_DIRS LibEdit_LIBRARIES) 
-- LLVM host triple: x86_64-unknown-linux-gnu
-- Native target architecture is X86
-- Threads enabled.
-- Doxygen disabled.
-- Could NOT find OCaml (missing: OCAMLFIND OCAML_VERSION OCAML_STDLIB_PATH) 
-- Could NOT find OCaml (missing: OCAMLFIND OCAML_VERSION OCAML_STDLIB_PATH) 
-- OCaml bindings disabled.
-- LLVM default target triple: x86_64-unknown-linux-gnu
-- Building with -fPIC
-- Targeting AArch64
-- Targeting AMDGPU
-- Targeting ARM
-- Targeting AVR
-- Targeting BPF
-- Targeting Hexagon
-- Targeting Lanai
-- Targeting LoongArch
-- Targeting Mips
-- Targeting MSP430
-- Targeting NVPTX
-- Targeting PowerPC
-- Targeting RISCV
-- Targeting Sparc
-- Targeting SPIRV
-- Targeting SystemZ
-- Targeting VE
-- Targeting WebAssembly
-- Targeting X86
-- Targeting XCore
-- Found Python3: /home/kleplj/translation/gpt-querying/.venv/bin/python3.9 (found version "3.9.21") found components: Interpreter
-- Found Python3: /home/kleplj/translation/gpt-querying/.venv/bin/python3.9 (found version "3.9.21") found components: Interpreter Development Development.Module Development.Embed
-- Clang version: 22.0.0git
-- Found Python3: /home/kleplj/translation/gpt-querying/.venv/bin/python3.9 (found version "3.9.21") found components: Interpreter
-- ISL version: isl-0.25-193-g8621c60c
-- Registering Polly as a pass plugin (static build: ON)
-- Registering ExampleIRTransforms as a pass plugin (static build: OFF)
-- Registering Bye as a pass plugin (static build: OFF)
-- Failed to find LLVM FileCheck
-- Google Benchmark version: v0.0.0, normalized to 0.0.0
-- Performing Test HAVE_GNU_POSIX_REGEX -- failed to compile
-- Performing Test HAVE_POSIX_REGEX -- success
-- Performing Test HAVE_STEADY_CLOCK -- success
-- Performing Test HAVE_PTHREAD_AFFINITY -- success
-- Configuring done (19.9s)
-- Generating done (58.1s)
-- Build files have been written to: /home/kleplj/translation/PolybenchC-Polly/llvm-project/build
[  0%] Building the OMPD GDB plugin
[  0%] Built target llvm_vcsrevision_h
[  0%] Built target libomp-needed-headers
[  0%] Built target ompd_gdb_plugin
[  0%] Built target LTO_exports
[  0%] Built target core-resource-headers
[  0%] Built target utility-resource-headers
[  0%] Built target cuda-resource-headers
[  0%] Built target hexagon-resource-headers
[  0%] Built target hip-resource-headers
[  0%] Built target loongarch-resource-headers
[  0%] Built target mips-resource-headers
[  0%] Built target ppc-htm-resource-headers
[  0%] Built target ppc-resource-headers
[  0%] Built target systemz-resource-headers
[  0%] Built target webassembly-resource-headers
[  0%] Built target x86-resource-headers
[  0%] Built target ve-resource-headers
[  0%] Built target spirv-resource-headers
[  0%] Built target hlsl-resource-headers
[  0%] Built target llvm-PerfectShuffle
[  0%] Built target opencl-resource-headers
[  0%] Built target archer_static
[  0%] Built target llvm-libc-resource-headers
[  0%] Built target openmp-resource-headers
[  0%] Built target llvm-offload-resource-headers
[  0%] Built target gpu-resource-headers
[  0%] Built target archer
[  0%] Built target SampleAnalyzerPlugin_exports
[  0%] Built target windows-resource-headers
[  0%] Built target CheckerDependencyHandlingAnalyzerPlugin_exports
[  0%] Built target ompdModule
[  0%] Built target CheckerOptionHandlingAnalyzerPlugin_exports
[  0%] Built target clangAnalysisFlowSensitiveResources
[  0%] Built target scan-build
[  0%] Built target scan-build-py
[  0%] Built target obj.clangSupport
[  0%] Built target scan-view
[  0%] Built target hmaptool
[  0%] Built target BugpointPasses_exports
[  0%] Built target LLVMDemangle
[  0%] Built target LLVMSupportBlake3
[  0%] Built target Remarks_exports
[  1%] Built target PipSqueak
[  1%] Built target SecondLib
[  1%] Built target DynamicLibraryLib
[  1%] Built target obj.LLVMTableGenBasic
[  3%] Built target benchmark
[  3%] Built target benchmark_main
[  3%] Built target omp
[  4%] Built target PollyISL
[  4%] Built target ompd
[  7%] Built target LLVMSupport
[  7%] Built target clangSupport
[  7%] Built target count
[  7%] Built target LLVMFrontendDirective
[  7%] Built target LLVMBitstreamReader
[  7%] Built target LLVMLineEditor
[  7%] Built target LLVMTelemetry
[  7%] Built target LLVMFileCheck
[  7%] Built target LLVMWindowsManifest
[  7%] Built target not
[  7%] Built target UnicodeNameMappingGenerator
[  7%] Built target yaml-bench
[  7%] Built target llvm-test-mustache-spec
[  7%] Built target split-file
[  7%] Built target polly-isl-test
[  7%] Built target LLVMSupportLSP
[  7%] Built target llvm-undname
[  7%] Built target reduce-chunk-list
[  7%] Built target LLVMOption
[  7%] Built target LLVMDebugInfoMSF
[  7%] Built target llvm_gtest
[  7%] Built target LLVMTableGen
[  7%] Built target FileCheck
[  7%] Built target LLVMCAS
[  7%] Built target llvm_gtest_main
[  7%] Built target LLVMTableGenBasic
[  7%] Built target llvm-min-tblgen
[  9%] Built target omptest
[  9%] Built target vt_gen
[  9%] Built target omp_gen
[  9%] Built target analysis_gen
[  9%] Built target acc_gen
[  9%] Built target intrinsics_gen
[  9%] Built target target_parser_gen
[  9%] Built target LLVMCodeGenTypes
[  9%] Built target LLVMFrontendOpenACC
[  9%] Built target LLVMDebugInfoCodeView
[  9%] Built target clang-tblgen
[ 10%] Built target LLVMDebugInfoBTF
[ 10%] Built target LLVMOrcShared
[ 10%] Built target InlineOrderPlugin
[ 12%] Built target TestPlugin
[ 12%] Built target Bye
[ 12%] Built target ExampleIRTransforms
[ 12%] Built target CGTestPlugin
[ 12%] Built target InlineAdvisorPlugin
[ 12%] Built target DoublerPlugin
[ 12%] Built target LLVMRemarks
[ 12%] Built target arm-common-resource-headers
[ 12%] Built target arm-resource-headers
[ 12%] Built target ClangSyntaxNodeClasses
[ 12%] Built target aarch64-resource-headers
[ 12%] Built target riscv-resource-headers
[ 12%] Built target ClangAttrClasses
[ 12%] Built target ClangAttrImpl
[ 12%] Built target ClangAttrTextDump
[ 12%] Built target ClangAttrTraverse
[ 12%] Built target ClangAttrVisitor
[ 12%] Built target ClangStmtNodes
[ 12%] Built target ClangDeclNodes
[ 12%] Built target ClangTypeNodes
[ 12%] Built target ClangAbstractBasicWriter
[ 12%] Built target ClangAbstractBasicReader
[ 12%] Built target ClangAbstractTypeReader
[ 12%] Built target ClangAbstractTypeWriter
[ 12%] Built target ClangCommentNodes
[ 12%] Built target ClangCommentHTMLTags
[ 12%] Built target ClangCommentHTMLTagsProperties
[ 12%] Built target ClangCommentCommandInfo
[ 12%] Built target ClangCommentCommandList
[ 12%] Built target ClangCommentHTMLNamedCharacterReferences
[ 12%] Built target StmtDataCollectors
[ 12%] Built target ClangDiagnosticAnalysisEnums
[ 12%] Built target ClangDiagnosticAnalysis
[ 12%] Built target ClangDiagnosticAnalysisCompatIDs
[ 12%] Built target ClangDiagnosticAnalysisInterface
[ 12%] Built target ClangDiagnosticAST
[ 12%] Built target ClangDiagnosticASTEnums
[ 12%] Built target ClangDiagnosticASTCompatIDs
[ 12%] Built target LLVMTargetParser
[ 12%] Built target ClangDiagnosticASTInterface
[ 12%] Built target obj.LLVMTableGenCommon
[ 12%] Built target ClangDiagnosticComment
[ 12%] Built target ClangDiagnosticCommentEnums
[ 12%] Built target ClangDiagnosticCommentInterface
[ 12%] Built target ClangDiagnosticCommentCompatIDs
[ 12%] Built target ClangDiagnosticCommon
[ 12%] Built target ClangDiagnosticCommonEnums
[ 12%] Built target ClangDiagnosticCommonCompatIDs
[ 12%] Built target ClangDiagnosticCommonInterface
[ 12%] Built target ClangDiagnosticCrossTU
[ 12%] Built target ClangDiagnosticCrossTUEnums
[ 14%] Built target ClangDiagnosticCrossTUInterface
[ 14%] Built target ClangDiagnosticDriverCompatIDs
[ 14%] Built target ClangDiagnosticDriver
[ 14%] Built target ClangDiagnosticDriverEnums
[ 14%] Built target ClangDiagnosticCrossTUCompatIDs
[ 14%] Built target ClangDiagnosticDriverInterface
[ 14%] Built target ClangDiagnosticFrontend
[ 14%] Built target ClangDiagnosticFrontendCompatIDs
[ 14%] Built target ClangDiagnosticFrontendEnums
[ 14%] Built target ClangDiagnosticFrontendInterface
[ 14%] Built target ClangDiagnosticInstallAPI
[ 14%] Built target ClangDiagnosticInstallAPIInterface
[ 14%] Built target ClangDiagnosticInstallAPIEnums
[ 14%] Built target ClangDiagnosticInstallAPICompatIDs
[ 14%] Built target ClangDiagnosticLex
[ 14%] Built target ClangDiagnosticLexEnums
[ 14%] Built target ClangDiagnosticLexCompatIDs
[ 14%] Built target ClangDiagnosticLexInterface
[ 14%] Built target ClangDiagnosticParse
[ 14%] Built target ClangDiagnosticParseEnums
[ 14%] Built target ClangDiagnosticParseCompatIDs
[ 14%] Built target ClangDiagnosticParseInterface
[ 14%] Built target ClangDiagnosticRefactoring
[ 14%] Built target ClangDiagnosticRefactoringEnums
[ 14%] Built target ClangDiagnosticRefactoringCompatIDs
[ 14%] Built target ClangDiagnosticRefactoringInterface
[ 14%] Built target ClangDiagnosticSema
[ 14%] Built target ClangDiagnosticSemaEnums
[ 14%] Built target ClangDiagnosticSemaInterface
[ 14%] Built target ClangDiagnosticSemaCompatIDs
[ 14%] Built target ClangDiagnosticSerialization
[ 14%] Built target ClangDiagnosticSerializationEnums
[ 14%] Built target ClangDiagnosticSerializationInterface
[ 14%] Built target ClangDiagnosticSerializationCompatIDs
[ 14%] Built target ClangDiagnosticTrap
[ 14%] Built target ClangDiagnosticTrapEnums
[ 14%] Built target ClangDiagnosticTrapCompatIDs
[ 14%] Built target ClangDiagnosticTrapInterface
[ 14%] Built target ClangDiagnosticIndexName
[ 14%] Built target ClangDiagnosticAllCompatIDs
[ 14%] Built target ClangDiagnosticGroups
[ 14%] Built target ClangAttrList
[ 14%] Built target ClangAttrParsedAttrList
[ 14%] Built target ClangAttrSubjectMatchRuleList
[ 14%] Built target CXX11AttributeInfo
[ 14%] Built target ClangRegularKeywordAttrInfo
[ 14%] Built target ClangAttrHasAttributeImpl
[ 14%] Built target AttributeSpellingList
[ 14%] Built target ClangBuiltins
[ 14%] Built target ClangBuiltinsBPF
[ 14%] Built target ClangBuiltinsDirectX
[ 14%] Built target ClangBuiltinsHexagon
[ 14%] Built target ClangBuiltinsSPIRVCommon
[ 14%] Built target ClangBuiltinsNVPTX
[ 14%] Built target ClangBuiltinsRISCV
[ 14%] Built target ClangBuiltinsSPIRVCL
[ 14%] Built target ClangBuiltinsSPIRVVK
[ 14%] Built target ClangBuiltinsX86
[ 14%] Built target ClangBuiltinsX86_64
[ 14%] Built target ClangBuiltinTemplates
[ 14%] Built target ClangARMNeon
[ 14%] Built target ClangARMFP16
[ 14%] Built target ClangARMImmChecks
[ 14%] Built target ClangARMMveBuiltinsDef
[ 14%] Built target ClangARMMveBuiltinCG
[ 14%] Built target ClangARMMveBuiltinSema
[ 14%] Built target ClangARMMveBuiltinAliases
[ 14%] Built target ClangARMSveBuiltins
[ 14%] Built target ClangARMSveBuiltinCG
[ 14%] Built target ClangARMSveTypeFlags
[ 14%] Built target ClangARMSveBuiltinsJSON
[ 14%] Built target ClangARMSveSemaRangeChecks
[ 14%] Built target ClangARMSveStreamingAttrs
[ 14%] Built target ClangARMSmeBuiltins
[ 14%] Built target ClangARMSmeBuiltinCG
[ 14%] Built target ClangARMSmeSemaRangeChecks
[ 14%] Built target ClangARMSmeBuiltinsJSON
[ 14%] Built target ClangARMSmeStreamingAttrs
[ 14%] Built target ClangARMCdeBuiltinCG
[ 14%] Built target ClangARMSmeBuiltinsZAState
[ 14%] Built target ClangARMCdeBuiltinAliases
[ 14%] Built target ClangRISCVVectorBuiltinCG
[ 14%] Built target ClangARMCdeBuiltinSema
[ 14%] Built target ClangRISCVVectorBuiltins
[ 14%] Built target ClangARMCdeBuiltinsDef
[ 14%] Built target ClangRISCVVectorBuiltinSema
[ 14%] Built target ClangRISCVSiFiveVectorBuiltins
[ 14%] Built target ClangRISCVSiFiveVectorBuiltinCG
[ 14%] Built target ClangRISCVSiFiveVectorBuiltinSema
[ 14%] Built target ClangRISCVAndesVectorBuiltins
[ 14%] Built target ClangRISCVAndesVectorBuiltinCG
[ 14%] Built target ClangAttrParserStringSwitches
[ 14%] Built target ClangRISCVAndesVectorBuiltinSema
[ 14%] Built target ClangAttrSpellingListIndex
[ 14%] Built target ClangAttrIsTypeDependent
[ 14%] Built target ClangAttrSubMatchRulesParserStringSwitches
[ 14%] Built target ClangAttrTemplateInstantiate
[ 14%] Built target ClangAttrParsedAttrKinds
[ 14%] Built target ClangAttrParsedAttrImpl
[ 14%] Built target ClangAttrPCHRead
[ 14%] Built target ClangSACheckers
[ 14%] Built target ClangSyntaxNodeList
[ 14%] Built target ClangAttrPCHWrite
[ 14%] Built target Remarks
[ 14%] Built target llvm-opt-report
[ 14%] Built target LLVMTableGenCommon
[ 14%] Built target LLVMWindowsDriver
[ 14%] Building CXX object tools/llvm-config/CMakeFiles/llvm-config.dir/llvm-config.cpp.o
[ 14%] Built target LLVMFuzzerCLI
[ 15%] Built target llvm-remarkutil
[ 17%] Built target obj.Polly
[ 17%] Built target llvm-dlang-demangle-fuzzer
[ 17%] Built target llvm-microsoft-demangle-fuzzer
[ 17%] Built target llvm-itanium-demangle-fuzzer
[ 17%] Built target llvm-rust-demangle-fuzzer
[ 17%] Built target LLVMBinaryFormat
[ 17%] Built target llvm-yaml-numeric-parser-fuzzer
[ 17%] Built target llvm-special-case-list-fuzzer
[ 17%] Built target llvm-yaml-parser-fuzzer
[ 21%] Built target LLVMPolly
[ 21%] Built target clang-resource-headers
[ 21%] Built target LLVMDebugInfoDWARFLowLevel
[ 23%] Built target LLVMTextAPI
[ 23%] Built target llvm-tblgen
[ 23%] Built target JITLinkTableGen
[ 25%] Built target AVRCommonTableGen
[ 25%] Built target BPFCommonTableGen
[ 25%] Built target LoongArchCommonTableGen
[ 25%] Built target LanaiCommonTableGen
[ 25%] Built target ARMCommonTableGen
[ 26%] Built target NVPTXCommonTableGen
[ 26%] Built target SparcCommonTableGen
[ 26%] Built target MSP430CommonTableGen
[ 26%] Built target AArch64CommonTableGen
[ 28%] Built target SPIRVCommonTableGen
[ 28%] Built target HexagonCommonTableGen
[ 28%] Built target DllOptionsTableGen
[ 28%] Built target WebAssemblyCommonTableGen
[ 28%] Built target XCoreCommonTableGen
[ 28%] Built target VECommonTableGen
[ 28%] Built target SystemZCommonTableGen
[ 28%] Built target LibOptionsTableGen
[ 28%] Built target ClangDriverOptions
[ 28%] Built target LLVMCASToolTableGen
[ 28%] Built target DsymutilTableGen
[ 28%] Built target MipsCommonTableGen
[ 28%] Built target CvtResTableGen
[ 28%] Built target PowerPCCommonTableGen
[ 28%] Built target CGDataOptsTableGen
[ 28%] Built target CxxfiltOptsTableGen
[ 28%] Built target DwarfutilTableGen
[ 28%] Built target DwpOptsTableGen
[ 28%] Built target DebugInfodFindOptsTableGen
[ 28%] Built target DebugInfodOptsTableGen
[ 28%] Built target GSYMUtilOptsTableGen
[ 28%] Built target AMDGPUCommonTableGen
[ 28%] Built target RISCVCommonTableGen
[ 28%] Built target X86CommonTableGen
[ 28%] Built target IFSOptsTableGen
[ 28%] Built target LibtoolDarwinOptsTableGen
[ 28%] Built target LipoOptsTableGen
[ 28%] Built target MLTableGen
[ 28%] Built target MtTableGen
[ 28%] Built target NmOptsTableGen
[ 28%] Built target ObjcopyOptsTableGen
[ 28%] Built target ObjdumpOptsTableGen
[ 28%] Built target ReadobjOptsTableGen
[ 28%] Built target RcOptsTableGen
[ 28%] Built target ReadTAPIOptsTableGen
[ 28%] Built target SizeOptsTableGen
[ 28%] Built target StringsOptsTableGen
[ 28%] Built target SymbolizerOptsTableGen
[ 28%] Built target TLICheckerOptsTableGen
[ 28%] Built target SancovOptsTableGen
[ 28%] Built target clang-tablegen-targets
[ 28%] Built target LLVMAArch64Utils
[ 28%] Built target LLVMARMUtils
[ 28%] Built target llvm-cas
[ 28%] Built target llvm-cxxfilt
[ 28%] Built target InstallNameToolOptsTableGen
[ 28%] Built target OtoolOptsTableGen
[ 28%] Built target WindresOptsTableGen
[ 28%] Built target ClangAttrDocTable
[ 28%] Built target Opcodes
[ 28%] Built target ClangOpenCLBuiltinsImpl
[ 28%] Built target llvm-mt
[ 28%] Built target NVLinkWrapperOpts
[ 28%] Built target LinkerWrapperOpts
[ 28%] Built target SYCLLinkerOpts
[ 28%] Built target BitcodeStripOptsTableGen
[ 28%] Built target ScanDepsOptsTableGen
[ 28%] Built target InstallAPIDriverOptions
[ 28%] Built target obj.clangOptions
[ 28%] Built target obj.clangToolingCore
[ 28%] Built target obj.clangAPINotes
[ 28%] Built target obj.clangToolingInclusions
[ 28%] Built target obj.clangRewrite
[ 28%] Built target obj.clangIndexSerialization
[ 28%] Built target obj.clangDirectoryWatcher
[ 28%] Built target obj.clangToolingInclusionsStdlib
[ 28%] Built target obj.clangAnalysisScalable
[ 28%] Built target obj.clangEdit
[ 28%] Built target StripOptsTableGen
[ 28%] Built target obj.clangToolingASTDiff
[ 28%] Built target obj.clangASTMatchers
[ 28%] Built target obj.clangDynamicASTMatchers
[ 28%] Built target obj.clangAnalysisFlowSensitiveModels
[ 28%] Built target obj.clangHandleLLVM
[ 29%] Built target obj.clangAnalysisLifetimeSafety
[ 29%] Built target obj.clangCrossTU
[ 29%] Built target obj.clangHandleCXX
[ 31%] Built target obj.clangFrontendTool
[ 31%] Built target obj.clangExtractAPI
[ 31%] Built target obj.clangRewriteFrontend
[ 31%] Built target clangDirectoryWatcher
[ 31%] Built target obj.clangIndex
[ 31%] Built target obj.clangStaticAnalyzerFrontend
[ 31%] Built target obj.clangTransformer
[ 31%] Built target obj.clangToolingSyntax
[ 32%] Built target obj.clangInstallAPI
[ 32%] Built target obj.clangDependencyScanning
[ 32%] Built target obj.clangSerialization
[ 35%] Built target LLVMMC
[ 37%] Built target obj.clangLex
[ 39%] Built target LLVMCore
[ 39%] Built target obj.clangFormat
[ 39%] Built target obj.clangToolingRefactoring
[ 39%] Built target obj.clangInterpreter
[ 39%] Built target obj.clangParse
[ 39%] Built target obj.clangAnalysisFlowSensitive
[ 39%] Built target LLVMAMDGPUInfo
[ 39%] Built target LLVMAArch64Info
[ 39%] Built target LLVMBPFInfo
[ 39%] Built target LLVMLoongArchInfo
[ 39%] Built target LLVMARMInfo
[ 39%] Built target LLVMAVRInfo
[ 39%] Built target obj.clangTooling
[ 39%] Built target LLVMPowerPCInfo
[ 39%] Built target LLVMLanaiInfo
[ 39%] Built target LLVMMipsInfo
[ 39%] Built target LLVMHexagonInfo
[ 39%] Built target LLVMNVPTXInfo
[ 39%] Built target LLVMMSP430Info
[ 39%] Built target LLVMRISCVInfo
[ 39%] Built target LLVMSPIRVInfo
[ 39%] Built target LLVMSystemZInfo
[ 39%] Built target LLVMSparcInfo
[ 39%] Built target LLVMVEInfo
[ 39%] Built target LLVMXCoreInfo
[ 39%] Built target LLVMWebAssemblyInfo
[ 39%] Built target LLVMX86Info
[ 39%] Built target LLVMDWARFCFIChecker
[ 39%] Built target LLVMMCDisassembler
[ 39%] Built target llvm-stress
[ 39%] Built target LLVMCFGuard
[ 39%] Built target LLVMDiff
[ 39%] Built target LLVMAsmParser
[ 39%] Built target LLVMBitReader
[ 39%] Built target LLVMFrontendHLSL
[ 39%] Built target obj.clangAnalysis
[ 40%] Built target LLVMMCParser
[ 40%] Built target LLVMX86Disassembler
[ 40%] Built target LLVMAVRDisassembler
[ 40%] Built target LLVMMipsDisassembler
[ 40%] Built target LLVMBPFDisassembler
[ 40%] Built target LLVMPowerPCDisassembler
[ 40%] Built target LLVMXCoreDisassembler
[ 40%] Built target LLVMMSP430Disassembler
[ 40%] Built target LLVMSparcDisassembler
[ 40%] Built target obj.clangFrontend
[ 40%] Built target LLVMVEDisassembler
[ 40%] Built target LLVMBPFDesc
[ 40%] Built target LLVMXCoreDesc
[ 40%] Built target LLVMNVPTXDesc
[ 40%] Built target LLVMVEDesc
[ 40%] Built target LLVMIRReader
[ 40%] Built target llvm-bcanalyzer
[ 40%] Built target LLVMSPIRVDesc
[ 40%] Built target LLVMMSP430Desc
[ 40%] Built target llvm-dis
[ 40%] Built target LLVMLanaiDesc
[ 40%] Built target LLVMWebAssemblyDesc
[ 40%] Built target LLVMSparcDesc
[ 40%] Built target LLVMAVRDesc
[ 40%] Built target LLVMMCA
[ 40%] Built target LLVMSystemZDesc
[ 40%] Built target LLVMPowerPCDesc
[ 40%] Built target LLVMLoongArchDesc
[ 40%] Built target LLVMAArch64Desc
[ 42%] Built target LLVMBPFAsmParser
[ 42%] Built target LLVMMipsDesc
[ 42%] Built target LLVMRISCVDesc
[ 42%] Built target LLVMHexagonDesc
[ 42%] Built target LLVMVEAsmParser
[ 42%] Built target LLVMX86Desc
[ 42%] Built target llvm-diff
[ 42%] Built target LLVMMSP430AsmParser
[ 42%] Built target obj.clangBasic
[ 42%] Built target LLVMWebAssemblyDisassembler
[ 42%] Built target LLVMWebAssemblyAsmParser
[ 42%] Built target LLVMLanaiDisassembler
[ 42%] Built target LLVMSparcAsmParser
[ 42%] Built target LLVMLanaiAsmParser
[ 42%] Built target LLVMSystemZAsmParser
[ 42%] Built target LLVMSystemZDisassembler
[ 42%] Built target LLVMAVRAsmParser
[ 42%] Built target LLVMPowerPCAsmParser
[ 42%] Built target LLVMLoongArchAsmParser
[ 42%] Built target LLVMLoongArchDisassembler
[ 42%] Built target LLVMMipsAsmParser
[ 42%] Built target LLVMAArch64Disassembler
[ 42%] Built target LLVMRISCVDisassembler
[ 42%] Built target LLVMAArch64AsmParser
[ 42%] Built target LLVMRISCVAsmParser
[ 42%] Built target LLVMRISCVTargetMCA
[ 42%] Built target LLVMHexagonDisassembler
[ 42%] Built target LLVMHexagonAsmParser
[ 42%] Built target obj.clangStaticAnalyzerCore
[ 42%] Built target LLVMX86TargetMCA
[ 42%] Built target LLVMX86AsmParser
[ 42%] Built target obj.clangDriver
[ 43%] Built target LLVMObject
[ 43%] Built target LLVMDlltoolDriver
[ 43%] Built target LLVMLibDriver
[ 43%] Built target LLVMInterfaceStub
[ 43%] Built target llvm-strings
[ 43%] Built target llvm-cvtres
[ 43%] Built target llvm-cxxdump
[ 43%] Built target llvm-offload-binary
[ 43%] Built target llvm-size
[ 43%] Built target llvm-rc
[ 43%] Built target LLVMRuntimeDyld
[ 45%] Built target clang-offload-packager
[ 45%] Built target LLVMXRay
[ 45%] Built target LLVMARMDesc
[ 45%] Built target LLVMOrcTargetProcess
[ 46%] Built target llvm-windres
[ 46%] Built target obj.clangSema
[ 46%] Built target LLVMARMDisassembler
[ 46%] Built target LLVMARMAsmParser
[ 46%] Built target LLVMDebugInfoDWARF
[ 46%] Built target LLVMObjCopy
[ 46%] Built target LLVMObjectYAML
[ 48%] Built target obj.clangAST
[ 48%] Built target LLVMTextAPIBinaryReader
[ 48%] Built target LLVMDWP
[ 48%] Built target llvm-ifs
[ 48%] Built target llvm-objcopy
[ 48%] Built target LLVMDebugInfoGSYM
[ 48%] Built target llvm-readobj
[ 48%] Built target llvm-readtapi
[ 48%] Built target llvm-install-name-tool
[ 48%] Built target llvm-strip
[ 48%] Built target llvm-bitcode-strip
[ 48%] Built target llvm-readelf
[ 48%] Built target LLVMJITLink
[ 50%] Built target obj.clangCodeGen
[ 51%] Built target LLVMDebugInfoPDB
[ 51%] Built target LLVMSymbolize
[ 54%] Built target obj.clangStaticAnalyzerCheckers
[ 54%] Built target sanstats
[ 54%] Built target LLVMCFIVerify
[ 54%] Built target LLVMDebuginfod
[ 56%] Built target llvm-pdbutil
[ 57%] Built target LLVMDebugInfoLogicalView
[ 59%] Built target llvm-xray
[ 59%] Built target llvm-debuginfod
[ 59%] Built target llvm-debuginfod-find
[ 59%] Built target llvm-symbolizer
[ 59%] Built target LLVMProfileData
[ 59%] Built target llvm-addr2line
[ 59%] Built target llvm-ctxprof-util
[ 59%] Built target llvm-cxxmap
[ 60%] Built target llvm-profdata
[ 60%] Built target yaml2obj
[ 60%] Built target LLVMCoverage
[ 60%] Built target obj2yaml
[ 60%] Built target llvm-cov
[ 62%] Built target LLVMAnalysis
[ 62%] Built target LLVMFrontendAtomic
[ 62%] Built target LLVMIRPrinter
[ 62%] Built target llvm-sim
[ 62%] Built target llvm-tli-checker
[ 62%] Built target LLVMBitWriter
[ 62%] Built target LLVMTarget
[ 62%] Built target LLVMAMDGPUUtils
[ 62%] Built target LLVMSandboxIR
[ 62%] Built target llvm-as
[ 62%] Built target llvm-cat
[ 62%] Built target llvm-modextract
[ 62%] Built target verify-uselistorder
[ 62%] Built target LLVMExecutionEngine
[ 64%] Built target LLVMCGData
[ 65%] Built target LLVMAMDGPUDesc
[ 65%] Built target LLVMMCJIT
[ 65%] Built target llvm-jitlink-executor
[ 65%] Built target LLVMAMDGPUTargetMCA
[ 65%] Built target LLVMAMDGPUDisassembler
[ 65%] Built target LLVMAMDGPUAsmParser
[ 65%] Built target llvm-dwarfdump
[ 65%] Built target llvm-locstats
[ 65%] Built target llvm-rtdyld
[ 65%] Built target llvm-debuginfo-analyzer
[ 65%] Built target llvm-ar
[ 65%] Built target sancov
[ 65%] Built target llvm-cfi-verify
[ 65%] Built target llvm-mc
[ 65%] Built target llvm-nm
[ 65%] Built target llvm-ml
[ 65%] Built target llvm-ranlib
[ 65%] Built target llvm-lib
[ 65%] Built target llvm-dlltool
[ 65%] Built target llvm-objdump
[ 65%] Built target llvm-ml64
[ 65%] Built target llvm-mca
[ 65%] Built target llvm-otool
[ 67%] Built target LLVMTransformUtils
[ 67%] Built target LLVMHipStdPar
[ 67%] Built target LLVMSPIRVAnalysis
[ 67%] Built target LLVMLinker
[ 67%] Built target LLVMAggressiveInstCombine
[ 67%] Built target LLVMFrontendOffloading
[ 67%] Built target LLVMObjCARCOpts
[ 67%] Built target llvm-offload-wrapper
[ 68%] Built target LLVMInstCombine
[ 68%] Built target LLVMInstrumentation
[ 68%] Built target LLVMVectorize
[ 68%] Built target LLVMFrontendDriver
[ 70%] Built target LLVMScalarOpts
[ 70%] Built target LLVMFuzzMutate
[ 70%] Built target LLVMFrontendOpenMP
[ 70%] Built target clangBasic
[ 70%] Built target clangAPINotes
[ 70%] Built target clangLex
[ 70%] Built target clangOptions
[ 70%] Built target clangIndexSerialization
[ 70%] Built target offload-arch
[ 70%] Built target clangRewrite
[ 70%] Built target clangAST
[ 70%] Built target apinotes-test
[ 70%] Built target clangToolingCore
[ 70%] Built target clangASTMatchers
[ 70%] Built target clangEdit
[ 70%] Built target clangInstallAPI
[ 70%] Built target clangToolingInclusionsStdlib
[ 70%] Built target clangToolingASTDiff
[ 70%] Built target clangToolingInclusions
[ 70%] Built target clangDynamicASTMatchers
[ 70%] Built target clangAnalysis
[ 70%] Built target clangFormat
[ 70%] Built target clangAnalysisLifetimeSafety
[ 70%] Built target clangAnalysisFlowSensitive
[ 70%] Built target clangSema
[ 70%] Built target clangAnalysisFlowSensitiveModels
[ 70%] Built target clang-format
[ 71%] Built target LLVMipo
[ 71%] Built target clangParse
[ 71%] Built target clangSerialization
[ 71%] Built target clangFrontend
[ 71%] Built target llvm-link
[ 71%] Built target clangIndex
[ 71%] Built target clangRewriteFrontend
[ 71%] Built target clangDriver
[ 71%] Built target clangToolingSyntax
[ 71%] Built target llvm-profgen
[ 71%] Built target LLVMCoroutines
[ 71%] Built target clangAnalysisScalable
[ 71%] Built target clangExtractAPI
[ 71%] Built target clangToolingRefactoring
[ 71%] Built target clangCrossTU
[ 71%] Built target clangDependencyScanning
[ 71%] Built target clang-offload-bundler
[ 71%] Built target clangStaticAnalyzerCore
[ 71%] Built target clangTransformer
[ 71%] Built target clangTooling
[ 73%] Built target diagtool
[ 73%] Built target clangStaticAnalyzerCheckers
[ 73%] Built target clang-diff
[ 73%] Built target clangStaticAnalyzerFrontend
[ 73%] Built target clang-refactor
[ 73%] Built target clang-installapi
[ 73%] Built target SampleAnalyzerPlugin
[ 73%] Built target CheckerDependencyHandlingAnalyzerPlugin
[ 73%] Built target CheckerOptionHandlingAnalyzerPlugin
[ 73%] Linking CXX executable ../../bin/llvm-config
[ 73%] Built target llvm-config
[ 76%] Built target LLVMCodeGen
[ 76%] Built target LLVMWebAssemblyUtils
[ 76%] Built target LLVMDWARFLinker
[ 76%] Built target llvm-cgdata
[ 76%] Built target LLVMInterpreter
[ 76%] Built target LLVMMIRParser
[ 76%] Built target LLVMSelectionDAG
[ 78%] Built target LLVMAsmPrinter
[ 78%] Built target LLVMDWARFLinkerClassic
[ 78%] Built target LLVMMSP430CodeGen
[ 78%] Built target LLVMDWARFLinkerParallel
[ 78%] Built target LLVMSparcCodeGen
[ 79%] Built target LLVMLanaiCodeGen
[ 79%] Built target LLVMVECodeGen
[ 81%] Built target LLVMAVRCodeGen
[ 81%] Built target LLVMXCoreCodeGen
[ 81%] Built target LLVMLoongArchCodeGen
[ 84%] Built target LLVMGlobalISel
[ 84%] Built target LLVMSystemZCodeGen
[ 84%] Built target LLVMNVPTXCodeGen
[ 84%] Built target LLVMPasses
[ 85%] Built target LLVMWebAssemblyCodeGen
[ 85%] Built target Polly
[ 85%] Built target llvm-extract
[ 85%] Built target LLVMExtensions
[ 85%] Built target LLVMHexagonCodeGen
[ 85%] Built target LLVMLTO
[ 87%] Built target LLVMSPIRVCodeGen
[ 89%] Built target LLVMPowerPCCodeGen
[ 89%] Built target clangCodeGen
[ 89%] Built target LLVMBPFCodeGen
[ 89%] Built target LLVMMipsCodeGen
[ 89%] Built target clangFrontendTool
[ 89%] Built target LLVMARMCodeGen
[ 89%] Built target clang-import-test
[ 90%] Built target LLVMOrcJIT
[ 92%] Built target LLVMX86CodeGen
[ 92%] Built target clangHandleLLVM
[ 93%] Built target LLVMRISCVCodeGen
[ 93%] Built target lli-child-target
[ 93%] Built target LLVMOrcDebugging
[ 95%] Built target LLVMAArch64CodeGen
[ 95%] Built target clangInterpreter
[ 95%] Built target lli
[ 96%] Built target llvm-jitlink
[ 96%] Built target LLVMExegesis
[ 96%] Built target LLVMExegesisAArch64
[ 96%] Built target LLVMExegesisPowerPC
[ 96%] Built target LLVMExegesisMips
[ 96%] Built target LLVMExegesisX86
[ 96%] Built target LLVMExegesisRISCV
[ 96%] Built target llvm-exegesis
[ 98%] Built target LLVMAMDGPUCodeGen
[ 98%] Built target clangHandleCXX
[ 98%] Built target clang-fuzzer-dictionary
[ 98%] Built target llvm-lto
[ 98%] Built target LTO
[ 98%] Built target clang-nvlink-wrapper
[ 98%] Built target clang-sycl-linker
[ 98%] Built target clang-linker-wrapper
[ 98%] Built target clang-scan-deps
[ 98%] Built target clang-extdef-mapping
[ 98%] Built target clang-check
[ 98%] Built target clang-repl
[ 98%] Built target llvm-isel-fuzzer
[ 98%] Built target llvm-lipo
[ 98%] Built target llvm-ir2vec
[ 98%] Built target llvm-dwarfutil
[ 98%] Built target llvm-split
[ 98%] Built target llvm-dwp
[ 98%] Built target llvm-libtool-darwin
[ 98%] Built target llvm-gsymutil
[ 98%] Built target llvm-opt-fuzzer
[ 98%] Built target llc
[ 98%] Built target llvm-lto2
[100%] Built target llvm-c-test
[100%] Built target clang-cpp
[100%] Built target LLVMOptDriver
[100%] Built target clang
[100%] Built target bugpoint
[100%] Built target dsymutil
[100%] Built target opt
[100%] Built target BugpointPasses
[100%] Built target libclang
[100%] Built target c-index-test
[100%] Built target llvm-reduce
-- The C compiler identification is Clang 22.0.0
-- Detecting C compiler ABI info
-- Detecting C compiler ABI info - done
-- Check for working C compiler: /home/kleplj/translation/PolybenchC-Polly/llvm-project/build/bin/clang - skipped
-- Detecting C compile features
-- Detecting C compile features - done
-- Configuring done (0.4s)
-- Generating done (0.8s)
-- Build files have been written to: /home/kleplj/translation/PolybenchC-Polly/build
[  4%] Building C object CMakeFiles/covariance.dir/datamining/covariance/covariance.c.o
[  6%] Building C object CMakeFiles/covariance.dir/utilities/polybench.c.o
[  6%] Building C object CMakeFiles/correlation.dir/utilities/polybench.c.o
[  6%] Building C object CMakeFiles/correlation.dir/datamining/correlation/correlation.c.o
[ 15%] Building C object CMakeFiles/lu.dir/linear-algebra/solvers/lu/lu.c.o
[ 15%] Building C object CMakeFiles/lu.dir/utilities/polybench.c.o
[ 15%] Building C object CMakeFiles/cholesky.dir/utilities/polybench.c.o
[ 15%] Building C object CMakeFiles/trisolv.dir/linear-algebra/solvers/trisolv/trisolv.c.o
[ 15%] Building C object CMakeFiles/durbin.dir/linear-algebra/solvers/durbin/durbin.c.o
[ 15%] Building C object CMakeFiles/ludcmp.dir/linear-algebra/solvers/ludcmp/ludcmp.c.o
[ 15%] Building C object CMakeFiles/gramschmidt.dir/linear-algebra/solvers/gramschmidt/gramschmidt.c.o
[ 42%] Building C object CMakeFiles/doitgen.dir/linear-algebra/kernels/doitgen/doitgen.c.o
[ 66%] Building C object CMakeFiles/deriche.dir/utilities/polybench.c.o
[ 66%] Building C object CMakeFiles/gesummv.dir/utilities/polybench.c.o
[ 66%] Building C object CMakeFiles/bicg.dir/utilities/polybench.c.o
[ 66%] Building C object CMakeFiles/durbin.dir/utilities/polybench.c.o
[ 66%] Building C object CMakeFiles/atax.dir/linear-algebra/kernels/atax/atax.c.o
[ 66%] Building C object CMakeFiles/symm.dir/linear-algebra/blas/symm/symm.c.o
[ 66%] Building C object CMakeFiles/gramschmidt.dir/utilities/polybench.c.o
[ 66%] Building C object CMakeFiles/gemm.dir/utilities/polybench.c.o
[ 66%] Building C object CMakeFiles/trisolv.dir/utilities/polybench.c.o
[ 66%] Building C object CMakeFiles/gemver.dir/linear-algebra/blas/gemver/gemver.c.o
[ 66%] Building C object CMakeFiles/bicg.dir/linear-algebra/kernels/bicg/bicg.c.o
[ 66%] Building C object CMakeFiles/2mm.dir/utilities/polybench.c.o
[ 66%] Building C object CMakeFiles/seidel-2d.dir/utilities/polybench.c.o
[ 66%] Building C object CMakeFiles/doitgen.dir/utilities/polybench.c.o
[ 66%] Building C object CMakeFiles/heat-3d.dir/utilities/polybench.c.o
[ 66%] Building C object CMakeFiles/heat-3d.dir/stencils/heat-3d/heat-3d.c.o
[ 66%] Building C object CMakeFiles/jacobi-1d.dir/utilities/polybench.c.o
[ 66%] Building C object CMakeFiles/jacobi-2d.dir/stencils/jacobi-2d/jacobi-2d.c.o
[ 66%] Building C object CMakeFiles/fdtd-2d.dir/stencils/fdtd-2d/fdtd-2d.c.o
[ 66%] Building C object CMakeFiles/deriche.dir/medley/deriche/deriche.c.o
[ 66%] Building C object CMakeFiles/adi.dir/stencils/adi/adi.c.o
[ 66%] Building C object CMakeFiles/syr2k.dir/linear-algebra/blas/syr2k/syr2k.c.o
[ 66%] Building C object CMakeFiles/floyd-warshall.dir/utilities/polybench.c.o
[ 66%] Building C object CMakeFiles/floyd-warshall.dir/medley/floyd-warshall/floyd-warshall.c.o
[ 66%] Building C object CMakeFiles/nussinov.dir/utilities/polybench.c.o
[ 66%] Building C object CMakeFiles/cholesky.dir/linear-algebra/solvers/cholesky/cholesky.c.o
[ 66%] Building C object CMakeFiles/3mm.dir/linear-algebra/kernels/3mm/3mm.c.o
[ 66%] Building C object CMakeFiles/gemm.dir/linear-algebra/blas/gemm/gemm.c.o
[ 66%] Building C object CMakeFiles/jacobi-2d.dir/utilities/polybench.c.o
[ 66%] Building C object CMakeFiles/syr2k.dir/utilities/polybench.c.o
[ 66%] Building C object CMakeFiles/syrk.dir/utilities/polybench.c.o
[ 66%] Building C object CMakeFiles/mvt.dir/linear-algebra/kernels/mvt/mvt.c.o
[ 66%] Building C object CMakeFiles/mvt.dir/utilities/polybench.c.o
[ 66%] Building C object CMakeFiles/2mm.dir/linear-algebra/kernels/2mm/2mm.c.o
[ 66%] Building C object CMakeFiles/seidel-2d.dir/stencils/seidel-2d/seidel-2d.c.o
[ 66%] Building C object CMakeFiles/jacobi-1d.dir/stencils/jacobi-1d/jacobi-1d.c.o
[ 66%] Building C object CMakeFiles/atax.dir/utilities/polybench.c.o
[ 66%] Building C object CMakeFiles/3mm.dir/utilities/polybench.c.o
[ 66%] Building C object CMakeFiles/ludcmp.dir/utilities/polybench.c.o
[ 66%] Building C object CMakeFiles/trmm.dir/utilities/polybench.c.o
[ 66%] Building C object CMakeFiles/symm.dir/utilities/polybench.c.o
[ 66%] Building C object CMakeFiles/adi.dir/utilities/polybench.c.o
[ 66%] Building C object CMakeFiles/syrk.dir/linear-algebra/blas/syrk/syrk.c.o
[ 66%] Building C object CMakeFiles/trmm.dir/linear-algebra/blas/trmm/trmm.c.o
[ 66%] Building C object CMakeFiles/gemver.dir/utilities/polybench.c.o
[ 66%] Building C object CMakeFiles/fdtd-2d.dir/utilities/polybench.c.o
[ 66%] Building C object CMakeFiles/nussinov.dir/medley/nussinov/nussinov.c.o
[ 66%] Building C object CMakeFiles/gesummv.dir/linear-algebra/blas/gesummv/gesummv.c.o
[ 67%] Linking C executable trisolv
[ 68%] Linking C executable jacobi-1d
[ 70%] Linking C executable atax
[ 71%] Linking C executable gesummv
[ 73%] Linking C executable mvt
[ 73%] Linking C executable bicg
[ 73%] Built target trisolv
[ 73%] Built target jacobi-1d
[ 74%] Built target atax
[ 74%] Linking C executable gemver
[ 75%] Built target gesummv
[ 75%] Linking C executable durbin
[ 75%] Built target bicg
[ 75%] Built target mvt
[ 76%] Linking C executable syrk
[ 76%] Built target gemver
[ 76%] Built target durbin
[ 77%] Linking C executable trmm
[ 78%] Linking C executable floyd-warshall
[ 80%] Linking C executable syr2k
[ 81%] Linking C executable gemm
[ 81%] Built target syrk
[ 81%] Built target trmm
[ 81%] Built target floyd-warshall
[ 82%] Linking C executable 2mm
[ 82%] Built target syr2k
[ 82%] Built target gemm
[ 82%] Built target 2mm
[ 83%] Linking C executable 3mm
[ 84%] Linking C executable deriche
[ 85%] Linking C executable cholesky
[ 86%] Linking C executable correlation
[ 86%] Built target 3mm
[ 86%] Built target deriche
[ 86%] Built target cholesky
[ 86%] Built target correlation
[ 87%] Linking C executable fdtd-2d
[ 88%] Linking C executable seidel-2d
[ 88%] Built target fdtd-2d
[ 88%] Built target seidel-2d
[ 90%] Linking C executable symm
[ 91%] Linking C executable gramschmidt
[ 92%] Linking C executable covariance
[ 92%] Built target symm
[ 92%] Built target gramschmidt
[ 92%] Built target covariance
[ 93%] Linking C executable nussinov
[ 93%] Built target nussinov
[ 94%] Linking C executable ludcmp
[ 94%] Built target ludcmp
[ 95%] Linking C executable adi
[ 95%] Built target adi
[ 96%] Linking C executable jacobi-2d
[ 96%] Built target jacobi-2d
[ 97%] Linking C executable doitgen
[ 97%] Built target doitgen
[ 98%] Linking C executable lu
[ 98%] Built target lu
[100%] Linking C executable heat-3d
[100%] Built target heat-3d
-- The CXX compiler identification is GNU 15.2.0
-- Detecting CXX compiler ABI info
-- Detecting CXX compiler ABI info - done
-- Check for working CXX compiler: /usr/local/latestgcc/bin/g++ - skipped
-- Detecting CXX compile features
-- Detecting CXX compile features - done
-- Found Python: /home/kleplj/translation/gpt-querying/.venv/bin/python3.9 (found suitable version "3.9.21", minimum required is "3") found components: Interpreter Development.Module
-- Halide 'host' platform triple:   x86-64-linux
-- Halide 'cmake' platform triple:  x86-64-linux
-- Halide default AOT target:       host
-- Found ZLIB: /usr/lib64/libz.so (found version "1.2.11")
-- Could NOT find PNG (missing: PNG_LIBRARY PNG_PNG_INCLUDE_DIR) 
-- Could NOT find JPEG (missing: JPEG_LIBRARY JPEG_INCLUDE_DIR) 
-- Configuring done (0.8s)
-- Generating done (0.7s)
-- Build files have been written to: /home/kleplj/translation/PolybenchC-Halide/build
[ 10%] Building CXX object CMakeFiles/correlation.dir/datamining/correlation/correlation.cpp.o
[ 10%] Building CXX object CMakeFiles/covariance.dir/datamining/covariance/covariance.cpp.o
[ 10%] Building CXX object CMakeFiles/gesummv.dir/linear-algebra/blas/gesummv/gesummv.cpp.o
[ 16%] Building CXX object CMakeFiles/symm.dir/linear-algebra/blas/symm/symm.cpp.o
[ 16%] Building CXX object CMakeFiles/gemver.dir/linear-algebra/blas/gemver/gemver.cpp.o
[ 16%] Building CXX object CMakeFiles/gemm.dir/linear-algebra/blas/gemm/gemm.cpp.o
[ 16%] Building CXX object CMakeFiles/syrk.dir/linear-algebra/blas/syrk/syrk.cpp.o
[ 16%] Building CXX object CMakeFiles/syr2k.dir/linear-algebra/blas/syr2k/syr2k.cpp.o
[ 23%] Building CXX object CMakeFiles/trmm.dir/linear-algebra/blas/trmm/trmm.cpp.o
[ 23%] Building CXX object CMakeFiles/bicg.dir/linear-algebra/kernels/bicg/bicg.cpp.o
[ 23%] Building CXX object CMakeFiles/atax.dir/linear-algebra/kernels/atax/atax.cpp.o
[ 36%] Building CXX object CMakeFiles/2mm.dir/linear-algebra/kernels/2mm/2mm.cpp.o
[ 50%] Building CXX object CMakeFiles/doitgen.dir/linear-algebra/kernels/doitgen/doitgen.cpp.o
[ 50%] Building CXX object CMakeFiles/durbin.dir/linear-algebra/solvers/durbin/durbin.cpp.o
[ 50%] Building CXX object CMakeFiles/nussinov.dir/medley/nussinov/nussinov.cpp.o
[ 50%] Building CXX object CMakeFiles/mvt.dir/linear-algebra/kernels/mvt/mvt.cpp.o
[ 50%] Building CXX object CMakeFiles/lu.dir/linear-algebra/solvers/lu/lu.cpp.o
[ 50%] Building CXX object CMakeFiles/gramschmidt.dir/linear-algebra/solvers/gramschmidt/gramschmidt.cpp.o
[ 50%] Building CXX object CMakeFiles/cholesky.dir/linear-algebra/solvers/cholesky/cholesky.cpp.o
[ 50%] Building CXX object CMakeFiles/heat-3d.dir/stencils/heat-3d/heat-3d.cpp.o
[ 50%] Building CXX object CMakeFiles/fdtd-2d.dir/stencils/fdtd-2d/fdtd-2d.cpp.o
[ 50%] Building CXX object CMakeFiles/3mm.dir/linear-algebra/kernels/3mm/3mm.cpp.o
[ 50%] Building CXX object CMakeFiles/deriche.dir/medley/deriche/deriche.cpp.o
[ 50%] Building CXX object CMakeFiles/adi.dir/stencils/adi/adi.cpp.o
[ 50%] Building CXX object CMakeFiles/trisolv.dir/linear-algebra/solvers/trisolv/trisolv.cpp.o
[ 50%] Building CXX object CMakeFiles/ludcmp.dir/linear-algebra/solvers/ludcmp/ludcmp.cpp.o
[ 50%] Building CXX object CMakeFiles/jacobi-2d.dir/stencils/jacobi-2d/jacobi-2d.cpp.o
[ 50%] Building CXX object CMakeFiles/floyd-warshall.dir/medley/floyd-warshall/floyd-warshall.cpp.o
[ 50%] Building CXX object CMakeFiles/jacobi-1d.dir/stencils/jacobi-1d/jacobi-1d.cpp.o
[ 50%] Building CXX object CMakeFiles/seidel-2d.dir/stencils/seidel-2d/seidel-2d.cpp.o
[ 51%] Linking CXX executable adi
[ 53%] Linking CXX executable jacobi-1d
[ 53%] Built target adi
[ 55%] Linking CXX executable floyd-warshall
[ 56%] Linking CXX executable cholesky
[ 58%] Linking CXX executable trmm
[ 58%] Built target jacobi-1d
[ 58%] Built target floyd-warshall
[ 58%] Built target cholesky
[ 58%] Built target trmm
[ 60%] Linking CXX executable syrk
[ 61%] Linking CXX executable symm
[ 63%] Linking CXX executable gemm
[ 65%] Linking CXX executable 2mm
[ 66%] Linking CXX executable syr2k
[ 68%] Linking CXX executable seidel-2d
[ 68%] Built target syrk
[ 68%] Built target symm
[ 68%] Built target gemm
[ 70%] Linking CXX executable 3mm
[ 70%] Built target 2mm
[ 71%] Built target syr2k
[ 71%] Linking CXX executable bicg
[ 71%] Built target seidel-2d
[ 71%] Built target 3mm
[ 71%] Built target bicg
[ 73%] Linking CXX executable atax
[ 75%] Linking CXX executable gesummv
[ 76%] Linking CXX executable heat-3d
[ 76%] Built target atax
[ 78%] Linking CXX executable doitgen
[ 80%] Linking CXX executable correlation
[ 80%] Built target gesummv
[ 81%] Linking CXX executable ludcmp
[ 81%] Built target heat-3d
[ 83%] Linking CXX executable mvt
[ 83%] Built target doitgen
[ 83%] Built target correlation
[ 83%] Built target ludcmp
[ 83%] Built target mvt
[ 85%] Linking CXX executable lu
[ 86%] Linking CXX executable nussinov
[ 88%] Linking CXX executable gemver
[ 88%] Built target lu
[ 88%] Built target nussinov
[ 88%] Built target gemver
[ 90%] Linking CXX executable gramschmidt
[ 91%] Linking CXX executable fdtd-2d
[ 91%] Built target gramschmidt
[ 91%] Built target fdtd-2d
[ 93%] Linking CXX executable trisolv
[ 93%] Built target trisolv
[ 95%] Linking CXX executable deriche
[ 95%] Built target deriche
Skipping halide translation 2mm repetition 1 for dataset size LARGE (already done).
Skipping halide translation 2mm repetition 1 for dataset size LARGE (already done).
Skipping halide translation adi repetition 1 for dataset size LARGE (already done).
Skipping halide translation adi repetition 1 for dataset size LARGE (already done).
Skipping halide translation atax repetition 1 for dataset size LARGE (already done).
Skipping halide translation atax repetition 1 for dataset size LARGE (already done).
Skipping halide translation bicg repetition 1 for dataset size LARGE (already done).
Skipping halide translation bicg repetition 1 for dataset size LARGE (already done).
Skipping halide translation cholesky repetition 1 for dataset size LARGE (already done).
Skipping halide translation cholesky repetition 1 for dataset size LARGE (already done).
Skipping halide translation deriche repetition 1 for dataset size LARGE (already done).
Skipping halide translation deriche repetition 1 for dataset size LARGE (already done).
Skipping halide translation fdtd-2d repetition 1 for dataset size LARGE (already done).
Skipping halide translation fdtd-2d repetition 1 for dataset size LARGE (already done).
Skipping halide translation floyd-warshall repetition 1 for dataset size LARGE (already done).
Skipping halide translation floyd-warshall repetition 1 for dataset size LARGE (already done).
Skipping halide translation gemver repetition 1 for dataset size LARGE (already done).
Skipping halide translation gemver repetition 1 for dataset size LARGE (already done).
Skipping halide translation gesummv repetition 1 for dataset size LARGE (already done).
Skipping halide translation gesummv repetition 1 for dataset size LARGE (already done).
Skipping halide translation heat-3d repetition 1 for dataset size LARGE (already done).
Skipping halide translation heat-3d repetition 1 for dataset size LARGE (already done).
Skipping halide translation lu repetition 1 for dataset size LARGE (already done).
Skipping halide translation lu repetition 1 for dataset size LARGE (already done).
Skipping halide translation ludcmp repetition 1 for dataset size LARGE (already done).
Skipping halide translation ludcmp repetition 1 for dataset size LARGE (already done).
Skipping halide translation mvt repetition 1 for dataset size LARGE (already done).
Skipping halide translation mvt repetition 1 for dataset size LARGE (already done).
Skipping halide translation seidel-2d repetition 1 for dataset size LARGE (already done).
Skipping halide translation seidel-2d repetition 1 for dataset size LARGE (already done).
Skipping halide translation symm repetition 1 for dataset size LARGE (already done).
Skipping halide translation symm repetition 1 for dataset size LARGE (already done).
Skipping halide translation syrk repetition 1 for dataset size LARGE (already done).
Skipping halide translation syrk repetition 1 for dataset size LARGE (already done).
Skipping halide translation trmm repetition 1 for dataset size LARGE (already done).
Skipping halide translation trmm repetition 1 for dataset size LARGE (already done).
-- The CXX compiler identification is GNU 15.2.0
-- Detecting CXX compiler ABI info
-- Detecting CXX compiler ABI info - done
-- Check for working CXX compiler: /usr/local/latestgcc/bin/g++ - skipped
-- Detecting CXX compile features
-- Detecting CXX compile features - done
-- Found Python: /home/kleplj/translation/gpt-querying/.venv/bin/python3.9 (found suitable version "3.9.21", minimum required is "3") found components: Interpreter Development.Module
-- Halide 'host' platform triple:   x86-64-linux
-- Halide 'cmake' platform triple:  x86-64-linux
-- Halide default AOT target:       host
-- Found ZLIB: /usr/lib64/libz.so (found version "1.2.11")
-- Could NOT find PNG (missing: PNG_LIBRARY PNG_PNG_INCLUDE_DIR) 
-- Could NOT find JPEG (missing: JPEG_LIBRARY JPEG_INCLUDE_DIR) 
-- Configuring done (0.9s)
-- Generating done (0.7s)
-- Build files have been written to: /home/kleplj/translation/PolybenchC-Halide/build
[  5%] Building CXX object CMakeFiles/correlation.dir/datamining/correlation/correlation.cpp.o
[  5%] Building CXX object CMakeFiles/covariance.dir/datamining/covariance/covariance.cpp.o
[  5%] Building CXX object CMakeFiles/gemver.dir/linear-algebra/blas/gemver/gemver.cpp.o
[ 20%] Building CXX object CMakeFiles/syrk.dir/linear-algebra/blas/syrk/syrk.cpp.o
[ 20%] Building CXX object CMakeFiles/trmm.dir/linear-algebra/blas/trmm/trmm.cpp.o
[ 20%] Building CXX object CMakeFiles/gesummv.dir/linear-algebra/blas/gesummv/gesummv.cpp.o
[ 20%] Building CXX object CMakeFiles/gemm.dir/linear-algebra/blas/gemm/gemm.cpp.o
[ 20%] Building CXX object CMakeFiles/3mm.dir/linear-algebra/kernels/3mm/3mm.cpp.o
[ 20%] Building CXX object CMakeFiles/syr2k.dir/linear-algebra/blas/syr2k/syr2k.cpp.o
[ 20%] Building CXX object CMakeFiles/symm.dir/linear-algebra/blas/symm/symm.cpp.o
[ 35%] Building CXX object CMakeFiles/doitgen.dir/linear-algebra/kernels/doitgen/doitgen.cpp.o
[ 50%] Building CXX object CMakeFiles/ludcmp.dir/linear-algebra/solvers/ludcmp/ludcmp.cpp.o
[ 50%] Building CXX object CMakeFiles/adi.dir/stencils/adi/adi.cpp.o
[ 50%] Building CXX object CMakeFiles/jacobi-1d.dir/stencils/jacobi-1d/jacobi-1d.cpp.o
[ 50%] Building CXX object CMakeFiles/2mm.dir/linear-algebra/kernels/2mm/2mm.cpp.o
[ 50%] Building CXX object CMakeFiles/atax.dir/linear-algebra/kernels/atax/atax.cpp.o
[ 50%] Building CXX object CMakeFiles/bicg.dir/linear-algebra/kernels/bicg/bicg.cpp.o
[ 50%] Building CXX object CMakeFiles/durbin.dir/linear-algebra/solvers/durbin/durbin.cpp.o
[ 50%] Building CXX object CMakeFiles/mvt.dir/linear-algebra/kernels/mvt/mvt.cpp.o
[ 50%] Building CXX object CMakeFiles/gramschmidt.dir/linear-algebra/solvers/gramschmidt/gramschmidt.cpp.o
[ 50%] Building CXX object CMakeFiles/lu.dir/linear-algebra/solvers/lu/lu.cpp.o
[ 50%] Building CXX object CMakeFiles/seidel-2d.dir/stencils/seidel-2d/seidel-2d.cpp.o
[ 50%] Building CXX object CMakeFiles/heat-3d.dir/stencils/heat-3d/heat-3d.cpp.o
[ 50%] Building CXX object CMakeFiles/jacobi-2d.dir/stencils/jacobi-2d/jacobi-2d.cpp.o
[ 50%] Building CXX object CMakeFiles/fdtd-2d.dir/stencils/fdtd-2d/fdtd-2d.cpp.o
[ 50%] Building CXX object CMakeFiles/cholesky.dir/linear-algebra/solvers/cholesky/cholesky.cpp.o
[ 50%] Building CXX object CMakeFiles/nussinov.dir/medley/nussinov/nussinov.cpp.o
[ 50%] Building CXX object CMakeFiles/deriche.dir/medley/deriche/deriche.cpp.o
[ 50%] Building CXX object CMakeFiles/floyd-warshall.dir/medley/floyd-warshall/floyd-warshall.cpp.o
[ 50%] Building CXX object CMakeFiles/trisolv.dir/linear-algebra/solvers/trisolv/trisolv.cpp.o
[ 51%] Linking CXX executable adi
[ 51%] Built target adi
[ 53%] Linking CXX executable floyd-warshall
[ 55%] Linking CXX executable covariance
[ 56%] Linking CXX executable syrk
[ 56%] Built target floyd-warshall
[ 58%] Linking CXX executable 3mm
[ 60%] Linking CXX executable jacobi-1d
[ 60%] Built target covariance
[ 60%] Built target syrk
[ 61%] Linking CXX executable gemm
[ 63%] Linking CXX executable symm
[ 65%] Linking CXX executable durbin
[ 65%] Built target 3mm
[ 65%] Built target jacobi-1d
[ 66%] Linking CXX executable correlation
[ 68%] Linking CXX executable 2mm
[ 70%] Linking CXX executable heat-3d
[ 70%] Built target gemm
[ 71%] Linking CXX executable syr2k
[ 71%] Built target symm
[ 71%] Built target durbin
[ 71%] Built target correlation
[ 71%] Built target 2mm
[ 71%] Built target heat-3d
[ 71%] Built target syr2k
[ 73%] Linking CXX executable doitgen
[ 75%] Linking CXX executable gesummv
[ 76%] Linking CXX executable cholesky
[ 76%] Built target doitgen
[ 76%] Built target gesummv
[ 78%] Linking CXX executable atax
[ 78%] Built target cholesky
[ 80%] Linking CXX executable bicg
[ 80%] Built target atax
[ 81%] Linking CXX executable mvt
[ 83%] Linking CXX executable trisolv
[ 83%] Built target bicg
[ 83%] Built target mvt
[ 83%] Built target trisolv
[ 85%] Linking CXX executable ludcmp
[ 85%] Built target ludcmp
Skipping halide translation 2mm repetition 2 for dataset size LARGE (already done).
Skipping halide translation 2mm repetition 2 for dataset size LARGE (already done).
Skipping halide translation adi repetition 2 for dataset size LARGE (already done).
Skipping halide translation adi repetition 2 for dataset size LARGE (already done).
Skipping halide translation atax repetition 2 for dataset size LARGE (already done).
Skipping halide translation atax repetition 2 for dataset size LARGE (already done).
Skipping halide translation bicg repetition 2 for dataset size LARGE (already done).
Skipping halide translation bicg repetition 2 for dataset size LARGE (already done).
Skipping halide translation covariance repetition 2 for dataset size LARGE (already done).
Skipping halide translation covariance repetition 2 for dataset size LARGE (already done).
Skipping halide translation floyd-warshall repetition 2 for dataset size LARGE (already done).
Skipping halide translation floyd-warshall repetition 2 for dataset size LARGE (already done).
Skipping halide translation gemm repetition 2 for dataset size LARGE (already done).
Skipping halide translation gemm repetition 2 for dataset size LARGE (already done).
Skipping halide translation gesummv repetition 2 for dataset size LARGE (already done).
Skipping halide translation gesummv repetition 2 for dataset size LARGE (already done).
Skipping halide translation heat-3d repetition 2 for dataset size LARGE (already done).
Skipping halide translation heat-3d repetition 2 for dataset size LARGE (already done).
Skipping halide translation jacobi-1d repetition 2 for dataset size LARGE (already done).
Skipping halide translation jacobi-1d repetition 2 for dataset size LARGE (already done).
Skipping halide translation mvt repetition 2 for dataset size LARGE (already done).
Skipping halide translation mvt repetition 2 for dataset size LARGE (already done).
Skipping halide translation symm repetition 2 for dataset size LARGE (already done).
Skipping halide translation symm repetition 2 for dataset size LARGE (already done).
Skipping halide translation syr2k repetition 2 for dataset size LARGE (already done).
Skipping halide translation syr2k repetition 2 for dataset size LARGE (already done).
Skipping halide translation syrk repetition 2 for dataset size LARGE (already done).
Skipping halide translation syrk repetition 2 for dataset size LARGE (already done).
Skipping halide translation trisolv repetition 2 for dataset size LARGE (already done).
Skipping halide translation trisolv repetition 2 for dataset size LARGE (already done).
-- The CXX compiler identification is GNU 15.2.0
-- Detecting CXX compiler ABI info
-- Detecting CXX compiler ABI info - done
-- Check for working CXX compiler: /usr/local/latestgcc/bin/g++ - skipped
-- Detecting CXX compile features
-- Detecting CXX compile features - done
-- Found Python: /home/kleplj/translation/gpt-querying/.venv/bin/python3.9 (found suitable version "3.9.21", minimum required is "3") found components: Interpreter Development.Module
-- Halide 'host' platform triple:   x86-64-linux
-- Halide 'cmake' platform triple:  x86-64-linux
-- Halide default AOT target:       host
-- Found ZLIB: /usr/lib64/libz.so (found version "1.2.11")
-- Could NOT find PNG (missing: PNG_LIBRARY PNG_PNG_INCLUDE_DIR) 
-- Could NOT find JPEG (missing: JPEG_LIBRARY JPEG_INCLUDE_DIR) 
-- Configuring done (0.7s)
-- Generating done (0.7s)
-- Build files have been written to: /home/kleplj/translation/PolybenchC-Halide/build
[  8%] Building CXX object CMakeFiles/gemm.dir/linear-algebra/blas/gemm/gemm.cpp.o
[  8%] Building CXX object CMakeFiles/correlation.dir/datamining/correlation/correlation.cpp.o
[ 15%] Building CXX object CMakeFiles/gemver.dir/linear-algebra/blas/gemver/gemver.cpp.o
[ 15%] Building CXX object CMakeFiles/syrk.dir/linear-algebra/blas/syrk/syrk.cpp.o
[ 15%] Building CXX object CMakeFiles/syr2k.dir/linear-algebra/blas/syr2k/syr2k.cpp.o
[ 15%] Building CXX object CMakeFiles/gesummv.dir/linear-algebra/blas/gesummv/gesummv.cpp.o
[ 15%] Building CXX object CMakeFiles/covariance.dir/datamining/covariance/covariance.cpp.o
[ 28%] Building CXX object CMakeFiles/symm.dir/linear-algebra/blas/symm/symm.cpp.o
[ 50%] Building CXX object CMakeFiles/lu.dir/linear-algebra/solvers/lu/lu.cpp.o
[ 50%] Building CXX object CMakeFiles/ludcmp.dir/linear-algebra/solvers/ludcmp/ludcmp.cpp.o
[ 50%] Building CXX object CMakeFiles/atax.dir/linear-algebra/kernels/atax/atax.cpp.o
[ 50%] Building CXX object CMakeFiles/nussinov.dir/medley/nussinov/nussinov.cpp.o
[ 50%] Building CXX object CMakeFiles/2mm.dir/linear-algebra/kernels/2mm/2mm.cpp.o
[ 50%] Building CXX object CMakeFiles/seidel-2d.dir/stencils/seidel-2d/seidel-2d.cpp.o
[ 50%] Building CXX object CMakeFiles/trisolv.dir/linear-algebra/solvers/trisolv/trisolv.cpp.o
[ 50%] Building CXX object CMakeFiles/3mm.dir/linear-algebra/kernels/3mm/3mm.cpp.o
[ 50%] Building CXX object CMakeFiles/trmm.dir/linear-algebra/blas/trmm/trmm.cpp.o
[ 50%] Building CXX object CMakeFiles/gramschmidt.dir/linear-algebra/solvers/gramschmidt/gramschmidt.cpp.o
[ 50%] Building CXX object CMakeFiles/heat-3d.dir/stencils/heat-3d/heat-3d.cpp.o
[ 50%] Building CXX object CMakeFiles/cholesky.dir/linear-algebra/solvers/cholesky/cholesky.cpp.o
[ 50%] Building CXX object CMakeFiles/jacobi-2d.dir/stencils/jacobi-2d/jacobi-2d.cpp.o
[ 50%] Building CXX object CMakeFiles/doitgen.dir/linear-algebra/kernels/doitgen/doitgen.cpp.o
[ 50%] Building CXX object CMakeFiles/deriche.dir/medley/deriche/deriche.cpp.o
[ 50%] Building CXX object CMakeFiles/bicg.dir/linear-algebra/kernels/bicg/bicg.cpp.o
[ 50%] Building CXX object CMakeFiles/durbin.dir/linear-algebra/solvers/durbin/durbin.cpp.o
[ 50%] Building CXX object CMakeFiles/adi.dir/stencils/adi/adi.cpp.o
[ 50%] Building CXX object CMakeFiles/mvt.dir/linear-algebra/kernels/mvt/mvt.cpp.o
[ 50%] Building CXX object CMakeFiles/fdtd-2d.dir/stencils/fdtd-2d/fdtd-2d.cpp.o
[ 50%] Building CXX object CMakeFiles/jacobi-1d.dir/stencils/jacobi-1d/jacobi-1d.cpp.o
[ 50%] Building CXX object CMakeFiles/floyd-warshall.dir/medley/floyd-warshall/floyd-warshall.cpp.o
[ 51%] Linking CXX executable adi
[ 51%] Built target adi
[ 53%] Linking CXX executable syrk
[ 55%] Linking CXX executable floyd-warshall
[ 56%] Linking CXX executable jacobi-2d
[ 56%] Built target syrk
[ 58%] Linking CXX executable gemm
[ 60%] Linking CXX executable correlation
[ 61%] Linking CXX executable syr2k
[ 61%] Built target floyd-warshall
[ 63%] Linking CXX executable seidel-2d
[ 65%] Linking CXX executable symm
[ 65%] Built target jacobi-2d
[ 65%] Built target gemm
[ 65%] Built target syr2k
[ 65%] Built target correlation
[ 66%] Linking CXX executable 3mm
[ 66%] Built target seidel-2d
[ 68%] Linking CXX executable heat-3d
[ 68%] Built target symm
[ 70%] Linking CXX executable 2mm
[ 70%] Built target 3mm
[ 70%] Built target heat-3d
[ 71%] Linking CXX executable cholesky
[ 73%] Linking CXX executable gesummv
[ 73%] Built target 2mm
[ 75%] Linking CXX executable atax
[ 75%] Built target cholesky
[ 75%] Built target gesummv
[ 76%] Linking CXX executable lu
[ 78%] Linking CXX executable nussinov
[ 80%] Linking CXX executable bicg
[ 80%] Built target atax
[ 80%] Built target lu
[ 80%] Built target nussinov
[ 81%] Linking CXX executable mvt
[ 81%] Built target bicg
[ 83%] Linking CXX executable trisolv
[ 83%] Built target mvt
[ 85%] Linking CXX executable gramschmidt
[ 85%] Built target trisolv
[ 86%] Linking CXX executable doitgen
[ 86%] Built target gramschmidt
[ 86%] Built target doitgen
[ 88%] Linking CXX executable fdtd-2d
[ 90%] Linking CXX executable ludcmp
[ 90%] Built target fdtd-2d
[ 90%] Built target ludcmp
Skipping halide translation 2mm repetition 3 for dataset size LARGE (already done).
Skipping halide translation 2mm repetition 3 for dataset size LARGE (already done).
Skipping halide translation 3mm repetition 3 for dataset size LARGE (already done).
Skipping halide translation 3mm repetition 3 for dataset size LARGE (already done).
Skipping halide translation adi repetition 3 for dataset size LARGE (already done).
Skipping halide translation adi repetition 3 for dataset size LARGE (already done).
Skipping halide translation atax repetition 3 for dataset size LARGE (already done).
Skipping halide translation atax repetition 3 for dataset size LARGE (already done).
Skipping halide translation bicg repetition 3 for dataset size LARGE (already done).
Skipping halide translation bicg repetition 3 for dataset size LARGE (already done).
Skipping halide translation doitgen repetition 3 for dataset size LARGE (already done).
Skipping halide translation doitgen repetition 3 for dataset size LARGE (already done).
Skipping halide translation fdtd-2d repetition 3 for dataset size LARGE (already done).
Skipping halide translation fdtd-2d repetition 3 for dataset size LARGE (already done).
Skipping halide translation floyd-warshall repetition 3 for dataset size LARGE (already done).
Skipping halide translation floyd-warshall repetition 3 for dataset size LARGE (already done).
Skipping halide translation gemm repetition 3 for dataset size LARGE (already done).
Skipping halide translation gemm repetition 3 for dataset size LARGE (already done).
Skipping halide translation gesummv repetition 3 for dataset size LARGE (already done).
Skipping halide translation gesummv repetition 3 for dataset size LARGE (already done).
Skipping halide translation heat-3d repetition 3 for dataset size LARGE (already done).
Skipping halide translation heat-3d repetition 3 for dataset size LARGE (already done).
Skipping halide translation jacobi-2d repetition 3 for dataset size LARGE (already done).
Skipping halide translation jacobi-2d repetition 3 for dataset size LARGE (already done).
Skipping halide translation ludcmp repetition 3 for dataset size LARGE (already done).
Skipping halide translation ludcmp repetition 3 for dataset size LARGE (already done).
Skipping halide translation mvt repetition 3 for dataset size LARGE (already done).
Skipping halide translation mvt repetition 3 for dataset size LARGE (already done).
Skipping halide translation nussinov repetition 3 for dataset size LARGE (already done).
Skipping halide translation nussinov repetition 3 for dataset size LARGE (already done).
Skipping halide translation seidel-2d repetition 3 for dataset size LARGE (already done).
Skipping halide translation seidel-2d repetition 3 for dataset size LARGE (already done).
Skipping halide translation symm repetition 3 for dataset size LARGE (already done).
Skipping halide translation symm repetition 3 for dataset size LARGE (already done).
Skipping halide translation syr2k repetition 3 for dataset size LARGE (already done).
Skipping halide translation syr2k repetition 3 for dataset size LARGE (already done).
Skipping halide translation syrk repetition 3 for dataset size LARGE (already done).
Skipping halide translation syrk repetition 3 for dataset size LARGE (already done).
Skipping halide translation trisolv repetition 3 for dataset size LARGE (already done).
Skipping halide translation trisolv repetition 3 for dataset size LARGE (already done).
-- The CXX compiler identification is GNU 15.2.0
-- Detecting CXX compiler ABI info
-- Detecting CXX compiler ABI info - done
-- Check for working CXX compiler: /usr/local/latestgcc/bin/g++ - skipped
-- Detecting CXX compile features
-- Detecting CXX compile features - done
-- Found Python: /home/kleplj/translation/gpt-querying/.venv/bin/python3.9 (found suitable version "3.9.21", minimum required is "3") found components: Interpreter Development.Module
-- Halide 'host' platform triple:   x86-64-linux
-- Halide 'cmake' platform triple:  x86-64-linux
-- Halide default AOT target:       host
-- Found ZLIB: /usr/lib64/libz.so (found version "1.2.11")
-- Could NOT find PNG (missing: PNG_LIBRARY PNG_PNG_INCLUDE_DIR) 
-- Could NOT find JPEG (missing: JPEG_LIBRARY JPEG_INCLUDE_DIR) 
-- Configuring done (0.7s)
-- Generating done (0.7s)
-- Build files have been written to: /home/kleplj/translation/PolybenchC-Halide/build
[  8%] Building CXX object CMakeFiles/correlation.dir/datamining/correlation/correlation.cpp.o
[  8%] Building CXX object CMakeFiles/covariance.dir/datamining/covariance/covariance.cpp.o
[ 13%] Building CXX object CMakeFiles/syrk.dir/linear-algebra/blas/syrk/syrk.cpp.o
[ 13%] Building CXX object CMakeFiles/gesummv.dir/linear-algebra/blas/gesummv/gesummv.cpp.o
[ 13%] Building CXX object CMakeFiles/gemver.dir/linear-algebra/blas/gemver/gemver.cpp.o
[ 23%] Building CXX object CMakeFiles/trmm.dir/linear-algebra/blas/trmm/trmm.cpp.o
[ 23%] Building CXX object CMakeFiles/2mm.dir/linear-algebra/kernels/2mm/2mm.cpp.o
[ 23%] Building CXX object CMakeFiles/3mm.dir/linear-algebra/kernels/3mm/3mm.cpp.o
[ 23%] Building CXX object CMakeFiles/symm.dir/linear-algebra/blas/symm/symm.cpp.o
[ 23%] Building CXX object CMakeFiles/syr2k.dir/linear-algebra/blas/syr2k/syr2k.cpp.o
[ 23%] Building CXX object CMakeFiles/gemm.dir/linear-algebra/blas/gemm/gemm.cpp.o
[ 38%] Building CXX object CMakeFiles/mvt.dir/linear-algebra/kernels/mvt/mvt.cpp.o
[ 50%] Building CXX object CMakeFiles/bicg.dir/linear-algebra/kernels/bicg/bicg.cpp.o
[ 50%] Building CXX object CMakeFiles/floyd-warshall.dir/medley/floyd-warshall/floyd-warshall.cpp.o
[ 50%] Building CXX object CMakeFiles/atax.dir/linear-algebra/kernels/atax/atax.cpp.o
[ 50%] Building CXX object CMakeFiles/doitgen.dir/linear-algebra/kernels/doitgen/doitgen.cpp.o
[ 50%] Building CXX object CMakeFiles/cholesky.dir/linear-algebra/solvers/cholesky/cholesky.cpp.o
[ 50%] Building CXX object CMakeFiles/fdtd-2d.dir/stencils/fdtd-2d/fdtd-2d.cpp.o
[ 50%] Building CXX object CMakeFiles/nussinov.dir/medley/nussinov/nussinov.cpp.o
[ 50%] Building CXX object CMakeFiles/adi.dir/stencils/adi/adi.cpp.o
[ 50%] Building CXX object CMakeFiles/lu.dir/linear-algebra/solvers/lu/lu.cpp.o
[ 50%] Building CXX object CMakeFiles/durbin.dir/linear-algebra/solvers/durbin/durbin.cpp.o
[ 50%] Building CXX object CMakeFiles/gramschmidt.dir/linear-algebra/solvers/gramschmidt/gramschmidt.cpp.o
[ 50%] Building CXX object CMakeFiles/ludcmp.dir/linear-algebra/solvers/ludcmp/ludcmp.cpp.o
[ 50%] Building CXX object CMakeFiles/trisolv.dir/linear-algebra/solvers/trisolv/trisolv.cpp.o
[ 50%] Building CXX object CMakeFiles/deriche.dir/medley/deriche/deriche.cpp.o
[ 50%] Building CXX object CMakeFiles/seidel-2d.dir/stencils/seidel-2d/seidel-2d.cpp.o
[ 50%] Building CXX object CMakeFiles/heat-3d.dir/stencils/heat-3d/heat-3d.cpp.o
[ 50%] Building CXX object CMakeFiles/jacobi-2d.dir/stencils/jacobi-2d/jacobi-2d.cpp.o
[ 50%] Building CXX object CMakeFiles/jacobi-1d.dir/stencils/jacobi-1d/jacobi-1d.cpp.o
[ 51%] Linking CXX executable adi
[ 51%] Built target adi
[ 53%] Linking CXX executable floyd-warshall
[ 55%] Linking CXX executable cholesky
[ 56%] Linking CXX executable covariance
[ 56%] Built target floyd-warshall
[ 56%] Built target cholesky
[ 58%] Linking CXX executable syrk
[ 58%] Built target covariance
[ 60%] Linking CXX executable syr2k
[ 61%] Linking CXX executable trmm
[ 63%] Linking CXX executable symm
[ 65%] Linking CXX executable gemm
[ 65%] Built target syrk
[ 65%] Built target syr2k
[ 65%] Built target trmm
[ 65%] Built target symm
[ 66%] Linking CXX executable 2mm
[ 66%] Built target gemm
[ 68%] Linking CXX executable correlation
[ 70%] Linking CXX executable 3mm
[ 70%] Built target 2mm
[ 71%] Linking CXX executable atax
[ 71%] Built target 3mm
[ 71%] Built target correlation
[ 73%] Linking CXX executable bicg
[ 75%] Linking CXX executable gesummv
[ 76%] Linking CXX executable jacobi-2d
[ 78%] Linking CXX executable heat-3d
[ 80%] Linking CXX executable durbin
[ 80%] Built target atax
[ 81%] Built target bicg
[ 81%] Linking CXX executable doitgen
[ 81%] Built target gesummv
[ 81%] Built target heat-3d
[ 81%] Built target jacobi-2d
[ 81%] Built target durbin
[ 81%] Built target doitgen
[ 83%] Linking CXX executable mvt
[ 83%] Built target mvt
[ 85%] Linking CXX executable nussinov
[ 86%] Linking CXX executable trisolv
[ 86%] Built target nussinov
[ 88%] Linking CXX executable fdtd-2d
[ 90%] Linking CXX executable gemver
[ 90%] Built target trisolv
[ 91%] Linking CXX executable gramschmidt
[ 91%] Built target fdtd-2d
[ 91%] Built target gemver
[ 93%] Linking CXX executable ludcmp
[ 93%] Built target gramschmidt
[ 93%] Built target ludcmp
Skipping halide translation 3mm repetition 4 for dataset size LARGE (already done).
Skipping halide translation 3mm repetition 4 for dataset size LARGE (already done).
Skipping halide translation atax repetition 4 for dataset size LARGE (already done).
Skipping halide translation atax repetition 4 for dataset size LARGE (already done).
Skipping halide translation bicg repetition 4 for dataset size LARGE (already done).
Skipping halide translation bicg repetition 4 for dataset size LARGE (already done).
Skipping halide translation correlation repetition 4 for dataset size LARGE (already done).
Skipping halide translation correlation repetition 4 for dataset size LARGE (already done).
Skipping halide translation doitgen repetition 4 for dataset size LARGE (already done).
Skipping halide translation doitgen repetition 4 for dataset size LARGE (already done).
Skipping halide translation durbin repetition 4 for dataset size LARGE (already done).
Skipping halide translation durbin repetition 4 for dataset size LARGE (already done).
Skipping halide translation floyd-warshall repetition 4 for dataset size LARGE (already done).
Skipping halide translation floyd-warshall repetition 4 for dataset size LARGE (already done).
Skipping halide translation gemm repetition 4 for dataset size LARGE (already done).
Skipping halide translation gemm repetition 4 for dataset size LARGE (already done).
Skipping halide translation gemver repetition 4 for dataset size LARGE (already done).
Skipping halide translation gemver repetition 4 for dataset size LARGE (already done).
Skipping halide translation gesummv repetition 4 for dataset size LARGE (already done).
Skipping halide translation gesummv repetition 4 for dataset size LARGE (already done).
Skipping halide translation heat-3d repetition 4 for dataset size LARGE (already done).
Skipping halide translation heat-3d repetition 4 for dataset size LARGE (already done).
Skipping halide translation jacobi-2d repetition 4 for dataset size LARGE (already done).
Skipping halide translation jacobi-2d repetition 4 for dataset size LARGE (already done).
Skipping halide translation ludcmp repetition 4 for dataset size LARGE (already done).
Skipping halide translation ludcmp repetition 4 for dataset size LARGE (already done).
Skipping halide translation mvt repetition 4 for dataset size LARGE (already done).
Skipping halide translation mvt repetition 4 for dataset size LARGE (already done).
Skipping halide translation nussinov repetition 4 for dataset size LARGE (already done).
Skipping halide translation nussinov repetition 4 for dataset size LARGE (already done).
Skipping halide translation symm repetition 4 for dataset size LARGE (already done).
Skipping halide translation symm repetition 4 for dataset size LARGE (already done).
Skipping halide translation syr2k repetition 4 for dataset size LARGE (already done).
Skipping halide translation syr2k repetition 4 for dataset size LARGE (already done).
Skipping halide translation syrk repetition 4 for dataset size LARGE (already done).
Skipping halide translation syrk repetition 4 for dataset size LARGE (already done).
Skipping halide translation trmm repetition 4 for dataset size LARGE (already done).
Skipping halide translation trmm repetition 4 for dataset size LARGE (already done).
-- The CXX compiler identification is GNU 15.2.0
-- Detecting CXX compiler ABI info
-- Detecting CXX compiler ABI info - done
-- Check for working CXX compiler: /usr/local/latestgcc/bin/g++ - skipped
-- Detecting CXX compile features
-- Detecting CXX compile features - done
-- Found Python: /home/kleplj/translation/gpt-querying/.venv/bin/python3.9 (found suitable version "3.9.21", minimum required is "3") found components: Interpreter Development.Module
-- Halide 'host' platform triple:   x86-64-linux
-- Halide 'cmake' platform triple:  x86-64-linux
-- Halide default AOT target:       host
-- Found ZLIB: /usr/lib64/libz.so (found version "1.2.11")
-- Could NOT find PNG (missing: PNG_LIBRARY PNG_PNG_INCLUDE_DIR) 
-- Could NOT find JPEG (missing: JPEG_LIBRARY JPEG_INCLUDE_DIR) 
-- Configuring done (0.7s)
-- Generating done (0.7s)
-- Build files have been written to: /home/kleplj/translation/PolybenchC-Halide/build
[  3%] Building CXX object CMakeFiles/correlation.dir/datamining/correlation/correlation.cpp.o
[  6%] Building CXX object CMakeFiles/covariance.dir/datamining/covariance/covariance.cpp.o
[ 16%] Building CXX object CMakeFiles/gesummv.dir/linear-algebra/blas/gesummv/gesummv.cpp.o
[ 16%] Building CXX object CMakeFiles/symm.dir/linear-algebra/blas/symm/symm.cpp.o
[ 16%] Building CXX object CMakeFiles/gemver.dir/linear-algebra/blas/gemver/gemver.cpp.o
[ 16%] Building CXX object CMakeFiles/syr2k.dir/linear-algebra/blas/syr2k/syr2k.cpp.o
[ 16%] Building CXX object CMakeFiles/gemm.dir/linear-algebra/blas/gemm/gemm.cpp.o
[ 31%] Building CXX object CMakeFiles/doitgen.dir/linear-algebra/kernels/doitgen/doitgen.cpp.o
[ 50%] Building CXX object CMakeFiles/syrk.dir/linear-algebra/blas/syrk/syrk.cpp.o
[ 50%] Building CXX object CMakeFiles/2mm.dir/linear-algebra/kernels/2mm/2mm.cpp.o
[ 50%] Building CXX object CMakeFiles/deriche.dir/medley/deriche/deriche.cpp.o
[ 50%] Building CXX object CMakeFiles/mvt.dir/linear-algebra/kernels/mvt/mvt.cpp.o
[ 50%] Building CXX object CMakeFiles/nussinov.dir/medley/nussinov/nussinov.cpp.o
[ 50%] Building CXX object CMakeFiles/3mm.dir/linear-algebra/kernels/3mm/3mm.cpp.o
[ 50%] Building CXX object CMakeFiles/ludcmp.dir/linear-algebra/solvers/ludcmp/ludcmp.cpp.o
[ 50%] Building CXX object CMakeFiles/gramschmidt.dir/linear-algebra/solvers/gramschmidt/gramschmidt.cpp.o
[ 50%] Building CXX object CMakeFiles/bicg.dir/linear-algebra/kernels/bicg/bicg.cpp.o
[ 50%] Building CXX object CMakeFiles/trmm.dir/linear-algebra/blas/trmm/trmm.cpp.o
[ 50%] Building CXX object CMakeFiles/atax.dir/linear-algebra/kernels/atax/atax.cpp.o
[ 50%] Building CXX object CMakeFiles/cholesky.dir/linear-algebra/solvers/cholesky/cholesky.cpp.o
[ 50%] Building CXX object CMakeFiles/jacobi-1d.dir/stencils/jacobi-1d/jacobi-1d.cpp.o
[ 50%] Building CXX object CMakeFiles/trisolv.dir/linear-algebra/solvers/trisolv/trisolv.cpp.o
[ 50%] Building CXX object CMakeFiles/adi.dir/stencils/adi/adi.cpp.o
[ 50%] Building CXX object CMakeFiles/durbin.dir/linear-algebra/solvers/durbin/durbin.cpp.o
[ 50%] Building CXX object CMakeFiles/fdtd-2d.dir/stencils/fdtd-2d/fdtd-2d.cpp.o
[ 50%] Building CXX object CMakeFiles/floyd-warshall.dir/medley/floyd-warshall/floyd-warshall.cpp.o
[ 50%] Building CXX object CMakeFiles/lu.dir/linear-algebra/solvers/lu/lu.cpp.o
[ 50%] Building CXX object CMakeFiles/seidel-2d.dir/stencils/seidel-2d/seidel-2d.cpp.o
[ 50%] Building CXX object CMakeFiles/heat-3d.dir/stencils/heat-3d/heat-3d.cpp.o
[ 50%] Building CXX object CMakeFiles/jacobi-2d.dir/stencils/jacobi-2d/jacobi-2d.cpp.o
[ 51%] Linking CXX executable adi
[ 53%] Linking CXX executable jacobi-1d
[ 55%] Linking CXX executable floyd-warshall
[ 56%] Linking CXX executable cholesky
[ 56%] Built target adi
[ 58%] Linking CXX executable syrk
[ 58%] Built target jacobi-1d
[ 58%] Built target floyd-warshall
[ 58%] Built target cholesky
[ 58%] Built target syrk
[ 61%] Linking CXX executable trmm
[ 61%] Linking CXX executable syr2k
[ 63%] Linking CXX executable gemm
[ 65%] Linking CXX executable symm
[ 66%] Linking CXX executable 3mm
[ 68%] Linking CXX executable jacobi-2d
[ 68%] Built target trmm
[ 68%] Built target syr2k
[ 68%] Built target gemm
[ 68%] Built target symm
[ 68%] Built target 3mm
[ 70%] Linking CXX executable correlation
[ 71%] Linking CXX executable seidel-2d
[ 71%] Built target jacobi-2d
[ 73%] Linking CXX executable 2mm
[ 73%] Built target correlation
[ 73%] Built target seidel-2d
[ 75%] Linking CXX executable durbin
[ 76%] Linking CXX executable gesummv
[ 76%] Built target 2mm
[ 78%] Linking CXX executable doitgen
[ 80%] Linking CXX executable lu
[ 80%] Built target durbin
[ 80%] Built target gesummv
[ 81%] Linking CXX executable atax
[ 81%] Built target doitgen
[ 83%] Linking CXX executable mvt
[ 83%] Built target lu
[ 83%] Built target atax
[ 85%] Linking CXX executable bicg
[ 85%] Built target mvt
[ 86%] Linking CXX executable trisolv
[ 86%] Built target bicg
[ 86%] Built target trisolv
[ 88%] Linking CXX executable fdtd-2d
[ 90%] Linking CXX executable ludcmp
[ 91%] Linking CXX executable gramschmidt
[ 91%] Built target fdtd-2d
[ 91%] Built target ludcmp
[ 91%] Built target gramschmidt
Skipping halide translation adi repetition 5 for dataset size LARGE (already done).
Skipping halide translation adi repetition 5 for dataset size LARGE (already done).
Skipping halide translation atax repetition 5 for dataset size LARGE (already done).
Skipping halide translation atax repetition 5 for dataset size LARGE (already done).
Skipping halide translation bicg repetition 5 for dataset size LARGE (already done).
Skipping halide translation bicg repetition 5 for dataset size LARGE (already done).
Skipping halide translation doitgen repetition 5 for dataset size LARGE (already done).
Skipping halide translation doitgen repetition 5 for dataset size LARGE (already done).
Skipping halide translation fdtd-2d repetition 5 for dataset size LARGE (already done).
Skipping halide translation fdtd-2d repetition 5 for dataset size LARGE (already done).
Skipping halide translation gesummv repetition 5 for dataset size LARGE (already done).
Skipping halide translation gesummv repetition 5 for dataset size LARGE (already done).
Skipping halide translation jacobi-2d repetition 5 for dataset size LARGE (already done).
Skipping halide translation jacobi-2d repetition 5 for dataset size LARGE (already done).
Skipping halide translation lu repetition 5 for dataset size LARGE (already done).
Skipping halide translation lu repetition 5 for dataset size LARGE (already done).
Skipping halide translation mvt repetition 5 for dataset size LARGE (already done).
Skipping halide translation mvt repetition 5 for dataset size LARGE (already done).
Skipping halide translation symm repetition 5 for dataset size LARGE (already done).
Skipping halide translation symm repetition 5 for dataset size LARGE (already done).
Skipping halide translation syr2k repetition 5 for dataset size LARGE (already done).
Skipping halide translation syr2k repetition 5 for dataset size LARGE (already done).
Skipping halide translation syrk repetition 5 for dataset size LARGE (already done).
Skipping halide translation syrk repetition 5 for dataset size LARGE (already done).
Skipping halide translation trmm repetition 5 for dataset size LARGE (already done).
Skipping halide translation trmm repetition 5 for dataset size LARGE (already done).
Generated C for 'gemm' in /home/kleplj/translation/PolybenchC-Exo/build/generated/gemm
Built gemm executable.
Generated C for 'gemver' in /home/kleplj/translation/PolybenchC-Exo/build/generated/gemver
Built gemver executable.
Generated C for 'gesummv' in /home/kleplj/translation/PolybenchC-Exo/build/generated/gesummv
Built gesummv executable.
Generated C for 'symm' in /home/kleplj/translation/PolybenchC-Exo/build/generated/symm
Built symm executable.
Generated C for 'syr2k' in /home/kleplj/translation/PolybenchC-Exo/build/generated/syr2k
Built syr2k executable.
Generated C for 'syrk' in /home/kleplj/translation/PolybenchC-Exo/build/generated/syrk
Built syrk executable.
Generated C for 'trmm' in /home/kleplj/translation/PolybenchC-Exo/build/generated/trmm
Built trmm executable.
Generated C for '2mm' in /home/kleplj/translation/PolybenchC-Exo/build/generated/2mm
Built 2mm executable.
Generated C for '3mm' in /home/kleplj/translation/PolybenchC-Exo/build/generated/3mm
Built 3mm executable.
Generated C for 'atax' in /home/kleplj/translation/PolybenchC-Exo/build/generated/atax
Built atax executable.
Generated C for 'bicg' in /home/kleplj/translation/PolybenchC-Exo/build/generated/bicg
Built bicg executable.
Generated C for 'doitgen' in /home/kleplj/translation/PolybenchC-Exo/build/generated/doitgen
Built doitgen executable.
Generated C for 'mvt' in /home/kleplj/translation/PolybenchC-Exo/build/generated/mvt
Built mvt executable.
Generated C for 'cholesky' in /home/kleplj/translation/PolybenchC-Exo/build/generated/cholesky
Built cholesky executable.
Generated C for 'durbin' in /home/kleplj/translation/PolybenchC-Exo/build/generated/durbin
Built durbin executable.
Generated C for 'gramschmidt' in /home/kleplj/translation/PolybenchC-Exo/build/generated/gramschmidt
Built gramschmidt executable.
Generated C for 'lu' in /home/kleplj/translation/PolybenchC-Exo/build/generated/lu
Built lu executable.
Generated C for 'ludcmp' in /home/kleplj/translation/PolybenchC-Exo/build/generated/ludcmp
Built ludcmp executable.
Generated C for 'trisolv' in /home/kleplj/translation/PolybenchC-Exo/build/generated/trisolv
Built trisolv executable.
Generated C for 'correlation' in /home/kleplj/translation/PolybenchC-Exo/build/generated/correlation
Built correlation executable.
Generated C for 'covariance' in /home/kleplj/translation/PolybenchC-Exo/build/generated/covariance
Built covariance executable.
Generated C for 'fdtd-2d' in /home/kleplj/translation/PolybenchC-Exo/build/generated/fdtd-2d
Built fdtd-2d executable.
Generated C for 'heat-3d' in /home/kleplj/translation/PolybenchC-Exo/build/generated/heat-3d
Built heat-3d executable.
Generated C for 'jacobi-1d' in /home/kleplj/translation/PolybenchC-Exo/build/generated/jacobi-1d
Built jacobi-1d executable.
Generated C for 'jacobi-2d' in /home/kleplj/translation/PolybenchC-Exo/build/generated/jacobi-2d
Built jacobi-2d executable.
Generated C for 'seidel-2d' in /home/kleplj/translation/PolybenchC-Exo/build/generated/seidel-2d
Built seidel-2d executable.
Generated C for 'floyd-warshall' in /home/kleplj/translation/PolybenchC-Exo/build/generated/floyd-warshall
Built floyd-warshall executable.
Generated C for 'nussinov' in /home/kleplj/translation/PolybenchC-Exo/build/generated/nussinov
Built nussinov executable.
Exo build complete. Generated sources in: /home/kleplj/translation/PolybenchC-Exo/build
Removing temp dir /tmp/slurm.151228/tmp.ql9p2yf8x6
Skipping exo translation 2mm repetition 1 for dataset size LARGE (already done).
Skipping exo translation 2mm repetition 1 for dataset size LARGE (already done).
Skipping exo translation 3mm repetition 1 for dataset size LARGE (already done).
Skipping exo translation 3mm repetition 1 for dataset size LARGE (already done).
Skipping exo translation atax repetition 1 for dataset size LARGE (already done).
Skipping exo translation atax repetition 1 for dataset size LARGE (already done).
Skipping exo translation bicg repetition 1 for dataset size LARGE (already done).
Skipping exo translation bicg repetition 1 for dataset size LARGE (already done).
Skipping exo translation cholesky repetition 1 for dataset size LARGE (already done).
Skipping exo translation cholesky repetition 1 for dataset size LARGE (already done).
Skipping exo translation correlation repetition 1 for dataset size LARGE (already done).
Skipping exo translation correlation repetition 1 for dataset size LARGE (already done).
Skipping exo translation covariance repetition 1 for dataset size LARGE (already done).
Skipping exo translation covariance repetition 1 for dataset size LARGE (already done).
Skipping exo translation doitgen repetition 1 for dataset size LARGE (already done).
Skipping exo translation doitgen repetition 1 for dataset size LARGE (already done).
Skipping exo translation durbin repetition 1 for dataset size LARGE (already done).
Skipping exo translation durbin repetition 1 for dataset size LARGE (already done).
Skipping exo translation fdtd-2d repetition 1 for dataset size LARGE (already done).
Skipping exo translation fdtd-2d repetition 1 for dataset size LARGE (already done).
Skipping exo translation floyd-warshall repetition 1 for dataset size LARGE (already done).
Skipping exo translation floyd-warshall repetition 1 for dataset size LARGE (already done).
Skipping exo translation gemm repetition 1 for dataset size LARGE (already done).
Skipping exo translation gemm repetition 1 for dataset size LARGE (already done).
Skipping exo translation gemver repetition 1 for dataset size LARGE (already done).
Skipping exo translation gemver repetition 1 for dataset size LARGE (already done).
Skipping exo translation gesummv repetition 1 for dataset size LARGE (already done).
Skipping exo translation gesummv repetition 1 for dataset size LARGE (already done).
Skipping exo translation heat-3d repetition 1 for dataset size LARGE (already done).
Skipping exo translation heat-3d repetition 1 for dataset size LARGE (already done).
Skipping exo translation jacobi-1d repetition 1 for dataset size LARGE (already done).
Skipping exo translation jacobi-1d repetition 1 for dataset size LARGE (already done).
Skipping exo translation jacobi-2d repetition 1 for dataset size LARGE (already done).
Skipping exo translation jacobi-2d repetition 1 for dataset size LARGE (already done).
Skipping exo translation lu repetition 1 for dataset size LARGE (already done).
Skipping exo translation lu repetition 1 for dataset size LARGE (already done).
Skipping exo translation ludcmp repetition 1 for dataset size LARGE (already done).
Skipping exo translation ludcmp repetition 1 for dataset size LARGE (already done).
Skipping exo translation mvt repetition 1 for dataset size LARGE (already done).
Skipping exo translation mvt repetition 1 for dataset size LARGE (already done).
Skipping exo translation nussinov repetition 1 for dataset size LARGE (already done).
Skipping exo translation nussinov repetition 1 for dataset size LARGE (already done).
Skipping exo translation seidel-2d repetition 1 for dataset size LARGE (already done).
Skipping exo translation seidel-2d repetition 1 for dataset size LARGE (already done).
Skipping exo translation symm repetition 1 for dataset size LARGE (already done).
Skipping exo translation symm repetition 1 for dataset size LARGE (already done).
Skipping exo translation syr2k repetition 1 for dataset size LARGE (already done).
Skipping exo translation syr2k repetition 1 for dataset size LARGE (already done).
Skipping exo translation syrk repetition 1 for dataset size LARGE (already done).
Skipping exo translation syrk repetition 1 for dataset size LARGE (already done).
Skipping exo translation trisolv repetition 1 for dataset size LARGE (already done).
Skipping exo translation trisolv repetition 1 for dataset size LARGE (already done).
Skipping exo translation trmm repetition 1 for dataset size LARGE (already done).
Skipping exo translation trmm repetition 1 for dataset size LARGE (already done).
Generated C for 'gemm' in /home/kleplj/translation/PolybenchC-Exo/build/generated/gemm
Built gemm executable.
Generated C for 'gemver' in /home/kleplj/translation/PolybenchC-Exo/build/generated/gemver
Built gemver executable.
Generated C for 'gesummv' in /home/kleplj/translation/PolybenchC-Exo/build/generated/gesummv
Built gesummv executable.
Generated C for 'symm' in /home/kleplj/translation/PolybenchC-Exo/build/generated/symm
Built symm executable.
Generated C for 'syr2k' in /home/kleplj/translation/PolybenchC-Exo/build/generated/syr2k
Built syr2k executable.
Generated C for 'syrk' in /home/kleplj/translation/PolybenchC-Exo/build/generated/syrk
Built syrk executable.
Generated C for 'trmm' in /home/kleplj/translation/PolybenchC-Exo/build/generated/trmm
Built trmm executable.
Generated C for '2mm' in /home/kleplj/translation/PolybenchC-Exo/build/generated/2mm
Built 2mm executable.
Generated C for '3mm' in /home/kleplj/translation/PolybenchC-Exo/build/generated/3mm
Built 3mm executable.
Generated C for 'atax' in /home/kleplj/translation/PolybenchC-Exo/build/generated/atax
Built atax executable.
Generated C for 'bicg' in /home/kleplj/translation/PolybenchC-Exo/build/generated/bicg
Built bicg executable.
Generated C for 'doitgen' in /home/kleplj/translation/PolybenchC-Exo/build/generated/doitgen
Built doitgen executable.
Generated C for 'mvt' in /home/kleplj/translation/PolybenchC-Exo/build/generated/mvt
Built mvt executable.
Generated C for 'cholesky' in /home/kleplj/translation/PolybenchC-Exo/build/generated/cholesky
Built cholesky executable.
Generated C for 'durbin' in /home/kleplj/translation/PolybenchC-Exo/build/generated/durbin
Built durbin executable.
Generated C for 'gramschmidt' in /home/kleplj/translation/PolybenchC-Exo/build/generated/gramschmidt
Built gramschmidt executable.
Generated C for 'lu' in /home/kleplj/translation/PolybenchC-Exo/build/generated/lu
Built lu executable.
Generated C for 'ludcmp' in /home/kleplj/translation/PolybenchC-Exo/build/generated/ludcmp
Built ludcmp executable.
Generated C for 'trisolv' in /home/kleplj/translation/PolybenchC-Exo/build/generated/trisolv
Built trisolv executable.
Generated C for 'correlation' in /home/kleplj/translation/PolybenchC-Exo/build/generated/correlation
Built correlation executable.
Generated C for 'covariance' in /home/kleplj/translation/PolybenchC-Exo/build/generated/covariance
Built covariance executable.
Generated C for 'adi' in /home/kleplj/translation/PolybenchC-Exo/build/generated/adi
Built adi executable.
Generated C for 'fdtd-2d' in /home/kleplj/translation/PolybenchC-Exo/build/generated/fdtd-2d
Built fdtd-2d executable.
Generated C for 'heat-3d' in /home/kleplj/translation/PolybenchC-Exo/build/generated/heat-3d
Built heat-3d executable.
Generated C for 'jacobi-1d' in /home/kleplj/translation/PolybenchC-Exo/build/generated/jacobi-1d
Built jacobi-1d executable.
Generated C for 'jacobi-2d' in /home/kleplj/translation/PolybenchC-Exo/build/generated/jacobi-2d
Built jacobi-2d executable.
Generated C for 'seidel-2d' in /home/kleplj/translation/PolybenchC-Exo/build/generated/seidel-2d
Built seidel-2d executable.
Generated C for 'floyd-warshall' in /home/kleplj/translation/PolybenchC-Exo/build/generated/floyd-warshall
Built floyd-warshall executable.
Generated C for 'nussinov' in /home/kleplj/translation/PolybenchC-Exo/build/generated/nussinov
Built nussinov executable.
Exo build complete. Generated sources in: /home/kleplj/translation/PolybenchC-Exo/build
Removing temp dir /tmp/slurm.151228/tmp.2rnKsKn1No
Skipping exo translation 2mm repetition 2 for dataset size LARGE (already done).
Skipping exo translation 2mm repetition 2 for dataset size LARGE (already done).
Skipping exo translation 3mm repetition 2 for dataset size LARGE (already done).
Skipping exo translation 3mm repetition 2 for dataset size LARGE (already done).
Skipping exo translation adi repetition 2 for dataset size LARGE (already done).
Skipping exo translation adi repetition 2 for dataset size LARGE (already done).
Skipping exo translation atax repetition 2 for dataset size LARGE (already done).
Skipping exo translation atax repetition 2 for dataset size LARGE (already done).
Skipping exo translation bicg repetition 2 for dataset size LARGE (already done).
Skipping exo translation bicg repetition 2 for dataset size LARGE (already done).
Skipping exo translation cholesky repetition 2 for dataset size LARGE (already done).
Skipping exo translation cholesky repetition 2 for dataset size LARGE (already done).
Skipping exo translation correlation repetition 2 for dataset size LARGE (already done).
Skipping exo translation correlation repetition 2 for dataset size LARGE (already done).
Skipping exo translation covariance repetition 2 for dataset size LARGE (already done).
Skipping exo translation covariance repetition 2 for dataset size LARGE (already done).
Skipping exo translation doitgen repetition 2 for dataset size LARGE (already done).
Skipping exo translation doitgen repetition 2 for dataset size LARGE (already done).
Skipping exo translation durbin repetition 2 for dataset size LARGE (already done).
Skipping exo translation durbin repetition 2 for dataset size LARGE (already done).
Skipping exo translation fdtd-2d repetition 2 for dataset size LARGE (already done).
Skipping exo translation fdtd-2d repetition 2 for dataset size LARGE (already done).
Skipping exo translation floyd-warshall repetition 2 for dataset size LARGE (already done).
Skipping exo translation floyd-warshall repetition 2 for dataset size LARGE (already done).
Skipping exo translation gemm repetition 2 for dataset size LARGE (already done).
Skipping exo translation gemm repetition 2 for dataset size LARGE (already done).
Skipping exo translation gemver repetition 2 for dataset size LARGE (already done).
Skipping exo translation gemver repetition 2 for dataset size LARGE (already done).
Skipping exo translation gesummv repetition 2 for dataset size LARGE (already done).
Skipping exo translation gesummv repetition 2 for dataset size LARGE (already done).
Skipping exo translation heat-3d repetition 2 for dataset size LARGE (already done).
Skipping exo translation heat-3d repetition 2 for dataset size LARGE (already done).
Skipping exo translation jacobi-1d repetition 2 for dataset size LARGE (already done).
Skipping exo translation jacobi-1d repetition 2 for dataset size LARGE (already done).
Skipping exo translation jacobi-2d repetition 2 for dataset size LARGE (already done).
Skipping exo translation jacobi-2d repetition 2 for dataset size LARGE (already done).
Skipping exo translation lu repetition 2 for dataset size LARGE (already done).
Skipping exo translation lu repetition 2 for dataset size LARGE (already done).
Skipping exo translation ludcmp repetition 2 for dataset size LARGE (already done).
Skipping exo translation ludcmp repetition 2 for dataset size LARGE (already done).
Skipping exo translation mvt repetition 2 for dataset size LARGE (already done).
Skipping exo translation mvt repetition 2 for dataset size LARGE (already done).
Skipping exo translation nussinov repetition 2 for dataset size LARGE (already done).
Skipping exo translation nussinov repetition 2 for dataset size LARGE (already done).
Skipping exo translation seidel-2d repetition 2 for dataset size LARGE (already done).
Skipping exo translation seidel-2d repetition 2 for dataset size LARGE (already done).
Skipping exo translation symm repetition 2 for dataset size LARGE (already done).
Skipping exo translation symm repetition 2 for dataset size LARGE (already done).
Skipping exo translation syr2k repetition 2 for dataset size LARGE (already done).
Skipping exo translation syr2k repetition 2 for dataset size LARGE (already done).
Skipping exo translation syrk repetition 2 for dataset size LARGE (already done).
Skipping exo translation syrk repetition 2 for dataset size LARGE (already done).
Skipping exo translation trisolv repetition 2 for dataset size LARGE (already done).
Skipping exo translation trisolv repetition 2 for dataset size LARGE (already done).
Skipping exo translation trmm repetition 2 for dataset size LARGE (already done).
Skipping exo translation trmm repetition 2 for dataset size LARGE (already done).
Generated C for 'gemm' in /home/kleplj/translation/PolybenchC-Exo/build/generated/gemm
Built gemm executable.
Generated C for 'gemver' in /home/kleplj/translation/PolybenchC-Exo/build/generated/gemver
Built gemver executable.
Generated C for 'gesummv' in /home/kleplj/translation/PolybenchC-Exo/build/generated/gesummv
Built gesummv executable.
Generated C for 'symm' in /home/kleplj/translation/PolybenchC-Exo/build/generated/symm
Built symm executable.
Generated C for 'syr2k' in /home/kleplj/translation/PolybenchC-Exo/build/generated/syr2k
Built syr2k executable.
Generated C for 'syrk' in /home/kleplj/translation/PolybenchC-Exo/build/generated/syrk
Built syrk executable.
Generated C for 'trmm' in /home/kleplj/translation/PolybenchC-Exo/build/generated/trmm
Built trmm executable.
Generated C for '2mm' in /home/kleplj/translation/PolybenchC-Exo/build/generated/2mm
Built 2mm executable.
Generated C for '3mm' in /home/kleplj/translation/PolybenchC-Exo/build/generated/3mm
Built 3mm executable.
Generated C for 'atax' in /home/kleplj/translation/PolybenchC-Exo/build/generated/atax
Built atax executable.
Generated C for 'bicg' in /home/kleplj/translation/PolybenchC-Exo/build/generated/bicg
Built bicg executable.
Generated C for 'doitgen' in /home/kleplj/translation/PolybenchC-Exo/build/generated/doitgen
Built doitgen executable.
Generated C for 'mvt' in /home/kleplj/translation/PolybenchC-Exo/build/generated/mvt
Built mvt executable.
Generated C for 'cholesky' in /home/kleplj/translation/PolybenchC-Exo/build/generated/cholesky
Built cholesky executable.
Generated C for 'durbin' in /home/kleplj/translation/PolybenchC-Exo/build/generated/durbin
Built durbin executable.
Generated C for 'gramschmidt' in /home/kleplj/translation/PolybenchC-Exo/build/generated/gramschmidt
Built gramschmidt executable.
Generated C for 'lu' in /home/kleplj/translation/PolybenchC-Exo/build/generated/lu
Built lu executable.
Generated C for 'ludcmp' in /home/kleplj/translation/PolybenchC-Exo/build/generated/ludcmp
Built ludcmp executable.
Generated C for 'trisolv' in /home/kleplj/translation/PolybenchC-Exo/build/generated/trisolv
Built trisolv executable.
Generated C for 'correlation' in /home/kleplj/translation/PolybenchC-Exo/build/generated/correlation
Built correlation executable.
Generated C for 'covariance' in /home/kleplj/translation/PolybenchC-Exo/build/generated/covariance
Built covariance executable.
Generated C for 'adi' in /home/kleplj/translation/PolybenchC-Exo/build/generated/adi
Built adi executable.
Generated C for 'fdtd-2d' in /home/kleplj/translation/PolybenchC-Exo/build/generated/fdtd-2d
Built fdtd-2d executable.
Generated C for 'heat-3d' in /home/kleplj/translation/PolybenchC-Exo/build/generated/heat-3d
Built heat-3d executable.
Generated C for 'jacobi-1d' in /home/kleplj/translation/PolybenchC-Exo/build/generated/jacobi-1d
Built jacobi-1d executable.
Generated C for 'jacobi-2d' in /home/kleplj/translation/PolybenchC-Exo/build/generated/jacobi-2d
Built jacobi-2d executable.
Generated C for 'seidel-2d' in /home/kleplj/translation/PolybenchC-Exo/build/generated/seidel-2d
Built seidel-2d executable.
Generated C for 'deriche' in /home/kleplj/translation/PolybenchC-Exo/build/generated/deriche
Built deriche executable.
Generated C for 'floyd-warshall' in /home/kleplj/translation/PolybenchC-Exo/build/generated/floyd-warshall
Built floyd-warshall executable.
Generated C for 'nussinov' in /home/kleplj/translation/PolybenchC-Exo/build/generated/nussinov
Built nussinov executable.
Exo build complete. Generated sources in: /home/kleplj/translation/PolybenchC-Exo/build
Removing temp dir /tmp/slurm.151228/tmp.nnomcDoTnV
Skipping exo translation 2mm repetition 3 for dataset size LARGE (already done).
Skipping exo translation 2mm repetition 3 for dataset size LARGE (already done).
Skipping exo translation 3mm repetition 3 for dataset size LARGE (already done).
Skipping exo translation 3mm repetition 3 for dataset size LARGE (already done).
Skipping exo translation adi repetition 3 for dataset size LARGE (already done).
Skipping exo translation adi repetition 3 for dataset size LARGE (already done).
Skipping exo translation atax repetition 3 for dataset size LARGE (already done).
Skipping exo translation atax repetition 3 for dataset size LARGE (already done).
Skipping exo translation bicg repetition 3 for dataset size LARGE (already done).
Skipping exo translation bicg repetition 3 for dataset size LARGE (already done).
Skipping exo translation cholesky repetition 3 for dataset size LARGE (already done).
Skipping exo translation cholesky repetition 3 for dataset size LARGE (already done).
Skipping exo translation correlation repetition 3 for dataset size LARGE (already done).
Skipping exo translation correlation repetition 3 for dataset size LARGE (already done).
Skipping exo translation covariance repetition 3 for dataset size LARGE (already done).
Skipping exo translation covariance repetition 3 for dataset size LARGE (already done).
Skipping exo translation deriche repetition 3 for dataset size LARGE (already done).
Skipping exo translation deriche repetition 3 for dataset size LARGE (already done).
Skipping exo translation doitgen repetition 3 for dataset size LARGE (already done).
Skipping exo translation doitgen repetition 3 for dataset size LARGE (already done).
Skipping exo translation durbin repetition 3 for dataset size LARGE (already done).
Skipping exo translation durbin repetition 3 for dataset size LARGE (already done).
Skipping exo translation fdtd-2d repetition 3 for dataset size LARGE (already done).
Skipping exo translation fdtd-2d repetition 3 for dataset size LARGE (already done).
Skipping exo translation floyd-warshall repetition 3 for dataset size LARGE (already done).
Skipping exo translation floyd-warshall repetition 3 for dataset size LARGE (already done).
Skipping exo translation gemm repetition 3 for dataset size LARGE (already done).
Skipping exo translation gemm repetition 3 for dataset size LARGE (already done).
Skipping exo translation gemver repetition 3 for dataset size LARGE (already done).
Skipping exo translation gemver repetition 3 for dataset size LARGE (already done).
Skipping exo translation gesummv repetition 3 for dataset size LARGE (already done).
Skipping exo translation gesummv repetition 3 for dataset size LARGE (already done).
Skipping exo translation heat-3d repetition 3 for dataset size LARGE (already done).
Skipping exo translation heat-3d repetition 3 for dataset size LARGE (already done).
Skipping exo translation jacobi-1d repetition 3 for dataset size LARGE (already done).
Skipping exo translation jacobi-1d repetition 3 for dataset size LARGE (already done).
Skipping exo translation jacobi-2d repetition 3 for dataset size LARGE (already done).
Skipping exo translation jacobi-2d repetition 3 for dataset size LARGE (already done).
Skipping exo translation lu repetition 3 for dataset size LARGE (already done).
Skipping exo translation lu repetition 3 for dataset size LARGE (already done).
Skipping exo translation ludcmp repetition 3 for dataset size LARGE (already done).
Skipping exo translation ludcmp repetition 3 for dataset size LARGE (already done).
Skipping exo translation mvt repetition 3 for dataset size LARGE (already done).
Skipping exo translation mvt repetition 3 for dataset size LARGE (already done).
Skipping exo translation nussinov repetition 3 for dataset size LARGE (already done).
Skipping exo translation nussinov repetition 3 for dataset size LARGE (already done).
Skipping exo translation seidel-2d repetition 3 for dataset size LARGE (already done).
Skipping exo translation seidel-2d repetition 3 for dataset size LARGE (already done).
Skipping exo translation symm repetition 3 for dataset size LARGE (already done).
Skipping exo translation symm repetition 3 for dataset size LARGE (already done).
Skipping exo translation syr2k repetition 3 for dataset size LARGE (already done).
Skipping exo translation syr2k repetition 3 for dataset size LARGE (already done).
Skipping exo translation syrk repetition 3 for dataset size LARGE (already done).
Skipping exo translation syrk repetition 3 for dataset size LARGE (already done).
Skipping exo translation trisolv repetition 3 for dataset size LARGE (already done).
Skipping exo translation trisolv repetition 3 for dataset size LARGE (already done).
Skipping exo translation trmm repetition 3 for dataset size LARGE (already done).
Skipping exo translation trmm repetition 3 for dataset size LARGE (already done).
Generated C for 'gemm' in /home/kleplj/translation/PolybenchC-Exo/build/generated/gemm
Built gemm executable.
Generated C for 'gemver' in /home/kleplj/translation/PolybenchC-Exo/build/generated/gemver
Built gemver executable.
Generated C for 'gesummv' in /home/kleplj/translation/PolybenchC-Exo/build/generated/gesummv
Built gesummv executable.
Generated C for 'symm' in /home/kleplj/translation/PolybenchC-Exo/build/generated/symm
Built symm executable.
Generated C for 'syr2k' in /home/kleplj/translation/PolybenchC-Exo/build/generated/syr2k
Built syr2k executable.
Generated C for 'syrk' in /home/kleplj/translation/PolybenchC-Exo/build/generated/syrk
Built syrk executable.
Generated C for 'trmm' in /home/kleplj/translation/PolybenchC-Exo/build/generated/trmm
Built trmm executable.
Generated C for '2mm' in /home/kleplj/translation/PolybenchC-Exo/build/generated/2mm
Built 2mm executable.
Generated C for '3mm' in /home/kleplj/translation/PolybenchC-Exo/build/generated/3mm
Built 3mm executable.
Generated C for 'atax' in /home/kleplj/translation/PolybenchC-Exo/build/generated/atax
Built atax executable.
Generated C for 'bicg' in /home/kleplj/translation/PolybenchC-Exo/build/generated/bicg
Built bicg executable.
Generated C for 'doitgen' in /home/kleplj/translation/PolybenchC-Exo/build/generated/doitgen
Built doitgen executable.
Generated C for 'mvt' in /home/kleplj/translation/PolybenchC-Exo/build/generated/mvt
Built mvt executable.
Generated C for 'cholesky' in /home/kleplj/translation/PolybenchC-Exo/build/generated/cholesky
Built cholesky executable.
Generated C for 'durbin' in /home/kleplj/translation/PolybenchC-Exo/build/generated/durbin
Built durbin executable.
Generated C for 'gramschmidt' in /home/kleplj/translation/PolybenchC-Exo/build/generated/gramschmidt
Built gramschmidt executable.
Generated C for 'lu' in /home/kleplj/translation/PolybenchC-Exo/build/generated/lu
Built lu executable.
Generated C for 'ludcmp' in /home/kleplj/translation/PolybenchC-Exo/build/generated/ludcmp
Built ludcmp executable.
Generated C for 'trisolv' in /home/kleplj/translation/PolybenchC-Exo/build/generated/trisolv
Built trisolv executable.
Generated C for 'covariance' in /home/kleplj/translation/PolybenchC-Exo/build/generated/covariance
Built covariance executable.
Generated C for 'adi' in /home/kleplj/translation/PolybenchC-Exo/build/generated/adi
Built adi executable.
Generated C for 'fdtd-2d' in /home/kleplj/translation/PolybenchC-Exo/build/generated/fdtd-2d
Built fdtd-2d executable.
Generated C for 'heat-3d' in /home/kleplj/translation/PolybenchC-Exo/build/generated/heat-3d
Built heat-3d executable.
Generated C for 'jacobi-1d' in /home/kleplj/translation/PolybenchC-Exo/build/generated/jacobi-1d
Built jacobi-1d executable.
Generated C for 'jacobi-2d' in /home/kleplj/translation/PolybenchC-Exo/build/generated/jacobi-2d
Built jacobi-2d executable.
Generated C for 'seidel-2d' in /home/kleplj/translation/PolybenchC-Exo/build/generated/seidel-2d
Built seidel-2d executable.
Generated C for 'deriche' in /home/kleplj/translation/PolybenchC-Exo/build/generated/deriche
Built deriche executable.
Generated C for 'floyd-warshall' in /home/kleplj/translation/PolybenchC-Exo/build/generated/floyd-warshall
Built floyd-warshall executable.
Generated C for 'nussinov' in /home/kleplj/translation/PolybenchC-Exo/build/generated/nussinov
Exo build complete. Generated sources in: /home/kleplj/translation/PolybenchC-Exo/build
Removing temp dir /tmp/slurm.151228/tmp.tk5XQkfdxb
Skipping exo translation 2mm repetition 4 for dataset size LARGE (already done).
Skipping exo translation 2mm repetition 4 for dataset size LARGE (already done).
Skipping exo translation 3mm repetition 4 for dataset size LARGE (already done).
Skipping exo translation 3mm repetition 4 for dataset size LARGE (already done).
Skipping exo translation adi repetition 4 for dataset size LARGE (already done).
Skipping exo translation adi repetition 4 for dataset size LARGE (already done).
Skipping exo translation atax repetition 4 for dataset size LARGE (already done).
Skipping exo translation atax repetition 4 for dataset size LARGE (already done).
Skipping exo translation bicg repetition 4 for dataset size LARGE (already done).
Skipping exo translation bicg repetition 4 for dataset size LARGE (already done).
Skipping exo translation cholesky repetition 4 for dataset size LARGE (already done).
Skipping exo translation cholesky repetition 4 for dataset size LARGE (already done).
Skipping exo translation covariance repetition 4 for dataset size LARGE (already done).
Skipping exo translation covariance repetition 4 for dataset size LARGE (already done).
Skipping exo translation deriche repetition 4 for dataset size LARGE (already done).
Skipping exo translation deriche repetition 4 for dataset size LARGE (already done).
Skipping exo translation doitgen repetition 4 for dataset size LARGE (already done).
Skipping exo translation doitgen repetition 4 for dataset size LARGE (already done).
Skipping exo translation durbin repetition 4 for dataset size LARGE (already done).
Skipping exo translation durbin repetition 4 for dataset size LARGE (already done).
Skipping exo translation fdtd-2d repetition 4 for dataset size LARGE (already done).
Skipping exo translation fdtd-2d repetition 4 for dataset size LARGE (already done).
Skipping exo translation floyd-warshall repetition 4 for dataset size LARGE (already done).
Skipping exo translation floyd-warshall repetition 4 for dataset size LARGE (already done).
Skipping exo translation gemm repetition 4 for dataset size LARGE (already done).
Skipping exo translation gemm repetition 4 for dataset size LARGE (already done).
Skipping exo translation gemver repetition 4 for dataset size LARGE (already done).
Skipping exo translation gemver repetition 4 for dataset size LARGE (already done).
Skipping exo translation gesummv repetition 4 for dataset size LARGE (already done).
Skipping exo translation gesummv repetition 4 for dataset size LARGE (already done).
Skipping exo translation heat-3d repetition 4 for dataset size LARGE (already done).
Skipping exo translation heat-3d repetition 4 for dataset size LARGE (already done).
Skipping exo translation jacobi-1d repetition 4 for dataset size LARGE (already done).
Skipping exo translation jacobi-1d repetition 4 for dataset size LARGE (already done).
Skipping exo translation jacobi-2d repetition 4 for dataset size LARGE (already done).
Skipping exo translation jacobi-2d repetition 4 for dataset size LARGE (already done).
Skipping exo translation lu repetition 4 for dataset size LARGE (already done).
Skipping exo translation lu repetition 4 for dataset size LARGE (already done).
Skipping exo translation ludcmp repetition 4 for dataset size LARGE (already done).
Skipping exo translation ludcmp repetition 4 for dataset size LARGE (already done).
Skipping exo translation mvt repetition 4 for dataset size LARGE (already done).
Skipping exo translation mvt repetition 4 for dataset size LARGE (already done).
Skipping exo translation seidel-2d repetition 4 for dataset size LARGE (already done).
Skipping exo translation seidel-2d repetition 4 for dataset size LARGE (already done).
Skipping exo translation symm repetition 4 for dataset size LARGE (already done).
Skipping exo translation symm repetition 4 for dataset size LARGE (already done).
Skipping exo translation syr2k repetition 4 for dataset size LARGE (already done).
Skipping exo translation syr2k repetition 4 for dataset size LARGE (already done).
Skipping exo translation syrk repetition 4 for dataset size LARGE (already done).
Skipping exo translation syrk repetition 4 for dataset size LARGE (already done).
Skipping exo translation trisolv repetition 4 for dataset size LARGE (already done).
Skipping exo translation trisolv repetition 4 for dataset size LARGE (already done).
Skipping exo translation trmm repetition 4 for dataset size LARGE (already done).
Skipping exo translation trmm repetition 4 for dataset size LARGE (already done).
Generated C for 'gemm' in /home/kleplj/translation/PolybenchC-Exo/build/generated/gemm
Built gemm executable.
Generated C for 'gemver' in /home/kleplj/translation/PolybenchC-Exo/build/generated/gemver
Built gemver executable.
Generated C for 'gesummv' in /home/kleplj/translation/PolybenchC-Exo/build/generated/gesummv
Built gesummv executable.
Generated C for 'symm' in /home/kleplj/translation/PolybenchC-Exo/build/generated/symm
Built symm executable.
Generated C for 'syr2k' in /home/kleplj/translation/PolybenchC-Exo/build/generated/syr2k
Built syr2k executable.
Generated C for 'syrk' in /home/kleplj/translation/PolybenchC-Exo/build/generated/syrk
Built syrk executable.
Generated C for 'trmm' in /home/kleplj/translation/PolybenchC-Exo/build/generated/trmm
Built trmm executable.
Generated C for '2mm' in /home/kleplj/translation/PolybenchC-Exo/build/generated/2mm
Built 2mm executable.
Generated C for '3mm' in /home/kleplj/translation/PolybenchC-Exo/build/generated/3mm
Built 3mm executable.
Generated C for 'atax' in /home/kleplj/translation/PolybenchC-Exo/build/generated/atax
Built atax executable.
Generated C for 'bicg' in /home/kleplj/translation/PolybenchC-Exo/build/generated/bicg
Built bicg executable.
Generated C for 'doitgen' in /home/kleplj/translation/PolybenchC-Exo/build/generated/doitgen
Built doitgen executable.
Generated C for 'mvt' in /home/kleplj/translation/PolybenchC-Exo/build/generated/mvt
Built mvt executable.
Generated C for 'cholesky' in /home/kleplj/translation/PolybenchC-Exo/build/generated/cholesky
Built cholesky executable.
Generated C for 'durbin' in /home/kleplj/translation/PolybenchC-Exo/build/generated/durbin
Built durbin executable.
Generated C for 'gramschmidt' in /home/kleplj/translation/PolybenchC-Exo/build/generated/gramschmidt
Built gramschmidt executable.
Generated C for 'lu' in /home/kleplj/translation/PolybenchC-Exo/build/generated/lu
Built lu executable.
Generated C for 'ludcmp' in /home/kleplj/translation/PolybenchC-Exo/build/generated/ludcmp
Built ludcmp executable.
Generated C for 'trisolv' in /home/kleplj/translation/PolybenchC-Exo/build/generated/trisolv
Built trisolv executable.
Generated C for 'covariance' in /home/kleplj/translation/PolybenchC-Exo/build/generated/covariance
Built covariance executable.
Generated C for 'fdtd-2d' in /home/kleplj/translation/PolybenchC-Exo/build/generated/fdtd-2d
Built fdtd-2d executable.
Generated C for 'heat-3d' in /home/kleplj/translation/PolybenchC-Exo/build/generated/heat-3d
Built heat-3d executable.
Generated C for 'jacobi-1d' in /home/kleplj/translation/PolybenchC-Exo/build/generated/jacobi-1d
Built jacobi-1d executable.
Generated C for 'jacobi-2d' in /home/kleplj/translation/PolybenchC-Exo/build/generated/jacobi-2d
Built jacobi-2d executable.
Generated C for 'seidel-2d' in /home/kleplj/translation/PolybenchC-Exo/build/generated/seidel-2d
Built seidel-2d executable.
Generated C for 'deriche' in /home/kleplj/translation/PolybenchC-Exo/build/generated/deriche
Built deriche executable.
Generated C for 'floyd-warshall' in /home/kleplj/translation/PolybenchC-Exo/build/generated/floyd-warshall
Built floyd-warshall executable.
Generated C for 'nussinov' in /home/kleplj/translation/PolybenchC-Exo/build/generated/nussinov
Built nussinov executable.
Exo build complete. Generated sources in: /home/kleplj/translation/PolybenchC-Exo/build
Removing temp dir /tmp/slurm.151228/tmp.8F78CE7E4H
Skipping exo translation 2mm repetition 5 for dataset size LARGE (already done).
Skipping exo translation 2mm repetition 5 for dataset size LARGE (already done).
Skipping exo translation 3mm repetition 5 for dataset size LARGE (already done).
Skipping exo translation 3mm repetition 5 for dataset size LARGE (already done).
Skipping exo translation atax repetition 5 for dataset size LARGE (already done).
Skipping exo translation atax repetition 5 for dataset size LARGE (already done).
Skipping exo translation bicg repetition 5 for dataset size LARGE (already done).
Skipping exo translation bicg repetition 5 for dataset size LARGE (already done).
Skipping exo translation cholesky repetition 5 for dataset size LARGE (already done).
Skipping exo translation cholesky repetition 5 for dataset size LARGE (already done).
Skipping exo translation covariance repetition 5 for dataset size LARGE (already done).
Skipping exo translation covariance repetition 5 for dataset size LARGE (already done).
Skipping exo translation deriche repetition 5 for dataset size LARGE (already done).
Skipping exo translation deriche repetition 5 for dataset size LARGE (already done).
Skipping exo translation doitgen repetition 5 for dataset size LARGE (already done).
Skipping exo translation doitgen repetition 5 for dataset size LARGE (already done).
Skipping exo translation durbin repetition 5 for dataset size LARGE (already done).
Skipping exo translation durbin repetition 5 for dataset size LARGE (already done).
Skipping exo translation fdtd-2d repetition 5 for dataset size LARGE (already done).
Skipping exo translation fdtd-2d repetition 5 for dataset size LARGE (already done).
Skipping exo translation floyd-warshall repetition 5 for dataset size LARGE (already done).
Skipping exo translation floyd-warshall repetition 5 for dataset size LARGE (already done).
Skipping exo translation gemm repetition 5 for dataset size LARGE (already done).
Skipping exo translation gemm repetition 5 for dataset size LARGE (already done).
Skipping exo translation gemver repetition 5 for dataset size LARGE (already done).
Skipping exo translation gemver repetition 5 for dataset size LARGE (already done).
Skipping exo translation gesummv repetition 5 for dataset size LARGE (already done).
Skipping exo translation gesummv repetition 5 for dataset size LARGE (already done).
Skipping exo translation heat-3d repetition 5 for dataset size LARGE (already done).
Skipping exo translation heat-3d repetition 5 for dataset size LARGE (already done).
Skipping exo translation jacobi-1d repetition 5 for dataset size LARGE (already done).
Skipping exo translation jacobi-1d repetition 5 for dataset size LARGE (already done).
Skipping exo translation jacobi-2d repetition 5 for dataset size LARGE (already done).
Skipping exo translation jacobi-2d repetition 5 for dataset size LARGE (already done).
Skipping exo translation lu repetition 5 for dataset size LARGE (already done).
Skipping exo translation lu repetition 5 for dataset size LARGE (already done).
Skipping exo translation ludcmp repetition 5 for dataset size LARGE (already done).
Skipping exo translation ludcmp repetition 5 for dataset size LARGE (already done).
Skipping exo translation mvt repetition 5 for dataset size LARGE (already done).
Skipping exo translation mvt repetition 5 for dataset size LARGE (already done).
Skipping exo translation nussinov repetition 5 for dataset size LARGE (already done).
Skipping exo translation nussinov repetition 5 for dataset size LARGE (already done).
Skipping exo translation seidel-2d repetition 5 for dataset size LARGE (already done).
Skipping exo translation seidel-2d repetition 5 for dataset size LARGE (already done).
Skipping exo translation symm repetition 5 for dataset size LARGE (already done).
Skipping exo translation symm repetition 5 for dataset size LARGE (already done).
Skipping exo translation syr2k repetition 5 for dataset size LARGE (already done).
Skipping exo translation syr2k repetition 5 for dataset size LARGE (already done).
Skipping exo translation syrk repetition 5 for dataset size LARGE (already done).
Skipping exo translation syrk repetition 5 for dataset size LARGE (already done).
Skipping exo translation trisolv repetition 5 for dataset size LARGE (already done).
Skipping exo translation trisolv repetition 5 for dataset size LARGE (already done).
Skipping exo translation trmm repetition 5 for dataset size LARGE (already done).
Skipping exo translation trmm repetition 5 for dataset size LARGE (already done).
