c,standard,2mm,1,0.000451,1,SMALL
c,standard,2mm,2,0.000457,1,SMALL
c,standard,2mm,3,0.000414,1,SMALL
c,standard,2mm,4,0.000437,1,SMALL
c,standard,2mm,5,0.000439,1,SMALL
c,standard,3mm,1,0.000810,1,SMALL
c,standard,3mm,2,0.000809,1,SMALL
c,standard,3mm,3,0.000801,1,SMALL
c,standard,3mm,4,0.000804,1,SMALL
c,standard,3mm,5,0.000805,1,SMALL
c,standard,adi,1,0.002784,1,SMALL
c,standard,adi,2,0.002783,1,SMALL
c,standard,adi,3,0.002777,1,SMALL
c,standard,adi,4,0.002776,1,SMALL
c,standard,adi,5,0.002785,1,SMALL
c,standard,atax,1,0.000038,1,SMALL
c,standard,atax,2,0.000040,1,SMALL
c,standard,atax,3,0.000037,1,SMALL
c,standard,atax,4,0.000037,1,SMALL
c,standard,atax,5,0.000037,1,SMALL
c,standard,bicg,1,0.000055,1,SMALL
c,standard,bicg,2,0.000053,1,SMALL
c,standard,bicg,3,0.000053,1,SMALL
c,standard,bicg,4,0.000053,1,SMALL
c,standard,bicg,5,0.000054,1,SMALL
c,standard,cholesky,1,0.000389,1,SMALL
c,standard,cholesky,2,0.000403,1,SMALL
c,standard,cholesky,3,0.000389,1,SMALL
c,standard,cholesky,4,0.000398,1,SMALL
c,standard,cholesky,5,0.000389,1,SMALL
c,standard,correlation,1,0.000617,1,SMALL
c,standard,correlation,2,0.000628,1,SMALL
c,standard,correlation,3,0.000627,1,SMALL
c,standard,correlation,4,0.000615,1,SMALL
c,standard,correlation,5,0.000628,1,SMALL
c,standard,covariance,1,0.000537,1,SMALL
c,standard,covariance,2,0.000617,1,SMALL
c,standard,covariance,3,0.000626,1,SMALL
c,standard,covariance,4,0.000527,1,SMALL
c,standard,covariance,5,0.000525,1,SMALL
c,standard,deriche,1,0.000858,1,SMALL
c,standard,deriche,2,0.000828,1,SMALL
c,standard,deriche,3,0.000814,1,SMALL
c,standard,deriche,4,0.000823,1,SMALL
c,standard,deriche,5,0.000838,1,SMALL
c,standard,doitgen,1,0.000648,1,SMALL
c,standard,doitgen,2,0.000656,1,SMALL
c,standard,doitgen,3,0.000519,1,SMALL
c,standard,doitgen,4,0.000654,1,SMALL
c,standard,doitgen,5,0.000645,1,SMALL
c,standard,durbin,1,0.000019,1,SMALL
c,standard,durbin,2,0.000019,1,SMALL
c,standard,durbin,3,0.000019,1,SMALL
c,standard,durbin,4,0.000019,1,SMALL
c,standard,durbin,5,0.000018,1,SMALL
c,standard,fdtd-2d,1,0.000337,1,SMALL
c,standard,fdtd-2d,2,0.000323,1,SMALL
c,standard,fdtd-2d,3,0.000321,1,SMALL
c,standard,fdtd-2d,4,0.000322,1,SMALL
c,standard,fdtd-2d,5,0.000321,1,SMALL
c,standard,floyd-warshall,1,0.007348,1,SMALL
c,standard,floyd-warshall,2,0.007357,1,SMALL
c,standard,floyd-warshall,3,0.007107,1,SMALL
c,standard,floyd-warshall,4,0.007362,1,SMALL
c,standard,floyd-warshall,5,0.007353,1,SMALL
c,standard,gemm,1,0.000105,1,SMALL
c,standard,gemm,2,0.000104,1,SMALL
c,standard,gemm,3,0.000104,1,SMALL
c,standard,gemm,4,0.000104,1,SMALL
c,standard,gemm,5,0.000104,1,SMALL
c,standard,gemver,1,0.000065,1,SMALL
c,standard,gemver,2,0.000069,1,SMALL
c,standard,gemver,3,0.000066,1,SMALL
c,standard,gemver,4,0.000066,1,SMALL
c,standard,gemver,5,0.000068,1,SMALL
c,standard,gesummv,1,0.000031,1,SMALL
c,standard,gesummv,2,0.000031,1,SMALL
c,standard,gesummv,3,0.000041,1,SMALL
c,standard,gesummv,4,0.000031,1,SMALL
c,standard,gesummv,5,0.000031,1,SMALL
c,standard,gramschmidt,1,0.000444,1,SMALL
c,standard,gramschmidt,2,0.000428,1,SMALL
c,standard,gramschmidt,3,0.000445,1,SMALL
c,standard,gramschmidt,4,0.000430,1,SMALL
c,standard,gramschmidt,5,0.000436,1,SMALL
c,standard,heat-3d,1,0.000518,1,SMALL
c,standard,heat-3d,2,0.000514,1,SMALL
c,standard,heat-3d,3,0.000518,1,SMALL
c,standard,heat-3d,4,0.000518,1,SMALL
c,standard,heat-3d,5,0.000579,1,SMALL
c,standard,jacobi-1d,1,0.000005,1,SMALL
c,standard,jacobi-1d,2,0.000006,1,SMALL
c,standard,jacobi-1d,3,0.000005,1,SMALL
c,standard,jacobi-1d,4,0.000005,1,SMALL
c,standard,jacobi-1d,5,0.000006,1,SMALL
c,standard,jacobi-2d,1,0.000515,1,SMALL
c,standard,jacobi-2d,2,0.000546,1,SMALL
c,standard,jacobi-2d,3,0.000514,1,SMALL
c,standard,jacobi-2d,4,0.000514,1,SMALL
c,standard,jacobi-2d,5,0.000528,1,SMALL
c,standard,lu,1,0.000811,1,SMALL
c,standard,lu,2,0.000812,1,SMALL
c,standard,lu,3,0.000801,1,SMALL
c,standard,lu,4,0.000813,1,SMALL
c,standard,lu,5,0.000814,1,SMALL
c,standard,ludcmp,1,0.000721,1,SMALL
c,standard,ludcmp,2,0.000721,1,SMALL
c,standard,ludcmp,3,0.000731,1,SMALL
c,standard,ludcmp,4,0.000737,1,SMALL
c,standard,ludcmp,5,0.000733,1,SMALL
c,standard,mvt,1,0.000042,1,SMALL
c,standard,mvt,2,0.000043,1,SMALL
c,standard,mvt,3,0.000042,1,SMALL
c,standard,mvt,4,0.000044,1,SMALL
c,standard,mvt,5,0.000043,1,SMALL
c,standard,nussinov,1,0.002878,1,SMALL
c,standard,nussinov,2,0.002891,1,SMALL
c,standard,nussinov,3,0.002882,1,SMALL
c,standard,nussinov,4,0.002881,1,SMALL
c,standard,nussinov,5,0.002880,1,SMALL
c,standard,seidel-2d,1,0.007356,1,SMALL
c,standard,seidel-2d,2,0.007395,1,SMALL
c,standard,seidel-2d,3,0.007363,1,SMALL
c,standard,seidel-2d,4,0.007389,1,SMALL
c,standard,seidel-2d,5,0.007368,1,SMALL
c,standard,symm,1,0.000272,1,SMALL
c,standard,symm,2,0.000285,1,SMALL
c,standard,symm,3,0.000341,1,SMALL
c,standard,symm,4,0.000272,1,SMALL
c,standard,symm,5,0.000272,1,SMALL
c,standard,syr2k,1,0.000257,1,SMALL
c,standard,syr2k,2,0.000269,1,SMALL
c,standard,syr2k,3,0.000245,1,SMALL
c,standard,syr2k,4,0.000227,1,SMALL
c,standard,syr2k,5,0.000241,1,SMALL
c,standard,syrk,1,0.000115,1,SMALL
c,standard,syrk,2,0.000115,1,SMALL
c,standard,syrk,3,0.000113,1,SMALL
c,standard,syrk,4,0.000113,1,SMALL
c,standard,syrk,5,0.000111,1,SMALL
c,standard,trisolv,1,0.000014,1,SMALL
c,standard,trisolv,2,0.000013,1,SMALL
c,standard,trisolv,3,0.000013,1,SMALL
c,standard,trisolv,4,0.000013,1,SMALL
c,standard,trisolv,5,0.000012,1,SMALL
c,standard,trmm,1,0.000175,1,SMALL
c,standard,trmm,2,0.000175,1,SMALL
c,standard,trmm,3,0.000187,1,SMALL
c,standard,trmm,4,0.000177,1,SMALL
c,standard,trmm,5,0.000175,1,SMALL
-- The CXX compiler identification is GNU 15.2.0
-- Detecting CXX compiler ABI info
-- Detecting CXX compiler ABI info - done
-- Check for working CXX compiler: /usr/local/latestgcc/bin/g++ - skipped
-- Detecting CXX compile features
-- Detecting CXX compile features - done
-- Using NOARR_STRUCTURES_DIR from environment: /home/kleplj/translation/submodules/noarr-structures
-- Configuring done (0.4s)
-- Generating done (0.7s)
-- Build files have been written to: /home/kleplj/translation/PolybenchC-Noarr/build
[  8%] Building CXX object CMakeFiles/covariance.dir/datamining/covariance/covariance.cpp.o
[  8%] Building CXX object CMakeFiles/correlation.dir/datamining/correlation/correlation.cpp.o
[ 11%] Building CXX object CMakeFiles/gesummv.dir/linear-algebra/blas/gesummv/gesummv.cpp.o
[ 11%] Building CXX object CMakeFiles/gemver.dir/linear-algebra/blas/gemver/gemver.cpp.o
[ 11%] Building CXX object CMakeFiles/gemm.dir/linear-algebra/blas/gemm/gemm.cpp.o
[ 20%] Building CXX object CMakeFiles/trmm.dir/linear-algebra/blas/trmm/trmm.cpp.o
[ 20%] Building CXX object CMakeFiles/2mm.dir/linear-algebra/kernels/2mm/2mm.cpp.o
[ 20%] Building CXX object CMakeFiles/syrk.dir/linear-algebra/blas/syrk/syrk.cpp.o
[ 20%] Building CXX object CMakeFiles/symm.dir/linear-algebra/blas/symm/symm.cpp.o
[ 20%] Building CXX object CMakeFiles/syr2k.dir/linear-algebra/blas/syr2k/syr2k.cpp.o
[ 33%] Building CXX object CMakeFiles/doitgen.dir/linear-algebra/kernels/doitgen/doitgen.cpp.o
[ 50%] Building CXX object CMakeFiles/cholesky.dir/linear-algebra/solvers/cholesky/cholesky.cpp.o
[ 50%] Building CXX object CMakeFiles/atax.dir/linear-algebra/kernels/atax/atax.cpp.o
[ 50%] Building CXX object CMakeFiles/gramschmidt.dir/linear-algebra/solvers/gramschmidt/gramschmidt.cpp.o
[ 50%] Building CXX object CMakeFiles/lu.dir/linear-algebra/solvers/lu/lu.cpp.o
[ 50%] Building CXX object CMakeFiles/3mm.dir/linear-algebra/kernels/3mm/3mm.cpp.o
[ 50%] Building CXX object CMakeFiles/ludcmp.dir/linear-algebra/solvers/ludcmp/ludcmp.cpp.o
[ 50%] Building CXX object CMakeFiles/nussinov.dir/medley/nussinov/nussinov.cpp.o
[ 50%] Building CXX object CMakeFiles/deriche.dir/medley/deriche/deriche.cpp.o
[ 50%] Building CXX object CMakeFiles/adi.dir/stencils/adi/adi.cpp.o
[ 50%] Building CXX object CMakeFiles/seidel-2d.dir/stencils/seidel-2d/seidel-2d.cpp.o
[ 50%] Building CXX object CMakeFiles/fdtd-2d.dir/stencils/fdtd-2d/fdtd-2d.cpp.o
[ 50%] Building CXX object CMakeFiles/durbin.dir/linear-algebra/solvers/durbin/durbin.cpp.o
[ 50%] Building CXX object CMakeFiles/heat-3d.dir/stencils/heat-3d/heat-3d.cpp.o
[ 50%] Building CXX object CMakeFiles/mvt.dir/linear-algebra/kernels/mvt/mvt.cpp.o
[ 50%] Building CXX object CMakeFiles/floyd-warshall.dir/medley/floyd-warshall/floyd-warshall.cpp.o
[ 50%] Building CXX object CMakeFiles/bicg.dir/linear-algebra/kernels/bicg/bicg.cpp.o
[ 50%] Building CXX object CMakeFiles/trisolv.dir/linear-algebra/solvers/trisolv/trisolv.cpp.o
[ 50%] Building CXX object CMakeFiles/jacobi-2d.dir/stencils/jacobi-2d/jacobi-2d.cpp.o
[ 50%] Building CXX object CMakeFiles/jacobi-1d.dir/stencils/jacobi-1d/jacobi-1d.cpp.o
[ 51%] Linking CXX executable jacobi-1d
[ 53%] Linking CXX executable durbin
[ 53%] Built target jacobi-1d
[ 55%] Linking CXX executable trisolv
[ 55%] Built target durbin
[ 56%] Linking CXX executable gesummv
[ 56%] Built target trisolv
[ 58%] Linking CXX executable jacobi-2d
[ 60%] Linking CXX executable atax
[ 61%] Linking CXX executable mvt
[ 63%] Linking CXX executable adi
[ 63%] Built target gesummv
[ 65%] Linking CXX executable seidel-2d
[ 66%] Linking CXX executable floyd-warshall
[ 66%] Built target jacobi-2d
[ 68%] Linking CXX executable deriche
[ 71%] Linking CXX executable nussinov
[ 71%] Linking CXX executable cholesky
[ 73%] Linking CXX executable gemver
[ 73%] Built target atax
[ 73%] Built target mvt
[ 73%] Built target adi
[ 73%] Built target seidel-2d
[ 73%] Built target floyd-warshall
[ 73%] Built target deriche
[ 73%] Built target cholesky
[ 73%] Built target nussinov
[ 73%] Built target gemver
[ 76%] Linking CXX executable bicg
[ 76%] Linking CXX executable syrk
[ 80%] Linking CXX executable heat-3d
[ 80%] Linking CXX executable covariance
[ 80%] Built target syrk
[ 80%] Built target bicg
[ 83%] Linking CXX executable symm
[ 83%] Linking CXX executable trmm
[ 85%] Linking CXX executable correlation
[ 85%] Built target heat-3d
[ 85%] Built target covariance
[ 86%] Linking CXX executable gramschmidt
[ 88%] Linking CXX executable syr2k
[ 88%] Built target correlation
[ 88%] Built target symm
[ 88%] Built target trmm
[ 88%] Built target gramschmidt
[ 88%] Built target syr2k
[ 90%] Linking CXX executable gemm
[ 91%] Linking CXX executable ludcmp
[ 93%] Linking CXX executable fdtd-2d
[ 93%] Built target gemm
[ 93%] Built target ludcmp
[ 93%] Built target fdtd-2d
[ 95%] Linking CXX executable doitgen
[ 95%] Built target doitgen
[ 96%] Linking CXX executable 2mm
[ 96%] Built target 2mm
[ 98%] Linking CXX executable 3mm
[ 98%] Built target 3mm
noarr,2mm,0.000297,1.481,valid,1,SMALL
noarr,standard,2mm,1,0.000293,1,SMALL
noarr,standard,2mm,2,0.000296,1,SMALL
noarr,standard,2mm,3,0.000297,1,SMALL
noarr,standard,2mm,4,0.000304,1,SMALL
noarr,standard,2mm,5,0.000304,1,SMALL
noarr,3mm,0.001105,0.733,valid,1,SMALL
noarr,standard,3mm,1,0.001102,1,SMALL
noarr,standard,3mm,2,0.001116,1,SMALL
noarr,standard,3mm,3,0.001106,1,SMALL
noarr,standard,3mm,4,0.001100,1,SMALL
noarr,standard,3mm,5,0.001102,1,SMALL
noarr,adi,0.002756,1.010,valid,1,SMALL
noarr,standard,adi,1,0.002750,1,SMALL
noarr,standard,adi,2,0.002761,1,SMALL
noarr,standard,adi,3,0.002756,1,SMALL
noarr,standard,adi,4,0.002754,1,SMALL
noarr,standard,adi,5,0.002767,1,SMALL
noarr,atax,0.000022,1.773,valid,1,SMALL
noarr,standard,atax,1,0.000033,1,SMALL
noarr,standard,atax,2,0.000033,1,SMALL
noarr,standard,atax,3,0.000033,1,SMALL
noarr,standard,atax,4,0.000033,1,SMALL
noarr,standard,atax,5,0.000022,1,SMALL
noarr,bicg,0.000045,1.200,valid,1,SMALL
noarr,standard,bicg,1,0.000045,1,SMALL
noarr,standard,bicg,2,0.000045,1,SMALL
noarr,standard,bicg,3,0.000045,1,SMALL
noarr,standard,bicg,4,0.000045,1,SMALL
noarr,standard,bicg,5,0.000045,1,SMALL
noarr,cholesky,0.000318,,invalid,1,SMALL
noarr,correlation,0.000450,1.380,valid,1,SMALL
noarr,standard,correlation,1,0.000443,1,SMALL
noarr,standard,correlation,2,0.000443,1,SMALL
noarr,standard,correlation,3,0.000443,1,SMALL
noarr,standard,correlation,4,0.000449,1,SMALL
noarr,standard,correlation,5,0.000451,1,SMALL
noarr,covariance,0.000434,1.244,valid,1,SMALL
noarr,standard,covariance,1,0.000430,1,SMALL
noarr,standard,covariance,2,0.000434,1,SMALL
noarr,standard,covariance,3,0.000436,1,SMALL
noarr,standard,covariance,4,0.000428,1,SMALL
noarr,standard,covariance,5,0.000426,1,SMALL
noarr,deriche,0.000382,2.209,valid,1,SMALL
noarr,standard,deriche,1,0.000388,1,SMALL
noarr,standard,deriche,2,0.000383,1,SMALL
noarr,standard,deriche,3,0.000376,1,SMALL
noarr,standard,deriche,4,0.000384,1,SMALL
noarr,standard,deriche,5,0.000378,1,SMALL
noarr,doitgen,0.000487,1.349,valid,1,SMALL
noarr,standard,doitgen,1,0.000501,1,SMALL
noarr,standard,doitgen,2,0.000484,1,SMALL
noarr,standard,doitgen,3,0.000487,1,SMALL
noarr,standard,doitgen,4,0.000496,1,SMALL
noarr,standard,doitgen,5,0.000486,1,SMALL
noarr,durbin,0.000017,1.059,valid,1,SMALL
noarr,standard,durbin,1,0.000017,1,SMALL
noarr,standard,durbin,2,0.000017,1,SMALL
noarr,standard,durbin,3,0.000017,1,SMALL
noarr,standard,durbin,4,0.000017,1,SMALL
noarr,standard,durbin,5,0.000017,1,SMALL
noarr,fdtd-2d,0.000286,1.122,valid,1,SMALL
noarr,standard,fdtd-2d,1,0.000287,1,SMALL
noarr,standard,fdtd-2d,2,0.000286,1,SMALL
noarr,standard,fdtd-2d,3,0.000288,1,SMALL
noarr,standard,fdtd-2d,4,0.000296,1,SMALL
noarr,standard,fdtd-2d,5,0.000291,1,SMALL
noarr,floyd-warshall,0.004651,1.575,valid,1,SMALL
noarr,standard,floyd-warshall,1,0.004646,1,SMALL
noarr,standard,floyd-warshall,2,0.004669,1,SMALL
noarr,standard,floyd-warshall,3,0.004634,1,SMALL
noarr,standard,floyd-warshall,4,0.004640,1,SMALL
noarr,standard,floyd-warshall,5,0.004639,1,SMALL
noarr,gemm,0.000116,0.897,valid,1,SMALL
noarr,standard,gemm,1,0.000115,1,SMALL
noarr,standard,gemm,2,0.000116,1,SMALL
noarr,standard,gemm,3,0.000124,1,SMALL
noarr,standard,gemm,4,0.000116,1,SMALL
noarr,standard,gemm,5,0.000115,1,SMALL
noarr,gemver,0.000057,1.193,valid,1,SMALL
noarr,standard,gemver,1,0.000057,1,SMALL
noarr,standard,gemver,2,0.000057,1,SMALL
noarr,standard,gemver,3,0.000057,1,SMALL
noarr,standard,gemver,4,0.000057,1,SMALL
noarr,standard,gemver,5,0.000057,1,SMALL
noarr,gesummv,0.000034,0.882,valid,1,SMALL
noarr,standard,gesummv,1,0.000025,1,SMALL
noarr,standard,gesummv,2,0.000025,1,SMALL
noarr,standard,gesummv,3,0.000025,1,SMALL
noarr,standard,gesummv,4,0.000025,1,SMALL
noarr,standard,gesummv,5,0.000025,1,SMALL
noarr,gramschmidt,0.000372,,invalid,1,SMALL
noarr,heat-3d,0.000502,1.010,valid,1,SMALL
noarr,standard,heat-3d,1,0.000515,1,SMALL
noarr,standard,heat-3d,2,0.000498,1,SMALL
noarr,standard,heat-3d,3,0.000513,1,SMALL
noarr,standard,heat-3d,4,0.000519,1,SMALL
noarr,standard,heat-3d,5,0.000499,1,SMALL
noarr,jacobi-1d,0.000004,1.250,valid,1,SMALL
noarr,standard,jacobi-1d,1,0.000004,1,SMALL
noarr,standard,jacobi-1d,2,0.000004,1,SMALL
noarr,standard,jacobi-1d,3,0.000004,1,SMALL
noarr,standard,jacobi-1d,4,0.000004,1,SMALL
noarr,standard,jacobi-1d,5,0.000004,1,SMALL
noarr,jacobi-2d,0.000398,1.294,valid,1,SMALL
noarr,standard,jacobi-2d,1,0.000402,1,SMALL
noarr,standard,jacobi-2d,2,0.000409,1,SMALL
noarr,standard,jacobi-2d,3,0.000393,1,SMALL
noarr,standard,jacobi-2d,4,0.000396,1,SMALL
noarr,standard,jacobi-2d,5,0.000412,1,SMALL
noarr,lu,,,illegal,1,SMALL
noarr,ludcmp,0.000643,1.121,valid,1,SMALL
noarr,standard,ludcmp,1,0.000639,1,SMALL
noarr,standard,ludcmp,2,0.000647,1,SMALL
noarr,standard,ludcmp,3,0.000669,1,SMALL
noarr,standard,ludcmp,4,0.000648,1,SMALL
noarr,standard,ludcmp,5,0.000638,1,SMALL
noarr,mvt,0.000035,1.257,valid,1,SMALL
noarr,standard,mvt,1,0.000035,1,SMALL
noarr,standard,mvt,2,0.000035,1,SMALL
noarr,standard,mvt,3,0.000035,1,SMALL
noarr,standard,mvt,4,0.000035,1,SMALL
noarr,standard,mvt,5,0.000035,1,SMALL
noarr,nussinov,0.005702,,invalid,1,SMALL
noarr,seidel-2d,0.007185,1.025,valid,1,SMALL
noarr,standard,seidel-2d,1,0.007240,1,SMALL
noarr,standard,seidel-2d,2,0.007185,1,SMALL
noarr,standard,seidel-2d,3,0.007193,1,SMALL
noarr,standard,seidel-2d,4,0.007187,1,SMALL
noarr,standard,seidel-2d,5,0.007200,1,SMALL
noarr,symm,0.000191,1.476,valid,1,SMALL
noarr,standard,symm,1,0.000191,1,SMALL
noarr,standard,symm,2,0.000190,1,SMALL
noarr,standard,symm,3,0.000191,1,SMALL
noarr,standard,symm,4,0.000191,1,SMALL
noarr,standard,symm,5,0.000191,1,SMALL
noarr,syr2k,0.000490,0.531,valid,1,SMALL
noarr,standard,syr2k,1,0.000483,1,SMALL
noarr,standard,syr2k,2,0.000503,1,SMALL
noarr,standard,syr2k,3,0.000506,1,SMALL
noarr,standard,syr2k,4,0.000503,1,SMALL
noarr,standard,syr2k,5,0.000484,1,SMALL
noarr,syrk,0.000098,1.051,valid,1,SMALL
noarr,standard,syrk,1,0.000099,1,SMALL
noarr,standard,syrk,2,0.000085,1,SMALL
noarr,standard,syrk,3,0.000088,1,SMALL
noarr,standard,syrk,4,0.000089,1,SMALL
noarr,standard,syrk,5,0.000089,1,SMALL
noarr,trisolv,0.000008,,invalid,1,SMALL
noarr,trmm,0.000053,3.642,valid,1,SMALL
noarr,standard,trmm,1,0.000055,1,SMALL
noarr,standard,trmm,2,0.000053,1,SMALL
noarr,standard,trmm,3,0.000053,1,SMALL
noarr,standard,trmm,4,0.000062,1,SMALL
noarr,standard,trmm,5,0.000063,1,SMALL
-- The CXX compiler identification is GNU 15.2.0
-- Detecting CXX compiler ABI info
-- Detecting CXX compiler ABI info - done
-- Check for working CXX compiler: /usr/local/latestgcc/bin/g++ - skipped
-- Detecting CXX compile features
-- Detecting CXX compile features - done
-- Using NOARR_STRUCTURES_DIR from environment: /home/kleplj/translation/submodules/noarr-structures
-- Configuring done (0.4s)
-- Generating done (0.7s)
-- Build files have been written to: /home/kleplj/translation/PolybenchC-Noarr/build
[ 11%] Building CXX object CMakeFiles/gesummv.dir/linear-algebra/blas/gesummv/gesummv.cpp.o
[ 11%] Building CXX object CMakeFiles/covariance.dir/datamining/covariance/covariance.cpp.o
[ 11%] Building CXX object CMakeFiles/gemm.dir/linear-algebra/blas/gemm/gemm.cpp.o
[ 11%] Building CXX object CMakeFiles/correlation.dir/datamining/correlation/correlation.cpp.o
[ 13%] Building CXX object CMakeFiles/symm.dir/linear-algebra/blas/symm/symm.cpp.o
[ 13%] Building CXX object CMakeFiles/syrk.dir/linear-algebra/blas/syrk/syrk.cpp.o
[ 13%] Building CXX object CMakeFiles/gemver.dir/linear-algebra/blas/gemver/gemver.cpp.o
[ 16%] Building CXX object CMakeFiles/trmm.dir/linear-algebra/blas/trmm/trmm.cpp.o
[ 30%] Building CXX object CMakeFiles/3mm.dir/linear-algebra/kernels/3mm/3mm.cpp.o
[ 43%] Building CXX object CMakeFiles/cholesky.dir/linear-algebra/solvers/cholesky/cholesky.cpp.o
[ 43%] Building CXX object CMakeFiles/syr2k.dir/linear-algebra/blas/syr2k/syr2k.cpp.o
[ 43%] Building CXX object CMakeFiles/lu.dir/linear-algebra/solvers/lu/lu.cpp.o
[ 43%] Building CXX object CMakeFiles/doitgen.dir/linear-algebra/kernels/doitgen/doitgen.cpp.o
[ 43%] Building CXX object CMakeFiles/2mm.dir/linear-algebra/kernels/2mm/2mm.cpp.o
[ 43%] Building CXX object CMakeFiles/bicg.dir/linear-algebra/kernels/bicg/bicg.cpp.o
[ 50%] Building CXX object CMakeFiles/floyd-warshall.dir/medley/floyd-warshall/floyd-warshall.cpp.o
[ 50%] Building CXX object CMakeFiles/ludcmp.dir/linear-algebra/solvers/ludcmp/ludcmp.cpp.o
[ 50%] Building CXX object CMakeFiles/nussinov.dir/medley/nussinov/nussinov.cpp.o
[ 50%] Building CXX object CMakeFiles/adi.dir/stencils/adi/adi.cpp.o
[ 50%] Building CXX object CMakeFiles/fdtd-2d.dir/stencils/fdtd-2d/fdtd-2d.cpp.o
[ 50%] Building CXX object CMakeFiles/trisolv.dir/linear-algebra/solvers/trisolv/trisolv.cpp.o
[ 50%] Building CXX object CMakeFiles/gramschmidt.dir/linear-algebra/solvers/gramschmidt/gramschmidt.cpp.o
[ 50%] Building CXX object CMakeFiles/mvt.dir/linear-algebra/kernels/mvt/mvt.cpp.o
[ 50%] Building CXX object CMakeFiles/atax.dir/linear-algebra/kernels/atax/atax.cpp.o
[ 50%] Building CXX object CMakeFiles/heat-3d.dir/stencils/heat-3d/heat-3d.cpp.o
[ 50%] Building CXX object CMakeFiles/jacobi-1d.dir/stencils/jacobi-1d/jacobi-1d.cpp.o
[ 50%] Building CXX object CMakeFiles/deriche.dir/medley/deriche/deriche.cpp.o
[ 50%] Building CXX object CMakeFiles/durbin.dir/linear-algebra/solvers/durbin/durbin.cpp.o
[ 50%] Building CXX object CMakeFiles/jacobi-2d.dir/stencils/jacobi-2d/jacobi-2d.cpp.o
[ 50%] Building CXX object CMakeFiles/seidel-2d.dir/stencils/seidel-2d/seidel-2d.cpp.o
[ 51%] Linking CXX executable durbin
[ 53%] Linking CXX executable jacobi-1d
[ 53%] Built target durbin
[ 55%] Linking CXX executable floyd-warshall
[ 55%] Built target jacobi-1d
[ 56%] Linking CXX executable seidel-2d
[ 58%] Linking CXX executable trisolv
[ 58%] Built target floyd-warshall
[ 60%] Linking CXX executable nussinov
[ 60%] Built target seidel-2d
[ 61%] Linking CXX executable jacobi-2d
[ 63%] Linking CXX executable gesummv
[ 65%] Linking CXX executable atax
[ 66%] Linking CXX executable bicg
[ 66%] Built target trisolv
[ 66%] Built target nussinov
[ 66%] Built target gesummv
[ 66%] Built target jacobi-2d
[ 66%] Built target atax
[ 68%] Linking CXX executable trmm
[ 68%] Built target bicg
[ 70%] Linking CXX executable mvt
[ 71%] Linking CXX executable deriche
[ 73%] Linking CXX executable lu
[ 75%] Linking CXX executable cholesky
[ 75%] Built target trmm
[ 75%] Built target mvt
[ 76%] Linking CXX executable covariance
[ 78%] Linking CXX executable symm
[ 78%] Built target deriche
[ 78%] Built target lu
[ 78%] Built target cholesky
[ 80%] Linking CXX executable gemver
[ 80%] Built target covariance
[ 80%] Built target symm
[ 81%] Linking CXX executable gramschmidt
[ 81%] Built target gemver
[ 83%] Linking CXX executable heat-3d
[ 85%] Linking CXX executable doitgen
[ 85%] Built target gramschmidt
[ 86%] Linking CXX executable syrk
[ 88%] Linking CXX executable gemm
[ 88%] Built target heat-3d
[ 88%] Built target doitgen
[ 88%] Built target syrk
[ 88%] Built target gemm
[ 90%] Linking CXX executable fdtd-2d
[ 90%] Built target fdtd-2d
[ 91%] Linking CXX executable syr2k
[ 93%] Linking CXX executable correlation
[ 93%] Built target syr2k
[ 93%] Built target correlation
[ 95%] Linking CXX executable 2mm
[ 95%] Built target 2mm
[ 96%] Linking CXX executable 3mm
[ 96%] Built target 3mm
noarr,2mm,0.000096,4.562,valid,2,SMALL
noarr,standard,2mm,1,0.000101,2,SMALL
noarr,standard,2mm,2,0.000096,2,SMALL
noarr,standard,2mm,3,0.000109,2,SMALL
noarr,standard,2mm,4,0.000096,2,SMALL
noarr,standard,2mm,5,0.000096,2,SMALL
noarr,3mm,0.000995,0.813,valid,2,SMALL
noarr,standard,3mm,1,0.000995,2,SMALL
noarr,standard,3mm,2,0.001000,2,SMALL
noarr,standard,3mm,3,0.000996,2,SMALL
noarr,standard,3mm,4,0.000995,2,SMALL
noarr,standard,3mm,5,0.000994,2,SMALL
noarr,adi,,,illegal,2,SMALL
noarr,atax,0.000034,1.118,valid,2,SMALL
noarr,standard,atax,1,0.000033,2,SMALL
noarr,standard,atax,2,0.000034,2,SMALL
noarr,standard,atax,3,0.000033,2,SMALL
noarr,standard,atax,4,0.000033,2,SMALL
noarr,standard,atax,5,0.000022,2,SMALL
noarr,bicg,0.000045,1.178,valid,2,SMALL
noarr,standard,bicg,1,0.000045,2,SMALL
noarr,standard,bicg,2,0.000045,2,SMALL
noarr,standard,bicg,3,0.000053,2,SMALL
noarr,standard,bicg,4,0.000045,2,SMALL
noarr,standard,bicg,5,0.000045,2,SMALL
noarr,cholesky,0.000312,,invalid,2,SMALL
noarr,correlation,0.000479,1.313,valid,2,SMALL
noarr,standard,correlation,1,0.000491,2,SMALL
noarr,standard,correlation,2,0.000490,2,SMALL
noarr,standard,correlation,3,0.000481,2,SMALL
noarr,standard,correlation,4,0.000488,2,SMALL
noarr,standard,correlation,5,0.000488,2,SMALL
noarr,covariance,0.000484,1.275,valid,2,SMALL
noarr,standard,covariance,1,0.000498,2,SMALL
noarr,standard,covariance,2,0.000482,2,SMALL
noarr,standard,covariance,3,0.000475,2,SMALL
noarr,standard,covariance,4,0.000475,2,SMALL
noarr,standard,covariance,5,0.000476,2,SMALL
noarr,deriche,0.000397,2.106,valid,2,SMALL
noarr,standard,deriche,1,0.000402,2,SMALL
noarr,standard,deriche,2,0.000407,2,SMALL
noarr,standard,deriche,3,0.000394,2,SMALL
noarr,standard,deriche,4,0.000399,2,SMALL
noarr,standard,deriche,5,0.000395,2,SMALL
noarr,doitgen,0.000545,1.196,valid,2,SMALL
noarr,standard,doitgen,1,0.000544,2,SMALL
noarr,standard,doitgen,2,0.000536,2,SMALL
noarr,standard,doitgen,3,0.000546,2,SMALL
noarr,standard,doitgen,4,0.000543,2,SMALL
noarr,standard,doitgen,5,0.000536,2,SMALL
noarr,durbin,0.000017,1.059,valid,2,SMALL
noarr,standard,durbin,1,0.000017,2,SMALL
noarr,standard,durbin,2,0.000017,2,SMALL
noarr,standard,durbin,3,0.000017,2,SMALL
noarr,standard,durbin,4,0.000017,2,SMALL
noarr,standard,durbin,5,0.000017,2,SMALL
noarr,fdtd-2d,0.000288,1.174,valid,2,SMALL
noarr,standard,fdtd-2d,1,0.000294,2,SMALL
noarr,standard,fdtd-2d,2,0.000288,2,SMALL
noarr,standard,fdtd-2d,3,0.000299,2,SMALL
noarr,standard,fdtd-2d,4,0.000298,2,SMALL
noarr,standard,fdtd-2d,5,0.000287,2,SMALL
noarr,floyd-warshall,0.006645,1.095,valid,2,SMALL
noarr,standard,floyd-warshall,1,0.006649,2,SMALL
noarr,standard,floyd-warshall,2,0.006640,2,SMALL
noarr,standard,floyd-warshall,3,0.006641,2,SMALL
noarr,standard,floyd-warshall,4,0.006642,2,SMALL
noarr,standard,floyd-warshall,5,0.006650,2,SMALL
noarr,gemm,0.000115,0.913,valid,2,SMALL
noarr,standard,gemm,1,0.000115,2,SMALL
noarr,standard,gemm,2,0.000116,2,SMALL
noarr,standard,gemm,3,0.000124,2,SMALL
noarr,standard,gemm,4,0.000115,2,SMALL
noarr,standard,gemm,5,0.000115,2,SMALL
noarr,gemver,0.000058,1.103,valid,2,SMALL
noarr,standard,gemver,1,0.000056,2,SMALL
noarr,standard,gemver,2,0.000057,2,SMALL
noarr,standard,gemver,3,0.000056,2,SMALL
noarr,standard,gemver,4,0.000057,2,SMALL
noarr,standard,gemver,5,0.000056,2,SMALL
noarr,gesummv,0.000025,1.200,valid,2,SMALL
noarr,standard,gesummv,1,0.000025,2,SMALL
noarr,standard,gesummv,2,0.000025,2,SMALL
noarr,standard,gesummv,3,0.000025,2,SMALL
noarr,standard,gesummv,4,0.000025,2,SMALL
noarr,standard,gesummv,5,0.000025,2,SMALL
noarr,gramschmidt,0.000395,,invalid,2,SMALL
noarr,heat-3d,0.000661,0.764,valid,2,SMALL
noarr,standard,heat-3d,1,0.000665,2,SMALL
noarr,standard,heat-3d,2,0.000668,2,SMALL
noarr,standard,heat-3d,3,0.000661,2,SMALL
noarr,standard,heat-3d,4,0.000659,2,SMALL
noarr,standard,heat-3d,5,0.000666,2,SMALL
noarr,jacobi-1d,0.000005,1.200,valid,2,SMALL
noarr,standard,jacobi-1d,1,0.000004,2,SMALL
noarr,standard,jacobi-1d,2,0.000004,2,SMALL
noarr,standard,jacobi-1d,3,0.000004,2,SMALL
noarr,standard,jacobi-1d,4,0.000004,2,SMALL
noarr,standard,jacobi-1d,5,0.000004,2,SMALL
noarr,jacobi-2d,0.000402,1.316,valid,2,SMALL
noarr,standard,jacobi-2d,1,0.000401,2,SMALL
noarr,standard,jacobi-2d,2,0.000399,2,SMALL
noarr,standard,jacobi-2d,3,0.000402,2,SMALL
noarr,standard,jacobi-2d,4,0.000398,2,SMALL
noarr,standard,jacobi-2d,5,0.000395,2,SMALL
noarr,lu,0.000661,1.227,valid,2,SMALL
noarr,standard,lu,1,0.000663,2,SMALL
noarr,standard,lu,2,0.000658,2,SMALL
noarr,standard,lu,3,0.000660,2,SMALL
noarr,standard,lu,4,0.000661,2,SMALL
noarr,standard,lu,5,0.000658,2,SMALL
noarr,ludcmp,,,illegal,2,SMALL
noarr,mvt,0.000035,1.229,valid,2,SMALL
noarr,standard,mvt,1,0.000035,2,SMALL
noarr,standard,mvt,2,0.000035,2,SMALL
noarr,standard,mvt,3,0.000035,2,SMALL
noarr,standard,mvt,4,0.000035,2,SMALL
noarr,standard,mvt,5,0.000044,2,SMALL
noarr,nussinov,0.001047,,invalid,2,SMALL
noarr,seidel-2d,0.007337,1.011,valid,2,SMALL
noarr,standard,seidel-2d,1,0.007200,2,SMALL
noarr,standard,seidel-2d,2,0.007331,2,SMALL
noarr,standard,seidel-2d,3,0.007334,2,SMALL
noarr,standard,seidel-2d,4,0.007342,2,SMALL
noarr,standard,seidel-2d,5,0.007330,2,SMALL
noarr,symm,0.000193,1.415,valid,2,SMALL
noarr,standard,symm,1,0.000188,2,SMALL
noarr,standard,symm,2,0.000186,2,SMALL
noarr,standard,symm,3,0.000186,2,SMALL
noarr,standard,symm,4,0.000185,2,SMALL
noarr,standard,symm,5,0.000195,2,SMALL
noarr,syr2k,0.000193,1.171,valid,2,SMALL
noarr,standard,syr2k,1,0.000199,2,SMALL
noarr,standard,syr2k,2,0.000192,2,SMALL
noarr,standard,syr2k,3,0.000192,2,SMALL
noarr,standard,syr2k,4,0.000207,2,SMALL
noarr,standard,syr2k,5,0.000192,2,SMALL
noarr,syrk,0.000085,1.529,valid,2,SMALL
noarr,standard,syrk,1,0.000108,2,SMALL
noarr,standard,syrk,2,0.000108,2,SMALL
noarr,standard,syrk,3,0.000160,2,SMALL
noarr,standard,syrk,4,0.000106,2,SMALL
noarr,standard,syrk,5,0.000107,2,SMALL
noarr,trisolv,0.000008,1.500,valid,2,SMALL
noarr,standard,trisolv,1,0.000008,2,SMALL
noarr,standard,trisolv,2,0.000008,2,SMALL
noarr,standard,trisolv,3,0.000008,2,SMALL
noarr,standard,trisolv,4,0.000008,2,SMALL
noarr,standard,trisolv,5,0.000008,2,SMALL
noarr,trmm,0.000132,1.326,valid,2,SMALL
noarr,standard,trmm,1,0.000131,2,SMALL
noarr,standard,trmm,2,0.000131,2,SMALL
noarr,standard,trmm,3,0.000131,2,SMALL
noarr,standard,trmm,4,0.000131,2,SMALL
noarr,standard,trmm,5,0.000131,2,SMALL
-- The CXX compiler identification is GNU 15.2.0
-- Detecting CXX compiler ABI info
-- Detecting CXX compiler ABI info - done
-- Check for working CXX compiler: /usr/local/latestgcc/bin/g++ - skipped
-- Detecting CXX compile features
-- Detecting CXX compile features - done
-- Using NOARR_STRUCTURES_DIR from environment: /home/kleplj/translation/submodules/noarr-structures
-- Configuring done (0.4s)
-- Generating done (0.7s)
-- Build files have been written to: /home/kleplj/translation/PolybenchC-Noarr/build
[  3%] Building CXX object CMakeFiles/correlation.dir/datamining/correlation/correlation.cpp.o
[  6%] Building CXX object CMakeFiles/covariance.dir/datamining/covariance/covariance.cpp.o
[ 13%] Building CXX object CMakeFiles/gemm.dir/linear-algebra/blas/gemm/gemm.cpp.o
[ 13%] Building CXX object CMakeFiles/syr2k.dir/linear-algebra/blas/syr2k/syr2k.cpp.o
[ 13%] Building CXX object CMakeFiles/gemver.dir/linear-algebra/blas/gemver/gemver.cpp.o
[ 23%] Building CXX object CMakeFiles/3mm.dir/linear-algebra/kernels/3mm/3mm.cpp.o
[ 23%] Building CXX object CMakeFiles/gesummv.dir/linear-algebra/blas/gesummv/gesummv.cpp.o
[ 23%] Building CXX object CMakeFiles/2mm.dir/linear-algebra/kernels/2mm/2mm.cpp.o
[ 23%] Building CXX object CMakeFiles/syrk.dir/linear-algebra/blas/syrk/syrk.cpp.o
[ 23%] Building CXX object CMakeFiles/trmm.dir/linear-algebra/blas/trmm/trmm.cpp.o
[ 23%] Building CXX object CMakeFiles/symm.dir/linear-algebra/blas/symm/symm.cpp.o
[ 23%] Building CXX object CMakeFiles/bicg.dir/linear-algebra/kernels/bicg/bicg.cpp.o
[ 35%] Building CXX object CMakeFiles/mvt.dir/linear-algebra/kernels/mvt/mvt.cpp.o
[ 35%] Building CXX object CMakeFiles/cholesky.dir/linear-algebra/solvers/cholesky/cholesky.cpp.o
[ 50%] Building CXX object CMakeFiles/fdtd-2d.dir/stencils/fdtd-2d/fdtd-2d.cpp.o
[ 50%] Building CXX object CMakeFiles/nussinov.dir/medley/nussinov/nussinov.cpp.o
[ 50%] Building CXX object CMakeFiles/durbin.dir/linear-algebra/solvers/durbin/durbin.cpp.o
[ 50%] Building CXX object CMakeFiles/deriche.dir/medley/deriche/deriche.cpp.o
[ 50%] Building CXX object CMakeFiles/atax.dir/linear-algebra/kernels/atax/atax.cpp.o
[ 50%] Building CXX object CMakeFiles/lu.dir/linear-algebra/solvers/lu/lu.cpp.o
[ 50%] Building CXX object CMakeFiles/doitgen.dir/linear-algebra/kernels/doitgen/doitgen.cpp.o
[ 50%] Building CXX object CMakeFiles/jacobi-1d.dir/stencils/jacobi-1d/jacobi-1d.cpp.o
[ 50%] Building CXX object CMakeFiles/gramschmidt.dir/linear-algebra/solvers/gramschmidt/gramschmidt.cpp.o
[ 50%] Building CXX object CMakeFiles/trisolv.dir/linear-algebra/solvers/trisolv/trisolv.cpp.o
[ 50%] Building CXX object CMakeFiles/floyd-warshall.dir/medley/floyd-warshall/floyd-warshall.cpp.o
[ 50%] Building CXX object CMakeFiles/heat-3d.dir/stencils/heat-3d/heat-3d.cpp.o
[ 50%] Building CXX object CMakeFiles/ludcmp.dir/linear-algebra/solvers/ludcmp/ludcmp.cpp.o
[ 50%] Building CXX object CMakeFiles/adi.dir/stencils/adi/adi.cpp.o
[ 50%] Building CXX object CMakeFiles/seidel-2d.dir/stencils/seidel-2d/seidel-2d.cpp.o
[ 50%] Building CXX object CMakeFiles/jacobi-2d.dir/stencils/jacobi-2d/jacobi-2d.cpp.o
[ 51%] Linking CXX executable jacobi-1d
[ 51%] Built target jacobi-1d
[ 53%] Linking CXX executable durbin
[ 55%] Linking CXX executable trisolv
[ 55%] Built target durbin
[ 55%] Built target trisolv
[ 56%] Linking CXX executable jacobi-2d
[ 58%] Linking CXX executable cholesky
[ 60%] Linking CXX executable gesummv
[ 61%] Linking CXX executable seidel-2d
[ 63%] Linking CXX executable adi
[ 65%] Linking CXX executable floyd-warshall
[ 65%] Built target jacobi-2d
[ 66%] Linking CXX executable atax
[ 66%] Built target cholesky
[ 66%] Built target gesummv
[ 66%] Built target seidel-2d
[ 68%] Linking CXX executable bicg
[ 70%] Linking CXX executable mvt
[ 70%] Built target adi
[ 70%] Built target floyd-warshall
[ 70%] Built target atax
[ 70%] Built target bicg
[ 71%] Linking CXX executable deriche
[ 71%] Built target mvt
[ 73%] Linking CXX executable gemver
[ 73%] Built target deriche
[ 75%] Linking CXX executable symm
[ 75%] Built target gemver
[ 76%] Linking CXX executable gramschmidt
[ 76%] Built target symm
[ 78%] Linking CXX executable trmm
[ 78%] Built target gramschmidt
[ 78%] Built target trmm
[ 80%] Linking CXX executable heat-3d
[ 81%] Linking CXX executable gemm
[ 83%] Linking CXX executable syrk
[ 85%] Linking CXX executable fdtd-2d
[ 85%] Built target heat-3d
[ 85%] Built target gemm
[ 86%] Linking CXX executable syr2k
[ 86%] Built target syrk
[ 86%] Built target fdtd-2d
[ 88%] Linking CXX executable covariance
[ 88%] Built target syr2k
[ 90%] Linking CXX executable correlation
[ 90%] Built target covariance
[ 91%] Linking CXX executable doitgen
[ 91%] Built target correlation
[ 91%] Built target doitgen
[ 93%] Linking CXX executable 2mm
[ 93%] Built target 2mm
[ 95%] Linking CXX executable 3mm
[ 95%] Built target 3mm
noarr,2mm,0.000304,1.484,valid,3,SMALL
noarr,standard,2mm,1,0.000293,3,SMALL
noarr,standard,2mm,2,0.000293,3,SMALL
noarr,standard,2mm,3,0.000296,3,SMALL
noarr,standard,2mm,4,0.000296,3,SMALL
noarr,standard,2mm,5,0.000296,3,SMALL
noarr,3mm,0.000178,4.393,valid,3,SMALL
noarr,standard,3mm,1,0.000179,3,SMALL
noarr,standard,3mm,2,0.000177,3,SMALL
noarr,standard,3mm,3,0.000177,3,SMALL
noarr,standard,3mm,4,0.000177,3,SMALL
noarr,standard,3mm,5,0.000177,3,SMALL
noarr,adi,0.002978,0.934,valid,3,SMALL
noarr,standard,adi,1,0.002948,3,SMALL
noarr,standard,adi,2,0.002979,3,SMALL
noarr,standard,adi,3,0.002977,3,SMALL
noarr,standard,adi,4,0.002945,3,SMALL
noarr,standard,adi,5,0.002980,3,SMALL
noarr,atax,0.000034,1.176,valid,3,SMALL
noarr,standard,atax,1,0.000034,3,SMALL
noarr,standard,atax,2,0.000033,3,SMALL
noarr,standard,atax,3,0.000034,3,SMALL
noarr,standard,atax,4,0.000033,3,SMALL
noarr,standard,atax,5,0.000033,3,SMALL
noarr,bicg,0.000045,1.200,valid,3,SMALL
noarr,standard,bicg,1,0.000045,3,SMALL
noarr,standard,bicg,2,0.000045,3,SMALL
noarr,standard,bicg,3,0.000053,3,SMALL
noarr,standard,bicg,4,0.000045,3,SMALL
noarr,standard,bicg,5,0.000045,3,SMALL
noarr,cholesky,0.254382,,invalid,3,SMALL
noarr,correlation,0.000487,1.290,valid,3,SMALL
noarr,standard,correlation,1,0.000495,3,SMALL
noarr,standard,correlation,2,0.000486,3,SMALL
noarr,standard,correlation,3,0.000486,3,SMALL
noarr,standard,correlation,4,0.000496,3,SMALL
noarr,standard,correlation,5,0.000494,3,SMALL
noarr,covariance,0.000471,1.338,valid,3,SMALL
noarr,standard,covariance,1,0.000471,3,SMALL
noarr,standard,covariance,2,0.000479,3,SMALL
noarr,standard,covariance,3,0.000474,3,SMALL
noarr,standard,covariance,4,0.000473,3,SMALL
noarr,standard,covariance,5,0.000471,3,SMALL
noarr,deriche,0.000411,2.054,valid,3,SMALL
noarr,standard,deriche,1,0.000404,3,SMALL
noarr,standard,deriche,2,0.000401,3,SMALL
noarr,standard,deriche,3,0.000406,3,SMALL
noarr,standard,deriche,4,0.000403,3,SMALL
noarr,standard,deriche,5,0.000395,3,SMALL
noarr,doitgen,0.000531,1.224,valid,3,SMALL
noarr,standard,doitgen,1,0.000522,3,SMALL
noarr,standard,doitgen,2,0.000522,3,SMALL
noarr,standard,doitgen,3,0.000530,3,SMALL
noarr,standard,doitgen,4,0.000529,3,SMALL
noarr,standard,doitgen,5,0.000520,3,SMALL
noarr,durbin,0.000017,1.118,valid,3,SMALL
noarr,standard,durbin,1,0.000017,3,SMALL
noarr,standard,durbin,2,0.000017,3,SMALL
noarr,standard,durbin,3,0.000017,3,SMALL
noarr,standard,durbin,4,0.000017,3,SMALL
noarr,standard,durbin,5,0.000017,3,SMALL
noarr,fdtd-2d,0.000287,1.118,valid,3,SMALL
noarr,standard,fdtd-2d,1,0.000286,3,SMALL
noarr,standard,fdtd-2d,2,0.000287,3,SMALL
noarr,standard,fdtd-2d,3,0.000291,3,SMALL
noarr,standard,fdtd-2d,4,0.000286,3,SMALL
noarr,standard,fdtd-2d,5,0.000295,3,SMALL
noarr,floyd-warshall,0.004617,1.590,valid,3,SMALL
noarr,standard,floyd-warshall,1,0.004620,3,SMALL
noarr,standard,floyd-warshall,2,0.004618,3,SMALL
noarr,standard,floyd-warshall,3,0.004639,3,SMALL
noarr,standard,floyd-warshall,4,0.004635,3,SMALL
noarr,standard,floyd-warshall,5,0.004623,3,SMALL
noarr,gemm,0.000116,0.897,valid,3,SMALL
noarr,standard,gemm,1,0.000115,3,SMALL
noarr,standard,gemm,2,0.000116,3,SMALL
noarr,standard,gemm,3,0.000116,3,SMALL
noarr,standard,gemm,4,0.000128,3,SMALL
noarr,standard,gemm,5,0.000115,3,SMALL
noarr,gemver,0.000056,1.179,valid,3,SMALL
noarr,standard,gemver,1,0.000056,3,SMALL
noarr,standard,gemver,2,0.000056,3,SMALL
noarr,standard,gemver,3,0.000056,3,SMALL
noarr,standard,gemver,4,0.000056,3,SMALL
noarr,standard,gemver,5,0.000057,3,SMALL
noarr,gesummv,0.000025,1.240,valid,3,SMALL
noarr,standard,gesummv,1,0.000025,3,SMALL
noarr,standard,gesummv,2,0.000025,3,SMALL
noarr,standard,gesummv,3,0.000025,3,SMALL
noarr,standard,gesummv,4,0.000025,3,SMALL
noarr,standard,gesummv,5,0.000025,3,SMALL
noarr,gramschmidt,0.000373,,invalid,3,SMALL
noarr,heat-3d,0.000510,1.010,valid,3,SMALL
noarr,standard,heat-3d,1,0.000502,3,SMALL
noarr,standard,heat-3d,2,0.000501,3,SMALL
noarr,standard,heat-3d,3,0.000513,3,SMALL
noarr,standard,heat-3d,4,0.000510,3,SMALL
noarr,standard,heat-3d,5,0.000502,3,SMALL
noarr,jacobi-1d,0.000005,1.200,valid,3,SMALL
noarr,standard,jacobi-1d,1,0.000005,3,SMALL
noarr,standard,jacobi-1d,2,0.000005,3,SMALL
noarr,standard,jacobi-1d,3,0.000005,3,SMALL
noarr,standard,jacobi-1d,4,0.000005,3,SMALL
noarr,standard,jacobi-1d,5,0.000005,3,SMALL
noarr,jacobi-2d,0.000422,1.251,valid,3,SMALL
noarr,standard,jacobi-2d,1,0.000370,3,SMALL
noarr,standard,jacobi-2d,2,0.000422,3,SMALL
noarr,standard,jacobi-2d,3,0.000382,3,SMALL
noarr,standard,jacobi-2d,4,0.000385,3,SMALL
noarr,standard,jacobi-2d,5,0.000386,3,SMALL
noarr,lu,,,illegal,3,SMALL
noarr,ludcmp,,,illegal,3,SMALL
noarr,mvt,0.000035,1.200,valid,3,SMALL
noarr,standard,mvt,1,0.000035,3,SMALL
noarr,standard,mvt,2,0.000035,3,SMALL
noarr,standard,mvt,3,0.000035,3,SMALL
noarr,standard,mvt,4,0.000035,3,SMALL
noarr,standard,mvt,5,0.000035,3,SMALL
noarr,nussinov,,,illegal,3,SMALL
noarr,seidel-2d,0.007200,1.032,valid,3,SMALL
noarr,standard,seidel-2d,1,0.007335,3,SMALL
noarr,standard,seidel-2d,2,0.007231,3,SMALL
noarr,standard,seidel-2d,3,0.007203,3,SMALL
noarr,standard,seidel-2d,4,0.007232,3,SMALL
noarr,standard,seidel-2d,5,0.007201,3,SMALL
noarr,symm,0.000213,1.272,valid,3,SMALL
noarr,standard,symm,1,0.000211,3,SMALL
noarr,standard,symm,2,0.000212,3,SMALL
noarr,standard,symm,3,0.000212,3,SMALL
noarr,standard,symm,4,0.000212,3,SMALL
noarr,standard,symm,5,0.000212,3,SMALL
noarr,syr2k,0.000213,1.150,valid,3,SMALL
noarr,standard,syr2k,1,0.000201,3,SMALL
noarr,standard,syr2k,2,0.000220,3,SMALL
noarr,standard,syr2k,3,0.000192,3,SMALL
noarr,standard,syr2k,4,0.000193,3,SMALL
noarr,standard,syr2k,5,0.000206,3,SMALL
noarr,syrk,0.000141,,invalid,3,SMALL
noarr,trisolv,0.000009,,invalid,3,SMALL
noarr,trmm,0.000131,1.336,valid,3,SMALL
noarr,standard,trmm,1,0.000139,3,SMALL
noarr,standard,trmm,2,0.000140,3,SMALL
noarr,standard,trmm,3,0.000131,3,SMALL
noarr,standard,trmm,4,0.000131,3,SMALL
noarr,standard,trmm,5,0.000131,3,SMALL
-- The CXX compiler identification is GNU 15.2.0
-- Detecting CXX compiler ABI info
-- Detecting CXX compiler ABI info - done
-- Check for working CXX compiler: /usr/local/latestgcc/bin/g++ - skipped
-- Detecting CXX compile features
-- Detecting CXX compile features - done
-- Using NOARR_STRUCTURES_DIR from environment: /home/kleplj/translation/submodules/noarr-structures
-- Configuring done (0.4s)
-- Generating done (0.7s)
-- Build files have been written to: /home/kleplj/translation/PolybenchC-Noarr/build
[  8%] Building CXX object CMakeFiles/covariance.dir/datamining/covariance/covariance.cpp.o
[  8%] Building CXX object CMakeFiles/correlation.dir/datamining/correlation/correlation.cpp.o
[ 13%] Building CXX object CMakeFiles/syr2k.dir/linear-algebra/blas/syr2k/syr2k.cpp.o
[ 13%] Building CXX object CMakeFiles/symm.dir/linear-algebra/blas/symm/symm.cpp.o
[ 13%] Building CXX object CMakeFiles/gemm.dir/linear-algebra/blas/gemm/gemm.cpp.o
[ 13%] Building CXX object CMakeFiles/gemver.dir/linear-algebra/blas/gemver/gemver.cpp.o
[ 23%] Building CXX object CMakeFiles/syrk.dir/linear-algebra/blas/syrk/syrk.cpp.o
[ 23%] Building CXX object CMakeFiles/trmm.dir/linear-algebra/blas/trmm/trmm.cpp.o
[ 23%] Building CXX object CMakeFiles/2mm.dir/linear-algebra/kernels/2mm/2mm.cpp.o
[ 28%] Building CXX object CMakeFiles/mvt.dir/linear-algebra/kernels/mvt/mvt.cpp.o
[ 23%] Building CXX object CMakeFiles/gesummv.dir/linear-algebra/blas/gesummv/gesummv.cpp.o
[ 23%] Building CXX object CMakeFiles/3mm.dir/linear-algebra/kernels/3mm/3mm.cpp.o
[ 41%] Building CXX object CMakeFiles/deriche.dir/medley/deriche/deriche.cpp.o
[ 50%] Building CXX object CMakeFiles/nussinov.dir/medley/nussinov/nussinov.cpp.o
[ 50%] Building CXX object CMakeFiles/floyd-warshall.dir/medley/floyd-warshall/floyd-warshall.cpp.o
[ 50%] Building CXX object CMakeFiles/lu.dir/linear-algebra/solvers/lu/lu.cpp.o
[ 50%] Building CXX object CMakeFiles/adi.dir/stencils/adi/adi.cpp.o
[ 50%] Building CXX object CMakeFiles/atax.dir/linear-algebra/kernels/atax/atax.cpp.o
[ 50%] Building CXX object CMakeFiles/ludcmp.dir/linear-algebra/solvers/ludcmp/ludcmp.cpp.o
[ 50%] Building CXX object CMakeFiles/cholesky.dir/linear-algebra/solvers/cholesky/cholesky.cpp.o
[ 50%] Building CXX object CMakeFiles/trisolv.dir/linear-algebra/solvers/trisolv/trisolv.cpp.o
[ 50%] Building CXX object CMakeFiles/doitgen.dir/linear-algebra/kernels/doitgen/doitgen.cpp.o
[ 50%] Building CXX object CMakeFiles/bicg.dir/linear-algebra/kernels/bicg/bicg.cpp.o
[ 50%] Building CXX object CMakeFiles/durbin.dir/linear-algebra/solvers/durbin/durbin.cpp.o
[ 50%] Building CXX object CMakeFiles/jacobi-1d.dir/stencils/jacobi-1d/jacobi-1d.cpp.o
[ 50%] Building CXX object CMakeFiles/heat-3d.dir/stencils/heat-3d/heat-3d.cpp.o
[ 50%] Building CXX object CMakeFiles/gramschmidt.dir/linear-algebra/solvers/gramschmidt/gramschmidt.cpp.o
[ 50%] Building CXX object CMakeFiles/fdtd-2d.dir/stencils/fdtd-2d/fdtd-2d.cpp.o
[ 50%] Building CXX object CMakeFiles/jacobi-2d.dir/stencils/jacobi-2d/jacobi-2d.cpp.o
[ 50%] Building CXX object CMakeFiles/seidel-2d.dir/stencils/seidel-2d/seidel-2d.cpp.o
[ 51%] Linking CXX executable jacobi-1d
[ 53%] Linking CXX executable durbin
[ 53%] Built target jacobi-1d
[ 53%] Built target durbin
[ 55%] Linking CXX executable atax
[ 56%] Linking CXX executable seidel-2d
[ 58%] Linking CXX executable jacobi-2d
[ 61%] Linking CXX executable bicg
[ 61%] Linking CXX executable gesummv
[ 63%] Linking CXX executable floyd-warshall
[ 63%] Built target atax
[ 65%] Linking CXX executable nussinov
[ 66%] Linking CXX executable mvt
[ 66%] Built target seidel-2d
[ 66%] Built target jacobi-2d
[ 68%] Built target gesummv
[ 68%] Built target bicg
[ 68%] Linking CXX executable adi
[ 68%] Built target floyd-warshall
[ 70%] Linking CXX executable deriche
[ 70%] Built target nussinov
[ 71%] Linking CXX executable trisolv
[ 71%] Built target mvt
[ 73%] Linking CXX executable cholesky
[ 73%] Built target adi
[ 73%] Built target deriche
[ 73%] Built target trisolv
[ 75%] Built target cholesky
[ 75%] Linking CXX executable trmm
[ 78%] Linking CXX executable heat-3d
[ 78%] Linking CXX executable covariance
[ 80%] Linking CXX executable syrk
[ 81%] Linking CXX executable gramschmidt
[ 83%] Linking CXX executable gemver
[ 83%] Built target trmm
[ 83%] Built target covariance
[ 83%] Built target heat-3d
[ 83%] Built target syrk
[ 85%] Linking CXX executable fdtd-2d
[ 85%] Built target gramschmidt
[ 85%] Built target gemver
[ 86%] Linking CXX executable gemm
[ 86%] Built target fdtd-2d
[ 86%] Built target gemm
[ 88%] Linking CXX executable correlation
[ 88%] Built target correlation
[ 90%] Linking CXX executable doitgen
[ 91%] Linking CXX executable symm
[ 91%] Built target doitgen
[ 91%] Built target symm
[ 93%] Linking CXX executable 2mm
[ 93%] Built target 2mm
[ 95%] Linking CXX executable 3mm
[ 95%] Built target 3mm
noarr,2mm,0.000101,4.337,valid,4,SMALL
noarr,standard,2mm,1,0.000117,4,SMALL
noarr,standard,2mm,2,0.000097,4,SMALL
noarr,standard,2mm,3,0.000097,4,SMALL
noarr,standard,2mm,4,0.000096,4,SMALL
noarr,standard,2mm,5,0.000096,4,SMALL
noarr,3mm,0.000179,4.430,valid,4,SMALL
noarr,standard,3mm,1,0.000179,4,SMALL
noarr,standard,3mm,2,0.000179,4,SMALL
noarr,standard,3mm,3,0.000187,4,SMALL
noarr,standard,3mm,4,0.000187,4,SMALL
noarr,standard,3mm,5,0.000188,4,SMALL
noarr,adi,0.002710,1.028,valid,4,SMALL
noarr,standard,adi,1,0.002717,4,SMALL
noarr,standard,adi,2,0.002695,4,SMALL
noarr,standard,adi,3,0.002707,4,SMALL
noarr,standard,adi,4,0.002697,4,SMALL
noarr,standard,adi,5,0.002708,4,SMALL
noarr,atax,0.000033,1.152,valid,4,SMALL
noarr,standard,atax,1,0.000033,4,SMALL
noarr,standard,atax,2,0.000033,4,SMALL
noarr,standard,atax,3,0.000033,4,SMALL
noarr,standard,atax,4,0.000022,4,SMALL
noarr,standard,atax,5,0.000044,4,SMALL
noarr,bicg,0.000056,0.964,valid,4,SMALL
noarr,standard,bicg,1,0.000045,4,SMALL
noarr,standard,bicg,2,0.000045,4,SMALL
noarr,standard,bicg,3,0.000045,4,SMALL
noarr,standard,bicg,4,0.000045,4,SMALL
noarr,standard,bicg,5,0.000045,4,SMALL
noarr,cholesky,0.000313,,invalid,4,SMALL
noarr,correlation,0.000485,1.303,valid,4,SMALL
noarr,standard,correlation,1,0.000485,4,SMALL
noarr,standard,correlation,2,0.000476,4,SMALL
noarr,standard,correlation,3,0.000488,4,SMALL
noarr,standard,correlation,4,0.000483,4,SMALL
noarr,standard,correlation,5,0.000469,4,SMALL
noarr,covariance,0.000456,1.349,valid,4,SMALL
noarr,standard,covariance,1,0.000454,4,SMALL
noarr,standard,covariance,2,0.000455,4,SMALL
noarr,standard,covariance,3,0.000455,4,SMALL
noarr,standard,covariance,4,0.000455,4,SMALL
noarr,standard,covariance,5,0.000452,4,SMALL
noarr,deriche,0.000400,2.110,valid,4,SMALL
noarr,standard,deriche,1,0.000397,4,SMALL
noarr,standard,deriche,2,0.000400,4,SMALL
noarr,standard,deriche,3,0.000395,4,SMALL
noarr,standard,deriche,4,0.000403,4,SMALL
noarr,standard,deriche,5,0.000400,4,SMALL
noarr,doitgen,0.000490,,invalid,4,SMALL
noarr,durbin,0.000017,,invalid,4,SMALL
noarr,fdtd-2d,0.000351,0.915,valid,4,SMALL
noarr,standard,fdtd-2d,1,0.000358,4,SMALL
noarr,standard,fdtd-2d,2,0.000324,4,SMALL
noarr,standard,fdtd-2d,3,0.000319,4,SMALL
noarr,standard,fdtd-2d,4,0.000329,4,SMALL
noarr,standard,fdtd-2d,5,0.000329,4,SMALL
noarr,floyd-warshall,0.006643,1.102,valid,4,SMALL
noarr,standard,floyd-warshall,1,0.006645,4,SMALL
noarr,standard,floyd-warshall,2,0.006660,4,SMALL
noarr,standard,floyd-warshall,3,0.006650,4,SMALL
noarr,standard,floyd-warshall,4,0.006647,4,SMALL
noarr,standard,floyd-warshall,5,0.006647,4,SMALL
noarr,gemm,0.000115,0.913,valid,4,SMALL
noarr,standard,gemm,1,0.000115,4,SMALL
noarr,standard,gemm,2,0.000115,4,SMALL
noarr,standard,gemm,3,0.000115,4,SMALL
noarr,standard,gemm,4,0.000116,4,SMALL
noarr,standard,gemm,5,0.000116,4,SMALL
noarr,gemver,0.000056,,invalid,4,SMALL
noarr,gesummv,0.000025,1.240,valid,4,SMALL
noarr,standard,gesummv,1,0.000025,4,SMALL
noarr,standard,gesummv,2,0.000025,4,SMALL
noarr,standard,gesummv,3,0.000025,4,SMALL
noarr,standard,gesummv,4,0.000025,4,SMALL
noarr,standard,gesummv,5,0.000025,4,SMALL
noarr,gramschmidt,0.000372,,invalid,4,SMALL
noarr,heat-3d,0.000520,0.967,valid,4,SMALL
noarr,standard,heat-3d,1,0.000498,4,SMALL
noarr,standard,heat-3d,2,0.000498,4,SMALL
noarr,standard,heat-3d,3,0.000476,4,SMALL
noarr,standard,heat-3d,4,0.000498,4,SMALL
noarr,standard,heat-3d,5,0.000499,4,SMALL
noarr,jacobi-1d,0.000004,1.250,valid,4,SMALL
noarr,standard,jacobi-1d,1,0.000004,4,SMALL
noarr,standard,jacobi-1d,2,0.000004,4,SMALL
noarr,standard,jacobi-1d,3,0.000004,4,SMALL
noarr,standard,jacobi-1d,4,0.000004,4,SMALL
noarr,standard,jacobi-1d,5,0.000004,4,SMALL
noarr,jacobi-2d,0.000404,1.280,valid,4,SMALL
noarr,standard,jacobi-2d,1,0.000406,4,SMALL
noarr,standard,jacobi-2d,2,0.000402,4,SMALL
noarr,standard,jacobi-2d,3,0.000402,4,SMALL
noarr,standard,jacobi-2d,4,0.000406,4,SMALL
noarr,standard,jacobi-2d,5,0.000398,4,SMALL
noarr,lu,,,illegal,4,SMALL
noarr,ludcmp,,,illegal,4,SMALL
noarr,mvt,0.000035,1.257,valid,4,SMALL
noarr,standard,mvt,1,0.000035,4,SMALL
noarr,standard,mvt,2,0.000035,4,SMALL
noarr,standard,mvt,3,0.000035,4,SMALL
noarr,standard,mvt,4,0.000035,4,SMALL
noarr,standard,mvt,5,0.000035,4,SMALL
noarr,nussinov,0.004967,,invalid,4,SMALL
noarr,seidel-2d,0.007228,1.016,valid,4,SMALL
noarr,standard,seidel-2d,1,0.007204,4,SMALL
noarr,standard,seidel-2d,2,0.007198,4,SMALL
noarr,standard,seidel-2d,3,0.007228,4,SMALL
noarr,standard,seidel-2d,4,0.007202,4,SMALL
noarr,standard,seidel-2d,5,0.007346,4,SMALL
noarr,symm,0.000228,1.456,valid,4,SMALL
noarr,standard,symm,1,0.000226,4,SMALL
noarr,standard,symm,2,0.000228,4,SMALL
noarr,standard,symm,3,0.000227,4,SMALL
noarr,standard,symm,4,0.000237,4,SMALL
noarr,standard,symm,5,0.000236,4,SMALL
noarr,syr2k,,,illegal,4,SMALL
noarr,syrk,0.000083,1.434,valid,4,SMALL
noarr,standard,syrk,1,0.000082,4,SMALL
noarr,standard,syrk,2,0.000083,4,SMALL
noarr,standard,syrk,3,0.000083,4,SMALL
noarr,standard,syrk,4,0.000083,4,SMALL
noarr,standard,syrk,5,0.000093,4,SMALL
noarr,trisolv,0.000008,1.625,valid,4,SMALL
noarr,standard,trisolv,1,0.000008,4,SMALL
noarr,standard,trisolv,2,0.000008,4,SMALL
noarr,standard,trisolv,3,0.000008,4,SMALL
noarr,standard,trisolv,4,0.000008,4,SMALL
noarr,standard,trisolv,5,0.000008,4,SMALL
noarr,trmm,0.000168,1.048,valid,4,SMALL
noarr,standard,trmm,1,0.000176,4,SMALL
noarr,standard,trmm,2,0.000168,4,SMALL
noarr,standard,trmm,3,0.000168,4,SMALL
noarr,standard,trmm,4,0.000168,4,SMALL
noarr,standard,trmm,5,0.000169,4,SMALL
-- The CXX compiler identification is GNU 15.2.0
-- Detecting CXX compiler ABI info
-- Detecting CXX compiler ABI info - done
-- Check for working CXX compiler: /usr/local/latestgcc/bin/g++ - skipped
-- Detecting CXX compile features
-- Detecting CXX compile features - done
-- Using NOARR_STRUCTURES_DIR from environment: /home/kleplj/translation/submodules/noarr-structures
-- Configuring done (0.4s)
-- Generating done (0.7s)
-- Build files have been written to: /home/kleplj/translation/PolybenchC-Noarr/build
[ 10%] Building CXX object CMakeFiles/gemm.dir/linear-algebra/blas/gemm/gemm.cpp.o
[ 10%] Building CXX object CMakeFiles/gemver.dir/linear-algebra/blas/gemver/gemver.cpp.o
[ 10%] Building CXX object CMakeFiles/covariance.dir/datamining/covariance/covariance.cpp.o
[ 10%] Building CXX object CMakeFiles/correlation.dir/datamining/correlation/correlation.cpp.o
[ 21%] Building CXX object CMakeFiles/gesummv.dir/linear-algebra/blas/gesummv/gesummv.cpp.o
[ 21%] Building CXX object CMakeFiles/syrk.dir/linear-algebra/blas/syrk/syrk.cpp.o
[ 21%] Building CXX object CMakeFiles/2mm.dir/linear-algebra/kernels/2mm/2mm.cpp.o
[ 21%] Building CXX object CMakeFiles/trmm.dir/linear-algebra/blas/trmm/trmm.cpp.o
[ 21%] Building CXX object CMakeFiles/syr2k.dir/linear-algebra/blas/syr2k/syr2k.cpp.o
[ 21%] Building CXX object CMakeFiles/symm.dir/linear-algebra/blas/symm/symm.cpp.o
[ 45%] Building CXX object CMakeFiles/cholesky.dir/linear-algebra/solvers/cholesky/cholesky.cpp.o
[ 50%] Building CXX object CMakeFiles/floyd-warshall.dir/medley/floyd-warshall/floyd-warshall.cpp.o
[ 50%] Building CXX object CMakeFiles/heat-3d.dir/stencils/heat-3d/heat-3d.cpp.o
[ 50%] Building CXX object CMakeFiles/gramschmidt.dir/linear-algebra/solvers/gramschmidt/gramschmidt.cpp.o
[ 50%] Building CXX object CMakeFiles/lu.dir/linear-algebra/solvers/lu/lu.cpp.o
[ 50%] Building CXX object CMakeFiles/nussinov.dir/medley/nussinov/nussinov.cpp.o
[ 50%] Building CXX object CMakeFiles/doitgen.dir/linear-algebra/kernels/doitgen/doitgen.cpp.o
[ 50%] Building CXX object CMakeFiles/deriche.dir/medley/deriche/deriche.cpp.o
[ 50%] Building CXX object CMakeFiles/adi.dir/stencils/adi/adi.cpp.o
[ 50%] Building CXX object CMakeFiles/bicg.dir/linear-algebra/kernels/bicg/bicg.cpp.o
[ 50%] Building CXX object CMakeFiles/mvt.dir/linear-algebra/kernels/mvt/mvt.cpp.o
[ 50%] Building CXX object CMakeFiles/durbin.dir/linear-algebra/solvers/durbin/durbin.cpp.o
[ 50%] Building CXX object CMakeFiles/3mm.dir/linear-algebra/kernels/3mm/3mm.cpp.o
[ 50%] Building CXX object CMakeFiles/atax.dir/linear-algebra/kernels/atax/atax.cpp.o
[ 50%] Building CXX object CMakeFiles/fdtd-2d.dir/stencils/fdtd-2d/fdtd-2d.cpp.o
[ 50%] Building CXX object CMakeFiles/trisolv.dir/linear-algebra/solvers/trisolv/trisolv.cpp.o
[ 50%] Building CXX object CMakeFiles/ludcmp.dir/linear-algebra/solvers/ludcmp/ludcmp.cpp.o
[ 50%] Building CXX object CMakeFiles/jacobi-1d.dir/stencils/jacobi-1d/jacobi-1d.cpp.o
[ 50%] Building CXX object CMakeFiles/jacobi-2d.dir/stencils/jacobi-2d/jacobi-2d.cpp.o
[ 50%] Building CXX object CMakeFiles/seidel-2d.dir/stencils/seidel-2d/seidel-2d.cpp.o
[ 51%] Linking CXX executable durbin
[ 53%] Linking CXX executable jacobi-1d
[ 55%] Linking CXX executable trisolv
[ 55%] Built target durbin
[ 56%] Linking CXX executable seidel-2d
[ 56%] Built target jacobi-1d
[ 58%] Linking CXX executable gesummv
[ 58%] Built target trisolv
[ 58%] Built target seidel-2d
[ 60%] Linking CXX executable floyd-warshall
[ 61%] Linking CXX executable bicg
[ 61%] Built target gesummv
[ 63%] Linking CXX executable atax
[ 65%] Linking CXX executable adi
[ 66%] Linking CXX executable nussinov
[ 68%] Linking CXX executable trmm
[ 68%] Built target bicg
[ 68%] Built target floyd-warshall
[ 68%] Built target atax
[ 70%] Built target adi
[ 70%] Linking CXX executable deriche
[ 70%] Built target nussinov
[ 71%] Linking CXX executable cholesky
[ 71%] Built target trmm
[ 73%] Linking CXX executable jacobi-2d
[ 75%] Linking CXX executable lu
[ 76%] Linking CXX executable mvt
[ 76%] Built target deriche
[ 78%] Linking CXX executable symm
[ 78%] Built target cholesky
[ 78%] Built target jacobi-2d
[ 78%] Built target lu
[ 78%] Built target mvt
[ 80%] Linking CXX executable syrk
[ 80%] Built target symm
[ 81%] Linking CXX executable gemver
[ 83%] Linking CXX executable syr2k
[ 83%] Built target syrk
[ 83%] Built target gemver
[ 83%] Built target syr2k
[ 85%] Linking CXX executable gramschmidt
[ 86%] Linking CXX executable gemm
[ 88%] Linking CXX executable heat-3d
[ 90%] Linking CXX executable fdtd-2d
[ 91%] Linking CXX executable covariance
[ 91%] Built target gramschmidt
[ 91%] Built target heat-3d
[ 91%] Built target gemm
[ 91%] Built target fdtd-2d
[ 91%] Built target covariance
[ 93%] Linking CXX executable doitgen
[ 95%] Linking CXX executable correlation
[ 95%] Built target doitgen
[ 95%] Built target correlation
[ 96%] Linking CXX executable 2mm
[ 96%] Built target 2mm
[ 98%] Linking CXX executable 3mm
[ 98%] Built target 3mm
noarr,2mm,0.000306,1.431,valid,5,SMALL
noarr,standard,2mm,1,0.000300,5,SMALL
noarr,standard,2mm,2,0.000293,5,SMALL
noarr,standard,2mm,3,0.000293,5,SMALL
noarr,standard,2mm,4,0.000293,5,SMALL
noarr,standard,2mm,5,0.000293,5,SMALL
noarr,3mm,0.001170,0.677,valid,5,SMALL
noarr,standard,3mm,1,0.001171,5,SMALL
noarr,standard,3mm,2,0.001175,5,SMALL
noarr,standard,3mm,3,0.001167,5,SMALL
noarr,standard,3mm,4,0.001174,5,SMALL
noarr,standard,3mm,5,0.001191,5,SMALL
noarr,adi,0.002718,1.026,valid,5,SMALL
noarr,standard,adi,1,0.002718,5,SMALL
noarr,standard,adi,2,0.002722,5,SMALL
noarr,standard,adi,3,0.002718,5,SMALL
noarr,standard,adi,4,0.002722,5,SMALL
noarr,standard,adi,5,0.002728,5,SMALL
noarr,atax,0.000033,1.152,valid,5,SMALL
noarr,standard,atax,1,0.000033,5,SMALL
noarr,standard,atax,2,0.000034,5,SMALL
noarr,standard,atax,3,0.000033,5,SMALL
noarr,standard,atax,4,0.000034,5,SMALL
noarr,standard,atax,5,0.000033,5,SMALL
noarr,bicg,0.000045,1.178,valid,5,SMALL
noarr,standard,bicg,1,0.000045,5,SMALL
noarr,standard,bicg,2,0.000045,5,SMALL
noarr,standard,bicg,3,0.000045,5,SMALL
noarr,standard,bicg,4,0.000045,5,SMALL
noarr,standard,bicg,5,0.000045,5,SMALL
noarr,cholesky,0.000312,,invalid,5,SMALL
noarr,correlation,0.000489,1.294,valid,5,SMALL
noarr,standard,correlation,1,0.000482,5,SMALL
noarr,standard,correlation,2,0.000488,5,SMALL
noarr,standard,correlation,3,0.000482,5,SMALL
noarr,standard,correlation,4,0.000481,5,SMALL
noarr,standard,correlation,5,0.000493,5,SMALL
noarr,covariance,0.000489,1.100,valid,5,SMALL
noarr,standard,covariance,1,0.000481,5,SMALL
noarr,standard,covariance,2,0.000481,5,SMALL
noarr,standard,covariance,3,0.000479,5,SMALL
noarr,standard,covariance,4,0.000481,5,SMALL
noarr,standard,covariance,5,0.000476,5,SMALL
noarr,deriche,0.000385,2.200,valid,5,SMALL
noarr,standard,deriche,1,0.000393,5,SMALL
noarr,standard,deriche,2,0.000377,5,SMALL
noarr,standard,deriche,3,0.000382,5,SMALL
noarr,standard,deriche,4,0.000376,5,SMALL
noarr,standard,deriche,5,0.000388,5,SMALL
noarr,doitgen,0.000519,1.241,valid,5,SMALL
noarr,standard,doitgen,1,0.000521,5,SMALL
noarr,standard,doitgen,2,0.000525,5,SMALL
noarr,standard,doitgen,3,0.000528,5,SMALL
noarr,standard,doitgen,4,0.000526,5,SMALL
noarr,standard,doitgen,5,0.000519,5,SMALL
noarr,durbin,0.000017,1.176,valid,5,SMALL
noarr,standard,durbin,1,0.000017,5,SMALL
noarr,standard,durbin,2,0.000017,5,SMALL
noarr,standard,durbin,3,0.000017,5,SMALL
noarr,standard,durbin,4,0.000017,5,SMALL
noarr,standard,durbin,5,0.000017,5,SMALL
noarr,fdtd-2d,0.000287,1.146,valid,5,SMALL
noarr,standard,fdtd-2d,1,0.000287,5,SMALL
noarr,standard,fdtd-2d,2,0.000299,5,SMALL
noarr,standard,fdtd-2d,3,0.000296,5,SMALL
noarr,standard,fdtd-2d,4,0.000305,5,SMALL
noarr,standard,fdtd-2d,5,0.000297,5,SMALL
noarr,floyd-warshall,0.006630,1.105,valid,5,SMALL
noarr,standard,floyd-warshall,1,0.006641,5,SMALL
noarr,standard,floyd-warshall,2,0.006633,5,SMALL
noarr,standard,floyd-warshall,3,0.006633,5,SMALL
noarr,standard,floyd-warshall,4,0.006632,5,SMALL
noarr,standard,floyd-warshall,5,0.006630,5,SMALL
noarr,gemm,0.000116,0.905,valid,5,SMALL
noarr,standard,gemm,1,0.000115,5,SMALL
noarr,standard,gemm,2,0.000115,5,SMALL
noarr,standard,gemm,3,0.000115,5,SMALL
noarr,standard,gemm,4,0.000115,5,SMALL
noarr,standard,gemm,5,0.000115,5,SMALL
noarr,gemver,0.000057,1.193,valid,5,SMALL
noarr,standard,gemver,1,0.000057,5,SMALL
noarr,standard,gemver,2,0.000065,5,SMALL
noarr,standard,gemver,3,0.000057,5,SMALL
noarr,standard,gemver,4,0.000065,5,SMALL
noarr,standard,gemver,5,0.000057,5,SMALL
noarr,gesummv,0.000025,1.280,valid,5,SMALL
noarr,standard,gesummv,1,0.000025,5,SMALL
noarr,standard,gesummv,2,0.000025,5,SMALL
noarr,standard,gesummv,3,0.000025,5,SMALL
noarr,standard,gesummv,4,0.000025,5,SMALL
noarr,standard,gesummv,5,0.000025,5,SMALL
noarr,gramschmidt,0.000396,,invalid,5,SMALL
noarr,heat-3d,0.000648,0.801,valid,5,SMALL
noarr,standard,heat-3d,1,0.000665,5,SMALL
noarr,standard,heat-3d,2,0.000660,5,SMALL
noarr,standard,heat-3d,3,0.000664,5,SMALL
noarr,standard,heat-3d,4,0.000662,5,SMALL
noarr,standard,heat-3d,5,0.000666,5,SMALL
noarr,jacobi-1d,0.000004,1.500,valid,5,SMALL
noarr,standard,jacobi-1d,1,0.000004,5,SMALL
noarr,standard,jacobi-1d,2,0.000004,5,SMALL
noarr,standard,jacobi-1d,3,0.000004,5,SMALL
noarr,standard,jacobi-1d,4,0.000004,5,SMALL
noarr,standard,jacobi-1d,5,0.000004,5,SMALL
noarr,jacobi-2d,0.000392,1.339,valid,5,SMALL
noarr,standard,jacobi-2d,1,0.000388,5,SMALL
noarr,standard,jacobi-2d,2,0.000397,5,SMALL
noarr,standard,jacobi-2d,3,0.000389,5,SMALL
noarr,standard,jacobi-2d,4,0.000393,5,SMALL
noarr,standard,jacobi-2d,5,0.000389,5,SMALL
noarr,lu,0.000662,1.228,valid,5,SMALL
noarr,standard,lu,1,0.000655,5,SMALL
noarr,standard,lu,2,0.000661,5,SMALL
noarr,standard,lu,3,0.000659,5,SMALL
noarr,standard,lu,4,0.000665,5,SMALL
noarr,standard,lu,5,0.000664,5,SMALL
noarr,ludcmp,,,illegal,5,SMALL
noarr,mvt,0.000035,1.657,valid,5,SMALL
noarr,standard,mvt,1,0.000035,5,SMALL
noarr,standard,mvt,2,0.000035,5,SMALL
noarr,standard,mvt,3,0.000035,5,SMALL
noarr,standard,mvt,4,0.000035,5,SMALL
noarr,standard,mvt,5,0.000035,5,SMALL
noarr,nussinov,0.004935,,invalid,5,SMALL
noarr,seidel-2d,0.007276,1.020,valid,5,SMALL
noarr,standard,seidel-2d,1,0.007244,5,SMALL
noarr,standard,seidel-2d,2,0.007202,5,SMALL
noarr,standard,seidel-2d,3,0.007237,5,SMALL
noarr,standard,seidel-2d,4,0.007269,5,SMALL
noarr,standard,seidel-2d,5,0.007231,5,SMALL
noarr,symm,0.000191,1.424,valid,5,SMALL
noarr,standard,symm,1,0.000192,5,SMALL
noarr,standard,symm,2,0.000190,5,SMALL
noarr,standard,symm,3,0.000200,5,SMALL
noarr,standard,symm,4,0.000191,5,SMALL
noarr,standard,symm,5,0.000180,5,SMALL
noarr,syr2k,0.000201,1.279,valid,5,SMALL
noarr,standard,syr2k,1,0.000193,5,SMALL
noarr,standard,syr2k,2,0.000192,5,SMALL
noarr,standard,syr2k,3,0.000192,5,SMALL
noarr,standard,syr2k,4,0.000199,5,SMALL
noarr,standard,syr2k,5,0.000207,5,SMALL
noarr,syrk,0.000083,1.386,valid,5,SMALL
noarr,standard,syrk,1,0.000083,5,SMALL
noarr,standard,syrk,2,0.000093,5,SMALL
noarr,standard,syrk,3,0.000082,5,SMALL
noarr,standard,syrk,4,0.000083,5,SMALL
noarr,standard,syrk,5,0.000094,5,SMALL
noarr,trisolv,0.000008,1.625,valid,5,SMALL
noarr,standard,trisolv,1,0.000008,5,SMALL
noarr,standard,trisolv,2,0.000009,5,SMALL
noarr,standard,trisolv,3,0.000008,5,SMALL
noarr,standard,trisolv,4,0.000009,5,SMALL
noarr,standard,trisolv,5,0.000008,5,SMALL
noarr,trmm,0.000148,1.182,valid,5,SMALL
noarr,standard,trmm,1,0.000149,5,SMALL
noarr,standard,trmm,2,0.000140,5,SMALL
noarr,standard,trmm,3,0.000140,5,SMALL
noarr,standard,trmm,4,0.000140,5,SMALL
noarr,standard,trmm,5,0.000141,5,SMALL
-- bolt project is disabled
-- clang project is enabled
-- clang-tools-extra project is disabled
-- compiler-rt project is disabled
-- cross-project-tests project is disabled
-- libclc project is disabled
-- lld project is disabled
-- lldb project is disabled
-- mlir project is disabled
-- openmp project is enabled
-- polly project is enabled
-- flang project is disabled
-- libc project is disabled
-- Found Python3: /home/kleplj/translation/gpt-querying/.venv/bin/python3.9 (found suitable version "3.9.21", minimum required is "3.8") found components: Interpreter
-- Could NOT find LibEdit (missing: LibEdit_INCLUDE_DIRS LibEdit_LIBRARIES) 
-- LLVM host triple: x86_64-unknown-linux-gnu
-- Native target architecture is X86
-- Threads enabled.
-- Doxygen disabled.
-- Could NOT find OCaml (missing: OCAMLFIND OCAML_VERSION OCAML_STDLIB_PATH) 
-- Could NOT find OCaml (missing: OCAMLFIND OCAML_VERSION OCAML_STDLIB_PATH) 
-- OCaml bindings disabled.
-- LLVM default target triple: x86_64-unknown-linux-gnu
-- Building with -fPIC
-- Targeting AArch64
-- Targeting AMDGPU
-- Targeting ARM
-- Targeting AVR
-- Targeting BPF
-- Targeting Hexagon
-- Targeting Lanai
-- Targeting LoongArch
-- Targeting Mips
-- Targeting MSP430
-- Targeting NVPTX
-- Targeting PowerPC
-- Targeting RISCV
-- Targeting Sparc
-- Targeting SPIRV
-- Targeting SystemZ
-- Targeting VE
-- Targeting WebAssembly
-- Targeting X86
-- Targeting XCore
-- Found Python3: /home/kleplj/translation/gpt-querying/.venv/bin/python3.9 (found version "3.9.21") found components: Interpreter
-- Found Python3: /home/kleplj/translation/gpt-querying/.venv/bin/python3.9 (found version "3.9.21") found components: Interpreter Development Development.Module Development.Embed
-- Clang version: 22.0.0git
-- Found Python3: /home/kleplj/translation/gpt-querying/.venv/bin/python3.9 (found version "3.9.21") found components: Interpreter
-- ISL version: isl-0.25-193-g8621c60c
-- Registering Polly as a pass plugin (static build: ON)
-- Registering ExampleIRTransforms as a pass plugin (static build: OFF)
-- Registering Bye as a pass plugin (static build: OFF)
-- Failed to find LLVM FileCheck
-- Google Benchmark version: v0.0.0, normalized to 0.0.0
-- Performing Test HAVE_GNU_POSIX_REGEX -- failed to compile
-- Performing Test HAVE_POSIX_REGEX -- success
-- Performing Test HAVE_STEADY_CLOCK -- success
-- Performing Test HAVE_PTHREAD_AFFINITY -- success
-- Configuring done (17.8s)
-- Generating done (54.9s)
-- Build files have been written to: /home/kleplj/translation/PolybenchC-Polly/llvm-project/build
[  0%] Built target llvm_vcsrevision_h
[  0%] Building the OMPD GDB plugin
[  0%] Built target libomp-needed-headers
[  0%] Built target LTO_exports
[  0%] Built target utility-resource-headers
[  0%] Built target core-resource-headers
[  0%] Built target cuda-resource-headers
[  0%] Built target ompd_gdb_plugin
[  0%] Built target hip-resource-headers
[  0%] Built target hexagon-resource-headers
[  0%] Built target mips-resource-headers
[  0%] Built target loongarch-resource-headers
[  0%] Built target ppc-resource-headers
[  0%] Built target systemz-resource-headers
[  0%] Built target ppc-htm-resource-headers
[  0%] Built target ve-resource-headers
[  0%] Built target webassembly-resource-headers
[  0%] Built target x86-resource-headers
[  0%] Built target llvm-PerfectShuffle
[  0%] Built target hlsl-resource-headers
[  0%] Built target spirv-resource-headers
[  0%] Built target opencl-resource-headers
[  0%] Built target llvm-libc-resource-headers
[  0%] Built target openmp-resource-headers
[  0%] Built target windows-resource-headers
[  0%] Built target archer
[  0%] Built target gpu-resource-headers
[  0%] Built target llvm-offload-resource-headers
[  0%] Built target SampleAnalyzerPlugin_exports
[  0%] Built target CheckerDependencyHandlingAnalyzerPlugin_exports
[  0%] Built target archer_static
[  0%] Built target CheckerOptionHandlingAnalyzerPlugin_exports
[  0%] Built target ompdModule
[  0%] Built target obj.clangSupport
[  0%] Built target clangAnalysisFlowSensitiveResources
[  0%] Built target LLVMDemangle
[  0%] Built target LLVMSupportBlake3
[  0%] Built target hmaptool
[  0%] Built target scan-build
[  0%] Built target Remarks_exports
[  0%] Built target scan-view
[  0%] Built target BugpointPasses_exports
[  0%] Built target scan-build-py
[  1%] Built target PipSqueak
[  1%] Built target SecondLib
[  1%] Built target DynamicLibraryLib
[  1%] Built target obj.LLVMTableGenBasic
[  3%] Built target benchmark
[  3%] Built target benchmark_main
[  3%] Built target omp
[  4%] Built target PollyISL
[  4%] Built target ompd
[  7%] Built target LLVMSupport
[  7%] Built target clangSupport
[  7%] Built target count
[  7%] Built target LLVMBitstreamReader
[  7%] Built target LLVMLineEditor
[  7%] Built target LLVMFrontendDirective
[  7%] Built target LLVMFileCheck
[  7%] Built target LLVMTelemetry
[  7%] Built target LLVMWindowsManifest
[  7%] Built target split-file
[  7%] Built target not
[  7%] Built target UnicodeNameMappingGenerator
[  7%] Built target LLVMSupportLSP
[  7%] Built target LLVMDebugInfoMSF
[  7%] Built target llvm-test-mustache-spec
[  7%] Built target yaml-bench
[  7%] Built target polly-isl-test
[  7%] Built target LLVMOption
[  7%] Built target reduce-chunk-list
[  7%] Built target llvm-undname
[  7%] Built target llvm_gtest
[  7%] Built target LLVMTableGen
[  7%] Built target FileCheck
[  7%] Built target LLVMCAS
[  7%] Built target llvm_gtest_main
[  7%] Built target LLVMTableGenBasic
[  7%] Built target llvm-min-tblgen
[  9%] Built target omptest
[  9%] Built target vt_gen
[  9%] Built target omp_gen
[  9%] Built target analysis_gen
[  9%] Built target acc_gen
[  9%] Built target intrinsics_gen
[  9%] Built target target_parser_gen
[  9%] Built target LLVMDebugInfoCodeView
[  9%] Built target LLVMCodeGenTypes
[  9%] Built target LLVMFrontendOpenACC
[ 10%] Built target LLVMDebugInfoBTF
[ 10%] Built target clang-tblgen
[ 10%] Built target LLVMOrcShared
[ 12%] Built target ExampleIRTransforms
[ 12%] Built target Bye
[ 12%] Built target InlineOrderPlugin
[ 12%] Built target InlineAdvisorPlugin
[ 12%] Built target CGTestPlugin
[ 12%] Built target TestPlugin
[ 12%] Built target DoublerPlugin
[ 12%] Built target LLVMRemarks
[ 12%] Built target arm-resource-headers
[ 12%] Built target aarch64-resource-headers
[ 12%] Built target riscv-resource-headers
[ 12%] Built target ClangSyntaxNodeClasses
[ 12%] Built target arm-common-resource-headers
[ 12%] Built target ClangAttrImpl
[ 12%] Built target ClangAttrClasses
[ 12%] Built target ClangAttrTextDump
[ 12%] Built target ClangAttrTraverse
[ 12%] Built target ClangStmtNodes
[ 12%] Built target ClangDeclNodes
[ 12%] Built target ClangAttrVisitor
[ 12%] Built target ClangAbstractBasicReader
[ 12%] Built target ClangTypeNodes
[ 12%] Built target ClangAbstractBasicWriter
[ 12%] Built target ClangAbstractTypeReader
[ 12%] Built target ClangAbstractTypeWriter
[ 12%] Built target ClangCommentNodes
[ 12%] Built target ClangCommentHTMLTags
[ 12%] Built target ClangCommentHTMLNamedCharacterReferences
[ 12%] Built target ClangCommentHTMLTagsProperties
[ 12%] Built target ClangCommentCommandInfo
[ 12%] Built target ClangCommentCommandList
[ 12%] Built target StmtDataCollectors
[ 12%] Built target ClangDiagnosticAnalysisEnums
[ 12%] Built target ClangDiagnosticAnalysis
[ 12%] Built target ClangDiagnosticAnalysisCompatIDs
[ 12%] Built target ClangDiagnosticAnalysisInterface
[ 12%] Built target ClangDiagnosticAST
[ 12%] Built target LLVMTargetParser
[ 12%] Built target obj.LLVMTableGenCommon
[ 12%] Built target ClangDiagnosticASTEnums
[ 12%] Built target ClangDiagnosticASTCompatIDs
[ 12%] Built target ClangDiagnosticASTInterface
[ 12%] Built target ClangDiagnosticCommentEnums
[ 12%] Built target ClangDiagnosticComment
[ 12%] Built target ClangDiagnosticCommentCompatIDs
[ 12%] Built target ClangDiagnosticCommentInterface
[ 12%] Built target ClangDiagnosticCommonEnums
[ 12%] Built target ClangDiagnosticCommon
[ 12%] Built target ClangDiagnosticCommonCompatIDs
[ 12%] Built target ClangDiagnosticCommonInterface
[ 12%] Built target ClangDiagnosticCrossTUEnums
[ 12%] Built target ClangDiagnosticCrossTU
[ 14%] Built target ClangDiagnosticCrossTUInterface
[ 14%] Built target ClangDiagnosticDriverCompatIDs
[ 14%] Built target ClangDiagnosticDriver
[ 14%] Built target ClangDiagnosticCrossTUCompatIDs
[ 14%] Built target ClangDiagnosticDriverEnums
[ 14%] Built target ClangDiagnosticDriverInterface
[ 14%] Built target ClangDiagnosticFrontend
[ 14%] Built target ClangDiagnosticFrontendEnums
[ 14%] Built target ClangDiagnosticFrontendCompatIDs
[ 14%] Built target ClangDiagnosticInstallAPI
[ 14%] Built target ClangDiagnosticInstallAPIEnums
[ 14%] Built target ClangDiagnosticFrontendInterface
[ 14%] Built target ClangDiagnosticInstallAPICompatIDs
[ 14%] Built target ClangDiagnosticInstallAPIInterface
[ 14%] Built target ClangDiagnosticLexEnums
[ 14%] Built target ClangDiagnosticLex
[ 14%] Built target ClangDiagnosticLexCompatIDs
[ 14%] Built target ClangDiagnosticParse
[ 14%] Built target ClangDiagnosticLexInterface
[ 14%] Built target ClangDiagnosticParseEnums
[ 14%] Built target ClangDiagnosticParseCompatIDs
[ 14%] Built target ClangDiagnosticParseInterface
[ 14%] Built target ClangDiagnosticRefactoring
[ 14%] Built target ClangDiagnosticRefactoringEnums
[ 14%] Built target ClangDiagnosticRefactoringInterface
[ 14%] Built target ClangDiagnosticSema
[ 14%] Built target ClangDiagnosticRefactoringCompatIDs
[ 14%] Built target ClangDiagnosticSemaEnums
[ 14%] Built target ClangDiagnosticSemaCompatIDs
[ 14%] Built target ClangDiagnosticSemaInterface
[ 14%] Built target ClangDiagnosticSerialization
[ 14%] Built target ClangDiagnosticSerializationEnums
[ 14%] Built target ClangDiagnosticSerializationCompatIDs
[ 14%] Built target ClangDiagnosticSerializationInterface
[ 14%] Built target ClangDiagnosticTrap
[ 14%] Built target ClangDiagnosticTrapEnums
[ 14%] Built target ClangDiagnosticTrapCompatIDs
[ 14%] Built target ClangDiagnosticTrapInterface
[ 14%] Built target ClangDiagnosticGroups
[ 14%] Built target ClangDiagnosticIndexName
[ 14%] Built target ClangAttrList
[ 14%] Built target ClangDiagnosticAllCompatIDs
[ 14%] Built target ClangAttrSubjectMatchRuleList
[ 14%] Built target ClangAttrParsedAttrList
[ 14%] Built target ClangRegularKeywordAttrInfo
[ 14%] Built target CXX11AttributeInfo
[ 14%] Built target ClangAttrHasAttributeImpl
[ 14%] Built target AttributeSpellingList
[ 14%] Built target ClangBuiltinsBPF
[ 14%] Built target ClangBuiltins
[ 14%] Built target ClangBuiltinsDirectX
[ 14%] Built target ClangBuiltinsHexagon
[ 14%] Built target ClangBuiltinsRISCV
[ 14%] Built target ClangBuiltinsNVPTX
[ 14%] Built target ClangBuiltinsSPIRVVK
[ 14%] Built target ClangBuiltinsSPIRVCommon
[ 14%] Built target ClangBuiltinsSPIRVCL
[ 14%] Built target ClangBuiltinsX86
[ 14%] Built target ClangBuiltinsX86_64
[ 14%] Built target ClangBuiltinTemplates
[ 14%] Built target ClangARMNeon
[ 14%] Built target ClangARMImmChecks
[ 14%] Built target ClangARMMveBuiltinsDef
[ 14%] Built target ClangARMFP16
[ 14%] Built target ClangARMMveBuiltinCG
[ 14%] Built target ClangARMMveBuiltinSema
[ 14%] Built target ClangARMMveBuiltinAliases
[ 14%] Built target ClangARMSveBuiltins
[ 14%] Built target ClangARMSveBuiltinCG
[ 14%] Built target ClangARMSveBuiltinsJSON
[ 14%] Built target ClangARMSveTypeFlags
[ 14%] Built target ClangARMSveSemaRangeChecks
[ 14%] Built target ClangARMSveStreamingAttrs
[ 14%] Built target ClangARMSmeBuiltins
[ 14%] Built target ClangARMSmeBuiltinsJSON
[ 14%] Built target ClangARMSmeSemaRangeChecks
[ 14%] Built target ClangARMSmeStreamingAttrs
[ 14%] Built target ClangARMSmeBuiltinCG
[ 14%] Built target ClangARMSmeBuiltinsZAState
[ 14%] Built target ClangARMCdeBuiltinSema
[ 14%] Built target ClangARMCdeBuiltinsDef
[ 14%] Built target ClangRISCVVectorBuiltinCG
[ 14%] Built target ClangARMCdeBuiltinAliases
[ 14%] Built target ClangARMCdeBuiltinCG
[ 14%] Built target ClangRISCVVectorBuiltinSema
[ 14%] Built target ClangRISCVVectorBuiltins
[ 14%] Built target ClangRISCVSiFiveVectorBuiltins
[ 14%] Built target ClangRISCVSiFiveVectorBuiltinCG
[ 14%] Built target ClangRISCVAndesVectorBuiltinCG
[ 14%] Built target ClangRISCVSiFiveVectorBuiltinSema
[ 14%] Built target ClangRISCVAndesVectorBuiltins
[ 14%] Built target ClangAttrParserStringSwitches
[ 14%] Built target ClangRISCVAndesVectorBuiltinSema
[ 14%] Built target ClangAttrTemplateInstantiate
[ 14%] Built target ClangAttrSubMatchRulesParserStringSwitches
[ 14%] Built target ClangAttrIsTypeDependent
[ 14%] Built target ClangAttrParsedAttrKinds
[ 14%] Built target ClangAttrSpellingListIndex
[ 14%] Built target ClangAttrPCHRead
[ 14%] Built target ClangAttrParsedAttrImpl
[ 14%] Built target ClangSACheckers
[ 14%] Built target ClangAttrPCHWrite
[ 14%] Built target ClangSyntaxNodeList
[ 14%] Built target Remarks
[ 14%] Built target llvm-opt-report
[ 14%] Built target LLVMTableGenCommon
[ 14%] Built target LLVMFuzzerCLI
[ 14%] Building CXX object tools/llvm-config/CMakeFiles/llvm-config.dir/llvm-config.cpp.o
[ 14%] Built target LLVMWindowsDriver
[ 15%] Built target llvm-remarkutil
[ 17%] Built target obj.Polly
[ 17%] Built target llvm-itanium-demangle-fuzzer
[ 17%] Built target llvm-microsoft-demangle-fuzzer
[ 17%] Built target llvm-dlang-demangle-fuzzer
[ 17%] Built target LLVMBinaryFormat
[ 17%] Built target llvm-rust-demangle-fuzzer
[ 17%] Built target llvm-special-case-list-fuzzer
[ 17%] Built target llvm-yaml-numeric-parser-fuzzer
[ 17%] Built target llvm-yaml-parser-fuzzer
[ 21%] Built target clang-resource-headers
[ 21%] Built target LLVMPolly
[ 21%] Built target LLVMDebugInfoDWARFLowLevel
[ 23%] Built target LLVMTextAPI
[ 23%] Built target llvm-tblgen
[ 23%] Built target JITLinkTableGen
[ 25%] Built target BPFCommonTableGen
[ 25%] Built target AVRCommonTableGen
[ 25%] Built target ARMCommonTableGen
[ 25%] Built target LanaiCommonTableGen
[ 26%] Built target LoongArchCommonTableGen
[ 26%] Built target NVPTXCommonTableGen
[ 26%] Built target SPIRVCommonTableGen
[ 26%] Built target SparcCommonTableGen
[ 26%] Built target MSP430CommonTableGen
[ 26%] Built target DllOptionsTableGen
[ 26%] Built target XCoreCommonTableGen
[ 28%] Built target WebAssemblyCommonTableGen
[ 28%] Built target VECommonTableGen
[ 28%] Built target AArch64CommonTableGen
[ 28%] Built target LibOptionsTableGen
[ 28%] Built target SystemZCommonTableGen
[ 28%] Built target LLVMCASToolTableGen
[ 28%] Built target DsymutilTableGen
[ 28%] Built target ClangDriverOptions
[ 28%] Built target RISCVCommonTableGen
[ 28%] Built target HexagonCommonTableGen
[ 28%] Built target PowerPCCommonTableGen
[ 28%] Built target CGDataOptsTableGen
[ 28%] Built target CxxfiltOptsTableGen
[ 28%] Built target CvtResTableGen
[ 28%] Built target DebugInfodOptsTableGen
[ 28%] Built target MipsCommonTableGen
[ 28%] Built target DwarfutilTableGen
[ 28%] Built target DebugInfodFindOptsTableGen
[ 28%] Built target DwpOptsTableGen
[ 28%] Built target AMDGPUCommonTableGen
[ 28%] Built target LipoOptsTableGen
[ 28%] Built target IFSOptsTableGen
[ 28%] Built target GSYMUtilOptsTableGen
[ 28%] Built target MLTableGen
[ 28%] Built target LibtoolDarwinOptsTableGen
[ 28%] Built target X86CommonTableGen
[ 28%] Built target MtTableGen
[ 28%] Built target NmOptsTableGen
[ 28%] Built target ObjcopyOptsTableGen
[ 28%] Built target ObjdumpOptsTableGen
[ 28%] Built target ReadobjOptsTableGen
[ 28%] Built target RcOptsTableGen
[ 28%] Built target ReadTAPIOptsTableGen
[ 28%] Built target SizeOptsTableGen
[ 28%] Built target StringsOptsTableGen
[ 28%] Built target SymbolizerOptsTableGen
[ 28%] Built target TLICheckerOptsTableGen
[ 28%] Built target SancovOptsTableGen
[ 28%] Built target clang-tablegen-targets
[ 28%] Built target LLVMARMUtils
[ 28%] Built target LLVMAArch64Utils
[ 28%] Built target llvm-cas
[ 28%] Built target llvm-cxxfilt
[ 28%] Built target InstallNameToolOptsTableGen
[ 28%] Built target OtoolOptsTableGen
[ 28%] Built target WindresOptsTableGen
[ 28%] Built target Opcodes
[ 28%] Built target ClangAttrDocTable
[ 28%] Built target ClangOpenCLBuiltinsImpl
[ 28%] Built target llvm-mt
[ 28%] Built target NVLinkWrapperOpts
[ 28%] Built target LinkerWrapperOpts
[ 28%] Built target SYCLLinkerOpts
[ 28%] Built target BitcodeStripOptsTableGen
[ 28%] Built target ScanDepsOptsTableGen
[ 28%] Built target InstallAPIDriverOptions
[ 28%] Built target obj.clangOptions
[ 28%] Built target obj.clangIndexSerialization
[ 28%] Built target obj.clangDirectoryWatcher
[ 28%] Built target obj.clangToolingInclusions
[ 28%] Built target obj.clangToolingCore
[ 28%] Built target obj.clangAPINotes
[ 28%] Built target obj.clangRewrite
[ 28%] Built target StripOptsTableGen
[ 28%] Built target obj.clangAnalysisScalable
[ 28%] Built target obj.clangToolingInclusionsStdlib
[ 28%] Built target obj.clangEdit
[ 28%] Built target obj.clangToolingASTDiff
[ 28%] Built target obj.clangASTMatchers
[ 28%] Built target obj.clangHandleLLVM
[ 28%] Built target obj.clangDynamicASTMatchers
[ 28%] Built target obj.clangAnalysisFlowSensitiveModels
[ 29%] Built target obj.clangCrossTU
[ 31%] Built target obj.clangHandleCXX
[ 31%] Built target obj.clangFrontendTool
[ 31%] Built target obj.clangToolingSyntax
[ 31%] Built target obj.clangAnalysisLifetimeSafety
[ 31%] Built target obj.clangTransformer
[ 31%] Built target clangDirectoryWatcher
[ 31%] Built target obj.clangInstallAPI
[ 31%] Built target obj.clangExtractAPI
[ 31%] Built target obj.clangIndex
[ 31%] Built target obj.clangRewriteFrontend
[ 31%] Built target obj.clangStaticAnalyzerFrontend
[ 32%] Built target obj.clangDependencyScanning
[ 34%] Built target obj.clangInterpreter
[ 34%] Built target obj.clangToolingRefactoring
[ 34%] Built target obj.clangSerialization
[ 34%] Built target obj.clangParse
[ 35%] Built target LLVMMC
[ 35%] Built target obj.clangFormat
[ 37%] Built target LLVMCore
[ 37%] Built target obj.clangTooling
[ 37%] Built target obj.clangAnalysisFlowSensitive
[ 39%] Built target obj.clangLex
[ 39%] Built target LLVMAArch64Info
[ 39%] Built target LLVMAMDGPUInfo
[ 39%] Built target LLVMLanaiInfo
[ 39%] Built target LLVMMSP430Info
[ 39%] Built target LLVMARMInfo
[ 39%] Built target LLVMAVRInfo
[ 39%] Built target LLVMHexagonInfo
[ 39%] Built target LLVMBPFInfo
[ 39%] Built target LLVMMipsInfo
[ 39%] Built target LLVMRISCVInfo
[ 39%] Built target LLVMPowerPCInfo
[ 39%] Built target LLVMLoongArchInfo
[ 39%] Built target LLVMSparcInfo
[ 39%] Built target LLVMNVPTXInfo
[ 39%] Built target LLVMSPIRVInfo
[ 39%] Built target LLVMSystemZInfo
[ 39%] Built target LLVMVEInfo
[ 39%] Built target LLVMWebAssemblyInfo
[ 39%] Built target LLVMX86Info
[ 39%] Built target LLVMXCoreInfo
[ 39%] Built target LLVMDWARFCFIChecker
[ 39%] Built target LLVMMCDisassembler
[ 39%] Built target LLVMCFGuard
[ 39%] Built target llvm-stress
[ 39%] Built target obj.clangAnalysis
[ 39%] Built target LLVMDiff
[ 39%] Built target LLVMAsmParser
[ 39%] Built target LLVMBitReader
[ 39%] Built target LLVMFrontendHLSL
[ 39%] Built target obj.clangFrontend
[ 40%] Built target LLVMMCParser
[ 40%] Built target LLVMX86Disassembler
[ 40%] Built target LLVMAVRDisassembler
[ 40%] Built target LLVMPowerPCDisassembler
[ 40%] Built target LLVMMipsDisassembler
[ 40%] Built target LLVMXCoreDisassembler
[ 40%] Built target LLVMBPFDisassembler
[ 40%] Built target LLVMSparcDisassembler
[ 40%] Built target LLVMVEDisassembler
[ 40%] Built target LLVMMSP430Disassembler
[ 40%] Built target LLVMXCoreDesc
[ 40%] Built target LLVMMSP430Desc
[ 40%] Built target LLVMBPFDesc
[ 40%] Built target LLVMNVPTXDesc
[ 40%] Built target LLVMIRReader
[ 40%] Built target llvm-bcanalyzer
[ 40%] Built target LLVMVEDesc
[ 40%] Built target LLVMSPIRVDesc
[ 40%] Built target LLVMMCA
[ 40%] Built target LLVMLanaiDesc
[ 40%] Built target LLVMSparcDesc
[ 40%] Built target llvm-dis
[ 40%] Built target LLVMWebAssemblyDesc
[ 40%] Built target LLVMAVRDesc
[ 40%] Built target LLVMLoongArchDesc
[ 40%] Built target LLVMPowerPCDesc
[ 40%] Built target LLVMAArch64Desc
[ 40%] Built target LLVMSystemZDesc
[ 40%] Built target LLVMRISCVDesc
[ 42%] Built target LLVMHexagonDesc
[ 42%] Built target LLVMMipsDesc
[ 42%] Built target LLVMX86Desc
[ 42%] Built target LLVMBPFAsmParser
[ 42%] Built target LLVMMSP430AsmParser
[ 42%] Built target llvm-diff
[ 42%] Built target obj.clangBasic
[ 42%] Built target LLVMVEAsmParser
[ 42%] Built target LLVMSparcAsmParser
[ 42%] Built target LLVMLoongArchDisassembler
[ 42%] Built target LLVMLanaiDisassembler
[ 42%] Built target LLVMWebAssemblyDisassembler
[ 42%] Built target LLVMAVRAsmParser
[ 42%] Built target LLVMWebAssemblyAsmParser
[ 42%] Built target LLVMLanaiAsmParser
[ 42%] Built target LLVMLoongArchAsmParser
[ 42%] Built target LLVMSystemZDisassembler
[ 42%] Built target LLVMSystemZAsmParser
[ 42%] Built target LLVMAArch64AsmParser
[ 42%] Built target LLVMPowerPCAsmParser
[ 42%] Built target LLVMAArch64Disassembler
[ 42%] Built target LLVMRISCVAsmParser
[ 42%] Built target LLVMRISCVDisassembler
[ 42%] Built target obj.clangStaticAnalyzerCore
[ 42%] Built target LLVMRISCVTargetMCA
[ 42%] Built target LLVMHexagonDisassembler
[ 42%] Built target LLVMHexagonAsmParser
[ 42%] Built target LLVMMipsAsmParser
[ 42%] Built target LLVMX86TargetMCA
[ 42%] Built target LLVMX86AsmParser
[ 42%] Built target obj.clangDriver
[ 43%] Built target LLVMObject
[ 43%] Built target LLVMDlltoolDriver
[ 43%] Built target LLVMLibDriver
[ 43%] Built target llvm-offload-binary
[ 43%] Built target llvm-cxxdump
[ 43%] Built target llvm-cvtres
[ 43%] Built target llvm-strings
[ 43%] Built target LLVMInterfaceStub
[ 43%] Built target llvm-size
[ 43%] Built target llvm-rc
[ 43%] Built target LLVMRuntimeDyld
[ 45%] Built target clang-offload-packager
[ 45%] Built target LLVMARMDesc
[ 45%] Built target LLVMXRay
[ 45%] Built target LLVMOrcTargetProcess
[ 45%] Built target llvm-windres
[ 46%] Built target obj.clangSema
[ 46%] Built target LLVMObjCopy
[ 46%] Built target LLVMARMDisassembler
[ 46%] Built target LLVMARMAsmParser
[ 46%] Built target LLVMDebugInfoDWARF
[ 46%] Built target LLVMObjectYAML
[ 46%] Built target llvm-objcopy
[ 46%] Built target LLVMTextAPIBinaryReader
[ 46%] Built target LLVMDWP
[ 48%] Built target obj.clangAST
[ 48%] Built target llvm-strip
[ 48%] Built target llvm-bitcode-strip
[ 48%] Built target llvm-install-name-tool
[ 48%] Built target llvm-readobj
[ 48%] Built target LLVMDebugInfoGSYM
[ 48%] Built target llvm-ifs
[ 48%] Built target llvm-readtapi
[ 48%] Built target llvm-readelf
[ 48%] Built target LLVMJITLink
[ 50%] Built target obj.clangCodeGen
[ 51%] Built target LLVMDebugInfoPDB
[ 54%] Built target obj.clangStaticAnalyzerCheckers
[ 54%] Built target LLVMSymbolize
[ 54%] Built target sanstats
[ 54%] Built target LLVMCFIVerify
[ 54%] Built target LLVMDebuginfod
[ 57%] Built target llvm-pdbutil
[ 57%] Built target LLVMDebugInfoLogicalView
[ 59%] Built target llvm-xray
[ 59%] Built target llvm-debuginfod
[ 59%] Built target llvm-debuginfod-find
[ 59%] Built target llvm-symbolizer
[ 59%] Built target LLVMProfileData
[ 59%] Built target llvm-addr2line
[ 59%] Built target llvm-ctxprof-util
[ 59%] Built target llvm-cxxmap
[ 59%] Built target llvm-profdata
[ 60%] Built target yaml2obj
[ 60%] Built target LLVMCoverage
[ 60%] Built target obj2yaml
[ 60%] Built target llvm-cov
[ 62%] Built target LLVMAnalysis
[ 62%] Built target LLVMFrontendAtomic
[ 62%] Built target LLVMIRPrinter
[ 62%] Built target llvm-sim
[ 62%] Built target llvm-tli-checker
[ 62%] Built target LLVMBitWriter
[ 62%] Built target LLVMTarget
[ 62%] Built target LLVMAMDGPUUtils
[ 62%] Built target LLVMSandboxIR
[ 62%] Built target llvm-as
[ 62%] Built target llvm-cat
[ 62%] Built target verify-uselistorder
[ 62%] Built target llvm-modextract
[ 62%] Built target LLVMExecutionEngine
[ 64%] Built target LLVMCGData
[ 65%] Built target LLVMAMDGPUDesc
[ 65%] Built target LLVMMCJIT
[ 65%] Built target llvm-jitlink-executor
[ 65%] Built target LLVMAMDGPUTargetMCA
[ 65%] Built target LLVMAMDGPUDisassembler
[ 65%] Built target LLVMAMDGPUAsmParser
[ 65%] Built target llvm-dwarfdump
[ 65%] Built target llvm-locstats
[ 65%] Built target llvm-ar
[ 65%] Built target llvm-rtdyld
[ 65%] Built target llvm-debuginfo-analyzer
[ 65%] Built target sancov
[ 65%] Built target llvm-cfi-verify
[ 65%] Built target llvm-mc
[ 65%] Built target llvm-nm
[ 65%] Built target llvm-ml
[ 65%] Built target llvm-ranlib
[ 65%] Built target llvm-dlltool
[ 65%] Built target llvm-lib
[ 65%] Built target llvm-objdump
[ 65%] Built target llvm-ml64
[ 65%] Built target llvm-mca
[ 65%] Built target llvm-otool
[ 67%] Built target LLVMTransformUtils
[ 67%] Built target LLVMHipStdPar
[ 67%] Built target LLVMSPIRVAnalysis
[ 67%] Built target LLVMLinker
[ 67%] Built target LLVMAggressiveInstCombine
[ 67%] Built target LLVMFrontendOffloading
[ 67%] Built target LLVMObjCARCOpts
[ 67%] Built target llvm-offload-wrapper
[ 68%] Built target LLVMInstCombine
[ 68%] Built target LLVMInstrumentation
[ 68%] Built target LLVMVectorize
[ 68%] Built target LLVMFrontendDriver
[ 70%] Built target LLVMScalarOpts
[ 70%] Built target LLVMFuzzMutate
[ 70%] Built target LLVMFrontendOpenMP
[ 70%] Built target clangBasic
[ 70%] Built target clangAPINotes
[ 70%] Built target clangLex
[ 70%] Built target clangOptions
[ 70%] Built target clangIndexSerialization
[ 70%] Built target clangRewrite
[ 70%] Built target offload-arch
[ 70%] Built target clangAST
[ 70%] Built target apinotes-test
[ 70%] Built target clangToolingCore
[ 70%] Built target clangASTMatchers
[ 70%] Built target clangEdit
[ 70%] Built target clangToolingInclusionsStdlib
[ 70%] Built target clangInstallAPI
[ 70%] Built target clangToolingASTDiff
[ 70%] Built target clangToolingInclusions
[ 70%] Built target clangAnalysis
[ 70%] Built target clangDynamicASTMatchers
[ 70%] Built target clangFormat
[ 70%] Built target clangAnalysisLifetimeSafety
[ 70%] Built target clangAnalysisFlowSensitive
[ 70%] Built target clangSema
[ 70%] Built target clangAnalysisFlowSensitiveModels
[ 70%] Built target clang-format
[ 70%] Built target clangParse
[ 70%] Built target clangSerialization
[ 71%] Built target LLVMipo
[ 71%] Built target clangFrontend
[ 71%] Built target llvm-link
[ 71%] Built target clangDriver
[ 71%] Built target clangIndex
[ 71%] Built target clangRewriteFrontend
[ 71%] Built target clangToolingSyntax
[ 71%] Built target clangDependencyScanning
[ 71%] Built target llvm-profgen
[ 71%] Built target LLVMCoroutines
[ 71%] Built target clang-offload-bundler
[ 71%] Built target clangCrossTU
[ 71%] Built target clangAnalysisScalable
[ 71%] Built target clangExtractAPI
[ 71%] Built target clangTooling
[ 71%] Built target clangToolingRefactoring
[ 73%] Built target diagtool
[ 73%] Built target clangStaticAnalyzerCore
[ 73%] Built target clangTransformer
[ 73%] Built target clang-diff
[ 73%] Built target clangStaticAnalyzerCheckers
[ 73%] Built target clang-refactor
[ 73%] Built target clang-installapi
[ 73%] Built target clangStaticAnalyzerFrontend
[ 73%] Built target SampleAnalyzerPlugin
[ 73%] Built target CheckerDependencyHandlingAnalyzerPlugin
[ 73%] Built target CheckerOptionHandlingAnalyzerPlugin
[ 73%] Linking CXX executable ../../bin/llvm-config
[ 73%] Built target llvm-config
[ 76%] Built target LLVMCodeGen
[ 76%] Built target LLVMWebAssemblyUtils
[ 76%] Built target LLVMDWARFLinker
[ 76%] Built target llvm-cgdata
[ 76%] Built target LLVMInterpreter
[ 76%] Built target LLVMMIRParser
[ 76%] Built target LLVMSelectionDAG
[ 78%] Built target LLVMAsmPrinter
[ 78%] Built target LLVMDWARFLinkerClassic
[ 78%] Built target LLVMMSP430CodeGen
[ 78%] Built target LLVMDWARFLinkerParallel
[ 78%] Built target LLVMSparcCodeGen
[ 81%] Built target LLVMLanaiCodeGen
[ 81%] Built target LLVMVECodeGen
[ 81%] Built target LLVMAVRCodeGen
[ 81%] Built target LLVMXCoreCodeGen
[ 81%] Built target LLVMLoongArchCodeGen
[ 82%] Built target LLVMGlobalISel
[ 84%] Built target LLVMSystemZCodeGen
[ 84%] Built target LLVMNVPTXCodeGen
[ 84%] Built target LLVMPasses
[ 85%] Built target LLVMWebAssemblyCodeGen
[ 85%] Built target Polly
[ 85%] Built target llvm-extract
[ 85%] Built target LLVMExtensions
[ 85%] Built target LLVMHexagonCodeGen
[ 87%] Built target LLVMSPIRVCodeGen
[ 89%] Built target LLVMPowerPCCodeGen
[ 89%] Built target LLVMLTO
[ 89%] Built target LLVMMipsCodeGen
[ 89%] Built target clangCodeGen
[ 89%] Built target LLVMBPFCodeGen
[ 89%] Built target clangFrontendTool
[ 89%] Built target LLVMARMCodeGen
[ 89%] Built target clang-import-test
[ 90%] Built target LLVMOrcJIT
[ 92%] Built target LLVMX86CodeGen
[ 92%] Built target clangHandleLLVM
[ 93%] Built target LLVMRISCVCodeGen
[ 93%] Built target lli-child-target
[ 93%] Built target LLVMOrcDebugging
[ 95%] Built target LLVMAArch64CodeGen
[ 95%] Built target clangInterpreter
[ 95%] Built target lli
[ 96%] Built target llvm-jitlink
[ 96%] Built target LLVMExegesis
[ 96%] Built target LLVMExegesisAArch64
[ 96%] Built target LLVMExegesisMips
[ 96%] Built target LLVMExegesisPowerPC
[ 96%] Built target LLVMExegesisX86
[ 96%] Built target LLVMExegesisRISCV
[ 96%] Built target llvm-exegesis
[ 98%] Built target LLVMAMDGPUCodeGen
[ 98%] Built target clangHandleCXX
[ 98%] Built target clang-fuzzer-dictionary
[ 98%] Built target llvm-lto
[ 98%] Built target clang-sycl-linker
[ 98%] Built target LTO
[ 98%] Built target clang-linker-wrapper
[ 98%] Built target clang-nvlink-wrapper
[ 98%] Built target llvm-dwp
[ 98%] Built target clang-repl
[ 98%] Built target llvm-libtool-darwin
[ 98%] Built target llvm-isel-fuzzer
[ 98%] Built target clang-check
[ 98%] Built target clang-extdef-mapping
[ 98%] Built target llvm-split
[ 98%] Built target llvm-ir2vec
[ 98%] Built target llvm-gsymutil
[ 98%] Built target llvm-lto2
[ 98%] Built target llvm-lipo
[ 98%] Built target llc
[ 98%] Built target llvm-opt-fuzzer
[ 98%] Built target clang-scan-deps
[ 98%] Built target llvm-dwarfutil
[ 98%] Built target clang-cpp
[ 98%] Built target LLVMOptDriver
[100%] Built target clang
[100%] Built target llvm-c-test
[100%] Built target bugpoint
[100%] Built target dsymutil
[100%] Built target opt
[100%] Built target BugpointPasses
[100%] Built target libclang
[100%] Built target c-index-test
[100%] Built target llvm-reduce
-- The C compiler identification is Clang 22.0.0
-- Detecting C compiler ABI info
-- Detecting C compiler ABI info - done
-- Check for working C compiler: /home/kleplj/translation/PolybenchC-Polly/llvm-project/build/bin/clang - skipped
-- Detecting C compile features
-- Detecting C compile features - done
-- Configuring done (0.4s)
-- Generating done (0.7s)
-- Build files have been written to: /home/kleplj/translation/PolybenchC-Polly/build
[  6%] Building C object CMakeFiles/covariance.dir/utilities/polybench.c.o
[  6%] Building C object CMakeFiles/covariance.dir/datamining/covariance/covariance.c.o
[  6%] Building C object CMakeFiles/correlation.dir/datamining/correlation/correlation.c.o
[ 12%] Building C object CMakeFiles/cholesky.dir/linear-algebra/solvers/cholesky/cholesky.c.o
[ 12%] Building C object CMakeFiles/trisolv.dir/utilities/polybench.c.o
[ 12%] Building C object CMakeFiles/correlation.dir/utilities/polybench.c.o
[ 12%] Building C object CMakeFiles/lu.dir/linear-algebra/solvers/lu/lu.c.o
[ 12%] Building C object CMakeFiles/cholesky.dir/utilities/polybench.c.o
[ 26%] Building C object CMakeFiles/gemm.dir/utilities/polybench.c.o
[ 26%] Building C object CMakeFiles/syrk.dir/linear-algebra/blas/syrk/syrk.c.o
[ 66%] Building C object CMakeFiles/ludcmp.dir/linear-algebra/solvers/ludcmp/ludcmp.c.o
[ 66%] Building C object CMakeFiles/gramschmidt.dir/utilities/polybench.c.o
[ 66%] Building C object CMakeFiles/symm.dir/linear-algebra/blas/symm/symm.c.o
[ 66%] Building C object CMakeFiles/gesummv.dir/utilities/polybench.c.o
[ 66%] Building C object CMakeFiles/gramschmidt.dir/linear-algebra/solvers/gramschmidt/gramschmidt.c.o
[ 66%] Building C object CMakeFiles/gemm.dir/linear-algebra/blas/gemm/gemm.c.o
[ 66%] Building C object CMakeFiles/fdtd-2d.dir/utilities/polybench.c.o
[ 66%] Building C object CMakeFiles/bicg.dir/linear-algebra/kernels/bicg/bicg.c.o
[ 66%] Building C object CMakeFiles/doitgen.dir/linear-algebra/kernels/doitgen/doitgen.c.o
[ 66%] Building C object CMakeFiles/bicg.dir/utilities/polybench.c.o
[ 66%] Building C object CMakeFiles/doitgen.dir/utilities/polybench.c.o
[ 66%] Building C object CMakeFiles/atax.dir/utilities/polybench.c.o
[ 66%] Building C object CMakeFiles/floyd-warshall.dir/medley/floyd-warshall/floyd-warshall.c.o
[ 66%] Building C object CMakeFiles/deriche.dir/medley/deriche/deriche.c.o
[ 66%] Building C object CMakeFiles/2mm.dir/linear-algebra/kernels/2mm/2mm.c.o
[ 66%] Building C object CMakeFiles/jacobi-2d.dir/utilities/polybench.c.o
[ 66%] Building C object CMakeFiles/nussinov.dir/utilities/polybench.c.o
[ 66%] Building C object CMakeFiles/jacobi-1d.dir/stencils/jacobi-1d/jacobi-1d.c.o
[ 66%] Building C object CMakeFiles/heat-3d.dir/stencils/heat-3d/heat-3d.c.o
[ 66%] Building C object CMakeFiles/jacobi-1d.dir/utilities/polybench.c.o
[ 66%] Building C object CMakeFiles/seidel-2d.dir/stencils/seidel-2d/seidel-2d.c.o
[ 66%] Building C object CMakeFiles/deriche.dir/utilities/polybench.c.o
[ 66%] Building C object CMakeFiles/trmm.dir/linear-algebra/blas/trmm/trmm.c.o
[ 66%] Building C object CMakeFiles/durbin.dir/linear-algebra/solvers/durbin/durbin.c.o
[ 66%] Building C object CMakeFiles/ludcmp.dir/utilities/polybench.c.o
[ 66%] Building C object CMakeFiles/mvt.dir/linear-algebra/kernels/mvt/mvt.c.o
[ 66%] Building C object CMakeFiles/durbin.dir/utilities/polybench.c.o
[ 66%] Building C object CMakeFiles/mvt.dir/utilities/polybench.c.o
[ 66%] Building C object CMakeFiles/trmm.dir/utilities/polybench.c.o
[ 66%] Building C object CMakeFiles/nussinov.dir/medley/nussinov/nussinov.c.o
[ 66%] Building C object CMakeFiles/lu.dir/utilities/polybench.c.o
[ 66%] Building C object CMakeFiles/heat-3d.dir/utilities/polybench.c.o
[ 66%] Building C object CMakeFiles/gemver.dir/utilities/polybench.c.o
[ 66%] Building C object CMakeFiles/trisolv.dir/linear-algebra/solvers/trisolv/trisolv.c.o
[ 66%] Building C object CMakeFiles/syr2k.dir/utilities/polybench.c.o
[ 66%] Building C object CMakeFiles/atax.dir/linear-algebra/kernels/atax/atax.c.o
[ 66%] Building C object CMakeFiles/3mm.dir/linear-algebra/kernels/3mm/3mm.c.o
[ 66%] Building C object CMakeFiles/3mm.dir/utilities/polybench.c.o
[ 66%] Building C object CMakeFiles/jacobi-2d.dir/stencils/jacobi-2d/jacobi-2d.c.o
[ 66%] Building C object CMakeFiles/adi.dir/stencils/adi/adi.c.o
[ 66%] Building C object CMakeFiles/fdtd-2d.dir/stencils/fdtd-2d/fdtd-2d.c.o
[ 66%] Building C object CMakeFiles/adi.dir/utilities/polybench.c.o
[ 66%] Building C object CMakeFiles/gemver.dir/linear-algebra/blas/gemver/gemver.c.o
[ 66%] Building C object CMakeFiles/symm.dir/utilities/polybench.c.o
[ 66%] Building C object CMakeFiles/floyd-warshall.dir/utilities/polybench.c.o
[ 66%] Building C object CMakeFiles/syr2k.dir/linear-algebra/blas/syr2k/syr2k.c.o
[ 66%] Building C object CMakeFiles/2mm.dir/utilities/polybench.c.o
[ 66%] Building C object CMakeFiles/seidel-2d.dir/utilities/polybench.c.o
[ 66%] Building C object CMakeFiles/syrk.dir/utilities/polybench.c.o
[ 66%] Building C object CMakeFiles/gesummv.dir/linear-algebra/blas/gesummv/gesummv.c.o
[ 67%] Linking C executable trisolv
[ 70%] Linking C executable durbin
[ 70%] Linking C executable jacobi-1d
[ 70%] Built target trisolv
[ 71%] Linking C executable atax
[ 72%] Linking C executable bicg
[ 73%] Linking C executable floyd-warshall
[ 73%] Built target durbin
[ 73%] Built target jacobi-1d
[ 74%] Linking C executable mvt
[ 75%] Linking C executable syrk
[ 75%] Built target atax
[ 75%] Built target bicg
[ 77%] Linking C executable gesummv
[ 77%] Linking C executable syr2k
[ 77%] Built target floyd-warshall
[ 77%] Built target mvt
[ 77%] Built target syrk
[ 78%] Linking C executable trmm
[ 78%] Built target syr2k
[ 78%] Built target gesummv
[ 78%] Built target trmm
[ 80%] Linking C executable gemver
[ 80%] Built target gemver
[ 81%] Linking C executable gemm
[ 82%] Linking C executable correlation
[ 82%] Built target gemm
[ 84%] Linking C executable cholesky
[ 84%] Linking C executable deriche
[ 84%] Built target correlation
[ 85%] Linking C executable seidel-2d
[ 85%] Built target deriche
[ 85%] Built target cholesky
[ 85%] Built target seidel-2d
[ 86%] Linking C executable fdtd-2d
[ 87%] Linking C executable gramschmidt
[ 87%] Built target fdtd-2d
[ 88%] Linking C executable nussinov
[ 90%] Linking C executable symm
[ 91%] Linking C executable 2mm
[ 91%] Built target gramschmidt
[ 91%] Built target nussinov
[ 92%] Linking C executable covariance
[ 92%] Built target symm
[ 92%] Built target 2mm
[ 93%] Linking C executable 3mm
[ 93%] Built target covariance
[ 93%] Built target 3mm
[ 94%] Linking C executable ludcmp
[ 94%] Built target ludcmp
[ 95%] Linking C executable adi
[ 96%] Linking C executable jacobi-2d
[ 96%] Built target adi
[ 97%] Linking C executable doitgen
[ 97%] Built target jacobi-2d
[ 97%] Built target doitgen
[ 98%] Linking C executable lu
[ 98%] Built target lu
[100%] Linking C executable heat-3d
[100%] Built target heat-3d
polly,2mm,,,illegal,1,SMALL
polly,3mm,,,illegal,1,SMALL
polly,adi,,,illegal,1,SMALL
polly,atax,,,illegal,1,SMALL
polly,bicg,,,illegal,1,SMALL
polly,cholesky,,,illegal,1,SMALL
polly,correlation,,,illegal,1,SMALL
polly,covariance,,,illegal,1,SMALL
polly,deriche,,,illegal,1,SMALL
polly,doitgen,,,illegal,1,SMALL
polly,durbin,,,illegal,1,SMALL
polly,fdtd-2d,,,illegal,1,SMALL
polly,floyd-warshall,,,illegal,1,SMALL
polly,gemm,,,illegal,1,SMALL
polly,gemver,,,illegal,1,SMALL
polly,gesummv,,,illegal,1,SMALL
polly,gramschmidt,,,illegal,1,SMALL
polly,heat-3d,,,illegal,1,SMALL
polly,jacobi-1d,,,illegal,1,SMALL
polly,jacobi-2d,,,illegal,1,SMALL
polly,lu,,,illegal,1,SMALL
polly,ludcmp,,,illegal,1,SMALL
polly,mvt,,,illegal,1,SMALL
polly,nussinov,,,illegal,1,SMALL
polly,seidel-2d,,,illegal,1,SMALL
polly,symm,,,illegal,1,SMALL
polly,syr2k,,,illegal,1,SMALL
polly,syrk,,,illegal,1,SMALL
polly,trisolv,,,illegal,1,SMALL
polly,trmm,,,illegal,1,SMALL
-- The CXX compiler identification is GNU 15.2.0
-- Detecting CXX compiler ABI info
-- Detecting CXX compiler ABI info - done
-- Check for working CXX compiler: /usr/local/latestgcc/bin/g++ - skipped
-- Detecting CXX compile features
-- Detecting CXX compile features - done
-- Found Python: /home/kleplj/translation/gpt-querying/.venv/bin/python3.9 (found suitable version "3.9.21", minimum required is "3") found components: Interpreter Development.Module
-- Halide 'host' platform triple:   x86-64-linux
-- Halide 'cmake' platform triple:  x86-64-linux
-- Halide default AOT target:       host
-- Found ZLIB: /usr/lib64/libz.so (found version "1.2.11")
-- Could NOT find PNG (missing: PNG_LIBRARY PNG_PNG_INCLUDE_DIR) 
-- Could NOT find JPEG (missing: JPEG_LIBRARY JPEG_INCLUDE_DIR) 
-- Configuring done (0.7s)
-- Generating done (0.7s)
-- Build files have been written to: /home/kleplj/translation/PolybenchC-Halide/build
[  5%] Building CXX object CMakeFiles/correlation.dir/datamining/correlation/correlation.cpp.o
[  6%] Building CXX object CMakeFiles/covariance.dir/datamining/covariance/covariance.cpp.o
[ 10%] Building CXX object CMakeFiles/gemm.dir/linear-algebra/blas/gemm/gemm.cpp.o
[ 10%] Building CXX object CMakeFiles/gemver.dir/linear-algebra/blas/gemver/gemver.cpp.o
[ 13%] Building CXX object CMakeFiles/gesummv.dir/linear-algebra/blas/gesummv/gesummv.cpp.o
[ 13%] Building CXX object CMakeFiles/symm.dir/linear-algebra/blas/symm/symm.cpp.o
[ 21%] Building CXX object CMakeFiles/syr2k.dir/linear-algebra/blas/syr2k/syr2k.cpp.o
[ 21%] Building CXX object CMakeFiles/trmm.dir/linear-algebra/blas/trmm/trmm.cpp.o
[ 21%] Building CXX object CMakeFiles/3mm.dir/linear-algebra/kernels/3mm/3mm.cpp.o
[ 21%] Building CXX object CMakeFiles/syrk.dir/linear-algebra/blas/syrk/syrk.cpp.o
[ 33%] Building CXX object CMakeFiles/lu.dir/linear-algebra/solvers/lu/lu.cpp.o
[ 50%] Building CXX object CMakeFiles/jacobi-2d.dir/stencils/jacobi-2d/jacobi-2d.cpp.o
[ 50%] Building CXX object CMakeFiles/cholesky.dir/linear-algebra/solvers/cholesky/cholesky.cpp.o
[ 50%] Building CXX object CMakeFiles/ludcmp.dir/linear-algebra/solvers/ludcmp/ludcmp.cpp.o
[ 50%] Building CXX object CMakeFiles/gramschmidt.dir/linear-algebra/solvers/gramschmidt/gramschmidt.cpp.o
[ 50%] Building CXX object CMakeFiles/doitgen.dir/linear-algebra/kernels/doitgen/doitgen.cpp.o
[ 50%] Building CXX object CMakeFiles/bicg.dir/linear-algebra/kernels/bicg/bicg.cpp.o
[ 50%] Building CXX object CMakeFiles/2mm.dir/linear-algebra/kernels/2mm/2mm.cpp.o
[ 50%] Building CXX object CMakeFiles/atax.dir/linear-algebra/kernels/atax/atax.cpp.o
[ 50%] Building CXX object CMakeFiles/nussinov.dir/medley/nussinov/nussinov.cpp.o
[ 50%] Building CXX object CMakeFiles/floyd-warshall.dir/medley/floyd-warshall/floyd-warshall.cpp.o
[ 50%] Building CXX object CMakeFiles/fdtd-2d.dir/stencils/fdtd-2d/fdtd-2d.cpp.o
[ 50%] Building CXX object CMakeFiles/deriche.dir/medley/deriche/deriche.cpp.o
[ 50%] Building CXX object CMakeFiles/trisolv.dir/linear-algebra/solvers/trisolv/trisolv.cpp.o
[ 50%] Building CXX object CMakeFiles/heat-3d.dir/stencils/heat-3d/heat-3d.cpp.o
[ 50%] Building CXX object CMakeFiles/jacobi-1d.dir/stencils/jacobi-1d/jacobi-1d.cpp.o
[ 50%] Building CXX object CMakeFiles/seidel-2d.dir/stencils/seidel-2d/seidel-2d.cpp.o
[ 50%] Building CXX object CMakeFiles/adi.dir/stencils/adi/adi.cpp.o
[ 50%] Building CXX object CMakeFiles/mvt.dir/linear-algebra/kernels/mvt/mvt.cpp.o
[ 50%] Building CXX object CMakeFiles/durbin.dir/linear-algebra/solvers/durbin/durbin.cpp.o
[ 51%] Linking CXX executable adi
[ 55%] Linking CXX executable trmm
[ 55%] Linking CXX executable floyd-warshall
[ 56%] Built target adi
[ 56%] Linking CXX executable cholesky
[ 58%] Linking CXX executable syrk
[ 58%] Built target floyd-warshall
[ 58%] Built target trmm
[ 58%] Built target cholesky
[ 60%] Linking CXX executable syr2k
[ 61%] Linking CXX executable symm
[ 63%] Built target syrk
[ 63%] Linking CXX executable seidel-2d
[ 65%] Linking CXX executable 2mm
[ 65%] Built target symm
[ 65%] Built target syr2k
[ 66%] Linking CXX executable bicg
[ 66%] Built target seidel-2d
[ 68%] Linking CXX executable jacobi-1d
[ 68%] Built target 2mm
[ 70%] Linking CXX executable correlation
[ 71%] Linking CXX executable gemm
[ 73%] Linking CXX executable lu
[ 73%] Built target bicg
[ 73%] Built target jacobi-1d
[ 75%] Linking CXX executable gesummv
[ 76%] Linking CXX executable atax
[ 76%] Built target correlation
[ 76%] Built target gemm
[ 76%] Built target lu
[ 78%] Linking CXX executable heat-3d
[ 80%] Linking CXX executable doitgen
[ 80%] Built target gesummv
[ 80%] Built target atax
[ 81%] Linking CXX executable ludcmp
[ 81%] Built target heat-3d
[ 83%] Linking CXX executable mvt
[ 83%] Built target doitgen
[ 85%] Linking CXX executable 3mm
[ 85%] Built target ludcmp
[ 85%] Built target mvt
[ 85%] Built target 3mm
[ 86%] Linking CXX executable nussinov
[ 88%] Linking CXX executable gemver
[ 88%] Built target nussinov
[ 88%] Built target gemver
[ 90%] Linking CXX executable fdtd-2d
[ 91%] Linking CXX executable gramschmidt
[ 91%] Built target fdtd-2d
[ 91%] Built target gramschmidt
[ 93%] Linking CXX executable deriche
[ 95%] Linking CXX executable trisolv
[ 95%] Built target deriche
[ 95%] Built target trisolv
halide,2mm,0.000437,1.005,valid,1,SMALL
halide,standard,2mm,1,0.000430,1,SMALL
halide,standard,2mm,2,0.000432,1,SMALL
halide,standard,2mm,3,0.000421,1,SMALL
halide,standard,2mm,4,0.000418,1,SMALL
halide,standard,2mm,5,0.000420,1,SMALL
halide,3mm,0.019877,0.041,valid,1,SMALL
halide,standard,3mm,1,0.019872,1,SMALL
halide,standard,3mm,2,0.019863,1,SMALL
halide,standard,3mm,3,0.019900,1,SMALL
halide,standard,3mm,4,0.019984,1,SMALL
halide,standard,3mm,5,0.019897,1,SMALL
halide,adi,0.003145,0.885,valid,1,SMALL
halide,standard,adi,1,0.003160,1,SMALL
halide,standard,adi,2,0.003146,1,SMALL
halide,standard,adi,3,0.003148,1,SMALL
halide,standard,adi,4,0.003144,1,SMALL
halide,standard,adi,5,0.003145,1,SMALL
halide,atax,0.000065,0.569,valid,1,SMALL
halide,standard,atax,1,0.000064,1,SMALL
halide,standard,atax,2,0.000077,1,SMALL
halide,standard,atax,3,0.000064,1,SMALL
halide,standard,atax,4,0.000065,1,SMALL
halide,standard,atax,5,0.000077,1,SMALL
halide,bicg,0.000080,0.662,valid,1,SMALL
halide,standard,bicg,1,0.000066,1,SMALL
halide,standard,bicg,2,0.000065,1,SMALL
halide,standard,bicg,3,0.000067,1,SMALL
halide,standard,bicg,4,0.000066,1,SMALL
halide,standard,bicg,5,0.000079,1,SMALL
halide,cholesky,0.000319,1.219,valid,1,SMALL
halide,standard,cholesky,1,0.000320,1,SMALL
halide,standard,cholesky,2,0.000320,1,SMALL
halide,standard,cholesky,3,0.000320,1,SMALL
halide,standard,cholesky,4,0.000320,1,SMALL
halide,standard,cholesky,5,0.000321,1,SMALL
halide,correlation,161.359777,0.000,valid,1,SMALL
halide,standard,correlation,1,161.198624,1,SMALL
halide,standard,correlation,2,161.289800,1,SMALL
halide,standard,correlation,3,161.222483,1,SMALL
halide,standard,correlation,4,161.135204,1,SMALL
halide,standard,correlation,5,161.173073,1,SMALL
halide,covariance,,,illegal,1,SMALL
halide,deriche,0.002076,0.403,valid,1,SMALL
halide,standard,deriche,1,0.002060,1,SMALL
halide,standard,deriche,2,0.002027,1,SMALL
halide,standard,deriche,3,0.002071,1,SMALL
halide,standard,deriche,4,0.002069,1,SMALL
halide,standard,deriche,5,0.002045,1,SMALL
halide,doitgen,0.000351,,invalid,1,SMALL
halide,durbin,,,illegal,1,SMALL
halide,fdtd-2d,0.001761,0.182,valid,1,SMALL
halide,standard,fdtd-2d,1,0.001764,1,SMALL
halide,standard,fdtd-2d,2,0.001757,1,SMALL
halide,standard,fdtd-2d,3,0.001763,1,SMALL
halide,standard,fdtd-2d,4,0.001747,1,SMALL
halide,standard,fdtd-2d,5,0.001760,1,SMALL
halide,floyd-warshall,0.004728,1.562,valid,1,SMALL
halide,standard,floyd-warshall,1,0.004726,1,SMALL
halide,standard,floyd-warshall,2,0.004723,1,SMALL
halide,standard,floyd-warshall,3,0.004716,1,SMALL
halide,standard,floyd-warshall,4,0.004726,1,SMALL
halide,standard,floyd-warshall,5,0.004758,1,SMALL
halide,gemm,0.000324,,invalid,1,SMALL
halide,gemver,0.002975,0.022,valid,1,SMALL
halide,standard,gemver,1,0.002977,1,SMALL
halide,standard,gemver,2,0.002981,1,SMALL
halide,standard,gemver,3,0.002974,1,SMALL
halide,standard,gemver,4,0.002984,1,SMALL
halide,standard,gemver,5,0.002980,1,SMALL
halide,gesummv,0.000051,0.608,valid,1,SMALL
halide,standard,gesummv,1,0.000053,1,SMALL
halide,standard,gesummv,2,0.000051,1,SMALL
halide,standard,gesummv,3,0.000050,1,SMALL
halide,standard,gesummv,4,0.000052,1,SMALL
halide,standard,gesummv,5,0.000053,1,SMALL
halide,gramschmidt,0.021160,,invalid,1,SMALL
halide,heat-3d,0.002231,0.228,valid,1,SMALL
halide,standard,heat-3d,1,0.002216,1,SMALL
halide,standard,heat-3d,2,0.002220,1,SMALL
halide,standard,heat-3d,3,0.002220,1,SMALL
halide,standard,heat-3d,4,0.002224,1,SMALL
halide,standard,heat-3d,5,0.002230,1,SMALL
halide,jacobi-1d,0.000071,,invalid,1,SMALL
halide,jacobi-2d,,,illegal,1,SMALL
halide,lu,0.014526,0.054,valid,1,SMALL
halide,standard,lu,1,0.013422,1,SMALL
halide,standard,lu,2,0.013434,1,SMALL
halide,standard,lu,3,0.013385,1,SMALL
halide,standard,lu,4,0.014081,1,SMALL
halide,standard,lu,5,0.013276,1,SMALL
halide,ludcmp,0.000619,,invalid,1,SMALL
halide,mvt,0.000072,0.611,valid,1,SMALL
halide,standard,mvt,1,0.000070,1,SMALL
halide,standard,mvt,2,0.000069,1,SMALL
halide,standard,mvt,3,0.000070,1,SMALL
halide,standard,mvt,4,0.000068,1,SMALL
halide,standard,mvt,5,0.000070,1,SMALL
halide,nussinov,,,illegal,1,SMALL
halide,seidel-2d,0.002153,3.445,valid,1,SMALL
halide,standard,seidel-2d,1,0.002131,1,SMALL
halide,standard,seidel-2d,2,0.002151,1,SMALL
halide,standard,seidel-2d,3,0.002124,1,SMALL
halide,standard,seidel-2d,4,0.002148,1,SMALL
halide,standard,seidel-2d,5,0.002154,1,SMALL
halide,symm,0.000428,0.638,valid,1,SMALL
halide,standard,symm,1,0.000440,1,SMALL
halide,standard,symm,2,0.000431,1,SMALL
halide,standard,symm,3,0.000428,1,SMALL
halide,standard,symm,4,0.000427,1,SMALL
halide,standard,symm,5,0.000427,1,SMALL
halide,syr2k,0.000253,,invalid,1,SMALL
halide,syrk,0.000221,0.462,valid,1,SMALL
halide,standard,syrk,1,0.000221,1,SMALL
halide,standard,syrk,2,0.000221,1,SMALL
halide,standard,syrk,3,0.000231,1,SMALL
halide,standard,syrk,4,0.000220,1,SMALL
halide,standard,syrk,5,0.000219,1,SMALL
halide,trisolv,0.000152,,invalid,1,SMALL
halide,trmm,0.000195,0.903,valid,1,SMALL
halide,standard,trmm,1,0.000197,1,SMALL
halide,standard,trmm,2,0.000195,1,SMALL
halide,standard,trmm,3,0.000208,1,SMALL
halide,standard,trmm,4,0.000197,1,SMALL
halide,standard,trmm,5,0.000196,1,SMALL
-- The CXX compiler identification is GNU 15.2.0
-- Detecting CXX compiler ABI info
-- Detecting CXX compiler ABI info - done
-- Check for working CXX compiler: /usr/local/latestgcc/bin/g++ - skipped
-- Detecting CXX compile features
-- Detecting CXX compile features - done
-- Found Python: /home/kleplj/translation/gpt-querying/.venv/bin/python3.9 (found suitable version "3.9.21", minimum required is "3") found components: Interpreter Development.Module
-- Halide 'host' platform triple:   x86-64-linux
-- Halide 'cmake' platform triple:  x86-64-linux
-- Halide default AOT target:       host
-- Found ZLIB: /usr/lib64/libz.so (found version "1.2.11")
-- Could NOT find PNG (missing: PNG_LIBRARY PNG_PNG_INCLUDE_DIR) 
-- Could NOT find JPEG (missing: JPEG_LIBRARY JPEG_INCLUDE_DIR) 
-- Configuring done (0.7s)
-- Generating done (0.7s)
-- Build files have been written to: /home/kleplj/translation/PolybenchC-Halide/build
[  3%] Building CXX object CMakeFiles/correlation.dir/datamining/correlation/correlation.cpp.o
[  6%] Building CXX object CMakeFiles/covariance.dir/datamining/covariance/covariance.cpp.o
[ 13%] Building CXX object CMakeFiles/gemm.dir/linear-algebra/blas/gemm/gemm.cpp.o
[ 13%] Building CXX object CMakeFiles/syrk.dir/linear-algebra/blas/syrk/syrk.cpp.o
[ 13%] Building CXX object CMakeFiles/gemver.dir/linear-algebra/blas/gemver/gemver.cpp.o
[ 13%] Building CXX object CMakeFiles/symm.dir/linear-algebra/blas/symm/symm.cpp.o
[ 25%] Building CXX object CMakeFiles/gesummv.dir/linear-algebra/blas/gesummv/gesummv.cpp.o
[ 25%] Building CXX object CMakeFiles/bicg.dir/linear-algebra/kernels/bicg/bicg.cpp.o
[ 25%] Building CXX object CMakeFiles/trmm.dir/linear-algebra/blas/trmm/trmm.cpp.o
[ 25%] Building CXX object CMakeFiles/3mm.dir/linear-algebra/kernels/3mm/3mm.cpp.o
[ 25%] Building CXX object CMakeFiles/syr2k.dir/linear-algebra/blas/syr2k/syr2k.cpp.o
[ 25%] Building CXX object CMakeFiles/2mm.dir/linear-algebra/kernels/2mm/2mm.cpp.o
[ 41%] Building CXX object CMakeFiles/trisolv.dir/linear-algebra/solvers/trisolv/trisolv.cpp.o
[ 50%] Building CXX object CMakeFiles/durbin.dir/linear-algebra/solvers/durbin/durbin.cpp.o
[ 50%] Building CXX object CMakeFiles/ludcmp.dir/linear-algebra/solvers/ludcmp/ludcmp.cpp.o
[ 50%] Building CXX object CMakeFiles/floyd-warshall.dir/medley/floyd-warshall/floyd-warshall.cpp.o
[ 50%] Building CXX object CMakeFiles/atax.dir/linear-algebra/kernels/atax/atax.cpp.o
[ 50%] Building CXX object CMakeFiles/heat-3d.dir/stencils/heat-3d/heat-3d.cpp.o
[ 50%] Building CXX object CMakeFiles/deriche.dir/medley/deriche/deriche.cpp.o
[ 50%] Building CXX object CMakeFiles/adi.dir/stencils/adi/adi.cpp.o
[ 50%] Building CXX object CMakeFiles/lu.dir/linear-algebra/solvers/lu/lu.cpp.o
[ 50%] Building CXX object CMakeFiles/doitgen.dir/linear-algebra/kernels/doitgen/doitgen.cpp.o
[ 50%] Building CXX object CMakeFiles/fdtd-2d.dir/stencils/fdtd-2d/fdtd-2d.cpp.o
[ 50%] Building CXX object CMakeFiles/cholesky.dir/linear-algebra/solvers/cholesky/cholesky.cpp.o
[ 50%] Building CXX object CMakeFiles/jacobi-1d.dir/stencils/jacobi-1d/jacobi-1d.cpp.o
[ 50%] Building CXX object CMakeFiles/nussinov.dir/medley/nussinov/nussinov.cpp.o
[ 50%] Building CXX object CMakeFiles/mvt.dir/linear-algebra/kernels/mvt/mvt.cpp.o
[ 50%] Building CXX object CMakeFiles/gramschmidt.dir/linear-algebra/solvers/gramschmidt/gramschmidt.cpp.o
[ 50%] Building CXX object CMakeFiles/jacobi-2d.dir/stencils/jacobi-2d/jacobi-2d.cpp.o
[ 50%] Building CXX object CMakeFiles/seidel-2d.dir/stencils/seidel-2d/seidel-2d.cpp.o
[ 51%] Linking CXX executable adi
[ 51%] Built target adi
[ 53%] Linking CXX executable floyd-warshall
[ 55%] Linking CXX executable covariance
[ 56%] Linking CXX executable syrk
[ 56%] Built target floyd-warshall
[ 58%] Linking CXX executable jacobi-1d
[ 60%] Linking CXX executable gemm
[ 61%] Linking CXX executable 3mm
[ 61%] Built target covariance
[ 61%] Built target syrk
[ 63%] Linking CXX executable symm
[ 65%] Linking CXX executable syr2k
[ 65%] Built target jacobi-1d
[ 66%] Linking CXX executable durbin
[ 68%] Linking CXX executable correlation
[ 68%] Built target gemm
[ 70%] Linking CXX executable 2mm
[ 70%] Built target 3mm
[ 70%] Built target symm
[ 71%] Linking CXX executable heat-3d
[ 71%] Built target syr2k
[ 71%] Built target durbin
[ 71%] Built target correlation
[ 71%] Built target 2mm
[ 71%] Built target heat-3d
[ 73%] Linking CXX executable cholesky
[ 75%] Linking CXX executable doitgen
[ 76%] Linking CXX executable gesummv
[ 76%] Built target cholesky
[ 78%] Linking CXX executable atax
[ 78%] Built target doitgen
[ 78%] Built target gesummv
[ 80%] Linking CXX executable bicg
[ 80%] Built target atax
[ 81%] Built target bicg
[ 81%] Linking CXX executable mvt
[ 83%] Linking CXX executable trisolv
[ 83%] Built target mvt
[ 83%] Built target trisolv
[ 85%] Linking CXX executable ludcmp
[ 85%] Built target ludcmp
halide,2mm,0.000283,1.551,valid,2,SMALL
halide,standard,2mm,1,0.000284,2,SMALL
halide,standard,2mm,2,0.000284,2,SMALL
halide,standard,2mm,3,0.000284,2,SMALL
halide,standard,2mm,4,0.000281,2,SMALL
halide,standard,2mm,5,0.000284,2,SMALL
halide,3mm,0.019869,0.040,valid,2,SMALL
halide,standard,3mm,1,0.019915,2,SMALL
halide,standard,3mm,2,0.019942,2,SMALL
halide,standard,3mm,3,0.019891,2,SMALL
halide,standard,3mm,4,0.019867,2,SMALL
halide,standard,3mm,5,0.019920,2,SMALL
halide,adi,0.003170,0.876,valid,2,SMALL
halide,standard,adi,1,0.003152,2,SMALL
halide,standard,adi,2,0.003145,2,SMALL
halide,standard,adi,3,0.003154,2,SMALL
halide,standard,adi,4,0.003148,2,SMALL
halide,standard,adi,5,0.003143,2,SMALL
halide,atax,0.000052,0.769,valid,2,SMALL
halide,standard,atax,1,0.000052,2,SMALL
halide,standard,atax,2,0.000052,2,SMALL
halide,standard,atax,3,0.000054,2,SMALL
halide,standard,atax,4,0.000052,2,SMALL
halide,standard,atax,5,0.000052,2,SMALL
halide,bicg,0.000050,1.080,valid,2,SMALL
halide,standard,bicg,1,0.000050,2,SMALL
halide,standard,bicg,2,0.000052,2,SMALL
halide,standard,bicg,3,0.000052,2,SMALL
halide,standard,bicg,4,0.000050,2,SMALL
halide,standard,bicg,5,0.000049,2,SMALL
halide,cholesky,0.006333,,invalid,2,SMALL
halide,correlation,156.238083,0.000,valid,2,SMALL
halide,standard,correlation,1,156.305421,2,SMALL
halide,standard,correlation,2,156.221631,2,SMALL
halide,standard,correlation,3,156.307063,2,SMALL
halide,standard,correlation,4,156.287673,2,SMALL
halide,standard,correlation,5,156.302037,2,SMALL
halide,covariance,0.001049,0.627,valid,2,SMALL
halide,standard,covariance,1,0.000936,2,SMALL
halide,standard,covariance,2,0.001047,2,SMALL
halide,standard,covariance,3,0.001051,2,SMALL
halide,standard,covariance,4,0.001045,2,SMALL
halide,standard,covariance,5,0.001049,2,SMALL
halide,deriche,,,illegal,2,SMALL
halide,doitgen,0.000556,,invalid,2,SMALL
halide,durbin,,,illegal,2,SMALL
halide,fdtd-2d,,,illegal,2,SMALL
halide,floyd-warshall,0.004584,1.615,valid,2,SMALL
halide,standard,floyd-warshall,1,0.004616,2,SMALL
halide,standard,floyd-warshall,2,0.004604,2,SMALL
halide,standard,floyd-warshall,3,0.004600,2,SMALL
halide,standard,floyd-warshall,4,0.004593,2,SMALL
halide,standard,floyd-warshall,5,0.004598,2,SMALL
halide,gemm,0.000323,0.328,valid,2,SMALL
halide,standard,gemm,1,0.000323,2,SMALL
halide,standard,gemm,2,0.000336,2,SMALL
halide,standard,gemm,3,0.000321,2,SMALL
halide,standard,gemm,4,0.000325,2,SMALL
halide,standard,gemm,5,0.000323,2,SMALL
halide,gemver,,,illegal,2,SMALL
halide,gesummv,0.000049,0.633,valid,2,SMALL
halide,standard,gesummv,1,0.000050,2,SMALL
halide,standard,gesummv,2,0.000050,2,SMALL
halide,standard,gesummv,3,0.000049,2,SMALL
halide,standard,gesummv,4,0.000049,2,SMALL
halide,standard,gesummv,5,0.000049,2,SMALL
halide,gramschmidt,,,illegal,2,SMALL
halide,heat-3d,0.001790,0.282,valid,2,SMALL
halide,standard,heat-3d,1,0.001792,2,SMALL
halide,standard,heat-3d,2,0.001789,2,SMALL
halide,standard,heat-3d,3,0.001767,2,SMALL
halide,standard,heat-3d,4,0.001769,2,SMALL
halide,standard,heat-3d,5,0.001618,2,SMALL
halide,jacobi-1d,0.000075,0.080,valid,2,SMALL
halide,standard,jacobi-1d,1,0.000077,2,SMALL
halide,standard,jacobi-1d,2,0.000079,2,SMALL
halide,standard,jacobi-1d,3,0.000064,2,SMALL
halide,standard,jacobi-1d,4,0.000066,2,SMALL
halide,standard,jacobi-1d,5,0.000077,2,SMALL
halide,jacobi-2d,,,illegal,2,SMALL
halide,lu,,,illegal,2,SMALL
halide,ludcmp,0.002227,,invalid,2,SMALL
halide,mvt,0.000067,0.642,valid,2,SMALL
halide,standard,mvt,1,0.000075,2,SMALL
halide,standard,mvt,2,0.000064,2,SMALL
halide,standard,mvt,3,0.000067,2,SMALL
halide,standard,mvt,4,0.000067,2,SMALL
halide,standard,mvt,5,0.000066,2,SMALL
halide,nussinov,,,illegal,2,SMALL
halide,seidel-2d,,,illegal,2,SMALL
halide,symm,0.000263,1.034,valid,2,SMALL
halide,standard,symm,1,0.000262,2,SMALL
halide,standard,symm,2,0.000263,2,SMALL
halide,standard,symm,3,0.000265,2,SMALL
halide,standard,symm,4,0.000274,2,SMALL
halide,standard,symm,5,0.000275,2,SMALL
halide,syr2k,0.000255,0.886,valid,2,SMALL
halide,standard,syr2k,1,0.000267,2,SMALL
halide,standard,syr2k,2,0.000257,2,SMALL
halide,standard,syr2k,3,0.000253,2,SMALL
halide,standard,syr2k,4,0.000254,2,SMALL
halide,standard,syr2k,5,0.000254,2,SMALL
halide,syrk,0.000220,0.459,valid,2,SMALL
halide,standard,syrk,1,0.000233,2,SMALL
halide,standard,syrk,2,0.000221,2,SMALL
halide,standard,syrk,3,0.000221,2,SMALL
halide,standard,syrk,4,0.000222,2,SMALL
halide,standard,syrk,5,0.000220,2,SMALL
halide,trisolv,0.000194,0.067,valid,2,SMALL
halide,standard,trisolv,1,0.000189,2,SMALL
halide,standard,trisolv,2,0.000203,2,SMALL
halide,standard,trisolv,3,0.000188,2,SMALL
halide,standard,trisolv,4,0.000200,2,SMALL
halide,standard,trisolv,5,0.000198,2,SMALL
halide,trmm,,,illegal,2,SMALL
-- The CXX compiler identification is GNU 15.2.0
-- Detecting CXX compiler ABI info
-- Detecting CXX compiler ABI info - done
-- Check for working CXX compiler: /usr/local/latestgcc/bin/g++ - skipped
-- Detecting CXX compile features
-- Detecting CXX compile features - done
-- Found Python: /home/kleplj/translation/gpt-querying/.venv/bin/python3.9 (found suitable version "3.9.21", minimum required is "3") found components: Interpreter Development.Module
-- Halide 'host' platform triple:   x86-64-linux
-- Halide 'cmake' platform triple:  x86-64-linux
-- Halide default AOT target:       host
-- Found ZLIB: /usr/lib64/libz.so (found version "1.2.11")
-- Could NOT find PNG (missing: PNG_LIBRARY PNG_PNG_INCLUDE_DIR) 
-- Could NOT find JPEG (missing: JPEG_LIBRARY JPEG_INCLUDE_DIR) 
-- Configuring done (0.8s)
-- Generating done (0.7s)
-- Build files have been written to: /home/kleplj/translation/PolybenchC-Halide/build
[  5%] Building CXX object CMakeFiles/covariance.dir/datamining/covariance/covariance.cpp.o
[  5%] Building CXX object CMakeFiles/correlation.dir/datamining/correlation/correlation.cpp.o
[ 10%] Building CXX object CMakeFiles/gemm.dir/linear-algebra/blas/gemm/gemm.cpp.o
[ 20%] Building CXX object CMakeFiles/trmm.dir/linear-algebra/blas/trmm/trmm.cpp.o
[ 20%] Building CXX object CMakeFiles/syr2k.dir/linear-algebra/blas/syr2k/syr2k.cpp.o
[ 20%] Building CXX object CMakeFiles/gemver.dir/linear-algebra/blas/gemver/gemver.cpp.o
[ 20%] Building CXX object CMakeFiles/gesummv.dir/linear-algebra/blas/gesummv/gesummv.cpp.o
[ 20%] Building CXX object CMakeFiles/symm.dir/linear-algebra/blas/symm/symm.cpp.o
[ 20%] Building CXX object CMakeFiles/syrk.dir/linear-algebra/blas/syrk/syrk.cpp.o
[ 38%] Building CXX object CMakeFiles/mvt.dir/linear-algebra/kernels/mvt/mvt.cpp.o
[ 38%] Building CXX object CMakeFiles/durbin.dir/linear-algebra/solvers/durbin/durbin.cpp.o
[ 50%] Building CXX object CMakeFiles/atax.dir/linear-algebra/kernels/atax/atax.cpp.o
[ 50%] Building CXX object CMakeFiles/doitgen.dir/linear-algebra/kernels/doitgen/doitgen.cpp.o
[ 50%] Building CXX object CMakeFiles/bicg.dir/linear-algebra/kernels/bicg/bicg.cpp.o
[ 50%] Building CXX object CMakeFiles/cholesky.dir/linear-algebra/solvers/cholesky/cholesky.cpp.o
[ 50%] Building CXX object CMakeFiles/3mm.dir/linear-algebra/kernels/3mm/3mm.cpp.o
[ 50%] Building CXX object CMakeFiles/2mm.dir/linear-algebra/kernels/2mm/2mm.cpp.o
[ 50%] Building CXX object CMakeFiles/trisolv.dir/linear-algebra/solvers/trisolv/trisolv.cpp.o
[ 50%] Building CXX object CMakeFiles/nussinov.dir/medley/nussinov/nussinov.cpp.o
[ 50%] Building CXX object CMakeFiles/lu.dir/linear-algebra/solvers/lu/lu.cpp.o
[ 50%] Building CXX object CMakeFiles/gramschmidt.dir/linear-algebra/solvers/gramschmidt/gramschmidt.cpp.o
[ 50%] Building CXX object CMakeFiles/ludcmp.dir/linear-algebra/solvers/ludcmp/ludcmp.cpp.o
[ 50%] Building CXX object CMakeFiles/adi.dir/stencils/adi/adi.cpp.o
[ 50%] Building CXX object CMakeFiles/heat-3d.dir/stencils/heat-3d/heat-3d.cpp.o
[ 50%] Building CXX object CMakeFiles/deriche.dir/medley/deriche/deriche.cpp.o
[ 50%] Building CXX object CMakeFiles/jacobi-1d.dir/stencils/jacobi-1d/jacobi-1d.cpp.o
[ 50%] Building CXX object CMakeFiles/fdtd-2d.dir/stencils/fdtd-2d/fdtd-2d.cpp.o
[ 50%] Building CXX object CMakeFiles/floyd-warshall.dir/medley/floyd-warshall/floyd-warshall.cpp.o
[ 50%] Building CXX object CMakeFiles/jacobi-2d.dir/stencils/jacobi-2d/jacobi-2d.cpp.o
[ 50%] Building CXX object CMakeFiles/seidel-2d.dir/stencils/seidel-2d/seidel-2d.cpp.o
[ 51%] Linking CXX executable adi
[ 51%] Built target adi
[ 53%] Linking CXX executable floyd-warshall
[ 55%] Linking CXX executable syrk
[ 56%] Linking CXX executable jacobi-2d
[ 58%] Built target syrk
[ 58%] Built target floyd-warshall
[ 58%] Linking CXX executable gemm
[ 60%] Linking CXX executable syr2k
[ 61%] Linking CXX executable seidel-2d
[ 61%] Built target jacobi-2d
[ 63%] Linking CXX executable heat-3d
[ 65%] Linking CXX executable correlation
[ 65%] Built target syr2k
[ 65%] Built target gemm
[ 65%] Built target seidel-2d
[ 66%] Linking CXX executable 3mm
[ 66%] Built target heat-3d
[ 66%] Built target correlation
[ 68%] Linking CXX executable cholesky
[ 70%] Linking CXX executable gesummv
[ 70%] Built target 3mm
[ 71%] Linking CXX executable symm
[ 73%] Linking CXX executable doitgen
[ 73%] Built target cholesky
[ 73%] Built target gesummv
[ 75%] Linking CXX executable mvt
[ 76%] Linking CXX executable atax
[ 76%] Built target symm
[ 78%] Linking CXX executable lu
[ 80%] Linking CXX executable nussinov
[ 80%] Built target doitgen
[ 81%] Linking CXX executable bicg
[ 83%] Linking CXX executable 2mm
[ 83%] Built target mvt
[ 83%] Built target atax
[ 83%] Built target nussinov
[ 83%] Built target lu
[ 85%] Linking CXX executable trisolv
[ 85%] Built target bicg
[ 85%] Built target 2mm
[ 86%] Linking CXX executable gramschmidt
[ 86%] Built target trisolv
[ 86%] Built target gramschmidt
[ 88%] Linking CXX executable fdtd-2d
[ 90%] Linking CXX executable ludcmp
[ 90%] Built target fdtd-2d
[ 90%] Built target ludcmp
halide,2mm,0.000371,1.181,valid,3,SMALL
halide,standard,2mm,1,0.000368,3,SMALL
halide,standard,2mm,2,0.000368,3,SMALL
halide,standard,2mm,3,0.000368,3,SMALL
halide,standard,2mm,4,0.000381,3,SMALL
halide,standard,2mm,5,0.000382,3,SMALL
halide,3mm,0.000470,1.711,valid,3,SMALL
halide,standard,3mm,1,0.000456,3,SMALL
halide,standard,3mm,2,0.000462,3,SMALL
halide,standard,3mm,3,0.000459,3,SMALL
halide,standard,3mm,4,0.000455,3,SMALL
halide,standard,3mm,5,0.000408,3,SMALL
halide,adi,0.003144,0.885,valid,3,SMALL
halide,standard,adi,1,0.003156,3,SMALL
halide,standard,adi,2,0.003150,3,SMALL
halide,standard,adi,3,0.003142,3,SMALL
halide,standard,adi,4,0.003158,3,SMALL
halide,standard,adi,5,0.003144,3,SMALL
halide,atax,0.000052,0.712,valid,3,SMALL
halide,standard,atax,1,0.000051,3,SMALL
halide,standard,atax,2,0.000051,3,SMALL
halide,standard,atax,3,0.000051,3,SMALL
halide,standard,atax,4,0.000064,3,SMALL
halide,standard,atax,5,0.000051,3,SMALL
halide,bicg,0.000069,0.783,valid,3,SMALL
halide,standard,bicg,1,0.000065,3,SMALL
halide,standard,bicg,2,0.000064,3,SMALL
halide,standard,bicg,3,0.000067,3,SMALL
halide,standard,bicg,4,0.000066,3,SMALL
halide,standard,bicg,5,0.000065,3,SMALL
halide,cholesky,0.108431,,invalid,3,SMALL
halide,correlation,161.296337,0.000,valid,3,SMALL
halide,standard,correlation,1,161.259388,3,SMALL
halide,standard,correlation,2,161.601502,3,SMALL
halide,standard,correlation,3,161.226612,3,SMALL
halide,standard,correlation,4,161.457540,3,SMALL
halide,standard,correlation,5,161.340532,3,SMALL
halide,covariance,,,illegal,3,SMALL
halide,deriche,,,illegal,3,SMALL
halide,doitgen,0.000497,1.280,valid,3,SMALL
halide,standard,doitgen,1,0.000496,3,SMALL
halide,standard,doitgen,2,0.000493,3,SMALL
halide,standard,doitgen,3,0.000503,3,SMALL
halide,standard,doitgen,4,0.000490,3,SMALL
halide,standard,doitgen,5,0.000485,3,SMALL
halide,durbin,,,illegal,3,SMALL
halide,fdtd-2d,0.001250,0.266,valid,3,SMALL
halide,standard,fdtd-2d,1,0.001249,3,SMALL
halide,standard,fdtd-2d,2,0.001254,3,SMALL
halide,standard,fdtd-2d,3,0.001253,3,SMALL
halide,standard,fdtd-2d,4,0.001253,3,SMALL
halide,standard,fdtd-2d,5,0.001249,3,SMALL
halide,floyd-warshall,0.004726,1.546,valid,3,SMALL
halide,standard,floyd-warshall,1,0.004725,3,SMALL
halide,standard,floyd-warshall,2,0.004728,3,SMALL
halide,standard,floyd-warshall,3,0.004727,3,SMALL
halide,standard,floyd-warshall,4,0.004722,3,SMALL
halide,standard,floyd-warshall,5,0.004723,3,SMALL
halide,gemm,0.000325,0.320,valid,3,SMALL
halide,standard,gemm,1,0.000325,3,SMALL
halide,standard,gemm,2,0.000322,3,SMALL
halide,standard,gemm,3,0.000324,3,SMALL
halide,standard,gemm,4,0.000322,3,SMALL
halide,standard,gemm,5,0.000324,3,SMALL
halide,gemver,,,illegal,3,SMALL
halide,gesummv,0.000048,0.646,valid,3,SMALL
halide,standard,gesummv,1,0.000049,3,SMALL
halide,standard,gesummv,2,0.000049,3,SMALL
halide,standard,gesummv,3,0.000061,3,SMALL
halide,standard,gesummv,4,0.000047,3,SMALL
halide,standard,gesummv,5,0.000048,3,SMALL
halide,gramschmidt,0.007508,,invalid,3,SMALL
halide,heat-3d,0.003964,0.127,valid,3,SMALL
halide,standard,heat-3d,1,0.003962,3,SMALL
halide,standard,heat-3d,2,0.003958,3,SMALL
halide,standard,heat-3d,3,0.003960,3,SMALL
halide,standard,heat-3d,4,0.003964,3,SMALL
halide,standard,heat-3d,5,0.003960,3,SMALL
halide,jacobi-1d,,,illegal,3,SMALL
halide,jacobi-2d,0.002348,0.220,valid,3,SMALL
halide,standard,jacobi-2d,1,0.002356,3,SMALL
halide,standard,jacobi-2d,2,0.002359,3,SMALL
halide,standard,jacobi-2d,3,0.002359,3,SMALL
halide,standard,jacobi-2d,4,0.002342,3,SMALL
halide,standard,jacobi-2d,5,0.002350,3,SMALL
halide,lu,0.012421,,invalid,3,SMALL
halide,ludcmp,0.012544,0.058,valid,3,SMALL
halide,standard,ludcmp,1,0.012582,3,SMALL
halide,standard,ludcmp,2,0.012767,3,SMALL
halide,standard,ludcmp,3,0.012631,3,SMALL
halide,standard,ludcmp,4,0.013437,3,SMALL
halide,standard,ludcmp,5,0.012894,3,SMALL
halide,mvt,0.000079,0.544,valid,3,SMALL
halide,standard,mvt,1,0.000070,3,SMALL
halide,standard,mvt,2,0.000071,3,SMALL
halide,standard,mvt,3,0.000083,3,SMALL
halide,standard,mvt,4,0.000071,3,SMALL
halide,standard,mvt,5,0.000070,3,SMALL
halide,nussinov,0.018737,0.153,valid,3,SMALL
halide,standard,nussinov,1,0.018792,3,SMALL
halide,standard,nussinov,2,0.018779,3,SMALL
halide,standard,nussinov,3,0.018489,3,SMALL
halide,standard,nussinov,4,0.018491,3,SMALL
halide,standard,nussinov,5,0.019541,3,SMALL
halide,seidel-2d,0.028357,0.261,valid,3,SMALL
halide,standard,seidel-2d,1,0.025891,3,SMALL
halide,standard,seidel-2d,2,0.025359,3,SMALL
halide,standard,seidel-2d,3,0.025981,3,SMALL
halide,standard,seidel-2d,4,0.025961,3,SMALL
halide,standard,seidel-2d,5,0.028018,3,SMALL
halide,symm,0.000320,1.034,valid,3,SMALL
halide,standard,symm,1,0.000310,3,SMALL
halide,standard,symm,2,0.000320,3,SMALL
halide,standard,symm,3,0.000309,3,SMALL
halide,standard,symm,4,0.000310,3,SMALL
halide,standard,symm,5,0.000310,3,SMALL
halide,syr2k,0.000254,0.976,valid,3,SMALL
halide,standard,syr2k,1,0.000253,3,SMALL
halide,standard,syr2k,2,0.000252,3,SMALL
halide,standard,syr2k,3,0.000253,3,SMALL
halide,standard,syr2k,4,0.000266,3,SMALL
halide,standard,syr2k,5,0.000252,3,SMALL
halide,syrk,0.000221,0.548,valid,3,SMALL
halide,standard,syrk,1,0.000221,3,SMALL
halide,standard,syrk,2,0.000232,3,SMALL
halide,standard,syrk,3,0.000231,3,SMALL
halide,standard,syrk,4,0.000232,3,SMALL
halide,standard,syrk,5,0.000221,3,SMALL
halide,trisolv,0.000193,0.067,valid,3,SMALL
halide,standard,trisolv,1,0.000208,3,SMALL
halide,standard,trisolv,2,0.000191,3,SMALL
halide,standard,trisolv,3,0.000193,3,SMALL
halide,standard,trisolv,4,0.000186,3,SMALL
halide,standard,trisolv,5,0.000186,3,SMALL
halide,trmm,,,illegal,3,SMALL
-- The CXX compiler identification is GNU 15.2.0
-- Detecting CXX compiler ABI info
-- Detecting CXX compiler ABI info - done
-- Check for working CXX compiler: /usr/local/latestgcc/bin/g++ - skipped
-- Detecting CXX compile features
-- Detecting CXX compile features - done
-- Found Python: /home/kleplj/translation/gpt-querying/.venv/bin/python3.9 (found suitable version "3.9.21", minimum required is "3") found components: Interpreter Development.Module
-- Halide 'host' platform triple:   x86-64-linux
-- Halide 'cmake' platform triple:  x86-64-linux
-- Halide default AOT target:       host
-- Found ZLIB: /usr/lib64/libz.so (found version "1.2.11")
-- Could NOT find PNG (missing: PNG_LIBRARY PNG_PNG_INCLUDE_DIR) 
-- Could NOT find JPEG (missing: JPEG_LIBRARY JPEG_INCLUDE_DIR) 
-- Configuring done (0.8s)
-- Generating done (0.7s)
-- Build files have been written to: /home/kleplj/translation/PolybenchC-Halide/build
[ 11%] Building CXX object CMakeFiles/correlation.dir/datamining/correlation/correlation.cpp.o
[ 11%] Building CXX object CMakeFiles/gemm.dir/linear-algebra/blas/gemm/gemm.cpp.o
[ 11%] Building CXX object CMakeFiles/gemver.dir/linear-algebra/blas/gemver/gemver.cpp.o
[ 11%] Building CXX object CMakeFiles/covariance.dir/datamining/covariance/covariance.cpp.o
[ 20%] Building CXX object CMakeFiles/gesummv.dir/linear-algebra/blas/gesummv/gesummv.cpp.o
[ 20%] Building CXX object CMakeFiles/syrk.dir/linear-algebra/blas/syrk/syrk.cpp.o
[ 20%] Building CXX object CMakeFiles/syr2k.dir/linear-algebra/blas/syr2k/syr2k.cpp.o
[ 20%] Building CXX object CMakeFiles/trmm.dir/linear-algebra/blas/trmm/trmm.cpp.o
[ 20%] Building CXX object CMakeFiles/3mm.dir/linear-algebra/kernels/3mm/3mm.cpp.o
[ 20%] Building CXX object CMakeFiles/symm.dir/linear-algebra/blas/symm/symm.cpp.o
[ 35%] Building CXX object CMakeFiles/gramschmidt.dir/linear-algebra/solvers/gramschmidt/gramschmidt.cpp.o
[ 50%] Building CXX object CMakeFiles/deriche.dir/medley/deriche/deriche.cpp.o
[ 50%] Building CXX object CMakeFiles/jacobi-1d.dir/stencils/jacobi-1d/jacobi-1d.cpp.o
[ 50%] Building CXX object CMakeFiles/atax.dir/linear-algebra/kernels/atax/atax.cpp.o
[ 50%] Building CXX object CMakeFiles/cholesky.dir/linear-algebra/solvers/cholesky/cholesky.cpp.o
[ 50%] Building CXX object CMakeFiles/doitgen.dir/linear-algebra/kernels/doitgen/doitgen.cpp.o
[ 50%] Building CXX object CMakeFiles/mvt.dir/linear-algebra/kernels/mvt/mvt.cpp.o
[ 50%] Building CXX object CMakeFiles/2mm.dir/linear-algebra/kernels/2mm/2mm.cpp.o
[ 50%] Building CXX object CMakeFiles/durbin.dir/linear-algebra/solvers/durbin/durbin.cpp.o
[ 50%] Building CXX object CMakeFiles/trisolv.dir/linear-algebra/solvers/trisolv/trisolv.cpp.o
[ 50%] Building CXX object CMakeFiles/adi.dir/stencils/adi/adi.cpp.o
[ 50%] Building CXX object CMakeFiles/heat-3d.dir/stencils/heat-3d/heat-3d.cpp.o
[ 50%] Building CXX object CMakeFiles/nussinov.dir/medley/nussinov/nussinov.cpp.o
[ 50%] Building CXX object CMakeFiles/ludcmp.dir/linear-algebra/solvers/ludcmp/ludcmp.cpp.o
[ 50%] Building CXX object CMakeFiles/bicg.dir/linear-algebra/kernels/bicg/bicg.cpp.o
[ 50%] Building CXX object CMakeFiles/fdtd-2d.dir/stencils/fdtd-2d/fdtd-2d.cpp.o
[ 50%] Building CXX object CMakeFiles/lu.dir/linear-algebra/solvers/lu/lu.cpp.o
[ 50%] Building CXX object CMakeFiles/floyd-warshall.dir/medley/floyd-warshall/floyd-warshall.cpp.o
[ 50%] Building CXX object CMakeFiles/jacobi-2d.dir/stencils/jacobi-2d/jacobi-2d.cpp.o
[ 50%] Building CXX object CMakeFiles/seidel-2d.dir/stencils/seidel-2d/seidel-2d.cpp.o
[ 51%] Linking CXX executable adi
[ 51%] Built target adi
[ 53%] Linking CXX executable floyd-warshall
[ 55%] Linking CXX executable cholesky
[ 56%] Linking CXX executable covariance
[ 56%] Built target floyd-warshall
[ 58%] Linking CXX executable syrk
[ 58%] Built target cholesky
[ 58%] Built target covariance
[ 60%] Linking CXX executable syr2k
[ 61%] Linking CXX executable gemm
[ 63%] Linking CXX executable symm
[ 65%] Linking CXX executable trmm
[ 65%] Built target syrk
[ 66%] Linking CXX executable jacobi-2d
[ 66%] Built target syr2k
[ 66%] Built target gemm
[ 68%] Linking CXX executable correlation
[ 70%] Linking CXX executable 2mm
[ 70%] Built target symm
[ 70%] Built target trmm
[ 71%] Linking CXX executable 3mm
[ 71%] Built target jacobi-2d
[ 71%] Built target correlation
[ 71%] Built target 2mm
[ 71%] Built target 3mm
[ 75%] Linking CXX executable heat-3d
[ 75%] Linking CXX executable durbin
[ 76%] Linking CXX executable gesummv
[ 78%] Linking CXX executable atax
[ 80%] Linking CXX executable bicg
[ 81%] Linking CXX executable doitgen
[ 83%] Linking CXX executable mvt
[ 83%] Built target durbin
[ 83%] Built target heat-3d
[ 83%] Built target gesummv
[ 83%] Built target atax
[ 83%] Built target bicg
[ 85%] Linking CXX executable trisolv
[ 85%] Built target doitgen
[ 85%] Built target mvt
[ 85%] Built target trisolv
[ 86%] Linking CXX executable nussinov
[ 86%] Built target nussinov
[ 88%] Linking CXX executable gemver
[ 88%] Built target gemver
[ 90%] Linking CXX executable gramschmidt
[ 91%] Linking CXX executable ludcmp
[ 91%] Built target gramschmidt
[ 91%] Built target ludcmp
[ 93%] Linking CXX executable fdtd-2d
[ 93%] Built target fdtd-2d
halide,2mm,0.012524,0.035,valid,4,SMALL
halide,standard,2mm,1,0.012526,4,SMALL
halide,standard,2mm,2,0.012517,4,SMALL
halide,standard,2mm,3,0.012517,4,SMALL
halide,standard,2mm,4,0.012525,4,SMALL
halide,standard,2mm,5,0.012524,4,SMALL
halide,3mm,0.000436,1.846,valid,4,SMALL
halide,standard,3mm,1,0.000434,4,SMALL
halide,standard,3mm,2,0.000436,4,SMALL
halide,standard,3mm,3,0.000446,4,SMALL
halide,standard,3mm,4,0.000436,4,SMALL
halide,standard,3mm,5,0.000448,4,SMALL
halide,adi,0.003148,,invalid,4,SMALL
halide,atax,0.000066,0.606,valid,4,SMALL
halide,standard,atax,1,0.000067,4,SMALL
halide,standard,atax,2,0.000066,4,SMALL
halide,standard,atax,3,0.000066,4,SMALL
halide,standard,atax,4,0.000065,4,SMALL
halide,standard,atax,5,0.000068,4,SMALL
halide,bicg,0.000069,0.783,valid,4,SMALL
halide,standard,bicg,1,0.000068,4,SMALL
halide,standard,bicg,2,0.000067,4,SMALL
halide,standard,bicg,3,0.000066,4,SMALL
halide,standard,bicg,4,0.000068,4,SMALL
halide,standard,bicg,5,0.000067,4,SMALL
halide,cholesky,0.000328,,invalid,4,SMALL
halide,correlation,0.000808,0.788,valid,4,SMALL
halide,standard,correlation,1,0.000805,4,SMALL
halide,standard,correlation,2,0.000798,4,SMALL
halide,standard,correlation,3,0.000797,4,SMALL
halide,standard,correlation,4,0.000807,4,SMALL
halide,standard,correlation,5,0.000796,4,SMALL
halide,covariance,1.584480,0.000,valid,4,SMALL
halide,standard,covariance,1,1.584901,4,SMALL
halide,standard,covariance,2,1.585303,4,SMALL
halide,standard,covariance,3,1.584974,4,SMALL
halide,standard,covariance,4,1.584086,4,SMALL
halide,standard,covariance,5,1.585276,4,SMALL
halide,deriche,,,illegal,4,SMALL
halide,doitgen,0.000422,1.528,valid,4,SMALL
halide,standard,doitgen,1,0.000421,4,SMALL
halide,standard,doitgen,2,0.000440,4,SMALL
halide,standard,doitgen,3,0.000418,4,SMALL
halide,standard,doitgen,4,0.000428,4,SMALL
halide,standard,doitgen,5,0.000502,4,SMALL
halide,durbin,0.000239,0.079,valid,4,SMALL
halide,standard,durbin,1,0.000224,4,SMALL
halide,standard,durbin,2,0.000224,4,SMALL
halide,standard,durbin,3,0.000228,4,SMALL
halide,standard,durbin,4,0.000236,4,SMALL
halide,standard,durbin,5,0.000228,4,SMALL
halide,fdtd-2d,0.001311,,invalid,4,SMALL
halide,floyd-warshall,0.004720,1.552,valid,4,SMALL
halide,standard,floyd-warshall,1,0.004725,4,SMALL
halide,standard,floyd-warshall,2,0.004716,4,SMALL
halide,standard,floyd-warshall,3,0.004719,4,SMALL
halide,standard,floyd-warshall,4,0.004720,4,SMALL
halide,standard,floyd-warshall,5,0.004716,4,SMALL
halide,gemm,0.000337,0.312,valid,4,SMALL
halide,standard,gemm,1,0.000324,4,SMALL
halide,standard,gemm,2,0.000335,4,SMALL
halide,standard,gemm,3,0.000335,4,SMALL
halide,standard,gemm,4,0.000322,4,SMALL
halide,standard,gemm,5,0.000324,4,SMALL
halide,gemver,0.000098,0.694,valid,4,SMALL
halide,standard,gemver,1,0.000105,4,SMALL
halide,standard,gemver,2,0.000095,4,SMALL
halide,standard,gemver,3,0.000096,4,SMALL
halide,standard,gemver,4,0.000099,4,SMALL
halide,standard,gemver,5,0.000096,4,SMALL
halide,gesummv,0.000051,0.627,valid,4,SMALL
halide,standard,gesummv,1,0.000051,4,SMALL
halide,standard,gesummv,2,0.000054,4,SMALL
halide,standard,gesummv,3,0.000049,4,SMALL
halide,standard,gesummv,4,0.000050,4,SMALL
halide,standard,gesummv,5,0.000050,4,SMALL
halide,gramschmidt,,,illegal,4,SMALL
halide,heat-3d,0.001237,0.416,valid,4,SMALL
halide,standard,heat-3d,1,0.001237,4,SMALL
halide,standard,heat-3d,2,0.001233,4,SMALL
halide,standard,heat-3d,3,0.001228,4,SMALL
halide,standard,heat-3d,4,0.001234,4,SMALL
halide,standard,heat-3d,5,0.001227,4,SMALL
halide,jacobi-1d,,,illegal,4,SMALL
halide,jacobi-2d,0.001116,0.477,valid,4,SMALL
halide,standard,jacobi-2d,1,0.001116,4,SMALL
halide,standard,jacobi-2d,2,0.001117,4,SMALL
halide,standard,jacobi-2d,3,0.001120,4,SMALL
halide,standard,jacobi-2d,4,0.001120,4,SMALL
halide,standard,jacobi-2d,5,0.001112,4,SMALL
halide,lu,,,illegal,4,SMALL
halide,ludcmp,0.013686,,invalid,4,SMALL
halide,mvt,0.000071,0.620,valid,4,SMALL
halide,standard,mvt,1,0.000070,4,SMALL
halide,standard,mvt,2,0.000070,4,SMALL
halide,standard,mvt,3,0.000071,4,SMALL
halide,standard,mvt,4,0.000074,4,SMALL
halide,standard,mvt,5,0.000081,4,SMALL
halide,nussinov,0.018417,0.156,valid,4,SMALL
halide,standard,nussinov,1,0.018607,4,SMALL
halide,standard,nussinov,2,0.018566,4,SMALL
halide,standard,nussinov,3,0.019157,4,SMALL
halide,standard,nussinov,4,0.019079,4,SMALL
halide,standard,nussinov,5,0.018132,4,SMALL
halide,seidel-2d,,,illegal,4,SMALL
halide,symm,0.000426,0.634,valid,4,SMALL
halide,standard,symm,1,0.000429,4,SMALL
halide,standard,symm,2,0.000428,4,SMALL
halide,standard,symm,3,0.000439,4,SMALL
halide,standard,symm,4,0.000438,4,SMALL
halide,standard,symm,5,0.000439,4,SMALL
halide,syr2k,0.000254,0.898,valid,4,SMALL
halide,standard,syr2k,1,0.000252,4,SMALL
halide,standard,syr2k,2,0.000266,4,SMALL
halide,standard,syr2k,3,0.000256,4,SMALL
halide,standard,syr2k,4,0.000252,4,SMALL
halide,standard,syr2k,5,0.000253,4,SMALL
halide,syrk,0.000221,0.457,valid,4,SMALL
halide,standard,syrk,1,0.000235,4,SMALL
halide,standard,syrk,2,0.000221,4,SMALL
halide,standard,syrk,3,0.000224,4,SMALL
halide,standard,syrk,4,0.000236,4,SMALL
halide,standard,syrk,5,0.000223,4,SMALL
halide,trisolv,0.000182,,invalid,4,SMALL
halide,trmm,0.000178,1.090,valid,4,SMALL
halide,standard,trmm,1,0.000176,4,SMALL
halide,standard,trmm,2,0.000177,4,SMALL
halide,standard,trmm,3,0.000179,4,SMALL
halide,standard,trmm,4,0.000177,4,SMALL
halide,standard,trmm,5,0.000188,4,SMALL
-- The CXX compiler identification is GNU 15.2.0
-- Detecting CXX compiler ABI info
-- Detecting CXX compiler ABI info - done
-- Check for working CXX compiler: /usr/local/latestgcc/bin/g++ - skipped
-- Detecting CXX compile features
-- Detecting CXX compile features - done
-- Found Python: /home/kleplj/translation/gpt-querying/.venv/bin/python3.9 (found suitable version "3.9.21", minimum required is "3") found components: Interpreter Development.Module
-- Halide 'host' platform triple:   x86-64-linux
-- Halide 'cmake' platform triple:  x86-64-linux
-- Halide default AOT target:       host
-- Found ZLIB: /usr/lib64/libz.so (found version "1.2.11")
-- Could NOT find PNG (missing: PNG_LIBRARY PNG_PNG_INCLUDE_DIR) 
-- Could NOT find JPEG (missing: JPEG_LIBRARY JPEG_INCLUDE_DIR) 
-- Configuring done (0.7s)
-- Generating done (0.7s)
-- Build files have been written to: /home/kleplj/translation/PolybenchC-Halide/build
[ 11%] Building CXX object CMakeFiles/gemver.dir/linear-algebra/blas/gemver/gemver.cpp.o
[ 11%] Building CXX object CMakeFiles/gemm.dir/linear-algebra/blas/gemm/gemm.cpp.o
[ 11%] Building CXX object CMakeFiles/covariance.dir/datamining/covariance/covariance.cpp.o
[ 11%] Building CXX object CMakeFiles/correlation.dir/datamining/correlation/correlation.cpp.o
[ 11%] Building CXX object CMakeFiles/syr2k.dir/linear-algebra/blas/syr2k/syr2k.cpp.o
[ 23%] Building CXX object CMakeFiles/trmm.dir/linear-algebra/blas/trmm/trmm.cpp.o
[ 23%] Building CXX object CMakeFiles/3mm.dir/linear-algebra/kernels/3mm/3mm.cpp.o
[ 23%] Building CXX object CMakeFiles/gesummv.dir/linear-algebra/blas/gesummv/gesummv.cpp.o
[ 23%] Building CXX object CMakeFiles/2mm.dir/linear-algebra/kernels/2mm/2mm.cpp.o
[ 23%] Building CXX object CMakeFiles/syrk.dir/linear-algebra/blas/syrk/syrk.cpp.o
[ 23%] Building CXX object CMakeFiles/symm.dir/linear-algebra/blas/symm/symm.cpp.o
[ 41%] Building CXX object CMakeFiles/atax.dir/linear-algebra/kernels/atax/atax.cpp.o
[ 50%] Building CXX object CMakeFiles/durbin.dir/linear-algebra/solvers/durbin/durbin.cpp.o
[ 50%] Building CXX object CMakeFiles/jacobi-2d.dir/stencils/jacobi-2d/jacobi-2d.cpp.o
[ 50%] Building CXX object CMakeFiles/doitgen.dir/linear-algebra/kernels/doitgen/doitgen.cpp.o
[ 50%] Building CXX object CMakeFiles/bicg.dir/linear-algebra/kernels/bicg/bicg.cpp.o
[ 50%] Building CXX object CMakeFiles/trisolv.dir/linear-algebra/solvers/trisolv/trisolv.cpp.o
[ 50%] Building CXX object CMakeFiles/mvt.dir/linear-algebra/kernels/mvt/mvt.cpp.o
[ 50%] Building CXX object CMakeFiles/nussinov.dir/medley/nussinov/nussinov.cpp.o
[ 50%] Building CXX object CMakeFiles/ludcmp.dir/linear-algebra/solvers/ludcmp/ludcmp.cpp.o
[ 50%] Building CXX object CMakeFiles/adi.dir/stencils/adi/adi.cpp.o
[ 50%] Building CXX object CMakeFiles/deriche.dir/medley/deriche/deriche.cpp.o
[ 50%] Building CXX object CMakeFiles/gramschmidt.dir/linear-algebra/solvers/gramschmidt/gramschmidt.cpp.o
[ 50%] Building CXX object CMakeFiles/lu.dir/linear-algebra/solvers/lu/lu.cpp.o
[ 50%] Building CXX object CMakeFiles/cholesky.dir/linear-algebra/solvers/cholesky/cholesky.cpp.o
[ 50%] Building CXX object CMakeFiles/floyd-warshall.dir/medley/floyd-warshall/floyd-warshall.cpp.o
[ 50%] Building CXX object CMakeFiles/heat-3d.dir/stencils/heat-3d/heat-3d.cpp.o
[ 50%] Building CXX object CMakeFiles/fdtd-2d.dir/stencils/fdtd-2d/fdtd-2d.cpp.o
[ 50%] Building CXX object CMakeFiles/jacobi-1d.dir/stencils/jacobi-1d/jacobi-1d.cpp.o
[ 50%] Building CXX object CMakeFiles/seidel-2d.dir/stencils/seidel-2d/seidel-2d.cpp.o
[ 51%] Linking CXX executable adi
[ 53%] Linking CXX executable jacobi-1d
[ 55%] Linking CXX executable cholesky
[ 56%] Linking CXX executable floyd-warshall
[ 58%] Linking CXX executable syrk
[ 58%] Built target adi
[ 58%] Built target jacobi-1d
[ 58%] Built target cholesky
[ 58%] Built target floyd-warshall
[ 58%] Built target syrk
[ 60%] Linking CXX executable trmm
[ 61%] Linking CXX executable syr2k
[ 63%] Linking CXX executable gemm
[ 65%] Linking CXX executable 3mm
[ 66%] Linking CXX executable jacobi-2d
[ 66%] Built target trmm
[ 66%] Built target syr2k
[ 68%] Linking CXX executable symm
[ 70%] Linking CXX executable correlation
[ 70%] Built target gemm
[ 70%] Built target 3mm
[ 71%] Linking CXX executable 2mm
[ 71%] Built target jacobi-2d
[ 73%] Linking CXX executable seidel-2d
[ 73%] Built target symm
[ 73%] Built target correlation
[ 73%] Built target 2mm
[ 73%] Built target seidel-2d
[ 75%] Linking CXX executable durbin
[ 76%] Linking CXX executable gesummv
[ 76%] Built target durbin
[ 78%] Linking CXX executable atax
[ 80%] Linking CXX executable doitgen
[ 80%] Built target gesummv
[ 81%] Linking CXX executable mvt
[ 83%] Linking CXX executable bicg
[ 83%] Built target atax
[ 83%] Built target doitgen
[ 83%] Built target mvt
[ 83%] Built target bicg
[ 85%] Linking CXX executable lu
[ 86%] Linking CXX executable gramschmidt
[ 86%] Built target lu
[ 86%] Built target gramschmidt
[ 88%] Linking CXX executable fdtd-2d
[ 90%] Linking CXX executable trisolv
[ 90%] Built target fdtd-2d
[ 90%] Built target trisolv
[ 91%] Linking CXX executable ludcmp
[ 91%] Built target ludcmp
halide,2mm,0.012501,0.035,valid,5,SMALL
halide,standard,2mm,1,0.012511,5,SMALL
halide,standard,2mm,2,0.012516,5,SMALL
halide,standard,2mm,3,0.012521,5,SMALL
halide,standard,2mm,4,0.012534,5,SMALL
halide,standard,2mm,5,0.012521,5,SMALL
halide,3mm,0.019872,0.041,valid,5,SMALL
halide,standard,3mm,1,0.019938,5,SMALL
halide,standard,3mm,2,0.019854,5,SMALL
halide,standard,3mm,3,0.019832,5,SMALL
halide,standard,3mm,4,0.019926,5,SMALL
halide,standard,3mm,5,0.019965,5,SMALL
halide,adi,0.003156,0.882,valid,5,SMALL
halide,standard,adi,1,0.003151,5,SMALL
halide,standard,adi,2,0.003161,5,SMALL
halide,standard,adi,3,0.003153,5,SMALL
halide,standard,adi,4,0.003153,5,SMALL
halide,standard,adi,5,0.003155,5,SMALL
halide,atax,0.000070,0.543,valid,5,SMALL
halide,standard,atax,1,0.000060,5,SMALL
halide,standard,atax,2,0.000060,5,SMALL
halide,standard,atax,3,0.000070,5,SMALL
halide,standard,atax,4,0.000060,5,SMALL
halide,standard,atax,5,0.000069,5,SMALL
halide,bicg,0.000066,0.833,valid,5,SMALL
halide,standard,bicg,1,0.000069,5,SMALL
halide,standard,bicg,2,0.000067,5,SMALL
halide,standard,bicg,3,0.000066,5,SMALL
halide,standard,bicg,4,0.000068,5,SMALL
halide,standard,bicg,5,0.000065,5,SMALL
halide,cholesky,0.000306,,invalid,5,SMALL
halide,correlation,160.779411,0.000,valid,5,SMALL
halide,standard,correlation,1,160.790802,5,SMALL
halide,standard,correlation,2,160.797913,5,SMALL
halide,standard,correlation,3,160.794926,5,SMALL
halide,standard,correlation,4,160.824853,5,SMALL
halide,standard,correlation,5,160.834783,5,SMALL
halide,covariance,,,illegal,5,SMALL
halide,deriche,,,illegal,5,SMALL
halide,doitgen,0.000418,1.569,valid,5,SMALL
halide,standard,doitgen,1,0.000416,5,SMALL
halide,standard,doitgen,2,0.000419,5,SMALL
halide,standard,doitgen,3,0.000419,5,SMALL
halide,standard,doitgen,4,0.000427,5,SMALL
halide,standard,doitgen,5,0.000422,5,SMALL
halide,durbin,,,illegal,5,SMALL
halide,fdtd-2d,0.001294,0.257,valid,5,SMALL
halide,standard,fdtd-2d,1,0.001293,5,SMALL
halide,standard,fdtd-2d,2,0.001306,5,SMALL
halide,standard,fdtd-2d,3,0.001297,5,SMALL
halide,standard,fdtd-2d,4,0.001305,5,SMALL
halide,standard,fdtd-2d,5,0.001309,5,SMALL
halide,floyd-warshall,0.004755,,invalid,5,SMALL
halide,gemm,0.000332,,invalid,5,SMALL
halide,gemver,,,illegal,5,SMALL
halide,gesummv,0.000051,0.627,valid,5,SMALL
halide,standard,gesummv,1,0.000051,5,SMALL
halide,standard,gesummv,2,0.000050,5,SMALL
halide,standard,gesummv,3,0.000052,5,SMALL
halide,standard,gesummv,4,0.000051,5,SMALL
halide,standard,gesummv,5,0.000051,5,SMALL
halide,gramschmidt,0.007848,,invalid,5,SMALL
halide,heat-3d,,,illegal,5,SMALL
halide,jacobi-1d,0.000073,0.068,valid,5,SMALL
halide,standard,jacobi-1d,1,0.000072,5,SMALL
halide,standard,jacobi-1d,2,0.000073,5,SMALL
halide,standard,jacobi-1d,3,0.000074,5,SMALL
halide,standard,jacobi-1d,4,0.000077,5,SMALL
halide,standard,jacobi-1d,5,0.000076,5,SMALL
halide,jacobi-2d,0.002368,0.230,valid,5,SMALL
halide,standard,jacobi-2d,1,0.002372,5,SMALL
halide,standard,jacobi-2d,2,0.002380,5,SMALL
halide,standard,jacobi-2d,3,0.002376,5,SMALL
halide,standard,jacobi-2d,4,0.002393,5,SMALL
halide,standard,jacobi-2d,5,0.002397,5,SMALL
halide,lu,0.012611,0.062,valid,5,SMALL
halide,standard,lu,1,0.012275,5,SMALL
halide,standard,lu,2,0.012665,5,SMALL
halide,standard,lu,3,0.012605,5,SMALL
halide,standard,lu,4,0.012513,5,SMALL
halide,standard,lu,5,0.012339,5,SMALL
halide,ludcmp,0.013417,,invalid,5,SMALL
halide,mvt,0.000071,0.620,valid,5,SMALL
halide,standard,mvt,1,0.000069,5,SMALL
halide,standard,mvt,2,0.000070,5,SMALL
halide,standard,mvt,3,0.000072,5,SMALL
halide,standard,mvt,4,0.000070,5,SMALL
halide,standard,mvt,5,0.000070,5,SMALL
halide,nussinov,,,illegal,5,SMALL
halide,seidel-2d,9.101463,,invalid,5,SMALL
halide,symm,0.000277,1.014,valid,5,SMALL
halide,standard,symm,1,0.000265,5,SMALL
halide,standard,symm,2,0.000274,5,SMALL
halide,standard,symm,3,0.000265,5,SMALL
halide,standard,symm,4,0.000265,5,SMALL
halide,standard,symm,5,0.000262,5,SMALL
halide,syr2k,0.000252,0.980,valid,5,SMALL
halide,standard,syr2k,1,0.000263,5,SMALL
halide,standard,syr2k,2,0.000253,5,SMALL
halide,standard,syr2k,3,0.000253,5,SMALL
halide,standard,syr2k,4,0.000252,5,SMALL
halide,standard,syr2k,5,0.000251,5,SMALL
halide,syrk,0.000289,0.394,valid,5,SMALL
halide,standard,syrk,1,0.000290,5,SMALL
halide,standard,syrk,2,0.000278,5,SMALL
halide,standard,syrk,3,0.000292,5,SMALL
halide,standard,syrk,4,0.000265,5,SMALL
halide,standard,syrk,5,0.000280,5,SMALL
halide,trisolv,0.000193,,invalid,5,SMALL
halide,trmm,0.000199,0.879,valid,5,SMALL
halide,standard,trmm,1,0.000188,5,SMALL
halide,standard,trmm,2,0.000186,5,SMALL
halide,standard,trmm,3,0.000171,5,SMALL
halide,standard,trmm,4,0.000186,5,SMALL
halide,standard,trmm,5,0.000187,5,SMALL
Generated C for 'gemm' in /home/kleplj/translation/PolybenchC-Exo/build/generated/gemm
Built gemm executable.
Generated C for 'gemver' in /home/kleplj/translation/PolybenchC-Exo/build/generated/gemver
Built gemver executable.
Generated C for 'gesummv' in /home/kleplj/translation/PolybenchC-Exo/build/generated/gesummv
Built gesummv executable.
Generated C for 'symm' in /home/kleplj/translation/PolybenchC-Exo/build/generated/symm
Built symm executable.
Generated C for 'syr2k' in /home/kleplj/translation/PolybenchC-Exo/build/generated/syr2k
Built syr2k executable.
Generated C for 'syrk' in /home/kleplj/translation/PolybenchC-Exo/build/generated/syrk
Built syrk executable.
Generated C for 'trmm' in /home/kleplj/translation/PolybenchC-Exo/build/generated/trmm
Built trmm executable.
Generated C for '2mm' in /home/kleplj/translation/PolybenchC-Exo/build/generated/2mm
Built 2mm executable.
Generated C for '3mm' in /home/kleplj/translation/PolybenchC-Exo/build/generated/3mm
Built 3mm executable.
Generated C for 'atax' in /home/kleplj/translation/PolybenchC-Exo/build/generated/atax
Built atax executable.
Generated C for 'bicg' in /home/kleplj/translation/PolybenchC-Exo/build/generated/bicg
Built bicg executable.
Generated C for 'doitgen' in /home/kleplj/translation/PolybenchC-Exo/build/generated/doitgen
Built doitgen executable.
Generated C for 'mvt' in /home/kleplj/translation/PolybenchC-Exo/build/generated/mvt
Built mvt executable.
Generated C for 'cholesky' in /home/kleplj/translation/PolybenchC-Exo/build/generated/cholesky
Built cholesky executable.
Generated C for 'durbin' in /home/kleplj/translation/PolybenchC-Exo/build/generated/durbin
Built durbin executable.
Generated C for 'gramschmidt' in /home/kleplj/translation/PolybenchC-Exo/build/generated/gramschmidt
Built gramschmidt executable.
Generated C for 'lu' in /home/kleplj/translation/PolybenchC-Exo/build/generated/lu
Built lu executable.
Generated C for 'ludcmp' in /home/kleplj/translation/PolybenchC-Exo/build/generated/ludcmp
Built ludcmp executable.
Generated C for 'trisolv' in /home/kleplj/translation/PolybenchC-Exo/build/generated/trisolv
Built trisolv executable.
Generated C for 'correlation' in /home/kleplj/translation/PolybenchC-Exo/build/generated/correlation
Built correlation executable.
Generated C for 'covariance' in /home/kleplj/translation/PolybenchC-Exo/build/generated/covariance
Built covariance executable.
Generated C for 'fdtd-2d' in /home/kleplj/translation/PolybenchC-Exo/build/generated/fdtd-2d
Built fdtd-2d executable.
Generated C for 'heat-3d' in /home/kleplj/translation/PolybenchC-Exo/build/generated/heat-3d
Built heat-3d executable.
Generated C for 'jacobi-1d' in /home/kleplj/translation/PolybenchC-Exo/build/generated/jacobi-1d
Built jacobi-1d executable.
Generated C for 'jacobi-2d' in /home/kleplj/translation/PolybenchC-Exo/build/generated/jacobi-2d
Built jacobi-2d executable.
Generated C for 'seidel-2d' in /home/kleplj/translation/PolybenchC-Exo/build/generated/seidel-2d
Built seidel-2d executable.
Generated C for 'floyd-warshall' in /home/kleplj/translation/PolybenchC-Exo/build/generated/floyd-warshall
Built floyd-warshall executable.
Generated C for 'nussinov' in /home/kleplj/translation/PolybenchC-Exo/build/generated/nussinov
Built nussinov executable.
Exo build complete. Generated sources in: /home/kleplj/translation/PolybenchC-Exo/build
Removing temp dir /tmp/slurm.150861/tmp.1pPas28Cj0
exo,2mm,0.000456,0.982,valid,1,SMALL
exo,standard,2mm,1,0.000456,1,SMALL
exo,standard,2mm,2,0.000468,1,SMALL
exo,standard,2mm,3,0.000470,1,SMALL
exo,standard,2mm,4,0.000456,1,SMALL
exo,standard,2mm,5,0.000456,1,SMALL
exo,3mm,0.000831,0.953,valid,1,SMALL
exo,standard,3mm,1,0.000832,1,SMALL
exo,standard,3mm,2,0.000833,1,SMALL
exo,standard,3mm,3,0.000818,1,SMALL
exo,standard,3mm,4,0.000827,1,SMALL
exo,standard,3mm,5,0.000835,1,SMALL
exo,adi,,,illegal,1,SMALL
exo,atax,0.000041,0.927,valid,1,SMALL
exo,standard,atax,1,0.000043,1,SMALL
exo,standard,atax,2,0.000041,1,SMALL
exo,standard,atax,3,0.000041,1,SMALL
exo,standard,atax,4,0.000056,1,SMALL
exo,standard,atax,5,0.000040,1,SMALL
exo,bicg,0.000053,1.000,valid,1,SMALL
exo,standard,bicg,1,0.000054,1,SMALL
exo,standard,bicg,2,0.000054,1,SMALL
exo,standard,bicg,3,0.000054,1,SMALL
exo,standard,bicg,4,0.000055,1,SMALL
exo,standard,bicg,5,0.000054,1,SMALL
exo,cholesky,0.000425,0.946,valid,1,SMALL
exo,standard,cholesky,1,0.000441,1,SMALL
exo,standard,cholesky,2,0.000435,1,SMALL
exo,standard,cholesky,3,0.000424,1,SMALL
exo,standard,cholesky,4,0.000441,1,SMALL
exo,standard,cholesky,5,0.000435,1,SMALL
exo,correlation,0.000599,1.048,valid,1,SMALL
exo,standard,correlation,1,0.000610,1,SMALL
exo,standard,correlation,2,0.000611,1,SMALL
exo,standard,correlation,3,0.000612,1,SMALL
exo,standard,correlation,4,0.000593,1,SMALL
exo,standard,correlation,5,0.000612,1,SMALL
exo,covariance,0.000683,0.906,valid,1,SMALL
exo,standard,covariance,1,0.000677,1,SMALL
exo,standard,covariance,2,0.000667,1,SMALL
exo,standard,covariance,3,0.000673,1,SMALL
exo,standard,covariance,4,0.000679,1,SMALL
exo,standard,covariance,5,0.000678,1,SMALL
exo,deriche,,,illegal,1,SMALL
exo,doitgen,0.000675,0.942,valid,1,SMALL
exo,standard,doitgen,1,0.000653,1,SMALL
exo,standard,doitgen,2,0.000656,1,SMALL
exo,standard,doitgen,3,0.000672,1,SMALL
exo,standard,doitgen,4,0.000677,1,SMALL
exo,standard,doitgen,5,0.000671,1,SMALL
exo,durbin,0.000023,0.826,valid,1,SMALL
exo,standard,durbin,1,0.000024,1,SMALL
exo,standard,durbin,2,0.000022,1,SMALL
exo,standard,durbin,3,0.000026,1,SMALL
exo,standard,durbin,4,0.000022,1,SMALL
exo,standard,durbin,5,0.000023,1,SMALL
exo,fdtd-2d,0.000391,0.849,valid,1,SMALL
exo,standard,fdtd-2d,1,0.000404,1,SMALL
exo,standard,fdtd-2d,2,0.000391,1,SMALL
exo,standard,fdtd-2d,3,0.000395,1,SMALL
exo,standard,fdtd-2d,4,0.000404,1,SMALL
exo,standard,fdtd-2d,5,0.000405,1,SMALL
exo,floyd-warshall,0.006625,1.110,valid,1,SMALL
exo,standard,floyd-warshall,1,0.006670,1,SMALL
exo,standard,floyd-warshall,2,0.006655,1,SMALL
exo,standard,floyd-warshall,3,0.006653,1,SMALL
exo,standard,floyd-warshall,4,0.006649,1,SMALL
exo,standard,floyd-warshall,5,0.006654,1,SMALL
exo,gemm,0.000163,0.644,valid,1,SMALL
exo,standard,gemm,1,0.000164,1,SMALL
exo,standard,gemm,2,0.000173,1,SMALL
exo,standard,gemm,3,0.000162,1,SMALL
exo,standard,gemm,4,0.000162,1,SMALL
exo,standard,gemm,5,0.000163,1,SMALL
exo,gemver,0.000071,0.930,valid,1,SMALL
exo,standard,gemver,1,0.000075,1,SMALL
exo,standard,gemver,2,0.000074,1,SMALL
exo,standard,gemver,3,0.000073,1,SMALL
exo,standard,gemver,4,0.000071,1,SMALL
exo,standard,gemver,5,0.000084,1,SMALL
exo,gesummv,0.000032,0.938,valid,1,SMALL
exo,standard,gesummv,1,0.000033,1,SMALL
exo,standard,gesummv,2,0.000031,1,SMALL
exo,standard,gesummv,3,0.000031,1,SMALL
exo,standard,gesummv,4,0.000030,1,SMALL
exo,standard,gesummv,5,0.000031,1,SMALL
exo,gramschmidt,0.000577,,invalid,1,SMALL
exo,heat-3d,0.001074,0.532,valid,1,SMALL
exo,standard,heat-3d,1,0.001070,1,SMALL
exo,standard,heat-3d,2,0.001068,1,SMALL
exo,standard,heat-3d,3,0.001070,1,SMALL
exo,standard,heat-3d,4,0.001076,1,SMALL
exo,standard,heat-3d,5,0.001069,1,SMALL
exo,jacobi-1d,0.000006,0.833,valid,1,SMALL
exo,standard,jacobi-1d,1,0.000006,1,SMALL
exo,standard,jacobi-1d,2,0.000005,1,SMALL
exo,standard,jacobi-1d,3,0.000006,1,SMALL
exo,standard,jacobi-1d,4,0.000005,1,SMALL
exo,standard,jacobi-1d,5,0.000006,1,SMALL
exo,jacobi-2d,0.000548,0.965,valid,1,SMALL
exo,standard,jacobi-2d,1,0.000561,1,SMALL
exo,standard,jacobi-2d,2,0.000547,1,SMALL
exo,standard,jacobi-2d,3,0.000562,1,SMALL
exo,standard,jacobi-2d,4,0.000547,1,SMALL
exo,standard,jacobi-2d,5,0.000557,1,SMALL
exo,lu,0.000840,0.969,valid,1,SMALL
exo,standard,lu,1,0.000838,1,SMALL
exo,standard,lu,2,0.000828,1,SMALL
exo,standard,lu,3,0.000840,1,SMALL
exo,standard,lu,4,0.000837,1,SMALL
exo,standard,lu,5,0.000843,1,SMALL
exo,ludcmp,0.000760,0.968,valid,1,SMALL
exo,standard,ludcmp,1,0.000772,1,SMALL
exo,standard,ludcmp,2,0.000756,1,SMALL
exo,standard,ludcmp,3,0.000754,1,SMALL
exo,standard,ludcmp,4,0.000777,1,SMALL
exo,standard,ludcmp,5,0.000766,1,SMALL
exo,mvt,0.000044,0.977,valid,1,SMALL
exo,standard,mvt,1,0.000046,1,SMALL
exo,standard,mvt,2,0.000044,1,SMALL
exo,standard,mvt,3,0.000045,1,SMALL
exo,standard,mvt,4,0.000045,1,SMALL
exo,standard,mvt,5,0.000043,1,SMALL
exo,nussinov,0.002851,1.015,valid,1,SMALL
exo,standard,nussinov,1,0.002918,1,SMALL
exo,standard,nussinov,2,0.002847,1,SMALL
exo,standard,nussinov,3,0.002855,1,SMALL
exo,standard,nussinov,4,0.002840,1,SMALL
exo,standard,nussinov,5,0.002846,1,SMALL
exo,seidel-2d,0.007428,0.991,valid,1,SMALL
exo,standard,seidel-2d,1,0.007426,1,SMALL
exo,standard,seidel-2d,2,0.007432,1,SMALL
exo,standard,seidel-2d,3,0.007420,1,SMALL
exo,standard,seidel-2d,4,0.007414,1,SMALL
exo,standard,seidel-2d,5,0.007432,1,SMALL
exo,symm,0.000386,0.858,valid,1,SMALL
exo,standard,symm,1,0.000315,1,SMALL
exo,standard,symm,2,0.000313,1,SMALL
exo,standard,symm,3,0.000325,1,SMALL
exo,standard,symm,4,0.000314,1,SMALL
exo,standard,symm,5,0.000394,1,SMALL
exo,syr2k,0.000261,0.946,valid,1,SMALL
exo,standard,syr2k,1,0.000282,1,SMALL
exo,standard,syr2k,2,0.000283,1,SMALL
exo,standard,syr2k,3,0.000281,1,SMALL
exo,standard,syr2k,4,0.000277,1,SMALL
exo,standard,syr2k,5,0.000261,1,SMALL
exo,syrk,0.000137,0.818,valid,1,SMALL
exo,standard,syrk,1,0.000141,1,SMALL
exo,standard,syrk,2,0.000139,1,SMALL
exo,standard,syrk,3,0.000146,1,SMALL
exo,standard,syrk,4,0.000136,1,SMALL
exo,standard,syrk,5,0.000139,1,SMALL
exo,trisolv,0.000015,0.867,valid,1,SMALL
exo,standard,trisolv,1,0.000014,1,SMALL
exo,standard,trisolv,2,0.000015,1,SMALL
exo,standard,trisolv,3,0.000013,1,SMALL
exo,standard,trisolv,4,0.000014,1,SMALL
exo,standard,trisolv,5,0.000015,1,SMALL
exo,trmm,0.000213,0.831,valid,1,SMALL
exo,standard,trmm,1,0.000213,1,SMALL
exo,standard,trmm,2,0.000226,1,SMALL
exo,standard,trmm,3,0.000214,1,SMALL
exo,standard,trmm,4,0.000213,1,SMALL
exo,standard,trmm,5,0.000213,1,SMALL
Generated C for 'gemm' in /home/kleplj/translation/PolybenchC-Exo/build/generated/gemm
Built gemm executable.
Generated C for 'gemver' in /home/kleplj/translation/PolybenchC-Exo/build/generated/gemver
Built gemver executable.
Generated C for 'gesummv' in /home/kleplj/translation/PolybenchC-Exo/build/generated/gesummv
Built gesummv executable.
Generated C for 'symm' in /home/kleplj/translation/PolybenchC-Exo/build/generated/symm
Built symm executable.
Generated C for 'syr2k' in /home/kleplj/translation/PolybenchC-Exo/build/generated/syr2k
Built syr2k executable.
Generated C for 'syrk' in /home/kleplj/translation/PolybenchC-Exo/build/generated/syrk
Built syrk executable.
Generated C for 'trmm' in /home/kleplj/translation/PolybenchC-Exo/build/generated/trmm
Built trmm executable.
Generated C for '2mm' in /home/kleplj/translation/PolybenchC-Exo/build/generated/2mm
Built 2mm executable.
Generated C for '3mm' in /home/kleplj/translation/PolybenchC-Exo/build/generated/3mm
Built 3mm executable.
Generated C for 'atax' in /home/kleplj/translation/PolybenchC-Exo/build/generated/atax
Built atax executable.
Generated C for 'bicg' in /home/kleplj/translation/PolybenchC-Exo/build/generated/bicg
Built bicg executable.
Generated C for 'doitgen' in /home/kleplj/translation/PolybenchC-Exo/build/generated/doitgen
Built doitgen executable.
Generated C for 'mvt' in /home/kleplj/translation/PolybenchC-Exo/build/generated/mvt
Built mvt executable.
Generated C for 'cholesky' in /home/kleplj/translation/PolybenchC-Exo/build/generated/cholesky
Built cholesky executable.
Generated C for 'durbin' in /home/kleplj/translation/PolybenchC-Exo/build/generated/durbin
Built durbin executable.
Generated C for 'gramschmidt' in /home/kleplj/translation/PolybenchC-Exo/build/generated/gramschmidt
Built gramschmidt executable.
Generated C for 'lu' in /home/kleplj/translation/PolybenchC-Exo/build/generated/lu
Built lu executable.
Generated C for 'ludcmp' in /home/kleplj/translation/PolybenchC-Exo/build/generated/ludcmp
Built ludcmp executable.
Generated C for 'trisolv' in /home/kleplj/translation/PolybenchC-Exo/build/generated/trisolv
Built trisolv executable.
Generated C for 'correlation' in /home/kleplj/translation/PolybenchC-Exo/build/generated/correlation
Built correlation executable.
Generated C for 'covariance' in /home/kleplj/translation/PolybenchC-Exo/build/generated/covariance
Built covariance executable.
Generated C for 'adi' in /home/kleplj/translation/PolybenchC-Exo/build/generated/adi
Built adi executable.
Generated C for 'fdtd-2d' in /home/kleplj/translation/PolybenchC-Exo/build/generated/fdtd-2d
Built fdtd-2d executable.
Generated C for 'heat-3d' in /home/kleplj/translation/PolybenchC-Exo/build/generated/heat-3d
Built heat-3d executable.
Generated C for 'jacobi-1d' in /home/kleplj/translation/PolybenchC-Exo/build/generated/jacobi-1d
Built jacobi-1d executable.
Generated C for 'jacobi-2d' in /home/kleplj/translation/PolybenchC-Exo/build/generated/jacobi-2d
Built jacobi-2d executable.
Generated C for 'seidel-2d' in /home/kleplj/translation/PolybenchC-Exo/build/generated/seidel-2d
Built seidel-2d executable.
Generated C for 'floyd-warshall' in /home/kleplj/translation/PolybenchC-Exo/build/generated/floyd-warshall
Built floyd-warshall executable.
Generated C for 'nussinov' in /home/kleplj/translation/PolybenchC-Exo/build/generated/nussinov
Built nussinov executable.
Exo build complete. Generated sources in: /home/kleplj/translation/PolybenchC-Exo/build
Removing temp dir /tmp/slurm.150861/tmp.BrU6Tc2iFw
exo,2mm,0.000469,0.893,valid,2,SMALL
exo,standard,2mm,1,0.000473,2,SMALL
exo,standard,2mm,2,0.000456,2,SMALL
exo,standard,2mm,3,0.000466,2,SMALL
exo,standard,2mm,4,0.000469,2,SMALL
exo,standard,2mm,5,0.000456,2,SMALL
exo,3mm,0.000822,0.960,valid,2,SMALL
exo,standard,3mm,1,0.000827,2,SMALL
exo,standard,3mm,2,0.000832,2,SMALL
exo,standard,3mm,3,0.000835,2,SMALL
exo,standard,3mm,4,0.000810,2,SMALL
exo,standard,3mm,5,0.000834,2,SMALL
exo,adi,0.003774,0.735,valid,2,SMALL
exo,standard,adi,1,0.003850,2,SMALL
exo,standard,adi,2,0.003784,2,SMALL
exo,standard,adi,3,0.003780,2,SMALL
exo,standard,adi,4,0.003778,2,SMALL
exo,standard,adi,5,0.003810,2,SMALL
exo,atax,0.000041,0.927,valid,2,SMALL
exo,standard,atax,1,0.000045,2,SMALL
exo,standard,atax,2,0.000043,2,SMALL
exo,standard,atax,3,0.000041,2,SMALL
exo,standard,atax,4,0.000042,2,SMALL
exo,standard,atax,5,0.000041,2,SMALL
exo,bicg,0.000071,1.155,valid,2,SMALL
exo,standard,bicg,1,0.000056,2,SMALL
exo,standard,bicg,2,0.000053,2,SMALL
exo,standard,bicg,3,0.000054,2,SMALL
exo,standard,bicg,4,0.000055,2,SMALL
exo,standard,bicg,5,0.000053,2,SMALL
exo,cholesky,0.000412,0.947,valid,2,SMALL
exo,standard,cholesky,1,0.000422,2,SMALL
exo,standard,cholesky,2,0.000425,2,SMALL
exo,standard,cholesky,3,0.000412,2,SMALL
exo,standard,cholesky,4,0.000411,2,SMALL
exo,standard,cholesky,5,0.000411,2,SMALL
exo,correlation,0.000606,1.015,valid,2,SMALL
exo,standard,correlation,1,0.000612,2,SMALL
exo,standard,correlation,2,0.000616,2,SMALL
exo,standard,correlation,3,0.000606,2,SMALL
exo,standard,correlation,4,0.000592,2,SMALL
exo,standard,correlation,5,0.000605,2,SMALL
exo,covariance,0.000681,0.906,valid,2,SMALL
exo,standard,covariance,1,0.000667,2,SMALL
exo,standard,covariance,2,0.000675,2,SMALL
exo,standard,covariance,3,0.000673,2,SMALL
exo,standard,covariance,4,0.000676,2,SMALL
exo,standard,covariance,5,0.000677,2,SMALL
exo,deriche,,,illegal,2,SMALL
exo,doitgen,0.000659,1.002,valid,2,SMALL
exo,standard,doitgen,1,0.000659,2,SMALL
exo,standard,doitgen,2,0.000659,2,SMALL
exo,standard,doitgen,3,0.000671,2,SMALL
exo,standard,doitgen,4,0.000585,2,SMALL
exo,standard,doitgen,5,0.000670,2,SMALL
exo,durbin,0.000024,0.792,valid,2,SMALL
exo,standard,durbin,1,0.000023,2,SMALL
exo,standard,durbin,2,0.000023,2,SMALL
exo,standard,durbin,3,0.000023,2,SMALL
exo,standard,durbin,4,0.000023,2,SMALL
exo,standard,durbin,5,0.000023,2,SMALL
exo,fdtd-2d,0.000388,0.853,valid,2,SMALL
exo,standard,fdtd-2d,1,0.000392,2,SMALL
exo,standard,fdtd-2d,2,0.000390,2,SMALL
exo,standard,fdtd-2d,3,0.000402,2,SMALL
exo,standard,fdtd-2d,4,0.000389,2,SMALL
exo,standard,fdtd-2d,5,0.000389,2,SMALL
exo,floyd-warshall,0.006644,1.105,valid,2,SMALL
exo,standard,floyd-warshall,1,0.006633,2,SMALL
exo,standard,floyd-warshall,2,0.006645,2,SMALL
exo,standard,floyd-warshall,3,0.006645,2,SMALL
exo,standard,floyd-warshall,4,0.006656,2,SMALL
exo,standard,floyd-warshall,5,0.006637,2,SMALL
exo,gemm,0.000164,0.634,valid,2,SMALL
exo,standard,gemm,1,0.000164,2,SMALL
exo,standard,gemm,2,0.000175,2,SMALL
exo,standard,gemm,3,0.000163,2,SMALL
exo,standard,gemm,4,0.000175,2,SMALL
exo,standard,gemm,5,0.000162,2,SMALL
exo,gemver,0.000074,0.919,valid,2,SMALL
exo,standard,gemver,1,0.000074,2,SMALL
exo,standard,gemver,2,0.000072,2,SMALL
exo,standard,gemver,3,0.000070,2,SMALL
exo,standard,gemver,4,0.000071,2,SMALL
exo,standard,gemver,5,0.000069,2,SMALL
exo,gesummv,0.000032,0.969,valid,2,SMALL
exo,standard,gesummv,1,0.000032,2,SMALL
exo,standard,gesummv,2,0.000033,2,SMALL
exo,standard,gesummv,3,0.000030,2,SMALL
exo,standard,gesummv,4,0.000030,2,SMALL
exo,standard,gesummv,5,0.000031,2,SMALL
exo,gramschmidt,0.000546,,invalid,2,SMALL
exo,heat-3d,0.001074,0.469,valid,2,SMALL
exo,standard,heat-3d,1,0.001076,2,SMALL
exo,standard,heat-3d,2,0.001069,2,SMALL
exo,standard,heat-3d,3,0.001072,2,SMALL
exo,standard,heat-3d,4,0.001080,2,SMALL
exo,standard,heat-3d,5,0.001071,2,SMALL
exo,jacobi-1d,0.000005,1.200,valid,2,SMALL
exo,standard,jacobi-1d,1,0.000006,2,SMALL
exo,standard,jacobi-1d,2,0.000006,2,SMALL
exo,standard,jacobi-1d,3,0.000006,2,SMALL
exo,standard,jacobi-1d,4,0.000006,2,SMALL
exo,standard,jacobi-1d,5,0.000005,2,SMALL
exo,jacobi-2d,0.000546,0.991,valid,2,SMALL
exo,standard,jacobi-2d,1,0.000566,2,SMALL
exo,standard,jacobi-2d,2,0.000561,2,SMALL
exo,standard,jacobi-2d,3,0.000547,2,SMALL
exo,standard,jacobi-2d,4,0.000677,2,SMALL
exo,standard,jacobi-2d,5,0.000560,2,SMALL
exo,lu,0.000849,0.903,valid,2,SMALL
exo,standard,lu,1,0.000847,2,SMALL
exo,standard,lu,2,0.000851,2,SMALL
exo,standard,lu,3,0.000845,2,SMALL
exo,standard,lu,4,0.000847,2,SMALL
exo,standard,lu,5,0.000849,2,SMALL
exo,ludcmp,0.000766,0.961,valid,2,SMALL
exo,standard,ludcmp,1,0.000758,2,SMALL
exo,standard,ludcmp,2,0.000766,2,SMALL
exo,standard,ludcmp,3,0.000766,2,SMALL
exo,standard,ludcmp,4,0.000762,2,SMALL
exo,standard,ludcmp,5,0.000757,2,SMALL
exo,mvt,0.000046,0.935,valid,2,SMALL
exo,standard,mvt,1,0.000047,2,SMALL
exo,standard,mvt,2,0.000045,2,SMALL
exo,standard,mvt,3,0.000044,2,SMALL
exo,standard,mvt,4,0.000045,2,SMALL
exo,standard,mvt,5,0.000044,2,SMALL
exo,nussinov,0.002853,1.027,valid,2,SMALL
exo,standard,nussinov,1,0.002851,2,SMALL
exo,standard,nussinov,2,0.002846,2,SMALL
exo,standard,nussinov,3,0.002847,2,SMALL
exo,standard,nussinov,4,0.002854,2,SMALL
exo,standard,nussinov,5,0.002854,2,SMALL
exo,seidel-2d,0.007407,0.994,valid,2,SMALL
exo,standard,seidel-2d,1,0.007411,2,SMALL
exo,standard,seidel-2d,2,0.007461,2,SMALL
exo,standard,seidel-2d,3,0.007423,2,SMALL
exo,standard,seidel-2d,4,0.007466,2,SMALL
exo,standard,seidel-2d,5,0.007433,2,SMALL
exo,symm,0.000314,0.866,valid,2,SMALL
exo,standard,symm,1,0.000316,2,SMALL
exo,standard,symm,2,0.000371,2,SMALL
exo,standard,symm,3,0.000313,2,SMALL
exo,standard,symm,4,0.000381,2,SMALL
exo,standard,symm,5,0.000313,2,SMALL
exo,syr2k,0.000284,0.905,valid,2,SMALL
exo,standard,syr2k,1,0.000309,2,SMALL
exo,standard,syr2k,2,0.000294,2,SMALL
exo,standard,syr2k,3,0.000299,2,SMALL
exo,standard,syr2k,4,0.000260,2,SMALL
exo,standard,syr2k,5,0.000270,2,SMALL
exo,syrk,0.000140,0.729,valid,2,SMALL
exo,standard,syrk,1,0.000147,2,SMALL
exo,standard,syrk,2,0.000139,2,SMALL
exo,standard,syrk,3,0.000139,2,SMALL
exo,standard,syrk,4,0.000140,2,SMALL
exo,standard,syrk,5,0.000140,2,SMALL
exo,trisolv,0.000015,0.867,valid,2,SMALL
exo,standard,trisolv,1,0.000016,2,SMALL
exo,standard,trisolv,2,0.000015,2,SMALL
exo,standard,trisolv,3,0.000015,2,SMALL
exo,standard,trisolv,4,0.000013,2,SMALL
exo,standard,trisolv,5,0.000014,2,SMALL
exo,trmm,0.000226,0.779,valid,2,SMALL
exo,standard,trmm,1,0.000213,2,SMALL
exo,standard,trmm,2,0.000227,2,SMALL
exo,standard,trmm,3,0.000212,2,SMALL
exo,standard,trmm,4,0.000212,2,SMALL
exo,standard,trmm,5,0.000225,2,SMALL
Generated C for 'gemm' in /home/kleplj/translation/PolybenchC-Exo/build/generated/gemm
Built gemm executable.
Generated C for 'gemver' in /home/kleplj/translation/PolybenchC-Exo/build/generated/gemver
Built gemver executable.
Generated C for 'gesummv' in /home/kleplj/translation/PolybenchC-Exo/build/generated/gesummv
Built gesummv executable.
Generated C for 'symm' in /home/kleplj/translation/PolybenchC-Exo/build/generated/symm
Built symm executable.
Generated C for 'syr2k' in /home/kleplj/translation/PolybenchC-Exo/build/generated/syr2k
Built syr2k executable.
Generated C for 'syrk' in /home/kleplj/translation/PolybenchC-Exo/build/generated/syrk
Built syrk executable.
Generated C for 'trmm' in /home/kleplj/translation/PolybenchC-Exo/build/generated/trmm
Built trmm executable.
Generated C for '2mm' in /home/kleplj/translation/PolybenchC-Exo/build/generated/2mm
Built 2mm executable.
Generated C for '3mm' in /home/kleplj/translation/PolybenchC-Exo/build/generated/3mm
Built 3mm executable.
Generated C for 'atax' in /home/kleplj/translation/PolybenchC-Exo/build/generated/atax
Built atax executable.
Generated C for 'bicg' in /home/kleplj/translation/PolybenchC-Exo/build/generated/bicg
Built bicg executable.
Generated C for 'doitgen' in /home/kleplj/translation/PolybenchC-Exo/build/generated/doitgen
Built doitgen executable.
Generated C for 'mvt' in /home/kleplj/translation/PolybenchC-Exo/build/generated/mvt
Built mvt executable.
Generated C for 'cholesky' in /home/kleplj/translation/PolybenchC-Exo/build/generated/cholesky
Built cholesky executable.
Generated C for 'durbin' in /home/kleplj/translation/PolybenchC-Exo/build/generated/durbin
Built durbin executable.
Generated C for 'gramschmidt' in /home/kleplj/translation/PolybenchC-Exo/build/generated/gramschmidt
Built gramschmidt executable.
Generated C for 'lu' in /home/kleplj/translation/PolybenchC-Exo/build/generated/lu
Built lu executable.
Generated C for 'ludcmp' in /home/kleplj/translation/PolybenchC-Exo/build/generated/ludcmp
Built ludcmp executable.
Generated C for 'trisolv' in /home/kleplj/translation/PolybenchC-Exo/build/generated/trisolv
Built trisolv executable.
Generated C for 'correlation' in /home/kleplj/translation/PolybenchC-Exo/build/generated/correlation
Built correlation executable.
Generated C for 'covariance' in /home/kleplj/translation/PolybenchC-Exo/build/generated/covariance
Built covariance executable.
Generated C for 'adi' in /home/kleplj/translation/PolybenchC-Exo/build/generated/adi
Built adi executable.
Generated C for 'fdtd-2d' in /home/kleplj/translation/PolybenchC-Exo/build/generated/fdtd-2d
Built fdtd-2d executable.
Generated C for 'heat-3d' in /home/kleplj/translation/PolybenchC-Exo/build/generated/heat-3d
Built heat-3d executable.
Generated C for 'jacobi-1d' in /home/kleplj/translation/PolybenchC-Exo/build/generated/jacobi-1d
Built jacobi-1d executable.
Generated C for 'jacobi-2d' in /home/kleplj/translation/PolybenchC-Exo/build/generated/jacobi-2d
Built jacobi-2d executable.
Generated C for 'seidel-2d' in /home/kleplj/translation/PolybenchC-Exo/build/generated/seidel-2d
Built seidel-2d executable.
Generated C for 'deriche' in /home/kleplj/translation/PolybenchC-Exo/build/generated/deriche
Built deriche executable.
Generated C for 'floyd-warshall' in /home/kleplj/translation/PolybenchC-Exo/build/generated/floyd-warshall
Built floyd-warshall executable.
Generated C for 'nussinov' in /home/kleplj/translation/PolybenchC-Exo/build/generated/nussinov
Built nussinov executable.
Exo build complete. Generated sources in: /home/kleplj/translation/PolybenchC-Exo/build
Removing temp dir /tmp/slurm.150861/tmp.s7e7Xwr5Y8
exo,2mm,0.000467,0.944,valid,3,SMALL
exo,standard,2mm,1,0.000455,3,SMALL
exo,standard,2mm,2,0.000469,3,SMALL
exo,standard,2mm,3,0.000452,3,SMALL
exo,standard,2mm,4,0.000454,3,SMALL
exo,standard,2mm,5,0.000456,3,SMALL
exo,3mm,0.000833,0.966,valid,3,SMALL
exo,standard,3mm,1,0.000834,3,SMALL
exo,standard,3mm,2,0.000830,3,SMALL
exo,standard,3mm,3,0.000850,3,SMALL
exo,standard,3mm,4,0.000836,3,SMALL
exo,standard,3mm,5,0.000831,3,SMALL
exo,adi,0.003758,0.741,valid,3,SMALL
exo,standard,adi,1,0.003856,3,SMALL
exo,standard,adi,2,0.003855,3,SMALL
exo,standard,adi,3,0.003851,3,SMALL
exo,standard,adi,4,0.003776,3,SMALL
exo,standard,adi,5,0.003872,3,SMALL
exo,atax,0.000043,0.907,valid,3,SMALL
exo,standard,atax,1,0.000043,3,SMALL
exo,standard,atax,2,0.000041,3,SMALL
exo,standard,atax,3,0.000040,3,SMALL
exo,standard,atax,4,0.000040,3,SMALL
exo,standard,atax,5,0.000039,3,SMALL
exo,bicg,0.000131,0.405,valid,3,SMALL
exo,standard,bicg,1,0.000055,3,SMALL
exo,standard,bicg,2,0.000054,3,SMALL
exo,standard,bicg,3,0.000054,3,SMALL
exo,standard,bicg,4,0.000053,3,SMALL
exo,standard,bicg,5,0.000054,3,SMALL
exo,cholesky,0.000427,0.911,valid,3,SMALL
exo,standard,cholesky,1,0.000424,3,SMALL
exo,standard,cholesky,2,0.000425,3,SMALL
exo,standard,cholesky,3,0.000411,3,SMALL
exo,standard,cholesky,4,0.000411,3,SMALL
exo,standard,cholesky,5,0.000421,3,SMALL
exo,correlation,0.000594,1.061,valid,3,SMALL
exo,standard,correlation,1,0.000620,3,SMALL
exo,standard,correlation,2,0.000607,3,SMALL
exo,standard,correlation,3,0.000600,3,SMALL
exo,standard,correlation,4,0.000610,3,SMALL
exo,standard,correlation,5,0.000609,3,SMALL
exo,covariance,0.000666,0.943,valid,3,SMALL
exo,standard,covariance,1,0.000665,3,SMALL
exo,standard,covariance,2,0.000670,3,SMALL
exo,standard,covariance,3,0.000677,3,SMALL
exo,standard,covariance,4,0.000665,3,SMALL
exo,standard,covariance,5,0.000671,3,SMALL
exo,deriche,0.000959,0.864,valid,3,SMALL
exo,standard,deriche,1,0.000898,3,SMALL
exo,standard,deriche,2,0.000954,3,SMALL
exo,standard,deriche,3,0.000935,3,SMALL
exo,standard,deriche,4,0.000933,3,SMALL
exo,standard,deriche,5,0.000956,3,SMALL
exo,doitgen,0.000657,0.992,valid,3,SMALL
exo,standard,doitgen,1,0.000667,3,SMALL
exo,standard,doitgen,2,0.000661,3,SMALL
exo,standard,doitgen,3,0.000669,3,SMALL
exo,standard,doitgen,4,0.000654,3,SMALL
exo,standard,doitgen,5,0.000669,3,SMALL
exo,durbin,0.000023,0.826,valid,3,SMALL
exo,standard,durbin,1,0.000023,3,SMALL
exo,standard,durbin,2,0.000023,3,SMALL
exo,standard,durbin,3,0.000022,3,SMALL
exo,standard,durbin,4,0.000023,3,SMALL
exo,standard,durbin,5,0.000023,3,SMALL
exo,fdtd-2d,0.000401,0.808,valid,3,SMALL
exo,standard,fdtd-2d,1,0.000387,3,SMALL
exo,standard,fdtd-2d,2,0.000397,3,SMALL
exo,standard,fdtd-2d,3,0.000436,3,SMALL
exo,standard,fdtd-2d,4,0.000387,3,SMALL
exo,standard,fdtd-2d,5,0.000399,3,SMALL
exo,floyd-warshall,0.006634,1.106,valid,3,SMALL
exo,standard,floyd-warshall,1,0.006630,3,SMALL
exo,standard,floyd-warshall,2,0.006637,3,SMALL
exo,standard,floyd-warshall,3,0.006633,3,SMALL
exo,standard,floyd-warshall,4,0.006659,3,SMALL
exo,standard,floyd-warshall,5,0.006672,3,SMALL
exo,gemm,0.000163,0.718,valid,3,SMALL
exo,standard,gemm,1,0.000163,3,SMALL
exo,standard,gemm,2,0.000163,3,SMALL
exo,standard,gemm,3,0.000173,3,SMALL
exo,standard,gemm,4,0.000162,3,SMALL
exo,standard,gemm,5,0.000161,3,SMALL
exo,gemver,0.000074,0.892,valid,3,SMALL
exo,standard,gemver,1,0.000076,3,SMALL
exo,standard,gemver,2,0.000070,3,SMALL
exo,standard,gemver,3,0.000071,3,SMALL
exo,standard,gemver,4,0.000073,3,SMALL
exo,standard,gemver,5,0.000071,3,SMALL
exo,gesummv,0.000030,1.033,valid,3,SMALL
exo,standard,gesummv,1,0.000033,3,SMALL
exo,standard,gesummv,2,0.000031,3,SMALL
exo,standard,gesummv,3,0.000031,3,SMALL
exo,standard,gesummv,4,0.000031,3,SMALL
exo,standard,gesummv,5,0.000032,3,SMALL
exo,gramschmidt,0.000551,,invalid,3,SMALL
exo,heat-3d,0.001074,0.471,valid,3,SMALL
exo,standard,heat-3d,1,0.001073,3,SMALL
exo,standard,heat-3d,2,0.001073,3,SMALL
exo,standard,heat-3d,3,0.001136,3,SMALL
exo,standard,heat-3d,4,0.001072,3,SMALL
exo,standard,heat-3d,5,0.001068,3,SMALL
exo,jacobi-1d,0.000006,0.833,valid,3,SMALL
exo,standard,jacobi-1d,1,0.000006,3,SMALL
exo,standard,jacobi-1d,2,0.000005,3,SMALL
exo,standard,jacobi-1d,3,0.000006,3,SMALL
exo,standard,jacobi-1d,4,0.000005,3,SMALL
exo,standard,jacobi-1d,5,0.000006,3,SMALL
exo,jacobi-2d,0.000548,0.971,valid,3,SMALL
exo,standard,jacobi-2d,1,0.000547,3,SMALL
exo,standard,jacobi-2d,2,0.000547,3,SMALL
exo,standard,jacobi-2d,3,0.000558,3,SMALL
exo,standard,jacobi-2d,4,0.000547,3,SMALL
exo,standard,jacobi-2d,5,0.000561,3,SMALL
exo,lu,0.000847,0.960,valid,3,SMALL
exo,standard,lu,1,0.000847,3,SMALL
exo,standard,lu,2,0.000851,3,SMALL
exo,standard,lu,3,0.000851,3,SMALL
exo,standard,lu,4,0.000849,3,SMALL
exo,standard,lu,5,0.000856,3,SMALL
exo,ludcmp,0.000756,0.970,valid,3,SMALL
exo,standard,ludcmp,1,0.000766,3,SMALL
exo,standard,ludcmp,2,0.000762,3,SMALL
exo,standard,ludcmp,3,0.000765,3,SMALL
exo,standard,ludcmp,4,0.000761,3,SMALL
exo,standard,ludcmp,5,0.000764,3,SMALL
exo,mvt,0.000046,0.935,valid,3,SMALL
exo,standard,mvt,1,0.000047,3,SMALL
exo,standard,mvt,2,0.000045,3,SMALL
exo,standard,mvt,3,0.000045,3,SMALL
exo,standard,mvt,4,0.000043,3,SMALL
exo,standard,mvt,5,0.000043,3,SMALL
exo,nussinov,0.002898,0.997,valid,3,SMALL
exo,standard,nussinov,1,0.002889,3,SMALL
exo,standard,nussinov,2,0.002895,3,SMALL
exo,standard,nussinov,3,0.002899,3,SMALL
exo,standard,nussinov,4,0.002898,3,SMALL
exo,standard,nussinov,5,0.002893,3,SMALL
exo,seidel-2d,0.007408,0.994,valid,3,SMALL
exo,standard,seidel-2d,1,0.007459,3,SMALL
exo,standard,seidel-2d,2,0.007429,3,SMALL
exo,standard,seidel-2d,3,0.007414,3,SMALL
exo,standard,seidel-2d,4,0.007424,3,SMALL
exo,standard,seidel-2d,5,0.007416,3,SMALL
exo,symm,0.000315,0.898,valid,3,SMALL
exo,standard,symm,1,0.000456,3,SMALL
exo,standard,symm,2,0.000315,3,SMALL
exo,standard,symm,3,0.000319,3,SMALL
exo,standard,symm,4,0.000373,3,SMALL
exo,standard,symm,5,0.000382,3,SMALL
exo,syr2k,0.000281,0.911,valid,3,SMALL
exo,standard,syr2k,1,0.000307,3,SMALL
exo,standard,syr2k,2,0.000282,3,SMALL
exo,standard,syr2k,3,0.000293,3,SMALL
exo,standard,syr2k,4,0.000280,3,SMALL
exo,standard,syr2k,5,0.000260,3,SMALL
exo,syrk,0.000141,0.809,valid,3,SMALL
exo,standard,syrk,1,0.000141,3,SMALL
exo,standard,syrk,2,0.000125,3,SMALL
exo,standard,syrk,3,0.000143,3,SMALL
exo,standard,syrk,4,0.000126,3,SMALL
exo,standard,syrk,5,0.000140,3,SMALL
exo,trisolv,0.000014,1.000,valid,3,SMALL
exo,standard,trisolv,1,0.000015,3,SMALL
exo,standard,trisolv,2,0.000014,3,SMALL
exo,standard,trisolv,3,0.000013,3,SMALL
exo,standard,trisolv,4,0.000014,3,SMALL
exo,standard,trisolv,5,0.000014,3,SMALL
exo,trmm,0.000207,0.850,valid,3,SMALL
exo,standard,trmm,1,0.000209,3,SMALL
exo,standard,trmm,2,0.000214,3,SMALL
exo,standard,trmm,3,0.000228,3,SMALL
exo,standard,trmm,4,0.000213,3,SMALL
exo,standard,trmm,5,0.000227,3,SMALL
Generated C for 'gemm' in /home/kleplj/translation/PolybenchC-Exo/build/generated/gemm
Built gemm executable.
Generated C for 'gemver' in /home/kleplj/translation/PolybenchC-Exo/build/generated/gemver
Built gemver executable.
Generated C for 'gesummv' in /home/kleplj/translation/PolybenchC-Exo/build/generated/gesummv
Built gesummv executable.
Generated C for 'symm' in /home/kleplj/translation/PolybenchC-Exo/build/generated/symm
Built symm executable.
Generated C for 'syr2k' in /home/kleplj/translation/PolybenchC-Exo/build/generated/syr2k
Built syr2k executable.
Generated C for 'syrk' in /home/kleplj/translation/PolybenchC-Exo/build/generated/syrk
Built syrk executable.
Generated C for 'trmm' in /home/kleplj/translation/PolybenchC-Exo/build/generated/trmm
Built trmm executable.
Generated C for '2mm' in /home/kleplj/translation/PolybenchC-Exo/build/generated/2mm
Built 2mm executable.
Generated C for '3mm' in /home/kleplj/translation/PolybenchC-Exo/build/generated/3mm
Built 3mm executable.
Generated C for 'atax' in /home/kleplj/translation/PolybenchC-Exo/build/generated/atax
Built atax executable.
Generated C for 'bicg' in /home/kleplj/translation/PolybenchC-Exo/build/generated/bicg
Built bicg executable.
Generated C for 'doitgen' in /home/kleplj/translation/PolybenchC-Exo/build/generated/doitgen
Built doitgen executable.
Generated C for 'mvt' in /home/kleplj/translation/PolybenchC-Exo/build/generated/mvt
Built mvt executable.
Generated C for 'cholesky' in /home/kleplj/translation/PolybenchC-Exo/build/generated/cholesky
Built cholesky executable.
Generated C for 'durbin' in /home/kleplj/translation/PolybenchC-Exo/build/generated/durbin
Built durbin executable.
Generated C for 'gramschmidt' in /home/kleplj/translation/PolybenchC-Exo/build/generated/gramschmidt
Built gramschmidt executable.
Generated C for 'lu' in /home/kleplj/translation/PolybenchC-Exo/build/generated/lu
Built lu executable.
Generated C for 'ludcmp' in /home/kleplj/translation/PolybenchC-Exo/build/generated/ludcmp
Built ludcmp executable.
Generated C for 'trisolv' in /home/kleplj/translation/PolybenchC-Exo/build/generated/trisolv
Built trisolv executable.
Generated C for 'covariance' in /home/kleplj/translation/PolybenchC-Exo/build/generated/covariance
Built covariance executable.
Generated C for 'adi' in /home/kleplj/translation/PolybenchC-Exo/build/generated/adi
Built adi executable.
Generated C for 'fdtd-2d' in /home/kleplj/translation/PolybenchC-Exo/build/generated/fdtd-2d
Built fdtd-2d executable.
Generated C for 'heat-3d' in /home/kleplj/translation/PolybenchC-Exo/build/generated/heat-3d
Built heat-3d executable.
Generated C for 'jacobi-1d' in /home/kleplj/translation/PolybenchC-Exo/build/generated/jacobi-1d
Built jacobi-1d executable.
Generated C for 'jacobi-2d' in /home/kleplj/translation/PolybenchC-Exo/build/generated/jacobi-2d
Built jacobi-2d executable.
Generated C for 'seidel-2d' in /home/kleplj/translation/PolybenchC-Exo/build/generated/seidel-2d
Built seidel-2d executable.
Generated C for 'deriche' in /home/kleplj/translation/PolybenchC-Exo/build/generated/deriche
Built deriche executable.
Generated C for 'floyd-warshall' in /home/kleplj/translation/PolybenchC-Exo/build/generated/floyd-warshall
Built floyd-warshall executable.
Generated C for 'nussinov' in /home/kleplj/translation/PolybenchC-Exo/build/generated/nussinov
Exo build complete. Generated sources in: /home/kleplj/translation/PolybenchC-Exo/build
Removing temp dir /tmp/slurm.150861/tmp.f6kdoXJinR
exo,2mm,0.000457,0.982,valid,4,SMALL
exo,standard,2mm,1,0.000468,4,SMALL
exo,standard,2mm,2,0.000465,4,SMALL
exo,standard,2mm,3,0.000456,4,SMALL
exo,standard,2mm,4,0.000455,4,SMALL
exo,standard,2mm,5,0.000466,4,SMALL
exo,3mm,0.000818,0.982,valid,4,SMALL
exo,standard,3mm,1,0.000833,4,SMALL
exo,standard,3mm,2,0.000814,4,SMALL
exo,standard,3mm,3,0.000832,4,SMALL
exo,standard,3mm,4,0.000834,4,SMALL
exo,standard,3mm,5,0.000832,4,SMALL
exo,adi,0.003782,0.736,valid,4,SMALL
exo,standard,adi,1,0.003808,4,SMALL
exo,standard,adi,2,0.003784,4,SMALL
exo,standard,adi,3,0.003864,4,SMALL
exo,standard,adi,4,0.003767,4,SMALL
exo,standard,adi,5,0.003832,4,SMALL
exo,atax,0.000039,1.026,valid,4,SMALL
exo,standard,atax,1,0.000043,4,SMALL
exo,standard,atax,2,0.000042,4,SMALL
exo,standard,atax,3,0.000040,4,SMALL
exo,standard,atax,4,0.000041,4,SMALL
exo,standard,atax,5,0.000041,4,SMALL
exo,bicg,0.000063,0.857,valid,4,SMALL
exo,standard,bicg,1,0.000055,4,SMALL
exo,standard,bicg,2,0.000055,4,SMALL
exo,standard,bicg,3,0.000053,4,SMALL
exo,standard,bicg,4,0.000055,4,SMALL
exo,standard,bicg,5,0.000054,4,SMALL
exo,cholesky,0.000411,0.978,valid,4,SMALL
exo,standard,cholesky,1,0.000411,4,SMALL
exo,standard,cholesky,2,0.000412,4,SMALL
exo,standard,cholesky,3,0.000412,4,SMALL
exo,standard,cholesky,4,0.000423,4,SMALL
exo,standard,cholesky,5,0.000423,4,SMALL
exo,correlation,,,illegal,4,SMALL
exo,covariance,0.000672,0.932,valid,4,SMALL
exo,standard,covariance,1,0.000666,4,SMALL
exo,standard,covariance,2,0.000678,4,SMALL
exo,standard,covariance,3,0.000677,4,SMALL
exo,standard,covariance,4,0.000665,4,SMALL
exo,standard,covariance,5,0.000676,4,SMALL
exo,deriche,0.000949,0.876,valid,4,SMALL
exo,standard,deriche,1,0.000953,4,SMALL
exo,standard,deriche,2,0.000945,4,SMALL
exo,standard,deriche,3,0.000956,4,SMALL
exo,standard,deriche,4,0.000966,4,SMALL
exo,standard,deriche,5,0.000946,4,SMALL
exo,doitgen,0.000675,0.954,valid,4,SMALL
exo,standard,doitgen,1,0.000663,4,SMALL
exo,standard,doitgen,2,0.000661,4,SMALL
exo,standard,doitgen,3,0.000670,4,SMALL
exo,standard,doitgen,4,0.000666,4,SMALL
exo,standard,doitgen,5,0.000670,4,SMALL
exo,durbin,0.000023,0.826,valid,4,SMALL
exo,standard,durbin,1,0.000023,4,SMALL
exo,standard,durbin,2,0.000023,4,SMALL
exo,standard,durbin,3,0.000023,4,SMALL
exo,standard,durbin,4,0.000023,4,SMALL
exo,standard,durbin,5,0.000024,4,SMALL
exo,fdtd-2d,0.000398,0.817,valid,4,SMALL
exo,standard,fdtd-2d,1,0.000388,4,SMALL
exo,standard,fdtd-2d,2,0.000399,4,SMALL
exo,standard,fdtd-2d,3,0.000388,4,SMALL
exo,standard,fdtd-2d,4,0.000402,4,SMALL
exo,standard,fdtd-2d,5,0.000398,4,SMALL
exo,floyd-warshall,0.006643,1.113,valid,4,SMALL
exo,standard,floyd-warshall,1,0.006629,4,SMALL
exo,standard,floyd-warshall,2,0.006642,4,SMALL
exo,standard,floyd-warshall,3,0.006644,4,SMALL
exo,standard,floyd-warshall,4,0.006681,4,SMALL
exo,standard,floyd-warshall,5,0.006627,4,SMALL
exo,gemm,0.000164,0.634,valid,4,SMALL
exo,standard,gemm,1,0.000164,4,SMALL
exo,standard,gemm,2,0.000162,4,SMALL
exo,standard,gemm,3,0.000162,4,SMALL
exo,standard,gemm,4,0.000172,4,SMALL
exo,standard,gemm,5,0.000162,4,SMALL
exo,gemver,0.000072,0.944,valid,4,SMALL
exo,standard,gemver,1,0.000074,4,SMALL
exo,standard,gemver,2,0.000073,4,SMALL
exo,standard,gemver,3,0.000071,4,SMALL
exo,standard,gemver,4,0.000072,4,SMALL
exo,standard,gemver,5,0.000071,4,SMALL
exo,gesummv,0.000030,1.067,valid,4,SMALL
exo,standard,gesummv,1,0.000031,4,SMALL
exo,standard,gesummv,2,0.000032,4,SMALL
exo,standard,gesummv,3,0.000031,4,SMALL
exo,standard,gesummv,4,0.000031,4,SMALL
exo,standard,gesummv,5,0.000032,4,SMALL
exo,gramschmidt,0.000533,,invalid,4,SMALL
exo,heat-3d,0.001069,0.484,valid,4,SMALL
exo,standard,heat-3d,1,0.001088,4,SMALL
exo,standard,heat-3d,2,0.001076,4,SMALL
exo,standard,heat-3d,3,0.001067,4,SMALL
exo,standard,heat-3d,4,0.001073,4,SMALL
exo,standard,heat-3d,5,0.001070,4,SMALL
exo,jacobi-1d,0.000006,1.000,valid,4,SMALL
exo,standard,jacobi-1d,1,0.000006,4,SMALL
exo,standard,jacobi-1d,2,0.000006,4,SMALL
exo,standard,jacobi-1d,3,0.000006,4,SMALL
exo,standard,jacobi-1d,4,0.000005,4,SMALL
exo,standard,jacobi-1d,5,0.000005,4,SMALL
exo,jacobi-2d,0.000547,0.960,valid,4,SMALL
exo,standard,jacobi-2d,1,0.000549,4,SMALL
exo,standard,jacobi-2d,2,0.000562,4,SMALL
exo,standard,jacobi-2d,3,0.000558,4,SMALL
exo,standard,jacobi-2d,4,0.000650,4,SMALL
exo,standard,jacobi-2d,5,0.000557,4,SMALL
exo,lu,0.000849,0.952,valid,4,SMALL
exo,standard,lu,1,0.000853,4,SMALL
exo,standard,lu,2,0.000849,4,SMALL
exo,standard,lu,3,0.000846,4,SMALL
exo,standard,lu,4,0.000854,4,SMALL
exo,standard,lu,5,0.000858,4,SMALL
exo,ludcmp,0.000787,0.917,valid,4,SMALL
exo,standard,ludcmp,1,0.000794,4,SMALL
exo,standard,ludcmp,2,0.000802,4,SMALL
exo,standard,ludcmp,3,0.000786,4,SMALL
exo,standard,ludcmp,4,0.000796,4,SMALL
exo,standard,ludcmp,5,0.000792,4,SMALL
exo,mvt,0.000045,0.978,valid,4,SMALL
exo,standard,mvt,1,0.000047,4,SMALL
exo,standard,mvt,2,0.000045,4,SMALL
exo,standard,mvt,3,0.000046,4,SMALL
exo,standard,mvt,4,0.000044,4,SMALL
exo,standard,mvt,5,0.000046,4,SMALL
exo,nussinov,,,illegal,4,SMALL
exo,seidel-2d,0.007409,1.000,valid,4,SMALL
exo,standard,seidel-2d,1,0.007475,4,SMALL
exo,standard,seidel-2d,2,0.007472,4,SMALL
exo,standard,seidel-2d,3,0.007427,4,SMALL
exo,standard,seidel-2d,4,0.007463,4,SMALL
exo,standard,seidel-2d,5,0.007411,4,SMALL
exo,symm,0.000326,0.834,valid,4,SMALL
exo,standard,symm,1,0.000314,4,SMALL
exo,standard,symm,2,0.000374,4,SMALL
exo,standard,symm,3,0.000409,4,SMALL
exo,standard,symm,4,0.000324,4,SMALL
exo,standard,symm,5,0.000372,4,SMALL
exo,syr2k,0.000283,0.905,valid,4,SMALL
exo,standard,syr2k,1,0.000282,4,SMALL
exo,standard,syr2k,2,0.000282,4,SMALL
exo,standard,syr2k,3,0.000280,4,SMALL
exo,standard,syr2k,4,0.000272,4,SMALL
exo,standard,syr2k,5,0.000282,4,SMALL
exo,syrk,0.000128,0.938,valid,4,SMALL
exo,standard,syrk,1,0.000155,4,SMALL
exo,standard,syrk,2,0.000126,4,SMALL
exo,standard,syrk,3,0.000139,4,SMALL
exo,standard,syrk,4,0.000126,4,SMALL
exo,standard,syrk,5,0.000140,4,SMALL
exo,trisolv,0.000013,1.077,valid,4,SMALL
exo,standard,trisolv,1,0.000015,4,SMALL
exo,standard,trisolv,2,0.000013,4,SMALL
exo,standard,trisolv,3,0.000013,4,SMALL
exo,standard,trisolv,4,0.000014,4,SMALL
exo,standard,trisolv,5,0.000013,4,SMALL
exo,trmm,0.000214,0.822,valid,4,SMALL
exo,standard,trmm,1,0.000229,4,SMALL
exo,standard,trmm,2,0.000227,4,SMALL
exo,standard,trmm,3,0.000214,4,SMALL
exo,standard,trmm,4,0.000213,4,SMALL
exo,standard,trmm,5,0.000222,4,SMALL
Generated C for 'gemm' in /home/kleplj/translation/PolybenchC-Exo/build/generated/gemm
Built gemm executable.
Generated C for 'gemver' in /home/kleplj/translation/PolybenchC-Exo/build/generated/gemver
Built gemver executable.
Generated C for 'gesummv' in /home/kleplj/translation/PolybenchC-Exo/build/generated/gesummv
Built gesummv executable.
Generated C for 'symm' in /home/kleplj/translation/PolybenchC-Exo/build/generated/symm
Built symm executable.
Generated C for 'syr2k' in /home/kleplj/translation/PolybenchC-Exo/build/generated/syr2k
Built syr2k executable.
Generated C for 'syrk' in /home/kleplj/translation/PolybenchC-Exo/build/generated/syrk
Built syrk executable.
Generated C for 'trmm' in /home/kleplj/translation/PolybenchC-Exo/build/generated/trmm
Built trmm executable.
Generated C for '2mm' in /home/kleplj/translation/PolybenchC-Exo/build/generated/2mm
Built 2mm executable.
Generated C for '3mm' in /home/kleplj/translation/PolybenchC-Exo/build/generated/3mm
Built 3mm executable.
Generated C for 'atax' in /home/kleplj/translation/PolybenchC-Exo/build/generated/atax
Built atax executable.
Generated C for 'bicg' in /home/kleplj/translation/PolybenchC-Exo/build/generated/bicg
Built bicg executable.
Generated C for 'doitgen' in /home/kleplj/translation/PolybenchC-Exo/build/generated/doitgen
Built doitgen executable.
Generated C for 'mvt' in /home/kleplj/translation/PolybenchC-Exo/build/generated/mvt
Built mvt executable.
Generated C for 'cholesky' in /home/kleplj/translation/PolybenchC-Exo/build/generated/cholesky
Built cholesky executable.
Generated C for 'durbin' in /home/kleplj/translation/PolybenchC-Exo/build/generated/durbin
Built durbin executable.
Generated C for 'gramschmidt' in /home/kleplj/translation/PolybenchC-Exo/build/generated/gramschmidt
Built gramschmidt executable.
Generated C for 'lu' in /home/kleplj/translation/PolybenchC-Exo/build/generated/lu
Built lu executable.
Generated C for 'ludcmp' in /home/kleplj/translation/PolybenchC-Exo/build/generated/ludcmp
Built ludcmp executable.
Generated C for 'trisolv' in /home/kleplj/translation/PolybenchC-Exo/build/generated/trisolv
Built trisolv executable.
Generated C for 'covariance' in /home/kleplj/translation/PolybenchC-Exo/build/generated/covariance
Built covariance executable.
Generated C for 'fdtd-2d' in /home/kleplj/translation/PolybenchC-Exo/build/generated/fdtd-2d
Built fdtd-2d executable.
Generated C for 'heat-3d' in /home/kleplj/translation/PolybenchC-Exo/build/generated/heat-3d
Built heat-3d executable.
Generated C for 'jacobi-1d' in /home/kleplj/translation/PolybenchC-Exo/build/generated/jacobi-1d
Built jacobi-1d executable.
Generated C for 'jacobi-2d' in /home/kleplj/translation/PolybenchC-Exo/build/generated/jacobi-2d
Built jacobi-2d executable.
Generated C for 'seidel-2d' in /home/kleplj/translation/PolybenchC-Exo/build/generated/seidel-2d
Built seidel-2d executable.
Generated C for 'deriche' in /home/kleplj/translation/PolybenchC-Exo/build/generated/deriche
Built deriche executable.
Generated C for 'floyd-warshall' in /home/kleplj/translation/PolybenchC-Exo/build/generated/floyd-warshall
Built floyd-warshall executable.
Generated C for 'nussinov' in /home/kleplj/translation/PolybenchC-Exo/build/generated/nussinov
Built nussinov executable.
Exo build complete. Generated sources in: /home/kleplj/translation/PolybenchC-Exo/build
Removing temp dir /tmp/slurm.150861/tmp.p1LvoHXdXq
exo,2mm,0.000472,0.930,valid,5,SMALL
exo,standard,2mm,1,0.000456,5,SMALL
exo,standard,2mm,2,0.000473,5,SMALL
exo,standard,2mm,3,0.000466,5,SMALL
exo,standard,2mm,4,0.000454,5,SMALL
exo,standard,2mm,5,0.000471,5,SMALL
exo,3mm,0.000832,0.968,valid,5,SMALL
exo,standard,3mm,1,0.000836,5,SMALL
exo,standard,3mm,2,0.000835,5,SMALL
exo,standard,3mm,3,0.000836,5,SMALL
exo,standard,3mm,4,0.000842,5,SMALL
exo,standard,3mm,5,0.000831,5,SMALL
exo,adi,,,illegal,5,SMALL
exo,atax,0.000042,0.905,valid,5,SMALL
exo,standard,atax,1,0.000055,5,SMALL
exo,standard,atax,2,0.000041,5,SMALL
exo,standard,atax,3,0.000041,5,SMALL
exo,standard,atax,4,0.000029,5,SMALL
exo,standard,atax,5,0.000054,5,SMALL
exo,bicg,0.000053,1.019,valid,5,SMALL
exo,standard,bicg,1,0.000066,5,SMALL
exo,standard,bicg,2,0.000053,5,SMALL
exo,standard,bicg,3,0.000053,5,SMALL
exo,standard,bicg,4,0.000053,5,SMALL
exo,standard,bicg,5,0.000054,5,SMALL
exo,cholesky,0.000411,0.988,valid,5,SMALL
exo,standard,cholesky,1,0.000420,5,SMALL
exo,standard,cholesky,2,0.000422,5,SMALL
exo,standard,cholesky,3,0.000412,5,SMALL
exo,standard,cholesky,4,0.000410,5,SMALL
exo,standard,cholesky,5,0.000427,5,SMALL
exo,correlation,,,illegal,5,SMALL
exo,covariance,0.000679,0.909,valid,5,SMALL
exo,standard,covariance,1,0.000678,5,SMALL
exo,standard,covariance,2,0.000680,5,SMALL
exo,standard,covariance,3,0.000679,5,SMALL
exo,standard,covariance,4,0.000675,5,SMALL
exo,standard,covariance,5,0.000673,5,SMALL
exo,deriche,0.000961,0.872,valid,5,SMALL
exo,standard,deriche,1,0.000959,5,SMALL
exo,standard,deriche,2,0.000966,5,SMALL
exo,standard,deriche,3,0.000947,5,SMALL
exo,standard,deriche,4,0.000952,5,SMALL
exo,standard,deriche,5,0.000948,5,SMALL
exo,doitgen,0.000661,0.891,valid,5,SMALL
exo,standard,doitgen,1,0.000668,5,SMALL
exo,standard,doitgen,2,0.000660,5,SMALL
exo,standard,doitgen,3,0.000669,5,SMALL
exo,standard,doitgen,4,0.000616,5,SMALL
exo,standard,doitgen,5,0.000657,5,SMALL
exo,durbin,0.000023,0.826,valid,5,SMALL
exo,standard,durbin,1,0.000023,5,SMALL
exo,standard,durbin,2,0.000023,5,SMALL
exo,standard,durbin,3,0.000023,5,SMALL
exo,standard,durbin,4,0.000023,5,SMALL
exo,standard,durbin,5,0.000023,5,SMALL
exo,fdtd-2d,0.000386,0.855,valid,5,SMALL
exo,standard,fdtd-2d,1,0.000385,5,SMALL
exo,standard,fdtd-2d,2,0.000407,5,SMALL
exo,standard,fdtd-2d,3,0.000387,5,SMALL
exo,standard,fdtd-2d,4,0.000415,5,SMALL
exo,standard,fdtd-2d,5,0.000386,5,SMALL
exo,floyd-warshall,0.006628,1.106,valid,5,SMALL
exo,standard,floyd-warshall,1,0.006639,5,SMALL
exo,standard,floyd-warshall,2,0.006657,5,SMALL
exo,standard,floyd-warshall,3,0.006670,5,SMALL
exo,standard,floyd-warshall,4,0.006620,5,SMALL
exo,standard,floyd-warshall,5,0.006643,5,SMALL
exo,gemm,0.000162,0.648,valid,5,SMALL
exo,standard,gemm,1,0.000164,5,SMALL
exo,standard,gemm,2,0.000161,5,SMALL
exo,standard,gemm,3,0.000163,5,SMALL
exo,standard,gemm,4,0.000163,5,SMALL
exo,standard,gemm,5,0.000162,5,SMALL
exo,gemver,0.000069,0.971,valid,5,SMALL
exo,standard,gemver,1,0.000071,5,SMALL
exo,standard,gemver,2,0.000073,5,SMALL
exo,standard,gemver,3,0.000071,5,SMALL
exo,standard,gemver,4,0.000070,5,SMALL
exo,standard,gemver,5,0.000071,5,SMALL
exo,gesummv,0.000030,1.067,valid,5,SMALL
exo,standard,gesummv,1,0.000033,5,SMALL
exo,standard,gesummv,2,0.000031,5,SMALL
exo,standard,gesummv,3,0.000031,5,SMALL
exo,standard,gesummv,4,0.000030,5,SMALL
exo,standard,gesummv,5,0.000032,5,SMALL
exo,gramschmidt,0.000537,,invalid,5,SMALL
exo,heat-3d,0.001070,0.482,valid,5,SMALL
exo,standard,heat-3d,1,0.001081,5,SMALL
exo,standard,heat-3d,2,0.001068,5,SMALL
exo,standard,heat-3d,3,0.001069,5,SMALL
exo,standard,heat-3d,4,0.001082,5,SMALL
exo,standard,heat-3d,5,0.001075,5,SMALL
exo,jacobi-1d,0.000006,1.000,valid,5,SMALL
exo,standard,jacobi-1d,1,0.000006,5,SMALL
exo,standard,jacobi-1d,2,0.000006,5,SMALL
exo,standard,jacobi-1d,3,0.000006,5,SMALL
exo,standard,jacobi-1d,4,0.000006,5,SMALL
exo,standard,jacobi-1d,5,0.000006,5,SMALL
exo,jacobi-2d,0.000686,0.748,valid,5,SMALL
exo,standard,jacobi-2d,1,0.000556,5,SMALL
exo,standard,jacobi-2d,2,0.000571,5,SMALL
exo,standard,jacobi-2d,3,0.000691,5,SMALL
exo,standard,jacobi-2d,4,0.000673,5,SMALL
exo,standard,jacobi-2d,5,0.000565,5,SMALL
exo,lu,0.000851,0.940,valid,5,SMALL
exo,standard,lu,1,0.000859,5,SMALL
exo,standard,lu,2,0.000849,5,SMALL
exo,standard,lu,3,0.000852,5,SMALL
exo,standard,lu,4,0.000849,5,SMALL
exo,standard,lu,5,0.000846,5,SMALL
exo,ludcmp,0.000780,0.944,valid,5,SMALL
exo,standard,ludcmp,1,0.000786,5,SMALL
exo,standard,ludcmp,2,0.000774,5,SMALL
exo,standard,ludcmp,3,0.000787,5,SMALL
exo,standard,ludcmp,4,0.000779,5,SMALL
exo,standard,ludcmp,5,0.000780,5,SMALL
exo,mvt,0.000046,0.913,valid,5,SMALL
exo,standard,mvt,1,0.000045,5,SMALL
exo,standard,mvt,2,0.000045,5,SMALL
exo,standard,mvt,3,0.000046,5,SMALL
exo,standard,mvt,4,0.000044,5,SMALL
exo,standard,mvt,5,0.000045,5,SMALL
exo,nussinov,0.002652,1.087,valid,5,SMALL
exo,standard,nussinov,1,0.002828,5,SMALL
exo,standard,nussinov,2,0.002646,5,SMALL
exo,standard,nussinov,3,0.002666,5,SMALL
exo,standard,nussinov,4,0.002644,5,SMALL
exo,standard,nussinov,5,0.002646,5,SMALL
exo,seidel-2d,0.007412,0.999,valid,5,SMALL
exo,standard,seidel-2d,1,0.007419,5,SMALL
exo,standard,seidel-2d,2,0.007413,5,SMALL
exo,standard,seidel-2d,3,0.007427,5,SMALL
exo,standard,seidel-2d,4,0.007450,5,SMALL
exo,standard,seidel-2d,5,0.007443,5,SMALL
exo,symm,0.000315,1.041,valid,5,SMALL
exo,standard,symm,1,0.000314,5,SMALL
exo,standard,symm,2,0.000315,5,SMALL
exo,standard,symm,3,0.000370,5,SMALL
exo,standard,symm,4,0.000373,5,SMALL
exo,standard,symm,5,0.000381,5,SMALL
exo,syr2k,0.000311,0.961,valid,5,SMALL
exo,standard,syr2k,1,0.000281,5,SMALL
exo,standard,syr2k,2,0.000307,5,SMALL
exo,standard,syr2k,3,0.000282,5,SMALL
exo,standard,syr2k,4,0.000260,5,SMALL
exo,standard,syr2k,5,0.000294,5,SMALL
exo,syrk,0.000127,0.803,valid,5,SMALL
exo,standard,syrk,1,0.000141,5,SMALL
exo,standard,syrk,2,0.000139,5,SMALL
exo,standard,syrk,3,0.000155,5,SMALL
exo,standard,syrk,4,0.000139,5,SMALL
exo,standard,syrk,5,0.000145,5,SMALL
exo,trisolv,0.000013,1.000,valid,5,SMALL
exo,standard,trisolv,1,0.000016,5,SMALL
exo,standard,trisolv,2,0.000014,5,SMALL
exo,standard,trisolv,3,0.000015,5,SMALL
exo,standard,trisolv,4,0.000013,5,SMALL
exo,standard,trisolv,5,0.000013,5,SMALL
exo,trmm,0.000223,0.785,valid,5,SMALL
exo,standard,trmm,1,0.000228,5,SMALL
exo,standard,trmm,2,0.000213,5,SMALL
exo,standard,trmm,3,0.000215,5,SMALL
exo,standard,trmm,4,0.000230,5,SMALL
exo,standard,trmm,5,0.000213,5,SMALL
Skipping C standard 2mm for dataset size SMALL (already done).
Skipping C standard 2mm for dataset size SMALL (already done).
Skipping C standard 3mm for dataset size SMALL (already done).
Skipping C standard 3mm for dataset size SMALL (already done).
Skipping C standard adi for dataset size SMALL (already done).
Skipping C standard adi for dataset size SMALL (already done).
Skipping C standard atax for dataset size SMALL (already done).
Skipping C standard atax for dataset size SMALL (already done).
Skipping C standard bicg for dataset size SMALL (already done).
Skipping C standard bicg for dataset size SMALL (already done).
Skipping C standard cholesky for dataset size SMALL (already done).
Skipping C standard cholesky for dataset size SMALL (already done).
Skipping C standard correlation for dataset size SMALL (already done).
Skipping C standard correlation for dataset size SMALL (already done).
Skipping C standard covariance for dataset size SMALL (already done).
Skipping C standard covariance for dataset size SMALL (already done).
Skipping C standard deriche for dataset size SMALL (already done).
Skipping C standard deriche for dataset size SMALL (already done).
Skipping C standard doitgen for dataset size SMALL (already done).
Skipping C standard doitgen for dataset size SMALL (already done).
Skipping C standard durbin for dataset size SMALL (already done).
Skipping C standard durbin for dataset size SMALL (already done).
Skipping C standard fdtd-2d for dataset size SMALL (already done).
Skipping C standard fdtd-2d for dataset size SMALL (already done).
Skipping C standard floyd-warshall for dataset size SMALL (already done).
Skipping C standard floyd-warshall for dataset size SMALL (already done).
Skipping C standard gemm for dataset size SMALL (already done).
Skipping C standard gemm for dataset size SMALL (already done).
Skipping C standard gemver for dataset size SMALL (already done).
Skipping C standard gemver for dataset size SMALL (already done).
Skipping C standard gesummv for dataset size SMALL (already done).
Skipping C standard gesummv for dataset size SMALL (already done).
Skipping C standard gramschmidt for dataset size SMALL (already done).
Skipping C standard gramschmidt for dataset size SMALL (already done).
Skipping C standard heat-3d for dataset size SMALL (already done).
Skipping C standard heat-3d for dataset size SMALL (already done).
Skipping C standard jacobi-1d for dataset size SMALL (already done).
Skipping C standard jacobi-1d for dataset size SMALL (already done).
Skipping C standard jacobi-2d for dataset size SMALL (already done).
Skipping C standard jacobi-2d for dataset size SMALL (already done).
Skipping C standard lu for dataset size SMALL (already done).
Skipping C standard lu for dataset size SMALL (already done).
Skipping C standard ludcmp for dataset size SMALL (already done).
Skipping C standard ludcmp for dataset size SMALL (already done).
Skipping C standard mvt for dataset size SMALL (already done).
Skipping C standard mvt for dataset size SMALL (already done).
Skipping C standard nussinov for dataset size SMALL (already done).
Skipping C standard nussinov for dataset size SMALL (already done).
Skipping C standard seidel-2d for dataset size SMALL (already done).
Skipping C standard seidel-2d for dataset size SMALL (already done).
Skipping C standard symm for dataset size SMALL (already done).
Skipping C standard symm for dataset size SMALL (already done).
Skipping C standard syr2k for dataset size SMALL (already done).
Skipping C standard syr2k for dataset size SMALL (already done).
Skipping C standard syrk for dataset size SMALL (already done).
Skipping C standard syrk for dataset size SMALL (already done).
Skipping C standard trisolv for dataset size SMALL (already done).
Skipping C standard trisolv for dataset size SMALL (already done).
Skipping C standard trmm for dataset size SMALL (already done).
Skipping C standard trmm for dataset size SMALL (already done).
-- The CXX compiler identification is GNU 15.2.0
-- Detecting CXX compiler ABI info
-- Detecting CXX compiler ABI info - done
-- Check for working CXX compiler: /usr/local/latestgcc/bin/g++ - skipped
-- Detecting CXX compile features
-- Detecting CXX compile features - done
-- Using NOARR_STRUCTURES_DIR from environment: /home/kleplj/translation/submodules/noarr-structures
-- Configuring done (0.4s)
-- Generating done (0.7s)
-- Build files have been written to: /home/kleplj/translation/PolybenchC-Noarr/build
[  8%] Building CXX object CMakeFiles/covariance.dir/datamining/covariance/covariance.cpp.o
[  8%] Building CXX object CMakeFiles/correlation.dir/datamining/correlation/correlation.cpp.o
[ 11%] Building CXX object CMakeFiles/gemm.dir/linear-algebra/blas/gemm/gemm.cpp.o
[ 11%] Building CXX object CMakeFiles/gemver.dir/linear-algebra/blas/gemver/gemver.cpp.o
[ 11%] Building CXX object CMakeFiles/gesummv.dir/linear-algebra/blas/gesummv/gesummv.cpp.o
[ 23%] Building CXX object CMakeFiles/syrk.dir/linear-algebra/blas/syrk/syrk.cpp.o
[ 23%] Building CXX object CMakeFiles/symm.dir/linear-algebra/blas/symm/symm.cpp.o
[ 23%] Building CXX object CMakeFiles/syr2k.dir/linear-algebra/blas/syr2k/syr2k.cpp.o
[ 23%] Building CXX object CMakeFiles/atax.dir/linear-algebra/kernels/atax/atax.cpp.o
[ 23%] Building CXX object CMakeFiles/bicg.dir/linear-algebra/kernels/bicg/bicg.cpp.o
[ 23%] Building CXX object CMakeFiles/2mm.dir/linear-algebra/kernels/2mm/2mm.cpp.o
[ 50%] Building CXX object CMakeFiles/trisolv.dir/linear-algebra/solvers/trisolv/trisolv.cpp.o
[ 50%] Building CXX object CMakeFiles/floyd-warshall.dir/medley/floyd-warshall/floyd-warshall.cpp.o
[ 50%] Building CXX object CMakeFiles/lu.dir/linear-algebra/solvers/lu/lu.cpp.o
[ 50%] Building CXX object CMakeFiles/3mm.dir/linear-algebra/kernels/3mm/3mm.cpp.o
[ 50%] Building CXX object CMakeFiles/fdtd-2d.dir/stencils/fdtd-2d/fdtd-2d.cpp.o
[ 50%] Building CXX object CMakeFiles/cholesky.dir/linear-algebra/solvers/cholesky/cholesky.cpp.o
[ 50%] Building CXX object CMakeFiles/mvt.dir/linear-algebra/kernels/mvt/mvt.cpp.o
[ 50%] Building CXX object CMakeFiles/ludcmp.dir/linear-algebra/solvers/ludcmp/ludcmp.cpp.o
[ 50%] Building CXX object CMakeFiles/seidel-2d.dir/stencils/seidel-2d/seidel-2d.cpp.o
[ 50%] Building CXX object CMakeFiles/jacobi-1d.dir/stencils/jacobi-1d/jacobi-1d.cpp.o
[ 50%] Building CXX object CMakeFiles/adi.dir/stencils/adi/adi.cpp.o
[ 50%] Building CXX object CMakeFiles/durbin.dir/linear-algebra/solvers/durbin/durbin.cpp.o
[ 50%] Building CXX object CMakeFiles/deriche.dir/medley/deriche/deriche.cpp.o
[ 50%] Building CXX object CMakeFiles/trmm.dir/linear-algebra/blas/trmm/trmm.cpp.o
[ 50%] Building CXX object CMakeFiles/gramschmidt.dir/linear-algebra/solvers/gramschmidt/gramschmidt.cpp.o
[ 50%] Building CXX object CMakeFiles/doitgen.dir/linear-algebra/kernels/doitgen/doitgen.cpp.o
[ 50%] Building CXX object CMakeFiles/nussinov.dir/medley/nussinov/nussinov.cpp.o
[ 50%] Building CXX object CMakeFiles/heat-3d.dir/stencils/heat-3d/heat-3d.cpp.o
[ 50%] Building CXX object CMakeFiles/jacobi-2d.dir/stencils/jacobi-2d/jacobi-2d.cpp.o
[ 51%] Linking CXX executable jacobi-1d
[ 53%] Linking CXX executable durbin
[ 53%] Built target jacobi-1d
[ 53%] Built target durbin
[ 55%] Linking CXX executable trisolv
[ 56%] Linking CXX executable gesummv
[ 58%] Linking CXX executable bicg
[ 60%] Linking CXX executable atax
[ 60%] Built target trisolv
[ 61%] Linking CXX executable jacobi-2d
[ 63%] Linking CXX executable adi
[ 63%] Built target gesummv
[ 65%] Linking CXX executable floyd-warshall
[ 65%] Built target bicg
[ 65%] Built target atax
[ 66%] Linking CXX executable mvt
[ 68%] Linking CXX executable cholesky
[ 68%] Built target jacobi-2d
[ 70%] Linking CXX executable gemver
[ 70%] Built target adi
[ 70%] Built target floyd-warshall
[ 71%] Linking CXX executable nussinov
[ 73%] Linking CXX executable deriche
[ 73%] Built target mvt
[ 73%] Built target cholesky
[ 75%] Linking CXX executable syrk
[ 75%] Built target gemver
[ 75%] Built target nussinov
[ 75%] Built target deriche
[ 76%] Linking CXX executable heat-3d
[ 78%] Linking CXX executable covariance
[ 80%] Linking CXX executable symm
[ 80%] Built target syrk
[ 81%] Linking CXX executable trmm
[ 83%] Linking CXX executable correlation
[ 85%] Linking CXX executable seidel-2d
[ 85%] Built target heat-3d
[ 85%] Built target covariance
[ 85%] Built target symm
[ 85%] Built target trmm
[ 85%] Built target correlation
[ 86%] Linking CXX executable syr2k
[ 86%] Built target seidel-2d
[ 88%] Linking CXX executable gramschmidt
[ 90%] Linking CXX executable gemm
[ 90%] Built target syr2k
[ 91%] Linking CXX executable ludcmp
[ 91%] Built target gramschmidt
[ 91%] Built target gemm
[ 93%] Linking CXX executable fdtd-2d
[ 93%] Built target ludcmp
[ 93%] Built target fdtd-2d
[ 95%] Linking CXX executable doitgen
[ 95%] Built target doitgen
[ 96%] Linking CXX executable 2mm
[ 96%] Built target 2mm
[ 98%] Linking CXX executable 3mm
[ 98%] Built target 3mm
Skipping noarr translation 2mm repetition 1 for dataset size SMALL (already done).
Skipping noarr translation 2mm repetition 1 for dataset size SMALL (already done).
Skipping noarr translation 3mm repetition 1 for dataset size SMALL (already done).
Skipping noarr translation 3mm repetition 1 for dataset size SMALL (already done).
Skipping noarr translation adi repetition 1 for dataset size SMALL (already done).
Skipping noarr translation adi repetition 1 for dataset size SMALL (already done).
Skipping noarr translation atax repetition 1 for dataset size SMALL (already done).
Skipping noarr translation atax repetition 1 for dataset size SMALL (already done).
Skipping noarr translation bicg repetition 1 for dataset size SMALL (already done).
Skipping noarr translation bicg repetition 1 for dataset size SMALL (already done).
Skipping noarr translation correlation repetition 1 for dataset size SMALL (already done).
Skipping noarr translation correlation repetition 1 for dataset size SMALL (already done).
Skipping noarr translation covariance repetition 1 for dataset size SMALL (already done).
Skipping noarr translation covariance repetition 1 for dataset size SMALL (already done).
Skipping noarr translation deriche repetition 1 for dataset size SMALL (already done).
Skipping noarr translation deriche repetition 1 for dataset size SMALL (already done).
Skipping noarr translation doitgen repetition 1 for dataset size SMALL (already done).
Skipping noarr translation doitgen repetition 1 for dataset size SMALL (already done).
Skipping noarr translation durbin repetition 1 for dataset size SMALL (already done).
Skipping noarr translation durbin repetition 1 for dataset size SMALL (already done).
Skipping noarr translation fdtd-2d repetition 1 for dataset size SMALL (already done).
Skipping noarr translation fdtd-2d repetition 1 for dataset size SMALL (already done).
Skipping noarr translation floyd-warshall repetition 1 for dataset size SMALL (already done).
Skipping noarr translation floyd-warshall repetition 1 for dataset size SMALL (already done).
Skipping noarr translation gemm repetition 1 for dataset size SMALL (already done).
Skipping noarr translation gemm repetition 1 for dataset size SMALL (already done).
Skipping noarr translation gemver repetition 1 for dataset size SMALL (already done).
Skipping noarr translation gemver repetition 1 for dataset size SMALL (already done).
Skipping noarr translation gesummv repetition 1 for dataset size SMALL (already done).
Skipping noarr translation gesummv repetition 1 for dataset size SMALL (already done).
Skipping noarr translation heat-3d repetition 1 for dataset size SMALL (already done).
Skipping noarr translation heat-3d repetition 1 for dataset size SMALL (already done).
Skipping noarr translation jacobi-1d repetition 1 for dataset size SMALL (already done).
Skipping noarr translation jacobi-1d repetition 1 for dataset size SMALL (already done).
Skipping noarr translation jacobi-2d repetition 1 for dataset size SMALL (already done).
Skipping noarr translation jacobi-2d repetition 1 for dataset size SMALL (already done).
Skipping noarr translation ludcmp repetition 1 for dataset size SMALL (already done).
Skipping noarr translation ludcmp repetition 1 for dataset size SMALL (already done).
Skipping noarr translation mvt repetition 1 for dataset size SMALL (already done).
Skipping noarr translation mvt repetition 1 for dataset size SMALL (already done).
Skipping noarr translation seidel-2d repetition 1 for dataset size SMALL (already done).
Skipping noarr translation seidel-2d repetition 1 for dataset size SMALL (already done).
Skipping noarr translation symm repetition 1 for dataset size SMALL (already done).
Skipping noarr translation symm repetition 1 for dataset size SMALL (already done).
Skipping noarr translation syr2k repetition 1 for dataset size SMALL (already done).
Skipping noarr translation syr2k repetition 1 for dataset size SMALL (already done).
Skipping noarr translation syrk repetition 1 for dataset size SMALL (already done).
Skipping noarr translation syrk repetition 1 for dataset size SMALL (already done).
Skipping noarr translation trmm repetition 1 for dataset size SMALL (already done).
Skipping noarr translation trmm repetition 1 for dataset size SMALL (already done).
-- The CXX compiler identification is GNU 15.2.0
-- Detecting CXX compiler ABI info
-- Detecting CXX compiler ABI info - done
-- Check for working CXX compiler: /usr/local/latestgcc/bin/g++ - skipped
-- Detecting CXX compile features
-- Detecting CXX compile features - done
-- Using NOARR_STRUCTURES_DIR from environment: /home/kleplj/translation/submodules/noarr-structures
-- Configuring done (0.5s)
-- Generating done (0.7s)
-- Build files have been written to: /home/kleplj/translation/PolybenchC-Noarr/build
[  8%] Building CXX object CMakeFiles/covariance.dir/datamining/covariance/covariance.cpp.o
[  8%] Building CXX object CMakeFiles/correlation.dir/datamining/correlation/correlation.cpp.o
[ 13%] Building CXX object CMakeFiles/gemver.dir/linear-algebra/blas/gemver/gemver.cpp.o
[ 13%] Building CXX object CMakeFiles/gemm.dir/linear-algebra/blas/gemm/gemm.cpp.o
[ 13%] Building CXX object CMakeFiles/symm.dir/linear-algebra/blas/symm/symm.cpp.o
[ 23%] Building CXX object CMakeFiles/syr2k.dir/linear-algebra/blas/syr2k/syr2k.cpp.o
[ 23%] Building CXX object CMakeFiles/3mm.dir/linear-algebra/kernels/3mm/3mm.cpp.o
[ 23%] Building CXX object CMakeFiles/2mm.dir/linear-algebra/kernels/2mm/2mm.cpp.o
[ 23%] Building CXX object CMakeFiles/atax.dir/linear-algebra/kernels/atax/atax.cpp.o
[ 23%] Building CXX object CMakeFiles/trmm.dir/linear-algebra/blas/trmm/trmm.cpp.o
[ 23%] Building CXX object CMakeFiles/gesummv.dir/linear-algebra/blas/gesummv/gesummv.cpp.o
[ 23%] Building CXX object CMakeFiles/syrk.dir/linear-algebra/blas/syrk/syrk.cpp.o
[ 40%] Building CXX object CMakeFiles/floyd-warshall.dir/medley/floyd-warshall/floyd-warshall.cpp.o
[ 50%] Building CXX object CMakeFiles/lu.dir/linear-algebra/solvers/lu/lu.cpp.o
[ 50%] Building CXX object CMakeFiles/doitgen.dir/linear-algebra/kernels/doitgen/doitgen.cpp.o
[ 50%] Building CXX object CMakeFiles/deriche.dir/medley/deriche/deriche.cpp.o
[ 50%] Building CXX object CMakeFiles/gramschmidt.dir/linear-algebra/solvers/gramschmidt/gramschmidt.cpp.o
[ 50%] Building CXX object CMakeFiles/durbin.dir/linear-algebra/solvers/durbin/durbin.cpp.o
[ 50%] Building CXX object CMakeFiles/cholesky.dir/linear-algebra/solvers/cholesky/cholesky.cpp.o
[ 50%] Building CXX object CMakeFiles/bicg.dir/linear-algebra/kernels/bicg/bicg.cpp.o
[ 50%] Building CXX object CMakeFiles/fdtd-2d.dir/stencils/fdtd-2d/fdtd-2d.cpp.o
[ 50%] Building CXX object CMakeFiles/mvt.dir/linear-algebra/kernels/mvt/mvt.cpp.o
[ 50%] Building CXX object CMakeFiles/heat-3d.dir/stencils/heat-3d/heat-3d.cpp.o
[ 50%] Building CXX object CMakeFiles/adi.dir/stencils/adi/adi.cpp.o
[ 50%] Building CXX object CMakeFiles/ludcmp.dir/linear-algebra/solvers/ludcmp/ludcmp.cpp.o
[ 50%] Building CXX object CMakeFiles/trisolv.dir/linear-algebra/solvers/trisolv/trisolv.cpp.o
[ 50%] Building CXX object CMakeFiles/jacobi-1d.dir/stencils/jacobi-1d/jacobi-1d.cpp.o
[ 50%] Building CXX object CMakeFiles/nussinov.dir/medley/nussinov/nussinov.cpp.o
[ 50%] Building CXX object CMakeFiles/seidel-2d.dir/stencils/seidel-2d/seidel-2d.cpp.o
[ 50%] Building CXX object CMakeFiles/jacobi-2d.dir/stencils/jacobi-2d/jacobi-2d.cpp.o
[ 51%] Linking CXX executable durbin
[ 53%] Linking CXX executable jacobi-1d
[ 53%] Built target durbin
[ 55%] Linking CXX executable floyd-warshall
[ 55%] Built target jacobi-1d
[ 56%] Linking CXX executable seidel-2d
[ 58%] Linking CXX executable trisolv
[ 60%] Linking CXX executable nussinov
[ 60%] Built target floyd-warshall
[ 60%] Built target seidel-2d
[ 61%] Linking CXX executable jacobi-2d
[ 63%] Linking CXX executable gesummv
[ 63%] Built target trisolv
[ 63%] Built target nussinov
[ 65%] Linking CXX executable bicg
[ 66%] Linking CXX executable atax
[ 66%] Built target jacobi-2d
[ 66%] Built target gesummv
[ 68%] Linking CXX executable mvt
[ 68%] Built target bicg
[ 70%] Linking CXX executable trmm
[ 71%] Linking CXX executable deriche
[ 71%] Built target atax
[ 73%] Linking CXX executable lu
[ 73%] Built target mvt
[ 73%] Built target trmm
[ 73%] Built target deriche
[ 76%] Linking CXX executable covariance
[ 76%] Linking CXX executable cholesky
[ 76%] Built target lu
[ 78%] Linking CXX executable symm
[ 80%] Linking CXX executable syr2k
[ 80%] Built target covariance
[ 81%] Built target cholesky
[ 81%] Linking CXX executable syrk
[ 81%] Built target symm
[ 83%] Linking CXX executable gramschmidt
[ 85%] Linking CXX executable heat-3d
[ 86%] Linking CXX executable doitgen
[ 86%] Built target syr2k
[ 86%] Built target syrk
[ 86%] Built target gramschmidt
[ 86%] Built target heat-3d
[ 86%] Built target doitgen
[ 88%] Linking CXX executable fdtd-2d
[ 90%] Linking CXX executable gemm
[ 91%] Linking CXX executable gemver
[ 91%] Built target fdtd-2d
[ 91%] Built target gemm
[ 91%] Built target gemver
[ 93%] Linking CXX executable correlation
[ 93%] Built target correlation
[ 95%] Linking CXX executable 2mm
[ 95%] Built target 2mm
[ 96%] Linking CXX executable 3mm
[ 96%] Built target 3mm
Skipping noarr translation 2mm repetition 2 for dataset size SMALL (already done).
Skipping noarr translation 2mm repetition 2 for dataset size SMALL (already done).
Skipping noarr translation 3mm repetition 2 for dataset size SMALL (already done).
Skipping noarr translation 3mm repetition 2 for dataset size SMALL (already done).
Skipping noarr translation atax repetition 2 for dataset size SMALL (already done).
Skipping noarr translation atax repetition 2 for dataset size SMALL (already done).
Skipping noarr translation bicg repetition 2 for dataset size SMALL (already done).
Skipping noarr translation bicg repetition 2 for dataset size SMALL (already done).
Skipping noarr translation correlation repetition 2 for dataset size SMALL (already done).
Skipping noarr translation correlation repetition 2 for dataset size SMALL (already done).
Skipping noarr translation covariance repetition 2 for dataset size SMALL (already done).
Skipping noarr translation covariance repetition 2 for dataset size SMALL (already done).
Skipping noarr translation deriche repetition 2 for dataset size SMALL (already done).
Skipping noarr translation deriche repetition 2 for dataset size SMALL (already done).
Skipping noarr translation doitgen repetition 2 for dataset size SMALL (already done).
Skipping noarr translation doitgen repetition 2 for dataset size SMALL (already done).
Skipping noarr translation durbin repetition 2 for dataset size SMALL (already done).
Skipping noarr translation durbin repetition 2 for dataset size SMALL (already done).
Skipping noarr translation fdtd-2d repetition 2 for dataset size SMALL (already done).
Skipping noarr translation fdtd-2d repetition 2 for dataset size SMALL (already done).
Skipping noarr translation floyd-warshall repetition 2 for dataset size SMALL (already done).
Skipping noarr translation floyd-warshall repetition 2 for dataset size SMALL (already done).
Skipping noarr translation gemm repetition 2 for dataset size SMALL (already done).
Skipping noarr translation gemm repetition 2 for dataset size SMALL (already done).
Skipping noarr translation gemver repetition 2 for dataset size SMALL (already done).
Skipping noarr translation gemver repetition 2 for dataset size SMALL (already done).
Skipping noarr translation gesummv repetition 2 for dataset size SMALL (already done).
Skipping noarr translation gesummv repetition 2 for dataset size SMALL (already done).
Skipping noarr translation heat-3d repetition 2 for dataset size SMALL (already done).
Skipping noarr translation heat-3d repetition 2 for dataset size SMALL (already done).
Skipping noarr translation jacobi-1d repetition 2 for dataset size SMALL (already done).
Skipping noarr translation jacobi-1d repetition 2 for dataset size SMALL (already done).
Skipping noarr translation jacobi-2d repetition 2 for dataset size SMALL (already done).
Skipping noarr translation jacobi-2d repetition 2 for dataset size SMALL (already done).
Skipping noarr translation lu repetition 2 for dataset size SMALL (already done).
Skipping noarr translation lu repetition 2 for dataset size SMALL (already done).
Skipping noarr translation mvt repetition 2 for dataset size SMALL (already done).
Skipping noarr translation mvt repetition 2 for dataset size SMALL (already done).
Skipping noarr translation seidel-2d repetition 2 for dataset size SMALL (already done).
Skipping noarr translation seidel-2d repetition 2 for dataset size SMALL (already done).
Skipping noarr translation symm repetition 2 for dataset size SMALL (already done).
Skipping noarr translation symm repetition 2 for dataset size SMALL (already done).
Skipping noarr translation syr2k repetition 2 for dataset size SMALL (already done).
Skipping noarr translation syr2k repetition 2 for dataset size SMALL (already done).
Skipping noarr translation syrk repetition 2 for dataset size SMALL (already done).
Skipping noarr translation syrk repetition 2 for dataset size SMALL (already done).
Skipping noarr translation trisolv repetition 2 for dataset size SMALL (already done).
Skipping noarr translation trisolv repetition 2 for dataset size SMALL (already done).
Skipping noarr translation trmm repetition 2 for dataset size SMALL (already done).
Skipping noarr translation trmm repetition 2 for dataset size SMALL (already done).
-- The CXX compiler identification is GNU 15.2.0
-- Detecting CXX compiler ABI info
-- Detecting CXX compiler ABI info - done
-- Check for working CXX compiler: /usr/local/latestgcc/bin/g++ - skipped
-- Detecting CXX compile features
-- Detecting CXX compile features - done
-- Using NOARR_STRUCTURES_DIR from environment: /home/kleplj/translation/submodules/noarr-structures
-- Configuring done (0.4s)
-- Generating done (0.7s)
-- Build files have been written to: /home/kleplj/translation/PolybenchC-Noarr/build
[ 11%] Building CXX object CMakeFiles/gemm.dir/linear-algebra/blas/gemm/gemm.cpp.o
[ 11%] Building CXX object CMakeFiles/gemver.dir/linear-algebra/blas/gemver/gemver.cpp.o
[ 11%] Building CXX object CMakeFiles/covariance.dir/datamining/covariance/covariance.cpp.o
[ 11%] Building CXX object CMakeFiles/correlation.dir/datamining/correlation/correlation.cpp.o
[ 21%] Building CXX object CMakeFiles/2mm.dir/linear-algebra/kernels/2mm/2mm.cpp.o
[ 21%] Building CXX object CMakeFiles/3mm.dir/linear-algebra/kernels/3mm/3mm.cpp.o
[ 21%] Building CXX object CMakeFiles/trmm.dir/linear-algebra/blas/trmm/trmm.cpp.o
[ 21%] Building CXX object CMakeFiles/gesummv.dir/linear-algebra/blas/gesummv/gesummv.cpp.o
[ 21%] Building CXX object CMakeFiles/syrk.dir/linear-algebra/blas/syrk/syrk.cpp.o
[ 21%] Building CXX object CMakeFiles/syr2k.dir/linear-algebra/blas/syr2k/syr2k.cpp.o
[ 21%] Building CXX object CMakeFiles/symm.dir/linear-algebra/blas/symm/symm.cpp.o
[ 38%] Building CXX object CMakeFiles/deriche.dir/medley/deriche/deriche.cpp.o
[ 50%] Building CXX object CMakeFiles/floyd-warshall.dir/medley/floyd-warshall/floyd-warshall.cpp.o
[ 50%] Building CXX object CMakeFiles/trisolv.dir/linear-algebra/solvers/trisolv/trisolv.cpp.o
[ 50%] Building CXX object CMakeFiles/lu.dir/linear-algebra/solvers/lu/lu.cpp.o
[ 50%] Building CXX object CMakeFiles/cholesky.dir/linear-algebra/solvers/cholesky/cholesky.cpp.o
[ 50%] Building CXX object CMakeFiles/bicg.dir/linear-algebra/kernels/bicg/bicg.cpp.o
[ 50%] Building CXX object CMakeFiles/gramschmidt.dir/linear-algebra/solvers/gramschmidt/gramschmidt.cpp.o
[ 50%] Building CXX object CMakeFiles/adi.dir/stencils/adi/adi.cpp.o
[ 50%] Building CXX object CMakeFiles/fdtd-2d.dir/stencils/fdtd-2d/fdtd-2d.cpp.o
[ 50%] Building CXX object CMakeFiles/nussinov.dir/medley/nussinov/nussinov.cpp.o
[ 50%] Building CXX object CMakeFiles/doitgen.dir/linear-algebra/kernels/doitgen/doitgen.cpp.o
[ 50%] Building CXX object CMakeFiles/atax.dir/linear-algebra/kernels/atax/atax.cpp.o
[ 50%] Building CXX object CMakeFiles/mvt.dir/linear-algebra/kernels/mvt/mvt.cpp.o
[ 50%] Building CXX object CMakeFiles/durbin.dir/linear-algebra/solvers/durbin/durbin.cpp.o
[ 50%] Building CXX object CMakeFiles/heat-3d.dir/stencils/heat-3d/heat-3d.cpp.o
[ 50%] Building CXX object CMakeFiles/ludcmp.dir/linear-algebra/solvers/ludcmp/ludcmp.cpp.o
[ 50%] Building CXX object CMakeFiles/jacobi-2d.dir/stencils/jacobi-2d/jacobi-2d.cpp.o
[ 50%] Building CXX object CMakeFiles/jacobi-1d.dir/stencils/jacobi-1d/jacobi-1d.cpp.o
[ 50%] Building CXX object CMakeFiles/seidel-2d.dir/stencils/seidel-2d/seidel-2d.cpp.o
[ 51%] Linking CXX executable jacobi-1d
[ 51%] Built target jacobi-1d
[ 53%] Linking CXX executable durbin
[ 55%] Linking CXX executable trisolv
[ 55%] Built target durbin
[ 56%] Linking CXX executable cholesky
[ 56%] Built target trisolv
[ 58%] Linking CXX executable jacobi-2d
[ 60%] Linking CXX executable gesummv
[ 61%] Linking CXX executable seidel-2d
[ 61%] Built target cholesky
[ 63%] Linking CXX executable adi
[ 65%] Linking CXX executable bicg
[ 65%] Built target jacobi-2d
[ 66%] Linking CXX executable atax
[ 68%] Linking CXX executable floyd-warshall
[ 68%] Built target gesummv
[ 70%] Linking CXX executable mvt
[ 70%] Built target seidel-2d
[ 70%] Built target adi
[ 70%] Built target bicg
[ 70%] Built target atax
[ 70%] Built target floyd-warshall
[ 70%] Built target mvt
[ 71%] Linking CXX executable deriche
[ 73%] Linking CXX executable gemver
[ 73%] Built target deriche
[ 73%] Built target gemver
[ 75%] Linking CXX executable symm
[ 76%] Linking CXX executable gramschmidt
[ 76%] Built target symm
[ 78%] Linking CXX executable trmm
[ 80%] Linking CXX executable heat-3d
[ 80%] Built target gramschmidt
[ 80%] Built target trmm
[ 81%] Linking CXX executable fdtd-2d
[ 81%] Built target heat-3d
[ 83%] Linking CXX executable syrk
[ 85%] Linking CXX executable gemm
[ 85%] Built target fdtd-2d
[ 85%] Built target syrk
[ 86%] Linking CXX executable syr2k
[ 88%] Linking CXX executable covariance
[ 88%] Built target gemm
[ 88%] Built target syr2k
[ 88%] Built target covariance
[ 90%] Linking CXX executable correlation
[ 91%] Linking CXX executable doitgen
[ 91%] Built target correlation
[ 91%] Built target doitgen
[ 93%] Linking CXX executable 2mm
[ 93%] Built target 2mm
[ 95%] Linking CXX executable 3mm
[ 95%] Built target 3mm
Skipping noarr translation 2mm repetition 3 for dataset size SMALL (already done).
Skipping noarr translation 2mm repetition 3 for dataset size SMALL (already done).
Skipping noarr translation 3mm repetition 3 for dataset size SMALL (already done).
Skipping noarr translation 3mm repetition 3 for dataset size SMALL (already done).
Skipping noarr translation adi repetition 3 for dataset size SMALL (already done).
Skipping noarr translation adi repetition 3 for dataset size SMALL (already done).
Skipping noarr translation atax repetition 3 for dataset size SMALL (already done).
Skipping noarr translation atax repetition 3 for dataset size SMALL (already done).
Skipping noarr translation bicg repetition 3 for dataset size SMALL (already done).
Skipping noarr translation bicg repetition 3 for dataset size SMALL (already done).
Skipping noarr translation correlation repetition 3 for dataset size SMALL (already done).
Skipping noarr translation correlation repetition 3 for dataset size SMALL (already done).
Skipping noarr translation covariance repetition 3 for dataset size SMALL (already done).
Skipping noarr translation covariance repetition 3 for dataset size SMALL (already done).
Skipping noarr translation deriche repetition 3 for dataset size SMALL (already done).
Skipping noarr translation deriche repetition 3 for dataset size SMALL (already done).
Skipping noarr translation doitgen repetition 3 for dataset size SMALL (already done).
Skipping noarr translation doitgen repetition 3 for dataset size SMALL (already done).
Skipping noarr translation durbin repetition 3 for dataset size SMALL (already done).
Skipping noarr translation durbin repetition 3 for dataset size SMALL (already done).
Skipping noarr translation fdtd-2d repetition 3 for dataset size SMALL (already done).
Skipping noarr translation fdtd-2d repetition 3 for dataset size SMALL (already done).
Skipping noarr translation floyd-warshall repetition 3 for dataset size SMALL (already done).
Skipping noarr translation floyd-warshall repetition 3 for dataset size SMALL (already done).
Skipping noarr translation gemm repetition 3 for dataset size SMALL (already done).
Skipping noarr translation gemm repetition 3 for dataset size SMALL (already done).
Skipping noarr translation gemver repetition 3 for dataset size SMALL (already done).
Skipping noarr translation gemver repetition 3 for dataset size SMALL (already done).
Skipping noarr translation gesummv repetition 3 for dataset size SMALL (already done).
Skipping noarr translation gesummv repetition 3 for dataset size SMALL (already done).
Skipping noarr translation heat-3d repetition 3 for dataset size SMALL (already done).
Skipping noarr translation heat-3d repetition 3 for dataset size SMALL (already done).
Skipping noarr translation jacobi-1d repetition 3 for dataset size SMALL (already done).
Skipping noarr translation jacobi-1d repetition 3 for dataset size SMALL (already done).
Skipping noarr translation jacobi-2d repetition 3 for dataset size SMALL (already done).
Skipping noarr translation jacobi-2d repetition 3 for dataset size SMALL (already done).
Skipping noarr translation mvt repetition 3 for dataset size SMALL (already done).
Skipping noarr translation mvt repetition 3 for dataset size SMALL (already done).
Skipping noarr translation seidel-2d repetition 3 for dataset size SMALL (already done).
Skipping noarr translation seidel-2d repetition 3 for dataset size SMALL (already done).
Skipping noarr translation symm repetition 3 for dataset size SMALL (already done).
Skipping noarr translation symm repetition 3 for dataset size SMALL (already done).
Skipping noarr translation syr2k repetition 3 for dataset size SMALL (already done).
Skipping noarr translation syr2k repetition 3 for dataset size SMALL (already done).
Skipping noarr translation trmm repetition 3 for dataset size SMALL (already done).
Skipping noarr translation trmm repetition 3 for dataset size SMALL (already done).
-- The CXX compiler identification is GNU 15.2.0
-- Detecting CXX compiler ABI info
-- Detecting CXX compiler ABI info - done
-- Check for working CXX compiler: /usr/local/latestgcc/bin/g++ - skipped
-- Detecting CXX compile features
-- Detecting CXX compile features - done
-- Using NOARR_STRUCTURES_DIR from environment: /home/kleplj/translation/submodules/noarr-structures
-- Configuring done (0.4s)
-- Generating done (0.7s)
-- Build files have been written to: /home/kleplj/translation/PolybenchC-Noarr/build
[  5%] Building CXX object CMakeFiles/correlation.dir/datamining/correlation/correlation.cpp.o
[  8%] Building CXX object CMakeFiles/covariance.dir/datamining/covariance/covariance.cpp.o
[  8%] Building CXX object CMakeFiles/gemm.dir/linear-algebra/blas/gemm/gemm.cpp.o
[ 13%] Building CXX object CMakeFiles/gemver.dir/linear-algebra/blas/gemver/gemver.cpp.o
[ 13%] Building CXX object CMakeFiles/syr2k.dir/linear-algebra/blas/syr2k/syr2k.cpp.o
[ 13%] Building CXX object CMakeFiles/symm.dir/linear-algebra/blas/symm/symm.cpp.o
[ 25%] Building CXX object CMakeFiles/atax.dir/linear-algebra/kernels/atax/atax.cpp.o
[ 25%] Building CXX object CMakeFiles/bicg.dir/linear-algebra/kernels/bicg/bicg.cpp.o
[ 25%] Building CXX object CMakeFiles/3mm.dir/linear-algebra/kernels/3mm/3mm.cpp.o
[ 25%] Building CXX object CMakeFiles/gesummv.dir/linear-algebra/blas/gesummv/gesummv.cpp.o
[ 25%] Building CXX object CMakeFiles/trmm.dir/linear-algebra/blas/trmm/trmm.cpp.o
[ 25%] Building CXX object CMakeFiles/2mm.dir/linear-algebra/kernels/2mm/2mm.cpp.o
[ 30%] Building CXX object CMakeFiles/lu.dir/linear-algebra/solvers/lu/lu.cpp.o
[ 25%] Building CXX object CMakeFiles/syrk.dir/linear-algebra/blas/syrk/syrk.cpp.o
[ 48%] Building CXX object CMakeFiles/mvt.dir/linear-algebra/kernels/mvt/mvt.cpp.o
[ 50%] Building CXX object CMakeFiles/heat-3d.dir/stencils/heat-3d/heat-3d.cpp.o
[ 50%] Building CXX object CMakeFiles/fdtd-2d.dir/stencils/fdtd-2d/fdtd-2d.cpp.o
[ 50%] Building CXX object CMakeFiles/cholesky.dir/linear-algebra/solvers/cholesky/cholesky.cpp.o
[ 50%] Building CXX object CMakeFiles/trisolv.dir/linear-algebra/solvers/trisolv/trisolv.cpp.o
[ 50%] Building CXX object CMakeFiles/floyd-warshall.dir/medley/floyd-warshall/floyd-warshall.cpp.o
[ 50%] Building CXX object CMakeFiles/nussinov.dir/medley/nussinov/nussinov.cpp.o
[ 50%] Building CXX object CMakeFiles/ludcmp.dir/linear-algebra/solvers/ludcmp/ludcmp.cpp.o
[ 50%] Building CXX object CMakeFiles/deriche.dir/medley/deriche/deriche.cpp.o
[ 50%] Building CXX object CMakeFiles/jacobi-2d.dir/stencils/jacobi-2d/jacobi-2d.cpp.o
[ 50%] Building CXX object CMakeFiles/gramschmidt.dir/linear-algebra/solvers/gramschmidt/gramschmidt.cpp.o
[ 50%] Building CXX object CMakeFiles/durbin.dir/linear-algebra/solvers/durbin/durbin.cpp.o
[ 50%] Building CXX object CMakeFiles/doitgen.dir/linear-algebra/kernels/doitgen/doitgen.cpp.o
[ 50%] Building CXX object CMakeFiles/adi.dir/stencils/adi/adi.cpp.o
[ 50%] Building CXX object CMakeFiles/jacobi-1d.dir/stencils/jacobi-1d/jacobi-1d.cpp.o
[ 50%] Building CXX object CMakeFiles/seidel-2d.dir/stencils/seidel-2d/seidel-2d.cpp.o
[ 53%] Linking CXX executable jacobi-1d
[ 53%] Linking CXX executable durbin
[ 53%] Built target durbin
[ 53%] Built target jacobi-1d
[ 56%] Linking CXX executable gesummv
[ 56%] Linking CXX executable jacobi-2d
[ 58%] Linking CXX executable seidel-2d
[ 60%] Linking CXX executable floyd-warshall
[ 61%] Linking CXX executable bicg
[ 63%] Linking CXX executable trisolv
[ 65%] Linking CXX executable nussinov
[ 65%] Built target jacobi-2d
[ 65%] Built target gesummv
[ 65%] Built target seidel-2d
[ 65%] Built target floyd-warshall
[ 66%] Linking CXX executable adi
[ 66%] Built target bicg
[ 68%] Linking CXX executable mvt
[ 70%] Linking CXX executable deriche
[ 70%] Built target trisolv
[ 70%] Built target nussinov
[ 71%] Linking CXX executable cholesky
[ 73%] Linking CXX executable atax
[ 73%] Built target adi
[ 73%] Built target mvt
[ 73%] Built target deriche
[ 73%] Built target cholesky
[ 73%] Built target atax
[ 75%] Linking CXX executable trmm
[ 76%] Linking CXX executable heat-3d
[ 78%] Linking CXX executable gemver
[ 80%] Linking CXX executable covariance
[ 83%] Linking CXX executable gramschmidt
[ 83%] Linking CXX executable syrk
[ 83%] Built target trmm
[ 85%] Linking CXX executable fdtd-2d
[ 85%] Built target heat-3d
[ 85%] Built target gemver
[ 86%] Linking CXX executable symm
[ 86%] Built target covariance
[ 86%] Built target syrk
[ 86%] Built target gramschmidt
[ 86%] Built target fdtd-2d
[ 86%] Built target symm
[ 88%] Linking CXX executable gemm
[ 88%] Built target gemm
[ 90%] Linking CXX executable correlation
[ 90%] Built target correlation
[ 91%] Linking CXX executable doitgen
[ 91%] Built target doitgen
[ 93%] Linking CXX executable 2mm
[ 93%] Built target 2mm
[ 95%] Linking CXX executable 3mm
[ 95%] Built target 3mm
Skipping noarr translation 2mm repetition 4 for dataset size SMALL (already done).
Skipping noarr translation 2mm repetition 4 for dataset size SMALL (already done).
Skipping noarr translation 3mm repetition 4 for dataset size SMALL (already done).
Skipping noarr translation 3mm repetition 4 for dataset size SMALL (already done).
Skipping noarr translation adi repetition 4 for dataset size SMALL (already done).
Skipping noarr translation adi repetition 4 for dataset size SMALL (already done).
Skipping noarr translation atax repetition 4 for dataset size SMALL (already done).
Skipping noarr translation atax repetition 4 for dataset size SMALL (already done).
Skipping noarr translation bicg repetition 4 for dataset size SMALL (already done).
Skipping noarr translation bicg repetition 4 for dataset size SMALL (already done).
Skipping noarr translation correlation repetition 4 for dataset size SMALL (already done).
Skipping noarr translation correlation repetition 4 for dataset size SMALL (already done).
Skipping noarr translation covariance repetition 4 for dataset size SMALL (already done).
Skipping noarr translation covariance repetition 4 for dataset size SMALL (already done).
Skipping noarr translation deriche repetition 4 for dataset size SMALL (already done).
Skipping noarr translation deriche repetition 4 for dataset size SMALL (already done).
Skipping noarr translation fdtd-2d repetition 4 for dataset size SMALL (already done).
Skipping noarr translation fdtd-2d repetition 4 for dataset size SMALL (already done).
Skipping noarr translation floyd-warshall repetition 4 for dataset size SMALL (already done).
Skipping noarr translation floyd-warshall repetition 4 for dataset size SMALL (already done).
Skipping noarr translation gemm repetition 4 for dataset size SMALL (already done).
Skipping noarr translation gemm repetition 4 for dataset size SMALL (already done).
Skipping noarr translation gesummv repetition 4 for dataset size SMALL (already done).
Skipping noarr translation gesummv repetition 4 for dataset size SMALL (already done).
Skipping noarr translation heat-3d repetition 4 for dataset size SMALL (already done).
Skipping noarr translation heat-3d repetition 4 for dataset size SMALL (already done).
Skipping noarr translation jacobi-1d repetition 4 for dataset size SMALL (already done).
Skipping noarr translation jacobi-1d repetition 4 for dataset size SMALL (already done).
Skipping noarr translation jacobi-2d repetition 4 for dataset size SMALL (already done).
Skipping noarr translation jacobi-2d repetition 4 for dataset size SMALL (already done).
Skipping noarr translation mvt repetition 4 for dataset size SMALL (already done).
Skipping noarr translation mvt repetition 4 for dataset size SMALL (already done).
Skipping noarr translation seidel-2d repetition 4 for dataset size SMALL (already done).
Skipping noarr translation seidel-2d repetition 4 for dataset size SMALL (already done).
Skipping noarr translation symm repetition 4 for dataset size SMALL (already done).
Skipping noarr translation symm repetition 4 for dataset size SMALL (already done).
Skipping noarr translation syrk repetition 4 for dataset size SMALL (already done).
Skipping noarr translation syrk repetition 4 for dataset size SMALL (already done).
Skipping noarr translation trisolv repetition 4 for dataset size SMALL (already done).
Skipping noarr translation trisolv repetition 4 for dataset size SMALL (already done).
Skipping noarr translation trmm repetition 4 for dataset size SMALL (already done).
Skipping noarr translation trmm repetition 4 for dataset size SMALL (already done).
-- The CXX compiler identification is GNU 15.2.0
-- Detecting CXX compiler ABI info
-- Detecting CXX compiler ABI info - done
-- Check for working CXX compiler: /usr/local/latestgcc/bin/g++ - skipped
-- Detecting CXX compile features
-- Detecting CXX compile features - done
-- Using NOARR_STRUCTURES_DIR from environment: /home/kleplj/translation/submodules/noarr-structures
-- Configuring done (0.5s)
-- Generating done (0.7s)
-- Build files have been written to: /home/kleplj/translation/PolybenchC-Noarr/build
[ 10%] Building CXX object CMakeFiles/covariance.dir/datamining/covariance/covariance.cpp.o
[ 10%] Building CXX object CMakeFiles/gemm.dir/linear-algebra/blas/gemm/gemm.cpp.o
[ 10%] Building CXX object CMakeFiles/correlation.dir/datamining/correlation/correlation.cpp.o
[ 15%] Building CXX object CMakeFiles/symm.dir/linear-algebra/blas/symm/symm.cpp.o
[ 16%] Building CXX object CMakeFiles/syr2k.dir/linear-algebra/blas/syr2k/syr2k.cpp.o
[ 15%] Building CXX object CMakeFiles/gesummv.dir/linear-algebra/blas/gesummv/gesummv.cpp.o
[ 15%] Building CXX object CMakeFiles/gemver.dir/linear-algebra/blas/gemver/gemver.cpp.o
[ 25%] Building CXX object CMakeFiles/3mm.dir/linear-algebra/kernels/3mm/3mm.cpp.o
[ 25%] Building CXX object CMakeFiles/syrk.dir/linear-algebra/blas/syrk/syrk.cpp.o
[ 25%] Building CXX object CMakeFiles/atax.dir/linear-algebra/kernels/atax/atax.cpp.o
[ 25%] Building CXX object CMakeFiles/doitgen.dir/linear-algebra/kernels/doitgen/doitgen.cpp.o
[ 25%] Building CXX object CMakeFiles/trmm.dir/linear-algebra/blas/trmm/trmm.cpp.o
[ 41%] Building CXX object CMakeFiles/lu.dir/linear-algebra/solvers/lu/lu.cpp.o
[ 50%] Building CXX object CMakeFiles/nussinov.dir/medley/nussinov/nussinov.cpp.o
[ 50%] Building CXX object CMakeFiles/durbin.dir/linear-algebra/solvers/durbin/durbin.cpp.o
[ 50%] Building CXX object CMakeFiles/deriche.dir/medley/deriche/deriche.cpp.o
[ 50%] Building CXX object CMakeFiles/adi.dir/stencils/adi/adi.cpp.o
[ 50%] Building CXX object CMakeFiles/floyd-warshall.dir/medley/floyd-warshall/floyd-warshall.cpp.o
[ 50%] Building CXX object CMakeFiles/heat-3d.dir/stencils/heat-3d/heat-3d.cpp.o
[ 50%] Building CXX object CMakeFiles/mvt.dir/linear-algebra/kernels/mvt/mvt.cpp.o
[ 50%] Building CXX object CMakeFiles/trisolv.dir/linear-algebra/solvers/trisolv/trisolv.cpp.o
[ 50%] Building CXX object CMakeFiles/fdtd-2d.dir/stencils/fdtd-2d/fdtd-2d.cpp.o
[ 50%] Building CXX object CMakeFiles/cholesky.dir/linear-algebra/solvers/cholesky/cholesky.cpp.o
[ 50%] Building CXX object CMakeFiles/2mm.dir/linear-algebra/kernels/2mm/2mm.cpp.o
[ 50%] Building CXX object CMakeFiles/ludcmp.dir/linear-algebra/solvers/ludcmp/ludcmp.cpp.o
[ 50%] Building CXX object CMakeFiles/gramschmidt.dir/linear-algebra/solvers/gramschmidt/gramschmidt.cpp.o
[ 50%] Building CXX object CMakeFiles/bicg.dir/linear-algebra/kernels/bicg/bicg.cpp.o
[ 50%] Building CXX object CMakeFiles/jacobi-1d.dir/stencils/jacobi-1d/jacobi-1d.cpp.o
[ 50%] Building CXX object CMakeFiles/jacobi-2d.dir/stencils/jacobi-2d/jacobi-2d.cpp.o
[ 50%] Building CXX object CMakeFiles/seidel-2d.dir/stencils/seidel-2d/seidel-2d.cpp.o
[ 51%] Linking CXX executable durbin
[ 53%] Linking CXX executable jacobi-1d
[ 53%] Built target durbin
[ 53%] Built target jacobi-1d
[ 55%] Linking CXX executable trisolv
[ 56%] Linking CXX executable gesummv
[ 58%] Linking CXX executable seidel-2d
[ 58%] Built target trisolv
[ 61%] Linking CXX executable jacobi-2d
[ 61%] Linking CXX executable bicg
[ 63%] Linking CXX executable floyd-warshall
[ 63%] Built target gesummv
[ 63%] Built target seidel-2d
[ 65%] Linking CXX executable adi
[ 66%] Linking CXX executable nussinov
[ 68%] Linking CXX executable atax
[ 70%] Linking CXX executable trmm
[ 70%] Built target bicg
[ 70%] Built target jacobi-2d
[ 70%] Built target floyd-warshall
[ 70%] Built target adi
[ 70%] Built target nussinov
[ 70%] Built target atax
[ 71%] Linking CXX executable deriche
[ 73%] Linking CXX executable cholesky
[ 75%] Linking CXX executable mvt
[ 75%] Built target trmm
[ 76%] Linking CXX executable lu
[ 78%] Linking CXX executable symm
[ 78%] Built target cholesky
[ 78%] Built target deriche
[ 78%] Built target mvt
[ 78%] Built target lu
[ 80%] Linking CXX executable syrk
[ 80%] Built target symm
[ 81%] Linking CXX executable syr2k
[ 83%] Linking CXX executable gemver
[ 83%] Built target syrk
[ 83%] Built target syr2k
[ 83%] Built target gemver
[ 85%] Linking CXX executable fdtd-2d
[ 86%] Linking CXX executable heat-3d
[ 90%] Linking CXX executable gemm
[ 90%] Linking CXX executable gramschmidt
[ 91%] Linking CXX executable covariance
[ 91%] Built target fdtd-2d
[ 91%] Built target heat-3d
[ 91%] Built target gramschmidt
[ 91%] Built target gemm
[ 91%] Built target covariance
[ 93%] Linking CXX executable doitgen
[ 93%] Built target doitgen
[ 95%] Linking CXX executable correlation
[ 95%] Built target correlation
[ 96%] Linking CXX executable 2mm
[ 96%] Built target 2mm
[ 98%] Linking CXX executable 3mm
[ 98%] Built target 3mm
Skipping noarr translation 2mm repetition 5 for dataset size SMALL (already done).
Skipping noarr translation 2mm repetition 5 for dataset size SMALL (already done).
Skipping noarr translation 3mm repetition 5 for dataset size SMALL (already done).
Skipping noarr translation 3mm repetition 5 for dataset size SMALL (already done).
Skipping noarr translation adi repetition 5 for dataset size SMALL (already done).
Skipping noarr translation adi repetition 5 for dataset size SMALL (already done).
Skipping noarr translation atax repetition 5 for dataset size SMALL (already done).
Skipping noarr translation atax repetition 5 for dataset size SMALL (already done).
Skipping noarr translation bicg repetition 5 for dataset size SMALL (already done).
Skipping noarr translation bicg repetition 5 for dataset size SMALL (already done).
Skipping noarr translation correlation repetition 5 for dataset size SMALL (already done).
Skipping noarr translation correlation repetition 5 for dataset size SMALL (already done).
Skipping noarr translation covariance repetition 5 for dataset size SMALL (already done).
Skipping noarr translation covariance repetition 5 for dataset size SMALL (already done).
Skipping noarr translation deriche repetition 5 for dataset size SMALL (already done).
Skipping noarr translation deriche repetition 5 for dataset size SMALL (already done).
Skipping noarr translation doitgen repetition 5 for dataset size SMALL (already done).
Skipping noarr translation doitgen repetition 5 for dataset size SMALL (already done).
Skipping noarr translation durbin repetition 5 for dataset size SMALL (already done).
Skipping noarr translation durbin repetition 5 for dataset size SMALL (already done).
Skipping noarr translation fdtd-2d repetition 5 for dataset size SMALL (already done).
Skipping noarr translation fdtd-2d repetition 5 for dataset size SMALL (already done).
Skipping noarr translation floyd-warshall repetition 5 for dataset size SMALL (already done).
Skipping noarr translation floyd-warshall repetition 5 for dataset size SMALL (already done).
Skipping noarr translation gemm repetition 5 for dataset size SMALL (already done).
Skipping noarr translation gemm repetition 5 for dataset size SMALL (already done).
Skipping noarr translation gemver repetition 5 for dataset size SMALL (already done).
Skipping noarr translation gemver repetition 5 for dataset size SMALL (already done).
Skipping noarr translation gesummv repetition 5 for dataset size SMALL (already done).
Skipping noarr translation gesummv repetition 5 for dataset size SMALL (already done).
Skipping noarr translation heat-3d repetition 5 for dataset size SMALL (already done).
Skipping noarr translation heat-3d repetition 5 for dataset size SMALL (already done).
Skipping noarr translation jacobi-1d repetition 5 for dataset size SMALL (already done).
Skipping noarr translation jacobi-1d repetition 5 for dataset size SMALL (already done).
Skipping noarr translation jacobi-2d repetition 5 for dataset size SMALL (already done).
Skipping noarr translation jacobi-2d repetition 5 for dataset size SMALL (already done).
Skipping noarr translation lu repetition 5 for dataset size SMALL (already done).
Skipping noarr translation lu repetition 5 for dataset size SMALL (already done).
Skipping noarr translation mvt repetition 5 for dataset size SMALL (already done).
Skipping noarr translation mvt repetition 5 for dataset size SMALL (already done).
Skipping noarr translation seidel-2d repetition 5 for dataset size SMALL (already done).
Skipping noarr translation seidel-2d repetition 5 for dataset size SMALL (already done).
Skipping noarr translation symm repetition 5 for dataset size SMALL (already done).
Skipping noarr translation symm repetition 5 for dataset size SMALL (already done).
Skipping noarr translation syr2k repetition 5 for dataset size SMALL (already done).
Skipping noarr translation syr2k repetition 5 for dataset size SMALL (already done).
Skipping noarr translation syrk repetition 5 for dataset size SMALL (already done).
Skipping noarr translation syrk repetition 5 for dataset size SMALL (already done).
Skipping noarr translation trisolv repetition 5 for dataset size SMALL (already done).
Skipping noarr translation trisolv repetition 5 for dataset size SMALL (already done).
Skipping noarr translation trmm repetition 5 for dataset size SMALL (already done).
Skipping noarr translation trmm repetition 5 for dataset size SMALL (already done).
-- bolt project is disabled
-- clang project is enabled
-- clang-tools-extra project is disabled
-- compiler-rt project is disabled
-- cross-project-tests project is disabled
-- libclc project is disabled
-- lld project is disabled
-- lldb project is disabled
-- mlir project is disabled
-- openmp project is enabled
-- polly project is enabled
-- flang project is disabled
-- libc project is disabled
-- Found Python3: /home/kleplj/translation/gpt-querying/.venv/bin/python3.9 (found suitable version "3.9.21", minimum required is "3.8") found components: Interpreter
-- Could NOT find LibEdit (missing: LibEdit_INCLUDE_DIRS LibEdit_LIBRARIES) 
-- LLVM host triple: x86_64-unknown-linux-gnu
-- Native target architecture is X86
-- Threads enabled.
-- Doxygen disabled.
-- Could NOT find OCaml (missing: OCAMLFIND OCAML_VERSION OCAML_STDLIB_PATH) 
-- Could NOT find OCaml (missing: OCAMLFIND OCAML_VERSION OCAML_STDLIB_PATH) 
-- OCaml bindings disabled.
-- LLVM default target triple: x86_64-unknown-linux-gnu
-- Building with -fPIC
-- Targeting AArch64
-- Targeting AMDGPU
-- Targeting ARM
-- Targeting AVR
-- Targeting BPF
-- Targeting Hexagon
-- Targeting Lanai
-- Targeting LoongArch
-- Targeting Mips
-- Targeting MSP430
-- Targeting NVPTX
-- Targeting PowerPC
-- Targeting RISCV
-- Targeting Sparc
-- Targeting SPIRV
-- Targeting SystemZ
-- Targeting VE
-- Targeting WebAssembly
-- Targeting X86
-- Targeting XCore
-- Found Python3: /home/kleplj/translation/gpt-querying/.venv/bin/python3.9 (found version "3.9.21") found components: Interpreter
-- Found Python3: /home/kleplj/translation/gpt-querying/.venv/bin/python3.9 (found version "3.9.21") found components: Interpreter Development Development.Module Development.Embed
-- Clang version: 22.0.0git
-- Found Python3: /home/kleplj/translation/gpt-querying/.venv/bin/python3.9 (found version "3.9.21") found components: Interpreter
-- ISL version: isl-0.25-193-g8621c60c
-- Registering Polly as a pass plugin (static build: ON)
-- Registering ExampleIRTransforms as a pass plugin (static build: OFF)
-- Registering Bye as a pass plugin (static build: OFF)
-- Failed to find LLVM FileCheck
-- Google Benchmark version: v0.0.0, normalized to 0.0.0
-- Performing Test HAVE_GNU_POSIX_REGEX -- failed to compile
-- Performing Test HAVE_POSIX_REGEX -- success
-- Performing Test HAVE_STEADY_CLOCK -- success
-- Performing Test HAVE_PTHREAD_AFFINITY -- success
-- Configuring done (19.7s)
-- Generating done (58.2s)
-- Build files have been written to: /home/kleplj/translation/PolybenchC-Polly/llvm-project/build
[  0%] Building the OMPD GDB plugin
[  0%] Built target llvm_vcsrevision_h
[  0%] Built target libomp-needed-headers
[  0%] Built target ompd_gdb_plugin
[  0%] Built target LTO_exports
[  0%] Built target core-resource-headers
[  0%] Built target utility-resource-headers
[  0%] Built target cuda-resource-headers
[  0%] Built target hip-resource-headers
[  0%] Built target hexagon-resource-headers
[  0%] Built target loongarch-resource-headers
[  0%] Built target mips-resource-headers
[  0%] Built target ppc-htm-resource-headers
[  0%] Built target ppc-resource-headers
[  0%] Built target systemz-resource-headers
[  0%] Built target ve-resource-headers
[  0%] Built target x86-resource-headers
[  0%] Built target hlsl-resource-headers
[  0%] Built target webassembly-resource-headers
[  0%] Built target spirv-resource-headers
[  0%] Built target opencl-resource-headers
[  0%] Built target llvm-libc-resource-headers
[  0%] Built target openmp-resource-headers
[  0%] Built target windows-resource-headers
[  0%] Built target gpu-resource-headers
[  0%] Built target llvm-PerfectShuffle
[  0%] Built target archer_static
[  0%] Built target SampleAnalyzerPlugin_exports
[  0%] Built target llvm-offload-resource-headers
[  0%] Built target archer
[  0%] Built target CheckerDependencyHandlingAnalyzerPlugin_exports
[  0%] Built target CheckerOptionHandlingAnalyzerPlugin_exports
[  0%] Built target clangAnalysisFlowSensitiveResources
[  0%] Built target obj.clangSupport
[  0%] Built target ompdModule
[  0%] Built target scan-build
[  0%] Built target LLVMDemangle
[  0%] Built target scan-view
[  0%] Built target scan-build-py
[  0%] Built target LLVMSupportBlake3
[  0%] Built target hmaptool
[  0%] Built target BugpointPasses_exports
[  0%] Built target Remarks_exports
[  1%] Built target DynamicLibraryLib
[  1%] Built target PipSqueak
[  1%] Built target SecondLib
[  1%] Built target obj.LLVMTableGenBasic
[  3%] Built target benchmark
[  3%] Built target benchmark_main
[  3%] Built target omp
[  4%] Built target PollyISL
[  4%] Built target ompd
[  7%] Built target LLVMSupport
[  7%] Built target clangSupport
[  7%] Built target LLVMFrontendDirective
[  7%] Built target LLVMBitstreamReader
[  7%] Built target LLVMLineEditor
[  7%] Built target count
[  7%] Built target LLVMFileCheck
[  7%] Built target LLVMWindowsManifest
[  7%] Built target not
[  7%] Built target LLVMTelemetry
[  7%] Built target UnicodeNameMappingGenerator
[  7%] Built target yaml-bench
[  7%] Built target split-file
[  7%] Built target LLVMSupportLSP
[  7%] Built target llvm-undname
[  7%] Built target LLVMDebugInfoMSF
[  7%] Built target llvm-test-mustache-spec
[  7%] Built target reduce-chunk-list
[  7%] Built target polly-isl-test
[  7%] Built target LLVMOption
[  7%] Built target llvm_gtest
[  7%] Built target LLVMTableGen
[  7%] Built target FileCheck
[  7%] Built target LLVMCAS
[  7%] Built target llvm_gtest_main
[  7%] Built target LLVMTableGenBasic
[  7%] Built target llvm-min-tblgen
[  9%] Built target omptest
[  9%] Built target vt_gen
[  9%] Built target analysis_gen
[  9%] Built target acc_gen
[  9%] Built target omp_gen
[  9%] Built target intrinsics_gen
[  9%] Built target target_parser_gen
[  9%] Built target LLVMDebugInfoCodeView
[  9%] Built target LLVMCodeGenTypes
[  9%] Built target LLVMFrontendOpenACC
[  9%] Built target clang-tblgen
[ 10%] Built target LLVMDebugInfoBTF
[ 10%] Built target LLVMOrcShared
[ 12%] Built target ExampleIRTransforms
[ 12%] Built target Bye
[ 12%] Built target TestPlugin
[ 12%] Built target InlineOrderPlugin
[ 12%] Built target CGTestPlugin
[ 12%] Built target DoublerPlugin
[ 12%] Built target InlineAdvisorPlugin
[ 12%] Built target LLVMRemarks
[ 12%] Built target arm-common-resource-headers
[ 12%] Built target arm-resource-headers
[ 12%] Built target riscv-resource-headers
[ 12%] Built target ClangSyntaxNodeClasses
[ 12%] Built target aarch64-resource-headers
[ 12%] Built target ClangAttrClasses
[ 12%] Built target ClangAttrTextDump
[ 12%] Built target ClangAttrImpl
[ 12%] Built target ClangAttrVisitor
[ 12%] Built target ClangStmtNodes
[ 12%] Built target ClangDeclNodes
[ 12%] Built target ClangAttrTraverse
[ 12%] Built target ClangAbstractBasicReader
[ 12%] Built target ClangTypeNodes
[ 12%] Built target ClangAbstractBasicWriter
[ 12%] Built target ClangAbstractTypeReader
[ 12%] Built target ClangCommentNodes
[ 12%] Built target ClangCommentHTMLTags
[ 12%] Built target ClangAbstractTypeWriter
[ 12%] Built target ClangCommentHTMLNamedCharacterReferences
[ 12%] Built target ClangCommentHTMLTagsProperties
[ 12%] Built target ClangCommentCommandInfo
[ 12%] Built target ClangCommentCommandList
[ 12%] Built target StmtDataCollectors
[ 12%] Built target ClangDiagnosticAnalysisInterface
[ 12%] Built target ClangDiagnosticAnalysis
[ 12%] Built target ClangDiagnosticAnalysisEnums
[ 12%] Built target ClangDiagnosticAnalysisCompatIDs
[ 12%] Built target ClangDiagnosticAST
[ 12%] Built target ClangDiagnosticASTEnums
[ 12%] Built target ClangDiagnosticASTCompatIDs
[ 12%] Built target ClangDiagnosticASTInterface
[ 12%] Built target ClangDiagnosticComment
[ 12%] Built target LLVMTargetParser
[ 12%] Built target ClangDiagnosticCommentEnums
[ 12%] Built target ClangDiagnosticCommentCompatIDs
[ 12%] Built target ClangDiagnosticCommentInterface
[ 12%] Built target obj.LLVMTableGenCommon
[ 12%] Built target ClangDiagnosticCommon
[ 12%] Built target ClangDiagnosticCommonEnums
[ 12%] Built target ClangDiagnosticCommonCompatIDs
[ 12%] Built target ClangDiagnosticCommonInterface
[ 12%] Built target ClangDiagnosticCrossTU
[ 14%] Built target ClangDiagnosticCrossTUEnums
[ 14%] Built target ClangDiagnosticCrossTUCompatIDs
[ 14%] Built target ClangDiagnosticCrossTUInterface
[ 14%] Built target ClangDiagnosticDriver
[ 14%] Built target ClangDiagnosticDriverEnums
[ 14%] Built target ClangDiagnosticDriverCompatIDs
[ 14%] Built target ClangDiagnosticDriverInterface
[ 14%] Built target ClangDiagnosticFrontend
[ 14%] Built target ClangDiagnosticFrontendEnums
[ 14%] Built target ClangDiagnosticFrontendCompatIDs
[ 14%] Built target ClangDiagnosticFrontendInterface
[ 14%] Built target ClangDiagnosticInstallAPI
[ 14%] Built target ClangDiagnosticInstallAPIEnums
[ 14%] Built target ClangDiagnosticInstallAPICompatIDs
[ 14%] Built target ClangDiagnosticInstallAPIInterface
[ 14%] Built target ClangDiagnosticLexEnums
[ 14%] Built target ClangDiagnosticLexInterface
[ 14%] Built target ClangDiagnosticLex
[ 14%] Built target ClangDiagnosticLexCompatIDs
[ 14%] Built target ClangDiagnosticParse
[ 14%] Built target ClangDiagnosticParseEnums
[ 14%] Built target ClangDiagnosticParseCompatIDs
[ 14%] Built target ClangDiagnosticParseInterface
[ 14%] Built target ClangDiagnosticRefactoring
[ 14%] Built target ClangDiagnosticRefactoringEnums
[ 14%] Built target ClangDiagnosticRefactoringCompatIDs
[ 14%] Built target ClangDiagnosticRefactoringInterface
[ 14%] Built target ClangDiagnosticSema
[ 14%] Built target ClangDiagnosticSemaEnums
[ 14%] Built target ClangDiagnosticSemaCompatIDs
[ 14%] Built target ClangDiagnosticSemaInterface
[ 14%] Built target ClangDiagnosticSerialization
[ 14%] Built target ClangDiagnosticSerializationEnums
[ 14%] Built target ClangDiagnosticSerializationCompatIDs
[ 14%] Built target ClangDiagnosticSerializationInterface
[ 14%] Built target ClangDiagnosticTrap
[ 14%] Built target ClangDiagnosticTrapEnums
[ 14%] Built target ClangDiagnosticTrapCompatIDs
[ 14%] Built target ClangDiagnosticTrapInterface
[ 14%] Built target ClangDiagnosticGroups
[ 14%] Built target ClangDiagnosticIndexName
[ 14%] Built target ClangDiagnosticAllCompatIDs
[ 14%] Built target ClangAttrParsedAttrList
[ 14%] Built target ClangAttrList
[ 14%] Built target ClangAttrSubjectMatchRuleList
[ 14%] Built target ClangRegularKeywordAttrInfo
[ 14%] Built target ClangAttrHasAttributeImpl
[ 14%] Built target CXX11AttributeInfo
[ 14%] Built target AttributeSpellingList
[ 14%] Built target ClangBuiltins
[ 14%] Built target ClangBuiltinsBPF
[ 14%] Built target ClangBuiltinsDirectX
[ 14%] Built target ClangBuiltinsHexagon
[ 14%] Built target ClangBuiltinsNVPTX
[ 14%] Built target ClangBuiltinsRISCV
[ 14%] Built target ClangBuiltinsSPIRVCommon
[ 14%] Built target ClangBuiltinsSPIRVVK
[ 14%] Built target ClangBuiltinsSPIRVCL
[ 14%] Built target ClangBuiltinsX86
[ 14%] Built target ClangBuiltinsX86_64
[ 14%] Built target ClangBuiltinTemplates
[ 14%] Built target ClangARMNeon
[ 14%] Built target ClangARMFP16
[ 14%] Built target ClangARMMveBuiltinsDef
[ 14%] Built target ClangARMImmChecks
[ 14%] Built target ClangARMMveBuiltinCG
[ 14%] Built target ClangARMMveBuiltinSema
[ 14%] Built target ClangARMSveBuiltinsJSON
[ 14%] Built target ClangARMMveBuiltinAliases
[ 14%] Built target ClangARMSveBuiltinCG
[ 14%] Built target ClangARMSveTypeFlags
[ 14%] Built target ClangARMSveBuiltins
[ 14%] Built target ClangARMSveSemaRangeChecks
[ 14%] Built target ClangARMSmeBuiltins
[ 14%] Built target ClangARMSveStreamingAttrs
[ 14%] Built target ClangARMSmeBuiltinCG
[ 14%] Built target ClangARMSmeSemaRangeChecks
[ 14%] Built target ClangARMSmeBuiltinsJSON
[ 14%] Built target ClangARMSmeBuiltinsZAState
[ 14%] Built target ClangARMCdeBuiltinsDef
[ 14%] Built target ClangARMSmeStreamingAttrs
[ 14%] Built target ClangARMCdeBuiltinCG
[ 14%] Built target ClangARMCdeBuiltinAliases
[ 14%] Built target ClangARMCdeBuiltinSema
[ 14%] Built target ClangRISCVVectorBuiltins
[ 14%] Built target ClangRISCVVectorBuiltinSema
[ 14%] Built target ClangRISCVVectorBuiltinCG
[ 14%] Built target ClangRISCVSiFiveVectorBuiltins
[ 14%] Built target ClangRISCVSiFiveVectorBuiltinCG
[ 14%] Built target ClangRISCVAndesVectorBuiltins
[ 14%] Built target ClangRISCVAndesVectorBuiltinCG
[ 14%] Built target ClangRISCVSiFiveVectorBuiltinSema
[ 14%] Built target ClangAttrSubMatchRulesParserStringSwitches
[ 14%] Built target ClangAttrParserStringSwitches
[ 14%] Built target ClangRISCVAndesVectorBuiltinSema
[ 14%] Built target ClangAttrParsedAttrKinds
[ 14%] Built target ClangAttrSpellingListIndex
[ 14%] Built target ClangAttrTemplateInstantiate
[ 14%] Built target ClangAttrIsTypeDependent
[ 14%] Built target ClangAttrPCHRead
[ 14%] Built target ClangSACheckers
[ 14%] Built target ClangAttrPCHWrite
[ 14%] Built target ClangAttrParsedAttrImpl
[ 14%] Built target ClangSyntaxNodeList
[ 14%] Built target Remarks
[ 14%] Built target llvm-opt-report
[ 14%] Built target LLVMTableGenCommon
[ 14%] Built target LLVMFuzzerCLI
[ 14%] Building CXX object tools/llvm-config/CMakeFiles/llvm-config.dir/llvm-config.cpp.o
[ 14%] Built target LLVMWindowsDriver
[ 15%] Built target llvm-remarkutil
[ 17%] Built target obj.Polly
[ 17%] Built target llvm-dlang-demangle-fuzzer
[ 17%] Built target llvm-itanium-demangle-fuzzer
[ 17%] Built target llvm-microsoft-demangle-fuzzer
[ 17%] Built target llvm-rust-demangle-fuzzer
[ 17%] Built target LLVMBinaryFormat
[ 17%] Built target llvm-special-case-list-fuzzer
[ 17%] Built target llvm-yaml-parser-fuzzer
[ 17%] Built target llvm-yaml-numeric-parser-fuzzer
[ 21%] Built target clang-resource-headers
[ 21%] Built target LLVMPolly
[ 21%] Built target LLVMDebugInfoDWARFLowLevel
[ 23%] Built target LLVMTextAPI
[ 23%] Built target llvm-tblgen
[ 23%] Built target JITLinkTableGen
[ 25%] Built target BPFCommonTableGen
[ 25%] Built target ARMCommonTableGen
[ 25%] Built target LanaiCommonTableGen
[ 25%] Built target LoongArchCommonTableGen
[ 25%] Built target AVRCommonTableGen
[ 26%] Built target SPIRVCommonTableGen
[ 28%] Built target NVPTXCommonTableGen
[ 28%] Built target MSP430CommonTableGen
[ 28%] Built target XCoreCommonTableGen
[ 28%] Built target SparcCommonTableGen
[ 28%] Built target VECommonTableGen
[ 28%] Built target WebAssemblyCommonTableGen
[ 28%] Built target DllOptionsTableGen
[ 28%] Built target AArch64CommonTableGen
[ 28%] Built target SystemZCommonTableGen
[ 28%] Built target LibOptionsTableGen
[ 28%] Built target DsymutilTableGen
[ 28%] Built target HexagonCommonTableGen
[ 28%] Built target LLVMCASToolTableGen
[ 28%] Built target PowerPCCommonTableGen
[ 28%] Built target ClangDriverOptions
[ 28%] Built target CGDataOptsTableGen
[ 28%] Built target RISCVCommonTableGen
[ 28%] Built target MipsCommonTableGen
[ 28%] Built target CvtResTableGen
[ 28%] Built target CxxfiltOptsTableGen
[ 28%] Built target DwarfutilTableGen
[ 28%] Built target DebugInfodOptsTableGen
[ 28%] Built target DebugInfodFindOptsTableGen
[ 28%] Built target AMDGPUCommonTableGen
[ 28%] Built target DwpOptsTableGen
[ 28%] Built target IFSOptsTableGen
[ 28%] Built target GSYMUtilOptsTableGen
[ 28%] Built target X86CommonTableGen
[ 28%] Built target LibtoolDarwinOptsTableGen
[ 28%] Built target LipoOptsTableGen
[ 28%] Built target MLTableGen
[ 28%] Built target MtTableGen
[ 28%] Built target NmOptsTableGen
[ 28%] Built target ObjcopyOptsTableGen
[ 28%] Built target ObjdumpOptsTableGen
[ 28%] Built target RcOptsTableGen
[ 28%] Built target ReadTAPIOptsTableGen
[ 28%] Built target SizeOptsTableGen
[ 28%] Built target StringsOptsTableGen
[ 28%] Built target TLICheckerOptsTableGen
[ 28%] Built target ReadobjOptsTableGen
[ 28%] Built target SymbolizerOptsTableGen
[ 28%] Built target SancovOptsTableGen
[ 28%] Built target clang-tablegen-targets
[ 28%] Built target LLVMARMUtils
[ 28%] Built target LLVMAArch64Utils
[ 28%] Built target llvm-cas
[ 28%] Built target llvm-cxxfilt
[ 28%] Built target InstallNameToolOptsTableGen
[ 28%] Built target OtoolOptsTableGen
[ 28%] Built target WindresOptsTableGen
[ 28%] Built target ClangAttrDocTable
[ 28%] Built target Opcodes
[ 28%] Built target ClangOpenCLBuiltinsImpl
[ 28%] Built target llvm-mt
[ 28%] Built target LinkerWrapperOpts
[ 28%] Built target ScanDepsOptsTableGen
[ 28%] Built target NVLinkWrapperOpts
[ 28%] Built target InstallAPIDriverOptions
[ 28%] Built target SYCLLinkerOpts
[ 28%] Built target BitcodeStripOptsTableGen
[ 28%] Built target obj.clangOptions
[ 28%] Built target obj.clangIndexSerialization
[ 28%] Built target obj.clangToolingCore
[ 28%] Built target obj.clangToolingInclusions
[ 28%] Built target obj.clangDirectoryWatcher
[ 28%] Built target obj.clangRewrite
[ 28%] Built target obj.clangAPINotes
[ 28%] Built target obj.clangToolingInclusionsStdlib
[ 28%] Built target StripOptsTableGen
[ 28%] Built target obj.clangAnalysisScalable
[ 28%] Built target obj.clangEdit
[ 28%] Built target obj.clangToolingASTDiff
[ 28%] Built target obj.clangASTMatchers
[ 28%] Built target obj.clangHandleLLVM
[ 28%] Built target obj.clangDynamicASTMatchers
[ 28%] Built target obj.clangAnalysisFlowSensitiveModels
[ 29%] Built target obj.clangFrontendTool
[ 29%] Built target obj.clangHandleCXX
[ 31%] Built target obj.clangCrossTU
[ 31%] Built target obj.clangAnalysisLifetimeSafety
[ 31%] Built target obj.clangExtractAPI
[ 31%] Built target obj.clangToolingSyntax
[ 31%] Built target clangDirectoryWatcher
[ 31%] Built target obj.clangRewriteFrontend
[ 31%] Built target obj.clangIndex
[ 31%] Built target obj.clangTransformer
[ 32%] Built target obj.clangInstallAPI
[ 32%] Built target obj.clangDependencyScanning
[ 32%] Built target obj.clangStaticAnalyzerFrontend
[ 35%] Built target LLVMCore
[ 35%] Built target LLVMMC
[ 37%] Built target obj.clangAnalysisFlowSensitive
[ 37%] Built target obj.clangToolingRefactoring
[ 37%] Built target obj.clangSerialization
[ 37%] Built target obj.clangInterpreter
[ 39%] Built target obj.clangLex
[ 39%] Built target obj.clangTooling
[ 39%] Built target LLVMCFGuard
[ 39%] Built target LLVMAMDGPUInfo
[ 39%] Built target LLVMAVRInfo
[ 39%] Built target LLVMBPFInfo
[ 39%] Built target LLVMARMInfo
[ 39%] Built target LLVMAArch64Info
[ 39%] Built target LLVMHexagonInfo
[ 39%] Built target LLVMLanaiInfo
[ 39%] Built target LLVMLoongArchInfo
[ 39%] Built target LLVMMSP430Info
[ 39%] Built target LLVMMipsInfo
[ 39%] Built target LLVMNVPTXInfo
[ 39%] Built target LLVMSparcInfo
[ 39%] Built target LLVMWebAssemblyInfo
[ 39%] Built target LLVMRISCVInfo
[ 39%] Built target LLVMSPIRVInfo
[ 39%] Built target LLVMPowerPCInfo
[ 39%] Built target LLVMXCoreInfo
[ 39%] Built target LLVMVEInfo
[ 39%] Built target LLVMX86Info
[ 39%] Built target obj.clangFormat
[ 39%] Built target llvm-stress
[ 39%] Built target obj.clangParse
[ 39%] Built target LLVMAsmParser
[ 39%] Built target LLVMDWARFCFIChecker
[ 39%] Built target LLVMSystemZInfo
[ 39%] Built target LLVMMCDisassembler
[ 39%] Built target LLVMDiff
[ 39%] Built target LLVMBitReader
[ 39%] Built target LLVMFrontendHLSL
[ 39%] Built target obj.clangAnalysis
[ 39%] Built target LLVMMipsDisassembler
[ 39%] Built target LLVMAVRDisassembler
[ 39%] Built target LLVMSparcDisassembler
[ 39%] Built target LLVMPowerPCDisassembler
[ 39%] Built target LLVMBPFDisassembler
[ 39%] Built target obj.clangFrontend
[ 39%] Built target LLVMXCoreDesc
[ 39%] Built target LLVMVEDisassembler
[ 39%] Built target LLVMMSP430Disassembler
[ 39%] Built target LLVMBPFDesc
[ 39%] Built target LLVMXCoreDisassembler
[ 39%] Built target llvm-bcanalyzer
[ 39%] Built target LLVMX86Disassembler
[ 39%] Built target LLVMNVPTXDesc
[ 39%] Built target llvm-dis
[ 40%] Built target LLVMMCParser
[ 40%] Built target LLVMMSP430Desc
[ 40%] Built target LLVMVEDesc
[ 40%] Built target LLVMSPIRVDesc
[ 40%] Built target LLVMWebAssemblyDesc
[ 40%] Built target LLVMLanaiDesc
[ 40%] Built target LLVMAVRDesc
[ 40%] Built target LLVMSparcDesc
[ 40%] Built target LLVMMCA
[ 40%] Built target LLVMLoongArchDesc
[ 40%] Built target LLVMPowerPCDesc
[ 40%] Built target LLVMIRReader
[ 40%] Built target LLVMSystemZDesc
[ 40%] Built target LLVMRISCVDesc
[ 42%] Built target LLVMMipsDesc
[ 42%] Built target LLVMHexagonDesc
[ 42%] Built target LLVMAArch64Desc
[ 42%] Built target LLVMBPFAsmParser
[ 42%] Built target LLVMMSP430AsmParser
[ 42%] Built target LLVMVEAsmParser
[ 42%] Built target LLVMX86Desc
[ 42%] Built target LLVMWebAssemblyDisassembler
[ 42%] Built target LLVMAVRAsmParser
[ 42%] Built target LLVMSparcAsmParser
[ 42%] Built target LLVMWebAssemblyAsmParser
[ 42%] Built target LLVMLanaiDisassembler
[ 42%] Built target LLVMLanaiAsmParser
[ 42%] Built target LLVMLoongArchDisassembler
[ 42%] Built target LLVMLoongArchAsmParser
[ 42%] Built target llvm-diff
[ 42%] Built target LLVMPowerPCAsmParser
[ 42%] Built target LLVMRISCVDisassembler
[ 42%] Built target LLVMSystemZDisassembler
[ 42%] Built target LLVMHexagonDisassembler
[ 42%] Built target LLVMRISCVTargetMCA
[ 42%] Built target obj.clangStaticAnalyzerCore
[ 42%] Built target LLVMSystemZAsmParser
[ 42%] Built target LLVMHexagonAsmParser
[ 42%] Built target LLVMRISCVAsmParser
[ 42%] Built target LLVMMipsAsmParser
[ 42%] Built target LLVMAArch64Disassembler
[ 42%] Built target LLVMAArch64AsmParser
[ 42%] Built target LLVMX86TargetMCA
[ 42%] Built target obj.clangBasic
[ 42%] Built target LLVMX86AsmParser
[ 42%] Built target obj.clangDriver
[ 43%] Built target LLVMObject
[ 43%] Built target LLVMDlltoolDriver
[ 43%] Built target llvm-cvtres
[ 43%] Built target LLVMLibDriver
[ 43%] Built target LLVMInterfaceStub
[ 43%] Built target llvm-offload-binary
[ 43%] Built target llvm-strings
[ 43%] Built target llvm-cxxdump
[ 43%] Built target llvm-size
[ 45%] Built target LLVMRuntimeDyld
[ 45%] Built target llvm-rc
[ 45%] Built target clang-offload-packager
[ 45%] Built target LLVMXRay
[ 45%] Built target LLVMARMDesc
[ 46%] Built target obj.clangSema
[ 46%] Built target llvm-windres
[ 46%] Built target LLVMOrcTargetProcess
[ 46%] Built target LLVMObjCopy
[ 46%] Built target LLVMDebugInfoDWARF
[ 46%] Built target LLVMARMAsmParser
[ 46%] Built target LLVMARMDisassembler
[ 46%] Built target LLVMObjectYAML
[ 48%] Built target obj.clangAST
[ 48%] Built target llvm-objcopy
[ 48%] Built target LLVMTextAPIBinaryReader
[ 48%] Built target LLVMDWP
[ 48%] Built target llvm-install-name-tool
[ 48%] Built target llvm-strip
[ 48%] Built target llvm-bitcode-strip
[ 48%] Built target llvm-ifs
[ 48%] Built target llvm-readtapi
[ 48%] Built target llvm-readobj
[ 48%] Built target LLVMDebugInfoGSYM
[ 50%] Built target obj.clangCodeGen
[ 50%] Built target llvm-readelf
[ 50%] Built target LLVMJITLink
[ 51%] Built target LLVMDebugInfoPDB
[ 54%] Built target obj.clangStaticAnalyzerCheckers
[ 54%] Built target LLVMSymbolize
[ 54%] Built target sanstats
[ 54%] Built target LLVMCFIVerify
[ 54%] Built target LLVMDebuginfod
[ 56%] Built target llvm-pdbutil
[ 57%] Built target LLVMDebugInfoLogicalView
[ 59%] Built target llvm-xray
[ 59%] Built target llvm-debuginfod
[ 59%] Built target llvm-debuginfod-find
[ 59%] Built target llvm-symbolizer
[ 59%] Built target LLVMProfileData
[ 59%] Built target llvm-addr2line
[ 59%] Built target llvm-ctxprof-util
[ 59%] Built target llvm-cxxmap
[ 60%] Built target llvm-profdata
[ 60%] Built target yaml2obj
[ 60%] Built target LLVMCoverage
[ 60%] Built target obj2yaml
[ 60%] Built target llvm-cov
[ 62%] Built target LLVMAnalysis
[ 62%] Built target LLVMIRPrinter
[ 62%] Built target LLVMFrontendAtomic
[ 62%] Built target llvm-sim
[ 62%] Built target llvm-tli-checker
[ 62%] Built target LLVMBitWriter
[ 62%] Built target LLVMTarget
[ 62%] Built target LLVMAMDGPUUtils
[ 62%] Built target LLVMSandboxIR
[ 62%] Built target llvm-cat
[ 62%] Built target llvm-modextract
[ 62%] Built target llvm-as
[ 62%] Built target verify-uselistorder
[ 64%] Built target LLVMExecutionEngine
[ 64%] Built target LLVMCGData
[ 65%] Built target LLVMAMDGPUDesc
[ 65%] Built target llvm-jitlink-executor
[ 65%] Built target LLVMMCJIT
[ 65%] Built target LLVMAMDGPUTargetMCA
[ 65%] Built target LLVMAMDGPUDisassembler
[ 65%] Built target LLVMAMDGPUAsmParser
[ 65%] Built target llvm-dwarfdump
[ 65%] Built target llvm-locstats
[ 65%] Built target llvm-rtdyld
[ 65%] Built target llvm-debuginfo-analyzer
[ 65%] Built target sancov
[ 65%] Built target llvm-ar
[ 65%] Built target llvm-cfi-verify
[ 65%] Built target llvm-mc
[ 65%] Built target llvm-nm
[ 65%] Built target llvm-ml
[ 65%] Built target llvm-ranlib
[ 65%] Built target llvm-lib
[ 65%] Built target llvm-dlltool
[ 65%] Built target llvm-objdump
[ 65%] Built target llvm-ml64
[ 65%] Built target llvm-mca
[ 65%] Built target llvm-otool
[ 67%] Built target LLVMTransformUtils
[ 67%] Built target LLVMHipStdPar
[ 67%] Built target LLVMSPIRVAnalysis
[ 67%] Built target LLVMAggressiveInstCombine
[ 67%] Built target LLVMLinker
[ 67%] Built target LLVMFrontendOffloading
[ 67%] Built target LLVMObjCARCOpts
[ 67%] Built target llvm-offload-wrapper
[ 68%] Built target LLVMInstCombine
[ 68%] Built target LLVMInstrumentation
[ 68%] Built target LLVMVectorize
[ 68%] Built target LLVMFrontendDriver
[ 70%] Built target LLVMScalarOpts
[ 70%] Built target LLVMFuzzMutate
[ 70%] Built target LLVMFrontendOpenMP
[ 70%] Built target clangBasic
[ 70%] Built target clangAPINotes
[ 70%] Built target clangOptions
[ 70%] Built target clangIndexSerialization
[ 70%] Built target clangLex
[ 70%] Built target offload-arch
[ 70%] Built target clangRewrite
[ 70%] Built target clangAST
[ 70%] Built target apinotes-test
[ 70%] Built target clangEdit
[ 70%] Built target clangASTMatchers
[ 70%] Built target clangToolingCore
[ 70%] Built target clangInstallAPI
[ 70%] Built target clangToolingInclusionsStdlib
[ 70%] Built target clangToolingASTDiff
[ 70%] Built target clangAnalysis
[ 70%] Built target clangDynamicASTMatchers
[ 70%] Built target clangToolingInclusions
[ 70%] Built target clangAnalysisLifetimeSafety
[ 70%] Built target clangAnalysisFlowSensitive
[ 70%] Built target clangFormat
[ 70%] Built target clangSema
[ 70%] Built target clangAnalysisFlowSensitiveModels
[ 70%] Built target clang-format
[ 71%] Built target LLVMipo
[ 71%] Built target clangParse
[ 71%] Built target clangSerialization
[ 71%] Built target clangFrontend
[ 71%] Built target llvm-link
[ 71%] Built target clangIndex
[ 71%] Built target clangToolingSyntax
[ 71%] Built target clangDriver
[ 71%] Built target clangRewriteFrontend
[ 71%] Built target llvm-profgen
[ 71%] Built target LLVMCoroutines
[ 71%] Built target clangAnalysisScalable
[ 71%] Built target clangExtractAPI
[ 71%] Built target clangToolingRefactoring
[ 71%] Built target clangCrossTU
[ 71%] Built target clangDependencyScanning
[ 71%] Built target clang-offload-bundler
[ 71%] Built target clangTransformer
[ 71%] Built target clangTooling
[ 71%] Built target clangStaticAnalyzerCore
[ 73%] Built target diagtool
[ 73%] Built target clangStaticAnalyzerCheckers
[ 73%] Built target clang-diff
[ 73%] Built target clang-refactor
[ 73%] Built target clangStaticAnalyzerFrontend
[ 73%] Built target clang-installapi
[ 73%] Built target SampleAnalyzerPlugin
[ 73%] Built target CheckerDependencyHandlingAnalyzerPlugin
[ 73%] Built target CheckerOptionHandlingAnalyzerPlugin
[ 73%] Linking CXX executable ../../bin/llvm-config
[ 73%] Built target llvm-config
[ 76%] Built target LLVMCodeGen
[ 76%] Built target LLVMWebAssemblyUtils
[ 76%] Built target LLVMDWARFLinker
[ 76%] Built target llvm-cgdata
[ 76%] Built target LLVMInterpreter
[ 76%] Built target LLVMMIRParser
[ 76%] Built target LLVMSelectionDAG
[ 78%] Built target LLVMAsmPrinter
[ 78%] Built target LLVMDWARFLinkerClassic
[ 78%] Built target LLVMMSP430CodeGen
[ 78%] Built target LLVMDWARFLinkerParallel
[ 79%] Built target LLVMSparcCodeGen
[ 79%] Built target LLVMLanaiCodeGen
[ 79%] Built target LLVMVECodeGen
[ 81%] Built target LLVMXCoreCodeGen
[ 81%] Built target LLVMAVRCodeGen
[ 81%] Built target LLVMLoongArchCodeGen
[ 84%] Built target LLVMGlobalISel
[ 84%] Built target LLVMSystemZCodeGen
[ 84%] Built target LLVMNVPTXCodeGen
[ 84%] Built target LLVMPasses
[ 85%] Built target LLVMWebAssemblyCodeGen
[ 85%] Built target Polly
[ 85%] Built target llvm-extract
[ 85%] Built target LLVMExtensions
[ 85%] Built target LLVMHexagonCodeGen
[ 85%] Built target LLVMLTO
[ 87%] Built target LLVMPowerPCCodeGen
[ 89%] Built target LLVMSPIRVCodeGen
[ 89%] Built target LLVMMipsCodeGen
[ 89%] Built target LLVMBPFCodeGen
[ 89%] Built target clangCodeGen
[ 89%] Built target clangFrontendTool
[ 89%] Built target LLVMARMCodeGen
[ 89%] Built target clang-import-test
[ 90%] Built target LLVMOrcJIT
[ 92%] Built target LLVMX86CodeGen
[ 93%] Built target LLVMRISCVCodeGen
[ 93%] Built target lli-child-target
[ 93%] Built target clangHandleLLVM
[ 93%] Built target LLVMOrcDebugging
[ 95%] Built target LLVMAArch64CodeGen
[ 95%] Built target clangInterpreter
[ 95%] Built target lli
[ 96%] Built target llvm-jitlink
[ 96%] Built target LLVMExegesis
[ 96%] Built target LLVMExegesisAArch64
[ 96%] Built target LLVMExegesisPowerPC
[ 96%] Built target LLVMExegesisMips
[ 96%] Built target LLVMExegesisX86
[ 96%] Built target LLVMExegesisRISCV
[ 96%] Built target llvm-exegesis
[ 98%] Built target LLVMAMDGPUCodeGen
[ 98%] Built target clangHandleCXX
[ 98%] Built target clang-fuzzer-dictionary
[ 98%] Built target LTO
[ 98%] Built target llvm-lto
[ 98%] Built target clang-sycl-linker
[ 98%] Built target clang-nvlink-wrapper
[ 98%] Built target clang-check
[ 98%] Built target llvm-ir2vec
[ 98%] Built target clang-linker-wrapper
[ 98%] Built target clang-scan-deps
[ 98%] Built target llvm-dwp
[ 98%] Built target llvm-libtool-darwin
[ 98%] Built target clang-extdef-mapping
[ 98%] Built target llvm-isel-fuzzer
[ 98%] Built target llvm-lipo
[ 98%] Built target llvm-gsymutil
[ 98%] Built target llvm-split
[ 98%] Built target llvm-lto2
[ 98%] Built target clang-repl
[ 98%] Built target llc
[ 98%] Built target llvm-opt-fuzzer
[ 98%] Built target llvm-dwarfutil
[100%] Built target llvm-c-test
[100%] Built target LLVMOptDriver
[100%] Built target clang-cpp
[100%] Built target clang
[100%] Built target dsymutil
[100%] Built target bugpoint
[100%] Built target opt
[100%] Built target BugpointPasses
[100%] Built target libclang
[100%] Built target c-index-test
[100%] Built target llvm-reduce
-- The C compiler identification is Clang 22.0.0
-- Detecting C compiler ABI info
-- Detecting C compiler ABI info - done
-- Check for working C compiler: /home/kleplj/translation/PolybenchC-Polly/llvm-project/build/bin/clang - skipped
-- Detecting C compile features
-- Detecting C compile features - done
-- Configuring done (0.4s)
-- Generating done (0.8s)
-- Build files have been written to: /home/kleplj/translation/PolybenchC-Polly/build
[  4%] Building C object CMakeFiles/covariance.dir/datamining/covariance/covariance.c.o
[  5%] Building C object CMakeFiles/correlation.dir/utilities/polybench.c.o
[  5%] Building C object CMakeFiles/covariance.dir/utilities/polybench.c.o
[  7%] Building C object CMakeFiles/correlation.dir/datamining/correlation/correlation.c.o
[ 12%] Building C object CMakeFiles/cholesky.dir/utilities/polybench.c.o
[ 15%] Building C object CMakeFiles/cholesky.dir/linear-algebra/solvers/cholesky/cholesky.c.o
[  7%] Building C object CMakeFiles/lu.dir/linear-algebra/solvers/lu/lu.c.o
[ 65%] Building C object CMakeFiles/ludcmp.dir/utilities/polybench.c.o
[ 65%] Building C object CMakeFiles/lu.dir/utilities/polybench.c.o
[ 65%] Building C object CMakeFiles/durbin.dir/linear-algebra/solvers/durbin/durbin.c.o
[ 65%] Building C object CMakeFiles/trisolv.dir/linear-algebra/solvers/trisolv/trisolv.c.o
[ 65%] Building C object CMakeFiles/gramschmidt.dir/utilities/polybench.c.o
[ 65%] Building C object CMakeFiles/gramschmidt.dir/linear-algebra/solvers/gramschmidt/gramschmidt.c.o
[ 65%] Building C object CMakeFiles/ludcmp.dir/linear-algebra/solvers/ludcmp/ludcmp.c.o
[ 65%] Building C object CMakeFiles/durbin.dir/utilities/polybench.c.o
[ 65%] Building C object CMakeFiles/seidel-2d.dir/utilities/polybench.c.o
[ 66%] Building C object CMakeFiles/3mm.dir/utilities/polybench.c.o
[ 66%] Building C object CMakeFiles/trmm.dir/utilities/polybench.c.o
[ 66%] Building C object CMakeFiles/atax.dir/linear-algebra/kernels/atax/atax.c.o
[ 66%] Building C object CMakeFiles/gemver.dir/utilities/polybench.c.o
[ 66%] Building C object CMakeFiles/symm.dir/utilities/polybench.c.o
[ 66%] Building C object CMakeFiles/bicg.dir/linear-algebra/kernels/bicg/bicg.c.o
[ 66%] Building C object CMakeFiles/mvt.dir/linear-algebra/kernels/mvt/mvt.c.o
[ 66%] Building C object CMakeFiles/gemm.dir/linear-algebra/blas/gemm/gemm.c.o
[ 66%] Building C object CMakeFiles/gesummv.dir/utilities/polybench.c.o
[ 66%] Building C object CMakeFiles/3mm.dir/linear-algebra/kernels/3mm/3mm.c.o
[ 66%] Building C object CMakeFiles/2mm.dir/linear-algebra/kernels/2mm/2mm.c.o
[ 66%] Building C object CMakeFiles/gemver.dir/linear-algebra/blas/gemver/gemver.c.o
[ 66%] Building C object CMakeFiles/bicg.dir/utilities/polybench.c.o
[ 66%] Building C object CMakeFiles/mvt.dir/utilities/polybench.c.o
[ 66%] Building C object CMakeFiles/doitgen.dir/linear-algebra/kernels/doitgen/doitgen.c.o
[ 66%] Building C object CMakeFiles/symm.dir/linear-algebra/blas/symm/symm.c.o
[ 66%] Building C object CMakeFiles/syr2k.dir/linear-algebra/blas/syr2k/syr2k.c.o
[ 66%] Building C object CMakeFiles/gesummv.dir/linear-algebra/blas/gesummv/gesummv.c.o
[ 66%] Building C object CMakeFiles/trisolv.dir/utilities/polybench.c.o
[ 66%] Building C object CMakeFiles/2mm.dir/utilities/polybench.c.o
[ 66%] Building C object CMakeFiles/syrk.dir/utilities/polybench.c.o
[ 66%] Building C object CMakeFiles/trmm.dir/linear-algebra/blas/trmm/trmm.c.o
[ 66%] Building C object CMakeFiles/floyd-warshall.dir/utilities/polybench.c.o
[ 66%] Building C object CMakeFiles/jacobi-2d.dir/stencils/jacobi-2d/jacobi-2d.c.o
[ 66%] Building C object CMakeFiles/adi.dir/utilities/polybench.c.o
[ 66%] Building C object CMakeFiles/syr2k.dir/utilities/polybench.c.o
[ 66%] Building C object CMakeFiles/doitgen.dir/utilities/polybench.c.o
[ 66%] Building C object CMakeFiles/jacobi-1d.dir/utilities/polybench.c.o
[ 66%] Building C object CMakeFiles/syrk.dir/linear-algebra/blas/syrk/syrk.c.o
[ 66%] Building C object CMakeFiles/jacobi-2d.dir/utilities/polybench.c.o
[ 66%] Building C object CMakeFiles/heat-3d.dir/stencils/heat-3d/heat-3d.c.o
[ 66%] Building C object CMakeFiles/heat-3d.dir/utilities/polybench.c.o
[ 66%] Building C object CMakeFiles/fdtd-2d.dir/stencils/fdtd-2d/fdtd-2d.c.o
[ 66%] Building C object CMakeFiles/nussinov.dir/medley/nussinov/nussinov.c.o
[ 66%] Building C object CMakeFiles/adi.dir/stencils/adi/adi.c.o
[ 66%] Building C object CMakeFiles/deriche.dir/medley/deriche/deriche.c.o
[ 66%] Building C object CMakeFiles/deriche.dir/utilities/polybench.c.o
[ 66%] Building C object CMakeFiles/atax.dir/utilities/polybench.c.o
[ 66%] Building C object CMakeFiles/nussinov.dir/utilities/polybench.c.o
[ 66%] Building C object CMakeFiles/gemm.dir/utilities/polybench.c.o
[ 66%] Building C object CMakeFiles/jacobi-1d.dir/stencils/jacobi-1d/jacobi-1d.c.o
[ 66%] Building C object CMakeFiles/seidel-2d.dir/stencils/seidel-2d/seidel-2d.c.o
[ 66%] Building C object CMakeFiles/floyd-warshall.dir/medley/floyd-warshall/floyd-warshall.c.o
[ 66%] Building C object CMakeFiles/fdtd-2d.dir/utilities/polybench.c.o
[ 68%] Linking C executable jacobi-1d
[ 68%] Linking C executable trisolv
[ 70%] Linking C executable durbin
[ 71%] Linking C executable atax
[ 71%] Built target trisolv
[ 71%] Built target jacobi-1d
[ 72%] Linking C executable bicg
[ 73%] Linking C executable mvt
[ 73%] Built target durbin
[ 74%] Built target atax
[ 74%] Linking C executable floyd-warshall
[ 74%] Built target bicg
[ 74%] Built target mvt
[ 75%] Linking C executable gesummv
[ 76%] Linking C executable syr2k
[ 77%] Linking C executable syrk
[ 77%] Built target floyd-warshall
[ 77%] Built target gesummv
[ 77%] Built target syrk
[ 77%] Built target syr2k
[ 78%] Linking C executable trmm
[ 78%] Built target trmm
[ 80%] Linking C executable gemver
[ 80%] Built target gemver
[ 81%] Linking C executable gemm
[ 82%] Linking C executable correlation
[ 83%] Linking C executable deriche
[ 84%] Linking C executable seidel-2d
[ 84%] Built target gemm
[ 85%] Linking C executable cholesky
[ 85%] Built target correlation
[ 85%] Built target deriche
[ 85%] Built target seidel-2d
[ 86%] Linking C executable fdtd-2d
[ 86%] Built target cholesky
[ 87%] Linking C executable gramschmidt
[ 87%] Built target fdtd-2d
[ 88%] Linking C executable symm
[ 90%] Linking C executable nussinov
[ 90%] Built target gramschmidt
[ 90%] Built target symm
[ 92%] Linking C executable 3mm
[ 92%] Linking C executable covariance
[ 92%] Built target nussinov
[ 93%] Linking C executable 2mm
[ 93%] Built target 3mm
[ 93%] Built target covariance
[ 93%] Built target 2mm
[ 94%] Linking C executable ludcmp
[ 94%] Built target ludcmp
[ 95%] Linking C executable jacobi-2d
[ 95%] Built target jacobi-2d
[ 96%] Linking C executable adi
[ 97%] Linking C executable doitgen
[ 97%] Built target adi
[ 97%] Built target doitgen
[ 98%] Linking C executable lu
[ 98%] Built target lu
[100%] Linking C executable heat-3d
[100%] Built target heat-3d
-- The CXX compiler identification is GNU 15.2.0
-- Detecting CXX compiler ABI info
-- Detecting CXX compiler ABI info - done
-- Check for working CXX compiler: /usr/local/latestgcc/bin/g++ - skipped
-- Detecting CXX compile features
-- Detecting CXX compile features - done
-- Found Python: /home/kleplj/translation/gpt-querying/.venv/bin/python3.9 (found suitable version "3.9.21", minimum required is "3") found components: Interpreter Development.Module
-- Halide 'host' platform triple:   x86-64-linux
-- Halide 'cmake' platform triple:  x86-64-linux
-- Halide default AOT target:       host
-- Found ZLIB: /usr/lib64/libz.so (found version "1.2.11")
-- Could NOT find PNG (missing: PNG_LIBRARY PNG_PNG_INCLUDE_DIR) 
-- Could NOT find JPEG (missing: JPEG_LIBRARY JPEG_INCLUDE_DIR) 
-- Configuring done (0.8s)
-- Generating done (0.7s)
-- Build files have been written to: /home/kleplj/translation/PolybenchC-Halide/build
[ 11%] Building CXX object CMakeFiles/gemm.dir/linear-algebra/blas/gemm/gemm.cpp.o
[ 11%] Building CXX object CMakeFiles/gemver.dir/linear-algebra/blas/gemver/gemver.cpp.o
[ 11%] Building CXX object CMakeFiles/correlation.dir/datamining/correlation/correlation.cpp.o
[ 11%] Building CXX object CMakeFiles/covariance.dir/datamining/covariance/covariance.cpp.o
[ 20%] Building CXX object CMakeFiles/syrk.dir/linear-algebra/blas/syrk/syrk.cpp.o
[ 20%] Building CXX object CMakeFiles/2mm.dir/linear-algebra/kernels/2mm/2mm.cpp.o
[ 20%] Building CXX object CMakeFiles/trmm.dir/linear-algebra/blas/trmm/trmm.cpp.o
[ 20%] Building CXX object CMakeFiles/gesummv.dir/linear-algebra/blas/gesummv/gesummv.cpp.o
[ 20%] Building CXX object CMakeFiles/symm.dir/linear-algebra/blas/symm/symm.cpp.o
[ 20%] Building CXX object CMakeFiles/syr2k.dir/linear-algebra/blas/syr2k/syr2k.cpp.o
[ 36%] Building CXX object CMakeFiles/trisolv.dir/linear-algebra/solvers/trisolv/trisolv.cpp.o
[ 50%] Building CXX object CMakeFiles/cholesky.dir/linear-algebra/solvers/cholesky/cholesky.cpp.o
[ 50%] Building CXX object CMakeFiles/ludcmp.dir/linear-algebra/solvers/ludcmp/ludcmp.cpp.o
[ 50%] Building CXX object CMakeFiles/gramschmidt.dir/linear-algebra/solvers/gramschmidt/gramschmidt.cpp.o
[ 50%] Building CXX object CMakeFiles/durbin.dir/linear-algebra/solvers/durbin/durbin.cpp.o
[ 50%] Building CXX object CMakeFiles/nussinov.dir/medley/nussinov/nussinov.cpp.o
[ 50%] Building CXX object CMakeFiles/mvt.dir/linear-algebra/kernels/mvt/mvt.cpp.o
[ 50%] Building CXX object CMakeFiles/deriche.dir/medley/deriche/deriche.cpp.o
[ 50%] Building CXX object CMakeFiles/atax.dir/linear-algebra/kernels/atax/atax.cpp.o
[ 50%] Building CXX object CMakeFiles/bicg.dir/linear-algebra/kernels/bicg/bicg.cpp.o
[ 50%] Building CXX object CMakeFiles/lu.dir/linear-algebra/solvers/lu/lu.cpp.o
[ 50%] Building CXX object CMakeFiles/doitgen.dir/linear-algebra/kernels/doitgen/doitgen.cpp.o
[ 50%] Building CXX object CMakeFiles/adi.dir/stencils/adi/adi.cpp.o
[ 50%] Building CXX object CMakeFiles/heat-3d.dir/stencils/heat-3d/heat-3d.cpp.o
[ 50%] Building CXX object CMakeFiles/seidel-2d.dir/stencils/seidel-2d/seidel-2d.cpp.o
[ 50%] Building CXX object CMakeFiles/3mm.dir/linear-algebra/kernels/3mm/3mm.cpp.o
[ 50%] Building CXX object CMakeFiles/fdtd-2d.dir/stencils/fdtd-2d/fdtd-2d.cpp.o
[ 50%] Building CXX object CMakeFiles/floyd-warshall.dir/medley/floyd-warshall/floyd-warshall.cpp.o
[ 50%] Building CXX object CMakeFiles/jacobi-1d.dir/stencils/jacobi-1d/jacobi-1d.cpp.o
[ 50%] Building CXX object CMakeFiles/jacobi-2d.dir/stencils/jacobi-2d/jacobi-2d.cpp.o
[ 51%] Linking CXX executable jacobi-1d
[ 53%] Linking CXX executable adi
[ 55%] Linking CXX executable floyd-warshall
[ 56%] Linking CXX executable cholesky
[ 58%] Linking CXX executable trmm
[ 58%] Built target jacobi-1d
[ 58%] Built target adi
[ 58%] Built target floyd-warshall
[ 58%] Built target cholesky
[ 58%] Built target trmm
[ 60%] Linking CXX executable syrk
[ 61%] Linking CXX executable syr2k
[ 65%] Linking CXX executable 2mm
[ 65%] Linking CXX executable symm
[ 66%] Linking CXX executable seidel-2d
[ 66%] Built target syrk
[ 66%] Built target syr2k
[ 68%] Linking CXX executable 3mm
[ 68%] Built target symm
[ 68%] Built target 2mm
[ 68%] Built target seidel-2d
[ 70%] Linking CXX executable gemm
[ 71%] Linking CXX executable bicg
[ 73%] Linking CXX executable correlation
[ 73%] Built target 3mm
[ 75%] Linking CXX executable lu
[ 75%] Built target gemm
[ 75%] Built target bicg
[ 75%] Built target correlation
[ 76%] Linking CXX executable gesummv
[ 78%] Linking CXX executable heat-3d
[ 78%] Built target lu
[ 80%] Linking CXX executable doitgen
[ 80%] Built target gesummv
[ 80%] Built target heat-3d
[ 83%] Linking CXX executable ludcmp
[ 83%] Linking CXX executable mvt
[ 83%] Built target doitgen
[ 83%] Built target mvt
[ 83%] Built target ludcmp
[ 85%] Linking CXX executable nussinov
[ 86%] Linking CXX executable gemver
[ 86%] Built target nussinov
[ 88%] Linking CXX executable atax
[ 88%] Built target gemver
[ 90%] Linking CXX executable gramschmidt
[ 90%] Built target atax
[ 91%] Linking CXX executable fdtd-2d
[ 91%] Built target gramschmidt
[ 91%] Built target fdtd-2d
[ 93%] Linking CXX executable trisolv
[ 93%] Built target trisolv
[ 95%] Linking CXX executable deriche
[ 95%] Built target deriche
Skipping halide translation 2mm repetition 1 for dataset size SMALL (already done).
Skipping halide translation 2mm repetition 1 for dataset size SMALL (already done).
Skipping halide translation 3mm repetition 1 for dataset size SMALL (already done).
Skipping halide translation 3mm repetition 1 for dataset size SMALL (already done).
Skipping halide translation adi repetition 1 for dataset size SMALL (already done).
Skipping halide translation adi repetition 1 for dataset size SMALL (already done).
Skipping halide translation atax repetition 1 for dataset size SMALL (already done).
Skipping halide translation atax repetition 1 for dataset size SMALL (already done).
Skipping halide translation bicg repetition 1 for dataset size SMALL (already done).
Skipping halide translation bicg repetition 1 for dataset size SMALL (already done).
Skipping halide translation cholesky repetition 1 for dataset size SMALL (already done).
Skipping halide translation cholesky repetition 1 for dataset size SMALL (already done).
Skipping halide translation correlation repetition 1 for dataset size SMALL (already done).
Skipping halide translation correlation repetition 1 for dataset size SMALL (already done).
Skipping halide translation deriche repetition 1 for dataset size SMALL (already done).
Skipping halide translation deriche repetition 1 for dataset size SMALL (already done).
Skipping halide translation fdtd-2d repetition 1 for dataset size SMALL (already done).
Skipping halide translation fdtd-2d repetition 1 for dataset size SMALL (already done).
Skipping halide translation floyd-warshall repetition 1 for dataset size SMALL (already done).
Skipping halide translation floyd-warshall repetition 1 for dataset size SMALL (already done).
Skipping halide translation gemver repetition 1 for dataset size SMALL (already done).
Skipping halide translation gemver repetition 1 for dataset size SMALL (already done).
Skipping halide translation gesummv repetition 1 for dataset size SMALL (already done).
Skipping halide translation gesummv repetition 1 for dataset size SMALL (already done).
Skipping halide translation heat-3d repetition 1 for dataset size SMALL (already done).
Skipping halide translation heat-3d repetition 1 for dataset size SMALL (already done).
Skipping halide translation lu repetition 1 for dataset size SMALL (already done).
Skipping halide translation lu repetition 1 for dataset size SMALL (already done).
Skipping halide translation mvt repetition 1 for dataset size SMALL (already done).
Skipping halide translation mvt repetition 1 for dataset size SMALL (already done).
Skipping halide translation seidel-2d repetition 1 for dataset size SMALL (already done).
Skipping halide translation seidel-2d repetition 1 for dataset size SMALL (already done).
Skipping halide translation symm repetition 1 for dataset size SMALL (already done).
Skipping halide translation symm repetition 1 for dataset size SMALL (already done).
Skipping halide translation syrk repetition 1 for dataset size SMALL (already done).
Skipping halide translation syrk repetition 1 for dataset size SMALL (already done).
Skipping halide translation trmm repetition 1 for dataset size SMALL (already done).
Skipping halide translation trmm repetition 1 for dataset size SMALL (already done).
-- The CXX compiler identification is GNU 15.2.0
-- Detecting CXX compiler ABI info
-- Detecting CXX compiler ABI info - done
-- Check for working CXX compiler: /usr/local/latestgcc/bin/g++ - skipped
-- Detecting CXX compile features
-- Detecting CXX compile features - done
-- Found Python: /home/kleplj/translation/gpt-querying/.venv/bin/python3.9 (found suitable version "3.9.21", minimum required is "3") found components: Interpreter Development.Module
-- Halide 'host' platform triple:   x86-64-linux
-- Halide 'cmake' platform triple:  x86-64-linux
-- Halide default AOT target:       host
-- Found ZLIB: /usr/lib64/libz.so (found version "1.2.11")
-- Could NOT find PNG (missing: PNG_LIBRARY PNG_PNG_INCLUDE_DIR) 
-- Could NOT find JPEG (missing: JPEG_LIBRARY JPEG_INCLUDE_DIR) 
-- Configuring done (0.7s)
-- Generating done (0.6s)
-- Build files have been written to: /home/kleplj/translation/PolybenchC-Halide/build
[  1%] Building CXX object CMakeFiles/correlation.dir/datamining/correlation/correlation.cpp.o
[  6%] Building CXX object CMakeFiles/gemm.dir/linear-algebra/blas/gemm/gemm.cpp.o
[ 10%] Building CXX object CMakeFiles/covariance.dir/datamining/covariance/covariance.cpp.o
[ 10%] Building CXX object CMakeFiles/gemver.dir/linear-algebra/blas/gemver/gemver.cpp.o
[ 18%] Building CXX object CMakeFiles/syr2k.dir/linear-algebra/blas/syr2k/syr2k.cpp.o
[ 18%] Building CXX object CMakeFiles/syrk.dir/linear-algebra/blas/syrk/syrk.cpp.o
[ 18%] Building CXX object CMakeFiles/gesummv.dir/linear-algebra/blas/gesummv/gesummv.cpp.o
[ 18%] Building CXX object CMakeFiles/symm.dir/linear-algebra/blas/symm/symm.cpp.o
[ 30%] Building CXX object CMakeFiles/mvt.dir/linear-algebra/kernels/mvt/mvt.cpp.o
[ 50%] Building CXX object CMakeFiles/gramschmidt.dir/linear-algebra/solvers/gramschmidt/gramschmidt.cpp.o
[ 50%] Building CXX object CMakeFiles/3mm.dir/linear-algebra/kernels/3mm/3mm.cpp.o
[ 50%] Building CXX object CMakeFiles/trmm.dir/linear-algebra/blas/trmm/trmm.cpp.o
[ 50%] Building CXX object CMakeFiles/nussinov.dir/medley/nussinov/nussinov.cpp.o
[ 50%] Building CXX object CMakeFiles/doitgen.dir/linear-algebra/kernels/doitgen/doitgen.cpp.o
[ 50%] Building CXX object CMakeFiles/atax.dir/linear-algebra/kernels/atax/atax.cpp.o
[ 50%] Building CXX object CMakeFiles/2mm.dir/linear-algebra/kernels/2mm/2mm.cpp.o
[ 50%] Building CXX object CMakeFiles/ludcmp.dir/linear-algebra/solvers/ludcmp/ludcmp.cpp.o
[ 50%] Building CXX object CMakeFiles/durbin.dir/linear-algebra/solvers/durbin/durbin.cpp.o
[ 50%] Building CXX object CMakeFiles/trisolv.dir/linear-algebra/solvers/trisolv/trisolv.cpp.o
[ 50%] Building CXX object CMakeFiles/bicg.dir/linear-algebra/kernels/bicg/bicg.cpp.o
[ 50%] Building CXX object CMakeFiles/deriche.dir/medley/deriche/deriche.cpp.o
[ 50%] Building CXX object CMakeFiles/cholesky.dir/linear-algebra/solvers/cholesky/cholesky.cpp.o
[ 50%] Building CXX object CMakeFiles/fdtd-2d.dir/stencils/fdtd-2d/fdtd-2d.cpp.o
[ 50%] Building CXX object CMakeFiles/lu.dir/linear-algebra/solvers/lu/lu.cpp.o
[ 50%] Building CXX object CMakeFiles/heat-3d.dir/stencils/heat-3d/heat-3d.cpp.o
[ 50%] Building CXX object CMakeFiles/floyd-warshall.dir/medley/floyd-warshall/floyd-warshall.cpp.o
[ 50%] Building CXX object CMakeFiles/seidel-2d.dir/stencils/seidel-2d/seidel-2d.cpp.o
[ 50%] Building CXX object CMakeFiles/jacobi-1d.dir/stencils/jacobi-1d/jacobi-1d.cpp.o
[ 50%] Building CXX object CMakeFiles/adi.dir/stencils/adi/adi.cpp.o
[ 50%] Building CXX object CMakeFiles/jacobi-2d.dir/stencils/jacobi-2d/jacobi-2d.cpp.o
[ 51%] Linking CXX executable adi
[ 53%] Linking CXX executable floyd-warshall
[ 53%] Built target adi
[ 53%] Built target floyd-warshall
[ 55%] Linking CXX executable syrk
[ 56%] Linking CXX executable covariance
[ 58%] Linking CXX executable 3mm
[ 60%] Linking CXX executable jacobi-1d
[ 61%] Linking CXX executable symm
[ 61%] Built target syrk
[ 61%] Built target covariance
[ 63%] Linking CXX executable gemm
[ 65%] Linking CXX executable syr2k
[ 66%] Built target 3mm
[ 66%] Linking CXX executable correlation
[ 66%] Built target jacobi-1d
[ 66%] Built target symm
[ 66%] Built target gemm
[ 68%] Linking CXX executable 2mm
[ 68%] Built target syr2k
[ 68%] Built target correlation
[ 70%] Linking CXX executable heat-3d
[ 70%] Built target 2mm
[ 71%] Linking CXX executable doitgen
[ 73%] Linking CXX executable gesummv
[ 73%] Built target heat-3d
[ 75%] Linking CXX executable cholesky
[ 75%] Built target doitgen
[ 75%] Built target gesummv
[ 76%] Linking CXX executable atax
[ 76%] Built target cholesky
[ 78%] Linking CXX executable bicg
[ 78%] Built target atax
[ 80%] Linking CXX executable trisolv
[ 81%] Linking CXX executable durbin
[ 81%] Built target bicg
[ 83%] Linking CXX executable mvt
[ 83%] Built target trisolv
[ 83%] Built target durbin
[ 83%] Built target mvt
[ 85%] Linking CXX executable ludcmp
[ 85%] Built target ludcmp
Skipping halide translation 2mm repetition 2 for dataset size SMALL (already done).
Skipping halide translation 2mm repetition 2 for dataset size SMALL (already done).
Skipping halide translation 3mm repetition 2 for dataset size SMALL (already done).
Skipping halide translation 3mm repetition 2 for dataset size SMALL (already done).
Skipping halide translation adi repetition 2 for dataset size SMALL (already done).
Skipping halide translation adi repetition 2 for dataset size SMALL (already done).
Skipping halide translation atax repetition 2 for dataset size SMALL (already done).
Skipping halide translation atax repetition 2 for dataset size SMALL (already done).
Skipping halide translation bicg repetition 2 for dataset size SMALL (already done).
Skipping halide translation bicg repetition 2 for dataset size SMALL (already done).
Skipping halide translation correlation repetition 2 for dataset size SMALL (already done).
Skipping halide translation correlation repetition 2 for dataset size SMALL (already done).
Skipping halide translation covariance repetition 2 for dataset size SMALL (already done).
Skipping halide translation covariance repetition 2 for dataset size SMALL (already done).
Skipping halide translation floyd-warshall repetition 2 for dataset size SMALL (already done).
Skipping halide translation floyd-warshall repetition 2 for dataset size SMALL (already done).
Skipping halide translation gemm repetition 2 for dataset size SMALL (already done).
Skipping halide translation gemm repetition 2 for dataset size SMALL (already done).
Skipping halide translation gesummv repetition 2 for dataset size SMALL (already done).
Skipping halide translation gesummv repetition 2 for dataset size SMALL (already done).
Skipping halide translation heat-3d repetition 2 for dataset size SMALL (already done).
Skipping halide translation heat-3d repetition 2 for dataset size SMALL (already done).
Skipping halide translation jacobi-1d repetition 2 for dataset size SMALL (already done).
Skipping halide translation jacobi-1d repetition 2 for dataset size SMALL (already done).
Skipping halide translation mvt repetition 2 for dataset size SMALL (already done).
Skipping halide translation mvt repetition 2 for dataset size SMALL (already done).
Skipping halide translation symm repetition 2 for dataset size SMALL (already done).
Skipping halide translation symm repetition 2 for dataset size SMALL (already done).
Skipping halide translation syr2k repetition 2 for dataset size SMALL (already done).
Skipping halide translation syr2k repetition 2 for dataset size SMALL (already done).
Skipping halide translation syrk repetition 2 for dataset size SMALL (already done).
Skipping halide translation syrk repetition 2 for dataset size SMALL (already done).
Skipping halide translation trisolv repetition 2 for dataset size SMALL (already done).
Skipping halide translation trisolv repetition 2 for dataset size SMALL (already done).
-- The CXX compiler identification is GNU 15.2.0
-- Detecting CXX compiler ABI info
-- Detecting CXX compiler ABI info - done
-- Check for working CXX compiler: /usr/local/latestgcc/bin/g++ - skipped
-- Detecting CXX compile features
-- Detecting CXX compile features - done
-- Found Python: /home/kleplj/translation/gpt-querying/.venv/bin/python3.9 (found suitable version "3.9.21", minimum required is "3") found components: Interpreter Development.Module
-- Halide 'host' platform triple:   x86-64-linux
-- Halide 'cmake' platform triple:  x86-64-linux
-- Halide default AOT target:       host
-- Found ZLIB: /usr/lib64/libz.so (found version "1.2.11")
-- Could NOT find PNG (missing: PNG_LIBRARY PNG_PNG_INCLUDE_DIR) 
-- Could NOT find JPEG (missing: JPEG_LIBRARY JPEG_INCLUDE_DIR) 
-- Configuring done (0.8s)
-- Generating done (0.7s)
-- Build files have been written to: /home/kleplj/translation/PolybenchC-Halide/build
[ 10%] Building CXX object CMakeFiles/correlation.dir/datamining/correlation/correlation.cpp.o
[ 10%] Building CXX object CMakeFiles/gemm.dir/linear-algebra/blas/gemm/gemm.cpp.o
[ 10%] Building CXX object CMakeFiles/covariance.dir/datamining/covariance/covariance.cpp.o
[ 18%] Building CXX object CMakeFiles/syr2k.dir/linear-algebra/blas/syr2k/syr2k.cpp.o
[ 18%] Building CXX object CMakeFiles/gesummv.dir/linear-algebra/blas/gesummv/gesummv.cpp.o
[ 18%] Building CXX object CMakeFiles/symm.dir/linear-algebra/blas/symm/symm.cpp.o
[ 18%] Building CXX object CMakeFiles/gemver.dir/linear-algebra/blas/gemver/gemver.cpp.o
[ 18%] Building CXX object CMakeFiles/trmm.dir/linear-algebra/blas/trmm/trmm.cpp.o
[ 31%] Building CXX object CMakeFiles/2mm.dir/linear-algebra/kernels/2mm/2mm.cpp.o
[ 50%] Building CXX object CMakeFiles/syrk.dir/linear-algebra/blas/syrk/syrk.cpp.o
[ 50%] Building CXX object CMakeFiles/mvt.dir/linear-algebra/kernels/mvt/mvt.cpp.o
[ 50%] Building CXX object CMakeFiles/durbin.dir/linear-algebra/solvers/durbin/durbin.cpp.o
[ 50%] Building CXX object CMakeFiles/deriche.dir/medley/deriche/deriche.cpp.o
[ 50%] Building CXX object CMakeFiles/atax.dir/linear-algebra/kernels/atax/atax.cpp.o
[ 50%] Building CXX object CMakeFiles/gramschmidt.dir/linear-algebra/solvers/gramschmidt/gramschmidt.cpp.o
[ 50%] Building CXX object CMakeFiles/3mm.dir/linear-algebra/kernels/3mm/3mm.cpp.o
[ 50%] Building CXX object CMakeFiles/floyd-warshall.dir/medley/floyd-warshall/floyd-warshall.cpp.o
[ 50%] Building CXX object CMakeFiles/nussinov.dir/medley/nussinov/nussinov.cpp.o
[ 50%] Building CXX object CMakeFiles/ludcmp.dir/linear-algebra/solvers/ludcmp/ludcmp.cpp.o
[ 50%] Building CXX object CMakeFiles/adi.dir/stencils/adi/adi.cpp.o
[ 50%] Building CXX object CMakeFiles/doitgen.dir/linear-algebra/kernels/doitgen/doitgen.cpp.o
[ 50%] Building CXX object CMakeFiles/bicg.dir/linear-algebra/kernels/bicg/bicg.cpp.o
[ 50%] Building CXX object CMakeFiles/trisolv.dir/linear-algebra/solvers/trisolv/trisolv.cpp.o
[ 50%] Building CXX object CMakeFiles/seidel-2d.dir/stencils/seidel-2d/seidel-2d.cpp.o
[ 50%] Building CXX object CMakeFiles/cholesky.dir/linear-algebra/solvers/cholesky/cholesky.cpp.o
[ 50%] Building CXX object CMakeFiles/lu.dir/linear-algebra/solvers/lu/lu.cpp.o
[ 50%] Building CXX object CMakeFiles/heat-3d.dir/stencils/heat-3d/heat-3d.cpp.o
[ 50%] Building CXX object CMakeFiles/fdtd-2d.dir/stencils/fdtd-2d/fdtd-2d.cpp.o
[ 50%] Building CXX object CMakeFiles/jacobi-1d.dir/stencils/jacobi-1d/jacobi-1d.cpp.o
[ 50%] Building CXX object CMakeFiles/jacobi-2d.dir/stencils/jacobi-2d/jacobi-2d.cpp.o
[ 51%] Linking CXX executable adi
[ 51%] Built target adi
[ 53%] Linking CXX executable floyd-warshall
[ 55%] Linking CXX executable syrk
[ 56%] Linking CXX executable gemm
[ 56%] Built target floyd-warshall
[ 58%] Linking CXX executable correlation
[ 60%] Linking CXX executable jacobi-2d
[ 60%] Built target syrk
[ 63%] Linking CXX executable seidel-2d
[ 63%] Linking CXX executable syr2k
[ 65%] Linking CXX executable symm
[ 65%] Built target gemm
[ 65%] Built target correlation
[ 65%] Built target jacobi-2d
[ 65%] Built target seidel-2d
[ 65%] Built target syr2k
[ 66%] Linking CXX executable heat-3d
[ 68%] Linking CXX executable 2mm
[ 70%] Linking CXX executable 3mm
[ 70%] Built target symm
[ 70%] Built target heat-3d
[ 71%] Linking CXX executable cholesky
[ 71%] Built target 2mm
[ 71%] Built target 3mm
[ 75%] Linking CXX executable gesummv
[ 75%] Linking CXX executable doitgen
[ 75%] Built target cholesky
[ 75%] Built target gesummv
[ 76%] Built target doitgen
[ 76%] Linking CXX executable lu
[ 78%] Linking CXX executable atax
[ 80%] Linking CXX executable nussinov
[ 81%] Linking CXX executable mvt
[ 83%] Linking CXX executable bicg
[ 83%] Built target atax
[ 83%] Built target lu
[ 83%] Built target nussinov
[ 85%] Linking CXX executable trisolv
[ 85%] Built target mvt
[ 85%] Built target bicg
[ 86%] Linking CXX executable gramschmidt
[ 86%] Built target trisolv
[ 86%] Built target gramschmidt
[ 88%] Linking CXX executable ludcmp
[ 88%] Built target ludcmp
[ 90%] Linking CXX executable fdtd-2d
[ 90%] Built target fdtd-2d
Skipping halide translation 2mm repetition 3 for dataset size SMALL (already done).
Skipping halide translation 2mm repetition 3 for dataset size SMALL (already done).
Skipping halide translation 3mm repetition 3 for dataset size SMALL (already done).
Skipping halide translation 3mm repetition 3 for dataset size SMALL (already done).
Skipping halide translation adi repetition 3 for dataset size SMALL (already done).
Skipping halide translation adi repetition 3 for dataset size SMALL (already done).
Skipping halide translation atax repetition 3 for dataset size SMALL (already done).
Skipping halide translation atax repetition 3 for dataset size SMALL (already done).
Skipping halide translation bicg repetition 3 for dataset size SMALL (already done).
Skipping halide translation bicg repetition 3 for dataset size SMALL (already done).
Skipping halide translation correlation repetition 3 for dataset size SMALL (already done).
Skipping halide translation correlation repetition 3 for dataset size SMALL (already done).
Skipping halide translation doitgen repetition 3 for dataset size SMALL (already done).
Skipping halide translation doitgen repetition 3 for dataset size SMALL (already done).
Skipping halide translation fdtd-2d repetition 3 for dataset size SMALL (already done).
Skipping halide translation fdtd-2d repetition 3 for dataset size SMALL (already done).
Skipping halide translation floyd-warshall repetition 3 for dataset size SMALL (already done).
Skipping halide translation floyd-warshall repetition 3 for dataset size SMALL (already done).
Skipping halide translation gemm repetition 3 for dataset size SMALL (already done).
Skipping halide translation gemm repetition 3 for dataset size SMALL (already done).
Skipping halide translation gesummv repetition 3 for dataset size SMALL (already done).
Skipping halide translation gesummv repetition 3 for dataset size SMALL (already done).
Skipping halide translation heat-3d repetition 3 for dataset size SMALL (already done).
Skipping halide translation heat-3d repetition 3 for dataset size SMALL (already done).
Skipping halide translation jacobi-2d repetition 3 for dataset size SMALL (already done).
Skipping halide translation jacobi-2d repetition 3 for dataset size SMALL (already done).
Skipping halide translation ludcmp repetition 3 for dataset size SMALL (already done).
Skipping halide translation ludcmp repetition 3 for dataset size SMALL (already done).
Skipping halide translation mvt repetition 3 for dataset size SMALL (already done).
Skipping halide translation mvt repetition 3 for dataset size SMALL (already done).
Skipping halide translation nussinov repetition 3 for dataset size SMALL (already done).
Skipping halide translation nussinov repetition 3 for dataset size SMALL (already done).
Skipping halide translation seidel-2d repetition 3 for dataset size SMALL (already done).
Skipping halide translation seidel-2d repetition 3 for dataset size SMALL (already done).
Skipping halide translation symm repetition 3 for dataset size SMALL (already done).
Skipping halide translation symm repetition 3 for dataset size SMALL (already done).
Skipping halide translation syr2k repetition 3 for dataset size SMALL (already done).
Skipping halide translation syr2k repetition 3 for dataset size SMALL (already done).
Skipping halide translation syrk repetition 3 for dataset size SMALL (already done).
Skipping halide translation syrk repetition 3 for dataset size SMALL (already done).
Skipping halide translation trisolv repetition 3 for dataset size SMALL (already done).
Skipping halide translation trisolv repetition 3 for dataset size SMALL (already done).
-- The CXX compiler identification is GNU 15.2.0
-- Detecting CXX compiler ABI info
-- Detecting CXX compiler ABI info - done
-- Check for working CXX compiler: /usr/local/latestgcc/bin/g++ - skipped
-- Detecting CXX compile features
-- Detecting CXX compile features - done
-- Found Python: /home/kleplj/translation/gpt-querying/.venv/bin/python3.9 (found suitable version "3.9.21", minimum required is "3") found components: Interpreter Development.Module
-- Halide 'host' platform triple:   x86-64-linux
-- Halide 'cmake' platform triple:  x86-64-linux
-- Halide default AOT target:       host
-- Found ZLIB: /usr/lib64/libz.so (found version "1.2.11")
-- Could NOT find PNG (missing: PNG_LIBRARY PNG_PNG_INCLUDE_DIR) 
-- Could NOT find JPEG (missing: JPEG_LIBRARY JPEG_INCLUDE_DIR) 
-- Configuring done (0.7s)
-- Generating done (0.7s)
-- Build files have been written to: /home/kleplj/translation/PolybenchC-Halide/build
[ 11%] Building CXX object CMakeFiles/covariance.dir/datamining/covariance/covariance.cpp.o
[ 11%] Building CXX object CMakeFiles/gemm.dir/linear-algebra/blas/gemm/gemm.cpp.o
[ 11%] Building CXX object CMakeFiles/gemver.dir/linear-algebra/blas/gemver/gemver.cpp.o
[ 11%] Building CXX object CMakeFiles/correlation.dir/datamining/correlation/correlation.cpp.o
[ 21%] Building CXX object CMakeFiles/atax.dir/linear-algebra/kernels/atax/atax.cpp.o
[ 21%] Building CXX object CMakeFiles/trmm.dir/linear-algebra/blas/trmm/trmm.cpp.o
[ 21%] Building CXX object CMakeFiles/syrk.dir/linear-algebra/blas/syrk/syrk.cpp.o
[ 21%] Building CXX object CMakeFiles/symm.dir/linear-algebra/blas/symm/symm.cpp.o
[ 21%] Building CXX object CMakeFiles/2mm.dir/linear-algebra/kernels/2mm/2mm.cpp.o
[ 21%] Building CXX object CMakeFiles/syr2k.dir/linear-algebra/blas/syr2k/syr2k.cpp.o
[ 21%] Building CXX object CMakeFiles/gesummv.dir/linear-algebra/blas/gesummv/gesummv.cpp.o
[ 43%] Building CXX object CMakeFiles/deriche.dir/medley/deriche/deriche.cpp.o
[ 50%] Building CXX object CMakeFiles/gramschmidt.dir/linear-algebra/solvers/gramschmidt/gramschmidt.cpp.o
[ 50%] Building CXX object CMakeFiles/3mm.dir/linear-algebra/kernels/3mm/3mm.cpp.o
[ 50%] Building CXX object CMakeFiles/nussinov.dir/medley/nussinov/nussinov.cpp.o
[ 50%] Building CXX object CMakeFiles/lu.dir/linear-algebra/solvers/lu/lu.cpp.o
[ 50%] Building CXX object CMakeFiles/floyd-warshall.dir/medley/floyd-warshall/floyd-warshall.cpp.o
[ 50%] Building CXX object CMakeFiles/cholesky.dir/linear-algebra/solvers/cholesky/cholesky.cpp.o
[ 50%] Building CXX object CMakeFiles/trisolv.dir/linear-algebra/solvers/trisolv/trisolv.cpp.o
[ 50%] Building CXX object CMakeFiles/doitgen.dir/linear-algebra/kernels/doitgen/doitgen.cpp.o
[ 50%] Building CXX object CMakeFiles/adi.dir/stencils/adi/adi.cpp.o
[ 50%] Building CXX object CMakeFiles/durbin.dir/linear-algebra/solvers/durbin/durbin.cpp.o
[ 50%] Building CXX object CMakeFiles/mvt.dir/linear-algebra/kernels/mvt/mvt.cpp.o
[ 50%] Building CXX object CMakeFiles/bicg.dir/linear-algebra/kernels/bicg/bicg.cpp.o
[ 50%] Building CXX object CMakeFiles/heat-3d.dir/stencils/heat-3d/heat-3d.cpp.o
[ 50%] Building CXX object CMakeFiles/jacobi-1d.dir/stencils/jacobi-1d/jacobi-1d.cpp.o
[ 50%] Building CXX object CMakeFiles/ludcmp.dir/linear-algebra/solvers/ludcmp/ludcmp.cpp.o
[ 50%] Building CXX object CMakeFiles/fdtd-2d.dir/stencils/fdtd-2d/fdtd-2d.cpp.o
[ 50%] Building CXX object CMakeFiles/seidel-2d.dir/stencils/seidel-2d/seidel-2d.cpp.o
[ 50%] Building CXX object CMakeFiles/jacobi-2d.dir/stencils/jacobi-2d/jacobi-2d.cpp.o
[ 51%] Linking CXX executable adi
[ 53%] Linking CXX executable floyd-warshall
[ 53%] Built target adi
[ 55%] Linking CXX executable cholesky
[ 55%] Built target floyd-warshall
[ 55%] Built target cholesky
[ 56%] Linking CXX executable syrk
[ 58%] Linking CXX executable syr2k
[ 60%] Linking CXX executable trmm
[ 61%] Linking CXX executable gemm
[ 63%] Linking CXX executable symm
[ 65%] Linking CXX executable covariance
[ 65%] Built target syrk
[ 66%] Linking CXX executable jacobi-2d
[ 68%] Linking CXX executable correlation
[ 68%] Built target syr2k
[ 68%] Built target trmm
[ 68%] Built target gemm
[ 68%] Built target symm
[ 68%] Built target covariance
[ 70%] Linking CXX executable 2mm
[ 71%] Linking CXX executable 3mm
[ 71%] Built target jacobi-2d
[ 71%] Built target correlation
[ 71%] Built target 2mm
[ 71%] Built target 3mm
[ 73%] Linking CXX executable atax
[ 75%] Linking CXX executable gesummv
[ 76%] Linking CXX executable heat-3d
[ 78%] Linking CXX executable bicg
[ 80%] Linking CXX executable durbin
[ 80%] Built target atax
[ 81%] Linking CXX executable doitgen
[ 83%] Linking CXX executable mvt
[ 83%] Built target gesummv
[ 83%] Built target heat-3d
[ 83%] Built target bicg
[ 83%] Built target durbin
[ 85%] Linking CXX executable trisolv
[ 85%] Built target doitgen
[ 85%] Built target mvt
[ 85%] Built target trisolv
[ 86%] Linking CXX executable nussinov
[ 86%] Built target nussinov
[ 88%] Linking CXX executable gemver
[ 88%] Built target gemver
[ 90%] Linking CXX executable fdtd-2d
[ 91%] Linking CXX executable gramschmidt
[ 93%] Linking CXX executable ludcmp
[ 93%] Built target fdtd-2d
[ 93%] Built target gramschmidt
[ 93%] Built target ludcmp
Skipping halide translation 2mm repetition 4 for dataset size SMALL (already done).
Skipping halide translation 2mm repetition 4 for dataset size SMALL (already done).
Skipping halide translation 3mm repetition 4 for dataset size SMALL (already done).
Skipping halide translation 3mm repetition 4 for dataset size SMALL (already done).
Skipping halide translation atax repetition 4 for dataset size SMALL (already done).
Skipping halide translation atax repetition 4 for dataset size SMALL (already done).
Skipping halide translation bicg repetition 4 for dataset size SMALL (already done).
Skipping halide translation bicg repetition 4 for dataset size SMALL (already done).
Skipping halide translation correlation repetition 4 for dataset size SMALL (already done).
Skipping halide translation correlation repetition 4 for dataset size SMALL (already done).
Skipping halide translation covariance repetition 4 for dataset size SMALL (already done).
Skipping halide translation covariance repetition 4 for dataset size SMALL (already done).
Skipping halide translation doitgen repetition 4 for dataset size SMALL (already done).
Skipping halide translation doitgen repetition 4 for dataset size SMALL (already done).
Skipping halide translation durbin repetition 4 for dataset size SMALL (already done).
Skipping halide translation durbin repetition 4 for dataset size SMALL (already done).
Skipping halide translation floyd-warshall repetition 4 for dataset size SMALL (already done).
Skipping halide translation floyd-warshall repetition 4 for dataset size SMALL (already done).
Skipping halide translation gemm repetition 4 for dataset size SMALL (already done).
Skipping halide translation gemm repetition 4 for dataset size SMALL (already done).
Skipping halide translation gemver repetition 4 for dataset size SMALL (already done).
Skipping halide translation gemver repetition 4 for dataset size SMALL (already done).
Skipping halide translation gesummv repetition 4 for dataset size SMALL (already done).
Skipping halide translation gesummv repetition 4 for dataset size SMALL (already done).
Skipping halide translation heat-3d repetition 4 for dataset size SMALL (already done).
Skipping halide translation heat-3d repetition 4 for dataset size SMALL (already done).
Skipping halide translation jacobi-2d repetition 4 for dataset size SMALL (already done).
Skipping halide translation jacobi-2d repetition 4 for dataset size SMALL (already done).
Skipping halide translation mvt repetition 4 for dataset size SMALL (already done).
Skipping halide translation mvt repetition 4 for dataset size SMALL (already done).
Skipping halide translation nussinov repetition 4 for dataset size SMALL (already done).
Skipping halide translation nussinov repetition 4 for dataset size SMALL (already done).
Skipping halide translation symm repetition 4 for dataset size SMALL (already done).
Skipping halide translation symm repetition 4 for dataset size SMALL (already done).
Skipping halide translation syr2k repetition 4 for dataset size SMALL (already done).
Skipping halide translation syr2k repetition 4 for dataset size SMALL (already done).
Skipping halide translation syrk repetition 4 for dataset size SMALL (already done).
Skipping halide translation syrk repetition 4 for dataset size SMALL (already done).
Skipping halide translation trmm repetition 4 for dataset size SMALL (already done).
Skipping halide translation trmm repetition 4 for dataset size SMALL (already done).
-- The CXX compiler identification is GNU 15.2.0
-- Detecting CXX compiler ABI info
-- Detecting CXX compiler ABI info - done
-- Check for working CXX compiler: /usr/local/latestgcc/bin/g++ - skipped
-- Detecting CXX compile features
-- Detecting CXX compile features - done
-- Found Python: /home/kleplj/translation/gpt-querying/.venv/bin/python3.9 (found suitable version "3.9.21", minimum required is "3") found components: Interpreter Development.Module
-- Halide 'host' platform triple:   x86-64-linux
-- Halide 'cmake' platform triple:  x86-64-linux
-- Halide default AOT target:       host
-- Found ZLIB: /usr/lib64/libz.so (found version "1.2.11")
-- Could NOT find PNG (missing: PNG_LIBRARY PNG_PNG_INCLUDE_DIR) 
-- Could NOT find JPEG (missing: JPEG_LIBRARY JPEG_INCLUDE_DIR) 
-- Configuring done (0.7s)
-- Generating done (0.7s)
-- Build files have been written to: /home/kleplj/translation/PolybenchC-Halide/build
[  6%] Building CXX object CMakeFiles/correlation.dir/datamining/correlation/correlation.cpp.o
[ 10%] Building CXX object CMakeFiles/gemm.dir/linear-algebra/blas/gemm/gemm.cpp.o
[ 10%] Building CXX object CMakeFiles/covariance.dir/datamining/covariance/covariance.cpp.o
[ 10%] Building CXX object CMakeFiles/gemver.dir/linear-algebra/blas/gemver/gemver.cpp.o
[ 15%] Building CXX object CMakeFiles/gesummv.dir/linear-algebra/blas/gesummv/gesummv.cpp.o
[ 15%] Building CXX object CMakeFiles/syr2k.dir/linear-algebra/blas/syr2k/syr2k.cpp.o
[ 25%] Building CXX object CMakeFiles/2mm.dir/linear-algebra/kernels/2mm/2mm.cpp.o
[ 25%] Building CXX object CMakeFiles/bicg.dir/linear-algebra/kernels/bicg/bicg.cpp.o
[ 25%] Building CXX object CMakeFiles/mvt.dir/linear-algebra/kernels/mvt/mvt.cpp.o
[ 25%] Building CXX object CMakeFiles/atax.dir/linear-algebra/kernels/atax/atax.cpp.o
[ 25%] Building CXX object CMakeFiles/syrk.dir/linear-algebra/blas/syrk/syrk.cpp.o
[ 25%] Building CXX object CMakeFiles/symm.dir/linear-algebra/blas/symm/symm.cpp.o
[ 41%] Building CXX object CMakeFiles/nussinov.dir/medley/nussinov/nussinov.cpp.o
[ 50%] Building CXX object CMakeFiles/lu.dir/linear-algebra/solvers/lu/lu.cpp.o
[ 50%] Building CXX object CMakeFiles/floyd-warshall.dir/medley/floyd-warshall/floyd-warshall.cpp.o
[ 50%] Building CXX object CMakeFiles/gramschmidt.dir/linear-algebra/solvers/gramschmidt/gramschmidt.cpp.o
[ 50%] Building CXX object CMakeFiles/adi.dir/stencils/adi/adi.cpp.o
[ 50%] Building CXX object CMakeFiles/trisolv.dir/linear-algebra/solvers/trisolv/trisolv.cpp.o
[ 50%] Building CXX object CMakeFiles/3mm.dir/linear-algebra/kernels/3mm/3mm.cpp.o
[ 50%] Building CXX object CMakeFiles/doitgen.dir/linear-algebra/kernels/doitgen/doitgen.cpp.o
[ 50%] Building CXX object CMakeFiles/cholesky.dir/linear-algebra/solvers/cholesky/cholesky.cpp.o
[ 50%] Building CXX object CMakeFiles/ludcmp.dir/linear-algebra/solvers/ludcmp/ludcmp.cpp.o
[ 50%] Building CXX object CMakeFiles/durbin.dir/linear-algebra/solvers/durbin/durbin.cpp.o
[ 50%] Building CXX object CMakeFiles/heat-3d.dir/stencils/heat-3d/heat-3d.cpp.o
[ 50%] Building CXX object CMakeFiles/trmm.dir/linear-algebra/blas/trmm/trmm.cpp.o
[ 50%] Building CXX object CMakeFiles/jacobi-1d.dir/stencils/jacobi-1d/jacobi-1d.cpp.o
[ 50%] Building CXX object CMakeFiles/fdtd-2d.dir/stencils/fdtd-2d/fdtd-2d.cpp.o
[ 50%] Building CXX object CMakeFiles/deriche.dir/medley/deriche/deriche.cpp.o
[ 50%] Building CXX object CMakeFiles/seidel-2d.dir/stencils/seidel-2d/seidel-2d.cpp.o
[ 50%] Building CXX object CMakeFiles/jacobi-2d.dir/stencils/jacobi-2d/jacobi-2d.cpp.o
[ 51%] Linking CXX executable adi
[ 53%] Linking CXX executable jacobi-1d
[ 56%] Linking CXX executable cholesky
[ 56%] Linking CXX executable floyd-warshall
[ 56%] Built target adi
[ 58%] Linking CXX executable syrk
[ 58%] Built target jacobi-1d
[ 58%] Built target floyd-warshall
[ 58%] Built target cholesky
[ 58%] Built target syrk
[ 60%] Linking CXX executable syr2k
[ 61%] Linking CXX executable gemm
[ 63%] Linking CXX executable trmm
[ 65%] Linking CXX executable 3mm
[ 66%] Linking CXX executable symm
[ 68%] Linking CXX executable correlation
[ 70%] Linking CXX executable jacobi-2d
[ 70%] Built target syr2k
[ 70%] Built target trmm
[ 70%] Built target gemm
[ 70%] Built target 3mm
[ 71%] Linking CXX executable 2mm
[ 71%] Built target symm
[ 73%] Linking CXX executable seidel-2d
[ 73%] Built target correlation
[ 73%] Built target jacobi-2d
[ 73%] Built target 2mm
[ 73%] Built target seidel-2d
[ 75%] Linking CXX executable durbin
[ 76%] Linking CXX executable gesummv
[ 76%] Built target durbin
[ 76%] Built target gesummv
[ 80%] Linking CXX executable atax
[ 80%] Linking CXX executable doitgen
[ 81%] Linking CXX executable lu
[ 83%] Linking CXX executable mvt
[ 83%] Built target doitgen
[ 83%] Built target atax
[ 83%] Built target lu
[ 85%] Linking CXX executable bicg
[ 85%] Built target mvt
[ 85%] Built target bicg
[ 86%] Linking CXX executable trisolv
[ 88%] Linking CXX executable gramschmidt
[ 88%] Built target trisolv
[ 88%] Built target gramschmidt
[ 90%] Linking CXX executable fdtd-2d
[ 90%] Built target fdtd-2d
[ 91%] Linking CXX executable ludcmp
[ 91%] Built target ludcmp
Skipping halide translation 2mm repetition 5 for dataset size SMALL (already done).
Skipping halide translation 2mm repetition 5 for dataset size SMALL (already done).
Skipping halide translation 3mm repetition 5 for dataset size SMALL (already done).
Skipping halide translation 3mm repetition 5 for dataset size SMALL (already done).
Skipping halide translation adi repetition 5 for dataset size SMALL (already done).
Skipping halide translation adi repetition 5 for dataset size SMALL (already done).
Skipping halide translation atax repetition 5 for dataset size SMALL (already done).
Skipping halide translation atax repetition 5 for dataset size SMALL (already done).
Skipping halide translation bicg repetition 5 for dataset size SMALL (already done).
Skipping halide translation bicg repetition 5 for dataset size SMALL (already done).
Skipping halide translation correlation repetition 5 for dataset size SMALL (already done).
Skipping halide translation correlation repetition 5 for dataset size SMALL (already done).
Skipping halide translation doitgen repetition 5 for dataset size SMALL (already done).
Skipping halide translation doitgen repetition 5 for dataset size SMALL (already done).
Skipping halide translation fdtd-2d repetition 5 for dataset size SMALL (already done).
Skipping halide translation fdtd-2d repetition 5 for dataset size SMALL (already done).
Skipping halide translation gesummv repetition 5 for dataset size SMALL (already done).
Skipping halide translation gesummv repetition 5 for dataset size SMALL (already done).
Skipping halide translation jacobi-1d repetition 5 for dataset size SMALL (already done).
Skipping halide translation jacobi-1d repetition 5 for dataset size SMALL (already done).
Skipping halide translation jacobi-2d repetition 5 for dataset size SMALL (already done).
Skipping halide translation jacobi-2d repetition 5 for dataset size SMALL (already done).
Skipping halide translation lu repetition 5 for dataset size SMALL (already done).
Skipping halide translation lu repetition 5 for dataset size SMALL (already done).
Skipping halide translation mvt repetition 5 for dataset size SMALL (already done).
Skipping halide translation mvt repetition 5 for dataset size SMALL (already done).
Skipping halide translation symm repetition 5 for dataset size SMALL (already done).
Skipping halide translation symm repetition 5 for dataset size SMALL (already done).
Skipping halide translation syr2k repetition 5 for dataset size SMALL (already done).
Skipping halide translation syr2k repetition 5 for dataset size SMALL (already done).
Skipping halide translation syrk repetition 5 for dataset size SMALL (already done).
Skipping halide translation syrk repetition 5 for dataset size SMALL (already done).
Skipping halide translation trmm repetition 5 for dataset size SMALL (already done).
Skipping halide translation trmm repetition 5 for dataset size SMALL (already done).
Generated C for 'gemm' in /home/kleplj/translation/PolybenchC-Exo/build/generated/gemm
Built gemm executable.
Generated C for 'gemver' in /home/kleplj/translation/PolybenchC-Exo/build/generated/gemver
Built gemver executable.
Generated C for 'gesummv' in /home/kleplj/translation/PolybenchC-Exo/build/generated/gesummv
Built gesummv executable.
Generated C for 'symm' in /home/kleplj/translation/PolybenchC-Exo/build/generated/symm
Built symm executable.
Generated C for 'syr2k' in /home/kleplj/translation/PolybenchC-Exo/build/generated/syr2k
Built syr2k executable.
Generated C for 'syrk' in /home/kleplj/translation/PolybenchC-Exo/build/generated/syrk
Built syrk executable.
Generated C for 'trmm' in /home/kleplj/translation/PolybenchC-Exo/build/generated/trmm
Built trmm executable.
Generated C for '2mm' in /home/kleplj/translation/PolybenchC-Exo/build/generated/2mm
Built 2mm executable.
Generated C for '3mm' in /home/kleplj/translation/PolybenchC-Exo/build/generated/3mm
Built 3mm executable.
Generated C for 'atax' in /home/kleplj/translation/PolybenchC-Exo/build/generated/atax
Built atax executable.
Generated C for 'bicg' in /home/kleplj/translation/PolybenchC-Exo/build/generated/bicg
Built bicg executable.
Generated C for 'doitgen' in /home/kleplj/translation/PolybenchC-Exo/build/generated/doitgen
Built doitgen executable.
Generated C for 'mvt' in /home/kleplj/translation/PolybenchC-Exo/build/generated/mvt
Built mvt executable.
Generated C for 'cholesky' in /home/kleplj/translation/PolybenchC-Exo/build/generated/cholesky
Built cholesky executable.
Generated C for 'durbin' in /home/kleplj/translation/PolybenchC-Exo/build/generated/durbin
Built durbin executable.
Generated C for 'gramschmidt' in /home/kleplj/translation/PolybenchC-Exo/build/generated/gramschmidt
Built gramschmidt executable.
Generated C for 'lu' in /home/kleplj/translation/PolybenchC-Exo/build/generated/lu
Built lu executable.
Generated C for 'ludcmp' in /home/kleplj/translation/PolybenchC-Exo/build/generated/ludcmp
Built ludcmp executable.
Generated C for 'trisolv' in /home/kleplj/translation/PolybenchC-Exo/build/generated/trisolv
Built trisolv executable.
Generated C for 'correlation' in /home/kleplj/translation/PolybenchC-Exo/build/generated/correlation
Built correlation executable.
Generated C for 'covariance' in /home/kleplj/translation/PolybenchC-Exo/build/generated/covariance
Built covariance executable.
Generated C for 'fdtd-2d' in /home/kleplj/translation/PolybenchC-Exo/build/generated/fdtd-2d
Built fdtd-2d executable.
Generated C for 'heat-3d' in /home/kleplj/translation/PolybenchC-Exo/build/generated/heat-3d
Built heat-3d executable.
Generated C for 'jacobi-1d' in /home/kleplj/translation/PolybenchC-Exo/build/generated/jacobi-1d
Built jacobi-1d executable.
Generated C for 'jacobi-2d' in /home/kleplj/translation/PolybenchC-Exo/build/generated/jacobi-2d
Built jacobi-2d executable.
Generated C for 'seidel-2d' in /home/kleplj/translation/PolybenchC-Exo/build/generated/seidel-2d
Built seidel-2d executable.
Generated C for 'floyd-warshall' in /home/kleplj/translation/PolybenchC-Exo/build/generated/floyd-warshall
Built floyd-warshall executable.
Generated C for 'nussinov' in /home/kleplj/translation/PolybenchC-Exo/build/generated/nussinov
Built nussinov executable.
Exo build complete. Generated sources in: /home/kleplj/translation/PolybenchC-Exo/build
Removing temp dir /tmp/slurm.151228/tmp.aA2uCUol8z
Skipping exo translation 2mm repetition 1 for dataset size SMALL (already done).
Skipping exo translation 2mm repetition 1 for dataset size SMALL (already done).
Skipping exo translation 3mm repetition 1 for dataset size SMALL (already done).
Skipping exo translation 3mm repetition 1 for dataset size SMALL (already done).
Skipping exo translation atax repetition 1 for dataset size SMALL (already done).
Skipping exo translation atax repetition 1 for dataset size SMALL (already done).
Skipping exo translation bicg repetition 1 for dataset size SMALL (already done).
Skipping exo translation bicg repetition 1 for dataset size SMALL (already done).
Skipping exo translation cholesky repetition 1 for dataset size SMALL (already done).
Skipping exo translation cholesky repetition 1 for dataset size SMALL (already done).
Skipping exo translation correlation repetition 1 for dataset size SMALL (already done).
Skipping exo translation correlation repetition 1 for dataset size SMALL (already done).
Skipping exo translation covariance repetition 1 for dataset size SMALL (already done).
Skipping exo translation covariance repetition 1 for dataset size SMALL (already done).
Skipping exo translation doitgen repetition 1 for dataset size SMALL (already done).
Skipping exo translation doitgen repetition 1 for dataset size SMALL (already done).
Skipping exo translation durbin repetition 1 for dataset size SMALL (already done).
Skipping exo translation durbin repetition 1 for dataset size SMALL (already done).
Skipping exo translation fdtd-2d repetition 1 for dataset size SMALL (already done).
Skipping exo translation fdtd-2d repetition 1 for dataset size SMALL (already done).
Skipping exo translation floyd-warshall repetition 1 for dataset size SMALL (already done).
Skipping exo translation floyd-warshall repetition 1 for dataset size SMALL (already done).
Skipping exo translation gemm repetition 1 for dataset size SMALL (already done).
Skipping exo translation gemm repetition 1 for dataset size SMALL (already done).
Skipping exo translation gemver repetition 1 for dataset size SMALL (already done).
Skipping exo translation gemver repetition 1 for dataset size SMALL (already done).
Skipping exo translation gesummv repetition 1 for dataset size SMALL (already done).
Skipping exo translation gesummv repetition 1 for dataset size SMALL (already done).
Skipping exo translation heat-3d repetition 1 for dataset size SMALL (already done).
Skipping exo translation heat-3d repetition 1 for dataset size SMALL (already done).
Skipping exo translation jacobi-1d repetition 1 for dataset size SMALL (already done).
Skipping exo translation jacobi-1d repetition 1 for dataset size SMALL (already done).
Skipping exo translation jacobi-2d repetition 1 for dataset size SMALL (already done).
Skipping exo translation jacobi-2d repetition 1 for dataset size SMALL (already done).
Skipping exo translation lu repetition 1 for dataset size SMALL (already done).
Skipping exo translation lu repetition 1 for dataset size SMALL (already done).
Skipping exo translation ludcmp repetition 1 for dataset size SMALL (already done).
Skipping exo translation ludcmp repetition 1 for dataset size SMALL (already done).
Skipping exo translation mvt repetition 1 for dataset size SMALL (already done).
Skipping exo translation mvt repetition 1 for dataset size SMALL (already done).
Skipping exo translation nussinov repetition 1 for dataset size SMALL (already done).
Skipping exo translation nussinov repetition 1 for dataset size SMALL (already done).
Skipping exo translation seidel-2d repetition 1 for dataset size SMALL (already done).
Skipping exo translation seidel-2d repetition 1 for dataset size SMALL (already done).
Skipping exo translation symm repetition 1 for dataset size SMALL (already done).
Skipping exo translation symm repetition 1 for dataset size SMALL (already done).
Skipping exo translation syr2k repetition 1 for dataset size SMALL (already done).
Skipping exo translation syr2k repetition 1 for dataset size SMALL (already done).
Skipping exo translation syrk repetition 1 for dataset size SMALL (already done).
Skipping exo translation syrk repetition 1 for dataset size SMALL (already done).
Skipping exo translation trisolv repetition 1 for dataset size SMALL (already done).
Skipping exo translation trisolv repetition 1 for dataset size SMALL (already done).
Skipping exo translation trmm repetition 1 for dataset size SMALL (already done).
Skipping exo translation trmm repetition 1 for dataset size SMALL (already done).
Generated C for 'gemm' in /home/kleplj/translation/PolybenchC-Exo/build/generated/gemm
Built gemm executable.
Generated C for 'gemver' in /home/kleplj/translation/PolybenchC-Exo/build/generated/gemver
Built gemver executable.
Generated C for 'gesummv' in /home/kleplj/translation/PolybenchC-Exo/build/generated/gesummv
Built gesummv executable.
Generated C for 'symm' in /home/kleplj/translation/PolybenchC-Exo/build/generated/symm
Built symm executable.
Generated C for 'syr2k' in /home/kleplj/translation/PolybenchC-Exo/build/generated/syr2k
Built syr2k executable.
Generated C for 'syrk' in /home/kleplj/translation/PolybenchC-Exo/build/generated/syrk
Built syrk executable.
Generated C for 'trmm' in /home/kleplj/translation/PolybenchC-Exo/build/generated/trmm
Built trmm executable.
Generated C for '2mm' in /home/kleplj/translation/PolybenchC-Exo/build/generated/2mm
Built 2mm executable.
Generated C for '3mm' in /home/kleplj/translation/PolybenchC-Exo/build/generated/3mm
Built 3mm executable.
Generated C for 'atax' in /home/kleplj/translation/PolybenchC-Exo/build/generated/atax
Built atax executable.
Generated C for 'bicg' in /home/kleplj/translation/PolybenchC-Exo/build/generated/bicg
Built bicg executable.
Generated C for 'doitgen' in /home/kleplj/translation/PolybenchC-Exo/build/generated/doitgen
Built doitgen executable.
Generated C for 'mvt' in /home/kleplj/translation/PolybenchC-Exo/build/generated/mvt
Built mvt executable.
Generated C for 'cholesky' in /home/kleplj/translation/PolybenchC-Exo/build/generated/cholesky
Built cholesky executable.
Generated C for 'durbin' in /home/kleplj/translation/PolybenchC-Exo/build/generated/durbin
Built durbin executable.
Generated C for 'gramschmidt' in /home/kleplj/translation/PolybenchC-Exo/build/generated/gramschmidt
Built gramschmidt executable.
Generated C for 'lu' in /home/kleplj/translation/PolybenchC-Exo/build/generated/lu
Built lu executable.
Generated C for 'ludcmp' in /home/kleplj/translation/PolybenchC-Exo/build/generated/ludcmp
Built ludcmp executable.
Generated C for 'trisolv' in /home/kleplj/translation/PolybenchC-Exo/build/generated/trisolv
Built trisolv executable.
Generated C for 'correlation' in /home/kleplj/translation/PolybenchC-Exo/build/generated/correlation
Built correlation executable.
Generated C for 'covariance' in /home/kleplj/translation/PolybenchC-Exo/build/generated/covariance
Built covariance executable.
Generated C for 'adi' in /home/kleplj/translation/PolybenchC-Exo/build/generated/adi
Built adi executable.
Generated C for 'fdtd-2d' in /home/kleplj/translation/PolybenchC-Exo/build/generated/fdtd-2d
Built fdtd-2d executable.
Generated C for 'heat-3d' in /home/kleplj/translation/PolybenchC-Exo/build/generated/heat-3d
Built heat-3d executable.
Generated C for 'jacobi-1d' in /home/kleplj/translation/PolybenchC-Exo/build/generated/jacobi-1d
Built jacobi-1d executable.
Generated C for 'jacobi-2d' in /home/kleplj/translation/PolybenchC-Exo/build/generated/jacobi-2d
Built jacobi-2d executable.
Generated C for 'seidel-2d' in /home/kleplj/translation/PolybenchC-Exo/build/generated/seidel-2d
Built seidel-2d executable.
Generated C for 'floyd-warshall' in /home/kleplj/translation/PolybenchC-Exo/build/generated/floyd-warshall
Built floyd-warshall executable.
Generated C for 'nussinov' in /home/kleplj/translation/PolybenchC-Exo/build/generated/nussinov
Built nussinov executable.
Exo build complete. Generated sources in: /home/kleplj/translation/PolybenchC-Exo/build
Removing temp dir /tmp/slurm.151228/tmp.VRNUvp2u7q
Skipping exo translation 2mm repetition 2 for dataset size SMALL (already done).
Skipping exo translation 2mm repetition 2 for dataset size SMALL (already done).
Skipping exo translation 3mm repetition 2 for dataset size SMALL (already done).
Skipping exo translation 3mm repetition 2 for dataset size SMALL (already done).
Skipping exo translation adi repetition 2 for dataset size SMALL (already done).
Skipping exo translation adi repetition 2 for dataset size SMALL (already done).
Skipping exo translation atax repetition 2 for dataset size SMALL (already done).
Skipping exo translation atax repetition 2 for dataset size SMALL (already done).
Skipping exo translation bicg repetition 2 for dataset size SMALL (already done).
Skipping exo translation bicg repetition 2 for dataset size SMALL (already done).
Skipping exo translation cholesky repetition 2 for dataset size SMALL (already done).
Skipping exo translation cholesky repetition 2 for dataset size SMALL (already done).
Skipping exo translation correlation repetition 2 for dataset size SMALL (already done).
Skipping exo translation correlation repetition 2 for dataset size SMALL (already done).
Skipping exo translation covariance repetition 2 for dataset size SMALL (already done).
Skipping exo translation covariance repetition 2 for dataset size SMALL (already done).
Skipping exo translation doitgen repetition 2 for dataset size SMALL (already done).
Skipping exo translation doitgen repetition 2 for dataset size SMALL (already done).
Skipping exo translation durbin repetition 2 for dataset size SMALL (already done).
Skipping exo translation durbin repetition 2 for dataset size SMALL (already done).
Skipping exo translation fdtd-2d repetition 2 for dataset size SMALL (already done).
Skipping exo translation fdtd-2d repetition 2 for dataset size SMALL (already done).
Skipping exo translation floyd-warshall repetition 2 for dataset size SMALL (already done).
Skipping exo translation floyd-warshall repetition 2 for dataset size SMALL (already done).
Skipping exo translation gemm repetition 2 for dataset size SMALL (already done).
Skipping exo translation gemm repetition 2 for dataset size SMALL (already done).
Skipping exo translation gemver repetition 2 for dataset size SMALL (already done).
Skipping exo translation gemver repetition 2 for dataset size SMALL (already done).
Skipping exo translation gesummv repetition 2 for dataset size SMALL (already done).
Skipping exo translation gesummv repetition 2 for dataset size SMALL (already done).
Skipping exo translation heat-3d repetition 2 for dataset size SMALL (already done).
Skipping exo translation heat-3d repetition 2 for dataset size SMALL (already done).
Skipping exo translation jacobi-1d repetition 2 for dataset size SMALL (already done).
Skipping exo translation jacobi-1d repetition 2 for dataset size SMALL (already done).
Skipping exo translation jacobi-2d repetition 2 for dataset size SMALL (already done).
Skipping exo translation jacobi-2d repetition 2 for dataset size SMALL (already done).
Skipping exo translation lu repetition 2 for dataset size SMALL (already done).
Skipping exo translation lu repetition 2 for dataset size SMALL (already done).
Skipping exo translation ludcmp repetition 2 for dataset size SMALL (already done).
Skipping exo translation ludcmp repetition 2 for dataset size SMALL (already done).
Skipping exo translation mvt repetition 2 for dataset size SMALL (already done).
Skipping exo translation mvt repetition 2 for dataset size SMALL (already done).
Skipping exo translation nussinov repetition 2 for dataset size SMALL (already done).
Skipping exo translation nussinov repetition 2 for dataset size SMALL (already done).
Skipping exo translation seidel-2d repetition 2 for dataset size SMALL (already done).
Skipping exo translation seidel-2d repetition 2 for dataset size SMALL (already done).
Skipping exo translation symm repetition 2 for dataset size SMALL (already done).
Skipping exo translation symm repetition 2 for dataset size SMALL (already done).
Skipping exo translation syr2k repetition 2 for dataset size SMALL (already done).
Skipping exo translation syr2k repetition 2 for dataset size SMALL (already done).
Skipping exo translation syrk repetition 2 for dataset size SMALL (already done).
Skipping exo translation syrk repetition 2 for dataset size SMALL (already done).
Skipping exo translation trisolv repetition 2 for dataset size SMALL (already done).
Skipping exo translation trisolv repetition 2 for dataset size SMALL (already done).
Skipping exo translation trmm repetition 2 for dataset size SMALL (already done).
Skipping exo translation trmm repetition 2 for dataset size SMALL (already done).
Generated C for 'gemm' in /home/kleplj/translation/PolybenchC-Exo/build/generated/gemm
Built gemm executable.
Generated C for 'gemver' in /home/kleplj/translation/PolybenchC-Exo/build/generated/gemver
Built gemver executable.
Generated C for 'gesummv' in /home/kleplj/translation/PolybenchC-Exo/build/generated/gesummv
Built gesummv executable.
Generated C for 'symm' in /home/kleplj/translation/PolybenchC-Exo/build/generated/symm
Built symm executable.
Generated C for 'syr2k' in /home/kleplj/translation/PolybenchC-Exo/build/generated/syr2k
Built syr2k executable.
Generated C for 'syrk' in /home/kleplj/translation/PolybenchC-Exo/build/generated/syrk
Built syrk executable.
Generated C for 'trmm' in /home/kleplj/translation/PolybenchC-Exo/build/generated/trmm
Built trmm executable.
Generated C for '2mm' in /home/kleplj/translation/PolybenchC-Exo/build/generated/2mm
Built 2mm executable.
Generated C for '3mm' in /home/kleplj/translation/PolybenchC-Exo/build/generated/3mm
Built 3mm executable.
Generated C for 'atax' in /home/kleplj/translation/PolybenchC-Exo/build/generated/atax
Built atax executable.
Generated C for 'bicg' in /home/kleplj/translation/PolybenchC-Exo/build/generated/bicg
Built bicg executable.
Generated C for 'doitgen' in /home/kleplj/translation/PolybenchC-Exo/build/generated/doitgen
Built doitgen executable.
Generated C for 'mvt' in /home/kleplj/translation/PolybenchC-Exo/build/generated/mvt
Built mvt executable.
Generated C for 'cholesky' in /home/kleplj/translation/PolybenchC-Exo/build/generated/cholesky
Built cholesky executable.
Generated C for 'durbin' in /home/kleplj/translation/PolybenchC-Exo/build/generated/durbin
Built durbin executable.
Generated C for 'gramschmidt' in /home/kleplj/translation/PolybenchC-Exo/build/generated/gramschmidt
Built gramschmidt executable.
Generated C for 'lu' in /home/kleplj/translation/PolybenchC-Exo/build/generated/lu
Built lu executable.
Generated C for 'ludcmp' in /home/kleplj/translation/PolybenchC-Exo/build/generated/ludcmp
Built ludcmp executable.
Generated C for 'trisolv' in /home/kleplj/translation/PolybenchC-Exo/build/generated/trisolv
Built trisolv executable.
Generated C for 'correlation' in /home/kleplj/translation/PolybenchC-Exo/build/generated/correlation
Built correlation executable.
Generated C for 'covariance' in /home/kleplj/translation/PolybenchC-Exo/build/generated/covariance
Built covariance executable.
Generated C for 'adi' in /home/kleplj/translation/PolybenchC-Exo/build/generated/adi
Built adi executable.
Generated C for 'fdtd-2d' in /home/kleplj/translation/PolybenchC-Exo/build/generated/fdtd-2d
Built fdtd-2d executable.
Generated C for 'heat-3d' in /home/kleplj/translation/PolybenchC-Exo/build/generated/heat-3d
Built heat-3d executable.
Generated C for 'jacobi-1d' in /home/kleplj/translation/PolybenchC-Exo/build/generated/jacobi-1d
Built jacobi-1d executable.
Generated C for 'jacobi-2d' in /home/kleplj/translation/PolybenchC-Exo/build/generated/jacobi-2d
Built jacobi-2d executable.
Generated C for 'seidel-2d' in /home/kleplj/translation/PolybenchC-Exo/build/generated/seidel-2d
Built seidel-2d executable.
Generated C for 'deriche' in /home/kleplj/translation/PolybenchC-Exo/build/generated/deriche
Built deriche executable.
Generated C for 'floyd-warshall' in /home/kleplj/translation/PolybenchC-Exo/build/generated/floyd-warshall
Built floyd-warshall executable.
Generated C for 'nussinov' in /home/kleplj/translation/PolybenchC-Exo/build/generated/nussinov
Built nussinov executable.
Exo build complete. Generated sources in: /home/kleplj/translation/PolybenchC-Exo/build
Removing temp dir /tmp/slurm.151228/tmp.Bwh4ndV2Oc
Skipping exo translation 2mm repetition 3 for dataset size SMALL (already done).
Skipping exo translation 2mm repetition 3 for dataset size SMALL (already done).
Skipping exo translation 3mm repetition 3 for dataset size SMALL (already done).
Skipping exo translation 3mm repetition 3 for dataset size SMALL (already done).
Skipping exo translation adi repetition 3 for dataset size SMALL (already done).
Skipping exo translation adi repetition 3 for dataset size SMALL (already done).
Skipping exo translation atax repetition 3 for dataset size SMALL (already done).
Skipping exo translation atax repetition 3 for dataset size SMALL (already done).
Skipping exo translation bicg repetition 3 for dataset size SMALL (already done).
Skipping exo translation bicg repetition 3 for dataset size SMALL (already done).
Skipping exo translation cholesky repetition 3 for dataset size SMALL (already done).
Skipping exo translation cholesky repetition 3 for dataset size SMALL (already done).
Skipping exo translation correlation repetition 3 for dataset size SMALL (already done).
Skipping exo translation correlation repetition 3 for dataset size SMALL (already done).
Skipping exo translation covariance repetition 3 for dataset size SMALL (already done).
Skipping exo translation covariance repetition 3 for dataset size SMALL (already done).
Skipping exo translation deriche repetition 3 for dataset size SMALL (already done).
Skipping exo translation deriche repetition 3 for dataset size SMALL (already done).
Skipping exo translation doitgen repetition 3 for dataset size SMALL (already done).
Skipping exo translation doitgen repetition 3 for dataset size SMALL (already done).
Skipping exo translation durbin repetition 3 for dataset size SMALL (already done).
Skipping exo translation durbin repetition 3 for dataset size SMALL (already done).
Skipping exo translation fdtd-2d repetition 3 for dataset size SMALL (already done).
Skipping exo translation fdtd-2d repetition 3 for dataset size SMALL (already done).
Skipping exo translation floyd-warshall repetition 3 for dataset size SMALL (already done).
Skipping exo translation floyd-warshall repetition 3 for dataset size SMALL (already done).
Skipping exo translation gemm repetition 3 for dataset size SMALL (already done).
Skipping exo translation gemm repetition 3 for dataset size SMALL (already done).
Skipping exo translation gemver repetition 3 for dataset size SMALL (already done).
Skipping exo translation gemver repetition 3 for dataset size SMALL (already done).
Skipping exo translation gesummv repetition 3 for dataset size SMALL (already done).
Skipping exo translation gesummv repetition 3 for dataset size SMALL (already done).
Skipping exo translation heat-3d repetition 3 for dataset size SMALL (already done).
Skipping exo translation heat-3d repetition 3 for dataset size SMALL (already done).
Skipping exo translation jacobi-1d repetition 3 for dataset size SMALL (already done).
Skipping exo translation jacobi-1d repetition 3 for dataset size SMALL (already done).
Skipping exo translation jacobi-2d repetition 3 for dataset size SMALL (already done).
Skipping exo translation jacobi-2d repetition 3 for dataset size SMALL (already done).
Skipping exo translation lu repetition 3 for dataset size SMALL (already done).
Skipping exo translation lu repetition 3 for dataset size SMALL (already done).
Skipping exo translation ludcmp repetition 3 for dataset size SMALL (already done).
Skipping exo translation ludcmp repetition 3 for dataset size SMALL (already done).
Skipping exo translation mvt repetition 3 for dataset size SMALL (already done).
Skipping exo translation mvt repetition 3 for dataset size SMALL (already done).
Skipping exo translation nussinov repetition 3 for dataset size SMALL (already done).
Skipping exo translation nussinov repetition 3 for dataset size SMALL (already done).
Skipping exo translation seidel-2d repetition 3 for dataset size SMALL (already done).
Skipping exo translation seidel-2d repetition 3 for dataset size SMALL (already done).
Skipping exo translation symm repetition 3 for dataset size SMALL (already done).
Skipping exo translation symm repetition 3 for dataset size SMALL (already done).
Skipping exo translation syr2k repetition 3 for dataset size SMALL (already done).
Skipping exo translation syr2k repetition 3 for dataset size SMALL (already done).
Skipping exo translation syrk repetition 3 for dataset size SMALL (already done).
Skipping exo translation syrk repetition 3 for dataset size SMALL (already done).
Skipping exo translation trisolv repetition 3 for dataset size SMALL (already done).
Skipping exo translation trisolv repetition 3 for dataset size SMALL (already done).
Skipping exo translation trmm repetition 3 for dataset size SMALL (already done).
Skipping exo translation trmm repetition 3 for dataset size SMALL (already done).
Generated C for 'gemm' in /home/kleplj/translation/PolybenchC-Exo/build/generated/gemm
Built gemm executable.
Generated C for 'gemver' in /home/kleplj/translation/PolybenchC-Exo/build/generated/gemver
Built gemver executable.
Generated C for 'gesummv' in /home/kleplj/translation/PolybenchC-Exo/build/generated/gesummv
Built gesummv executable.
Generated C for 'symm' in /home/kleplj/translation/PolybenchC-Exo/build/generated/symm
Built symm executable.
Generated C for 'syr2k' in /home/kleplj/translation/PolybenchC-Exo/build/generated/syr2k
Built syr2k executable.
Generated C for 'syrk' in /home/kleplj/translation/PolybenchC-Exo/build/generated/syrk
Built syrk executable.
Generated C for 'trmm' in /home/kleplj/translation/PolybenchC-Exo/build/generated/trmm
Built trmm executable.
Generated C for '2mm' in /home/kleplj/translation/PolybenchC-Exo/build/generated/2mm
Built 2mm executable.
Generated C for '3mm' in /home/kleplj/translation/PolybenchC-Exo/build/generated/3mm
Built 3mm executable.
Generated C for 'atax' in /home/kleplj/translation/PolybenchC-Exo/build/generated/atax
Built atax executable.
Generated C for 'bicg' in /home/kleplj/translation/PolybenchC-Exo/build/generated/bicg
Built bicg executable.
Generated C for 'doitgen' in /home/kleplj/translation/PolybenchC-Exo/build/generated/doitgen
Built doitgen executable.
Generated C for 'mvt' in /home/kleplj/translation/PolybenchC-Exo/build/generated/mvt
Built mvt executable.
Generated C for 'cholesky' in /home/kleplj/translation/PolybenchC-Exo/build/generated/cholesky
Built cholesky executable.
Generated C for 'durbin' in /home/kleplj/translation/PolybenchC-Exo/build/generated/durbin
Built durbin executable.
Generated C for 'gramschmidt' in /home/kleplj/translation/PolybenchC-Exo/build/generated/gramschmidt
Built gramschmidt executable.
Generated C for 'lu' in /home/kleplj/translation/PolybenchC-Exo/build/generated/lu
Built lu executable.
Generated C for 'ludcmp' in /home/kleplj/translation/PolybenchC-Exo/build/generated/ludcmp
Built ludcmp executable.
Generated C for 'trisolv' in /home/kleplj/translation/PolybenchC-Exo/build/generated/trisolv
Built trisolv executable.
Generated C for 'covariance' in /home/kleplj/translation/PolybenchC-Exo/build/generated/covariance
Built covariance executable.
Generated C for 'adi' in /home/kleplj/translation/PolybenchC-Exo/build/generated/adi
Built adi executable.
Generated C for 'fdtd-2d' in /home/kleplj/translation/PolybenchC-Exo/build/generated/fdtd-2d
Built fdtd-2d executable.
Generated C for 'heat-3d' in /home/kleplj/translation/PolybenchC-Exo/build/generated/heat-3d
Built heat-3d executable.
Generated C for 'jacobi-1d' in /home/kleplj/translation/PolybenchC-Exo/build/generated/jacobi-1d
Built jacobi-1d executable.
Generated C for 'jacobi-2d' in /home/kleplj/translation/PolybenchC-Exo/build/generated/jacobi-2d
Built jacobi-2d executable.
Generated C for 'seidel-2d' in /home/kleplj/translation/PolybenchC-Exo/build/generated/seidel-2d
Built seidel-2d executable.
Generated C for 'deriche' in /home/kleplj/translation/PolybenchC-Exo/build/generated/deriche
Built deriche executable.
Generated C for 'floyd-warshall' in /home/kleplj/translation/PolybenchC-Exo/build/generated/floyd-warshall
Built floyd-warshall executable.
Generated C for 'nussinov' in /home/kleplj/translation/PolybenchC-Exo/build/generated/nussinov
Exo build complete. Generated sources in: /home/kleplj/translation/PolybenchC-Exo/build
Removing temp dir /tmp/slurm.151228/tmp.r3P7k7hLnx
Skipping exo translation 2mm repetition 4 for dataset size SMALL (already done).
Skipping exo translation 2mm repetition 4 for dataset size SMALL (already done).
Skipping exo translation 3mm repetition 4 for dataset size SMALL (already done).
Skipping exo translation 3mm repetition 4 for dataset size SMALL (already done).
Skipping exo translation adi repetition 4 for dataset size SMALL (already done).
Skipping exo translation adi repetition 4 for dataset size SMALL (already done).
Skipping exo translation atax repetition 4 for dataset size SMALL (already done).
Skipping exo translation atax repetition 4 for dataset size SMALL (already done).
Skipping exo translation bicg repetition 4 for dataset size SMALL (already done).
Skipping exo translation bicg repetition 4 for dataset size SMALL (already done).
Skipping exo translation cholesky repetition 4 for dataset size SMALL (already done).
Skipping exo translation cholesky repetition 4 for dataset size SMALL (already done).
Skipping exo translation covariance repetition 4 for dataset size SMALL (already done).
Skipping exo translation covariance repetition 4 for dataset size SMALL (already done).
Skipping exo translation deriche repetition 4 for dataset size SMALL (already done).
Skipping exo translation deriche repetition 4 for dataset size SMALL (already done).
Skipping exo translation doitgen repetition 4 for dataset size SMALL (already done).
Skipping exo translation doitgen repetition 4 for dataset size SMALL (already done).
Skipping exo translation durbin repetition 4 for dataset size SMALL (already done).
Skipping exo translation durbin repetition 4 for dataset size SMALL (already done).
Skipping exo translation fdtd-2d repetition 4 for dataset size SMALL (already done).
Skipping exo translation fdtd-2d repetition 4 for dataset size SMALL (already done).
Skipping exo translation floyd-warshall repetition 4 for dataset size SMALL (already done).
Skipping exo translation floyd-warshall repetition 4 for dataset size SMALL (already done).
Skipping exo translation gemm repetition 4 for dataset size SMALL (already done).
Skipping exo translation gemm repetition 4 for dataset size SMALL (already done).
Skipping exo translation gemver repetition 4 for dataset size SMALL (already done).
Skipping exo translation gemver repetition 4 for dataset size SMALL (already done).
Skipping exo translation gesummv repetition 4 for dataset size SMALL (already done).
Skipping exo translation gesummv repetition 4 for dataset size SMALL (already done).
Skipping exo translation heat-3d repetition 4 for dataset size SMALL (already done).
Skipping exo translation heat-3d repetition 4 for dataset size SMALL (already done).
Skipping exo translation jacobi-1d repetition 4 for dataset size SMALL (already done).
Skipping exo translation jacobi-1d repetition 4 for dataset size SMALL (already done).
Skipping exo translation jacobi-2d repetition 4 for dataset size SMALL (already done).
Skipping exo translation jacobi-2d repetition 4 for dataset size SMALL (already done).
Skipping exo translation lu repetition 4 for dataset size SMALL (already done).
Skipping exo translation lu repetition 4 for dataset size SMALL (already done).
Skipping exo translation ludcmp repetition 4 for dataset size SMALL (already done).
Skipping exo translation ludcmp repetition 4 for dataset size SMALL (already done).
Skipping exo translation mvt repetition 4 for dataset size SMALL (already done).
Skipping exo translation mvt repetition 4 for dataset size SMALL (already done).
Skipping exo translation seidel-2d repetition 4 for dataset size SMALL (already done).
Skipping exo translation seidel-2d repetition 4 for dataset size SMALL (already done).
Skipping exo translation symm repetition 4 for dataset size SMALL (already done).
Skipping exo translation symm repetition 4 for dataset size SMALL (already done).
Skipping exo translation syr2k repetition 4 for dataset size SMALL (already done).
Skipping exo translation syr2k repetition 4 for dataset size SMALL (already done).
Skipping exo translation syrk repetition 4 for dataset size SMALL (already done).
Skipping exo translation syrk repetition 4 for dataset size SMALL (already done).
Skipping exo translation trisolv repetition 4 for dataset size SMALL (already done).
Skipping exo translation trisolv repetition 4 for dataset size SMALL (already done).
Skipping exo translation trmm repetition 4 for dataset size SMALL (already done).
Skipping exo translation trmm repetition 4 for dataset size SMALL (already done).
Generated C for 'gemm' in /home/kleplj/translation/PolybenchC-Exo/build/generated/gemm
Built gemm executable.
Generated C for 'gemver' in /home/kleplj/translation/PolybenchC-Exo/build/generated/gemver
Built gemver executable.
Generated C for 'gesummv' in /home/kleplj/translation/PolybenchC-Exo/build/generated/gesummv
Built gesummv executable.
Generated C for 'symm' in /home/kleplj/translation/PolybenchC-Exo/build/generated/symm
Built symm executable.
Generated C for 'syr2k' in /home/kleplj/translation/PolybenchC-Exo/build/generated/syr2k
Built syr2k executable.
Generated C for 'syrk' in /home/kleplj/translation/PolybenchC-Exo/build/generated/syrk
Built syrk executable.
Generated C for 'trmm' in /home/kleplj/translation/PolybenchC-Exo/build/generated/trmm
Built trmm executable.
Generated C for '2mm' in /home/kleplj/translation/PolybenchC-Exo/build/generated/2mm
Built 2mm executable.
Generated C for '3mm' in /home/kleplj/translation/PolybenchC-Exo/build/generated/3mm
Built 3mm executable.
Generated C for 'atax' in /home/kleplj/translation/PolybenchC-Exo/build/generated/atax
Built atax executable.
Generated C for 'bicg' in /home/kleplj/translation/PolybenchC-Exo/build/generated/bicg
Built bicg executable.
Generated C for 'doitgen' in /home/kleplj/translation/PolybenchC-Exo/build/generated/doitgen
Built doitgen executable.
Generated C for 'mvt' in /home/kleplj/translation/PolybenchC-Exo/build/generated/mvt
Built mvt executable.
Generated C for 'cholesky' in /home/kleplj/translation/PolybenchC-Exo/build/generated/cholesky
Built cholesky executable.
Generated C for 'durbin' in /home/kleplj/translation/PolybenchC-Exo/build/generated/durbin
Built durbin executable.
Generated C for 'gramschmidt' in /home/kleplj/translation/PolybenchC-Exo/build/generated/gramschmidt
Built gramschmidt executable.
Generated C for 'lu' in /home/kleplj/translation/PolybenchC-Exo/build/generated/lu
Built lu executable.
Generated C for 'ludcmp' in /home/kleplj/translation/PolybenchC-Exo/build/generated/ludcmp
Built ludcmp executable.
Generated C for 'trisolv' in /home/kleplj/translation/PolybenchC-Exo/build/generated/trisolv
Built trisolv executable.
Generated C for 'covariance' in /home/kleplj/translation/PolybenchC-Exo/build/generated/covariance
Built covariance executable.
Generated C for 'fdtd-2d' in /home/kleplj/translation/PolybenchC-Exo/build/generated/fdtd-2d
Built fdtd-2d executable.
Generated C for 'heat-3d' in /home/kleplj/translation/PolybenchC-Exo/build/generated/heat-3d
Built heat-3d executable.
Generated C for 'jacobi-1d' in /home/kleplj/translation/PolybenchC-Exo/build/generated/jacobi-1d
Built jacobi-1d executable.
Generated C for 'jacobi-2d' in /home/kleplj/translation/PolybenchC-Exo/build/generated/jacobi-2d
Built jacobi-2d executable.
Generated C for 'seidel-2d' in /home/kleplj/translation/PolybenchC-Exo/build/generated/seidel-2d
Built seidel-2d executable.
Generated C for 'deriche' in /home/kleplj/translation/PolybenchC-Exo/build/generated/deriche
Built deriche executable.
Generated C for 'floyd-warshall' in /home/kleplj/translation/PolybenchC-Exo/build/generated/floyd-warshall
Built floyd-warshall executable.
Generated C for 'nussinov' in /home/kleplj/translation/PolybenchC-Exo/build/generated/nussinov
Built nussinov executable.
Exo build complete. Generated sources in: /home/kleplj/translation/PolybenchC-Exo/build
Removing temp dir /tmp/slurm.151228/tmp.6ksVqBFYQJ
Skipping exo translation 2mm repetition 5 for dataset size SMALL (already done).
Skipping exo translation 2mm repetition 5 for dataset size SMALL (already done).
Skipping exo translation 3mm repetition 5 for dataset size SMALL (already done).
Skipping exo translation 3mm repetition 5 for dataset size SMALL (already done).
Skipping exo translation atax repetition 5 for dataset size SMALL (already done).
Skipping exo translation atax repetition 5 for dataset size SMALL (already done).
Skipping exo translation bicg repetition 5 for dataset size SMALL (already done).
Skipping exo translation bicg repetition 5 for dataset size SMALL (already done).
Skipping exo translation cholesky repetition 5 for dataset size SMALL (already done).
Skipping exo translation cholesky repetition 5 for dataset size SMALL (already done).
Skipping exo translation covariance repetition 5 for dataset size SMALL (already done).
Skipping exo translation covariance repetition 5 for dataset size SMALL (already done).
Skipping exo translation deriche repetition 5 for dataset size SMALL (already done).
Skipping exo translation deriche repetition 5 for dataset size SMALL (already done).
Skipping exo translation doitgen repetition 5 for dataset size SMALL (already done).
Skipping exo translation doitgen repetition 5 for dataset size SMALL (already done).
Skipping exo translation durbin repetition 5 for dataset size SMALL (already done).
Skipping exo translation durbin repetition 5 for dataset size SMALL (already done).
Skipping exo translation fdtd-2d repetition 5 for dataset size SMALL (already done).
Skipping exo translation fdtd-2d repetition 5 for dataset size SMALL (already done).
Skipping exo translation floyd-warshall repetition 5 for dataset size SMALL (already done).
Skipping exo translation floyd-warshall repetition 5 for dataset size SMALL (already done).
Skipping exo translation gemm repetition 5 for dataset size SMALL (already done).
Skipping exo translation gemm repetition 5 for dataset size SMALL (already done).
Skipping exo translation gemver repetition 5 for dataset size SMALL (already done).
Skipping exo translation gemver repetition 5 for dataset size SMALL (already done).
Skipping exo translation gesummv repetition 5 for dataset size SMALL (already done).
Skipping exo translation gesummv repetition 5 for dataset size SMALL (already done).
Skipping exo translation heat-3d repetition 5 for dataset size SMALL (already done).
Skipping exo translation heat-3d repetition 5 for dataset size SMALL (already done).
Skipping exo translation jacobi-1d repetition 5 for dataset size SMALL (already done).
Skipping exo translation jacobi-1d repetition 5 for dataset size SMALL (already done).
Skipping exo translation jacobi-2d repetition 5 for dataset size SMALL (already done).
Skipping exo translation jacobi-2d repetition 5 for dataset size SMALL (already done).
Skipping exo translation lu repetition 5 for dataset size SMALL (already done).
Skipping exo translation lu repetition 5 for dataset size SMALL (already done).
Skipping exo translation ludcmp repetition 5 for dataset size SMALL (already done).
Skipping exo translation ludcmp repetition 5 for dataset size SMALL (already done).
Skipping exo translation mvt repetition 5 for dataset size SMALL (already done).
Skipping exo translation mvt repetition 5 for dataset size SMALL (already done).
Skipping exo translation nussinov repetition 5 for dataset size SMALL (already done).
Skipping exo translation nussinov repetition 5 for dataset size SMALL (already done).
Skipping exo translation seidel-2d repetition 5 for dataset size SMALL (already done).
Skipping exo translation seidel-2d repetition 5 for dataset size SMALL (already done).
Skipping exo translation symm repetition 5 for dataset size SMALL (already done).
Skipping exo translation symm repetition 5 for dataset size SMALL (already done).
Skipping exo translation syr2k repetition 5 for dataset size SMALL (already done).
Skipping exo translation syr2k repetition 5 for dataset size SMALL (already done).
Skipping exo translation syrk repetition 5 for dataset size SMALL (already done).
Skipping exo translation syrk repetition 5 for dataset size SMALL (already done).
Skipping exo translation trisolv repetition 5 for dataset size SMALL (already done).
Skipping exo translation trisolv repetition 5 for dataset size SMALL (already done).
Skipping exo translation trmm repetition 5 for dataset size SMALL (already done).
Skipping exo translation trmm repetition 5 for dataset size SMALL (already done).
