-- The C compiler identification is GNU 15.2.0
-- Detecting C compiler ABI info
-- Detecting C compiler ABI info - done
-- Check for working C compiler: /usr/local/latestgcc/bin/gcc - skipped
-- Detecting C compile features
-- Detecting C compile features - done
-- Configuring done (0.4s)
-- Generating done (0.8s)
-- Build files have been written to: /home/kleplj/naive/optimization/naive/PolybenchC-4.2.1/build
[  4%] Building C object CMakeFiles/correlation.dir/datamining/correlation/correlation.c.o
[  4%] Building C object CMakeFiles/correlation.dir/utilities/polybench.c.o
[ 10%] Building C object CMakeFiles/gramschmidt.dir/linear-algebra/solvers/gramschmidt/gramschmidt.c.o
[ 14%] Building C object CMakeFiles/durbin.dir/utilities/polybench.c.o
[ 10%] Building C object CMakeFiles/covariance.dir/datamining/covariance/covariance.c.o
[ 10%] Building C object CMakeFiles/lu.dir/linear-algebra/solvers/lu/lu.c.o
[ 10%] Building C object CMakeFiles/covariance.dir/utilities/polybench.c.o
[ 22%] Building C object CMakeFiles/gesummv.dir/linear-algebra/blas/gesummv/gesummv.c.o
[ 60%] Building C object CMakeFiles/gramschmidt.dir/utilities/polybench.c.o
[ 60%] Building C object CMakeFiles/nussinov.dir/utilities/polybench.c.o
[ 60%] Building C object CMakeFiles/durbin.dir/linear-algebra/solvers/durbin/durbin.c.o
[ 60%] Building C object CMakeFiles/ludcmp.dir/utilities/polybench.c.o
[ 60%] Building C object CMakeFiles/cholesky.dir/linear-algebra/solvers/cholesky/cholesky.c.o
[ 60%] Building C object CMakeFiles/ludcmp.dir/linear-algebra/solvers/ludcmp/ludcmp.c.o
[ 60%] Building C object CMakeFiles/trisolv.dir/linear-algebra/solvers/trisolv/trisolv.c.o
[ 60%] Building C object CMakeFiles/cholesky.dir/utilities/polybench.c.o
[ 60%] Building C object CMakeFiles/trmm.dir/utilities/polybench.c.o
[ 60%] Building C object CMakeFiles/lu.dir/utilities/polybench.c.o
[ 66%] Building C object CMakeFiles/gemm.dir/linear-algebra/blas/gemm/gemm.c.o
[ 66%] Building C object CMakeFiles/heat-3d.dir/stencils/heat-3d/heat-3d.c.o
[ 66%] Building C object CMakeFiles/syr2k.dir/linear-algebra/blas/syr2k/syr2k.c.o
[ 66%] Building C object CMakeFiles/jacobi-1d.dir/utilities/polybench.c.o
[ 66%] Building C object CMakeFiles/adi.dir/utilities/polybench.c.o
[ 66%] Building C object CMakeFiles/trisolv.dir/utilities/polybench.c.o
[ 66%] Building C object CMakeFiles/jacobi-1d.dir/stencils/jacobi-1d/jacobi-1d.c.o
[ 66%] Building C object CMakeFiles/syrk.dir/linear-algebra/blas/syrk/syrk.c.o
[ 66%] Building C object CMakeFiles/gesummv.dir/utilities/polybench.c.o
[ 66%] Building C object CMakeFiles/bicg.dir/utilities/polybench.c.o
[ 66%] Building C object CMakeFiles/gemm.dir/utilities/polybench.c.o
[ 66%] Building C object CMakeFiles/symm.dir/linear-algebra/blas/symm/symm.c.o
[ 66%] Building C object CMakeFiles/atax.dir/linear-algebra/kernels/atax/atax.c.o
[ 66%] Building C object CMakeFiles/nussinov.dir/medley/nussinov/nussinov.c.o
[ 66%] Building C object CMakeFiles/symm.dir/utilities/polybench.c.o
[ 66%] Building C object CMakeFiles/doitgen.dir/utilities/polybench.c.o
[ 66%] Building C object CMakeFiles/gemver.dir/linear-algebra/blas/gemver/gemver.c.o
[ 66%] Building C object CMakeFiles/syrk.dir/utilities/polybench.c.o
[ 66%] Building C object CMakeFiles/3mm.dir/linear-algebra/kernels/3mm/3mm.c.o
[ 66%] Building C object CMakeFiles/2mm.dir/linear-algebra/kernels/2mm/2mm.c.o
[ 66%] Building C object CMakeFiles/mvt.dir/linear-algebra/kernels/mvt/mvt.c.o
[ 66%] Building C object CMakeFiles/2mm.dir/utilities/polybench.c.o
[ 66%] Building C object CMakeFiles/deriche.dir/medley/deriche/deriche.c.o
[ 66%] Building C object CMakeFiles/doitgen.dir/linear-algebra/kernels/doitgen/doitgen.c.o
[ 66%] Building C object CMakeFiles/syr2k.dir/utilities/polybench.c.o
[ 66%] Building C object CMakeFiles/trmm.dir/linear-algebra/blas/trmm/trmm.c.o
[ 66%] Building C object CMakeFiles/mvt.dir/utilities/polybench.c.o
[ 66%] Building C object CMakeFiles/bicg.dir/linear-algebra/kernels/bicg/bicg.c.o
[ 66%] Building C object CMakeFiles/gemver.dir/utilities/polybench.c.o
[ 66%] Building C object CMakeFiles/3mm.dir/utilities/polybench.c.o
[ 66%] Building C object CMakeFiles/floyd-warshall.dir/utilities/polybench.c.o
[ 66%] Building C object CMakeFiles/fdtd-2d.dir/stencils/fdtd-2d/fdtd-2d.c.o
[ 66%] Building C object CMakeFiles/atax.dir/utilities/polybench.c.o
[ 66%] Building C object CMakeFiles/deriche.dir/utilities/polybench.c.o
[ 66%] Building C object CMakeFiles/floyd-warshall.dir/medley/floyd-warshall/floyd-warshall.c.o
[ 66%] Building C object CMakeFiles/fdtd-2d.dir/utilities/polybench.c.o
[ 66%] Building C object CMakeFiles/seidel-2d.dir/stencils/seidel-2d/seidel-2d.c.o
[ 66%] Building C object CMakeFiles/jacobi-2d.dir/stencils/jacobi-2d/jacobi-2d.c.o
[ 66%] Building C object CMakeFiles/seidel-2d.dir/utilities/polybench.c.o
[ 66%] Building C object CMakeFiles/adi.dir/stencils/adi/adi.c.o
[ 66%] Building C object CMakeFiles/jacobi-2d.dir/utilities/polybench.c.o
[ 66%] Building C object CMakeFiles/heat-3d.dir/utilities/polybench.c.o
[ 67%] Linking C executable covariance
[ 68%] Linking C executable adi
[ 70%] Linking C executable nussinov
[ 71%] Linking C executable gesummv
[ 72%] Linking C executable mvt
[ 73%] Linking C executable syr2k
[ 73%] Built target covariance
[ 75%] Linking C executable trisolv
[ 75%] Linking C executable syrk
[ 76%] Linking C executable durbin
[ 77%] Linking C executable atax
[ 81%] Linking C executable correlation
[ 81%] Linking C executable floyd-warshall
[ 81%] Linking C executable bicg
[ 85%] Linking C executable deriche
[ 85%] Linking C executable doitgen
[ 85%] Linking C executable gemver
[ 86%] Linking C executable jacobi-2d
[ 86%] Linking C executable trmm
[ 86%] Built target adi
[ 86%] Built target nussinov
[ 86%] Built target gesummv
[ 87%] Linking C executable fdtd-2d
[ 87%] Built target mvt
[ 88%] Linking C executable cholesky
[ 88%] Built target syr2k
[ 90%] Built target trisolv
[ 90%] Linking C executable heat-3d
[ 90%] Built target syrk
[ 90%] Built target durbin
[ 90%] Built target correlation
[ 91%] Built target atax
[ 91%] Linking C executable lu
[ 91%] Built target bicg
[ 91%] Built target floyd-warshall
[ 91%] Built target gemver
[ 91%] Built target deriche
[ 91%] Built target doitgen
[ 91%] Built target trmm
[ 91%] Built target jacobi-2d
[ 92%] Linking C executable gramschmidt
[ 92%] Built target fdtd-2d
[ 92%] Built target cholesky
[ 93%] Linking C executable symm
[ 93%] Built target heat-3d
[ 93%] Built target lu
[ 95%] Linking C executable 3mm
[ 95%] Linking C executable gemm
[ 95%] Built target gramschmidt
[ 95%] Built target symm
[ 95%] Built target 3mm
[ 95%] Built target gemm
[ 96%] Linking C executable 2mm
[ 96%] Built target 2mm
c,naive,2mm,0.000132,3.803,valid,1,SMALL
c,naive,2mm,1,0.000132,1,SMALL
c,naive,2mm,2,0.000132,1,SMALL
c,naive,2mm,3,0.000133,1,SMALL
c,naive,2mm,4,0.000131,1,SMALL
c,naive,2mm,5,0.000133,1,SMALL
c,naive,3mm,0.000183,4.415,valid,1,SMALL
c,naive,3mm,1,0.000184,1,SMALL
c,naive,3mm,2,0.000184,1,SMALL
c,naive,3mm,3,0.000200,1,SMALL
c,naive,3mm,4,0.000183,1,SMALL
c,naive,3mm,5,0.000185,1,SMALL
c,naive,adi,0.002795,1.065,valid,1,SMALL
c,naive,adi,1,0.002767,1,SMALL
c,naive,adi,2,0.002757,1,SMALL
c,naive,adi,3,0.002758,1,SMALL
c,naive,adi,4,0.002756,1,SMALL
c,naive,adi,5,0.002774,1,SMALL
c,naive,atax,0.000038,1.000,valid,1,SMALL
c,naive,atax,1,0.000038,1,SMALL
c,naive,atax,2,0.000037,1,SMALL
c,naive,atax,3,0.000036,1,SMALL
c,naive,atax,4,0.000038,1,SMALL
c,naive,atax,5,0.000037,1,SMALL
c,naive,bicg,0.000022,2.500,valid,1,SMALL
c,naive,bicg,1,0.000024,1,SMALL
c,naive,bicg,2,0.000021,1,SMALL
c,naive,bicg,3,0.000022,1,SMALL
c,naive,bicg,4,0.000022,1,SMALL
c,naive,bicg,5,0.000022,1,SMALL
c,naive,cholesky,0.000324,1.244,valid,1,SMALL
c,naive,cholesky,1,0.000323,1,SMALL
c,naive,cholesky,2,0.000324,1,SMALL
c,naive,cholesky,3,0.000325,1,SMALL
c,naive,cholesky,4,0.000334,1,SMALL
c,naive,cholesky,5,0.000323,1,SMALL
c,naive,correlation,0.000204,3.093,valid,1,SMALL
c,naive,correlation,1,0.000204,1,SMALL
c,naive,correlation,2,0.000205,1,SMALL
c,naive,correlation,3,0.000218,1,SMALL
c,naive,correlation,4,0.000204,1,SMALL
c,naive,correlation,5,0.000203,1,SMALL
c,naive,covariance,0.000559,1.129,valid,1,SMALL
c,naive,covariance,1,0.000545,1,SMALL
c,naive,covariance,2,0.000557,1,SMALL
c,naive,covariance,3,0.000541,1,SMALL
c,naive,covariance,4,0.000562,1,SMALL
c,naive,covariance,5,0.000546,1,SMALL
c,naive,deriche,0.000647,1.294,valid,1,SMALL
c,naive,deriche,1,0.000661,1,SMALL
c,naive,deriche,2,0.000644,1,SMALL
c,naive,deriche,3,0.000658,1,SMALL
c,naive,deriche,4,0.000657,1,SMALL
c,naive,deriche,5,0.000656,1,SMALL
c,naive,doitgen,0.000168,3.911,valid,1,SMALL
c,naive,doitgen,1,0.000168,1,SMALL
c,naive,doitgen,2,0.000167,1,SMALL
c,naive,doitgen,3,0.000177,1,SMALL
c,naive,doitgen,4,0.000166,1,SMALL
c,naive,doitgen,5,0.000181,1,SMALL
c,naive,durbin,0.000015,1.267,valid,1,SMALL
c,naive,durbin,1,0.000014,1,SMALL
c,naive,durbin,2,0.000014,1,SMALL
c,naive,durbin,3,0.000018,1,SMALL
c,naive,durbin,4,0.000014,1,SMALL
c,naive,durbin,5,0.000014,1,SMALL
c,naive,fdtd-2d,0.000284,1.127,valid,1,SMALL
c,naive,fdtd-2d,1,0.000275,1,SMALL
c,naive,fdtd-2d,2,0.000277,1,SMALL
c,naive,fdtd-2d,3,0.000276,1,SMALL
c,naive,fdtd-2d,4,0.000274,1,SMALL
c,naive,fdtd-2d,5,0.000275,1,SMALL
c,naive,floyd-warshall,0.002990,2.460,valid,1,SMALL
c,naive,floyd-warshall,1,0.002992,1,SMALL
c,naive,floyd-warshall,2,0.003017,1,SMALL
c,naive,floyd-warshall,3,0.002989,1,SMALL
c,naive,floyd-warshall,4,0.002947,1,SMALL
c,naive,floyd-warshall,5,0.002980,1,SMALL
c,naive,gemm,0.000118,0.890,valid,1,SMALL
c,naive,gemm,1,0.000119,1,SMALL
c,naive,gemm,2,0.000119,1,SMALL
c,naive,gemm,3,0.000118,1,SMALL
c,naive,gemm,4,0.000118,1,SMALL
c,naive,gemm,5,0.000117,1,SMALL
c,naive,gemver,0.000045,1.489,valid,1,SMALL
c,naive,gemver,1,0.000047,1,SMALL
c,naive,gemver,2,0.000046,1,SMALL
c,naive,gemver,3,0.000043,1,SMALL
c,naive,gemver,4,0.000044,1,SMALL
c,naive,gemver,5,0.000045,1,SMALL
c,naive,gesummv,0.000041,0.707,valid,1,SMALL
c,naive,gesummv,1,0.000039,1,SMALL
c,naive,gesummv,2,0.000041,1,SMALL
c,naive,gesummv,3,0.000041,1,SMALL
c,naive,gesummv,4,0.000039,1,SMALL
c,naive,gesummv,5,0.000043,1,SMALL
c,naive,gramschmidt,0.000152,2.941,valid,1,SMALL
c,naive,gramschmidt,1,0.000154,1,SMALL
c,naive,gramschmidt,2,0.000162,1,SMALL
c,naive,gramschmidt,3,0.000149,1,SMALL
c,naive,gramschmidt,4,0.000150,1,SMALL
c,naive,gramschmidt,5,0.000151,1,SMALL
c,naive,heat-3d,0.003225,0.160,valid,1,SMALL
c,naive,heat-3d,1,0.003299,1,SMALL
c,naive,heat-3d,2,0.003182,1,SMALL
c,naive,heat-3d,3,0.003219,1,SMALL
c,naive,heat-3d,4,0.003197,1,SMALL
c,naive,heat-3d,5,0.003141,1,SMALL
c,naive,jacobi-1d,,,illegal,1,SMALL
c,naive,jacobi-2d,0.000530,0.994,valid,1,SMALL
c,naive,jacobi-2d,1,0.000533,1,SMALL
c,naive,jacobi-2d,2,0.000516,1,SMALL
c,naive,jacobi-2d,3,0.000529,1,SMALL
c,naive,jacobi-2d,4,0.000516,1,SMALL
c,naive,jacobi-2d,5,0.000516,1,SMALL
c,naive,lu,0.000548,1.422,valid,1,SMALL
c,naive,lu,1,0.000537,1,SMALL
c,naive,lu,2,0.000536,1,SMALL
c,naive,lu,3,0.000553,1,SMALL
c,naive,lu,4,0.000544,1,SMALL
c,naive,lu,5,0.000552,1,SMALL
c,naive,ludcmp,,,illegal,1,SMALL
c,naive,mvt,0.000021,2.095,valid,1,SMALL
c,naive,mvt,1,0.000022,1,SMALL
c,naive,mvt,2,0.000020,1,SMALL
c,naive,mvt,3,0.000021,1,SMALL
c,naive,mvt,4,0.000021,1,SMALL
c,naive,mvt,5,0.000021,1,SMALL
c,naive,nussinov,0.001385,2.123,valid,1,SMALL
c,naive,nussinov,1,0.001382,1,SMALL
c,naive,nussinov,2,0.001383,1,SMALL
c,naive,nussinov,3,0.001396,1,SMALL
c,naive,nussinov,4,0.001385,1,SMALL
c,naive,nussinov,5,0.001403,1,SMALL
c,naive,seidel-2d,,,illegal,1,SMALL
c,naive,symm,0.000097,2.814,valid,1,SMALL
c,naive,symm,1,0.000099,1,SMALL
c,naive,symm,2,0.000112,1,SMALL
c,naive,symm,3,0.000099,1,SMALL
c,naive,symm,4,0.000097,1,SMALL
c,naive,symm,5,0.000119,1,SMALL
c,naive,syr2k,0.000216,1.051,valid,1,SMALL
c,naive,syr2k,1,0.000216,1,SMALL
c,naive,syr2k,2,0.000228,1,SMALL
c,naive,syr2k,3,0.000215,1,SMALL
c,naive,syr2k,4,0.000215,1,SMALL
c,naive,syr2k,5,0.000215,1,SMALL
c,naive,syrk,0.000039,3.051,valid,1,SMALL
c,naive,syrk,1,0.000039,1,SMALL
c,naive,syrk,2,0.000041,1,SMALL
c,naive,syrk,3,0.000042,1,SMALL
c,naive,syrk,4,0.000048,1,SMALL
c,naive,syrk,5,0.000039,1,SMALL
c,naive,trisolv,0.000014,0.929,valid,1,SMALL
c,naive,trisolv,1,0.000015,1,SMALL
c,naive,trisolv,2,0.000013,1,SMALL
c,naive,trisolv,3,0.000013,1,SMALL
c,naive,trisolv,4,0.000012,1,SMALL
c,naive,trisolv,5,0.000014,1,SMALL
c,naive,trmm,0.000050,3.520,valid,1,SMALL
c,naive,trmm,1,0.000050,1,SMALL
c,naive,trmm,2,0.000050,1,SMALL
c,naive,trmm,3,0.000049,1,SMALL
c,naive,trmm,4,0.000049,1,SMALL
c,naive,trmm,5,0.000049,1,SMALL
-- The C compiler identification is GNU 15.2.0
-- Detecting C compiler ABI info
-- Detecting C compiler ABI info - done
-- Check for working C compiler: /usr/local/latestgcc/bin/gcc - skipped
-- Detecting C compile features
-- Detecting C compile features - done
-- Configuring done (0.3s)
-- Generating done (0.8s)
-- Build files have been written to: /home/kleplj/naive/optimization/naive/PolybenchC-4.2.1/build
[  5%] Building C object CMakeFiles/covariance.dir/utilities/polybench.c.o
[  5%] Building C object CMakeFiles/covariance.dir/datamining/covariance/covariance.c.o
[  7%] Building C object CMakeFiles/correlation.dir/datamining/correlation/correlation.c.o
[  7%] Building C object CMakeFiles/lu.dir/linear-algebra/solvers/lu/lu.c.o
[ 11%] Building C object CMakeFiles/correlation.dir/utilities/polybench.c.o
[ 11%] Building C object CMakeFiles/cholesky.dir/linear-algebra/solvers/cholesky/cholesky.c.o
[ 11%] Building C object CMakeFiles/gramschmidt.dir/linear-algebra/solvers/gramschmidt/gramschmidt.c.o
[ 20%] Building C object CMakeFiles/ludcmp.dir/linear-algebra/solvers/ludcmp/ludcmp.c.o
[ 46%] Building C object CMakeFiles/gramschmidt.dir/utilities/polybench.c.o
[ 46%] Building C object CMakeFiles/syr2k.dir/linear-algebra/blas/syr2k/syr2k.c.o
[ 46%] Building C object CMakeFiles/trisolv.dir/utilities/polybench.c.o
[ 46%] Building C object CMakeFiles/gemm.dir/utilities/polybench.c.o
[ 46%] Building C object CMakeFiles/lu.dir/utilities/polybench.c.o
[ 46%] Building C object CMakeFiles/trisolv.dir/linear-algebra/solvers/trisolv/trisolv.c.o
[ 46%] Building C object CMakeFiles/ludcmp.dir/utilities/polybench.c.o
[ 46%] Building C object CMakeFiles/atax.dir/utilities/polybench.c.o
[ 46%] Building C object CMakeFiles/cholesky.dir/utilities/polybench.c.o
[ 66%] Building C object CMakeFiles/jacobi-2d.dir/stencils/jacobi-2d/jacobi-2d.c.o
[ 66%] Building C object CMakeFiles/durbin.dir/utilities/polybench.c.o
[ 66%] Building C object CMakeFiles/syrk.dir/linear-algebra/blas/syrk/syrk.c.o
[ 66%] Building C object CMakeFiles/gemver.dir/utilities/polybench.c.o
[ 66%] Building C object CMakeFiles/bicg.dir/utilities/polybench.c.o
[ 66%] Building C object CMakeFiles/trmm.dir/linear-algebra/blas/trmm/trmm.c.o
[ 66%] Building C object CMakeFiles/syrk.dir/utilities/polybench.c.o
[ 66%] Building C object CMakeFiles/3mm.dir/linear-algebra/kernels/3mm/3mm.c.o
[ 66%] Building C object CMakeFiles/2mm.dir/linear-algebra/kernels/2mm/2mm.c.o
[ 66%] Building C object CMakeFiles/fdtd-2d.dir/stencils/fdtd-2d/fdtd-2d.c.o
[ 66%] Building C object CMakeFiles/deriche.dir/utilities/polybench.c.o
[ 66%] Building C object CMakeFiles/2mm.dir/utilities/polybench.c.o
[ 66%] Building C object CMakeFiles/floyd-warshall.dir/utilities/polybench.c.o
[ 66%] Building C object CMakeFiles/heat-3d.dir/stencils/heat-3d/heat-3d.c.o
[ 66%] Building C object CMakeFiles/seidel-2d.dir/utilities/polybench.c.o
[ 66%] Building C object CMakeFiles/gemm.dir/linear-algebra/blas/gemm/gemm.c.o
[ 66%] Building C object CMakeFiles/syr2k.dir/utilities/polybench.c.o
[ 66%] Building C object CMakeFiles/symm.dir/linear-algebra/blas/symm/symm.c.o
[ 66%] Building C object CMakeFiles/bicg.dir/linear-algebra/kernels/bicg/bicg.c.o
[ 66%] Building C object CMakeFiles/atax.dir/linear-algebra/kernels/atax/atax.c.o
[ 66%] Building C object CMakeFiles/mvt.dir/utilities/polybench.c.o
[ 66%] Building C object CMakeFiles/adi.dir/utilities/polybench.c.o
[ 66%] Building C object CMakeFiles/3mm.dir/utilities/polybench.c.o
[ 66%] Building C object CMakeFiles/deriche.dir/medley/deriche/deriche.c.o
[ 66%] Building C object CMakeFiles/floyd-warshall.dir/medley/floyd-warshall/floyd-warshall.c.o
[ 66%] Building C object CMakeFiles/jacobi-1d.dir/utilities/polybench.c.o
[ 66%] Building C object CMakeFiles/jacobi-2d.dir/utilities/polybench.c.o
[ 66%] Building C object CMakeFiles/durbin.dir/linear-algebra/solvers/durbin/durbin.c.o
[ 66%] Building C object CMakeFiles/gemver.dir/linear-algebra/blas/gemver/gemver.c.o
[ 66%] Building C object CMakeFiles/mvt.dir/linear-algebra/kernels/mvt/mvt.c.o
[ 66%] Building C object CMakeFiles/nussinov.dir/utilities/polybench.c.o
[ 66%] Building C object CMakeFiles/symm.dir/utilities/polybench.c.o
[ 66%] Building C object CMakeFiles/seidel-2d.dir/stencils/seidel-2d/seidel-2d.c.o
[ 66%] Building C object CMakeFiles/gesummv.dir/linear-algebra/blas/gesummv/gesummv.c.o
[ 66%] Building C object CMakeFiles/nussinov.dir/medley/nussinov/nussinov.c.o
[ 66%] Building C object CMakeFiles/fdtd-2d.dir/utilities/polybench.c.o
[ 66%] Building C object CMakeFiles/jacobi-1d.dir/stencils/jacobi-1d/jacobi-1d.c.o
[ 66%] Building C object CMakeFiles/adi.dir/stencils/adi/adi.c.o
[ 66%] Building C object CMakeFiles/heat-3d.dir/utilities/polybench.c.o
[ 66%] Building C object CMakeFiles/gesummv.dir/utilities/polybench.c.o
[ 66%] Building C object CMakeFiles/trmm.dir/utilities/polybench.c.o
[ 66%] Building C object CMakeFiles/doitgen.dir/utilities/polybench.c.o
[ 66%] Building C object CMakeFiles/doitgen.dir/linear-algebra/kernels/doitgen/doitgen.c.o
[ 67%] Linking C executable covariance
[ 68%] Linking C executable durbin
[ 70%] Linking C executable bicg
[ 71%] Linking C executable seidel-2d
[ 72%] Linking C executable gesummv
[ 73%] Linking C executable deriche
[ 74%] Linking C executable jacobi-2d
[ 75%] Linking C executable adi
[ 76%] Linking C executable nussinov
[ 77%] Linking C executable trisolv
[ 77%] Built target covariance
[ 80%] Linking C executable mvt
[ 80%] Linking C executable atax
[ 82%] Linking C executable syrk
[ 82%] Linking C executable lu
[ 83%] Linking C executable jacobi-1d
[ 84%] Linking C executable heat-3d
[ 85%] Linking C executable floyd-warshall
[ 86%] Linking C executable trmm
[ 87%] Linking C executable correlation
[ 88%] Built target durbin
[ 88%] Linking C executable syr2k
[ 88%] Built target bicg
[ 90%] Built target seidel-2d
[ 90%] Linking C executable fdtd-2d
[ 91%] Built target gesummv
[ 91%] Linking C executable gemver
[ 93%] Linking C executable symm
[ 93%] Linking C executable ludcmp
[ 93%] Built target deriche
[ 93%] Built target jacobi-2d
[ 93%] Built target nussinov
[ 93%] Built target adi
[ 94%] Linking C executable doitgen
[ 94%] Built target trisolv
[ 94%] Built target atax
[ 94%] Built target syrk
[ 94%] Built target mvt
[ 94%] Built target lu
[ 95%] Linking C executable gramschmidt
[ 95%] Built target jacobi-1d
[ 95%] Built target heat-3d
[ 95%] Built target floyd-warshall
[ 95%] Built target trmm
[ 97%] Linking C executable gemm
[ 97%] Linking C executable cholesky
[ 97%] Built target correlation
[ 97%] Built target syr2k
[ 98%] Linking C executable 2mm
[ 98%] Built target fdtd-2d
[ 98%] Built target gemver
[ 98%] Built target symm
[ 98%] Built target ludcmp
[ 98%] Built target doitgen
[ 98%] Built target gramschmidt
[ 98%] Built target gemm
[ 98%] Built target cholesky
[ 98%] Built target 2mm
[100%] Linking C executable 3mm
[100%] Built target 3mm
c,naive,2mm,0.000110,4.000,valid,2,SMALL
c,naive,2mm,1,0.000124,2,SMALL
c,naive,2mm,2,0.000110,2,SMALL
c,naive,2mm,3,0.000107,2,SMALL
c,naive,2mm,4,0.000130,2,SMALL
c,naive,2mm,5,0.000119,2,SMALL
c,naive,3mm,0.000203,3.941,valid,2,SMALL
c,naive,3mm,1,0.000205,2,SMALL
c,naive,3mm,2,0.000204,2,SMALL
c,naive,3mm,3,0.000202,2,SMALL
c,naive,3mm,4,0.000203,2,SMALL
c,naive,3mm,5,0.000204,2,SMALL
c,naive,adi,0.003136,0.887,valid,2,SMALL
c,naive,adi,1,0.003131,2,SMALL
c,naive,adi,2,0.003208,2,SMALL
c,naive,adi,3,0.003136,2,SMALL
c,naive,adi,4,0.003151,2,SMALL
c,naive,adi,5,0.003130,2,SMALL
c,naive,atax,0.000038,1.053,valid,2,SMALL
c,naive,atax,1,0.000039,2,SMALL
c,naive,atax,2,0.000037,2,SMALL
c,naive,atax,3,0.000038,2,SMALL
c,naive,atax,4,0.000026,2,SMALL
c,naive,atax,5,0.000040,2,SMALL
c,naive,bicg,0.000022,2.409,valid,2,SMALL
c,naive,bicg,1,0.000024,2,SMALL
c,naive,bicg,2,0.000022,2,SMALL
c,naive,bicg,3,0.000023,2,SMALL
c,naive,bicg,4,0.000023,2,SMALL
c,naive,bicg,5,0.000023,2,SMALL
c,naive,cholesky,0.000330,1.179,valid,2,SMALL
c,naive,cholesky,1,0.000330,2,SMALL
c,naive,cholesky,2,0.000329,2,SMALL
c,naive,cholesky,3,0.000340,2,SMALL
c,naive,cholesky,4,0.000329,2,SMALL
c,naive,cholesky,5,0.000329,2,SMALL
c,naive,correlation,0.000210,2.986,valid,2,SMALL
c,naive,correlation,1,0.000223,2,SMALL
c,naive,correlation,2,0.000206,2,SMALL
c,naive,correlation,3,0.000224,2,SMALL
c,naive,correlation,4,0.000204,2,SMALL
c,naive,correlation,5,0.000218,2,SMALL
c,naive,covariance,0.000568,1.086,valid,2,SMALL
c,naive,covariance,1,0.000567,2,SMALL
c,naive,covariance,2,0.000557,2,SMALL
c,naive,covariance,3,0.000557,2,SMALL
c,naive,covariance,4,0.000565,2,SMALL
c,naive,covariance,5,0.000557,2,SMALL
c,naive,deriche,0.000610,1.398,valid,2,SMALL
c,naive,deriche,1,0.000618,2,SMALL
c,naive,deriche,2,0.000606,2,SMALL
c,naive,deriche,3,0.000618,2,SMALL
c,naive,deriche,4,0.000621,2,SMALL
c,naive,deriche,5,0.000603,2,SMALL
c,naive,doitgen,0.000183,3.514,valid,2,SMALL
c,naive,doitgen,1,0.000169,2,SMALL
c,naive,doitgen,2,0.000168,2,SMALL
c,naive,doitgen,3,0.000181,2,SMALL
c,naive,doitgen,4,0.000184,2,SMALL
c,naive,doitgen,5,0.000167,2,SMALL
c,naive,durbin,0.000019,1.000,valid,2,SMALL
c,naive,durbin,1,0.000019,2,SMALL
c,naive,durbin,2,0.000019,2,SMALL
c,naive,durbin,3,0.000018,2,SMALL
c,naive,durbin,4,0.000019,2,SMALL
c,naive,durbin,5,0.000018,2,SMALL
c,naive,fdtd-2d,0.000322,1.034,valid,2,SMALL
c,naive,fdtd-2d,1,0.000320,2,SMALL
c,naive,fdtd-2d,2,0.000319,2,SMALL
c,naive,fdtd-2d,3,0.000321,2,SMALL
c,naive,fdtd-2d,4,0.000336,2,SMALL
c,naive,fdtd-2d,5,0.000320,2,SMALL
c,naive,floyd-warshall,0.003029,2.433,valid,2,SMALL
c,naive,floyd-warshall,1,0.003051,2,SMALL
c,naive,floyd-warshall,2,0.002992,2,SMALL
c,naive,floyd-warshall,3,0.002924,2,SMALL
c,naive,floyd-warshall,4,0.002979,2,SMALL
c,naive,floyd-warshall,5,0.003058,2,SMALL
c,naive,gemm,0.000114,0.912,valid,2,SMALL
c,naive,gemm,1,0.000115,2,SMALL
c,naive,gemm,2,0.000114,2,SMALL
c,naive,gemm,3,0.000114,2,SMALL
c,naive,gemm,4,0.000113,2,SMALL
c,naive,gemm,5,0.000112,2,SMALL
c,naive,gemver,0.000045,1.467,valid,2,SMALL
c,naive,gemver,1,0.000047,2,SMALL
c,naive,gemver,2,0.000046,2,SMALL
c,naive,gemver,3,0.000045,2,SMALL
c,naive,gemver,4,0.000049,2,SMALL
c,naive,gemver,5,0.000045,2,SMALL
c,naive,gesummv,0.000015,2.067,valid,2,SMALL
c,naive,gesummv,1,0.000015,2,SMALL
c,naive,gesummv,2,0.000014,2,SMALL
c,naive,gesummv,3,0.000014,2,SMALL
c,naive,gesummv,4,0.000014,2,SMALL
c,naive,gesummv,5,0.000015,2,SMALL
c,naive,gramschmidt,0.000194,,invalid,2,SMALL
c,naive,heat-3d,0.000510,1.012,valid,2,SMALL
c,naive,heat-3d,1,0.000573,2,SMALL
c,naive,heat-3d,2,0.000510,2,SMALL
c,naive,heat-3d,3,0.000509,2,SMALL
c,naive,heat-3d,4,0.000510,2,SMALL
c,naive,heat-3d,5,0.000508,2,SMALL
c,naive,jacobi-1d,0.000012,0.417,valid,2,SMALL
c,naive,jacobi-1d,1,0.000012,2,SMALL
c,naive,jacobi-1d,2,0.000012,2,SMALL
c,naive,jacobi-1d,3,0.000012,2,SMALL
c,naive,jacobi-1d,4,0.000011,2,SMALL
c,naive,jacobi-1d,5,0.000011,2,SMALL
c,naive,jacobi-2d,0.000507,1.039,valid,2,SMALL
c,naive,jacobi-2d,1,0.000509,2,SMALL
c,naive,jacobi-2d,2,0.000651,2,SMALL
c,naive,jacobi-2d,3,0.000520,2,SMALL
c,naive,jacobi-2d,4,0.000510,2,SMALL
c,naive,jacobi-2d,5,0.000520,2,SMALL
c,naive,lu,0.000547,1.399,valid,2,SMALL
c,naive,lu,1,0.000560,2,SMALL
c,naive,lu,2,0.000559,2,SMALL
c,naive,lu,3,0.000564,2,SMALL
c,naive,lu,4,0.000549,2,SMALL
c,naive,lu,5,0.000564,2,SMALL
c,naive,ludcmp,0.000587,1.250,valid,2,SMALL
c,naive,ludcmp,1,0.000585,2,SMALL
c,naive,ludcmp,2,0.000589,2,SMALL
c,naive,ludcmp,3,0.000590,2,SMALL
c,naive,ludcmp,4,0.000588,2,SMALL
c,naive,ludcmp,5,0.000575,2,SMALL
c,naive,mvt,0.000021,2.000,valid,2,SMALL
c,naive,mvt,1,0.000020,2,SMALL
c,naive,mvt,2,0.000019,2,SMALL
c,naive,mvt,3,0.000020,2,SMALL
c,naive,mvt,4,0.000021,2,SMALL
c,naive,mvt,5,0.000019,2,SMALL
c,naive,nussinov,0.001501,1.919,valid,2,SMALL
c,naive,nussinov,1,0.001519,2,SMALL
c,naive,nussinov,2,0.001500,2,SMALL
c,naive,nussinov,3,0.001503,2,SMALL
c,naive,nussinov,4,0.001505,2,SMALL
c,naive,nussinov,5,0.001505,2,SMALL
c,naive,seidel-2d,0.008190,0.897,valid,2,SMALL
c,naive,seidel-2d,1,0.008203,2,SMALL
c,naive,seidel-2d,2,0.008240,2,SMALL
c,naive,seidel-2d,3,0.008236,2,SMALL
c,naive,seidel-2d,4,0.008194,2,SMALL
c,naive,seidel-2d,5,0.008204,2,SMALL
c,naive,symm,0.000120,2.767,valid,2,SMALL
c,naive,symm,1,0.000108,2,SMALL
c,naive,symm,2,0.000090,2,SMALL
c,naive,symm,3,0.000092,2,SMALL
c,naive,symm,4,0.000091,2,SMALL
c,naive,symm,5,0.000091,2,SMALL
c,naive,syr2k,0.000218,1.124,valid,2,SMALL
c,naive,syr2k,1,0.000231,2,SMALL
c,naive,syr2k,2,0.000219,2,SMALL
c,naive,syr2k,3,0.000231,2,SMALL
c,naive,syr2k,4,0.000217,2,SMALL
c,naive,syr2k,5,0.000218,2,SMALL
c,naive,syrk,0.000224,0.455,valid,2,SMALL
c,naive,syrk,1,0.000205,2,SMALL
c,naive,syrk,2,0.000204,2,SMALL
c,naive,syrk,3,0.000205,2,SMALL
c,naive,syrk,4,0.000204,2,SMALL
c,naive,syrk,5,0.000191,2,SMALL
c,naive,trisolv,0.000014,0.857,valid,2,SMALL
c,naive,trisolv,1,0.000014,2,SMALL
c,naive,trisolv,2,0.000014,2,SMALL
c,naive,trisolv,3,0.000013,2,SMALL
c,naive,trisolv,4,0.000013,2,SMALL
c,naive,trisolv,5,0.000012,2,SMALL
c,naive,trmm,0.000048,3.667,valid,2,SMALL
c,naive,trmm,1,0.000051,2,SMALL
c,naive,trmm,2,0.000050,2,SMALL
c,naive,trmm,3,0.000049,2,SMALL
c,naive,trmm,4,0.000049,2,SMALL
c,naive,trmm,5,0.000049,2,SMALL
-- The C compiler identification is GNU 15.2.0
-- Detecting C compiler ABI info
-- Detecting C compiler ABI info - done
-- Check for working C compiler: /usr/local/latestgcc/bin/gcc - skipped
-- Detecting C compile features
-- Detecting C compile features - done
-- Configuring done (0.4s)
-- Generating done (0.8s)
-- Build files have been written to: /home/kleplj/naive/optimization/naive/PolybenchC-4.2.1/build
[  6%] Building C object CMakeFiles/covariance.dir/utilities/polybench.c.o
[  6%] Building C object CMakeFiles/lu.dir/linear-algebra/solvers/lu/lu.c.o
[  6%] Building C object CMakeFiles/covariance.dir/datamining/covariance/covariance.c.o
[ 12%] Building C object CMakeFiles/correlation.dir/datamining/correlation/correlation.c.o
[ 12%] Building C object CMakeFiles/cholesky.dir/utilities/polybench.c.o
[ 12%] Building C object CMakeFiles/gramschmidt.dir/linear-algebra/solvers/gramschmidt/gramschmidt.c.o
[ 12%] Building C object CMakeFiles/lu.dir/utilities/polybench.c.o
[ 12%] Building C object CMakeFiles/cholesky.dir/linear-algebra/solvers/cholesky/cholesky.c.o
[ 25%] Building C object CMakeFiles/syrk.dir/linear-algebra/blas/syrk/syrk.c.o
[ 25%] Building C object CMakeFiles/trisolv.dir/utilities/polybench.c.o
[ 66%] Building C object CMakeFiles/syr2k.dir/utilities/polybench.c.o
[ 66%] Building C object CMakeFiles/ludcmp.dir/linear-algebra/solvers/ludcmp/ludcmp.c.o
[ 66%] Building C object CMakeFiles/jacobi-1d.dir/utilities/polybench.c.o
[ 66%] Building C object CMakeFiles/trisolv.dir/linear-algebra/solvers/trisolv/trisolv.c.o
[ 66%] Building C object CMakeFiles/durbin.dir/utilities/polybench.c.o
[ 66%] Building C object CMakeFiles/ludcmp.dir/utilities/polybench.c.o
[ 66%] Building C object CMakeFiles/durbin.dir/linear-algebra/solvers/durbin/durbin.c.o
[ 66%] Building C object CMakeFiles/correlation.dir/utilities/polybench.c.o
[ 66%] Building C object CMakeFiles/symm.dir/utilities/polybench.c.o
[ 66%] Building C object CMakeFiles/gramschmidt.dir/utilities/polybench.c.o
[ 66%] Building C object CMakeFiles/gemm.dir/linear-algebra/blas/gemm/gemm.c.o
[ 66%] Building C object CMakeFiles/syr2k.dir/linear-algebra/blas/syr2k/syr2k.c.o
[ 66%] Building C object CMakeFiles/adi.dir/stencils/adi/adi.c.o
[ 66%] Building C object CMakeFiles/mvt.dir/utilities/polybench.c.o
[ 66%] Building C object CMakeFiles/seidel-2d.dir/stencils/seidel-2d/seidel-2d.c.o
[ 66%] Building C object CMakeFiles/seidel-2d.dir/utilities/polybench.c.o
[ 66%] Building C object CMakeFiles/heat-3d.dir/stencils/heat-3d/heat-3d.c.o
[ 66%] Building C object CMakeFiles/atax.dir/utilities/polybench.c.o
[ 66%] Building C object CMakeFiles/jacobi-1d.dir/stencils/jacobi-1d/jacobi-1d.c.o
[ 66%] Building C object CMakeFiles/floyd-warshall.dir/utilities/polybench.c.o
[ 66%] Building C object CMakeFiles/jacobi-2d.dir/stencils/jacobi-2d/jacobi-2d.c.o
[ 66%] Building C object CMakeFiles/deriche.dir/utilities/polybench.c.o
[ 66%] Building C object CMakeFiles/fdtd-2d.dir/stencils/fdtd-2d/fdtd-2d.c.o
[ 66%] Building C object CMakeFiles/3mm.dir/linear-algebra/kernels/3mm/3mm.c.o
[ 66%] Building C object CMakeFiles/fdtd-2d.dir/utilities/polybench.c.o
[ 66%] Building C object CMakeFiles/atax.dir/linear-algebra/kernels/atax/atax.c.o
[ 66%] Building C object CMakeFiles/floyd-warshall.dir/medley/floyd-warshall/floyd-warshall.c.o
[ 66%] Building C object CMakeFiles/bicg.dir/linear-algebra/kernels/bicg/bicg.c.o
[ 66%] Building C object CMakeFiles/nussinov.dir/utilities/polybench.c.o
[ 66%] Building C object CMakeFiles/deriche.dir/medley/deriche/deriche.c.o
[ 66%] Building C object CMakeFiles/2mm.dir/linear-algebra/kernels/2mm/2mm.c.o
[ 66%] Building C object CMakeFiles/trmm.dir/utilities/polybench.c.o
[ 66%] Building C object CMakeFiles/adi.dir/utilities/polybench.c.o
[ 66%] Building C object CMakeFiles/2mm.dir/utilities/polybench.c.o
[ 66%] Building C object CMakeFiles/nussinov.dir/medley/nussinov/nussinov.c.o
[ 66%] Building C object CMakeFiles/mvt.dir/linear-algebra/kernels/mvt/mvt.c.o
[ 66%] Building C object CMakeFiles/3mm.dir/utilities/polybench.c.o
[ 66%] Building C object CMakeFiles/trmm.dir/linear-algebra/blas/trmm/trmm.c.o
[ 66%] Building C object CMakeFiles/gesummv.dir/utilities/polybench.c.o
[ 66%] Building C object CMakeFiles/doitgen.dir/linear-algebra/kernels/doitgen/doitgen.c.o
[ 66%] Building C object CMakeFiles/symm.dir/linear-algebra/blas/symm/symm.c.o
[ 66%] Building C object CMakeFiles/bicg.dir/utilities/polybench.c.o
[ 66%] Building C object CMakeFiles/gemver.dir/utilities/polybench.c.o
[ 66%] Building C object CMakeFiles/gesummv.dir/linear-algebra/blas/gesummv/gesummv.c.o
[ 66%] Building C object CMakeFiles/jacobi-2d.dir/utilities/polybench.c.o
[ 66%] Building C object CMakeFiles/syrk.dir/utilities/polybench.c.o
[ 66%] Building C object CMakeFiles/doitgen.dir/utilities/polybench.c.o
[ 66%] Building C object CMakeFiles/heat-3d.dir/utilities/polybench.c.o
[ 66%] Building C object CMakeFiles/gemver.dir/linear-algebra/blas/gemver/gemver.c.o
[ 66%] Building C object CMakeFiles/gemm.dir/utilities/polybench.c.o
[ 67%] Linking C executable nussinov
[ 68%] Linking C executable seidel-2d
[ 72%] Linking C executable jacobi-2d
[ 72%] Linking C executable gesummv
[ 72%] Linking C executable jacobi-1d
[ 74%] Linking C executable lu
[ 74%] Linking C executable deriche
[ 75%] Linking C executable covariance
[ 77%] Linking C executable bicg
[ 77%] Linking C executable trisolv
[ 78%] Linking C executable durbin
[ 81%] Linking C executable floyd-warshall
[ 81%] Linking C executable atax
[ 83%] Linking C executable doitgen
[ 83%] Linking C executable trmm
[ 87%] Linking C executable syrk
[ 87%] Linking C executable cholesky
[ 87%] Linking C executable gemver
[ 87%] Linking C executable heat-3d
[ 90%] Linking C executable fdtd-2d
[ 90%] Linking C executable syr2k
[ 90%] Built target nussinov
[ 91%] Linking C executable correlation
[ 91%] Built target seidel-2d
[ 91%] Built target jacobi-2d
[ 91%] Built target gesummv
[ 91%] Built target jacobi-1d
[ 92%] Linking C executable adi
[ 92%] Built target lu
[ 92%] Built target deriche
[ 93%] Built target covariance
[ 93%] Linking C executable 2mm
[ 94%] Linking C executable 3mm
[ 94%] Built target trisolv
[ 94%] Built target bicg
[ 95%] Linking C executable gemm
[ 96%] Built target durbin
[ 96%] Linking C executable symm
[ 96%] Built target floyd-warshall
[ 96%] Built target atax
[ 96%] Built target doitgen
[ 96%] Built target trmm
[ 96%] Built target heat-3d
[ 96%] Built target cholesky
[ 96%] Built target gemver
[ 96%] Built target syrk
[ 96%] Built target fdtd-2d
[ 96%] Built target syr2k
[ 96%] Built target correlation
[ 97%] Linking C executable mvt
[ 97%] Built target adi
[ 97%] Built target 2mm
[ 97%] Built target 3mm
[ 97%] Built target gemm
[ 97%] Built target symm
[ 98%] Linking C executable ludcmp
[ 98%] Built target mvt
[ 98%] Built target ludcmp
[100%] Linking C executable gramschmidt
[100%] Built target gramschmidt
c,naive,2mm,0.000088,4.977,valid,3,SMALL
c,naive,2mm,1,0.000093,3,SMALL
c,naive,2mm,2,0.000095,3,SMALL
c,naive,2mm,3,0.000086,3,SMALL
c,naive,2mm,4,0.000112,3,SMALL
c,naive,2mm,5,0.000087,3,SMALL
c,naive,3mm,0.000185,4.346,valid,3,SMALL
c,naive,3mm,1,0.000199,3,SMALL
c,naive,3mm,2,0.000185,3,SMALL
c,naive,3mm,3,0.000199,3,SMALL
c,naive,3mm,4,0.000184,3,SMALL
c,naive,3mm,5,0.000184,3,SMALL
c,naive,adi,0.001834,1.515,valid,3,SMALL
c,naive,adi,1,0.001840,3,SMALL
c,naive,adi,2,0.001834,3,SMALL
c,naive,adi,3,0.001842,3,SMALL
c,naive,adi,4,0.001836,3,SMALL
c,naive,adi,5,0.001841,3,SMALL
c,naive,atax,0.000039,0.974,valid,3,SMALL
c,naive,atax,1,0.000039,3,SMALL
c,naive,atax,2,0.000037,3,SMALL
c,naive,atax,3,0.000038,3,SMALL
c,naive,atax,4,0.000036,3,SMALL
c,naive,atax,5,0.000037,3,SMALL
c,naive,bicg,0.000022,2.500,valid,3,SMALL
c,naive,bicg,1,0.000024,3,SMALL
c,naive,bicg,2,0.000022,3,SMALL
c,naive,bicg,3,0.000022,3,SMALL
c,naive,bicg,4,0.000021,3,SMALL
c,naive,bicg,5,0.000022,3,SMALL
c,naive,cholesky,0.000343,1.134,valid,3,SMALL
c,naive,cholesky,1,0.000344,3,SMALL
c,naive,cholesky,2,0.000343,3,SMALL
c,naive,cholesky,3,0.000342,3,SMALL
c,naive,cholesky,4,0.000357,3,SMALL
c,naive,cholesky,5,0.000346,3,SMALL
c,naive,correlation,0.000220,2.855,valid,3,SMALL
c,naive,correlation,1,0.000220,3,SMALL
c,naive,correlation,2,0.000205,3,SMALL
c,naive,correlation,3,0.000218,3,SMALL
c,naive,correlation,4,0.000205,3,SMALL
c,naive,correlation,5,0.000224,3,SMALL
c,naive,covariance,0.000205,3.083,valid,3,SMALL
c,naive,covariance,1,0.000187,3,SMALL
c,naive,covariance,2,0.000184,3,SMALL
c,naive,covariance,3,0.000198,3,SMALL
c,naive,covariance,4,0.000191,3,SMALL
c,naive,covariance,5,0.000189,3,SMALL
c,naive,deriche,0.000949,0.888,valid,3,SMALL
c,naive,deriche,1,0.000992,3,SMALL
c,naive,deriche,2,0.000968,3,SMALL
c,naive,deriche,3,0.000962,3,SMALL
c,naive,deriche,4,0.000980,3,SMALL
c,naive,deriche,5,0.000968,3,SMALL
c,naive,doitgen,0.000182,3.549,valid,3,SMALL
c,naive,doitgen,1,0.000185,3,SMALL
c,naive,doitgen,2,0.000181,3,SMALL
c,naive,doitgen,3,0.000180,3,SMALL
c,naive,doitgen,4,0.000183,3,SMALL
c,naive,doitgen,5,0.000196,3,SMALL
c,naive,durbin,0.000015,1.267,valid,3,SMALL
c,naive,durbin,1,0.000016,3,SMALL
c,naive,durbin,2,0.000015,3,SMALL
c,naive,durbin,3,0.000015,3,SMALL
c,naive,durbin,4,0.000020,3,SMALL
c,naive,durbin,5,0.000015,3,SMALL
c,naive,fdtd-2d,0.000285,1.137,valid,3,SMALL
c,naive,fdtd-2d,1,0.000283,3,SMALL
c,naive,fdtd-2d,2,0.000292,3,SMALL
c,naive,fdtd-2d,3,0.000285,3,SMALL
c,naive,fdtd-2d,4,0.000284,3,SMALL
c,naive,fdtd-2d,5,0.000285,3,SMALL
c,naive,floyd-warshall,0.002193,3.274,valid,3,SMALL
c,naive,floyd-warshall,1,0.002194,3,SMALL
c,naive,floyd-warshall,2,0.002204,3,SMALL
c,naive,floyd-warshall,3,0.002200,3,SMALL
c,naive,floyd-warshall,4,0.002211,3,SMALL
c,naive,floyd-warshall,5,0.002214,3,SMALL
c,naive,gemm,0.000107,0.981,valid,3,SMALL
c,naive,gemm,1,0.000099,3,SMALL
c,naive,gemm,2,0.000107,3,SMALL
c,naive,gemm,3,0.000100,3,SMALL
c,naive,gemm,4,0.000100,3,SMALL
c,naive,gemm,5,0.000099,3,SMALL
c,naive,gemver,0.000031,2.226,valid,3,SMALL
c,naive,gemver,1,0.000044,3,SMALL
c,naive,gemver,2,0.000043,3,SMALL
c,naive,gemver,3,0.000042,3,SMALL
c,naive,gemver,4,0.000042,3,SMALL
c,naive,gemver,5,0.000040,3,SMALL
c,naive,gesummv,0.000014,2.286,valid,3,SMALL
c,naive,gesummv,1,0.000015,3,SMALL
c,naive,gesummv,2,0.000015,3,SMALL
c,naive,gesummv,3,0.000014,3,SMALL
c,naive,gesummv,4,0.000014,3,SMALL
c,naive,gesummv,5,0.000013,3,SMALL
c,naive,gramschmidt,0.000354,,invalid,3,SMALL
c,naive,heat-3d,0.000499,1.040,valid,3,SMALL
c,naive,heat-3d,1,0.000498,3,SMALL
c,naive,heat-3d,2,0.000520,3,SMALL
c,naive,heat-3d,3,0.000509,3,SMALL
c,naive,heat-3d,4,0.000559,3,SMALL
c,naive,heat-3d,5,0.000496,3,SMALL
c,naive,jacobi-1d,0.000005,1.000,valid,3,SMALL
c,naive,jacobi-1d,1,0.000005,3,SMALL
c,naive,jacobi-1d,2,0.000005,3,SMALL
c,naive,jacobi-1d,3,0.000005,3,SMALL
c,naive,jacobi-1d,4,0.000005,3,SMALL
c,naive,jacobi-1d,5,0.000005,3,SMALL
c,naive,jacobi-2d,0.000521,1.013,valid,3,SMALL
c,naive,jacobi-2d,1,0.000532,3,SMALL
c,naive,jacobi-2d,2,0.000523,3,SMALL
c,naive,jacobi-2d,3,0.000507,3,SMALL
c,naive,jacobi-2d,4,0.000520,3,SMALL
c,naive,jacobi-2d,5,0.000516,3,SMALL
c,naive,lu,0.000561,1.383,valid,3,SMALL
c,naive,lu,1,0.000561,3,SMALL
c,naive,lu,2,0.000551,3,SMALL
c,naive,lu,3,0.000566,3,SMALL
c,naive,lu,4,0.000550,3,SMALL
c,naive,lu,5,0.000549,3,SMALL
c,naive,ludcmp,0.000731,1.003,valid,3,SMALL
c,naive,ludcmp,1,0.000730,3,SMALL
c,naive,ludcmp,2,0.000721,3,SMALL
c,naive,ludcmp,3,0.000730,3,SMALL
c,naive,ludcmp,4,0.000734,3,SMALL
c,naive,ludcmp,5,0.000735,3,SMALL
c,naive,mvt,0.000023,1.783,valid,3,SMALL
c,naive,mvt,1,0.000023,3,SMALL
c,naive,mvt,2,0.000022,3,SMALL
c,naive,mvt,3,0.000021,3,SMALL
c,naive,mvt,4,0.000021,3,SMALL
c,naive,mvt,5,0.000022,3,SMALL
c,naive,nussinov,0.001493,1.929,valid,3,SMALL
c,naive,nussinov,1,0.001496,3,SMALL
c,naive,nussinov,2,0.001508,3,SMALL
c,naive,nussinov,3,0.001488,3,SMALL
c,naive,nussinov,4,0.001512,3,SMALL
c,naive,nussinov,5,0.001506,3,SMALL
c,naive,seidel-2d,0.005775,1.282,valid,3,SMALL
c,naive,seidel-2d,1,0.005789,3,SMALL
c,naive,seidel-2d,2,0.005800,3,SMALL
c,naive,seidel-2d,3,0.005759,3,SMALL
c,naive,seidel-2d,4,0.005764,3,SMALL
c,naive,seidel-2d,5,0.005770,3,SMALL
c,naive,symm,0.000084,3.333,valid,3,SMALL
c,naive,symm,1,0.000085,3,SMALL
c,naive,symm,2,0.000085,3,SMALL
c,naive,symm,3,0.000085,3,SMALL
c,naive,symm,4,0.000085,3,SMALL
c,naive,symm,5,0.000084,3,SMALL
c,naive,syr2k,0.000249,0.952,valid,3,SMALL
c,naive,syr2k,1,0.000249,3,SMALL
c,naive,syr2k,2,0.000247,3,SMALL
c,naive,syr2k,3,0.000249,3,SMALL
c,naive,syr2k,4,0.000263,3,SMALL
c,naive,syr2k,5,0.000249,3,SMALL
c,naive,syrk,0.000178,0.562,valid,3,SMALL
c,naive,syrk,1,0.000177,3,SMALL
c,naive,syrk,2,0.000177,3,SMALL
c,naive,syrk,3,0.000175,3,SMALL
c,naive,syrk,4,0.000176,3,SMALL
c,naive,syrk,5,0.000175,3,SMALL
c,naive,trisolv,0.000012,1.083,valid,3,SMALL
c,naive,trisolv,1,0.000014,3,SMALL
c,naive,trisolv,2,0.000012,3,SMALL
c,naive,trisolv,3,0.000011,3,SMALL
c,naive,trisolv,4,0.000012,3,SMALL
c,naive,trisolv,5,0.000011,3,SMALL
c,naive,trmm,0.000064,2.734,valid,3,SMALL
c,naive,trmm,1,0.000067,3,SMALL
c,naive,trmm,2,0.000061,3,SMALL
c,naive,trmm,3,0.000067,3,SMALL
c,naive,trmm,4,0.000062,3,SMALL
c,naive,trmm,5,0.000064,3,SMALL
-- The C compiler identification is GNU 15.2.0
-- Detecting C compiler ABI info
-- Detecting C compiler ABI info - done
-- Check for working C compiler: /usr/local/latestgcc/bin/gcc - skipped
-- Detecting C compile features
-- Detecting C compile features - done
-- Configuring done (0.4s)
-- Generating done (0.8s)
-- Build files have been written to: /home/kleplj/naive/optimization/naive/PolybenchC-4.2.1/build
[ 15%] Building C object CMakeFiles/syrk.dir/utilities/polybench.c.o
[ 15%] Building C object CMakeFiles/lu.dir/linear-algebra/solvers/lu/lu.c.o
[ 15%] Building C object CMakeFiles/correlation.dir/datamining/correlation/correlation.c.o
[ 15%] Building C object CMakeFiles/durbin.dir/linear-algebra/solvers/durbin/durbin.c.o
[ 15%] Building C object CMakeFiles/cholesky.dir/linear-algebra/solvers/cholesky/cholesky.c.o
[ 15%] Building C object CMakeFiles/covariance.dir/utilities/polybench.c.o
[ 15%] Building C object CMakeFiles/gesummv.dir/linear-algebra/blas/gesummv/gesummv.c.o
[ 15%] Building C object CMakeFiles/ludcmp.dir/linear-algebra/solvers/ludcmp/ludcmp.c.o
[ 15%] Building C object CMakeFiles/covariance.dir/datamining/covariance/covariance.c.o
[ 15%] Building C object CMakeFiles/lu.dir/utilities/polybench.c.o
[ 15%] Building C object CMakeFiles/correlation.dir/utilities/polybench.c.o
[ 15%] Building C object CMakeFiles/cholesky.dir/utilities/polybench.c.o
[ 52%] Building C object CMakeFiles/trmm.dir/linear-algebra/blas/trmm/trmm.c.o
[ 52%] Building C object CMakeFiles/jacobi-1d.dir/stencils/jacobi-1d/jacobi-1d.c.o
[ 66%] Building C object CMakeFiles/jacobi-2d.dir/stencils/jacobi-2d/jacobi-2d.c.o
[ 66%] Building C object CMakeFiles/trisolv.dir/linear-algebra/solvers/trisolv/trisolv.c.o
[ 66%] Building C object CMakeFiles/syr2k.dir/linear-algebra/blas/syr2k/syr2k.c.o
[ 66%] Building C object CMakeFiles/bicg.dir/utilities/polybench.c.o
[ 66%] Building C object CMakeFiles/mvt.dir/linear-algebra/kernels/mvt/mvt.c.o
[ 66%] Building C object CMakeFiles/symm.dir/utilities/polybench.c.o
[ 66%] Building C object CMakeFiles/2mm.dir/linear-algebra/kernels/2mm/2mm.c.o
[ 66%] Building C object CMakeFiles/trisolv.dir/utilities/polybench.c.o
[ 66%] Building C object CMakeFiles/gemver.dir/linear-algebra/blas/gemver/gemver.c.o
[ 66%] Building C object CMakeFiles/deriche.dir/utilities/polybench.c.o
[ 66%] Building C object CMakeFiles/durbin.dir/utilities/polybench.c.o
[ 66%] Building C object CMakeFiles/syrk.dir/linear-algebra/blas/syrk/syrk.c.o
[ 66%] Building C object CMakeFiles/ludcmp.dir/utilities/polybench.c.o
[ 66%] Building C object CMakeFiles/adi.dir/utilities/polybench.c.o
[ 66%] Building C object CMakeFiles/jacobi-2d.dir/utilities/polybench.c.o
[ 66%] Building C object CMakeFiles/gemm.dir/linear-algebra/blas/gemm/gemm.c.o
[ 66%] Building C object CMakeFiles/adi.dir/stencils/adi/adi.c.o
[ 66%] Building C object CMakeFiles/nussinov.dir/utilities/polybench.c.o
[ 66%] Building C object CMakeFiles/fdtd-2d.dir/utilities/polybench.c.o
[ 66%] Building C object CMakeFiles/fdtd-2d.dir/stencils/fdtd-2d/fdtd-2d.c.o
[ 66%] Building C object CMakeFiles/floyd-warshall.dir/medley/floyd-warshall/floyd-warshall.c.o
[ 66%] Building C object CMakeFiles/floyd-warshall.dir/utilities/polybench.c.o
[ 66%] Building C object CMakeFiles/jacobi-1d.dir/utilities/polybench.c.o
[ 66%] Building C object CMakeFiles/doitgen.dir/linear-algebra/kernels/doitgen/doitgen.c.o
[ 66%] Building C object CMakeFiles/deriche.dir/medley/deriche/deriche.c.o
[ 66%] Building C object CMakeFiles/gramschmidt.dir/utilities/polybench.c.o
[ 66%] Building C object CMakeFiles/gemver.dir/utilities/polybench.c.o
[ 66%] Building C object CMakeFiles/mvt.dir/utilities/polybench.c.o
[ 66%] Building C object CMakeFiles/trmm.dir/utilities/polybench.c.o
[ 66%] Building C object CMakeFiles/atax.dir/linear-algebra/kernels/atax/atax.c.o
[ 66%] Building C object CMakeFiles/gesummv.dir/utilities/polybench.c.o
[ 66%] Building C object CMakeFiles/seidel-2d.dir/utilities/polybench.c.o
[ 66%] Building C object CMakeFiles/seidel-2d.dir/stencils/seidel-2d/seidel-2d.c.o
[ 66%] Building C object CMakeFiles/heat-3d.dir/stencils/heat-3d/heat-3d.c.o
[ 66%] Building C object CMakeFiles/heat-3d.dir/utilities/polybench.c.o
[ 66%] Building C object CMakeFiles/gemm.dir/utilities/polybench.c.o
[ 66%] Building C object CMakeFiles/bicg.dir/linear-algebra/kernels/bicg/bicg.c.o
[ 66%] Building C object CMakeFiles/2mm.dir/utilities/polybench.c.o
[ 66%] Building C object CMakeFiles/doitgen.dir/utilities/polybench.c.o
[ 66%] Building C object CMakeFiles/symm.dir/linear-algebra/blas/symm/symm.c.o
[ 66%] Building C object CMakeFiles/3mm.dir/linear-algebra/kernels/3mm/3mm.c.o
[ 66%] Building C object CMakeFiles/gramschmidt.dir/linear-algebra/solvers/gramschmidt/gramschmidt.c.o
[ 66%] Building C object CMakeFiles/nussinov.dir/medley/nussinov/nussinov.c.o
[ 66%] Building C object CMakeFiles/3mm.dir/utilities/polybench.c.o
[ 66%] Building C object CMakeFiles/atax.dir/utilities/polybench.c.o
[ 66%] Building C object CMakeFiles/syr2k.dir/utilities/polybench.c.o
[ 68%] Linking C executable floyd-warshall
[ 68%] Linking C executable trmm
[ 72%] Linking C executable jacobi-1d
[ 72%] Linking C executable gesummv
[ 72%] Linking C executable covariance
[ 73%] Linking C executable seidel-2d
[ 74%] Linking C executable durbin
[ 75%] Linking C executable mvt
[ 76%] Linking C executable bicg
[ 77%] Linking C executable deriche
[ 80%] Linking C executable atax
[ 80%] Linking C executable gemver
[ 81%] Linking C executable doitgen
[ 83%] Linking C executable jacobi-2d
[ 83%] Built target floyd-warshall
[ 83%] Linking C executable syr2k
[ 83%] Built target trmm
[ 83%] Built target gesummv
[ 83%] Built target jacobi-1d
[ 83%] Built target covariance
[ 83%] Built target seidel-2d
[ 84%] Linking C executable trisolv
[ 84%] Built target durbin
[ 85%] Linking C executable syrk
[ 86%] Linking C executable cholesky
[ 86%] Built target mvt
[ 90%] Linking C executable correlation
[ 90%] Linking C executable lu
[ 90%] Built target bicg
[ 90%] Linking C executable gemm
[ 91%] Linking C executable adi
[ 93%] Linking C executable symm
[ 93%] Linking C executable fdtd-2d
[ 93%] Built target deriche
[ 93%] Built target atax
[ 93%] Built target gemver
[ 93%] Built target doitgen
[ 94%] Linking C executable 3mm
[ 94%] Built target syr2k
[ 94%] Built target jacobi-2d
[ 95%] Linking C executable 2mm
[ 95%] Built target trisolv
[ 95%] Built target syrk
[ 95%] Built target cholesky
[ 95%] Built target lu
[ 95%] Built target correlation
[ 95%] Built target gemm
[ 95%] Built target adi
[ 95%] Built target symm
[ 95%] Built target fdtd-2d
[ 96%] Linking C executable gramschmidt
[ 96%] Built target 3mm
[ 96%] Built target 2mm
[ 97%] Linking C executable ludcmp
[ 97%] Built target gramschmidt
[ 97%] Built target ludcmp
c,naive,2mm,0.000357,1.263,valid,4,SMALL
c,naive,2mm,1,0.000357,4,SMALL
c,naive,2mm,2,0.000345,4,SMALL
c,naive,2mm,3,0.000343,4,SMALL
c,naive,2mm,4,0.000357,4,SMALL
c,naive,2mm,5,0.000358,4,SMALL
c,naive,3mm,0.000185,4.297,valid,4,SMALL
c,naive,3mm,1,0.000179,4,SMALL
c,naive,3mm,2,0.000184,4,SMALL
c,naive,3mm,3,0.000185,4,SMALL
c,naive,3mm,4,0.000182,4,SMALL
c,naive,3mm,5,0.000183,4,SMALL
c,naive,adi,0.003581,0.777,valid,4,SMALL
c,naive,adi,1,0.003787,4,SMALL
c,naive,adi,2,0.003733,4,SMALL
c,naive,adi,3,0.003764,4,SMALL
c,naive,adi,4,0.003696,4,SMALL
c,naive,adi,5,0.003774,4,SMALL
c,naive,atax,0.000038,1.026,valid,4,SMALL
c,naive,atax,1,0.000039,4,SMALL
c,naive,atax,2,0.000037,4,SMALL
c,naive,atax,3,0.000026,4,SMALL
c,naive,atax,4,0.000038,4,SMALL
c,naive,atax,5,0.000038,4,SMALL
c,naive,bicg,0.000023,2.826,valid,4,SMALL
c,naive,bicg,1,0.000025,4,SMALL
c,naive,bicg,2,0.000023,4,SMALL
c,naive,bicg,3,0.000023,4,SMALL
c,naive,bicg,4,0.000022,4,SMALL
c,naive,bicg,5,0.000022,4,SMALL
c,naive,cholesky,0.000363,1.072,valid,4,SMALL
c,naive,cholesky,1,0.000363,4,SMALL
c,naive,cholesky,2,0.000364,4,SMALL
c,naive,cholesky,3,0.000364,4,SMALL
c,naive,cholesky,4,0.000375,4,SMALL
c,naive,cholesky,5,0.000363,4,SMALL
c,naive,correlation,0.000198,3.126,valid,4,SMALL
c,naive,correlation,1,0.000196,4,SMALL
c,naive,correlation,2,0.000197,4,SMALL
c,naive,correlation,3,0.000209,4,SMALL
c,naive,correlation,4,0.000197,4,SMALL
c,naive,correlation,5,0.000210,4,SMALL
c,naive,covariance,0.000571,0.919,valid,4,SMALL
c,naive,covariance,1,0.000566,4,SMALL
c,naive,covariance,2,0.000554,4,SMALL
c,naive,covariance,3,0.000566,4,SMALL
c,naive,covariance,4,0.000548,4,SMALL
c,naive,covariance,5,0.000568,4,SMALL
c,naive,deriche,0.000925,0.899,valid,4,SMALL
c,naive,deriche,1,0.000990,4,SMALL
c,naive,deriche,2,0.000976,4,SMALL
c,naive,deriche,3,0.000913,4,SMALL
c,naive,deriche,4,0.000928,4,SMALL
c,naive,deriche,5,0.000929,4,SMALL
c,naive,doitgen,0.000171,3.023,valid,4,SMALL
c,naive,doitgen,1,0.000172,4,SMALL
c,naive,doitgen,2,0.000171,4,SMALL
c,naive,doitgen,3,0.000170,4,SMALL
c,naive,doitgen,4,0.000187,4,SMALL
c,naive,doitgen,5,0.000171,4,SMALL
c,naive,durbin,0.000016,1.188,valid,4,SMALL
c,naive,durbin,1,0.000017,4,SMALL
c,naive,durbin,2,0.000015,4,SMALL
c,naive,durbin,3,0.000026,4,SMALL
c,naive,durbin,4,0.000015,4,SMALL
c,naive,durbin,5,0.000015,4,SMALL
c,naive,fdtd-2d,0.000322,1.003,valid,4,SMALL
c,naive,fdtd-2d,1,0.000318,4,SMALL
c,naive,fdtd-2d,2,0.000317,4,SMALL
c,naive,fdtd-2d,3,0.000316,4,SMALL
c,naive,fdtd-2d,4,0.000324,4,SMALL
c,naive,fdtd-2d,5,0.000328,4,SMALL
c,naive,floyd-warshall,0.008998,0.801,valid,4,SMALL
c,naive,floyd-warshall,1,0.008945,4,SMALL
c,naive,floyd-warshall,2,0.008955,4,SMALL
c,naive,floyd-warshall,3,0.008944,4,SMALL
c,naive,floyd-warshall,4,0.008935,4,SMALL
c,naive,floyd-warshall,5,0.008916,4,SMALL
c,naive,gemm,0.000115,0.913,valid,4,SMALL
c,naive,gemm,1,0.000116,4,SMALL
c,naive,gemm,2,0.000118,4,SMALL
c,naive,gemm,3,0.000115,4,SMALL
c,naive,gemm,4,0.000116,4,SMALL
c,naive,gemm,5,0.000115,4,SMALL
c,naive,gemver,0.000045,1.733,valid,4,SMALL
c,naive,gemver,1,0.000047,4,SMALL
c,naive,gemver,2,0.000044,4,SMALL
c,naive,gemver,3,0.000044,4,SMALL
c,naive,gemver,4,0.000046,4,SMALL
c,naive,gemver,5,0.000044,4,SMALL
c,naive,gesummv,0.000014,2.143,valid,4,SMALL
c,naive,gesummv,1,0.000016,4,SMALL
c,naive,gesummv,2,0.000014,4,SMALL
c,naive,gesummv,3,0.000013,4,SMALL
c,naive,gesummv,4,0.000015,4,SMALL
c,naive,gesummv,5,0.000014,4,SMALL
c,naive,gramschmidt,0.000196,,invalid,4,SMALL
c,naive,heat-3d,,,illegal,4,SMALL
c,naive,jacobi-1d,0.000005,1.200,valid,4,SMALL
c,naive,jacobi-1d,1,0.000008,4,SMALL
c,naive,jacobi-1d,2,0.000005,4,SMALL
c,naive,jacobi-1d,3,0.000005,4,SMALL
c,naive,jacobi-1d,4,0.000005,4,SMALL
c,naive,jacobi-1d,5,0.000006,4,SMALL
c,naive,jacobi-2d,0.001682,0.325,valid,4,SMALL
c,naive,jacobi-2d,1,0.001704,4,SMALL
c,naive,jacobi-2d,2,0.001655,4,SMALL
c,naive,jacobi-2d,3,0.001805,4,SMALL
c,naive,jacobi-2d,4,0.001740,4,SMALL
c,naive,jacobi-2d,5,0.001608,4,SMALL
c,naive,lu,0.000557,1.399,valid,4,SMALL
c,naive,lu,1,0.000551,4,SMALL
c,naive,lu,2,0.000556,4,SMALL
c,naive,lu,3,0.000544,4,SMALL
c,naive,lu,4,0.000542,4,SMALL
c,naive,lu,5,0.000542,4,SMALL
c,naive,ludcmp,0.000735,0.997,valid,4,SMALL
c,naive,ludcmp,1,0.000735,4,SMALL
c,naive,ludcmp,2,0.000737,4,SMALL
c,naive,ludcmp,3,0.000735,4,SMALL
c,naive,ludcmp,4,0.000739,4,SMALL
c,naive,ludcmp,5,0.000735,4,SMALL
c,naive,mvt,0.000025,1.640,valid,4,SMALL
c,naive,mvt,1,0.000026,4,SMALL
c,naive,mvt,2,0.000024,4,SMALL
c,naive,mvt,3,0.000024,4,SMALL
c,naive,mvt,4,0.000025,4,SMALL
c,naive,mvt,5,0.000024,4,SMALL
c,naive,nussinov,,,illegal,4,SMALL
c,naive,seidel-2d,0.006230,1.187,valid,4,SMALL
c,naive,seidel-2d,1,0.006228,4,SMALL
c,naive,seidel-2d,2,0.006262,4,SMALL
c,naive,seidel-2d,3,0.006238,4,SMALL
c,naive,seidel-2d,4,0.006248,4,SMALL
c,naive,seidel-2d,5,0.006234,4,SMALL
c,naive,symm,0.000333,0.850,valid,4,SMALL
c,naive,symm,1,0.000323,4,SMALL
c,naive,symm,2,0.000336,4,SMALL
c,naive,symm,3,0.000322,4,SMALL
c,naive,symm,4,0.000324,4,SMALL
c,naive,symm,5,0.000338,4,SMALL
c,naive,syr2k,0.000215,1.098,valid,4,SMALL
c,naive,syr2k,1,0.000216,4,SMALL
c,naive,syr2k,2,0.000216,4,SMALL
c,naive,syr2k,3,0.000215,4,SMALL
c,naive,syr2k,4,0.000215,4,SMALL
c,naive,syr2k,5,0.000214,4,SMALL
c,naive,syrk,0.000214,0.537,valid,4,SMALL
c,naive,syrk,1,0.000215,4,SMALL
c,naive,syrk,2,0.000213,4,SMALL
c,naive,syrk,3,0.000228,4,SMALL
c,naive,syrk,4,0.000223,4,SMALL
c,naive,syrk,5,0.000213,4,SMALL
c,naive,trisolv,0.000016,0.812,valid,4,SMALL
c,naive,trisolv,1,0.000015,4,SMALL
c,naive,trisolv,2,0.000013,4,SMALL
c,naive,trisolv,3,0.000014,4,SMALL
c,naive,trisolv,4,0.000014,4,SMALL
c,naive,trisolv,5,0.000014,4,SMALL
c,naive,trmm,0.000047,3.723,valid,4,SMALL
c,naive,trmm,1,0.000046,4,SMALL
c,naive,trmm,2,0.000046,4,SMALL
c,naive,trmm,3,0.000046,4,SMALL
c,naive,trmm,4,0.000047,4,SMALL
c,naive,trmm,5,0.000046,4,SMALL
-- The C compiler identification is GNU 15.2.0
-- Detecting C compiler ABI info
-- Detecting C compiler ABI info - done
-- Check for working C compiler: /usr/local/latestgcc/bin/gcc - skipped
-- Detecting C compile features
-- Detecting C compile features - done
-- Configuring done (0.4s)
-- Generating done (0.8s)
-- Build files have been written to: /home/kleplj/naive/optimization/naive/PolybenchC-4.2.1/build
[  4%] Building C object CMakeFiles/covariance.dir/utilities/polybench.c.o
[  4%] Building C object CMakeFiles/covariance.dir/datamining/covariance/covariance.c.o
[  5%] Building C object CMakeFiles/correlation.dir/utilities/polybench.c.o
[  5%] Building C object CMakeFiles/correlation.dir/datamining/correlation/correlation.c.o
[  7%] Building C object CMakeFiles/cholesky.dir/linear-algebra/solvers/cholesky/cholesky.c.o
[ 15%] Building C object CMakeFiles/durbin.dir/linear-algebra/solvers/durbin/durbin.c.o
[ 15%] Building C object CMakeFiles/lu.dir/linear-algebra/solvers/lu/lu.c.o
[ 15%] Building C object CMakeFiles/ludcmp.dir/linear-algebra/solvers/ludcmp/ludcmp.c.o
[ 15%] Building C object CMakeFiles/trisolv.dir/linear-algebra/solvers/trisolv/trisolv.c.o
[ 15%] Building C object CMakeFiles/cholesky.dir/utilities/polybench.c.o
[ 15%] Building C object CMakeFiles/gramschmidt.dir/utilities/polybench.c.o
[ 66%] Building C object CMakeFiles/gemver.dir/linear-algebra/blas/gemver/gemver.c.o
[ 66%] Building C object CMakeFiles/lu.dir/utilities/polybench.c.o
[ 66%] Building C object CMakeFiles/bicg.dir/linear-algebra/kernels/bicg/bicg.c.o
[ 66%] Building C object CMakeFiles/trmm.dir/linear-algebra/blas/trmm/trmm.c.o
[ 66%] Building C object CMakeFiles/gemm.dir/linear-algebra/blas/gemm/gemm.c.o
[ 66%] Building C object CMakeFiles/syr2k.dir/utilities/polybench.c.o
[ 66%] Building C object CMakeFiles/atax.dir/linear-algebra/kernels/atax/atax.c.o
[ 66%] Building C object CMakeFiles/syrk.dir/linear-algebra/blas/syrk/syrk.c.o
[ 66%] Building C object CMakeFiles/syrk.dir/utilities/polybench.c.o
[ 66%] Building C object CMakeFiles/3mm.dir/utilities/polybench.c.o
[ 66%] Building C object CMakeFiles/gemm.dir/utilities/polybench.c.o
[ 66%] Building C object CMakeFiles/trisolv.dir/utilities/polybench.c.o
[ 66%] Building C object CMakeFiles/gesummv.dir/linear-algebra/blas/gesummv/gesummv.c.o
[ 66%] Building C object CMakeFiles/gramschmidt.dir/linear-algebra/solvers/gramschmidt/gramschmidt.c.o
[ 66%] Building C object CMakeFiles/jacobi-1d.dir/utilities/polybench.c.o
[ 66%] Building C object CMakeFiles/ludcmp.dir/utilities/polybench.c.o
[ 66%] Building C object CMakeFiles/syr2k.dir/linear-algebra/blas/syr2k/syr2k.c.o
[ 66%] Building C object CMakeFiles/gesummv.dir/utilities/polybench.c.o
[ 66%] Building C object CMakeFiles/symm.dir/linear-algebra/blas/symm/symm.c.o
[ 66%] Building C object CMakeFiles/durbin.dir/utilities/polybench.c.o
[ 66%] Building C object CMakeFiles/symm.dir/utilities/polybench.c.o
[ 66%] Building C object CMakeFiles/seidel-2d.dir/utilities/polybench.c.o
[ 66%] Building C object CMakeFiles/adi.dir/stencils/adi/adi.c.o
[ 66%] Building C object CMakeFiles/heat-3d.dir/stencils/heat-3d/heat-3d.c.o
[ 66%] Building C object CMakeFiles/jacobi-2d.dir/utilities/polybench.c.o
[ 66%] Building C object CMakeFiles/nussinov.dir/medley/nussinov/nussinov.c.o
[ 66%] Building C object CMakeFiles/nussinov.dir/utilities/polybench.c.o
[ 66%] Building C object CMakeFiles/fdtd-2d.dir/utilities/polybench.c.o
[ 66%] Building C object CMakeFiles/jacobi-2d.dir/stencils/jacobi-2d/jacobi-2d.c.o
[ 66%] Building C object CMakeFiles/seidel-2d.dir/stencils/seidel-2d/seidel-2d.c.o
[ 66%] Building C object CMakeFiles/deriche.dir/utilities/polybench.c.o
[ 66%] Building C object CMakeFiles/deriche.dir/medley/deriche/deriche.c.o
[ 66%] Building C object CMakeFiles/jacobi-1d.dir/stencils/jacobi-1d/jacobi-1d.c.o
[ 66%] Building C object CMakeFiles/fdtd-2d.dir/stencils/fdtd-2d/fdtd-2d.c.o
[ 66%] Building C object CMakeFiles/doitgen.dir/utilities/polybench.c.o
[ 66%] Building C object CMakeFiles/floyd-warshall.dir/utilities/polybench.c.o
[ 66%] Building C object CMakeFiles/3mm.dir/linear-algebra/kernels/3mm/3mm.c.o
[ 66%] Building C object CMakeFiles/floyd-warshall.dir/medley/floyd-warshall/floyd-warshall.c.o
[ 66%] Building C object CMakeFiles/doitgen.dir/linear-algebra/kernels/doitgen/doitgen.c.o
[ 66%] Building C object CMakeFiles/mvt.dir/utilities/polybench.c.o
[ 66%] Building C object CMakeFiles/2mm.dir/linear-algebra/kernels/2mm/2mm.c.o
[ 66%] Building C object CMakeFiles/2mm.dir/utilities/polybench.c.o
[ 66%] Building C object CMakeFiles/trmm.dir/utilities/polybench.c.o
[ 66%] Building C object CMakeFiles/adi.dir/utilities/polybench.c.o
[ 66%] Building C object CMakeFiles/mvt.dir/linear-algebra/kernels/mvt/mvt.c.o
[ 66%] Building C object CMakeFiles/atax.dir/utilities/polybench.c.o
[ 66%] Building C object CMakeFiles/heat-3d.dir/utilities/polybench.c.o
[ 66%] Building C object CMakeFiles/gemver.dir/utilities/polybench.c.o
[ 66%] Building C object CMakeFiles/bicg.dir/utilities/polybench.c.o
[ 67%] Linking C executable gesummv
[ 70%] Linking C executable jacobi-1d
[ 70%] Linking C executable nussinov
[ 71%] Linking C executable durbin
[ 72%] Linking C executable heat-3d
[ 73%] Linking C executable mvt
[ 74%] Linking C executable deriche
[ 75%] Linking C executable bicg
[ 76%] Linking C executable syrk
[ 77%] Linking C executable gemver
[ 78%] Linking C executable cholesky
[ 80%] Linking C executable trmm
[ 81%] Linking C executable covariance
[ 83%] Linking C executable floyd-warshall
[ 83%] Linking C executable lu
[ 84%] Linking C executable correlation
[ 85%] Linking C executable doitgen
[ 85%] Built target gesummv
[ 86%] Built target nussinov
[ 86%] Built target jacobi-1d
[ 86%] Linking C executable 3mm
[ 86%] Built target durbin
[ 86%] Built target heat-3d
[ 86%] Built target mvt
[ 86%] Built target deriche
[ 86%] Built target bicg
[ 86%] Built target syrk
[ 87%] Built target gemver
[ 87%] Linking C executable 2mm
[ 87%] Built target cholesky
[ 87%] Built target trmm
[ 87%] Built target covariance
[ 88%] Linking C executable syr2k
[ 88%] Built target floyd-warshall
[ 88%] Built target lu
[ 90%] Linking C executable fdtd-2d
[ 90%] Built target correlation
[ 90%] Built target doitgen
[ 90%] Built target 3mm
[ 91%] Linking C executable adi
[ 92%] Linking C executable gramschmidt
[ 93%] Linking C executable gemm
[ 94%] Linking C executable symm
[ 95%] Linking C executable seidel-2d
[ 95%] Built target 2mm
[ 95%] Built target syr2k
[ 95%] Built target fdtd-2d
[ 96%] Linking C executable ludcmp
[ 96%] Built target adi
[ 96%] Built target gramschmidt
[ 96%] Built target gemm
[ 96%] Built target symm
[ 96%] Built target seidel-2d
[ 96%] Built target ludcmp
c,naive,2mm,0.000094,4.691,valid,5,SMALL
c,naive,2mm,1,0.000095,5,SMALL
c,naive,2mm,2,0.000095,5,SMALL
c,naive,2mm,3,0.000093,5,SMALL
c,naive,2mm,4,0.000094,5,SMALL
c,naive,2mm,5,0.000095,5,SMALL
c,naive,3mm,0.000186,4.317,valid,5,SMALL
c,naive,3mm,1,0.000187,5,SMALL
c,naive,3mm,2,0.000199,5,SMALL
c,naive,3mm,3,0.000186,5,SMALL
c,naive,3mm,4,0.000182,5,SMALL
c,naive,3mm,5,0.000182,5,SMALL
c,naive,adi,0.002429,1.141,valid,5,SMALL
c,naive,adi,1,0.002472,5,SMALL
c,naive,adi,2,0.002375,5,SMALL
c,naive,adi,3,0.002627,5,SMALL
c,naive,adi,4,0.002456,5,SMALL
c,naive,adi,5,0.002422,5,SMALL
c,naive,atax,,,illegal,5,SMALL
c,naive,bicg,0.000022,2.455,valid,5,SMALL
c,naive,bicg,1,0.000023,5,SMALL
c,naive,bicg,2,0.000022,5,SMALL
c,naive,bicg,3,0.000021,5,SMALL
c,naive,bicg,4,0.000023,5,SMALL
c,naive,bicg,5,0.000022,5,SMALL
c,naive,cholesky,0.000364,1.102,valid,5,SMALL
c,naive,cholesky,1,0.000375,5,SMALL
c,naive,cholesky,2,0.000365,5,SMALL
c,naive,cholesky,3,0.000364,5,SMALL
c,naive,cholesky,4,0.000365,5,SMALL
c,naive,cholesky,5,0.000364,5,SMALL
c,naive,correlation,0.000208,2.962,valid,5,SMALL
c,naive,correlation,1,0.000210,5,SMALL
c,naive,correlation,2,0.000216,5,SMALL
c,naive,correlation,3,0.000208,5,SMALL
c,naive,correlation,4,0.000222,5,SMALL
c,naive,correlation,5,0.000217,5,SMALL
c,naive,covariance,0.000193,3.212,valid,5,SMALL
c,naive,covariance,1,0.000194,5,SMALL
c,naive,covariance,2,0.000196,5,SMALL
c,naive,covariance,3,0.000193,5,SMALL
c,naive,covariance,4,0.000189,5,SMALL
c,naive,covariance,5,0.000202,5,SMALL
c,naive,deriche,0.000784,1.082,valid,5,SMALL
c,naive,deriche,1,0.000881,5,SMALL
c,naive,deriche,2,0.000981,5,SMALL
c,naive,deriche,3,0.000959,5,SMALL
c,naive,deriche,4,0.000976,5,SMALL
c,naive,deriche,5,0.000902,5,SMALL
c,naive,doitgen,0.000183,3.579,valid,5,SMALL
c,naive,doitgen,1,0.000184,5,SMALL
c,naive,doitgen,2,0.000182,5,SMALL
c,naive,doitgen,3,0.000182,5,SMALL
c,naive,doitgen,4,0.000182,5,SMALL
c,naive,doitgen,5,0.000181,5,SMALL
c,naive,durbin,0.000015,1.267,valid,5,SMALL
c,naive,durbin,1,0.000015,5,SMALL
c,naive,durbin,2,0.000015,5,SMALL
c,naive,durbin,3,0.000015,5,SMALL
c,naive,durbin,4,0.000015,5,SMALL
c,naive,durbin,5,0.000015,5,SMALL
c,naive,fdtd-2d,0.000519,0.622,valid,5,SMALL
c,naive,fdtd-2d,1,0.000525,5,SMALL
c,naive,fdtd-2d,2,0.000511,5,SMALL
c,naive,fdtd-2d,3,0.000516,5,SMALL
c,naive,fdtd-2d,4,0.000519,5,SMALL
c,naive,fdtd-2d,5,0.000509,5,SMALL
c,naive,floyd-warshall,0.002255,3.169,valid,5,SMALL
c,naive,floyd-warshall,1,0.002249,5,SMALL
c,naive,floyd-warshall,2,0.002258,5,SMALL
c,naive,floyd-warshall,3,0.002242,5,SMALL
c,naive,floyd-warshall,4,0.002242,5,SMALL
c,naive,floyd-warshall,5,0.002247,5,SMALL
c,naive,gemm,0.000114,0.921,valid,5,SMALL
c,naive,gemm,1,0.000114,5,SMALL
c,naive,gemm,2,0.000114,5,SMALL
c,naive,gemm,3,0.000113,5,SMALL
c,naive,gemm,4,0.000114,5,SMALL
c,naive,gemm,5,0.000114,5,SMALL
c,naive,gemver,0.000044,1.545,valid,5,SMALL
c,naive,gemver,1,0.000047,5,SMALL
c,naive,gemver,2,0.000044,5,SMALL
c,naive,gemver,3,0.000044,5,SMALL
c,naive,gemver,4,0.000044,5,SMALL
c,naive,gemver,5,0.000045,5,SMALL
c,naive,gesummv,0.000043,1.000,valid,5,SMALL
c,naive,gesummv,1,0.000042,5,SMALL
c,naive,gesummv,2,0.000039,5,SMALL
c,naive,gesummv,3,0.000038,5,SMALL
c,naive,gesummv,4,0.000090,5,SMALL
c,naive,gesummv,5,0.000038,5,SMALL
c,naive,gramschmidt,0.000193,,invalid,5,SMALL
c,naive,heat-3d,0.000498,1.010,valid,5,SMALL
c,naive,heat-3d,1,0.000498,5,SMALL
c,naive,heat-3d,2,0.000508,5,SMALL
c,naive,heat-3d,3,0.000498,5,SMALL
c,naive,heat-3d,4,0.000498,5,SMALL
c,naive,heat-3d,5,0.000497,5,SMALL
c,naive,jacobi-1d,0.000005,1.200,valid,5,SMALL
c,naive,jacobi-1d,1,0.000005,5,SMALL
c,naive,jacobi-1d,2,0.000005,5,SMALL
c,naive,jacobi-1d,3,0.000005,5,SMALL
c,naive,jacobi-1d,4,0.000005,5,SMALL
c,naive,jacobi-1d,5,0.000006,5,SMALL
c,naive,jacobi-2d,,,illegal,5,SMALL
c,naive,lu,0.000561,1.446,valid,5,SMALL
c,naive,lu,1,0.000562,5,SMALL
c,naive,lu,2,0.000558,5,SMALL
c,naive,lu,3,0.000545,5,SMALL
c,naive,lu,4,0.000547,5,SMALL
c,naive,lu,5,0.000546,5,SMALL
c,naive,ludcmp,0.000676,,invalid,5,SMALL
c,naive,mvt,0.000020,2.150,valid,5,SMALL
c,naive,mvt,1,0.000021,5,SMALL
c,naive,mvt,2,0.000021,5,SMALL
c,naive,mvt,3,0.000021,5,SMALL
c,naive,mvt,4,0.000019,5,SMALL
c,naive,mvt,5,0.000019,5,SMALL
c,naive,nussinov,0.001499,1.923,valid,5,SMALL
c,naive,nussinov,1,0.001498,5,SMALL
c,naive,nussinov,2,0.001506,5,SMALL
c,naive,nussinov,3,0.001497,5,SMALL
c,naive,nussinov,4,0.001505,5,SMALL
c,naive,nussinov,5,0.001501,5,SMALL
c,naive,seidel-2d,0.007583,0.971,valid,5,SMALL
c,naive,seidel-2d,1,0.007560,5,SMALL
c,naive,seidel-2d,2,0.007638,5,SMALL
c,naive,seidel-2d,3,0.007582,5,SMALL
c,naive,seidel-2d,4,0.007563,5,SMALL
c,naive,seidel-2d,5,0.007581,5,SMALL
c,naive,symm,0.000312,0.869,valid,5,SMALL
c,naive,symm,1,0.000302,5,SMALL
c,naive,symm,2,0.000299,5,SMALL
c,naive,symm,3,0.000315,5,SMALL
c,naive,symm,4,0.000297,5,SMALL
c,naive,symm,5,0.000312,5,SMALL
c,naive,syr2k,0.000250,1.000,valid,5,SMALL
c,naive,syr2k,1,0.000262,5,SMALL
c,naive,syr2k,2,0.000249,5,SMALL
c,naive,syr2k,3,0.000249,5,SMALL
c,naive,syr2k,4,0.000248,5,SMALL
c,naive,syr2k,5,0.000250,5,SMALL
c,naive,syrk,0.000101,0.990,valid,5,SMALL
c,naive,syrk,1,0.000102,5,SMALL
c,naive,syrk,2,0.000112,5,SMALL
c,naive,syrk,3,0.000099,5,SMALL
c,naive,syrk,4,0.000098,5,SMALL
c,naive,syrk,5,0.000112,5,SMALL
c,naive,trisolv,,,illegal,5,SMALL
c,naive,trmm,0.000049,3.612,valid,5,SMALL
c,naive,trmm,1,0.000050,5,SMALL
c,naive,trmm,2,0.000049,5,SMALL
c,naive,trmm,3,0.000048,5,SMALL
c,naive,trmm,4,0.000050,5,SMALL
c,naive,trmm,5,0.000049,5,SMALL
-- The CXX compiler identification is GNU 15.2.0
-- Detecting CXX compiler ABI info
-- Detecting CXX compiler ABI info - done
-- Check for working CXX compiler: /usr/local/latestgcc/bin/g++ - skipped
-- Detecting CXX compile features
-- Detecting CXX compile features - done
-- Using NOARR_STRUCTURES_DIR from environment: /home/kleplj/naive/submodules/noarr-structures
-- Configuring done (0.5s)
-- Generating done (0.8s)
-- Build files have been written to: /home/kleplj/naive/optimization/naive/PolybenchC-Noarr/build
[ 11%] Building CXX object CMakeFiles/gemver.dir/linear-algebra/blas/gemver/gemver.cpp.o
[ 11%] Building CXX object CMakeFiles/covariance.dir/datamining/covariance/covariance.cpp.o
[ 11%] Building CXX object CMakeFiles/gemm.dir/linear-algebra/blas/gemm/gemm.cpp.o
[ 11%] Building CXX object CMakeFiles/symm.dir/linear-algebra/blas/symm/symm.cpp.o
[ 11%] Building CXX object CMakeFiles/correlation.dir/datamining/correlation/correlation.cpp.o
[ 20%] Building CXX object CMakeFiles/syr2k.dir/linear-algebra/blas/syr2k/syr2k.cpp.o
[ 20%] Building CXX object CMakeFiles/trmm.dir/linear-algebra/blas/trmm/trmm.cpp.o
[ 20%] Building CXX object CMakeFiles/gesummv.dir/linear-algebra/blas/gesummv/gesummv.cpp.o
[ 20%] Building CXX object CMakeFiles/syrk.dir/linear-algebra/blas/syrk/syrk.cpp.o
[ 35%] Building CXX object CMakeFiles/ludcmp.dir/linear-algebra/solvers/ludcmp/ludcmp.cpp.o
[ 50%] Building CXX object CMakeFiles/fdtd-2d.dir/stencils/fdtd-2d/fdtd-2d.cpp.o
[ 50%] Building CXX object CMakeFiles/deriche.dir/medley/deriche/deriche.cpp.o
[ 50%] Building CXX object CMakeFiles/cholesky.dir/linear-algebra/solvers/cholesky/cholesky.cpp.o
[ 50%] Building CXX object CMakeFiles/floyd-warshall.dir/medley/floyd-warshall/floyd-warshall.cpp.o
[ 50%] Building CXX object CMakeFiles/trisolv.dir/linear-algebra/solvers/trisolv/trisolv.cpp.o
[ 50%] Building CXX object CMakeFiles/gramschmidt.dir/linear-algebra/solvers/gramschmidt/gramschmidt.cpp.o
[ 50%] Building CXX object CMakeFiles/bicg.dir/linear-algebra/kernels/bicg/bicg.cpp.o
[ 50%] Building CXX object CMakeFiles/lu.dir/linear-algebra/solvers/lu/lu.cpp.o
[ 50%] Building CXX object CMakeFiles/3mm.dir/linear-algebra/kernels/3mm/3mm.cpp.o
[ 50%] Building CXX object CMakeFiles/mvt.dir/linear-algebra/kernels/mvt/mvt.cpp.o
[ 50%] Building CXX object CMakeFiles/doitgen.dir/linear-algebra/kernels/doitgen/doitgen.cpp.o
[ 50%] Building CXX object CMakeFiles/2mm.dir/linear-algebra/kernels/2mm/2mm.cpp.o
[ 50%] Building CXX object CMakeFiles/atax.dir/linear-algebra/kernels/atax/atax.cpp.o
[ 50%] Building CXX object CMakeFiles/durbin.dir/linear-algebra/solvers/durbin/durbin.cpp.o
[ 50%] Building CXX object CMakeFiles/adi.dir/stencils/adi/adi.cpp.o
[ 50%] Building CXX object CMakeFiles/nussinov.dir/medley/nussinov/nussinov.cpp.o
[ 50%] Building CXX object CMakeFiles/jacobi-1d.dir/stencils/jacobi-1d/jacobi-1d.cpp.o
[ 50%] Building CXX object CMakeFiles/heat-3d.dir/stencils/heat-3d/heat-3d.cpp.o
[ 50%] Building CXX object CMakeFiles/jacobi-2d.dir/stencils/jacobi-2d/jacobi-2d.cpp.o
[ 50%] Building CXX object CMakeFiles/seidel-2d.dir/stencils/seidel-2d/seidel-2d.cpp.o
[ 53%] Linking CXX executable nussinov
[ 53%] Linking CXX executable cholesky
[ 55%] Linking CXX executable jacobi-1d
[ 56%] Linking CXX executable durbin
[ 58%] Built target jacobi-1d
[ 58%] Linking CXX executable seidel-2d
[ 58%] Built target durbin
[ 60%] Linking CXX executable floyd-warshall
[ 61%] Linking CXX executable gesummv
[ 63%] Linking CXX executable trisolv
[ 63%] Built target seidel-2d
[ 65%] Linking CXX executable atax
[ 65%] Built target floyd-warshall
[ 65%] Built target gesummv
[ 65%] Built target trisolv
[ 66%] Linking CXX executable bicg
[ 68%] Linking CXX executable jacobi-2d
[ 70%] Linking CXX executable deriche
[ 70%] Built target atax
[ 71%] Linking CXX executable mvt
[ 73%] Linking CXX executable adi
[ 73%] Built target bicg
[ 73%] Built target jacobi-2d
[ 73%] Built target deriche
[ 73%] Built target mvt
[ 73%] Built target adi
[ 75%] Linking CXX executable trmm
[ 76%] Linking CXX executable syrk
[ 78%] Linking CXX executable symm
[ 78%] Built target trmm
[ 80%] Linking CXX executable gemver
[ 81%] Linking CXX executable fdtd-2d
[ 81%] Built target syrk
[ 81%] Built target symm
[ 81%] Built target gemver
[ 81%] Built target fdtd-2d
[ 83%] Linking CXX executable gramschmidt
[ 85%] Linking CXX executable doitgen
[ 86%] Linking CXX executable gemm
[ 90%] Linking CXX executable syr2k
[ 90%] Linking CXX executable lu
[ 91%] Linking CXX executable covariance
[ 91%] Built target gramschmidt
[ 91%] Built target doitgen
[ 91%] Built target gemm
[ 91%] Built target syr2k
[ 91%] Built target lu
[ 91%] Built target covariance
[ 93%] Linking CXX executable heat-3d
[ 95%] Built target heat-3d
[ 95%] Linking CXX executable ludcmp
[ 95%] Built target ludcmp
[ 96%] Linking CXX executable correlation
[ 96%] Built target correlation
[ 98%] Linking CXX executable 2mm
[ 98%] Built target 2mm
[100%] Linking CXX executable 3mm
[100%] Built target 3mm
noarr,naive,2mm,0.000091,4.956,valid,1,SMALL
noarr,naive,2mm,1,0.000085,1,SMALL
noarr,naive,2mm,2,0.000085,1,SMALL
noarr,naive,2mm,3,0.000085,1,SMALL
noarr,naive,2mm,4,0.000095,1,SMALL
noarr,naive,2mm,5,0.000085,1,SMALL
noarr,naive,3mm,0.000174,4.626,valid,1,SMALL
noarr,naive,3mm,1,0.000174,1,SMALL
noarr,naive,3mm,2,0.000165,1,SMALL
noarr,naive,3mm,3,0.000175,1,SMALL
noarr,naive,3mm,4,0.000174,1,SMALL
noarr,naive,3mm,5,0.000173,1,SMALL
noarr,naive,adi,0.002743,1.017,valid,1,SMALL
noarr,naive,adi,1,0.002742,1,SMALL
noarr,naive,adi,2,0.002747,1,SMALL
noarr,naive,adi,3,0.002738,1,SMALL
noarr,naive,adi,4,0.002737,1,SMALL
noarr,naive,adi,5,0.002738,1,SMALL
noarr,naive,atax,0.000033,1.152,valid,1,SMALL
noarr,naive,atax,1,0.000033,1,SMALL
noarr,naive,atax,2,0.000033,1,SMALL
noarr,naive,atax,3,0.000044,1,SMALL
noarr,naive,atax,4,0.000033,1,SMALL
noarr,naive,atax,5,0.000033,1,SMALL
noarr,naive,bicg,0.000017,3.235,valid,1,SMALL
noarr,naive,bicg,1,0.000017,1,SMALL
noarr,naive,bicg,2,0.000017,1,SMALL
noarr,naive,bicg,3,0.000017,1,SMALL
noarr,naive,bicg,4,0.000017,1,SMALL
noarr,naive,bicg,5,0.000017,1,SMALL
noarr,naive,cholesky,,,illegal,1,SMALL
noarr,naive,correlation,0.000422,1.493,valid,1,SMALL
noarr,naive,correlation,1,0.000421,1,SMALL
noarr,naive,correlation,2,0.000423,1,SMALL
noarr,naive,correlation,3,0.000430,1,SMALL
noarr,naive,correlation,4,0.000430,1,SMALL
noarr,naive,correlation,5,0.000422,1,SMALL
noarr,naive,covariance,0.000424,1.479,valid,1,SMALL
noarr,naive,covariance,1,0.000426,1,SMALL
noarr,naive,covariance,2,0.000428,1,SMALL
noarr,naive,covariance,3,0.000429,1,SMALL
noarr,naive,covariance,4,0.000428,1,SMALL
noarr,naive,covariance,5,0.000419,1,SMALL
noarr,naive,deriche,0.000486,1.739,valid,1,SMALL
noarr,naive,deriche,1,0.000457,1,SMALL
noarr,naive,deriche,2,0.000471,1,SMALL
noarr,naive,deriche,3,0.000473,1,SMALL
noarr,naive,deriche,4,0.000457,1,SMALL
noarr,naive,deriche,5,0.000467,1,SMALL
noarr,naive,doitgen,0.000158,3.905,valid,1,SMALL
noarr,naive,doitgen,1,0.000164,1,SMALL
noarr,naive,doitgen,2,0.000158,1,SMALL
noarr,naive,doitgen,3,0.000158,1,SMALL
noarr,naive,doitgen,4,0.000158,1,SMALL
noarr,naive,doitgen,5,0.000169,1,SMALL
noarr,naive,durbin,0.000014,1.286,valid,1,SMALL
noarr,naive,durbin,1,0.000014,1,SMALL
noarr,naive,durbin,2,0.000014,1,SMALL
noarr,naive,durbin,3,0.000014,1,SMALL
noarr,naive,durbin,4,0.000014,1,SMALL
noarr,naive,durbin,5,0.000014,1,SMALL
noarr,naive,fdtd-2d,0.000293,1.099,valid,1,SMALL
noarr,naive,fdtd-2d,1,0.000292,1,SMALL
noarr,naive,fdtd-2d,2,0.000293,1,SMALL
noarr,naive,fdtd-2d,3,0.000292,1,SMALL
noarr,naive,fdtd-2d,4,0.000295,1,SMALL
noarr,naive,fdtd-2d,5,0.000297,1,SMALL
noarr,naive,floyd-warshall,0.001932,3.788,valid,1,SMALL
noarr,naive,floyd-warshall,1,0.001937,1,SMALL
noarr,naive,floyd-warshall,2,0.001933,1,SMALL
noarr,naive,floyd-warshall,3,0.001923,1,SMALL
noarr,naive,floyd-warshall,4,0.001934,1,SMALL
noarr,naive,floyd-warshall,5,0.001927,1,SMALL
noarr,naive,gemm,0.000313,0.335,valid,1,SMALL
noarr,naive,gemm,1,0.000305,1,SMALL
noarr,naive,gemm,2,0.000304,1,SMALL
noarr,naive,gemm,3,0.000318,1,SMALL
noarr,naive,gemm,4,0.000305,1,SMALL
noarr,naive,gemm,5,0.000318,1,SMALL
noarr,naive,gemver,0.000038,2.184,valid,1,SMALL
noarr,naive,gemver,1,0.000038,1,SMALL
noarr,naive,gemver,2,0.000038,1,SMALL
noarr,naive,gemver,3,0.000039,1,SMALL
noarr,naive,gemver,4,0.000038,1,SMALL
noarr,naive,gemver,5,0.000038,1,SMALL
noarr,naive,gesummv,0.000011,2.818,valid,1,SMALL
noarr,naive,gesummv,1,0.000010,1,SMALL
noarr,naive,gesummv,2,0.000010,1,SMALL
noarr,naive,gesummv,3,0.000011,1,SMALL
noarr,naive,gesummv,4,0.000010,1,SMALL
noarr,naive,gesummv,5,0.000010,1,SMALL
noarr,naive,gramschmidt,0.000276,,invalid,1,SMALL
noarr,naive,heat-3d,0.002858,0.177,valid,1,SMALL
noarr,naive,heat-3d,1,0.002868,1,SMALL
noarr,naive,heat-3d,2,0.002795,1,SMALL
noarr,naive,heat-3d,3,0.002897,1,SMALL
noarr,naive,heat-3d,4,0.002836,1,SMALL
noarr,naive,heat-3d,5,0.002902,1,SMALL
noarr,naive,jacobi-1d,0.002168,0.003,valid,1,SMALL
noarr,naive,jacobi-1d,1,0.002179,1,SMALL
noarr,naive,jacobi-1d,2,0.002107,1,SMALL
noarr,naive,jacobi-1d,3,0.002161,1,SMALL
noarr,naive,jacobi-1d,4,0.002842,1,SMALL
noarr,naive,jacobi-1d,5,0.002152,1,SMALL
noarr,naive,jacobi-2d,0.003300,0.160,valid,1,SMALL
noarr,naive,jacobi-2d,1,0.003220,1,SMALL
noarr,naive,jacobi-2d,2,0.003500,1,SMALL
noarr,naive,jacobi-2d,3,0.003361,1,SMALL
noarr,naive,jacobi-2d,4,0.003420,1,SMALL
noarr,naive,jacobi-2d,5,0.003288,1,SMALL
noarr,naive,lu,0.000616,1.265,valid,1,SMALL
noarr,naive,lu,1,0.000616,1,SMALL
noarr,naive,lu,2,0.000618,1,SMALL
noarr,naive,lu,3,0.000614,1,SMALL
noarr,naive,lu,4,0.000618,1,SMALL
noarr,naive,lu,5,0.000620,1,SMALL
noarr,naive,ludcmp,0.000659,1.096,valid,1,SMALL
noarr,naive,ludcmp,1,0.000637,1,SMALL
noarr,naive,ludcmp,2,0.000639,1,SMALL
noarr,naive,ludcmp,3,0.000631,1,SMALL
noarr,naive,ludcmp,4,0.000647,1,SMALL
noarr,naive,ludcmp,5,0.000653,1,SMALL
noarr,naive,mvt,0.000033,1.303,valid,1,SMALL
noarr,naive,mvt,1,0.000033,1,SMALL
noarr,naive,mvt,2,0.000033,1,SMALL
noarr,naive,mvt,3,0.000033,1,SMALL
noarr,naive,mvt,4,0.000033,1,SMALL
noarr,naive,mvt,5,0.000033,1,SMALL
noarr,naive,nussinov,,,illegal,1,SMALL
noarr,naive,seidel-2d,0.007319,1.004,valid,1,SMALL
noarr,naive,seidel-2d,1,0.007345,1,SMALL
noarr,naive,seidel-2d,2,0.007336,1,SMALL
noarr,naive,seidel-2d,3,0.007336,1,SMALL
noarr,naive,seidel-2d,4,0.007343,1,SMALL
noarr,naive,seidel-2d,5,0.007358,1,SMALL
noarr,naive,symm,0.000247,,invalid,1,SMALL
noarr,naive,syr2k,0.000207,1.097,valid,1,SMALL
noarr,naive,syr2k,1,0.000214,1,SMALL
noarr,naive,syr2k,2,0.000215,1,SMALL
noarr,naive,syr2k,3,0.000207,1,SMALL
noarr,naive,syr2k,4,0.000207,1,SMALL
noarr,naive,syr2k,5,0.000206,1,SMALL
noarr,naive,syrk,0.000104,0.981,valid,1,SMALL
noarr,naive,syrk,1,0.000111,1,SMALL
noarr,naive,syrk,2,0.000102,1,SMALL
noarr,naive,syrk,3,0.000090,1,SMALL
noarr,naive,syrk,4,0.000083,1,SMALL
noarr,naive,syrk,5,0.000104,1,SMALL
noarr,naive,trisolv,0.000008,1.625,valid,1,SMALL
noarr,naive,trisolv,1,0.000008,1,SMALL
noarr,naive,trisolv,2,0.000008,1,SMALL
noarr,naive,trisolv,3,0.000008,1,SMALL
noarr,naive,trisolv,4,0.000008,1,SMALL
noarr,naive,trisolv,5,0.000008,1,SMALL
noarr,naive,trmm,0.000049,3.571,valid,1,SMALL
noarr,naive,trmm,1,0.000049,1,SMALL
noarr,naive,trmm,2,0.000050,1,SMALL
noarr,naive,trmm,3,0.000050,1,SMALL
noarr,naive,trmm,4,0.000050,1,SMALL
noarr,naive,trmm,5,0.000050,1,SMALL
-- The CXX compiler identification is GNU 15.2.0
-- Detecting CXX compiler ABI info
-- Detecting CXX compiler ABI info - done
-- Check for working CXX compiler: /usr/local/latestgcc/bin/g++ - skipped
-- Detecting CXX compile features
-- Detecting CXX compile features - done
-- Using NOARR_STRUCTURES_DIR from environment: /home/kleplj/naive/submodules/noarr-structures
-- Configuring done (0.4s)
-- Generating done (0.8s)
-- Build files have been written to: /home/kleplj/naive/optimization/naive/PolybenchC-Noarr/build
[ 10%] Building CXX object CMakeFiles/covariance.dir/datamining/covariance/covariance.cpp.o
[ 10%] Building CXX object CMakeFiles/gemver.dir/linear-algebra/blas/gemver/gemver.cpp.o
[ 10%] Building CXX object CMakeFiles/correlation.dir/datamining/correlation/correlation.cpp.o
[ 13%] Building CXX object CMakeFiles/gemm.dir/linear-algebra/blas/gemm/gemm.cpp.o
[ 13%] Building CXX object CMakeFiles/symm.dir/linear-algebra/blas/symm/symm.cpp.o
[ 13%] Building CXX object CMakeFiles/gesummv.dir/linear-algebra/blas/gesummv/gesummv.cpp.o
[ 21%] Building CXX object CMakeFiles/trmm.dir/linear-algebra/blas/trmm/trmm.cpp.o
[ 21%] Building CXX object CMakeFiles/syr2k.dir/linear-algebra/blas/syr2k/syr2k.cpp.o
[ 21%] Building CXX object CMakeFiles/2mm.dir/linear-algebra/kernels/2mm/2mm.cpp.o
[ 21%] Building CXX object CMakeFiles/bicg.dir/linear-algebra/kernels/bicg/bicg.cpp.o
[ 36%] Building CXX object CMakeFiles/ludcmp.dir/linear-algebra/solvers/ludcmp/ludcmp.cpp.o
[ 50%] Building CXX object CMakeFiles/fdtd-2d.dir/stencils/fdtd-2d/fdtd-2d.cpp.o
[ 50%] Building CXX object CMakeFiles/jacobi-1d.dir/stencils/jacobi-1d/jacobi-1d.cpp.o
[ 50%] Building CXX object CMakeFiles/floyd-warshall.dir/medley/floyd-warshall/floyd-warshall.cpp.o
[ 50%] Building CXX object CMakeFiles/gramschmidt.dir/linear-algebra/solvers/gramschmidt/gramschmidt.cpp.o
[ 50%] Building CXX object CMakeFiles/doitgen.dir/linear-algebra/kernels/doitgen/doitgen.cpp.o
[ 50%] Building CXX object CMakeFiles/deriche.dir/medley/deriche/deriche.cpp.o
[ 50%] Building CXX object CMakeFiles/mvt.dir/linear-algebra/kernels/mvt/mvt.cpp.o
[ 50%] Building CXX object CMakeFiles/durbin.dir/linear-algebra/solvers/durbin/durbin.cpp.o
[ 50%] Building CXX object CMakeFiles/atax.dir/linear-algebra/kernels/atax/atax.cpp.o
[ 50%] Building CXX object CMakeFiles/cholesky.dir/linear-algebra/solvers/cholesky/cholesky.cpp.o
[ 50%] Building CXX object CMakeFiles/heat-3d.dir/stencils/heat-3d/heat-3d.cpp.o
[ 50%] Building CXX object CMakeFiles/3mm.dir/linear-algebra/kernels/3mm/3mm.cpp.o
[ 50%] Building CXX object CMakeFiles/lu.dir/linear-algebra/solvers/lu/lu.cpp.o
[ 50%] Building CXX object CMakeFiles/nussinov.dir/medley/nussinov/nussinov.cpp.o
[ 50%] Building CXX object CMakeFiles/trisolv.dir/linear-algebra/solvers/trisolv/trisolv.cpp.o
[ 50%] Building CXX object CMakeFiles/syrk.dir/linear-algebra/blas/syrk/syrk.cpp.o
[ 50%] Building CXX object CMakeFiles/adi.dir/stencils/adi/adi.cpp.o
[ 50%] Building CXX object CMakeFiles/jacobi-2d.dir/stencils/jacobi-2d/jacobi-2d.cpp.o
[ 50%] Building CXX object CMakeFiles/seidel-2d.dir/stencils/seidel-2d/seidel-2d.cpp.o
[ 51%] Linking CXX executable cholesky
[ 53%] Linking CXX executable nussinov
[ 55%] Linking CXX executable durbin
[ 55%] Built target durbin
[ 56%] Linking CXX executable floyd-warshall
[ 58%] Linking CXX executable gesummv
[ 60%] Linking CXX executable bicg
[ 61%] Linking CXX executable trisolv
[ 63%] Linking CXX executable mvt
[ 63%] Built target floyd-warshall
[ 63%] Built target gesummv
[ 63%] Built target bicg
[ 63%] Built target trisolv
[ 63%] Built target mvt
[ 65%] Linking CXX executable adi
[ 66%] Linking CXX executable atax
[ 68%] Linking CXX executable trmm
[ 70%] Linking CXX executable syrk
[ 71%] Linking CXX executable seidel-2d
[ 71%] Built target adi
[ 73%] Linking CXX executable lu
[ 73%] Built target atax
[ 73%] Built target trmm
[ 75%] Linking CXX executable syr2k
[ 75%] Built target syrk
[ 75%] Built target seidel-2d
[ 75%] Built target lu
[ 76%] Linking CXX executable gemver
[ 76%] Built target syr2k
[ 78%] Linking CXX executable jacobi-2d
[ 81%] Linking CXX executable doitgen
[ 81%] Linking CXX executable gramschmidt
[ 83%] Linking CXX executable gemm
[ 83%] Built target gemver
[ 85%] Linking CXX executable symm
[ 85%] Built target jacobi-2d
[ 86%] Linking CXX executable fdtd-2d
[ 86%] Built target doitgen
[ 86%] Built target gramschmidt
[ 86%] Built target gemm
[ 86%] Built target symm
[ 86%] Built target fdtd-2d
[ 90%] Linking CXX executable covariance
[ 90%] Linking CXX executable ludcmp
[ 90%] Built target covariance
[ 90%] Built target ludcmp
[ 91%] Linking CXX executable heat-3d
[ 91%] Built target heat-3d
[ 93%] Linking CXX executable correlation
[ 93%] Built target correlation
[ 95%] Linking CXX executable 2mm
[ 95%] Built target 2mm
[ 96%] Linking CXX executable 3mm
[ 96%] Built target 3mm
noarr,naive,2mm,0.000084,5.393,valid,2,SMALL
noarr,naive,2mm,1,0.000084,2,SMALL
noarr,naive,2mm,2,0.000084,2,SMALL
noarr,naive,2mm,3,0.000085,2,SMALL
noarr,naive,2mm,4,0.000100,2,SMALL
noarr,naive,2mm,5,0.000093,2,SMALL
noarr,naive,3mm,0.000163,4.945,valid,2,SMALL
noarr,naive,3mm,1,0.000170,2,SMALL
noarr,naive,3mm,2,0.000172,2,SMALL
noarr,naive,3mm,3,0.000169,2,SMALL
noarr,naive,3mm,4,0.000163,2,SMALL
noarr,naive,3mm,5,0.000162,2,SMALL
noarr,naive,adi,0.002763,1.008,valid,2,SMALL
noarr,naive,adi,1,0.002723,2,SMALL
noarr,naive,adi,2,0.002768,2,SMALL
noarr,naive,adi,3,0.002755,2,SMALL
noarr,naive,adi,4,0.002761,2,SMALL
noarr,naive,adi,5,0.002763,2,SMALL
noarr,naive,atax,0.000028,1.393,valid,2,SMALL
noarr,naive,atax,1,0.000019,2,SMALL
noarr,naive,atax,2,0.000019,2,SMALL
noarr,naive,atax,3,0.000019,2,SMALL
noarr,naive,atax,4,0.000020,2,SMALL
noarr,naive,atax,5,0.000019,2,SMALL
noarr,naive,bicg,0.000017,3.235,valid,2,SMALL
noarr,naive,bicg,1,0.000017,2,SMALL
noarr,naive,bicg,2,0.000017,2,SMALL
noarr,naive,bicg,3,0.000016,2,SMALL
noarr,naive,bicg,4,0.000017,2,SMALL
noarr,naive,bicg,5,0.000017,2,SMALL
noarr,naive,cholesky,,,illegal,2,SMALL
noarr,naive,correlation,0.000418,1.483,valid,2,SMALL
noarr,naive,correlation,1,0.000429,2,SMALL
noarr,naive,correlation,2,0.000419,2,SMALL
noarr,naive,correlation,3,0.000418,2,SMALL
noarr,naive,correlation,4,0.000426,2,SMALL
noarr,naive,correlation,5,0.000426,2,SMALL
noarr,naive,covariance,0.000453,1.389,valid,2,SMALL
noarr,naive,covariance,1,0.000454,2,SMALL
noarr,naive,covariance,2,0.000452,2,SMALL
noarr,naive,covariance,3,0.000455,2,SMALL
noarr,naive,covariance,4,0.000445,2,SMALL
noarr,naive,covariance,5,0.000447,2,SMALL
noarr,naive,deriche,,,illegal,2,SMALL
noarr,naive,doitgen,0.000138,4.449,valid,2,SMALL
noarr,naive,doitgen,1,0.000138,2,SMALL
noarr,naive,doitgen,2,0.000138,2,SMALL
noarr,naive,doitgen,3,0.000139,2,SMALL
noarr,naive,doitgen,4,0.000147,2,SMALL
noarr,naive,doitgen,5,0.000138,2,SMALL
noarr,naive,durbin,0.000017,1.471,valid,2,SMALL
noarr,naive,durbin,1,0.000017,2,SMALL
noarr,naive,durbin,2,0.000017,2,SMALL
noarr,naive,durbin,3,0.000016,2,SMALL
noarr,naive,durbin,4,0.000016,2,SMALL
noarr,naive,durbin,5,0.000017,2,SMALL
noarr,naive,fdtd-2d,0.000298,1.097,valid,2,SMALL
noarr,naive,fdtd-2d,1,0.000307,2,SMALL
noarr,naive,fdtd-2d,2,0.000300,2,SMALL
noarr,naive,fdtd-2d,3,0.000304,2,SMALL
noarr,naive,fdtd-2d,4,0.000299,2,SMALL
noarr,naive,fdtd-2d,5,0.000307,2,SMALL
noarr,naive,floyd-warshall,0.006646,1.111,valid,2,SMALL
noarr,naive,floyd-warshall,1,0.006648,2,SMALL
noarr,naive,floyd-warshall,2,0.006644,2,SMALL
noarr,naive,floyd-warshall,3,0.006650,2,SMALL
noarr,naive,floyd-warshall,4,0.006647,2,SMALL
noarr,naive,floyd-warshall,5,0.006655,2,SMALL
noarr,naive,gemm,0.000113,0.929,valid,2,SMALL
noarr,naive,gemm,1,0.000114,2,SMALL
noarr,naive,gemm,2,0.000113,2,SMALL
noarr,naive,gemm,3,0.000114,2,SMALL
noarr,naive,gemm,4,0.000114,2,SMALL
noarr,naive,gemm,5,0.000114,2,SMALL
noarr,naive,gemver,0.000027,2.444,valid,2,SMALL
noarr,naive,gemver,1,0.000027,2,SMALL
noarr,naive,gemver,2,0.000027,2,SMALL
noarr,naive,gemver,3,0.000026,2,SMALL
noarr,naive,gemver,4,0.000027,2,SMALL
noarr,naive,gemver,5,0.000027,2,SMALL
noarr,naive,gesummv,0.000010,3.000,valid,2,SMALL
noarr,naive,gesummv,1,0.000010,2,SMALL
noarr,naive,gesummv,2,0.000010,2,SMALL
noarr,naive,gesummv,3,0.000010,2,SMALL
noarr,naive,gesummv,4,0.000010,2,SMALL
noarr,naive,gesummv,5,0.000010,2,SMALL
noarr,naive,gramschmidt,0.000374,,invalid,2,SMALL
noarr,naive,heat-3d,0.000505,1.145,valid,2,SMALL
noarr,naive,heat-3d,1,0.000514,2,SMALL
noarr,naive,heat-3d,2,0.000513,2,SMALL
noarr,naive,heat-3d,3,0.000503,2,SMALL
noarr,naive,heat-3d,4,0.000503,2,SMALL
noarr,naive,heat-3d,5,0.000517,2,SMALL
noarr,naive,jacobi-1d,,,illegal,2,SMALL
noarr,naive,jacobi-2d,0.000444,1.198,valid,2,SMALL
noarr,naive,jacobi-2d,1,0.000450,2,SMALL
noarr,naive,jacobi-2d,2,0.000442,2,SMALL
noarr,naive,jacobi-2d,3,0.000435,2,SMALL
noarr,naive,jacobi-2d,4,0.000443,2,SMALL
noarr,naive,jacobi-2d,5,0.000450,2,SMALL
noarr,naive,lu,0.000665,1.215,valid,2,SMALL
noarr,naive,lu,1,0.000665,2,SMALL
noarr,naive,lu,2,0.000660,2,SMALL
noarr,naive,lu,3,0.000664,2,SMALL
noarr,naive,lu,4,0.000663,2,SMALL
noarr,naive,lu,5,0.000659,2,SMALL
noarr,naive,ludcmp,0.000664,1.102,valid,2,SMALL
noarr,naive,ludcmp,1,0.000674,2,SMALL
noarr,naive,ludcmp,2,0.000671,2,SMALL
noarr,naive,ludcmp,3,0.000639,2,SMALL
noarr,naive,ludcmp,4,0.000646,2,SMALL
noarr,naive,ludcmp,5,0.000639,2,SMALL
noarr,naive,mvt,0.000043,1.000,valid,2,SMALL
noarr,naive,mvt,1,0.000043,2,SMALL
noarr,naive,mvt,2,0.000043,2,SMALL
noarr,naive,mvt,3,0.000043,2,SMALL
noarr,naive,mvt,4,0.000043,2,SMALL
noarr,naive,mvt,5,0.000043,2,SMALL
noarr,naive,nussinov,,,illegal,2,SMALL
noarr,naive,seidel-2d,0.005968,1.233,valid,2,SMALL
noarr,naive,seidel-2d,1,0.005969,2,SMALL
noarr,naive,seidel-2d,2,0.005971,2,SMALL
noarr,naive,seidel-2d,3,0.005970,2,SMALL
noarr,naive,seidel-2d,4,0.005976,2,SMALL
noarr,naive,seidel-2d,5,0.005856,2,SMALL
noarr,naive,symm,0.000078,3.474,valid,2,SMALL
noarr,naive,symm,1,0.000076,2,SMALL
noarr,naive,symm,2,0.000075,2,SMALL
noarr,naive,symm,3,0.000076,2,SMALL
noarr,naive,symm,4,0.000075,2,SMALL
noarr,naive,symm,5,0.000075,2,SMALL
noarr,naive,syr2k,0.000104,2.279,valid,2,SMALL
noarr,naive,syr2k,1,0.000105,2,SMALL
noarr,naive,syr2k,2,0.000104,2,SMALL
noarr,naive,syr2k,3,0.000104,2,SMALL
noarr,naive,syr2k,4,0.000104,2,SMALL
noarr,naive,syr2k,5,0.000104,2,SMALL
noarr,naive,syrk,0.000180,0.644,valid,2,SMALL
noarr,naive,syrk,1,0.000179,2,SMALL
noarr,naive,syrk,2,0.000180,2,SMALL
noarr,naive,syrk,3,0.000187,2,SMALL
noarr,naive,syrk,4,0.000179,2,SMALL
noarr,naive,syrk,5,0.000180,2,SMALL
noarr,naive,trisolv,0.000008,1.625,valid,2,SMALL
noarr,naive,trisolv,1,0.000008,2,SMALL
noarr,naive,trisolv,2,0.000008,2,SMALL
noarr,naive,trisolv,3,0.000008,2,SMALL
noarr,naive,trisolv,4,0.000008,2,SMALL
noarr,naive,trisolv,5,0.000008,2,SMALL
noarr,naive,trmm,0.000053,3.340,valid,2,SMALL
noarr,naive,trmm,1,0.000056,2,SMALL
noarr,naive,trmm,2,0.000053,2,SMALL
noarr,naive,trmm,3,0.000053,2,SMALL
noarr,naive,trmm,4,0.000056,2,SMALL
noarr,naive,trmm,5,0.000053,2,SMALL
-- The CXX compiler identification is GNU 15.2.0
-- Detecting CXX compiler ABI info
-- Detecting CXX compiler ABI info - done
-- Check for working CXX compiler: /usr/local/latestgcc/bin/g++ - skipped
-- Detecting CXX compile features
-- Detecting CXX compile features - done
-- Using NOARR_STRUCTURES_DIR from environment: /home/kleplj/naive/submodules/noarr-structures
-- Configuring done (0.4s)
-- Generating done (0.8s)
-- Build files have been written to: /home/kleplj/naive/optimization/naive/PolybenchC-Noarr/build
[  6%] Building CXX object CMakeFiles/correlation.dir/datamining/correlation/correlation.cpp.o
[ 10%] Building CXX object CMakeFiles/gemm.dir/linear-algebra/blas/gemm/gemm.cpp.o
[ 10%] Building CXX object CMakeFiles/covariance.dir/datamining/covariance/covariance.cpp.o
[ 10%] Building CXX object CMakeFiles/gemver.dir/linear-algebra/blas/gemver/gemver.cpp.o
[ 16%] Building CXX object CMakeFiles/syr2k.dir/linear-algebra/blas/syr2k/syr2k.cpp.o
[ 16%] Building CXX object CMakeFiles/symm.dir/linear-algebra/blas/symm/symm.cpp.o
[ 16%] Building CXX object CMakeFiles/syrk.dir/linear-algebra/blas/syrk/syrk.cpp.o
[ 16%] Building CXX object CMakeFiles/gesummv.dir/linear-algebra/blas/gesummv/gesummv.cpp.o
[ 25%] Building CXX object CMakeFiles/2mm.dir/linear-algebra/kernels/2mm/2mm.cpp.o
[ 25%] Building CXX object CMakeFiles/atax.dir/linear-algebra/kernels/atax/atax.cpp.o
[ 25%] Building CXX object CMakeFiles/3mm.dir/linear-algebra/kernels/3mm/3mm.cpp.o
[ 25%] Building CXX object CMakeFiles/trmm.dir/linear-algebra/blas/trmm/trmm.cpp.o
[ 36%] Building CXX object CMakeFiles/gramschmidt.dir/linear-algebra/solvers/gramschmidt/gramschmidt.cpp.o
[ 50%] Building CXX object CMakeFiles/durbin.dir/linear-algebra/solvers/durbin/durbin.cpp.o
[ 50%] Building CXX object CMakeFiles/trisolv.dir/linear-algebra/solvers/trisolv/trisolv.cpp.o
[ 50%] Building CXX object CMakeFiles/bicg.dir/linear-algebra/kernels/bicg/bicg.cpp.o
[ 50%] Building CXX object CMakeFiles/cholesky.dir/linear-algebra/solvers/cholesky/cholesky.cpp.o
[ 50%] Building CXX object CMakeFiles/lu.dir/linear-algebra/solvers/lu/lu.cpp.o
[ 50%] Building CXX object CMakeFiles/heat-3d.dir/stencils/heat-3d/heat-3d.cpp.o
[ 50%] Building CXX object CMakeFiles/doitgen.dir/linear-algebra/kernels/doitgen/doitgen.cpp.o
[ 50%] Building CXX object CMakeFiles/mvt.dir/linear-algebra/kernels/mvt/mvt.cpp.o
[ 50%] Building CXX object CMakeFiles/jacobi-1d.dir/stencils/jacobi-1d/jacobi-1d.cpp.o
[ 50%] Building CXX object CMakeFiles/ludcmp.dir/linear-algebra/solvers/ludcmp/ludcmp.cpp.o
[ 50%] Building CXX object CMakeFiles/jacobi-2d.dir/stencils/jacobi-2d/jacobi-2d.cpp.o
[ 50%] Building CXX object CMakeFiles/fdtd-2d.dir/stencils/fdtd-2d/fdtd-2d.cpp.o
[ 50%] Building CXX object CMakeFiles/adi.dir/stencils/adi/adi.cpp.o
[ 50%] Building CXX object CMakeFiles/nussinov.dir/medley/nussinov/nussinov.cpp.o
[ 50%] Building CXX object CMakeFiles/deriche.dir/medley/deriche/deriche.cpp.o
[ 50%] Building CXX object CMakeFiles/floyd-warshall.dir/medley/floyd-warshall/floyd-warshall.cpp.o
[ 50%] Building CXX object CMakeFiles/seidel-2d.dir/stencils/seidel-2d/seidel-2d.cpp.o
[ 53%] Linking CXX executable cholesky
[ 53%] Linking CXX executable nussinov
[ 56%] Linking CXX executable durbin
[ 56%] Linking CXX executable jacobi-1d
[ 56%] Built target jacobi-1d
[ 56%] Built target durbin
[ 58%] Linking CXX executable seidel-2d
[ 60%] Linking CXX executable gesummv
[ 61%] Linking CXX executable floyd-warshall
[ 63%] Linking CXX executable atax
[ 65%] Linking CXX executable trisolv
[ 65%] Built target seidel-2d
[ 65%] Built target gesummv
[ 66%] Linking CXX executable bicg
[ 66%] Built target floyd-warshall
[ 68%] Linking CXX executable jacobi-2d
[ 68%] Built target atax
[ 68%] Built target trisolv
[ 68%] Built target bicg
[ 70%] Built target jacobi-2d
[ 70%] Linking CXX executable deriche
[ 71%] Linking CXX executable trmm
[ 71%] Built target deriche
[ 73%] Linking CXX executable mvt
[ 75%] Linking CXX executable lu
[ 75%] Built target trmm
[ 76%] Linking CXX executable syrk
[ 78%] Linking CXX executable heat-3d
[ 80%] Built target mvt
[ 80%] Linking CXX executable gemver
[ 80%] Built target lu
[ 81%] Linking CXX executable symm
[ 83%] Built target syrk
[ 83%] Linking CXX executable gramschmidt
[ 85%] Linking CXX executable doitgen
[ 86%] Linking CXX executable fdtd-2d
[ 86%] Built target heat-3d
[ 86%] Built target gemver
[ 88%] Linking CXX executable gemm
[ 88%] Built target symm
[ 90%] Linking CXX executable syr2k
[ 90%] Built target gramschmidt
[ 90%] Built target doitgen
[ 90%] Built target fdtd-2d
[ 90%] Built target gemm
[ 90%] Built target syr2k
[ 91%] Linking CXX executable adi
[ 93%] Linking CXX executable ludcmp
[ 95%] Linking CXX executable covariance
[ 95%] Built target adi
[ 95%] Built target ludcmp
[ 95%] Built target covariance
[ 96%] Linking CXX executable correlation
[ 96%] Built target correlation
[ 98%] Linking CXX executable 2mm
[ 98%] Built target 2mm
[100%] Linking CXX executable 3mm
[100%] Built target 3mm
noarr,naive,2mm,0.000271,1.616,valid,3,SMALL
noarr,naive,2mm,1,0.000271,3,SMALL
noarr,naive,2mm,2,0.000271,3,SMALL
noarr,naive,2mm,3,0.000280,3,SMALL
noarr,naive,2mm,4,0.000281,3,SMALL
noarr,naive,2mm,5,0.000271,3,SMALL
noarr,naive,3mm,0.000163,4.945,valid,3,SMALL
noarr,naive,3mm,1,0.000163,3,SMALL
noarr,naive,3mm,2,0.000162,3,SMALL
noarr,naive,3mm,3,0.000164,3,SMALL
noarr,naive,3mm,4,0.000163,3,SMALL
noarr,naive,3mm,5,0.000162,3,SMALL
noarr,naive,adi,0.000883,,invalid,3,SMALL
noarr,naive,atax,0.000033,1.152,valid,3,SMALL
noarr,naive,atax,1,0.000033,3,SMALL
noarr,naive,atax,2,0.000033,3,SMALL
noarr,naive,atax,3,0.000033,3,SMALL
noarr,naive,atax,4,0.000033,3,SMALL
noarr,naive,atax,5,0.000033,3,SMALL
noarr,naive,bicg,0.000017,3.235,valid,3,SMALL
noarr,naive,bicg,1,0.000017,3,SMALL
noarr,naive,bicg,2,0.000017,3,SMALL
noarr,naive,bicg,3,0.000017,3,SMALL
noarr,naive,bicg,4,0.000017,3,SMALL
noarr,naive,bicg,5,0.000017,3,SMALL
noarr,naive,cholesky,,,illegal,3,SMALL
noarr,naive,correlation,0.000211,3.009,valid,3,SMALL
noarr,naive,correlation,1,0.000213,3,SMALL
noarr,naive,correlation,2,0.000213,3,SMALL
noarr,naive,correlation,3,0.000213,3,SMALL
noarr,naive,correlation,4,0.000220,3,SMALL
noarr,naive,correlation,5,0.000218,3,SMALL
noarr,naive,covariance,0.000126,4.976,valid,3,SMALL
noarr,naive,covariance,1,0.000128,3,SMALL
noarr,naive,covariance,2,0.000130,3,SMALL
noarr,naive,covariance,3,0.000129,3,SMALL
noarr,naive,covariance,4,0.000128,3,SMALL
noarr,naive,covariance,5,0.000128,3,SMALL
noarr,naive,deriche,0.000409,2.059,valid,3,SMALL
noarr,naive,deriche,1,0.000415,3,SMALL
noarr,naive,deriche,2,0.000404,3,SMALL
noarr,naive,deriche,3,0.000413,3,SMALL
noarr,naive,deriche,4,0.000419,3,SMALL
noarr,naive,deriche,5,0.000403,3,SMALL
noarr,naive,doitgen,0.000143,4.580,valid,3,SMALL
noarr,naive,doitgen,1,0.000144,3,SMALL
noarr,naive,doitgen,2,0.000134,3,SMALL
noarr,naive,doitgen,3,0.000134,3,SMALL
noarr,naive,doitgen,4,0.000143,3,SMALL
noarr,naive,doitgen,5,0.000134,3,SMALL
noarr,naive,durbin,0.000013,1.462,valid,3,SMALL
noarr,naive,durbin,1,0.000013,3,SMALL
noarr,naive,durbin,2,0.000013,3,SMALL
noarr,naive,durbin,3,0.000013,3,SMALL
noarr,naive,durbin,4,0.000013,3,SMALL
noarr,naive,durbin,5,0.000013,3,SMALL
noarr,naive,fdtd-2d,0.000311,1.032,valid,3,SMALL
noarr,naive,fdtd-2d,1,0.000298,3,SMALL
noarr,naive,fdtd-2d,2,0.000298,3,SMALL
noarr,naive,fdtd-2d,3,0.000297,3,SMALL
noarr,naive,fdtd-2d,4,0.000298,3,SMALL
noarr,naive,fdtd-2d,5,0.000299,3,SMALL
noarr,naive,floyd-warshall,0.002304,3.107,valid,3,SMALL
noarr,naive,floyd-warshall,1,0.002309,3,SMALL
noarr,naive,floyd-warshall,2,0.002301,3,SMALL
noarr,naive,floyd-warshall,3,0.002304,3,SMALL
noarr,naive,floyd-warshall,4,0.002307,3,SMALL
noarr,naive,floyd-warshall,5,0.002304,3,SMALL
noarr,naive,gemm,0.000408,0.257,valid,3,SMALL
noarr,naive,gemm,1,0.000410,3,SMALL
noarr,naive,gemm,2,0.000400,3,SMALL
noarr,naive,gemm,3,0.000400,3,SMALL
noarr,naive,gemm,4,0.000400,3,SMALL
noarr,naive,gemm,5,0.000407,3,SMALL
noarr,naive,gemver,0.000037,1.838,valid,3,SMALL
noarr,naive,gemver,1,0.000037,3,SMALL
noarr,naive,gemver,2,0.000037,3,SMALL
noarr,naive,gemver,3,0.000037,3,SMALL
noarr,naive,gemver,4,0.000037,3,SMALL
noarr,naive,gemver,5,0.000037,3,SMALL
noarr,naive,gesummv,0.000010,3.100,valid,3,SMALL
noarr,naive,gesummv,1,0.000010,3,SMALL
noarr,naive,gesummv,2,0.000010,3,SMALL
noarr,naive,gesummv,3,0.000010,3,SMALL
noarr,naive,gesummv,4,0.000010,3,SMALL
noarr,naive,gesummv,5,0.000010,3,SMALL
noarr,naive,gramschmidt,0.000265,,invalid,3,SMALL
noarr,naive,heat-3d,0.000487,1.066,valid,3,SMALL
noarr,naive,heat-3d,1,0.000477,3,SMALL
noarr,naive,heat-3d,2,0.000478,3,SMALL
noarr,naive,heat-3d,3,0.000480,3,SMALL
noarr,naive,heat-3d,4,0.000485,3,SMALL
noarr,naive,heat-3d,5,0.000479,3,SMALL
noarr,naive,jacobi-1d,0.005241,0.001,valid,3,SMALL
noarr,naive,jacobi-1d,1,0.005489,3,SMALL
noarr,naive,jacobi-1d,2,0.005372,3,SMALL
noarr,naive,jacobi-1d,3,0.005334,3,SMALL
noarr,naive,jacobi-1d,4,0.005367,3,SMALL
noarr,naive,jacobi-1d,5,0.005382,3,SMALL
noarr,naive,jacobi-2d,0.003224,0.160,valid,3,SMALL
noarr,naive,jacobi-2d,1,0.003397,3,SMALL
noarr,naive,jacobi-2d,2,0.003306,3,SMALL
noarr,naive,jacobi-2d,3,0.003290,3,SMALL
noarr,naive,jacobi-2d,4,0.003373,3,SMALL
noarr,naive,jacobi-2d,5,0.003308,3,SMALL
noarr,naive,lu,0.000482,1.654,valid,3,SMALL
noarr,naive,lu,1,0.000482,3,SMALL
noarr,naive,lu,2,0.000482,3,SMALL
noarr,naive,lu,3,0.000489,3,SMALL
noarr,naive,lu,4,0.000481,3,SMALL
noarr,naive,lu,5,0.000493,3,SMALL
noarr,naive,ludcmp,0.000648,1.130,valid,3,SMALL
noarr,naive,ludcmp,1,0.000640,3,SMALL
noarr,naive,ludcmp,2,0.000649,3,SMALL
noarr,naive,ludcmp,3,0.000648,3,SMALL
noarr,naive,ludcmp,4,0.000641,3,SMALL
noarr,naive,ludcmp,5,0.000646,3,SMALL
noarr,naive,mvt,0.000017,2.529,valid,3,SMALL
noarr,naive,mvt,1,0.000017,3,SMALL
noarr,naive,mvt,2,0.000017,3,SMALL
noarr,naive,mvt,3,0.000017,3,SMALL
noarr,naive,mvt,4,0.000017,3,SMALL
noarr,naive,mvt,5,0.000017,3,SMALL
noarr,naive,nussinov,,,illegal,3,SMALL
noarr,naive,seidel-2d,0.005471,1.344,valid,3,SMALL
noarr,naive,seidel-2d,1,0.005457,3,SMALL
noarr,naive,seidel-2d,2,0.005458,3,SMALL
noarr,naive,seidel-2d,3,0.005471,3,SMALL
noarr,naive,seidel-2d,4,0.005462,3,SMALL
noarr,naive,seidel-2d,5,0.005349,3,SMALL
noarr,naive,symm,0.000225,1.436,valid,3,SMALL
noarr,naive,symm,1,0.000226,3,SMALL
noarr,naive,symm,2,0.000227,3,SMALL
noarr,naive,symm,3,0.000234,3,SMALL
noarr,naive,symm,4,0.000187,3,SMALL
noarr,naive,symm,5,0.000225,3,SMALL
noarr,naive,syr2k,0.000207,1.193,valid,3,SMALL
noarr,naive,syr2k,1,0.000249,3,SMALL
noarr,naive,syr2k,2,0.000250,3,SMALL
noarr,naive,syr2k,3,0.000207,3,SMALL
noarr,naive,syr2k,4,0.000250,3,SMALL
noarr,naive,syr2k,5,0.000251,3,SMALL
noarr,naive,syrk,0.000160,0.650,valid,3,SMALL
noarr,naive,syrk,1,0.000160,3,SMALL
noarr,naive,syrk,2,0.000160,3,SMALL
noarr,naive,syrk,3,0.000159,3,SMALL
noarr,naive,syrk,4,0.000160,3,SMALL
noarr,naive,syrk,5,0.000156,3,SMALL
noarr,naive,trisolv,0.000008,1.625,valid,3,SMALL
noarr,naive,trisolv,1,0.000008,3,SMALL
noarr,naive,trisolv,2,0.000008,3,SMALL
noarr,naive,trisolv,3,0.000008,3,SMALL
noarr,naive,trisolv,4,0.000008,3,SMALL
noarr,naive,trisolv,5,0.000008,3,SMALL
noarr,naive,trmm,0.000127,1.480,valid,3,SMALL
noarr,naive,trmm,1,0.000127,3,SMALL
noarr,naive,trmm,2,0.000127,3,SMALL
noarr,naive,trmm,3,0.000127,3,SMALL
noarr,naive,trmm,4,0.000127,3,SMALL
noarr,naive,trmm,5,0.000127,3,SMALL
-- The CXX compiler identification is GNU 15.2.0
-- Detecting CXX compiler ABI info
-- Detecting CXX compiler ABI info - done
-- Check for working CXX compiler: /usr/local/latestgcc/bin/g++ - skipped
-- Detecting CXX compile features
-- Detecting CXX compile features - done
-- Using NOARR_STRUCTURES_DIR from environment: /home/kleplj/naive/submodules/noarr-structures
-- Configuring done (0.4s)
-- Generating done (0.8s)
-- Build files have been written to: /home/kleplj/naive/optimization/naive/PolybenchC-Noarr/build
[  3%] Building CXX object CMakeFiles/correlation.dir/datamining/correlation/correlation.cpp.o
[  6%] Building CXX object CMakeFiles/covariance.dir/datamining/covariance/covariance.cpp.o
[  8%] Building CXX object CMakeFiles/gemm.dir/linear-algebra/blas/gemm/gemm.cpp.o
[ 15%] Building CXX object CMakeFiles/gemver.dir/linear-algebra/blas/gemver/gemver.cpp.o
[ 15%] Building CXX object CMakeFiles/syr2k.dir/linear-algebra/blas/syr2k/syr2k.cpp.o
[ 15%] Building CXX object CMakeFiles/gesummv.dir/linear-algebra/blas/gesummv/gesummv.cpp.o
[ 23%] Building CXX object CMakeFiles/syrk.dir/linear-algebra/blas/syrk/syrk.cpp.o
[ 23%] Building CXX object CMakeFiles/symm.dir/linear-algebra/blas/symm/symm.cpp.o
[ 23%] Building CXX object CMakeFiles/2mm.dir/linear-algebra/kernels/2mm/2mm.cpp.o
[ 23%] Building CXX object CMakeFiles/trmm.dir/linear-algebra/blas/trmm/trmm.cpp.o
[ 23%] Building CXX object CMakeFiles/3mm.dir/linear-algebra/kernels/3mm/3mm.cpp.o
[ 46%] Building CXX object CMakeFiles/heat-3d.dir/stencils/heat-3d/heat-3d.cpp.o
[ 50%] Building CXX object CMakeFiles/gramschmidt.dir/linear-algebra/solvers/gramschmidt/gramschmidt.cpp.o
[ 50%] Building CXX object CMakeFiles/doitgen.dir/linear-algebra/kernels/doitgen/doitgen.cpp.o
[ 50%] Building CXX object CMakeFiles/adi.dir/stencils/adi/adi.cpp.o
[ 50%] Building CXX object CMakeFiles/ludcmp.dir/linear-algebra/solvers/ludcmp/ludcmp.cpp.o
[ 50%] Building CXX object CMakeFiles/cholesky.dir/linear-algebra/solvers/cholesky/cholesky.cpp.o
[ 50%] Building CXX object CMakeFiles/trisolv.dir/linear-algebra/solvers/trisolv/trisolv.cpp.o
[ 50%] Building CXX object CMakeFiles/mvt.dir/linear-algebra/kernels/mvt/mvt.cpp.o
[ 50%] Building CXX object CMakeFiles/nussinov.dir/medley/nussinov/nussinov.cpp.o
[ 50%] Building CXX object CMakeFiles/bicg.dir/linear-algebra/kernels/bicg/bicg.cpp.o
[ 50%] Building CXX object CMakeFiles/floyd-warshall.dir/medley/floyd-warshall/floyd-warshall.cpp.o
[ 50%] Building CXX object CMakeFiles/durbin.dir/linear-algebra/solvers/durbin/durbin.cpp.o
[ 50%] Building CXX object CMakeFiles/atax.dir/linear-algebra/kernels/atax/atax.cpp.o
[ 50%] Building CXX object CMakeFiles/lu.dir/linear-algebra/solvers/lu/lu.cpp.o
[ 50%] Building CXX object CMakeFiles/jacobi-2d.dir/stencils/jacobi-2d/jacobi-2d.cpp.o
[ 50%] Building CXX object CMakeFiles/deriche.dir/medley/deriche/deriche.cpp.o
[ 50%] Building CXX object CMakeFiles/fdtd-2d.dir/stencils/fdtd-2d/fdtd-2d.cpp.o
[ 50%] Building CXX object CMakeFiles/jacobi-1d.dir/stencils/jacobi-1d/jacobi-1d.cpp.o
[ 50%] Building CXX object CMakeFiles/seidel-2d.dir/stencils/seidel-2d/seidel-2d.cpp.o
[ 53%] Linking CXX executable nussinov
[ 53%] Linking CXX executable cholesky
[ 55%] Linking CXX executable jacobi-1d
[ 56%] Linking CXX executable durbin
[ 56%] Built target durbin
[ 56%] Built target jacobi-1d
[ 58%] Linking CXX executable floyd-warshall
[ 60%] Linking CXX executable gesummv
[ 61%] Linking CXX executable trisolv
[ 63%] Linking CXX executable bicg
[ 63%] Built target floyd-warshall
[ 63%] Built target gesummv
[ 63%] Built target trisolv
[ 65%] Linking CXX executable atax
[ 66%] Linking CXX executable adi
[ 66%] Built target bicg
[ 68%] Linking CXX executable deriche
[ 68%] Built target atax
[ 68%] Built target adi
[ 70%] Linking CXX executable syrk
[ 70%] Built target deriche
[ 71%] Linking CXX executable trmm
[ 73%] Linking CXX executable lu
[ 75%] Linking CXX executable mvt
[ 75%] Built target syrk
[ 76%] Linking CXX executable gemver
[ 76%] Built target trmm
[ 76%] Built target lu
[ 76%] Built target mvt
[ 76%] Built target gemver
[ 80%] Linking CXX executable fdtd-2d
[ 80%] Linking CXX executable doitgen
[ 81%] Linking CXX executable gemm
[ 83%] Linking CXX executable gramschmidt
[ 85%] Linking CXX executable syr2k
[ 85%] Built target fdtd-2d
[ 85%] Built target doitgen
[ 86%] Linking CXX executable symm
[ 86%] Built target gemm
[ 86%] Built target gramschmidt
[ 86%] Built target syr2k
[ 86%] Built target symm
[ 88%] Linking CXX executable covariance
[ 88%] Built target covariance
[ 90%] Linking CXX executable ludcmp
[ 90%] Built target ludcmp
[ 91%] Linking CXX executable correlation
[ 91%] Built target correlation
[ 93%] Linking CXX executable seidel-2d
[ 93%] Built target seidel-2d
[ 95%] Linking CXX executable 2mm
[ 96%] Linking CXX executable heat-3d
[ 96%] Built target 2mm
[ 96%] Built target heat-3d
[ 98%] Linking CXX executable 3mm
[ 98%] Built target 3mm
noarr,naive,2mm,0.000085,5.176,valid,4,SMALL
noarr,naive,2mm,1,0.000085,4,SMALL
noarr,naive,2mm,2,0.000085,4,SMALL
noarr,naive,2mm,3,0.000085,4,SMALL
noarr,naive,2mm,4,0.000095,4,SMALL
noarr,naive,2mm,5,0.000085,4,SMALL
noarr,naive,3mm,0.000170,4.735,valid,4,SMALL
noarr,naive,3mm,1,0.000175,4,SMALL
noarr,naive,3mm,2,0.000175,4,SMALL
noarr,naive,3mm,3,0.000175,4,SMALL
noarr,naive,3mm,4,0.000175,4,SMALL
noarr,naive,3mm,5,0.000175,4,SMALL
noarr,naive,adi,0.002731,,invalid,4,SMALL
noarr,naive,atax,0.000019,2.000,valid,4,SMALL
noarr,naive,atax,1,0.000019,4,SMALL
noarr,naive,atax,2,0.000019,4,SMALL
noarr,naive,atax,3,0.000019,4,SMALL
noarr,naive,atax,4,0.000019,4,SMALL
noarr,naive,atax,5,0.000019,4,SMALL
noarr,naive,bicg,0.000024,2.250,valid,4,SMALL
noarr,naive,bicg,1,0.000017,4,SMALL
noarr,naive,bicg,2,0.000017,4,SMALL
noarr,naive,bicg,3,0.000017,4,SMALL
noarr,naive,bicg,4,0.000017,4,SMALL
noarr,naive,bicg,5,0.000017,4,SMALL
noarr,naive,cholesky,,,illegal,4,SMALL
noarr,naive,correlation,0.000471,1.342,valid,4,SMALL
noarr,naive,correlation,1,0.000480,4,SMALL
noarr,naive,correlation,2,0.000481,4,SMALL
noarr,naive,correlation,3,0.000471,4,SMALL
noarr,naive,correlation,4,0.000471,4,SMALL
noarr,naive,correlation,5,0.000481,4,SMALL
noarr,naive,covariance,0.000133,4.624,valid,4,SMALL
noarr,naive,covariance,1,0.000133,4,SMALL
noarr,naive,covariance,2,0.000130,4,SMALL
noarr,naive,covariance,3,0.000134,4,SMALL
noarr,naive,covariance,4,0.000134,4,SMALL
noarr,naive,covariance,5,0.000134,4,SMALL
noarr,naive,deriche,0.000404,2.079,valid,4,SMALL
noarr,naive,deriche,1,0.000395,4,SMALL
noarr,naive,deriche,2,0.000398,4,SMALL
noarr,naive,deriche,3,0.000391,4,SMALL
noarr,naive,deriche,4,0.000390,4,SMALL
noarr,naive,deriche,5,0.000398,4,SMALL
noarr,naive,doitgen,0.000134,4.821,valid,4,SMALL
noarr,naive,doitgen,1,0.000134,4,SMALL
noarr,naive,doitgen,2,0.000134,4,SMALL
noarr,naive,doitgen,3,0.000134,4,SMALL
noarr,naive,doitgen,4,0.000133,4,SMALL
noarr,naive,doitgen,5,0.000134,4,SMALL
noarr,naive,durbin,0.000013,1.462,valid,4,SMALL
noarr,naive,durbin,1,0.000013,4,SMALL
noarr,naive,durbin,2,0.000013,4,SMALL
noarr,naive,durbin,3,0.000013,4,SMALL
noarr,naive,durbin,4,0.000013,4,SMALL
noarr,naive,durbin,5,0.000013,4,SMALL
noarr,naive,fdtd-2d,0.000570,0.577,valid,4,SMALL
noarr,naive,fdtd-2d,1,0.000570,4,SMALL
noarr,naive,fdtd-2d,2,0.000581,4,SMALL
noarr,naive,fdtd-2d,3,0.000579,4,SMALL
noarr,naive,fdtd-2d,4,0.000578,4,SMALL
noarr,naive,fdtd-2d,5,0.000579,4,SMALL
noarr,naive,floyd-warshall,0.002046,3.612,valid,4,SMALL
noarr,naive,floyd-warshall,1,0.001967,4,SMALL
noarr,naive,floyd-warshall,2,0.002042,4,SMALL
noarr,naive,floyd-warshall,3,0.001920,4,SMALL
noarr,naive,floyd-warshall,4,0.001999,4,SMALL
noarr,naive,floyd-warshall,5,0.001913,4,SMALL
noarr,naive,gemm,0.000113,1.027,valid,4,SMALL
noarr,naive,gemm,1,0.000113,4,SMALL
noarr,naive,gemm,2,0.000114,4,SMALL
noarr,naive,gemm,3,0.000113,4,SMALL
noarr,naive,gemm,4,0.000113,4,SMALL
noarr,naive,gemm,5,0.000113,4,SMALL
noarr,naive,gemver,0.000038,1.789,valid,4,SMALL
noarr,naive,gemver,1,0.000037,4,SMALL
noarr,naive,gemver,2,0.000037,4,SMALL
noarr,naive,gemver,3,0.000037,4,SMALL
noarr,naive,gemver,4,0.000037,4,SMALL
noarr,naive,gemver,5,0.000037,4,SMALL
noarr,naive,gesummv,0.000011,2.818,valid,4,SMALL
noarr,naive,gesummv,1,0.000011,4,SMALL
noarr,naive,gesummv,2,0.000010,4,SMALL
noarr,naive,gesummv,3,0.000011,4,SMALL
noarr,naive,gesummv,4,0.000010,4,SMALL
noarr,naive,gesummv,5,0.000011,4,SMALL
noarr,naive,gramschmidt,0.000267,,invalid,4,SMALL
noarr,naive,heat-3d,0.000556,0.905,valid,4,SMALL
noarr,naive,heat-3d,1,0.000556,4,SMALL
noarr,naive,heat-3d,2,0.000556,4,SMALL
noarr,naive,heat-3d,3,0.000567,4,SMALL
noarr,naive,heat-3d,4,0.000563,4,SMALL
noarr,naive,heat-3d,5,0.000563,4,SMALL
noarr,naive,jacobi-1d,0.000008,0.750,valid,4,SMALL
noarr,naive,jacobi-1d,1,0.000008,4,SMALL
noarr,naive,jacobi-1d,2,0.000008,4,SMALL
noarr,naive,jacobi-1d,3,0.000008,4,SMALL
noarr,naive,jacobi-1d,4,0.000008,4,SMALL
noarr,naive,jacobi-1d,5,0.000008,4,SMALL
noarr,naive,jacobi-2d,,,illegal,4,SMALL
noarr,naive,lu,0.000666,1.150,valid,4,SMALL
noarr,naive,lu,1,0.000688,4,SMALL
noarr,naive,lu,2,0.000665,4,SMALL
noarr,naive,lu,3,0.000665,4,SMALL
noarr,naive,lu,4,0.000669,4,SMALL
noarr,naive,lu,5,0.000665,4,SMALL
noarr,naive,ludcmp,0.000644,1.121,valid,4,SMALL
noarr,naive,ludcmp,1,0.000636,4,SMALL
noarr,naive,ludcmp,2,0.000667,4,SMALL
noarr,naive,ludcmp,3,0.000641,4,SMALL
noarr,naive,ludcmp,4,0.000659,4,SMALL
noarr,naive,ludcmp,5,0.000643,4,SMALL
noarr,naive,mvt,0.000019,2.211,valid,4,SMALL
noarr,naive,mvt,1,0.000020,4,SMALL
noarr,naive,mvt,2,0.000020,4,SMALL
noarr,naive,mvt,3,0.000020,4,SMALL
noarr,naive,mvt,4,0.000019,4,SMALL
noarr,naive,mvt,5,0.000019,4,SMALL
noarr,naive,nussinov,,,illegal,4,SMALL
noarr,naive,seidel-2d,0.007368,1.001,valid,4,SMALL
noarr,naive,seidel-2d,1,0.007385,4,SMALL
noarr,naive,seidel-2d,2,0.007397,4,SMALL
noarr,naive,seidel-2d,3,0.007405,4,SMALL
noarr,naive,seidel-2d,4,0.007363,4,SMALL
noarr,naive,seidel-2d,5,0.007413,4,SMALL
noarr,naive,symm,0.000091,2.978,valid,4,SMALL
noarr,naive,symm,1,0.000089,4,SMALL
noarr,naive,symm,2,0.000091,4,SMALL
noarr,naive,symm,3,0.000089,4,SMALL
noarr,naive,symm,4,0.000088,4,SMALL
noarr,naive,symm,5,0.000093,4,SMALL
noarr,naive,syr2k,0.000278,0.878,valid,4,SMALL
noarr,naive,syr2k,1,0.000279,4,SMALL
noarr,naive,syr2k,2,0.000280,4,SMALL
noarr,naive,syr2k,3,0.000280,4,SMALL
noarr,naive,syr2k,4,0.000280,4,SMALL
noarr,naive,syr2k,5,0.000280,4,SMALL
noarr,naive,syrk,0.000090,1.133,valid,4,SMALL
noarr,naive,syrk,1,0.000079,4,SMALL
noarr,naive,syrk,2,0.000080,4,SMALL
noarr,naive,syrk,3,0.000079,4,SMALL
noarr,naive,syrk,4,0.000080,4,SMALL
noarr,naive,syrk,5,0.000079,4,SMALL
noarr,naive,trisolv,0.000008,1.625,valid,4,SMALL
noarr,naive,trisolv,1,0.000008,4,SMALL
noarr,naive,trisolv,2,0.000008,4,SMALL
noarr,naive,trisolv,3,0.000008,4,SMALL
noarr,naive,trisolv,4,0.000008,4,SMALL
noarr,naive,trisolv,5,0.000008,4,SMALL
noarr,naive,trmm,0.000134,1.313,valid,4,SMALL
noarr,naive,trmm,1,0.000134,4,SMALL
noarr,naive,trmm,2,0.000134,4,SMALL
noarr,naive,trmm,3,0.000134,4,SMALL
noarr,naive,trmm,4,0.000134,4,SMALL
noarr,naive,trmm,5,0.000134,4,SMALL
-- The CXX compiler identification is GNU 15.2.0
-- Detecting CXX compiler ABI info
-- Detecting CXX compiler ABI info - done
-- Check for working CXX compiler: /usr/local/latestgcc/bin/g++ - skipped
-- Detecting CXX compile features
-- Detecting CXX compile features - done
-- Using NOARR_STRUCTURES_DIR from environment: /home/kleplj/naive/submodules/noarr-structures
-- Configuring done (0.4s)
-- Generating done (0.8s)
-- Build files have been written to: /home/kleplj/naive/optimization/naive/PolybenchC-Noarr/build
[  1%] Building CXX object CMakeFiles/correlation.dir/datamining/correlation/correlation.cpp.o
[ 10%] Building CXX object CMakeFiles/covariance.dir/datamining/covariance/covariance.cpp.o
[ 10%] Building CXX object CMakeFiles/gemm.dir/linear-algebra/blas/gemm/gemm.cpp.o
[ 10%] Building CXX object CMakeFiles/gemver.dir/linear-algebra/blas/gemver/gemver.cpp.o
[ 20%] Building CXX object CMakeFiles/syrk.dir/linear-algebra/blas/syrk/syrk.cpp.o
[ 20%] Building CXX object CMakeFiles/syr2k.dir/linear-algebra/blas/syr2k/syr2k.cpp.o
[ 20%] Building CXX object CMakeFiles/2mm.dir/linear-algebra/kernels/2mm/2mm.cpp.o
[ 20%] Building CXX object CMakeFiles/symm.dir/linear-algebra/blas/symm/symm.cpp.o
[ 20%] Building CXX object CMakeFiles/gesummv.dir/linear-algebra/blas/gesummv/gesummv.cpp.o
[ 40%] Building CXX object CMakeFiles/trisolv.dir/linear-algebra/solvers/trisolv/trisolv.cpp.o
[ 50%] Building CXX object CMakeFiles/nussinov.dir/medley/nussinov/nussinov.cpp.o
[ 50%] Building CXX object CMakeFiles/adi.dir/stencils/adi/adi.cpp.o
[ 50%] Building CXX object CMakeFiles/jacobi-1d.dir/stencils/jacobi-1d/jacobi-1d.cpp.o
[ 50%] Building CXX object CMakeFiles/gramschmidt.dir/linear-algebra/solvers/gramschmidt/gramschmidt.cpp.o
[ 50%] Building CXX object CMakeFiles/doitgen.dir/linear-algebra/kernels/doitgen/doitgen.cpp.o
[ 50%] Building CXX object CMakeFiles/3mm.dir/linear-algebra/kernels/3mm/3mm.cpp.o
[ 50%] Building CXX object CMakeFiles/durbin.dir/linear-algebra/solvers/durbin/durbin.cpp.o
[ 50%] Building CXX object CMakeFiles/heat-3d.dir/stencils/heat-3d/heat-3d.cpp.o
[ 50%] Building CXX object CMakeFiles/floyd-warshall.dir/medley/floyd-warshall/floyd-warshall.cpp.o
[ 50%] Building CXX object CMakeFiles/lu.dir/linear-algebra/solvers/lu/lu.cpp.o
[ 50%] Building CXX object CMakeFiles/deriche.dir/medley/deriche/deriche.cpp.o
[ 50%] Building CXX object CMakeFiles/trmm.dir/linear-algebra/blas/trmm/trmm.cpp.o
[ 50%] Building CXX object CMakeFiles/bicg.dir/linear-algebra/kernels/bicg/bicg.cpp.o
[ 50%] Building CXX object CMakeFiles/mvt.dir/linear-algebra/kernels/mvt/mvt.cpp.o
[ 50%] Building CXX object CMakeFiles/atax.dir/linear-algebra/kernels/atax/atax.cpp.o
[ 50%] Building CXX object CMakeFiles/ludcmp.dir/linear-algebra/solvers/ludcmp/ludcmp.cpp.o
[ 50%] Building CXX object CMakeFiles/cholesky.dir/linear-algebra/solvers/cholesky/cholesky.cpp.o
[ 50%] Building CXX object CMakeFiles/fdtd-2d.dir/stencils/fdtd-2d/fdtd-2d.cpp.o
[ 50%] Building CXX object CMakeFiles/jacobi-2d.dir/stencils/jacobi-2d/jacobi-2d.cpp.o
[ 50%] Building CXX object CMakeFiles/seidel-2d.dir/stencils/seidel-2d/seidel-2d.cpp.o
[ 53%] Linking CXX executable nussinov
[ 53%] Linking CXX executable cholesky
[ 55%] Linking CXX executable jacobi-1d
[ 56%] Linking CXX executable durbin
[ 56%] Built target jacobi-1d
[ 58%] Linking CXX executable seidel-2d
[ 58%] Built target durbin
[ 60%] Linking CXX executable floyd-warshall
[ 61%] Linking CXX executable gesummv
[ 63%] Linking CXX executable trisolv
[ 65%] Linking CXX executable mvt
[ 65%] Built target seidel-2d
[ 65%] Built target floyd-warshall
[ 65%] Built target gesummv
[ 65%] Built target trisolv
[ 66%] Linking CXX executable atax
[ 66%] Built target mvt
[ 68%] Linking CXX executable bicg
[ 70%] Linking CXX executable adi
[ 70%] Built target atax
[ 70%] Built target bicg
[ 70%] Built target adi
[ 71%] Linking CXX executable syrk
[ 73%] Linking CXX executable trmm
[ 75%] Linking CXX executable symm
[ 76%] Linking CXX executable gemver
[ 76%] Built target syrk
[ 76%] Built target trmm
[ 78%] Linking CXX executable jacobi-2d
[ 78%] Built target symm
[ 78%] Built target gemver
[ 78%] Built target jacobi-2d
[ 80%] Linking CXX executable doitgen
[ 81%] Linking CXX executable syr2k
[ 83%] Linking CXX executable gramschmidt
[ 85%] Linking CXX executable deriche
[ 85%] Built target doitgen
[ 86%] Linking CXX executable gemm
[ 88%] Linking CXX executable ludcmp
[ 88%] Built target syr2k
[ 88%] Built target gramschmidt
[ 88%] Built target deriche
[ 88%] Built target gemm
[ 90%] Linking CXX executable covariance
[ 90%] Built target ludcmp
[ 90%] Built target covariance
[ 91%] Linking CXX executable correlation
[ 91%] Built target correlation
[ 93%] Linking CXX executable 2mm
[ 93%] Built target 2mm
[ 95%] Linking CXX executable 3mm
[ 95%] Built target 3mm
noarr,naive,2mm,0.000086,5.209,valid,5,SMALL
noarr,naive,2mm,1,0.000085,5,SMALL
noarr,naive,2mm,2,0.000094,5,SMALL
noarr,naive,2mm,3,0.000095,5,SMALL
noarr,naive,2mm,4,0.000085,5,SMALL
noarr,naive,2mm,5,0.000086,5,SMALL
noarr,naive,3mm,0.000174,4.586,valid,5,SMALL
noarr,naive,3mm,1,0.000176,5,SMALL
noarr,naive,3mm,2,0.000176,5,SMALL
noarr,naive,3mm,3,0.000176,5,SMALL
noarr,naive,3mm,4,0.000176,5,SMALL
noarr,naive,3mm,5,0.000176,5,SMALL
noarr,naive,adi,0.002757,1.010,valid,5,SMALL
noarr,naive,adi,1,0.002754,5,SMALL
noarr,naive,adi,2,0.002758,5,SMALL
noarr,naive,adi,3,0.002756,5,SMALL
noarr,naive,adi,4,0.002749,5,SMALL
noarr,naive,adi,5,0.002765,5,SMALL
noarr,naive,atax,0.000022,1.727,valid,5,SMALL
noarr,naive,atax,1,0.000020,5,SMALL
noarr,naive,atax,2,0.000019,5,SMALL
noarr,naive,atax,3,0.000031,5,SMALL
noarr,naive,atax,4,0.000022,5,SMALL
noarr,naive,atax,5,0.000022,5,SMALL
noarr,naive,bicg,0.000017,3.235,valid,5,SMALL
noarr,naive,bicg,1,0.000017,5,SMALL
noarr,naive,bicg,2,0.000017,5,SMALL
noarr,naive,bicg,3,0.000017,5,SMALL
noarr,naive,bicg,4,0.000017,5,SMALL
noarr,naive,bicg,5,0.000017,5,SMALL
noarr,naive,cholesky,,,illegal,5,SMALL
noarr,naive,correlation,0.000469,1.339,valid,5,SMALL
noarr,naive,correlation,1,0.000468,5,SMALL
noarr,naive,correlation,2,0.000475,5,SMALL
noarr,naive,correlation,3,0.000468,5,SMALL
noarr,naive,correlation,4,0.000462,5,SMALL
noarr,naive,correlation,5,0.000459,5,SMALL
noarr,naive,covariance,0.000131,4.015,valid,5,SMALL
noarr,naive,covariance,1,0.000133,5,SMALL
noarr,naive,covariance,2,0.000132,5,SMALL
noarr,naive,covariance,3,0.000130,5,SMALL
noarr,naive,covariance,4,0.000130,5,SMALL
noarr,naive,covariance,5,0.000131,5,SMALL
noarr,naive,deriche,0.000253,3.304,valid,5,SMALL
noarr,naive,deriche,1,0.000260,5,SMALL
noarr,naive,deriche,2,0.000255,5,SMALL
noarr,naive,deriche,3,0.000255,5,SMALL
noarr,naive,deriche,4,0.000249,5,SMALL
noarr,naive,deriche,5,0.000260,5,SMALL
noarr,naive,doitgen,0.000133,4.895,valid,5,SMALL
noarr,naive,doitgen,1,0.000134,5,SMALL
noarr,naive,doitgen,2,0.000134,5,SMALL
noarr,naive,doitgen,3,0.000146,5,SMALL
noarr,naive,doitgen,4,0.000133,5,SMALL
noarr,naive,doitgen,5,0.000143,5,SMALL
noarr,naive,durbin,0.000013,1.385,valid,5,SMALL
noarr,naive,durbin,1,0.000013,5,SMALL
noarr,naive,durbin,2,0.000013,5,SMALL
noarr,naive,durbin,3,0.000013,5,SMALL
noarr,naive,durbin,4,0.000013,5,SMALL
noarr,naive,durbin,5,0.000014,5,SMALL
noarr,naive,fdtd-2d,,,illegal,5,SMALL
noarr,naive,floyd-warshall,0.002304,3.174,valid,5,SMALL
noarr,naive,floyd-warshall,1,0.002308,5,SMALL
noarr,naive,floyd-warshall,2,0.002311,5,SMALL
noarr,naive,floyd-warshall,3,0.002300,5,SMALL
noarr,naive,floyd-warshall,4,0.002303,5,SMALL
noarr,naive,floyd-warshall,5,0.002324,5,SMALL
noarr,naive,gemm,0.000105,1.000,valid,5,SMALL
noarr,naive,gemm,1,0.000106,5,SMALL
noarr,naive,gemm,2,0.000106,5,SMALL
noarr,naive,gemm,3,0.000107,5,SMALL
noarr,naive,gemm,4,0.000105,5,SMALL
noarr,naive,gemm,5,0.000106,5,SMALL
noarr,naive,gemver,0.000038,1.816,valid,5,SMALL
noarr,naive,gemver,1,0.000038,5,SMALL
noarr,naive,gemver,2,0.000037,5,SMALL
noarr,naive,gemver,3,0.000038,5,SMALL
noarr,naive,gemver,4,0.000037,5,SMALL
noarr,naive,gemver,5,0.000026,5,SMALL
noarr,naive,gesummv,0.000010,3.100,valid,5,SMALL
noarr,naive,gesummv,1,0.000010,5,SMALL
noarr,naive,gesummv,2,0.000010,5,SMALL
noarr,naive,gesummv,3,0.000010,5,SMALL
noarr,naive,gesummv,4,0.000010,5,SMALL
noarr,naive,gesummv,5,0.000010,5,SMALL
noarr,naive,gramschmidt,0.000232,,invalid,5,SMALL
noarr,naive,heat-3d,,,illegal,5,SMALL
noarr,naive,jacobi-1d,0.000008,0.750,valid,5,SMALL
noarr,naive,jacobi-1d,1,0.000008,5,SMALL
noarr,naive,jacobi-1d,2,0.000008,5,SMALL
noarr,naive,jacobi-1d,3,0.000008,5,SMALL
noarr,naive,jacobi-1d,4,0.000008,5,SMALL
noarr,naive,jacobi-1d,5,0.000008,5,SMALL
noarr,naive,jacobi-2d,0.000788,0.821,valid,5,SMALL
noarr,naive,jacobi-2d,1,0.000791,5,SMALL
noarr,naive,jacobi-2d,2,0.000795,5,SMALL
noarr,naive,jacobi-2d,3,0.000799,5,SMALL
noarr,naive,jacobi-2d,4,0.000771,5,SMALL
noarr,naive,jacobi-2d,5,0.000784,5,SMALL
noarr,naive,lu,,,illegal,5,SMALL
noarr,naive,ludcmp,0.000642,1.123,valid,5,SMALL
noarr,naive,ludcmp,1,0.000636,5,SMALL
noarr,naive,ludcmp,2,0.000662,5,SMALL
noarr,naive,ludcmp,3,0.000644,5,SMALL
noarr,naive,ludcmp,4,0.000635,5,SMALL
noarr,naive,ludcmp,5,0.000668,5,SMALL
noarr,naive,mvt,0.000017,2.529,valid,5,SMALL
noarr,naive,mvt,1,0.000017,5,SMALL
noarr,naive,mvt,2,0.000017,5,SMALL
noarr,naive,mvt,3,0.000017,5,SMALL
noarr,naive,mvt,4,0.000017,5,SMALL
noarr,naive,mvt,5,0.000017,5,SMALL
noarr,naive,nussinov,,,illegal,5,SMALL
noarr,naive,seidel-2d,0.005459,1.349,valid,5,SMALL
noarr,naive,seidel-2d,1,0.005463,5,SMALL
noarr,naive,seidel-2d,2,0.005493,5,SMALL
noarr,naive,seidel-2d,3,0.005329,5,SMALL
noarr,naive,seidel-2d,4,0.005342,5,SMALL
noarr,naive,seidel-2d,5,0.005348,5,SMALL
noarr,naive,symm,0.000194,1.407,valid,5,SMALL
noarr,naive,symm,1,0.000185,5,SMALL
noarr,naive,symm,2,0.000194,5,SMALL
noarr,naive,symm,3,0.000185,5,SMALL
noarr,naive,symm,4,0.000185,5,SMALL
noarr,naive,symm,5,0.000185,5,SMALL
noarr,naive,syr2k,0.000231,1.104,valid,5,SMALL
noarr,naive,syr2k,1,0.000229,5,SMALL
noarr,naive,syr2k,2,0.000231,5,SMALL
noarr,naive,syr2k,3,0.000230,5,SMALL
noarr,naive,syr2k,4,0.000236,5,SMALL
noarr,naive,syr2k,5,0.000231,5,SMALL
noarr,naive,syrk,0.000081,1.679,valid,5,SMALL
noarr,naive,syrk,1,0.000081,5,SMALL
noarr,naive,syrk,2,0.000081,5,SMALL
noarr,naive,syrk,3,0.000079,5,SMALL
noarr,naive,syrk,4,0.000091,5,SMALL
noarr,naive,syrk,5,0.000080,5,SMALL
noarr,naive,trisolv,0.000008,1.500,valid,5,SMALL
noarr,naive,trisolv,1,0.000008,5,SMALL
noarr,naive,trisolv,2,0.000008,5,SMALL
noarr,naive,trisolv,3,0.000008,5,SMALL
noarr,naive,trisolv,4,0.000008,5,SMALL
noarr,naive,trisolv,5,0.000008,5,SMALL
noarr,naive,trmm,0.000060,2.917,valid,5,SMALL
noarr,naive,trmm,1,0.000060,5,SMALL
noarr,naive,trmm,2,0.000069,5,SMALL
noarr,naive,trmm,3,0.000069,5,SMALL
noarr,naive,trmm,4,0.000060,5,SMALL
noarr,naive,trmm,5,0.000060,5,SMALL
-- The CXX compiler identification is GNU 15.2.0
-- Detecting CXX compiler ABI info
-- Detecting CXX compiler ABI info - done
-- Check for working CXX compiler: /usr/local/latestgcc/bin/g++ - skipped
-- Detecting CXX compile features
-- Detecting CXX compile features - done
-- Found Python: /home/kleplj/naive/gpt-querying/.venv/bin/python3.9 (found suitable version "3.9.21", minimum required is "3") found components: Interpreter Development.Module
-- Halide 'host' platform triple:   x86-64-linux
-- Halide 'cmake' platform triple:  x86-64-linux
-- Halide default AOT target:       host
-- Found ZLIB: /usr/lib64/libz.so (found version "1.2.11")
-- Could NOT find PNG (missing: PNG_LIBRARY PNG_PNG_INCLUDE_DIR) 
-- Could NOT find JPEG (missing: JPEG_LIBRARY JPEG_INCLUDE_DIR) 
-- Configuring done (0.8s)
-- Generating done (0.8s)
-- Build files have been written to: /home/kleplj/naive/optimization/naive/PolybenchC-Halide/build
[ 10%] Building CXX object CMakeFiles/covariance.dir/datamining/covariance/covariance.cpp.o
[ 10%] Building CXX object CMakeFiles/correlation.dir/datamining/correlation/correlation.cpp.o
[ 10%] Building CXX object CMakeFiles/gemm.dir/linear-algebra/blas/gemm/gemm.cpp.o
[ 21%] Building CXX object CMakeFiles/gemver.dir/linear-algebra/blas/gemver/gemver.cpp.o
[ 21%] Building CXX object CMakeFiles/trmm.dir/linear-algebra/blas/trmm/trmm.cpp.o
[ 21%] Building CXX object CMakeFiles/syr2k.dir/linear-algebra/blas/syr2k/syr2k.cpp.o
[ 21%] Building CXX object CMakeFiles/2mm.dir/linear-algebra/kernels/2mm/2mm.cpp.o
[ 21%] Building CXX object CMakeFiles/symm.dir/linear-algebra/blas/symm/symm.cpp.o
[ 21%] Building CXX object CMakeFiles/syrk.dir/linear-algebra/blas/syrk/syrk.cpp.o
[ 21%] Building CXX object CMakeFiles/gesummv.dir/linear-algebra/blas/gesummv/gesummv.cpp.o
[ 46%] Building CXX object CMakeFiles/3mm.dir/linear-algebra/kernels/3mm/3mm.cpp.o
[ 50%] Building CXX object CMakeFiles/gramschmidt.dir/linear-algebra/solvers/gramschmidt/gramschmidt.cpp.o
[ 50%] Building CXX object CMakeFiles/mvt.dir/linear-algebra/kernels/mvt/mvt.cpp.o
[ 50%] Building CXX object CMakeFiles/doitgen.dir/linear-algebra/kernels/doitgen/doitgen.cpp.o
[ 50%] Building CXX object CMakeFiles/atax.dir/linear-algebra/kernels/atax/atax.cpp.o
[ 50%] Building CXX object CMakeFiles/heat-3d.dir/stencils/heat-3d/heat-3d.cpp.o
[ 50%] Building CXX object CMakeFiles/floyd-warshall.dir/medley/floyd-warshall/floyd-warshall.cpp.o
[ 50%] Building CXX object CMakeFiles/durbin.dir/linear-algebra/solvers/durbin/durbin.cpp.o
[ 50%] Building CXX object CMakeFiles/deriche.dir/medley/deriche/deriche.cpp.o
[ 50%] Building CXX object CMakeFiles/jacobi-1d.dir/stencils/jacobi-1d/jacobi-1d.cpp.o
[ 50%] Building CXX object CMakeFiles/fdtd-2d.dir/stencils/fdtd-2d/fdtd-2d.cpp.o
[ 50%] Building CXX object CMakeFiles/bicg.dir/linear-algebra/kernels/bicg/bicg.cpp.o
[ 50%] Building CXX object CMakeFiles/lu.dir/linear-algebra/solvers/lu/lu.cpp.o
[ 50%] Building CXX object CMakeFiles/cholesky.dir/linear-algebra/solvers/cholesky/cholesky.cpp.o
[ 50%] Building CXX object CMakeFiles/ludcmp.dir/linear-algebra/solvers/ludcmp/ludcmp.cpp.o
[ 50%] Building CXX object CMakeFiles/trisolv.dir/linear-algebra/solvers/trisolv/trisolv.cpp.o
[ 50%] Building CXX object CMakeFiles/nussinov.dir/medley/nussinov/nussinov.cpp.o
[ 50%] Building CXX object CMakeFiles/adi.dir/stencils/adi/adi.cpp.o
[ 50%] Building CXX object CMakeFiles/jacobi-2d.dir/stencils/jacobi-2d/jacobi-2d.cpp.o
[ 50%] Building CXX object CMakeFiles/seidel-2d.dir/stencils/seidel-2d/seidel-2d.cpp.o
[ 51%] Linking CXX executable gemver
[ 53%] Linking CXX executable gramschmidt
[ 55%] Linking CXX executable cholesky
[ 56%] Linking CXX executable syrk
[ 56%] Built target cholesky
[ 58%] Linking CXX executable floyd-warshall
[ 60%] Linking CXX executable covariance
[ 61%] Linking CXX executable jacobi-1d
[ 61%] Built target syrk
[ 63%] Linking CXX executable symm
[ 65%] Linking CXX executable jacobi-2d
[ 65%] Built target floyd-warshall
[ 65%] Built target covariance
[ 65%] Built target jacobi-1d
[ 66%] Linking CXX executable correlation
[ 66%] Built target symm
[ 68%] Linking CXX executable durbin
[ 68%] Built target jacobi-2d
[ 70%] Linking CXX executable syr2k
[ 71%] Built target correlation
[ 71%] Linking CXX executable doitgen
[ 73%] Linking CXX executable 2mm
[ 73%] Built target durbin
[ 75%] Linking CXX executable heat-3d
[ 75%] Built target syr2k
[ 75%] Built target doitgen
[ 75%] Built target 2mm
[ 76%] Linking CXX executable seidel-2d
[ 76%] Built target heat-3d
[ 78%] Linking CXX executable bicg
[ 78%] Built target seidel-2d
[ 78%] Built target bicg
[ 80%] Linking CXX executable mvt
[ 80%] Built target mvt
[ 81%] Linking CXX executable atax
[ 81%] Built target atax
[ 83%] Linking CXX executable ludcmp
[ 85%] Linking CXX executable fdtd-2d
[ 85%] Built target ludcmp
[ 85%] Built target fdtd-2d
halide,naive,2mm,,,illegal,1,SMALL
halide,naive,3mm,,,illegal,1,SMALL
halide,naive,adi,,,illegal,1,SMALL
halide,naive,atax,,,illegal,1,SMALL
halide,naive,bicg,,,illegal,1,SMALL
halide,naive,cholesky,0.000379,1.061,valid,1,SMALL
halide,naive,cholesky,1,0.000353,1,SMALL
halide,naive,cholesky,2,0.000365,1,SMALL
halide,naive,cholesky,3,0.000365,1,SMALL
halide,naive,cholesky,4,0.000368,1,SMALL
halide,naive,cholesky,5,0.000364,1,SMALL
halide,naive,correlation,0.003621,0.174,valid,1,SMALL
halide,naive,correlation,1,0.003569,1,SMALL
halide,naive,correlation,2,0.003623,1,SMALL
halide,naive,correlation,3,0.003760,1,SMALL
halide,naive,correlation,4,0.003812,1,SMALL
halide,naive,correlation,5,0.004220,1,SMALL
halide,naive,covariance,,,illegal,1,SMALL
halide,naive,deriche,,,illegal,1,SMALL
halide,naive,doitgen,,,illegal,1,SMALL
halide,naive,durbin,,,illegal,1,SMALL
halide,naive,fdtd-2d,0.087288,0.004,valid,1,SMALL
halide,naive,fdtd-2d,1,0.081246,1,SMALL
halide,naive,fdtd-2d,2,0.084904,1,SMALL
halide,naive,fdtd-2d,3,0.080801,1,SMALL
halide,naive,fdtd-2d,4,0.084793,1,SMALL
halide,naive,fdtd-2d,5,0.065579,1,SMALL
halide,naive,floyd-warshall,0.003022,2.426,valid,1,SMALL
halide,naive,floyd-warshall,1,0.002999,1,SMALL
halide,naive,floyd-warshall,2,0.002915,1,SMALL
halide,naive,floyd-warshall,3,0.003007,1,SMALL
halide,naive,floyd-warshall,4,0.004833,1,SMALL
halide,naive,floyd-warshall,5,0.003114,1,SMALL
halide,naive,gemm,,,illegal,1,SMALL
halide,naive,gemver,,,illegal,1,SMALL
halide,naive,gesummv,,,illegal,1,SMALL
halide,naive,gramschmidt,,,illegal,1,SMALL
halide,naive,heat-3d,0.003136,0.162,valid,1,SMALL
halide,naive,heat-3d,1,0.003141,1,SMALL
halide,naive,heat-3d,2,0.003109,1,SMALL
halide,naive,heat-3d,3,0.003303,1,SMALL
halide,naive,heat-3d,4,0.003019,1,SMALL
halide,naive,heat-3d,5,0.002244,1,SMALL
halide,naive,jacobi-1d,,,illegal,1,SMALL
halide,naive,jacobi-2d,0.001130,0.527,valid,1,SMALL
halide,naive,jacobi-2d,1,0.000943,1,SMALL
halide,naive,jacobi-2d,2,0.000918,1,SMALL
halide,naive,jacobi-2d,3,0.000963,1,SMALL
halide,naive,jacobi-2d,4,0.001779,1,SMALL
halide,naive,jacobi-2d,5,0.001474,1,SMALL
halide,naive,lu,,,illegal,1,SMALL
halide,naive,ludcmp,,,illegal,1,SMALL
halide,naive,mvt,,,illegal,1,SMALL
halide,naive,nussinov,,,illegal,1,SMALL
halide,naive,seidel-2d,0.001183,6.317,valid,1,SMALL
halide,naive,seidel-2d,1,0.001297,1,SMALL
halide,naive,seidel-2d,2,0.001159,1,SMALL
halide,naive,seidel-2d,3,0.001481,1,SMALL
halide,naive,seidel-2d,4,0.001607,1,SMALL
halide,naive,seidel-2d,5,0.001116,1,SMALL
halide,naive,symm,,,illegal,1,SMALL
halide,naive,syr2k,,,illegal,1,SMALL
halide,naive,syrk,0.001018,0.099,valid,1,SMALL
halide,naive,syrk,1,0.000659,1,SMALL
halide,naive,syrk,2,0.000643,1,SMALL
halide,naive,syrk,3,0.000528,1,SMALL
halide,naive,syrk,4,0.000875,1,SMALL
halide,naive,syrk,5,0.000859,1,SMALL
halide,naive,trisolv,,,illegal,1,SMALL
halide,naive,trmm,,,illegal,1,SMALL
-- The CXX compiler identification is GNU 15.2.0
-- Detecting CXX compiler ABI info
-- Detecting CXX compiler ABI info - done
-- Check for working CXX compiler: /usr/local/latestgcc/bin/g++ - skipped
-- Detecting CXX compile features
-- Detecting CXX compile features - done
-- Found Python: /home/kleplj/naive/gpt-querying/.venv/bin/python3.9 (found suitable version "3.9.21", minimum required is "3") found components: Interpreter Development.Module
-- Halide 'host' platform triple:   x86-64-linux
-- Halide 'cmake' platform triple:  x86-64-linux
-- Halide default AOT target:       host
-- Found ZLIB: /usr/lib64/libz.so (found version "1.2.11")
-- Could NOT find PNG (missing: PNG_LIBRARY PNG_PNG_INCLUDE_DIR) 
-- Could NOT find JPEG (missing: JPEG_LIBRARY JPEG_INCLUDE_DIR) 
-- Configuring done (0.8s)
-- Generating done (0.8s)
-- Build files have been written to: /home/kleplj/naive/optimization/naive/PolybenchC-Halide/build
[ 10%] Building CXX object CMakeFiles/covariance.dir/datamining/covariance/covariance.cpp.o
[ 10%] Building CXX object CMakeFiles/gemm.dir/linear-algebra/blas/gemm/gemm.cpp.o
[ 10%] Building CXX object CMakeFiles/correlation.dir/datamining/correlation/correlation.cpp.o
[ 18%] Building CXX object CMakeFiles/gesummv.dir/linear-algebra/blas/gesummv/gesummv.cpp.o
[ 26%] Building CXX object CMakeFiles/cholesky.dir/linear-algebra/solvers/cholesky/cholesky.cpp.o
[ 18%] Building CXX object CMakeFiles/syrk.dir/linear-algebra/blas/syrk/syrk.cpp.o
[ 18%] Building CXX object CMakeFiles/atax.dir/linear-algebra/kernels/atax/atax.cpp.o
[ 18%] Building CXX object CMakeFiles/symm.dir/linear-algebra/blas/symm/symm.cpp.o
[ 18%] Building CXX object CMakeFiles/gemver.dir/linear-algebra/blas/gemver/gemver.cpp.o
[ 31%] Building CXX object CMakeFiles/3mm.dir/linear-algebra/kernels/3mm/3mm.cpp.o
[ 50%] Building CXX object CMakeFiles/syr2k.dir/linear-algebra/blas/syr2k/syr2k.cpp.o
[ 50%] Building CXX object CMakeFiles/lu.dir/linear-algebra/solvers/lu/lu.cpp.o
[ 50%] Building CXX object CMakeFiles/mvt.dir/linear-algebra/kernels/mvt/mvt.cpp.o
[ 50%] Building CXX object CMakeFiles/deriche.dir/medley/deriche/deriche.cpp.o
[ 50%] Building CXX object CMakeFiles/bicg.dir/linear-algebra/kernels/bicg/bicg.cpp.o
[ 50%] Building CXX object CMakeFiles/durbin.dir/linear-algebra/solvers/durbin/durbin.cpp.o
[ 50%] Building CXX object CMakeFiles/doitgen.dir/linear-algebra/kernels/doitgen/doitgen.cpp.o
[ 50%] Building CXX object CMakeFiles/floyd-warshall.dir/medley/floyd-warshall/floyd-warshall.cpp.o
[ 50%] Building CXX object CMakeFiles/trmm.dir/linear-algebra/blas/trmm/trmm.cpp.o
[ 50%] Building CXX object CMakeFiles/jacobi-1d.dir/stencils/jacobi-1d/jacobi-1d.cpp.o
[ 50%] Building CXX object CMakeFiles/ludcmp.dir/linear-algebra/solvers/ludcmp/ludcmp.cpp.o
[ 50%] Building CXX object CMakeFiles/nussinov.dir/medley/nussinov/nussinov.cpp.o
[ 50%] Building CXX object CMakeFiles/trisolv.dir/linear-algebra/solvers/trisolv/trisolv.cpp.o
[ 50%] Building CXX object CMakeFiles/fdtd-2d.dir/stencils/fdtd-2d/fdtd-2d.cpp.o
[ 50%] Building CXX object CMakeFiles/seidel-2d.dir/stencils/seidel-2d/seidel-2d.cpp.o
[ 50%] Building CXX object CMakeFiles/gramschmidt.dir/linear-algebra/solvers/gramschmidt/gramschmidt.cpp.o
[ 50%] Building CXX object CMakeFiles/adi.dir/stencils/adi/adi.cpp.o
[ 50%] Building CXX object CMakeFiles/heat-3d.dir/stencils/heat-3d/heat-3d.cpp.o
[ 50%] Building CXX object CMakeFiles/2mm.dir/linear-algebra/kernels/2mm/2mm.cpp.o
[ 50%] Building CXX object CMakeFiles/jacobi-2d.dir/stencils/jacobi-2d/jacobi-2d.cpp.o
[ 51%] Linking CXX executable gemver
[ 53%] Linking CXX executable gramschmidt
[ 55%] Linking CXX executable adi
[ 55%] Built target adi
[ 56%] Linking CXX executable floyd-warshall
[ 58%] Linking CXX executable covariance
[ 60%] Linking CXX executable syrk
[ 61%] Linking CXX executable seidel-2d
[ 63%] Linking CXX executable syr2k
[ 65%] Linking CXX executable symm
[ 65%] Built target floyd-warshall
[ 65%] Built target covariance
[ 65%] Built target syrk
[ 65%] Built target seidel-2d
[ 66%] Linking CXX executable correlation
[ 66%] Built target syr2k
[ 66%] Built target symm
[ 68%] Linking CXX executable gemm
[ 68%] Built target correlation
[ 70%] Linking CXX executable 2mm
[ 71%] Linking CXX executable 3mm
[ 71%] Built target gemm
[ 73%] Linking CXX executable gesummv
[ 75%] Linking CXX executable heat-3d
[ 76%] Linking CXX executable cholesky
[ 76%] Built target 2mm
[ 76%] Built target 3mm
[ 78%] Linking CXX executable doitgen
[ 78%] Built target gesummv
[ 80%] Linking CXX executable trisolv
[ 81%] Linking CXX executable atax
[ 81%] Built target heat-3d
[ 83%] Linking CXX executable mvt
[ 83%] Built target cholesky
[ 83%] Built target doitgen
[ 83%] Built target trisolv
[ 83%] Built target atax
[ 83%] Built target mvt
[ 85%] Linking CXX executable lu
[ 86%] Linking CXX executable durbin
[ 88%] Linking CXX executable bicg
[ 88%] Built target lu
[ 88%] Built target durbin
[ 88%] Built target bicg
[ 90%] Linking CXX executable ludcmp
[ 90%] Built target ludcmp
halide,naive,2mm,,,illegal,2,SMALL
halide,naive,3mm,,,illegal,2,SMALL
halide,naive,adi,0.003237,0.861,valid,2,SMALL
halide,naive,adi,1,0.003153,2,SMALL
halide,naive,adi,2,0.003163,2,SMALL
halide,naive,adi,3,0.003207,2,SMALL
halide,naive,adi,4,0.003148,2,SMALL
halide,naive,adi,5,0.003179,2,SMALL
halide,naive,atax,0.003010,0.014,valid,2,SMALL
halide,naive,atax,1,0.002996,2,SMALL
halide,naive,atax,2,0.003077,2,SMALL
halide,naive,atax,3,0.002995,2,SMALL
halide,naive,atax,4,0.002990,2,SMALL
halide,naive,atax,5,0.002960,2,SMALL
halide,naive,bicg,,,illegal,2,SMALL
halide,naive,cholesky,0.006916,,invalid,2,SMALL
halide,naive,correlation,0.002347,0.263,valid,2,SMALL
halide,naive,correlation,1,0.002106,2,SMALL
halide,naive,correlation,2,0.001832,2,SMALL
halide,naive,correlation,3,0.001327,2,SMALL
halide,naive,correlation,4,0.001908,2,SMALL
halide,naive,correlation,5,0.000995,2,SMALL
halide,naive,covariance,0.011994,,invalid,2,SMALL
halide,naive,deriche,,,illegal,2,SMALL
halide,naive,doitgen,,,illegal,2,SMALL
halide,naive,durbin,,,illegal,2,SMALL
halide,naive,fdtd-2d,,,illegal,2,SMALL
halide,naive,floyd-warshall,0.005208,1.413,valid,2,SMALL
halide,naive,floyd-warshall,1,0.005258,2,SMALL
halide,naive,floyd-warshall,2,0.006294,2,SMALL
halide,naive,floyd-warshall,3,0.006702,2,SMALL
halide,naive,floyd-warshall,4,0.005738,2,SMALL
halide,naive,floyd-warshall,5,0.006089,2,SMALL
halide,naive,gemm,,,illegal,2,SMALL
halide,naive,gemver,,,illegal,2,SMALL
halide,naive,gesummv,,,illegal,2,SMALL
halide,naive,gramschmidt,,,illegal,2,SMALL
halide,naive,heat-3d,0.003183,0.166,valid,2,SMALL
halide,naive,heat-3d,1,0.002792,2,SMALL
halide,naive,heat-3d,2,0.003080,2,SMALL
halide,naive,heat-3d,3,0.002808,2,SMALL
halide,naive,heat-3d,4,0.002771,2,SMALL
halide,naive,heat-3d,5,0.002911,2,SMALL
halide,naive,jacobi-1d,,,illegal,2,SMALL
halide,naive,jacobi-2d,,,illegal,2,SMALL
halide,naive,lu,,,illegal,2,SMALL
halide,naive,ludcmp,,,illegal,2,SMALL
halide,naive,mvt,0.000601,0.093,valid,2,SMALL
halide,naive,mvt,1,0.001224,2,SMALL
halide,naive,mvt,2,0.000858,2,SMALL
halide,naive,mvt,3,0.000934,2,SMALL
halide,naive,mvt,4,0.000549,2,SMALL
halide,naive,mvt,5,0.000844,2,SMALL
halide,naive,nussinov,,,illegal,2,SMALL
halide,naive,seidel-2d,0.004592,1.602,valid,2,SMALL
halide,naive,seidel-2d,1,0.004981,2,SMALL
halide,naive,seidel-2d,2,0.004842,2,SMALL
halide,naive,seidel-2d,3,0.005019,2,SMALL
halide,naive,seidel-2d,4,0.005918,2,SMALL
halide,naive,seidel-2d,5,0.004975,2,SMALL
halide,naive,symm,,,illegal,2,SMALL
halide,naive,syr2k,0.000421,0.613,valid,2,SMALL
halide,naive,syr2k,1,0.000670,2,SMALL
halide,naive,syr2k,2,0.000759,2,SMALL
halide,naive,syr2k,3,0.000891,2,SMALL
halide,naive,syr2k,4,0.000748,2,SMALL
halide,naive,syr2k,5,0.000734,2,SMALL
halide,naive,syrk,0.000477,0.237,valid,2,SMALL
halide,naive,syrk,1,0.000629,2,SMALL
halide,naive,syrk,2,0.000500,2,SMALL
halide,naive,syrk,3,0.000534,2,SMALL
halide,naive,syrk,4,0.000632,2,SMALL
halide,naive,syrk,5,0.000631,2,SMALL
halide,naive,trisolv,,,illegal,2,SMALL
halide,naive,trmm,,,illegal,2,SMALL
-- The CXX compiler identification is GNU 15.2.0
-- Detecting CXX compiler ABI info
-- Detecting CXX compiler ABI info - done
-- Check for working CXX compiler: /usr/local/latestgcc/bin/g++ - skipped
-- Detecting CXX compile features
-- Detecting CXX compile features - done
-- Found Python: /home/kleplj/naive/gpt-querying/.venv/bin/python3.9 (found suitable version "3.9.21", minimum required is "3") found components: Interpreter Development.Module
-- Halide 'host' platform triple:   x86-64-linux
-- Halide 'cmake' platform triple:  x86-64-linux
-- Halide default AOT target:       host
-- Found ZLIB: /usr/lib64/libz.so (found version "1.2.11")
-- Could NOT find PNG (missing: PNG_LIBRARY PNG_PNG_INCLUDE_DIR) 
-- Could NOT find JPEG (missing: JPEG_LIBRARY JPEG_INCLUDE_DIR) 
-- Configuring done (0.8s)
-- Generating done (0.8s)
-- Build files have been written to: /home/kleplj/naive/optimization/naive/PolybenchC-Halide/build
[  5%] Building CXX object CMakeFiles/correlation.dir/datamining/correlation/correlation.cpp.o
[ 10%] Building CXX object CMakeFiles/gemm.dir/linear-algebra/blas/gemm/gemm.cpp.o
[ 10%] Building CXX object CMakeFiles/covariance.dir/datamining/covariance/covariance.cpp.o
[ 15%] Building CXX object CMakeFiles/gemver.dir/linear-algebra/blas/gemver/gemver.cpp.o
[ 15%] Building CXX object CMakeFiles/symm.dir/linear-algebra/blas/symm/symm.cpp.o
[ 15%] Building CXX object CMakeFiles/gesummv.dir/linear-algebra/blas/gesummv/gesummv.cpp.o
[ 25%] Building CXX object CMakeFiles/3mm.dir/linear-algebra/kernels/3mm/3mm.cpp.o
[ 25%] Building CXX object CMakeFiles/trmm.dir/linear-algebra/blas/trmm/trmm.cpp.o
[ 25%] Building CXX object CMakeFiles/doitgen.dir/linear-algebra/kernels/doitgen/doitgen.cpp.o
[ 25%] Building CXX object CMakeFiles/syrk.dir/linear-algebra/blas/syrk/syrk.cpp.o
[ 25%] Building CXX object CMakeFiles/syr2k.dir/linear-algebra/blas/syr2k/syr2k.cpp.o
[ 25%] Building CXX object CMakeFiles/2mm.dir/linear-algebra/kernels/2mm/2mm.cpp.o
[ 25%] Building CXX object CMakeFiles/atax.dir/linear-algebra/kernels/atax/atax.cpp.o
[ 43%] Building CXX object CMakeFiles/trisolv.dir/linear-algebra/solvers/trisolv/trisolv.cpp.o
[ 50%] Building CXX object CMakeFiles/floyd-warshall.dir/medley/floyd-warshall/floyd-warshall.cpp.o
[ 50%] Building CXX object CMakeFiles/lu.dir/linear-algebra/solvers/lu/lu.cpp.o
[ 50%] Building CXX object CMakeFiles/durbin.dir/linear-algebra/solvers/durbin/durbin.cpp.o
[ 50%] Building CXX object CMakeFiles/ludcmp.dir/linear-algebra/solvers/ludcmp/ludcmp.cpp.o
[ 50%] Building CXX object CMakeFiles/mvt.dir/linear-algebra/kernels/mvt/mvt.cpp.o
[ 50%] Building CXX object CMakeFiles/cholesky.dir/linear-algebra/solvers/cholesky/cholesky.cpp.o
[ 50%] Building CXX object CMakeFiles/gramschmidt.dir/linear-algebra/solvers/gramschmidt/gramschmidt.cpp.o
[ 50%] Building CXX object CMakeFiles/bicg.dir/linear-algebra/kernels/bicg/bicg.cpp.o
[ 50%] Building CXX object CMakeFiles/adi.dir/stencils/adi/adi.cpp.o
[ 50%] Building CXX object CMakeFiles/heat-3d.dir/stencils/heat-3d/heat-3d.cpp.o
[ 50%] Building CXX object CMakeFiles/deriche.dir/medley/deriche/deriche.cpp.o
[ 50%] Building CXX object CMakeFiles/nussinov.dir/medley/nussinov/nussinov.cpp.o
[ 50%] Building CXX object CMakeFiles/fdtd-2d.dir/stencils/fdtd-2d/fdtd-2d.cpp.o
[ 50%] Building CXX object CMakeFiles/seidel-2d.dir/stencils/seidel-2d/seidel-2d.cpp.o
[ 50%] Building CXX object CMakeFiles/jacobi-1d.dir/stencils/jacobi-1d/jacobi-1d.cpp.o
[ 50%] Building CXX object CMakeFiles/jacobi-2d.dir/stencils/jacobi-2d/jacobi-2d.cpp.o
[ 51%] Linking CXX executable gemver
[ 53%] Linking CXX executable gramschmidt
[ 55%] Linking CXX executable cholesky
[ 56%] Linking CXX executable adi
[ 56%] Built target cholesky
[ 58%] Linking CXX executable floyd-warshall
[ 58%] Built target adi
[ 58%] Built target floyd-warshall
[ 61%] Linking CXX executable syr2k
[ 61%] Linking CXX executable jacobi-1d
[ 63%] Linking CXX executable jacobi-2d
[ 65%] Linking CXX executable symm
[ 65%] Built target jacobi-1d
[ 65%] Built target syr2k
[ 65%] Built target jacobi-2d
[ 65%] Built target symm
[ 66%] Linking CXX executable 3mm
[ 68%] Linking CXX executable covariance
[ 68%] Built target 3mm
[ 70%] Linking CXX executable correlation
[ 70%] Built target covariance
[ 71%] Linking CXX executable durbin
[ 71%] Built target correlation
[ 73%] Linking CXX executable atax
[ 73%] Built target durbin
[ 75%] Linking CXX executable mvt
[ 76%] Linking CXX executable trisolv
[ 78%] Linking CXX executable bicg
[ 80%] Linking CXX executable heat-3d
[ 80%] Built target atax
[ 80%] Built target mvt
[ 80%] Built target trisolv
[ 80%] Built target bicg
[ 80%] Built target heat-3d
[ 81%] Linking CXX executable nussinov
[ 83%] Linking CXX executable gesummv
[ 85%] Linking CXX executable fdtd-2d
[ 85%] Built target nussinov
[ 85%] Built target gesummv
[ 85%] Built target fdtd-2d
[ 86%] Linking CXX executable ludcmp
[ 86%] Built target ludcmp
halide,naive,2mm,,,illegal,3,SMALL
halide,naive,3mm,,,illegal,3,SMALL
halide,naive,adi,0.002636,,invalid,3,SMALL
halide,naive,atax,,,illegal,3,SMALL
halide,naive,bicg,,,illegal,3,SMALL
halide,naive,cholesky,0.000319,,invalid,3,SMALL
halide,naive,correlation,0.002610,,invalid,3,SMALL
halide,naive,covariance,,,illegal,3,SMALL
halide,naive,deriche,,,illegal,3,SMALL
halide,naive,doitgen,,,illegal,3,SMALL
halide,naive,durbin,,,illegal,3,SMALL
halide,naive,fdtd-2d,,,illegal,3,SMALL
halide,naive,floyd-warshall,0.137701,0.051,valid,3,SMALL
halide,naive,floyd-warshall,1,0.134511,3,SMALL
halide,naive,floyd-warshall,2,0.137197,3,SMALL
halide,naive,floyd-warshall,3,0.140707,3,SMALL
halide,naive,floyd-warshall,4,0.135590,3,SMALL
halide,naive,floyd-warshall,5,0.131964,3,SMALL
halide,naive,gemm,,,illegal,3,SMALL
halide,naive,gemver,,,illegal,3,SMALL
halide,naive,gesummv,,,illegal,3,SMALL
halide,naive,gramschmidt,,,illegal,3,SMALL
halide,naive,heat-3d,0.006241,0.082,valid,3,SMALL
halide,naive,heat-3d,1,0.007750,3,SMALL
halide,naive,heat-3d,2,0.007007,3,SMALL
halide,naive,heat-3d,3,0.007911,3,SMALL
halide,naive,heat-3d,4,0.007754,3,SMALL
halide,naive,heat-3d,5,0.007473,3,SMALL
halide,naive,jacobi-1d,,,illegal,3,SMALL
halide,naive,jacobi-2d,0.001190,0.434,valid,3,SMALL
halide,naive,jacobi-2d,1,0.001348,3,SMALL
halide,naive,jacobi-2d,2,0.001631,3,SMALL
halide,naive,jacobi-2d,3,0.001503,3,SMALL
halide,naive,jacobi-2d,4,0.001623,3,SMALL
halide,naive,jacobi-2d,5,0.001580,3,SMALL
halide,naive,lu,,,illegal,3,SMALL
halide,naive,ludcmp,0.007859,0.094,valid,3,SMALL
halide,naive,ludcmp,1,0.007861,3,SMALL
halide,naive,ludcmp,2,0.007855,3,SMALL
halide,naive,ludcmp,3,0.007876,3,SMALL
halide,naive,ludcmp,4,0.007891,3,SMALL
halide,naive,ludcmp,5,0.008009,3,SMALL
halide,naive,mvt,0.000349,0.126,valid,3,SMALL
halide,naive,mvt,1,0.000321,3,SMALL
halide,naive,mvt,2,0.000409,3,SMALL
halide,naive,mvt,3,0.000346,3,SMALL
halide,naive,mvt,4,0.000289,3,SMALL
halide,naive,mvt,5,0.000325,3,SMALL
halide,naive,nussinov,,,illegal,3,SMALL
halide,naive,seidel-2d,,,illegal,3,SMALL
halide,naive,symm,0.000709,0.402,valid,3,SMALL
halide,naive,symm,1,0.000277,3,SMALL
halide,naive,symm,2,0.000672,3,SMALL
halide,naive,symm,3,0.000517,3,SMALL
halide,naive,symm,4,0.000690,3,SMALL
halide,naive,symm,5,0.000532,3,SMALL
halide,naive,syr2k,,,illegal,3,SMALL
halide,naive,syrk,,,illegal,3,SMALL
halide,naive,trisolv,0.000200,,invalid,3,SMALL
halide,naive,trmm,,,illegal,3,SMALL
-- The CXX compiler identification is GNU 15.2.0
-- Detecting CXX compiler ABI info
-- Detecting CXX compiler ABI info - done
-- Check for working CXX compiler: /usr/local/latestgcc/bin/g++ - skipped
-- Detecting CXX compile features
-- Detecting CXX compile features - done
-- Found Python: /home/kleplj/naive/gpt-querying/.venv/bin/python3.9 (found suitable version "3.9.21", minimum required is "3") found components: Interpreter Development.Module
-- Halide 'host' platform triple:   x86-64-linux
-- Halide 'cmake' platform triple:  x86-64-linux
-- Halide default AOT target:       host
-- Found ZLIB: /usr/lib64/libz.so (found version "1.2.11")
-- Could NOT find PNG (missing: PNG_LIBRARY PNG_PNG_INCLUDE_DIR) 
-- Could NOT find JPEG (missing: JPEG_LIBRARY JPEG_INCLUDE_DIR) 
-- Configuring done (0.8s)
-- Generating done (0.8s)
-- Build files have been written to: /home/kleplj/naive/optimization/naive/PolybenchC-Halide/build
[  6%] Building CXX object CMakeFiles/correlation.dir/datamining/correlation/correlation.cpp.o
[ 10%] Building CXX object CMakeFiles/gemver.dir/linear-algebra/blas/gemver/gemver.cpp.o
[ 10%] Building CXX object CMakeFiles/gemm.dir/linear-algebra/blas/gemm/gemm.cpp.o
[ 10%] Building CXX object CMakeFiles/covariance.dir/datamining/covariance/covariance.cpp.o
[ 13%] Building CXX object CMakeFiles/syrk.dir/linear-algebra/blas/syrk/syrk.cpp.o
[ 13%] Building CXX object CMakeFiles/symm.dir/linear-algebra/blas/symm/symm.cpp.o
[ 20%] Building CXX object CMakeFiles/trmm.dir/linear-algebra/blas/trmm/trmm.cpp.o
[ 20%] Building CXX object CMakeFiles/syr2k.dir/linear-algebra/blas/syr2k/syr2k.cpp.o
[ 20%] Building CXX object CMakeFiles/2mm.dir/linear-algebra/kernels/2mm/2mm.cpp.o
[ 20%] Building CXX object CMakeFiles/gesummv.dir/linear-algebra/blas/gesummv/gesummv.cpp.o
[ 36%] Building CXX object CMakeFiles/durbin.dir/linear-algebra/solvers/durbin/durbin.cpp.o
[ 50%] Building CXX object CMakeFiles/cholesky.dir/linear-algebra/solvers/cholesky/cholesky.cpp.o
[ 50%] Building CXX object CMakeFiles/bicg.dir/linear-algebra/kernels/bicg/bicg.cpp.o
[ 50%] Building CXX object CMakeFiles/trisolv.dir/linear-algebra/solvers/trisolv/trisolv.cpp.o
[ 50%] Building CXX object CMakeFiles/heat-3d.dir/stencils/heat-3d/heat-3d.cpp.o
[ 50%] Building CXX object CMakeFiles/atax.dir/linear-algebra/kernels/atax/atax.cpp.o
[ 50%] Building CXX object CMakeFiles/floyd-warshall.dir/medley/floyd-warshall/floyd-warshall.cpp.o
[ 50%] Building CXX object CMakeFiles/fdtd-2d.dir/stencils/fdtd-2d/fdtd-2d.cpp.o
[ 50%] Building CXX object CMakeFiles/adi.dir/stencils/adi/adi.cpp.o
[ 50%] Building CXX object CMakeFiles/gramschmidt.dir/linear-algebra/solvers/gramschmidt/gramschmidt.cpp.o
[ 50%] Building CXX object CMakeFiles/nussinov.dir/medley/nussinov/nussinov.cpp.o
[ 50%] Building CXX object CMakeFiles/3mm.dir/linear-algebra/kernels/3mm/3mm.cpp.o
[ 50%] Building CXX object CMakeFiles/lu.dir/linear-algebra/solvers/lu/lu.cpp.o
[ 50%] Building CXX object CMakeFiles/jacobi-1d.dir/stencils/jacobi-1d/jacobi-1d.cpp.o
[ 50%] Building CXX object CMakeFiles/mvt.dir/linear-algebra/kernels/mvt/mvt.cpp.o
[ 50%] Building CXX object CMakeFiles/deriche.dir/medley/deriche/deriche.cpp.o
[ 50%] Building CXX object CMakeFiles/ludcmp.dir/linear-algebra/solvers/ludcmp/ludcmp.cpp.o
[ 50%] Building CXX object CMakeFiles/doitgen.dir/linear-algebra/kernels/doitgen/doitgen.cpp.o
[ 50%] Building CXX object CMakeFiles/jacobi-2d.dir/stencils/jacobi-2d/jacobi-2d.cpp.o
[ 50%] Building CXX object CMakeFiles/seidel-2d.dir/stencils/seidel-2d/seidel-2d.cpp.o
[ 51%] Linking CXX executable gemver
[ 53%] Linking CXX executable gramschmidt
[ 55%] Linking CXX executable cholesky
[ 56%] Linking CXX executable adi
[ 56%] Built target cholesky
[ 58%] Linking CXX executable floyd-warshall
[ 58%] Built target adi
[ 60%] Linking CXX executable covariance
[ 60%] Built target floyd-warshall
[ 61%] Linking CXX executable jacobi-1d
[ 63%] Linking CXX executable jacobi-2d
[ 63%] Built target covariance
[ 66%] Linking CXX executable syrk
[ 66%] Linking CXX executable gemm
[ 66%] Built target jacobi-1d
[ 68%] Linking CXX executable symm
[ 68%] Built target jacobi-2d
[ 70%] Linking CXX executable correlation
[ 71%] Linking CXX executable 2mm
[ 71%] Built target gemm
[ 71%] Built target syrk
[ 71%] Built target symm
[ 71%] Built target correlation
[ 73%] Linking CXX executable 3mm
[ 73%] Built target 2mm
[ 75%] Linking CXX executable durbin
[ 76%] Linking CXX executable gesummv
[ 78%] Linking CXX executable doitgen
[ 80%] Linking CXX executable syr2k
[ 80%] Built target 3mm
[ 81%] Linking CXX executable nussinov
[ 81%] Built target durbin
[ 81%] Built target gesummv
[ 81%] Built target doitgen
[ 81%] Built target syr2k
[ 81%] Built target nussinov
[ 83%] Linking CXX executable atax
[ 85%] Linking CXX executable trisolv
[ 86%] Linking CXX executable heat-3d
[ 88%] Linking CXX executable bicg
[ 90%] Linking CXX executable mvt
[ 90%] Built target atax
[ 90%] Built target trisolv
[ 90%] Built target heat-3d
[ 90%] Built target bicg
[ 90%] Built target mvt
[ 91%] Linking CXX executable fdtd-2d
[ 91%] Built target fdtd-2d
[ 93%] Linking CXX executable ludcmp
[ 93%] Built target ludcmp
halide,naive,2mm,,,illegal,4,SMALL
halide,naive,3mm,,,illegal,4,SMALL
halide,naive,adi,0.009719,0.287,valid,4,SMALL
halide,naive,adi,1,0.009115,4,SMALL
halide,naive,adi,2,0.009313,4,SMALL
halide,naive,adi,3,0.008713,4,SMALL
halide,naive,adi,4,0.008853,4,SMALL
halide,naive,adi,5,0.009198,4,SMALL
halide,naive,atax,,,illegal,4,SMALL
halide,naive,bicg,,,illegal,4,SMALL
halide,naive,cholesky,0.000330,1.179,valid,4,SMALL
halide,naive,cholesky,1,0.000352,4,SMALL
halide,naive,cholesky,2,0.000379,4,SMALL
halide,naive,cholesky,3,0.000337,4,SMALL
halide,naive,cholesky,4,0.000341,4,SMALL
halide,naive,cholesky,5,0.000325,4,SMALL
halide,naive,correlation,0.004603,0.134,valid,4,SMALL
halide,naive,correlation,1,0.004118,4,SMALL
halide,naive,correlation,2,0.004271,4,SMALL
halide,naive,correlation,3,0.004876,4,SMALL
halide,naive,correlation,4,0.004781,4,SMALL
halide,naive,correlation,5,0.003877,4,SMALL
halide,naive,covariance,0.003795,0.166,valid,4,SMALL
halide,naive,covariance,1,0.003789,4,SMALL
halide,naive,covariance,2,0.002925,4,SMALL
halide,naive,covariance,3,0.003472,4,SMALL
halide,naive,covariance,4,0.003730,4,SMALL
halide,naive,covariance,5,0.003490,4,SMALL
halide,naive,deriche,,,illegal,4,SMALL
halide,naive,doitgen,,,illegal,4,SMALL
halide,naive,durbin,,,illegal,4,SMALL
halide,naive,fdtd-2d,,,illegal,4,SMALL
halide,naive,floyd-warshall,0.148415,0.050,valid,4,SMALL
halide,naive,floyd-warshall,1,0.152591,4,SMALL
halide,naive,floyd-warshall,2,0.150505,4,SMALL
halide,naive,floyd-warshall,3,0.138189,4,SMALL
halide,naive,floyd-warshall,4,0.154274,4,SMALL
halide,naive,floyd-warshall,5,0.138330,4,SMALL
halide,naive,gemm,,,illegal,4,SMALL
halide,naive,gemver,,,illegal,4,SMALL
halide,naive,gesummv,0.002979,0.011,valid,4,SMALL
halide,naive,gesummv,1,0.002993,4,SMALL
halide,naive,gesummv,2,0.003009,4,SMALL
halide,naive,gesummv,3,0.002934,4,SMALL
halide,naive,gesummv,4,0.003080,4,SMALL
halide,naive,gesummv,5,0.003176,4,SMALL
halide,naive,gramschmidt,,,illegal,4,SMALL
halide,naive,heat-3d,,,illegal,4,SMALL
halide,naive,jacobi-1d,,,illegal,4,SMALL
halide,naive,jacobi-2d,0.001068,0.488,valid,4,SMALL
halide,naive,jacobi-2d,1,0.001245,4,SMALL
halide,naive,jacobi-2d,2,0.001035,4,SMALL
halide,naive,jacobi-2d,3,0.001035,4,SMALL
halide,naive,jacobi-2d,4,0.000972,4,SMALL
halide,naive,jacobi-2d,5,0.000932,4,SMALL
halide,naive,lu,,,illegal,4,SMALL
halide,naive,ludcmp,,,illegal,4,SMALL
halide,naive,mvt,,,illegal,4,SMALL
halide,naive,nussinov,,,illegal,4,SMALL
halide,naive,seidel-2d,,,illegal,4,SMALL
halide,naive,symm,,,illegal,4,SMALL
halide,naive,syr2k,0.000666,0.357,valid,4,SMALL
halide,naive,syr2k,1,0.000826,4,SMALL
halide,naive,syr2k,2,0.000834,4,SMALL
halide,naive,syr2k,3,0.000865,4,SMALL
halide,naive,syr2k,4,0.000769,4,SMALL
halide,naive,syr2k,5,0.000339,4,SMALL
halide,naive,syrk,,,illegal,4,SMALL
halide,naive,trisolv,,,illegal,4,SMALL
halide,naive,trmm,,,illegal,4,SMALL
-- The CXX compiler identification is GNU 15.2.0
-- Detecting CXX compiler ABI info
-- Detecting CXX compiler ABI info - done
-- Check for working CXX compiler: /usr/local/latestgcc/bin/g++ - skipped
-- Detecting CXX compile features
-- Detecting CXX compile features - done
-- Found Python: /home/kleplj/naive/gpt-querying/.venv/bin/python3.9 (found suitable version "3.9.21", minimum required is "3") found components: Interpreter Development.Module
-- Halide 'host' platform triple:   x86-64-linux
-- Halide 'cmake' platform triple:  x86-64-linux
-- Halide default AOT target:       host
-- Found ZLIB: /usr/lib64/libz.so (found version "1.2.11")
-- Could NOT find PNG (missing: PNG_LIBRARY PNG_PNG_INCLUDE_DIR) 
-- Could NOT find JPEG (missing: JPEG_LIBRARY JPEG_INCLUDE_DIR) 
-- Configuring done (0.8s)
-- Generating done (0.7s)
-- Build files have been written to: /home/kleplj/naive/optimization/naive/PolybenchC-Halide/build
[  3%] Building CXX object CMakeFiles/correlation.dir/datamining/correlation/correlation.cpp.o
[  6%] Building CXX object CMakeFiles/covariance.dir/datamining/covariance/covariance.cpp.o
[  8%] Building CXX object CMakeFiles/gemver.dir/linear-algebra/blas/gemver/gemver.cpp.o
[  8%] Building CXX object CMakeFiles/gemm.dir/linear-algebra/blas/gemm/gemm.cpp.o
[ 13%] Building CXX object CMakeFiles/gesummv.dir/linear-algebra/blas/gesummv/gesummv.cpp.o
[ 25%] Building CXX object CMakeFiles/2mm.dir/linear-algebra/kernels/2mm/2mm.cpp.o
[ 25%] Building CXX object CMakeFiles/3mm.dir/linear-algebra/kernels/3mm/3mm.cpp.o
[ 25%] Building CXX object CMakeFiles/syr2k.dir/linear-algebra/blas/syr2k/syr2k.cpp.o
[ 25%] Building CXX object CMakeFiles/symm.dir/linear-algebra/blas/symm/symm.cpp.o
[ 25%] Building CXX object CMakeFiles/trmm.dir/linear-algebra/blas/trmm/trmm.cpp.o
[ 25%] Building CXX object CMakeFiles/syrk.dir/linear-algebra/blas/syrk/syrk.cpp.o
[ 25%] Building CXX object CMakeFiles/doitgen.dir/linear-algebra/kernels/doitgen/doitgen.cpp.o
[ 45%] Building CXX object CMakeFiles/gramschmidt.dir/linear-algebra/solvers/gramschmidt/gramschmidt.cpp.o
[ 50%] Building CXX object CMakeFiles/ludcmp.dir/linear-algebra/solvers/ludcmp/ludcmp.cpp.o
[ 50%] Building CXX object CMakeFiles/nussinov.dir/medley/nussinov/nussinov.cpp.o
[ 50%] Building CXX object CMakeFiles/deriche.dir/medley/deriche/deriche.cpp.o
[ 50%] Building CXX object CMakeFiles/trisolv.dir/linear-algebra/solvers/trisolv/trisolv.cpp.o
[ 50%] Building CXX object CMakeFiles/cholesky.dir/linear-algebra/solvers/cholesky/cholesky.cpp.o
[ 50%] Building CXX object CMakeFiles/floyd-warshall.dir/medley/floyd-warshall/floyd-warshall.cpp.o
[ 50%] Building CXX object CMakeFiles/adi.dir/stencils/adi/adi.cpp.o
[ 50%] Building CXX object CMakeFiles/bicg.dir/linear-algebra/kernels/bicg/bicg.cpp.o
[ 50%] Building CXX object CMakeFiles/lu.dir/linear-algebra/solvers/lu/lu.cpp.o
[ 50%] Building CXX object CMakeFiles/atax.dir/linear-algebra/kernels/atax/atax.cpp.o
[ 50%] Building CXX object CMakeFiles/durbin.dir/linear-algebra/solvers/durbin/durbin.cpp.o
[ 50%] Building CXX object CMakeFiles/heat-3d.dir/stencils/heat-3d/heat-3d.cpp.o
[ 50%] Building CXX object CMakeFiles/fdtd-2d.dir/stencils/fdtd-2d/fdtd-2d.cpp.o
[ 50%] Building CXX object CMakeFiles/mvt.dir/linear-algebra/kernels/mvt/mvt.cpp.o
[ 50%] Building CXX object CMakeFiles/jacobi-1d.dir/stencils/jacobi-1d/jacobi-1d.cpp.o
[ 50%] Building CXX object CMakeFiles/jacobi-2d.dir/stencils/jacobi-2d/jacobi-2d.cpp.o
[ 50%] Building CXX object CMakeFiles/seidel-2d.dir/stencils/seidel-2d/seidel-2d.cpp.o
[ 51%] Linking CXX executable gemver
[ 53%] Linking CXX executable gramschmidt
[ 55%] Linking CXX executable cholesky
[ 56%] Linking CXX executable durbin
[ 58%] Linking CXX executable deriche
[ 58%] Built target cholesky
[ 58%] Built target durbin
[ 60%] Linking CXX executable covariance
[ 60%] Built target deriche
[ 63%] Linking CXX executable syr2k
[ 63%] Linking CXX executable trmm
[ 65%] Linking CXX executable floyd-warshall
[ 65%] Built target covariance
[ 65%] Built target syr2k
[ 65%] Built target trmm
[ 66%] Linking CXX executable symm
[ 68%] Linking CXX executable jacobi-1d
[ 68%] Built target floyd-warshall
[ 70%] Linking CXX executable jacobi-2d
[ 70%] Built target symm
[ 71%] Linking CXX executable lu
[ 73%] Linking CXX executable 2mm
[ 73%] Built target jacobi-1d
[ 73%] Built target jacobi-2d
[ 75%] Linking CXX executable syrk
[ 75%] Built target lu
[ 75%] Built target 2mm
[ 76%] Linking CXX executable correlation
[ 76%] Built target syrk
[ 78%] Linking CXX executable gesummv
[ 80%] Linking CXX executable 3mm
[ 80%] Built target correlation
[ 81%] Linking CXX executable gemm
[ 81%] Built target gesummv
[ 83%] Linking CXX executable heat-3d
[ 83%] Built target 3mm
[ 85%] Linking CXX executable mvt
[ 86%] Linking CXX executable doitgen
[ 86%] Built target gemm
[ 86%] Built target heat-3d
[ 88%] Linking CXX executable bicg
[ 90%] Linking CXX executable trisolv
[ 90%] Built target mvt
[ 90%] Built target doitgen
[ 90%] Built target bicg
[ 90%] Built target trisolv
[ 91%] Linking CXX executable fdtd-2d
[ 93%] Linking CXX executable seidel-2d
[ 93%] Built target fdtd-2d
[ 93%] Built target seidel-2d
[ 95%] Linking CXX executable adi
[ 96%] Linking CXX executable ludcmp
[ 96%] Built target adi
[ 96%] Built target ludcmp
halide,naive,2mm,,,illegal,5,SMALL
halide,naive,3mm,,,illegal,5,SMALL
halide,naive,adi,,,illegal,5,SMALL
halide,naive,atax,,,illegal,5,SMALL
halide,naive,bicg,,,illegal,5,SMALL
halide,naive,cholesky,0.000396,,invalid,5,SMALL
halide,naive,correlation,0.002297,0.272,valid,5,SMALL
halide,naive,correlation,1,0.001120,5,SMALL
halide,naive,correlation,2,0.002061,5,SMALL
halide,naive,correlation,3,0.002000,5,SMALL
halide,naive,correlation,4,0.002267,5,SMALL
halide,naive,correlation,5,0.002000,5,SMALL
halide,naive,covariance,0.000516,1.223,valid,5,SMALL
halide,naive,covariance,1,0.000962,5,SMALL
halide,naive,covariance,2,0.001322,5,SMALL
halide,naive,covariance,3,0.000486,5,SMALL
halide,naive,covariance,4,0.000472,5,SMALL
halide,naive,covariance,5,0.000481,5,SMALL
halide,naive,deriche,0.001173,0.712,valid,5,SMALL
halide,naive,deriche,1,0.001169,5,SMALL
halide,naive,deriche,2,0.001129,5,SMALL
halide,naive,deriche,3,0.000965,5,SMALL
halide,naive,deriche,4,0.001103,5,SMALL
halide,naive,deriche,5,0.001130,5,SMALL
halide,naive,doitgen,,,illegal,5,SMALL
halide,naive,durbin,,,illegal,5,SMALL
halide,naive,fdtd-2d,0.031695,0.010,valid,5,SMALL
halide,naive,fdtd-2d,1,0.036228,5,SMALL
halide,naive,fdtd-2d,2,0.033510,5,SMALL
halide,naive,fdtd-2d,3,0.037724,5,SMALL
halide,naive,fdtd-2d,4,0.033507,5,SMALL
halide,naive,fdtd-2d,5,0.032149,5,SMALL
halide,naive,floyd-warshall,0.148376,0.049,valid,5,SMALL
halide,naive,floyd-warshall,1,0.142528,5,SMALL
halide,naive,floyd-warshall,2,0.150754,5,SMALL
halide,naive,floyd-warshall,3,0.137442,5,SMALL
halide,naive,floyd-warshall,4,0.130479,5,SMALL
halide,naive,floyd-warshall,5,0.157337,5,SMALL
halide,naive,gemm,,,illegal,5,SMALL
halide,naive,gemver,,,illegal,5,SMALL
halide,naive,gesummv,0.000227,0.145,valid,5,SMALL
halide,naive,gesummv,1,0.000330,5,SMALL
halide,naive,gesummv,2,0.000315,5,SMALL
halide,naive,gesummv,3,0.000271,5,SMALL
halide,naive,gesummv,4,0.000294,5,SMALL
halide,naive,gesummv,5,0.000217,5,SMALL
halide,naive,gramschmidt,,,illegal,5,SMALL
halide,naive,heat-3d,0.003124,0.165,valid,5,SMALL
halide,naive,heat-3d,1,0.003176,5,SMALL
halide,naive,heat-3d,2,0.003080,5,SMALL
halide,naive,heat-3d,3,0.002739,5,SMALL
halide,naive,heat-3d,4,0.003032,5,SMALL
halide,naive,heat-3d,5,0.003569,5,SMALL
halide,naive,jacobi-1d,,,illegal,5,SMALL
halide,naive,jacobi-2d,,,illegal,5,SMALL
halide,naive,lu,,,illegal,5,SMALL
halide,naive,ludcmp,,,illegal,5,SMALL
halide,naive,mvt,,,illegal,5,SMALL
halide,naive,nussinov,,,illegal,5,SMALL
halide,naive,seidel-2d,0.001080,6.806,valid,5,SMALL
halide,naive,seidel-2d,1,0.001460,5,SMALL
halide,naive,seidel-2d,2,0.001089,5,SMALL
halide,naive,seidel-2d,3,0.001067,5,SMALL
halide,naive,seidel-2d,4,0.001713,5,SMALL
halide,naive,seidel-2d,5,0.001092,5,SMALL
halide,naive,symm,,,illegal,5,SMALL
halide,naive,syr2k,,,illegal,5,SMALL
halide,naive,syrk,0.001125,0.109,valid,5,SMALL
halide,naive,syrk,1,0.001347,5,SMALL
halide,naive,syrk,2,0.001087,5,SMALL
halide,naive,syrk,3,0.001204,5,SMALL
halide,naive,syrk,4,0.000809,5,SMALL
halide,naive,syrk,5,0.001034,5,SMALL
halide,naive,trisolv,0.000127,0.102,valid,5,SMALL
halide,naive,trisolv,1,0.000131,5,SMALL
halide,naive,trisolv,2,0.000135,5,SMALL
halide,naive,trisolv,3,0.000134,5,SMALL
halide,naive,trisolv,4,0.000136,5,SMALL
halide,naive,trisolv,5,0.000122,5,SMALL
halide,naive,trmm,,,illegal,5,SMALL
Generated C for 'gesummv' in /home/kleplj/naive/optimization/naive/PolybenchC-Exo/build/generated/gesummv
Built gesummv executable.
Generated C for 'symm' in /home/kleplj/naive/optimization/naive/PolybenchC-Exo/build/generated/symm
Built symm executable.
Generated C for 'syr2k' in /home/kleplj/naive/optimization/naive/PolybenchC-Exo/build/generated/syr2k
Built syr2k executable.
Generated C for 'syrk' in /home/kleplj/naive/optimization/naive/PolybenchC-Exo/build/generated/syrk
Built syrk executable.
Generated C for '2mm' in /home/kleplj/naive/optimization/naive/PolybenchC-Exo/build/generated/2mm
Built 2mm executable.
Generated C for '3mm' in /home/kleplj/naive/optimization/naive/PolybenchC-Exo/build/generated/3mm
Built 3mm executable.
Generated C for 'bicg' in /home/kleplj/naive/optimization/naive/PolybenchC-Exo/build/generated/bicg
Built bicg executable.
Generated C for 'cholesky' in /home/kleplj/naive/optimization/naive/PolybenchC-Exo/build/generated/cholesky
Built cholesky executable.
Generated C for 'gramschmidt' in /home/kleplj/naive/optimization/naive/PolybenchC-Exo/build/generated/gramschmidt
Generated C for 'lu' in /home/kleplj/naive/optimization/naive/PolybenchC-Exo/build/generated/lu
Built lu executable.
Generated C for 'ludcmp' in /home/kleplj/naive/optimization/naive/PolybenchC-Exo/build/generated/ludcmp
Built ludcmp executable.
Generated C for 'trisolv' in /home/kleplj/naive/optimization/naive/PolybenchC-Exo/build/generated/trisolv
Built trisolv executable.
Generated C for 'covariance' in /home/kleplj/naive/optimization/naive/PolybenchC-Exo/build/generated/covariance
Built covariance executable.
Generated C for 'adi' in /home/kleplj/naive/optimization/naive/PolybenchC-Exo/build/generated/adi
Built adi executable.
Generated C for 'fdtd-2d' in /home/kleplj/naive/optimization/naive/PolybenchC-Exo/build/generated/fdtd-2d
Built fdtd-2d executable.
Generated C for 'jacobi-1d' in /home/kleplj/naive/optimization/naive/PolybenchC-Exo/build/generated/jacobi-1d
Built jacobi-1d executable.
Generated C for 'floyd-warshall' in /home/kleplj/naive/optimization/naive/PolybenchC-Exo/build/generated/floyd-warshall
Built floyd-warshall executable.
Generated C for 'nussinov' in /home/kleplj/naive/optimization/naive/PolybenchC-Exo/build/generated/nussinov
Built nussinov executable.
Exo build complete. Generated sources in: /home/kleplj/naive/optimization/naive/PolybenchC-Exo/build
Removing temp dir /tmp/slurm.150863/tmp.4PNSRshP2h
exo,naive,2mm,0.000197,2.218,valid,1,SMALL
exo,naive,2mm,1,0.000204,1,SMALL
exo,naive,2mm,2,0.000197,1,SMALL
exo,naive,2mm,3,0.000193,1,SMALL
exo,naive,2mm,4,0.000199,1,SMALL
exo,naive,2mm,5,0.000189,1,SMALL
exo,naive,3mm,0.000403,1.998,valid,1,SMALL
exo,naive,3mm,1,0.000383,1,SMALL
exo,naive,3mm,2,0.000397,1,SMALL
exo,naive,3mm,3,0.000361,1,SMALL
exo,naive,3mm,4,0.000395,1,SMALL
exo,naive,3mm,5,0.000414,1,SMALL
exo,naive,adi,0.003864,0.719,valid,1,SMALL
exo,naive,adi,1,0.004215,1,SMALL
exo,naive,adi,2,0.004401,1,SMALL
exo,naive,adi,3,0.003948,1,SMALL
exo,naive,adi,4,0.004426,1,SMALL
exo,naive,adi,5,0.004120,1,SMALL
exo,naive,atax,,,illegal,1,SMALL
exo,naive,bicg,0.000055,0.982,valid,1,SMALL
exo,naive,bicg,1,0.000056,1,SMALL
exo,naive,bicg,2,0.000055,1,SMALL
exo,naive,bicg,3,0.000053,1,SMALL
exo,naive,bicg,4,0.000052,1,SMALL
exo,naive,bicg,5,0.000052,1,SMALL
exo,naive,cholesky,0.000928,0.432,valid,1,SMALL
exo,naive,cholesky,1,0.000929,1,SMALL
exo,naive,cholesky,2,0.000923,1,SMALL
exo,naive,cholesky,3,0.000926,1,SMALL
exo,naive,cholesky,4,0.000913,1,SMALL
exo,naive,cholesky,5,0.000924,1,SMALL
exo,naive,correlation,,,illegal,1,SMALL
exo,naive,covariance,0.000215,2.912,valid,1,SMALL
exo,naive,covariance,1,0.000213,1,SMALL
exo,naive,covariance,2,0.000232,1,SMALL
exo,naive,covariance,3,0.000208,1,SMALL
exo,naive,covariance,4,0.000210,1,SMALL
exo,naive,covariance,5,0.000206,1,SMALL
exo,naive,deriche,,,illegal,1,SMALL
exo,naive,doitgen,,,illegal,1,SMALL
exo,naive,durbin,,,illegal,1,SMALL
exo,naive,fdtd-2d,0.005471,0.061,valid,1,SMALL
exo,naive,fdtd-2d,1,0.005519,1,SMALL
exo,naive,fdtd-2d,2,0.005459,1,SMALL
exo,naive,fdtd-2d,3,0.005416,1,SMALL
exo,naive,fdtd-2d,4,0.005494,1,SMALL
exo,naive,fdtd-2d,5,0.005465,1,SMALL
exo,naive,floyd-warshall,0.005132,1.414,valid,1,SMALL
exo,naive,floyd-warshall,1,0.005077,1,SMALL
exo,naive,floyd-warshall,2,0.005099,1,SMALL
exo,naive,floyd-warshall,3,0.005133,1,SMALL
exo,naive,floyd-warshall,4,0.005115,1,SMALL
exo,naive,floyd-warshall,5,0.005067,1,SMALL
exo,naive,gemm,,,illegal,1,SMALL
exo,naive,gemver,,,illegal,1,SMALL
exo,naive,gesummv,0.000037,0.838,valid,1,SMALL
exo,naive,gesummv,1,0.000040,1,SMALL
exo,naive,gesummv,2,0.000039,1,SMALL
exo,naive,gesummv,3,0.000042,1,SMALL
exo,naive,gesummv,4,0.000040,1,SMALL
exo,naive,gesummv,5,0.000039,1,SMALL
exo,naive,gramschmidt,,,illegal,1,SMALL
exo,naive,heat-3d,,,illegal,1,SMALL
exo,naive,jacobi-1d,0.002032,0.003,valid,1,SMALL
exo,naive,jacobi-1d,1,0.002065,1,SMALL
exo,naive,jacobi-1d,2,0.002070,1,SMALL
exo,naive,jacobi-1d,3,0.002058,1,SMALL
exo,naive,jacobi-1d,4,0.002086,1,SMALL
exo,naive,jacobi-1d,5,0.002044,1,SMALL
exo,naive,jacobi-2d,,,illegal,1,SMALL
exo,naive,lu,0.000665,1.176,valid,1,SMALL
exo,naive,lu,1,0.000663,1,SMALL
exo,naive,lu,2,0.000664,1,SMALL
exo,naive,lu,3,0.000689,1,SMALL
exo,naive,lu,4,0.000664,1,SMALL
exo,naive,lu,5,0.000679,1,SMALL
exo,naive,ludcmp,0.000606,1.203,valid,1,SMALL
exo,naive,ludcmp,1,0.000612,1,SMALL
exo,naive,ludcmp,2,0.000610,1,SMALL
exo,naive,ludcmp,3,0.000613,1,SMALL
exo,naive,ludcmp,4,0.000609,1,SMALL
exo,naive,ludcmp,5,0.000607,1,SMALL
exo,naive,mvt,,,illegal,1,SMALL
exo,naive,nussinov,0.002890,0.994,valid,1,SMALL
exo,naive,nussinov,1,0.002892,1,SMALL
exo,naive,nussinov,2,0.002895,1,SMALL
exo,naive,nussinov,3,0.002885,1,SMALL
exo,naive,nussinov,4,0.002889,1,SMALL
exo,naive,nussinov,5,0.002869,1,SMALL
exo,naive,seidel-2d,,,illegal,1,SMALL
exo,naive,symm,0.000273,0.993,valid,1,SMALL
exo,naive,symm,1,0.000285,1,SMALL
exo,naive,symm,2,0.000273,1,SMALL
exo,naive,symm,3,0.000279,1,SMALL
exo,naive,symm,4,0.000274,1,SMALL
exo,naive,symm,5,0.000273,1,SMALL
exo,naive,syr2k,0.000614,0.389,valid,1,SMALL
exo,naive,syr2k,1,0.000606,1,SMALL
exo,naive,syr2k,2,0.000606,1,SMALL
exo,naive,syr2k,3,0.000607,1,SMALL
exo,naive,syr2k,4,0.000594,1,SMALL
exo,naive,syr2k,5,0.000514,1,SMALL
exo,naive,syrk,0.000082,1.500,valid,1,SMALL
exo,naive,syrk,1,0.000082,1,SMALL
exo,naive,syrk,2,0.000081,1,SMALL
exo,naive,syrk,3,0.000084,1,SMALL
exo,naive,syrk,4,0.000081,1,SMALL
exo,naive,syrk,5,0.000081,1,SMALL
exo,naive,trisolv,0.000017,0.706,valid,1,SMALL
exo,naive,trisolv,1,0.000016,1,SMALL
exo,naive,trisolv,2,0.000015,1,SMALL
exo,naive,trisolv,3,0.000015,1,SMALL
exo,naive,trisolv,4,0.000015,1,SMALL
exo,naive,trisolv,5,0.000015,1,SMALL
exo,naive,trmm,,,illegal,1,SMALL
Generated C for 'gemm' in /home/kleplj/naive/optimization/naive/PolybenchC-Exo/build/generated/gemm
Built gemm executable.
Generated C for 'gemver' in /home/kleplj/naive/optimization/naive/PolybenchC-Exo/build/generated/gemver
Generated C for 'gesummv' in /home/kleplj/naive/optimization/naive/PolybenchC-Exo/build/generated/gesummv
Built gesummv executable.
Generated C for 'symm' in /home/kleplj/naive/optimization/naive/PolybenchC-Exo/build/generated/symm
Built symm executable.
Generated C for 'syr2k' in /home/kleplj/naive/optimization/naive/PolybenchC-Exo/build/generated/syr2k
Built syr2k executable.
Generated C for 'syrk' in /home/kleplj/naive/optimization/naive/PolybenchC-Exo/build/generated/syrk
Built syrk executable.
Generated C for 'trmm' in /home/kleplj/naive/optimization/naive/PolybenchC-Exo/build/generated/trmm
Built trmm executable.
Generated C for '2mm' in /home/kleplj/naive/optimization/naive/PolybenchC-Exo/build/generated/2mm
Built 2mm executable.
Generated C for '3mm' in /home/kleplj/naive/optimization/naive/PolybenchC-Exo/build/generated/3mm
Built 3mm executable.
Generated C for 'bicg' in /home/kleplj/naive/optimization/naive/PolybenchC-Exo/build/generated/bicg
Built bicg executable.
Generated C for 'doitgen' in /home/kleplj/naive/optimization/naive/PolybenchC-Exo/build/generated/doitgen
Built doitgen executable.
Generated C for 'mvt' in /home/kleplj/naive/optimization/naive/PolybenchC-Exo/build/generated/mvt
Built mvt executable.
Generated C for 'cholesky' in /home/kleplj/naive/optimization/naive/PolybenchC-Exo/build/generated/cholesky
Built cholesky executable.
Generated C for 'lu' in /home/kleplj/naive/optimization/naive/PolybenchC-Exo/build/generated/lu
Built lu executable.
Generated C for 'ludcmp' in /home/kleplj/naive/optimization/naive/PolybenchC-Exo/build/generated/ludcmp
Built ludcmp executable.
Generated C for 'trisolv' in /home/kleplj/naive/optimization/naive/PolybenchC-Exo/build/generated/trisolv
Generated C for 'correlation' in /home/kleplj/naive/optimization/naive/PolybenchC-Exo/build/generated/correlation
Built correlation executable.
Generated C for 'covariance' in /home/kleplj/naive/optimization/naive/PolybenchC-Exo/build/generated/covariance
Built covariance executable.
Generated C for 'adi' in /home/kleplj/naive/optimization/naive/PolybenchC-Exo/build/generated/adi
Built adi executable.
Generated C for 'fdtd-2d' in /home/kleplj/naive/optimization/naive/PolybenchC-Exo/build/generated/fdtd-2d
Built fdtd-2d executable.
Generated C for 'heat-3d' in /home/kleplj/naive/optimization/naive/PolybenchC-Exo/build/generated/heat-3d
Built heat-3d executable.
Generated C for 'jacobi-1d' in /home/kleplj/naive/optimization/naive/PolybenchC-Exo/build/generated/jacobi-1d
Built jacobi-1d executable.
Generated C for 'nussinov' in /home/kleplj/naive/optimization/naive/PolybenchC-Exo/build/generated/nussinov
Built nussinov executable.
Exo build complete. Generated sources in: /home/kleplj/naive/optimization/naive/PolybenchC-Exo/build
Removing temp dir /tmp/slurm.150863/tmp.0e6uutTAyI
exo,naive,2mm,0.000238,1.849,valid,2,SMALL
exo,naive,2mm,1,0.000245,2,SMALL
exo,naive,2mm,2,0.000221,2,SMALL
exo,naive,2mm,3,0.000237,2,SMALL
exo,naive,2mm,4,0.000241,2,SMALL
exo,naive,2mm,5,0.000245,2,SMALL
exo,naive,3mm,0.001045,0.747,valid,2,SMALL
exo,naive,3mm,1,0.000990,2,SMALL
exo,naive,3mm,2,0.000990,2,SMALL
exo,naive,3mm,3,0.001042,2,SMALL
exo,naive,3mm,4,0.001050,2,SMALL
exo,naive,3mm,5,0.001048,2,SMALL
exo,naive,adi,0.004141,0.671,valid,2,SMALL
exo,naive,adi,1,0.003882,2,SMALL
exo,naive,adi,2,0.003975,2,SMALL
exo,naive,adi,3,0.003880,2,SMALL
exo,naive,adi,4,0.004237,2,SMALL
exo,naive,adi,5,0.004313,2,SMALL
exo,naive,atax,,,illegal,2,SMALL
exo,naive,bicg,0.000056,1.000,valid,2,SMALL
exo,naive,bicg,1,0.000056,2,SMALL
exo,naive,bicg,2,0.000056,2,SMALL
exo,naive,bicg,3,0.000055,2,SMALL
exo,naive,bicg,4,0.000052,2,SMALL
exo,naive,bicg,5,0.000052,2,SMALL
exo,naive,cholesky,0.003190,,invalid,2,SMALL
exo,naive,correlation,0.000226,2.779,valid,2,SMALL
exo,naive,correlation,1,0.000226,2,SMALL
exo,naive,correlation,2,0.000230,2,SMALL
exo,naive,correlation,3,0.000236,2,SMALL
exo,naive,correlation,4,0.000224,2,SMALL
exo,naive,correlation,5,0.000220,2,SMALL
exo,naive,covariance,0.001395,0.452,valid,2,SMALL
exo,naive,covariance,1,0.001406,2,SMALL
exo,naive,covariance,2,0.001405,2,SMALL
exo,naive,covariance,3,0.001403,2,SMALL
exo,naive,covariance,4,0.001401,2,SMALL
exo,naive,covariance,5,0.001390,2,SMALL
exo,naive,deriche,,,illegal,2,SMALL
exo,naive,doitgen,0.000241,2.145,valid,2,SMALL
exo,naive,doitgen,1,0.000239,2,SMALL
exo,naive,doitgen,2,0.000243,2,SMALL
exo,naive,doitgen,3,0.000238,2,SMALL
exo,naive,doitgen,4,0.000240,2,SMALL
exo,naive,doitgen,5,0.000240,2,SMALL
exo,naive,durbin,,,illegal,2,SMALL
exo,naive,fdtd-2d,0.004251,0.079,valid,2,SMALL
exo,naive,fdtd-2d,1,0.004273,2,SMALL
exo,naive,fdtd-2d,2,0.004361,2,SMALL
exo,naive,fdtd-2d,3,0.005068,2,SMALL
exo,naive,fdtd-2d,4,0.004245,2,SMALL
exo,naive,fdtd-2d,5,0.004254,2,SMALL
exo,naive,floyd-warshall,,,illegal,2,SMALL
exo,naive,gemm,0.000162,0.648,valid,2,SMALL
exo,naive,gemm,1,0.000163,2,SMALL
exo,naive,gemm,2,0.000154,2,SMALL
exo,naive,gemm,3,0.000156,2,SMALL
exo,naive,gemm,4,0.000157,2,SMALL
exo,naive,gemm,5,0.000148,2,SMALL
exo,naive,gemver,,,illegal,2,SMALL
exo,naive,gesummv,0.000050,0.620,valid,2,SMALL
exo,naive,gesummv,1,0.000048,2,SMALL
exo,naive,gesummv,2,0.000051,2,SMALL
exo,naive,gesummv,3,0.000051,2,SMALL
exo,naive,gesummv,4,0.000051,2,SMALL
exo,naive,gesummv,5,0.000053,2,SMALL
exo,naive,gramschmidt,,,illegal,2,SMALL
exo,naive,heat-3d,0.002786,0.182,valid,2,SMALL
exo,naive,heat-3d,1,0.002910,2,SMALL
exo,naive,heat-3d,2,0.002814,2,SMALL
exo,naive,heat-3d,3,0.002861,2,SMALL
exo,naive,heat-3d,4,0.002828,2,SMALL
exo,naive,heat-3d,5,0.002783,2,SMALL
exo,naive,jacobi-1d,0.002027,0.003,valid,2,SMALL
exo,naive,jacobi-1d,1,0.002021,2,SMALL
exo,naive,jacobi-1d,2,0.002032,2,SMALL
exo,naive,jacobi-1d,3,0.002026,2,SMALL
exo,naive,jacobi-1d,4,0.002034,2,SMALL
exo,naive,jacobi-1d,5,0.002095,2,SMALL
exo,naive,jacobi-2d,,,illegal,2,SMALL
exo,naive,lu,0.000618,1.316,valid,2,SMALL
exo,naive,lu,1,0.000633,2,SMALL
exo,naive,lu,2,0.000633,2,SMALL
exo,naive,lu,3,0.000618,2,SMALL
exo,naive,lu,4,0.000629,2,SMALL
exo,naive,lu,5,0.000618,2,SMALL
exo,naive,ludcmp,0.000766,0.957,valid,2,SMALL
exo,naive,ludcmp,1,0.000769,2,SMALL
exo,naive,ludcmp,2,0.000769,2,SMALL
exo,naive,ludcmp,3,0.000765,2,SMALL
exo,naive,ludcmp,4,0.000766,2,SMALL
exo,naive,ludcmp,5,0.000761,2,SMALL
exo,naive,mvt,0.000073,0.589,valid,2,SMALL
exo,naive,mvt,1,0.000069,2,SMALL
exo,naive,mvt,2,0.000069,2,SMALL
exo,naive,mvt,3,0.000094,2,SMALL
exo,naive,mvt,4,0.000071,2,SMALL
exo,naive,mvt,5,0.000072,2,SMALL
exo,naive,nussinov,0.002889,0.993,valid,2,SMALL
exo,naive,nussinov,1,0.002891,2,SMALL
exo,naive,nussinov,2,0.002892,2,SMALL
exo,naive,nussinov,3,0.002889,2,SMALL
exo,naive,nussinov,4,0.002886,2,SMALL
exo,naive,nussinov,5,0.002879,2,SMALL
exo,naive,seidel-2d,,,illegal,2,SMALL
exo,naive,symm,0.000305,0.892,valid,2,SMALL
exo,naive,symm,1,0.000323,2,SMALL
exo,naive,symm,2,0.000302,2,SMALL
exo,naive,symm,3,0.000307,2,SMALL
exo,naive,symm,4,0.000306,2,SMALL
exo,naive,symm,5,0.000319,2,SMALL
exo,naive,syr2k,0.000047,5.426,valid,2,SMALL
exo,naive,syr2k,1,0.000046,2,SMALL
exo,naive,syr2k,2,0.000045,2,SMALL
exo,naive,syr2k,3,0.000054,2,SMALL
exo,naive,syr2k,4,0.000046,2,SMALL
exo,naive,syr2k,5,0.000045,2,SMALL
exo,naive,syrk,0.000040,2.950,valid,2,SMALL
exo,naive,syrk,1,0.000045,2,SMALL
exo,naive,syrk,2,0.000039,2,SMALL
exo,naive,syrk,3,0.000040,2,SMALL
exo,naive,syrk,4,0.000036,2,SMALL
exo,naive,syrk,5,0.000041,2,SMALL
exo,naive,trisolv,,,illegal,2,SMALL
exo,naive,trmm,0.000058,3.017,valid,2,SMALL
exo,naive,trmm,1,0.000057,2,SMALL
exo,naive,trmm,2,0.000056,2,SMALL
exo,naive,trmm,3,0.000057,2,SMALL
exo,naive,trmm,4,0.000056,2,SMALL
exo,naive,trmm,5,0.000059,2,SMALL
Generated C for 'gemm' in /home/kleplj/naive/optimization/naive/PolybenchC-Exo/build/generated/gemm
Built gemm executable.
Generated C for 'gesummv' in /home/kleplj/naive/optimization/naive/PolybenchC-Exo/build/generated/gesummv
Built gesummv executable.
Generated C for 'syr2k' in /home/kleplj/naive/optimization/naive/PolybenchC-Exo/build/generated/syr2k
Built syr2k executable.
Generated C for 'trmm' in /home/kleplj/naive/optimization/naive/PolybenchC-Exo/build/generated/trmm
Built trmm executable.
Generated C for '3mm' in /home/kleplj/naive/optimization/naive/PolybenchC-Exo/build/generated/3mm
Built 3mm executable.
Generated C for 'bicg' in /home/kleplj/naive/optimization/naive/PolybenchC-Exo/build/generated/bicg
Built bicg executable.
Generated C for 'doitgen' in /home/kleplj/naive/optimization/naive/PolybenchC-Exo/build/generated/doitgen
Built doitgen executable.
Generated C for 'mvt' in /home/kleplj/naive/optimization/naive/PolybenchC-Exo/build/generated/mvt
Built mvt executable.
Generated C for 'cholesky' in /home/kleplj/naive/optimization/naive/PolybenchC-Exo/build/generated/cholesky
Built cholesky executable.
Generated C for 'durbin' in /home/kleplj/naive/optimization/naive/PolybenchC-Exo/build/generated/durbin
Built durbin executable.
Generated C for 'gramschmidt' in /home/kleplj/naive/optimization/naive/PolybenchC-Exo/build/generated/gramschmidt
Built gramschmidt executable.
Generated C for 'lu' in /home/kleplj/naive/optimization/naive/PolybenchC-Exo/build/generated/lu
Built lu executable.
Generated C for 'ludcmp' in /home/kleplj/naive/optimization/naive/PolybenchC-Exo/build/generated/ludcmp
Built ludcmp executable.
Generated C for 'trisolv' in /home/kleplj/naive/optimization/naive/PolybenchC-Exo/build/generated/trisolv
Built trisolv executable.
Generated C for 'correlation' in /home/kleplj/naive/optimization/naive/PolybenchC-Exo/build/generated/correlation
Built correlation executable.
Generated C for 'covariance' in /home/kleplj/naive/optimization/naive/PolybenchC-Exo/build/generated/covariance
Built covariance executable.
Generated C for 'fdtd-2d' in /home/kleplj/naive/optimization/naive/PolybenchC-Exo/build/generated/fdtd-2d
Built fdtd-2d executable.
Generated C for 'heat-3d' in /home/kleplj/naive/optimization/naive/PolybenchC-Exo/build/generated/heat-3d
Built heat-3d executable.
Generated C for 'jacobi-2d' in /home/kleplj/naive/optimization/naive/PolybenchC-Exo/build/generated/jacobi-2d
Built jacobi-2d executable.
Generated C for 'seidel-2d' in /home/kleplj/naive/optimization/naive/PolybenchC-Exo/build/generated/seidel-2d
Built seidel-2d executable.
Generated C for 'floyd-warshall' in /home/kleplj/naive/optimization/naive/PolybenchC-Exo/build/generated/floyd-warshall
Built floyd-warshall executable.
Generated C for 'nussinov' in /home/kleplj/naive/optimization/naive/PolybenchC-Exo/build/generated/nussinov
Exo build complete. Generated sources in: /home/kleplj/naive/optimization/naive/PolybenchC-Exo/build
Removing temp dir /tmp/slurm.150863/tmp.eorMOGsn0P
exo,naive,2mm,,,illegal,3,SMALL
exo,naive,3mm,0.000360,2.222,valid,3,SMALL
exo,naive,3mm,1,0.000337,3,SMALL
exo,naive,3mm,2,0.000338,3,SMALL
exo,naive,3mm,3,0.000354,3,SMALL
exo,naive,3mm,4,0.000348,3,SMALL
exo,naive,3mm,5,0.000374,3,SMALL
exo,naive,adi,,,illegal,3,SMALL
exo,naive,atax,,,illegal,3,SMALL
exo,naive,bicg,0.000029,1.897,valid,3,SMALL
exo,naive,bicg,1,0.000027,3,SMALL
exo,naive,bicg,2,0.000025,3,SMALL
exo,naive,bicg,3,0.000026,3,SMALL
exo,naive,bicg,4,0.000036,3,SMALL
exo,naive,bicg,5,0.000048,3,SMALL
exo,naive,cholesky,0.000360,1.083,valid,3,SMALL
exo,naive,cholesky,1,0.000357,3,SMALL
exo,naive,cholesky,2,0.000346,3,SMALL
exo,naive,cholesky,3,0.000345,3,SMALL
exo,naive,cholesky,4,0.000355,3,SMALL
exo,naive,cholesky,5,0.000360,3,SMALL
exo,naive,correlation,0.000492,1.272,valid,3,SMALL
exo,naive,correlation,1,0.000486,3,SMALL
exo,naive,correlation,2,0.000466,3,SMALL
exo,naive,correlation,3,0.000188,3,SMALL
exo,naive,correlation,4,0.000540,3,SMALL
exo,naive,correlation,5,0.000200,3,SMALL
exo,naive,covariance,0.000203,2.645,valid,3,SMALL
exo,naive,covariance,1,0.000216,3,SMALL
exo,naive,covariance,2,0.000194,3,SMALL
exo,naive,covariance,3,0.000171,3,SMALL
exo,naive,covariance,4,0.000173,3,SMALL
exo,naive,covariance,5,0.000213,3,SMALL
exo,naive,deriche,,,illegal,3,SMALL
exo,naive,doitgen,0.000462,1.416,valid,3,SMALL
exo,naive,doitgen,1,0.000460,3,SMALL
exo,naive,doitgen,2,0.000461,3,SMALL
exo,naive,doitgen,3,0.000459,3,SMALL
exo,naive,doitgen,4,0.000460,3,SMALL
exo,naive,doitgen,5,0.000462,3,SMALL
exo,naive,durbin,0.000024,0.792,valid,3,SMALL
exo,naive,durbin,1,0.000022,3,SMALL
exo,naive,durbin,2,0.000023,3,SMALL
exo,naive,durbin,3,0.000022,3,SMALL
exo,naive,durbin,4,0.000023,3,SMALL
exo,naive,durbin,5,0.000023,3,SMALL
exo,naive,fdtd-2d,0.000545,0.591,valid,3,SMALL
exo,naive,fdtd-2d,1,0.000543,3,SMALL
exo,naive,fdtd-2d,2,0.000532,3,SMALL
exo,naive,fdtd-2d,3,0.000551,3,SMALL
exo,naive,fdtd-2d,4,0.000541,3,SMALL
exo,naive,fdtd-2d,5,0.000532,3,SMALL
exo,naive,floyd-warshall,0.006612,1.101,valid,3,SMALL
exo,naive,floyd-warshall,1,0.006290,3,SMALL
exo,naive,floyd-warshall,2,0.006313,3,SMALL
exo,naive,floyd-warshall,3,0.006305,3,SMALL
exo,naive,floyd-warshall,4,0.006363,3,SMALL
exo,naive,floyd-warshall,5,0.006327,3,SMALL
exo,naive,gemm,0.000809,0.130,valid,3,SMALL
exo,naive,gemm,1,0.000800,3,SMALL
exo,naive,gemm,2,0.000798,3,SMALL
exo,naive,gemm,3,0.000682,3,SMALL
exo,naive,gemm,4,0.000794,3,SMALL
exo,naive,gemm,5,0.000809,3,SMALL
exo,naive,gemver,,,illegal,3,SMALL
exo,naive,gesummv,0.000149,0.208,valid,3,SMALL
exo,naive,gesummv,1,0.000136,3,SMALL
exo,naive,gesummv,2,0.000133,3,SMALL
exo,naive,gesummv,3,0.000143,3,SMALL
exo,naive,gesummv,4,0.000145,3,SMALL
exo,naive,gesummv,5,0.000145,3,SMALL
exo,naive,gramschmidt,0.000227,,invalid,3,SMALL
exo,naive,heat-3d,0.002705,0.191,valid,3,SMALL
exo,naive,heat-3d,1,0.002762,3,SMALL
exo,naive,heat-3d,2,0.002708,3,SMALL
exo,naive,heat-3d,3,0.002703,3,SMALL
exo,naive,heat-3d,4,0.002680,3,SMALL
exo,naive,heat-3d,5,0.002696,3,SMALL
exo,naive,jacobi-1d,,,illegal,3,SMALL
exo,naive,jacobi-2d,0.003043,0.174,valid,3,SMALL
exo,naive,jacobi-2d,1,0.002945,3,SMALL
exo,naive,jacobi-2d,2,0.002924,3,SMALL
exo,naive,jacobi-2d,3,0.002979,3,SMALL
exo,naive,jacobi-2d,4,0.003017,3,SMALL
exo,naive,jacobi-2d,5,0.003090,3,SMALL
exo,naive,lu,0.000688,1.112,valid,3,SMALL
exo,naive,lu,1,0.000685,3,SMALL
exo,naive,lu,2,0.000685,3,SMALL
exo,naive,lu,3,0.000671,3,SMALL
exo,naive,lu,4,0.000684,3,SMALL
exo,naive,lu,5,0.000684,3,SMALL
exo,naive,ludcmp,0.000760,0.950,valid,3,SMALL
exo,naive,ludcmp,1,0.000762,3,SMALL
exo,naive,ludcmp,2,0.000760,3,SMALL
exo,naive,ludcmp,3,0.000758,3,SMALL
exo,naive,ludcmp,4,0.000754,3,SMALL
exo,naive,ludcmp,5,0.000767,3,SMALL
exo,naive,mvt,0.000027,1.593,valid,3,SMALL
exo,naive,mvt,1,0.000031,3,SMALL
exo,naive,mvt,2,0.000027,3,SMALL
exo,naive,mvt,3,0.000025,3,SMALL
exo,naive,mvt,4,0.000027,3,SMALL
exo,naive,mvt,5,0.000026,3,SMALL
exo,naive,nussinov,,,illegal,3,SMALL
exo,naive,seidel-2d,0.008960,0.821,valid,3,SMALL
exo,naive,seidel-2d,1,0.008906,3,SMALL
exo,naive,seidel-2d,2,0.008906,3,SMALL
exo,naive,seidel-2d,3,0.008914,3,SMALL
exo,naive,seidel-2d,4,0.008941,3,SMALL
exo,naive,seidel-2d,5,0.009030,3,SMALL
exo,naive,symm,,,illegal,3,SMALL
exo,naive,syr2k,0.000075,3.613,valid,3,SMALL
exo,naive,syr2k,1,0.000076,3,SMALL
exo,naive,syr2k,2,0.000075,3,SMALL
exo,naive,syr2k,3,0.000079,3,SMALL
exo,naive,syr2k,4,0.000069,3,SMALL
exo,naive,syr2k,5,0.000078,3,SMALL
exo,naive,syrk,,,illegal,3,SMALL
exo,naive,trisolv,0.000015,0.867,valid,3,SMALL
exo,naive,trisolv,1,0.000016,3,SMALL
exo,naive,trisolv,2,0.000013,3,SMALL
exo,naive,trisolv,3,0.000015,3,SMALL
exo,naive,trisolv,4,0.000013,3,SMALL
exo,naive,trisolv,5,0.000015,3,SMALL
exo,naive,trmm,0.000140,1.264,valid,3,SMALL
exo,naive,trmm,1,0.000141,3,SMALL
exo,naive,trmm,2,0.000140,3,SMALL
exo,naive,trmm,3,0.000140,3,SMALL
exo,naive,trmm,4,0.000141,3,SMALL
exo,naive,trmm,5,0.000140,3,SMALL
Generated C for 'gemm' in /home/kleplj/naive/optimization/naive/PolybenchC-Exo/build/generated/gemm
Built gemm executable.
Generated C for 'gesummv' in /home/kleplj/naive/optimization/naive/PolybenchC-Exo/build/generated/gesummv
Built gesummv executable.
Generated C for 'symm' in /home/kleplj/naive/optimization/naive/PolybenchC-Exo/build/generated/symm
Built symm executable.
Generated C for 'syr2k' in /home/kleplj/naive/optimization/naive/PolybenchC-Exo/build/generated/syr2k
Built syr2k executable.
Generated C for 'syrk' in /home/kleplj/naive/optimization/naive/PolybenchC-Exo/build/generated/syrk
Built syrk executable.
Generated C for 'trmm' in /home/kleplj/naive/optimization/naive/PolybenchC-Exo/build/generated/trmm
Built trmm executable.
Generated C for '3mm' in /home/kleplj/naive/optimization/naive/PolybenchC-Exo/build/generated/3mm
Built 3mm executable.
Generated C for 'atax' in /home/kleplj/naive/optimization/naive/PolybenchC-Exo/build/generated/atax
Built atax executable.
Generated C for 'bicg' in /home/kleplj/naive/optimization/naive/PolybenchC-Exo/build/generated/bicg
Built bicg executable.
Generated C for 'doitgen' in /home/kleplj/naive/optimization/naive/PolybenchC-Exo/build/generated/doitgen
Built doitgen executable.
Generated C for 'mvt' in /home/kleplj/naive/optimization/naive/PolybenchC-Exo/build/generated/mvt
Built mvt executable.
Generated C for 'cholesky' in /home/kleplj/naive/optimization/naive/PolybenchC-Exo/build/generated/cholesky
Built cholesky executable.
Generated C for 'durbin' in /home/kleplj/naive/optimization/naive/PolybenchC-Exo/build/generated/durbin
Built durbin executable.
Generated C for 'gramschmidt' in /home/kleplj/naive/optimization/naive/PolybenchC-Exo/build/generated/gramschmidt
Built gramschmidt executable.
Generated C for 'lu' in /home/kleplj/naive/optimization/naive/PolybenchC-Exo/build/generated/lu
Built lu executable.
Generated C for 'trisolv' in /home/kleplj/naive/optimization/naive/PolybenchC-Exo/build/generated/trisolv
Built trisolv executable.
Generated C for 'adi' in /home/kleplj/naive/optimization/naive/PolybenchC-Exo/build/generated/adi
Built adi executable.
Generated C for 'heat-3d' in /home/kleplj/naive/optimization/naive/PolybenchC-Exo/build/generated/heat-3d
Built heat-3d executable.
Generated C for 'seidel-2d' in /home/kleplj/naive/optimization/naive/PolybenchC-Exo/build/generated/seidel-2d
Built seidel-2d executable.
Exo build complete. Generated sources in: /home/kleplj/naive/optimization/naive/PolybenchC-Exo/build
Removing temp dir /tmp/slurm.150863/tmp.OrRmsNM5gw
exo,naive,2mm,,,illegal,4,SMALL
exo,naive,3mm,0.000290,2.797,valid,4,SMALL
exo,naive,3mm,1,0.000274,4,SMALL
exo,naive,3mm,2,0.000273,4,SMALL
exo,naive,3mm,3,0.000272,4,SMALL
exo,naive,3mm,4,0.000282,4,SMALL
exo,naive,3mm,5,0.000267,4,SMALL
exo,naive,adi,0.004267,0.649,valid,4,SMALL
exo,naive,adi,1,0.004250,4,SMALL
exo,naive,adi,2,0.004389,4,SMALL
exo,naive,adi,3,0.003918,4,SMALL
exo,naive,adi,4,0.003879,4,SMALL
exo,naive,adi,5,0.004357,4,SMALL
exo,naive,atax,0.000069,0.565,valid,4,SMALL
exo,naive,atax,1,0.000068,4,SMALL
exo,naive,atax,2,0.000071,4,SMALL
exo,naive,atax,3,0.000066,4,SMALL
exo,naive,atax,4,0.000067,4,SMALL
exo,naive,atax,5,0.000066,4,SMALL
exo,naive,bicg,0.000052,1.038,valid,4,SMALL
exo,naive,bicg,1,0.000068,4,SMALL
exo,naive,bicg,2,0.000066,4,SMALL
exo,naive,bicg,3,0.000052,4,SMALL
exo,naive,bicg,4,0.000065,4,SMALL
exo,naive,bicg,5,0.000052,4,SMALL
exo,naive,cholesky,0.000347,1.121,valid,4,SMALL
exo,naive,cholesky,1,0.000360,4,SMALL
exo,naive,cholesky,2,0.000355,4,SMALL
exo,naive,cholesky,3,0.000347,4,SMALL
exo,naive,cholesky,4,0.000346,4,SMALL
exo,naive,cholesky,5,0.000346,4,SMALL
exo,naive,correlation,,,illegal,4,SMALL
exo,naive,covariance,,,illegal,4,SMALL
exo,naive,deriche,,,illegal,4,SMALL
exo,naive,doitgen,0.000718,0.879,valid,4,SMALL
exo,naive,doitgen,1,0.000710,4,SMALL
exo,naive,doitgen,2,0.000708,4,SMALL
exo,naive,doitgen,3,0.000718,4,SMALL
exo,naive,doitgen,4,0.000558,4,SMALL
exo,naive,doitgen,5,0.000721,4,SMALL
exo,naive,durbin,0.000016,1.188,valid,4,SMALL
exo,naive,durbin,1,0.000016,4,SMALL
exo,naive,durbin,2,0.000015,4,SMALL
exo,naive,durbin,3,0.000016,4,SMALL
exo,naive,durbin,4,0.000016,4,SMALL
exo,naive,durbin,5,0.000016,4,SMALL
exo,naive,fdtd-2d,,,illegal,4,SMALL
exo,naive,floyd-warshall,,,illegal,4,SMALL
exo,naive,gemm,0.000397,0.295,valid,4,SMALL
exo,naive,gemm,1,0.000385,4,SMALL
exo,naive,gemm,2,0.000382,4,SMALL
exo,naive,gemm,3,0.000398,4,SMALL
exo,naive,gemm,4,0.000336,4,SMALL
exo,naive,gemm,5,0.000392,4,SMALL
exo,naive,gemver,,,illegal,4,SMALL
exo,naive,gesummv,0.000170,0.182,valid,4,SMALL
exo,naive,gesummv,1,0.000146,4,SMALL
exo,naive,gesummv,2,0.000136,4,SMALL
exo,naive,gesummv,3,0.000141,4,SMALL
exo,naive,gesummv,4,0.000153,4,SMALL
exo,naive,gesummv,5,0.000144,4,SMALL
exo,naive,gramschmidt,0.000475,,invalid,4,SMALL
exo,naive,heat-3d,0.002674,0.194,valid,4,SMALL
exo,naive,heat-3d,1,0.002719,4,SMALL
exo,naive,heat-3d,2,0.002675,4,SMALL
exo,naive,heat-3d,3,0.002752,4,SMALL
exo,naive,heat-3d,4,0.002734,4,SMALL
exo,naive,heat-3d,5,0.002693,4,SMALL
exo,naive,jacobi-1d,,,illegal,4,SMALL
exo,naive,jacobi-2d,,,illegal,4,SMALL
exo,naive,lu,0.004129,0.188,valid,4,SMALL
exo,naive,lu,1,0.004197,4,SMALL
exo,naive,lu,2,0.004278,4,SMALL
exo,naive,lu,3,0.004332,4,SMALL
exo,naive,lu,4,0.004299,4,SMALL
exo,naive,lu,5,0.004273,4,SMALL
exo,naive,ludcmp,,,illegal,4,SMALL
exo,naive,mvt,0.000052,0.827,valid,4,SMALL
exo,naive,mvt,1,0.000066,4,SMALL
exo,naive,mvt,2,0.000053,4,SMALL
exo,naive,mvt,3,0.000065,4,SMALL
exo,naive,mvt,4,0.000055,4,SMALL
exo,naive,mvt,5,0.000055,4,SMALL
exo,naive,nussinov,,,illegal,4,SMALL
exo,naive,seidel-2d,0.006094,,invalid,4,SMALL
exo,naive,symm,0.001793,0.152,valid,4,SMALL
exo,naive,symm,1,0.001822,4,SMALL
exo,naive,symm,2,0.001790,4,SMALL
exo,naive,symm,3,0.001769,4,SMALL
exo,naive,symm,4,0.001786,4,SMALL
exo,naive,symm,5,0.001732,4,SMALL
exo,naive,syr2k,0.000366,0.697,valid,4,SMALL
exo,naive,syr2k,1,0.000354,4,SMALL
exo,naive,syr2k,2,0.000352,4,SMALL
exo,naive,syr2k,3,0.000352,4,SMALL
exo,naive,syr2k,4,0.000362,4,SMALL
exo,naive,syr2k,5,0.000354,4,SMALL
exo,naive,syrk,0.000055,2.036,valid,4,SMALL
exo,naive,syrk,1,0.000056,4,SMALL
exo,naive,syrk,2,0.000051,4,SMALL
exo,naive,syrk,3,0.000055,4,SMALL
exo,naive,syrk,4,0.000056,4,SMALL
exo,naive,syrk,5,0.000053,4,SMALL
exo,naive,trisolv,0.000014,0.857,valid,4,SMALL
exo,naive,trisolv,1,0.000015,4,SMALL
exo,naive,trisolv,2,0.000014,4,SMALL
exo,naive,trisolv,3,0.000013,4,SMALL
exo,naive,trisolv,4,0.000013,4,SMALL
exo,naive,trisolv,5,0.000013,4,SMALL
exo,naive,trmm,0.042645,0.004,valid,4,SMALL
exo,naive,trmm,1,0.042201,4,SMALL
exo,naive,trmm,2,0.042345,4,SMALL
exo,naive,trmm,3,0.041850,4,SMALL
exo,naive,trmm,4,0.042604,4,SMALL
exo,naive,trmm,5,0.043179,4,SMALL
Generated C for 'gemver' in /home/kleplj/naive/optimization/naive/PolybenchC-Exo/build/generated/gemver
Built gemver executable.
Generated C for 'gesummv' in /home/kleplj/naive/optimization/naive/PolybenchC-Exo/build/generated/gesummv
Built gesummv executable.
Generated C for 'symm' in /home/kleplj/naive/optimization/naive/PolybenchC-Exo/build/generated/symm
Built symm executable.
Generated C for 'syr2k' in /home/kleplj/naive/optimization/naive/PolybenchC-Exo/build/generated/syr2k
Built syr2k executable.
Generated C for 'syrk' in /home/kleplj/naive/optimization/naive/PolybenchC-Exo/build/generated/syrk
Built syrk executable.
Generated C for 'trmm' in /home/kleplj/naive/optimization/naive/PolybenchC-Exo/build/generated/trmm
Built trmm executable.
Generated C for '2mm' in /home/kleplj/naive/optimization/naive/PolybenchC-Exo/build/generated/2mm
Built 2mm executable.
Generated C for '3mm' in /home/kleplj/naive/optimization/naive/PolybenchC-Exo/build/generated/3mm
Built 3mm executable.
Generated C for 'bicg' in /home/kleplj/naive/optimization/naive/PolybenchC-Exo/build/generated/bicg
Built bicg executable.
Generated C for 'doitgen' in /home/kleplj/naive/optimization/naive/PolybenchC-Exo/build/generated/doitgen
Built doitgen executable.
Generated C for 'mvt' in /home/kleplj/naive/optimization/naive/PolybenchC-Exo/build/generated/mvt
Generated C for 'cholesky' in /home/kleplj/naive/optimization/naive/PolybenchC-Exo/build/generated/cholesky
Built cholesky executable.
Generated C for 'gramschmidt' in /home/kleplj/naive/optimization/naive/PolybenchC-Exo/build/generated/gramschmidt
Built gramschmidt executable.
Generated C for 'lu' in /home/kleplj/naive/optimization/naive/PolybenchC-Exo/build/generated/lu
Built lu executable.
Generated C for 'ludcmp' in /home/kleplj/naive/optimization/naive/PolybenchC-Exo/build/generated/ludcmp
Built ludcmp executable.
Generated C for 'trisolv' in /home/kleplj/naive/optimization/naive/PolybenchC-Exo/build/generated/trisolv
Built trisolv executable.
Generated C for 'correlation' in /home/kleplj/naive/optimization/naive/PolybenchC-Exo/build/generated/correlation
Built correlation executable.
Generated C for 'covariance' in /home/kleplj/naive/optimization/naive/PolybenchC-Exo/build/generated/covariance
Built covariance executable.
Generated C for 'jacobi-1d' in /home/kleplj/naive/optimization/naive/PolybenchC-Exo/build/generated/jacobi-1d
Built jacobi-1d executable.
Generated C for 'seidel-2d' in /home/kleplj/naive/optimization/naive/PolybenchC-Exo/build/generated/seidel-2d
Generated C for 'deriche' in /home/kleplj/naive/optimization/naive/PolybenchC-Exo/build/generated/deriche
Built deriche executable.
Generated C for 'floyd-warshall' in /home/kleplj/naive/optimization/naive/PolybenchC-Exo/build/generated/floyd-warshall
Built floyd-warshall executable.
Generated C for 'nussinov' in /home/kleplj/naive/optimization/naive/PolybenchC-Exo/build/generated/nussinov
Exo build complete. Generated sources in: /home/kleplj/naive/optimization/naive/PolybenchC-Exo/build
Removing temp dir /tmp/slurm.150863/tmp.Z0jXx9EgEQ
exo,naive,2mm,0.000176,2.551,valid,5,SMALL
exo,naive,2mm,1,0.000179,5,SMALL
exo,naive,2mm,2,0.000170,5,SMALL
exo,naive,2mm,3,0.000163,5,SMALL
exo,naive,2mm,4,0.000163,5,SMALL
exo,naive,2mm,5,0.000166,5,SMALL
exo,naive,3mm,0.000387,2.075,valid,5,SMALL
exo,naive,3mm,1,0.000372,5,SMALL
exo,naive,3mm,2,0.000379,5,SMALL
exo,naive,3mm,3,0.000373,5,SMALL
exo,naive,3mm,4,0.000405,5,SMALL
exo,naive,3mm,5,0.000382,5,SMALL
exo,naive,adi,,,illegal,5,SMALL
exo,naive,atax,,,illegal,5,SMALL
exo,naive,bicg,0.000055,0.964,valid,5,SMALL
exo,naive,bicg,1,0.000056,5,SMALL
exo,naive,bicg,2,0.000055,5,SMALL
exo,naive,bicg,3,0.000063,5,SMALL
exo,naive,bicg,4,0.000053,5,SMALL
exo,naive,bicg,5,0.000054,5,SMALL
exo,naive,cholesky,0.001124,0.346,valid,5,SMALL
exo,naive,cholesky,1,0.001124,5,SMALL
exo,naive,cholesky,2,0.001126,5,SMALL
exo,naive,cholesky,3,0.001132,5,SMALL
exo,naive,cholesky,4,0.001129,5,SMALL
exo,naive,cholesky,5,0.001127,5,SMALL
exo,naive,correlation,0.000389,1.622,valid,5,SMALL
exo,naive,correlation,1,0.000381,5,SMALL
exo,naive,correlation,2,0.000399,5,SMALL
exo,naive,correlation,3,0.000370,5,SMALL
exo,naive,correlation,4,0.000398,5,SMALL
exo,naive,correlation,5,0.000379,5,SMALL
exo,naive,covariance,0.000196,2.684,valid,5,SMALL
exo,naive,covariance,1,0.000166,5,SMALL
exo,naive,covariance,2,0.000218,5,SMALL
exo,naive,covariance,3,0.000186,5,SMALL
exo,naive,covariance,4,0.000191,5,SMALL
exo,naive,covariance,5,0.000167,5,SMALL
exo,naive,deriche,0.000819,1.032,valid,5,SMALL
exo,naive,deriche,1,0.000818,5,SMALL
exo,naive,deriche,2,0.000826,5,SMALL
exo,naive,deriche,3,0.000728,5,SMALL
exo,naive,deriche,4,0.000799,5,SMALL
exo,naive,deriche,5,0.000782,5,SMALL
exo,naive,doitgen,0.000222,2.856,valid,5,SMALL
exo,naive,doitgen,1,0.000223,5,SMALL
exo,naive,doitgen,2,0.000254,5,SMALL
exo,naive,doitgen,3,0.000225,5,SMALL
exo,naive,doitgen,4,0.000224,5,SMALL
exo,naive,doitgen,5,0.000223,5,SMALL
exo,naive,durbin,,,illegal,5,SMALL
exo,naive,fdtd-2d,,,illegal,5,SMALL
exo,naive,floyd-warshall,0.006434,1.147,valid,5,SMALL
exo,naive,floyd-warshall,1,0.006253,5,SMALL
exo,naive,floyd-warshall,2,0.006389,5,SMALL
exo,naive,floyd-warshall,3,0.006313,5,SMALL
exo,naive,floyd-warshall,4,0.006386,5,SMALL
exo,naive,floyd-warshall,5,0.006372,5,SMALL
exo,naive,gemm,,,illegal,5,SMALL
exo,naive,gemver,0.000118,0.568,valid,5,SMALL
exo,naive,gemver,1,0.000118,5,SMALL
exo,naive,gemver,2,0.000113,5,SMALL
exo,naive,gemver,3,0.000121,5,SMALL
exo,naive,gemver,4,0.000103,5,SMALL
exo,naive,gemver,5,0.000143,5,SMALL
exo,naive,gesummv,0.000032,0.938,valid,5,SMALL
exo,naive,gesummv,1,0.000032,5,SMALL
exo,naive,gesummv,2,0.000041,5,SMALL
exo,naive,gesummv,3,0.000030,5,SMALL
exo,naive,gesummv,4,0.000031,5,SMALL
exo,naive,gesummv,5,0.000031,5,SMALL
exo,naive,gramschmidt,0.000457,,invalid,5,SMALL
exo,naive,heat-3d,,,illegal,5,SMALL
exo,naive,jacobi-1d,0.002014,0.003,valid,5,SMALL
exo,naive,jacobi-1d,1,0.002039,5,SMALL
exo,naive,jacobi-1d,2,0.002029,5,SMALL
exo,naive,jacobi-1d,3,0.002074,5,SMALL
exo,naive,jacobi-1d,4,0.002107,5,SMALL
exo,naive,jacobi-1d,5,0.002007,5,SMALL
exo,naive,jacobi-2d,,,illegal,5,SMALL
exo,naive,lu,0.000657,1.230,valid,5,SMALL
exo,naive,lu,1,0.000660,5,SMALL
exo,naive,lu,2,0.000661,5,SMALL
exo,naive,lu,3,0.000649,5,SMALL
exo,naive,lu,4,0.000675,5,SMALL
exo,naive,lu,5,0.000646,5,SMALL
exo,naive,ludcmp,0.000799,0.904,valid,5,SMALL
exo,naive,ludcmp,1,0.000799,5,SMALL
exo,naive,ludcmp,2,0.000787,5,SMALL
exo,naive,ludcmp,3,0.000787,5,SMALL
exo,naive,ludcmp,4,0.000801,5,SMALL
exo,naive,ludcmp,5,0.000801,5,SMALL
exo,naive,mvt,,,illegal,5,SMALL
exo,naive,nussinov,,,illegal,5,SMALL
exo,naive,seidel-2d,,,illegal,5,SMALL
exo,naive,symm,0.001617,0.168,valid,5,SMALL
exo,naive,symm,1,0.001589,5,SMALL
exo,naive,symm,2,0.001610,5,SMALL
exo,naive,symm,3,0.001630,5,SMALL
exo,naive,symm,4,0.001615,5,SMALL
exo,naive,symm,5,0.001662,5,SMALL
exo,naive,syr2k,0.000064,3.844,valid,5,SMALL
exo,naive,syr2k,1,0.000066,5,SMALL
exo,naive,syr2k,2,0.000069,5,SMALL
exo,naive,syr2k,3,0.000058,5,SMALL
exo,naive,syr2k,4,0.000067,5,SMALL
exo,naive,syr2k,5,0.000069,5,SMALL
exo,naive,syrk,0.000178,0.629,valid,5,SMALL
exo,naive,syrk,1,0.000201,5,SMALL
exo,naive,syrk,2,0.000186,5,SMALL
exo,naive,syrk,3,0.000197,5,SMALL
exo,naive,syrk,4,0.000201,5,SMALL
exo,naive,syrk,5,0.000190,5,SMALL
exo,naive,trisolv,0.000014,0.929,valid,5,SMALL
exo,naive,trisolv,1,0.000016,5,SMALL
exo,naive,trisolv,2,0.000013,5,SMALL
exo,naive,trisolv,3,0.000014,5,SMALL
exo,naive,trisolv,4,0.000014,5,SMALL
exo,naive,trisolv,5,0.000013,5,SMALL
exo,naive,trmm,0.001452,0.121,valid,5,SMALL
exo,naive,trmm,1,0.001442,5,SMALL
exo,naive,trmm,2,0.001472,5,SMALL
exo,naive,trmm,3,0.001457,5,SMALL
exo,naive,trmm,4,0.001496,5,SMALL
exo,naive,trmm,5,0.001412,5,SMALL
-- The C compiler identification is GNU 15.2.0
-- Detecting C compiler ABI info
-- Detecting C compiler ABI info - done
-- Check for working C compiler: /usr/local/latestgcc/bin/gcc - skipped
-- Detecting C compile features
-- Detecting C compile features - done
-- Configuring done (0.3s)
-- Generating done (0.7s)
-- Build files have been written to: /home/kleplj/naive/optimization/naive/PolybenchC-4.2.1/build
[  6%] Building C object CMakeFiles/covariance.dir/datamining/covariance/covariance.c.o
[  6%] Building C object CMakeFiles/covariance.dir/utilities/polybench.c.o
[  6%] Building C object CMakeFiles/correlation.dir/datamining/correlation/correlation.c.o
[ 12%] Building C object CMakeFiles/lu.dir/utilities/polybench.c.o
[ 12%] Building C object CMakeFiles/lu.dir/linear-algebra/solvers/lu/lu.c.o
[ 12%] Building C object CMakeFiles/correlation.dir/utilities/polybench.c.o
[ 12%] Building C object CMakeFiles/durbin.dir/linear-algebra/solvers/durbin/durbin.c.o
[ 12%] Building C object CMakeFiles/cholesky.dir/linear-algebra/solvers/cholesky/cholesky.c.o
[ 23%] Building C object CMakeFiles/trisolv.dir/linear-algebra/solvers/trisolv/trisolv.c.o
[ 23%] Building C object CMakeFiles/ludcmp.dir/utilities/polybench.c.o
[ 61%] Building C object CMakeFiles/syr2k.dir/linear-algebra/blas/syr2k/syr2k.c.o
[ 61%] Building C object CMakeFiles/gramschmidt.dir/utilities/polybench.c.o
[ 61%] Building C object CMakeFiles/cholesky.dir/utilities/polybench.c.o
[ 61%] Building C object CMakeFiles/durbin.dir/utilities/polybench.c.o
[ 61%] Building C object CMakeFiles/gemm.dir/linear-algebra/blas/gemm/gemm.c.o
[ 61%] Building C object CMakeFiles/gramschmidt.dir/linear-algebra/solvers/gramschmidt/gramschmidt.c.o
[ 61%] Building C object CMakeFiles/syr2k.dir/utilities/polybench.c.o
[ 61%] Building C object CMakeFiles/trisolv.dir/utilities/polybench.c.o
[ 61%] Building C object CMakeFiles/ludcmp.dir/linear-algebra/solvers/ludcmp/ludcmp.c.o
[ 66%] Building C object CMakeFiles/syrk.dir/linear-algebra/blas/syrk/syrk.c.o
[ 66%] Building C object CMakeFiles/gemver.dir/utilities/polybench.c.o
[ 66%] Building C object CMakeFiles/gesummv.dir/utilities/polybench.c.o
[ 66%] Building C object CMakeFiles/trmm.dir/linear-algebra/blas/trmm/trmm.c.o
[ 66%] Building C object CMakeFiles/gesummv.dir/linear-algebra/blas/gesummv/gesummv.c.o
[ 66%] Building C object CMakeFiles/jacobi-2d.dir/utilities/polybench.c.o
[ 66%] Building C object CMakeFiles/gemver.dir/linear-algebra/blas/gemver/gemver.c.o
[ 66%] Building C object CMakeFiles/symm.dir/linear-algebra/blas/symm/symm.c.o
[ 66%] Building C object CMakeFiles/syrk.dir/utilities/polybench.c.o
[ 66%] Building C object CMakeFiles/bicg.dir/linear-algebra/kernels/bicg/bicg.c.o
[ 66%] Building C object CMakeFiles/mvt.dir/utilities/polybench.c.o
[ 66%] Building C object CMakeFiles/3mm.dir/utilities/polybench.c.o
[ 66%] Building C object CMakeFiles/symm.dir/utilities/polybench.c.o
[ 66%] Building C object CMakeFiles/gemm.dir/utilities/polybench.c.o
[ 66%] Building C object CMakeFiles/fdtd-2d.dir/stencils/fdtd-2d/fdtd-2d.c.o
[ 66%] Building C object CMakeFiles/atax.dir/linear-algebra/kernels/atax/atax.c.o
[ 66%] Building C object CMakeFiles/3mm.dir/linear-algebra/kernels/3mm/3mm.c.o
[ 66%] Building C object CMakeFiles/doitgen.dir/linear-algebra/kernels/doitgen/doitgen.c.o
[ 66%] Building C object CMakeFiles/bicg.dir/utilities/polybench.c.o
[ 66%] Building C object CMakeFiles/floyd-warshall.dir/medley/floyd-warshall/floyd-warshall.c.o
[ 66%] Building C object CMakeFiles/doitgen.dir/utilities/polybench.c.o
[ 66%] Building C object CMakeFiles/deriche.dir/medley/deriche/deriche.c.o
[ 66%] Building C object CMakeFiles/atax.dir/utilities/polybench.c.o
[ 66%] Building C object CMakeFiles/2mm.dir/linear-algebra/kernels/2mm/2mm.c.o
[ 66%] Building C object CMakeFiles/seidel-2d.dir/stencils/seidel-2d/seidel-2d.c.o
[ 66%] Building C object CMakeFiles/mvt.dir/linear-algebra/kernels/mvt/mvt.c.o
[ 66%] Building C object CMakeFiles/2mm.dir/utilities/polybench.c.o
[ 66%] Building C object CMakeFiles/floyd-warshall.dir/utilities/polybench.c.o
[ 66%] Building C object CMakeFiles/deriche.dir/utilities/polybench.c.o
[ 66%] Building C object CMakeFiles/jacobi-1d.dir/stencils/jacobi-1d/jacobi-1d.c.o
[ 66%] Building C object CMakeFiles/adi.dir/utilities/polybench.c.o
[ 66%] Building C object CMakeFiles/fdtd-2d.dir/utilities/polybench.c.o
[ 66%] Building C object CMakeFiles/heat-3d.dir/utilities/polybench.c.o
[ 66%] Building C object CMakeFiles/jacobi-1d.dir/utilities/polybench.c.o
[ 66%] Building C object CMakeFiles/trmm.dir/utilities/polybench.c.o
[ 66%] Building C object CMakeFiles/nussinov.dir/utilities/polybench.c.o
[ 66%] Building C object CMakeFiles/seidel-2d.dir/utilities/polybench.c.o
[ 66%] Building C object CMakeFiles/jacobi-2d.dir/stencils/jacobi-2d/jacobi-2d.c.o
[ 66%] Building C object CMakeFiles/adi.dir/stencils/adi/adi.c.o
[ 66%] Building C object CMakeFiles/nussinov.dir/medley/nussinov/nussinov.c.o
[ 66%] Building C object CMakeFiles/heat-3d.dir/stencils/heat-3d/heat-3d.c.o
[ 67%] Linking C executable covariance
[ 68%] Linking C executable syrk
[ 71%] Linking C executable correlation
[ 71%] Linking C executable nussinov
[ 74%] Linking C executable doitgen
[ 74%] Linking C executable durbin
[ 74%] Linking C executable trmm
[ 76%] Linking C executable atax
[ 76%] Linking C executable adi
[ 78%] Linking C executable trisolv
[ 78%] Linking C executable bicg
[ 81%] Linking C executable cholesky
[ 82%] Linking C executable floyd-warshall
[ 82%] Linking C executable gesummv
[ 82%] Built target covariance
[ 84%] Linking C executable mvt
[ 84%] Linking C executable syr2k
[ 85%] Linking C executable gemver
[ 86%] Built target syrk
[ 86%] Linking C executable deriche
[ 87%] Linking C executable 3mm
[ 88%] Built target correlation
[ 88%] Linking C executable jacobi-2d
[ 88%] Built target nussinov
[ 90%] Built target doitgen
[ 90%] Linking C executable lu
[ 90%] Built target durbin
[ 91%] Built target trmm
[ 91%] Linking C executable fdtd-2d
[ 91%] Built target atax
[ 91%] Built target adi
[ 91%] Built target trisolv
[ 91%] Built target bicg
[ 91%] Built target cholesky
[ 91%] Built target floyd-warshall
[ 91%] Built target gesummv
[ 91%] Built target syr2k
[ 91%] Built target gemver
[ 91%] Built target mvt
[ 92%] Linking C executable symm
[ 92%] Built target deriche
[ 93%] Linking C executable heat-3d
[ 93%] Built target 3mm
[ 93%] Built target jacobi-2d
[ 93%] Built target lu
[ 93%] Built target fdtd-2d
[ 94%] Linking C executable gramschmidt
[ 94%] Built target symm
[ 94%] Built target heat-3d
[ 94%] Built target gramschmidt
[ 95%] Linking C executable gemm
[ 96%] Linking C executable 2mm
[ 96%] Built target gemm
[ 96%] Built target 2mm
Skipping c naive 2mm repetition 1 for dataset size SMALL (already done).
Skipping c naive 2mm repetition 1 for dataset size SMALL (already done).
Skipping c naive 3mm repetition 1 for dataset size SMALL (already done).
Skipping c naive 3mm repetition 1 for dataset size SMALL (already done).
Skipping c naive adi repetition 1 for dataset size SMALL (already done).
Skipping c naive adi repetition 1 for dataset size SMALL (already done).
Skipping c naive atax repetition 1 for dataset size SMALL (already done).
Skipping c naive atax repetition 1 for dataset size SMALL (already done).
Skipping c naive bicg repetition 1 for dataset size SMALL (already done).
Skipping c naive bicg repetition 1 for dataset size SMALL (already done).
Skipping c naive cholesky repetition 1 for dataset size SMALL (already done).
Skipping c naive cholesky repetition 1 for dataset size SMALL (already done).
Skipping c naive correlation repetition 1 for dataset size SMALL (already done).
Skipping c naive correlation repetition 1 for dataset size SMALL (already done).
Skipping c naive covariance repetition 1 for dataset size SMALL (already done).
Skipping c naive covariance repetition 1 for dataset size SMALL (already done).
Skipping c naive deriche repetition 1 for dataset size SMALL (already done).
Skipping c naive deriche repetition 1 for dataset size SMALL (already done).
Skipping c naive doitgen repetition 1 for dataset size SMALL (already done).
Skipping c naive doitgen repetition 1 for dataset size SMALL (already done).
Skipping c naive durbin repetition 1 for dataset size SMALL (already done).
Skipping c naive durbin repetition 1 for dataset size SMALL (already done).
Skipping c naive fdtd-2d repetition 1 for dataset size SMALL (already done).
Skipping c naive fdtd-2d repetition 1 for dataset size SMALL (already done).
Skipping c naive floyd-warshall repetition 1 for dataset size SMALL (already done).
Skipping c naive floyd-warshall repetition 1 for dataset size SMALL (already done).
Skipping c naive gemm repetition 1 for dataset size SMALL (already done).
Skipping c naive gemm repetition 1 for dataset size SMALL (already done).
Skipping c naive gemver repetition 1 for dataset size SMALL (already done).
Skipping c naive gemver repetition 1 for dataset size SMALL (already done).
Skipping c naive gesummv repetition 1 for dataset size SMALL (already done).
Skipping c naive gesummv repetition 1 for dataset size SMALL (already done).
Skipping c naive gramschmidt repetition 1 for dataset size SMALL (already done).
Skipping c naive gramschmidt repetition 1 for dataset size SMALL (already done).
Skipping c naive heat-3d repetition 1 for dataset size SMALL (already done).
Skipping c naive heat-3d repetition 1 for dataset size SMALL (already done).
Skipping c naive jacobi-2d repetition 1 for dataset size SMALL (already done).
Skipping c naive jacobi-2d repetition 1 for dataset size SMALL (already done).
Skipping c naive lu repetition 1 for dataset size SMALL (already done).
Skipping c naive lu repetition 1 for dataset size SMALL (already done).
Skipping c naive mvt repetition 1 for dataset size SMALL (already done).
Skipping c naive mvt repetition 1 for dataset size SMALL (already done).
Skipping c naive nussinov repetition 1 for dataset size SMALL (already done).
Skipping c naive nussinov repetition 1 for dataset size SMALL (already done).
Skipping c naive symm repetition 1 for dataset size SMALL (already done).
Skipping c naive symm repetition 1 for dataset size SMALL (already done).
Skipping c naive syr2k repetition 1 for dataset size SMALL (already done).
Skipping c naive syr2k repetition 1 for dataset size SMALL (already done).
Skipping c naive syrk repetition 1 for dataset size SMALL (already done).
Skipping c naive syrk repetition 1 for dataset size SMALL (already done).
Skipping c naive trisolv repetition 1 for dataset size SMALL (already done).
Skipping c naive trisolv repetition 1 for dataset size SMALL (already done).
Skipping c naive trmm repetition 1 for dataset size SMALL (already done).
Skipping c naive trmm repetition 1 for dataset size SMALL (already done).
-- The C compiler identification is GNU 15.2.0
-- Detecting C compiler ABI info
-- Detecting C compiler ABI info - done
-- Check for working C compiler: /usr/local/latestgcc/bin/gcc - skipped
-- Detecting C compile features
-- Detecting C compile features - done
-- Configuring done (0.3s)
-- Generating done (0.7s)
-- Build files have been written to: /home/kleplj/naive/optimization/naive/PolybenchC-4.2.1/build
[  5%] Building C object CMakeFiles/covariance.dir/datamining/covariance/covariance.c.o
[  5%] Building C object CMakeFiles/covariance.dir/utilities/polybench.c.o
[  5%] Building C object CMakeFiles/correlation.dir/datamining/correlation/correlation.c.o
[ 18%] Building C object CMakeFiles/gramschmidt.dir/linear-algebra/solvers/gramschmidt/gramschmidt.c.o
[ 57%] Building C object CMakeFiles/ludcmp.dir/linear-algebra/solvers/ludcmp/ludcmp.c.o
[ 57%] Building C object CMakeFiles/trisolv.dir/linear-algebra/solvers/trisolv/trisolv.c.o
[ 57%] Building C object CMakeFiles/lu.dir/linear-algebra/solvers/lu/lu.c.o
[ 57%] Building C object CMakeFiles/syr2k.dir/linear-algebra/blas/syr2k/syr2k.c.o
[ 57%] Building C object CMakeFiles/durbin.dir/linear-algebra/solvers/durbin/durbin.c.o
[ 57%] Building C object CMakeFiles/doitgen.dir/utilities/polybench.c.o
[ 57%] Building C object CMakeFiles/cholesky.dir/linear-algebra/solvers/cholesky/cholesky.c.o
[ 57%] Building C object CMakeFiles/correlation.dir/utilities/polybench.c.o
[ 57%] Building C object CMakeFiles/gemm.dir/linear-algebra/blas/gemm/gemm.c.o
[ 57%] Building C object CMakeFiles/cholesky.dir/utilities/polybench.c.o
[ 57%] Building C object CMakeFiles/lu.dir/utilities/polybench.c.o
[ 57%] Building C object CMakeFiles/gemm.dir/utilities/polybench.c.o
[ 66%] Building C object CMakeFiles/adi.dir/utilities/polybench.c.o
[ 66%] Building C object CMakeFiles/jacobi-1d.dir/utilities/polybench.c.o
[ 66%] Building C object CMakeFiles/gramschmidt.dir/utilities/polybench.c.o
[ 66%] Building C object CMakeFiles/durbin.dir/utilities/polybench.c.o
[ 66%] Building C object CMakeFiles/bicg.dir/linear-algebra/kernels/bicg/bicg.c.o
[ 66%] Building C object CMakeFiles/trmm.dir/linear-algebra/blas/trmm/trmm.c.o
[ 66%] Building C object CMakeFiles/trisolv.dir/utilities/polybench.c.o
[ 66%] Building C object CMakeFiles/gesummv.dir/utilities/polybench.c.o
[ 66%] Building C object CMakeFiles/trmm.dir/utilities/polybench.c.o
[ 66%] Building C object CMakeFiles/syrk.dir/utilities/polybench.c.o
[ 66%] Building C object CMakeFiles/atax.dir/utilities/polybench.c.o
[ 66%] Building C object CMakeFiles/gemver.dir/utilities/polybench.c.o
[ 66%] Building C object CMakeFiles/ludcmp.dir/utilities/polybench.c.o
[ 66%] Building C object CMakeFiles/syrk.dir/linear-algebra/blas/syrk/syrk.c.o
[ 66%] Building C object CMakeFiles/bicg.dir/utilities/polybench.c.o
[ 66%] Building C object CMakeFiles/gesummv.dir/linear-algebra/blas/gesummv/gesummv.c.o
[ 66%] Building C object CMakeFiles/deriche.dir/medley/deriche/deriche.c.o
[ 66%] Building C object CMakeFiles/fdtd-2d.dir/stencils/fdtd-2d/fdtd-2d.c.o
[ 66%] Building C object CMakeFiles/jacobi-2d.dir/stencils/jacobi-2d/jacobi-2d.c.o
[ 66%] Building C object CMakeFiles/symm.dir/linear-algebra/blas/symm/symm.c.o
[ 66%] Building C object CMakeFiles/doitgen.dir/linear-algebra/kernels/doitgen/doitgen.c.o
[ 66%] Building C object CMakeFiles/2mm.dir/linear-algebra/kernels/2mm/2mm.c.o
[ 66%] Building C object CMakeFiles/floyd-warshall.dir/utilities/polybench.c.o
[ 66%] Building C object CMakeFiles/gemver.dir/linear-algebra/blas/gemver/gemver.c.o
[ 66%] Building C object CMakeFiles/jacobi-1d.dir/stencils/jacobi-1d/jacobi-1d.c.o
[ 66%] Building C object CMakeFiles/3mm.dir/utilities/polybench.c.o
[ 66%] Building C object CMakeFiles/floyd-warshall.dir/medley/floyd-warshall/floyd-warshall.c.o
[ 66%] Building C object CMakeFiles/mvt.dir/utilities/polybench.c.o
[ 66%] Building C object CMakeFiles/syr2k.dir/utilities/polybench.c.o
[ 66%] Building C object CMakeFiles/3mm.dir/linear-algebra/kernels/3mm/3mm.c.o
[ 66%] Building C object CMakeFiles/nussinov.dir/utilities/polybench.c.o
[ 66%] Building C object CMakeFiles/2mm.dir/utilities/polybench.c.o
[ 66%] Building C object CMakeFiles/nussinov.dir/medley/nussinov/nussinov.c.o
[ 66%] Building C object CMakeFiles/symm.dir/utilities/polybench.c.o
[ 66%] Building C object CMakeFiles/mvt.dir/linear-algebra/kernels/mvt/mvt.c.o
[ 66%] Building C object CMakeFiles/atax.dir/linear-algebra/kernels/atax/atax.c.o
[ 66%] Building C object CMakeFiles/deriche.dir/utilities/polybench.c.o
[ 66%] Building C object CMakeFiles/adi.dir/stencils/adi/adi.c.o
[ 66%] Building C object CMakeFiles/seidel-2d.dir/utilities/polybench.c.o
[ 66%] Building C object CMakeFiles/heat-3d.dir/stencils/heat-3d/heat-3d.c.o
[ 66%] Building C object CMakeFiles/fdtd-2d.dir/utilities/polybench.c.o
[ 66%] Building C object CMakeFiles/jacobi-2d.dir/utilities/polybench.c.o
[ 66%] Building C object CMakeFiles/seidel-2d.dir/stencils/seidel-2d/seidel-2d.c.o
[ 66%] Building C object CMakeFiles/heat-3d.dir/utilities/polybench.c.o
[ 67%] Linking C executable covariance
[ 68%] Linking C executable bicg
[ 70%] Linking C executable durbin
[ 71%] Linking C executable seidel-2d
[ 73%] Linking C executable gesummv
[ 73%] Linking C executable deriche
[ 74%] Linking C executable jacobi-1d
[ 76%] Linking C executable jacobi-2d
[ 76%] Linking C executable adi
[ 77%] Linking C executable mvt
[ 78%] Linking C executable floyd-warshall
[ 78%] Built target covariance
[ 83%] Linking C executable syr2k
[ 83%] Linking C executable atax
[ 83%] Linking C executable trisolv
[ 83%] Linking C executable gemver
[ 84%] Linking C executable doitgen
[ 84%] Built target bicg
[ 85%] Linking C executable fdtd-2d
[ 85%] Built target durbin
[ 86%] Linking C executable nussinov
[ 86%] Built target seidel-2d
[ 88%] Linking C executable trmm
[ 88%] Linking C executable correlation
[ 90%] Built target gesummv
[ 90%] Linking C executable lu
[ 90%] Built target deriche
[ 90%] Built target jacobi-1d
[ 91%] Built target jacobi-2d
[ 91%] Built target adi
[ 91%] Linking C executable syrk
[ 92%] Linking C executable symm
[ 92%] Built target mvt
[ 93%] Linking C executable heat-3d
[ 93%] Built target floyd-warshall
[ 94%] Linking C executable 2mm
[ 94%] Built target syr2k
[ 94%] Built target trisolv
[ 94%] Built target gemver
[ 94%] Built target atax
[ 94%] Built target doitgen
[ 94%] Built target fdtd-2d
[ 95%] Built target nussinov
[ 96%] Linking C executable gemm
[ 96%] Linking C executable cholesky
[ 96%] Built target correlation
[ 96%] Built target trmm
[ 96%] Built target lu
[ 97%] Linking C executable ludcmp
[ 97%] Built target syrk
[ 97%] Built target symm
[ 97%] Built target heat-3d
[ 97%] Built target 2mm
[ 98%] Linking C executable gramschmidt
[ 98%] Built target gemm
[ 98%] Built target cholesky
[ 98%] Built target ludcmp
[ 98%] Built target gramschmidt
[100%] Linking C executable 3mm
[100%] Built target 3mm
Skipping c naive 2mm repetition 2 for dataset size SMALL (already done).
Skipping c naive 2mm repetition 2 for dataset size SMALL (already done).
Skipping c naive 3mm repetition 2 for dataset size SMALL (already done).
Skipping c naive 3mm repetition 2 for dataset size SMALL (already done).
Skipping c naive adi repetition 2 for dataset size SMALL (already done).
Skipping c naive adi repetition 2 for dataset size SMALL (already done).
Skipping c naive atax repetition 2 for dataset size SMALL (already done).
Skipping c naive atax repetition 2 for dataset size SMALL (already done).
Skipping c naive bicg repetition 2 for dataset size SMALL (already done).
Skipping c naive bicg repetition 2 for dataset size SMALL (already done).
Skipping c naive cholesky repetition 2 for dataset size SMALL (already done).
Skipping c naive cholesky repetition 2 for dataset size SMALL (already done).
Skipping c naive correlation repetition 2 for dataset size SMALL (already done).
Skipping c naive correlation repetition 2 for dataset size SMALL (already done).
Skipping c naive covariance repetition 2 for dataset size SMALL (already done).
Skipping c naive covariance repetition 2 for dataset size SMALL (already done).
Skipping c naive deriche repetition 2 for dataset size SMALL (already done).
Skipping c naive deriche repetition 2 for dataset size SMALL (already done).
Skipping c naive doitgen repetition 2 for dataset size SMALL (already done).
Skipping c naive doitgen repetition 2 for dataset size SMALL (already done).
Skipping c naive durbin repetition 2 for dataset size SMALL (already done).
Skipping c naive durbin repetition 2 for dataset size SMALL (already done).
Skipping c naive fdtd-2d repetition 2 for dataset size SMALL (already done).
Skipping c naive fdtd-2d repetition 2 for dataset size SMALL (already done).
Skipping c naive floyd-warshall repetition 2 for dataset size SMALL (already done).
Skipping c naive floyd-warshall repetition 2 for dataset size SMALL (already done).
Skipping c naive gemm repetition 2 for dataset size SMALL (already done).
Skipping c naive gemm repetition 2 for dataset size SMALL (already done).
Skipping c naive gemver repetition 2 for dataset size SMALL (already done).
Skipping c naive gemver repetition 2 for dataset size SMALL (already done).
Skipping c naive gesummv repetition 2 for dataset size SMALL (already done).
Skipping c naive gesummv repetition 2 for dataset size SMALL (already done).
Skipping c naive heat-3d repetition 2 for dataset size SMALL (already done).
Skipping c naive heat-3d repetition 2 for dataset size SMALL (already done).
Skipping c naive jacobi-1d repetition 2 for dataset size SMALL (already done).
Skipping c naive jacobi-1d repetition 2 for dataset size SMALL (already done).
Skipping c naive jacobi-2d repetition 2 for dataset size SMALL (already done).
Skipping c naive jacobi-2d repetition 2 for dataset size SMALL (already done).
Skipping c naive lu repetition 2 for dataset size SMALL (already done).
Skipping c naive lu repetition 2 for dataset size SMALL (already done).
Skipping c naive ludcmp repetition 2 for dataset size SMALL (already done).
Skipping c naive ludcmp repetition 2 for dataset size SMALL (already done).
Skipping c naive mvt repetition 2 for dataset size SMALL (already done).
Skipping c naive mvt repetition 2 for dataset size SMALL (already done).
Skipping c naive nussinov repetition 2 for dataset size SMALL (already done).
Skipping c naive nussinov repetition 2 for dataset size SMALL (already done).
Skipping c naive seidel-2d repetition 2 for dataset size SMALL (already done).
Skipping c naive seidel-2d repetition 2 for dataset size SMALL (already done).
Skipping c naive symm repetition 2 for dataset size SMALL (already done).
Skipping c naive symm repetition 2 for dataset size SMALL (already done).
Skipping c naive syr2k repetition 2 for dataset size SMALL (already done).
Skipping c naive syr2k repetition 2 for dataset size SMALL (already done).
Skipping c naive syrk repetition 2 for dataset size SMALL (already done).
Skipping c naive syrk repetition 2 for dataset size SMALL (already done).
Skipping c naive trisolv repetition 2 for dataset size SMALL (already done).
Skipping c naive trisolv repetition 2 for dataset size SMALL (already done).
Skipping c naive trmm repetition 2 for dataset size SMALL (already done).
Skipping c naive trmm repetition 2 for dataset size SMALL (already done).
-- The C compiler identification is GNU 15.2.0
-- Detecting C compiler ABI info
-- Detecting C compiler ABI info - done
-- Check for working C compiler: /usr/local/latestgcc/bin/gcc - skipped
-- Detecting C compile features
-- Detecting C compile features - done
-- Configuring done (0.4s)
-- Generating done (0.7s)
-- Build files have been written to: /home/kleplj/naive/optimization/naive/PolybenchC-4.2.1/build
[ 10%] Building C object CMakeFiles/cholesky.dir/linear-algebra/solvers/cholesky/cholesky.c.o
[ 10%] Building C object CMakeFiles/cholesky.dir/utilities/polybench.c.o
[ 10%] Building C object CMakeFiles/correlation.dir/datamining/correlation/correlation.c.o
[ 10%] Building C object CMakeFiles/covariance.dir/utilities/polybench.c.o
[ 10%] Building C object CMakeFiles/correlation.dir/utilities/polybench.c.o
[ 10%] Building C object CMakeFiles/covariance.dir/datamining/covariance/covariance.c.o
[ 23%] Building C object CMakeFiles/durbin.dir/utilities/polybench.c.o
[ 62%] Building C object CMakeFiles/lu.dir/linear-algebra/solvers/lu/lu.c.o
[ 62%] Building C object CMakeFiles/trisolv.dir/utilities/polybench.c.o
[ 62%] Building C object CMakeFiles/gemver.dir/linear-algebra/blas/gemver/gemver.c.o
[ 62%] Building C object CMakeFiles/gemm.dir/linear-algebra/blas/gemm/gemm.c.o
[ 62%] Building C object CMakeFiles/durbin.dir/linear-algebra/solvers/durbin/durbin.c.o
[ 62%] Building C object CMakeFiles/ludcmp.dir/utilities/polybench.c.o
[ 62%] Building C object CMakeFiles/gesummv.dir/linear-algebra/blas/gesummv/gesummv.c.o
[ 62%] Building C object CMakeFiles/gramschmidt.dir/utilities/polybench.c.o
[ 62%] Building C object CMakeFiles/trisolv.dir/linear-algebra/solvers/trisolv/trisolv.c.o
[ 62%] Building C object CMakeFiles/gramschmidt.dir/linear-algebra/solvers/gramschmidt/gramschmidt.c.o
[ 62%] Building C object CMakeFiles/lu.dir/utilities/polybench.c.o
[ 62%] Building C object CMakeFiles/syr2k.dir/linear-algebra/blas/syr2k/syr2k.c.o
[ 66%] Building C object CMakeFiles/adi.dir/stencils/adi/adi.c.o
[ 66%] Building C object CMakeFiles/fdtd-2d.dir/utilities/polybench.c.o
[ 66%] Building C object CMakeFiles/trmm.dir/linear-algebra/blas/trmm/trmm.c.o
[ 66%] Building C object CMakeFiles/gesummv.dir/utilities/polybench.c.o
[ 66%] Building C object CMakeFiles/gemver.dir/utilities/polybench.c.o
[ 66%] Building C object CMakeFiles/bicg.dir/linear-algebra/kernels/bicg/bicg.c.o
[ 66%] Building C object CMakeFiles/mvt.dir/utilities/polybench.c.o
[ 66%] Building C object CMakeFiles/trmm.dir/utilities/polybench.c.o
[ 66%] Building C object CMakeFiles/mvt.dir/linear-algebra/kernels/mvt/mvt.c.o
[ 66%] Building C object CMakeFiles/symm.dir/linear-algebra/blas/symm/symm.c.o
[ 66%] Building C object CMakeFiles/syrk.dir/utilities/polybench.c.o
[ 66%] Building C object CMakeFiles/atax.dir/linear-algebra/kernels/atax/atax.c.o
[ 66%] Building C object CMakeFiles/syrk.dir/linear-algebra/blas/syrk/syrk.c.o
[ 66%] Building C object CMakeFiles/nussinov.dir/medley/nussinov/nussinov.c.o
[ 66%] Building C object CMakeFiles/2mm.dir/linear-algebra/kernels/2mm/2mm.c.o
[ 66%] Building C object CMakeFiles/3mm.dir/utilities/polybench.c.o
[ 66%] Building C object CMakeFiles/syr2k.dir/utilities/polybench.c.o
[ 66%] Building C object CMakeFiles/gemm.dir/utilities/polybench.c.o
[ 66%] Building C object CMakeFiles/doitgen.dir/linear-algebra/kernels/doitgen/doitgen.c.o
[ 66%] Building C object CMakeFiles/bicg.dir/utilities/polybench.c.o
[ 66%] Building C object CMakeFiles/symm.dir/utilities/polybench.c.o
[ 66%] Building C object CMakeFiles/seidel-2d.dir/stencils/seidel-2d/seidel-2d.c.o
[ 66%] Building C object CMakeFiles/jacobi-1d.dir/stencils/jacobi-1d/jacobi-1d.c.o
[ 66%] Building C object CMakeFiles/deriche.dir/medley/deriche/deriche.c.o
[ 66%] Building C object CMakeFiles/atax.dir/utilities/polybench.c.o
[ 66%] Building C object CMakeFiles/seidel-2d.dir/utilities/polybench.c.o
[ 66%] Building C object CMakeFiles/3mm.dir/linear-algebra/kernels/3mm/3mm.c.o
[ 66%] Building C object CMakeFiles/2mm.dir/utilities/polybench.c.o
[ 66%] Building C object CMakeFiles/floyd-warshall.dir/medley/floyd-warshall/floyd-warshall.c.o
[ 66%] Building C object CMakeFiles/adi.dir/utilities/polybench.c.o
[ 66%] Building C object CMakeFiles/floyd-warshall.dir/utilities/polybench.c.o
[ 66%] Building C object CMakeFiles/doitgen.dir/utilities/polybench.c.o
[ 66%] Building C object CMakeFiles/fdtd-2d.dir/stencils/fdtd-2d/fdtd-2d.c.o
[ 66%] Building C object CMakeFiles/deriche.dir/utilities/polybench.c.o
[ 66%] Building C object CMakeFiles/heat-3d.dir/stencils/heat-3d/heat-3d.c.o
[ 66%] Building C object CMakeFiles/nussinov.dir/utilities/polybench.c.o
[ 66%] Building C object CMakeFiles/ludcmp.dir/linear-algebra/solvers/ludcmp/ludcmp.c.o
[ 66%] Building C object CMakeFiles/heat-3d.dir/utilities/polybench.c.o
[ 66%] Building C object CMakeFiles/jacobi-2d.dir/utilities/polybench.c.o
[ 66%] Building C object CMakeFiles/jacobi-2d.dir/stencils/jacobi-2d/jacobi-2d.c.o
[ 66%] Building C object CMakeFiles/jacobi-1d.dir/utilities/polybench.c.o
[ 67%] Linking C executable jacobi-1d
[ 68%] Linking C executable seidel-2d
[ 71%] Linking C executable gesummv
[ 71%] Linking C executable jacobi-2d
[ 72%] Linking C executable trisolv
[ 73%] Linking C executable deriche
[ 74%] Linking C executable bicg
[ 75%] Linking C executable doitgen
[ 76%] Built target jacobi-1d
[ 76%] Linking C executable covariance
[ 78%] Linking C executable floyd-warshall
[ 78%] Linking C executable durbin
[ 80%] Linking C executable syrk
[ 82%] Linking C executable correlation
[ 82%] Linking C executable fdtd-2d
[ 84%] Linking C executable gemver
[ 84%] Built target seidel-2d
[ 84%] Linking C executable cholesky
[ 85%] Linking C executable syr2k
[ 86%] Built target jacobi-2d
[ 86%] Built target gesummv
[ 86%] Linking C executable atax
[ 86%] Built target trisolv
[ 87%] Linking C executable trmm
[ 88%] Built target deriche
[ 88%] Linking C executable adi
[ 88%] Built target bicg
[ 90%] Linking C executable nussinov
[ 91%] Built target doitgen
[ 92%] Linking C executable heat-3d
[ 92%] Linking C executable gemm
[ 92%] Built target covariance
[ 92%] Built target durbin
[ 92%] Built target floyd-warshall
[ 94%] Linking C executable mvt
[ 94%] Linking C executable lu
[ 94%] Built target syrk
[ 95%] Linking C executable 3mm
[ 95%] Built target fdtd-2d
[ 96%] Built target correlation
[ 96%] Linking C executable 2mm
[ 96%] Built target cholesky
[ 96%] Built target gemver
[ 96%] Built target syr2k
[ 96%] Built target atax
[ 97%] Linking C executable symm
[ 97%] Built target adi
[ 97%] Built target trmm
[ 97%] Built target nussinov
[ 97%] Built target gemm
[ 97%] Built target heat-3d
[ 98%] Linking C executable ludcmp
[ 98%] Built target mvt
[ 98%] Built target lu
[ 98%] Built target 3mm
[ 98%] Built target 2mm
[ 98%] Built target symm
[ 98%] Built target ludcmp
[100%] Linking C executable gramschmidt
[100%] Built target gramschmidt
Skipping c naive 2mm repetition 3 for dataset size SMALL (already done).
Skipping c naive 2mm repetition 3 for dataset size SMALL (already done).
Skipping c naive 3mm repetition 3 for dataset size SMALL (already done).
Skipping c naive 3mm repetition 3 for dataset size SMALL (already done).
Skipping c naive adi repetition 3 for dataset size SMALL (already done).
Skipping c naive adi repetition 3 for dataset size SMALL (already done).
Skipping c naive atax repetition 3 for dataset size SMALL (already done).
Skipping c naive atax repetition 3 for dataset size SMALL (already done).
Skipping c naive bicg repetition 3 for dataset size SMALL (already done).
Skipping c naive bicg repetition 3 for dataset size SMALL (already done).
Skipping c naive cholesky repetition 3 for dataset size SMALL (already done).
Skipping c naive cholesky repetition 3 for dataset size SMALL (already done).
Skipping c naive correlation repetition 3 for dataset size SMALL (already done).
Skipping c naive correlation repetition 3 for dataset size SMALL (already done).
Skipping c naive covariance repetition 3 for dataset size SMALL (already done).
Skipping c naive covariance repetition 3 for dataset size SMALL (already done).
Skipping c naive deriche repetition 3 for dataset size SMALL (already done).
Skipping c naive deriche repetition 3 for dataset size SMALL (already done).
Skipping c naive doitgen repetition 3 for dataset size SMALL (already done).
Skipping c naive doitgen repetition 3 for dataset size SMALL (already done).
Skipping c naive durbin repetition 3 for dataset size SMALL (already done).
Skipping c naive durbin repetition 3 for dataset size SMALL (already done).
Skipping c naive fdtd-2d repetition 3 for dataset size SMALL (already done).
Skipping c naive fdtd-2d repetition 3 for dataset size SMALL (already done).
Skipping c naive floyd-warshall repetition 3 for dataset size SMALL (already done).
Skipping c naive floyd-warshall repetition 3 for dataset size SMALL (already done).
Skipping c naive gemm repetition 3 for dataset size SMALL (already done).
Skipping c naive gemm repetition 3 for dataset size SMALL (already done).
Skipping c naive gemver repetition 3 for dataset size SMALL (already done).
Skipping c naive gemver repetition 3 for dataset size SMALL (already done).
Skipping c naive gesummv repetition 3 for dataset size SMALL (already done).
Skipping c naive gesummv repetition 3 for dataset size SMALL (already done).
Skipping c naive heat-3d repetition 3 for dataset size SMALL (already done).
Skipping c naive heat-3d repetition 3 for dataset size SMALL (already done).
Skipping c naive jacobi-1d repetition 3 for dataset size SMALL (already done).
Skipping c naive jacobi-1d repetition 3 for dataset size SMALL (already done).
Skipping c naive jacobi-2d repetition 3 for dataset size SMALL (already done).
Skipping c naive jacobi-2d repetition 3 for dataset size SMALL (already done).
Skipping c naive lu repetition 3 for dataset size SMALL (already done).
Skipping c naive lu repetition 3 for dataset size SMALL (already done).
Skipping c naive ludcmp repetition 3 for dataset size SMALL (already done).
Skipping c naive ludcmp repetition 3 for dataset size SMALL (already done).
Skipping c naive mvt repetition 3 for dataset size SMALL (already done).
Skipping c naive mvt repetition 3 for dataset size SMALL (already done).
Skipping c naive nussinov repetition 3 for dataset size SMALL (already done).
Skipping c naive nussinov repetition 3 for dataset size SMALL (already done).
Skipping c naive seidel-2d repetition 3 for dataset size SMALL (already done).
Skipping c naive seidel-2d repetition 3 for dataset size SMALL (already done).
Skipping c naive symm repetition 3 for dataset size SMALL (already done).
Skipping c naive symm repetition 3 for dataset size SMALL (already done).
Skipping c naive syr2k repetition 3 for dataset size SMALL (already done).
Skipping c naive syr2k repetition 3 for dataset size SMALL (already done).
Skipping c naive syrk repetition 3 for dataset size SMALL (already done).
Skipping c naive syrk repetition 3 for dataset size SMALL (already done).
Skipping c naive trisolv repetition 3 for dataset size SMALL (already done).
Skipping c naive trisolv repetition 3 for dataset size SMALL (already done).
Skipping c naive trmm repetition 3 for dataset size SMALL (already done).
Skipping c naive trmm repetition 3 for dataset size SMALL (already done).
-- The C compiler identification is GNU 15.2.0
-- Detecting C compiler ABI info
-- Detecting C compiler ABI info - done
-- Check for working C compiler: /usr/local/latestgcc/bin/gcc - skipped
-- Detecting C compile features
-- Detecting C compile features - done
-- Configuring done (0.3s)
-- Generating done (0.7s)
-- Build files have been written to: /home/kleplj/naive/optimization/naive/PolybenchC-4.2.1/build
[  6%] Building C object CMakeFiles/correlation.dir/datamining/correlation/correlation.c.o
[ 11%] Building C object CMakeFiles/trisolv.dir/utilities/polybench.c.o
[  6%] Building C object CMakeFiles/correlation.dir/utilities/polybench.c.o
[  6%] Building C object CMakeFiles/covariance.dir/datamining/covariance/covariance.c.o
[ 13%] Building C object CMakeFiles/covariance.dir/utilities/polybench.c.o
[ 13%] Building C object CMakeFiles/trisolv.dir/linear-algebra/solvers/trisolv/trisolv.c.o
[ 13%] Building C object CMakeFiles/cholesky.dir/linear-algebra/solvers/cholesky/cholesky.c.o
[ 13%] Building C object CMakeFiles/lu.dir/utilities/polybench.c.o
[ 13%] Building C object CMakeFiles/lu.dir/linear-algebra/solvers/lu/lu.c.o
[ 13%] Building C object CMakeFiles/cholesky.dir/utilities/polybench.c.o
[ 34%] Building C object CMakeFiles/syrk.dir/linear-algebra/blas/syrk/syrk.c.o
[ 66%] Building C object CMakeFiles/durbin.dir/linear-algebra/solvers/durbin/durbin.c.o
[ 66%] Building C object CMakeFiles/gemm.dir/utilities/polybench.c.o
[ 66%] Building C object CMakeFiles/3mm.dir/linear-algebra/kernels/3mm/3mm.c.o
[ 66%] Building C object CMakeFiles/gemver.dir/utilities/polybench.c.o
[ 66%] Building C object CMakeFiles/ludcmp.dir/utilities/polybench.c.o
[ 66%] Building C object CMakeFiles/symm.dir/linear-algebra/blas/symm/symm.c.o
[ 66%] Building C object CMakeFiles/syr2k.dir/utilities/polybench.c.o
[ 66%] Building C object CMakeFiles/adi.dir/utilities/polybench.c.o
[ 66%] Building C object CMakeFiles/durbin.dir/utilities/polybench.c.o
[ 66%] Building C object CMakeFiles/jacobi-1d.dir/utilities/polybench.c.o
[ 66%] Building C object CMakeFiles/jacobi-2d.dir/utilities/polybench.c.o
[ 66%] Building C object CMakeFiles/nussinov.dir/medley/nussinov/nussinov.c.o
[ 66%] Building C object CMakeFiles/heat-3d.dir/stencils/heat-3d/heat-3d.c.o
[ 66%] Building C object CMakeFiles/adi.dir/stencils/adi/adi.c.o
[ 66%] Building C object CMakeFiles/fdtd-2d.dir/utilities/polybench.c.o
[ 66%] Building C object CMakeFiles/jacobi-1d.dir/stencils/jacobi-1d/jacobi-1d.c.o
[ 66%] Building C object CMakeFiles/bicg.dir/utilities/polybench.c.o
[ 66%] Building C object CMakeFiles/deriche.dir/utilities/polybench.c.o
[ 66%] Building C object CMakeFiles/2mm.dir/linear-algebra/kernels/2mm/2mm.c.o
[ 66%] Building C object CMakeFiles/doitgen.dir/utilities/polybench.c.o
[ 66%] Building C object CMakeFiles/gemm.dir/linear-algebra/blas/gemm/gemm.c.o
[ 66%] Building C object CMakeFiles/floyd-warshall.dir/medley/floyd-warshall/floyd-warshall.c.o
[ 66%] Building C object CMakeFiles/seidel-2d.dir/stencils/seidel-2d/seidel-2d.c.o
[ 66%] Building C object CMakeFiles/2mm.dir/utilities/polybench.c.o
[ 66%] Building C object CMakeFiles/floyd-warshall.dir/utilities/polybench.c.o
[ 66%] Building C object CMakeFiles/3mm.dir/utilities/polybench.c.o
[ 66%] Building C object CMakeFiles/gramschmidt.dir/utilities/polybench.c.o
[ 66%] Building C object CMakeFiles/doitgen.dir/linear-algebra/kernels/doitgen/doitgen.c.o
[ 66%] Building C object CMakeFiles/bicg.dir/linear-algebra/kernels/bicg/bicg.c.o
[ 66%] Building C object CMakeFiles/gesummv.dir/linear-algebra/blas/gesummv/gesummv.c.o
[ 66%] Building C object CMakeFiles/ludcmp.dir/linear-algebra/solvers/ludcmp/ludcmp.c.o
[ 66%] Building C object CMakeFiles/heat-3d.dir/utilities/polybench.c.o
[ 66%] Building C object CMakeFiles/gesummv.dir/utilities/polybench.c.o
[ 66%] Building C object CMakeFiles/gemver.dir/linear-algebra/blas/gemver/gemver.c.o
[ 66%] Building C object CMakeFiles/atax.dir/linear-algebra/kernels/atax/atax.c.o
[ 66%] Building C object CMakeFiles/mvt.dir/utilities/polybench.c.o
[ 66%] Building C object CMakeFiles/seidel-2d.dir/utilities/polybench.c.o
[ 66%] Building C object CMakeFiles/fdtd-2d.dir/stencils/fdtd-2d/fdtd-2d.c.o
[ 66%] Building C object CMakeFiles/deriche.dir/medley/deriche/deriche.c.o
[ 66%] Building C object CMakeFiles/mvt.dir/linear-algebra/kernels/mvt/mvt.c.o
[ 66%] Building C object CMakeFiles/trmm.dir/utilities/polybench.c.o
[ 66%] Building C object CMakeFiles/jacobi-2d.dir/stencils/jacobi-2d/jacobi-2d.c.o
[ 66%] Building C object CMakeFiles/nussinov.dir/utilities/polybench.c.o
[ 66%] Building C object CMakeFiles/symm.dir/utilities/polybench.c.o
[ 66%] Building C object CMakeFiles/gramschmidt.dir/linear-algebra/solvers/gramschmidt/gramschmidt.c.o
[ 66%] Building C object CMakeFiles/trmm.dir/linear-algebra/blas/trmm/trmm.c.o
[ 66%] Building C object CMakeFiles/syr2k.dir/linear-algebra/blas/syr2k/syr2k.c.o
[ 66%] Building C object CMakeFiles/syrk.dir/utilities/polybench.c.o
[ 66%] Building C object CMakeFiles/atax.dir/utilities/polybench.c.o
[ 67%] Linking C executable covariance
[ 68%] Linking C executable durbin
[ 71%] Linking C executable floyd-warshall
[ 71%] Linking C executable seidel-2d
[ 72%] Linking C executable jacobi-1d
[ 73%] Linking C executable trmm
[ 75%] Linking C executable syr2k
[ 75%] Linking C executable gesummv
[ 80%] Linking C executable atax
[ 81%] Linking C executable jacobi-2d
[ 81%] Linking C executable trisolv
[ 81%] Linking C executable lu
[ 81%] Linking C executable bicg
[ 82%] Linking C executable deriche
[ 82%] Built target covariance
[ 83%] Linking C executable mvt
[ 84%] Linking C executable gemver
[ 84%] Built target durbin
[ 86%] Built target floyd-warshall
[ 86%] Linking C executable doitgen
[ 86%] Linking C executable syrk
[ 86%] Built target seidel-2d
[ 86%] Built target jacobi-1d
[ 87%] Linking C executable 3mm
[ 87%] Built target trmm
[ 87%] Built target syr2k
[ 90%] Built target gesummv
[ 91%] Built target atax
[ 91%] Linking C executable fdtd-2d
[ 91%] Linking C executable cholesky
[ 91%] Linking C executable correlation
[ 91%] Built target jacobi-2d
[ 91%] Built target lu
[ 91%] Built target trisolv
[ 91%] Built target bicg
[ 91%] Built target deriche
[ 93%] Linking C executable adi
[ 93%] Linking C executable gemm
[ 93%] Built target mvt
[ 94%] Linking C executable symm
[ 95%] Linking C executable 2mm
[ 95%] Built target gemver
[ 95%] Built target doitgen
[ 95%] Built target syrk
[ 95%] Built target 3mm
[ 96%] Linking C executable gramschmidt
[ 96%] Built target cholesky
[ 96%] Built target correlation
[ 96%] Built target fdtd-2d
[ 96%] Built target adi
[ 96%] Built target gemm
[ 96%] Built target symm
[ 96%] Built target 2mm
[ 96%] Built target gramschmidt
[ 97%] Linking C executable ludcmp
[ 97%] Built target ludcmp
Skipping c naive 2mm repetition 4 for dataset size SMALL (already done).
Skipping c naive 2mm repetition 4 for dataset size SMALL (already done).
Skipping c naive 3mm repetition 4 for dataset size SMALL (already done).
Skipping c naive 3mm repetition 4 for dataset size SMALL (already done).
Skipping c naive adi repetition 4 for dataset size SMALL (already done).
Skipping c naive adi repetition 4 for dataset size SMALL (already done).
Skipping c naive atax repetition 4 for dataset size SMALL (already done).
Skipping c naive atax repetition 4 for dataset size SMALL (already done).
Skipping c naive bicg repetition 4 for dataset size SMALL (already done).
Skipping c naive bicg repetition 4 for dataset size SMALL (already done).
Skipping c naive cholesky repetition 4 for dataset size SMALL (already done).
Skipping c naive cholesky repetition 4 for dataset size SMALL (already done).
Skipping c naive correlation repetition 4 for dataset size SMALL (already done).
Skipping c naive correlation repetition 4 for dataset size SMALL (already done).
Skipping c naive covariance repetition 4 for dataset size SMALL (already done).
Skipping c naive covariance repetition 4 for dataset size SMALL (already done).
Skipping c naive deriche repetition 4 for dataset size SMALL (already done).
Skipping c naive deriche repetition 4 for dataset size SMALL (already done).
Skipping c naive doitgen repetition 4 for dataset size SMALL (already done).
Skipping c naive doitgen repetition 4 for dataset size SMALL (already done).
Skipping c naive durbin repetition 4 for dataset size SMALL (already done).
Skipping c naive durbin repetition 4 for dataset size SMALL (already done).
Skipping c naive fdtd-2d repetition 4 for dataset size SMALL (already done).
Skipping c naive fdtd-2d repetition 4 for dataset size SMALL (already done).
Skipping c naive floyd-warshall repetition 4 for dataset size SMALL (already done).
Skipping c naive floyd-warshall repetition 4 for dataset size SMALL (already done).
Skipping c naive gemm repetition 4 for dataset size SMALL (already done).
Skipping c naive gemm repetition 4 for dataset size SMALL (already done).
Skipping c naive gemver repetition 4 for dataset size SMALL (already done).
Skipping c naive gemver repetition 4 for dataset size SMALL (already done).
Skipping c naive gesummv repetition 4 for dataset size SMALL (already done).
Skipping c naive gesummv repetition 4 for dataset size SMALL (already done).
Skipping c naive jacobi-1d repetition 4 for dataset size SMALL (already done).
Skipping c naive jacobi-1d repetition 4 for dataset size SMALL (already done).
Skipping c naive jacobi-2d repetition 4 for dataset size SMALL (already done).
Skipping c naive jacobi-2d repetition 4 for dataset size SMALL (already done).
Skipping c naive lu repetition 4 for dataset size SMALL (already done).
Skipping c naive lu repetition 4 for dataset size SMALL (already done).
Skipping c naive ludcmp repetition 4 for dataset size SMALL (already done).
Skipping c naive ludcmp repetition 4 for dataset size SMALL (already done).
Skipping c naive mvt repetition 4 for dataset size SMALL (already done).
Skipping c naive mvt repetition 4 for dataset size SMALL (already done).
Skipping c naive seidel-2d repetition 4 for dataset size SMALL (already done).
Skipping c naive seidel-2d repetition 4 for dataset size SMALL (already done).
Skipping c naive symm repetition 4 for dataset size SMALL (already done).
Skipping c naive symm repetition 4 for dataset size SMALL (already done).
Skipping c naive syr2k repetition 4 for dataset size SMALL (already done).
Skipping c naive syr2k repetition 4 for dataset size SMALL (already done).
Skipping c naive syrk repetition 4 for dataset size SMALL (already done).
Skipping c naive syrk repetition 4 for dataset size SMALL (already done).
Skipping c naive trisolv repetition 4 for dataset size SMALL (already done).
Skipping c naive trisolv repetition 4 for dataset size SMALL (already done).
Skipping c naive trmm repetition 4 for dataset size SMALL (already done).
Skipping c naive trmm repetition 4 for dataset size SMALL (already done).
-- The C compiler identification is GNU 15.2.0
-- Detecting C compiler ABI info
-- Detecting C compiler ABI info - done
-- Check for working C compiler: /usr/local/latestgcc/bin/gcc - skipped
-- Detecting C compile features
-- Detecting C compile features - done
-- Configuring done (0.3s)
-- Generating done (0.8s)
-- Build files have been written to: /home/kleplj/naive/optimization/naive/PolybenchC-4.2.1/build
[  4%] Building C object CMakeFiles/covariance.dir/datamining/covariance/covariance.c.o
[  4%] Building C object CMakeFiles/covariance.dir/utilities/polybench.c.o
[ 10%] Building C object CMakeFiles/correlation.dir/utilities/polybench.c.o
[ 17%] Building C object CMakeFiles/durbin.dir/utilities/polybench.c.o
[ 10%] Building C object CMakeFiles/lu.dir/linear-algebra/solvers/lu/lu.c.o
[ 10%] Building C object CMakeFiles/correlation.dir/datamining/correlation/correlation.c.o
[ 10%] Building C object CMakeFiles/gramschmidt.dir/linear-algebra/solvers/gramschmidt/gramschmidt.c.o
[ 20%] Building C object CMakeFiles/trisolv.dir/linear-algebra/solvers/trisolv/trisolv.c.o
[ 54%] Building C object CMakeFiles/lu.dir/utilities/polybench.c.o
[ 54%] Building C object CMakeFiles/ludcmp.dir/linear-algebra/solvers/ludcmp/ludcmp.c.o
[ 54%] Building C object CMakeFiles/durbin.dir/linear-algebra/solvers/durbin/durbin.c.o
[ 54%] Building C object CMakeFiles/cholesky.dir/linear-algebra/solvers/cholesky/cholesky.c.o
[ 54%] Building C object CMakeFiles/cholesky.dir/utilities/polybench.c.o
[ 54%] Building C object CMakeFiles/symm.dir/linear-algebra/blas/symm/symm.c.o
[ 54%] Building C object CMakeFiles/gramschmidt.dir/utilities/polybench.c.o
[ 54%] Building C object CMakeFiles/trisolv.dir/utilities/polybench.c.o
[ 54%] Building C object CMakeFiles/trmm.dir/linear-algebra/blas/trmm/trmm.c.o
[ 66%] Building C object CMakeFiles/bicg.dir/linear-algebra/kernels/bicg/bicg.c.o
[ 66%] Building C object CMakeFiles/trmm.dir/utilities/polybench.c.o
[ 66%] Building C object CMakeFiles/gemm.dir/linear-algebra/blas/gemm/gemm.c.o
[ 66%] Building C object CMakeFiles/syr2k.dir/utilities/polybench.c.o
[ 66%] Building C object CMakeFiles/syrk.dir/linear-algebra/blas/syrk/syrk.c.o
[ 66%] Building C object CMakeFiles/gesummv.dir/utilities/polybench.c.o
[ 66%] Building C object CMakeFiles/gemver.dir/linear-algebra/blas/gemver/gemver.c.o
[ 66%] Building C object CMakeFiles/gesummv.dir/linear-algebra/blas/gesummv/gesummv.c.o
[ 66%] Building C object CMakeFiles/gemver.dir/utilities/polybench.c.o
[ 66%] Building C object CMakeFiles/symm.dir/utilities/polybench.c.o
[ 66%] Building C object CMakeFiles/doitgen.dir/utilities/polybench.c.o
[ 66%] Building C object CMakeFiles/2mm.dir/linear-algebra/kernels/2mm/2mm.c.o
[ 66%] Building C object CMakeFiles/bicg.dir/utilities/polybench.c.o
[ 66%] Building C object CMakeFiles/atax.dir/utilities/polybench.c.o
[ 66%] Building C object CMakeFiles/gemm.dir/utilities/polybench.c.o
[ 66%] Building C object CMakeFiles/deriche.dir/utilities/polybench.c.o
[ 66%] Building C object CMakeFiles/jacobi-2d.dir/stencils/jacobi-2d/jacobi-2d.c.o
[ 66%] Building C object CMakeFiles/mvt.dir/linear-algebra/kernels/mvt/mvt.c.o
[ 66%] Building C object CMakeFiles/seidel-2d.dir/utilities/polybench.c.o
[ 66%] Building C object CMakeFiles/jacobi-2d.dir/utilities/polybench.c.o
[ 66%] Building C object CMakeFiles/3mm.dir/linear-algebra/kernels/3mm/3mm.c.o
[ 66%] Building C object CMakeFiles/deriche.dir/medley/deriche/deriche.c.o
[ 66%] Building C object CMakeFiles/syrk.dir/utilities/polybench.c.o
[ 66%] Building C object CMakeFiles/ludcmp.dir/utilities/polybench.c.o
[ 66%] Building C object CMakeFiles/2mm.dir/utilities/polybench.c.o
[ 66%] Building C object CMakeFiles/jacobi-1d.dir/utilities/polybench.c.o
[ 66%] Building C object CMakeFiles/floyd-warshall.dir/medley/floyd-warshall/floyd-warshall.c.o
[ 66%] Building C object CMakeFiles/nussinov.dir/utilities/polybench.c.o
[ 66%] Building C object CMakeFiles/seidel-2d.dir/stencils/seidel-2d/seidel-2d.c.o
[ 66%] Building C object CMakeFiles/heat-3d.dir/stencils/heat-3d/heat-3d.c.o
[ 66%] Building C object CMakeFiles/fdtd-2d.dir/stencils/fdtd-2d/fdtd-2d.c.o
[ 66%] Building C object CMakeFiles/floyd-warshall.dir/utilities/polybench.c.o
[ 66%] Building C object CMakeFiles/fdtd-2d.dir/utilities/polybench.c.o
[ 66%] Building C object CMakeFiles/heat-3d.dir/utilities/polybench.c.o
[ 66%] Building C object CMakeFiles/atax.dir/linear-algebra/kernels/atax/atax.c.o
[ 66%] Building C object CMakeFiles/3mm.dir/utilities/polybench.c.o
[ 66%] Building C object CMakeFiles/adi.dir/stencils/adi/adi.c.o
[ 66%] Building C object CMakeFiles/mvt.dir/utilities/polybench.c.o
[ 66%] Building C object CMakeFiles/jacobi-1d.dir/stencils/jacobi-1d/jacobi-1d.c.o
[ 66%] Building C object CMakeFiles/adi.dir/utilities/polybench.c.o
[ 66%] Building C object CMakeFiles/syr2k.dir/linear-algebra/blas/syr2k/syr2k.c.o
[ 66%] Building C object CMakeFiles/doitgen.dir/linear-algebra/kernels/doitgen/doitgen.c.o
[ 66%] Building C object CMakeFiles/nussinov.dir/medley/nussinov/nussinov.c.o
[ 67%] Linking C executable gemver
[ 70%] Linking C executable jacobi-1d
[ 70%] Linking C executable mvt
[ 71%] Linking C executable nussinov
[ 73%] Linking C executable covariance
[ 73%] Linking C executable bicg
[ 74%] Linking C executable deriche
[ 76%] Linking C executable gesummv
[ 76%] Linking C executable durbin
[ 77%] Linking C executable lu
[ 78%] Linking C executable floyd-warshall
[ 80%] Linking C executable correlation
[ 80%] Built target gemver
[ 81%] Linking C executable trmm
[ 81%] Built target jacobi-1d
[ 81%] Built target mvt
[ 82%] Linking C executable fdtd-2d
[ 84%] Linking C executable cholesky
[ 84%] Linking C executable syr2k
[ 84%] Built target nussinov
[ 85%] Linking C executable syrk
[ 85%] Built target covariance
[ 85%] Built target bicg
[ 86%] Linking C executable doitgen
[ 86%] Built target deriche
[ 86%] Built target durbin
[ 87%] Linking C executable heat-3d
[ 87%] Built target gesummv
[ 87%] Built target lu
[ 90%] Linking C executable gramschmidt
[ 91%] Linking C executable seidel-2d
[ 91%] Linking C executable 2mm
[ 91%] Built target floyd-warshall
[ 91%] Built target correlation
[ 92%] Linking C executable gemm
[ 92%] Built target trmm
[ 93%] Linking C executable adi
[ 93%] Built target fdtd-2d
[ 93%] Built target syr2k
[ 93%] Built target cholesky
[ 93%] Built target syrk
[ 94%] Linking C executable ludcmp
[ 94%] Built target doitgen
[ 95%] Linking C executable symm
[ 95%] Built target heat-3d
[ 96%] Built target seidel-2d
[ 96%] Linking C executable 3mm
[ 96%] Built target 2mm
[ 96%] Built target gramschmidt
[ 96%] Built target gemm
[ 96%] Built target adi
[ 96%] Built target ludcmp
[ 96%] Built target symm
[ 96%] Built target 3mm
Skipping c naive 2mm repetition 5 for dataset size SMALL (already done).
Skipping c naive 2mm repetition 5 for dataset size SMALL (already done).
Skipping c naive 3mm repetition 5 for dataset size SMALL (already done).
Skipping c naive 3mm repetition 5 for dataset size SMALL (already done).
Skipping c naive adi repetition 5 for dataset size SMALL (already done).
Skipping c naive adi repetition 5 for dataset size SMALL (already done).
Skipping c naive bicg repetition 5 for dataset size SMALL (already done).
Skipping c naive bicg repetition 5 for dataset size SMALL (already done).
Skipping c naive cholesky repetition 5 for dataset size SMALL (already done).
Skipping c naive cholesky repetition 5 for dataset size SMALL (already done).
Skipping c naive correlation repetition 5 for dataset size SMALL (already done).
Skipping c naive correlation repetition 5 for dataset size SMALL (already done).
Skipping c naive covariance repetition 5 for dataset size SMALL (already done).
Skipping c naive covariance repetition 5 for dataset size SMALL (already done).
Skipping c naive deriche repetition 5 for dataset size SMALL (already done).
Skipping c naive deriche repetition 5 for dataset size SMALL (already done).
Skipping c naive doitgen repetition 5 for dataset size SMALL (already done).
Skipping c naive doitgen repetition 5 for dataset size SMALL (already done).
Skipping c naive durbin repetition 5 for dataset size SMALL (already done).
Skipping c naive durbin repetition 5 for dataset size SMALL (already done).
Skipping c naive fdtd-2d repetition 5 for dataset size SMALL (already done).
Skipping c naive fdtd-2d repetition 5 for dataset size SMALL (already done).
Skipping c naive floyd-warshall repetition 5 for dataset size SMALL (already done).
Skipping c naive floyd-warshall repetition 5 for dataset size SMALL (already done).
Skipping c naive gemm repetition 5 for dataset size SMALL (already done).
Skipping c naive gemm repetition 5 for dataset size SMALL (already done).
Skipping c naive gemver repetition 5 for dataset size SMALL (already done).
Skipping c naive gemver repetition 5 for dataset size SMALL (already done).
Skipping c naive gesummv repetition 5 for dataset size SMALL (already done).
Skipping c naive gesummv repetition 5 for dataset size SMALL (already done).
Skipping c naive heat-3d repetition 5 for dataset size SMALL (already done).
Skipping c naive heat-3d repetition 5 for dataset size SMALL (already done).
Skipping c naive jacobi-1d repetition 5 for dataset size SMALL (already done).
Skipping c naive jacobi-1d repetition 5 for dataset size SMALL (already done).
Skipping c naive lu repetition 5 for dataset size SMALL (already done).
Skipping c naive lu repetition 5 for dataset size SMALL (already done).
Skipping c naive mvt repetition 5 for dataset size SMALL (already done).
Skipping c naive mvt repetition 5 for dataset size SMALL (already done).
Skipping c naive nussinov repetition 5 for dataset size SMALL (already done).
Skipping c naive nussinov repetition 5 for dataset size SMALL (already done).
Skipping c naive seidel-2d repetition 5 for dataset size SMALL (already done).
Skipping c naive seidel-2d repetition 5 for dataset size SMALL (already done).
Skipping c naive symm repetition 5 for dataset size SMALL (already done).
Skipping c naive symm repetition 5 for dataset size SMALL (already done).
Skipping c naive syr2k repetition 5 for dataset size SMALL (already done).
Skipping c naive syr2k repetition 5 for dataset size SMALL (already done).
Skipping c naive syrk repetition 5 for dataset size SMALL (already done).
Skipping c naive syrk repetition 5 for dataset size SMALL (already done).
Skipping c naive trmm repetition 5 for dataset size SMALL (already done).
Skipping c naive trmm repetition 5 for dataset size SMALL (already done).
-- The CXX compiler identification is GNU 15.2.0
-- Detecting CXX compiler ABI info
-- Detecting CXX compiler ABI info - done
-- Check for working CXX compiler: /usr/local/latestgcc/bin/g++ - skipped
-- Detecting CXX compile features
-- Detecting CXX compile features - done
-- Using NOARR_STRUCTURES_DIR from environment: /home/kleplj/naive/submodules/noarr-structures
-- Configuring done (0.4s)
-- Generating done (0.7s)
-- Build files have been written to: /home/kleplj/naive/optimization/naive/PolybenchC-Noarr/build
[  8%] Building CXX object CMakeFiles/covariance.dir/datamining/covariance/covariance.cpp.o
[  8%] Building CXX object CMakeFiles/gemm.dir/linear-algebra/blas/gemm/gemm.cpp.o
[ 11%] Building CXX object CMakeFiles/gesummv.dir/linear-algebra/blas/gesummv/gesummv.cpp.o
[ 11%] Building CXX object CMakeFiles/gemver.dir/linear-algebra/blas/gemver/gemver.cpp.o
[ 11%] Building CXX object CMakeFiles/correlation.dir/datamining/correlation/correlation.cpp.o
[ 21%] Building CXX object CMakeFiles/bicg.dir/linear-algebra/kernels/bicg/bicg.cpp.o
[ 21%] Building CXX object CMakeFiles/syr2k.dir/linear-algebra/blas/syr2k/syr2k.cpp.o
[ 21%] Building CXX object CMakeFiles/2mm.dir/linear-algebra/kernels/2mm/2mm.cpp.o
[ 21%] Building CXX object CMakeFiles/syrk.dir/linear-algebra/blas/syrk/syrk.cpp.o
[ 21%] Building CXX object CMakeFiles/symm.dir/linear-algebra/blas/symm/symm.cpp.o
[ 21%] Building CXX object CMakeFiles/trmm.dir/linear-algebra/blas/trmm/trmm.cpp.o
[ 38%] Building CXX object CMakeFiles/lu.dir/linear-algebra/solvers/lu/lu.cpp.o
[ 50%] Building CXX object CMakeFiles/fdtd-2d.dir/stencils/fdtd-2d/fdtd-2d.cpp.o
[ 50%] Building CXX object CMakeFiles/adi.dir/stencils/adi/adi.cpp.o
[ 50%] Building CXX object CMakeFiles/durbin.dir/linear-algebra/solvers/durbin/durbin.cpp.o
[ 50%] Building CXX object CMakeFiles/heat-3d.dir/stencils/heat-3d/heat-3d.cpp.o
[ 50%] Building CXX object CMakeFiles/cholesky.dir/linear-algebra/solvers/cholesky/cholesky.cpp.o
[ 50%] Building CXX object CMakeFiles/3mm.dir/linear-algebra/kernels/3mm/3mm.cpp.o
[ 50%] Building CXX object CMakeFiles/jacobi-1d.dir/stencils/jacobi-1d/jacobi-1d.cpp.o
[ 50%] Building CXX object CMakeFiles/trisolv.dir/linear-algebra/solvers/trisolv/trisolv.cpp.o
[ 50%] Building CXX object CMakeFiles/mvt.dir/linear-algebra/kernels/mvt/mvt.cpp.o
[ 50%] Building CXX object CMakeFiles/ludcmp.dir/linear-algebra/solvers/ludcmp/ludcmp.cpp.o
[ 50%] Building CXX object CMakeFiles/atax.dir/linear-algebra/kernels/atax/atax.cpp.o
[ 50%] Building CXX object CMakeFiles/gramschmidt.dir/linear-algebra/solvers/gramschmidt/gramschmidt.cpp.o
[ 50%] Building CXX object CMakeFiles/doitgen.dir/linear-algebra/kernels/doitgen/doitgen.cpp.o
[ 50%] Building CXX object CMakeFiles/floyd-warshall.dir/medley/floyd-warshall/floyd-warshall.cpp.o
[ 50%] Building CXX object CMakeFiles/deriche.dir/medley/deriche/deriche.cpp.o
[ 50%] Building CXX object CMakeFiles/nussinov.dir/medley/nussinov/nussinov.cpp.o
[ 50%] Building CXX object CMakeFiles/jacobi-2d.dir/stencils/jacobi-2d/jacobi-2d.cpp.o
[ 50%] Building CXX object CMakeFiles/seidel-2d.dir/stencils/seidel-2d/seidel-2d.cpp.o
[ 53%] Linking CXX executable cholesky
[ 53%] Linking CXX executable nussinov
[ 58%] Linking CXX executable trisolv
[ 58%] Linking CXX executable durbin
[ 58%] Linking CXX executable seidel-2d
[ 61%] Linking CXX executable floyd-warshall
[ 61%] Linking CXX executable gesummv
[ 68%] Linking CXX executable syrk
[ 68%] Linking CXX executable lu
[ 68%] Linking CXX executable adi
[ 68%] Linking CXX executable deriche
[ 71%] Linking CXX executable jacobi-2d
[ 71%] Linking CXX executable atax
[ 75%] Linking CXX executable bicg
[ 76%] Linking CXX executable trmm
[ 76%] Linking CXX executable jacobi-1d
[ 83%] Linking CXX executable gemver
[ 83%] Linking CXX executable mvt
[ 83%] Linking CXX executable symm
[ 83%] Linking CXX executable fdtd-2d
[ 85%] Linking CXX executable doitgen
[ 86%] Linking CXX executable gemm
[ 86%] Built target durbin
[ 88%] Linking CXX executable gramschmidt
[ 90%] Linking CXX executable syr2k
[ 90%] Built target trisolv
[ 91%] Built target seidel-2d
[ 91%] Linking CXX executable covariance
[ 91%] Built target gesummv
[ 91%] Built target floyd-warshall
[ 91%] Built target syrk
[ 91%] Built target lu
[ 91%] Built target trmm
[ 91%] Built target mvt
[ 91%] Built target deriche
[ 91%] Built target adi
[ 91%] Built target jacobi-2d
[ 91%] Built target atax
[ 91%] Built target bicg
[ 91%] Built target gemver
[ 91%] Built target jacobi-1d
[ 91%] Built target fdtd-2d
[ 91%] Built target symm
[ 91%] Built target doitgen
[ 91%] Built target gemm
[ 93%] Linking CXX executable heat-3d
[ 93%] Built target gramschmidt
[ 93%] Built target syr2k
[ 93%] Built target covariance
[ 93%] Built target heat-3d
[ 95%] Linking CXX executable ludcmp
[ 95%] Built target ludcmp
[ 96%] Linking CXX executable correlation
[ 96%] Built target correlation
[ 98%] Linking CXX executable 2mm
[ 98%] Built target 2mm
[100%] Linking CXX executable 3mm
[100%] Built target 3mm
Skipping noarr naive 2mm repetition 1 for dataset size SMALL (already done).
Skipping noarr naive 2mm repetition 1 for dataset size SMALL (already done).
Skipping noarr naive 3mm repetition 1 for dataset size SMALL (already done).
Skipping noarr naive 3mm repetition 1 for dataset size SMALL (already done).
Skipping noarr naive adi repetition 1 for dataset size SMALL (already done).
Skipping noarr naive adi repetition 1 for dataset size SMALL (already done).
Skipping noarr naive atax repetition 1 for dataset size SMALL (already done).
Skipping noarr naive atax repetition 1 for dataset size SMALL (already done).
Skipping noarr naive bicg repetition 1 for dataset size SMALL (already done).
Skipping noarr naive bicg repetition 1 for dataset size SMALL (already done).
Skipping noarr naive correlation repetition 1 for dataset size SMALL (already done).
Skipping noarr naive correlation repetition 1 for dataset size SMALL (already done).
Skipping noarr naive covariance repetition 1 for dataset size SMALL (already done).
Skipping noarr naive covariance repetition 1 for dataset size SMALL (already done).
Skipping noarr naive deriche repetition 1 for dataset size SMALL (already done).
Skipping noarr naive deriche repetition 1 for dataset size SMALL (already done).
Skipping noarr naive doitgen repetition 1 for dataset size SMALL (already done).
Skipping noarr naive doitgen repetition 1 for dataset size SMALL (already done).
Skipping noarr naive durbin repetition 1 for dataset size SMALL (already done).
Skipping noarr naive durbin repetition 1 for dataset size SMALL (already done).
Skipping noarr naive fdtd-2d repetition 1 for dataset size SMALL (already done).
Skipping noarr naive fdtd-2d repetition 1 for dataset size SMALL (already done).
Skipping noarr naive floyd-warshall repetition 1 for dataset size SMALL (already done).
Skipping noarr naive floyd-warshall repetition 1 for dataset size SMALL (already done).
Skipping noarr naive gemm repetition 1 for dataset size SMALL (already done).
Skipping noarr naive gemm repetition 1 for dataset size SMALL (already done).
Skipping noarr naive gemver repetition 1 for dataset size SMALL (already done).
Skipping noarr naive gemver repetition 1 for dataset size SMALL (already done).
Skipping noarr naive gesummv repetition 1 for dataset size SMALL (already done).
Skipping noarr naive gesummv repetition 1 for dataset size SMALL (already done).
Skipping noarr naive heat-3d repetition 1 for dataset size SMALL (already done).
Skipping noarr naive heat-3d repetition 1 for dataset size SMALL (already done).
Skipping noarr naive jacobi-1d repetition 1 for dataset size SMALL (already done).
Skipping noarr naive jacobi-1d repetition 1 for dataset size SMALL (already done).
Skipping noarr naive jacobi-2d repetition 1 for dataset size SMALL (already done).
Skipping noarr naive jacobi-2d repetition 1 for dataset size SMALL (already done).
Skipping noarr naive lu repetition 1 for dataset size SMALL (already done).
Skipping noarr naive lu repetition 1 for dataset size SMALL (already done).
Skipping noarr naive ludcmp repetition 1 for dataset size SMALL (already done).
Skipping noarr naive ludcmp repetition 1 for dataset size SMALL (already done).
Skipping noarr naive mvt repetition 1 for dataset size SMALL (already done).
Skipping noarr naive mvt repetition 1 for dataset size SMALL (already done).
Skipping noarr naive seidel-2d repetition 1 for dataset size SMALL (already done).
Skipping noarr naive seidel-2d repetition 1 for dataset size SMALL (already done).
Skipping noarr naive syr2k repetition 1 for dataset size SMALL (already done).
Skipping noarr naive syr2k repetition 1 for dataset size SMALL (already done).
Skipping noarr naive syrk repetition 1 for dataset size SMALL (already done).
Skipping noarr naive syrk repetition 1 for dataset size SMALL (already done).
Skipping noarr naive trisolv repetition 1 for dataset size SMALL (already done).
Skipping noarr naive trisolv repetition 1 for dataset size SMALL (already done).
Skipping noarr naive trmm repetition 1 for dataset size SMALL (already done).
Skipping noarr naive trmm repetition 1 for dataset size SMALL (already done).
-- The CXX compiler identification is GNU 15.2.0
-- Detecting CXX compiler ABI info
-- Detecting CXX compiler ABI info - done
-- Check for working CXX compiler: /usr/local/latestgcc/bin/g++ - skipped
-- Detecting CXX compile features
-- Detecting CXX compile features - done
-- Using NOARR_STRUCTURES_DIR from environment: /home/kleplj/naive/submodules/noarr-structures
-- Configuring done (0.4s)
-- Generating done (0.7s)
-- Build files have been written to: /home/kleplj/naive/optimization/naive/PolybenchC-Noarr/build
[  8%] Building CXX object CMakeFiles/covariance.dir/datamining/covariance/covariance.cpp.o
[  8%] Building CXX object CMakeFiles/correlation.dir/datamining/correlation/correlation.cpp.o
[ 13%] Building CXX object CMakeFiles/symm.dir/linear-algebra/blas/symm/symm.cpp.o
[ 13%] Building CXX object CMakeFiles/gesummv.dir/linear-algebra/blas/gesummv/gesummv.cpp.o
[ 13%] Building CXX object CMakeFiles/gemver.dir/linear-algebra/blas/gemver/gemver.cpp.o
[ 21%] Building CXX object CMakeFiles/trmm.dir/linear-algebra/blas/trmm/trmm.cpp.o
[ 21%] Building CXX object CMakeFiles/syr2k.dir/linear-algebra/blas/syr2k/syr2k.cpp.o
[ 21%] Building CXX object CMakeFiles/2mm.dir/linear-algebra/kernels/2mm/2mm.cpp.o
[ 21%] Building CXX object CMakeFiles/gemm.dir/linear-algebra/blas/gemm/gemm.cpp.o
[ 21%] Building CXX object CMakeFiles/syrk.dir/linear-algebra/blas/syrk/syrk.cpp.o
[ 21%] Building CXX object CMakeFiles/3mm.dir/linear-algebra/kernels/3mm/3mm.cpp.o
[ 38%] Building CXX object CMakeFiles/durbin.dir/linear-algebra/solvers/durbin/durbin.cpp.o
[ 50%] Building CXX object CMakeFiles/trisolv.dir/linear-algebra/solvers/trisolv/trisolv.cpp.o
[ 50%] Building CXX object CMakeFiles/deriche.dir/medley/deriche/deriche.cpp.o
[ 50%] Building CXX object CMakeFiles/gramschmidt.dir/linear-algebra/solvers/gramschmidt/gramschmidt.cpp.o
[ 50%] Building CXX object CMakeFiles/fdtd-2d.dir/stencils/fdtd-2d/fdtd-2d.cpp.o
[ 50%] Building CXX object CMakeFiles/ludcmp.dir/linear-algebra/solvers/ludcmp/ludcmp.cpp.o
[ 50%] Building CXX object CMakeFiles/atax.dir/linear-algebra/kernels/atax/atax.cpp.o
[ 50%] Building CXX object CMakeFiles/doitgen.dir/linear-algebra/kernels/doitgen/doitgen.cpp.o
[ 50%] Building CXX object CMakeFiles/mvt.dir/linear-algebra/kernels/mvt/mvt.cpp.o
[ 50%] Building CXX object CMakeFiles/bicg.dir/linear-algebra/kernels/bicg/bicg.cpp.o
[ 50%] Building CXX object CMakeFiles/cholesky.dir/linear-algebra/solvers/cholesky/cholesky.cpp.o
[ 50%] Building CXX object CMakeFiles/jacobi-1d.dir/stencils/jacobi-1d/jacobi-1d.cpp.o
[ 50%] Building CXX object CMakeFiles/heat-3d.dir/stencils/heat-3d/heat-3d.cpp.o
[ 50%] Building CXX object CMakeFiles/nussinov.dir/medley/nussinov/nussinov.cpp.o
[ 50%] Building CXX object CMakeFiles/adi.dir/stencils/adi/adi.cpp.o
[ 50%] Building CXX object CMakeFiles/lu.dir/linear-algebra/solvers/lu/lu.cpp.o
[ 50%] Building CXX object CMakeFiles/floyd-warshall.dir/medley/floyd-warshall/floyd-warshall.cpp.o
[ 50%] Building CXX object CMakeFiles/seidel-2d.dir/stencils/seidel-2d/seidel-2d.cpp.o
[ 50%] Building CXX object CMakeFiles/jacobi-2d.dir/stencils/jacobi-2d/jacobi-2d.cpp.o
[ 51%] Linking CXX executable cholesky
[ 53%] Linking CXX executable nussinov
[ 55%] Linking CXX executable durbin
[ 55%] Built target durbin
[ 56%] Linking CXX executable floyd-warshall
[ 58%] Linking CXX executable gesummv
[ 60%] Linking CXX executable mvt
[ 61%] Linking CXX executable bicg
[ 61%] Built target floyd-warshall
[ 61%] Built target gesummv
[ 63%] Linking CXX executable trisolv
[ 63%] Built target mvt
[ 65%] Linking CXX executable atax
[ 65%] Built target bicg
[ 66%] Linking CXX executable adi
[ 66%] Built target trisolv
[ 68%] Built target atax
[ 68%] Linking CXX executable trmm
[ 70%] Linking CXX executable seidel-2d
[ 70%] Built target adi
[ 71%] Linking CXX executable lu
[ 73%] Linking CXX executable syrk
[ 73%] Built target trmm
[ 75%] Linking CXX executable syr2k
[ 75%] Built target seidel-2d
[ 75%] Built target lu
[ 75%] Built target syrk
[ 76%] Linking CXX executable gemver
[ 78%] Linking CXX executable jacobi-2d
[ 78%] Built target syr2k
[ 80%] Linking CXX executable doitgen
[ 81%] Linking CXX executable gramschmidt
[ 81%] Built target gemver
[ 81%] Built target jacobi-2d
[ 83%] Linking CXX executable gemm
[ 86%] Linking CXX executable symm
[ 86%] Linking CXX executable fdtd-2d
[ 86%] Built target doitgen
[ 86%] Built target gramschmidt
[ 86%] Built target gemm
[ 86%] Built target symm
[ 88%] Linking CXX executable ludcmp
[ 88%] Built target fdtd-2d
[ 90%] Linking CXX executable covariance
[ 90%] Built target ludcmp
[ 90%] Built target covariance
[ 91%] Linking CXX executable heat-3d
[ 93%] Linking CXX executable correlation
[ 93%] Built target heat-3d
[ 93%] Built target correlation
[ 95%] Linking CXX executable 2mm
[ 95%] Built target 2mm
[ 96%] Linking CXX executable 3mm
[ 96%] Built target 3mm
Skipping noarr naive 2mm repetition 2 for dataset size SMALL (already done).
Skipping noarr naive 2mm repetition 2 for dataset size SMALL (already done).
Skipping noarr naive 3mm repetition 2 for dataset size SMALL (already done).
Skipping noarr naive 3mm repetition 2 for dataset size SMALL (already done).
Skipping noarr naive adi repetition 2 for dataset size SMALL (already done).
Skipping noarr naive adi repetition 2 for dataset size SMALL (already done).
Skipping noarr naive atax repetition 2 for dataset size SMALL (already done).
Skipping noarr naive atax repetition 2 for dataset size SMALL (already done).
Skipping noarr naive bicg repetition 2 for dataset size SMALL (already done).
Skipping noarr naive bicg repetition 2 for dataset size SMALL (already done).
Skipping noarr naive correlation repetition 2 for dataset size SMALL (already done).
Skipping noarr naive correlation repetition 2 for dataset size SMALL (already done).
Skipping noarr naive covariance repetition 2 for dataset size SMALL (already done).
Skipping noarr naive covariance repetition 2 for dataset size SMALL (already done).
Skipping noarr naive doitgen repetition 2 for dataset size SMALL (already done).
Skipping noarr naive doitgen repetition 2 for dataset size SMALL (already done).
Skipping noarr naive durbin repetition 2 for dataset size SMALL (already done).
Skipping noarr naive durbin repetition 2 for dataset size SMALL (already done).
Skipping noarr naive fdtd-2d repetition 2 for dataset size SMALL (already done).
Skipping noarr naive fdtd-2d repetition 2 for dataset size SMALL (already done).
Skipping noarr naive floyd-warshall repetition 2 for dataset size SMALL (already done).
Skipping noarr naive floyd-warshall repetition 2 for dataset size SMALL (already done).
Skipping noarr naive gemm repetition 2 for dataset size SMALL (already done).
Skipping noarr naive gemm repetition 2 for dataset size SMALL (already done).
Skipping noarr naive gemver repetition 2 for dataset size SMALL (already done).
Skipping noarr naive gemver repetition 2 for dataset size SMALL (already done).
Skipping noarr naive gesummv repetition 2 for dataset size SMALL (already done).
Skipping noarr naive gesummv repetition 2 for dataset size SMALL (already done).
Skipping noarr naive heat-3d repetition 2 for dataset size SMALL (already done).
Skipping noarr naive heat-3d repetition 2 for dataset size SMALL (already done).
Skipping noarr naive jacobi-2d repetition 2 for dataset size SMALL (already done).
Skipping noarr naive jacobi-2d repetition 2 for dataset size SMALL (already done).
Skipping noarr naive lu repetition 2 for dataset size SMALL (already done).
Skipping noarr naive lu repetition 2 for dataset size SMALL (already done).
Skipping noarr naive ludcmp repetition 2 for dataset size SMALL (already done).
Skipping noarr naive ludcmp repetition 2 for dataset size SMALL (already done).
Skipping noarr naive mvt repetition 2 for dataset size SMALL (already done).
Skipping noarr naive mvt repetition 2 for dataset size SMALL (already done).
Skipping noarr naive seidel-2d repetition 2 for dataset size SMALL (already done).
Skipping noarr naive seidel-2d repetition 2 for dataset size SMALL (already done).
Skipping noarr naive symm repetition 2 for dataset size SMALL (already done).
Skipping noarr naive symm repetition 2 for dataset size SMALL (already done).
Skipping noarr naive syr2k repetition 2 for dataset size SMALL (already done).
Skipping noarr naive syr2k repetition 2 for dataset size SMALL (already done).
Skipping noarr naive syrk repetition 2 for dataset size SMALL (already done).
Skipping noarr naive syrk repetition 2 for dataset size SMALL (already done).
Skipping noarr naive trisolv repetition 2 for dataset size SMALL (already done).
Skipping noarr naive trisolv repetition 2 for dataset size SMALL (already done).
Skipping noarr naive trmm repetition 2 for dataset size SMALL (already done).
Skipping noarr naive trmm repetition 2 for dataset size SMALL (already done).
-- The CXX compiler identification is GNU 15.2.0
-- Detecting CXX compiler ABI info
-- Detecting CXX compiler ABI info - done
-- Check for working CXX compiler: /usr/local/latestgcc/bin/g++ - skipped
-- Detecting CXX compile features
-- Detecting CXX compile features - done
-- Using NOARR_STRUCTURES_DIR from environment: /home/kleplj/naive/submodules/noarr-structures
-- Configuring done (0.4s)
-- Generating done (0.7s)
-- Build files have been written to: /home/kleplj/naive/optimization/naive/PolybenchC-Noarr/build
[ 10%] Building CXX object CMakeFiles/correlation.dir/datamining/correlation/correlation.cpp.o
[ 10%] Building CXX object CMakeFiles/covariance.dir/datamining/covariance/covariance.cpp.o
[ 10%] Building CXX object CMakeFiles/gemm.dir/linear-algebra/blas/gemm/gemm.cpp.o
[ 10%] Building CXX object CMakeFiles/gemver.dir/linear-algebra/blas/gemver/gemver.cpp.o
[ 20%] Building CXX object CMakeFiles/gesummv.dir/linear-algebra/blas/gesummv/gesummv.cpp.o
[ 20%] Building CXX object CMakeFiles/syrk.dir/linear-algebra/blas/syrk/syrk.cpp.o
[ 20%] Building CXX object CMakeFiles/symm.dir/linear-algebra/blas/symm/symm.cpp.o
[ 20%] Building CXX object CMakeFiles/cholesky.dir/linear-algebra/solvers/cholesky/cholesky.cpp.o
[ 20%] Building CXX object CMakeFiles/syr2k.dir/linear-algebra/blas/syr2k/syr2k.cpp.o
[ 20%] Building CXX object CMakeFiles/trmm.dir/linear-algebra/blas/trmm/trmm.cpp.o
[ 35%] Building CXX object CMakeFiles/atax.dir/linear-algebra/kernels/atax/atax.cpp.o
[ 50%] Building CXX object CMakeFiles/floyd-warshall.dir/medley/floyd-warshall/floyd-warshall.cpp.o
[ 50%] Building CXX object CMakeFiles/deriche.dir/medley/deriche/deriche.cpp.o
[ 50%] Building CXX object CMakeFiles/fdtd-2d.dir/stencils/fdtd-2d/fdtd-2d.cpp.o
[ 50%] Building CXX object CMakeFiles/trisolv.dir/linear-algebra/solvers/trisolv/trisolv.cpp.o
[ 50%] Building CXX object CMakeFiles/2mm.dir/linear-algebra/kernels/2mm/2mm.cpp.o
[ 50%] Building CXX object CMakeFiles/adi.dir/stencils/adi/adi.cpp.o
[ 50%] Building CXX object CMakeFiles/mvt.dir/linear-algebra/kernels/mvt/mvt.cpp.o
[ 50%] Building CXX object CMakeFiles/3mm.dir/linear-algebra/kernels/3mm/3mm.cpp.o
[ 50%] Building CXX object CMakeFiles/bicg.dir/linear-algebra/kernels/bicg/bicg.cpp.o
[ 50%] Building CXX object CMakeFiles/durbin.dir/linear-algebra/solvers/durbin/durbin.cpp.o
[ 50%] Building CXX object CMakeFiles/lu.dir/linear-algebra/solvers/lu/lu.cpp.o
[ 50%] Building CXX object CMakeFiles/nussinov.dir/medley/nussinov/nussinov.cpp.o
[ 50%] Building CXX object CMakeFiles/jacobi-1d.dir/stencils/jacobi-1d/jacobi-1d.cpp.o
[ 50%] Building CXX object CMakeFiles/doitgen.dir/linear-algebra/kernels/doitgen/doitgen.cpp.o
[ 50%] Building CXX object CMakeFiles/heat-3d.dir/stencils/heat-3d/heat-3d.cpp.o
[ 50%] Building CXX object CMakeFiles/jacobi-2d.dir/stencils/jacobi-2d/jacobi-2d.cpp.o
[ 50%] Building CXX object CMakeFiles/gramschmidt.dir/linear-algebra/solvers/gramschmidt/gramschmidt.cpp.o
[ 50%] Building CXX object CMakeFiles/ludcmp.dir/linear-algebra/solvers/ludcmp/ludcmp.cpp.o
[ 50%] Building CXX object CMakeFiles/seidel-2d.dir/stencils/seidel-2d/seidel-2d.cpp.o
[ 51%] Linking CXX executable cholesky
[ 53%] Linking CXX executable nussinov
[ 55%] Linking CXX executable jacobi-1d
[ 56%] Linking CXX executable durbin
[ 56%] Built target jacobi-1d
[ 56%] Built target durbin
[ 58%] Linking CXX executable seidel-2d
[ 60%] Linking CXX executable floyd-warshall
[ 61%] Linking CXX executable gesummv
[ 63%] Linking CXX executable trisolv
[ 65%] Linking CXX executable atax
[ 65%] Built target seidel-2d
[ 65%] Built target floyd-warshall
[ 66%] Linking CXX executable mvt
[ 68%] Linking CXX executable bicg
[ 68%] Built target gesummv
[ 70%] Linking CXX executable jacobi-2d
[ 70%] Built target trisolv
[ 70%] Built target atax
[ 70%] Built target mvt
[ 70%] Built target bicg
[ 70%] Built target jacobi-2d
[ 71%] Linking CXX executable deriche
[ 73%] Linking CXX executable trmm
[ 75%] Linking CXX executable lu
[ 75%] Built target deriche
[ 75%] Built target trmm
[ 76%] Linking CXX executable syrk
[ 78%] Linking CXX executable heat-3d
[ 78%] Built target lu
[ 80%] Linking CXX executable gemver
[ 81%] Linking CXX executable gramschmidt
[ 83%] Linking CXX executable symm
[ 85%] Linking CXX executable fdtd-2d
[ 86%] Linking CXX executable doitgen
[ 86%] Built target syrk
[ 86%] Built target heat-3d
[ 86%] Built target gemver
[ 86%] Built target gramschmidt
[ 88%] Linking CXX executable gemm
[ 88%] Built target symm
[ 88%] Built target fdtd-2d
[ 88%] Built target doitgen
[ 90%] Linking CXX executable syr2k
[ 90%] Built target gemm
[ 90%] Built target syr2k
[ 91%] Linking CXX executable covariance
[ 93%] Linking CXX executable ludcmp
[ 93%] Built target covariance
[ 93%] Built target ludcmp
[ 95%] Linking CXX executable adi
[ 95%] Built target adi
[ 96%] Linking CXX executable 2mm
[ 96%] Built target 2mm
[ 98%] Linking CXX executable correlation
[ 98%] Built target correlation
[100%] Linking CXX executable 3mm
[100%] Built target 3mm
Skipping noarr naive 2mm repetition 3 for dataset size SMALL (already done).
Skipping noarr naive 2mm repetition 3 for dataset size SMALL (already done).
Skipping noarr naive 3mm repetition 3 for dataset size SMALL (already done).
Skipping noarr naive 3mm repetition 3 for dataset size SMALL (already done).
Skipping noarr naive atax repetition 3 for dataset size SMALL (already done).
Skipping noarr naive atax repetition 3 for dataset size SMALL (already done).
Skipping noarr naive bicg repetition 3 for dataset size SMALL (already done).
Skipping noarr naive bicg repetition 3 for dataset size SMALL (already done).
Skipping noarr naive correlation repetition 3 for dataset size SMALL (already done).
Skipping noarr naive correlation repetition 3 for dataset size SMALL (already done).
Skipping noarr naive covariance repetition 3 for dataset size SMALL (already done).
Skipping noarr naive covariance repetition 3 for dataset size SMALL (already done).
Skipping noarr naive deriche repetition 3 for dataset size SMALL (already done).
Skipping noarr naive deriche repetition 3 for dataset size SMALL (already done).
Skipping noarr naive doitgen repetition 3 for dataset size SMALL (already done).
Skipping noarr naive doitgen repetition 3 for dataset size SMALL (already done).
Skipping noarr naive durbin repetition 3 for dataset size SMALL (already done).
Skipping noarr naive durbin repetition 3 for dataset size SMALL (already done).
Skipping noarr naive fdtd-2d repetition 3 for dataset size SMALL (already done).
Skipping noarr naive fdtd-2d repetition 3 for dataset size SMALL (already done).
Skipping noarr naive floyd-warshall repetition 3 for dataset size SMALL (already done).
Skipping noarr naive floyd-warshall repetition 3 for dataset size SMALL (already done).
Skipping noarr naive gemm repetition 3 for dataset size SMALL (already done).
Skipping noarr naive gemm repetition 3 for dataset size SMALL (already done).
Skipping noarr naive gemver repetition 3 for dataset size SMALL (already done).
Skipping noarr naive gemver repetition 3 for dataset size SMALL (already done).
Skipping noarr naive gesummv repetition 3 for dataset size SMALL (already done).
Skipping noarr naive gesummv repetition 3 for dataset size SMALL (already done).
Skipping noarr naive heat-3d repetition 3 for dataset size SMALL (already done).
Skipping noarr naive heat-3d repetition 3 for dataset size SMALL (already done).
Skipping noarr naive jacobi-1d repetition 3 for dataset size SMALL (already done).
Skipping noarr naive jacobi-1d repetition 3 for dataset size SMALL (already done).
Skipping noarr naive jacobi-2d repetition 3 for dataset size SMALL (already done).
Skipping noarr naive jacobi-2d repetition 3 for dataset size SMALL (already done).
Skipping noarr naive lu repetition 3 for dataset size SMALL (already done).
Skipping noarr naive lu repetition 3 for dataset size SMALL (already done).
Skipping noarr naive ludcmp repetition 3 for dataset size SMALL (already done).
Skipping noarr naive ludcmp repetition 3 for dataset size SMALL (already done).
Skipping noarr naive mvt repetition 3 for dataset size SMALL (already done).
Skipping noarr naive mvt repetition 3 for dataset size SMALL (already done).
Skipping noarr naive seidel-2d repetition 3 for dataset size SMALL (already done).
Skipping noarr naive seidel-2d repetition 3 for dataset size SMALL (already done).
Skipping noarr naive symm repetition 3 for dataset size SMALL (already done).
Skipping noarr naive symm repetition 3 for dataset size SMALL (already done).
Skipping noarr naive syr2k repetition 3 for dataset size SMALL (already done).
Skipping noarr naive syr2k repetition 3 for dataset size SMALL (already done).
Skipping noarr naive syrk repetition 3 for dataset size SMALL (already done).
Skipping noarr naive syrk repetition 3 for dataset size SMALL (already done).
Skipping noarr naive trisolv repetition 3 for dataset size SMALL (already done).
Skipping noarr naive trisolv repetition 3 for dataset size SMALL (already done).
Skipping noarr naive trmm repetition 3 for dataset size SMALL (already done).
Skipping noarr naive trmm repetition 3 for dataset size SMALL (already done).
-- The CXX compiler identification is GNU 15.2.0
-- Detecting CXX compiler ABI info
-- Detecting CXX compiler ABI info - done
-- Check for working CXX compiler: /usr/local/latestgcc/bin/g++ - skipped
-- Detecting CXX compile features
-- Detecting CXX compile features - done
-- Using NOARR_STRUCTURES_DIR from environment: /home/kleplj/naive/submodules/noarr-structures
-- Configuring done (0.4s)
-- Generating done (0.7s)
-- Build files have been written to: /home/kleplj/naive/optimization/naive/PolybenchC-Noarr/build
[ 10%] Building CXX object CMakeFiles/covariance.dir/datamining/covariance/covariance.cpp.o
[ 10%] Building CXX object CMakeFiles/correlation.dir/datamining/correlation/correlation.cpp.o
[ 10%] Building CXX object CMakeFiles/gemm.dir/linear-algebra/blas/gemm/gemm.cpp.o
[ 20%] Building CXX object CMakeFiles/gesummv.dir/linear-algebra/blas/gesummv/gesummv.cpp.o
[ 20%] Building CXX object CMakeFiles/syr2k.dir/linear-algebra/blas/syr2k/syr2k.cpp.o
[ 20%] Building CXX object CMakeFiles/3mm.dir/linear-algebra/kernels/3mm/3mm.cpp.o
[ 20%] Building CXX object CMakeFiles/syrk.dir/linear-algebra/blas/syrk/syrk.cpp.o
[ 20%] Building CXX object CMakeFiles/trmm.dir/linear-algebra/blas/trmm/trmm.cpp.o
[ 20%] Building CXX object CMakeFiles/symm.dir/linear-algebra/blas/symm/symm.cpp.o
[ 20%] Building CXX object CMakeFiles/gemver.dir/linear-algebra/blas/gemver/gemver.cpp.o
[ 38%] Building CXX object CMakeFiles/gramschmidt.dir/linear-algebra/solvers/gramschmidt/gramschmidt.cpp.o
[ 50%] Building CXX object CMakeFiles/lu.dir/linear-algebra/solvers/lu/lu.cpp.o
[ 50%] Building CXX object CMakeFiles/ludcmp.dir/linear-algebra/solvers/ludcmp/ludcmp.cpp.o
[ 50%] Building CXX object CMakeFiles/trisolv.dir/linear-algebra/solvers/trisolv/trisolv.cpp.o
[ 50%] Building CXX object CMakeFiles/cholesky.dir/linear-algebra/solvers/cholesky/cholesky.cpp.o
[ 50%] Building CXX object CMakeFiles/adi.dir/stencils/adi/adi.cpp.o
[ 50%] Building CXX object CMakeFiles/mvt.dir/linear-algebra/kernels/mvt/mvt.cpp.o
[ 50%] Building CXX object CMakeFiles/nussinov.dir/medley/nussinov/nussinov.cpp.o
[ 50%] Building CXX object CMakeFiles/doitgen.dir/linear-algebra/kernels/doitgen/doitgen.cpp.o
[ 50%] Building CXX object CMakeFiles/floyd-warshall.dir/medley/floyd-warshall/floyd-warshall.cpp.o
[ 50%] Building CXX object CMakeFiles/bicg.dir/linear-algebra/kernels/bicg/bicg.cpp.o
[ 50%] Building CXX object CMakeFiles/durbin.dir/linear-algebra/solvers/durbin/durbin.cpp.o
[ 50%] Building CXX object CMakeFiles/atax.dir/linear-algebra/kernels/atax/atax.cpp.o
[ 50%] Building CXX object CMakeFiles/deriche.dir/medley/deriche/deriche.cpp.o
[ 50%] Building CXX object CMakeFiles/fdtd-2d.dir/stencils/fdtd-2d/fdtd-2d.cpp.o
[ 50%] Building CXX object CMakeFiles/2mm.dir/linear-algebra/kernels/2mm/2mm.cpp.o
[ 50%] Building CXX object CMakeFiles/heat-3d.dir/stencils/heat-3d/heat-3d.cpp.o
[ 50%] Building CXX object CMakeFiles/jacobi-2d.dir/stencils/jacobi-2d/jacobi-2d.cpp.o
[ 50%] Building CXX object CMakeFiles/jacobi-1d.dir/stencils/jacobi-1d/jacobi-1d.cpp.o
[ 50%] Building CXX object CMakeFiles/seidel-2d.dir/stencils/seidel-2d/seidel-2d.cpp.o
[ 53%] Linking CXX executable nussinov
[ 53%] Linking CXX executable cholesky
[ 55%] Linking CXX executable jacobi-1d
[ 56%] Linking CXX executable durbin
[ 56%] Built target jacobi-1d
[ 56%] Built target durbin
[ 58%] Linking CXX executable floyd-warshall
[ 60%] Linking CXX executable gesummv
[ 61%] Linking CXX executable trisolv
[ 61%] Built target floyd-warshall
[ 63%] Linking CXX executable bicg
[ 63%] Built target gesummv
[ 65%] Linking CXX executable atax
[ 66%] Linking CXX executable mvt
[ 66%] Built target trisolv
[ 68%] Linking CXX executable adi
[ 68%] Built target bicg
[ 70%] Linking CXX executable deriche
[ 70%] Built target atax
[ 70%] Built target mvt
[ 70%] Built target adi
[ 70%] Built target deriche
[ 71%] Linking CXX executable lu
[ 73%] Linking CXX executable trmm
[ 75%] Linking CXX executable syrk
[ 75%] Built target lu
[ 76%] Linking CXX executable gemver
[ 76%] Built target trmm
[ 76%] Built target syrk
[ 76%] Built target gemver
[ 78%] Linking CXX executable doitgen
[ 80%] Linking CXX executable fdtd-2d
[ 83%] Linking CXX executable symm
[ 83%] Linking CXX executable gemm
[ 83%] Built target doitgen
[ 85%] Linking CXX executable syr2k
[ 85%] Built target fdtd-2d
[ 85%] Built target gemm
[ 85%] Built target symm
[ 85%] Built target syr2k
[ 86%] Linking CXX executable covariance
[ 88%] Linking CXX executable ludcmp
[ 88%] Built target covariance
[ 90%] Linking CXX executable gramschmidt
[ 90%] Built target ludcmp
[ 90%] Built target gramschmidt
[ 91%] Linking CXX executable correlation
[ 91%] Built target correlation
[ 93%] Linking CXX executable seidel-2d
[ 93%] Built target seidel-2d
[ 95%] Linking CXX executable heat-3d
[ 96%] Linking CXX executable 2mm
[ 96%] Built target heat-3d
[ 96%] Built target 2mm
[ 98%] Linking CXX executable 3mm
[ 98%] Built target 3mm
Skipping noarr naive 2mm repetition 4 for dataset size SMALL (already done).
Skipping noarr naive 2mm repetition 4 for dataset size SMALL (already done).
Skipping noarr naive 3mm repetition 4 for dataset size SMALL (already done).
Skipping noarr naive 3mm repetition 4 for dataset size SMALL (already done).
Skipping noarr naive atax repetition 4 for dataset size SMALL (already done).
Skipping noarr naive atax repetition 4 for dataset size SMALL (already done).
Skipping noarr naive bicg repetition 4 for dataset size SMALL (already done).
Skipping noarr naive bicg repetition 4 for dataset size SMALL (already done).
Skipping noarr naive correlation repetition 4 for dataset size SMALL (already done).
Skipping noarr naive correlation repetition 4 for dataset size SMALL (already done).
Skipping noarr naive covariance repetition 4 for dataset size SMALL (already done).
Skipping noarr naive covariance repetition 4 for dataset size SMALL (already done).
Skipping noarr naive deriche repetition 4 for dataset size SMALL (already done).
Skipping noarr naive deriche repetition 4 for dataset size SMALL (already done).
Skipping noarr naive doitgen repetition 4 for dataset size SMALL (already done).
Skipping noarr naive doitgen repetition 4 for dataset size SMALL (already done).
Skipping noarr naive durbin repetition 4 for dataset size SMALL (already done).
Skipping noarr naive durbin repetition 4 for dataset size SMALL (already done).
Skipping noarr naive fdtd-2d repetition 4 for dataset size SMALL (already done).
Skipping noarr naive fdtd-2d repetition 4 for dataset size SMALL (already done).
Skipping noarr naive floyd-warshall repetition 4 for dataset size SMALL (already done).
Skipping noarr naive floyd-warshall repetition 4 for dataset size SMALL (already done).
Skipping noarr naive gemm repetition 4 for dataset size SMALL (already done).
Skipping noarr naive gemm repetition 4 for dataset size SMALL (already done).
Skipping noarr naive gemver repetition 4 for dataset size SMALL (already done).
Skipping noarr naive gemver repetition 4 for dataset size SMALL (already done).
Skipping noarr naive gesummv repetition 4 for dataset size SMALL (already done).
Skipping noarr naive gesummv repetition 4 for dataset size SMALL (already done).
Skipping noarr naive heat-3d repetition 4 for dataset size SMALL (already done).
Skipping noarr naive heat-3d repetition 4 for dataset size SMALL (already done).
Skipping noarr naive jacobi-1d repetition 4 for dataset size SMALL (already done).
Skipping noarr naive jacobi-1d repetition 4 for dataset size SMALL (already done).
Skipping noarr naive lu repetition 4 for dataset size SMALL (already done).
Skipping noarr naive lu repetition 4 for dataset size SMALL (already done).
Skipping noarr naive ludcmp repetition 4 for dataset size SMALL (already done).
Skipping noarr naive ludcmp repetition 4 for dataset size SMALL (already done).
Skipping noarr naive mvt repetition 4 for dataset size SMALL (already done).
Skipping noarr naive mvt repetition 4 for dataset size SMALL (already done).
Skipping noarr naive seidel-2d repetition 4 for dataset size SMALL (already done).
Skipping noarr naive seidel-2d repetition 4 for dataset size SMALL (already done).
Skipping noarr naive symm repetition 4 for dataset size SMALL (already done).
Skipping noarr naive symm repetition 4 for dataset size SMALL (already done).
Skipping noarr naive syr2k repetition 4 for dataset size SMALL (already done).
Skipping noarr naive syr2k repetition 4 for dataset size SMALL (already done).
Skipping noarr naive syrk repetition 4 for dataset size SMALL (already done).
Skipping noarr naive syrk repetition 4 for dataset size SMALL (already done).
Skipping noarr naive trisolv repetition 4 for dataset size SMALL (already done).
Skipping noarr naive trisolv repetition 4 for dataset size SMALL (already done).
Skipping noarr naive trmm repetition 4 for dataset size SMALL (already done).
Skipping noarr naive trmm repetition 4 for dataset size SMALL (already done).
-- The CXX compiler identification is GNU 15.2.0
-- Detecting CXX compiler ABI info
-- Detecting CXX compiler ABI info - done
-- Check for working CXX compiler: /usr/local/latestgcc/bin/g++ - skipped
-- Detecting CXX compile features
-- Detecting CXX compile features - done
-- Using NOARR_STRUCTURES_DIR from environment: /home/kleplj/naive/submodules/noarr-structures
-- Configuring done (0.4s)
-- Generating done (0.7s)
-- Build files have been written to: /home/kleplj/naive/optimization/naive/PolybenchC-Noarr/build
[ 11%] Building CXX object CMakeFiles/gemver.dir/linear-algebra/blas/gemver/gemver.cpp.o
[ 11%] Building CXX object CMakeFiles/correlation.dir/datamining/correlation/correlation.cpp.o
[ 11%] Building CXX object CMakeFiles/covariance.dir/datamining/covariance/covariance.cpp.o
[ 11%] Building CXX object CMakeFiles/symm.dir/linear-algebra/blas/symm/symm.cpp.o
[ 23%] Building CXX object CMakeFiles/syr2k.dir/linear-algebra/blas/syr2k/syr2k.cpp.o
[ 23%] Building CXX object CMakeFiles/durbin.dir/linear-algebra/solvers/durbin/durbin.cpp.o
[ 23%] Building CXX object CMakeFiles/gesummv.dir/linear-algebra/blas/gesummv/gesummv.cpp.o
[ 23%] Building CXX object CMakeFiles/syrk.dir/linear-algebra/blas/syrk/syrk.cpp.o
[ 23%] Building CXX object CMakeFiles/gemm.dir/linear-algebra/blas/gemm/gemm.cpp.o
[ 23%] Building CXX object CMakeFiles/trmm.dir/linear-algebra/blas/trmm/trmm.cpp.o
[ 23%] Building CXX object CMakeFiles/2mm.dir/linear-algebra/kernels/2mm/2mm.cpp.o
[ 36%] Building CXX object CMakeFiles/doitgen.dir/linear-algebra/kernels/doitgen/doitgen.cpp.o
[ 50%] Building CXX object CMakeFiles/cholesky.dir/linear-algebra/solvers/cholesky/cholesky.cpp.o
[ 50%] Building CXX object CMakeFiles/heat-3d.dir/stencils/heat-3d/heat-3d.cpp.o
[ 50%] Building CXX object CMakeFiles/adi.dir/stencils/adi/adi.cpp.o
[ 50%] Building CXX object CMakeFiles/trisolv.dir/linear-algebra/solvers/trisolv/trisolv.cpp.o
[ 50%] Building CXX object CMakeFiles/ludcmp.dir/linear-algebra/solvers/ludcmp/ludcmp.cpp.o
[ 50%] Building CXX object CMakeFiles/gramschmidt.dir/linear-algebra/solvers/gramschmidt/gramschmidt.cpp.o
[ 50%] Building CXX object CMakeFiles/jacobi-1d.dir/stencils/jacobi-1d/jacobi-1d.cpp.o
[ 50%] Building CXX object CMakeFiles/atax.dir/linear-algebra/kernels/atax/atax.cpp.o
[ 50%] Building CXX object CMakeFiles/3mm.dir/linear-algebra/kernels/3mm/3mm.cpp.o
[ 50%] Building CXX object CMakeFiles/lu.dir/linear-algebra/solvers/lu/lu.cpp.o
[ 50%] Building CXX object CMakeFiles/floyd-warshall.dir/medley/floyd-warshall/floyd-warshall.cpp.o
[ 50%] Building CXX object CMakeFiles/mvt.dir/linear-algebra/kernels/mvt/mvt.cpp.o
[ 50%] Building CXX object CMakeFiles/deriche.dir/medley/deriche/deriche.cpp.o
[ 50%] Building CXX object CMakeFiles/bicg.dir/linear-algebra/kernels/bicg/bicg.cpp.o
[ 50%] Building CXX object CMakeFiles/nussinov.dir/medley/nussinov/nussinov.cpp.o
[ 50%] Building CXX object CMakeFiles/fdtd-2d.dir/stencils/fdtd-2d/fdtd-2d.cpp.o
[ 50%] Building CXX object CMakeFiles/seidel-2d.dir/stencils/seidel-2d/seidel-2d.cpp.o
[ 50%] Building CXX object CMakeFiles/jacobi-2d.dir/stencils/jacobi-2d/jacobi-2d.cpp.o
[ 53%] Linking CXX executable nussinov
[ 53%] Linking CXX executable cholesky
[ 55%] Linking CXX executable jacobi-1d
[ 56%] Linking CXX executable durbin
[ 56%] Built target jacobi-1d
[ 56%] Built target durbin
[ 58%] Linking CXX executable seidel-2d
[ 61%] Linking CXX executable gesummv
[ 61%] Linking CXX executable floyd-warshall
[ 63%] Linking CXX executable trisolv
[ 65%] Linking CXX executable mvt
[ 65%] Built target seidel-2d
[ 65%] Built target floyd-warshall
[ 68%] Linking CXX executable atax
[ 68%] Linking CXX executable bicg
[ 68%] Built target gesummv
[ 68%] Built target trisolv
[ 68%] Built target mvt
[ 70%] Linking CXX executable adi
[ 70%] Built target atax
[ 70%] Built target bicg
[ 71%] Linking CXX executable deriche
[ 71%] Built target adi
[ 73%] Linking CXX executable syrk
[ 75%] Linking CXX executable trmm
[ 76%] Built target deriche
[ 76%] Linking CXX executable symm
[ 78%] Linking CXX executable gemver
[ 78%] Built target syrk
[ 78%] Built target trmm
[ 80%] Linking CXX executable jacobi-2d
[ 80%] Built target symm
[ 80%] Built target gemver
[ 80%] Built target jacobi-2d
[ 81%] Linking CXX executable doitgen
[ 83%] Linking CXX executable gemm
[ 85%] Linking CXX executable syr2k
[ 86%] Linking CXX executable gramschmidt
[ 86%] Built target doitgen
[ 88%] Linking CXX executable ludcmp
[ 88%] Built target gemm
[ 88%] Built target syr2k
[ 88%] Built target gramschmidt
[ 88%] Built target ludcmp
[ 90%] Linking CXX executable covariance
[ 90%] Built target covariance
[ 91%] Linking CXX executable correlation
[ 91%] Built target correlation
[ 93%] Linking CXX executable 2mm
[ 93%] Built target 2mm
[ 95%] Linking CXX executable 3mm
[ 95%] Built target 3mm
Skipping noarr naive 2mm repetition 5 for dataset size SMALL (already done).
Skipping noarr naive 2mm repetition 5 for dataset size SMALL (already done).
Skipping noarr naive 3mm repetition 5 for dataset size SMALL (already done).
Skipping noarr naive 3mm repetition 5 for dataset size SMALL (already done).
Skipping noarr naive adi repetition 5 for dataset size SMALL (already done).
Skipping noarr naive adi repetition 5 for dataset size SMALL (already done).
Skipping noarr naive atax repetition 5 for dataset size SMALL (already done).
Skipping noarr naive atax repetition 5 for dataset size SMALL (already done).
Skipping noarr naive bicg repetition 5 for dataset size SMALL (already done).
Skipping noarr naive bicg repetition 5 for dataset size SMALL (already done).
Skipping noarr naive correlation repetition 5 for dataset size SMALL (already done).
Skipping noarr naive correlation repetition 5 for dataset size SMALL (already done).
Skipping noarr naive covariance repetition 5 for dataset size SMALL (already done).
Skipping noarr naive covariance repetition 5 for dataset size SMALL (already done).
Skipping noarr naive deriche repetition 5 for dataset size SMALL (already done).
Skipping noarr naive deriche repetition 5 for dataset size SMALL (already done).
Skipping noarr naive doitgen repetition 5 for dataset size SMALL (already done).
Skipping noarr naive doitgen repetition 5 for dataset size SMALL (already done).
Skipping noarr naive durbin repetition 5 for dataset size SMALL (already done).
Skipping noarr naive durbin repetition 5 for dataset size SMALL (already done).
Skipping noarr naive floyd-warshall repetition 5 for dataset size SMALL (already done).
Skipping noarr naive floyd-warshall repetition 5 for dataset size SMALL (already done).
Skipping noarr naive gemm repetition 5 for dataset size SMALL (already done).
Skipping noarr naive gemm repetition 5 for dataset size SMALL (already done).
Skipping noarr naive gemver repetition 5 for dataset size SMALL (already done).
Skipping noarr naive gemver repetition 5 for dataset size SMALL (already done).
Skipping noarr naive gesummv repetition 5 for dataset size SMALL (already done).
Skipping noarr naive gesummv repetition 5 for dataset size SMALL (already done).
Skipping noarr naive jacobi-1d repetition 5 for dataset size SMALL (already done).
Skipping noarr naive jacobi-1d repetition 5 for dataset size SMALL (already done).
Skipping noarr naive jacobi-2d repetition 5 for dataset size SMALL (already done).
Skipping noarr naive jacobi-2d repetition 5 for dataset size SMALL (already done).
Skipping noarr naive ludcmp repetition 5 for dataset size SMALL (already done).
Skipping noarr naive ludcmp repetition 5 for dataset size SMALL (already done).
Skipping noarr naive mvt repetition 5 for dataset size SMALL (already done).
Skipping noarr naive mvt repetition 5 for dataset size SMALL (already done).
Skipping noarr naive seidel-2d repetition 5 for dataset size SMALL (already done).
Skipping noarr naive seidel-2d repetition 5 for dataset size SMALL (already done).
Skipping noarr naive symm repetition 5 for dataset size SMALL (already done).
Skipping noarr naive symm repetition 5 for dataset size SMALL (already done).
Skipping noarr naive syr2k repetition 5 for dataset size SMALL (already done).
Skipping noarr naive syr2k repetition 5 for dataset size SMALL (already done).
Skipping noarr naive syrk repetition 5 for dataset size SMALL (already done).
Skipping noarr naive syrk repetition 5 for dataset size SMALL (already done).
Skipping noarr naive trisolv repetition 5 for dataset size SMALL (already done).
Skipping noarr naive trisolv repetition 5 for dataset size SMALL (already done).
Skipping noarr naive trmm repetition 5 for dataset size SMALL (already done).
Skipping noarr naive trmm repetition 5 for dataset size SMALL (already done).
-- The CXX compiler identification is GNU 15.2.0
-- Detecting CXX compiler ABI info
-- Detecting CXX compiler ABI info - done
-- Check for working CXX compiler: /usr/local/latestgcc/bin/g++ - skipped
-- Detecting CXX compile features
-- Detecting CXX compile features - done
-- Found Python: /home/kleplj/naive/gpt-querying/.venv/bin/python3.9 (found suitable version "3.9.21", minimum required is "3") found components: Interpreter Development.Module
-- Halide 'host' platform triple:   x86-64-linux
-- Halide 'cmake' platform triple:  x86-64-linux
-- Halide default AOT target:       host
-- Found ZLIB: /usr/lib64/libz.so (found version "1.2.11")
-- Could NOT find PNG (missing: PNG_LIBRARY PNG_PNG_INCLUDE_DIR) 
-- Could NOT find JPEG (missing: JPEG_LIBRARY JPEG_INCLUDE_DIR) 
-- Configuring done (0.9s)
-- Generating done (0.7s)
-- Build files have been written to: /home/kleplj/naive/optimization/naive/PolybenchC-Halide/build
[  5%] Building CXX object CMakeFiles/correlation.dir/datamining/correlation/correlation.cpp.o
[  6%] Building CXX object CMakeFiles/covariance.dir/datamining/covariance/covariance.cpp.o
[ 10%] Building CXX object CMakeFiles/gemver.dir/linear-algebra/blas/gemver/gemver.cpp.o
[ 10%] Building CXX object CMakeFiles/gemm.dir/linear-algebra/blas/gemm/gemm.cpp.o
[ 13%] Building CXX object CMakeFiles/gesummv.dir/linear-algebra/blas/gesummv/gesummv.cpp.o
[ 13%] Building CXX object CMakeFiles/symm.dir/linear-algebra/blas/symm/symm.cpp.o
[ 16%] Building CXX object CMakeFiles/syr2k.dir/linear-algebra/blas/syr2k/syr2k.cpp.o
[ 16%] Building CXX object CMakeFiles/2mm.dir/linear-algebra/kernels/2mm/2mm.cpp.o
[ 28%] Building CXX object CMakeFiles/atax.dir/linear-algebra/kernels/atax/atax.cpp.o
[ 43%] Building CXX object CMakeFiles/bicg.dir/linear-algebra/kernels/bicg/bicg.cpp.o
[ 43%] Building CXX object CMakeFiles/doitgen.dir/linear-algebra/kernels/doitgen/doitgen.cpp.o
[ 43%] Building CXX object CMakeFiles/syrk.dir/linear-algebra/blas/syrk/syrk.cpp.o
[ 43%] Building CXX object CMakeFiles/3mm.dir/linear-algebra/kernels/3mm/3mm.cpp.o
[ 43%] Building CXX object CMakeFiles/deriche.dir/medley/deriche/deriche.cpp.o
[ 43%] Building CXX object CMakeFiles/trmm.dir/linear-algebra/blas/trmm/trmm.cpp.o
[ 50%] Building CXX object CMakeFiles/durbin.dir/linear-algebra/solvers/durbin/durbin.cpp.o
[ 50%] Building CXX object CMakeFiles/gramschmidt.dir/linear-algebra/solvers/gramschmidt/gramschmidt.cpp.o
[ 50%] Building CXX object CMakeFiles/mvt.dir/linear-algebra/kernels/mvt/mvt.cpp.o
[ 50%] Building CXX object CMakeFiles/nussinov.dir/medley/nussinov/nussinov.cpp.o
[ 50%] Building CXX object CMakeFiles/adi.dir/stencils/adi/adi.cpp.o
[ 50%] Building CXX object CMakeFiles/cholesky.dir/linear-algebra/solvers/cholesky/cholesky.cpp.o
[ 50%] Building CXX object CMakeFiles/ludcmp.dir/linear-algebra/solvers/ludcmp/ludcmp.cpp.o
[ 50%] Building CXX object CMakeFiles/lu.dir/linear-algebra/solvers/lu/lu.cpp.o
[ 50%] Building CXX object CMakeFiles/floyd-warshall.dir/medley/floyd-warshall/floyd-warshall.cpp.o
[ 50%] Building CXX object CMakeFiles/jacobi-1d.dir/stencils/jacobi-1d/jacobi-1d.cpp.o
[ 50%] Building CXX object CMakeFiles/heat-3d.dir/stencils/heat-3d/heat-3d.cpp.o
[ 50%] Building CXX object CMakeFiles/trisolv.dir/linear-algebra/solvers/trisolv/trisolv.cpp.o
[ 50%] Building CXX object CMakeFiles/fdtd-2d.dir/stencils/fdtd-2d/fdtd-2d.cpp.o
[ 50%] Building CXX object CMakeFiles/jacobi-2d.dir/stencils/jacobi-2d/jacobi-2d.cpp.o
[ 50%] Building CXX object CMakeFiles/seidel-2d.dir/stencils/seidel-2d/seidel-2d.cpp.o
[ 51%] Linking CXX executable gemver
[ 53%] Linking CXX executable gramschmidt
[ 55%] Linking CXX executable cholesky
[ 55%] Built target cholesky
[ 56%] Linking CXX executable syrk
[ 58%] Linking CXX executable floyd-warshall
[ 60%] Linking CXX executable jacobi-1d
[ 61%] Linking CXX executable covariance
[ 65%] Linking CXX executable symm
[ 65%] Linking CXX executable syr2k
[ 65%] Built target syrk
[ 66%] Linking CXX executable durbin
[ 66%] Built target floyd-warshall
[ 66%] Built target jacobi-1d
[ 68%] Linking CXX executable correlation
[ 68%] Built target covariance
[ 68%] Built target symm
[ 68%] Built target syr2k
[ 70%] Linking CXX executable jacobi-2d
[ 70%] Built target durbin
[ 70%] Built target correlation
[ 70%] Built target jacobi-2d
[ 71%] Linking CXX executable seidel-2d
[ 73%] Linking CXX executable doitgen
[ 75%] Linking CXX executable 2mm
[ 76%] Linking CXX executable heat-3d
[ 76%] Built target seidel-2d
[ 76%] Built target doitgen
[ 76%] Built target 2mm
[ 78%] Linking CXX executable atax
[ 78%] Built target heat-3d
[ 80%] Linking CXX executable bicg
[ 80%] Built target atax
[ 80%] Built target bicg
[ 81%] Linking CXX executable mvt
[ 81%] Built target mvt
[ 83%] Linking CXX executable ludcmp
[ 85%] Linking CXX executable fdtd-2d
[ 85%] Built target ludcmp
[ 85%] Built target fdtd-2d
Skipping halide naive cholesky repetition 1 for dataset size SMALL (already done).
Skipping halide naive cholesky repetition 1 for dataset size SMALL (already done).
Skipping halide naive correlation repetition 1 for dataset size SMALL (already done).
Skipping halide naive correlation repetition 1 for dataset size SMALL (already done).
Skipping halide naive fdtd-2d repetition 1 for dataset size SMALL (already done).
Skipping halide naive fdtd-2d repetition 1 for dataset size SMALL (already done).
Skipping halide naive floyd-warshall repetition 1 for dataset size SMALL (already done).
Skipping halide naive floyd-warshall repetition 1 for dataset size SMALL (already done).
Skipping halide naive heat-3d repetition 1 for dataset size SMALL (already done).
Skipping halide naive heat-3d repetition 1 for dataset size SMALL (already done).
Skipping halide naive jacobi-2d repetition 1 for dataset size SMALL (already done).
Skipping halide naive jacobi-2d repetition 1 for dataset size SMALL (already done).
Skipping halide naive seidel-2d repetition 1 for dataset size SMALL (already done).
Skipping halide naive seidel-2d repetition 1 for dataset size SMALL (already done).
Skipping halide naive syrk repetition 1 for dataset size SMALL (already done).
Skipping halide naive syrk repetition 1 for dataset size SMALL (already done).
-- The CXX compiler identification is GNU 15.2.0
-- Detecting CXX compiler ABI info
-- Detecting CXX compiler ABI info - done
-- Check for working CXX compiler: /usr/local/latestgcc/bin/g++ - skipped
-- Detecting CXX compile features
-- Detecting CXX compile features - done
-- Found Python: /home/kleplj/naive/gpt-querying/.venv/bin/python3.9 (found suitable version "3.9.21", minimum required is "3") found components: Interpreter Development.Module
-- Halide 'host' platform triple:   x86-64-linux
-- Halide 'cmake' platform triple:  x86-64-linux
-- Halide default AOT target:       host
-- Found ZLIB: /usr/lib64/libz.so (found version "1.2.11")
-- Could NOT find PNG (missing: PNG_LIBRARY PNG_PNG_INCLUDE_DIR) 
-- Could NOT find JPEG (missing: JPEG_LIBRARY JPEG_INCLUDE_DIR) 
-- Configuring done (0.7s)
-- Generating done (0.7s)
-- Build files have been written to: /home/kleplj/naive/optimization/naive/PolybenchC-Halide/build
[ 11%] Building CXX object CMakeFiles/gemm.dir/linear-algebra/blas/gemm/gemm.cpp.o
[ 11%] Building CXX object CMakeFiles/gemver.dir/linear-algebra/blas/gemver/gemver.cpp.o
[ 11%] Building CXX object CMakeFiles/correlation.dir/datamining/correlation/correlation.cpp.o
[ 11%] Building CXX object CMakeFiles/covariance.dir/datamining/covariance/covariance.cpp.o
[ 16%] Building CXX object CMakeFiles/symm.dir/linear-algebra/blas/symm/symm.cpp.o
[ 16%] Building CXX object CMakeFiles/syr2k.dir/linear-algebra/blas/syr2k/syr2k.cpp.o
[ 16%] Building CXX object CMakeFiles/gesummv.dir/linear-algebra/blas/gesummv/gesummv.cpp.o
[ 28%] Building CXX object CMakeFiles/3mm.dir/linear-algebra/kernels/3mm/3mm.cpp.o
[ 50%] Building CXX object CMakeFiles/heat-3d.dir/stencils/heat-3d/heat-3d.cpp.o
[ 50%] Building CXX object CMakeFiles/fdtd-2d.dir/stencils/fdtd-2d/fdtd-2d.cpp.o
[ 50%] Building CXX object CMakeFiles/gramschmidt.dir/linear-algebra/solvers/gramschmidt/gramschmidt.cpp.o
[ 50%] Building CXX object CMakeFiles/nussinov.dir/medley/nussinov/nussinov.cpp.o
[ 50%] Building CXX object CMakeFiles/jacobi-1d.dir/stencils/jacobi-1d/jacobi-1d.cpp.o
[ 50%] Building CXX object CMakeFiles/2mm.dir/linear-algebra/kernels/2mm/2mm.cpp.o
[ 50%] Building CXX object CMakeFiles/ludcmp.dir/linear-algebra/solvers/ludcmp/ludcmp.cpp.o
[ 50%] Building CXX object CMakeFiles/doitgen.dir/linear-algebra/kernels/doitgen/doitgen.cpp.o
[ 50%] Building CXX object CMakeFiles/bicg.dir/linear-algebra/kernels/bicg/bicg.cpp.o
[ 50%] Building CXX object CMakeFiles/syrk.dir/linear-algebra/blas/syrk/syrk.cpp.o
[ 50%] Building CXX object CMakeFiles/trmm.dir/linear-algebra/blas/trmm/trmm.cpp.o
[ 50%] Building CXX object CMakeFiles/mvt.dir/linear-algebra/kernels/mvt/mvt.cpp.o
[ 50%] Building CXX object CMakeFiles/trisolv.dir/linear-algebra/solvers/trisolv/trisolv.cpp.o
[ 50%] Building CXX object CMakeFiles/adi.dir/stencils/adi/adi.cpp.o
[ 50%] Building CXX object CMakeFiles/deriche.dir/medley/deriche/deriche.cpp.o
[ 50%] Building CXX object CMakeFiles/floyd-warshall.dir/medley/floyd-warshall/floyd-warshall.cpp.o
[ 50%] Building CXX object CMakeFiles/durbin.dir/linear-algebra/solvers/durbin/durbin.cpp.o
[ 50%] Building CXX object CMakeFiles/lu.dir/linear-algebra/solvers/lu/lu.cpp.o
[ 50%] Building CXX object CMakeFiles/atax.dir/linear-algebra/kernels/atax/atax.cpp.o
[ 50%] Building CXX object CMakeFiles/cholesky.dir/linear-algebra/solvers/cholesky/cholesky.cpp.o
[ 50%] Building CXX object CMakeFiles/jacobi-2d.dir/stencils/jacobi-2d/jacobi-2d.cpp.o
[ 50%] Building CXX object CMakeFiles/seidel-2d.dir/stencils/seidel-2d/seidel-2d.cpp.o
[ 51%] Linking CXX executable gemver
[ 53%] Linking CXX executable gramschmidt
[ 55%] Linking CXX executable adi
[ 55%] Built target adi
[ 56%] Linking CXX executable floyd-warshall
[ 58%] Linking CXX executable syr2k
[ 60%] Linking CXX executable seidel-2d
[ 61%] Linking CXX executable covariance
[ 63%] Linking CXX executable syrk
[ 65%] Linking CXX executable symm
[ 65%] Built target floyd-warshall
[ 65%] Built target syr2k
[ 66%] Linking CXX executable gemm
[ 66%] Built target seidel-2d
[ 66%] Built target covariance
[ 66%] Built target syrk
[ 66%] Built target symm
[ 68%] Linking CXX executable 3mm
[ 68%] Built target gemm
[ 70%] Linking CXX executable correlation
[ 70%] Built target 3mm
[ 71%] Linking CXX executable heat-3d
[ 73%] Linking CXX executable gesummv
[ 75%] Linking CXX executable 2mm
[ 76%] Linking CXX executable doitgen
[ 78%] Linking CXX executable trisolv
[ 80%] Linking CXX executable cholesky
[ 80%] Built target correlation
[ 80%] Built target heat-3d
[ 81%] Linking CXX executable mvt
[ 81%] Built target 2mm
[ 81%] Built target gesummv
[ 81%] Built target doitgen
[ 81%] Built target trisolv
[ 81%] Built target cholesky
[ 83%] Linking CXX executable atax
[ 85%] Linking CXX executable lu
[ 85%] Built target mvt
[ 86%] Linking CXX executable durbin
[ 86%] Built target atax
[ 86%] Built target lu
[ 86%] Built target durbin
[ 88%] Linking CXX executable bicg
[ 88%] Built target bicg
[ 90%] Linking CXX executable ludcmp
[ 90%] Built target ludcmp
Skipping halide naive adi repetition 2 for dataset size SMALL (already done).
Skipping halide naive adi repetition 2 for dataset size SMALL (already done).
Skipping halide naive atax repetition 2 for dataset size SMALL (already done).
Skipping halide naive atax repetition 2 for dataset size SMALL (already done).
Skipping halide naive correlation repetition 2 for dataset size SMALL (already done).
Skipping halide naive correlation repetition 2 for dataset size SMALL (already done).
Skipping halide naive floyd-warshall repetition 2 for dataset size SMALL (already done).
Skipping halide naive floyd-warshall repetition 2 for dataset size SMALL (already done).
Skipping halide naive heat-3d repetition 2 for dataset size SMALL (already done).
Skipping halide naive heat-3d repetition 2 for dataset size SMALL (already done).
Skipping halide naive mvt repetition 2 for dataset size SMALL (already done).
Skipping halide naive mvt repetition 2 for dataset size SMALL (already done).
Skipping halide naive seidel-2d repetition 2 for dataset size SMALL (already done).
Skipping halide naive seidel-2d repetition 2 for dataset size SMALL (already done).
Skipping halide naive syr2k repetition 2 for dataset size SMALL (already done).
Skipping halide naive syr2k repetition 2 for dataset size SMALL (already done).
Skipping halide naive syrk repetition 2 for dataset size SMALL (already done).
Skipping halide naive syrk repetition 2 for dataset size SMALL (already done).
-- The CXX compiler identification is GNU 15.2.0
-- Detecting CXX compiler ABI info
-- Detecting CXX compiler ABI info - done
-- Check for working CXX compiler: /usr/local/latestgcc/bin/g++ - skipped
-- Detecting CXX compile features
-- Detecting CXX compile features - done
-- Found Python: /home/kleplj/naive/gpt-querying/.venv/bin/python3.9 (found suitable version "3.9.21", minimum required is "3") found components: Interpreter Development.Module
-- Halide 'host' platform triple:   x86-64-linux
-- Halide 'cmake' platform triple:  x86-64-linux
-- Halide default AOT target:       host
-- Found ZLIB: /usr/lib64/libz.so (found version "1.2.11")
-- Could NOT find PNG (missing: PNG_LIBRARY PNG_PNG_INCLUDE_DIR) 
-- Could NOT find JPEG (missing: JPEG_LIBRARY JPEG_INCLUDE_DIR) 
-- Configuring done (0.7s)
-- Generating done (0.7s)
-- Build files have been written to: /home/kleplj/naive/optimization/naive/PolybenchC-Halide/build
[  6%] Building CXX object CMakeFiles/correlation.dir/datamining/correlation/correlation.cpp.o
[  6%] Building CXX object CMakeFiles/gemm.dir/linear-algebra/blas/gemm/gemm.cpp.o
[  6%] Building CXX object CMakeFiles/covariance.dir/datamining/covariance/covariance.cpp.o
[  8%] Building CXX object CMakeFiles/gemver.dir/linear-algebra/blas/gemver/gemver.cpp.o
[ 13%] Building CXX object CMakeFiles/gesummv.dir/linear-algebra/blas/gesummv/gesummv.cpp.o
[ 21%] Building CXX object CMakeFiles/syr2k.dir/linear-algebra/blas/syr2k/syr2k.cpp.o
[ 21%] Building CXX object CMakeFiles/trmm.dir/linear-algebra/blas/trmm/trmm.cpp.o
[ 21%] Building CXX object CMakeFiles/2mm.dir/linear-algebra/kernels/2mm/2mm.cpp.o
[ 21%] Building CXX object CMakeFiles/symm.dir/linear-algebra/blas/symm/symm.cpp.o
[ 21%] Building CXX object CMakeFiles/syrk.dir/linear-algebra/blas/syrk/syrk.cpp.o
[ 50%] Building CXX object CMakeFiles/lu.dir/linear-algebra/solvers/lu/lu.cpp.o
[ 50%] Building CXX object CMakeFiles/doitgen.dir/linear-algebra/kernels/doitgen/doitgen.cpp.o
[ 50%] Building CXX object CMakeFiles/cholesky.dir/linear-algebra/solvers/cholesky/cholesky.cpp.o
[ 50%] Building CXX object CMakeFiles/atax.dir/linear-algebra/kernels/atax/atax.cpp.o
[ 50%] Building CXX object CMakeFiles/jacobi-2d.dir/stencils/jacobi-2d/jacobi-2d.cpp.o
[ 50%] Building CXX object CMakeFiles/bicg.dir/linear-algebra/kernels/bicg/bicg.cpp.o
[ 50%] Building CXX object CMakeFiles/3mm.dir/linear-algebra/kernels/3mm/3mm.cpp.o
[ 50%] Building CXX object CMakeFiles/gramschmidt.dir/linear-algebra/solvers/gramschmidt/gramschmidt.cpp.o
[ 50%] Building CXX object CMakeFiles/durbin.dir/linear-algebra/solvers/durbin/durbin.cpp.o
[ 50%] Building CXX object CMakeFiles/mvt.dir/linear-algebra/kernels/mvt/mvt.cpp.o
[ 50%] Building CXX object CMakeFiles/floyd-warshall.dir/medley/floyd-warshall/floyd-warshall.cpp.o
[ 50%] Building CXX object CMakeFiles/nussinov.dir/medley/nussinov/nussinov.cpp.o
[ 50%] Building CXX object CMakeFiles/deriche.dir/medley/deriche/deriche.cpp.o
[ 50%] Building CXX object CMakeFiles/heat-3d.dir/stencils/heat-3d/heat-3d.cpp.o
[ 50%] Building CXX object CMakeFiles/ludcmp.dir/linear-algebra/solvers/ludcmp/ludcmp.cpp.o
[ 50%] Building CXX object CMakeFiles/trisolv.dir/linear-algebra/solvers/trisolv/trisolv.cpp.o
[ 50%] Building CXX object CMakeFiles/adi.dir/stencils/adi/adi.cpp.o
[ 50%] Building CXX object CMakeFiles/fdtd-2d.dir/stencils/fdtd-2d/fdtd-2d.cpp.o
[ 50%] Building CXX object CMakeFiles/seidel-2d.dir/stencils/seidel-2d/seidel-2d.cpp.o
[ 50%] Building CXX object CMakeFiles/jacobi-1d.dir/stencils/jacobi-1d/jacobi-1d.cpp.o
[ 51%] Linking CXX executable gemver
[ 53%] Linking CXX executable gramschmidt
[ 55%] Linking CXX executable adi
[ 55%] Built target adi
[ 56%] Linking CXX executable cholesky
[ 56%] Built target cholesky
[ 58%] Linking CXX executable floyd-warshall
[ 60%] Linking CXX executable syr2k
[ 60%] Built target floyd-warshall
[ 61%] Linking CXX executable jacobi-2d
[ 63%] Linking CXX executable jacobi-1d
[ 65%] Linking CXX executable symm
[ 65%] Built target syr2k
[ 65%] Built target jacobi-2d
[ 65%] Built target jacobi-1d
[ 65%] Built target symm
[ 66%] Linking CXX executable covariance
[ 68%] Linking CXX executable durbin
[ 70%] Linking CXX executable 3mm
[ 70%] Built target covariance
[ 71%] Linking CXX executable gesummv
[ 71%] Built target durbin
[ 73%] Linking CXX executable correlation
[ 73%] Built target 3mm
[ 75%] Linking CXX executable atax
[ 75%] Built target gesummv
[ 76%] Linking CXX executable mvt
[ 80%] Linking CXX executable trisolv
[ 80%] Linking CXX executable heat-3d
[ 81%] Linking CXX executable bicg
[ 81%] Built target correlation
[ 81%] Built target atax
[ 81%] Built target mvt
[ 81%] Built target trisolv
[ 81%] Built target heat-3d
[ 81%] Built target bicg
[ 85%] Linking CXX executable fdtd-2d
[ 85%] Linking CXX executable nussinov
[ 85%] Built target fdtd-2d
[ 85%] Built target nussinov
[ 86%] Linking CXX executable ludcmp
[ 86%] Built target ludcmp
Skipping halide naive floyd-warshall repetition 3 for dataset size SMALL (already done).
Skipping halide naive floyd-warshall repetition 3 for dataset size SMALL (already done).
Skipping halide naive heat-3d repetition 3 for dataset size SMALL (already done).
Skipping halide naive heat-3d repetition 3 for dataset size SMALL (already done).
Skipping halide naive jacobi-2d repetition 3 for dataset size SMALL (already done).
Skipping halide naive jacobi-2d repetition 3 for dataset size SMALL (already done).
Skipping halide naive ludcmp repetition 3 for dataset size SMALL (already done).
Skipping halide naive ludcmp repetition 3 for dataset size SMALL (already done).
Skipping halide naive mvt repetition 3 for dataset size SMALL (already done).
Skipping halide naive mvt repetition 3 for dataset size SMALL (already done).
Skipping halide naive symm repetition 3 for dataset size SMALL (already done).
Skipping halide naive symm repetition 3 for dataset size SMALL (already done).
-- The CXX compiler identification is GNU 15.2.0
-- Detecting CXX compiler ABI info
-- Detecting CXX compiler ABI info - done
-- Check for working CXX compiler: /usr/local/latestgcc/bin/g++ - skipped
-- Detecting CXX compile features
-- Detecting CXX compile features - done
-- Found Python: /home/kleplj/naive/gpt-querying/.venv/bin/python3.9 (found suitable version "3.9.21", minimum required is "3") found components: Interpreter Development.Module
-- Halide 'host' platform triple:   x86-64-linux
-- Halide 'cmake' platform triple:  x86-64-linux
-- Halide default AOT target:       host
-- Found ZLIB: /usr/lib64/libz.so (found version "1.2.11")
-- Could NOT find PNG (missing: PNG_LIBRARY PNG_PNG_INCLUDE_DIR) 
-- Could NOT find JPEG (missing: JPEG_LIBRARY JPEG_INCLUDE_DIR) 
-- Configuring done (0.7s)
-- Generating done (0.7s)
-- Build files have been written to: /home/kleplj/naive/optimization/naive/PolybenchC-Halide/build
[ 10%] Building CXX object CMakeFiles/gemm.dir/linear-algebra/blas/gemm/gemm.cpp.o
[ 10%] Building CXX object CMakeFiles/covariance.dir/datamining/covariance/covariance.cpp.o
[ 10%] Building CXX object CMakeFiles/correlation.dir/datamining/correlation/correlation.cpp.o
[ 16%] Building CXX object CMakeFiles/symm.dir/linear-algebra/blas/symm/symm.cpp.o
[ 16%] Building CXX object CMakeFiles/gesummv.dir/linear-algebra/blas/gesummv/gesummv.cpp.o
[ 16%] Building CXX object CMakeFiles/gemver.dir/linear-algebra/blas/gemver/gemver.cpp.o
[ 16%] Building CXX object CMakeFiles/syr2k.dir/linear-algebra/blas/syr2k/syr2k.cpp.o
[ 31%] Building CXX object CMakeFiles/doitgen.dir/linear-algebra/kernels/doitgen/doitgen.cpp.o
[ 50%] Building CXX object CMakeFiles/nussinov.dir/medley/nussinov/nussinov.cpp.o
[ 50%] Building CXX object CMakeFiles/ludcmp.dir/linear-algebra/solvers/ludcmp/ludcmp.cpp.o
[ 50%] Building CXX object CMakeFiles/mvt.dir/linear-algebra/kernels/mvt/mvt.cpp.o
[ 50%] Building CXX object CMakeFiles/atax.dir/linear-algebra/kernels/atax/atax.cpp.o
[ 50%] Building CXX object CMakeFiles/deriche.dir/medley/deriche/deriche.cpp.o
[ 50%] Building CXX object CMakeFiles/cholesky.dir/linear-algebra/solvers/cholesky/cholesky.cpp.o
[ 50%] Building CXX object CMakeFiles/trisolv.dir/linear-algebra/solvers/trisolv/trisolv.cpp.o
[ 50%] Building CXX object CMakeFiles/2mm.dir/linear-algebra/kernels/2mm/2mm.cpp.o
[ 50%] Building CXX object CMakeFiles/jacobi-1d.dir/stencils/jacobi-1d/jacobi-1d.cpp.o
[ 50%] Building CXX object CMakeFiles/syrk.dir/linear-algebra/blas/syrk/syrk.cpp.o
[ 50%] Building CXX object CMakeFiles/3mm.dir/linear-algebra/kernels/3mm/3mm.cpp.o
[ 50%] Building CXX object CMakeFiles/durbin.dir/linear-algebra/solvers/durbin/durbin.cpp.o
[ 50%] Building CXX object CMakeFiles/heat-3d.dir/stencils/heat-3d/heat-3d.cpp.o
[ 50%] Building CXX object CMakeFiles/floyd-warshall.dir/medley/floyd-warshall/floyd-warshall.cpp.o
[ 50%] Building CXX object CMakeFiles/lu.dir/linear-algebra/solvers/lu/lu.cpp.o
[ 50%] Building CXX object CMakeFiles/gramschmidt.dir/linear-algebra/solvers/gramschmidt/gramschmidt.cpp.o
[ 50%] Building CXX object CMakeFiles/adi.dir/stencils/adi/adi.cpp.o
[ 50%] Building CXX object CMakeFiles/bicg.dir/linear-algebra/kernels/bicg/bicg.cpp.o
[ 50%] Building CXX object CMakeFiles/trmm.dir/linear-algebra/blas/trmm/trmm.cpp.o
[ 50%] Building CXX object CMakeFiles/fdtd-2d.dir/stencils/fdtd-2d/fdtd-2d.cpp.o
[ 50%] Building CXX object CMakeFiles/seidel-2d.dir/stencils/seidel-2d/seidel-2d.cpp.o
[ 50%] Building CXX object CMakeFiles/jacobi-2d.dir/stencils/jacobi-2d/jacobi-2d.cpp.o
[ 51%] Linking CXX executable gemver
[ 53%] Linking CXX executable gramschmidt
[ 55%] Linking CXX executable cholesky
[ 56%] Linking CXX executable adi
[ 56%] Built target cholesky
[ 58%] Built target adi
[ 58%] Linking CXX executable floyd-warshall
[ 60%] Linking CXX executable covariance
[ 61%] Linking CXX executable syr2k
[ 61%] Built target floyd-warshall
[ 63%] Linking CXX executable syrk
[ 65%] Linking CXX executable jacobi-2d
[ 65%] Built target covariance
[ 66%] Linking CXX executable jacobi-1d
[ 66%] Built target syr2k
[ 66%] Built target syrk
[ 66%] Built target jacobi-2d
[ 68%] Linking CXX executable symm
[ 70%] Linking CXX executable correlation
[ 70%] Built target jacobi-1d
[ 70%] Built target symm
[ 70%] Built target correlation
[ 71%] Linking CXX executable gesummv
[ 73%] Linking CXX executable 3mm
[ 76%] Linking CXX executable durbin
[ 76%] Linking CXX executable gemm
[ 78%] Linking CXX executable doitgen
[ 80%] Linking CXX executable nussinov
[ 80%] Built target gesummv
[ 80%] Built target 3mm
[ 80%] Built target durbin
[ 80%] Built target gemm
[ 81%] Linking CXX executable 2mm
[ 81%] Built target doitgen
[ 81%] Built target nussinov
[ 83%] Linking CXX executable atax
[ 86%] Linking CXX executable trisolv
[ 86%] Linking CXX executable heat-3d
[ 86%] Built target 2mm
[ 86%] Built target atax
[ 86%] Built target heat-3d
[ 90%] Linking CXX executable bicg
[ 90%] Linking CXX executable mvt
[ 90%] Built target trisolv
[ 91%] Linking CXX executable fdtd-2d
[ 91%] Built target bicg
[ 91%] Built target mvt
[ 91%] Built target fdtd-2d
[ 93%] Linking CXX executable ludcmp
[ 93%] Built target ludcmp
Skipping halide naive adi repetition 4 for dataset size SMALL (already done).
Skipping halide naive adi repetition 4 for dataset size SMALL (already done).
Skipping halide naive cholesky repetition 4 for dataset size SMALL (already done).
Skipping halide naive cholesky repetition 4 for dataset size SMALL (already done).
Skipping halide naive correlation repetition 4 for dataset size SMALL (already done).
Skipping halide naive correlation repetition 4 for dataset size SMALL (already done).
Skipping halide naive covariance repetition 4 for dataset size SMALL (already done).
Skipping halide naive covariance repetition 4 for dataset size SMALL (already done).
Skipping halide naive floyd-warshall repetition 4 for dataset size SMALL (already done).
Skipping halide naive floyd-warshall repetition 4 for dataset size SMALL (already done).
Skipping halide naive gesummv repetition 4 for dataset size SMALL (already done).
Skipping halide naive gesummv repetition 4 for dataset size SMALL (already done).
Skipping halide naive jacobi-2d repetition 4 for dataset size SMALL (already done).
Skipping halide naive jacobi-2d repetition 4 for dataset size SMALL (already done).
Skipping halide naive syr2k repetition 4 for dataset size SMALL (already done).
Skipping halide naive syr2k repetition 4 for dataset size SMALL (already done).
-- The CXX compiler identification is GNU 15.2.0
-- Detecting CXX compiler ABI info
-- Detecting CXX compiler ABI info - done
-- Check for working CXX compiler: /usr/local/latestgcc/bin/g++ - skipped
-- Detecting CXX compile features
-- Detecting CXX compile features - done
-- Found Python: /home/kleplj/naive/gpt-querying/.venv/bin/python3.9 (found suitable version "3.9.21", minimum required is "3") found components: Interpreter Development.Module
-- Halide 'host' platform triple:   x86-64-linux
-- Halide 'cmake' platform triple:  x86-64-linux
-- Halide default AOT target:       host
-- Found ZLIB: /usr/lib64/libz.so (found version "1.2.11")
-- Could NOT find PNG (missing: PNG_LIBRARY PNG_PNG_INCLUDE_DIR) 
-- Could NOT find JPEG (missing: JPEG_LIBRARY JPEG_INCLUDE_DIR) 
-- Configuring done (0.7s)
-- Generating done (0.7s)
-- Build files have been written to: /home/kleplj/naive/optimization/naive/PolybenchC-Halide/build
[  6%] Building CXX object CMakeFiles/correlation.dir/datamining/correlation/correlation.cpp.o
[  6%] Building CXX object CMakeFiles/covariance.dir/datamining/covariance/covariance.cpp.o
[ 10%] Building CXX object CMakeFiles/gemver.dir/linear-algebra/blas/gemver/gemver.cpp.o
[ 13%] Building CXX object CMakeFiles/gemm.dir/linear-algebra/blas/gemm/gemm.cpp.o
[ 13%] Building CXX object CMakeFiles/syr2k.dir/linear-algebra/blas/syr2k/syr2k.cpp.o
[ 13%] Building CXX object CMakeFiles/gesummv.dir/linear-algebra/blas/gesummv/gesummv.cpp.o
[ 21%] Building CXX object CMakeFiles/symm.dir/linear-algebra/blas/symm/symm.cpp.o
[ 21%] Building CXX object CMakeFiles/3mm.dir/linear-algebra/kernels/3mm/3mm.cpp.o
[ 21%] Building CXX object CMakeFiles/syrk.dir/linear-algebra/blas/syrk/syrk.cpp.o
[ 21%] Building CXX object CMakeFiles/2mm.dir/linear-algebra/kernels/2mm/2mm.cpp.o
[ 30%] Building CXX object CMakeFiles/bicg.dir/linear-algebra/kernels/bicg/bicg.cpp.o
[ 45%] Building CXX object CMakeFiles/mvt.dir/linear-algebra/kernels/mvt/mvt.cpp.o
[ 45%] Building CXX object CMakeFiles/atax.dir/linear-algebra/kernels/atax/atax.cpp.o
[ 45%] Building CXX object CMakeFiles/gramschmidt.dir/linear-algebra/solvers/gramschmidt/gramschmidt.cpp.o
[ 45%] Building CXX object CMakeFiles/doitgen.dir/linear-algebra/kernels/doitgen/doitgen.cpp.o
[ 45%] Building CXX object CMakeFiles/trmm.dir/linear-algebra/blas/trmm/trmm.cpp.o
[ 45%] Building CXX object CMakeFiles/cholesky.dir/linear-algebra/solvers/cholesky/cholesky.cpp.o
[ 50%] Building CXX object CMakeFiles/floyd-warshall.dir/medley/floyd-warshall/floyd-warshall.cpp.o
[ 50%] Building CXX object CMakeFiles/nussinov.dir/medley/nussinov/nussinov.cpp.o
[ 50%] Building CXX object CMakeFiles/deriche.dir/medley/deriche/deriche.cpp.o
[ 50%] Building CXX object CMakeFiles/lu.dir/linear-algebra/solvers/lu/lu.cpp.o
[ 50%] Building CXX object CMakeFiles/adi.dir/stencils/adi/adi.cpp.o
[ 50%] Building CXX object CMakeFiles/fdtd-2d.dir/stencils/fdtd-2d/fdtd-2d.cpp.o
[ 50%] Building CXX object CMakeFiles/ludcmp.dir/linear-algebra/solvers/ludcmp/ludcmp.cpp.o
[ 50%] Building CXX object CMakeFiles/trisolv.dir/linear-algebra/solvers/trisolv/trisolv.cpp.o
[ 50%] Building CXX object CMakeFiles/durbin.dir/linear-algebra/solvers/durbin/durbin.cpp.o
[ 50%] Building CXX object CMakeFiles/heat-3d.dir/stencils/heat-3d/heat-3d.cpp.o
[ 50%] Building CXX object CMakeFiles/seidel-2d.dir/stencils/seidel-2d/seidel-2d.cpp.o
[ 50%] Building CXX object CMakeFiles/jacobi-2d.dir/stencils/jacobi-2d/jacobi-2d.cpp.o
[ 50%] Building CXX object CMakeFiles/jacobi-1d.dir/stencils/jacobi-1d/jacobi-1d.cpp.o
[ 51%] Linking CXX executable gemver
[ 53%] Linking CXX executable gramschmidt
[ 55%] Linking CXX executable cholesky
[ 55%] Built target cholesky
[ 56%] Linking CXX executable deriche
[ 58%] Linking CXX executable trmm
[ 60%] Linking CXX executable floyd-warshall
[ 61%] Linking CXX executable covariance
[ 63%] Linking CXX executable durbin
[ 65%] Linking CXX executable syr2k
[ 65%] Built target deriche
[ 65%] Built target trmm
[ 65%] Built target covariance
[ 65%] Built target floyd-warshall
[ 65%] Built target durbin
[ 65%] Built target syr2k
[ 66%] Linking CXX executable jacobi-2d
[ 68%] Linking CXX executable symm
[ 70%] Linking CXX executable syrk
[ 70%] Built target jacobi-2d
[ 71%] Linking CXX executable gemm
[ 73%] Linking CXX executable lu
[ 73%] Built target symm
[ 75%] Linking CXX executable 2mm
[ 75%] Built target syrk
[ 75%] Built target gemm
[ 75%] Built target lu
[ 75%] Built target 2mm
[ 76%] Linking CXX executable correlation
[ 78%] Linking CXX executable 3mm
[ 80%] Linking CXX executable seidel-2d
[ 81%] Linking CXX executable jacobi-1d
[ 83%] Linking CXX executable gesummv
[ 83%] Built target correlation
[ 83%] Built target 3mm
[ 83%] Built target seidel-2d
[ 83%] Built target jacobi-1d
[ 83%] Built target gesummv
[ 85%] Linking CXX executable doitgen
[ 86%] Linking CXX executable bicg
[ 88%] Linking CXX executable mvt
[ 90%] Linking CXX executable heat-3d
[ 90%] Built target doitgen
[ 90%] Built target bicg
[ 91%] Linking CXX executable trisolv
[ 91%] Built target mvt
[ 91%] Built target heat-3d
[ 91%] Built target trisolv
[ 93%] Linking CXX executable fdtd-2d
[ 93%] Built target fdtd-2d
[ 95%] Linking CXX executable adi
[ 95%] Built target adi
[ 96%] Linking CXX executable ludcmp
[ 96%] Built target ludcmp
Skipping halide naive correlation repetition 5 for dataset size SMALL (already done).
Skipping halide naive correlation repetition 5 for dataset size SMALL (already done).
Skipping halide naive covariance repetition 5 for dataset size SMALL (already done).
Skipping halide naive covariance repetition 5 for dataset size SMALL (already done).
Skipping halide naive deriche repetition 5 for dataset size SMALL (already done).
Skipping halide naive deriche repetition 5 for dataset size SMALL (already done).
Skipping halide naive fdtd-2d repetition 5 for dataset size SMALL (already done).
Skipping halide naive fdtd-2d repetition 5 for dataset size SMALL (already done).
Skipping halide naive floyd-warshall repetition 5 for dataset size SMALL (already done).
Skipping halide naive floyd-warshall repetition 5 for dataset size SMALL (already done).
Skipping halide naive gesummv repetition 5 for dataset size SMALL (already done).
Skipping halide naive gesummv repetition 5 for dataset size SMALL (already done).
Skipping halide naive heat-3d repetition 5 for dataset size SMALL (already done).
Skipping halide naive heat-3d repetition 5 for dataset size SMALL (already done).
Skipping halide naive seidel-2d repetition 5 for dataset size SMALL (already done).
Skipping halide naive seidel-2d repetition 5 for dataset size SMALL (already done).
Skipping halide naive syrk repetition 5 for dataset size SMALL (already done).
Skipping halide naive syrk repetition 5 for dataset size SMALL (already done).
Skipping halide naive trisolv repetition 5 for dataset size SMALL (already done).
Skipping halide naive trisolv repetition 5 for dataset size SMALL (already done).
Generated C for 'gesummv' in /home/kleplj/naive/optimization/naive/PolybenchC-Exo/build/generated/gesummv
Built gesummv executable.
Generated C for 'symm' in /home/kleplj/naive/optimization/naive/PolybenchC-Exo/build/generated/symm
Built symm executable.
Generated C for 'syr2k' in /home/kleplj/naive/optimization/naive/PolybenchC-Exo/build/generated/syr2k
Built syr2k executable.
Generated C for 'syrk' in /home/kleplj/naive/optimization/naive/PolybenchC-Exo/build/generated/syrk
Built syrk executable.
Generated C for '2mm' in /home/kleplj/naive/optimization/naive/PolybenchC-Exo/build/generated/2mm
Built 2mm executable.
Generated C for '3mm' in /home/kleplj/naive/optimization/naive/PolybenchC-Exo/build/generated/3mm
Built 3mm executable.
Generated C for 'bicg' in /home/kleplj/naive/optimization/naive/PolybenchC-Exo/build/generated/bicg
Built bicg executable.
Generated C for 'cholesky' in /home/kleplj/naive/optimization/naive/PolybenchC-Exo/build/generated/cholesky
Built cholesky executable.
Generated C for 'gramschmidt' in /home/kleplj/naive/optimization/naive/PolybenchC-Exo/build/generated/gramschmidt
Generated C for 'lu' in /home/kleplj/naive/optimization/naive/PolybenchC-Exo/build/generated/lu
Built lu executable.
Generated C for 'ludcmp' in /home/kleplj/naive/optimization/naive/PolybenchC-Exo/build/generated/ludcmp
Built ludcmp executable.
Generated C for 'trisolv' in /home/kleplj/naive/optimization/naive/PolybenchC-Exo/build/generated/trisolv
Built trisolv executable.
Generated C for 'covariance' in /home/kleplj/naive/optimization/naive/PolybenchC-Exo/build/generated/covariance
Built covariance executable.
Generated C for 'adi' in /home/kleplj/naive/optimization/naive/PolybenchC-Exo/build/generated/adi
Built adi executable.
Generated C for 'fdtd-2d' in /home/kleplj/naive/optimization/naive/PolybenchC-Exo/build/generated/fdtd-2d
Built fdtd-2d executable.
Generated C for 'jacobi-1d' in /home/kleplj/naive/optimization/naive/PolybenchC-Exo/build/generated/jacobi-1d
Built jacobi-1d executable.
Generated C for 'floyd-warshall' in /home/kleplj/naive/optimization/naive/PolybenchC-Exo/build/generated/floyd-warshall
Built floyd-warshall executable.
Generated C for 'nussinov' in /home/kleplj/naive/optimization/naive/PolybenchC-Exo/build/generated/nussinov
Built nussinov executable.
Exo build complete. Generated sources in: /home/kleplj/naive/optimization/naive/PolybenchC-Exo/build
Removing temp dir /tmp/slurm.151199/tmp.33qJ9VQ3tX
Skipping exo naive 2mm repetition 1 for dataset size SMALL (already done).
Skipping exo naive 2mm repetition 1 for dataset size SMALL (already done).
Skipping exo naive 3mm repetition 1 for dataset size SMALL (already done).
Skipping exo naive 3mm repetition 1 for dataset size SMALL (already done).
Skipping exo naive adi repetition 1 for dataset size SMALL (already done).
Skipping exo naive adi repetition 1 for dataset size SMALL (already done).
Skipping exo naive bicg repetition 1 for dataset size SMALL (already done).
Skipping exo naive bicg repetition 1 for dataset size SMALL (already done).
Skipping exo naive cholesky repetition 1 for dataset size SMALL (already done).
Skipping exo naive cholesky repetition 1 for dataset size SMALL (already done).
Skipping exo naive covariance repetition 1 for dataset size SMALL (already done).
Skipping exo naive covariance repetition 1 for dataset size SMALL (already done).
Skipping exo naive fdtd-2d repetition 1 for dataset size SMALL (already done).
Skipping exo naive fdtd-2d repetition 1 for dataset size SMALL (already done).
Skipping exo naive floyd-warshall repetition 1 for dataset size SMALL (already done).
Skipping exo naive floyd-warshall repetition 1 for dataset size SMALL (already done).
Skipping exo naive gesummv repetition 1 for dataset size SMALL (already done).
Skipping exo naive gesummv repetition 1 for dataset size SMALL (already done).
Skipping exo naive jacobi-1d repetition 1 for dataset size SMALL (already done).
Skipping exo naive jacobi-1d repetition 1 for dataset size SMALL (already done).
Skipping exo naive lu repetition 1 for dataset size SMALL (already done).
Skipping exo naive lu repetition 1 for dataset size SMALL (already done).
Skipping exo naive ludcmp repetition 1 for dataset size SMALL (already done).
Skipping exo naive ludcmp repetition 1 for dataset size SMALL (already done).
Skipping exo naive nussinov repetition 1 for dataset size SMALL (already done).
Skipping exo naive nussinov repetition 1 for dataset size SMALL (already done).
Skipping exo naive symm repetition 1 for dataset size SMALL (already done).
Skipping exo naive symm repetition 1 for dataset size SMALL (already done).
Skipping exo naive syr2k repetition 1 for dataset size SMALL (already done).
Skipping exo naive syr2k repetition 1 for dataset size SMALL (already done).
Skipping exo naive syrk repetition 1 for dataset size SMALL (already done).
Skipping exo naive syrk repetition 1 for dataset size SMALL (already done).
Skipping exo naive trisolv repetition 1 for dataset size SMALL (already done).
Skipping exo naive trisolv repetition 1 for dataset size SMALL (already done).
Generated C for 'gemm' in /home/kleplj/naive/optimization/naive/PolybenchC-Exo/build/generated/gemm
Built gemm executable.
Generated C for 'gemver' in /home/kleplj/naive/optimization/naive/PolybenchC-Exo/build/generated/gemver
Generated C for 'gesummv' in /home/kleplj/naive/optimization/naive/PolybenchC-Exo/build/generated/gesummv
Built gesummv executable.
Generated C for 'symm' in /home/kleplj/naive/optimization/naive/PolybenchC-Exo/build/generated/symm
Built symm executable.
Generated C for 'syr2k' in /home/kleplj/naive/optimization/naive/PolybenchC-Exo/build/generated/syr2k
Built syr2k executable.
Generated C for 'syrk' in /home/kleplj/naive/optimization/naive/PolybenchC-Exo/build/generated/syrk
Built syrk executable.
Generated C for 'trmm' in /home/kleplj/naive/optimization/naive/PolybenchC-Exo/build/generated/trmm
Built trmm executable.
Generated C for '2mm' in /home/kleplj/naive/optimization/naive/PolybenchC-Exo/build/generated/2mm
Built 2mm executable.
Generated C for '3mm' in /home/kleplj/naive/optimization/naive/PolybenchC-Exo/build/generated/3mm
Built 3mm executable.
Generated C for 'bicg' in /home/kleplj/naive/optimization/naive/PolybenchC-Exo/build/generated/bicg
Built bicg executable.
Generated C for 'doitgen' in /home/kleplj/naive/optimization/naive/PolybenchC-Exo/build/generated/doitgen
Built doitgen executable.
Generated C for 'mvt' in /home/kleplj/naive/optimization/naive/PolybenchC-Exo/build/generated/mvt
Built mvt executable.
Generated C for 'cholesky' in /home/kleplj/naive/optimization/naive/PolybenchC-Exo/build/generated/cholesky
Built cholesky executable.
Generated C for 'lu' in /home/kleplj/naive/optimization/naive/PolybenchC-Exo/build/generated/lu
Built lu executable.
Generated C for 'ludcmp' in /home/kleplj/naive/optimization/naive/PolybenchC-Exo/build/generated/ludcmp
Built ludcmp executable.
Generated C for 'trisolv' in /home/kleplj/naive/optimization/naive/PolybenchC-Exo/build/generated/trisolv
Generated C for 'correlation' in /home/kleplj/naive/optimization/naive/PolybenchC-Exo/build/generated/correlation
Built correlation executable.
Generated C for 'covariance' in /home/kleplj/naive/optimization/naive/PolybenchC-Exo/build/generated/covariance
Built covariance executable.
Generated C for 'adi' in /home/kleplj/naive/optimization/naive/PolybenchC-Exo/build/generated/adi
Built adi executable.
Generated C for 'fdtd-2d' in /home/kleplj/naive/optimization/naive/PolybenchC-Exo/build/generated/fdtd-2d
Built fdtd-2d executable.
Generated C for 'heat-3d' in /home/kleplj/naive/optimization/naive/PolybenchC-Exo/build/generated/heat-3d
Built heat-3d executable.
Generated C for 'jacobi-1d' in /home/kleplj/naive/optimization/naive/PolybenchC-Exo/build/generated/jacobi-1d
Built jacobi-1d executable.
Generated C for 'nussinov' in /home/kleplj/naive/optimization/naive/PolybenchC-Exo/build/generated/nussinov
Built nussinov executable.
Exo build complete. Generated sources in: /home/kleplj/naive/optimization/naive/PolybenchC-Exo/build
Removing temp dir /tmp/slurm.151199/tmp.Ah9IluXG3e
Skipping exo naive 2mm repetition 2 for dataset size SMALL (already done).
Skipping exo naive 2mm repetition 2 for dataset size SMALL (already done).
Skipping exo naive 3mm repetition 2 for dataset size SMALL (already done).
Skipping exo naive 3mm repetition 2 for dataset size SMALL (already done).
Skipping exo naive adi repetition 2 for dataset size SMALL (already done).
Skipping exo naive adi repetition 2 for dataset size SMALL (already done).
Skipping exo naive bicg repetition 2 for dataset size SMALL (already done).
Skipping exo naive bicg repetition 2 for dataset size SMALL (already done).
Skipping exo naive correlation repetition 2 for dataset size SMALL (already done).
Skipping exo naive correlation repetition 2 for dataset size SMALL (already done).
Skipping exo naive covariance repetition 2 for dataset size SMALL (already done).
Skipping exo naive covariance repetition 2 for dataset size SMALL (already done).
Skipping exo naive doitgen repetition 2 for dataset size SMALL (already done).
Skipping exo naive doitgen repetition 2 for dataset size SMALL (already done).
Skipping exo naive fdtd-2d repetition 2 for dataset size SMALL (already done).
Skipping exo naive fdtd-2d repetition 2 for dataset size SMALL (already done).
Skipping exo naive gemm repetition 2 for dataset size SMALL (already done).
Skipping exo naive gemm repetition 2 for dataset size SMALL (already done).
Skipping exo naive gesummv repetition 2 for dataset size SMALL (already done).
Skipping exo naive gesummv repetition 2 for dataset size SMALL (already done).
Skipping exo naive heat-3d repetition 2 for dataset size SMALL (already done).
Skipping exo naive heat-3d repetition 2 for dataset size SMALL (already done).
Skipping exo naive jacobi-1d repetition 2 for dataset size SMALL (already done).
Skipping exo naive jacobi-1d repetition 2 for dataset size SMALL (already done).
Skipping exo naive lu repetition 2 for dataset size SMALL (already done).
Skipping exo naive lu repetition 2 for dataset size SMALL (already done).
Skipping exo naive ludcmp repetition 2 for dataset size SMALL (already done).
Skipping exo naive ludcmp repetition 2 for dataset size SMALL (already done).
Skipping exo naive mvt repetition 2 for dataset size SMALL (already done).
Skipping exo naive mvt repetition 2 for dataset size SMALL (already done).
Skipping exo naive nussinov repetition 2 for dataset size SMALL (already done).
Skipping exo naive nussinov repetition 2 for dataset size SMALL (already done).
Skipping exo naive symm repetition 2 for dataset size SMALL (already done).
Skipping exo naive symm repetition 2 for dataset size SMALL (already done).
Skipping exo naive syr2k repetition 2 for dataset size SMALL (already done).
Skipping exo naive syr2k repetition 2 for dataset size SMALL (already done).
Skipping exo naive syrk repetition 2 for dataset size SMALL (already done).
Skipping exo naive syrk repetition 2 for dataset size SMALL (already done).
Skipping exo naive trmm repetition 2 for dataset size SMALL (already done).
Skipping exo naive trmm repetition 2 for dataset size SMALL (already done).
Generated C for 'gemm' in /home/kleplj/naive/optimization/naive/PolybenchC-Exo/build/generated/gemm
Built gemm executable.
Generated C for 'gesummv' in /home/kleplj/naive/optimization/naive/PolybenchC-Exo/build/generated/gesummv
Built gesummv executable.
Generated C for 'syr2k' in /home/kleplj/naive/optimization/naive/PolybenchC-Exo/build/generated/syr2k
Built syr2k executable.
Generated C for 'trmm' in /home/kleplj/naive/optimization/naive/PolybenchC-Exo/build/generated/trmm
Built trmm executable.
Generated C for '3mm' in /home/kleplj/naive/optimization/naive/PolybenchC-Exo/build/generated/3mm
Built 3mm executable.
Generated C for 'bicg' in /home/kleplj/naive/optimization/naive/PolybenchC-Exo/build/generated/bicg
Built bicg executable.
Generated C for 'doitgen' in /home/kleplj/naive/optimization/naive/PolybenchC-Exo/build/generated/doitgen
Built doitgen executable.
Generated C for 'mvt' in /home/kleplj/naive/optimization/naive/PolybenchC-Exo/build/generated/mvt
Built mvt executable.
Generated C for 'cholesky' in /home/kleplj/naive/optimization/naive/PolybenchC-Exo/build/generated/cholesky
Built cholesky executable.
Generated C for 'durbin' in /home/kleplj/naive/optimization/naive/PolybenchC-Exo/build/generated/durbin
Built durbin executable.
Generated C for 'gramschmidt' in /home/kleplj/naive/optimization/naive/PolybenchC-Exo/build/generated/gramschmidt
Built gramschmidt executable.
Generated C for 'lu' in /home/kleplj/naive/optimization/naive/PolybenchC-Exo/build/generated/lu
Built lu executable.
Generated C for 'ludcmp' in /home/kleplj/naive/optimization/naive/PolybenchC-Exo/build/generated/ludcmp
Built ludcmp executable.
Generated C for 'trisolv' in /home/kleplj/naive/optimization/naive/PolybenchC-Exo/build/generated/trisolv
Built trisolv executable.
Generated C for 'correlation' in /home/kleplj/naive/optimization/naive/PolybenchC-Exo/build/generated/correlation
Built correlation executable.
Generated C for 'covariance' in /home/kleplj/naive/optimization/naive/PolybenchC-Exo/build/generated/covariance
Built covariance executable.
Generated C for 'fdtd-2d' in /home/kleplj/naive/optimization/naive/PolybenchC-Exo/build/generated/fdtd-2d
Built fdtd-2d executable.
Generated C for 'heat-3d' in /home/kleplj/naive/optimization/naive/PolybenchC-Exo/build/generated/heat-3d
Built heat-3d executable.
Generated C for 'jacobi-2d' in /home/kleplj/naive/optimization/naive/PolybenchC-Exo/build/generated/jacobi-2d
Built jacobi-2d executable.
Generated C for 'seidel-2d' in /home/kleplj/naive/optimization/naive/PolybenchC-Exo/build/generated/seidel-2d
Built seidel-2d executable.
Generated C for 'floyd-warshall' in /home/kleplj/naive/optimization/naive/PolybenchC-Exo/build/generated/floyd-warshall
Built floyd-warshall executable.
Generated C for 'nussinov' in /home/kleplj/naive/optimization/naive/PolybenchC-Exo/build/generated/nussinov
Exo build complete. Generated sources in: /home/kleplj/naive/optimization/naive/PolybenchC-Exo/build
Removing temp dir /tmp/slurm.151199/tmp.beyHhF5HW9
Skipping exo naive 3mm repetition 3 for dataset size SMALL (already done).
Skipping exo naive 3mm repetition 3 for dataset size SMALL (already done).
Skipping exo naive bicg repetition 3 for dataset size SMALL (already done).
Skipping exo naive bicg repetition 3 for dataset size SMALL (already done).
Skipping exo naive cholesky repetition 3 for dataset size SMALL (already done).
Skipping exo naive cholesky repetition 3 for dataset size SMALL (already done).
Skipping exo naive correlation repetition 3 for dataset size SMALL (already done).
Skipping exo naive correlation repetition 3 for dataset size SMALL (already done).
Skipping exo naive covariance repetition 3 for dataset size SMALL (already done).
Skipping exo naive covariance repetition 3 for dataset size SMALL (already done).
Skipping exo naive doitgen repetition 3 for dataset size SMALL (already done).
Skipping exo naive doitgen repetition 3 for dataset size SMALL (already done).
Skipping exo naive durbin repetition 3 for dataset size SMALL (already done).
Skipping exo naive durbin repetition 3 for dataset size SMALL (already done).
Skipping exo naive fdtd-2d repetition 3 for dataset size SMALL (already done).
Skipping exo naive fdtd-2d repetition 3 for dataset size SMALL (already done).
Skipping exo naive floyd-warshall repetition 3 for dataset size SMALL (already done).
Skipping exo naive floyd-warshall repetition 3 for dataset size SMALL (already done).
Skipping exo naive gemm repetition 3 for dataset size SMALL (already done).
Skipping exo naive gemm repetition 3 for dataset size SMALL (already done).
Skipping exo naive gesummv repetition 3 for dataset size SMALL (already done).
Skipping exo naive gesummv repetition 3 for dataset size SMALL (already done).
Skipping exo naive heat-3d repetition 3 for dataset size SMALL (already done).
Skipping exo naive heat-3d repetition 3 for dataset size SMALL (already done).
Skipping exo naive jacobi-2d repetition 3 for dataset size SMALL (already done).
Skipping exo naive jacobi-2d repetition 3 for dataset size SMALL (already done).
Skipping exo naive lu repetition 3 for dataset size SMALL (already done).
Skipping exo naive lu repetition 3 for dataset size SMALL (already done).
Skipping exo naive ludcmp repetition 3 for dataset size SMALL (already done).
Skipping exo naive ludcmp repetition 3 for dataset size SMALL (already done).
Skipping exo naive mvt repetition 3 for dataset size SMALL (already done).
Skipping exo naive mvt repetition 3 for dataset size SMALL (already done).
Skipping exo naive seidel-2d repetition 3 for dataset size SMALL (already done).
Skipping exo naive seidel-2d repetition 3 for dataset size SMALL (already done).
Skipping exo naive syr2k repetition 3 for dataset size SMALL (already done).
Skipping exo naive syr2k repetition 3 for dataset size SMALL (already done).
Skipping exo naive trisolv repetition 3 for dataset size SMALL (already done).
Skipping exo naive trisolv repetition 3 for dataset size SMALL (already done).
Skipping exo naive trmm repetition 3 for dataset size SMALL (already done).
Skipping exo naive trmm repetition 3 for dataset size SMALL (already done).
Generated C for 'gemm' in /home/kleplj/naive/optimization/naive/PolybenchC-Exo/build/generated/gemm
Built gemm executable.
Generated C for 'gesummv' in /home/kleplj/naive/optimization/naive/PolybenchC-Exo/build/generated/gesummv
Built gesummv executable.
Generated C for 'symm' in /home/kleplj/naive/optimization/naive/PolybenchC-Exo/build/generated/symm
Built symm executable.
Generated C for 'syr2k' in /home/kleplj/naive/optimization/naive/PolybenchC-Exo/build/generated/syr2k
Built syr2k executable.
Generated C for 'syrk' in /home/kleplj/naive/optimization/naive/PolybenchC-Exo/build/generated/syrk
Built syrk executable.
Generated C for 'trmm' in /home/kleplj/naive/optimization/naive/PolybenchC-Exo/build/generated/trmm
Built trmm executable.
Generated C for '3mm' in /home/kleplj/naive/optimization/naive/PolybenchC-Exo/build/generated/3mm
Built 3mm executable.
Generated C for 'atax' in /home/kleplj/naive/optimization/naive/PolybenchC-Exo/build/generated/atax
Built atax executable.
Generated C for 'bicg' in /home/kleplj/naive/optimization/naive/PolybenchC-Exo/build/generated/bicg
Built bicg executable.
Generated C for 'doitgen' in /home/kleplj/naive/optimization/naive/PolybenchC-Exo/build/generated/doitgen
Built doitgen executable.
Generated C for 'mvt' in /home/kleplj/naive/optimization/naive/PolybenchC-Exo/build/generated/mvt
Built mvt executable.
Generated C for 'cholesky' in /home/kleplj/naive/optimization/naive/PolybenchC-Exo/build/generated/cholesky
Built cholesky executable.
Generated C for 'durbin' in /home/kleplj/naive/optimization/naive/PolybenchC-Exo/build/generated/durbin
Built durbin executable.
Generated C for 'gramschmidt' in /home/kleplj/naive/optimization/naive/PolybenchC-Exo/build/generated/gramschmidt
Built gramschmidt executable.
Generated C for 'lu' in /home/kleplj/naive/optimization/naive/PolybenchC-Exo/build/generated/lu
Built lu executable.
Generated C for 'trisolv' in /home/kleplj/naive/optimization/naive/PolybenchC-Exo/build/generated/trisolv
Built trisolv executable.
Generated C for 'adi' in /home/kleplj/naive/optimization/naive/PolybenchC-Exo/build/generated/adi
Built adi executable.
Generated C for 'heat-3d' in /home/kleplj/naive/optimization/naive/PolybenchC-Exo/build/generated/heat-3d
Built heat-3d executable.
Generated C for 'seidel-2d' in /home/kleplj/naive/optimization/naive/PolybenchC-Exo/build/generated/seidel-2d
Built seidel-2d executable.
Exo build complete. Generated sources in: /home/kleplj/naive/optimization/naive/PolybenchC-Exo/build
Removing temp dir /tmp/slurm.151199/tmp.bbD0tRBFeO
Skipping exo naive 3mm repetition 4 for dataset size SMALL (already done).
Skipping exo naive 3mm repetition 4 for dataset size SMALL (already done).
Skipping exo naive adi repetition 4 for dataset size SMALL (already done).
Skipping exo naive adi repetition 4 for dataset size SMALL (already done).
Skipping exo naive atax repetition 4 for dataset size SMALL (already done).
Skipping exo naive atax repetition 4 for dataset size SMALL (already done).
Skipping exo naive bicg repetition 4 for dataset size SMALL (already done).
Skipping exo naive bicg repetition 4 for dataset size SMALL (already done).
Skipping exo naive cholesky repetition 4 for dataset size SMALL (already done).
Skipping exo naive cholesky repetition 4 for dataset size SMALL (already done).
Skipping exo naive doitgen repetition 4 for dataset size SMALL (already done).
Skipping exo naive doitgen repetition 4 for dataset size SMALL (already done).
Skipping exo naive durbin repetition 4 for dataset size SMALL (already done).
Skipping exo naive durbin repetition 4 for dataset size SMALL (already done).
Skipping exo naive gemm repetition 4 for dataset size SMALL (already done).
Skipping exo naive gemm repetition 4 for dataset size SMALL (already done).
Skipping exo naive gesummv repetition 4 for dataset size SMALL (already done).
Skipping exo naive gesummv repetition 4 for dataset size SMALL (already done).
Skipping exo naive heat-3d repetition 4 for dataset size SMALL (already done).
Skipping exo naive heat-3d repetition 4 for dataset size SMALL (already done).
Skipping exo naive lu repetition 4 for dataset size SMALL (already done).
Skipping exo naive lu repetition 4 for dataset size SMALL (already done).
Skipping exo naive mvt repetition 4 for dataset size SMALL (already done).
Skipping exo naive mvt repetition 4 for dataset size SMALL (already done).
Skipping exo naive symm repetition 4 for dataset size SMALL (already done).
Skipping exo naive symm repetition 4 for dataset size SMALL (already done).
Skipping exo naive syr2k repetition 4 for dataset size SMALL (already done).
Skipping exo naive syr2k repetition 4 for dataset size SMALL (already done).
Skipping exo naive syrk repetition 4 for dataset size SMALL (already done).
Skipping exo naive syrk repetition 4 for dataset size SMALL (already done).
Skipping exo naive trisolv repetition 4 for dataset size SMALL (already done).
Skipping exo naive trisolv repetition 4 for dataset size SMALL (already done).
Skipping exo naive trmm repetition 4 for dataset size SMALL (already done).
Skipping exo naive trmm repetition 4 for dataset size SMALL (already done).
Generated C for 'gemver' in /home/kleplj/naive/optimization/naive/PolybenchC-Exo/build/generated/gemver
Built gemver executable.
Generated C for 'gesummv' in /home/kleplj/naive/optimization/naive/PolybenchC-Exo/build/generated/gesummv
Built gesummv executable.
Generated C for 'symm' in /home/kleplj/naive/optimization/naive/PolybenchC-Exo/build/generated/symm
Built symm executable.
Generated C for 'syr2k' in /home/kleplj/naive/optimization/naive/PolybenchC-Exo/build/generated/syr2k
Built syr2k executable.
Generated C for 'syrk' in /home/kleplj/naive/optimization/naive/PolybenchC-Exo/build/generated/syrk
Built syrk executable.
Generated C for 'trmm' in /home/kleplj/naive/optimization/naive/PolybenchC-Exo/build/generated/trmm
Built trmm executable.
Generated C for '2mm' in /home/kleplj/naive/optimization/naive/PolybenchC-Exo/build/generated/2mm
Built 2mm executable.
Generated C for '3mm' in /home/kleplj/naive/optimization/naive/PolybenchC-Exo/build/generated/3mm
Built 3mm executable.
Generated C for 'bicg' in /home/kleplj/naive/optimization/naive/PolybenchC-Exo/build/generated/bicg
Built bicg executable.
Generated C for 'doitgen' in /home/kleplj/naive/optimization/naive/PolybenchC-Exo/build/generated/doitgen
Built doitgen executable.
Generated C for 'mvt' in /home/kleplj/naive/optimization/naive/PolybenchC-Exo/build/generated/mvt
Generated C for 'cholesky' in /home/kleplj/naive/optimization/naive/PolybenchC-Exo/build/generated/cholesky
Built cholesky executable.
Generated C for 'gramschmidt' in /home/kleplj/naive/optimization/naive/PolybenchC-Exo/build/generated/gramschmidt
Built gramschmidt executable.
Generated C for 'lu' in /home/kleplj/naive/optimization/naive/PolybenchC-Exo/build/generated/lu
Built lu executable.
Generated C for 'ludcmp' in /home/kleplj/naive/optimization/naive/PolybenchC-Exo/build/generated/ludcmp
Built ludcmp executable.
Generated C for 'trisolv' in /home/kleplj/naive/optimization/naive/PolybenchC-Exo/build/generated/trisolv
Built trisolv executable.
Generated C for 'correlation' in /home/kleplj/naive/optimization/naive/PolybenchC-Exo/build/generated/correlation
Built correlation executable.
Generated C for 'covariance' in /home/kleplj/naive/optimization/naive/PolybenchC-Exo/build/generated/covariance
Built covariance executable.
Generated C for 'jacobi-1d' in /home/kleplj/naive/optimization/naive/PolybenchC-Exo/build/generated/jacobi-1d
Built jacobi-1d executable.
Generated C for 'seidel-2d' in /home/kleplj/naive/optimization/naive/PolybenchC-Exo/build/generated/seidel-2d
Generated C for 'deriche' in /home/kleplj/naive/optimization/naive/PolybenchC-Exo/build/generated/deriche
Built deriche executable.
Generated C for 'floyd-warshall' in /home/kleplj/naive/optimization/naive/PolybenchC-Exo/build/generated/floyd-warshall
Built floyd-warshall executable.
Generated C for 'nussinov' in /home/kleplj/naive/optimization/naive/PolybenchC-Exo/build/generated/nussinov
Exo build complete. Generated sources in: /home/kleplj/naive/optimization/naive/PolybenchC-Exo/build
Removing temp dir /tmp/slurm.151199/tmp.YQtnA3QnWR
Skipping exo naive 2mm repetition 5 for dataset size SMALL (already done).
Skipping exo naive 2mm repetition 5 for dataset size SMALL (already done).
Skipping exo naive 3mm repetition 5 for dataset size SMALL (already done).
Skipping exo naive 3mm repetition 5 for dataset size SMALL (already done).
Skipping exo naive bicg repetition 5 for dataset size SMALL (already done).
Skipping exo naive bicg repetition 5 for dataset size SMALL (already done).
Skipping exo naive cholesky repetition 5 for dataset size SMALL (already done).
Skipping exo naive cholesky repetition 5 for dataset size SMALL (already done).
Skipping exo naive correlation repetition 5 for dataset size SMALL (already done).
Skipping exo naive correlation repetition 5 for dataset size SMALL (already done).
Skipping exo naive covariance repetition 5 for dataset size SMALL (already done).
Skipping exo naive covariance repetition 5 for dataset size SMALL (already done).
Skipping exo naive deriche repetition 5 for dataset size SMALL (already done).
Skipping exo naive deriche repetition 5 for dataset size SMALL (already done).
Skipping exo naive doitgen repetition 5 for dataset size SMALL (already done).
Skipping exo naive doitgen repetition 5 for dataset size SMALL (already done).
Skipping exo naive floyd-warshall repetition 5 for dataset size SMALL (already done).
Skipping exo naive floyd-warshall repetition 5 for dataset size SMALL (already done).
Skipping exo naive gemver repetition 5 for dataset size SMALL (already done).
Skipping exo naive gemver repetition 5 for dataset size SMALL (already done).
Skipping exo naive gesummv repetition 5 for dataset size SMALL (already done).
Skipping exo naive gesummv repetition 5 for dataset size SMALL (already done).
Skipping exo naive jacobi-1d repetition 5 for dataset size SMALL (already done).
Skipping exo naive jacobi-1d repetition 5 for dataset size SMALL (already done).
Skipping exo naive lu repetition 5 for dataset size SMALL (already done).
Skipping exo naive lu repetition 5 for dataset size SMALL (already done).
Skipping exo naive ludcmp repetition 5 for dataset size SMALL (already done).
Skipping exo naive ludcmp repetition 5 for dataset size SMALL (already done).
Skipping exo naive symm repetition 5 for dataset size SMALL (already done).
Skipping exo naive symm repetition 5 for dataset size SMALL (already done).
Skipping exo naive syr2k repetition 5 for dataset size SMALL (already done).
Skipping exo naive syr2k repetition 5 for dataset size SMALL (already done).
Skipping exo naive syrk repetition 5 for dataset size SMALL (already done).
Skipping exo naive syrk repetition 5 for dataset size SMALL (already done).
Skipping exo naive trisolv repetition 5 for dataset size SMALL (already done).
Skipping exo naive trisolv repetition 5 for dataset size SMALL (already done).
Skipping exo naive trmm repetition 5 for dataset size SMALL (already done).
Skipping exo naive trmm repetition 5 for dataset size SMALL (already done).
-- The C compiler identification is GNU 15.2.0
-- Detecting C compiler ABI info
-- Detecting C compiler ABI info - done
-- Check for working C compiler: /usr/local/latestgcc/bin/gcc - skipped
-- Detecting C compile features
-- Detecting C compile features - done
-- Configuring done (0.4s)
-- Generating done (0.8s)
-- Build files have been written to: /home/kleplj/naive/optimization/naive/PolybenchC-4.2.1/build
[  6%] Building C object CMakeFiles/lu.dir/linear-algebra/solvers/lu/lu.c.o
[ 11%] Building C object CMakeFiles/cholesky.dir/linear-algebra/solvers/cholesky/cholesky.c.o
[  6%] Building C object CMakeFiles/covariance.dir/datamining/covariance/covariance.c.o
[  6%] Building C object CMakeFiles/correlation.dir/datamining/correlation/correlation.c.o
[ 14%] Building C object CMakeFiles/gramschmidt.dir/linear-algebra/solvers/gramschmidt/gramschmidt.c.o
[ 14%] Building C object CMakeFiles/durbin.dir/linear-algebra/solvers/durbin/durbin.c.o
[ 14%] Building C object CMakeFiles/covariance.dir/utilities/polybench.c.o
[ 14%] Building C object CMakeFiles/lu.dir/utilities/polybench.c.o
[ 14%] Building C object CMakeFiles/cholesky.dir/utilities/polybench.c.o
[ 14%] Building C object CMakeFiles/correlation.dir/utilities/polybench.c.o
[ 38%] Building C object CMakeFiles/syr2k.dir/linear-algebra/blas/syr2k/syr2k.c.o
[ 38%] Building C object CMakeFiles/gesummv.dir/utilities/polybench.c.o
[ 66%] Building C object CMakeFiles/ludcmp.dir/linear-algebra/solvers/ludcmp/ludcmp.c.o
[ 66%] Building C object CMakeFiles/seidel-2d.dir/utilities/polybench.c.o
[ 66%] Building C object CMakeFiles/gemver.dir/linear-algebra/blas/gemver/gemver.c.o
[ 66%] Building C object CMakeFiles/2mm.dir/linear-algebra/kernels/2mm/2mm.c.o
[ 66%] Building C object CMakeFiles/syr2k.dir/utilities/polybench.c.o
[ 66%] Building C object CMakeFiles/bicg.dir/linear-algebra/kernels/bicg/bicg.c.o
[ 66%] Building C object CMakeFiles/trmm.dir/utilities/polybench.c.o
[ 66%] Building C object CMakeFiles/syrk.dir/linear-algebra/blas/syrk/syrk.c.o
[ 66%] Building C object CMakeFiles/durbin.dir/utilities/polybench.c.o
[ 66%] Building C object CMakeFiles/trmm.dir/linear-algebra/blas/trmm/trmm.c.o
[ 66%] Building C object CMakeFiles/gemver.dir/utilities/polybench.c.o
[ 66%] Building C object CMakeFiles/trisolv.dir/linear-algebra/solvers/trisolv/trisolv.c.o
[ 66%] Building C object CMakeFiles/gramschmidt.dir/utilities/polybench.c.o
[ 66%] Building C object CMakeFiles/fdtd-2d.dir/stencils/fdtd-2d/fdtd-2d.c.o
[ 66%] Building C object CMakeFiles/heat-3d.dir/stencils/heat-3d/heat-3d.c.o
[ 66%] Building C object CMakeFiles/jacobi-2d.dir/stencils/jacobi-2d/jacobi-2d.c.o
[ 66%] Building C object CMakeFiles/adi.dir/utilities/polybench.c.o
[ 66%] Building C object CMakeFiles/jacobi-1d.dir/utilities/polybench.c.o
[ 66%] Building C object CMakeFiles/deriche.dir/medley/deriche/deriche.c.o
[ 66%] Building C object CMakeFiles/deriche.dir/utilities/polybench.c.o
[ 66%] Building C object CMakeFiles/floyd-warshall.dir/medley/floyd-warshall/floyd-warshall.c.o
[ 66%] Building C object CMakeFiles/floyd-warshall.dir/utilities/polybench.c.o
[ 66%] Building C object CMakeFiles/seidel-2d.dir/stencils/seidel-2d/seidel-2d.c.o
[ 66%] Building C object CMakeFiles/jacobi-1d.dir/stencils/jacobi-1d/jacobi-1d.c.o
[ 66%] Building C object CMakeFiles/symm.dir/utilities/polybench.c.o
[ 66%] Building C object CMakeFiles/2mm.dir/utilities/polybench.c.o
[ 66%] Building C object CMakeFiles/nussinov.dir/medley/nussinov/nussinov.c.o
[ 66%] Building C object CMakeFiles/ludcmp.dir/utilities/polybench.c.o
[ 66%] Building C object CMakeFiles/mvt.dir/linear-algebra/kernels/mvt/mvt.c.o
[ 66%] Building C object CMakeFiles/doitgen.dir/utilities/polybench.c.o
[ 66%] Building C object CMakeFiles/symm.dir/linear-algebra/blas/symm/symm.c.o
[ 66%] Building C object CMakeFiles/gemm.dir/linear-algebra/blas/gemm/gemm.c.o
[ 66%] Building C object CMakeFiles/mvt.dir/utilities/polybench.c.o
[ 66%] Building C object CMakeFiles/bicg.dir/utilities/polybench.c.o
[ 66%] Building C object CMakeFiles/adi.dir/stencils/adi/adi.c.o
[ 66%] Building C object CMakeFiles/nussinov.dir/utilities/polybench.c.o
[ 66%] Building C object CMakeFiles/3mm.dir/linear-algebra/kernels/3mm/3mm.c.o
[ 66%] Building C object CMakeFiles/trisolv.dir/utilities/polybench.c.o
[ 66%] Building C object CMakeFiles/doitgen.dir/linear-algebra/kernels/doitgen/doitgen.c.o
[ 66%] Building C object CMakeFiles/gesummv.dir/linear-algebra/blas/gesummv/gesummv.c.o
[ 66%] Building C object CMakeFiles/atax.dir/utilities/polybench.c.o
[ 66%] Building C object CMakeFiles/jacobi-2d.dir/utilities/polybench.c.o
[ 66%] Building C object CMakeFiles/3mm.dir/utilities/polybench.c.o
[ 66%] Building C object CMakeFiles/fdtd-2d.dir/utilities/polybench.c.o
[ 66%] Building C object CMakeFiles/heat-3d.dir/utilities/polybench.c.o
[ 66%] Building C object CMakeFiles/gemm.dir/utilities/polybench.c.o
[ 66%] Building C object CMakeFiles/atax.dir/linear-algebra/kernels/atax/atax.c.o
[ 66%] Building C object CMakeFiles/syrk.dir/utilities/polybench.c.o
[ 67%] Linking C executable covariance
[ 70%] Linking C executable syr2k
[ 70%] Linking C executable nussinov
[ 71%] Linking C executable mvt
[ 72%] Linking C executable gesummv
[ 73%] Linking C executable durbin
[ 75%] Linking C executable adi
[ 75%] Linking C executable cholesky
[ 75%] Built target covariance
[ 76%] Linking C executable atax
[ 78%] Linking C executable floyd-warshall
[ 78%] Linking C executable correlation
[ 80%] Linking C executable bicg
[ 82%] Linking C executable jacobi-2d
[ 82%] Linking C executable syrk
[ 83%] Linking C executable doitgen
[ 84%] Linking C executable lu
[ 84%] Built target syr2k
[ 84%] Built target nussinov
[ 85%] Linking C executable 3mm
[ 86%] Linking C executable trisolv
[ 87%] Linking C executable gemver
[ 87%] Built target mvt
[ 88%] Linking C executable deriche
[ 88%] Built target gesummv
[ 88%] Built target durbin
[ 90%] Linking C executable trmm
[ 90%] Built target cholesky
[ 90%] Built target adi
[ 91%] Built target atax
[ 91%] Linking C executable symm
[ 91%] Built target correlation
[ 91%] Built target floyd-warshall
[ 92%] Linking C executable fdtd-2d
[ 92%] Built target bicg
[ 92%] Built target jacobi-2d
[ 92%] Built target syrk
[ 92%] Built target doitgen
[ 92%] Built target lu
[ 92%] Built target 3mm
[ 92%] Built target trisolv
[ 92%] Built target gemver
[ 92%] Built target deriche
[ 92%] Built target trmm
[ 93%] Linking C executable heat-3d
[ 94%] Linking C executable gramschmidt
[ 94%] Built target symm
[ 94%] Built target fdtd-2d
[ 94%] Built target heat-3d
[ 94%] Built target gramschmidt
[ 95%] Linking C executable gemm
[ 96%] Linking C executable 2mm
[ 96%] Built target gemm
[ 96%] Built target 2mm
Skipping c naive 2mm repetition 1 for dataset size SMALL (already done).
Skipping c naive 2mm repetition 1 for dataset size SMALL (already done).
Skipping c naive 3mm repetition 1 for dataset size SMALL (already done).
Skipping c naive 3mm repetition 1 for dataset size SMALL (already done).
Skipping c naive adi repetition 1 for dataset size SMALL (already done).
Skipping c naive adi repetition 1 for dataset size SMALL (already done).
Skipping c naive atax repetition 1 for dataset size SMALL (already done).
Skipping c naive atax repetition 1 for dataset size SMALL (already done).
Skipping c naive bicg repetition 1 for dataset size SMALL (already done).
Skipping c naive bicg repetition 1 for dataset size SMALL (already done).
Skipping c naive cholesky repetition 1 for dataset size SMALL (already done).
Skipping c naive cholesky repetition 1 for dataset size SMALL (already done).
Skipping c naive correlation repetition 1 for dataset size SMALL (already done).
Skipping c naive correlation repetition 1 for dataset size SMALL (already done).
Skipping c naive covariance repetition 1 for dataset size SMALL (already done).
Skipping c naive covariance repetition 1 for dataset size SMALL (already done).
Skipping c naive deriche repetition 1 for dataset size SMALL (already done).
Skipping c naive deriche repetition 1 for dataset size SMALL (already done).
Skipping c naive doitgen repetition 1 for dataset size SMALL (already done).
Skipping c naive doitgen repetition 1 for dataset size SMALL (already done).
Skipping c naive durbin repetition 1 for dataset size SMALL (already done).
Skipping c naive durbin repetition 1 for dataset size SMALL (already done).
Skipping c naive fdtd-2d repetition 1 for dataset size SMALL (already done).
Skipping c naive fdtd-2d repetition 1 for dataset size SMALL (already done).
Skipping c naive floyd-warshall repetition 1 for dataset size SMALL (already done).
Skipping c naive floyd-warshall repetition 1 for dataset size SMALL (already done).
Skipping c naive gemm repetition 1 for dataset size SMALL (already done).
Skipping c naive gemm repetition 1 for dataset size SMALL (already done).
Skipping c naive gemver repetition 1 for dataset size SMALL (already done).
Skipping c naive gemver repetition 1 for dataset size SMALL (already done).
Skipping c naive gesummv repetition 1 for dataset size SMALL (already done).
Skipping c naive gesummv repetition 1 for dataset size SMALL (already done).
Skipping c naive gramschmidt repetition 1 for dataset size SMALL (already done).
Skipping c naive gramschmidt repetition 1 for dataset size SMALL (already done).
Skipping c naive heat-3d repetition 1 for dataset size SMALL (already done).
Skipping c naive heat-3d repetition 1 for dataset size SMALL (already done).
Skipping c naive jacobi-2d repetition 1 for dataset size SMALL (already done).
Skipping c naive jacobi-2d repetition 1 for dataset size SMALL (already done).
Skipping c naive lu repetition 1 for dataset size SMALL (already done).
Skipping c naive lu repetition 1 for dataset size SMALL (already done).
Skipping c naive mvt repetition 1 for dataset size SMALL (already done).
Skipping c naive mvt repetition 1 for dataset size SMALL (already done).
Skipping c naive nussinov repetition 1 for dataset size SMALL (already done).
Skipping c naive nussinov repetition 1 for dataset size SMALL (already done).
Skipping c naive symm repetition 1 for dataset size SMALL (already done).
Skipping c naive symm repetition 1 for dataset size SMALL (already done).
Skipping c naive syr2k repetition 1 for dataset size SMALL (already done).
Skipping c naive syr2k repetition 1 for dataset size SMALL (already done).
Skipping c naive syrk repetition 1 for dataset size SMALL (already done).
Skipping c naive syrk repetition 1 for dataset size SMALL (already done).
Skipping c naive trisolv repetition 1 for dataset size SMALL (already done).
Skipping c naive trisolv repetition 1 for dataset size SMALL (already done).
Skipping c naive trmm repetition 1 for dataset size SMALL (already done).
Skipping c naive trmm repetition 1 for dataset size SMALL (already done).
-- The C compiler identification is GNU 15.2.0
-- Detecting C compiler ABI info
-- Detecting C compiler ABI info - done
-- Check for working C compiler: /usr/local/latestgcc/bin/gcc - skipped
-- Detecting C compile features
-- Detecting C compile features - done
-- Configuring done (0.3s)
-- Generating done (0.7s)
-- Build files have been written to: /home/kleplj/naive/optimization/naive/PolybenchC-4.2.1/build
[  5%] Building C object CMakeFiles/correlation.dir/datamining/correlation/correlation.c.o
[  5%] Building C object CMakeFiles/covariance.dir/datamining/covariance/covariance.c.o
[ 13%] Building C object CMakeFiles/gemm.dir/utilities/polybench.c.o
[ 13%] Building C object CMakeFiles/correlation.dir/utilities/polybench.c.o
[ 13%] Building C object CMakeFiles/cholesky.dir/linear-algebra/solvers/cholesky/cholesky.c.o
[ 13%] Building C object CMakeFiles/covariance.dir/utilities/polybench.c.o
[ 13%] Building C object CMakeFiles/cholesky.dir/utilities/polybench.c.o
[ 13%] Building C object CMakeFiles/gramschmidt.dir/linear-algebra/solvers/gramschmidt/gramschmidt.c.o
[ 13%] Building C object CMakeFiles/lu.dir/linear-algebra/solvers/lu/lu.c.o
[ 32%] Building C object CMakeFiles/gemver.dir/utilities/polybench.c.o
[ 32%] Building C object CMakeFiles/syrk.dir/utilities/polybench.c.o
[ 32%] Building C object CMakeFiles/trmm.dir/linear-algebra/blas/trmm/trmm.c.o
[ 66%] Building C object CMakeFiles/gramschmidt.dir/utilities/polybench.c.o
[ 66%] Building C object CMakeFiles/lu.dir/utilities/polybench.c.o
[ 66%] Building C object CMakeFiles/syrk.dir/linear-algebra/blas/syrk/syrk.c.o
[ 66%] Building C object CMakeFiles/bicg.dir/linear-algebra/kernels/bicg/bicg.c.o
[ 66%] Building C object CMakeFiles/gesummv.dir/utilities/polybench.c.o
[ 66%] Building C object CMakeFiles/durbin.dir/linear-algebra/solvers/durbin/durbin.c.o
[ 66%] Building C object CMakeFiles/trisolv.dir/linear-algebra/solvers/trisolv/trisolv.c.o
[ 66%] Building C object CMakeFiles/ludcmp.dir/linear-algebra/solvers/ludcmp/ludcmp.c.o
[ 66%] Building C object CMakeFiles/trisolv.dir/utilities/polybench.c.o
[ 66%] Building C object CMakeFiles/deriche.dir/medley/deriche/deriche.c.o
[ 66%] Building C object CMakeFiles/syr2k.dir/utilities/polybench.c.o
[ 66%] Building C object CMakeFiles/syr2k.dir/linear-algebra/blas/syr2k/syr2k.c.o
[ 66%] Building C object CMakeFiles/jacobi-1d.dir/stencils/jacobi-1d/jacobi-1d.c.o
[ 66%] Building C object CMakeFiles/nussinov.dir/utilities/polybench.c.o
[ 66%] Building C object CMakeFiles/jacobi-2d.dir/stencils/jacobi-2d/jacobi-2d.c.o
[ 66%] Building C object CMakeFiles/3mm.dir/utilities/polybench.c.o
[ 66%] Building C object CMakeFiles/ludcmp.dir/utilities/polybench.c.o
[ 66%] Building C object CMakeFiles/2mm.dir/utilities/polybench.c.o
[ 66%] Building C object CMakeFiles/fdtd-2d.dir/stencils/fdtd-2d/fdtd-2d.c.o
[ 66%] Building C object CMakeFiles/2mm.dir/linear-algebra/kernels/2mm/2mm.c.o
[ 66%] Building C object CMakeFiles/nussinov.dir/medley/nussinov/nussinov.c.o
[ 66%] Building C object CMakeFiles/mvt.dir/linear-algebra/kernels/mvt/mvt.c.o
[ 66%] Building C object CMakeFiles/floyd-warshall.dir/medley/floyd-warshall/floyd-warshall.c.o
[ 66%] Building C object CMakeFiles/floyd-warshall.dir/utilities/polybench.c.o
[ 66%] Building C object CMakeFiles/symm.dir/linear-algebra/blas/symm/symm.c.o
[ 66%] Building C object CMakeFiles/gemver.dir/linear-algebra/blas/gemver/gemver.c.o
[ 66%] Building C object CMakeFiles/gesummv.dir/linear-algebra/blas/gesummv/gesummv.c.o
[ 66%] Building C object CMakeFiles/symm.dir/utilities/polybench.c.o
[ 66%] Building C object CMakeFiles/mvt.dir/utilities/polybench.c.o
[ 66%] Building C object CMakeFiles/doitgen.dir/linear-algebra/kernels/doitgen/doitgen.c.o
[ 66%] Building C object CMakeFiles/atax.dir/linear-algebra/kernels/atax/atax.c.o
[ 66%] Building C object CMakeFiles/trmm.dir/utilities/polybench.c.o
[ 66%] Building C object CMakeFiles/jacobi-2d.dir/utilities/polybench.c.o
[ 66%] Building C object CMakeFiles/adi.dir/utilities/polybench.c.o
[ 66%] Building C object CMakeFiles/jacobi-1d.dir/utilities/polybench.c.o
[ 66%] Building C object CMakeFiles/heat-3d.dir/utilities/polybench.c.o
[ 66%] Building C object CMakeFiles/seidel-2d.dir/stencils/seidel-2d/seidel-2d.c.o
[ 66%] Building C object CMakeFiles/deriche.dir/utilities/polybench.c.o
[ 66%] Building C object CMakeFiles/fdtd-2d.dir/utilities/polybench.c.o
[ 66%] Building C object CMakeFiles/heat-3d.dir/stencils/heat-3d/heat-3d.c.o
[ 66%] Building C object CMakeFiles/doitgen.dir/utilities/polybench.c.o
[ 66%] Building C object CMakeFiles/seidel-2d.dir/utilities/polybench.c.o
[ 66%] Building C object CMakeFiles/atax.dir/utilities/polybench.c.o
[ 66%] Building C object CMakeFiles/bicg.dir/utilities/polybench.c.o
[ 66%] Building C object CMakeFiles/3mm.dir/linear-algebra/kernels/3mm/3mm.c.o
[ 66%] Building C object CMakeFiles/gemm.dir/linear-algebra/blas/gemm/gemm.c.o
[ 66%] Building C object CMakeFiles/durbin.dir/utilities/polybench.c.o
[ 66%] Building C object CMakeFiles/adi.dir/stencils/adi/adi.c.o
[ 67%] Linking C executable covariance
[ 68%] Linking C executable deriche
[ 71%] Linking C executable seidel-2d
[ 71%] Linking C executable durbin
[ 72%] Linking C executable gesummv
[ 73%] Linking C executable bicg
[ 74%] Linking C executable adi
[ 77%] Linking C executable jacobi-2d
[ 77%] Linking C executable floyd-warshall
[ 77%] Linking C executable mvt
[ 78%] Linking C executable trisolv
[ 81%] Linking C executable nussinov
[ 81%] Linking C executable trmm
[ 81%] Built target covariance
[ 84%] Linking C executable symm
[ 84%] Linking C executable syr2k
[ 84%] Linking C executable gemver
[ 86%] Linking C executable jacobi-1d
[ 87%] Linking C executable syrk
[ 87%] Linking C executable atax
[ 87%] Built target deriche
[ 88%] Linking C executable correlation
[ 90%] Built target durbin
[ 90%] Linking C executable heat-3d
[ 90%] Built target seidel-2d
[ 90%] Built target gesummv
[ 91%] Linking C executable doitgen
[ 93%] Built target bicg
[ 93%] Linking C executable lu
[ 93%] Linking C executable gramschmidt
[ 93%] Built target adi
[ 93%] Built target jacobi-2d
[ 93%] Built target mvt
[ 93%] Built target trisolv
[ 93%] Built target floyd-warshall
[ 94%] Linking C executable fdtd-2d
[ 94%] Built target nussinov
[ 94%] Built target trmm
[ 94%] Built target gemver
[ 94%] Built target symm
[ 94%] Built target syr2k
[ 94%] Built target jacobi-1d
[ 94%] Built target syrk
[ 94%] Built target atax
[ 95%] Linking C executable gemm
[ 95%] Built target heat-3d
[ 95%] Built target correlation
[ 96%] Linking C executable ludcmp
[ 97%] Linking C executable cholesky
[ 97%] Built target doitgen
[ 97%] Built target gramschmidt
[ 97%] Built target lu
[ 98%] Built target fdtd-2d
[ 98%] Linking C executable 2mm
[ 98%] Built target gemm
[ 98%] Built target ludcmp
[ 98%] Built target cholesky
[ 98%] Built target 2mm
[100%] Linking C executable 3mm
[100%] Built target 3mm
Skipping c naive 2mm repetition 2 for dataset size SMALL (already done).
Skipping c naive 2mm repetition 2 for dataset size SMALL (already done).
Skipping c naive 3mm repetition 2 for dataset size SMALL (already done).
Skipping c naive 3mm repetition 2 for dataset size SMALL (already done).
Skipping c naive adi repetition 2 for dataset size SMALL (already done).
Skipping c naive adi repetition 2 for dataset size SMALL (already done).
Skipping c naive atax repetition 2 for dataset size SMALL (already done).
Skipping c naive atax repetition 2 for dataset size SMALL (already done).
Skipping c naive bicg repetition 2 for dataset size SMALL (already done).
Skipping c naive bicg repetition 2 for dataset size SMALL (already done).
Skipping c naive cholesky repetition 2 for dataset size SMALL (already done).
Skipping c naive cholesky repetition 2 for dataset size SMALL (already done).
Skipping c naive correlation repetition 2 for dataset size SMALL (already done).
Skipping c naive correlation repetition 2 for dataset size SMALL (already done).
Skipping c naive covariance repetition 2 for dataset size SMALL (already done).
Skipping c naive covariance repetition 2 for dataset size SMALL (already done).
Skipping c naive deriche repetition 2 for dataset size SMALL (already done).
Skipping c naive deriche repetition 2 for dataset size SMALL (already done).
Skipping c naive doitgen repetition 2 for dataset size SMALL (already done).
Skipping c naive doitgen repetition 2 for dataset size SMALL (already done).
Skipping c naive durbin repetition 2 for dataset size SMALL (already done).
Skipping c naive durbin repetition 2 for dataset size SMALL (already done).
Skipping c naive fdtd-2d repetition 2 for dataset size SMALL (already done).
Skipping c naive fdtd-2d repetition 2 for dataset size SMALL (already done).
Skipping c naive floyd-warshall repetition 2 for dataset size SMALL (already done).
Skipping c naive floyd-warshall repetition 2 for dataset size SMALL (already done).
Skipping c naive gemm repetition 2 for dataset size SMALL (already done).
Skipping c naive gemm repetition 2 for dataset size SMALL (already done).
Skipping c naive gemver repetition 2 for dataset size SMALL (already done).
Skipping c naive gemver repetition 2 for dataset size SMALL (already done).
Skipping c naive gesummv repetition 2 for dataset size SMALL (already done).
Skipping c naive gesummv repetition 2 for dataset size SMALL (already done).
Skipping c naive heat-3d repetition 2 for dataset size SMALL (already done).
Skipping c naive heat-3d repetition 2 for dataset size SMALL (already done).
Skipping c naive jacobi-1d repetition 2 for dataset size SMALL (already done).
Skipping c naive jacobi-1d repetition 2 for dataset size SMALL (already done).
Skipping c naive jacobi-2d repetition 2 for dataset size SMALL (already done).
Skipping c naive jacobi-2d repetition 2 for dataset size SMALL (already done).
Skipping c naive lu repetition 2 for dataset size SMALL (already done).
Skipping c naive lu repetition 2 for dataset size SMALL (already done).
Skipping c naive ludcmp repetition 2 for dataset size SMALL (already done).
Skipping c naive ludcmp repetition 2 for dataset size SMALL (already done).
Skipping c naive mvt repetition 2 for dataset size SMALL (already done).
Skipping c naive mvt repetition 2 for dataset size SMALL (already done).
Skipping c naive nussinov repetition 2 for dataset size SMALL (already done).
Skipping c naive nussinov repetition 2 for dataset size SMALL (already done).
Skipping c naive seidel-2d repetition 2 for dataset size SMALL (already done).
Skipping c naive seidel-2d repetition 2 for dataset size SMALL (already done).
Skipping c naive symm repetition 2 for dataset size SMALL (already done).
Skipping c naive symm repetition 2 for dataset size SMALL (already done).
Skipping c naive syr2k repetition 2 for dataset size SMALL (already done).
Skipping c naive syr2k repetition 2 for dataset size SMALL (already done).
Skipping c naive syrk repetition 2 for dataset size SMALL (already done).
Skipping c naive syrk repetition 2 for dataset size SMALL (already done).
Skipping c naive trisolv repetition 2 for dataset size SMALL (already done).
Skipping c naive trisolv repetition 2 for dataset size SMALL (already done).
Skipping c naive trmm repetition 2 for dataset size SMALL (already done).
Skipping c naive trmm repetition 2 for dataset size SMALL (already done).
-- The C compiler identification is GNU 15.2.0
-- Detecting C compiler ABI info
-- Detecting C compiler ABI info - done
-- Check for working C compiler: /usr/local/latestgcc/bin/gcc - skipped
-- Detecting C compile features
-- Detecting C compile features - done
-- Configuring done (0.3s)
-- Generating done (0.8s)
-- Build files have been written to: /home/kleplj/naive/optimization/naive/PolybenchC-4.2.1/build
[  3%] Building C object CMakeFiles/correlation.dir/utilities/polybench.c.o
[  5%] Building C object CMakeFiles/correlation.dir/datamining/correlation/correlation.c.o
[  5%] Building C object CMakeFiles/covariance.dir/datamining/covariance/covariance.c.o
[ 10%] Building C object CMakeFiles/cholesky.dir/utilities/polybench.c.o
[ 10%] Building C object CMakeFiles/cholesky.dir/linear-algebra/solvers/cholesky/cholesky.c.o
[ 10%] Building C object CMakeFiles/lu.dir/linear-algebra/solvers/lu/lu.c.o
[ 10%] Building C object CMakeFiles/covariance.dir/utilities/polybench.c.o
[ 26%] Building C object CMakeFiles/gramschmidt.dir/utilities/polybench.c.o
[ 66%] Building C object CMakeFiles/lu.dir/utilities/polybench.c.o
[ 66%] Building C object CMakeFiles/durbin.dir/linear-algebra/solvers/durbin/durbin.c.o
[ 66%] Building C object CMakeFiles/gramschmidt.dir/linear-algebra/solvers/gramschmidt/gramschmidt.c.o
[ 66%] Building C object CMakeFiles/ludcmp.dir/linear-algebra/solvers/ludcmp/ludcmp.c.o
[ 66%] Building C object CMakeFiles/trmm.dir/linear-algebra/blas/trmm/trmm.c.o
[ 66%] Building C object CMakeFiles/gemver.dir/linear-algebra/blas/gemver/gemver.c.o
[ 66%] Building C object CMakeFiles/doitgen.dir/linear-algebra/kernels/doitgen/doitgen.c.o
[ 66%] Building C object CMakeFiles/syr2k.dir/utilities/polybench.c.o
[ 66%] Building C object CMakeFiles/gemm.dir/linear-algebra/blas/gemm/gemm.c.o
[ 66%] Building C object CMakeFiles/trisolv.dir/utilities/polybench.c.o
[ 66%] Building C object CMakeFiles/syr2k.dir/linear-algebra/blas/syr2k/syr2k.c.o
[ 66%] Building C object CMakeFiles/trisolv.dir/linear-algebra/solvers/trisolv/trisolv.c.o
[ 66%] Building C object CMakeFiles/bicg.dir/linear-algebra/kernels/bicg/bicg.c.o
[ 66%] Building C object CMakeFiles/gesummv.dir/utilities/polybench.c.o
[ 66%] Building C object CMakeFiles/seidel-2d.dir/stencils/seidel-2d/seidel-2d.c.o
[ 66%] Building C object CMakeFiles/adi.dir/stencils/adi/adi.c.o
[ 66%] Building C object CMakeFiles/adi.dir/utilities/polybench.c.o
[ 66%] Building C object CMakeFiles/jacobi-1d.dir/utilities/polybench.c.o
[ 66%] Building C object CMakeFiles/jacobi-2d.dir/stencils/jacobi-2d/jacobi-2d.c.o
[ 66%] Building C object CMakeFiles/deriche.dir/utilities/polybench.c.o
[ 66%] Building C object CMakeFiles/heat-3d.dir/stencils/heat-3d/heat-3d.c.o
[ 66%] Building C object CMakeFiles/jacobi-1d.dir/stencils/jacobi-1d/jacobi-1d.c.o
[ 66%] Building C object CMakeFiles/floyd-warshall.dir/medley/floyd-warshall/floyd-warshall.c.o
[ 66%] Building C object CMakeFiles/2mm.dir/utilities/polybench.c.o
[ 66%] Building C object CMakeFiles/floyd-warshall.dir/utilities/polybench.c.o
[ 66%] Building C object CMakeFiles/deriche.dir/medley/deriche/deriche.c.o
[ 66%] Building C object CMakeFiles/nussinov.dir/utilities/polybench.c.o
[ 66%] Building C object CMakeFiles/3mm.dir/linear-algebra/kernels/3mm/3mm.c.o
[ 66%] Building C object CMakeFiles/nussinov.dir/medley/nussinov/nussinov.c.o
[ 66%] Building C object CMakeFiles/2mm.dir/linear-algebra/kernels/2mm/2mm.c.o
[ 66%] Building C object CMakeFiles/doitgen.dir/utilities/polybench.c.o
[ 66%] Building C object CMakeFiles/atax.dir/utilities/polybench.c.o
[ 66%] Building C object CMakeFiles/3mm.dir/utilities/polybench.c.o
[ 66%] Building C object CMakeFiles/bicg.dir/utilities/polybench.c.o
[ 66%] Building C object CMakeFiles/mvt.dir/utilities/polybench.c.o
[ 66%] Building C object CMakeFiles/atax.dir/linear-algebra/kernels/atax/atax.c.o
[ 66%] Building C object CMakeFiles/trmm.dir/utilities/polybench.c.o
[ 66%] Building C object CMakeFiles/symm.dir/linear-algebra/blas/symm/symm.c.o
[ 66%] Building C object CMakeFiles/mvt.dir/linear-algebra/kernels/mvt/mvt.c.o
[ 66%] Building C object CMakeFiles/symm.dir/utilities/polybench.c.o
[ 66%] Building C object CMakeFiles/syrk.dir/utilities/polybench.c.o
[ 66%] Building C object CMakeFiles/ludcmp.dir/utilities/polybench.c.o
[ 66%] Building C object CMakeFiles/gesummv.dir/linear-algebra/blas/gesummv/gesummv.c.o
[ 66%] Building C object CMakeFiles/gemm.dir/utilities/polybench.c.o
[ 66%] Building C object CMakeFiles/gemver.dir/utilities/polybench.c.o
[ 66%] Building C object CMakeFiles/syrk.dir/linear-algebra/blas/syrk/syrk.c.o
[ 66%] Building C object CMakeFiles/fdtd-2d.dir/utilities/polybench.c.o
[ 66%] Building C object CMakeFiles/fdtd-2d.dir/stencils/fdtd-2d/fdtd-2d.c.o
[ 66%] Building C object CMakeFiles/seidel-2d.dir/utilities/polybench.c.o
[ 66%] Building C object CMakeFiles/heat-3d.dir/utilities/polybench.c.o
[ 66%] Building C object CMakeFiles/jacobi-2d.dir/utilities/polybench.c.o
[ 66%] Building C object CMakeFiles/durbin.dir/utilities/polybench.c.o
[ 67%] Linking C executable atax
[ 70%] Linking C executable seidel-2d
[ 70%] Linking C executable gesummv
[ 71%] Linking C executable jacobi-1d
[ 72%] Linking C executable covariance
[ 74%] Linking C executable jacobi-2d
[ 76%] Linking C executable durbin
[ 76%] Linking C executable trisolv
[ 76%] Linking C executable nussinov
[ 78%] Linking C executable doitgen
[ 80%] Linking C executable bicg
[ 80%] Linking C executable deriche
[ 81%] Linking C executable floyd-warshall
[ 82%] Linking C executable correlation
[ 84%] Linking C executable syrk
[ 84%] Linking C executable gemver
[ 84%] Built target atax
[ 85%] Linking C executable lu
[ 86%] Built target seidel-2d
[ 87%] Linking C executable fdtd-2d
[ 87%] Linking C executable trmm
[ 87%] Built target gesummv
[ 88%] Linking C executable cholesky
[ 88%] Built target jacobi-1d
[ 90%] Linking C executable syr2k
[ 91%] Linking C executable heat-3d
[ 91%] Built target covariance
[ 94%] Linking C executable adi
[ 94%] Linking C executable 2mm
[ 94%] Linking C executable gemm
[ 94%] Built target trisolv
[ 94%] Built target jacobi-2d
[ 94%] Built target durbin
[ 94%] Built target nussinov
[ 94%] Built target doitgen
[ 94%] Built target bicg
[ 95%] Linking C executable symm
[ 95%] Built target deriche
[ 95%] Built target floyd-warshall
[ 95%] Built target correlation
[ 95%] Built target gemver
[ 95%] Built target syrk
[ 95%] Built target trmm
[ 95%] Built target fdtd-2d
[ 96%] Built target lu
[ 96%] Linking C executable 3mm
[ 97%] Built target cholesky
[ 97%] Linking C executable mvt
[ 97%] Built target syr2k
[ 97%] Built target heat-3d
[ 98%] Linking C executable ludcmp
[ 98%] Built target adi
[ 98%] Built target 2mm
[ 98%] Built target gemm
[ 98%] Built target symm
[ 98%] Built target 3mm
[ 98%] Built target mvt
[ 98%] Built target ludcmp
[100%] Linking C executable gramschmidt
[100%] Built target gramschmidt
Skipping c naive 2mm repetition 3 for dataset size SMALL (already done).
Skipping c naive 2mm repetition 3 for dataset size SMALL (already done).
Skipping c naive 3mm repetition 3 for dataset size SMALL (already done).
Skipping c naive 3mm repetition 3 for dataset size SMALL (already done).
Skipping c naive adi repetition 3 for dataset size SMALL (already done).
Skipping c naive adi repetition 3 for dataset size SMALL (already done).
Skipping c naive atax repetition 3 for dataset size SMALL (already done).
Skipping c naive atax repetition 3 for dataset size SMALL (already done).
Skipping c naive bicg repetition 3 for dataset size SMALL (already done).
Skipping c naive bicg repetition 3 for dataset size SMALL (already done).
Skipping c naive cholesky repetition 3 for dataset size SMALL (already done).
Skipping c naive cholesky repetition 3 for dataset size SMALL (already done).
Skipping c naive correlation repetition 3 for dataset size SMALL (already done).
Skipping c naive correlation repetition 3 for dataset size SMALL (already done).
Skipping c naive covariance repetition 3 for dataset size SMALL (already done).
Skipping c naive covariance repetition 3 for dataset size SMALL (already done).
Skipping c naive deriche repetition 3 for dataset size SMALL (already done).
Skipping c naive deriche repetition 3 for dataset size SMALL (already done).
Skipping c naive doitgen repetition 3 for dataset size SMALL (already done).
Skipping c naive doitgen repetition 3 for dataset size SMALL (already done).
Skipping c naive durbin repetition 3 for dataset size SMALL (already done).
Skipping c naive durbin repetition 3 for dataset size SMALL (already done).
Skipping c naive fdtd-2d repetition 3 for dataset size SMALL (already done).
Skipping c naive fdtd-2d repetition 3 for dataset size SMALL (already done).
Skipping c naive floyd-warshall repetition 3 for dataset size SMALL (already done).
Skipping c naive floyd-warshall repetition 3 for dataset size SMALL (already done).
Skipping c naive gemm repetition 3 for dataset size SMALL (already done).
Skipping c naive gemm repetition 3 for dataset size SMALL (already done).
Skipping c naive gemver repetition 3 for dataset size SMALL (already done).
Skipping c naive gemver repetition 3 for dataset size SMALL (already done).
Skipping c naive gesummv repetition 3 for dataset size SMALL (already done).
Skipping c naive gesummv repetition 3 for dataset size SMALL (already done).
Skipping c naive heat-3d repetition 3 for dataset size SMALL (already done).
Skipping c naive heat-3d repetition 3 for dataset size SMALL (already done).
Skipping c naive jacobi-1d repetition 3 for dataset size SMALL (already done).
Skipping c naive jacobi-1d repetition 3 for dataset size SMALL (already done).
Skipping c naive jacobi-2d repetition 3 for dataset size SMALL (already done).
Skipping c naive jacobi-2d repetition 3 for dataset size SMALL (already done).
Skipping c naive lu repetition 3 for dataset size SMALL (already done).
Skipping c naive lu repetition 3 for dataset size SMALL (already done).
Skipping c naive ludcmp repetition 3 for dataset size SMALL (already done).
Skipping c naive ludcmp repetition 3 for dataset size SMALL (already done).
Skipping c naive mvt repetition 3 for dataset size SMALL (already done).
Skipping c naive mvt repetition 3 for dataset size SMALL (already done).
Skipping c naive nussinov repetition 3 for dataset size SMALL (already done).
Skipping c naive nussinov repetition 3 for dataset size SMALL (already done).
Skipping c naive seidel-2d repetition 3 for dataset size SMALL (already done).
Skipping c naive seidel-2d repetition 3 for dataset size SMALL (already done).
Skipping c naive symm repetition 3 for dataset size SMALL (already done).
Skipping c naive symm repetition 3 for dataset size SMALL (already done).
Skipping c naive syr2k repetition 3 for dataset size SMALL (already done).
Skipping c naive syr2k repetition 3 for dataset size SMALL (already done).
Skipping c naive syrk repetition 3 for dataset size SMALL (already done).
Skipping c naive syrk repetition 3 for dataset size SMALL (already done).
Skipping c naive trisolv repetition 3 for dataset size SMALL (already done).
Skipping c naive trisolv repetition 3 for dataset size SMALL (already done).
Skipping c naive trmm repetition 3 for dataset size SMALL (already done).
Skipping c naive trmm repetition 3 for dataset size SMALL (already done).
-- The C compiler identification is GNU 15.2.0
-- Detecting C compiler ABI info
-- Detecting C compiler ABI info - done
-- Check for working C compiler: /usr/local/latestgcc/bin/gcc - skipped
-- Detecting C compile features
-- Detecting C compile features - done
-- Configuring done (0.4s)
-- Generating done (0.8s)
-- Build files have been written to: /home/kleplj/naive/optimization/naive/PolybenchC-4.2.1/build
[  4%] Building C object CMakeFiles/correlation.dir/datamining/correlation/correlation.c.o
[  4%] Building C object CMakeFiles/covariance.dir/datamining/covariance/covariance.c.o
[  5%] Building C object CMakeFiles/covariance.dir/utilities/polybench.c.o
[ 10%] Building C object CMakeFiles/cholesky.dir/utilities/polybench.c.o
[ 14%] Building C object CMakeFiles/gramschmidt.dir/utilities/polybench.c.o
[ 10%] Building C object CMakeFiles/lu.dir/linear-algebra/solvers/lu/lu.c.o
[ 10%] Building C object CMakeFiles/correlation.dir/utilities/polybench.c.o
[ 10%] Building C object CMakeFiles/lu.dir/utilities/polybench.c.o
[ 17%] Building C object CMakeFiles/durbin.dir/linear-algebra/solvers/durbin/durbin.c.o
[ 17%] Building C object CMakeFiles/syr2k.dir/linear-algebra/blas/syr2k/syr2k.c.o
[ 17%] Building C object CMakeFiles/gramschmidt.dir/linear-algebra/solvers/gramschmidt/gramschmidt.c.o
[ 17%] Building C object CMakeFiles/cholesky.dir/linear-algebra/solvers/cholesky/cholesky.c.o
[ 17%] Building C object CMakeFiles/trisolv.dir/linear-algebra/solvers/trisolv/trisolv.c.o
[ 37%] Building C object CMakeFiles/fdtd-2d.dir/stencils/fdtd-2d/fdtd-2d.c.o
[ 66%] Building C object CMakeFiles/syr2k.dir/utilities/polybench.c.o
[ 66%] Building C object CMakeFiles/syrk.dir/linear-algebra/blas/syrk/syrk.c.o
[ 66%] Building C object CMakeFiles/durbin.dir/utilities/polybench.c.o
[ 66%] Building C object CMakeFiles/ludcmp.dir/utilities/polybench.c.o
[ 66%] Building C object CMakeFiles/ludcmp.dir/linear-algebra/solvers/ludcmp/ludcmp.c.o
[ 66%] Building C object CMakeFiles/gemm.dir/utilities/polybench.c.o
[ 66%] Building C object CMakeFiles/trmm.dir/utilities/polybench.c.o
[ 66%] Building C object CMakeFiles/gesummv.dir/linear-algebra/blas/gesummv/gesummv.c.o
[ 66%] Building C object CMakeFiles/gemver.dir/utilities/polybench.c.o
[ 66%] Building C object CMakeFiles/trisolv.dir/utilities/polybench.c.o
[ 66%] Building C object CMakeFiles/gemver.dir/linear-algebra/blas/gemver/gemver.c.o
[ 66%] Building C object CMakeFiles/syrk.dir/utilities/polybench.c.o
[ 66%] Building C object CMakeFiles/adi.dir/stencils/adi/adi.c.o
[ 66%] Building C object CMakeFiles/jacobi-1d.dir/utilities/polybench.c.o
[ 66%] Building C object CMakeFiles/jacobi-2d.dir/utilities/polybench.c.o
[ 66%] Building C object CMakeFiles/3mm.dir/linear-algebra/kernels/3mm/3mm.c.o
[ 66%] Building C object CMakeFiles/mvt.dir/linear-algebra/kernels/mvt/mvt.c.o
[ 66%] Building C object CMakeFiles/floyd-warshall.dir/utilities/polybench.c.o
[ 66%] Building C object CMakeFiles/2mm.dir/linear-algebra/kernels/2mm/2mm.c.o
[ 66%] Building C object CMakeFiles/jacobi-1d.dir/stencils/jacobi-1d/jacobi-1d.c.o
[ 66%] Building C object CMakeFiles/2mm.dir/utilities/polybench.c.o
[ 66%] Building C object CMakeFiles/bicg.dir/linear-algebra/kernels/bicg/bicg.c.o
[ 66%] Building C object CMakeFiles/symm.dir/linear-algebra/blas/symm/symm.c.o
[ 66%] Building C object CMakeFiles/fdtd-2d.dir/utilities/polybench.c.o
[ 66%] Building C object CMakeFiles/nussinov.dir/medley/nussinov/nussinov.c.o
[ 66%] Building C object CMakeFiles/atax.dir/utilities/polybench.c.o
[ 66%] Building C object CMakeFiles/heat-3d.dir/utilities/polybench.c.o
[ 66%] Building C object CMakeFiles/jacobi-2d.dir/stencils/jacobi-2d/jacobi-2d.c.o
[ 66%] Building C object CMakeFiles/mvt.dir/utilities/polybench.c.o
[ 66%] Building C object CMakeFiles/gemm.dir/linear-algebra/blas/gemm/gemm.c.o
[ 66%] Building C object CMakeFiles/bicg.dir/utilities/polybench.c.o
[ 66%] Building C object CMakeFiles/seidel-2d.dir/utilities/polybench.c.o
[ 66%] Building C object CMakeFiles/deriche.dir/utilities/polybench.c.o
[ 66%] Building C object CMakeFiles/heat-3d.dir/stencils/heat-3d/heat-3d.c.o
[ 66%] Building C object CMakeFiles/seidel-2d.dir/stencils/seidel-2d/seidel-2d.c.o
[ 66%] Building C object CMakeFiles/deriche.dir/medley/deriche/deriche.c.o
[ 66%] Building C object CMakeFiles/doitgen.dir/utilities/polybench.c.o
[ 66%] Building C object CMakeFiles/nussinov.dir/utilities/polybench.c.o
[ 66%] Building C object CMakeFiles/gesummv.dir/utilities/polybench.c.o
[ 66%] Building C object CMakeFiles/trmm.dir/linear-algebra/blas/trmm/trmm.c.o
[ 66%] Building C object CMakeFiles/adi.dir/utilities/polybench.c.o
[ 66%] Building C object CMakeFiles/atax.dir/linear-algebra/kernels/atax/atax.c.o
[ 66%] Building C object CMakeFiles/doitgen.dir/linear-algebra/kernels/doitgen/doitgen.c.o
[ 66%] Building C object CMakeFiles/floyd-warshall.dir/medley/floyd-warshall/floyd-warshall.c.o
[ 66%] Building C object CMakeFiles/symm.dir/utilities/polybench.c.o
[ 66%] Building C object CMakeFiles/3mm.dir/utilities/polybench.c.o
[ 67%] Linking C executable covariance
[ 70%] Linking C executable atax
[ 70%] Linking C executable syr2k
[ 72%] Linking C executable floyd-warshall
[ 72%] Linking C executable jacobi-1d
[ 74%] Linking C executable durbin
[ 74%] Linking C executable seidel-2d
[ 75%] Linking C executable trmm
[ 76%] Linking C executable gesummv
[ 77%] Linking C executable trisolv
[ 78%] Linking C executable deriche
[ 80%] Linking C executable mvt
[ 80%] Built target covariance
[ 83%] Linking C executable gemver
[ 83%] Linking C executable lu
[ 83%] Linking C executable fdtd-2d
[ 84%] Linking C executable bicg
[ 86%] Linking C executable doitgen
[ 86%] Linking C executable syrk
[ 86%] Built target syr2k
[ 86%] Built target atax
[ 86%] Built target floyd-warshall
[ 86%] Built target jacobi-1d
[ 86%] Built target durbin
[ 86%] Built target seidel-2d
[ 86%] Built target trmm
[ 87%] Built target gesummv
[ 87%] Linking C executable correlation
[ 87%] Built target trisolv
[ 88%] Linking C executable adi
[ 88%] Built target deriche
[ 88%] Built target mvt
[ 90%] Linking C executable jacobi-2d
[ 91%] Linking C executable gemm
[ 93%] Built target gemver
[ 94%] Linking C executable cholesky
[ 94%] Built target fdtd-2d
[ 94%] Built target bicg
[ 94%] Linking C executable gramschmidt
[ 94%] Built target lu
[ 95%] Linking C executable symm
[ 95%] Linking C executable 3mm
[ 96%] Built target doitgen
[ 96%] Linking C executable 2mm
[ 96%] Built target syrk
[ 96%] Built target correlation
[ 96%] Built target adi
[ 96%] Built target jacobi-2d
[ 96%] Built target gemm
[ 96%] Built target gramschmidt
[ 96%] Built target cholesky
[ 96%] Built target symm
[ 96%] Built target 3mm
[ 96%] Built target 2mm
[ 97%] Linking C executable ludcmp
[ 97%] Built target ludcmp
Skipping c naive 2mm repetition 4 for dataset size SMALL (already done).
Skipping c naive 2mm repetition 4 for dataset size SMALL (already done).
Skipping c naive 3mm repetition 4 for dataset size SMALL (already done).
Skipping c naive 3mm repetition 4 for dataset size SMALL (already done).
Skipping c naive adi repetition 4 for dataset size SMALL (already done).
Skipping c naive adi repetition 4 for dataset size SMALL (already done).
Skipping c naive atax repetition 4 for dataset size SMALL (already done).
Skipping c naive atax repetition 4 for dataset size SMALL (already done).
Skipping c naive bicg repetition 4 for dataset size SMALL (already done).
Skipping c naive bicg repetition 4 for dataset size SMALL (already done).
Skipping c naive cholesky repetition 4 for dataset size SMALL (already done).
Skipping c naive cholesky repetition 4 for dataset size SMALL (already done).
Skipping c naive correlation repetition 4 for dataset size SMALL (already done).
Skipping c naive correlation repetition 4 for dataset size SMALL (already done).
Skipping c naive covariance repetition 4 for dataset size SMALL (already done).
Skipping c naive covariance repetition 4 for dataset size SMALL (already done).
Skipping c naive deriche repetition 4 for dataset size SMALL (already done).
Skipping c naive deriche repetition 4 for dataset size SMALL (already done).
Skipping c naive doitgen repetition 4 for dataset size SMALL (already done).
Skipping c naive doitgen repetition 4 for dataset size SMALL (already done).
Skipping c naive durbin repetition 4 for dataset size SMALL (already done).
Skipping c naive durbin repetition 4 for dataset size SMALL (already done).
Skipping c naive fdtd-2d repetition 4 for dataset size SMALL (already done).
Skipping c naive fdtd-2d repetition 4 for dataset size SMALL (already done).
Skipping c naive floyd-warshall repetition 4 for dataset size SMALL (already done).
Skipping c naive floyd-warshall repetition 4 for dataset size SMALL (already done).
Skipping c naive gemm repetition 4 for dataset size SMALL (already done).
Skipping c naive gemm repetition 4 for dataset size SMALL (already done).
Skipping c naive gemver repetition 4 for dataset size SMALL (already done).
Skipping c naive gemver repetition 4 for dataset size SMALL (already done).
Skipping c naive gesummv repetition 4 for dataset size SMALL (already done).
Skipping c naive gesummv repetition 4 for dataset size SMALL (already done).
Skipping c naive jacobi-1d repetition 4 for dataset size SMALL (already done).
Skipping c naive jacobi-1d repetition 4 for dataset size SMALL (already done).
Skipping c naive jacobi-2d repetition 4 for dataset size SMALL (already done).
Skipping c naive jacobi-2d repetition 4 for dataset size SMALL (already done).
Skipping c naive lu repetition 4 for dataset size SMALL (already done).
Skipping c naive lu repetition 4 for dataset size SMALL (already done).
Skipping c naive ludcmp repetition 4 for dataset size SMALL (already done).
Skipping c naive ludcmp repetition 4 for dataset size SMALL (already done).
Skipping c naive mvt repetition 4 for dataset size SMALL (already done).
Skipping c naive mvt repetition 4 for dataset size SMALL (already done).
Skipping c naive seidel-2d repetition 4 for dataset size SMALL (already done).
Skipping c naive seidel-2d repetition 4 for dataset size SMALL (already done).
Skipping c naive symm repetition 4 for dataset size SMALL (already done).
Skipping c naive symm repetition 4 for dataset size SMALL (already done).
Skipping c naive syr2k repetition 4 for dataset size SMALL (already done).
Skipping c naive syr2k repetition 4 for dataset size SMALL (already done).
Skipping c naive syrk repetition 4 for dataset size SMALL (already done).
Skipping c naive syrk repetition 4 for dataset size SMALL (already done).
Skipping c naive trisolv repetition 4 for dataset size SMALL (already done).
Skipping c naive trisolv repetition 4 for dataset size SMALL (already done).
Skipping c naive trmm repetition 4 for dataset size SMALL (already done).
Skipping c naive trmm repetition 4 for dataset size SMALL (already done).
-- The C compiler identification is GNU 15.2.0
-- Detecting C compiler ABI info
-- Detecting C compiler ABI info - done
-- Check for working C compiler: /usr/local/latestgcc/bin/gcc - skipped
-- Detecting C compile features
-- Detecting C compile features - done
-- Configuring done (0.4s)
-- Generating done (0.8s)
-- Build files have been written to: /home/kleplj/naive/optimization/naive/PolybenchC-4.2.1/build
[  5%] Building C object CMakeFiles/correlation.dir/datamining/correlation/correlation.c.o
[  5%] Building C object CMakeFiles/covariance.dir/datamining/covariance/covariance.c.o
[  5%] Building C object CMakeFiles/covariance.dir/utilities/polybench.c.o
[  6%] Building C object CMakeFiles/correlation.dir/utilities/polybench.c.o
[  8%] Building C object CMakeFiles/lu.dir/linear-algebra/solvers/lu/lu.c.o
[  8%] Building C object CMakeFiles/lu.dir/utilities/polybench.c.o
[ 13%] Building C object CMakeFiles/durbin.dir/utilities/polybench.c.o
[ 13%] Building C object CMakeFiles/gramschmidt.dir/utilities/polybench.c.o
[ 13%] Building C object CMakeFiles/gramschmidt.dir/linear-algebra/solvers/gramschmidt/gramschmidt.c.o
[ 13%] Building C object CMakeFiles/durbin.dir/linear-algebra/solvers/durbin/durbin.c.o
[ 31%] Building C object CMakeFiles/syrk.dir/utilities/polybench.c.o
[ 66%] Building C object CMakeFiles/gemm.dir/utilities/polybench.c.o
[ 66%] Building C object CMakeFiles/gesummv.dir/linear-algebra/blas/gesummv/gesummv.c.o
[ 66%] Building C object CMakeFiles/3mm.dir/utilities/polybench.c.o
[ 66%] Building C object CMakeFiles/gemver.dir/utilities/polybench.c.o
[ 66%] Building C object CMakeFiles/ludcmp.dir/linear-algebra/solvers/ludcmp/ludcmp.c.o
[ 66%] Building C object CMakeFiles/trmm.dir/linear-algebra/blas/trmm/trmm.c.o
[ 66%] Building C object CMakeFiles/gemm.dir/linear-algebra/blas/gemm/gemm.c.o
[ 66%] Building C object CMakeFiles/cholesky.dir/linear-algebra/solvers/cholesky/cholesky.c.o
[ 66%] Building C object CMakeFiles/trisolv.dir/utilities/polybench.c.o
[ 66%] Building C object CMakeFiles/seidel-2d.dir/stencils/seidel-2d/seidel-2d.c.o
[ 66%] Building C object CMakeFiles/trisolv.dir/linear-algebra/solvers/trisolv/trisolv.c.o
[ 66%] Building C object CMakeFiles/jacobi-1d.dir/utilities/polybench.c.o
[ 66%] Building C object CMakeFiles/cholesky.dir/utilities/polybench.c.o
[ 66%] Building C object CMakeFiles/seidel-2d.dir/utilities/polybench.c.o
[ 66%] Building C object CMakeFiles/gemver.dir/linear-algebra/blas/gemver/gemver.c.o
[ 66%] Building C object CMakeFiles/floyd-warshall.dir/utilities/polybench.c.o
[ 66%] Building C object CMakeFiles/adi.dir/stencils/adi/adi.c.o
[ 66%] Building C object CMakeFiles/nussinov.dir/utilities/polybench.c.o
[ 66%] Building C object CMakeFiles/fdtd-2d.dir/stencils/fdtd-2d/fdtd-2d.c.o
[ 66%] Building C object CMakeFiles/jacobi-2d.dir/stencils/jacobi-2d/jacobi-2d.c.o
[ 66%] Building C object CMakeFiles/ludcmp.dir/utilities/polybench.c.o
[ 66%] Building C object CMakeFiles/doitgen.dir/utilities/polybench.c.o
[ 66%] Building C object CMakeFiles/bicg.dir/linear-algebra/kernels/bicg/bicg.c.o
[ 66%] Building C object CMakeFiles/mvt.dir/utilities/polybench.c.o
[ 66%] Building C object CMakeFiles/nussinov.dir/medley/nussinov/nussinov.c.o
[ 66%] Building C object CMakeFiles/bicg.dir/utilities/polybench.c.o
[ 66%] Building C object CMakeFiles/floyd-warshall.dir/medley/floyd-warshall/floyd-warshall.c.o
[ 66%] Building C object CMakeFiles/atax.dir/linear-algebra/kernels/atax/atax.c.o
[ 66%] Building C object CMakeFiles/2mm.dir/linear-algebra/kernels/2mm/2mm.c.o
[ 66%] Building C object CMakeFiles/trmm.dir/utilities/polybench.c.o
[ 66%] Building C object CMakeFiles/doitgen.dir/linear-algebra/kernels/doitgen/doitgen.c.o
[ 66%] Building C object CMakeFiles/symm.dir/linear-algebra/blas/symm/symm.c.o
[ 66%] Building C object CMakeFiles/symm.dir/utilities/polybench.c.o
[ 66%] Building C object CMakeFiles/syrk.dir/linear-algebra/blas/syrk/syrk.c.o
[ 66%] Building C object CMakeFiles/syr2k.dir/linear-algebra/blas/syr2k/syr2k.c.o
[ 66%] Building C object CMakeFiles/gesummv.dir/utilities/polybench.c.o
[ 66%] Building C object CMakeFiles/fdtd-2d.dir/utilities/polybench.c.o
[ 66%] Building C object CMakeFiles/deriche.dir/utilities/polybench.c.o
[ 66%] Building C object CMakeFiles/deriche.dir/medley/deriche/deriche.c.o
[ 66%] Building C object CMakeFiles/jacobi-2d.dir/utilities/polybench.c.o
[ 66%] Building C object CMakeFiles/jacobi-1d.dir/stencils/jacobi-1d/jacobi-1d.c.o
[ 66%] Building C object CMakeFiles/mvt.dir/linear-algebra/kernels/mvt/mvt.c.o
[ 66%] Building C object CMakeFiles/heat-3d.dir/stencils/heat-3d/heat-3d.c.o
[ 66%] Building C object CMakeFiles/syr2k.dir/utilities/polybench.c.o
[ 66%] Building C object CMakeFiles/heat-3d.dir/utilities/polybench.c.o
[ 66%] Building C object CMakeFiles/atax.dir/utilities/polybench.c.o
[ 66%] Building C object CMakeFiles/2mm.dir/utilities/polybench.c.o
[ 66%] Building C object CMakeFiles/3mm.dir/linear-algebra/kernels/3mm/3mm.c.o
[ 66%] Building C object CMakeFiles/adi.dir/utilities/polybench.c.o
[ 67%] Linking C executable durbin
[ 68%] Linking C executable heat-3d
[ 70%] Linking C executable nussinov
[ 71%] Linking C executable mvt
[ 72%] Linking C executable deriche
[ 73%] Linking C executable jacobi-1d
[ 74%] Linking C executable covariance
[ 77%] Linking C executable gesummv
[ 77%] Linking C executable trmm
[ 77%] Linking C executable lu
[ 77%] Built target durbin
[ 80%] Linking C executable correlation
[ 80%] Linking C executable syrk
[ 80%] Built target heat-3d
[ 81%] Linking C executable bicg
[ 82%] Linking C executable gemver
[ 82%] Built target nussinov
[ 82%] Built target mvt
[ 82%] Built target deriche
[ 84%] Linking C executable fdtd-2d
[ 84%] Built target jacobi-1d
[ 84%] Linking C executable floyd-warshall
[ 85%] Linking C executable 2mm
[ 85%] Built target covariance
[ 87%] Linking C executable doitgen
[ 87%] Linking C executable 3mm
[ 87%] Built target lu
[ 87%] Built target gesummv
[ 88%] Built target trmm
[ 88%] Linking C executable syr2k
[ 90%] Linking C executable cholesky
[ 90%] Built target correlation
[ 90%] Built target syrk
[ 91%] Linking C executable adi
[ 91%] Built target bicg
[ 91%] Built target gemver
[ 91%] Built target fdtd-2d
[ 91%] Built target floyd-warshall
[ 92%] Linking C executable seidel-2d
[ 93%] Linking C executable gramschmidt
[ 94%] Linking C executable gemm
[ 94%] Built target 2mm
[ 94%] Built target doitgen
[ 94%] Built target 3mm
[ 94%] Built target syr2k
[ 94%] Built target cholesky
[ 95%] Linking C executable symm
[ 95%] Built target adi
[ 96%] Linking C executable ludcmp
[ 96%] Built target gramschmidt
[ 96%] Built target seidel-2d
[ 96%] Built target gemm
[ 96%] Built target symm
[ 96%] Built target ludcmp
Skipping c naive 2mm repetition 5 for dataset size SMALL (already done).
Skipping c naive 2mm repetition 5 for dataset size SMALL (already done).
Skipping c naive 3mm repetition 5 for dataset size SMALL (already done).
Skipping c naive 3mm repetition 5 for dataset size SMALL (already done).
Skipping c naive adi repetition 5 for dataset size SMALL (already done).
Skipping c naive adi repetition 5 for dataset size SMALL (already done).
Skipping c naive bicg repetition 5 for dataset size SMALL (already done).
Skipping c naive bicg repetition 5 for dataset size SMALL (already done).
Skipping c naive cholesky repetition 5 for dataset size SMALL (already done).
Skipping c naive cholesky repetition 5 for dataset size SMALL (already done).
Skipping c naive correlation repetition 5 for dataset size SMALL (already done).
Skipping c naive correlation repetition 5 for dataset size SMALL (already done).
Skipping c naive covariance repetition 5 for dataset size SMALL (already done).
Skipping c naive covariance repetition 5 for dataset size SMALL (already done).
Skipping c naive deriche repetition 5 for dataset size SMALL (already done).
Skipping c naive deriche repetition 5 for dataset size SMALL (already done).
Skipping c naive doitgen repetition 5 for dataset size SMALL (already done).
Skipping c naive doitgen repetition 5 for dataset size SMALL (already done).
Skipping c naive durbin repetition 5 for dataset size SMALL (already done).
Skipping c naive durbin repetition 5 for dataset size SMALL (already done).
Skipping c naive fdtd-2d repetition 5 for dataset size SMALL (already done).
Skipping c naive fdtd-2d repetition 5 for dataset size SMALL (already done).
Skipping c naive floyd-warshall repetition 5 for dataset size SMALL (already done).
Skipping c naive floyd-warshall repetition 5 for dataset size SMALL (already done).
Skipping c naive gemm repetition 5 for dataset size SMALL (already done).
Skipping c naive gemm repetition 5 for dataset size SMALL (already done).
Skipping c naive gemver repetition 5 for dataset size SMALL (already done).
Skipping c naive gemver repetition 5 for dataset size SMALL (already done).
Skipping c naive gesummv repetition 5 for dataset size SMALL (already done).
Skipping c naive gesummv repetition 5 for dataset size SMALL (already done).
Skipping c naive heat-3d repetition 5 for dataset size SMALL (already done).
Skipping c naive heat-3d repetition 5 for dataset size SMALL (already done).
Skipping c naive jacobi-1d repetition 5 for dataset size SMALL (already done).
Skipping c naive jacobi-1d repetition 5 for dataset size SMALL (already done).
Skipping c naive lu repetition 5 for dataset size SMALL (already done).
Skipping c naive lu repetition 5 for dataset size SMALL (already done).
Skipping c naive mvt repetition 5 for dataset size SMALL (already done).
Skipping c naive mvt repetition 5 for dataset size SMALL (already done).
Skipping c naive nussinov repetition 5 for dataset size SMALL (already done).
Skipping c naive nussinov repetition 5 for dataset size SMALL (already done).
Skipping c naive seidel-2d repetition 5 for dataset size SMALL (already done).
Skipping c naive seidel-2d repetition 5 for dataset size SMALL (already done).
Skipping c naive symm repetition 5 for dataset size SMALL (already done).
Skipping c naive symm repetition 5 for dataset size SMALL (already done).
Skipping c naive syr2k repetition 5 for dataset size SMALL (already done).
Skipping c naive syr2k repetition 5 for dataset size SMALL (already done).
Skipping c naive syrk repetition 5 for dataset size SMALL (already done).
Skipping c naive syrk repetition 5 for dataset size SMALL (already done).
Skipping c naive trmm repetition 5 for dataset size SMALL (already done).
Skipping c naive trmm repetition 5 for dataset size SMALL (already done).
-- The CXX compiler identification is GNU 15.2.0
-- Detecting CXX compiler ABI info
-- Detecting CXX compiler ABI info - done
-- Check for working CXX compiler: /usr/local/latestgcc/bin/g++ - skipped
-- Detecting CXX compile features
-- Detecting CXX compile features - done
-- Using NOARR_STRUCTURES_DIR from environment: /home/kleplj/naive/submodules/noarr-structures
-- Configuring done (0.4s)
-- Generating done (0.7s)
-- Build files have been written to: /home/kleplj/naive/optimization/naive/PolybenchC-Noarr/build
[  5%] Building CXX object CMakeFiles/correlation.dir/datamining/correlation/correlation.cpp.o
[ 10%] Building CXX object CMakeFiles/covariance.dir/datamining/covariance/covariance.cpp.o
[ 10%] Building CXX object CMakeFiles/gemver.dir/linear-algebra/blas/gemver/gemver.cpp.o
[ 15%] Building CXX object CMakeFiles/gemm.dir/linear-algebra/blas/gemm/gemm.cpp.o
[ 15%] Building CXX object CMakeFiles/syr2k.dir/linear-algebra/blas/syr2k/syr2k.cpp.o
[ 15%] Building CXX object CMakeFiles/gesummv.dir/linear-algebra/blas/gesummv/gesummv.cpp.o
[ 23%] Building CXX object CMakeFiles/atax.dir/linear-algebra/kernels/atax/atax.cpp.o
[ 23%] Building CXX object CMakeFiles/trmm.dir/linear-algebra/blas/trmm/trmm.cpp.o
[ 23%] Building CXX object CMakeFiles/2mm.dir/linear-algebra/kernels/2mm/2mm.cpp.o
[ 23%] Building CXX object CMakeFiles/3mm.dir/linear-algebra/kernels/3mm/3mm.cpp.o
[ 23%] Building CXX object CMakeFiles/syrk.dir/linear-algebra/blas/syrk/syrk.cpp.o
[ 23%] Building CXX object CMakeFiles/symm.dir/linear-algebra/blas/symm/symm.cpp.o
[ 38%] Building CXX object CMakeFiles/bicg.dir/linear-algebra/kernels/bicg/bicg.cpp.o
[ 50%] Building CXX object CMakeFiles/fdtd-2d.dir/stencils/fdtd-2d/fdtd-2d.cpp.o
[ 50%] Building CXX object CMakeFiles/doitgen.dir/linear-algebra/kernels/doitgen/doitgen.cpp.o
[ 50%] Building CXX object CMakeFiles/gramschmidt.dir/linear-algebra/solvers/gramschmidt/gramschmidt.cpp.o
[ 50%] Building CXX object CMakeFiles/durbin.dir/linear-algebra/solvers/durbin/durbin.cpp.o
[ 50%] Building CXX object CMakeFiles/deriche.dir/medley/deriche/deriche.cpp.o
[ 50%] Building CXX object CMakeFiles/floyd-warshall.dir/medley/floyd-warshall/floyd-warshall.cpp.o
[ 50%] Building CXX object CMakeFiles/trisolv.dir/linear-algebra/solvers/trisolv/trisolv.cpp.o
[ 50%] Building CXX object CMakeFiles/cholesky.dir/linear-algebra/solvers/cholesky/cholesky.cpp.o
[ 50%] Building CXX object CMakeFiles/ludcmp.dir/linear-algebra/solvers/ludcmp/ludcmp.cpp.o
[ 50%] Building CXX object CMakeFiles/heat-3d.dir/stencils/heat-3d/heat-3d.cpp.o
[ 50%] Building CXX object CMakeFiles/jacobi-1d.dir/stencils/jacobi-1d/jacobi-1d.cpp.o
[ 50%] Building CXX object CMakeFiles/mvt.dir/linear-algebra/kernels/mvt/mvt.cpp.o
[ 50%] Building CXX object CMakeFiles/adi.dir/stencils/adi/adi.cpp.o
[ 50%] Building CXX object CMakeFiles/nussinov.dir/medley/nussinov/nussinov.cpp.o
[ 50%] Building CXX object CMakeFiles/lu.dir/linear-algebra/solvers/lu/lu.cpp.o
[ 50%] Building CXX object CMakeFiles/jacobi-2d.dir/stencils/jacobi-2d/jacobi-2d.cpp.o
[ 50%] Building CXX object CMakeFiles/seidel-2d.dir/stencils/seidel-2d/seidel-2d.cpp.o
[ 51%] Linking CXX executable cholesky
[ 53%] Linking CXX executable nussinov
[ 55%] Linking CXX executable jacobi-1d
[ 56%] Linking CXX executable durbin
[ 56%] Built target jacobi-1d
[ 58%] Linking CXX executable seidel-2d
[ 58%] Built target durbin
[ 60%] Linking CXX executable floyd-warshall
[ 61%] Linking CXX executable gesummv
[ 63%] Linking CXX executable trisolv
[ 63%] Built target seidel-2d
[ 65%] Linking CXX executable atax
[ 65%] Built target floyd-warshall
[ 65%] Built target gesummv
[ 66%] Linking CXX executable bicg
[ 66%] Built target trisolv
[ 66%] Built target atax
[ 68%] Linking CXX executable jacobi-2d
[ 70%] Linking CXX executable deriche
[ 71%] Linking CXX executable adi
[ 71%] Built target bicg
[ 71%] Built target jacobi-2d
[ 71%] Built target deriche
[ 75%] Linking CXX executable mvt
[ 75%] Linking CXX executable lu
[ 75%] Built target adi
[ 76%] Linking CXX executable trmm
[ 76%] Built target mvt
[ 76%] Built target lu
[ 78%] Linking CXX executable syrk
[ 80%] Linking CXX executable fdtd-2d
[ 81%] Linking CXX executable gemver
[ 81%] Built target trmm
[ 83%] Linking CXX executable symm
[ 83%] Built target syrk
[ 83%] Built target fdtd-2d
[ 85%] Linking CXX executable doitgen
[ 85%] Built target gemver
[ 85%] Built target symm
[ 86%] Linking CXX executable gramschmidt
[ 86%] Built target doitgen
[ 88%] Linking CXX executable syr2k
[ 90%] Linking CXX executable gemm
[ 90%] Built target gramschmidt
[ 90%] Built target syr2k
[ 91%] Linking CXX executable heat-3d
[ 91%] Built target gemm
[ 91%] Built target heat-3d
[ 93%] Linking CXX executable ludcmp
[ 95%] Linking CXX executable covariance
[ 95%] Built target ludcmp
[ 96%] Built target covariance
[ 96%] Linking CXX executable correlation
[ 96%] Built target correlation
[ 98%] Linking CXX executable 2mm
[ 98%] Built target 2mm
[100%] Linking CXX executable 3mm
[100%] Built target 3mm
Skipping noarr naive 2mm repetition 1 for dataset size SMALL (already done).
Skipping noarr naive 2mm repetition 1 for dataset size SMALL (already done).
Skipping noarr naive 3mm repetition 1 for dataset size SMALL (already done).
Skipping noarr naive 3mm repetition 1 for dataset size SMALL (already done).
Skipping noarr naive adi repetition 1 for dataset size SMALL (already done).
Skipping noarr naive adi repetition 1 for dataset size SMALL (already done).
Skipping noarr naive atax repetition 1 for dataset size SMALL (already done).
Skipping noarr naive atax repetition 1 for dataset size SMALL (already done).
Skipping noarr naive bicg repetition 1 for dataset size SMALL (already done).
Skipping noarr naive bicg repetition 1 for dataset size SMALL (already done).
Skipping noarr naive correlation repetition 1 for dataset size SMALL (already done).
Skipping noarr naive correlation repetition 1 for dataset size SMALL (already done).
Skipping noarr naive covariance repetition 1 for dataset size SMALL (already done).
Skipping noarr naive covariance repetition 1 for dataset size SMALL (already done).
Skipping noarr naive deriche repetition 1 for dataset size SMALL (already done).
Skipping noarr naive deriche repetition 1 for dataset size SMALL (already done).
Skipping noarr naive doitgen repetition 1 for dataset size SMALL (already done).
Skipping noarr naive doitgen repetition 1 for dataset size SMALL (already done).
Skipping noarr naive durbin repetition 1 for dataset size SMALL (already done).
Skipping noarr naive durbin repetition 1 for dataset size SMALL (already done).
Skipping noarr naive fdtd-2d repetition 1 for dataset size SMALL (already done).
Skipping noarr naive fdtd-2d repetition 1 for dataset size SMALL (already done).
Skipping noarr naive floyd-warshall repetition 1 for dataset size SMALL (already done).
Skipping noarr naive floyd-warshall repetition 1 for dataset size SMALL (already done).
Skipping noarr naive gemm repetition 1 for dataset size SMALL (already done).
Skipping noarr naive gemm repetition 1 for dataset size SMALL (already done).
Skipping noarr naive gemver repetition 1 for dataset size SMALL (already done).
Skipping noarr naive gemver repetition 1 for dataset size SMALL (already done).
Skipping noarr naive gesummv repetition 1 for dataset size SMALL (already done).
Skipping noarr naive gesummv repetition 1 for dataset size SMALL (already done).
Skipping noarr naive heat-3d repetition 1 for dataset size SMALL (already done).
Skipping noarr naive heat-3d repetition 1 for dataset size SMALL (already done).
Skipping noarr naive jacobi-1d repetition 1 for dataset size SMALL (already done).
Skipping noarr naive jacobi-1d repetition 1 for dataset size SMALL (already done).
Skipping noarr naive jacobi-2d repetition 1 for dataset size SMALL (already done).
Skipping noarr naive jacobi-2d repetition 1 for dataset size SMALL (already done).
Skipping noarr naive lu repetition 1 for dataset size SMALL (already done).
Skipping noarr naive lu repetition 1 for dataset size SMALL (already done).
Skipping noarr naive ludcmp repetition 1 for dataset size SMALL (already done).
Skipping noarr naive ludcmp repetition 1 for dataset size SMALL (already done).
Skipping noarr naive mvt repetition 1 for dataset size SMALL (already done).
Skipping noarr naive mvt repetition 1 for dataset size SMALL (already done).
Skipping noarr naive seidel-2d repetition 1 for dataset size SMALL (already done).
Skipping noarr naive seidel-2d repetition 1 for dataset size SMALL (already done).
Skipping noarr naive syr2k repetition 1 for dataset size SMALL (already done).
Skipping noarr naive syr2k repetition 1 for dataset size SMALL (already done).
Skipping noarr naive syrk repetition 1 for dataset size SMALL (already done).
Skipping noarr naive syrk repetition 1 for dataset size SMALL (already done).
Skipping noarr naive trisolv repetition 1 for dataset size SMALL (already done).
Skipping noarr naive trisolv repetition 1 for dataset size SMALL (already done).
Skipping noarr naive trmm repetition 1 for dataset size SMALL (already done).
Skipping noarr naive trmm repetition 1 for dataset size SMALL (already done).
-- The CXX compiler identification is GNU 15.2.0
-- Detecting CXX compiler ABI info
-- Detecting CXX compiler ABI info - done
-- Check for working CXX compiler: /usr/local/latestgcc/bin/g++ - skipped
-- Detecting CXX compile features
-- Detecting CXX compile features - done
-- Using NOARR_STRUCTURES_DIR from environment: /home/kleplj/naive/submodules/noarr-structures
-- Configuring done (0.4s)
-- Generating done (0.7s)
-- Build files have been written to: /home/kleplj/naive/optimization/naive/PolybenchC-Noarr/build
[  8%] Building CXX object CMakeFiles/gemver.dir/linear-algebra/blas/gemver/gemver.cpp.o
[  8%] Building CXX object CMakeFiles/covariance.dir/datamining/covariance/covariance.cpp.o
[  8%] Building CXX object CMakeFiles/correlation.dir/datamining/correlation/correlation.cpp.o
[ 11%] Building CXX object CMakeFiles/gemm.dir/linear-algebra/blas/gemm/gemm.cpp.o
[ 11%] Building CXX object CMakeFiles/gesummv.dir/linear-algebra/blas/gesummv/gesummv.cpp.o
[ 16%] Building CXX object CMakeFiles/symm.dir/linear-algebra/blas/symm/symm.cpp.o
[ 16%] Building CXX object CMakeFiles/trmm.dir/linear-algebra/blas/trmm/trmm.cpp.o
[ 25%] Building CXX object CMakeFiles/3mm.dir/linear-algebra/kernels/3mm/3mm.cpp.o
[ 25%] Building CXX object CMakeFiles/syrk.dir/linear-algebra/blas/syrk/syrk.cpp.o
[ 25%] Building CXX object CMakeFiles/bicg.dir/linear-algebra/kernels/bicg/bicg.cpp.o
[ 25%] Building CXX object CMakeFiles/atax.dir/linear-algebra/kernels/atax/atax.cpp.o
[ 25%] Building CXX object CMakeFiles/doitgen.dir/linear-algebra/kernels/doitgen/doitgen.cpp.o
[ 25%] Building CXX object CMakeFiles/syr2k.dir/linear-algebra/blas/syr2k/syr2k.cpp.o
[ 40%] Building CXX object CMakeFiles/trisolv.dir/linear-algebra/solvers/trisolv/trisolv.cpp.o
[ 50%] Building CXX object CMakeFiles/2mm.dir/linear-algebra/kernels/2mm/2mm.cpp.o
[ 50%] Building CXX object CMakeFiles/jacobi-1d.dir/stencils/jacobi-1d/jacobi-1d.cpp.o
[ 50%] Building CXX object CMakeFiles/lu.dir/linear-algebra/solvers/lu/lu.cpp.o
[ 50%] Building CXX object CMakeFiles/cholesky.dir/linear-algebra/solvers/cholesky/cholesky.cpp.o
[ 50%] Building CXX object CMakeFiles/durbin.dir/linear-algebra/solvers/durbin/durbin.cpp.o
[ 50%] Building CXX object CMakeFiles/mvt.dir/linear-algebra/kernels/mvt/mvt.cpp.o
[ 50%] Building CXX object CMakeFiles/seidel-2d.dir/stencils/seidel-2d/seidel-2d.cpp.o
[ 50%] Building CXX object CMakeFiles/fdtd-2d.dir/stencils/fdtd-2d/fdtd-2d.cpp.o
[ 50%] Building CXX object CMakeFiles/deriche.dir/medley/deriche/deriche.cpp.o
[ 50%] Building CXX object CMakeFiles/adi.dir/stencils/adi/adi.cpp.o
[ 50%] Building CXX object CMakeFiles/nussinov.dir/medley/nussinov/nussinov.cpp.o
[ 50%] Building CXX object CMakeFiles/floyd-warshall.dir/medley/floyd-warshall/floyd-warshall.cpp.o
[ 50%] Building CXX object CMakeFiles/ludcmp.dir/linear-algebra/solvers/ludcmp/ludcmp.cpp.o
[ 50%] Building CXX object CMakeFiles/gramschmidt.dir/linear-algebra/solvers/gramschmidt/gramschmidt.cpp.o
[ 50%] Building CXX object CMakeFiles/jacobi-2d.dir/stencils/jacobi-2d/jacobi-2d.cpp.o
[ 50%] Building CXX object CMakeFiles/heat-3d.dir/stencils/heat-3d/heat-3d.cpp.o
[ 53%] Linking CXX executable nussinov
[ 53%] Linking CXX executable cholesky
[ 55%] Linking CXX executable durbin
[ 55%] Built target durbin
[ 56%] Linking CXX executable floyd-warshall
[ 58%] Linking CXX executable gesummv
[ 61%] Linking CXX executable bicg
[ 61%] Linking CXX executable mvt
[ 63%] Linking CXX executable trisolv
[ 63%] Built target floyd-warshall
[ 63%] Built target gesummv
[ 63%] Built target bicg
[ 63%] Built target mvt
[ 63%] Built target trisolv
[ 65%] Linking CXX executable adi
[ 66%] Linking CXX executable atax
[ 68%] Linking CXX executable trmm
[ 70%] Linking CXX executable seidel-2d
[ 71%] Linking CXX executable syrk
[ 71%] Built target adi
[ 73%] Linking CXX executable lu
[ 73%] Built target atax
[ 73%] Built target trmm
[ 75%] Linking CXX executable syr2k
[ 75%] Built target seidel-2d
[ 75%] Built target syrk
[ 75%] Built target lu
[ 76%] Linking CXX executable gemver
[ 76%] Built target syr2k
[ 78%] Linking CXX executable jacobi-2d
[ 80%] Linking CXX executable gramschmidt
[ 80%] Built target gemver
[ 81%] Linking CXX executable gemm
[ 83%] Linking CXX executable symm
[ 83%] Built target jacobi-2d
[ 85%] Linking CXX executable doitgen
[ 85%] Built target gramschmidt
[ 86%] Linking CXX executable fdtd-2d
[ 86%] Built target symm
[ 86%] Built target gemm
[ 86%] Built target doitgen
[ 86%] Built target fdtd-2d
[ 88%] Linking CXX executable ludcmp
[ 88%] Built target ludcmp
[ 90%] Linking CXX executable heat-3d
[ 91%] Linking CXX executable covariance
[ 91%] Built target heat-3d
[ 93%] Linking CXX executable correlation
[ 93%] Built target covariance
[ 93%] Built target correlation
[ 95%] Linking CXX executable 2mm
[ 95%] Built target 2mm
[ 96%] Linking CXX executable 3mm
[ 96%] Built target 3mm
Skipping noarr naive 2mm repetition 2 for dataset size SMALL (already done).
Skipping noarr naive 2mm repetition 2 for dataset size SMALL (already done).
Skipping noarr naive 3mm repetition 2 for dataset size SMALL (already done).
Skipping noarr naive 3mm repetition 2 for dataset size SMALL (already done).
Skipping noarr naive adi repetition 2 for dataset size SMALL (already done).
Skipping noarr naive adi repetition 2 for dataset size SMALL (already done).
Skipping noarr naive atax repetition 2 for dataset size SMALL (already done).
Skipping noarr naive atax repetition 2 for dataset size SMALL (already done).
Skipping noarr naive bicg repetition 2 for dataset size SMALL (already done).
Skipping noarr naive bicg repetition 2 for dataset size SMALL (already done).
Skipping noarr naive correlation repetition 2 for dataset size SMALL (already done).
Skipping noarr naive correlation repetition 2 for dataset size SMALL (already done).
Skipping noarr naive covariance repetition 2 for dataset size SMALL (already done).
Skipping noarr naive covariance repetition 2 for dataset size SMALL (already done).
Skipping noarr naive doitgen repetition 2 for dataset size SMALL (already done).
Skipping noarr naive doitgen repetition 2 for dataset size SMALL (already done).
Skipping noarr naive durbin repetition 2 for dataset size SMALL (already done).
Skipping noarr naive durbin repetition 2 for dataset size SMALL (already done).
Skipping noarr naive fdtd-2d repetition 2 for dataset size SMALL (already done).
Skipping noarr naive fdtd-2d repetition 2 for dataset size SMALL (already done).
Skipping noarr naive floyd-warshall repetition 2 for dataset size SMALL (already done).
Skipping noarr naive floyd-warshall repetition 2 for dataset size SMALL (already done).
Skipping noarr naive gemm repetition 2 for dataset size SMALL (already done).
Skipping noarr naive gemm repetition 2 for dataset size SMALL (already done).
Skipping noarr naive gemver repetition 2 for dataset size SMALL (already done).
Skipping noarr naive gemver repetition 2 for dataset size SMALL (already done).
Skipping noarr naive gesummv repetition 2 for dataset size SMALL (already done).
Skipping noarr naive gesummv repetition 2 for dataset size SMALL (already done).
Skipping noarr naive heat-3d repetition 2 for dataset size SMALL (already done).
Skipping noarr naive heat-3d repetition 2 for dataset size SMALL (already done).
Skipping noarr naive jacobi-2d repetition 2 for dataset size SMALL (already done).
Skipping noarr naive jacobi-2d repetition 2 for dataset size SMALL (already done).
Skipping noarr naive lu repetition 2 for dataset size SMALL (already done).
Skipping noarr naive lu repetition 2 for dataset size SMALL (already done).
Skipping noarr naive ludcmp repetition 2 for dataset size SMALL (already done).
Skipping noarr naive ludcmp repetition 2 for dataset size SMALL (already done).
Skipping noarr naive mvt repetition 2 for dataset size SMALL (already done).
Skipping noarr naive mvt repetition 2 for dataset size SMALL (already done).
Skipping noarr naive seidel-2d repetition 2 for dataset size SMALL (already done).
Skipping noarr naive seidel-2d repetition 2 for dataset size SMALL (already done).
Skipping noarr naive symm repetition 2 for dataset size SMALL (already done).
Skipping noarr naive symm repetition 2 for dataset size SMALL (already done).
Skipping noarr naive syr2k repetition 2 for dataset size SMALL (already done).
Skipping noarr naive syr2k repetition 2 for dataset size SMALL (already done).
Skipping noarr naive syrk repetition 2 for dataset size SMALL (already done).
Skipping noarr naive syrk repetition 2 for dataset size SMALL (already done).
Skipping noarr naive trisolv repetition 2 for dataset size SMALL (already done).
Skipping noarr naive trisolv repetition 2 for dataset size SMALL (already done).
Skipping noarr naive trmm repetition 2 for dataset size SMALL (already done).
Skipping noarr naive trmm repetition 2 for dataset size SMALL (already done).
-- The CXX compiler identification is GNU 15.2.0
-- Detecting CXX compiler ABI info
-- Detecting CXX compiler ABI info - done
-- Check for working CXX compiler: /usr/local/latestgcc/bin/g++ - skipped
-- Detecting CXX compile features
-- Detecting CXX compile features - done
-- Using NOARR_STRUCTURES_DIR from environment: /home/kleplj/naive/submodules/noarr-structures
-- Configuring done (0.4s)
-- Generating done (0.7s)
-- Build files have been written to: /home/kleplj/naive/optimization/naive/PolybenchC-Noarr/build
[ 10%] Building CXX object CMakeFiles/gemver.dir/linear-algebra/blas/gemver/gemver.cpp.o
[ 10%] Building CXX object CMakeFiles/correlation.dir/datamining/correlation/correlation.cpp.o
[ 10%] Building CXX object CMakeFiles/covariance.dir/datamining/covariance/covariance.cpp.o
[ 18%] Building CXX object CMakeFiles/symm.dir/linear-algebra/blas/symm/symm.cpp.o
[ 18%] Building CXX object CMakeFiles/cholesky.dir/linear-algebra/solvers/cholesky/cholesky.cpp.o
[ 18%] Building CXX object CMakeFiles/gesummv.dir/linear-algebra/blas/gesummv/gesummv.cpp.o
[ 18%] Building CXX object CMakeFiles/2mm.dir/linear-algebra/kernels/2mm/2mm.cpp.o
[ 18%] Building CXX object CMakeFiles/syr2k.dir/linear-algebra/blas/syr2k/syr2k.cpp.o
[ 18%] Building CXX object CMakeFiles/gemm.dir/linear-algebra/blas/gemm/gemm.cpp.o
[ 36%] Building CXX object CMakeFiles/gramschmidt.dir/linear-algebra/solvers/gramschmidt/gramschmidt.cpp.o
[ 50%] Building CXX object CMakeFiles/doitgen.dir/linear-algebra/kernels/doitgen/doitgen.cpp.o
[ 50%] Building CXX object CMakeFiles/heat-3d.dir/stencils/heat-3d/heat-3d.cpp.o
[ 50%] Building CXX object CMakeFiles/3mm.dir/linear-algebra/kernels/3mm/3mm.cpp.o
[ 50%] Building CXX object CMakeFiles/mvt.dir/linear-algebra/kernels/mvt/mvt.cpp.o
[ 50%] Building CXX object CMakeFiles/durbin.dir/linear-algebra/solvers/durbin/durbin.cpp.o
[ 50%] Building CXX object CMakeFiles/syrk.dir/linear-algebra/blas/syrk/syrk.cpp.o
[ 50%] Building CXX object CMakeFiles/bicg.dir/linear-algebra/kernels/bicg/bicg.cpp.o
[ 50%] Building CXX object CMakeFiles/ludcmp.dir/linear-algebra/solvers/ludcmp/ludcmp.cpp.o
[ 50%] Building CXX object CMakeFiles/lu.dir/linear-algebra/solvers/lu/lu.cpp.o
[ 50%] Building CXX object CMakeFiles/atax.dir/linear-algebra/kernels/atax/atax.cpp.o
[ 50%] Building CXX object CMakeFiles/trisolv.dir/linear-algebra/solvers/trisolv/trisolv.cpp.o
[ 50%] Building CXX object CMakeFiles/adi.dir/stencils/adi/adi.cpp.o
[ 50%] Building CXX object CMakeFiles/floyd-warshall.dir/medley/floyd-warshall/floyd-warshall.cpp.o
[ 50%] Building CXX object CMakeFiles/trmm.dir/linear-algebra/blas/trmm/trmm.cpp.o
[ 50%] Building CXX object CMakeFiles/fdtd-2d.dir/stencils/fdtd-2d/fdtd-2d.cpp.o
[ 50%] Building CXX object CMakeFiles/nussinov.dir/medley/nussinov/nussinov.cpp.o
[ 50%] Building CXX object CMakeFiles/jacobi-1d.dir/stencils/jacobi-1d/jacobi-1d.cpp.o
[ 50%] Building CXX object CMakeFiles/deriche.dir/medley/deriche/deriche.cpp.o
[ 50%] Building CXX object CMakeFiles/seidel-2d.dir/stencils/seidel-2d/seidel-2d.cpp.o
[ 50%] Building CXX object CMakeFiles/jacobi-2d.dir/stencils/jacobi-2d/jacobi-2d.cpp.o
[ 51%] Linking CXX executable cholesky
[ 53%] Linking CXX executable nussinov
[ 55%] Linking CXX executable jacobi-1d
[ 56%] Linking CXX executable durbin
[ 56%] Built target jacobi-1d
[ 58%] Linking CXX executable seidel-2d
[ 58%] Built target durbin
[ 60%] Linking CXX executable floyd-warshall
[ 61%] Linking CXX executable gesummv
[ 66%] Linking CXX executable atax
[ 66%] Linking CXX executable mvt
[ 66%] Linking CXX executable trisolv
[ 66%] Built target seidel-2d
[ 66%] Built target floyd-warshall
[ 66%] Built target gesummv
[ 68%] Linking CXX executable bicg
[ 70%] Linking CXX executable jacobi-2d
[ 70%] Built target atax
[ 70%] Built target trisolv
[ 70%] Built target mvt
[ 70%] Built target bicg
[ 70%] Built target jacobi-2d
[ 73%] Linking CXX executable deriche
[ 73%] Linking CXX executable trmm
[ 75%] Linking CXX executable lu
[ 75%] Built target deriche
[ 75%] Built target trmm
[ 76%] Linking CXX executable gemver
[ 78%] Linking CXX executable heat-3d
[ 78%] Built target lu
[ 80%] Linking CXX executable symm
[ 81%] Linking CXX executable fdtd-2d
[ 83%] Linking CXX executable doitgen
[ 83%] Built target gemver
[ 83%] Built target heat-3d
[ 85%] Linking CXX executable gramschmidt
[ 85%] Built target symm
[ 86%] Linking CXX executable gemm
[ 86%] Built target fdtd-2d
[ 88%] Linking CXX executable syr2k
[ 88%] Built target doitgen
[ 88%] Built target gramschmidt
[ 88%] Built target gemm
[ 88%] Built target syr2k
[ 90%] Linking CXX executable syrk
[ 90%] Built target syrk
[ 91%] Linking CXX executable covariance
[ 93%] Linking CXX executable adi
[ 95%] Linking CXX executable ludcmp
[ 95%] Built target covariance
[ 95%] Built target adi
[ 95%] Built target ludcmp
[ 96%] Linking CXX executable correlation
[ 96%] Built target correlation
[ 98%] Linking CXX executable 2mm
[ 98%] Built target 2mm
[100%] Linking CXX executable 3mm
[100%] Built target 3mm
Skipping noarr naive 2mm repetition 3 for dataset size SMALL (already done).
Skipping noarr naive 2mm repetition 3 for dataset size SMALL (already done).
Skipping noarr naive 3mm repetition 3 for dataset size SMALL (already done).
Skipping noarr naive 3mm repetition 3 for dataset size SMALL (already done).
Skipping noarr naive atax repetition 3 for dataset size SMALL (already done).
Skipping noarr naive atax repetition 3 for dataset size SMALL (already done).
Skipping noarr naive bicg repetition 3 for dataset size SMALL (already done).
Skipping noarr naive bicg repetition 3 for dataset size SMALL (already done).
Skipping noarr naive correlation repetition 3 for dataset size SMALL (already done).
Skipping noarr naive correlation repetition 3 for dataset size SMALL (already done).
Skipping noarr naive covariance repetition 3 for dataset size SMALL (already done).
Skipping noarr naive covariance repetition 3 for dataset size SMALL (already done).
Skipping noarr naive deriche repetition 3 for dataset size SMALL (already done).
Skipping noarr naive deriche repetition 3 for dataset size SMALL (already done).
Skipping noarr naive doitgen repetition 3 for dataset size SMALL (already done).
Skipping noarr naive doitgen repetition 3 for dataset size SMALL (already done).
Skipping noarr naive durbin repetition 3 for dataset size SMALL (already done).
Skipping noarr naive durbin repetition 3 for dataset size SMALL (already done).
Skipping noarr naive fdtd-2d repetition 3 for dataset size SMALL (already done).
Skipping noarr naive fdtd-2d repetition 3 for dataset size SMALL (already done).
Skipping noarr naive floyd-warshall repetition 3 for dataset size SMALL (already done).
Skipping noarr naive floyd-warshall repetition 3 for dataset size SMALL (already done).
Skipping noarr naive gemm repetition 3 for dataset size SMALL (already done).
Skipping noarr naive gemm repetition 3 for dataset size SMALL (already done).
Skipping noarr naive gemver repetition 3 for dataset size SMALL (already done).
Skipping noarr naive gemver repetition 3 for dataset size SMALL (already done).
Skipping noarr naive gesummv repetition 3 for dataset size SMALL (already done).
Skipping noarr naive gesummv repetition 3 for dataset size SMALL (already done).
Skipping noarr naive heat-3d repetition 3 for dataset size SMALL (already done).
Skipping noarr naive heat-3d repetition 3 for dataset size SMALL (already done).
Skipping noarr naive jacobi-1d repetition 3 for dataset size SMALL (already done).
Skipping noarr naive jacobi-1d repetition 3 for dataset size SMALL (already done).
Skipping noarr naive jacobi-2d repetition 3 for dataset size SMALL (already done).
Skipping noarr naive jacobi-2d repetition 3 for dataset size SMALL (already done).
Skipping noarr naive lu repetition 3 for dataset size SMALL (already done).
Skipping noarr naive lu repetition 3 for dataset size SMALL (already done).
Skipping noarr naive ludcmp repetition 3 for dataset size SMALL (already done).
Skipping noarr naive ludcmp repetition 3 for dataset size SMALL (already done).
Skipping noarr naive mvt repetition 3 for dataset size SMALL (already done).
Skipping noarr naive mvt repetition 3 for dataset size SMALL (already done).
Skipping noarr naive seidel-2d repetition 3 for dataset size SMALL (already done).
Skipping noarr naive seidel-2d repetition 3 for dataset size SMALL (already done).
Skipping noarr naive symm repetition 3 for dataset size SMALL (already done).
Skipping noarr naive symm repetition 3 for dataset size SMALL (already done).
Skipping noarr naive syr2k repetition 3 for dataset size SMALL (already done).
Skipping noarr naive syr2k repetition 3 for dataset size SMALL (already done).
Skipping noarr naive syrk repetition 3 for dataset size SMALL (already done).
Skipping noarr naive syrk repetition 3 for dataset size SMALL (already done).
Skipping noarr naive trisolv repetition 3 for dataset size SMALL (already done).
Skipping noarr naive trisolv repetition 3 for dataset size SMALL (already done).
Skipping noarr naive trmm repetition 3 for dataset size SMALL (already done).
Skipping noarr naive trmm repetition 3 for dataset size SMALL (already done).
-- The CXX compiler identification is GNU 15.2.0
-- Detecting CXX compiler ABI info
-- Detecting CXX compiler ABI info - done
-- Check for working CXX compiler: /usr/local/latestgcc/bin/g++ - skipped
-- Detecting CXX compile features
-- Detecting CXX compile features - done
-- Using NOARR_STRUCTURES_DIR from environment: /home/kleplj/naive/submodules/noarr-structures
-- Configuring done (0.4s)
-- Generating done (0.7s)
-- Build files have been written to: /home/kleplj/naive/optimization/naive/PolybenchC-Noarr/build
[ 15%] Building CXX object CMakeFiles/correlation.dir/datamining/correlation/correlation.cpp.o
[ 15%] Building CXX object CMakeFiles/covariance.dir/datamining/covariance/covariance.cpp.o
[ 15%] Building CXX object CMakeFiles/syrk.dir/linear-algebra/blas/syrk/syrk.cpp.o
[ 15%] Building CXX object CMakeFiles/gemver.dir/linear-algebra/blas/gemver/gemver.cpp.o
[ 15%] Building CXX object CMakeFiles/gesummv.dir/linear-algebra/blas/gesummv/gesummv.cpp.o
[ 15%] Building CXX object CMakeFiles/gemm.dir/linear-algebra/blas/gemm/gemm.cpp.o
[ 15%] Building CXX object CMakeFiles/symm.dir/linear-algebra/blas/symm/symm.cpp.o
[ 30%] Building CXX object CMakeFiles/trmm.dir/linear-algebra/blas/trmm/trmm.cpp.o
[ 50%] Building CXX object CMakeFiles/doitgen.dir/linear-algebra/kernels/doitgen/doitgen.cpp.o
[ 50%] Building CXX object CMakeFiles/fdtd-2d.dir/stencils/fdtd-2d/fdtd-2d.cpp.o
[ 50%] Building CXX object CMakeFiles/floyd-warshall.dir/medley/floyd-warshall/floyd-warshall.cpp.o
[ 50%] Building CXX object CMakeFiles/nussinov.dir/medley/nussinov/nussinov.cpp.o
[ 50%] Building CXX object CMakeFiles/trisolv.dir/linear-algebra/solvers/trisolv/trisolv.cpp.o
[ 50%] Building CXX object CMakeFiles/gramschmidt.dir/linear-algebra/solvers/gramschmidt/gramschmidt.cpp.o
[ 50%] Building CXX object CMakeFiles/deriche.dir/medley/deriche/deriche.cpp.o
[ 50%] Building CXX object CMakeFiles/ludcmp.dir/linear-algebra/solvers/ludcmp/ludcmp.cpp.o
[ 50%] Building CXX object CMakeFiles/bicg.dir/linear-algebra/kernels/bicg/bicg.cpp.o
[ 50%] Building CXX object CMakeFiles/jacobi-1d.dir/stencils/jacobi-1d/jacobi-1d.cpp.o
[ 50%] Building CXX object CMakeFiles/syr2k.dir/linear-algebra/blas/syr2k/syr2k.cpp.o
[ 50%] Building CXX object CMakeFiles/adi.dir/stencils/adi/adi.cpp.o
[ 50%] Building CXX object CMakeFiles/3mm.dir/linear-algebra/kernels/3mm/3mm.cpp.o
[ 50%] Building CXX object CMakeFiles/2mm.dir/linear-algebra/kernels/2mm/2mm.cpp.o
[ 50%] Building CXX object CMakeFiles/jacobi-2d.dir/stencils/jacobi-2d/jacobi-2d.cpp.o
[ 50%] Building CXX object CMakeFiles/lu.dir/linear-algebra/solvers/lu/lu.cpp.o
[ 50%] Building CXX object CMakeFiles/cholesky.dir/linear-algebra/solvers/cholesky/cholesky.cpp.o
[ 50%] Building CXX object CMakeFiles/mvt.dir/linear-algebra/kernels/mvt/mvt.cpp.o
[ 50%] Building CXX object CMakeFiles/atax.dir/linear-algebra/kernels/atax/atax.cpp.o
[ 50%] Building CXX object CMakeFiles/heat-3d.dir/stencils/heat-3d/heat-3d.cpp.o
[ 50%] Building CXX object CMakeFiles/durbin.dir/linear-algebra/solvers/durbin/durbin.cpp.o
[ 50%] Building CXX object CMakeFiles/seidel-2d.dir/stencils/seidel-2d/seidel-2d.cpp.o
[ 53%] Linking CXX executable nussinov
[ 53%] Linking CXX executable cholesky
[ 55%] Linking CXX executable jacobi-1d
[ 56%] Linking CXX executable durbin
[ 56%] Built target jacobi-1d
[ 56%] Built target durbin
[ 58%] Linking CXX executable floyd-warshall
[ 60%] Linking CXX executable gesummv
[ 61%] Linking CXX executable trisolv
[ 61%] Built target floyd-warshall
[ 61%] Built target gesummv
[ 65%] Linking CXX executable mvt
[ 65%] Linking CXX executable bicg
[ 65%] Built target trisolv
[ 66%] Linking CXX executable atax
[ 68%] Linking CXX executable adi
[ 68%] Built target mvt
[ 68%] Built target bicg
[ 70%] Linking CXX executable deriche
[ 70%] Built target atax
[ 70%] Built target adi
[ 70%] Built target deriche
[ 71%] Linking CXX executable lu
[ 73%] Linking CXX executable trmm
[ 75%] Linking CXX executable gemver
[ 76%] Linking CXX executable syrk
[ 76%] Built target lu
[ 76%] Built target trmm
[ 76%] Built target gemver
[ 76%] Built target syrk
[ 78%] Linking CXX executable doitgen
[ 80%] Linking CXX executable fdtd-2d
[ 81%] Linking CXX executable symm
[ 83%] Linking CXX executable gramschmidt
[ 85%] Linking CXX executable gemm
[ 85%] Built target doitgen
[ 86%] Linking CXX executable syr2k
[ 86%] Built target fdtd-2d
[ 86%] Built target symm
[ 86%] Built target gramschmidt
[ 86%] Built target gemm
[ 86%] Built target syr2k
[ 88%] Linking CXX executable covariance
[ 90%] Linking CXX executable ludcmp
[ 90%] Built target covariance
[ 90%] Built target ludcmp
[ 91%] Linking CXX executable correlation
[ 93%] Linking CXX executable seidel-2d
[ 93%] Built target correlation
[ 93%] Built target seidel-2d
[ 95%] Linking CXX executable 2mm
[ 95%] Built target 2mm
[ 96%] Linking CXX executable heat-3d
[ 96%] Built target heat-3d
[ 98%] Linking CXX executable 3mm
[ 98%] Built target 3mm
Skipping noarr naive 2mm repetition 4 for dataset size SMALL (already done).
Skipping noarr naive 2mm repetition 4 for dataset size SMALL (already done).
Skipping noarr naive 3mm repetition 4 for dataset size SMALL (already done).
Skipping noarr naive 3mm repetition 4 for dataset size SMALL (already done).
Skipping noarr naive atax repetition 4 for dataset size SMALL (already done).
Skipping noarr naive atax repetition 4 for dataset size SMALL (already done).
Skipping noarr naive bicg repetition 4 for dataset size SMALL (already done).
Skipping noarr naive bicg repetition 4 for dataset size SMALL (already done).
Skipping noarr naive correlation repetition 4 for dataset size SMALL (already done).
Skipping noarr naive correlation repetition 4 for dataset size SMALL (already done).
Skipping noarr naive covariance repetition 4 for dataset size SMALL (already done).
Skipping noarr naive covariance repetition 4 for dataset size SMALL (already done).
Skipping noarr naive deriche repetition 4 for dataset size SMALL (already done).
Skipping noarr naive deriche repetition 4 for dataset size SMALL (already done).
Skipping noarr naive doitgen repetition 4 for dataset size SMALL (already done).
Skipping noarr naive doitgen repetition 4 for dataset size SMALL (already done).
Skipping noarr naive durbin repetition 4 for dataset size SMALL (already done).
Skipping noarr naive durbin repetition 4 for dataset size SMALL (already done).
Skipping noarr naive fdtd-2d repetition 4 for dataset size SMALL (already done).
Skipping noarr naive fdtd-2d repetition 4 for dataset size SMALL (already done).
Skipping noarr naive floyd-warshall repetition 4 for dataset size SMALL (already done).
Skipping noarr naive floyd-warshall repetition 4 for dataset size SMALL (already done).
Skipping noarr naive gemm repetition 4 for dataset size SMALL (already done).
Skipping noarr naive gemm repetition 4 for dataset size SMALL (already done).
Skipping noarr naive gemver repetition 4 for dataset size SMALL (already done).
Skipping noarr naive gemver repetition 4 for dataset size SMALL (already done).
Skipping noarr naive gesummv repetition 4 for dataset size SMALL (already done).
Skipping noarr naive gesummv repetition 4 for dataset size SMALL (already done).
Skipping noarr naive heat-3d repetition 4 for dataset size SMALL (already done).
Skipping noarr naive heat-3d repetition 4 for dataset size SMALL (already done).
Skipping noarr naive jacobi-1d repetition 4 for dataset size SMALL (already done).
Skipping noarr naive jacobi-1d repetition 4 for dataset size SMALL (already done).
Skipping noarr naive lu repetition 4 for dataset size SMALL (already done).
Skipping noarr naive lu repetition 4 for dataset size SMALL (already done).
Skipping noarr naive ludcmp repetition 4 for dataset size SMALL (already done).
Skipping noarr naive ludcmp repetition 4 for dataset size SMALL (already done).
Skipping noarr naive mvt repetition 4 for dataset size SMALL (already done).
Skipping noarr naive mvt repetition 4 for dataset size SMALL (already done).
Skipping noarr naive seidel-2d repetition 4 for dataset size SMALL (already done).
Skipping noarr naive seidel-2d repetition 4 for dataset size SMALL (already done).
Skipping noarr naive symm repetition 4 for dataset size SMALL (already done).
Skipping noarr naive symm repetition 4 for dataset size SMALL (already done).
Skipping noarr naive syr2k repetition 4 for dataset size SMALL (already done).
Skipping noarr naive syr2k repetition 4 for dataset size SMALL (already done).
Skipping noarr naive syrk repetition 4 for dataset size SMALL (already done).
Skipping noarr naive syrk repetition 4 for dataset size SMALL (already done).
Skipping noarr naive trisolv repetition 4 for dataset size SMALL (already done).
Skipping noarr naive trisolv repetition 4 for dataset size SMALL (already done).
Skipping noarr naive trmm repetition 4 for dataset size SMALL (already done).
Skipping noarr naive trmm repetition 4 for dataset size SMALL (already done).
-- The CXX compiler identification is GNU 15.2.0
-- Detecting CXX compiler ABI info
-- Detecting CXX compiler ABI info - done
-- Check for working CXX compiler: /usr/local/latestgcc/bin/g++ - skipped
-- Detecting CXX compile features
-- Detecting CXX compile features - done
-- Using NOARR_STRUCTURES_DIR from environment: /home/kleplj/naive/submodules/noarr-structures
-- Configuring done (0.4s)
-- Generating done (0.7s)
-- Build files have been written to: /home/kleplj/naive/optimization/naive/PolybenchC-Noarr/build
[  5%] Building CXX object CMakeFiles/correlation.dir/datamining/correlation/correlation.cpp.o
[  6%] Building CXX object CMakeFiles/covariance.dir/datamining/covariance/covariance.cpp.o
[  8%] Building CXX object CMakeFiles/gemm.dir/linear-algebra/blas/gemm/gemm.cpp.o
[ 10%] Building CXX object CMakeFiles/symm.dir/linear-algebra/blas/symm/symm.cpp.o
[ 13%] Building CXX object CMakeFiles/gemver.dir/linear-algebra/blas/gemver/gemver.cpp.o
[ 13%] Building CXX object CMakeFiles/gesummv.dir/linear-algebra/blas/gesummv/gesummv.cpp.o
[ 26%] Building CXX object CMakeFiles/2mm.dir/linear-algebra/kernels/2mm/2mm.cpp.o
[ 26%] Building CXX object CMakeFiles/trisolv.dir/linear-algebra/solvers/trisolv/trisolv.cpp.o
[ 26%] Building CXX object CMakeFiles/trmm.dir/linear-algebra/blas/trmm/trmm.cpp.o
[ 26%] Building CXX object CMakeFiles/atax.dir/linear-algebra/kernels/atax/atax.cpp.o
[ 26%] Building CXX object CMakeFiles/syrk.dir/linear-algebra/blas/syrk/syrk.cpp.o
[ 26%] Building CXX object CMakeFiles/3mm.dir/linear-algebra/kernels/3mm/3mm.cpp.o
[ 26%] Building CXX object CMakeFiles/syr2k.dir/linear-algebra/blas/syr2k/syr2k.cpp.o
[ 43%] Building CXX object CMakeFiles/mvt.dir/linear-algebra/kernels/mvt/mvt.cpp.o
[ 50%] Building CXX object CMakeFiles/floyd-warshall.dir/medley/floyd-warshall/floyd-warshall.cpp.o
[ 50%] Building CXX object CMakeFiles/lu.dir/linear-algebra/solvers/lu/lu.cpp.o
[ 50%] Building CXX object CMakeFiles/nussinov.dir/medley/nussinov/nussinov.cpp.o
[ 50%] Building CXX object CMakeFiles/gramschmidt.dir/linear-algebra/solvers/gramschmidt/gramschmidt.cpp.o
[ 50%] Building CXX object CMakeFiles/fdtd-2d.dir/stencils/fdtd-2d/fdtd-2d.cpp.o
[ 50%] Building CXX object CMakeFiles/durbin.dir/linear-algebra/solvers/durbin/durbin.cpp.o
[ 50%] Building CXX object CMakeFiles/adi.dir/stencils/adi/adi.cpp.o
[ 50%] Building CXX object CMakeFiles/cholesky.dir/linear-algebra/solvers/cholesky/cholesky.cpp.o
[ 50%] Building CXX object CMakeFiles/deriche.dir/medley/deriche/deriche.cpp.o
[ 50%] Building CXX object CMakeFiles/ludcmp.dir/linear-algebra/solvers/ludcmp/ludcmp.cpp.o
[ 50%] Building CXX object CMakeFiles/bicg.dir/linear-algebra/kernels/bicg/bicg.cpp.o
[ 50%] Building CXX object CMakeFiles/jacobi-1d.dir/stencils/jacobi-1d/jacobi-1d.cpp.o
[ 50%] Building CXX object CMakeFiles/heat-3d.dir/stencils/heat-3d/heat-3d.cpp.o
[ 50%] Building CXX object CMakeFiles/doitgen.dir/linear-algebra/kernels/doitgen/doitgen.cpp.o
[ 50%] Building CXX object CMakeFiles/seidel-2d.dir/stencils/seidel-2d/seidel-2d.cpp.o
[ 50%] Building CXX object CMakeFiles/jacobi-2d.dir/stencils/jacobi-2d/jacobi-2d.cpp.o
[ 53%] Linking CXX executable cholesky
[ 53%] Linking CXX executable nussinov
[ 55%] Linking CXX executable jacobi-1d
[ 56%] Linking CXX executable durbin
[ 56%] Built target jacobi-1d
[ 58%] Linking CXX executable seidel-2d
[ 58%] Built target durbin
[ 60%] Linking CXX executable gesummv
[ 63%] Linking CXX executable trisolv
[ 65%] Linking CXX executable mvt
[ 65%] Linking CXX executable floyd-warshall
[ 65%] Built target seidel-2d
[ 65%] Built target gesummv
[ 66%] Linking CXX executable bicg
[ 68%] Linking CXX executable atax
[ 68%] Built target mvt
[ 68%] Built target floyd-warshall
[ 68%] Built target trisolv
[ 70%] Linking CXX executable adi
[ 70%] Built target bicg
[ 70%] Built target atax
[ 70%] Built target adi
[ 71%] Linking CXX executable trmm
[ 73%] Linking CXX executable deriche
[ 73%] Built target trmm
[ 73%] Built target deriche
[ 75%] Linking CXX executable gemver
[ 76%] Linking CXX executable jacobi-2d
[ 78%] Linking CXX executable symm
[ 78%] Built target gemver
[ 78%] Built target jacobi-2d
[ 80%] Linking CXX executable doitgen
[ 81%] Linking CXX executable gemm
[ 81%] Built target symm
[ 83%] Linking CXX executable syr2k
[ 83%] Built target doitgen
[ 85%] Linking CXX executable syrk
[ 85%] Built target gemm
[ 88%] Linking CXX executable gramschmidt
[ 88%] Linking CXX executable ludcmp
[ 88%] Built target syr2k
[ 88%] Built target syrk
[ 88%] Built target ludcmp
[ 88%] Built target gramschmidt
[ 90%] Linking CXX executable covariance
[ 90%] Built target covariance
[ 91%] Linking CXX executable correlation
[ 91%] Built target correlation
[ 93%] Linking CXX executable 2mm
[ 93%] Built target 2mm
[ 95%] Linking CXX executable 3mm
[ 95%] Built target 3mm
Skipping noarr naive 2mm repetition 5 for dataset size SMALL (already done).
Skipping noarr naive 2mm repetition 5 for dataset size SMALL (already done).
Skipping noarr naive 3mm repetition 5 for dataset size SMALL (already done).
Skipping noarr naive 3mm repetition 5 for dataset size SMALL (already done).
Skipping noarr naive adi repetition 5 for dataset size SMALL (already done).
Skipping noarr naive adi repetition 5 for dataset size SMALL (already done).
Skipping noarr naive atax repetition 5 for dataset size SMALL (already done).
Skipping noarr naive atax repetition 5 for dataset size SMALL (already done).
Skipping noarr naive bicg repetition 5 for dataset size SMALL (already done).
Skipping noarr naive bicg repetition 5 for dataset size SMALL (already done).
Skipping noarr naive correlation repetition 5 for dataset size SMALL (already done).
Skipping noarr naive correlation repetition 5 for dataset size SMALL (already done).
Skipping noarr naive covariance repetition 5 for dataset size SMALL (already done).
Skipping noarr naive covariance repetition 5 for dataset size SMALL (already done).
Skipping noarr naive deriche repetition 5 for dataset size SMALL (already done).
Skipping noarr naive deriche repetition 5 for dataset size SMALL (already done).
Skipping noarr naive doitgen repetition 5 for dataset size SMALL (already done).
Skipping noarr naive doitgen repetition 5 for dataset size SMALL (already done).
Skipping noarr naive durbin repetition 5 for dataset size SMALL (already done).
Skipping noarr naive durbin repetition 5 for dataset size SMALL (already done).
Skipping noarr naive floyd-warshall repetition 5 for dataset size SMALL (already done).
Skipping noarr naive floyd-warshall repetition 5 for dataset size SMALL (already done).
Skipping noarr naive gemm repetition 5 for dataset size SMALL (already done).
Skipping noarr naive gemm repetition 5 for dataset size SMALL (already done).
Skipping noarr naive gemver repetition 5 for dataset size SMALL (already done).
Skipping noarr naive gemver repetition 5 for dataset size SMALL (already done).
Skipping noarr naive gesummv repetition 5 for dataset size SMALL (already done).
Skipping noarr naive gesummv repetition 5 for dataset size SMALL (already done).
Skipping noarr naive jacobi-1d repetition 5 for dataset size SMALL (already done).
Skipping noarr naive jacobi-1d repetition 5 for dataset size SMALL (already done).
Skipping noarr naive jacobi-2d repetition 5 for dataset size SMALL (already done).
Skipping noarr naive jacobi-2d repetition 5 for dataset size SMALL (already done).
Skipping noarr naive ludcmp repetition 5 for dataset size SMALL (already done).
Skipping noarr naive ludcmp repetition 5 for dataset size SMALL (already done).
Skipping noarr naive mvt repetition 5 for dataset size SMALL (already done).
Skipping noarr naive mvt repetition 5 for dataset size SMALL (already done).
Skipping noarr naive seidel-2d repetition 5 for dataset size SMALL (already done).
Skipping noarr naive seidel-2d repetition 5 for dataset size SMALL (already done).
Skipping noarr naive symm repetition 5 for dataset size SMALL (already done).
Skipping noarr naive symm repetition 5 for dataset size SMALL (already done).
Skipping noarr naive syr2k repetition 5 for dataset size SMALL (already done).
Skipping noarr naive syr2k repetition 5 for dataset size SMALL (already done).
Skipping noarr naive syrk repetition 5 for dataset size SMALL (already done).
Skipping noarr naive syrk repetition 5 for dataset size SMALL (already done).
Skipping noarr naive trisolv repetition 5 for dataset size SMALL (already done).
Skipping noarr naive trisolv repetition 5 for dataset size SMALL (already done).
Skipping noarr naive trmm repetition 5 for dataset size SMALL (already done).
Skipping noarr naive trmm repetition 5 for dataset size SMALL (already done).
-- The CXX compiler identification is GNU 15.2.0
-- Detecting CXX compiler ABI info
-- Detecting CXX compiler ABI info - done
-- Check for working CXX compiler: /usr/local/latestgcc/bin/g++ - skipped
-- Detecting CXX compile features
-- Detecting CXX compile features - done
-- Found Python: /home/kleplj/naive/gpt-querying/.venv/bin/python3.9 (found suitable version "3.9.21", minimum required is "3") found components: Interpreter Development.Module
-- Halide 'host' platform triple:   x86-64-linux
-- Halide 'cmake' platform triple:  x86-64-linux
-- Halide default AOT target:       host
-- Found ZLIB: /usr/lib64/libz.so (found version "1.2.11")
-- Could NOT find PNG (missing: PNG_LIBRARY PNG_PNG_INCLUDE_DIR) 
-- Could NOT find JPEG (missing: JPEG_LIBRARY JPEG_INCLUDE_DIR) 
-- Configuring done (0.7s)
-- Generating done (0.7s)
-- Build files have been written to: /home/kleplj/naive/optimization/naive/PolybenchC-Halide/build
[  6%] Building CXX object CMakeFiles/covariance.dir/datamining/covariance/covariance.cpp.o
[  8%] Building CXX object CMakeFiles/gemver.dir/linear-algebra/blas/gemver/gemver.cpp.o
[  8%] Building CXX object CMakeFiles/correlation.dir/datamining/correlation/correlation.cpp.o
[ 16%] Building CXX object CMakeFiles/syrk.dir/linear-algebra/blas/syrk/syrk.cpp.o
[ 16%] Building CXX object CMakeFiles/gesummv.dir/linear-algebra/blas/gesummv/gesummv.cpp.o
[ 16%] Building CXX object CMakeFiles/2mm.dir/linear-algebra/kernels/2mm/2mm.cpp.o
[ 16%] Building CXX object CMakeFiles/symm.dir/linear-algebra/blas/symm/symm.cpp.o
[ 25%] Building CXX object CMakeFiles/gemm.dir/linear-algebra/blas/gemm/gemm.cpp.o
[ 25%] Building CXX object CMakeFiles/trmm.dir/linear-algebra/blas/trmm/trmm.cpp.o
[ 25%] Building CXX object CMakeFiles/syr2k.dir/linear-algebra/blas/syr2k/syr2k.cpp.o
[ 25%] Building CXX object CMakeFiles/3mm.dir/linear-algebra/kernels/3mm/3mm.cpp.o
[ 25%] Building CXX object CMakeFiles/bicg.dir/linear-algebra/kernels/bicg/bicg.cpp.o
[ 41%] Building CXX object CMakeFiles/doitgen.dir/linear-algebra/kernels/doitgen/doitgen.cpp.o
[ 50%] Building CXX object CMakeFiles/gramschmidt.dir/linear-algebra/solvers/gramschmidt/gramschmidt.cpp.o
[ 50%] Building CXX object CMakeFiles/durbin.dir/linear-algebra/solvers/durbin/durbin.cpp.o
[ 50%] Building CXX object CMakeFiles/floyd-warshall.dir/medley/floyd-warshall/floyd-warshall.cpp.o
[ 50%] Building CXX object CMakeFiles/fdtd-2d.dir/stencils/fdtd-2d/fdtd-2d.cpp.o
[ 50%] Building CXX object CMakeFiles/adi.dir/stencils/adi/adi.cpp.o
[ 50%] Building CXX object CMakeFiles/trisolv.dir/linear-algebra/solvers/trisolv/trisolv.cpp.o
[ 50%] Building CXX object CMakeFiles/mvt.dir/linear-algebra/kernels/mvt/mvt.cpp.o
[ 50%] Building CXX object CMakeFiles/atax.dir/linear-algebra/kernels/atax/atax.cpp.o
[ 50%] Building CXX object CMakeFiles/cholesky.dir/linear-algebra/solvers/cholesky/cholesky.cpp.o
[ 50%] Building CXX object CMakeFiles/lu.dir/linear-algebra/solvers/lu/lu.cpp.o
[ 50%] Building CXX object CMakeFiles/nussinov.dir/medley/nussinov/nussinov.cpp.o
[ 50%] Building CXX object CMakeFiles/ludcmp.dir/linear-algebra/solvers/ludcmp/ludcmp.cpp.o
[ 50%] Building CXX object CMakeFiles/heat-3d.dir/stencils/heat-3d/heat-3d.cpp.o
[ 50%] Building CXX object CMakeFiles/jacobi-2d.dir/stencils/jacobi-2d/jacobi-2d.cpp.o
[ 50%] Building CXX object CMakeFiles/deriche.dir/medley/deriche/deriche.cpp.o
[ 50%] Building CXX object CMakeFiles/jacobi-1d.dir/stencils/jacobi-1d/jacobi-1d.cpp.o
[ 50%] Building CXX object CMakeFiles/seidel-2d.dir/stencils/seidel-2d/seidel-2d.cpp.o
[ 51%] Linking CXX executable gemver
[ 53%] Linking CXX executable gramschmidt
[ 55%] Linking CXX executable cholesky
[ 58%] Linking CXX executable floyd-warshall
[ 58%] Linking CXX executable syrk
[ 58%] Built target cholesky
[ 60%] Linking CXX executable covariance
[ 61%] Linking CXX executable jacobi-1d
[ 65%] Linking CXX executable syr2k
[ 65%] Linking CXX executable symm
[ 65%] Built target floyd-warshall
[ 65%] Built target syrk
[ 66%] Linking CXX executable jacobi-2d
[ 68%] Built target covariance
[ 68%] Linking CXX executable correlation
[ 68%] Built target jacobi-1d
[ 68%] Built target symm
[ 68%] Built target syr2k
[ 68%] Built target jacobi-2d
[ 68%] Built target correlation
[ 70%] Linking CXX executable 2mm
[ 71%] Linking CXX executable doitgen
[ 73%] Linking CXX executable seidel-2d
[ 75%] Linking CXX executable heat-3d
[ 75%] Built target 2mm
[ 75%] Built target doitgen
[ 76%] Linking CXX executable atax
[ 76%] Built target seidel-2d
[ 76%] Built target heat-3d
[ 76%] Built target atax
[ 78%] Linking CXX executable durbin
[ 80%] Linking CXX executable mvt
[ 81%] Linking CXX executable bicg
[ 81%] Built target durbin
[ 81%] Built target mvt
[ 81%] Built target bicg
[ 83%] Linking CXX executable ludcmp
[ 85%] Linking CXX executable fdtd-2d
[ 85%] Built target ludcmp
[ 85%] Built target fdtd-2d
Skipping halide naive cholesky repetition 1 for dataset size SMALL (already done).
Skipping halide naive cholesky repetition 1 for dataset size SMALL (already done).
Skipping halide naive correlation repetition 1 for dataset size SMALL (already done).
Skipping halide naive correlation repetition 1 for dataset size SMALL (already done).
Skipping halide naive fdtd-2d repetition 1 for dataset size SMALL (already done).
Skipping halide naive fdtd-2d repetition 1 for dataset size SMALL (already done).
Skipping halide naive floyd-warshall repetition 1 for dataset size SMALL (already done).
Skipping halide naive floyd-warshall repetition 1 for dataset size SMALL (already done).
Skipping halide naive heat-3d repetition 1 for dataset size SMALL (already done).
Skipping halide naive heat-3d repetition 1 for dataset size SMALL (already done).
Skipping halide naive jacobi-2d repetition 1 for dataset size SMALL (already done).
Skipping halide naive jacobi-2d repetition 1 for dataset size SMALL (already done).
Skipping halide naive seidel-2d repetition 1 for dataset size SMALL (already done).
Skipping halide naive seidel-2d repetition 1 for dataset size SMALL (already done).
Skipping halide naive syrk repetition 1 for dataset size SMALL (already done).
Skipping halide naive syrk repetition 1 for dataset size SMALL (already done).
-- The CXX compiler identification is GNU 15.2.0
-- Detecting CXX compiler ABI info
-- Detecting CXX compiler ABI info - done
-- Check for working CXX compiler: /usr/local/latestgcc/bin/g++ - skipped
-- Detecting CXX compile features
-- Detecting CXX compile features - done
-- Found Python: /home/kleplj/naive/gpt-querying/.venv/bin/python3.9 (found suitable version "3.9.21", minimum required is "3") found components: Interpreter Development.Module
-- Halide 'host' platform triple:   x86-64-linux
-- Halide 'cmake' platform triple:  x86-64-linux
-- Halide default AOT target:       host
-- Found ZLIB: /usr/lib64/libz.so (found version "1.2.11")
-- Could NOT find PNG (missing: PNG_LIBRARY PNG_PNG_INCLUDE_DIR) 
-- Could NOT find JPEG (missing: JPEG_LIBRARY JPEG_INCLUDE_DIR) 
-- Configuring done (0.7s)
-- Generating done (0.7s)
-- Build files have been written to: /home/kleplj/naive/optimization/naive/PolybenchC-Halide/build
[  8%] Building CXX object CMakeFiles/correlation.dir/datamining/correlation/correlation.cpp.o
[  8%] Building CXX object CMakeFiles/gemver.dir/linear-algebra/blas/gemver/gemver.cpp.o
[ 11%] Building CXX object CMakeFiles/gemm.dir/linear-algebra/blas/gemm/gemm.cpp.o
[ 11%] Building CXX object CMakeFiles/covariance.dir/datamining/covariance/covariance.cpp.o
[ 11%] Building CXX object CMakeFiles/gesummv.dir/linear-algebra/blas/gesummv/gesummv.cpp.o
[ 18%] Building CXX object CMakeFiles/symm.dir/linear-algebra/blas/symm/symm.cpp.o
[ 18%] Building CXX object CMakeFiles/trmm.dir/linear-algebra/blas/trmm/trmm.cpp.o
[ 18%] Building CXX object CMakeFiles/syrk.dir/linear-algebra/blas/syrk/syrk.cpp.o
[ 18%] Building CXX object CMakeFiles/syr2k.dir/linear-algebra/blas/syr2k/syr2k.cpp.o
[ 31%] Building CXX object CMakeFiles/bicg.dir/linear-algebra/kernels/bicg/bicg.cpp.o
[ 50%] Building CXX object CMakeFiles/2mm.dir/linear-algebra/kernels/2mm/2mm.cpp.o
[ 50%] Building CXX object CMakeFiles/doitgen.dir/linear-algebra/kernels/doitgen/doitgen.cpp.o
[ 50%] Building CXX object CMakeFiles/gramschmidt.dir/linear-algebra/solvers/gramschmidt/gramschmidt.cpp.o
[ 50%] Building CXX object CMakeFiles/durbin.dir/linear-algebra/solvers/durbin/durbin.cpp.o
[ 50%] Building CXX object CMakeFiles/lu.dir/linear-algebra/solvers/lu/lu.cpp.o
[ 50%] Building CXX object CMakeFiles/ludcmp.dir/linear-algebra/solvers/ludcmp/ludcmp.cpp.o
[ 50%] Building CXX object CMakeFiles/atax.dir/linear-algebra/kernels/atax/atax.cpp.o
[ 50%] Building CXX object CMakeFiles/jacobi-1d.dir/stencils/jacobi-1d/jacobi-1d.cpp.o
[ 50%] Building CXX object CMakeFiles/nussinov.dir/medley/nussinov/nussinov.cpp.o
[ 50%] Building CXX object CMakeFiles/deriche.dir/medley/deriche/deriche.cpp.o
[ 50%] Building CXX object CMakeFiles/jacobi-2d.dir/stencils/jacobi-2d/jacobi-2d.cpp.o
[ 50%] Building CXX object CMakeFiles/mvt.dir/linear-algebra/kernels/mvt/mvt.cpp.o
[ 50%] Building CXX object CMakeFiles/cholesky.dir/linear-algebra/solvers/cholesky/cholesky.cpp.o
[ 50%] Building CXX object CMakeFiles/3mm.dir/linear-algebra/kernels/3mm/3mm.cpp.o
[ 50%] Building CXX object CMakeFiles/trisolv.dir/linear-algebra/solvers/trisolv/trisolv.cpp.o
[ 50%] Building CXX object CMakeFiles/fdtd-2d.dir/stencils/fdtd-2d/fdtd-2d.cpp.o
[ 50%] Building CXX object CMakeFiles/floyd-warshall.dir/medley/floyd-warshall/floyd-warshall.cpp.o
[ 50%] Building CXX object CMakeFiles/adi.dir/stencils/adi/adi.cpp.o
[ 50%] Building CXX object CMakeFiles/heat-3d.dir/stencils/heat-3d/heat-3d.cpp.o
[ 50%] Building CXX object CMakeFiles/seidel-2d.dir/stencils/seidel-2d/seidel-2d.cpp.o
[ 51%] Linking CXX executable gemver
[ 53%] Linking CXX executable gramschmidt
[ 55%] Linking CXX executable adi
[ 55%] Built target adi
[ 56%] Linking CXX executable floyd-warshall
[ 58%] Linking CXX executable syrk
[ 60%] Linking CXX executable covariance
[ 60%] Built target floyd-warshall
[ 61%] Linking CXX executable seidel-2d
[ 63%] Linking CXX executable syr2k
[ 65%] Linking CXX executable gemm
[ 66%] Linking CXX executable symm
[ 66%] Built target syrk
[ 68%] Linking CXX executable correlation
[ 68%] Built target covariance
[ 68%] Built target seidel-2d
[ 68%] Built target syr2k
[ 68%] Built target gemm
[ 70%] Linking CXX executable 3mm
[ 70%] Built target symm
[ 70%] Built target correlation
[ 71%] Linking CXX executable 2mm
[ 71%] Built target 3mm
[ 73%] Linking CXX executable gesummv
[ 75%] Linking CXX executable heat-3d
[ 76%] Linking CXX executable trisolv
[ 76%] Built target 2mm
[ 78%] Linking CXX executable atax
[ 78%] Built target gesummv
[ 80%] Linking CXX executable cholesky
[ 81%] Linking CXX executable doitgen
[ 81%] Built target heat-3d
[ 81%] Built target trisolv
[ 83%] Linking CXX executable durbin
[ 83%] Built target atax
[ 83%] Built target cholesky
[ 83%] Built target doitgen
[ 85%] Linking CXX executable lu
[ 85%] Built target durbin
[ 86%] Built target lu
[ 86%] Linking CXX executable bicg
[ 86%] Built target bicg
[ 88%] Linking CXX executable mvt
[ 88%] Built target mvt
[ 90%] Linking CXX executable ludcmp
[ 90%] Built target ludcmp
Skipping halide naive adi repetition 2 for dataset size SMALL (already done).
Skipping halide naive adi repetition 2 for dataset size SMALL (already done).
Skipping halide naive atax repetition 2 for dataset size SMALL (already done).
Skipping halide naive atax repetition 2 for dataset size SMALL (already done).
Skipping halide naive correlation repetition 2 for dataset size SMALL (already done).
Skipping halide naive correlation repetition 2 for dataset size SMALL (already done).
Skipping halide naive floyd-warshall repetition 2 for dataset size SMALL (already done).
Skipping halide naive floyd-warshall repetition 2 for dataset size SMALL (already done).
Skipping halide naive heat-3d repetition 2 for dataset size SMALL (already done).
Skipping halide naive heat-3d repetition 2 for dataset size SMALL (already done).
Skipping halide naive mvt repetition 2 for dataset size SMALL (already done).
Skipping halide naive mvt repetition 2 for dataset size SMALL (already done).
Skipping halide naive seidel-2d repetition 2 for dataset size SMALL (already done).
Skipping halide naive seidel-2d repetition 2 for dataset size SMALL (already done).
Skipping halide naive syr2k repetition 2 for dataset size SMALL (already done).
Skipping halide naive syr2k repetition 2 for dataset size SMALL (already done).
Skipping halide naive syrk repetition 2 for dataset size SMALL (already done).
Skipping halide naive syrk repetition 2 for dataset size SMALL (already done).
-- The CXX compiler identification is GNU 15.2.0
-- Detecting CXX compiler ABI info
-- Detecting CXX compiler ABI info - done
-- Check for working CXX compiler: /usr/local/latestgcc/bin/g++ - skipped
-- Detecting CXX compile features
-- Detecting CXX compile features - done
-- Found Python: /home/kleplj/naive/gpt-querying/.venv/bin/python3.9 (found suitable version "3.9.21", minimum required is "3") found components: Interpreter Development.Module
-- Halide 'host' platform triple:   x86-64-linux
-- Halide 'cmake' platform triple:  x86-64-linux
-- Halide default AOT target:       host
-- Found ZLIB: /usr/lib64/libz.so (found version "1.2.11")
-- Could NOT find PNG (missing: PNG_LIBRARY PNG_PNG_INCLUDE_DIR) 
-- Could NOT find JPEG (missing: JPEG_LIBRARY JPEG_INCLUDE_DIR) 
-- Configuring done (0.7s)
-- Generating done (0.7s)
-- Build files have been written to: /home/kleplj/naive/optimization/naive/PolybenchC-Halide/build
[  6%] Building CXX object CMakeFiles/correlation.dir/datamining/correlation/correlation.cpp.o
[  8%] Building CXX object CMakeFiles/covariance.dir/datamining/covariance/covariance.cpp.o
[  8%] Building CXX object CMakeFiles/gemver.dir/linear-algebra/blas/gemver/gemver.cpp.o
[ 16%] Building CXX object CMakeFiles/syrk.dir/linear-algebra/blas/syrk/syrk.cpp.o
[ 16%] Building CXX object CMakeFiles/gemm.dir/linear-algebra/blas/gemm/gemm.cpp.o
[ 16%] Building CXX object CMakeFiles/gesummv.dir/linear-algebra/blas/gesummv/gesummv.cpp.o
[ 16%] Building CXX object CMakeFiles/syr2k.dir/linear-algebra/blas/syr2k/syr2k.cpp.o
[ 16%] Building CXX object CMakeFiles/2mm.dir/linear-algebra/kernels/2mm/2mm.cpp.o
[ 30%] Building CXX object CMakeFiles/doitgen.dir/linear-algebra/kernels/doitgen/doitgen.cpp.o
[ 50%] Building CXX object CMakeFiles/gramschmidt.dir/linear-algebra/solvers/gramschmidt/gramschmidt.cpp.o
[ 50%] Building CXX object CMakeFiles/lu.dir/linear-algebra/solvers/lu/lu.cpp.o
[ 50%] Building CXX object CMakeFiles/floyd-warshall.dir/medley/floyd-warshall/floyd-warshall.cpp.o
[ 50%] Building CXX object CMakeFiles/trisolv.dir/linear-algebra/solvers/trisolv/trisolv.cpp.o
[ 50%] Building CXX object CMakeFiles/symm.dir/linear-algebra/blas/symm/symm.cpp.o
[ 50%] Building CXX object CMakeFiles/trmm.dir/linear-algebra/blas/trmm/trmm.cpp.o
[ 50%] Building CXX object CMakeFiles/bicg.dir/linear-algebra/kernels/bicg/bicg.cpp.o
[ 50%] Building CXX object CMakeFiles/heat-3d.dir/stencils/heat-3d/heat-3d.cpp.o
[ 50%] Building CXX object CMakeFiles/nussinov.dir/medley/nussinov/nussinov.cpp.o
[ 50%] Building CXX object CMakeFiles/adi.dir/stencils/adi/adi.cpp.o
[ 50%] Building CXX object CMakeFiles/jacobi-1d.dir/stencils/jacobi-1d/jacobi-1d.cpp.o
[ 50%] Building CXX object CMakeFiles/atax.dir/linear-algebra/kernels/atax/atax.cpp.o
[ 50%] Building CXX object CMakeFiles/durbin.dir/linear-algebra/solvers/durbin/durbin.cpp.o
[ 50%] Building CXX object CMakeFiles/ludcmp.dir/linear-algebra/solvers/ludcmp/ludcmp.cpp.o
[ 50%] Building CXX object CMakeFiles/fdtd-2d.dir/stencils/fdtd-2d/fdtd-2d.cpp.o
[ 50%] Building CXX object CMakeFiles/3mm.dir/linear-algebra/kernels/3mm/3mm.cpp.o
[ 50%] Building CXX object CMakeFiles/mvt.dir/linear-algebra/kernels/mvt/mvt.cpp.o
[ 50%] Building CXX object CMakeFiles/jacobi-2d.dir/stencils/jacobi-2d/jacobi-2d.cpp.o
[ 50%] Building CXX object CMakeFiles/deriche.dir/medley/deriche/deriche.cpp.o
[ 50%] Building CXX object CMakeFiles/seidel-2d.dir/stencils/seidel-2d/seidel-2d.cpp.o
[ 50%] Building CXX object CMakeFiles/cholesky.dir/linear-algebra/solvers/cholesky/cholesky.cpp.o
[ 51%] Linking CXX executable gemver
[ 53%] Linking CXX executable gramschmidt
[ 55%] Linking CXX executable adi
[ 55%] Built target adi
[ 56%] Linking CXX executable cholesky
[ 56%] Built target cholesky
[ 58%] Linking CXX executable floyd-warshall
[ 60%] Linking CXX executable jacobi-2d
[ 61%] Linking CXX executable syr2k
[ 63%] Linking CXX executable jacobi-1d
[ 63%] Built target floyd-warshall
[ 65%] Linking CXX executable symm
[ 65%] Built target jacobi-2d
[ 65%] Built target syr2k
[ 65%] Built target jacobi-1d
[ 65%] Built target symm
[ 66%] Linking CXX executable covariance
[ 68%] Linking CXX executable durbin
[ 70%] Linking CXX executable 3mm
[ 71%] Linking CXX executable correlation
[ 71%] Built target covariance
[ 71%] Built target durbin
[ 71%] Built target 3mm
[ 71%] Built target correlation
[ 73%] Linking CXX executable atax
[ 75%] Linking CXX executable gesummv
[ 76%] Linking CXX executable heat-3d
[ 78%] Linking CXX executable mvt
[ 80%] Linking CXX executable bicg
[ 80%] Built target atax
[ 80%] Built target gesummv
[ 80%] Built target heat-3d
[ 80%] Built target mvt
[ 80%] Built target bicg
[ 81%] Linking CXX executable nussinov
[ 83%] Linking CXX executable fdtd-2d
[ 83%] Built target nussinov
[ 83%] Built target fdtd-2d
[ 85%] Linking CXX executable ludcmp
[ 86%] Linking CXX executable trisolv
[ 86%] Built target ludcmp
[ 86%] Built target trisolv
Skipping halide naive floyd-warshall repetition 3 for dataset size SMALL (already done).
Skipping halide naive floyd-warshall repetition 3 for dataset size SMALL (already done).
Skipping halide naive heat-3d repetition 3 for dataset size SMALL (already done).
Skipping halide naive heat-3d repetition 3 for dataset size SMALL (already done).
Skipping halide naive jacobi-2d repetition 3 for dataset size SMALL (already done).
Skipping halide naive jacobi-2d repetition 3 for dataset size SMALL (already done).
Skipping halide naive ludcmp repetition 3 for dataset size SMALL (already done).
Skipping halide naive ludcmp repetition 3 for dataset size SMALL (already done).
Skipping halide naive mvt repetition 3 for dataset size SMALL (already done).
Skipping halide naive mvt repetition 3 for dataset size SMALL (already done).
Skipping halide naive symm repetition 3 for dataset size SMALL (already done).
Skipping halide naive symm repetition 3 for dataset size SMALL (already done).
-- The CXX compiler identification is GNU 15.2.0
-- Detecting CXX compiler ABI info
-- Detecting CXX compiler ABI info - done
-- Check for working CXX compiler: /usr/local/latestgcc/bin/g++ - skipped
-- Detecting CXX compile features
-- Detecting CXX compile features - done
-- Found Python: /home/kleplj/naive/gpt-querying/.venv/bin/python3.9 (found suitable version "3.9.21", minimum required is "3") found components: Interpreter Development.Module
-- Halide 'host' platform triple:   x86-64-linux
-- Halide 'cmake' platform triple:  x86-64-linux
-- Halide default AOT target:       host
-- Found ZLIB: /usr/lib64/libz.so (found version "1.2.11")
-- Could NOT find PNG (missing: PNG_LIBRARY PNG_PNG_INCLUDE_DIR) 
-- Could NOT find JPEG (missing: JPEG_LIBRARY JPEG_INCLUDE_DIR) 
-- Configuring done (0.7s)
-- Generating done (0.7s)
-- Build files have been written to: /home/kleplj/naive/optimization/naive/PolybenchC-Halide/build
[  5%] Building CXX object CMakeFiles/covariance.dir/datamining/covariance/covariance.cpp.o
[  5%] Building CXX object CMakeFiles/correlation.dir/datamining/correlation/correlation.cpp.o
[ 10%] Building CXX object CMakeFiles/gemm.dir/linear-algebra/blas/gemm/gemm.cpp.o
[ 16%] Building CXX object CMakeFiles/symm.dir/linear-algebra/blas/symm/symm.cpp.o
[ 16%] Building CXX object CMakeFiles/gesummv.dir/linear-algebra/blas/gesummv/gesummv.cpp.o
[ 16%] Building CXX object CMakeFiles/syr2k.dir/linear-algebra/blas/syr2k/syr2k.cpp.o
[ 16%] Building CXX object CMakeFiles/gemver.dir/linear-algebra/blas/gemver/gemver.cpp.o
[ 16%] Building CXX object CMakeFiles/syrk.dir/linear-algebra/blas/syrk/syrk.cpp.o
[ 30%] Building CXX object CMakeFiles/3mm.dir/linear-algebra/kernels/3mm/3mm.cpp.o
[ 48%] Building CXX object CMakeFiles/lu.dir/linear-algebra/solvers/lu/lu.cpp.o
[ 48%] Building CXX object CMakeFiles/bicg.dir/linear-algebra/kernels/bicg/bicg.cpp.o
[ 48%] Building CXX object CMakeFiles/2mm.dir/linear-algebra/kernels/2mm/2mm.cpp.o
[ 48%] Building CXX object CMakeFiles/cholesky.dir/linear-algebra/solvers/cholesky/cholesky.cpp.o
[ 48%] Building CXX object CMakeFiles/doitgen.dir/linear-algebra/kernels/doitgen/doitgen.cpp.o
[ 48%] Building CXX object CMakeFiles/atax.dir/linear-algebra/kernels/atax/atax.cpp.o
[ 48%] Building CXX object CMakeFiles/trmm.dir/linear-algebra/blas/trmm/trmm.cpp.o
[ 50%] Building CXX object CMakeFiles/trisolv.dir/linear-algebra/solvers/trisolv/trisolv.cpp.o
[ 50%] Building CXX object CMakeFiles/nussinov.dir/medley/nussinov/nussinov.cpp.o
[ 50%] Building CXX object CMakeFiles/gramschmidt.dir/linear-algebra/solvers/gramschmidt/gramschmidt.cpp.o
[ 50%] Building CXX object CMakeFiles/deriche.dir/medley/deriche/deriche.cpp.o
[ 50%] Building CXX object CMakeFiles/ludcmp.dir/linear-algebra/solvers/ludcmp/ludcmp.cpp.o
[ 50%] Building CXX object CMakeFiles/heat-3d.dir/stencils/heat-3d/heat-3d.cpp.o
[ 50%] Building CXX object CMakeFiles/fdtd-2d.dir/stencils/fdtd-2d/fdtd-2d.cpp.o
[ 50%] Building CXX object CMakeFiles/mvt.dir/linear-algebra/kernels/mvt/mvt.cpp.o
[ 50%] Building CXX object CMakeFiles/seidel-2d.dir/stencils/seidel-2d/seidel-2d.cpp.o
[ 50%] Building CXX object CMakeFiles/adi.dir/stencils/adi/adi.cpp.o
[ 50%] Building CXX object CMakeFiles/jacobi-1d.dir/stencils/jacobi-1d/jacobi-1d.cpp.o
[ 50%] Building CXX object CMakeFiles/durbin.dir/linear-algebra/solvers/durbin/durbin.cpp.o
[ 50%] Building CXX object CMakeFiles/floyd-warshall.dir/medley/floyd-warshall/floyd-warshall.cpp.o
[ 50%] Building CXX object CMakeFiles/jacobi-2d.dir/stencils/jacobi-2d/jacobi-2d.cpp.o
[ 51%] Linking CXX executable gemver
[ 53%] Linking CXX executable gramschmidt
[ 55%] Linking CXX executable cholesky
[ 55%] Built target cholesky
[ 56%] Linking CXX executable floyd-warshall
[ 58%] Linking CXX executable covariance
[ 58%] Built target floyd-warshall
[ 60%] Linking CXX executable syr2k
[ 61%] Linking CXX executable jacobi-2d
[ 63%] Linking CXX executable syrk
[ 63%] Built target covariance
[ 65%] Linking CXX executable gemm
[ 65%] Built target syr2k
[ 68%] Linking CXX executable adi
[ 70%] Linking CXX executable symm
[ 70%] Linking CXX executable jacobi-1d
[ 70%] Built target jacobi-2d
[ 70%] Built target syrk
[ 70%] Built target gemm
[ 71%] Linking CXX executable correlation
[ 73%] Linking CXX executable 2mm
[ 73%] Built target adi
[ 73%] Built target symm
[ 73%] Built target jacobi-1d
[ 73%] Built target correlation
[ 75%] Linking CXX executable 3mm
[ 75%] Built target 2mm
[ 76%] Linking CXX executable gesummv
[ 78%] Linking CXX executable durbin
[ 80%] Linking CXX executable doitgen
[ 80%] Built target 3mm
[ 80%] Built target gesummv
[ 80%] Built target durbin
[ 80%] Built target doitgen
[ 83%] Linking CXX executable trisolv
[ 83%] Linking CXX executable heat-3d
[ 85%] Linking CXX executable atax
[ 86%] Linking CXX executable mvt
[ 86%] Built target heat-3d
[ 86%] Built target trisolv
[ 86%] Built target atax
[ 88%] Linking CXX executable bicg
[ 88%] Built target mvt
[ 88%] Built target bicg
[ 90%] Linking CXX executable nussinov
[ 90%] Built target nussinov
[ 91%] Linking CXX executable fdtd-2d
[ 93%] Linking CXX executable ludcmp
[ 93%] Built target fdtd-2d
[ 93%] Built target ludcmp
Skipping halide naive adi repetition 4 for dataset size SMALL (already done).
Skipping halide naive adi repetition 4 for dataset size SMALL (already done).
Skipping halide naive cholesky repetition 4 for dataset size SMALL (already done).
Skipping halide naive cholesky repetition 4 for dataset size SMALL (already done).
Skipping halide naive correlation repetition 4 for dataset size SMALL (already done).
Skipping halide naive correlation repetition 4 for dataset size SMALL (already done).
Skipping halide naive covariance repetition 4 for dataset size SMALL (already done).
Skipping halide naive covariance repetition 4 for dataset size SMALL (already done).
Skipping halide naive floyd-warshall repetition 4 for dataset size SMALL (already done).
Skipping halide naive floyd-warshall repetition 4 for dataset size SMALL (already done).
Skipping halide naive gesummv repetition 4 for dataset size SMALL (already done).
Skipping halide naive gesummv repetition 4 for dataset size SMALL (already done).
Skipping halide naive jacobi-2d repetition 4 for dataset size SMALL (already done).
Skipping halide naive jacobi-2d repetition 4 for dataset size SMALL (already done).
Skipping halide naive syr2k repetition 4 for dataset size SMALL (already done).
Skipping halide naive syr2k repetition 4 for dataset size SMALL (already done).
-- The CXX compiler identification is GNU 15.2.0
-- Detecting CXX compiler ABI info
-- Detecting CXX compiler ABI info - done
-- Check for working CXX compiler: /usr/local/latestgcc/bin/g++ - skipped
-- Detecting CXX compile features
-- Detecting CXX compile features - done
-- Found Python: /home/kleplj/naive/gpt-querying/.venv/bin/python3.9 (found suitable version "3.9.21", minimum required is "3") found components: Interpreter Development.Module
-- Halide 'host' platform triple:   x86-64-linux
-- Halide 'cmake' platform triple:  x86-64-linux
-- Halide default AOT target:       host
-- Found ZLIB: /usr/lib64/libz.so (found version "1.2.11")
-- Could NOT find PNG (missing: PNG_LIBRARY PNG_PNG_INCLUDE_DIR) 
-- Could NOT find JPEG (missing: JPEG_LIBRARY JPEG_INCLUDE_DIR) 
-- Configuring done (0.7s)
-- Generating done (0.7s)
-- Build files have been written to: /home/kleplj/naive/optimization/naive/PolybenchC-Halide/build
[  6%] Building CXX object CMakeFiles/correlation.dir/datamining/correlation/correlation.cpp.o
[ 10%] Building CXX object CMakeFiles/gemm.dir/linear-algebra/blas/gemm/gemm.cpp.o
[ 10%] Building CXX object CMakeFiles/covariance.dir/datamining/covariance/covariance.cpp.o
[ 15%] Building CXX object CMakeFiles/symm.dir/linear-algebra/blas/symm/symm.cpp.o
[ 15%] Building CXX object CMakeFiles/gesummv.dir/linear-algebra/blas/gesummv/gesummv.cpp.o
[ 15%] Building CXX object CMakeFiles/gemver.dir/linear-algebra/blas/gemver/gemver.cpp.o
[ 23%] Building CXX object CMakeFiles/syrk.dir/linear-algebra/blas/syrk/syrk.cpp.o
[ 23%] Building CXX object CMakeFiles/atax.dir/linear-algebra/kernels/atax/atax.cpp.o
[ 23%] Building CXX object CMakeFiles/mvt.dir/linear-algebra/kernels/mvt/mvt.cpp.o
[ 23%] Building CXX object CMakeFiles/trmm.dir/linear-algebra/blas/trmm/trmm.cpp.o
[ 23%] Building CXX object CMakeFiles/2mm.dir/linear-algebra/kernels/2mm/2mm.cpp.o
[ 23%] Building CXX object CMakeFiles/syr2k.dir/linear-algebra/blas/syr2k/syr2k.cpp.o
[ 40%] Building CXX object CMakeFiles/3mm.dir/linear-algebra/kernels/3mm/3mm.cpp.o
[ 50%] Building CXX object CMakeFiles/adi.dir/stencils/adi/adi.cpp.o
[ 50%] Building CXX object CMakeFiles/fdtd-2d.dir/stencils/fdtd-2d/fdtd-2d.cpp.o
[ 50%] Building CXX object CMakeFiles/heat-3d.dir/stencils/heat-3d/heat-3d.cpp.o
[ 50%] Building CXX object CMakeFiles/durbin.dir/linear-algebra/solvers/durbin/durbin.cpp.o
[ 50%] Building CXX object CMakeFiles/cholesky.dir/linear-algebra/solvers/cholesky/cholesky.cpp.o
[ 50%] Building CXX object CMakeFiles/bicg.dir/linear-algebra/kernels/bicg/bicg.cpp.o
[ 50%] Building CXX object CMakeFiles/trisolv.dir/linear-algebra/solvers/trisolv/trisolv.cpp.o
[ 50%] Building CXX object CMakeFiles/deriche.dir/medley/deriche/deriche.cpp.o
[ 50%] Building CXX object CMakeFiles/ludcmp.dir/linear-algebra/solvers/ludcmp/ludcmp.cpp.o
[ 50%] Building CXX object CMakeFiles/lu.dir/linear-algebra/solvers/lu/lu.cpp.o
[ 50%] Building CXX object CMakeFiles/gramschmidt.dir/linear-algebra/solvers/gramschmidt/gramschmidt.cpp.o
[ 50%] Building CXX object CMakeFiles/nussinov.dir/medley/nussinov/nussinov.cpp.o
[ 50%] Building CXX object CMakeFiles/floyd-warshall.dir/medley/floyd-warshall/floyd-warshall.cpp.o
[ 50%] Building CXX object CMakeFiles/jacobi-2d.dir/stencils/jacobi-2d/jacobi-2d.cpp.o
[ 50%] Building CXX object CMakeFiles/doitgen.dir/linear-algebra/kernels/doitgen/doitgen.cpp.o
[ 50%] Building CXX object CMakeFiles/seidel-2d.dir/stencils/seidel-2d/seidel-2d.cpp.o
[ 50%] Building CXX object CMakeFiles/jacobi-1d.dir/stencils/jacobi-1d/jacobi-1d.cpp.o
[ 51%] Linking CXX executable gemver
[ 53%] Linking CXX executable gramschmidt
-- The C compiler identification is GNU 15.2.0
-- Detecting C compiler ABI info
-- Detecting C compiler ABI info - done
-- Check for working C compiler: /usr/local/latestgcc/bin/gcc - skipped
-- Detecting C compile features
-- Detecting C compile features - done
-- Configuring done (0.4s)
-- Generating done (0.7s)
-- Build files have been written to: /home/kleplj/naive/optimization/naive/PolybenchC-4.2.1/build
[  7%] Building C object CMakeFiles/cholesky.dir/linear-algebra/solvers/cholesky/cholesky.c.o
[  7%] Building C object CMakeFiles/correlation.dir/datamining/correlation/correlation.c.o
[  7%] Building C object CMakeFiles/covariance.dir/datamining/covariance/covariance.c.o
[  7%] Building C object CMakeFiles/correlation.dir/utilities/polybench.c.o
[  7%] Building C object CMakeFiles/lu.dir/linear-algebra/solvers/lu/lu.c.o
[ 21%] Building C object CMakeFiles/gramschmidt.dir/utilities/polybench.c.o
[ 56%] Building C object CMakeFiles/syr2k.dir/linear-algebra/blas/syr2k/syr2k.c.o
[ 56%] Building C object CMakeFiles/cholesky.dir/utilities/polybench.c.o
[ 56%] Building C object CMakeFiles/covariance.dir/utilities/polybench.c.o
[ 56%] Building C object CMakeFiles/gramschmidt.dir/linear-algebra/solvers/gramschmidt/gramschmidt.c.o
[ 56%] Building C object CMakeFiles/durbin.dir/linear-algebra/solvers/durbin/durbin.c.o
[ 56%] Building C object CMakeFiles/trmm.dir/utilities/polybench.c.o
[ 56%] Building C object CMakeFiles/gemm.dir/linear-algebra/blas/gemm/gemm.c.o
[ 56%] Building C object CMakeFiles/gemver.dir/linear-algebra/blas/gemver/gemver.c.o
[ 56%] Building C object CMakeFiles/gemm.dir/utilities/polybench.c.o
[ 56%] Building C object CMakeFiles/symm.dir/linear-algebra/blas/symm/symm.c.o
[ 56%] Building C object CMakeFiles/trisolv.dir/linear-algebra/solvers/trisolv/trisolv.c.o
[ 56%] Building C object CMakeFiles/lu.dir/utilities/polybench.c.o
[ 56%] Building C object CMakeFiles/2mm.dir/utilities/polybench.c.o
[ 56%] Building C object CMakeFiles/trisolv.dir/utilities/polybench.c.o
[ 66%] Building C object CMakeFiles/fdtd-2d.dir/stencils/fdtd-2d/fdtd-2d.c.o
[ 66%] Building C object CMakeFiles/syr2k.dir/utilities/polybench.c.o
[ 66%] Building C object CMakeFiles/gesummv.dir/utilities/polybench.c.o
[ 66%] Building C object CMakeFiles/heat-3d.dir/utilities/polybench.c.o
[ 66%] Building C object CMakeFiles/syrk.dir/utilities/polybench.c.o
[ 66%] Building C object CMakeFiles/bicg.dir/linear-algebra/kernels/bicg/bicg.c.o
[ 66%] Building C object CMakeFiles/mvt.dir/utilities/polybench.c.o
[ 66%] Building C object CMakeFiles/mvt.dir/linear-algebra/kernels/mvt/mvt.c.o
[ 66%] Building C object CMakeFiles/2mm.dir/linear-algebra/kernels/2mm/2mm.c.o
[ 66%] Building C object CMakeFiles/jacobi-2d.dir/stencils/jacobi-2d/jacobi-2d.c.o
[ 66%] Building C object CMakeFiles/nussinov.dir/medley/nussinov/nussinov.c.o
[ 66%] Building C object CMakeFiles/floyd-warshall.dir/utilities/polybench.c.o
[ 66%] Building C object CMakeFiles/seidel-2d.dir/stencils/seidel-2d/seidel-2d.c.o
[ 66%] Building C object CMakeFiles/doitgen.dir/linear-algebra/kernels/doitgen/doitgen.c.o
[ 66%] Building C object CMakeFiles/durbin.dir/utilities/polybench.c.o
[ 66%] Building C object CMakeFiles/gesummv.dir/linear-algebra/blas/gesummv/gesummv.c.o
[ 66%] Building C object CMakeFiles/ludcmp.dir/linear-algebra/solvers/ludcmp/ludcmp.c.o
[ 66%] Building C object CMakeFiles/atax.dir/utilities/polybench.c.o
[ 66%] Building C object CMakeFiles/bicg.dir/utilities/polybench.c.o
[ 66%] Building C object CMakeFiles/floyd-warshall.dir/medley/floyd-warshall/floyd-warshall.c.o
[ 66%] Building C object CMakeFiles/deriche.dir/utilities/polybench.c.o
[ 66%] Building C object CMakeFiles/fdtd-2d.dir/utilities/polybench.c.o
[ 66%] Building C object CMakeFiles/jacobi-2d.dir/utilities/polybench.c.o
[ 66%] Building C object CMakeFiles/seidel-2d.dir/utilities/polybench.c.o
[ 66%] Building C object CMakeFiles/adi.dir/utilities/polybench.c.o
[ 66%] Building C object CMakeFiles/trmm.dir/linear-algebra/blas/trmm/trmm.c.o
[ 66%] Building C object CMakeFiles/ludcmp.dir/utilities/polybench.c.o
[ 66%] Building C object CMakeFiles/doitgen.dir/utilities/polybench.c.o
[ 66%] Building C object CMakeFiles/adi.dir/stencils/adi/adi.c.o
[ 66%] Building C object CMakeFiles/nussinov.dir/utilities/polybench.c.o
[ 66%] Building C object CMakeFiles/gemver.dir/utilities/polybench.c.o
[ 66%] Building C object CMakeFiles/atax.dir/linear-algebra/kernels/atax/atax.c.o
[ 66%] Building C object CMakeFiles/deriche.dir/medley/deriche/deriche.c.o
[ 66%] Building C object CMakeFiles/heat-3d.dir/stencils/heat-3d/heat-3d.c.o
[ 66%] Building C object CMakeFiles/syrk.dir/linear-algebra/blas/syrk/syrk.c.o
[ 66%] Building C object CMakeFiles/symm.dir/utilities/polybench.c.o
[ 66%] Building C object CMakeFiles/jacobi-1d.dir/stencils/jacobi-1d/jacobi-1d.c.o
[ 66%] Building C object CMakeFiles/3mm.dir/utilities/polybench.c.o
[ 66%] Building C object CMakeFiles/jacobi-1d.dir/utilities/polybench.c.o
[ 66%] Building C object CMakeFiles/3mm.dir/linear-algebra/kernels/3mm/3mm.c.o
[ 67%] Linking C executable covariance
[ 70%] Linking C executable gemver
[ 70%] Linking C executable nussinov
[ 71%] Linking C executable mvt
[ 71%] Built target covariance
[ 74%] Linking C executable floyd-warshall
[ 74%] Linking C executable trisolv
[ 74%] Linking C executable cholesky
[ 75%] Linking C executable durbin
[ 77%] Linking C executable gesummv
[ 77%] Linking C executable bicg
[ 78%] Linking C executable adi
[ 80%] Linking C executable doitgen
[ 82%] Linking C executable syrk
[ 82%] Linking C executable correlation
[ 84%] Linking C executable jacobi-2d
[ 84%] Linking C executable atax
[ 85%] Built target nussinov
[ 85%] Linking C executable syr2k
[ 85%] Built target gemver
[ 86%] Linking C executable trmm
[ 87%] Linking C executable fdtd-2d
[ 87%] Built target mvt
[ 87%] Built target cholesky
[ 87%] Built target trisolv
[ 87%] Built target floyd-warshall
[ 87%] Built target durbin
[ 90%] Linking C executable deriche
[ 90%] Linking C executable symm
[ 90%] Built target gesummv
[ 90%] Built target bicg
[ 91%] Built target adi
[ 91%] Linking C executable lu
[ 91%] Built target doitgen
[ 91%] Built target syrk
[ 91%] Built target correlation
[ 91%] Built target atax
[ 91%] Built target jacobi-2d
[ 91%] Built target syr2k
[ 92%] Built target trmm
[ 92%] Linking C executable 3mm
[ 92%] Built target fdtd-2d
[ 92%] Built target deriche
[ 92%] Built target symm
[ 93%] Linking C executable heat-3d
[ 93%] Built target lu
[ 93%] Built target 3mm
[ 94%] Linking C executable gramschmidt
[ 94%] Built target heat-3d
[ 94%] Built target gramschmidt
[ 95%] Linking C executable gemm
[ 96%] Linking C executable 2mm
[ 96%] Built target gemm
[ 96%] Built target 2mm
Skipping c naive 2mm repetition 1 for dataset size SMALL (already done).
Skipping c naive 2mm repetition 1 for dataset size SMALL (already done).
Skipping c naive 3mm repetition 1 for dataset size SMALL (already done).
Skipping c naive 3mm repetition 1 for dataset size SMALL (already done).
Skipping c naive adi repetition 1 for dataset size SMALL (already done).
Skipping c naive adi repetition 1 for dataset size SMALL (already done).
Skipping c naive atax repetition 1 for dataset size SMALL (already done).
Skipping c naive atax repetition 1 for dataset size SMALL (already done).
Skipping c naive bicg repetition 1 for dataset size SMALL (already done).
Skipping c naive bicg repetition 1 for dataset size SMALL (already done).
Skipping c naive cholesky repetition 1 for dataset size SMALL (already done).
Skipping c naive cholesky repetition 1 for dataset size SMALL (already done).
Skipping c naive correlation repetition 1 for dataset size SMALL (already done).
Skipping c naive correlation repetition 1 for dataset size SMALL (already done).
Skipping c naive covariance repetition 1 for dataset size SMALL (already done).
Skipping c naive covariance repetition 1 for dataset size SMALL (already done).
Skipping c naive deriche repetition 1 for dataset size SMALL (already done).
Skipping c naive deriche repetition 1 for dataset size SMALL (already done).
Skipping c naive doitgen repetition 1 for dataset size SMALL (already done).
Skipping c naive doitgen repetition 1 for dataset size SMALL (already done).
Skipping c naive durbin repetition 1 for dataset size SMALL (already done).
Skipping c naive durbin repetition 1 for dataset size SMALL (already done).
Skipping c naive fdtd-2d repetition 1 for dataset size SMALL (already done).
Skipping c naive fdtd-2d repetition 1 for dataset size SMALL (already done).
Skipping c naive floyd-warshall repetition 1 for dataset size SMALL (already done).
Skipping c naive floyd-warshall repetition 1 for dataset size SMALL (already done).
Skipping c naive gemm repetition 1 for dataset size SMALL (already done).
Skipping c naive gemm repetition 1 for dataset size SMALL (already done).
Skipping c naive gemver repetition 1 for dataset size SMALL (already done).
Skipping c naive gemver repetition 1 for dataset size SMALL (already done).
Skipping c naive gesummv repetition 1 for dataset size SMALL (already done).
Skipping c naive gesummv repetition 1 for dataset size SMALL (already done).
Skipping c naive gramschmidt repetition 1 for dataset size SMALL (already done).
Skipping c naive gramschmidt repetition 1 for dataset size SMALL (already done).
Skipping c naive heat-3d repetition 1 for dataset size SMALL (already done).
Skipping c naive heat-3d repetition 1 for dataset size SMALL (already done).
Skipping c naive jacobi-2d repetition 1 for dataset size SMALL (already done).
Skipping c naive jacobi-2d repetition 1 for dataset size SMALL (already done).
Skipping c naive lu repetition 1 for dataset size SMALL (already done).
Skipping c naive lu repetition 1 for dataset size SMALL (already done).
Skipping c naive mvt repetition 1 for dataset size SMALL (already done).
Skipping c naive mvt repetition 1 for dataset size SMALL (already done).
Skipping c naive nussinov repetition 1 for dataset size SMALL (already done).
Skipping c naive nussinov repetition 1 for dataset size SMALL (already done).
Skipping c naive symm repetition 1 for dataset size SMALL (already done).
Skipping c naive symm repetition 1 for dataset size SMALL (already done).
Skipping c naive syr2k repetition 1 for dataset size SMALL (already done).
Skipping c naive syr2k repetition 1 for dataset size SMALL (already done).
Skipping c naive syrk repetition 1 for dataset size SMALL (already done).
Skipping c naive syrk repetition 1 for dataset size SMALL (already done).
Skipping c naive trisolv repetition 1 for dataset size SMALL (already done).
Skipping c naive trisolv repetition 1 for dataset size SMALL (already done).
Skipping c naive trmm repetition 1 for dataset size SMALL (already done).
Skipping c naive trmm repetition 1 for dataset size SMALL (already done).
-- The C compiler identification is GNU 15.2.0
-- Detecting C compiler ABI info
-- Detecting C compiler ABI info - done
-- Check for working C compiler: /usr/local/latestgcc/bin/gcc - skipped
-- Detecting C compile features
-- Detecting C compile features - done
-- Configuring done (0.3s)
-- Generating done (0.8s)
-- Build files have been written to: /home/kleplj/naive/optimization/naive/PolybenchC-4.2.1/build
[  6%] Building C object CMakeFiles/correlation.dir/utilities/polybench.c.o
[  6%] Building C object CMakeFiles/correlation.dir/datamining/correlation/correlation.c.o
[  6%] Building C object CMakeFiles/covariance.dir/datamining/covariance/covariance.c.o
[ 14%] Building C object CMakeFiles/trisolv.dir/linear-algebra/solvers/trisolv/trisolv.c.o
[ 14%] Building C object CMakeFiles/gramschmidt.dir/linear-algebra/solvers/gramschmidt/gramschmidt.c.o
[ 14%] Building C object CMakeFiles/lu.dir/linear-algebra/solvers/lu/lu.c.o
[ 14%] Building C object CMakeFiles/lu.dir/utilities/polybench.c.o
[ 14%] Building C object CMakeFiles/covariance.dir/utilities/polybench.c.o
[ 14%] Building C object CMakeFiles/cholesky.dir/linear-algebra/solvers/cholesky/cholesky.c.o
[ 14%] Building C object CMakeFiles/durbin.dir/utilities/polybench.c.o
[ 14%] Building C object CMakeFiles/durbin.dir/linear-algebra/solvers/durbin/durbin.c.o
[ 34%] Building C object CMakeFiles/syrk.dir/utilities/polybench.c.o
[ 66%] Building C object CMakeFiles/heat-3d.dir/utilities/polybench.c.o
[ 66%] Building C object CMakeFiles/trisolv.dir/utilities/polybench.c.o
[ 66%] Building C object CMakeFiles/syr2k.dir/linear-algebra/blas/syr2k/syr2k.c.o
[ 66%] Building C object CMakeFiles/gemver.dir/linear-algebra/blas/gemver/gemver.c.o
[ 66%] Building C object CMakeFiles/cholesky.dir/utilities/polybench.c.o
[ 66%] Building C object CMakeFiles/ludcmp.dir/utilities/polybench.c.o
[ 66%] Building C object CMakeFiles/trmm.dir/utilities/polybench.c.o
[ 66%] Building C object CMakeFiles/bicg.dir/linear-algebra/kernels/bicg/bicg.c.o
[ 66%] Building C object CMakeFiles/gramschmidt.dir/utilities/polybench.c.o
[ 66%] Building C object CMakeFiles/gemm.dir/linear-algebra/blas/gemm/gemm.c.o
[ 66%] Building C object CMakeFiles/syrk.dir/linear-algebra/blas/syrk/syrk.c.o
[ 66%] Building C object CMakeFiles/trmm.dir/linear-algebra/blas/trmm/trmm.c.o
[ 66%] Building C object CMakeFiles/gemm.dir/utilities/polybench.c.o
[ 66%] Building C object CMakeFiles/syr2k.dir/utilities/polybench.c.o
[ 66%] Building C object CMakeFiles/ludcmp.dir/linear-algebra/solvers/ludcmp/ludcmp.c.o
[ 66%] Building C object CMakeFiles/bicg.dir/utilities/polybench.c.o
[ 66%] Building C object CMakeFiles/gemver.dir/utilities/polybench.c.o
[ 66%] Building C object CMakeFiles/symm.dir/linear-algebra/blas/symm/symm.c.o
[ 66%] Building C object CMakeFiles/jacobi-2d.dir/stencils/jacobi-2d/jacobi-2d.c.o
[ 66%] Building C object CMakeFiles/seidel-2d.dir/utilities/polybench.c.o
[ 66%] Building C object CMakeFiles/seidel-2d.dir/stencils/seidel-2d/seidel-2d.c.o
[ 66%] Building C object CMakeFiles/fdtd-2d.dir/utilities/polybench.c.o
[ 66%] Building C object CMakeFiles/heat-3d.dir/stencils/heat-3d/heat-3d.c.o
[ 66%] Building C object CMakeFiles/deriche.dir/medley/deriche/deriche.c.o
[ 66%] Building C object CMakeFiles/fdtd-2d.dir/stencils/fdtd-2d/fdtd-2d.c.o
[ 66%] Building C object CMakeFiles/jacobi-2d.dir/utilities/polybench.c.o
[ 66%] Building C object CMakeFiles/jacobi-1d.dir/utilities/polybench.c.o
[ 66%] Building C object CMakeFiles/adi.dir/utilities/polybench.c.o
[ 66%] Building C object CMakeFiles/nussinov.dir/utilities/polybench.c.o
[ 66%] Building C object CMakeFiles/mvt.dir/utilities/polybench.c.o
[ 66%] Building C object CMakeFiles/doitgen.dir/utilities/polybench.c.o
[ 66%] Building C object CMakeFiles/jacobi-1d.dir/stencils/jacobi-1d/jacobi-1d.c.o
[ 66%] Building C object CMakeFiles/floyd-warshall.dir/utilities/polybench.c.o
[ 66%] Building C object CMakeFiles/nussinov.dir/medley/nussinov/nussinov.c.o
[ 66%] Building C object CMakeFiles/2mm.dir/utilities/polybench.c.o
[ 66%] Building C object CMakeFiles/floyd-warshall.dir/medley/floyd-warshall/floyd-warshall.c.o
[ 66%] Building C object CMakeFiles/doitgen.dir/linear-algebra/kernels/doitgen/doitgen.c.o
[ 66%] Building C object CMakeFiles/3mm.dir/linear-algebra/kernels/3mm/3mm.c.o
[ 66%] Building C object CMakeFiles/3mm.dir/utilities/polybench.c.o
[ 66%] Building C object CMakeFiles/gesummv.dir/linear-algebra/blas/gesummv/gesummv.c.o
[ 66%] Building C object CMakeFiles/atax.dir/utilities/polybench.c.o
[ 66%] Building C object CMakeFiles/mvt.dir/linear-algebra/kernels/mvt/mvt.c.o
[ 66%] Building C object CMakeFiles/gesummv.dir/utilities/polybench.c.o
[ 66%] Building C object CMakeFiles/atax.dir/linear-algebra/kernels/atax/atax.c.o
[ 66%] Building C object CMakeFiles/deriche.dir/utilities/polybench.c.o
[ 66%] Building C object CMakeFiles/symm.dir/utilities/polybench.c.o
[ 66%] Building C object CMakeFiles/2mm.dir/linear-algebra/kernels/2mm/2mm.c.o
[ 66%] Building C object CMakeFiles/adi.dir/stencils/adi/adi.c.o
[ 67%] Linking C executable durbin
[ 68%] Linking C executable covariance
[ 70%] Linking C executable jacobi-1d
[ 71%] Linking C executable gesummv
[ 72%] Linking C executable seidel-2d
[ 73%] Linking C executable trisolv
[ 74%] Linking C executable deriche
[ 77%] Linking C executable mvt
[ 77%] Linking C executable adi
[ 78%] Linking C executable jacobi-2d
[ 78%] Linking C executable bicg
[ 80%] Linking C executable floyd-warshall
[ 81%] Built target durbin
[ 81%] Linking C executable gemver
[ 83%] Linking C executable trmm
[ 83%] Linking C executable doitgen
[ 84%] Linking C executable heat-3d
[ 85%] Linking C executable nussinov
[ 85%] Built target covariance
[ 85%] Built target jacobi-1d
[ 86%] Linking C executable correlation
[ 86%] Built target seidel-2d
[ 86%] Built target gesummv
[ 86%] Built target trisolv
[ 86%] Built target deriche
[ 87%] Linking C executable atax
[ 88%] Linking C executable syrk
[ 90%] Built target adi
[ 90%] Linking C executable lu
[ 90%] Built target mvt
[ 90%] Built target jacobi-2d
[ 91%] Built target bicg
[ 91%] Built target floyd-warshall
[ 92%] Linking C executable 2mm
[ 93%] Linking C executable gramschmidt
[ 93%] Linking C executable fdtd-2d
[ 93%] Built target gemver
[ 94%] Built target doitgen
[ 95%] Linking C executable cholesky
[ 95%] Built target trmm
[ 95%] Linking C executable syr2k
[ 96%] Linking C executable gemm
[ 96%] Built target nussinov
[ 97%] Built target heat-3d
[ 97%] Linking C executable symm
[ 97%] Built target correlation
[ 97%] Built target atax
[ 97%] Built target syrk
[ 97%] Built target lu
[ 98%] Linking C executable ludcmp
[ 98%] Built target 2mm
[ 98%] Built target gramschmidt
[ 98%] Built target fdtd-2d
[ 98%] Built target cholesky
[ 98%] Built target syr2k
[ 98%] Built target gemm
[ 98%] Built target symm
[ 98%] Built target ludcmp
[100%] Linking C executable 3mm
[100%] Built target 3mm
Skipping c naive 2mm repetition 2 for dataset size SMALL (already done).
Skipping c naive 2mm repetition 2 for dataset size SMALL (already done).
Skipping c naive 3mm repetition 2 for dataset size SMALL (already done).
Skipping c naive 3mm repetition 2 for dataset size SMALL (already done).
Skipping c naive adi repetition 2 for dataset size SMALL (already done).
Skipping c naive adi repetition 2 for dataset size SMALL (already done).
Skipping c naive atax repetition 2 for dataset size SMALL (already done).
Skipping c naive atax repetition 2 for dataset size SMALL (already done).
Skipping c naive bicg repetition 2 for dataset size SMALL (already done).
Skipping c naive bicg repetition 2 for dataset size SMALL (already done).
Skipping c naive cholesky repetition 2 for dataset size SMALL (already done).
Skipping c naive cholesky repetition 2 for dataset size SMALL (already done).
Skipping c naive correlation repetition 2 for dataset size SMALL (already done).
Skipping c naive correlation repetition 2 for dataset size SMALL (already done).
Skipping c naive covariance repetition 2 for dataset size SMALL (already done).
Skipping c naive covariance repetition 2 for dataset size SMALL (already done).
Skipping c naive deriche repetition 2 for dataset size SMALL (already done).
Skipping c naive deriche repetition 2 for dataset size SMALL (already done).
Skipping c naive doitgen repetition 2 for dataset size SMALL (already done).
Skipping c naive doitgen repetition 2 for dataset size SMALL (already done).
Skipping c naive durbin repetition 2 for dataset size SMALL (already done).
Skipping c naive durbin repetition 2 for dataset size SMALL (already done).
Skipping c naive fdtd-2d repetition 2 for dataset size SMALL (already done).
Skipping c naive fdtd-2d repetition 2 for dataset size SMALL (already done).
Skipping c naive floyd-warshall repetition 2 for dataset size SMALL (already done).
Skipping c naive floyd-warshall repetition 2 for dataset size SMALL (already done).
Skipping c naive gemm repetition 2 for dataset size SMALL (already done).
Skipping c naive gemm repetition 2 for dataset size SMALL (already done).
Skipping c naive gemver repetition 2 for dataset size SMALL (already done).
Skipping c naive gemver repetition 2 for dataset size SMALL (already done).
Skipping c naive gesummv repetition 2 for dataset size SMALL (already done).
Skipping c naive gesummv repetition 2 for dataset size SMALL (already done).
Skipping c naive heat-3d repetition 2 for dataset size SMALL (already done).
Skipping c naive heat-3d repetition 2 for dataset size SMALL (already done).
Skipping c naive jacobi-1d repetition 2 for dataset size SMALL (already done).
Skipping c naive jacobi-1d repetition 2 for dataset size SMALL (already done).
Skipping c naive jacobi-2d repetition 2 for dataset size SMALL (already done).
Skipping c naive jacobi-2d repetition 2 for dataset size SMALL (already done).
Skipping c naive lu repetition 2 for dataset size SMALL (already done).
Skipping c naive lu repetition 2 for dataset size SMALL (already done).
Skipping c naive ludcmp repetition 2 for dataset size SMALL (already done).
Skipping c naive ludcmp repetition 2 for dataset size SMALL (already done).
Skipping c naive mvt repetition 2 for dataset size SMALL (already done).
Skipping c naive mvt repetition 2 for dataset size SMALL (already done).
Skipping c naive nussinov repetition 2 for dataset size SMALL (already done).
Skipping c naive nussinov repetition 2 for dataset size SMALL (already done).
Skipping c naive seidel-2d repetition 2 for dataset size SMALL (already done).
Skipping c naive seidel-2d repetition 2 for dataset size SMALL (already done).
Skipping c naive symm repetition 2 for dataset size SMALL (already done).
Skipping c naive symm repetition 2 for dataset size SMALL (already done).
Skipping c naive syr2k repetition 2 for dataset size SMALL (already done).
Skipping c naive syr2k repetition 2 for dataset size SMALL (already done).
Skipping c naive syrk repetition 2 for dataset size SMALL (already done).
Skipping c naive syrk repetition 2 for dataset size SMALL (already done).
Skipping c naive trisolv repetition 2 for dataset size SMALL (already done).
Skipping c naive trisolv repetition 2 for dataset size SMALL (already done).
Skipping c naive trmm repetition 2 for dataset size SMALL (already done).
Skipping c naive trmm repetition 2 for dataset size SMALL (already done).
-- The C compiler identification is GNU 15.2.0
-- Detecting C compiler ABI info
-- Detecting C compiler ABI info - done
-- Check for working C compiler: /usr/local/latestgcc/bin/gcc - skipped
-- Detecting C compile features
-- Detecting C compile features - done
-- Configuring done (0.3s)
-- Generating done (0.8s)
-- Build files have been written to: /home/kleplj/naive/optimization/naive/PolybenchC-4.2.1/build
[  6%] Building C object CMakeFiles/covariance.dir/datamining/covariance/covariance.c.o
[  6%] Building C object CMakeFiles/covariance.dir/utilities/polybench.c.o
[  6%] Building C object CMakeFiles/correlation.dir/datamining/correlation/correlation.c.o
[ 14%] Building C object CMakeFiles/cholesky.dir/linear-algebra/solvers/cholesky/cholesky.c.o
[ 14%] Building C object CMakeFiles/lu.dir/utilities/polybench.c.o
[ 14%] Building C object CMakeFiles/cholesky.dir/utilities/polybench.c.o
[ 14%] Building C object CMakeFiles/lu.dir/linear-algebra/solvers/lu/lu.c.o
[ 14%] Building C object CMakeFiles/gramschmidt.dir/linear-algebra/solvers/gramschmidt/gramschmidt.c.o
[ 14%] Building C object CMakeFiles/ludcmp.dir/linear-algebra/solvers/ludcmp/ludcmp.c.o
[ 14%] Building C object CMakeFiles/correlation.dir/utilities/polybench.c.o
[ 41%] Building C object CMakeFiles/syr2k.dir/utilities/polybench.c.o
[ 66%] Building C object CMakeFiles/syrk.dir/linear-algebra/blas/syrk/syrk.c.o
[ 66%] Building C object CMakeFiles/durbin.dir/linear-algebra/solvers/durbin/durbin.c.o
[ 66%] Building C object CMakeFiles/gemm.dir/linear-algebra/blas/gemm/gemm.c.o
[ 66%] Building C object CMakeFiles/trmm.dir/linear-algebra/blas/trmm/trmm.c.o
[ 66%] Building C object CMakeFiles/trisolv.dir/linear-algebra/solvers/trisolv/trisolv.c.o
[ 66%] Building C object CMakeFiles/mvt.dir/linear-algebra/kernels/mvt/mvt.c.o
[ 66%] Building C object CMakeFiles/bicg.dir/linear-algebra/kernels/bicg/bicg.c.o
[ 66%] Building C object CMakeFiles/bicg.dir/utilities/polybench.c.o
[ 66%] Building C object CMakeFiles/gesummv.dir/utilities/polybench.c.o
[ 66%] Building C object CMakeFiles/trmm.dir/utilities/polybench.c.o
[ 66%] Building C object CMakeFiles/mvt.dir/utilities/polybench.c.o
[ 66%] Building C object CMakeFiles/ludcmp.dir/utilities/polybench.c.o
[ 66%] Building C object CMakeFiles/jacobi-2d.dir/utilities/polybench.c.o
[ 66%] Building C object CMakeFiles/jacobi-1d.dir/stencils/jacobi-1d/jacobi-1d.c.o
[ 66%] Building C object CMakeFiles/floyd-warshall.dir/utilities/polybench.c.o
[ 66%] Building C object CMakeFiles/deriche.dir/utilities/polybench.c.o
[ 66%] Building C object CMakeFiles/jacobi-1d.dir/utilities/polybench.c.o
[ 66%] Building C object CMakeFiles/jacobi-2d.dir/stencils/jacobi-2d/jacobi-2d.c.o
[ 66%] Building C object CMakeFiles/doitgen.dir/utilities/polybench.c.o
[ 66%] Building C object CMakeFiles/floyd-warshall.dir/medley/floyd-warshall/floyd-warshall.c.o
[ 66%] Building C object CMakeFiles/gemm.dir/utilities/polybench.c.o
[ 66%] Building C object CMakeFiles/syrk.dir/utilities/polybench.c.o
[ 66%] Building C object CMakeFiles/seidel-2d.dir/utilities/polybench.c.o
[ 66%] Building C object CMakeFiles/3mm.dir/linear-algebra/kernels/3mm/3mm.c.o
[ 66%] Building C object CMakeFiles/gemver.dir/linear-algebra/blas/gemver/gemver.c.o
[ 66%] Building C object CMakeFiles/gesummv.dir/linear-algebra/blas/gesummv/gesummv.c.o
[ 66%] Building C object CMakeFiles/doitgen.dir/linear-algebra/kernels/doitgen/doitgen.c.o
[ 66%] Building C object CMakeFiles/atax.dir/linear-algebra/kernels/atax/atax.c.o
[ 66%] Building C object CMakeFiles/syr2k.dir/linear-algebra/blas/syr2k/syr2k.c.o
[ 66%] Building C object CMakeFiles/symm.dir/linear-algebra/blas/symm/symm.c.o
[ 66%] Building C object CMakeFiles/trisolv.dir/utilities/polybench.c.o
[ 66%] Building C object CMakeFiles/fdtd-2d.dir/utilities/polybench.c.o
[ 66%] Building C object CMakeFiles/fdtd-2d.dir/stencils/fdtd-2d/fdtd-2d.c.o
[ 66%] Building C object CMakeFiles/3mm.dir/utilities/polybench.c.o
[ 66%] Building C object CMakeFiles/2mm.dir/utilities/polybench.c.o
[ 66%] Building C object CMakeFiles/adi.dir/utilities/polybench.c.o
[ 66%] Building C object CMakeFiles/gemver.dir/utilities/polybench.c.o
[ 66%] Building C object CMakeFiles/atax.dir/utilities/polybench.c.o
[ 66%] Building C object CMakeFiles/nussinov.dir/medley/nussinov/nussinov.c.o
[ 66%] Building C object CMakeFiles/heat-3d.dir/utilities/polybench.c.o
[ 66%] Building C object CMakeFiles/deriche.dir/medley/deriche/deriche.c.o
[ 66%] Building C object CMakeFiles/seidel-2d.dir/stencils/seidel-2d/seidel-2d.c.o
[ 66%] Building C object CMakeFiles/durbin.dir/utilities/polybench.c.o
[ 66%] Building C object CMakeFiles/gramschmidt.dir/utilities/polybench.c.o
[ 66%] Building C object CMakeFiles/heat-3d.dir/stencils/heat-3d/heat-3d.c.o
[ 66%] Building C object CMakeFiles/adi.dir/stencils/adi/adi.c.o
[ 66%] Building C object CMakeFiles/nussinov.dir/utilities/polybench.c.o
[ 66%] Building C object CMakeFiles/symm.dir/utilities/polybench.c.o
[ 66%] Building C object CMakeFiles/2mm.dir/linear-algebra/kernels/2mm/2mm.c.o
[ 67%] Linking C executable cholesky
[ 70%] Linking C executable seidel-2d
[ 70%] Linking C executable jacobi-1d
[ 71%] Linking C executable gesummv
[ 72%] Linking C executable jacobi-2d
[ 74%] Linking C executable trisolv
[ 74%] Linking C executable bicg
[ 75%] Linking C executable deriche
[ 76%] Linking C executable gemver
[ 77%] Linking C executable floyd-warshall
[ 80%] Linking C executable durbin
[ 81%] Built target cholesky
[ 81%] Linking C executable doitgen
[ 81%] Linking C executable trmm
[ 83%] Linking C executable atax
[ 83%] Linking C executable syrk
[ 84%] Linking C executable covariance
[ 85%] Linking C executable fdtd-2d
[ 86%] Linking C executable nussinov
[ 86%] Built target seidel-2d
[ 87%] Built target jacobi-1d
[ 87%] Linking C executable lu
[ 87%] Built target gesummv
[ 87%] Built target trisolv
[ 87%] Built target jacobi-2d
[ 87%] Built target bicg
[ 90%] Linking C executable heat-3d
[ 90%] Linking C executable gemm
[ 90%] Built target deriche
[ 92%] Linking C executable 2mm
[ 92%] Linking C executable correlation
[ 92%] Built target gemver
[ 93%] Linking C executable symm
[ 94%] Built target floyd-warshall
[ 94%] Built target doitgen
[ 94%] Linking C executable syr2k
[ 94%] Built target trmm
[ 94%] Built target durbin
[ 94%] Built target syrk
[ 94%] Built target atax
[ 94%] Built target covariance
[ 95%] Built target fdtd-2d
[ 95%] Linking C executable ludcmp
[ 95%] Built target nussinov
[ 95%] Built target lu
[ 96%] Linking C executable mvt
[ 96%] Built target heat-3d
[ 96%] Built target gemm
[ 96%] Built target correlation
[ 96%] Built target 2mm
[ 97%] Linking C executable adi
[ 97%] Built target symm
[ 97%] Built target syr2k
[ 98%] Linking C executable 3mm
[ 98%] Built target ludcmp
[ 98%] Built target mvt
[ 98%] Built target adi
[ 98%] Built target 3mm
[100%] Linking C executable gramschmidt
[100%] Built target gramschmidt
Skipping c naive 2mm repetition 3 for dataset size SMALL (already done).
Skipping c naive 2mm repetition 3 for dataset size SMALL (already done).
Skipping c naive 3mm repetition 3 for dataset size SMALL (already done).
Skipping c naive 3mm repetition 3 for dataset size SMALL (already done).
Skipping c naive adi repetition 3 for dataset size SMALL (already done).
Skipping c naive adi repetition 3 for dataset size SMALL (already done).
Skipping c naive atax repetition 3 for dataset size SMALL (already done).
Skipping c naive atax repetition 3 for dataset size SMALL (already done).
Skipping c naive bicg repetition 3 for dataset size SMALL (already done).
Skipping c naive bicg repetition 3 for dataset size SMALL (already done).
Skipping c naive cholesky repetition 3 for dataset size SMALL (already done).
Skipping c naive cholesky repetition 3 for dataset size SMALL (already done).
Skipping c naive correlation repetition 3 for dataset size SMALL (already done).
Skipping c naive correlation repetition 3 for dataset size SMALL (already done).
Skipping c naive covariance repetition 3 for dataset size SMALL (already done).
Skipping c naive covariance repetition 3 for dataset size SMALL (already done).
Skipping c naive deriche repetition 3 for dataset size SMALL (already done).
Skipping c naive deriche repetition 3 for dataset size SMALL (already done).
Skipping c naive doitgen repetition 3 for dataset size SMALL (already done).
Skipping c naive doitgen repetition 3 for dataset size SMALL (already done).
Skipping c naive durbin repetition 3 for dataset size SMALL (already done).
Skipping c naive durbin repetition 3 for dataset size SMALL (already done).
Skipping c naive fdtd-2d repetition 3 for dataset size SMALL (already done).
Skipping c naive fdtd-2d repetition 3 for dataset size SMALL (already done).
Skipping c naive floyd-warshall repetition 3 for dataset size SMALL (already done).
Skipping c naive floyd-warshall repetition 3 for dataset size SMALL (already done).
Skipping c naive gemm repetition 3 for dataset size SMALL (already done).
Skipping c naive gemm repetition 3 for dataset size SMALL (already done).
Skipping c naive gemver repetition 3 for dataset size SMALL (already done).
Skipping c naive gemver repetition 3 for dataset size SMALL (already done).
Skipping c naive gesummv repetition 3 for dataset size SMALL (already done).
Skipping c naive gesummv repetition 3 for dataset size SMALL (already done).
Skipping c naive heat-3d repetition 3 for dataset size SMALL (already done).
Skipping c naive heat-3d repetition 3 for dataset size SMALL (already done).
Skipping c naive jacobi-1d repetition 3 for dataset size SMALL (already done).
Skipping c naive jacobi-1d repetition 3 for dataset size SMALL (already done).
Skipping c naive jacobi-2d repetition 3 for dataset size SMALL (already done).
Skipping c naive jacobi-2d repetition 3 for dataset size SMALL (already done).
Skipping c naive lu repetition 3 for dataset size SMALL (already done).
Skipping c naive lu repetition 3 for dataset size SMALL (already done).
Skipping c naive ludcmp repetition 3 for dataset size SMALL (already done).
Skipping c naive ludcmp repetition 3 for dataset size SMALL (already done).
Skipping c naive mvt repetition 3 for dataset size SMALL (already done).
Skipping c naive mvt repetition 3 for dataset size SMALL (already done).
Skipping c naive nussinov repetition 3 for dataset size SMALL (already done).
Skipping c naive nussinov repetition 3 for dataset size SMALL (already done).
Skipping c naive seidel-2d repetition 3 for dataset size SMALL (already done).
Skipping c naive seidel-2d repetition 3 for dataset size SMALL (already done).
Skipping c naive symm repetition 3 for dataset size SMALL (already done).
Skipping c naive symm repetition 3 for dataset size SMALL (already done).
Skipping c naive syr2k repetition 3 for dataset size SMALL (already done).
Skipping c naive syr2k repetition 3 for dataset size SMALL (already done).
Skipping c naive syrk repetition 3 for dataset size SMALL (already done).
Skipping c naive syrk repetition 3 for dataset size SMALL (already done).
Skipping c naive trisolv repetition 3 for dataset size SMALL (already done).
Skipping c naive trisolv repetition 3 for dataset size SMALL (already done).
Skipping c naive trmm repetition 3 for dataset size SMALL (already done).
Skipping c naive trmm repetition 3 for dataset size SMALL (already done).
-- The C compiler identification is GNU 15.2.0
-- Detecting C compiler ABI info
-- Detecting C compiler ABI info - done
-- Check for working C compiler: /usr/local/latestgcc/bin/gcc - skipped
-- Detecting C compile features
-- Detecting C compile features - done
-- Configuring done (0.4s)
-- Generating done (0.7s)
-- Build files have been written to: /home/kleplj/naive/optimization/naive/PolybenchC-4.2.1/build
[  7%] Building C object CMakeFiles/lu.dir/linear-algebra/solvers/lu/lu.c.o
[  7%] Building C object CMakeFiles/lu.dir/utilities/polybench.c.o
[  7%] Building C object CMakeFiles/covariance.dir/utilities/polybench.c.o
[  7%] Building C object CMakeFiles/correlation.dir/datamining/correlation/correlation.c.o
[  7%] Building C object CMakeFiles/covariance.dir/datamining/covariance/covariance.c.o
[ 21%] Building C object CMakeFiles/gramschmidt.dir/linear-algebra/solvers/gramschmidt/gramschmidt.c.o
[ 58%] Building C object CMakeFiles/durbin.dir/utilities/polybench.c.o
[ 58%] Building C object CMakeFiles/cholesky.dir/utilities/polybench.c.o
[ 58%] Building C object CMakeFiles/durbin.dir/linear-algebra/solvers/durbin/durbin.c.o
[ 58%] Building C object CMakeFiles/syrk.dir/linear-algebra/blas/syrk/syrk.c.o
[ 58%] Building C object CMakeFiles/gemm.dir/linear-algebra/blas/gemm/gemm.c.o
[ 58%] Building C object CMakeFiles/correlation.dir/utilities/polybench.c.o
[ 58%] Building C object CMakeFiles/trisolv.dir/linear-algebra/solvers/trisolv/trisolv.c.o
[ 58%] Building C object CMakeFiles/syr2k.dir/linear-algebra/blas/syr2k/syr2k.c.o
[ 58%] Building C object CMakeFiles/ludcmp.dir/linear-algebra/solvers/ludcmp/ludcmp.c.o
[ 58%] Building C object CMakeFiles/cholesky.dir/linear-algebra/solvers/cholesky/cholesky.c.o
[ 58%] Building C object CMakeFiles/gesummv.dir/linear-algebra/blas/gesummv/gesummv.c.o
[ 66%] Building C object CMakeFiles/gesummv.dir/utilities/polybench.c.o
[ 66%] Building C object CMakeFiles/syr2k.dir/utilities/polybench.c.o
[ 66%] Building C object CMakeFiles/gemver.dir/linear-algebra/blas/gemver/gemver.c.o
[ 66%] Building C object CMakeFiles/trmm.dir/linear-algebra/blas/trmm/trmm.c.o
[ 66%] Building C object CMakeFiles/ludcmp.dir/utilities/polybench.c.o
[ 66%] Building C object CMakeFiles/trisolv.dir/utilities/polybench.c.o
[ 66%] Building C object CMakeFiles/syrk.dir/utilities/polybench.c.o
[ 66%] Building C object CMakeFiles/mvt.dir/linear-algebra/kernels/mvt/mvt.c.o
[ 66%] Building C object CMakeFiles/trmm.dir/utilities/polybench.c.o
[ 66%] Building C object CMakeFiles/atax.dir/utilities/polybench.c.o
[ 66%] Building C object CMakeFiles/bicg.dir/linear-algebra/kernels/bicg/bicg.c.o
[ 66%] Building C object CMakeFiles/jacobi-1d.dir/stencils/jacobi-1d/jacobi-1d.c.o
[ 66%] Building C object CMakeFiles/gemver.dir/utilities/polybench.c.o
[ 66%] Building C object CMakeFiles/atax.dir/linear-algebra/kernels/atax/atax.c.o
[ 66%] Building C object CMakeFiles/deriche.dir/utilities/polybench.c.o
[ 66%] Building C object CMakeFiles/symm.dir/linear-algebra/blas/symm/symm.c.o
[ 66%] Building C object CMakeFiles/2mm.dir/linear-algebra/kernels/2mm/2mm.c.o
[ 66%] Building C object CMakeFiles/gemm.dir/utilities/polybench.c.o
[ 66%] Building C object CMakeFiles/deriche.dir/medley/deriche/deriche.c.o
[ 66%] Building C object CMakeFiles/3mm.dir/utilities/polybench.c.o
[ 66%] Building C object CMakeFiles/symm.dir/utilities/polybench.c.o
[ 66%] Building C object CMakeFiles/gramschmidt.dir/utilities/polybench.c.o
[ 66%] Building C object CMakeFiles/doitgen.dir/utilities/polybench.c.o
[ 66%] Building C object CMakeFiles/mvt.dir/utilities/polybench.c.o
[ 66%] Building C object CMakeFiles/nussinov.dir/utilities/polybench.c.o
[ 66%] Building C object CMakeFiles/bicg.dir/utilities/polybench.c.o
[ 66%] Building C object CMakeFiles/nussinov.dir/medley/nussinov/nussinov.c.o
[ 66%] Building C object CMakeFiles/floyd-warshall.dir/utilities/polybench.c.o
[ 66%] Building C object CMakeFiles/doitgen.dir/linear-algebra/kernels/doitgen/doitgen.c.o
[ 66%] Building C object CMakeFiles/floyd-warshall.dir/medley/floyd-warshall/floyd-warshall.c.o
[ 66%] Building C object CMakeFiles/fdtd-2d.dir/stencils/fdtd-2d/fdtd-2d.c.o
[ 66%] Building C object CMakeFiles/3mm.dir/linear-algebra/kernels/3mm/3mm.c.o
[ 66%] Building C object CMakeFiles/jacobi-2d.dir/stencils/jacobi-2d/jacobi-2d.c.o
[ 66%] Building C object CMakeFiles/2mm.dir/utilities/polybench.c.o
[ 66%] Building C object CMakeFiles/heat-3d.dir/stencils/heat-3d/heat-3d.c.o
[ 66%] Building C object CMakeFiles/adi.dir/utilities/polybench.c.o
[ 66%] Building C object CMakeFiles/seidel-2d.dir/utilities/polybench.c.o
[ 66%] Building C object CMakeFiles/jacobi-2d.dir/utilities/polybench.c.o
[ 66%] Building C object CMakeFiles/fdtd-2d.dir/utilities/polybench.c.o
[ 66%] Building C object CMakeFiles/jacobi-1d.dir/utilities/polybench.c.o
[ 66%] Building C object CMakeFiles/seidel-2d.dir/stencils/seidel-2d/seidel-2d.c.o
[ 66%] Building C object CMakeFiles/heat-3d.dir/utilities/polybench.c.o
[ 66%] Building C object CMakeFiles/adi.dir/stencils/adi/adi.c.o
[ 67%] Linking C executable floyd-warshall
[ 70%] Linking C executable covariance
[ 70%] Linking C executable trisolv
[ 73%] Linking C executable jacobi-1d
[ 73%] Linking C executable trmm
[ 73%] Linking C executable seidel-2d
[ 74%] Linking C executable gesummv
[ 76%] Linking C executable jacobi-2d
[ 76%] Linking C executable mvt
[ 77%] Linking C executable bicg
[ 78%] Linking C executable deriche
[ 80%] Linking C executable atax
[ 81%] Linking C executable lu
[ 82%] Linking C executable gemver
[ 83%] Linking C executable durbin
[ 83%] Built target floyd-warshall
[ 84%] Built target covariance
[ 84%] Linking C executable syr2k
[ 84%] Built target trisolv
[ 85%] Linking C executable gemm
[ 85%] Built target trmm
[ 86%] Built target jacobi-1d
[ 86%] Linking C executable syrk
[ 86%] Built target seidel-2d
[ 86%] Built target gesummv
[ 87%] Linking C executable adi
[ 87%] Built target mvt
[ 87%] Built target jacobi-2d
[ 87%] Built target deriche
[ 87%] Built target bicg
[ 88%] Linking C executable fdtd-2d
[ 90%] Linking C executable correlation
[ 91%] Linking C executable doitgen
[ 91%] Built target atax
[ 92%] Linking C executable cholesky
[ 92%] Built target lu
[ 92%] Built target gemver
[ 92%] Built target durbin
[ 92%] Built target syr2k
[ 92%] Built target gemm
[ 92%] Built target syrk
[ 93%] Linking C executable gramschmidt
[ 93%] Built target adi
[ 94%] Linking C executable 3mm
[ 95%] Linking C executable 2mm
[ 96%] Linking C executable symm
[ 96%] Built target fdtd-2d
[ 96%] Built target correlation
[ 96%] Built target doitgen
[ 96%] Built target cholesky
[ 96%] Built target gramschmidt
[ 96%] Built target 3mm
[ 96%] Built target 2mm
[ 96%] Built target symm
[ 97%] Linking C executable ludcmp
[ 97%] Built target ludcmp
Skipping c naive 2mm repetition 4 for dataset size SMALL (already done).
Skipping c naive 2mm repetition 4 for dataset size SMALL (already done).
Skipping c naive 3mm repetition 4 for dataset size SMALL (already done).
Skipping c naive 3mm repetition 4 for dataset size SMALL (already done).
Skipping c naive adi repetition 4 for dataset size SMALL (already done).
Skipping c naive adi repetition 4 for dataset size SMALL (already done).
Skipping c naive atax repetition 4 for dataset size SMALL (already done).
Skipping c naive atax repetition 4 for dataset size SMALL (already done).
Skipping c naive bicg repetition 4 for dataset size SMALL (already done).
Skipping c naive bicg repetition 4 for dataset size SMALL (already done).
Skipping c naive cholesky repetition 4 for dataset size SMALL (already done).
Skipping c naive cholesky repetition 4 for dataset size SMALL (already done).
Skipping c naive correlation repetition 4 for dataset size SMALL (already done).
Skipping c naive correlation repetition 4 for dataset size SMALL (already done).
Skipping c naive covariance repetition 4 for dataset size SMALL (already done).
Skipping c naive covariance repetition 4 for dataset size SMALL (already done).
Skipping c naive deriche repetition 4 for dataset size SMALL (already done).
Skipping c naive deriche repetition 4 for dataset size SMALL (already done).
Skipping c naive doitgen repetition 4 for dataset size SMALL (already done).
Skipping c naive doitgen repetition 4 for dataset size SMALL (already done).
Skipping c naive durbin repetition 4 for dataset size SMALL (already done).
Skipping c naive durbin repetition 4 for dataset size SMALL (already done).
Skipping c naive fdtd-2d repetition 4 for dataset size SMALL (already done).
Skipping c naive fdtd-2d repetition 4 for dataset size SMALL (already done).
Skipping c naive floyd-warshall repetition 4 for dataset size SMALL (already done).
Skipping c naive floyd-warshall repetition 4 for dataset size SMALL (already done).
Skipping c naive gemm repetition 4 for dataset size SMALL (already done).
Skipping c naive gemm repetition 4 for dataset size SMALL (already done).
Skipping c naive gemver repetition 4 for dataset size SMALL (already done).
Skipping c naive gemver repetition 4 for dataset size SMALL (already done).
Skipping c naive gesummv repetition 4 for dataset size SMALL (already done).
Skipping c naive gesummv repetition 4 for dataset size SMALL (already done).
Skipping c naive jacobi-1d repetition 4 for dataset size SMALL (already done).
Skipping c naive jacobi-1d repetition 4 for dataset size SMALL (already done).
Skipping c naive jacobi-2d repetition 4 for dataset size SMALL (already done).
Skipping c naive jacobi-2d repetition 4 for dataset size SMALL (already done).
Skipping c naive lu repetition 4 for dataset size SMALL (already done).
Skipping c naive lu repetition 4 for dataset size SMALL (already done).
Skipping c naive ludcmp repetition 4 for dataset size SMALL (already done).
Skipping c naive ludcmp repetition 4 for dataset size SMALL (already done).
Skipping c naive mvt repetition 4 for dataset size SMALL (already done).
Skipping c naive mvt repetition 4 for dataset size SMALL (already done).
Skipping c naive seidel-2d repetition 4 for dataset size SMALL (already done).
Skipping c naive seidel-2d repetition 4 for dataset size SMALL (already done).
Skipping c naive symm repetition 4 for dataset size SMALL (already done).
Skipping c naive symm repetition 4 for dataset size SMALL (already done).
Skipping c naive syr2k repetition 4 for dataset size SMALL (already done).
Skipping c naive syr2k repetition 4 for dataset size SMALL (already done).
Skipping c naive syrk repetition 4 for dataset size SMALL (already done).
Skipping c naive syrk repetition 4 for dataset size SMALL (already done).
Skipping c naive trisolv repetition 4 for dataset size SMALL (already done).
Skipping c naive trisolv repetition 4 for dataset size SMALL (already done).
Skipping c naive trmm repetition 4 for dataset size SMALL (already done).
Skipping c naive trmm repetition 4 for dataset size SMALL (already done).
-- The C compiler identification is GNU 15.2.0
-- Detecting C compiler ABI info
-- Detecting C compiler ABI info - done
-- Check for working C compiler: /usr/local/latestgcc/bin/gcc - skipped
-- Detecting C compile features
-- Detecting C compile features - done
-- Configuring done (0.4s)
-- Generating done (0.7s)
-- Build files have been written to: /home/kleplj/naive/optimization/naive/PolybenchC-4.2.1/build
[  6%] Building C object CMakeFiles/covariance.dir/datamining/covariance/covariance.c.o
[  6%] Building C object CMakeFiles/covariance.dir/utilities/polybench.c.o
[  6%] Building C object CMakeFiles/correlation.dir/datamining/correlation/correlation.c.o
[ 15%] Building C object CMakeFiles/trisolv.dir/linear-algebra/solvers/trisolv/trisolv.c.o
[ 15%] Building C object CMakeFiles/syr2k.dir/linear-algebra/blas/syr2k/syr2k.c.o
[ 15%] Building C object CMakeFiles/lu.dir/utilities/polybench.c.o
[ 15%] Building C object CMakeFiles/gramschmidt.dir/linear-algebra/solvers/gramschmidt/gramschmidt.c.o
[ 15%] Building C object CMakeFiles/cholesky.dir/utilities/polybench.c.o
[ 15%] Building C object CMakeFiles/lu.dir/linear-algebra/solvers/lu/lu.c.o
[ 15%] Building C object CMakeFiles/correlation.dir/utilities/polybench.c.o
[ 15%] Building C object CMakeFiles/cholesky.dir/linear-algebra/solvers/cholesky/cholesky.c.o
[ 43%] Building C object CMakeFiles/symm.dir/utilities/polybench.c.o
[ 66%] Building C object CMakeFiles/gemver.dir/linear-algebra/blas/gemver/gemver.c.o
[ 66%] Building C object CMakeFiles/trmm.dir/utilities/polybench.c.o
[ 66%] Building C object CMakeFiles/gesummv.dir/utilities/polybench.c.o
[ 66%] Building C object CMakeFiles/syrk.dir/utilities/polybench.c.o
[ 66%] Building C object CMakeFiles/jacobi-1d.dir/stencils/jacobi-1d/jacobi-1d.c.o
[ 66%] Building C object CMakeFiles/atax.dir/linear-algebra/kernels/atax/atax.c.o
[ 66%] Building C object CMakeFiles/ludcmp.dir/utilities/polybench.c.o
[ 66%] Building C object CMakeFiles/gemm.dir/utilities/polybench.c.o
[ 66%] Building C object CMakeFiles/gramschmidt.dir/utilities/polybench.c.o
[ 66%] Building C object CMakeFiles/gemver.dir/utilities/polybench.c.o
[ 66%] Building C object CMakeFiles/seidel-2d.dir/utilities/polybench.c.o
[ 66%] Building C object CMakeFiles/adi.dir/stencils/adi/adi.c.o
[ 66%] Building C object CMakeFiles/fdtd-2d.dir/utilities/polybench.c.o
[ 66%] Building C object CMakeFiles/heat-3d.dir/utilities/polybench.c.o
[ 66%] Building C object CMakeFiles/jacobi-2d.dir/utilities/polybench.c.o
[ 66%] Building C object CMakeFiles/heat-3d.dir/stencils/heat-3d/heat-3d.c.o
[ 66%] Building C object CMakeFiles/2mm.dir/utilities/polybench.c.o
[ 66%] Building C object CMakeFiles/floyd-warshall.dir/medley/floyd-warshall/floyd-warshall.c.o
[ 66%] Building C object CMakeFiles/fdtd-2d.dir/stencils/fdtd-2d/fdtd-2d.c.o
[ 66%] Building C object CMakeFiles/jacobi-1d.dir/utilities/polybench.c.o
[ 66%] Building C object CMakeFiles/mvt.dir/utilities/polybench.c.o
[ 66%] Building C object CMakeFiles/syr2k.dir/utilities/polybench.c.o
[ 66%] Building C object CMakeFiles/deriche.dir/utilities/polybench.c.o
[ 66%] Building C object CMakeFiles/deriche.dir/medley/deriche/deriche.c.o
[ 66%] Building C object CMakeFiles/trmm.dir/linear-algebra/blas/trmm/trmm.c.o
[ 66%] Building C object CMakeFiles/doitgen.dir/utilities/polybench.c.o
[ 66%] Building C object CMakeFiles/3mm.dir/utilities/polybench.c.o
[ 66%] Building C object CMakeFiles/2mm.dir/linear-algebra/kernels/2mm/2mm.c.o
[ 66%] Building C object CMakeFiles/syrk.dir/linear-algebra/blas/syrk/syrk.c.o
[ 66%] Building C object CMakeFiles/seidel-2d.dir/stencils/seidel-2d/seidel-2d.c.o
[ 66%] Building C object CMakeFiles/gesummv.dir/linear-algebra/blas/gesummv/gesummv.c.o
[ 66%] Building C object CMakeFiles/trisolv.dir/utilities/polybench.c.o
[ 66%] Building C object CMakeFiles/bicg.dir/utilities/polybench.c.o
[ 66%] Building C object CMakeFiles/symm.dir/linear-algebra/blas/symm/symm.c.o
[ 66%] Building C object CMakeFiles/floyd-warshall.dir/utilities/polybench.c.o
[ 66%] Building C object CMakeFiles/nussinov.dir/utilities/polybench.c.o
[ 66%] Building C object CMakeFiles/nussinov.dir/medley/nussinov/nussinov.c.o
[ 66%] Building C object CMakeFiles/adi.dir/utilities/polybench.c.o
[ 66%] Building C object CMakeFiles/bicg.dir/linear-algebra/kernels/bicg/bicg.c.o
[ 66%] Building C object CMakeFiles/ludcmp.dir/linear-algebra/solvers/ludcmp/ludcmp.c.o
[ 66%] Building C object CMakeFiles/atax.dir/utilities/polybench.c.o
[ 66%] Building C object CMakeFiles/gemm.dir/linear-algebra/blas/gemm/gemm.c.o
[ 66%] Building C object CMakeFiles/3mm.dir/linear-algebra/kernels/3mm/3mm.c.o
[ 66%] Building C object CMakeFiles/jacobi-2d.dir/stencils/jacobi-2d/jacobi-2d.c.o
[ 66%] Building C object CMakeFiles/durbin.dir/linear-algebra/solvers/durbin/durbin.c.o
[ 66%] Building C object CMakeFiles/doitgen.dir/linear-algebra/kernels/doitgen/doitgen.c.o
[ 66%] Building C object CMakeFiles/mvt.dir/linear-algebra/kernels/mvt/mvt.c.o
[ 66%] Building C object CMakeFiles/durbin.dir/utilities/polybench.c.o
[ 67%] Linking C executable covariance
[ 68%] Linking C executable jacobi-1d
[ 70%] Linking C executable floyd-warshall
[ 71%] Linking C executable nussinov
[ 73%] Linking C executable mvt
[ 73%] Linking C executable deriche
[ 74%] Linking C executable durbin
[ 75%] Linking C executable gesummv
[ 77%] Linking C executable trmm
[ 77%] Linking C executable doitgen
[ 80%] Linking C executable correlation
[ 80%] Linking C executable syrk
[ 80%] Built target covariance
[ 80%] Built target jacobi-1d
[ 81%] Built target floyd-warshall
[ 81%] Linking C executable syr2k
[ 82%] Linking C executable bicg
[ 83%] Linking C executable gemver
[ 83%] Built target nussinov
[ 84%] Linking C executable heat-3d
[ 85%] Linking C executable lu
[ 85%] Built target mvt
[ 86%] Built target deriche
[ 86%] Linking C executable cholesky
[ 86%] Built target durbin
[ 87%] Linking C executable fdtd-2d
[ 88%] Linking C executable seidel-2d
[ 88%] Built target gesummv
[ 88%] Built target trmm
[ 88%] Built target doitgen
[ 88%] Built target correlation
[ 88%] Built target syrk
[ 90%] Linking C executable adi
[ 91%] Linking C executable 2mm
[ 91%] Built target syr2k
[ 91%] Built target bicg
[ 91%] Built target gemver
[ 94%] Linking C executable 3mm
[ 94%] Linking C executable ludcmp
[ 94%] Linking C executable gemm
[ 94%] Built target heat-3d
[ 95%] Linking C executable gramschmidt
[ 95%] Built target lu
[ 95%] Built target cholesky
[ 96%] Linking C executable symm
[ 96%] Built target seidel-2d
[ 96%] Built target fdtd-2d
[ 96%] Built target adi
[ 96%] Built target 2mm
[ 96%] Built target gemm
[ 96%] Built target ludcmp
[ 96%] Built target 3mm
[ 96%] Built target gramschmidt
[ 96%] Built target symm
Skipping c naive 2mm repetition 5 for dataset size SMALL (already done).
Skipping c naive 2mm repetition 5 for dataset size SMALL (already done).
Skipping c naive 3mm repetition 5 for dataset size SMALL (already done).
Skipping c naive 3mm repetition 5 for dataset size SMALL (already done).
Skipping c naive adi repetition 5 for dataset size SMALL (already done).
Skipping c naive adi repetition 5 for dataset size SMALL (already done).
Skipping c naive bicg repetition 5 for dataset size SMALL (already done).
Skipping c naive bicg repetition 5 for dataset size SMALL (already done).
Skipping c naive cholesky repetition 5 for dataset size SMALL (already done).
Skipping c naive cholesky repetition 5 for dataset size SMALL (already done).
Skipping c naive correlation repetition 5 for dataset size SMALL (already done).
Skipping c naive correlation repetition 5 for dataset size SMALL (already done).
Skipping c naive covariance repetition 5 for dataset size SMALL (already done).
Skipping c naive covariance repetition 5 for dataset size SMALL (already done).
Skipping c naive deriche repetition 5 for dataset size SMALL (already done).
Skipping c naive deriche repetition 5 for dataset size SMALL (already done).
Skipping c naive doitgen repetition 5 for dataset size SMALL (already done).
Skipping c naive doitgen repetition 5 for dataset size SMALL (already done).
Skipping c naive durbin repetition 5 for dataset size SMALL (already done).
Skipping c naive durbin repetition 5 for dataset size SMALL (already done).
Skipping c naive fdtd-2d repetition 5 for dataset size SMALL (already done).
Skipping c naive fdtd-2d repetition 5 for dataset size SMALL (already done).
Skipping c naive floyd-warshall repetition 5 for dataset size SMALL (already done).
Skipping c naive floyd-warshall repetition 5 for dataset size SMALL (already done).
Skipping c naive gemm repetition 5 for dataset size SMALL (already done).
Skipping c naive gemm repetition 5 for dataset size SMALL (already done).
Skipping c naive gemver repetition 5 for dataset size SMALL (already done).
Skipping c naive gemver repetition 5 for dataset size SMALL (already done).
Skipping c naive gesummv repetition 5 for dataset size SMALL (already done).
Skipping c naive gesummv repetition 5 for dataset size SMALL (already done).
Skipping c naive heat-3d repetition 5 for dataset size SMALL (already done).
Skipping c naive heat-3d repetition 5 for dataset size SMALL (already done).
Skipping c naive jacobi-1d repetition 5 for dataset size SMALL (already done).
Skipping c naive jacobi-1d repetition 5 for dataset size SMALL (already done).
Skipping c naive lu repetition 5 for dataset size SMALL (already done).
Skipping c naive lu repetition 5 for dataset size SMALL (already done).
Skipping c naive mvt repetition 5 for dataset size SMALL (already done).
Skipping c naive mvt repetition 5 for dataset size SMALL (already done).
Skipping c naive nussinov repetition 5 for dataset size SMALL (already done).
Skipping c naive nussinov repetition 5 for dataset size SMALL (already done).
Skipping c naive seidel-2d repetition 5 for dataset size SMALL (already done).
Skipping c naive seidel-2d repetition 5 for dataset size SMALL (already done).
Skipping c naive symm repetition 5 for dataset size SMALL (already done).
Skipping c naive symm repetition 5 for dataset size SMALL (already done).
Skipping c naive syr2k repetition 5 for dataset size SMALL (already done).
Skipping c naive syr2k repetition 5 for dataset size SMALL (already done).
Skipping c naive syrk repetition 5 for dataset size SMALL (already done).
Skipping c naive syrk repetition 5 for dataset size SMALL (already done).
Skipping c naive trmm repetition 5 for dataset size SMALL (already done).
Skipping c naive trmm repetition 5 for dataset size SMALL (already done).
-- The CXX compiler identification is GNU 15.2.0
-- Detecting CXX compiler ABI info
-- Detecting CXX compiler ABI info - done
-- Check for working CXX compiler: /usr/local/latestgcc/bin/g++ - skipped
-- Detecting CXX compile features
-- Detecting CXX compile features - done
-- Using NOARR_STRUCTURES_DIR from environment: /home/kleplj/naive/submodules/noarr-structures
-- Configuring done (0.4s)
-- Generating done (0.7s)
-- Build files have been written to: /home/kleplj/naive/optimization/naive/PolybenchC-Noarr/build
[  3%] Building CXX object CMakeFiles/correlation.dir/datamining/correlation/correlation.cpp.o
[  6%] Building CXX object CMakeFiles/covariance.dir/datamining/covariance/covariance.cpp.o
[ 11%] Building CXX object CMakeFiles/gemm.dir/linear-algebra/blas/gemm/gemm.cpp.o
[ 11%] Building CXX object CMakeFiles/symm.dir/linear-algebra/blas/symm/symm.cpp.o
[ 13%] Building CXX object CMakeFiles/syrk.dir/linear-algebra/blas/syrk/syrk.cpp.o
[ 13%] Building CXX object CMakeFiles/3mm.dir/linear-algebra/kernels/3mm/3mm.cpp.o
[ 13%] Building CXX object CMakeFiles/gemver.dir/linear-algebra/blas/gemver/gemver.cpp.o
[ 21%] Building CXX object CMakeFiles/syr2k.dir/linear-algebra/blas/syr2k/syr2k.cpp.o
[ 21%] Building CXX object CMakeFiles/gesummv.dir/linear-algebra/blas/gesummv/gesummv.cpp.o
[ 21%] Building CXX object CMakeFiles/2mm.dir/linear-algebra/kernels/2mm/2mm.cpp.o
[ 38%] Building CXX object CMakeFiles/cholesky.dir/linear-algebra/solvers/cholesky/cholesky.cpp.o
[ 50%] Building CXX object CMakeFiles/nussinov.dir/medley/nussinov/nussinov.cpp.o
[ 50%] Building CXX object CMakeFiles/trmm.dir/linear-algebra/blas/trmm/trmm.cpp.o
[ 50%] Building CXX object CMakeFiles/trisolv.dir/linear-algebra/solvers/trisolv/trisolv.cpp.o
[ 50%] Building CXX object CMakeFiles/lu.dir/linear-algebra/solvers/lu/lu.cpp.o
[ 50%] Building CXX object CMakeFiles/floyd-warshall.dir/medley/floyd-warshall/floyd-warshall.cpp.o
[ 50%] Building CXX object CMakeFiles/deriche.dir/medley/deriche/deriche.cpp.o
[ 50%] Building CXX object CMakeFiles/bicg.dir/linear-algebra/kernels/bicg/bicg.cpp.o
[ 50%] Building CXX object CMakeFiles/doitgen.dir/linear-algebra/kernels/doitgen/doitgen.cpp.o
[ 50%] Building CXX object CMakeFiles/mvt.dir/linear-algebra/kernels/mvt/mvt.cpp.o
[ 50%] Building CXX object CMakeFiles/atax.dir/linear-algebra/kernels/atax/atax.cpp.o
[ 50%] Building CXX object CMakeFiles/heat-3d.dir/stencils/heat-3d/heat-3d.cpp.o
[ 50%] Building CXX object CMakeFiles/fdtd-2d.dir/stencils/fdtd-2d/fdtd-2d.cpp.o
[ 50%] Building CXX object CMakeFiles/gramschmidt.dir/linear-algebra/solvers/gramschmidt/gramschmidt.cpp.o
[ 50%] Building CXX object CMakeFiles/ludcmp.dir/linear-algebra/solvers/ludcmp/ludcmp.cpp.o
[ 50%] Building CXX object CMakeFiles/durbin.dir/linear-algebra/solvers/durbin/durbin.cpp.o
[ 50%] Building CXX object CMakeFiles/adi.dir/stencils/adi/adi.cpp.o
[ 50%] Building CXX object CMakeFiles/jacobi-1d.dir/stencils/jacobi-1d/jacobi-1d.cpp.o
[ 50%] Building CXX object CMakeFiles/jacobi-2d.dir/stencils/jacobi-2d/jacobi-2d.cpp.o
[ 50%] Building CXX object CMakeFiles/seidel-2d.dir/stencils/seidel-2d/seidel-2d.cpp.o
[ 53%] Linking CXX executable nussinov
[ 53%] Linking CXX executable cholesky
[ 55%] Linking CXX executable jacobi-1d
[ 56%] Linking CXX executable durbin
[ 56%] Built target jacobi-1d
[ 56%] Built target durbin
[ 58%] Linking CXX executable floyd-warshall
[ 60%] Linking CXX executable gesummv
[ 61%] Linking CXX executable trisolv
[ 61%] Built target floyd-warshall
[ 63%] Linking CXX executable bicg
[ 65%] Linking CXX executable atax
[ 65%] Built target gesummv
[ 66%] Built target trisolv
[ 66%] Linking CXX executable deriche
[ 68%] Linking CXX executable jacobi-2d
[ 70%] Linking CXX executable mvt
[ 71%] Linking CXX executable adi
[ 71%] Built target atax
[ 71%] Built target bicg
[ 73%] Linking CXX executable seidel-2d
[ 73%] Built target deriche
[ 73%] Built target jacobi-2d
[ 75%] Linking CXX executable lu
[ 75%] Built target mvt
[ 75%] Built target adi
[ 75%] Built target seidel-2d
[ 76%] Linking CXX executable trmm
[ 78%] Linking CXX executable syrk
[ 78%] Built target lu
[ 80%] Linking CXX executable symm
[ 81%] Linking CXX executable fdtd-2d
[ 81%] Built target trmm
[ 83%] Linking CXX executable gemver
[ 83%] Built target syrk
[ 83%] Built target symm
[ 83%] Built target fdtd-2d
[ 83%] Built target gemver
[ 85%] Linking CXX executable doitgen
[ 86%] Linking CXX executable gramschmidt
[ 90%] Linking CXX executable gemm
[ 90%] Linking CXX executable syr2k
[ 91%] Linking CXX executable covariance
[ 91%] Built target doitgen
[ 91%] Built target gramschmidt
[ 91%] Built target syr2k
[ 91%] Built target gemm
[ 93%] Linking CXX executable heat-3d
[ 93%] Built target covariance
[ 93%] Built target heat-3d
[ 95%] Linking CXX executable ludcmp
[ 95%] Built target ludcmp
[ 96%] Linking CXX executable correlation
[ 96%] Built target correlation
[ 98%] Linking CXX executable 2mm
[ 98%] Built target 2mm
[100%] Linking CXX executable 3mm
[100%] Built target 3mm
Skipping noarr naive 2mm repetition 1 for dataset size SMALL (already done).
Skipping noarr naive 2mm repetition 1 for dataset size SMALL (already done).
Skipping noarr naive 3mm repetition 1 for dataset size SMALL (already done).
Skipping noarr naive 3mm repetition 1 for dataset size SMALL (already done).
Skipping noarr naive adi repetition 1 for dataset size SMALL (already done).
Skipping noarr naive adi repetition 1 for dataset size SMALL (already done).
Skipping noarr naive atax repetition 1 for dataset size SMALL (already done).
Skipping noarr naive atax repetition 1 for dataset size SMALL (already done).
Skipping noarr naive bicg repetition 1 for dataset size SMALL (already done).
Skipping noarr naive bicg repetition 1 for dataset size SMALL (already done).
Skipping noarr naive correlation repetition 1 for dataset size SMALL (already done).
Skipping noarr naive correlation repetition 1 for dataset size SMALL (already done).
Skipping noarr naive covariance repetition 1 for dataset size SMALL (already done).
Skipping noarr naive covariance repetition 1 for dataset size SMALL (already done).
Skipping noarr naive deriche repetition 1 for dataset size SMALL (already done).
Skipping noarr naive deriche repetition 1 for dataset size SMALL (already done).
Skipping noarr naive doitgen repetition 1 for dataset size SMALL (already done).
Skipping noarr naive doitgen repetition 1 for dataset size SMALL (already done).
Skipping noarr naive durbin repetition 1 for dataset size SMALL (already done).
Skipping noarr naive durbin repetition 1 for dataset size SMALL (already done).
Skipping noarr naive fdtd-2d repetition 1 for dataset size SMALL (already done).
Skipping noarr naive fdtd-2d repetition 1 for dataset size SMALL (already done).
Skipping noarr naive floyd-warshall repetition 1 for dataset size SMALL (already done).
Skipping noarr naive floyd-warshall repetition 1 for dataset size SMALL (already done).
Skipping noarr naive gemm repetition 1 for dataset size SMALL (already done).
Skipping noarr naive gemm repetition 1 for dataset size SMALL (already done).
Skipping noarr naive gemver repetition 1 for dataset size SMALL (already done).
Skipping noarr naive gemver repetition 1 for dataset size SMALL (already done).
Skipping noarr naive gesummv repetition 1 for dataset size SMALL (already done).
Skipping noarr naive gesummv repetition 1 for dataset size SMALL (already done).
Skipping noarr naive heat-3d repetition 1 for dataset size SMALL (already done).
Skipping noarr naive heat-3d repetition 1 for dataset size SMALL (already done).
Skipping noarr naive jacobi-1d repetition 1 for dataset size SMALL (already done).
Skipping noarr naive jacobi-1d repetition 1 for dataset size SMALL (already done).
Skipping noarr naive jacobi-2d repetition 1 for dataset size SMALL (already done).
Skipping noarr naive jacobi-2d repetition 1 for dataset size SMALL (already done).
Skipping noarr naive lu repetition 1 for dataset size SMALL (already done).
Skipping noarr naive lu repetition 1 for dataset size SMALL (already done).
Skipping noarr naive ludcmp repetition 1 for dataset size SMALL (already done).
Skipping noarr naive ludcmp repetition 1 for dataset size SMALL (already done).
Skipping noarr naive mvt repetition 1 for dataset size SMALL (already done).
Skipping noarr naive mvt repetition 1 for dataset size SMALL (already done).
Skipping noarr naive seidel-2d repetition 1 for dataset size SMALL (already done).
Skipping noarr naive seidel-2d repetition 1 for dataset size SMALL (already done).
Skipping noarr naive syr2k repetition 1 for dataset size SMALL (already done).
Skipping noarr naive syr2k repetition 1 for dataset size SMALL (already done).
Skipping noarr naive syrk repetition 1 for dataset size SMALL (already done).
Skipping noarr naive syrk repetition 1 for dataset size SMALL (already done).
Skipping noarr naive trisolv repetition 1 for dataset size SMALL (already done).
Skipping noarr naive trisolv repetition 1 for dataset size SMALL (already done).
Skipping noarr naive trmm repetition 1 for dataset size SMALL (already done).
Skipping noarr naive trmm repetition 1 for dataset size SMALL (already done).
-- The CXX compiler identification is GNU 15.2.0
-- Detecting CXX compiler ABI info
-- Detecting CXX compiler ABI info - done
-- Check for working CXX compiler: /usr/local/latestgcc/bin/g++ - skipped
-- Detecting CXX compile features
-- Detecting CXX compile features - done
-- Using NOARR_STRUCTURES_DIR from environment: /home/kleplj/naive/submodules/noarr-structures
-- Configuring done (0.4s)
-- Generating done (0.7s)
-- Build files have been written to: /home/kleplj/naive/optimization/naive/PolybenchC-Noarr/build
[  6%] Building CXX object CMakeFiles/correlation.dir/datamining/correlation/correlation.cpp.o
[ 13%] Building CXX object CMakeFiles/gemm.dir/linear-algebra/blas/gemm/gemm.cpp.o
[ 13%] Building CXX object CMakeFiles/covariance.dir/datamining/covariance/covariance.cpp.o
[ 13%] Building CXX object CMakeFiles/gesummv.dir/linear-algebra/blas/gesummv/gesummv.cpp.o
[ 13%] Building CXX object CMakeFiles/syrk.dir/linear-algebra/blas/syrk/syrk.cpp.o
[ 13%] Building CXX object CMakeFiles/syr2k.dir/linear-algebra/blas/syr2k/syr2k.cpp.o
[ 23%] Building CXX object CMakeFiles/gemver.dir/linear-algebra/blas/gemver/gemver.cpp.o
[ 23%] Building CXX object CMakeFiles/3mm.dir/linear-algebra/kernels/3mm/3mm.cpp.o
[ 23%] Building CXX object CMakeFiles/2mm.dir/linear-algebra/kernels/2mm/2mm.cpp.o
[ 23%] Building CXX object CMakeFiles/trmm.dir/linear-algebra/blas/trmm/trmm.cpp.o
[ 23%] Building CXX object CMakeFiles/symm.dir/linear-algebra/blas/symm/symm.cpp.o
[ 40%] Building CXX object CMakeFiles/bicg.dir/linear-algebra/kernels/bicg/bicg.cpp.o
[ 50%] Building CXX object CMakeFiles/nussinov.dir/medley/nussinov/nussinov.cpp.o
[ 50%] Building CXX object CMakeFiles/cholesky.dir/linear-algebra/solvers/cholesky/cholesky.cpp.o
[ 50%] Building CXX object CMakeFiles/jacobi-2d.dir/stencils/jacobi-2d/jacobi-2d.cpp.o
[ 50%] Building CXX object CMakeFiles/mvt.dir/linear-algebra/kernels/mvt/mvt.cpp.o
[ 50%] Building CXX object CMakeFiles/atax.dir/linear-algebra/kernels/atax/atax.cpp.o
[ 50%] Building CXX object CMakeFiles/gramschmidt.dir/linear-algebra/solvers/gramschmidt/gramschmidt.cpp.o
[ 50%] Building CXX object CMakeFiles/doitgen.dir/linear-algebra/kernels/doitgen/doitgen.cpp.o
[ 50%] Building CXX object CMakeFiles/ludcmp.dir/linear-algebra/solvers/ludcmp/ludcmp.cpp.o
[ 50%] Building CXX object CMakeFiles/durbin.dir/linear-algebra/solvers/durbin/durbin.cpp.o
[ 50%] Building CXX object CMakeFiles/fdtd-2d.dir/stencils/fdtd-2d/fdtd-2d.cpp.o
[ 50%] Building CXX object CMakeFiles/adi.dir/stencils/adi/adi.cpp.o
[ 50%] Building CXX object CMakeFiles/trisolv.dir/linear-algebra/solvers/trisolv/trisolv.cpp.o
[ 50%] Building CXX object CMakeFiles/floyd-warshall.dir/medley/floyd-warshall/floyd-warshall.cpp.o
[ 50%] Building CXX object CMakeFiles/deriche.dir/medley/deriche/deriche.cpp.o
[ 50%] Building CXX object CMakeFiles/heat-3d.dir/stencils/heat-3d/heat-3d.cpp.o
[ 50%] Building CXX object CMakeFiles/lu.dir/linear-algebra/solvers/lu/lu.cpp.o
[ 50%] Building CXX object CMakeFiles/jacobi-1d.dir/stencils/jacobi-1d/jacobi-1d.cpp.o
[ 50%] Building CXX object CMakeFiles/seidel-2d.dir/stencils/seidel-2d/seidel-2d.cpp.o
[ 53%] Linking CXX executable nussinov
[ 53%] Linking CXX executable cholesky
[ 55%] Linking CXX executable durbin
[ 55%] Built target durbin
[ 56%] Linking CXX executable floyd-warshall
[ 58%] Linking CXX executable gesummv
[ 60%] Linking CXX executable bicg
[ 61%] Linking CXX executable mvt
[ 63%] Linking CXX executable trisolv
[ 63%] Built target floyd-warshall
[ 63%] Built target gesummv
[ 63%] Built target bicg
[ 63%] Built target mvt
[ 65%] Linking CXX executable atax
[ 65%] Built target trisolv
[ 66%] Linking CXX executable adi
[ 66%] Built target atax
[ 68%] Linking CXX executable syrk
[ 70%] Linking CXX executable seidel-2d
[ 71%] Linking CXX executable trmm
[ 71%] Built target adi
[ 73%] Linking CXX executable lu
[ 75%] Linking CXX executable syr2k
[ 75%] Built target syrk
[ 75%] Built target seidel-2d
[ 75%] Built target trmm
[ 75%] Built target lu
[ 75%] Built target syr2k
[ 76%] Linking CXX executable gemver
[ 78%] Linking CXX executable jacobi-2d
[ 80%] Linking CXX executable doitgen
[ 81%] Linking CXX executable gramschmidt
[ 81%] Built target gemver
[ 81%] Built target jacobi-2d
[ 83%] Linking CXX executable gemm
[ 83%] Built target doitgen
[ 85%] Linking CXX executable fdtd-2d
[ 85%] Built target gramschmidt
[ 86%] Linking CXX executable symm
[ 86%] Built target gemm
[ 88%] Linking CXX executable covariance
[ 88%] Built target fdtd-2d
[ 90%] Linking CXX executable ludcmp
[ 90%] Built target symm
[ 90%] Built target covariance
[ 90%] Built target ludcmp
[ 91%] Linking CXX executable correlation
[ 93%] Linking CXX executable heat-3d
[ 93%] Built target correlation
[ 93%] Built target heat-3d
[ 95%] Linking CXX executable 2mm
[ 95%] Built target 2mm
[ 96%] Linking CXX executable 3mm
[ 96%] Built target 3mm
Skipping noarr naive 2mm repetition 2 for dataset size SMALL (already done).
Skipping noarr naive 2mm repetition 2 for dataset size SMALL (already done).
Skipping noarr naive 3mm repetition 2 for dataset size SMALL (already done).
Skipping noarr naive 3mm repetition 2 for dataset size SMALL (already done).
Skipping noarr naive adi repetition 2 for dataset size SMALL (already done).
Skipping noarr naive adi repetition 2 for dataset size SMALL (already done).
Skipping noarr naive atax repetition 2 for dataset size SMALL (already done).
Skipping noarr naive atax repetition 2 for dataset size SMALL (already done).
Skipping noarr naive bicg repetition 2 for dataset size SMALL (already done).
Skipping noarr naive bicg repetition 2 for dataset size SMALL (already done).
Skipping noarr naive correlation repetition 2 for dataset size SMALL (already done).
Skipping noarr naive correlation repetition 2 for dataset size SMALL (already done).
Skipping noarr naive covariance repetition 2 for dataset size SMALL (already done).
Skipping noarr naive covariance repetition 2 for dataset size SMALL (already done).
Skipping noarr naive doitgen repetition 2 for dataset size SMALL (already done).
Skipping noarr naive doitgen repetition 2 for dataset size SMALL (already done).
Skipping noarr naive durbin repetition 2 for dataset size SMALL (already done).
Skipping noarr naive durbin repetition 2 for dataset size SMALL (already done).
Skipping noarr naive fdtd-2d repetition 2 for dataset size SMALL (already done).
Skipping noarr naive fdtd-2d repetition 2 for dataset size SMALL (already done).
Skipping noarr naive floyd-warshall repetition 2 for dataset size SMALL (already done).
Skipping noarr naive floyd-warshall repetition 2 for dataset size SMALL (already done).
Skipping noarr naive gemm repetition 2 for dataset size SMALL (already done).
Skipping noarr naive gemm repetition 2 for dataset size SMALL (already done).
Skipping noarr naive gemver repetition 2 for dataset size SMALL (already done).
Skipping noarr naive gemver repetition 2 for dataset size SMALL (already done).
Skipping noarr naive gesummv repetition 2 for dataset size SMALL (already done).
Skipping noarr naive gesummv repetition 2 for dataset size SMALL (already done).
Skipping noarr naive heat-3d repetition 2 for dataset size SMALL (already done).
Skipping noarr naive heat-3d repetition 2 for dataset size SMALL (already done).
Skipping noarr naive jacobi-2d repetition 2 for dataset size SMALL (already done).
Skipping noarr naive jacobi-2d repetition 2 for dataset size SMALL (already done).
Skipping noarr naive lu repetition 2 for dataset size SMALL (already done).
Skipping noarr naive lu repetition 2 for dataset size SMALL (already done).
Skipping noarr naive ludcmp repetition 2 for dataset size SMALL (already done).
Skipping noarr naive ludcmp repetition 2 for dataset size SMALL (already done).
Skipping noarr naive mvt repetition 2 for dataset size SMALL (already done).
Skipping noarr naive mvt repetition 2 for dataset size SMALL (already done).
Skipping noarr naive seidel-2d repetition 2 for dataset size SMALL (already done).
Skipping noarr naive seidel-2d repetition 2 for dataset size SMALL (already done).
Skipping noarr naive symm repetition 2 for dataset size SMALL (already done).
Skipping noarr naive symm repetition 2 for dataset size SMALL (already done).
Skipping noarr naive syr2k repetition 2 for dataset size SMALL (already done).
Skipping noarr naive syr2k repetition 2 for dataset size SMALL (already done).
Skipping noarr naive syrk repetition 2 for dataset size SMALL (already done).
Skipping noarr naive syrk repetition 2 for dataset size SMALL (already done).
Skipping noarr naive trisolv repetition 2 for dataset size SMALL (already done).
Skipping noarr naive trisolv repetition 2 for dataset size SMALL (already done).
Skipping noarr naive trmm repetition 2 for dataset size SMALL (already done).
Skipping noarr naive trmm repetition 2 for dataset size SMALL (already done).
-- The CXX compiler identification is GNU 15.2.0
-- Detecting CXX compiler ABI info
-- Detecting CXX compiler ABI info - done
-- Check for working CXX compiler: /usr/local/latestgcc/bin/g++ - skipped
-- Detecting CXX compile features
-- Detecting CXX compile features - done
-- Using NOARR_STRUCTURES_DIR from environment: /home/kleplj/naive/submodules/noarr-structures
-- Configuring done (0.4s)
-- Generating done (0.7s)
-- Build files have been written to: /home/kleplj/naive/optimization/naive/PolybenchC-Noarr/build
[  3%] Building CXX object CMakeFiles/correlation.dir/datamining/correlation/correlation.cpp.o
[  5%] Building CXX object CMakeFiles/covariance.dir/datamining/covariance/covariance.cpp.o
[ 11%] Building CXX object CMakeFiles/gemm.dir/linear-algebra/blas/gemm/gemm.cpp.o
[ 11%] Building CXX object CMakeFiles/gemver.dir/linear-algebra/blas/gemver/gemver.cpp.o
[ 15%] Building CXX object CMakeFiles/gesummv.dir/linear-algebra/blas/gesummv/gesummv.cpp.o
[ 15%] Building CXX object CMakeFiles/syr2k.dir/linear-algebra/blas/syr2k/syr2k.cpp.o
[ 15%] Building CXX object CMakeFiles/syrk.dir/linear-algebra/blas/syrk/syrk.cpp.o
[ 23%] Building CXX object CMakeFiles/2mm.dir/linear-algebra/kernels/2mm/2mm.cpp.o
[ 23%] Building CXX object CMakeFiles/3mm.dir/linear-algebra/kernels/3mm/3mm.cpp.o
[ 23%] Building CXX object CMakeFiles/trmm.dir/linear-algebra/blas/trmm/trmm.cpp.o
[ 23%] Building CXX object CMakeFiles/symm.dir/linear-algebra/blas/symm/symm.cpp.o
[ 33%] Building CXX object CMakeFiles/bicg.dir/linear-algebra/kernels/bicg/bicg.cpp.o
[ 50%] Building CXX object CMakeFiles/heat-3d.dir/stencils/heat-3d/heat-3d.cpp.o
[ 50%] Building CXX object CMakeFiles/jacobi-1d.dir/stencils/jacobi-1d/jacobi-1d.cpp.o
[ 50%] Building CXX object CMakeFiles/gramschmidt.dir/linear-algebra/solvers/gramschmidt/gramschmidt.cpp.o
[ 50%] Building CXX object CMakeFiles/floyd-warshall.dir/medley/floyd-warshall/floyd-warshall.cpp.o
[ 50%] Building CXX object CMakeFiles/durbin.dir/linear-algebra/solvers/durbin/durbin.cpp.o
[ 50%] Building CXX object CMakeFiles/nussinov.dir/medley/nussinov/nussinov.cpp.o
[ 50%] Building CXX object CMakeFiles/atax.dir/linear-algebra/kernels/atax/atax.cpp.o
[ 50%] Building CXX object CMakeFiles/mvt.dir/linear-algebra/kernels/mvt/mvt.cpp.o
[ 50%] Building CXX object CMakeFiles/fdtd-2d.dir/stencils/fdtd-2d/fdtd-2d.cpp.o
[ 50%] Building CXX object CMakeFiles/adi.dir/stencils/adi/adi.cpp.o
[ 50%] Building CXX object CMakeFiles/seidel-2d.dir/stencils/seidel-2d/seidel-2d.cpp.o
[ 50%] Building CXX object CMakeFiles/trisolv.dir/linear-algebra/solvers/trisolv/trisolv.cpp.o
[ 50%] Building CXX object CMakeFiles/deriche.dir/medley/deriche/deriche.cpp.o
[ 50%] Building CXX object CMakeFiles/jacobi-2d.dir/stencils/jacobi-2d/jacobi-2d.cpp.o
[ 50%] Building CXX object CMakeFiles/doitgen.dir/linear-algebra/kernels/doitgen/doitgen.cpp.o
[ 50%] Building CXX object CMakeFiles/cholesky.dir/linear-algebra/solvers/cholesky/cholesky.cpp.o
[ 50%] Building CXX object CMakeFiles/ludcmp.dir/linear-algebra/solvers/ludcmp/ludcmp.cpp.o
[ 50%] Building CXX object CMakeFiles/lu.dir/linear-algebra/solvers/lu/lu.cpp.o
[ 51%] Linking CXX executable nussinov
[ 53%] Linking CXX executable cholesky
[ 55%] Linking CXX executable durbin
[ 56%] Linking CXX executable jacobi-1d
[ 56%] Built target durbin
[ 56%] Built target jacobi-1d
[ 58%] Linking CXX executable seidel-2d
[ 60%] Linking CXX executable floyd-warshall
[ 61%] Linking CXX executable gesummv
[ 63%] Linking CXX executable atax
[ 63%] Built target seidel-2d
[ 65%] Linking CXX executable trisolv
[ 66%] Linking CXX executable mvt
[ 66%] Built target floyd-warshall
[ 68%] Linking CXX executable bicg
[ 68%] Built target gesummv
[ 70%] Linking CXX executable jacobi-2d
[ 70%] Built target atax
[ 70%] Built target trisolv
[ 70%] Built target mvt
[ 70%] Built target bicg
[ 71%] Linking CXX executable deriche
[ 71%] Built target jacobi-2d
[ 73%] Linking CXX executable trmm
[ 73%] Built target deriche
[ 75%] Linking CXX executable lu
[ 75%] Built target trmm
[ 76%] Linking CXX executable syrk
[ 78%] Linking CXX executable heat-3d
[ 78%] Built target lu
[ 80%] Linking CXX executable gemver
[ 81%] Linking CXX executable doitgen
[ 81%] Built target syrk
[ 85%] Linking CXX executable symm
[ 85%] Linking CXX executable fdtd-2d
[ 85%] Built target heat-3d
[ 85%] Built target gemver
[ 86%] Linking CXX executable gemm
[ 88%] Linking CXX executable syr2k
[ 88%] Built target doitgen
[ 88%] Built target symm
[ 88%] Built target fdtd-2d
[ 88%] Built target syr2k
[ 88%] Built target gemm
[ 90%] Linking CXX executable gramschmidt
[ 91%] Linking CXX executable covariance
[ 93%] Linking CXX executable adi
[ 95%] Linking CXX executable ludcmp
[ 95%] Built target gramschmidt
[ 95%] Built target covariance
[ 95%] Built target adi
[ 95%] Built target ludcmp
[ 96%] Linking CXX executable correlation
[ 96%] Built target correlation
[ 98%] Linking CXX executable 2mm
[ 98%] Built target 2mm
[100%] Linking CXX executable 3mm
[100%] Built target 3mm
Skipping noarr naive 2mm repetition 3 for dataset size SMALL (already done).
Skipping noarr naive 2mm repetition 3 for dataset size SMALL (already done).
Skipping noarr naive 3mm repetition 3 for dataset size SMALL (already done).
Skipping noarr naive 3mm repetition 3 for dataset size SMALL (already done).
Skipping noarr naive atax repetition 3 for dataset size SMALL (already done).
Skipping noarr naive atax repetition 3 for dataset size SMALL (already done).
Skipping noarr naive bicg repetition 3 for dataset size SMALL (already done).
Skipping noarr naive bicg repetition 3 for dataset size SMALL (already done).
Skipping noarr naive correlation repetition 3 for dataset size SMALL (already done).
Skipping noarr naive correlation repetition 3 for dataset size SMALL (already done).
Skipping noarr naive covariance repetition 3 for dataset size SMALL (already done).
Skipping noarr naive covariance repetition 3 for dataset size SMALL (already done).
Skipping noarr naive deriche repetition 3 for dataset size SMALL (already done).
Skipping noarr naive deriche repetition 3 for dataset size SMALL (already done).
Skipping noarr naive doitgen repetition 3 for dataset size SMALL (already done).
Skipping noarr naive doitgen repetition 3 for dataset size SMALL (already done).
Skipping noarr naive durbin repetition 3 for dataset size SMALL (already done).
Skipping noarr naive durbin repetition 3 for dataset size SMALL (already done).
Skipping noarr naive fdtd-2d repetition 3 for dataset size SMALL (already done).
Skipping noarr naive fdtd-2d repetition 3 for dataset size SMALL (already done).
Skipping noarr naive floyd-warshall repetition 3 for dataset size SMALL (already done).
Skipping noarr naive floyd-warshall repetition 3 for dataset size SMALL (already done).
Skipping noarr naive gemm repetition 3 for dataset size SMALL (already done).
Skipping noarr naive gemm repetition 3 for dataset size SMALL (already done).
Skipping noarr naive gemver repetition 3 for dataset size SMALL (already done).
Skipping noarr naive gemver repetition 3 for dataset size SMALL (already done).
Skipping noarr naive gesummv repetition 3 for dataset size SMALL (already done).
Skipping noarr naive gesummv repetition 3 for dataset size SMALL (already done).
Skipping noarr naive heat-3d repetition 3 for dataset size SMALL (already done).
Skipping noarr naive heat-3d repetition 3 for dataset size SMALL (already done).
Skipping noarr naive jacobi-1d repetition 3 for dataset size SMALL (already done).
Skipping noarr naive jacobi-1d repetition 3 for dataset size SMALL (already done).
Skipping noarr naive jacobi-2d repetition 3 for dataset size SMALL (already done).
Skipping noarr naive jacobi-2d repetition 3 for dataset size SMALL (already done).
Skipping noarr naive lu repetition 3 for dataset size SMALL (already done).
Skipping noarr naive lu repetition 3 for dataset size SMALL (already done).
Skipping noarr naive ludcmp repetition 3 for dataset size SMALL (already done).
Skipping noarr naive ludcmp repetition 3 for dataset size SMALL (already done).
Skipping noarr naive mvt repetition 3 for dataset size SMALL (already done).
Skipping noarr naive mvt repetition 3 for dataset size SMALL (already done).
Skipping noarr naive seidel-2d repetition 3 for dataset size SMALL (already done).
Skipping noarr naive seidel-2d repetition 3 for dataset size SMALL (already done).
Skipping noarr naive symm repetition 3 for dataset size SMALL (already done).
Skipping noarr naive symm repetition 3 for dataset size SMALL (already done).
Skipping noarr naive syr2k repetition 3 for dataset size SMALL (already done).
Skipping noarr naive syr2k repetition 3 for dataset size SMALL (already done).
Skipping noarr naive syrk repetition 3 for dataset size SMALL (already done).
Skipping noarr naive syrk repetition 3 for dataset size SMALL (already done).
Skipping noarr naive trisolv repetition 3 for dataset size SMALL (already done).
Skipping noarr naive trisolv repetition 3 for dataset size SMALL (already done).
Skipping noarr naive trmm repetition 3 for dataset size SMALL (already done).
Skipping noarr naive trmm repetition 3 for dataset size SMALL (already done).
-- The CXX compiler identification is GNU 15.2.0
-- Detecting CXX compiler ABI info
-- Detecting CXX compiler ABI info - done
-- Check for working CXX compiler: /usr/local/latestgcc/bin/g++ - skipped
-- Detecting CXX compile features
-- Detecting CXX compile features - done
-- Using NOARR_STRUCTURES_DIR from environment: /home/kleplj/naive/submodules/noarr-structures
-- Configuring done (0.4s)
-- Generating done (0.8s)
-- Build files have been written to: /home/kleplj/naive/optimization/naive/PolybenchC-Noarr/build
[  6%] Building CXX object CMakeFiles/correlation.dir/datamining/correlation/correlation.cpp.o
[ 10%] Building CXX object CMakeFiles/gesummv.dir/linear-algebra/blas/gesummv/gesummv.cpp.o
[ 10%] Building CXX object CMakeFiles/gemm.dir/linear-algebra/blas/gemm/gemm.cpp.o
[ 10%] Building CXX object CMakeFiles/covariance.dir/datamining/covariance/covariance.cpp.o
[ 21%] Building CXX object CMakeFiles/gemver.dir/linear-algebra/blas/gemver/gemver.cpp.o
[ 21%] Building CXX object CMakeFiles/trmm.dir/linear-algebra/blas/trmm/trmm.cpp.o
[ 21%] Building CXX object CMakeFiles/syrk.dir/linear-algebra/blas/syrk/syrk.cpp.o
[ 21%] Building CXX object CMakeFiles/symm.dir/linear-algebra/blas/symm/symm.cpp.o
[ 21%] Building CXX object CMakeFiles/mvt.dir/linear-algebra/kernels/mvt/mvt.cpp.o
[ 21%] Building CXX object CMakeFiles/syr2k.dir/linear-algebra/blas/syr2k/syr2k.cpp.o
[ 50%] Building CXX object CMakeFiles/trisolv.dir/linear-algebra/solvers/trisolv/trisolv.cpp.o
[ 50%] Building CXX object CMakeFiles/nussinov.dir/medley/nussinov/nussinov.cpp.o
[ 50%] Building CXX object CMakeFiles/gramschmidt.dir/linear-algebra/solvers/gramschmidt/gramschmidt.cpp.o
[ 50%] Building CXX object CMakeFiles/ludcmp.dir/linear-algebra/solvers/ludcmp/ludcmp.cpp.o
[ 50%] Building CXX object CMakeFiles/lu.dir/linear-algebra/solvers/lu/lu.cpp.o
[ 50%] Building CXX object CMakeFiles/doitgen.dir/linear-algebra/kernels/doitgen/doitgen.cpp.o
[ 50%] Building CXX object CMakeFiles/floyd-warshall.dir/medley/floyd-warshall/floyd-warshall.cpp.o
[ 50%] Building CXX object CMakeFiles/durbin.dir/linear-algebra/solvers/durbin/durbin.cpp.o
[ 50%] Building CXX object CMakeFiles/2mm.dir/linear-algebra/kernels/2mm/2mm.cpp.o
[ 50%] Building CXX object CMakeFiles/bicg.dir/linear-algebra/kernels/bicg/bicg.cpp.o
[ 50%] Building CXX object CMakeFiles/3mm.dir/linear-algebra/kernels/3mm/3mm.cpp.o
[ 50%] Building CXX object CMakeFiles/atax.dir/linear-algebra/kernels/atax/atax.cpp.o
[ 50%] Building CXX object CMakeFiles/deriche.dir/medley/deriche/deriche.cpp.o
[ 50%] Building CXX object CMakeFiles/adi.dir/stencils/adi/adi.cpp.o
[ 50%] Building CXX object CMakeFiles/heat-3d.dir/stencils/heat-3d/heat-3d.cpp.o
[ 50%] Building CXX object CMakeFiles/jacobi-1d.dir/stencils/jacobi-1d/jacobi-1d.cpp.o
[ 50%] Building CXX object CMakeFiles/cholesky.dir/linear-algebra/solvers/cholesky/cholesky.cpp.o
[ 50%] Building CXX object CMakeFiles/fdtd-2d.dir/stencils/fdtd-2d/fdtd-2d.cpp.o
[ 50%] Building CXX object CMakeFiles/jacobi-2d.dir/stencils/jacobi-2d/jacobi-2d.cpp.o
[ 50%] Building CXX object CMakeFiles/seidel-2d.dir/stencils/seidel-2d/seidel-2d.cpp.o
[ 53%] Linking CXX executable cholesky
[ 53%] Linking CXX executable nussinov
[ 55%] Linking CXX executable jacobi-1d
[ 56%] Linking CXX executable durbin
[ 56%] Built target jacobi-1d
[ 56%] Built target durbin
[ 60%] Linking CXX executable floyd-warshall
[ 60%] Linking CXX executable gesummv
[ 61%] Linking CXX executable trisolv
[ 61%] Built target gesummv
[ 61%] Built target floyd-warshall
[ 63%] Linking CXX executable mvt
[ 65%] Linking CXX executable bicg
[ 65%] Built target trisolv
[ 66%] Linking CXX executable adi
[ 66%] Built target mvt
[ 68%] Linking CXX executable deriche
[ 68%] Built target bicg
[ 70%] Linking CXX executable atax
[ 70%] Built target adi
[ 71%] Linking CXX executable syrk
[ 71%] Built target deriche
[ 73%] Linking CXX executable lu
[ 75%] Linking CXX executable trmm
[ 75%] Built target atax
[ 75%] Built target syrk
[ 76%] Linking CXX executable gemver
[ 76%] Built target lu
[ 76%] Built target trmm
[ 76%] Built target gemver
[ 78%] Linking CXX executable symm
[ 80%] Linking CXX executable gramschmidt
[ 83%] Linking CXX executable gemm
[ 83%] Linking CXX executable fdtd-2d
[ 85%] Linking CXX executable doitgen
[ 86%] Linking CXX executable syr2k
[ 86%] Built target symm
[ 86%] Built target gramschmidt
[ 86%] Built target fdtd-2d
[ 86%] Built target gemm
[ 86%] Built target doitgen
[ 86%] Built target syr2k
[ 88%] Linking CXX executable covariance
[ 90%] Linking CXX executable ludcmp
[ 90%] Built target covariance
[ 90%] Built target ludcmp
[ 91%] Linking CXX executable correlation
[ 91%] Built target correlation
[ 93%] Linking CXX executable seidel-2d
[ 93%] Built target seidel-2d
[ 95%] Linking CXX executable heat-3d
[ 96%] Linking CXX executable 2mm
[ 96%] Built target heat-3d
[ 96%] Built target 2mm
[ 98%] Linking CXX executable 3mm
[ 98%] Built target 3mm
Skipping noarr naive 2mm repetition 4 for dataset size SMALL (already done).
Skipping noarr naive 2mm repetition 4 for dataset size SMALL (already done).
Skipping noarr naive 3mm repetition 4 for dataset size SMALL (already done).
Skipping noarr naive 3mm repetition 4 for dataset size SMALL (already done).
Skipping noarr naive atax repetition 4 for dataset size SMALL (already done).
Skipping noarr naive atax repetition 4 for dataset size SMALL (already done).
Skipping noarr naive bicg repetition 4 for dataset size SMALL (already done).
Skipping noarr naive bicg repetition 4 for dataset size SMALL (already done).
Skipping noarr naive correlation repetition 4 for dataset size SMALL (already done).
Skipping noarr naive correlation repetition 4 for dataset size SMALL (already done).
Skipping noarr naive covariance repetition 4 for dataset size SMALL (already done).
Skipping noarr naive covariance repetition 4 for dataset size SMALL (already done).
Skipping noarr naive deriche repetition 4 for dataset size SMALL (already done).
Skipping noarr naive deriche repetition 4 for dataset size SMALL (already done).
Skipping noarr naive doitgen repetition 4 for dataset size SMALL (already done).
Skipping noarr naive doitgen repetition 4 for dataset size SMALL (already done).
Skipping noarr naive durbin repetition 4 for dataset size SMALL (already done).
Skipping noarr naive durbin repetition 4 for dataset size SMALL (already done).
Skipping noarr naive fdtd-2d repetition 4 for dataset size SMALL (already done).
Skipping noarr naive fdtd-2d repetition 4 for dataset size SMALL (already done).
Skipping noarr naive floyd-warshall repetition 4 for dataset size SMALL (already done).
Skipping noarr naive floyd-warshall repetition 4 for dataset size SMALL (already done).
Skipping noarr naive gemm repetition 4 for dataset size SMALL (already done).
Skipping noarr naive gemm repetition 4 for dataset size SMALL (already done).
Skipping noarr naive gemver repetition 4 for dataset size SMALL (already done).
Skipping noarr naive gemver repetition 4 for dataset size SMALL (already done).
Skipping noarr naive gesummv repetition 4 for dataset size SMALL (already done).
Skipping noarr naive gesummv repetition 4 for dataset size SMALL (already done).
Skipping noarr naive heat-3d repetition 4 for dataset size SMALL (already done).
Skipping noarr naive heat-3d repetition 4 for dataset size SMALL (already done).
Skipping noarr naive jacobi-1d repetition 4 for dataset size SMALL (already done).
Skipping noarr naive jacobi-1d repetition 4 for dataset size SMALL (already done).
Skipping noarr naive lu repetition 4 for dataset size SMALL (already done).
Skipping noarr naive lu repetition 4 for dataset size SMALL (already done).
Skipping noarr naive ludcmp repetition 4 for dataset size SMALL (already done).
Skipping noarr naive ludcmp repetition 4 for dataset size SMALL (already done).
Skipping noarr naive mvt repetition 4 for dataset size SMALL (already done).
Skipping noarr naive mvt repetition 4 for dataset size SMALL (already done).
Skipping noarr naive seidel-2d repetition 4 for dataset size SMALL (already done).
Skipping noarr naive seidel-2d repetition 4 for dataset size SMALL (already done).
Skipping noarr naive symm repetition 4 for dataset size SMALL (already done).
Skipping noarr naive symm repetition 4 for dataset size SMALL (already done).
Skipping noarr naive syr2k repetition 4 for dataset size SMALL (already done).
Skipping noarr naive syr2k repetition 4 for dataset size SMALL (already done).
Skipping noarr naive syrk repetition 4 for dataset size SMALL (already done).
Skipping noarr naive syrk repetition 4 for dataset size SMALL (already done).
Skipping noarr naive trisolv repetition 4 for dataset size SMALL (already done).
Skipping noarr naive trisolv repetition 4 for dataset size SMALL (already done).
Skipping noarr naive trmm repetition 4 for dataset size SMALL (already done).
Skipping noarr naive trmm repetition 4 for dataset size SMALL (already done).
-- The CXX compiler identification is GNU 15.2.0
-- Detecting CXX compiler ABI info
-- Detecting CXX compiler ABI info - done
-- Check for working CXX compiler: /usr/local/latestgcc/bin/g++ - skipped
-- Detecting CXX compile features
-- Detecting CXX compile features - done
-- Using NOARR_STRUCTURES_DIR from environment: /home/kleplj/naive/submodules/noarr-structures
-- Configuring done (0.4s)
-- Generating done (0.7s)
-- Build files have been written to: /home/kleplj/naive/optimization/naive/PolybenchC-Noarr/build
[  8%] Building CXX object CMakeFiles/gemm.dir/linear-algebra/blas/gemm/gemm.cpp.o
[ 10%] Building CXX object CMakeFiles/covariance.dir/datamining/covariance/covariance.cpp.o
[ 10%] Building CXX object CMakeFiles/correlation.dir/datamining/correlation/correlation.cpp.o
[ 10%] Building CXX object CMakeFiles/gemver.dir/linear-algebra/blas/gemver/gemver.cpp.o
[ 18%] Building CXX object CMakeFiles/syrk.dir/linear-algebra/blas/syrk/syrk.cpp.o
[ 18%] Building CXX object CMakeFiles/gesummv.dir/linear-algebra/blas/gesummv/gesummv.cpp.o
[ 18%] Building CXX object CMakeFiles/syr2k.dir/linear-algebra/blas/syr2k/syr2k.cpp.o
[ 18%] Building CXX object CMakeFiles/symm.dir/linear-algebra/blas/symm/symm.cpp.o
[ 35%] Building CXX object CMakeFiles/ludcmp.dir/linear-algebra/solvers/ludcmp/ludcmp.cpp.o
[ 50%] Building CXX object CMakeFiles/cholesky.dir/linear-algebra/solvers/cholesky/cholesky.cpp.o
[ 50%] Building CXX object CMakeFiles/mvt.dir/linear-algebra/kernels/mvt/mvt.cpp.o
[ 50%] Building CXX object CMakeFiles/doitgen.dir/linear-algebra/kernels/doitgen/doitgen.cpp.o
[ 50%] Building CXX object CMakeFiles/atax.dir/linear-algebra/kernels/atax/atax.cpp.o
[ 50%] Building CXX object CMakeFiles/trmm.dir/linear-algebra/blas/trmm/trmm.cpp.o
[ 50%] Building CXX object CMakeFiles/gramschmidt.dir/linear-algebra/solvers/gramschmidt/gramschmidt.cpp.o
[ 50%] Building CXX object CMakeFiles/3mm.dir/linear-algebra/kernels/3mm/3mm.cpp.o
[ 50%] Building CXX object CMakeFiles/2mm.dir/linear-algebra/kernels/2mm/2mm.cpp.o
[ 50%] Building CXX object CMakeFiles/heat-3d.dir/stencils/heat-3d/heat-3d.cpp.o
[ 50%] Building CXX object CMakeFiles/bicg.dir/linear-algebra/kernels/bicg/bicg.cpp.o
[ 50%] Building CXX object CMakeFiles/nussinov.dir/medley/nussinov/nussinov.cpp.o
[ 50%] Building CXX object CMakeFiles/adi.dir/stencils/adi/adi.cpp.o
[ 50%] Building CXX object CMakeFiles/fdtd-2d.dir/stencils/fdtd-2d/fdtd-2d.cpp.o
[ 50%] Building CXX object CMakeFiles/lu.dir/linear-algebra/solvers/lu/lu.cpp.o
[ 50%] Building CXX object CMakeFiles/floyd-warshall.dir/medley/floyd-warshall/floyd-warshall.cpp.o
[ 50%] Building CXX object CMakeFiles/trisolv.dir/linear-algebra/solvers/trisolv/trisolv.cpp.o
[ 50%] Building CXX object CMakeFiles/jacobi-2d.dir/stencils/jacobi-2d/jacobi-2d.cpp.o
[ 50%] Building CXX object CMakeFiles/jacobi-1d.dir/stencils/jacobi-1d/jacobi-1d.cpp.o
[ 50%] Building CXX object CMakeFiles/seidel-2d.dir/stencils/seidel-2d/seidel-2d.cpp.o
[ 50%] Building CXX object CMakeFiles/deriche.dir/medley/deriche/deriche.cpp.o
[ 50%] Building CXX object CMakeFiles/durbin.dir/linear-algebra/solvers/durbin/durbin.cpp.o
[ 53%] Linking CXX executable cholesky
[ 53%] Linking CXX executable nussinov
[ 55%] Linking CXX executable jacobi-1d
[ 56%] Linking CXX executable durbin
[ 56%] Built target jacobi-1d
[ 58%] Linking CXX executable seidel-2d
[ 58%] Built target durbin
[ 60%] Linking CXX executable floyd-warshall
[ 63%] Linking CXX executable gesummv
[ 63%] Linking CXX executable mvt
[ 65%] Linking CXX executable trisolv
[ 65%] Built target seidel-2d
[ 65%] Built target floyd-warshall
[ 66%] Linking CXX executable bicg
[ 66%] Built target mvt
[ 66%] Built target gesummv
[ 66%] Built target trisolv
[ 68%] Linking CXX executable atax
[ 70%] Linking CXX executable adi
[ 70%] Built target bicg
[ 70%] Built target atax
[ 70%] Built target adi
[ 71%] Linking CXX executable deriche
[ 73%] Linking CXX executable syrk
[ 75%] Linking CXX executable trmm
[ 76%] Linking CXX executable symm
[ 76%] Built target deriche
[ 78%] Linking CXX executable gemver
[ 78%] Built target syrk
[ 78%] Built target trmm
[ 80%] Linking CXX executable jacobi-2d
[ 80%] Built target symm
[ 80%] Built target gemver
[ 80%] Built target jacobi-2d
[ 81%] Linking CXX executable gemm
[ 83%] Linking CXX executable doitgen
[ 85%] Linking CXX executable syr2k
[ 85%] Built target gemm
[ 86%] Linking CXX executable ludcmp
[ 86%] Built target doitgen
[ 86%] Built target syr2k
[ 86%] Built target ludcmp
[ 88%] Linking CXX executable covariance
[ 88%] Built target covariance
[ 90%] Linking CXX executable gramschmidt
[ 90%] Built target gramschmidt
[ 91%] Linking CXX executable correlation
[ 91%] Built target correlation
[ 93%] Linking CXX executable 2mm
[ 93%] Built target 2mm
[ 95%] Linking CXX executable 3mm
[ 95%] Built target 3mm
Skipping noarr naive 2mm repetition 5 for dataset size SMALL (already done).
Skipping noarr naive 2mm repetition 5 for dataset size SMALL (already done).
Skipping noarr naive 3mm repetition 5 for dataset size SMALL (already done).
Skipping noarr naive 3mm repetition 5 for dataset size SMALL (already done).
Skipping noarr naive adi repetition 5 for dataset size SMALL (already done).
Skipping noarr naive adi repetition 5 for dataset size SMALL (already done).
Skipping noarr naive atax repetition 5 for dataset size SMALL (already done).
Skipping noarr naive atax repetition 5 for dataset size SMALL (already done).
Skipping noarr naive bicg repetition 5 for dataset size SMALL (already done).
Skipping noarr naive bicg repetition 5 for dataset size SMALL (already done).
Skipping noarr naive correlation repetition 5 for dataset size SMALL (already done).
Skipping noarr naive correlation repetition 5 for dataset size SMALL (already done).
Skipping noarr naive covariance repetition 5 for dataset size SMALL (already done).
Skipping noarr naive covariance repetition 5 for dataset size SMALL (already done).
Skipping noarr naive deriche repetition 5 for dataset size SMALL (already done).
Skipping noarr naive deriche repetition 5 for dataset size SMALL (already done).
Skipping noarr naive doitgen repetition 5 for dataset size SMALL (already done).
Skipping noarr naive doitgen repetition 5 for dataset size SMALL (already done).
Skipping noarr naive durbin repetition 5 for dataset size SMALL (already done).
Skipping noarr naive durbin repetition 5 for dataset size SMALL (already done).
Skipping noarr naive floyd-warshall repetition 5 for dataset size SMALL (already done).
Skipping noarr naive floyd-warshall repetition 5 for dataset size SMALL (already done).
Skipping noarr naive gemm repetition 5 for dataset size SMALL (already done).
Skipping noarr naive gemm repetition 5 for dataset size SMALL (already done).
Skipping noarr naive gemver repetition 5 for dataset size SMALL (already done).
Skipping noarr naive gemver repetition 5 for dataset size SMALL (already done).
Skipping noarr naive gesummv repetition 5 for dataset size SMALL (already done).
Skipping noarr naive gesummv repetition 5 for dataset size SMALL (already done).
Skipping noarr naive jacobi-1d repetition 5 for dataset size SMALL (already done).
Skipping noarr naive jacobi-1d repetition 5 for dataset size SMALL (already done).
Skipping noarr naive jacobi-2d repetition 5 for dataset size SMALL (already done).
Skipping noarr naive jacobi-2d repetition 5 for dataset size SMALL (already done).
Skipping noarr naive ludcmp repetition 5 for dataset size SMALL (already done).
Skipping noarr naive ludcmp repetition 5 for dataset size SMALL (already done).
Skipping noarr naive mvt repetition 5 for dataset size SMALL (already done).
Skipping noarr naive mvt repetition 5 for dataset size SMALL (already done).
Skipping noarr naive seidel-2d repetition 5 for dataset size SMALL (already done).
Skipping noarr naive seidel-2d repetition 5 for dataset size SMALL (already done).
Skipping noarr naive symm repetition 5 for dataset size SMALL (already done).
Skipping noarr naive symm repetition 5 for dataset size SMALL (already done).
Skipping noarr naive syr2k repetition 5 for dataset size SMALL (already done).
Skipping noarr naive syr2k repetition 5 for dataset size SMALL (already done).
Skipping noarr naive syrk repetition 5 for dataset size SMALL (already done).
Skipping noarr naive syrk repetition 5 for dataset size SMALL (already done).
Skipping noarr naive trisolv repetition 5 for dataset size SMALL (already done).
Skipping noarr naive trisolv repetition 5 for dataset size SMALL (already done).
Skipping noarr naive trmm repetition 5 for dataset size SMALL (already done).
Skipping noarr naive trmm repetition 5 for dataset size SMALL (already done).
-- The CXX compiler identification is GNU 15.2.0
-- Detecting CXX compiler ABI info
-- Detecting CXX compiler ABI info - done
-- Check for working CXX compiler: /usr/local/latestgcc/bin/g++ - skipped
-- Detecting CXX compile features
-- Detecting CXX compile features - done
-- Found Python: /home/kleplj/naive/gpt-querying/.venv/bin/python3.9 (found suitable version "3.9.21", minimum required is "3") found components: Interpreter Development.Module
-- Halide 'host' platform triple:   x86-64-linux
-- Halide 'cmake' platform triple:  x86-64-linux
-- Halide default AOT target:       host
-- Found ZLIB: /usr/lib64/libz.so (found version "1.2.11")
-- Could NOT find PNG (missing: PNG_LIBRARY PNG_PNG_INCLUDE_DIR) 
-- Could NOT find JPEG (missing: JPEG_LIBRARY JPEG_INCLUDE_DIR) 
-- Configuring done (0.7s)
-- Generating done (0.7s)
-- Build files have been written to: /home/kleplj/naive/optimization/naive/PolybenchC-Halide/build
[  3%] Building CXX object CMakeFiles/correlation.dir/datamining/correlation/correlation.cpp.o
[  5%] Building CXX object CMakeFiles/covariance.dir/datamining/covariance/covariance.cpp.o
[  8%] Building CXX object CMakeFiles/gemver.dir/linear-algebra/blas/gemver/gemver.cpp.o
[ 13%] Building CXX object CMakeFiles/gesummv.dir/linear-algebra/blas/gesummv/gesummv.cpp.o
[ 13%] Building CXX object CMakeFiles/gemm.dir/linear-algebra/blas/gemm/gemm.cpp.o
[ 18%] Building CXX object CMakeFiles/symm.dir/linear-algebra/blas/symm/symm.cpp.o
[ 18%] Building CXX object CMakeFiles/syrk.dir/linear-algebra/blas/syrk/syrk.cpp.o
[ 18%] Building CXX object CMakeFiles/syr2k.dir/linear-algebra/blas/syr2k/syr2k.cpp.o
[ 28%] Building CXX object CMakeFiles/mvt.dir/linear-algebra/kernels/mvt/mvt.cpp.o
[ 45%] Building CXX object CMakeFiles/atax.dir/linear-algebra/kernels/atax/atax.cpp.o
[ 45%] Building CXX object CMakeFiles/bicg.dir/linear-algebra/kernels/bicg/bicg.cpp.o
[ 45%] Building CXX object CMakeFiles/2mm.dir/linear-algebra/kernels/2mm/2mm.cpp.o
[ 45%] Building CXX object CMakeFiles/cholesky.dir/linear-algebra/solvers/cholesky/cholesky.cpp.o
[ 45%] Building CXX object CMakeFiles/3mm.dir/linear-algebra/kernels/3mm/3mm.cpp.o
[ 45%] Building CXX object CMakeFiles/trmm.dir/linear-algebra/blas/trmm/trmm.cpp.o
[ 50%] Building CXX object CMakeFiles/heat-3d.dir/stencils/heat-3d/heat-3d.cpp.o
[ 50%] Building CXX object CMakeFiles/lu.dir/linear-algebra/solvers/lu/lu.cpp.o
[ 50%] Building CXX object CMakeFiles/durbin.dir/linear-algebra/solvers/durbin/durbin.cpp.o
[ 50%] Building CXX object CMakeFiles/adi.dir/stencils/adi/adi.cpp.o
[ 50%] Building CXX object CMakeFiles/floyd-warshall.dir/medley/floyd-warshall/floyd-warshall.cpp.o
[ 50%] Building CXX object CMakeFiles/ludcmp.dir/linear-algebra/solvers/ludcmp/ludcmp.cpp.o
[ 50%] Building CXX object CMakeFiles/deriche.dir/medley/deriche/deriche.cpp.o
[ 50%] Building CXX object CMakeFiles/trisolv.dir/linear-algebra/solvers/trisolv/trisolv.cpp.o
[ 50%] Building CXX object CMakeFiles/nussinov.dir/medley/nussinov/nussinov.cpp.o
[ 50%] Building CXX object CMakeFiles/doitgen.dir/linear-algebra/kernels/doitgen/doitgen.cpp.o
[ 50%] Building CXX object CMakeFiles/seidel-2d.dir/stencils/seidel-2d/seidel-2d.cpp.o
[ 50%] Building CXX object CMakeFiles/fdtd-2d.dir/stencils/fdtd-2d/fdtd-2d.cpp.o
[ 50%] Building CXX object CMakeFiles/gramschmidt.dir/linear-algebra/solvers/gramschmidt/gramschmidt.cpp.o
[ 50%] Building CXX object CMakeFiles/jacobi-2d.dir/stencils/jacobi-2d/jacobi-2d.cpp.o
[ 50%] Building CXX object CMakeFiles/jacobi-1d.dir/stencils/jacobi-1d/jacobi-1d.cpp.o
[ 51%] Linking CXX executable gemver
[ 53%] Linking CXX executable gramschmidt
[ 55%] Linking CXX executable cholesky
[ 56%] Linking CXX executable floyd-warshall
[ 58%] Linking CXX executable syrk
[ 58%] Built target cholesky
[ 60%] Linking CXX executable jacobi-1d
[ 61%] Linking CXX executable symm
[ 61%] Built target floyd-warshall
[ 63%] Linking CXX executable syr2k
[ 65%] Linking CXX executable covariance
[ 65%] Built target syrk
[ 65%] Built target jacobi-1d
[ 65%] Built target symm
[ 66%] Linking CXX executable jacobi-2d
[ 66%] Built target syr2k
[ 66%] Built target covariance
[ 66%] Built target jacobi-2d
[ 68%] Linking CXX executable 2mm
[ 70%] Linking CXX executable doitgen
[ 73%] Linking CXX executable heat-3d
[ 73%] Linking CXX executable seidel-2d
[ 73%] Built target 2mm
[ 75%] Linking CXX executable atax
[ 75%] Built target doitgen
[ 75%] Built target heat-3d
[ 75%] Built target seidel-2d
[ 76%] Linking CXX executable bicg
[ 78%] Linking CXX executable durbin
[ 80%] Linking CXX executable correlation
[ 80%] Built target atax
[ 80%] Built target bicg
[ 80%] Built target durbin
[ 81%] Linking CXX executable mvt
[ 81%] Built target correlation
[ 81%] Built target mvt
[ 83%] Linking CXX executable ludcmp
[ 85%] Linking CXX executable fdtd-2d
[ 85%] Built target ludcmp
[ 85%] Built target fdtd-2d
Skipping halide naive cholesky repetition 1 for dataset size SMALL (already done).
Skipping halide naive cholesky repetition 1 for dataset size SMALL (already done).
Skipping halide naive correlation repetition 1 for dataset size SMALL (already done).
Skipping halide naive correlation repetition 1 for dataset size SMALL (already done).
Skipping halide naive fdtd-2d repetition 1 for dataset size SMALL (already done).
Skipping halide naive fdtd-2d repetition 1 for dataset size SMALL (already done).
Skipping halide naive floyd-warshall repetition 1 for dataset size SMALL (already done).
Skipping halide naive floyd-warshall repetition 1 for dataset size SMALL (already done).
Skipping halide naive heat-3d repetition 1 for dataset size SMALL (already done).
Skipping halide naive heat-3d repetition 1 for dataset size SMALL (already done).
Skipping halide naive jacobi-2d repetition 1 for dataset size SMALL (already done).
Skipping halide naive jacobi-2d repetition 1 for dataset size SMALL (already done).
Skipping halide naive seidel-2d repetition 1 for dataset size SMALL (already done).
Skipping halide naive seidel-2d repetition 1 for dataset size SMALL (already done).
Skipping halide naive syrk repetition 1 for dataset size SMALL (already done).
Skipping halide naive syrk repetition 1 for dataset size SMALL (already done).
-- The CXX compiler identification is GNU 15.2.0
-- Detecting CXX compiler ABI info
-- Detecting CXX compiler ABI info - done
-- Check for working CXX compiler: /usr/local/latestgcc/bin/g++ - skipped
-- Detecting CXX compile features
-- Detecting CXX compile features - done
-- Found Python: /home/kleplj/naive/gpt-querying/.venv/bin/python3.9 (found suitable version "3.9.21", minimum required is "3") found components: Interpreter Development.Module
-- Halide 'host' platform triple:   x86-64-linux
-- Halide 'cmake' platform triple:  x86-64-linux
-- Halide default AOT target:       host
-- Found ZLIB: /usr/lib64/libz.so (found version "1.2.11")
-- Could NOT find PNG (missing: PNG_LIBRARY PNG_PNG_INCLUDE_DIR) 
-- Could NOT find JPEG (missing: JPEG_LIBRARY JPEG_INCLUDE_DIR) 
-- Configuring done (0.7s)
-- Generating done (0.7s)
-- Build files have been written to: /home/kleplj/naive/optimization/naive/PolybenchC-Halide/build
[  6%] Building CXX object CMakeFiles/covariance.dir/datamining/covariance/covariance.cpp.o
[  6%] Building CXX object CMakeFiles/correlation.dir/datamining/correlation/correlation.cpp.o
[ 10%] Building CXX object CMakeFiles/gemm.dir/linear-algebra/blas/gemm/gemm.cpp.o
[ 10%] Building CXX object CMakeFiles/gemver.dir/linear-algebra/blas/gemver/gemver.cpp.o
[ 15%] Building CXX object CMakeFiles/symm.dir/linear-algebra/blas/symm/symm.cpp.o
[ 15%] Building CXX object CMakeFiles/gesummv.dir/linear-algebra/blas/gesummv/gesummv.cpp.o
[ 25%] Building CXX object CMakeFiles/syrk.dir/linear-algebra/blas/syrk/syrk.cpp.o
[ 25%] Building CXX object CMakeFiles/atax.dir/linear-algebra/kernels/atax/atax.cpp.o
[ 25%] Building CXX object CMakeFiles/trmm.dir/linear-algebra/blas/trmm/trmm.cpp.o
[ 25%] Building CXX object CMakeFiles/2mm.dir/linear-algebra/kernels/2mm/2mm.cpp.o
[ 25%] Building CXX object CMakeFiles/syr2k.dir/linear-algebra/blas/syr2k/syr2k.cpp.o
[ 25%] Building CXX object CMakeFiles/bicg.dir/linear-algebra/kernels/bicg/bicg.cpp.o
[ 25%] Building CXX object CMakeFiles/3mm.dir/linear-algebra/kernels/3mm/3mm.cpp.o
[ 43%] Building CXX object CMakeFiles/nussinov.dir/medley/nussinov/nussinov.cpp.o
[ 43%] Building CXX object CMakeFiles/gramschmidt.dir/linear-algebra/solvers/gramschmidt/gramschmidt.cpp.o
[ 50%] Building CXX object CMakeFiles/mvt.dir/linear-algebra/kernels/mvt/mvt.cpp.o
[ 50%] Building CXX object CMakeFiles/ludcmp.dir/linear-algebra/solvers/ludcmp/ludcmp.cpp.o
[ 50%] Building CXX object CMakeFiles/trisolv.dir/linear-algebra/solvers/trisolv/trisolv.cpp.o
[ 50%] Building CXX object CMakeFiles/durbin.dir/linear-algebra/solvers/durbin/durbin.cpp.o
[ 50%] Building CXX object CMakeFiles/floyd-warshall.dir/medley/floyd-warshall/floyd-warshall.cpp.o
[ 50%] Building CXX object CMakeFiles/lu.dir/linear-algebra/solvers/lu/lu.cpp.o
[ 50%] Building CXX object CMakeFiles/doitgen.dir/linear-algebra/kernels/doitgen/doitgen.cpp.o
[ 50%] Building CXX object CMakeFiles/deriche.dir/medley/deriche/deriche.cpp.o
[ 50%] Building CXX object CMakeFiles/cholesky.dir/linear-algebra/solvers/cholesky/cholesky.cpp.o
[ 50%] Building CXX object CMakeFiles/jacobi-1d.dir/stencils/jacobi-1d/jacobi-1d.cpp.o
[ 50%] Building CXX object CMakeFiles/adi.dir/stencils/adi/adi.cpp.o
[ 50%] Building CXX object CMakeFiles/fdtd-2d.dir/stencils/fdtd-2d/fdtd-2d.cpp.o
[ 50%] Building CXX object CMakeFiles/seidel-2d.dir/stencils/seidel-2d/seidel-2d.cpp.o
[ 50%] Building CXX object CMakeFiles/heat-3d.dir/stencils/heat-3d/heat-3d.cpp.o
[ 50%] Building CXX object CMakeFiles/jacobi-2d.dir/stencils/jacobi-2d/jacobi-2d.cpp.o
[ 51%] Linking CXX executable gemver
[ 53%] Linking CXX executable gramschmidt
[ 55%] Linking CXX executable floyd-warshall
[ 56%] Linking CXX executable adi
[ 58%] Linking CXX executable syrk
[ 60%] Linking CXX executable covariance
[ 60%] Built target floyd-warshall
[ 61%] Linking CXX executable syr2k
[ 61%] Built target adi
[ 63%] Linking CXX executable symm
[ 65%] Linking CXX executable gemm
[ 66%] Linking CXX executable seidel-2d
[ 66%] Built target syrk
[ 68%] Linking CXX executable correlation
[ 68%] Built target covariance
[ 68%] Built target syr2k
[ 68%] Built target gemm
[ 68%] Built target symm
[ 68%] Built target seidel-2d
[ 70%] Linking CXX executable 3mm
[ 70%] Built target correlation
[ 71%] Linking CXX executable 2mm
[ 73%] Linking CXX executable heat-3d
[ 73%] Built target 3mm
[ 73%] Built target 2mm
[ 75%] Linking CXX executable cholesky
[ 78%] Linking CXX executable trisolv
[ 78%] Linking CXX executable doitgen
[ 80%] Linking CXX executable atax
[ 80%] Built target heat-3d
[ 81%] Linking CXX executable mvt
[ 81%] Built target cholesky
[ 81%] Built target trisolv
[ 81%] Built target doitgen
[ 81%] Built target atax
[ 83%] Linking CXX executable lu
[ 83%] Built target mvt
[ 85%] Linking CXX executable durbin
[ 86%] Linking CXX executable gesummv
[ 86%] Built target lu
[ 88%] Linking CXX executable bicg
[ 88%] Built target durbin
[ 88%] Built target gesummv
[ 88%] Built target bicg
[ 90%] Linking CXX executable ludcmp
[ 90%] Built target ludcmp
Skipping halide naive adi repetition 2 for dataset size SMALL (already done).
Skipping halide naive adi repetition 2 for dataset size SMALL (already done).
Skipping halide naive atax repetition 2 for dataset size SMALL (already done).
Skipping halide naive atax repetition 2 for dataset size SMALL (already done).
Skipping halide naive correlation repetition 2 for dataset size SMALL (already done).
Skipping halide naive correlation repetition 2 for dataset size SMALL (already done).
Skipping halide naive floyd-warshall repetition 2 for dataset size SMALL (already done).
Skipping halide naive floyd-warshall repetition 2 for dataset size SMALL (already done).
Skipping halide naive heat-3d repetition 2 for dataset size SMALL (already done).
Skipping halide naive heat-3d repetition 2 for dataset size SMALL (already done).
Skipping halide naive mvt repetition 2 for dataset size SMALL (already done).
Skipping halide naive mvt repetition 2 for dataset size SMALL (already done).
Skipping halide naive seidel-2d repetition 2 for dataset size SMALL (already done).
Skipping halide naive seidel-2d repetition 2 for dataset size SMALL (already done).
Skipping halide naive syr2k repetition 2 for dataset size SMALL (already done).
Skipping halide naive syr2k repetition 2 for dataset size SMALL (already done).
Skipping halide naive syrk repetition 2 for dataset size SMALL (already done).
Skipping halide naive syrk repetition 2 for dataset size SMALL (already done).
-- The CXX compiler identification is GNU 15.2.0
-- Detecting CXX compiler ABI info
-- Detecting CXX compiler ABI info - done
-- Check for working CXX compiler: /usr/local/latestgcc/bin/g++ - skipped
-- Detecting CXX compile features
-- Detecting CXX compile features - done
-- Found Python: /home/kleplj/naive/gpt-querying/.venv/bin/python3.9 (found suitable version "3.9.21", minimum required is "3") found components: Interpreter Development.Module
-- Halide 'host' platform triple:   x86-64-linux
-- Halide 'cmake' platform triple:  x86-64-linux
-- Halide default AOT target:       host
-- Found ZLIB: /usr/lib64/libz.so (found version "1.2.11")
-- Could NOT find PNG (missing: PNG_LIBRARY PNG_PNG_INCLUDE_DIR) 
-- Could NOT find JPEG (missing: JPEG_LIBRARY JPEG_INCLUDE_DIR) 
-- Configuring done (0.7s)
-- Generating done (0.7s)
-- Build files have been written to: /home/kleplj/naive/optimization/naive/PolybenchC-Halide/build
[  3%] Building CXX object CMakeFiles/correlation.dir/datamining/correlation/correlation.cpp.o
[  8%] Building CXX object CMakeFiles/covariance.dir/datamining/covariance/covariance.cpp.o
[ 13%] Building CXX object CMakeFiles/gesummv.dir/linear-algebra/blas/gesummv/gesummv.cpp.o
[ 13%] Building CXX object CMakeFiles/trmm.dir/linear-algebra/blas/trmm/trmm.cpp.o
[ 13%] Building CXX object CMakeFiles/symm.dir/linear-algebra/blas/symm/symm.cpp.o
[ 13%] Building CXX object CMakeFiles/gemm.dir/linear-algebra/blas/gemm/gemm.cpp.o
[ 25%] Building CXX object CMakeFiles/2mm.dir/linear-algebra/kernels/2mm/2mm.cpp.o
[ 25%] Building CXX object CMakeFiles/doitgen.dir/linear-algebra/kernels/doitgen/doitgen.cpp.o
[ 25%] Building CXX object CMakeFiles/syr2k.dir/linear-algebra/blas/syr2k/syr2k.cpp.o
[ 25%] Building CXX object CMakeFiles/3mm.dir/linear-algebra/kernels/3mm/3mm.cpp.o
[ 25%] Building CXX object CMakeFiles/gemver.dir/linear-algebra/blas/gemver/gemver.cpp.o
[ 25%] Building CXX object CMakeFiles/syrk.dir/linear-algebra/blas/syrk/syrk.cpp.o
[ 38%] Building CXX object CMakeFiles/atax.dir/linear-algebra/kernels/atax/atax.cpp.o
[ 50%] Building CXX object CMakeFiles/mvt.dir/linear-algebra/kernels/mvt/mvt.cpp.o
[ 50%] Building CXX object CMakeFiles/bicg.dir/linear-algebra/kernels/bicg/bicg.cpp.o
[ 50%] Building CXX object CMakeFiles/durbin.dir/linear-algebra/solvers/durbin/durbin.cpp.o
[ 50%] Building CXX object CMakeFiles/lu.dir/linear-algebra/solvers/lu/lu.cpp.o
[ 50%] Building CXX object CMakeFiles/ludcmp.dir/linear-algebra/solvers/ludcmp/ludcmp.cpp.o
[ 50%] Building CXX object CMakeFiles/cholesky.dir/linear-algebra/solvers/cholesky/cholesky.cpp.o
[ 50%] Building CXX object CMakeFiles/deriche.dir/medley/deriche/deriche.cpp.o
[ 50%] Building CXX object CMakeFiles/adi.dir/stencils/adi/adi.cpp.o
[ 50%] Building CXX object CMakeFiles/jacobi-1d.dir/stencils/jacobi-1d/jacobi-1d.cpp.o
[ 50%] Building CXX object CMakeFiles/gramschmidt.dir/linear-algebra/solvers/gramschmidt/gramschmidt.cpp.o
[ 50%] Building CXX object CMakeFiles/trisolv.dir/linear-algebra/solvers/trisolv/trisolv.cpp.o
[ 50%] Building CXX object CMakeFiles/fdtd-2d.dir/stencils/fdtd-2d/fdtd-2d.cpp.o
[ 50%] Building CXX object CMakeFiles/nussinov.dir/medley/nussinov/nussinov.cpp.o
[ 50%] Building CXX object CMakeFiles/floyd-warshall.dir/medley/floyd-warshall/floyd-warshall.cpp.o
[ 50%] Building CXX object CMakeFiles/heat-3d.dir/stencils/heat-3d/heat-3d.cpp.o
[ 50%] Building CXX object CMakeFiles/seidel-2d.dir/stencils/seidel-2d/seidel-2d.cpp.o
[ 50%] Building CXX object CMakeFiles/jacobi-2d.dir/stencils/jacobi-2d/jacobi-2d.cpp.o
[ 51%] Linking CXX executable gemver
[ 53%] Linking CXX executable gramschmidt
[ 55%] Linking CXX executable cholesky
[ 55%] Built target cholesky
[ 56%] Linking CXX executable floyd-warshall
[ 58%] Linking CXX executable adi
[ 58%] Built target floyd-warshall
[ 60%] Linking CXX executable symm
[ 61%] Linking CXX executable jacobi-1d
[ 63%] Linking CXX executable jacobi-2d
[ 65%] Linking CXX executable syr2k
[ 65%] Built target adi
[ 65%] Built target symm
[ 65%] Built target jacobi-2d
[ 65%] Built target jacobi-1d
[ 65%] Built target syr2k
[ 68%] Linking CXX executable covariance
[ 68%] Linking CXX executable durbin
[ 70%] Linking CXX executable 3mm
[ 71%] Linking CXX executable correlation
[ 71%] Built target covariance
[ 73%] Linking CXX executable gesummv
[ 73%] Built target durbin
[ 73%] Built target 3mm
[ 73%] Built target correlation
[ 75%] Linking CXX executable mvt
[ 75%] Built target gesummv
[ 76%] Linking CXX executable atax
[ 78%] Linking CXX executable bicg
[ 78%] Built target mvt
[ 80%] Linking CXX executable heat-3d
[ 80%] Built target atax
[ 81%] Linking CXX executable trisolv
[ 81%] Built target bicg
[ 81%] Built target heat-3d
[ 81%] Built target trisolv
[ 83%] Linking CXX executable fdtd-2d
[ 85%] Linking CXX executable nussinov
[ 85%] Built target fdtd-2d
[ 85%] Built target nussinov
[ 86%] Linking CXX executable ludcmp
[ 86%] Built target ludcmp
Skipping halide naive floyd-warshall repetition 3 for dataset size SMALL (already done).
Skipping halide naive floyd-warshall repetition 3 for dataset size SMALL (already done).
Skipping halide naive heat-3d repetition 3 for dataset size SMALL (already done).
Skipping halide naive heat-3d repetition 3 for dataset size SMALL (already done).
Skipping halide naive jacobi-2d repetition 3 for dataset size SMALL (already done).
Skipping halide naive jacobi-2d repetition 3 for dataset size SMALL (already done).
Skipping halide naive ludcmp repetition 3 for dataset size SMALL (already done).
Skipping halide naive ludcmp repetition 3 for dataset size SMALL (already done).
Skipping halide naive mvt repetition 3 for dataset size SMALL (already done).
Skipping halide naive mvt repetition 3 for dataset size SMALL (already done).
Skipping halide naive symm repetition 3 for dataset size SMALL (already done).
Skipping halide naive symm repetition 3 for dataset size SMALL (already done).
-- The CXX compiler identification is GNU 15.2.0
-- Detecting CXX compiler ABI info
-- Detecting CXX compiler ABI info - done
-- Check for working CXX compiler: /usr/local/latestgcc/bin/g++ - skipped
-- Detecting CXX compile features
-- Detecting CXX compile features - done
-- Found Python: /home/kleplj/naive/gpt-querying/.venv/bin/python3.9 (found suitable version "3.9.21", minimum required is "3") found components: Interpreter Development.Module
-- Halide 'host' platform triple:   x86-64-linux
-- Halide 'cmake' platform triple:  x86-64-linux
-- Halide default AOT target:       host
-- Found ZLIB: /usr/lib64/libz.so (found version "1.2.11")
-- Could NOT find PNG (missing: PNG_LIBRARY PNG_PNG_INCLUDE_DIR) 
-- Could NOT find JPEG (missing: JPEG_LIBRARY JPEG_INCLUDE_DIR) 
-- Configuring done (0.7s)
-- Generating done (0.7s)
-- Build files have been written to: /home/kleplj/naive/optimization/naive/PolybenchC-Halide/build
[  5%] Building CXX object CMakeFiles/covariance.dir/datamining/covariance/covariance.cpp.o
[  5%] Building CXX object CMakeFiles/correlation.dir/datamining/correlation/correlation.cpp.o
[  8%] Building CXX object CMakeFiles/gemm.dir/linear-algebra/blas/gemm/gemm.cpp.o
[ 15%] Building CXX object CMakeFiles/syr2k.dir/linear-algebra/blas/syr2k/syr2k.cpp.o
[ 15%] Building CXX object CMakeFiles/gesummv.dir/linear-algebra/blas/gesummv/gesummv.cpp.o
[ 15%] Building CXX object CMakeFiles/gemver.dir/linear-algebra/blas/gemver/gemver.cpp.o
[ 26%] Building CXX object CMakeFiles/2mm.dir/linear-algebra/kernels/2mm/2mm.cpp.o
[ 26%] Building CXX object CMakeFiles/trmm.dir/linear-algebra/blas/trmm/trmm.cpp.o
[ 26%] Building CXX object CMakeFiles/bicg.dir/linear-algebra/kernels/bicg/bicg.cpp.o
[ 26%] Building CXX object CMakeFiles/atax.dir/linear-algebra/kernels/atax/atax.cpp.o
[ 26%] Building CXX object CMakeFiles/symm.dir/linear-algebra/blas/symm/symm.cpp.o
[ 26%] Building CXX object CMakeFiles/3mm.dir/linear-algebra/kernels/3mm/3mm.cpp.o
[ 26%] Building CXX object CMakeFiles/syrk.dir/linear-algebra/blas/syrk/syrk.cpp.o
[ 26%] Building CXX object CMakeFiles/gramschmidt.dir/linear-algebra/solvers/gramschmidt/gramschmidt.cpp.o
[ 40%] Building CXX object CMakeFiles/deriche.dir/medley/deriche/deriche.cpp.o
[ 50%] Building CXX object CMakeFiles/jacobi-2d.dir/stencils/jacobi-2d/jacobi-2d.cpp.o
[ 50%] Building CXX object CMakeFiles/nussinov.dir/medley/nussinov/nussinov.cpp.o
[ 50%] Building CXX object CMakeFiles/adi.dir/stencils/adi/adi.cpp.o
[ 50%] Building CXX object CMakeFiles/trisolv.dir/linear-algebra/solvers/trisolv/trisolv.cpp.o
[ 50%] Building CXX object CMakeFiles/ludcmp.dir/linear-algebra/solvers/ludcmp/ludcmp.cpp.o
[ 50%] Building CXX object CMakeFiles/lu.dir/linear-algebra/solvers/lu/lu.cpp.o
[ 50%] Building CXX object CMakeFiles/mvt.dir/linear-algebra/kernels/mvt/mvt.cpp.o
[ 50%] Building CXX object CMakeFiles/durbin.dir/linear-algebra/solvers/durbin/durbin.cpp.o
[ 50%] Building CXX object CMakeFiles/cholesky.dir/linear-algebra/solvers/cholesky/cholesky.cpp.o
[ 50%] Building CXX object CMakeFiles/heat-3d.dir/stencils/heat-3d/heat-3d.cpp.o
[ 50%] Building CXX object CMakeFiles/floyd-warshall.dir/medley/floyd-warshall/floyd-warshall.cpp.o
[ 50%] Building CXX object CMakeFiles/fdtd-2d.dir/stencils/fdtd-2d/fdtd-2d.cpp.o
[ 50%] Building CXX object CMakeFiles/doitgen.dir/linear-algebra/kernels/doitgen/doitgen.cpp.o
[ 50%] Building CXX object CMakeFiles/seidel-2d.dir/stencils/seidel-2d/seidel-2d.cpp.o
[ 50%] Building CXX object CMakeFiles/jacobi-1d.dir/stencils/jacobi-1d/jacobi-1d.cpp.o
[ 51%] Linking CXX executable gemver
[ 53%] Linking CXX executable gramschmidt
[ 55%] Linking CXX executable cholesky
[ 56%] Linking CXX executable adi
[ 56%] Built target cholesky
[ 56%] Built target adi
[ 58%] Linking CXX executable floyd-warshall
[ 60%] Linking CXX executable syr2k
[ 61%] Linking CXX executable syrk
[ 61%] Built target floyd-warshall
[ 63%] Linking CXX executable jacobi-2d
[ 65%] Linking CXX executable jacobi-1d
[ 66%] Linking CXX executable gemm
[ 66%] Built target syr2k
[ 66%] Built target syrk
[ 68%] Linking CXX executable symm
[ 68%] Built target jacobi-2d
[ 70%] Linking CXX executable 2mm
[ 70%] Built target jacobi-1d
[ 70%] Built target gemm
[ 71%] Linking CXX executable correlation
[ 71%] Built target symm
[ 71%] Built target 2mm
[ 73%] Linking CXX executable durbin
[ 75%] Linking CXX executable 3mm
[ 76%] Linking CXX executable gesummv
[ 76%] Built target correlation
[ 78%] Linking CXX executable doitgen
[ 80%] Linking CXX executable covariance
[ 80%] Built target durbin
[ 80%] Built target 3mm
[ 80%] Built target gesummv
[ 81%] Linking CXX executable nussinov
[ 81%] Built target doitgen
[ 81%] Built target covariance
[ 83%] Linking CXX executable heat-3d
[ 85%] Built target nussinov
[ 85%] Linking CXX executable trisolv
[ 86%] Linking CXX executable bicg
[ 88%] Linking CXX executable mvt
[ 88%] Built target heat-3d
[ 88%] Built target trisolv
[ 88%] Built target bicg
[ 88%] Built target mvt
[ 90%] Linking CXX executable fdtd-2d
[ 90%] Built target fdtd-2d
[ 91%] Linking CXX executable atax
[ 93%] Linking CXX executable ludcmp
[ 93%] Built target atax
[ 93%] Built target ludcmp
Skipping halide naive adi repetition 4 for dataset size SMALL (already done).
Skipping halide naive adi repetition 4 for dataset size SMALL (already done).
Skipping halide naive cholesky repetition 4 for dataset size SMALL (already done).
Skipping halide naive cholesky repetition 4 for dataset size SMALL (already done).
Skipping halide naive correlation repetition 4 for dataset size SMALL (already done).
Skipping halide naive correlation repetition 4 for dataset size SMALL (already done).
Skipping halide naive covariance repetition 4 for dataset size SMALL (already done).
Skipping halide naive covariance repetition 4 for dataset size SMALL (already done).
Skipping halide naive floyd-warshall repetition 4 for dataset size SMALL (already done).
Skipping halide naive floyd-warshall repetition 4 for dataset size SMALL (already done).
Skipping halide naive gesummv repetition 4 for dataset size SMALL (already done).
Skipping halide naive gesummv repetition 4 for dataset size SMALL (already done).
Skipping halide naive jacobi-2d repetition 4 for dataset size SMALL (already done).
Skipping halide naive jacobi-2d repetition 4 for dataset size SMALL (already done).
Skipping halide naive syr2k repetition 4 for dataset size SMALL (already done).
Skipping halide naive syr2k repetition 4 for dataset size SMALL (already done).
-- The CXX compiler identification is GNU 15.2.0
-- Detecting CXX compiler ABI info
-- Detecting CXX compiler ABI info - done
-- Check for working CXX compiler: /usr/local/latestgcc/bin/g++ - skipped
-- Detecting CXX compile features
-- Detecting CXX compile features - done
-- Found Python: /home/kleplj/naive/gpt-querying/.venv/bin/python3.9 (found suitable version "3.9.21", minimum required is "3") found components: Interpreter Development.Module
-- Halide 'host' platform triple:   x86-64-linux
-- Halide 'cmake' platform triple:  x86-64-linux
-- Halide default AOT target:       host
-- Found ZLIB: /usr/lib64/libz.so (found version "1.2.11")
-- Could NOT find PNG (missing: PNG_LIBRARY PNG_PNG_INCLUDE_DIR) 
-- Could NOT find JPEG (missing: JPEG_LIBRARY JPEG_INCLUDE_DIR) 
-- Configuring done (0.7s)
-- Generating done (0.7s)
-- Build files have been written to: /home/kleplj/naive/optimization/naive/PolybenchC-Halide/build
[ 11%] Building CXX object CMakeFiles/covariance.dir/datamining/covariance/covariance.cpp.o
[ 11%] Building CXX object CMakeFiles/gemver.dir/linear-algebra/blas/gemver/gemver.cpp.o
[ 11%] Building CXX object CMakeFiles/gemm.dir/linear-algebra/blas/gemm/gemm.cpp.o
[ 11%] Building CXX object CMakeFiles/correlation.dir/datamining/correlation/correlation.cpp.o
[ 23%] Building CXX object CMakeFiles/syr2k.dir/linear-algebra/blas/syr2k/syr2k.cpp.o
[ 23%] Building CXX object CMakeFiles/3mm.dir/linear-algebra/kernels/3mm/3mm.cpp.o
[ 23%] Building CXX object CMakeFiles/2mm.dir/linear-algebra/kernels/2mm/2mm.cpp.o
[ 23%] Building CXX object CMakeFiles/trmm.dir/linear-algebra/blas/trmm/trmm.cpp.o
[ 23%] Building CXX object CMakeFiles/atax.dir/linear-algebra/kernels/atax/atax.cpp.o
[ 23%] Building CXX object CMakeFiles/gesummv.dir/linear-algebra/blas/gesummv/gesummv.cpp.o
[ 23%] Building CXX object CMakeFiles/symm.dir/linear-algebra/blas/symm/symm.cpp.o
[ 23%] Building CXX object CMakeFiles/syrk.dir/linear-algebra/blas/syrk/syrk.cpp.o
[ 40%] Building CXX object CMakeFiles/ludcmp.dir/linear-algebra/solvers/ludcmp/ludcmp.cpp.o
[ 50%] Building CXX object CMakeFiles/deriche.dir/medley/deriche/deriche.cpp.o
[ 50%] Building CXX object CMakeFiles/lu.dir/linear-algebra/solvers/lu/lu.cpp.o
[ 50%] Building CXX object CMakeFiles/durbin.dir/linear-algebra/solvers/durbin/durbin.cpp.o
[ 50%] Building CXX object CMakeFiles/heat-3d.dir/stencils/heat-3d/heat-3d.cpp.o
[ 50%] Building CXX object CMakeFiles/doitgen.dir/linear-algebra/kernels/doitgen/doitgen.cpp.o
[ 50%] Building CXX object CMakeFiles/bicg.dir/linear-algebra/kernels/bicg/bicg.cpp.o
[ 50%] Building CXX object CMakeFiles/gramschmidt.dir/linear-algebra/solvers/gramschmidt/gramschmidt.cpp.o
[ 50%] Building CXX object CMakeFiles/cholesky.dir/linear-algebra/solvers/cholesky/cholesky.cpp.o
[ 50%] Building CXX object CMakeFiles/nussinov.dir/medley/nussinov/nussinov.cpp.o
[ 50%] Building CXX object CMakeFiles/fdtd-2d.dir/stencils/fdtd-2d/fdtd-2d.cpp.o
[ 50%] Building CXX object CMakeFiles/mvt.dir/linear-algebra/kernels/mvt/mvt.cpp.o
[ 50%] Building CXX object CMakeFiles/floyd-warshall.dir/medley/floyd-warshall/floyd-warshall.cpp.o
[ 50%] Building CXX object CMakeFiles/trisolv.dir/linear-algebra/solvers/trisolv/trisolv.cpp.o
[ 50%] Building CXX object CMakeFiles/seidel-2d.dir/stencils/seidel-2d/seidel-2d.cpp.o
[ 50%] Building CXX object CMakeFiles/jacobi-1d.dir/stencils/jacobi-1d/jacobi-1d.cpp.o
[ 50%] Building CXX object CMakeFiles/jacobi-2d.dir/stencils/jacobi-2d/jacobi-2d.cpp.o
[ 50%] Building CXX object CMakeFiles/adi.dir/stencils/adi/adi.cpp.o
[ 51%] Linking CXX executable gemver
[ 53%] Linking CXX executable gramschmidt
[ 55%] Linking CXX executable cholesky
[ 55%] Built target cholesky
[ 56%] Linking CXX executable trmm
[ 58%] Linking CXX executable floyd-warshall
[ 60%] Linking CXX executable syr2k
[ 61%] Linking CXX executable durbin
[ 63%] Linking CXX executable covariance
[ 63%] Built target floyd-warshall
[ 63%] Built target trmm
[ 63%] Built target syr2k
[ 65%] Linking CXX executable jacobi-1d
[ 65%] Built target durbin
[ 65%] Built target covariance
[ 66%] Linking CXX executable symm
[ 68%] Linking CXX executable jacobi-2d
[ 70%] Linking CXX executable lu
[ 70%] Built target jacobi-1d
[ 71%] Linking CXX executable gemm
[ 73%] Linking CXX executable deriche
[ 75%] Linking CXX executable syrk
[ 75%] Built target symm
[ 76%] Linking CXX executable 2mm
[ 76%] Built target jacobi-2d
[ 76%] Built target lu
[ 76%] Built target gemm
[ 76%] Built target deriche
[ 76%] Built target syrk
[ 76%] Built target 2mm
[ 78%] Linking CXX executable heat-3d
[ 80%] Linking CXX executable gesummv
[ 81%] Linking CXX executable correlation
[ 83%] Linking CXX executable seidel-2d
[ 85%] Linking CXX executable 3mm
[ 85%] Built target heat-3d
[ 85%] Built target gesummv
[ 85%] Built target correlation
[ 85%] Built target seidel-2d
[ 85%] Built target 3mm
[ 86%] Linking CXX executable doitgen
[ 88%] Linking CXX executable bicg
[ 90%] Linking CXX executable mvt
[ 90%] Built target doitgen
[ 91%] Linking CXX executable trisolv
[ 91%] Built target bicg
[ 91%] Built target mvt
[ 91%] Built target trisolv
[ 93%] Linking CXX executable fdtd-2d
[ 93%] Built target fdtd-2d
[ 95%] Linking CXX executable adi
[ 95%] Built target adi
[ 96%] Linking CXX executable ludcmp
[ 96%] Built target ludcmp
Skipping halide naive correlation repetition 5 for dataset size SMALL (already done).
Skipping halide naive correlation repetition 5 for dataset size SMALL (already done).
Skipping halide naive covariance repetition 5 for dataset size SMALL (already done).
Skipping halide naive covariance repetition 5 for dataset size SMALL (already done).
Skipping halide naive deriche repetition 5 for dataset size SMALL (already done).
Skipping halide naive deriche repetition 5 for dataset size SMALL (already done).
Skipping halide naive fdtd-2d repetition 5 for dataset size SMALL (already done).
Skipping halide naive fdtd-2d repetition 5 for dataset size SMALL (already done).
Skipping halide naive floyd-warshall repetition 5 for dataset size SMALL (already done).
Skipping halide naive floyd-warshall repetition 5 for dataset size SMALL (already done).
Skipping halide naive gesummv repetition 5 for dataset size SMALL (already done).
Skipping halide naive gesummv repetition 5 for dataset size SMALL (already done).
Skipping halide naive heat-3d repetition 5 for dataset size SMALL (already done).
Skipping halide naive heat-3d repetition 5 for dataset size SMALL (already done).
Skipping halide naive seidel-2d repetition 5 for dataset size SMALL (already done).
Skipping halide naive seidel-2d repetition 5 for dataset size SMALL (already done).
Skipping halide naive syrk repetition 5 for dataset size SMALL (already done).
Skipping halide naive syrk repetition 5 for dataset size SMALL (already done).
Skipping halide naive trisolv repetition 5 for dataset size SMALL (already done).
Skipping halide naive trisolv repetition 5 for dataset size SMALL (already done).
Generated C for 'gesummv' in /home/kleplj/naive/optimization/naive/PolybenchC-Exo/build/generated/gesummv
Built gesummv executable.
Generated C for 'symm' in /home/kleplj/naive/optimization/naive/PolybenchC-Exo/build/generated/symm
Built symm executable.
Generated C for 'syr2k' in /home/kleplj/naive/optimization/naive/PolybenchC-Exo/build/generated/syr2k
Built syr2k executable.
Generated C for 'syrk' in /home/kleplj/naive/optimization/naive/PolybenchC-Exo/build/generated/syrk
Built syrk executable.
Generated C for '2mm' in /home/kleplj/naive/optimization/naive/PolybenchC-Exo/build/generated/2mm
Built 2mm executable.
Generated C for '3mm' in /home/kleplj/naive/optimization/naive/PolybenchC-Exo/build/generated/3mm
Built 3mm executable.
Generated C for 'bicg' in /home/kleplj/naive/optimization/naive/PolybenchC-Exo/build/generated/bicg
Built bicg executable.
Generated C for 'cholesky' in /home/kleplj/naive/optimization/naive/PolybenchC-Exo/build/generated/cholesky
Built cholesky executable.
Generated C for 'gramschmidt' in /home/kleplj/naive/optimization/naive/PolybenchC-Exo/build/generated/gramschmidt
Generated C for 'lu' in /home/kleplj/naive/optimization/naive/PolybenchC-Exo/build/generated/lu
Built lu executable.
Generated C for 'ludcmp' in /home/kleplj/naive/optimization/naive/PolybenchC-Exo/build/generated/ludcmp
Built ludcmp executable.
Generated C for 'trisolv' in /home/kleplj/naive/optimization/naive/PolybenchC-Exo/build/generated/trisolv
Built trisolv executable.
Generated C for 'covariance' in /home/kleplj/naive/optimization/naive/PolybenchC-Exo/build/generated/covariance
Built covariance executable.
Generated C for 'adi' in /home/kleplj/naive/optimization/naive/PolybenchC-Exo/build/generated/adi
Built adi executable.
Generated C for 'fdtd-2d' in /home/kleplj/naive/optimization/naive/PolybenchC-Exo/build/generated/fdtd-2d
Built fdtd-2d executable.
Generated C for 'jacobi-1d' in /home/kleplj/naive/optimization/naive/PolybenchC-Exo/build/generated/jacobi-1d
Built jacobi-1d executable.
Generated C for 'floyd-warshall' in /home/kleplj/naive/optimization/naive/PolybenchC-Exo/build/generated/floyd-warshall
Built floyd-warshall executable.
Generated C for 'nussinov' in /home/kleplj/naive/optimization/naive/PolybenchC-Exo/build/generated/nussinov
Built nussinov executable.
Exo build complete. Generated sources in: /home/kleplj/naive/optimization/naive/PolybenchC-Exo/build
Removing temp dir /tmp/slurm.151218/tmp.5b0msFQwiy
Skipping exo naive 2mm repetition 1 for dataset size SMALL (already done).
Skipping exo naive 2mm repetition 1 for dataset size SMALL (already done).
Skipping exo naive 3mm repetition 1 for dataset size SMALL (already done).
Skipping exo naive 3mm repetition 1 for dataset size SMALL (already done).
Skipping exo naive adi repetition 1 for dataset size SMALL (already done).
Skipping exo naive adi repetition 1 for dataset size SMALL (already done).
Skipping exo naive bicg repetition 1 for dataset size SMALL (already done).
Skipping exo naive bicg repetition 1 for dataset size SMALL (already done).
Skipping exo naive cholesky repetition 1 for dataset size SMALL (already done).
Skipping exo naive cholesky repetition 1 for dataset size SMALL (already done).
Skipping exo naive covariance repetition 1 for dataset size SMALL (already done).
Skipping exo naive covariance repetition 1 for dataset size SMALL (already done).
Skipping exo naive fdtd-2d repetition 1 for dataset size SMALL (already done).
Skipping exo naive fdtd-2d repetition 1 for dataset size SMALL (already done).
Skipping exo naive floyd-warshall repetition 1 for dataset size SMALL (already done).
Skipping exo naive floyd-warshall repetition 1 for dataset size SMALL (already done).
Skipping exo naive gesummv repetition 1 for dataset size SMALL (already done).
Skipping exo naive gesummv repetition 1 for dataset size SMALL (already done).
Skipping exo naive jacobi-1d repetition 1 for dataset size SMALL (already done).
Skipping exo naive jacobi-1d repetition 1 for dataset size SMALL (already done).
Skipping exo naive lu repetition 1 for dataset size SMALL (already done).
Skipping exo naive lu repetition 1 for dataset size SMALL (already done).
Skipping exo naive ludcmp repetition 1 for dataset size SMALL (already done).
Skipping exo naive ludcmp repetition 1 for dataset size SMALL (already done).
Skipping exo naive nussinov repetition 1 for dataset size SMALL (already done).
Skipping exo naive nussinov repetition 1 for dataset size SMALL (already done).
Skipping exo naive symm repetition 1 for dataset size SMALL (already done).
Skipping exo naive symm repetition 1 for dataset size SMALL (already done).
Skipping exo naive syr2k repetition 1 for dataset size SMALL (already done).
Skipping exo naive syr2k repetition 1 for dataset size SMALL (already done).
Skipping exo naive syrk repetition 1 for dataset size SMALL (already done).
Skipping exo naive syrk repetition 1 for dataset size SMALL (already done).
Skipping exo naive trisolv repetition 1 for dataset size SMALL (already done).
Skipping exo naive trisolv repetition 1 for dataset size SMALL (already done).
Generated C for 'gemm' in /home/kleplj/naive/optimization/naive/PolybenchC-Exo/build/generated/gemm
Built gemm executable.
Generated C for 'gemver' in /home/kleplj/naive/optimization/naive/PolybenchC-Exo/build/generated/gemver
Generated C for 'gesummv' in /home/kleplj/naive/optimization/naive/PolybenchC-Exo/build/generated/gesummv
Built gesummv executable.
Generated C for 'symm' in /home/kleplj/naive/optimization/naive/PolybenchC-Exo/build/generated/symm
Built symm executable.
Generated C for 'syr2k' in /home/kleplj/naive/optimization/naive/PolybenchC-Exo/build/generated/syr2k
Built syr2k executable.
Generated C for 'syrk' in /home/kleplj/naive/optimization/naive/PolybenchC-Exo/build/generated/syrk
Built syrk executable.
Generated C for 'trmm' in /home/kleplj/naive/optimization/naive/PolybenchC-Exo/build/generated/trmm
Built trmm executable.
Generated C for '2mm' in /home/kleplj/naive/optimization/naive/PolybenchC-Exo/build/generated/2mm
Built 2mm executable.
Generated C for '3mm' in /home/kleplj/naive/optimization/naive/PolybenchC-Exo/build/generated/3mm
Built 3mm executable.
Generated C for 'bicg' in /home/kleplj/naive/optimization/naive/PolybenchC-Exo/build/generated/bicg
Built bicg executable.
Generated C for 'doitgen' in /home/kleplj/naive/optimization/naive/PolybenchC-Exo/build/generated/doitgen
Built doitgen executable.
Generated C for 'mvt' in /home/kleplj/naive/optimization/naive/PolybenchC-Exo/build/generated/mvt
Built mvt executable.
Generated C for 'cholesky' in /home/kleplj/naive/optimization/naive/PolybenchC-Exo/build/generated/cholesky
Built cholesky executable.
Generated C for 'lu' in /home/kleplj/naive/optimization/naive/PolybenchC-Exo/build/generated/lu
Built lu executable.
Generated C for 'ludcmp' in /home/kleplj/naive/optimization/naive/PolybenchC-Exo/build/generated/ludcmp
Built ludcmp executable.
Generated C for 'trisolv' in /home/kleplj/naive/optimization/naive/PolybenchC-Exo/build/generated/trisolv
Generated C for 'correlation' in /home/kleplj/naive/optimization/naive/PolybenchC-Exo/build/generated/correlation
Built correlation executable.
Generated C for 'covariance' in /home/kleplj/naive/optimization/naive/PolybenchC-Exo/build/generated/covariance
Built covariance executable.
Generated C for 'adi' in /home/kleplj/naive/optimization/naive/PolybenchC-Exo/build/generated/adi
Built adi executable.
Generated C for 'fdtd-2d' in /home/kleplj/naive/optimization/naive/PolybenchC-Exo/build/generated/fdtd-2d
Built fdtd-2d executable.
Generated C for 'heat-3d' in /home/kleplj/naive/optimization/naive/PolybenchC-Exo/build/generated/heat-3d
Built heat-3d executable.
Generated C for 'jacobi-1d' in /home/kleplj/naive/optimization/naive/PolybenchC-Exo/build/generated/jacobi-1d
Built jacobi-1d executable.
Generated C for 'nussinov' in /home/kleplj/naive/optimization/naive/PolybenchC-Exo/build/generated/nussinov
Built nussinov executable.
Exo build complete. Generated sources in: /home/kleplj/naive/optimization/naive/PolybenchC-Exo/build
Removing temp dir /tmp/slurm.151218/tmp.rChBU1fSoL
Skipping exo naive 2mm repetition 2 for dataset size SMALL (already done).
Skipping exo naive 2mm repetition 2 for dataset size SMALL (already done).
Skipping exo naive 3mm repetition 2 for dataset size SMALL (already done).
Skipping exo naive 3mm repetition 2 for dataset size SMALL (already done).
Skipping exo naive adi repetition 2 for dataset size SMALL (already done).
Skipping exo naive adi repetition 2 for dataset size SMALL (already done).
Skipping exo naive bicg repetition 2 for dataset size SMALL (already done).
Skipping exo naive bicg repetition 2 for dataset size SMALL (already done).
Skipping exo naive correlation repetition 2 for dataset size SMALL (already done).
Skipping exo naive correlation repetition 2 for dataset size SMALL (already done).
Skipping exo naive covariance repetition 2 for dataset size SMALL (already done).
Skipping exo naive covariance repetition 2 for dataset size SMALL (already done).
Skipping exo naive doitgen repetition 2 for dataset size SMALL (already done).
Skipping exo naive doitgen repetition 2 for dataset size SMALL (already done).
Skipping exo naive fdtd-2d repetition 2 for dataset size SMALL (already done).
Skipping exo naive fdtd-2d repetition 2 for dataset size SMALL (already done).
Skipping exo naive gemm repetition 2 for dataset size SMALL (already done).
Skipping exo naive gemm repetition 2 for dataset size SMALL (already done).
Skipping exo naive gesummv repetition 2 for dataset size SMALL (already done).
Skipping exo naive gesummv repetition 2 for dataset size SMALL (already done).
Skipping exo naive heat-3d repetition 2 for dataset size SMALL (already done).
Skipping exo naive heat-3d repetition 2 for dataset size SMALL (already done).
Skipping exo naive jacobi-1d repetition 2 for dataset size SMALL (already done).
Skipping exo naive jacobi-1d repetition 2 for dataset size SMALL (already done).
Skipping exo naive lu repetition 2 for dataset size SMALL (already done).
Skipping exo naive lu repetition 2 for dataset size SMALL (already done).
Skipping exo naive ludcmp repetition 2 for dataset size SMALL (already done).
Skipping exo naive ludcmp repetition 2 for dataset size SMALL (already done).
Skipping exo naive mvt repetition 2 for dataset size SMALL (already done).
Skipping exo naive mvt repetition 2 for dataset size SMALL (already done).
Skipping exo naive nussinov repetition 2 for dataset size SMALL (already done).
Skipping exo naive nussinov repetition 2 for dataset size SMALL (already done).
Skipping exo naive symm repetition 2 for dataset size SMALL (already done).
Skipping exo naive symm repetition 2 for dataset size SMALL (already done).
Skipping exo naive syr2k repetition 2 for dataset size SMALL (already done).
Skipping exo naive syr2k repetition 2 for dataset size SMALL (already done).
Skipping exo naive syrk repetition 2 for dataset size SMALL (already done).
Skipping exo naive syrk repetition 2 for dataset size SMALL (already done).
Skipping exo naive trmm repetition 2 for dataset size SMALL (already done).
Skipping exo naive trmm repetition 2 for dataset size SMALL (already done).
Generated C for 'gemm' in /home/kleplj/naive/optimization/naive/PolybenchC-Exo/build/generated/gemm
Built gemm executable.
Generated C for 'gesummv' in /home/kleplj/naive/optimization/naive/PolybenchC-Exo/build/generated/gesummv
Built gesummv executable.
Generated C for 'syr2k' in /home/kleplj/naive/optimization/naive/PolybenchC-Exo/build/generated/syr2k
Built syr2k executable.
Generated C for 'trmm' in /home/kleplj/naive/optimization/naive/PolybenchC-Exo/build/generated/trmm
Built trmm executable.
Generated C for '3mm' in /home/kleplj/naive/optimization/naive/PolybenchC-Exo/build/generated/3mm
Built 3mm executable.
Generated C for 'bicg' in /home/kleplj/naive/optimization/naive/PolybenchC-Exo/build/generated/bicg
Built bicg executable.
Generated C for 'doitgen' in /home/kleplj/naive/optimization/naive/PolybenchC-Exo/build/generated/doitgen
Built doitgen executable.
Generated C for 'mvt' in /home/kleplj/naive/optimization/naive/PolybenchC-Exo/build/generated/mvt
Built mvt executable.
Generated C for 'cholesky' in /home/kleplj/naive/optimization/naive/PolybenchC-Exo/build/generated/cholesky
Built cholesky executable.
Generated C for 'durbin' in /home/kleplj/naive/optimization/naive/PolybenchC-Exo/build/generated/durbin
Built durbin executable.
Generated C for 'gramschmidt' in /home/kleplj/naive/optimization/naive/PolybenchC-Exo/build/generated/gramschmidt
Built gramschmidt executable.
Generated C for 'lu' in /home/kleplj/naive/optimization/naive/PolybenchC-Exo/build/generated/lu
Built lu executable.
Generated C for 'ludcmp' in /home/kleplj/naive/optimization/naive/PolybenchC-Exo/build/generated/ludcmp
Built ludcmp executable.
Generated C for 'trisolv' in /home/kleplj/naive/optimization/naive/PolybenchC-Exo/build/generated/trisolv
Built trisolv executable.
Generated C for 'correlation' in /home/kleplj/naive/optimization/naive/PolybenchC-Exo/build/generated/correlation
Built correlation executable.
Generated C for 'covariance' in /home/kleplj/naive/optimization/naive/PolybenchC-Exo/build/generated/covariance
Built covariance executable.
Generated C for 'fdtd-2d' in /home/kleplj/naive/optimization/naive/PolybenchC-Exo/build/generated/fdtd-2d
Built fdtd-2d executable.
Generated C for 'heat-3d' in /home/kleplj/naive/optimization/naive/PolybenchC-Exo/build/generated/heat-3d
Built heat-3d executable.
Generated C for 'jacobi-2d' in /home/kleplj/naive/optimization/naive/PolybenchC-Exo/build/generated/jacobi-2d
Built jacobi-2d executable.
Generated C for 'seidel-2d' in /home/kleplj/naive/optimization/naive/PolybenchC-Exo/build/generated/seidel-2d
Built seidel-2d executable.
Generated C for 'floyd-warshall' in /home/kleplj/naive/optimization/naive/PolybenchC-Exo/build/generated/floyd-warshall
Built floyd-warshall executable.
Generated C for 'nussinov' in /home/kleplj/naive/optimization/naive/PolybenchC-Exo/build/generated/nussinov
Exo build complete. Generated sources in: /home/kleplj/naive/optimization/naive/PolybenchC-Exo/build
Removing temp dir /tmp/slurm.151218/tmp.DhkyThPQbM
Skipping exo naive 3mm repetition 3 for dataset size SMALL (already done).
Skipping exo naive 3mm repetition 3 for dataset size SMALL (already done).
Skipping exo naive bicg repetition 3 for dataset size SMALL (already done).
Skipping exo naive bicg repetition 3 for dataset size SMALL (already done).
Skipping exo naive cholesky repetition 3 for dataset size SMALL (already done).
Skipping exo naive cholesky repetition 3 for dataset size SMALL (already done).
Skipping exo naive correlation repetition 3 for dataset size SMALL (already done).
Skipping exo naive correlation repetition 3 for dataset size SMALL (already done).
Skipping exo naive covariance repetition 3 for dataset size SMALL (already done).
Skipping exo naive covariance repetition 3 for dataset size SMALL (already done).
Skipping exo naive doitgen repetition 3 for dataset size SMALL (already done).
Skipping exo naive doitgen repetition 3 for dataset size SMALL (already done).
Skipping exo naive durbin repetition 3 for dataset size SMALL (already done).
Skipping exo naive durbin repetition 3 for dataset size SMALL (already done).
Skipping exo naive fdtd-2d repetition 3 for dataset size SMALL (already done).
Skipping exo naive fdtd-2d repetition 3 for dataset size SMALL (already done).
Skipping exo naive floyd-warshall repetition 3 for dataset size SMALL (already done).
Skipping exo naive floyd-warshall repetition 3 for dataset size SMALL (already done).
Skipping exo naive gemm repetition 3 for dataset size SMALL (already done).
Skipping exo naive gemm repetition 3 for dataset size SMALL (already done).
Skipping exo naive gesummv repetition 3 for dataset size SMALL (already done).
Skipping exo naive gesummv repetition 3 for dataset size SMALL (already done).
Skipping exo naive heat-3d repetition 3 for dataset size SMALL (already done).
Skipping exo naive heat-3d repetition 3 for dataset size SMALL (already done).
Skipping exo naive jacobi-2d repetition 3 for dataset size SMALL (already done).
Skipping exo naive jacobi-2d repetition 3 for dataset size SMALL (already done).
Skipping exo naive lu repetition 3 for dataset size SMALL (already done).
Skipping exo naive lu repetition 3 for dataset size SMALL (already done).
Skipping exo naive ludcmp repetition 3 for dataset size SMALL (already done).
Skipping exo naive ludcmp repetition 3 for dataset size SMALL (already done).
Skipping exo naive mvt repetition 3 for dataset size SMALL (already done).
Skipping exo naive mvt repetition 3 for dataset size SMALL (already done).
Skipping exo naive seidel-2d repetition 3 for dataset size SMALL (already done).
Skipping exo naive seidel-2d repetition 3 for dataset size SMALL (already done).
Skipping exo naive syr2k repetition 3 for dataset size SMALL (already done).
Skipping exo naive syr2k repetition 3 for dataset size SMALL (already done).
Skipping exo naive trisolv repetition 3 for dataset size SMALL (already done).
Skipping exo naive trisolv repetition 3 for dataset size SMALL (already done).
Skipping exo naive trmm repetition 3 for dataset size SMALL (already done).
Skipping exo naive trmm repetition 3 for dataset size SMALL (already done).
Generated C for 'gemm' in /home/kleplj/naive/optimization/naive/PolybenchC-Exo/build/generated/gemm
Built gemm executable.
Generated C for 'gesummv' in /home/kleplj/naive/optimization/naive/PolybenchC-Exo/build/generated/gesummv
Built gesummv executable.
Generated C for 'symm' in /home/kleplj/naive/optimization/naive/PolybenchC-Exo/build/generated/symm
Built symm executable.
Generated C for 'syr2k' in /home/kleplj/naive/optimization/naive/PolybenchC-Exo/build/generated/syr2k
Built syr2k executable.
Generated C for 'syrk' in /home/kleplj/naive/optimization/naive/PolybenchC-Exo/build/generated/syrk
Built syrk executable.
Generated C for 'trmm' in /home/kleplj/naive/optimization/naive/PolybenchC-Exo/build/generated/trmm
Built trmm executable.
Generated C for '3mm' in /home/kleplj/naive/optimization/naive/PolybenchC-Exo/build/generated/3mm
Built 3mm executable.
Generated C for 'atax' in /home/kleplj/naive/optimization/naive/PolybenchC-Exo/build/generated/atax
Built atax executable.
Generated C for 'bicg' in /home/kleplj/naive/optimization/naive/PolybenchC-Exo/build/generated/bicg
Built bicg executable.
Generated C for 'doitgen' in /home/kleplj/naive/optimization/naive/PolybenchC-Exo/build/generated/doitgen
Built doitgen executable.
Generated C for 'mvt' in /home/kleplj/naive/optimization/naive/PolybenchC-Exo/build/generated/mvt
Built mvt executable.
Generated C for 'cholesky' in /home/kleplj/naive/optimization/naive/PolybenchC-Exo/build/generated/cholesky
Built cholesky executable.
Generated C for 'durbin' in /home/kleplj/naive/optimization/naive/PolybenchC-Exo/build/generated/durbin
Built durbin executable.
Generated C for 'gramschmidt' in /home/kleplj/naive/optimization/naive/PolybenchC-Exo/build/generated/gramschmidt
Built gramschmidt executable.
Generated C for 'lu' in /home/kleplj/naive/optimization/naive/PolybenchC-Exo/build/generated/lu
Built lu executable.
Generated C for 'trisolv' in /home/kleplj/naive/optimization/naive/PolybenchC-Exo/build/generated/trisolv
Built trisolv executable.
Generated C for 'adi' in /home/kleplj/naive/optimization/naive/PolybenchC-Exo/build/generated/adi
Built adi executable.
Generated C for 'heat-3d' in /home/kleplj/naive/optimization/naive/PolybenchC-Exo/build/generated/heat-3d
Built heat-3d executable.
Generated C for 'seidel-2d' in /home/kleplj/naive/optimization/naive/PolybenchC-Exo/build/generated/seidel-2d
Built seidel-2d executable.
Exo build complete. Generated sources in: /home/kleplj/naive/optimization/naive/PolybenchC-Exo/build
Removing temp dir /tmp/slurm.151218/tmp.ia8FX7MgvG
Skipping exo naive 3mm repetition 4 for dataset size SMALL (already done).
Skipping exo naive 3mm repetition 4 for dataset size SMALL (already done).
Skipping exo naive adi repetition 4 for dataset size SMALL (already done).
Skipping exo naive adi repetition 4 for dataset size SMALL (already done).
Skipping exo naive atax repetition 4 for dataset size SMALL (already done).
Skipping exo naive atax repetition 4 for dataset size SMALL (already done).
Skipping exo naive bicg repetition 4 for dataset size SMALL (already done).
Skipping exo naive bicg repetition 4 for dataset size SMALL (already done).
Skipping exo naive cholesky repetition 4 for dataset size SMALL (already done).
Skipping exo naive cholesky repetition 4 for dataset size SMALL (already done).
Skipping exo naive doitgen repetition 4 for dataset size SMALL (already done).
Skipping exo naive doitgen repetition 4 for dataset size SMALL (already done).
Skipping exo naive durbin repetition 4 for dataset size SMALL (already done).
Skipping exo naive durbin repetition 4 for dataset size SMALL (already done).
Skipping exo naive gemm repetition 4 for dataset size SMALL (already done).
Skipping exo naive gemm repetition 4 for dataset size SMALL (already done).
Skipping exo naive gesummv repetition 4 for dataset size SMALL (already done).
Skipping exo naive gesummv repetition 4 for dataset size SMALL (already done).
Skipping exo naive heat-3d repetition 4 for dataset size SMALL (already done).
Skipping exo naive heat-3d repetition 4 for dataset size SMALL (already done).
Skipping exo naive lu repetition 4 for dataset size SMALL (already done).
Skipping exo naive lu repetition 4 for dataset size SMALL (already done).
Skipping exo naive mvt repetition 4 for dataset size SMALL (already done).
Skipping exo naive mvt repetition 4 for dataset size SMALL (already done).
Skipping exo naive symm repetition 4 for dataset size SMALL (already done).
Skipping exo naive symm repetition 4 for dataset size SMALL (already done).
Skipping exo naive syr2k repetition 4 for dataset size SMALL (already done).
Skipping exo naive syr2k repetition 4 for dataset size SMALL (already done).
Skipping exo naive syrk repetition 4 for dataset size SMALL (already done).
Skipping exo naive syrk repetition 4 for dataset size SMALL (already done).
Skipping exo naive trisolv repetition 4 for dataset size SMALL (already done).
Skipping exo naive trisolv repetition 4 for dataset size SMALL (already done).
Skipping exo naive trmm repetition 4 for dataset size SMALL (already done).
Skipping exo naive trmm repetition 4 for dataset size SMALL (already done).
Generated C for 'gemver' in /home/kleplj/naive/optimization/naive/PolybenchC-Exo/build/generated/gemver
Built gemver executable.
Generated C for 'gesummv' in /home/kleplj/naive/optimization/naive/PolybenchC-Exo/build/generated/gesummv
Built gesummv executable.
Generated C for 'symm' in /home/kleplj/naive/optimization/naive/PolybenchC-Exo/build/generated/symm
Built symm executable.
Generated C for 'syr2k' in /home/kleplj/naive/optimization/naive/PolybenchC-Exo/build/generated/syr2k
Built syr2k executable.
Generated C for 'syrk' in /home/kleplj/naive/optimization/naive/PolybenchC-Exo/build/generated/syrk
Built syrk executable.
Generated C for 'trmm' in /home/kleplj/naive/optimization/naive/PolybenchC-Exo/build/generated/trmm
Built trmm executable.
Generated C for '2mm' in /home/kleplj/naive/optimization/naive/PolybenchC-Exo/build/generated/2mm
Built 2mm executable.
Generated C for '3mm' in /home/kleplj/naive/optimization/naive/PolybenchC-Exo/build/generated/3mm
Built 3mm executable.
Generated C for 'bicg' in /home/kleplj/naive/optimization/naive/PolybenchC-Exo/build/generated/bicg
Built bicg executable.
Generated C for 'doitgen' in /home/kleplj/naive/optimization/naive/PolybenchC-Exo/build/generated/doitgen
Built doitgen executable.
Generated C for 'mvt' in /home/kleplj/naive/optimization/naive/PolybenchC-Exo/build/generated/mvt
Generated C for 'cholesky' in /home/kleplj/naive/optimization/naive/PolybenchC-Exo/build/generated/cholesky
Built cholesky executable.
Generated C for 'gramschmidt' in /home/kleplj/naive/optimization/naive/PolybenchC-Exo/build/generated/gramschmidt
Built gramschmidt executable.
Generated C for 'lu' in /home/kleplj/naive/optimization/naive/PolybenchC-Exo/build/generated/lu
Built lu executable.
Generated C for 'ludcmp' in /home/kleplj/naive/optimization/naive/PolybenchC-Exo/build/generated/ludcmp
Built ludcmp executable.
Generated C for 'trisolv' in /home/kleplj/naive/optimization/naive/PolybenchC-Exo/build/generated/trisolv
Built trisolv executable.
Generated C for 'correlation' in /home/kleplj/naive/optimization/naive/PolybenchC-Exo/build/generated/correlation
Built correlation executable.
Generated C for 'covariance' in /home/kleplj/naive/optimization/naive/PolybenchC-Exo/build/generated/covariance
Built covariance executable.
Generated C for 'jacobi-1d' in /home/kleplj/naive/optimization/naive/PolybenchC-Exo/build/generated/jacobi-1d
Built jacobi-1d executable.
Generated C for 'seidel-2d' in /home/kleplj/naive/optimization/naive/PolybenchC-Exo/build/generated/seidel-2d
Generated C for 'deriche' in /home/kleplj/naive/optimization/naive/PolybenchC-Exo/build/generated/deriche
Built deriche executable.
Generated C for 'floyd-warshall' in /home/kleplj/naive/optimization/naive/PolybenchC-Exo/build/generated/floyd-warshall
Built floyd-warshall executable.
Generated C for 'nussinov' in /home/kleplj/naive/optimization/naive/PolybenchC-Exo/build/generated/nussinov
Exo build complete. Generated sources in: /home/kleplj/naive/optimization/naive/PolybenchC-Exo/build
Removing temp dir /tmp/slurm.151218/tmp.LKwtANJaTa
Skipping exo naive 2mm repetition 5 for dataset size SMALL (already done).
Skipping exo naive 2mm repetition 5 for dataset size SMALL (already done).
Skipping exo naive 3mm repetition 5 for dataset size SMALL (already done).
Skipping exo naive 3mm repetition 5 for dataset size SMALL (already done).
Skipping exo naive bicg repetition 5 for dataset size SMALL (already done).
Skipping exo naive bicg repetition 5 for dataset size SMALL (already done).
Skipping exo naive cholesky repetition 5 for dataset size SMALL (already done).
Skipping exo naive cholesky repetition 5 for dataset size SMALL (already done).
Skipping exo naive correlation repetition 5 for dataset size SMALL (already done).
Skipping exo naive correlation repetition 5 for dataset size SMALL (already done).
Skipping exo naive covariance repetition 5 for dataset size SMALL (already done).
Skipping exo naive covariance repetition 5 for dataset size SMALL (already done).
Skipping exo naive deriche repetition 5 for dataset size SMALL (already done).
Skipping exo naive deriche repetition 5 for dataset size SMALL (already done).
Skipping exo naive doitgen repetition 5 for dataset size SMALL (already done).
Skipping exo naive doitgen repetition 5 for dataset size SMALL (already done).
Skipping exo naive floyd-warshall repetition 5 for dataset size SMALL (already done).
Skipping exo naive floyd-warshall repetition 5 for dataset size SMALL (already done).
Skipping exo naive gemver repetition 5 for dataset size SMALL (already done).
Skipping exo naive gemver repetition 5 for dataset size SMALL (already done).
Skipping exo naive gesummv repetition 5 for dataset size SMALL (already done).
Skipping exo naive gesummv repetition 5 for dataset size SMALL (already done).
Skipping exo naive jacobi-1d repetition 5 for dataset size SMALL (already done).
Skipping exo naive jacobi-1d repetition 5 for dataset size SMALL (already done).
Skipping exo naive lu repetition 5 for dataset size SMALL (already done).
Skipping exo naive lu repetition 5 for dataset size SMALL (already done).
Skipping exo naive ludcmp repetition 5 for dataset size SMALL (already done).
Skipping exo naive ludcmp repetition 5 for dataset size SMALL (already done).
Skipping exo naive symm repetition 5 for dataset size SMALL (already done).
Skipping exo naive symm repetition 5 for dataset size SMALL (already done).
Skipping exo naive syr2k repetition 5 for dataset size SMALL (already done).
Skipping exo naive syr2k repetition 5 for dataset size SMALL (already done).
Skipping exo naive syrk repetition 5 for dataset size SMALL (already done).
Skipping exo naive syrk repetition 5 for dataset size SMALL (already done).
Skipping exo naive trisolv repetition 5 for dataset size SMALL (already done).
Skipping exo naive trisolv repetition 5 for dataset size SMALL (already done).
Skipping exo naive trmm repetition 5 for dataset size SMALL (already done).
Skipping exo naive trmm repetition 5 for dataset size SMALL (already done).
