c (standard):
c (standard):
c (standard):
c (standard):
c (standard):
c (standard):
c (standard):
c (standard):
c (standard):
c (standard):
c (standard):
c (standard):
c (standard):
c (standard):
c (standard):
c (standard):
c (standard):
c (standard):
c (standard):
c (standard):
c (standard):
c (standard):
c (standard):
c (standard):
c (standard):
c (standard):
c (standard):
c (standard):
c (standard):
c (standard):
Invalidating ../PolybenchC-Noarr/linear-algebra/blas/gemm/gemm.cpp
Invalidating ../PolybenchC-Noarr/linear-algebra/blas/gemver/gemver.cpp
Invalidating ../PolybenchC-Noarr/linear-algebra/blas/gesummv/gesummv.cpp
Invalidating ../PolybenchC-Noarr/linear-algebra/blas/symm/symm.cpp
Invalidating ../PolybenchC-Noarr/linear-algebra/blas/syr2k/syr2k.cpp
Invalidating ../PolybenchC-Noarr/linear-algebra/blas/syrk/syrk.cpp
Invalidating ../PolybenchC-Noarr/linear-algebra/blas/trmm/trmm.cpp
Invalidating ../PolybenchC-Noarr/linear-algebra/kernels/2mm/2mm.cpp
Invalidating ../PolybenchC-Noarr/linear-algebra/kernels/3mm/3mm.cpp
Invalidating ../PolybenchC-Noarr/linear-algebra/kernels/atax/atax.cpp
Invalidating ../PolybenchC-Noarr/linear-algebra/kernels/bicg/bicg.cpp
Invalidating ../PolybenchC-Noarr/linear-algebra/kernels/doitgen/doitgen.cpp
Invalidating ../PolybenchC-Noarr/linear-algebra/kernels/mvt/mvt.cpp
Invalidating ../PolybenchC-Noarr/linear-algebra/solvers/cholesky/cholesky.cpp
Invalidating ../PolybenchC-Noarr/linear-algebra/solvers/durbin/durbin.cpp
Invalidating ../PolybenchC-Noarr/linear-algebra/solvers/gramschmidt/gramschmidt.cpp
Invalidating ../PolybenchC-Noarr/linear-algebra/solvers/lu/lu.cpp
Invalidating ../PolybenchC-Noarr/linear-algebra/solvers/ludcmp/ludcmp.cpp
Invalidating ../PolybenchC-Noarr/linear-algebra/solvers/trisolv/trisolv.cpp
Invalidating ../PolybenchC-Noarr/medley/deriche/deriche.cpp
Invalidating ../PolybenchC-Noarr/medley/floyd-warshall/floyd-warshall.cpp
Invalidating ../PolybenchC-Noarr/medley/nussinov/nussinov.cpp
Invalidating ../PolybenchC-Noarr/datamining/correlation/correlation.cpp
Invalidating ../PolybenchC-Noarr/datamining/covariance/covariance.cpp
Invalidating ../PolybenchC-Noarr/stencils/adi/adi.cpp
Invalidating ../PolybenchC-Noarr/stencils/fdtd-2d/fdtd-2d.cpp
Invalidating ../PolybenchC-Noarr/stencils/heat-3d/heat-3d.cpp
Invalidating ../PolybenchC-Noarr/stencils/jacobi-1d/jacobi-1d.cpp
Invalidating ../PolybenchC-Noarr/stencils/jacobi-2d/jacobi-2d.cpp
Invalidating ../PolybenchC-Noarr/stencils/seidel-2d/seidel-2d.cpp
Processing C framework...
Processing Noarr framework...
Replacing /home/kleplj/translation/gpt-querying/../PolybenchC-Noarr/datamining/correlation/correlation.cpp with /home/kleplj/translation/gpt-querying/../generated/noarr/full/correlation-01/code.cpp
Replacing /home/kleplj/translation/gpt-querying/../PolybenchC-Noarr/datamining/covariance/covariance.cpp with /home/kleplj/translation/gpt-querying/../generated/noarr/full/covariance-01/code.cpp
Replacing /home/kleplj/translation/gpt-querying/../PolybenchC-Noarr/linear-algebra/blas/gemm/gemm.cpp with /home/kleplj/translation/gpt-querying/../generated/noarr/full/gemm-01/code.cpp
Replacing /home/kleplj/translation/gpt-querying/../PolybenchC-Noarr/linear-algebra/blas/gemver/gemver.cpp with /home/kleplj/translation/gpt-querying/../generated/noarr/full/gemver-01/code.cpp
Replacing /home/kleplj/translation/gpt-querying/../PolybenchC-Noarr/linear-algebra/blas/gesummv/gesummv.cpp with /home/kleplj/translation/gpt-querying/../generated/noarr/full/gesummv-01/code.cpp
Replacing /home/kleplj/translation/gpt-querying/../PolybenchC-Noarr/linear-algebra/blas/symm/symm.cpp with /home/kleplj/translation/gpt-querying/../generated/noarr/full/symm-01/code.cpp
Replacing /home/kleplj/translation/gpt-querying/../PolybenchC-Noarr/linear-algebra/blas/syr2k/syr2k.cpp with /home/kleplj/translation/gpt-querying/../generated/noarr/full/syr2k-01/code.cpp
Replacing /home/kleplj/translation/gpt-querying/../PolybenchC-Noarr/linear-algebra/blas/syrk/syrk.cpp with /home/kleplj/translation/gpt-querying/../generated/noarr/full/syrk-01/code.cpp
Replacing /home/kleplj/translation/gpt-querying/../PolybenchC-Noarr/linear-algebra/blas/trmm/trmm.cpp with /home/kleplj/translation/gpt-querying/../generated/noarr/full/trmm-01/code.cpp
Replacing /home/kleplj/translation/gpt-querying/../PolybenchC-Noarr/linear-algebra/kernels/2mm/2mm.cpp with /home/kleplj/translation/gpt-querying/../generated/noarr/full/2mm-01/code.cpp
Replacing /home/kleplj/translation/gpt-querying/../PolybenchC-Noarr/linear-algebra/kernels/3mm/3mm.cpp with /home/kleplj/translation/gpt-querying/../generated/noarr/full/3mm-01/code.cpp
Replacing /home/kleplj/translation/gpt-querying/../PolybenchC-Noarr/linear-algebra/kernels/atax/atax.cpp with /home/kleplj/translation/gpt-querying/../generated/noarr/full/atax-01/code.cpp
Replacing /home/kleplj/translation/gpt-querying/../PolybenchC-Noarr/linear-algebra/kernels/bicg/bicg.cpp with /home/kleplj/translation/gpt-querying/../generated/noarr/full/bicg-01/code.cpp
Replacing /home/kleplj/translation/gpt-querying/../PolybenchC-Noarr/linear-algebra/kernels/doitgen/doitgen.cpp with /home/kleplj/translation/gpt-querying/../generated/noarr/full/doitgen-01/code.cpp
Replacing /home/kleplj/translation/gpt-querying/../PolybenchC-Noarr/linear-algebra/kernels/mvt/mvt.cpp with /home/kleplj/translation/gpt-querying/../generated/noarr/full/mvt-01/code.cpp
Replacing /home/kleplj/translation/gpt-querying/../PolybenchC-Noarr/linear-algebra/solvers/cholesky/cholesky.cpp with /home/kleplj/translation/gpt-querying/../generated/noarr/full/cholesky-01/code.cpp
Replacing /home/kleplj/translation/gpt-querying/../PolybenchC-Noarr/linear-algebra/solvers/durbin/durbin.cpp with /home/kleplj/translation/gpt-querying/../generated/noarr/full/durbin-01/code.cpp
Replacing /home/kleplj/translation/gpt-querying/../PolybenchC-Noarr/linear-algebra/solvers/gramschmidt/gramschmidt.cpp with /home/kleplj/translation/gpt-querying/../generated/noarr/full/gramschmidt-01/code.cpp
Replacing /home/kleplj/translation/gpt-querying/../PolybenchC-Noarr/linear-algebra/solvers/lu/lu.cpp with /home/kleplj/translation/gpt-querying/../generated/noarr/full/lu-01/code.cpp
Replacing /home/kleplj/translation/gpt-querying/../PolybenchC-Noarr/linear-algebra/solvers/ludcmp/ludcmp.cpp with /home/kleplj/translation/gpt-querying/../generated/noarr/full/ludcmp-01/code.cpp
Replacing /home/kleplj/translation/gpt-querying/../PolybenchC-Noarr/linear-algebra/solvers/trisolv/trisolv.cpp with /home/kleplj/translation/gpt-querying/../generated/noarr/full/trisolv-01/code.cpp
Replacing /home/kleplj/translation/gpt-querying/../PolybenchC-Noarr/medley/deriche/deriche.cpp with /home/kleplj/translation/gpt-querying/../generated/noarr/full/deriche-01/code.cpp
Replacing /home/kleplj/translation/gpt-querying/../PolybenchC-Noarr/medley/floyd-warshall/floyd-warshall.cpp with /home/kleplj/translation/gpt-querying/../generated/noarr/full/floyd-warshall-01/code.cpp
Replacing /home/kleplj/translation/gpt-querying/../PolybenchC-Noarr/medley/nussinov/nussinov.cpp with /home/kleplj/translation/gpt-querying/../generated/noarr/full/nussinov-01/code.cpp
Replacing /home/kleplj/translation/gpt-querying/../PolybenchC-Noarr/stencils/adi/adi.cpp with /home/kleplj/translation/gpt-querying/../generated/noarr/full/adi-01/code.cpp
Replacing /home/kleplj/translation/gpt-querying/../PolybenchC-Noarr/stencils/fdtd-2d/fdtd-2d.cpp with /home/kleplj/translation/gpt-querying/../generated/noarr/full/fdtd-2d-01/code.cpp
Replacing /home/kleplj/translation/gpt-querying/../PolybenchC-Noarr/stencils/heat-3d/heat-3d.cpp with /home/kleplj/translation/gpt-querying/../generated/noarr/full/heat-3d-01/code.cpp
Replacing /home/kleplj/translation/gpt-querying/../PolybenchC-Noarr/stencils/jacobi-1d/jacobi-1d.cpp with /home/kleplj/translation/gpt-querying/../generated/noarr/full/jacobi-1d-01/code.cpp
Replacing /home/kleplj/translation/gpt-querying/../PolybenchC-Noarr/stencils/jacobi-2d/jacobi-2d.cpp with /home/kleplj/translation/gpt-querying/../generated/noarr/full/jacobi-2d-01/code.cpp
Replacing /home/kleplj/translation/gpt-querying/../PolybenchC-Noarr/stencils/seidel-2d/seidel-2d.cpp with /home/kleplj/translation/gpt-querying/../generated/noarr/full/seidel-2d-01/code.cpp
Processing Halide framework...
Processing Exo framework...
No postprocess.sh found in ../PolybenchC-Noarr. Skipping.
Performing a clean build...
/home/kleplj/translation/PolybenchC-Noarr/linear-algebra/solvers/trisolv/trisolv.cpp: In instantiation of ‘{anonymous}::init_array<noarr::bag_t<noarr::set_length_t<'j', noarr::set_length_t<'i', noarr::vector_t<'i', noarr::vector_t<'j', noarr::scalar<double> > >, long unsigned int>, long unsigned int>, noarr::helpers::bag_policy<noarr::helpers::bag_raw_pointer_tag> >, noarr::bag_t<noarr::set_length_t<'j', noarr::set_length_t<'i', noarr::vector_t<'i', noarr::scalar<double> >, long unsigned int>, long unsigned int>, noarr::helpers::bag_policy<noarr::helpers::bag_raw_pointer_tag> >, noarr::bag_t<noarr::set_length_t<'j', noarr::set_length_t<'i', noarr::vector_t<'i', noarr::scalar<double> >, long unsigned int>, long unsigned int>, noarr::helpers::bag_policy<noarr::helpers::bag_raw_pointer_tag> > >(noarr::bag_t<noarr::set_length_t<'j', noarr::set_length_t<'i', noarr::vector_t<'i', noarr::vector_t<'j', noarr::scalar<double> > >, long unsigned int>, long unsigned int>, noarr::helpers::bag_policy<noarr::helpers::bag_raw_pointer_tag> >, noarr::bag_t<noarr::set_length_t<'j', noarr::set_length_t<'i', noarr::vector_t<'i', noarr::scalar<double> >, long unsigned int>, long unsigned int>, noarr::helpers::bag_policy<noarr::helpers::bag_raw_pointer_tag> >, noarr::bag_t<noarr::set_length_t<'j', noarr::set_length_t<'i', noarr::vector_t<'i', noarr::scalar<double> >, long unsigned int>, long unsigned int>, noarr::helpers::bag_policy<noarr::helpers::bag_raw_pointer_tag> >)::<lambda(auto:43)> [with auto:43 = noarr::traverser_t<noarr::union_t<noarr::set_length_t<'j', noarr::set_length_t<'i', noarr::vector_t<'i', noarr::scalar<double> >, long unsigned int>, long unsigned int>, noarr::set_length_t<'j', noarr::set_length_t<'i', noarr::vector_t<'i', noarr::scalar<double> >, long unsigned int>, long unsigned int>, noarr::set_length_t<'j', noarr::set_length_t<'i', noarr::vector_t<'i', noarr::vector_t<'j', noarr::scalar<double> > >, long unsigned int>, long unsigned int> >, noarr::compose_proto<noarr::pack<noarr::neutral_proto>, noarr::compose_proto<noarr::pack<noarr::neutral_proto>, noarr::fix_proto<'i', long unsigned int> > > >]’:
/home/kleplj/translation/submodules/noarr-structures/include/noarr/structures/extra/../extra/traverser.hpp:269:4:   required from ‘constexpr void noarr::traverser_t<Struct, Order>::for_each_impl(noarr::dim_sequence<>, F, noarr::state<StateItem, StateItems ...>) const [with F = {anonymous}::init_array<noarr::bag_t<noarr::set_length_t<'j', noarr::set_length_t<'i', noarr::vector_t<'i', noarr::vector_t<'j', noarr::scalar<double> > >, long unsigned int>, long unsigned int>, noarr::helpers::bag_policy<noarr::helpers::bag_raw_pointer_tag> >, noarr::bag_t<noarr::set_length_t<'j', noarr::set_length_t<'i', noarr::vector_t<'i', noarr::scalar<double> >, long unsigned int>, long unsigned int>, noarr::helpers::bag_policy<noarr::helpers::bag_raw_pointer_tag> >, noarr::bag_t<noarr::set_length_t<'j', noarr::set_length_t<'i', noarr::vector_t<'i', noarr::scalar<double> >, long unsigned int>, long unsigned int>, noarr::helpers::bag_policy<noarr::helpers::bag_raw_pointer_tag> > >(noarr::bag_t<noarr::set_length_t<'j', noarr::set_length_t<'i', noarr::vector_t<'i', noarr::vector_t<'j', noarr::scalar<double> > >, long unsigned int>, long unsigned int>, noarr::helpers::bag_policy<noarr::helpers::bag_raw_pointer_tag> >, noarr::bag_t<noarr::set_length_t<'j', noarr::set_length_t<'i', noarr::vector_t<'i', noarr::scalar<double> >, long unsigned int>, long unsigned int>, noarr::helpers::bag_policy<noarr::helpers::bag_raw_pointer_tag> >, noarr::bag_t<noarr::set_length_t<'j', noarr::set_length_t<'i', noarr::vector_t<'i', noarr::scalar<double> >, long unsigned int>, long unsigned int>, noarr::helpers::bag_policy<noarr::helpers::bag_raw_pointer_tag> >)::<lambda(auto:43)>; StateItem = noarr::state_item<noarr::index_in<'i'>, long unsigned int>; StateItems = {}; Struct = noarr::union_t<noarr::set_length_t<'j', noarr::set_length_t<'i', noarr::vector_t<'i', noarr::scalar<double> >, long unsigned int>, long unsigned int>, noarr::set_length_t<'j', noarr::set_length_t<'i', noarr::vector_t<'i', noarr::scalar<double> >, long unsigned int>, long unsigned int>, noarr::set_length_t<'j', noarr::set_length_t<'i', noarr::vector_t<'i', noarr::vector_t<'j', noarr::scalar<double> > >, long unsigned int>, long unsigned int> >; Order = noarr::neutral_proto]’
  269 |                 f(order(fix(state)));
      |                 ~^~~~~~~~~~~~~~~~~~~
/home/kleplj/translation/submodules/noarr-structures/include/noarr/structures/extra/../extra/traverser.hpp:262:18:   required from ‘constexpr void noarr::traverser_t<Struct, Order>::for_each_impl(noarr::helpers::dim_tree<Dim, Branches ...>, F, State) const [with auto Dim = 'i'; Branches = {noarr::dim_sequence<>}; F = {anonymous}::init_array<noarr::bag_t<noarr::set_length_t<'j', noarr::set_length_t<'i', noarr::vector_t<'i', noarr::vector_t<'j', noarr::scalar<double> > >, long unsigned int>, long unsigned int>, noarr::helpers::bag_policy<noarr::helpers::bag_raw_pointer_tag> >, noarr::bag_t<noarr::set_length_t<'j', noarr::set_length_t<'i', noarr::vector_t<'i', noarr::scalar<double> >, long unsigned int>, long unsigned int>, noarr::helpers::bag_policy<noarr::helpers::bag_raw_pointer_tag> >, noarr::bag_t<noarr::set_length_t<'j', noarr::set_length_t<'i', noarr::vector_t<'i', noarr::scalar<double> >, long unsigned int>, long unsigned int>, noarr::helpers::bag_policy<noarr::helpers::bag_raw_pointer_tag> > >(noarr::bag_t<noarr::set_length_t<'j', noarr::set_length_t<'i', noarr::vector_t<'i', noarr::vector_t<'j', noarr::scalar<double> > >, long unsigned int>, long unsigned int>, noarr::helpers::bag_policy<noarr::helpers::bag_raw_pointer_tag> >, noarr::bag_t<noarr::set_length_t<'j', noarr::set_length_t<'i', noarr::vector_t<'i', noarr::scalar<double> >, long unsigned int>, long unsigned int>, noarr::helpers::bag_policy<noarr::helpers::bag_raw_pointer_tag> >, noarr::bag_t<noarr::set_length_t<'j', noarr::set_length_t<'i', noarr::vector_t<'i', noarr::scalar<double> >, long unsigned int>, long unsigned int>, noarr::helpers::bag_policy<noarr::helpers::bag_raw_pointer_tag> >)::<lambda(auto:43)>; State = noarr::state<>; Struct = noarr::union_t<noarr::set_length_t<'j', noarr::set_length_t<'i', noarr::vector_t<'i', noarr::scalar<double> >, long unsigned int>, long unsigned int>, noarr::set_length_t<'j', noarr::set_length_t<'i', noarr::vector_t<'i', noarr::scalar<double> >, long unsigned int>, long unsigned int>, noarr::set_length_t<'j', noarr::set_length_t<'i', noarr::vector_t<'i', noarr::vector_t<'j', noarr::scalar<double> > >, long unsigned int>, long unsigned int> >; Order = noarr::neutral_proto]’
  262 |                                 for_each_impl(Branches()..., f, state.template with<index_in<Dim>>(i));
      |                                 ~~~~~~~~~~~~~^~~~~~~~~~~~~~~~~~~~~~~~~~~~~~~~~~~~~~~~~~~~~~~~~~~~~~~~~
/home/kleplj/translation/submodules/noarr-structures/include/noarr/structures/extra/../extra/traverser.hpp:224:16:   required from ‘constexpr void noarr::traverser_t<Struct, Order>::for_dims(F) const [with auto ...Dims = {'i'}; F = {anonymous}::init_array<noarr::bag_t<noarr::set_length_t<'j', noarr::set_length_t<'i', noarr::vector_t<'i', noarr::vector_t<'j', noarr::scalar<double> > >, long unsigned int>, long unsigned int>, noarr::helpers::bag_policy<noarr::helpers::bag_raw_pointer_tag> >, noarr::bag_t<noarr::set_length_t<'j', noarr::set_length_t<'i', noarr::vector_t<'i', noarr::scalar<double> >, long unsigned int>, long unsigned int>, noarr::helpers::bag_policy<noarr::helpers::bag_raw_pointer_tag> >, noarr::bag_t<noarr::set_length_t<'j', noarr::set_length_t<'i', noarr::vector_t<'i', noarr::scalar<double> >, long unsigned int>, long unsigned int>, noarr::helpers::bag_policy<noarr::helpers::bag_raw_pointer_tag> > >(noarr::bag_t<noarr::set_length_t<'j', noarr::set_length_t<'i', noarr::vector_t<'i', noarr::vector_t<'j', noarr::scalar<double> > >, long unsigned int>, long unsigned int>, noarr::helpers::bag_policy<noarr::helpers::bag_raw_pointer_tag> >, noarr::bag_t<noarr::set_length_t<'j', noarr::set_length_t<'i', noarr::vector_t<'i', noarr::scalar<double> >, long unsigned int>, long unsigned int>, noarr::helpers::bag_policy<noarr::helpers::bag_raw_pointer_tag> >, noarr::bag_t<noarr::set_length_t<'j', noarr::set_length_t<'i', noarr::vector_t<'i', noarr::scalar<double> >, long unsigned int>, long unsigned int>, noarr::helpers::bag_policy<noarr::helpers::bag_raw_pointer_tag> >)::<lambda(auto:43)>; Struct = noarr::union_t<noarr::set_length_t<'j', noarr::set_length_t<'i', noarr::vector_t<'i', noarr::scalar<double> >, long unsigned int>, long unsigned int>, noarr::set_length_t<'j', noarr::set_length_t<'i', noarr::vector_t<'i', noarr::scalar<double> >, long unsigned int>, long unsigned int>, noarr::set_length_t<'j', noarr::set_length_t<'i', noarr::vector_t<'i', noarr::vector_t<'j', noarr::scalar<double> > >, long unsigned int>, long unsigned int> >; Order = noarr::neutral_proto]’
  224 |                 for_each_impl(reordered_tree(), f, empty_state);
      |                 ~~~~~~~~~~~~~^~~~~~~~~~~~~~~~~~~~~~~~~~~~~~~~~~
/home/kleplj/translation/PolybenchC-Noarr/linear-algebra/solvers/trisolv/trisolv.cpp:46:43:   required from ‘void {anonymous}::init_array(auto:40, auto:41, auto:42) [with auto:40 = noarr::bag_t<noarr::set_length_t<'j', noarr::set_length_t<'i', noarr::vector_t<'i', noarr::vector_t<'j', noarr::scalar<double> > >, long unsigned int>, long unsigned int>, noarr::helpers::bag_policy<noarr::helpers::bag_raw_pointer_tag> >; auto:41 = noarr::bag_t<noarr::set_length_t<'j', noarr::set_length_t<'i', noarr::vector_t<'i', noarr::scalar<double> >, long unsigned int>, long unsigned int>, noarr::helpers::bag_policy<noarr::helpers::bag_raw_pointer_tag> >; auto:42 = noarr::bag_t<noarr::set_length_t<'j', noarr::set_length_t<'i', noarr::vector_t<'i', noarr::scalar<double> >, long unsigned int>, long unsigned int>, noarr::helpers::bag_policy<noarr::helpers::bag_raw_pointer_tag> >]’
   46 |         traverser(x, b, L).template for_dims<'i'>([=](auto trav_i) {
      |         ~~~~~~~~~~~~~~~~~~~~~~~~~~~~~~~~~~~~~~~~~^~~~~~~~~~~~~~~~~~~
   47 |                 // state for this i
      |                 ~~~~~~~~~~~~~~~~~~~               
   48 |                 auto s_i = trav_i.state();
      |                 ~~~~~~~~~~~~~~~~~~~~~~~~~~        
   49 |                 auto i_idx = get_index<'i'>(s_i);
      |                 ~~~~~~~~~~~~~~~~~~~~~~~~~~~~~~~~~ 
   50 | 
      |                                                   
   51 |                 // x[i] = -999;
      |                 ~~~~~~~~~~~~~~~                   
   52 |                 x[s_i] = static_cast<num_t>(-999);
      |                 ~~~~~~~~~~~~~~~~~~~~~~~~~~~~~~~~~~
   53 | 
      |                                                   
   54 |                 // b[i] = i;
      |                 ~~~~~~~~~~~~                      
   55 |                 x[s_i]; // keep x[s_i] evaluated, no-op line just to mirror structure
      |                 ~~~~~~~~~~~~~~~~~~~~~~~~~~~~~~~~~~~~~~~~~~~~~~~~~~~~~~~~~~~~~~~~~~~~~
   56 |                 b[s_i] = static_cast<num_t>(i_idx);
      |                 ~~~~~~~~~~~~~~~~~~~~~~~~~~~~~~~~~~~
   57 | 
      |                                                   
   58 |                 // View of row i of L, for columns j = 0..i
      |                 ~~~~~~~~~~~~~~~~~~~~~~~~~~~~~~~~~~~~~~~~~~~
   59 |                 auto row_L = L.get_ref()
      |                 ~~~~~~~~~~~~~~~~~~~~~~~~          
   60 |                         ^ fix<'i'>(i_idx)
      |                         ~~~~~~~~~~~~~~~~~         
   61 |                         ^ slice<'j'>(std::size_t(0), i_idx + 1);
      |                         ~~~~~~~~~~~~~~~~~~~~~~~~~~~~~~~~~~~~~~~~
   62 | 
      |                                                   
   63 |                 // Iterate j from 0 to i (via the slice)
      |                 ~~~~~~~~~~~~~~~~~~~~~~~~~~~~~~~~~~~~~~~~
   64 |                 traverser(row_L).for_each([=](auto s_j) {
      |                 ~~~~~~~~~~~~~~~~~~~~~~~~~~~~~~~~~~~~~~~~~
   65 |                         auto j_idx = get_index<'j'>(s_j);
      |                         ~~~~~~~~~~~~~~~~~~~~~~~~~~~~~~~~~
   66 |                         // integer arithmetic as in the original C code
      |                         ~~~~~~~~~~~~~~~~~~~~~~~~~~~~~~~~~~~~~~~~~~~~~~~
   67 |                         auto num = (i_idx + n - j_idx + 1) * 2;
      |                         ~~~~~~~~~~~~~~~~~~~~~~~~~~~~~~~~~~~~~~~
   68 |                         num_t value = static_cast<num_t>(num / n);
      |                         ~~~~~~~~~~~~~~~~~~~~~~~~~~~~~~~~~~~~~~~~~~
   69 |                         row_L[s_j] = value;
      |                         ~~~~~~~~~~~~~~~~~~~       
   70 |                 });
      |                 ~~~                               
   71 |         });
      |         ~~                                        
/home/kleplj/translation/PolybenchC-Noarr/linear-algebra/solvers/trisolv/trisolv.cpp:138:12:   required from here
  138 |         init_array(L.get_ref(), x.get_ref(), b.get_ref());
      |         ~~~~~~~~~~^~~~~~~~~~~~~~~~~~~~~~~~~~~~~~~~~~~~~~~
/home/kleplj/translation/PolybenchC-Noarr/linear-algebra/solvers/trisolv/trisolv.cpp:55:18: warning: ignoring return value of ‘constexpr decltype(auto) noarr::bag_t<Structure, BagPolicy>::operator[](HasState&&) const [with HasState = noarr::state<noarr::state_item<noarr::index_in<'i'>, long unsigned int> >&; Structure = noarr::set_length_t<'j', noarr::set_length_t<'i', noarr::vector_t<'i', noarr::scalar<double> >, long unsigned int>, long unsigned int>; BagPolicy = noarr::helpers::bag_policy<noarr::helpers::bag_raw_pointer_tag>]’, declared with attribute ‘nodiscard’ [-Wunused-result]
   55 |                 x[s_i]; // keep x[s_i] evaluated, no-op line just to mirror structure
      |                 ~^
In file included from /home/kleplj/translation/submodules/noarr-structures/include/noarr/traversers.hpp:11,
                 from /home/kleplj/translation/PolybenchC-Noarr/linear-algebra/solvers/trisolv/trisolv.cpp:6:
/home/kleplj/translation/submodules/noarr-structures/include/noarr/structures/interop/bag.hpp:183:34: note: declared here
  183 |         constexpr decltype(auto) operator[](HasState &&has_state) const noexcept {
      |                                  ^~~~~~~~
/home/kleplj/translation/PolybenchC-Noarr/linear-algebra/solvers/lu/lu.cpp: In instantiation of ‘{anonymous}::init_array<noarr::bag_t<noarr::set_length_t<'j', noarr::set_length_t<'i', noarr::vector_t<'i', noarr::vector_t<'j', noarr::scalar<double> > >, long unsigned int>, long unsigned int>, noarr::helpers::bag_policy<noarr::helpers::bag_raw_pointer_tag> > >(noarr::bag_t<noarr::set_length_t<'j', noarr::set_length_t<'i', noarr::vector_t<'i', noarr::vector_t<'j', noarr::scalar<double> > >, long unsigned int>, long unsigned int>, noarr::helpers::bag_policy<noarr::helpers::bag_raw_pointer_tag> >)::<lambda(auto:44)> [with auto:44 = noarr::traverser_t<noarr::union_t<noarr::set_length_t<'j', noarr::set_length_t<'i', noarr::vector_t<'i', noarr::vector_t<'j', noarr::scalar<double> > >, long unsigned int>, long unsigned int> >, noarr::compose_proto<noarr::pack<noarr::compose_proto<noarr::pack<noarr::neutral_proto>, noarr::compose_proto<noarr::pack<noarr::bcast_proto<'t'> >, noarr::set_length_proto<'t', long unsigned int> > > >, noarr::compose_proto<noarr::pack<noarr::neutral_proto>, noarr::fix_proto<'t', long unsigned int> > > >]’:
/home/kleplj/translation/submodules/noarr-structures/include/noarr/structures/extra/../extra/traverser.hpp:269:4:   required from ‘constexpr void noarr::traverser_t<Struct, Order>::for_each_impl(noarr::dim_sequence<>, F, noarr::state<StateItem, StateItems ...>) const [with F = {anonymous}::init_array<noarr::bag_t<noarr::set_length_t<'j', noarr::set_length_t<'i', noarr::vector_t<'i', noarr::vector_t<'j', noarr::scalar<double> > >, long unsigned int>, long unsigned int>, noarr::helpers::bag_policy<noarr::helpers::bag_raw_pointer_tag> > >(noarr::bag_t<noarr::set_length_t<'j', noarr::set_length_t<'i', noarr::vector_t<'i', noarr::vector_t<'j', noarr::scalar<double> > >, long unsigned int>, long unsigned int>, noarr::helpers::bag_policy<noarr::helpers::bag_raw_pointer_tag> >)::<lambda(auto:44)>; StateItem = noarr::state_item<noarr::index_in<'t'>, long unsigned int>; StateItems = {}; Struct = noarr::union_t<noarr::set_length_t<'j', noarr::set_length_t<'i', noarr::vector_t<'i', noarr::vector_t<'j', noarr::scalar<double> > >, long unsigned int>, long unsigned int> >; Order = noarr::compose_proto<noarr::pack<noarr::neutral_proto>, noarr::compose_proto<noarr::pack<noarr::bcast_proto<'t'> >, noarr::set_length_proto<'t', long unsigned int> > >]’
  269 |                 f(order(fix(state)));
      |                 ~^~~~~~~~~~~~~~~~~~~
/home/kleplj/translation/submodules/noarr-structures/include/noarr/structures/extra/../extra/traverser.hpp:262:18:   required from ‘constexpr void noarr::traverser_t<Struct, Order>::for_each_impl(noarr::helpers::dim_tree<Dim, Branches ...>, F, State) const [with auto Dim = 't'; Branches = {noarr::dim_sequence<>}; F = {anonymous}::init_array<noarr::bag_t<noarr::set_length_t<'j', noarr::set_length_t<'i', noarr::vector_t<'i', noarr::vector_t<'j', noarr::scalar<double> > >, long unsigned int>, long unsigned int>, noarr::helpers::bag_policy<noarr::helpers::bag_raw_pointer_tag> > >(noarr::bag_t<noarr::set_length_t<'j', noarr::set_length_t<'i', noarr::vector_t<'i', noarr::vector_t<'j', noarr::scalar<double> > >, long unsigned int>, long unsigned int>, noarr::helpers::bag_policy<noarr::helpers::bag_raw_pointer_tag> >)::<lambda(auto:44)>; State = noarr::state<>; Struct = noarr::union_t<noarr::set_length_t<'j', noarr::set_length_t<'i', noarr::vector_t<'i', noarr::vector_t<'j', noarr::scalar<double> > >, long unsigned int>, long unsigned int> >; Order = noarr::compose_proto<noarr::pack<noarr::neutral_proto>, noarr::compose_proto<noarr::pack<noarr::bcast_proto<'t'> >, noarr::set_length_proto<'t', long unsigned int> > >]’
  262 |                                 for_each_impl(Branches()..., f, state.template with<index_in<Dim>>(i));
      |                                 ~~~~~~~~~~~~~^~~~~~~~~~~~~~~~~~~~~~~~~~~~~~~~~~~~~~~~~~~~~~~~~~~~~~~~~
/home/kleplj/translation/submodules/noarr-structures/include/noarr/structures/extra/../extra/traverser.hpp:224:16:   required from ‘constexpr void noarr::traverser_t<Struct, Order>::for_dims(F) const [with auto ...Dims = {'t'}; F = {anonymous}::init_array<noarr::bag_t<noarr::set_length_t<'j', noarr::set_length_t<'i', noarr::vector_t<'i', noarr::vector_t<'j', noarr::scalar<double> > >, long unsigned int>, long unsigned int>, noarr::helpers::bag_policy<noarr::helpers::bag_raw_pointer_tag> > >(noarr::bag_t<noarr::set_length_t<'j', noarr::set_length_t<'i', noarr::vector_t<'i', noarr::vector_t<'j', noarr::scalar<double> > >, long unsigned int>, long unsigned int>, noarr::helpers::bag_policy<noarr::helpers::bag_raw_pointer_tag> >)::<lambda(auto:44)>; Struct = noarr::union_t<noarr::set_length_t<'j', noarr::set_length_t<'i', noarr::vector_t<'i', noarr::vector_t<'j', noarr::scalar<double> > >, long unsigned int>, long unsigned int> >; Order = noarr::compose_proto<noarr::pack<noarr::neutral_proto>, noarr::compose_proto<noarr::pack<noarr::bcast_proto<'t'> >, noarr::set_length_proto<'t', long unsigned int> > >]’
  224 |                 for_each_impl(reordered_tree(), f, empty_state);
      |                 ~~~~~~~~~~~~~^~~~~~~~~~~~~~~~~~~~~~~~~~~~~~~~~~
/home/kleplj/translation/PolybenchC-Noarr/linear-algebra/solvers/lu/lu.cpp:75:26:   required from ‘void {anonymous}::init_array(auto:40) [with auto:40 = noarr::bag_t<noarr::set_length_t<'j', noarr::set_length_t<'i', noarr::vector_t<'i', noarr::vector_t<'j', noarr::scalar<double> > >, long unsigned int>, long unsigned int>, noarr::helpers::bag_policy<noarr::helpers::bag_raw_pointer_tag> >]’
   73 |         traverser(B)
      |         ~~~~~~~~~~~~                    
   74 |                 .order(noarr::bcast<'t'>(n_size))
      |                 ~~~~~~~~~~~~~~~~~~~~~~~~~~~~~~~~~
   75 |                 .template for_dims<'t'>([&](auto trav_t) {
      |                 ~~~~~~~~~~~~~~~~~~~~~~~^~~~~~~~~~~~~~~~~~~
   76 |                         std::size_t t = get_index<'t'>(trav_t.state());
      |                         ~~~~~~~~~~~~~~~~~~~~~~~~~~~~~~~~~~~~~~~~~~~~~~~
   77 | 
      |                                         
   78 |                         trav_t.for_each([&](auto state) {
      |                         ~~~~~~~~~~~~~~~~~~~~~~~~~~~~~~~~~
   79 |                                 auto [r, s] = get_indices<'i', 'j'>(state);
      |                                 ~~~~~~~~~~~~~~~~~~~~~~~~~~~~~~~~~~~~~~~~~~~
   80 | 
      |                                         
   81 |                                 B[state] +=
      |                                 ~~~~~~~~~~~
   82 |                                         A[idx<'i', 'j'>(r, t)] *
      |                                         ~~~~~~~~~~~~~~~~~~~~~~~~
   83 |                                         A[idx<'i', 'j'>(s, t)];
      |                                         ~~~~~~~~~~~~~~~~~~~~~~~
   84 |                         });
      |                         ~~~             
   85 |                 });
      |                 ~~                      
/home/kleplj/translation/PolybenchC-Noarr/linear-algebra/solvers/lu/lu.cpp:184:12:   required from here
  184 |         init_array(A.get_ref());
      |         ~~~~~~~~~~^~~~~~~~~~~~~
/home/kleplj/translation/PolybenchC-Noarr/linear-algebra/solvers/lu/lu.cpp:76:41: error: no matching function for call to ‘get_index<'t'>(noarr::state<>)’
   76 |                         std::size_t t = get_index<'t'>(trav_t.state());
      |                                         ^~~~~~~~~~~~~~
compilation terminated due to -Wfatal-errors.
gmake[2]: *** [CMakeFiles/lu.dir/build.make:79: CMakeFiles/lu.dir/linear-algebra/solvers/lu/lu.cpp.o] Error 1
gmake[2]: Target 'CMakeFiles/lu.dir/build' not remade because of errors.
gmake[1]: *** [CMakeFiles/Makefile2:750: CMakeFiles/lu.dir/all] Error 2
/home/kleplj/translation/PolybenchC-Noarr/linear-algebra/solvers/ludcmp/ludcmp.cpp: In instantiation of ‘{anonymous}::init_array<noarr::bag_t<noarr::set_length_t<'j', noarr::set_length_t<'i', noarr::vector_t<'i', noarr::vector_t<'j', noarr::scalar<double> > >, long unsigned int>, long unsigned int>, noarr::helpers::bag_policy<noarr::helpers::bag_raw_pointer_tag> >, noarr::bag_t<noarr::set_length_t<'i', noarr::vector_t<'i', noarr::scalar<double> >, long unsigned int>, noarr::helpers::bag_policy<noarr::helpers::bag_raw_pointer_tag> >, noarr::bag_t<noarr::set_length_t<'i', noarr::vector_t<'i', noarr::scalar<double> >, long unsigned int>, noarr::helpers::bag_policy<noarr::helpers::bag_raw_pointer_tag> >, noarr::bag_t<noarr::set_length_t<'i', noarr::vector_t<'i', noarr::scalar<double> >, long unsigned int>, noarr::helpers::bag_policy<noarr::helpers::bag_raw_pointer_tag> > >(int, noarr::bag_t<noarr::set_length_t<'j', noarr::set_length_t<'i', noarr::vector_t<'i', noarr::vector_t<'j', noarr::scalar<double> > >, long unsigned int>, long unsigned int>, noarr::helpers::bag_policy<noarr::helpers::bag_raw_pointer_tag> >, noarr::bag_t<noarr::set_length_t<'i', noarr::vector_t<'i', noarr::scalar<double> >, long unsigned int>, noarr::helpers::bag_policy<noarr::helpers::bag_raw_pointer_tag> >, noarr::bag_t<noarr::set_length_t<'i', noarr::vector_t<'i', noarr::scalar<double> >, long unsigned int>, noarr::helpers::bag_policy<noarr::helpers::bag_raw_pointer_tag> >, noarr::bag_t<noarr::set_length_t<'i', noarr::vector_t<'i', noarr::scalar<double> >, long unsigned int>, noarr::helpers::bag_policy<noarr::helpers::bag_raw_pointer_tag> >)::<lambda(auto:44)> [with auto:44 = noarr::state<noarr::state_item<noarr::index_in<'i'>, long unsigned int> >]’:
/home/kleplj/translation/submodules/noarr-structures/include/noarr/structures/extra/../extra/traverser.hpp:200:54:   required from ‘noarr::traverser_t<noarr::union_t<noarr::set_length_t<'i', noarr::vector_t<'i', noarr::scalar<double> >, long unsigned int>, noarr::set_length_t<'i', noarr::vector_t<'i', noarr::scalar<double> >, long unsigned int>, noarr::set_length_t<'i', noarr::vector_t<'i', noarr::scalar<double> >, long unsigned int> >, noarr::neutral_proto>::for_each<, {anonymous}::init_array<noarr::bag_t<noarr::set_length_t<'j', noarr::set_length_t<'i', noarr::vector_t<'i', noarr::vector_t<'j', noarr::scalar<double> > >, long unsigned int>, long unsigned int>, noarr::helpers::bag_policy<noarr::helpers::bag_raw_pointer_tag> >, noarr::bag_t<noarr::set_length_t<'i', noarr::vector_t<'i', noarr::scalar<double> >, long unsigned int>, noarr::helpers::bag_policy<noarr::helpers::bag_raw_pointer_tag> >, noarr::bag_t<noarr::set_length_t<'i', noarr::vector_t<'i', noarr::scalar<double> >, long unsigned int>, noarr::helpers::bag_policy<noarr::helpers::bag_raw_pointer_tag> >, noarr::bag_t<noarr::set_length_t<'i', noarr::vector_t<'i', noarr::scalar<double> >, long unsigned int>, noarr::helpers::bag_policy<noarr::helpers::bag_raw_pointer_tag> > >(int, noarr::bag_t<noarr::set_length_t<'j', noarr::set_length_t<'i', noarr::vector_t<'i', noarr::vector_t<'j', noarr::scalar<double> > >, long unsigned int>, long unsigned int>, noarr::helpers::bag_policy<noarr::helpers::bag_raw_pointer_tag> >, noarr::bag_t<noarr::set_length_t<'i', noarr::vector_t<'i', noarr::scalar<double> >, long unsigned int>, noarr::helpers::bag_policy<noarr::helpers::bag_raw_pointer_tag> >, noarr::bag_t<noarr::set_length_t<'i', noarr::vector_t<'i', noarr::scalar<double> >, long unsigned int>, noarr::helpers::bag_policy<noarr::helpers::bag_raw_pointer_tag> >, noarr::bag_t<noarr::set_length_t<'i', noarr::vector_t<'i', noarr::scalar<double> >, long unsigned int>, noarr::helpers::bag_policy<noarr::helpers::bag_raw_pointer_tag> >)::<lambda(auto:44)> >({anonymous}::init_array<noarr::bag_t<noarr::set_length_t<'j', noarr::set_length_t<'i', noarr::vector_t<'i', noarr::vector_t<'j', noarr::scalar<double> > >, long unsigned int>, long unsigned int>, noarr::helpers::bag_policy<noarr::helpers::bag_raw_pointer_tag> >, noarr::bag_t<noarr::set_length_t<'i', noarr::vector_t<'i', noarr::scalar<double> >, long unsigned int>, noarr::helpers::bag_policy<noarr::helpers::bag_raw_pointer_tag> >, noarr::bag_t<noarr::set_length_t<'i', noarr::vector_t<'i', noarr::scalar<double> >, long unsigned int>, noarr::helpers::bag_policy<noarr::helpers::bag_raw_pointer_tag> >, noarr::bag_t<noarr::set_length_t<'i', noarr::vector_t<'i', noarr::scalar<double> >, long unsigned int>, noarr::helpers::bag_policy<noarr::helpers::bag_raw_pointer_tag> > >(int, noarr::bag_t<noarr::set_length_t<'j', noarr::set_length_t<'i', noarr::vector_t<'i', noarr::vector_t<'j', noarr::scalar<double> > >, long unsigned int>, long unsigned int>, noarr::helpers::bag_policy<noarr::helpers::bag_raw_pointer_tag> >, noarr::bag_t<noarr::set_length_t<'i', noarr::vector_t<'i', noarr::scalar<double> >, long unsigned int>, noarr::helpers::bag_policy<noarr::helpers::bag_raw_pointer_tag> >, noarr::bag_t<noarr::set_length_t<'i', noarr::vector_t<'i', noarr::scalar<double> >, long unsigned int>, noarr::helpers::bag_policy<noarr::helpers::bag_raw_pointer_tag> >, noarr::bag_t<noarr::set_length_t<'i', noarr::vector_t<'i', noarr::scalar<double> >, long unsigned int>, noarr::helpers::bag_policy<noarr::helpers::bag_raw_pointer_tag> >)::<lambda(auto:44)>) const::<lambda(auto:20)> [with auto:20 = noarr::traverser_t<noarr::union_t<noarr::set_length_t<'i', noarr::vector_t<'i', noarr::scalar<double> >, long unsigned int>, noarr::set_length_t<'i', noarr::vector_t<'i', noarr::scalar<double> >, long unsigned int>, noarr::set_length_t<'i', noarr::vector_t<'i', noarr::scalar<double> >, long unsigned int> >, noarr::compose_proto<noarr::pack<noarr::neutral_proto>, noarr::compose_proto<noarr::pack<noarr::neutral_proto>, noarr::fix_proto<'i', long unsigned int> > > >]’
  200 |                 for_sections<Dims...>([f](auto inner) constexpr { f(inner.state()); });
      |                                                                   ~^~~~~~~~~~~~~~~
/home/kleplj/translation/submodules/noarr-structures/include/noarr/structures/extra/../extra/traverser.hpp:269:4:   required from ‘constexpr void noarr::traverser_t<Struct, Order>::for_each_impl(noarr::dim_sequence<>, F, noarr::state<StateItem, StateItems ...>) const [with F = noarr::traverser_t<noarr::union_t<noarr::set_length_t<'i', noarr::vector_t<'i', noarr::scalar<double> >, long unsigned int>, noarr::set_length_t<'i', noarr::vector_t<'i', noarr::scalar<double> >, long unsigned int>, noarr::set_length_t<'i', noarr::vector_t<'i', noarr::scalar<double> >, long unsigned int> >, noarr::neutral_proto>::for_each<, {anonymous}::init_array<noarr::bag_t<noarr::set_length_t<'j', noarr::set_length_t<'i', noarr::vector_t<'i', noarr::vector_t<'j', noarr::scalar<double> > >, long unsigned int>, long unsigned int>, noarr::helpers::bag_policy<noarr::helpers::bag_raw_pointer_tag> >, noarr::bag_t<noarr::set_length_t<'i', noarr::vector_t<'i', noarr::scalar<double> >, long unsigned int>, noarr::helpers::bag_policy<noarr::helpers::bag_raw_pointer_tag> >, noarr::bag_t<noarr::set_length_t<'i', noarr::vector_t<'i', noarr::scalar<double> >, long unsigned int>, noarr::helpers::bag_policy<noarr::helpers::bag_raw_pointer_tag> >, noarr::bag_t<noarr::set_length_t<'i', noarr::vector_t<'i', noarr::scalar<double> >, long unsigned int>, noarr::helpers::bag_policy<noarr::helpers::bag_raw_pointer_tag> > >(int, noarr::bag_t<noarr::set_length_t<'j', noarr::set_length_t<'i', noarr::vector_t<'i', noarr::vector_t<'j', noarr::scalar<double> > >, long unsigned int>, long unsigned int>, noarr::helpers::bag_policy<noarr::helpers::bag_raw_pointer_tag> >, noarr::bag_t<noarr::set_length_t<'i', noarr::vector_t<'i', noarr::scalar<double> >, long unsigned int>, noarr::helpers::bag_policy<noarr::helpers::bag_raw_pointer_tag> >, noarr::bag_t<noarr::set_length_t<'i', noarr::vector_t<'i', noarr::scalar<double> >, long unsigned int>, noarr::helpers::bag_policy<noarr::helpers::bag_raw_pointer_tag> >, noarr::bag_t<noarr::set_length_t<'i', noarr::vector_t<'i', noarr::scalar<double> >, long unsigned int>, noarr::helpers::bag_policy<noarr::helpers::bag_raw_pointer_tag> >)::<lambda(auto:44)> >({anonymous}::init_array<noarr::bag_t<noarr::set_length_t<'j', noarr::set_length_t<'i', noarr::vector_t<'i', noarr::vector_t<'j', noarr::scalar<double> > >, long unsigned int>, long unsigned int>, noarr::helpers::bag_policy<noarr::helpers::bag_raw_pointer_tag> >, noarr::bag_t<noarr::set_length_t<'i', noarr::vector_t<'i', noarr::scalar<double> >, long unsigned int>, noarr::helpers::bag_policy<noarr::helpers::bag_raw_pointer_tag> >, noarr::bag_t<noarr::set_length_t<'i', noarr::vector_t<'i', noarr::scalar<double> >, long unsigned int>, noarr::helpers::bag_policy<noarr::helpers::bag_raw_pointer_tag> >, noarr::bag_t<noarr::set_length_t<'i', noarr::vector_t<'i', noarr::scalar<double> >, long unsigned int>, noarr::helpers::bag_policy<noarr::helpers::bag_raw_pointer_tag> > >(int, noarr::bag_t<noarr::set_length_t<'j', noarr::set_length_t<'i', noarr::vector_t<'i', noarr::vector_t<'j', noarr::scalar<double> > >, long unsigned int>, long unsigned int>, noarr::helpers::bag_policy<noarr::helpers::bag_raw_pointer_tag> >, noarr::bag_t<noarr::set_length_t<'i', noarr::vector_t<'i', noarr::scalar<double> >, long unsigned int>, noarr::helpers::bag_policy<noarr::helpers::bag_raw_pointer_tag> >, noarr::bag_t<noarr::set_length_t<'i', noarr::vector_t<'i', noarr::scalar<double> >, long unsigned int>, noarr::helpers::bag_policy<noarr::helpers::bag_raw_pointer_tag> >, noarr::bag_t<noarr::set_length_t<'i', noarr::vector_t<'i', noarr::scalar<double> >, long unsigned int>, noarr::helpers::bag_policy<noarr::helpers::bag_raw_pointer_tag> >)::<lambda(auto:44)>) const::<lambda(auto:20)>; StateItem = noarr::state_item<noarr::index_in<'i'>, long unsigned int>; StateItems = {}; Struct = noarr::union_t<noarr::set_length_t<'i', noarr::vector_t<'i', noarr::scalar<double> >, long unsigned int>, noarr::set_length_t<'i', noarr::vector_t<'i', noarr::scalar<double> >, long unsigned int>, noarr::set_length_t<'i', noarr::vector_t<'i', noarr::scalar<double> >, long unsigned int> >; Order = noarr::neutral_proto]’
  269 |                 f(order(fix(state)));
      |                 ~^~~~~~~~~~~~~~~~~~~
/home/kleplj/translation/submodules/noarr-structures/include/noarr/structures/extra/../extra/traverser.hpp:262:18:   required from ‘constexpr void noarr::traverser_t<Struct, Order>::for_each_impl(noarr::helpers::dim_tree<Dim, Branches ...>, F, State) const [with auto Dim = 'i'; Branches = {noarr::dim_sequence<>}; F = noarr::traverser_t<noarr::union_t<noarr::set_length_t<'i', noarr::vector_t<'i', noarr::scalar<double> >, long unsigned int>, noarr::set_length_t<'i', noarr::vector_t<'i', noarr::scalar<double> >, long unsigned int>, noarr::set_length_t<'i', noarr::vector_t<'i', noarr::scalar<double> >, long unsigned int> >, noarr::neutral_proto>::for_each<, {anonymous}::init_array<noarr::bag_t<noarr::set_length_t<'j', noarr::set_length_t<'i', noarr::vector_t<'i', noarr::vector_t<'j', noarr::scalar<double> > >, long unsigned int>, long unsigned int>, noarr::helpers::bag_policy<noarr::helpers::bag_raw_pointer_tag> >, noarr::bag_t<noarr::set_length_t<'i', noarr::vector_t<'i', noarr::scalar<double> >, long unsigned int>, noarr::helpers::bag_policy<noarr::helpers::bag_raw_pointer_tag> >, noarr::bag_t<noarr::set_length_t<'i', noarr::vector_t<'i', noarr::scalar<double> >, long unsigned int>, noarr::helpers::bag_policy<noarr::helpers::bag_raw_pointer_tag> >, noarr::bag_t<noarr::set_length_t<'i', noarr::vector_t<'i', noarr::scalar<double> >, long unsigned int>, noarr::helpers::bag_policy<noarr::helpers::bag_raw_pointer_tag> > >(int, noarr::bag_t<noarr::set_length_t<'j', noarr::set_length_t<'i', noarr::vector_t<'i', noarr::vector_t<'j', noarr::scalar<double> > >, long unsigned int>, long unsigned int>, noarr::helpers::bag_policy<noarr::helpers::bag_raw_pointer_tag> >, noarr::bag_t<noarr::set_length_t<'i', noarr::vector_t<'i', noarr::scalar<double> >, long unsigned int>, noarr::helpers::bag_policy<noarr::helpers::bag_raw_pointer_tag> >, noarr::bag_t<noarr::set_length_t<'i', noarr::vector_t<'i', noarr::scalar<double> >, long unsigned int>, noarr::helpers::bag_policy<noarr::helpers::bag_raw_pointer_tag> >, noarr::bag_t<noarr::set_length_t<'i', noarr::vector_t<'i', noarr::scalar<double> >, long unsigned int>, noarr::helpers::bag_policy<noarr::helpers::bag_raw_pointer_tag> >)::<lambda(auto:44)> >({anonymous}::init_array<noarr::bag_t<noarr::set_length_t<'j', noarr::set_length_t<'i', noarr::vector_t<'i', noarr::vector_t<'j', noarr::scalar<double> > >, long unsigned int>, long unsigned int>, noarr::helpers::bag_policy<noarr::helpers::bag_raw_pointer_tag> >, noarr::bag_t<noarr::set_length_t<'i', noarr::vector_t<'i', noarr::scalar<double> >, long unsigned int>, noarr::helpers::bag_policy<noarr::helpers::bag_raw_pointer_tag> >, noarr::bag_t<noarr::set_length_t<'i', noarr::vector_t<'i', noarr::scalar<double> >, long unsigned int>, noarr::helpers::bag_policy<noarr::helpers::bag_raw_pointer_tag> >, noarr::bag_t<noarr::set_length_t<'i', noarr::vector_t<'i', noarr::scalar<double> >, long unsigned int>, noarr::helpers::bag_policy<noarr::helpers::bag_raw_pointer_tag> > >(int, noarr::bag_t<noarr::set_length_t<'j', noarr::set_length_t<'i', noarr::vector_t<'i', noarr::vector_t<'j', noarr::scalar<double> > >, long unsigned int>, long unsigned int>, noarr::helpers::bag_policy<noarr::helpers::bag_raw_pointer_tag> >, noarr::bag_t<noarr::set_length_t<'i', noarr::vector_t<'i', noarr::scalar<double> >, long unsigned int>, noarr::helpers::bag_policy<noarr::helpers::bag_raw_pointer_tag> >, noarr::bag_t<noarr::set_length_t<'i', noarr::vector_t<'i', noarr::scalar<double> >, long unsigned int>, noarr::helpers::bag_policy<noarr::helpers::bag_raw_pointer_tag> >, noarr::bag_t<noarr::set_length_t<'i', noarr::vector_t<'i', noarr::scalar<double> >, long unsigned int>, noarr::helpers::bag_policy<noarr::helpers::bag_raw_pointer_tag> >)::<lambda(auto:44)>) const::<lambda(auto:20)>; State = noarr::state<>; Struct = noarr::union_t<noarr::set_length_t<'i', noarr::vector_t<'i', noarr::scalar<double> >, long unsigned int>, noarr::set_length_t<'i', noarr::vector_t<'i', noarr::scalar<double> >, long unsigned int>, noarr::set_length_t<'i', noarr::vector_t<'i', noarr::scalar<double> >, long unsigned int> >; Order = noarr::neutral_proto]’
  262 |                                 for_each_impl(Branches()..., f, state.template with<index_in<Dim>>(i));
      |                                 ~~~~~~~~~~~~~^~~~~~~~~~~~~~~~~~~~~~~~~~~~~~~~~~~~~~~~~~~~~~~~~~~~~~~~~
/home/kleplj/translation/submodules/noarr-structures/include/noarr/structures/extra/../extra/traverser.hpp:215:16:   required from ‘constexpr void noarr::traverser_t<Struct, Order>::for_sections(F) const [with F = noarr::traverser_t<noarr::union_t<noarr::set_length_t<'i', noarr::vector_t<'i', noarr::scalar<double> >, long unsigned int>, noarr::set_length_t<'i', noarr::vector_t<'i', noarr::scalar<double> >, long unsigned int>, noarr::set_length_t<'i', noarr::vector_t<'i', noarr::scalar<double> >, long unsigned int> >, noarr::neutral_proto>::for_each<, {anonymous}::init_array<noarr::bag_t<noarr::set_length_t<'j', noarr::set_length_t<'i', noarr::vector_t<'i', noarr::vector_t<'j', noarr::scalar<double> > >, long unsigned int>, long unsigned int>, noarr::helpers::bag_policy<noarr::helpers::bag_raw_pointer_tag> >, noarr::bag_t<noarr::set_length_t<'i', noarr::vector_t<'i', noarr::scalar<double> >, long unsigned int>, noarr::helpers::bag_policy<noarr::helpers::bag_raw_pointer_tag> >, noarr::bag_t<noarr::set_length_t<'i', noarr::vector_t<'i', noarr::scalar<double> >, long unsigned int>, noarr::helpers::bag_policy<noarr::helpers::bag_raw_pointer_tag> >, noarr::bag_t<noarr::set_length_t<'i', noarr::vector_t<'i', noarr::scalar<double> >, long unsigned int>, noarr::helpers::bag_policy<noarr::helpers::bag_raw_pointer_tag> > >(int, noarr::bag_t<noarr::set_length_t<'j', noarr::set_length_t<'i', noarr::vector_t<'i', noarr::vector_t<'j', noarr::scalar<double> > >, long unsigned int>, long unsigned int>, noarr::helpers::bag_policy<noarr::helpers::bag_raw_pointer_tag> >, noarr::bag_t<noarr::set_length_t<'i', noarr::vector_t<'i', noarr::scalar<double> >, long unsigned int>, noarr::helpers::bag_policy<noarr::helpers::bag_raw_pointer_tag> >, noarr::bag_t<noarr::set_length_t<'i', noarr::vector_t<'i', noarr::scalar<double> >, long unsigned int>, noarr::helpers::bag_policy<noarr::helpers::bag_raw_pointer_tag> >, noarr::bag_t<noarr::set_length_t<'i', noarr::vector_t<'i', noarr::scalar<double> >, long unsigned int>, noarr::helpers::bag_policy<noarr::helpers::bag_raw_pointer_tag> >)::<lambda(auto:44)> >({anonymous}::init_array<noarr::bag_t<noarr::set_length_t<'j', noarr::set_length_t<'i', noarr::vector_t<'i', noarr::vector_t<'j', noarr::scalar<double> > >, long unsigned int>, long unsigned int>, noarr::helpers::bag_policy<noarr::helpers::bag_raw_pointer_tag> >, noarr::bag_t<noarr::set_length_t<'i', noarr::vector_t<'i', noarr::scalar<double> >, long unsigned int>, noarr::helpers::bag_policy<noarr::helpers::bag_raw_pointer_tag> >, noarr::bag_t<noarr::set_length_t<'i', noarr::vector_t<'i', noarr::scalar<double> >, long unsigned int>, noarr::helpers::bag_policy<noarr::helpers::bag_raw_pointer_tag> >, noarr::bag_t<noarr::set_length_t<'i', noarr::vector_t<'i', noarr::scalar<double> >, long unsigned int>, noarr::helpers::bag_policy<noarr::helpers::bag_raw_pointer_tag> > >(int, noarr::bag_t<noarr::set_length_t<'j', noarr::set_length_t<'i', noarr::vector_t<'i', noarr::vector_t<'j', noarr::scalar<double> > >, long unsigned int>, long unsigned int>, noarr::helpers::bag_policy<noarr::helpers::bag_raw_pointer_tag> >, noarr::bag_t<noarr::set_length_t<'i', noarr::vector_t<'i', noarr::scalar<double> >, long unsigned int>, noarr::helpers::bag_policy<noarr::helpers::bag_raw_pointer_tag> >, noarr::bag_t<noarr::set_length_t<'i', noarr::vector_t<'i', noarr::scalar<double> >, long unsigned int>, noarr::helpers::bag_policy<noarr::helpers::bag_raw_pointer_tag> >, noarr::bag_t<noarr::set_length_t<'i', noarr::vector_t<'i', noarr::scalar<double> >, long unsigned int>, noarr::helpers::bag_policy<noarr::helpers::bag_raw_pointer_tag> >)::<lambda(auto:44)>) const::<lambda(auto:20)>; Struct = noarr::union_t<noarr::set_length_t<'i', noarr::vector_t<'i', noarr::scalar<double> >, long unsigned int>, noarr::set_length_t<'i', noarr::vector_t<'i', noarr::scalar<double> >, long unsigned int>, noarr::set_length_t<'i', noarr::vector_t<'i', noarr::scalar<double> >, long unsigned int> >; Order = noarr::neutral_proto]’
  215 |                 for_each_impl(dim_tree_helper(), f, empty_state);
      |                 ~~~~~~~~~~~~~^~~~~~~~~~~~~~~~~~~~~~~~~~~~~~~~~~~
/home/kleplj/translation/submodules/noarr-structures/include/noarr/structures/extra/../extra/traverser.hpp:200:24:   required from ‘constexpr void noarr::traverser_t<Struct, Order>::for_each(F) const [with auto ...Dims = {}; F = {anonymous}::init_array<noarr::bag_t<noarr::set_length_t<'j', noarr::set_length_t<'i', noarr::vector_t<'i', noarr::vector_t<'j', noarr::scalar<double> > >, long unsigned int>, long unsigned int>, noarr::helpers::bag_policy<noarr::helpers::bag_raw_pointer_tag> >, noarr::bag_t<noarr::set_length_t<'i', noarr::vector_t<'i', noarr::scalar<double> >, long unsigned int>, noarr::helpers::bag_policy<noarr::helpers::bag_raw_pointer_tag> >, noarr::bag_t<noarr::set_length_t<'i', noarr::vector_t<'i', noarr::scalar<double> >, long unsigned int>, noarr::helpers::bag_policy<noarr::helpers::bag_raw_pointer_tag> >, noarr::bag_t<noarr::set_length_t<'i', noarr::vector_t<'i', noarr::scalar<double> >, long unsigned int>, noarr::helpers::bag_policy<noarr::helpers::bag_raw_pointer_tag> > >(int, noarr::bag_t<noarr::set_length_t<'j', noarr::set_length_t<'i', noarr::vector_t<'i', noarr::vector_t<'j', noarr::scalar<double> > >, long unsigned int>, long unsigned int>, noarr::helpers::bag_policy<noarr::helpers::bag_raw_pointer_tag> >, noarr::bag_t<noarr::set_length_t<'i', noarr::vector_t<'i', noarr::scalar<double> >, long unsigned int>, noarr::helpers::bag_policy<noarr::helpers::bag_raw_pointer_tag> >, noarr::bag_t<noarr::set_length_t<'i', noarr::vector_t<'i', noarr::scalar<double> >, long unsigned int>, noarr::helpers::bag_policy<noarr::helpers::bag_raw_pointer_tag> >, noarr::bag_t<noarr::set_length_t<'i', noarr::vector_t<'i', noarr::scalar<double> >, long unsigned int>, noarr::helpers::bag_policy<noarr::helpers::bag_raw_pointer_tag> >)::<lambda(auto:44)>; Struct = noarr::union_t<noarr::set_length_t<'i', noarr::vector_t<'i', noarr::scalar<double> >, long unsigned int>, noarr::set_length_t<'i', noarr::vector_t<'i', noarr::scalar<double> >, long unsigned int>, noarr::set_length_t<'i', noarr::vector_t<'i', noarr::scalar<double> >, long unsigned int> >; Order = noarr::neutral_proto]’
  200 |                 for_sections<Dims...>([f](auto inner) constexpr { f(inner.state()); });
      |                 ~~~~~~~~~~~~~~~~~~~~~^~~~~~~~~~~~~~~~~~~~~~~~~~~~~~~~~~~~~~~~~~~~~~~~~
/home/kleplj/translation/PolybenchC-Noarr/linear-algebra/solvers/ludcmp/ludcmp.cpp:37:29:   required from ‘void {anonymous}::init_array(int, auto:40, auto:41, auto:42, auto:43) [with auto:40 = noarr::bag_t<noarr::set_length_t<'j', noarr::set_length_t<'i', noarr::vector_t<'i', noarr::vector_t<'j', noarr::scalar<double> > >, long unsigned int>, long unsigned int>, noarr::helpers::bag_policy<noarr::helpers::bag_raw_pointer_tag> >; auto:41 = noarr::bag_t<noarr::set_length_t<'i', noarr::vector_t<'i', noarr::scalar<double> >, long unsigned int>, noarr::helpers::bag_policy<noarr::helpers::bag_raw_pointer_tag> >; auto:42 = noarr::bag_t<noarr::set_length_t<'i', noarr::vector_t<'i', noarr::scalar<double> >, long unsigned int>, noarr::helpers::bag_policy<noarr::helpers::bag_raw_pointer_tag> >; auto:43 = noarr::bag_t<noarr::set_length_t<'i', noarr::vector_t<'i', noarr::scalar<double> >, long unsigned int>, noarr::helpers::bag_policy<noarr::helpers::bag_raw_pointer_tag> >]’
   37 |         traverser(b, x, y).for_each([=](auto state) {
      |         ~~~~~~~~~~~~~~~~~~~~~~~~~~~^~~~~~~~~~~~~~~~~~
   38 |                 auto i = get_index<'i'>(state);
      |                 ~~~~~~~~~~~~~~~~~~~~~~~~~~~~~~~
   39 | 
      |                                     
   40 |                 x[state] = num_t(0);
      |                 ~~~~~~~~~~~~~~~~~~~~
   41 |                 y[state] = num_t(0);
      |                 ~~~~~~~~~~~~~~~~~~~~
   42 | 
      |                                     
   43 |                 x[state]; // keep structure usage symmetrical
      |                 ~~~~~~~~~~~~~~~~~~~~~~~~~~~~~~~~~~~~~~~~~~~~~
   44 |                 y[state];
      |                 ~~~~~~~~~           
   45 | 
      |                                     
   46 |                 b[state] = (static_cast<num_t>(i + 1) / fn / num_t(2.0)) + num_t(4);
      |                 ~~~~~~~~~~~~~~~~~~~~~~~~~~~~~~~~~~~~~~~~~~~~~~~~~~~~~~~~~~~~~~~~~~~~
   47 |         });
      |         ~~                          
/home/kleplj/translation/PolybenchC-Noarr/linear-algebra/solvers/ludcmp/ludcmp.cpp:244:12:   required from here
  244 |         init_array(static_cast<int>(n),
      |         ~~~~~~~~~~^~~~~~~~~~~~~~~~~~~~~
  245 |                    A.get_ref(), b.get_ref(), x.get_ref(), y.get_ref());
      |                    ~~~~~~~~~~~~~~~~~~~~~~~~~~~~~~~~~~~~~~~~~~~~~~~~~~~
/home/kleplj/translation/PolybenchC-Noarr/linear-algebra/solvers/ludcmp/ludcmp.cpp:43:18: warning: ignoring return value of ‘constexpr decltype(auto) noarr::bag_t<Structure, BagPolicy>::operator[](HasState&&) const [with HasState = noarr::state<noarr::state_item<noarr::index_in<'i'>, long unsigned int> >&; Structure = noarr::set_length_t<'i', noarr::vector_t<'i', noarr::scalar<double> >, long unsigned int>; BagPolicy = noarr::helpers::bag_policy<noarr::helpers::bag_raw_pointer_tag>]’, declared with attribute ‘nodiscard’ [-Wunused-result]
   43 |                 x[state]; // keep structure usage symmetrical
      |                 ~^
In file included from /home/kleplj/translation/submodules/noarr-structures/include/noarr/traversers.hpp:11,
                 from /home/kleplj/translation/PolybenchC-Noarr/linear-algebra/solvers/ludcmp/ludcmp.cpp:5:
/home/kleplj/translation/submodules/noarr-structures/include/noarr/structures/interop/bag.hpp:183:34: note: declared here
  183 |         constexpr decltype(auto) operator[](HasState &&has_state) const noexcept {
      |                                  ^~~~~~~~
/home/kleplj/translation/PolybenchC-Noarr/linear-algebra/solvers/ludcmp/ludcmp.cpp:44:18: warning: ignoring return value of ‘constexpr decltype(auto) noarr::bag_t<Structure, BagPolicy>::operator[](HasState&&) const [with HasState = noarr::state<noarr::state_item<noarr::index_in<'i'>, long unsigned int> >&; Structure = noarr::set_length_t<'i', noarr::vector_t<'i', noarr::scalar<double> >, long unsigned int>; BagPolicy = noarr::helpers::bag_policy<noarr::helpers::bag_raw_pointer_tag>]’, declared with attribute ‘nodiscard’ [-Wunused-result]
   44 |                 y[state];
      |                 ~^
/home/kleplj/translation/submodules/noarr-structures/include/noarr/structures/interop/bag.hpp:183:34: note: declared here
  183 |         constexpr decltype(auto) operator[](HasState &&has_state) const noexcept {
      |                                  ^~~~~~~~
gmake[1]: Target 'all' not remade because of errors.
gmake: *** [Makefile:91: all] Error 2
noarr (standard):
noarr (standard):
noarr (standard):
noarr (standard):
noarr (standard):
Token count differs: baseline=2001000 translated=4000000
Mismatch detected for translation noarr cholesky (tolerance 1e-2 abs, 2e-7 rel).
noarr (standard):
noarr (standard):
noarr (standard):
noarr (standard):
noarr (standard):
noarr (standard):
noarr (standard):
noarr (standard):
noarr (standard):
noarr (standard):
Token 1200 differs: 1895.79 vs 0.0 (tolerance 0.01 + 2e-07 * |1895.79| = 0.010379158)
Mismatch detected for translation noarr gramschmidt (tolerance 1e-2 abs, 2e-7 rel).
noarr (standard):
noarr (standard):
noarr (standard):
No translation frameworks available to run for algorithm lu. Skipping.
noarr (standard):
noarr (standard):
functions: line 1817: 954806 Segmentation fault      timeout "${PATIENCE}" "./build/${algorithm}" > "${translated_stdout}" 2> "${translated_tmp}"
Failed to execute translation framework noarr for nussinov.
noarr (standard):
noarr (standard):
noarr (standard):
noarr (standard):
Token 62 differs: 0.48 vs 0.5 (tolerance 0.01 + 2e-07 * |0.48| = 0.010000096)
Mismatch detected for translation noarr trisolv (tolerance 1e-2 abs, 2e-7 rel).
noarr (standard):
Invalidating ../PolybenchC-Noarr/linear-algebra/blas/gemm/gemm.cpp
Invalidating ../PolybenchC-Noarr/linear-algebra/blas/gemver/gemver.cpp
Invalidating ../PolybenchC-Noarr/linear-algebra/blas/gesummv/gesummv.cpp
Invalidating ../PolybenchC-Noarr/linear-algebra/blas/symm/symm.cpp
Invalidating ../PolybenchC-Noarr/linear-algebra/blas/syr2k/syr2k.cpp
Invalidating ../PolybenchC-Noarr/linear-algebra/blas/syrk/syrk.cpp
Invalidating ../PolybenchC-Noarr/linear-algebra/blas/trmm/trmm.cpp
Invalidating ../PolybenchC-Noarr/linear-algebra/kernels/2mm/2mm.cpp
Invalidating ../PolybenchC-Noarr/linear-algebra/kernels/3mm/3mm.cpp
Invalidating ../PolybenchC-Noarr/linear-algebra/kernels/atax/atax.cpp
Invalidating ../PolybenchC-Noarr/linear-algebra/kernels/bicg/bicg.cpp
Invalidating ../PolybenchC-Noarr/linear-algebra/kernels/doitgen/doitgen.cpp
Invalidating ../PolybenchC-Noarr/linear-algebra/kernels/mvt/mvt.cpp
Invalidating ../PolybenchC-Noarr/linear-algebra/solvers/cholesky/cholesky.cpp
Invalidating ../PolybenchC-Noarr/linear-algebra/solvers/durbin/durbin.cpp
Invalidating ../PolybenchC-Noarr/linear-algebra/solvers/gramschmidt/gramschmidt.cpp
Invalidating ../PolybenchC-Noarr/linear-algebra/solvers/lu/lu.cpp
Invalidating ../PolybenchC-Noarr/linear-algebra/solvers/ludcmp/ludcmp.cpp
Invalidating ../PolybenchC-Noarr/linear-algebra/solvers/trisolv/trisolv.cpp
Invalidating ../PolybenchC-Noarr/medley/deriche/deriche.cpp
Invalidating ../PolybenchC-Noarr/medley/floyd-warshall/floyd-warshall.cpp
Invalidating ../PolybenchC-Noarr/medley/nussinov/nussinov.cpp
Invalidating ../PolybenchC-Noarr/datamining/correlation/correlation.cpp
Invalidating ../PolybenchC-Noarr/datamining/covariance/covariance.cpp
Invalidating ../PolybenchC-Noarr/stencils/adi/adi.cpp
Invalidating ../PolybenchC-Noarr/stencils/fdtd-2d/fdtd-2d.cpp
Invalidating ../PolybenchC-Noarr/stencils/heat-3d/heat-3d.cpp
Invalidating ../PolybenchC-Noarr/stencils/jacobi-1d/jacobi-1d.cpp
Invalidating ../PolybenchC-Noarr/stencils/jacobi-2d/jacobi-2d.cpp
Invalidating ../PolybenchC-Noarr/stencils/seidel-2d/seidel-2d.cpp
Processing C framework...
Processing Noarr framework...
Replacing /home/kleplj/translation/gpt-querying/../PolybenchC-Noarr/datamining/correlation/correlation.cpp with /home/kleplj/translation/gpt-querying/../generated/noarr/full/correlation-02/code.cpp
Replacing /home/kleplj/translation/gpt-querying/../PolybenchC-Noarr/datamining/covariance/covariance.cpp with /home/kleplj/translation/gpt-querying/../generated/noarr/full/covariance-02/code.cpp
Replacing /home/kleplj/translation/gpt-querying/../PolybenchC-Noarr/linear-algebra/blas/gemm/gemm.cpp with /home/kleplj/translation/gpt-querying/../generated/noarr/full/gemm-02/code.cpp
Replacing /home/kleplj/translation/gpt-querying/../PolybenchC-Noarr/linear-algebra/blas/gemver/gemver.cpp with /home/kleplj/translation/gpt-querying/../generated/noarr/full/gemver-02/code.cpp
Replacing /home/kleplj/translation/gpt-querying/../PolybenchC-Noarr/linear-algebra/blas/gesummv/gesummv.cpp with /home/kleplj/translation/gpt-querying/../generated/noarr/full/gesummv-02/code.cpp
Replacing /home/kleplj/translation/gpt-querying/../PolybenchC-Noarr/linear-algebra/blas/symm/symm.cpp with /home/kleplj/translation/gpt-querying/../generated/noarr/full/symm-02/code.cpp
Replacing /home/kleplj/translation/gpt-querying/../PolybenchC-Noarr/linear-algebra/blas/syr2k/syr2k.cpp with /home/kleplj/translation/gpt-querying/../generated/noarr/full/syr2k-02/code.cpp
Replacing /home/kleplj/translation/gpt-querying/../PolybenchC-Noarr/linear-algebra/blas/syrk/syrk.cpp with /home/kleplj/translation/gpt-querying/../generated/noarr/full/syrk-02/code.cpp
Replacing /home/kleplj/translation/gpt-querying/../PolybenchC-Noarr/linear-algebra/blas/trmm/trmm.cpp with /home/kleplj/translation/gpt-querying/../generated/noarr/full/trmm-02/code.cpp
Replacing /home/kleplj/translation/gpt-querying/../PolybenchC-Noarr/linear-algebra/kernels/2mm/2mm.cpp with /home/kleplj/translation/gpt-querying/../generated/noarr/full/2mm-02/code.cpp
Replacing /home/kleplj/translation/gpt-querying/../PolybenchC-Noarr/linear-algebra/kernels/3mm/3mm.cpp with /home/kleplj/translation/gpt-querying/../generated/noarr/full/3mm-02/code.cpp
Replacing /home/kleplj/translation/gpt-querying/../PolybenchC-Noarr/linear-algebra/kernels/atax/atax.cpp with /home/kleplj/translation/gpt-querying/../generated/noarr/full/atax-02/code.cpp
Replacing /home/kleplj/translation/gpt-querying/../PolybenchC-Noarr/linear-algebra/kernels/bicg/bicg.cpp with /home/kleplj/translation/gpt-querying/../generated/noarr/full/bicg-02/code.cpp
Replacing /home/kleplj/translation/gpt-querying/../PolybenchC-Noarr/linear-algebra/kernels/doitgen/doitgen.cpp with /home/kleplj/translation/gpt-querying/../generated/noarr/full/doitgen-02/code.cpp
Replacing /home/kleplj/translation/gpt-querying/../PolybenchC-Noarr/linear-algebra/kernels/mvt/mvt.cpp with /home/kleplj/translation/gpt-querying/../generated/noarr/full/mvt-02/code.cpp
Replacing /home/kleplj/translation/gpt-querying/../PolybenchC-Noarr/linear-algebra/solvers/cholesky/cholesky.cpp with /home/kleplj/translation/gpt-querying/../generated/noarr/full/cholesky-02/code.cpp
Replacing /home/kleplj/translation/gpt-querying/../PolybenchC-Noarr/linear-algebra/solvers/durbin/durbin.cpp with /home/kleplj/translation/gpt-querying/../generated/noarr/full/durbin-02/code.cpp
Replacing /home/kleplj/translation/gpt-querying/../PolybenchC-Noarr/linear-algebra/solvers/gramschmidt/gramschmidt.cpp with /home/kleplj/translation/gpt-querying/../generated/noarr/full/gramschmidt-02/code.cpp
Replacing /home/kleplj/translation/gpt-querying/../PolybenchC-Noarr/linear-algebra/solvers/lu/lu.cpp with /home/kleplj/translation/gpt-querying/../generated/noarr/full/lu-02/code.cpp
Replacing /home/kleplj/translation/gpt-querying/../PolybenchC-Noarr/linear-algebra/solvers/ludcmp/ludcmp.cpp with /home/kleplj/translation/gpt-querying/../generated/noarr/full/ludcmp-02/code.cpp
Replacing /home/kleplj/translation/gpt-querying/../PolybenchC-Noarr/linear-algebra/solvers/trisolv/trisolv.cpp with /home/kleplj/translation/gpt-querying/../generated/noarr/full/trisolv-02/code.cpp
Replacing /home/kleplj/translation/gpt-querying/../PolybenchC-Noarr/medley/deriche/deriche.cpp with /home/kleplj/translation/gpt-querying/../generated/noarr/full/deriche-02/code.cpp
Replacing /home/kleplj/translation/gpt-querying/../PolybenchC-Noarr/medley/floyd-warshall/floyd-warshall.cpp with /home/kleplj/translation/gpt-querying/../generated/noarr/full/floyd-warshall-02/code.cpp
Replacing /home/kleplj/translation/gpt-querying/../PolybenchC-Noarr/medley/nussinov/nussinov.cpp with /home/kleplj/translation/gpt-querying/../generated/noarr/full/nussinov-02/code.cpp
Replacing /home/kleplj/translation/gpt-querying/../PolybenchC-Noarr/stencils/adi/adi.cpp with /home/kleplj/translation/gpt-querying/../generated/noarr/full/adi-02/code.cpp
Replacing /home/kleplj/translation/gpt-querying/../PolybenchC-Noarr/stencils/fdtd-2d/fdtd-2d.cpp with /home/kleplj/translation/gpt-querying/../generated/noarr/full/fdtd-2d-02/code.cpp
Replacing /home/kleplj/translation/gpt-querying/../PolybenchC-Noarr/stencils/heat-3d/heat-3d.cpp with /home/kleplj/translation/gpt-querying/../generated/noarr/full/heat-3d-02/code.cpp
Replacing /home/kleplj/translation/gpt-querying/../PolybenchC-Noarr/stencils/jacobi-1d/jacobi-1d.cpp with /home/kleplj/translation/gpt-querying/../generated/noarr/full/jacobi-1d-02/code.cpp
Replacing /home/kleplj/translation/gpt-querying/../PolybenchC-Noarr/stencils/jacobi-2d/jacobi-2d.cpp with /home/kleplj/translation/gpt-querying/../generated/noarr/full/jacobi-2d-02/code.cpp
Replacing /home/kleplj/translation/gpt-querying/../PolybenchC-Noarr/stencils/seidel-2d/seidel-2d.cpp with /home/kleplj/translation/gpt-querying/../generated/noarr/full/seidel-2d-02/code.cpp
Processing Halide framework...
Processing Exo framework...
No postprocess.sh found in ../PolybenchC-Noarr. Skipping.
Performing a clean build...
In file included from /home/kleplj/translation/PolybenchC-Noarr/stencils/adi/adi.cpp:12:
/home/kleplj/translation/PolybenchC-Noarr/stencils/adi/adi.cpp: In function ‘void {anonymous}::kernel_adi(int, auto:42, auto:43, auto:44, auto:45)’:
/home/kleplj/translation/PolybenchC-Noarr/stencils/adi/adi.hpp:17:12: error: expected unqualified-id before numeric constant [-Wtemplate-body]
   17 | # define N 1000
      |            ^~~~
/home/kleplj/translation/PolybenchC-Noarr/stencils/adi/adi.cpp:47:21: note: in expansion of macro ‘N’
   47 |         std::size_t N = u | get_length<'i'>();
      |                     ^
compilation terminated due to -Wfatal-errors.
gmake[2]: *** [CMakeFiles/adi.dir/build.make:79: CMakeFiles/adi.dir/stencils/adi/adi.cpp.o] Error 1
gmake[2]: Target 'CMakeFiles/adi.dir/build' not remade because of errors.
gmake[1]: *** [CMakeFiles/Makefile2:942: CMakeFiles/adi.dir/all] Error 2
/home/kleplj/translation/PolybenchC-Noarr/linear-algebra/solvers/ludcmp/ludcmp.cpp: In instantiation of ‘void {anonymous}::init_array(int, auto:40, auto:41, auto:42, auto:43) [with auto:40 = noarr::bag_t<noarr::set_length_t<'j', noarr::set_length_t<'i', noarr::vector_t<'i', noarr::vector_t<'j', noarr::scalar<double> > >, long unsigned int>, long unsigned int>, noarr::helpers::bag_policy<noarr::helpers::bag_raw_pointer_tag> >; auto:41 = noarr::bag_t<noarr::set_length_t<'j', noarr::set_length_t<'i', noarr::vector_t<'i', noarr::scalar<double> >, long unsigned int>, long unsigned int>, noarr::helpers::bag_policy<noarr::helpers::bag_raw_pointer_tag> >; auto:42 = noarr::bag_t<noarr::set_length_t<'j', noarr::set_length_t<'i', noarr::vector_t<'i', noarr::scalar<double> >, long unsigned int>, long unsigned int>, noarr::helpers::bag_policy<noarr::helpers::bag_raw_pointer_tag> >; auto:43 = noarr::bag_t<noarr::set_length_t<'j', noarr::set_length_t<'i', noarr::vector_t<'i', noarr::scalar<double> >, long unsigned int>, long unsigned int>, noarr::helpers::bag_policy<noarr::helpers::bag_raw_pointer_tag> >]’:
/home/kleplj/translation/PolybenchC-Noarr/linear-algebra/solvers/ludcmp/ludcmp.cpp:203:12:   required from here
  203 |         init_array(static_cast<int>(n), A.get_ref(), b.get_ref(), x.get_ref(), y.get_ref());
      |         ~~~~~~~~~~^~~~~~~~~~~~~~~~~~~~~~~~~~~~~~~~~~~~~~~~~~~~~~~~~~~~~~~~~~~~~~~~~~~~~~~~~
/home/kleplj/translation/PolybenchC-Noarr/linear-algebra/solvers/ludcmp/ludcmp.cpp:83:31: error: use of deleted function ‘constexpr noarr::bag_t<Structure, BagPolicy>::bag_t(const noarr::bag_t<Structure, BagPolicy>&) requires !(is_trivially_copy_constructible_v<typename BagPolicy::type>) [with Structure = noarr::set_length_t<'j', noarr::set_length_t<'i', noarr::vector_t<'i', noarr::vector_t<'j', noarr::scalar<double> > >, long unsigned int>, long unsigned int>; BagPolicy = noarr::helpers::bag_policy<std::unique_ptr>]’
   83 |         traverser(B).for_each([=](auto s) {
      |                               ^~~~~~~~~~~~~
   84 |                 B[s] = static_cast<num_t>(0);
      |                 ~~~~~~~~~~~~~~~~~~~~~~~~~~~~~
   85 |         });
      |         ~                      
compilation terminated due to -Wfatal-errors.
gmake[2]: *** [CMakeFiles/ludcmp.dir/build.make:79: CMakeFiles/ludcmp.dir/linear-algebra/solvers/ludcmp/ludcmp.cpp.o] Error 1
gmake[2]: Target 'CMakeFiles/ludcmp.dir/build' not remade because of errors.
gmake[1]: *** [CMakeFiles/Makefile2:782: CMakeFiles/ludcmp.dir/all] Error 2
gmake[1]: Target 'all' not remade because of errors.
gmake: *** [Makefile:91: all] Error 2
noarr (standard):
noarr (standard):
No translation frameworks available to run for algorithm adi. Skipping.
noarr (standard):
noarr (standard):
Token count differs: baseline=2001000 translated=4000000
Mismatch detected for translation noarr cholesky (tolerance 1e-2 abs, 2e-7 rel).
noarr (standard):
noarr (standard):
noarr (standard):
noarr (standard):
noarr (standard):
noarr (standard):
noarr (standard):
noarr (standard):
noarr (standard):
noarr (standard):
Token 604105 differs: 3.0 vs 0.95 (tolerance 0.01 + 2e-07 * |3.0| = 0.0100006)
Mismatch detected for translation noarr gramschmidt (tolerance 1e-2 abs, 2e-7 rel).
noarr (standard):
noarr (standard):
noarr (standard):
noarr (standard):
No translation frameworks available to run for algorithm ludcmp. Skipping.
noarr (standard):
Token count differs: baseline=3126250 translated=6250000
Mismatch detected for translation noarr nussinov (tolerance 1e-2 abs, 2e-7 rel).
noarr (standard):
noarr (standard):
noarr (standard):
noarr (standard):
noarr (standard):
noarr (standard):
Invalidating ../PolybenchC-Noarr/linear-algebra/blas/gemm/gemm.cpp
Invalidating ../PolybenchC-Noarr/linear-algebra/blas/gemver/gemver.cpp
Invalidating ../PolybenchC-Noarr/linear-algebra/blas/gesummv/gesummv.cpp
Invalidating ../PolybenchC-Noarr/linear-algebra/blas/symm/symm.cpp
Invalidating ../PolybenchC-Noarr/linear-algebra/blas/syr2k/syr2k.cpp
Invalidating ../PolybenchC-Noarr/linear-algebra/blas/syrk/syrk.cpp
Invalidating ../PolybenchC-Noarr/linear-algebra/blas/trmm/trmm.cpp
Invalidating ../PolybenchC-Noarr/linear-algebra/kernels/2mm/2mm.cpp
Invalidating ../PolybenchC-Noarr/linear-algebra/kernels/3mm/3mm.cpp
Invalidating ../PolybenchC-Noarr/linear-algebra/kernels/atax/atax.cpp
Invalidating ../PolybenchC-Noarr/linear-algebra/kernels/bicg/bicg.cpp
Invalidating ../PolybenchC-Noarr/linear-algebra/kernels/doitgen/doitgen.cpp
Invalidating ../PolybenchC-Noarr/linear-algebra/kernels/mvt/mvt.cpp
Invalidating ../PolybenchC-Noarr/linear-algebra/solvers/cholesky/cholesky.cpp
Invalidating ../PolybenchC-Noarr/linear-algebra/solvers/durbin/durbin.cpp
Invalidating ../PolybenchC-Noarr/linear-algebra/solvers/gramschmidt/gramschmidt.cpp
Invalidating ../PolybenchC-Noarr/linear-algebra/solvers/lu/lu.cpp
Invalidating ../PolybenchC-Noarr/linear-algebra/solvers/ludcmp/ludcmp.cpp
Invalidating ../PolybenchC-Noarr/linear-algebra/solvers/trisolv/trisolv.cpp
Invalidating ../PolybenchC-Noarr/medley/deriche/deriche.cpp
Invalidating ../PolybenchC-Noarr/medley/floyd-warshall/floyd-warshall.cpp
Invalidating ../PolybenchC-Noarr/medley/nussinov/nussinov.cpp
Invalidating ../PolybenchC-Noarr/datamining/correlation/correlation.cpp
Invalidating ../PolybenchC-Noarr/datamining/covariance/covariance.cpp
Invalidating ../PolybenchC-Noarr/stencils/adi/adi.cpp
Invalidating ../PolybenchC-Noarr/stencils/fdtd-2d/fdtd-2d.cpp
Invalidating ../PolybenchC-Noarr/stencils/heat-3d/heat-3d.cpp
Invalidating ../PolybenchC-Noarr/stencils/jacobi-1d/jacobi-1d.cpp
Invalidating ../PolybenchC-Noarr/stencils/jacobi-2d/jacobi-2d.cpp
Invalidating ../PolybenchC-Noarr/stencils/seidel-2d/seidel-2d.cpp
Processing C framework...
Processing Noarr framework...
Replacing /home/kleplj/translation/gpt-querying/../PolybenchC-Noarr/datamining/correlation/correlation.cpp with /home/kleplj/translation/gpt-querying/../generated/noarr/full/correlation-03/code.cpp
Replacing /home/kleplj/translation/gpt-querying/../PolybenchC-Noarr/datamining/covariance/covariance.cpp with /home/kleplj/translation/gpt-querying/../generated/noarr/full/covariance-03/code.cpp
Replacing /home/kleplj/translation/gpt-querying/../PolybenchC-Noarr/linear-algebra/blas/gemm/gemm.cpp with /home/kleplj/translation/gpt-querying/../generated/noarr/full/gemm-03/code.cpp
Replacing /home/kleplj/translation/gpt-querying/../PolybenchC-Noarr/linear-algebra/blas/gemver/gemver.cpp with /home/kleplj/translation/gpt-querying/../generated/noarr/full/gemver-03/code.cpp
Replacing /home/kleplj/translation/gpt-querying/../PolybenchC-Noarr/linear-algebra/blas/gesummv/gesummv.cpp with /home/kleplj/translation/gpt-querying/../generated/noarr/full/gesummv-03/code.cpp
Replacing /home/kleplj/translation/gpt-querying/../PolybenchC-Noarr/linear-algebra/blas/symm/symm.cpp with /home/kleplj/translation/gpt-querying/../generated/noarr/full/symm-03/code.cpp
Replacing /home/kleplj/translation/gpt-querying/../PolybenchC-Noarr/linear-algebra/blas/syr2k/syr2k.cpp with /home/kleplj/translation/gpt-querying/../generated/noarr/full/syr2k-03/code.cpp
Replacing /home/kleplj/translation/gpt-querying/../PolybenchC-Noarr/linear-algebra/blas/syrk/syrk.cpp with /home/kleplj/translation/gpt-querying/../generated/noarr/full/syrk-03/code.cpp
Replacing /home/kleplj/translation/gpt-querying/../PolybenchC-Noarr/linear-algebra/blas/trmm/trmm.cpp with /home/kleplj/translation/gpt-querying/../generated/noarr/full/trmm-03/code.cpp
Replacing /home/kleplj/translation/gpt-querying/../PolybenchC-Noarr/linear-algebra/kernels/2mm/2mm.cpp with /home/kleplj/translation/gpt-querying/../generated/noarr/full/2mm-03/code.cpp
Replacing /home/kleplj/translation/gpt-querying/../PolybenchC-Noarr/linear-algebra/kernels/3mm/3mm.cpp with /home/kleplj/translation/gpt-querying/../generated/noarr/full/3mm-03/code.cpp
Replacing /home/kleplj/translation/gpt-querying/../PolybenchC-Noarr/linear-algebra/kernels/atax/atax.cpp with /home/kleplj/translation/gpt-querying/../generated/noarr/full/atax-03/code.cpp
Replacing /home/kleplj/translation/gpt-querying/../PolybenchC-Noarr/linear-algebra/kernels/bicg/bicg.cpp with /home/kleplj/translation/gpt-querying/../generated/noarr/full/bicg-03/code.cpp
Replacing /home/kleplj/translation/gpt-querying/../PolybenchC-Noarr/linear-algebra/kernels/doitgen/doitgen.cpp with /home/kleplj/translation/gpt-querying/../generated/noarr/full/doitgen-03/code.cpp
Replacing /home/kleplj/translation/gpt-querying/../PolybenchC-Noarr/linear-algebra/kernels/mvt/mvt.cpp with /home/kleplj/translation/gpt-querying/../generated/noarr/full/mvt-03/code.cpp
Replacing /home/kleplj/translation/gpt-querying/../PolybenchC-Noarr/linear-algebra/solvers/cholesky/cholesky.cpp with /home/kleplj/translation/gpt-querying/../generated/noarr/full/cholesky-03/code.cpp
Replacing /home/kleplj/translation/gpt-querying/../PolybenchC-Noarr/linear-algebra/solvers/durbin/durbin.cpp with /home/kleplj/translation/gpt-querying/../generated/noarr/full/durbin-03/code.cpp
Replacing /home/kleplj/translation/gpt-querying/../PolybenchC-Noarr/linear-algebra/solvers/gramschmidt/gramschmidt.cpp with /home/kleplj/translation/gpt-querying/../generated/noarr/full/gramschmidt-03/code.cpp
Replacing /home/kleplj/translation/gpt-querying/../PolybenchC-Noarr/linear-algebra/solvers/lu/lu.cpp with /home/kleplj/translation/gpt-querying/../generated/noarr/full/lu-03/code.cpp
Replacing /home/kleplj/translation/gpt-querying/../PolybenchC-Noarr/linear-algebra/solvers/ludcmp/ludcmp.cpp with /home/kleplj/translation/gpt-querying/../generated/noarr/full/ludcmp-03/code.cpp
Replacing /home/kleplj/translation/gpt-querying/../PolybenchC-Noarr/linear-algebra/solvers/trisolv/trisolv.cpp with /home/kleplj/translation/gpt-querying/../generated/noarr/full/trisolv-03/code.cpp
Replacing /home/kleplj/translation/gpt-querying/../PolybenchC-Noarr/medley/deriche/deriche.cpp with /home/kleplj/translation/gpt-querying/../generated/noarr/full/deriche-03/code.cpp
Replacing /home/kleplj/translation/gpt-querying/../PolybenchC-Noarr/medley/floyd-warshall/floyd-warshall.cpp with /home/kleplj/translation/gpt-querying/../generated/noarr/full/floyd-warshall-03/code.cpp
Replacing /home/kleplj/translation/gpt-querying/../PolybenchC-Noarr/medley/nussinov/nussinov.cpp with /home/kleplj/translation/gpt-querying/../generated/noarr/full/nussinov-03/code.cpp
Replacing /home/kleplj/translation/gpt-querying/../PolybenchC-Noarr/stencils/adi/adi.cpp with /home/kleplj/translation/gpt-querying/../generated/noarr/full/adi-03/code.cpp
Replacing /home/kleplj/translation/gpt-querying/../PolybenchC-Noarr/stencils/fdtd-2d/fdtd-2d.cpp with /home/kleplj/translation/gpt-querying/../generated/noarr/full/fdtd-2d-03/code.cpp
Replacing /home/kleplj/translation/gpt-querying/../PolybenchC-Noarr/stencils/heat-3d/heat-3d.cpp with /home/kleplj/translation/gpt-querying/../generated/noarr/full/heat-3d-03/code.cpp
Replacing /home/kleplj/translation/gpt-querying/../PolybenchC-Noarr/stencils/jacobi-1d/jacobi-1d.cpp with /home/kleplj/translation/gpt-querying/../generated/noarr/full/jacobi-1d-03/code.cpp
Replacing /home/kleplj/translation/gpt-querying/../PolybenchC-Noarr/stencils/jacobi-2d/jacobi-2d.cpp with /home/kleplj/translation/gpt-querying/../generated/noarr/full/jacobi-2d-03/code.cpp
Replacing /home/kleplj/translation/gpt-querying/../PolybenchC-Noarr/stencils/seidel-2d/seidel-2d.cpp with /home/kleplj/translation/gpt-querying/../generated/noarr/full/seidel-2d-03/code.cpp
Processing Halide framework...
Processing Exo framework...
No postprocess.sh found in ../PolybenchC-Noarr. Skipping.
Performing a clean build...
In file included from /home/kleplj/translation/PolybenchC-Noarr/linear-algebra/solvers/ludcmp/ludcmp.cpp:13:
/home/kleplj/translation/PolybenchC-Noarr/linear-algebra/solvers/ludcmp/ludcmp.cpp: In function ‘void {anonymous}::kernel_ludcmp(int, auto:49, auto:50, auto:51, auto:52)’:
/home/kleplj/translation/PolybenchC-Noarr/linear-algebra/solvers/ludcmp/ludcmp.hpp:13:12: error: expected unqualified-id before numeric constant [-Wtemplate-body]
   13 | # define N 2000
      |            ^~~~
/home/kleplj/translation/PolybenchC-Noarr/linear-algebra/solvers/ludcmp/ludcmp.cpp:102:14: note: in expansion of macro ‘N’
  102 |         auto N = A | get_length<'i'>();
      |              ^
compilation terminated due to -Wfatal-errors.
gmake[2]: *** [CMakeFiles/ludcmp.dir/build.make:79: CMakeFiles/ludcmp.dir/linear-algebra/solvers/ludcmp/ludcmp.cpp.o] Error 1
gmake[2]: Target 'CMakeFiles/ludcmp.dir/build' not remade because of errors.
gmake[1]: *** [CMakeFiles/Makefile2:782: CMakeFiles/ludcmp.dir/all] Error 2
/home/kleplj/translation/PolybenchC-Noarr/linear-algebra/solvers/lu/lu.cpp: In instantiation of ‘void {anonymous}::init_array(auto:40) [with auto:40 = noarr::bag_t<noarr::set_length_t<'j', noarr::set_length_t<'i', noarr::vector_t<'i', noarr::vector_t<'j', noarr::scalar<double> > >, long unsigned int>, long unsigned int>, noarr::helpers::bag_policy<noarr::helpers::bag_raw_pointer_tag> >]’:
/home/kleplj/translation/PolybenchC-Noarr/linear-algebra/solvers/lu/lu.cpp:184:12:   required from here
  184 |         init_array(A.get_ref());
      |         ~~~~~~~~~~^~~~~~~~~~~~~
/home/kleplj/translation/PolybenchC-Noarr/linear-algebra/solvers/lu/lu.cpp:74:34: error: use of deleted function ‘constexpr noarr::bag_t<Structure, BagPolicy>::bag_t(const noarr::bag_t<Structure, BagPolicy>&) requires !(is_trivially_copy_constructible_v<typename BagPolicy::type>) [with Structure = noarr::set_length_t<'j', noarr::set_length_t<'i', noarr::vector_t<'i', noarr::vector_t<'j', noarr::scalar<double> > >, long unsigned int>, long unsigned int>; BagPolicy = noarr::helpers::bag_policy<std::unique_ptr>]’
   74 |         traverser(B_ij).for_each([=](auto state) {
      |                                  ^~~~~~~~~~~~~~~~~
   75 |                 B_ij[state] = static_cast<num_t>(0);
      |                 ~~~~~~~~~~~~~~~~~~~~~~~~~~~~~~~~~~~~
   76 |         });
      |         ~                         
compilation terminated due to -Wfatal-errors.
gmake[2]: *** [CMakeFiles/lu.dir/build.make:79: CMakeFiles/lu.dir/linear-algebra/solvers/lu/lu.cpp.o] Error 1
gmake[2]: Target 'CMakeFiles/lu.dir/build' not remade because of errors.
gmake[1]: *** [CMakeFiles/Makefile2:750: CMakeFiles/lu.dir/all] Error 2
/home/kleplj/translation/PolybenchC-Noarr/medley/nussinov/nussinov.cpp: In instantiation of ‘void {anonymous}::kernel_nussinov(auto:44, auto:45) [with auto:44 = noarr::bag_t<noarr::set_length_t<'j', noarr::set_length_t<'i', noarr::vector_t<'i', noarr::scalar<char> >, long unsigned int>, long unsigned int>, noarr::helpers::bag_policy<noarr::helpers::bag_raw_pointer_tag> >; auto:45 = noarr::bag_t<noarr::set_length_t<'j', noarr::set_length_t<'i', noarr::vector_t<'i', noarr::vector_t<'j', noarr::scalar<double> > >, long unsigned int>, long unsigned int>, noarr::helpers::bag_policy<noarr::helpers::bag_raw_pointer_tag> >]’:
/home/kleplj/translation/PolybenchC-Noarr/medley/nussinov/nussinov.cpp:141:17:   required from here
  141 |         kernel_nussinov(seq.get_ref(), table.get_ref());
      |         ~~~~~~~~~~~~~~~^~~~~~~~~~~~~~~~~~~~~~~~~~~~~~~~
/home/kleplj/translation/PolybenchC-Noarr/medley/nussinov/nussinov.cpp:115:38: error: assignment of read-only variable ‘c_ij’
  115 |                                 c_ij = max_score(c_ij, table[state_i_k] + table[state_kp1_j]);
      |                                 ~~~~~^~~~~~~~~~~~~~~~~~~~~~~~~~~~~~~~~~~~~~~~~~~~~~~~~~~~~~~~
compilation terminated due to -Wfatal-errors.
gmake[2]: *** [CMakeFiles/nussinov.dir/build.make:79: CMakeFiles/nussinov.dir/medley/nussinov/nussinov.cpp.o] Error 1
gmake[2]: Target 'CMakeFiles/nussinov.dir/build' not remade because of errors.
gmake[1]: *** [CMakeFiles/Makefile2:910: CMakeFiles/nussinov.dir/all] Error 2
gmake[1]: Target 'all' not remade because of errors.
gmake: *** [Makefile:91: all] Error 2
noarr (standard):
noarr (standard):
noarr (standard):
noarr (standard):
noarr (standard):
Token count differs: baseline=2001000 translated=1048576
Mismatch detected for translation noarr cholesky (tolerance 1e-2 abs, 2e-7 rel).
noarr (standard):
noarr (standard):
noarr (standard):
noarr (standard):
noarr (standard):
noarr (standard):
noarr (standard):
noarr (standard):
noarr (standard):
noarr (standard):
Token 604105 differs: 3.0 vs 0.95 (tolerance 0.01 + 2e-07 * |3.0| = 0.0100006)
Mismatch detected for translation noarr gramschmidt (tolerance 1e-2 abs, 2e-7 rel).
noarr (standard):
noarr (standard):
noarr (standard):
No translation frameworks available to run for algorithm lu. Skipping.
No translation frameworks available to run for algorithm ludcmp. Skipping.
noarr (standard):
No translation frameworks available to run for algorithm nussinov. Skipping.
noarr (standard):
noarr (standard):
noarr (standard):
Token 1 differs: 0.0 vs 3.0358201783444994e+76 (tolerance 0.01 + 2e-07 * |0.0| = 0.01)
Mismatch detected for translation noarr syrk (tolerance 1e-2 abs, 2e-7 rel).
Token 62 differs: 0.48 vs 0.5 (tolerance 0.01 + 2e-07 * |0.48| = 0.010000096)
Mismatch detected for translation noarr trisolv (tolerance 1e-2 abs, 2e-7 rel).
noarr (standard):
Invalidating ../PolybenchC-Noarr/linear-algebra/blas/gemm/gemm.cpp
Invalidating ../PolybenchC-Noarr/linear-algebra/blas/gemver/gemver.cpp
Invalidating ../PolybenchC-Noarr/linear-algebra/blas/gesummv/gesummv.cpp
Invalidating ../PolybenchC-Noarr/linear-algebra/blas/symm/symm.cpp
Invalidating ../PolybenchC-Noarr/linear-algebra/blas/syr2k/syr2k.cpp
Invalidating ../PolybenchC-Noarr/linear-algebra/blas/syrk/syrk.cpp
Invalidating ../PolybenchC-Noarr/linear-algebra/blas/trmm/trmm.cpp
Invalidating ../PolybenchC-Noarr/linear-algebra/kernels/2mm/2mm.cpp
Invalidating ../PolybenchC-Noarr/linear-algebra/kernels/3mm/3mm.cpp
Invalidating ../PolybenchC-Noarr/linear-algebra/kernels/atax/atax.cpp
Invalidating ../PolybenchC-Noarr/linear-algebra/kernels/bicg/bicg.cpp
Invalidating ../PolybenchC-Noarr/linear-algebra/kernels/doitgen/doitgen.cpp
Invalidating ../PolybenchC-Noarr/linear-algebra/kernels/mvt/mvt.cpp
Invalidating ../PolybenchC-Noarr/linear-algebra/solvers/cholesky/cholesky.cpp
Invalidating ../PolybenchC-Noarr/linear-algebra/solvers/durbin/durbin.cpp
Invalidating ../PolybenchC-Noarr/linear-algebra/solvers/gramschmidt/gramschmidt.cpp
Invalidating ../PolybenchC-Noarr/linear-algebra/solvers/lu/lu.cpp
Invalidating ../PolybenchC-Noarr/linear-algebra/solvers/ludcmp/ludcmp.cpp
Invalidating ../PolybenchC-Noarr/linear-algebra/solvers/trisolv/trisolv.cpp
Invalidating ../PolybenchC-Noarr/medley/deriche/deriche.cpp
Invalidating ../PolybenchC-Noarr/medley/floyd-warshall/floyd-warshall.cpp
Invalidating ../PolybenchC-Noarr/medley/nussinov/nussinov.cpp
Invalidating ../PolybenchC-Noarr/datamining/correlation/correlation.cpp
Invalidating ../PolybenchC-Noarr/datamining/covariance/covariance.cpp
Invalidating ../PolybenchC-Noarr/stencils/adi/adi.cpp
Invalidating ../PolybenchC-Noarr/stencils/fdtd-2d/fdtd-2d.cpp
Invalidating ../PolybenchC-Noarr/stencils/heat-3d/heat-3d.cpp
Invalidating ../PolybenchC-Noarr/stencils/jacobi-1d/jacobi-1d.cpp
Invalidating ../PolybenchC-Noarr/stencils/jacobi-2d/jacobi-2d.cpp
Invalidating ../PolybenchC-Noarr/stencils/seidel-2d/seidel-2d.cpp
Processing C framework...
Processing Noarr framework...
Replacing /home/kleplj/translation/gpt-querying/../PolybenchC-Noarr/datamining/correlation/correlation.cpp with /home/kleplj/translation/gpt-querying/../generated/noarr/full/correlation-04/code.cpp
Replacing /home/kleplj/translation/gpt-querying/../PolybenchC-Noarr/datamining/covariance/covariance.cpp with /home/kleplj/translation/gpt-querying/../generated/noarr/full/covariance-04/code.cpp
Replacing /home/kleplj/translation/gpt-querying/../PolybenchC-Noarr/linear-algebra/blas/gemm/gemm.cpp with /home/kleplj/translation/gpt-querying/../generated/noarr/full/gemm-04/code.cpp
Replacing /home/kleplj/translation/gpt-querying/../PolybenchC-Noarr/linear-algebra/blas/gemver/gemver.cpp with /home/kleplj/translation/gpt-querying/../generated/noarr/full/gemver-04/code.cpp
Replacing /home/kleplj/translation/gpt-querying/../PolybenchC-Noarr/linear-algebra/blas/gesummv/gesummv.cpp with /home/kleplj/translation/gpt-querying/../generated/noarr/full/gesummv-04/code.cpp
Replacing /home/kleplj/translation/gpt-querying/../PolybenchC-Noarr/linear-algebra/blas/symm/symm.cpp with /home/kleplj/translation/gpt-querying/../generated/noarr/full/symm-04/code.cpp
Replacing /home/kleplj/translation/gpt-querying/../PolybenchC-Noarr/linear-algebra/blas/syr2k/syr2k.cpp with /home/kleplj/translation/gpt-querying/../generated/noarr/full/syr2k-04/code.cpp
Replacing /home/kleplj/translation/gpt-querying/../PolybenchC-Noarr/linear-algebra/blas/syrk/syrk.cpp with /home/kleplj/translation/gpt-querying/../generated/noarr/full/syrk-04/code.cpp
Replacing /home/kleplj/translation/gpt-querying/../PolybenchC-Noarr/linear-algebra/blas/trmm/trmm.cpp with /home/kleplj/translation/gpt-querying/../generated/noarr/full/trmm-04/code.cpp
Replacing /home/kleplj/translation/gpt-querying/../PolybenchC-Noarr/linear-algebra/kernels/2mm/2mm.cpp with /home/kleplj/translation/gpt-querying/../generated/noarr/full/2mm-04/code.cpp
Replacing /home/kleplj/translation/gpt-querying/../PolybenchC-Noarr/linear-algebra/kernels/3mm/3mm.cpp with /home/kleplj/translation/gpt-querying/../generated/noarr/full/3mm-04/code.cpp
Replacing /home/kleplj/translation/gpt-querying/../PolybenchC-Noarr/linear-algebra/kernels/atax/atax.cpp with /home/kleplj/translation/gpt-querying/../generated/noarr/full/atax-04/code.cpp
Replacing /home/kleplj/translation/gpt-querying/../PolybenchC-Noarr/linear-algebra/kernels/bicg/bicg.cpp with /home/kleplj/translation/gpt-querying/../generated/noarr/full/bicg-04/code.cpp
Replacing /home/kleplj/translation/gpt-querying/../PolybenchC-Noarr/linear-algebra/kernels/doitgen/doitgen.cpp with /home/kleplj/translation/gpt-querying/../generated/noarr/full/doitgen-04/code.cpp
Replacing /home/kleplj/translation/gpt-querying/../PolybenchC-Noarr/linear-algebra/kernels/mvt/mvt.cpp with /home/kleplj/translation/gpt-querying/../generated/noarr/full/mvt-04/code.cpp
Replacing /home/kleplj/translation/gpt-querying/../PolybenchC-Noarr/linear-algebra/solvers/cholesky/cholesky.cpp with /home/kleplj/translation/gpt-querying/../generated/noarr/full/cholesky-04/code.cpp
Replacing /home/kleplj/translation/gpt-querying/../PolybenchC-Noarr/linear-algebra/solvers/durbin/durbin.cpp with /home/kleplj/translation/gpt-querying/../generated/noarr/full/durbin-04/code.cpp
Replacing /home/kleplj/translation/gpt-querying/../PolybenchC-Noarr/linear-algebra/solvers/gramschmidt/gramschmidt.cpp with /home/kleplj/translation/gpt-querying/../generated/noarr/full/gramschmidt-04/code.cpp
Replacing /home/kleplj/translation/gpt-querying/../PolybenchC-Noarr/linear-algebra/solvers/lu/lu.cpp with /home/kleplj/translation/gpt-querying/../generated/noarr/full/lu-04/code.cpp
Replacing /home/kleplj/translation/gpt-querying/../PolybenchC-Noarr/linear-algebra/solvers/ludcmp/ludcmp.cpp with /home/kleplj/translation/gpt-querying/../generated/noarr/full/ludcmp-04/code.cpp
Replacing /home/kleplj/translation/gpt-querying/../PolybenchC-Noarr/linear-algebra/solvers/trisolv/trisolv.cpp with /home/kleplj/translation/gpt-querying/../generated/noarr/full/trisolv-04/code.cpp
Replacing /home/kleplj/translation/gpt-querying/../PolybenchC-Noarr/medley/deriche/deriche.cpp with /home/kleplj/translation/gpt-querying/../generated/noarr/full/deriche-04/code.cpp
Replacing /home/kleplj/translation/gpt-querying/../PolybenchC-Noarr/medley/floyd-warshall/floyd-warshall.cpp with /home/kleplj/translation/gpt-querying/../generated/noarr/full/floyd-warshall-04/code.cpp
Replacing /home/kleplj/translation/gpt-querying/../PolybenchC-Noarr/medley/nussinov/nussinov.cpp with /home/kleplj/translation/gpt-querying/../generated/noarr/full/nussinov-04/code.cpp
Replacing /home/kleplj/translation/gpt-querying/../PolybenchC-Noarr/stencils/adi/adi.cpp with /home/kleplj/translation/gpt-querying/../generated/noarr/full/adi-04/code.cpp
Replacing /home/kleplj/translation/gpt-querying/../PolybenchC-Noarr/stencils/fdtd-2d/fdtd-2d.cpp with /home/kleplj/translation/gpt-querying/../generated/noarr/full/fdtd-2d-04/code.cpp
Replacing /home/kleplj/translation/gpt-querying/../PolybenchC-Noarr/stencils/heat-3d/heat-3d.cpp with /home/kleplj/translation/gpt-querying/../generated/noarr/full/heat-3d-04/code.cpp
Replacing /home/kleplj/translation/gpt-querying/../PolybenchC-Noarr/stencils/jacobi-1d/jacobi-1d.cpp with /home/kleplj/translation/gpt-querying/../generated/noarr/full/jacobi-1d-04/code.cpp
Replacing /home/kleplj/translation/gpt-querying/../PolybenchC-Noarr/stencils/jacobi-2d/jacobi-2d.cpp with /home/kleplj/translation/gpt-querying/../generated/noarr/full/jacobi-2d-04/code.cpp
Replacing /home/kleplj/translation/gpt-querying/../PolybenchC-Noarr/stencils/seidel-2d/seidel-2d.cpp with /home/kleplj/translation/gpt-querying/../generated/noarr/full/seidel-2d-04/code.cpp
Processing Halide framework...
Processing Exo framework...
No postprocess.sh found in ../PolybenchC-Noarr. Skipping.
Performing a clean build...
/home/kleplj/translation/PolybenchC-Noarr/linear-algebra/solvers/lu/lu.cpp: In instantiation of ‘void {anonymous}::init_array(auto:40) [with auto:40 = noarr::bag_t<noarr::set_length_t<'j', noarr::set_length_t<'i', noarr::vector_t<'i', noarr::vector_t<'j', noarr::scalar<double> > >, long unsigned int>, long unsigned int>, noarr::helpers::bag_policy<noarr::helpers::bag_raw_pointer_tag> >]’:
/home/kleplj/translation/PolybenchC-Noarr/linear-algebra/solvers/lu/lu.cpp:156:12:   required from here
  156 |         init_array(A.get_ref());
      |         ~~~~~~~~~~^~~~~~~~~~~~~
/home/kleplj/translation/PolybenchC-Noarr/linear-algebra/solvers/lu/lu.cpp:62:31: error: use of deleted function ‘constexpr noarr::bag_t<Structure, BagPolicy>::bag_t(const noarr::bag_t<Structure, BagPolicy>&) requires !(is_trivially_copy_constructible_v<typename BagPolicy::type>) [with Structure = noarr::set_length_t<'j', noarr::set_length_t<'i', noarr::vector_t<'i', noarr::vector_t<'j', noarr::scalar<double> > >, long unsigned int>, long unsigned int>; BagPolicy = noarr::helpers::bag_policy<std::unique_ptr>]’
   62 |         traverser(B).for_each([=](auto state) {
      |                               ^~~~~~~~~~~~~~~~~
   63 |                 B[state] = static_cast<num_t>(0);
      |                 ~~~~~~~~~~~~~~~~~~~~~~~~~~~~~~~~~
   64 |         });
      |         ~                      
compilation terminated due to -Wfatal-errors.
gmake[2]: *** [CMakeFiles/lu.dir/build.make:79: CMakeFiles/lu.dir/linear-algebra/solvers/lu/lu.cpp.o] Error 1
gmake[2]: Target 'CMakeFiles/lu.dir/build' not remade because of errors.
gmake[1]: *** [CMakeFiles/Makefile2:750: CMakeFiles/lu.dir/all] Error 2
/home/kleplj/translation/PolybenchC-Noarr/linear-algebra/solvers/ludcmp/ludcmp.cpp: In instantiation of ‘void {anonymous}::init_array(int, auto:40, auto:41, auto:42, auto:43) [with auto:40 = noarr::bag_t<noarr::set_length_t<'j', noarr::set_length_t<'i', noarr::vector_t<'i', noarr::vector_t<'j', noarr::scalar<double> > >, long unsigned int>, long unsigned int>, noarr::helpers::bag_policy<noarr::helpers::bag_raw_pointer_tag> >; auto:41 = noarr::bag_t<noarr::set_length_t<'i', noarr::vector_t<'i', noarr::scalar<double> >, long unsigned int>, noarr::helpers::bag_policy<noarr::helpers::bag_raw_pointer_tag> >; auto:42 = noarr::bag_t<noarr::set_length_t<'i', noarr::vector_t<'i', noarr::scalar<double> >, long unsigned int>, noarr::helpers::bag_policy<noarr::helpers::bag_raw_pointer_tag> >; auto:43 = noarr::bag_t<noarr::set_length_t<'i', noarr::vector_t<'i', noarr::scalar<double> >, long unsigned int>, noarr::helpers::bag_policy<noarr::helpers::bag_raw_pointer_tag> >]’:
/home/kleplj/translation/PolybenchC-Noarr/linear-algebra/solvers/ludcmp/ludcmp.cpp:302:12:   required from here
  302 |         init_array(n, A.get_ref(), b.get_ref(), x.get_ref(), y.get_ref());
      |         ~~~~~~~~~~^~~~~~~~~~~~~~~~~~~~~~~~~~~~~~~~~~~~~~~~~~~~~~~~~~~~~~~
/home/kleplj/translation/PolybenchC-Noarr/linear-algebra/solvers/ludcmp/ludcmp.cpp:103:31: error: use of deleted function ‘constexpr noarr::bag_t<Structure, BagPolicy>::bag_t(const noarr::bag_t<Structure, BagPolicy>&) requires !(is_trivially_copy_constructible_v<typename BagPolicy::type>) [with Structure = noarr::set_length_t<'j', noarr::set_length_t<'i', noarr::vector_t<'i', noarr::vector_t<'j', noarr::scalar<double> > >, long unsigned int>, long unsigned int>; BagPolicy = noarr::helpers::bag_policy<std::unique_ptr>]’
  103 |         traverser(B).for_each([=](auto state) {
      |                               ^~~~~~~~~~~~~~~~~
  104 |                 B[state] = static_cast<num_t>(0);
      |                 ~~~~~~~~~~~~~~~~~~~~~~~~~~~~~~~~~
  105 |         });
      |         ~                      
compilation terminated due to -Wfatal-errors.
gmake[2]: *** [CMakeFiles/ludcmp.dir/build.make:79: CMakeFiles/ludcmp.dir/linear-algebra/solvers/ludcmp/ludcmp.cpp.o] Error 1
gmake[2]: Target 'CMakeFiles/ludcmp.dir/build' not remade because of errors.
gmake[1]: *** [CMakeFiles/Makefile2:782: CMakeFiles/ludcmp.dir/all] Error 2
/home/kleplj/translation/PolybenchC-Noarr/linear-algebra/blas/syr2k/syr2k.cpp: In instantiation of ‘{anonymous}::kernel_syr2k<noarr::bag_t<noarr::set_length_t<'k', noarr::set_length_t<'j', noarr::set_length_t<'i', noarr::vector_t<'i', noarr::vector_t<'j', noarr::scalar<double> > >, long unsigned int>, long unsigned int>, long unsigned int>, noarr::helpers::bag_policy<noarr::helpers::bag_raw_pointer_tag> >, noarr::bag_t<noarr::set_length_t<'k', noarr::set_length_t<'j', noarr::set_length_t<'i', noarr::vector_t<'i', noarr::vector_t<'k', noarr::scalar<double> > >, long unsigned int>, long unsigned int>, long unsigned int>, noarr::helpers::bag_policy<noarr::helpers::bag_raw_pointer_tag> >, noarr::bag_t<noarr::set_length_t<'k', noarr::set_length_t<'j', noarr::set_length_t<'i', noarr::vector_t<'i', noarr::vector_t<'k', noarr::scalar<double> > >, long unsigned int>, long unsigned int>, long unsigned int>, noarr::helpers::bag_policy<noarr::helpers::bag_raw_pointer_tag> > >(num_t, num_t, noarr::bag_t<noarr::set_length_t<'k', noarr::set_length_t<'j', noarr::set_length_t<'i', noarr::vector_t<'i', noarr::vector_t<'j', noarr::scalar<double> > >, long unsigned int>, long unsigned int>, long unsigned int>, noarr::helpers::bag_policy<noarr::helpers::bag_raw_pointer_tag> >, noarr::bag_t<noarr::set_length_t<'k', noarr::set_length_t<'j', noarr::set_length_t<'i', noarr::vector_t<'i', noarr::vector_t<'k', noarr::scalar<double> > >, long unsigned int>, long unsigned int>, long unsigned int>, noarr::helpers::bag_policy<noarr::helpers::bag_raw_pointer_tag> >, noarr::bag_t<noarr::set_length_t<'k', noarr::set_length_t<'j', noarr::set_length_t<'i', noarr::vector_t<'i', noarr::vector_t<'k', noarr::scalar<double> > >, long unsigned int>, long unsigned int>, long unsigned int>, noarr::helpers::bag_policy<noarr::helpers::bag_raw_pointer_tag> >)::<lambda(auto:51)>::<lambda(auto:52)>::<lambda(auto:53)> [with auto:53 = noarr::state<noarr::state_item<noarr::index_in<'j'>, long unsigned int>, noarr::state_item<noarr::index_in<'i'>, long unsigned int> >]’:
/home/kleplj/translation/submodules/noarr-structures/include/noarr/structures/extra/../extra/traverser.hpp:200:54:   required from ‘noarr::traverser_t<noarr::union_t<noarr::set_length_t<'k', noarr::set_length_t<'j', noarr::set_length_t<'i', noarr::vector_t<'i', noarr::vector_t<'j', noarr::scalar<double> > >, long unsigned int>, long unsigned int>, long unsigned int> >, noarr::compose_proto<noarr::pack<noarr::compose_proto<noarr::pack<noarr::compose_proto<noarr::pack<noarr::neutral_proto>, noarr::compose_proto<noarr::pack<noarr::bcast_proto<'k'> >, noarr::set_length_proto<'k', long unsigned int> > > >, noarr::compose_proto<noarr::pack<noarr::neutral_proto>, noarr::fix_proto<'i', long unsigned int> > > >, noarr::compose_proto<noarr::pack<noarr::neutral_proto>, noarr::fix_proto<'k', long unsigned int> > > >::for_each<, {anonymous}::kernel_syr2k<noarr::bag_t<noarr::set_length_t<'k', noarr::set_length_t<'j', noarr::set_length_t<'i', noarr::vector_t<'i', noarr::vector_t<'j', noarr::scalar<double> > >, long unsigned int>, long unsigned int>, long unsigned int>, noarr::helpers::bag_policy<noarr::helpers::bag_raw_pointer_tag> >, noarr::bag_t<noarr::set_length_t<'k', noarr::set_length_t<'j', noarr::set_length_t<'i', noarr::vector_t<'i', noarr::vector_t<'k', noarr::scalar<double> > >, long unsigned int>, long unsigned int>, long unsigned int>, noarr::helpers::bag_policy<noarr::helpers::bag_raw_pointer_tag> >, noarr::bag_t<noarr::set_length_t<'k', noarr::set_length_t<'j', noarr::set_length_t<'i', noarr::vector_t<'i', noarr::vector_t<'k', noarr::scalar<double> > >, long unsigned int>, long unsigned int>, long unsigned int>, noarr::helpers::bag_policy<noarr::helpers::bag_raw_pointer_tag> > >(num_t, num_t, noarr::bag_t<noarr::set_length_t<'k', noarr::set_length_t<'j', noarr::set_length_t<'i', noarr::vector_t<'i', noarr::vector_t<'j', noarr::scalar<double> > >, long unsigned int>, long unsigned int>, long unsigned int>, noarr::helpers::bag_policy<noarr::helpers::bag_raw_pointer_tag> >, noarr::bag_t<noarr::set_length_t<'k', noarr::set_length_t<'j', noarr::set_length_t<'i', noarr::vector_t<'i', noarr::vector_t<'k', noarr::scalar<double> > >, long unsigned int>, long unsigned int>, long unsigned int>, noarr::helpers::bag_policy<noarr::helpers::bag_raw_pointer_tag> >, noarr::bag_t<noarr::set_length_t<'k', noarr::set_length_t<'j', noarr::set_length_t<'i', noarr::vector_t<'i', noarr::vector_t<'k', noarr::scalar<double> > >, long unsigned int>, long unsigned int>, long unsigned int>, noarr::helpers::bag_policy<noarr::helpers::bag_raw_pointer_tag> >)::<lambda(auto:51)>::<lambda(auto:52)>::<lambda(auto:53)> >({anonymous}::kernel_syr2k<noarr::bag_t<noarr::set_length_t<'k', noarr::set_length_t<'j', noarr::set_length_t<'i', noarr::vector_t<'i', noarr::vector_t<'j', noarr::scalar<double> > >, long unsigned int>, long unsigned int>, long unsigned int>, noarr::helpers::bag_policy<noarr::helpers::bag_raw_pointer_tag> >, noarr::bag_t<noarr::set_length_t<'k', noarr::set_length_t<'j', noarr::set_length_t<'i', noarr::vector_t<'i', noarr::vector_t<'k', noarr::scalar<double> > >, long unsigned int>, long unsigned int>, long unsigned int>, noarr::helpers::bag_policy<noarr::helpers::bag_raw_pointer_tag> >, noarr::bag_t<noarr::set_length_t<'k', noarr::set_length_t<'j', noarr::set_length_t<'i', noarr::vector_t<'i', noarr::vector_t<'k', noarr::scalar<double> > >, long unsigned int>, long unsigned int>, long unsigned int>, noarr::helpers::bag_policy<noarr::helpers::bag_raw_pointer_tag> > >(num_t, num_t, noarr::bag_t<noarr::set_length_t<'k', noarr::set_length_t<'j', noarr::set_length_t<'i', noarr::vector_t<'i', noarr::vector_t<'j', noarr::scalar<double> > >, long unsigned int>, long unsigned int>, long unsigned int>, noarr::helpers::bag_policy<noarr::helpers::bag_raw_pointer_tag> >, noarr::bag_t<noarr::set_length_t<'k', noarr::set_length_t<'j', noarr::set_length_t<'i', noarr::vector_t<'i', noarr::vector_t<'k', noarr::scalar<double> > >, long unsigned int>, long unsigned int>, long unsigned int>, noarr::helpers::bag_policy<noarr::helpers::bag_raw_pointer_tag> >, noarr::bag_t<noarr::set_length_t<'k', noarr::set_length_t<'j', noarr::set_length_t<'i', noarr::vector_t<'i', noarr::vector_t<'k', noarr::scalar<double> > >, long unsigned int>, long unsigned int>, long unsigned int>, noarr::helpers::bag_policy<noarr::helpers::bag_raw_pointer_tag> >)::<lambda(auto:51)>::<lambda(auto:52)>::<lambda(auto:53)>) const::<lambda(auto:20)> [with auto:20 = noarr::traverser_t<noarr::union_t<noarr::set_length_t<'k', noarr::set_length_t<'j', noarr::set_length_t<'i', noarr::vector_t<'i', noarr::vector_t<'j', noarr::scalar<double> > >, long unsigned int>, long unsigned int>, long unsigned int> >, noarr::compose_proto<noarr::pack<noarr::compose_proto<noarr::pack<noarr::compose_proto<noarr::pack<noarr::compose_proto<noarr::pack<noarr::neutral_proto>, noarr::compose_proto<noarr::pack<noarr::bcast_proto<'k'> >, noarr::set_length_proto<'k', long unsigned int> > > >, noarr::compose_proto<noarr::pack<noarr::neutral_proto>, noarr::fix_proto<'i', long unsigned int> > > >, noarr::compose_proto<noarr::pack<noarr::neutral_proto>, noarr::fix_proto<'k', long unsigned int> > > >, noarr::compose_proto<noarr::pack<noarr::neutral_proto>, noarr::fix_proto<'j', long unsigned int> > > >]’
  200 |                 for_sections<Dims...>([f](auto inner) constexpr { f(inner.state()); });
      |                                                                   ~^~~~~~~~~~~~~~~
/home/kleplj/translation/submodules/noarr-structures/include/noarr/structures/extra/../extra/traverser.hpp:269:4:   required from ‘constexpr void noarr::traverser_t<Struct, Order>::for_each_impl(noarr::dim_sequence<>, F, noarr::state<StateItem, StateItems ...>) const [with F = noarr::traverser_t<noarr::union_t<noarr::set_length_t<'k', noarr::set_length_t<'j', noarr::set_length_t<'i', noarr::vector_t<'i', noarr::vector_t<'j', noarr::scalar<double> > >, long unsigned int>, long unsigned int>, long unsigned int> >, noarr::compose_proto<noarr::pack<noarr::compose_proto<noarr::pack<noarr::compose_proto<noarr::pack<noarr::neutral_proto>, noarr::compose_proto<noarr::pack<noarr::bcast_proto<'k'> >, noarr::set_length_proto<'k', long unsigned int> > > >, noarr::compose_proto<noarr::pack<noarr::neutral_proto>, noarr::fix_proto<'i', long unsigned int> > > >, noarr::compose_proto<noarr::pack<noarr::neutral_proto>, noarr::fix_proto<'k', long unsigned int> > > >::for_each<, {anonymous}::kernel_syr2k<noarr::bag_t<noarr::set_length_t<'k', noarr::set_length_t<'j', noarr::set_length_t<'i', noarr::vector_t<'i', noarr::vector_t<'j', noarr::scalar<double> > >, long unsigned int>, long unsigned int>, long unsigned int>, noarr::helpers::bag_policy<noarr::helpers::bag_raw_pointer_tag> >, noarr::bag_t<noarr::set_length_t<'k', noarr::set_length_t<'j', noarr::set_length_t<'i', noarr::vector_t<'i', noarr::vector_t<'k', noarr::scalar<double> > >, long unsigned int>, long unsigned int>, long unsigned int>, noarr::helpers::bag_policy<noarr::helpers::bag_raw_pointer_tag> >, noarr::bag_t<noarr::set_length_t<'k', noarr::set_length_t<'j', noarr::set_length_t<'i', noarr::vector_t<'i', noarr::vector_t<'k', noarr::scalar<double> > >, long unsigned int>, long unsigned int>, long unsigned int>, noarr::helpers::bag_policy<noarr::helpers::bag_raw_pointer_tag> > >(num_t, num_t, noarr::bag_t<noarr::set_length_t<'k', noarr::set_length_t<'j', noarr::set_length_t<'i', noarr::vector_t<'i', noarr::vector_t<'j', noarr::scalar<double> > >, long unsigned int>, long unsigned int>, long unsigned int>, noarr::helpers::bag_policy<noarr::helpers::bag_raw_pointer_tag> >, noarr::bag_t<noarr::set_length_t<'k', noarr::set_length_t<'j', noarr::set_length_t<'i', noarr::vector_t<'i', noarr::vector_t<'k', noarr::scalar<double> > >, long unsigned int>, long unsigned int>, long unsigned int>, noarr::helpers::bag_policy<noarr::helpers::bag_raw_pointer_tag> >, noarr::bag_t<noarr::set_length_t<'k', noarr::set_length_t<'j', noarr::set_length_t<'i', noarr::vector_t<'i', noarr::vector_t<'k', noarr::scalar<double> > >, long unsigned int>, long unsigned int>, long unsigned int>, noarr::helpers::bag_policy<noarr::helpers::bag_raw_pointer_tag> >)::<lambda(auto:51)>::<lambda(auto:52)>::<lambda(auto:53)> >({anonymous}::kernel_syr2k<noarr::bag_t<noarr::set_length_t<'k', noarr::set_length_t<'j', noarr::set_length_t<'i', noarr::vector_t<'i', noarr::vector_t<'j', noarr::scalar<double> > >, long unsigned int>, long unsigned int>, long unsigned int>, noarr::helpers::bag_policy<noarr::helpers::bag_raw_pointer_tag> >, noarr::bag_t<noarr::set_length_t<'k', noarr::set_length_t<'j', noarr::set_length_t<'i', noarr::vector_t<'i', noarr::vector_t<'k', noarr::scalar<double> > >, long unsigned int>, long unsigned int>, long unsigned int>, noarr::helpers::bag_policy<noarr::helpers::bag_raw_pointer_tag> >, noarr::bag_t<noarr::set_length_t<'k', noarr::set_length_t<'j', noarr::set_length_t<'i', noarr::vector_t<'i', noarr::vector_t<'k', noarr::scalar<double> > >, long unsigned int>, long unsigned int>, long unsigned int>, noarr::helpers::bag_policy<noarr::helpers::bag_raw_pointer_tag> > >(num_t, num_t, noarr::bag_t<noarr::set_length_t<'k', noarr::set_length_t<'j', noarr::set_length_t<'i', noarr::vector_t<'i', noarr::vector_t<'j', noarr::scalar<double> > >, long unsigned int>, long unsigned int>, long unsigned int>, noarr::helpers::bag_policy<noarr::helpers::bag_raw_pointer_tag> >, noarr::bag_t<noarr::set_length_t<'k', noarr::set_length_t<'j', noarr::set_length_t<'i', noarr::vector_t<'i', noarr::vector_t<'k', noarr::scalar<double> > >, long unsigned int>, long unsigned int>, long unsigned int>, noarr::helpers::bag_policy<noarr::helpers::bag_raw_pointer_tag> >, noarr::bag_t<noarr::set_length_t<'k', noarr::set_length_t<'j', noarr::set_length_t<'i', noarr::vector_t<'i', noarr::vector_t<'k', noarr::scalar<double> > >, long unsigned int>, long unsigned int>, long unsigned int>, noarr::helpers::bag_policy<noarr::helpers::bag_raw_pointer_tag> >)::<lambda(auto:51)>::<lambda(auto:52)>::<lambda(auto:53)>) const::<lambda(auto:20)>; StateItem = noarr::state_item<noarr::index_in<'j'>, long unsigned int>; StateItems = {}; Struct = noarr::union_t<noarr::set_length_t<'k', noarr::set_length_t<'j', noarr::set_length_t<'i', noarr::vector_t<'i', noarr::vector_t<'j', noarr::scalar<double> > >, long unsigned int>, long unsigned int>, long unsigned int> >; Order = noarr::compose_proto<noarr::pack<noarr::compose_proto<noarr::pack<noarr::compose_proto<noarr::pack<noarr::neutral_proto>, noarr::compose_proto<noarr::pack<noarr::bcast_proto<'k'> >, noarr::set_length_proto<'k', long unsigned int> > > >, noarr::compose_proto<noarr::pack<noarr::neutral_proto>, noarr::fix_proto<'i', long unsigned int> > > >, noarr::compose_proto<noarr::pack<noarr::neutral_proto>, noarr::fix_proto<'k', long unsigned int> > >]’
  269 |                 f(order(fix(state)));
      |                 ~^~~~~~~~~~~~~~~~~~~
/home/kleplj/translation/submodules/noarr-structures/include/noarr/structures/extra/../extra/traverser.hpp:262:18:   required from ‘constexpr void noarr::traverser_t<Struct, Order>::for_each_impl(noarr::helpers::dim_tree<Dim, Branches ...>, F, State) const [with auto Dim = 'j'; Branches = {noarr::dim_sequence<>}; F = noarr::traverser_t<noarr::union_t<noarr::set_length_t<'k', noarr::set_length_t<'j', noarr::set_length_t<'i', noarr::vector_t<'i', noarr::vector_t<'j', noarr::scalar<double> > >, long unsigned int>, long unsigned int>, long unsigned int> >, noarr::compose_proto<noarr::pack<noarr::compose_proto<noarr::pack<noarr::compose_proto<noarr::pack<noarr::neutral_proto>, noarr::compose_proto<noarr::pack<noarr::bcast_proto<'k'> >, noarr::set_length_proto<'k', long unsigned int> > > >, noarr::compose_proto<noarr::pack<noarr::neutral_proto>, noarr::fix_proto<'i', long unsigned int> > > >, noarr::compose_proto<noarr::pack<noarr::neutral_proto>, noarr::fix_proto<'k', long unsigned int> > > >::for_each<, {anonymous}::kernel_syr2k<noarr::bag_t<noarr::set_length_t<'k', noarr::set_length_t<'j', noarr::set_length_t<'i', noarr::vector_t<'i', noarr::vector_t<'j', noarr::scalar<double> > >, long unsigned int>, long unsigned int>, long unsigned int>, noarr::helpers::bag_policy<noarr::helpers::bag_raw_pointer_tag> >, noarr::bag_t<noarr::set_length_t<'k', noarr::set_length_t<'j', noarr::set_length_t<'i', noarr::vector_t<'i', noarr::vector_t<'k', noarr::scalar<double> > >, long unsigned int>, long unsigned int>, long unsigned int>, noarr::helpers::bag_policy<noarr::helpers::bag_raw_pointer_tag> >, noarr::bag_t<noarr::set_length_t<'k', noarr::set_length_t<'j', noarr::set_length_t<'i', noarr::vector_t<'i', noarr::vector_t<'k', noarr::scalar<double> > >, long unsigned int>, long unsigned int>, long unsigned int>, noarr::helpers::bag_policy<noarr::helpers::bag_raw_pointer_tag> > >(num_t, num_t, noarr::bag_t<noarr::set_length_t<'k', noarr::set_length_t<'j', noarr::set_length_t<'i', noarr::vector_t<'i', noarr::vector_t<'j', noarr::scalar<double> > >, long unsigned int>, long unsigned int>, long unsigned int>, noarr::helpers::bag_policy<noarr::helpers::bag_raw_pointer_tag> >, noarr::bag_t<noarr::set_length_t<'k', noarr::set_length_t<'j', noarr::set_length_t<'i', noarr::vector_t<'i', noarr::vector_t<'k', noarr::scalar<double> > >, long unsigned int>, long unsigned int>, long unsigned int>, noarr::helpers::bag_policy<noarr::helpers::bag_raw_pointer_tag> >, noarr::bag_t<noarr::set_length_t<'k', noarr::set_length_t<'j', noarr::set_length_t<'i', noarr::vector_t<'i', noarr::vector_t<'k', noarr::scalar<double> > >, long unsigned int>, long unsigned int>, long unsigned int>, noarr::helpers::bag_policy<noarr::helpers::bag_raw_pointer_tag> >)::<lambda(auto:51)>::<lambda(auto:52)>::<lambda(auto:53)> >({anonymous}::kernel_syr2k<noarr::bag_t<noarr::set_length_t<'k', noarr::set_length_t<'j', noarr::set_length_t<'i', noarr::vector_t<'i', noarr::vector_t<'j', noarr::scalar<double> > >, long unsigned int>, long unsigned int>, long unsigned int>, noarr::helpers::bag_policy<noarr::helpers::bag_raw_pointer_tag> >, noarr::bag_t<noarr::set_length_t<'k', noarr::set_length_t<'j', noarr::set_length_t<'i', noarr::vector_t<'i', noarr::vector_t<'k', noarr::scalar<double> > >, long unsigned int>, long unsigned int>, long unsigned int>, noarr::helpers::bag_policy<noarr::helpers::bag_raw_pointer_tag> >, noarr::bag_t<noarr::set_length_t<'k', noarr::set_length_t<'j', noarr::set_length_t<'i', noarr::vector_t<'i', noarr::vector_t<'k', noarr::scalar<double> > >, long unsigned int>, long unsigned int>, long unsigned int>, noarr::helpers::bag_policy<noarr::helpers::bag_raw_pointer_tag> > >(num_t, num_t, noarr::bag_t<noarr::set_length_t<'k', noarr::set_length_t<'j', noarr::set_length_t<'i', noarr::vector_t<'i', noarr::vector_t<'j', noarr::scalar<double> > >, long unsigned int>, long unsigned int>, long unsigned int>, noarr::helpers::bag_policy<noarr::helpers::bag_raw_pointer_tag> >, noarr::bag_t<noarr::set_length_t<'k', noarr::set_length_t<'j', noarr::set_length_t<'i', noarr::vector_t<'i', noarr::vector_t<'k', noarr::scalar<double> > >, long unsigned int>, long unsigned int>, long unsigned int>, noarr::helpers::bag_policy<noarr::helpers::bag_raw_pointer_tag> >, noarr::bag_t<noarr::set_length_t<'k', noarr::set_length_t<'j', noarr::set_length_t<'i', noarr::vector_t<'i', noarr::vector_t<'k', noarr::scalar<double> > >, long unsigned int>, long unsigned int>, long unsigned int>, noarr::helpers::bag_policy<noarr::helpers::bag_raw_pointer_tag> >)::<lambda(auto:51)>::<lambda(auto:52)>::<lambda(auto:53)>) const::<lambda(auto:20)>; State = noarr::state<>; Struct = noarr::union_t<noarr::set_length_t<'k', noarr::set_length_t<'j', noarr::set_length_t<'i', noarr::vector_t<'i', noarr::vector_t<'j', noarr::scalar<double> > >, long unsigned int>, long unsigned int>, long unsigned int> >; Order = noarr::compose_proto<noarr::pack<noarr::compose_proto<noarr::pack<noarr::compose_proto<noarr::pack<noarr::neutral_proto>, noarr::compose_proto<noarr::pack<noarr::bcast_proto<'k'> >, noarr::set_length_proto<'k', long unsigned int> > > >, noarr::compose_proto<noarr::pack<noarr::neutral_proto>, noarr::fix_proto<'i', long unsigned int> > > >, noarr::compose_proto<noarr::pack<noarr::neutral_proto>, noarr::fix_proto<'k', long unsigned int> > >]’
  262 |                                 for_each_impl(Branches()..., f, state.template with<index_in<Dim>>(i));
      |                                 ~~~~~~~~~~~~~^~~~~~~~~~~~~~~~~~~~~~~~~~~~~~~~~~~~~~~~~~~~~~~~~~~~~~~~~
/home/kleplj/translation/submodules/noarr-structures/include/noarr/structures/extra/../extra/traverser.hpp:215:16:   required from ‘constexpr void noarr::traverser_t<Struct, Order>::for_sections(F) const [with F = noarr::traverser_t<noarr::union_t<noarr::set_length_t<'k', noarr::set_length_t<'j', noarr::set_length_t<'i', noarr::vector_t<'i', noarr::vector_t<'j', noarr::scalar<double> > >, long unsigned int>, long unsigned int>, long unsigned int> >, noarr::compose_proto<noarr::pack<noarr::compose_proto<noarr::pack<noarr::compose_proto<noarr::pack<noarr::neutral_proto>, noarr::compose_proto<noarr::pack<noarr::bcast_proto<'k'> >, noarr::set_length_proto<'k', long unsigned int> > > >, noarr::compose_proto<noarr::pack<noarr::neutral_proto>, noarr::fix_proto<'i', long unsigned int> > > >, noarr::compose_proto<noarr::pack<noarr::neutral_proto>, noarr::fix_proto<'k', long unsigned int> > > >::for_each<, {anonymous}::kernel_syr2k<noarr::bag_t<noarr::set_length_t<'k', noarr::set_length_t<'j', noarr::set_length_t<'i', noarr::vector_t<'i', noarr::vector_t<'j', noarr::scalar<double> > >, long unsigned int>, long unsigned int>, long unsigned int>, noarr::helpers::bag_policy<noarr::helpers::bag_raw_pointer_tag> >, noarr::bag_t<noarr::set_length_t<'k', noarr::set_length_t<'j', noarr::set_length_t<'i', noarr::vector_t<'i', noarr::vector_t<'k', noarr::scalar<double> > >, long unsigned int>, long unsigned int>, long unsigned int>, noarr::helpers::bag_policy<noarr::helpers::bag_raw_pointer_tag> >, noarr::bag_t<noarr::set_length_t<'k', noarr::set_length_t<'j', noarr::set_length_t<'i', noarr::vector_t<'i', noarr::vector_t<'k', noarr::scalar<double> > >, long unsigned int>, long unsigned int>, long unsigned int>, noarr::helpers::bag_policy<noarr::helpers::bag_raw_pointer_tag> > >(num_t, num_t, noarr::bag_t<noarr::set_length_t<'k', noarr::set_length_t<'j', noarr::set_length_t<'i', noarr::vector_t<'i', noarr::vector_t<'j', noarr::scalar<double> > >, long unsigned int>, long unsigned int>, long unsigned int>, noarr::helpers::bag_policy<noarr::helpers::bag_raw_pointer_tag> >, noarr::bag_t<noarr::set_length_t<'k', noarr::set_length_t<'j', noarr::set_length_t<'i', noarr::vector_t<'i', noarr::vector_t<'k', noarr::scalar<double> > >, long unsigned int>, long unsigned int>, long unsigned int>, noarr::helpers::bag_policy<noarr::helpers::bag_raw_pointer_tag> >, noarr::bag_t<noarr::set_length_t<'k', noarr::set_length_t<'j', noarr::set_length_t<'i', noarr::vector_t<'i', noarr::vector_t<'k', noarr::scalar<double> > >, long unsigned int>, long unsigned int>, long unsigned int>, noarr::helpers::bag_policy<noarr::helpers::bag_raw_pointer_tag> >)::<lambda(auto:51)>::<lambda(auto:52)>::<lambda(auto:53)> >({anonymous}::kernel_syr2k<noarr::bag_t<noarr::set_length_t<'k', noarr::set_length_t<'j', noarr::set_length_t<'i', noarr::vector_t<'i', noarr::vector_t<'j', noarr::scalar<double> > >, long unsigned int>, long unsigned int>, long unsigned int>, noarr::helpers::bag_policy<noarr::helpers::bag_raw_pointer_tag> >, noarr::bag_t<noarr::set_length_t<'k', noarr::set_length_t<'j', noarr::set_length_t<'i', noarr::vector_t<'i', noarr::vector_t<'k', noarr::scalar<double> > >, long unsigned int>, long unsigned int>, long unsigned int>, noarr::helpers::bag_policy<noarr::helpers::bag_raw_pointer_tag> >, noarr::bag_t<noarr::set_length_t<'k', noarr::set_length_t<'j', noarr::set_length_t<'i', noarr::vector_t<'i', noarr::vector_t<'k', noarr::scalar<double> > >, long unsigned int>, long unsigned int>, long unsigned int>, noarr::helpers::bag_policy<noarr::helpers::bag_raw_pointer_tag> > >(num_t, num_t, noarr::bag_t<noarr::set_length_t<'k', noarr::set_length_t<'j', noarr::set_length_t<'i', noarr::vector_t<'i', noarr::vector_t<'j', noarr::scalar<double> > >, long unsigned int>, long unsigned int>, long unsigned int>, noarr::helpers::bag_policy<noarr::helpers::bag_raw_pointer_tag> >, noarr::bag_t<noarr::set_length_t<'k', noarr::set_length_t<'j', noarr::set_length_t<'i', noarr::vector_t<'i', noarr::vector_t<'k', noarr::scalar<double> > >, long unsigned int>, long unsigned int>, long unsigned int>, noarr::helpers::bag_policy<noarr::helpers::bag_raw_pointer_tag> >, noarr::bag_t<noarr::set_length_t<'k', noarr::set_length_t<'j', noarr::set_length_t<'i', noarr::vector_t<'i', noarr::vector_t<'k', noarr::scalar<double> > >, long unsigned int>, long unsigned int>, long unsigned int>, noarr::helpers::bag_policy<noarr::helpers::bag_raw_pointer_tag> >)::<lambda(auto:51)>::<lambda(auto:52)>::<lambda(auto:53)>) const::<lambda(auto:20)>; Struct = noarr::union_t<noarr::set_length_t<'k', noarr::set_length_t<'j', noarr::set_length_t<'i', noarr::vector_t<'i', noarr::vector_t<'j', noarr::scalar<double> > >, long unsigned int>, long unsigned int>, long unsigned int> >; Order = noarr::compose_proto<noarr::pack<noarr::compose_proto<noarr::pack<noarr::compose_proto<noarr::pack<noarr::neutral_proto>, noarr::compose_proto<noarr::pack<noarr::bcast_proto<'k'> >, noarr::set_length_proto<'k', long unsigned int> > > >, noarr::compose_proto<noarr::pack<noarr::neutral_proto>, noarr::fix_proto<'i', long unsigned int> > > >, noarr::compose_proto<noarr::pack<noarr::neutral_proto>, noarr::fix_proto<'k', long unsigned int> > >]’
  215 |                 for_each_impl(dim_tree_helper(), f, empty_state);
      |                 ~~~~~~~~~~~~~^~~~~~~~~~~~~~~~~~~~~~~~~~~~~~~~~~~
/home/kleplj/translation/submodules/noarr-structures/include/noarr/structures/extra/../extra/traverser.hpp:200:24:   required from ‘constexpr void noarr::traverser_t<Struct, Order>::for_each(F) const [with auto ...Dims = {}; F = {anonymous}::kernel_syr2k<noarr::bag_t<noarr::set_length_t<'k', noarr::set_length_t<'j', noarr::set_length_t<'i', noarr::vector_t<'i', noarr::vector_t<'j', noarr::scalar<double> > >, long unsigned int>, long unsigned int>, long unsigned int>, noarr::helpers::bag_policy<noarr::helpers::bag_raw_pointer_tag> >, noarr::bag_t<noarr::set_length_t<'k', noarr::set_length_t<'j', noarr::set_length_t<'i', noarr::vector_t<'i', noarr::vector_t<'k', noarr::scalar<double> > >, long unsigned int>, long unsigned int>, long unsigned int>, noarr::helpers::bag_policy<noarr::helpers::bag_raw_pointer_tag> >, noarr::bag_t<noarr::set_length_t<'k', noarr::set_length_t<'j', noarr::set_length_t<'i', noarr::vector_t<'i', noarr::vector_t<'k', noarr::scalar<double> > >, long unsigned int>, long unsigned int>, long unsigned int>, noarr::helpers::bag_policy<noarr::helpers::bag_raw_pointer_tag> > >(num_t, num_t, noarr::bag_t<noarr::set_length_t<'k', noarr::set_length_t<'j', noarr::set_length_t<'i', noarr::vector_t<'i', noarr::vector_t<'j', noarr::scalar<double> > >, long unsigned int>, long unsigned int>, long unsigned int>, noarr::helpers::bag_policy<noarr::helpers::bag_raw_pointer_tag> >, noarr::bag_t<noarr::set_length_t<'k', noarr::set_length_t<'j', noarr::set_length_t<'i', noarr::vector_t<'i', noarr::vector_t<'k', noarr::scalar<double> > >, long unsigned int>, long unsigned int>, long unsigned int>, noarr::helpers::bag_policy<noarr::helpers::bag_raw_pointer_tag> >, noarr::bag_t<noarr::set_length_t<'k', noarr::set_length_t<'j', noarr::set_length_t<'i', noarr::vector_t<'i', noarr::vector_t<'k', noarr::scalar<double> > >, long unsigned int>, long unsigned int>, long unsigned int>, noarr::helpers::bag_policy<noarr::helpers::bag_raw_pointer_tag> >)::<lambda(auto:51)>::<lambda(auto:52)>::<lambda(auto:53)>; Struct = noarr::union_t<noarr::set_length_t<'k', noarr::set_length_t<'j', noarr::set_length_t<'i', noarr::vector_t<'i', noarr::vector_t<'j', noarr::scalar<double> > >, long unsigned int>, long unsigned int>, long unsigned int> >; Order = noarr::compose_proto<noarr::pack<noarr::compose_proto<noarr::pack<noarr::compose_proto<noarr::pack<noarr::neutral_proto>, noarr::compose_proto<noarr::pack<noarr::bcast_proto<'k'> >, noarr::set_length_proto<'k', long unsigned int> > > >, noarr::compose_proto<noarr::pack<noarr::neutral_proto>, noarr::fix_proto<'i', long unsigned int> > > >, noarr::compose_proto<noarr::pack<noarr::neutral_proto>, noarr::fix_proto<'k', long unsigned int> > >]’
  200 |                 for_sections<Dims...>([f](auto inner) constexpr { f(inner.state()); });
      |                 ~~~~~~~~~~~~~~~~~~~~~^~~~~~~~~~~~~~~~~~~~~~~~~~~~~~~~~~~~~~~~~~~~~~~~~
/home/kleplj/translation/PolybenchC-Noarr/linear-algebra/blas/syr2k/syr2k.cpp:102:20:   [ skipping 4 instantiation contexts, use -ftemplate-backtrace-limit=0 to disable ]
/home/kleplj/translation/PolybenchC-Noarr/linear-algebra/blas/syr2k/syr2k.cpp:100:32:   required from ‘{anonymous}::kernel_syr2k<noarr::bag_t<noarr::set_length_t<'k', noarr::set_length_t<'j', noarr::set_length_t<'i', noarr::vector_t<'i', noarr::vector_t<'j', noarr::scalar<double> > >, long unsigned int>, long unsigned int>, long unsigned int>, noarr::helpers::bag_policy<noarr::helpers::bag_raw_pointer_tag> >, noarr::bag_t<noarr::set_length_t<'k', noarr::set_length_t<'j', noarr::set_length_t<'i', noarr::vector_t<'i', noarr::vector_t<'k', noarr::scalar<double> > >, long unsigned int>, long unsigned int>, long unsigned int>, noarr::helpers::bag_policy<noarr::helpers::bag_raw_pointer_tag> >, noarr::bag_t<noarr::set_length_t<'k', noarr::set_length_t<'j', noarr::set_length_t<'i', noarr::vector_t<'i', noarr::vector_t<'k', noarr::scalar<double> > >, long unsigned int>, long unsigned int>, long unsigned int>, noarr::helpers::bag_policy<noarr::helpers::bag_raw_pointer_tag> > >(num_t, num_t, noarr::bag_t<noarr::set_length_t<'k', noarr::set_length_t<'j', noarr::set_length_t<'i', noarr::vector_t<'i', noarr::vector_t<'j', noarr::scalar<double> > >, long unsigned int>, long unsigned int>, long unsigned int>, noarr::helpers::bag_policy<noarr::helpers::bag_raw_pointer_tag> >, noarr::bag_t<noarr::set_length_t<'k', noarr::set_length_t<'j', noarr::set_length_t<'i', noarr::vector_t<'i', noarr::vector_t<'k', noarr::scalar<double> > >, long unsigned int>, long unsigned int>, long unsigned int>, noarr::helpers::bag_policy<noarr::helpers::bag_raw_pointer_tag> >, noarr::bag_t<noarr::set_length_t<'k', noarr::set_length_t<'j', noarr::set_length_t<'i', noarr::vector_t<'i', noarr::vector_t<'k', noarr::scalar<double> > >, long unsigned int>, long unsigned int>, long unsigned int>, noarr::helpers::bag_policy<noarr::helpers::bag_raw_pointer_tag> >)::<lambda(auto:51)> [with auto:51 = noarr::traverser_t<noarr::union_t<noarr::set_length_t<'k', noarr::set_length_t<'j', noarr::set_length_t<'i', noarr::vector_t<'i', noarr::vector_t<'j', noarr::scalar<double> > >, long unsigned int>, long unsigned int>, long unsigned int> >, noarr::compose_proto<noarr::pack<noarr::compose_proto<noarr::pack<noarr::neutral_proto>, noarr::compose_proto<noarr::pack<noarr::bcast_proto<'k'> >, noarr::set_length_proto<'k', long unsigned int> > > >, noarr::compose_proto<noarr::pack<noarr::neutral_proto>, noarr::fix_proto<'i', long unsigned int> > > >]’
  100 |                 trav_i.template for_dims<'k'>([=](auto trav_ik) {
      |                 ~~~~~~~~~~~~~~~~~~~~~~~~~~~~~^~~~~~~~~~~~~~~~~~~~
  101 |                         // trav_ik has 'i' and 'k' fixed, iterates over 'j'
      |                         ~~~~~~~~~~~~~~~~~~~~~~~~~~~~~~~~~~~~~~~~~~~~~~~~~~~
  102 |                         trav_ik.for_each([=](auto state) {
      |                         ~~~~~~~~~~~~~~~~~~~~~~~~~~~~~~~~~~
  103 |                                 auto i = get_index<'i'>(state);
      |                                 ~~~~~~~~~~~~~~~~~~~~~~~~~~~~~~~
  104 |                                 auto j = get_index<'j'>(state);
      |                                 ~~~~~~~~~~~~~~~~~~~~~~~~~~~~~~~
  105 | 
      |                                               
  106 |                                 if (j <= i) {
      |                                 ~~~~~~~~~~~~~ 
  107 |                                         auto k = get_index<'k'>(state);
      |                                         ~~~~~~~~~~~~~~~~~~~~~~~~~~~~~~~
  108 | 
      |                                               
  109 |                                         // A[i][k] and B[i][k]: use 'i' and 'k' from current state
      |                                         ~~~~~~~~~~~~~~~~~~~~~~~~~~~~~~~~~~~~~~~~~~~~~~~~~~~~~~~~~~
  110 |                                         auto aik = A[state];
      |                                         ~~~~~~~~~~~~~~~~~~~~
  111 |                                         auto bik = B[state];
      |                                         ~~~~~~~~~~~~~~~~~~~~
  112 | 
      |                                               
  113 |                                         // A[j][k] and B[j][k]: build a state with row index j
      |                                         ~~~~~~~~~~~~~~~~~~~~~~~~~~~~~~~~~~~~~~~~~~~~~~~~~~~~~~
  114 |                                         auto state_jk = idx<'i', 'k'>(j, k);
      |                                         ~~~~~~~~~~~~~~~~~~~~~~~~~~~~~~~~~~~~
  115 |                                         auto ajk = A[state_jk];
      |                                         ~~~~~~~~~~~~~~~~~~~~~~~
  116 |                                         auto bjk = B[state_jk];
      |                                         ~~~~~~~~~~~~~~~~~~~~~~~
  117 | 
      |                                               
  118 |                                         C[state] += ajk * alpha * bik + bjk * alpha * aik;
      |                                         ~~~~~~~~~~~~~~~~~~~~~~~~~~~~~~~~~~~~~~~~~~~~~~~~~~
  119 |                                 }
      |                                 ~             
  120 |                         });
      |                         ~~~                   
  121 |                 });
      |                 ~~                            
/home/kleplj/translation/submodules/noarr-structures/include/noarr/structures/extra/../extra/traverser.hpp:269:4:   required from ‘constexpr void noarr::traverser_t<Struct, Order>::for_each_impl(noarr::dim_sequence<>, F, noarr::state<StateItem, StateItems ...>) const [with F = {anonymous}::kernel_syr2k<noarr::bag_t<noarr::set_length_t<'k', noarr::set_length_t<'j', noarr::set_length_t<'i', noarr::vector_t<'i', noarr::vector_t<'j', noarr::scalar<double> > >, long unsigned int>, long unsigned int>, long unsigned int>, noarr::helpers::bag_policy<noarr::helpers::bag_raw_pointer_tag> >, noarr::bag_t<noarr::set_length_t<'k', noarr::set_length_t<'j', noarr::set_length_t<'i', noarr::vector_t<'i', noarr::vector_t<'k', noarr::scalar<double> > >, long unsigned int>, long unsigned int>, long unsigned int>, noarr::helpers::bag_policy<noarr::helpers::bag_raw_pointer_tag> >, noarr::bag_t<noarr::set_length_t<'k', noarr::set_length_t<'j', noarr::set_length_t<'i', noarr::vector_t<'i', noarr::vector_t<'k', noarr::scalar<double> > >, long unsigned int>, long unsigned int>, long unsigned int>, noarr::helpers::bag_policy<noarr::helpers::bag_raw_pointer_tag> > >(num_t, num_t, noarr::bag_t<noarr::set_length_t<'k', noarr::set_length_t<'j', noarr::set_length_t<'i', noarr::vector_t<'i', noarr::vector_t<'j', noarr::scalar<double> > >, long unsigned int>, long unsigned int>, long unsigned int>, noarr::helpers::bag_policy<noarr::helpers::bag_raw_pointer_tag> >, noarr::bag_t<noarr::set_length_t<'k', noarr::set_length_t<'j', noarr::set_length_t<'i', noarr::vector_t<'i', noarr::vector_t<'k', noarr::scalar<double> > >, long unsigned int>, long unsigned int>, long unsigned int>, noarr::helpers::bag_policy<noarr::helpers::bag_raw_pointer_tag> >, noarr::bag_t<noarr::set_length_t<'k', noarr::set_length_t<'j', noarr::set_length_t<'i', noarr::vector_t<'i', noarr::vector_t<'k', noarr::scalar<double> > >, long unsigned int>, long unsigned int>, long unsigned int>, noarr::helpers::bag_policy<noarr::helpers::bag_raw_pointer_tag> >)::<lambda(auto:51)>; StateItem = noarr::state_item<noarr::index_in<'i'>, long unsigned int>; StateItems = {}; Struct = noarr::union_t<noarr::set_length_t<'k', noarr::set_length_t<'j', noarr::set_length_t<'i', noarr::vector_t<'i', noarr::vector_t<'j', noarr::scalar<double> > >, long unsigned int>, long unsigned int>, long unsigned int> >; Order = noarr::compose_proto<noarr::pack<noarr::neutral_proto>, noarr::compose_proto<noarr::pack<noarr::bcast_proto<'k'> >, noarr::set_length_proto<'k', long unsigned int> > >]’
  269 |                 f(order(fix(state)));
      |                 ~^~~~~~~~~~~~~~~~~~~
/home/kleplj/translation/submodules/noarr-structures/include/noarr/structures/extra/../extra/traverser.hpp:262:18:   required from ‘constexpr void noarr::traverser_t<Struct, Order>::for_each_impl(noarr::helpers::dim_tree<Dim, Branches ...>, F, State) const [with auto Dim = 'i'; Branches = {noarr::dim_sequence<>}; F = {anonymous}::kernel_syr2k<noarr::bag_t<noarr::set_length_t<'k', noarr::set_length_t<'j', noarr::set_length_t<'i', noarr::vector_t<'i', noarr::vector_t<'j', noarr::scalar<double> > >, long unsigned int>, long unsigned int>, long unsigned int>, noarr::helpers::bag_policy<noarr::helpers::bag_raw_pointer_tag> >, noarr::bag_t<noarr::set_length_t<'k', noarr::set_length_t<'j', noarr::set_length_t<'i', noarr::vector_t<'i', noarr::vector_t<'k', noarr::scalar<double> > >, long unsigned int>, long unsigned int>, long unsigned int>, noarr::helpers::bag_policy<noarr::helpers::bag_raw_pointer_tag> >, noarr::bag_t<noarr::set_length_t<'k', noarr::set_length_t<'j', noarr::set_length_t<'i', noarr::vector_t<'i', noarr::vector_t<'k', noarr::scalar<double> > >, long unsigned int>, long unsigned int>, long unsigned int>, noarr::helpers::bag_policy<noarr::helpers::bag_raw_pointer_tag> > >(num_t, num_t, noarr::bag_t<noarr::set_length_t<'k', noarr::set_length_t<'j', noarr::set_length_t<'i', noarr::vector_t<'i', noarr::vector_t<'j', noarr::scalar<double> > >, long unsigned int>, long unsigned int>, long unsigned int>, noarr::helpers::bag_policy<noarr::helpers::bag_raw_pointer_tag> >, noarr::bag_t<noarr::set_length_t<'k', noarr::set_length_t<'j', noarr::set_length_t<'i', noarr::vector_t<'i', noarr::vector_t<'k', noarr::scalar<double> > >, long unsigned int>, long unsigned int>, long unsigned int>, noarr::helpers::bag_policy<noarr::helpers::bag_raw_pointer_tag> >, noarr::bag_t<noarr::set_length_t<'k', noarr::set_length_t<'j', noarr::set_length_t<'i', noarr::vector_t<'i', noarr::vector_t<'k', noarr::scalar<double> > >, long unsigned int>, long unsigned int>, long unsigned int>, noarr::helpers::bag_policy<noarr::helpers::bag_raw_pointer_tag> >)::<lambda(auto:51)>; State = noarr::state<>; Struct = noarr::union_t<noarr::set_length_t<'k', noarr::set_length_t<'j', noarr::set_length_t<'i', noarr::vector_t<'i', noarr::vector_t<'j', noarr::scalar<double> > >, long unsigned int>, long unsigned int>, long unsigned int> >; Order = noarr::compose_proto<noarr::pack<noarr::neutral_proto>, noarr::compose_proto<noarr::pack<noarr::bcast_proto<'k'> >, noarr::set_length_proto<'k', long unsigned int> > >]’
  262 |                                 for_each_impl(Branches()..., f, state.template with<index_in<Dim>>(i));
      |                                 ~~~~~~~~~~~~~^~~~~~~~~~~~~~~~~~~~~~~~~~~~~~~~~~~~~~~~~~~~~~~~~~~~~~~~~
/home/kleplj/translation/submodules/noarr-structures/include/noarr/structures/extra/../extra/traverser.hpp:224:16:   required from ‘constexpr void noarr::traverser_t<Struct, Order>::for_dims(F) const [with auto ...Dims = {'i'}; F = {anonymous}::kernel_syr2k<noarr::bag_t<noarr::set_length_t<'k', noarr::set_length_t<'j', noarr::set_length_t<'i', noarr::vector_t<'i', noarr::vector_t<'j', noarr::scalar<double> > >, long unsigned int>, long unsigned int>, long unsigned int>, noarr::helpers::bag_policy<noarr::helpers::bag_raw_pointer_tag> >, noarr::bag_t<noarr::set_length_t<'k', noarr::set_length_t<'j', noarr::set_length_t<'i', noarr::vector_t<'i', noarr::vector_t<'k', noarr::scalar<double> > >, long unsigned int>, long unsigned int>, long unsigned int>, noarr::helpers::bag_policy<noarr::helpers::bag_raw_pointer_tag> >, noarr::bag_t<noarr::set_length_t<'k', noarr::set_length_t<'j', noarr::set_length_t<'i', noarr::vector_t<'i', noarr::vector_t<'k', noarr::scalar<double> > >, long unsigned int>, long unsigned int>, long unsigned int>, noarr::helpers::bag_policy<noarr::helpers::bag_raw_pointer_tag> > >(num_t, num_t, noarr::bag_t<noarr::set_length_t<'k', noarr::set_length_t<'j', noarr::set_length_t<'i', noarr::vector_t<'i', noarr::vector_t<'j', noarr::scalar<double> > >, long unsigned int>, long unsigned int>, long unsigned int>, noarr::helpers::bag_policy<noarr::helpers::bag_raw_pointer_tag> >, noarr::bag_t<noarr::set_length_t<'k', noarr::set_length_t<'j', noarr::set_length_t<'i', noarr::vector_t<'i', noarr::vector_t<'k', noarr::scalar<double> > >, long unsigned int>, long unsigned int>, long unsigned int>, noarr::helpers::bag_policy<noarr::helpers::bag_raw_pointer_tag> >, noarr::bag_t<noarr::set_length_t<'k', noarr::set_length_t<'j', noarr::set_length_t<'i', noarr::vector_t<'i', noarr::vector_t<'k', noarr::scalar<double> > >, long unsigned int>, long unsigned int>, long unsigned int>, noarr::helpers::bag_policy<noarr::helpers::bag_raw_pointer_tag> >)::<lambda(auto:51)>; Struct = noarr::union_t<noarr::set_length_t<'k', noarr::set_length_t<'j', noarr::set_length_t<'i', noarr::vector_t<'i', noarr::vector_t<'j', noarr::scalar<double> > >, long unsigned int>, long unsigned int>, long unsigned int> >; Order = noarr::compose_proto<noarr::pack<noarr::neutral_proto>, noarr::compose_proto<noarr::pack<noarr::bcast_proto<'k'> >, noarr::set_length_proto<'k', long unsigned int> > >]’
  224 |                 for_each_impl(reordered_tree(), f, empty_state);
      |                 ~~~~~~~~~~~~~^~~~~~~~~~~~~~~~~~~~~~~~~~~~~~~~~~
/home/kleplj/translation/PolybenchC-Noarr/linear-algebra/blas/syr2k/syr2k.cpp:98:58:   required from ‘void {anonymous}::kernel_syr2k(num_t, num_t, auto:46, auto:47, auto:48) [with auto:46 = noarr::bag_t<noarr::set_length_t<'k', noarr::set_length_t<'j', noarr::set_length_t<'i', noarr::vector_t<'i', noarr::vector_t<'j', noarr::scalar<double> > >, long unsigned int>, long unsigned int>, long unsigned int>, noarr::helpers::bag_policy<noarr::helpers::bag_raw_pointer_tag> >; auto:47 = noarr::bag_t<noarr::set_length_t<'k', noarr::set_length_t<'j', noarr::set_length_t<'i', noarr::vector_t<'i', noarr::vector_t<'k', noarr::scalar<double> > >, long unsigned int>, long unsigned int>, long unsigned int>, noarr::helpers::bag_policy<noarr::helpers::bag_raw_pointer_tag> >; auto:48 = noarr::bag_t<noarr::set_length_t<'k', noarr::set_length_t<'j', noarr::set_length_t<'i', noarr::vector_t<'i', noarr::vector_t<'k', noarr::scalar<double> > >, long unsigned int>, long unsigned int>, long unsigned int>, noarr::helpers::bag_policy<noarr::helpers::bag_raw_pointer_tag> >; num_t = double]’
   98 |         traverser(C).order(bcast<'k'>(m)).template for_dims<'i'>([=](auto trav_i) {
      |         ~~~~~~~~~~~~~~~~~~~~~~~~~~~~~~~~~~~~~~~~~~~~~~~~~~~~~~~~^~~~~~~~~~~~~~~~~~~
   99 |                 // trav_i has 'i' fixed, iterates over 'j' and 'k'
      |                 ~~~~~~~~~~~~~~~~~~~~~~~~~~~~~~~~~~~~~~~~~~~~~~~~~~
  100 |                 trav_i.template for_dims<'k'>([=](auto trav_ik) {
      |                 ~~~~~~~~~~~~~~~~~~~~~~~~~~~~~~~~~~~~~~~~~~~~~~~~~
  101 |                         // trav_ik has 'i' and 'k' fixed, iterates over 'j'
      |                         ~~~~~~~~~~~~~~~~~~~~~~~~~~~~~~~~~~~~~~~~~~~~~~~~~~~
  102 |                         trav_ik.for_each([=](auto state) {
      |                         ~~~~~~~~~~~~~~~~~~~~~~~~~~~~~~~~~~       
  103 |                                 auto i = get_index<'i'>(state);
      |                                 ~~~~~~~~~~~~~~~~~~~~~~~~~~~~~~~  
  104 |                                 auto j = get_index<'j'>(state);
      |                                 ~~~~~~~~~~~~~~~~~~~~~~~~~~~~~~~  
  105 | 
      |                                                                  
  106 |                                 if (j <= i) {
      |                                 ~~~~~~~~~~~~~                    
  107 |                                         auto k = get_index<'k'>(state);
      |                                         ~~~~~~~~~~~~~~~~~~~~~~~~~~~~~~~
  108 | 
      |                                                                  
  109 |                                         // A[i][k] and B[i][k]: use 'i' and 'k' from current state
      |                                         ~~~~~~~~~~~~~~~~~~~~~~~~~~~~~~~~~~~~~~~~~~~~~~~~~~~~~~~~~~
  110 |                                         auto aik = A[state];
      |                                         ~~~~~~~~~~~~~~~~~~~~     
  111 |                                         auto bik = B[state];
      |                                         ~~~~~~~~~~~~~~~~~~~~     
  112 | 
      |                                                                  
  113 |                                         // A[j][k] and B[j][k]: build a state with row index j
      |                                         ~~~~~~~~~~~~~~~~~~~~~~~~~~~~~~~~~~~~~~~~~~~~~~~~~~~~~~
  114 |                                         auto state_jk = idx<'i', 'k'>(j, k);
      |                                         ~~~~~~~~~~~~~~~~~~~~~~~~~~~~~~~~~~~~
  115 |                                         auto ajk = A[state_jk];
      |                                         ~~~~~~~~~~~~~~~~~~~~~~~  
  116 |                                         auto bjk = B[state_jk];
      |                                         ~~~~~~~~~~~~~~~~~~~~~~~  
  117 | 
      |                                                                  
  118 |                                         C[state] += ajk * alpha * bik + bjk * alpha * aik;
      |                                         ~~~~~~~~~~~~~~~~~~~~~~~~~~~~~~~~~~~~~~~~~~~~~~~~~~
  119 |                                 }
      |                                 ~                                
  120 |                         });
      |                         ~~~                                      
  121 |                 });
      |                 ~~~                                              
  122 |         });
      |         ~~                                                       
/home/kleplj/translation/PolybenchC-Noarr/linear-algebra/blas/syr2k/syr2k.cpp:156:14:   required from here
  156 |         kernel_syr2k(alpha, beta, C.get_ref(), A.get_ref(), B.get_ref());
      |         ~~~~~~~~~~~~^~~~~~~~~~~~~~~~~~~~~~~~~~~~~~~~~~~~~~~~~~~~~~~~~~~~
/home/kleplj/translation/PolybenchC-Noarr/linear-algebra/blas/syr2k/syr2k.cpp:107:50: error: no matching function for call to ‘get_index<'k'>(noarr::state<noarr::state_item<noarr::index_in<'j'>, long unsigned int>, noarr::state_item<noarr::index_in<'i'>, long unsigned int> >&)’
  107 |                                         auto k = get_index<'k'>(state);
      |                                                  ^~~~~~~~~~~~~~
compilation terminated due to -Wfatal-errors.
gmake[2]: *** [CMakeFiles/syr2k.dir/build.make:79: CMakeFiles/syr2k.dir/linear-algebra/blas/syr2k/syr2k.cpp.o] Error 1
gmake[2]: Target 'CMakeFiles/syr2k.dir/build' not remade because of errors.
gmake[1]: *** [CMakeFiles/Makefile2:366: CMakeFiles/syr2k.dir/all] Error 2
gmake[1]: Target 'all' not remade because of errors.
gmake: *** [Makefile:91: all] Error 2
noarr (standard):
noarr (standard):
noarr (standard):
noarr (standard):
noarr (standard):
Token count differs: baseline=2001000 translated=4000000
Mismatch detected for translation noarr cholesky (tolerance 1e-2 abs, 2e-7 rel).
noarr (standard):
noarr (standard):
noarr (standard):
Token count differs: baseline=3360000 translated=0
Mismatch detected for translation noarr doitgen (tolerance 1e-2 abs, 2e-7 rel).
Token 1 differs: 0.09 vs 2000.73 (tolerance 0.01 + 2e-07 * |0.09| = 0.010000018)
Mismatch detected for translation noarr durbin (tolerance 1e-2 abs, 2e-7 rel).
noarr (standard):
noarr (standard):
noarr (standard):
Token 1 differs: 2089.91 vs 1.56 (tolerance 0.01 + 2e-07 * |2089.91| = 0.010417982000000001)
Mismatch detected for translation noarr gemver (tolerance 1e-2 abs, 2e-7 rel).
noarr (standard):
Token 604105 differs: 3.0 vs 0.95 (tolerance 0.01 + 2e-07 * |3.0| = 0.0100006)
Mismatch detected for translation noarr gramschmidt (tolerance 1e-2 abs, 2e-7 rel).
noarr (standard):
noarr (standard):
noarr (standard):
No translation frameworks available to run for algorithm lu. Skipping.
No translation frameworks available to run for algorithm ludcmp. Skipping.
noarr (standard):
Token count differs: baseline=3126250 translated=6250000
Mismatch detected for translation noarr nussinov (tolerance 1e-2 abs, 2e-7 rel).
noarr (standard):
noarr (standard):
No translation frameworks available to run for algorithm syr2k. Skipping.
noarr (standard):
noarr (standard):
noarr (standard):
Invalidating ../PolybenchC-Noarr/linear-algebra/blas/gemm/gemm.cpp
Invalidating ../PolybenchC-Noarr/linear-algebra/blas/gemver/gemver.cpp
Invalidating ../PolybenchC-Noarr/linear-algebra/blas/gesummv/gesummv.cpp
Invalidating ../PolybenchC-Noarr/linear-algebra/blas/symm/symm.cpp
Invalidating ../PolybenchC-Noarr/linear-algebra/blas/syr2k/syr2k.cpp
Invalidating ../PolybenchC-Noarr/linear-algebra/blas/syrk/syrk.cpp
Invalidating ../PolybenchC-Noarr/linear-algebra/blas/trmm/trmm.cpp
Invalidating ../PolybenchC-Noarr/linear-algebra/kernels/2mm/2mm.cpp
Invalidating ../PolybenchC-Noarr/linear-algebra/kernels/3mm/3mm.cpp
Invalidating ../PolybenchC-Noarr/linear-algebra/kernels/atax/atax.cpp
Invalidating ../PolybenchC-Noarr/linear-algebra/kernels/bicg/bicg.cpp
Invalidating ../PolybenchC-Noarr/linear-algebra/kernels/doitgen/doitgen.cpp
Invalidating ../PolybenchC-Noarr/linear-algebra/kernels/mvt/mvt.cpp
Invalidating ../PolybenchC-Noarr/linear-algebra/solvers/cholesky/cholesky.cpp
Invalidating ../PolybenchC-Noarr/linear-algebra/solvers/durbin/durbin.cpp
Invalidating ../PolybenchC-Noarr/linear-algebra/solvers/gramschmidt/gramschmidt.cpp
Invalidating ../PolybenchC-Noarr/linear-algebra/solvers/lu/lu.cpp
Invalidating ../PolybenchC-Noarr/linear-algebra/solvers/ludcmp/ludcmp.cpp
Invalidating ../PolybenchC-Noarr/linear-algebra/solvers/trisolv/trisolv.cpp
Invalidating ../PolybenchC-Noarr/medley/deriche/deriche.cpp
Invalidating ../PolybenchC-Noarr/medley/floyd-warshall/floyd-warshall.cpp
Invalidating ../PolybenchC-Noarr/medley/nussinov/nussinov.cpp
Invalidating ../PolybenchC-Noarr/datamining/correlation/correlation.cpp
Invalidating ../PolybenchC-Noarr/datamining/covariance/covariance.cpp
Invalidating ../PolybenchC-Noarr/stencils/adi/adi.cpp
Invalidating ../PolybenchC-Noarr/stencils/fdtd-2d/fdtd-2d.cpp
Invalidating ../PolybenchC-Noarr/stencils/heat-3d/heat-3d.cpp
Invalidating ../PolybenchC-Noarr/stencils/jacobi-1d/jacobi-1d.cpp
Invalidating ../PolybenchC-Noarr/stencils/jacobi-2d/jacobi-2d.cpp
Invalidating ../PolybenchC-Noarr/stencils/seidel-2d/seidel-2d.cpp
Processing C framework...
Processing Noarr framework...
Replacing /home/kleplj/translation/gpt-querying/../PolybenchC-Noarr/datamining/correlation/correlation.cpp with /home/kleplj/translation/gpt-querying/../generated/noarr/full/correlation-05/code.cpp
Replacing /home/kleplj/translation/gpt-querying/../PolybenchC-Noarr/datamining/covariance/covariance.cpp with /home/kleplj/translation/gpt-querying/../generated/noarr/full/covariance-05/code.cpp
Replacing /home/kleplj/translation/gpt-querying/../PolybenchC-Noarr/linear-algebra/blas/gemm/gemm.cpp with /home/kleplj/translation/gpt-querying/../generated/noarr/full/gemm-05/code.cpp
Replacing /home/kleplj/translation/gpt-querying/../PolybenchC-Noarr/linear-algebra/blas/gemver/gemver.cpp with /home/kleplj/translation/gpt-querying/../generated/noarr/full/gemver-05/code.cpp
Replacing /home/kleplj/translation/gpt-querying/../PolybenchC-Noarr/linear-algebra/blas/gesummv/gesummv.cpp with /home/kleplj/translation/gpt-querying/../generated/noarr/full/gesummv-05/code.cpp
Replacing /home/kleplj/translation/gpt-querying/../PolybenchC-Noarr/linear-algebra/blas/symm/symm.cpp with /home/kleplj/translation/gpt-querying/../generated/noarr/full/symm-05/code.cpp
Replacing /home/kleplj/translation/gpt-querying/../PolybenchC-Noarr/linear-algebra/blas/syr2k/syr2k.cpp with /home/kleplj/translation/gpt-querying/../generated/noarr/full/syr2k-05/code.cpp
Replacing /home/kleplj/translation/gpt-querying/../PolybenchC-Noarr/linear-algebra/blas/syrk/syrk.cpp with /home/kleplj/translation/gpt-querying/../generated/noarr/full/syrk-05/code.cpp
Replacing /home/kleplj/translation/gpt-querying/../PolybenchC-Noarr/linear-algebra/blas/trmm/trmm.cpp with /home/kleplj/translation/gpt-querying/../generated/noarr/full/trmm-05/code.cpp
Replacing /home/kleplj/translation/gpt-querying/../PolybenchC-Noarr/linear-algebra/kernels/2mm/2mm.cpp with /home/kleplj/translation/gpt-querying/../generated/noarr/full/2mm-05/code.cpp
Replacing /home/kleplj/translation/gpt-querying/../PolybenchC-Noarr/linear-algebra/kernels/3mm/3mm.cpp with /home/kleplj/translation/gpt-querying/../generated/noarr/full/3mm-05/code.cpp
Replacing /home/kleplj/translation/gpt-querying/../PolybenchC-Noarr/linear-algebra/kernels/atax/atax.cpp with /home/kleplj/translation/gpt-querying/../generated/noarr/full/atax-05/code.cpp
Replacing /home/kleplj/translation/gpt-querying/../PolybenchC-Noarr/linear-algebra/kernels/bicg/bicg.cpp with /home/kleplj/translation/gpt-querying/../generated/noarr/full/bicg-05/code.cpp
Replacing /home/kleplj/translation/gpt-querying/../PolybenchC-Noarr/linear-algebra/kernels/doitgen/doitgen.cpp with /home/kleplj/translation/gpt-querying/../generated/noarr/full/doitgen-05/code.cpp
Replacing /home/kleplj/translation/gpt-querying/../PolybenchC-Noarr/linear-algebra/kernels/mvt/mvt.cpp with /home/kleplj/translation/gpt-querying/../generated/noarr/full/mvt-05/code.cpp
Replacing /home/kleplj/translation/gpt-querying/../PolybenchC-Noarr/linear-algebra/solvers/cholesky/cholesky.cpp with /home/kleplj/translation/gpt-querying/../generated/noarr/full/cholesky-05/code.cpp
Replacing /home/kleplj/translation/gpt-querying/../PolybenchC-Noarr/linear-algebra/solvers/durbin/durbin.cpp with /home/kleplj/translation/gpt-querying/../generated/noarr/full/durbin-05/code.cpp
Replacing /home/kleplj/translation/gpt-querying/../PolybenchC-Noarr/linear-algebra/solvers/gramschmidt/gramschmidt.cpp with /home/kleplj/translation/gpt-querying/../generated/noarr/full/gramschmidt-05/code.cpp
Replacing /home/kleplj/translation/gpt-querying/../PolybenchC-Noarr/linear-algebra/solvers/lu/lu.cpp with /home/kleplj/translation/gpt-querying/../generated/noarr/full/lu-05/code.cpp
Replacing /home/kleplj/translation/gpt-querying/../PolybenchC-Noarr/linear-algebra/solvers/ludcmp/ludcmp.cpp with /home/kleplj/translation/gpt-querying/../generated/noarr/full/ludcmp-05/code.cpp
Replacing /home/kleplj/translation/gpt-querying/../PolybenchC-Noarr/linear-algebra/solvers/trisolv/trisolv.cpp with /home/kleplj/translation/gpt-querying/../generated/noarr/full/trisolv-05/code.cpp
Replacing /home/kleplj/translation/gpt-querying/../PolybenchC-Noarr/medley/deriche/deriche.cpp with /home/kleplj/translation/gpt-querying/../generated/noarr/full/deriche-05/code.cpp
Replacing /home/kleplj/translation/gpt-querying/../PolybenchC-Noarr/medley/floyd-warshall/floyd-warshall.cpp with /home/kleplj/translation/gpt-querying/../generated/noarr/full/floyd-warshall-05/code.cpp
Replacing /home/kleplj/translation/gpt-querying/../PolybenchC-Noarr/medley/nussinov/nussinov.cpp with /home/kleplj/translation/gpt-querying/../generated/noarr/full/nussinov-05/code.cpp
Replacing /home/kleplj/translation/gpt-querying/../PolybenchC-Noarr/stencils/adi/adi.cpp with /home/kleplj/translation/gpt-querying/../generated/noarr/full/adi-05/code.cpp
Replacing /home/kleplj/translation/gpt-querying/../PolybenchC-Noarr/stencils/fdtd-2d/fdtd-2d.cpp with /home/kleplj/translation/gpt-querying/../generated/noarr/full/fdtd-2d-05/code.cpp
Replacing /home/kleplj/translation/gpt-querying/../PolybenchC-Noarr/stencils/heat-3d/heat-3d.cpp with /home/kleplj/translation/gpt-querying/../generated/noarr/full/heat-3d-05/code.cpp
Replacing /home/kleplj/translation/gpt-querying/../PolybenchC-Noarr/stencils/jacobi-1d/jacobi-1d.cpp with /home/kleplj/translation/gpt-querying/../generated/noarr/full/jacobi-1d-05/code.cpp
Replacing /home/kleplj/translation/gpt-querying/../PolybenchC-Noarr/stencils/jacobi-2d/jacobi-2d.cpp with /home/kleplj/translation/gpt-querying/../generated/noarr/full/jacobi-2d-05/code.cpp
Replacing /home/kleplj/translation/gpt-querying/../PolybenchC-Noarr/stencils/seidel-2d/seidel-2d.cpp with /home/kleplj/translation/gpt-querying/../generated/noarr/full/seidel-2d-05/code.cpp
Processing Halide framework...
Processing Exo framework...
No postprocess.sh found in ../PolybenchC-Noarr. Skipping.
Performing a clean build...
/home/kleplj/translation/PolybenchC-Noarr/linear-algebra/solvers/ludcmp/ludcmp.cpp: In instantiation of ‘void {anonymous}::init_array(std::size_t, auto:40, auto:41, auto:42, auto:43) [with auto:40 = noarr::bag_t<noarr::set_length_t<'j', noarr::set_length_t<'i', noarr::vector_t<'i', noarr::vector_t<'j', noarr::scalar<double> > >, long unsigned int>, long unsigned int>, noarr::helpers::bag_policy<noarr::helpers::bag_raw_pointer_tag> >; auto:41 = noarr::bag_t<noarr::set_length_t<'j', noarr::set_length_t<'i', noarr::vector_t<'i', noarr::scalar<double> >, long unsigned int>, long unsigned int>, noarr::helpers::bag_policy<noarr::helpers::bag_raw_pointer_tag> >; auto:42 = noarr::bag_t<noarr::set_length_t<'j', noarr::set_length_t<'i', noarr::vector_t<'i', noarr::scalar<double> >, long unsigned int>, long unsigned int>, noarr::helpers::bag_policy<noarr::helpers::bag_raw_pointer_tag> >; auto:43 = noarr::bag_t<noarr::set_length_t<'j', noarr::set_length_t<'i', noarr::vector_t<'i', noarr::scalar<double> >, long unsigned int>, long unsigned int>, noarr::helpers::bag_policy<noarr::helpers::bag_raw_pointer_tag> >; std::size_t = long unsigned int]’:
/home/kleplj/translation/PolybenchC-Noarr/linear-algebra/solvers/ludcmp/ludcmp.cpp:242:12:   required from here
  242 |         init_array(n, A.get_ref(), b.get_ref(), x.get_ref(), y.get_ref());
      |         ~~~~~~~~~~^~~~~~~~~~~~~~~~~~~~~~~~~~~~~~~~~~~~~~~~~~~~~~~~~~~~~~~
/home/kleplj/translation/PolybenchC-Noarr/linear-algebra/solvers/ludcmp/ludcmp.cpp:90:31: error: use of deleted function ‘constexpr noarr::bag_t<Structure, BagPolicy>::bag_t(const noarr::bag_t<Structure, BagPolicy>&) requires !(is_trivially_copy_constructible_v<typename BagPolicy::type>) [with Structure = noarr::set_length_t<'j', noarr::set_length_t<'i', noarr::vector_t<'i', noarr::vector_t<'j', noarr::scalar<double> > >, long unsigned int>, long unsigned int>; BagPolicy = noarr::helpers::bag_policy<std::unique_ptr>]’
   90 |         traverser(B).for_each([=](auto state) {
      |                               ^~~~~~~~~~~~~~~~~
   91 |                 B[state] = (num_t)0;
      |                 ~~~~~~~~~~~~~~~~~~~~
   92 |         });
      |         ~                      
compilation terminated due to -Wfatal-errors.
gmake[2]: *** [CMakeFiles/ludcmp.dir/build.make:79: CMakeFiles/ludcmp.dir/linear-algebra/solvers/ludcmp/ludcmp.cpp.o] Error 1
gmake[2]: Target 'CMakeFiles/ludcmp.dir/build' not remade because of errors.
gmake[1]: *** [CMakeFiles/Makefile2:782: CMakeFiles/ludcmp.dir/all] Error 2
gmake[1]: Target 'all' not remade because of errors.
gmake: *** [Makefile:91: all] Error 2
noarr (standard):
noarr (standard):
noarr (standard):
noarr (standard):
noarr (standard):
Token count differs: baseline=2001000 translated=4000000
Mismatch detected for translation noarr cholesky (tolerance 1e-2 abs, 2e-7 rel).
noarr (standard):
noarr (standard):
noarr (standard):
noarr (standard):
noarr (standard):
noarr (standard):
noarr (standard):
noarr (standard):
noarr (standard):
noarr (standard):
Token 604105 differs: 3.0 vs 0.95 (tolerance 0.01 + 2e-07 * |3.0| = 0.0100006)
Mismatch detected for translation noarr gramschmidt (tolerance 1e-2 abs, 2e-7 rel).
noarr (standard):
noarr (standard):
noarr (standard):
noarr (standard):
No translation frameworks available to run for algorithm ludcmp. Skipping.
noarr (standard):
Token count differs: baseline=3126250 translated=6250000
Mismatch detected for translation noarr nussinov (tolerance 1e-2 abs, 2e-7 rel).
noarr (standard):
noarr (standard):
noarr (standard):
noarr (standard):
noarr (standard):
noarr (standard):
Unsupported framework: polly
Unsupported framework: polly
Processing C framework...
Processing Noarr framework...
Processing Halide framework...
Processing Exo framework...
Unsupported framework: polly
CMake Warning at CMakeLists.txt:211 (message):
  Using LLVM_ENABLE_PROJECTS=openmp is deprecated now, and will become a
  fatal error in a future release.  Please use -DLLVM_ENABLE_RUNTIMES=openmp
  or see the instructions at https://openmp.llvm.org/ for building the
  runtimes.


Performing a clean build...
clangclang: : warning: argument unused during compilation: '-L/home/kleplj/translation/PolybenchC-Polly/llvm-project/build/lib/' [-Wunused-command-line-argument]
warning: argument unused during compilation: '-L/home/kleplj/translation/PolybenchC-Polly/llvm-project/build/lib/' [-Wunused-command-line-argument]
clang: warning: argument unused during compilation: '-L/home/kleplj/translation/PolybenchC-Polly/llvm-project/build/lib/' [-Wunused-command-line-argument]
clang: warning: argument unused during compilation: '-L/home/kleplj/translation/PolybenchC-Polly/llvm-project/build/lib/' [-Wunused-command-line-argument]
clangclang: : warning: argument unused during compilation: '-L/home/kleplj/translation/PolybenchC-Polly/llvm-project/build/lib/' [-Wunused-command-line-argument]
warning: argument unused during compilation: '-L/home/kleplj/translation/PolybenchC-Polly/llvm-project/build/lib/' [-Wunused-command-line-argument]
clang: warning: argument unused during compilation: '-L/home/kleplj/translation/PolybenchC-Polly/llvm-project/build/lib/' [-Wunused-command-line-argument]
clang: warning: argument unused during compilation: '-L/home/kleplj/translation/PolybenchC-Polly/llvm-project/build/lib/' [-Wunused-command-line-argument]
clang: warning: argument unused during compilation: '-L/home/kleplj/translation/PolybenchC-Polly/llvm-project/build/lib/' [-Wunused-command-line-argument]
clang: warning: argument unused during compilation: '-L/home/kleplj/translation/PolybenchC-Polly/llvm-project/build/lib/' [-Wunused-command-line-argument]
clang: clang: warning: argument unused during compilation: '-L/home/kleplj/translation/PolybenchC-Polly/llvm-project/build/lib/' [-Wunused-command-line-argument]
warning: argument unused during compilation: '-L/home/kleplj/translation/PolybenchC-Polly/llvm-project/build/lib/' [-Wunused-command-line-argument]
clang: warning: argument unused during compilation: '-L/home/kleplj/translation/PolybenchC-Polly/llvm-project/build/lib/' [-Wunused-command-line-argument]
clangclangclangclangclangclang: : : : : : warning: warning: warning: warning: warning: argument unused during compilation: '-L/home/kleplj/translation/PolybenchC-Polly/llvm-project/build/lib/' [-Wunused-command-line-argument]argument unused during compilation: '-L/home/kleplj/translation/PolybenchC-Polly/llvm-project/build/lib/' [-Wunused-command-line-argument]argument unused during compilation: '-L/home/kleplj/translation/PolybenchC-Polly/llvm-project/build/lib/' [-Wunused-command-line-argument]warning: argument unused during compilation: '-L/home/kleplj/translation/PolybenchC-Polly/llvm-project/build/lib/' [-Wunused-command-line-argument]argument unused during compilation: '-L/home/kleplj/translation/PolybenchC-Polly/llvm-project/build/lib/' [-Wunused-command-line-argument]argument unused during compilation: '-L/home/kleplj/translation/PolybenchC-Polly/llvm-project/build/lib/' [-Wunused-command-line-argument]





clang: warning: argument unused during compilation: '-L/home/kleplj/translation/PolybenchC-Polly/llvm-project/build/lib/' [-Wunused-command-line-argument]
clang: warning: argument unused during compilation: '-L/home/kleplj/translation/PolybenchC-Polly/llvm-project/build/lib/' [-Wunused-command-line-argument]
clang: warning: argument unused during compilation: '-L/home/kleplj/translation/PolybenchC-Polly/llvm-project/build/lib/' [-Wunused-command-line-argument]
clang: warning: argument unused during compilation: '-L/home/kleplj/translation/PolybenchC-Polly/llvm-project/build/lib/' [-Wunused-command-line-argument]
clang: clangwarning: : clangargument unused during compilation: '-L/home/kleplj/translation/PolybenchC-Polly/llvm-project/build/lib/' [-Wunused-command-line-argument]: clang
warning: argument unused during compilation: '-L/home/kleplj/translation/PolybenchC-Polly/llvm-project/build/lib/' [-Wunused-command-line-argument]
warning: argument unused during compilation: '-L/home/kleplj/translation/PolybenchC-Polly/llvm-project/build/lib/' [-Wunused-command-line-argument]
: warning: argument unused during compilation: '-L/home/kleplj/translation/PolybenchC-Polly/llvm-project/build/lib/' [-Wunused-command-line-argument]
clang: warning: argument unused during compilation: '-L/home/kleplj/translation/PolybenchC-Polly/llvm-project/build/lib/' [-Wunused-command-line-argument]
clangclang: clang: warning: : argument unused during compilation: '-L/home/kleplj/translation/PolybenchC-Polly/llvm-project/build/lib/' [-Wunused-command-line-argument]warning: 
warning: argument unused during compilation: '-L/home/kleplj/translation/PolybenchC-Polly/llvm-project/build/lib/' [-Wunused-command-line-argument]argument unused during compilation: '-L/home/kleplj/translation/PolybenchC-Polly/llvm-project/build/lib/' [-Wunused-command-line-argument]

clang: warning: argument unused during compilation: '-L/home/kleplj/translation/PolybenchC-Polly/llvm-project/build/lib/' [-Wunused-command-line-argument]
clang: clangwarning: : clangargument unused during compilation: '-L/home/kleplj/translation/PolybenchC-Polly/llvm-project/build/lib/' [-Wunused-command-line-argument]warning: 
: clangargument unused during compilation: '-L/home/kleplj/translation/PolybenchC-Polly/llvm-project/build/lib/' [-Wunused-command-line-argument]warning: : clang
: clangargument unused during compilation: '-L/home/kleplj/translation/PolybenchC-Polly/llvm-project/build/lib/' [-Wunused-command-line-argument]warning: clangwarning: : 
argument unused during compilation: '-L/home/kleplj/translation/PolybenchC-Polly/llvm-project/build/lib/' [-Wunused-command-line-argument]: argument unused during compilation: '-L/home/kleplj/translation/PolybenchC-Polly/llvm-project/build/lib/' [-Wunused-command-line-argument]warning: 

argument unused during compilation: '-L/home/kleplj/translation/PolybenchC-Polly/llvm-project/build/lib/' [-Wunused-command-line-argument]warning: 
argument unused during compilation: '-L/home/kleplj/translation/PolybenchC-Polly/llvm-project/build/lib/' [-Wunused-command-line-argument]
clang: warning: argument unused during compilation: '-L/home/kleplj/translation/PolybenchC-Polly/llvm-project/build/lib/' [-Wunused-command-line-argument]
clang: clang: clangwarning: warning: argument unused during compilation: '-L/home/kleplj/translation/PolybenchC-Polly/llvm-project/build/lib/' [-Wunused-command-line-argument]: clangargument unused during compilation: '-L/home/kleplj/translation/PolybenchC-Polly/llvm-project/build/lib/' [-Wunused-command-line-argument]
warning: 
: clangargument unused during compilation: '-L/home/kleplj/translation/PolybenchC-Polly/llvm-project/build/lib/' [-Wunused-command-line-argument]warning: 
: clangargument unused during compilation: '-L/home/kleplj/translation/PolybenchC-Polly/llvm-project/build/lib/' [-Wunused-command-line-argument]warning: 
: clangargument unused during compilation: '-L/home/kleplj/translation/PolybenchC-Polly/llvm-project/build/lib/' [-Wunused-command-line-argument]warning: 
: clangargument unused during compilation: '-L/home/kleplj/translation/PolybenchC-Polly/llvm-project/build/lib/' [-Wunused-command-line-argument]: clang
warning: warning: clang: clangargument unused during compilation: '-L/home/kleplj/translation/PolybenchC-Polly/llvm-project/build/lib/' [-Wunused-command-line-argument]argument unused during compilation: '-L/home/kleplj/translation/PolybenchC-Polly/llvm-project/build/lib/' [-Wunused-command-line-argument]: clang: warning: 
clang
warning: : argument unused during compilation: '-L/home/kleplj/translation/PolybenchC-Polly/llvm-project/build/lib/' [-Wunused-command-line-argument]warning: : argument unused during compilation: '-L/home/kleplj/translation/PolybenchC-Polly/llvm-project/build/lib/' [-Wunused-command-line-argument]
warning: argument unused during compilation: '-L/home/kleplj/translation/PolybenchC-Polly/llvm-project/build/lib/' [-Wunused-command-line-argument]
argument unused during compilation: '-L/home/kleplj/translation/PolybenchC-Polly/llvm-project/build/lib/' [-Wunused-command-line-argument]warning: 

argument unused during compilation: '-L/home/kleplj/translation/PolybenchC-Polly/llvm-project/build/lib/' [-Wunused-command-line-argument]
clang: warning: argument unused during compilation: '-L/home/kleplj/translation/PolybenchC-Polly/llvm-project/build/lib/' [-Wunused-command-line-argument]
clang: warning: argument unused during compilation: '-L/home/kleplj/translation/PolybenchC-Polly/llvm-project/build/lib/' [-Wunused-command-line-argument]
clang: warning: argument unused during compilation: '-L/home/kleplj/translation/PolybenchC-Polly/llvm-project/build/lib/' [-Wunused-command-line-argument]
clang: warning: argument unused during compilation: '-L/home/kleplj/translation/PolybenchC-Polly/llvm-project/build/lib/' [-Wunused-command-line-argument]
clang: warning: clangargument unused during compilation: '-L/home/kleplj/translation/PolybenchC-Polly/llvm-project/build/lib/' [-Wunused-command-line-argument]: 
warning: argument unused during compilation: '-L/home/kleplj/translation/PolybenchC-Polly/llvm-project/build/lib/' [-Wunused-command-line-argument]
clang: warning: argument unused during compilation: '-L/home/kleplj/translation/PolybenchC-Polly/llvm-project/build/lib/' [-Wunused-command-line-argument]
clang: warning: argument unused during compilation: '-mllvm -polly' [-Wunused-command-line-argument]
clang: warning: argument unused during compilation: '-mllvm -polly-vectorizer=stripmine' [-Wunused-command-line-argument]
clang: warning: argument unused during compilation: '-mllvm -polly-parallel' [-Wunused-command-line-argument]
clang: warning: argument unused during compilation: '-mllvm -polly' [-Wunused-command-line-argument]
clang: warning: argument unused during compilation: '-mllvm -polly-vectorizer=stripmine' [-Wunused-command-line-argument]
clang: warning: argument unused during compilation: '-mllvm -polly-parallel' [-Wunused-command-line-argument]
clang: warning: argument unused during compilation: '-mllvm -polly' [-Wunused-command-line-argument]
clang: warning: argument unused during compilation: '-mllvm -polly-vectorizer=stripmine' [-Wunused-command-line-argument]
clang: warning: argument unused during compilation: '-mllvm -polly-parallel' [-Wunused-command-line-argument]
clang: warning: argument unused during compilation: '-mllvm -polly' [-Wunused-command-line-argument]
clang: warning: argument unused during compilation: '-mllvm -polly-vectorizer=stripmine' [-Wunused-command-line-argument]
clang: warning: argument unused during compilation: '-mllvm -polly-parallel' [-Wunused-command-line-argument]
clang: warning: argument unused during compilation: '-mllvm -polly' [-Wunused-command-line-argument]
clang: warning: argument unused during compilation: '-mllvm -polly-vectorizer=stripmine' [-Wunused-command-line-argument]
clang: warning: argument unused during compilation: '-mllvm -polly-parallel' [-Wunused-command-line-argument]
clang: warning: argument unused during compilation: '-mllvm -polly' [-Wunused-command-line-argument]
clang: warning: argument unused during compilation: '-mllvm -polly-vectorizer=stripmine' [-Wunused-command-line-argument]
clang: warning: argument unused during compilation: '-mllvm -polly-parallel' [-Wunused-command-line-argument]
clang: warning: argument unused during compilation: '-mllvm -polly' [-Wunused-command-line-argument]
clang: warning: argument unused during compilation: '-mllvm -polly-vectorizer=stripmine' [-Wunused-command-line-argument]
clang: warning: argument unused during compilation: '-mllvm -polly-parallel' [-Wunused-command-line-argument]
clang: warning: argument unused during compilation: '-mllvm -polly' [-Wunused-command-line-argument]
clang: warning: argument unused during compilation: '-mllvm -polly-vectorizer=stripmine' [-Wunused-command-line-argument]
clang: warning: argument unused during compilation: '-mllvm -polly-parallel' [-Wunused-command-line-argument]
clang: warning: argument unused during compilation: '-mllvm -polly' [-Wunused-command-line-argument]
clang: warning: argument unused during compilation: '-mllvm -polly-vectorizer=stripmine' [-Wunused-command-line-argument]
clang: warning: argument unused during compilation: '-mllvm -polly-parallel' [-Wunused-command-line-argument]
clang: warning: argument unused during compilation: '-mllvm -polly' [-Wunused-command-line-argument]
clang: warning: argument unused during compilation: '-mllvm -polly-vectorizer=stripmine' [-Wunused-command-line-argument]
clang: warning: argument unused during compilation: '-mllvm -polly-parallel' [-Wunused-command-line-argument]
clang: warning: argument unused during compilation: '-mllvm -polly' [-Wunused-command-line-argument]
clang: warning: argument unused during compilation: '-mllvm -polly-vectorizer=stripmine' [-Wunused-command-line-argument]
clang: warning: argument unused during compilation: '-mllvm -polly-parallel' [-Wunused-command-line-argument]
clang: warning: argument unused during compilation: '-mllvm -polly' [-Wunused-command-line-argument]
clang: warning: argument unused during compilation: '-mllvm -polly-vectorizer=stripmine' [-Wunused-command-line-argument]
clang: warning: argument unused during compilation: '-mllvm -polly-parallel' [-Wunused-command-line-argument]
clang: warning: argument unused during compilation: '-mllvm -polly' [-Wunused-command-line-argument]
clang: warning: argument unused during compilation: '-mllvm -polly-vectorizer=stripmine' [-Wunused-command-line-argument]
clang: warning: argument unused during compilation: '-mllvm -polly-parallel' [-Wunused-command-line-argument]
clang: warning: argument unused during compilation: '-mllvm -polly' [-Wunused-command-line-argument]
clang: warning: argument unused during compilation: '-mllvm -polly-vectorizer=stripmine' [-Wunused-command-line-argument]
clang: warning: argument unused during compilation: '-mllvm -polly-parallel' [-Wunused-command-line-argument]
clang: warning: argument unused during compilation: '-mllvm -polly' [-Wunused-command-line-argument]
clang: warning: argument unused during compilation: '-mllvm -polly-vectorizer=stripmine' [-Wunused-command-line-argument]
clang: warning: argument unused during compilation: '-mllvm -polly-parallel' [-Wunused-command-line-argument]
clang: warning: argument unused during compilation: '-mllvm -polly' [-Wunused-command-line-argument]
clang: warning: argument unused during compilation: '-mllvm -polly-vectorizer=stripmine' [-Wunused-command-line-argument]
clang: warning: argument unused during compilation: '-mllvm -polly-parallel' [-Wunused-command-line-argument]
clang: warning: argument unused during compilation: '-mllvm -polly' [-Wunused-command-line-argument]
clang: warning: argument unused during compilation: '-mllvm -polly-vectorizer=stripmine' [-Wunused-command-line-argument]
clang: warning: argument unused during compilation: '-mllvm -polly-parallel' [-Wunused-command-line-argument]
clang: warning: argument unused during compilation: '-mllvm -polly' [-Wunused-command-line-argument]
clang: warning: argument unused during compilation: '-mllvm -polly-vectorizer=stripmine' [-Wunused-command-line-argument]
clang: warning: argument unused during compilation: '-mllvm -polly-parallel' [-Wunused-command-line-argument]
clang: warning: argument unused during compilation: '-mllvm -polly' [-Wunused-command-line-argument]
clang: warning: argument unused during compilation: '-mllvm -polly-vectorizer=stripmine' [-Wunused-command-line-argument]
clang: warning: argument unused during compilation: '-mllvm -polly-parallel' [-Wunused-command-line-argument]
clang: warning: argument unused during compilation: '-mllvm -polly' [-Wunused-command-line-argument]
clang: warning: argument unused during compilation: '-mllvm -polly-vectorizer=stripmine' [-Wunused-command-line-argument]
clang: warning: argument unused during compilation: '-mllvm -polly-parallel' [-Wunused-command-line-argument]
clang: warning: argument unused during compilation: '-mllvm -polly' [-Wunused-command-line-argument]
clang: warning: argument unused during compilation: '-mllvm -polly-vectorizer=stripmine' [-Wunused-command-line-argument]
clang: warning: argument unused during compilation: '-mllvm -polly-parallel' [-Wunused-command-line-argument]
clang: warning: argument unused during compilation: '-mllvm -polly' [-Wunused-command-line-argument]
clang: warning: argument unused during compilation: '-mllvm -polly-vectorizer=stripmine' [-Wunused-command-line-argument]
clang: warning: argument unused during compilation: '-mllvm -polly-parallel' [-Wunused-command-line-argument]
clang: warning: argument unused during compilation: '-mllvm -polly' [-Wunused-command-line-argument]
clang: warning: argument unused during compilation: '-mllvm -polly-vectorizer=stripmine' [-Wunused-command-line-argument]
clang: warning: argument unused during compilation: '-mllvm -polly-parallel' [-Wunused-command-line-argument]
clang: warning: argument unused during compilation: '-mllvm -polly' [-Wunused-command-line-argument]
clang: warning: argument unused during compilation: '-mllvm -polly-vectorizer=stripmine' [-Wunused-command-line-argument]
clang: warning: argument unused during compilation: '-mllvm -polly-parallel' [-Wunused-command-line-argument]
clang: warning: argument unused during compilation: '-mllvm -polly' [-Wunused-command-line-argument]
clang: warning: argument unused during compilation: '-mllvm -polly-vectorizer=stripmine' [-Wunused-command-line-argument]
clang: warning: argument unused during compilation: '-mllvm -polly-parallel' [-Wunused-command-line-argument]
clang: warning: argument unused during compilation: '-mllvm -polly' [-Wunused-command-line-argument]
clang: warning: argument unused during compilation: '-mllvm -polly-vectorizer=stripmine' [-Wunused-command-line-argument]
clang: warning: argument unused during compilation: '-mllvm -polly-parallel' [-Wunused-command-line-argument]
clang: warning: argument unused during compilation: '-mllvm -polly' [-Wunused-command-line-argument]
clang: warning: argument unused during compilation: '-mllvm -polly-vectorizer=stripmine' [-Wunused-command-line-argument]
clang: warning: argument unused during compilation: '-mllvm -polly-parallel' [-Wunused-command-line-argument]
clang: warning: argument unused during compilation: '-mllvm -polly' [-Wunused-command-line-argument]
clang: warning: argument unused during compilation: '-mllvm -polly-vectorizer=stripmine' [-Wunused-command-line-argument]
clang: warning: argument unused during compilation: '-mllvm -polly-parallel' [-Wunused-command-line-argument]
clang: warning: argument unused during compilation: '-mllvm -polly' [-Wunused-command-line-argument]
clang: warning: argument unused during compilation: '-mllvm -polly-vectorizer=stripmine' [-Wunused-command-line-argument]
clang: warning: argument unused during compilation: '-mllvm -polly-parallel' [-Wunused-command-line-argument]
clang: warning: argument unused during compilation: '-mllvm -polly' [-Wunused-command-line-argument]
clang: warning: argument unused during compilation: '-mllvm -polly-vectorizer=stripmine' [-Wunused-command-line-argument]
clang: warning: argument unused during compilation: '-mllvm -polly-parallel' [-Wunused-command-line-argument]
Failed to execute translation framework polly for 2mm.
Failed to execute translation framework polly for 3mm.
Failed to execute translation framework polly for adi.
Failed to execute translation framework polly for atax.
Failed to execute translation framework polly for bicg.
Failed to execute translation framework polly for cholesky.
Failed to execute translation framework polly for correlation.
Failed to execute translation framework polly for covariance.
Failed to execute translation framework polly for deriche.
Failed to execute translation framework polly for doitgen.
Failed to execute translation framework polly for durbin.
Failed to execute translation framework polly for fdtd-2d.
Failed to execute translation framework polly for floyd-warshall.
Failed to execute translation framework polly for gemm.
Failed to execute translation framework polly for gemver.
Failed to execute translation framework polly for gesummv.
Failed to execute translation framework polly for gramschmidt.
Failed to execute translation framework polly for heat-3d.
Failed to execute translation framework polly for jacobi-1d.
Failed to execute translation framework polly for jacobi-2d.
Failed to execute translation framework polly for lu.
Failed to execute translation framework polly for ludcmp.
Failed to execute translation framework polly for mvt.
Failed to execute translation framework polly for nussinov.
Failed to execute translation framework polly for seidel-2d.
Failed to execute translation framework polly for symm.
Failed to execute translation framework polly for syr2k.
Failed to execute translation framework polly for syrk.
Failed to execute translation framework polly for trisolv.
Failed to execute translation framework polly for trmm.
Invalidating ../PolybenchC-Halide/linear-algebra/blas/gemm/gemm.cpp
Invalidating ../PolybenchC-Halide/linear-algebra/blas/gemver/gemver.cpp
Invalidating ../PolybenchC-Halide/linear-algebra/blas/gesummv/gesummv.cpp
Invalidating ../PolybenchC-Halide/linear-algebra/blas/symm/symm.cpp
Invalidating ../PolybenchC-Halide/linear-algebra/blas/syr2k/syr2k.cpp
Invalidating ../PolybenchC-Halide/linear-algebra/blas/syrk/syrk.cpp
Invalidating ../PolybenchC-Halide/linear-algebra/blas/trmm/trmm.cpp
Invalidating ../PolybenchC-Halide/linear-algebra/kernels/2mm/2mm.cpp
Invalidating ../PolybenchC-Halide/linear-algebra/kernels/3mm/3mm.cpp
Invalidating ../PolybenchC-Halide/linear-algebra/kernels/atax/atax.cpp
Invalidating ../PolybenchC-Halide/linear-algebra/kernels/bicg/bicg.cpp
Invalidating ../PolybenchC-Halide/linear-algebra/kernels/doitgen/doitgen.cpp
Invalidating ../PolybenchC-Halide/linear-algebra/kernels/mvt/mvt.cpp
Invalidating ../PolybenchC-Halide/linear-algebra/solvers/cholesky/cholesky.cpp
Invalidating ../PolybenchC-Halide/linear-algebra/solvers/durbin/durbin.cpp
Invalidating ../PolybenchC-Halide/linear-algebra/solvers/gramschmidt/gramschmidt.cpp
Invalidating ../PolybenchC-Halide/linear-algebra/solvers/lu/lu.cpp
Invalidating ../PolybenchC-Halide/linear-algebra/solvers/ludcmp/ludcmp.cpp
Invalidating ../PolybenchC-Halide/linear-algebra/solvers/trisolv/trisolv.cpp
Invalidating ../PolybenchC-Halide/medley/deriche/deriche.cpp
Invalidating ../PolybenchC-Halide/medley/floyd-warshall/floyd-warshall.cpp
Invalidating ../PolybenchC-Halide/medley/nussinov/nussinov.cpp
Invalidating ../PolybenchC-Halide/datamining/correlation/correlation.cpp
Invalidating ../PolybenchC-Halide/datamining/covariance/covariance.cpp
Invalidating ../PolybenchC-Halide/stencils/adi/adi.cpp
Invalidating ../PolybenchC-Halide/stencils/fdtd-2d/fdtd-2d.cpp
Invalidating ../PolybenchC-Halide/stencils/heat-3d/heat-3d.cpp
Invalidating ../PolybenchC-Halide/stencils/jacobi-1d/jacobi-1d.cpp
Invalidating ../PolybenchC-Halide/stencils/jacobi-2d/jacobi-2d.cpp
Invalidating ../PolybenchC-Halide/stencils/seidel-2d/seidel-2d.cpp
Processing C framework...
Processing Noarr framework...
Processing Halide framework...
Replacing /home/kleplj/translation/gpt-querying/../PolybenchC-Halide/datamining/correlation/correlation.cpp with /home/kleplj/translation/gpt-querying/../generated/halide/full/correlation-01/code.cpp
Replacing /home/kleplj/translation/gpt-querying/../PolybenchC-Halide/datamining/covariance/covariance.cpp with /home/kleplj/translation/gpt-querying/../generated/halide/full/covariance-01/code.cpp
Replacing /home/kleplj/translation/gpt-querying/../PolybenchC-Halide/linear-algebra/blas/gemm/gemm.cpp with /home/kleplj/translation/gpt-querying/../generated/halide/full/gemm-01/code.cpp
Replacing /home/kleplj/translation/gpt-querying/../PolybenchC-Halide/linear-algebra/blas/gemver/gemver.cpp with /home/kleplj/translation/gpt-querying/../generated/halide/full/gemver-01/code.cpp
Replacing /home/kleplj/translation/gpt-querying/../PolybenchC-Halide/linear-algebra/blas/gesummv/gesummv.cpp with /home/kleplj/translation/gpt-querying/../generated/halide/full/gesummv-01/code.cpp
Replacing /home/kleplj/translation/gpt-querying/../PolybenchC-Halide/linear-algebra/blas/symm/symm.cpp with /home/kleplj/translation/gpt-querying/../generated/halide/full/symm-01/code.cpp
Replacing /home/kleplj/translation/gpt-querying/../PolybenchC-Halide/linear-algebra/blas/syr2k/syr2k.cpp with /home/kleplj/translation/gpt-querying/../generated/halide/full/syr2k-01/code.cpp
Replacing /home/kleplj/translation/gpt-querying/../PolybenchC-Halide/linear-algebra/blas/syrk/syrk.cpp with /home/kleplj/translation/gpt-querying/../generated/halide/full/syrk-01/code.cpp
Replacing /home/kleplj/translation/gpt-querying/../PolybenchC-Halide/linear-algebra/blas/trmm/trmm.cpp with /home/kleplj/translation/gpt-querying/../generated/halide/full/trmm-01/code.cpp
Replacing /home/kleplj/translation/gpt-querying/../PolybenchC-Halide/linear-algebra/kernels/2mm/2mm.cpp with /home/kleplj/translation/gpt-querying/../generated/halide/full/2mm-01/code.cpp
Replacing /home/kleplj/translation/gpt-querying/../PolybenchC-Halide/linear-algebra/kernels/3mm/3mm.cpp with /home/kleplj/translation/gpt-querying/../generated/halide/full/3mm-01/code.cpp
Replacing /home/kleplj/translation/gpt-querying/../PolybenchC-Halide/linear-algebra/kernels/atax/atax.cpp with /home/kleplj/translation/gpt-querying/../generated/halide/full/atax-01/code.cpp
Replacing /home/kleplj/translation/gpt-querying/../PolybenchC-Halide/linear-algebra/kernels/bicg/bicg.cpp with /home/kleplj/translation/gpt-querying/../generated/halide/full/bicg-01/code.cpp
Replacing /home/kleplj/translation/gpt-querying/../PolybenchC-Halide/linear-algebra/kernels/doitgen/doitgen.cpp with /home/kleplj/translation/gpt-querying/../generated/halide/full/doitgen-01/code.cpp
Replacing /home/kleplj/translation/gpt-querying/../PolybenchC-Halide/linear-algebra/kernels/mvt/mvt.cpp with /home/kleplj/translation/gpt-querying/../generated/halide/full/mvt-01/code.cpp
Replacing /home/kleplj/translation/gpt-querying/../PolybenchC-Halide/linear-algebra/solvers/cholesky/cholesky.cpp with /home/kleplj/translation/gpt-querying/../generated/halide/full/cholesky-01/code.cpp
Replacing /home/kleplj/translation/gpt-querying/../PolybenchC-Halide/linear-algebra/solvers/durbin/durbin.cpp with /home/kleplj/translation/gpt-querying/../generated/halide/full/durbin-01/code.cpp
Replacing /home/kleplj/translation/gpt-querying/../PolybenchC-Halide/linear-algebra/solvers/gramschmidt/gramschmidt.cpp with /home/kleplj/translation/gpt-querying/../generated/halide/full/gramschmidt-01/code.cpp
Replacing /home/kleplj/translation/gpt-querying/../PolybenchC-Halide/linear-algebra/solvers/lu/lu.cpp with /home/kleplj/translation/gpt-querying/../generated/halide/full/lu-01/code.cpp
Replacing /home/kleplj/translation/gpt-querying/../PolybenchC-Halide/linear-algebra/solvers/ludcmp/ludcmp.cpp with /home/kleplj/translation/gpt-querying/../generated/halide/full/ludcmp-01/code.cpp
Replacing /home/kleplj/translation/gpt-querying/../PolybenchC-Halide/linear-algebra/solvers/trisolv/trisolv.cpp with /home/kleplj/translation/gpt-querying/../generated/halide/full/trisolv-01/code.cpp
Replacing /home/kleplj/translation/gpt-querying/../PolybenchC-Halide/medley/deriche/deriche.cpp with /home/kleplj/translation/gpt-querying/../generated/halide/full/deriche-01/code.cpp
Replacing /home/kleplj/translation/gpt-querying/../PolybenchC-Halide/medley/floyd-warshall/floyd-warshall.cpp with /home/kleplj/translation/gpt-querying/../generated/halide/full/floyd-warshall-01/code.cpp
Replacing /home/kleplj/translation/gpt-querying/../PolybenchC-Halide/medley/nussinov/nussinov.cpp with /home/kleplj/translation/gpt-querying/../generated/halide/full/nussinov-01/code.cpp
Replacing /home/kleplj/translation/gpt-querying/../PolybenchC-Halide/stencils/adi/adi.cpp with /home/kleplj/translation/gpt-querying/../generated/halide/full/adi-01/code.cpp
Replacing /home/kleplj/translation/gpt-querying/../PolybenchC-Halide/stencils/fdtd-2d/fdtd-2d.cpp with /home/kleplj/translation/gpt-querying/../generated/halide/full/fdtd-2d-01/code.cpp
Replacing /home/kleplj/translation/gpt-querying/../PolybenchC-Halide/stencils/heat-3d/heat-3d.cpp with /home/kleplj/translation/gpt-querying/../generated/halide/full/heat-3d-01/code.cpp
Replacing /home/kleplj/translation/gpt-querying/../PolybenchC-Halide/stencils/jacobi-1d/jacobi-1d.cpp with /home/kleplj/translation/gpt-querying/../generated/halide/full/jacobi-1d-01/code.cpp
Replacing /home/kleplj/translation/gpt-querying/../PolybenchC-Halide/stencils/jacobi-2d/jacobi-2d.cpp with /home/kleplj/translation/gpt-querying/../generated/halide/full/jacobi-2d-01/code.cpp
Replacing /home/kleplj/translation/gpt-querying/../PolybenchC-Halide/stencils/seidel-2d/seidel-2d.cpp with /home/kleplj/translation/gpt-querying/../generated/halide/full/seidel-2d-01/code.cpp
Processing Exo framework...
Performing a clean build...
/home/kleplj/translation/PolybenchC-Halide/datamining/covariance/covariance.cpp: In function ‘int main(int, char**)’:
/home/kleplj/translation/PolybenchC-Halide/datamining/covariance/covariance.cpp:80:37: error: conversion from ‘num_t’ {aka ‘double’} to ‘Halide::Expr’ is ambiguous
   80 |     Expr float_n_expr = cast<num_t>(float_n);
      |                                     ^~~~~~~
compilation terminated due to -Wfatal-errors.
gmake[2]: *** [CMakeFiles/covariance.dir/build.make:79: CMakeFiles/covariance.dir/datamining/covariance/covariance.cpp.o] Error 1
gmake[2]: Target 'CMakeFiles/covariance.dir/build' not remade because of errors.
gmake[1]: *** [CMakeFiles/Makefile2:206: CMakeFiles/covariance.dir/all] Error 2
In file included from /home/kleplj/translation/PolybenchC-Halide/stencils/jacobi-2d/jacobi-2d.cpp:6:
/home/kleplj/translation/gpt-querying/.venv/lib/python3.9/site-packages/halide/include/Halide.h: In instantiation of ‘Halide::Func Halide::BoundaryConditions::repeat_edge(const T&) [with T = Halide::Func]’:
/home/kleplj/translation/PolybenchC-Halide/stencils/jacobi-2d/jacobi-2d.cpp:137:48:   required from here
  137 |         Halide::BoundaryConditions::repeat_edge(B_temp);
      |         ~~~~~~~~~~~~~~~~~~~~~~~~~~~~~~~~~~~~~~~^~~~~~~~
/home/kleplj/translation/gpt-querying/.venv/lib/python3.9/site-packages/halide/include/Halide.h:21384:51: error: ‘const class Halide::Func’ has no member named ‘dim’
21384 |         object_bounds.emplace_back(Expr(func_like.dim(i).min()), Expr(func_like.dim(i).extent()));
      |                                         ~~~~~~~~~~^~~
compilation terminated due to -Wfatal-errors.
gmake[2]: *** [CMakeFiles/jacobi-2d.dir/build.make:79: CMakeFiles/jacobi-2d.dir/stencils/jacobi-2d/jacobi-2d.cpp.o] Error 1
gmake[2]: Target 'CMakeFiles/jacobi-2d.dir/build' not remade because of errors.
gmake[1]: *** [CMakeFiles/Makefile2:1070: CMakeFiles/jacobi-2d.dir/all] Error 2
In file included from /home/kleplj/translation/PolybenchC-Halide/linear-algebra/solvers/durbin/durbin.cpp:7:
/home/kleplj/translation/gpt-querying/.venv/lib/python3.9/site-packages/halide/include/Halide.h: In instantiation of ‘Halide::Func Halide::BoundaryConditions::constant_exterior(const T&, const Halide::Tuple&) [with T = Halide::Func]’:
/home/kleplj/translation/gpt-querying/.venv/lib/python3.9/site-packages/halide/include/Halide.h:21341:29:   required from ‘Halide::Func Halide::BoundaryConditions::constant_exterior(const T&, const Halide::Expr&) [with T = Halide::Func]’
21341 |     return constant_exterior(func_like, Tuple(value));
      |            ~~~~~~~~~~~~~~~~~^~~~~~~~~~~~~~~~~~~~~~~~~
/home/kleplj/translation/PolybenchC-Halide/linear-algebra/solvers/durbin/durbin.cpp:72:55:   required from here
   72 |     Func y_ext = BoundaryConditions::constant_exterior(y_base, cast<num_t>(0));
      |                  ~~~~~~~~~~~~~~~~~~~~~~~~~~~~~~~~~~~~~^~~~~~~~~~~~~~~~~~~~~~~~
/home/kleplj/translation/gpt-querying/.venv/lib/python3.9/site-packages/halide/include/Halide.h:21334:51: error: ‘const class Halide::Func’ has no member named ‘dim’
21334 |         object_bounds.emplace_back(Expr(func_like.dim(i).min()), Expr(func_like.dim(i).extent()));
      |                                         ~~~~~~~~~~^~~
compilation terminated due to -Wfatal-errors.
gmake[2]: *** [CMakeFiles/durbin.dir/build.make:79: CMakeFiles/durbin.dir/linear-algebra/solvers/durbin/durbin.cpp.o] Error 1
gmake[2]: Target 'CMakeFiles/durbin.dir/build' not remade because of errors.
gmake[1]: *** [CMakeFiles/Makefile2:686: CMakeFiles/durbin.dir/all] Error 2
gmake[1]: Target 'all' not remade because of errors.
gmake: *** [Makefile:91: all] Error 2
halide (standard):
Translation framework halide for 3mm timed out after 8m seconds.
halide (standard):
halide (standard):
halide (standard):
halide (standard):
Translation framework halide for correlation timed out after 8m seconds.
No translation frameworks available to run for algorithm covariance. Skipping.
halide (standard):
Token 2 differs: 52.83 vs 0.8345 (tolerance 0.01 + 2e-07 * |52.83| = 0.010010566)
Mismatch detected for translation halide doitgen (tolerance 1e-2 abs, 2e-7 rel).
No translation frameworks available to run for algorithm durbin. Skipping.
halide (standard):
halide (standard):
Token count differs: baseline=1100000 translated=0
Mismatch detected for translation halide gemm (tolerance 1e-2 abs, 2e-7 rel).
halide (standard):
halide (standard):
Translation framework halide for gramschmidt timed out after 8m seconds.
halide (standard):
Token count differs: baseline=2000 translated=0
Mismatch detected for translation halide jacobi-1d (tolerance 1e-2 abs, 2e-7 rel).
No translation frameworks available to run for algorithm jacobi-2d. Skipping.
halide (standard):
halide (standard):
halide (standard):
functions: line 1817: 980576 Aborted                 timeout "${PATIENCE}" "./build/${algorithm}" > "${translated_stdout}" 2> "${translated_tmp}"
Failed to execute translation framework halide for nussinov.
halide (standard):
halide (standard):
Token count differs: baseline=1440000 translated=0
Mismatch detected for translation halide syr2k (tolerance 1e-2 abs, 2e-7 rel).
halide (standard):
Token 62 differs: 0.48 vs 0.5 (tolerance 0.01 + 2e-07 * |0.48| = 0.010000096)
Mismatch detected for translation halide trisolv (tolerance 1e-2 abs, 2e-7 rel).
halide (standard):
Invalidating ../PolybenchC-Halide/linear-algebra/blas/gemm/gemm.cpp
Invalidating ../PolybenchC-Halide/linear-algebra/blas/gemver/gemver.cpp
Invalidating ../PolybenchC-Halide/linear-algebra/blas/gesummv/gesummv.cpp
Invalidating ../PolybenchC-Halide/linear-algebra/blas/symm/symm.cpp
Invalidating ../PolybenchC-Halide/linear-algebra/blas/syr2k/syr2k.cpp
Invalidating ../PolybenchC-Halide/linear-algebra/blas/syrk/syrk.cpp
Invalidating ../PolybenchC-Halide/linear-algebra/blas/trmm/trmm.cpp
Invalidating ../PolybenchC-Halide/linear-algebra/kernels/2mm/2mm.cpp
Invalidating ../PolybenchC-Halide/linear-algebra/kernels/3mm/3mm.cpp
Invalidating ../PolybenchC-Halide/linear-algebra/kernels/atax/atax.cpp
Invalidating ../PolybenchC-Halide/linear-algebra/kernels/bicg/bicg.cpp
Invalidating ../PolybenchC-Halide/linear-algebra/kernels/doitgen/doitgen.cpp
Invalidating ../PolybenchC-Halide/linear-algebra/kernels/mvt/mvt.cpp
Invalidating ../PolybenchC-Halide/linear-algebra/solvers/cholesky/cholesky.cpp
Invalidating ../PolybenchC-Halide/linear-algebra/solvers/durbin/durbin.cpp
Invalidating ../PolybenchC-Halide/linear-algebra/solvers/gramschmidt/gramschmidt.cpp
Invalidating ../PolybenchC-Halide/linear-algebra/solvers/lu/lu.cpp
Invalidating ../PolybenchC-Halide/linear-algebra/solvers/ludcmp/ludcmp.cpp
Invalidating ../PolybenchC-Halide/linear-algebra/solvers/trisolv/trisolv.cpp
Invalidating ../PolybenchC-Halide/medley/deriche/deriche.cpp
Invalidating ../PolybenchC-Halide/medley/floyd-warshall/floyd-warshall.cpp
Invalidating ../PolybenchC-Halide/medley/nussinov/nussinov.cpp
Invalidating ../PolybenchC-Halide/datamining/correlation/correlation.cpp
Invalidating ../PolybenchC-Halide/datamining/covariance/covariance.cpp
Invalidating ../PolybenchC-Halide/stencils/adi/adi.cpp
Invalidating ../PolybenchC-Halide/stencils/fdtd-2d/fdtd-2d.cpp
Invalidating ../PolybenchC-Halide/stencils/heat-3d/heat-3d.cpp
Invalidating ../PolybenchC-Halide/stencils/jacobi-1d/jacobi-1d.cpp
Invalidating ../PolybenchC-Halide/stencils/jacobi-2d/jacobi-2d.cpp
Invalidating ../PolybenchC-Halide/stencils/seidel-2d/seidel-2d.cpp
Processing C framework...
Processing Noarr framework...
Processing Halide framework...
Replacing /home/kleplj/translation/gpt-querying/../PolybenchC-Halide/datamining/correlation/correlation.cpp with /home/kleplj/translation/gpt-querying/../generated/halide/full/correlation-02/code.cpp
Replacing /home/kleplj/translation/gpt-querying/../PolybenchC-Halide/datamining/covariance/covariance.cpp with /home/kleplj/translation/gpt-querying/../generated/halide/full/covariance-02/code.cpp
Replacing /home/kleplj/translation/gpt-querying/../PolybenchC-Halide/linear-algebra/blas/gemm/gemm.cpp with /home/kleplj/translation/gpt-querying/../generated/halide/full/gemm-02/code.cpp
Replacing /home/kleplj/translation/gpt-querying/../PolybenchC-Halide/linear-algebra/blas/gemver/gemver.cpp with /home/kleplj/translation/gpt-querying/../generated/halide/full/gemver-02/code.cpp
Replacing /home/kleplj/translation/gpt-querying/../PolybenchC-Halide/linear-algebra/blas/gesummv/gesummv.cpp with /home/kleplj/translation/gpt-querying/../generated/halide/full/gesummv-02/code.cpp
Replacing /home/kleplj/translation/gpt-querying/../PolybenchC-Halide/linear-algebra/blas/symm/symm.cpp with /home/kleplj/translation/gpt-querying/../generated/halide/full/symm-02/code.cpp
Replacing /home/kleplj/translation/gpt-querying/../PolybenchC-Halide/linear-algebra/blas/syr2k/syr2k.cpp with /home/kleplj/translation/gpt-querying/../generated/halide/full/syr2k-02/code.cpp
Replacing /home/kleplj/translation/gpt-querying/../PolybenchC-Halide/linear-algebra/blas/syrk/syrk.cpp with /home/kleplj/translation/gpt-querying/../generated/halide/full/syrk-02/code.cpp
Replacing /home/kleplj/translation/gpt-querying/../PolybenchC-Halide/linear-algebra/blas/trmm/trmm.cpp with /home/kleplj/translation/gpt-querying/../generated/halide/full/trmm-02/code.cpp
Replacing /home/kleplj/translation/gpt-querying/../PolybenchC-Halide/linear-algebra/kernels/2mm/2mm.cpp with /home/kleplj/translation/gpt-querying/../generated/halide/full/2mm-02/code.cpp
Replacing /home/kleplj/translation/gpt-querying/../PolybenchC-Halide/linear-algebra/kernels/3mm/3mm.cpp with /home/kleplj/translation/gpt-querying/../generated/halide/full/3mm-02/code.cpp
Replacing /home/kleplj/translation/gpt-querying/../PolybenchC-Halide/linear-algebra/kernels/atax/atax.cpp with /home/kleplj/translation/gpt-querying/../generated/halide/full/atax-02/code.cpp
Replacing /home/kleplj/translation/gpt-querying/../PolybenchC-Halide/linear-algebra/kernels/bicg/bicg.cpp with /home/kleplj/translation/gpt-querying/../generated/halide/full/bicg-02/code.cpp
Replacing /home/kleplj/translation/gpt-querying/../PolybenchC-Halide/linear-algebra/kernels/doitgen/doitgen.cpp with /home/kleplj/translation/gpt-querying/../generated/halide/full/doitgen-02/code.cpp
Replacing /home/kleplj/translation/gpt-querying/../PolybenchC-Halide/linear-algebra/kernels/mvt/mvt.cpp with /home/kleplj/translation/gpt-querying/../generated/halide/full/mvt-02/code.cpp
Replacing /home/kleplj/translation/gpt-querying/../PolybenchC-Halide/linear-algebra/solvers/cholesky/cholesky.cpp with /home/kleplj/translation/gpt-querying/../generated/halide/full/cholesky-02/code.cpp
Replacing /home/kleplj/translation/gpt-querying/../PolybenchC-Halide/linear-algebra/solvers/durbin/durbin.cpp with /home/kleplj/translation/gpt-querying/../generated/halide/full/durbin-02/code.cpp
Replacing /home/kleplj/translation/gpt-querying/../PolybenchC-Halide/linear-algebra/solvers/gramschmidt/gramschmidt.cpp with /home/kleplj/translation/gpt-querying/../generated/halide/full/gramschmidt-02/code.cpp
Replacing /home/kleplj/translation/gpt-querying/../PolybenchC-Halide/linear-algebra/solvers/lu/lu.cpp with /home/kleplj/translation/gpt-querying/../generated/halide/full/lu-02/code.cpp
Replacing /home/kleplj/translation/gpt-querying/../PolybenchC-Halide/linear-algebra/solvers/ludcmp/ludcmp.cpp with /home/kleplj/translation/gpt-querying/../generated/halide/full/ludcmp-02/code.cpp
Replacing /home/kleplj/translation/gpt-querying/../PolybenchC-Halide/linear-algebra/solvers/trisolv/trisolv.cpp with /home/kleplj/translation/gpt-querying/../generated/halide/full/trisolv-02/code.cpp
Replacing /home/kleplj/translation/gpt-querying/../PolybenchC-Halide/medley/deriche/deriche.cpp with /home/kleplj/translation/gpt-querying/../generated/halide/full/deriche-02/code.cpp
Replacing /home/kleplj/translation/gpt-querying/../PolybenchC-Halide/medley/floyd-warshall/floyd-warshall.cpp with /home/kleplj/translation/gpt-querying/../generated/halide/full/floyd-warshall-02/code.cpp
Replacing /home/kleplj/translation/gpt-querying/../PolybenchC-Halide/medley/nussinov/nussinov.cpp with /home/kleplj/translation/gpt-querying/../generated/halide/full/nussinov-02/code.cpp
Replacing /home/kleplj/translation/gpt-querying/../PolybenchC-Halide/stencils/adi/adi.cpp with /home/kleplj/translation/gpt-querying/../generated/halide/full/adi-02/code.cpp
Replacing /home/kleplj/translation/gpt-querying/../PolybenchC-Halide/stencils/fdtd-2d/fdtd-2d.cpp with /home/kleplj/translation/gpt-querying/../generated/halide/full/fdtd-2d-02/code.cpp
Replacing /home/kleplj/translation/gpt-querying/../PolybenchC-Halide/stencils/heat-3d/heat-3d.cpp with /home/kleplj/translation/gpt-querying/../generated/halide/full/heat-3d-02/code.cpp
Replacing /home/kleplj/translation/gpt-querying/../PolybenchC-Halide/stencils/jacobi-1d/jacobi-1d.cpp with /home/kleplj/translation/gpt-querying/../generated/halide/full/jacobi-1d-02/code.cpp
Replacing /home/kleplj/translation/gpt-querying/../PolybenchC-Halide/stencils/jacobi-2d/jacobi-2d.cpp with /home/kleplj/translation/gpt-querying/../generated/halide/full/jacobi-2d-02/code.cpp
Replacing /home/kleplj/translation/gpt-querying/../PolybenchC-Halide/stencils/seidel-2d/seidel-2d.cpp with /home/kleplj/translation/gpt-querying/../generated/halide/full/seidel-2d-02/code.cpp
Processing Exo framework...
Performing a clean build...
/home/kleplj/translation/PolybenchC-Halide/linear-algebra/blas/gemver/gemver.cpp: In function ‘void init_array(int, num_t*, num_t*, Halide::Buffer<double, 2>, Halide::Buffer<double, 1>, Halide::Buffer<double, 1>, Halide::Buffer<double, 1>, Halide::Buffer<double, 1>, Halide::Buffer<double, 1>, Halide::Buffer<double, 1>, Halide::Buffer<double, 1>, Halide::Buffer<double, 1>)’:
/home/kleplj/translation/PolybenchC-Halide/linear-algebra/blas/gemver/gemver.cpp:69:23: error: invalid cast from type ‘Halide::Var’ to type ‘num_t’ {aka ‘double’}
   69 |     init_u1(i) = Expr((num_t)i);
      |                       ^~~~~~~~
compilation terminated due to -Wfatal-errors.
gmake[2]: *** [CMakeFiles/gemver.dir/build.make:79: CMakeFiles/gemver.dir/linear-algebra/blas/gemver/gemver.cpp.o] Error 1
gmake[2]: Target 'CMakeFiles/gemver.dir/build' not remade because of errors.
gmake[1]: *** [CMakeFiles/Makefile2:270: CMakeFiles/gemver.dir/all] Error 2
In file included from /home/kleplj/translation/PolybenchC-Halide/stencils/seidel-2d/seidel-2d.cpp:8:
/home/kleplj/translation/PolybenchC-Halide/stencils/seidel-2d/seidel-2d.cpp: In function ‘int main(int, char**)’:
/home/kleplj/translation/PolybenchC-Halide/include/defines.hpp:42:23: error: conversion from ‘num_t’ {aka ‘double’} to ‘Halide::Expr’ is ambiguous
   42 | #define SCALAR_VAL(x) num_t(x)
      |                       ^~~~~~~~
/home/kleplj/translation/PolybenchC-Halide/stencils/seidel-2d/seidel-2d.cpp:69:30: note: in expansion of macro ‘SCALAR_VAL’
   69 |     Expr denom = cast<num_t>(SCALAR_VAL(9.0));
      |                              ^~~~~~~~~~
compilation terminated due to -Wfatal-errors.
/home/kleplj/translation/PolybenchC-Halide/linear-algebra/solvers/gramschmidt/gramschmidt.cpp: In function ‘int main(int, char**)’:
/home/kleplj/translation/PolybenchC-Halide/linear-algebra/solvers/gramschmidt/gramschmidt.cpp:208:32: error: no matching function for call to ‘Halide::Pipeline::realize(Halide::Buffer<double, 2>&, Halide::Buffer<double, 2>&)’
  208 |         update_pipeline.realize(A_next, R_next);
      |         ~~~~~~~~~~~~~~~~~~~~~~~^~~~~~~~~~~~~~~~
compilation terminated due to -Wfatal-errors.
gmake[2]: *** [CMakeFiles/seidel-2d.dir/build.make:79: CMakeFiles/seidel-2d.dir/stencils/seidel-2d/seidel-2d.cpp.o] Error 1
gmake[2]: Target 'CMakeFiles/seidel-2d.dir/build' not remade because of errors.
/home/kleplj/translation/PolybenchC-Halide/medley/deriche/deriche.cpp: In function ‘int main(int, char**)’:
/home/kleplj/translation/PolybenchC-Halide/medley/deriche/deriche.cpp:82:17: error: conversion from ‘const num_t’ {aka ‘const double’} to ‘Halide::Expr’ is ambiguous
   82 |     Expr a1_e = a1, a2_e = a2, a3_e = a3, a4_e = a4;
      |                 ^~
compilation terminated due to -Wfatal-errors.
gmake[1]: *** [CMakeFiles/Makefile2:1102: CMakeFiles/seidel-2d.dir/all] Error 2
gmake[2]: *** [CMakeFiles/gramschmidt.dir/build.make:79: CMakeFiles/gramschmidt.dir/linear-algebra/solvers/gramschmidt/gramschmidt.cpp.o] Error 1
gmake[2]: Target 'CMakeFiles/gramschmidt.dir/build' not remade because of errors.
gmake[2]: *** [CMakeFiles/deriche.dir/build.make:79: CMakeFiles/deriche.dir/medley/deriche/deriche.cpp.o] Error 1
gmake[2]: Target 'CMakeFiles/deriche.dir/build' not remade because of errors.
gmake[1]: *** [CMakeFiles/Makefile2:718: CMakeFiles/gramschmidt.dir/all] Error 2
gmake[1]: *** [CMakeFiles/Makefile2:846: CMakeFiles/deriche.dir/all] Error 2
/home/kleplj/translation/PolybenchC-Halide/linear-algebra/solvers/lu/lu.cpp: In function ‘void init_array(int, Halide::Buffer<double, 2>)’:
/home/kleplj/translation/PolybenchC-Halide/linear-algebra/solvers/lu/lu.cpp:37:43: error: ambiguous overload for ‘operator+’ (operand types are ‘Halide::Expr’ and ‘num_t’ {aka ‘double’})
   37 |     Expr base_val = cast<num_t>(base_int) + (num_t)1;  // Convert to num_t and add 1
      |                     ~~~~~~~~~~~~~~~~~~~~~ ^ ~~~~~~~~
      |                                |            |
      |                                Halide::Expr num_t {aka double}
compilation terminated due to -Wfatal-errors.
/home/kleplj/translation/PolybenchC-Halide/medley/nussinov/nussinov.cpp: In function ‘int main(int, char**)’:
/home/kleplj/translation/PolybenchC-Halide/medley/nussinov/nussinov.cpp:148:17: error: no matching function for call to ‘Halide::Func::reorder(Halide::Var&)’
  148 |     band.reorder(i);
      |     ~~~~~~~~~~~~^~~
compilation terminated due to -Wfatal-errors.
gmake[2]: *** [CMakeFiles/lu.dir/build.make:79: CMakeFiles/lu.dir/linear-algebra/solvers/lu/lu.cpp.o] Error 1
gmake[2]: Target 'CMakeFiles/lu.dir/build' not remade because of errors.
gmake[1]: *** [CMakeFiles/Makefile2:750: CMakeFiles/lu.dir/all] Error 2
gmake[2]: *** [CMakeFiles/nussinov.dir/build.make:79: CMakeFiles/nussinov.dir/medley/nussinov/nussinov.cpp.o] Error 1
gmake[2]: Target 'CMakeFiles/nussinov.dir/build' not remade because of errors.
gmake[1]: *** [CMakeFiles/Makefile2:910: CMakeFiles/nussinov.dir/all] Error 2
In file included from /home/kleplj/translation/PolybenchC-Halide/stencils/jacobi-2d/jacobi-2d.cpp:7:
/home/kleplj/translation/gpt-querying/.venv/lib/python3.9/site-packages/halide/include/Halide.h: In instantiation of ‘Halide::Func Halide::BoundaryConditions::repeat_edge(const T&) [with T = Halide::Func]’:
/home/kleplj/translation/PolybenchC-Halide/stencils/jacobi-2d/jacobi-2d.cpp:132:47:   required from here
  132 |     B_padded = BoundaryConditions::repeat_edge(B_tmp);
      |                ~~~~~~~~~~~~~~~~~~~~~~~~~~~~~~~^~~~~~~
/home/kleplj/translation/gpt-querying/.venv/lib/python3.9/site-packages/halide/include/Halide.h:21384:51: error: ‘const class Halide::Func’ has no member named ‘dim’
21384 |         object_bounds.emplace_back(Expr(func_like.dim(i).min()), Expr(func_like.dim(i).extent()));
      |                                         ~~~~~~~~~~^~~
compilation terminated due to -Wfatal-errors.
gmake[2]: *** [CMakeFiles/jacobi-2d.dir/build.make:79: CMakeFiles/jacobi-2d.dir/stencils/jacobi-2d/jacobi-2d.cpp.o] Error 1
gmake[2]: Target 'CMakeFiles/jacobi-2d.dir/build' not remade because of errors.
gmake[1]: *** [CMakeFiles/Makefile2:1070: CMakeFiles/jacobi-2d.dir/all] Error 2
In file included from /home/kleplj/translation/PolybenchC-Halide/stencils/fdtd-2d/fdtd-2d.cpp:7:
/home/kleplj/translation/gpt-querying/.venv/lib/python3.9/site-packages/halide/include/Halide.h: In instantiation of ‘Halide::Func Halide::BoundaryConditions::repeat_edge(const T&) [with T = Halide::Func]’:
/home/kleplj/translation/PolybenchC-Halide/stencils/fdtd-2d/fdtd-2d.cpp:178:56:   required from here
  178 |     ex_padded = Halide::BoundaryConditions::repeat_edge(ex_update);
      |                 ~~~~~~~~~~~~~~~~~~~~~~~~~~~~~~~~~~~~~~~^~~~~~~~~~~
/home/kleplj/translation/gpt-querying/.venv/lib/python3.9/site-packages/halide/include/Halide.h:21384:51: error: ‘const class Halide::Func’ has no member named ‘dim’
21384 |         object_bounds.emplace_back(Expr(func_like.dim(i).min()), Expr(func_like.dim(i).extent()));
      |                                         ~~~~~~~~~~^~~
compilation terminated due to -Wfatal-errors.
gmake[2]: *** [CMakeFiles/fdtd-2d.dir/build.make:79: CMakeFiles/fdtd-2d.dir/stencils/fdtd-2d/fdtd-2d.cpp.o] Error 1
gmake[2]: Target 'CMakeFiles/fdtd-2d.dir/build' not remade because of errors.
gmake[1]: *** [CMakeFiles/Makefile2:974: CMakeFiles/fdtd-2d.dir/all] Error 2
/home/kleplj/translation/PolybenchC-Halide/linear-algebra/blas/trmm/trmm.cpp: In function ‘void init_array(int, int, num_t*, Halide::Buffer<double, 2>, Halide::Buffer<double, 2>)’:
/home/kleplj/translation/PolybenchC-Halide/linear-algebra/blas/trmm/trmm.cpp:61:23: error: conversion from ‘num_t’ {aka ‘double’} to ‘Halide::Expr’ is ambiguous
   61 |                       static_cast<num_t>(1.0),
      |                       ^~~~~~~~~~~~~~~~~~~~~~~
compilation terminated due to -Wfatal-errors.
gmake[2]: *** [CMakeFiles/trmm.dir/build.make:79: CMakeFiles/trmm.dir/linear-algebra/blas/trmm/trmm.cpp.o] Error 1
gmake[2]: Target 'CMakeFiles/trmm.dir/build' not remade because of errors.
gmake[1]: *** [CMakeFiles/Makefile2:430: CMakeFiles/trmm.dir/all] Error 2
gmake[1]: Target 'all' not remade because of errors.
gmake: *** [Makefile:91: all] Error 2
halide (standard):
Translation framework halide for 3mm timed out after 8m seconds.
halide (standard):
halide (standard):
halide (standard):
Token count differs: baseline=2001000 translated=0
Mismatch detected for translation halide cholesky (tolerance 1e-2 abs, 2e-7 rel).
Translation framework halide for correlation timed out after 8m seconds.
halide (standard):
No translation frameworks available to run for algorithm deriche. Skipping.
Token 2 differs: 52.83 vs 0.8345 (tolerance 0.01 + 2e-07 * |52.83| = 0.010010566)
Mismatch detected for translation halide doitgen (tolerance 1e-2 abs, 2e-7 rel).
functions: line 1817: 982931 Aborted                 timeout "${PATIENCE}" "./build/${algorithm}" > "${translated_stdout}" 2> "${translated_tmp}"
Failed to execute translation framework halide for durbin.
No translation frameworks available to run for algorithm fdtd-2d. Skipping.
halide (standard):
halide (standard):
No translation frameworks available to run for algorithm gemver. Skipping.
halide (standard):
No translation frameworks available to run for algorithm gramschmidt. Skipping.
halide (standard):
halide (standard):
No translation frameworks available to run for algorithm jacobi-2d. Skipping.
No translation frameworks available to run for algorithm lu. Skipping.
Token count differs: baseline=2000 translated=0
Mismatch detected for translation halide ludcmp (tolerance 1e-2 abs, 2e-7 rel).
halide (standard):
No translation frameworks available to run for algorithm nussinov. Skipping.
No translation frameworks available to run for algorithm seidel-2d. Skipping.
halide (standard):
halide (standard):
halide (standard):
halide (standard):
No translation frameworks available to run for algorithm trmm. Skipping.
Invalidating ../PolybenchC-Halide/linear-algebra/blas/gemm/gemm.cpp
Invalidating ../PolybenchC-Halide/linear-algebra/blas/gemver/gemver.cpp
Invalidating ../PolybenchC-Halide/linear-algebra/blas/gesummv/gesummv.cpp
Invalidating ../PolybenchC-Halide/linear-algebra/blas/symm/symm.cpp
Invalidating ../PolybenchC-Halide/linear-algebra/blas/syr2k/syr2k.cpp
Invalidating ../PolybenchC-Halide/linear-algebra/blas/syrk/syrk.cpp
Invalidating ../PolybenchC-Halide/linear-algebra/blas/trmm/trmm.cpp
Invalidating ../PolybenchC-Halide/linear-algebra/kernels/2mm/2mm.cpp
Invalidating ../PolybenchC-Halide/linear-algebra/kernels/3mm/3mm.cpp
Invalidating ../PolybenchC-Halide/linear-algebra/kernels/atax/atax.cpp
Invalidating ../PolybenchC-Halide/linear-algebra/kernels/bicg/bicg.cpp
Invalidating ../PolybenchC-Halide/linear-algebra/kernels/doitgen/doitgen.cpp
Invalidating ../PolybenchC-Halide/linear-algebra/kernels/mvt/mvt.cpp
Invalidating ../PolybenchC-Halide/linear-algebra/solvers/cholesky/cholesky.cpp
Invalidating ../PolybenchC-Halide/linear-algebra/solvers/durbin/durbin.cpp
Invalidating ../PolybenchC-Halide/linear-algebra/solvers/gramschmidt/gramschmidt.cpp
Invalidating ../PolybenchC-Halide/linear-algebra/solvers/lu/lu.cpp
Invalidating ../PolybenchC-Halide/linear-algebra/solvers/ludcmp/ludcmp.cpp
Invalidating ../PolybenchC-Halide/linear-algebra/solvers/trisolv/trisolv.cpp
Invalidating ../PolybenchC-Halide/medley/deriche/deriche.cpp
Invalidating ../PolybenchC-Halide/medley/floyd-warshall/floyd-warshall.cpp
Invalidating ../PolybenchC-Halide/medley/nussinov/nussinov.cpp
Invalidating ../PolybenchC-Halide/datamining/correlation/correlation.cpp
Invalidating ../PolybenchC-Halide/datamining/covariance/covariance.cpp
Invalidating ../PolybenchC-Halide/stencils/adi/adi.cpp
Invalidating ../PolybenchC-Halide/stencils/fdtd-2d/fdtd-2d.cpp
Invalidating ../PolybenchC-Halide/stencils/heat-3d/heat-3d.cpp
Invalidating ../PolybenchC-Halide/stencils/jacobi-1d/jacobi-1d.cpp
Invalidating ../PolybenchC-Halide/stencils/jacobi-2d/jacobi-2d.cpp
Invalidating ../PolybenchC-Halide/stencils/seidel-2d/seidel-2d.cpp
Processing C framework...
Processing Noarr framework...
Processing Halide framework...
Replacing /home/kleplj/translation/gpt-querying/../PolybenchC-Halide/datamining/correlation/correlation.cpp with /home/kleplj/translation/gpt-querying/../generated/halide/full/correlation-03/code.cpp
Replacing /home/kleplj/translation/gpt-querying/../PolybenchC-Halide/datamining/covariance/covariance.cpp with /home/kleplj/translation/gpt-querying/../generated/halide/full/covariance-03/code.cpp
Replacing /home/kleplj/translation/gpt-querying/../PolybenchC-Halide/linear-algebra/blas/gemm/gemm.cpp with /home/kleplj/translation/gpt-querying/../generated/halide/full/gemm-03/code.cpp
Replacing /home/kleplj/translation/gpt-querying/../PolybenchC-Halide/linear-algebra/blas/gemver/gemver.cpp with /home/kleplj/translation/gpt-querying/../generated/halide/full/gemver-03/code.cpp
Replacing /home/kleplj/translation/gpt-querying/../PolybenchC-Halide/linear-algebra/blas/gesummv/gesummv.cpp with /home/kleplj/translation/gpt-querying/../generated/halide/full/gesummv-03/code.cpp
Replacing /home/kleplj/translation/gpt-querying/../PolybenchC-Halide/linear-algebra/blas/symm/symm.cpp with /home/kleplj/translation/gpt-querying/../generated/halide/full/symm-03/code.cpp
Replacing /home/kleplj/translation/gpt-querying/../PolybenchC-Halide/linear-algebra/blas/syr2k/syr2k.cpp with /home/kleplj/translation/gpt-querying/../generated/halide/full/syr2k-03/code.cpp
Replacing /home/kleplj/translation/gpt-querying/../PolybenchC-Halide/linear-algebra/blas/syrk/syrk.cpp with /home/kleplj/translation/gpt-querying/../generated/halide/full/syrk-03/code.cpp
Replacing /home/kleplj/translation/gpt-querying/../PolybenchC-Halide/linear-algebra/blas/trmm/trmm.cpp with /home/kleplj/translation/gpt-querying/../generated/halide/full/trmm-03/code.cpp
Replacing /home/kleplj/translation/gpt-querying/../PolybenchC-Halide/linear-algebra/kernels/2mm/2mm.cpp with /home/kleplj/translation/gpt-querying/../generated/halide/full/2mm-03/code.cpp
Replacing /home/kleplj/translation/gpt-querying/../PolybenchC-Halide/linear-algebra/kernels/3mm/3mm.cpp with /home/kleplj/translation/gpt-querying/../generated/halide/full/3mm-03/code.cpp
Replacing /home/kleplj/translation/gpt-querying/../PolybenchC-Halide/linear-algebra/kernels/atax/atax.cpp with /home/kleplj/translation/gpt-querying/../generated/halide/full/atax-03/code.cpp
Replacing /home/kleplj/translation/gpt-querying/../PolybenchC-Halide/linear-algebra/kernels/bicg/bicg.cpp with /home/kleplj/translation/gpt-querying/../generated/halide/full/bicg-03/code.cpp
Replacing /home/kleplj/translation/gpt-querying/../PolybenchC-Halide/linear-algebra/kernels/doitgen/doitgen.cpp with /home/kleplj/translation/gpt-querying/../generated/halide/full/doitgen-03/code.cpp
Replacing /home/kleplj/translation/gpt-querying/../PolybenchC-Halide/linear-algebra/kernels/mvt/mvt.cpp with /home/kleplj/translation/gpt-querying/../generated/halide/full/mvt-03/code.cpp
Replacing /home/kleplj/translation/gpt-querying/../PolybenchC-Halide/linear-algebra/solvers/cholesky/cholesky.cpp with /home/kleplj/translation/gpt-querying/../generated/halide/full/cholesky-03/code.cpp
Replacing /home/kleplj/translation/gpt-querying/../PolybenchC-Halide/linear-algebra/solvers/durbin/durbin.cpp with /home/kleplj/translation/gpt-querying/../generated/halide/full/durbin-03/code.cpp
Replacing /home/kleplj/translation/gpt-querying/../PolybenchC-Halide/linear-algebra/solvers/gramschmidt/gramschmidt.cpp with /home/kleplj/translation/gpt-querying/../generated/halide/full/gramschmidt-03/code.cpp
Replacing /home/kleplj/translation/gpt-querying/../PolybenchC-Halide/linear-algebra/solvers/lu/lu.cpp with /home/kleplj/translation/gpt-querying/../generated/halide/full/lu-03/code.cpp
Replacing /home/kleplj/translation/gpt-querying/../PolybenchC-Halide/linear-algebra/solvers/ludcmp/ludcmp.cpp with /home/kleplj/translation/gpt-querying/../generated/halide/full/ludcmp-03/code.cpp
Replacing /home/kleplj/translation/gpt-querying/../PolybenchC-Halide/linear-algebra/solvers/trisolv/trisolv.cpp with /home/kleplj/translation/gpt-querying/../generated/halide/full/trisolv-03/code.cpp
Replacing /home/kleplj/translation/gpt-querying/../PolybenchC-Halide/medley/deriche/deriche.cpp with /home/kleplj/translation/gpt-querying/../generated/halide/full/deriche-03/code.cpp
Replacing /home/kleplj/translation/gpt-querying/../PolybenchC-Halide/medley/floyd-warshall/floyd-warshall.cpp with /home/kleplj/translation/gpt-querying/../generated/halide/full/floyd-warshall-03/code.cpp
Replacing /home/kleplj/translation/gpt-querying/../PolybenchC-Halide/medley/nussinov/nussinov.cpp with /home/kleplj/translation/gpt-querying/../generated/halide/full/nussinov-03/code.cpp
Replacing /home/kleplj/translation/gpt-querying/../PolybenchC-Halide/stencils/adi/adi.cpp with /home/kleplj/translation/gpt-querying/../generated/halide/full/adi-03/code.cpp
Replacing /home/kleplj/translation/gpt-querying/../PolybenchC-Halide/stencils/fdtd-2d/fdtd-2d.cpp with /home/kleplj/translation/gpt-querying/../generated/halide/full/fdtd-2d-03/code.cpp
Replacing /home/kleplj/translation/gpt-querying/../PolybenchC-Halide/stencils/heat-3d/heat-3d.cpp with /home/kleplj/translation/gpt-querying/../generated/halide/full/heat-3d-03/code.cpp
Replacing /home/kleplj/translation/gpt-querying/../PolybenchC-Halide/stencils/jacobi-1d/jacobi-1d.cpp with /home/kleplj/translation/gpt-querying/../generated/halide/full/jacobi-1d-03/code.cpp
Replacing /home/kleplj/translation/gpt-querying/../PolybenchC-Halide/stencils/jacobi-2d/jacobi-2d.cpp with /home/kleplj/translation/gpt-querying/../generated/halide/full/jacobi-2d-03/code.cpp
Replacing /home/kleplj/translation/gpt-querying/../PolybenchC-Halide/stencils/seidel-2d/seidel-2d.cpp with /home/kleplj/translation/gpt-querying/../generated/halide/full/seidel-2d-03/code.cpp
Processing Exo framework...
Performing a clean build...
/home/kleplj/translation/PolybenchC-Halide/datamining/covariance/covariance.cpp: In function ‘int main(int, char**)’:
/home/kleplj/translation/PolybenchC-Halide/datamining/covariance/covariance.cpp:90:36: error: ambiguous overload for ‘operator-’ (operand types are ‘Halide::Param<double>’ and ‘num_t’ {aka ‘double’})
   90 |         Expr denom = float_n_param - (num_t)1.0;
      |                      ~~~~~~~~~~~~~ ^ ~~~~~~~~~~
      |                      |               |
      |                      |               num_t {aka double}
      |                      Halide::Param<double>
compilation terminated due to -Wfatal-errors.
/home/kleplj/translation/PolybenchC-Halide/linear-algebra/blas/trmm/trmm.cpp: In function ‘int main(int, char**)’:
/home/kleplj/translation/PolybenchC-Halide/linear-algebra/blas/trmm/trmm.cpp:113:35: error: conversion from ‘num_t’ {aka ‘double’} to ‘Halide::Expr’ is ambiguous
  113 |     Expr alpha_expr = cast<num_t>(alpha);
      |                                   ^~~~~
compilation terminated due to -Wfatal-errors.
/home/kleplj/translation/PolybenchC-Halide/linear-algebra/blas/gemver/gemver.cpp: In function ‘int main(int, char**)’:
/home/kleplj/translation/PolybenchC-Halide/linear-algebra/blas/gemver/gemver.cpp:213:29: error: no matching function for call to ‘Halide::Stage::reorder(Halide::Var&)’
  213 |     x_func.update(1).reorder(i);           // x += z
      |     ~~~~~~~~~~~~~~~~~~~~~~~~^~~
compilation terminated due to -Wfatal-errors.
/home/kleplj/translation/PolybenchC-Halide/medley/deriche/deriche.cpp: In function ‘int main(int, char**)’:
/home/kleplj/translation/PolybenchC-Halide/medley/deriche/deriche.cpp:138:25: error: conversion from ‘num_t’ {aka ‘double’} to ‘Halide::Expr’ is ambiguous
  138 |             cast<num_t>(a1) * x_curr +
      |                         ^~
compilation terminated due to -Wfatal-errors.
gmake[2]: *** [CMakeFiles/covariance.dir/build.make:79: CMakeFiles/covariance.dir/datamining/covariance/covariance.cpp.o] Error 1
gmake[2]: Target 'CMakeFiles/covariance.dir/build' not remade because of errors.
gmake[1]: *** [CMakeFiles/Makefile2:206: CMakeFiles/covariance.dir/all] Error 2
/home/kleplj/translation/PolybenchC-Halide/linear-algebra/solvers/durbin/durbin.cpp: In function ‘int main(int, char**)’:
/home/kleplj/translation/PolybenchC-Halide/linear-algebra/solvers/durbin/durbin.cpp:149:16: error: ‘class Halide::Buffer<double>’ has no member named ‘swap’
  149 |         y_curr.swap(y_next);
      |                ^~~~
compilation terminated due to -Wfatal-errors.
gmake[2]: *** [CMakeFiles/trmm.dir/build.make:79: CMakeFiles/trmm.dir/linear-algebra/blas/trmm/trmm.cpp.o] Error 1
gmake[2]: Target 'CMakeFiles/trmm.dir/build' not remade because of errors.
gmake[2]: *** [CMakeFiles/gemver.dir/build.make:79: CMakeFiles/gemver.dir/linear-algebra/blas/gemver/gemver.cpp.o] Error 1
gmake[2]: Target 'CMakeFiles/gemver.dir/build' not remade because of errors.
gmake[2]: *** [CMakeFiles/deriche.dir/build.make:79: CMakeFiles/deriche.dir/medley/deriche/deriche.cpp.o] Error 1
/home/kleplj/translation/PolybenchC-Halide/stencils/jacobi-1d/jacobi-1d.cpp: In function ‘int main(int, char**)’:
/home/kleplj/translation/PolybenchC-Halide/stencils/jacobi-1d/jacobi-1d.cpp:121:21: error: use of ‘duration’ before deduction of ‘auto’
  121 |     auto duration = duration<long double>(end - start);
      |                     ^~~~~~~~
compilation terminated due to -Wfatal-errors.
gmake[2]: Target 'CMakeFiles/deriche.dir/build' not remade because of errors.
gmake[1]: *** [CMakeFiles/Makefile2:270: CMakeFiles/gemver.dir/all] Error 2
gmake[1]: *** [CMakeFiles/Makefile2:430: CMakeFiles/trmm.dir/all] Error 2
gmake[1]: *** [CMakeFiles/Makefile2:846: CMakeFiles/deriche.dir/all] Error 2
gmake[2]: *** [CMakeFiles/durbin.dir/build.make:79: CMakeFiles/durbin.dir/linear-algebra/solvers/durbin/durbin.cpp.o] Error 1
gmake[2]: Target 'CMakeFiles/durbin.dir/build' not remade because of errors.
gmake[1]: *** [CMakeFiles/Makefile2:686: CMakeFiles/durbin.dir/all] Error 2
gmake[2]: *** [CMakeFiles/jacobi-1d.dir/build.make:79: CMakeFiles/jacobi-1d.dir/stencils/jacobi-1d/jacobi-1d.cpp.o] Error 1
gmake[2]: Target 'CMakeFiles/jacobi-1d.dir/build' not remade because of errors.
gmake[1]: *** [CMakeFiles/Makefile2:1038: CMakeFiles/jacobi-1d.dir/all] Error 2
gmake[1]: Target 'all' not remade because of errors.
gmake: *** [Makefile:91: all] Error 2
halide (standard):
halide (standard):
halide (standard):
halide (standard):
halide (standard):
Token count differs: baseline=2001000 translated=0
Mismatch detected for translation halide cholesky (tolerance 1e-2 abs, 2e-7 rel).
Translation framework halide for correlation timed out after 8m seconds.
No translation frameworks available to run for algorithm covariance. Skipping.
No translation frameworks available to run for algorithm deriche. Skipping.
halide (standard):
No translation frameworks available to run for algorithm durbin. Skipping.
halide (standard):
halide (standard):
halide (standard):
No translation frameworks available to run for algorithm gemver. Skipping.
halide (standard):
Token 604105 differs: 3.0 vs 1.58 (tolerance 0.01 + 2e-07 * |3.0| = 0.0100006)
Mismatch detected for translation halide gramschmidt (tolerance 1e-2 abs, 2e-7 rel).
halide (standard):
No translation frameworks available to run for algorithm jacobi-1d. Skipping.
halide (standard):
Token 2003 differs: 1.0 vs 2.0 (tolerance 0.01 + 2e-07 * |1.0| = 0.0100002)
Mismatch detected for translation halide lu (tolerance 1e-2 abs, 2e-7 rel).
halide (standard):
halide (standard):
halide (standard):
halide (standard):
halide (standard):
halide (standard):
halide (standard):
halide (standard):
No translation frameworks available to run for algorithm trmm. Skipping.
Invalidating ../PolybenchC-Halide/linear-algebra/blas/gemm/gemm.cpp
Invalidating ../PolybenchC-Halide/linear-algebra/blas/gemver/gemver.cpp
Invalidating ../PolybenchC-Halide/linear-algebra/blas/gesummv/gesummv.cpp
Invalidating ../PolybenchC-Halide/linear-algebra/blas/symm/symm.cpp
Invalidating ../PolybenchC-Halide/linear-algebra/blas/syr2k/syr2k.cpp
Invalidating ../PolybenchC-Halide/linear-algebra/blas/syrk/syrk.cpp
Invalidating ../PolybenchC-Halide/linear-algebra/blas/trmm/trmm.cpp
Invalidating ../PolybenchC-Halide/linear-algebra/kernels/2mm/2mm.cpp
Invalidating ../PolybenchC-Halide/linear-algebra/kernels/3mm/3mm.cpp
Invalidating ../PolybenchC-Halide/linear-algebra/kernels/atax/atax.cpp
Invalidating ../PolybenchC-Halide/linear-algebra/kernels/bicg/bicg.cpp
Invalidating ../PolybenchC-Halide/linear-algebra/kernels/doitgen/doitgen.cpp
Invalidating ../PolybenchC-Halide/linear-algebra/kernels/mvt/mvt.cpp
Invalidating ../PolybenchC-Halide/linear-algebra/solvers/cholesky/cholesky.cpp
Invalidating ../PolybenchC-Halide/linear-algebra/solvers/durbin/durbin.cpp
Invalidating ../PolybenchC-Halide/linear-algebra/solvers/gramschmidt/gramschmidt.cpp
Invalidating ../PolybenchC-Halide/linear-algebra/solvers/lu/lu.cpp
Invalidating ../PolybenchC-Halide/linear-algebra/solvers/ludcmp/ludcmp.cpp
Invalidating ../PolybenchC-Halide/linear-algebra/solvers/trisolv/trisolv.cpp
Invalidating ../PolybenchC-Halide/medley/deriche/deriche.cpp
Invalidating ../PolybenchC-Halide/medley/floyd-warshall/floyd-warshall.cpp
Invalidating ../PolybenchC-Halide/medley/nussinov/nussinov.cpp
Invalidating ../PolybenchC-Halide/datamining/correlation/correlation.cpp
Invalidating ../PolybenchC-Halide/datamining/covariance/covariance.cpp
Invalidating ../PolybenchC-Halide/stencils/adi/adi.cpp
Invalidating ../PolybenchC-Halide/stencils/fdtd-2d/fdtd-2d.cpp
Invalidating ../PolybenchC-Halide/stencils/heat-3d/heat-3d.cpp
Invalidating ../PolybenchC-Halide/stencils/jacobi-1d/jacobi-1d.cpp
Invalidating ../PolybenchC-Halide/stencils/jacobi-2d/jacobi-2d.cpp
Invalidating ../PolybenchC-Halide/stencils/seidel-2d/seidel-2d.cpp
Processing C framework...
Processing Noarr framework...
Processing Halide framework...
Replacing /home/kleplj/translation/gpt-querying/../PolybenchC-Halide/datamining/correlation/correlation.cpp with /home/kleplj/translation/gpt-querying/../generated/halide/full/correlation-04/code.cpp
Replacing /home/kleplj/translation/gpt-querying/../PolybenchC-Halide/datamining/covariance/covariance.cpp with /home/kleplj/translation/gpt-querying/../generated/halide/full/covariance-04/code.cpp
Replacing /home/kleplj/translation/gpt-querying/../PolybenchC-Halide/linear-algebra/blas/gemm/gemm.cpp with /home/kleplj/translation/gpt-querying/../generated/halide/full/gemm-04/code.cpp
Replacing /home/kleplj/translation/gpt-querying/../PolybenchC-Halide/linear-algebra/blas/gemver/gemver.cpp with /home/kleplj/translation/gpt-querying/../generated/halide/full/gemver-04/code.cpp
Replacing /home/kleplj/translation/gpt-querying/../PolybenchC-Halide/linear-algebra/blas/gesummv/gesummv.cpp with /home/kleplj/translation/gpt-querying/../generated/halide/full/gesummv-04/code.cpp
Replacing /home/kleplj/translation/gpt-querying/../PolybenchC-Halide/linear-algebra/blas/symm/symm.cpp with /home/kleplj/translation/gpt-querying/../generated/halide/full/symm-04/code.cpp
Replacing /home/kleplj/translation/gpt-querying/../PolybenchC-Halide/linear-algebra/blas/syr2k/syr2k.cpp with /home/kleplj/translation/gpt-querying/../generated/halide/full/syr2k-04/code.cpp
Replacing /home/kleplj/translation/gpt-querying/../PolybenchC-Halide/linear-algebra/blas/syrk/syrk.cpp with /home/kleplj/translation/gpt-querying/../generated/halide/full/syrk-04/code.cpp
Replacing /home/kleplj/translation/gpt-querying/../PolybenchC-Halide/linear-algebra/blas/trmm/trmm.cpp with /home/kleplj/translation/gpt-querying/../generated/halide/full/trmm-04/code.cpp
Replacing /home/kleplj/translation/gpt-querying/../PolybenchC-Halide/linear-algebra/kernels/2mm/2mm.cpp with /home/kleplj/translation/gpt-querying/../generated/halide/full/2mm-04/code.cpp
Replacing /home/kleplj/translation/gpt-querying/../PolybenchC-Halide/linear-algebra/kernels/3mm/3mm.cpp with /home/kleplj/translation/gpt-querying/../generated/halide/full/3mm-04/code.cpp
Replacing /home/kleplj/translation/gpt-querying/../PolybenchC-Halide/linear-algebra/kernels/atax/atax.cpp with /home/kleplj/translation/gpt-querying/../generated/halide/full/atax-04/code.cpp
Replacing /home/kleplj/translation/gpt-querying/../PolybenchC-Halide/linear-algebra/kernels/bicg/bicg.cpp with /home/kleplj/translation/gpt-querying/../generated/halide/full/bicg-04/code.cpp
Replacing /home/kleplj/translation/gpt-querying/../PolybenchC-Halide/linear-algebra/kernels/doitgen/doitgen.cpp with /home/kleplj/translation/gpt-querying/../generated/halide/full/doitgen-04/code.cpp
Replacing /home/kleplj/translation/gpt-querying/../PolybenchC-Halide/linear-algebra/kernels/mvt/mvt.cpp with /home/kleplj/translation/gpt-querying/../generated/halide/full/mvt-04/code.cpp
Replacing /home/kleplj/translation/gpt-querying/../PolybenchC-Halide/linear-algebra/solvers/cholesky/cholesky.cpp with /home/kleplj/translation/gpt-querying/../generated/halide/full/cholesky-04/code.cpp
Replacing /home/kleplj/translation/gpt-querying/../PolybenchC-Halide/linear-algebra/solvers/durbin/durbin.cpp with /home/kleplj/translation/gpt-querying/../generated/halide/full/durbin-04/code.cpp
Replacing /home/kleplj/translation/gpt-querying/../PolybenchC-Halide/linear-algebra/solvers/gramschmidt/gramschmidt.cpp with /home/kleplj/translation/gpt-querying/../generated/halide/full/gramschmidt-04/code.cpp
Replacing /home/kleplj/translation/gpt-querying/../PolybenchC-Halide/linear-algebra/solvers/lu/lu.cpp with /home/kleplj/translation/gpt-querying/../generated/halide/full/lu-04/code.cpp
Replacing /home/kleplj/translation/gpt-querying/../PolybenchC-Halide/linear-algebra/solvers/ludcmp/ludcmp.cpp with /home/kleplj/translation/gpt-querying/../generated/halide/full/ludcmp-04/code.cpp
Replacing /home/kleplj/translation/gpt-querying/../PolybenchC-Halide/linear-algebra/solvers/trisolv/trisolv.cpp with /home/kleplj/translation/gpt-querying/../generated/halide/full/trisolv-04/code.cpp
Replacing /home/kleplj/translation/gpt-querying/../PolybenchC-Halide/medley/deriche/deriche.cpp with /home/kleplj/translation/gpt-querying/../generated/halide/full/deriche-04/code.cpp
Replacing /home/kleplj/translation/gpt-querying/../PolybenchC-Halide/medley/floyd-warshall/floyd-warshall.cpp with /home/kleplj/translation/gpt-querying/../generated/halide/full/floyd-warshall-04/code.cpp
Replacing /home/kleplj/translation/gpt-querying/../PolybenchC-Halide/medley/nussinov/nussinov.cpp with /home/kleplj/translation/gpt-querying/../generated/halide/full/nussinov-04/code.cpp
Replacing /home/kleplj/translation/gpt-querying/../PolybenchC-Halide/stencils/adi/adi.cpp with /home/kleplj/translation/gpt-querying/../generated/halide/full/adi-04/code.cpp
Replacing /home/kleplj/translation/gpt-querying/../PolybenchC-Halide/stencils/fdtd-2d/fdtd-2d.cpp with /home/kleplj/translation/gpt-querying/../generated/halide/full/fdtd-2d-04/code.cpp
Replacing /home/kleplj/translation/gpt-querying/../PolybenchC-Halide/stencils/heat-3d/heat-3d.cpp with /home/kleplj/translation/gpt-querying/../generated/halide/full/heat-3d-04/code.cpp
Replacing /home/kleplj/translation/gpt-querying/../PolybenchC-Halide/stencils/jacobi-1d/jacobi-1d.cpp with /home/kleplj/translation/gpt-querying/../generated/halide/full/jacobi-1d-04/code.cpp
Replacing /home/kleplj/translation/gpt-querying/../PolybenchC-Halide/stencils/jacobi-2d/jacobi-2d.cpp with /home/kleplj/translation/gpt-querying/../generated/halide/full/jacobi-2d-04/code.cpp
Replacing /home/kleplj/translation/gpt-querying/../PolybenchC-Halide/stencils/seidel-2d/seidel-2d.cpp with /home/kleplj/translation/gpt-querying/../generated/halide/full/seidel-2d-04/code.cpp
Processing Exo framework...
Performing a clean build...
/home/kleplj/translation/PolybenchC-Halide/stencils/jacobi-1d/jacobi-1d.cpp: In function ‘void init_array(int, Halide::Buffer<double, 1>, Halide::Buffer<double, 1>)’:
/home/kleplj/translation/PolybenchC-Halide/stencils/jacobi-1d/jacobi-1d.cpp:35:33: error: ambiguous overload for ‘operator+’ (operand types are ‘Halide::Expr’ and ‘num_t’ {aka ‘double’})
   35 |     init_A(i) = (cast<num_t>(i) + (num_t)2) / (num_t)n;
      |                  ~~~~~~~~~~~~~~ ^ ~~~~~~~~
      |                             |     |
      |                             |     num_t {aka double}
      |                             Halide::Expr
compilation terminated due to -Wfatal-errors.
gmake[2]: *** [CMakeFiles/jacobi-1d.dir/build.make:79: CMakeFiles/jacobi-1d.dir/stencils/jacobi-1d/jacobi-1d.cpp.o] Error 1
gmake[2]: Target 'CMakeFiles/jacobi-1d.dir/build' not remade because of errors.
/home/kleplj/translation/PolybenchC-Halide/medley/deriche/deriche.cpp: In function ‘int main(int, char**)’:
/home/kleplj/translation/PolybenchC-Halide/medley/deriche/deriche.cpp:96:25: error: ambiguous overload for ‘operator*’ (operand types are ‘num_t’ {aka ‘double’} and ‘Halide::Expr’)
   96 |     combine1(x, y) = c1 * (y1_param(x, y) + y2_param(x, y));
      |                      ~~ ^ ~~~~~~~~~~~~~~~~~~~~~~~~~~~~~~~~~
      |                      |                    |
      |                      num_t {aka double}   Halide::Expr
/home/kleplj/translation/PolybenchC-Halide/stencils/seidel-2d/seidel-2d.cpp: In function ‘int main(int, char**)’:
/home/kleplj/translation/PolybenchC-Halide/stencils/seidel-2d/seidel-2d.cpp:124:15: error: ‘class Halide::Buffer<double, 2>’ has no member named ‘swap’
  124 |         A_cur.swap(A_next);
      |               ^~~~
compilation terminated due to -Wfatal-errors.
compilation terminated due to -Wfatal-errors.
gmake[1]: *** [CMakeFiles/Makefile2:1038: CMakeFiles/jacobi-1d.dir/all] Error 2
gmake[2]: *** [CMakeFiles/deriche.dir/build.make:79: CMakeFiles/deriche.dir/medley/deriche/deriche.cpp.o] Error 1
gmake[2]: *** [CMakeFiles/seidel-2d.dir/build.make:79: CMakeFiles/seidel-2d.dir/stencils/seidel-2d/seidel-2d.cpp.o] Error 1
gmake[2]: Target 'CMakeFiles/deriche.dir/build' not remade because of errors.
gmake[2]: Target 'CMakeFiles/seidel-2d.dir/build' not remade because of errors.
gmake[1]: *** [CMakeFiles/Makefile2:846: CMakeFiles/deriche.dir/all] Error 2
gmake[1]: *** [CMakeFiles/Makefile2:1102: CMakeFiles/seidel-2d.dir/all] Error 2
/home/kleplj/translation/PolybenchC-Halide/linear-algebra/solvers/lu/lu.cpp: In function ‘int main(int, char**)’:
/home/kleplj/translation/PolybenchC-Halide/linear-algebra/solvers/lu/lu.cpp:129:49: error: no matching function for call to ‘Halide::RDom::RDom(const char [2], int, Halide::Expr)’
  129 |     RDom k("k", 0, Halide::min(i_param, j_param));
      |                                                 ^
compilation terminated due to -Wfatal-errors.
gmake[2]: *** [CMakeFiles/lu.dir/build.make:79: CMakeFiles/lu.dir/linear-algebra/solvers/lu/lu.cpp.o] Error 1
gmake[2]: Target 'CMakeFiles/lu.dir/build' not remade because of errors.
gmake[1]: *** [CMakeFiles/Makefile2:750: CMakeFiles/lu.dir/all] Error 2
gmake[1]: Target 'all' not remade because of errors.
gmake: *** [Makefile:91: all] Error 2
Translation framework halide for 2mm timed out after 8m seconds.
halide (standard):
Token count differs: baseline=1000000 translated=0
Mismatch detected for translation halide adi (tolerance 1e-2 abs, 2e-7 rel).
halide (standard):
halide (standard):
Token 5 differs: 1.0 vs 2.0 (tolerance 0.01 + 2e-07 * |1.0| = 0.0100002)
Mismatch detected for translation halide cholesky (tolerance 1e-2 abs, 2e-7 rel).
halide (standard):
Translation framework halide for covariance timed out after 8m seconds.
No translation frameworks available to run for algorithm deriche. Skipping.
halide (standard):
halide (standard):
Token 2 differs: 0.09 vs 0.2 (tolerance 0.01 + 2e-07 * |0.09| = 0.010000018)
Mismatch detected for translation halide fdtd-2d (tolerance 1e-2 abs, 2e-7 rel).
halide (standard):
halide (standard):
halide (standard):
halide (standard):
functions: line 1817: 990651 Aborted                 timeout "${PATIENCE}" "./build/${algorithm}" > "${translated_stdout}" 2> "${translated_tmp}"
Failed to execute translation framework halide for gramschmidt.
halide (standard):
No translation frameworks available to run for algorithm jacobi-1d. Skipping.
halide (standard):
No translation frameworks available to run for algorithm lu. Skipping.
halide (standard):
halide (standard):
halide (standard):
No translation frameworks available to run for algorithm seidel-2d. Skipping.
halide (standard):
halide (standard):
halide (standard):
Token 62 differs: 0.48 vs 0.5 (tolerance 0.01 + 2e-07 * |0.48| = 0.010000096)
Mismatch detected for translation halide trisolv (tolerance 1e-2 abs, 2e-7 rel).
halide (standard):
Invalidating ../PolybenchC-Halide/linear-algebra/blas/gemm/gemm.cpp
Invalidating ../PolybenchC-Halide/linear-algebra/blas/gemver/gemver.cpp
Invalidating ../PolybenchC-Halide/linear-algebra/blas/gesummv/gesummv.cpp
Invalidating ../PolybenchC-Halide/linear-algebra/blas/symm/symm.cpp
Invalidating ../PolybenchC-Halide/linear-algebra/blas/syr2k/syr2k.cpp
Invalidating ../PolybenchC-Halide/linear-algebra/blas/syrk/syrk.cpp
Invalidating ../PolybenchC-Halide/linear-algebra/blas/trmm/trmm.cpp
Invalidating ../PolybenchC-Halide/linear-algebra/kernels/2mm/2mm.cpp
Invalidating ../PolybenchC-Halide/linear-algebra/kernels/3mm/3mm.cpp
Invalidating ../PolybenchC-Halide/linear-algebra/kernels/atax/atax.cpp
Invalidating ../PolybenchC-Halide/linear-algebra/kernels/bicg/bicg.cpp
Invalidating ../PolybenchC-Halide/linear-algebra/kernels/doitgen/doitgen.cpp
Invalidating ../PolybenchC-Halide/linear-algebra/kernels/mvt/mvt.cpp
Invalidating ../PolybenchC-Halide/linear-algebra/solvers/cholesky/cholesky.cpp
Invalidating ../PolybenchC-Halide/linear-algebra/solvers/durbin/durbin.cpp
Invalidating ../PolybenchC-Halide/linear-algebra/solvers/gramschmidt/gramschmidt.cpp
Invalidating ../PolybenchC-Halide/linear-algebra/solvers/lu/lu.cpp
Invalidating ../PolybenchC-Halide/linear-algebra/solvers/ludcmp/ludcmp.cpp
Invalidating ../PolybenchC-Halide/linear-algebra/solvers/trisolv/trisolv.cpp
Invalidating ../PolybenchC-Halide/medley/deriche/deriche.cpp
Invalidating ../PolybenchC-Halide/medley/floyd-warshall/floyd-warshall.cpp
Invalidating ../PolybenchC-Halide/medley/nussinov/nussinov.cpp
Invalidating ../PolybenchC-Halide/datamining/correlation/correlation.cpp
Invalidating ../PolybenchC-Halide/datamining/covariance/covariance.cpp
Invalidating ../PolybenchC-Halide/stencils/adi/adi.cpp
Invalidating ../PolybenchC-Halide/stencils/fdtd-2d/fdtd-2d.cpp
Invalidating ../PolybenchC-Halide/stencils/heat-3d/heat-3d.cpp
Invalidating ../PolybenchC-Halide/stencils/jacobi-1d/jacobi-1d.cpp
Invalidating ../PolybenchC-Halide/stencils/jacobi-2d/jacobi-2d.cpp
Invalidating ../PolybenchC-Halide/stencils/seidel-2d/seidel-2d.cpp
Processing C framework...
Processing Noarr framework...
Processing Halide framework...
Replacing /home/kleplj/translation/gpt-querying/../PolybenchC-Halide/datamining/correlation/correlation.cpp with /home/kleplj/translation/gpt-querying/../generated/halide/full/correlation-05/code.cpp
Replacing /home/kleplj/translation/gpt-querying/../PolybenchC-Halide/datamining/covariance/covariance.cpp with /home/kleplj/translation/gpt-querying/../generated/halide/full/covariance-05/code.cpp
Replacing /home/kleplj/translation/gpt-querying/../PolybenchC-Halide/linear-algebra/blas/gemm/gemm.cpp with /home/kleplj/translation/gpt-querying/../generated/halide/full/gemm-05/code.cpp
Replacing /home/kleplj/translation/gpt-querying/../PolybenchC-Halide/linear-algebra/blas/gemver/gemver.cpp with /home/kleplj/translation/gpt-querying/../generated/halide/full/gemver-05/code.cpp
Replacing /home/kleplj/translation/gpt-querying/../PolybenchC-Halide/linear-algebra/blas/gesummv/gesummv.cpp with /home/kleplj/translation/gpt-querying/../generated/halide/full/gesummv-05/code.cpp
Replacing /home/kleplj/translation/gpt-querying/../PolybenchC-Halide/linear-algebra/blas/symm/symm.cpp with /home/kleplj/translation/gpt-querying/../generated/halide/full/symm-05/code.cpp
Replacing /home/kleplj/translation/gpt-querying/../PolybenchC-Halide/linear-algebra/blas/syr2k/syr2k.cpp with /home/kleplj/translation/gpt-querying/../generated/halide/full/syr2k-05/code.cpp
Replacing /home/kleplj/translation/gpt-querying/../PolybenchC-Halide/linear-algebra/blas/syrk/syrk.cpp with /home/kleplj/translation/gpt-querying/../generated/halide/full/syrk-05/code.cpp
Replacing /home/kleplj/translation/gpt-querying/../PolybenchC-Halide/linear-algebra/blas/trmm/trmm.cpp with /home/kleplj/translation/gpt-querying/../generated/halide/full/trmm-05/code.cpp
Replacing /home/kleplj/translation/gpt-querying/../PolybenchC-Halide/linear-algebra/kernels/2mm/2mm.cpp with /home/kleplj/translation/gpt-querying/../generated/halide/full/2mm-05/code.cpp
Replacing /home/kleplj/translation/gpt-querying/../PolybenchC-Halide/linear-algebra/kernels/3mm/3mm.cpp with /home/kleplj/translation/gpt-querying/../generated/halide/full/3mm-05/code.cpp
Replacing /home/kleplj/translation/gpt-querying/../PolybenchC-Halide/linear-algebra/kernels/atax/atax.cpp with /home/kleplj/translation/gpt-querying/../generated/halide/full/atax-05/code.cpp
Replacing /home/kleplj/translation/gpt-querying/../PolybenchC-Halide/linear-algebra/kernels/bicg/bicg.cpp with /home/kleplj/translation/gpt-querying/../generated/halide/full/bicg-05/code.cpp
Replacing /home/kleplj/translation/gpt-querying/../PolybenchC-Halide/linear-algebra/kernels/doitgen/doitgen.cpp with /home/kleplj/translation/gpt-querying/../generated/halide/full/doitgen-05/code.cpp
Replacing /home/kleplj/translation/gpt-querying/../PolybenchC-Halide/linear-algebra/kernels/mvt/mvt.cpp with /home/kleplj/translation/gpt-querying/../generated/halide/full/mvt-05/code.cpp
Replacing /home/kleplj/translation/gpt-querying/../PolybenchC-Halide/linear-algebra/solvers/cholesky/cholesky.cpp with /home/kleplj/translation/gpt-querying/../generated/halide/full/cholesky-05/code.cpp
Replacing /home/kleplj/translation/gpt-querying/../PolybenchC-Halide/linear-algebra/solvers/durbin/durbin.cpp with /home/kleplj/translation/gpt-querying/../generated/halide/full/durbin-05/code.cpp
Replacing /home/kleplj/translation/gpt-querying/../PolybenchC-Halide/linear-algebra/solvers/gramschmidt/gramschmidt.cpp with /home/kleplj/translation/gpt-querying/../generated/halide/full/gramschmidt-05/code.cpp
Replacing /home/kleplj/translation/gpt-querying/../PolybenchC-Halide/linear-algebra/solvers/lu/lu.cpp with /home/kleplj/translation/gpt-querying/../generated/halide/full/lu-05/code.cpp
Replacing /home/kleplj/translation/gpt-querying/../PolybenchC-Halide/linear-algebra/solvers/ludcmp/ludcmp.cpp with /home/kleplj/translation/gpt-querying/../generated/halide/full/ludcmp-05/code.cpp
Replacing /home/kleplj/translation/gpt-querying/../PolybenchC-Halide/linear-algebra/solvers/trisolv/trisolv.cpp with /home/kleplj/translation/gpt-querying/../generated/halide/full/trisolv-05/code.cpp
Replacing /home/kleplj/translation/gpt-querying/../PolybenchC-Halide/medley/deriche/deriche.cpp with /home/kleplj/translation/gpt-querying/../generated/halide/full/deriche-05/code.cpp
Replacing /home/kleplj/translation/gpt-querying/../PolybenchC-Halide/medley/floyd-warshall/floyd-warshall.cpp with /home/kleplj/translation/gpt-querying/../generated/halide/full/floyd-warshall-05/code.cpp
Replacing /home/kleplj/translation/gpt-querying/../PolybenchC-Halide/medley/nussinov/nussinov.cpp with /home/kleplj/translation/gpt-querying/../generated/halide/full/nussinov-05/code.cpp
Replacing /home/kleplj/translation/gpt-querying/../PolybenchC-Halide/stencils/adi/adi.cpp with /home/kleplj/translation/gpt-querying/../generated/halide/full/adi-05/code.cpp
Replacing /home/kleplj/translation/gpt-querying/../PolybenchC-Halide/stencils/fdtd-2d/fdtd-2d.cpp with /home/kleplj/translation/gpt-querying/../generated/halide/full/fdtd-2d-05/code.cpp
Replacing /home/kleplj/translation/gpt-querying/../PolybenchC-Halide/stencils/heat-3d/heat-3d.cpp with /home/kleplj/translation/gpt-querying/../generated/halide/full/heat-3d-05/code.cpp
Replacing /home/kleplj/translation/gpt-querying/../PolybenchC-Halide/stencils/jacobi-1d/jacobi-1d.cpp with /home/kleplj/translation/gpt-querying/../generated/halide/full/jacobi-1d-05/code.cpp
Replacing /home/kleplj/translation/gpt-querying/../PolybenchC-Halide/stencils/jacobi-2d/jacobi-2d.cpp with /home/kleplj/translation/gpt-querying/../generated/halide/full/jacobi-2d-05/code.cpp
Replacing /home/kleplj/translation/gpt-querying/../PolybenchC-Halide/stencils/seidel-2d/seidel-2d.cpp with /home/kleplj/translation/gpt-querying/../generated/halide/full/seidel-2d-05/code.cpp
Processing Exo framework...
Performing a clean build...
/home/kleplj/translation/PolybenchC-Halide/datamining/covariance/covariance.cpp: In function ‘int main(int, char**)’:
/home/kleplj/translation/PolybenchC-Halide/datamining/covariance/covariance.cpp:139:21: error: no matching function for call to ‘Halide::Func::reorder(Halide::Var&)’
  139 |     mean_sum.reorder(j);
      |     ~~~~~~~~~~~~~~~~^~~
compilation terminated due to -Wfatal-errors.
gmake[2]: *** [CMakeFiles/covariance.dir/build.make:79: CMakeFiles/covariance.dir/datamining/covariance/covariance.cpp.o] Error 1
gmake[2]: Target 'CMakeFiles/covariance.dir/build' not remade because of errors.
gmake[1]: *** [CMakeFiles/Makefile2:206: CMakeFiles/covariance.dir/all] Error 2
/home/kleplj/translation/PolybenchC-Halide/stencils/heat-3d/heat-3d.cpp: In function ‘void init_array(int, Halide::Buffer<double, 3>, Halide::Buffer<double, 3>)’:
/home/kleplj/translation/PolybenchC-Halide/stencils/heat-3d/heat-3d.cpp:31:33: error: ambiguous overload for ‘operator*’ (operand types are ‘Halide::Expr’ and ‘num_t’ {aka ‘double’})
   31 |     Expr val = cast<num_t>(tmp) * (num_t)10 / cast<num_t>(n);
      |                ~~~~~~~~~~~~~~~~ ^ ~~~~~~~~~
      |                           |       |
      |                           |       num_t {aka double}
      |                           Halide::Expr
compilation terminated due to -Wfatal-errors.
gmake[2]: *** [CMakeFiles/heat-3d.dir/build.make:79: CMakeFiles/heat-3d.dir/stencils/heat-3d/heat-3d.cpp.o] Error 1
gmake[2]: Target 'CMakeFiles/heat-3d.dir/build' not remade because of errors.
gmake[1]: *** [CMakeFiles/Makefile2:1006: CMakeFiles/heat-3d.dir/all] Error 2
/home/kleplj/translation/PolybenchC-Halide/medley/deriche/deriche.cpp: In function ‘void init_array(int, int, num_t*, Halide::Buffer<double, 2>, Halide::Buffer<double, 2>)’:
/home/kleplj/translation/PolybenchC-Halide/medley/deriche/deriche.cpp:43:25: error: conversion from ‘num_t’ {aka ‘double’} to ‘const Halide::Expr’ is ambiguous
   43 |     init_imgOut(j, i) = (num_t)0;
      |                         ^~~~~~~~
compilation terminated due to -Wfatal-errors.
gmake[2]: *** [CMakeFiles/deriche.dir/build.make:79: CMakeFiles/deriche.dir/medley/deriche/deriche.cpp.o] Error 1
gmake[2]: Target 'CMakeFiles/deriche.dir/build' not remade because of errors.
gmake[1]: *** [CMakeFiles/Makefile2:846: CMakeFiles/deriche.dir/all] Error 2
/home/kleplj/translation/PolybenchC-Halide/linear-algebra/blas/gemver/gemver.cpp: In function ‘int main(int, char**)’:
/home/kleplj/translation/PolybenchC-Halide/linear-algebra/blas/gemver/gemver.cpp:159:15: error: no matching function for call to ‘Halide::Func::reorder(Halide::Var&)’
  159 |     w1.reorder(i);
      |     ~~~~~~~~~~^~~
compilation terminated due to -Wfatal-errors.
gmake[2]: *** [CMakeFiles/gemver.dir/build.make:79: CMakeFiles/gemver.dir/linear-algebra/blas/gemver/gemver.cpp.o] Error 1
gmake[2]: Target 'CMakeFiles/gemver.dir/build' not remade because of errors.
gmake[1]: *** [CMakeFiles/Makefile2:270: CMakeFiles/gemver.dir/all] Error 2
In file included from /home/kleplj/translation/PolybenchC-Halide/medley/nussinov/nussinov.cpp:6:
/home/kleplj/translation/gpt-querying/.venv/lib/python3.9/site-packages/halide/include/Halide.h: In instantiation of ‘constexpr halide_type_t halide_type_of() [with T = char]’:
/home/kleplj/translation/gpt-querying/.venv/lib/python3.9/site-packages/halide/include/Halide.h:4487:34:   required from ‘Halide::Type Halide::type_of() [with T = char]’
 4487 |     return Type(halide_type_of<T>(), halide_handle_traits<T>::type_info());
      |                 ~~~~~~~~~~~~~~~~~^~
/home/kleplj/translation/PolybenchC-Halide/medley/nussinov/nussinov.cpp:58:41:   required from here
   58 |     ImageParam seq_param(type_of<base_t>(), 1, "seq_param");
      |                          ~~~~~~~~~~~~~~~^~
/home/kleplj/translation/gpt-querying/.venv/lib/python3.9/site-packages/halide/include/Halide.h:2442:40: error: static assertion failed: Expected a pointer type here
 2442 |     static_assert(check_is_pointer<T>::value, "Expected a pointer type here");
      |                                        ^~~~~
compilation terminated due to -Wfatal-errors.
gmake[2]: *** [CMakeFiles/nussinov.dir/build.make:79: CMakeFiles/nussinov.dir/medley/nussinov/nussinov.cpp.o] Error 1
gmake[2]: Target 'CMakeFiles/nussinov.dir/build' not remade because of errors.
gmake[1]: *** [CMakeFiles/Makefile2:910: CMakeFiles/nussinov.dir/all] Error 2
gmake[1]: Target 'all' not remade because of errors.
gmake: *** [Makefile:91: all] Error 2
Translation framework halide for 2mm timed out after 8m seconds.
Translation framework halide for 3mm timed out after 8m seconds.
halide (standard):
halide (standard):
halide (standard):
Token 5 differs: 1.0 vs 2.0 (tolerance 0.01 + 2e-07 * |1.0| = 0.0100002)
Mismatch detected for translation halide cholesky (tolerance 1e-2 abs, 2e-7 rel).
Translation framework halide for correlation timed out after 8m seconds.
No translation frameworks available to run for algorithm covariance. Skipping.
No translation frameworks available to run for algorithm deriche. Skipping.
halide (standard):
functions: line 1817: 993479 Aborted                 timeout "${PATIENCE}" "./build/${algorithm}" > "${translated_stdout}" 2> "${translated_tmp}"
Failed to execute translation framework halide for durbin.
halide (standard):
Token count differs: baseline=7840000 translated=0
Mismatch detected for translation halide floyd-warshall (tolerance 1e-2 abs, 2e-7 rel).
Token count differs: baseline=1100000 translated=0
Mismatch detected for translation halide gemm (tolerance 1e-2 abs, 2e-7 rel).
No translation frameworks available to run for algorithm gemver. Skipping.
halide (standard):
Token 604105 differs: 3.0 vs 1.58 (tolerance 0.01 + 2e-07 * |3.0| = 0.0100006)
Mismatch detected for translation halide gramschmidt (tolerance 1e-2 abs, 2e-7 rel).
No translation frameworks available to run for algorithm heat-3d. Skipping.
Token 1120 differs: 0.55 vs 0.5605 (tolerance 0.01 + 2e-07 * |0.55| = 0.01000011)
Mismatch detected for translation halide jacobi-1d (tolerance 1e-2 abs, 2e-7 rel).
halide (standard):
halide (standard):
Token count differs: baseline=2000 translated=0
Mismatch detected for translation halide ludcmp (tolerance 1e-2 abs, 2e-7 rel).
halide (standard):
No translation frameworks available to run for algorithm nussinov. Skipping.
Token count differs: baseline=4000000 translated=16000000
Mismatch detected for translation halide seidel-2d (tolerance 1e-2 abs, 2e-7 rel).
halide (standard):
halide (standard):
halide (standard):
Token 62 differs: 0.48 vs 0.5 (tolerance 0.01 + 2e-07 * |0.48| = 0.010000096)
Mismatch detected for translation halide trisolv (tolerance 1e-2 abs, 2e-7 rel).
halide (standard):
Invalidating ../PolybenchC-Exo/linear-algebra/blas/gemm/gemm.c
Invalidating ../PolybenchC-Exo/linear-algebra/blas/gemver/gemver.c
Invalidating ../PolybenchC-Exo/linear-algebra/blas/gesummv/gesummv.c
Invalidating ../PolybenchC-Exo/linear-algebra/blas/symm/symm.c
Invalidating ../PolybenchC-Exo/linear-algebra/blas/syr2k/syr2k.c
Invalidating ../PolybenchC-Exo/linear-algebra/blas/syrk/syrk.c
Invalidating ../PolybenchC-Exo/linear-algebra/blas/trmm/trmm.c
Invalidating ../PolybenchC-Exo/linear-algebra/kernels/2mm/2mm.c
Invalidating ../PolybenchC-Exo/linear-algebra/kernels/3mm/3mm.c
Invalidating ../PolybenchC-Exo/linear-algebra/kernels/atax/atax.c
Invalidating ../PolybenchC-Exo/linear-algebra/kernels/bicg/bicg.c
Invalidating ../PolybenchC-Exo/linear-algebra/kernels/doitgen/doitgen.c
Invalidating ../PolybenchC-Exo/linear-algebra/kernels/mvt/mvt.c
Invalidating ../PolybenchC-Exo/linear-algebra/solvers/cholesky/cholesky.c
Invalidating ../PolybenchC-Exo/linear-algebra/solvers/durbin/durbin.c
Invalidating ../PolybenchC-Exo/linear-algebra/solvers/gramschmidt/gramschmidt.c
Invalidating ../PolybenchC-Exo/linear-algebra/solvers/lu/lu.c
Invalidating ../PolybenchC-Exo/linear-algebra/solvers/ludcmp/ludcmp.c
Invalidating ../PolybenchC-Exo/linear-algebra/solvers/trisolv/trisolv.c
Invalidating ../PolybenchC-Exo/medley/deriche/deriche.c
Invalidating ../PolybenchC-Exo/medley/floyd-warshall/floyd-warshall.c
Invalidating ../PolybenchC-Exo/medley/nussinov/nussinov.c
Invalidating ../PolybenchC-Exo/datamining/correlation/correlation.c
Invalidating ../PolybenchC-Exo/datamining/covariance/covariance.c
Invalidating ../PolybenchC-Exo/stencils/adi/adi.c
Invalidating ../PolybenchC-Exo/stencils/fdtd-2d/fdtd-2d.c
Invalidating ../PolybenchC-Exo/stencils/heat-3d/heat-3d.c
Invalidating ../PolybenchC-Exo/stencils/jacobi-1d/jacobi-1d.c
Invalidating ../PolybenchC-Exo/stencils/jacobi-2d/jacobi-2d.c
Invalidating ../PolybenchC-Exo/stencils/seidel-2d/seidel-2d.c
Processing C framework...
Processing Noarr framework...
Processing Halide framework...
Processing Exo framework...
Replacing /home/kleplj/translation/gpt-querying/../PolybenchC-Exo//linear-algebra/blas/gemm/gemm.c with /home/kleplj/translation/gpt-querying/../generated/exo/full/gemm-01/code.cpp
Replacing /home/kleplj/translation/gpt-querying/../PolybenchC-Exo//linear-algebra/blas/gemver/gemver.c with /home/kleplj/translation/gpt-querying/../generated/exo/full/gemver-01/code.cpp
Replacing /home/kleplj/translation/gpt-querying/../PolybenchC-Exo//linear-algebra/blas/gesummv/gesummv.c with /home/kleplj/translation/gpt-querying/../generated/exo/full/gesummv-01/code.cpp
Replacing /home/kleplj/translation/gpt-querying/../PolybenchC-Exo//linear-algebra/blas/symm/symm.c with /home/kleplj/translation/gpt-querying/../generated/exo/full/symm-01/code.cpp
Replacing /home/kleplj/translation/gpt-querying/../PolybenchC-Exo//linear-algebra/blas/syr2k/syr2k.c with /home/kleplj/translation/gpt-querying/../generated/exo/full/syr2k-01/code.cpp
Replacing /home/kleplj/translation/gpt-querying/../PolybenchC-Exo//linear-algebra/blas/syrk/syrk.c with /home/kleplj/translation/gpt-querying/../generated/exo/full/syrk-01/code.cpp
Replacing /home/kleplj/translation/gpt-querying/../PolybenchC-Exo//linear-algebra/blas/trmm/trmm.c with /home/kleplj/translation/gpt-querying/../generated/exo/full/trmm-01/code.cpp
Replacing /home/kleplj/translation/gpt-querying/../PolybenchC-Exo//linear-algebra/kernels/2mm/2mm.c with /home/kleplj/translation/gpt-querying/../generated/exo/full/2mm-01/code.cpp
Replacing /home/kleplj/translation/gpt-querying/../PolybenchC-Exo//linear-algebra/kernels/3mm/3mm.c with /home/kleplj/translation/gpt-querying/../generated/exo/full/3mm-01/code.cpp
Replacing /home/kleplj/translation/gpt-querying/../PolybenchC-Exo//linear-algebra/kernels/atax/atax.c with /home/kleplj/translation/gpt-querying/../generated/exo/full/atax-01/code.cpp
Replacing /home/kleplj/translation/gpt-querying/../PolybenchC-Exo//linear-algebra/kernels/bicg/bicg.c with /home/kleplj/translation/gpt-querying/../generated/exo/full/bicg-01/code.cpp
Replacing /home/kleplj/translation/gpt-querying/../PolybenchC-Exo//linear-algebra/kernels/doitgen/doitgen.c with /home/kleplj/translation/gpt-querying/../generated/exo/full/doitgen-01/code.cpp
Replacing /home/kleplj/translation/gpt-querying/../PolybenchC-Exo//linear-algebra/kernels/mvt/mvt.c with /home/kleplj/translation/gpt-querying/../generated/exo/full/mvt-01/code.cpp
Replacing /home/kleplj/translation/gpt-querying/../PolybenchC-Exo//linear-algebra/solvers/cholesky/cholesky.c with /home/kleplj/translation/gpt-querying/../generated/exo/full/cholesky-01/code.cpp
Replacing /home/kleplj/translation/gpt-querying/../PolybenchC-Exo//linear-algebra/solvers/durbin/durbin.c with /home/kleplj/translation/gpt-querying/../generated/exo/full/durbin-01/code.cpp
Replacing /home/kleplj/translation/gpt-querying/../PolybenchC-Exo//linear-algebra/solvers/gramschmidt/gramschmidt.c with /home/kleplj/translation/gpt-querying/../generated/exo/full/gramschmidt-01/code.cpp
Replacing /home/kleplj/translation/gpt-querying/../PolybenchC-Exo//linear-algebra/solvers/lu/lu.c with /home/kleplj/translation/gpt-querying/../generated/exo/full/lu-01/code.cpp
Replacing /home/kleplj/translation/gpt-querying/../PolybenchC-Exo//linear-algebra/solvers/ludcmp/ludcmp.c with /home/kleplj/translation/gpt-querying/../generated/exo/full/ludcmp-01/code.cpp
Replacing /home/kleplj/translation/gpt-querying/../PolybenchC-Exo//linear-algebra/solvers/trisolv/trisolv.c with /home/kleplj/translation/gpt-querying/../generated/exo/full/trisolv-01/code.cpp
Replacing /home/kleplj/translation/gpt-querying/../PolybenchC-Exo//medley/deriche/deriche.c with /home/kleplj/translation/gpt-querying/../generated/exo/full/deriche-01/code.cpp
Replacing /home/kleplj/translation/gpt-querying/../PolybenchC-Exo//medley/floyd-warshall/floyd-warshall.c with /home/kleplj/translation/gpt-querying/../generated/exo/full/floyd-warshall-01/code.cpp
Replacing /home/kleplj/translation/gpt-querying/../PolybenchC-Exo//medley/nussinov/nussinov.c with /home/kleplj/translation/gpt-querying/../generated/exo/full/nussinov-01/code.cpp
Replacing /home/kleplj/translation/gpt-querying/../PolybenchC-Exo//datamining/correlation/correlation.c with /home/kleplj/translation/gpt-querying/../generated/exo/full/correlation-01/code.cpp
Replacing /home/kleplj/translation/gpt-querying/../PolybenchC-Exo//datamining/covariance/covariance.c with /home/kleplj/translation/gpt-querying/../generated/exo/full/covariance-01/code.cpp
Replacing /home/kleplj/translation/gpt-querying/../PolybenchC-Exo//stencils/adi/adi.c with /home/kleplj/translation/gpt-querying/../generated/exo/full/adi-01/code.cpp
Replacing /home/kleplj/translation/gpt-querying/../PolybenchC-Exo//stencils/fdtd-2d/fdtd-2d.c with /home/kleplj/translation/gpt-querying/../generated/exo/full/fdtd-2d-01/code.cpp
Replacing /home/kleplj/translation/gpt-querying/../PolybenchC-Exo//stencils/heat-3d/heat-3d.c with /home/kleplj/translation/gpt-querying/../generated/exo/full/heat-3d-01/code.cpp
Replacing /home/kleplj/translation/gpt-querying/../PolybenchC-Exo//stencils/jacobi-1d/jacobi-1d.c with /home/kleplj/translation/gpt-querying/../generated/exo/full/jacobi-1d-01/code.cpp
Replacing /home/kleplj/translation/gpt-querying/../PolybenchC-Exo//stencils/jacobi-2d/jacobi-2d.c with /home/kleplj/translation/gpt-querying/../generated/exo/full/jacobi-2d-01/code.cpp
Replacing /home/kleplj/translation/gpt-querying/../PolybenchC-Exo//stencils/seidel-2d/seidel-2d.c with /home/kleplj/translation/gpt-querying/../generated/exo/full/seidel-2d-01/code.cpp
No postprocess.sh found in ../PolybenchC-Exo. Skipping.
Performing a clean build...
Processing gemm
Processing gemver
Processing gesummv
Processing symm
Processing syr2k
Processing syrk
Processing trmm
Processing 2mm
Processing 3mm
Processing atax
Processing bicg
Processing doitgen
Processing mvt
Processing cholesky
Processing durbin
Processing gramschmidt
Processing lu
Processing ludcmp
Processing trisolv
Processing correlation
Processing covariance
Processing adi
Traceback (most recent call last):
  File "<stdin>", line 6, in <module>
  File "<frozen importlib._bootstrap_external>", line 850, in exec_module
  File "<frozen importlib._bootstrap>", line 228, in _call_with_frames_removed
  File "/tmp/slurm.270638/tmp.Dx5Ml1Tjns/adi.py", line 8, in <module>
    def kernel_adi(
  File "/home/kleplj/translation/submodules/exo/src/exo/API.py", line 42, in proc
    parser = Parser(
  File "/home/kleplj/translation/submodules/exo/src/exo/frontend/pyparser.py", line 650, in __init__
    self._cached_result = self.parse_fdef(module_ast, instr=instr)
  File "/home/kleplj/translation/submodules/exo/src/exo/frontend/pyparser.py", line 816, in parse_fdef
    body = self.parse_stmt_block(pyast_body)
  File "/home/kleplj/translation/submodules/exo/src/exo/frontend/pyparser.py", line 1350, in parse_stmt_block
    self.err(
  File "/home/kleplj/translation/submodules/exo/src/exo/frontend/pyparser.py", line 691, in err
    raise ParseError(f"{self.getsrcinfo(node)}: {errstr}") from origin
exo.frontend.pyparser.ParseError: /tmp/slurm.270638/tmp.Dx5Ml1Tjns/adi.py:44:4: predicate assert should happen at the beginning of a function
Error: Generating C code for stencils/adi/adi.c failed
Processing fdtd-2d
Processing heat-3d
Processing jacobi-1d
Processing jacobi-2d
Processing seidel-2d
Processing deriche
Traceback (most recent call last):
  File "<stdin>", line 6, in <module>
  File "<frozen importlib._bootstrap_external>", line 850, in exec_module
  File "<frozen importlib._bootstrap>", line 228, in _call_with_frames_removed
  File "/tmp/slurm.270638/tmp.Dx5Ml1Tjns/deriche.py", line 69, in <module>
    def kernel_deriche(
  File "/home/kleplj/translation/submodules/exo/src/exo/API.py", line 49, in proc
    return Procedure(parser.result())
  File "/home/kleplj/translation/submodules/exo/src/exo/API.py", line 169, in __init__
    proc = TypeChecker(proc).get_loopir()
  File "/home/kleplj/translation/submodules/exo/src/exo/frontend/typecheck.py", line 146, in __init__
    raise TypeError(
TypeError: Errors occurred during typechecking:
/tmp/slurm.270638/tmp.Dx5Ml1Tjns/deriche.py:165:24: expected scalar type
Error: Generating C code for medley/deriche/deriche.c failed
Processing floyd-warshall
Processing nussinov
exo (standard):
exo (standard):
No translation frameworks available to run for algorithm adi. Skipping.
exo (standard):
exo (standard):
exo (standard):
exo (standard):
exo (standard):
No translation frameworks available to run for algorithm deriche. Skipping.
exo (standard):
exo (standard):
exo (standard):
exo (standard):
exo (standard):
exo (standard):
exo (standard):
Token 604105 differs: 3.0 vs 1.18 (tolerance 0.01 + 2e-07 * |3.0| = 0.0100006)
Mismatch detected for translation exo gramschmidt (tolerance 1e-2 abs, 2e-7 rel).
exo (standard):
exo (standard):
exo (standard):
exo (standard):
exo (standard):
exo (standard):
exo (standard):
exo (standard):
exo (standard):
exo (standard):
exo (standard):
exo (standard):
exo (standard):
Invalidating ../PolybenchC-Exo/linear-algebra/blas/gemm/gemm.c
Invalidating ../PolybenchC-Exo/linear-algebra/blas/gemver/gemver.c
Invalidating ../PolybenchC-Exo/linear-algebra/blas/gesummv/gesummv.c
Invalidating ../PolybenchC-Exo/linear-algebra/blas/symm/symm.c
Invalidating ../PolybenchC-Exo/linear-algebra/blas/syr2k/syr2k.c
Invalidating ../PolybenchC-Exo/linear-algebra/blas/syrk/syrk.c
Invalidating ../PolybenchC-Exo/linear-algebra/blas/trmm/trmm.c
Invalidating ../PolybenchC-Exo/linear-algebra/kernels/2mm/2mm.c
Invalidating ../PolybenchC-Exo/linear-algebra/kernels/3mm/3mm.c
Invalidating ../PolybenchC-Exo/linear-algebra/kernels/atax/atax.c
Invalidating ../PolybenchC-Exo/linear-algebra/kernels/bicg/bicg.c
Invalidating ../PolybenchC-Exo/linear-algebra/kernels/doitgen/doitgen.c
Invalidating ../PolybenchC-Exo/linear-algebra/kernels/mvt/mvt.c
Invalidating ../PolybenchC-Exo/linear-algebra/solvers/cholesky/cholesky.c
Invalidating ../PolybenchC-Exo/linear-algebra/solvers/durbin/durbin.c
Invalidating ../PolybenchC-Exo/linear-algebra/solvers/gramschmidt/gramschmidt.c
Invalidating ../PolybenchC-Exo/linear-algebra/solvers/lu/lu.c
Invalidating ../PolybenchC-Exo/linear-algebra/solvers/ludcmp/ludcmp.c
Invalidating ../PolybenchC-Exo/linear-algebra/solvers/trisolv/trisolv.c
Invalidating ../PolybenchC-Exo/medley/deriche/deriche.c
Invalidating ../PolybenchC-Exo/medley/floyd-warshall/floyd-warshall.c
Invalidating ../PolybenchC-Exo/medley/nussinov/nussinov.c
Invalidating ../PolybenchC-Exo/datamining/correlation/correlation.c
Invalidating ../PolybenchC-Exo/datamining/covariance/covariance.c
Invalidating ../PolybenchC-Exo/stencils/adi/adi.c
Invalidating ../PolybenchC-Exo/stencils/fdtd-2d/fdtd-2d.c
Invalidating ../PolybenchC-Exo/stencils/heat-3d/heat-3d.c
Invalidating ../PolybenchC-Exo/stencils/jacobi-1d/jacobi-1d.c
Invalidating ../PolybenchC-Exo/stencils/jacobi-2d/jacobi-2d.c
Invalidating ../PolybenchC-Exo/stencils/seidel-2d/seidel-2d.c
Processing C framework...
Processing Noarr framework...
Processing Halide framework...
Processing Exo framework...
Replacing /home/kleplj/translation/gpt-querying/../PolybenchC-Exo//linear-algebra/blas/gemm/gemm.c with /home/kleplj/translation/gpt-querying/../generated/exo/full/gemm-02/code.cpp
Replacing /home/kleplj/translation/gpt-querying/../PolybenchC-Exo//linear-algebra/blas/gemver/gemver.c with /home/kleplj/translation/gpt-querying/../generated/exo/full/gemver-02/code.cpp
Replacing /home/kleplj/translation/gpt-querying/../PolybenchC-Exo//linear-algebra/blas/gesummv/gesummv.c with /home/kleplj/translation/gpt-querying/../generated/exo/full/gesummv-02/code.cpp
Replacing /home/kleplj/translation/gpt-querying/../PolybenchC-Exo//linear-algebra/blas/symm/symm.c with /home/kleplj/translation/gpt-querying/../generated/exo/full/symm-02/code.cpp
Replacing /home/kleplj/translation/gpt-querying/../PolybenchC-Exo//linear-algebra/blas/syr2k/syr2k.c with /home/kleplj/translation/gpt-querying/../generated/exo/full/syr2k-02/code.cpp
Replacing /home/kleplj/translation/gpt-querying/../PolybenchC-Exo//linear-algebra/blas/syrk/syrk.c with /home/kleplj/translation/gpt-querying/../generated/exo/full/syrk-02/code.cpp
Replacing /home/kleplj/translation/gpt-querying/../PolybenchC-Exo//linear-algebra/blas/trmm/trmm.c with /home/kleplj/translation/gpt-querying/../generated/exo/full/trmm-02/code.cpp
Replacing /home/kleplj/translation/gpt-querying/../PolybenchC-Exo//linear-algebra/kernels/2mm/2mm.c with /home/kleplj/translation/gpt-querying/../generated/exo/full/2mm-02/code.cpp
Replacing /home/kleplj/translation/gpt-querying/../PolybenchC-Exo//linear-algebra/kernels/3mm/3mm.c with /home/kleplj/translation/gpt-querying/../generated/exo/full/3mm-02/code.cpp
Replacing /home/kleplj/translation/gpt-querying/../PolybenchC-Exo//linear-algebra/kernels/atax/atax.c with /home/kleplj/translation/gpt-querying/../generated/exo/full/atax-02/code.cpp
Replacing /home/kleplj/translation/gpt-querying/../PolybenchC-Exo//linear-algebra/kernels/bicg/bicg.c with /home/kleplj/translation/gpt-querying/../generated/exo/full/bicg-02/code.cpp
Replacing /home/kleplj/translation/gpt-querying/../PolybenchC-Exo//linear-algebra/kernels/doitgen/doitgen.c with /home/kleplj/translation/gpt-querying/../generated/exo/full/doitgen-02/code.cpp
Replacing /home/kleplj/translation/gpt-querying/../PolybenchC-Exo//linear-algebra/kernels/mvt/mvt.c with /home/kleplj/translation/gpt-querying/../generated/exo/full/mvt-02/code.cpp
Replacing /home/kleplj/translation/gpt-querying/../PolybenchC-Exo//linear-algebra/solvers/cholesky/cholesky.c with /home/kleplj/translation/gpt-querying/../generated/exo/full/cholesky-02/code.cpp
Replacing /home/kleplj/translation/gpt-querying/../PolybenchC-Exo//linear-algebra/solvers/durbin/durbin.c with /home/kleplj/translation/gpt-querying/../generated/exo/full/durbin-02/code.cpp
Replacing /home/kleplj/translation/gpt-querying/../PolybenchC-Exo//linear-algebra/solvers/gramschmidt/gramschmidt.c with /home/kleplj/translation/gpt-querying/../generated/exo/full/gramschmidt-02/code.cpp
Replacing /home/kleplj/translation/gpt-querying/../PolybenchC-Exo//linear-algebra/solvers/lu/lu.c with /home/kleplj/translation/gpt-querying/../generated/exo/full/lu-02/code.cpp
Replacing /home/kleplj/translation/gpt-querying/../PolybenchC-Exo//linear-algebra/solvers/ludcmp/ludcmp.c with /home/kleplj/translation/gpt-querying/../generated/exo/full/ludcmp-02/code.cpp
Replacing /home/kleplj/translation/gpt-querying/../PolybenchC-Exo//linear-algebra/solvers/trisolv/trisolv.c with /home/kleplj/translation/gpt-querying/../generated/exo/full/trisolv-02/code.cpp
Replacing /home/kleplj/translation/gpt-querying/../PolybenchC-Exo//medley/deriche/deriche.c with /home/kleplj/translation/gpt-querying/../generated/exo/full/deriche-02/code.cpp
Replacing /home/kleplj/translation/gpt-querying/../PolybenchC-Exo//medley/floyd-warshall/floyd-warshall.c with /home/kleplj/translation/gpt-querying/../generated/exo/full/floyd-warshall-02/code.cpp
Replacing /home/kleplj/translation/gpt-querying/../PolybenchC-Exo//medley/nussinov/nussinov.c with /home/kleplj/translation/gpt-querying/../generated/exo/full/nussinov-02/code.cpp
Replacing /home/kleplj/translation/gpt-querying/../PolybenchC-Exo//datamining/correlation/correlation.c with /home/kleplj/translation/gpt-querying/../generated/exo/full/correlation-02/code.cpp
Replacing /home/kleplj/translation/gpt-querying/../PolybenchC-Exo//datamining/covariance/covariance.c with /home/kleplj/translation/gpt-querying/../generated/exo/full/covariance-02/code.cpp
Replacing /home/kleplj/translation/gpt-querying/../PolybenchC-Exo//stencils/adi/adi.c with /home/kleplj/translation/gpt-querying/../generated/exo/full/adi-02/code.cpp
Replacing /home/kleplj/translation/gpt-querying/../PolybenchC-Exo//stencils/fdtd-2d/fdtd-2d.c with /home/kleplj/translation/gpt-querying/../generated/exo/full/fdtd-2d-02/code.cpp
Replacing /home/kleplj/translation/gpt-querying/../PolybenchC-Exo//stencils/heat-3d/heat-3d.c with /home/kleplj/translation/gpt-querying/../generated/exo/full/heat-3d-02/code.cpp
Replacing /home/kleplj/translation/gpt-querying/../PolybenchC-Exo//stencils/jacobi-1d/jacobi-1d.c with /home/kleplj/translation/gpt-querying/../generated/exo/full/jacobi-1d-02/code.cpp
Replacing /home/kleplj/translation/gpt-querying/../PolybenchC-Exo//stencils/jacobi-2d/jacobi-2d.c with /home/kleplj/translation/gpt-querying/../generated/exo/full/jacobi-2d-02/code.cpp
Replacing /home/kleplj/translation/gpt-querying/../PolybenchC-Exo//stencils/seidel-2d/seidel-2d.c with /home/kleplj/translation/gpt-querying/../generated/exo/full/seidel-2d-02/code.cpp
No postprocess.sh found in ../PolybenchC-Exo. Skipping.
Performing a clean build...
Processing gemm
Processing gemver
Processing gesummv
Processing symm
Processing syr2k
Processing syrk
Processing trmm
Processing 2mm
Processing 3mm
Processing atax
Processing bicg
Processing doitgen
Processing mvt
Processing cholesky
Processing durbin
Processing gramschmidt
Processing lu
Processing ludcmp
Processing trisolv
Processing correlation
Processing covariance
Processing adi
Processing fdtd-2d
Processing heat-3d
Processing jacobi-1d
Processing jacobi-2d
Processing seidel-2d
Processing deriche
Traceback (most recent call last):
  File "<stdin>", line 6, in <module>
  File "<frozen importlib._bootstrap_external>", line 850, in exec_module
  File "<frozen importlib._bootstrap>", line 228, in _call_with_frames_removed
  File "/tmp/slurm.270638/tmp.N1nWlXkpsk/deriche.py", line 74, in <module>
    def kernel_deriche(
  File "/home/kleplj/translation/submodules/exo/src/exo/API.py", line 49, in proc
    return Procedure(parser.result())
  File "/home/kleplj/translation/submodules/exo/src/exo/API.py", line 169, in __init__
    proc = TypeChecker(proc).get_loopir()
  File "/home/kleplj/translation/submodules/exo/src/exo/frontend/typecheck.py", line 146, in __init__
    raise TypeError(
TypeError: Errors occurred during typechecking:
/tmp/slurm.270638/tmp.N1nWlXkpsk/deriche.py:144:22: expected scalar type
/tmp/slurm.270638/tmp.N1nWlXkpsk/deriche.py:174:22: expected scalar type
Error: Generating C code for medley/deriche/deriche.c failed
Processing floyd-warshall
Processing nussinov
exo (standard):
exo (standard):
exo (standard):
exo (standard):
exo (standard):
exo (standard):
exo (standard):
exo (standard):
No translation frameworks available to run for algorithm deriche. Skipping.
exo (standard):
exo (standard):
exo (standard):
exo (standard):
exo (standard):
exo (standard):
exo (standard):
Token 604105 differs: 3.0 vs 1.18 (tolerance 0.01 + 2e-07 * |3.0| = 0.0100006)
Mismatch detected for translation exo gramschmidt (tolerance 1e-2 abs, 2e-7 rel).
exo (standard):
exo (standard):
exo (standard):
exo (standard):
exo (standard):
exo (standard):
exo (standard):
exo (standard):
exo (standard):
exo (standard):
exo (standard):
exo (standard):
exo (standard):
Invalidating ../PolybenchC-Exo/linear-algebra/blas/gemm/gemm.c
Invalidating ../PolybenchC-Exo/linear-algebra/blas/gemver/gemver.c
Invalidating ../PolybenchC-Exo/linear-algebra/blas/gesummv/gesummv.c
Invalidating ../PolybenchC-Exo/linear-algebra/blas/symm/symm.c
Invalidating ../PolybenchC-Exo/linear-algebra/blas/syr2k/syr2k.c
Invalidating ../PolybenchC-Exo/linear-algebra/blas/syrk/syrk.c
Invalidating ../PolybenchC-Exo/linear-algebra/blas/trmm/trmm.c
Invalidating ../PolybenchC-Exo/linear-algebra/kernels/2mm/2mm.c
Invalidating ../PolybenchC-Exo/linear-algebra/kernels/3mm/3mm.c
Invalidating ../PolybenchC-Exo/linear-algebra/kernels/atax/atax.c
Invalidating ../PolybenchC-Exo/linear-algebra/kernels/bicg/bicg.c
Invalidating ../PolybenchC-Exo/linear-algebra/kernels/doitgen/doitgen.c
Invalidating ../PolybenchC-Exo/linear-algebra/kernels/mvt/mvt.c
Invalidating ../PolybenchC-Exo/linear-algebra/solvers/cholesky/cholesky.c
Invalidating ../PolybenchC-Exo/linear-algebra/solvers/durbin/durbin.c
Invalidating ../PolybenchC-Exo/linear-algebra/solvers/gramschmidt/gramschmidt.c
Invalidating ../PolybenchC-Exo/linear-algebra/solvers/lu/lu.c
Invalidating ../PolybenchC-Exo/linear-algebra/solvers/ludcmp/ludcmp.c
Invalidating ../PolybenchC-Exo/linear-algebra/solvers/trisolv/trisolv.c
Invalidating ../PolybenchC-Exo/medley/deriche/deriche.c
Invalidating ../PolybenchC-Exo/medley/floyd-warshall/floyd-warshall.c
Invalidating ../PolybenchC-Exo/medley/nussinov/nussinov.c
Invalidating ../PolybenchC-Exo/datamining/correlation/correlation.c
Invalidating ../PolybenchC-Exo/datamining/covariance/covariance.c
Invalidating ../PolybenchC-Exo/stencils/adi/adi.c
Invalidating ../PolybenchC-Exo/stencils/fdtd-2d/fdtd-2d.c
Invalidating ../PolybenchC-Exo/stencils/heat-3d/heat-3d.c
Invalidating ../PolybenchC-Exo/stencils/jacobi-1d/jacobi-1d.c
Invalidating ../PolybenchC-Exo/stencils/jacobi-2d/jacobi-2d.c
Invalidating ../PolybenchC-Exo/stencils/seidel-2d/seidel-2d.c
Processing C framework...
Processing Noarr framework...
Processing Halide framework...
Processing Exo framework...
Replacing /home/kleplj/translation/gpt-querying/../PolybenchC-Exo//linear-algebra/blas/gemm/gemm.c with /home/kleplj/translation/gpt-querying/../generated/exo/full/gemm-03/code.cpp
Replacing /home/kleplj/translation/gpt-querying/../PolybenchC-Exo//linear-algebra/blas/gemver/gemver.c with /home/kleplj/translation/gpt-querying/../generated/exo/full/gemver-03/code.cpp
Replacing /home/kleplj/translation/gpt-querying/../PolybenchC-Exo//linear-algebra/blas/gesummv/gesummv.c with /home/kleplj/translation/gpt-querying/../generated/exo/full/gesummv-03/code.cpp
Replacing /home/kleplj/translation/gpt-querying/../PolybenchC-Exo//linear-algebra/blas/symm/symm.c with /home/kleplj/translation/gpt-querying/../generated/exo/full/symm-03/code.cpp
Replacing /home/kleplj/translation/gpt-querying/../PolybenchC-Exo//linear-algebra/blas/syr2k/syr2k.c with /home/kleplj/translation/gpt-querying/../generated/exo/full/syr2k-03/code.cpp
Replacing /home/kleplj/translation/gpt-querying/../PolybenchC-Exo//linear-algebra/blas/syrk/syrk.c with /home/kleplj/translation/gpt-querying/../generated/exo/full/syrk-03/code.cpp
Replacing /home/kleplj/translation/gpt-querying/../PolybenchC-Exo//linear-algebra/blas/trmm/trmm.c with /home/kleplj/translation/gpt-querying/../generated/exo/full/trmm-03/code.cpp
Replacing /home/kleplj/translation/gpt-querying/../PolybenchC-Exo//linear-algebra/kernels/2mm/2mm.c with /home/kleplj/translation/gpt-querying/../generated/exo/full/2mm-03/code.cpp
Replacing /home/kleplj/translation/gpt-querying/../PolybenchC-Exo//linear-algebra/kernels/3mm/3mm.c with /home/kleplj/translation/gpt-querying/../generated/exo/full/3mm-03/code.cpp
Replacing /home/kleplj/translation/gpt-querying/../PolybenchC-Exo//linear-algebra/kernels/atax/atax.c with /home/kleplj/translation/gpt-querying/../generated/exo/full/atax-03/code.cpp
Replacing /home/kleplj/translation/gpt-querying/../PolybenchC-Exo//linear-algebra/kernels/bicg/bicg.c with /home/kleplj/translation/gpt-querying/../generated/exo/full/bicg-03/code.cpp
Replacing /home/kleplj/translation/gpt-querying/../PolybenchC-Exo//linear-algebra/kernels/doitgen/doitgen.c with /home/kleplj/translation/gpt-querying/../generated/exo/full/doitgen-03/code.cpp
Replacing /home/kleplj/translation/gpt-querying/../PolybenchC-Exo//linear-algebra/kernels/mvt/mvt.c with /home/kleplj/translation/gpt-querying/../generated/exo/full/mvt-03/code.cpp
Replacing /home/kleplj/translation/gpt-querying/../PolybenchC-Exo//linear-algebra/solvers/cholesky/cholesky.c with /home/kleplj/translation/gpt-querying/../generated/exo/full/cholesky-03/code.cpp
Replacing /home/kleplj/translation/gpt-querying/../PolybenchC-Exo//linear-algebra/solvers/durbin/durbin.c with /home/kleplj/translation/gpt-querying/../generated/exo/full/durbin-03/code.cpp
Replacing /home/kleplj/translation/gpt-querying/../PolybenchC-Exo//linear-algebra/solvers/gramschmidt/gramschmidt.c with /home/kleplj/translation/gpt-querying/../generated/exo/full/gramschmidt-03/code.cpp
Replacing /home/kleplj/translation/gpt-querying/../PolybenchC-Exo//linear-algebra/solvers/lu/lu.c with /home/kleplj/translation/gpt-querying/../generated/exo/full/lu-03/code.cpp
Replacing /home/kleplj/translation/gpt-querying/../PolybenchC-Exo//linear-algebra/solvers/ludcmp/ludcmp.c with /home/kleplj/translation/gpt-querying/../generated/exo/full/ludcmp-03/code.cpp
Replacing /home/kleplj/translation/gpt-querying/../PolybenchC-Exo//linear-algebra/solvers/trisolv/trisolv.c with /home/kleplj/translation/gpt-querying/../generated/exo/full/trisolv-03/code.cpp
Replacing /home/kleplj/translation/gpt-querying/../PolybenchC-Exo//medley/deriche/deriche.c with /home/kleplj/translation/gpt-querying/../generated/exo/full/deriche-03/code.cpp
Replacing /home/kleplj/translation/gpt-querying/../PolybenchC-Exo//medley/floyd-warshall/floyd-warshall.c with /home/kleplj/translation/gpt-querying/../generated/exo/full/floyd-warshall-03/code.cpp
Replacing /home/kleplj/translation/gpt-querying/../PolybenchC-Exo//medley/nussinov/nussinov.c with /home/kleplj/translation/gpt-querying/../generated/exo/full/nussinov-03/code.cpp
Replacing /home/kleplj/translation/gpt-querying/../PolybenchC-Exo//datamining/correlation/correlation.c with /home/kleplj/translation/gpt-querying/../generated/exo/full/correlation-03/code.cpp
Replacing /home/kleplj/translation/gpt-querying/../PolybenchC-Exo//datamining/covariance/covariance.c with /home/kleplj/translation/gpt-querying/../generated/exo/full/covariance-03/code.cpp
Replacing /home/kleplj/translation/gpt-querying/../PolybenchC-Exo//stencils/adi/adi.c with /home/kleplj/translation/gpt-querying/../generated/exo/full/adi-03/code.cpp
Replacing /home/kleplj/translation/gpt-querying/../PolybenchC-Exo//stencils/fdtd-2d/fdtd-2d.c with /home/kleplj/translation/gpt-querying/../generated/exo/full/fdtd-2d-03/code.cpp
Replacing /home/kleplj/translation/gpt-querying/../PolybenchC-Exo//stencils/heat-3d/heat-3d.c with /home/kleplj/translation/gpt-querying/../generated/exo/full/heat-3d-03/code.cpp
Replacing /home/kleplj/translation/gpt-querying/../PolybenchC-Exo//stencils/jacobi-1d/jacobi-1d.c with /home/kleplj/translation/gpt-querying/../generated/exo/full/jacobi-1d-03/code.cpp
Replacing /home/kleplj/translation/gpt-querying/../PolybenchC-Exo//stencils/jacobi-2d/jacobi-2d.c with /home/kleplj/translation/gpt-querying/../generated/exo/full/jacobi-2d-03/code.cpp
Replacing /home/kleplj/translation/gpt-querying/../PolybenchC-Exo//stencils/seidel-2d/seidel-2d.c with /home/kleplj/translation/gpt-querying/../generated/exo/full/seidel-2d-03/code.cpp
No postprocess.sh found in ../PolybenchC-Exo. Skipping.
Performing a clean build...
Processing gemm
Processing gemver
Processing gesummv
Processing symm
Processing syr2k
Processing syrk
Processing trmm
Processing 2mm
Processing 3mm
Processing atax
Processing bicg
Processing doitgen
Processing mvt
Processing cholesky
Processing durbin
Processing gramschmidt
Processing lu
Processing ludcmp
Processing trisolv
Processing correlation
Processing covariance
Processing adi
Processing fdtd-2d
Processing heat-3d
Processing jacobi-1d
Processing jacobi-2d
Processing seidel-2d
Processing deriche
Processing floyd-warshall
Processing nussinov
exo (standard):
exo (standard):
exo (standard):
exo (standard):
exo (standard):
exo (standard):
exo (standard):
exo (standard):
exo (standard):
exo (standard):
exo (standard):
exo (standard):
exo (standard):
exo (standard):
exo (standard):
exo (standard):
Token 604105 differs: 3.0 vs 1.18 (tolerance 0.01 + 2e-07 * |3.0| = 0.0100006)
Mismatch detected for translation exo gramschmidt (tolerance 1e-2 abs, 2e-7 rel).
exo (standard):
exo (standard):
exo (standard):
exo (standard):
exo (standard):
exo (standard):
exo (standard):
exo (standard):
exo (standard):
exo (standard):
exo (standard):
exo (standard):
exo (standard):
Invalidating ../PolybenchC-Exo/linear-algebra/blas/gemm/gemm.c
Invalidating ../PolybenchC-Exo/linear-algebra/blas/gemver/gemver.c
Invalidating ../PolybenchC-Exo/linear-algebra/blas/gesummv/gesummv.c
Invalidating ../PolybenchC-Exo/linear-algebra/blas/symm/symm.c
Invalidating ../PolybenchC-Exo/linear-algebra/blas/syr2k/syr2k.c
Invalidating ../PolybenchC-Exo/linear-algebra/blas/syrk/syrk.c
Invalidating ../PolybenchC-Exo/linear-algebra/blas/trmm/trmm.c
Invalidating ../PolybenchC-Exo/linear-algebra/kernels/2mm/2mm.c
Invalidating ../PolybenchC-Exo/linear-algebra/kernels/3mm/3mm.c
Invalidating ../PolybenchC-Exo/linear-algebra/kernels/atax/atax.c
Invalidating ../PolybenchC-Exo/linear-algebra/kernels/bicg/bicg.c
Invalidating ../PolybenchC-Exo/linear-algebra/kernels/doitgen/doitgen.c
Invalidating ../PolybenchC-Exo/linear-algebra/kernels/mvt/mvt.c
Invalidating ../PolybenchC-Exo/linear-algebra/solvers/cholesky/cholesky.c
Invalidating ../PolybenchC-Exo/linear-algebra/solvers/durbin/durbin.c
Invalidating ../PolybenchC-Exo/linear-algebra/solvers/gramschmidt/gramschmidt.c
Invalidating ../PolybenchC-Exo/linear-algebra/solvers/lu/lu.c
Invalidating ../PolybenchC-Exo/linear-algebra/solvers/ludcmp/ludcmp.c
Invalidating ../PolybenchC-Exo/linear-algebra/solvers/trisolv/trisolv.c
Invalidating ../PolybenchC-Exo/medley/deriche/deriche.c
Invalidating ../PolybenchC-Exo/medley/floyd-warshall/floyd-warshall.c
Invalidating ../PolybenchC-Exo/medley/nussinov/nussinov.c
Invalidating ../PolybenchC-Exo/datamining/correlation/correlation.c
Invalidating ../PolybenchC-Exo/datamining/covariance/covariance.c
Invalidating ../PolybenchC-Exo/stencils/adi/adi.c
Invalidating ../PolybenchC-Exo/stencils/fdtd-2d/fdtd-2d.c
Invalidating ../PolybenchC-Exo/stencils/heat-3d/heat-3d.c
Invalidating ../PolybenchC-Exo/stencils/jacobi-1d/jacobi-1d.c
Invalidating ../PolybenchC-Exo/stencils/jacobi-2d/jacobi-2d.c
Invalidating ../PolybenchC-Exo/stencils/seidel-2d/seidel-2d.c
Processing C framework...
Processing Noarr framework...
Processing Halide framework...
Processing Exo framework...
Replacing /home/kleplj/translation/gpt-querying/../PolybenchC-Exo//linear-algebra/blas/gemm/gemm.c with /home/kleplj/translation/gpt-querying/../generated/exo/full/gemm-04/code.cpp
Replacing /home/kleplj/translation/gpt-querying/../PolybenchC-Exo//linear-algebra/blas/gemver/gemver.c with /home/kleplj/translation/gpt-querying/../generated/exo/full/gemver-04/code.cpp
Replacing /home/kleplj/translation/gpt-querying/../PolybenchC-Exo//linear-algebra/blas/gesummv/gesummv.c with /home/kleplj/translation/gpt-querying/../generated/exo/full/gesummv-04/code.cpp
Replacing /home/kleplj/translation/gpt-querying/../PolybenchC-Exo//linear-algebra/blas/symm/symm.c with /home/kleplj/translation/gpt-querying/../generated/exo/full/symm-04/code.cpp
Replacing /home/kleplj/translation/gpt-querying/../PolybenchC-Exo//linear-algebra/blas/syr2k/syr2k.c with /home/kleplj/translation/gpt-querying/../generated/exo/full/syr2k-04/code.cpp
Replacing /home/kleplj/translation/gpt-querying/../PolybenchC-Exo//linear-algebra/blas/syrk/syrk.c with /home/kleplj/translation/gpt-querying/../generated/exo/full/syrk-04/code.cpp
Replacing /home/kleplj/translation/gpt-querying/../PolybenchC-Exo//linear-algebra/blas/trmm/trmm.c with /home/kleplj/translation/gpt-querying/../generated/exo/full/trmm-04/code.cpp
Replacing /home/kleplj/translation/gpt-querying/../PolybenchC-Exo//linear-algebra/kernels/2mm/2mm.c with /home/kleplj/translation/gpt-querying/../generated/exo/full/2mm-04/code.cpp
Replacing /home/kleplj/translation/gpt-querying/../PolybenchC-Exo//linear-algebra/kernels/3mm/3mm.c with /home/kleplj/translation/gpt-querying/../generated/exo/full/3mm-04/code.cpp
Replacing /home/kleplj/translation/gpt-querying/../PolybenchC-Exo//linear-algebra/kernels/atax/atax.c with /home/kleplj/translation/gpt-querying/../generated/exo/full/atax-04/code.cpp
Replacing /home/kleplj/translation/gpt-querying/../PolybenchC-Exo//linear-algebra/kernels/bicg/bicg.c with /home/kleplj/translation/gpt-querying/../generated/exo/full/bicg-04/code.cpp
Replacing /home/kleplj/translation/gpt-querying/../PolybenchC-Exo//linear-algebra/kernels/doitgen/doitgen.c with /home/kleplj/translation/gpt-querying/../generated/exo/full/doitgen-04/code.cpp
Replacing /home/kleplj/translation/gpt-querying/../PolybenchC-Exo//linear-algebra/kernels/mvt/mvt.c with /home/kleplj/translation/gpt-querying/../generated/exo/full/mvt-04/code.cpp
Replacing /home/kleplj/translation/gpt-querying/../PolybenchC-Exo//linear-algebra/solvers/cholesky/cholesky.c with /home/kleplj/translation/gpt-querying/../generated/exo/full/cholesky-04/code.cpp
Replacing /home/kleplj/translation/gpt-querying/../PolybenchC-Exo//linear-algebra/solvers/durbin/durbin.c with /home/kleplj/translation/gpt-querying/../generated/exo/full/durbin-04/code.cpp
Replacing /home/kleplj/translation/gpt-querying/../PolybenchC-Exo//linear-algebra/solvers/gramschmidt/gramschmidt.c with /home/kleplj/translation/gpt-querying/../generated/exo/full/gramschmidt-04/code.cpp
Replacing /home/kleplj/translation/gpt-querying/../PolybenchC-Exo//linear-algebra/solvers/lu/lu.c with /home/kleplj/translation/gpt-querying/../generated/exo/full/lu-04/code.cpp
Replacing /home/kleplj/translation/gpt-querying/../PolybenchC-Exo//linear-algebra/solvers/ludcmp/ludcmp.c with /home/kleplj/translation/gpt-querying/../generated/exo/full/ludcmp-04/code.cpp
Replacing /home/kleplj/translation/gpt-querying/../PolybenchC-Exo//linear-algebra/solvers/trisolv/trisolv.c with /home/kleplj/translation/gpt-querying/../generated/exo/full/trisolv-04/code.cpp
Replacing /home/kleplj/translation/gpt-querying/../PolybenchC-Exo//medley/deriche/deriche.c with /home/kleplj/translation/gpt-querying/../generated/exo/full/deriche-04/code.cpp
Replacing /home/kleplj/translation/gpt-querying/../PolybenchC-Exo//medley/floyd-warshall/floyd-warshall.c with /home/kleplj/translation/gpt-querying/../generated/exo/full/floyd-warshall-04/code.cpp
Replacing /home/kleplj/translation/gpt-querying/../PolybenchC-Exo//medley/nussinov/nussinov.c with /home/kleplj/translation/gpt-querying/../generated/exo/full/nussinov-04/code.cpp
Replacing /home/kleplj/translation/gpt-querying/../PolybenchC-Exo//datamining/correlation/correlation.c with /home/kleplj/translation/gpt-querying/../generated/exo/full/correlation-04/code.cpp
Replacing /home/kleplj/translation/gpt-querying/../PolybenchC-Exo//datamining/covariance/covariance.c with /home/kleplj/translation/gpt-querying/../generated/exo/full/covariance-04/code.cpp
Replacing /home/kleplj/translation/gpt-querying/../PolybenchC-Exo//stencils/adi/adi.c with /home/kleplj/translation/gpt-querying/../generated/exo/full/adi-04/code.cpp
Replacing /home/kleplj/translation/gpt-querying/../PolybenchC-Exo//stencils/fdtd-2d/fdtd-2d.c with /home/kleplj/translation/gpt-querying/../generated/exo/full/fdtd-2d-04/code.cpp
Replacing /home/kleplj/translation/gpt-querying/../PolybenchC-Exo//stencils/heat-3d/heat-3d.c with /home/kleplj/translation/gpt-querying/../generated/exo/full/heat-3d-04/code.cpp
Replacing /home/kleplj/translation/gpt-querying/../PolybenchC-Exo//stencils/jacobi-1d/jacobi-1d.c with /home/kleplj/translation/gpt-querying/../generated/exo/full/jacobi-1d-04/code.cpp
Replacing /home/kleplj/translation/gpt-querying/../PolybenchC-Exo//stencils/jacobi-2d/jacobi-2d.c with /home/kleplj/translation/gpt-querying/../generated/exo/full/jacobi-2d-04/code.cpp
Replacing /home/kleplj/translation/gpt-querying/../PolybenchC-Exo//stencils/seidel-2d/seidel-2d.c with /home/kleplj/translation/gpt-querying/../generated/exo/full/seidel-2d-04/code.cpp
No postprocess.sh found in ../PolybenchC-Exo. Skipping.
Performing a clean build...
Processing gemm
Processing gemver
Processing gesummv
Processing symm
Processing syr2k
Processing syrk
Processing trmm
Processing 2mm
Processing 3mm
Processing atax
Processing bicg
Processing doitgen
Processing mvt
Processing cholesky
Processing durbin
Processing gramschmidt
Processing lu
Processing ludcmp
Processing trisolv
Processing correlation
Traceback (most recent call last):
  File "<stdin>", line 6, in <module>
  File "<frozen importlib._bootstrap_external>", line 850, in exec_module
  File "<frozen importlib._bootstrap>", line 228, in _call_with_frames_removed
  File "/tmp/slurm.270638/tmp.6SdNAbAwlI/correlation.py", line 73, in <module>
    def kernel_correlation(
  File "/home/kleplj/translation/submodules/exo/src/exo/API.py", line 42, in proc
    parser = Parser(
  File "/home/kleplj/translation/submodules/exo/src/exo/frontend/pyparser.py", line 650, in __init__
    self._cached_result = self.parse_fdef(module_ast, instr=instr)
  File "/home/kleplj/translation/submodules/exo/src/exo/frontend/pyparser.py", line 816, in parse_fdef
    body = self.parse_stmt_block(pyast_body)
  File "/home/kleplj/translation/submodules/exo/src/exo/frontend/pyparser.py", line 1254, in parse_stmt_block
    body = self.parse_stmt_block(s.body)
  File "/home/kleplj/translation/submodules/exo/src/exo/frontend/pyparser.py", line 1224, in parse_stmt_block
    self.err(s, "only += and -= reductions currently supported")
  File "/home/kleplj/translation/submodules/exo/src/exo/frontend/pyparser.py", line 691, in err
    raise ParseError(f"{self.getsrcinfo(node)}: {errstr}") from origin
exo.frontend.pyparser.ParseError: /tmp/slurm.270638/tmp.6SdNAbAwlI/correlation.py:90:8: only += and -= reductions currently supported
Error: Generating C code for datamining/correlation/correlation.c failed
Processing covariance
Processing adi
Processing fdtd-2d
Processing heat-3d
Processing jacobi-1d
Processing jacobi-2d
Processing seidel-2d
Processing deriche
Processing floyd-warshall
Processing nussinov
build/generated/nussinov/nussinov.c: In function ‘kernel_nussinov’:
build/generated/nussinov/nussinov.c:17:278: error: expected ‘)’ before ‘;’ token
   17 |       table[i * n + i + d] = ((table[i * n + i + d]) >= (table[(i + 1) * n + i + d - 1] + ((seq[i]) + (seq[i + d]) == (double)3 ? (double)1 : (double)0) ? (table[i * n + i + d]) : (table[(i + 1) * n + i + d - 1] + ((seq[i]) + (seq[i + d]) == (double)3 ? (double)1 : (double)0));
      |                                                         ~                                                                                                                                                                                                                            ^
      |                                                                                                                                                                                                                                                                                      )
compilation terminated due to -Wfatal-errors.
Error: Compiling nussinov failed
exo (standard):
exo (standard):
exo (standard):
exo (standard):
exo (standard):
exo (standard):
No translation frameworks available to run for algorithm correlation. Skipping.
exo (standard):
exo (standard):
exo (standard):
exo (standard):
exo (standard):
exo (standard):
exo (standard):
exo (standard):
exo (standard):
Token 604105 differs: 3.0 vs 1.18 (tolerance 0.01 + 2e-07 * |3.0| = 0.0100006)
Mismatch detected for translation exo gramschmidt (tolerance 1e-2 abs, 2e-7 rel).
exo (standard):
exo (standard):
exo (standard):
exo (standard):
exo (standard):
exo (standard):
No translation frameworks available to run for algorithm nussinov. Skipping.
exo (standard):
exo (standard):
exo (standard):
exo (standard):
exo (standard):
exo (standard):
Invalidating ../PolybenchC-Exo/linear-algebra/blas/gemm/gemm.c
Invalidating ../PolybenchC-Exo/linear-algebra/blas/gemver/gemver.c
Invalidating ../PolybenchC-Exo/linear-algebra/blas/gesummv/gesummv.c
Invalidating ../PolybenchC-Exo/linear-algebra/blas/symm/symm.c
Invalidating ../PolybenchC-Exo/linear-algebra/blas/syr2k/syr2k.c
Invalidating ../PolybenchC-Exo/linear-algebra/blas/syrk/syrk.c
Invalidating ../PolybenchC-Exo/linear-algebra/blas/trmm/trmm.c
Invalidating ../PolybenchC-Exo/linear-algebra/kernels/2mm/2mm.c
Invalidating ../PolybenchC-Exo/linear-algebra/kernels/3mm/3mm.c
Invalidating ../PolybenchC-Exo/linear-algebra/kernels/atax/atax.c
Invalidating ../PolybenchC-Exo/linear-algebra/kernels/bicg/bicg.c
Invalidating ../PolybenchC-Exo/linear-algebra/kernels/doitgen/doitgen.c
Invalidating ../PolybenchC-Exo/linear-algebra/kernels/mvt/mvt.c
Invalidating ../PolybenchC-Exo/linear-algebra/solvers/cholesky/cholesky.c
Invalidating ../PolybenchC-Exo/linear-algebra/solvers/durbin/durbin.c
Invalidating ../PolybenchC-Exo/linear-algebra/solvers/gramschmidt/gramschmidt.c
Invalidating ../PolybenchC-Exo/linear-algebra/solvers/lu/lu.c
Invalidating ../PolybenchC-Exo/linear-algebra/solvers/ludcmp/ludcmp.c
Invalidating ../PolybenchC-Exo/linear-algebra/solvers/trisolv/trisolv.c
Invalidating ../PolybenchC-Exo/medley/deriche/deriche.c
Invalidating ../PolybenchC-Exo/medley/floyd-warshall/floyd-warshall.c
Invalidating ../PolybenchC-Exo/medley/nussinov/nussinov.c
Invalidating ../PolybenchC-Exo/datamining/correlation/correlation.c
Invalidating ../PolybenchC-Exo/datamining/covariance/covariance.c
Invalidating ../PolybenchC-Exo/stencils/adi/adi.c
Invalidating ../PolybenchC-Exo/stencils/fdtd-2d/fdtd-2d.c
Invalidating ../PolybenchC-Exo/stencils/heat-3d/heat-3d.c
Invalidating ../PolybenchC-Exo/stencils/jacobi-1d/jacobi-1d.c
Invalidating ../PolybenchC-Exo/stencils/jacobi-2d/jacobi-2d.c
Invalidating ../PolybenchC-Exo/stencils/seidel-2d/seidel-2d.c
Processing C framework...
Processing Noarr framework...
Processing Halide framework...
Processing Exo framework...
Replacing /home/kleplj/translation/gpt-querying/../PolybenchC-Exo//linear-algebra/blas/gemm/gemm.c with /home/kleplj/translation/gpt-querying/../generated/exo/full/gemm-05/code.cpp
Replacing /home/kleplj/translation/gpt-querying/../PolybenchC-Exo//linear-algebra/blas/gemver/gemver.c with /home/kleplj/translation/gpt-querying/../generated/exo/full/gemver-05/code.cpp
Replacing /home/kleplj/translation/gpt-querying/../PolybenchC-Exo//linear-algebra/blas/gesummv/gesummv.c with /home/kleplj/translation/gpt-querying/../generated/exo/full/gesummv-05/code.cpp
Replacing /home/kleplj/translation/gpt-querying/../PolybenchC-Exo//linear-algebra/blas/symm/symm.c with /home/kleplj/translation/gpt-querying/../generated/exo/full/symm-05/code.cpp
Replacing /home/kleplj/translation/gpt-querying/../PolybenchC-Exo//linear-algebra/blas/syr2k/syr2k.c with /home/kleplj/translation/gpt-querying/../generated/exo/full/syr2k-05/code.cpp
Replacing /home/kleplj/translation/gpt-querying/../PolybenchC-Exo//linear-algebra/blas/syrk/syrk.c with /home/kleplj/translation/gpt-querying/../generated/exo/full/syrk-05/code.cpp
Replacing /home/kleplj/translation/gpt-querying/../PolybenchC-Exo//linear-algebra/blas/trmm/trmm.c with /home/kleplj/translation/gpt-querying/../generated/exo/full/trmm-05/code.cpp
Replacing /home/kleplj/translation/gpt-querying/../PolybenchC-Exo//linear-algebra/kernels/2mm/2mm.c with /home/kleplj/translation/gpt-querying/../generated/exo/full/2mm-05/code.cpp
Replacing /home/kleplj/translation/gpt-querying/../PolybenchC-Exo//linear-algebra/kernels/3mm/3mm.c with /home/kleplj/translation/gpt-querying/../generated/exo/full/3mm-05/code.cpp
Replacing /home/kleplj/translation/gpt-querying/../PolybenchC-Exo//linear-algebra/kernels/atax/atax.c with /home/kleplj/translation/gpt-querying/../generated/exo/full/atax-05/code.cpp
Replacing /home/kleplj/translation/gpt-querying/../PolybenchC-Exo//linear-algebra/kernels/bicg/bicg.c with /home/kleplj/translation/gpt-querying/../generated/exo/full/bicg-05/code.cpp
Replacing /home/kleplj/translation/gpt-querying/../PolybenchC-Exo//linear-algebra/kernels/doitgen/doitgen.c with /home/kleplj/translation/gpt-querying/../generated/exo/full/doitgen-05/code.cpp
Replacing /home/kleplj/translation/gpt-querying/../PolybenchC-Exo//linear-algebra/kernels/mvt/mvt.c with /home/kleplj/translation/gpt-querying/../generated/exo/full/mvt-05/code.cpp
Replacing /home/kleplj/translation/gpt-querying/../PolybenchC-Exo//linear-algebra/solvers/cholesky/cholesky.c with /home/kleplj/translation/gpt-querying/../generated/exo/full/cholesky-05/code.cpp
Replacing /home/kleplj/translation/gpt-querying/../PolybenchC-Exo//linear-algebra/solvers/durbin/durbin.c with /home/kleplj/translation/gpt-querying/../generated/exo/full/durbin-05/code.cpp
Replacing /home/kleplj/translation/gpt-querying/../PolybenchC-Exo//linear-algebra/solvers/gramschmidt/gramschmidt.c with /home/kleplj/translation/gpt-querying/../generated/exo/full/gramschmidt-05/code.cpp
Replacing /home/kleplj/translation/gpt-querying/../PolybenchC-Exo//linear-algebra/solvers/lu/lu.c with /home/kleplj/translation/gpt-querying/../generated/exo/full/lu-05/code.cpp
Replacing /home/kleplj/translation/gpt-querying/../PolybenchC-Exo//linear-algebra/solvers/ludcmp/ludcmp.c with /home/kleplj/translation/gpt-querying/../generated/exo/full/ludcmp-05/code.cpp
Replacing /home/kleplj/translation/gpt-querying/../PolybenchC-Exo//linear-algebra/solvers/trisolv/trisolv.c with /home/kleplj/translation/gpt-querying/../generated/exo/full/trisolv-05/code.cpp
Replacing /home/kleplj/translation/gpt-querying/../PolybenchC-Exo//medley/deriche/deriche.c with /home/kleplj/translation/gpt-querying/../generated/exo/full/deriche-05/code.cpp
Replacing /home/kleplj/translation/gpt-querying/../PolybenchC-Exo//medley/floyd-warshall/floyd-warshall.c with /home/kleplj/translation/gpt-querying/../generated/exo/full/floyd-warshall-05/code.cpp
Replacing /home/kleplj/translation/gpt-querying/../PolybenchC-Exo//medley/nussinov/nussinov.c with /home/kleplj/translation/gpt-querying/../generated/exo/full/nussinov-05/code.cpp
Replacing /home/kleplj/translation/gpt-querying/../PolybenchC-Exo//datamining/correlation/correlation.c with /home/kleplj/translation/gpt-querying/../generated/exo/full/correlation-05/code.cpp
Replacing /home/kleplj/translation/gpt-querying/../PolybenchC-Exo//datamining/covariance/covariance.c with /home/kleplj/translation/gpt-querying/../generated/exo/full/covariance-05/code.cpp
Replacing /home/kleplj/translation/gpt-querying/../PolybenchC-Exo//stencils/adi/adi.c with /home/kleplj/translation/gpt-querying/../generated/exo/full/adi-05/code.cpp
Replacing /home/kleplj/translation/gpt-querying/../PolybenchC-Exo//stencils/fdtd-2d/fdtd-2d.c with /home/kleplj/translation/gpt-querying/../generated/exo/full/fdtd-2d-05/code.cpp
Replacing /home/kleplj/translation/gpt-querying/../PolybenchC-Exo//stencils/heat-3d/heat-3d.c with /home/kleplj/translation/gpt-querying/../generated/exo/full/heat-3d-05/code.cpp
Replacing /home/kleplj/translation/gpt-querying/../PolybenchC-Exo//stencils/jacobi-1d/jacobi-1d.c with /home/kleplj/translation/gpt-querying/../generated/exo/full/jacobi-1d-05/code.cpp
Replacing /home/kleplj/translation/gpt-querying/../PolybenchC-Exo//stencils/jacobi-2d/jacobi-2d.c with /home/kleplj/translation/gpt-querying/../generated/exo/full/jacobi-2d-05/code.cpp
Replacing /home/kleplj/translation/gpt-querying/../PolybenchC-Exo//stencils/seidel-2d/seidel-2d.c with /home/kleplj/translation/gpt-querying/../generated/exo/full/seidel-2d-05/code.cpp
No postprocess.sh found in ../PolybenchC-Exo. Skipping.
Performing a clean build...
Processing gemm
Processing gemver
Processing gesummv
Processing symm
Processing syr2k
Processing syrk
Processing trmm
Processing 2mm
Processing 3mm
Processing atax
Processing bicg
Processing doitgen
Processing mvt
Processing cholesky
Processing durbin
Processing gramschmidt
Processing lu
Processing ludcmp
Processing trisolv
Processing correlation
Traceback (most recent call last):
  File "<stdin>", line 6, in <module>
  File "<frozen importlib._bootstrap_external>", line 850, in exec_module
  File "<frozen importlib._bootstrap>", line 228, in _call_with_frames_removed
  File "/tmp/slurm.270638/tmp.c9eI6twDIN/correlation.py", line 75, in <module>
    def kernel_correlation(
  File "/home/kleplj/translation/submodules/exo/src/exo/API.py", line 42, in proc
    parser = Parser(
  File "/home/kleplj/translation/submodules/exo/src/exo/frontend/pyparser.py", line 650, in __init__
    self._cached_result = self.parse_fdef(module_ast, instr=instr)
  File "/home/kleplj/translation/submodules/exo/src/exo/frontend/pyparser.py", line 816, in parse_fdef
    body = self.parse_stmt_block(pyast_body)
  File "/home/kleplj/translation/submodules/exo/src/exo/frontend/pyparser.py", line 1254, in parse_stmt_block
    body = self.parse_stmt_block(s.body)
  File "/home/kleplj/translation/submodules/exo/src/exo/frontend/pyparser.py", line 1224, in parse_stmt_block
    self.err(s, "only += and -= reductions currently supported")
  File "/home/kleplj/translation/submodules/exo/src/exo/frontend/pyparser.py", line 691, in err
    raise ParseError(f"{self.getsrcinfo(node)}: {errstr}") from origin
exo.frontend.pyparser.ParseError: /tmp/slurm.270638/tmp.c9eI6twDIN/correlation.py:92:8: only += and -= reductions currently supported
Error: Generating C code for datamining/correlation/correlation.c failed
Processing covariance
Processing adi
Traceback (most recent call last):
  File "<stdin>", line 6, in <module>
  File "<frozen importlib._bootstrap_external>", line 850, in exec_module
  File "<frozen importlib._bootstrap>", line 228, in _call_with_frames_removed
  File "/tmp/slurm.270638/tmp.c9eI6twDIN/adi.py", line 8, in <module>
    def kernel_adi(
  File "/home/kleplj/translation/submodules/exo/src/exo/API.py", line 49, in proc
    return Procedure(parser.result())
  File "/home/kleplj/translation/submodules/exo/src/exo/API.py", line 170, in __init__
    CheckBounds(proc)
  File "/home/kleplj/translation/submodules/exo/src/exo/frontend/boundscheck.py", line 582, in __init__
    raise TypeError(
TypeError: Errors occurred during effect checking:
/tmp/slurm.270638/tmp.c9eI6twDIN/adi.py:64:8: expected expression Effects.BinOp(op='-', lhs=Effects.BinOp(op='-', lhs=Effects.Var(name=n_2, type=LoopIR.Size(), srcinfo=<exo.core.prelude.SrcInfo object at 0x150bf4b04850>), rhs=Effects.Const(val=1, type=LoopIR.Int(), srcinfo=<exo.core.prelude.SrcInfo object at 0x150bf4b04670>), type=LoopIR.Size(), srcinfo=<exo.core.prelude.SrcInfo object at 0x150bf4b046a0>), rhs=Effects.Const(val=1, type=LoopIR.Int(), srcinfo=<exo.core.prelude.SrcInfo object at 0x150bf4b04580>), type=LoopIR.Index(), srcinfo=<exo.core.prelude.SrcInfo object at 0x150bf4b04d00>) to always be non-negative. It can be negative when:
   tsteps = 1, n = 1, u_stride_1 = 1, v_stride_1 = 1, p_stride_1 = 1, q_stride_1 = 1, t = 1.
/tmp/slurm.270638/tmp.c9eI6twDIN/adi.py:44:8: expected expression Effects.BinOp(op='-', lhs=Effects.BinOp(op='-', lhs=Effects.Var(name=n_2, type=LoopIR.Size(), srcinfo=<exo.core.prelude.SrcInfo object at 0x150bf4b34eb0>), rhs=Effects.Const(val=1, type=LoopIR.Int(), srcinfo=<exo.core.prelude.SrcInfo object at 0x150bf4b34ee0>), type=LoopIR.Size(), srcinfo=<exo.core.prelude.SrcInfo object at 0x150bf4b34e50>), rhs=Effects.Const(val=1, type=LoopIR.Int(), srcinfo=<exo.core.prelude.SrcInfo object at 0x150bf4b34e80>), type=LoopIR.Index(), srcinfo=<exo.core.prelude.SrcInfo object at 0x150bf4b34b20>) to always be non-negative. It can be negative when:
   tsteps = 1, n = 1, u_stride_1 = 1, v_stride_1 = 1, p_stride_1 = 1, q_stride_1 = 1, t = 1.
Error: Generating C code for stencils/adi/adi.c failed
Processing fdtd-2d
Processing heat-3d
Processing jacobi-1d
Processing jacobi-2d
Processing seidel-2d
Processing deriche
Processing floyd-warshall
Processing nussinov
exo (standard):
exo (standard):
No translation frameworks available to run for algorithm adi. Skipping.
exo (standard):
exo (standard):
exo (standard):
No translation frameworks available to run for algorithm correlation. Skipping.
exo (standard):
exo (standard):
exo (standard):
exo (standard):
exo (standard):
exo (standard):
exo (standard):
exo (standard):
exo (standard):
Token 604105 differs: 3.0 vs 1.18 (tolerance 0.01 + 2e-07 * |3.0| = 0.0100006)
Mismatch detected for translation exo gramschmidt (tolerance 1e-2 abs, 2e-7 rel).
exo (standard):
exo (standard):
exo (standard):
exo (standard):
exo (standard):
exo (standard):
exo (standard):
exo (standard):
exo (standard):
exo (standard):
exo (standard):
exo (standard):
exo (standard):
