-- The C compiler identification is GNU 15.2.0
-- Detecting C compiler ABI info
-- Detecting C compiler ABI info - done
-- Check for working C compiler: /usr/local/latestgcc/bin/gcc - skipped
-- Detecting C compile features
-- Detecting C compile features - done
-- Configuring done (0.4s)
-- Generating done (0.8s)
-- Build files have been written to: /home/kleplj/all_hints/optimization/all_hints/PolybenchC-4.2.1/build
[  7%] Building C object CMakeFiles/covariance.dir/datamining/covariance/covariance.c.o
[  7%] Building C object CMakeFiles/correlation.dir/datamining/correlation/correlation.c.o
[  7%] Building C object CMakeFiles/lu.dir/linear-algebra/solvers/lu/lu.c.o
[  7%] Building C object CMakeFiles/covariance.dir/utilities/polybench.c.o
[  7%] Building C object CMakeFiles/correlation.dir/utilities/polybench.c.o
[ 16%] Building C object CMakeFiles/durbin.dir/linear-algebra/solvers/durbin/durbin.c.o
[ 16%] Building C object CMakeFiles/lu.dir/utilities/polybench.c.o
[ 16%] Building C object CMakeFiles/syr2k.dir/linear-algebra/blas/syr2k/syr2k.c.o
[ 16%] Building C object CMakeFiles/cholesky.dir/utilities/polybench.c.o
[ 16%] Building C object CMakeFiles/cholesky.dir/linear-algebra/solvers/cholesky/cholesky.c.o
[ 16%] Building C object CMakeFiles/gramschmidt.dir/linear-algebra/solvers/gramschmidt/gramschmidt.c.o
[ 16%] Building C object CMakeFiles/gemm.dir/utilities/polybench.c.o
[ 44%] Building C object CMakeFiles/nussinov.dir/utilities/polybench.c.o
[ 66%] Building C object CMakeFiles/trmm.dir/linear-algebra/blas/trmm/trmm.c.o
[ 66%] Building C object CMakeFiles/symm.dir/utilities/polybench.c.o
[ 66%] Building C object CMakeFiles/gemver.dir/utilities/polybench.c.o
[ 66%] Building C object CMakeFiles/syr2k.dir/utilities/polybench.c.o
[ 66%] Building C object CMakeFiles/durbin.dir/utilities/polybench.c.o
[ 66%] Building C object CMakeFiles/gesummv.dir/linear-algebra/blas/gesummv/gesummv.c.o
[ 66%] Building C object CMakeFiles/nussinov.dir/medley/nussinov/nussinov.c.o
[ 66%] Building C object CMakeFiles/trisolv.dir/linear-algebra/solvers/trisolv/trisolv.c.o
[ 66%] Building C object CMakeFiles/syrk.dir/linear-algebra/blas/syrk/syrk.c.o
[ 66%] Building C object CMakeFiles/gemver.dir/linear-algebra/blas/gemver/gemver.c.o
[ 66%] Building C object CMakeFiles/ludcmp.dir/utilities/polybench.c.o
[ 66%] Building C object CMakeFiles/2mm.dir/linear-algebra/kernels/2mm/2mm.c.o
[ 66%] Building C object CMakeFiles/heat-3d.dir/utilities/polybench.c.o
[ 66%] Building C object CMakeFiles/fdtd-2d.dir/utilities/polybench.c.o
[ 66%] Building C object CMakeFiles/heat-3d.dir/stencils/heat-3d/heat-3d.c.o
[ 66%] Building C object CMakeFiles/seidel-2d.dir/stencils/seidel-2d/seidel-2d.c.o
[ 66%] Building C object CMakeFiles/adi.dir/stencils/adi/adi.c.o
[ 66%] Building C object CMakeFiles/gramschmidt.dir/utilities/polybench.c.o
[ 66%] Building C object CMakeFiles/jacobi-1d.dir/utilities/polybench.c.o
[ 66%] Building C object CMakeFiles/doitgen.dir/linear-algebra/kernels/doitgen/doitgen.c.o
[ 66%] Building C object CMakeFiles/3mm.dir/linear-algebra/kernels/3mm/3mm.c.o
[ 66%] Building C object CMakeFiles/doitgen.dir/utilities/polybench.c.o
[ 66%] Building C object CMakeFiles/floyd-warshall.dir/utilities/polybench.c.o
[ 66%] Building C object CMakeFiles/gemm.dir/linear-algebra/blas/gemm/gemm.c.o
[ 66%] Building C object CMakeFiles/atax.dir/utilities/polybench.c.o
[ 66%] Building C object CMakeFiles/seidel-2d.dir/utilities/polybench.c.o
[ 66%] Building C object CMakeFiles/ludcmp.dir/linear-algebra/solvers/ludcmp/ludcmp.c.o
[ 66%] Building C object CMakeFiles/mvt.dir/linear-algebra/kernels/mvt/mvt.c.o
[ 66%] Building C object CMakeFiles/atax.dir/linear-algebra/kernels/atax/atax.c.o
[ 66%] Building C object CMakeFiles/3mm.dir/utilities/polybench.c.o
[ 66%] Building C object CMakeFiles/jacobi-2d.dir/stencils/jacobi-2d/jacobi-2d.c.o
[ 66%] Building C object CMakeFiles/deriche.dir/utilities/polybench.c.o
[ 66%] Building C object CMakeFiles/fdtd-2d.dir/stencils/fdtd-2d/fdtd-2d.c.o
[ 66%] Building C object CMakeFiles/floyd-warshall.dir/medley/floyd-warshall/floyd-warshall.c.o
[ 66%] Building C object CMakeFiles/jacobi-2d.dir/utilities/polybench.c.o
[ 66%] Building C object CMakeFiles/gesummv.dir/utilities/polybench.c.o
[ 66%] Building C object CMakeFiles/bicg.dir/linear-algebra/kernels/bicg/bicg.c.o
[ 66%] Building C object CMakeFiles/adi.dir/utilities/polybench.c.o
[ 66%] Building C object CMakeFiles/syrk.dir/utilities/polybench.c.o
[ 66%] Building C object CMakeFiles/trmm.dir/utilities/polybench.c.o
[ 66%] Building C object CMakeFiles/trisolv.dir/utilities/polybench.c.o
[ 66%] Building C object CMakeFiles/bicg.dir/utilities/polybench.c.o
[ 66%] Building C object CMakeFiles/deriche.dir/medley/deriche/deriche.c.o
[ 66%] Building C object CMakeFiles/mvt.dir/utilities/polybench.c.o
[ 66%] Building C object CMakeFiles/jacobi-1d.dir/stencils/jacobi-1d/jacobi-1d.c.o
[ 66%] Building C object CMakeFiles/2mm.dir/utilities/polybench.c.o
[ 66%] Building C object CMakeFiles/symm.dir/linear-algebra/blas/symm/symm.c.o
[ 67%] Linking C executable seidel-2d
[ 68%] Linking C executable nussinov
[ 70%] Linking C executable correlation
[ 72%] Linking C executable syr2k
[ 72%] Linking C executable trisolv
[ 73%] Linking C executable jacobi-1d
[ 75%] Linking C executable atax
[ 76%] Linking C executable durbin
[ 76%] Linking C executable gesummv
[ 77%] Linking C executable syrk
[ 78%] Linking C executable floyd-warshall
[ 78%] Built target seidel-2d
[ 80%] Linking C executable adi
[ 81%] Linking C executable fdtd-2d
[ 82%] Built target nussinov
[ 82%] Linking C executable deriche
[ 83%] Linking C executable mvt
[ 84%] Linking C executable gemm
[ 84%] Built target correlation
[ 86%] Linking C executable lu
[ 86%] Built target syr2k
[ 86%] Linking C executable gramschmidt
[ 88%] Linking C executable bicg
[ 88%] Built target trisolv
[ 90%] Linking C executable cholesky
[ 90%] Linking C executable gemver
[ 90%] Built target jacobi-1d
[ 90%] Built target durbin
[ 91%] Built target syrk
[ 91%] Linking C executable jacobi-2d
[ 92%] Built target floyd-warshall
[ 92%] Linking C executable trmm
[ 92%] Built target atax
[ 92%] Built target gesummv
[ 93%] Linking C executable covariance
[ 93%] Built target adi
[ 93%] Built target fdtd-2d
[ 93%] Built target deriche
[ 93%] Built target mvt
[ 94%] Linking C executable doitgen
[ 95%] Linking C executable 2mm
[ 96%] Linking C executable 3mm
[ 96%] Built target gemm
[ 96%] Built target gramschmidt
[ 96%] Built target lu
[ 96%] Built target cholesky
[ 96%] Built target bicg
[ 96%] Built target gemver
[ 97%] Linking C executable heat-3d
[ 97%] Built target jacobi-2d
[ 97%] Built target trmm
[ 97%] Built target covariance
[ 97%] Built target doitgen
[ 98%] Linking C executable symm
[ 98%] Built target 2mm
[ 98%] Built target 3mm
[ 98%] Built target heat-3d
[100%] Linking C executable ludcmp
[100%] Built target symm
[100%] Built target ludcmp
c,all_hints,2mm,0.000043,0.465,valid,1,MINI
c,all_hints,2mm,1,0.000044,1,MINI
c,all_hints,2mm,2,0.000045,1,MINI
c,all_hints,2mm,3,0.000043,1,MINI
c,all_hints,2mm,4,0.000043,1,MINI
c,all_hints,2mm,5,0.000043,1,MINI
c,all_hints,3mm,0.000021,1.524,valid,1,MINI
c,all_hints,3mm,1,0.000021,1,MINI
c,all_hints,3mm,2,0.000020,1,MINI
c,all_hints,3mm,3,0.000020,1,MINI
c,all_hints,3mm,4,0.000044,1,MINI
c,all_hints,3mm,5,0.000021,1,MINI
c,all_hints,adi,0.001161,0.109,valid,1,MINI
c,all_hints,adi,1,0.001123,1,MINI
c,all_hints,adi,2,0.001122,1,MINI
c,all_hints,adi,3,0.001087,1,MINI
c,all_hints,adi,4,0.001088,1,MINI
c,all_hints,adi,5,0.001175,1,MINI
c,all_hints,atax,0.000110,0.027,valid,1,MINI
c,all_hints,atax,1,0.000132,1,MINI
c,all_hints,atax,2,0.000124,1,MINI
c,all_hints,atax,3,0.000106,1,MINI
c,all_hints,atax,4,0.000176,1,MINI
c,all_hints,atax,5,0.000111,1,MINI
c,all_hints,bicg,0.000113,0.053,valid,1,MINI
c,all_hints,bicg,1,0.000135,1,MINI
c,all_hints,bicg,2,0.000106,1,MINI
c,all_hints,bicg,3,0.000123,1,MINI
c,all_hints,bicg,4,0.000117,1,MINI
c,all_hints,bicg,5,0.000117,1,MINI
c,all_hints,cholesky,0.000017,0.941,valid,1,MINI
c,all_hints,cholesky,1,0.000030,1,MINI
c,all_hints,cholesky,2,0.000015,1,MINI
c,all_hints,cholesky,3,0.000016,1,MINI
c,all_hints,cholesky,4,0.000015,1,MINI
c,all_hints,cholesky,5,0.000015,1,MINI
c,all_hints,correlation,0.000045,0.756,valid,1,MINI
c,all_hints,correlation,1,0.000048,1,MINI
c,all_hints,correlation,2,0.000044,1,MINI
c,all_hints,correlation,3,0.000046,1,MINI
c,all_hints,correlation,4,0.000045,1,MINI
c,all_hints,correlation,5,0.000045,1,MINI
c,all_hints,covariance,0.000123,0.285,valid,1,MINI
c,all_hints,covariance,1,0.000127,1,MINI
c,all_hints,covariance,2,0.000126,1,MINI
c,all_hints,covariance,3,0.000145,1,MINI
c,all_hints,covariance,4,0.000127,1,MINI
c,all_hints,covariance,5,0.000130,1,MINI
c,all_hints,deriche,0.000292,0.466,valid,1,MINI
c,all_hints,deriche,1,0.000277,1,MINI
c,all_hints,deriche,2,0.000302,1,MINI
c,all_hints,deriche,3,0.000287,1,MINI
c,all_hints,deriche,4,0.000308,1,MINI
c,all_hints,deriche,5,0.000336,1,MINI
c,all_hints,doitgen,0.000053,0.226,valid,1,MINI
c,all_hints,doitgen,1,0.000050,1,MINI
c,all_hints,doitgen,2,0.000063,1,MINI
c,all_hints,doitgen,3,0.000061,1,MINI
c,all_hints,doitgen,4,0.000053,1,MINI
c,all_hints,doitgen,5,0.000056,1,MINI
c,all_hints,durbin,0.000002,2.000,valid,1,MINI
c,all_hints,durbin,1,0.000002,1,MINI
c,all_hints,durbin,2,0.000002,1,MINI
c,all_hints,durbin,3,0.000003,1,MINI
c,all_hints,durbin,4,0.000002,1,MINI
c,all_hints,durbin,5,0.000003,1,MINI
c,all_hints,fdtd-2d,0.000683,0.026,valid,1,MINI
c,all_hints,fdtd-2d,1,0.000673,1,MINI
c,all_hints,fdtd-2d,2,0.000685,1,MINI
c,all_hints,fdtd-2d,3,0.000689,1,MINI
c,all_hints,fdtd-2d,4,0.000676,1,MINI
c,all_hints,fdtd-2d,5,0.000675,1,MINI
c,all_hints,floyd-warshall,0.001349,0.181,valid,1,MINI
c,all_hints,floyd-warshall,1,0.001440,1,MINI
c,all_hints,floyd-warshall,2,0.001374,1,MINI
c,all_hints,floyd-warshall,3,0.001350,1,MINI
c,all_hints,floyd-warshall,4,0.001396,1,MINI
c,all_hints,floyd-warshall,5,0.001321,1,MINI
c,all_hints,gemm,0.000057,0.088,valid,1,MINI
c,all_hints,gemm,1,0.000058,1,MINI
c,all_hints,gemm,2,0.000060,1,MINI
c,all_hints,gemm,3,0.000060,1,MINI
c,all_hints,gemm,4,0.000057,1,MINI
c,all_hints,gemm,5,0.000057,1,MINI
c,all_hints,gemver,0.000112,0.054,valid,1,MINI
c,all_hints,gemver,1,0.000108,1,MINI
c,all_hints,gemver,2,0.000110,1,MINI
c,all_hints,gemver,3,0.000115,1,MINI
c,all_hints,gemver,4,0.000106,1,MINI
c,all_hints,gemver,5,0.000106,1,MINI
c,all_hints,gesummv,0.000005,0.800,valid,1,MINI
c,all_hints,gesummv,1,0.000005,1,MINI
c,all_hints,gesummv,2,0.000006,1,MINI
c,all_hints,gesummv,3,0.000005,1,MINI
c,all_hints,gesummv,4,0.000005,1,MINI
c,all_hints,gesummv,5,0.000005,1,MINI
c,all_hints,gramschmidt,0.000077,,invalid,1,MINI
c,all_hints,heat-3d,0.001038,0.036,valid,1,MINI
c,all_hints,heat-3d,1,0.001047,1,MINI
c,all_hints,heat-3d,2,0.001044,1,MINI
c,all_hints,heat-3d,3,0.001033,1,MINI
c,all_hints,heat-3d,4,0.001065,1,MINI
c,all_hints,heat-3d,5,0.001019,1,MINI
c,all_hints,jacobi-1d,0.000325,0.003,valid,1,MINI
c,all_hints,jacobi-1d,1,0.000320,1,MINI
c,all_hints,jacobi-1d,2,0.000330,1,MINI
c,all_hints,jacobi-1d,3,0.000352,1,MINI
c,all_hints,jacobi-1d,4,0.000325,1,MINI
c,all_hints,jacobi-1d,5,0.000367,1,MINI
c,all_hints,jacobi-2d,0.000453,0.077,valid,1,MINI
c,all_hints,jacobi-2d,1,0.000433,1,MINI
c,all_hints,jacobi-2d,2,0.000419,1,MINI
c,all_hints,jacobi-2d,3,0.000501,1,MINI
c,all_hints,jacobi-2d,4,0.000491,1,MINI
c,all_hints,jacobi-2d,5,0.000506,1,MINI
c,all_hints,lu,0.000031,1.000,valid,1,MINI
c,all_hints,lu,1,0.000031,1,MINI
c,all_hints,lu,2,0.000030,1,MINI
c,all_hints,lu,3,0.000021,1,MINI
c,all_hints,lu,4,0.000031,1,MINI
c,all_hints,lu,5,0.000020,1,MINI
c,all_hints,ludcmp,0.000035,0.829,valid,1,MINI
c,all_hints,ludcmp,1,0.000035,1,MINI
c,all_hints,ludcmp,2,0.000034,1,MINI
c,all_hints,ludcmp,3,0.000036,1,MINI
c,all_hints,ludcmp,4,0.000024,1,MINI
c,all_hints,ludcmp,5,0.000035,1,MINI
c,all_hints,mvt,0.000002,2.000,valid,1,MINI
c,all_hints,mvt,1,0.000002,1,MINI
c,all_hints,mvt,2,0.000002,1,MINI
c,all_hints,mvt,3,0.000002,1,MINI
c,all_hints,mvt,4,0.000002,1,MINI
c,all_hints,mvt,5,0.000002,1,MINI
c,all_hints,nussinov,0.000150,0.760,valid,1,MINI
c,all_hints,nussinov,1,0.000150,1,MINI
c,all_hints,nussinov,2,0.000150,1,MINI
c,all_hints,nussinov,3,0.000149,1,MINI
c,all_hints,nussinov,4,0.000150,1,MINI
c,all_hints,nussinov,5,0.000149,1,MINI
c,all_hints,seidel-2d,0.000259,1.394,valid,1,MINI
c,all_hints,seidel-2d,1,0.000272,1,MINI
c,all_hints,seidel-2d,2,0.000259,1,MINI
c,all_hints,seidel-2d,3,0.000258,1,MINI
c,all_hints,seidel-2d,4,0.000270,1,MINI
c,all_hints,seidel-2d,5,0.000259,1,MINI
c,all_hints,symm,0.000110,0.145,valid,1,MINI
c,all_hints,symm,1,0.000109,1,MINI
c,all_hints,symm,2,0.000107,1,MINI
c,all_hints,symm,3,0.000107,1,MINI
c,all_hints,symm,4,0.000117,1,MINI
c,all_hints,symm,5,0.000110,1,MINI
c,all_hints,syr2k,0.000051,0.294,valid,1,MINI
c,all_hints,syr2k,1,0.000051,1,MINI
c,all_hints,syr2k,2,0.000047,1,MINI
c,all_hints,syr2k,3,0.000047,1,MINI
c,all_hints,syr2k,4,0.000049,1,MINI
c,all_hints,syr2k,5,0.000048,1,MINI
c,all_hints,syrk,0.000032,0.219,valid,1,MINI
c,all_hints,syrk,1,0.000034,1,MINI
c,all_hints,syrk,2,0.000034,1,MINI
c,all_hints,syrk,3,0.000035,1,MINI
c,all_hints,syrk,4,0.000033,1,MINI
c,all_hints,syrk,5,0.000034,1,MINI
c,all_hints,trisolv,0.000003,,invalid,1,MINI
c,all_hints,trmm,0.000031,0.226,valid,1,MINI
c,all_hints,trmm,1,0.000029,1,MINI
c,all_hints,trmm,2,0.000029,1,MINI
c,all_hints,trmm,3,0.000029,1,MINI
c,all_hints,trmm,4,0.000029,1,MINI
c,all_hints,trmm,5,0.000028,1,MINI
-- The C compiler identification is GNU 15.2.0
-- Detecting C compiler ABI info
-- Detecting C compiler ABI info - done
-- Check for working C compiler: /usr/local/latestgcc/bin/gcc - skipped
-- Detecting C compile features
-- Detecting C compile features - done
-- Configuring done (0.4s)
-- Generating done (0.8s)
-- Build files have been written to: /home/kleplj/all_hints/optimization/all_hints/PolybenchC-4.2.1/build
[  5%] Building C object CMakeFiles/covariance.dir/datamining/covariance/covariance.c.o
[  7%] Building C object CMakeFiles/cholesky.dir/linear-algebra/solvers/cholesky/cholesky.c.o
[  7%] Building C object CMakeFiles/covariance.dir/utilities/polybench.c.o
[  7%] Building C object CMakeFiles/correlation.dir/datamining/correlation/correlation.c.o
[  7%] Building C object CMakeFiles/correlation.dir/utilities/polybench.c.o
[ 30%] Building C object CMakeFiles/gemver.dir/utilities/polybench.c.o
[ 66%] Building C object CMakeFiles/trisolv.dir/utilities/polybench.c.o
[ 66%] Building C object CMakeFiles/trisolv.dir/linear-algebra/solvers/trisolv/trisolv.c.o
[ 66%] Building C object CMakeFiles/gemver.dir/linear-algebra/blas/gemver/gemver.c.o
[ 66%] Building C object CMakeFiles/lu.dir/linear-algebra/solvers/lu/lu.c.o
[ 66%] Building C object CMakeFiles/syr2k.dir/linear-algebra/blas/syr2k/syr2k.c.o
[ 66%] Building C object CMakeFiles/2mm.dir/linear-algebra/kernels/2mm/2mm.c.o
[ 66%] Building C object CMakeFiles/syrk.dir/linear-algebra/blas/syrk/syrk.c.o
[ 66%] Building C object CMakeFiles/lu.dir/utilities/polybench.c.o
[ 66%] Building C object CMakeFiles/gemm.dir/utilities/polybench.c.o
[ 66%] Building C object CMakeFiles/adi.dir/stencils/adi/adi.c.o
[ 66%] Building C object CMakeFiles/ludcmp.dir/utilities/polybench.c.o
[ 66%] Building C object CMakeFiles/seidel-2d.dir/stencils/seidel-2d/seidel-2d.c.o
[ 66%] Building C object CMakeFiles/ludcmp.dir/linear-algebra/solvers/ludcmp/ludcmp.c.o
[ 66%] Building C object CMakeFiles/fdtd-2d.dir/utilities/polybench.c.o
[ 66%] Building C object CMakeFiles/jacobi-2d.dir/stencils/jacobi-2d/jacobi-2d.c.o
[ 66%] Building C object CMakeFiles/deriche.dir/medley/deriche/deriche.c.o
[ 66%] Building C object CMakeFiles/floyd-warshall.dir/utilities/polybench.c.o
[ 66%] Building C object CMakeFiles/jacobi-1d.dir/stencils/jacobi-1d/jacobi-1d.c.o
[ 66%] Building C object CMakeFiles/deriche.dir/utilities/polybench.c.o
[ 66%] Building C object CMakeFiles/nussinov.dir/utilities/polybench.c.o
[ 66%] Building C object CMakeFiles/fdtd-2d.dir/stencils/fdtd-2d/fdtd-2d.c.o
[ 66%] Building C object CMakeFiles/floyd-warshall.dir/medley/floyd-warshall/floyd-warshall.c.o
[ 66%] Building C object CMakeFiles/doitgen.dir/linear-algebra/kernels/doitgen/doitgen.c.o
[ 66%] Building C object CMakeFiles/trmm.dir/linear-algebra/blas/trmm/trmm.c.o
[ 66%] Building C object CMakeFiles/2mm.dir/utilities/polybench.c.o
[ 66%] Building C object CMakeFiles/doitgen.dir/utilities/polybench.c.o
[ 66%] Building C object CMakeFiles/atax.dir/utilities/polybench.c.o
[ 66%] Building C object CMakeFiles/atax.dir/linear-algebra/kernels/atax/atax.c.o
[ 66%] Building C object CMakeFiles/3mm.dir/linear-algebra/kernels/3mm/3mm.c.o
[ 66%] Building C object CMakeFiles/bicg.dir/utilities/polybench.c.o
[ 66%] Building C object CMakeFiles/syrk.dir/utilities/polybench.c.o
[ 66%] Building C object CMakeFiles/trmm.dir/utilities/polybench.c.o
[ 66%] Building C object CMakeFiles/durbin.dir/linear-algebra/solvers/durbin/durbin.c.o
[ 66%] Building C object CMakeFiles/gesummv.dir/utilities/polybench.c.o
[ 66%] Building C object CMakeFiles/syr2k.dir/utilities/polybench.c.o
[ 66%] Building C object CMakeFiles/symm.dir/utilities/polybench.c.o
[ 66%] Building C object CMakeFiles/gemm.dir/linear-algebra/blas/gemm/gemm.c.o
[ 66%] Building C object CMakeFiles/gesummv.dir/linear-algebra/blas/gesummv/gesummv.c.o
[ 66%] Building C object CMakeFiles/mvt.dir/linear-algebra/kernels/mvt/mvt.c.o
[ 66%] Building C object CMakeFiles/cholesky.dir/utilities/polybench.c.o
[ 66%] Building C object CMakeFiles/jacobi-1d.dir/utilities/polybench.c.o
[ 66%] Building C object CMakeFiles/heat-3d.dir/stencils/heat-3d/heat-3d.c.o
[ 66%] Building C object CMakeFiles/seidel-2d.dir/utilities/polybench.c.o
[ 66%] Building C object CMakeFiles/heat-3d.dir/utilities/polybench.c.o
[ 66%] Building C object CMakeFiles/nussinov.dir/medley/nussinov/nussinov.c.o
[ 66%] Building C object CMakeFiles/3mm.dir/utilities/polybench.c.o
[ 66%] Building C object CMakeFiles/mvt.dir/utilities/polybench.c.o
[ 66%] Building C object CMakeFiles/bicg.dir/linear-algebra/kernels/bicg/bicg.c.o
[ 66%] Building C object CMakeFiles/adi.dir/utilities/polybench.c.o
[ 66%] Building C object CMakeFiles/gramschmidt.dir/utilities/polybench.c.o
[ 66%] Building C object CMakeFiles/jacobi-2d.dir/utilities/polybench.c.o
[ 66%] Building C object CMakeFiles/gramschmidt.dir/linear-algebra/solvers/gramschmidt/gramschmidt.c.o
[ 66%] Building C object CMakeFiles/durbin.dir/utilities/polybench.c.o
[ 66%] Building C object CMakeFiles/symm.dir/linear-algebra/blas/symm/symm.c.o
[ 67%] Linking C executable seidel-2d
[ 68%] Linking C executable covariance
[ 71%] Linking C executable syrk
[ 71%] Linking C executable syr2k
[ 72%] Linking C executable trmm
[ 73%] Built target seidel-2d
[ 73%] Linking C executable jacobi-1d
[ 74%] Linking C executable deriche
[ 75%] Linking C executable fdtd-2d
[ 76%] Linking C executable gesummv
[ 78%] Linking C executable cholesky
[ 78%] Linking C executable trisolv
[ 78%] Built target covariance
[ 81%] Linking C executable mvt
[ 81%] Linking C executable symm
[ 82%] Built target syrk
[ 82%] Linking C executable jacobi-2d
[ 82%] Built target syr2k
[ 83%] Linking C executable adi
[ 83%] Built target trmm
[ 83%] Built target jacobi-1d
[ 83%] Built target deriche
[ 84%] Built target fdtd-2d
[ 84%] Linking C executable gemm
[ 84%] Built target gesummv
[ 84%] Built target trisolv
[ 84%] Built target cholesky
[ 85%] Linking C executable gemver
[ 86%] Linking C executable correlation
[ 86%] Built target symm
[ 86%] Built target mvt
[ 88%] Linking C executable 2mm
[ 88%] Linking C executable doitgen
[ 88%] Built target jacobi-2d
[ 90%] Built target adi
[ 91%] Linking C executable atax
[ 91%] Linking C executable gramschmidt
[ 92%] Linking C executable lu
[ 92%] Built target gemm
[ 93%] Linking C executable 3mm
[ 93%] Built target gemver
[ 93%] Built target correlation
[ 94%] Linking C executable ludcmp
[ 94%] Built target 2mm
[ 94%] Built target doitgen
[ 95%] Linking C executable floyd-warshall
[ 95%] Built target atax
[ 95%] Built target gramschmidt
[ 95%] Built target lu
[ 95%] Built target 3mm
[ 95%] Built target ludcmp
[ 95%] Built target floyd-warshall
c,all_hints,2mm,0.000039,0.513,valid,2,MINI
c,all_hints,2mm,1,0.000038,2,MINI
c,all_hints,2mm,2,0.000038,2,MINI
c,all_hints,2mm,3,0.000037,2,MINI
c,all_hints,2mm,4,0.000039,2,MINI
c,all_hints,2mm,5,0.000036,2,MINI
c,all_hints,3mm,0.000062,0.516,valid,2,MINI
c,all_hints,3mm,1,0.000072,2,MINI
c,all_hints,3mm,2,0.000062,2,MINI
c,all_hints,3mm,3,0.000071,2,MINI
c,all_hints,3mm,4,0.000075,2,MINI
c,all_hints,3mm,5,0.000069,2,MINI
c,all_hints,adi,0.000435,0.294,valid,2,MINI
c,all_hints,adi,1,0.000458,2,MINI
c,all_hints,adi,2,0.000450,2,MINI
c,all_hints,adi,3,0.000467,2,MINI
c,all_hints,adi,4,0.000485,2,MINI
c,all_hints,adi,5,0.000432,2,MINI
c,all_hints,atax,0.000031,0.097,valid,2,MINI
c,all_hints,atax,1,0.000031,2,MINI
c,all_hints,atax,2,0.000028,2,MINI
c,all_hints,atax,3,0.000028,2,MINI
c,all_hints,atax,4,0.000028,2,MINI
c,all_hints,atax,5,0.000030,2,MINI
c,all_hints,bicg,,,illegal,2,MINI
c,all_hints,cholesky,0.000015,1.067,valid,2,MINI
c,all_hints,cholesky,1,0.000015,2,MINI
c,all_hints,cholesky,2,0.000015,2,MINI
c,all_hints,cholesky,3,0.000027,2,MINI
c,all_hints,cholesky,4,0.000015,2,MINI
c,all_hints,cholesky,5,0.000014,2,MINI
c,all_hints,correlation,0.000045,0.756,valid,2,MINI
c,all_hints,correlation,1,0.000045,2,MINI
c,all_hints,correlation,2,0.000045,2,MINI
c,all_hints,correlation,3,0.000048,2,MINI
c,all_hints,correlation,4,0.000047,2,MINI
c,all_hints,correlation,5,0.000045,2,MINI
c,all_hints,covariance,0.000041,0.854,valid,2,MINI
c,all_hints,covariance,1,0.000031,2,MINI
c,all_hints,covariance,2,0.000030,2,MINI
c,all_hints,covariance,3,0.000030,2,MINI
c,all_hints,covariance,4,0.000030,2,MINI
c,all_hints,covariance,5,0.000030,2,MINI
c,all_hints,deriche,0.000133,1.068,valid,2,MINI
c,all_hints,deriche,1,0.000150,2,MINI
c,all_hints,deriche,2,0.000134,2,MINI
c,all_hints,deriche,3,0.000132,2,MINI
c,all_hints,deriche,4,0.000133,2,MINI
c,all_hints,deriche,5,0.000128,2,MINI
c,all_hints,doitgen,0.000053,0.226,valid,2,MINI
c,all_hints,doitgen,1,0.000057,2,MINI
c,all_hints,doitgen,2,0.000051,2,MINI
c,all_hints,doitgen,3,0.000058,2,MINI
c,all_hints,doitgen,4,0.000058,2,MINI
c,all_hints,doitgen,5,0.000060,2,MINI
c,all_hints,durbin,,,illegal,2,MINI
c,all_hints,fdtd-2d,0.000834,0.034,valid,2,MINI
c,all_hints,fdtd-2d,1,0.000832,2,MINI
c,all_hints,fdtd-2d,2,0.000809,2,MINI
c,all_hints,fdtd-2d,3,0.000841,2,MINI
c,all_hints,fdtd-2d,4,0.000830,2,MINI
c,all_hints,fdtd-2d,5,0.000817,2,MINI
c,all_hints,floyd-warshall,0.001441,0.169,valid,2,MINI
c,all_hints,floyd-warshall,1,0.001350,2,MINI
c,all_hints,floyd-warshall,2,0.002125,2,MINI
c,all_hints,floyd-warshall,3,0.001331,2,MINI
c,all_hints,floyd-warshall,4,0.001402,2,MINI
c,all_hints,floyd-warshall,5,0.001378,2,MINI
c,all_hints,gemm,0.000035,0.171,valid,2,MINI
c,all_hints,gemm,1,0.000036,2,MINI
c,all_hints,gemm,2,0.000032,2,MINI
c,all_hints,gemm,3,0.000033,2,MINI
c,all_hints,gemm,4,0.000033,2,MINI
c,all_hints,gemm,5,0.000038,2,MINI
c,all_hints,gemver,0.000206,0.029,valid,2,MINI
c,all_hints,gemver,1,0.000205,2,MINI
c,all_hints,gemver,2,0.000236,2,MINI
c,all_hints,gemver,3,0.000204,2,MINI
c,all_hints,gemver,4,0.000196,2,MINI
c,all_hints,gemver,5,0.000188,2,MINI
c,all_hints,gesummv,0.000006,0.500,valid,2,MINI
c,all_hints,gesummv,1,0.000005,2,MINI
c,all_hints,gesummv,2,0.000005,2,MINI
c,all_hints,gesummv,3,0.000005,2,MINI
c,all_hints,gesummv,4,0.000005,2,MINI
c,all_hints,gesummv,5,0.000005,2,MINI
c,all_hints,gramschmidt,0.025284,,invalid,2,MINI
c,all_hints,heat-3d,,,illegal,2,MINI
c,all_hints,jacobi-1d,0.000333,0.003,valid,2,MINI
c,all_hints,jacobi-1d,1,0.000327,2,MINI
c,all_hints,jacobi-1d,2,0.000324,2,MINI
c,all_hints,jacobi-1d,3,0.000337,2,MINI
c,all_hints,jacobi-1d,4,0.000390,2,MINI
c,all_hints,jacobi-1d,5,0.000338,2,MINI
c,all_hints,jacobi-2d,0.000368,0.095,valid,2,MINI
c,all_hints,jacobi-2d,1,0.000389,2,MINI
c,all_hints,jacobi-2d,2,0.000438,2,MINI
c,all_hints,jacobi-2d,3,0.000366,2,MINI
c,all_hints,jacobi-2d,4,0.000362,2,MINI
c,all_hints,jacobi-2d,5,0.000370,2,MINI
c,all_hints,lu,0.000031,0.968,valid,2,MINI
c,all_hints,lu,1,0.000021,2,MINI
c,all_hints,lu,2,0.000031,2,MINI
c,all_hints,lu,3,0.000020,2,MINI
c,all_hints,lu,4,0.000030,2,MINI
c,all_hints,lu,5,0.000020,2,MINI
c,all_hints,ludcmp,0.000033,0.909,valid,2,MINI
c,all_hints,ludcmp,1,0.000033,2,MINI
c,all_hints,ludcmp,2,0.000031,2,MINI
c,all_hints,ludcmp,3,0.000022,2,MINI
c,all_hints,ludcmp,4,0.000032,2,MINI
c,all_hints,ludcmp,5,0.000032,2,MINI
c,all_hints,mvt,0.000043,0.116,valid,2,MINI
c,all_hints,mvt,1,0.000045,2,MINI
c,all_hints,mvt,2,0.000044,2,MINI
c,all_hints,mvt,3,0.000043,2,MINI
c,all_hints,mvt,4,0.000039,2,MINI
c,all_hints,mvt,5,0.000044,2,MINI
c,all_hints,nussinov,,,illegal,2,MINI
c,all_hints,seidel-2d,0.000379,0.913,valid,2,MINI
c,all_hints,seidel-2d,1,0.000368,2,MINI
c,all_hints,seidel-2d,2,0.000368,2,MINI
c,all_hints,seidel-2d,3,0.000367,2,MINI
c,all_hints,seidel-2d,4,0.000367,2,MINI
c,all_hints,seidel-2d,5,0.000367,2,MINI
c,all_hints,symm,0.000004,3.500,valid,2,MINI
c,all_hints,symm,1,0.000004,2,MINI
c,all_hints,symm,2,0.000004,2,MINI
c,all_hints,symm,3,0.000005,2,MINI
c,all_hints,symm,4,0.000004,2,MINI
c,all_hints,symm,5,0.000004,2,MINI
c,all_hints,syr2k,0.000033,0.455,valid,2,MINI
c,all_hints,syr2k,1,0.000032,2,MINI
c,all_hints,syr2k,2,0.000033,2,MINI
c,all_hints,syr2k,3,0.000031,2,MINI
c,all_hints,syr2k,4,0.000032,2,MINI
c,all_hints,syr2k,5,0.000051,2,MINI
c,all_hints,syrk,0.000044,0.182,valid,2,MINI
c,all_hints,syrk,1,0.000028,2,MINI
c,all_hints,syrk,2,0.000033,2,MINI
c,all_hints,syrk,3,0.000031,2,MINI
c,all_hints,syrk,4,0.000029,2,MINI
c,all_hints,syrk,5,0.000031,2,MINI
c,all_hints,trisolv,0.000003,,invalid,2,MINI
c,all_hints,trmm,0.000002,4.000,valid,2,MINI
c,all_hints,trmm,1,0.000002,2,MINI
c,all_hints,trmm,2,0.000002,2,MINI
c,all_hints,trmm,3,0.000002,2,MINI
c,all_hints,trmm,4,0.000002,2,MINI
c,all_hints,trmm,5,0.000002,2,MINI
-- The C compiler identification is GNU 15.2.0
-- Detecting C compiler ABI info
-- Detecting C compiler ABI info - done
-- Check for working C compiler: /usr/local/latestgcc/bin/gcc - skipped
-- Detecting C compile features
-- Detecting C compile features - done
-- Configuring done (0.3s)
-- Generating done (0.8s)
-- Build files have been written to: /home/kleplj/all_hints/optimization/all_hints/PolybenchC-4.2.1/build
[  7%] Building C object CMakeFiles/cholesky.dir/linear-algebra/solvers/cholesky/cholesky.c.o
[  7%] Building C object CMakeFiles/correlation.dir/datamining/correlation/correlation.c.o
[  7%] Building C object CMakeFiles/covariance.dir/utilities/polybench.c.o
[  7%] Building C object CMakeFiles/covariance.dir/datamining/covariance/covariance.c.o
[ 14%] Building C object CMakeFiles/gemm.dir/linear-algebra/blas/gemm/gemm.c.o
[ 14%] Building C object CMakeFiles/lu.dir/linear-algebra/solvers/lu/lu.c.o
[ 14%] Building C object CMakeFiles/correlation.dir/utilities/polybench.c.o
[ 14%] Building C object CMakeFiles/gramschmidt.dir/linear-algebra/solvers/gramschmidt/gramschmidt.c.o
[ 14%] Building C object CMakeFiles/gramschmidt.dir/utilities/polybench.c.o
[ 14%] Building C object CMakeFiles/lu.dir/utilities/polybench.c.o
[ 36%] Building C object CMakeFiles/gemm.dir/utilities/polybench.c.o
[ 36%] Building C object CMakeFiles/3mm.dir/linear-algebra/kernels/3mm/3mm.c.o
[ 66%] Building C object CMakeFiles/durbin.dir/utilities/polybench.c.o
[ 66%] Building C object CMakeFiles/ludcmp.dir/linear-algebra/solvers/ludcmp/ludcmp.c.o
[ 66%] Building C object CMakeFiles/trisolv.dir/linear-algebra/solvers/trisolv/trisolv.c.o
[ 66%] Building C object CMakeFiles/atax.dir/linear-algebra/kernels/atax/atax.c.o
[ 66%] Building C object CMakeFiles/trisolv.dir/utilities/polybench.c.o
[ 66%] Building C object CMakeFiles/syr2k.dir/linear-algebra/blas/syr2k/syr2k.c.o
[ 66%] Building C object CMakeFiles/trmm.dir/linear-algebra/blas/trmm/trmm.c.o
[ 66%] Building C object CMakeFiles/ludcmp.dir/utilities/polybench.c.o
[ 66%] Building C object CMakeFiles/gesummv.dir/linear-algebra/blas/gesummv/gesummv.c.o
[ 66%] Building C object CMakeFiles/cholesky.dir/utilities/polybench.c.o
[ 66%] Building C object CMakeFiles/jacobi-1d.dir/utilities/polybench.c.o
[ 66%] Building C object CMakeFiles/fdtd-2d.dir/utilities/polybench.c.o
[ 66%] Building C object CMakeFiles/jacobi-1d.dir/stencils/jacobi-1d/jacobi-1d.c.o
[ 66%] Building C object CMakeFiles/fdtd-2d.dir/stencils/fdtd-2d/fdtd-2d.c.o
[ 66%] Building C object CMakeFiles/2mm.dir/utilities/polybench.c.o
[ 66%] Building C object CMakeFiles/durbin.dir/linear-algebra/solvers/durbin/durbin.c.o
[ 66%] Building C object CMakeFiles/adi.dir/stencils/adi/adi.c.o
[ 66%] Building C object CMakeFiles/jacobi-2d.dir/utilities/polybench.c.o
[ 66%] Building C object CMakeFiles/syr2k.dir/utilities/polybench.c.o
[ 66%] Building C object CMakeFiles/atax.dir/utilities/polybench.c.o
[ 66%] Building C object CMakeFiles/floyd-warshall.dir/medley/floyd-warshall/floyd-warshall.c.o
[ 66%] Building C object CMakeFiles/doitgen.dir/utilities/polybench.c.o
[ 66%] Building C object CMakeFiles/doitgen.dir/linear-algebra/kernels/doitgen/doitgen.c.o
[ 66%] Building C object CMakeFiles/syrk.dir/linear-algebra/blas/syrk/syrk.c.o
[ 66%] Building C object CMakeFiles/nussinov.dir/utilities/polybench.c.o
[ 66%] Building C object CMakeFiles/nussinov.dir/medley/nussinov/nussinov.c.o
[ 66%] Building C object CMakeFiles/syrk.dir/utilities/polybench.c.o
[ 66%] Building C object CMakeFiles/seidel-2d.dir/utilities/polybench.c.o
[ 66%] Building C object CMakeFiles/2mm.dir/linear-algebra/kernels/2mm/2mm.c.o
[ 66%] Building C object CMakeFiles/jacobi-2d.dir/stencils/jacobi-2d/jacobi-2d.c.o
[ 66%] Building C object CMakeFiles/bicg.dir/utilities/polybench.c.o
[ 66%] Building C object CMakeFiles/trmm.dir/utilities/polybench.c.o
[ 66%] Building C object CMakeFiles/seidel-2d.dir/stencils/seidel-2d/seidel-2d.c.o
[ 66%] Building C object CMakeFiles/heat-3d.dir/stencils/heat-3d/heat-3d.c.o
[ 66%] Building C object CMakeFiles/deriche.dir/utilities/polybench.c.o
[ 66%] Building C object CMakeFiles/symm.dir/utilities/polybench.c.o
[ 66%] Building C object CMakeFiles/floyd-warshall.dir/utilities/polybench.c.o
[ 66%] Building C object CMakeFiles/adi.dir/utilities/polybench.c.o
[ 66%] Building C object CMakeFiles/deriche.dir/medley/deriche/deriche.c.o
[ 66%] Building C object CMakeFiles/3mm.dir/utilities/polybench.c.o
[ 66%] Building C object CMakeFiles/heat-3d.dir/utilities/polybench.c.o
[ 66%] Building C object CMakeFiles/gemver.dir/utilities/polybench.c.o
[ 66%] Building C object CMakeFiles/mvt.dir/linear-algebra/kernels/mvt/mvt.c.o
[ 66%] Building C object CMakeFiles/gesummv.dir/utilities/polybench.c.o
[ 66%] Building C object CMakeFiles/mvt.dir/utilities/polybench.c.o
[ 66%] Building C object CMakeFiles/symm.dir/linear-algebra/blas/symm/symm.c.o
[ 66%] Building C object CMakeFiles/gemver.dir/linear-algebra/blas/gemver/gemver.c.o
[ 66%] Building C object CMakeFiles/bicg.dir/linear-algebra/kernels/bicg/bicg.c.o
[ 67%] Linking C executable trisolv
[ 70%] Linking C executable covariance
[ 70%] Linking C executable floyd-warshall
[ 71%] Linking C executable durbin
[ 73%] Linking C executable nussinov
[ 73%] Linking C executable seidel-2d
[ 74%] Linking C executable syrk
[ 75%] Linking C executable gesummv
[ 78%] Linking C executable trmm
[ 80%] Linking C executable cholesky
[ 80%] Linking C executable correlation
[ 80%] Linking C executable gemm
[ 81%] Linking C executable syr2k
[ 82%] Linking C executable bicg
[ 83%] Built target trisolv
[ 83%] Linking C executable adi
[ 84%] Built target covariance
[ 84%] Built target floyd-warshall
[ 84%] Linking C executable doitgen
[ 85%] Linking C executable mvt
[ 85%] Built target durbin
[ 86%] Linking C executable atax
[ 86%] Built target seidel-2d
[ 86%] Built target nussinov
[ 90%] Linking C executable gramschmidt
[ 90%] Linking C executable deriche
[ 90%] Linking C executable 2mm
[ 90%] Built target syrk
[ 90%] Built target gesummv
[ 91%] Linking C executable gemver
[ 91%] Built target correlation
[ 91%] Built target gemm
[ 91%] Built target cholesky
[ 91%] Built target trmm
[ 92%] Linking C executable lu
[ 92%] Built target syr2k
[ 93%] Linking C executable symm
[ 93%] Built target bicg
[ 93%] Built target doitgen
[ 93%] Built target adi
[ 93%] Built target mvt
[ 93%] Built target atax
[ 94%] Linking C executable heat-3d
[ 95%] Linking C executable jacobi-2d
[ 95%] Built target 2mm
[ 95%] Built target deriche
[ 95%] Built target gramschmidt
[ 95%] Built target gemver
[ 95%] Built target lu
[ 95%] Built target symm
[ 96%] Linking C executable ludcmp
[ 96%] Built target heat-3d
[ 96%] Built target jacobi-2d
[ 97%] Linking C executable fdtd-2d
[ 97%] Built target ludcmp
[ 97%] Built target fdtd-2d
c,all_hints,2mm,0.000017,1.118,valid,3,MINI
c,all_hints,2mm,1,0.000018,3,MINI
c,all_hints,2mm,2,0.000017,3,MINI
c,all_hints,2mm,3,0.000017,3,MINI
c,all_hints,2mm,4,0.000017,3,MINI
c,all_hints,2mm,5,0.000017,3,MINI
c,all_hints,3mm,,,illegal,3,MINI
c,all_hints,adi,0.000475,0.297,valid,3,MINI
c,all_hints,adi,1,0.000442,3,MINI
c,all_hints,adi,2,0.000490,3,MINI
c,all_hints,adi,3,0.000394,3,MINI
c,all_hints,adi,4,0.000488,3,MINI
c,all_hints,adi,5,0.000501,3,MINI
c,all_hints,atax,0.000007,0.429,valid,3,MINI
c,all_hints,atax,1,0.000008,3,MINI
c,all_hints,atax,2,0.000007,3,MINI
c,all_hints,atax,3,0.000007,3,MINI
c,all_hints,atax,4,0.000006,3,MINI
c,all_hints,atax,5,0.000006,3,MINI
c,all_hints,bicg,0.000119,0.042,valid,3,MINI
c,all_hints,bicg,1,0.000118,3,MINI
c,all_hints,bicg,2,0.000101,3,MINI
c,all_hints,bicg,3,0.000117,3,MINI
c,all_hints,bicg,4,0.000103,3,MINI
c,all_hints,bicg,5,0.000111,3,MINI
c,all_hints,cholesky,0.000018,0.833,valid,3,MINI
c,all_hints,cholesky,1,0.000018,3,MINI
c,all_hints,cholesky,2,0.000017,3,MINI
c,all_hints,cholesky,3,0.000018,3,MINI
c,all_hints,cholesky,4,0.000018,3,MINI
c,all_hints,cholesky,5,0.000017,3,MINI
c,all_hints,correlation,0.000139,0.237,valid,3,MINI
c,all_hints,correlation,1,0.000256,3,MINI
c,all_hints,correlation,2,0.000266,3,MINI
c,all_hints,correlation,3,0.000247,3,MINI
c,all_hints,correlation,4,0.000125,3,MINI
c,all_hints,correlation,5,0.000242,3,MINI
c,all_hints,covariance,0.000135,0.252,valid,3,MINI
c,all_hints,covariance,1,0.000133,3,MINI
c,all_hints,covariance,2,0.000188,3,MINI
c,all_hints,covariance,3,0.000209,3,MINI
c,all_hints,covariance,4,0.000106,3,MINI
c,all_hints,covariance,5,0.000179,3,MINI
c,all_hints,deriche,0.000265,0.555,valid,3,MINI
c,all_hints,deriche,1,0.000254,3,MINI
c,all_hints,deriche,2,0.000249,3,MINI
c,all_hints,deriche,3,0.000266,3,MINI
c,all_hints,deriche,4,0.000239,3,MINI
c,all_hints,deriche,5,0.000240,3,MINI
c,all_hints,doitgen,0.000044,0.273,valid,3,MINI
c,all_hints,doitgen,1,0.000086,3,MINI
c,all_hints,doitgen,2,0.000041,3,MINI
c,all_hints,doitgen,3,0.000046,3,MINI
c,all_hints,doitgen,4,0.000040,3,MINI
c,all_hints,doitgen,5,0.000053,3,MINI
c,all_hints,durbin,0.000002,2.000,valid,3,MINI
c,all_hints,durbin,1,0.000003,3,MINI
c,all_hints,durbin,2,0.000003,3,MINI
c,all_hints,durbin,3,0.000002,3,MINI
c,all_hints,durbin,4,0.000002,3,MINI
c,all_hints,durbin,5,0.000003,3,MINI
c,all_hints,fdtd-2d,,,illegal,3,MINI
c,all_hints,floyd-warshall,0.001672,0.154,valid,3,MINI
c,all_hints,floyd-warshall,1,0.001686,3,MINI
c,all_hints,floyd-warshall,2,0.001726,3,MINI
c,all_hints,floyd-warshall,3,0.001675,3,MINI
c,all_hints,floyd-warshall,4,0.001666,3,MINI
c,all_hints,floyd-warshall,5,0.001777,3,MINI
c,all_hints,gemm,0.000047,0.106,valid,3,MINI
c,all_hints,gemm,1,0.000052,3,MINI
c,all_hints,gemm,2,0.000043,3,MINI
c,all_hints,gemm,3,0.000044,3,MINI
c,all_hints,gemm,4,0.000042,3,MINI
c,all_hints,gemm,5,0.000042,3,MINI
c,all_hints,gemver,0.000060,0.100,valid,3,MINI
c,all_hints,gemver,1,0.000067,3,MINI
c,all_hints,gemver,2,0.000057,3,MINI
c,all_hints,gemver,3,0.000050,3,MINI
c,all_hints,gemver,4,0.000063,3,MINI
c,all_hints,gemver,5,0.000062,3,MINI
c,all_hints,gesummv,0.000032,0.125,valid,3,MINI
c,all_hints,gesummv,1,0.000032,3,MINI
c,all_hints,gesummv,2,0.000030,3,MINI
c,all_hints,gesummv,3,0.000029,3,MINI
c,all_hints,gesummv,4,0.000030,3,MINI
c,all_hints,gesummv,5,0.000030,3,MINI
c,all_hints,gramschmidt,0.000156,,invalid,3,MINI
c,all_hints,heat-3d,0.000335,0.110,valid,3,MINI
c,all_hints,heat-3d,1,0.000356,3,MINI
c,all_hints,heat-3d,2,0.000372,3,MINI
c,all_hints,heat-3d,3,0.000334,3,MINI
c,all_hints,heat-3d,4,0.000348,3,MINI
c,all_hints,heat-3d,5,0.000341,3,MINI
c,all_hints,jacobi-1d,,,illegal,3,MINI
c,all_hints,jacobi-2d,0.000372,0.129,valid,3,MINI
c,all_hints,jacobi-2d,1,0.000378,3,MINI
c,all_hints,jacobi-2d,2,0.000365,3,MINI
c,all_hints,jacobi-2d,3,0.000387,3,MINI
c,all_hints,jacobi-2d,4,0.000379,3,MINI
c,all_hints,jacobi-2d,5,0.000388,3,MINI
c,all_hints,lu,0.001049,0.029,valid,3,MINI
c,all_hints,lu,1,0.001045,3,MINI
c,all_hints,lu,2,0.001076,3,MINI
c,all_hints,lu,3,0.001147,3,MINI
c,all_hints,lu,4,0.001048,3,MINI
c,all_hints,lu,5,0.001068,3,MINI
c,all_hints,ludcmp,0.000029,1.034,valid,3,MINI
c,all_hints,ludcmp,1,0.000029,3,MINI
c,all_hints,ludcmp,2,0.000029,3,MINI
c,all_hints,ludcmp,3,0.000028,3,MINI
c,all_hints,ludcmp,4,0.000028,3,MINI
c,all_hints,ludcmp,5,0.000028,3,MINI
c,all_hints,mvt,0.000062,,invalid,3,MINI
c,all_hints,nussinov,0.001361,0.084,valid,3,MINI
c,all_hints,nussinov,1,0.001348,3,MINI
c,all_hints,nussinov,2,0.001435,3,MINI
c,all_hints,nussinov,3,0.001378,3,MINI
c,all_hints,nussinov,4,0.001365,3,MINI
c,all_hints,nussinov,5,0.001402,3,MINI
c,all_hints,seidel-2d,0.000369,0.938,valid,3,MINI
c,all_hints,seidel-2d,1,0.000399,3,MINI
c,all_hints,seidel-2d,2,0.000368,3,MINI
c,all_hints,seidel-2d,3,0.000394,3,MINI
c,all_hints,seidel-2d,4,0.000410,3,MINI
c,all_hints,seidel-2d,5,0.000378,3,MINI
c,all_hints,symm,0.000281,0.053,valid,3,MINI
c,all_hints,symm,1,0.000286,3,MINI
c,all_hints,symm,2,0.000260,3,MINI
c,all_hints,symm,3,0.000279,3,MINI
c,all_hints,symm,4,0.000268,3,MINI
c,all_hints,symm,5,0.000262,3,MINI
c,all_hints,syr2k,0.000036,0.417,valid,3,MINI
c,all_hints,syr2k,1,0.000044,3,MINI
c,all_hints,syr2k,2,0.000034,3,MINI
c,all_hints,syr2k,3,0.000033,3,MINI
c,all_hints,syr2k,4,0.000034,3,MINI
c,all_hints,syr2k,5,0.000033,3,MINI
c,all_hints,syrk,0.000028,0.286,valid,3,MINI
c,all_hints,syrk,1,0.000030,3,MINI
c,all_hints,syrk,2,0.000031,3,MINI
c,all_hints,syrk,3,0.000032,3,MINI
c,all_hints,syrk,4,0.000031,3,MINI
c,all_hints,syrk,5,0.000030,3,MINI
c,all_hints,trisolv,0.000002,0.500,valid,3,MINI
c,all_hints,trisolv,1,0.000002,3,MINI
c,all_hints,trisolv,2,0.000002,3,MINI
c,all_hints,trisolv,3,0.000002,3,MINI
c,all_hints,trisolv,4,0.000001,3,MINI
c,all_hints,trisolv,5,0.000002,3,MINI
c,all_hints,trmm,0.000002,3.500,valid,3,MINI
c,all_hints,trmm,1,0.000002,3,MINI
c,all_hints,trmm,2,0.000002,3,MINI
c,all_hints,trmm,3,0.000001,3,MINI
c,all_hints,trmm,4,0.000002,3,MINI
c,all_hints,trmm,5,0.000002,3,MINI
-- The C compiler identification is GNU 15.2.0
-- Detecting C compiler ABI info
-- Detecting C compiler ABI info - done
-- Check for working C compiler: /usr/local/latestgcc/bin/gcc - skipped
-- Detecting C compile features
-- Detecting C compile features - done
-- Configuring done (0.4s)
-- Generating done (0.8s)
-- Build files have been written to: /home/kleplj/all_hints/optimization/all_hints/PolybenchC-4.2.1/build
[ 13%] Building C object CMakeFiles/covariance.dir/datamining/covariance/covariance.c.o
[ 13%] Building C object CMakeFiles/covariance.dir/utilities/polybench.c.o
[ 13%] Building C object CMakeFiles/trmm.dir/linear-algebra/blas/trmm/trmm.c.o
[ 13%] Building C object CMakeFiles/gramschmidt.dir/linear-algebra/solvers/gramschmidt/gramschmidt.c.o
[ 13%] Building C object CMakeFiles/lu.dir/linear-algebra/solvers/lu/lu.c.o
[ 13%] Building C object CMakeFiles/correlation.dir/datamining/correlation/correlation.c.o
[ 13%] Building C object CMakeFiles/lu.dir/utilities/polybench.c.o
[ 13%] Building C object CMakeFiles/correlation.dir/utilities/polybench.c.o
[ 13%] Building C object CMakeFiles/syrk.dir/linear-algebra/blas/syrk/syrk.c.o
[ 41%] Building C object CMakeFiles/gemm.dir/utilities/polybench.c.o
[ 41%] Building C object CMakeFiles/trmm.dir/utilities/polybench.c.o
[ 66%] Building C object CMakeFiles/fdtd-2d.dir/utilities/polybench.c.o
[ 66%] Building C object CMakeFiles/gramschmidt.dir/utilities/polybench.c.o
[ 66%] Building C object CMakeFiles/durbin.dir/utilities/polybench.c.o
[ 66%] Building C object CMakeFiles/cholesky.dir/utilities/polybench.c.o
[ 66%] Building C object CMakeFiles/gemm.dir/linear-algebra/blas/gemm/gemm.c.o
[ 66%] Building C object CMakeFiles/gesummv.dir/linear-algebra/blas/gesummv/gesummv.c.o
[ 66%] Building C object CMakeFiles/symm.dir/utilities/polybench.c.o
[ 66%] Building C object CMakeFiles/floyd-warshall.dir/utilities/polybench.c.o
[ 66%] Building C object CMakeFiles/symm.dir/linear-algebra/blas/symm/symm.c.o
[ 66%] Building C object CMakeFiles/3mm.dir/linear-algebra/kernels/3mm/3mm.c.o
[ 66%] Building C object CMakeFiles/doitgen.dir/linear-algebra/kernels/doitgen/doitgen.c.o
[ 66%] Building C object CMakeFiles/nussinov.dir/utilities/polybench.c.o
[ 66%] Building C object CMakeFiles/trisolv.dir/linear-algebra/solvers/trisolv/trisolv.c.o
[ 66%] Building C object CMakeFiles/deriche.dir/medley/deriche/deriche.c.o
[ 66%] Building C object CMakeFiles/floyd-warshall.dir/medley/floyd-warshall/floyd-warshall.c.o
[ 66%] Building C object CMakeFiles/deriche.dir/utilities/polybench.c.o
[ 66%] Building C object CMakeFiles/jacobi-2d.dir/utilities/polybench.c.o
[ 66%] Building C object CMakeFiles/cholesky.dir/linear-algebra/solvers/cholesky/cholesky.c.o
[ 66%] Building C object CMakeFiles/adi.dir/stencils/adi/adi.c.o
[ 66%] Building C object CMakeFiles/trisolv.dir/utilities/polybench.c.o
[ 66%] Building C object CMakeFiles/ludcmp.dir/linear-algebra/solvers/ludcmp/ludcmp.c.o
[ 66%] Building C object CMakeFiles/atax.dir/linear-algebra/kernels/atax/atax.c.o
[ 66%] Building C object CMakeFiles/syrk.dir/utilities/polybench.c.o
[ 66%] Building C object CMakeFiles/bicg.dir/linear-algebra/kernels/bicg/bicg.c.o
[ 66%] Building C object CMakeFiles/mvt.dir/utilities/polybench.c.o
[ 66%] Building C object CMakeFiles/3mm.dir/utilities/polybench.c.o
[ 66%] Building C object CMakeFiles/2mm.dir/utilities/polybench.c.o
[ 66%] Building C object CMakeFiles/jacobi-1d.dir/utilities/polybench.c.o
[ 66%] Building C object CMakeFiles/jacobi-2d.dir/stencils/jacobi-2d/jacobi-2d.c.o
[ 66%] Building C object CMakeFiles/seidel-2d.dir/stencils/seidel-2d/seidel-2d.c.o
[ 66%] Building C object CMakeFiles/ludcmp.dir/utilities/polybench.c.o
[ 66%] Building C object CMakeFiles/adi.dir/utilities/polybench.c.o
[ 66%] Building C object CMakeFiles/syr2k.dir/utilities/polybench.c.o
[ 66%] Building C object CMakeFiles/gesummv.dir/utilities/polybench.c.o
[ 66%] Building C object CMakeFiles/doitgen.dir/utilities/polybench.c.o
[ 66%] Building C object CMakeFiles/nussinov.dir/medley/nussinov/nussinov.c.o
[ 66%] Building C object CMakeFiles/jacobi-1d.dir/stencils/jacobi-1d/jacobi-1d.c.o
[ 66%] Building C object CMakeFiles/fdtd-2d.dir/stencils/fdtd-2d/fdtd-2d.c.o
[ 66%] Building C object CMakeFiles/seidel-2d.dir/utilities/polybench.c.o
[ 66%] Building C object CMakeFiles/syr2k.dir/linear-algebra/blas/syr2k/syr2k.c.o
[ 66%] Building C object CMakeFiles/durbin.dir/linear-algebra/solvers/durbin/durbin.c.o
[ 66%] Building C object CMakeFiles/2mm.dir/linear-algebra/kernels/2mm/2mm.c.o
[ 66%] Building C object CMakeFiles/mvt.dir/linear-algebra/kernels/mvt/mvt.c.o
[ 66%] Building C object CMakeFiles/heat-3d.dir/utilities/polybench.c.o
[ 66%] Building C object CMakeFiles/gemver.dir/linear-algebra/blas/gemver/gemver.c.o
[ 66%] Building C object CMakeFiles/atax.dir/utilities/polybench.c.o
[ 66%] Building C object CMakeFiles/heat-3d.dir/stencils/heat-3d/heat-3d.c.o
[ 66%] Building C object CMakeFiles/gemver.dir/utilities/polybench.c.o
[ 66%] Building C object CMakeFiles/bicg.dir/utilities/polybench.c.o
[ 67%] Linking C executable syrk
[ 68%] Linking C executable trisolv
[ 70%] Linking C executable seidel-2d
[ 71%] Linking C executable floyd-warshall
[ 72%] Linking C executable gesummv
[ 73%] Linking C executable deriche
[ 74%] Linking C executable durbin
[ 75%] Linking C executable bicg
[ 76%] Linking C executable cholesky
[ 77%] Linking C executable jacobi-1d
[ 77%] Built target trisolv
[ 77%] Built target syrk
[ 78%] Linking C executable atax
[ 78%] Built target seidel-2d
[ 81%] Linking C executable syr2k
[ 81%] Linking C executable jacobi-2d
[ 81%] Built target floyd-warshall
[ 82%] Linking C executable adi
[ 82%] Built target gesummv
[ 83%] Linking C executable mvt
[ 83%] Built target deriche
[ 83%] Built target durbin
[ 84%] Linking C executable covariance
[ 85%] Linking C executable gemver
[ 85%] Built target bicg
[ 85%] Built target cholesky
[ 86%] Linking C executable fdtd-2d
[ 86%] Built target jacobi-1d
[ 87%] Linking C executable gramschmidt
[ 87%] Built target atax
[ 87%] Built target syr2k
[ 87%] Built target jacobi-2d
[ 88%] Linking C executable heat-3d
[ 90%] Linking C executable lu
[ 90%] Built target adi
[ 92%] Linking C executable trmm
[ 92%] Linking C executable symm
[ 92%] Built target mvt
[ 92%] Built target covariance
[ 92%] Built target gemver
[ 92%] Built target fdtd-2d
[ 93%] Linking C executable doitgen
[ 93%] Built target gramschmidt
[ 94%] Linking C executable correlation
[ 95%] Built target heat-3d
[ 95%] Linking C executable 2mm
[ 95%] Built target lu
[ 95%] Built target trmm
[ 95%] Built target symm
[ 95%] Built target doitgen
[ 95%] Built target correlation
[ 95%] Built target 2mm
[ 96%] Linking C executable 3mm
[ 96%] Built target 3mm
c,all_hints,2mm,0.000122,0.164,valid,4,MINI
c,all_hints,2mm,1,0.000120,4,MINI
c,all_hints,2mm,2,0.000123,4,MINI
c,all_hints,2mm,3,0.000120,4,MINI
c,all_hints,2mm,4,0.000122,4,MINI
c,all_hints,2mm,5,0.000117,4,MINI
c,all_hints,3mm,0.000160,0.194,valid,4,MINI
c,all_hints,3mm,1,0.000181,4,MINI
c,all_hints,3mm,2,0.000160,4,MINI
c,all_hints,3mm,3,0.000157,4,MINI
c,all_hints,3mm,4,0.000168,4,MINI
c,all_hints,3mm,5,0.000150,4,MINI
c,all_hints,adi,0.000403,0.318,valid,4,MINI
c,all_hints,adi,1,0.000411,4,MINI
c,all_hints,adi,2,0.000410,4,MINI
c,all_hints,adi,3,0.000402,4,MINI
c,all_hints,adi,4,0.000451,4,MINI
c,all_hints,adi,5,0.000434,4,MINI
c,all_hints,atax,0.000108,0.037,valid,4,MINI
c,all_hints,atax,1,0.000119,4,MINI
c,all_hints,atax,2,0.000109,4,MINI
c,all_hints,atax,3,0.000104,4,MINI
c,all_hints,atax,4,0.000111,4,MINI
c,all_hints,atax,5,0.000117,4,MINI
c,all_hints,bicg,0.000121,0.050,valid,4,MINI
c,all_hints,bicg,1,0.000104,4,MINI
c,all_hints,bicg,2,0.000097,4,MINI
c,all_hints,bicg,3,0.000125,4,MINI
c,all_hints,bicg,4,0.000117,4,MINI
c,all_hints,bicg,5,0.000116,4,MINI
c,all_hints,cholesky,0.000015,1.000,valid,4,MINI
c,all_hints,cholesky,1,0.000016,4,MINI
c,all_hints,cholesky,2,0.000015,4,MINI
c,all_hints,cholesky,3,0.000016,4,MINI
c,all_hints,cholesky,4,0.000015,4,MINI
c,all_hints,cholesky,5,0.000016,4,MINI
c,all_hints,correlation,0.000418,0.057,valid,4,MINI
c,all_hints,correlation,1,0.000442,4,MINI
c,all_hints,correlation,2,0.000427,4,MINI
c,all_hints,correlation,3,0.000379,4,MINI
c,all_hints,correlation,4,0.000417,4,MINI
c,all_hints,correlation,5,0.000402,4,MINI
c,all_hints,covariance,0.000078,0.449,valid,4,MINI
c,all_hints,covariance,1,0.000079,4,MINI
c,all_hints,covariance,2,0.000078,4,MINI
c,all_hints,covariance,3,0.000077,4,MINI
c,all_hints,covariance,4,0.000078,4,MINI
c,all_hints,covariance,5,0.000094,4,MINI
c,all_hints,deriche,0.000145,0.945,valid,4,MINI
c,all_hints,deriche,1,0.000129,4,MINI
c,all_hints,deriche,2,0.000130,4,MINI
c,all_hints,deriche,3,0.000127,4,MINI
c,all_hints,deriche,4,0.000128,4,MINI
c,all_hints,deriche,5,0.000140,4,MINI
c,all_hints,doitgen,0.000043,0.279,valid,4,MINI
c,all_hints,doitgen,1,0.000042,4,MINI
c,all_hints,doitgen,2,0.000048,4,MINI
c,all_hints,doitgen,3,0.000047,4,MINI
c,all_hints,doitgen,4,0.000058,4,MINI
c,all_hints,doitgen,5,0.000052,4,MINI
c,all_hints,durbin,0.000002,2.000,valid,4,MINI
c,all_hints,durbin,1,0.000003,4,MINI
c,all_hints,durbin,2,0.000003,4,MINI
c,all_hints,durbin,3,0.000003,4,MINI
c,all_hints,durbin,4,0.000002,4,MINI
c,all_hints,durbin,5,0.000003,4,MINI
c,all_hints,fdtd-2d,0.000799,0.035,valid,4,MINI
c,all_hints,fdtd-2d,1,0.000845,4,MINI
c,all_hints,fdtd-2d,2,0.000829,4,MINI
c,all_hints,fdtd-2d,3,0.000810,4,MINI
c,all_hints,fdtd-2d,4,0.000856,4,MINI
c,all_hints,fdtd-2d,5,0.000804,4,MINI
c,all_hints,floyd-warshall,0.000442,0.554,valid,4,MINI
c,all_hints,floyd-warshall,1,0.000448,4,MINI
c,all_hints,floyd-warshall,2,0.000418,4,MINI
c,all_hints,floyd-warshall,3,0.000405,4,MINI
c,all_hints,floyd-warshall,4,0.000404,4,MINI
c,all_hints,floyd-warshall,5,0.000418,4,MINI
c,all_hints,gemm,,,illegal,4,MINI
c,all_hints,gemver,0.000061,0.098,valid,4,MINI
c,all_hints,gemver,1,0.000053,4,MINI
c,all_hints,gemver,2,0.000059,4,MINI
c,all_hints,gemver,3,0.000062,4,MINI
c,all_hints,gemver,4,0.000069,4,MINI
c,all_hints,gemver,5,0.000062,4,MINI
c,all_hints,gesummv,0.000005,0.600,valid,4,MINI
c,all_hints,gesummv,1,0.000006,4,MINI
c,all_hints,gesummv,2,0.000006,4,MINI
c,all_hints,gesummv,3,0.000005,4,MINI
c,all_hints,gesummv,4,0.000005,4,MINI
c,all_hints,gesummv,5,0.000005,4,MINI
c,all_hints,gramschmidt,0.000164,,invalid,4,MINI
c,all_hints,heat-3d,0.000474,0.076,valid,4,MINI
c,all_hints,heat-3d,1,0.000468,4,MINI
c,all_hints,heat-3d,2,0.000453,4,MINI
c,all_hints,heat-3d,3,0.000472,4,MINI
c,all_hints,heat-3d,4,0.000460,4,MINI
c,all_hints,heat-3d,5,0.000471,4,MINI
c,all_hints,jacobi-1d,0.000044,0.023,valid,4,MINI
c,all_hints,jacobi-1d,1,0.000044,4,MINI
c,all_hints,jacobi-1d,2,0.000044,4,MINI
c,all_hints,jacobi-1d,3,0.000043,4,MINI
c,all_hints,jacobi-1d,4,0.000044,4,MINI
c,all_hints,jacobi-1d,5,0.000043,4,MINI
c,all_hints,jacobi-2d,0.000360,0.117,valid,4,MINI
c,all_hints,jacobi-2d,1,0.000376,4,MINI
c,all_hints,jacobi-2d,2,0.000374,4,MINI
c,all_hints,jacobi-2d,3,0.000368,4,MINI
c,all_hints,jacobi-2d,4,0.000359,4,MINI
c,all_hints,jacobi-2d,5,0.000367,4,MINI
c,all_hints,lu,0.000031,1.000,valid,4,MINI
c,all_hints,lu,1,0.000032,4,MINI
c,all_hints,lu,2,0.000031,4,MINI
c,all_hints,lu,3,0.000021,4,MINI
c,all_hints,lu,4,0.000031,4,MINI
c,all_hints,lu,5,0.000031,4,MINI
c,all_hints,ludcmp,,,illegal,4,MINI
c,all_hints,mvt,0.000064,0.078,valid,4,MINI
c,all_hints,mvt,1,0.000060,4,MINI
c,all_hints,mvt,2,0.000055,4,MINI
c,all_hints,mvt,3,0.000056,4,MINI
c,all_hints,mvt,4,0.000056,4,MINI
c,all_hints,mvt,5,0.000056,4,MINI
c,all_hints,nussinov,,,illegal,4,MINI
c,all_hints,seidel-2d,0.000399,0.867,valid,4,MINI
c,all_hints,seidel-2d,1,0.000400,4,MINI
c,all_hints,seidel-2d,2,0.000399,4,MINI
c,all_hints,seidel-2d,3,0.000399,4,MINI
c,all_hints,seidel-2d,4,0.000400,4,MINI
c,all_hints,seidel-2d,5,0.000399,4,MINI
c,all_hints,symm,0.001796,0.009,valid,4,MINI
c,all_hints,symm,1,0.001886,4,MINI
c,all_hints,symm,2,0.001846,4,MINI
c,all_hints,symm,3,0.001855,4,MINI
c,all_hints,symm,4,0.001913,4,MINI
c,all_hints,symm,5,0.001954,4,MINI
c,all_hints,syr2k,0.000021,0.714,valid,4,MINI
c,all_hints,syr2k,1,0.000021,4,MINI
c,all_hints,syr2k,2,0.000021,4,MINI
c,all_hints,syr2k,3,0.000021,4,MINI
c,all_hints,syr2k,4,0.000021,4,MINI
c,all_hints,syr2k,5,0.000021,4,MINI
c,all_hints,syrk,0.000032,0.250,valid,4,MINI
c,all_hints,syrk,1,0.000032,4,MINI
c,all_hints,syrk,2,0.000028,4,MINI
c,all_hints,syrk,3,0.000033,4,MINI
c,all_hints,syrk,4,0.000030,4,MINI
c,all_hints,syrk,5,0.000030,4,MINI
c,all_hints,trisolv,0.000001,1.000,valid,4,MINI
c,all_hints,trisolv,1,0.000002,4,MINI
c,all_hints,trisolv,2,0.000001,4,MINI
c,all_hints,trisolv,3,0.000002,4,MINI
c,all_hints,trisolv,4,0.000001,4,MINI
c,all_hints,trisolv,5,0.000002,4,MINI
c,all_hints,trmm,0.000002,4.000,valid,4,MINI
c,all_hints,trmm,1,0.000003,4,MINI
c,all_hints,trmm,2,0.000002,4,MINI
c,all_hints,trmm,3,0.000003,4,MINI
c,all_hints,trmm,4,0.000002,4,MINI
c,all_hints,trmm,5,0.000002,4,MINI
-- The C compiler identification is GNU 15.2.0
-- Detecting C compiler ABI info
-- Detecting C compiler ABI info - done
-- Check for working C compiler: /usr/local/latestgcc/bin/gcc - skipped
-- Detecting C compile features
-- Detecting C compile features - done
-- Configuring done (0.4s)
-- Generating done (0.8s)
-- Build files have been written to: /home/kleplj/all_hints/optimization/all_hints/PolybenchC-4.2.1/build
[ 12%] Building C object CMakeFiles/covariance.dir/datamining/covariance/covariance.c.o
[ 12%] Building C object CMakeFiles/correlation.dir/utilities/polybench.c.o
[ 12%] Building C object CMakeFiles/cholesky.dir/linear-algebra/solvers/cholesky/cholesky.c.o
[ 12%] Building C object CMakeFiles/ludcmp.dir/linear-algebra/solvers/ludcmp/ludcmp.c.o
[ 12%] Building C object CMakeFiles/lu.dir/linear-algebra/solvers/lu/lu.c.o
[ 12%] Building C object CMakeFiles/lu.dir/utilities/polybench.c.o
[ 12%] Building C object CMakeFiles/covariance.dir/utilities/polybench.c.o
[ 12%] Building C object CMakeFiles/trisolv.dir/linear-algebra/solvers/trisolv/trisolv.c.o
[ 12%] Building C object CMakeFiles/correlation.dir/datamining/correlation/correlation.c.o
[ 36%] Building C object CMakeFiles/gesummv.dir/utilities/polybench.c.o
[ 36%] Building C object CMakeFiles/symm.dir/linear-algebra/blas/symm/symm.c.o
[ 66%] Building C object CMakeFiles/gramschmidt.dir/linear-algebra/solvers/gramschmidt/gramschmidt.c.o
[ 66%] Building C object CMakeFiles/gesummv.dir/linear-algebra/blas/gesummv/gesummv.c.o
[ 66%] Building C object CMakeFiles/gemm.dir/utilities/polybench.c.o
[ 66%] Building C object CMakeFiles/gemver.dir/utilities/polybench.c.o
[ 66%] Building C object CMakeFiles/ludcmp.dir/utilities/polybench.c.o
[ 66%] Building C object CMakeFiles/syrk.dir/linear-algebra/blas/syrk/syrk.c.o
[ 66%] Building C object CMakeFiles/gramschmidt.dir/utilities/polybench.c.o
[ 66%] Building C object CMakeFiles/trmm.dir/linear-algebra/blas/trmm/trmm.c.o
[ 66%] Building C object CMakeFiles/trisolv.dir/utilities/polybench.c.o
[ 66%] Building C object CMakeFiles/durbin.dir/utilities/polybench.c.o
[ 66%] Building C object CMakeFiles/gemver.dir/linear-algebra/blas/gemver/gemver.c.o
[ 66%] Building C object CMakeFiles/jacobi-2d.dir/utilities/polybench.c.o
[ 66%] Building C object CMakeFiles/jacobi-1d.dir/stencils/jacobi-1d/jacobi-1d.c.o
[ 66%] Building C object CMakeFiles/syr2k.dir/utilities/polybench.c.o
[ 66%] Building C object CMakeFiles/jacobi-1d.dir/utilities/polybench.c.o
[ 66%] Building C object CMakeFiles/fdtd-2d.dir/stencils/fdtd-2d/fdtd-2d.c.o
[ 66%] Building C object CMakeFiles/fdtd-2d.dir/utilities/polybench.c.o
[ 66%] Building C object CMakeFiles/nussinov.dir/utilities/polybench.c.o
[ 66%] Building C object CMakeFiles/floyd-warshall.dir/utilities/polybench.c.o
[ 66%] Building C object CMakeFiles/durbin.dir/linear-algebra/solvers/durbin/durbin.c.o
[ 66%] Building C object CMakeFiles/deriche.dir/utilities/polybench.c.o
[ 66%] Building C object CMakeFiles/deriche.dir/medley/deriche/deriche.c.o
[ 66%] Building C object CMakeFiles/2mm.dir/utilities/polybench.c.o
[ 66%] Building C object CMakeFiles/nussinov.dir/medley/nussinov/nussinov.c.o
[ 66%] Building C object CMakeFiles/3mm.dir/utilities/polybench.c.o
[ 66%] Building C object CMakeFiles/2mm.dir/linear-algebra/kernels/2mm/2mm.c.o
[ 66%] Building C object CMakeFiles/cholesky.dir/utilities/polybench.c.o
[ 66%] Building C object CMakeFiles/atax.dir/utilities/polybench.c.o
[ 66%] Building C object CMakeFiles/mvt.dir/linear-algebra/kernels/mvt/mvt.c.o
[ 66%] Building C object CMakeFiles/syrk.dir/utilities/polybench.c.o
[ 66%] Building C object CMakeFiles/syr2k.dir/linear-algebra/blas/syr2k/syr2k.c.o
[ 66%] Building C object CMakeFiles/trmm.dir/utilities/polybench.c.o
[ 66%] Building C object CMakeFiles/seidel-2d.dir/stencils/seidel-2d/seidel-2d.c.o
[ 66%] Building C object CMakeFiles/doitgen.dir/linear-algebra/kernels/doitgen/doitgen.c.o
[ 66%] Building C object CMakeFiles/adi.dir/stencils/adi/adi.c.o
[ 66%] Building C object CMakeFiles/doitgen.dir/utilities/polybench.c.o
[ 66%] Building C object CMakeFiles/jacobi-2d.dir/stencils/jacobi-2d/jacobi-2d.c.o
[ 66%] Building C object CMakeFiles/floyd-warshall.dir/medley/floyd-warshall/floyd-warshall.c.o
[ 66%] Building C object CMakeFiles/bicg.dir/utilities/polybench.c.o
[ 66%] Building C object CMakeFiles/seidel-2d.dir/utilities/polybench.c.o
[ 66%] Building C object CMakeFiles/mvt.dir/utilities/polybench.c.o
[ 66%] Building C object CMakeFiles/bicg.dir/linear-algebra/kernels/bicg/bicg.c.o
[ 66%] Building C object CMakeFiles/heat-3d.dir/stencils/heat-3d/heat-3d.c.o
[ 66%] Building C object CMakeFiles/heat-3d.dir/utilities/polybench.c.o
[ 66%] Building C object CMakeFiles/adi.dir/utilities/polybench.c.o
[ 66%] Building C object CMakeFiles/gemm.dir/linear-algebra/blas/gemm/gemm.c.o
[ 66%] Building C object CMakeFiles/3mm.dir/linear-algebra/kernels/3mm/3mm.c.o
[ 66%] Building C object CMakeFiles/atax.dir/linear-algebra/kernels/atax/atax.c.o
[ 66%] Building C object CMakeFiles/symm.dir/utilities/polybench.c.o
[ 68%] Linking C executable nussinov
[ 68%] Linking C executable jacobi-1d
[ 70%] Linking C executable seidel-2d
[ 71%] Linking C executable floyd-warshall
[ 72%] Linking C executable trisolv
[ 73%] Linking C executable durbin
[ 74%] Linking C executable syrk
[ 75%] Linking C executable gesummv
[ 75%] Built target nussinov
[ 75%] Built target jacobi-1d
[ 77%] Linking C executable atax
[ 77%] Linking C executable trmm
[ 78%] Linking C executable covariance
[ 80%] Linking C executable jacobi-2d
[ 82%] Linking C executable adi
[ 82%] Linking C executable lu
[ 83%] Built target seidel-2d
[ 83%] Linking C executable cholesky
[ 83%] Built target floyd-warshall
[ 83%] Built target trisolv
[ 83%] Built target durbin
[ 85%] Linking C executable bicg
[ 85%] Linking C executable gemm
[ 85%] Built target syrk
[ 86%] Linking C executable mvt
[ 86%] Built target gesummv
[ 87%] Linking C executable deriche
[ 87%] Built target atax
[ 87%] Built target covariance
[ 87%] Built target trmm
[ 87%] Built target jacobi-2d
[ 88%] Linking C executable doitgen
[ 88%] Built target adi
[ 88%] Built target lu
[ 90%] Linking C executable gramschmidt
[ 90%] Built target cholesky
[ 90%] Built target bicg
[ 90%] Built target gemm
[ 91%] Linking C executable gemver
[ 91%] Built target mvt
[ 92%] Linking C executable 2mm
[ 92%] Built target deriche
[ 93%] Built target doitgen
[ 93%] Linking C executable ludcmp
[ 94%] Linking C executable symm
[ 94%] Built target gramschmidt
[ 95%] Linking C executable syr2k
[ 95%] Built target gemver
[ 95%] Built target 2mm
[ 95%] Built target ludcmp
[ 96%] Linking C executable heat-3d
[ 96%] Built target symm
[ 97%] Linking C executable 3mm
[ 97%] Built target syr2k
[ 97%] Built target heat-3d
[ 97%] Built target 3mm
c,all_hints,2mm,0.000099,0.192,valid,5,MINI
c,all_hints,2mm,1,0.000097,5,MINI
c,all_hints,2mm,2,0.000100,5,MINI
c,all_hints,2mm,3,0.000097,5,MINI
c,all_hints,2mm,4,0.000125,5,MINI
c,all_hints,2mm,5,0.000171,5,MINI
c,all_hints,3mm,0.000181,0.177,valid,5,MINI
c,all_hints,3mm,1,0.000179,5,MINI
c,all_hints,3mm,2,0.000176,5,MINI
c,all_hints,3mm,3,0.000170,5,MINI
c,all_hints,3mm,4,0.000187,5,MINI
c,all_hints,3mm,5,0.000179,5,MINI
c,all_hints,adi,0.001080,0.119,valid,5,MINI
c,all_hints,adi,1,0.001140,5,MINI
c,all_hints,adi,2,0.001117,5,MINI
c,all_hints,adi,3,0.001079,5,MINI
c,all_hints,adi,4,0.001070,5,MINI
c,all_hints,adi,5,0.001137,5,MINI
c,all_hints,atax,0.000116,0.026,valid,5,MINI
c,all_hints,atax,1,0.000112,5,MINI
c,all_hints,atax,2,0.000110,5,MINI
c,all_hints,atax,3,0.000106,5,MINI
c,all_hints,atax,4,0.000118,5,MINI
c,all_hints,atax,5,0.000103,5,MINI
c,all_hints,bicg,0.000106,0.057,valid,5,MINI
c,all_hints,bicg,1,0.000107,5,MINI
c,all_hints,bicg,2,0.000112,5,MINI
c,all_hints,bicg,3,0.000105,5,MINI
c,all_hints,bicg,4,0.000095,5,MINI
c,all_hints,bicg,5,0.000118,5,MINI
c,all_hints,cholesky,0.000015,1.000,valid,5,MINI
c,all_hints,cholesky,1,0.000016,5,MINI
c,all_hints,cholesky,2,0.000014,5,MINI
c,all_hints,cholesky,3,0.000014,5,MINI
c,all_hints,cholesky,4,0.000015,5,MINI
c,all_hints,cholesky,5,0.000014,5,MINI
c,all_hints,correlation,,,illegal,5,MINI
c,all_hints,covariance,0.000142,0.232,valid,5,MINI
c,all_hints,covariance,1,0.000145,5,MINI
c,all_hints,covariance,2,0.000147,5,MINI
c,all_hints,covariance,3,0.000144,5,MINI
c,all_hints,covariance,4,0.000140,5,MINI
c,all_hints,covariance,5,0.000141,5,MINI
c,all_hints,deriche,0.000142,0.958,valid,5,MINI
c,all_hints,deriche,1,0.000157,5,MINI
c,all_hints,deriche,2,0.000167,5,MINI
c,all_hints,deriche,3,0.000171,5,MINI
c,all_hints,deriche,4,0.000164,5,MINI
c,all_hints,deriche,5,0.000155,5,MINI
c,all_hints,doitgen,0.000049,0.245,valid,5,MINI
c,all_hints,doitgen,1,0.000069,5,MINI
c,all_hints,doitgen,2,0.000043,5,MINI
c,all_hints,doitgen,3,0.000048,5,MINI
c,all_hints,doitgen,4,0.000069,5,MINI
c,all_hints,doitgen,5,0.000043,5,MINI
c,all_hints,durbin,0.000003,1.333,valid,5,MINI
c,all_hints,durbin,1,0.000002,5,MINI
c,all_hints,durbin,2,0.000003,5,MINI
c,all_hints,durbin,3,0.000002,5,MINI
c,all_hints,durbin,4,0.000002,5,MINI
c,all_hints,durbin,5,0.000002,5,MINI
c,all_hints,fdtd-2d,,,illegal,5,MINI
c,all_hints,floyd-warshall,0.000188,1.303,valid,5,MINI
c,all_hints,floyd-warshall,1,0.000206,5,MINI
c,all_hints,floyd-warshall,2,0.000189,5,MINI
c,all_hints,floyd-warshall,3,0.000186,5,MINI
c,all_hints,floyd-warshall,4,0.000188,5,MINI
c,all_hints,floyd-warshall,5,0.000187,5,MINI
c,all_hints,gemm,0.000056,0.089,valid,5,MINI
c,all_hints,gemm,1,0.000058,5,MINI
c,all_hints,gemm,2,0.000053,5,MINI
c,all_hints,gemm,3,0.000057,5,MINI
c,all_hints,gemm,4,0.000055,5,MINI
c,all_hints,gemm,5,0.000059,5,MINI
c,all_hints,gemver,0.000209,0.033,valid,5,MINI
c,all_hints,gemver,1,0.000198,5,MINI
c,all_hints,gemver,2,0.000187,5,MINI
c,all_hints,gemver,3,0.000170,5,MINI
c,all_hints,gemver,4,0.000181,5,MINI
c,all_hints,gemver,5,0.000192,5,MINI
c,all_hints,gesummv,0.000032,0.125,valid,5,MINI
c,all_hints,gesummv,1,0.000032,5,MINI
c,all_hints,gesummv,2,0.000031,5,MINI
c,all_hints,gesummv,3,0.000031,5,MINI
c,all_hints,gesummv,4,0.000031,5,MINI
c,all_hints,gesummv,5,0.000029,5,MINI
c,all_hints,gramschmidt,0.000178,,invalid,5,MINI
c,all_hints,heat-3d,0.000348,0.103,valid,5,MINI
c,all_hints,heat-3d,1,0.000355,5,MINI
c,all_hints,heat-3d,2,0.000352,5,MINI
c,all_hints,heat-3d,3,0.000369,5,MINI
c,all_hints,heat-3d,4,0.000354,5,MINI
c,all_hints,heat-3d,5,0.000431,5,MINI
c,all_hints,jacobi-1d,0.000346,0.003,valid,5,MINI
c,all_hints,jacobi-1d,1,0.000351,5,MINI
c,all_hints,jacobi-1d,2,0.000330,5,MINI
c,all_hints,jacobi-1d,3,0.000338,5,MINI
c,all_hints,jacobi-1d,4,0.000373,5,MINI
c,all_hints,jacobi-1d,5,0.000353,5,MINI
c,all_hints,jacobi-2d,0.000109,0.431,valid,5,MINI
c,all_hints,jacobi-2d,1,0.000111,5,MINI
c,all_hints,jacobi-2d,2,0.000110,5,MINI
c,all_hints,jacobi-2d,3,0.000110,5,MINI
c,all_hints,jacobi-2d,4,0.000110,5,MINI
c,all_hints,jacobi-2d,5,0.000110,5,MINI
c,all_hints,lu,0.000020,1.550,valid,5,MINI
c,all_hints,lu,1,0.000021,5,MINI
c,all_hints,lu,2,0.000021,5,MINI
c,all_hints,lu,3,0.000030,5,MINI
c,all_hints,lu,4,0.000047,5,MINI
c,all_hints,lu,5,0.000021,5,MINI
c,all_hints,ludcmp,0.000028,1.071,valid,5,MINI
c,all_hints,ludcmp,1,0.000028,5,MINI
c,all_hints,ludcmp,2,0.000027,5,MINI
c,all_hints,ludcmp,3,0.000028,5,MINI
c,all_hints,ludcmp,4,0.000028,5,MINI
c,all_hints,ludcmp,5,0.000027,5,MINI
c,all_hints,mvt,0.000006,1.000,valid,5,MINI
c,all_hints,mvt,1,0.000007,5,MINI
c,all_hints,mvt,2,0.000007,5,MINI
c,all_hints,mvt,3,0.000006,5,MINI
c,all_hints,mvt,4,0.000006,5,MINI
c,all_hints,mvt,5,0.000006,5,MINI
c,all_hints,nussinov,0.000283,0.435,valid,5,MINI
c,all_hints,nussinov,1,0.000286,5,MINI
c,all_hints,nussinov,2,0.000279,5,MINI
c,all_hints,nussinov,3,0.000284,5,MINI
c,all_hints,nussinov,4,0.000346,5,MINI
c,all_hints,nussinov,5,0.000284,5,MINI
c,all_hints,seidel-2d,0.000278,1.248,valid,5,MINI
c,all_hints,seidel-2d,1,0.000277,5,MINI
c,all_hints,seidel-2d,2,0.000278,5,MINI
c,all_hints,seidel-2d,3,0.000277,5,MINI
c,all_hints,seidel-2d,4,0.000278,5,MINI
c,all_hints,seidel-2d,5,0.000277,5,MINI
c,all_hints,symm,0.000059,0.254,valid,5,MINI
c,all_hints,symm,1,0.000058,5,MINI
c,all_hints,symm,2,0.000054,5,MINI
c,all_hints,symm,3,0.000039,5,MINI
c,all_hints,symm,4,0.000040,5,MINI
c,all_hints,symm,5,0.000059,5,MINI
c,all_hints,syr2k,0.000044,0.364,valid,5,MINI
c,all_hints,syr2k,1,0.000066,5,MINI
c,all_hints,syr2k,2,0.000045,5,MINI
c,all_hints,syr2k,3,0.000044,5,MINI
c,all_hints,syr2k,4,0.000044,5,MINI
c,all_hints,syr2k,5,0.000042,5,MINI
c,all_hints,syrk,0.000011,0.727,valid,5,MINI
c,all_hints,syrk,1,0.000012,5,MINI
c,all_hints,syrk,2,0.000012,5,MINI
c,all_hints,syrk,3,0.000010,5,MINI
c,all_hints,syrk,4,0.000010,5,MINI
c,all_hints,syrk,5,0.000011,5,MINI
c,all_hints,trisolv,0.000001,1.000,valid,5,MINI
c,all_hints,trisolv,1,0.000002,5,MINI
c,all_hints,trisolv,2,0.000002,5,MINI
c,all_hints,trisolv,3,0.000002,5,MINI
c,all_hints,trisolv,4,0.000001,5,MINI
c,all_hints,trisolv,5,0.000002,5,MINI
c,all_hints,trmm,0.000157,0.057,valid,5,MINI
c,all_hints,trmm,1,0.000173,5,MINI
c,all_hints,trmm,2,0.000161,5,MINI
c,all_hints,trmm,3,0.000162,5,MINI
c,all_hints,trmm,4,0.000170,5,MINI
c,all_hints,trmm,5,0.000163,5,MINI
-- The CXX compiler identification is GNU 15.2.0
-- Detecting CXX compiler ABI info
-- Detecting CXX compiler ABI info - done
-- Check for working CXX compiler: /usr/local/latestgcc/bin/g++ - skipped
-- Detecting CXX compile features
-- Detecting CXX compile features - done
-- Using NOARR_STRUCTURES_DIR from environment: /home/kleplj/all_hints/submodules/noarr-structures
-- Configuring done (0.5s)
-- Generating done (0.8s)
-- Build files have been written to: /home/kleplj/all_hints/optimization/all_hints/PolybenchC-Noarr/build
[  6%] Building CXX object CMakeFiles/covariance.dir/datamining/covariance/covariance.cpp.o
[  8%] Building CXX object CMakeFiles/correlation.dir/datamining/correlation/correlation.cpp.o
[ 10%] Building CXX object CMakeFiles/gemm.dir/linear-algebra/blas/gemm/gemm.cpp.o
[ 10%] Building CXX object CMakeFiles/gesummv.dir/linear-algebra/blas/gesummv/gesummv.cpp.o
[ 10%] Building CXX object CMakeFiles/symm.dir/linear-algebra/blas/symm/symm.cpp.o
[ 15%] Building CXX object CMakeFiles/syr2k.dir/linear-algebra/blas/syr2k/syr2k.cpp.o
[ 15%] Building CXX object CMakeFiles/syrk.dir/linear-algebra/blas/syrk/syrk.cpp.o
[ 23%] Building CXX object CMakeFiles/bicg.dir/linear-algebra/kernels/bicg/bicg.cpp.o
[ 23%] Building CXX object CMakeFiles/3mm.dir/linear-algebra/kernels/3mm/3mm.cpp.o
[ 23%] Building CXX object CMakeFiles/2mm.dir/linear-algebra/kernels/2mm/2mm.cpp.o
[ 23%] Building CXX object CMakeFiles/gemver.dir/linear-algebra/blas/gemver/gemver.cpp.o
[ 23%] Building CXX object CMakeFiles/trmm.dir/linear-algebra/blas/trmm/trmm.cpp.o
[ 38%] Building CXX object CMakeFiles/gramschmidt.dir/linear-algebra/solvers/gramschmidt/gramschmidt.cpp.o
[ 50%] Building CXX object CMakeFiles/floyd-warshall.dir/medley/floyd-warshall/floyd-warshall.cpp.o
[ 50%] Building CXX object CMakeFiles/ludcmp.dir/linear-algebra/solvers/ludcmp/ludcmp.cpp.o
[ 50%] Building CXX object CMakeFiles/lu.dir/linear-algebra/solvers/lu/lu.cpp.o
[ 50%] Building CXX object CMakeFiles/deriche.dir/medley/deriche/deriche.cpp.o
[ 50%] Building CXX object CMakeFiles/adi.dir/stencils/adi/adi.cpp.o
[ 50%] Building CXX object CMakeFiles/doitgen.dir/linear-algebra/kernels/doitgen/doitgen.cpp.o
[ 50%] Building CXX object CMakeFiles/nussinov.dir/medley/nussinov/nussinov.cpp.o
[ 50%] Building CXX object CMakeFiles/durbin.dir/linear-algebra/solvers/durbin/durbin.cpp.o
[ 50%] Building CXX object CMakeFiles/cholesky.dir/linear-algebra/solvers/cholesky/cholesky.cpp.o
[ 50%] Building CXX object CMakeFiles/jacobi-1d.dir/stencils/jacobi-1d/jacobi-1d.cpp.o
[ 50%] Building CXX object CMakeFiles/mvt.dir/linear-algebra/kernels/mvt/mvt.cpp.o
[ 50%] Building CXX object CMakeFiles/atax.dir/linear-algebra/kernels/atax/atax.cpp.o
[ 50%] Building CXX object CMakeFiles/fdtd-2d.dir/stencils/fdtd-2d/fdtd-2d.cpp.o
[ 50%] Building CXX object CMakeFiles/heat-3d.dir/stencils/heat-3d/heat-3d.cpp.o
[ 50%] Building CXX object CMakeFiles/jacobi-2d.dir/stencils/jacobi-2d/jacobi-2d.cpp.o
[ 50%] Building CXX object CMakeFiles/trisolv.dir/linear-algebra/solvers/trisolv/trisolv.cpp.o
[ 50%] Building CXX object CMakeFiles/seidel-2d.dir/stencils/seidel-2d/seidel-2d.cpp.o
[ 53%] Linking CXX executable nussinov
[ 53%] Linking CXX executable cholesky
[ 55%] Linking CXX executable jacobi-1d
[ 56%] Linking CXX executable durbin
[ 56%] Built target jacobi-1d
[ 56%] Built target durbin
[ 58%] Linking CXX executable floyd-warshall
[ 60%] Linking CXX executable seidel-2d
[ 61%] Linking CXX executable trisolv
[ 63%] Linking CXX executable gesummv
[ 65%] Linking CXX executable atax
[ 65%] Built target floyd-warshall
[ 65%] Built target seidel-2d
[ 66%] Linking CXX executable jacobi-2d
[ 66%] Built target trisolv
[ 68%] Linking CXX executable bicg
[ 68%] Built target gesummv
[ 68%] Built target atax
[ 68%] Built target jacobi-2d
[ 68%] Built target bicg
[ 71%] Linking CXX executable adi
[ 71%] Linking CXX executable lu
[ 73%] Linking CXX executable trmm
[ 73%] Built target adi
[ 75%] Linking CXX executable mvt
[ 75%] Built target lu
[ 75%] Built target trmm
[ 76%] Linking CXX executable gemver
[ 76%] Built target mvt
[ 78%] Linking CXX executable symm
[ 80%] Linking CXX executable syrk
[ 81%] Linking CXX executable syr2k
[ 81%] Built target gemver
[ 81%] Built target symm
[ 81%] Built target syrk
[ 81%] Built target syr2k
[ 83%] Linking CXX executable deriche
[ 85%] Linking CXX executable doitgen
[ 85%] Built target deriche
[ 86%] Linking CXX executable gramschmidt
[ 86%] Built target doitgen
[ 88%] Linking CXX executable covariance
[ 90%] Linking CXX executable fdtd-2d
[ 90%] Built target gramschmidt
[ 90%] Built target covariance
[ 90%] Built target fdtd-2d
[ 91%] Linking CXX executable ludcmp
[ 91%] Built target ludcmp
[ 93%] Linking CXX executable correlation
[ 93%] Built target correlation
[ 95%] Linking CXX executable 2mm
[ 95%] Built target 2mm
[ 96%] Linking CXX executable 3mm
[ 96%] Built target 3mm
noarr,all_hints,2mm,0.000005,3.800,valid,1,MINI
noarr,all_hints,2mm,1,0.000005,1,MINI
noarr,all_hints,2mm,2,0.000005,1,MINI
noarr,all_hints,2mm,3,0.000005,1,MINI
noarr,all_hints,2mm,4,0.000005,1,MINI
noarr,all_hints,2mm,5,0.000005,1,MINI
noarr,all_hints,3mm,0.000027,1.148,valid,1,MINI
noarr,all_hints,3mm,1,0.000027,1,MINI
noarr,all_hints,3mm,2,0.000027,1,MINI
noarr,all_hints,3mm,3,0.000027,1,MINI
noarr,all_hints,3mm,4,0.000027,1,MINI
noarr,all_hints,3mm,5,0.000028,1,MINI
noarr,all_hints,adi,0.004041,0.034,valid,1,MINI
noarr,all_hints,adi,1,0.003909,1,MINI
noarr,all_hints,adi,2,0.003843,1,MINI
noarr,all_hints,adi,3,0.003892,1,MINI
noarr,all_hints,adi,4,0.003844,1,MINI
noarr,all_hints,adi,5,0.003939,1,MINI
noarr,all_hints,atax,0.000002,1.500,valid,1,MINI
noarr,all_hints,atax,1,0.000002,1,MINI
noarr,all_hints,atax,2,0.000002,1,MINI
noarr,all_hints,atax,3,0.000002,1,MINI
noarr,all_hints,atax,4,0.000002,1,MINI
noarr,all_hints,atax,5,0.000002,1,MINI
noarr,all_hints,bicg,0.000002,3.000,valid,1,MINI
noarr,all_hints,bicg,1,0.000002,1,MINI
noarr,all_hints,bicg,2,0.000002,1,MINI
noarr,all_hints,bicg,3,0.000002,1,MINI
noarr,all_hints,bicg,4,0.000002,1,MINI
noarr,all_hints,bicg,5,0.000002,1,MINI
noarr,all_hints,cholesky,,,illegal,1,MINI
noarr,all_hints,correlation,0.000024,1.458,valid,1,MINI
noarr,all_hints,correlation,1,0.000025,1,MINI
noarr,all_hints,correlation,2,0.000024,1,MINI
noarr,all_hints,correlation,3,0.000024,1,MINI
noarr,all_hints,correlation,4,0.000024,1,MINI
noarr,all_hints,correlation,5,0.000024,1,MINI
noarr,all_hints,covariance,0.000009,3.889,valid,1,MINI
noarr,all_hints,covariance,1,0.000010,1,MINI
noarr,all_hints,covariance,2,0.000020,1,MINI
noarr,all_hints,covariance,3,0.000010,1,MINI
noarr,all_hints,covariance,4,0.000020,1,MINI
noarr,all_hints,covariance,5,0.000020,1,MINI
noarr,all_hints,deriche,0.000227,0.665,valid,1,MINI
noarr,all_hints,deriche,1,0.000222,1,MINI
noarr,all_hints,deriche,2,0.000210,1,MINI
noarr,all_hints,deriche,3,0.000236,1,MINI
noarr,all_hints,deriche,4,0.000215,1,MINI
noarr,all_hints,deriche,5,0.000214,1,MINI
noarr,all_hints,doitgen,0.000005,2.400,valid,1,MINI
noarr,all_hints,doitgen,1,0.000005,1,MINI
noarr,all_hints,doitgen,2,0.000005,1,MINI
noarr,all_hints,doitgen,3,0.000005,1,MINI
noarr,all_hints,doitgen,4,0.000005,1,MINI
noarr,all_hints,doitgen,5,0.000005,1,MINI
noarr,all_hints,durbin,0.000002,2.000,valid,1,MINI
noarr,all_hints,durbin,1,0.000003,1,MINI
noarr,all_hints,durbin,2,0.000002,1,MINI
noarr,all_hints,durbin,3,0.000002,1,MINI
noarr,all_hints,durbin,4,0.000002,1,MINI
noarr,all_hints,durbin,5,0.000002,1,MINI
noarr,all_hints,fdtd-2d,0.002274,0.007,valid,1,MINI
noarr,all_hints,fdtd-2d,1,0.002044,1,MINI
noarr,all_hints,fdtd-2d,2,0.002155,1,MINI
noarr,all_hints,fdtd-2d,3,0.002185,1,MINI
noarr,all_hints,fdtd-2d,4,0.002195,1,MINI
noarr,all_hints,fdtd-2d,5,0.002194,1,MINI
noarr,all_hints,floyd-warshall,0.000069,3.536,valid,1,MINI
noarr,all_hints,floyd-warshall,1,0.000069,1,MINI
noarr,all_hints,floyd-warshall,2,0.000069,1,MINI
noarr,all_hints,floyd-warshall,3,0.000068,1,MINI
noarr,all_hints,floyd-warshall,4,0.000069,1,MINI
noarr,all_hints,floyd-warshall,5,0.000070,1,MINI
noarr,all_hints,gemm,,,illegal,1,MINI
noarr,all_hints,gemver,0.000003,2.000,valid,1,MINI
noarr,all_hints,gemver,1,0.000003,1,MINI
noarr,all_hints,gemver,2,0.000003,1,MINI
noarr,all_hints,gemver,3,0.000003,1,MINI
noarr,all_hints,gemver,4,0.000003,1,MINI
noarr,all_hints,gemver,5,0.000003,1,MINI
noarr,all_hints,gesummv,0.000001,3.000,valid,1,MINI
noarr,all_hints,gesummv,1,0.000001,1,MINI
noarr,all_hints,gesummv,2,0.000001,1,MINI
noarr,all_hints,gesummv,3,0.000001,1,MINI
noarr,all_hints,gesummv,4,0.000001,1,MINI
noarr,all_hints,gesummv,5,0.000001,1,MINI
noarr,all_hints,gramschmidt,0.000012,,invalid,1,MINI
noarr,all_hints,heat-3d,,,illegal,1,MINI
noarr,all_hints,jacobi-1d,0.003573,0.000,valid,1,MINI
noarr,all_hints,jacobi-1d,1,0.003584,1,MINI
noarr,all_hints,jacobi-1d,2,0.003450,1,MINI
noarr,all_hints,jacobi-1d,3,0.003416,1,MINI
noarr,all_hints,jacobi-1d,4,0.003569,1,MINI
noarr,all_hints,jacobi-1d,5,0.003474,1,MINI
noarr,all_hints,jacobi-2d,0.003718,0.009,valid,1,MINI
noarr,all_hints,jacobi-2d,1,0.003753,1,MINI
noarr,all_hints,jacobi-2d,2,0.003602,1,MINI
noarr,all_hints,jacobi-2d,3,0.003608,1,MINI
noarr,all_hints,jacobi-2d,4,0.003639,1,MINI
noarr,all_hints,jacobi-2d,5,0.003632,1,MINI
noarr,all_hints,lu,0.000023,1.348,valid,1,MINI
noarr,all_hints,lu,1,0.000023,1,MINI
noarr,all_hints,lu,2,0.000023,1,MINI
noarr,all_hints,lu,3,0.000023,1,MINI
noarr,all_hints,lu,4,0.000023,1,MINI
noarr,all_hints,lu,5,0.000023,1,MINI
noarr,all_hints,ludcmp,0.000027,1.111,valid,1,MINI
noarr,all_hints,ludcmp,1,0.000027,1,MINI
noarr,all_hints,ludcmp,2,0.000035,1,MINI
noarr,all_hints,ludcmp,3,0.000027,1,MINI
noarr,all_hints,ludcmp,4,0.000027,1,MINI
noarr,all_hints,ludcmp,5,0.000027,1,MINI
noarr,all_hints,mvt,0.002584,0.002,valid,1,MINI
noarr,all_hints,mvt,1,0.002749,1,MINI
noarr,all_hints,mvt,2,0.002585,1,MINI
noarr,all_hints,mvt,3,0.002528,1,MINI
noarr,all_hints,mvt,4,0.002658,1,MINI
noarr,all_hints,mvt,5,0.002690,1,MINI
noarr,all_hints,nussinov,,,illegal,1,MINI
noarr,all_hints,seidel-2d,0.000331,1.048,valid,1,MINI
noarr,all_hints,seidel-2d,1,0.000329,1,MINI
noarr,all_hints,seidel-2d,2,0.000332,1,MINI
noarr,all_hints,seidel-2d,3,0.000363,1,MINI
noarr,all_hints,seidel-2d,4,0.000328,1,MINI
noarr,all_hints,seidel-2d,5,0.000324,1,MINI
noarr,all_hints,symm,0.002652,0.006,valid,1,MINI
noarr,all_hints,symm,1,0.002678,1,MINI
noarr,all_hints,symm,2,0.002499,1,MINI
noarr,all_hints,symm,3,0.002334,1,MINI
noarr,all_hints,symm,4,0.002652,1,MINI
noarr,all_hints,symm,5,0.002496,1,MINI
noarr,all_hints,syr2k,0.000013,1.077,valid,1,MINI
noarr,all_hints,syr2k,1,0.000013,1,MINI
noarr,all_hints,syr2k,2,0.000013,1,MINI
noarr,all_hints,syr2k,3,0.000013,1,MINI
noarr,all_hints,syr2k,4,0.000013,1,MINI
noarr,all_hints,syr2k,5,0.000013,1,MINI
noarr,all_hints,syrk,0.000007,1.000,valid,1,MINI
noarr,all_hints,syrk,1,0.000008,1,MINI
noarr,all_hints,syrk,2,0.000007,1,MINI
noarr,all_hints,syrk,3,0.000007,1,MINI
noarr,all_hints,syrk,4,0.000007,1,MINI
noarr,all_hints,syrk,5,0.000007,1,MINI
noarr,all_hints,trisolv,0.000001,1.000,valid,1,MINI
noarr,all_hints,trisolv,1,0.000001,1,MINI
noarr,all_hints,trisolv,2,0.000001,1,MINI
noarr,all_hints,trisolv,3,0.000001,1,MINI
noarr,all_hints,trisolv,4,0.000001,1,MINI
noarr,all_hints,trisolv,5,0.000001,1,MINI
noarr,all_hints,trmm,0.002689,0.003,valid,1,MINI
noarr,all_hints,trmm,1,0.002793,1,MINI
noarr,all_hints,trmm,2,0.002632,1,MINI
noarr,all_hints,trmm,3,0.002688,1,MINI
noarr,all_hints,trmm,4,0.002621,1,MINI
noarr,all_hints,trmm,5,0.002545,1,MINI
-- The CXX compiler identification is GNU 15.2.0
-- Detecting CXX compiler ABI info
-- Detecting CXX compiler ABI info - done
-- Check for working CXX compiler: /usr/local/latestgcc/bin/g++ - skipped
-- Detecting CXX compile features
-- Detecting CXX compile features - done
-- Using NOARR_STRUCTURES_DIR from environment: /home/kleplj/all_hints/submodules/noarr-structures
-- Configuring done (0.4s)
-- Generating done (0.8s)
-- Build files have been written to: /home/kleplj/all_hints/optimization/all_hints/PolybenchC-Noarr/build
[  8%] Building CXX object CMakeFiles/correlation.dir/datamining/correlation/correlation.cpp.o
[  8%] Building CXX object CMakeFiles/gemm.dir/linear-algebra/blas/gemm/gemm.cpp.o
[ 15%] Building CXX object CMakeFiles/covariance.dir/datamining/covariance/covariance.cpp.o
[ 15%] Building CXX object CMakeFiles/gesummv.dir/linear-algebra/blas/gesummv/gesummv.cpp.o
[ 15%] Building CXX object CMakeFiles/symm.dir/linear-algebra/blas/symm/symm.cpp.o
[ 15%] Building CXX object CMakeFiles/gemver.dir/linear-algebra/blas/gemver/gemver.cpp.o
[ 15%] Building CXX object CMakeFiles/syr2k.dir/linear-algebra/blas/syr2k/syr2k.cpp.o
[ 25%] Building CXX object CMakeFiles/syrk.dir/linear-algebra/blas/syrk/syrk.cpp.o
[ 25%] Building CXX object CMakeFiles/atax.dir/linear-algebra/kernels/atax/atax.cpp.o
[ 25%] Building CXX object CMakeFiles/3mm.dir/linear-algebra/kernels/3mm/3mm.cpp.o
[ 25%] Building CXX object CMakeFiles/trmm.dir/linear-algebra/blas/trmm/trmm.cpp.o
[ 25%] Building CXX object CMakeFiles/2mm.dir/linear-algebra/kernels/2mm/2mm.cpp.o
[ 41%] Building CXX object CMakeFiles/mvt.dir/linear-algebra/kernels/mvt/mvt.cpp.o
[ 50%] Building CXX object CMakeFiles/lu.dir/linear-algebra/solvers/lu/lu.cpp.o
[ 50%] Building CXX object CMakeFiles/fdtd-2d.dir/stencils/fdtd-2d/fdtd-2d.cpp.o
[ 50%] Building CXX object CMakeFiles/doitgen.dir/linear-algebra/kernels/doitgen/doitgen.cpp.o
[ 50%] Building CXX object CMakeFiles/gramschmidt.dir/linear-algebra/solvers/gramschmidt/gramschmidt.cpp.o
[ 50%] Building CXX object CMakeFiles/ludcmp.dir/linear-algebra/solvers/ludcmp/ludcmp.cpp.o
[ 50%] Building CXX object CMakeFiles/trisolv.dir/linear-algebra/solvers/trisolv/trisolv.cpp.o
[ 50%] Building CXX object CMakeFiles/bicg.dir/linear-algebra/kernels/bicg/bicg.cpp.o
[ 50%] Building CXX object CMakeFiles/deriche.dir/medley/deriche/deriche.cpp.o
[ 50%] Building CXX object CMakeFiles/durbin.dir/linear-algebra/solvers/durbin/durbin.cpp.o
[ 50%] Building CXX object CMakeFiles/adi.dir/stencils/adi/adi.cpp.o
[ 50%] Building CXX object CMakeFiles/floyd-warshall.dir/medley/floyd-warshall/floyd-warshall.cpp.o
[ 50%] Building CXX object CMakeFiles/cholesky.dir/linear-algebra/solvers/cholesky/cholesky.cpp.o
[ 50%] Building CXX object CMakeFiles/heat-3d.dir/stencils/heat-3d/heat-3d.cpp.o
[ 50%] Building CXX object CMakeFiles/nussinov.dir/medley/nussinov/nussinov.cpp.o
[ 50%] Building CXX object CMakeFiles/jacobi-1d.dir/stencils/jacobi-1d/jacobi-1d.cpp.o
[ 50%] Building CXX object CMakeFiles/seidel-2d.dir/stencils/seidel-2d/seidel-2d.cpp.o
[ 50%] Building CXX object CMakeFiles/jacobi-2d.dir/stencils/jacobi-2d/jacobi-2d.cpp.o
[ 53%] Linking CXX executable nussinov
[ 53%] Linking CXX executable cholesky
[ 55%] Linking CXX executable durbin
[ 55%] Built target durbin
[ 56%] Linking CXX executable jacobi-1d
[ 56%] Built target jacobi-1d
[ 58%] Linking CXX executable mvt
[ 60%] Linking CXX executable gesummv
[ 61%] Linking CXX executable trisolv
[ 63%] Linking CXX executable jacobi-2d
[ 63%] Built target mvt
[ 65%] Built target gesummv
[ 65%] Linking CXX executable floyd-warshall
[ 65%] Built target trisolv
[ 66%] Linking CXX executable atax
[ 68%] Built target jacobi-2d
[ 68%] Linking CXX executable bicg
[ 68%] Built target floyd-warshall
[ 70%] Linking CXX executable adi
[ 70%] Built target atax
[ 71%] Linking CXX executable seidel-2d
[ 73%] Linking CXX executable lu
[ 75%] Linking CXX executable gemver
[ 75%] Built target bicg
[ 75%] Built target adi
[ 75%] Built target seidel-2d
[ 75%] Built target lu
[ 76%] Linking CXX executable symm
[ 76%] Built target gemver
[ 76%] Built target symm
[ 78%] Linking CXX executable syr2k
[ 80%] Linking CXX executable gemm
[ 81%] Linking CXX executable syrk
[ 83%] Linking CXX executable doitgen
[ 83%] Built target syr2k
[ 83%] Built target gemm
[ 83%] Built target syrk
[ 85%] Linking CXX executable covariance
[ 86%] Linking CXX executable heat-3d
[ 86%] Built target doitgen
[ 86%] Built target covariance
[ 86%] Built target heat-3d
[ 88%] Linking CXX executable deriche
[ 90%] Linking CXX executable gramschmidt
[ 91%] Linking CXX executable ludcmp
[ 91%] Built target deriche
[ 91%] Built target gramschmidt
[ 91%] Built target ludcmp
[ 93%] Linking CXX executable correlation
[ 93%] Built target correlation
[ 95%] Linking CXX executable 2mm
[ 95%] Built target 2mm
[ 96%] Linking CXX executable 3mm
[ 96%] Built target 3mm
noarr,all_hints,2mm,0.002776,0.007,valid,2,MINI
noarr,all_hints,2mm,1,0.002828,2,MINI
noarr,all_hints,2mm,2,0.002750,2,MINI
noarr,all_hints,2mm,3,0.002554,2,MINI
noarr,all_hints,2mm,4,0.002699,2,MINI
noarr,all_hints,2mm,5,0.002454,2,MINI
noarr,all_hints,3mm,0.000020,1.600,valid,2,MINI
noarr,all_hints,3mm,1,0.000019,2,MINI
noarr,all_hints,3mm,2,0.000019,2,MINI
noarr,all_hints,3mm,3,0.000019,2,MINI
noarr,all_hints,3mm,4,0.000009,2,MINI
noarr,all_hints,3mm,5,0.000019,2,MINI
noarr,all_hints,adi,0.001080,0.119,valid,2,MINI
noarr,all_hints,adi,1,0.001079,2,MINI
noarr,all_hints,adi,2,0.001089,2,MINI
noarr,all_hints,adi,3,0.001071,2,MINI
noarr,all_hints,adi,4,0.001091,2,MINI
noarr,all_hints,adi,5,0.001163,2,MINI
noarr,all_hints,atax,0.000002,1.500,valid,2,MINI
noarr,all_hints,atax,1,0.000002,2,MINI
noarr,all_hints,atax,2,0.000002,2,MINI
noarr,all_hints,atax,3,0.000002,2,MINI
noarr,all_hints,atax,4,0.000002,2,MINI
noarr,all_hints,atax,5,0.000002,2,MINI
noarr,all_hints,bicg,0.002583,0.002,valid,2,MINI
noarr,all_hints,bicg,1,0.002585,2,MINI
noarr,all_hints,bicg,2,0.002589,2,MINI
noarr,all_hints,bicg,3,0.002572,2,MINI
noarr,all_hints,bicg,4,0.002717,2,MINI
noarr,all_hints,bicg,5,0.002466,2,MINI
noarr,all_hints,cholesky,,,illegal,2,MINI
noarr,all_hints,correlation,0.000024,1.000,valid,2,MINI
noarr,all_hints,correlation,1,0.000025,2,MINI
noarr,all_hints,correlation,2,0.000025,2,MINI
noarr,all_hints,correlation,3,0.000024,2,MINI
noarr,all_hints,correlation,4,0.000025,2,MINI
noarr,all_hints,correlation,5,0.000025,2,MINI
noarr,all_hints,covariance,0.000022,1.500,valid,2,MINI
noarr,all_hints,covariance,1,0.000022,2,MINI
noarr,all_hints,covariance,2,0.000031,2,MINI
noarr,all_hints,covariance,3,0.000022,2,MINI
noarr,all_hints,covariance,4,0.000022,2,MINI
noarr,all_hints,covariance,5,0.000011,2,MINI
noarr,all_hints,deriche,0.000245,0.555,valid,2,MINI
noarr,all_hints,deriche,1,0.000228,2,MINI
noarr,all_hints,deriche,2,0.000229,2,MINI
noarr,all_hints,deriche,3,0.000214,2,MINI
noarr,all_hints,deriche,4,0.000231,2,MINI
noarr,all_hints,deriche,5,0.000241,2,MINI
noarr,all_hints,doitgen,0.000005,2.400,valid,2,MINI
noarr,all_hints,doitgen,1,0.000005,2,MINI
noarr,all_hints,doitgen,2,0.000005,2,MINI
noarr,all_hints,doitgen,3,0.000005,2,MINI
noarr,all_hints,doitgen,4,0.000005,2,MINI
noarr,all_hints,doitgen,5,0.000005,2,MINI
noarr,all_hints,durbin,0.000002,2.000,valid,2,MINI
noarr,all_hints,durbin,1,0.000002,2,MINI
noarr,all_hints,durbin,2,0.000002,2,MINI
noarr,all_hints,durbin,3,0.000002,2,MINI
noarr,all_hints,durbin,4,0.000002,2,MINI
noarr,all_hints,durbin,5,0.000002,2,MINI
noarr,all_hints,fdtd-2d,,,illegal,2,MINI
noarr,all_hints,floyd-warshall,0.004465,0.055,valid,2,MINI
noarr,all_hints,floyd-warshall,1,0.004803,2,MINI
noarr,all_hints,floyd-warshall,2,0.004607,2,MINI
noarr,all_hints,floyd-warshall,3,0.004585,2,MINI
noarr,all_hints,floyd-warshall,4,0.004566,2,MINI
noarr,all_hints,floyd-warshall,5,0.004604,2,MINI
noarr,all_hints,gemm,0.000016,0.313,valid,2,MINI
noarr,all_hints,gemm,1,0.000016,2,MINI
noarr,all_hints,gemm,2,0.000016,2,MINI
noarr,all_hints,gemm,3,0.000016,2,MINI
noarr,all_hints,gemm,4,0.000016,2,MINI
noarr,all_hints,gemm,5,0.000016,2,MINI
noarr,all_hints,gemver,0.002648,0.002,valid,2,MINI
noarr,all_hints,gemver,1,0.002702,2,MINI
noarr,all_hints,gemver,2,0.002569,2,MINI
noarr,all_hints,gemver,3,0.002680,2,MINI
noarr,all_hints,gemver,4,0.002681,2,MINI
noarr,all_hints,gemver,5,0.002532,2,MINI
noarr,all_hints,gesummv,0.000025,0.160,valid,2,MINI
noarr,all_hints,gesummv,1,0.000024,2,MINI
noarr,all_hints,gesummv,2,0.000026,2,MINI
noarr,all_hints,gesummv,3,0.000026,2,MINI
noarr,all_hints,gesummv,4,0.000025,2,MINI
noarr,all_hints,gesummv,5,0.000025,2,MINI
noarr,all_hints,gramschmidt,0.000012,,invalid,2,MINI
noarr,all_hints,heat-3d,0.003602,0.010,valid,2,MINI
noarr,all_hints,heat-3d,1,0.003793,2,MINI
noarr,all_hints,heat-3d,2,0.003698,2,MINI
noarr,all_hints,heat-3d,3,0.003428,2,MINI
noarr,all_hints,heat-3d,4,0.003634,2,MINI
noarr,all_hints,heat-3d,5,0.003508,2,MINI
noarr,all_hints,jacobi-1d,0.000001,2.000,valid,2,MINI
noarr,all_hints,jacobi-1d,1,0.000001,2,MINI
noarr,all_hints,jacobi-1d,2,0.000001,2,MINI
noarr,all_hints,jacobi-1d,3,0.000001,2,MINI
noarr,all_hints,jacobi-1d,4,0.000001,2,MINI
noarr,all_hints,jacobi-1d,5,0.000001,2,MINI
noarr,all_hints,jacobi-2d,0.001051,0.032,valid,2,MINI
noarr,all_hints,jacobi-2d,1,0.001092,2,MINI
noarr,all_hints,jacobi-2d,2,0.001093,2,MINI
noarr,all_hints,jacobi-2d,3,0.001015,2,MINI
noarr,all_hints,jacobi-2d,4,0.001201,2,MINI
noarr,all_hints,jacobi-2d,5,0.001078,2,MINI
noarr,all_hints,lu,0.000027,1.593,valid,2,MINI
noarr,all_hints,lu,1,0.000027,2,MINI
noarr,all_hints,lu,2,0.000027,2,MINI
noarr,all_hints,lu,3,0.000027,2,MINI
noarr,all_hints,lu,4,0.000027,2,MINI
noarr,all_hints,lu,5,0.000027,2,MINI
noarr,all_hints,ludcmp,0.000029,1.034,valid,2,MINI
noarr,all_hints,ludcmp,1,0.000029,2,MINI
noarr,all_hints,ludcmp,2,0.000029,2,MINI
noarr,all_hints,ludcmp,3,0.000029,2,MINI
noarr,all_hints,ludcmp,4,0.000029,2,MINI
noarr,all_hints,ludcmp,5,0.000029,2,MINI
noarr,all_hints,mvt,0.000002,2.500,valid,2,MINI
noarr,all_hints,mvt,1,0.000002,2,MINI
noarr,all_hints,mvt,2,0.000002,2,MINI
noarr,all_hints,mvt,3,0.000002,2,MINI
noarr,all_hints,mvt,4,0.000002,2,MINI
noarr,all_hints,mvt,5,0.000002,2,MINI
noarr,all_hints,nussinov,,,illegal,2,MINI
noarr,all_hints,seidel-2d,0.000248,1.456,valid,2,MINI
noarr,all_hints,seidel-2d,1,0.000256,2,MINI
noarr,all_hints,seidel-2d,2,0.000248,2,MINI
noarr,all_hints,seidel-2d,3,0.000248,2,MINI
noarr,all_hints,seidel-2d,4,0.000248,2,MINI
noarr,all_hints,seidel-2d,5,0.000253,2,MINI
noarr,all_hints,symm,0.000009,1.667,valid,2,MINI
noarr,all_hints,symm,1,0.000009,2,MINI
noarr,all_hints,symm,2,0.000009,2,MINI
noarr,all_hints,symm,3,0.000009,2,MINI
noarr,all_hints,symm,4,0.000009,2,MINI
noarr,all_hints,symm,5,0.000009,2,MINI
noarr,all_hints,syr2k,0.000012,1.333,valid,2,MINI
noarr,all_hints,syr2k,1,0.000012,2,MINI
noarr,all_hints,syr2k,2,0.000012,2,MINI
noarr,all_hints,syr2k,3,0.000012,2,MINI
noarr,all_hints,syr2k,4,0.000012,2,MINI
noarr,all_hints,syr2k,5,0.000011,2,MINI
noarr,all_hints,syrk,0.000010,0.800,valid,2,MINI
noarr,all_hints,syrk,1,0.000010,2,MINI
noarr,all_hints,syrk,2,0.000010,2,MINI
noarr,all_hints,syrk,3,0.000010,2,MINI
noarr,all_hints,syrk,4,0.000010,2,MINI
noarr,all_hints,syrk,5,0.000010,2,MINI
noarr,all_hints,trisolv,0.000001,1.000,valid,2,MINI
noarr,all_hints,trisolv,1,0.000001,2,MINI
noarr,all_hints,trisolv,2,0.000001,2,MINI
noarr,all_hints,trisolv,3,0.000001,2,MINI
noarr,all_hints,trisolv,4,0.000001,2,MINI
noarr,all_hints,trisolv,5,0.000001,2,MINI
noarr,all_hints,trmm,,,illegal,2,MINI
-- The CXX compiler identification is GNU 15.2.0
-- Detecting CXX compiler ABI info
-- Detecting CXX compiler ABI info - done
-- Check for working CXX compiler: /usr/local/latestgcc/bin/g++ - skipped
-- Detecting CXX compile features
-- Detecting CXX compile features - done
-- Using NOARR_STRUCTURES_DIR from environment: /home/kleplj/all_hints/submodules/noarr-structures
-- Configuring done (0.4s)
-- Generating done (0.8s)
-- Build files have been written to: /home/kleplj/all_hints/optimization/all_hints/PolybenchC-Noarr/build
[ 11%] Building CXX object CMakeFiles/covariance.dir/datamining/covariance/covariance.cpp.o
[ 11%] Building CXX object CMakeFiles/gemm.dir/linear-algebra/blas/gemm/gemm.cpp.o
[ 11%] Building CXX object CMakeFiles/gemver.dir/linear-algebra/blas/gemver/gemver.cpp.o
[ 11%] Building CXX object CMakeFiles/correlation.dir/datamining/correlation/correlation.cpp.o
[ 13%] Building CXX object CMakeFiles/gesummv.dir/linear-algebra/blas/gesummv/gesummv.cpp.o
[ 13%] Building CXX object CMakeFiles/symm.dir/linear-algebra/blas/symm/symm.cpp.o
[ 13%] Building CXX object CMakeFiles/syr2k.dir/linear-algebra/blas/syr2k/syr2k.cpp.o
[ 21%] Building CXX object CMakeFiles/syrk.dir/linear-algebra/blas/syrk/syrk.cpp.o
[ 21%] Building CXX object CMakeFiles/2mm.dir/linear-algebra/kernels/2mm/2mm.cpp.o
[ 21%] Building CXX object CMakeFiles/3mm.dir/linear-algebra/kernels/3mm/3mm.cpp.o
[ 33%] Building CXX object CMakeFiles/atax.dir/linear-algebra/kernels/atax/atax.cpp.o
[ 50%] Building CXX object CMakeFiles/lu.dir/linear-algebra/solvers/lu/lu.cpp.o
[ 50%] Building CXX object CMakeFiles/trisolv.dir/linear-algebra/solvers/trisolv/trisolv.cpp.o
[ 50%] Building CXX object CMakeFiles/cholesky.dir/linear-algebra/solvers/cholesky/cholesky.cpp.o
[ 50%] Building CXX object CMakeFiles/gramschmidt.dir/linear-algebra/solvers/gramschmidt/gramschmidt.cpp.o
[ 50%] Building CXX object CMakeFiles/bicg.dir/linear-algebra/kernels/bicg/bicg.cpp.o
[ 50%] Building CXX object CMakeFiles/doitgen.dir/linear-algebra/kernels/doitgen/doitgen.cpp.o
[ 50%] Building CXX object CMakeFiles/durbin.dir/linear-algebra/solvers/durbin/durbin.cpp.o
[ 50%] Building CXX object CMakeFiles/nussinov.dir/medley/nussinov/nussinov.cpp.o
[ 50%] Building CXX object CMakeFiles/adi.dir/stencils/adi/adi.cpp.o
[ 50%] Building CXX object CMakeFiles/fdtd-2d.dir/stencils/fdtd-2d/fdtd-2d.cpp.o
[ 50%] Building CXX object CMakeFiles/mvt.dir/linear-algebra/kernels/mvt/mvt.cpp.o
[ 50%] Building CXX object CMakeFiles/ludcmp.dir/linear-algebra/solvers/ludcmp/ludcmp.cpp.o
[ 50%] Building CXX object CMakeFiles/floyd-warshall.dir/medley/floyd-warshall/floyd-warshall.cpp.o
[ 50%] Building CXX object CMakeFiles/heat-3d.dir/stencils/heat-3d/heat-3d.cpp.o
[ 50%] Building CXX object CMakeFiles/trmm.dir/linear-algebra/blas/trmm/trmm.cpp.o
[ 50%] Building CXX object CMakeFiles/deriche.dir/medley/deriche/deriche.cpp.o
[ 50%] Building CXX object CMakeFiles/jacobi-1d.dir/stencils/jacobi-1d/jacobi-1d.cpp.o
[ 50%] Building CXX object CMakeFiles/jacobi-2d.dir/stencils/jacobi-2d/jacobi-2d.cpp.o
[ 50%] Building CXX object CMakeFiles/seidel-2d.dir/stencils/seidel-2d/seidel-2d.cpp.o
[ 53%] Linking CXX executable nussinov
[ 53%] Linking CXX executable cholesky
[ 55%] Linking CXX executable jacobi-1d
[ 60%] Linking CXX executable jacobi-2d
[ 70%] Linking CXX executable bicg
[ 70%] Linking CXX executable durbin
[ 75%] Linking CXX executable seidel-2d
[ 75%] Linking CXX executable syr2k
[ 75%] Linking CXX executable trisolv
[ 75%] Linking CXX executable floyd-warshall
[ 80%] Linking CXX executable symm
[ 80%] Linking CXX executable atax
[ 80%] Linking CXX executable lu
[ 83%] Linking CXX executable gemver
[ 83%] Linking CXX executable gesummv
[ 83%] Linking CXX executable adi
[ 83%] Linking CXX executable doitgen
[ 83%] Linking CXX executable mvt
[ 83%] Linking CXX executable syrk
[ 83%] Linking CXX executable deriche
[ 85%] Linking CXX executable heat-3d
[ 86%] Linking CXX executable trmm
[ 88%] Linking CXX executable gemm
[ 88%] Built target jacobi-1d
[ 88%] Built target jacobi-2d
[ 88%] Built target bicg
[ 88%] Built target seidel-2d
[ 88%] Built target durbin
[ 88%] Built target trisolv
[ 88%] Built target syr2k
[ 88%] Built target gemver
[ 88%] Built target heat-3d
[ 88%] Built target floyd-warshall
[ 88%] Built target gesummv
[ 88%] Built target syrk
[ 88%] Built target doitgen
[ 88%] Built target atax
[ 88%] Built target deriche
[ 88%] Built target mvt
[ 88%] Built target symm
[ 88%] Built target adi
[ 88%] Built target lu
[ 90%] Built target trmm
[ 90%] Linking CXX executable ludcmp
[ 91%] Linking CXX executable gramschmidt
[ 91%] Built target gemm
[ 91%] Built target ludcmp
[ 91%] Built target gramschmidt
[ 93%] Linking CXX executable covariance
[ 93%] Built target covariance
[ 95%] Linking CXX executable correlation
[ 95%] Built target correlation
[ 96%] Linking CXX executable 2mm
[ 96%] Built target 2mm
[ 98%] Linking CXX executable 3mm
[ 98%] Built target 3mm
noarr,all_hints,2mm,0.000005,3.800,valid,3,MINI
noarr,all_hints,2mm,1,0.000005,3,MINI
noarr,all_hints,2mm,2,0.000005,3,MINI
noarr,all_hints,2mm,3,0.000005,3,MINI
noarr,all_hints,2mm,4,0.000005,3,MINI
noarr,all_hints,2mm,5,0.000006,3,MINI
noarr,all_hints,3mm,0.000035,0.857,valid,3,MINI
noarr,all_hints,3mm,1,0.000039,3,MINI
noarr,all_hints,3mm,2,0.000037,3,MINI
noarr,all_hints,3mm,3,0.000037,3,MINI
noarr,all_hints,3mm,4,0.000041,3,MINI
noarr,all_hints,3mm,5,0.000033,3,MINI
noarr,all_hints,adi,0.003863,0.033,valid,3,MINI
noarr,all_hints,adi,1,0.004054,3,MINI
noarr,all_hints,adi,2,0.003850,3,MINI
noarr,all_hints,adi,3,0.003997,3,MINI
noarr,all_hints,adi,4,0.003984,3,MINI
noarr,all_hints,adi,5,0.003887,3,MINI
noarr,all_hints,atax,0.002689,0.001,valid,3,MINI
noarr,all_hints,atax,1,0.002736,3,MINI
noarr,all_hints,atax,2,0.002565,3,MINI
noarr,all_hints,atax,3,0.002712,3,MINI
noarr,all_hints,atax,4,0.002636,3,MINI
noarr,all_hints,atax,5,0.002661,3,MINI
noarr,all_hints,bicg,0.000002,3.000,valid,3,MINI
noarr,all_hints,bicg,1,0.000002,3,MINI
noarr,all_hints,bicg,2,0.000002,3,MINI
noarr,all_hints,bicg,3,0.000002,3,MINI
noarr,all_hints,bicg,4,0.000002,3,MINI
noarr,all_hints,bicg,5,0.000002,3,MINI
noarr,all_hints,cholesky,,,illegal,3,MINI
noarr,all_hints,correlation,0.000028,0.821,valid,3,MINI
noarr,all_hints,correlation,1,0.000028,3,MINI
noarr,all_hints,correlation,2,0.000028,3,MINI
noarr,all_hints,correlation,3,0.000027,3,MINI
noarr,all_hints,correlation,4,0.000028,3,MINI
noarr,all_hints,correlation,5,0.000028,3,MINI
noarr,all_hints,covariance,0.000010,3.700,valid,3,MINI
noarr,all_hints,covariance,1,0.000021,3,MINI
noarr,all_hints,covariance,2,0.000020,3,MINI
noarr,all_hints,covariance,3,0.000021,3,MINI
noarr,all_hints,covariance,4,0.000021,3,MINI
noarr,all_hints,covariance,5,0.000010,3,MINI
noarr,all_hints,deriche,0.000070,1.957,valid,3,MINI
noarr,all_hints,deriche,1,0.000071,3,MINI
noarr,all_hints,deriche,2,0.000070,3,MINI
noarr,all_hints,deriche,3,0.000070,3,MINI
noarr,all_hints,deriche,4,0.000071,3,MINI
noarr,all_hints,deriche,5,0.000069,3,MINI
noarr,all_hints,doitgen,0.000005,2.400,valid,3,MINI
noarr,all_hints,doitgen,1,0.000005,3,MINI
noarr,all_hints,doitgen,2,0.000005,3,MINI
noarr,all_hints,doitgen,3,0.000005,3,MINI
noarr,all_hints,doitgen,4,0.000004,3,MINI
noarr,all_hints,doitgen,5,0.000005,3,MINI
noarr,all_hints,durbin,0.000002,2.000,valid,3,MINI
noarr,all_hints,durbin,1,0.000002,3,MINI
noarr,all_hints,durbin,2,0.000002,3,MINI
noarr,all_hints,durbin,3,0.000002,3,MINI
noarr,all_hints,durbin,4,0.000002,3,MINI
noarr,all_hints,durbin,5,0.000002,3,MINI
noarr,all_hints,fdtd-2d,,,illegal,3,MINI
noarr,all_hints,floyd-warshall,0.004386,0.056,valid,3,MINI
noarr,all_hints,floyd-warshall,1,0.004512,3,MINI
noarr,all_hints,floyd-warshall,2,0.004381,3,MINI
noarr,all_hints,floyd-warshall,3,0.004460,3,MINI
noarr,all_hints,floyd-warshall,4,0.004300,3,MINI
noarr,all_hints,floyd-warshall,5,0.004230,3,MINI
noarr,all_hints,gemm,0.000013,0.385,valid,3,MINI
noarr,all_hints,gemm,1,0.000013,3,MINI
noarr,all_hints,gemm,2,0.000013,3,MINI
noarr,all_hints,gemm,3,0.000013,3,MINI
noarr,all_hints,gemm,4,0.000013,3,MINI
noarr,all_hints,gemm,5,0.000013,3,MINI
noarr,all_hints,gemver,0.002665,0.003,valid,3,MINI
noarr,all_hints,gemver,1,0.002639,3,MINI
noarr,all_hints,gemver,2,0.002491,3,MINI
noarr,all_hints,gemver,3,0.002643,3,MINI
noarr,all_hints,gemver,4,0.002550,3,MINI
noarr,all_hints,gemver,5,0.002672,3,MINI
noarr,all_hints,gesummv,0.000001,3.000,valid,3,MINI
noarr,all_hints,gesummv,1,0.000001,3,MINI
noarr,all_hints,gesummv,2,0.000001,3,MINI
noarr,all_hints,gesummv,3,0.000001,3,MINI
noarr,all_hints,gesummv,4,0.000001,3,MINI
noarr,all_hints,gesummv,5,0.000001,3,MINI
noarr,all_hints,gramschmidt,0.000010,,invalid,3,MINI
noarr,all_hints,heat-3d,0.003785,0.010,valid,3,MINI
noarr,all_hints,heat-3d,1,0.003725,3,MINI
noarr,all_hints,heat-3d,2,0.003613,3,MINI
noarr,all_hints,heat-3d,3,0.003744,3,MINI
noarr,all_hints,heat-3d,4,0.003722,3,MINI
noarr,all_hints,heat-3d,5,0.003530,3,MINI
noarr,all_hints,jacobi-1d,0.000001,1.000,valid,3,MINI
noarr,all_hints,jacobi-1d,1,0.000001,3,MINI
noarr,all_hints,jacobi-1d,2,0.000001,3,MINI
noarr,all_hints,jacobi-1d,3,0.000001,3,MINI
noarr,all_hints,jacobi-1d,4,0.000001,3,MINI
noarr,all_hints,jacobi-1d,5,0.000001,3,MINI
noarr,all_hints,jacobi-2d,0.001076,0.032,valid,3,MINI
noarr,all_hints,jacobi-2d,1,0.001070,3,MINI
noarr,all_hints,jacobi-2d,2,0.001110,3,MINI
noarr,all_hints,jacobi-2d,3,0.001103,3,MINI
noarr,all_hints,jacobi-2d,4,0.001046,3,MINI
noarr,all_hints,jacobi-2d,5,0.001060,3,MINI
noarr,all_hints,lu,0.000017,1.765,valid,3,MINI
noarr,all_hints,lu,1,0.000017,3,MINI
noarr,all_hints,lu,2,0.000017,3,MINI
noarr,all_hints,lu,3,0.000017,3,MINI
noarr,all_hints,lu,4,0.000017,3,MINI
noarr,all_hints,lu,5,0.000017,3,MINI
noarr,all_hints,ludcmp,0.000034,0.912,valid,3,MINI
noarr,all_hints,ludcmp,1,0.000034,3,MINI
noarr,all_hints,ludcmp,2,0.000033,3,MINI
noarr,all_hints,ludcmp,3,0.000033,3,MINI
noarr,all_hints,ludcmp,4,0.000033,3,MINI
noarr,all_hints,ludcmp,5,0.000033,3,MINI
noarr,all_hints,mvt,0.002623,0.002,valid,3,MINI
noarr,all_hints,mvt,1,0.002675,3,MINI
noarr,all_hints,mvt,2,0.002624,3,MINI
noarr,all_hints,mvt,3,0.002442,3,MINI
noarr,all_hints,mvt,4,0.002598,3,MINI
noarr,all_hints,mvt,5,0.002553,3,MINI
noarr,all_hints,nussinov,,,illegal,3,MINI
noarr,all_hints,seidel-2d,0.000268,1.295,valid,3,MINI
noarr,all_hints,seidel-2d,1,0.000270,3,MINI
noarr,all_hints,seidel-2d,2,0.000268,3,MINI
noarr,all_hints,seidel-2d,3,0.000268,3,MINI
noarr,all_hints,seidel-2d,4,0.000276,3,MINI
noarr,all_hints,seidel-2d,5,0.000268,3,MINI
noarr,all_hints,symm,0.002794,0.010,valid,3,MINI
noarr,all_hints,symm,1,0.002749,3,MINI
noarr,all_hints,symm,2,0.002568,3,MINI
noarr,all_hints,symm,3,0.002684,3,MINI
noarr,all_hints,symm,4,0.002727,3,MINI
noarr,all_hints,symm,5,0.002482,3,MINI
noarr,all_hints,syr2k,0.000013,1.154,valid,3,MINI
noarr,all_hints,syr2k,1,0.000013,3,MINI
noarr,all_hints,syr2k,2,0.000013,3,MINI
noarr,all_hints,syr2k,3,0.000013,3,MINI
noarr,all_hints,syr2k,4,0.000013,3,MINI
noarr,all_hints,syr2k,5,0.000013,3,MINI
noarr,all_hints,syrk,0.000009,0.889,valid,3,MINI
noarr,all_hints,syrk,1,0.000008,3,MINI
noarr,all_hints,syrk,2,0.000009,3,MINI
noarr,all_hints,syrk,3,0.000008,3,MINI
noarr,all_hints,syrk,4,0.000009,3,MINI
noarr,all_hints,syrk,5,0.000008,3,MINI
noarr,all_hints,trisolv,0.000001,2.000,valid,3,MINI
noarr,all_hints,trisolv,1,0.000001,3,MINI
noarr,all_hints,trisolv,2,0.000001,3,MINI
noarr,all_hints,trisolv,3,0.000001,3,MINI
noarr,all_hints,trisolv,4,0.000001,3,MINI
noarr,all_hints,trisolv,5,0.000001,3,MINI
noarr,all_hints,trmm,0.000002,4.000,valid,3,MINI
noarr,all_hints,trmm,1,0.000002,3,MINI
noarr,all_hints,trmm,2,0.000002,3,MINI
noarr,all_hints,trmm,3,0.000002,3,MINI
noarr,all_hints,trmm,4,0.000002,3,MINI
noarr,all_hints,trmm,5,0.000002,3,MINI
-- The CXX compiler identification is GNU 15.2.0
-- Detecting CXX compiler ABI info
-- Detecting CXX compiler ABI info - done
-- Check for working CXX compiler: /usr/local/latestgcc/bin/g++ - skipped
-- Detecting CXX compile features
-- Detecting CXX compile features - done
-- Using NOARR_STRUCTURES_DIR from environment: /home/kleplj/all_hints/submodules/noarr-structures
-- Configuring done (0.4s)
-- Generating done (0.8s)
-- Build files have been written to: /home/kleplj/all_hints/optimization/all_hints/PolybenchC-Noarr/build
[  6%] Building CXX object CMakeFiles/covariance.dir/datamining/covariance/covariance.cpp.o
[ 10%] Building CXX object CMakeFiles/correlation.dir/datamining/correlation/correlation.cpp.o
[ 10%] Building CXX object CMakeFiles/gemver.dir/linear-algebra/blas/gemver/gemver.cpp.o
[ 18%] Building CXX object CMakeFiles/syr2k.dir/linear-algebra/blas/syr2k/syr2k.cpp.o
[ 18%] Building CXX object CMakeFiles/symm.dir/linear-algebra/blas/symm/symm.cpp.o
[ 18%] Building CXX object CMakeFiles/syrk.dir/linear-algebra/blas/syrk/syrk.cpp.o
[ 18%] Building CXX object CMakeFiles/gemm.dir/linear-algebra/blas/gemm/gemm.cpp.o
[ 18%] Building CXX object CMakeFiles/gesummv.dir/linear-algebra/blas/gesummv/gesummv.cpp.o
[ 18%] Building CXX object CMakeFiles/3mm.dir/linear-algebra/kernels/3mm/3mm.cpp.o
[ 28%] Building CXX object CMakeFiles/cholesky.dir/linear-algebra/solvers/cholesky/cholesky.cpp.o
[ 50%] Building CXX object CMakeFiles/deriche.dir/medley/deriche/deriche.cpp.o
[ 50%] Building CXX object CMakeFiles/floyd-warshall.dir/medley/floyd-warshall/floyd-warshall.cpp.o
[ 50%] Building CXX object CMakeFiles/ludcmp.dir/linear-algebra/solvers/ludcmp/ludcmp.cpp.o
[ 50%] Building CXX object CMakeFiles/atax.dir/linear-algebra/kernels/atax/atax.cpp.o
[ 50%] Building CXX object CMakeFiles/heat-3d.dir/stencils/heat-3d/heat-3d.cpp.o
[ 50%] Building CXX object CMakeFiles/trmm.dir/linear-algebra/blas/trmm/trmm.cpp.o
[ 50%] Building CXX object CMakeFiles/mvt.dir/linear-algebra/kernels/mvt/mvt.cpp.o
[ 50%] Building CXX object CMakeFiles/doitgen.dir/linear-algebra/kernels/doitgen/doitgen.cpp.o
[ 50%] Building CXX object CMakeFiles/jacobi-2d.dir/stencils/jacobi-2d/jacobi-2d.cpp.o
[ 50%] Building CXX object CMakeFiles/2mm.dir/linear-algebra/kernels/2mm/2mm.cpp.o
[ 50%] Building CXX object CMakeFiles/bicg.dir/linear-algebra/kernels/bicg/bicg.cpp.o
[ 50%] Building CXX object CMakeFiles/gramschmidt.dir/linear-algebra/solvers/gramschmidt/gramschmidt.cpp.o
[ 50%] Building CXX object CMakeFiles/trisolv.dir/linear-algebra/solvers/trisolv/trisolv.cpp.o
[ 50%] Building CXX object CMakeFiles/nussinov.dir/medley/nussinov/nussinov.cpp.o
[ 50%] Building CXX object CMakeFiles/adi.dir/stencils/adi/adi.cpp.o
[ 50%] Building CXX object CMakeFiles/durbin.dir/linear-algebra/solvers/durbin/durbin.cpp.o
[ 50%] Building CXX object CMakeFiles/lu.dir/linear-algebra/solvers/lu/lu.cpp.o
[ 50%] Building CXX object CMakeFiles/jacobi-1d.dir/stencils/jacobi-1d/jacobi-1d.cpp.o
[ 50%] Building CXX object CMakeFiles/seidel-2d.dir/stencils/seidel-2d/seidel-2d.cpp.o
[ 50%] Building CXX object CMakeFiles/fdtd-2d.dir/stencils/fdtd-2d/fdtd-2d.cpp.o
[ 51%] Linking CXX executable cholesky
[ 53%] Linking CXX executable nussinov
[ 55%] Linking CXX executable jacobi-1d
[ 56%] Linking CXX executable durbin
[ 56%] Built target jacobi-1d
[ 58%] Linking CXX executable seidel-2d
[ 58%] Built target durbin
[ 60%] Linking CXX executable gesummv
[ 60%] Built target seidel-2d
[ 61%] Linking CXX executable trisolv
[ 63%] Linking CXX executable atax
[ 65%] Linking CXX executable jacobi-2d
[ 65%] Built target gesummv
[ 65%] Built target trisolv
[ 65%] Built target atax
[ 66%] Linking CXX executable adi
[ 66%] Built target jacobi-2d
[ 68%] Linking CXX executable mvt
[ 71%] Linking CXX executable syrk
[ 71%] Linking CXX executable floyd-warshall
[ 71%] Built target adi
[ 73%] Linking CXX executable trmm
[ 75%] Linking CXX executable deriche
[ 76%] Linking CXX executable lu
[ 76%] Built target mvt
[ 76%] Built target floyd-warshall
[ 76%] Built target syrk
[ 76%] Built target trmm
[ 78%] Linking CXX executable gemver
[ 78%] Built target deriche
[ 78%] Built target lu
[ 80%] Linking CXX executable symm
[ 81%] Linking CXX executable bicg
[ 81%] Built target gemver
[ 81%] Built target symm
[ 83%] Linking CXX executable gemm
[ 83%] Built target bicg
[ 86%] Linking CXX executable syr2k
[ 86%] Linking CXX executable covariance
[ 86%] Built target gemm
[ 88%] Linking CXX executable gramschmidt
[ 90%] Linking CXX executable heat-3d
[ 91%] Linking CXX executable doitgen
[ 91%] Built target covariance
[ 91%] Built target syr2k
[ 93%] Linking CXX executable fdtd-2d
[ 93%] Built target gramschmidt
[ 93%] Built target heat-3d
[ 93%] Built target doitgen
[ 95%] Linking CXX executable ludcmp
[ 95%] Built target fdtd-2d
[ 95%] Built target ludcmp
[ 96%] Linking CXX executable correlation
[ 96%] Built target correlation
[ 98%] Linking CXX executable 2mm
[ 98%] Built target 2mm
[100%] Linking CXX executable 3mm
[100%] Built target 3mm
noarr,all_hints,2mm,0.000005,3.800,valid,4,MINI
noarr,all_hints,2mm,1,0.000005,4,MINI
noarr,all_hints,2mm,2,0.000005,4,MINI
noarr,all_hints,2mm,3,0.000005,4,MINI
noarr,all_hints,2mm,4,0.000005,4,MINI
noarr,all_hints,2mm,5,0.000005,4,MINI
noarr,all_hints,3mm,0.000018,1.778,valid,4,MINI
noarr,all_hints,3mm,1,0.000020,4,MINI
noarr,all_hints,3mm,2,0.000020,4,MINI
noarr,all_hints,3mm,3,0.000020,4,MINI
noarr,all_hints,3mm,4,0.000020,4,MINI
noarr,all_hints,3mm,5,0.000020,4,MINI
noarr,all_hints,adi,0.003797,0.037,valid,4,MINI
noarr,all_hints,adi,1,0.003933,4,MINI
noarr,all_hints,adi,2,0.003712,4,MINI
noarr,all_hints,adi,3,0.003899,4,MINI
noarr,all_hints,adi,4,0.003761,4,MINI
noarr,all_hints,adi,5,0.003840,4,MINI
noarr,all_hints,atax,0.000002,1.500,valid,4,MINI
noarr,all_hints,atax,1,0.000002,4,MINI
noarr,all_hints,atax,2,0.000002,4,MINI
noarr,all_hints,atax,3,0.000002,4,MINI
noarr,all_hints,atax,4,0.000002,4,MINI
noarr,all_hints,atax,5,0.000002,4,MINI
noarr,all_hints,bicg,0.000002,8.500,valid,4,MINI
noarr,all_hints,bicg,1,0.000002,4,MINI
noarr,all_hints,bicg,2,0.000002,4,MINI
noarr,all_hints,bicg,3,0.000002,4,MINI
noarr,all_hints,bicg,4,0.000002,4,MINI
noarr,all_hints,bicg,5,0.000002,4,MINI
noarr,all_hints,cholesky,,,illegal,4,MINI
noarr,all_hints,correlation,0.000028,1.250,valid,4,MINI
noarr,all_hints,correlation,1,0.000030,4,MINI
noarr,all_hints,correlation,2,0.000028,4,MINI
noarr,all_hints,correlation,3,0.000028,4,MINI
noarr,all_hints,correlation,4,0.000028,4,MINI
noarr,all_hints,correlation,5,0.000028,4,MINI
noarr,all_hints,covariance,0.000010,3.500,valid,4,MINI
noarr,all_hints,covariance,1,0.000010,4,MINI
noarr,all_hints,covariance,2,0.000020,4,MINI
noarr,all_hints,covariance,3,0.000021,4,MINI
noarr,all_hints,covariance,4,0.000020,4,MINI
noarr,all_hints,covariance,5,0.000021,4,MINI
noarr,all_hints,deriche,0.000222,,invalid,4,MINI
noarr,all_hints,doitgen,0.000005,2.400,valid,4,MINI
noarr,all_hints,doitgen,1,0.000005,4,MINI
noarr,all_hints,doitgen,2,0.000005,4,MINI
noarr,all_hints,doitgen,3,0.000005,4,MINI
noarr,all_hints,doitgen,4,0.000005,4,MINI
noarr,all_hints,doitgen,5,0.000005,4,MINI
noarr,all_hints,durbin,0.000002,2.000,valid,4,MINI
noarr,all_hints,durbin,1,0.000002,4,MINI
noarr,all_hints,durbin,2,0.000002,4,MINI
noarr,all_hints,durbin,3,0.000002,4,MINI
noarr,all_hints,durbin,4,0.000002,4,MINI
noarr,all_hints,durbin,5,0.000002,4,MINI
noarr,all_hints,fdtd-2d,0.004285,0.007,valid,4,MINI
noarr,all_hints,fdtd-2d,1,0.004345,4,MINI
noarr,all_hints,fdtd-2d,2,0.004084,4,MINI
noarr,all_hints,fdtd-2d,3,0.004269,4,MINI
noarr,all_hints,fdtd-2d,4,0.004208,4,MINI
noarr,all_hints,fdtd-2d,5,0.004143,4,MINI
noarr,all_hints,floyd-warshall,0.000069,3.551,valid,4,MINI
noarr,all_hints,floyd-warshall,1,0.000069,4,MINI
noarr,all_hints,floyd-warshall,2,0.000070,4,MINI
noarr,all_hints,floyd-warshall,3,0.000069,4,MINI
noarr,all_hints,floyd-warshall,4,0.000069,4,MINI
noarr,all_hints,floyd-warshall,5,0.000069,4,MINI
noarr,all_hints,gemm,0.000006,0.833,valid,4,MINI
noarr,all_hints,gemm,1,0.000005,4,MINI
noarr,all_hints,gemm,2,0.000005,4,MINI
noarr,all_hints,gemm,3,0.000005,4,MINI
noarr,all_hints,gemm,4,0.000005,4,MINI
noarr,all_hints,gemm,5,0.000005,4,MINI
noarr,all_hints,gemver,0.000004,1.750,valid,4,MINI
noarr,all_hints,gemver,1,0.000004,4,MINI
noarr,all_hints,gemver,2,0.000004,4,MINI
noarr,all_hints,gemver,3,0.000004,4,MINI
noarr,all_hints,gemver,4,0.000004,4,MINI
noarr,all_hints,gemver,5,0.000004,4,MINI
noarr,all_hints,gesummv,0.000001,4.000,valid,4,MINI
noarr,all_hints,gesummv,1,0.000001,4,MINI
noarr,all_hints,gesummv,2,0.000001,4,MINI
noarr,all_hints,gesummv,3,0.000001,4,MINI
noarr,all_hints,gesummv,4,0.000001,4,MINI
noarr,all_hints,gesummv,5,0.000001,4,MINI
noarr,all_hints,gramschmidt,0.000010,,invalid,4,MINI
noarr,all_hints,heat-3d,0.003797,0.009,valid,4,MINI
noarr,all_hints,heat-3d,1,0.003769,4,MINI
noarr,all_hints,heat-3d,2,0.003597,4,MINI
noarr,all_hints,heat-3d,3,0.003530,4,MINI
noarr,all_hints,heat-3d,4,0.003403,4,MINI
noarr,all_hints,heat-3d,5,0.003543,4,MINI
noarr,all_hints,jacobi-1d,0.000929,0.001,valid,4,MINI
noarr,all_hints,jacobi-1d,1,0.000916,4,MINI
noarr,all_hints,jacobi-1d,2,0.001119,4,MINI
noarr,all_hints,jacobi-1d,3,0.000898,4,MINI
noarr,all_hints,jacobi-1d,4,0.000913,4,MINI
noarr,all_hints,jacobi-1d,5,0.000987,4,MINI
noarr,all_hints,jacobi-2d,0.003813,0.009,valid,4,MINI
noarr,all_hints,jacobi-2d,1,0.003805,4,MINI
noarr,all_hints,jacobi-2d,2,0.003709,4,MINI
noarr,all_hints,jacobi-2d,3,0.003765,4,MINI
noarr,all_hints,jacobi-2d,4,0.003719,4,MINI
noarr,all_hints,jacobi-2d,5,0.003798,4,MINI
noarr,all_hints,lu,0.000022,1.364,valid,4,MINI
noarr,all_hints,lu,1,0.000023,4,MINI
noarr,all_hints,lu,2,0.000023,4,MINI
noarr,all_hints,lu,3,0.000022,4,MINI
noarr,all_hints,lu,4,0.000023,4,MINI
noarr,all_hints,lu,5,0.000023,4,MINI
noarr,all_hints,ludcmp,0.000025,1.200,valid,4,MINI
noarr,all_hints,ludcmp,1,0.000025,4,MINI
noarr,all_hints,ludcmp,2,0.000025,4,MINI
noarr,all_hints,ludcmp,3,0.000025,4,MINI
noarr,all_hints,ludcmp,4,0.000025,4,MINI
noarr,all_hints,ludcmp,5,0.000025,4,MINI
noarr,all_hints,mvt,0.002735,0.002,valid,4,MINI
noarr,all_hints,mvt,1,0.002644,4,MINI
noarr,all_hints,mvt,2,0.002553,4,MINI
noarr,all_hints,mvt,3,0.002481,4,MINI
noarr,all_hints,mvt,4,0.002696,4,MINI
noarr,all_hints,mvt,5,0.002539,4,MINI
noarr,all_hints,nussinov,,,illegal,4,MINI
noarr,all_hints,seidel-2d,0.000244,1.418,valid,4,MINI
noarr,all_hints,seidel-2d,1,0.000241,4,MINI
noarr,all_hints,seidel-2d,2,0.000244,4,MINI
noarr,all_hints,seidel-2d,3,0.000253,4,MINI
noarr,all_hints,seidel-2d,4,0.000244,4,MINI
noarr,all_hints,seidel-2d,5,0.000244,4,MINI
noarr,all_hints,symm,0.002682,0.006,valid,4,MINI
noarr,all_hints,symm,1,0.002656,4,MINI
noarr,all_hints,symm,2,0.002621,4,MINI
noarr,all_hints,symm,3,0.002556,4,MINI
noarr,all_hints,symm,4,0.002644,4,MINI
noarr,all_hints,symm,5,0.002632,4,MINI
noarr,all_hints,syr2k,0.000013,1.077,valid,4,MINI
noarr,all_hints,syr2k,1,0.000013,4,MINI
noarr,all_hints,syr2k,2,0.000013,4,MINI
noarr,all_hints,syr2k,3,0.000013,4,MINI
noarr,all_hints,syr2k,4,0.000013,4,MINI
noarr,all_hints,syr2k,5,0.000013,4,MINI
noarr,all_hints,syrk,0.000007,1.143,valid,4,MINI
noarr,all_hints,syrk,1,0.000007,4,MINI
noarr,all_hints,syrk,2,0.000007,4,MINI
noarr,all_hints,syrk,3,0.000007,4,MINI
noarr,all_hints,syrk,4,0.000007,4,MINI
noarr,all_hints,syrk,5,0.000007,4,MINI
noarr,all_hints,trisolv,0.000001,2.000,valid,4,MINI
noarr,all_hints,trisolv,1,0.000001,4,MINI
noarr,all_hints,trisolv,2,0.000001,4,MINI
noarr,all_hints,trisolv,3,0.000001,4,MINI
noarr,all_hints,trisolv,4,0.000001,4,MINI
noarr,all_hints,trisolv,5,0.000001,4,MINI
noarr,all_hints,trmm,0.000003,2.667,valid,4,MINI
noarr,all_hints,trmm,1,0.000003,4,MINI
noarr,all_hints,trmm,2,0.000003,4,MINI
noarr,all_hints,trmm,3,0.000003,4,MINI
noarr,all_hints,trmm,4,0.000003,4,MINI
noarr,all_hints,trmm,5,0.000003,4,MINI
-- The CXX compiler identification is GNU 15.2.0
-- Detecting CXX compiler ABI info
-- Detecting CXX compiler ABI info - done
-- Check for working CXX compiler: /usr/local/latestgcc/bin/g++ - skipped
-- Detecting CXX compile features
-- Detecting CXX compile features - done
-- Using NOARR_STRUCTURES_DIR from environment: /home/kleplj/all_hints/submodules/noarr-structures
-- Configuring done (0.4s)
-- Generating done (0.8s)
-- Build files have been written to: /home/kleplj/all_hints/optimization/all_hints/PolybenchC-Noarr/build
[  6%] Building CXX object CMakeFiles/covariance.dir/datamining/covariance/covariance.cpp.o
[  6%] Building CXX object CMakeFiles/correlation.dir/datamining/correlation/correlation.cpp.o
[  8%] Building CXX object CMakeFiles/gemver.dir/linear-algebra/blas/gemver/gemver.cpp.o
[  8%] Building CXX object CMakeFiles/gemm.dir/linear-algebra/blas/gemm/gemm.cpp.o
[ 13%] Building CXX object CMakeFiles/gesummv.dir/linear-algebra/blas/gesummv/gesummv.cpp.o
[ 13%] Building CXX object CMakeFiles/symm.dir/linear-algebra/blas/symm/symm.cpp.o
[ 18%] Building CXX object CMakeFiles/syrk.dir/linear-algebra/blas/syrk/syrk.cpp.o
[ 18%] Building CXX object CMakeFiles/trmm.dir/linear-algebra/blas/trmm/trmm.cpp.o
[ 25%] Building CXX object CMakeFiles/doitgen.dir/linear-algebra/kernels/doitgen/doitgen.cpp.o
[ 25%] Building CXX object CMakeFiles/atax.dir/linear-algebra/kernels/atax/atax.cpp.o
[ 25%] Building CXX object CMakeFiles/2mm.dir/linear-algebra/kernels/2mm/2mm.cpp.o
[ 25%] Building CXX object CMakeFiles/syr2k.dir/linear-algebra/blas/syr2k/syr2k.cpp.o
[ 35%] Building CXX object CMakeFiles/lu.dir/linear-algebra/solvers/lu/lu.cpp.o
[ 50%] Building CXX object CMakeFiles/trisolv.dir/linear-algebra/solvers/trisolv/trisolv.cpp.o
[ 50%] Building CXX object CMakeFiles/mvt.dir/linear-algebra/kernels/mvt/mvt.cpp.o
[ 50%] Building CXX object CMakeFiles/durbin.dir/linear-algebra/solvers/durbin/durbin.cpp.o
[ 50%] Building CXX object CMakeFiles/3mm.dir/linear-algebra/kernels/3mm/3mm.cpp.o
[ 50%] Building CXX object CMakeFiles/seidel-2d.dir/stencils/seidel-2d/seidel-2d.cpp.o
[ 50%] Building CXX object CMakeFiles/cholesky.dir/linear-algebra/solvers/cholesky/cholesky.cpp.o
[ 50%] Building CXX object CMakeFiles/deriche.dir/medley/deriche/deriche.cpp.o
[ 50%] Building CXX object CMakeFiles/fdtd-2d.dir/stencils/fdtd-2d/fdtd-2d.cpp.o
[ 50%] Building CXX object CMakeFiles/ludcmp.dir/linear-algebra/solvers/ludcmp/ludcmp.cpp.o
[ 50%] Building CXX object CMakeFiles/jacobi-1d.dir/stencils/jacobi-1d/jacobi-1d.cpp.o
[ 50%] Building CXX object CMakeFiles/floyd-warshall.dir/medley/floyd-warshall/floyd-warshall.cpp.o
[ 50%] Building CXX object CMakeFiles/gramschmidt.dir/linear-algebra/solvers/gramschmidt/gramschmidt.cpp.o
[ 50%] Building CXX object CMakeFiles/bicg.dir/linear-algebra/kernels/bicg/bicg.cpp.o
[ 50%] Building CXX object CMakeFiles/adi.dir/stencils/adi/adi.cpp.o
[ 50%] Building CXX object CMakeFiles/nussinov.dir/medley/nussinov/nussinov.cpp.o
[ 50%] Building CXX object CMakeFiles/jacobi-2d.dir/stencils/jacobi-2d/jacobi-2d.cpp.o
[ 50%] Building CXX object CMakeFiles/heat-3d.dir/stencils/heat-3d/heat-3d.cpp.o
[ 53%] Linking CXX executable cholesky
[ 53%] Linking CXX executable nussinov
[ 56%] Linking CXX executable jacobi-1d
[ 56%] Linking CXX executable durbin
[ 56%] Built target durbin
[ 56%] Built target jacobi-1d
[ 58%] Linking CXX executable seidel-2d
[ 60%] Linking CXX executable trisolv
[ 61%] Linking CXX executable mvt
[ 63%] Linking CXX executable gesummv
[ 65%] Linking CXX executable floyd-warshall
[ 66%] Linking CXX executable bicg
[ 68%] Linking CXX executable jacobi-2d
[ 68%] Built target seidel-2d
[ 68%] Built target trisolv
[ 68%] Built target mvt
[ 68%] Built target gesummv
[ 68%] Built target floyd-warshall
[ 68%] Built target bicg
[ 68%] Built target jacobi-2d
[ 70%] Linking CXX executable trmm
[ 71%] Linking CXX executable adi
[ 73%] Linking CXX executable lu
[ 73%] Built target trmm
[ 73%] Built target adi
[ 75%] Linking CXX executable atax
[ 76%] Linking CXX executable syrk
[ 78%] Linking CXX executable deriche
[ 78%] Built target lu
[ 80%] Linking CXX executable gemver
[ 80%] Built target atax
[ 81%] Linking CXX executable doitgen
[ 81%] Built target syrk
[ 83%] Linking CXX executable fdtd-2d
[ 83%] Built target deriche
[ 85%] Linking CXX executable heat-3d
[ 86%] Linking CXX executable covariance
[ 86%] Built target gemver
[ 88%] Built target doitgen
[ 88%] Linking CXX executable symm
[ 88%] Built target fdtd-2d
[ 90%] Linking CXX executable gemm
[ 90%] Built target heat-3d
[ 90%] Built target covariance
[ 90%] Built target symm
[ 91%] Linking CXX executable gramschmidt
[ 91%] Built target gemm
[ 91%] Built target gramschmidt
[ 93%] Linking CXX executable ludcmp
[ 93%] Built target ludcmp
[ 95%] Linking CXX executable syr2k
[ 95%] Built target syr2k
[ 96%] Linking CXX executable correlation
[ 96%] Built target correlation
[ 98%] Linking CXX executable 2mm
[ 98%] Built target 2mm
[100%] Linking CXX executable 3mm
[100%] Built target 3mm
noarr,all_hints,2mm,0.000005,3.800,valid,5,MINI
noarr,all_hints,2mm,1,0.000005,5,MINI
noarr,all_hints,2mm,2,0.000005,5,MINI
noarr,all_hints,2mm,3,0.000005,5,MINI
noarr,all_hints,2mm,4,0.000016,5,MINI
noarr,all_hints,2mm,5,0.000005,5,MINI
noarr,all_hints,3mm,0.000030,1.067,valid,5,MINI
noarr,all_hints,3mm,1,0.000030,5,MINI
noarr,all_hints,3mm,2,0.000031,5,MINI
noarr,all_hints,3mm,3,0.000030,5,MINI
noarr,all_hints,3mm,4,0.000030,5,MINI
noarr,all_hints,3mm,5,0.000030,5,MINI
noarr,all_hints,adi,0.000169,0.751,valid,5,MINI
noarr,all_hints,adi,1,0.000169,5,MINI
noarr,all_hints,adi,2,0.000168,5,MINI
noarr,all_hints,adi,3,0.000168,5,MINI
noarr,all_hints,adi,4,0.000169,5,MINI
noarr,all_hints,adi,5,0.000168,5,MINI
noarr,all_hints,atax,0.001028,0.003,valid,5,MINI
noarr,all_hints,atax,1,0.001058,5,MINI
noarr,all_hints,atax,2,0.001065,5,MINI
noarr,all_hints,atax,3,0.001057,5,MINI
noarr,all_hints,atax,4,0.000875,5,MINI
noarr,all_hints,atax,5,0.001044,5,MINI
noarr,all_hints,bicg,0.000002,3.000,valid,5,MINI
noarr,all_hints,bicg,1,0.000002,5,MINI
noarr,all_hints,bicg,2,0.000002,5,MINI
noarr,all_hints,bicg,3,0.000002,5,MINI
noarr,all_hints,bicg,4,0.000002,5,MINI
noarr,all_hints,bicg,5,0.000002,5,MINI
noarr,all_hints,cholesky,,,illegal,5,MINI
noarr,all_hints,correlation,0.000024,1.000,valid,5,MINI
noarr,all_hints,correlation,1,0.000024,5,MINI
noarr,all_hints,correlation,2,0.000024,5,MINI
noarr,all_hints,correlation,3,0.000024,5,MINI
noarr,all_hints,correlation,4,0.000024,5,MINI
noarr,all_hints,correlation,5,0.000024,5,MINI
noarr,all_hints,covariance,0.000033,1.091,valid,5,MINI
noarr,all_hints,covariance,1,0.000033,5,MINI
noarr,all_hints,covariance,2,0.000032,5,MINI
noarr,all_hints,covariance,3,0.000032,5,MINI
noarr,all_hints,covariance,4,0.000032,5,MINI
noarr,all_hints,covariance,5,0.000032,5,MINI
noarr,all_hints,deriche,0.000183,,invalid,5,MINI
noarr,all_hints,doitgen,0.000005,2.600,valid,5,MINI
noarr,all_hints,doitgen,1,0.000005,5,MINI
noarr,all_hints,doitgen,2,0.000005,5,MINI
noarr,all_hints,doitgen,3,0.000005,5,MINI
noarr,all_hints,doitgen,4,0.000005,5,MINI
noarr,all_hints,doitgen,5,0.000005,5,MINI
noarr,all_hints,durbin,0.000002,2.000,valid,5,MINI
noarr,all_hints,durbin,1,0.000002,5,MINI
noarr,all_hints,durbin,2,0.000002,5,MINI
noarr,all_hints,durbin,3,0.000002,5,MINI
noarr,all_hints,durbin,4,0.000002,5,MINI
noarr,all_hints,durbin,5,0.000002,5,MINI
noarr,all_hints,fdtd-2d,0.000028,0.643,valid,5,MINI
noarr,all_hints,fdtd-2d,1,0.000028,5,MINI
noarr,all_hints,fdtd-2d,2,0.000028,5,MINI
noarr,all_hints,fdtd-2d,3,0.000027,5,MINI
noarr,all_hints,fdtd-2d,4,0.000027,5,MINI
noarr,all_hints,fdtd-2d,5,0.000028,5,MINI
noarr,all_hints,floyd-warshall,0.000117,2.094,valid,5,MINI
noarr,all_hints,floyd-warshall,1,0.000117,5,MINI
noarr,all_hints,floyd-warshall,2,0.000093,5,MINI
noarr,all_hints,floyd-warshall,3,0.000118,5,MINI
noarr,all_hints,floyd-warshall,4,0.000125,5,MINI
noarr,all_hints,floyd-warshall,5,0.000117,5,MINI
noarr,all_hints,gemm,0.000005,1.000,valid,5,MINI
noarr,all_hints,gemm,1,0.000005,5,MINI
noarr,all_hints,gemm,2,0.000005,5,MINI
noarr,all_hints,gemm,3,0.000005,5,MINI
noarr,all_hints,gemm,4,0.000005,5,MINI
noarr,all_hints,gemm,5,0.000005,5,MINI
noarr,all_hints,gemver,0.002748,0.002,valid,5,MINI
noarr,all_hints,gemver,1,0.002884,5,MINI
noarr,all_hints,gemver,2,0.002519,5,MINI
noarr,all_hints,gemver,3,0.002771,5,MINI
noarr,all_hints,gemver,4,0.002713,5,MINI
noarr,all_hints,gemver,5,0.002756,5,MINI
noarr,all_hints,gesummv,0.002701,0.001,valid,5,MINI
noarr,all_hints,gesummv,1,0.002692,5,MINI
noarr,all_hints,gesummv,2,0.002503,5,MINI
noarr,all_hints,gesummv,3,0.002587,5,MINI
noarr,all_hints,gesummv,4,0.003536,5,MINI
noarr,all_hints,gesummv,5,0.002628,5,MINI
noarr,all_hints,gramschmidt,0.000010,,invalid,5,MINI
noarr,all_hints,heat-3d,0.001075,0.033,valid,5,MINI
noarr,all_hints,heat-3d,1,0.001060,5,MINI
noarr,all_hints,heat-3d,2,0.001114,5,MINI
noarr,all_hints,heat-3d,3,0.001083,5,MINI
noarr,all_hints,heat-3d,4,0.001044,5,MINI
noarr,all_hints,heat-3d,5,0.001044,5,MINI
noarr,all_hints,jacobi-1d,0.000001,1.000,valid,5,MINI
noarr,all_hints,jacobi-1d,1,0.000001,5,MINI
noarr,all_hints,jacobi-1d,2,0.000001,5,MINI
noarr,all_hints,jacobi-1d,3,0.000001,5,MINI
noarr,all_hints,jacobi-1d,4,0.000001,5,MINI
noarr,all_hints,jacobi-1d,5,0.000001,5,MINI
noarr,all_hints,jacobi-2d,0.003595,0.009,valid,5,MINI
noarr,all_hints,jacobi-2d,1,0.003719,5,MINI
noarr,all_hints,jacobi-2d,2,0.003564,5,MINI
noarr,all_hints,jacobi-2d,3,0.003648,5,MINI
noarr,all_hints,jacobi-2d,4,0.003701,5,MINI
noarr,all_hints,jacobi-2d,5,0.003636,5,MINI
noarr,all_hints,lu,0.000017,2.529,valid,5,MINI
noarr,all_hints,lu,1,0.000018,5,MINI
noarr,all_hints,lu,2,0.000017,5,MINI
noarr,all_hints,lu,3,0.000017,5,MINI
noarr,all_hints,lu,4,0.000017,5,MINI
noarr,all_hints,lu,5,0.000018,5,MINI
noarr,all_hints,ludcmp,0.000026,1.154,valid,5,MINI
noarr,all_hints,ludcmp,1,0.000026,5,MINI
noarr,all_hints,ludcmp,2,0.000026,5,MINI
noarr,all_hints,ludcmp,3,0.000026,5,MINI
noarr,all_hints,ludcmp,4,0.000027,5,MINI
noarr,all_hints,ludcmp,5,0.000026,5,MINI
noarr,all_hints,mvt,0.000002,3.000,valid,5,MINI
noarr,all_hints,mvt,1,0.000002,5,MINI
noarr,all_hints,mvt,2,0.000002,5,MINI
noarr,all_hints,mvt,3,0.000002,5,MINI
noarr,all_hints,mvt,4,0.000002,5,MINI
noarr,all_hints,mvt,5,0.000002,5,MINI
noarr,all_hints,nussinov,,,illegal,5,MINI
noarr,all_hints,seidel-2d,0.000294,1.180,valid,5,MINI
noarr,all_hints,seidel-2d,1,0.000302,5,MINI
noarr,all_hints,seidel-2d,2,0.000294,5,MINI
noarr,all_hints,seidel-2d,3,0.000294,5,MINI
noarr,all_hints,seidel-2d,4,0.000294,5,MINI
noarr,all_hints,seidel-2d,5,0.000294,5,MINI
noarr,all_hints,symm,0.000005,3.000,valid,5,MINI
noarr,all_hints,symm,1,0.000005,5,MINI
noarr,all_hints,symm,2,0.000005,5,MINI
noarr,all_hints,symm,3,0.000005,5,MINI
noarr,all_hints,symm,4,0.000005,5,MINI
noarr,all_hints,symm,5,0.000005,5,MINI
noarr,all_hints,syr2k,0.000016,0.938,valid,5,MINI
noarr,all_hints,syr2k,1,0.000016,5,MINI
noarr,all_hints,syr2k,2,0.000016,5,MINI
noarr,all_hints,syr2k,3,0.000016,5,MINI
noarr,all_hints,syr2k,4,0.000015,5,MINI
noarr,all_hints,syr2k,5,0.000016,5,MINI
noarr,all_hints,syrk,0.000007,1.143,valid,5,MINI
noarr,all_hints,syrk,1,0.000007,5,MINI
noarr,all_hints,syrk,2,0.000007,5,MINI
noarr,all_hints,syrk,3,0.000007,5,MINI
noarr,all_hints,syrk,4,0.000007,5,MINI
noarr,all_hints,syrk,5,0.000007,5,MINI
noarr,all_hints,trisolv,0.000001,2.000,valid,5,MINI
noarr,all_hints,trisolv,1,0.000001,5,MINI
noarr,all_hints,trisolv,2,0.000001,5,MINI
noarr,all_hints,trisolv,3,0.000001,5,MINI
noarr,all_hints,trisolv,4,0.000001,5,MINI
noarr,all_hints,trisolv,5,0.000001,5,MINI
noarr,all_hints,trmm,0.000002,4.500,valid,5,MINI
noarr,all_hints,trmm,1,0.000002,5,MINI
noarr,all_hints,trmm,2,0.000002,5,MINI
noarr,all_hints,trmm,3,0.000002,5,MINI
noarr,all_hints,trmm,4,0.000002,5,MINI
noarr,all_hints,trmm,5,0.000002,5,MINI
-- The CXX compiler identification is GNU 15.2.0
-- Detecting CXX compiler ABI info
-- Detecting CXX compiler ABI info - done
-- Check for working CXX compiler: /usr/local/latestgcc/bin/g++ - skipped
-- Detecting CXX compile features
-- Detecting CXX compile features - done
-- Found Python: /home/kleplj/all_hints/gpt-querying/.venv/bin/python3.9 (found suitable version "3.9.21", minimum required is "3") found components: Interpreter Development.Module
-- Halide 'host' platform triple:   x86-64-linux
-- Halide 'cmake' platform triple:  x86-64-linux
-- Halide default AOT target:       host
-- Found ZLIB: /usr/lib64/libz.so (found version "1.2.11")
-- Could NOT find PNG (missing: PNG_LIBRARY PNG_PNG_INCLUDE_DIR) 
-- Could NOT find JPEG (missing: JPEG_LIBRARY JPEG_INCLUDE_DIR) 
-- Configuring done (0.8s)
-- Generating done (0.8s)
-- Build files have been written to: /home/kleplj/all_hints/optimization/all_hints/PolybenchC-Halide/build
[  8%] Building CXX object CMakeFiles/covariance.dir/datamining/covariance/covariance.cpp.o
[  8%] Building CXX object CMakeFiles/correlation.dir/datamining/correlation/correlation.cpp.o
[ 11%] Building CXX object CMakeFiles/symm.dir/linear-algebra/blas/symm/symm.cpp.o
[ 10%] Building CXX object CMakeFiles/gemver.dir/linear-algebra/blas/gemver/gemver.cpp.o
[ 10%] Building CXX object CMakeFiles/gesummv.dir/linear-algebra/blas/gesummv/gesummv.cpp.o
[ 16%] Building CXX object CMakeFiles/gemm.dir/linear-algebra/blas/gemm/gemm.cpp.o
[ 16%] Building CXX object CMakeFiles/syrk.dir/linear-algebra/blas/syrk/syrk.cpp.o
[ 16%] Building CXX object CMakeFiles/syr2k.dir/linear-algebra/blas/syr2k/syr2k.cpp.o
[ 31%] Building CXX object CMakeFiles/bicg.dir/linear-algebra/kernels/bicg/bicg.cpp.o
[ 50%] Building CXX object CMakeFiles/mvt.dir/linear-algebra/kernels/mvt/mvt.cpp.o
[ 50%] Building CXX object CMakeFiles/3mm.dir/linear-algebra/kernels/3mm/3mm.cpp.o
[ 50%] Building CXX object CMakeFiles/doitgen.dir/linear-algebra/kernels/doitgen/doitgen.cpp.o
[ 50%] Building CXX object CMakeFiles/lu.dir/linear-algebra/solvers/lu/lu.cpp.o
[ 50%] Building CXX object CMakeFiles/floyd-warshall.dir/medley/floyd-warshall/floyd-warshall.cpp.o
[ 50%] Building CXX object CMakeFiles/ludcmp.dir/linear-algebra/solvers/ludcmp/ludcmp.cpp.o
[ 50%] Building CXX object CMakeFiles/2mm.dir/linear-algebra/kernels/2mm/2mm.cpp.o
[ 50%] Building CXX object CMakeFiles/gramschmidt.dir/linear-algebra/solvers/gramschmidt/gramschmidt.cpp.o
[ 50%] Building CXX object CMakeFiles/heat-3d.dir/stencils/heat-3d/heat-3d.cpp.o
[ 50%] Building CXX object CMakeFiles/trisolv.dir/linear-algebra/solvers/trisolv/trisolv.cpp.o
[ 50%] Building CXX object CMakeFiles/trmm.dir/linear-algebra/blas/trmm/trmm.cpp.o
[ 50%] Building CXX object CMakeFiles/nussinov.dir/medley/nussinov/nussinov.cpp.o
[ 50%] Building CXX object CMakeFiles/adi.dir/stencils/adi/adi.cpp.o
[ 50%] Building CXX object CMakeFiles/atax.dir/linear-algebra/kernels/atax/atax.cpp.o
[ 50%] Building CXX object CMakeFiles/cholesky.dir/linear-algebra/solvers/cholesky/cholesky.cpp.o
[ 50%] Building CXX object CMakeFiles/fdtd-2d.dir/stencils/fdtd-2d/fdtd-2d.cpp.o
[ 50%] Building CXX object CMakeFiles/deriche.dir/medley/deriche/deriche.cpp.o
[ 50%] Building CXX object CMakeFiles/durbin.dir/linear-algebra/solvers/durbin/durbin.cpp.o
[ 50%] Building CXX object CMakeFiles/jacobi-1d.dir/stencils/jacobi-1d/jacobi-1d.cpp.o
[ 50%] Building CXX object CMakeFiles/jacobi-2d.dir/stencils/jacobi-2d/jacobi-2d.cpp.o
[ 50%] Building CXX object CMakeFiles/seidel-2d.dir/stencils/seidel-2d/seidel-2d.cpp.o
[ 51%] Linking CXX executable gemver
[ 53%] Linking CXX executable gramschmidt
[ 55%] Linking CXX executable covariance
[ 56%] Linking CXX executable floyd-warshall
[ 58%] Linking CXX executable gemm
[ 60%] Linking CXX executable seidel-2d
[ 60%] Built target covariance
[ 61%] Linking CXX executable jacobi-1d
[ 61%] Built target floyd-warshall
[ 63%] Linking CXX executable 3mm
[ 63%] Built target gemm
[ 63%] Built target seidel-2d
[ 65%] Linking CXX executable symm
[ 65%] Built target jacobi-1d
[ 65%] Built target 3mm
[ 66%] Linking CXX executable correlation
[ 68%] Linking CXX executable deriche
[ 70%] Linking CXX executable adi
[ 71%] Linking CXX executable doitgen
[ 71%] Built target symm
[ 71%] Built target adi
[ 71%] Built target deriche
[ 71%] Built target correlation
[ 73%] Linking CXX executable 2mm
[ 75%] Linking CXX executable durbin
[ 75%] Built target doitgen
[ 75%] Built target 2mm
[ 76%] Linking CXX executable gesummv
[ 78%] Linking CXX executable bicg
[ 78%] Built target durbin
[ 80%] Linking CXX executable heat-3d
[ 80%] Built target gesummv
[ 80%] Built target bicg
[ 81%] Linking CXX executable mvt
[ 81%] Built target heat-3d
[ 81%] Built target mvt
[ 83%] Linking CXX executable fdtd-2d
[ 85%] Linking CXX executable lu
[ 85%] Built target fdtd-2d
[ 86%] Linking CXX executable cholesky
[ 86%] Built target lu
[ 86%] Built target cholesky
[ 88%] Linking CXX executable trisolv
[ 88%] Built target trisolv
halide,all_hints,2mm,,,illegal,1,MINI
halide,all_hints,3mm,,,illegal,1,MINI
halide,all_hints,adi,0.191602,0.001,valid,1,MINI
halide,all_hints,adi,1,0.179854,1,MINI
halide,all_hints,adi,2,0.177004,1,MINI
halide,all_hints,adi,3,0.179149,1,MINI
halide,all_hints,adi,4,0.180748,1,MINI
halide,all_hints,adi,5,0.182428,1,MINI
halide,all_hints,atax,,,illegal,1,MINI
halide,all_hints,bicg,,,illegal,1,MINI
halide,all_hints,cholesky,0.060247,,invalid,1,MINI
halide,all_hints,correlation,,,illegal,1,MINI
halide,all_hints,covariance,,,illegal,1,MINI
halide,all_hints,deriche,0.014402,0.010,valid,1,MINI
halide,all_hints,deriche,1,0.014372,1,MINI
halide,all_hints,deriche,2,0.014144,1,MINI
halide,all_hints,deriche,3,0.014368,1,MINI
halide,all_hints,deriche,4,0.014332,1,MINI
halide,all_hints,deriche,5,0.014764,1,MINI
halide,all_hints,doitgen,,,illegal,1,MINI
halide,all_hints,durbin,,,illegal,1,MINI
halide,all_hints,fdtd-2d,,,illegal,1,MINI
halide,all_hints,floyd-warshall,,,illegal,1,MINI
halide,all_hints,gemm,,,illegal,1,MINI
halide,all_hints,gemver,,,illegal,1,MINI
halide,all_hints,gesummv,,,illegal,1,MINI
halide,all_hints,gramschmidt,,,illegal,1,MINI
halide,all_hints,heat-3d,0.000565,0.060,valid,1,MINI
halide,all_hints,heat-3d,1,0.000910,1,MINI
halide,all_hints,heat-3d,2,0.000711,1,MINI
halide,all_hints,heat-3d,3,0.000824,1,MINI
halide,all_hints,heat-3d,4,0.000688,1,MINI
halide,all_hints,heat-3d,5,0.000853,1,MINI
halide,all_hints,jacobi-1d,,,illegal,1,MINI
halide,all_hints,jacobi-2d,,,illegal,1,MINI
halide,all_hints,lu,,,illegal,1,MINI
halide,all_hints,ludcmp,,,illegal,1,MINI
halide,all_hints,mvt,,,illegal,1,MINI
halide,all_hints,nussinov,,,illegal,1,MINI
halide,all_hints,seidel-2d,,,illegal,1,MINI
halide,all_hints,symm,,,illegal,1,MINI
halide,all_hints,syr2k,,,illegal,1,MINI
halide,all_hints,syrk,,,illegal,1,MINI
halide,all_hints,trisolv,,,illegal,1,MINI
halide,all_hints,trmm,,,illegal,1,MINI
-- The CXX compiler identification is GNU 15.2.0
-- Detecting CXX compiler ABI info
-- Detecting CXX compiler ABI info - done
-- Check for working CXX compiler: /usr/local/latestgcc/bin/g++ - skipped
-- Detecting CXX compile features
-- Detecting CXX compile features - done
-- Found Python: /home/kleplj/all_hints/gpt-querying/.venv/bin/python3.9 (found suitable version "3.9.21", minimum required is "3") found components: Interpreter Development.Module
-- Halide 'host' platform triple:   x86-64-linux
-- Halide 'cmake' platform triple:  x86-64-linux
-- Halide default AOT target:       host
-- Found ZLIB: /usr/lib64/libz.so (found version "1.2.11")
-- Could NOT find PNG (missing: PNG_LIBRARY PNG_PNG_INCLUDE_DIR) 
-- Could NOT find JPEG (missing: JPEG_LIBRARY JPEG_INCLUDE_DIR) 
-- Configuring done (0.8s)
-- Generating done (0.8s)
-- Build files have been written to: /home/kleplj/all_hints/optimization/all_hints/PolybenchC-Halide/build
[  5%] Building CXX object CMakeFiles/correlation.dir/datamining/correlation/correlation.cpp.o
[ 10%] Building CXX object CMakeFiles/gemver.dir/linear-algebra/blas/gemver/gemver.cpp.o
[ 10%] Building CXX object CMakeFiles/gemm.dir/linear-algebra/blas/gemm/gemm.cpp.o
[ 16%] Building CXX object CMakeFiles/syr2k.dir/linear-algebra/blas/syr2k/syr2k.cpp.o
[ 16%] Building CXX object CMakeFiles/symm.dir/linear-algebra/blas/symm/symm.cpp.o
[ 16%] Building CXX object CMakeFiles/covariance.dir/datamining/covariance/covariance.cpp.o
[ 16%] Building CXX object CMakeFiles/gesummv.dir/linear-algebra/blas/gesummv/gesummv.cpp.o
[ 48%] Building CXX object CMakeFiles/gramschmidt.dir/linear-algebra/solvers/gramschmidt/gramschmidt.cpp.o
[ 48%] Building CXX object CMakeFiles/3mm.dir/linear-algebra/kernels/3mm/3mm.cpp.o
[ 48%] Building CXX object CMakeFiles/bicg.dir/linear-algebra/kernels/bicg/bicg.cpp.o
[ 48%] Building CXX object CMakeFiles/atax.dir/linear-algebra/kernels/atax/atax.cpp.o
[ 48%] Building CXX object CMakeFiles/2mm.dir/linear-algebra/kernels/2mm/2mm.cpp.o
[ 48%] Building CXX object CMakeFiles/doitgen.dir/linear-algebra/kernels/doitgen/doitgen.cpp.o
[ 48%] Building CXX object CMakeFiles/mvt.dir/linear-algebra/kernels/mvt/mvt.cpp.o
[ 48%] Building CXX object CMakeFiles/trmm.dir/linear-algebra/blas/trmm/trmm.cpp.o
[ 48%] Building CXX object CMakeFiles/syrk.dir/linear-algebra/blas/syrk/syrk.cpp.o
[ 50%] Building CXX object CMakeFiles/nussinov.dir/medley/nussinov/nussinov.cpp.o
[ 50%] Building CXX object CMakeFiles/deriche.dir/medley/deriche/deriche.cpp.o
[ 50%] Building CXX object CMakeFiles/ludcmp.dir/linear-algebra/solvers/ludcmp/ludcmp.cpp.o
[ 50%] Building CXX object CMakeFiles/fdtd-2d.dir/stencils/fdtd-2d/fdtd-2d.cpp.o
[ 50%] Building CXX object CMakeFiles/heat-3d.dir/stencils/heat-3d/heat-3d.cpp.o
[ 50%] Building CXX object CMakeFiles/jacobi-2d.dir/stencils/jacobi-2d/jacobi-2d.cpp.o
[ 50%] Building CXX object CMakeFiles/cholesky.dir/linear-algebra/solvers/cholesky/cholesky.cpp.o
[ 50%] Building CXX object CMakeFiles/floyd-warshall.dir/medley/floyd-warshall/floyd-warshall.cpp.o
[ 50%] Building CXX object CMakeFiles/durbin.dir/linear-algebra/solvers/durbin/durbin.cpp.o
[ 50%] Building CXX object CMakeFiles/jacobi-1d.dir/stencils/jacobi-1d/jacobi-1d.cpp.o
[ 50%] Building CXX object CMakeFiles/adi.dir/stencils/adi/adi.cpp.o
[ 50%] Building CXX object CMakeFiles/trisolv.dir/linear-algebra/solvers/trisolv/trisolv.cpp.o
[ 50%] Building CXX object CMakeFiles/lu.dir/linear-algebra/solvers/lu/lu.cpp.o
[ 50%] Building CXX object CMakeFiles/seidel-2d.dir/stencils/seidel-2d/seidel-2d.cpp.o
[ 51%] Linking CXX executable gemver
[ 53%] Linking CXX executable gramschmidt
[ 55%] Linking CXX executable syr2k
[ 56%] Linking CXX executable floyd-warshall
[ 58%] Linking CXX executable covariance
[ 58%] Built target syr2k
[ 60%] Linking CXX executable trmm
[ 60%] Built target floyd-warshall
[ 61%] Linking CXX executable syrk
[ 63%] Linking CXX executable deriche
[ 63%] Built target covariance
[ 63%] Built target trmm
[ 63%] Built target syrk
[ 65%] Linking CXX executable jacobi-2d
[ 65%] Built target deriche
[ 66%] Linking CXX executable correlation
[ 68%] Linking CXX executable durbin
[ 68%] Built target jacobi-2d
[ 68%] Built target correlation
[ 70%] Linking CXX executable 2mm
[ 70%] Built target durbin
[ 71%] Linking CXX executable 3mm
[ 71%] Built target 2mm
[ 73%] Linking CXX executable seidel-2d
[ 73%] Built target 3mm
[ 75%] Linking CXX executable doitgen
[ 76%] Linking CXX executable lu
[ 76%] Built target seidel-2d
[ 78%] Linking CXX executable bicg
[ 78%] Built target doitgen
[ 80%] Linking CXX executable heat-3d
[ 81%] Linking CXX executable cholesky
[ 81%] Built target lu
[ 81%] Built target bicg
[ 81%] Built target heat-3d
[ 81%] Built target cholesky
[ 83%] Linking CXX executable mvt
[ 83%] Built target mvt
[ 85%] Linking CXX executable nussinov
[ 86%] Linking CXX executable gesummv
[ 88%] Linking CXX executable ludcmp
[ 88%] Built target nussinov
[ 88%] Built target gesummv
[ 88%] Built target ludcmp
halide,all_hints,2mm,,,illegal,2,MINI
halide,all_hints,3mm,,,illegal,2,MINI
halide,all_hints,adi,,,illegal,2,MINI
halide,all_hints,atax,,,illegal,2,MINI
halide,all_hints,bicg,,,illegal,2,MINI
halide,all_hints,cholesky,0.000376,,invalid,2,MINI
halide,all_hints,correlation,0.000248,0.145,valid,2,MINI
halide,all_hints,correlation,1,0.000384,2,MINI
halide,all_hints,correlation,2,0.000325,2,MINI
halide,all_hints,correlation,3,0.000247,2,MINI
halide,all_hints,correlation,4,0.000402,2,MINI
halide,all_hints,correlation,5,0.000427,2,MINI
halide,all_hints,covariance,,,illegal,2,MINI
halide,all_hints,deriche,0.000840,0.162,valid,2,MINI
halide,all_hints,deriche,1,0.000738,2,MINI
halide,all_hints,deriche,2,0.000764,2,MINI
halide,all_hints,deriche,3,0.001119,2,MINI
halide,all_hints,deriche,4,0.000700,2,MINI
halide,all_hints,deriche,5,0.000938,2,MINI
halide,all_hints,doitgen,,,illegal,2,MINI
halide,all_hints,durbin,,,illegal,2,MINI
halide,all_hints,fdtd-2d,,,illegal,2,MINI
halide,all_hints,floyd-warshall,,,illegal,2,MINI
halide,all_hints,gemm,,,illegal,2,MINI
halide,all_hints,gemver,,,illegal,2,MINI
halide,all_hints,gesummv,,,illegal,2,MINI
halide,all_hints,gramschmidt,,,illegal,2,MINI
halide,all_hints,heat-3d,0.000788,0.043,valid,2,MINI
halide,all_hints,heat-3d,1,0.000856,2,MINI
halide,all_hints,heat-3d,2,0.000753,2,MINI
halide,all_hints,heat-3d,3,0.000910,2,MINI
halide,all_hints,heat-3d,4,0.000645,2,MINI
halide,all_hints,heat-3d,5,0.000736,2,MINI
halide,all_hints,jacobi-1d,,,illegal,2,MINI
halide,all_hints,jacobi-2d,,,illegal,2,MINI
halide,all_hints,lu,,,illegal,2,MINI
halide,all_hints,ludcmp,0.001501,0.020,valid,2,MINI
halide,all_hints,ludcmp,1,0.001499,2,MINI
halide,all_hints,ludcmp,2,0.001504,2,MINI
halide,all_hints,ludcmp,3,0.001503,2,MINI
halide,all_hints,ludcmp,4,0.001487,2,MINI
halide,all_hints,ludcmp,5,0.001514,2,MINI
halide,all_hints,mvt,,,illegal,2,MINI
halide,all_hints,nussinov,,,illegal,2,MINI
halide,all_hints,seidel-2d,,,illegal,2,MINI
halide,all_hints,symm,,,illegal,2,MINI
halide,all_hints,syr2k,,,illegal,2,MINI
halide,all_hints,syrk,,,illegal,2,MINI
halide,all_hints,trisolv,,,illegal,2,MINI
halide,all_hints,trmm,,,illegal,2,MINI
-- The CXX compiler identification is GNU 15.2.0
-- Detecting CXX compiler ABI info
-- Detecting CXX compiler ABI info - done
-- Check for working CXX compiler: /usr/local/latestgcc/bin/g++ - skipped
-- Detecting CXX compile features
-- Detecting CXX compile features - done
-- Found Python: /home/kleplj/all_hints/gpt-querying/.venv/bin/python3.9 (found suitable version "3.9.21", minimum required is "3") found components: Interpreter Development.Module
-- Halide 'host' platform triple:   x86-64-linux
-- Halide 'cmake' platform triple:  x86-64-linux
-- Halide default AOT target:       host
-- Found ZLIB: /usr/lib64/libz.so (found version "1.2.11")
-- Could NOT find PNG (missing: PNG_LIBRARY PNG_PNG_INCLUDE_DIR) 
-- Could NOT find JPEG (missing: JPEG_LIBRARY JPEG_INCLUDE_DIR) 
-- Configuring done (0.8s)
-- Generating done (0.8s)
-- Build files have been written to: /home/kleplj/all_hints/optimization/all_hints/PolybenchC-Halide/build
[ 13%] Building CXX object CMakeFiles/gemver.dir/linear-algebra/blas/gemver/gemver.cpp.o
[ 13%] Building CXX object CMakeFiles/symm.dir/linear-algebra/blas/symm/symm.cpp.o
[ 13%] Building CXX object CMakeFiles/gemm.dir/linear-algebra/blas/gemm/gemm.cpp.o
[ 13%] Building CXX object CMakeFiles/correlation.dir/datamining/correlation/correlation.cpp.o
[ 13%] Building CXX object CMakeFiles/covariance.dir/datamining/covariance/covariance.cpp.o
[ 28%] Building CXX object CMakeFiles/2mm.dir/linear-algebra/kernels/2mm/2mm.cpp.o
[ 50%] Building CXX object CMakeFiles/adi.dir/stencils/adi/adi.cpp.o
[ 50%] Building CXX object CMakeFiles/syrk.dir/linear-algebra/blas/syrk/syrk.cpp.o
[ 50%] Building CXX object CMakeFiles/3mm.dir/linear-algebra/kernels/3mm/3mm.cpp.o
[ 50%] Building CXX object CMakeFiles/atax.dir/linear-algebra/kernels/atax/atax.cpp.o
[ 50%] Building CXX object CMakeFiles/mvt.dir/linear-algebra/kernels/mvt/mvt.cpp.o
[ 50%] Building CXX object CMakeFiles/syr2k.dir/linear-algebra/blas/syr2k/syr2k.cpp.o
[ 50%] Building CXX object CMakeFiles/ludcmp.dir/linear-algebra/solvers/ludcmp/ludcmp.cpp.o
[ 50%] Building CXX object CMakeFiles/jacobi-2d.dir/stencils/jacobi-2d/jacobi-2d.cpp.o
[ 50%] Building CXX object CMakeFiles/doitgen.dir/linear-algebra/kernels/doitgen/doitgen.cpp.o
[ 50%] Building CXX object CMakeFiles/nussinov.dir/medley/nussinov/nussinov.cpp.o
[ 50%] Building CXX object CMakeFiles/floyd-warshall.dir/medley/floyd-warshall/floyd-warshall.cpp.o
[ 50%] Building CXX object CMakeFiles/heat-3d.dir/stencils/heat-3d/heat-3d.cpp.o
[ 50%] Building CXX object CMakeFiles/trisolv.dir/linear-algebra/solvers/trisolv/trisolv.cpp.o
[ 50%] Building CXX object CMakeFiles/gramschmidt.dir/linear-algebra/solvers/gramschmidt/gramschmidt.cpp.o
[ 50%] Building CXX object CMakeFiles/lu.dir/linear-algebra/solvers/lu/lu.cpp.o
[ 50%] Building CXX object CMakeFiles/durbin.dir/linear-algebra/solvers/durbin/durbin.cpp.o
[ 50%] Building CXX object CMakeFiles/bicg.dir/linear-algebra/kernels/bicg/bicg.cpp.o
[ 50%] Building CXX object CMakeFiles/trmm.dir/linear-algebra/blas/trmm/trmm.cpp.o
[ 50%] Building CXX object CMakeFiles/gesummv.dir/linear-algebra/blas/gesummv/gesummv.cpp.o
[ 50%] Building CXX object CMakeFiles/seidel-2d.dir/stencils/seidel-2d/seidel-2d.cpp.o
[ 50%] Building CXX object CMakeFiles/deriche.dir/medley/deriche/deriche.cpp.o
[ 50%] Building CXX object CMakeFiles/cholesky.dir/linear-algebra/solvers/cholesky/cholesky.cpp.o
[ 50%] Building CXX object CMakeFiles/jacobi-1d.dir/stencils/jacobi-1d/jacobi-1d.cpp.o
[ 50%] Building CXX object CMakeFiles/fdtd-2d.dir/stencils/fdtd-2d/fdtd-2d.cpp.o
[ 51%] Linking CXX executable gemver
[ 53%] Linking CXX executable gramschmidt
[ 55%] Linking CXX executable trmm
[ 56%] Linking CXX executable deriche
[ 58%] Linking CXX executable floyd-warshall
[ 60%] Linking CXX executable gemm
[ 60%] Built target deriche
[ 60%] Built target trmm
[ 61%] Built target floyd-warshall
[ 61%] Linking CXX executable jacobi-1d
[ 61%] Built target gemm
[ 63%] Linking CXX executable covariance
[ 63%] Built target jacobi-1d
[ 65%] Linking CXX executable adi
[ 66%] Linking CXX executable syr2k
[ 68%] Linking CXX executable jacobi-2d
[ 68%] Built target covariance
[ 68%] Built target adi
[ 68%] Built target syr2k
[ 68%] Built target jacobi-2d
[ 70%] Linking CXX executable 3mm
[ 71%] Linking CXX executable durbin
[ 73%] Linking CXX executable atax
[ 73%] Built target 3mm
[ 75%] Linking CXX executable syrk
[ 76%] Linking CXX executable trisolv
[ 76%] Built target durbin
[ 78%] Linking CXX executable mvt
[ 80%] Linking CXX executable gesummv
[ 81%] Linking CXX executable heat-3d
[ 81%] Built target atax
[ 83%] Linking CXX executable doitgen
[ 85%] Linking CXX executable bicg
[ 85%] Built target syrk
[ 85%] Built target trisolv
[ 85%] Built target mvt
[ 85%] Built target gesummv
[ 85%] Built target heat-3d
[ 85%] Built target doitgen
[ 85%] Built target bicg
[ 86%] Linking CXX executable lu
[ 86%] Built target lu
[ 88%] Linking CXX executable nussinov
[ 88%] Built target nussinov
[ 90%] Linking CXX executable ludcmp
[ 90%] Built target ludcmp
halide,all_hints,2mm,,,illegal,3,MINI
halide,all_hints,3mm,,,illegal,3,MINI
halide,all_hints,adi,0.015592,0.008,valid,3,MINI
halide,all_hints,adi,1,0.015527,3,MINI
halide,all_hints,adi,2,0.015366,3,MINI
halide,all_hints,adi,3,0.015616,3,MINI
halide,all_hints,adi,4,0.015470,3,MINI
halide,all_hints,adi,5,0.015388,3,MINI
halide,all_hints,atax,,,illegal,3,MINI
halide,all_hints,bicg,,,illegal,3,MINI
halide,all_hints,cholesky,,,illegal,3,MINI
halide,all_hints,correlation,,,illegal,3,MINI
halide,all_hints,covariance,,,illegal,3,MINI
halide,all_hints,deriche,0.003865,0.040,valid,3,MINI
halide,all_hints,deriche,1,0.003616,3,MINI
halide,all_hints,deriche,2,0.003774,3,MINI
halide,all_hints,deriche,3,0.003752,3,MINI
halide,all_hints,deriche,4,0.004569,3,MINI
halide,all_hints,deriche,5,0.003795,3,MINI
halide,all_hints,doitgen,,,illegal,3,MINI
halide,all_hints,durbin,,,illegal,3,MINI
halide,all_hints,fdtd-2d,,,illegal,3,MINI
halide,all_hints,floyd-warshall,,,illegal,3,MINI
halide,all_hints,gemm,,,illegal,3,MINI
halide,all_hints,gemver,,,illegal,3,MINI
halide,all_hints,gesummv,,,illegal,3,MINI
halide,all_hints,gramschmidt,,,illegal,3,MINI
halide,all_hints,heat-3d,0.000900,0.040,valid,3,MINI
halide,all_hints,heat-3d,1,0.000864,3,MINI
halide,all_hints,heat-3d,2,0.000798,3,MINI
halide,all_hints,heat-3d,3,0.000942,3,MINI
halide,all_hints,heat-3d,4,0.000698,3,MINI
halide,all_hints,heat-3d,5,0.000817,3,MINI
halide,all_hints,jacobi-1d,,,illegal,3,MINI
halide,all_hints,jacobi-2d,,,illegal,3,MINI
halide,all_hints,lu,,,illegal,3,MINI
halide,all_hints,ludcmp,,,illegal,3,MINI
halide,all_hints,mvt,0.000126,0.040,valid,3,MINI
halide,all_hints,mvt,1,0.000221,3,MINI
halide,all_hints,mvt,2,0.000125,3,MINI
halide,all_hints,mvt,3,0.000113,3,MINI
halide,all_hints,mvt,4,0.000132,3,MINI
halide,all_hints,mvt,5,0.000122,3,MINI
halide,all_hints,nussinov,,,illegal,3,MINI
halide,all_hints,seidel-2d,,,illegal,3,MINI
halide,all_hints,symm,,,illegal,3,MINI
halide,all_hints,syr2k,,,illegal,3,MINI
halide,all_hints,syrk,,,illegal,3,MINI
halide,all_hints,trisolv,,,illegal,3,MINI
halide,all_hints,trmm,,,illegal,3,MINI
-- The CXX compiler identification is GNU 15.2.0
-- Detecting CXX compiler ABI info
-- Detecting CXX compiler ABI info - done
-- Check for working CXX compiler: /usr/local/latestgcc/bin/g++ - skipped
-- Detecting CXX compile features
-- Detecting CXX compile features - done
-- Found Python: /home/kleplj/all_hints/gpt-querying/.venv/bin/python3.9 (found suitable version "3.9.21", minimum required is "3") found components: Interpreter Development.Module
-- Halide 'host' platform triple:   x86-64-linux
-- Halide 'cmake' platform triple:  x86-64-linux
-- Halide default AOT target:       host
-- Found ZLIB: /usr/lib64/libz.so (found version "1.2.11")
-- Could NOT find PNG (missing: PNG_LIBRARY PNG_PNG_INCLUDE_DIR) 
-- Could NOT find JPEG (missing: JPEG_LIBRARY JPEG_INCLUDE_DIR) 
-- Configuring done (0.8s)
-- Generating done (0.8s)
-- Build files have been written to: /home/kleplj/all_hints/optimization/all_hints/PolybenchC-Halide/build
[ 11%] Building CXX object CMakeFiles/gemm.dir/linear-algebra/blas/gemm/gemm.cpp.o
[ 11%] Building CXX object CMakeFiles/gemver.dir/linear-algebra/blas/gemver/gemver.cpp.o
[ 11%] Building CXX object CMakeFiles/covariance.dir/datamining/covariance/covariance.cpp.o
[ 11%] Building CXX object CMakeFiles/correlation.dir/datamining/correlation/correlation.cpp.o
[ 20%] Building CXX object CMakeFiles/syrk.dir/linear-algebra/blas/syrk/syrk.cpp.o
[ 20%] Building CXX object CMakeFiles/symm.dir/linear-algebra/blas/symm/symm.cpp.o
[ 20%] Building CXX object CMakeFiles/2mm.dir/linear-algebra/kernels/2mm/2mm.cpp.o
[ 20%] Building CXX object CMakeFiles/syr2k.dir/linear-algebra/blas/syr2k/syr2k.cpp.o
[ 20%] Building CXX object CMakeFiles/gesummv.dir/linear-algebra/blas/gesummv/gesummv.cpp.o
[ 20%] Building CXX object CMakeFiles/trmm.dir/linear-algebra/blas/trmm/trmm.cpp.o
[ 35%] Building CXX object CMakeFiles/doitgen.dir/linear-algebra/kernels/doitgen/doitgen.cpp.o
[ 50%] Building CXX object CMakeFiles/mvt.dir/linear-algebra/kernels/mvt/mvt.cpp.o
[ 50%] Building CXX object CMakeFiles/atax.dir/linear-algebra/kernels/atax/atax.cpp.o
[ 50%] Building CXX object CMakeFiles/deriche.dir/medley/deriche/deriche.cpp.o
[ 50%] Building CXX object CMakeFiles/jacobi-2d.dir/stencils/jacobi-2d/jacobi-2d.cpp.o
[ 50%] Building CXX object CMakeFiles/gramschmidt.dir/linear-algebra/solvers/gramschmidt/gramschmidt.cpp.o
[ 50%] Building CXX object CMakeFiles/ludcmp.dir/linear-algebra/solvers/ludcmp/ludcmp.cpp.o
[ 50%] Building CXX object CMakeFiles/trisolv.dir/linear-algebra/solvers/trisolv/trisolv.cpp.o
[ 50%] Building CXX object CMakeFiles/cholesky.dir/linear-algebra/solvers/cholesky/cholesky.cpp.o
[ 50%] Building CXX object CMakeFiles/jacobi-1d.dir/stencils/jacobi-1d/jacobi-1d.cpp.o
[ 50%] Building CXX object CMakeFiles/floyd-warshall.dir/medley/floyd-warshall/floyd-warshall.cpp.o
[ 50%] Building CXX object CMakeFiles/heat-3d.dir/stencils/heat-3d/heat-3d.cpp.o
[ 50%] Building CXX object CMakeFiles/lu.dir/linear-algebra/solvers/lu/lu.cpp.o
[ 50%] Building CXX object CMakeFiles/bicg.dir/linear-algebra/kernels/bicg/bicg.cpp.o
[ 50%] Building CXX object CMakeFiles/adi.dir/stencils/adi/adi.cpp.o
[ 50%] Building CXX object CMakeFiles/nussinov.dir/medley/nussinov/nussinov.cpp.o
[ 50%] Building CXX object CMakeFiles/durbin.dir/linear-algebra/solvers/durbin/durbin.cpp.o
[ 50%] Building CXX object CMakeFiles/3mm.dir/linear-algebra/kernels/3mm/3mm.cpp.o
[ 50%] Building CXX object CMakeFiles/fdtd-2d.dir/stencils/fdtd-2d/fdtd-2d.cpp.o
[ 50%] Building CXX object CMakeFiles/seidel-2d.dir/stencils/seidel-2d/seidel-2d.cpp.o
[ 51%] Linking CXX executable gemver
[ 53%] Linking CXX executable gramschmidt
[ 55%] Linking CXX executable covariance
[ 56%] Linking CXX executable floyd-warshall
[ 58%] Linking CXX executable jacobi-1d
[ 58%] Built target covariance
[ 58%] Built target floyd-warshall
[ 60%] Linking CXX executable trmm
[ 61%] Linking CXX executable gemm
[ 63%] Linking CXX executable syr2k
[ 65%] Linking CXX executable symm
[ 65%] Built target jacobi-1d
[ 66%] Linking CXX executable cholesky
[ 68%] Linking CXX executable syrk
[ 68%] Built target trmm
[ 68%] Built target gemm
[ 68%] Built target syr2k
[ 68%] Built target symm
[ 68%] Built target cholesky
[ 68%] Built target syrk
[ 70%] Linking CXX executable correlation
[ 71%] Linking CXX executable doitgen
[ 73%] Linking CXX executable heat-3d
[ 73%] Built target correlation
[ 73%] Built target doitgen
[ 73%] Built target heat-3d
[ 75%] Linking CXX executable trisolv
[ 76%] Linking CXX executable atax
[ 78%] Linking CXX executable bicg
[ 80%] Linking CXX executable mvt
[ 80%] Built target trisolv
[ 81%] Linking CXX executable jacobi-2d
[ 81%] Built target atax
[ 81%] Built target bicg
[ 83%] Linking CXX executable nussinov
[ 83%] Built target mvt
[ 83%] Built target jacobi-2d
[ 83%] Built target nussinov
[ 85%] Linking CXX executable ludcmp
[ 85%] Built target ludcmp
halide,all_hints,2mm,,,illegal,4,MINI
halide,all_hints,3mm,,,illegal,4,MINI
halide,all_hints,adi,,,illegal,4,MINI
halide,all_hints,atax,,,illegal,4,MINI
halide,all_hints,bicg,,,illegal,4,MINI
halide,all_hints,cholesky,0.003452,0.004,valid,4,MINI
halide,all_hints,cholesky,1,0.004066,4,MINI
halide,all_hints,cholesky,2,0.003713,4,MINI
halide,all_hints,cholesky,3,0.003875,4,MINI
halide,all_hints,cholesky,4,0.004425,4,MINI
halide,all_hints,cholesky,5,0.004290,4,MINI
halide,all_hints,correlation,,,illegal,4,MINI
halide,all_hints,covariance,,,illegal,4,MINI
halide,all_hints,deriche,,,illegal,4,MINI
halide,all_hints,doitgen,,,illegal,4,MINI
halide,all_hints,durbin,,,illegal,4,MINI
halide,all_hints,fdtd-2d,,,illegal,4,MINI
halide,all_hints,floyd-warshall,,,illegal,4,MINI
halide,all_hints,gemm,,,illegal,4,MINI
halide,all_hints,gemver,,,illegal,4,MINI
halide,all_hints,gesummv,,,illegal,4,MINI
halide,all_hints,gramschmidt,,,illegal,4,MINI
halide,all_hints,heat-3d,0.013565,0.002,valid,4,MINI
halide,all_hints,heat-3d,1,0.014099,4,MINI
halide,all_hints,heat-3d,2,0.013808,4,MINI
halide,all_hints,heat-3d,3,0.014266,4,MINI
halide,all_hints,heat-3d,4,0.014675,4,MINI
halide,all_hints,heat-3d,5,0.013715,4,MINI
halide,all_hints,jacobi-1d,,,illegal,4,MINI
halide,all_hints,jacobi-2d,,,illegal,4,MINI
halide,all_hints,lu,,,illegal,4,MINI
halide,all_hints,ludcmp,0.000913,0.042,valid,4,MINI
halide,all_hints,ludcmp,1,0.000906,4,MINI
halide,all_hints,ludcmp,2,0.000912,4,MINI
halide,all_hints,ludcmp,3,0.000911,4,MINI
halide,all_hints,ludcmp,4,0.000910,4,MINI
halide,all_hints,ludcmp,5,0.000911,4,MINI
halide,all_hints,mvt,,,illegal,4,MINI
halide,all_hints,nussinov,0.000132,0.864,valid,4,MINI
halide,all_hints,nussinov,1,0.000131,4,MINI
halide,all_hints,nussinov,2,0.000132,4,MINI
halide,all_hints,nussinov,3,0.000133,4,MINI
halide,all_hints,nussinov,4,0.000131,4,MINI
halide,all_hints,nussinov,5,0.000137,4,MINI
halide,all_hints,seidel-2d,,,illegal,4,MINI
halide,all_hints,symm,,,illegal,4,MINI
halide,all_hints,syr2k,,,illegal,4,MINI
halide,all_hints,syrk,0.000207,0.039,valid,4,MINI
halide,all_hints,syrk,1,0.000194,4,MINI
halide,all_hints,syrk,2,0.000194,4,MINI
halide,all_hints,syrk,3,0.000202,4,MINI
halide,all_hints,syrk,4,0.000159,4,MINI
halide,all_hints,syrk,5,0.000200,4,MINI
halide,all_hints,trisolv,,,illegal,4,MINI
halide,all_hints,trmm,,,illegal,4,MINI
-- The CXX compiler identification is GNU 15.2.0
-- Detecting CXX compiler ABI info
-- Detecting CXX compiler ABI info - done
-- Check for working CXX compiler: /usr/local/latestgcc/bin/g++ - skipped
-- Detecting CXX compile features
-- Detecting CXX compile features - done
-- Found Python: /home/kleplj/all_hints/gpt-querying/.venv/bin/python3.9 (found suitable version "3.9.21", minimum required is "3") found components: Interpreter Development.Module
-- Halide 'host' platform triple:   x86-64-linux
-- Halide 'cmake' platform triple:  x86-64-linux
-- Halide default AOT target:       host
-- Found ZLIB: /usr/lib64/libz.so (found version "1.2.11")
-- Could NOT find PNG (missing: PNG_LIBRARY PNG_PNG_INCLUDE_DIR) 
-- Could NOT find JPEG (missing: JPEG_LIBRARY JPEG_INCLUDE_DIR) 
-- Configuring done (0.8s)
-- Generating done (0.8s)
-- Build files have been written to: /home/kleplj/all_hints/optimization/all_hints/PolybenchC-Halide/build
[ 10%] Building CXX object CMakeFiles/covariance.dir/datamining/covariance/covariance.cpp.o
[ 10%] Building CXX object CMakeFiles/gemm.dir/linear-algebra/blas/gemm/gemm.cpp.o
[ 10%] Building CXX object CMakeFiles/correlation.dir/datamining/correlation/correlation.cpp.o
[ 18%] Building CXX object CMakeFiles/gemver.dir/linear-algebra/blas/gemver/gemver.cpp.o
[ 18%] Building CXX object CMakeFiles/symm.dir/linear-algebra/blas/symm/symm.cpp.o
[ 18%] Building CXX object CMakeFiles/trmm.dir/linear-algebra/blas/trmm/trmm.cpp.o
[ 18%] Building CXX object CMakeFiles/syr2k.dir/linear-algebra/blas/syr2k/syr2k.cpp.o
[ 18%] Building CXX object CMakeFiles/syrk.dir/linear-algebra/blas/syrk/syrk.cpp.o
[ 18%] Building CXX object CMakeFiles/gesummv.dir/linear-algebra/blas/gesummv/gesummv.cpp.o
[ 50%] Building CXX object CMakeFiles/mvt.dir/linear-algebra/kernels/mvt/mvt.cpp.o
[ 50%] Building CXX object CMakeFiles/lu.dir/linear-algebra/solvers/lu/lu.cpp.o
[ 50%] Building CXX object CMakeFiles/gramschmidt.dir/linear-algebra/solvers/gramschmidt/gramschmidt.cpp.o
[ 50%] Building CXX object CMakeFiles/deriche.dir/medley/deriche/deriche.cpp.o
[ 50%] Building CXX object CMakeFiles/floyd-warshall.dir/medley/floyd-warshall/floyd-warshall.cpp.o
[ 50%] Building CXX object CMakeFiles/bicg.dir/linear-algebra/kernels/bicg/bicg.cpp.o
[ 50%] Building CXX object CMakeFiles/atax.dir/linear-algebra/kernels/atax/atax.cpp.o
[ 50%] Building CXX object CMakeFiles/doitgen.dir/linear-algebra/kernels/doitgen/doitgen.cpp.o
[ 50%] Building CXX object CMakeFiles/3mm.dir/linear-algebra/kernels/3mm/3mm.cpp.o
[ 50%] Building CXX object CMakeFiles/2mm.dir/linear-algebra/kernels/2mm/2mm.cpp.o
[ 50%] Building CXX object CMakeFiles/durbin.dir/linear-algebra/solvers/durbin/durbin.cpp.o
[ 50%] Building CXX object CMakeFiles/ludcmp.dir/linear-algebra/solvers/ludcmp/ludcmp.cpp.o
[ 50%] Building CXX object CMakeFiles/fdtd-2d.dir/stencils/fdtd-2d/fdtd-2d.cpp.o
[ 50%] Building CXX object CMakeFiles/jacobi-1d.dir/stencils/jacobi-1d/jacobi-1d.cpp.o
[ 50%] Building CXX object CMakeFiles/heat-3d.dir/stencils/heat-3d/heat-3d.cpp.o
[ 50%] Building CXX object CMakeFiles/nussinov.dir/medley/nussinov/nussinov.cpp.o
[ 50%] Building CXX object CMakeFiles/jacobi-2d.dir/stencils/jacobi-2d/jacobi-2d.cpp.o
[ 50%] Building CXX object CMakeFiles/trisolv.dir/linear-algebra/solvers/trisolv/trisolv.cpp.o
[ 50%] Building CXX object CMakeFiles/cholesky.dir/linear-algebra/solvers/cholesky/cholesky.cpp.o
[ 50%] Building CXX object CMakeFiles/adi.dir/stencils/adi/adi.cpp.o
[ 50%] Building CXX object CMakeFiles/seidel-2d.dir/stencils/seidel-2d/seidel-2d.cpp.o
[ 51%] Linking CXX executable gemver
[ 53%] Linking CXX executable gramschmidt
[ 55%] Linking CXX executable floyd-warshall
[ 55%] Built target floyd-warshall
[ 56%] Linking CXX executable gemm
[ 58%] Linking CXX executable jacobi-1d
[ 58%] Built target gemm
[ 58%] Built target jacobi-1d
[ 60%] Linking CXX executable 2mm
[ 61%] Linking CXX executable cholesky
[ 63%] Linking CXX executable syr2k
[ 63%] Built target 2mm
[ 65%] Linking CXX executable correlation
[ 65%] Built target cholesky
[ 65%] Built target syr2k
[ 66%] Linking CXX executable 3mm
[ 66%] Built target correlation
[ 68%] Linking CXX executable trisolv
[ 68%] Built target 3mm
[ 70%] Linking CXX executable bicg
[ 71%] Linking CXX executable heat-3d
[ 73%] Linking CXX executable doitgen
[ 75%] Linking CXX executable mvt
[ 75%] Built target trisolv
[ 76%] Linking CXX executable atax
[ 76%] Built target heat-3d
[ 76%] Built target bicg
[ 76%] Built target doitgen
[ 76%] Built target mvt
[ 76%] Built target atax
[ 78%] Linking CXX executable nussinov
[ 80%] Linking CXX executable gesummv
[ 81%] Linking CXX executable fdtd-2d
[ 81%] Built target nussinov
[ 81%] Built target gesummv
[ 81%] Built target fdtd-2d
halide,all_hints,2mm,,,illegal,5,MINI
halide,all_hints,3mm,,,illegal,5,MINI
halide,all_hints,adi,,,illegal,5,MINI
halide,all_hints,atax,,,illegal,5,MINI
halide,all_hints,bicg,0.000357,0.017,valid,5,MINI
halide,all_hints,bicg,1,0.000243,5,MINI
halide,all_hints,bicg,2,0.000376,5,MINI
halide,all_hints,bicg,3,0.000252,5,MINI
halide,all_hints,bicg,4,0.000302,5,MINI
halide,all_hints,bicg,5,0.000357,5,MINI
halide,all_hints,cholesky,0.000015,,invalid,5,MINI
halide,all_hints,correlation,,,illegal,5,MINI
halide,all_hints,covariance,,,illegal,5,MINI
halide,all_hints,deriche,,,illegal,5,MINI
halide,all_hints,doitgen,,,illegal,5,MINI
halide,all_hints,durbin,,,illegal,5,MINI
halide,all_hints,fdtd-2d,0.001411,0.018,valid,5,MINI
halide,all_hints,fdtd-2d,1,0.001720,5,MINI
halide,all_hints,fdtd-2d,2,0.002047,5,MINI
halide,all_hints,fdtd-2d,3,0.001734,5,MINI
halide,all_hints,fdtd-2d,4,0.001288,5,MINI
halide,all_hints,fdtd-2d,5,0.001495,5,MINI
halide,all_hints,floyd-warshall,,,illegal,5,MINI
halide,all_hints,gemm,,,illegal,5,MINI
halide,all_hints,gemver,,,illegal,5,MINI
halide,all_hints,gesummv,,,illegal,5,MINI
halide,all_hints,gramschmidt,,,illegal,5,MINI
halide,all_hints,heat-3d,0.003423,0.010,valid,5,MINI
halide,all_hints,heat-3d,1,0.003251,5,MINI
halide,all_hints,heat-3d,2,0.004527,5,MINI
halide,all_hints,heat-3d,3,0.003452,5,MINI
halide,all_hints,heat-3d,4,0.003931,5,MINI
halide,all_hints,heat-3d,5,0.004635,5,MINI
halide,all_hints,jacobi-1d,,,illegal,5,MINI
halide,all_hints,jacobi-2d,,,illegal,5,MINI
halide,all_hints,lu,,,illegal,5,MINI
halide,all_hints,ludcmp,,,illegal,5,MINI
halide,all_hints,mvt,0.003625,0.001,valid,5,MINI
halide,all_hints,mvt,1,0.003908,5,MINI
halide,all_hints,mvt,2,0.003233,5,MINI
halide,all_hints,mvt,3,0.003722,5,MINI
halide,all_hints,mvt,4,0.003804,5,MINI
halide,all_hints,mvt,5,0.003406,5,MINI
halide,all_hints,nussinov,,,illegal,5,MINI
halide,all_hints,seidel-2d,,,illegal,5,MINI
halide,all_hints,symm,,,illegal,5,MINI
halide,all_hints,syr2k,,,illegal,5,MINI
halide,all_hints,syrk,,,illegal,5,MINI
halide,all_hints,trisolv,,,illegal,5,MINI
halide,all_hints,trmm,,,illegal,5,MINI
Generated C for 'gemm' in /home/kleplj/all_hints/optimization/all_hints/PolybenchC-Exo/build/generated/gemm
Built gemm executable.
Generated C for 'gemver' in /home/kleplj/all_hints/optimization/all_hints/PolybenchC-Exo/build/generated/gemver
Built gemver executable.
Generated C for 'gesummv' in /home/kleplj/all_hints/optimization/all_hints/PolybenchC-Exo/build/generated/gesummv
Generated C for 'symm' in /home/kleplj/all_hints/optimization/all_hints/PolybenchC-Exo/build/generated/symm
Generated C for 'syr2k' in /home/kleplj/all_hints/optimization/all_hints/PolybenchC-Exo/build/generated/syr2k
Built syr2k executable.
Generated C for 'syrk' in /home/kleplj/all_hints/optimization/all_hints/PolybenchC-Exo/build/generated/syrk
Built syrk executable.
Generated C for 'trmm' in /home/kleplj/all_hints/optimization/all_hints/PolybenchC-Exo/build/generated/trmm
Built trmm executable.
Generated C for 'atax' in /home/kleplj/all_hints/optimization/all_hints/PolybenchC-Exo/build/generated/atax
Built atax executable.
Generated C for 'doitgen' in /home/kleplj/all_hints/optimization/all_hints/PolybenchC-Exo/build/generated/doitgen
Built doitgen executable.
Generated C for 'mvt' in /home/kleplj/all_hints/optimization/all_hints/PolybenchC-Exo/build/generated/mvt
Built mvt executable.
Generated C for 'cholesky' in /home/kleplj/all_hints/optimization/all_hints/PolybenchC-Exo/build/generated/cholesky
Built cholesky executable.
Generated C for 'durbin' in /home/kleplj/all_hints/optimization/all_hints/PolybenchC-Exo/build/generated/durbin
Built durbin executable.
Generated C for 'gramschmidt' in /home/kleplj/all_hints/optimization/all_hints/PolybenchC-Exo/build/generated/gramschmidt
Built gramschmidt executable.
Generated C for 'lu' in /home/kleplj/all_hints/optimization/all_hints/PolybenchC-Exo/build/generated/lu
Built lu executable.
Generated C for 'trisolv' in /home/kleplj/all_hints/optimization/all_hints/PolybenchC-Exo/build/generated/trisolv
Built trisolv executable.
Generated C for 'correlation' in /home/kleplj/all_hints/optimization/all_hints/PolybenchC-Exo/build/generated/correlation
Built correlation executable.
Generated C for 'covariance' in /home/kleplj/all_hints/optimization/all_hints/PolybenchC-Exo/build/generated/covariance
Built covariance executable.
Generated C for 'adi' in /home/kleplj/all_hints/optimization/all_hints/PolybenchC-Exo/build/generated/adi
Built adi executable.
Generated C for 'heat-3d' in /home/kleplj/all_hints/optimization/all_hints/PolybenchC-Exo/build/generated/heat-3d
Built heat-3d executable.
Generated C for 'jacobi-1d' in /home/kleplj/all_hints/optimization/all_hints/PolybenchC-Exo/build/generated/jacobi-1d
Built jacobi-1d executable.
Generated C for 'seidel-2d' in /home/kleplj/all_hints/optimization/all_hints/PolybenchC-Exo/build/generated/seidel-2d
Built seidel-2d executable.
Generated C for 'deriche' in /home/kleplj/all_hints/optimization/all_hints/PolybenchC-Exo/build/generated/deriche
Built deriche executable.
Generated C for 'floyd-warshall' in /home/kleplj/all_hints/optimization/all_hints/PolybenchC-Exo/build/generated/floyd-warshall
Built floyd-warshall executable.
Exo build complete. Generated sources in: /home/kleplj/all_hints/optimization/all_hints/PolybenchC-Exo/build
Removing temp dir /tmp/slurm.150865/tmp.WV8NToQEnG
exo,all_hints,2mm,,,illegal,1,MINI
exo,all_hints,3mm,,,illegal,1,MINI
exo,all_hints,adi,0.001098,0.128,valid,1,MINI
exo,all_hints,adi,1,0.001140,1,MINI
exo,all_hints,adi,2,0.001132,1,MINI
exo,all_hints,adi,3,0.001085,1,MINI
exo,all_hints,adi,4,0.001082,1,MINI
exo,all_hints,adi,5,0.001086,1,MINI
exo,all_hints,atax,0.000035,0.086,valid,1,MINI
exo,all_hints,atax,1,0.000033,1,MINI
exo,all_hints,atax,2,0.000037,1,MINI
exo,all_hints,atax,3,0.000036,1,MINI
exo,all_hints,atax,4,0.000032,1,MINI
exo,all_hints,atax,5,0.000035,1,MINI
exo,all_hints,bicg,,,illegal,1,MINI
exo,all_hints,cholesky,0.000017,0.941,valid,1,MINI
exo,all_hints,cholesky,1,0.000016,1,MINI
exo,all_hints,cholesky,2,0.000016,1,MINI
exo,all_hints,cholesky,3,0.000016,1,MINI
exo,all_hints,cholesky,4,0.000016,1,MINI
exo,all_hints,cholesky,5,0.000016,1,MINI
exo,all_hints,correlation,0.000083,0.301,valid,1,MINI
exo,all_hints,correlation,1,0.000090,1,MINI
exo,all_hints,correlation,2,0.000163,1,MINI
exo,all_hints,correlation,3,0.000114,1,MINI
exo,all_hints,correlation,4,0.000151,1,MINI
exo,all_hints,correlation,5,0.000153,1,MINI
exo,all_hints,covariance,0.000119,0.286,valid,1,MINI
exo,all_hints,covariance,1,0.000127,1,MINI
exo,all_hints,covariance,2,0.000130,1,MINI
exo,all_hints,covariance,3,0.000116,1,MINI
exo,all_hints,covariance,4,0.000124,1,MINI
exo,all_hints,covariance,5,0.000119,1,MINI
exo,all_hints,deriche,0.002312,0.059,valid,1,MINI
exo,all_hints,deriche,1,0.002381,1,MINI
exo,all_hints,deriche,2,0.001954,1,MINI
exo,all_hints,deriche,3,0.001889,1,MINI
exo,all_hints,deriche,4,0.002396,1,MINI
exo,all_hints,deriche,5,0.001993,1,MINI
exo,all_hints,doitgen,0.004244,0.003,valid,1,MINI
exo,all_hints,doitgen,1,0.004031,1,MINI
exo,all_hints,doitgen,2,0.004097,1,MINI
exo,all_hints,doitgen,3,0.004035,1,MINI
exo,all_hints,doitgen,4,0.004152,1,MINI
exo,all_hints,doitgen,5,0.004129,1,MINI
exo,all_hints,durbin,0.000002,2.000,valid,1,MINI
exo,all_hints,durbin,1,0.000003,1,MINI
exo,all_hints,durbin,2,0.000003,1,MINI
exo,all_hints,durbin,3,0.000003,1,MINI
exo,all_hints,durbin,4,0.000003,1,MINI
exo,all_hints,durbin,5,0.000002,1,MINI
exo,all_hints,fdtd-2d,,,illegal,1,MINI
exo,all_hints,floyd-warshall,0.001627,0.158,valid,1,MINI
exo,all_hints,floyd-warshall,1,0.001668,1,MINI
exo,all_hints,floyd-warshall,2,0.001630,1,MINI
exo,all_hints,floyd-warshall,3,0.001601,1,MINI
exo,all_hints,floyd-warshall,4,0.001633,1,MINI
exo,all_hints,floyd-warshall,5,0.001634,1,MINI
exo,all_hints,gemm,0.000043,0.116,valid,1,MINI
exo,all_hints,gemm,1,0.000063,1,MINI
exo,all_hints,gemm,2,0.000043,1,MINI
exo,all_hints,gemm,3,0.000038,1,MINI
exo,all_hints,gemm,4,0.000043,1,MINI
exo,all_hints,gemm,5,0.000038,1,MINI
exo,all_hints,gemver,0.000041,0.146,valid,1,MINI
exo,all_hints,gemver,1,0.000044,1,MINI
exo,all_hints,gemver,2,0.000040,1,MINI
exo,all_hints,gemver,3,0.000044,1,MINI
exo,all_hints,gemver,4,0.000040,1,MINI
exo,all_hints,gemver,5,0.000043,1,MINI
exo,all_hints,gesummv,,,illegal,1,MINI
exo,all_hints,gramschmidt,0.012134,,invalid,1,MINI
exo,all_hints,heat-3d,0.001081,0.033,valid,1,MINI
exo,all_hints,heat-3d,1,0.001040,1,MINI
exo,all_hints,heat-3d,2,0.001031,1,MINI
exo,all_hints,heat-3d,3,0.001054,1,MINI
exo,all_hints,heat-3d,4,0.001029,1,MINI
exo,all_hints,heat-3d,5,0.001023,1,MINI
exo,all_hints,jacobi-1d,0.001023,0.001,valid,1,MINI
exo,all_hints,jacobi-1d,1,0.001019,1,MINI
exo,all_hints,jacobi-1d,2,0.001013,1,MINI
exo,all_hints,jacobi-1d,3,0.001019,1,MINI
exo,all_hints,jacobi-1d,4,0.001009,1,MINI
exo,all_hints,jacobi-1d,5,0.000994,1,MINI
exo,all_hints,jacobi-2d,,,illegal,1,MINI
exo,all_hints,lu,0.000966,0.031,valid,1,MINI
exo,all_hints,lu,1,0.000990,1,MINI
exo,all_hints,lu,2,0.000958,1,MINI
exo,all_hints,lu,3,0.001003,1,MINI
exo,all_hints,lu,4,0.000966,1,MINI
exo,all_hints,lu,5,0.000996,1,MINI
exo,all_hints,ludcmp,,,illegal,1,MINI
exo,all_hints,mvt,0.000052,0.096,valid,1,MINI
exo,all_hints,mvt,1,0.000055,1,MINI
exo,all_hints,mvt,2,0.000056,1,MINI
exo,all_hints,mvt,3,0.000052,1,MINI
exo,all_hints,mvt,4,0.000059,1,MINI
exo,all_hints,mvt,5,0.000053,1,MINI
exo,all_hints,nussinov,,,illegal,1,MINI
exo,all_hints,seidel-2d,0.000356,0.997,valid,1,MINI
exo,all_hints,seidel-2d,1,0.000357,1,MINI
exo,all_hints,seidel-2d,2,0.000356,1,MINI
exo,all_hints,seidel-2d,3,0.000356,1,MINI
exo,all_hints,seidel-2d,4,0.000356,1,MINI
exo,all_hints,seidel-2d,5,0.000356,1,MINI
exo,all_hints,symm,,,illegal,1,MINI
exo,all_hints,syr2k,0.000035,0.400,valid,1,MINI
exo,all_hints,syr2k,1,0.000038,1,MINI
exo,all_hints,syr2k,2,0.000034,1,MINI
exo,all_hints,syr2k,3,0.000036,1,MINI
exo,all_hints,syr2k,4,0.000035,1,MINI
exo,all_hints,syr2k,5,0.000036,1,MINI
exo,all_hints,syrk,0.000035,0.229,valid,1,MINI
exo,all_hints,syrk,1,0.000036,1,MINI
exo,all_hints,syrk,2,0.000035,1,MINI
exo,all_hints,syrk,3,0.000033,1,MINI
exo,all_hints,syrk,4,0.000033,1,MINI
exo,all_hints,syrk,5,0.000034,1,MINI
exo,all_hints,trisolv,0.000002,1.000,valid,1,MINI
exo,all_hints,trisolv,1,0.000003,1,MINI
exo,all_hints,trisolv,2,0.000002,1,MINI
exo,all_hints,trisolv,3,0.000002,1,MINI
exo,all_hints,trisolv,4,0.000001,1,MINI
exo,all_hints,trisolv,5,0.000002,1,MINI
exo,all_hints,trmm,0.000445,0.018,valid,1,MINI
exo,all_hints,trmm,1,0.000443,1,MINI
exo,all_hints,trmm,2,0.000471,1,MINI
exo,all_hints,trmm,3,0.000446,1,MINI
exo,all_hints,trmm,4,0.000445,1,MINI
exo,all_hints,trmm,5,0.000437,1,MINI
Generated C for 'gemm' in /home/kleplj/all_hints/optimization/all_hints/PolybenchC-Exo/build/generated/gemm
Built gemm executable.
Generated C for 'gemver' in /home/kleplj/all_hints/optimization/all_hints/PolybenchC-Exo/build/generated/gemver
Built gemver executable.
Generated C for 'gesummv' in /home/kleplj/all_hints/optimization/all_hints/PolybenchC-Exo/build/generated/gesummv
Built gesummv executable.
Generated C for 'symm' in /home/kleplj/all_hints/optimization/all_hints/PolybenchC-Exo/build/generated/symm
Built symm executable.
Generated C for 'syr2k' in /home/kleplj/all_hints/optimization/all_hints/PolybenchC-Exo/build/generated/syr2k
Built syr2k executable.
Generated C for 'syrk' in /home/kleplj/all_hints/optimization/all_hints/PolybenchC-Exo/build/generated/syrk
Built syrk executable.
Generated C for 'trmm' in /home/kleplj/all_hints/optimization/all_hints/PolybenchC-Exo/build/generated/trmm
Built trmm executable.
Generated C for '2mm' in /home/kleplj/all_hints/optimization/all_hints/PolybenchC-Exo/build/generated/2mm
Built 2mm executable.
Generated C for 'atax' in /home/kleplj/all_hints/optimization/all_hints/PolybenchC-Exo/build/generated/atax
Built atax executable.
Generated C for 'bicg' in /home/kleplj/all_hints/optimization/all_hints/PolybenchC-Exo/build/generated/bicg
Built bicg executable.
Generated C for 'doitgen' in /home/kleplj/all_hints/optimization/all_hints/PolybenchC-Exo/build/generated/doitgen
Built doitgen executable.
Generated C for 'mvt' in /home/kleplj/all_hints/optimization/all_hints/PolybenchC-Exo/build/generated/mvt
Built mvt executable.
Generated C for 'cholesky' in /home/kleplj/all_hints/optimization/all_hints/PolybenchC-Exo/build/generated/cholesky
Built cholesky executable.
Generated C for 'durbin' in /home/kleplj/all_hints/optimization/all_hints/PolybenchC-Exo/build/generated/durbin
Built durbin executable.
Generated C for 'lu' in /home/kleplj/all_hints/optimization/all_hints/PolybenchC-Exo/build/generated/lu
Built lu executable.
Generated C for 'ludcmp' in /home/kleplj/all_hints/optimization/all_hints/PolybenchC-Exo/build/generated/ludcmp
Built ludcmp executable.
Generated C for 'trisolv' in /home/kleplj/all_hints/optimization/all_hints/PolybenchC-Exo/build/generated/trisolv
Built trisolv executable.
Generated C for 'correlation' in /home/kleplj/all_hints/optimization/all_hints/PolybenchC-Exo/build/generated/correlation
Built correlation executable.
Generated C for 'adi' in /home/kleplj/all_hints/optimization/all_hints/PolybenchC-Exo/build/generated/adi
Built adi executable.
Generated C for 'jacobi-1d' in /home/kleplj/all_hints/optimization/all_hints/PolybenchC-Exo/build/generated/jacobi-1d
Built jacobi-1d executable.
Generated C for 'jacobi-2d' in /home/kleplj/all_hints/optimization/all_hints/PolybenchC-Exo/build/generated/jacobi-2d
Built jacobi-2d executable.
Generated C for 'deriche' in /home/kleplj/all_hints/optimization/all_hints/PolybenchC-Exo/build/generated/deriche
Built deriche executable.
Generated C for 'floyd-warshall' in /home/kleplj/all_hints/optimization/all_hints/PolybenchC-Exo/build/generated/floyd-warshall
Built floyd-warshall executable.
Generated C for 'nussinov' in /home/kleplj/all_hints/optimization/all_hints/PolybenchC-Exo/build/generated/nussinov
Built nussinov executable.
Exo build complete. Generated sources in: /home/kleplj/all_hints/optimization/all_hints/PolybenchC-Exo/build
Removing temp dir /tmp/slurm.150865/tmp.nP2ovYV4zR
exo,all_hints,2mm,0.000009,2.222,valid,2,MINI
exo,all_hints,2mm,1,0.000009,2,MINI
exo,all_hints,2mm,2,0.000009,2,MINI
exo,all_hints,2mm,3,0.000009,2,MINI
exo,all_hints,2mm,4,0.000009,2,MINI
exo,all_hints,2mm,5,0.000009,2,MINI
exo,all_hints,3mm,,,illegal,2,MINI
exo,all_hints,adi,0.001164,0.110,valid,2,MINI
exo,all_hints,adi,1,0.001206,2,MINI
exo,all_hints,adi,2,0.001225,2,MINI
exo,all_hints,adi,3,0.001228,2,MINI
exo,all_hints,adi,4,0.001139,2,MINI
exo,all_hints,adi,5,0.001146,2,MINI
exo,all_hints,atax,0.000063,0.048,valid,2,MINI
exo,all_hints,atax,1,0.000063,2,MINI
exo,all_hints,atax,2,0.000059,2,MINI
exo,all_hints,atax,3,0.000059,2,MINI
exo,all_hints,atax,4,0.000062,2,MINI
exo,all_hints,atax,5,0.000063,2,MINI
exo,all_hints,bicg,0.000036,0.167,valid,2,MINI
exo,all_hints,bicg,1,0.000036,2,MINI
exo,all_hints,bicg,2,0.000036,2,MINI
exo,all_hints,bicg,3,0.000035,2,MINI
exo,all_hints,bicg,4,0.000037,2,MINI
exo,all_hints,bicg,5,0.000031,2,MINI
exo,all_hints,cholesky,0.000016,0.938,valid,2,MINI
exo,all_hints,cholesky,1,0.000016,2,MINI
exo,all_hints,cholesky,2,0.000016,2,MINI
exo,all_hints,cholesky,3,0.000016,2,MINI
exo,all_hints,cholesky,4,0.000016,2,MINI
exo,all_hints,cholesky,5,0.000016,2,MINI
exo,all_hints,correlation,0.000267,0.127,valid,2,MINI
exo,all_hints,correlation,1,0.000164,2,MINI
exo,all_hints,correlation,2,0.000254,2,MINI
exo,all_hints,correlation,3,0.000242,2,MINI
exo,all_hints,correlation,4,0.000253,2,MINI
exo,all_hints,correlation,5,0.000273,2,MINI
exo,all_hints,covariance,,,illegal,2,MINI
exo,all_hints,deriche,0.000364,0.376,valid,2,MINI
exo,all_hints,deriche,1,0.000301,2,MINI
exo,all_hints,deriche,2,0.000311,2,MINI
exo,all_hints,deriche,3,0.000325,2,MINI
exo,all_hints,deriche,4,0.000366,2,MINI
exo,all_hints,deriche,5,0.000357,2,MINI
exo,all_hints,doitgen,0.000394,0.028,valid,2,MINI
exo,all_hints,doitgen,1,0.000332,2,MINI
exo,all_hints,doitgen,2,0.000340,2,MINI
exo,all_hints,doitgen,3,0.000323,2,MINI
exo,all_hints,doitgen,4,0.000305,2,MINI
exo,all_hints,doitgen,5,0.000352,2,MINI
exo,all_hints,durbin,0.000005,0.800,valid,2,MINI
exo,all_hints,durbin,1,0.000005,2,MINI
exo,all_hints,durbin,2,0.000006,2,MINI
exo,all_hints,durbin,3,0.000005,2,MINI
exo,all_hints,durbin,4,0.000005,2,MINI
exo,all_hints,durbin,5,0.000005,2,MINI
exo,all_hints,fdtd-2d,,,illegal,2,MINI
exo,all_hints,floyd-warshall,0.000198,1.303,valid,2,MINI
exo,all_hints,floyd-warshall,1,0.000195,2,MINI
exo,all_hints,floyd-warshall,2,0.000203,2,MINI
exo,all_hints,floyd-warshall,3,0.000194,2,MINI
exo,all_hints,floyd-warshall,4,0.000198,2,MINI
exo,all_hints,floyd-warshall,5,0.000207,2,MINI
exo,all_hints,gemm,0.000050,0.100,valid,2,MINI
exo,all_hints,gemm,1,0.000050,2,MINI
exo,all_hints,gemm,2,0.000050,2,MINI
exo,all_hints,gemm,3,0.000047,2,MINI
exo,all_hints,gemm,4,0.000047,2,MINI
exo,all_hints,gemm,5,0.000048,2,MINI
exo,all_hints,gemver,0.000068,0.103,valid,2,MINI
exo,all_hints,gemver,1,0.000063,2,MINI
exo,all_hints,gemver,2,0.000059,2,MINI
exo,all_hints,gemver,3,0.000070,2,MINI
exo,all_hints,gemver,4,0.000061,2,MINI
exo,all_hints,gemver,5,0.000059,2,MINI
exo,all_hints,gesummv,0.000032,0.125,valid,2,MINI
exo,all_hints,gesummv,1,0.000032,2,MINI
exo,all_hints,gesummv,2,0.000032,2,MINI
exo,all_hints,gesummv,3,0.000032,2,MINI
exo,all_hints,gesummv,4,0.000030,2,MINI
exo,all_hints,gesummv,5,0.000033,2,MINI
exo,all_hints,gramschmidt,,,illegal,2,MINI
exo,all_hints,heat-3d,,,illegal,2,MINI
exo,all_hints,jacobi-1d,0.001036,0.001,valid,2,MINI
exo,all_hints,jacobi-1d,1,0.001004,2,MINI
exo,all_hints,jacobi-1d,2,0.001090,2,MINI
exo,all_hints,jacobi-1d,3,0.000994,2,MINI
exo,all_hints,jacobi-1d,4,0.001035,2,MINI
exo,all_hints,jacobi-1d,5,0.001005,2,MINI
exo,all_hints,jacobi-2d,0.001156,0.030,valid,2,MINI
exo,all_hints,jacobi-2d,1,0.001764,2,MINI
exo,all_hints,jacobi-2d,2,0.001125,2,MINI
exo,all_hints,jacobi-2d,3,0.001166,2,MINI
exo,all_hints,jacobi-2d,4,0.001107,2,MINI
exo,all_hints,jacobi-2d,5,0.001129,2,MINI
exo,all_hints,lu,0.001045,0.029,valid,2,MINI
exo,all_hints,lu,1,0.001020,2,MINI
exo,all_hints,lu,2,0.001013,2,MINI
exo,all_hints,lu,3,0.001039,2,MINI
exo,all_hints,lu,4,0.001103,2,MINI
exo,all_hints,lu,5,0.001027,2,MINI
exo,all_hints,ludcmp,0.000035,0.857,valid,2,MINI
exo,all_hints,ludcmp,1,0.000034,2,MINI
exo,all_hints,ludcmp,2,0.000034,2,MINI
exo,all_hints,ludcmp,3,0.000034,2,MINI
exo,all_hints,ludcmp,4,0.000034,2,MINI
exo,all_hints,ludcmp,5,0.000033,2,MINI
exo,all_hints,mvt,0.000059,0.085,valid,2,MINI
exo,all_hints,mvt,1,0.000063,2,MINI
exo,all_hints,mvt,2,0.000066,2,MINI
exo,all_hints,mvt,3,0.000063,2,MINI
exo,all_hints,mvt,4,0.000063,2,MINI
exo,all_hints,mvt,5,0.000059,2,MINI
exo,all_hints,nussinov,0.001439,0.079,valid,2,MINI
exo,all_hints,nussinov,1,0.001412,2,MINI
exo,all_hints,nussinov,2,0.001437,2,MINI
exo,all_hints,nussinov,3,0.001381,2,MINI
exo,all_hints,nussinov,4,0.001430,2,MINI
exo,all_hints,nussinov,5,0.001414,2,MINI
exo,all_hints,seidel-2d,,,illegal,2,MINI
exo,all_hints,symm,0.000109,0.138,valid,2,MINI
exo,all_hints,symm,1,0.000112,2,MINI
exo,all_hints,symm,2,0.000112,2,MINI
exo,all_hints,symm,3,0.000117,2,MINI
exo,all_hints,symm,4,0.000109,2,MINI
exo,all_hints,symm,5,0.000109,2,MINI
exo,all_hints,syr2k,0.000036,0.417,valid,2,MINI
exo,all_hints,syr2k,1,0.000038,2,MINI
exo,all_hints,syr2k,2,0.000036,2,MINI
exo,all_hints,syr2k,3,0.000034,2,MINI
exo,all_hints,syr2k,4,0.000034,2,MINI
exo,all_hints,syr2k,5,0.000034,2,MINI
exo,all_hints,syrk,0.000038,0.211,valid,2,MINI
exo,all_hints,syrk,1,0.000037,2,MINI
exo,all_hints,syrk,2,0.000038,2,MINI
exo,all_hints,syrk,3,0.000040,2,MINI
exo,all_hints,syrk,4,0.000037,2,MINI
exo,all_hints,syrk,5,0.000038,2,MINI
exo,all_hints,trisolv,0.000001,2.000,valid,2,MINI
exo,all_hints,trisolv,1,0.000002,2,MINI
exo,all_hints,trisolv,2,0.000002,2,MINI
exo,all_hints,trisolv,3,0.000002,2,MINI
exo,all_hints,trisolv,4,0.000002,2,MINI
exo,all_hints,trisolv,5,0.000002,2,MINI
exo,all_hints,trmm,0.000048,0.167,valid,2,MINI
exo,all_hints,trmm,1,0.000036,2,MINI
exo,all_hints,trmm,2,0.000049,2,MINI
exo,all_hints,trmm,3,0.000034,2,MINI
exo,all_hints,trmm,4,0.000035,2,MINI
exo,all_hints,trmm,5,0.000036,2,MINI
Generated C for 'gemver' in /home/kleplj/all_hints/optimization/all_hints/PolybenchC-Exo/build/generated/gemver
Built gemver executable.
Generated C for 'gesummv' in /home/kleplj/all_hints/optimization/all_hints/PolybenchC-Exo/build/generated/gesummv
Built gesummv executable.
Generated C for 'symm' in /home/kleplj/all_hints/optimization/all_hints/PolybenchC-Exo/build/generated/symm
Generated C for 'syr2k' in /home/kleplj/all_hints/optimization/all_hints/PolybenchC-Exo/build/generated/syr2k
Built syr2k executable.
Generated C for 'syrk' in /home/kleplj/all_hints/optimization/all_hints/PolybenchC-Exo/build/generated/syrk
Built syrk executable.
Generated C for 'trmm' in /home/kleplj/all_hints/optimization/all_hints/PolybenchC-Exo/build/generated/trmm
Built trmm executable.
Generated C for '2mm' in /home/kleplj/all_hints/optimization/all_hints/PolybenchC-Exo/build/generated/2mm
Built 2mm executable.
Generated C for '3mm' in /home/kleplj/all_hints/optimization/all_hints/PolybenchC-Exo/build/generated/3mm
Built 3mm executable.
Generated C for 'bicg' in /home/kleplj/all_hints/optimization/all_hints/PolybenchC-Exo/build/generated/bicg
Built bicg executable.
Generated C for 'doitgen' in /home/kleplj/all_hints/optimization/all_hints/PolybenchC-Exo/build/generated/doitgen
Built doitgen executable.
Generated C for 'mvt' in /home/kleplj/all_hints/optimization/all_hints/PolybenchC-Exo/build/generated/mvt
Built mvt executable.
Generated C for 'cholesky' in /home/kleplj/all_hints/optimization/all_hints/PolybenchC-Exo/build/generated/cholesky
Built cholesky executable.
Generated C for 'durbin' in /home/kleplj/all_hints/optimization/all_hints/PolybenchC-Exo/build/generated/durbin
Built durbin executable.
Generated C for 'gramschmidt' in /home/kleplj/all_hints/optimization/all_hints/PolybenchC-Exo/build/generated/gramschmidt
Built gramschmidt executable.
Generated C for 'lu' in /home/kleplj/all_hints/optimization/all_hints/PolybenchC-Exo/build/generated/lu
Built lu executable.
Generated C for 'trisolv' in /home/kleplj/all_hints/optimization/all_hints/PolybenchC-Exo/build/generated/trisolv
Built trisolv executable.
Generated C for 'correlation' in /home/kleplj/all_hints/optimization/all_hints/PolybenchC-Exo/build/generated/correlation
Built correlation executable.
Generated C for 'covariance' in /home/kleplj/all_hints/optimization/all_hints/PolybenchC-Exo/build/generated/covariance
Built covariance executable.
Generated C for 'adi' in /home/kleplj/all_hints/optimization/all_hints/PolybenchC-Exo/build/generated/adi
Built adi executable.
Generated C for 'fdtd-2d' in /home/kleplj/all_hints/optimization/all_hints/PolybenchC-Exo/build/generated/fdtd-2d
Built fdtd-2d executable.
Generated C for 'heat-3d' in /home/kleplj/all_hints/optimization/all_hints/PolybenchC-Exo/build/generated/heat-3d
Built heat-3d executable.
Generated C for 'jacobi-1d' in /home/kleplj/all_hints/optimization/all_hints/PolybenchC-Exo/build/generated/jacobi-1d
Built jacobi-1d executable.
Generated C for 'jacobi-2d' in /home/kleplj/all_hints/optimization/all_hints/PolybenchC-Exo/build/generated/jacobi-2d
Built jacobi-2d executable.
Generated C for 'seidel-2d' in /home/kleplj/all_hints/optimization/all_hints/PolybenchC-Exo/build/generated/seidel-2d
Built seidel-2d executable.
Generated C for 'floyd-warshall' in /home/kleplj/all_hints/optimization/all_hints/PolybenchC-Exo/build/generated/floyd-warshall
Built floyd-warshall executable.
Generated C for 'nussinov' in /home/kleplj/all_hints/optimization/all_hints/PolybenchC-Exo/build/generated/nussinov
Built nussinov executable.
Exo build complete. Generated sources in: /home/kleplj/all_hints/optimization/all_hints/PolybenchC-Exo/build
Removing temp dir /tmp/slurm.150865/tmp.mVbSEPVOwz
exo,all_hints,2mm,0.000056,0.339,valid,3,MINI
exo,all_hints,2mm,1,0.000054,3,MINI
exo,all_hints,2mm,2,0.000054,3,MINI
exo,all_hints,2mm,3,0.000056,3,MINI
exo,all_hints,2mm,4,0.000057,3,MINI
exo,all_hints,2mm,5,0.000055,3,MINI
exo,all_hints,3mm,0.000106,0.292,valid,3,MINI
exo,all_hints,3mm,1,0.000107,3,MINI
exo,all_hints,3mm,2,0.000103,3,MINI
exo,all_hints,3mm,3,0.000108,3,MINI
exo,all_hints,3mm,4,0.000110,3,MINI
exo,all_hints,3mm,5,0.000105,3,MINI
exo,all_hints,adi,0.001132,0.113,valid,3,MINI
exo,all_hints,adi,1,0.001165,3,MINI
exo,all_hints,adi,2,0.001167,3,MINI
exo,all_hints,adi,3,0.001184,3,MINI
exo,all_hints,adi,4,0.001100,3,MINI
exo,all_hints,adi,5,0.001118,3,MINI
exo,all_hints,atax,,,illegal,3,MINI
exo,all_hints,bicg,0.000007,1.000,valid,3,MINI
exo,all_hints,bicg,1,0.000006,3,MINI
exo,all_hints,bicg,2,0.000006,3,MINI
exo,all_hints,bicg,3,0.000006,3,MINI
exo,all_hints,bicg,4,0.000007,3,MINI
exo,all_hints,bicg,5,0.000006,3,MINI
exo,all_hints,cholesky,0.000018,0.833,valid,3,MINI
exo,all_hints,cholesky,1,0.000019,3,MINI
exo,all_hints,cholesky,2,0.000019,3,MINI
exo,all_hints,cholesky,3,0.000019,3,MINI
exo,all_hints,cholesky,4,0.000019,3,MINI
exo,all_hints,cholesky,5,0.000019,3,MINI
exo,all_hints,correlation,0.000133,0.180,valid,3,MINI
exo,all_hints,correlation,1,0.000107,3,MINI
exo,all_hints,correlation,2,0.000125,3,MINI
exo,all_hints,correlation,3,0.000101,3,MINI
exo,all_hints,correlation,4,0.000096,3,MINI
exo,all_hints,correlation,5,0.000134,3,MINI
exo,all_hints,covariance,0.000822,0.043,valid,3,MINI
exo,all_hints,covariance,1,0.000787,3,MINI
exo,all_hints,covariance,2,0.000825,3,MINI
exo,all_hints,covariance,3,0.000834,3,MINI
exo,all_hints,covariance,4,0.000819,3,MINI
exo,all_hints,covariance,5,0.000789,3,MINI
exo,all_hints,deriche,,,illegal,3,MINI
exo,all_hints,doitgen,0.000049,0.245,valid,3,MINI
exo,all_hints,doitgen,1,0.000049,3,MINI
exo,all_hints,doitgen,2,0.000049,3,MINI
exo,all_hints,doitgen,3,0.000046,3,MINI
exo,all_hints,doitgen,4,0.000051,3,MINI
exo,all_hints,doitgen,5,0.000047,3,MINI
exo,all_hints,durbin,0.002035,0.002,valid,3,MINI
exo,all_hints,durbin,1,0.002006,3,MINI
exo,all_hints,durbin,2,0.002028,3,MINI
exo,all_hints,durbin,3,0.002003,3,MINI
exo,all_hints,durbin,4,0.002084,3,MINI
exo,all_hints,durbin,5,0.002042,3,MINI
exo,all_hints,fdtd-2d,0.002034,0.009,valid,3,MINI
exo,all_hints,fdtd-2d,1,0.001969,3,MINI
exo,all_hints,fdtd-2d,2,0.002042,3,MINI
exo,all_hints,fdtd-2d,3,0.001961,3,MINI
exo,all_hints,fdtd-2d,4,0.001987,3,MINI
exo,all_hints,fdtd-2d,5,0.001975,3,MINI
exo,all_hints,floyd-warshall,0.001486,0.175,valid,3,MINI
exo,all_hints,floyd-warshall,1,0.001420,3,MINI
exo,all_hints,floyd-warshall,2,0.001461,3,MINI
exo,all_hints,floyd-warshall,3,0.001413,3,MINI
exo,all_hints,floyd-warshall,4,0.001452,3,MINI
exo,all_hints,floyd-warshall,5,0.001462,3,MINI
exo,all_hints,gemm,,,illegal,3,MINI
exo,all_hints,gemver,0.000101,0.059,valid,3,MINI
exo,all_hints,gemver,1,0.000096,3,MINI
exo,all_hints,gemver,2,0.000171,3,MINI
exo,all_hints,gemver,3,0.000094,3,MINI
exo,all_hints,gemver,4,0.000096,3,MINI
exo,all_hints,gemver,5,0.000098,3,MINI
exo,all_hints,gesummv,0.000032,0.094,valid,3,MINI
exo,all_hints,gesummv,1,0.000029,3,MINI
exo,all_hints,gesummv,2,0.000029,3,MINI
exo,all_hints,gesummv,3,0.000032,3,MINI
exo,all_hints,gesummv,4,0.000030,3,MINI
exo,all_hints,gesummv,5,0.000029,3,MINI
exo,all_hints,gramschmidt,0.001594,,invalid,3,MINI
exo,all_hints,heat-3d,0.000992,0.035,valid,3,MINI
exo,all_hints,heat-3d,1,0.000994,3,MINI
exo,all_hints,heat-3d,2,0.001038,3,MINI
exo,all_hints,heat-3d,3,0.000995,3,MINI
exo,all_hints,heat-3d,4,0.000994,3,MINI
exo,all_hints,heat-3d,5,0.001066,3,MINI
exo,all_hints,jacobi-1d,0.001050,0.001,valid,3,MINI
exo,all_hints,jacobi-1d,1,0.001045,3,MINI
exo,all_hints,jacobi-1d,2,0.001083,3,MINI
exo,all_hints,jacobi-1d,3,0.001039,3,MINI
exo,all_hints,jacobi-1d,4,0.001046,3,MINI
exo,all_hints,jacobi-1d,5,0.001026,3,MINI
exo,all_hints,jacobi-2d,0.001042,0.034,valid,3,MINI
exo,all_hints,jacobi-2d,1,0.001101,3,MINI
exo,all_hints,jacobi-2d,2,0.001056,3,MINI
exo,all_hints,jacobi-2d,3,0.001103,3,MINI
exo,all_hints,jacobi-2d,4,0.001008,3,MINI
exo,all_hints,jacobi-2d,5,0.001031,3,MINI
exo,all_hints,lu,0.001051,0.029,valid,3,MINI
exo,all_hints,lu,1,0.001018,3,MINI
exo,all_hints,lu,2,0.001026,3,MINI
exo,all_hints,lu,3,0.001028,3,MINI
exo,all_hints,lu,4,0.001017,3,MINI
exo,all_hints,lu,5,0.001011,3,MINI
exo,all_hints,ludcmp,,,illegal,3,MINI
exo,all_hints,mvt,0.000055,0.091,valid,3,MINI
exo,all_hints,mvt,1,0.000061,3,MINI
exo,all_hints,mvt,2,0.000056,3,MINI
exo,all_hints,mvt,3,0.000060,3,MINI
exo,all_hints,mvt,4,0.000061,3,MINI
exo,all_hints,mvt,5,0.000061,3,MINI
exo,all_hints,nussinov,0.029260,0.004,valid,3,MINI
exo,all_hints,nussinov,1,0.001419,3,MINI
exo,all_hints,nussinov,2,0.001434,3,MINI
exo,all_hints,nussinov,3,0.001467,3,MINI
exo,all_hints,nussinov,4,0.001442,3,MINI
exo,all_hints,nussinov,5,0.001523,3,MINI
exo,all_hints,seidel-2d,0.000384,,invalid,3,MINI
exo,all_hints,symm,,,illegal,3,MINI
exo,all_hints,syr2k,0.000035,0.429,valid,3,MINI
exo,all_hints,syr2k,1,0.000033,3,MINI
exo,all_hints,syr2k,2,0.000036,3,MINI
exo,all_hints,syr2k,3,0.000034,3,MINI
exo,all_hints,syr2k,4,0.000034,3,MINI
exo,all_hints,syr2k,5,0.000035,3,MINI
exo,all_hints,syrk,0.000034,0.235,valid,3,MINI
exo,all_hints,syrk,1,0.000030,3,MINI
exo,all_hints,syrk,2,0.000031,3,MINI
exo,all_hints,syrk,3,0.000033,3,MINI
exo,all_hints,syrk,4,0.000030,3,MINI
exo,all_hints,syrk,5,0.000032,3,MINI
exo,all_hints,trisolv,0.000003,0.333,valid,3,MINI
exo,all_hints,trisolv,1,0.000003,3,MINI
exo,all_hints,trisolv,2,0.000003,3,MINI
exo,all_hints,trisolv,3,0.000002,3,MINI
exo,all_hints,trisolv,4,0.000002,3,MINI
exo,all_hints,trisolv,5,0.000003,3,MINI
exo,all_hints,trmm,0.000486,0.016,valid,3,MINI
exo,all_hints,trmm,1,0.000487,3,MINI
exo,all_hints,trmm,2,0.000478,3,MINI
exo,all_hints,trmm,3,0.000480,3,MINI
exo,all_hints,trmm,4,0.000462,3,MINI
exo,all_hints,trmm,5,0.000465,3,MINI
Generated C for 'gemm' in /home/kleplj/all_hints/optimization/all_hints/PolybenchC-Exo/build/generated/gemm
Built gemm executable.
Generated C for 'gemver' in /home/kleplj/all_hints/optimization/all_hints/PolybenchC-Exo/build/generated/gemver
Built gemver executable.
Generated C for 'gesummv' in /home/kleplj/all_hints/optimization/all_hints/PolybenchC-Exo/build/generated/gesummv
Built gesummv executable.
Generated C for 'syr2k' in /home/kleplj/all_hints/optimization/all_hints/PolybenchC-Exo/build/generated/syr2k
Built syr2k executable.
Generated C for 'syrk' in /home/kleplj/all_hints/optimization/all_hints/PolybenchC-Exo/build/generated/syrk
Built syrk executable.
Generated C for 'trmm' in /home/kleplj/all_hints/optimization/all_hints/PolybenchC-Exo/build/generated/trmm
Built trmm executable.
Generated C for '2mm' in /home/kleplj/all_hints/optimization/all_hints/PolybenchC-Exo/build/generated/2mm
Built 2mm executable.
Generated C for '3mm' in /home/kleplj/all_hints/optimization/all_hints/PolybenchC-Exo/build/generated/3mm
Built 3mm executable.
Generated C for 'atax' in /home/kleplj/all_hints/optimization/all_hints/PolybenchC-Exo/build/generated/atax
Built atax executable.
Generated C for 'bicg' in /home/kleplj/all_hints/optimization/all_hints/PolybenchC-Exo/build/generated/bicg
Built bicg executable.
Generated C for 'doitgen' in /home/kleplj/all_hints/optimization/all_hints/PolybenchC-Exo/build/generated/doitgen
Built doitgen executable.
Generated C for 'mvt' in /home/kleplj/all_hints/optimization/all_hints/PolybenchC-Exo/build/generated/mvt
Built mvt executable.
Generated C for 'cholesky' in /home/kleplj/all_hints/optimization/all_hints/PolybenchC-Exo/build/generated/cholesky
Generated C for 'durbin' in /home/kleplj/all_hints/optimization/all_hints/PolybenchC-Exo/build/generated/durbin
Built durbin executable.
Generated C for 'gramschmidt' in /home/kleplj/all_hints/optimization/all_hints/PolybenchC-Exo/build/generated/gramschmidt
Built gramschmidt executable.
Generated C for 'lu' in /home/kleplj/all_hints/optimization/all_hints/PolybenchC-Exo/build/generated/lu
Built lu executable.
Generated C for 'ludcmp' in /home/kleplj/all_hints/optimization/all_hints/PolybenchC-Exo/build/generated/ludcmp
Generated C for 'trisolv' in /home/kleplj/all_hints/optimization/all_hints/PolybenchC-Exo/build/generated/trisolv
Built trisolv executable.
Generated C for 'correlation' in /home/kleplj/all_hints/optimization/all_hints/PolybenchC-Exo/build/generated/correlation
Built correlation executable.
Generated C for 'adi' in /home/kleplj/all_hints/optimization/all_hints/PolybenchC-Exo/build/generated/adi
Built adi executable.
Generated C for 'fdtd-2d' in /home/kleplj/all_hints/optimization/all_hints/PolybenchC-Exo/build/generated/fdtd-2d
Built fdtd-2d executable.
Generated C for 'jacobi-1d' in /home/kleplj/all_hints/optimization/all_hints/PolybenchC-Exo/build/generated/jacobi-1d
Built jacobi-1d executable.
Generated C for 'floyd-warshall' in /home/kleplj/all_hints/optimization/all_hints/PolybenchC-Exo/build/generated/floyd-warshall
Built floyd-warshall executable.
Exo build complete. Generated sources in: /home/kleplj/all_hints/optimization/all_hints/PolybenchC-Exo/build
Removing temp dir /tmp/slurm.150865/tmp.LUT81zIw3L
exo,all_hints,2mm,0.000056,0.357,valid,4,MINI
exo,all_hints,2mm,1,0.000059,4,MINI
exo,all_hints,2mm,2,0.000058,4,MINI
exo,all_hints,2mm,3,0.000053,4,MINI
exo,all_hints,2mm,4,0.000059,4,MINI
exo,all_hints,2mm,5,0.000059,4,MINI
exo,all_hints,3mm,0.000101,0.307,valid,4,MINI
exo,all_hints,3mm,1,0.000108,4,MINI
exo,all_hints,3mm,2,0.000107,4,MINI
exo,all_hints,3mm,3,0.000098,4,MINI
exo,all_hints,3mm,4,0.000106,4,MINI
exo,all_hints,3mm,5,0.000097,4,MINI
exo,all_hints,adi,0.001269,,invalid,4,MINI
exo,all_hints,atax,0.000032,0.094,valid,4,MINI
exo,all_hints,atax,1,0.000046,4,MINI
exo,all_hints,atax,2,0.000037,4,MINI
exo,all_hints,atax,3,0.000078,4,MINI
exo,all_hints,atax,4,0.000035,4,MINI
exo,all_hints,atax,5,0.000033,4,MINI
exo,all_hints,bicg,0.000035,0.171,valid,4,MINI
exo,all_hints,bicg,1,0.000034,4,MINI
exo,all_hints,bicg,2,0.000035,4,MINI
exo,all_hints,bicg,3,0.000034,4,MINI
exo,all_hints,bicg,4,0.000033,4,MINI
exo,all_hints,bicg,5,0.000034,4,MINI
exo,all_hints,cholesky,,,illegal,4,MINI
exo,all_hints,correlation,0.000212,0.108,valid,4,MINI
exo,all_hints,correlation,1,0.000175,4,MINI
exo,all_hints,correlation,2,0.000183,4,MINI
exo,all_hints,correlation,3,0.000137,4,MINI
exo,all_hints,correlation,4,0.000204,4,MINI
exo,all_hints,correlation,5,0.000175,4,MINI
exo,all_hints,covariance,,,illegal,4,MINI
exo,all_hints,deriche,,,illegal,4,MINI
exo,all_hints,doitgen,0.000311,0.035,valid,4,MINI
exo,all_hints,doitgen,1,0.000429,4,MINI
exo,all_hints,doitgen,2,0.000380,4,MINI
exo,all_hints,doitgen,3,0.000340,4,MINI
exo,all_hints,doitgen,4,0.000320,4,MINI
exo,all_hints,doitgen,5,0.000349,4,MINI
exo,all_hints,durbin,0.003056,,invalid,4,MINI
exo,all_hints,fdtd-2d,0.002020,0.014,valid,4,MINI
exo,all_hints,fdtd-2d,1,0.002068,4,MINI
exo,all_hints,fdtd-2d,2,0.001989,4,MINI
exo,all_hints,fdtd-2d,3,0.002006,4,MINI
exo,all_hints,fdtd-2d,4,0.002005,4,MINI
exo,all_hints,fdtd-2d,5,0.001997,4,MINI
exo,all_hints,floyd-warshall,0.001750,0.139,valid,4,MINI
exo,all_hints,floyd-warshall,1,0.001772,4,MINI
exo,all_hints,floyd-warshall,2,0.001821,4,MINI
exo,all_hints,floyd-warshall,3,0.001739,4,MINI
exo,all_hints,floyd-warshall,4,0.001841,4,MINI
exo,all_hints,floyd-warshall,5,0.001731,4,MINI
exo,all_hints,gemm,0.000037,0.135,valid,4,MINI
exo,all_hints,gemm,1,0.000035,4,MINI
exo,all_hints,gemm,2,0.000037,4,MINI
exo,all_hints,gemm,3,0.000036,4,MINI
exo,all_hints,gemm,4,0.000033,4,MINI
exo,all_hints,gemm,5,0.000038,4,MINI
exo,all_hints,gemver,0.000057,0.105,valid,4,MINI
exo,all_hints,gemver,1,0.000059,4,MINI
exo,all_hints,gemver,2,0.000061,4,MINI
exo,all_hints,gemver,3,0.000059,4,MINI
exo,all_hints,gemver,4,0.000061,4,MINI
exo,all_hints,gemver,5,0.000059,4,MINI
exo,all_hints,gesummv,0.000030,0.100,valid,4,MINI
exo,all_hints,gesummv,1,0.000027,4,MINI
exo,all_hints,gesummv,2,0.000031,4,MINI
exo,all_hints,gesummv,3,0.000105,4,MINI
exo,all_hints,gesummv,4,0.000032,4,MINI
exo,all_hints,gesummv,5,0.000031,4,MINI
exo,all_hints,gramschmidt,0.011787,,invalid,4,MINI
exo,all_hints,heat-3d,,,illegal,4,MINI
exo,all_hints,jacobi-1d,0.001003,0.001,valid,4,MINI
exo,all_hints,jacobi-1d,1,0.001011,4,MINI
exo,all_hints,jacobi-1d,2,0.001031,4,MINI
exo,all_hints,jacobi-1d,3,0.001083,4,MINI
exo,all_hints,jacobi-1d,4,0.001009,4,MINI
exo,all_hints,jacobi-1d,5,0.001009,4,MINI
exo,all_hints,jacobi-2d,,,illegal,4,MINI
exo,all_hints,lu,0.017221,0.002,valid,4,MINI
exo,all_hints,lu,1,0.017041,4,MINI
exo,all_hints,lu,2,0.017316,4,MINI
exo,all_hints,lu,3,0.017696,4,MINI
exo,all_hints,lu,4,0.017505,4,MINI
exo,all_hints,lu,5,0.017131,4,MINI
exo,all_hints,ludcmp,,,illegal,4,MINI
exo,all_hints,mvt,0.000055,0.109,valid,4,MINI
exo,all_hints,mvt,1,0.000058,4,MINI
exo,all_hints,mvt,2,0.000059,4,MINI
exo,all_hints,mvt,3,0.000055,4,MINI
exo,all_hints,mvt,4,0.000055,4,MINI
exo,all_hints,mvt,5,0.000056,4,MINI
exo,all_hints,nussinov,,,illegal,4,MINI
exo,all_hints,seidel-2d,,,illegal,4,MINI
exo,all_hints,symm,,,illegal,4,MINI
exo,all_hints,syr2k,0.000033,0.424,valid,4,MINI
exo,all_hints,syr2k,1,0.000031,4,MINI
exo,all_hints,syr2k,2,0.000030,4,MINI
exo,all_hints,syr2k,3,0.000032,4,MINI
exo,all_hints,syr2k,4,0.000033,4,MINI
exo,all_hints,syr2k,5,0.000033,4,MINI
exo,all_hints,syrk,0.000036,0.222,valid,4,MINI
exo,all_hints,syrk,1,0.000050,4,MINI
exo,all_hints,syrk,2,0.000036,4,MINI
exo,all_hints,syrk,3,0.000035,4,MINI
exo,all_hints,syrk,4,0.000035,4,MINI
exo,all_hints,syrk,5,0.000036,4,MINI
exo,all_hints,trisolv,0.000002,1.000,valid,4,MINI
exo,all_hints,trisolv,1,0.000003,4,MINI
exo,all_hints,trisolv,2,0.000002,4,MINI
exo,all_hints,trisolv,3,0.000002,4,MINI
exo,all_hints,trisolv,4,0.000002,4,MINI
exo,all_hints,trisolv,5,0.000003,4,MINI
exo,all_hints,trmm,0.004148,0.002,valid,4,MINI
exo,all_hints,trmm,1,0.004137,4,MINI
exo,all_hints,trmm,2,0.004088,4,MINI
exo,all_hints,trmm,3,0.004034,4,MINI
exo,all_hints,trmm,4,0.004021,4,MINI
exo,all_hints,trmm,5,0.004216,4,MINI
Generated C for 'gemm' in /home/kleplj/all_hints/optimization/all_hints/PolybenchC-Exo/build/generated/gemm
Built gemm executable.
Generated C for 'gemver' in /home/kleplj/all_hints/optimization/all_hints/PolybenchC-Exo/build/generated/gemver
Built gemver executable.
Generated C for 'gesummv' in /home/kleplj/all_hints/optimization/all_hints/PolybenchC-Exo/build/generated/gesummv
Built gesummv executable.
Generated C for 'symm' in /home/kleplj/all_hints/optimization/all_hints/PolybenchC-Exo/build/generated/symm
Built symm executable.
Generated C for 'syr2k' in /home/kleplj/all_hints/optimization/all_hints/PolybenchC-Exo/build/generated/syr2k
Built syr2k executable.
No proc named 'kernel_syrk' found in 'linear-algebra/blas/syrk/syrk.c'
Generated C for '2mm' in /home/kleplj/all_hints/optimization/all_hints/PolybenchC-Exo/build/generated/2mm
Built 2mm executable.
Generated C for 'bicg' in /home/kleplj/all_hints/optimization/all_hints/PolybenchC-Exo/build/generated/bicg
Built bicg executable.
Generated C for 'doitgen' in /home/kleplj/all_hints/optimization/all_hints/PolybenchC-Exo/build/generated/doitgen
Built doitgen executable.
Generated C for 'mvt' in /home/kleplj/all_hints/optimization/all_hints/PolybenchC-Exo/build/generated/mvt
Built mvt executable.
Generated C for 'cholesky' in /home/kleplj/all_hints/optimization/all_hints/PolybenchC-Exo/build/generated/cholesky
Built cholesky executable.
Generated C for 'gramschmidt' in /home/kleplj/all_hints/optimization/all_hints/PolybenchC-Exo/build/generated/gramschmidt
Built gramschmidt executable.
Generated C for 'lu' in /home/kleplj/all_hints/optimization/all_hints/PolybenchC-Exo/build/generated/lu
Built lu executable.
Generated C for 'ludcmp' in /home/kleplj/all_hints/optimization/all_hints/PolybenchC-Exo/build/generated/ludcmp
Built ludcmp executable.
Generated C for 'trisolv' in /home/kleplj/all_hints/optimization/all_hints/PolybenchC-Exo/build/generated/trisolv
Built trisolv executable.
Generated C for 'correlation' in /home/kleplj/all_hints/optimization/all_hints/PolybenchC-Exo/build/generated/correlation
Built correlation executable.
Generated C for 'adi' in /home/kleplj/all_hints/optimization/all_hints/PolybenchC-Exo/build/generated/adi
Built adi executable.
Generated C for 'fdtd-2d' in /home/kleplj/all_hints/optimization/all_hints/PolybenchC-Exo/build/generated/fdtd-2d
Built fdtd-2d executable.
Generated C for 'jacobi-1d' in /home/kleplj/all_hints/optimization/all_hints/PolybenchC-Exo/build/generated/jacobi-1d
Built jacobi-1d executable.
Generated C for 'floyd-warshall' in /home/kleplj/all_hints/optimization/all_hints/PolybenchC-Exo/build/generated/floyd-warshall
Built floyd-warshall executable.
Generated C for 'nussinov' in /home/kleplj/all_hints/optimization/all_hints/PolybenchC-Exo/build/generated/nussinov
Built nussinov executable.
Exo build complete. Generated sources in: /home/kleplj/all_hints/optimization/all_hints/PolybenchC-Exo/build
Removing temp dir /tmp/slurm.150865/tmp.JyQDSoLZ36
exo,all_hints,2mm,0.000078,0.256,valid,5,MINI
exo,all_hints,2mm,1,0.000101,5,MINI
exo,all_hints,2mm,2,0.000077,5,MINI
exo,all_hints,2mm,3,0.000077,5,MINI
exo,all_hints,2mm,4,0.000078,5,MINI
exo,all_hints,2mm,5,0.000077,5,MINI
exo,all_hints,3mm,,,illegal,5,MINI
exo,all_hints,adi,0.001141,0.112,valid,5,MINI
exo,all_hints,adi,1,0.001148,5,MINI
exo,all_hints,adi,2,0.001144,5,MINI
exo,all_hints,adi,3,0.001124,5,MINI
exo,all_hints,adi,4,0.001285,5,MINI
exo,all_hints,adi,5,0.001065,5,MINI
exo,all_hints,atax,,,illegal,5,MINI
exo,all_hints,bicg,0.000034,0.176,valid,5,MINI
exo,all_hints,bicg,1,0.000036,5,MINI
exo,all_hints,bicg,2,0.000033,5,MINI
exo,all_hints,bicg,3,0.000034,5,MINI
exo,all_hints,bicg,4,0.000036,5,MINI
exo,all_hints,bicg,5,0.000034,5,MINI
exo,all_hints,cholesky,0.000018,0.833,valid,5,MINI
exo,all_hints,cholesky,1,0.000018,5,MINI
exo,all_hints,cholesky,2,0.000018,5,MINI
exo,all_hints,cholesky,3,0.000017,5,MINI
exo,all_hints,cholesky,4,0.000018,5,MINI
exo,all_hints,cholesky,5,0.000017,5,MINI
exo,all_hints,correlation,0.000117,0.205,valid,5,MINI
exo,all_hints,correlation,1,0.000113,5,MINI
exo,all_hints,correlation,2,0.000114,5,MINI
exo,all_hints,correlation,3,0.000107,5,MINI
exo,all_hints,correlation,4,0.000106,5,MINI
exo,all_hints,correlation,5,0.000109,5,MINI
exo,all_hints,covariance,,,illegal,5,MINI
exo,all_hints,deriche,,,illegal,5,MINI
exo,all_hints,doitgen,0.000335,0.033,valid,5,MINI
exo,all_hints,doitgen,1,0.000333,5,MINI
exo,all_hints,doitgen,2,0.000373,5,MINI
exo,all_hints,doitgen,3,0.000315,5,MINI
exo,all_hints,doitgen,4,0.000307,5,MINI
exo,all_hints,doitgen,5,0.000350,5,MINI
exo,all_hints,durbin,,,illegal,5,MINI
exo,all_hints,fdtd-2d,0.001545,0.019,valid,5,MINI
exo,all_hints,fdtd-2d,1,0.001549,5,MINI
exo,all_hints,fdtd-2d,2,0.001563,5,MINI
exo,all_hints,fdtd-2d,3,0.001554,5,MINI
exo,all_hints,fdtd-2d,4,0.001575,5,MINI
exo,all_hints,fdtd-2d,5,0.001659,5,MINI
exo,all_hints,floyd-warshall,0.001402,0.180,valid,5,MINI
exo,all_hints,floyd-warshall,1,0.001394,5,MINI
exo,all_hints,floyd-warshall,2,0.001372,5,MINI
exo,all_hints,floyd-warshall,3,0.001388,5,MINI
exo,all_hints,floyd-warshall,4,0.001389,5,MINI
exo,all_hints,floyd-warshall,5,0.001426,5,MINI
exo,all_hints,gemm,0.000086,0.058,valid,5,MINI
exo,all_hints,gemm,1,0.000072,5,MINI
exo,all_hints,gemm,2,0.000070,5,MINI
exo,all_hints,gemm,3,0.000069,5,MINI
exo,all_hints,gemm,4,0.000079,5,MINI
exo,all_hints,gemm,5,0.000073,5,MINI
exo,all_hints,gemver,0.000117,0.060,valid,5,MINI
exo,all_hints,gemver,1,0.000126,5,MINI
exo,all_hints,gemver,2,0.000115,5,MINI
exo,all_hints,gemver,3,0.000114,5,MINI
exo,all_hints,gemver,4,0.000111,5,MINI
exo,all_hints,gemver,5,0.000112,5,MINI
exo,all_hints,gesummv,0.000032,0.125,valid,5,MINI
exo,all_hints,gesummv,1,0.000031,5,MINI
exo,all_hints,gesummv,2,0.000028,5,MINI
exo,all_hints,gesummv,3,0.000034,5,MINI
exo,all_hints,gesummv,4,0.000031,5,MINI
exo,all_hints,gesummv,5,0.000031,5,MINI
exo,all_hints,gramschmidt,0.001557,,invalid,5,MINI
exo,all_hints,heat-3d,,,illegal,5,MINI
exo,all_hints,jacobi-1d,0.001004,0.000,valid,5,MINI
exo,all_hints,jacobi-1d,1,0.001002,5,MINI
exo,all_hints,jacobi-1d,2,0.001017,5,MINI
exo,all_hints,jacobi-1d,3,0.001018,5,MINI
exo,all_hints,jacobi-1d,4,0.001033,5,MINI
exo,all_hints,jacobi-1d,5,0.001015,5,MINI
exo,all_hints,jacobi-2d,,,illegal,5,MINI
exo,all_hints,lu,0.000055,0.564,valid,5,MINI
exo,all_hints,lu,1,0.000056,5,MINI
exo,all_hints,lu,2,0.000055,5,MINI
exo,all_hints,lu,3,0.000055,5,MINI
exo,all_hints,lu,4,0.000055,5,MINI
exo,all_hints,lu,5,0.000054,5,MINI
exo,all_hints,ludcmp,0.001106,0.027,valid,5,MINI
exo,all_hints,ludcmp,1,0.001104,5,MINI
exo,all_hints,ludcmp,2,0.001129,5,MINI
exo,all_hints,ludcmp,3,0.001105,5,MINI
exo,all_hints,ludcmp,4,0.001213,5,MINI
exo,all_hints,ludcmp,5,0.001133,5,MINI
exo,all_hints,mvt,0.000034,0.147,valid,5,MINI
exo,all_hints,mvt,1,0.000031,5,MINI
exo,all_hints,mvt,2,0.000058,5,MINI
exo,all_hints,mvt,3,0.000032,5,MINI
exo,all_hints,mvt,4,0.000033,5,MINI
exo,all_hints,mvt,5,0.000033,5,MINI
exo,all_hints,nussinov,0.001451,0.079,valid,5,MINI
exo,all_hints,nussinov,1,0.001391,5,MINI
exo,all_hints,nussinov,2,0.001420,5,MINI
exo,all_hints,nussinov,3,0.001450,5,MINI
exo,all_hints,nussinov,4,0.001402,5,MINI
exo,all_hints,nussinov,5,0.001505,5,MINI
exo,all_hints,seidel-2d,,,illegal,5,MINI
exo,all_hints,symm,0.000040,0.375,valid,5,MINI
exo,all_hints,symm,1,0.000041,5,MINI
exo,all_hints,symm,2,0.000043,5,MINI
exo,all_hints,symm,3,0.000056,5,MINI
exo,all_hints,symm,4,0.000042,5,MINI
exo,all_hints,symm,5,0.000041,5,MINI
exo,all_hints,syr2k,0.000034,0.441,valid,5,MINI
exo,all_hints,syr2k,1,0.000032,5,MINI
exo,all_hints,syr2k,2,0.000033,5,MINI
exo,all_hints,syr2k,3,0.000034,5,MINI
exo,all_hints,syr2k,4,0.000033,5,MINI
exo,all_hints,syr2k,5,0.000035,5,MINI
exo,all_hints,syrk,,,illegal,5,MINI
exo,all_hints,trisolv,0.000002,1.000,valid,5,MINI
exo,all_hints,trisolv,1,0.000001,5,MINI
exo,all_hints,trisolv,2,0.000002,5,MINI
exo,all_hints,trisolv,3,0.000001,5,MINI
exo,all_hints,trisolv,4,0.000002,5,MINI
exo,all_hints,trisolv,5,0.000003,5,MINI
exo,all_hints,trmm,,,illegal,5,MINI
-- The C compiler identification is GNU 15.2.0
-- Detecting C compiler ABI info
-- Detecting C compiler ABI info - done
-- Check for working C compiler: /usr/local/latestgcc/bin/gcc - skipped
-- Detecting C compile features
-- Detecting C compile features - done
-- Configuring done (0.4s)
-- Generating done (0.8s)
-- Build files have been written to: /home/kleplj/all_hints/optimization/all_hints/PolybenchC-4.2.1/build
[  6%] Building C object CMakeFiles/lu.dir/linear-algebra/solvers/lu/lu.c.o
[  6%] Building C object CMakeFiles/correlation.dir/utilities/polybench.c.o
[  6%] Building C object CMakeFiles/correlation.dir/datamining/correlation/correlation.c.o
[  6%] Building C object CMakeFiles/covariance.dir/datamining/covariance/covariance.c.o
[ 14%] Building C object CMakeFiles/ludcmp.dir/linear-algebra/solvers/ludcmp/ludcmp.c.o
[ 14%] Building C object CMakeFiles/lu.dir/utilities/polybench.c.o
[ 14%] Building C object CMakeFiles/gramschmidt.dir/linear-algebra/solvers/gramschmidt/gramschmidt.c.o
[ 14%] Building C object CMakeFiles/covariance.dir/utilities/polybench.c.o
[ 14%] Building C object CMakeFiles/durbin.dir/linear-algebra/solvers/durbin/durbin.c.o
[ 14%] Building C object CMakeFiles/cholesky.dir/linear-algebra/solvers/cholesky/cholesky.c.o
[ 33%] Building C object CMakeFiles/ludcmp.dir/utilities/polybench.c.o
[ 66%] Building C object CMakeFiles/bicg.dir/linear-algebra/kernels/bicg/bicg.c.o
[ 66%] Building C object CMakeFiles/trmm.dir/linear-algebra/blas/trmm/trmm.c.o
[ 66%] Building C object CMakeFiles/syr2k.dir/utilities/polybench.c.o
[ 66%] Building C object CMakeFiles/syr2k.dir/linear-algebra/blas/syr2k/syr2k.c.o
[ 66%] Building C object CMakeFiles/syrk.dir/linear-algebra/blas/syrk/syrk.c.o
[ 66%] Building C object CMakeFiles/gemm.dir/utilities/polybench.c.o
[ 66%] Building C object CMakeFiles/gemver.dir/linear-algebra/blas/gemver/gemver.c.o
[ 66%] Building C object CMakeFiles/gesummv.dir/linear-algebra/blas/gesummv/gesummv.c.o
[ 66%] Building C object CMakeFiles/trisolv.dir/utilities/polybench.c.o
[ 66%] Building C object CMakeFiles/gemm.dir/linear-algebra/blas/gemm/gemm.c.o
[ 66%] Building C object CMakeFiles/gemver.dir/utilities/polybench.c.o
[ 66%] Building C object CMakeFiles/durbin.dir/utilities/polybench.c.o
[ 66%] Building C object CMakeFiles/gramschmidt.dir/utilities/polybench.c.o
[ 66%] Building C object CMakeFiles/gesummv.dir/utilities/polybench.c.o
[ 66%] Building C object CMakeFiles/cholesky.dir/utilities/polybench.c.o
[ 66%] Building C object CMakeFiles/trisolv.dir/linear-algebra/solvers/trisolv/trisolv.c.o
[ 66%] Building C object CMakeFiles/jacobi-1d.dir/stencils/jacobi-1d/jacobi-1d.c.o
[ 66%] Building C object CMakeFiles/fdtd-2d.dir/utilities/polybench.c.o
[ 66%] Building C object CMakeFiles/heat-3d.dir/utilities/polybench.c.o
[ 66%] Building C object CMakeFiles/jacobi-1d.dir/utilities/polybench.c.o
[ 66%] Building C object CMakeFiles/jacobi-2d.dir/stencils/jacobi-2d/jacobi-2d.c.o
[ 66%] Building C object CMakeFiles/heat-3d.dir/stencils/heat-3d/heat-3d.c.o
[ 66%] Building C object CMakeFiles/seidel-2d.dir/stencils/seidel-2d/seidel-2d.c.o
[ 66%] Building C object CMakeFiles/jacobi-2d.dir/utilities/polybench.c.o
[ 66%] Building C object CMakeFiles/seidel-2d.dir/utilities/polybench.c.o
[ 66%] Building C object CMakeFiles/floyd-warshall.dir/utilities/polybench.c.o
[ 66%] Building C object CMakeFiles/floyd-warshall.dir/medley/floyd-warshall/floyd-warshall.c.o
[ 66%] Building C object CMakeFiles/deriche.dir/utilities/polybench.c.o
[ 66%] Building C object CMakeFiles/2mm.dir/utilities/polybench.c.o
[ 66%] Building C object CMakeFiles/fdtd-2d.dir/stencils/fdtd-2d/fdtd-2d.c.o
[ 66%] Building C object CMakeFiles/doitgen.dir/utilities/polybench.c.o
[ 66%] Building C object CMakeFiles/doitgen.dir/linear-algebra/kernels/doitgen/doitgen.c.o
[ 66%] Building C object CMakeFiles/3mm.dir/utilities/polybench.c.o
[ 66%] Building C object CMakeFiles/2mm.dir/linear-algebra/kernels/2mm/2mm.c.o
[ 66%] Building C object CMakeFiles/nussinov.dir/medley/nussinov/nussinov.c.o
[ 66%] Building C object CMakeFiles/deriche.dir/medley/deriche/deriche.c.o
[ 66%] Building C object CMakeFiles/nussinov.dir/utilities/polybench.c.o
[ 66%] Building C object CMakeFiles/atax.dir/linear-algebra/kernels/atax/atax.c.o
[ 66%] Building C object CMakeFiles/3mm.dir/linear-algebra/kernels/3mm/3mm.c.o
[ 66%] Building C object CMakeFiles/bicg.dir/utilities/polybench.c.o
[ 66%] Building C object CMakeFiles/adi.dir/utilities/polybench.c.o
[ 66%] Building C object CMakeFiles/symm.dir/linear-algebra/blas/symm/symm.c.o
[ 66%] Building C object CMakeFiles/atax.dir/utilities/polybench.c.o
[ 66%] Building C object CMakeFiles/mvt.dir/utilities/polybench.c.o
[ 66%] Building C object CMakeFiles/mvt.dir/linear-algebra/kernels/mvt/mvt.c.o
[ 66%] Building C object CMakeFiles/syrk.dir/utilities/polybench.c.o
[ 66%] Building C object CMakeFiles/symm.dir/utilities/polybench.c.o
[ 66%] Building C object CMakeFiles/trmm.dir/utilities/polybench.c.o
[ 66%] Building C object CMakeFiles/adi.dir/stencils/adi/adi.c.o
[ 67%] Linking C executable nussinov
[ 68%] Linking C executable atax
[ 70%] Linking C executable correlation
[ 71%] Linking C executable trisolv
[ 73%] Linking C executable adi
[ 73%] Linking C executable syrk
[ 74%] Linking C executable jacobi-1d
[ 75%] Linking C executable jacobi-2d
[ 76%] Linking C executable deriche
[ 78%] Built target nussinov
[ 78%] Linking C executable gesummv
[ 78%] Linking C executable lu
[ 80%] Linking C executable durbin
[ 81%] Linking C executable trmm
[ 81%] Built target atax
[ 83%] Linking C executable floyd-warshall
[ 83%] Linking C executable mvt
[ 84%] Linking C executable bicg
[ 86%] Built target trisolv
[ 86%] Built target correlation
[ 86%] Linking C executable doitgen
[ 87%] Linking C executable seidel-2d
[ 87%] Linking C executable cholesky
[ 88%] Built target adi
[ 88%] Built target syrk
[ 88%] Linking C executable 2mm
[ 88%] Built target jacobi-1d
[ 90%] Built target jacobi-2d
[ 90%] Linking C executable gramschmidt
[ 91%] Linking C executable gemm
[ 91%] Built target deriche
[ 91%] Built target gesummv
[ 91%] Built target lu
[ 93%] Linking C executable fdtd-2d
[ 93%] Linking C executable gemver
[ 93%] Built target trmm
[ 93%] Built target durbin
[ 94%] Linking C executable syr2k
[ 94%] Built target mvt
[ 94%] Built target floyd-warshall
[ 94%] Built target bicg
[ 95%] Linking C executable symm
[ 95%] Built target doitgen
[ 95%] Built target cholesky
[ 95%] Built target seidel-2d
[ 95%] Built target 2mm
[ 96%] Linking C executable heat-3d
[ 97%] Linking C executable 3mm
[ 97%] Built target gramschmidt
[ 97%] Built target gemm
[ 98%] Linking C executable covariance
[ 98%] Built target gemver
[ 98%] Built target fdtd-2d
[ 98%] Built target syr2k
[ 98%] Built target symm
[100%] Linking C executable ludcmp
[100%] Built target heat-3d
[100%] Built target 3mm
[100%] Built target covariance
[100%] Built target ludcmp
Skipping c all_hints 2mm repetition 1 for dataset size MINI (already done).
Skipping c all_hints 2mm repetition 1 for dataset size MINI (already done).
Skipping c all_hints 3mm repetition 1 for dataset size MINI (already done).
Skipping c all_hints 3mm repetition 1 for dataset size MINI (already done).
Skipping c all_hints adi repetition 1 for dataset size MINI (already done).
Skipping c all_hints adi repetition 1 for dataset size MINI (already done).
Skipping c all_hints atax repetition 1 for dataset size MINI (already done).
Skipping c all_hints atax repetition 1 for dataset size MINI (already done).
Skipping c all_hints bicg repetition 1 for dataset size MINI (already done).
Skipping c all_hints bicg repetition 1 for dataset size MINI (already done).
Skipping c all_hints cholesky repetition 1 for dataset size MINI (already done).
Skipping c all_hints cholesky repetition 1 for dataset size MINI (already done).
Skipping c all_hints correlation repetition 1 for dataset size MINI (already done).
Skipping c all_hints correlation repetition 1 for dataset size MINI (already done).
Skipping c all_hints covariance repetition 1 for dataset size MINI (already done).
Skipping c all_hints covariance repetition 1 for dataset size MINI (already done).
Skipping c all_hints deriche repetition 1 for dataset size MINI (already done).
Skipping c all_hints deriche repetition 1 for dataset size MINI (already done).
Skipping c all_hints doitgen repetition 1 for dataset size MINI (already done).
Skipping c all_hints doitgen repetition 1 for dataset size MINI (already done).
Skipping c all_hints durbin repetition 1 for dataset size MINI (already done).
Skipping c all_hints durbin repetition 1 for dataset size MINI (already done).
Skipping c all_hints fdtd-2d repetition 1 for dataset size MINI (already done).
Skipping c all_hints fdtd-2d repetition 1 for dataset size MINI (already done).
Skipping c all_hints floyd-warshall repetition 1 for dataset size MINI (already done).
Skipping c all_hints floyd-warshall repetition 1 for dataset size MINI (already done).
Skipping c all_hints gemm repetition 1 for dataset size MINI (already done).
Skipping c all_hints gemm repetition 1 for dataset size MINI (already done).
Skipping c all_hints gemver repetition 1 for dataset size MINI (already done).
Skipping c all_hints gemver repetition 1 for dataset size MINI (already done).
Skipping c all_hints gesummv repetition 1 for dataset size MINI (already done).
Skipping c all_hints gesummv repetition 1 for dataset size MINI (already done).
Skipping c all_hints heat-3d repetition 1 for dataset size MINI (already done).
Skipping c all_hints heat-3d repetition 1 for dataset size MINI (already done).
Skipping c all_hints jacobi-1d repetition 1 for dataset size MINI (already done).
Skipping c all_hints jacobi-1d repetition 1 for dataset size MINI (already done).
Skipping c all_hints jacobi-2d repetition 1 for dataset size MINI (already done).
Skipping c all_hints jacobi-2d repetition 1 for dataset size MINI (already done).
Skipping c all_hints lu repetition 1 for dataset size MINI (already done).
Skipping c all_hints lu repetition 1 for dataset size MINI (already done).
Skipping c all_hints ludcmp repetition 1 for dataset size MINI (already done).
Skipping c all_hints ludcmp repetition 1 for dataset size MINI (already done).
Skipping c all_hints mvt repetition 1 for dataset size MINI (already done).
Skipping c all_hints mvt repetition 1 for dataset size MINI (already done).
Skipping c all_hints nussinov repetition 1 for dataset size MINI (already done).
Skipping c all_hints nussinov repetition 1 for dataset size MINI (already done).
Skipping c all_hints seidel-2d repetition 1 for dataset size MINI (already done).
Skipping c all_hints seidel-2d repetition 1 for dataset size MINI (already done).
Skipping c all_hints symm repetition 1 for dataset size MINI (already done).
Skipping c all_hints symm repetition 1 for dataset size MINI (already done).
Skipping c all_hints syr2k repetition 1 for dataset size MINI (already done).
Skipping c all_hints syr2k repetition 1 for dataset size MINI (already done).
Skipping c all_hints syrk repetition 1 for dataset size MINI (already done).
Skipping c all_hints syrk repetition 1 for dataset size MINI (already done).
Skipping c all_hints trmm repetition 1 for dataset size MINI (already done).
Skipping c all_hints trmm repetition 1 for dataset size MINI (already done).
-- The C compiler identification is GNU 15.2.0
-- Detecting C compiler ABI info
-- Detecting C compiler ABI info - done
-- Check for working C compiler: /usr/local/latestgcc/bin/gcc - skipped
-- Detecting C compile features
-- Detecting C compile features - done
-- Configuring done (0.4s)
-- Generating done (0.8s)
-- Build files have been written to: /home/kleplj/all_hints/optimization/all_hints/PolybenchC-4.2.1/build
[  2%] Building C object CMakeFiles/covariance.dir/datamining/covariance/covariance.c.o
[  3%] Building C object CMakeFiles/covariance.dir/utilities/polybench.c.o
[ 10%] Building C object CMakeFiles/cholesky.dir/linear-algebra/solvers/cholesky/cholesky.c.o
[ 10%] Building C object CMakeFiles/correlation.dir/datamining/correlation/correlation.c.o
[ 10%] Building C object CMakeFiles/lu.dir/utilities/polybench.c.o
[ 10%] Building C object CMakeFiles/lu.dir/linear-algebra/solvers/lu/lu.c.o
[ 18%] Building C object CMakeFiles/cholesky.dir/utilities/polybench.c.o
[ 38%] Building C object CMakeFiles/correlation.dir/utilities/polybench.c.o
[ 38%] Building C object CMakeFiles/durbin.dir/linear-algebra/solvers/durbin/durbin.c.o
[ 38%] Building C object CMakeFiles/ludcmp.dir/linear-algebra/solvers/ludcmp/ludcmp.c.o
[ 38%] Building C object CMakeFiles/trisolv.dir/linear-algebra/solvers/trisolv/trisolv.c.o
[ 38%] Building C object CMakeFiles/durbin.dir/utilities/polybench.c.o
[ 38%] Building C object CMakeFiles/gramschmidt.dir/linear-algebra/solvers/gramschmidt/gramschmidt.c.o
[ 38%] Building C object CMakeFiles/syr2k.dir/linear-algebra/blas/syr2k/syr2k.c.o
[ 66%] Building C object CMakeFiles/syr2k.dir/utilities/polybench.c.o
[ 66%] Building C object CMakeFiles/bicg.dir/linear-algebra/kernels/bicg/bicg.c.o
[ 66%] Building C object CMakeFiles/gemver.dir/linear-algebra/blas/gemver/gemver.c.o
[ 66%] Building C object CMakeFiles/gesummv.dir/utilities/polybench.c.o
[ 66%] Building C object CMakeFiles/gramschmidt.dir/utilities/polybench.c.o
[ 66%] Building C object CMakeFiles/syrk.dir/utilities/polybench.c.o
[ 66%] Building C object CMakeFiles/trisolv.dir/utilities/polybench.c.o
[ 66%] Building C object CMakeFiles/gemm.dir/utilities/polybench.c.o
[ 66%] Building C object CMakeFiles/atax.dir/linear-algebra/kernels/atax/atax.c.o
[ 66%] Building C object CMakeFiles/gemm.dir/linear-algebra/blas/gemm/gemm.c.o
[ 66%] Building C object CMakeFiles/heat-3d.dir/utilities/polybench.c.o
[ 66%] Building C object CMakeFiles/jacobi-2d.dir/utilities/polybench.c.o
[ 66%] Building C object CMakeFiles/jacobi-2d.dir/stencils/jacobi-2d/jacobi-2d.c.o
[ 66%] Building C object CMakeFiles/jacobi-1d.dir/utilities/polybench.c.o
[ 66%] Building C object CMakeFiles/floyd-warshall.dir/utilities/polybench.c.o
[ 66%] Building C object CMakeFiles/heat-3d.dir/stencils/heat-3d/heat-3d.c.o
[ 66%] Building C object CMakeFiles/seidel-2d.dir/stencils/seidel-2d/seidel-2d.c.o
[ 66%] Building C object CMakeFiles/fdtd-2d.dir/utilities/polybench.c.o
[ 66%] Building C object CMakeFiles/jacobi-1d.dir/stencils/jacobi-1d/jacobi-1d.c.o
[ 66%] Building C object CMakeFiles/floyd-warshall.dir/medley/floyd-warshall/floyd-warshall.c.o
[ 66%] Building C object CMakeFiles/3mm.dir/utilities/polybench.c.o
[ 66%] Building C object CMakeFiles/nussinov.dir/utilities/polybench.c.o
[ 66%] Building C object CMakeFiles/nussinov.dir/medley/nussinov/nussinov.c.o
[ 66%] Building C object CMakeFiles/mvt.dir/linear-algebra/kernels/mvt/mvt.c.o
[ 66%] Building C object CMakeFiles/2mm.dir/utilities/polybench.c.o
[ 66%] Building C object CMakeFiles/deriche.dir/utilities/polybench.c.o
[ 66%] Building C object CMakeFiles/atax.dir/utilities/polybench.c.o
[ 66%] Building C object CMakeFiles/doitgen.dir/linear-algebra/kernels/doitgen/doitgen.c.o
[ 66%] Building C object CMakeFiles/mvt.dir/utilities/polybench.c.o
[ 66%] Building C object CMakeFiles/2mm.dir/linear-algebra/kernels/2mm/2mm.c.o
[ 66%] Building C object CMakeFiles/deriche.dir/medley/deriche/deriche.c.o
[ 66%] Building C object CMakeFiles/adi.dir/utilities/polybench.c.o
[ 66%] Building C object CMakeFiles/3mm.dir/linear-algebra/kernels/3mm/3mm.c.o
[ 66%] Building C object CMakeFiles/ludcmp.dir/utilities/polybench.c.o
[ 66%] Building C object CMakeFiles/symm.dir/utilities/polybench.c.o
[ 66%] Building C object CMakeFiles/trmm.dir/linear-algebra/blas/trmm/trmm.c.o
[ 66%] Building C object CMakeFiles/fdtd-2d.dir/stencils/fdtd-2d/fdtd-2d.c.o
[ 66%] Building C object CMakeFiles/gemver.dir/utilities/polybench.c.o
[ 66%] Building C object CMakeFiles/adi.dir/stencils/adi/adi.c.o
[ 66%] Building C object CMakeFiles/gesummv.dir/linear-algebra/blas/gesummv/gesummv.c.o
[ 66%] Building C object CMakeFiles/bicg.dir/utilities/polybench.c.o
[ 66%] Building C object CMakeFiles/symm.dir/linear-algebra/blas/symm/symm.c.o
[ 66%] Building C object CMakeFiles/doitgen.dir/utilities/polybench.c.o
[ 66%] Building C object CMakeFiles/seidel-2d.dir/utilities/polybench.c.o
[ 66%] Building C object CMakeFiles/syrk.dir/linear-algebra/blas/syrk/syrk.c.o
[ 66%] Building C object CMakeFiles/trmm.dir/utilities/polybench.c.o
[ 67%] Linking C executable seidel-2d
[ 68%] Linking C executable trisolv
[ 70%] Linking C executable jacobi-1d
[ 72%] Linking C executable syrk
[ 72%] Linking C executable covariance
[ 73%] Linking C executable deriche
[ 73%] Built target seidel-2d
[ 74%] Linking C executable gesummv
[ 74%] Built target trisolv
[ 75%] Linking C executable syr2k
[ 76%] Linking C executable 2mm
[ 78%] Built target jacobi-1d
[ 78%] Linking C executable correlation
[ 78%] Linking C executable symm
[ 80%] Linking C executable cholesky
[ 80%] Built target syrk
[ 80%] Built target covariance
[ 82%] Linking C executable trmm
[ 82%] Linking C executable gemm
[ 82%] Built target deriche
[ 83%] Linking C executable fdtd-2d
[ 85%] Linking C executable lu
[ 85%] Linking C executable mvt
[ 86%] Linking C executable adi
[ 87%] Built target gesummv
[ 87%] Linking C executable atax
[ 87%] Built target syr2k
[ 87%] Built target 2mm
[ 88%] Linking C executable jacobi-2d
[ 90%] Linking C executable 3mm
[ 90%] Built target symm
[ 90%] Built target correlation
[ 91%] Built target cholesky
[ 91%] Linking C executable gramschmidt
[ 91%] Built target trmm
[ 91%] Built target gemm
[ 92%] Linking C executable doitgen
[ 92%] Built target fdtd-2d
[ 92%] Built target mvt
[ 93%] Built target lu
[ 93%] Linking C executable gemver
[ 93%] Built target adi
[ 93%] Built target atax
[ 93%] Built target jacobi-2d
[ 93%] Built target 3mm
[ 93%] Built target gramschmidt
[ 94%] Linking C executable floyd-warshall
[ 94%] Built target doitgen
[ 94%] Built target gemver
[ 95%] Linking C executable ludcmp
[ 95%] Built target floyd-warshall
[ 95%] Built target ludcmp
Skipping c all_hints 2mm repetition 2 for dataset size MINI (already done).
Skipping c all_hints 2mm repetition 2 for dataset size MINI (already done).
Skipping c all_hints 3mm repetition 2 for dataset size MINI (already done).
Skipping c all_hints 3mm repetition 2 for dataset size MINI (already done).
Skipping c all_hints adi repetition 2 for dataset size MINI (already done).
Skipping c all_hints adi repetition 2 for dataset size MINI (already done).
Skipping c all_hints atax repetition 2 for dataset size MINI (already done).
Skipping c all_hints atax repetition 2 for dataset size MINI (already done).
Skipping c all_hints cholesky repetition 2 for dataset size MINI (already done).
Skipping c all_hints cholesky repetition 2 for dataset size MINI (already done).
Skipping c all_hints correlation repetition 2 for dataset size MINI (already done).
Skipping c all_hints correlation repetition 2 for dataset size MINI (already done).
Skipping c all_hints covariance repetition 2 for dataset size MINI (already done).
Skipping c all_hints covariance repetition 2 for dataset size MINI (already done).
Skipping c all_hints deriche repetition 2 for dataset size MINI (already done).
Skipping c all_hints deriche repetition 2 for dataset size MINI (already done).
Skipping c all_hints doitgen repetition 2 for dataset size MINI (already done).
Skipping c all_hints doitgen repetition 2 for dataset size MINI (already done).
Skipping c all_hints fdtd-2d repetition 2 for dataset size MINI (already done).
Skipping c all_hints fdtd-2d repetition 2 for dataset size MINI (already done).
Skipping c all_hints floyd-warshall repetition 2 for dataset size MINI (already done).
Skipping c all_hints floyd-warshall repetition 2 for dataset size MINI (already done).
Skipping c all_hints gemm repetition 2 for dataset size MINI (already done).
Skipping c all_hints gemm repetition 2 for dataset size MINI (already done).
Skipping c all_hints gemver repetition 2 for dataset size MINI (already done).
Skipping c all_hints gemver repetition 2 for dataset size MINI (already done).
Skipping c all_hints gesummv repetition 2 for dataset size MINI (already done).
Skipping c all_hints gesummv repetition 2 for dataset size MINI (already done).
Skipping c all_hints jacobi-1d repetition 2 for dataset size MINI (already done).
Skipping c all_hints jacobi-1d repetition 2 for dataset size MINI (already done).
Skipping c all_hints jacobi-2d repetition 2 for dataset size MINI (already done).
Skipping c all_hints jacobi-2d repetition 2 for dataset size MINI (already done).
Skipping c all_hints lu repetition 2 for dataset size MINI (already done).
Skipping c all_hints lu repetition 2 for dataset size MINI (already done).
Skipping c all_hints ludcmp repetition 2 for dataset size MINI (already done).
Skipping c all_hints ludcmp repetition 2 for dataset size MINI (already done).
Skipping c all_hints mvt repetition 2 for dataset size MINI (already done).
Skipping c all_hints mvt repetition 2 for dataset size MINI (already done).
Skipping c all_hints seidel-2d repetition 2 for dataset size MINI (already done).
Skipping c all_hints seidel-2d repetition 2 for dataset size MINI (already done).
Skipping c all_hints symm repetition 2 for dataset size MINI (already done).
Skipping c all_hints symm repetition 2 for dataset size MINI (already done).
Skipping c all_hints syr2k repetition 2 for dataset size MINI (already done).
Skipping c all_hints syr2k repetition 2 for dataset size MINI (already done).
Skipping c all_hints syrk repetition 2 for dataset size MINI (already done).
Skipping c all_hints syrk repetition 2 for dataset size MINI (already done).
Skipping c all_hints trmm repetition 2 for dataset size MINI (already done).
Skipping c all_hints trmm repetition 2 for dataset size MINI (already done).
-- The C compiler identification is GNU 15.2.0
-- Detecting C compiler ABI info
-- Detecting C compiler ABI info - done
-- Check for working C compiler: /usr/local/latestgcc/bin/gcc - skipped
-- Detecting C compile features
-- Detecting C compile features - done
-- Configuring done (0.4s)
-- Generating done (0.8s)
-- Build files have been written to: /home/kleplj/all_hints/optimization/all_hints/PolybenchC-4.2.1/build
[  3%] Building C object CMakeFiles/correlation.dir/datamining/correlation/correlation.c.o
[  4%] Building C object CMakeFiles/correlation.dir/utilities/polybench.c.o
[  8%] Building C object CMakeFiles/covariance.dir/datamining/covariance/covariance.c.o
[  8%] Building C object CMakeFiles/lu.dir/utilities/polybench.c.o
[  8%] Building C object CMakeFiles/lu.dir/linear-algebra/solvers/lu/lu.c.o
[ 21%] Building C object CMakeFiles/trisolv.dir/linear-algebra/solvers/trisolv/trisolv.c.o
[ 47%] Building C object CMakeFiles/ludcmp.dir/linear-algebra/solvers/ludcmp/ludcmp.c.o
[ 47%] Building C object CMakeFiles/durbin.dir/utilities/polybench.c.o
[ 47%] Building C object CMakeFiles/durbin.dir/linear-algebra/solvers/durbin/durbin.c.o
[ 47%] Building C object CMakeFiles/gramschmidt.dir/utilities/polybench.c.o
[ 47%] Building C object CMakeFiles/cholesky.dir/linear-algebra/solvers/cholesky/cholesky.c.o
[ 47%] Building C object CMakeFiles/gemver.dir/utilities/polybench.c.o
[ 47%] Building C object CMakeFiles/cholesky.dir/utilities/polybench.c.o
[ 47%] Building C object CMakeFiles/ludcmp.dir/utilities/polybench.c.o
[ 47%] Building C object CMakeFiles/gramschmidt.dir/linear-algebra/solvers/gramschmidt/gramschmidt.c.o
[ 47%] Building C object CMakeFiles/covariance.dir/utilities/polybench.c.o
[ 66%] Building C object CMakeFiles/2mm.dir/utilities/polybench.c.o
[ 66%] Building C object CMakeFiles/3mm.dir/utilities/polybench.c.o
[ 66%] Building C object CMakeFiles/mvt.dir/utilities/polybench.c.o
[ 66%] Building C object CMakeFiles/syr2k.dir/linear-algebra/blas/syr2k/syr2k.c.o
[ 66%] Building C object CMakeFiles/gemm.dir/linear-algebra/blas/gemm/gemm.c.o
[ 66%] Building C object CMakeFiles/bicg.dir/utilities/polybench.c.o
[ 66%] Building C object CMakeFiles/nussinov.dir/medley/nussinov/nussinov.c.o
[ 66%] Building C object CMakeFiles/bicg.dir/linear-algebra/kernels/bicg/bicg.c.o
[ 66%] Building C object CMakeFiles/doitgen.dir/linear-algebra/kernels/doitgen/doitgen.c.o
[ 66%] Building C object CMakeFiles/nussinov.dir/utilities/polybench.c.o
[ 66%] Building C object CMakeFiles/trisolv.dir/utilities/polybench.c.o
[ 66%] Building C object CMakeFiles/syrk.dir/linear-algebra/blas/syrk/syrk.c.o
[ 66%] Building C object CMakeFiles/syr2k.dir/utilities/polybench.c.o
[ 66%] Building C object CMakeFiles/jacobi-2d.dir/utilities/polybench.c.o
[ 66%] Building C object CMakeFiles/seidel-2d.dir/stencils/seidel-2d/seidel-2d.c.o
[ 66%] Building C object CMakeFiles/seidel-2d.dir/utilities/polybench.c.o
[ 66%] Building C object CMakeFiles/fdtd-2d.dir/utilities/polybench.c.o
[ 66%] Building C object CMakeFiles/jacobi-1d.dir/utilities/polybench.c.o
[ 66%] Building C object CMakeFiles/gemm.dir/utilities/polybench.c.o
[ 66%] Building C object CMakeFiles/2mm.dir/linear-algebra/kernels/2mm/2mm.c.o
[ 66%] Building C object CMakeFiles/jacobi-2d.dir/stencils/jacobi-2d/jacobi-2d.c.o
[ 66%] Building C object CMakeFiles/floyd-warshall.dir/utilities/polybench.c.o
[ 66%] Building C object CMakeFiles/floyd-warshall.dir/medley/floyd-warshall/floyd-warshall.c.o
[ 66%] Building C object CMakeFiles/heat-3d.dir/utilities/polybench.c.o
[ 66%] Building C object CMakeFiles/adi.dir/stencils/adi/adi.c.o
[ 66%] Building C object CMakeFiles/gesummv.dir/utilities/polybench.c.o
[ 66%] Building C object CMakeFiles/symm.dir/linear-algebra/blas/symm/symm.c.o
[ 66%] Building C object CMakeFiles/atax.dir/utilities/polybench.c.o
[ 66%] Building C object CMakeFiles/atax.dir/linear-algebra/kernels/atax/atax.c.o
[ 66%] Building C object CMakeFiles/deriche.dir/utilities/polybench.c.o
[ 66%] Building C object CMakeFiles/trmm.dir/linear-algebra/blas/trmm/trmm.c.o
[ 66%] Building C object CMakeFiles/symm.dir/utilities/polybench.c.o
[ 66%] Building C object CMakeFiles/syrk.dir/utilities/polybench.c.o
[ 66%] Building C object CMakeFiles/trmm.dir/utilities/polybench.c.o
[ 66%] Building C object CMakeFiles/heat-3d.dir/stencils/heat-3d/heat-3d.c.o
[ 66%] Building C object CMakeFiles/fdtd-2d.dir/stencils/fdtd-2d/fdtd-2d.c.o
[ 66%] Building C object CMakeFiles/adi.dir/utilities/polybench.c.o
[ 66%] Building C object CMakeFiles/doitgen.dir/utilities/polybench.c.o
[ 66%] Building C object CMakeFiles/mvt.dir/linear-algebra/kernels/mvt/mvt.c.o
[ 66%] Building C object CMakeFiles/gesummv.dir/linear-algebra/blas/gesummv/gesummv.c.o
[ 66%] Building C object CMakeFiles/gemver.dir/linear-algebra/blas/gemver/gemver.c.o
[ 66%] Building C object CMakeFiles/deriche.dir/medley/deriche/deriche.c.o
[ 66%] Building C object CMakeFiles/jacobi-1d.dir/stencils/jacobi-1d/jacobi-1d.c.o
[ 66%] Building C object CMakeFiles/3mm.dir/linear-algebra/kernels/3mm/3mm.c.o
[ 67%] Linking C executable covariance
[ 70%] Linking C executable durbin
[ 70%] Linking C executable seidel-2d
[ 71%] Linking C executable nussinov
[ 72%] Linking C executable trisolv
[ 73%] Linking C executable atax
[ 75%] Linking C executable floyd-warshall
[ 75%] Linking C executable syrk
[ 76%] Built target covariance
[ 76%] Linking C executable correlation
[ 77%] Linking C executable syr2k
[ 78%] Linking C executable lu
[ 80%] Linking C executable mvt
[ 81%] Linking C executable trmm
[ 81%] Built target seidel-2d
[ 81%] Built target durbin
[ 81%] Built target nussinov
[ 82%] Linking C executable gesummv
[ 83%] Linking C executable gemver
[ 85%] Linking C executable bicg
[ 85%] Linking C executable cholesky
[ 86%] Built target trisolv
[ 86%] Linking C executable gramschmidt
[ 86%] Built target atax
[ 87%] Linking C executable deriche
[ 87%] Built target floyd-warshall
[ 87%] Built target syrk
[ 87%] Built target correlation
[ 90%] Linking C executable doitgen
[ 90%] Linking C executable adi
[ 90%] Built target syr2k
[ 90%] Built target lu
[ 90%] Built target mvt
[ 90%] Built target trmm
[ 92%] Linking C executable gemm
[ 92%] Linking C executable 2mm
[ 92%] Built target gemver
[ 92%] Built target gesummv
[ 92%] Built target bicg
[ 92%] Built target cholesky
[ 93%] Linking C executable symm
[ 93%] Built target gramschmidt
[ 93%] Built target deriche
[ 93%] Built target doitgen
[ 93%] Built target adi
[ 94%] Linking C executable heat-3d
[ 94%] Built target gemm
[ 95%] Built target 2mm
[ 95%] Linking C executable jacobi-2d
[ 95%] Built target symm
[ 97%] Linking C executable fdtd-2d
[ 97%] Linking C executable ludcmp
[ 97%] Built target heat-3d
[ 97%] Built target jacobi-2d
[ 97%] Built target fdtd-2d
[ 97%] Built target ludcmp
Skipping c all_hints 2mm repetition 3 for dataset size MINI (already done).
Skipping c all_hints 2mm repetition 3 for dataset size MINI (already done).
Skipping c all_hints adi repetition 3 for dataset size MINI (already done).
Skipping c all_hints adi repetition 3 for dataset size MINI (already done).
Skipping c all_hints atax repetition 3 for dataset size MINI (already done).
Skipping c all_hints atax repetition 3 for dataset size MINI (already done).
Skipping c all_hints bicg repetition 3 for dataset size MINI (already done).
Skipping c all_hints bicg repetition 3 for dataset size MINI (already done).
Skipping c all_hints cholesky repetition 3 for dataset size MINI (already done).
Skipping c all_hints cholesky repetition 3 for dataset size MINI (already done).
Skipping c all_hints correlation repetition 3 for dataset size MINI (already done).
Skipping c all_hints correlation repetition 3 for dataset size MINI (already done).
Skipping c all_hints covariance repetition 3 for dataset size MINI (already done).
Skipping c all_hints covariance repetition 3 for dataset size MINI (already done).
Skipping c all_hints deriche repetition 3 for dataset size MINI (already done).
Skipping c all_hints deriche repetition 3 for dataset size MINI (already done).
Skipping c all_hints doitgen repetition 3 for dataset size MINI (already done).
Skipping c all_hints doitgen repetition 3 for dataset size MINI (already done).
Skipping c all_hints durbin repetition 3 for dataset size MINI (already done).
Skipping c all_hints durbin repetition 3 for dataset size MINI (already done).
Skipping c all_hints floyd-warshall repetition 3 for dataset size MINI (already done).
Skipping c all_hints floyd-warshall repetition 3 for dataset size MINI (already done).
Skipping c all_hints gemm repetition 3 for dataset size MINI (already done).
Skipping c all_hints gemm repetition 3 for dataset size MINI (already done).
Skipping c all_hints gemver repetition 3 for dataset size MINI (already done).
Skipping c all_hints gemver repetition 3 for dataset size MINI (already done).
Skipping c all_hints gesummv repetition 3 for dataset size MINI (already done).
Skipping c all_hints gesummv repetition 3 for dataset size MINI (already done).
Skipping c all_hints heat-3d repetition 3 for dataset size MINI (already done).
Skipping c all_hints heat-3d repetition 3 for dataset size MINI (already done).
Skipping c all_hints jacobi-2d repetition 3 for dataset size MINI (already done).
Skipping c all_hints jacobi-2d repetition 3 for dataset size MINI (already done).
Skipping c all_hints lu repetition 3 for dataset size MINI (already done).
Skipping c all_hints lu repetition 3 for dataset size MINI (already done).
Skipping c all_hints ludcmp repetition 3 for dataset size MINI (already done).
Skipping c all_hints ludcmp repetition 3 for dataset size MINI (already done).
Skipping c all_hints nussinov repetition 3 for dataset size MINI (already done).
Skipping c all_hints nussinov repetition 3 for dataset size MINI (already done).
Skipping c all_hints seidel-2d repetition 3 for dataset size MINI (already done).
Skipping c all_hints seidel-2d repetition 3 for dataset size MINI (already done).
Skipping c all_hints symm repetition 3 for dataset size MINI (already done).
Skipping c all_hints symm repetition 3 for dataset size MINI (already done).
Skipping c all_hints syr2k repetition 3 for dataset size MINI (already done).
Skipping c all_hints syr2k repetition 3 for dataset size MINI (already done).
Skipping c all_hints syrk repetition 3 for dataset size MINI (already done).
Skipping c all_hints syrk repetition 3 for dataset size MINI (already done).
Skipping c all_hints trisolv repetition 3 for dataset size MINI (already done).
Skipping c all_hints trisolv repetition 3 for dataset size MINI (already done).
Skipping c all_hints trmm repetition 3 for dataset size MINI (already done).
Skipping c all_hints trmm repetition 3 for dataset size MINI (already done).
-- The C compiler identification is GNU 15.2.0
-- Detecting C compiler ABI info
-- Detecting C compiler ABI info - done
-- Check for working C compiler: /usr/local/latestgcc/bin/gcc - skipped
-- Detecting C compile features
-- Detecting C compile features - done
-- Configuring done (0.4s)
-- Generating done (0.8s)
-- Build files have been written to: /home/kleplj/all_hints/optimization/all_hints/PolybenchC-4.2.1/build
[  2%] Building C object CMakeFiles/covariance.dir/datamining/covariance/covariance.c.o
[  4%] Building C object CMakeFiles/covariance.dir/utilities/polybench.c.o
[  6%] Building C object CMakeFiles/lu.dir/linear-algebra/solvers/lu/lu.c.o
[  6%] Building C object CMakeFiles/correlation.dir/datamining/correlation/correlation.c.o
[ 12%] Building C object CMakeFiles/gramschmidt.dir/linear-algebra/solvers/gramschmidt/gramschmidt.c.o
[ 12%] Building C object CMakeFiles/lu.dir/utilities/polybench.c.o
[ 12%] Building C object CMakeFiles/gramschmidt.dir/utilities/polybench.c.o
[ 12%] Building C object CMakeFiles/cholesky.dir/linear-algebra/solvers/cholesky/cholesky.c.o
[ 12%] Building C object CMakeFiles/correlation.dir/utilities/polybench.c.o
[ 26%] Building C object CMakeFiles/durbin.dir/linear-algebra/solvers/durbin/durbin.c.o
[ 65%] Building C object CMakeFiles/gemver.dir/linear-algebra/blas/gemver/gemver.c.o
[ 65%] Building C object CMakeFiles/durbin.dir/utilities/polybench.c.o
[ 65%] Building C object CMakeFiles/gesummv.dir/utilities/polybench.c.o
[ 65%] Building C object CMakeFiles/gemm.dir/linear-algebra/blas/gemm/gemm.c.o
[ 65%] Building C object CMakeFiles/syr2k.dir/linear-algebra/blas/syr2k/syr2k.c.o
[ 65%] Building C object CMakeFiles/gesummv.dir/linear-algebra/blas/gesummv/gesummv.c.o
[ 65%] Building C object CMakeFiles/ludcmp.dir/utilities/polybench.c.o
[ 65%] Building C object CMakeFiles/gemver.dir/utilities/polybench.c.o
[ 65%] Building C object CMakeFiles/ludcmp.dir/linear-algebra/solvers/ludcmp/ludcmp.c.o
[ 65%] Building C object CMakeFiles/gemm.dir/utilities/polybench.c.o
[ 65%] Building C object CMakeFiles/syr2k.dir/utilities/polybench.c.o
[ 65%] Building C object CMakeFiles/trmm.dir/utilities/polybench.c.o
[ 65%] Building C object CMakeFiles/cholesky.dir/utilities/polybench.c.o
[ 66%] Building C object CMakeFiles/mvt.dir/linear-algebra/kernels/mvt/mvt.c.o
[ 66%] Building C object CMakeFiles/3mm.dir/linear-algebra/kernels/3mm/3mm.c.o
[ 66%] Building C object CMakeFiles/atax.dir/utilities/polybench.c.o
[ 66%] Building C object CMakeFiles/symm.dir/utilities/polybench.c.o
[ 66%] Building C object CMakeFiles/mvt.dir/utilities/polybench.c.o
[ 66%] Building C object CMakeFiles/bicg.dir/linear-algebra/kernels/bicg/bicg.c.o
[ 66%] Building C object CMakeFiles/doitgen.dir/linear-algebra/kernels/doitgen/doitgen.c.o
[ 66%] Building C object CMakeFiles/syrk.dir/utilities/polybench.c.o
[ 66%] Building C object CMakeFiles/atax.dir/linear-algebra/kernels/atax/atax.c.o
[ 66%] Building C object CMakeFiles/syrk.dir/linear-algebra/blas/syrk/syrk.c.o
[ 66%] Building C object CMakeFiles/doitgen.dir/utilities/polybench.c.o
[ 66%] Building C object CMakeFiles/fdtd-2d.dir/stencils/fdtd-2d/fdtd-2d.c.o
[ 66%] Building C object CMakeFiles/nussinov.dir/utilities/polybench.c.o
[ 66%] Building C object CMakeFiles/bicg.dir/utilities/polybench.c.o
[ 66%] Building C object CMakeFiles/jacobi-1d.dir/stencils/jacobi-1d/jacobi-1d.c.o
[ 66%] Building C object CMakeFiles/trmm.dir/linear-algebra/blas/trmm/trmm.c.o
[ 66%] Building C object CMakeFiles/trisolv.dir/utilities/polybench.c.o
[ 66%] Building C object CMakeFiles/seidel-2d.dir/stencils/seidel-2d/seidel-2d.c.o
[ 66%] Building C object CMakeFiles/floyd-warshall.dir/medley/floyd-warshall/floyd-warshall.c.o
[ 66%] Building C object CMakeFiles/deriche.dir/utilities/polybench.c.o
[ 66%] Building C object CMakeFiles/3mm.dir/utilities/polybench.c.o
[ 66%] Building C object CMakeFiles/2mm.dir/linear-algebra/kernels/2mm/2mm.c.o
[ 66%] Building C object CMakeFiles/jacobi-1d.dir/utilities/polybench.c.o
[ 66%] Building C object CMakeFiles/floyd-warshall.dir/utilities/polybench.c.o
[ 66%] Building C object CMakeFiles/jacobi-2d.dir/stencils/jacobi-2d/jacobi-2d.c.o
[ 66%] Building C object CMakeFiles/heat-3d.dir/stencils/heat-3d/heat-3d.c.o
[ 66%] Building C object CMakeFiles/adi.dir/stencils/adi/adi.c.o
[ 66%] Building C object CMakeFiles/deriche.dir/medley/deriche/deriche.c.o
[ 66%] Building C object CMakeFiles/seidel-2d.dir/utilities/polybench.c.o
[ 66%] Building C object CMakeFiles/jacobi-2d.dir/utilities/polybench.c.o
[ 66%] Building C object CMakeFiles/trisolv.dir/linear-algebra/solvers/trisolv/trisolv.c.o
[ 66%] Building C object CMakeFiles/fdtd-2d.dir/utilities/polybench.c.o
[ 66%] Building C object CMakeFiles/symm.dir/linear-algebra/blas/symm/symm.c.o
[ 66%] Building C object CMakeFiles/2mm.dir/utilities/polybench.c.o
[ 66%] Building C object CMakeFiles/nussinov.dir/medley/nussinov/nussinov.c.o
[ 66%] Building C object CMakeFiles/heat-3d.dir/utilities/polybench.c.o
[ 66%] Building C object CMakeFiles/adi.dir/utilities/polybench.c.o
[ 67%] Linking C executable trisolv
[ 68%] Linking C executable seidel-2d
[ 70%] Linking C executable gesummv
[ 71%] Linking C executable gemver
[ 73%] Linking C executable durbin
[ 73%] Linking C executable deriche
[ 77%] Linking C executable adi
[ 77%] Linking C executable syrk
[ 77%] Linking C executable floyd-warshall
[ 77%] Linking C executable jacobi-1d
[ 77%] Built target trisolv
[ 78%] Linking C executable syr2k
[ 80%] Linking C executable bicg
[ 82%] Linking C executable atax
[ 82%] Linking C executable mvt
[ 83%] Linking C executable cholesky
[ 83%] Built target seidel-2d
[ 84%] Linking C executable lu
[ 85%] Linking C executable gramschmidt
[ 86%] Linking C executable trmm
[ 86%] Built target gesummv
[ 86%] Built target gemver
[ 87%] Built target durbin
[ 87%] Linking C executable heat-3d
[ 87%] Built target deriche
[ 87%] Built target syrk
[ 87%] Built target adi
[ 87%] Built target floyd-warshall
[ 87%] Built target jacobi-1d
[ 87%] Built target syr2k
[ 88%] Linking C executable covariance
[ 90%] Linking C executable symm
[ 92%] Linking C executable correlation
[ 92%] Built target bicg
[ 92%] Linking C executable fdtd-2d
[ 94%] Built target mvt
[ 94%] Linking C executable jacobi-2d
[ 94%] Linking C executable doitgen
[ 94%] Built target atax
[ 94%] Built target cholesky
[ 94%] Built target lu
[ 94%] Built target gramschmidt
[ 94%] Built target trmm
[ 94%] Built target heat-3d
[ 94%] Built target covariance
[ 94%] Built target symm
[ 94%] Built target correlation
[ 94%] Built target fdtd-2d
[ 94%] Built target doitgen
[ 94%] Built target jacobi-2d
[ 95%] Linking C executable 2mm
[ 95%] Built target 2mm
[ 96%] Linking C executable 3mm
[ 96%] Built target 3mm
Skipping c all_hints 2mm repetition 4 for dataset size MINI (already done).
Skipping c all_hints 2mm repetition 4 for dataset size MINI (already done).
Skipping c all_hints 3mm repetition 4 for dataset size MINI (already done).
Skipping c all_hints 3mm repetition 4 for dataset size MINI (already done).
Skipping c all_hints adi repetition 4 for dataset size MINI (already done).
Skipping c all_hints adi repetition 4 for dataset size MINI (already done).
Skipping c all_hints atax repetition 4 for dataset size MINI (already done).
Skipping c all_hints atax repetition 4 for dataset size MINI (already done).
Skipping c all_hints bicg repetition 4 for dataset size MINI (already done).
Skipping c all_hints bicg repetition 4 for dataset size MINI (already done).
Skipping c all_hints cholesky repetition 4 for dataset size MINI (already done).
Skipping c all_hints cholesky repetition 4 for dataset size MINI (already done).
Skipping c all_hints correlation repetition 4 for dataset size MINI (already done).
Skipping c all_hints correlation repetition 4 for dataset size MINI (already done).
Skipping c all_hints covariance repetition 4 for dataset size MINI (already done).
Skipping c all_hints covariance repetition 4 for dataset size MINI (already done).
Skipping c all_hints deriche repetition 4 for dataset size MINI (already done).
Skipping c all_hints deriche repetition 4 for dataset size MINI (already done).
Skipping c all_hints doitgen repetition 4 for dataset size MINI (already done).
Skipping c all_hints doitgen repetition 4 for dataset size MINI (already done).
Skipping c all_hints durbin repetition 4 for dataset size MINI (already done).
Skipping c all_hints durbin repetition 4 for dataset size MINI (already done).
Skipping c all_hints fdtd-2d repetition 4 for dataset size MINI (already done).
Skipping c all_hints fdtd-2d repetition 4 for dataset size MINI (already done).
Skipping c all_hints floyd-warshall repetition 4 for dataset size MINI (already done).
Skipping c all_hints floyd-warshall repetition 4 for dataset size MINI (already done).
Skipping c all_hints gemver repetition 4 for dataset size MINI (already done).
Skipping c all_hints gemver repetition 4 for dataset size MINI (already done).
Skipping c all_hints gesummv repetition 4 for dataset size MINI (already done).
Skipping c all_hints gesummv repetition 4 for dataset size MINI (already done).
Skipping c all_hints heat-3d repetition 4 for dataset size MINI (already done).
Skipping c all_hints heat-3d repetition 4 for dataset size MINI (already done).
Skipping c all_hints jacobi-1d repetition 4 for dataset size MINI (already done).
Skipping c all_hints jacobi-1d repetition 4 for dataset size MINI (already done).
Skipping c all_hints jacobi-2d repetition 4 for dataset size MINI (already done).
Skipping c all_hints jacobi-2d repetition 4 for dataset size MINI (already done).
Skipping c all_hints lu repetition 4 for dataset size MINI (already done).
Skipping c all_hints lu repetition 4 for dataset size MINI (already done).
Skipping c all_hints mvt repetition 4 for dataset size MINI (already done).
Skipping c all_hints mvt repetition 4 for dataset size MINI (already done).
Skipping c all_hints seidel-2d repetition 4 for dataset size MINI (already done).
Skipping c all_hints seidel-2d repetition 4 for dataset size MINI (already done).
Skipping c all_hints symm repetition 4 for dataset size MINI (already done).
Skipping c all_hints symm repetition 4 for dataset size MINI (already done).
Skipping c all_hints syr2k repetition 4 for dataset size MINI (already done).
Skipping c all_hints syr2k repetition 4 for dataset size MINI (already done).
Skipping c all_hints syrk repetition 4 for dataset size MINI (already done).
Skipping c all_hints syrk repetition 4 for dataset size MINI (already done).
Skipping c all_hints trisolv repetition 4 for dataset size MINI (already done).
Skipping c all_hints trisolv repetition 4 for dataset size MINI (already done).
Skipping c all_hints trmm repetition 4 for dataset size MINI (already done).
Skipping c all_hints trmm repetition 4 for dataset size MINI (already done).
-- The C compiler identification is GNU 15.2.0
-- Detecting C compiler ABI info
-- Detecting C compiler ABI info - done
-- Check for working C compiler: /usr/local/latestgcc/bin/gcc - skipped
-- Detecting C compile features
-- Detecting C compile features - done
-- Configuring done (0.4s)
-- Generating done (0.8s)
-- Build files have been written to: /home/kleplj/all_hints/optimization/all_hints/PolybenchC-4.2.1/build
[  7%] Building C object CMakeFiles/correlation.dir/datamining/correlation/correlation.c.o
[  7%] Building C object CMakeFiles/covariance.dir/datamining/covariance/covariance.c.o
[  7%] Building C object CMakeFiles/covariance.dir/utilities/polybench.c.o
[  7%] Building C object CMakeFiles/durbin.dir/linear-algebra/solvers/durbin/durbin.c.o
[ 17%] Building C object CMakeFiles/durbin.dir/utilities/polybench.c.o
[ 17%] Building C object CMakeFiles/trisolv.dir/utilities/polybench.c.o
[ 17%] Building C object CMakeFiles/correlation.dir/utilities/polybench.c.o
[ 17%] Building C object CMakeFiles/trisolv.dir/linear-algebra/solvers/trisolv/trisolv.c.o
[ 17%] Building C object CMakeFiles/gramschmidt.dir/linear-algebra/solvers/gramschmidt/gramschmidt.c.o
[ 17%] Building C object CMakeFiles/cholesky.dir/linear-algebra/solvers/cholesky/cholesky.c.o
[ 17%] Building C object CMakeFiles/cholesky.dir/utilities/polybench.c.o
[ 17%] Building C object CMakeFiles/lu.dir/linear-algebra/solvers/lu/lu.c.o
[ 17%] Building C object CMakeFiles/lu.dir/utilities/polybench.c.o
[ 46%] Building C object CMakeFiles/atax.dir/utilities/polybench.c.o
[ 66%] Building C object CMakeFiles/adi.dir/stencils/adi/adi.c.o
[ 66%] Building C object CMakeFiles/gemver.dir/utilities/polybench.c.o
[ 66%] Building C object CMakeFiles/syr2k.dir/utilities/polybench.c.o
[ 66%] Building C object CMakeFiles/ludcmp.dir/utilities/polybench.c.o
[ 66%] Building C object CMakeFiles/ludcmp.dir/linear-algebra/solvers/ludcmp/ludcmp.c.o
[ 66%] Building C object CMakeFiles/syr2k.dir/linear-algebra/blas/syr2k/syr2k.c.o
[ 66%] Building C object CMakeFiles/gemm.dir/linear-algebra/blas/gemm/gemm.c.o
[ 66%] Building C object CMakeFiles/gramschmidt.dir/utilities/polybench.c.o
[ 66%] Building C object CMakeFiles/syrk.dir/linear-algebra/blas/syrk/syrk.c.o
[ 66%] Building C object CMakeFiles/gesummv.dir/linear-algebra/blas/gesummv/gesummv.c.o
[ 66%] Building C object CMakeFiles/mvt.dir/linear-algebra/kernels/mvt/mvt.c.o
[ 66%] Building C object CMakeFiles/nussinov.dir/medley/nussinov/nussinov.c.o
[ 66%] Building C object CMakeFiles/syrk.dir/utilities/polybench.c.o
[ 66%] Building C object CMakeFiles/3mm.dir/utilities/polybench.c.o
[ 66%] Building C object CMakeFiles/doitgen.dir/utilities/polybench.c.o
[ 66%] Building C object CMakeFiles/trmm.dir/utilities/polybench.c.o
[ 66%] Building C object CMakeFiles/gemver.dir/linear-algebra/blas/gemver/gemver.c.o
[ 66%] Building C object CMakeFiles/atax.dir/linear-algebra/kernels/atax/atax.c.o
[ 66%] Building C object CMakeFiles/mvt.dir/utilities/polybench.c.o
[ 66%] Building C object CMakeFiles/gesummv.dir/utilities/polybench.c.o
[ 66%] Building C object CMakeFiles/trmm.dir/linear-algebra/blas/trmm/trmm.c.o
[ 66%] Building C object CMakeFiles/symm.dir/utilities/polybench.c.o
[ 66%] Building C object CMakeFiles/gemm.dir/utilities/polybench.c.o
[ 66%] Building C object CMakeFiles/symm.dir/linear-algebra/blas/symm/symm.c.o
[ 66%] Building C object CMakeFiles/bicg.dir/utilities/polybench.c.o
[ 66%] Building C object CMakeFiles/3mm.dir/linear-algebra/kernels/3mm/3mm.c.o
[ 66%] Building C object CMakeFiles/2mm.dir/linear-algebra/kernels/2mm/2mm.c.o
[ 66%] Building C object CMakeFiles/bicg.dir/linear-algebra/kernels/bicg/bicg.c.o
[ 66%] Building C object CMakeFiles/seidel-2d.dir/utilities/polybench.c.o
[ 66%] Building C object CMakeFiles/heat-3d.dir/utilities/polybench.c.o
[ 66%] Building C object CMakeFiles/seidel-2d.dir/stencils/seidel-2d/seidel-2d.c.o
[ 66%] Building C object CMakeFiles/fdtd-2d.dir/utilities/polybench.c.o
[ 66%] Building C object CMakeFiles/heat-3d.dir/stencils/heat-3d/heat-3d.c.o
[ 66%] Building C object CMakeFiles/jacobi-1d.dir/stencils/jacobi-1d/jacobi-1d.c.o
[ 66%] Building C object CMakeFiles/jacobi-1d.dir/utilities/polybench.c.o
[ 66%] Building C object CMakeFiles/fdtd-2d.dir/stencils/fdtd-2d/fdtd-2d.c.o
[ 66%] Building C object CMakeFiles/nussinov.dir/utilities/polybench.c.o
[ 66%] Building C object CMakeFiles/floyd-warshall.dir/medley/floyd-warshall/floyd-warshall.c.o
[ 66%] Building C object CMakeFiles/jacobi-2d.dir/stencils/jacobi-2d/jacobi-2d.c.o
[ 66%] Building C object CMakeFiles/floyd-warshall.dir/utilities/polybench.c.o
[ 66%] Building C object CMakeFiles/jacobi-2d.dir/utilities/polybench.c.o
[ 66%] Building C object CMakeFiles/deriche.dir/medley/deriche/deriche.c.o
[ 66%] Building C object CMakeFiles/doitgen.dir/linear-algebra/kernels/doitgen/doitgen.c.o
[ 66%] Building C object CMakeFiles/2mm.dir/utilities/polybench.c.o
[ 66%] Building C object CMakeFiles/deriche.dir/utilities/polybench.c.o
[ 66%] Building C object CMakeFiles/adi.dir/utilities/polybench.c.o
[ 67%] Linking C executable jacobi-1d
[ 70%] Linking C executable seidel-2d
[ 70%] Linking C executable durbin
[ 71%] Linking C executable floyd-warshall
[ 72%] Linking C executable trmm
[ 74%] Linking C executable syrk
[ 74%] Linking C executable trisolv
[ 75%] Linking C executable gesummv
[ 77%] Built target jacobi-1d
[ 77%] Linking C executable atax
[ 77%] Linking C executable adi
[ 78%] Linking C executable covariance
[ 80%] Linking C executable nussinov
[ 80%] Built target durbin
[ 80%] Built target seidel-2d
[ 81%] Built target floyd-warshall
[ 81%] Linking C executable mvt
[ 82%] Linking C executable jacobi-2d
[ 83%] Linking C executable lu
[ 83%] Built target trmm
[ 84%] Linking C executable gemm
[ 84%] Built target syrk
[ 84%] Built target trisolv
[ 86%] Linking C executable deriche
[ 86%] Linking C executable cholesky
[ 86%] Built target gesummv
[ 86%] Built target adi
[ 86%] Built target atax
[ 87%] Linking C executable bicg
[ 87%] Built target covariance
[ 88%] Linking C executable gramschmidt
[ 88%] Built target nussinov
[ 88%] Built target mvt
[ 88%] Built target jacobi-2d
[ 88%] Built target lu
[ 88%] Built target gemm
[ 88%] Built target deriche
[ 88%] Built target cholesky
[ 91%] Linking C executable symm
[ 91%] Linking C executable doitgen
[ 91%] Built target bicg
[ 91%] Built target gramschmidt
[ 94%] Linking C executable heat-3d
[ 94%] Linking C executable ludcmp
[ 94%] Linking C executable gemver
[ 95%] Linking C executable 2mm
[ 96%] Linking C executable 3mm
[ 96%] Built target symm
[ 96%] Built target doitgen
[ 97%] Linking C executable syr2k
[ 97%] Built target gemver
[ 97%] Built target heat-3d
[ 97%] Built target ludcmp
[ 97%] Built target 2mm
[ 97%] Built target 3mm
[ 97%] Built target syr2k
Skipping c all_hints 2mm repetition 5 for dataset size MINI (already done).
Skipping c all_hints 2mm repetition 5 for dataset size MINI (already done).
Skipping c all_hints 3mm repetition 5 for dataset size MINI (already done).
Skipping c all_hints 3mm repetition 5 for dataset size MINI (already done).
Skipping c all_hints adi repetition 5 for dataset size MINI (already done).
Skipping c all_hints adi repetition 5 for dataset size MINI (already done).
Skipping c all_hints atax repetition 5 for dataset size MINI (already done).
Skipping c all_hints atax repetition 5 for dataset size MINI (already done).
Skipping c all_hints bicg repetition 5 for dataset size MINI (already done).
Skipping c all_hints bicg repetition 5 for dataset size MINI (already done).
Skipping c all_hints cholesky repetition 5 for dataset size MINI (already done).
Skipping c all_hints cholesky repetition 5 for dataset size MINI (already done).
Skipping c all_hints covariance repetition 5 for dataset size MINI (already done).
Skipping c all_hints covariance repetition 5 for dataset size MINI (already done).
Skipping c all_hints deriche repetition 5 for dataset size MINI (already done).
Skipping c all_hints deriche repetition 5 for dataset size MINI (already done).
Skipping c all_hints doitgen repetition 5 for dataset size MINI (already done).
Skipping c all_hints doitgen repetition 5 for dataset size MINI (already done).
Skipping c all_hints durbin repetition 5 for dataset size MINI (already done).
Skipping c all_hints durbin repetition 5 for dataset size MINI (already done).
Skipping c all_hints floyd-warshall repetition 5 for dataset size MINI (already done).
Skipping c all_hints floyd-warshall repetition 5 for dataset size MINI (already done).
Skipping c all_hints gemm repetition 5 for dataset size MINI (already done).
Skipping c all_hints gemm repetition 5 for dataset size MINI (already done).
Skipping c all_hints gemver repetition 5 for dataset size MINI (already done).
Skipping c all_hints gemver repetition 5 for dataset size MINI (already done).
Skipping c all_hints gesummv repetition 5 for dataset size MINI (already done).
Skipping c all_hints gesummv repetition 5 for dataset size MINI (already done).
Skipping c all_hints heat-3d repetition 5 for dataset size MINI (already done).
Skipping c all_hints heat-3d repetition 5 for dataset size MINI (already done).
Skipping c all_hints jacobi-1d repetition 5 for dataset size MINI (already done).
Skipping c all_hints jacobi-1d repetition 5 for dataset size MINI (already done).
Skipping c all_hints jacobi-2d repetition 5 for dataset size MINI (already done).
Skipping c all_hints jacobi-2d repetition 5 for dataset size MINI (already done).
Skipping c all_hints lu repetition 5 for dataset size MINI (already done).
Skipping c all_hints lu repetition 5 for dataset size MINI (already done).
Skipping c all_hints ludcmp repetition 5 for dataset size MINI (already done).
Skipping c all_hints ludcmp repetition 5 for dataset size MINI (already done).
Skipping c all_hints mvt repetition 5 for dataset size MINI (already done).
Skipping c all_hints mvt repetition 5 for dataset size MINI (already done).
Skipping c all_hints nussinov repetition 5 for dataset size MINI (already done).
Skipping c all_hints nussinov repetition 5 for dataset size MINI (already done).
Skipping c all_hints seidel-2d repetition 5 for dataset size MINI (already done).
Skipping c all_hints seidel-2d repetition 5 for dataset size MINI (already done).
Skipping c all_hints symm repetition 5 for dataset size MINI (already done).
Skipping c all_hints symm repetition 5 for dataset size MINI (already done).
Skipping c all_hints syr2k repetition 5 for dataset size MINI (already done).
Skipping c all_hints syr2k repetition 5 for dataset size MINI (already done).
Skipping c all_hints syrk repetition 5 for dataset size MINI (already done).
Skipping c all_hints syrk repetition 5 for dataset size MINI (already done).
Skipping c all_hints trisolv repetition 5 for dataset size MINI (already done).
Skipping c all_hints trisolv repetition 5 for dataset size MINI (already done).
Skipping c all_hints trmm repetition 5 for dataset size MINI (already done).
Skipping c all_hints trmm repetition 5 for dataset size MINI (already done).
-- The CXX compiler identification is GNU 15.2.0
-- Detecting CXX compiler ABI info
-- Detecting CXX compiler ABI info - done
-- Check for working CXX compiler: /usr/local/latestgcc/bin/g++ - skipped
-- Detecting CXX compile features
-- Detecting CXX compile features - done
-- Using NOARR_STRUCTURES_DIR from environment: /home/kleplj/all_hints/submodules/noarr-structures
-- Configuring done (0.4s)
-- Generating done (0.7s)
-- Build files have been written to: /home/kleplj/all_hints/optimization/all_hints/PolybenchC-Noarr/build
[  5%] Building CXX object CMakeFiles/correlation.dir/datamining/correlation/correlation.cpp.o
[  8%] Building CXX object CMakeFiles/covariance.dir/datamining/covariance/covariance.cpp.o
[  8%] Building CXX object CMakeFiles/gemm.dir/linear-algebra/blas/gemm/gemm.cpp.o
[ 10%] Building CXX object CMakeFiles/gemver.dir/linear-algebra/blas/gemver/gemver.cpp.o
[ 13%] Building CXX object CMakeFiles/syr2k.dir/linear-algebra/blas/syr2k/syr2k.cpp.o
[ 13%] Building CXX object CMakeFiles/gesummv.dir/linear-algebra/blas/gesummv/gesummv.cpp.o
[ 18%] Building CXX object CMakeFiles/symm.dir/linear-algebra/blas/symm/symm.cpp.o
[ 18%] Building CXX object CMakeFiles/trmm.dir/linear-algebra/blas/trmm/trmm.cpp.o
[ 25%] Building CXX object CMakeFiles/syrk.dir/linear-algebra/blas/syrk/syrk.cpp.o
[ 25%] Building CXX object CMakeFiles/3mm.dir/linear-algebra/kernels/3mm/3mm.cpp.o
[ 25%] Building CXX object CMakeFiles/2mm.dir/linear-algebra/kernels/2mm/2mm.cpp.o
[ 25%] Building CXX object CMakeFiles/atax.dir/linear-algebra/kernels/atax/atax.cpp.o
[ 31%] Building CXX object CMakeFiles/doitgen.dir/linear-algebra/kernels/doitgen/doitgen.cpp.o
[ 40%] Building CXX object CMakeFiles/cholesky.dir/linear-algebra/solvers/cholesky/cholesky.cpp.o
[ 40%] Building CXX object CMakeFiles/durbin.dir/linear-algebra/solvers/durbin/durbin.cpp.o
[ 40%] Building CXX object CMakeFiles/mvt.dir/linear-algebra/kernels/mvt/mvt.cpp.o
[ 40%] Building CXX object CMakeFiles/bicg.dir/linear-algebra/kernels/bicg/bicg.cpp.o
[ 50%] Building CXX object CMakeFiles/ludcmp.dir/linear-algebra/solvers/ludcmp/ludcmp.cpp.o
[ 50%] Building CXX object CMakeFiles/lu.dir/linear-algebra/solvers/lu/lu.cpp.o
[ 50%] Building CXX object CMakeFiles/gramschmidt.dir/linear-algebra/solvers/gramschmidt/gramschmidt.cpp.o
[ 50%] Building CXX object CMakeFiles/trisolv.dir/linear-algebra/solvers/trisolv/trisolv.cpp.o
[ 50%] Building CXX object CMakeFiles/nussinov.dir/medley/nussinov/nussinov.cpp.o
[ 50%] Building CXX object CMakeFiles/fdtd-2d.dir/stencils/fdtd-2d/fdtd-2d.cpp.o
[ 50%] Building CXX object CMakeFiles/heat-3d.dir/stencils/heat-3d/heat-3d.cpp.o
[ 50%] Building CXX object CMakeFiles/deriche.dir/medley/deriche/deriche.cpp.o
[ 50%] Building CXX object CMakeFiles/adi.dir/stencils/adi/adi.cpp.o
[ 50%] Building CXX object CMakeFiles/floyd-warshall.dir/medley/floyd-warshall/floyd-warshall.cpp.o
[ 50%] Building CXX object CMakeFiles/jacobi-1d.dir/stencils/jacobi-1d/jacobi-1d.cpp.o
[ 50%] Building CXX object CMakeFiles/seidel-2d.dir/stencils/seidel-2d/seidel-2d.cpp.o
[ 50%] Building CXX object CMakeFiles/jacobi-2d.dir/stencils/jacobi-2d/jacobi-2d.cpp.o
[ 51%] Linking CXX executable cholesky
[ 53%] Linking CXX executable nussinov
[ 55%] Linking CXX executable jacobi-1d
[ 56%] Linking CXX executable durbin
[ 56%] Built target jacobi-1d
[ 56%] Built target durbin
[ 58%] Linking CXX executable trisolv
[ 60%] Linking CXX executable gesummv
[ 61%] Linking CXX executable floyd-warshall
[ 63%] Linking CXX executable atax
[ 63%] Built target trisolv
[ 65%] Linking CXX executable jacobi-2d
[ 66%] Linking CXX executable bicg
[ 66%] Built target gesummv
[ 66%] Built target floyd-warshall
[ 66%] Built target atax
[ 66%] Built target jacobi-2d
[ 68%] Linking CXX executable adi
[ 70%] Linking CXX executable mvt
[ 70%] Built target bicg
[ 71%] Linking CXX executable seidel-2d
[ 73%] Linking CXX executable trmm
[ 73%] Built target adi
[ 73%] Built target mvt
[ 75%] Linking CXX executable lu
[ 75%] Built target seidel-2d
[ 76%] Linking CXX executable deriche
[ 76%] Built target trmm
[ 78%] Linking CXX executable gemver
[ 80%] Linking CXX executable symm
[ 81%] Linking CXX executable syrk
[ 81%] Built target lu
[ 81%] Built target deriche
[ 81%] Built target gemver
[ 83%] Linking CXX executable syr2k
[ 83%] Built target symm
[ 83%] Built target syrk
[ 85%] Linking CXX executable doitgen
[ 85%] Built target syr2k
[ 86%] Linking CXX executable gramschmidt
[ 86%] Built target doitgen
[ 90%] Linking CXX executable fdtd-2d
[ 90%] Linking CXX executable covariance
[ 90%] Built target gramschmidt
[ 91%] Linking CXX executable ludcmp
[ 91%] Built target covariance
[ 91%] Built target fdtd-2d
[ 91%] Built target ludcmp
[ 93%] Linking CXX executable correlation
[ 93%] Built target correlation
[ 95%] Linking CXX executable 2mm
[ 95%] Built target 2mm
[ 96%] Linking CXX executable 3mm
[ 96%] Built target 3mm
Skipping noarr all_hints 2mm repetition 1 for dataset size MINI (already done).
Skipping noarr all_hints 2mm repetition 1 for dataset size MINI (already done).
Skipping noarr all_hints 3mm repetition 1 for dataset size MINI (already done).
Skipping noarr all_hints 3mm repetition 1 for dataset size MINI (already done).
Skipping noarr all_hints adi repetition 1 for dataset size MINI (already done).
Skipping noarr all_hints adi repetition 1 for dataset size MINI (already done).
Skipping noarr all_hints atax repetition 1 for dataset size MINI (already done).
Skipping noarr all_hints atax repetition 1 for dataset size MINI (already done).
Skipping noarr all_hints bicg repetition 1 for dataset size MINI (already done).
Skipping noarr all_hints bicg repetition 1 for dataset size MINI (already done).
Skipping noarr all_hints correlation repetition 1 for dataset size MINI (already done).
Skipping noarr all_hints correlation repetition 1 for dataset size MINI (already done).
Skipping noarr all_hints covariance repetition 1 for dataset size MINI (already done).
Skipping noarr all_hints covariance repetition 1 for dataset size MINI (already done).
Skipping noarr all_hints deriche repetition 1 for dataset size MINI (already done).
Skipping noarr all_hints deriche repetition 1 for dataset size MINI (already done).
Skipping noarr all_hints doitgen repetition 1 for dataset size MINI (already done).
Skipping noarr all_hints doitgen repetition 1 for dataset size MINI (already done).
Skipping noarr all_hints durbin repetition 1 for dataset size MINI (already done).
Skipping noarr all_hints durbin repetition 1 for dataset size MINI (already done).
Skipping noarr all_hints fdtd-2d repetition 1 for dataset size MINI (already done).
Skipping noarr all_hints fdtd-2d repetition 1 for dataset size MINI (already done).
Skipping noarr all_hints floyd-warshall repetition 1 for dataset size MINI (already done).
Skipping noarr all_hints floyd-warshall repetition 1 for dataset size MINI (already done).
Skipping noarr all_hints gemver repetition 1 for dataset size MINI (already done).
Skipping noarr all_hints gemver repetition 1 for dataset size MINI (already done).
Skipping noarr all_hints gesummv repetition 1 for dataset size MINI (already done).
Skipping noarr all_hints gesummv repetition 1 for dataset size MINI (already done).
Skipping noarr all_hints jacobi-1d repetition 1 for dataset size MINI (already done).
Skipping noarr all_hints jacobi-1d repetition 1 for dataset size MINI (already done).
Skipping noarr all_hints jacobi-2d repetition 1 for dataset size MINI (already done).
Skipping noarr all_hints jacobi-2d repetition 1 for dataset size MINI (already done).
Skipping noarr all_hints lu repetition 1 for dataset size MINI (already done).
Skipping noarr all_hints lu repetition 1 for dataset size MINI (already done).
Skipping noarr all_hints ludcmp repetition 1 for dataset size MINI (already done).
Skipping noarr all_hints ludcmp repetition 1 for dataset size MINI (already done).
Skipping noarr all_hints mvt repetition 1 for dataset size MINI (already done).
Skipping noarr all_hints mvt repetition 1 for dataset size MINI (already done).
Skipping noarr all_hints seidel-2d repetition 1 for dataset size MINI (already done).
Skipping noarr all_hints seidel-2d repetition 1 for dataset size MINI (already done).
Skipping noarr all_hints symm repetition 1 for dataset size MINI (already done).
Skipping noarr all_hints symm repetition 1 for dataset size MINI (already done).
Skipping noarr all_hints syr2k repetition 1 for dataset size MINI (already done).
Skipping noarr all_hints syr2k repetition 1 for dataset size MINI (already done).
Skipping noarr all_hints syrk repetition 1 for dataset size MINI (already done).
Skipping noarr all_hints syrk repetition 1 for dataset size MINI (already done).
Skipping noarr all_hints trisolv repetition 1 for dataset size MINI (already done).
Skipping noarr all_hints trisolv repetition 1 for dataset size MINI (already done).
Skipping noarr all_hints trmm repetition 1 for dataset size MINI (already done).
Skipping noarr all_hints trmm repetition 1 for dataset size MINI (already done).
-- The CXX compiler identification is GNU 15.2.0
-- Detecting CXX compiler ABI info
-- Detecting CXX compiler ABI info - done
-- Check for working CXX compiler: /usr/local/latestgcc/bin/g++ - skipped
-- Detecting CXX compile features
-- Detecting CXX compile features - done
-- Using NOARR_STRUCTURES_DIR from environment: /home/kleplj/all_hints/submodules/noarr-structures
-- Configuring done (0.4s)
-- Generating done (0.7s)
-- Build files have been written to: /home/kleplj/all_hints/optimization/all_hints/PolybenchC-Noarr/build
[  8%] Building CXX object CMakeFiles/correlation.dir/datamining/correlation/correlation.cpp.o
[  8%] Building CXX object CMakeFiles/covariance.dir/datamining/covariance/covariance.cpp.o
[ 11%] Building CXX object CMakeFiles/gemm.dir/linear-algebra/blas/gemm/gemm.cpp.o
[ 11%] Building CXX object CMakeFiles/gemver.dir/linear-algebra/blas/gemver/gemver.cpp.o
[ 11%] Building CXX object CMakeFiles/symm.dir/linear-algebra/blas/symm/symm.cpp.o
[ 18%] Building CXX object CMakeFiles/syr2k.dir/linear-algebra/blas/syr2k/syr2k.cpp.o
[ 18%] Building CXX object CMakeFiles/gesummv.dir/linear-algebra/blas/gesummv/gesummv.cpp.o
[ 18%] Building CXX object CMakeFiles/trmm.dir/linear-algebra/blas/trmm/trmm.cpp.o
[ 33%] Building CXX object CMakeFiles/syrk.dir/linear-algebra/blas/syrk/syrk.cpp.o
[ 50%] Building CXX object CMakeFiles/2mm.dir/linear-algebra/kernels/2mm/2mm.cpp.o
[ 50%] Building CXX object CMakeFiles/doitgen.dir/linear-algebra/kernels/doitgen/doitgen.cpp.o
[ 50%] Building CXX object CMakeFiles/ludcmp.dir/linear-algebra/solvers/ludcmp/ludcmp.cpp.o
[ 50%] Building CXX object CMakeFiles/mvt.dir/linear-algebra/kernels/mvt/mvt.cpp.o
[ 50%] Building CXX object CMakeFiles/3mm.dir/linear-algebra/kernels/3mm/3mm.cpp.o
[ 50%] Building CXX object CMakeFiles/durbin.dir/linear-algebra/solvers/durbin/durbin.cpp.o
[ 50%] Building CXX object CMakeFiles/jacobi-2d.dir/stencils/jacobi-2d/jacobi-2d.cpp.o
[ 50%] Building CXX object CMakeFiles/adi.dir/stencils/adi/adi.cpp.o
[ 50%] Building CXX object CMakeFiles/nussinov.dir/medley/nussinov/nussinov.cpp.o
[ 50%] Building CXX object CMakeFiles/trisolv.dir/linear-algebra/solvers/trisolv/trisolv.cpp.o
[ 50%] Building CXX object CMakeFiles/gramschmidt.dir/linear-algebra/solvers/gramschmidt/gramschmidt.cpp.o
[ 50%] Building CXX object CMakeFiles/heat-3d.dir/stencils/heat-3d/heat-3d.cpp.o
[ 50%] Building CXX object CMakeFiles/atax.dir/linear-algebra/kernels/atax/atax.cpp.o
[ 50%] Building CXX object CMakeFiles/bicg.dir/linear-algebra/kernels/bicg/bicg.cpp.o
[ 50%] Building CXX object CMakeFiles/lu.dir/linear-algebra/solvers/lu/lu.cpp.o
[ 50%] Building CXX object CMakeFiles/deriche.dir/medley/deriche/deriche.cpp.o
[ 50%] Building CXX object CMakeFiles/floyd-warshall.dir/medley/floyd-warshall/floyd-warshall.cpp.o
[ 50%] Building CXX object CMakeFiles/fdtd-2d.dir/stencils/fdtd-2d/fdtd-2d.cpp.o
[ 50%] Building CXX object CMakeFiles/cholesky.dir/linear-algebra/solvers/cholesky/cholesky.cpp.o
[ 50%] Building CXX object CMakeFiles/jacobi-1d.dir/stencils/jacobi-1d/jacobi-1d.cpp.o
[ 50%] Building CXX object CMakeFiles/seidel-2d.dir/stencils/seidel-2d/seidel-2d.cpp.o
[ 53%] Linking CXX executable nussinov
[ 53%] Linking CXX executable cholesky
[ 55%] Linking CXX executable durbin
[ 55%] Built target durbin
[ 56%] Linking CXX executable jacobi-1d
[ 56%] Built target jacobi-1d
[ 58%] Linking CXX executable gesummv
[ 60%] Linking CXX executable mvt
[ 61%] Linking CXX executable trisolv
[ 63%] Linking CXX executable jacobi-2d
[ 63%] Built target gesummv
[ 63%] Built target mvt
[ 65%] Linking CXX executable floyd-warshall
[ 65%] Built target trisolv
[ 65%] Built target jacobi-2d
[ 65%] Built target floyd-warshall
[ 66%] Linking CXX executable seidel-2d
[ 68%] Linking CXX executable adi
[ 70%] Linking CXX executable lu
[ 71%] Linking CXX executable gemver
[ 73%] Linking CXX executable deriche
[ 73%] Built target seidel-2d
[ 75%] Linking CXX executable bicg
[ 78%] Linking CXX executable atax
[ 78%] Linking CXX executable symm
[ 78%] Built target adi
[ 78%] Built target lu
[ 78%] Built target deriche
[ 78%] Built target gemver
[ 78%] Built target bicg
[ 78%] Built target atax
[ 78%] Built target symm
[ 80%] Linking CXX executable syr2k
[ 81%] Linking CXX executable gemm
[ 83%] Linking CXX executable syrk
[ 85%] Linking CXX executable doitgen
[ 85%] Built target syr2k
[ 85%] Built target gemm
[ 86%] Linking CXX executable heat-3d
[ 88%] Built target syrk
[ 88%] Linking CXX executable covariance
[ 88%] Built target doitgen
[ 90%] Linking CXX executable ludcmp
[ 90%] Built target heat-3d
[ 90%] Built target covariance
[ 91%] Linking CXX executable gramschmidt
[ 91%] Built target ludcmp
[ 91%] Built target gramschmidt
[ 93%] Linking CXX executable correlation
[ 93%] Built target correlation
[ 95%] Linking CXX executable 2mm
[ 95%] Built target 2mm
[ 96%] Linking CXX executable 3mm
[ 96%] Built target 3mm
Skipping noarr all_hints 2mm repetition 2 for dataset size MINI (already done).
Skipping noarr all_hints 2mm repetition 2 for dataset size MINI (already done).
Skipping noarr all_hints 3mm repetition 2 for dataset size MINI (already done).
Skipping noarr all_hints 3mm repetition 2 for dataset size MINI (already done).
Skipping noarr all_hints adi repetition 2 for dataset size MINI (already done).
Skipping noarr all_hints adi repetition 2 for dataset size MINI (already done).
Skipping noarr all_hints atax repetition 2 for dataset size MINI (already done).
Skipping noarr all_hints atax repetition 2 for dataset size MINI (already done).
Skipping noarr all_hints bicg repetition 2 for dataset size MINI (already done).
Skipping noarr all_hints bicg repetition 2 for dataset size MINI (already done).
Skipping noarr all_hints correlation repetition 2 for dataset size MINI (already done).
Skipping noarr all_hints correlation repetition 2 for dataset size MINI (already done).
Skipping noarr all_hints covariance repetition 2 for dataset size MINI (already done).
Skipping noarr all_hints covariance repetition 2 for dataset size MINI (already done).
Skipping noarr all_hints deriche repetition 2 for dataset size MINI (already done).
Skipping noarr all_hints deriche repetition 2 for dataset size MINI (already done).
Skipping noarr all_hints doitgen repetition 2 for dataset size MINI (already done).
Skipping noarr all_hints doitgen repetition 2 for dataset size MINI (already done).
Skipping noarr all_hints durbin repetition 2 for dataset size MINI (already done).
Skipping noarr all_hints durbin repetition 2 for dataset size MINI (already done).
Skipping noarr all_hints floyd-warshall repetition 2 for dataset size MINI (already done).
Skipping noarr all_hints floyd-warshall repetition 2 for dataset size MINI (already done).
Skipping noarr all_hints gemm repetition 2 for dataset size MINI (already done).
Skipping noarr all_hints gemm repetition 2 for dataset size MINI (already done).
Skipping noarr all_hints gemver repetition 2 for dataset size MINI (already done).
Skipping noarr all_hints gemver repetition 2 for dataset size MINI (already done).
Skipping noarr all_hints gesummv repetition 2 for dataset size MINI (already done).
Skipping noarr all_hints gesummv repetition 2 for dataset size MINI (already done).
Skipping noarr all_hints heat-3d repetition 2 for dataset size MINI (already done).
Skipping noarr all_hints heat-3d repetition 2 for dataset size MINI (already done).
Skipping noarr all_hints jacobi-1d repetition 2 for dataset size MINI (already done).
Skipping noarr all_hints jacobi-1d repetition 2 for dataset size MINI (already done).
Skipping noarr all_hints jacobi-2d repetition 2 for dataset size MINI (already done).
Skipping noarr all_hints jacobi-2d repetition 2 for dataset size MINI (already done).
Skipping noarr all_hints lu repetition 2 for dataset size MINI (already done).
Skipping noarr all_hints lu repetition 2 for dataset size MINI (already done).
Skipping noarr all_hints ludcmp repetition 2 for dataset size MINI (already done).
Skipping noarr all_hints ludcmp repetition 2 for dataset size MINI (already done).
Skipping noarr all_hints mvt repetition 2 for dataset size MINI (already done).
Skipping noarr all_hints mvt repetition 2 for dataset size MINI (already done).
Skipping noarr all_hints seidel-2d repetition 2 for dataset size MINI (already done).
Skipping noarr all_hints seidel-2d repetition 2 for dataset size MINI (already done).
Skipping noarr all_hints symm repetition 2 for dataset size MINI (already done).
Skipping noarr all_hints symm repetition 2 for dataset size MINI (already done).
Skipping noarr all_hints syr2k repetition 2 for dataset size MINI (already done).
Skipping noarr all_hints syr2k repetition 2 for dataset size MINI (already done).
Skipping noarr all_hints syrk repetition 2 for dataset size MINI (already done).
Skipping noarr all_hints syrk repetition 2 for dataset size MINI (already done).
Skipping noarr all_hints trisolv repetition 2 for dataset size MINI (already done).
Skipping noarr all_hints trisolv repetition 2 for dataset size MINI (already done).
-- The CXX compiler identification is GNU 15.2.0
-- Detecting CXX compiler ABI info
-- Detecting CXX compiler ABI info - done
-- Check for working CXX compiler: /usr/local/latestgcc/bin/g++ - skipped
-- Detecting CXX compile features
-- Detecting CXX compile features - done
-- Using NOARR_STRUCTURES_DIR from environment: /home/kleplj/all_hints/submodules/noarr-structures
-- Configuring done (0.4s)
-- Generating done (0.7s)
-- Build files have been written to: /home/kleplj/all_hints/optimization/all_hints/PolybenchC-Noarr/build
[  8%] Building CXX object CMakeFiles/covariance.dir/datamining/covariance/covariance.cpp.o
[  8%] Building CXX object CMakeFiles/correlation.dir/datamining/correlation/correlation.cpp.o
[ 10%] Building CXX object CMakeFiles/gemm.dir/linear-algebra/blas/gemm/gemm.cpp.o
[ 10%] Building CXX object CMakeFiles/gesummv.dir/linear-algebra/blas/gesummv/gesummv.cpp.o
[ 18%] Building CXX object CMakeFiles/syr2k.dir/linear-algebra/blas/syr2k/syr2k.cpp.o
[ 18%] Building CXX object CMakeFiles/gemver.dir/linear-algebra/blas/gemver/gemver.cpp.o
[ 18%] Building CXX object CMakeFiles/symm.dir/linear-algebra/blas/symm/symm.cpp.o
[ 18%] Building CXX object CMakeFiles/syrk.dir/linear-algebra/blas/syrk/syrk.cpp.o
[ 18%] Building CXX object CMakeFiles/2mm.dir/linear-algebra/kernels/2mm/2mm.cpp.o
[ 50%] Building CXX object CMakeFiles/ludcmp.dir/linear-algebra/solvers/ludcmp/ludcmp.cpp.o
[ 50%] Building CXX object CMakeFiles/lu.dir/linear-algebra/solvers/lu/lu.cpp.o
[ 50%] Building CXX object CMakeFiles/deriche.dir/medley/deriche/deriche.cpp.o
[ 50%] Building CXX object CMakeFiles/3mm.dir/linear-algebra/kernels/3mm/3mm.cpp.o
[ 50%] Building CXX object CMakeFiles/cholesky.dir/linear-algebra/solvers/cholesky/cholesky.cpp.o
[ 50%] Building CXX object CMakeFiles/mvt.dir/linear-algebra/kernels/mvt/mvt.cpp.o
[ 50%] Building CXX object CMakeFiles/trmm.dir/linear-algebra/blas/trmm/trmm.cpp.o
[ 50%] Building CXX object CMakeFiles/durbin.dir/linear-algebra/solvers/durbin/durbin.cpp.o
[ 50%] Building CXX object CMakeFiles/doitgen.dir/linear-algebra/kernels/doitgen/doitgen.cpp.o
[ 50%] Building CXX object CMakeFiles/adi.dir/stencils/adi/adi.cpp.o
[ 50%] Building CXX object CMakeFiles/jacobi-1d.dir/stencils/jacobi-1d/jacobi-1d.cpp.o
[ 50%] Building CXX object CMakeFiles/floyd-warshall.dir/medley/floyd-warshall/floyd-warshall.cpp.o
[ 50%] Building CXX object CMakeFiles/nussinov.dir/medley/nussinov/nussinov.cpp.o
[ 50%] Building CXX object CMakeFiles/gramschmidt.dir/linear-algebra/solvers/gramschmidt/gramschmidt.cpp.o
[ 50%] Building CXX object CMakeFiles/atax.dir/linear-algebra/kernels/atax/atax.cpp.o
[ 50%] Building CXX object CMakeFiles/heat-3d.dir/stencils/heat-3d/heat-3d.cpp.o
[ 50%] Building CXX object CMakeFiles/trisolv.dir/linear-algebra/solvers/trisolv/trisolv.cpp.o
[ 50%] Building CXX object CMakeFiles/bicg.dir/linear-algebra/kernels/bicg/bicg.cpp.o
[ 50%] Building CXX object CMakeFiles/jacobi-2d.dir/stencils/jacobi-2d/jacobi-2d.cpp.o
[ 50%] Building CXX object CMakeFiles/fdtd-2d.dir/stencils/fdtd-2d/fdtd-2d.cpp.o
[ 50%] Building CXX object CMakeFiles/seidel-2d.dir/stencils/seidel-2d/seidel-2d.cpp.o
[ 53%] Linking CXX executable nussinov
[ 53%] Linking CXX executable cholesky
[ 55%] Linking CXX executable jacobi-1d
[ 56%] Linking CXX executable durbin
[ 56%] Built target jacobi-1d
[ 58%] Linking CXX executable trisolv
[ 58%] Built target durbin
[ 60%] Linking CXX executable seidel-2d
[ 61%] Linking CXX executable gesummv
[ 63%] Linking CXX executable bicg
[ 63%] Built target trisolv
[ 65%] Linking CXX executable floyd-warshall
[ 65%] Built target seidel-2d
[ 66%] Linking CXX executable jacobi-2d
[ 66%] Built target gesummv
[ 66%] Built target bicg
[ 66%] Built target floyd-warshall
[ 68%] Linking CXX executable adi
[ 70%] Linking CXX executable mvt
[ 70%] Built target jacobi-2d
[ 71%] Linking CXX executable deriche
[ 73%] Linking CXX executable atax
[ 73%] Built target adi
[ 73%] Built target mvt
[ 75%] Linking CXX executable lu
[ 75%] Built target deriche
[ 75%] Built target atax
[ 76%] Linking CXX executable syrk
[ 76%] Built target lu
[ 78%] Linking CXX executable syr2k
[ 80%] Linking CXX executable symm
[ 80%] Built target syrk
[ 81%] Linking CXX executable doitgen
[ 83%] Linking CXX executable heat-3d
[ 85%] Linking CXX executable trmm
[ 85%] Built target syr2k
[ 86%] Linking CXX executable gemm
[ 86%] Built target symm
[ 88%] Linking CXX executable gramschmidt
[ 88%] Built target doitgen
[ 88%] Built target heat-3d
[ 88%] Built target trmm
[ 88%] Built target gemm
[ 90%] Linking CXX executable ludcmp
[ 90%] Built target gramschmidt
[ 91%] Linking CXX executable gemver
[ 91%] Built target ludcmp
[ 93%] Linking CXX executable covariance
[ 93%] Built target gemver
[ 93%] Built target covariance
[ 95%] Linking CXX executable correlation
[ 95%] Built target correlation
[ 96%] Linking CXX executable 2mm
[ 96%] Built target 2mm
[ 98%] Linking CXX executable 3mm
[ 98%] Built target 3mm
Skipping noarr all_hints 2mm repetition 3 for dataset size MINI (already done).
Skipping noarr all_hints 2mm repetition 3 for dataset size MINI (already done).
Skipping noarr all_hints 3mm repetition 3 for dataset size MINI (already done).
Skipping noarr all_hints 3mm repetition 3 for dataset size MINI (already done).
Skipping noarr all_hints adi repetition 3 for dataset size MINI (already done).
Skipping noarr all_hints adi repetition 3 for dataset size MINI (already done).
Skipping noarr all_hints atax repetition 3 for dataset size MINI (already done).
Skipping noarr all_hints atax repetition 3 for dataset size MINI (already done).
Skipping noarr all_hints bicg repetition 3 for dataset size MINI (already done).
Skipping noarr all_hints bicg repetition 3 for dataset size MINI (already done).
Skipping noarr all_hints correlation repetition 3 for dataset size MINI (already done).
Skipping noarr all_hints correlation repetition 3 for dataset size MINI (already done).
Skipping noarr all_hints covariance repetition 3 for dataset size MINI (already done).
Skipping noarr all_hints covariance repetition 3 for dataset size MINI (already done).
Skipping noarr all_hints deriche repetition 3 for dataset size MINI (already done).
Skipping noarr all_hints deriche repetition 3 for dataset size MINI (already done).
Skipping noarr all_hints doitgen repetition 3 for dataset size MINI (already done).
Skipping noarr all_hints doitgen repetition 3 for dataset size MINI (already done).
Skipping noarr all_hints durbin repetition 3 for dataset size MINI (already done).
Skipping noarr all_hints durbin repetition 3 for dataset size MINI (already done).
Skipping noarr all_hints floyd-warshall repetition 3 for dataset size MINI (already done).
Skipping noarr all_hints floyd-warshall repetition 3 for dataset size MINI (already done).
Skipping noarr all_hints gemm repetition 3 for dataset size MINI (already done).
Skipping noarr all_hints gemm repetition 3 for dataset size MINI (already done).
Skipping noarr all_hints gemver repetition 3 for dataset size MINI (already done).
Skipping noarr all_hints gemver repetition 3 for dataset size MINI (already done).
Skipping noarr all_hints gesummv repetition 3 for dataset size MINI (already done).
Skipping noarr all_hints gesummv repetition 3 for dataset size MINI (already done).
Skipping noarr all_hints heat-3d repetition 3 for dataset size MINI (already done).
Skipping noarr all_hints heat-3d repetition 3 for dataset size MINI (already done).
Skipping noarr all_hints jacobi-1d repetition 3 for dataset size MINI (already done).
Skipping noarr all_hints jacobi-1d repetition 3 for dataset size MINI (already done).
Skipping noarr all_hints jacobi-2d repetition 3 for dataset size MINI (already done).
Skipping noarr all_hints jacobi-2d repetition 3 for dataset size MINI (already done).
Skipping noarr all_hints lu repetition 3 for dataset size MINI (already done).
Skipping noarr all_hints lu repetition 3 for dataset size MINI (already done).
Skipping noarr all_hints ludcmp repetition 3 for dataset size MINI (already done).
Skipping noarr all_hints ludcmp repetition 3 for dataset size MINI (already done).
Skipping noarr all_hints mvt repetition 3 for dataset size MINI (already done).
Skipping noarr all_hints mvt repetition 3 for dataset size MINI (already done).
Skipping noarr all_hints seidel-2d repetition 3 for dataset size MINI (already done).
Skipping noarr all_hints seidel-2d repetition 3 for dataset size MINI (already done).
Skipping noarr all_hints symm repetition 3 for dataset size MINI (already done).
Skipping noarr all_hints symm repetition 3 for dataset size MINI (already done).
Skipping noarr all_hints syr2k repetition 3 for dataset size MINI (already done).
Skipping noarr all_hints syr2k repetition 3 for dataset size MINI (already done).
Skipping noarr all_hints syrk repetition 3 for dataset size MINI (already done).
Skipping noarr all_hints syrk repetition 3 for dataset size MINI (already done).
Skipping noarr all_hints trisolv repetition 3 for dataset size MINI (already done).
Skipping noarr all_hints trisolv repetition 3 for dataset size MINI (already done).
Skipping noarr all_hints trmm repetition 3 for dataset size MINI (already done).
Skipping noarr all_hints trmm repetition 3 for dataset size MINI (already done).
-- The CXX compiler identification is GNU 15.2.0
-- Detecting CXX compiler ABI info
-- Detecting CXX compiler ABI info - done
-- Check for working CXX compiler: /usr/local/latestgcc/bin/g++ - skipped
-- Detecting CXX compile features
-- Detecting CXX compile features - done
-- Using NOARR_STRUCTURES_DIR from environment: /home/kleplj/all_hints/submodules/noarr-structures
-- Configuring done (0.4s)
-- Generating done (0.7s)
-- Build files have been written to: /home/kleplj/all_hints/optimization/all_hints/PolybenchC-Noarr/build
[  5%] Building CXX object CMakeFiles/correlation.dir/datamining/correlation/correlation.cpp.o
[  8%] Building CXX object CMakeFiles/covariance.dir/datamining/covariance/covariance.cpp.o
[  8%] Building CXX object CMakeFiles/gemm.dir/linear-algebra/blas/gemm/gemm.cpp.o
[ 10%] Building CXX object CMakeFiles/gemver.dir/linear-algebra/blas/gemver/gemver.cpp.o
[ 10%] Building CXX object CMakeFiles/symm.dir/linear-algebra/blas/symm/symm.cpp.o
[ 15%] Building CXX object CMakeFiles/gesummv.dir/linear-algebra/blas/gesummv/gesummv.cpp.o
[ 25%] Building CXX object CMakeFiles/syrk.dir/linear-algebra/blas/syrk/syrk.cpp.o
[ 25%] Building CXX object CMakeFiles/trmm.dir/linear-algebra/blas/trmm/trmm.cpp.o
[ 25%] Building CXX object CMakeFiles/atax.dir/linear-algebra/kernels/atax/atax.cpp.o
[ 25%] Building CXX object CMakeFiles/cholesky.dir/linear-algebra/solvers/cholesky/cholesky.cpp.o
[ 25%] Building CXX object CMakeFiles/syr2k.dir/linear-algebra/blas/syr2k/syr2k.cpp.o
[ 25%] Building CXX object CMakeFiles/2mm.dir/linear-algebra/kernels/2mm/2mm.cpp.o
[ 40%] Building CXX object CMakeFiles/bicg.dir/linear-algebra/kernels/bicg/bicg.cpp.o
[ 50%] Building CXX object CMakeFiles/lu.dir/linear-algebra/solvers/lu/lu.cpp.o
[ 50%] Building CXX object CMakeFiles/durbin.dir/linear-algebra/solvers/durbin/durbin.cpp.o
[ 50%] Building CXX object CMakeFiles/ludcmp.dir/linear-algebra/solvers/ludcmp/ludcmp.cpp.o
[ 50%] Building CXX object CMakeFiles/trisolv.dir/linear-algebra/solvers/trisolv/trisolv.cpp.o
[ 50%] Building CXX object CMakeFiles/doitgen.dir/linear-algebra/kernels/doitgen/doitgen.cpp.o
[ 50%] Building CXX object CMakeFiles/floyd-warshall.dir/medley/floyd-warshall/floyd-warshall.cpp.o
[ 50%] Building CXX object CMakeFiles/3mm.dir/linear-algebra/kernels/3mm/3mm.cpp.o
[ 50%] Building CXX object CMakeFiles/adi.dir/stencils/adi/adi.cpp.o
[ 50%] Building CXX object CMakeFiles/mvt.dir/linear-algebra/kernels/mvt/mvt.cpp.o
[ 50%] Building CXX object CMakeFiles/deriche.dir/medley/deriche/deriche.cpp.o
[ 50%] Building CXX object CMakeFiles/gramschmidt.dir/linear-algebra/solvers/gramschmidt/gramschmidt.cpp.o
[ 50%] Building CXX object CMakeFiles/fdtd-2d.dir/stencils/fdtd-2d/fdtd-2d.cpp.o
[ 50%] Building CXX object CMakeFiles/nussinov.dir/medley/nussinov/nussinov.cpp.o
[ 50%] Building CXX object CMakeFiles/jacobi-1d.dir/stencils/jacobi-1d/jacobi-1d.cpp.o
[ 50%] Building CXX object CMakeFiles/heat-3d.dir/stencils/heat-3d/heat-3d.cpp.o
[ 50%] Building CXX object CMakeFiles/seidel-2d.dir/stencils/seidel-2d/seidel-2d.cpp.o
[ 50%] Building CXX object CMakeFiles/jacobi-2d.dir/stencils/jacobi-2d/jacobi-2d.cpp.o
[ 53%] Linking CXX executable nussinov
[ 53%] Linking CXX executable cholesky
[ 55%] Linking CXX executable jacobi-1d
[ 55%] Built target jacobi-1d
[ 56%] Linking CXX executable durbin
[ 58%] Linking CXX executable seidel-2d
[ 60%] Linking CXX executable floyd-warshall
[ 61%] Linking CXX executable gesummv
[ 63%] Linking CXX executable atax
[ 63%] Built target seidel-2d
[ 63%] Built target durbin
[ 65%] Linking CXX executable trisolv
[ 66%] Linking CXX executable jacobi-2d
[ 66%] Built target floyd-warshall
[ 66%] Built target gesummv
[ 66%] Built target atax
[ 66%] Built target trisolv
[ 66%] Built target jacobi-2d
[ 68%] Linking CXX executable adi
[ 70%] Linking CXX executable syrk
[ 70%] Built target adi
[ 71%] Linking CXX executable trmm
[ 73%] Linking CXX executable lu
[ 75%] Linking CXX executable deriche
[ 75%] Built target syrk
[ 75%] Built target trmm
[ 76%] Linking CXX executable gemver
[ 76%] Built target lu
[ 78%] Linking CXX executable symm
[ 78%] Built target deriche
[ 80%] Linking CXX executable bicg
[ 80%] Built target gemver
[ 81%] Linking CXX executable gemm
[ 81%] Built target symm
[ 83%] Linking CXX executable mvt
[ 85%] Linking CXX executable syr2k
[ 85%] Built target bicg
[ 85%] Built target gemm
[ 86%] Linking CXX executable gramschmidt
[ 88%] Linking CXX executable covariance
[ 88%] Built target mvt
[ 91%] Linking CXX executable heat-3d
[ 91%] Linking CXX executable doitgen
[ 91%] Built target syr2k
[ 91%] Built target gramschmidt
[ 91%] Built target covariance
[ 93%] Linking CXX executable fdtd-2d
[ 93%] Built target doitgen
[ 93%] Built target heat-3d
[ 95%] Linking CXX executable ludcmp
[ 95%] Built target fdtd-2d
[ 95%] Built target ludcmp
[ 96%] Linking CXX executable correlation
[ 96%] Built target correlation
[ 98%] Linking CXX executable 2mm
[ 98%] Built target 2mm
[100%] Linking CXX executable 3mm
[100%] Built target 3mm
Skipping noarr all_hints 2mm repetition 4 for dataset size MINI (already done).
Skipping noarr all_hints 2mm repetition 4 for dataset size MINI (already done).
Skipping noarr all_hints 3mm repetition 4 for dataset size MINI (already done).
Skipping noarr all_hints 3mm repetition 4 for dataset size MINI (already done).
Skipping noarr all_hints adi repetition 4 for dataset size MINI (already done).
Skipping noarr all_hints adi repetition 4 for dataset size MINI (already done).
Skipping noarr all_hints atax repetition 4 for dataset size MINI (already done).
Skipping noarr all_hints atax repetition 4 for dataset size MINI (already done).
Skipping noarr all_hints bicg repetition 4 for dataset size MINI (already done).
Skipping noarr all_hints bicg repetition 4 for dataset size MINI (already done).
Skipping noarr all_hints correlation repetition 4 for dataset size MINI (already done).
Skipping noarr all_hints correlation repetition 4 for dataset size MINI (already done).
Skipping noarr all_hints covariance repetition 4 for dataset size MINI (already done).
Skipping noarr all_hints covariance repetition 4 for dataset size MINI (already done).
Skipping noarr all_hints doitgen repetition 4 for dataset size MINI (already done).
Skipping noarr all_hints doitgen repetition 4 for dataset size MINI (already done).
Skipping noarr all_hints durbin repetition 4 for dataset size MINI (already done).
Skipping noarr all_hints durbin repetition 4 for dataset size MINI (already done).
Skipping noarr all_hints fdtd-2d repetition 4 for dataset size MINI (already done).
Skipping noarr all_hints fdtd-2d repetition 4 for dataset size MINI (already done).
Skipping noarr all_hints floyd-warshall repetition 4 for dataset size MINI (already done).
Skipping noarr all_hints floyd-warshall repetition 4 for dataset size MINI (already done).
Skipping noarr all_hints gemm repetition 4 for dataset size MINI (already done).
Skipping noarr all_hints gemm repetition 4 for dataset size MINI (already done).
Skipping noarr all_hints gemver repetition 4 for dataset size MINI (already done).
Skipping noarr all_hints gemver repetition 4 for dataset size MINI (already done).
Skipping noarr all_hints gesummv repetition 4 for dataset size MINI (already done).
Skipping noarr all_hints gesummv repetition 4 for dataset size MINI (already done).
Skipping noarr all_hints heat-3d repetition 4 for dataset size MINI (already done).
Skipping noarr all_hints heat-3d repetition 4 for dataset size MINI (already done).
Skipping noarr all_hints jacobi-1d repetition 4 for dataset size MINI (already done).
Skipping noarr all_hints jacobi-1d repetition 4 for dataset size MINI (already done).
Skipping noarr all_hints jacobi-2d repetition 4 for dataset size MINI (already done).
Skipping noarr all_hints jacobi-2d repetition 4 for dataset size MINI (already done).
Skipping noarr all_hints lu repetition 4 for dataset size MINI (already done).
Skipping noarr all_hints lu repetition 4 for dataset size MINI (already done).
Skipping noarr all_hints ludcmp repetition 4 for dataset size MINI (already done).
Skipping noarr all_hints ludcmp repetition 4 for dataset size MINI (already done).
Skipping noarr all_hints mvt repetition 4 for dataset size MINI (already done).
Skipping noarr all_hints mvt repetition 4 for dataset size MINI (already done).
Skipping noarr all_hints seidel-2d repetition 4 for dataset size MINI (already done).
Skipping noarr all_hints seidel-2d repetition 4 for dataset size MINI (already done).
Skipping noarr all_hints symm repetition 4 for dataset size MINI (already done).
Skipping noarr all_hints symm repetition 4 for dataset size MINI (already done).
Skipping noarr all_hints syr2k repetition 4 for dataset size MINI (already done).
Skipping noarr all_hints syr2k repetition 4 for dataset size MINI (already done).
Skipping noarr all_hints syrk repetition 4 for dataset size MINI (already done).
Skipping noarr all_hints syrk repetition 4 for dataset size MINI (already done).
Skipping noarr all_hints trisolv repetition 4 for dataset size MINI (already done).
Skipping noarr all_hints trisolv repetition 4 for dataset size MINI (already done).
Skipping noarr all_hints trmm repetition 4 for dataset size MINI (already done).
Skipping noarr all_hints trmm repetition 4 for dataset size MINI (already done).
-- The CXX compiler identification is GNU 15.2.0
-- Detecting CXX compiler ABI info
-- Detecting CXX compiler ABI info - done
-- Check for working CXX compiler: /usr/local/latestgcc/bin/g++ - skipped
-- Detecting CXX compile features
-- Detecting CXX compile features - done
-- Using NOARR_STRUCTURES_DIR from environment: /home/kleplj/all_hints/submodules/noarr-structures
-- Configuring done (0.4s)
-- Generating done (0.7s)
-- Build files have been written to: /home/kleplj/all_hints/optimization/all_hints/PolybenchC-Noarr/build
[  3%] Building CXX object CMakeFiles/correlation.dir/datamining/correlation/correlation.cpp.o
[  8%] Building CXX object CMakeFiles/covariance.dir/datamining/covariance/covariance.cpp.o
[ 13%] Building CXX object CMakeFiles/symm.dir/linear-algebra/blas/symm/symm.cpp.o
[ 13%] Building CXX object CMakeFiles/gemm.dir/linear-algebra/blas/gemm/gemm.cpp.o
[ 13%] Building CXX object CMakeFiles/syr2k.dir/linear-algebra/blas/syr2k/syr2k.cpp.o
[ 23%] Building CXX object CMakeFiles/2mm.dir/linear-algebra/kernels/2mm/2mm.cpp.o
[ 23%] Building CXX object CMakeFiles/3mm.dir/linear-algebra/kernels/3mm/3mm.cpp.o
[ 23%] Building CXX object CMakeFiles/syrk.dir/linear-algebra/blas/syrk/syrk.cpp.o
[ 23%] Building CXX object CMakeFiles/gesummv.dir/linear-algebra/blas/gesummv/gesummv.cpp.o
[ 23%] Building CXX object CMakeFiles/atax.dir/linear-algebra/kernels/atax/atax.cpp.o
[ 23%] Building CXX object CMakeFiles/trmm.dir/linear-algebra/blas/trmm/trmm.cpp.o
[ 23%] Building CXX object CMakeFiles/gemver.dir/linear-algebra/blas/gemver/gemver.cpp.o
[ 43%] Building CXX object CMakeFiles/ludcmp.dir/linear-algebra/solvers/ludcmp/ludcmp.cpp.o
[ 50%] Building CXX object CMakeFiles/lu.dir/linear-algebra/solvers/lu/lu.cpp.o
[ 50%] Building CXX object CMakeFiles/floyd-warshall.dir/medley/floyd-warshall/floyd-warshall.cpp.o
[ 50%] Building CXX object CMakeFiles/trisolv.dir/linear-algebra/solvers/trisolv/trisolv.cpp.o
[ 50%] Building CXX object CMakeFiles/doitgen.dir/linear-algebra/kernels/doitgen/doitgen.cpp.o
[ 50%] Building CXX object CMakeFiles/bicg.dir/linear-algebra/kernels/bicg/bicg.cpp.o
[ 50%] Building CXX object CMakeFiles/nussinov.dir/medley/nussinov/nussinov.cpp.o
[ 50%] Building CXX object CMakeFiles/deriche.dir/medley/deriche/deriche.cpp.o
[ 50%] Building CXX object CMakeFiles/cholesky.dir/linear-algebra/solvers/cholesky/cholesky.cpp.o
[ 50%] Building CXX object CMakeFiles/gramschmidt.dir/linear-algebra/solvers/gramschmidt/gramschmidt.cpp.o
[ 50%] Building CXX object CMakeFiles/fdtd-2d.dir/stencils/fdtd-2d/fdtd-2d.cpp.o
[ 50%] Building CXX object CMakeFiles/jacobi-1d.dir/stencils/jacobi-1d/jacobi-1d.cpp.o
[ 50%] Building CXX object CMakeFiles/heat-3d.dir/stencils/heat-3d/heat-3d.cpp.o
[ 50%] Building CXX object CMakeFiles/adi.dir/stencils/adi/adi.cpp.o
[ 50%] Building CXX object CMakeFiles/durbin.dir/linear-algebra/solvers/durbin/durbin.cpp.o
[ 50%] Building CXX object CMakeFiles/jacobi-2d.dir/stencils/jacobi-2d/jacobi-2d.cpp.o
[ 50%] Building CXX object CMakeFiles/mvt.dir/linear-algebra/kernels/mvt/mvt.cpp.o
[ 50%] Building CXX object CMakeFiles/seidel-2d.dir/stencils/seidel-2d/seidel-2d.cpp.o
[ 53%] Linking CXX executable nussinov
[ 53%] Linking CXX executable cholesky
[ 55%] Linking CXX executable jacobi-1d
[ 55%] Built target jacobi-1d
[ 56%] Linking CXX executable durbin
[ 58%] Linking CXX executable seidel-2d
[ 60%] Linking CXX executable trisolv
[ 61%] Linking CXX executable gesummv
[ 61%] Built target durbin
[ 63%] Linking CXX executable bicg
[ 65%] Linking CXX executable jacobi-2d
[ 65%] Built target seidel-2d
[ 66%] Linking CXX executable mvt
[ 68%] Linking CXX executable floyd-warshall
[ 68%] Built target trisolv
[ 68%] Built target gesummv
[ 68%] Built target bicg
[ 68%] Built target jacobi-2d
[ 68%] Built target mvt
[ 68%] Built target floyd-warshall
[ 70%] Linking CXX executable trmm
[ 71%] Linking CXX executable adi
[ 73%] Linking CXX executable lu
[ 73%] Built target trmm
[ 73%] Built target adi
[ 75%] Linking CXX executable atax
[ 76%] Linking CXX executable deriche
[ 78%] Linking CXX executable syrk
[ 78%] Built target lu
[ 78%] Built target atax
[ 81%] Linking CXX executable doitgen
[ 81%] Linking CXX executable symm
[ 83%] Linking CXX executable gemver
[ 85%] Linking CXX executable fdtd-2d
[ 85%] Built target deriche
[ 85%] Built target syrk
[ 86%] Linking CXX executable heat-3d
[ 88%] Linking CXX executable covariance
[ 90%] Linking CXX executable gemm
[ 90%] Built target doitgen
[ 90%] Built target symm
[ 90%] Built target gemver
[ 90%] Built target fdtd-2d
[ 91%] Linking CXX executable syr2k
[ 91%] Built target heat-3d
[ 91%] Built target covariance
[ 91%] Built target gemm
[ 93%] Linking CXX executable gramschmidt
[ 93%] Built target syr2k
[ 93%] Built target gramschmidt
[ 95%] Linking CXX executable ludcmp
[ 95%] Built target ludcmp
[ 96%] Linking CXX executable correlation
[ 96%] Built target correlation
[ 98%] Linking CXX executable 2mm
[ 98%] Built target 2mm
[100%] Linking CXX executable 3mm
[100%] Built target 3mm
Skipping noarr all_hints 2mm repetition 5 for dataset size MINI (already done).
Skipping noarr all_hints 2mm repetition 5 for dataset size MINI (already done).
Skipping noarr all_hints 3mm repetition 5 for dataset size MINI (already done).
Skipping noarr all_hints 3mm repetition 5 for dataset size MINI (already done).
Skipping noarr all_hints adi repetition 5 for dataset size MINI (already done).
Skipping noarr all_hints adi repetition 5 for dataset size MINI (already done).
Skipping noarr all_hints atax repetition 5 for dataset size MINI (already done).
Skipping noarr all_hints atax repetition 5 for dataset size MINI (already done).
Skipping noarr all_hints bicg repetition 5 for dataset size MINI (already done).
Skipping noarr all_hints bicg repetition 5 for dataset size MINI (already done).
Skipping noarr all_hints correlation repetition 5 for dataset size MINI (already done).
Skipping noarr all_hints correlation repetition 5 for dataset size MINI (already done).
Skipping noarr all_hints covariance repetition 5 for dataset size MINI (already done).
Skipping noarr all_hints covariance repetition 5 for dataset size MINI (already done).
Skipping noarr all_hints doitgen repetition 5 for dataset size MINI (already done).
Skipping noarr all_hints doitgen repetition 5 for dataset size MINI (already done).
Skipping noarr all_hints durbin repetition 5 for dataset size MINI (already done).
Skipping noarr all_hints durbin repetition 5 for dataset size MINI (already done).
Skipping noarr all_hints fdtd-2d repetition 5 for dataset size MINI (already done).
Skipping noarr all_hints fdtd-2d repetition 5 for dataset size MINI (already done).
Skipping noarr all_hints floyd-warshall repetition 5 for dataset size MINI (already done).
Skipping noarr all_hints floyd-warshall repetition 5 for dataset size MINI (already done).
Skipping noarr all_hints gemm repetition 5 for dataset size MINI (already done).
Skipping noarr all_hints gemm repetition 5 for dataset size MINI (already done).
Skipping noarr all_hints gemver repetition 5 for dataset size MINI (already done).
Skipping noarr all_hints gemver repetition 5 for dataset size MINI (already done).
Skipping noarr all_hints gesummv repetition 5 for dataset size MINI (already done).
Skipping noarr all_hints gesummv repetition 5 for dataset size MINI (already done).
Skipping noarr all_hints heat-3d repetition 5 for dataset size MINI (already done).
Skipping noarr all_hints heat-3d repetition 5 for dataset size MINI (already done).
Skipping noarr all_hints jacobi-1d repetition 5 for dataset size MINI (already done).
Skipping noarr all_hints jacobi-1d repetition 5 for dataset size MINI (already done).
Skipping noarr all_hints jacobi-2d repetition 5 for dataset size MINI (already done).
Skipping noarr all_hints jacobi-2d repetition 5 for dataset size MINI (already done).
Skipping noarr all_hints lu repetition 5 for dataset size MINI (already done).
Skipping noarr all_hints lu repetition 5 for dataset size MINI (already done).
Skipping noarr all_hints ludcmp repetition 5 for dataset size MINI (already done).
Skipping noarr all_hints ludcmp repetition 5 for dataset size MINI (already done).
Skipping noarr all_hints mvt repetition 5 for dataset size MINI (already done).
Skipping noarr all_hints mvt repetition 5 for dataset size MINI (already done).
Skipping noarr all_hints seidel-2d repetition 5 for dataset size MINI (already done).
Skipping noarr all_hints seidel-2d repetition 5 for dataset size MINI (already done).
Skipping noarr all_hints symm repetition 5 for dataset size MINI (already done).
Skipping noarr all_hints symm repetition 5 for dataset size MINI (already done).
Skipping noarr all_hints syr2k repetition 5 for dataset size MINI (already done).
Skipping noarr all_hints syr2k repetition 5 for dataset size MINI (already done).
Skipping noarr all_hints syrk repetition 5 for dataset size MINI (already done).
Skipping noarr all_hints syrk repetition 5 for dataset size MINI (already done).
Skipping noarr all_hints trisolv repetition 5 for dataset size MINI (already done).
Skipping noarr all_hints trisolv repetition 5 for dataset size MINI (already done).
Skipping noarr all_hints trmm repetition 5 for dataset size MINI (already done).
Skipping noarr all_hints trmm repetition 5 for dataset size MINI (already done).
-- The CXX compiler identification is GNU 15.2.0
-- Detecting CXX compiler ABI info
-- Detecting CXX compiler ABI info - done
-- Check for working CXX compiler: /usr/local/latestgcc/bin/g++ - skipped
-- Detecting CXX compile features
-- Detecting CXX compile features - done
-- Found Python: /home/kleplj/all_hints/gpt-querying/.venv/bin/python3.9 (found suitable version "3.9.21", minimum required is "3") found components: Interpreter Development.Module
-- Halide 'host' platform triple:   x86-64-linux
-- Halide 'cmake' platform triple:  x86-64-linux
-- Halide default AOT target:       host
-- Found ZLIB: /usr/lib64/libz.so (found version "1.2.11")
-- Could NOT find PNG (missing: PNG_LIBRARY PNG_PNG_INCLUDE_DIR) 
-- Could NOT find JPEG (missing: JPEG_LIBRARY JPEG_INCLUDE_DIR) 
-- Configuring done (0.8s)
-- Generating done (0.8s)
-- Build files have been written to: /home/kleplj/all_hints/optimization/all_hints/PolybenchC-Halide/build
[ 10%] Building CXX object CMakeFiles/correlation.dir/datamining/correlation/correlation.cpp.o
[ 10%] Building CXX object CMakeFiles/gemm.dir/linear-algebra/blas/gemm/gemm.cpp.o
[ 10%] Building CXX object CMakeFiles/covariance.dir/datamining/covariance/covariance.cpp.o
[ 18%] Building CXX object CMakeFiles/bicg.dir/linear-algebra/kernels/bicg/bicg.cpp.o
[ 26%] Building CXX object CMakeFiles/atax.dir/linear-algebra/kernels/atax/atax.cpp.o
[ 18%] Building CXX object CMakeFiles/symm.dir/linear-algebra/blas/symm/symm.cpp.o
[ 18%] Building CXX object CMakeFiles/gemver.dir/linear-algebra/blas/gemver/gemver.cpp.o
[ 18%] Building CXX object CMakeFiles/gesummv.dir/linear-algebra/blas/gesummv/gesummv.cpp.o
[ 18%] Building CXX object CMakeFiles/syr2k.dir/linear-algebra/blas/syr2k/syr2k.cpp.o
[ 18%] Building CXX object CMakeFiles/syrk.dir/linear-algebra/blas/syrk/syrk.cpp.o
[ 31%] Building CXX object CMakeFiles/doitgen.dir/linear-algebra/kernels/doitgen/doitgen.cpp.o
[ 50%] Building CXX object CMakeFiles/gramschmidt.dir/linear-algebra/solvers/gramschmidt/gramschmidt.cpp.o
[ 50%] Building CXX object CMakeFiles/cholesky.dir/linear-algebra/solvers/cholesky/cholesky.cpp.o
[ 50%] Building CXX object CMakeFiles/trisolv.dir/linear-algebra/solvers/trisolv/trisolv.cpp.o
[ 50%] Building CXX object CMakeFiles/3mm.dir/linear-algebra/kernels/3mm/3mm.cpp.o
[ 50%] Building CXX object CMakeFiles/heat-3d.dir/stencils/heat-3d/heat-3d.cpp.o
[ 50%] Building CXX object CMakeFiles/adi.dir/stencils/adi/adi.cpp.o
[ 50%] Building CXX object CMakeFiles/fdtd-2d.dir/stencils/fdtd-2d/fdtd-2d.cpp.o
[ 50%] Building CXX object CMakeFiles/lu.dir/linear-algebra/solvers/lu/lu.cpp.o
[ 50%] Building CXX object CMakeFiles/ludcmp.dir/linear-algebra/solvers/ludcmp/ludcmp.cpp.o
[ 50%] Building CXX object CMakeFiles/seidel-2d.dir/stencils/seidel-2d/seidel-2d.cpp.o
[ 50%] Building CXX object CMakeFiles/nussinov.dir/medley/nussinov/nussinov.cpp.o
[ 50%] Building CXX object CMakeFiles/2mm.dir/linear-algebra/kernels/2mm/2mm.cpp.o
[ 50%] Building CXX object CMakeFiles/floyd-warshall.dir/medley/floyd-warshall/floyd-warshall.cpp.o
[ 50%] Building CXX object CMakeFiles/jacobi-2d.dir/stencils/jacobi-2d/jacobi-2d.cpp.o
[ 50%] Building CXX object CMakeFiles/trmm.dir/linear-algebra/blas/trmm/trmm.cpp.o
[ 50%] Building CXX object CMakeFiles/durbin.dir/linear-algebra/solvers/durbin/durbin.cpp.o
[ 50%] Building CXX object CMakeFiles/mvt.dir/linear-algebra/kernels/mvt/mvt.cpp.o
[ 50%] Building CXX object CMakeFiles/deriche.dir/medley/deriche/deriche.cpp.o
[ 50%] Building CXX object CMakeFiles/jacobi-1d.dir/stencils/jacobi-1d/jacobi-1d.cpp.o
[ 51%] Linking CXX executable gemver
[ 53%] Linking CXX executable gramschmidt
[ 55%] Linking CXX executable covariance
[ 56%] Linking CXX executable gemm
[ 58%] Linking CXX executable seidel-2d
[ 58%] Built target covariance
[ 60%] Linking CXX executable floyd-warshall
[ 61%] Built target gemm
[ 61%] Linking CXX executable jacobi-1d
[ 63%] Linking CXX executable 3mm
[ 65%] Linking CXX executable adi
[ 65%] Built target seidel-2d
[ 65%] Built target floyd-warshall
[ 65%] Built target jacobi-1d
[ 65%] Built target 3mm
[ 65%] Built target adi
[ 66%] Linking CXX executable correlation
[ 68%] Linking CXX executable deriche
[ 70%] Linking CXX executable durbin
[ 71%] Linking CXX executable doitgen
[ 73%] Linking CXX executable 2mm
[ 73%] Built target correlation
[ 73%] Built target deriche
[ 73%] Built target durbin
[ 75%] Linking CXX executable gesummv
[ 75%] Built target doitgen
[ 75%] Built target 2mm
[ 75%] Built target gesummv
[ 76%] Linking CXX executable heat-3d
[ 78%] Linking CXX executable bicg
[ 78%] Built target heat-3d
[ 80%] Linking CXX executable symm
[ 80%] Built target bicg
[ 80%] Built target symm
[ 81%] Linking CXX executable trisolv
[ 83%] Linking CXX executable mvt
[ 83%] Built target trisolv
[ 83%] Built target mvt
[ 85%] Linking CXX executable lu
[ 86%] Linking CXX executable fdtd-2d
[ 86%] Built target lu
[ 86%] Built target fdtd-2d
[ 88%] Linking CXX executable cholesky
[ 88%] Built target cholesky
Skipping halide all_hints adi repetition 1 for dataset size MINI (already done).
Skipping halide all_hints adi repetition 1 for dataset size MINI (already done).
Skipping halide all_hints deriche repetition 1 for dataset size MINI (already done).
Skipping halide all_hints deriche repetition 1 for dataset size MINI (already done).
Skipping halide all_hints heat-3d repetition 1 for dataset size MINI (already done).
Skipping halide all_hints heat-3d repetition 1 for dataset size MINI (already done).
-- The CXX compiler identification is GNU 15.2.0
-- Detecting CXX compiler ABI info
-- Detecting CXX compiler ABI info - done
-- Check for working CXX compiler: /usr/local/latestgcc/bin/g++ - skipped
-- Detecting CXX compile features
-- Detecting CXX compile features - done
-- Found Python: /home/kleplj/all_hints/gpt-querying/.venv/bin/python3.9 (found suitable version "3.9.21", minimum required is "3") found components: Interpreter Development.Module
-- Halide 'host' platform triple:   x86-64-linux
-- Halide 'cmake' platform triple:  x86-64-linux
-- Halide default AOT target:       host
-- Found ZLIB: /usr/lib64/libz.so (found version "1.2.11")
-- Could NOT find PNG (missing: PNG_LIBRARY PNG_PNG_INCLUDE_DIR) 
-- Could NOT find JPEG (missing: JPEG_LIBRARY JPEG_INCLUDE_DIR) 
-- Configuring done (0.7s)
-- Generating done (0.7s)
-- Build files have been written to: /home/kleplj/all_hints/optimization/all_hints/PolybenchC-Halide/build
[ 10%] Building CXX object CMakeFiles/covariance.dir/datamining/covariance/covariance.cpp.o
[ 10%] Building CXX object CMakeFiles/correlation.dir/datamining/correlation/correlation.cpp.o
[ 10%] Building CXX object CMakeFiles/gemm.dir/linear-algebra/blas/gemm/gemm.cpp.o
[ 21%] Building CXX object CMakeFiles/gesummv.dir/linear-algebra/blas/gesummv/gesummv.cpp.o
[ 21%] Building CXX object CMakeFiles/gemver.dir/linear-algebra/blas/gemver/gemver.cpp.o
[ 21%] Building CXX object CMakeFiles/syrk.dir/linear-algebra/blas/syrk/syrk.cpp.o
[ 21%] Building CXX object CMakeFiles/trmm.dir/linear-algebra/blas/trmm/trmm.cpp.o
[ 21%] Building CXX object CMakeFiles/syr2k.dir/linear-algebra/blas/syr2k/syr2k.cpp.o
[ 21%] Building CXX object CMakeFiles/doitgen.dir/linear-algebra/kernels/doitgen/doitgen.cpp.o
[ 21%] Building CXX object CMakeFiles/symm.dir/linear-algebra/blas/symm/symm.cpp.o
[ 38%] Building CXX object CMakeFiles/bicg.dir/linear-algebra/kernels/bicg/bicg.cpp.o
[ 50%] Building CXX object CMakeFiles/floyd-warshall.dir/medley/floyd-warshall/floyd-warshall.cpp.o
[ 50%] Building CXX object CMakeFiles/fdtd-2d.dir/stencils/fdtd-2d/fdtd-2d.cpp.o
[ 50%] Building CXX object CMakeFiles/heat-3d.dir/stencils/heat-3d/heat-3d.cpp.o
[ 50%] Building CXX object CMakeFiles/deriche.dir/medley/deriche/deriche.cpp.o
[ 50%] Building CXX object CMakeFiles/mvt.dir/linear-algebra/kernels/mvt/mvt.cpp.o
[ 50%] Building CXX object CMakeFiles/atax.dir/linear-algebra/kernels/atax/atax.cpp.o
[ 50%] Building CXX object CMakeFiles/2mm.dir/linear-algebra/kernels/2mm/2mm.cpp.o
[ 50%] Building CXX object CMakeFiles/trisolv.dir/linear-algebra/solvers/trisolv/trisolv.cpp.o
[ 50%] Building CXX object CMakeFiles/cholesky.dir/linear-algebra/solvers/cholesky/cholesky.cpp.o
[ 50%] Building CXX object CMakeFiles/ludcmp.dir/linear-algebra/solvers/ludcmp/ludcmp.cpp.o
[ 50%] Building CXX object CMakeFiles/3mm.dir/linear-algebra/kernels/3mm/3mm.cpp.o
[ 50%] Building CXX object CMakeFiles/gramschmidt.dir/linear-algebra/solvers/gramschmidt/gramschmidt.cpp.o
[ 50%] Building CXX object CMakeFiles/lu.dir/linear-algebra/solvers/lu/lu.cpp.o
[ 50%] Building CXX object CMakeFiles/seidel-2d.dir/stencils/seidel-2d/seidel-2d.cpp.o
[ 50%] Building CXX object CMakeFiles/adi.dir/stencils/adi/adi.cpp.o
[ 50%] Building CXX object CMakeFiles/nussinov.dir/medley/nussinov/nussinov.cpp.o
[ 50%] Building CXX object CMakeFiles/durbin.dir/linear-algebra/solvers/durbin/durbin.cpp.o
[ 50%] Building CXX object CMakeFiles/jacobi-2d.dir/stencils/jacobi-2d/jacobi-2d.cpp.o
[ 50%] Building CXX object CMakeFiles/jacobi-1d.dir/stencils/jacobi-1d/jacobi-1d.cpp.o
[ 51%] Linking CXX executable gemver
[ 53%] Linking CXX executable gramschmidt
[ 55%] Linking CXX executable covariance
[ 56%] Linking CXX executable syr2k
[ 58%] Linking CXX executable floyd-warshall
[ 58%] Built target covariance
[ 60%] Linking CXX executable trmm
[ 60%] Built target syr2k
[ 60%] Built target floyd-warshall
[ 61%] Linking CXX executable syrk
[ 63%] Linking CXX executable deriche
[ 63%] Built target trmm
[ 63%] Built target syrk
[ 65%] Linking CXX executable jacobi-2d
[ 65%] Built target deriche
[ 66%] Linking CXX executable durbin
[ 68%] Linking CXX executable correlation
[ 68%] Built target jacobi-2d
[ 70%] Linking CXX executable 2mm
[ 70%] Built target durbin
[ 70%] Built target correlation
[ 71%] Linking CXX executable heat-3d
[ 71%] Built target 2mm
[ 75%] Linking CXX executable seidel-2d
[ 75%] Linking CXX executable 3mm
[ 75%] Built target heat-3d
[ 76%] Linking CXX executable gesummv
[ 78%] Linking CXX executable doitgen
[ 78%] Built target 3mm
[ 78%] Built target seidel-2d
[ 78%] Built target gesummv
[ 78%] Built target doitgen
[ 80%] Linking CXX executable bicg
[ 81%] Linking CXX executable lu
[ 83%] Linking CXX executable cholesky
[ 83%] Built target bicg
[ 83%] Built target lu
[ 83%] Built target cholesky
[ 85%] Linking CXX executable mvt
[ 85%] Built target mvt
[ 86%] Linking CXX executable ludcmp
[ 88%] Linking CXX executable nussinov
[ 88%] Built target ludcmp
[ 88%] Built target nussinov
Skipping halide all_hints correlation repetition 2 for dataset size MINI (already done).
Skipping halide all_hints correlation repetition 2 for dataset size MINI (already done).
Skipping halide all_hints deriche repetition 2 for dataset size MINI (already done).
Skipping halide all_hints deriche repetition 2 for dataset size MINI (already done).
Skipping halide all_hints heat-3d repetition 2 for dataset size MINI (already done).
Skipping halide all_hints heat-3d repetition 2 for dataset size MINI (already done).
Skipping halide all_hints ludcmp repetition 2 for dataset size MINI (already done).
Skipping halide all_hints ludcmp repetition 2 for dataset size MINI (already done).
-- The CXX compiler identification is GNU 15.2.0
-- Detecting CXX compiler ABI info
-- Detecting CXX compiler ABI info - done
-- Check for working CXX compiler: /usr/local/latestgcc/bin/g++ - skipped
-- Detecting CXX compile features
-- Detecting CXX compile features - done
-- Found Python: /home/kleplj/all_hints/gpt-querying/.venv/bin/python3.9 (found suitable version "3.9.21", minimum required is "3") found components: Interpreter Development.Module
-- Halide 'host' platform triple:   x86-64-linux
-- Halide 'cmake' platform triple:  x86-64-linux
-- Halide default AOT target:       host
-- Found ZLIB: /usr/lib64/libz.so (found version "1.2.11")
-- Could NOT find PNG (missing: PNG_LIBRARY PNG_PNG_INCLUDE_DIR) 
-- Could NOT find JPEG (missing: JPEG_LIBRARY JPEG_INCLUDE_DIR) 
-- Configuring done (0.8s)
-- Generating done (0.7s)
-- Build files have been written to: /home/kleplj/all_hints/optimization/all_hints/PolybenchC-Halide/build
[  5%] Building CXX object CMakeFiles/covariance.dir/datamining/covariance/covariance.cpp.o
[  5%] Building CXX object CMakeFiles/correlation.dir/datamining/correlation/correlation.cpp.o
[ 10%] Building CXX object CMakeFiles/gemver.dir/linear-algebra/blas/gemver/gemver.cpp.o
[ 11%] Building CXX object CMakeFiles/gemm.dir/linear-algebra/blas/gemm/gemm.cpp.o
[ 11%] Building CXX object CMakeFiles/gesummv.dir/linear-algebra/blas/gesummv/gesummv.cpp.o
[ 15%] Building CXX object CMakeFiles/3mm.dir/linear-algebra/kernels/3mm/3mm.cpp.o
[ 15%] Building CXX object CMakeFiles/symm.dir/linear-algebra/blas/symm/symm.cpp.o
[ 25%] Building CXX object CMakeFiles/syrk.dir/linear-algebra/blas/syrk/syrk.cpp.o
[ 25%] Building CXX object CMakeFiles/syr2k.dir/linear-algebra/blas/syr2k/syr2k.cpp.o
[ 25%] Building CXX object CMakeFiles/mvt.dir/linear-algebra/kernels/mvt/mvt.cpp.o
[ 25%] Building CXX object CMakeFiles/2mm.dir/linear-algebra/kernels/2mm/2mm.cpp.o
[ 25%] Building CXX object CMakeFiles/atax.dir/linear-algebra/kernels/atax/atax.cpp.o
[ 25%] Building CXX object CMakeFiles/trmm.dir/linear-algebra/blas/trmm/trmm.cpp.o
[ 45%] Building CXX object CMakeFiles/bicg.dir/linear-algebra/kernels/bicg/bicg.cpp.o
[ 50%] Building CXX object CMakeFiles/gramschmidt.dir/linear-algebra/solvers/gramschmidt/gramschmidt.cpp.o
[ 50%] Building CXX object CMakeFiles/fdtd-2d.dir/stencils/fdtd-2d/fdtd-2d.cpp.o
[ 50%] Building CXX object CMakeFiles/cholesky.dir/linear-algebra/solvers/cholesky/cholesky.cpp.o
[ 50%] Building CXX object CMakeFiles/deriche.dir/medley/deriche/deriche.cpp.o
[ 50%] Building CXX object CMakeFiles/ludcmp.dir/linear-algebra/solvers/ludcmp/ludcmp.cpp.o
[ 50%] Building CXX object CMakeFiles/floyd-warshall.dir/medley/floyd-warshall/floyd-warshall.cpp.o
[ 50%] Building CXX object CMakeFiles/trisolv.dir/linear-algebra/solvers/trisolv/trisolv.cpp.o
[ 50%] Building CXX object CMakeFiles/heat-3d.dir/stencils/heat-3d/heat-3d.cpp.o
[ 50%] Building CXX object CMakeFiles/durbin.dir/linear-algebra/solvers/durbin/durbin.cpp.o
[ 50%] Building CXX object CMakeFiles/doitgen.dir/linear-algebra/kernels/doitgen/doitgen.cpp.o
[ 50%] Building CXX object CMakeFiles/adi.dir/stencils/adi/adi.cpp.o
[ 50%] Building CXX object CMakeFiles/nussinov.dir/medley/nussinov/nussinov.cpp.o
[ 50%] Building CXX object CMakeFiles/jacobi-1d.dir/stencils/jacobi-1d/jacobi-1d.cpp.o
[ 50%] Building CXX object CMakeFiles/lu.dir/linear-algebra/solvers/lu/lu.cpp.o
[ 50%] Building CXX object CMakeFiles/seidel-2d.dir/stencils/seidel-2d/seidel-2d.cpp.o
[ 50%] Building CXX object CMakeFiles/jacobi-2d.dir/stencils/jacobi-2d/jacobi-2d.cpp.o
[ 51%] Linking CXX executable gemver
[ 53%] Linking CXX executable gramschmidt
[ 55%] Linking CXX executable trmm
[ 56%] Linking CXX executable floyd-warshall
[ 56%] Built target trmm
[ 58%] Linking CXX executable jacobi-1d
[ 58%] Built target floyd-warshall
[ 60%] Linking CXX executable syrk
[ 61%] Linking CXX executable covariance
[ 61%] Built target jacobi-1d
[ 63%] Linking CXX executable gemm
[ 63%] Built target syrk
[ 65%] Linking CXX executable syr2k
[ 66%] Linking CXX executable adi
[ 68%] Linking CXX executable jacobi-2d
[ 70%] Linking CXX executable deriche
[ 70%] Built target covariance
[ 70%] Built target gemm
[ 70%] Built target syr2k
[ 70%] Built target adi
[ 70%] Built target jacobi-2d
[ 70%] Built target deriche
[ 71%] Linking CXX executable 3mm
[ 73%] Linking CXX executable durbin
[ 73%] Built target 3mm
[ 75%] Linking CXX executable atax
[ 76%] Linking CXX executable trisolv
[ 78%] Linking CXX executable gesummv
[ 78%] Built target durbin
[ 80%] Linking CXX executable mvt
[ 81%] Linking CXX executable heat-3d
[ 81%] Built target atax
[ 83%] Linking CXX executable bicg
[ 85%] Linking CXX executable doitgen
[ 85%] Built target trisolv
[ 85%] Built target gesummv
[ 85%] Built target mvt
[ 85%] Built target heat-3d
[ 85%] Built target bicg
[ 85%] Built target doitgen
[ 86%] Linking CXX executable lu
[ 86%] Built target lu
[ 88%] Linking CXX executable nussinov
[ 88%] Built target nussinov
[ 90%] Linking CXX executable ludcmp
[ 90%] Built target ludcmp
Skipping halide all_hints adi repetition 3 for dataset size MINI (already done).
Skipping halide all_hints adi repetition 3 for dataset size MINI (already done).
Skipping halide all_hints deriche repetition 3 for dataset size MINI (already done).
Skipping halide all_hints deriche repetition 3 for dataset size MINI (already done).
Skipping halide all_hints heat-3d repetition 3 for dataset size MINI (already done).
Skipping halide all_hints heat-3d repetition 3 for dataset size MINI (already done).
Skipping halide all_hints mvt repetition 3 for dataset size MINI (already done).
Skipping halide all_hints mvt repetition 3 for dataset size MINI (already done).
-- The CXX compiler identification is GNU 15.2.0
-- Detecting CXX compiler ABI info
-- Detecting CXX compiler ABI info - done
-- Check for working CXX compiler: /usr/local/latestgcc/bin/g++ - skipped
-- Detecting CXX compile features
-- Detecting CXX compile features - done
-- Found Python: /home/kleplj/all_hints/gpt-querying/.venv/bin/python3.9 (found suitable version "3.9.21", minimum required is "3") found components: Interpreter Development.Module
-- Halide 'host' platform triple:   x86-64-linux
-- Halide 'cmake' platform triple:  x86-64-linux
-- Halide default AOT target:       host
-- Found ZLIB: /usr/lib64/libz.so (found version "1.2.11")
-- Could NOT find PNG (missing: PNG_LIBRARY PNG_PNG_INCLUDE_DIR) 
-- Could NOT find JPEG (missing: JPEG_LIBRARY JPEG_INCLUDE_DIR) 
-- Configuring done (0.7s)
-- Generating done (0.7s)
-- Build files have been written to: /home/kleplj/all_hints/optimization/all_hints/PolybenchC-Halide/build
[  6%] Building CXX object CMakeFiles/covariance.dir/datamining/covariance/covariance.cpp.o
[ 13%] Building CXX object CMakeFiles/gesummv.dir/linear-algebra/blas/gesummv/gesummv.cpp.o
[ 13%] Building CXX object CMakeFiles/gemver.dir/linear-algebra/blas/gemver/gemver.cpp.o
[ 13%] Building CXX object CMakeFiles/correlation.dir/datamining/correlation/correlation.cpp.o
[ 13%] Building CXX object CMakeFiles/gemm.dir/linear-algebra/blas/gemm/gemm.cpp.o
[ 26%] Building CXX object CMakeFiles/syrk.dir/linear-algebra/blas/syrk/syrk.cpp.o
[ 26%] Building CXX object CMakeFiles/symm.dir/linear-algebra/blas/symm/symm.cpp.o
[ 26%] Building CXX object CMakeFiles/atax.dir/linear-algebra/kernels/atax/atax.cpp.o
[ 26%] Building CXX object CMakeFiles/bicg.dir/linear-algebra/kernels/bicg/bicg.cpp.o
[ 26%] Building CXX object CMakeFiles/2mm.dir/linear-algebra/kernels/2mm/2mm.cpp.o
[ 26%] Building CXX object CMakeFiles/trmm.dir/linear-algebra/blas/trmm/trmm.cpp.o
[ 26%] Building CXX object CMakeFiles/syr2k.dir/linear-algebra/blas/syr2k/syr2k.cpp.o
[ 26%] Building CXX object CMakeFiles/3mm.dir/linear-algebra/kernels/3mm/3mm.cpp.o
[ 41%] Building CXX object CMakeFiles/trisolv.dir/linear-algebra/solvers/trisolv/trisolv.cpp.o
[ 50%] Building CXX object CMakeFiles/nussinov.dir/medley/nussinov/nussinov.cpp.o
[ 50%] Building CXX object CMakeFiles/jacobi-1d.dir/stencils/jacobi-1d/jacobi-1d.cpp.o
[ 50%] Building CXX object CMakeFiles/deriche.dir/medley/deriche/deriche.cpp.o
[ 50%] Building CXX object CMakeFiles/heat-3d.dir/stencils/heat-3d/heat-3d.cpp.o
[ 50%] Building CXX object CMakeFiles/lu.dir/linear-algebra/solvers/lu/lu.cpp.o
[ 50%] Building CXX object CMakeFiles/doitgen.dir/linear-algebra/kernels/doitgen/doitgen.cpp.o
[ 50%] Building CXX object CMakeFiles/durbin.dir/linear-algebra/solvers/durbin/durbin.cpp.o
[ 50%] Building CXX object CMakeFiles/floyd-warshall.dir/medley/floyd-warshall/floyd-warshall.cpp.o
[ 50%] Building CXX object CMakeFiles/cholesky.dir/linear-algebra/solvers/cholesky/cholesky.cpp.o
[ 50%] Building CXX object CMakeFiles/ludcmp.dir/linear-algebra/solvers/ludcmp/ludcmp.cpp.o
[ 50%] Building CXX object CMakeFiles/mvt.dir/linear-algebra/kernels/mvt/mvt.cpp.o
[ 50%] Building CXX object CMakeFiles/adi.dir/stencils/adi/adi.cpp.o
[ 50%] Building CXX object CMakeFiles/gramschmidt.dir/linear-algebra/solvers/gramschmidt/gramschmidt.cpp.o
[ 50%] Building CXX object CMakeFiles/fdtd-2d.dir/stencils/fdtd-2d/fdtd-2d.cpp.o
[ 50%] Building CXX object CMakeFiles/jacobi-2d.dir/stencils/jacobi-2d/jacobi-2d.cpp.o
[ 50%] Building CXX object CMakeFiles/seidel-2d.dir/stencils/seidel-2d/seidel-2d.cpp.o
[ 51%] Linking CXX executable gemver
[ 53%] Linking CXX executable gramschmidt
[ 55%] Linking CXX executable floyd-warshall
[ 56%] Linking CXX executable covariance
[ 56%] Built target floyd-warshall
[ 58%] Linking CXX executable jacobi-1d
[ 58%] Built target covariance
[ 60%] Linking CXX executable trmm
[ 61%] Linking CXX executable syr2k
[ 63%] Linking CXX executable gemm
[ 65%] Linking CXX executable jacobi-2d
[ 65%] Built target jacobi-1d
[ 66%] Linking CXX executable syrk
[ 66%] Built target trmm
[ 66%] Built target syr2k
[ 66%] Built target gemm
[ 68%] Linking CXX executable correlation
[ 70%] Linking CXX executable symm
[ 70%] Built target jacobi-2d
[ 70%] Built target syrk
[ 70%] Built target symm
[ 71%] Linking CXX executable doitgen
[ 71%] Built target correlation
[ 73%] Linking CXX executable heat-3d
[ 73%] Built target doitgen
[ 75%] Linking CXX executable cholesky
[ 76%] Linking CXX executable trisolv
[ 76%] Built target heat-3d
[ 76%] Built target cholesky
[ 78%] Linking CXX executable bicg
[ 80%] Linking CXX executable mvt
[ 81%] Linking CXX executable nussinov
[ 81%] Built target trisolv
[ 81%] Built target bicg
[ 81%] Built target mvt
[ 81%] Built target nussinov
[ 83%] Linking CXX executable atax
[ 85%] Linking CXX executable ludcmp
[ 85%] Built target atax
[ 85%] Built target ludcmp
Skipping halide all_hints cholesky repetition 4 for dataset size MINI (already done).
Skipping halide all_hints cholesky repetition 4 for dataset size MINI (already done).
Skipping halide all_hints heat-3d repetition 4 for dataset size MINI (already done).
Skipping halide all_hints heat-3d repetition 4 for dataset size MINI (already done).
Skipping halide all_hints ludcmp repetition 4 for dataset size MINI (already done).
Skipping halide all_hints ludcmp repetition 4 for dataset size MINI (already done).
Skipping halide all_hints nussinov repetition 4 for dataset size MINI (already done).
Skipping halide all_hints nussinov repetition 4 for dataset size MINI (already done).
Skipping halide all_hints syrk repetition 4 for dataset size MINI (already done).
Skipping halide all_hints syrk repetition 4 for dataset size MINI (already done).
-- The CXX compiler identification is GNU 15.2.0
-- Detecting CXX compiler ABI info
-- Detecting CXX compiler ABI info - done
-- Check for working CXX compiler: /usr/local/latestgcc/bin/g++ - skipped
-- Detecting CXX compile features
-- Detecting CXX compile features - done
-- Found Python: /home/kleplj/all_hints/gpt-querying/.venv/bin/python3.9 (found suitable version "3.9.21", minimum required is "3") found components: Interpreter Development.Module
-- Halide 'host' platform triple:   x86-64-linux
-- Halide 'cmake' platform triple:  x86-64-linux
-- Halide default AOT target:       host
-- Found ZLIB: /usr/lib64/libz.so (found version "1.2.11")
-- Could NOT find PNG (missing: PNG_LIBRARY PNG_PNG_INCLUDE_DIR) 
-- Could NOT find JPEG (missing: JPEG_LIBRARY JPEG_INCLUDE_DIR) 
-- Configuring done (0.8s)
-- Generating done (0.7s)
-- Build files have been written to: /home/kleplj/all_hints/optimization/all_hints/PolybenchC-Halide/build
[  5%] Building CXX object CMakeFiles/covariance.dir/datamining/covariance/covariance.cpp.o
[ 11%] Building CXX object CMakeFiles/symm.dir/linear-algebra/blas/symm/symm.cpp.o
[ 11%] Building CXX object CMakeFiles/correlation.dir/datamining/correlation/correlation.cpp.o
[ 11%] Building CXX object CMakeFiles/gemver.dir/linear-algebra/blas/gemver/gemver.cpp.o
[ 21%] Building CXX object CMakeFiles/syr2k.dir/linear-algebra/blas/syr2k/syr2k.cpp.o
[ 21%] Building CXX object CMakeFiles/atax.dir/linear-algebra/kernels/atax/atax.cpp.o
[ 21%] Building CXX object CMakeFiles/syrk.dir/linear-algebra/blas/syrk/syrk.cpp.o
[ 21%] Building CXX object CMakeFiles/gesummv.dir/linear-algebra/blas/gesummv/gesummv.cpp.o
[ 21%] Building CXX object CMakeFiles/trmm.dir/linear-algebra/blas/trmm/trmm.cpp.o
[ 21%] Building CXX object CMakeFiles/gemm.dir/linear-algebra/blas/gemm/gemm.cpp.o
[ 35%] Building CXX object CMakeFiles/doitgen.dir/linear-algebra/kernels/doitgen/doitgen.cpp.o
[ 50%] Building CXX object CMakeFiles/floyd-warshall.dir/medley/floyd-warshall/floyd-warshall.cpp.o
[ 50%] Building CXX object CMakeFiles/ludcmp.dir/linear-algebra/solvers/ludcmp/ludcmp.cpp.o
[ 50%] Building CXX object CMakeFiles/2mm.dir/linear-algebra/kernels/2mm/2mm.cpp.o
[ 50%] Building CXX object CMakeFiles/3mm.dir/linear-algebra/kernels/3mm/3mm.cpp.o
[ 50%] Building CXX object CMakeFiles/seidel-2d.dir/stencils/seidel-2d/seidel-2d.cpp.o
[ 50%] Building CXX object CMakeFiles/durbin.dir/linear-algebra/solvers/durbin/durbin.cpp.o
[ 50%] Building CXX object CMakeFiles/nussinov.dir/medley/nussinov/nussinov.cpp.o
[ 50%] Building CXX object CMakeFiles/lu.dir/linear-algebra/solvers/lu/lu.cpp.o
[ 50%] Building CXX object CMakeFiles/jacobi-1d.dir/stencils/jacobi-1d/jacobi-1d.cpp.o
[ 50%] Building CXX object CMakeFiles/mvt.dir/linear-algebra/kernels/mvt/mvt.cpp.o
[ 50%] Building CXX object CMakeFiles/adi.dir/stencils/adi/adi.cpp.o
[ 50%] Building CXX object CMakeFiles/heat-3d.dir/stencils/heat-3d/heat-3d.cpp.o
[ 50%] Building CXX object CMakeFiles/deriche.dir/medley/deriche/deriche.cpp.o
[ 50%] Building CXX object CMakeFiles/trisolv.dir/linear-algebra/solvers/trisolv/trisolv.cpp.o
[ 50%] Building CXX object CMakeFiles/cholesky.dir/linear-algebra/solvers/cholesky/cholesky.cpp.o
[ 50%] Building CXX object CMakeFiles/gramschmidt.dir/linear-algebra/solvers/gramschmidt/gramschmidt.cpp.o
[ 50%] Building CXX object CMakeFiles/bicg.dir/linear-algebra/kernels/bicg/bicg.cpp.o
[ 50%] Building CXX object CMakeFiles/jacobi-2d.dir/stencils/jacobi-2d/jacobi-2d.cpp.o
[ 50%] Building CXX object CMakeFiles/fdtd-2d.dir/stencils/fdtd-2d/fdtd-2d.cpp.o
[ 51%] Linking CXX executable gemver
[ 53%] Linking CXX executable gramschmidt
[ 55%] Linking CXX executable floyd-warshall
[ 56%] Linking CXX executable cholesky
[ 56%] Built target floyd-warshall
[ 58%] Linking CXX executable gemm
[ 60%] Linking CXX executable jacobi-1d
[ 60%] Built target cholesky
[ 60%] Built target gemm
[ 60%] Built target jacobi-1d
[ 61%] Linking CXX executable 2mm
[ 63%] Linking CXX executable syr2k
[ 63%] Built target 2mm
[ 63%] Built target syr2k
[ 65%] Linking CXX executable 3mm
[ 66%] Linking CXX executable gesummv
[ 68%] Linking CXX executable trisolv
[ 70%] Linking CXX executable doitgen
[ 71%] Linking CXX executable bicg
[ 73%] Linking CXX executable heat-3d
[ 73%] Built target 3mm
[ 75%] Linking CXX executable mvt
[ 75%] Built target gesummv
[ 76%] Linking CXX executable atax
[ 76%] Built target trisolv
[ 76%] Built target doitgen
[ 76%] Built target bicg
[ 76%] Built target heat-3d
[ 76%] Built target mvt
[ 78%] Built target atax
[ 78%] Linking CXX executable correlation
[ 78%] Built target correlation
[ 80%] Linking CXX executable nussinov
[ 81%] Linking CXX executable fdtd-2d
[ 81%] Built target nussinov
[ 81%] Built target fdtd-2d
Skipping halide all_hints bicg repetition 5 for dataset size MINI (already done).
Skipping halide all_hints bicg repetition 5 for dataset size MINI (already done).
Skipping halide all_hints fdtd-2d repetition 5 for dataset size MINI (already done).
Skipping halide all_hints fdtd-2d repetition 5 for dataset size MINI (already done).
Skipping halide all_hints heat-3d repetition 5 for dataset size MINI (already done).
Skipping halide all_hints heat-3d repetition 5 for dataset size MINI (already done).
Skipping halide all_hints mvt repetition 5 for dataset size MINI (already done).
Skipping halide all_hints mvt repetition 5 for dataset size MINI (already done).
Generated C for 'gemm' in /home/kleplj/all_hints/optimization/all_hints/PolybenchC-Exo/build/generated/gemm
Built gemm executable.
Generated C for 'gemver' in /home/kleplj/all_hints/optimization/all_hints/PolybenchC-Exo/build/generated/gemver
Built gemver executable.
Generated C for 'gesummv' in /home/kleplj/all_hints/optimization/all_hints/PolybenchC-Exo/build/generated/gesummv
Generated C for 'symm' in /home/kleplj/all_hints/optimization/all_hints/PolybenchC-Exo/build/generated/symm
Generated C for 'syr2k' in /home/kleplj/all_hints/optimization/all_hints/PolybenchC-Exo/build/generated/syr2k
Built syr2k executable.
Generated C for 'syrk' in /home/kleplj/all_hints/optimization/all_hints/PolybenchC-Exo/build/generated/syrk
Built syrk executable.
Generated C for 'trmm' in /home/kleplj/all_hints/optimization/all_hints/PolybenchC-Exo/build/generated/trmm
Built trmm executable.
Generated C for 'atax' in /home/kleplj/all_hints/optimization/all_hints/PolybenchC-Exo/build/generated/atax
Built atax executable.
Generated C for 'doitgen' in /home/kleplj/all_hints/optimization/all_hints/PolybenchC-Exo/build/generated/doitgen
Built doitgen executable.
Generated C for 'mvt' in /home/kleplj/all_hints/optimization/all_hints/PolybenchC-Exo/build/generated/mvt
Built mvt executable.
Generated C for 'cholesky' in /home/kleplj/all_hints/optimization/all_hints/PolybenchC-Exo/build/generated/cholesky
Built cholesky executable.
Generated C for 'durbin' in /home/kleplj/all_hints/optimization/all_hints/PolybenchC-Exo/build/generated/durbin
Built durbin executable.
Generated C for 'gramschmidt' in /home/kleplj/all_hints/optimization/all_hints/PolybenchC-Exo/build/generated/gramschmidt
Built gramschmidt executable.
Generated C for 'lu' in /home/kleplj/all_hints/optimization/all_hints/PolybenchC-Exo/build/generated/lu
Built lu executable.
Generated C for 'trisolv' in /home/kleplj/all_hints/optimization/all_hints/PolybenchC-Exo/build/generated/trisolv
Built trisolv executable.
Generated C for 'correlation' in /home/kleplj/all_hints/optimization/all_hints/PolybenchC-Exo/build/generated/correlation
Built correlation executable.
Generated C for 'covariance' in /home/kleplj/all_hints/optimization/all_hints/PolybenchC-Exo/build/generated/covariance
Built covariance executable.
Generated C for 'adi' in /home/kleplj/all_hints/optimization/all_hints/PolybenchC-Exo/build/generated/adi
Built adi executable.
Generated C for 'heat-3d' in /home/kleplj/all_hints/optimization/all_hints/PolybenchC-Exo/build/generated/heat-3d
Built heat-3d executable.
Generated C for 'jacobi-1d' in /home/kleplj/all_hints/optimization/all_hints/PolybenchC-Exo/build/generated/jacobi-1d
Built jacobi-1d executable.
Generated C for 'seidel-2d' in /home/kleplj/all_hints/optimization/all_hints/PolybenchC-Exo/build/generated/seidel-2d
Built seidel-2d executable.
Generated C for 'deriche' in /home/kleplj/all_hints/optimization/all_hints/PolybenchC-Exo/build/generated/deriche
Built deriche executable.
Generated C for 'floyd-warshall' in /home/kleplj/all_hints/optimization/all_hints/PolybenchC-Exo/build/generated/floyd-warshall
Built floyd-warshall executable.
Exo build complete. Generated sources in: /home/kleplj/all_hints/optimization/all_hints/PolybenchC-Exo/build
Removing temp dir /tmp/slurm.151222/tmp.Tx3OyojB65
Skipping exo all_hints adi repetition 1 for dataset size MINI (already done).
Skipping exo all_hints adi repetition 1 for dataset size MINI (already done).
Skipping exo all_hints atax repetition 1 for dataset size MINI (already done).
Skipping exo all_hints atax repetition 1 for dataset size MINI (already done).
Skipping exo all_hints cholesky repetition 1 for dataset size MINI (already done).
Skipping exo all_hints cholesky repetition 1 for dataset size MINI (already done).
Skipping exo all_hints correlation repetition 1 for dataset size MINI (already done).
Skipping exo all_hints correlation repetition 1 for dataset size MINI (already done).
Skipping exo all_hints covariance repetition 1 for dataset size MINI (already done).
Skipping exo all_hints covariance repetition 1 for dataset size MINI (already done).
Skipping exo all_hints deriche repetition 1 for dataset size MINI (already done).
Skipping exo all_hints deriche repetition 1 for dataset size MINI (already done).
Skipping exo all_hints doitgen repetition 1 for dataset size MINI (already done).
Skipping exo all_hints doitgen repetition 1 for dataset size MINI (already done).
Skipping exo all_hints durbin repetition 1 for dataset size MINI (already done).
Skipping exo all_hints durbin repetition 1 for dataset size MINI (already done).
Skipping exo all_hints floyd-warshall repetition 1 for dataset size MINI (already done).
Skipping exo all_hints floyd-warshall repetition 1 for dataset size MINI (already done).
Skipping exo all_hints gemm repetition 1 for dataset size MINI (already done).
Skipping exo all_hints gemm repetition 1 for dataset size MINI (already done).
Skipping exo all_hints gemver repetition 1 for dataset size MINI (already done).
Skipping exo all_hints gemver repetition 1 for dataset size MINI (already done).
Skipping exo all_hints heat-3d repetition 1 for dataset size MINI (already done).
Skipping exo all_hints heat-3d repetition 1 for dataset size MINI (already done).
Skipping exo all_hints jacobi-1d repetition 1 for dataset size MINI (already done).
Skipping exo all_hints jacobi-1d repetition 1 for dataset size MINI (already done).
Skipping exo all_hints lu repetition 1 for dataset size MINI (already done).
Skipping exo all_hints lu repetition 1 for dataset size MINI (already done).
Skipping exo all_hints mvt repetition 1 for dataset size MINI (already done).
Skipping exo all_hints mvt repetition 1 for dataset size MINI (already done).
Skipping exo all_hints seidel-2d repetition 1 for dataset size MINI (already done).
Skipping exo all_hints seidel-2d repetition 1 for dataset size MINI (already done).
Skipping exo all_hints syr2k repetition 1 for dataset size MINI (already done).
Skipping exo all_hints syr2k repetition 1 for dataset size MINI (already done).
Skipping exo all_hints syrk repetition 1 for dataset size MINI (already done).
Skipping exo all_hints syrk repetition 1 for dataset size MINI (already done).
Skipping exo all_hints trisolv repetition 1 for dataset size MINI (already done).
Skipping exo all_hints trisolv repetition 1 for dataset size MINI (already done).
Skipping exo all_hints trmm repetition 1 for dataset size MINI (already done).
Skipping exo all_hints trmm repetition 1 for dataset size MINI (already done).
Generated C for 'gemm' in /home/kleplj/all_hints/optimization/all_hints/PolybenchC-Exo/build/generated/gemm
Built gemm executable.
Generated C for 'gemver' in /home/kleplj/all_hints/optimization/all_hints/PolybenchC-Exo/build/generated/gemver
Built gemver executable.
Generated C for 'gesummv' in /home/kleplj/all_hints/optimization/all_hints/PolybenchC-Exo/build/generated/gesummv
Built gesummv executable.
Generated C for 'symm' in /home/kleplj/all_hints/optimization/all_hints/PolybenchC-Exo/build/generated/symm
Built symm executable.
Generated C for 'syr2k' in /home/kleplj/all_hints/optimization/all_hints/PolybenchC-Exo/build/generated/syr2k
Built syr2k executable.
Generated C for 'syrk' in /home/kleplj/all_hints/optimization/all_hints/PolybenchC-Exo/build/generated/syrk
Built syrk executable.
Generated C for 'trmm' in /home/kleplj/all_hints/optimization/all_hints/PolybenchC-Exo/build/generated/trmm
Built trmm executable.
Generated C for '2mm' in /home/kleplj/all_hints/optimization/all_hints/PolybenchC-Exo/build/generated/2mm
Built 2mm executable.
Generated C for 'atax' in /home/kleplj/all_hints/optimization/all_hints/PolybenchC-Exo/build/generated/atax
Built atax executable.
Generated C for 'bicg' in /home/kleplj/all_hints/optimization/all_hints/PolybenchC-Exo/build/generated/bicg
Built bicg executable.
Generated C for 'doitgen' in /home/kleplj/all_hints/optimization/all_hints/PolybenchC-Exo/build/generated/doitgen
Built doitgen executable.
Generated C for 'mvt' in /home/kleplj/all_hints/optimization/all_hints/PolybenchC-Exo/build/generated/mvt
Built mvt executable.
Generated C for 'cholesky' in /home/kleplj/all_hints/optimization/all_hints/PolybenchC-Exo/build/generated/cholesky
Built cholesky executable.
Generated C for 'durbin' in /home/kleplj/all_hints/optimization/all_hints/PolybenchC-Exo/build/generated/durbin
Built durbin executable.
Generated C for 'lu' in /home/kleplj/all_hints/optimization/all_hints/PolybenchC-Exo/build/generated/lu
Built lu executable.
Generated C for 'ludcmp' in /home/kleplj/all_hints/optimization/all_hints/PolybenchC-Exo/build/generated/ludcmp
Built ludcmp executable.
Generated C for 'trisolv' in /home/kleplj/all_hints/optimization/all_hints/PolybenchC-Exo/build/generated/trisolv
Built trisolv executable.
Generated C for 'correlation' in /home/kleplj/all_hints/optimization/all_hints/PolybenchC-Exo/build/generated/correlation
Built correlation executable.
Generated C for 'adi' in /home/kleplj/all_hints/optimization/all_hints/PolybenchC-Exo/build/generated/adi
Built adi executable.
Generated C for 'jacobi-1d' in /home/kleplj/all_hints/optimization/all_hints/PolybenchC-Exo/build/generated/jacobi-1d
Built jacobi-1d executable.
Generated C for 'jacobi-2d' in /home/kleplj/all_hints/optimization/all_hints/PolybenchC-Exo/build/generated/jacobi-2d
Built jacobi-2d executable.
Generated C for 'deriche' in /home/kleplj/all_hints/optimization/all_hints/PolybenchC-Exo/build/generated/deriche
Built deriche executable.
Generated C for 'floyd-warshall' in /home/kleplj/all_hints/optimization/all_hints/PolybenchC-Exo/build/generated/floyd-warshall
Built floyd-warshall executable.
Generated C for 'nussinov' in /home/kleplj/all_hints/optimization/all_hints/PolybenchC-Exo/build/generated/nussinov
Built nussinov executable.
Exo build complete. Generated sources in: /home/kleplj/all_hints/optimization/all_hints/PolybenchC-Exo/build
Removing temp dir /tmp/slurm.151222/tmp.n6hd2CI6Xb
Skipping exo all_hints 2mm repetition 2 for dataset size MINI (already done).
Skipping exo all_hints 2mm repetition 2 for dataset size MINI (already done).
Skipping exo all_hints adi repetition 2 for dataset size MINI (already done).
Skipping exo all_hints adi repetition 2 for dataset size MINI (already done).
Skipping exo all_hints atax repetition 2 for dataset size MINI (already done).
Skipping exo all_hints atax repetition 2 for dataset size MINI (already done).
Skipping exo all_hints bicg repetition 2 for dataset size MINI (already done).
Skipping exo all_hints bicg repetition 2 for dataset size MINI (already done).
Skipping exo all_hints cholesky repetition 2 for dataset size MINI (already done).
Skipping exo all_hints cholesky repetition 2 for dataset size MINI (already done).
Skipping exo all_hints correlation repetition 2 for dataset size MINI (already done).
Skipping exo all_hints correlation repetition 2 for dataset size MINI (already done).
Skipping exo all_hints deriche repetition 2 for dataset size MINI (already done).
Skipping exo all_hints deriche repetition 2 for dataset size MINI (already done).
Skipping exo all_hints doitgen repetition 2 for dataset size MINI (already done).
Skipping exo all_hints doitgen repetition 2 for dataset size MINI (already done).
Skipping exo all_hints durbin repetition 2 for dataset size MINI (already done).
Skipping exo all_hints durbin repetition 2 for dataset size MINI (already done).
Skipping exo all_hints floyd-warshall repetition 2 for dataset size MINI (already done).
Skipping exo all_hints floyd-warshall repetition 2 for dataset size MINI (already done).
Skipping exo all_hints gemm repetition 2 for dataset size MINI (already done).
Skipping exo all_hints gemm repetition 2 for dataset size MINI (already done).
Skipping exo all_hints gemver repetition 2 for dataset size MINI (already done).
Skipping exo all_hints gemver repetition 2 for dataset size MINI (already done).
Skipping exo all_hints gesummv repetition 2 for dataset size MINI (already done).
Skipping exo all_hints gesummv repetition 2 for dataset size MINI (already done).
Skipping exo all_hints jacobi-1d repetition 2 for dataset size MINI (already done).
Skipping exo all_hints jacobi-1d repetition 2 for dataset size MINI (already done).
Skipping exo all_hints jacobi-2d repetition 2 for dataset size MINI (already done).
Skipping exo all_hints jacobi-2d repetition 2 for dataset size MINI (already done).
Skipping exo all_hints lu repetition 2 for dataset size MINI (already done).
Skipping exo all_hints lu repetition 2 for dataset size MINI (already done).
Skipping exo all_hints ludcmp repetition 2 for dataset size MINI (already done).
Skipping exo all_hints ludcmp repetition 2 for dataset size MINI (already done).
Skipping exo all_hints mvt repetition 2 for dataset size MINI (already done).
Skipping exo all_hints mvt repetition 2 for dataset size MINI (already done).
Skipping exo all_hints nussinov repetition 2 for dataset size MINI (already done).
Skipping exo all_hints nussinov repetition 2 for dataset size MINI (already done).
Skipping exo all_hints symm repetition 2 for dataset size MINI (already done).
Skipping exo all_hints symm repetition 2 for dataset size MINI (already done).
Skipping exo all_hints syr2k repetition 2 for dataset size MINI (already done).
Skipping exo all_hints syr2k repetition 2 for dataset size MINI (already done).
Skipping exo all_hints syrk repetition 2 for dataset size MINI (already done).
Skipping exo all_hints syrk repetition 2 for dataset size MINI (already done).
Skipping exo all_hints trisolv repetition 2 for dataset size MINI (already done).
Skipping exo all_hints trisolv repetition 2 for dataset size MINI (already done).
Skipping exo all_hints trmm repetition 2 for dataset size MINI (already done).
Skipping exo all_hints trmm repetition 2 for dataset size MINI (already done).
Generated C for 'gemver' in /home/kleplj/all_hints/optimization/all_hints/PolybenchC-Exo/build/generated/gemver
Built gemver executable.
Generated C for 'gesummv' in /home/kleplj/all_hints/optimization/all_hints/PolybenchC-Exo/build/generated/gesummv
Built gesummv executable.
Generated C for 'symm' in /home/kleplj/all_hints/optimization/all_hints/PolybenchC-Exo/build/generated/symm
Generated C for 'syr2k' in /home/kleplj/all_hints/optimization/all_hints/PolybenchC-Exo/build/generated/syr2k
Built syr2k executable.
Generated C for 'syrk' in /home/kleplj/all_hints/optimization/all_hints/PolybenchC-Exo/build/generated/syrk
Built syrk executable.
Generated C for 'trmm' in /home/kleplj/all_hints/optimization/all_hints/PolybenchC-Exo/build/generated/trmm
Built trmm executable.
Generated C for '2mm' in /home/kleplj/all_hints/optimization/all_hints/PolybenchC-Exo/build/generated/2mm
Built 2mm executable.
Generated C for '3mm' in /home/kleplj/all_hints/optimization/all_hints/PolybenchC-Exo/build/generated/3mm
Built 3mm executable.
Generated C for 'bicg' in /home/kleplj/all_hints/optimization/all_hints/PolybenchC-Exo/build/generated/bicg
Built bicg executable.
Generated C for 'doitgen' in /home/kleplj/all_hints/optimization/all_hints/PolybenchC-Exo/build/generated/doitgen
Built doitgen executable.
Generated C for 'mvt' in /home/kleplj/all_hints/optimization/all_hints/PolybenchC-Exo/build/generated/mvt
Built mvt executable.
Generated C for 'cholesky' in /home/kleplj/all_hints/optimization/all_hints/PolybenchC-Exo/build/generated/cholesky
Built cholesky executable.
Generated C for 'durbin' in /home/kleplj/all_hints/optimization/all_hints/PolybenchC-Exo/build/generated/durbin
Built durbin executable.
Generated C for 'gramschmidt' in /home/kleplj/all_hints/optimization/all_hints/PolybenchC-Exo/build/generated/gramschmidt
Built gramschmidt executable.
Generated C for 'lu' in /home/kleplj/all_hints/optimization/all_hints/PolybenchC-Exo/build/generated/lu
Built lu executable.
Generated C for 'trisolv' in /home/kleplj/all_hints/optimization/all_hints/PolybenchC-Exo/build/generated/trisolv
Built trisolv executable.
Generated C for 'correlation' in /home/kleplj/all_hints/optimization/all_hints/PolybenchC-Exo/build/generated/correlation
Built correlation executable.
Generated C for 'covariance' in /home/kleplj/all_hints/optimization/all_hints/PolybenchC-Exo/build/generated/covariance
Built covariance executable.
Generated C for 'adi' in /home/kleplj/all_hints/optimization/all_hints/PolybenchC-Exo/build/generated/adi
Built adi executable.
Generated C for 'fdtd-2d' in /home/kleplj/all_hints/optimization/all_hints/PolybenchC-Exo/build/generated/fdtd-2d
Built fdtd-2d executable.
Generated C for 'heat-3d' in /home/kleplj/all_hints/optimization/all_hints/PolybenchC-Exo/build/generated/heat-3d
Built heat-3d executable.
Generated C for 'jacobi-1d' in /home/kleplj/all_hints/optimization/all_hints/PolybenchC-Exo/build/generated/jacobi-1d
Built jacobi-1d executable.
Generated C for 'jacobi-2d' in /home/kleplj/all_hints/optimization/all_hints/PolybenchC-Exo/build/generated/jacobi-2d
Built jacobi-2d executable.
Generated C for 'seidel-2d' in /home/kleplj/all_hints/optimization/all_hints/PolybenchC-Exo/build/generated/seidel-2d
Built seidel-2d executable.
Generated C for 'floyd-warshall' in /home/kleplj/all_hints/optimization/all_hints/PolybenchC-Exo/build/generated/floyd-warshall
Built floyd-warshall executable.
Generated C for 'nussinov' in /home/kleplj/all_hints/optimization/all_hints/PolybenchC-Exo/build/generated/nussinov
Built nussinov executable.
Exo build complete. Generated sources in: /home/kleplj/all_hints/optimization/all_hints/PolybenchC-Exo/build
Removing temp dir /tmp/slurm.151222/tmp.ESdHS5qOyq
Skipping exo all_hints 2mm repetition 3 for dataset size MINI (already done).
Skipping exo all_hints 2mm repetition 3 for dataset size MINI (already done).
Skipping exo all_hints 3mm repetition 3 for dataset size MINI (already done).
Skipping exo all_hints 3mm repetition 3 for dataset size MINI (already done).
Skipping exo all_hints adi repetition 3 for dataset size MINI (already done).
Skipping exo all_hints adi repetition 3 for dataset size MINI (already done).
Skipping exo all_hints bicg repetition 3 for dataset size MINI (already done).
Skipping exo all_hints bicg repetition 3 for dataset size MINI (already done).
Skipping exo all_hints cholesky repetition 3 for dataset size MINI (already done).
Skipping exo all_hints cholesky repetition 3 for dataset size MINI (already done).
Skipping exo all_hints correlation repetition 3 for dataset size MINI (already done).
Skipping exo all_hints correlation repetition 3 for dataset size MINI (already done).
Skipping exo all_hints covariance repetition 3 for dataset size MINI (already done).
Skipping exo all_hints covariance repetition 3 for dataset size MINI (already done).
Skipping exo all_hints doitgen repetition 3 for dataset size MINI (already done).
Skipping exo all_hints doitgen repetition 3 for dataset size MINI (already done).
Skipping exo all_hints durbin repetition 3 for dataset size MINI (already done).
Skipping exo all_hints durbin repetition 3 for dataset size MINI (already done).
Skipping exo all_hints fdtd-2d repetition 3 for dataset size MINI (already done).
Skipping exo all_hints fdtd-2d repetition 3 for dataset size MINI (already done).
Skipping exo all_hints floyd-warshall repetition 3 for dataset size MINI (already done).
Skipping exo all_hints floyd-warshall repetition 3 for dataset size MINI (already done).
Skipping exo all_hints gemver repetition 3 for dataset size MINI (already done).
Skipping exo all_hints gemver repetition 3 for dataset size MINI (already done).
Skipping exo all_hints gesummv repetition 3 for dataset size MINI (already done).
Skipping exo all_hints gesummv repetition 3 for dataset size MINI (already done).
Skipping exo all_hints heat-3d repetition 3 for dataset size MINI (already done).
Skipping exo all_hints heat-3d repetition 3 for dataset size MINI (already done).
Skipping exo all_hints jacobi-1d repetition 3 for dataset size MINI (already done).
Skipping exo all_hints jacobi-1d repetition 3 for dataset size MINI (already done).
Skipping exo all_hints jacobi-2d repetition 3 for dataset size MINI (already done).
Skipping exo all_hints jacobi-2d repetition 3 for dataset size MINI (already done).
Skipping exo all_hints lu repetition 3 for dataset size MINI (already done).
Skipping exo all_hints lu repetition 3 for dataset size MINI (already done).
Skipping exo all_hints mvt repetition 3 for dataset size MINI (already done).
Skipping exo all_hints mvt repetition 3 for dataset size MINI (already done).
Skipping exo all_hints nussinov repetition 3 for dataset size MINI (already done).
Skipping exo all_hints nussinov repetition 3 for dataset size MINI (already done).
Skipping exo all_hints syr2k repetition 3 for dataset size MINI (already done).
Skipping exo all_hints syr2k repetition 3 for dataset size MINI (already done).
Skipping exo all_hints syrk repetition 3 for dataset size MINI (already done).
Skipping exo all_hints syrk repetition 3 for dataset size MINI (already done).
Skipping exo all_hints trisolv repetition 3 for dataset size MINI (already done).
Skipping exo all_hints trisolv repetition 3 for dataset size MINI (already done).
Skipping exo all_hints trmm repetition 3 for dataset size MINI (already done).
Skipping exo all_hints trmm repetition 3 for dataset size MINI (already done).
Generated C for 'gemm' in /home/kleplj/all_hints/optimization/all_hints/PolybenchC-Exo/build/generated/gemm
Built gemm executable.
Generated C for 'gemver' in /home/kleplj/all_hints/optimization/all_hints/PolybenchC-Exo/build/generated/gemver
Built gemver executable.
Generated C for 'gesummv' in /home/kleplj/all_hints/optimization/all_hints/PolybenchC-Exo/build/generated/gesummv
Built gesummv executable.
Generated C for 'syr2k' in /home/kleplj/all_hints/optimization/all_hints/PolybenchC-Exo/build/generated/syr2k
Built syr2k executable.
Generated C for 'syrk' in /home/kleplj/all_hints/optimization/all_hints/PolybenchC-Exo/build/generated/syrk
Built syrk executable.
Generated C for 'trmm' in /home/kleplj/all_hints/optimization/all_hints/PolybenchC-Exo/build/generated/trmm
Built trmm executable.
Generated C for '2mm' in /home/kleplj/all_hints/optimization/all_hints/PolybenchC-Exo/build/generated/2mm
Built 2mm executable.
Generated C for '3mm' in /home/kleplj/all_hints/optimization/all_hints/PolybenchC-Exo/build/generated/3mm
Built 3mm executable.
Generated C for 'atax' in /home/kleplj/all_hints/optimization/all_hints/PolybenchC-Exo/build/generated/atax
Built atax executable.
Generated C for 'bicg' in /home/kleplj/all_hints/optimization/all_hints/PolybenchC-Exo/build/generated/bicg
Built bicg executable.
Generated C for 'doitgen' in /home/kleplj/all_hints/optimization/all_hints/PolybenchC-Exo/build/generated/doitgen
Built doitgen executable.
Generated C for 'mvt' in /home/kleplj/all_hints/optimization/all_hints/PolybenchC-Exo/build/generated/mvt
Built mvt executable.
Generated C for 'cholesky' in /home/kleplj/all_hints/optimization/all_hints/PolybenchC-Exo/build/generated/cholesky
Generated C for 'durbin' in /home/kleplj/all_hints/optimization/all_hints/PolybenchC-Exo/build/generated/durbin
Built durbin executable.
Generated C for 'gramschmidt' in /home/kleplj/all_hints/optimization/all_hints/PolybenchC-Exo/build/generated/gramschmidt
Built gramschmidt executable.
Generated C for 'lu' in /home/kleplj/all_hints/optimization/all_hints/PolybenchC-Exo/build/generated/lu
Built lu executable.
Generated C for 'ludcmp' in /home/kleplj/all_hints/optimization/all_hints/PolybenchC-Exo/build/generated/ludcmp
Generated C for 'trisolv' in /home/kleplj/all_hints/optimization/all_hints/PolybenchC-Exo/build/generated/trisolv
Built trisolv executable.
Generated C for 'correlation' in /home/kleplj/all_hints/optimization/all_hints/PolybenchC-Exo/build/generated/correlation
Built correlation executable.
Generated C for 'adi' in /home/kleplj/all_hints/optimization/all_hints/PolybenchC-Exo/build/generated/adi
Built adi executable.
Generated C for 'fdtd-2d' in /home/kleplj/all_hints/optimization/all_hints/PolybenchC-Exo/build/generated/fdtd-2d
Built fdtd-2d executable.
Generated C for 'jacobi-1d' in /home/kleplj/all_hints/optimization/all_hints/PolybenchC-Exo/build/generated/jacobi-1d
Built jacobi-1d executable.
Generated C for 'floyd-warshall' in /home/kleplj/all_hints/optimization/all_hints/PolybenchC-Exo/build/generated/floyd-warshall
Built floyd-warshall executable.
Exo build complete. Generated sources in: /home/kleplj/all_hints/optimization/all_hints/PolybenchC-Exo/build
Removing temp dir /tmp/slurm.151222/tmp.TbvSVJQ0q1
Skipping exo all_hints 2mm repetition 4 for dataset size MINI (already done).
Skipping exo all_hints 2mm repetition 4 for dataset size MINI (already done).
Skipping exo all_hints 3mm repetition 4 for dataset size MINI (already done).
Skipping exo all_hints 3mm repetition 4 for dataset size MINI (already done).
Skipping exo all_hints atax repetition 4 for dataset size MINI (already done).
Skipping exo all_hints atax repetition 4 for dataset size MINI (already done).
Skipping exo all_hints bicg repetition 4 for dataset size MINI (already done).
Skipping exo all_hints bicg repetition 4 for dataset size MINI (already done).
Skipping exo all_hints correlation repetition 4 for dataset size MINI (already done).
Skipping exo all_hints correlation repetition 4 for dataset size MINI (already done).
Skipping exo all_hints doitgen repetition 4 for dataset size MINI (already done).
Skipping exo all_hints doitgen repetition 4 for dataset size MINI (already done).
Skipping exo all_hints fdtd-2d repetition 4 for dataset size MINI (already done).
Skipping exo all_hints fdtd-2d repetition 4 for dataset size MINI (already done).
Skipping exo all_hints floyd-warshall repetition 4 for dataset size MINI (already done).
Skipping exo all_hints floyd-warshall repetition 4 for dataset size MINI (already done).
Skipping exo all_hints gemm repetition 4 for dataset size MINI (already done).
Skipping exo all_hints gemm repetition 4 for dataset size MINI (already done).
Skipping exo all_hints gemver repetition 4 for dataset size MINI (already done).
Skipping exo all_hints gemver repetition 4 for dataset size MINI (already done).
Skipping exo all_hints gesummv repetition 4 for dataset size MINI (already done).
Skipping exo all_hints gesummv repetition 4 for dataset size MINI (already done).
Skipping exo all_hints jacobi-1d repetition 4 for dataset size MINI (already done).
Skipping exo all_hints jacobi-1d repetition 4 for dataset size MINI (already done).
Skipping exo all_hints lu repetition 4 for dataset size MINI (already done).
Skipping exo all_hints lu repetition 4 for dataset size MINI (already done).
Skipping exo all_hints mvt repetition 4 for dataset size MINI (already done).
Skipping exo all_hints mvt repetition 4 for dataset size MINI (already done).
Skipping exo all_hints syr2k repetition 4 for dataset size MINI (already done).
Skipping exo all_hints syr2k repetition 4 for dataset size MINI (already done).
Skipping exo all_hints syrk repetition 4 for dataset size MINI (already done).
Skipping exo all_hints syrk repetition 4 for dataset size MINI (already done).
Skipping exo all_hints trisolv repetition 4 for dataset size MINI (already done).
Skipping exo all_hints trisolv repetition 4 for dataset size MINI (already done).
Skipping exo all_hints trmm repetition 4 for dataset size MINI (already done).
Skipping exo all_hints trmm repetition 4 for dataset size MINI (already done).
Generated C for 'gemm' in /home/kleplj/all_hints/optimization/all_hints/PolybenchC-Exo/build/generated/gemm
Built gemm executable.
Generated C for 'gemver' in /home/kleplj/all_hints/optimization/all_hints/PolybenchC-Exo/build/generated/gemver
Built gemver executable.
Generated C for 'gesummv' in /home/kleplj/all_hints/optimization/all_hints/PolybenchC-Exo/build/generated/gesummv
Built gesummv executable.
Generated C for 'symm' in /home/kleplj/all_hints/optimization/all_hints/PolybenchC-Exo/build/generated/symm
Built symm executable.
Generated C for 'syr2k' in /home/kleplj/all_hints/optimization/all_hints/PolybenchC-Exo/build/generated/syr2k
Built syr2k executable.
No proc named 'kernel_syrk' found in 'linear-algebra/blas/syrk/syrk.c'
Generated C for '2mm' in /home/kleplj/all_hints/optimization/all_hints/PolybenchC-Exo/build/generated/2mm
Built 2mm executable.
Generated C for 'bicg' in /home/kleplj/all_hints/optimization/all_hints/PolybenchC-Exo/build/generated/bicg
Built bicg executable.
Generated C for 'doitgen' in /home/kleplj/all_hints/optimization/all_hints/PolybenchC-Exo/build/generated/doitgen
Built doitgen executable.
Generated C for 'mvt' in /home/kleplj/all_hints/optimization/all_hints/PolybenchC-Exo/build/generated/mvt
Built mvt executable.
Generated C for 'cholesky' in /home/kleplj/all_hints/optimization/all_hints/PolybenchC-Exo/build/generated/cholesky
Built cholesky executable.
Generated C for 'gramschmidt' in /home/kleplj/all_hints/optimization/all_hints/PolybenchC-Exo/build/generated/gramschmidt
Built gramschmidt executable.
Generated C for 'lu' in /home/kleplj/all_hints/optimization/all_hints/PolybenchC-Exo/build/generated/lu
Built lu executable.
Generated C for 'ludcmp' in /home/kleplj/all_hints/optimization/all_hints/PolybenchC-Exo/build/generated/ludcmp
Built ludcmp executable.
Generated C for 'trisolv' in /home/kleplj/all_hints/optimization/all_hints/PolybenchC-Exo/build/generated/trisolv
Built trisolv executable.
Generated C for 'correlation' in /home/kleplj/all_hints/optimization/all_hints/PolybenchC-Exo/build/generated/correlation
Built correlation executable.
Generated C for 'adi' in /home/kleplj/all_hints/optimization/all_hints/PolybenchC-Exo/build/generated/adi
Built adi executable.
Generated C for 'fdtd-2d' in /home/kleplj/all_hints/optimization/all_hints/PolybenchC-Exo/build/generated/fdtd-2d
Built fdtd-2d executable.
Generated C for 'jacobi-1d' in /home/kleplj/all_hints/optimization/all_hints/PolybenchC-Exo/build/generated/jacobi-1d
Built jacobi-1d executable.
Generated C for 'floyd-warshall' in /home/kleplj/all_hints/optimization/all_hints/PolybenchC-Exo/build/generated/floyd-warshall
Built floyd-warshall executable.
Generated C for 'nussinov' in /home/kleplj/all_hints/optimization/all_hints/PolybenchC-Exo/build/generated/nussinov
Built nussinov executable.
Exo build complete. Generated sources in: /home/kleplj/all_hints/optimization/all_hints/PolybenchC-Exo/build
Removing temp dir /tmp/slurm.151222/tmp.FXAt1tQaPI
Skipping exo all_hints 2mm repetition 5 for dataset size MINI (already done).
Skipping exo all_hints 2mm repetition 5 for dataset size MINI (already done).
Skipping exo all_hints adi repetition 5 for dataset size MINI (already done).
Skipping exo all_hints adi repetition 5 for dataset size MINI (already done).
Skipping exo all_hints bicg repetition 5 for dataset size MINI (already done).
Skipping exo all_hints bicg repetition 5 for dataset size MINI (already done).
Skipping exo all_hints cholesky repetition 5 for dataset size MINI (already done).
Skipping exo all_hints cholesky repetition 5 for dataset size MINI (already done).
Skipping exo all_hints correlation repetition 5 for dataset size MINI (already done).
Skipping exo all_hints correlation repetition 5 for dataset size MINI (already done).
Skipping exo all_hints doitgen repetition 5 for dataset size MINI (already done).
Skipping exo all_hints doitgen repetition 5 for dataset size MINI (already done).
Skipping exo all_hints fdtd-2d repetition 5 for dataset size MINI (already done).
Skipping exo all_hints fdtd-2d repetition 5 for dataset size MINI (already done).
Skipping exo all_hints floyd-warshall repetition 5 for dataset size MINI (already done).
Skipping exo all_hints floyd-warshall repetition 5 for dataset size MINI (already done).
Skipping exo all_hints gemm repetition 5 for dataset size MINI (already done).
Skipping exo all_hints gemm repetition 5 for dataset size MINI (already done).
Skipping exo all_hints gemver repetition 5 for dataset size MINI (already done).
Skipping exo all_hints gemver repetition 5 for dataset size MINI (already done).
Skipping exo all_hints gesummv repetition 5 for dataset size MINI (already done).
Skipping exo all_hints gesummv repetition 5 for dataset size MINI (already done).
Skipping exo all_hints jacobi-1d repetition 5 for dataset size MINI (already done).
Skipping exo all_hints jacobi-1d repetition 5 for dataset size MINI (already done).
Skipping exo all_hints lu repetition 5 for dataset size MINI (already done).
Skipping exo all_hints lu repetition 5 for dataset size MINI (already done).
Skipping exo all_hints ludcmp repetition 5 for dataset size MINI (already done).
Skipping exo all_hints ludcmp repetition 5 for dataset size MINI (already done).
Skipping exo all_hints mvt repetition 5 for dataset size MINI (already done).
Skipping exo all_hints mvt repetition 5 for dataset size MINI (already done).
Skipping exo all_hints nussinov repetition 5 for dataset size MINI (already done).
Skipping exo all_hints nussinov repetition 5 for dataset size MINI (already done).
Skipping exo all_hints symm repetition 5 for dataset size MINI (already done).
Skipping exo all_hints symm repetition 5 for dataset size MINI (already done).
Skipping exo all_hints syr2k repetition 5 for dataset size MINI (already done).
Skipping exo all_hints syr2k repetition 5 for dataset size MINI (already done).
Skipping exo all_hints trisolv repetition 5 for dataset size MINI (already done).
Skipping exo all_hints trisolv repetition 5 for dataset size MINI (already done).
-- The C compiler identification is GNU 15.2.0
-- Detecting C compiler ABI info
-- Detecting C compiler ABI info - done
-- Check for working C compiler: /usr/local/latestgcc/bin/gcc - skipped
-- Detecting C compile features
-- Detecting C compile features - done
-- Configuring done (0.4s)
-- Generating done (0.9s)
-- Build files have been written to: /home/kleplj/all_hints/optimization/all_hints/PolybenchC-4.2.1/build
[  4%] Building C object CMakeFiles/covariance.dir/datamining/covariance/covariance.c.o
[  4%] Building C object CMakeFiles/covariance.dir/utilities/polybench.c.o
[  5%] Building C object CMakeFiles/correlation.dir/datamining/correlation/correlation.c.o
[  5%] Building C object CMakeFiles/correlation.dir/utilities/polybench.c.o
[  7%] Building C object CMakeFiles/lu.dir/linear-algebra/solvers/lu/lu.c.o
[ 15%] Building C object CMakeFiles/cholesky.dir/linear-algebra/solvers/cholesky/cholesky.c.o
[ 15%] Building C object CMakeFiles/durbin.dir/linear-algebra/solvers/durbin/durbin.c.o
[ 15%] Building C object CMakeFiles/durbin.dir/utilities/polybench.c.o
[ 15%] Building C object CMakeFiles/ludcmp.dir/utilities/polybench.c.o
[ 15%] Building C object CMakeFiles/gramschmidt.dir/linear-algebra/solvers/gramschmidt/gramschmidt.c.o
[ 15%] Building C object CMakeFiles/cholesky.dir/utilities/polybench.c.o
[ 15%] Building C object CMakeFiles/lu.dir/utilities/polybench.c.o
[ 34%] Building C object CMakeFiles/syr2k.dir/linear-algebra/blas/syr2k/syr2k.c.o
[ 66%] Building C object CMakeFiles/trisolv.dir/linear-algebra/solvers/trisolv/trisolv.c.o
[ 66%] Building C object CMakeFiles/trisolv.dir/utilities/polybench.c.o
[ 66%] Building C object CMakeFiles/gramschmidt.dir/utilities/polybench.c.o
[ 66%] Building C object CMakeFiles/gesummv.dir/linear-algebra/blas/gesummv/gesummv.c.o
[ 66%] Building C object CMakeFiles/bicg.dir/utilities/polybench.c.o
[ 66%] Building C object CMakeFiles/gesummv.dir/utilities/polybench.c.o
[ 66%] Building C object CMakeFiles/trmm.dir/utilities/polybench.c.o
[ 66%] Building C object CMakeFiles/syr2k.dir/utilities/polybench.c.o
[ 66%] Building C object CMakeFiles/trmm.dir/linear-algebra/blas/trmm/trmm.c.o
[ 66%] Building C object CMakeFiles/syrk.dir/utilities/polybench.c.o
[ 66%] Building C object CMakeFiles/gemm.dir/linear-algebra/blas/gemm/gemm.c.o
[ 66%] Building C object CMakeFiles/ludcmp.dir/linear-algebra/solvers/ludcmp/ludcmp.c.o
[ 66%] Building C object CMakeFiles/gemm.dir/utilities/polybench.c.o
[ 66%] Building C object CMakeFiles/fdtd-2d.dir/stencils/fdtd-2d/fdtd-2d.c.o
[ 66%] Building C object CMakeFiles/symm.dir/linear-algebra/blas/symm/symm.c.o
[ 66%] Building C object CMakeFiles/syrk.dir/linear-algebra/blas/syrk/syrk.c.o
[ 66%] Building C object CMakeFiles/seidel-2d.dir/utilities/polybench.c.o
[ 66%] Building C object CMakeFiles/heat-3d.dir/utilities/polybench.c.o
[ 66%] Building C object CMakeFiles/jacobi-2d.dir/stencils/jacobi-2d/jacobi-2d.c.o
[ 66%] Building C object CMakeFiles/fdtd-2d.dir/utilities/polybench.c.o
[ 66%] Building C object CMakeFiles/adi.dir/stencils/adi/adi.c.o
[ 66%] Building C object CMakeFiles/floyd-warshall.dir/utilities/polybench.c.o
[ 66%] Building C object CMakeFiles/jacobi-1d.dir/utilities/polybench.c.o
[ 66%] Building C object CMakeFiles/seidel-2d.dir/stencils/seidel-2d/seidel-2d.c.o
[ 66%] Building C object CMakeFiles/deriche.dir/utilities/polybench.c.o
[ 66%] Building C object CMakeFiles/2mm.dir/utilities/polybench.c.o
[ 66%] Building C object CMakeFiles/heat-3d.dir/stencils/heat-3d/heat-3d.c.o
[ 66%] Building C object CMakeFiles/nussinov.dir/utilities/polybench.c.o
[ 66%] Building C object CMakeFiles/floyd-warshall.dir/medley/floyd-warshall/floyd-warshall.c.o
[ 66%] Building C object CMakeFiles/jacobi-1d.dir/stencils/jacobi-1d/jacobi-1d.c.o
[ 66%] Building C object CMakeFiles/nussinov.dir/medley/nussinov/nussinov.c.o
[ 66%] Building C object CMakeFiles/atax.dir/linear-algebra/kernels/atax/atax.c.o
[ 66%] Building C object CMakeFiles/deriche.dir/medley/deriche/deriche.c.o
[ 66%] Building C object CMakeFiles/doitgen.dir/utilities/polybench.c.o
[ 66%] Building C object CMakeFiles/2mm.dir/linear-algebra/kernels/2mm/2mm.c.o
[ 66%] Building C object CMakeFiles/3mm.dir/utilities/polybench.c.o
[ 66%] Building C object CMakeFiles/doitgen.dir/linear-algebra/kernels/doitgen/doitgen.c.o
[ 66%] Building C object CMakeFiles/mvt.dir/linear-algebra/kernels/mvt/mvt.c.o
[ 66%] Building C object CMakeFiles/mvt.dir/utilities/polybench.c.o
[ 66%] Building C object CMakeFiles/atax.dir/utilities/polybench.c.o
[ 66%] Building C object CMakeFiles/3mm.dir/linear-algebra/kernels/3mm/3mm.c.o
[ 66%] Building C object CMakeFiles/symm.dir/utilities/polybench.c.o
[ 66%] Building C object CMakeFiles/gemver.dir/utilities/polybench.c.o
[ 66%] Building C object CMakeFiles/jacobi-2d.dir/utilities/polybench.c.o
[ 66%] Building C object CMakeFiles/bicg.dir/linear-algebra/kernels/bicg/bicg.c.o
[ 66%] Building C object CMakeFiles/gemver.dir/linear-algebra/blas/gemver/gemver.c.o
[ 66%] Building C object CMakeFiles/adi.dir/utilities/polybench.c.o
[ 67%] Linking C executable correlation
[ 68%] Linking C executable nussinov
[ 71%] Linking C executable trisolv
[ 71%] Linking C executable jacobi-1d
[ 72%] Linking C executable syrk
[ 73%] Linking C executable bicg
[ 75%] Linking C executable durbin
[ 75%] Linking C executable gesummv
[ 76%] Linking C executable lu
[ 80%] Linking C executable adi
[ 80%] Linking C executable floyd-warshall
[ 80%] Linking C executable atax
[ 80%] Built target correlation
[ 81%] Linking C executable deriche
[ 82%] Linking C executable fdtd-2d
[ 84%] Linking C executable mvt
[ 84%] Linking C executable trmm
[ 87%] Built target nussinov
[ 87%] Linking C executable doitgen
[ 87%] Linking C executable jacobi-2d
[ 88%] Linking C executable 2mm
[ 90%] Linking C executable cholesky
[ 90%] Linking C executable seidel-2d
[ 90%] Built target trisolv
[ 90%] Built target jacobi-1d
[ 90%] Built target syrk
[ 92%] Linking C executable syr2k
[ 92%] Linking C executable gramschmidt
[ 92%] Built target bicg
[ 92%] Built target durbin
[ 92%] Built target gesummv
[ 92%] Built target lu
[ 92%] Built target adi
[ 92%] Built target atax
[ 92%] Built target floyd-warshall
[ 92%] Built target deriche
[ 92%] Built target fdtd-2d
[ 93%] Linking C executable gemm
[ 93%] Built target mvt
[ 93%] Built target trmm
[ 94%] Linking C executable gemver
[ 94%] Built target doitgen
[ 94%] Built target jacobi-2d
[ 94%] Built target 2mm
[ 94%] Built target cholesky
[ 94%] Built target seidel-2d
[ 95%] Linking C executable covariance
[ 95%] Built target syr2k
[ 95%] Built target gramschmidt
[ 96%] Linking C executable symm
[ 97%] Linking C executable 3mm
[ 97%] Built target gemm
[ 97%] Built target gemver
[ 98%] Linking C executable heat-3d
[ 98%] Built target covariance
[ 98%] Built target symm
[ 98%] Built target 3mm
[ 98%] Built target heat-3d
[100%] Linking C executable ludcmp
[100%] Built target ludcmp
Skipping c all_hints 2mm repetition 1 for dataset size MINI (already done).
Skipping c all_hints 2mm repetition 1 for dataset size MINI (already done).
Skipping c all_hints 3mm repetition 1 for dataset size MINI (already done).
Skipping c all_hints 3mm repetition 1 for dataset size MINI (already done).
Skipping c all_hints adi repetition 1 for dataset size MINI (already done).
Skipping c all_hints adi repetition 1 for dataset size MINI (already done).
Skipping c all_hints atax repetition 1 for dataset size MINI (already done).
Skipping c all_hints atax repetition 1 for dataset size MINI (already done).
Skipping c all_hints bicg repetition 1 for dataset size MINI (already done).
Skipping c all_hints bicg repetition 1 for dataset size MINI (already done).
Skipping c all_hints cholesky repetition 1 for dataset size MINI (already done).
Skipping c all_hints cholesky repetition 1 for dataset size MINI (already done).
Skipping c all_hints correlation repetition 1 for dataset size MINI (already done).
Skipping c all_hints correlation repetition 1 for dataset size MINI (already done).
Skipping c all_hints covariance repetition 1 for dataset size MINI (already done).
Skipping c all_hints covariance repetition 1 for dataset size MINI (already done).
Skipping c all_hints deriche repetition 1 for dataset size MINI (already done).
Skipping c all_hints deriche repetition 1 for dataset size MINI (already done).
Skipping c all_hints doitgen repetition 1 for dataset size MINI (already done).
Skipping c all_hints doitgen repetition 1 for dataset size MINI (already done).
Skipping c all_hints durbin repetition 1 for dataset size MINI (already done).
Skipping c all_hints durbin repetition 1 for dataset size MINI (already done).
Skipping c all_hints fdtd-2d repetition 1 for dataset size MINI (already done).
Skipping c all_hints fdtd-2d repetition 1 for dataset size MINI (already done).
Skipping c all_hints floyd-warshall repetition 1 for dataset size MINI (already done).
Skipping c all_hints floyd-warshall repetition 1 for dataset size MINI (already done).
Skipping c all_hints gemm repetition 1 for dataset size MINI (already done).
Skipping c all_hints gemm repetition 1 for dataset size MINI (already done).
Skipping c all_hints gemver repetition 1 for dataset size MINI (already done).
Skipping c all_hints gemver repetition 1 for dataset size MINI (already done).
Skipping c all_hints gesummv repetition 1 for dataset size MINI (already done).
Skipping c all_hints gesummv repetition 1 for dataset size MINI (already done).
Skipping c all_hints heat-3d repetition 1 for dataset size MINI (already done).
Skipping c all_hints heat-3d repetition 1 for dataset size MINI (already done).
Skipping c all_hints jacobi-1d repetition 1 for dataset size MINI (already done).
Skipping c all_hints jacobi-1d repetition 1 for dataset size MINI (already done).
Skipping c all_hints jacobi-2d repetition 1 for dataset size MINI (already done).
Skipping c all_hints jacobi-2d repetition 1 for dataset size MINI (already done).
Skipping c all_hints lu repetition 1 for dataset size MINI (already done).
Skipping c all_hints lu repetition 1 for dataset size MINI (already done).
Skipping c all_hints ludcmp repetition 1 for dataset size MINI (already done).
Skipping c all_hints ludcmp repetition 1 for dataset size MINI (already done).
Skipping c all_hints mvt repetition 1 for dataset size MINI (already done).
Skipping c all_hints mvt repetition 1 for dataset size MINI (already done).
Skipping c all_hints nussinov repetition 1 for dataset size MINI (already done).
Skipping c all_hints nussinov repetition 1 for dataset size MINI (already done).
Skipping c all_hints seidel-2d repetition 1 for dataset size MINI (already done).
Skipping c all_hints seidel-2d repetition 1 for dataset size MINI (already done).
Skipping c all_hints symm repetition 1 for dataset size MINI (already done).
Skipping c all_hints symm repetition 1 for dataset size MINI (already done).
Skipping c all_hints syr2k repetition 1 for dataset size MINI (already done).
Skipping c all_hints syr2k repetition 1 for dataset size MINI (already done).
Skipping c all_hints syrk repetition 1 for dataset size MINI (already done).
Skipping c all_hints syrk repetition 1 for dataset size MINI (already done).
Skipping c all_hints trmm repetition 1 for dataset size MINI (already done).
Skipping c all_hints trmm repetition 1 for dataset size MINI (already done).
-- The C compiler identification is GNU 15.2.0
-- Detecting C compiler ABI info
-- Detecting C compiler ABI info - done
-- Check for working C compiler: /usr/local/latestgcc/bin/gcc - skipped
-- Detecting C compile features
-- Detecting C compile features - done
-- Configuring done (0.4s)
-- Generating done (0.9s)
-- Build files have been written to: /home/kleplj/all_hints/optimization/all_hints/PolybenchC-4.2.1/build
[  4%] Building C object CMakeFiles/covariance.dir/datamining/covariance/covariance.c.o
[  4%] Building C object CMakeFiles/covariance.dir/utilities/polybench.c.o
[ 11%] Building C object CMakeFiles/lu.dir/linear-algebra/solvers/lu/lu.c.o
[ 11%] Building C object CMakeFiles/ludcmp.dir/linear-algebra/solvers/ludcmp/ludcmp.c.o
[ 11%] Building C object CMakeFiles/correlation.dir/utilities/polybench.c.o
[ 11%] Building C object CMakeFiles/correlation.dir/datamining/correlation/correlation.c.o
[ 11%] Building C object CMakeFiles/lu.dir/utilities/polybench.c.o
[ 26%] Building C object CMakeFiles/gemver.dir/linear-algebra/blas/gemver/gemver.c.o
[ 66%] Building C object CMakeFiles/cholesky.dir/utilities/polybench.c.o
[ 66%] Building C object CMakeFiles/gramschmidt.dir/linear-algebra/solvers/gramschmidt/gramschmidt.c.o
[ 66%] Building C object CMakeFiles/syr2k.dir/linear-algebra/blas/syr2k/syr2k.c.o
[ 66%] Building C object CMakeFiles/gemm.dir/utilities/polybench.c.o
[ 66%] Building C object CMakeFiles/trisolv.dir/utilities/polybench.c.o
[ 66%] Building C object CMakeFiles/durbin.dir/utilities/polybench.c.o
[ 66%] Building C object CMakeFiles/mvt.dir/utilities/polybench.c.o
[ 66%] Building C object CMakeFiles/cholesky.dir/linear-algebra/solvers/cholesky/cholesky.c.o
[ 66%] Building C object CMakeFiles/fdtd-2d.dir/stencils/fdtd-2d/fdtd-2d.c.o
[ 66%] Building C object CMakeFiles/adi.dir/stencils/adi/adi.c.o
[ 66%] Building C object CMakeFiles/heat-3d.dir/stencils/heat-3d/heat-3d.c.o
[ 66%] Building C object CMakeFiles/jacobi-1d.dir/utilities/polybench.c.o
[ 66%] Building C object CMakeFiles/nussinov.dir/utilities/polybench.c.o
[ 66%] Building C object CMakeFiles/ludcmp.dir/utilities/polybench.c.o
[ 66%] Building C object CMakeFiles/3mm.dir/utilities/polybench.c.o
[ 66%] Building C object CMakeFiles/jacobi-1d.dir/stencils/jacobi-1d/jacobi-1d.c.o
[ 66%] Building C object CMakeFiles/deriche.dir/utilities/polybench.c.o
[ 66%] Building C object CMakeFiles/deriche.dir/medley/deriche/deriche.c.o
[ 66%] Building C object CMakeFiles/durbin.dir/linear-algebra/solvers/durbin/durbin.c.o
[ 66%] Building C object CMakeFiles/nussinov.dir/medley/nussinov/nussinov.c.o
[ 66%] Building C object CMakeFiles/syr2k.dir/utilities/polybench.c.o
[ 66%] Building C object CMakeFiles/doitgen.dir/linear-algebra/kernels/doitgen/doitgen.c.o
[ 66%] Building C object CMakeFiles/atax.dir/utilities/polybench.c.o
[ 66%] Building C object CMakeFiles/2mm.dir/linear-algebra/kernels/2mm/2mm.c.o
[ 66%] Building C object CMakeFiles/2mm.dir/utilities/polybench.c.o
[ 66%] Building C object CMakeFiles/doitgen.dir/utilities/polybench.c.o
[ 66%] Building C object CMakeFiles/floyd-warshall.dir/medley/floyd-warshall/floyd-warshall.c.o
[ 66%] Building C object CMakeFiles/atax.dir/linear-algebra/kernels/atax/atax.c.o
[ 66%] Building C object CMakeFiles/mvt.dir/linear-algebra/kernels/mvt/mvt.c.o
[ 66%] Building C object CMakeFiles/bicg.dir/linear-algebra/kernels/bicg/bicg.c.o
[ 66%] Building C object CMakeFiles/gramschmidt.dir/utilities/polybench.c.o
[ 66%] Building C object CMakeFiles/symm.dir/linear-algebra/blas/symm/symm.c.o
[ 66%] Building C object CMakeFiles/gesummv.dir/utilities/polybench.c.o
[ 66%] Building C object CMakeFiles/symm.dir/utilities/polybench.c.o
[ 66%] Building C object CMakeFiles/gesummv.dir/linear-algebra/blas/gesummv/gesummv.c.o
[ 66%] Building C object CMakeFiles/gemm.dir/linear-algebra/blas/gemm/gemm.c.o
[ 66%] Building C object CMakeFiles/gemver.dir/utilities/polybench.c.o
[ 66%] Building C object CMakeFiles/heat-3d.dir/utilities/polybench.c.o
[ 66%] Building C object CMakeFiles/trisolv.dir/linear-algebra/solvers/trisolv/trisolv.c.o
[ 66%] Building C object CMakeFiles/fdtd-2d.dir/utilities/polybench.c.o
[ 66%] Building C object CMakeFiles/trmm.dir/utilities/polybench.c.o
[ 66%] Building C object CMakeFiles/seidel-2d.dir/stencils/seidel-2d/seidel-2d.c.o
[ 66%] Building C object CMakeFiles/jacobi-2d.dir/stencils/jacobi-2d/jacobi-2d.c.o
[ 66%] Building C object CMakeFiles/floyd-warshall.dir/utilities/polybench.c.o
[ 66%] Building C object CMakeFiles/3mm.dir/linear-algebra/kernels/3mm/3mm.c.o
[ 66%] Building C object CMakeFiles/syrk.dir/utilities/polybench.c.o
[ 66%] Building C object CMakeFiles/syrk.dir/linear-algebra/blas/syrk/syrk.c.o
[ 66%] Building C object CMakeFiles/bicg.dir/utilities/polybench.c.o
[ 66%] Building C object CMakeFiles/trmm.dir/linear-algebra/blas/trmm/trmm.c.o
[ 66%] Building C object CMakeFiles/adi.dir/utilities/polybench.c.o
[ 66%] Building C object CMakeFiles/jacobi-2d.dir/utilities/polybench.c.o
[ 66%] Building C object CMakeFiles/seidel-2d.dir/utilities/polybench.c.o
[ 67%] Linking C executable seidel-2d
[ 68%] Linking C executable covariance
[ 70%] Linking C executable trmm
[ 72%] Linking C executable trisolv
[ 72%] Linking C executable syrk
[ 75%] Linking C executable 2mm
[ 75%] Linking C executable symm
[ 75%] Linking C executable jacobi-1d
[ 76%] Linking C executable gesummv
[ 76%] Built target seidel-2d
[ 77%] Linking C executable syr2k
[ 77%] Built target covariance
[ 78%] Linking C executable deriche
[ 78%] Built target trmm
[ 80%] Linking C executable correlation
[ 80%] Built target trisolv
[ 80%] Built target syrk
[ 82%] Linking C executable cholesky
[ 83%] Linking C executable lu
[ 83%] Linking C executable adi
[ 84%] Linking C executable jacobi-2d
[ 84%] Built target 2mm
[ 84%] Built target jacobi-1d
[ 85%] Built target gesummv
[ 86%] Linking C executable fdtd-2d
[ 86%] Built target symm
[ 86%] Linking C executable gemm
[ 87%] Linking C executable mvt
[ 88%] Linking C executable gemver
[ 88%] Built target syr2k
[ 90%] Linking C executable doitgen
[ 90%] Built target deriche
[ 90%] Built target correlation
[ 91%] Linking C executable gramschmidt
[ 91%] Built target cholesky
[ 91%] Built target lu
[ 91%] Built target adi
[ 91%] Built target jacobi-2d
[ 92%] Linking C executable atax
[ 92%] Built target fdtd-2d
[ 92%] Built target gemm
[ 92%] Built target mvt
[ 92%] Built target gemver
[ 92%] Built target doitgen
[ 93%] Linking C executable 3mm
[ 94%] Linking C executable floyd-warshall
[ 94%] Built target gramschmidt
[ 94%] Built target atax
[ 95%] Linking C executable ludcmp
[ 95%] Built target 3mm
[ 95%] Built target floyd-warshall
[ 95%] Built target ludcmp
Skipping c all_hints 2mm repetition 2 for dataset size MINI (already done).
Skipping c all_hints 2mm repetition 2 for dataset size MINI (already done).
Skipping c all_hints 3mm repetition 2 for dataset size MINI (already done).
Skipping c all_hints 3mm repetition 2 for dataset size MINI (already done).
Skipping c all_hints adi repetition 2 for dataset size MINI (already done).
Skipping c all_hints adi repetition 2 for dataset size MINI (already done).
Skipping c all_hints atax repetition 2 for dataset size MINI (already done).
Skipping c all_hints atax repetition 2 for dataset size MINI (already done).
Skipping c all_hints cholesky repetition 2 for dataset size MINI (already done).
Skipping c all_hints cholesky repetition 2 for dataset size MINI (already done).
Skipping c all_hints correlation repetition 2 for dataset size MINI (already done).
Skipping c all_hints correlation repetition 2 for dataset size MINI (already done).
Skipping c all_hints covariance repetition 2 for dataset size MINI (already done).
Skipping c all_hints covariance repetition 2 for dataset size MINI (already done).
Skipping c all_hints deriche repetition 2 for dataset size MINI (already done).
Skipping c all_hints deriche repetition 2 for dataset size MINI (already done).
Skipping c all_hints doitgen repetition 2 for dataset size MINI (already done).
Skipping c all_hints doitgen repetition 2 for dataset size MINI (already done).
Skipping c all_hints fdtd-2d repetition 2 for dataset size MINI (already done).
Skipping c all_hints fdtd-2d repetition 2 for dataset size MINI (already done).
Skipping c all_hints floyd-warshall repetition 2 for dataset size MINI (already done).
Skipping c all_hints floyd-warshall repetition 2 for dataset size MINI (already done).
Skipping c all_hints gemm repetition 2 for dataset size MINI (already done).
Skipping c all_hints gemm repetition 2 for dataset size MINI (already done).
Skipping c all_hints gemver repetition 2 for dataset size MINI (already done).
Skipping c all_hints gemver repetition 2 for dataset size MINI (already done).
Skipping c all_hints gesummv repetition 2 for dataset size MINI (already done).
Skipping c all_hints gesummv repetition 2 for dataset size MINI (already done).
Skipping c all_hints jacobi-1d repetition 2 for dataset size MINI (already done).
Skipping c all_hints jacobi-1d repetition 2 for dataset size MINI (already done).
Skipping c all_hints jacobi-2d repetition 2 for dataset size MINI (already done).
Skipping c all_hints jacobi-2d repetition 2 for dataset size MINI (already done).
Skipping c all_hints lu repetition 2 for dataset size MINI (already done).
Skipping c all_hints lu repetition 2 for dataset size MINI (already done).
Skipping c all_hints ludcmp repetition 2 for dataset size MINI (already done).
Skipping c all_hints ludcmp repetition 2 for dataset size MINI (already done).
Skipping c all_hints mvt repetition 2 for dataset size MINI (already done).
Skipping c all_hints mvt repetition 2 for dataset size MINI (already done).
Skipping c all_hints seidel-2d repetition 2 for dataset size MINI (already done).
Skipping c all_hints seidel-2d repetition 2 for dataset size MINI (already done).
Skipping c all_hints symm repetition 2 for dataset size MINI (already done).
Skipping c all_hints symm repetition 2 for dataset size MINI (already done).
Skipping c all_hints syr2k repetition 2 for dataset size MINI (already done).
Skipping c all_hints syr2k repetition 2 for dataset size MINI (already done).
Skipping c all_hints syrk repetition 2 for dataset size MINI (already done).
Skipping c all_hints syrk repetition 2 for dataset size MINI (already done).
Skipping c all_hints trmm repetition 2 for dataset size MINI (already done).
Skipping c all_hints trmm repetition 2 for dataset size MINI (already done).
-- The C compiler identification is GNU 15.2.0
-- Detecting C compiler ABI info
-- Detecting C compiler ABI info - done
-- Check for working C compiler: /usr/local/latestgcc/bin/gcc - skipped
-- Detecting C compile features
-- Detecting C compile features - done
-- Configuring done (0.4s)
-- Generating done (0.9s)
-- Build files have been written to: /home/kleplj/all_hints/optimization/all_hints/PolybenchC-4.2.1/build
[  7%] Building C object CMakeFiles/covariance.dir/datamining/covariance/covariance.c.o
[  7%] Building C object CMakeFiles/covariance.dir/utilities/polybench.c.o
[  7%] Building C object CMakeFiles/correlation.dir/datamining/correlation/correlation.c.o
[  7%] Building C object CMakeFiles/lu.dir/linear-algebra/solvers/lu/lu.c.o
[ 18%] Building C object CMakeFiles/atax.dir/utilities/polybench.c.o
[ 47%] Building C object CMakeFiles/gemm.dir/utilities/polybench.c.o
[ 47%] Building C object CMakeFiles/cholesky.dir/linear-algebra/solvers/cholesky/cholesky.c.o
[ 47%] Building C object CMakeFiles/symm.dir/linear-algebra/blas/symm/symm.c.o
[ 47%] Building C object CMakeFiles/cholesky.dir/utilities/polybench.c.o
[ 47%] Building C object CMakeFiles/lu.dir/utilities/polybench.c.o
[ 47%] Building C object CMakeFiles/correlation.dir/utilities/polybench.c.o
[ 47%] Building C object CMakeFiles/gramschmidt.dir/utilities/polybench.c.o
[ 47%] Building C object CMakeFiles/gemm.dir/linear-algebra/blas/gemm/gemm.c.o
[ 47%] Building C object CMakeFiles/ludcmp.dir/linear-algebra/solvers/ludcmp/ludcmp.c.o
[ 47%] Building C object CMakeFiles/ludcmp.dir/utilities/polybench.c.o
[ 47%] Building C object CMakeFiles/gramschmidt.dir/linear-algebra/solvers/gramschmidt/gramschmidt.c.o
[ 66%] Building C object CMakeFiles/syrk.dir/linear-algebra/blas/syrk/syrk.c.o
[ 66%] Building C object CMakeFiles/syr2k.dir/utilities/polybench.c.o
[ 66%] Building C object CMakeFiles/mvt.dir/utilities/polybench.c.o
[ 66%] Building C object CMakeFiles/bicg.dir/utilities/polybench.c.o
[ 66%] Building C object CMakeFiles/jacobi-1d.dir/stencils/jacobi-1d/jacobi-1d.c.o
[ 66%] Building C object CMakeFiles/doitgen.dir/linear-algebra/kernels/doitgen/doitgen.c.o
[ 66%] Building C object CMakeFiles/trmm.dir/linear-algebra/blas/trmm/trmm.c.o
[ 66%] Building C object CMakeFiles/atax.dir/linear-algebra/kernels/atax/atax.c.o
[ 66%] Building C object CMakeFiles/trmm.dir/utilities/polybench.c.o
[ 66%] Building C object CMakeFiles/syr2k.dir/linear-algebra/blas/syr2k/syr2k.c.o
[ 66%] Building C object CMakeFiles/trisolv.dir/linear-algebra/solvers/trisolv/trisolv.c.o
[ 66%] Building C object CMakeFiles/gesummv.dir/linear-algebra/blas/gesummv/gesummv.c.o
[ 66%] Building C object CMakeFiles/jacobi-1d.dir/utilities/polybench.c.o
[ 66%] Building C object CMakeFiles/seidel-2d.dir/stencils/seidel-2d/seidel-2d.c.o
[ 66%] Building C object CMakeFiles/adi.dir/stencils/adi/adi.c.o
[ 66%] Building C object CMakeFiles/jacobi-2d.dir/utilities/polybench.c.o
[ 66%] Building C object CMakeFiles/deriche.dir/utilities/polybench.c.o
[ 66%] Building C object CMakeFiles/adi.dir/utilities/polybench.c.o
[ 66%] Building C object CMakeFiles/deriche.dir/medley/deriche/deriche.c.o
[ 66%] Building C object CMakeFiles/floyd-warshall.dir/utilities/polybench.c.o
[ 66%] Building C object CMakeFiles/mvt.dir/linear-algebra/kernels/mvt/mvt.c.o
[ 66%] Building C object CMakeFiles/seidel-2d.dir/utilities/polybench.c.o
[ 66%] Building C object CMakeFiles/nussinov.dir/utilities/polybench.c.o
[ 66%] Building C object CMakeFiles/fdtd-2d.dir/stencils/fdtd-2d/fdtd-2d.c.o
[ 66%] Building C object CMakeFiles/2mm.dir/utilities/polybench.c.o
[ 66%] Building C object CMakeFiles/gemver.dir/utilities/polybench.c.o
[ 66%] Building C object CMakeFiles/3mm.dir/linear-algebra/kernels/3mm/3mm.c.o
[ 66%] Building C object CMakeFiles/2mm.dir/linear-algebra/kernels/2mm/2mm.c.o
[ 66%] Building C object CMakeFiles/gesummv.dir/utilities/polybench.c.o
[ 66%] Building C object CMakeFiles/doitgen.dir/utilities/polybench.c.o
[ 66%] Building C object CMakeFiles/durbin.dir/linear-algebra/solvers/durbin/durbin.c.o
[ 66%] Building C object CMakeFiles/heat-3d.dir/stencils/heat-3d/heat-3d.c.o
[ 66%] Building C object CMakeFiles/jacobi-2d.dir/stencils/jacobi-2d/jacobi-2d.c.o
[ 66%] Building C object CMakeFiles/fdtd-2d.dir/utilities/polybench.c.o
[ 66%] Building C object CMakeFiles/bicg.dir/linear-algebra/kernels/bicg/bicg.c.o
[ 66%] Building C object CMakeFiles/syrk.dir/utilities/polybench.c.o
[ 66%] Building C object CMakeFiles/nussinov.dir/medley/nussinov/nussinov.c.o
[ 66%] Building C object CMakeFiles/3mm.dir/utilities/polybench.c.o
[ 66%] Building C object CMakeFiles/symm.dir/utilities/polybench.c.o
[ 66%] Building C object CMakeFiles/heat-3d.dir/utilities/polybench.c.o
[ 66%] Building C object CMakeFiles/trisolv.dir/utilities/polybench.c.o
[ 66%] Building C object CMakeFiles/durbin.dir/utilities/polybench.c.o
[ 66%] Building C object CMakeFiles/floyd-warshall.dir/medley/floyd-warshall/floyd-warshall.c.o
[ 66%] Building C object CMakeFiles/gemver.dir/linear-algebra/blas/gemver/gemver.c.o
[ 67%] Linking C executable covariance
[ 68%] Linking C executable syr2k
[ 70%] Linking C executable trisolv
[ 71%] Linking C executable durbin
[ 73%] Linking C executable seidel-2d
[ 73%] Linking C executable nussinov
[ 74%] Linking C executable syrk
[ 75%] Linking C executable floyd-warshall
[ 76%] Linking C executable trmm
[ 77%] Linking C executable correlation
[ 81%] Linking C executable mvt
[ 81%] Linking C executable bicg
[ 81%] Linking C executable gesummv
[ 81%] Built target covariance
[ 82%] Linking C executable gemver
[ 82%] Built target syr2k
[ 82%] Built target trisolv
[ 84%] Linking C executable gramschmidt
[ 84%] Linking C executable gemm
[ 84%] Built target nussinov
[ 84%] Built target durbin
[ 84%] Built target seidel-2d
[ 85%] Linking C executable cholesky
[ 85%] Built target syrk
[ 86%] Linking C executable 2mm
[ 86%] Built target floyd-warshall
[ 88%] Built target trmm
[ 88%] Linking C executable symm
[ 88%] Linking C executable adi
[ 91%] Linking C executable atax
[ 91%] Linking C executable doitgen
[ 91%] Built target correlation
[ 91%] Built target mvt
[ 91%] Built target bicg
[ 91%] Built target gesummv
[ 91%] Built target gemver
[ 92%] Linking C executable deriche
[ 93%] Linking C executable lu
[ 93%] Built target gramschmidt
[ 93%] Built target gemm
[ 94%] Linking C executable jacobi-2d
[ 95%] Linking C executable ludcmp
[ 95%] Built target cholesky
[ 95%] Built target 2mm
[ 96%] Built target symm
[ 96%] Linking C executable heat-3d
[ 96%] Built target adi
[ 96%] Built target atax
[ 96%] Built target doitgen
[ 96%] Built target deriche
[ 96%] Built target lu
[ 96%] Built target jacobi-2d
[ 96%] Built target ludcmp
[ 96%] Built target heat-3d
[ 97%] Linking C executable fdtd-2d
[ 97%] Built target fdtd-2d
Skipping c all_hints 2mm repetition 3 for dataset size MINI (already done).
Skipping c all_hints 2mm repetition 3 for dataset size MINI (already done).
Skipping c all_hints adi repetition 3 for dataset size MINI (already done).
Skipping c all_hints adi repetition 3 for dataset size MINI (already done).
Skipping c all_hints atax repetition 3 for dataset size MINI (already done).
Skipping c all_hints atax repetition 3 for dataset size MINI (already done).
Skipping c all_hints bicg repetition 3 for dataset size MINI (already done).
Skipping c all_hints bicg repetition 3 for dataset size MINI (already done).
Skipping c all_hints cholesky repetition 3 for dataset size MINI (already done).
Skipping c all_hints cholesky repetition 3 for dataset size MINI (already done).
Skipping c all_hints correlation repetition 3 for dataset size MINI (already done).
Skipping c all_hints correlation repetition 3 for dataset size MINI (already done).
Skipping c all_hints covariance repetition 3 for dataset size MINI (already done).
Skipping c all_hints covariance repetition 3 for dataset size MINI (already done).
Skipping c all_hints deriche repetition 3 for dataset size MINI (already done).
Skipping c all_hints deriche repetition 3 for dataset size MINI (already done).
Skipping c all_hints doitgen repetition 3 for dataset size MINI (already done).
Skipping c all_hints doitgen repetition 3 for dataset size MINI (already done).
Skipping c all_hints durbin repetition 3 for dataset size MINI (already done).
Skipping c all_hints durbin repetition 3 for dataset size MINI (already done).
Skipping c all_hints floyd-warshall repetition 3 for dataset size MINI (already done).
Skipping c all_hints floyd-warshall repetition 3 for dataset size MINI (already done).
Skipping c all_hints gemm repetition 3 for dataset size MINI (already done).
Skipping c all_hints gemm repetition 3 for dataset size MINI (already done).
Skipping c all_hints gemver repetition 3 for dataset size MINI (already done).
Skipping c all_hints gemver repetition 3 for dataset size MINI (already done).
Skipping c all_hints gesummv repetition 3 for dataset size MINI (already done).
Skipping c all_hints gesummv repetition 3 for dataset size MINI (already done).
Skipping c all_hints heat-3d repetition 3 for dataset size MINI (already done).
Skipping c all_hints heat-3d repetition 3 for dataset size MINI (already done).
Skipping c all_hints jacobi-2d repetition 3 for dataset size MINI (already done).
Skipping c all_hints jacobi-2d repetition 3 for dataset size MINI (already done).
Skipping c all_hints lu repetition 3 for dataset size MINI (already done).
Skipping c all_hints lu repetition 3 for dataset size MINI (already done).
Skipping c all_hints ludcmp repetition 3 for dataset size MINI (already done).
Skipping c all_hints ludcmp repetition 3 for dataset size MINI (already done).
Skipping c all_hints nussinov repetition 3 for dataset size MINI (already done).
Skipping c all_hints nussinov repetition 3 for dataset size MINI (already done).
Skipping c all_hints seidel-2d repetition 3 for dataset size MINI (already done).
Skipping c all_hints seidel-2d repetition 3 for dataset size MINI (already done).
Skipping c all_hints symm repetition 3 for dataset size MINI (already done).
Skipping c all_hints symm repetition 3 for dataset size MINI (already done).
Skipping c all_hints syr2k repetition 3 for dataset size MINI (already done).
Skipping c all_hints syr2k repetition 3 for dataset size MINI (already done).
Skipping c all_hints syrk repetition 3 for dataset size MINI (already done).
Skipping c all_hints syrk repetition 3 for dataset size MINI (already done).
Skipping c all_hints trisolv repetition 3 for dataset size MINI (already done).
Skipping c all_hints trisolv repetition 3 for dataset size MINI (already done).
Skipping c all_hints trmm repetition 3 for dataset size MINI (already done).
Skipping c all_hints trmm repetition 3 for dataset size MINI (already done).
-- The C compiler identification is GNU 15.2.0
-- Detecting C compiler ABI info
-- Detecting C compiler ABI info - done
-- Check for working C compiler: /usr/local/latestgcc/bin/gcc - skipped
-- Detecting C compile features
-- Detecting C compile features - done
-- Configuring done (0.4s)
-- Generating done (0.9s)
-- Build files have been written to: /home/kleplj/all_hints/optimization/all_hints/PolybenchC-4.2.1/build
[  5%] Building C object CMakeFiles/covariance.dir/utilities/polybench.c.o
[  5%] Building C object CMakeFiles/covariance.dir/datamining/covariance/covariance.c.o
[  7%] Building C object CMakeFiles/correlation.dir/utilities/polybench.c.o
[  7%] Building C object CMakeFiles/lu.dir/linear-algebra/solvers/lu/lu.c.o
[  7%] Building C object CMakeFiles/correlation.dir/datamining/correlation/correlation.c.o
[ 11%] Building C object CMakeFiles/cholesky.dir/linear-algebra/solvers/cholesky/cholesky.c.o
[ 11%] Building C object CMakeFiles/lu.dir/utilities/polybench.c.o
[ 16%] Building C object CMakeFiles/durbin.dir/linear-algebra/solvers/durbin/durbin.c.o
[ 16%] Building C object CMakeFiles/gramschmidt.dir/linear-algebra/solvers/gramschmidt/gramschmidt.c.o
[ 16%] Building C object CMakeFiles/gramschmidt.dir/utilities/polybench.c.o
[ 16%] Building C object CMakeFiles/cholesky.dir/utilities/polybench.c.o
[ 16%] Building C object CMakeFiles/trisolv.dir/linear-algebra/solvers/trisolv/trisolv.c.o
[ 66%] Building C object CMakeFiles/trisolv.dir/utilities/polybench.c.o
[ 66%] Building C object CMakeFiles/durbin.dir/utilities/polybench.c.o
[ 66%] Building C object CMakeFiles/gemm.dir/utilities/polybench.c.o
[ 66%] Building C object CMakeFiles/ludcmp.dir/linear-algebra/solvers/ludcmp/ludcmp.c.o
[ 66%] Building C object CMakeFiles/floyd-warshall.dir/medley/floyd-warshall/floyd-warshall.c.o
[ 66%] Building C object CMakeFiles/gemver.dir/linear-algebra/blas/gemver/gemver.c.o
[ 66%] Building C object CMakeFiles/syr2k.dir/utilities/polybench.c.o
[ 66%] Building C object CMakeFiles/syrk.dir/linear-algebra/blas/syrk/syrk.c.o
[ 66%] Building C object CMakeFiles/syr2k.dir/linear-algebra/blas/syr2k/syr2k.c.o
[ 66%] Building C object CMakeFiles/ludcmp.dir/utilities/polybench.c.o
[ 66%] Building C object CMakeFiles/gemm.dir/linear-algebra/blas/gemm/gemm.c.o
[ 66%] Building C object CMakeFiles/jacobi-2d.dir/utilities/polybench.c.o
[ 66%] Building C object CMakeFiles/heat-3d.dir/stencils/heat-3d/heat-3d.c.o
[ 66%] Building C object CMakeFiles/trmm.dir/linear-algebra/blas/trmm/trmm.c.o
[ 66%] Building C object CMakeFiles/jacobi-1d.dir/stencils/jacobi-1d/jacobi-1d.c.o
[ 66%] Building C object CMakeFiles/deriche.dir/utilities/polybench.c.o
[ 66%] Building C object CMakeFiles/adi.dir/stencils/adi/adi.c.o
[ 66%] Building C object CMakeFiles/seidel-2d.dir/utilities/polybench.c.o
[ 66%] Building C object CMakeFiles/doitgen.dir/linear-algebra/kernels/doitgen/doitgen.c.o
[ 66%] Building C object CMakeFiles/fdtd-2d.dir/stencils/fdtd-2d/fdtd-2d.c.o
[ 66%] Building C object CMakeFiles/mvt.dir/utilities/polybench.c.o
[ 66%] Building C object CMakeFiles/floyd-warshall.dir/utilities/polybench.c.o
[ 66%] Building C object CMakeFiles/bicg.dir/linear-algebra/kernels/bicg/bicg.c.o
[ 66%] Building C object CMakeFiles/2mm.dir/linear-algebra/kernels/2mm/2mm.c.o
[ 66%] Building C object CMakeFiles/nussinov.dir/utilities/polybench.c.o
[ 66%] Building C object CMakeFiles/seidel-2d.dir/stencils/seidel-2d/seidel-2d.c.o
[ 66%] Building C object CMakeFiles/deriche.dir/medley/deriche/deriche.c.o
[ 66%] Building C object CMakeFiles/jacobi-2d.dir/stencils/jacobi-2d/jacobi-2d.c.o
[ 66%] Building C object CMakeFiles/2mm.dir/utilities/polybench.c.o
[ 66%] Building C object CMakeFiles/doitgen.dir/utilities/polybench.c.o
[ 66%] Building C object CMakeFiles/bicg.dir/utilities/polybench.c.o
[ 66%] Building C object CMakeFiles/nussinov.dir/medley/nussinov/nussinov.c.o
[ 66%] Building C object CMakeFiles/3mm.dir/utilities/polybench.c.o
[ 66%] Building C object CMakeFiles/3mm.dir/linear-algebra/kernels/3mm/3mm.c.o
[ 66%] Building C object CMakeFiles/atax.dir/utilities/polybench.c.o
[ 66%] Building C object CMakeFiles/atax.dir/linear-algebra/kernels/atax/atax.c.o
[ 66%] Building C object CMakeFiles/symm.dir/utilities/polybench.c.o
[ 66%] Building C object CMakeFiles/mvt.dir/linear-algebra/kernels/mvt/mvt.c.o
[ 66%] Building C object CMakeFiles/syrk.dir/utilities/polybench.c.o
[ 66%] Building C object CMakeFiles/gesummv.dir/linear-algebra/blas/gesummv/gesummv.c.o
[ 66%] Building C object CMakeFiles/heat-3d.dir/utilities/polybench.c.o
[ 66%] Building C object CMakeFiles/gemver.dir/utilities/polybench.c.o
[ 66%] Building C object CMakeFiles/gesummv.dir/utilities/polybench.c.o
[ 66%] Building C object CMakeFiles/fdtd-2d.dir/utilities/polybench.c.o
[ 66%] Building C object CMakeFiles/jacobi-1d.dir/utilities/polybench.c.o
[ 66%] Building C object CMakeFiles/trmm.dir/utilities/polybench.c.o
[ 66%] Building C object CMakeFiles/adi.dir/utilities/polybench.c.o
[ 66%] Building C object CMakeFiles/symm.dir/linear-algebra/blas/symm/symm.c.o
[ 67%] Linking C executable trisolv
[ 68%] Linking C executable durbin
[ 70%] Linking C executable bicg
[ 72%] Linking C executable deriche
[ 72%] Linking C executable syr2k
[ 73%] Linking C executable seidel-2d
[ 76%] Linking C executable floyd-warshall
[ 76%] Linking C executable gesummv
[ 76%] Linking C executable jacobi-1d
[ 76%] Built target trisolv
[ 77%] Linking C executable syrk
[ 78%] Linking C executable fdtd-2d
[ 81%] Linking C executable gemver
[ 81%] Built target durbin
[ 81%] Linking C executable atax
[ 82%] Built target bicg
[ 82%] Linking C executable adi
[ 82%] Built target deriche
[ 82%] Built target syr2k
[ 82%] Built target seidel-2d
[ 84%] Linking C executable lu
[ 84%] Linking C executable jacobi-2d
[ 86%] Linking C executable cholesky
[ 86%] Linking C executable covariance
[ 86%] Built target gesummv
[ 86%] Built target jacobi-1d
[ 86%] Built target floyd-warshall
[ 87%] Linking C executable gramschmidt
[ 88%] Linking C executable doitgen
[ 90%] Built target syrk
[ 90%] Linking C executable trmm
[ 90%] Built target fdtd-2d
[ 90%] Built target gemver
[ 90%] Built target atax
[ 91%] Linking C executable heat-3d
[ 92%] Linking C executable correlation
[ 92%] Built target adi
[ 93%] Linking C executable symm
[ 93%] Built target jacobi-2d
[ 93%] Built target lu
[ 93%] Built target cholesky
[ 93%] Built target covariance
[ 94%] Linking C executable mvt
[ 94%] Built target gramschmidt
[ 94%] Built target doitgen
[ 94%] Built target trmm
[ 94%] Built target heat-3d
[ 94%] Built target correlation
[ 95%] Linking C executable 2mm
[ 95%] Built target symm
[ 95%] Built target mvt
[ 96%] Linking C executable 3mm
[ 96%] Built target 2mm
[ 96%] Built target 3mm
Skipping c all_hints 2mm repetition 4 for dataset size MINI (already done).
Skipping c all_hints 2mm repetition 4 for dataset size MINI (already done).
Skipping c all_hints 3mm repetition 4 for dataset size MINI (already done).
Skipping c all_hints 3mm repetition 4 for dataset size MINI (already done).
Skipping c all_hints adi repetition 4 for dataset size MINI (already done).
Skipping c all_hints adi repetition 4 for dataset size MINI (already done).
Skipping c all_hints atax repetition 4 for dataset size MINI (already done).
Skipping c all_hints atax repetition 4 for dataset size MINI (already done).
Skipping c all_hints bicg repetition 4 for dataset size MINI (already done).
Skipping c all_hints bicg repetition 4 for dataset size MINI (already done).
Skipping c all_hints cholesky repetition 4 for dataset size MINI (already done).
Skipping c all_hints cholesky repetition 4 for dataset size MINI (already done).
Skipping c all_hints correlation repetition 4 for dataset size MINI (already done).
Skipping c all_hints correlation repetition 4 for dataset size MINI (already done).
Skipping c all_hints covariance repetition 4 for dataset size MINI (already done).
Skipping c all_hints covariance repetition 4 for dataset size MINI (already done).
Skipping c all_hints deriche repetition 4 for dataset size MINI (already done).
Skipping c all_hints deriche repetition 4 for dataset size MINI (already done).
Skipping c all_hints doitgen repetition 4 for dataset size MINI (already done).
Skipping c all_hints doitgen repetition 4 for dataset size MINI (already done).
Skipping c all_hints durbin repetition 4 for dataset size MINI (already done).
Skipping c all_hints durbin repetition 4 for dataset size MINI (already done).
Skipping c all_hints fdtd-2d repetition 4 for dataset size MINI (already done).
Skipping c all_hints fdtd-2d repetition 4 for dataset size MINI (already done).
Skipping c all_hints floyd-warshall repetition 4 for dataset size MINI (already done).
Skipping c all_hints floyd-warshall repetition 4 for dataset size MINI (already done).
Skipping c all_hints gemver repetition 4 for dataset size MINI (already done).
Skipping c all_hints gemver repetition 4 for dataset size MINI (already done).
Skipping c all_hints gesummv repetition 4 for dataset size MINI (already done).
Skipping c all_hints gesummv repetition 4 for dataset size MINI (already done).
Skipping c all_hints heat-3d repetition 4 for dataset size MINI (already done).
Skipping c all_hints heat-3d repetition 4 for dataset size MINI (already done).
Skipping c all_hints jacobi-1d repetition 4 for dataset size MINI (already done).
Skipping c all_hints jacobi-1d repetition 4 for dataset size MINI (already done).
Skipping c all_hints jacobi-2d repetition 4 for dataset size MINI (already done).
Skipping c all_hints jacobi-2d repetition 4 for dataset size MINI (already done).
Skipping c all_hints lu repetition 4 for dataset size MINI (already done).
Skipping c all_hints lu repetition 4 for dataset size MINI (already done).
Skipping c all_hints mvt repetition 4 for dataset size MINI (already done).
Skipping c all_hints mvt repetition 4 for dataset size MINI (already done).
Skipping c all_hints seidel-2d repetition 4 for dataset size MINI (already done).
Skipping c all_hints seidel-2d repetition 4 for dataset size MINI (already done).
Skipping c all_hints symm repetition 4 for dataset size MINI (already done).
Skipping c all_hints symm repetition 4 for dataset size MINI (already done).
Skipping c all_hints syr2k repetition 4 for dataset size MINI (already done).
Skipping c all_hints syr2k repetition 4 for dataset size MINI (already done).
Skipping c all_hints syrk repetition 4 for dataset size MINI (already done).
Skipping c all_hints syrk repetition 4 for dataset size MINI (already done).
Skipping c all_hints trisolv repetition 4 for dataset size MINI (already done).
Skipping c all_hints trisolv repetition 4 for dataset size MINI (already done).
Skipping c all_hints trmm repetition 4 for dataset size MINI (already done).
Skipping c all_hints trmm repetition 4 for dataset size MINI (already done).
-- The C compiler identification is GNU 15.2.0
-- Detecting C compiler ABI info
-- Detecting C compiler ABI info - done
-- Check for working C compiler: /usr/local/latestgcc/bin/gcc - skipped
-- Detecting C compile features
-- Detecting C compile features - done
-- Configuring done (0.4s)
-- Generating done (0.9s)
-- Build files have been written to: /home/kleplj/all_hints/optimization/all_hints/PolybenchC-4.2.1/build
[  2%] Building C object CMakeFiles/covariance.dir/datamining/covariance/covariance.c.o
[  3%] Building C object CMakeFiles/covariance.dir/utilities/polybench.c.o
[  5%] Building C object CMakeFiles/correlation.dir/datamining/correlation/correlation.c.o
[  7%] Building C object CMakeFiles/lu.dir/linear-algebra/solvers/lu/lu.c.o
[  7%] Building C object CMakeFiles/correlation.dir/utilities/polybench.c.o
[ 15%] Building C object CMakeFiles/cholesky.dir/linear-algebra/solvers/cholesky/cholesky.c.o
[ 15%] Building C object CMakeFiles/trisolv.dir/linear-algebra/solvers/trisolv/trisolv.c.o
[ 15%] Building C object CMakeFiles/durbin.dir/linear-algebra/solvers/durbin/durbin.c.o
[ 15%] Building C object CMakeFiles/lu.dir/utilities/polybench.c.o
[ 15%] Building C object CMakeFiles/gemver.dir/utilities/polybench.c.o
[ 15%] Building C object CMakeFiles/gramschmidt.dir/linear-algebra/solvers/gramschmidt/gramschmidt.c.o
[ 42%] Building C object CMakeFiles/mvt.dir/linear-algebra/kernels/mvt/mvt.c.o
[ 66%] Building C object CMakeFiles/symm.dir/utilities/polybench.c.o
[ 66%] Building C object CMakeFiles/syr2k.dir/utilities/polybench.c.o
[ 66%] Building C object CMakeFiles/atax.dir/linear-algebra/kernels/atax/atax.c.o
[ 66%] Building C object CMakeFiles/cholesky.dir/utilities/polybench.c.o
[ 66%] Building C object CMakeFiles/symm.dir/linear-algebra/blas/symm/symm.c.o
[ 66%] Building C object CMakeFiles/ludcmp.dir/utilities/polybench.c.o
[ 66%] Building C object CMakeFiles/3mm.dir/linear-algebra/kernels/3mm/3mm.c.o
[ 66%] Building C object CMakeFiles/gesummv.dir/linear-algebra/blas/gesummv/gesummv.c.o
[ 66%] Building C object CMakeFiles/durbin.dir/utilities/polybench.c.o
[ 66%] Building C object CMakeFiles/syrk.dir/linear-algebra/blas/syrk/syrk.c.o
[ 66%] Building C object CMakeFiles/adi.dir/stencils/adi/adi.c.o
[ 66%] Building C object CMakeFiles/fdtd-2d.dir/utilities/polybench.c.o
[ 66%] Building C object CMakeFiles/deriche.dir/medley/deriche/deriche.c.o
[ 66%] Building C object CMakeFiles/floyd-warshall.dir/utilities/polybench.c.o
[ 66%] Building C object CMakeFiles/jacobi-2d.dir/stencils/jacobi-2d/jacobi-2d.c.o
[ 66%] Building C object CMakeFiles/seidel-2d.dir/utilities/polybench.c.o
[ 66%] Building C object CMakeFiles/jacobi-1d.dir/utilities/polybench.c.o
[ 66%] Building C object CMakeFiles/adi.dir/utilities/polybench.c.o
[ 66%] Building C object CMakeFiles/jacobi-1d.dir/stencils/jacobi-1d/jacobi-1d.c.o
[ 66%] Building C object CMakeFiles/heat-3d.dir/stencils/heat-3d/heat-3d.c.o
[ 66%] Building C object CMakeFiles/trisolv.dir/utilities/polybench.c.o
[ 66%] Building C object CMakeFiles/fdtd-2d.dir/stencils/fdtd-2d/fdtd-2d.c.o
[ 66%] Building C object CMakeFiles/doitgen.dir/linear-algebra/kernels/doitgen/doitgen.c.o
[ 66%] Building C object CMakeFiles/2mm.dir/utilities/polybench.c.o
[ 66%] Building C object CMakeFiles/3mm.dir/utilities/polybench.c.o
[ 66%] Building C object CMakeFiles/deriche.dir/utilities/polybench.c.o
[ 66%] Building C object CMakeFiles/floyd-warshall.dir/medley/floyd-warshall/floyd-warshall.c.o
[ 66%] Building C object CMakeFiles/atax.dir/utilities/polybench.c.o
[ 66%] Building C object CMakeFiles/mvt.dir/utilities/polybench.c.o
[ 66%] Building C object CMakeFiles/nussinov.dir/medley/nussinov/nussinov.c.o
[ 66%] Building C object CMakeFiles/bicg.dir/linear-algebra/kernels/bicg/bicg.c.o
[ 66%] Building C object CMakeFiles/gemm.dir/linear-algebra/blas/gemm/gemm.c.o
[ 66%] Building C object CMakeFiles/syr2k.dir/linear-algebra/blas/syr2k/syr2k.c.o
[ 66%] Building C object CMakeFiles/syrk.dir/utilities/polybench.c.o
[ 66%] Building C object CMakeFiles/gramschmidt.dir/utilities/polybench.c.o
[ 66%] Building C object CMakeFiles/gemm.dir/utilities/polybench.c.o
[ 66%] Building C object CMakeFiles/seidel-2d.dir/stencils/seidel-2d/seidel-2d.c.o
[ 66%] Building C object CMakeFiles/heat-3d.dir/utilities/polybench.c.o
[ 66%] Building C object CMakeFiles/gemver.dir/linear-algebra/blas/gemver/gemver.c.o
[ 66%] Building C object CMakeFiles/ludcmp.dir/linear-algebra/solvers/ludcmp/ludcmp.c.o
[ 66%] Building C object CMakeFiles/trmm.dir/linear-algebra/blas/trmm/trmm.c.o
[ 66%] Building C object CMakeFiles/jacobi-2d.dir/utilities/polybench.c.o
[ 66%] Building C object CMakeFiles/gesummv.dir/utilities/polybench.c.o
[ 66%] Building C object CMakeFiles/nussinov.dir/utilities/polybench.c.o
[ 66%] Building C object CMakeFiles/2mm.dir/linear-algebra/kernels/2mm/2mm.c.o
[ 66%] Building C object CMakeFiles/trmm.dir/utilities/polybench.c.o
[ 66%] Building C object CMakeFiles/bicg.dir/utilities/polybench.c.o
[ 66%] Building C object CMakeFiles/doitgen.dir/utilities/polybench.c.o
[ 67%] Linking C executable floyd-warshall
[ 68%] Linking C executable covariance
[ 71%] Linking C executable seidel-2d
[ 71%] Linking C executable durbin
[ 72%] Linking C executable gesummv
[ 74%] Linking C executable atax
[ 74%] Linking C executable jacobi-1d
[ 75%] Linking C executable syrk
[ 77%] Linking C executable nussinov
[ 77%] Linking C executable trisolv
[ 77%] Built target floyd-warshall
[ 80%] Linking C executable jacobi-2d
[ 80%] Linking C executable adi
[ 80%] Built target covariance
[ 82%] Linking C executable mvt
[ 82%] Linking C executable bicg
[ 82%] Built target durbin
[ 83%] Built target seidel-2d
[ 83%] Linking C executable lu
[ 84%] Linking C executable trmm
[ 84%] Built target gesummv
[ 84%] Built target atax
[ 84%] Built target syrk
[ 85%] Built target jacobi-1d
[ 85%] Linking C executable cholesky
[ 85%] Built target trisolv
[ 85%] Built target nussinov
[ 86%] Linking C executable gemm
[ 86%] Built target adi
[ 86%] Built target jacobi-2d
[ 87%] Linking C executable gramschmidt
[ 87%] Built target mvt
[ 87%] Built target bicg
[ 87%] Built target lu
[ 88%] Linking C executable deriche
[ 90%] Linking C executable gemver
[ 90%] Built target trmm
[ 90%] Built target cholesky
[ 90%] Built target gemm
[ 91%] Linking C executable doitgen
[ 91%] Built target gramschmidt
[ 92%] Linking C executable ludcmp
[ 92%] Built target deriche
[ 93%] Built target gemver
[ 93%] Linking C executable symm
[ 94%] Linking C executable syr2k
[ 94%] Built target doitgen
[ 95%] Linking C executable heat-3d
[ 95%] Built target ludcmp
[ 96%] Linking C executable 2mm
[ 96%] Built target symm
[ 97%] Built target syr2k
[ 97%] Linking C executable 3mm
[ 97%] Built target heat-3d
[ 97%] Built target 2mm
[ 97%] Built target 3mm
Skipping c all_hints 2mm repetition 5 for dataset size MINI (already done).
Skipping c all_hints 2mm repetition 5 for dataset size MINI (already done).
Skipping c all_hints 3mm repetition 5 for dataset size MINI (already done).
Skipping c all_hints 3mm repetition 5 for dataset size MINI (already done).
Skipping c all_hints adi repetition 5 for dataset size MINI (already done).
Skipping c all_hints adi repetition 5 for dataset size MINI (already done).
Skipping c all_hints atax repetition 5 for dataset size MINI (already done).
Skipping c all_hints atax repetition 5 for dataset size MINI (already done).
Skipping c all_hints bicg repetition 5 for dataset size MINI (already done).
Skipping c all_hints bicg repetition 5 for dataset size MINI (already done).
Skipping c all_hints cholesky repetition 5 for dataset size MINI (already done).
Skipping c all_hints cholesky repetition 5 for dataset size MINI (already done).
Skipping c all_hints covariance repetition 5 for dataset size MINI (already done).
Skipping c all_hints covariance repetition 5 for dataset size MINI (already done).
Skipping c all_hints deriche repetition 5 for dataset size MINI (already done).
Skipping c all_hints deriche repetition 5 for dataset size MINI (already done).
Skipping c all_hints doitgen repetition 5 for dataset size MINI (already done).
Skipping c all_hints doitgen repetition 5 for dataset size MINI (already done).
Skipping c all_hints durbin repetition 5 for dataset size MINI (already done).
Skipping c all_hints durbin repetition 5 for dataset size MINI (already done).
Skipping c all_hints floyd-warshall repetition 5 for dataset size MINI (already done).
Skipping c all_hints floyd-warshall repetition 5 for dataset size MINI (already done).
Skipping c all_hints gemm repetition 5 for dataset size MINI (already done).
Skipping c all_hints gemm repetition 5 for dataset size MINI (already done).
Skipping c all_hints gemver repetition 5 for dataset size MINI (already done).
Skipping c all_hints gemver repetition 5 for dataset size MINI (already done).
Skipping c all_hints gesummv repetition 5 for dataset size MINI (already done).
Skipping c all_hints gesummv repetition 5 for dataset size MINI (already done).
Skipping c all_hints heat-3d repetition 5 for dataset size MINI (already done).
Skipping c all_hints heat-3d repetition 5 for dataset size MINI (already done).
Skipping c all_hints jacobi-1d repetition 5 for dataset size MINI (already done).
Skipping c all_hints jacobi-1d repetition 5 for dataset size MINI (already done).
Skipping c all_hints jacobi-2d repetition 5 for dataset size MINI (already done).
Skipping c all_hints jacobi-2d repetition 5 for dataset size MINI (already done).
Skipping c all_hints lu repetition 5 for dataset size MINI (already done).
Skipping c all_hints lu repetition 5 for dataset size MINI (already done).
Skipping c all_hints ludcmp repetition 5 for dataset size MINI (already done).
Skipping c all_hints ludcmp repetition 5 for dataset size MINI (already done).
Skipping c all_hints mvt repetition 5 for dataset size MINI (already done).
Skipping c all_hints mvt repetition 5 for dataset size MINI (already done).
Skipping c all_hints nussinov repetition 5 for dataset size MINI (already done).
Skipping c all_hints nussinov repetition 5 for dataset size MINI (already done).
Skipping c all_hints seidel-2d repetition 5 for dataset size MINI (already done).
Skipping c all_hints seidel-2d repetition 5 for dataset size MINI (already done).
Skipping c all_hints symm repetition 5 for dataset size MINI (already done).
Skipping c all_hints symm repetition 5 for dataset size MINI (already done).
Skipping c all_hints syr2k repetition 5 for dataset size MINI (already done).
Skipping c all_hints syr2k repetition 5 for dataset size MINI (already done).
Skipping c all_hints syrk repetition 5 for dataset size MINI (already done).
Skipping c all_hints syrk repetition 5 for dataset size MINI (already done).
Skipping c all_hints trisolv repetition 5 for dataset size MINI (already done).
Skipping c all_hints trisolv repetition 5 for dataset size MINI (already done).
Skipping c all_hints trmm repetition 5 for dataset size MINI (already done).
Skipping c all_hints trmm repetition 5 for dataset size MINI (already done).
-- The CXX compiler identification is GNU 15.2.0
-- Detecting CXX compiler ABI info
-- Detecting CXX compiler ABI info - done
-- Check for working CXX compiler: /usr/local/latestgcc/bin/g++ - skipped
-- Detecting CXX compile features
-- Detecting CXX compile features - done
-- Using NOARR_STRUCTURES_DIR from environment: /home/kleplj/all_hints/submodules/noarr-structures
-- Configuring done (0.5s)
-- Generating done (0.9s)
-- Build files have been written to: /home/kleplj/all_hints/optimization/all_hints/PolybenchC-Noarr/build
[ 10%] Building CXX object CMakeFiles/gemver.dir/linear-algebra/blas/gemver/gemver.cpp.o
[ 11%] Building CXX object CMakeFiles/gesummv.dir/linear-algebra/blas/gesummv/gesummv.cpp.o
[ 11%] Building CXX object CMakeFiles/covariance.dir/datamining/covariance/covariance.cpp.o
[ 11%] Building CXX object CMakeFiles/correlation.dir/datamining/correlation/correlation.cpp.o
[ 11%] Building CXX object CMakeFiles/gemm.dir/linear-algebra/blas/gemm/gemm.cpp.o
[ 23%] Building CXX object CMakeFiles/2mm.dir/linear-algebra/kernels/2mm/2mm.cpp.o
[ 23%] Building CXX object CMakeFiles/trmm.dir/linear-algebra/blas/trmm/trmm.cpp.o
[ 23%] Building CXX object CMakeFiles/3mm.dir/linear-algebra/kernels/3mm/3mm.cpp.o
[ 23%] Building CXX object CMakeFiles/bicg.dir/linear-algebra/kernels/bicg/bicg.cpp.o
[ 23%] Building CXX object CMakeFiles/syr2k.dir/linear-algebra/blas/syr2k/syr2k.cpp.o
[ 23%] Building CXX object CMakeFiles/symm.dir/linear-algebra/blas/symm/symm.cpp.o
[ 23%] Building CXX object CMakeFiles/syrk.dir/linear-algebra/blas/syrk/syrk.cpp.o
[ 41%] Building CXX object CMakeFiles/trisolv.dir/linear-algebra/solvers/trisolv/trisolv.cpp.o
[ 50%] Building CXX object CMakeFiles/nussinov.dir/medley/nussinov/nussinov.cpp.o
[ 50%] Building CXX object CMakeFiles/deriche.dir/medley/deriche/deriche.cpp.o
[ 50%] Building CXX object CMakeFiles/lu.dir/linear-algebra/solvers/lu/lu.cpp.o
[ 50%] Building CXX object CMakeFiles/durbin.dir/linear-algebra/solvers/durbin/durbin.cpp.o
[ 50%] Building CXX object CMakeFiles/gramschmidt.dir/linear-algebra/solvers/gramschmidt/gramschmidt.cpp.o
[ 50%] Building CXX object CMakeFiles/ludcmp.dir/linear-algebra/solvers/ludcmp/ludcmp.cpp.o
[ 50%] Building CXX object CMakeFiles/cholesky.dir/linear-algebra/solvers/cholesky/cholesky.cpp.o
[ 50%] Building CXX object CMakeFiles/atax.dir/linear-algebra/kernels/atax/atax.cpp.o
[ 50%] Building CXX object CMakeFiles/floyd-warshall.dir/medley/floyd-warshall/floyd-warshall.cpp.o
[ 50%] Building CXX object CMakeFiles/adi.dir/stencils/adi/adi.cpp.o
[ 50%] Building CXX object CMakeFiles/fdtd-2d.dir/stencils/fdtd-2d/fdtd-2d.cpp.o
[ 50%] Building CXX object CMakeFiles/mvt.dir/linear-algebra/kernels/mvt/mvt.cpp.o
[ 50%] Building CXX object CMakeFiles/doitgen.dir/linear-algebra/kernels/doitgen/doitgen.cpp.o
[ 50%] Building CXX object CMakeFiles/jacobi-1d.dir/stencils/jacobi-1d/jacobi-1d.cpp.o
[ 50%] Building CXX object CMakeFiles/heat-3d.dir/stencils/heat-3d/heat-3d.cpp.o
[ 50%] Building CXX object CMakeFiles/jacobi-2d.dir/stencils/jacobi-2d/jacobi-2d.cpp.o
[ 50%] Building CXX object CMakeFiles/seidel-2d.dir/stencils/seidel-2d/seidel-2d.cpp.o
[ 53%] Linking CXX executable nussinov
[ 53%] Linking CXX executable cholesky
-- The C compiler identification is GNU 15.2.0
-- Detecting C compiler ABI info
-- Detecting C compiler ABI info - done
-- Check for working C compiler: /usr/local/latestgcc/bin/gcc - skipped
-- Detecting C compile features
-- Detecting C compile features - done
-- Configuring done (0.4s)
-- Generating done (0.8s)
-- Build files have been written to: /home/kleplj/all_hints/optimization/all_hints/PolybenchC-4.2.1/build
[  4%] Building C object CMakeFiles/covariance.dir/utilities/polybench.c.o
[  4%] Building C object CMakeFiles/covariance.dir/datamining/covariance/covariance.c.o
[  5%] Building C object CMakeFiles/correlation.dir/datamining/correlation/correlation.c.o
[  6%] Building C object CMakeFiles/correlation.dir/utilities/polybench.c.o
[ 12%] Building C object CMakeFiles/gramschmidt.dir/linear-algebra/solvers/gramschmidt/gramschmidt.c.o
[ 12%] Building C object CMakeFiles/durbin.dir/linear-algebra/solvers/durbin/durbin.c.o
[ 12%] Building C object CMakeFiles/ludcmp.dir/linear-algebra/solvers/ludcmp/ludcmp.c.o
[ 12%] Building C object CMakeFiles/lu.dir/linear-algebra/solvers/lu/lu.c.o
[ 12%] Building C object CMakeFiles/lu.dir/utilities/polybench.c.o
[ 27%] Building C object CMakeFiles/trisolv.dir/utilities/polybench.c.o
[ 65%] Building C object CMakeFiles/syrk.dir/utilities/polybench.c.o
[ 65%] Building C object CMakeFiles/durbin.dir/utilities/polybench.c.o
[ 65%] Building C object CMakeFiles/syr2k.dir/linear-algebra/blas/syr2k/syr2k.c.o
[ 65%] Building C object CMakeFiles/gemver.dir/linear-algebra/blas/gemver/gemver.c.o
[ 65%] Building C object CMakeFiles/ludcmp.dir/utilities/polybench.c.o
[ 65%] Building C object CMakeFiles/gemm.dir/linear-algebra/blas/gemm/gemm.c.o
[ 65%] Building C object CMakeFiles/gemm.dir/utilities/polybench.c.o
[ 65%] Building C object CMakeFiles/gemver.dir/utilities/polybench.c.o
[ 65%] Building C object CMakeFiles/trisolv.dir/linear-algebra/solvers/trisolv/trisolv.c.o
[ 65%] Building C object CMakeFiles/cholesky.dir/linear-algebra/solvers/cholesky/cholesky.c.o
[ 65%] Building C object CMakeFiles/gramschmidt.dir/utilities/polybench.c.o
[ 65%] Building C object CMakeFiles/symm.dir/linear-algebra/blas/symm/symm.c.o
[ 65%] Building C object CMakeFiles/cholesky.dir/utilities/polybench.c.o
[ 65%] Building C object CMakeFiles/syr2k.dir/utilities/polybench.c.o
[ 66%] Building C object CMakeFiles/3mm.dir/linear-algebra/kernels/3mm/3mm.c.o
[ 66%] Building C object CMakeFiles/gesummv.dir/linear-algebra/blas/gesummv/gesummv.c.o
[ 66%] Building C object CMakeFiles/atax.dir/linear-algebra/kernels/atax/atax.c.o
[ 66%] Building C object CMakeFiles/atax.dir/utilities/polybench.c.o
[ 66%] Building C object CMakeFiles/gesummv.dir/utilities/polybench.c.o
[ 66%] Building C object CMakeFiles/bicg.dir/linear-algebra/kernels/bicg/bicg.c.o
[ 66%] Building C object CMakeFiles/doitgen.dir/linear-algebra/kernels/doitgen/doitgen.c.o
[ 66%] Building C object CMakeFiles/nussinov.dir/medley/nussinov/nussinov.c.o
[ 66%] Building C object CMakeFiles/mvt.dir/linear-algebra/kernels/mvt/mvt.c.o
[ 66%] Building C object CMakeFiles/3mm.dir/utilities/polybench.c.o
[ 66%] Building C object CMakeFiles/2mm.dir/utilities/polybench.c.o
[ 66%] Building C object CMakeFiles/2mm.dir/linear-algebra/kernels/2mm/2mm.c.o
[ 66%] Building C object CMakeFiles/mvt.dir/utilities/polybench.c.o
[ 66%] Building C object CMakeFiles/deriche.dir/medley/deriche/deriche.c.o
[ 66%] Building C object CMakeFiles/nussinov.dir/utilities/polybench.c.o
[ 66%] Building C object CMakeFiles/fdtd-2d.dir/stencils/fdtd-2d/fdtd-2d.c.o
[ 66%] Building C object CMakeFiles/floyd-warshall.dir/utilities/polybench.c.o
[ 66%] Building C object CMakeFiles/jacobi-1d.dir/utilities/polybench.c.o
[ 66%] Building C object CMakeFiles/jacobi-2d.dir/stencils/jacobi-2d/jacobi-2d.c.o
[ 66%] Building C object CMakeFiles/jacobi-1d.dir/stencils/jacobi-1d/jacobi-1d.c.o
[ 66%] Building C object CMakeFiles/seidel-2d.dir/stencils/seidel-2d/seidel-2d.c.o
[ 66%] Building C object CMakeFiles/seidel-2d.dir/utilities/polybench.c.o
[ 66%] Building C object CMakeFiles/adi.dir/stencils/adi/adi.c.o
[ 66%] Building C object CMakeFiles/deriche.dir/utilities/polybench.c.o
[ 66%] Building C object CMakeFiles/floyd-warshall.dir/medley/floyd-warshall/floyd-warshall.c.o
[ 66%] Building C object CMakeFiles/adi.dir/utilities/polybench.c.o
[ 66%] Building C object CMakeFiles/heat-3d.dir/stencils/heat-3d/heat-3d.c.o
[ 66%] Building C object CMakeFiles/trmm.dir/utilities/polybench.c.o
[ 66%] Building C object CMakeFiles/doitgen.dir/utilities/polybench.c.o
[ 66%] Building C object CMakeFiles/symm.dir/utilities/polybench.c.o
[ 66%] Building C object CMakeFiles/bicg.dir/utilities/polybench.c.o
[ 66%] Building C object CMakeFiles/syrk.dir/linear-algebra/blas/syrk/syrk.c.o
[ 66%] Building C object CMakeFiles/trmm.dir/linear-algebra/blas/trmm/trmm.c.o
[ 66%] Building C object CMakeFiles/jacobi-2d.dir/utilities/polybench.c.o
[ 66%] Building C object CMakeFiles/fdtd-2d.dir/utilities/polybench.c.o
[ 66%] Building C object CMakeFiles/heat-3d.dir/utilities/polybench.c.o
[ 67%] Linking C executable floyd-warshall
[ 68%] Linking C executable nussinov
[ 70%] Linking C executable atax
[ 71%] Linking C executable correlation
[ 72%] Linking C executable deriche
[ 74%] Linking C executable jacobi-1d
[ 74%] Linking C executable trisolv
[ 75%] Linking C executable durbin
[ 78%] Linking C executable bicg
[ 80%] Linking C executable seidel-2d
[ 80%] Linking C executable gesummv
[ 80%] Linking C executable syrk
[ 80%] Built target floyd-warshall
[ 81%] Linking C executable jacobi-2d
[ 81%] Built target nussinov
[ 81%] Built target atax
[ 82%] Linking C executable mvt
[ 83%] Built target correlation
[ 83%] Linking C executable gramschmidt
[ 83%] Built target deriche
[ 84%] Built target jacobi-1d
[ 84%] Linking C executable doitgen
[ 84%] Built target trisolv
[ 85%] Built target durbin
[ 85%] Linking C executable adi
[ 86%] Linking C executable trmm
[ 86%] Built target bicg
[ 86%] Built target seidel-2d
[ 86%] Built target gesummv
[ 86%] Built target syrk
[ 86%] Built target jacobi-2d
[ 90%] Linking C executable lu
[ 90%] Linking C executable covariance
[ 90%] Linking C executable gemm
[ 90%] Built target mvt
[ 90%] Built target gramschmidt
[ 91%] Linking C executable cholesky
[ 93%] Linking C executable syr2k
[ 93%] Linking C executable gemver
[ 94%] Linking C executable fdtd-2d
[ 94%] Built target doitgen
[ 94%] Built target adi
[ 95%] Linking C executable 3mm
[ 95%] Built target trmm
[ 97%] Linking C executable 2mm
[ 97%] Linking C executable symm
[ 97%] Built target covariance
[ 97%] Built target lu
[ 97%] Built target gemm
[ 97%] Built target cholesky
[ 97%] Built target syr2k
[ 97%] Built target gemver
[ 97%] Built target fdtd-2d
[ 97%] Built target 3mm
[ 98%] Linking C executable ludcmp
[100%] Linking C executable heat-3d
[100%] Built target 2mm
[100%] Built target symm
[100%] Built target ludcmp
[100%] Built target heat-3d
Skipping c all_hints 2mm repetition 1 for dataset size MINI (already done).
Skipping c all_hints 2mm repetition 1 for dataset size MINI (already done).
Skipping c all_hints 3mm repetition 1 for dataset size MINI (already done).
Skipping c all_hints 3mm repetition 1 for dataset size MINI (already done).
Skipping c all_hints adi repetition 1 for dataset size MINI (already done).
Skipping c all_hints adi repetition 1 for dataset size MINI (already done).
Skipping c all_hints atax repetition 1 for dataset size MINI (already done).
Skipping c all_hints atax repetition 1 for dataset size MINI (already done).
Skipping c all_hints bicg repetition 1 for dataset size MINI (already done).
Skipping c all_hints bicg repetition 1 for dataset size MINI (already done).
Skipping c all_hints cholesky repetition 1 for dataset size MINI (already done).
Skipping c all_hints cholesky repetition 1 for dataset size MINI (already done).
Skipping c all_hints correlation repetition 1 for dataset size MINI (already done).
Skipping c all_hints correlation repetition 1 for dataset size MINI (already done).
Skipping c all_hints covariance repetition 1 for dataset size MINI (already done).
Skipping c all_hints covariance repetition 1 for dataset size MINI (already done).
Skipping c all_hints deriche repetition 1 for dataset size MINI (already done).
Skipping c all_hints deriche repetition 1 for dataset size MINI (already done).
Skipping c all_hints doitgen repetition 1 for dataset size MINI (already done).
Skipping c all_hints doitgen repetition 1 for dataset size MINI (already done).
Skipping c all_hints durbin repetition 1 for dataset size MINI (already done).
Skipping c all_hints durbin repetition 1 for dataset size MINI (already done).
Skipping c all_hints fdtd-2d repetition 1 for dataset size MINI (already done).
Skipping c all_hints fdtd-2d repetition 1 for dataset size MINI (already done).
Skipping c all_hints floyd-warshall repetition 1 for dataset size MINI (already done).
Skipping c all_hints floyd-warshall repetition 1 for dataset size MINI (already done).
Skipping c all_hints gemm repetition 1 for dataset size MINI (already done).
Skipping c all_hints gemm repetition 1 for dataset size MINI (already done).
Skipping c all_hints gemver repetition 1 for dataset size MINI (already done).
Skipping c all_hints gemver repetition 1 for dataset size MINI (already done).
Skipping c all_hints gesummv repetition 1 for dataset size MINI (already done).
Skipping c all_hints gesummv repetition 1 for dataset size MINI (already done).
Skipping c all_hints heat-3d repetition 1 for dataset size MINI (already done).
Skipping c all_hints heat-3d repetition 1 for dataset size MINI (already done).
Skipping c all_hints jacobi-1d repetition 1 for dataset size MINI (already done).
Skipping c all_hints jacobi-1d repetition 1 for dataset size MINI (already done).
Skipping c all_hints jacobi-2d repetition 1 for dataset size MINI (already done).
Skipping c all_hints jacobi-2d repetition 1 for dataset size MINI (already done).
Skipping c all_hints lu repetition 1 for dataset size MINI (already done).
Skipping c all_hints lu repetition 1 for dataset size MINI (already done).
Skipping c all_hints ludcmp repetition 1 for dataset size MINI (already done).
Skipping c all_hints ludcmp repetition 1 for dataset size MINI (already done).
Skipping c all_hints mvt repetition 1 for dataset size MINI (already done).
Skipping c all_hints mvt repetition 1 for dataset size MINI (already done).
Skipping c all_hints nussinov repetition 1 for dataset size MINI (already done).
Skipping c all_hints nussinov repetition 1 for dataset size MINI (already done).
Skipping c all_hints seidel-2d repetition 1 for dataset size MINI (already done).
Skipping c all_hints seidel-2d repetition 1 for dataset size MINI (already done).
Skipping c all_hints symm repetition 1 for dataset size MINI (already done).
Skipping c all_hints symm repetition 1 for dataset size MINI (already done).
Skipping c all_hints syr2k repetition 1 for dataset size MINI (already done).
Skipping c all_hints syr2k repetition 1 for dataset size MINI (already done).
Skipping c all_hints syrk repetition 1 for dataset size MINI (already done).
Skipping c all_hints syrk repetition 1 for dataset size MINI (already done).
Skipping c all_hints trmm repetition 1 for dataset size MINI (already done).
Skipping c all_hints trmm repetition 1 for dataset size MINI (already done).
-- The C compiler identification is GNU 15.2.0
-- Detecting C compiler ABI info
-- Detecting C compiler ABI info - done
-- Check for working C compiler: /usr/local/latestgcc/bin/gcc - skipped
-- Detecting C compile features
-- Detecting C compile features - done
-- Configuring done (0.4s)
-- Generating done (0.8s)
-- Build files have been written to: /home/kleplj/all_hints/optimization/all_hints/PolybenchC-4.2.1/build
[  7%] Building C object CMakeFiles/gramschmidt.dir/linear-algebra/solvers/gramschmidt/gramschmidt.c.o
[  7%] Building C object CMakeFiles/lu.dir/linear-algebra/solvers/lu/lu.c.o
[  7%] Building C object CMakeFiles/lu.dir/utilities/polybench.c.o
[  7%] Building C object CMakeFiles/covariance.dir/datamining/covariance/covariance.c.o
[  7%] Building C object CMakeFiles/covariance.dir/utilities/polybench.c.o
[ 20%] Building C object CMakeFiles/correlation.dir/datamining/correlation/correlation.c.o
[ 60%] Building C object CMakeFiles/gramschmidt.dir/utilities/polybench.c.o
[ 60%] Building C object CMakeFiles/syr2k.dir/linear-algebra/blas/syr2k/syr2k.c.o
[ 60%] Building C object CMakeFiles/gemver.dir/linear-algebra/blas/gemver/gemver.c.o
[ 60%] Building C object CMakeFiles/cholesky.dir/utilities/polybench.c.o
[ 60%] Building C object CMakeFiles/gemm.dir/linear-algebra/blas/gemm/gemm.c.o
[ 60%] Building C object CMakeFiles/correlation.dir/utilities/polybench.c.o
[ 60%] Building C object CMakeFiles/ludcmp.dir/linear-algebra/solvers/ludcmp/ludcmp.c.o
[ 60%] Building C object CMakeFiles/cholesky.dir/linear-algebra/solvers/cholesky/cholesky.c.o
[ 60%] Building C object CMakeFiles/durbin.dir/linear-algebra/solvers/durbin/durbin.c.o
[ 60%] Building C object CMakeFiles/trisolv.dir/linear-algebra/solvers/trisolv/trisolv.c.o
[ 66%] Building C object CMakeFiles/trmm.dir/linear-algebra/blas/trmm/trmm.c.o
[ 66%] Building C object CMakeFiles/gemver.dir/utilities/polybench.c.o
[ 66%] Building C object CMakeFiles/heat-3d.dir/stencils/heat-3d/heat-3d.c.o
[ 66%] Building C object CMakeFiles/symm.dir/utilities/polybench.c.o
[ 66%] Building C object CMakeFiles/syr2k.dir/utilities/polybench.c.o
[ 66%] Building C object CMakeFiles/ludcmp.dir/utilities/polybench.c.o
[ 66%] Building C object CMakeFiles/jacobi-2d.dir/stencils/jacobi-2d/jacobi-2d.c.o
[ 66%] Building C object CMakeFiles/trisolv.dir/utilities/polybench.c.o
[ 66%] Building C object CMakeFiles/gesummv.dir/linear-algebra/blas/gesummv/gesummv.c.o
[ 66%] Building C object CMakeFiles/durbin.dir/utilities/polybench.c.o
[ 66%] Building C object CMakeFiles/mvt.dir/linear-algebra/kernels/mvt/mvt.c.o
[ 66%] Building C object CMakeFiles/gesummv.dir/utilities/polybench.c.o
[ 66%] Building C object CMakeFiles/syrk.dir/linear-algebra/blas/syrk/syrk.c.o
[ 66%] Building C object CMakeFiles/atax.dir/utilities/polybench.c.o
[ 66%] Building C object CMakeFiles/symm.dir/linear-algebra/blas/symm/symm.c.o
[ 66%] Building C object CMakeFiles/bicg.dir/utilities/polybench.c.o
[ 66%] Building C object CMakeFiles/bicg.dir/linear-algebra/kernels/bicg/bicg.c.o
[ 66%] Building C object CMakeFiles/doitgen.dir/utilities/polybench.c.o
[ 66%] Building C object CMakeFiles/nussinov.dir/medley/nussinov/nussinov.c.o
[ 66%] Building C object CMakeFiles/2mm.dir/utilities/polybench.c.o
[ 66%] Building C object CMakeFiles/mvt.dir/utilities/polybench.c.o
[ 66%] Building C object CMakeFiles/syrk.dir/utilities/polybench.c.o
[ 66%] Building C object CMakeFiles/doitgen.dir/linear-algebra/kernels/doitgen/doitgen.c.o
[ 66%] Building C object CMakeFiles/atax.dir/linear-algebra/kernels/atax/atax.c.o
[ 66%] Building C object CMakeFiles/3mm.dir/linear-algebra/kernels/3mm/3mm.c.o
[ 66%] Building C object CMakeFiles/2mm.dir/linear-algebra/kernels/2mm/2mm.c.o
[ 66%] Building C object CMakeFiles/fdtd-2d.dir/stencils/fdtd-2d/fdtd-2d.c.o
[ 66%] Building C object CMakeFiles/deriche.dir/medley/deriche/deriche.c.o
[ 66%] Building C object CMakeFiles/floyd-warshall.dir/medley/floyd-warshall/floyd-warshall.c.o
[ 66%] Building C object CMakeFiles/3mm.dir/utilities/polybench.c.o
[ 66%] Building C object CMakeFiles/heat-3d.dir/utilities/polybench.c.o
[ 66%] Building C object CMakeFiles/fdtd-2d.dir/utilities/polybench.c.o
[ 66%] Building C object CMakeFiles/floyd-warshall.dir/utilities/polybench.c.o
[ 66%] Building C object CMakeFiles/jacobi-1d.dir/stencils/jacobi-1d/jacobi-1d.c.o
[ 66%] Building C object CMakeFiles/deriche.dir/utilities/polybench.c.o
[ 66%] Building C object CMakeFiles/jacobi-1d.dir/utilities/polybench.c.o
[ 66%] Building C object CMakeFiles/seidel-2d.dir/stencils/seidel-2d/seidel-2d.c.o
[ 66%] Building C object CMakeFiles/trmm.dir/utilities/polybench.c.o
[ 66%] Building C object CMakeFiles/nussinov.dir/utilities/polybench.c.o
[ 66%] Building C object CMakeFiles/adi.dir/stencils/adi/adi.c.o
[ 66%] Building C object CMakeFiles/seidel-2d.dir/utilities/polybench.c.o
[ 66%] Building C object CMakeFiles/gemm.dir/utilities/polybench.c.o
[ 66%] Building C object CMakeFiles/jacobi-2d.dir/utilities/polybench.c.o
[ 66%] Building C object CMakeFiles/adi.dir/utilities/polybench.c.o
[ 67%] Linking C executable seidel-2d
[ 68%] Linking C executable deriche
[ 70%] Linking C executable trisolv
[ 71%] Linking C executable covariance
[ 72%] Linking C executable syrk
[ 73%] Linking C executable jacobi-1d
[ 75%] Linking C executable symm
[ 75%] Linking C executable syr2k
[ 75%] Built target seidel-2d
[ 77%] Linking C executable trmm
[ 77%] Linking C executable gesummv
[ 77%] Built target deriche
[ 77%] Built target trisolv
[ 78%] Linking C executable cholesky
[ 80%] Linking C executable fdtd-2d
[ 80%] Built target covariance
[ 80%] Built target syrk
[ 81%] Linking C executable adi
[ 82%] Built target jacobi-1d
[ 84%] Linking C executable lu
[ 84%] Linking C executable correlation
[ 84%] Built target symm
[ 84%] Built target syr2k
[ 84%] Linking C executable 2mm
[ 85%] Linking C executable jacobi-2d
[ 85%] Built target trmm
[ 85%] Built target gesummv
[ 86%] Linking C executable mvt
[ 87%] Built target fdtd-2d
[ 88%] Built target cholesky
[ 88%] Linking C executable gemm
[ 88%] Linking C executable gemver
[ 92%] Linking C executable 3mm
[ 92%] Linking C executable floyd-warshall
[ 92%] Linking C executable atax
[ 93%] Linking C executable gramschmidt
[ 93%] Built target adi
[ 94%] Linking C executable doitgen
[ 94%] Built target lu
[ 94%] Built target 2mm
[ 94%] Built target correlation
[ 94%] Built target jacobi-2d
[ 94%] Built target mvt
[ 94%] Built target gemm
[ 94%] Built target gemver
[ 94%] Built target atax
[ 94%] Built target floyd-warshall
[ 94%] Built target 3mm
[ 94%] Built target gramschmidt
[ 94%] Built target doitgen
[ 95%] Linking C executable ludcmp
[ 95%] Built target ludcmp
Skipping c all_hints 2mm repetition 2 for dataset size MINI (already done).
Skipping c all_hints 2mm repetition 2 for dataset size MINI (already done).
Skipping c all_hints 3mm repetition 2 for dataset size MINI (already done).
Skipping c all_hints 3mm repetition 2 for dataset size MINI (already done).
Skipping c all_hints adi repetition 2 for dataset size MINI (already done).
Skipping c all_hints adi repetition 2 for dataset size MINI (already done).
Skipping c all_hints atax repetition 2 for dataset size MINI (already done).
Skipping c all_hints atax repetition 2 for dataset size MINI (already done).
Skipping c all_hints cholesky repetition 2 for dataset size MINI (already done).
Skipping c all_hints cholesky repetition 2 for dataset size MINI (already done).
Skipping c all_hints correlation repetition 2 for dataset size MINI (already done).
Skipping c all_hints correlation repetition 2 for dataset size MINI (already done).
Skipping c all_hints covariance repetition 2 for dataset size MINI (already done).
Skipping c all_hints covariance repetition 2 for dataset size MINI (already done).
Skipping c all_hints deriche repetition 2 for dataset size MINI (already done).
Skipping c all_hints deriche repetition 2 for dataset size MINI (already done).
Skipping c all_hints doitgen repetition 2 for dataset size MINI (already done).
Skipping c all_hints doitgen repetition 2 for dataset size MINI (already done).
Skipping c all_hints fdtd-2d repetition 2 for dataset size MINI (already done).
Skipping c all_hints fdtd-2d repetition 2 for dataset size MINI (already done).
Skipping c all_hints floyd-warshall repetition 2 for dataset size MINI (already done).
Skipping c all_hints floyd-warshall repetition 2 for dataset size MINI (already done).
Skipping c all_hints gemm repetition 2 for dataset size MINI (already done).
Skipping c all_hints gemm repetition 2 for dataset size MINI (already done).
Skipping c all_hints gemver repetition 2 for dataset size MINI (already done).
Skipping c all_hints gemver repetition 2 for dataset size MINI (already done).
Skipping c all_hints gesummv repetition 2 for dataset size MINI (already done).
Skipping c all_hints gesummv repetition 2 for dataset size MINI (already done).
Skipping c all_hints jacobi-1d repetition 2 for dataset size MINI (already done).
Skipping c all_hints jacobi-1d repetition 2 for dataset size MINI (already done).
Skipping c all_hints jacobi-2d repetition 2 for dataset size MINI (already done).
Skipping c all_hints jacobi-2d repetition 2 for dataset size MINI (already done).
Skipping c all_hints lu repetition 2 for dataset size MINI (already done).
Skipping c all_hints lu repetition 2 for dataset size MINI (already done).
Skipping c all_hints ludcmp repetition 2 for dataset size MINI (already done).
Skipping c all_hints ludcmp repetition 2 for dataset size MINI (already done).
Skipping c all_hints mvt repetition 2 for dataset size MINI (already done).
Skipping c all_hints mvt repetition 2 for dataset size MINI (already done).
Skipping c all_hints seidel-2d repetition 2 for dataset size MINI (already done).
Skipping c all_hints seidel-2d repetition 2 for dataset size MINI (already done).
Skipping c all_hints symm repetition 2 for dataset size MINI (already done).
Skipping c all_hints symm repetition 2 for dataset size MINI (already done).
Skipping c all_hints syr2k repetition 2 for dataset size MINI (already done).
Skipping c all_hints syr2k repetition 2 for dataset size MINI (already done).
Skipping c all_hints syrk repetition 2 for dataset size MINI (already done).
Skipping c all_hints syrk repetition 2 for dataset size MINI (already done).
Skipping c all_hints trmm repetition 2 for dataset size MINI (already done).
Skipping c all_hints trmm repetition 2 for dataset size MINI (already done).
-- The C compiler identification is GNU 15.2.0
-- Detecting C compiler ABI info
-- Detecting C compiler ABI info - done
-- Check for working C compiler: /usr/local/latestgcc/bin/gcc - skipped
-- Detecting C compile features
-- Detecting C compile features - done
-- Configuring done (0.4s)
-- Generating done (0.8s)
-- Build files have been written to: /home/kleplj/all_hints/optimization/all_hints/PolybenchC-4.2.1/build
[  5%] Building C object CMakeFiles/lu.dir/linear-algebra/solvers/lu/lu.c.o
[  5%] Building C object CMakeFiles/covariance.dir/datamining/covariance/covariance.c.o
[  5%] Building C object CMakeFiles/covariance.dir/utilities/polybench.c.o
[ 12%] Building C object CMakeFiles/correlation.dir/datamining/correlation/correlation.c.o
[ 12%] Building C object CMakeFiles/ludcmp.dir/linear-algebra/solvers/ludcmp/ludcmp.c.o
[ 12%] Building C object CMakeFiles/lu.dir/utilities/polybench.c.o
[ 12%] Building C object CMakeFiles/correlation.dir/utilities/polybench.c.o
[ 12%] Building C object CMakeFiles/gramschmidt.dir/linear-algebra/solvers/gramschmidt/gramschmidt.c.o
[ 12%] Building C object CMakeFiles/cholesky.dir/linear-algebra/solvers/cholesky/cholesky.c.o
[ 66%] Building C object CMakeFiles/2mm.dir/linear-algebra/kernels/2mm/2mm.c.o
[ 66%] Building C object CMakeFiles/syr2k.dir/linear-algebra/blas/syr2k/syr2k.c.o
[ 66%] Building C object CMakeFiles/gramschmidt.dir/utilities/polybench.c.o
[ 66%] Building C object CMakeFiles/gemver.dir/utilities/polybench.c.o
[ 66%] Building C object CMakeFiles/durbin.dir/linear-algebra/solvers/durbin/durbin.c.o
[ 66%] Building C object CMakeFiles/syr2k.dir/utilities/polybench.c.o
[ 66%] Building C object CMakeFiles/durbin.dir/utilities/polybench.c.o
[ 66%] Building C object CMakeFiles/gemver.dir/linear-algebra/blas/gemver/gemver.c.o
[ 66%] Building C object CMakeFiles/2mm.dir/utilities/polybench.c.o
[ 66%] Building C object CMakeFiles/floyd-warshall.dir/medley/floyd-warshall/floyd-warshall.c.o
[ 66%] Building C object CMakeFiles/heat-3d.dir/stencils/heat-3d/heat-3d.c.o
[ 66%] Building C object CMakeFiles/adi.dir/stencils/adi/adi.c.o
[ 66%] Building C object CMakeFiles/trisolv.dir/utilities/polybench.c.o
[ 66%] Building C object CMakeFiles/doitgen.dir/utilities/polybench.c.o
[ 66%] Building C object CMakeFiles/fdtd-2d.dir/utilities/polybench.c.o
[ 66%] Building C object CMakeFiles/jacobi-2d.dir/stencils/jacobi-2d/jacobi-2d.c.o
[ 66%] Building C object CMakeFiles/fdtd-2d.dir/stencils/fdtd-2d/fdtd-2d.c.o
[ 66%] Building C object CMakeFiles/doitgen.dir/linear-algebra/kernels/doitgen/doitgen.c.o
[ 66%] Building C object CMakeFiles/deriche.dir/utilities/polybench.c.o
[ 66%] Building C object CMakeFiles/seidel-2d.dir/stencils/seidel-2d/seidel-2d.c.o
[ 66%] Building C object CMakeFiles/3mm.dir/linear-algebra/kernels/3mm/3mm.c.o
[ 66%] Building C object CMakeFiles/nussinov.dir/medley/nussinov/nussinov.c.o
[ 66%] Building C object CMakeFiles/bicg.dir/linear-algebra/kernels/bicg/bicg.c.o
[ 66%] Building C object CMakeFiles/3mm.dir/utilities/polybench.c.o
[ 66%] Building C object CMakeFiles/bicg.dir/utilities/polybench.c.o
[ 66%] Building C object CMakeFiles/trisolv.dir/linear-algebra/solvers/trisolv/trisolv.c.o
[ 66%] Building C object CMakeFiles/trmm.dir/utilities/polybench.c.o
[ 66%] Building C object CMakeFiles/gesummv.dir/utilities/polybench.c.o
[ 66%] Building C object CMakeFiles/symm.dir/linear-algebra/blas/symm/symm.c.o
[ 66%] Building C object CMakeFiles/mvt.dir/linear-algebra/kernels/mvt/mvt.c.o
[ 66%] Building C object CMakeFiles/atax.dir/linear-algebra/kernels/atax/atax.c.o
[ 66%] Building C object CMakeFiles/mvt.dir/utilities/polybench.c.o
[ 66%] Building C object CMakeFiles/floyd-warshall.dir/utilities/polybench.c.o
[ 66%] Building C object CMakeFiles/adi.dir/utilities/polybench.c.o
[ 66%] Building C object CMakeFiles/deriche.dir/medley/deriche/deriche.c.o
[ 66%] Building C object CMakeFiles/syrk.dir/linear-algebra/blas/syrk/syrk.c.o
[ 66%] Building C object CMakeFiles/seidel-2d.dir/utilities/polybench.c.o
[ 66%] Building C object CMakeFiles/jacobi-1d.dir/utilities/polybench.c.o
[ 66%] Building C object CMakeFiles/nussinov.dir/utilities/polybench.c.o
[ 66%] Building C object CMakeFiles/jacobi-1d.dir/stencils/jacobi-1d/jacobi-1d.c.o
[ 66%] Building C object CMakeFiles/symm.dir/utilities/polybench.c.o
[ 66%] Building C object CMakeFiles/atax.dir/utilities/polybench.c.o
[ 66%] Building C object CMakeFiles/jacobi-2d.dir/utilities/polybench.c.o
[ 66%] Building C object CMakeFiles/cholesky.dir/utilities/polybench.c.o
[ 66%] Building C object CMakeFiles/gemm.dir/utilities/polybench.c.o
[ 66%] Building C object CMakeFiles/gesummv.dir/linear-algebra/blas/gesummv/gesummv.c.o
[ 66%] Building C object CMakeFiles/trmm.dir/linear-algebra/blas/trmm/trmm.c.o
[ 66%] Building C object CMakeFiles/heat-3d.dir/utilities/polybench.c.o
[ 66%] Building C object CMakeFiles/ludcmp.dir/utilities/polybench.c.o
[ 66%] Building C object CMakeFiles/syrk.dir/utilities/polybench.c.o
[ 66%] Building C object CMakeFiles/gemm.dir/linear-algebra/blas/gemm/gemm.c.o
[ 70%] Linking C executable gesummv
[ 70%] Linking C executable covariance
[ 70%] Linking C executable seidel-2d
[ 71%] Linking C executable syr2k
[ 73%] Linking C executable durbin
[ 73%] Linking C executable syrk
[ 74%] Linking C executable nussinov
[ 75%] Linking C executable deriche
[ 76%] Linking C executable floyd-warshall
[ 77%] Linking C executable trmm
[ 80%] Linking C executable trisolv
[ 80%] Linking C executable bicg
[ 80%] Built target gesummv
[ 82%] Linking C executable mvt
[ 82%] Linking C executable gramschmidt
[ 82%] Built target seidel-2d
[ 82%] Built target covariance
[ 82%] Built target syr2k
[ 83%] Linking C executable correlation
[ 84%] Built target syrk
[ 84%] Built target durbin
[ 84%] Linking C executable atax
[ 84%] Built target nussinov
[ 84%] Built target deriche
[ 85%] Linking C executable cholesky
[ 86%] Linking C executable lu
[ 86%] Built target floyd-warshall
[ 87%] Built target trmm
[ 87%] Linking C executable adi
[ 87%] Built target bicg
[ 87%] Built target trisolv
[ 88%] Linking C executable gemver
[ 88%] Built target mvt
[ 88%] Built target gramschmidt
[ 90%] Linking C executable gemm
[ 90%] Built target atax
[ 90%] Built target correlation
[ 91%] Linking C executable doitgen
[ 93%] Linking C executable symm
[ 93%] Built target cholesky
[ 93%] Linking C executable 2mm
[ 93%] Built target lu
[ 93%] Built target adi
[ 94%] Linking C executable jacobi-2d
[ 95%] Linking C executable ludcmp
[ 96%] Linking C executable heat-3d
[ 96%] Built target gemver
[ 96%] Built target gemm
[ 97%] Linking C executable fdtd-2d
[ 97%] Built target doitgen
[ 97%] Built target symm
[ 97%] Built target 2mm
[ 97%] Built target jacobi-2d
[ 97%] Built target ludcmp
[ 97%] Built target heat-3d
[ 97%] Built target fdtd-2d
Skipping c all_hints 2mm repetition 3 for dataset size MINI (already done).
Skipping c all_hints 2mm repetition 3 for dataset size MINI (already done).
Skipping c all_hints adi repetition 3 for dataset size MINI (already done).
Skipping c all_hints adi repetition 3 for dataset size MINI (already done).
Skipping c all_hints atax repetition 3 for dataset size MINI (already done).
Skipping c all_hints atax repetition 3 for dataset size MINI (already done).
Skipping c all_hints bicg repetition 3 for dataset size MINI (already done).
Skipping c all_hints bicg repetition 3 for dataset size MINI (already done).
Skipping c all_hints cholesky repetition 3 for dataset size MINI (already done).
Skipping c all_hints cholesky repetition 3 for dataset size MINI (already done).
Skipping c all_hints correlation repetition 3 for dataset size MINI (already done).
Skipping c all_hints correlation repetition 3 for dataset size MINI (already done).
Skipping c all_hints covariance repetition 3 for dataset size MINI (already done).
Skipping c all_hints covariance repetition 3 for dataset size MINI (already done).
Skipping c all_hints deriche repetition 3 for dataset size MINI (already done).
Skipping c all_hints deriche repetition 3 for dataset size MINI (already done).
Skipping c all_hints doitgen repetition 3 for dataset size MINI (already done).
Skipping c all_hints doitgen repetition 3 for dataset size MINI (already done).
Skipping c all_hints durbin repetition 3 for dataset size MINI (already done).
Skipping c all_hints durbin repetition 3 for dataset size MINI (already done).
Skipping c all_hints floyd-warshall repetition 3 for dataset size MINI (already done).
Skipping c all_hints floyd-warshall repetition 3 for dataset size MINI (already done).
Skipping c all_hints gemm repetition 3 for dataset size MINI (already done).
Skipping c all_hints gemm repetition 3 for dataset size MINI (already done).
Skipping c all_hints gemver repetition 3 for dataset size MINI (already done).
Skipping c all_hints gemver repetition 3 for dataset size MINI (already done).
Skipping c all_hints gesummv repetition 3 for dataset size MINI (already done).
Skipping c all_hints gesummv repetition 3 for dataset size MINI (already done).
Skipping c all_hints heat-3d repetition 3 for dataset size MINI (already done).
Skipping c all_hints heat-3d repetition 3 for dataset size MINI (already done).
Skipping c all_hints jacobi-2d repetition 3 for dataset size MINI (already done).
Skipping c all_hints jacobi-2d repetition 3 for dataset size MINI (already done).
Skipping c all_hints lu repetition 3 for dataset size MINI (already done).
Skipping c all_hints lu repetition 3 for dataset size MINI (already done).
Skipping c all_hints ludcmp repetition 3 for dataset size MINI (already done).
Skipping c all_hints ludcmp repetition 3 for dataset size MINI (already done).
Skipping c all_hints nussinov repetition 3 for dataset size MINI (already done).
Skipping c all_hints nussinov repetition 3 for dataset size MINI (already done).
Skipping c all_hints seidel-2d repetition 3 for dataset size MINI (already done).
Skipping c all_hints seidel-2d repetition 3 for dataset size MINI (already done).
Skipping c all_hints symm repetition 3 for dataset size MINI (already done).
Skipping c all_hints symm repetition 3 for dataset size MINI (already done).
Skipping c all_hints syr2k repetition 3 for dataset size MINI (already done).
Skipping c all_hints syr2k repetition 3 for dataset size MINI (already done).
Skipping c all_hints syrk repetition 3 for dataset size MINI (already done).
Skipping c all_hints syrk repetition 3 for dataset size MINI (already done).
Skipping c all_hints trisolv repetition 3 for dataset size MINI (already done).
Skipping c all_hints trisolv repetition 3 for dataset size MINI (already done).
Skipping c all_hints trmm repetition 3 for dataset size MINI (already done).
Skipping c all_hints trmm repetition 3 for dataset size MINI (already done).
-- The C compiler identification is GNU 15.2.0
-- Detecting C compiler ABI info
-- Detecting C compiler ABI info - done
-- Check for working C compiler: /usr/local/latestgcc/bin/gcc - skipped
-- Detecting C compile features
-- Detecting C compile features - done
-- Configuring done (0.4s)
-- Generating done (0.9s)
-- Build files have been written to: /home/kleplj/all_hints/optimization/all_hints/PolybenchC-4.2.1/build
[  6%] Building C object CMakeFiles/lu.dir/utilities/polybench.c.o
[  6%] Building C object CMakeFiles/lu.dir/linear-algebra/solvers/lu/lu.c.o
[  6%] Building C object CMakeFiles/covariance.dir/datamining/covariance/covariance.c.o
[ 18%] Building C object CMakeFiles/cholesky.dir/utilities/polybench.c.o
[ 51%] Building C object CMakeFiles/bicg.dir/utilities/polybench.c.o
[ 51%] Building C object CMakeFiles/covariance.dir/utilities/polybench.c.o
[ 51%] Building C object CMakeFiles/gramschmidt.dir/linear-algebra/solvers/gramschmidt/gramschmidt.c.o
[ 51%] Building C object CMakeFiles/correlation.dir/utilities/polybench.c.o
[ 51%] Building C object CMakeFiles/gramschmidt.dir/utilities/polybench.c.o
[ 51%] Building C object CMakeFiles/correlation.dir/datamining/correlation/correlation.c.o
[ 51%] Building C object CMakeFiles/cholesky.dir/linear-algebra/solvers/cholesky/cholesky.c.o
[ 51%] Building C object CMakeFiles/ludcmp.dir/linear-algebra/solvers/ludcmp/ludcmp.c.o
[ 51%] Building C object CMakeFiles/durbin.dir/linear-algebra/solvers/durbin/durbin.c.o
[ 51%] Building C object CMakeFiles/trisolv.dir/linear-algebra/solvers/trisolv/trisolv.c.o
[ 51%] Building C object CMakeFiles/symm.dir/linear-algebra/blas/symm/symm.c.o
[ 66%] Building C object CMakeFiles/floyd-warshall.dir/medley/floyd-warshall/floyd-warshall.c.o
[ 66%] Building C object CMakeFiles/gesummv.dir/utilities/polybench.c.o
[ 66%] Building C object CMakeFiles/nussinov.dir/utilities/polybench.c.o
[ 66%] Building C object CMakeFiles/syr2k.dir/utilities/polybench.c.o
[ 66%] Building C object CMakeFiles/syr2k.dir/linear-algebra/blas/syr2k/syr2k.c.o
[ 66%] Building C object CMakeFiles/doitgen.dir/linear-algebra/kernels/doitgen/doitgen.c.o
[ 66%] Building C object CMakeFiles/durbin.dir/utilities/polybench.c.o
[ 66%] Building C object CMakeFiles/syrk.dir/linear-algebra/blas/syrk/syrk.c.o
[ 66%] Building C object CMakeFiles/gemm.dir/utilities/polybench.c.o
[ 66%] Building C object CMakeFiles/gesummv.dir/linear-algebra/blas/gesummv/gesummv.c.o
[ 66%] Building C object CMakeFiles/floyd-warshall.dir/utilities/polybench.c.o
[ 66%] Building C object CMakeFiles/seidel-2d.dir/stencils/seidel-2d/seidel-2d.c.o
[ 66%] Building C object CMakeFiles/seidel-2d.dir/utilities/polybench.c.o
[ 66%] Building C object CMakeFiles/jacobi-2d.dir/utilities/polybench.c.o
[ 66%] Building C object CMakeFiles/2mm.dir/linear-algebra/kernels/2mm/2mm.c.o
[ 66%] Building C object CMakeFiles/heat-3d.dir/utilities/polybench.c.o
[ 66%] Building C object CMakeFiles/2mm.dir/utilities/polybench.c.o
[ 66%] Building C object CMakeFiles/jacobi-2d.dir/stencils/jacobi-2d/jacobi-2d.c.o
[ 66%] Building C object CMakeFiles/fdtd-2d.dir/utilities/polybench.c.o
[ 66%] Building C object CMakeFiles/fdtd-2d.dir/stencils/fdtd-2d/fdtd-2d.c.o
[ 66%] Building C object CMakeFiles/gemm.dir/linear-algebra/blas/gemm/gemm.c.o
[ 66%] Building C object CMakeFiles/heat-3d.dir/stencils/heat-3d/heat-3d.c.o
[ 66%] Building C object CMakeFiles/adi.dir/stencils/adi/adi.c.o
[ 66%] Building C object CMakeFiles/bicg.dir/linear-algebra/kernels/bicg/bicg.c.o
[ 66%] Building C object CMakeFiles/trisolv.dir/utilities/polybench.c.o
[ 66%] Building C object CMakeFiles/nussinov.dir/medley/nussinov/nussinov.c.o
[ 66%] Building C object CMakeFiles/3mm.dir/linear-algebra/kernels/3mm/3mm.c.o
[ 66%] Building C object CMakeFiles/symm.dir/utilities/polybench.c.o
[ 66%] Building C object CMakeFiles/jacobi-1d.dir/utilities/polybench.c.o
[ 66%] Building C object CMakeFiles/deriche.dir/medley/deriche/deriche.c.o
[ 66%] Building C object CMakeFiles/gemver.dir/linear-algebra/blas/gemver/gemver.c.o
[ 66%] Building C object CMakeFiles/syrk.dir/utilities/polybench.c.o
[ 66%] Building C object CMakeFiles/atax.dir/utilities/polybench.c.o
[ 66%] Building C object CMakeFiles/doitgen.dir/utilities/polybench.c.o
[ 66%] Building C object CMakeFiles/jacobi-1d.dir/stencils/jacobi-1d/jacobi-1d.c.o
[ 66%] Building C object CMakeFiles/mvt.dir/linear-algebra/kernels/mvt/mvt.c.o
[ 66%] Building C object CMakeFiles/deriche.dir/utilities/polybench.c.o
[ 66%] Building C object CMakeFiles/ludcmp.dir/utilities/polybench.c.o
[ 66%] Building C object CMakeFiles/trmm.dir/utilities/polybench.c.o
[ 66%] Building C object CMakeFiles/3mm.dir/utilities/polybench.c.o
[ 66%] Building C object CMakeFiles/atax.dir/linear-algebra/kernels/atax/atax.c.o
[ 66%] Building C object CMakeFiles/adi.dir/utilities/polybench.c.o
[ 66%] Building C object CMakeFiles/gemver.dir/utilities/polybench.c.o
[ 66%] Building C object CMakeFiles/trmm.dir/linear-algebra/blas/trmm/trmm.c.o
[ 66%] Building C object CMakeFiles/mvt.dir/utilities/polybench.c.o
[ 67%] Linking C executable trisolv
[ 68%] Linking C executable bicg
[ 71%] Linking C executable seidel-2d
[ 71%] Linking C executable floyd-warshall
[ 72%] Linking C executable gesummv
[ 73%] Linking C executable durbin
[ 74%] Linking C executable syrk
[ 75%] Linking C executable adi
[ 76%] Linking C executable atax
[ 76%] Built target trisolv
[ 78%] Linking C executable syr2k
[ 78%] Linking C executable jacobi-1d
[ 78%] Built target bicg
[ 82%] Linking C executable deriche
[ 82%] Linking C executable cholesky
[ 82%] Linking C executable gemver
[ 84%] Linking C executable jacobi-2d
[ 84%] Built target seidel-2d
[ 84%] Built target gesummv
[ 84%] Linking C executable lu
[ 84%] Built target floyd-warshall
[ 85%] Linking C executable fdtd-2d
[ 85%] Built target durbin
[ 85%] Built target syrk
[ 85%] Built target adi
[ 85%] Built target atax
[ 87%] Linking C executable doitgen
[ 87%] Linking C executable trmm
[ 87%] Built target syr2k
[ 87%] Built target jacobi-1d
[ 88%] Linking C executable covariance
[ 88%] Built target deriche
[ 88%] Built target cholesky
[ 88%] Built target gemver
[ 90%] Built target lu
[ 90%] Built target jacobi-2d
[ 90%] Linking C executable gramschmidt
[ 93%] Linking C executable symm
[ 93%] Linking C executable mvt
[ 93%] Built target fdtd-2d
[ 93%] Linking C executable heat-3d
[ 94%] Linking C executable correlation
[ 94%] Built target doitgen
[ 94%] Built target trmm
[ 94%] Built target covariance
[ 94%] Built target gramschmidt
[ 95%] Built target mvt
[ 95%] Built target symm
[ 95%] Linking C executable 2mm
[ 95%] Built target heat-3d
[ 95%] Built target correlation
[ 95%] Built target 2mm
[ 96%] Linking C executable 3mm
[ 96%] Built target 3mm
Skipping c all_hints 2mm repetition 4 for dataset size MINI (already done).
Skipping c all_hints 2mm repetition 4 for dataset size MINI (already done).
Skipping c all_hints 3mm repetition 4 for dataset size MINI (already done).
Skipping c all_hints 3mm repetition 4 for dataset size MINI (already done).
Skipping c all_hints adi repetition 4 for dataset size MINI (already done).
Skipping c all_hints adi repetition 4 for dataset size MINI (already done).
Skipping c all_hints atax repetition 4 for dataset size MINI (already done).
Skipping c all_hints atax repetition 4 for dataset size MINI (already done).
Skipping c all_hints bicg repetition 4 for dataset size MINI (already done).
Skipping c all_hints bicg repetition 4 for dataset size MINI (already done).
Skipping c all_hints cholesky repetition 4 for dataset size MINI (already done).
Skipping c all_hints cholesky repetition 4 for dataset size MINI (already done).
Skipping c all_hints correlation repetition 4 for dataset size MINI (already done).
Skipping c all_hints correlation repetition 4 for dataset size MINI (already done).
Skipping c all_hints covariance repetition 4 for dataset size MINI (already done).
Skipping c all_hints covariance repetition 4 for dataset size MINI (already done).
Skipping c all_hints deriche repetition 4 for dataset size MINI (already done).
Skipping c all_hints deriche repetition 4 for dataset size MINI (already done).
Skipping c all_hints doitgen repetition 4 for dataset size MINI (already done).
Skipping c all_hints doitgen repetition 4 for dataset size MINI (already done).
Skipping c all_hints durbin repetition 4 for dataset size MINI (already done).
Skipping c all_hints durbin repetition 4 for dataset size MINI (already done).
Skipping c all_hints fdtd-2d repetition 4 for dataset size MINI (already done).
Skipping c all_hints fdtd-2d repetition 4 for dataset size MINI (already done).
Skipping c all_hints floyd-warshall repetition 4 for dataset size MINI (already done).
Skipping c all_hints floyd-warshall repetition 4 for dataset size MINI (already done).
Skipping c all_hints gemver repetition 4 for dataset size MINI (already done).
Skipping c all_hints gemver repetition 4 for dataset size MINI (already done).
Skipping c all_hints gesummv repetition 4 for dataset size MINI (already done).
Skipping c all_hints gesummv repetition 4 for dataset size MINI (already done).
Skipping c all_hints heat-3d repetition 4 for dataset size MINI (already done).
Skipping c all_hints heat-3d repetition 4 for dataset size MINI (already done).
Skipping c all_hints jacobi-1d repetition 4 for dataset size MINI (already done).
Skipping c all_hints jacobi-1d repetition 4 for dataset size MINI (already done).
Skipping c all_hints jacobi-2d repetition 4 for dataset size MINI (already done).
Skipping c all_hints jacobi-2d repetition 4 for dataset size MINI (already done).
Skipping c all_hints lu repetition 4 for dataset size MINI (already done).
Skipping c all_hints lu repetition 4 for dataset size MINI (already done).
Skipping c all_hints mvt repetition 4 for dataset size MINI (already done).
Skipping c all_hints mvt repetition 4 for dataset size MINI (already done).
Skipping c all_hints seidel-2d repetition 4 for dataset size MINI (already done).
Skipping c all_hints seidel-2d repetition 4 for dataset size MINI (already done).
Skipping c all_hints symm repetition 4 for dataset size MINI (already done).
Skipping c all_hints symm repetition 4 for dataset size MINI (already done).
Skipping c all_hints syr2k repetition 4 for dataset size MINI (already done).
Skipping c all_hints syr2k repetition 4 for dataset size MINI (already done).
Skipping c all_hints syrk repetition 4 for dataset size MINI (already done).
Skipping c all_hints syrk repetition 4 for dataset size MINI (already done).
Skipping c all_hints trisolv repetition 4 for dataset size MINI (already done).
Skipping c all_hints trisolv repetition 4 for dataset size MINI (already done).
Skipping c all_hints trmm repetition 4 for dataset size MINI (already done).
Skipping c all_hints trmm repetition 4 for dataset size MINI (already done).
-- The C compiler identification is GNU 15.2.0
-- Detecting C compiler ABI info
-- Detecting C compiler ABI info - done
-- Check for working C compiler: /usr/local/latestgcc/bin/gcc - skipped
-- Detecting C compile features
-- Detecting C compile features - done
-- Configuring done (0.4s)
-- Generating done (0.8s)
-- Build files have been written to: /home/kleplj/all_hints/optimization/all_hints/PolybenchC-4.2.1/build
[  7%] Building C object CMakeFiles/gramschmidt.dir/linear-algebra/solvers/gramschmidt/gramschmidt.c.o
[  7%] Building C object CMakeFiles/correlation.dir/datamining/correlation/correlation.c.o
[  7%] Building C object CMakeFiles/covariance.dir/datamining/covariance/covariance.c.o
[  7%] Building C object CMakeFiles/covariance.dir/utilities/polybench.c.o
[  7%] Building C object CMakeFiles/correlation.dir/utilities/polybench.c.o
[ 21%] Building C object CMakeFiles/ludcmp.dir/linear-algebra/solvers/ludcmp/ludcmp.c.o
[ 55%] Building C object CMakeFiles/cholesky.dir/linear-algebra/solvers/cholesky/cholesky.c.o
[ 55%] Building C object CMakeFiles/trisolv.dir/linear-algebra/solvers/trisolv/trisolv.c.o
[ 55%] Building C object CMakeFiles/durbin.dir/utilities/polybench.c.o
[ 55%] Building C object CMakeFiles/lu.dir/linear-algebra/solvers/lu/lu.c.o
[ 55%] Building C object CMakeFiles/gramschmidt.dir/utilities/polybench.c.o
[ 55%] Building C object CMakeFiles/syr2k.dir/utilities/polybench.c.o
[ 55%] Building C object CMakeFiles/trisolv.dir/utilities/polybench.c.o
[ 55%] Building C object CMakeFiles/lu.dir/utilities/polybench.c.o
[ 55%] Building C object CMakeFiles/cholesky.dir/utilities/polybench.c.o
[ 55%] Building C object CMakeFiles/3mm.dir/linear-algebra/kernels/3mm/3mm.c.o
[ 55%] Building C object CMakeFiles/ludcmp.dir/utilities/polybench.c.o
[ 66%] Building C object CMakeFiles/atax.dir/utilities/polybench.c.o
[ 66%] Building C object CMakeFiles/floyd-warshall.dir/medley/floyd-warshall/floyd-warshall.c.o
[ 66%] Building C object CMakeFiles/2mm.dir/utilities/polybench.c.o
[ 66%] Building C object CMakeFiles/gemm.dir/linear-algebra/blas/gemm/gemm.c.o
[ 66%] Building C object CMakeFiles/symm.dir/utilities/polybench.c.o
[ 66%] Building C object CMakeFiles/trmm.dir/utilities/polybench.c.o
[ 66%] Building C object CMakeFiles/syr2k.dir/linear-algebra/blas/syr2k/syr2k.c.o
[ 66%] Building C object CMakeFiles/durbin.dir/linear-algebra/solvers/durbin/durbin.c.o
[ 66%] Building C object CMakeFiles/gemm.dir/utilities/polybench.c.o
[ 66%] Building C object CMakeFiles/doitgen.dir/utilities/polybench.c.o
[ 66%] Building C object CMakeFiles/symm.dir/linear-algebra/blas/symm/symm.c.o
[ 66%] Building C object CMakeFiles/syrk.dir/utilities/polybench.c.o
[ 66%] Building C object CMakeFiles/3mm.dir/utilities/polybench.c.o
[ 66%] Building C object CMakeFiles/doitgen.dir/linear-algebra/kernels/doitgen/doitgen.c.o
[ 66%] Building C object CMakeFiles/nussinov.dir/utilities/polybench.c.o
[ 66%] Building C object CMakeFiles/bicg.dir/utilities/polybench.c.o
[ 66%] Building C object CMakeFiles/gesummv.dir/utilities/polybench.c.o
[ 66%] Building C object CMakeFiles/gemver.dir/linear-algebra/blas/gemver/gemver.c.o
[ 66%] Building C object CMakeFiles/fdtd-2d.dir/stencils/fdtd-2d/fdtd-2d.c.o
[ 66%] Building C object CMakeFiles/bicg.dir/linear-algebra/kernels/bicg/bicg.c.o
[ 66%] Building C object CMakeFiles/jacobi-1d.dir/utilities/polybench.c.o
[ 66%] Building C object CMakeFiles/fdtd-2d.dir/utilities/polybench.c.o
[ 66%] Building C object CMakeFiles/adi.dir/utilities/polybench.c.o
[ 66%] Building C object CMakeFiles/jacobi-2d.dir/utilities/polybench.c.o
[ 66%] Building C object CMakeFiles/heat-3d.dir/stencils/heat-3d/heat-3d.c.o
[ 66%] Building C object CMakeFiles/seidel-2d.dir/stencils/seidel-2d/seidel-2d.c.o
[ 66%] Building C object CMakeFiles/gesummv.dir/linear-algebra/blas/gesummv/gesummv.c.o
[ 66%] Building C object CMakeFiles/floyd-warshall.dir/utilities/polybench.c.o
[ 66%] Building C object CMakeFiles/gemver.dir/utilities/polybench.c.o
[ 66%] Building C object CMakeFiles/seidel-2d.dir/utilities/polybench.c.o
[ 66%] Building C object CMakeFiles/adi.dir/stencils/adi/adi.c.o
[ 66%] Building C object CMakeFiles/mvt.dir/linear-algebra/kernels/mvt/mvt.c.o
[ 66%] Building C object CMakeFiles/nussinov.dir/medley/nussinov/nussinov.c.o
[ 66%] Building C object CMakeFiles/deriche.dir/utilities/polybench.c.o
[ 66%] Building C object CMakeFiles/trmm.dir/linear-algebra/blas/trmm/trmm.c.o
[ 66%] Building C object CMakeFiles/syrk.dir/linear-algebra/blas/syrk/syrk.c.o
[ 66%] Building C object CMakeFiles/2mm.dir/linear-algebra/kernels/2mm/2mm.c.o
[ 66%] Building C object CMakeFiles/heat-3d.dir/utilities/polybench.c.o
[ 66%] Building C object CMakeFiles/jacobi-1d.dir/stencils/jacobi-1d/jacobi-1d.c.o
[ 66%] Building C object CMakeFiles/atax.dir/linear-algebra/kernels/atax/atax.c.o
[ 66%] Building C object CMakeFiles/jacobi-2d.dir/stencils/jacobi-2d/jacobi-2d.c.o
[ 66%] Building C object CMakeFiles/mvt.dir/utilities/polybench.c.o
[ 66%] Building C object CMakeFiles/deriche.dir/medley/deriche/deriche.c.o
[ 67%] Linking C executable seidel-2d
[ 68%] Linking C executable covariance
[ 70%] Linking C executable floyd-warshall
[ 73%] Linking C executable jacobi-1d
[ 73%] Linking C executable gesummv
[ 73%] Linking C executable durbin
[ 74%] Linking C executable jacobi-2d
[ 75%] Linking C executable trisolv
[ 76%] Linking C executable syrk
[ 77%] Built target seidel-2d
[ 77%] Linking C executable nussinov
[ 78%] Built target covariance
[ 78%] Linking C executable trmm
[ 80%] Linking C executable adi
[ 80%] Built target floyd-warshall
[ 81%] Linking C executable lu
[ 82%] Linking C executable doitgen
[ 83%] Linking C executable gemm
[ 84%] Linking C executable atax
[ 84%] Built target durbin
[ 84%] Built target gesummv
[ 84%] Built target jacobi-1d
[ 84%] Built target jacobi-2d
[ 84%] Built target trisolv
[ 84%] Built target syrk
[ 85%] Linking C executable ludcmp
[ 85%] Built target nussinov
[ 86%] Linking C executable bicg
[ 86%] Built target trmm
[ 87%] Linking C executable mvt
[ 87%] Built target adi
[ 87%] Built target lu
[ 87%] Built target doitgen
[ 88%] Linking C executable cholesky
[ 88%] Built target gemm
[ 90%] Linking C executable gramschmidt
[ 90%] Built target atax
[ 91%] Linking C executable deriche
[ 91%] Built target ludcmp
[ 91%] Built target bicg
[ 91%] Built target mvt
[ 92%] Linking C executable gemver
[ 92%] Built target cholesky
[ 93%] Built target gramschmidt
[ 93%] Linking C executable heat-3d
[ 94%] Linking C executable symm
[ 94%] Built target deriche
[ 95%] Linking C executable 2mm
[ 96%] Linking C executable syr2k
[ 96%] Built target gemver
[ 96%] Built target heat-3d
[ 96%] Built target symm
[ 97%] Linking C executable 3mm
[ 97%] Built target 2mm
[ 97%] Built target syr2k
[ 97%] Built target 3mm
Skipping c all_hints 2mm repetition 5 for dataset size MINI (already done).
Skipping c all_hints 2mm repetition 5 for dataset size MINI (already done).
Skipping c all_hints 3mm repetition 5 for dataset size MINI (already done).
Skipping c all_hints 3mm repetition 5 for dataset size MINI (already done).
Skipping c all_hints adi repetition 5 for dataset size MINI (already done).
Skipping c all_hints adi repetition 5 for dataset size MINI (already done).
Skipping c all_hints atax repetition 5 for dataset size MINI (already done).
Skipping c all_hints atax repetition 5 for dataset size MINI (already done).
Skipping c all_hints bicg repetition 5 for dataset size MINI (already done).
Skipping c all_hints bicg repetition 5 for dataset size MINI (already done).
Skipping c all_hints cholesky repetition 5 for dataset size MINI (already done).
Skipping c all_hints cholesky repetition 5 for dataset size MINI (already done).
Skipping c all_hints covariance repetition 5 for dataset size MINI (already done).
Skipping c all_hints covariance repetition 5 for dataset size MINI (already done).
Skipping c all_hints deriche repetition 5 for dataset size MINI (already done).
Skipping c all_hints deriche repetition 5 for dataset size MINI (already done).
Skipping c all_hints doitgen repetition 5 for dataset size MINI (already done).
Skipping c all_hints doitgen repetition 5 for dataset size MINI (already done).
Skipping c all_hints durbin repetition 5 for dataset size MINI (already done).
Skipping c all_hints durbin repetition 5 for dataset size MINI (already done).
Skipping c all_hints floyd-warshall repetition 5 for dataset size MINI (already done).
Skipping c all_hints floyd-warshall repetition 5 for dataset size MINI (already done).
Skipping c all_hints gemm repetition 5 for dataset size MINI (already done).
Skipping c all_hints gemm repetition 5 for dataset size MINI (already done).
Skipping c all_hints gemver repetition 5 for dataset size MINI (already done).
Skipping c all_hints gemver repetition 5 for dataset size MINI (already done).
Skipping c all_hints gesummv repetition 5 for dataset size MINI (already done).
Skipping c all_hints gesummv repetition 5 for dataset size MINI (already done).
Skipping c all_hints heat-3d repetition 5 for dataset size MINI (already done).
Skipping c all_hints heat-3d repetition 5 for dataset size MINI (already done).
Skipping c all_hints jacobi-1d repetition 5 for dataset size MINI (already done).
Skipping c all_hints jacobi-1d repetition 5 for dataset size MINI (already done).
Skipping c all_hints jacobi-2d repetition 5 for dataset size MINI (already done).
Skipping c all_hints jacobi-2d repetition 5 for dataset size MINI (already done).
Skipping c all_hints lu repetition 5 for dataset size MINI (already done).
Skipping c all_hints lu repetition 5 for dataset size MINI (already done).
Skipping c all_hints ludcmp repetition 5 for dataset size MINI (already done).
Skipping c all_hints ludcmp repetition 5 for dataset size MINI (already done).
Skipping c all_hints mvt repetition 5 for dataset size MINI (already done).
Skipping c all_hints mvt repetition 5 for dataset size MINI (already done).
Skipping c all_hints nussinov repetition 5 for dataset size MINI (already done).
Skipping c all_hints nussinov repetition 5 for dataset size MINI (already done).
Skipping c all_hints seidel-2d repetition 5 for dataset size MINI (already done).
Skipping c all_hints seidel-2d repetition 5 for dataset size MINI (already done).
Skipping c all_hints symm repetition 5 for dataset size MINI (already done).
Skipping c all_hints symm repetition 5 for dataset size MINI (already done).
Skipping c all_hints syr2k repetition 5 for dataset size MINI (already done).
Skipping c all_hints syr2k repetition 5 for dataset size MINI (already done).
Skipping c all_hints syrk repetition 5 for dataset size MINI (already done).
Skipping c all_hints syrk repetition 5 for dataset size MINI (already done).
Skipping c all_hints trisolv repetition 5 for dataset size MINI (already done).
Skipping c all_hints trisolv repetition 5 for dataset size MINI (already done).
Skipping c all_hints trmm repetition 5 for dataset size MINI (already done).
Skipping c all_hints trmm repetition 5 for dataset size MINI (already done).
-- The CXX compiler identification is GNU 15.2.0
-- Detecting CXX compiler ABI info
-- Detecting CXX compiler ABI info - done
-- Check for working CXX compiler: /usr/local/latestgcc/bin/g++ - skipped
-- Detecting CXX compile features
-- Detecting CXX compile features - done
-- Using NOARR_STRUCTURES_DIR from environment: /home/kleplj/all_hints/submodules/noarr-structures
-- Configuring done (0.4s)
-- Generating done (0.8s)
-- Build files have been written to: /home/kleplj/all_hints/optimization/all_hints/PolybenchC-Noarr/build
[  8%] Building CXX object CMakeFiles/correlation.dir/datamining/correlation/correlation.cpp.o
[  8%] Building CXX object CMakeFiles/gemver.dir/linear-algebra/blas/gemver/gemver.cpp.o
[  8%] Building CXX object CMakeFiles/covariance.dir/datamining/covariance/covariance.cpp.o
[ 16%] Building CXX object CMakeFiles/symm.dir/linear-algebra/blas/symm/symm.cpp.o
[ 16%] Building CXX object CMakeFiles/gesummv.dir/linear-algebra/blas/gesummv/gesummv.cpp.o
[ 16%] Building CXX object CMakeFiles/syr2k.dir/linear-algebra/blas/syr2k/syr2k.cpp.o
[ 16%] Building CXX object CMakeFiles/gemm.dir/linear-algebra/blas/gemm/gemm.cpp.o
[ 26%] Building CXX object CMakeFiles/syrk.dir/linear-algebra/blas/syrk/syrk.cpp.o
[ 26%] Building CXX object CMakeFiles/doitgen.dir/linear-algebra/kernels/doitgen/doitgen.cpp.o
[ 26%] Building CXX object CMakeFiles/atax.dir/linear-algebra/kernels/atax/atax.cpp.o
[ 26%] Building CXX object CMakeFiles/3mm.dir/linear-algebra/kernels/3mm/3mm.cpp.o
[ 26%] Building CXX object CMakeFiles/2mm.dir/linear-algebra/kernels/2mm/2mm.cpp.o
[ 26%] Building CXX object CMakeFiles/trmm.dir/linear-algebra/blas/trmm/trmm.cpp.o
[ 41%] Building CXX object CMakeFiles/trisolv.dir/linear-algebra/solvers/trisolv/trisolv.cpp.o
[ 50%] Building CXX object CMakeFiles/nussinov.dir/medley/nussinov/nussinov.cpp.o
[ 50%] Building CXX object CMakeFiles/cholesky.dir/linear-algebra/solvers/cholesky/cholesky.cpp.o
[ 50%] Building CXX object CMakeFiles/fdtd-2d.dir/stencils/fdtd-2d/fdtd-2d.cpp.o
[ 50%] Building CXX object CMakeFiles/durbin.dir/linear-algebra/solvers/durbin/durbin.cpp.o
[ 50%] Building CXX object CMakeFiles/adi.dir/stencils/adi/adi.cpp.o
[ 50%] Building CXX object CMakeFiles/deriche.dir/medley/deriche/deriche.cpp.o
[ 50%] Building CXX object CMakeFiles/gramschmidt.dir/linear-algebra/solvers/gramschmidt/gramschmidt.cpp.o
[ 50%] Building CXX object CMakeFiles/bicg.dir/linear-algebra/kernels/bicg/bicg.cpp.o
[ 50%] Building CXX object CMakeFiles/floyd-warshall.dir/medley/floyd-warshall/floyd-warshall.cpp.o
[ 50%] Building CXX object CMakeFiles/jacobi-1d.dir/stencils/jacobi-1d/jacobi-1d.cpp.o
[ 50%] Building CXX object CMakeFiles/ludcmp.dir/linear-algebra/solvers/ludcmp/ludcmp.cpp.o
[ 50%] Building CXX object CMakeFiles/lu.dir/linear-algebra/solvers/lu/lu.cpp.o
[ 50%] Building CXX object CMakeFiles/mvt.dir/linear-algebra/kernels/mvt/mvt.cpp.o
[ 50%] Building CXX object CMakeFiles/heat-3d.dir/stencils/heat-3d/heat-3d.cpp.o
[ 50%] Building CXX object CMakeFiles/seidel-2d.dir/stencils/seidel-2d/seidel-2d.cpp.o
[ 50%] Building CXX object CMakeFiles/jacobi-2d.dir/stencils/jacobi-2d/jacobi-2d.cpp.o
[ 53%] Linking CXX executable cholesky
[ 53%] Linking CXX executable nussinov
[ 56%] Linking CXX executable jacobi-1d
[ 56%] Linking CXX executable durbin
[ 56%] Built target jacobi-1d
[ 56%] Built target durbin
[ 58%] Linking CXX executable floyd-warshall
[ 60%] Linking CXX executable seidel-2d
[ 61%] Linking CXX executable trisolv
[ 63%] Linking CXX executable gesummv
[ 65%] Linking CXX executable atax
[ 65%] Built target floyd-warshall
[ 66%] Linking CXX executable jacobi-2d
[ 66%] Built target seidel-2d
[ 66%] Built target trisolv
[ 66%] Built target gesummv
[ 66%] Built target atax
[ 66%] Built target jacobi-2d
[ 68%] Linking CXX executable lu
[ 70%] Linking CXX executable adi
[ 71%] Linking CXX executable mvt
[ 73%] Linking CXX executable trmm
[ 73%] Built target lu
[ 73%] Built target adi
[ 73%] Built target mvt
[ 73%] Built target trmm
[ 75%] Linking CXX executable deriche
[ 76%] Linking CXX executable bicg
[ 78%] Linking CXX executable symm
[ 80%] Linking CXX executable syrk
[ 81%] Linking CXX executable gemver
[ 81%] Built target deriche
[ 81%] Built target bicg
[ 83%] Linking CXX executable syr2k
[ 83%] Built target symm
[ 83%] Built target gemver
[ 83%] Built target syrk
[ 83%] Built target syr2k
[ 85%] Linking CXX executable doitgen
[ 86%] Linking CXX executable gramschmidt
[ 86%] Built target doitgen
[ 88%] Linking CXX executable covariance
[ 88%] Built target gramschmidt
[ 90%] Linking CXX executable fdtd-2d
[ 91%] Linking CXX executable ludcmp
[ 91%] Built target covariance
[ 91%] Built target fdtd-2d
[ 91%] Built target ludcmp
[ 93%] Linking CXX executable correlation
[ 93%] Built target correlation
[ 95%] Linking CXX executable 2mm
[ 95%] Built target 2mm
[ 96%] Linking CXX executable 3mm
[ 96%] Built target 3mm
Skipping noarr all_hints 2mm repetition 1 for dataset size MINI (already done).
Skipping noarr all_hints 2mm repetition 1 for dataset size MINI (already done).
Skipping noarr all_hints 3mm repetition 1 for dataset size MINI (already done).
Skipping noarr all_hints 3mm repetition 1 for dataset size MINI (already done).
Skipping noarr all_hints adi repetition 1 for dataset size MINI (already done).
Skipping noarr all_hints adi repetition 1 for dataset size MINI (already done).
Skipping noarr all_hints atax repetition 1 for dataset size MINI (already done).
Skipping noarr all_hints atax repetition 1 for dataset size MINI (already done).
Skipping noarr all_hints bicg repetition 1 for dataset size MINI (already done).
Skipping noarr all_hints bicg repetition 1 for dataset size MINI (already done).
Skipping noarr all_hints correlation repetition 1 for dataset size MINI (already done).
Skipping noarr all_hints correlation repetition 1 for dataset size MINI (already done).
Skipping noarr all_hints covariance repetition 1 for dataset size MINI (already done).
Skipping noarr all_hints covariance repetition 1 for dataset size MINI (already done).
Skipping noarr all_hints deriche repetition 1 for dataset size MINI (already done).
Skipping noarr all_hints deriche repetition 1 for dataset size MINI (already done).
Skipping noarr all_hints doitgen repetition 1 for dataset size MINI (already done).
Skipping noarr all_hints doitgen repetition 1 for dataset size MINI (already done).
Skipping noarr all_hints durbin repetition 1 for dataset size MINI (already done).
Skipping noarr all_hints durbin repetition 1 for dataset size MINI (already done).
Skipping noarr all_hints fdtd-2d repetition 1 for dataset size MINI (already done).
Skipping noarr all_hints fdtd-2d repetition 1 for dataset size MINI (already done).
Skipping noarr all_hints floyd-warshall repetition 1 for dataset size MINI (already done).
Skipping noarr all_hints floyd-warshall repetition 1 for dataset size MINI (already done).
Skipping noarr all_hints gemver repetition 1 for dataset size MINI (already done).
Skipping noarr all_hints gemver repetition 1 for dataset size MINI (already done).
Skipping noarr all_hints gesummv repetition 1 for dataset size MINI (already done).
Skipping noarr all_hints gesummv repetition 1 for dataset size MINI (already done).
Skipping noarr all_hints jacobi-1d repetition 1 for dataset size MINI (already done).
Skipping noarr all_hints jacobi-1d repetition 1 for dataset size MINI (already done).
Skipping noarr all_hints jacobi-2d repetition 1 for dataset size MINI (already done).
Skipping noarr all_hints jacobi-2d repetition 1 for dataset size MINI (already done).
Skipping noarr all_hints lu repetition 1 for dataset size MINI (already done).
Skipping noarr all_hints lu repetition 1 for dataset size MINI (already done).
Skipping noarr all_hints ludcmp repetition 1 for dataset size MINI (already done).
Skipping noarr all_hints ludcmp repetition 1 for dataset size MINI (already done).
Skipping noarr all_hints mvt repetition 1 for dataset size MINI (already done).
Skipping noarr all_hints mvt repetition 1 for dataset size MINI (already done).
Skipping noarr all_hints seidel-2d repetition 1 for dataset size MINI (already done).
Skipping noarr all_hints seidel-2d repetition 1 for dataset size MINI (already done).
Skipping noarr all_hints symm repetition 1 for dataset size MINI (already done).
Skipping noarr all_hints symm repetition 1 for dataset size MINI (already done).
Skipping noarr all_hints syr2k repetition 1 for dataset size MINI (already done).
Skipping noarr all_hints syr2k repetition 1 for dataset size MINI (already done).
Skipping noarr all_hints syrk repetition 1 for dataset size MINI (already done).
Skipping noarr all_hints syrk repetition 1 for dataset size MINI (already done).
Skipping noarr all_hints trisolv repetition 1 for dataset size MINI (already done).
Skipping noarr all_hints trisolv repetition 1 for dataset size MINI (already done).
Skipping noarr all_hints trmm repetition 1 for dataset size MINI (already done).
Skipping noarr all_hints trmm repetition 1 for dataset size MINI (already done).
-- The CXX compiler identification is GNU 15.2.0
-- Detecting CXX compiler ABI info
-- Detecting CXX compiler ABI info - done
-- Check for working CXX compiler: /usr/local/latestgcc/bin/g++ - skipped
-- Detecting CXX compile features
-- Detecting CXX compile features - done
-- Using NOARR_STRUCTURES_DIR from environment: /home/kleplj/all_hints/submodules/noarr-structures
-- Configuring done (0.4s)
-- Generating done (0.7s)
-- Build files have been written to: /home/kleplj/all_hints/optimization/all_hints/PolybenchC-Noarr/build
[  1%] Building CXX object CMakeFiles/correlation.dir/datamining/correlation/correlation.cpp.o
[  5%] Building CXX object CMakeFiles/covariance.dir/datamining/covariance/covariance.cpp.o
[ 18%] Building CXX object CMakeFiles/gemver.dir/linear-algebra/blas/gemver/gemver.cpp.o
[ 18%] Building CXX object CMakeFiles/mvt.dir/linear-algebra/kernels/mvt/mvt.cpp.o
[ 18%] Building CXX object CMakeFiles/syr2k.dir/linear-algebra/blas/syr2k/syr2k.cpp.o
[ 18%] Building CXX object CMakeFiles/gemm.dir/linear-algebra/blas/gemm/gemm.cpp.o
[ 18%] Building CXX object CMakeFiles/gesummv.dir/linear-algebra/blas/gesummv/gesummv.cpp.o
[ 18%] Building CXX object CMakeFiles/symm.dir/linear-algebra/blas/symm/symm.cpp.o
[ 18%] Building CXX object CMakeFiles/trmm.dir/linear-algebra/blas/trmm/trmm.cpp.o
[ 38%] Building CXX object CMakeFiles/gramschmidt.dir/linear-algebra/solvers/gramschmidt/gramschmidt.cpp.o
[ 50%] Building CXX object CMakeFiles/ludcmp.dir/linear-algebra/solvers/ludcmp/ludcmp.cpp.o
[ 50%] Building CXX object CMakeFiles/durbin.dir/linear-algebra/solvers/durbin/durbin.cpp.o
[ 50%] Building CXX object CMakeFiles/heat-3d.dir/stencils/heat-3d/heat-3d.cpp.o
[ 50%] Building CXX object CMakeFiles/syrk.dir/linear-algebra/blas/syrk/syrk.cpp.o
[ 50%] Building CXX object CMakeFiles/trisolv.dir/linear-algebra/solvers/trisolv/trisolv.cpp.o
[ 50%] Building CXX object CMakeFiles/bicg.dir/linear-algebra/kernels/bicg/bicg.cpp.o
[ 50%] Building CXX object CMakeFiles/3mm.dir/linear-algebra/kernels/3mm/3mm.cpp.o
[ 50%] Building CXX object CMakeFiles/cholesky.dir/linear-algebra/solvers/cholesky/cholesky.cpp.o
[ 50%] Building CXX object CMakeFiles/nussinov.dir/medley/nussinov/nussinov.cpp.o
[ 50%] Building CXX object CMakeFiles/2mm.dir/linear-algebra/kernels/2mm/2mm.cpp.o
[ 50%] Building CXX object CMakeFiles/fdtd-2d.dir/stencils/fdtd-2d/fdtd-2d.cpp.o
[ 50%] Building CXX object CMakeFiles/lu.dir/linear-algebra/solvers/lu/lu.cpp.o
[ 50%] Building CXX object CMakeFiles/jacobi-2d.dir/stencils/jacobi-2d/jacobi-2d.cpp.o
[ 50%] Building CXX object CMakeFiles/atax.dir/linear-algebra/kernels/atax/atax.cpp.o
[ 50%] Building CXX object CMakeFiles/seidel-2d.dir/stencils/seidel-2d/seidel-2d.cpp.o
[ 50%] Building CXX object CMakeFiles/jacobi-1d.dir/stencils/jacobi-1d/jacobi-1d.cpp.o
[ 50%] Building CXX object CMakeFiles/adi.dir/stencils/adi/adi.cpp.o
[ 50%] Building CXX object CMakeFiles/deriche.dir/medley/deriche/deriche.cpp.o
[ 50%] Building CXX object CMakeFiles/doitgen.dir/linear-algebra/kernels/doitgen/doitgen.cpp.o
[ 50%] Building CXX object CMakeFiles/floyd-warshall.dir/medley/floyd-warshall/floyd-warshall.cpp.o
[ 53%] Linking CXX executable nussinov
[ 53%] Linking CXX executable cholesky
[ 55%] Linking CXX executable durbin
[ 55%] Built target durbin
[ 56%] Linking CXX executable jacobi-1d
[ 56%] Built target jacobi-1d
[ 58%] Linking CXX executable mvt
[ 60%] Linking CXX executable gesummv
[ 61%] Linking CXX executable trisolv
[ 61%] Built target mvt
[ 65%] Linking CXX executable jacobi-2d
[ 65%] Linking CXX executable atax
[ 65%] Built target gesummv
[ 66%] Linking CXX executable floyd-warshall
[ 66%] Built target trisolv
[ 68%] Linking CXX executable bicg
[ 68%] Built target atax
[ 68%] Built target jacobi-2d
[ 68%] Built target floyd-warshall
[ 70%] Linking CXX executable adi
[ 71%] Linking CXX executable seidel-2d
[ 71%] Built target bicg
[ 73%] Linking CXX executable gemver
[ 75%] Linking CXX executable deriche
[ 75%] Built target adi
[ 75%] Built target seidel-2d
[ 76%] Linking CXX executable symm
[ 76%] Built target gemver
[ 76%] Built target deriche
[ 76%] Built target symm
[ 80%] Linking CXX executable gemm
[ 80%] Linking CXX executable syr2k
[ 81%] Linking CXX executable syrk
[ 83%] Linking CXX executable doitgen
[ 85%] Linking CXX executable lu
[ 85%] Built target gemm
[ 85%] Built target syr2k
[ 85%] Built target syrk
[ 86%] Linking CXX executable heat-3d
[ 86%] Built target doitgen
[ 88%] Linking CXX executable covariance
[ 88%] Built target lu
[ 90%] Linking CXX executable gramschmidt
[ 90%] Built target heat-3d
[ 90%] Built target covariance
[ 90%] Built target gramschmidt
[ 91%] Linking CXX executable ludcmp
[ 91%] Built target ludcmp
[ 93%] Linking CXX executable correlation
[ 93%] Built target correlation
[ 95%] Linking CXX executable 2mm
[ 95%] Built target 2mm
[ 96%] Linking CXX executable 3mm
[ 96%] Built target 3mm
Skipping noarr all_hints 2mm repetition 2 for dataset size MINI (already done).
Skipping noarr all_hints 2mm repetition 2 for dataset size MINI (already done).
Skipping noarr all_hints 3mm repetition 2 for dataset size MINI (already done).
Skipping noarr all_hints 3mm repetition 2 for dataset size MINI (already done).
Skipping noarr all_hints adi repetition 2 for dataset size MINI (already done).
Skipping noarr all_hints adi repetition 2 for dataset size MINI (already done).
Skipping noarr all_hints atax repetition 2 for dataset size MINI (already done).
Skipping noarr all_hints atax repetition 2 for dataset size MINI (already done).
Skipping noarr all_hints bicg repetition 2 for dataset size MINI (already done).
Skipping noarr all_hints bicg repetition 2 for dataset size MINI (already done).
Skipping noarr all_hints correlation repetition 2 for dataset size MINI (already done).
Skipping noarr all_hints correlation repetition 2 for dataset size MINI (already done).
Skipping noarr all_hints covariance repetition 2 for dataset size MINI (already done).
Skipping noarr all_hints covariance repetition 2 for dataset size MINI (already done).
Skipping noarr all_hints deriche repetition 2 for dataset size MINI (already done).
Skipping noarr all_hints deriche repetition 2 for dataset size MINI (already done).
Skipping noarr all_hints doitgen repetition 2 for dataset size MINI (already done).
Skipping noarr all_hints doitgen repetition 2 for dataset size MINI (already done).
Skipping noarr all_hints durbin repetition 2 for dataset size MINI (already done).
Skipping noarr all_hints durbin repetition 2 for dataset size MINI (already done).
Skipping noarr all_hints floyd-warshall repetition 2 for dataset size MINI (already done).
Skipping noarr all_hints floyd-warshall repetition 2 for dataset size MINI (already done).
Skipping noarr all_hints gemm repetition 2 for dataset size MINI (already done).
Skipping noarr all_hints gemm repetition 2 for dataset size MINI (already done).
Skipping noarr all_hints gemver repetition 2 for dataset size MINI (already done).
Skipping noarr all_hints gemver repetition 2 for dataset size MINI (already done).
Skipping noarr all_hints gesummv repetition 2 for dataset size MINI (already done).
Skipping noarr all_hints gesummv repetition 2 for dataset size MINI (already done).
Skipping noarr all_hints heat-3d repetition 2 for dataset size MINI (already done).
Skipping noarr all_hints heat-3d repetition 2 for dataset size MINI (already done).
Skipping noarr all_hints jacobi-1d repetition 2 for dataset size MINI (already done).
Skipping noarr all_hints jacobi-1d repetition 2 for dataset size MINI (already done).
Skipping noarr all_hints jacobi-2d repetition 2 for dataset size MINI (already done).
Skipping noarr all_hints jacobi-2d repetition 2 for dataset size MINI (already done).
Skipping noarr all_hints lu repetition 2 for dataset size MINI (already done).
Skipping noarr all_hints lu repetition 2 for dataset size MINI (already done).
Skipping noarr all_hints ludcmp repetition 2 for dataset size MINI (already done).
Skipping noarr all_hints ludcmp repetition 2 for dataset size MINI (already done).
Skipping noarr all_hints mvt repetition 2 for dataset size MINI (already done).
Skipping noarr all_hints mvt repetition 2 for dataset size MINI (already done).
Skipping noarr all_hints seidel-2d repetition 2 for dataset size MINI (already done).
Skipping noarr all_hints seidel-2d repetition 2 for dataset size MINI (already done).
Skipping noarr all_hints symm repetition 2 for dataset size MINI (already done).
Skipping noarr all_hints symm repetition 2 for dataset size MINI (already done).
Skipping noarr all_hints syr2k repetition 2 for dataset size MINI (already done).
Skipping noarr all_hints syr2k repetition 2 for dataset size MINI (already done).
Skipping noarr all_hints syrk repetition 2 for dataset size MINI (already done).
Skipping noarr all_hints syrk repetition 2 for dataset size MINI (already done).
Skipping noarr all_hints trisolv repetition 2 for dataset size MINI (already done).
Skipping noarr all_hints trisolv repetition 2 for dataset size MINI (already done).
-- The CXX compiler identification is GNU 15.2.0
-- Detecting CXX compiler ABI info
-- Detecting CXX compiler ABI info - done
-- Check for working CXX compiler: /usr/local/latestgcc/bin/g++ - skipped
-- Detecting CXX compile features
-- Detecting CXX compile features - done
-- Using NOARR_STRUCTURES_DIR from environment: /home/kleplj/all_hints/submodules/noarr-structures
-- Configuring done (0.4s)
-- Generating done (0.7s)
-- Build files have been written to: /home/kleplj/all_hints/optimization/all_hints/PolybenchC-Noarr/build
[  6%] Building CXX object CMakeFiles/covariance.dir/datamining/covariance/covariance.cpp.o
[  6%] Building CXX object CMakeFiles/correlation.dir/datamining/correlation/correlation.cpp.o
[ 13%] Building CXX object CMakeFiles/symm.dir/linear-algebra/blas/symm/symm.cpp.o
[ 13%] Building CXX object CMakeFiles/gesummv.dir/linear-algebra/blas/gesummv/gesummv.cpp.o
[ 13%] Building CXX object CMakeFiles/gemm.dir/linear-algebra/blas/gemm/gemm.cpp.o
[ 13%] Building CXX object CMakeFiles/gemver.dir/linear-algebra/blas/gemver/gemver.cpp.o
[ 23%] Building CXX object CMakeFiles/2mm.dir/linear-algebra/kernels/2mm/2mm.cpp.o
[ 23%] Building CXX object CMakeFiles/gramschmidt.dir/linear-algebra/solvers/gramschmidt/gramschmidt.cpp.o
[ 23%] Building CXX object CMakeFiles/syrk.dir/linear-algebra/blas/syrk/syrk.cpp.o
[ 23%] Building CXX object CMakeFiles/3mm.dir/linear-algebra/kernels/3mm/3mm.cpp.o
[ 23%] Building CXX object CMakeFiles/syr2k.dir/linear-algebra/blas/syr2k/syr2k.cpp.o
[ 38%] Building CXX object CMakeFiles/mvt.dir/linear-algebra/kernels/mvt/mvt.cpp.o
[ 50%] Building CXX object CMakeFiles/floyd-warshall.dir/medley/floyd-warshall/floyd-warshall.cpp.o
[ 50%] Building CXX object CMakeFiles/deriche.dir/medley/deriche/deriche.cpp.o
[ 50%] Building CXX object CMakeFiles/cholesky.dir/linear-algebra/solvers/cholesky/cholesky.cpp.o
[ 50%] Building CXX object CMakeFiles/ludcmp.dir/linear-algebra/solvers/ludcmp/ludcmp.cpp.o
[ 50%] Building CXX object CMakeFiles/durbin.dir/linear-algebra/solvers/durbin/durbin.cpp.o
[ 50%] Building CXX object CMakeFiles/doitgen.dir/linear-algebra/kernels/doitgen/doitgen.cpp.o
[ 50%] Building CXX object CMakeFiles/bicg.dir/linear-algebra/kernels/bicg/bicg.cpp.o
[ 50%] Building CXX object CMakeFiles/atax.dir/linear-algebra/kernels/atax/atax.cpp.o
[ 50%] Building CXX object CMakeFiles/trmm.dir/linear-algebra/blas/trmm/trmm.cpp.o
[ 50%] Building CXX object CMakeFiles/heat-3d.dir/stencils/heat-3d/heat-3d.cpp.o
[ 50%] Building CXX object CMakeFiles/lu.dir/linear-algebra/solvers/lu/lu.cpp.o
[ 50%] Building CXX object CMakeFiles/trisolv.dir/linear-algebra/solvers/trisolv/trisolv.cpp.o
[ 50%] Building CXX object CMakeFiles/fdtd-2d.dir/stencils/fdtd-2d/fdtd-2d.cpp.o
[ 50%] Building CXX object CMakeFiles/adi.dir/stencils/adi/adi.cpp.o
[ 50%] Building CXX object CMakeFiles/nussinov.dir/medley/nussinov/nussinov.cpp.o
[ 50%] Building CXX object CMakeFiles/jacobi-2d.dir/stencils/jacobi-2d/jacobi-2d.cpp.o
[ 50%] Building CXX object CMakeFiles/jacobi-1d.dir/stencils/jacobi-1d/jacobi-1d.cpp.o
[ 50%] Building CXX object CMakeFiles/seidel-2d.dir/stencils/seidel-2d/seidel-2d.cpp.o
[ 53%] Linking CXX executable nussinov
[ 53%] Linking CXX executable cholesky
[ 55%] Linking CXX executable jacobi-1d
[ 56%] Linking CXX executable durbin
[ 56%] Built target jacobi-1d
[ 56%] Built target durbin
[ 58%] Linking CXX executable trisolv
[ 60%] Linking CXX executable seidel-2d
[ 61%] Linking CXX executable gesummv
[ 63%] Linking CXX executable bicg
[ 63%] Built target trisolv
[ 65%] Linking CXX executable floyd-warshall
[ 66%] Linking CXX executable jacobi-2d
[ 66%] Built target seidel-2d
[ 66%] Built target gesummv
[ 66%] Built target bicg
[ 66%] Built target floyd-warshall
[ 66%] Built target jacobi-2d
[ 68%] Linking CXX executable deriche
[ 71%] Linking CXX executable mvt
[ 71%] Linking CXX executable atax
[ 73%] Linking CXX executable lu
[ 73%] Built target deriche
[ 73%] Built target mvt
[ 73%] Built target atax
[ 73%] Built target lu
[ 75%] Linking CXX executable syr2k
[ 76%] Linking CXX executable symm
[ 78%] Linking CXX executable syrk
[ 80%] Linking CXX executable doitgen
[ 81%] Linking CXX executable adi
[ 83%] Linking CXX executable gemver
[ 83%] Built target syr2k
[ 85%] Linking CXX executable heat-3d
[ 85%] Built target symm
[ 86%] Linking CXX executable trmm
[ 86%] Built target syrk
[ 86%] Built target doitgen
[ 86%] Built target adi
[ 88%] Built target gemver
[ 88%] Linking CXX executable gemm
[ 90%] Linking CXX executable gramschmidt
[ 90%] Built target heat-3d
[ 90%] Built target trmm
[ 91%] Linking CXX executable ludcmp
[ 91%] Built target gemm
[ 91%] Built target gramschmidt
[ 91%] Built target ludcmp
[ 93%] Linking CXX executable covariance
[ 93%] Built target covariance
[ 95%] Linking CXX executable correlation
[ 95%] Built target correlation
[ 96%] Linking CXX executable 2mm
[ 96%] Built target 2mm
[ 98%] Linking CXX executable 3mm
[ 98%] Built target 3mm
Skipping noarr all_hints 2mm repetition 3 for dataset size MINI (already done).
Skipping noarr all_hints 2mm repetition 3 for dataset size MINI (already done).
Skipping noarr all_hints 3mm repetition 3 for dataset size MINI (already done).
Skipping noarr all_hints 3mm repetition 3 for dataset size MINI (already done).
Skipping noarr all_hints adi repetition 3 for dataset size MINI (already done).
Skipping noarr all_hints adi repetition 3 for dataset size MINI (already done).
Skipping noarr all_hints atax repetition 3 for dataset size MINI (already done).
Skipping noarr all_hints atax repetition 3 for dataset size MINI (already done).
Skipping noarr all_hints bicg repetition 3 for dataset size MINI (already done).
Skipping noarr all_hints bicg repetition 3 for dataset size MINI (already done).
Skipping noarr all_hints correlation repetition 3 for dataset size MINI (already done).
Skipping noarr all_hints correlation repetition 3 for dataset size MINI (already done).
Skipping noarr all_hints covariance repetition 3 for dataset size MINI (already done).
Skipping noarr all_hints covariance repetition 3 for dataset size MINI (already done).
Skipping noarr all_hints deriche repetition 3 for dataset size MINI (already done).
Skipping noarr all_hints deriche repetition 3 for dataset size MINI (already done).
Skipping noarr all_hints doitgen repetition 3 for dataset size MINI (already done).
Skipping noarr all_hints doitgen repetition 3 for dataset size MINI (already done).
Skipping noarr all_hints durbin repetition 3 for dataset size MINI (already done).
Skipping noarr all_hints durbin repetition 3 for dataset size MINI (already done).
Skipping noarr all_hints floyd-warshall repetition 3 for dataset size MINI (already done).
Skipping noarr all_hints floyd-warshall repetition 3 for dataset size MINI (already done).
Skipping noarr all_hints gemm repetition 3 for dataset size MINI (already done).
Skipping noarr all_hints gemm repetition 3 for dataset size MINI (already done).
Skipping noarr all_hints gemver repetition 3 for dataset size MINI (already done).
Skipping noarr all_hints gemver repetition 3 for dataset size MINI (already done).
Skipping noarr all_hints gesummv repetition 3 for dataset size MINI (already done).
Skipping noarr all_hints gesummv repetition 3 for dataset size MINI (already done).
Skipping noarr all_hints heat-3d repetition 3 for dataset size MINI (already done).
Skipping noarr all_hints heat-3d repetition 3 for dataset size MINI (already done).
Skipping noarr all_hints jacobi-1d repetition 3 for dataset size MINI (already done).
Skipping noarr all_hints jacobi-1d repetition 3 for dataset size MINI (already done).
Skipping noarr all_hints jacobi-2d repetition 3 for dataset size MINI (already done).
Skipping noarr all_hints jacobi-2d repetition 3 for dataset size MINI (already done).
Skipping noarr all_hints lu repetition 3 for dataset size MINI (already done).
Skipping noarr all_hints lu repetition 3 for dataset size MINI (already done).
Skipping noarr all_hints ludcmp repetition 3 for dataset size MINI (already done).
Skipping noarr all_hints ludcmp repetition 3 for dataset size MINI (already done).
Skipping noarr all_hints mvt repetition 3 for dataset size MINI (already done).
Skipping noarr all_hints mvt repetition 3 for dataset size MINI (already done).
Skipping noarr all_hints seidel-2d repetition 3 for dataset size MINI (already done).
Skipping noarr all_hints seidel-2d repetition 3 for dataset size MINI (already done).
Skipping noarr all_hints symm repetition 3 for dataset size MINI (already done).
Skipping noarr all_hints symm repetition 3 for dataset size MINI (already done).
Skipping noarr all_hints syr2k repetition 3 for dataset size MINI (already done).
Skipping noarr all_hints syr2k repetition 3 for dataset size MINI (already done).
Skipping noarr all_hints syrk repetition 3 for dataset size MINI (already done).
Skipping noarr all_hints syrk repetition 3 for dataset size MINI (already done).
Skipping noarr all_hints trisolv repetition 3 for dataset size MINI (already done).
Skipping noarr all_hints trisolv repetition 3 for dataset size MINI (already done).
Skipping noarr all_hints trmm repetition 3 for dataset size MINI (already done).
Skipping noarr all_hints trmm repetition 3 for dataset size MINI (already done).
-- The CXX compiler identification is GNU 15.2.0
-- Detecting CXX compiler ABI info
-- Detecting CXX compiler ABI info - done
-- Check for working CXX compiler: /usr/local/latestgcc/bin/g++ - skipped
-- Detecting CXX compile features
-- Detecting CXX compile features - done
-- Using NOARR_STRUCTURES_DIR from environment: /home/kleplj/all_hints/submodules/noarr-structures
-- Configuring done (0.4s)
-- Generating done (0.7s)
-- Build files have been written to: /home/kleplj/all_hints/optimization/all_hints/PolybenchC-Noarr/build
[  8%] Building CXX object CMakeFiles/gesummv.dir/linear-algebra/blas/gesummv/gesummv.cpp.o
[  8%] Building CXX object CMakeFiles/correlation.dir/datamining/correlation/correlation.cpp.o
[  8%] Building CXX object CMakeFiles/covariance.dir/datamining/covariance/covariance.cpp.o
[ 18%] Building CXX object CMakeFiles/syr2k.dir/linear-algebra/blas/syr2k/syr2k.cpp.o
[ 18%] Building CXX object CMakeFiles/atax.dir/linear-algebra/kernels/atax/atax.cpp.o
[ 18%] Building CXX object CMakeFiles/symm.dir/linear-algebra/blas/symm/symm.cpp.o
[ 18%] Building CXX object CMakeFiles/gemver.dir/linear-algebra/blas/gemver/gemver.cpp.o
[ 18%] Building CXX object CMakeFiles/syrk.dir/linear-algebra/blas/syrk/syrk.cpp.o
[ 18%] Building CXX object CMakeFiles/gemm.dir/linear-algebra/blas/gemm/gemm.cpp.o
[ 33%] Building CXX object CMakeFiles/trmm.dir/linear-algebra/blas/trmm/trmm.cpp.o
[ 50%] Building CXX object CMakeFiles/ludcmp.dir/linear-algebra/solvers/ludcmp/ludcmp.cpp.o
[ 50%] Building CXX object CMakeFiles/mvt.dir/linear-algebra/kernels/mvt/mvt.cpp.o
[ 50%] Building CXX object CMakeFiles/doitgen.dir/linear-algebra/kernels/doitgen/doitgen.cpp.o
[ 50%] Building CXX object CMakeFiles/bicg.dir/linear-algebra/kernels/bicg/bicg.cpp.o
[ 50%] Building CXX object CMakeFiles/cholesky.dir/linear-algebra/solvers/cholesky/cholesky.cpp.o
[ 50%] Building CXX object CMakeFiles/2mm.dir/linear-algebra/kernels/2mm/2mm.cpp.o
[ 50%] Building CXX object CMakeFiles/lu.dir/linear-algebra/solvers/lu/lu.cpp.o
[ 50%] Building CXX object CMakeFiles/deriche.dir/medley/deriche/deriche.cpp.o
[ 50%] Building CXX object CMakeFiles/3mm.dir/linear-algebra/kernels/3mm/3mm.cpp.o
[ 50%] Building CXX object CMakeFiles/gramschmidt.dir/linear-algebra/solvers/gramschmidt/gramschmidt.cpp.o
[ 50%] Building CXX object CMakeFiles/fdtd-2d.dir/stencils/fdtd-2d/fdtd-2d.cpp.o
[ 50%] Building CXX object CMakeFiles/heat-3d.dir/stencils/heat-3d/heat-3d.cpp.o
[ 50%] Building CXX object CMakeFiles/seidel-2d.dir/stencils/seidel-2d/seidel-2d.cpp.o
[ 50%] Building CXX object CMakeFiles/durbin.dir/linear-algebra/solvers/durbin/durbin.cpp.o
[ 50%] Building CXX object CMakeFiles/floyd-warshall.dir/medley/floyd-warshall/floyd-warshall.cpp.o
[ 50%] Building CXX object CMakeFiles/trisolv.dir/linear-algebra/solvers/trisolv/trisolv.cpp.o
[ 50%] Building CXX object CMakeFiles/nussinov.dir/medley/nussinov/nussinov.cpp.o
[ 50%] Building CXX object CMakeFiles/adi.dir/stencils/adi/adi.cpp.o
[ 50%] Building CXX object CMakeFiles/jacobi-2d.dir/stencils/jacobi-2d/jacobi-2d.cpp.o
[ 50%] Building CXX object CMakeFiles/jacobi-1d.dir/stencils/jacobi-1d/jacobi-1d.cpp.o
[ 53%] Linking CXX executable cholesky
[ 53%] Linking CXX executable nussinov
[ 55%] Linking CXX executable jacobi-1d
[ 56%] Linking CXX executable durbin
[ 56%] Built target jacobi-1d
[ 58%] Linking CXX executable seidel-2d
[ 58%] Built target durbin
[ 60%] Linking CXX executable floyd-warshall
[ 61%] Linking CXX executable gesummv
[ 61%] Built target seidel-2d
[ 63%] Linking CXX executable atax
[ 65%] Linking CXX executable trisolv
[ 65%] Built target floyd-warshall
[ 65%] Built target gesummv
[ 66%] Linking CXX executable jacobi-2d
[ 66%] Built target atax
[ 66%] Built target trisolv
[ 68%] Linking CXX executable adi
[ 68%] Built target jacobi-2d
[ 70%] Linking CXX executable mvt
[ 70%] Built target adi
[ 71%] Linking CXX executable trmm
[ 73%] Built target mvt
[ 73%] Linking CXX executable deriche
[ 75%] Linking CXX executable syrk
[ 76%] Linking CXX executable lu
[ 76%] Built target trmm
[ 76%] Built target deriche
[ 76%] Built target syrk
[ 76%] Built target lu
[ 78%] Linking CXX executable gemver
[ 80%] Linking CXX executable bicg
[ 81%] Linking CXX executable gemm
[ 81%] Built target gemver
[ 83%] Linking CXX executable syr2k
[ 83%] Built target bicg
[ 85%] Linking CXX executable covariance
[ 86%] Linking CXX executable heat-3d
[ 86%] Built target gemm
[ 88%] Linking CXX executable gramschmidt
[ 88%] Built target syr2k
[ 90%] Linking CXX executable doitgen
[ 91%] Linking CXX executable fdtd-2d
[ 91%] Built target covariance
[ 91%] Built target heat-3d
[ 91%] Built target gramschmidt
[ 93%] Linking CXX executable symm
[ 93%] Built target doitgen
[ 95%] Linking CXX executable ludcmp
[ 95%] Built target fdtd-2d
[ 95%] Built target symm
[ 95%] Built target ludcmp
[ 96%] Linking CXX executable correlation
[ 96%] Built target correlation
[ 98%] Linking CXX executable 2mm
[ 98%] Built target 2mm
[100%] Linking CXX executable 3mm
[100%] Built target 3mm
Skipping noarr all_hints 2mm repetition 4 for dataset size MINI (already done).
Skipping noarr all_hints 2mm repetition 4 for dataset size MINI (already done).
Skipping noarr all_hints 3mm repetition 4 for dataset size MINI (already done).
Skipping noarr all_hints 3mm repetition 4 for dataset size MINI (already done).
Skipping noarr all_hints adi repetition 4 for dataset size MINI (already done).
Skipping noarr all_hints adi repetition 4 for dataset size MINI (already done).
Skipping noarr all_hints atax repetition 4 for dataset size MINI (already done).
Skipping noarr all_hints atax repetition 4 for dataset size MINI (already done).
Skipping noarr all_hints bicg repetition 4 for dataset size MINI (already done).
Skipping noarr all_hints bicg repetition 4 for dataset size MINI (already done).
Skipping noarr all_hints correlation repetition 4 for dataset size MINI (already done).
Skipping noarr all_hints correlation repetition 4 for dataset size MINI (already done).
Skipping noarr all_hints covariance repetition 4 for dataset size MINI (already done).
Skipping noarr all_hints covariance repetition 4 for dataset size MINI (already done).
Skipping noarr all_hints doitgen repetition 4 for dataset size MINI (already done).
Skipping noarr all_hints doitgen repetition 4 for dataset size MINI (already done).
Skipping noarr all_hints durbin repetition 4 for dataset size MINI (already done).
Skipping noarr all_hints durbin repetition 4 for dataset size MINI (already done).
Skipping noarr all_hints fdtd-2d repetition 4 for dataset size MINI (already done).
Skipping noarr all_hints fdtd-2d repetition 4 for dataset size MINI (already done).
Skipping noarr all_hints floyd-warshall repetition 4 for dataset size MINI (already done).
Skipping noarr all_hints floyd-warshall repetition 4 for dataset size MINI (already done).
Skipping noarr all_hints gemm repetition 4 for dataset size MINI (already done).
Skipping noarr all_hints gemm repetition 4 for dataset size MINI (already done).
Skipping noarr all_hints gemver repetition 4 for dataset size MINI (already done).
Skipping noarr all_hints gemver repetition 4 for dataset size MINI (already done).
Skipping noarr all_hints gesummv repetition 4 for dataset size MINI (already done).
Skipping noarr all_hints gesummv repetition 4 for dataset size MINI (already done).
Skipping noarr all_hints heat-3d repetition 4 for dataset size MINI (already done).
Skipping noarr all_hints heat-3d repetition 4 for dataset size MINI (already done).
Skipping noarr all_hints jacobi-1d repetition 4 for dataset size MINI (already done).
Skipping noarr all_hints jacobi-1d repetition 4 for dataset size MINI (already done).
Skipping noarr all_hints jacobi-2d repetition 4 for dataset size MINI (already done).
Skipping noarr all_hints jacobi-2d repetition 4 for dataset size MINI (already done).
Skipping noarr all_hints lu repetition 4 for dataset size MINI (already done).
Skipping noarr all_hints lu repetition 4 for dataset size MINI (already done).
Skipping noarr all_hints ludcmp repetition 4 for dataset size MINI (already done).
Skipping noarr all_hints ludcmp repetition 4 for dataset size MINI (already done).
Skipping noarr all_hints mvt repetition 4 for dataset size MINI (already done).
Skipping noarr all_hints mvt repetition 4 for dataset size MINI (already done).
Skipping noarr all_hints seidel-2d repetition 4 for dataset size MINI (already done).
Skipping noarr all_hints seidel-2d repetition 4 for dataset size MINI (already done).
Skipping noarr all_hints symm repetition 4 for dataset size MINI (already done).
Skipping noarr all_hints symm repetition 4 for dataset size MINI (already done).
Skipping noarr all_hints syr2k repetition 4 for dataset size MINI (already done).
Skipping noarr all_hints syr2k repetition 4 for dataset size MINI (already done).
Skipping noarr all_hints syrk repetition 4 for dataset size MINI (already done).
Skipping noarr all_hints syrk repetition 4 for dataset size MINI (already done).
Skipping noarr all_hints trisolv repetition 4 for dataset size MINI (already done).
Skipping noarr all_hints trisolv repetition 4 for dataset size MINI (already done).
Skipping noarr all_hints trmm repetition 4 for dataset size MINI (already done).
Skipping noarr all_hints trmm repetition 4 for dataset size MINI (already done).
-- The CXX compiler identification is GNU 15.2.0
-- Detecting CXX compiler ABI info
-- Detecting CXX compiler ABI info - done
-- Check for working CXX compiler: /usr/local/latestgcc/bin/g++ - skipped
-- Detecting CXX compile features
-- Detecting CXX compile features - done
-- Using NOARR_STRUCTURES_DIR from environment: /home/kleplj/all_hints/submodules/noarr-structures
-- Configuring done (0.4s)
-- Generating done (0.8s)
-- Build files have been written to: /home/kleplj/all_hints/optimization/all_hints/PolybenchC-Noarr/build
[  8%] Building CXX object CMakeFiles/covariance.dir/datamining/covariance/covariance.cpp.o
[  8%] Building CXX object CMakeFiles/correlation.dir/datamining/correlation/correlation.cpp.o
[ 15%] Building CXX object CMakeFiles/syr2k.dir/linear-algebra/blas/syr2k/syr2k.cpp.o
[ 15%] Building CXX object CMakeFiles/gesummv.dir/linear-algebra/blas/gesummv/gesummv.cpp.o
[ 15%] Building CXX object CMakeFiles/gemm.dir/linear-algebra/blas/gemm/gemm.cpp.o
[ 15%] Building CXX object CMakeFiles/gemver.dir/linear-algebra/blas/gemver/gemver.cpp.o
[ 26%] Building CXX object CMakeFiles/trmm.dir/linear-algebra/blas/trmm/trmm.cpp.o
[ 26%] Building CXX object CMakeFiles/bicg.dir/linear-algebra/kernels/bicg/bicg.cpp.o
[ 26%] Building CXX object CMakeFiles/atax.dir/linear-algebra/kernels/atax/atax.cpp.o
[ 26%] Building CXX object CMakeFiles/2mm.dir/linear-algebra/kernels/2mm/2mm.cpp.o
[ 26%] Building CXX object CMakeFiles/3mm.dir/linear-algebra/kernels/3mm/3mm.cpp.o
[ 26%] Building CXX object CMakeFiles/symm.dir/linear-algebra/blas/symm/symm.cpp.o
[ 26%] Building CXX object CMakeFiles/syrk.dir/linear-algebra/blas/syrk/syrk.cpp.o
[ 46%] Building CXX object CMakeFiles/deriche.dir/medley/deriche/deriche.cpp.o
[ 50%] Building CXX object CMakeFiles/nussinov.dir/medley/nussinov/nussinov.cpp.o
[ 50%] Building CXX object CMakeFiles/trisolv.dir/linear-algebra/solvers/trisolv/trisolv.cpp.o
[ 50%] Building CXX object CMakeFiles/durbin.dir/linear-algebra/solvers/durbin/durbin.cpp.o
[ 50%] Building CXX object CMakeFiles/adi.dir/stencils/adi/adi.cpp.o
[ 50%] Building CXX object CMakeFiles/ludcmp.dir/linear-algebra/solvers/ludcmp/ludcmp.cpp.o
[ 50%] Building CXX object CMakeFiles/lu.dir/linear-algebra/solvers/lu/lu.cpp.o
[ 50%] Building CXX object CMakeFiles/jacobi-2d.dir/stencils/jacobi-2d/jacobi-2d.cpp.o
[ 50%] Building CXX object CMakeFiles/heat-3d.dir/stencils/heat-3d/heat-3d.cpp.o
[ 50%] Building CXX object CMakeFiles/floyd-warshall.dir/medley/floyd-warshall/floyd-warshall.cpp.o
[ 50%] Building CXX object CMakeFiles/doitgen.dir/linear-algebra/kernels/doitgen/doitgen.cpp.o
[ 50%] Building CXX object CMakeFiles/cholesky.dir/linear-algebra/solvers/cholesky/cholesky.cpp.o
[ 50%] Building CXX object CMakeFiles/fdtd-2d.dir/stencils/fdtd-2d/fdtd-2d.cpp.o
[ 50%] Building CXX object CMakeFiles/mvt.dir/linear-algebra/kernels/mvt/mvt.cpp.o
[ 50%] Building CXX object CMakeFiles/gramschmidt.dir/linear-algebra/solvers/gramschmidt/gramschmidt.cpp.o
[ 50%] Building CXX object CMakeFiles/jacobi-1d.dir/stencils/jacobi-1d/jacobi-1d.cpp.o
[ 50%] Building CXX object CMakeFiles/seidel-2d.dir/stencils/seidel-2d/seidel-2d.cpp.o
[ 51%] Linking CXX executable nussinov
[ 53%] Linking CXX executable cholesky
[ 55%] Linking CXX executable durbin
[ 56%] Linking CXX executable jacobi-1d
[ 56%] Built target durbin
[ 56%] Built target jacobi-1d
[ 58%] Linking CXX executable seidel-2d
[ 60%] Linking CXX executable gesummv
[ 61%] Linking CXX executable trisolv
[ 63%] Linking CXX executable mvt
[ 65%] Linking CXX executable bicg
[ 65%] Built target seidel-2d
[ 68%] Linking CXX executable floyd-warshall
[ 68%] Linking CXX executable jacobi-2d
[ 68%] Built target gesummv
[ 68%] Built target trisolv
[ 68%] Built target mvt
[ 68%] Built target bicg
[ 68%] Built target floyd-warshall
[ 68%] Built target jacobi-2d
[ 71%] Linking CXX executable adi
[ 71%] Linking CXX executable trmm
[ 73%] Linking CXX executable lu
[ 73%] Built target trmm
[ 73%] Built target adi
[ 75%] Linking CXX executable atax
[ 76%] Linking CXX executable syrk
[ 76%] Built target lu
[ 78%] Linking CXX executable deriche
[ 80%] Linking CXX executable gemver
[ 81%] Built target atax
[ 81%] Linking CXX executable doitgen
[ 83%] Built target syrk
[ 83%] Linking CXX executable fdtd-2d
[ 85%] Linking CXX executable symm
[ 85%] Built target deriche
[ 86%] Linking CXX executable gemm
[ 88%] Linking CXX executable heat-3d
[ 88%] Built target gemver
[ 90%] Linking CXX executable covariance
[ 90%] Built target doitgen
[ 90%] Built target fdtd-2d
[ 90%] Built target symm
[ 91%] Linking CXX executable syr2k
[ 91%] Built target gemm
[ 91%] Built target heat-3d
[ 93%] Built target covariance
[ 93%] Linking CXX executable gramschmidt
[ 93%] Built target syr2k
[ 93%] Built target gramschmidt
[ 95%] Linking CXX executable ludcmp
[ 95%] Built target ludcmp
[ 96%] Linking CXX executable correlation
[ 96%] Built target correlation
[ 98%] Linking CXX executable 2mm
[ 98%] Built target 2mm
[100%] Linking CXX executable 3mm
[100%] Built target 3mm
Skipping noarr all_hints 2mm repetition 5 for dataset size MINI (already done).
Skipping noarr all_hints 2mm repetition 5 for dataset size MINI (already done).
Skipping noarr all_hints 3mm repetition 5 for dataset size MINI (already done).
Skipping noarr all_hints 3mm repetition 5 for dataset size MINI (already done).
Skipping noarr all_hints adi repetition 5 for dataset size MINI (already done).
Skipping noarr all_hints adi repetition 5 for dataset size MINI (already done).
Skipping noarr all_hints atax repetition 5 for dataset size MINI (already done).
Skipping noarr all_hints atax repetition 5 for dataset size MINI (already done).
Skipping noarr all_hints bicg repetition 5 for dataset size MINI (already done).
Skipping noarr all_hints bicg repetition 5 for dataset size MINI (already done).
Skipping noarr all_hints correlation repetition 5 for dataset size MINI (already done).
Skipping noarr all_hints correlation repetition 5 for dataset size MINI (already done).
Skipping noarr all_hints covariance repetition 5 for dataset size MINI (already done).
Skipping noarr all_hints covariance repetition 5 for dataset size MINI (already done).
Skipping noarr all_hints doitgen repetition 5 for dataset size MINI (already done).
Skipping noarr all_hints doitgen repetition 5 for dataset size MINI (already done).
Skipping noarr all_hints durbin repetition 5 for dataset size MINI (already done).
Skipping noarr all_hints durbin repetition 5 for dataset size MINI (already done).
Skipping noarr all_hints fdtd-2d repetition 5 for dataset size MINI (already done).
Skipping noarr all_hints fdtd-2d repetition 5 for dataset size MINI (already done).
Skipping noarr all_hints floyd-warshall repetition 5 for dataset size MINI (already done).
Skipping noarr all_hints floyd-warshall repetition 5 for dataset size MINI (already done).
Skipping noarr all_hints gemm repetition 5 for dataset size MINI (already done).
Skipping noarr all_hints gemm repetition 5 for dataset size MINI (already done).
Skipping noarr all_hints gemver repetition 5 for dataset size MINI (already done).
Skipping noarr all_hints gemver repetition 5 for dataset size MINI (already done).
Skipping noarr all_hints gesummv repetition 5 for dataset size MINI (already done).
Skipping noarr all_hints gesummv repetition 5 for dataset size MINI (already done).
Skipping noarr all_hints heat-3d repetition 5 for dataset size MINI (already done).
Skipping noarr all_hints heat-3d repetition 5 for dataset size MINI (already done).
Skipping noarr all_hints jacobi-1d repetition 5 for dataset size MINI (already done).
Skipping noarr all_hints jacobi-1d repetition 5 for dataset size MINI (already done).
Skipping noarr all_hints jacobi-2d repetition 5 for dataset size MINI (already done).
Skipping noarr all_hints jacobi-2d repetition 5 for dataset size MINI (already done).
Skipping noarr all_hints lu repetition 5 for dataset size MINI (already done).
Skipping noarr all_hints lu repetition 5 for dataset size MINI (already done).
Skipping noarr all_hints ludcmp repetition 5 for dataset size MINI (already done).
Skipping noarr all_hints ludcmp repetition 5 for dataset size MINI (already done).
Skipping noarr all_hints mvt repetition 5 for dataset size MINI (already done).
Skipping noarr all_hints mvt repetition 5 for dataset size MINI (already done).
Skipping noarr all_hints seidel-2d repetition 5 for dataset size MINI (already done).
Skipping noarr all_hints seidel-2d repetition 5 for dataset size MINI (already done).
Skipping noarr all_hints symm repetition 5 for dataset size MINI (already done).
Skipping noarr all_hints symm repetition 5 for dataset size MINI (already done).
Skipping noarr all_hints syr2k repetition 5 for dataset size MINI (already done).
Skipping noarr all_hints syr2k repetition 5 for dataset size MINI (already done).
Skipping noarr all_hints syrk repetition 5 for dataset size MINI (already done).
Skipping noarr all_hints syrk repetition 5 for dataset size MINI (already done).
Skipping noarr all_hints trisolv repetition 5 for dataset size MINI (already done).
Skipping noarr all_hints trisolv repetition 5 for dataset size MINI (already done).
Skipping noarr all_hints trmm repetition 5 for dataset size MINI (already done).
Skipping noarr all_hints trmm repetition 5 for dataset size MINI (already done).
-- The CXX compiler identification is GNU 15.2.0
-- Detecting CXX compiler ABI info
-- Detecting CXX compiler ABI info - done
-- Check for working CXX compiler: /usr/local/latestgcc/bin/g++ - skipped
-- Detecting CXX compile features
-- Detecting CXX compile features - done
-- Found Python: /home/kleplj/all_hints/gpt-querying/.venv/bin/python3.9 (found suitable version "3.9.21", minimum required is "3") found components: Interpreter Development.Module
-- Halide 'host' platform triple:   x86-64-linux
-- Halide 'cmake' platform triple:  x86-64-linux
-- Halide default AOT target:       host
-- Found ZLIB: /usr/lib64/libz.so (found version "1.2.11")
-- Could NOT find PNG (missing: PNG_LIBRARY PNG_PNG_INCLUDE_DIR) 
-- Could NOT find JPEG (missing: JPEG_LIBRARY JPEG_INCLUDE_DIR) 
-- Configuring done (0.8s)
-- Generating done (0.7s)
-- Build files have been written to: /home/kleplj/all_hints/optimization/all_hints/PolybenchC-Halide/build
[  8%] Building CXX object CMakeFiles/correlation.dir/datamining/correlation/correlation.cpp.o
[  8%] Building CXX object CMakeFiles/covariance.dir/datamining/covariance/covariance.cpp.o
[ 11%] Building CXX object CMakeFiles/gemm.dir/linear-algebra/blas/gemm/gemm.cpp.o
[ 16%] Building CXX object CMakeFiles/trmm.dir/linear-algebra/blas/trmm/trmm.cpp.o
[ 11%] Building CXX object CMakeFiles/gemver.dir/linear-algebra/blas/gemver/gemver.cpp.o
[ 11%] Building CXX object CMakeFiles/syr2k.dir/linear-algebra/blas/syr2k/syr2k.cpp.o
[ 21%] Building CXX object CMakeFiles/gesummv.dir/linear-algebra/blas/gesummv/gesummv.cpp.o
[ 26%] Building CXX object CMakeFiles/gramschmidt.dir/linear-algebra/solvers/gramschmidt/gramschmidt.cpp.o
[ 21%] Building CXX object CMakeFiles/symm.dir/linear-algebra/blas/symm/symm.cpp.o
[ 21%] Building CXX object CMakeFiles/3mm.dir/linear-algebra/kernels/3mm/3mm.cpp.o
[ 21%] Building CXX object CMakeFiles/syrk.dir/linear-algebra/blas/syrk/syrk.cpp.o
[ 38%] Building CXX object CMakeFiles/2mm.dir/linear-algebra/kernels/2mm/2mm.cpp.o
[ 50%] Building CXX object CMakeFiles/nussinov.dir/medley/nussinov/nussinov.cpp.o
[ 50%] Building CXX object CMakeFiles/jacobi-1d.dir/stencils/jacobi-1d/jacobi-1d.cpp.o
[ 50%] Building CXX object CMakeFiles/fdtd-2d.dir/stencils/fdtd-2d/fdtd-2d.cpp.o
[ 50%] Building CXX object CMakeFiles/atax.dir/linear-algebra/kernels/atax/atax.cpp.o
[ 50%] Building CXX object CMakeFiles/cholesky.dir/linear-algebra/solvers/cholesky/cholesky.cpp.o
[ 50%] Building CXX object CMakeFiles/floyd-warshall.dir/medley/floyd-warshall/floyd-warshall.cpp.o
[ 50%] Building CXX object CMakeFiles/bicg.dir/linear-algebra/kernels/bicg/bicg.cpp.o
[ 50%] Building CXX object CMakeFiles/durbin.dir/linear-algebra/solvers/durbin/durbin.cpp.o
[ 50%] Building CXX object CMakeFiles/deriche.dir/medley/deriche/deriche.cpp.o
[ 50%] Building CXX object CMakeFiles/mvt.dir/linear-algebra/kernels/mvt/mvt.cpp.o
[ 50%] Building CXX object CMakeFiles/trisolv.dir/linear-algebra/solvers/trisolv/trisolv.cpp.o
[ 50%] Building CXX object CMakeFiles/ludcmp.dir/linear-algebra/solvers/ludcmp/ludcmp.cpp.o
[ 50%] Building CXX object CMakeFiles/adi.dir/stencils/adi/adi.cpp.o
[ 50%] Building CXX object CMakeFiles/lu.dir/linear-algebra/solvers/lu/lu.cpp.o
[ 50%] Building CXX object CMakeFiles/doitgen.dir/linear-algebra/kernels/doitgen/doitgen.cpp.o
[ 50%] Building CXX object CMakeFiles/heat-3d.dir/stencils/heat-3d/heat-3d.cpp.o
[ 50%] Building CXX object CMakeFiles/jacobi-2d.dir/stencils/jacobi-2d/jacobi-2d.cpp.o
[ 50%] Building CXX object CMakeFiles/seidel-2d.dir/stencils/seidel-2d/seidel-2d.cpp.o
[ 51%] Linking CXX executable gemver
[ 53%] Linking CXX executable gramschmidt
[ 55%] Linking CXX executable covariance
[ 56%] Linking CXX executable floyd-warshall
[ 58%] Linking CXX executable seidel-2d
[ 58%] Built target covariance
[ 58%] Built target floyd-warshall
[ 60%] Linking CXX executable jacobi-1d
[ 61%] Linking CXX executable 3mm
[ 63%] Linking CXX executable adi
[ 65%] Linking CXX executable symm
[ 66%] Linking CXX executable gemm
[ 66%] Built target seidel-2d
[ 66%] Built target jacobi-1d
[ 68%] Linking CXX executable correlation
[ 68%] Built target 3mm
[ 68%] Built target adi
[ 68%] Built target symm
[ 70%] Linking CXX executable deriche
[ 70%] Built target gemm
[ 71%] Linking CXX executable 2mm
[ 75%] Linking CXX executable durbin
[ 75%] Linking CXX executable doitgen
[ 75%] Built target correlation
[ 75%] Built target deriche
[ 75%] Built target 2mm
[ 75%] Built target durbin
[ 75%] Built target doitgen
[ 76%] Linking CXX executable heat-3d
[ 78%] Linking CXX executable bicg
[ 78%] Built target heat-3d
[ 78%] Built target bicg
[ 80%] Linking CXX executable mvt
[ 81%] Linking CXX executable trisolv
[ 81%] Built target mvt
[ 83%] Linking CXX executable gesummv
[ 83%] Built target trisolv
[ 83%] Built target gesummv
[ 85%] Linking CXX executable fdtd-2d
[ 86%] Linking CXX executable lu
[ 86%] Built target fdtd-2d
[ 86%] Built target lu
[ 88%] Linking CXX executable cholesky
[ 88%] Built target cholesky
Skipping halide all_hints adi repetition 1 for dataset size MINI (already done).
Skipping halide all_hints adi repetition 1 for dataset size MINI (already done).
Skipping halide all_hints deriche repetition 1 for dataset size MINI (already done).
Skipping halide all_hints deriche repetition 1 for dataset size MINI (already done).
Skipping halide all_hints heat-3d repetition 1 for dataset size MINI (already done).
Skipping halide all_hints heat-3d repetition 1 for dataset size MINI (already done).
-- The CXX compiler identification is GNU 15.2.0
-- Detecting CXX compiler ABI info
-- Detecting CXX compiler ABI info - done
-- Check for working CXX compiler: /usr/local/latestgcc/bin/g++ - skipped
-- Detecting CXX compile features
-- Detecting CXX compile features - done
-- Found Python: /home/kleplj/all_hints/gpt-querying/.venv/bin/python3.9 (found suitable version "3.9.21", minimum required is "3") found components: Interpreter Development.Module
-- Halide 'host' platform triple:   x86-64-linux
-- Halide 'cmake' platform triple:  x86-64-linux
-- Halide default AOT target:       host
-- Found ZLIB: /usr/lib64/libz.so (found version "1.2.11")
-- Could NOT find PNG (missing: PNG_LIBRARY PNG_PNG_INCLUDE_DIR) 
-- Could NOT find JPEG (missing: JPEG_LIBRARY JPEG_INCLUDE_DIR) 
-- Configuring done (0.8s)
-- Generating done (0.8s)
-- Build files have been written to: /home/kleplj/all_hints/optimization/all_hints/PolybenchC-Halide/build
[ 10%] Building CXX object CMakeFiles/correlation.dir/datamining/correlation/correlation.cpp.o
[ 10%] Building CXX object CMakeFiles/covariance.dir/datamining/covariance/covariance.cpp.o
[ 10%] Building CXX object CMakeFiles/gemm.dir/linear-algebra/blas/gemm/gemm.cpp.o
[ 16%] Building CXX object CMakeFiles/gemver.dir/linear-algebra/blas/gemver/gemver.cpp.o
[ 16%] Building CXX object CMakeFiles/symm.dir/linear-algebra/blas/symm/symm.cpp.o
[ 16%] Building CXX object CMakeFiles/syr2k.dir/linear-algebra/blas/syr2k/syr2k.cpp.o
[ 16%] Building CXX object CMakeFiles/gesummv.dir/linear-algebra/blas/gesummv/gesummv.cpp.o
[ 16%] Building CXX object CMakeFiles/syrk.dir/linear-algebra/blas/syrk/syrk.cpp.o
[ 28%] Building CXX object CMakeFiles/doitgen.dir/linear-algebra/kernels/doitgen/doitgen.cpp.o
[ 45%] Building CXX object CMakeFiles/bicg.dir/linear-algebra/kernels/bicg/bicg.cpp.o
[ 45%] Building CXX object CMakeFiles/3mm.dir/linear-algebra/kernels/3mm/3mm.cpp.o
[ 45%] Building CXX object CMakeFiles/trmm.dir/linear-algebra/blas/trmm/trmm.cpp.o
[ 45%] Building CXX object CMakeFiles/atax.dir/linear-algebra/kernels/atax/atax.cpp.o
[ 45%] Building CXX object CMakeFiles/2mm.dir/linear-algebra/kernels/2mm/2mm.cpp.o
[ 50%] Building CXX object CMakeFiles/cholesky.dir/linear-algebra/solvers/cholesky/cholesky.cpp.o
[ 50%] Building CXX object CMakeFiles/deriche.dir/medley/deriche/deriche.cpp.o
[ 50%] Building CXX object CMakeFiles/trisolv.dir/linear-algebra/solvers/trisolv/trisolv.cpp.o
[ 50%] Building CXX object CMakeFiles/lu.dir/linear-algebra/solvers/lu/lu.cpp.o
[ 50%] Building CXX object CMakeFiles/heat-3d.dir/stencils/heat-3d/heat-3d.cpp.o
[ 50%] Building CXX object CMakeFiles/ludcmp.dir/linear-algebra/solvers/ludcmp/ludcmp.cpp.o
[ 50%] Building CXX object CMakeFiles/floyd-warshall.dir/medley/floyd-warshall/floyd-warshall.cpp.o
[ 50%] Building CXX object CMakeFiles/gramschmidt.dir/linear-algebra/solvers/gramschmidt/gramschmidt.cpp.o
[ 50%] Building CXX object CMakeFiles/adi.dir/stencils/adi/adi.cpp.o
[ 50%] Building CXX object CMakeFiles/mvt.dir/linear-algebra/kernels/mvt/mvt.cpp.o
[ 50%] Building CXX object CMakeFiles/seidel-2d.dir/stencils/seidel-2d/seidel-2d.cpp.o
[ 50%] Building CXX object CMakeFiles/durbin.dir/linear-algebra/solvers/durbin/durbin.cpp.o
[ 50%] Building CXX object CMakeFiles/jacobi-2d.dir/stencils/jacobi-2d/jacobi-2d.cpp.o
[ 50%] Building CXX object CMakeFiles/nussinov.dir/medley/nussinov/nussinov.cpp.o
[ 50%] Building CXX object CMakeFiles/fdtd-2d.dir/stencils/fdtd-2d/fdtd-2d.cpp.o
[ 50%] Building CXX object CMakeFiles/jacobi-1d.dir/stencils/jacobi-1d/jacobi-1d.cpp.o
[ 51%] Linking CXX executable gemver
[ 53%] Linking CXX executable gramschmidt
[ 55%] Linking CXX executable syr2k
[ 56%] Linking CXX executable floyd-warshall
[ 58%] Linking CXX executable covariance
[ 60%] Linking CXX executable trmm
[ 60%] Built target syr2k
[ 61%] Linking CXX executable syrk
[ 61%] Built target floyd-warshall
[ 61%] Built target covariance
[ 61%] Built target trmm
[ 63%] Linking CXX executable deriche
[ 63%] Built target syrk
[ 65%] Linking CXX executable jacobi-2d
[ 65%] Built target deriche
[ 65%] Built target jacobi-2d
[ 66%] Linking CXX executable correlation
[ 68%] Linking CXX executable durbin
[ 70%] Linking CXX executable 2mm
[ 71%] Built target correlation
[ 71%] Linking CXX executable heat-3d
[ 71%] Built target durbin
[ 71%] Built target 2mm
[ 73%] Linking CXX executable 3mm
[ 75%] Linking CXX executable seidel-2d
[ 75%] Built target heat-3d
[ 76%] Linking CXX executable doitgen
[ 76%] Built target 3mm
[ 78%] Linking CXX executable gesummv
[ 78%] Built target seidel-2d
[ 78%] Built target doitgen
[ 80%] Linking CXX executable bicg
[ 80%] Built target gesummv
[ 81%] Linking CXX executable cholesky
[ 81%] Built target bicg
[ 81%] Built target cholesky
[ 83%] Linking CXX executable lu
[ 83%] Built target lu
[ 85%] Linking CXX executable mvt
[ 86%] Linking CXX executable nussinov
[ 88%] Linking CXX executable ludcmp
[ 88%] Built target mvt
[ 88%] Built target nussinov
[ 88%] Built target ludcmp
Skipping halide all_hints correlation repetition 2 for dataset size MINI (already done).
Skipping halide all_hints correlation repetition 2 for dataset size MINI (already done).
Skipping halide all_hints deriche repetition 2 for dataset size MINI (already done).
Skipping halide all_hints deriche repetition 2 for dataset size MINI (already done).
Skipping halide all_hints heat-3d repetition 2 for dataset size MINI (already done).
Skipping halide all_hints heat-3d repetition 2 for dataset size MINI (already done).
Skipping halide all_hints ludcmp repetition 2 for dataset size MINI (already done).
Skipping halide all_hints ludcmp repetition 2 for dataset size MINI (already done).
-- The CXX compiler identification is GNU 15.2.0
-- Detecting CXX compiler ABI info
-- Detecting CXX compiler ABI info - done
-- Check for working CXX compiler: /usr/local/latestgcc/bin/g++ - skipped
-- Detecting CXX compile features
-- Detecting CXX compile features - done
-- Found Python: /home/kleplj/all_hints/gpt-querying/.venv/bin/python3.9 (found suitable version "3.9.21", minimum required is "3") found components: Interpreter Development.Module
-- Halide 'host' platform triple:   x86-64-linux
-- Halide 'cmake' platform triple:  x86-64-linux
-- Halide default AOT target:       host
-- Found ZLIB: /usr/lib64/libz.so (found version "1.2.11")
-- Could NOT find PNG (missing: PNG_LIBRARY PNG_PNG_INCLUDE_DIR) 
-- Could NOT find JPEG (missing: JPEG_LIBRARY JPEG_INCLUDE_DIR) 
-- Configuring done (0.7s)
-- Generating done (0.8s)
-- Build files have been written to: /home/kleplj/all_hints/optimization/all_hints/PolybenchC-Halide/build
[  8%] Building CXX object CMakeFiles/covariance.dir/datamining/covariance/covariance.cpp.o
[  8%] Building CXX object CMakeFiles/correlation.dir/datamining/correlation/correlation.cpp.o
[ 10%] Building CXX object CMakeFiles/gemm.dir/linear-algebra/blas/gemm/gemm.cpp.o
[ 10%] Building CXX object CMakeFiles/gemver.dir/linear-algebra/blas/gemver/gemver.cpp.o
[ 15%] Building CXX object CMakeFiles/gesummv.dir/linear-algebra/blas/gesummv/gesummv.cpp.o
[ 15%] Building CXX object CMakeFiles/symm.dir/linear-algebra/blas/symm/symm.cpp.o
[ 23%] Building CXX object CMakeFiles/syr2k.dir/linear-algebra/blas/syr2k/syr2k.cpp.o
[ 23%] Building CXX object CMakeFiles/trmm.dir/linear-algebra/blas/trmm/trmm.cpp.o
[ 23%] Building CXX object CMakeFiles/2mm.dir/linear-algebra/kernels/2mm/2mm.cpp.o
[ 23%] Building CXX object CMakeFiles/syrk.dir/linear-algebra/blas/syrk/syrk.cpp.o
[ 23%] Building CXX object CMakeFiles/atax.dir/linear-algebra/kernels/atax/atax.cpp.o
[ 41%] Building CXX object CMakeFiles/cholesky.dir/linear-algebra/solvers/cholesky/cholesky.cpp.o
[ 50%] Building CXX object CMakeFiles/bicg.dir/linear-algebra/kernels/bicg/bicg.cpp.o
[ 50%] Building CXX object CMakeFiles/doitgen.dir/linear-algebra/kernels/doitgen/doitgen.cpp.o
[ 50%] Building CXX object CMakeFiles/deriche.dir/medley/deriche/deriche.cpp.o
[ 50%] Building CXX object CMakeFiles/ludcmp.dir/linear-algebra/solvers/ludcmp/ludcmp.cpp.o
[ 50%] Building CXX object CMakeFiles/3mm.dir/linear-algebra/kernels/3mm/3mm.cpp.o
[ 50%] Building CXX object CMakeFiles/adi.dir/stencils/adi/adi.cpp.o
[ 50%] Building CXX object CMakeFiles/mvt.dir/linear-algebra/kernels/mvt/mvt.cpp.o
[ 50%] Building CXX object CMakeFiles/fdtd-2d.dir/stencils/fdtd-2d/fdtd-2d.cpp.o
[ 50%] Building CXX object CMakeFiles/trisolv.dir/linear-algebra/solvers/trisolv/trisolv.cpp.o
[ 50%] Building CXX object CMakeFiles/durbin.dir/linear-algebra/solvers/durbin/durbin.cpp.o
[ 50%] Building CXX object CMakeFiles/heat-3d.dir/stencils/heat-3d/heat-3d.cpp.o
[ 50%] Building CXX object CMakeFiles/floyd-warshall.dir/medley/floyd-warshall/floyd-warshall.cpp.o
[ 50%] Building CXX object CMakeFiles/lu.dir/linear-algebra/solvers/lu/lu.cpp.o
[ 50%] Building CXX object CMakeFiles/gramschmidt.dir/linear-algebra/solvers/gramschmidt/gramschmidt.cpp.o
[ 50%] Building CXX object CMakeFiles/jacobi-2d.dir/stencils/jacobi-2d/jacobi-2d.cpp.o
[ 50%] Building CXX object CMakeFiles/nussinov.dir/medley/nussinov/nussinov.cpp.o
[ 50%] Building CXX object CMakeFiles/jacobi-1d.dir/stencils/jacobi-1d/jacobi-1d.cpp.o
[ 50%] Building CXX object CMakeFiles/seidel-2d.dir/stencils/seidel-2d/seidel-2d.cpp.o
[ 51%] Linking CXX executable gemver
[ 53%] Linking CXX executable gramschmidt
[ 55%] Linking CXX executable trmm
[ 58%] Linking CXX executable deriche
[ 58%] Linking CXX executable floyd-warshall
[ 58%] Built target trmm
[ 60%] Linking CXX executable jacobi-1d
[ 61%] Linking CXX executable syrk
[ 61%] Built target deriche
[ 61%] Built target floyd-warshall
[ 63%] Linking CXX executable covariance
[ 63%] Built target jacobi-1d
[ 65%] Built target syrk
[ 65%] Linking CXX executable adi
[ 65%] Built target covariance
[ 65%] Built target adi
[ 66%] Linking CXX executable syr2k
[ 68%] Linking CXX executable gemm
[ 70%] Linking CXX executable jacobi-2d
[ 71%] Linking CXX executable 3mm
[ 71%] Built target syr2k
[ 73%] Linking CXX executable durbin
[ 75%] Linking CXX executable atax
[ 75%] Built target gemm
[ 75%] Built target jacobi-2d
[ 76%] Linking CXX executable gesummv
[ 76%] Built target 3mm
[ 78%] Linking CXX executable trisolv
[ 78%] Built target atax
[ 78%] Built target durbin
[ 80%] Linking CXX executable doitgen
[ 81%] Linking CXX executable bicg
[ 83%] Linking CXX executable heat-3d
[ 83%] Built target gesummv
[ 83%] Built target trisolv
[ 83%] Built target bicg
[ 83%] Built target doitgen
[ 83%] Built target heat-3d
[ 85%] Linking CXX executable lu
[ 86%] Linking CXX executable mvt
[ 86%] Built target lu
[ 86%] Built target mvt
[ 88%] Linking CXX executable nussinov
[ 90%] Linking CXX executable ludcmp
[ 90%] Built target nussinov
[ 90%] Built target ludcmp
Skipping halide all_hints adi repetition 3 for dataset size MINI (already done).
Skipping halide all_hints adi repetition 3 for dataset size MINI (already done).
Skipping halide all_hints deriche repetition 3 for dataset size MINI (already done).
Skipping halide all_hints deriche repetition 3 for dataset size MINI (already done).
Skipping halide all_hints heat-3d repetition 3 for dataset size MINI (already done).
Skipping halide all_hints heat-3d repetition 3 for dataset size MINI (already done).
Skipping halide all_hints mvt repetition 3 for dataset size MINI (already done).
Skipping halide all_hints mvt repetition 3 for dataset size MINI (already done).
-- The CXX compiler identification is GNU 15.2.0
-- Detecting CXX compiler ABI info
-- Detecting CXX compiler ABI info - done
-- Check for working CXX compiler: /usr/local/latestgcc/bin/g++ - skipped
-- Detecting CXX compile features
-- Detecting CXX compile features - done
-- Found Python: /home/kleplj/all_hints/gpt-querying/.venv/bin/python3.9 (found suitable version "3.9.21", minimum required is "3") found components: Interpreter Development.Module
-- Halide 'host' platform triple:   x86-64-linux
-- Halide 'cmake' platform triple:  x86-64-linux
-- Halide default AOT target:       host
-- Found ZLIB: /usr/lib64/libz.so (found version "1.2.11")
-- Could NOT find PNG (missing: PNG_LIBRARY PNG_PNG_INCLUDE_DIR) 
-- Could NOT find JPEG (missing: JPEG_LIBRARY JPEG_INCLUDE_DIR) 
-- Configuring done (0.8s)
-- Generating done (0.8s)
-- Build files have been written to: /home/kleplj/all_hints/optimization/all_hints/PolybenchC-Halide/build
[  3%] Building CXX object CMakeFiles/correlation.dir/datamining/correlation/correlation.cpp.o
[  3%] Building CXX object CMakeFiles/covariance.dir/datamining/covariance/covariance.cpp.o
[ 15%] Building CXX object CMakeFiles/gemm.dir/linear-algebra/blas/gemm/gemm.cpp.o
[ 15%] Building CXX object CMakeFiles/gemver.dir/linear-algebra/blas/gemver/gemver.cpp.o
[ 15%] Building CXX object CMakeFiles/gesummv.dir/linear-algebra/blas/gesummv/gesummv.cpp.o
[ 15%] Building CXX object CMakeFiles/symm.dir/linear-algebra/blas/symm/symm.cpp.o
[ 21%] Building CXX object CMakeFiles/2mm.dir/linear-algebra/kernels/2mm/2mm.cpp.o
[ 21%] Building CXX object CMakeFiles/syrk.dir/linear-algebra/blas/syrk/syrk.cpp.o
[ 21%] Building CXX object CMakeFiles/3mm.dir/linear-algebra/kernels/3mm/3mm.cpp.o
[ 21%] Building CXX object CMakeFiles/trmm.dir/linear-algebra/blas/trmm/trmm.cpp.o
[ 21%] Building CXX object CMakeFiles/syr2k.dir/linear-algebra/blas/syr2k/syr2k.cpp.o
[ 38%] Building CXX object CMakeFiles/gramschmidt.dir/linear-algebra/solvers/gramschmidt/gramschmidt.cpp.o
[ 50%] Building CXX object CMakeFiles/floyd-warshall.dir/medley/floyd-warshall/floyd-warshall.cpp.o
[ 50%] Building CXX object CMakeFiles/deriche.dir/medley/deriche/deriche.cpp.o
[ 50%] Building CXX object CMakeFiles/mvt.dir/linear-algebra/kernels/mvt/mvt.cpp.o
[ 50%] Building CXX object CMakeFiles/adi.dir/stencils/adi/adi.cpp.o
[ 50%] Building CXX object CMakeFiles/cholesky.dir/linear-algebra/solvers/cholesky/cholesky.cpp.o
[ 50%] Building CXX object CMakeFiles/bicg.dir/linear-algebra/kernels/bicg/bicg.cpp.o
[ 50%] Building CXX object CMakeFiles/atax.dir/linear-algebra/kernels/atax/atax.cpp.o
[ 50%] Building CXX object CMakeFiles/lu.dir/linear-algebra/solvers/lu/lu.cpp.o
[ 50%] Building CXX object CMakeFiles/fdtd-2d.dir/stencils/fdtd-2d/fdtd-2d.cpp.o
[ 50%] Building CXX object CMakeFiles/seidel-2d.dir/stencils/seidel-2d/seidel-2d.cpp.o
[ 50%] Building CXX object CMakeFiles/durbin.dir/linear-algebra/solvers/durbin/durbin.cpp.o
[ 50%] Building CXX object CMakeFiles/nussinov.dir/medley/nussinov/nussinov.cpp.o
[ 50%] Building CXX object CMakeFiles/heat-3d.dir/stencils/heat-3d/heat-3d.cpp.o
[ 50%] Building CXX object CMakeFiles/ludcmp.dir/linear-algebra/solvers/ludcmp/ludcmp.cpp.o
[ 50%] Building CXX object CMakeFiles/doitgen.dir/linear-algebra/kernels/doitgen/doitgen.cpp.o
[ 50%] Building CXX object CMakeFiles/jacobi-2d.dir/stencils/jacobi-2d/jacobi-2d.cpp.o
[ 50%] Building CXX object CMakeFiles/trisolv.dir/linear-algebra/solvers/trisolv/trisolv.cpp.o
[ 50%] Building CXX object CMakeFiles/jacobi-1d.dir/stencils/jacobi-1d/jacobi-1d.cpp.o
[ 51%] Linking CXX executable gemver
[ 53%] Linking CXX executable gramschmidt
[ 55%] Linking CXX executable floyd-warshall
[ 55%] Built target floyd-warshall
[ 56%] Linking CXX executable syr2k
[ 58%] Linking CXX executable trmm
[ 60%] Linking CXX executable jacobi-1d
[ 61%] Linking CXX executable gemm
[ 63%] Linking CXX executable covariance
[ 65%] Linking CXX executable symm
[ 66%] Linking CXX executable jacobi-2d
[ 68%] Built target syr2k
[ 68%] Linking CXX executable cholesky
[ 68%] Built target trmm
[ 68%] Built target jacobi-1d
[ 68%] Built target gemm
[ 68%] Built target covariance
[ 70%] Linking CXX executable correlation
[ 70%] Built target symm
[ 70%] Built target jacobi-2d
[ 71%] Linking CXX executable syrk
[ 71%] Built target cholesky
[ 73%] Linking CXX executable doitgen
[ 73%] Built target correlation
[ 75%] Linking CXX executable heat-3d
[ 75%] Built target syrk
[ 75%] Built target doitgen
[ 75%] Built target heat-3d
[ 76%] Linking CXX executable atax
[ 78%] Linking CXX executable trisolv
[ 80%] Linking CXX executable bicg
[ 80%] Built target atax
[ 81%] Linking CXX executable nussinov
[ 81%] Built target trisolv
[ 81%] Built target bicg
[ 81%] Built target nussinov
[ 83%] Linking CXX executable mvt
[ 85%] Linking CXX executable ludcmp
[ 85%] Built target mvt
[ 85%] Built target ludcmp
Skipping halide all_hints cholesky repetition 4 for dataset size MINI (already done).
Skipping halide all_hints cholesky repetition 4 for dataset size MINI (already done).
Skipping halide all_hints heat-3d repetition 4 for dataset size MINI (already done).
Skipping halide all_hints heat-3d repetition 4 for dataset size MINI (already done).
Skipping halide all_hints ludcmp repetition 4 for dataset size MINI (already done).
Skipping halide all_hints ludcmp repetition 4 for dataset size MINI (already done).
Skipping halide all_hints nussinov repetition 4 for dataset size MINI (already done).
Skipping halide all_hints nussinov repetition 4 for dataset size MINI (already done).
Skipping halide all_hints syrk repetition 4 for dataset size MINI (already done).
Skipping halide all_hints syrk repetition 4 for dataset size MINI (already done).
-- The CXX compiler identification is GNU 15.2.0
-- Detecting CXX compiler ABI info
-- Detecting CXX compiler ABI info - done
-- Check for working CXX compiler: /usr/local/latestgcc/bin/g++ - skipped
-- Detecting CXX compile features
-- Detecting CXX compile features - done
-- Found Python: /home/kleplj/all_hints/gpt-querying/.venv/bin/python3.9 (found suitable version "3.9.21", minimum required is "3") found components: Interpreter Development.Module
-- Halide 'host' platform triple:   x86-64-linux
-- Halide 'cmake' platform triple:  x86-64-linux
-- Halide default AOT target:       host
-- Found ZLIB: /usr/lib64/libz.so (found version "1.2.11")
-- Could NOT find PNG (missing: PNG_LIBRARY PNG_PNG_INCLUDE_DIR) 
-- Could NOT find JPEG (missing: JPEG_LIBRARY JPEG_INCLUDE_DIR) 
-- Configuring done (0.7s)
-- Generating done (0.8s)
-- Build files have been written to: /home/kleplj/all_hints/optimization/all_hints/PolybenchC-Halide/build
[  5%] Building CXX object CMakeFiles/covariance.dir/datamining/covariance/covariance.cpp.o
[  6%] Building CXX object CMakeFiles/correlation.dir/datamining/correlation/correlation.cpp.o
[ 11%] Building CXX object CMakeFiles/gesummv.dir/linear-algebra/blas/gesummv/gesummv.cpp.o
[ 11%] Building CXX object CMakeFiles/gemm.dir/linear-algebra/blas/gemm/gemm.cpp.o
[ 16%] Building CXX object CMakeFiles/symm.dir/linear-algebra/blas/symm/symm.cpp.o
[ 16%] Building CXX object CMakeFiles/gemver.dir/linear-algebra/blas/gemver/gemver.cpp.o
[ 16%] Building CXX object CMakeFiles/syr2k.dir/linear-algebra/blas/syr2k/syr2k.cpp.o
[ 25%] Building CXX object CMakeFiles/2mm.dir/linear-algebra/kernels/2mm/2mm.cpp.o
[ 25%] Building CXX object CMakeFiles/trmm.dir/linear-algebra/blas/trmm/trmm.cpp.o
[ 25%] Building CXX object CMakeFiles/syrk.dir/linear-algebra/blas/syrk/syrk.cpp.o
[ 25%] Building CXX object CMakeFiles/3mm.dir/linear-algebra/kernels/3mm/3mm.cpp.o
[ 25%] Building CXX object CMakeFiles/bicg.dir/linear-algebra/kernels/bicg/bicg.cpp.o
[ 36%] Building CXX object CMakeFiles/trisolv.dir/linear-algebra/solvers/trisolv/trisolv.cpp.o
[ 50%] Building CXX object CMakeFiles/ludcmp.dir/linear-algebra/solvers/ludcmp/ludcmp.cpp.o
[ 50%] Building CXX object CMakeFiles/jacobi-1d.dir/stencils/jacobi-1d/jacobi-1d.cpp.o
[ 50%] Building CXX object CMakeFiles/heat-3d.dir/stencils/heat-3d/heat-3d.cpp.o
[ 50%] Building CXX object CMakeFiles/mvt.dir/linear-algebra/kernels/mvt/mvt.cpp.o
[ 50%] Building CXX object CMakeFiles/atax.dir/linear-algebra/kernels/atax/atax.cpp.o
[ 50%] Building CXX object CMakeFiles/durbin.dir/linear-algebra/solvers/durbin/durbin.cpp.o
[ 50%] Building CXX object CMakeFiles/gramschmidt.dir/linear-algebra/solvers/gramschmidt/gramschmidt.cpp.o
[ 50%] Building CXX object CMakeFiles/doitgen.dir/linear-algebra/kernels/doitgen/doitgen.cpp.o
[ 50%] Building CXX object CMakeFiles/cholesky.dir/linear-algebra/solvers/cholesky/cholesky.cpp.o
[ 50%] Building CXX object CMakeFiles/lu.dir/linear-algebra/solvers/lu/lu.cpp.o
[ 50%] Building CXX object CMakeFiles/deriche.dir/medley/deriche/deriche.cpp.o
[ 50%] Building CXX object CMakeFiles/adi.dir/stencils/adi/adi.cpp.o
[ 50%] Building CXX object CMakeFiles/fdtd-2d.dir/stencils/fdtd-2d/fdtd-2d.cpp.o
[ 50%] Building CXX object CMakeFiles/floyd-warshall.dir/medley/floyd-warshall/floyd-warshall.cpp.o
[ 50%] Building CXX object CMakeFiles/nussinov.dir/medley/nussinov/nussinov.cpp.o
[ 50%] Building CXX object CMakeFiles/seidel-2d.dir/stencils/seidel-2d/seidel-2d.cpp.o
[ 50%] Building CXX object CMakeFiles/jacobi-2d.dir/stencils/jacobi-2d/jacobi-2d.cpp.o
[ 51%] Linking CXX executable gemver
[ 53%] Linking CXX executable gramschmidt
[ 55%] Linking CXX executable cholesky
[ 56%] Linking CXX executable gemm
[ 58%] Linking CXX executable floyd-warshall
[ 60%] Linking CXX executable jacobi-1d
[ 60%] Built target cholesky
[ 60%] Built target gemm
[ 60%] Built target floyd-warshall
[ 60%] Built target jacobi-1d
[ 61%] Linking CXX executable 2mm
[ 63%] Linking CXX executable syr2k
[ 63%] Built target 2mm
[ 65%] Linking CXX executable correlation
[ 65%] Built target syr2k
[ 66%] Linking CXX executable 3mm
[ 66%] Built target correlation
[ 68%] Linking CXX executable bicg
[ 70%] Linking CXX executable heat-3d
[ 71%] Linking CXX executable doitgen
[ 73%] Linking CXX executable trisolv
[ 75%] Linking CXX executable gesummv
[ 75%] Built target 3mm
[ 75%] Built target bicg
[ 76%] Linking CXX executable atax
[ 76%] Built target heat-3d
[ 78%] Linking CXX executable mvt
[ 78%] Built target doitgen
[ 78%] Built target trisolv
[ 78%] Built target gesummv
[ 78%] Built target atax
[ 78%] Built target mvt
[ 80%] Linking CXX executable nussinov
[ 81%] Linking CXX executable fdtd-2d
[ 81%] Built target nussinov
[ 81%] Built target fdtd-2d
Skipping halide all_hints bicg repetition 5 for dataset size MINI (already done).
Skipping halide all_hints bicg repetition 5 for dataset size MINI (already done).
Skipping halide all_hints fdtd-2d repetition 5 for dataset size MINI (already done).
Skipping halide all_hints fdtd-2d repetition 5 for dataset size MINI (already done).
Skipping halide all_hints heat-3d repetition 5 for dataset size MINI (already done).
Skipping halide all_hints heat-3d repetition 5 for dataset size MINI (already done).
Skipping halide all_hints mvt repetition 5 for dataset size MINI (already done).
Skipping halide all_hints mvt repetition 5 for dataset size MINI (already done).
Generated C for 'gemm' in /home/kleplj/all_hints/optimization/all_hints/PolybenchC-Exo/build/generated/gemm
Built gemm executable.
Generated C for 'gemver' in /home/kleplj/all_hints/optimization/all_hints/PolybenchC-Exo/build/generated/gemver
Built gemver executable.
Generated C for 'gesummv' in /home/kleplj/all_hints/optimization/all_hints/PolybenchC-Exo/build/generated/gesummv
Generated C for 'symm' in /home/kleplj/all_hints/optimization/all_hints/PolybenchC-Exo/build/generated/symm
Generated C for 'syr2k' in /home/kleplj/all_hints/optimization/all_hints/PolybenchC-Exo/build/generated/syr2k
Built syr2k executable.
Generated C for 'syrk' in /home/kleplj/all_hints/optimization/all_hints/PolybenchC-Exo/build/generated/syrk
Built syrk executable.
Generated C for 'trmm' in /home/kleplj/all_hints/optimization/all_hints/PolybenchC-Exo/build/generated/trmm
Built trmm executable.
Generated C for 'atax' in /home/kleplj/all_hints/optimization/all_hints/PolybenchC-Exo/build/generated/atax
Built atax executable.
Generated C for 'doitgen' in /home/kleplj/all_hints/optimization/all_hints/PolybenchC-Exo/build/generated/doitgen
Built doitgen executable.
Generated C for 'mvt' in /home/kleplj/all_hints/optimization/all_hints/PolybenchC-Exo/build/generated/mvt
Built mvt executable.
Generated C for 'cholesky' in /home/kleplj/all_hints/optimization/all_hints/PolybenchC-Exo/build/generated/cholesky
Built cholesky executable.
Generated C for 'durbin' in /home/kleplj/all_hints/optimization/all_hints/PolybenchC-Exo/build/generated/durbin
Built durbin executable.
Generated C for 'gramschmidt' in /home/kleplj/all_hints/optimization/all_hints/PolybenchC-Exo/build/generated/gramschmidt
Built gramschmidt executable.
Generated C for 'lu' in /home/kleplj/all_hints/optimization/all_hints/PolybenchC-Exo/build/generated/lu
Built lu executable.
Generated C for 'trisolv' in /home/kleplj/all_hints/optimization/all_hints/PolybenchC-Exo/build/generated/trisolv
Built trisolv executable.
Generated C for 'correlation' in /home/kleplj/all_hints/optimization/all_hints/PolybenchC-Exo/build/generated/correlation
Built correlation executable.
Generated C for 'covariance' in /home/kleplj/all_hints/optimization/all_hints/PolybenchC-Exo/build/generated/covariance
Built covariance executable.
Generated C for 'adi' in /home/kleplj/all_hints/optimization/all_hints/PolybenchC-Exo/build/generated/adi
Built adi executable.
Generated C for 'heat-3d' in /home/kleplj/all_hints/optimization/all_hints/PolybenchC-Exo/build/generated/heat-3d
Built heat-3d executable.
Generated C for 'jacobi-1d' in /home/kleplj/all_hints/optimization/all_hints/PolybenchC-Exo/build/generated/jacobi-1d
Built jacobi-1d executable.
Generated C for 'seidel-2d' in /home/kleplj/all_hints/optimization/all_hints/PolybenchC-Exo/build/generated/seidel-2d
Built seidel-2d executable.
Generated C for 'deriche' in /home/kleplj/all_hints/optimization/all_hints/PolybenchC-Exo/build/generated/deriche
Built deriche executable.
Generated C for 'floyd-warshall' in /home/kleplj/all_hints/optimization/all_hints/PolybenchC-Exo/build/generated/floyd-warshall
Built floyd-warshall executable.
Exo build complete. Generated sources in: /home/kleplj/all_hints/optimization/all_hints/PolybenchC-Exo/build
Removing temp dir /tmp/slurm.151222/tmp.afIGQ6csKt
Skipping exo all_hints adi repetition 1 for dataset size MINI (already done).
Skipping exo all_hints adi repetition 1 for dataset size MINI (already done).
Skipping exo all_hints atax repetition 1 for dataset size MINI (already done).
Skipping exo all_hints atax repetition 1 for dataset size MINI (already done).
Skipping exo all_hints cholesky repetition 1 for dataset size MINI (already done).
Skipping exo all_hints cholesky repetition 1 for dataset size MINI (already done).
Skipping exo all_hints correlation repetition 1 for dataset size MINI (already done).
Skipping exo all_hints correlation repetition 1 for dataset size MINI (already done).
Skipping exo all_hints covariance repetition 1 for dataset size MINI (already done).
Skipping exo all_hints covariance repetition 1 for dataset size MINI (already done).
Skipping exo all_hints deriche repetition 1 for dataset size MINI (already done).
Skipping exo all_hints deriche repetition 1 for dataset size MINI (already done).
Skipping exo all_hints doitgen repetition 1 for dataset size MINI (already done).
Skipping exo all_hints doitgen repetition 1 for dataset size MINI (already done).
Skipping exo all_hints durbin repetition 1 for dataset size MINI (already done).
Skipping exo all_hints durbin repetition 1 for dataset size MINI (already done).
Skipping exo all_hints floyd-warshall repetition 1 for dataset size MINI (already done).
Skipping exo all_hints floyd-warshall repetition 1 for dataset size MINI (already done).
Skipping exo all_hints gemm repetition 1 for dataset size MINI (already done).
Skipping exo all_hints gemm repetition 1 for dataset size MINI (already done).
Skipping exo all_hints gemver repetition 1 for dataset size MINI (already done).
Skipping exo all_hints gemver repetition 1 for dataset size MINI (already done).
Skipping exo all_hints heat-3d repetition 1 for dataset size MINI (already done).
Skipping exo all_hints heat-3d repetition 1 for dataset size MINI (already done).
Skipping exo all_hints jacobi-1d repetition 1 for dataset size MINI (already done).
Skipping exo all_hints jacobi-1d repetition 1 for dataset size MINI (already done).
Skipping exo all_hints lu repetition 1 for dataset size MINI (already done).
Skipping exo all_hints lu repetition 1 for dataset size MINI (already done).
Skipping exo all_hints mvt repetition 1 for dataset size MINI (already done).
Skipping exo all_hints mvt repetition 1 for dataset size MINI (already done).
Skipping exo all_hints seidel-2d repetition 1 for dataset size MINI (already done).
Skipping exo all_hints seidel-2d repetition 1 for dataset size MINI (already done).
Skipping exo all_hints syr2k repetition 1 for dataset size MINI (already done).
Skipping exo all_hints syr2k repetition 1 for dataset size MINI (already done).
Skipping exo all_hints syrk repetition 1 for dataset size MINI (already done).
Skipping exo all_hints syrk repetition 1 for dataset size MINI (already done).
Skipping exo all_hints trisolv repetition 1 for dataset size MINI (already done).
Skipping exo all_hints trisolv repetition 1 for dataset size MINI (already done).
Skipping exo all_hints trmm repetition 1 for dataset size MINI (already done).
Skipping exo all_hints trmm repetition 1 for dataset size MINI (already done).
Generated C for 'gemm' in /home/kleplj/all_hints/optimization/all_hints/PolybenchC-Exo/build/generated/gemm
Built gemm executable.
Generated C for 'gemver' in /home/kleplj/all_hints/optimization/all_hints/PolybenchC-Exo/build/generated/gemver
Built gemver executable.
Generated C for 'gesummv' in /home/kleplj/all_hints/optimization/all_hints/PolybenchC-Exo/build/generated/gesummv
Built gesummv executable.
Generated C for 'symm' in /home/kleplj/all_hints/optimization/all_hints/PolybenchC-Exo/build/generated/symm
Built symm executable.
Generated C for 'syr2k' in /home/kleplj/all_hints/optimization/all_hints/PolybenchC-Exo/build/generated/syr2k
Built syr2k executable.
Generated C for 'syrk' in /home/kleplj/all_hints/optimization/all_hints/PolybenchC-Exo/build/generated/syrk
Built syrk executable.
Generated C for 'trmm' in /home/kleplj/all_hints/optimization/all_hints/PolybenchC-Exo/build/generated/trmm
Built trmm executable.
Generated C for '2mm' in /home/kleplj/all_hints/optimization/all_hints/PolybenchC-Exo/build/generated/2mm
-- The C compiler identification is GNU 15.2.0
-- Detecting C compiler ABI info
-- Detecting C compiler ABI info - done
-- Check for working C compiler: /usr/local/latestgcc/bin/gcc - skipped
-- Detecting C compile features
-- Detecting C compile features - done
-- Configuring done (0.4s)
-- Generating done (0.8s)
-- Build files have been written to: /home/kleplj/all_hints/optimization/all_hints/PolybenchC-4.2.1/build
[  5%] Building C object CMakeFiles/covariance.dir/utilities/polybench.c.o
[  5%] Building C object CMakeFiles/correlation.dir/datamining/correlation/correlation.c.o
[  5%] Building C object CMakeFiles/covariance.dir/datamining/covariance/covariance.c.o
[ 14%] Building C object CMakeFiles/durbin.dir/linear-algebra/solvers/durbin/durbin.c.o
[ 14%] Building C object CMakeFiles/lu.dir/linear-algebra/solvers/lu/lu.c.o
[ 14%] Building C object CMakeFiles/cholesky.dir/utilities/polybench.c.o
[ 14%] Building C object CMakeFiles/gemm.dir/linear-algebra/blas/gemm/gemm.c.o
[ 14%] Building C object CMakeFiles/correlation.dir/utilities/polybench.c.o
[ 14%] Building C object CMakeFiles/lu.dir/utilities/polybench.c.o
[ 14%] Building C object CMakeFiles/gramschmidt.dir/linear-algebra/solvers/gramschmidt/gramschmidt.c.o
[ 14%] Building C object CMakeFiles/cholesky.dir/linear-algebra/solvers/cholesky/cholesky.c.o
[ 44%] Building C object CMakeFiles/atax.dir/linear-algebra/kernels/atax/atax.c.o
[ 44%] Building C object CMakeFiles/symm.dir/utilities/polybench.c.o
[ 66%] Building C object CMakeFiles/syr2k.dir/linear-algebra/blas/syr2k/syr2k.c.o
[ 66%] Building C object CMakeFiles/symm.dir/linear-algebra/blas/symm/symm.c.o
[ 66%] Building C object CMakeFiles/gemver.dir/utilities/polybench.c.o
[ 66%] Building C object CMakeFiles/gemm.dir/utilities/polybench.c.o
[ 66%] Building C object CMakeFiles/3mm.dir/utilities/polybench.c.o
[ 66%] Building C object CMakeFiles/bicg.dir/utilities/polybench.c.o
[ 66%] Building C object CMakeFiles/gemver.dir/linear-algebra/blas/gemver/gemver.c.o
[ 66%] Building C object CMakeFiles/trisolv.dir/utilities/polybench.c.o
[ 66%] Building C object CMakeFiles/syrk.dir/utilities/polybench.c.o
[ 66%] Building C object CMakeFiles/gramschmidt.dir/utilities/polybench.c.o
[ 66%] Building C object CMakeFiles/syr2k.dir/utilities/polybench.c.o
[ 66%] Building C object CMakeFiles/fdtd-2d.dir/utilities/polybench.c.o
[ 66%] Building C object CMakeFiles/heat-3d.dir/stencils/heat-3d/heat-3d.c.o
[ 66%] Building C object CMakeFiles/trisolv.dir/linear-algebra/solvers/trisolv/trisolv.c.o
[ 66%] Building C object CMakeFiles/ludcmp.dir/utilities/polybench.c.o
[ 66%] Building C object CMakeFiles/floyd-warshall.dir/medley/floyd-warshall/floyd-warshall.c.o
[ 66%] Building C object CMakeFiles/deriche.dir/utilities/polybench.c.o
[ 66%] Building C object CMakeFiles/nussinov.dir/utilities/polybench.c.o
[ 66%] Building C object CMakeFiles/atax.dir/utilities/polybench.c.o
[ 66%] Building C object CMakeFiles/3mm.dir/linear-algebra/kernels/3mm/3mm.c.o
[ 66%] Building C object CMakeFiles/2mm.dir/utilities/polybench.c.o
[ 66%] Building C object CMakeFiles/jacobi-2d.dir/utilities/polybench.c.o
[ 66%] Building C object CMakeFiles/bicg.dir/linear-algebra/kernels/bicg/bicg.c.o
[ 66%] Building C object CMakeFiles/ludcmp.dir/linear-algebra/solvers/ludcmp/ludcmp.c.o
[ 66%] Building C object CMakeFiles/durbin.dir/utilities/polybench.c.o
[ 66%] Building C object CMakeFiles/trmm.dir/linear-algebra/blas/trmm/trmm.c.o
[ 66%] Building C object CMakeFiles/gesummv.dir/linear-algebra/blas/gesummv/gesummv.c.o
[ 66%] Building C object CMakeFiles/doitgen.dir/utilities/polybench.c.o
[ 66%] Building C object CMakeFiles/floyd-warshall.dir/utilities/polybench.c.o
[ 66%] Building C object CMakeFiles/jacobi-2d.dir/stencils/jacobi-2d/jacobi-2d.c.o
[ 66%] Building C object CMakeFiles/jacobi-1d.dir/stencils/jacobi-1d/jacobi-1d.c.o
[ 66%] Building C object CMakeFiles/seidel-2d.dir/utilities/polybench.c.o
[ 66%] Building C object CMakeFiles/jacobi-1d.dir/utilities/polybench.c.o
[ 66%] Building C object CMakeFiles/seidel-2d.dir/stencils/seidel-2d/seidel-2d.c.o
[ 66%] Building C object CMakeFiles/deriche.dir/medley/deriche/deriche.c.o
[ 66%] Building C object CMakeFiles/nussinov.dir/medley/nussinov/nussinov.c.o
[ 66%] Building C object CMakeFiles/doitgen.dir/linear-algebra/kernels/doitgen/doitgen.c.o
[ 66%] Building C object CMakeFiles/adi.dir/stencils/adi/adi.c.o
[ 66%] Building C object CMakeFiles/gesummv.dir/utilities/polybench.c.o
[ 66%] Building C object CMakeFiles/2mm.dir/linear-algebra/kernels/2mm/2mm.c.o
[ 66%] Building C object CMakeFiles/fdtd-2d.dir/stencils/fdtd-2d/fdtd-2d.c.o
[ 66%] Building C object CMakeFiles/syrk.dir/linear-algebra/blas/syrk/syrk.c.o
[ 66%] Building C object CMakeFiles/heat-3d.dir/utilities/polybench.c.o
[ 66%] Building C object CMakeFiles/adi.dir/utilities/polybench.c.o
[ 66%] Building C object CMakeFiles/mvt.dir/utilities/polybench.c.o
[ 66%] Building C object CMakeFiles/mvt.dir/linear-algebra/kernels/mvt/mvt.c.o
[ 66%] Building C object CMakeFiles/trmm.dir/utilities/polybench.c.o
[ 67%] Linking C executable trisolv
[ 68%] Linking C executable nussinov
[ 70%] Linking C executable correlation
[ 73%] Linking C executable jacobi-1d
[ 73%] Linking C executable durbin
[ 73%] Linking C executable cholesky
[ 75%] Linking C executable atax
[ 75%] Linking C executable deriche
[ 77%] Linking C executable bicg
[ 77%] Linking C executable gesummv
[ 78%] Linking C executable jacobi-2d
[ 81%] Linking C executable syrk
[ 82%] Linking C executable gramschmidt
[ 82%] Linking C executable covariance
[ 82%] Built target trisolv
[ 82%] Built target nussinov
[ 83%] Linking C executable trmm
[ 85%] Linking C executable floyd-warshall
[ 85%] Linking C executable mvt
[ 86%] Linking C executable doitgen
[ 88%] Linking C executable seidel-2d
[ 88%] Linking C executable adi
[ 88%] Built target correlation
[ 90%] Linking C executable gemm
[ 90%] Built target durbin
[ 90%] Built target jacobi-1d
[ 90%] Built target cholesky
[ 90%] Built target atax
[ 91%] Built target deriche
[ 91%] Linking C executable gemver
[ 92%] Linking C executable lu
[ 92%] Built target gesummv
[ 93%] Built target bicg
[ 93%] Linking C executable 2mm
[ 93%] Built target jacobi-2d
[ 95%] Built target gramschmidt
[ 95%] Linking C executable fdtd-2d
[ 95%] Linking C executable syr2k
[ 95%] Built target syrk
[ 95%] Built target covariance
[ 95%] Built target trmm
[ 95%] Built target floyd-warshall
[ 96%] Built target doitgen
[ 96%] Linking C executable symm
[ 96%] Built target mvt
[ 96%] Built target seidel-2d
[ 97%] Built target adi
[ 97%] Linking C executable heat-3d
[ 97%] Built target gemm
[ 97%] Built target lu
[ 97%] Built target gemver
[ 97%] Built target 2mm
[ 98%] Linking C executable 3mm
[ 98%] Built target syr2k
[ 98%] Built target fdtd-2d
[ 98%] Built target symm
[ 98%] Built target heat-3d
[ 98%] Built target 3mm
[100%] Linking C executable ludcmp
[100%] Built target ludcmp
Skipping c all_hints 2mm repetition 1 for dataset size MINI (already done).
Skipping c all_hints 2mm repetition 1 for dataset size MINI (already done).
Skipping c all_hints 3mm repetition 1 for dataset size MINI (already done).
Skipping c all_hints 3mm repetition 1 for dataset size MINI (already done).
Skipping c all_hints adi repetition 1 for dataset size MINI (already done).
Skipping c all_hints adi repetition 1 for dataset size MINI (already done).
Skipping c all_hints atax repetition 1 for dataset size MINI (already done).
Skipping c all_hints atax repetition 1 for dataset size MINI (already done).
Skipping c all_hints bicg repetition 1 for dataset size MINI (already done).
Skipping c all_hints bicg repetition 1 for dataset size MINI (already done).
Skipping c all_hints cholesky repetition 1 for dataset size MINI (already done).
Skipping c all_hints cholesky repetition 1 for dataset size MINI (already done).
Skipping c all_hints correlation repetition 1 for dataset size MINI (already done).
Skipping c all_hints correlation repetition 1 for dataset size MINI (already done).
Skipping c all_hints covariance repetition 1 for dataset size MINI (already done).
Skipping c all_hints covariance repetition 1 for dataset size MINI (already done).
Skipping c all_hints deriche repetition 1 for dataset size MINI (already done).
Skipping c all_hints deriche repetition 1 for dataset size MINI (already done).
Skipping c all_hints doitgen repetition 1 for dataset size MINI (already done).
Skipping c all_hints doitgen repetition 1 for dataset size MINI (already done).
Skipping c all_hints durbin repetition 1 for dataset size MINI (already done).
Skipping c all_hints durbin repetition 1 for dataset size MINI (already done).
Skipping c all_hints fdtd-2d repetition 1 for dataset size MINI (already done).
Skipping c all_hints fdtd-2d repetition 1 for dataset size MINI (already done).
Skipping c all_hints floyd-warshall repetition 1 for dataset size MINI (already done).
Skipping c all_hints floyd-warshall repetition 1 for dataset size MINI (already done).
Skipping c all_hints gemm repetition 1 for dataset size MINI (already done).
Skipping c all_hints gemm repetition 1 for dataset size MINI (already done).
Skipping c all_hints gemver repetition 1 for dataset size MINI (already done).
Skipping c all_hints gemver repetition 1 for dataset size MINI (already done).
Skipping c all_hints gesummv repetition 1 for dataset size MINI (already done).
Skipping c all_hints gesummv repetition 1 for dataset size MINI (already done).
Skipping c all_hints heat-3d repetition 1 for dataset size MINI (already done).
Skipping c all_hints heat-3d repetition 1 for dataset size MINI (already done).
Skipping c all_hints jacobi-1d repetition 1 for dataset size MINI (already done).
Skipping c all_hints jacobi-1d repetition 1 for dataset size MINI (already done).
Skipping c all_hints jacobi-2d repetition 1 for dataset size MINI (already done).
Skipping c all_hints jacobi-2d repetition 1 for dataset size MINI (already done).
Skipping c all_hints lu repetition 1 for dataset size MINI (already done).
Skipping c all_hints lu repetition 1 for dataset size MINI (already done).
Skipping c all_hints ludcmp repetition 1 for dataset size MINI (already done).
Skipping c all_hints ludcmp repetition 1 for dataset size MINI (already done).
Skipping c all_hints mvt repetition 1 for dataset size MINI (already done).
Skipping c all_hints mvt repetition 1 for dataset size MINI (already done).
Skipping c all_hints nussinov repetition 1 for dataset size MINI (already done).
Skipping c all_hints nussinov repetition 1 for dataset size MINI (already done).
Skipping c all_hints seidel-2d repetition 1 for dataset size MINI (already done).
Skipping c all_hints seidel-2d repetition 1 for dataset size MINI (already done).
Skipping c all_hints symm repetition 1 for dataset size MINI (already done).
Skipping c all_hints symm repetition 1 for dataset size MINI (already done).
Skipping c all_hints syr2k repetition 1 for dataset size MINI (already done).
Skipping c all_hints syr2k repetition 1 for dataset size MINI (already done).
Skipping c all_hints syrk repetition 1 for dataset size MINI (already done).
Skipping c all_hints syrk repetition 1 for dataset size MINI (already done).
Skipping c all_hints trmm repetition 1 for dataset size MINI (already done).
Skipping c all_hints trmm repetition 1 for dataset size MINI (already done).
-- The C compiler identification is GNU 15.2.0
-- Detecting C compiler ABI info
-- Detecting C compiler ABI info - done
-- Check for working C compiler: /usr/local/latestgcc/bin/gcc - skipped
-- Detecting C compile features
-- Detecting C compile features - done
-- Configuring done (0.4s)
-- Generating done (0.8s)
-- Build files have been written to: /home/kleplj/all_hints/optimization/all_hints/PolybenchC-4.2.1/build
[  6%] Building C object CMakeFiles/correlation.dir/datamining/correlation/correlation.c.o
[  6%] Building C object CMakeFiles/gramschmidt.dir/linear-algebra/solvers/gramschmidt/gramschmidt.c.o
[  6%] Building C object CMakeFiles/covariance.dir/utilities/polybench.c.o
[  6%] Building C object CMakeFiles/covariance.dir/datamining/covariance/covariance.c.o
[ 14%] Building C object CMakeFiles/cholesky.dir/linear-algebra/solvers/cholesky/cholesky.c.o
[ 14%] Building C object CMakeFiles/durbin.dir/linear-algebra/solvers/durbin/durbin.c.o
[ 14%] Building C object CMakeFiles/ludcmp.dir/linear-algebra/solvers/ludcmp/ludcmp.c.o
[ 14%] Building C object CMakeFiles/correlation.dir/utilities/polybench.c.o
[ 14%] Building C object CMakeFiles/lu.dir/linear-algebra/solvers/lu/lu.c.o
[ 14%] Building C object CMakeFiles/trisolv.dir/linear-algebra/solvers/trisolv/trisolv.c.o
[ 44%] Building C object CMakeFiles/mvt.dir/utilities/polybench.c.o
[ 66%] Building C object CMakeFiles/syr2k.dir/utilities/polybench.c.o
[ 66%] Building C object CMakeFiles/ludcmp.dir/utilities/polybench.c.o
[ 66%] Building C object CMakeFiles/syrk.dir/linear-algebra/blas/syrk/syrk.c.o
[ 66%] Building C object CMakeFiles/3mm.dir/linear-algebra/kernels/3mm/3mm.c.o
[ 66%] Building C object CMakeFiles/gramschmidt.dir/utilities/polybench.c.o
[ 66%] Building C object CMakeFiles/gemm.dir/linear-algebra/blas/gemm/gemm.c.o
[ 66%] Building C object CMakeFiles/mvt.dir/linear-algebra/kernels/mvt/mvt.c.o
[ 66%] Building C object CMakeFiles/trisolv.dir/utilities/polybench.c.o
[ 66%] Building C object CMakeFiles/lu.dir/utilities/polybench.c.o
[ 66%] Building C object CMakeFiles/trmm.dir/linear-algebra/blas/trmm/trmm.c.o
[ 66%] Building C object CMakeFiles/cholesky.dir/utilities/polybench.c.o
[ 66%] Building C object CMakeFiles/bicg.dir/utilities/polybench.c.o
[ 66%] Building C object CMakeFiles/gemm.dir/utilities/polybench.c.o
[ 66%] Building C object CMakeFiles/symm.dir/linear-algebra/blas/symm/symm.c.o
[ 66%] Building C object CMakeFiles/heat-3d.dir/stencils/heat-3d/heat-3d.c.o
[ 66%] Building C object CMakeFiles/seidel-2d.dir/utilities/polybench.c.o
[ 66%] Building C object CMakeFiles/fdtd-2d.dir/utilities/polybench.c.o
[ 66%] Building C object CMakeFiles/seidel-2d.dir/stencils/seidel-2d/seidel-2d.c.o
[ 66%] Building C object CMakeFiles/jacobi-1d.dir/utilities/polybench.c.o
[ 66%] Building C object CMakeFiles/trmm.dir/utilities/polybench.c.o
[ 66%] Building C object CMakeFiles/adi.dir/stencils/adi/adi.c.o
[ 66%] Building C object CMakeFiles/doitgen.dir/utilities/polybench.c.o
[ 66%] Building C object CMakeFiles/doitgen.dir/linear-algebra/kernels/doitgen/doitgen.c.o
[ 66%] Building C object CMakeFiles/floyd-warshall.dir/utilities/polybench.c.o
[ 66%] Building C object CMakeFiles/atax.dir/utilities/polybench.c.o
[ 66%] Building C object CMakeFiles/gemver.dir/linear-algebra/blas/gemver/gemver.c.o
[ 66%] Building C object CMakeFiles/jacobi-2d.dir/utilities/polybench.c.o
[ 66%] Building C object CMakeFiles/floyd-warshall.dir/medley/floyd-warshall/floyd-warshall.c.o
[ 66%] Building C object CMakeFiles/durbin.dir/utilities/polybench.c.o
[ 66%] Building C object CMakeFiles/atax.dir/linear-algebra/kernels/atax/atax.c.o
[ 66%] Building C object CMakeFiles/gesummv.dir/utilities/polybench.c.o
[ 66%] Building C object CMakeFiles/3mm.dir/utilities/polybench.c.o
[ 66%] Building C object CMakeFiles/jacobi-1d.dir/stencils/jacobi-1d/jacobi-1d.c.o
[ 66%] Building C object CMakeFiles/fdtd-2d.dir/stencils/fdtd-2d/fdtd-2d.c.o
[ 66%] Building C object CMakeFiles/nussinov.dir/utilities/polybench.c.o
[ 66%] Building C object CMakeFiles/deriche.dir/utilities/polybench.c.o
[ 66%] Building C object CMakeFiles/adi.dir/utilities/polybench.c.o
[ 66%] Building C object CMakeFiles/syrk.dir/utilities/polybench.c.o
[ 66%] Building C object CMakeFiles/bicg.dir/linear-algebra/kernels/bicg/bicg.c.o
[ 66%] Building C object CMakeFiles/symm.dir/utilities/polybench.c.o
[ 66%] Building C object CMakeFiles/jacobi-2d.dir/stencils/jacobi-2d/jacobi-2d.c.o
[ 66%] Building C object CMakeFiles/gesummv.dir/linear-algebra/blas/gesummv/gesummv.c.o
[ 66%] Building C object CMakeFiles/heat-3d.dir/utilities/polybench.c.o
[ 66%] Building C object CMakeFiles/2mm.dir/utilities/polybench.c.o
[ 66%] Building C object CMakeFiles/nussinov.dir/medley/nussinov/nussinov.c.o
[ 66%] Building C object CMakeFiles/2mm.dir/linear-algebra/kernels/2mm/2mm.c.o
[ 66%] Building C object CMakeFiles/gemver.dir/utilities/polybench.c.o
[ 66%] Building C object CMakeFiles/deriche.dir/medley/deriche/deriche.c.o
[ 66%] Building C object CMakeFiles/syr2k.dir/linear-algebra/blas/syr2k/syr2k.c.o
[ 67%] Linking C executable seidel-2d
[ 68%] Linking C executable trisolv
[ 70%] Linking C executable syr2k
[ 71%] Linking C executable covariance
[ 74%] Linking C executable syrk
[ 74%] Linking C executable trmm
[ 74%] Linking C executable symm
[ 74%] Built target seidel-2d
[ 75%] Linking C executable jacobi-1d
[ 76%] Linking C executable gesummv
[ 76%] Built target trisolv
[ 77%] Linking C executable lu
[ 80%] Linking C executable jacobi-2d
[ 80%] Linking C executable mvt
[ 80%] Built target syr2k
[ 82%] Linking C executable gemver
[ 82%] Linking C executable deriche
[ 83%] Linking C executable cholesky
[ 83%] Built target covariance
[ 84%] Linking C executable gemm
[ 85%] Linking C executable adi
[ 86%] Built target syrk
[ 86%] Built target trmm
[ 86%] Linking C executable 2mm
[ 86%] Built target symm
[ 87%] Linking C executable correlation
[ 87%] Built target jacobi-1d
[ 87%] Built target gesummv
[ 87%] Built target lu
[ 88%] Linking C executable fdtd-2d
[ 90%] Built target mvt
[ 90%] Linking C executable gramschmidt
[ 90%] Built target jacobi-2d
[ 90%] Built target gemver
[ 90%] Built target deriche
[ 90%] Built target cholesky
[ 91%] Linking C executable 3mm
[ 91%] Built target gemm
[ 92%] Linking C executable doitgen
[ 93%] Linking C executable atax
[ 93%] Built target adi
[ 93%] Built target 2mm
[ 93%] Built target correlation
[ 94%] Linking C executable floyd-warshall
[ 95%] Linking C executable ludcmp
[ 95%] Built target fdtd-2d
[ 95%] Built target gramschmidt
[ 95%] Built target 3mm
[ 95%] Built target doitgen
[ 95%] Built target atax
[ 95%] Built target floyd-warshall
[ 95%] Built target ludcmp
Skipping c all_hints 2mm repetition 2 for dataset size MINI (already done).
Skipping c all_hints 2mm repetition 2 for dataset size MINI (already done).
Skipping c all_hints 3mm repetition 2 for dataset size MINI (already done).
Skipping c all_hints 3mm repetition 2 for dataset size MINI (already done).
Skipping c all_hints adi repetition 2 for dataset size MINI (already done).
Skipping c all_hints adi repetition 2 for dataset size MINI (already done).
Skipping c all_hints atax repetition 2 for dataset size MINI (already done).
Skipping c all_hints atax repetition 2 for dataset size MINI (already done).
Skipping c all_hints cholesky repetition 2 for dataset size MINI (already done).
Skipping c all_hints cholesky repetition 2 for dataset size MINI (already done).
Skipping c all_hints correlation repetition 2 for dataset size MINI (already done).
Skipping c all_hints correlation repetition 2 for dataset size MINI (already done).
Skipping c all_hints covariance repetition 2 for dataset size MINI (already done).
Skipping c all_hints covariance repetition 2 for dataset size MINI (already done).
Skipping c all_hints deriche repetition 2 for dataset size MINI (already done).
Skipping c all_hints deriche repetition 2 for dataset size MINI (already done).
Skipping c all_hints doitgen repetition 2 for dataset size MINI (already done).
Skipping c all_hints doitgen repetition 2 for dataset size MINI (already done).
Skipping c all_hints fdtd-2d repetition 2 for dataset size MINI (already done).
Skipping c all_hints fdtd-2d repetition 2 for dataset size MINI (already done).
Skipping c all_hints floyd-warshall repetition 2 for dataset size MINI (already done).
Skipping c all_hints floyd-warshall repetition 2 for dataset size MINI (already done).
Skipping c all_hints gemm repetition 2 for dataset size MINI (already done).
Skipping c all_hints gemm repetition 2 for dataset size MINI (already done).
Skipping c all_hints gemver repetition 2 for dataset size MINI (already done).
Skipping c all_hints gemver repetition 2 for dataset size MINI (already done).
Skipping c all_hints gesummv repetition 2 for dataset size MINI (already done).
Skipping c all_hints gesummv repetition 2 for dataset size MINI (already done).
Skipping c all_hints jacobi-1d repetition 2 for dataset size MINI (already done).
Skipping c all_hints jacobi-1d repetition 2 for dataset size MINI (already done).
Skipping c all_hints jacobi-2d repetition 2 for dataset size MINI (already done).
Skipping c all_hints jacobi-2d repetition 2 for dataset size MINI (already done).
Skipping c all_hints lu repetition 2 for dataset size MINI (already done).
Skipping c all_hints lu repetition 2 for dataset size MINI (already done).
Skipping c all_hints ludcmp repetition 2 for dataset size MINI (already done).
Skipping c all_hints ludcmp repetition 2 for dataset size MINI (already done).
Skipping c all_hints mvt repetition 2 for dataset size MINI (already done).
Skipping c all_hints mvt repetition 2 for dataset size MINI (already done).
Skipping c all_hints seidel-2d repetition 2 for dataset size MINI (already done).
Skipping c all_hints seidel-2d repetition 2 for dataset size MINI (already done).
Skipping c all_hints symm repetition 2 for dataset size MINI (already done).
Skipping c all_hints symm repetition 2 for dataset size MINI (already done).
Skipping c all_hints syr2k repetition 2 for dataset size MINI (already done).
Skipping c all_hints syr2k repetition 2 for dataset size MINI (already done).
Skipping c all_hints syrk repetition 2 for dataset size MINI (already done).
Skipping c all_hints syrk repetition 2 for dataset size MINI (already done).
Skipping c all_hints trmm repetition 2 for dataset size MINI (already done).
Skipping c all_hints trmm repetition 2 for dataset size MINI (already done).
-- The C compiler identification is GNU 15.2.0
-- Detecting C compiler ABI info
-- Detecting C compiler ABI info - done
-- Check for working C compiler: /usr/local/latestgcc/bin/gcc - skipped
-- Detecting C compile features
-- Detecting C compile features - done
-- Configuring done (0.4s)
-- Generating done (0.8s)
-- Build files have been written to: /home/kleplj/all_hints/optimization/all_hints/PolybenchC-4.2.1/build
[  7%] Building C object CMakeFiles/correlation.dir/datamining/correlation/correlation.c.o
[  7%] Building C object CMakeFiles/covariance.dir/datamining/covariance/covariance.c.o
[  7%] Building C object CMakeFiles/covariance.dir/utilities/polybench.c.o
[  7%] Building C object CMakeFiles/lu.dir/linear-algebra/solvers/lu/lu.c.o
[  7%] Building C object CMakeFiles/correlation.dir/utilities/polybench.c.o
[ 22%] Building C object CMakeFiles/cholesky.dir/linear-algebra/solvers/cholesky/cholesky.c.o
[ 66%] Building C object CMakeFiles/trmm.dir/linear-algebra/blas/trmm/trmm.c.o
[ 66%] Building C object CMakeFiles/lu.dir/utilities/polybench.c.o
[ 66%] Building C object CMakeFiles/syr2k.dir/linear-algebra/blas/syr2k/syr2k.c.o
[ 66%] Building C object CMakeFiles/trisolv.dir/linear-algebra/solvers/trisolv/trisolv.c.o
[ 66%] Building C object CMakeFiles/cholesky.dir/utilities/polybench.c.o
[ 66%] Building C object CMakeFiles/trisolv.dir/utilities/polybench.c.o
[ 66%] Building C object CMakeFiles/durbin.dir/linear-algebra/solvers/durbin/durbin.c.o
[ 66%] Building C object CMakeFiles/2mm.dir/utilities/polybench.c.o
[ 66%] Building C object CMakeFiles/adi.dir/stencils/adi/adi.c.o
[ 66%] Building C object CMakeFiles/floyd-warshall.dir/utilities/polybench.c.o
[ 66%] Building C object CMakeFiles/gramschmidt.dir/linear-algebra/solvers/gramschmidt/gramschmidt.c.o
[ 66%] Building C object CMakeFiles/seidel-2d.dir/stencils/seidel-2d/seidel-2d.c.o
[ 66%] Building C object CMakeFiles/jacobi-1d.dir/utilities/polybench.c.o
[ 66%] Building C object CMakeFiles/deriche.dir/medley/deriche/deriche.c.o
[ 66%] Building C object CMakeFiles/doitgen.dir/utilities/polybench.c.o
[ 66%] Building C object CMakeFiles/fdtd-2d.dir/utilities/polybench.c.o
[ 66%] Building C object CMakeFiles/seidel-2d.dir/utilities/polybench.c.o
[ 66%] Building C object CMakeFiles/fdtd-2d.dir/stencils/fdtd-2d/fdtd-2d.c.o
[ 66%] Building C object CMakeFiles/jacobi-2d.dir/stencils/jacobi-2d/jacobi-2d.c.o
[ 66%] Building C object CMakeFiles/jacobi-1d.dir/stencils/jacobi-1d/jacobi-1d.c.o
[ 66%] Building C object CMakeFiles/doitgen.dir/linear-algebra/kernels/doitgen/doitgen.c.o
[ 66%] Building C object CMakeFiles/nussinov.dir/utilities/polybench.c.o
[ 66%] Building C object CMakeFiles/deriche.dir/utilities/polybench.c.o
[ 66%] Building C object CMakeFiles/mvt.dir/utilities/polybench.c.o
[ 66%] Building C object CMakeFiles/floyd-warshall.dir/medley/floyd-warshall/floyd-warshall.c.o
[ 66%] Building C object CMakeFiles/nussinov.dir/medley/nussinov/nussinov.c.o
[ 66%] Building C object CMakeFiles/2mm.dir/linear-algebra/kernels/2mm/2mm.c.o
[ 66%] Building C object CMakeFiles/trmm.dir/utilities/polybench.c.o
[ 66%] Building C object CMakeFiles/atax.dir/utilities/polybench.c.o
[ 66%] Building C object CMakeFiles/bicg.dir/linear-algebra/kernels/bicg/bicg.c.o
[ 66%] Building C object CMakeFiles/gemm.dir/linear-algebra/blas/gemm/gemm.c.o
[ 66%] Building C object CMakeFiles/atax.dir/linear-algebra/kernels/atax/atax.c.o
[ 66%] Building C object CMakeFiles/3mm.dir/linear-algebra/kernels/3mm/3mm.c.o
[ 66%] Building C object CMakeFiles/symm.dir/utilities/polybench.c.o
[ 66%] Building C object CMakeFiles/gesummv.dir/utilities/polybench.c.o
[ 66%] Building C object CMakeFiles/mvt.dir/linear-algebra/kernels/mvt/mvt.c.o
[ 66%] Building C object CMakeFiles/syrk.dir/utilities/polybench.c.o
[ 66%] Building C object CMakeFiles/symm.dir/linear-algebra/blas/symm/symm.c.o
[ 66%] Building C object CMakeFiles/gemm.dir/utilities/polybench.c.o
[ 66%] Building C object CMakeFiles/syr2k.dir/utilities/polybench.c.o
[ 66%] Building C object CMakeFiles/adi.dir/utilities/polybench.c.o
[ 66%] Building C object CMakeFiles/gemver.dir/utilities/polybench.c.o
[ 66%] Building C object CMakeFiles/ludcmp.dir/linear-algebra/solvers/ludcmp/ludcmp.c.o
[ 66%] Building C object CMakeFiles/gramschmidt.dir/utilities/polybench.c.o
[ 66%] Building C object CMakeFiles/jacobi-2d.dir/utilities/polybench.c.o
[ 66%] Building C object CMakeFiles/heat-3d.dir/stencils/heat-3d/heat-3d.c.o
[ 66%] Building C object CMakeFiles/bicg.dir/utilities/polybench.c.o
[ 66%] Building C object CMakeFiles/3mm.dir/utilities/polybench.c.o
[ 66%] Building C object CMakeFiles/ludcmp.dir/utilities/polybench.c.o
[ 66%] Building C object CMakeFiles/syrk.dir/linear-algebra/blas/syrk/syrk.c.o
[ 66%] Building C object CMakeFiles/heat-3d.dir/utilities/polybench.c.o
[ 66%] Building C object CMakeFiles/gemver.dir/linear-algebra/blas/gemver/gemver.c.o
[ 66%] Building C object CMakeFiles/durbin.dir/utilities/polybench.c.o
[ 66%] Building C object CMakeFiles/gesummv.dir/linear-algebra/blas/gesummv/gesummv.c.o
[ 67%] Linking C executable covariance
[ 68%] Linking C executable floyd-warshall
[ 70%] Linking C executable durbin
[ 72%] Linking C executable seidel-2d
[ 72%] Linking C executable nussinov
[ 73%] Linking C executable syrk
[ 74%] Linking C executable trisolv
[ 74%] Built target covariance
[ 75%] Linking C executable gesummv
[ 77%] Linking C executable correlation
[ 77%] Linking C executable trmm
[ 78%] Linking C executable bicg
[ 80%] Linking C executable syr2k
[ 81%] Linking C executable mvt
[ 81%] Built target floyd-warshall
[ 81%] Built target durbin
[ 81%] Built target seidel-2d
[ 81%] Built target nussinov
[ 82%] Linking C executable symm
[ 84%] Linking C executable deriche
[ 84%] Linking C executable cholesky
[ 84%] Built target syrk
[ 85%] Linking C executable doitgen
[ 85%] Built target trisolv
[ 88%] Linking C executable gramschmidt
[ 88%] Linking C executable 2mm
[ 88%] Linking C executable lu
[ 88%] Built target gesummv
[ 88%] Built target trmm
[ 88%] Built target correlation
[ 88%] Built target bicg
[ 91%] Linking C executable atax
[ 91%] Linking C executable adi
[ 91%] Built target syr2k
[ 91%] Built target mvt
[ 92%] Linking C executable gemm
[ 93%] Linking C executable gemver
[ 93%] Built target symm
[ 94%] Linking C executable fdtd-2d
[ 94%] Built target deriche
[ 94%] Built target cholesky
[ 94%] Built target doitgen
[ 94%] Built target 2mm
[ 94%] Built target gramschmidt
[ 94%] Built target lu
[ 95%] Linking C executable heat-3d
[ 95%] Built target atax
[ 95%] Built target adi
[ 95%] Built target gemm
[ 95%] Built target gemver
[ 97%] Linking C executable ludcmp
[ 97%] Linking C executable jacobi-2d
[ 97%] Built target fdtd-2d
[ 97%] Built target heat-3d
[ 97%] Built target ludcmp
[ 97%] Built target jacobi-2d
Skipping c all_hints 2mm repetition 3 for dataset size MINI (already done).
Skipping c all_hints 2mm repetition 3 for dataset size MINI (already done).
Skipping c all_hints adi repetition 3 for dataset size MINI (already done).
Skipping c all_hints adi repetition 3 for dataset size MINI (already done).
Skipping c all_hints atax repetition 3 for dataset size MINI (already done).
Skipping c all_hints atax repetition 3 for dataset size MINI (already done).
Skipping c all_hints bicg repetition 3 for dataset size MINI (already done).
Skipping c all_hints bicg repetition 3 for dataset size MINI (already done).
Skipping c all_hints cholesky repetition 3 for dataset size MINI (already done).
Skipping c all_hints cholesky repetition 3 for dataset size MINI (already done).
Skipping c all_hints correlation repetition 3 for dataset size MINI (already done).
Skipping c all_hints correlation repetition 3 for dataset size MINI (already done).
Skipping c all_hints covariance repetition 3 for dataset size MINI (already done).
Skipping c all_hints covariance repetition 3 for dataset size MINI (already done).
Skipping c all_hints deriche repetition 3 for dataset size MINI (already done).
Skipping c all_hints deriche repetition 3 for dataset size MINI (already done).
Skipping c all_hints doitgen repetition 3 for dataset size MINI (already done).
Skipping c all_hints doitgen repetition 3 for dataset size MINI (already done).
Skipping c all_hints durbin repetition 3 for dataset size MINI (already done).
Skipping c all_hints durbin repetition 3 for dataset size MINI (already done).
Skipping c all_hints floyd-warshall repetition 3 for dataset size MINI (already done).
Skipping c all_hints floyd-warshall repetition 3 for dataset size MINI (already done).
Skipping c all_hints gemm repetition 3 for dataset size MINI (already done).
Skipping c all_hints gemm repetition 3 for dataset size MINI (already done).
Skipping c all_hints gemver repetition 3 for dataset size MINI (already done).
Skipping c all_hints gemver repetition 3 for dataset size MINI (already done).
Skipping c all_hints gesummv repetition 3 for dataset size MINI (already done).
Skipping c all_hints gesummv repetition 3 for dataset size MINI (already done).
Skipping c all_hints heat-3d repetition 3 for dataset size MINI (already done).
Skipping c all_hints heat-3d repetition 3 for dataset size MINI (already done).
Skipping c all_hints jacobi-2d repetition 3 for dataset size MINI (already done).
Skipping c all_hints jacobi-2d repetition 3 for dataset size MINI (already done).
Skipping c all_hints lu repetition 3 for dataset size MINI (already done).
Skipping c all_hints lu repetition 3 for dataset size MINI (already done).
Skipping c all_hints ludcmp repetition 3 for dataset size MINI (already done).
Skipping c all_hints ludcmp repetition 3 for dataset size MINI (already done).
Skipping c all_hints nussinov repetition 3 for dataset size MINI (already done).
Skipping c all_hints nussinov repetition 3 for dataset size MINI (already done).
Skipping c all_hints seidel-2d repetition 3 for dataset size MINI (already done).
Skipping c all_hints seidel-2d repetition 3 for dataset size MINI (already done).
Skipping c all_hints symm repetition 3 for dataset size MINI (already done).
Skipping c all_hints symm repetition 3 for dataset size MINI (already done).
Skipping c all_hints syr2k repetition 3 for dataset size MINI (already done).
Skipping c all_hints syr2k repetition 3 for dataset size MINI (already done).
Skipping c all_hints syrk repetition 3 for dataset size MINI (already done).
Skipping c all_hints syrk repetition 3 for dataset size MINI (already done).
Skipping c all_hints trisolv repetition 3 for dataset size MINI (already done).
Skipping c all_hints trisolv repetition 3 for dataset size MINI (already done).
Skipping c all_hints trmm repetition 3 for dataset size MINI (already done).
Skipping c all_hints trmm repetition 3 for dataset size MINI (already done).
-- The C compiler identification is GNU 15.2.0
-- Detecting C compiler ABI info
-- Detecting C compiler ABI info - done
-- Check for working C compiler: /usr/local/latestgcc/bin/gcc - skipped
-- Detecting C compile features
-- Detecting C compile features - done
-- Configuring done (0.4s)
-- Generating done (0.9s)
-- Build files have been written to: /home/kleplj/all_hints/optimization/all_hints/PolybenchC-4.2.1/build
[  6%] Building C object CMakeFiles/covariance.dir/utilities/polybench.c.o
[  6%] Building C object CMakeFiles/covariance.dir/datamining/covariance/covariance.c.o
[  6%] Building C object CMakeFiles/correlation.dir/datamining/correlation/correlation.c.o
[  6%] Building C object CMakeFiles/correlation.dir/utilities/polybench.c.o
[ 62%] Building C object CMakeFiles/bicg.dir/utilities/polybench.c.o
[ 62%] Building C object CMakeFiles/cholesky.dir/utilities/polybench.c.o
[ 62%] Building C object CMakeFiles/lu.dir/linear-algebra/solvers/lu/lu.c.o
[ 62%] Building C object CMakeFiles/trisolv.dir/linear-algebra/solvers/trisolv/trisolv.c.o
[ 62%] Building C object CMakeFiles/gramschmidt.dir/linear-algebra/solvers/gramschmidt/gramschmidt.c.o
[ 62%] Building C object CMakeFiles/doitgen.dir/linear-algebra/kernels/doitgen/doitgen.c.o
[ 62%] Building C object CMakeFiles/ludcmp.dir/linear-algebra/solvers/ludcmp/ludcmp.c.o
[ 62%] Building C object CMakeFiles/gramschmidt.dir/utilities/polybench.c.o
[ 62%] Building C object CMakeFiles/durbin.dir/utilities/polybench.c.o
[ 62%] Building C object CMakeFiles/durbin.dir/linear-algebra/solvers/durbin/durbin.c.o
[ 62%] Building C object CMakeFiles/gemver.dir/linear-algebra/blas/gemver/gemver.c.o
[ 62%] Building C object CMakeFiles/lu.dir/utilities/polybench.c.o
[ 66%] Building C object CMakeFiles/bicg.dir/linear-algebra/kernels/bicg/bicg.c.o
[ 66%] Building C object CMakeFiles/syr2k.dir/utilities/polybench.c.o
[ 66%] Building C object CMakeFiles/gemm.dir/linear-algebra/blas/gemm/gemm.c.o
[ 66%] Building C object CMakeFiles/ludcmp.dir/utilities/polybench.c.o
[ 66%] Building C object CMakeFiles/syrk.dir/utilities/polybench.c.o
[ 66%] Building C object CMakeFiles/mvt.dir/linear-algebra/kernels/mvt/mvt.c.o
[ 66%] Building C object CMakeFiles/gesummv.dir/utilities/polybench.c.o
[ 66%] Building C object CMakeFiles/gesummv.dir/linear-algebra/blas/gesummv/gesummv.c.o
[ 66%] Building C object CMakeFiles/syrk.dir/linear-algebra/blas/syrk/syrk.c.o
[ 66%] Building C object CMakeFiles/seidel-2d.dir/stencils/seidel-2d/seidel-2d.c.o
[ 66%] Building C object CMakeFiles/atax.dir/linear-algebra/kernels/atax/atax.c.o
[ 66%] Building C object CMakeFiles/gemm.dir/utilities/polybench.c.o
[ 66%] Building C object CMakeFiles/trisolv.dir/utilities/polybench.c.o
[ 66%] Building C object CMakeFiles/heat-3d.dir/stencils/heat-3d/heat-3d.c.o
[ 66%] Building C object CMakeFiles/mvt.dir/utilities/polybench.c.o
[ 66%] Building C object CMakeFiles/gemver.dir/utilities/polybench.c.o
[ 66%] Building C object CMakeFiles/trmm.dir/utilities/polybench.c.o
[ 66%] Building C object CMakeFiles/atax.dir/utilities/polybench.c.o
[ 66%] Building C object CMakeFiles/nussinov.dir/utilities/polybench.c.o
[ 66%] Building C object CMakeFiles/symm.dir/linear-algebra/blas/symm/symm.c.o
[ 66%] Building C object CMakeFiles/jacobi-2d.dir/stencils/jacobi-2d/jacobi-2d.c.o
[ 66%] Building C object CMakeFiles/floyd-warshall.dir/medley/floyd-warshall/floyd-warshall.c.o
[ 66%] Building C object CMakeFiles/symm.dir/utilities/polybench.c.o
[ 66%] Building C object CMakeFiles/jacobi-1d.dir/stencils/jacobi-1d/jacobi-1d.c.o
[ 66%] Building C object CMakeFiles/adi.dir/stencils/adi/adi.c.o
[ 66%] Building C object CMakeFiles/jacobi-1d.dir/utilities/polybench.c.o
[ 66%] Building C object CMakeFiles/fdtd-2d.dir/utilities/polybench.c.o
[ 66%] Building C object CMakeFiles/syr2k.dir/linear-algebra/blas/syr2k/syr2k.c.o
[ 66%] Building C object CMakeFiles/3mm.dir/utilities/polybench.c.o
[ 66%] Building C object CMakeFiles/cholesky.dir/linear-algebra/solvers/cholesky/cholesky.c.o
[ 66%] Building C object CMakeFiles/floyd-warshall.dir/utilities/polybench.c.o
[ 66%] Building C object CMakeFiles/deriche.dir/utilities/polybench.c.o
[ 66%] Building C object CMakeFiles/2mm.dir/utilities/polybench.c.o
[ 66%] Building C object CMakeFiles/nussinov.dir/medley/nussinov/nussinov.c.o
[ 66%] Building C object CMakeFiles/deriche.dir/medley/deriche/deriche.c.o
[ 66%] Building C object CMakeFiles/3mm.dir/linear-algebra/kernels/3mm/3mm.c.o
[ 66%] Building C object CMakeFiles/fdtd-2d.dir/stencils/fdtd-2d/fdtd-2d.c.o
[ 66%] Building C object CMakeFiles/trmm.dir/linear-algebra/blas/trmm/trmm.c.o
[ 66%] Building C object CMakeFiles/2mm.dir/linear-algebra/kernels/2mm/2mm.c.o
[ 66%] Building C object CMakeFiles/doitgen.dir/utilities/polybench.c.o
[ 66%] Building C object CMakeFiles/jacobi-2d.dir/utilities/polybench.c.o
[ 66%] Building C object CMakeFiles/seidel-2d.dir/utilities/polybench.c.o
[ 66%] Building C object CMakeFiles/heat-3d.dir/utilities/polybench.c.o
[ 66%] Building C object CMakeFiles/adi.dir/utilities/polybench.c.o
[ 67%] Linking C executable seidel-2d
[ 68%] Linking C executable trisolv
[ 70%] Linking C executable floyd-warshall
[ 71%] Linking C executable durbin
[ 74%] Linking C executable syr2k
[ 74%] Linking C executable deriche
[ 74%] Linking C executable gemver
[ 75%] Linking C executable gesummv
[ 76%] Linking C executable fdtd-2d
[ 77%] Linking C executable bicg
[ 77%] Built target seidel-2d
[ 78%] Linking C executable atax
[ 78%] Built target trisolv
[ 80%] Linking C executable syrk
[ 81%] Linking C executable jacobi-1d
[ 82%] Linking C executable cholesky
[ 82%] Built target floyd-warshall
[ 82%] Built target durbin
[ 83%] Linking C executable jacobi-2d
[ 83%] Built target gesummv
[ 83%] Built target gemver
[ 83%] Built target deriche
[ 83%] Built target syr2k
[ 84%] Linking C executable correlation
[ 84%] Built target fdtd-2d
[ 84%] Built target bicg
[ 85%] Linking C executable mvt
[ 86%] Linking C executable gramschmidt
[ 86%] Built target atax
[ 87%] Linking C executable doitgen
[ 88%] Linking C executable trmm
[ 88%] Built target syrk
[ 88%] Built target jacobi-1d
[ 90%] Linking C executable adi
[ 90%] Built target cholesky
[ 91%] Built target jacobi-2d
[ 91%] Linking C executable lu
[ 92%] Linking C executable covariance
[ 93%] Linking C executable heat-3d
[ 93%] Built target correlation
[ 93%] Built target mvt
[ 94%] Linking C executable symm
[ 94%] Built target gramschmidt
[ 94%] Built target doitgen
[ 94%] Built target trmm
[ 94%] Built target adi
[ 95%] Linking C executable 2mm
[ 95%] Built target lu
[ 95%] Built target covariance
[ 95%] Built target heat-3d
[ 95%] Built target symm
[ 95%] Built target 2mm
[ 96%] Linking C executable 3mm
[ 96%] Built target 3mm
Skipping c all_hints 2mm repetition 4 for dataset size MINI (already done).
Skipping c all_hints 2mm repetition 4 for dataset size MINI (already done).
Skipping c all_hints 3mm repetition 4 for dataset size MINI (already done).
Skipping c all_hints 3mm repetition 4 for dataset size MINI (already done).
Skipping c all_hints adi repetition 4 for dataset size MINI (already done).
Skipping c all_hints adi repetition 4 for dataset size MINI (already done).
Skipping c all_hints atax repetition 4 for dataset size MINI (already done).
Skipping c all_hints atax repetition 4 for dataset size MINI (already done).
Skipping c all_hints bicg repetition 4 for dataset size MINI (already done).
Skipping c all_hints bicg repetition 4 for dataset size MINI (already done).
Skipping c all_hints cholesky repetition 4 for dataset size MINI (already done).
Skipping c all_hints cholesky repetition 4 for dataset size MINI (already done).
Skipping c all_hints correlation repetition 4 for dataset size MINI (already done).
Skipping c all_hints correlation repetition 4 for dataset size MINI (already done).
Skipping c all_hints covariance repetition 4 for dataset size MINI (already done).
Skipping c all_hints covariance repetition 4 for dataset size MINI (already done).
Skipping c all_hints deriche repetition 4 for dataset size MINI (already done).
Skipping c all_hints deriche repetition 4 for dataset size MINI (already done).
Skipping c all_hints doitgen repetition 4 for dataset size MINI (already done).
Skipping c all_hints doitgen repetition 4 for dataset size MINI (already done).
Skipping c all_hints durbin repetition 4 for dataset size MINI (already done).
Skipping c all_hints durbin repetition 4 for dataset size MINI (already done).
Skipping c all_hints fdtd-2d repetition 4 for dataset size MINI (already done).
Skipping c all_hints fdtd-2d repetition 4 for dataset size MINI (already done).
Skipping c all_hints floyd-warshall repetition 4 for dataset size MINI (already done).
Skipping c all_hints floyd-warshall repetition 4 for dataset size MINI (already done).
Skipping c all_hints gemver repetition 4 for dataset size MINI (already done).
Skipping c all_hints gemver repetition 4 for dataset size MINI (already done).
Skipping c all_hints gesummv repetition 4 for dataset size MINI (already done).
Skipping c all_hints gesummv repetition 4 for dataset size MINI (already done).
Skipping c all_hints heat-3d repetition 4 for dataset size MINI (already done).
Skipping c all_hints heat-3d repetition 4 for dataset size MINI (already done).
Skipping c all_hints jacobi-1d repetition 4 for dataset size MINI (already done).
Skipping c all_hints jacobi-1d repetition 4 for dataset size MINI (already done).
Skipping c all_hints jacobi-2d repetition 4 for dataset size MINI (already done).
Skipping c all_hints jacobi-2d repetition 4 for dataset size MINI (already done).
Skipping c all_hints lu repetition 4 for dataset size MINI (already done).
Skipping c all_hints lu repetition 4 for dataset size MINI (already done).
Skipping c all_hints mvt repetition 4 for dataset size MINI (already done).
Skipping c all_hints mvt repetition 4 for dataset size MINI (already done).
Skipping c all_hints seidel-2d repetition 4 for dataset size MINI (already done).
Skipping c all_hints seidel-2d repetition 4 for dataset size MINI (already done).
Skipping c all_hints symm repetition 4 for dataset size MINI (already done).
Skipping c all_hints symm repetition 4 for dataset size MINI (already done).
Skipping c all_hints syr2k repetition 4 for dataset size MINI (already done).
Skipping c all_hints syr2k repetition 4 for dataset size MINI (already done).
Skipping c all_hints syrk repetition 4 for dataset size MINI (already done).
Skipping c all_hints syrk repetition 4 for dataset size MINI (already done).
Skipping c all_hints trisolv repetition 4 for dataset size MINI (already done).
Skipping c all_hints trisolv repetition 4 for dataset size MINI (already done).
Skipping c all_hints trmm repetition 4 for dataset size MINI (already done).
Skipping c all_hints trmm repetition 4 for dataset size MINI (already done).
-- The C compiler identification is GNU 15.2.0
-- Detecting C compiler ABI info
-- Detecting C compiler ABI info - done
-- Check for working C compiler: /usr/local/latestgcc/bin/gcc - skipped
-- Detecting C compile features
-- Detecting C compile features - done
-- Configuring done (0.4s)
-- Generating done (0.8s)
-- Build files have been written to: /home/kleplj/all_hints/optimization/all_hints/PolybenchC-4.2.1/build
[  5%] Building C object CMakeFiles/correlation.dir/datamining/correlation/correlation.c.o
[  5%] Building C object CMakeFiles/covariance.dir/datamining/covariance/covariance.c.o
[  5%] Building C object CMakeFiles/covariance.dir/utilities/polybench.c.o
[  7%] Building C object CMakeFiles/cholesky.dir/linear-algebra/solvers/cholesky/cholesky.c.o
[  7%] Building C object CMakeFiles/correlation.dir/utilities/polybench.c.o
[ 11%] Building C object CMakeFiles/lu.dir/utilities/polybench.c.o
[ 11%] Building C object CMakeFiles/lu.dir/linear-algebra/solvers/lu/lu.c.o
[ 11%] Building C object CMakeFiles/cholesky.dir/utilities/polybench.c.o
[ 21%] Building C object CMakeFiles/trisolv.dir/utilities/polybench.c.o
[ 66%] Building C object CMakeFiles/atax.dir/linear-algebra/kernels/atax/atax.c.o
[ 66%] Building C object CMakeFiles/trisolv.dir/linear-algebra/solvers/trisolv/trisolv.c.o
[ 66%] Building C object CMakeFiles/ludcmp.dir/linear-algebra/solvers/ludcmp/ludcmp.c.o
[ 66%] Building C object CMakeFiles/durbin.dir/linear-algebra/solvers/durbin/durbin.c.o
[ 66%] Building C object CMakeFiles/bicg.dir/utilities/polybench.c.o
[ 66%] Building C object CMakeFiles/syr2k.dir/utilities/polybench.c.o
[ 66%] Building C object CMakeFiles/nussinov.dir/medley/nussinov/nussinov.c.o
[ 66%] Building C object CMakeFiles/seidel-2d.dir/stencils/seidel-2d/seidel-2d.c.o
[ 66%] Building C object CMakeFiles/fdtd-2d.dir/utilities/polybench.c.o
[ 66%] Building C object CMakeFiles/heat-3d.dir/utilities/polybench.c.o
[ 66%] Building C object CMakeFiles/jacobi-2d.dir/stencils/jacobi-2d/jacobi-2d.c.o
[ 66%] Building C object CMakeFiles/seidel-2d.dir/utilities/polybench.c.o
[ 66%] Building C object CMakeFiles/gramschmidt.dir/utilities/polybench.c.o
[ 66%] Building C object CMakeFiles/fdtd-2d.dir/stencils/fdtd-2d/fdtd-2d.c.o
[ 66%] Building C object CMakeFiles/adi.dir/stencils/adi/adi.c.o
[ 66%] Building C object CMakeFiles/jacobi-1d.dir/utilities/polybench.c.o
[ 66%] Building C object CMakeFiles/floyd-warshall.dir/utilities/polybench.c.o
[ 66%] Building C object CMakeFiles/nussinov.dir/utilities/polybench.c.o
[ 66%] Building C object CMakeFiles/2mm.dir/utilities/polybench.c.o
[ 66%] Building C object CMakeFiles/jacobi-1d.dir/stencils/jacobi-1d/jacobi-1d.c.o
[ 66%] Building C object CMakeFiles/deriche.dir/utilities/polybench.c.o
[ 66%] Building C object CMakeFiles/3mm.dir/utilities/polybench.c.o
[ 66%] Building C object CMakeFiles/3mm.dir/linear-algebra/kernels/3mm/3mm.c.o
[ 66%] Building C object CMakeFiles/heat-3d.dir/stencils/heat-3d/heat-3d.c.o
[ 66%] Building C object CMakeFiles/doitgen.dir/linear-algebra/kernels/doitgen/doitgen.c.o
[ 66%] Building C object CMakeFiles/durbin.dir/utilities/polybench.c.o
[ 66%] Building C object CMakeFiles/doitgen.dir/utilities/polybench.c.o
[ 66%] Building C object CMakeFiles/trmm.dir/utilities/polybench.c.o
[ 66%] Building C object CMakeFiles/atax.dir/utilities/polybench.c.o
[ 66%] Building C object CMakeFiles/mvt.dir/utilities/polybench.c.o
[ 66%] Building C object CMakeFiles/trmm.dir/linear-algebra/blas/trmm/trmm.c.o
[ 66%] Building C object CMakeFiles/gesummv.dir/utilities/polybench.c.o
[ 66%] Building C object CMakeFiles/2mm.dir/linear-algebra/kernels/2mm/2mm.c.o
[ 66%] Building C object CMakeFiles/bicg.dir/linear-algebra/kernels/bicg/bicg.c.o
[ 66%] Building C object CMakeFiles/gemver.dir/utilities/polybench.c.o
[ 66%] Building C object CMakeFiles/gemver.dir/linear-algebra/blas/gemver/gemver.c.o
[ 66%] Building C object CMakeFiles/mvt.dir/linear-algebra/kernels/mvt/mvt.c.o
[ 66%] Building C object CMakeFiles/symm.dir/utilities/polybench.c.o
[ 66%] Building C object CMakeFiles/symm.dir/linear-algebra/blas/symm/symm.c.o
[ 66%] Building C object CMakeFiles/gemm.dir/utilities/polybench.c.o
[ 66%] Building C object CMakeFiles/syrk.dir/linear-algebra/blas/syrk/syrk.c.o
[ 66%] Building C object CMakeFiles/syr2k.dir/linear-algebra/blas/syr2k/syr2k.c.o
[ 66%] Building C object CMakeFiles/syrk.dir/utilities/polybench.c.o
[ 66%] Building C object CMakeFiles/gemm.dir/linear-algebra/blas/gemm/gemm.c.o
[ 66%] Building C object CMakeFiles/floyd-warshall.dir/medley/floyd-warshall/floyd-warshall.c.o
[ 66%] Building C object CMakeFiles/gesummv.dir/linear-algebra/blas/gesummv/gesummv.c.o
[ 66%] Building C object CMakeFiles/jacobi-2d.dir/utilities/polybench.c.o
[ 66%] Building C object CMakeFiles/adi.dir/utilities/polybench.c.o
[ 66%] Building C object CMakeFiles/deriche.dir/medley/deriche/deriche.c.o
[ 66%] Building C object CMakeFiles/gramschmidt.dir/linear-algebra/solvers/gramschmidt/gramschmidt.c.o
[ 66%] Building C object CMakeFiles/ludcmp.dir/utilities/polybench.c.o
[ 67%] Linking C executable durbin
[ 68%] Linking C executable floyd-warshall
[ 70%] Linking C executable seidel-2d
[ 71%] Linking C executable atax
[ 72%] Linking C executable nussinov
[ 73%] Linking C executable covariance
[ 75%] Linking C executable trisolv
[ 75%] Linking C executable jacobi-2d
[ 80%] Linking C executable jacobi-1d
[ 80%] Linking C executable adi
[ 80%] Linking C executable trmm
[ 80%] Linking C executable gesummv
[ 80%] Built target durbin
[ 80%] Built target floyd-warshall
[ 80%] Built target seidel-2d
[ 81%] Linking C executable syrk
[ 81%] Built target atax
[ 84%] Linking C executable bicg
[ 84%] Linking C executable lu
[ 84%] Linking C executable cholesky
[ 84%] Built target nussinov
[ 85%] Linking C executable deriche
[ 85%] Built target covariance
[ 85%] Built target jacobi-2d
[ 85%] Built target trisolv
[ 86%] Linking C executable mvt
[ 86%] Built target trmm
[ 86%] Built target adi
[ 86%] Built target jacobi-1d
[ 86%] Built target gesummv
[ 87%] Linking C executable gemm
[ 88%] Built target syrk
[ 88%] Linking C executable doitgen
[ 90%] Linking C executable ludcmp
[ 90%] Built target lu
[ 90%] Built target bicg
[ 90%] Built target cholesky
[ 90%] Built target gemm
[ 90%] Built target deriche
[ 90%] Built target mvt
[ 92%] Linking C executable gemver
[ 94%] Linking C executable syr2k
[ 94%] Linking C executable heat-3d
[ 95%] Linking C executable gramschmidt
[ 95%] Linking C executable symm
[ 96%] Linking C executable 3mm
[ 96%] Built target doitgen
[ 96%] Built target ludcmp
[ 97%] Linking C executable 2mm
[ 97%] Built target gemver
[ 97%] Built target syr2k
[ 97%] Built target gramschmidt
[ 97%] Built target symm
[ 97%] Built target heat-3d
[ 97%] Built target 3mm
[ 97%] Built target 2mm
Skipping c all_hints 2mm repetition 5 for dataset size MINI (already done).
Skipping c all_hints 2mm repetition 5 for dataset size MINI (already done).
Skipping c all_hints 3mm repetition 5 for dataset size MINI (already done).
Skipping c all_hints 3mm repetition 5 for dataset size MINI (already done).
Skipping c all_hints adi repetition 5 for dataset size MINI (already done).
Skipping c all_hints adi repetition 5 for dataset size MINI (already done).
Skipping c all_hints atax repetition 5 for dataset size MINI (already done).
Skipping c all_hints atax repetition 5 for dataset size MINI (already done).
Skipping c all_hints bicg repetition 5 for dataset size MINI (already done).
Skipping c all_hints bicg repetition 5 for dataset size MINI (already done).
Skipping c all_hints cholesky repetition 5 for dataset size MINI (already done).
Skipping c all_hints cholesky repetition 5 for dataset size MINI (already done).
Skipping c all_hints covariance repetition 5 for dataset size MINI (already done).
Skipping c all_hints covariance repetition 5 for dataset size MINI (already done).
Skipping c all_hints deriche repetition 5 for dataset size MINI (already done).
Skipping c all_hints deriche repetition 5 for dataset size MINI (already done).
Skipping c all_hints doitgen repetition 5 for dataset size MINI (already done).
Skipping c all_hints doitgen repetition 5 for dataset size MINI (already done).
Skipping c all_hints durbin repetition 5 for dataset size MINI (already done).
Skipping c all_hints durbin repetition 5 for dataset size MINI (already done).
Skipping c all_hints floyd-warshall repetition 5 for dataset size MINI (already done).
Skipping c all_hints floyd-warshall repetition 5 for dataset size MINI (already done).
Skipping c all_hints gemm repetition 5 for dataset size MINI (already done).
Skipping c all_hints gemm repetition 5 for dataset size MINI (already done).
Skipping c all_hints gemver repetition 5 for dataset size MINI (already done).
Skipping c all_hints gemver repetition 5 for dataset size MINI (already done).
Skipping c all_hints gesummv repetition 5 for dataset size MINI (already done).
Skipping c all_hints gesummv repetition 5 for dataset size MINI (already done).
Skipping c all_hints heat-3d repetition 5 for dataset size MINI (already done).
Skipping c all_hints heat-3d repetition 5 for dataset size MINI (already done).
Skipping c all_hints jacobi-1d repetition 5 for dataset size MINI (already done).
Skipping c all_hints jacobi-1d repetition 5 for dataset size MINI (already done).
Skipping c all_hints jacobi-2d repetition 5 for dataset size MINI (already done).
Skipping c all_hints jacobi-2d repetition 5 for dataset size MINI (already done).
Skipping c all_hints lu repetition 5 for dataset size MINI (already done).
Skipping c all_hints lu repetition 5 for dataset size MINI (already done).
Skipping c all_hints ludcmp repetition 5 for dataset size MINI (already done).
Skipping c all_hints ludcmp repetition 5 for dataset size MINI (already done).
Skipping c all_hints mvt repetition 5 for dataset size MINI (already done).
Skipping c all_hints mvt repetition 5 for dataset size MINI (already done).
Skipping c all_hints nussinov repetition 5 for dataset size MINI (already done).
Skipping c all_hints nussinov repetition 5 for dataset size MINI (already done).
Skipping c all_hints seidel-2d repetition 5 for dataset size MINI (already done).
Skipping c all_hints seidel-2d repetition 5 for dataset size MINI (already done).
Skipping c all_hints symm repetition 5 for dataset size MINI (already done).
Skipping c all_hints symm repetition 5 for dataset size MINI (already done).
Skipping c all_hints syr2k repetition 5 for dataset size MINI (already done).
Skipping c all_hints syr2k repetition 5 for dataset size MINI (already done).
Skipping c all_hints syrk repetition 5 for dataset size MINI (already done).
Skipping c all_hints syrk repetition 5 for dataset size MINI (already done).
Skipping c all_hints trisolv repetition 5 for dataset size MINI (already done).
Skipping c all_hints trisolv repetition 5 for dataset size MINI (already done).
Skipping c all_hints trmm repetition 5 for dataset size MINI (already done).
Skipping c all_hints trmm repetition 5 for dataset size MINI (already done).
-- The CXX compiler identification is GNU 15.2.0
-- Detecting CXX compiler ABI info
-- Detecting CXX compiler ABI info - done
-- Check for working CXX compiler: /usr/local/latestgcc/bin/g++ - skipped
-- Detecting CXX compile features
-- Detecting CXX compile features - done
-- Using NOARR_STRUCTURES_DIR from environment: /home/kleplj/all_hints/submodules/noarr-structures
-- Configuring done (0.5s)
-- Generating done (0.8s)
-- Build files have been written to: /home/kleplj/all_hints/optimization/all_hints/PolybenchC-Noarr/build
[  5%] Building CXX object CMakeFiles/covariance.dir/datamining/covariance/covariance.cpp.o
[  5%] Building CXX object CMakeFiles/correlation.dir/datamining/correlation/correlation.cpp.o
[  8%] Building CXX object CMakeFiles/gemver.dir/linear-algebra/blas/gemver/gemver.cpp.o
[ 13%] Building CXX object CMakeFiles/symm.dir/linear-algebra/blas/symm/symm.cpp.o
[ 13%] Building CXX object CMakeFiles/gesummv.dir/linear-algebra/blas/gesummv/gesummv.cpp.o
[ 18%] Building CXX object CMakeFiles/syr2k.dir/linear-algebra/blas/syr2k/syr2k.cpp.o
[ 18%] Building CXX object CMakeFiles/syrk.dir/linear-algebra/blas/syrk/syrk.cpp.o
[ 18%] Building CXX object CMakeFiles/gemm.dir/linear-algebra/blas/gemm/gemm.cpp.o
[ 25%] Building CXX object CMakeFiles/doitgen.dir/linear-algebra/kernels/doitgen/doitgen.cpp.o
[ 25%] Building CXX object CMakeFiles/bicg.dir/linear-algebra/kernels/bicg/bicg.cpp.o
[ 25%] Building CXX object CMakeFiles/trmm.dir/linear-algebra/blas/trmm/trmm.cpp.o
[ 25%] Building CXX object CMakeFiles/atax.dir/linear-algebra/kernels/atax/atax.cpp.o
[ 25%] Building CXX object CMakeFiles/2mm.dir/linear-algebra/kernels/2mm/2mm.cpp.o
[ 40%] Building CXX object CMakeFiles/durbin.dir/linear-algebra/solvers/durbin/durbin.cpp.o
[ 50%] Building CXX object CMakeFiles/heat-3d.dir/stencils/heat-3d/heat-3d.cpp.o
[ 50%] Building CXX object CMakeFiles/adi.dir/stencils/adi/adi.cpp.o
[ 50%] Building CXX object CMakeFiles/lu.dir/linear-algebra/solvers/lu/lu.cpp.o
[ 50%] Building CXX object CMakeFiles/cholesky.dir/linear-algebra/solvers/cholesky/cholesky.cpp.o
[ 50%] Building CXX object CMakeFiles/nussinov.dir/medley/nussinov/nussinov.cpp.o
[ 50%] Building CXX object CMakeFiles/trisolv.dir/linear-algebra/solvers/trisolv/trisolv.cpp.o
[ 50%] Building CXX object CMakeFiles/ludcmp.dir/linear-algebra/solvers/ludcmp/ludcmp.cpp.o
[ 50%] Building CXX object CMakeFiles/mvt.dir/linear-algebra/kernels/mvt/mvt.cpp.o
[ 50%] Building CXX object CMakeFiles/3mm.dir/linear-algebra/kernels/3mm/3mm.cpp.o
[ 50%] Building CXX object CMakeFiles/floyd-warshall.dir/medley/floyd-warshall/floyd-warshall.cpp.o
[ 50%] Building CXX object CMakeFiles/deriche.dir/medley/deriche/deriche.cpp.o
[ 50%] Building CXX object CMakeFiles/fdtd-2d.dir/stencils/fdtd-2d/fdtd-2d.cpp.o
[ 50%] Building CXX object CMakeFiles/jacobi-1d.dir/stencils/jacobi-1d/jacobi-1d.cpp.o
[ 50%] Building CXX object CMakeFiles/gramschmidt.dir/linear-algebra/solvers/gramschmidt/gramschmidt.cpp.o
[ 50%] Building CXX object CMakeFiles/seidel-2d.dir/stencils/seidel-2d/seidel-2d.cpp.o
[ 50%] Building CXX object CMakeFiles/jacobi-2d.dir/stencils/jacobi-2d/jacobi-2d.cpp.o
[ 51%] Linking CXX executable cholesky
[ 53%] Linking CXX executable nussinov
[ 55%] Linking CXX executable jacobi-1d
[ 55%] Built target jacobi-1d
[ 58%] Linking CXX executable gesummv
[ 58%] Linking CXX executable seidel-2d
[ 60%] Linking CXX executable atax
[ 61%] Linking CXX executable durbin
[ 65%] Linking CXX executable floyd-warshall
[ 65%] Linking CXX executable trisolv
[ 65%] Built target seidel-2d
[ 65%] Built target gesummv
[ 66%] Linking CXX executable jacobi-2d
[ 68%] Linking CXX executable bicg
[ 68%] Built target atax
[ 68%] Built target floyd-warshall
[ 68%] Built target durbin
[ 68%] Built target trisolv
[ 70%] Linking CXX executable adi
[ 70%] Built target jacobi-2d
[ 70%] Built target bicg
[ 71%] Linking CXX executable mvt
[ 73%] Linking CXX executable trmm
[ 73%] Built target adi
[ 75%] Linking CXX executable deriche
[ 76%] Linking CXX executable lu
[ 76%] Built target mvt
[ 76%] Built target trmm
[ 80%] Linking CXX executable symm
[ 80%] Linking CXX executable gemver
[ 80%] Built target deriche
[ 80%] Built target lu
[ 81%] Linking CXX executable syrk
[ 83%] Linking CXX executable syr2k
[ 83%] Built target gemver
[ 83%] Built target symm
[ 83%] Built target syrk
[ 83%] Built target syr2k
[ 85%] Linking CXX executable doitgen
[ 86%] Linking CXX executable gramschmidt
[ 86%] Built target doitgen
[ 86%] Built target gramschmidt
[ 88%] Linking CXX executable covariance
[ 90%] Linking CXX executable fdtd-2d
[ 91%] Linking CXX executable ludcmp
[ 91%] Built target covariance
[ 91%] Built target fdtd-2d
[ 91%] Built target ludcmp
[ 93%] Linking CXX executable correlation
[ 93%] Built target correlation
[ 95%] Linking CXX executable 2mm
[ 95%] Built target 2mm
[ 96%] Linking CXX executable 3mm
[ 96%] Built target 3mm
Skipping noarr all_hints 2mm repetition 1 for dataset size MINI (already done).
Skipping noarr all_hints 2mm repetition 1 for dataset size MINI (already done).
Skipping noarr all_hints 3mm repetition 1 for dataset size MINI (already done).
Skipping noarr all_hints 3mm repetition 1 for dataset size MINI (already done).
Skipping noarr all_hints adi repetition 1 for dataset size MINI (already done).
Skipping noarr all_hints adi repetition 1 for dataset size MINI (already done).
Skipping noarr all_hints atax repetition 1 for dataset size MINI (already done).
Skipping noarr all_hints atax repetition 1 for dataset size MINI (already done).
Skipping noarr all_hints bicg repetition 1 for dataset size MINI (already done).
Skipping noarr all_hints bicg repetition 1 for dataset size MINI (already done).
Skipping noarr all_hints correlation repetition 1 for dataset size MINI (already done).
Skipping noarr all_hints correlation repetition 1 for dataset size MINI (already done).
Skipping noarr all_hints covariance repetition 1 for dataset size MINI (already done).
Skipping noarr all_hints covariance repetition 1 for dataset size MINI (already done).
Skipping noarr all_hints deriche repetition 1 for dataset size MINI (already done).
Skipping noarr all_hints deriche repetition 1 for dataset size MINI (already done).
Skipping noarr all_hints doitgen repetition 1 for dataset size MINI (already done).
Skipping noarr all_hints doitgen repetition 1 for dataset size MINI (already done).
Skipping noarr all_hints durbin repetition 1 for dataset size MINI (already done).
Skipping noarr all_hints durbin repetition 1 for dataset size MINI (already done).
Skipping noarr all_hints fdtd-2d repetition 1 for dataset size MINI (already done).
Skipping noarr all_hints fdtd-2d repetition 1 for dataset size MINI (already done).
Skipping noarr all_hints floyd-warshall repetition 1 for dataset size MINI (already done).
Skipping noarr all_hints floyd-warshall repetition 1 for dataset size MINI (already done).
Skipping noarr all_hints gemver repetition 1 for dataset size MINI (already done).
Skipping noarr all_hints gemver repetition 1 for dataset size MINI (already done).
Skipping noarr all_hints gesummv repetition 1 for dataset size MINI (already done).
Skipping noarr all_hints gesummv repetition 1 for dataset size MINI (already done).
Skipping noarr all_hints jacobi-1d repetition 1 for dataset size MINI (already done).
Skipping noarr all_hints jacobi-1d repetition 1 for dataset size MINI (already done).
Skipping noarr all_hints jacobi-2d repetition 1 for dataset size MINI (already done).
Skipping noarr all_hints jacobi-2d repetition 1 for dataset size MINI (already done).
Skipping noarr all_hints lu repetition 1 for dataset size MINI (already done).
Skipping noarr all_hints lu repetition 1 for dataset size MINI (already done).
Skipping noarr all_hints ludcmp repetition 1 for dataset size MINI (already done).
Skipping noarr all_hints ludcmp repetition 1 for dataset size MINI (already done).
Skipping noarr all_hints mvt repetition 1 for dataset size MINI (already done).
Skipping noarr all_hints mvt repetition 1 for dataset size MINI (already done).
Skipping noarr all_hints seidel-2d repetition 1 for dataset size MINI (already done).
Skipping noarr all_hints seidel-2d repetition 1 for dataset size MINI (already done).
Skipping noarr all_hints symm repetition 1 for dataset size MINI (already done).
Skipping noarr all_hints symm repetition 1 for dataset size MINI (already done).
Skipping noarr all_hints syr2k repetition 1 for dataset size MINI (already done).
Skipping noarr all_hints syr2k repetition 1 for dataset size MINI (already done).
Skipping noarr all_hints syrk repetition 1 for dataset size MINI (already done).
Skipping noarr all_hints syrk repetition 1 for dataset size MINI (already done).
Skipping noarr all_hints trisolv repetition 1 for dataset size MINI (already done).
Skipping noarr all_hints trisolv repetition 1 for dataset size MINI (already done).
Skipping noarr all_hints trmm repetition 1 for dataset size MINI (already done).
Skipping noarr all_hints trmm repetition 1 for dataset size MINI (already done).
-- The CXX compiler identification is GNU 15.2.0
-- Detecting CXX compiler ABI info
-- Detecting CXX compiler ABI info - done
-- Check for working CXX compiler: /usr/local/latestgcc/bin/g++ - skipped
-- Detecting CXX compile features
-- Detecting CXX compile features - done
-- Using NOARR_STRUCTURES_DIR from environment: /home/kleplj/all_hints/submodules/noarr-structures
-- Configuring done (0.4s)
-- Generating done (0.8s)
-- Build files have been written to: /home/kleplj/all_hints/optimization/all_hints/PolybenchC-Noarr/build
[  3%] Building CXX object CMakeFiles/correlation.dir/datamining/correlation/correlation.cpp.o
[  5%] Building CXX object CMakeFiles/covariance.dir/datamining/covariance/covariance.cpp.o
[ 10%] Building CXX object CMakeFiles/gemm.dir/linear-algebra/blas/gemm/gemm.cpp.o
[ 10%] Building CXX object CMakeFiles/gemver.dir/linear-algebra/blas/gemver/gemver.cpp.o
[ 16%] Building CXX object CMakeFiles/syr2k.dir/linear-algebra/blas/syr2k/syr2k.cpp.o
[ 16%] Building CXX object CMakeFiles/gesummv.dir/linear-algebra/blas/gesummv/gesummv.cpp.o
[ 16%] Building CXX object CMakeFiles/trmm.dir/linear-algebra/blas/trmm/trmm.cpp.o
[ 28%] Building CXX object CMakeFiles/symm.dir/linear-algebra/blas/symm/symm.cpp.o
[ 43%] Building CXX object CMakeFiles/2mm.dir/linear-algebra/kernels/2mm/2mm.cpp.o
[ 43%] Building CXX object CMakeFiles/syrk.dir/linear-algebra/blas/syrk/syrk.cpp.o
[ 43%] Building CXX object CMakeFiles/bicg.dir/linear-algebra/kernels/bicg/bicg.cpp.o
[ 43%] Building CXX object CMakeFiles/3mm.dir/linear-algebra/kernels/3mm/3mm.cpp.o
[ 43%] Building CXX object CMakeFiles/doitgen.dir/linear-algebra/kernels/doitgen/doitgen.cpp.o
[ 43%] Building CXX object CMakeFiles/atax.dir/linear-algebra/kernels/atax/atax.cpp.o
[ 43%] Building CXX object CMakeFiles/cholesky.dir/linear-algebra/solvers/cholesky/cholesky.cpp.o
[ 50%] Building CXX object CMakeFiles/gramschmidt.dir/linear-algebra/solvers/gramschmidt/gramschmidt.cpp.o
[ 50%] Building CXX object CMakeFiles/durbin.dir/linear-algebra/solvers/durbin/durbin.cpp.o
[ 50%] Building CXX object CMakeFiles/jacobi-2d.dir/stencils/jacobi-2d/jacobi-2d.cpp.o
[ 50%] Building CXX object CMakeFiles/fdtd-2d.dir/stencils/fdtd-2d/fdtd-2d.cpp.o
[ 50%] Building CXX object CMakeFiles/trisolv.dir/linear-algebra/solvers/trisolv/trisolv.cpp.o
[ 50%] Building CXX object CMakeFiles/mvt.dir/linear-algebra/kernels/mvt/mvt.cpp.o
[ 50%] Building CXX object CMakeFiles/heat-3d.dir/stencils/heat-3d/heat-3d.cpp.o
[ 50%] Building CXX object CMakeFiles/adi.dir/stencils/adi/adi.cpp.o
[ 50%] Building CXX object CMakeFiles/floyd-warshall.dir/medley/floyd-warshall/floyd-warshall.cpp.o
[ 50%] Building CXX object CMakeFiles/jacobi-1d.dir/stencils/jacobi-1d/jacobi-1d.cpp.o
[ 50%] Building CXX object CMakeFiles/seidel-2d.dir/stencils/seidel-2d/seidel-2d.cpp.o
[ 50%] Building CXX object CMakeFiles/nussinov.dir/medley/nussinov/nussinov.cpp.o
[ 50%] Building CXX object CMakeFiles/ludcmp.dir/linear-algebra/solvers/ludcmp/ludcmp.cpp.o
[ 50%] Building CXX object CMakeFiles/lu.dir/linear-algebra/solvers/lu/lu.cpp.o
[ 50%] Building CXX object CMakeFiles/deriche.dir/medley/deriche/deriche.cpp.o
[ 51%] Linking CXX executable cholesky
[ 53%] Linking CXX executable nussinov
[ 55%] Linking CXX executable durbin
[ 55%] Built target durbin
[ 56%] Linking CXX executable jacobi-1d
[ 56%] Built target jacobi-1d
[ 58%] Linking CXX executable gesummv
[ 60%] Linking CXX executable mvt
[ 61%] Linking CXX executable trisolv
[ 63%] Linking CXX executable atax
[ 65%] Linking CXX executable jacobi-2d
[ 65%] Built target gesummv
[ 65%] Built target mvt
[ 65%] Built target trisolv
[ 66%] Linking CXX executable floyd-warshall
[ 68%] Linking CXX executable bicg
[ 68%] Built target atax
[ 68%] Built target jacobi-2d
[ 70%] Linking CXX executable seidel-2d
[ 71%] Linking CXX executable adi
[ 71%] Built target floyd-warshall
[ 71%] Built target bicg
[ 73%] Linking CXX executable lu
[ 76%] Linking CXX executable gemver
[ 76%] Linking CXX executable deriche
[ 76%] Built target seidel-2d
[ 76%] Built target adi
[ 76%] Built target gemver
[ 76%] Built target lu
[ 76%] Built target deriche
[ 80%] Linking CXX executable gemm
[ 80%] Linking CXX executable syr2k
[ 81%] Linking CXX executable syrk
[ 83%] Linking CXX executable doitgen
[ 83%] Built target gemm
[ 83%] Built target syr2k
[ 83%] Built target syrk
[ 85%] Linking CXX executable heat-3d
[ 86%] Linking CXX executable covariance
[ 86%] Built target doitgen
[ 88%] Built target heat-3d
[ 88%] Linking CXX executable symm
[ 88%] Built target covariance
[ 90%] Linking CXX executable ludcmp
[ 91%] Linking CXX executable gramschmidt
[ 91%] Built target symm
[ 91%] Built target ludcmp
[ 91%] Built target gramschmidt
[ 93%] Linking CXX executable correlation
[ 93%] Built target correlation
[ 95%] Linking CXX executable 2mm
[ 95%] Built target 2mm
[ 96%] Linking CXX executable 3mm
[ 96%] Built target 3mm
Skipping noarr all_hints 2mm repetition 2 for dataset size MINI (already done).
Skipping noarr all_hints 2mm repetition 2 for dataset size MINI (already done).
Skipping noarr all_hints 3mm repetition 2 for dataset size MINI (already done).
Skipping noarr all_hints 3mm repetition 2 for dataset size MINI (already done).
Skipping noarr all_hints adi repetition 2 for dataset size MINI (already done).
Skipping noarr all_hints adi repetition 2 for dataset size MINI (already done).
Skipping noarr all_hints atax repetition 2 for dataset size MINI (already done).
Skipping noarr all_hints atax repetition 2 for dataset size MINI (already done).
Skipping noarr all_hints bicg repetition 2 for dataset size MINI (already done).
Skipping noarr all_hints bicg repetition 2 for dataset size MINI (already done).
Skipping noarr all_hints correlation repetition 2 for dataset size MINI (already done).
Skipping noarr all_hints correlation repetition 2 for dataset size MINI (already done).
Skipping noarr all_hints covariance repetition 2 for dataset size MINI (already done).
Skipping noarr all_hints covariance repetition 2 for dataset size MINI (already done).
Skipping noarr all_hints deriche repetition 2 for dataset size MINI (already done).
Skipping noarr all_hints deriche repetition 2 for dataset size MINI (already done).
Skipping noarr all_hints doitgen repetition 2 for dataset size MINI (already done).
Skipping noarr all_hints doitgen repetition 2 for dataset size MINI (already done).
Skipping noarr all_hints durbin repetition 2 for dataset size MINI (already done).
Skipping noarr all_hints durbin repetition 2 for dataset size MINI (already done).
Skipping noarr all_hints floyd-warshall repetition 2 for dataset size MINI (already done).
Skipping noarr all_hints floyd-warshall repetition 2 for dataset size MINI (already done).
Skipping noarr all_hints gemm repetition 2 for dataset size MINI (already done).
Skipping noarr all_hints gemm repetition 2 for dataset size MINI (already done).
Skipping noarr all_hints gemver repetition 2 for dataset size MINI (already done).
Skipping noarr all_hints gemver repetition 2 for dataset size MINI (already done).
Skipping noarr all_hints gesummv repetition 2 for dataset size MINI (already done).
Skipping noarr all_hints gesummv repetition 2 for dataset size MINI (already done).
Skipping noarr all_hints heat-3d repetition 2 for dataset size MINI (already done).
Skipping noarr all_hints heat-3d repetition 2 for dataset size MINI (already done).
Skipping noarr all_hints jacobi-1d repetition 2 for dataset size MINI (already done).
Skipping noarr all_hints jacobi-1d repetition 2 for dataset size MINI (already done).
Skipping noarr all_hints jacobi-2d repetition 2 for dataset size MINI (already done).
Skipping noarr all_hints jacobi-2d repetition 2 for dataset size MINI (already done).
Skipping noarr all_hints lu repetition 2 for dataset size MINI (already done).
Skipping noarr all_hints lu repetition 2 for dataset size MINI (already done).
Skipping noarr all_hints ludcmp repetition 2 for dataset size MINI (already done).
Skipping noarr all_hints ludcmp repetition 2 for dataset size MINI (already done).
Skipping noarr all_hints mvt repetition 2 for dataset size MINI (already done).
Skipping noarr all_hints mvt repetition 2 for dataset size MINI (already done).
Skipping noarr all_hints seidel-2d repetition 2 for dataset size MINI (already done).
Skipping noarr all_hints seidel-2d repetition 2 for dataset size MINI (already done).
Skipping noarr all_hints symm repetition 2 for dataset size MINI (already done).
Skipping noarr all_hints symm repetition 2 for dataset size MINI (already done).
Skipping noarr all_hints syr2k repetition 2 for dataset size MINI (already done).
Skipping noarr all_hints syr2k repetition 2 for dataset size MINI (already done).
Skipping noarr all_hints syrk repetition 2 for dataset size MINI (already done).
Skipping noarr all_hints syrk repetition 2 for dataset size MINI (already done).
Skipping noarr all_hints trisolv repetition 2 for dataset size MINI (already done).
Skipping noarr all_hints trisolv repetition 2 for dataset size MINI (already done).
-- The CXX compiler identification is GNU 15.2.0
-- Detecting CXX compiler ABI info
-- Detecting CXX compiler ABI info - done
-- Check for working CXX compiler: /usr/local/latestgcc/bin/g++ - skipped
-- Detecting CXX compile features
-- Detecting CXX compile features - done
-- Using NOARR_STRUCTURES_DIR from environment: /home/kleplj/all_hints/submodules/noarr-structures
-- Configuring done (0.4s)
-- Generating done (0.8s)
-- Build files have been written to: /home/kleplj/all_hints/optimization/all_hints/PolybenchC-Noarr/build
[  3%] Building CXX object CMakeFiles/correlation.dir/datamining/correlation/correlation.cpp.o
[  6%] Building CXX object CMakeFiles/covariance.dir/datamining/covariance/covariance.cpp.o
[ 10%] Building CXX object CMakeFiles/gemm.dir/linear-algebra/blas/gemm/gemm.cpp.o
[ 13%] Building CXX object CMakeFiles/symm.dir/linear-algebra/blas/symm/symm.cpp.o
[ 13%] Building CXX object CMakeFiles/gemver.dir/linear-algebra/blas/gemver/gemver.cpp.o
[ 13%] Building CXX object CMakeFiles/gesummv.dir/linear-algebra/blas/gesummv/gesummv.cpp.o
[ 20%] Building CXX object CMakeFiles/3mm.dir/linear-algebra/kernels/3mm/3mm.cpp.o
[ 20%] Building CXX object CMakeFiles/trmm.dir/linear-algebra/blas/trmm/trmm.cpp.o
[ 20%] Building CXX object CMakeFiles/syr2k.dir/linear-algebra/blas/syr2k/syr2k.cpp.o
[ 20%] Building CXX object CMakeFiles/syrk.dir/linear-algebra/blas/syrk/syrk.cpp.o
[ 31%] Building CXX object CMakeFiles/doitgen.dir/linear-algebra/kernels/doitgen/doitgen.cpp.o
[ 50%] Building CXX object CMakeFiles/nussinov.dir/medley/nussinov/nussinov.cpp.o
[ 50%] Building CXX object CMakeFiles/heat-3d.dir/stencils/heat-3d/heat-3d.cpp.o
[ 50%] Building CXX object CMakeFiles/fdtd-2d.dir/stencils/fdtd-2d/fdtd-2d.cpp.o
[ 50%] Building CXX object CMakeFiles/gramschmidt.dir/linear-algebra/solvers/gramschmidt/gramschmidt.cpp.o
[ 50%] Building CXX object CMakeFiles/deriche.dir/medley/deriche/deriche.cpp.o
[ 50%] Building CXX object CMakeFiles/adi.dir/stencils/adi/adi.cpp.o
[ 50%] Building CXX object CMakeFiles/cholesky.dir/linear-algebra/solvers/cholesky/cholesky.cpp.o
[ 50%] Building CXX object CMakeFiles/2mm.dir/linear-algebra/kernels/2mm/2mm.cpp.o
[ 50%] Building CXX object CMakeFiles/mvt.dir/linear-algebra/kernels/mvt/mvt.cpp.o
[ 50%] Building CXX object CMakeFiles/bicg.dir/linear-algebra/kernels/bicg/bicg.cpp.o
[ 50%] Building CXX object CMakeFiles/trisolv.dir/linear-algebra/solvers/trisolv/trisolv.cpp.o
[ 50%] Building CXX object CMakeFiles/atax.dir/linear-algebra/kernels/atax/atax.cpp.o
[ 50%] Building CXX object CMakeFiles/ludcmp.dir/linear-algebra/solvers/ludcmp/ludcmp.cpp.o
[ 50%] Building CXX object CMakeFiles/lu.dir/linear-algebra/solvers/lu/lu.cpp.o
[ 50%] Building CXX object CMakeFiles/durbin.dir/linear-algebra/solvers/durbin/durbin.cpp.o
[ 50%] Building CXX object CMakeFiles/jacobi-1d.dir/stencils/jacobi-1d/jacobi-1d.cpp.o
[ 50%] Building CXX object CMakeFiles/jacobi-2d.dir/stencils/jacobi-2d/jacobi-2d.cpp.o
[ 50%] Building CXX object CMakeFiles/floyd-warshall.dir/medley/floyd-warshall/floyd-warshall.cpp.o
[ 50%] Building CXX object CMakeFiles/seidel-2d.dir/stencils/seidel-2d/seidel-2d.cpp.o
[ 53%] Linking CXX executable cholesky
[ 53%] Linking CXX executable nussinov
[ 55%] Linking CXX executable jacobi-1d
[ 56%] Linking CXX executable durbin
[ 56%] Built target jacobi-1d
[ 58%] Built target durbin
[ 58%] Linking CXX executable trisolv
[ 60%] Linking CXX executable gesummv
[ 61%] Linking CXX executable bicg
[ 61%] Built target trisolv
[ 63%] Built target gesummv
[ 63%] Linking CXX executable floyd-warshall
[ 65%] Linking CXX executable jacobi-2d
[ 65%] Built target bicg
[ 66%] Linking CXX executable mvt
[ 68%] Linking CXX executable adi
[ 68%] Built target floyd-warshall
[ 68%] Built target jacobi-2d
[ 70%] Linking CXX executable seidel-2d
[ 71%] Linking CXX executable deriche
[ 71%] Built target mvt
[ 71%] Built target adi
[ 73%] Linking CXX executable atax
[ 75%] Linking CXX executable lu
[ 75%] Built target seidel-2d
[ 75%] Built target deriche
[ 75%] Built target atax
[ 75%] Built target lu
[ 76%] Linking CXX executable symm
[ 78%] Linking CXX executable syrk
[ 80%] Linking CXX executable syr2k
[ 81%] Linking CXX executable doitgen
[ 83%] Linking CXX executable gemver
[ 85%] Linking CXX executable heat-3d
[ 85%] Built target symm
[ 86%] Linking CXX executable trmm
[ 86%] Built target syrk
[ 86%] Built target syr2k
[ 86%] Built target doitgen
[ 88%] Linking CXX executable gemm
[ 88%] Built target gemver
[ 90%] Linking CXX executable gramschmidt
[ 90%] Built target heat-3d
[ 90%] Built target trmm
[ 90%] Built target gemm
[ 90%] Built target gramschmidt
[ 91%] Linking CXX executable ludcmp
[ 91%] Built target ludcmp
[ 93%] Linking CXX executable covariance
[ 93%] Built target covariance
[ 95%] Linking CXX executable correlation
[ 95%] Built target correlation
[ 96%] Linking CXX executable 2mm
[ 96%] Built target 2mm
[ 98%] Linking CXX executable 3mm
[ 98%] Built target 3mm
Skipping noarr all_hints 2mm repetition 3 for dataset size MINI (already done).
Skipping noarr all_hints 2mm repetition 3 for dataset size MINI (already done).
Skipping noarr all_hints 3mm repetition 3 for dataset size MINI (already done).
Skipping noarr all_hints 3mm repetition 3 for dataset size MINI (already done).
Skipping noarr all_hints adi repetition 3 for dataset size MINI (already done).
Skipping noarr all_hints adi repetition 3 for dataset size MINI (already done).
Skipping noarr all_hints atax repetition 3 for dataset size MINI (already done).
Skipping noarr all_hints atax repetition 3 for dataset size MINI (already done).
Skipping noarr all_hints bicg repetition 3 for dataset size MINI (already done).
Skipping noarr all_hints bicg repetition 3 for dataset size MINI (already done).
Skipping noarr all_hints correlation repetition 3 for dataset size MINI (already done).
Skipping noarr all_hints correlation repetition 3 for dataset size MINI (already done).
Skipping noarr all_hints covariance repetition 3 for dataset size MINI (already done).
Skipping noarr all_hints covariance repetition 3 for dataset size MINI (already done).
Skipping noarr all_hints deriche repetition 3 for dataset size MINI (already done).
Skipping noarr all_hints deriche repetition 3 for dataset size MINI (already done).
Skipping noarr all_hints doitgen repetition 3 for dataset size MINI (already done).
Skipping noarr all_hints doitgen repetition 3 for dataset size MINI (already done).
Skipping noarr all_hints durbin repetition 3 for dataset size MINI (already done).
Skipping noarr all_hints durbin repetition 3 for dataset size MINI (already done).
Skipping noarr all_hints floyd-warshall repetition 3 for dataset size MINI (already done).
Skipping noarr all_hints floyd-warshall repetition 3 for dataset size MINI (already done).
Skipping noarr all_hints gemm repetition 3 for dataset size MINI (already done).
Skipping noarr all_hints gemm repetition 3 for dataset size MINI (already done).
Skipping noarr all_hints gemver repetition 3 for dataset size MINI (already done).
Skipping noarr all_hints gemver repetition 3 for dataset size MINI (already done).
Skipping noarr all_hints gesummv repetition 3 for dataset size MINI (already done).
Skipping noarr all_hints gesummv repetition 3 for dataset size MINI (already done).
Skipping noarr all_hints heat-3d repetition 3 for dataset size MINI (already done).
Skipping noarr all_hints heat-3d repetition 3 for dataset size MINI (already done).
Skipping noarr all_hints jacobi-1d repetition 3 for dataset size MINI (already done).
Skipping noarr all_hints jacobi-1d repetition 3 for dataset size MINI (already done).
Skipping noarr all_hints jacobi-2d repetition 3 for dataset size MINI (already done).
Skipping noarr all_hints jacobi-2d repetition 3 for dataset size MINI (already done).
Skipping noarr all_hints lu repetition 3 for dataset size MINI (already done).
Skipping noarr all_hints lu repetition 3 for dataset size MINI (already done).
Skipping noarr all_hints ludcmp repetition 3 for dataset size MINI (already done).
Skipping noarr all_hints ludcmp repetition 3 for dataset size MINI (already done).
Skipping noarr all_hints mvt repetition 3 for dataset size MINI (already done).
Skipping noarr all_hints mvt repetition 3 for dataset size MINI (already done).
Skipping noarr all_hints seidel-2d repetition 3 for dataset size MINI (already done).
Skipping noarr all_hints seidel-2d repetition 3 for dataset size MINI (already done).
Skipping noarr all_hints symm repetition 3 for dataset size MINI (already done).
Skipping noarr all_hints symm repetition 3 for dataset size MINI (already done).
Skipping noarr all_hints syr2k repetition 3 for dataset size MINI (already done).
Skipping noarr all_hints syr2k repetition 3 for dataset size MINI (already done).
Skipping noarr all_hints syrk repetition 3 for dataset size MINI (already done).
Skipping noarr all_hints syrk repetition 3 for dataset size MINI (already done).
Skipping noarr all_hints trisolv repetition 3 for dataset size MINI (already done).
Skipping noarr all_hints trisolv repetition 3 for dataset size MINI (already done).
Skipping noarr all_hints trmm repetition 3 for dataset size MINI (already done).
Skipping noarr all_hints trmm repetition 3 for dataset size MINI (already done).
-- The CXX compiler identification is GNU 15.2.0
-- Detecting CXX compiler ABI info
-- Detecting CXX compiler ABI info - done
-- Check for working CXX compiler: /usr/local/latestgcc/bin/g++ - skipped
-- Detecting CXX compile features
-- Detecting CXX compile features - done
-- Using NOARR_STRUCTURES_DIR from environment: /home/kleplj/all_hints/submodules/noarr-structures
-- Configuring done (0.4s)
-- Generating done (0.7s)
-- Build files have been written to: /home/kleplj/all_hints/optimization/all_hints/PolybenchC-Noarr/build
[  1%] Building CXX object CMakeFiles/correlation.dir/datamining/correlation/correlation.cpp.o
[ 13%] Building CXX object CMakeFiles/gemm.dir/linear-algebra/blas/gemm/gemm.cpp.o
[ 13%] Building CXX object CMakeFiles/gemver.dir/linear-algebra/blas/gemver/gemver.cpp.o
[ 13%] Building CXX object CMakeFiles/covariance.dir/datamining/covariance/covariance.cpp.o
[ 13%] Building CXX object CMakeFiles/gesummv.dir/linear-algebra/blas/gesummv/gesummv.cpp.o
[ 21%] Building CXX object CMakeFiles/syrk.dir/linear-algebra/blas/syrk/syrk.cpp.o
[ 21%] Building CXX object CMakeFiles/doitgen.dir/linear-algebra/kernels/doitgen/doitgen.cpp.o
[ 21%] Building CXX object CMakeFiles/syr2k.dir/linear-algebra/blas/syr2k/syr2k.cpp.o
[ 21%] Building CXX object CMakeFiles/2mm.dir/linear-algebra/kernels/2mm/2mm.cpp.o
[ 21%] Building CXX object CMakeFiles/symm.dir/linear-algebra/blas/symm/symm.cpp.o
[ 46%] Building CXX object CMakeFiles/atax.dir/linear-algebra/kernels/atax/atax.cpp.o
[ 46%] Building CXX object CMakeFiles/3mm.dir/linear-algebra/kernels/3mm/3mm.cpp.o
[ 46%] Building CXX object CMakeFiles/cholesky.dir/linear-algebra/solvers/cholesky/cholesky.cpp.o
[ 46%] Building CXX object CMakeFiles/mvt.dir/linear-algebra/kernels/mvt/mvt.cpp.o
[ 46%] Building CXX object CMakeFiles/trmm.dir/linear-algebra/blas/trmm/trmm.cpp.o
[ 46%] Building CXX object CMakeFiles/bicg.dir/linear-algebra/kernels/bicg/bicg.cpp.o
[ 50%] Building CXX object CMakeFiles/jacobi-1d.dir/stencils/jacobi-1d/jacobi-1d.cpp.o
[ 50%] Building CXX object CMakeFiles/floyd-warshall.dir/medley/floyd-warshall/floyd-warshall.cpp.o
[ 50%] Building CXX object CMakeFiles/trisolv.dir/linear-algebra/solvers/trisolv/trisolv.cpp.o
[ 50%] Building CXX object CMakeFiles/nussinov.dir/medley/nussinov/nussinov.cpp.o
[ 50%] Building CXX object CMakeFiles/durbin.dir/linear-algebra/solvers/durbin/durbin.cpp.o
[ 50%] Building CXX object CMakeFiles/heat-3d.dir/stencils/heat-3d/heat-3d.cpp.o
[ 50%] Building CXX object CMakeFiles/gramschmidt.dir/linear-algebra/solvers/gramschmidt/gramschmidt.cpp.o
[ 50%] Building CXX object CMakeFiles/fdtd-2d.dir/stencils/fdtd-2d/fdtd-2d.cpp.o
[ 50%] Building CXX object CMakeFiles/ludcmp.dir/linear-algebra/solvers/ludcmp/ludcmp.cpp.o
[ 50%] Building CXX object CMakeFiles/deriche.dir/medley/deriche/deriche.cpp.o
[ 50%] Building CXX object CMakeFiles/lu.dir/linear-algebra/solvers/lu/lu.cpp.o
[ 50%] Building CXX object CMakeFiles/adi.dir/stencils/adi/adi.cpp.o
[ 50%] Building CXX object CMakeFiles/jacobi-2d.dir/stencils/jacobi-2d/jacobi-2d.cpp.o
[ 50%] Building CXX object CMakeFiles/seidel-2d.dir/stencils/seidel-2d/seidel-2d.cpp.o
[ 53%] Linking CXX executable nussinov
[ 53%] Linking CXX executable cholesky
[ 55%] Linking CXX executable jacobi-1d
[ 56%] Linking CXX executable durbin
[ 56%] Built target jacobi-1d
[ 58%] Linking CXX executable seidel-2d
[ 58%] Built target durbin
[ 60%] Linking CXX executable floyd-warshall
[ 61%] Linking CXX executable gesummv
[ 63%] Linking CXX executable atax
[ 63%] Built target seidel-2d
[ 65%] Linking CXX executable trisolv
[ 65%] Built target floyd-warshall
[ 65%] Built target gesummv
[ 66%] Linking CXX executable jacobi-2d
[ 66%] Built target atax
[ 66%] Built target trisolv
[ 68%] Linking CXX executable adi
[ 68%] Built target jacobi-2d
[ 70%] Linking CXX executable mvt
[ 71%] Linking CXX executable syrk
[ 71%] Built target adi
[ 75%] Linking CXX executable trmm
[ 75%] Linking CXX executable deriche
[ 75%] Built target mvt
[ 76%] Linking CXX executable lu
[ 76%] Built target syrk
[ 76%] Built target trmm
[ 76%] Built target deriche
[ 78%] Linking CXX executable gemver
[ 78%] Built target lu
[ 80%] Linking CXX executable symm
[ 80%] Built target gemver
[ 81%] Linking CXX executable gemm
[ 81%] Built target symm
[ 85%] Linking CXX executable bicg
[ 85%] Linking CXX executable syr2k
[ 86%] Linking CXX executable covariance
[ 88%] Linking CXX executable heat-3d
[ 88%] Built target gemm
[ 90%] Linking CXX executable gramschmidt
[ 91%] Linking CXX executable doitgen
[ 91%] Built target syr2k
[ 91%] Built target bicg
[ 93%] Linking CXX executable fdtd-2d
[ 93%] Built target covariance
[ 93%] Built target heat-3d
[ 93%] Built target gramschmidt
[ 93%] Built target doitgen
[ 93%] Built target fdtd-2d
[ 95%] Linking CXX executable ludcmp
[ 95%] Built target ludcmp
[ 96%] Linking CXX executable correlation
[ 96%] Built target correlation
[ 98%] Linking CXX executable 2mm
[ 98%] Built target 2mm
[100%] Linking CXX executable 3mm
[100%] Built target 3mm
Skipping noarr all_hints 2mm repetition 4 for dataset size MINI (already done).
Skipping noarr all_hints 2mm repetition 4 for dataset size MINI (already done).
Skipping noarr all_hints 3mm repetition 4 for dataset size MINI (already done).
Skipping noarr all_hints 3mm repetition 4 for dataset size MINI (already done).
Skipping noarr all_hints adi repetition 4 for dataset size MINI (already done).
Skipping noarr all_hints adi repetition 4 for dataset size MINI (already done).
Skipping noarr all_hints atax repetition 4 for dataset size MINI (already done).
Skipping noarr all_hints atax repetition 4 for dataset size MINI (already done).
Skipping noarr all_hints bicg repetition 4 for dataset size MINI (already done).
Skipping noarr all_hints bicg repetition 4 for dataset size MINI (already done).
Skipping noarr all_hints correlation repetition 4 for dataset size MINI (already done).
Skipping noarr all_hints correlation repetition 4 for dataset size MINI (already done).
Skipping noarr all_hints covariance repetition 4 for dataset size MINI (already done).
Skipping noarr all_hints covariance repetition 4 for dataset size MINI (already done).
Skipping noarr all_hints doitgen repetition 4 for dataset size MINI (already done).
Skipping noarr all_hints doitgen repetition 4 for dataset size MINI (already done).
Skipping noarr all_hints durbin repetition 4 for dataset size MINI (already done).
Skipping noarr all_hints durbin repetition 4 for dataset size MINI (already done).
Skipping noarr all_hints fdtd-2d repetition 4 for dataset size MINI (already done).
Skipping noarr all_hints fdtd-2d repetition 4 for dataset size MINI (already done).
Skipping noarr all_hints floyd-warshall repetition 4 for dataset size MINI (already done).
Skipping noarr all_hints floyd-warshall repetition 4 for dataset size MINI (already done).
Skipping noarr all_hints gemm repetition 4 for dataset size MINI (already done).
Skipping noarr all_hints gemm repetition 4 for dataset size MINI (already done).
Skipping noarr all_hints gemver repetition 4 for dataset size MINI (already done).
Skipping noarr all_hints gemver repetition 4 for dataset size MINI (already done).
Skipping noarr all_hints gesummv repetition 4 for dataset size MINI (already done).
Skipping noarr all_hints gesummv repetition 4 for dataset size MINI (already done).
Skipping noarr all_hints heat-3d repetition 4 for dataset size MINI (already done).
Skipping noarr all_hints heat-3d repetition 4 for dataset size MINI (already done).
Skipping noarr all_hints jacobi-1d repetition 4 for dataset size MINI (already done).
Skipping noarr all_hints jacobi-1d repetition 4 for dataset size MINI (already done).
Skipping noarr all_hints jacobi-2d repetition 4 for dataset size MINI (already done).
Skipping noarr all_hints jacobi-2d repetition 4 for dataset size MINI (already done).
Skipping noarr all_hints lu repetition 4 for dataset size MINI (already done).
Skipping noarr all_hints lu repetition 4 for dataset size MINI (already done).
Skipping noarr all_hints ludcmp repetition 4 for dataset size MINI (already done).
Skipping noarr all_hints ludcmp repetition 4 for dataset size MINI (already done).
Skipping noarr all_hints mvt repetition 4 for dataset size MINI (already done).
Skipping noarr all_hints mvt repetition 4 for dataset size MINI (already done).
Skipping noarr all_hints seidel-2d repetition 4 for dataset size MINI (already done).
Skipping noarr all_hints seidel-2d repetition 4 for dataset size MINI (already done).
Skipping noarr all_hints symm repetition 4 for dataset size MINI (already done).
Skipping noarr all_hints symm repetition 4 for dataset size MINI (already done).
Skipping noarr all_hints syr2k repetition 4 for dataset size MINI (already done).
Skipping noarr all_hints syr2k repetition 4 for dataset size MINI (already done).
Skipping noarr all_hints syrk repetition 4 for dataset size MINI (already done).
Skipping noarr all_hints syrk repetition 4 for dataset size MINI (already done).
Skipping noarr all_hints trisolv repetition 4 for dataset size MINI (already done).
Skipping noarr all_hints trisolv repetition 4 for dataset size MINI (already done).
Skipping noarr all_hints trmm repetition 4 for dataset size MINI (already done).
Skipping noarr all_hints trmm repetition 4 for dataset size MINI (already done).
-- The CXX compiler identification is GNU 15.2.0
-- Detecting CXX compiler ABI info
-- Detecting CXX compiler ABI info - done
-- Check for working CXX compiler: /usr/local/latestgcc/bin/g++ - skipped
-- Detecting CXX compile features
-- Detecting CXX compile features - done
-- Using NOARR_STRUCTURES_DIR from environment: /home/kleplj/all_hints/submodules/noarr-structures
-- Configuring done (0.4s)
-- Generating done (0.7s)
-- Build files have been written to: /home/kleplj/all_hints/optimization/all_hints/PolybenchC-Noarr/build
[  5%] Building CXX object CMakeFiles/covariance.dir/datamining/covariance/covariance.cpp.o
[  5%] Building CXX object CMakeFiles/correlation.dir/datamining/correlation/correlation.cpp.o
[ 11%] Building CXX object CMakeFiles/gemm.dir/linear-algebra/blas/gemm/gemm.cpp.o
[ 11%] Building CXX object CMakeFiles/gemver.dir/linear-algebra/blas/gemver/gemver.cpp.o
[ 18%] Building CXX object CMakeFiles/syrk.dir/linear-algebra/blas/syrk/syrk.cpp.o
[ 18%] Building CXX object CMakeFiles/symm.dir/linear-algebra/blas/symm/symm.cpp.o
[ 18%] Building CXX object CMakeFiles/gesummv.dir/linear-algebra/blas/gesummv/gesummv.cpp.o
[ 18%] Building CXX object CMakeFiles/syr2k.dir/linear-algebra/blas/syr2k/syr2k.cpp.o
[ 30%] Building CXX object CMakeFiles/cholesky.dir/linear-algebra/solvers/cholesky/cholesky.cpp.o
[ 30%] Building CXX object CMakeFiles/bicg.dir/linear-algebra/kernels/bicg/bicg.cpp.o
[ 48%] Building CXX object CMakeFiles/atax.dir/linear-algebra/kernels/atax/atax.cpp.o
[ 48%] Building CXX object CMakeFiles/mvt.dir/linear-algebra/kernels/mvt/mvt.cpp.o
[ 48%] Building CXX object CMakeFiles/trmm.dir/linear-algebra/blas/trmm/trmm.cpp.o
[ 48%] Building CXX object CMakeFiles/3mm.dir/linear-algebra/kernels/3mm/3mm.cpp.o
[ 48%] Building CXX object CMakeFiles/2mm.dir/linear-algebra/kernels/2mm/2mm.cpp.o
[ 48%] Building CXX object CMakeFiles/doitgen.dir/linear-algebra/kernels/doitgen/doitgen.cpp.o
[ 50%] Building CXX object CMakeFiles/durbin.dir/linear-algebra/solvers/durbin/durbin.cpp.o
[ 50%] Building CXX object CMakeFiles/ludcmp.dir/linear-algebra/solvers/ludcmp/ludcmp.cpp.o
[ 50%] Building CXX object CMakeFiles/nussinov.dir/medley/nussinov/nussinov.cpp.o
[ 50%] Building CXX object CMakeFiles/lu.dir/linear-algebra/solvers/lu/lu.cpp.o
[ 50%] Building CXX object CMakeFiles/heat-3d.dir/stencils/heat-3d/heat-3d.cpp.o
[ 50%] Building CXX object CMakeFiles/fdtd-2d.dir/stencils/fdtd-2d/fdtd-2d.cpp.o
[ 50%] Building CXX object CMakeFiles/jacobi-1d.dir/stencils/jacobi-1d/jacobi-1d.cpp.o
[ 50%] Building CXX object CMakeFiles/adi.dir/stencils/adi/adi.cpp.o
[ 50%] Building CXX object CMakeFiles/floyd-warshall.dir/medley/floyd-warshall/floyd-warshall.cpp.o
[ 50%] Building CXX object CMakeFiles/gramschmidt.dir/linear-algebra/solvers/gramschmidt/gramschmidt.cpp.o
[ 50%] Building CXX object CMakeFiles/trisolv.dir/linear-algebra/solvers/trisolv/trisolv.cpp.o
[ 50%] Building CXX object CMakeFiles/jacobi-2d.dir/stencils/jacobi-2d/jacobi-2d.cpp.o
[ 50%] Building CXX object CMakeFiles/deriche.dir/medley/deriche/deriche.cpp.o
[ 50%] Building CXX object CMakeFiles/seidel-2d.dir/stencils/seidel-2d/seidel-2d.cpp.o
[ 51%] Linking CXX executable cholesky
[ 53%] Linking CXX executable nussinov
[ 55%] Linking CXX executable durbin
[ 56%] Linking CXX executable jacobi-1d
[ 56%] Built target durbin
[ 56%] Built target jacobi-1d
[ 58%] Linking CXX executable seidel-2d
[ 60%] Linking CXX executable gesummv
[ 61%] Linking CXX executable trisolv
[ 63%] Linking CXX executable mvt
[ 65%] Linking CXX executable floyd-warshall
[ 66%] Linking CXX executable bicg
[ 66%] Built target seidel-2d
[ 68%] Linking CXX executable jacobi-2d
[ 68%] Built target gesummv
[ 68%] Built target trisolv
[ 68%] Built target mvt
[ 68%] Built target floyd-warshall
[ 68%] Built target bicg
[ 68%] Built target jacobi-2d
[ 70%] Linking CXX executable adi
[ 71%] Linking CXX executable trmm
[ 73%] Linking CXX executable lu
[ 73%] Built target adi
[ 73%] Built target trmm
[ 75%] Linking CXX executable atax
[ 76%] Linking CXX executable syrk
[ 78%] Linking CXX executable deriche
[ 78%] Built target lu
[ 80%] Linking CXX executable gemver
[ 81%] Built target atax
[ 81%] Linking CXX executable doitgen
[ 83%] Linking CXX executable fdtd-2d
[ 83%] Built target syrk
[ 83%] Built target deriche
[ 85%] Linking CXX executable heat-3d
[ 85%] Built target gemver
[ 86%] Linking CXX executable covariance
[ 86%] Built target doitgen
[ 88%] Linking CXX executable gemm
[ 88%] Built target fdtd-2d
[ 90%] Linking CXX executable syr2k
[ 90%] Built target heat-3d
[ 90%] Built target gemm
[ 90%] Built target covariance
[ 91%] Linking CXX executable gramschmidt
[ 91%] Built target syr2k
[ 93%] Linking CXX executable ludcmp
[ 93%] Built target gramschmidt
[ 95%] Linking CXX executable symm
[ 95%] Built target ludcmp
[ 95%] Built target symm
[ 96%] Linking CXX executable correlation
[ 96%] Built target correlation
[ 98%] Linking CXX executable 2mm
[ 98%] Built target 2mm
[100%] Linking CXX executable 3mm
[100%] Built target 3mm
Skipping noarr all_hints 2mm repetition 5 for dataset size MINI (already done).
Skipping noarr all_hints 2mm repetition 5 for dataset size MINI (already done).
Skipping noarr all_hints 3mm repetition 5 for dataset size MINI (already done).
Skipping noarr all_hints 3mm repetition 5 for dataset size MINI (already done).
Skipping noarr all_hints adi repetition 5 for dataset size MINI (already done).
Skipping noarr all_hints adi repetition 5 for dataset size MINI (already done).
Skipping noarr all_hints atax repetition 5 for dataset size MINI (already done).
Skipping noarr all_hints atax repetition 5 for dataset size MINI (already done).
Skipping noarr all_hints bicg repetition 5 for dataset size MINI (already done).
Skipping noarr all_hints bicg repetition 5 for dataset size MINI (already done).
Skipping noarr all_hints correlation repetition 5 for dataset size MINI (already done).
Skipping noarr all_hints correlation repetition 5 for dataset size MINI (already done).
Skipping noarr all_hints covariance repetition 5 for dataset size MINI (already done).
Skipping noarr all_hints covariance repetition 5 for dataset size MINI (already done).
Skipping noarr all_hints doitgen repetition 5 for dataset size MINI (already done).
Skipping noarr all_hints doitgen repetition 5 for dataset size MINI (already done).
Skipping noarr all_hints durbin repetition 5 for dataset size MINI (already done).
Skipping noarr all_hints durbin repetition 5 for dataset size MINI (already done).
Skipping noarr all_hints fdtd-2d repetition 5 for dataset size MINI (already done).
Skipping noarr all_hints fdtd-2d repetition 5 for dataset size MINI (already done).
Skipping noarr all_hints floyd-warshall repetition 5 for dataset size MINI (already done).
Skipping noarr all_hints floyd-warshall repetition 5 for dataset size MINI (already done).
Skipping noarr all_hints gemm repetition 5 for dataset size MINI (already done).
Skipping noarr all_hints gemm repetition 5 for dataset size MINI (already done).
Skipping noarr all_hints gemver repetition 5 for dataset size MINI (already done).
Skipping noarr all_hints gemver repetition 5 for dataset size MINI (already done).
Skipping noarr all_hints gesummv repetition 5 for dataset size MINI (already done).
Skipping noarr all_hints gesummv repetition 5 for dataset size MINI (already done).
Skipping noarr all_hints heat-3d repetition 5 for dataset size MINI (already done).
Skipping noarr all_hints heat-3d repetition 5 for dataset size MINI (already done).
Skipping noarr all_hints jacobi-1d repetition 5 for dataset size MINI (already done).
Skipping noarr all_hints jacobi-1d repetition 5 for dataset size MINI (already done).
Skipping noarr all_hints jacobi-2d repetition 5 for dataset size MINI (already done).
Skipping noarr all_hints jacobi-2d repetition 5 for dataset size MINI (already done).
Skipping noarr all_hints lu repetition 5 for dataset size MINI (already done).
Skipping noarr all_hints lu repetition 5 for dataset size MINI (already done).
Skipping noarr all_hints ludcmp repetition 5 for dataset size MINI (already done).
Skipping noarr all_hints ludcmp repetition 5 for dataset size MINI (already done).
Skipping noarr all_hints mvt repetition 5 for dataset size MINI (already done).
Skipping noarr all_hints mvt repetition 5 for dataset size MINI (already done).
Skipping noarr all_hints seidel-2d repetition 5 for dataset size MINI (already done).
Skipping noarr all_hints seidel-2d repetition 5 for dataset size MINI (already done).
Skipping noarr all_hints symm repetition 5 for dataset size MINI (already done).
Skipping noarr all_hints symm repetition 5 for dataset size MINI (already done).
Skipping noarr all_hints syr2k repetition 5 for dataset size MINI (already done).
Skipping noarr all_hints syr2k repetition 5 for dataset size MINI (already done).
Skipping noarr all_hints syrk repetition 5 for dataset size MINI (already done).
Skipping noarr all_hints syrk repetition 5 for dataset size MINI (already done).
Skipping noarr all_hints trisolv repetition 5 for dataset size MINI (already done).
Skipping noarr all_hints trisolv repetition 5 for dataset size MINI (already done).
Skipping noarr all_hints trmm repetition 5 for dataset size MINI (already done).
Skipping noarr all_hints trmm repetition 5 for dataset size MINI (already done).
-- The CXX compiler identification is GNU 15.2.0
-- Detecting CXX compiler ABI info
-- Detecting CXX compiler ABI info - done
-- Check for working CXX compiler: /usr/local/latestgcc/bin/g++ - skipped
-- Detecting CXX compile features
-- Detecting CXX compile features - done
-- Found Python: /home/kleplj/all_hints/gpt-querying/.venv/bin/python3.9 (found suitable version "3.9.21", minimum required is "3") found components: Interpreter Development.Module
-- Halide 'host' platform triple:   x86-64-linux
-- Halide 'cmake' platform triple:  x86-64-linux
-- Halide default AOT target:       host
-- Found ZLIB: /usr/lib64/libz.so (found version "1.2.11")
-- Could NOT find PNG (missing: PNG_LIBRARY PNG_PNG_INCLUDE_DIR) 
-- Could NOT find JPEG (missing: JPEG_LIBRARY JPEG_INCLUDE_DIR) 
-- Configuring done (0.8s)
-- Generating done (0.7s)
-- Build files have been written to: /home/kleplj/all_hints/optimization/all_hints/PolybenchC-Halide/build
[  5%] Building CXX object CMakeFiles/correlation.dir/datamining/correlation/correlation.cpp.o
[  8%] Building CXX object CMakeFiles/gemm.dir/linear-algebra/blas/gemm/gemm.cpp.o
[  8%] Building CXX object CMakeFiles/covariance.dir/datamining/covariance/covariance.cpp.o
[ 10%] Building CXX object CMakeFiles/gemver.dir/linear-algebra/blas/gemver/gemver.cpp.o
[ 15%] Building CXX object CMakeFiles/symm.dir/linear-algebra/blas/symm/symm.cpp.o
[ 16%] Building CXX object CMakeFiles/syrk.dir/linear-algebra/blas/syrk/syrk.cpp.o
[ 15%] Building CXX object CMakeFiles/gesummv.dir/linear-algebra/blas/gesummv/gesummv.cpp.o
[ 18%] Building CXX object CMakeFiles/trmm.dir/linear-algebra/blas/trmm/trmm.cpp.o
[ 18%] Building CXX object CMakeFiles/syr2k.dir/linear-algebra/blas/syr2k/syr2k.cpp.o
[ 30%] Building CXX object CMakeFiles/doitgen.dir/linear-algebra/kernels/doitgen/doitgen.cpp.o
[ 45%] Building CXX object CMakeFiles/2mm.dir/linear-algebra/kernels/2mm/2mm.cpp.o
[ 45%] Building CXX object CMakeFiles/atax.dir/linear-algebra/kernels/atax/atax.cpp.o
[ 45%] Building CXX object CMakeFiles/bicg.dir/linear-algebra/kernels/bicg/bicg.cpp.o
[ 45%] Building CXX object CMakeFiles/mvt.dir/linear-algebra/kernels/mvt/mvt.cpp.o
[ 45%] Building CXX object CMakeFiles/3mm.dir/linear-algebra/kernels/3mm/3mm.cpp.o
[ 50%] Building CXX object CMakeFiles/cholesky.dir/linear-algebra/solvers/cholesky/cholesky.cpp.o
[ 50%] Building CXX object CMakeFiles/lu.dir/linear-algebra/solvers/lu/lu.cpp.o
[ 50%] Building CXX object CMakeFiles/ludcmp.dir/linear-algebra/solvers/ludcmp/ludcmp.cpp.o
[ 50%] Building CXX object CMakeFiles/trisolv.dir/linear-algebra/solvers/trisolv/trisolv.cpp.o
[ 50%] Building CXX object CMakeFiles/gramschmidt.dir/linear-algebra/solvers/gramschmidt/gramschmidt.cpp.o
[ 50%] Building CXX object CMakeFiles/deriche.dir/medley/deriche/deriche.cpp.o
[ 50%] Building CXX object CMakeFiles/durbin.dir/linear-algebra/solvers/durbin/durbin.cpp.o
[ 50%] Building CXX object CMakeFiles/nussinov.dir/medley/nussinov/nussinov.cpp.o
[ 50%] Building CXX object CMakeFiles/jacobi-1d.dir/stencils/jacobi-1d/jacobi-1d.cpp.o
[ 50%] Building CXX object CMakeFiles/heat-3d.dir/stencils/heat-3d/heat-3d.cpp.o
[ 50%] Building CXX object CMakeFiles/fdtd-2d.dir/stencils/fdtd-2d/fdtd-2d.cpp.o
[ 50%] Building CXX object CMakeFiles/floyd-warshall.dir/medley/floyd-warshall/floyd-warshall.cpp.o
[ 50%] Building CXX object CMakeFiles/adi.dir/stencils/adi/adi.cpp.o
[ 50%] Building CXX object CMakeFiles/seidel-2d.dir/stencils/seidel-2d/seidel-2d.cpp.o
[ 50%] Building CXX object CMakeFiles/jacobi-2d.dir/stencils/jacobi-2d/jacobi-2d.cpp.o
[ 51%] Linking CXX executable gemver
[ 53%] Linking CXX executable gramschmidt
[ 55%] Linking CXX executable covariance
[ 56%] Linking CXX executable floyd-warshall
[ 58%] Linking CXX executable gemm
[ 60%] Linking CXX executable seidel-2d
[ 61%] Linking CXX executable jacobi-1d
[ 61%] Built target floyd-warshall
[ 61%] Built target covariance
[ 63%] Linking CXX executable 3mm
[ 65%] Linking CXX executable adi
[ 65%] Built target gemm
[ 65%] Built target seidel-2d
[ 66%] Linking CXX executable symm
[ 68%] Linking CXX executable correlation
[ 68%] Built target jacobi-1d
[ 68%] Built target 3mm
[ 70%] Linking CXX executable deriche
[ 71%] Linking CXX executable durbin
[ 71%] Built target adi
[ 71%] Built target symm
[ 71%] Built target correlation
[ 73%] Linking CXX executable 2mm
[ 73%] Built target deriche
[ 73%] Built target durbin
[ 75%] Linking CXX executable gesummv
[ 75%] Built target 2mm
[ 76%] Linking CXX executable doitgen
[ 76%] Built target gesummv
[ 78%] Linking CXX executable bicg
[ 78%] Built target doitgen
[ 78%] Built target bicg
[ 80%] Linking CXX executable mvt
[ 81%] Linking CXX executable heat-3d
[ 83%] Linking CXX executable trisolv
[ 83%] Built target mvt
[ 83%] Built target heat-3d
[ 83%] Built target trisolv
[ 85%] Linking CXX executable fdtd-2d
[ 86%] Linking CXX executable lu
[ 86%] Built target fdtd-2d
[ 86%] Built target lu
[ 88%] Linking CXX executable cholesky
[ 88%] Built target cholesky
Skipping halide all_hints adi repetition 1 for dataset size MINI (already done).
Skipping halide all_hints adi repetition 1 for dataset size MINI (already done).
Skipping halide all_hints deriche repetition 1 for dataset size MINI (already done).
Skipping halide all_hints deriche repetition 1 for dataset size MINI (already done).
Skipping halide all_hints heat-3d repetition 1 for dataset size MINI (already done).
Skipping halide all_hints heat-3d repetition 1 for dataset size MINI (already done).
-- The CXX compiler identification is GNU 15.2.0
-- Detecting CXX compiler ABI info
-- Detecting CXX compiler ABI info - done
-- Check for working CXX compiler: /usr/local/latestgcc/bin/g++ - skipped
-- Detecting CXX compile features
-- Detecting CXX compile features - done
-- Found Python: /home/kleplj/all_hints/gpt-querying/.venv/bin/python3.9 (found suitable version "3.9.21", minimum required is "3") found components: Interpreter Development.Module
-- Halide 'host' platform triple:   x86-64-linux
-- Halide 'cmake' platform triple:  x86-64-linux
-- Halide default AOT target:       host
-- Found ZLIB: /usr/lib64/libz.so (found version "1.2.11")
-- Could NOT find PNG (missing: PNG_LIBRARY PNG_PNG_INCLUDE_DIR) 
-- Could NOT find JPEG (missing: JPEG_LIBRARY JPEG_INCLUDE_DIR) 
-- Configuring done (0.7s)
-- Generating done (0.7s)
-- Build files have been written to: /home/kleplj/all_hints/optimization/all_hints/PolybenchC-Halide/build
[ 11%] Building CXX object CMakeFiles/correlation.dir/datamining/correlation/correlation.cpp.o
[ 11%] Building CXX object CMakeFiles/symm.dir/linear-algebra/blas/symm/symm.cpp.o
[ 11%] Building CXX object CMakeFiles/covariance.dir/datamining/covariance/covariance.cpp.o
[ 11%] Building CXX object CMakeFiles/gemm.dir/linear-algebra/blas/gemm/gemm.cpp.o
[ 20%] Building CXX object CMakeFiles/syrk.dir/linear-algebra/blas/syrk/syrk.cpp.o
[ 20%] Building CXX object CMakeFiles/syr2k.dir/linear-algebra/blas/syr2k/syr2k.cpp.o
[ 20%] Building CXX object CMakeFiles/gemver.dir/linear-algebra/blas/gemver/gemver.cpp.o
[ 20%] Building CXX object CMakeFiles/gesummv.dir/linear-algebra/blas/gesummv/gesummv.cpp.o
[ 20%] Building CXX object CMakeFiles/trmm.dir/linear-algebra/blas/trmm/trmm.cpp.o
[ 33%] Building CXX object CMakeFiles/gramschmidt.dir/linear-algebra/solvers/gramschmidt/gramschmidt.cpp.o
[ 50%] Building CXX object CMakeFiles/3mm.dir/linear-algebra/kernels/3mm/3mm.cpp.o
[ 50%] Building CXX object CMakeFiles/cholesky.dir/linear-algebra/solvers/cholesky/cholesky.cpp.o
[ 50%] Building CXX object CMakeFiles/bicg.dir/linear-algebra/kernels/bicg/bicg.cpp.o
[ 50%] Building CXX object CMakeFiles/durbin.dir/linear-algebra/solvers/durbin/durbin.cpp.o
[ 50%] Building CXX object CMakeFiles/floyd-warshall.dir/medley/floyd-warshall/floyd-warshall.cpp.o
[ 50%] Building CXX object CMakeFiles/doitgen.dir/linear-algebra/kernels/doitgen/doitgen.cpp.o
[ 50%] Building CXX object CMakeFiles/adi.dir/stencils/adi/adi.cpp.o
[ 50%] Building CXX object CMakeFiles/jacobi-2d.dir/stencils/jacobi-2d/jacobi-2d.cpp.o
[ 50%] Building CXX object CMakeFiles/2mm.dir/linear-algebra/kernels/2mm/2mm.cpp.o
[ 50%] Building CXX object CMakeFiles/atax.dir/linear-algebra/kernels/atax/atax.cpp.o
[ 50%] Building CXX object CMakeFiles/jacobi-1d.dir/stencils/jacobi-1d/jacobi-1d.cpp.o
[ 50%] Building CXX object CMakeFiles/ludcmp.dir/linear-algebra/solvers/ludcmp/ludcmp.cpp.o
[ 50%] Building CXX object CMakeFiles/lu.dir/linear-algebra/solvers/lu/lu.cpp.o
[ 50%] Building CXX object CMakeFiles/nussinov.dir/medley/nussinov/nussinov.cpp.o
[ 50%] Building CXX object CMakeFiles/trisolv.dir/linear-algebra/solvers/trisolv/trisolv.cpp.o
[ 50%] Building CXX object CMakeFiles/fdtd-2d.dir/stencils/fdtd-2d/fdtd-2d.cpp.o
[ 50%] Building CXX object CMakeFiles/mvt.dir/linear-algebra/kernels/mvt/mvt.cpp.o
[ 50%] Building CXX object CMakeFiles/heat-3d.dir/stencils/heat-3d/heat-3d.cpp.o
[ 50%] Building CXX object CMakeFiles/deriche.dir/medley/deriche/deriche.cpp.o
[ 50%] Building CXX object CMakeFiles/seidel-2d.dir/stencils/seidel-2d/seidel-2d.cpp.o
[ 51%] Linking CXX executable gemver
[ 53%] Linking CXX executable gramschmidt
[ 55%] Linking CXX executable floyd-warshall
[ 56%] Linking CXX executable syr2k
[ 58%] Linking CXX executable trmm
[ 60%] Linking CXX executable covariance
[ 61%] Linking CXX executable syrk
[ 61%] Built target floyd-warshall
[ 61%] Built target syr2k
[ 61%] Built target trmm
[ 63%] Linking CXX executable deriche
[ 63%] Built target covariance
[ 63%] Built target syrk
[ 63%] Built target deriche
[ 65%] Linking CXX executable correlation
[ 66%] Linking CXX executable durbin
[ 66%] Built target correlation
[ 68%] Linking CXX executable 3mm
[ 68%] Built target durbin
[ 70%] Linking CXX executable heat-3d
[ 71%] Linking CXX executable seidel-2d
[ 73%] Linking CXX executable doitgen
[ 73%] Built target 3mm
[ 73%] Built target heat-3d
[ 73%] Built target seidel-2d
[ 75%] Linking CXX executable lu
[ 76%] Linking CXX executable jacobi-2d
[ 76%] Built target doitgen
[ 78%] Linking CXX executable bicg
[ 81%] Linking CXX executable gesummv
[ 81%] Linking CXX executable 2mm
[ 81%] Built target lu
[ 81%] Built target jacobi-2d
[ 81%] Built target bicg
[ 83%] Linking CXX executable cholesky
[ 83%] Built target 2mm
[ 83%] Built target gesummv
[ 83%] Built target cholesky
[ 85%] Linking CXX executable mvt
[ 85%] Built target mvt
[ 86%] Linking CXX executable nussinov
[ 88%] Linking CXX executable ludcmp
[ 88%] Built target nussinov
[ 88%] Built target ludcmp
Skipping halide all_hints correlation repetition 2 for dataset size MINI (already done).
Skipping halide all_hints correlation repetition 2 for dataset size MINI (already done).
Skipping halide all_hints deriche repetition 2 for dataset size MINI (already done).
Skipping halide all_hints deriche repetition 2 for dataset size MINI (already done).
Skipping halide all_hints heat-3d repetition 2 for dataset size MINI (already done).
Skipping halide all_hints heat-3d repetition 2 for dataset size MINI (already done).
Skipping halide all_hints ludcmp repetition 2 for dataset size MINI (already done).
Skipping halide all_hints ludcmp repetition 2 for dataset size MINI (already done).
-- The CXX compiler identification is GNU 15.2.0
-- Detecting CXX compiler ABI info
-- Detecting CXX compiler ABI info - done
-- Check for working CXX compiler: /usr/local/latestgcc/bin/g++ - skipped
-- Detecting CXX compile features
-- Detecting CXX compile features - done
-- Found Python: /home/kleplj/all_hints/gpt-querying/.venv/bin/python3.9 (found suitable version "3.9.21", minimum required is "3") found components: Interpreter Development.Module
-- Halide 'host' platform triple:   x86-64-linux
-- Halide 'cmake' platform triple:  x86-64-linux
-- Halide default AOT target:       host
-- Found ZLIB: /usr/lib64/libz.so (found version "1.2.11")
-- Could NOT find PNG (missing: PNG_LIBRARY PNG_PNG_INCLUDE_DIR) 
-- Could NOT find JPEG (missing: JPEG_LIBRARY JPEG_INCLUDE_DIR) 
-- Configuring done (0.7s)
-- Generating done (0.7s)
-- Build files have been written to: /home/kleplj/all_hints/optimization/all_hints/PolybenchC-Halide/build
[  3%] Building CXX object CMakeFiles/correlation.dir/datamining/correlation/correlation.cpp.o
[  3%] Building CXX object CMakeFiles/covariance.dir/datamining/covariance/covariance.cpp.o
[  8%] Building CXX object CMakeFiles/gemver.dir/linear-algebra/blas/gemver/gemver.cpp.o
[ 15%] Building CXX object CMakeFiles/gesummv.dir/linear-algebra/blas/gesummv/gesummv.cpp.o
[ 15%] Building CXX object CMakeFiles/gemm.dir/linear-algebra/blas/gemm/gemm.cpp.o
[ 15%] Building CXX object CMakeFiles/symm.dir/linear-algebra/blas/symm/symm.cpp.o
[ 23%] Building CXX object CMakeFiles/syrk.dir/linear-algebra/blas/syrk/syrk.cpp.o
[ 23%] Building CXX object CMakeFiles/2mm.dir/linear-algebra/kernels/2mm/2mm.cpp.o
[ 23%] Building CXX object CMakeFiles/bicg.dir/linear-algebra/kernels/bicg/bicg.cpp.o
[ 23%] Building CXX object CMakeFiles/3mm.dir/linear-algebra/kernels/3mm/3mm.cpp.o
[ 23%] Building CXX object CMakeFiles/syr2k.dir/linear-algebra/blas/syr2k/syr2k.cpp.o
[ 36%] Building CXX object CMakeFiles/mvt.dir/linear-algebra/kernels/mvt/mvt.cpp.o
[ 50%] Building CXX object CMakeFiles/cholesky.dir/linear-algebra/solvers/cholesky/cholesky.cpp.o
[ 50%] Building CXX object CMakeFiles/trmm.dir/linear-algebra/blas/trmm/trmm.cpp.o
[ 50%] Building CXX object CMakeFiles/atax.dir/linear-algebra/kernels/atax/atax.cpp.o
[ 50%] Building CXX object CMakeFiles/ludcmp.dir/linear-algebra/solvers/ludcmp/ludcmp.cpp.o
[ 50%] Building CXX object CMakeFiles/durbin.dir/linear-algebra/solvers/durbin/durbin.cpp.o
[ 50%] Building CXX object CMakeFiles/lu.dir/linear-algebra/solvers/lu/lu.cpp.o
[ 50%] Building CXX object CMakeFiles/doitgen.dir/linear-algebra/kernels/doitgen/doitgen.cpp.o
[ 50%] Building CXX object CMakeFiles/deriche.dir/medley/deriche/deriche.cpp.o
[ 50%] Building CXX object CMakeFiles/adi.dir/stencils/adi/adi.cpp.o
[ 50%] Building CXX object CMakeFiles/jacobi-2d.dir/stencils/jacobi-2d/jacobi-2d.cpp.o
[ 50%] Building CXX object CMakeFiles/fdtd-2d.dir/stencils/fdtd-2d/fdtd-2d.cpp.o
[ 50%] Building CXX object CMakeFiles/heat-3d.dir/stencils/heat-3d/heat-3d.cpp.o
[ 50%] Building CXX object CMakeFiles/floyd-warshall.dir/medley/floyd-warshall/floyd-warshall.cpp.o
[ 50%] Building CXX object CMakeFiles/trisolv.dir/linear-algebra/solvers/trisolv/trisolv.cpp.o
[ 50%] Building CXX object CMakeFiles/nussinov.dir/medley/nussinov/nussinov.cpp.o
[ 50%] Building CXX object CMakeFiles/gramschmidt.dir/linear-algebra/solvers/gramschmidt/gramschmidt.cpp.o
[ 50%] Building CXX object CMakeFiles/jacobi-1d.dir/stencils/jacobi-1d/jacobi-1d.cpp.o
[ 50%] Building CXX object CMakeFiles/seidel-2d.dir/stencils/seidel-2d/seidel-2d.cpp.o
[ 51%] Linking CXX executable gemver
[ 53%] Linking CXX executable gramschmidt
[ 55%] Linking CXX executable deriche
[ 56%] Linking CXX executable trmm
[ 56%] Built target deriche
[ 58%] Linking CXX executable jacobi-1d
[ 60%] Linking CXX executable floyd-warshall
[ 61%] Linking CXX executable syrk
[ 61%] Built target trmm
[ 65%] Linking CXX executable gemm
[ 65%] Linking CXX executable syr2k
[ 68%] Linking CXX executable covariance
[ 68%] Linking CXX executable adi
[ 68%] Built target jacobi-1d
[ 68%] Built target floyd-warshall
[ 68%] Built target syrk
[ 70%] Linking CXX executable jacobi-2d
[ 70%] Built target gemm
[ 70%] Built target adi
[ 70%] Built target covariance
[ 70%] Built target syr2k
[ 70%] Built target jacobi-2d
[ 71%] Linking CXX executable 3mm
[ 71%] Built target 3mm
[ 73%] Linking CXX executable durbin
[ 75%] Linking CXX executable trisolv
[ 76%] Linking CXX executable atax
[ 76%] Built target durbin
[ 78%] Linking CXX executable heat-3d
[ 80%] Linking CXX executable mvt
[ 80%] Built target trisolv
[ 81%] Linking CXX executable gesummv
[ 83%] Linking CXX executable doitgen
[ 83%] Built target atax
[ 83%] Built target heat-3d
[ 83%] Built target mvt
[ 83%] Built target gesummv
[ 83%] Built target doitgen
[ 85%] Linking CXX executable lu
[ 86%] Linking CXX executable bicg
[ 86%] Built target lu
[ 86%] Built target bicg
[ 88%] Linking CXX executable nussinov
[ 88%] Built target nussinov
[ 90%] Linking CXX executable ludcmp
[ 90%] Built target ludcmp
Skipping halide all_hints adi repetition 3 for dataset size MINI (already done).
Skipping halide all_hints adi repetition 3 for dataset size MINI (already done).
Skipping halide all_hints deriche repetition 3 for dataset size MINI (already done).
Skipping halide all_hints deriche repetition 3 for dataset size MINI (already done).
Skipping halide all_hints heat-3d repetition 3 for dataset size MINI (already done).
Skipping halide all_hints heat-3d repetition 3 for dataset size MINI (already done).
Skipping halide all_hints mvt repetition 3 for dataset size MINI (already done).
Skipping halide all_hints mvt repetition 3 for dataset size MINI (already done).
-- The CXX compiler identification is GNU 15.2.0
-- Detecting CXX compiler ABI info
-- Detecting CXX compiler ABI info - done
-- Check for working CXX compiler: /usr/local/latestgcc/bin/g++ - skipped
-- Detecting CXX compile features
-- Detecting CXX compile features - done
-- Found Python: /home/kleplj/all_hints/gpt-querying/.venv/bin/python3.9 (found suitable version "3.9.21", minimum required is "3") found components: Interpreter Development.Module
-- Halide 'host' platform triple:   x86-64-linux
-- Halide 'cmake' platform triple:  x86-64-linux
-- Halide default AOT target:       host
-- Found ZLIB: /usr/lib64/libz.so (found version "1.2.11")
-- Could NOT find PNG (missing: PNG_LIBRARY PNG_PNG_INCLUDE_DIR) 
-- Could NOT find JPEG (missing: JPEG_LIBRARY JPEG_INCLUDE_DIR) 
-- Configuring done (0.7s)
-- Generating done (0.7s)
-- Build files have been written to: /home/kleplj/all_hints/optimization/all_hints/PolybenchC-Halide/build
[  6%] Building CXX object CMakeFiles/correlation.dir/datamining/correlation/correlation.cpp.o
[  6%] Building CXX object CMakeFiles/covariance.dir/datamining/covariance/covariance.cpp.o
[  8%] Building CXX object CMakeFiles/gemm.dir/linear-algebra/blas/gemm/gemm.cpp.o
[  8%] Building CXX object CMakeFiles/gemver.dir/linear-algebra/blas/gemver/gemver.cpp.o
[ 13%] Building CXX object CMakeFiles/gesummv.dir/linear-algebra/blas/gesummv/gesummv.cpp.o
[ 20%] Building CXX object CMakeFiles/syr2k.dir/linear-algebra/blas/syr2k/syr2k.cpp.o
[ 20%] Building CXX object CMakeFiles/atax.dir/linear-algebra/kernels/atax/atax.cpp.o
[ 20%] Building CXX object CMakeFiles/syrk.dir/linear-algebra/blas/syrk/syrk.cpp.o
[ 20%] Building CXX object CMakeFiles/symm.dir/linear-algebra/blas/symm/symm.cpp.o
[ 20%] Building CXX object CMakeFiles/2mm.dir/linear-algebra/kernels/2mm/2mm.cpp.o
[ 31%] Building CXX object CMakeFiles/3mm.dir/linear-algebra/kernels/3mm/3mm.cpp.o
[ 50%] Building CXX object CMakeFiles/gramschmidt.dir/linear-algebra/solvers/gramschmidt/gramschmidt.cpp.o
[ 50%] Building CXX object CMakeFiles/floyd-warshall.dir/medley/floyd-warshall/floyd-warshall.cpp.o
[ 50%] Building CXX object CMakeFiles/lu.dir/linear-algebra/solvers/lu/lu.cpp.o
[ 50%] Building CXX object CMakeFiles/deriche.dir/medley/deriche/deriche.cpp.o
[ 50%] Building CXX object CMakeFiles/heat-3d.dir/stencils/heat-3d/heat-3d.cpp.o
[ 50%] Building CXX object CMakeFiles/bicg.dir/linear-algebra/kernels/bicg/bicg.cpp.o
[ 50%] Building CXX object CMakeFiles/nussinov.dir/medley/nussinov/nussinov.cpp.o
[ 50%] Building CXX object CMakeFiles/mvt.dir/linear-algebra/kernels/mvt/mvt.cpp.o
[ 50%] Building CXX object CMakeFiles/jacobi-1d.dir/stencils/jacobi-1d/jacobi-1d.cpp.o
[ 50%] Building CXX object CMakeFiles/cholesky.dir/linear-algebra/solvers/cholesky/cholesky.cpp.o
[ 50%] Building CXX object CMakeFiles/trisolv.dir/linear-algebra/solvers/trisolv/trisolv.cpp.o
[ 50%] Building CXX object CMakeFiles/durbin.dir/linear-algebra/solvers/durbin/durbin.cpp.o
[ 50%] Building CXX object CMakeFiles/trmm.dir/linear-algebra/blas/trmm/trmm.cpp.o
[ 50%] Building CXX object CMakeFiles/doitgen.dir/linear-algebra/kernels/doitgen/doitgen.cpp.o
[ 50%] Building CXX object CMakeFiles/fdtd-2d.dir/stencils/fdtd-2d/fdtd-2d.cpp.o
[ 50%] Building CXX object CMakeFiles/ludcmp.dir/linear-algebra/solvers/ludcmp/ludcmp.cpp.o
[ 50%] Building CXX object CMakeFiles/adi.dir/stencils/adi/adi.cpp.o
[ 50%] Building CXX object CMakeFiles/jacobi-2d.dir/stencils/jacobi-2d/jacobi-2d.cpp.o
[ 50%] Building CXX object CMakeFiles/seidel-2d.dir/stencils/seidel-2d/seidel-2d.cpp.o
[ 51%] Linking CXX executable gemver
[ 53%] Linking CXX executable gramschmidt
[ 55%] Linking CXX executable floyd-warshall
[ 56%] Linking CXX executable covariance
[ 56%] Built target floyd-warshall
[ 58%] Linking CXX executable trmm
[ 60%] Linking CXX executable syr2k
[ 61%] Built target covariance
[ 61%] Linking CXX executable gemm
[ 65%] Linking CXX executable jacobi-2d
[ 65%] Linking CXX executable symm
[ 66%] Linking CXX executable cholesky
[ 66%] Built target trmm
[ 68%] Linking CXX executable syrk
[ 68%] Built target syr2k
[ 70%] Linking CXX executable correlation
[ 70%] Built target gemm
[ 70%] Built target jacobi-2d
[ 70%] Built target symm
[ 70%] Built target cholesky
[ 70%] Built target syrk
[ 70%] Built target correlation
[ 71%] Linking CXX executable doitgen
[ 73%] Linking CXX executable heat-3d
[ 75%] Linking CXX executable atax
[ 75%] Built target doitgen
[ 75%] Built target heat-3d
[ 76%] Linking CXX executable jacobi-1d
[ 76%] Built target atax
[ 78%] Linking CXX executable bicg
[ 80%] Linking CXX executable mvt
[ 81%] Linking CXX executable nussinov
[ 81%] Built target jacobi-1d
[ 81%] Built target bicg
[ 83%] Linking CXX executable trisolv
[ 83%] Built target mvt
[ 83%] Built target nussinov
[ 83%] Built target trisolv
[ 85%] Linking CXX executable ludcmp
[ 85%] Built target ludcmp
Skipping halide all_hints cholesky repetition 4 for dataset size MINI (already done).
Skipping halide all_hints cholesky repetition 4 for dataset size MINI (already done).
Skipping halide all_hints heat-3d repetition 4 for dataset size MINI (already done).
Skipping halide all_hints heat-3d repetition 4 for dataset size MINI (already done).
Skipping halide all_hints ludcmp repetition 4 for dataset size MINI (already done).
Skipping halide all_hints ludcmp repetition 4 for dataset size MINI (already done).
Skipping halide all_hints nussinov repetition 4 for dataset size MINI (already done).
Skipping halide all_hints nussinov repetition 4 for dataset size MINI (already done).
Skipping halide all_hints syrk repetition 4 for dataset size MINI (already done).
Skipping halide all_hints syrk repetition 4 for dataset size MINI (already done).
-- The CXX compiler identification is GNU 15.2.0
-- Detecting CXX compiler ABI info
-- Detecting CXX compiler ABI info - done
-- Check for working CXX compiler: /usr/local/latestgcc/bin/g++ - skipped
-- Detecting CXX compile features
-- Detecting CXX compile features - done
-- Found Python: /home/kleplj/all_hints/gpt-querying/.venv/bin/python3.9 (found suitable version "3.9.21", minimum required is "3") found components: Interpreter Development.Module
-- Halide 'host' platform triple:   x86-64-linux
-- Halide 'cmake' platform triple:  x86-64-linux
-- Halide default AOT target:       host
-- Found ZLIB: /usr/lib64/libz.so (found version "1.2.11")
-- Could NOT find PNG (missing: PNG_LIBRARY PNG_PNG_INCLUDE_DIR) 
-- Could NOT find JPEG (missing: JPEG_LIBRARY JPEG_INCLUDE_DIR) 
-- Configuring done (0.7s)
-- Generating done (0.7s)
-- Build files have been written to: /home/kleplj/all_hints/optimization/all_hints/PolybenchC-Halide/build
[ 13%] Building CXX object CMakeFiles/symm.dir/linear-algebra/blas/symm/symm.cpp.o
[ 13%] Building CXX object CMakeFiles/gemver.dir/linear-algebra/blas/gemver/gemver.cpp.o
[ 13%] Building CXX object CMakeFiles/gesummv.dir/linear-algebra/blas/gesummv/gesummv.cpp.o
[ 13%] Building CXX object CMakeFiles/correlation.dir/datamining/correlation/correlation.cpp.o
[ 13%] Building CXX object CMakeFiles/covariance.dir/datamining/covariance/covariance.cpp.o
[ 21%] Building CXX object CMakeFiles/gemm.dir/linear-algebra/blas/gemm/gemm.cpp.o
[ 21%] Building CXX object CMakeFiles/trmm.dir/linear-algebra/blas/trmm/trmm.cpp.o
[ 21%] Building CXX object CMakeFiles/atax.dir/linear-algebra/kernels/atax/atax.cpp.o
[ 21%] Building CXX object CMakeFiles/syr2k.dir/linear-algebra/blas/syr2k/syr2k.cpp.o
[ 21%] Building CXX object CMakeFiles/2mm.dir/linear-algebra/kernels/2mm/2mm.cpp.o
[ 21%] Building CXX object CMakeFiles/syrk.dir/linear-algebra/blas/syrk/syrk.cpp.o
[ 41%] Building CXX object CMakeFiles/trisolv.dir/linear-algebra/solvers/trisolv/trisolv.cpp.o
[ 50%] Building CXX object CMakeFiles/bicg.dir/linear-algebra/kernels/bicg/bicg.cpp.o
[ 50%] Building CXX object CMakeFiles/adi.dir/stencils/adi/adi.cpp.o
[ 50%] Building CXX object CMakeFiles/deriche.dir/medley/deriche/deriche.cpp.o
[ 50%] Building CXX object CMakeFiles/lu.dir/linear-algebra/solvers/lu/lu.cpp.o
[ 50%] Building CXX object CMakeFiles/doitgen.dir/linear-algebra/kernels/doitgen/doitgen.cpp.o
[ 50%] Building CXX object CMakeFiles/ludcmp.dir/linear-algebra/solvers/ludcmp/ludcmp.cpp.o
[ 50%] Building CXX object CMakeFiles/heat-3d.dir/stencils/heat-3d/heat-3d.cpp.o
[ 50%] Building CXX object CMakeFiles/gramschmidt.dir/linear-algebra/solvers/gramschmidt/gramschmidt.cpp.o
[ 50%] Building CXX object CMakeFiles/mvt.dir/linear-algebra/kernels/mvt/mvt.cpp.o
[ 50%] Building CXX object CMakeFiles/jacobi-2d.dir/stencils/jacobi-2d/jacobi-2d.cpp.o
[ 50%] Building CXX object CMakeFiles/floyd-warshall.dir/medley/floyd-warshall/floyd-warshall.cpp.o
[ 50%] Building CXX object CMakeFiles/nussinov.dir/medley/nussinov/nussinov.cpp.o
[ 50%] Building CXX object CMakeFiles/durbin.dir/linear-algebra/solvers/durbin/durbin.cpp.o
[ 50%] Building CXX object CMakeFiles/fdtd-2d.dir/stencils/fdtd-2d/fdtd-2d.cpp.o
[ 50%] Building CXX object CMakeFiles/3mm.dir/linear-algebra/kernels/3mm/3mm.cpp.o
[ 50%] Building CXX object CMakeFiles/cholesky.dir/linear-algebra/solvers/cholesky/cholesky.cpp.o
[ 50%] Building CXX object CMakeFiles/seidel-2d.dir/stencils/seidel-2d/seidel-2d.cpp.o
[ 50%] Building CXX object CMakeFiles/jacobi-1d.dir/stencils/jacobi-1d/jacobi-1d.cpp.o
[ 51%] Linking CXX executable gemver
[ 53%] Linking CXX executable gramschmidt
[ 55%] Linking CXX executable floyd-warshall
[ 56%] Linking CXX executable cholesky
[ 56%] Built target floyd-warshall
[ 58%] Linking CXX executable gemm
[ 58%] Built target cholesky
[ 58%] Built target gemm
[ 60%] Linking CXX executable syr2k
[ 61%] Linking CXX executable correlation
[ 61%] Built target syr2k
[ 61%] Built target correlation
[ 63%] Linking CXX executable heat-3d
[ 65%] Linking CXX executable gesummv
[ 66%] Linking CXX executable bicg
[ 68%] Linking CXX executable 3mm
[ 70%] Linking CXX executable 2mm
[ 71%] Linking CXX executable doitgen
[ 73%] Linking CXX executable trisolv
[ 75%] Linking CXX executable jacobi-1d
[ 76%] Linking CXX executable atax
[ 76%] Built target heat-3d
[ 78%] Linking CXX executable mvt
[ 78%] Built target gesummv
[ 78%] Built target bicg
[ 78%] Built target 3mm
[ 78%] Built target 2mm
[ 78%] Built target trisolv
[ 78%] Built target doitgen
[ 78%] Built target jacobi-1d
[ 78%] Built target atax
[ 78%] Built target mvt
[ 80%] Linking CXX executable fdtd-2d
[ 81%] Linking CXX executable nussinov
[ 81%] Built target fdtd-2d
[ 81%] Built target nussinov
Skipping halide all_hints bicg repetition 5 for dataset size MINI (already done).
Skipping halide all_hints bicg repetition 5 for dataset size MINI (already done).
Skipping halide all_hints fdtd-2d repetition 5 for dataset size MINI (already done).
Skipping halide all_hints fdtd-2d repetition 5 for dataset size MINI (already done).
Skipping halide all_hints heat-3d repetition 5 for dataset size MINI (already done).
Skipping halide all_hints heat-3d repetition 5 for dataset size MINI (already done).
Skipping halide all_hints mvt repetition 5 for dataset size MINI (already done).
Skipping halide all_hints mvt repetition 5 for dataset size MINI (already done).
Generated C for 'gemm' in /home/kleplj/all_hints/optimization/all_hints/PolybenchC-Exo/build/generated/gemm
Built gemm executable.
Generated C for 'gemver' in /home/kleplj/all_hints/optimization/all_hints/PolybenchC-Exo/build/generated/gemver
Built gemver executable.
Generated C for 'gesummv' in /home/kleplj/all_hints/optimization/all_hints/PolybenchC-Exo/build/generated/gesummv
Generated C for 'symm' in /home/kleplj/all_hints/optimization/all_hints/PolybenchC-Exo/build/generated/symm
Generated C for 'syr2k' in /home/kleplj/all_hints/optimization/all_hints/PolybenchC-Exo/build/generated/syr2k
Built syr2k executable.
Generated C for 'syrk' in /home/kleplj/all_hints/optimization/all_hints/PolybenchC-Exo/build/generated/syrk
Built syrk executable.
Generated C for 'trmm' in /home/kleplj/all_hints/optimization/all_hints/PolybenchC-Exo/build/generated/trmm
Built trmm executable.
Generated C for 'atax' in /home/kleplj/all_hints/optimization/all_hints/PolybenchC-Exo/build/generated/atax
Built atax executable.
Generated C for 'doitgen' in /home/kleplj/all_hints/optimization/all_hints/PolybenchC-Exo/build/generated/doitgen
Built doitgen executable.
Generated C for 'mvt' in /home/kleplj/all_hints/optimization/all_hints/PolybenchC-Exo/build/generated/mvt
Built mvt executable.
Generated C for 'cholesky' in /home/kleplj/all_hints/optimization/all_hints/PolybenchC-Exo/build/generated/cholesky
Built cholesky executable.
Generated C for 'durbin' in /home/kleplj/all_hints/optimization/all_hints/PolybenchC-Exo/build/generated/durbin
Built durbin executable.
Generated C for 'gramschmidt' in /home/kleplj/all_hints/optimization/all_hints/PolybenchC-Exo/build/generated/gramschmidt
Built gramschmidt executable.
Generated C for 'lu' in /home/kleplj/all_hints/optimization/all_hints/PolybenchC-Exo/build/generated/lu
Built lu executable.
Generated C for 'trisolv' in /home/kleplj/all_hints/optimization/all_hints/PolybenchC-Exo/build/generated/trisolv
Built trisolv executable.
Generated C for 'correlation' in /home/kleplj/all_hints/optimization/all_hints/PolybenchC-Exo/build/generated/correlation
Built correlation executable.
Generated C for 'covariance' in /home/kleplj/all_hints/optimization/all_hints/PolybenchC-Exo/build/generated/covariance
Built covariance executable.
Generated C for 'adi' in /home/kleplj/all_hints/optimization/all_hints/PolybenchC-Exo/build/generated/adi
Built adi executable.
Generated C for 'heat-3d' in /home/kleplj/all_hints/optimization/all_hints/PolybenchC-Exo/build/generated/heat-3d
Built heat-3d executable.
Generated C for 'jacobi-1d' in /home/kleplj/all_hints/optimization/all_hints/PolybenchC-Exo/build/generated/jacobi-1d
Built jacobi-1d executable.
Generated C for 'seidel-2d' in /home/kleplj/all_hints/optimization/all_hints/PolybenchC-Exo/build/generated/seidel-2d
Built seidel-2d executable.
Generated C for 'deriche' in /home/kleplj/all_hints/optimization/all_hints/PolybenchC-Exo/build/generated/deriche
Built deriche executable.
Generated C for 'floyd-warshall' in /home/kleplj/all_hints/optimization/all_hints/PolybenchC-Exo/build/generated/floyd-warshall
Built floyd-warshall executable.
Exo build complete. Generated sources in: /home/kleplj/all_hints/optimization/all_hints/PolybenchC-Exo/build
Removing temp dir /tmp/slurm.151222/tmp.BgvKNi16kp
Skipping exo all_hints adi repetition 1 for dataset size MINI (already done).
Skipping exo all_hints adi repetition 1 for dataset size MINI (already done).
Skipping exo all_hints atax repetition 1 for dataset size MINI (already done).
Skipping exo all_hints atax repetition 1 for dataset size MINI (already done).
Skipping exo all_hints cholesky repetition 1 for dataset size MINI (already done).
Skipping exo all_hints cholesky repetition 1 for dataset size MINI (already done).
Skipping exo all_hints correlation repetition 1 for dataset size MINI (already done).
Skipping exo all_hints correlation repetition 1 for dataset size MINI (already done).
Skipping exo all_hints covariance repetition 1 for dataset size MINI (already done).
Skipping exo all_hints covariance repetition 1 for dataset size MINI (already done).
Skipping exo all_hints deriche repetition 1 for dataset size MINI (already done).
Skipping exo all_hints deriche repetition 1 for dataset size MINI (already done).
Skipping exo all_hints doitgen repetition 1 for dataset size MINI (already done).
Skipping exo all_hints doitgen repetition 1 for dataset size MINI (already done).
Skipping exo all_hints durbin repetition 1 for dataset size MINI (already done).
Skipping exo all_hints durbin repetition 1 for dataset size MINI (already done).
Skipping exo all_hints floyd-warshall repetition 1 for dataset size MINI (already done).
Skipping exo all_hints floyd-warshall repetition 1 for dataset size MINI (already done).
Skipping exo all_hints gemm repetition 1 for dataset size MINI (already done).
Skipping exo all_hints gemm repetition 1 for dataset size MINI (already done).
Skipping exo all_hints gemver repetition 1 for dataset size MINI (already done).
Skipping exo all_hints gemver repetition 1 for dataset size MINI (already done).
Skipping exo all_hints heat-3d repetition 1 for dataset size MINI (already done).
Skipping exo all_hints heat-3d repetition 1 for dataset size MINI (already done).
Skipping exo all_hints jacobi-1d repetition 1 for dataset size MINI (already done).
Skipping exo all_hints jacobi-1d repetition 1 for dataset size MINI (already done).
Skipping exo all_hints lu repetition 1 for dataset size MINI (already done).
Skipping exo all_hints lu repetition 1 for dataset size MINI (already done).
Skipping exo all_hints mvt repetition 1 for dataset size MINI (already done).
Skipping exo all_hints mvt repetition 1 for dataset size MINI (already done).
Skipping exo all_hints seidel-2d repetition 1 for dataset size MINI (already done).
Skipping exo all_hints seidel-2d repetition 1 for dataset size MINI (already done).
Skipping exo all_hints syr2k repetition 1 for dataset size MINI (already done).
Skipping exo all_hints syr2k repetition 1 for dataset size MINI (already done).
Skipping exo all_hints syrk repetition 1 for dataset size MINI (already done).
Skipping exo all_hints syrk repetition 1 for dataset size MINI (already done).
Skipping exo all_hints trisolv repetition 1 for dataset size MINI (already done).
Skipping exo all_hints trisolv repetition 1 for dataset size MINI (already done).
Skipping exo all_hints trmm repetition 1 for dataset size MINI (already done).
Skipping exo all_hints trmm repetition 1 for dataset size MINI (already done).
Generated C for 'gemm' in /home/kleplj/all_hints/optimization/all_hints/PolybenchC-Exo/build/generated/gemm
Built gemm executable.
Generated C for 'gemver' in /home/kleplj/all_hints/optimization/all_hints/PolybenchC-Exo/build/generated/gemver
Built gemver executable.
Generated C for 'gesummv' in /home/kleplj/all_hints/optimization/all_hints/PolybenchC-Exo/build/generated/gesummv
Built gesummv executable.
Generated C for 'symm' in /home/kleplj/all_hints/optimization/all_hints/PolybenchC-Exo/build/generated/symm
Built symm executable.
Generated C for 'syr2k' in /home/kleplj/all_hints/optimization/all_hints/PolybenchC-Exo/build/generated/syr2k
Built syr2k executable.
Generated C for 'syrk' in /home/kleplj/all_hints/optimization/all_hints/PolybenchC-Exo/build/generated/syrk
Built syrk executable.
Generated C for 'trmm' in /home/kleplj/all_hints/optimization/all_hints/PolybenchC-Exo/build/generated/trmm
Built trmm executable.
Generated C for '2mm' in /home/kleplj/all_hints/optimization/all_hints/PolybenchC-Exo/build/generated/2mm
Built 2mm executable.
Generated C for 'atax' in /home/kleplj/all_hints/optimization/all_hints/PolybenchC-Exo/build/generated/atax
Built atax executable.
Generated C for 'bicg' in /home/kleplj/all_hints/optimization/all_hints/PolybenchC-Exo/build/generated/bicg
Built bicg executable.
Generated C for 'doitgen' in /home/kleplj/all_hints/optimization/all_hints/PolybenchC-Exo/build/generated/doitgen
Built doitgen executable.
Generated C for 'mvt' in /home/kleplj/all_hints/optimization/all_hints/PolybenchC-Exo/build/generated/mvt
Built mvt executable.
Generated C for 'cholesky' in /home/kleplj/all_hints/optimization/all_hints/PolybenchC-Exo/build/generated/cholesky
Built cholesky executable.
Generated C for 'durbin' in /home/kleplj/all_hints/optimization/all_hints/PolybenchC-Exo/build/generated/durbin
Built durbin executable.
Generated C for 'lu' in /home/kleplj/all_hints/optimization/all_hints/PolybenchC-Exo/build/generated/lu
Built lu executable.
Generated C for 'ludcmp' in /home/kleplj/all_hints/optimization/all_hints/PolybenchC-Exo/build/generated/ludcmp
Built ludcmp executable.
Generated C for 'trisolv' in /home/kleplj/all_hints/optimization/all_hints/PolybenchC-Exo/build/generated/trisolv
Built trisolv executable.
Generated C for 'correlation' in /home/kleplj/all_hints/optimization/all_hints/PolybenchC-Exo/build/generated/correlation
Built correlation executable.
Generated C for 'adi' in /home/kleplj/all_hints/optimization/all_hints/PolybenchC-Exo/build/generated/adi
Built adi executable.
Generated C for 'jacobi-1d' in /home/kleplj/all_hints/optimization/all_hints/PolybenchC-Exo/build/generated/jacobi-1d
Built jacobi-1d executable.
Generated C for 'jacobi-2d' in /home/kleplj/all_hints/optimization/all_hints/PolybenchC-Exo/build/generated/jacobi-2d
Built jacobi-2d executable.
Generated C for 'deriche' in /home/kleplj/all_hints/optimization/all_hints/PolybenchC-Exo/build/generated/deriche
Built deriche executable.
Generated C for 'floyd-warshall' in /home/kleplj/all_hints/optimization/all_hints/PolybenchC-Exo/build/generated/floyd-warshall
Built floyd-warshall executable.
Generated C for 'nussinov' in /home/kleplj/all_hints/optimization/all_hints/PolybenchC-Exo/build/generated/nussinov
Built nussinov executable.
Exo build complete. Generated sources in: /home/kleplj/all_hints/optimization/all_hints/PolybenchC-Exo/build
Removing temp dir /tmp/slurm.151222/tmp.fEHZX6nh24
Skipping exo all_hints 2mm repetition 2 for dataset size MINI (already done).
Skipping exo all_hints 2mm repetition 2 for dataset size MINI (already done).
Skipping exo all_hints adi repetition 2 for dataset size MINI (already done).
Skipping exo all_hints adi repetition 2 for dataset size MINI (already done).
Skipping exo all_hints atax repetition 2 for dataset size MINI (already done).
Skipping exo all_hints atax repetition 2 for dataset size MINI (already done).
Skipping exo all_hints bicg repetition 2 for dataset size MINI (already done).
Skipping exo all_hints bicg repetition 2 for dataset size MINI (already done).
Skipping exo all_hints cholesky repetition 2 for dataset size MINI (already done).
Skipping exo all_hints cholesky repetition 2 for dataset size MINI (already done).
Skipping exo all_hints correlation repetition 2 for dataset size MINI (already done).
Skipping exo all_hints correlation repetition 2 for dataset size MINI (already done).
Skipping exo all_hints deriche repetition 2 for dataset size MINI (already done).
Skipping exo all_hints deriche repetition 2 for dataset size MINI (already done).
Skipping exo all_hints doitgen repetition 2 for dataset size MINI (already done).
Skipping exo all_hints doitgen repetition 2 for dataset size MINI (already done).
Skipping exo all_hints durbin repetition 2 for dataset size MINI (already done).
Skipping exo all_hints durbin repetition 2 for dataset size MINI (already done).
Skipping exo all_hints floyd-warshall repetition 2 for dataset size MINI (already done).
Skipping exo all_hints floyd-warshall repetition 2 for dataset size MINI (already done).
Skipping exo all_hints gemm repetition 2 for dataset size MINI (already done).
Skipping exo all_hints gemm repetition 2 for dataset size MINI (already done).
Skipping exo all_hints gemver repetition 2 for dataset size MINI (already done).
Skipping exo all_hints gemver repetition 2 for dataset size MINI (already done).
Skipping exo all_hints gesummv repetition 2 for dataset size MINI (already done).
Skipping exo all_hints gesummv repetition 2 for dataset size MINI (already done).
Skipping exo all_hints jacobi-1d repetition 2 for dataset size MINI (already done).
Skipping exo all_hints jacobi-1d repetition 2 for dataset size MINI (already done).
Skipping exo all_hints jacobi-2d repetition 2 for dataset size MINI (already done).
Skipping exo all_hints jacobi-2d repetition 2 for dataset size MINI (already done).
Skipping exo all_hints lu repetition 2 for dataset size MINI (already done).
Skipping exo all_hints lu repetition 2 for dataset size MINI (already done).
Skipping exo all_hints ludcmp repetition 2 for dataset size MINI (already done).
Skipping exo all_hints ludcmp repetition 2 for dataset size MINI (already done).
Skipping exo all_hints mvt repetition 2 for dataset size MINI (already done).
Skipping exo all_hints mvt repetition 2 for dataset size MINI (already done).
Skipping exo all_hints nussinov repetition 2 for dataset size MINI (already done).
Skipping exo all_hints nussinov repetition 2 for dataset size MINI (already done).
Skipping exo all_hints symm repetition 2 for dataset size MINI (already done).
Skipping exo all_hints symm repetition 2 for dataset size MINI (already done).
Skipping exo all_hints syr2k repetition 2 for dataset size MINI (already done).
Skipping exo all_hints syr2k repetition 2 for dataset size MINI (already done).
Skipping exo all_hints syrk repetition 2 for dataset size MINI (already done).
Skipping exo all_hints syrk repetition 2 for dataset size MINI (already done).
Skipping exo all_hints trisolv repetition 2 for dataset size MINI (already done).
Skipping exo all_hints trisolv repetition 2 for dataset size MINI (already done).
Skipping exo all_hints trmm repetition 2 for dataset size MINI (already done).
Skipping exo all_hints trmm repetition 2 for dataset size MINI (already done).
Generated C for 'gemver' in /home/kleplj/all_hints/optimization/all_hints/PolybenchC-Exo/build/generated/gemver
Built gemver executable.
Generated C for 'gesummv' in /home/kleplj/all_hints/optimization/all_hints/PolybenchC-Exo/build/generated/gesummv
Built gesummv executable.
Generated C for 'symm' in /home/kleplj/all_hints/optimization/all_hints/PolybenchC-Exo/build/generated/symm
Generated C for 'syr2k' in /home/kleplj/all_hints/optimization/all_hints/PolybenchC-Exo/build/generated/syr2k
Built syr2k executable.
Generated C for 'syrk' in /home/kleplj/all_hints/optimization/all_hints/PolybenchC-Exo/build/generated/syrk
Built syrk executable.
Generated C for 'trmm' in /home/kleplj/all_hints/optimization/all_hints/PolybenchC-Exo/build/generated/trmm
Built trmm executable.
Generated C for '2mm' in /home/kleplj/all_hints/optimization/all_hints/PolybenchC-Exo/build/generated/2mm
Built 2mm executable.
Generated C for '3mm' in /home/kleplj/all_hints/optimization/all_hints/PolybenchC-Exo/build/generated/3mm
Built 3mm executable.
Generated C for 'bicg' in /home/kleplj/all_hints/optimization/all_hints/PolybenchC-Exo/build/generated/bicg
Built bicg executable.
Generated C for 'doitgen' in /home/kleplj/all_hints/optimization/all_hints/PolybenchC-Exo/build/generated/doitgen
Built doitgen executable.
Generated C for 'mvt' in /home/kleplj/all_hints/optimization/all_hints/PolybenchC-Exo/build/generated/mvt
Built mvt executable.
Generated C for 'cholesky' in /home/kleplj/all_hints/optimization/all_hints/PolybenchC-Exo/build/generated/cholesky
Built cholesky executable.
Generated C for 'durbin' in /home/kleplj/all_hints/optimization/all_hints/PolybenchC-Exo/build/generated/durbin
Built durbin executable.
Generated C for 'gramschmidt' in /home/kleplj/all_hints/optimization/all_hints/PolybenchC-Exo/build/generated/gramschmidt
Built gramschmidt executable.
Generated C for 'lu' in /home/kleplj/all_hints/optimization/all_hints/PolybenchC-Exo/build/generated/lu
Built lu executable.
Generated C for 'trisolv' in /home/kleplj/all_hints/optimization/all_hints/PolybenchC-Exo/build/generated/trisolv
Built trisolv executable.
Generated C for 'correlation' in /home/kleplj/all_hints/optimization/all_hints/PolybenchC-Exo/build/generated/correlation
Built correlation executable.
Generated C for 'covariance' in /home/kleplj/all_hints/optimization/all_hints/PolybenchC-Exo/build/generated/covariance
Built covariance executable.
Generated C for 'adi' in /home/kleplj/all_hints/optimization/all_hints/PolybenchC-Exo/build/generated/adi
Built adi executable.
Generated C for 'fdtd-2d' in /home/kleplj/all_hints/optimization/all_hints/PolybenchC-Exo/build/generated/fdtd-2d
Built fdtd-2d executable.
Generated C for 'heat-3d' in /home/kleplj/all_hints/optimization/all_hints/PolybenchC-Exo/build/generated/heat-3d
Built heat-3d executable.
Generated C for 'jacobi-1d' in /home/kleplj/all_hints/optimization/all_hints/PolybenchC-Exo/build/generated/jacobi-1d
Built jacobi-1d executable.
Generated C for 'jacobi-2d' in /home/kleplj/all_hints/optimization/all_hints/PolybenchC-Exo/build/generated/jacobi-2d
Built jacobi-2d executable.
Generated C for 'seidel-2d' in /home/kleplj/all_hints/optimization/all_hints/PolybenchC-Exo/build/generated/seidel-2d
Built seidel-2d executable.
Generated C for 'floyd-warshall' in /home/kleplj/all_hints/optimization/all_hints/PolybenchC-Exo/build/generated/floyd-warshall
Built floyd-warshall executable.
Generated C for 'nussinov' in /home/kleplj/all_hints/optimization/all_hints/PolybenchC-Exo/build/generated/nussinov
Built nussinov executable.
Exo build complete. Generated sources in: /home/kleplj/all_hints/optimization/all_hints/PolybenchC-Exo/build
Removing temp dir /tmp/slurm.151222/tmp.8FOUK2hT9V
Skipping exo all_hints 2mm repetition 3 for dataset size MINI (already done).
Skipping exo all_hints 2mm repetition 3 for dataset size MINI (already done).
Skipping exo all_hints 3mm repetition 3 for dataset size MINI (already done).
Skipping exo all_hints 3mm repetition 3 for dataset size MINI (already done).
Skipping exo all_hints adi repetition 3 for dataset size MINI (already done).
Skipping exo all_hints adi repetition 3 for dataset size MINI (already done).
Skipping exo all_hints bicg repetition 3 for dataset size MINI (already done).
Skipping exo all_hints bicg repetition 3 for dataset size MINI (already done).
Skipping exo all_hints cholesky repetition 3 for dataset size MINI (already done).
Skipping exo all_hints cholesky repetition 3 for dataset size MINI (already done).
Skipping exo all_hints correlation repetition 3 for dataset size MINI (already done).
Skipping exo all_hints correlation repetition 3 for dataset size MINI (already done).
Skipping exo all_hints covariance repetition 3 for dataset size MINI (already done).
Skipping exo all_hints covariance repetition 3 for dataset size MINI (already done).
Skipping exo all_hints doitgen repetition 3 for dataset size MINI (already done).
Skipping exo all_hints doitgen repetition 3 for dataset size MINI (already done).
Skipping exo all_hints durbin repetition 3 for dataset size MINI (already done).
Skipping exo all_hints durbin repetition 3 for dataset size MINI (already done).
Skipping exo all_hints fdtd-2d repetition 3 for dataset size MINI (already done).
Skipping exo all_hints fdtd-2d repetition 3 for dataset size MINI (already done).
Skipping exo all_hints floyd-warshall repetition 3 for dataset size MINI (already done).
Skipping exo all_hints floyd-warshall repetition 3 for dataset size MINI (already done).
Skipping exo all_hints gemver repetition 3 for dataset size MINI (already done).
Skipping exo all_hints gemver repetition 3 for dataset size MINI (already done).
Skipping exo all_hints gesummv repetition 3 for dataset size MINI (already done).
Skipping exo all_hints gesummv repetition 3 for dataset size MINI (already done).
Skipping exo all_hints heat-3d repetition 3 for dataset size MINI (already done).
Skipping exo all_hints heat-3d repetition 3 for dataset size MINI (already done).
Skipping exo all_hints jacobi-1d repetition 3 for dataset size MINI (already done).
Skipping exo all_hints jacobi-1d repetition 3 for dataset size MINI (already done).
Skipping exo all_hints jacobi-2d repetition 3 for dataset size MINI (already done).
Skipping exo all_hints jacobi-2d repetition 3 for dataset size MINI (already done).
Skipping exo all_hints lu repetition 3 for dataset size MINI (already done).
Skipping exo all_hints lu repetition 3 for dataset size MINI (already done).
Skipping exo all_hints mvt repetition 3 for dataset size MINI (already done).
Skipping exo all_hints mvt repetition 3 for dataset size MINI (already done).
Skipping exo all_hints nussinov repetition 3 for dataset size MINI (already done).
Skipping exo all_hints nussinov repetition 3 for dataset size MINI (already done).
Skipping exo all_hints syr2k repetition 3 for dataset size MINI (already done).
Skipping exo all_hints syr2k repetition 3 for dataset size MINI (already done).
Skipping exo all_hints syrk repetition 3 for dataset size MINI (already done).
Skipping exo all_hints syrk repetition 3 for dataset size MINI (already done).
Skipping exo all_hints trisolv repetition 3 for dataset size MINI (already done).
Skipping exo all_hints trisolv repetition 3 for dataset size MINI (already done).
Skipping exo all_hints trmm repetition 3 for dataset size MINI (already done).
Skipping exo all_hints trmm repetition 3 for dataset size MINI (already done).
Generated C for 'gemm' in /home/kleplj/all_hints/optimization/all_hints/PolybenchC-Exo/build/generated/gemm
Built gemm executable.
Generated C for 'gemver' in /home/kleplj/all_hints/optimization/all_hints/PolybenchC-Exo/build/generated/gemver
Built gemver executable.
Generated C for 'gesummv' in /home/kleplj/all_hints/optimization/all_hints/PolybenchC-Exo/build/generated/gesummv
Built gesummv executable.
Generated C for 'syr2k' in /home/kleplj/all_hints/optimization/all_hints/PolybenchC-Exo/build/generated/syr2k
Built syr2k executable.
Generated C for 'syrk' in /home/kleplj/all_hints/optimization/all_hints/PolybenchC-Exo/build/generated/syrk
Built syrk executable.
Generated C for 'trmm' in /home/kleplj/all_hints/optimization/all_hints/PolybenchC-Exo/build/generated/trmm
Built trmm executable.
Generated C for '2mm' in /home/kleplj/all_hints/optimization/all_hints/PolybenchC-Exo/build/generated/2mm
Built 2mm executable.
Generated C for '3mm' in /home/kleplj/all_hints/optimization/all_hints/PolybenchC-Exo/build/generated/3mm
Built 3mm executable.
Generated C for 'atax' in /home/kleplj/all_hints/optimization/all_hints/PolybenchC-Exo/build/generated/atax
Built atax executable.
Generated C for 'bicg' in /home/kleplj/all_hints/optimization/all_hints/PolybenchC-Exo/build/generated/bicg
Built bicg executable.
Generated C for 'doitgen' in /home/kleplj/all_hints/optimization/all_hints/PolybenchC-Exo/build/generated/doitgen
Built doitgen executable.
Generated C for 'mvt' in /home/kleplj/all_hints/optimization/all_hints/PolybenchC-Exo/build/generated/mvt
Built mvt executable.
Generated C for 'cholesky' in /home/kleplj/all_hints/optimization/all_hints/PolybenchC-Exo/build/generated/cholesky
Generated C for 'durbin' in /home/kleplj/all_hints/optimization/all_hints/PolybenchC-Exo/build/generated/durbin
Built durbin executable.
Generated C for 'gramschmidt' in /home/kleplj/all_hints/optimization/all_hints/PolybenchC-Exo/build/generated/gramschmidt
Built gramschmidt executable.
Generated C for 'lu' in /home/kleplj/all_hints/optimization/all_hints/PolybenchC-Exo/build/generated/lu
Built lu executable.
Generated C for 'ludcmp' in /home/kleplj/all_hints/optimization/all_hints/PolybenchC-Exo/build/generated/ludcmp
Generated C for 'trisolv' in /home/kleplj/all_hints/optimization/all_hints/PolybenchC-Exo/build/generated/trisolv
Built trisolv executable.
Generated C for 'correlation' in /home/kleplj/all_hints/optimization/all_hints/PolybenchC-Exo/build/generated/correlation
Built correlation executable.
Generated C for 'adi' in /home/kleplj/all_hints/optimization/all_hints/PolybenchC-Exo/build/generated/adi
Built adi executable.
Generated C for 'fdtd-2d' in /home/kleplj/all_hints/optimization/all_hints/PolybenchC-Exo/build/generated/fdtd-2d
Built fdtd-2d executable.
Generated C for 'jacobi-1d' in /home/kleplj/all_hints/optimization/all_hints/PolybenchC-Exo/build/generated/jacobi-1d
Built jacobi-1d executable.
Generated C for 'floyd-warshall' in /home/kleplj/all_hints/optimization/all_hints/PolybenchC-Exo/build/generated/floyd-warshall
Built floyd-warshall executable.
Exo build complete. Generated sources in: /home/kleplj/all_hints/optimization/all_hints/PolybenchC-Exo/build
Removing temp dir /tmp/slurm.151222/tmp.CDV6bf3ezA
Skipping exo all_hints 2mm repetition 4 for dataset size MINI (already done).
Skipping exo all_hints 2mm repetition 4 for dataset size MINI (already done).
Skipping exo all_hints 3mm repetition 4 for dataset size MINI (already done).
Skipping exo all_hints 3mm repetition 4 for dataset size MINI (already done).
Skipping exo all_hints atax repetition 4 for dataset size MINI (already done).
Skipping exo all_hints atax repetition 4 for dataset size MINI (already done).
Skipping exo all_hints bicg repetition 4 for dataset size MINI (already done).
Skipping exo all_hints bicg repetition 4 for dataset size MINI (already done).
Skipping exo all_hints correlation repetition 4 for dataset size MINI (already done).
Skipping exo all_hints correlation repetition 4 for dataset size MINI (already done).
Skipping exo all_hints doitgen repetition 4 for dataset size MINI (already done).
Skipping exo all_hints doitgen repetition 4 for dataset size MINI (already done).
Skipping exo all_hints fdtd-2d repetition 4 for dataset size MINI (already done).
Skipping exo all_hints fdtd-2d repetition 4 for dataset size MINI (already done).
Skipping exo all_hints floyd-warshall repetition 4 for dataset size MINI (already done).
Skipping exo all_hints floyd-warshall repetition 4 for dataset size MINI (already done).
Skipping exo all_hints gemm repetition 4 for dataset size MINI (already done).
Skipping exo all_hints gemm repetition 4 for dataset size MINI (already done).
Skipping exo all_hints gemver repetition 4 for dataset size MINI (already done).
Skipping exo all_hints gemver repetition 4 for dataset size MINI (already done).
Skipping exo all_hints gesummv repetition 4 for dataset size MINI (already done).
Skipping exo all_hints gesummv repetition 4 for dataset size MINI (already done).
Skipping exo all_hints jacobi-1d repetition 4 for dataset size MINI (already done).
Skipping exo all_hints jacobi-1d repetition 4 for dataset size MINI (already done).
Skipping exo all_hints lu repetition 4 for dataset size MINI (already done).
Skipping exo all_hints lu repetition 4 for dataset size MINI (already done).
Skipping exo all_hints mvt repetition 4 for dataset size MINI (already done).
Skipping exo all_hints mvt repetition 4 for dataset size MINI (already done).
Skipping exo all_hints syr2k repetition 4 for dataset size MINI (already done).
Skipping exo all_hints syr2k repetition 4 for dataset size MINI (already done).
Skipping exo all_hints syrk repetition 4 for dataset size MINI (already done).
Skipping exo all_hints syrk repetition 4 for dataset size MINI (already done).
Skipping exo all_hints trisolv repetition 4 for dataset size MINI (already done).
Skipping exo all_hints trisolv repetition 4 for dataset size MINI (already done).
Skipping exo all_hints trmm repetition 4 for dataset size MINI (already done).
Skipping exo all_hints trmm repetition 4 for dataset size MINI (already done).
Generated C for 'gemm' in /home/kleplj/all_hints/optimization/all_hints/PolybenchC-Exo/build/generated/gemm
Built gemm executable.
Generated C for 'gemver' in /home/kleplj/all_hints/optimization/all_hints/PolybenchC-Exo/build/generated/gemver
Built gemver executable.
Generated C for 'gesummv' in /home/kleplj/all_hints/optimization/all_hints/PolybenchC-Exo/build/generated/gesummv
Built gesummv executable.
Generated C for 'symm' in /home/kleplj/all_hints/optimization/all_hints/PolybenchC-Exo/build/generated/symm
Built symm executable.
Generated C for 'syr2k' in /home/kleplj/all_hints/optimization/all_hints/PolybenchC-Exo/build/generated/syr2k
Built syr2k executable.
No proc named 'kernel_syrk' found in 'linear-algebra/blas/syrk/syrk.c'
Generated C for '2mm' in /home/kleplj/all_hints/optimization/all_hints/PolybenchC-Exo/build/generated/2mm
Built 2mm executable.
Generated C for 'bicg' in /home/kleplj/all_hints/optimization/all_hints/PolybenchC-Exo/build/generated/bicg
Built bicg executable.
Generated C for 'doitgen' in /home/kleplj/all_hints/optimization/all_hints/PolybenchC-Exo/build/generated/doitgen
Built doitgen executable.
Generated C for 'mvt' in /home/kleplj/all_hints/optimization/all_hints/PolybenchC-Exo/build/generated/mvt
Built mvt executable.
Generated C for 'cholesky' in /home/kleplj/all_hints/optimization/all_hints/PolybenchC-Exo/build/generated/cholesky
Built cholesky executable.
Generated C for 'gramschmidt' in /home/kleplj/all_hints/optimization/all_hints/PolybenchC-Exo/build/generated/gramschmidt
Built gramschmidt executable.
Generated C for 'lu' in /home/kleplj/all_hints/optimization/all_hints/PolybenchC-Exo/build/generated/lu
Built lu executable.
Generated C for 'ludcmp' in /home/kleplj/all_hints/optimization/all_hints/PolybenchC-Exo/build/generated/ludcmp
Built ludcmp executable.
Generated C for 'trisolv' in /home/kleplj/all_hints/optimization/all_hints/PolybenchC-Exo/build/generated/trisolv
Built trisolv executable.
Generated C for 'correlation' in /home/kleplj/all_hints/optimization/all_hints/PolybenchC-Exo/build/generated/correlation
Built correlation executable.
Generated C for 'adi' in /home/kleplj/all_hints/optimization/all_hints/PolybenchC-Exo/build/generated/adi
Built adi executable.
Generated C for 'fdtd-2d' in /home/kleplj/all_hints/optimization/all_hints/PolybenchC-Exo/build/generated/fdtd-2d
Built fdtd-2d executable.
Generated C for 'jacobi-1d' in /home/kleplj/all_hints/optimization/all_hints/PolybenchC-Exo/build/generated/jacobi-1d
Built jacobi-1d executable.
Generated C for 'floyd-warshall' in /home/kleplj/all_hints/optimization/all_hints/PolybenchC-Exo/build/generated/floyd-warshall
Built floyd-warshall executable.
Generated C for 'nussinov' in /home/kleplj/all_hints/optimization/all_hints/PolybenchC-Exo/build/generated/nussinov
Built nussinov executable.
Exo build complete. Generated sources in: /home/kleplj/all_hints/optimization/all_hints/PolybenchC-Exo/build
Removing temp dir /tmp/slurm.151222/tmp.M5kb3i3a7C
Skipping exo all_hints 2mm repetition 5 for dataset size MINI (already done).
Skipping exo all_hints 2mm repetition 5 for dataset size MINI (already done).
Skipping exo all_hints adi repetition 5 for dataset size MINI (already done).
Skipping exo all_hints adi repetition 5 for dataset size MINI (already done).
Skipping exo all_hints bicg repetition 5 for dataset size MINI (already done).
Skipping exo all_hints bicg repetition 5 for dataset size MINI (already done).
Skipping exo all_hints cholesky repetition 5 for dataset size MINI (already done).
Skipping exo all_hints cholesky repetition 5 for dataset size MINI (already done).
Skipping exo all_hints correlation repetition 5 for dataset size MINI (already done).
Skipping exo all_hints correlation repetition 5 for dataset size MINI (already done).
Skipping exo all_hints doitgen repetition 5 for dataset size MINI (already done).
Skipping exo all_hints doitgen repetition 5 for dataset size MINI (already done).
Skipping exo all_hints fdtd-2d repetition 5 for dataset size MINI (already done).
Skipping exo all_hints fdtd-2d repetition 5 for dataset size MINI (already done).
Skipping exo all_hints floyd-warshall repetition 5 for dataset size MINI (already done).
Skipping exo all_hints floyd-warshall repetition 5 for dataset size MINI (already done).
Skipping exo all_hints gemm repetition 5 for dataset size MINI (already done).
Skipping exo all_hints gemm repetition 5 for dataset size MINI (already done).
Skipping exo all_hints gemver repetition 5 for dataset size MINI (already done).
Skipping exo all_hints gemver repetition 5 for dataset size MINI (already done).
Skipping exo all_hints gesummv repetition 5 for dataset size MINI (already done).
Skipping exo all_hints gesummv repetition 5 for dataset size MINI (already done).
Skipping exo all_hints jacobi-1d repetition 5 for dataset size MINI (already done).
Skipping exo all_hints jacobi-1d repetition 5 for dataset size MINI (already done).
Skipping exo all_hints lu repetition 5 for dataset size MINI (already done).
Skipping exo all_hints lu repetition 5 for dataset size MINI (already done).
Skipping exo all_hints ludcmp repetition 5 for dataset size MINI (already done).
Skipping exo all_hints ludcmp repetition 5 for dataset size MINI (already done).
Skipping exo all_hints mvt repetition 5 for dataset size MINI (already done).
Skipping exo all_hints mvt repetition 5 for dataset size MINI (already done).
Skipping exo all_hints nussinov repetition 5 for dataset size MINI (already done).
Skipping exo all_hints nussinov repetition 5 for dataset size MINI (already done).
Skipping exo all_hints symm repetition 5 for dataset size MINI (already done).
Skipping exo all_hints symm repetition 5 for dataset size MINI (already done).
Skipping exo all_hints syr2k repetition 5 for dataset size MINI (already done).
Skipping exo all_hints syr2k repetition 5 for dataset size MINI (already done).
Skipping exo all_hints trisolv repetition 5 for dataset size MINI (already done).
Skipping exo all_hints trisolv repetition 5 for dataset size MINI (already done).
