-- The C compiler identification is GNU 15.2.0
-- Detecting C compiler ABI info
-- Detecting C compiler ABI info - done
-- Check for working C compiler: /usr/local/latestgcc/bin/gcc - skipped
-- Detecting C compile features
-- Detecting C compile features - done
-- Configuring done (0.4s)
-- Generating done (0.8s)
-- Build files have been written to: /home/kleplj/choose_hints/optimization/choose_hints/PolybenchC-4.2.1/build
[ 10%] Building C object CMakeFiles/covariance.dir/utilities/polybench.c.o
[ 10%] Building C object CMakeFiles/covariance.dir/datamining/covariance/covariance.c.o
[ 10%] Building C object CMakeFiles/correlation.dir/datamining/correlation/correlation.c.o
[ 10%] Building C object CMakeFiles/lu.dir/utilities/polybench.c.o
[ 10%] Building C object CMakeFiles/correlation.dir/utilities/polybench.c.o
[ 10%] Building C object CMakeFiles/cholesky.dir/linear-algebra/solvers/cholesky/cholesky.c.o
[ 10%] Building C object CMakeFiles/lu.dir/linear-algebra/solvers/lu/lu.c.o
[ 24%] Building C object CMakeFiles/gramschmidt.dir/linear-algebra/solvers/gramschmidt/gramschmidt.c.o
[ 65%] Building C object CMakeFiles/syr2k.dir/linear-algebra/blas/syr2k/syr2k.c.o
[ 65%] Building C object CMakeFiles/gemver.dir/linear-algebra/blas/gemver/gemver.c.o
[ 65%] Building C object CMakeFiles/syr2k.dir/utilities/polybench.c.o
[ 65%] Building C object CMakeFiles/gesummv.dir/utilities/polybench.c.o
[ 65%] Building C object CMakeFiles/ludcmp.dir/linear-algebra/solvers/ludcmp/ludcmp.c.o
[ 65%] Building C object CMakeFiles/durbin.dir/linear-algebra/solvers/durbin/durbin.c.o
[ 65%] Building C object CMakeFiles/cholesky.dir/utilities/polybench.c.o
[ 65%] Building C object CMakeFiles/trisolv.dir/utilities/polybench.c.o
[ 65%] Building C object CMakeFiles/durbin.dir/utilities/polybench.c.o
[ 65%] Building C object CMakeFiles/gramschmidt.dir/utilities/polybench.c.o
[ 65%] Building C object CMakeFiles/gesummv.dir/linear-algebra/blas/gesummv/gesummv.c.o
[ 65%] Building C object CMakeFiles/gemm.dir/linear-algebra/blas/gemm/gemm.c.o
[ 65%] Building C object CMakeFiles/trisolv.dir/linear-algebra/solvers/trisolv/trisolv.c.o
[ 66%] Building C object CMakeFiles/3mm.dir/linear-algebra/kernels/3mm/3mm.c.o
[ 66%] Building C object CMakeFiles/syrk.dir/utilities/polybench.c.o
[ 66%] Building C object CMakeFiles/ludcmp.dir/utilities/polybench.c.o
[ 66%] Building C object CMakeFiles/symm.dir/linear-algebra/blas/symm/symm.c.o
[ 66%] Building C object CMakeFiles/trmm.dir/linear-algebra/blas/trmm/trmm.c.o
[ 66%] Building C object CMakeFiles/mvt.dir/linear-algebra/kernels/mvt/mvt.c.o
[ 66%] Building C object CMakeFiles/atax.dir/utilities/polybench.c.o
[ 66%] Building C object CMakeFiles/mvt.dir/utilities/polybench.c.o
[ 66%] Building C object CMakeFiles/doitgen.dir/linear-algebra/kernels/doitgen/doitgen.c.o
[ 66%] Building C object CMakeFiles/bicg.dir/linear-algebra/kernels/bicg/bicg.c.o
[ 66%] Building C object CMakeFiles/atax.dir/linear-algebra/kernels/atax/atax.c.o
[ 66%] Building C object CMakeFiles/doitgen.dir/utilities/polybench.c.o
[ 66%] Building C object CMakeFiles/trmm.dir/utilities/polybench.c.o
[ 66%] Building C object CMakeFiles/bicg.dir/utilities/polybench.c.o
[ 66%] Building C object CMakeFiles/2mm.dir/utilities/polybench.c.o
[ 66%] Building C object CMakeFiles/jacobi-2d.dir/utilities/polybench.c.o
[ 66%] Building C object CMakeFiles/3mm.dir/utilities/polybench.c.o
[ 66%] Building C object CMakeFiles/2mm.dir/linear-algebra/kernels/2mm/2mm.c.o
[ 66%] Building C object CMakeFiles/jacobi-1d.dir/utilities/polybench.c.o
[ 66%] Building C object CMakeFiles/floyd-warshall.dir/utilities/polybench.c.o
[ 66%] Building C object CMakeFiles/seidel-2d.dir/stencils/seidel-2d/seidel-2d.c.o
[ 66%] Building C object CMakeFiles/jacobi-1d.dir/stencils/jacobi-1d/jacobi-1d.c.o
[ 66%] Building C object CMakeFiles/nussinov.dir/medley/nussinov/nussinov.c.o
[ 66%] Building C object CMakeFiles/heat-3d.dir/stencils/heat-3d/heat-3d.c.o
[ 66%] Building C object CMakeFiles/symm.dir/utilities/polybench.c.o
[ 66%] Building C object CMakeFiles/nussinov.dir/utilities/polybench.c.o
[ 66%] Building C object CMakeFiles/heat-3d.dir/utilities/polybench.c.o
[ 66%] Building C object CMakeFiles/jacobi-2d.dir/stencils/jacobi-2d/jacobi-2d.c.o
[ 66%] Building C object CMakeFiles/fdtd-2d.dir/stencils/fdtd-2d/fdtd-2d.c.o
[ 66%] Building C object CMakeFiles/deriche.dir/utilities/polybench.c.o
[ 66%] Building C object CMakeFiles/adi.dir/stencils/adi/adi.c.o
[ 66%] Building C object CMakeFiles/deriche.dir/medley/deriche/deriche.c.o
[ 66%] Building C object CMakeFiles/gemver.dir/utilities/polybench.c.o
[ 66%] Building C object CMakeFiles/syrk.dir/linear-algebra/blas/syrk/syrk.c.o
[ 66%] Building C object CMakeFiles/gemm.dir/utilities/polybench.c.o
[ 66%] Building C object CMakeFiles/adi.dir/utilities/polybench.c.o
[ 66%] Building C object CMakeFiles/fdtd-2d.dir/utilities/polybench.c.o
[ 66%] Building C object CMakeFiles/floyd-warshall.dir/medley/floyd-warshall/floyd-warshall.c.o
[ 66%] Building C object CMakeFiles/seidel-2d.dir/utilities/polybench.c.o
[ 68%] Linking C executable floyd-warshall
[ 70%] Linking C executable bicg
[ 70%] Linking C executable seidel-2d
[ 72%] Linking C executable trmm
[ 72%] Linking C executable durbin
[ 73%] Linking C executable trisolv
[ 74%] Linking C executable syrk
[ 75%] Linking C executable covariance
[ 76%] Linking C executable gesummv
[ 77%] Linking C executable symm
[ 78%] Linking C executable nussinov
[ 80%] Linking C executable gemver
[ 81%] Built target floyd-warshall
[ 81%] Built target bicg
[ 81%] Linking C executable mvt
[ 81%] Built target seidel-2d
[ 82%] Linking C executable jacobi-2d
[ 84%] Linking C executable cholesky
[ 84%] Linking C executable gramschmidt
[ 84%] Built target durbin
[ 84%] Built target trmm
[ 84%] Built target trisolv
[ 87%] Linking C executable lu
[ 87%] Linking C executable correlation
[ 87%] Linking C executable atax
[ 87%] Built target syrk
[ 90%] Linking C executable doitgen
[ 90%] Linking C executable 2mm
[ 90%] Built target covariance
[ 91%] Linking C executable 3mm
[ 91%] Built target gesummv
[ 91%] Built target symm
[ 91%] Built target nussinov
[ 93%] Linking C executable gemm
[ 93%] Built target gemver
[ 93%] Linking C executable deriche
[ 93%] Built target mvt
[ 93%] Built target jacobi-2d
[ 95%] Linking C executable ludcmp
[ 95%] Linking C executable heat-3d
[ 95%] Built target cholesky
[ 95%] Built target gramschmidt
[ 95%] Built target atax
[ 95%] Built target lu
[ 95%] Built target correlation
[ 95%] Built target doitgen
[ 95%] Built target 3mm
[ 95%] Built target 2mm
[ 95%] Built target gemm
[ 95%] Built target deriche
[ 95%] Built target ludcmp
[ 95%] Built target heat-3d
c,choose_hints,2mm,0.000283,75.078,valid,1,MEDIUM
c,choose_hints,2mm,1,0.000284,1,MEDIUM
c,choose_hints,2mm,2,0.000265,1,MEDIUM
c,choose_hints,2mm,3,0.000279,1,MEDIUM
c,choose_hints,2mm,4,0.000252,1,MEDIUM
c,choose_hints,2mm,5,0.000281,1,MEDIUM
c,choose_hints,3mm,0.000638,50.961,valid,1,MEDIUM
c,choose_hints,3mm,1,0.000522,1,MEDIUM
c,choose_hints,3mm,2,0.000604,1,MEDIUM
c,choose_hints,3mm,3,0.000754,1,MEDIUM
c,choose_hints,3mm,4,0.000600,1,MEDIUM
c,choose_hints,3mm,5,0.000723,1,MEDIUM
c,choose_hints,adi,,,illegal,1,MEDIUM
c,choose_hints,atax,0.000176,2.000,valid,1,MEDIUM
c,choose_hints,atax,1,0.000202,1,MEDIUM
c,choose_hints,atax,2,0.000217,1,MEDIUM
c,choose_hints,atax,3,0.000182,1,MEDIUM
c,choose_hints,atax,4,0.000207,1,MEDIUM
c,choose_hints,atax,5,0.000179,1,MEDIUM
c,choose_hints,bicg,0.000236,2.441,valid,1,MEDIUM
c,choose_hints,bicg,1,0.000240,1,MEDIUM
c,choose_hints,bicg,2,0.000237,1,MEDIUM
c,choose_hints,bicg,3,0.000232,1,MEDIUM
c,choose_hints,bicg,4,0.000234,1,MEDIUM
c,choose_hints,bicg,5,0.000235,1,MEDIUM
c,choose_hints,cholesky,0.014378,1.063,valid,1,MEDIUM
c,choose_hints,cholesky,1,0.014399,1,MEDIUM
c,choose_hints,cholesky,2,0.014366,1,MEDIUM
c,choose_hints,cholesky,3,0.014379,1,MEDIUM
c,choose_hints,cholesky,4,0.014365,1,MEDIUM
c,choose_hints,cholesky,5,0.014356,1,MEDIUM
c,choose_hints,correlation,0.003648,3.363,valid,1,MEDIUM
c,choose_hints,correlation,1,0.003656,1,MEDIUM
c,choose_hints,correlation,2,0.003648,1,MEDIUM
c,choose_hints,correlation,3,0.003614,1,MEDIUM
c,choose_hints,correlation,4,0.003546,1,MEDIUM
c,choose_hints,correlation,5,0.003662,1,MEDIUM
c,choose_hints,covariance,0.003561,3.459,valid,1,MEDIUM
c,choose_hints,covariance,1,0.003561,1,MEDIUM
c,choose_hints,covariance,2,0.003555,1,MEDIUM
c,choose_hints,covariance,3,0.003541,1,MEDIUM
c,choose_hints,covariance,4,0.003544,1,MEDIUM
c,choose_hints,covariance,5,0.003562,1,MEDIUM
c,choose_hints,deriche,0.004448,2.405,valid,1,MEDIUM
c,choose_hints,deriche,1,0.004532,1,MEDIUM
c,choose_hints,deriche,2,0.004377,1,MEDIUM
c,choose_hints,deriche,3,0.004413,1,MEDIUM
c,choose_hints,deriche,4,0.004348,1,MEDIUM
c,choose_hints,deriche,5,0.004490,1,MEDIUM
c,choose_hints,doitgen,0.002512,3.772,valid,1,MEDIUM
c,choose_hints,doitgen,1,0.002514,1,MEDIUM
c,choose_hints,doitgen,2,0.002528,1,MEDIUM
c,choose_hints,doitgen,3,0.002526,1,MEDIUM
c,choose_hints,doitgen,4,0.002543,1,MEDIUM
c,choose_hints,doitgen,5,0.002534,1,MEDIUM
c,choose_hints,durbin,0.000188,0.878,valid,1,MEDIUM
c,choose_hints,durbin,1,0.000169,1,MEDIUM
c,choose_hints,durbin,2,0.000169,1,MEDIUM
c,choose_hints,durbin,3,0.000181,1,MEDIUM
c,choose_hints,durbin,4,0.000169,1,MEDIUM
c,choose_hints,durbin,5,0.000168,1,MEDIUM
c,choose_hints,fdtd-2d,,,illegal,1,MEDIUM
c,choose_hints,floyd-warshall,0.020035,5.504,valid,1,MEDIUM
c,choose_hints,floyd-warshall,1,0.020584,1,MEDIUM
c,choose_hints,floyd-warshall,2,0.020022,1,MEDIUM
c,choose_hints,floyd-warshall,3,0.019969,1,MEDIUM
c,choose_hints,floyd-warshall,4,0.019744,1,MEDIUM
c,choose_hints,floyd-warshall,5,0.020022,1,MEDIUM
c,choose_hints,gemm,0.000716,4.804,valid,1,MEDIUM
c,choose_hints,gemm,1,0.000697,1,MEDIUM
c,choose_hints,gemm,2,0.000700,1,MEDIUM
c,choose_hints,gemm,3,0.000698,1,MEDIUM
c,choose_hints,gemm,4,0.000714,1,MEDIUM
c,choose_hints,gemm,5,0.000718,1,MEDIUM
c,choose_hints,gemver,0.000322,2.161,valid,1,MEDIUM
c,choose_hints,gemver,1,0.000319,1,MEDIUM
c,choose_hints,gemver,2,0.000329,1,MEDIUM
c,choose_hints,gemver,3,0.000314,1,MEDIUM
c,choose_hints,gemver,4,0.000321,1,MEDIUM
c,choose_hints,gemver,5,0.000328,1,MEDIUM
c,choose_hints,gesummv,0.000067,3.388,valid,1,MEDIUM
c,choose_hints,gesummv,1,0.001752,1,MEDIUM
c,choose_hints,gesummv,2,0.000075,1,MEDIUM
c,choose_hints,gesummv,3,0.000061,1,MEDIUM
c,choose_hints,gesummv,4,0.000084,1,MEDIUM
c,choose_hints,gesummv,5,0.000063,1,MEDIUM
c,choose_hints,gramschmidt,0.004661,3.652,valid,1,MEDIUM
c,choose_hints,gramschmidt,1,0.004688,1,MEDIUM
c,choose_hints,gramschmidt,2,0.004642,1,MEDIUM
c,choose_hints,gramschmidt,3,0.004656,1,MEDIUM
c,choose_hints,gramschmidt,4,0.004633,1,MEDIUM
c,choose_hints,gramschmidt,5,0.004640,1,MEDIUM
c,choose_hints,heat-3d,0.021122,0.578,valid,1,MEDIUM
c,choose_hints,heat-3d,1,0.021212,1,MEDIUM
c,choose_hints,heat-3d,2,0.020654,1,MEDIUM
c,choose_hints,heat-3d,3,0.021014,1,MEDIUM
c,choose_hints,heat-3d,4,0.021050,1,MEDIUM
c,choose_hints,heat-3d,5,0.021010,1,MEDIUM
c,choose_hints,jacobi-1d,,,illegal,1,MEDIUM
c,choose_hints,jacobi-2d,0.010080,1.108,valid,1,MEDIUM
c,choose_hints,jacobi-2d,1,0.010170,1,MEDIUM
c,choose_hints,jacobi-2d,2,0.009957,1,MEDIUM
c,choose_hints,jacobi-2d,3,0.009987,1,MEDIUM
c,choose_hints,jacobi-2d,4,0.009926,1,MEDIUM
c,choose_hints,jacobi-2d,5,0.010092,1,MEDIUM
c,choose_hints,lu,0.021941,1.407,valid,1,MEDIUM
c,choose_hints,lu,1,0.021994,1,MEDIUM
c,choose_hints,lu,2,0.022031,1,MEDIUM
c,choose_hints,lu,3,0.022048,1,MEDIUM
c,choose_hints,lu,4,0.022031,1,MEDIUM
c,choose_hints,lu,5,0.021973,1,MEDIUM
c,choose_hints,ludcmp,0.032688,0.897,valid,1,MEDIUM
c,choose_hints,ludcmp,1,0.032337,1,MEDIUM
c,choose_hints,ludcmp,2,0.032792,1,MEDIUM
c,choose_hints,ludcmp,3,0.032601,1,MEDIUM
c,choose_hints,ludcmp,4,0.032568,1,MEDIUM
c,choose_hints,ludcmp,5,0.032464,1,MEDIUM
c,choose_hints,mvt,0.000244,2.197,valid,1,MEDIUM
c,choose_hints,mvt,1,0.000263,1,MEDIUM
c,choose_hints,mvt,2,0.000242,1,MEDIUM
c,choose_hints,mvt,3,0.000253,1,MEDIUM
c,choose_hints,mvt,4,0.000244,1,MEDIUM
c,choose_hints,mvt,5,0.000245,1,MEDIUM
c,choose_hints,nussinov,0.005798,10.361,valid,1,MEDIUM
c,choose_hints,nussinov,1,0.005980,1,MEDIUM
c,choose_hints,nussinov,2,0.005909,1,MEDIUM
c,choose_hints,nussinov,3,0.005874,1,MEDIUM
c,choose_hints,nussinov,4,0.005964,1,MEDIUM
c,choose_hints,nussinov,5,0.005930,1,MEDIUM
c,choose_hints,seidel-2d,0.157393,1.355,valid,1,MEDIUM
c,choose_hints,seidel-2d,1,0.157334,1,MEDIUM
c,choose_hints,seidel-2d,2,0.157323,1,MEDIUM
c,choose_hints,seidel-2d,3,0.157324,1,MEDIUM
c,choose_hints,seidel-2d,4,0.157325,1,MEDIUM
c,choose_hints,seidel-2d,5,0.157342,1,MEDIUM
c,choose_hints,symm,0.003709,2.699,valid,1,MEDIUM
c,choose_hints,symm,1,0.003914,1,MEDIUM
c,choose_hints,symm,2,0.003783,1,MEDIUM
c,choose_hints,symm,3,0.003704,1,MEDIUM
c,choose_hints,symm,4,0.003708,1,MEDIUM
c,choose_hints,symm,5,0.003699,1,MEDIUM
c,choose_hints,syr2k,,,illegal,1,MEDIUM
c,choose_hints,syrk,0.000203,17.163,valid,1,MEDIUM
c,choose_hints,syrk,1,0.000205,1,MEDIUM
c,choose_hints,syrk,2,0.000205,1,MEDIUM
c,choose_hints,syrk,3,0.000223,1,MEDIUM
c,choose_hints,syrk,4,0.000201,1,MEDIUM
c,choose_hints,syrk,5,0.000205,1,MEDIUM
c,choose_hints,trisolv,0.000136,0.971,valid,1,MEDIUM
c,choose_hints,trisolv,1,0.000159,1,MEDIUM
c,choose_hints,trisolv,2,0.000134,1,MEDIUM
c,choose_hints,trisolv,3,0.000130,1,MEDIUM
c,choose_hints,trisolv,4,0.000145,1,MEDIUM
c,choose_hints,trisolv,5,0.000131,1,MEDIUM
c,choose_hints,trmm,0.001295,5.537,valid,1,MEDIUM
c,choose_hints,trmm,1,0.001286,1,MEDIUM
c,choose_hints,trmm,2,0.001283,1,MEDIUM
c,choose_hints,trmm,3,0.001283,1,MEDIUM
c,choose_hints,trmm,4,0.001293,1,MEDIUM
c,choose_hints,trmm,5,0.001283,1,MEDIUM
-- The C compiler identification is GNU 15.2.0
-- Detecting C compiler ABI info
-- Detecting C compiler ABI info - done
-- Check for working C compiler: /usr/local/latestgcc/bin/gcc - skipped
-- Detecting C compile features
-- Detecting C compile features - done
-- Configuring done (0.4s)
-- Generating done (0.8s)
-- Build files have been written to: /home/kleplj/choose_hints/optimization/choose_hints/PolybenchC-4.2.1/build
[ 12%] Building C object CMakeFiles/gramschmidt.dir/linear-algebra/solvers/gramschmidt/gramschmidt.c.o
[ 12%] Building C object CMakeFiles/lu.dir/utilities/polybench.c.o
[ 12%] Building C object CMakeFiles/covariance.dir/utilities/polybench.c.o
[ 12%] Building C object CMakeFiles/lu.dir/linear-algebra/solvers/lu/lu.c.o
[ 12%] Building C object CMakeFiles/correlation.dir/datamining/correlation/correlation.c.o
[ 12%] Building C object CMakeFiles/correlation.dir/utilities/polybench.c.o
[ 12%] Building C object CMakeFiles/covariance.dir/datamining/covariance/covariance.c.o
[ 12%] Building C object CMakeFiles/cholesky.dir/linear-algebra/solvers/cholesky/cholesky.c.o
[ 37%] Building C object CMakeFiles/bicg.dir/utilities/polybench.c.o
[ 66%] Building C object CMakeFiles/jacobi-1d.dir/utilities/polybench.c.o
[ 66%] Building C object CMakeFiles/gemver.dir/utilities/polybench.c.o
[ 66%] Building C object CMakeFiles/gemver.dir/linear-algebra/blas/gemver/gemver.c.o
[ 66%] Building C object CMakeFiles/symm.dir/linear-algebra/blas/symm/symm.c.o
[ 66%] Building C object CMakeFiles/atax.dir/utilities/polybench.c.o
[ 66%] Building C object CMakeFiles/gesummv.dir/linear-algebra/blas/gesummv/gesummv.c.o
[ 66%] Building C object CMakeFiles/trisolv.dir/utilities/polybench.c.o
[ 66%] Building C object CMakeFiles/trmm.dir/linear-algebra/blas/trmm/trmm.c.o
[ 66%] Building C object CMakeFiles/gemm.dir/linear-algebra/blas/gemm/gemm.c.o
[ 66%] Building C object CMakeFiles/ludcmp.dir/utilities/polybench.c.o
[ 66%] Building C object CMakeFiles/gemm.dir/utilities/polybench.c.o
[ 66%] Building C object CMakeFiles/trisolv.dir/linear-algebra/solvers/trisolv/trisolv.c.o
[ 66%] Building C object CMakeFiles/gramschmidt.dir/utilities/polybench.c.o
[ 66%] Building C object CMakeFiles/durbin.dir/utilities/polybench.c.o
[ 66%] Building C object CMakeFiles/mvt.dir/linear-algebra/kernels/mvt/mvt.c.o
[ 66%] Building C object CMakeFiles/cholesky.dir/utilities/polybench.c.o
[ 66%] Building C object CMakeFiles/durbin.dir/linear-algebra/solvers/durbin/durbin.c.o
[ 66%] Building C object CMakeFiles/ludcmp.dir/linear-algebra/solvers/ludcmp/ludcmp.c.o
[ 66%] Building C object CMakeFiles/gesummv.dir/utilities/polybench.c.o
[ 66%] Building C object CMakeFiles/syrk.dir/linear-algebra/blas/syrk/syrk.c.o
[ 66%] Building C object CMakeFiles/syr2k.dir/linear-algebra/blas/syr2k/syr2k.c.o
[ 66%] Building C object CMakeFiles/bicg.dir/linear-algebra/kernels/bicg/bicg.c.o
[ 66%] Building C object CMakeFiles/syr2k.dir/utilities/polybench.c.o
[ 66%] Building C object CMakeFiles/fdtd-2d.dir/utilities/polybench.c.o
[ 66%] Building C object CMakeFiles/seidel-2d.dir/stencils/seidel-2d/seidel-2d.c.o
[ 66%] Building C object CMakeFiles/adi.dir/stencils/adi/adi.c.o
[ 66%] Building C object CMakeFiles/deriche.dir/utilities/polybench.c.o
[ 66%] Building C object CMakeFiles/floyd-warshall.dir/utilities/polybench.c.o
[ 66%] Building C object CMakeFiles/mvt.dir/utilities/polybench.c.o
[ 66%] Building C object CMakeFiles/jacobi-2d.dir/utilities/polybench.c.o
[ 66%] Building C object CMakeFiles/fdtd-2d.dir/stencils/fdtd-2d/fdtd-2d.c.o
[ 66%] Building C object CMakeFiles/jacobi-2d.dir/stencils/jacobi-2d/jacobi-2d.c.o
[ 66%] Building C object CMakeFiles/jacobi-1d.dir/stencils/jacobi-1d/jacobi-1d.c.o
[ 66%] Building C object CMakeFiles/heat-3d.dir/stencils/heat-3d/heat-3d.c.o
[ 66%] Building C object CMakeFiles/deriche.dir/medley/deriche/deriche.c.o
[ 66%] Building C object CMakeFiles/heat-3d.dir/utilities/polybench.c.o
[ 66%] Building C object CMakeFiles/atax.dir/linear-algebra/kernels/atax/atax.c.o
[ 66%] Building C object CMakeFiles/floyd-warshall.dir/medley/floyd-warshall/floyd-warshall.c.o
[ 66%] Building C object CMakeFiles/nussinov.dir/utilities/polybench.c.o
[ 66%] Building C object CMakeFiles/nussinov.dir/medley/nussinov/nussinov.c.o
[ 66%] Building C object CMakeFiles/doitgen.dir/utilities/polybench.c.o
[ 66%] Building C object CMakeFiles/2mm.dir/linear-algebra/kernels/2mm/2mm.c.o
[ 66%] Building C object CMakeFiles/doitgen.dir/linear-algebra/kernels/doitgen/doitgen.c.o
[ 66%] Building C object CMakeFiles/3mm.dir/utilities/polybench.c.o
[ 66%] Building C object CMakeFiles/symm.dir/utilities/polybench.c.o
[ 66%] Building C object CMakeFiles/3mm.dir/linear-algebra/kernels/3mm/3mm.c.o
[ 66%] Building C object CMakeFiles/syrk.dir/utilities/polybench.c.o
[ 66%] Building C object CMakeFiles/seidel-2d.dir/utilities/polybench.c.o
[ 66%] Building C object CMakeFiles/trmm.dir/utilities/polybench.c.o
[ 66%] Building C object CMakeFiles/2mm.dir/utilities/polybench.c.o
[ 66%] Building C object CMakeFiles/adi.dir/utilities/polybench.c.o
[ 67%] Linking C executable seidel-2d
[ 68%] Linking C executable jacobi-1d
[ 70%] Linking C executable durbin
[ 71%] Linking C executable trisolv
[ 72%] Linking C executable covariance
[ 73%] Linking C executable nussinov
[ 74%] Linking C executable floyd-warshall
[ 76%] Linking C executable syrk
[ 76%] Linking C executable trmm
[ 77%] Linking C executable gesummv
[ 78%] Built target seidel-2d
[ 78%] Linking C executable syr2k
[ 78%] Built target jacobi-1d
[ 80%] Built target durbin
[ 80%] Linking C executable deriche
[ 82%] Linking C executable cholesky
[ 82%] Linking C executable bicg
[ 82%] Built target trisolv
[ 82%] Built target covariance
[ 83%] Linking C executable gemm
[ 84%] Linking C executable jacobi-2d
[ 86%] Linking C executable lu
[ 86%] Linking C executable correlation
[ 86%] Built target nussinov
[ 87%] Linking C executable doitgen
[ 88%] Built target floyd-warshall
[ 88%] Linking C executable heat-3d
[ 91%] Linking C executable atax
[ 91%] Linking C executable adi
[ 91%] Built target trmm
[ 91%] Built target syrk
[ 92%] Built target gesummv
[ 92%] Linking C executable mvt
[ 92%] Built target syr2k
[ 92%] Built target cholesky
[ 92%] Built target deriche
[ 92%] Built target bicg
[ 93%] Linking C executable fdtd-2d
[ 94%] Built target gemm
[ 94%] Linking C executable symm
[ 94%] Built target jacobi-2d
[ 95%] Linking C executable gemver
[ 96%] Built target correlation
[ 96%] Linking C executable 2mm
[ 96%] Built target lu
[ 96%] Built target doitgen
[ 96%] Built target heat-3d
[ 96%] Built target atax
[ 96%] Built target adi
[ 96%] Built target mvt
[ 97%] Linking C executable ludcmp
[ 97%] Built target fdtd-2d
[ 97%] Built target symm
[ 98%] Linking C executable 3mm
[ 98%] Built target gemver
[ 98%] Built target 2mm
[ 98%] Built target ludcmp
[ 98%] Built target 3mm
c,choose_hints,2mm,0.000413,51.523,valid,2,MEDIUM
c,choose_hints,2mm,1,0.000446,2,MEDIUM
c,choose_hints,2mm,2,0.000431,2,MEDIUM
c,choose_hints,2mm,3,0.000443,2,MEDIUM
c,choose_hints,2mm,4,0.000425,2,MEDIUM
c,choose_hints,2mm,5,0.000444,2,MEDIUM
c,choose_hints,3mm,0.000597,54.303,valid,2,MEDIUM
c,choose_hints,3mm,1,0.000636,2,MEDIUM
c,choose_hints,3mm,2,0.000833,2,MEDIUM
c,choose_hints,3mm,3,0.000725,2,MEDIUM
c,choose_hints,3mm,4,0.000564,2,MEDIUM
c,choose_hints,3mm,5,0.000638,2,MEDIUM
c,choose_hints,adi,0.021881,3.567,valid,2,MEDIUM
c,choose_hints,adi,1,0.022234,2,MEDIUM
c,choose_hints,adi,2,0.022695,2,MEDIUM
c,choose_hints,adi,3,0.022521,2,MEDIUM
c,choose_hints,adi,4,0.022946,2,MEDIUM
c,choose_hints,adi,5,0.022547,2,MEDIUM
c,choose_hints,atax,0.000231,1.515,valid,2,MEDIUM
c,choose_hints,atax,1,0.000232,2,MEDIUM
c,choose_hints,atax,2,0.000232,2,MEDIUM
c,choose_hints,atax,3,0.000236,2,MEDIUM
c,choose_hints,atax,4,0.000237,2,MEDIUM
c,choose_hints,atax,5,0.000232,2,MEDIUM
c,choose_hints,bicg,0.000188,3.149,valid,2,MEDIUM
c,choose_hints,bicg,1,0.000215,2,MEDIUM
c,choose_hints,bicg,2,0.000192,2,MEDIUM
c,choose_hints,bicg,3,0.000219,2,MEDIUM
c,choose_hints,bicg,4,0.000171,2,MEDIUM
c,choose_hints,bicg,5,0.000175,2,MEDIUM
c,choose_hints,cholesky,,,illegal,2,MEDIUM
c,choose_hints,correlation,0.004890,2.526,valid,2,MEDIUM
c,choose_hints,correlation,1,0.004892,2,MEDIUM
c,choose_hints,correlation,2,0.004906,2,MEDIUM
c,choose_hints,correlation,3,0.004891,2,MEDIUM
c,choose_hints,correlation,4,0.004889,2,MEDIUM
c,choose_hints,correlation,5,0.004996,2,MEDIUM
c,choose_hints,covariance,0.000765,16.022,valid,2,MEDIUM
c,choose_hints,covariance,1,0.000783,2,MEDIUM
c,choose_hints,covariance,2,0.000797,2,MEDIUM
c,choose_hints,covariance,3,0.000786,2,MEDIUM
c,choose_hints,covariance,4,0.000895,2,MEDIUM
c,choose_hints,covariance,5,0.000754,2,MEDIUM
c,choose_hints,deriche,0.002952,3.620,valid,2,MEDIUM
c,choose_hints,deriche,1,0.002803,2,MEDIUM
c,choose_hints,deriche,2,0.002595,2,MEDIUM
c,choose_hints,deriche,3,0.002783,2,MEDIUM
c,choose_hints,deriche,4,0.002725,2,MEDIUM
c,choose_hints,deriche,5,0.002931,2,MEDIUM
c,choose_hints,doitgen,0.000123,76.382,valid,2,MEDIUM
c,choose_hints,doitgen,1,0.000152,2,MEDIUM
c,choose_hints,doitgen,2,0.000146,2,MEDIUM
c,choose_hints,doitgen,3,0.000118,2,MEDIUM
c,choose_hints,doitgen,4,0.000118,2,MEDIUM
c,choose_hints,doitgen,5,0.000140,2,MEDIUM
c,choose_hints,durbin,0.000203,0.813,valid,2,MEDIUM
c,choose_hints,durbin,1,0.000190,2,MEDIUM
c,choose_hints,durbin,2,0.000191,2,MEDIUM
c,choose_hints,durbin,3,0.000180,2,MEDIUM
c,choose_hints,durbin,4,0.000179,2,MEDIUM
c,choose_hints,durbin,5,0.000203,2,MEDIUM
c,choose_hints,fdtd-2d,0.009700,0.878,valid,2,MEDIUM
c,choose_hints,fdtd-2d,1,0.009625,2,MEDIUM
c,choose_hints,fdtd-2d,2,0.009486,2,MEDIUM
c,choose_hints,fdtd-2d,3,0.009406,2,MEDIUM
c,choose_hints,fdtd-2d,4,0.009458,2,MEDIUM
c,choose_hints,fdtd-2d,5,0.009574,2,MEDIUM
c,choose_hints,floyd-warshall,0.063485,1.727,valid,2,MEDIUM
c,choose_hints,floyd-warshall,1,0.064183,2,MEDIUM
c,choose_hints,floyd-warshall,2,0.063401,2,MEDIUM
c,choose_hints,floyd-warshall,3,0.063671,2,MEDIUM
c,choose_hints,floyd-warshall,4,0.064010,2,MEDIUM
c,choose_hints,floyd-warshall,5,0.063548,2,MEDIUM
c,choose_hints,gemm,0.000632,5.460,valid,2,MEDIUM
c,choose_hints,gemm,1,0.000810,2,MEDIUM
c,choose_hints,gemm,2,0.000666,2,MEDIUM
c,choose_hints,gemm,3,0.000659,2,MEDIUM
c,choose_hints,gemm,4,0.000654,2,MEDIUM
c,choose_hints,gemm,5,0.000694,2,MEDIUM
c,choose_hints,gemver,0.000335,2.033,valid,2,MEDIUM
c,choose_hints,gemver,1,0.000334,2,MEDIUM
c,choose_hints,gemver,2,0.000358,2,MEDIUM
c,choose_hints,gemver,3,0.000352,2,MEDIUM
c,choose_hints,gemver,4,0.000335,2,MEDIUM
c,choose_hints,gemver,5,0.000325,2,MEDIUM
c,choose_hints,gesummv,0.000066,3.455,valid,2,MEDIUM
c,choose_hints,gesummv,1,0.000094,2,MEDIUM
c,choose_hints,gesummv,2,0.000059,2,MEDIUM
c,choose_hints,gesummv,3,0.000060,2,MEDIUM
c,choose_hints,gesummv,4,0.000058,2,MEDIUM
c,choose_hints,gesummv,5,0.000062,2,MEDIUM
c,choose_hints,gramschmidt,,,illegal,2,MEDIUM
c,choose_hints,heat-3d,0.015554,0.767,valid,2,MEDIUM
c,choose_hints,heat-3d,1,0.015819,2,MEDIUM
c,choose_hints,heat-3d,2,0.015473,2,MEDIUM
c,choose_hints,heat-3d,3,0.015491,2,MEDIUM
c,choose_hints,heat-3d,4,0.015368,2,MEDIUM
c,choose_hints,heat-3d,5,0.015558,2,MEDIUM
c,choose_hints,jacobi-1d,0.001637,0.030,valid,2,MEDIUM
c,choose_hints,jacobi-1d,1,0.001584,2,MEDIUM
c,choose_hints,jacobi-1d,2,0.001648,2,MEDIUM
c,choose_hints,jacobi-1d,3,0.001557,2,MEDIUM
c,choose_hints,jacobi-1d,4,0.001695,2,MEDIUM
c,choose_hints,jacobi-1d,5,0.001580,2,MEDIUM
c,choose_hints,jacobi-2d,0.009990,1.019,valid,2,MEDIUM
c,choose_hints,jacobi-2d,1,0.010074,2,MEDIUM
c,choose_hints,jacobi-2d,2,0.010292,2,MEDIUM
c,choose_hints,jacobi-2d,3,0.010126,2,MEDIUM
c,choose_hints,jacobi-2d,4,0.010089,2,MEDIUM
c,choose_hints,jacobi-2d,5,0.010113,2,MEDIUM
c,choose_hints,lu,0.021144,1.459,valid,2,MEDIUM
c,choose_hints,lu,1,0.021152,2,MEDIUM
c,choose_hints,lu,2,0.021255,2,MEDIUM
c,choose_hints,lu,3,0.021289,2,MEDIUM
c,choose_hints,lu,4,0.021247,2,MEDIUM
c,choose_hints,lu,5,0.021129,2,MEDIUM
c,choose_hints,ludcmp,0.032860,0.897,valid,2,MEDIUM
c,choose_hints,ludcmp,1,0.032605,2,MEDIUM
c,choose_hints,ludcmp,2,0.032835,2,MEDIUM
c,choose_hints,ludcmp,3,0.032701,2,MEDIUM
c,choose_hints,ludcmp,4,0.032688,2,MEDIUM
c,choose_hints,ludcmp,5,0.032588,2,MEDIUM
c,choose_hints,mvt,0.000219,2.297,valid,2,MEDIUM
c,choose_hints,mvt,1,0.000228,2,MEDIUM
c,choose_hints,mvt,2,0.000234,2,MEDIUM
c,choose_hints,mvt,3,0.000226,2,MEDIUM
c,choose_hints,mvt,4,0.000243,2,MEDIUM
c,choose_hints,mvt,5,0.000271,2,MEDIUM
c,choose_hints,nussinov,0.014099,4.259,valid,2,MEDIUM
c,choose_hints,nussinov,1,0.014939,2,MEDIUM
c,choose_hints,nussinov,2,0.014249,2,MEDIUM
c,choose_hints,nussinov,3,0.013890,2,MEDIUM
c,choose_hints,nussinov,4,0.014185,2,MEDIUM
c,choose_hints,nussinov,5,0.014203,2,MEDIUM
c,choose_hints,seidel-2d,0.218963,0.974,valid,2,MEDIUM
c,choose_hints,seidel-2d,1,0.218984,2,MEDIUM
c,choose_hints,seidel-2d,2,0.218959,2,MEDIUM
c,choose_hints,seidel-2d,3,0.219003,2,MEDIUM
c,choose_hints,seidel-2d,4,0.218876,2,MEDIUM
c,choose_hints,seidel-2d,5,0.218895,2,MEDIUM
c,choose_hints,symm,0.004198,2.417,valid,2,MEDIUM
c,choose_hints,symm,1,0.004127,2,MEDIUM
c,choose_hints,symm,2,0.004170,2,MEDIUM
c,choose_hints,symm,3,0.004238,2,MEDIUM
c,choose_hints,symm,4,0.004179,2,MEDIUM
c,choose_hints,symm,5,0.004124,2,MEDIUM
c,choose_hints,syr2k,0.000343,24.356,valid,2,MEDIUM
c,choose_hints,syr2k,1,0.000346,2,MEDIUM
c,choose_hints,syr2k,2,0.000363,2,MEDIUM
c,choose_hints,syr2k,3,0.000362,2,MEDIUM
c,choose_hints,syr2k,4,0.000358,2,MEDIUM
c,choose_hints,syr2k,5,0.000346,2,MEDIUM
c,choose_hints,syrk,0.000307,11.414,valid,2,MEDIUM
c,choose_hints,syrk,1,0.000311,2,MEDIUM
c,choose_hints,syrk,2,0.000295,2,MEDIUM
c,choose_hints,syrk,3,0.000315,2,MEDIUM
c,choose_hints,syrk,4,0.000294,2,MEDIUM
c,choose_hints,syrk,5,0.000306,2,MEDIUM
c,choose_hints,trisolv,0.000129,,invalid,2,MEDIUM
c,choose_hints,trmm,0.001276,5.584,valid,2,MEDIUM
c,choose_hints,trmm,1,0.001292,2,MEDIUM
c,choose_hints,trmm,2,0.001288,2,MEDIUM
c,choose_hints,trmm,3,0.001281,2,MEDIUM
c,choose_hints,trmm,4,0.001288,2,MEDIUM
c,choose_hints,trmm,5,0.001274,2,MEDIUM
-- The C compiler identification is GNU 15.2.0
-- Detecting C compiler ABI info
-- Detecting C compiler ABI info - done
-- Check for working C compiler: /usr/local/latestgcc/bin/gcc - skipped
-- Detecting C compile features
-- Detecting C compile features - done
-- Configuring done (0.4s)
-- Generating done (0.8s)
-- Build files have been written to: /home/kleplj/choose_hints/optimization/choose_hints/PolybenchC-4.2.1/build
[  5%] Building C object CMakeFiles/correlation.dir/datamining/correlation/correlation.c.o
[  5%] Building C object CMakeFiles/covariance.dir/datamining/covariance/covariance.c.o
[  8%] Building C object CMakeFiles/cholesky.dir/linear-algebra/solvers/cholesky/cholesky.c.o
[  8%] Building C object CMakeFiles/correlation.dir/utilities/polybench.c.o
[  8%] Building C object CMakeFiles/covariance.dir/utilities/polybench.c.o
[  8%] Building C object CMakeFiles/lu.dir/linear-algebra/solvers/lu/lu.c.o
[ 23%] Building C object CMakeFiles/durbin.dir/utilities/polybench.c.o
[ 62%] Building C object CMakeFiles/lu.dir/utilities/polybench.c.o
[ 62%] Building C object CMakeFiles/mvt.dir/utilities/polybench.c.o
[ 62%] Building C object CMakeFiles/gramschmidt.dir/linear-algebra/solvers/gramschmidt/gramschmidt.c.o
[ 62%] Building C object CMakeFiles/ludcmp.dir/linear-algebra/solvers/ludcmp/ludcmp.c.o
[ 62%] Building C object CMakeFiles/cholesky.dir/utilities/polybench.c.o
[ 62%] Building C object CMakeFiles/durbin.dir/linear-algebra/solvers/durbin/durbin.c.o
[ 62%] Building C object CMakeFiles/gemm.dir/linear-algebra/blas/gemm/gemm.c.o
[ 62%] Building C object CMakeFiles/ludcmp.dir/utilities/polybench.c.o
[ 62%] Building C object CMakeFiles/trisolv.dir/utilities/polybench.c.o
[ 62%] Building C object CMakeFiles/trmm.dir/linear-algebra/blas/trmm/trmm.c.o
[ 62%] Building C object CMakeFiles/jacobi-1d.dir/utilities/polybench.c.o
[ 62%] Building C object CMakeFiles/syr2k.dir/linear-algebra/blas/syr2k/syr2k.c.o
[ 62%] Building C object CMakeFiles/syrk.dir/linear-algebra/blas/syrk/syrk.c.o
[ 62%] Building C object CMakeFiles/gramschmidt.dir/utilities/polybench.c.o
[ 66%] Building C object CMakeFiles/gemm.dir/utilities/polybench.c.o
[ 66%] Building C object CMakeFiles/bicg.dir/linear-algebra/kernels/bicg/bicg.c.o
[ 66%] Building C object CMakeFiles/gesummv.dir/utilities/polybench.c.o
[ 66%] Building C object CMakeFiles/gemver.dir/linear-algebra/blas/gemver/gemver.c.o
[ 66%] Building C object CMakeFiles/syr2k.dir/utilities/polybench.c.o
[ 66%] Building C object CMakeFiles/gemver.dir/utilities/polybench.c.o
[ 66%] Building C object CMakeFiles/gesummv.dir/linear-algebra/blas/gesummv/gesummv.c.o
[ 66%] Building C object CMakeFiles/heat-3d.dir/stencils/heat-3d/heat-3d.c.o
[ 66%] Building C object CMakeFiles/bicg.dir/utilities/polybench.c.o
[ 66%] Building C object CMakeFiles/syrk.dir/utilities/polybench.c.o
[ 66%] Building C object CMakeFiles/symm.dir/linear-algebra/blas/symm/symm.c.o
[ 66%] Building C object CMakeFiles/doitgen.dir/linear-algebra/kernels/doitgen/doitgen.c.o
[ 66%] Building C object CMakeFiles/mvt.dir/linear-algebra/kernels/mvt/mvt.c.o
[ 66%] Building C object CMakeFiles/3mm.dir/utilities/polybench.c.o
[ 66%] Building C object CMakeFiles/jacobi-1d.dir/stencils/jacobi-1d/jacobi-1d.c.o
[ 66%] Building C object CMakeFiles/atax.dir/utilities/polybench.c.o
[ 66%] Building C object CMakeFiles/symm.dir/utilities/polybench.c.o
[ 66%] Building C object CMakeFiles/doitgen.dir/utilities/polybench.c.o
[ 66%] Building C object CMakeFiles/adi.dir/utilities/polybench.c.o
[ 66%] Building C object CMakeFiles/3mm.dir/linear-algebra/kernels/3mm/3mm.c.o
[ 66%] Building C object CMakeFiles/floyd-warshall.dir/utilities/polybench.c.o
[ 66%] Building C object CMakeFiles/atax.dir/linear-algebra/kernels/atax/atax.c.o
[ 66%] Building C object CMakeFiles/2mm.dir/linear-algebra/kernels/2mm/2mm.c.o
[ 66%] Building C object CMakeFiles/deriche.dir/medley/deriche/deriche.c.o
[ 66%] Building C object CMakeFiles/floyd-warshall.dir/medley/floyd-warshall/floyd-warshall.c.o
[ 66%] Building C object CMakeFiles/nussinov.dir/utilities/polybench.c.o
[ 66%] Building C object CMakeFiles/seidel-2d.dir/stencils/seidel-2d/seidel-2d.c.o
[ 66%] Building C object CMakeFiles/seidel-2d.dir/utilities/polybench.c.o
[ 66%] Building C object CMakeFiles/deriche.dir/utilities/polybench.c.o
[ 66%] Building C object CMakeFiles/fdtd-2d.dir/utilities/polybench.c.o
[ 66%] Building C object CMakeFiles/2mm.dir/utilities/polybench.c.o
[ 66%] Building C object CMakeFiles/fdtd-2d.dir/stencils/fdtd-2d/fdtd-2d.c.o
[ 66%] Building C object CMakeFiles/heat-3d.dir/utilities/polybench.c.o
[ 66%] Building C object CMakeFiles/trisolv.dir/linear-algebra/solvers/trisolv/trisolv.c.o
[ 66%] Building C object CMakeFiles/trmm.dir/utilities/polybench.c.o
[ 66%] Building C object CMakeFiles/jacobi-2d.dir/utilities/polybench.c.o
[ 66%] Building C object CMakeFiles/jacobi-2d.dir/stencils/jacobi-2d/jacobi-2d.c.o
[ 66%] Building C object CMakeFiles/nussinov.dir/medley/nussinov/nussinov.c.o
[ 66%] Building C object CMakeFiles/adi.dir/stencils/adi/adi.c.o
[ 70%] Linking C executable trisolv
[ 70%] Linking C executable durbin
[ 70%] Linking C executable seidel-2d
[ 71%] Linking C executable floyd-warshall
[ 72%] Linking C executable mvt
[ 73%] Linking C executable adi
[ 74%] Linking C executable correlation
[ 76%] Linking C executable covariance
[ 76%] Linking C executable trmm
[ 77%] Linking C executable lu
[ 80%] Linking C executable gramschmidt
[ 80%] Linking C executable syr2k
[ 82%] Linking C executable cholesky
[ 82%] Linking C executable atax
[ 85%] Linking C executable bicg
[ 86%] Linking C executable gesummv
[ 86%] Linking C executable gemver
[ 86%] Linking C executable syrk
[ 87%] Built target durbin
[ 87%] Linking C executable heat-3d
[ 87%] Built target trisolv
[ 87%] Built target seidel-2d
[ 87%] Built target floyd-warshall
[ 87%] Built target mvt
[ 88%] Linking C executable symm
[ 90%] Linking C executable ludcmp
[ 91%] Linking C executable jacobi-1d
[ 91%] Built target adi
[ 91%] Built target correlation
[ 91%] Built target covariance
[ 91%] Built target trmm
[ 91%] Built target lu
[ 91%] Built target syr2k
[ 91%] Built target gramschmidt
[ 91%] Built target atax
[ 91%] Built target cholesky
[ 92%] Built target bicg
[ 93%] Linking C executable deriche
[ 93%] Built target gesummv
[ 93%] Built target gemver
[ 93%] Linking C executable doitgen
[ 93%] Built target syrk
[ 93%] Built target heat-3d
[ 94%] Linking C executable gemm
[ 94%] Built target symm
[ 95%] Linking C executable fdtd-2d
[ 95%] Built target ludcmp
[ 95%] Built target jacobi-1d
[ 96%] Linking C executable jacobi-2d
[ 97%] Linking C executable 2mm
[ 97%] Built target deriche
[ 97%] Built target doitgen
[ 98%] Built target gemm
[ 98%] Linking C executable 3mm
[ 98%] Built target fdtd-2d
[ 98%] Built target jacobi-2d
[ 98%] Built target 2mm
[ 98%] Built target 3mm
c,choose_hints,2mm,0.000430,49.428,valid,3,MEDIUM
c,choose_hints,2mm,1,0.000418,3,MEDIUM
c,choose_hints,2mm,2,0.000421,3,MEDIUM
c,choose_hints,2mm,3,0.000453,3,MEDIUM
c,choose_hints,2mm,4,0.000410,3,MEDIUM
c,choose_hints,2mm,5,0.000422,3,MEDIUM
c,choose_hints,3mm,0.000590,54.949,valid,3,MEDIUM
c,choose_hints,3mm,1,0.000556,3,MEDIUM
c,choose_hints,3mm,2,0.000675,3,MEDIUM
c,choose_hints,3mm,3,0.000625,3,MEDIUM
c,choose_hints,3mm,4,0.000581,3,MEDIUM
c,choose_hints,3mm,5,0.000596,3,MEDIUM
c,choose_hints,adi,0.078426,1.008,valid,3,MEDIUM
c,choose_hints,adi,1,0.077978,3,MEDIUM
c,choose_hints,adi,2,0.078341,3,MEDIUM
c,choose_hints,adi,3,0.077835,3,MEDIUM
c,choose_hints,adi,4,0.078913,3,MEDIUM
c,choose_hints,adi,5,0.078744,3,MEDIUM
c,choose_hints,atax,0.000202,1.748,valid,3,MEDIUM
c,choose_hints,atax,1,0.000215,3,MEDIUM
c,choose_hints,atax,2,0.000202,3,MEDIUM
c,choose_hints,atax,3,0.000245,3,MEDIUM
c,choose_hints,atax,4,0.000222,3,MEDIUM
c,choose_hints,atax,5,0.000199,3,MEDIUM
c,choose_hints,bicg,0.000173,3.335,valid,3,MEDIUM
c,choose_hints,bicg,1,0.000238,3,MEDIUM
c,choose_hints,bicg,2,0.000168,3,MEDIUM
c,choose_hints,bicg,3,0.000171,3,MEDIUM
c,choose_hints,bicg,4,0.000203,3,MEDIUM
c,choose_hints,bicg,5,0.000182,3,MEDIUM
c,choose_hints,cholesky,0.014351,1.065,valid,3,MEDIUM
c,choose_hints,cholesky,1,0.014335,3,MEDIUM
c,choose_hints,cholesky,2,0.014341,3,MEDIUM
c,choose_hints,cholesky,3,0.014303,3,MEDIUM
c,choose_hints,cholesky,4,0.014338,3,MEDIUM
c,choose_hints,cholesky,5,0.014328,3,MEDIUM
c,choose_hints,correlation,0.000807,15.228,valid,3,MEDIUM
c,choose_hints,correlation,1,0.000875,3,MEDIUM
c,choose_hints,correlation,2,0.000817,3,MEDIUM
c,choose_hints,correlation,3,0.000856,3,MEDIUM
c,choose_hints,correlation,4,0.000825,3,MEDIUM
c,choose_hints,correlation,5,0.000808,3,MEDIUM
c,choose_hints,covariance,0.003563,3.445,valid,3,MEDIUM
c,choose_hints,covariance,1,0.003647,3,MEDIUM
c,choose_hints,covariance,2,0.003636,3,MEDIUM
c,choose_hints,covariance,3,0.003619,3,MEDIUM
c,choose_hints,covariance,4,0.003631,3,MEDIUM
c,choose_hints,covariance,5,0.003628,3,MEDIUM
c,choose_hints,deriche,0.002874,3.720,valid,3,MEDIUM
c,choose_hints,deriche,1,0.003054,3,MEDIUM
c,choose_hints,deriche,2,0.003028,3,MEDIUM
c,choose_hints,deriche,3,0.003139,3,MEDIUM
c,choose_hints,deriche,4,0.002847,3,MEDIUM
c,choose_hints,deriche,5,0.002968,3,MEDIUM
c,choose_hints,doitgen,0.000149,62.993,valid,3,MEDIUM
c,choose_hints,doitgen,1,0.000137,3,MEDIUM
c,choose_hints,doitgen,2,0.000125,3,MEDIUM
c,choose_hints,doitgen,3,0.000126,3,MEDIUM
c,choose_hints,doitgen,4,0.000124,3,MEDIUM
c,choose_hints,doitgen,5,0.000130,3,MEDIUM
c,choose_hints,durbin,0.000193,0.855,valid,3,MEDIUM
c,choose_hints,durbin,1,0.000182,3,MEDIUM
c,choose_hints,durbin,2,0.000194,3,MEDIUM
c,choose_hints,durbin,3,0.000193,3,MEDIUM
c,choose_hints,durbin,4,0.000192,3,MEDIUM
c,choose_hints,durbin,5,0.000182,3,MEDIUM
c,choose_hints,fdtd-2d,0.009629,0.887,valid,3,MEDIUM
c,choose_hints,fdtd-2d,1,0.009678,3,MEDIUM
c,choose_hints,fdtd-2d,2,0.009518,3,MEDIUM
c,choose_hints,fdtd-2d,3,0.009325,3,MEDIUM
c,choose_hints,fdtd-2d,4,0.009354,3,MEDIUM
c,choose_hints,fdtd-2d,5,0.009601,3,MEDIUM
c,choose_hints,floyd-warshall,0.167529,0.655,valid,3,MEDIUM
c,choose_hints,floyd-warshall,1,0.168912,3,MEDIUM
c,choose_hints,floyd-warshall,2,0.168024,3,MEDIUM
c,choose_hints,floyd-warshall,3,0.168129,3,MEDIUM
c,choose_hints,floyd-warshall,4,0.167187,3,MEDIUM
c,choose_hints,floyd-warshall,5,0.165633,3,MEDIUM
c,choose_hints,gemm,0.002702,1.279,valid,3,MEDIUM
c,choose_hints,gemm,1,0.002748,3,MEDIUM
c,choose_hints,gemm,2,0.002642,3,MEDIUM
c,choose_hints,gemm,3,0.002683,3,MEDIUM
c,choose_hints,gemm,4,0.002706,3,MEDIUM
c,choose_hints,gemm,5,0.002774,3,MEDIUM
c,choose_hints,gemver,0.000423,1.636,valid,3,MEDIUM
c,choose_hints,gemver,1,0.000412,3,MEDIUM
c,choose_hints,gemver,2,0.000386,3,MEDIUM
c,choose_hints,gemver,3,0.000391,3,MEDIUM
c,choose_hints,gemver,4,0.000404,3,MEDIUM
c,choose_hints,gemver,5,0.000434,3,MEDIUM
c,choose_hints,gesummv,0.000063,3.635,valid,3,MEDIUM
c,choose_hints,gesummv,1,0.000068,3,MEDIUM
c,choose_hints,gesummv,2,0.000061,3,MEDIUM
c,choose_hints,gesummv,3,0.000057,3,MEDIUM
c,choose_hints,gesummv,4,0.000062,3,MEDIUM
c,choose_hints,gesummv,5,0.000062,3,MEDIUM
c,choose_hints,gramschmidt,0.031390,,invalid,3,MEDIUM
c,choose_hints,heat-3d,0.015521,0.772,valid,3,MEDIUM
c,choose_hints,heat-3d,1,0.015660,3,MEDIUM
c,choose_hints,heat-3d,2,0.018874,3,MEDIUM
c,choose_hints,heat-3d,3,0.015381,3,MEDIUM
c,choose_hints,heat-3d,4,0.015820,3,MEDIUM
c,choose_hints,heat-3d,5,0.015476,3,MEDIUM
c,choose_hints,jacobi-1d,0.001644,0.032,valid,3,MEDIUM
c,choose_hints,jacobi-1d,1,0.001658,3,MEDIUM
c,choose_hints,jacobi-1d,2,0.001796,3,MEDIUM
c,choose_hints,jacobi-1d,3,0.001706,3,MEDIUM
c,choose_hints,jacobi-1d,4,0.001656,3,MEDIUM
c,choose_hints,jacobi-1d,5,0.001667,3,MEDIUM
c,choose_hints,jacobi-2d,0.005652,1.820,valid,3,MEDIUM
c,choose_hints,jacobi-2d,1,0.005833,3,MEDIUM
c,choose_hints,jacobi-2d,2,0.005846,3,MEDIUM
c,choose_hints,jacobi-2d,3,0.005522,3,MEDIUM
c,choose_hints,jacobi-2d,4,0.005686,3,MEDIUM
c,choose_hints,jacobi-2d,5,0.005638,3,MEDIUM
c,choose_hints,lu,0.021124,1.459,valid,3,MEDIUM
c,choose_hints,lu,1,0.021324,3,MEDIUM
c,choose_hints,lu,2,0.021139,3,MEDIUM
c,choose_hints,lu,3,0.021175,3,MEDIUM
c,choose_hints,lu,4,0.021257,3,MEDIUM
c,choose_hints,lu,5,0.021308,3,MEDIUM
c,choose_hints,ludcmp,0.020764,1.415,valid,3,MEDIUM
c,choose_hints,ludcmp,1,0.020898,3,MEDIUM
c,choose_hints,ludcmp,2,0.020745,3,MEDIUM
c,choose_hints,ludcmp,3,0.020697,3,MEDIUM
c,choose_hints,ludcmp,4,0.020682,3,MEDIUM
c,choose_hints,ludcmp,5,0.020800,3,MEDIUM
c,choose_hints,mvt,0.000491,1.031,valid,3,MEDIUM
c,choose_hints,mvt,1,0.000486,3,MEDIUM
c,choose_hints,mvt,2,0.000489,3,MEDIUM
c,choose_hints,mvt,3,0.000487,3,MEDIUM
c,choose_hints,mvt,4,0.000470,3,MEDIUM
c,choose_hints,mvt,5,0.000537,3,MEDIUM
c,choose_hints,nussinov,,,illegal,3,MEDIUM
c,choose_hints,seidel-2d,0.114186,1.868,valid,3,MEDIUM
c,choose_hints,seidel-2d,1,0.114168,3,MEDIUM
c,choose_hints,seidel-2d,2,0.114232,3,MEDIUM
c,choose_hints,seidel-2d,3,0.114217,3,MEDIUM
c,choose_hints,seidel-2d,4,0.114183,3,MEDIUM
c,choose_hints,seidel-2d,5,0.114171,3,MEDIUM
c,choose_hints,symm,0.004011,2.542,valid,3,MEDIUM
c,choose_hints,symm,1,0.003977,3,MEDIUM
c,choose_hints,symm,2,0.003911,3,MEDIUM
c,choose_hints,symm,3,0.004064,3,MEDIUM
c,choose_hints,symm,4,0.003920,3,MEDIUM
c,choose_hints,symm,5,0.004046,3,MEDIUM
c,choose_hints,syr2k,0.000374,22.532,valid,3,MEDIUM
c,choose_hints,syr2k,1,0.000364,3,MEDIUM
c,choose_hints,syr2k,2,0.000340,3,MEDIUM
c,choose_hints,syr2k,3,0.000384,3,MEDIUM
c,choose_hints,syr2k,4,0.000352,3,MEDIUM
c,choose_hints,syr2k,5,0.000357,3,MEDIUM
c,choose_hints,syrk,0.000326,10.739,valid,3,MEDIUM
c,choose_hints,syrk,1,0.000295,3,MEDIUM
c,choose_hints,syrk,2,0.000306,3,MEDIUM
c,choose_hints,syrk,3,0.000314,3,MEDIUM
c,choose_hints,syrk,4,0.000299,3,MEDIUM
c,choose_hints,syrk,5,0.000299,3,MEDIUM
c,choose_hints,trisolv,0.000137,0.956,valid,3,MEDIUM
c,choose_hints,trisolv,1,0.000139,3,MEDIUM
c,choose_hints,trisolv,2,0.000133,3,MEDIUM
c,choose_hints,trisolv,3,0.000131,3,MEDIUM
c,choose_hints,trisolv,4,0.000129,3,MEDIUM
c,choose_hints,trisolv,5,0.000130,3,MEDIUM
c,choose_hints,trmm,0.001284,5.536,valid,3,MEDIUM
c,choose_hints,trmm,1,0.001285,3,MEDIUM
c,choose_hints,trmm,2,0.001298,3,MEDIUM
c,choose_hints,trmm,3,0.001278,3,MEDIUM
c,choose_hints,trmm,4,0.001304,3,MEDIUM
c,choose_hints,trmm,5,0.001284,3,MEDIUM
-- The C compiler identification is GNU 15.2.0
-- Detecting C compiler ABI info
-- Detecting C compiler ABI info - done
-- Check for working C compiler: /usr/local/latestgcc/bin/gcc - skipped
-- Detecting C compile features
-- Detecting C compile features - done
-- Configuring done (0.4s)
-- Generating done (0.8s)
-- Build files have been written to: /home/kleplj/choose_hints/optimization/choose_hints/PolybenchC-4.2.1/build
[ 10%] Building C object CMakeFiles/correlation.dir/utilities/polybench.c.o
[ 10%] Building C object CMakeFiles/correlation.dir/datamining/correlation/correlation.c.o
[ 10%] Building C object CMakeFiles/gramschmidt.dir/linear-algebra/solvers/gramschmidt/gramschmidt.c.o
[ 10%] Building C object CMakeFiles/lu.dir/utilities/polybench.c.o
[ 10%] Building C object CMakeFiles/covariance.dir/utilities/polybench.c.o
[ 10%] Building C object CMakeFiles/lu.dir/linear-algebra/solvers/lu/lu.c.o
[ 10%] Building C object CMakeFiles/covariance.dir/datamining/covariance/covariance.c.o
[ 22%] Building C object CMakeFiles/ludcmp.dir/linear-algebra/solvers/ludcmp/ludcmp.c.o
[ 60%] Building C object CMakeFiles/cholesky.dir/utilities/polybench.c.o
[ 60%] Building C object CMakeFiles/durbin.dir/linear-algebra/solvers/durbin/durbin.c.o
[ 60%] Building C object CMakeFiles/syr2k.dir/utilities/polybench.c.o
[ 60%] Building C object CMakeFiles/trisolv.dir/linear-algebra/solvers/trisolv/trisolv.c.o
[ 60%] Building C object CMakeFiles/gramschmidt.dir/utilities/polybench.c.o
[ 60%] Building C object CMakeFiles/syr2k.dir/linear-algebra/blas/syr2k/syr2k.c.o
[ 60%] Building C object CMakeFiles/cholesky.dir/linear-algebra/solvers/cholesky/cholesky.c.o
[ 60%] Building C object CMakeFiles/ludcmp.dir/utilities/polybench.c.o
[ 60%] Building C object CMakeFiles/durbin.dir/utilities/polybench.c.o
[ 60%] Building C object CMakeFiles/trisolv.dir/utilities/polybench.c.o
[ 66%] Building C object CMakeFiles/seidel-2d.dir/stencils/seidel-2d/seidel-2d.c.o
[ 66%] Building C object CMakeFiles/syrk.dir/linear-algebra/blas/syrk/syrk.c.o
[ 66%] Building C object CMakeFiles/gemver.dir/linear-algebra/blas/gemver/gemver.c.o
[ 66%] Building C object CMakeFiles/gemm.dir/linear-algebra/blas/gemm/gemm.c.o
[ 66%] Building C object CMakeFiles/gesummv.dir/linear-algebra/blas/gesummv/gesummv.c.o
[ 66%] Building C object CMakeFiles/trmm.dir/utilities/polybench.c.o
[ 66%] Building C object CMakeFiles/gesummv.dir/utilities/polybench.c.o
[ 66%] Building C object CMakeFiles/atax.dir/linear-algebra/kernels/atax/atax.c.o
[ 66%] Building C object CMakeFiles/syrk.dir/utilities/polybench.c.o
[ 66%] Building C object CMakeFiles/gemm.dir/utilities/polybench.c.o
[ 66%] Building C object CMakeFiles/trmm.dir/linear-algebra/blas/trmm/trmm.c.o
[ 66%] Building C object CMakeFiles/3mm.dir/linear-algebra/kernels/3mm/3mm.c.o
[ 66%] Building C object CMakeFiles/symm.dir/utilities/polybench.c.o
[ 66%] Building C object CMakeFiles/bicg.dir/utilities/polybench.c.o
[ 66%] Building C object CMakeFiles/mvt.dir/utilities/polybench.c.o
[ 66%] Building C object CMakeFiles/bicg.dir/linear-algebra/kernels/bicg/bicg.c.o
[ 66%] Building C object CMakeFiles/symm.dir/linear-algebra/blas/symm/symm.c.o
[ 66%] Building C object CMakeFiles/nussinov.dir/medley/nussinov/nussinov.c.o
[ 66%] Building C object CMakeFiles/atax.dir/utilities/polybench.c.o
[ 66%] Building C object CMakeFiles/deriche.dir/medley/deriche/deriche.c.o
[ 66%] Building C object CMakeFiles/mvt.dir/linear-algebra/kernels/mvt/mvt.c.o
[ 66%] Building C object CMakeFiles/gemver.dir/utilities/polybench.c.o
[ 66%] Building C object CMakeFiles/doitgen.dir/linear-algebra/kernels/doitgen/doitgen.c.o
[ 66%] Building C object CMakeFiles/nussinov.dir/utilities/polybench.c.o
[ 66%] Building C object CMakeFiles/3mm.dir/utilities/polybench.c.o
[ 66%] Building C object CMakeFiles/2mm.dir/linear-algebra/kernels/2mm/2mm.c.o
[ 66%] Building C object CMakeFiles/2mm.dir/utilities/polybench.c.o
[ 66%] Building C object CMakeFiles/doitgen.dir/utilities/polybench.c.o
[ 66%] Building C object CMakeFiles/jacobi-1d.dir/stencils/jacobi-1d/jacobi-1d.c.o
[ 66%] Building C object CMakeFiles/floyd-warshall.dir/medley/floyd-warshall/floyd-warshall.c.o
[ 66%] Building C object CMakeFiles/jacobi-1d.dir/utilities/polybench.c.o
[ 66%] Building C object CMakeFiles/jacobi-2d.dir/stencils/jacobi-2d/jacobi-2d.c.o
[ 66%] Building C object CMakeFiles/deriche.dir/utilities/polybench.c.o
[ 66%] Building C object CMakeFiles/adi.dir/utilities/polybench.c.o
[ 66%] Building C object CMakeFiles/adi.dir/stencils/adi/adi.c.o
[ 66%] Building C object CMakeFiles/fdtd-2d.dir/stencils/fdtd-2d/fdtd-2d.c.o
[ 66%] Building C object CMakeFiles/heat-3d.dir/stencils/heat-3d/heat-3d.c.o
[ 66%] Building C object CMakeFiles/jacobi-2d.dir/utilities/polybench.c.o
[ 66%] Building C object CMakeFiles/heat-3d.dir/utilities/polybench.c.o
[ 66%] Building C object CMakeFiles/floyd-warshall.dir/utilities/polybench.c.o
[ 66%] Building C object CMakeFiles/fdtd-2d.dir/utilities/polybench.c.o
[ 66%] Building C object CMakeFiles/seidel-2d.dir/utilities/polybench.c.o
[ 67%] Linking C executable durbin
[ 68%] Linking C executable seidel-2d
[ 70%] Linking C executable bicg
[ 71%] Linking C executable jacobi-2d
[ 72%] Linking C executable gesummv
[ 75%] Linking C executable deriche
[ 75%] Linking C executable nussinov
[ 75%] Linking C executable trisolv
[ 77%] Linking C executable syr2k
[ 77%] Linking C executable lu
[ 78%] Linking C executable floyd-warshall
[ 80%] Linking C executable jacobi-1d
[ 81%] Linking C executable gemver
[ 82%] Built target durbin
[ 82%] Linking C executable covariance
[ 83%] Linking C executable gramschmidt
[ 84%] Linking C executable trmm
[ 84%] Built target seidel-2d
[ 85%] Linking C executable gemm
[ 86%] Linking C executable syrk
[ 86%] Built target bicg
[ 86%] Built target jacobi-2d
[ 87%] Linking C executable atax
[ 87%] Built target nussinov
[ 87%] Built target gesummv
[ 87%] Built target trisolv
[ 87%] Built target deriche
[ 88%] Linking C executable adi
[ 88%] Built target syr2k
[ 90%] Linking C executable doitgen
[ 90%] Built target lu
[ 90%] Built target floyd-warshall
[ 90%] Built target jacobi-1d
[ 91%] Linking C executable 2mm
[ 91%] Built target gemver
[ 91%] Built target covariance
[ 91%] Built target gramschmidt
[ 91%] Built target trmm
[ 91%] Built target gemm
[ 92%] Built target syrk
[ 92%] Linking C executable ludcmp
[ 92%] Built target atax
[ 93%] Linking C executable 3mm
[ 93%] Built target adi
[ 93%] Built target doitgen
[ 94%] Linking C executable heat-3d
[ 94%] Built target 2mm
[ 95%] Linking C executable fdtd-2d
[ 96%] Linking C executable symm
[ 96%] Built target ludcmp
[ 96%] Built target 3mm
[ 96%] Built target heat-3d
[ 96%] Built target fdtd-2d
[ 96%] Built target symm
c,choose_hints,2mm,0.000317,67.016,valid,4,MEDIUM
c,choose_hints,2mm,1,0.000329,4,MEDIUM
c,choose_hints,2mm,2,0.000355,4,MEDIUM
c,choose_hints,2mm,3,0.000293,4,MEDIUM
c,choose_hints,2mm,4,0.000383,4,MEDIUM
c,choose_hints,2mm,5,0.000385,4,MEDIUM
c,choose_hints,3mm,0.001228,26.421,valid,4,MEDIUM
c,choose_hints,3mm,1,0.001247,4,MEDIUM
c,choose_hints,3mm,2,0.001265,4,MEDIUM
c,choose_hints,3mm,3,0.001262,4,MEDIUM
c,choose_hints,3mm,4,0.001322,4,MEDIUM
c,choose_hints,3mm,5,0.001231,4,MEDIUM
c,choose_hints,adi,0.021900,3.563,valid,4,MEDIUM
c,choose_hints,adi,1,0.021888,4,MEDIUM
c,choose_hints,adi,2,0.021385,4,MEDIUM
c,choose_hints,adi,3,0.022201,4,MEDIUM
c,choose_hints,adi,4,0.022413,4,MEDIUM
c,choose_hints,adi,5,0.022902,4,MEDIUM
c,choose_hints,atax,0.000340,0.982,valid,4,MEDIUM
c,choose_hints,atax,1,0.000283,4,MEDIUM
c,choose_hints,atax,2,0.000250,4,MEDIUM
c,choose_hints,atax,3,0.000227,4,MEDIUM
c,choose_hints,atax,4,0.000250,4,MEDIUM
c,choose_hints,atax,5,0.000249,4,MEDIUM
c,choose_hints,bicg,0.000238,2.466,valid,4,MEDIUM
c,choose_hints,bicg,1,0.000233,4,MEDIUM
c,choose_hints,bicg,2,0.000230,4,MEDIUM
c,choose_hints,bicg,3,0.000236,4,MEDIUM
c,choose_hints,bicg,4,0.000237,4,MEDIUM
c,choose_hints,bicg,5,0.000236,4,MEDIUM
c,choose_hints,cholesky,,,illegal,4,MEDIUM
c,choose_hints,correlation,,,illegal,4,MEDIUM
c,choose_hints,covariance,0.003528,3.457,valid,4,MEDIUM
c,choose_hints,covariance,1,0.003538,4,MEDIUM
c,choose_hints,covariance,2,0.003528,4,MEDIUM
c,choose_hints,covariance,3,0.003546,4,MEDIUM
c,choose_hints,covariance,4,0.003519,4,MEDIUM
c,choose_hints,covariance,5,0.003519,4,MEDIUM
c,choose_hints,deriche,0.002931,3.642,valid,4,MEDIUM
c,choose_hints,deriche,1,0.002920,4,MEDIUM
c,choose_hints,deriche,2,0.003132,4,MEDIUM
c,choose_hints,deriche,3,0.002898,4,MEDIUM
c,choose_hints,deriche,4,0.002852,4,MEDIUM
c,choose_hints,deriche,5,0.002947,4,MEDIUM
c,choose_hints,doitgen,0.000126,74.746,valid,4,MEDIUM
c,choose_hints,doitgen,1,0.000144,4,MEDIUM
c,choose_hints,doitgen,2,0.000127,4,MEDIUM
c,choose_hints,doitgen,3,0.000129,4,MEDIUM
c,choose_hints,doitgen,4,0.000116,4,MEDIUM
c,choose_hints,doitgen,5,0.000130,4,MEDIUM
c,choose_hints,durbin,0.000171,0.971,valid,4,MEDIUM
c,choose_hints,durbin,1,0.000185,4,MEDIUM
c,choose_hints,durbin,2,0.000169,4,MEDIUM
c,choose_hints,durbin,3,0.000170,4,MEDIUM
c,choose_hints,durbin,4,0.000170,4,MEDIUM
c,choose_hints,durbin,5,0.000170,4,MEDIUM
c,choose_hints,fdtd-2d,,,illegal,4,MEDIUM
c,choose_hints,floyd-warshall,0.016284,6.790,valid,4,MEDIUM
c,choose_hints,floyd-warshall,1,0.016150,4,MEDIUM
c,choose_hints,floyd-warshall,2,0.016776,4,MEDIUM
c,choose_hints,floyd-warshall,3,0.016192,4,MEDIUM
c,choose_hints,floyd-warshall,4,0.016355,4,MEDIUM
c,choose_hints,floyd-warshall,5,0.016241,4,MEDIUM
c,choose_hints,gemm,0.002859,1.206,valid,4,MEDIUM
c,choose_hints,gemm,1,0.002852,4,MEDIUM
c,choose_hints,gemm,2,0.002851,4,MEDIUM
c,choose_hints,gemm,3,0.002860,4,MEDIUM
c,choose_hints,gemm,4,0.002861,4,MEDIUM
c,choose_hints,gemm,5,0.002853,4,MEDIUM
c,choose_hints,gemver,0.000321,2.156,valid,4,MEDIUM
c,choose_hints,gemver,1,0.000328,4,MEDIUM
c,choose_hints,gemver,2,0.000323,4,MEDIUM
c,choose_hints,gemver,3,0.000331,4,MEDIUM
c,choose_hints,gemver,4,0.000331,4,MEDIUM
c,choose_hints,gemver,5,0.000326,4,MEDIUM
c,choose_hints,gesummv,0.000065,3.754,valid,4,MEDIUM
c,choose_hints,gesummv,1,0.000065,4,MEDIUM
c,choose_hints,gesummv,2,0.000058,4,MEDIUM
c,choose_hints,gesummv,3,0.000054,4,MEDIUM
c,choose_hints,gesummv,4,0.000061,4,MEDIUM
c,choose_hints,gesummv,5,0.000062,4,MEDIUM
c,choose_hints,gramschmidt,0.004660,3.671,valid,4,MEDIUM
c,choose_hints,gramschmidt,1,0.004661,4,MEDIUM
c,choose_hints,gramschmidt,2,0.004648,4,MEDIUM
c,choose_hints,gramschmidt,3,0.004673,4,MEDIUM
c,choose_hints,gramschmidt,4,0.004638,4,MEDIUM
c,choose_hints,gramschmidt,5,0.004651,4,MEDIUM
c,choose_hints,heat-3d,0.014384,0.830,valid,4,MEDIUM
c,choose_hints,heat-3d,1,0.014457,4,MEDIUM
c,choose_hints,heat-3d,2,0.014389,4,MEDIUM
c,choose_hints,heat-3d,3,0.014354,4,MEDIUM
c,choose_hints,heat-3d,4,0.014529,4,MEDIUM
c,choose_hints,heat-3d,5,0.014307,4,MEDIUM
c,choose_hints,jacobi-1d,0.001580,0.030,valid,4,MEDIUM
c,choose_hints,jacobi-1d,1,0.001651,4,MEDIUM
c,choose_hints,jacobi-1d,2,0.001607,4,MEDIUM
c,choose_hints,jacobi-1d,3,0.001626,4,MEDIUM
c,choose_hints,jacobi-1d,4,0.001689,4,MEDIUM
c,choose_hints,jacobi-1d,5,0.001600,4,MEDIUM
c,choose_hints,jacobi-2d,0.005363,2.071,valid,4,MEDIUM
c,choose_hints,jacobi-2d,1,0.005498,4,MEDIUM
c,choose_hints,jacobi-2d,2,0.005453,4,MEDIUM
c,choose_hints,jacobi-2d,3,0.005389,4,MEDIUM
c,choose_hints,jacobi-2d,4,0.005125,4,MEDIUM
c,choose_hints,jacobi-2d,5,0.005035,4,MEDIUM
c,choose_hints,lu,0.021355,1.447,valid,4,MEDIUM
c,choose_hints,lu,1,0.021219,4,MEDIUM
c,choose_hints,lu,2,0.021245,4,MEDIUM
c,choose_hints,lu,3,0.021406,4,MEDIUM
c,choose_hints,lu,4,0.021156,4,MEDIUM
c,choose_hints,lu,5,0.021260,4,MEDIUM
c,choose_hints,ludcmp,0.032459,0.904,valid,4,MEDIUM
c,choose_hints,ludcmp,1,0.032488,4,MEDIUM
c,choose_hints,ludcmp,2,0.032872,4,MEDIUM
c,choose_hints,ludcmp,3,0.032449,4,MEDIUM
c,choose_hints,ludcmp,4,0.032607,4,MEDIUM
c,choose_hints,ludcmp,5,0.032180,4,MEDIUM
c,choose_hints,mvt,,,illegal,4,MEDIUM
c,choose_hints,nussinov,0.014178,4.233,valid,4,MEDIUM
c,choose_hints,nussinov,1,0.014062,4,MEDIUM
c,choose_hints,nussinov,2,0.014061,4,MEDIUM
c,choose_hints,nussinov,3,0.014120,4,MEDIUM
c,choose_hints,nussinov,4,0.014403,4,MEDIUM
c,choose_hints,nussinov,5,0.014005,4,MEDIUM
c,choose_hints,seidel-2d,0.213144,0.999,valid,4,MEDIUM
c,choose_hints,seidel-2d,1,0.213118,4,MEDIUM
c,choose_hints,seidel-2d,2,0.213138,4,MEDIUM
c,choose_hints,seidel-2d,3,0.213115,4,MEDIUM
c,choose_hints,seidel-2d,4,0.213142,4,MEDIUM
c,choose_hints,seidel-2d,5,0.213139,4,MEDIUM
c,choose_hints,symm,0.003546,2.870,valid,4,MEDIUM
c,choose_hints,symm,1,0.003304,4,MEDIUM
c,choose_hints,symm,2,0.003445,4,MEDIUM
c,choose_hints,symm,3,0.003362,4,MEDIUM
c,choose_hints,symm,4,0.003316,4,MEDIUM
c,choose_hints,symm,5,0.003256,4,MEDIUM
c,choose_hints,syr2k,0.000355,23.899,valid,4,MEDIUM
c,choose_hints,syr2k,1,0.000351,4,MEDIUM
c,choose_hints,syr2k,2,0.000361,4,MEDIUM
c,choose_hints,syr2k,3,0.000351,4,MEDIUM
c,choose_hints,syr2k,4,0.000349,4,MEDIUM
c,choose_hints,syr2k,5,0.000362,4,MEDIUM
c,choose_hints,syrk,0.000210,17.067,valid,4,MEDIUM
c,choose_hints,syrk,1,0.000220,4,MEDIUM
c,choose_hints,syrk,2,0.000210,4,MEDIUM
c,choose_hints,syrk,3,0.000212,4,MEDIUM
c,choose_hints,syrk,4,0.000241,4,MEDIUM
c,choose_hints,syrk,5,0.000233,4,MEDIUM
c,choose_hints,trisolv,0.000136,,invalid,4,MEDIUM
c,choose_hints,trmm,0.000522,13.648,valid,4,MEDIUM
c,choose_hints,trmm,1,0.000527,4,MEDIUM
c,choose_hints,trmm,2,0.000517,4,MEDIUM
c,choose_hints,trmm,3,0.000543,4,MEDIUM
c,choose_hints,trmm,4,0.000547,4,MEDIUM
c,choose_hints,trmm,5,0.000519,4,MEDIUM
-- The C compiler identification is GNU 15.2.0
-- Detecting C compiler ABI info
-- Detecting C compiler ABI info - done
-- Check for working C compiler: /usr/local/latestgcc/bin/gcc - skipped
-- Detecting C compile features
-- Detecting C compile features - done
-- Configuring done (0.4s)
-- Generating done (0.8s)
-- Build files have been written to: /home/kleplj/choose_hints/optimization/choose_hints/PolybenchC-4.2.1/build
[  5%] Building C object CMakeFiles/covariance.dir/utilities/polybench.c.o
[  5%] Building C object CMakeFiles/covariance.dir/datamining/covariance/covariance.c.o
[ 13%] Building C object CMakeFiles/durbin.dir/linear-algebra/solvers/durbin/durbin.c.o
[ 13%] Building C object CMakeFiles/syr2k.dir/linear-algebra/blas/syr2k/syr2k.c.o
[ 13%] Building C object CMakeFiles/durbin.dir/utilities/polybench.c.o
[ 13%] Building C object CMakeFiles/correlation.dir/datamining/correlation/correlation.c.o
[ 13%] Building C object CMakeFiles/cholesky.dir/utilities/polybench.c.o
[ 13%] Building C object CMakeFiles/correlation.dir/utilities/polybench.c.o
[ 13%] Building C object CMakeFiles/cholesky.dir/linear-algebra/solvers/cholesky/cholesky.c.o
[ 37%] Building C object CMakeFiles/gesummv.dir/linear-algebra/blas/gesummv/gesummv.c.o
[ 37%] Building C object CMakeFiles/gramschmidt.dir/utilities/polybench.c.o
[ 37%] Building C object CMakeFiles/syrk.dir/linear-algebra/blas/syrk/syrk.c.o
[ 66%] Building C object CMakeFiles/gemm.dir/utilities/polybench.c.o
[ 66%] Building C object CMakeFiles/bicg.dir/utilities/polybench.c.o
[ 66%] Building C object CMakeFiles/syr2k.dir/utilities/polybench.c.o
[ 66%] Building C object CMakeFiles/gemver.dir/linear-algebra/blas/gemver/gemver.c.o
[ 66%] Building C object CMakeFiles/doitgen.dir/linear-algebra/kernels/doitgen/doitgen.c.o
[ 66%] Building C object CMakeFiles/trmm.dir/linear-algebra/blas/trmm/trmm.c.o
[ 66%] Building C object CMakeFiles/lu.dir/utilities/polybench.c.o
[ 66%] Building C object CMakeFiles/trisolv.dir/utilities/polybench.c.o
[ 66%] Building C object CMakeFiles/ludcmp.dir/linear-algebra/solvers/ludcmp/ludcmp.c.o
[ 66%] Building C object CMakeFiles/nussinov.dir/utilities/polybench.c.o
[ 66%] Building C object CMakeFiles/3mm.dir/linear-algebra/kernels/3mm/3mm.c.o
[ 66%] Building C object CMakeFiles/gemm.dir/linear-algebra/blas/gemm/gemm.c.o
[ 66%] Building C object CMakeFiles/nussinov.dir/medley/nussinov/nussinov.c.o
[ 66%] Building C object CMakeFiles/jacobi-2d.dir/stencils/jacobi-2d/jacobi-2d.c.o
[ 66%] Building C object CMakeFiles/adi.dir/stencils/adi/adi.c.o
[ 66%] Building C object CMakeFiles/adi.dir/utilities/polybench.c.o
[ 66%] Building C object CMakeFiles/seidel-2d.dir/utilities/polybench.c.o
[ 66%] Building C object CMakeFiles/fdtd-2d.dir/utilities/polybench.c.o
[ 66%] Building C object CMakeFiles/trisolv.dir/linear-algebra/solvers/trisolv/trisolv.c.o
[ 66%] Building C object CMakeFiles/bicg.dir/linear-algebra/kernels/bicg/bicg.c.o
[ 66%] Building C object CMakeFiles/mvt.dir/linear-algebra/kernels/mvt/mvt.c.o
[ 66%] Building C object CMakeFiles/gramschmidt.dir/linear-algebra/solvers/gramschmidt/gramschmidt.c.o
[ 66%] Building C object CMakeFiles/atax.dir/linear-algebra/kernels/atax/atax.c.o
[ 66%] Building C object CMakeFiles/gemver.dir/utilities/polybench.c.o
[ 66%] Building C object CMakeFiles/3mm.dir/utilities/polybench.c.o
[ 66%] Building C object CMakeFiles/jacobi-1d.dir/stencils/jacobi-1d/jacobi-1d.c.o
[ 66%] Building C object CMakeFiles/fdtd-2d.dir/stencils/fdtd-2d/fdtd-2d.c.o
[ 66%] Building C object CMakeFiles/symm.dir/utilities/polybench.c.o
[ 66%] Building C object CMakeFiles/floyd-warshall.dir/medley/floyd-warshall/floyd-warshall.c.o
[ 66%] Building C object CMakeFiles/lu.dir/linear-algebra/solvers/lu/lu.c.o
[ 66%] Building C object CMakeFiles/trmm.dir/utilities/polybench.c.o
[ 66%] Building C object CMakeFiles/gesummv.dir/utilities/polybench.c.o
[ 66%] Building C object CMakeFiles/mvt.dir/utilities/polybench.c.o
[ 66%] Building C object CMakeFiles/2mm.dir/utilities/polybench.c.o
[ 66%] Building C object CMakeFiles/jacobi-1d.dir/utilities/polybench.c.o
[ 66%] Building C object CMakeFiles/floyd-warshall.dir/utilities/polybench.c.o
[ 66%] Building C object CMakeFiles/heat-3d.dir/stencils/heat-3d/heat-3d.c.o
[ 66%] Building C object CMakeFiles/deriche.dir/utilities/polybench.c.o
[ 66%] Building C object CMakeFiles/syrk.dir/utilities/polybench.c.o
[ 66%] Building C object CMakeFiles/ludcmp.dir/utilities/polybench.c.o
[ 66%] Building C object CMakeFiles/deriche.dir/medley/deriche/deriche.c.o
[ 66%] Building C object CMakeFiles/doitgen.dir/utilities/polybench.c.o
[ 66%] Building C object CMakeFiles/jacobi-2d.dir/utilities/polybench.c.o
[ 66%] Building C object CMakeFiles/symm.dir/linear-algebra/blas/symm/symm.c.o
[ 66%] Building C object CMakeFiles/2mm.dir/linear-algebra/kernels/2mm/2mm.c.o
[ 66%] Building C object CMakeFiles/seidel-2d.dir/stencils/seidel-2d/seidel-2d.c.o
[ 66%] Building C object CMakeFiles/heat-3d.dir/utilities/polybench.c.o
[ 66%] Building C object CMakeFiles/atax.dir/utilities/polybench.c.o
[ 67%] Linking C executable durbin
[ 68%] Linking C executable gemm
[ 71%] Linking C executable seidel-2d
[ 71%] Linking C executable floyd-warshall
[ 72%] Linking C executable syrk
[ 72%] Built target durbin
[ 73%] Linking C executable trmm
[ 77%] Linking C executable jacobi-1d
[ 77%] Linking C executable trisolv
[ 77%] Linking C executable gesummv
[ 77%] Linking C executable covariance
[ 80%] Linking C executable syr2k
[ 80%] Linking C executable bicg
[ 81%] Linking C executable mvt
[ 82%] Linking C executable gemver
[ 83%] Linking C executable cholesky
[ 84%] Built target gemm
[ 84%] Linking C executable nussinov
[ 85%] Linking C executable doitgen
[ 87%] Linking C executable gramschmidt
[ 87%] Linking C executable jacobi-2d
[ 88%] Built target seidel-2d
[ 88%] Linking C executable atax
[ 88%] Built target floyd-warshall
[ 88%] Built target syrk
[ 90%] Linking C executable correlation
[ 91%] Linking C executable symm
[ 91%] Built target trmm
[ 91%] Built target covariance
[ 91%] Built target gesummv
[ 91%] Built target jacobi-1d
[ 91%] Built target trisolv
[ 91%] Built target bicg
[ 91%] Built target syr2k
[ 91%] Built target mvt
[ 92%] Linking C executable adi
[ 92%] Built target cholesky
[ 92%] Built target gemver
[ 93%] Linking C executable heat-3d
[ 93%] Built target nussinov
[ 93%] Built target doitgen
[ 93%] Built target gramschmidt
[ 93%] Built target jacobi-2d
[ 93%] Built target atax
[ 94%] Linking C executable deriche
[ 94%] Built target correlation
[ 94%] Built target symm
[ 96%] Linking C executable lu
[ 96%] Linking C executable fdtd-2d
[ 96%] Built target adi
[ 97%] Linking C executable ludcmp
[ 98%] Linking C executable 2mm
[ 98%] Built target heat-3d
[ 98%] Built target deriche
[ 98%] Built target lu
[ 98%] Built target fdtd-2d
[ 98%] Built target ludcmp
[ 98%] Built target 2mm
c,choose_hints,2mm,0.000356,59.663,valid,5,MEDIUM
c,choose_hints,2mm,1,0.000407,5,MEDIUM
c,choose_hints,2mm,2,0.000331,5,MEDIUM
c,choose_hints,2mm,3,0.000323,5,MEDIUM
c,choose_hints,2mm,4,0.000335,5,MEDIUM
c,choose_hints,2mm,5,0.000404,5,MEDIUM
c,choose_hints,3mm,,,illegal,5,MEDIUM
c,choose_hints,adi,0.021428,3.646,valid,5,MEDIUM
c,choose_hints,adi,1,0.022598,5,MEDIUM
c,choose_hints,adi,2,0.023004,5,MEDIUM
c,choose_hints,adi,3,0.022784,5,MEDIUM
c,choose_hints,adi,4,0.022625,5,MEDIUM
c,choose_hints,adi,5,0.022128,5,MEDIUM
c,choose_hints,atax,0.000198,1.732,valid,5,MEDIUM
c,choose_hints,atax,1,0.000261,5,MEDIUM
c,choose_hints,atax,2,0.000219,5,MEDIUM
c,choose_hints,atax,3,0.000208,5,MEDIUM
c,choose_hints,atax,4,0.000199,5,MEDIUM
c,choose_hints,atax,5,0.000225,5,MEDIUM
c,choose_hints,bicg,0.000198,2.980,valid,5,MEDIUM
c,choose_hints,bicg,1,0.000192,5,MEDIUM
c,choose_hints,bicg,2,0.000207,5,MEDIUM
c,choose_hints,bicg,3,0.000219,5,MEDIUM
c,choose_hints,bicg,4,0.000171,5,MEDIUM
c,choose_hints,bicg,5,0.000180,5,MEDIUM
c,choose_hints,cholesky,0.014220,1.074,valid,5,MEDIUM
c,choose_hints,cholesky,1,0.014209,5,MEDIUM
c,choose_hints,cholesky,2,0.014228,5,MEDIUM
c,choose_hints,cholesky,3,0.014242,5,MEDIUM
c,choose_hints,cholesky,4,0.014237,5,MEDIUM
c,choose_hints,cholesky,5,0.014225,5,MEDIUM
c,choose_hints,correlation,0.001172,10.559,valid,5,MEDIUM
c,choose_hints,correlation,1,0.001160,5,MEDIUM
c,choose_hints,correlation,2,0.001166,5,MEDIUM
c,choose_hints,correlation,3,0.001153,5,MEDIUM
c,choose_hints,correlation,4,0.001151,5,MEDIUM
c,choose_hints,correlation,5,0.001157,5,MEDIUM
c,choose_hints,covariance,0.003628,3.400,valid,5,MEDIUM
c,choose_hints,covariance,1,0.003625,5,MEDIUM
c,choose_hints,covariance,2,0.003623,5,MEDIUM
c,choose_hints,covariance,3,0.003597,5,MEDIUM
c,choose_hints,covariance,4,0.003540,5,MEDIUM
c,choose_hints,covariance,5,0.003614,5,MEDIUM
c,choose_hints,deriche,0.007832,1.372,valid,5,MEDIUM
c,choose_hints,deriche,1,0.007653,5,MEDIUM
c,choose_hints,deriche,2,0.007565,5,MEDIUM
c,choose_hints,deriche,3,0.007490,5,MEDIUM
c,choose_hints,deriche,4,0.007432,5,MEDIUM
c,choose_hints,deriche,5,0.007345,5,MEDIUM
c,choose_hints,doitgen,0.000109,85.991,valid,5,MEDIUM
c,choose_hints,doitgen,1,0.000119,5,MEDIUM
c,choose_hints,doitgen,2,0.000113,5,MEDIUM
c,choose_hints,doitgen,3,0.000106,5,MEDIUM
c,choose_hints,doitgen,4,0.000108,5,MEDIUM
c,choose_hints,doitgen,5,0.000116,5,MEDIUM
c,choose_hints,durbin,0.000202,0.886,valid,5,MEDIUM
c,choose_hints,durbin,1,0.000190,5,MEDIUM
c,choose_hints,durbin,2,0.000191,5,MEDIUM
c,choose_hints,durbin,3,0.000190,5,MEDIUM
c,choose_hints,durbin,4,0.000179,5,MEDIUM
c,choose_hints,durbin,5,0.000189,5,MEDIUM
c,choose_hints,fdtd-2d,0.009509,0.871,valid,5,MEDIUM
c,choose_hints,fdtd-2d,1,0.009471,5,MEDIUM
c,choose_hints,fdtd-2d,2,0.009420,5,MEDIUM
c,choose_hints,fdtd-2d,3,0.009615,5,MEDIUM
c,choose_hints,fdtd-2d,4,0.009462,5,MEDIUM
c,choose_hints,fdtd-2d,5,0.009491,5,MEDIUM
c,choose_hints,floyd-warshall,0.005651,19.482,valid,5,MEDIUM
c,choose_hints,floyd-warshall,1,0.005719,5,MEDIUM
c,choose_hints,floyd-warshall,2,0.005649,5,MEDIUM
c,choose_hints,floyd-warshall,3,0.005444,5,MEDIUM
c,choose_hints,floyd-warshall,4,0.005816,5,MEDIUM
c,choose_hints,floyd-warshall,5,0.005657,5,MEDIUM
c,choose_hints,gemm,0.000189,18.212,valid,5,MEDIUM
c,choose_hints,gemm,1,0.000180,5,MEDIUM
c,choose_hints,gemm,2,0.000236,5,MEDIUM
c,choose_hints,gemm,3,0.000187,5,MEDIUM
c,choose_hints,gemm,4,0.000188,5,MEDIUM
c,choose_hints,gemm,5,0.000182,5,MEDIUM
c,choose_hints,gemver,0.000309,2.256,valid,5,MEDIUM
c,choose_hints,gemver,1,0.000323,5,MEDIUM
c,choose_hints,gemver,2,0.000323,5,MEDIUM
c,choose_hints,gemver,3,0.000322,5,MEDIUM
c,choose_hints,gemver,4,0.000320,5,MEDIUM
c,choose_hints,gemver,5,0.000316,5,MEDIUM
c,choose_hints,gesummv,0.000069,3.304,valid,5,MEDIUM
c,choose_hints,gesummv,1,0.000079,5,MEDIUM
c,choose_hints,gesummv,2,0.000065,5,MEDIUM
c,choose_hints,gesummv,3,0.000056,5,MEDIUM
c,choose_hints,gesummv,4,0.000063,5,MEDIUM
c,choose_hints,gesummv,5,0.000064,5,MEDIUM
c,choose_hints,gramschmidt,0.004155,,invalid,5,MEDIUM
c,choose_hints,heat-3d,0.011603,1.028,valid,5,MEDIUM
c,choose_hints,heat-3d,1,0.011631,5,MEDIUM
c,choose_hints,heat-3d,2,0.011639,5,MEDIUM
c,choose_hints,heat-3d,3,0.011557,5,MEDIUM
c,choose_hints,heat-3d,4,0.011621,5,MEDIUM
c,choose_hints,heat-3d,5,0.012008,5,MEDIUM
c,choose_hints,jacobi-1d,0.001593,0.031,valid,5,MEDIUM
c,choose_hints,jacobi-1d,1,0.001694,5,MEDIUM
c,choose_hints,jacobi-1d,2,0.001612,5,MEDIUM
c,choose_hints,jacobi-1d,3,0.001667,5,MEDIUM
c,choose_hints,jacobi-1d,4,0.001592,5,MEDIUM
c,choose_hints,jacobi-1d,5,0.001700,5,MEDIUM
c,choose_hints,jacobi-2d,0.009981,1.020,valid,5,MEDIUM
c,choose_hints,jacobi-2d,1,0.010067,5,MEDIUM
c,choose_hints,jacobi-2d,2,0.009968,5,MEDIUM
c,choose_hints,jacobi-2d,3,0.010025,5,MEDIUM
c,choose_hints,jacobi-2d,4,0.010091,5,MEDIUM
c,choose_hints,jacobi-2d,5,0.010084,5,MEDIUM
c,choose_hints,lu,0.036263,0.851,valid,5,MEDIUM
c,choose_hints,lu,1,0.036024,5,MEDIUM
c,choose_hints,lu,2,0.035764,5,MEDIUM
c,choose_hints,lu,3,0.036290,5,MEDIUM
c,choose_hints,lu,4,0.036582,5,MEDIUM
c,choose_hints,lu,5,0.036649,5,MEDIUM
c,choose_hints,ludcmp,0.028010,1.048,valid,5,MEDIUM
c,choose_hints,ludcmp,1,0.027582,5,MEDIUM
c,choose_hints,ludcmp,2,0.027858,5,MEDIUM
c,choose_hints,ludcmp,3,0.027531,5,MEDIUM
c,choose_hints,ludcmp,4,0.027828,5,MEDIUM
c,choose_hints,ludcmp,5,0.027860,5,MEDIUM
c,choose_hints,mvt,0.000187,2.668,valid,5,MEDIUM
c,choose_hints,mvt,1,0.000195,5,MEDIUM
c,choose_hints,mvt,2,0.000193,5,MEDIUM
c,choose_hints,mvt,3,0.000193,5,MEDIUM
c,choose_hints,mvt,4,0.000185,5,MEDIUM
c,choose_hints,mvt,5,0.000194,5,MEDIUM
c,choose_hints,nussinov,0.006376,9.421,valid,5,MEDIUM
c,choose_hints,nussinov,1,0.006460,5,MEDIUM
c,choose_hints,nussinov,2,0.006307,5,MEDIUM
c,choose_hints,nussinov,3,0.006967,5,MEDIUM
c,choose_hints,nussinov,4,0.006490,5,MEDIUM
c,choose_hints,nussinov,5,0.006414,5,MEDIUM
c,choose_hints,seidel-2d,0.173994,1.226,valid,5,MEDIUM
c,choose_hints,seidel-2d,1,0.174020,5,MEDIUM
c,choose_hints,seidel-2d,2,0.174014,5,MEDIUM
c,choose_hints,seidel-2d,3,0.174071,5,MEDIUM
c,choose_hints,seidel-2d,4,0.174029,5,MEDIUM
c,choose_hints,seidel-2d,5,0.174021,5,MEDIUM
c,choose_hints,symm,0.014389,0.707,valid,5,MEDIUM
c,choose_hints,symm,1,0.014470,5,MEDIUM
c,choose_hints,symm,2,0.014351,5,MEDIUM
c,choose_hints,symm,3,0.014290,5,MEDIUM
c,choose_hints,symm,4,0.014405,5,MEDIUM
c,choose_hints,symm,5,0.014517,5,MEDIUM
c,choose_hints,syr2k,0.000369,22.588,valid,5,MEDIUM
c,choose_hints,syr2k,1,0.000367,5,MEDIUM
c,choose_hints,syr2k,2,0.000345,5,MEDIUM
c,choose_hints,syr2k,3,0.000354,5,MEDIUM
c,choose_hints,syr2k,4,0.000383,5,MEDIUM
c,choose_hints,syr2k,5,0.000348,5,MEDIUM
c,choose_hints,syrk,0.000313,11.208,valid,5,MEDIUM
c,choose_hints,syrk,1,0.000308,5,MEDIUM
c,choose_hints,syrk,2,0.000314,5,MEDIUM
c,choose_hints,syrk,3,0.000323,5,MEDIUM
c,choose_hints,syrk,4,0.000321,5,MEDIUM
c,choose_hints,syrk,5,0.000310,5,MEDIUM
c,choose_hints,trisolv,0.000133,,invalid,5,MEDIUM
c,choose_hints,trmm,0.001336,5.331,valid,5,MEDIUM
c,choose_hints,trmm,1,0.001325,5,MEDIUM
c,choose_hints,trmm,2,0.001323,5,MEDIUM
c,choose_hints,trmm,3,0.001314,5,MEDIUM
c,choose_hints,trmm,4,0.001322,5,MEDIUM
c,choose_hints,trmm,5,0.001329,5,MEDIUM
-- The CXX compiler identification is GNU 15.2.0
-- Detecting CXX compiler ABI info
-- Detecting CXX compiler ABI info - done
-- Check for working CXX compiler: /usr/local/latestgcc/bin/g++ - skipped
-- Detecting CXX compile features
-- Detecting CXX compile features - done
-- Using NOARR_STRUCTURES_DIR from environment: /home/kleplj/choose_hints/submodules/noarr-structures
-- Configuring done (0.4s)
-- Generating done (0.7s)
-- Build files have been written to: /home/kleplj/choose_hints/optimization/choose_hints/PolybenchC-Noarr/build
[  8%] Building CXX object CMakeFiles/gemm.dir/linear-algebra/blas/gemm/gemm.cpp.o
[  8%] Building CXX object CMakeFiles/covariance.dir/datamining/covariance/covariance.cpp.o
[  8%] Building CXX object CMakeFiles/correlation.dir/datamining/correlation/correlation.cpp.o
[ 11%] Building CXX object CMakeFiles/gesummv.dir/linear-algebra/blas/gesummv/gesummv.cpp.o
[ 11%] Building CXX object CMakeFiles/gemver.dir/linear-algebra/blas/gemver/gemver.cpp.o
[ 18%] Building CXX object CMakeFiles/symm.dir/linear-algebra/blas/symm/symm.cpp.o
[ 18%] Building CXX object CMakeFiles/trmm.dir/linear-algebra/blas/trmm/trmm.cpp.o
[ 18%] Building CXX object CMakeFiles/syr2k.dir/linear-algebra/blas/syr2k/syr2k.cpp.o
[ 18%] Building CXX object CMakeFiles/syrk.dir/linear-algebra/blas/syrk/syrk.cpp.o
[ 30%] Building CXX object CMakeFiles/cholesky.dir/linear-algebra/solvers/cholesky/cholesky.cpp.o
[ 50%] Building CXX object CMakeFiles/lu.dir/linear-algebra/solvers/lu/lu.cpp.o
[ 50%] Building CXX object CMakeFiles/bicg.dir/linear-algebra/kernels/bicg/bicg.cpp.o
[ 50%] Building CXX object CMakeFiles/atax.dir/linear-algebra/kernels/atax/atax.cpp.o
[ 50%] Building CXX object CMakeFiles/durbin.dir/linear-algebra/solvers/durbin/durbin.cpp.o
[ 50%] Building CXX object CMakeFiles/doitgen.dir/linear-algebra/kernels/doitgen/doitgen.cpp.o
[ 50%] Building CXX object CMakeFiles/mvt.dir/linear-algebra/kernels/mvt/mvt.cpp.o
[ 50%] Building CXX object CMakeFiles/3mm.dir/linear-algebra/kernels/3mm/3mm.cpp.o
[ 50%] Building CXX object CMakeFiles/2mm.dir/linear-algebra/kernels/2mm/2mm.cpp.o
[ 50%] Building CXX object CMakeFiles/fdtd-2d.dir/stencils/fdtd-2d/fdtd-2d.cpp.o
[ 50%] Building CXX object CMakeFiles/jacobi-1d.dir/stencils/jacobi-1d/jacobi-1d.cpp.o
[ 50%] Building CXX object CMakeFiles/gramschmidt.dir/linear-algebra/solvers/gramschmidt/gramschmidt.cpp.o
[ 50%] Building CXX object CMakeFiles/ludcmp.dir/linear-algebra/solvers/ludcmp/ludcmp.cpp.o
[ 50%] Building CXX object CMakeFiles/floyd-warshall.dir/medley/floyd-warshall/floyd-warshall.cpp.o
[ 50%] Building CXX object CMakeFiles/deriche.dir/medley/deriche/deriche.cpp.o
[ 50%] Building CXX object CMakeFiles/seidel-2d.dir/stencils/seidel-2d/seidel-2d.cpp.o
[ 50%] Building CXX object CMakeFiles/nussinov.dir/medley/nussinov/nussinov.cpp.o
[ 50%] Building CXX object CMakeFiles/trisolv.dir/linear-algebra/solvers/trisolv/trisolv.cpp.o
[ 50%] Building CXX object CMakeFiles/adi.dir/stencils/adi/adi.cpp.o
[ 50%] Building CXX object CMakeFiles/jacobi-2d.dir/stencils/jacobi-2d/jacobi-2d.cpp.o
[ 50%] Building CXX object CMakeFiles/heat-3d.dir/stencils/heat-3d/heat-3d.cpp.o
[ 53%] Linking CXX executable cholesky
[ 53%] Linking CXX executable nussinov
[ 55%] Linking CXX executable durbin
[ 55%] Built target durbin
[ 56%] Linking CXX executable floyd-warshall
[ 58%] Linking CXX executable seidel-2d
[ 60%] Linking CXX executable jacobi-1d
[ 61%] Linking CXX executable trisolv
[ 65%] Linking CXX executable gesummv
[ 66%] Linking CXX executable jacobi-2d
[ 66%] Linking CXX executable mvt
[ 68%] Linking CXX executable atax
[ 68%] Built target floyd-warshall
[ 68%] Built target seidel-2d
[ 70%] Linking CXX executable bicg
[ 70%] Built target jacobi-1d
[ 70%] Built target trisolv
[ 70%] Built target jacobi-2d
[ 70%] Built target gesummv
[ 70%] Built target mvt
[ 70%] Built target atax
[ 71%] Built target bicg
[ 71%] Linking CXX executable adi
[ 73%] Linking CXX executable lu
[ 73%] Built target adi
[ 75%] Linking CXX executable deriche
[ 76%] Linking CXX executable syrk
[ 78%] Linking CXX executable gemver
[ 78%] Built target lu
[ 78%] Built target deriche
[ 78%] Built target syrk
[ 80%] Linking CXX executable trmm
[ 81%] Linking CXX executable doitgen
[ 83%] Linking CXX executable syr2k
[ 83%] Built target gemver
[ 85%] Linking CXX executable gemm
[ 85%] Built target trmm
[ 85%] Built target doitgen
[ 85%] Built target syr2k
[ 85%] Built target gemm
[ 86%] Linking CXX executable symm
[ 88%] Linking CXX executable fdtd-2d
[ 90%] Linking CXX executable ludcmp
[ 91%] Linking CXX executable gramschmidt
[ 91%] Built target symm
[ 91%] Built target fdtd-2d
[ 93%] Linking CXX executable heat-3d
[ 95%] Built target ludcmp
[ 95%] Linking CXX executable covariance
[ 95%] Built target gramschmidt
[ 95%] Built target heat-3d
[ 95%] Built target covariance
[ 96%] Linking CXX executable correlation
[ 96%] Built target correlation
[ 98%] Linking CXX executable 2mm
[ 98%] Built target 2mm
[100%] Linking CXX executable 3mm
[100%] Built target 3mm
noarr,choose_hints,2mm,0.004725,4.498,valid,1,MEDIUM
noarr,choose_hints,2mm,1,0.004755,1,MEDIUM
noarr,choose_hints,2mm,2,0.004744,1,MEDIUM
noarr,choose_hints,2mm,3,0.004724,1,MEDIUM
noarr,choose_hints,2mm,4,0.004728,1,MEDIUM
noarr,choose_hints,2mm,5,0.004721,1,MEDIUM
noarr,choose_hints,3mm,0.006953,4.639,valid,1,MEDIUM
noarr,choose_hints,3mm,1,0.007025,1,MEDIUM
noarr,choose_hints,3mm,2,0.006950,1,MEDIUM
noarr,choose_hints,3mm,3,0.006945,1,MEDIUM
noarr,choose_hints,3mm,4,0.006965,1,MEDIUM
noarr,choose_hints,3mm,5,0.006968,1,MEDIUM
noarr,choose_hints,adi,0.025945,3.007,valid,1,MEDIUM
noarr,choose_hints,adi,1,0.026218,1,MEDIUM
noarr,choose_hints,adi,2,0.026142,1,MEDIUM
noarr,choose_hints,adi,3,0.026025,1,MEDIUM
noarr,choose_hints,adi,4,0.026060,1,MEDIUM
noarr,choose_hints,adi,5,0.025958,1,MEDIUM
noarr,choose_hints,atax,0.000306,1.098,valid,1,MEDIUM
noarr,choose_hints,atax,1,0.000306,1,MEDIUM
noarr,choose_hints,atax,2,0.000315,1,MEDIUM
noarr,choose_hints,atax,3,0.000306,1,MEDIUM
noarr,choose_hints,atax,4,0.000306,1,MEDIUM
noarr,choose_hints,atax,5,0.000314,1,MEDIUM
noarr,choose_hints,bicg,0.000219,2.694,valid,1,MEDIUM
noarr,choose_hints,bicg,1,0.000227,1,MEDIUM
noarr,choose_hints,bicg,2,0.000257,1,MEDIUM
noarr,choose_hints,bicg,3,0.000269,1,MEDIUM
noarr,choose_hints,bicg,4,0.000260,1,MEDIUM
noarr,choose_hints,bicg,5,0.000262,1,MEDIUM
noarr,choose_hints,cholesky,,,illegal,1,MEDIUM
noarr,choose_hints,correlation,0.010814,1.139,valid,1,MEDIUM
noarr,choose_hints,correlation,1,0.010748,1,MEDIUM
noarr,choose_hints,correlation,2,0.010732,1,MEDIUM
noarr,choose_hints,correlation,3,0.010777,1,MEDIUM
noarr,choose_hints,correlation,4,0.010766,1,MEDIUM
noarr,choose_hints,correlation,5,0.010768,1,MEDIUM
noarr,choose_hints,covariance,0.002764,4.425,valid,1,MEDIUM
noarr,choose_hints,covariance,1,0.002778,1,MEDIUM
noarr,choose_hints,covariance,2,0.002758,1,MEDIUM
noarr,choose_hints,covariance,3,0.002706,1,MEDIUM
noarr,choose_hints,covariance,4,0.002749,1,MEDIUM
noarr,choose_hints,covariance,5,0.002706,1,MEDIUM
noarr,choose_hints,deriche,0.001949,,invalid,1,MEDIUM
noarr,choose_hints,doitgen,0.001656,5.661,valid,1,MEDIUM
noarr,choose_hints,doitgen,1,0.001642,1,MEDIUM
noarr,choose_hints,doitgen,2,0.001631,1,MEDIUM
noarr,choose_hints,doitgen,3,0.001648,1,MEDIUM
noarr,choose_hints,doitgen,4,0.001632,1,MEDIUM
noarr,choose_hints,doitgen,5,0.001641,1,MEDIUM
noarr,choose_hints,durbin,0.000258,0.643,valid,1,MEDIUM
noarr,choose_hints,durbin,1,0.000207,1,MEDIUM
noarr,choose_hints,durbin,2,0.000207,1,MEDIUM
noarr,choose_hints,durbin,3,0.000249,1,MEDIUM
noarr,choose_hints,durbin,4,0.000208,1,MEDIUM
noarr,choose_hints,durbin,5,0.000250,1,MEDIUM
noarr,choose_hints,fdtd-2d,0.012998,0.661,valid,1,MEDIUM
noarr,choose_hints,fdtd-2d,1,0.012998,1,MEDIUM
noarr,choose_hints,fdtd-2d,2,0.013038,1,MEDIUM
noarr,choose_hints,fdtd-2d,3,0.012989,1,MEDIUM
noarr,choose_hints,fdtd-2d,4,0.012392,1,MEDIUM
noarr,choose_hints,fdtd-2d,5,0.013099,1,MEDIUM
noarr,choose_hints,floyd-warshall,0.139796,0.790,valid,1,MEDIUM
noarr,choose_hints,floyd-warshall,1,0.139829,1,MEDIUM
noarr,choose_hints,floyd-warshall,2,0.139546,1,MEDIUM
noarr,choose_hints,floyd-warshall,3,0.139729,1,MEDIUM
noarr,choose_hints,floyd-warshall,4,0.139784,1,MEDIUM
noarr,choose_hints,floyd-warshall,5,0.139765,1,MEDIUM
noarr,choose_hints,gemm,0.014612,0.236,valid,1,MEDIUM
noarr,choose_hints,gemm,1,0.014629,1,MEDIUM
noarr,choose_hints,gemm,2,0.014596,1,MEDIUM
noarr,choose_hints,gemm,3,0.014610,1,MEDIUM
noarr,choose_hints,gemm,4,0.014603,1,MEDIUM
noarr,choose_hints,gemm,5,0.014599,1,MEDIUM
noarr,choose_hints,gemver,0.000399,1.709,valid,1,MEDIUM
noarr,choose_hints,gemver,1,0.000408,1,MEDIUM
noarr,choose_hints,gemver,2,0.000401,1,MEDIUM
noarr,choose_hints,gemver,3,0.000400,1,MEDIUM
noarr,choose_hints,gemver,4,0.000411,1,MEDIUM
noarr,choose_hints,gemver,5,0.000399,1,MEDIUM
noarr,choose_hints,gesummv,0.002763,0.088,valid,1,MEDIUM
noarr,choose_hints,gesummv,1,0.002768,1,MEDIUM
noarr,choose_hints,gesummv,2,0.026688,1,MEDIUM
noarr,choose_hints,gesummv,3,0.002718,1,MEDIUM
noarr,choose_hints,gesummv,4,0.002348,1,MEDIUM
noarr,choose_hints,gesummv,5,0.002715,1,MEDIUM
noarr,choose_hints,gramschmidt,0.003209,,invalid,1,MEDIUM
noarr,choose_hints,heat-3d,0.010163,1.169,valid,1,MEDIUM
noarr,choose_hints,heat-3d,1,0.010407,1,MEDIUM
noarr,choose_hints,heat-3d,2,0.010207,1,MEDIUM
noarr,choose_hints,heat-3d,3,0.010175,1,MEDIUM
noarr,choose_hints,heat-3d,4,0.010103,1,MEDIUM
noarr,choose_hints,heat-3d,5,0.010179,1,MEDIUM
noarr,choose_hints,jacobi-1d,0.008176,0.006,valid,1,MEDIUM
noarr,choose_hints,jacobi-1d,1,0.008245,1,MEDIUM
noarr,choose_hints,jacobi-1d,2,0.007771,1,MEDIUM
noarr,choose_hints,jacobi-1d,3,0.008274,1,MEDIUM
noarr,choose_hints,jacobi-1d,4,0.008195,1,MEDIUM
noarr,choose_hints,jacobi-1d,5,0.007995,1,MEDIUM
noarr,choose_hints,jacobi-2d,0.008927,1.138,valid,1,MEDIUM
noarr,choose_hints,jacobi-2d,1,0.009225,1,MEDIUM
noarr,choose_hints,jacobi-2d,2,0.009233,1,MEDIUM
noarr,choose_hints,jacobi-2d,3,0.008587,1,MEDIUM
noarr,choose_hints,jacobi-2d,4,0.008546,1,MEDIUM
noarr,choose_hints,jacobi-2d,5,0.009211,1,MEDIUM
noarr,choose_hints,lu,0.027986,1.103,valid,1,MEDIUM
noarr,choose_hints,lu,1,0.028057,1,MEDIUM
noarr,choose_hints,lu,2,0.027858,1,MEDIUM
noarr,choose_hints,lu,3,0.028035,1,MEDIUM
noarr,choose_hints,lu,4,0.028029,1,MEDIUM
noarr,choose_hints,lu,5,0.027585,1,MEDIUM
noarr,choose_hints,ludcmp,0.029981,0.976,valid,1,MEDIUM
noarr,choose_hints,ludcmp,1,0.029957,1,MEDIUM
noarr,choose_hints,ludcmp,2,0.029991,1,MEDIUM
noarr,choose_hints,ludcmp,3,0.030003,1,MEDIUM
noarr,choose_hints,ludcmp,4,0.030030,1,MEDIUM
noarr,choose_hints,ludcmp,5,0.030093,1,MEDIUM
noarr,choose_hints,mvt,0.000261,1.893,valid,1,MEDIUM
noarr,choose_hints,mvt,1,0.000267,1,MEDIUM
noarr,choose_hints,mvt,2,0.000261,1,MEDIUM
noarr,choose_hints,mvt,3,0.000271,1,MEDIUM
noarr,choose_hints,mvt,4,0.000262,1,MEDIUM
noarr,choose_hints,mvt,5,0.000262,1,MEDIUM
noarr,choose_hints,nussinov,,,illegal,1,MEDIUM
noarr,choose_hints,seidel-2d,0.157425,1.355,valid,1,MEDIUM
noarr,choose_hints,seidel-2d,1,0.157457,1,MEDIUM
noarr,choose_hints,seidel-2d,2,0.157320,1,MEDIUM
noarr,choose_hints,seidel-2d,3,0.157362,1,MEDIUM
noarr,choose_hints,seidel-2d,4,0.157303,1,MEDIUM
noarr,choose_hints,seidel-2d,5,0.157398,1,MEDIUM
noarr,choose_hints,symm,0.002901,3.498,valid,1,MEDIUM
noarr,choose_hints,symm,1,0.002916,1,MEDIUM
noarr,choose_hints,symm,2,0.002907,1,MEDIUM
noarr,choose_hints,symm,3,0.002892,1,MEDIUM
noarr,choose_hints,symm,4,0.002894,1,MEDIUM
noarr,choose_hints,symm,5,0.002896,1,MEDIUM
noarr,choose_hints,syr2k,0.005661,1.474,valid,1,MEDIUM
noarr,choose_hints,syr2k,1,0.005745,1,MEDIUM
noarr,choose_hints,syr2k,2,0.005676,1,MEDIUM
noarr,choose_hints,syr2k,3,0.005722,1,MEDIUM
noarr,choose_hints,syr2k,4,0.005672,1,MEDIUM
noarr,choose_hints,syr2k,5,0.005712,1,MEDIUM
noarr,choose_hints,syrk,0.002744,1.275,valid,1,MEDIUM
noarr,choose_hints,syrk,1,0.002747,1,MEDIUM
noarr,choose_hints,syrk,2,0.002737,1,MEDIUM
noarr,choose_hints,syrk,3,0.002734,1,MEDIUM
noarr,choose_hints,syrk,4,0.002750,1,MEDIUM
noarr,choose_hints,syrk,5,0.002733,1,MEDIUM
noarr,choose_hints,trisolv,0.000123,1.081,valid,1,MEDIUM
noarr,choose_hints,trisolv,1,0.000106,1,MEDIUM
noarr,choose_hints,trisolv,2,0.000106,1,MEDIUM
noarr,choose_hints,trisolv,3,0.000127,1,MEDIUM
noarr,choose_hints,trisolv,4,0.000114,1,MEDIUM
noarr,choose_hints,trisolv,5,0.000132,1,MEDIUM
noarr,choose_hints,trmm,0.001730,4.133,valid,1,MEDIUM
noarr,choose_hints,trmm,1,0.001733,1,MEDIUM
noarr,choose_hints,trmm,2,0.001722,1,MEDIUM
noarr,choose_hints,trmm,3,0.001722,1,MEDIUM
noarr,choose_hints,trmm,4,0.001722,1,MEDIUM
noarr,choose_hints,trmm,5,0.001729,1,MEDIUM
-- The CXX compiler identification is GNU 15.2.0
-- Detecting CXX compiler ABI info
-- Detecting CXX compiler ABI info - done
-- Check for working CXX compiler: /usr/local/latestgcc/bin/g++ - skipped
-- Detecting CXX compile features
-- Detecting CXX compile features - done
-- Using NOARR_STRUCTURES_DIR from environment: /home/kleplj/choose_hints/submodules/noarr-structures
-- Configuring done (0.5s)
-- Generating done (0.8s)
-- Build files have been written to: /home/kleplj/choose_hints/optimization/choose_hints/PolybenchC-Noarr/build
[  6%] Building CXX object CMakeFiles/correlation.dir/datamining/correlation/correlation.cpp.o
[  8%] Building CXX object CMakeFiles/gemm.dir/linear-algebra/blas/gemm/gemm.cpp.o
[  8%] Building CXX object CMakeFiles/covariance.dir/datamining/covariance/covariance.cpp.o
[ 13%] Building CXX object CMakeFiles/gesummv.dir/linear-algebra/blas/gesummv/gesummv.cpp.o
[ 13%] Building CXX object CMakeFiles/symm.dir/linear-algebra/blas/symm/symm.cpp.o
[ 13%] Building CXX object CMakeFiles/gemver.dir/linear-algebra/blas/gemver/gemver.cpp.o
[ 21%] Building CXX object CMakeFiles/syr2k.dir/linear-algebra/blas/syr2k/syr2k.cpp.o
[ 21%] Building CXX object CMakeFiles/syrk.dir/linear-algebra/blas/syrk/syrk.cpp.o
[ 21%] Building CXX object CMakeFiles/trmm.dir/linear-algebra/blas/trmm/trmm.cpp.o
[ 21%] Building CXX object CMakeFiles/3mm.dir/linear-algebra/kernels/3mm/3mm.cpp.o
[ 21%] Building CXX object CMakeFiles/2mm.dir/linear-algebra/kernels/2mm/2mm.cpp.o
[ 36%] Building CXX object CMakeFiles/bicg.dir/linear-algebra/kernels/bicg/bicg.cpp.o
[ 50%] Building CXX object CMakeFiles/heat-3d.dir/stencils/heat-3d/heat-3d.cpp.o
[ 50%] Building CXX object CMakeFiles/fdtd-2d.dir/stencils/fdtd-2d/fdtd-2d.cpp.o
[ 50%] Building CXX object CMakeFiles/jacobi-1d.dir/stencils/jacobi-1d/jacobi-1d.cpp.o
[ 50%] Building CXX object CMakeFiles/deriche.dir/medley/deriche/deriche.cpp.o
[ 50%] Building CXX object CMakeFiles/gramschmidt.dir/linear-algebra/solvers/gramschmidt/gramschmidt.cpp.o
[ 50%] Building CXX object CMakeFiles/seidel-2d.dir/stencils/seidel-2d/seidel-2d.cpp.o
[ 50%] Building CXX object CMakeFiles/mvt.dir/linear-algebra/kernels/mvt/mvt.cpp.o
[ 50%] Building CXX object CMakeFiles/atax.dir/linear-algebra/kernels/atax/atax.cpp.o
[ 50%] Building CXX object CMakeFiles/durbin.dir/linear-algebra/solvers/durbin/durbin.cpp.o
[ 50%] Building CXX object CMakeFiles/doitgen.dir/linear-algebra/kernels/doitgen/doitgen.cpp.o
[ 50%] Building CXX object CMakeFiles/cholesky.dir/linear-algebra/solvers/cholesky/cholesky.cpp.o
[ 50%] Building CXX object CMakeFiles/nussinov.dir/medley/nussinov/nussinov.cpp.o
[ 50%] Building CXX object CMakeFiles/ludcmp.dir/linear-algebra/solvers/ludcmp/ludcmp.cpp.o
[ 50%] Building CXX object CMakeFiles/lu.dir/linear-algebra/solvers/lu/lu.cpp.o
[ 50%] Building CXX object CMakeFiles/trisolv.dir/linear-algebra/solvers/trisolv/trisolv.cpp.o
[ 50%] Building CXX object CMakeFiles/floyd-warshall.dir/medley/floyd-warshall/floyd-warshall.cpp.o
[ 50%] Building CXX object CMakeFiles/adi.dir/stencils/adi/adi.cpp.o
[ 50%] Building CXX object CMakeFiles/jacobi-2d.dir/stencils/jacobi-2d/jacobi-2d.cpp.o
[ 53%] Linking CXX executable cholesky
[ 53%] Linking CXX executable nussinov
[ 55%] Linking CXX executable jacobi-1d
[ 56%] Linking CXX executable durbin
[ 56%] Built target jacobi-1d
[ 56%] Built target durbin
[ 58%] Linking CXX executable seidel-2d
[ 60%] Linking CXX executable floyd-warshall
[ 61%] Linking CXX executable gesummv
[ 63%] Linking CXX executable trisolv
[ 65%] Linking CXX executable mvt
[ 65%] Built target seidel-2d
[ 66%] Linking CXX executable atax
[ 68%] Linking CXX executable bicg
[ 68%] Built target floyd-warshall
[ 68%] Built target gesummv
[ 70%] Linking CXX executable jacobi-2d
[ 71%] Linking CXX executable adi
[ 71%] Built target trisolv
[ 71%] Built target mvt
[ 71%] Built target atax
[ 71%] Built target bicg
[ 71%] Built target jacobi-2d
[ 73%] Linking CXX executable trmm
[ 73%] Built target adi
[ 73%] Built target trmm
[ 75%] Linking CXX executable gemver
[ 76%] Linking CXX executable deriche
[ 78%] Linking CXX executable lu
[ 80%] Linking CXX executable syrk
[ 81%] Linking CXX executable doitgen
[ 81%] Built target gemver
[ 81%] Built target deriche
[ 81%] Built target lu
[ 83%] Linking CXX executable symm
[ 83%] Built target syrk
[ 83%] Built target doitgen
[ 85%] Linking CXX executable gemm
[ 85%] Built target symm
[ 86%] Linking CXX executable gramschmidt
[ 88%] Linking CXX executable syr2k
[ 90%] Linking CXX executable heat-3d
[ 90%] Built target gemm
[ 90%] Built target gramschmidt
[ 90%] Built target syr2k
[ 90%] Built target heat-3d
[ 91%] Linking CXX executable ludcmp
[ 93%] Linking CXX executable covariance
[ 93%] Built target ludcmp
[ 93%] Built target covariance
[ 95%] Linking CXX executable correlation
[ 95%] Built target correlation
[ 96%] Linking CXX executable 2mm
[ 96%] Built target 2mm
[ 98%] Linking CXX executable 3mm
[ 98%] Built target 3mm
noarr,choose_hints,2mm,0.004615,4.599,valid,2,MEDIUM
noarr,choose_hints,2mm,1,0.004620,2,MEDIUM
noarr,choose_hints,2mm,2,0.004610,2,MEDIUM
noarr,choose_hints,2mm,3,0.004617,2,MEDIUM
noarr,choose_hints,2mm,4,0.004631,2,MEDIUM
noarr,choose_hints,2mm,5,0.004608,2,MEDIUM
noarr,choose_hints,3mm,0.006711,4.828,valid,2,MEDIUM
noarr,choose_hints,3mm,1,0.006711,2,MEDIUM
noarr,choose_hints,3mm,2,0.006747,2,MEDIUM
noarr,choose_hints,3mm,3,0.006731,2,MEDIUM
noarr,choose_hints,3mm,4,0.006696,2,MEDIUM
noarr,choose_hints,3mm,5,0.006739,2,MEDIUM
noarr,choose_hints,adi,0.061861,1.269,valid,2,MEDIUM
noarr,choose_hints,adi,1,0.061697,2,MEDIUM
noarr,choose_hints,adi,2,0.063369,2,MEDIUM
noarr,choose_hints,adi,3,0.061897,2,MEDIUM
noarr,choose_hints,adi,4,0.061833,2,MEDIUM
noarr,choose_hints,adi,5,0.061842,2,MEDIUM
noarr,choose_hints,atax,0.000298,1.138,valid,2,MEDIUM
noarr,choose_hints,atax,1,0.000299,2,MEDIUM
noarr,choose_hints,atax,2,0.000298,2,MEDIUM
noarr,choose_hints,atax,3,0.000298,2,MEDIUM
noarr,choose_hints,atax,4,0.000298,2,MEDIUM
noarr,choose_hints,atax,5,0.000298,2,MEDIUM
noarr,choose_hints,bicg,0.000506,1.142,valid,2,MEDIUM
noarr,choose_hints,bicg,1,0.000515,2,MEDIUM
noarr,choose_hints,bicg,2,0.000505,2,MEDIUM
noarr,choose_hints,bicg,3,0.000513,2,MEDIUM
noarr,choose_hints,bicg,4,0.000505,2,MEDIUM
noarr,choose_hints,bicg,5,0.000516,2,MEDIUM
noarr,choose_hints,cholesky,,,illegal,2,MEDIUM
noarr,choose_hints,correlation,0.010243,1.206,valid,2,MEDIUM
noarr,choose_hints,correlation,1,0.010247,2,MEDIUM
noarr,choose_hints,correlation,2,0.010248,2,MEDIUM
noarr,choose_hints,correlation,3,0.010228,2,MEDIUM
noarr,choose_hints,correlation,4,0.010236,2,MEDIUM
noarr,choose_hints,correlation,5,0.010210,2,MEDIUM
noarr,choose_hints,covariance,0.002775,4.404,valid,2,MEDIUM
noarr,choose_hints,covariance,1,0.002776,2,MEDIUM
noarr,choose_hints,covariance,2,0.002772,2,MEDIUM
noarr,choose_hints,covariance,3,0.002799,2,MEDIUM
noarr,choose_hints,covariance,4,0.002769,2,MEDIUM
noarr,choose_hints,covariance,5,0.002821,2,MEDIUM
noarr,choose_hints,deriche,0.005711,1.851,valid,2,MEDIUM
noarr,choose_hints,deriche,1,0.005676,2,MEDIUM
noarr,choose_hints,deriche,2,0.005691,2,MEDIUM
noarr,choose_hints,deriche,3,0.005476,2,MEDIUM
noarr,choose_hints,deriche,4,0.005678,2,MEDIUM
noarr,choose_hints,deriche,5,0.005540,2,MEDIUM
noarr,choose_hints,doitgen,0.001685,5.561,valid,2,MEDIUM
noarr,choose_hints,doitgen,1,0.001688,2,MEDIUM
noarr,choose_hints,doitgen,2,0.001677,2,MEDIUM
noarr,choose_hints,doitgen,3,0.001683,2,MEDIUM
noarr,choose_hints,doitgen,4,0.001680,2,MEDIUM
noarr,choose_hints,doitgen,5,0.001678,2,MEDIUM
noarr,choose_hints,durbin,0.000168,0.988,valid,2,MEDIUM
noarr,choose_hints,durbin,1,0.000173,2,MEDIUM
noarr,choose_hints,durbin,2,0.000175,2,MEDIUM
noarr,choose_hints,durbin,3,0.000171,2,MEDIUM
noarr,choose_hints,durbin,4,0.000168,2,MEDIUM
noarr,choose_hints,durbin,5,0.000168,2,MEDIUM
noarr,choose_hints,fdtd-2d,,,illegal,2,MEDIUM
noarr,choose_hints,floyd-warshall,0.054756,2.013,valid,2,MEDIUM
noarr,choose_hints,floyd-warshall,1,0.053103,2,MEDIUM
noarr,choose_hints,floyd-warshall,2,0.053130,2,MEDIUM
noarr,choose_hints,floyd-warshall,3,0.053452,2,MEDIUM
noarr,choose_hints,floyd-warshall,4,0.053051,2,MEDIUM
noarr,choose_hints,floyd-warshall,5,0.053099,2,MEDIUM
noarr,choose_hints,gemm,0.003431,1.008,valid,2,MEDIUM
noarr,choose_hints,gemm,1,0.003431,2,MEDIUM
noarr,choose_hints,gemm,2,0.003424,2,MEDIUM
noarr,choose_hints,gemm,3,0.003422,2,MEDIUM
noarr,choose_hints,gemm,4,0.003433,2,MEDIUM
noarr,choose_hints,gemm,5,0.003434,2,MEDIUM
noarr,choose_hints,gemver,0.000397,1.788,valid,2,MEDIUM
noarr,choose_hints,gemver,1,0.000405,2,MEDIUM
noarr,choose_hints,gemver,2,0.000386,2,MEDIUM
noarr,choose_hints,gemver,3,0.000397,2,MEDIUM
noarr,choose_hints,gemver,4,0.000406,2,MEDIUM
noarr,choose_hints,gemver,5,0.000402,2,MEDIUM
noarr,choose_hints,gesummv,0.000087,2.632,valid,2,MEDIUM
noarr,choose_hints,gesummv,1,0.000088,2,MEDIUM
noarr,choose_hints,gesummv,2,0.000098,2,MEDIUM
noarr,choose_hints,gesummv,3,0.000087,2,MEDIUM
noarr,choose_hints,gesummv,4,0.000107,2,MEDIUM
noarr,choose_hints,gesummv,5,0.000112,2,MEDIUM
noarr,choose_hints,gramschmidt,0.010667,,invalid,2,MEDIUM
noarr,choose_hints,heat-3d,0.010136,1.176,valid,2,MEDIUM
noarr,choose_hints,heat-3d,1,0.010269,2,MEDIUM
noarr,choose_hints,heat-3d,2,0.010107,2,MEDIUM
noarr,choose_hints,heat-3d,3,0.010280,2,MEDIUM
noarr,choose_hints,heat-3d,4,0.010128,2,MEDIUM
noarr,choose_hints,heat-3d,5,0.010187,2,MEDIUM
noarr,choose_hints,jacobi-1d,0.000072,0.681,valid,2,MEDIUM
noarr,choose_hints,jacobi-1d,1,0.000072,2,MEDIUM
noarr,choose_hints,jacobi-1d,2,0.000072,2,MEDIUM
noarr,choose_hints,jacobi-1d,3,0.000072,2,MEDIUM
noarr,choose_hints,jacobi-1d,4,0.000072,2,MEDIUM
noarr,choose_hints,jacobi-1d,5,0.000092,2,MEDIUM
noarr,choose_hints,jacobi-2d,0.016162,0.632,valid,2,MEDIUM
noarr,choose_hints,jacobi-2d,1,0.016299,2,MEDIUM
noarr,choose_hints,jacobi-2d,2,0.016144,2,MEDIUM
noarr,choose_hints,jacobi-2d,3,0.015979,2,MEDIUM
noarr,choose_hints,jacobi-2d,4,0.016227,2,MEDIUM
noarr,choose_hints,jacobi-2d,5,0.016033,2,MEDIUM
noarr,choose_hints,lu,0.028131,1.096,valid,2,MEDIUM
noarr,choose_hints,lu,1,0.028122,2,MEDIUM
noarr,choose_hints,lu,2,0.028136,2,MEDIUM
noarr,choose_hints,lu,3,0.028124,2,MEDIUM
noarr,choose_hints,lu,4,0.028133,2,MEDIUM
noarr,choose_hints,lu,5,0.028129,2,MEDIUM
noarr,choose_hints,ludcmp,0.028416,1.030,valid,2,MEDIUM
noarr,choose_hints,ludcmp,1,0.028472,2,MEDIUM
noarr,choose_hints,ludcmp,2,0.028496,2,MEDIUM
noarr,choose_hints,ludcmp,3,0.028487,2,MEDIUM
noarr,choose_hints,ludcmp,4,0.028458,2,MEDIUM
noarr,choose_hints,ludcmp,5,0.028438,2,MEDIUM
noarr,choose_hints,mvt,0.000259,1.950,valid,2,MEDIUM
noarr,choose_hints,mvt,1,0.000262,2,MEDIUM
noarr,choose_hints,mvt,2,0.000264,2,MEDIUM
noarr,choose_hints,mvt,3,0.000248,2,MEDIUM
noarr,choose_hints,mvt,4,0.000261,2,MEDIUM
noarr,choose_hints,mvt,5,0.000259,2,MEDIUM
noarr,choose_hints,nussinov,,,illegal,2,MEDIUM
noarr,choose_hints,seidel-2d,0.157347,1.354,valid,2,MEDIUM
noarr,choose_hints,seidel-2d,1,0.157443,2,MEDIUM
noarr,choose_hints,seidel-2d,2,0.157330,2,MEDIUM
noarr,choose_hints,seidel-2d,3,0.157185,2,MEDIUM
noarr,choose_hints,seidel-2d,4,0.157373,2,MEDIUM
noarr,choose_hints,seidel-2d,5,0.157324,2,MEDIUM
noarr,choose_hints,symm,0.007296,1.392,valid,2,MEDIUM
noarr,choose_hints,symm,1,0.007414,2,MEDIUM
noarr,choose_hints,symm,2,0.007278,2,MEDIUM
noarr,choose_hints,symm,3,0.007157,2,MEDIUM
noarr,choose_hints,symm,4,0.007290,2,MEDIUM
noarr,choose_hints,symm,5,0.007158,2,MEDIUM
noarr,choose_hints,syr2k,0.010305,0.811,valid,2,MEDIUM
noarr,choose_hints,syr2k,1,0.010211,2,MEDIUM
noarr,choose_hints,syr2k,2,0.010181,2,MEDIUM
noarr,choose_hints,syr2k,3,0.010188,2,MEDIUM
noarr,choose_hints,syr2k,4,0.010277,2,MEDIUM
noarr,choose_hints,syr2k,5,0.010173,2,MEDIUM
noarr,choose_hints,syrk,0.002643,1.323,valid,2,MEDIUM
noarr,choose_hints,syrk,1,0.002637,2,MEDIUM
noarr,choose_hints,syrk,2,0.002639,2,MEDIUM
noarr,choose_hints,syrk,3,0.002657,2,MEDIUM
noarr,choose_hints,syrk,4,0.002635,2,MEDIUM
noarr,choose_hints,syrk,5,0.002589,2,MEDIUM
noarr,choose_hints,trisolv,0.000124,1.065,valid,2,MEDIUM
noarr,choose_hints,trisolv,1,0.000124,2,MEDIUM
noarr,choose_hints,trisolv,2,0.000124,2,MEDIUM
noarr,choose_hints,trisolv,3,0.000123,2,MEDIUM
noarr,choose_hints,trisolv,4,0.000106,2,MEDIUM
noarr,choose_hints,trisolv,5,0.000123,2,MEDIUM
noarr,choose_hints,trmm,0.005562,1.279,valid,2,MEDIUM
noarr,choose_hints,trmm,1,0.005536,2,MEDIUM
noarr,choose_hints,trmm,2,0.005543,2,MEDIUM
noarr,choose_hints,trmm,3,0.005548,2,MEDIUM
noarr,choose_hints,trmm,4,0.005542,2,MEDIUM
noarr,choose_hints,trmm,5,0.005355,2,MEDIUM
-- The CXX compiler identification is GNU 15.2.0
-- Detecting CXX compiler ABI info
-- Detecting CXX compiler ABI info - done
-- Check for working CXX compiler: /usr/local/latestgcc/bin/g++ - skipped
-- Detecting CXX compile features
-- Detecting CXX compile features - done
-- Using NOARR_STRUCTURES_DIR from environment: /home/kleplj/choose_hints/submodules/noarr-structures
-- Configuring done (0.4s)
-- Generating done (0.7s)
-- Build files have been written to: /home/kleplj/choose_hints/optimization/choose_hints/PolybenchC-Noarr/build
[ 11%] Building CXX object CMakeFiles/gemver.dir/linear-algebra/blas/gemver/gemver.cpp.o
[ 11%] Building CXX object CMakeFiles/correlation.dir/datamining/correlation/correlation.cpp.o
[ 11%] Building CXX object CMakeFiles/covariance.dir/datamining/covariance/covariance.cpp.o
[ 11%] Building CXX object CMakeFiles/gemm.dir/linear-algebra/blas/gemm/gemm.cpp.o
[ 23%] Building CXX object CMakeFiles/bicg.dir/linear-algebra/kernels/bicg/bicg.cpp.o
[ 23%] Building CXX object CMakeFiles/atax.dir/linear-algebra/kernels/atax/atax.cpp.o
[ 23%] Building CXX object CMakeFiles/symm.dir/linear-algebra/blas/symm/symm.cpp.o
[ 23%] Building CXX object CMakeFiles/syr2k.dir/linear-algebra/blas/syr2k/syr2k.cpp.o
[ 23%] Building CXX object CMakeFiles/syrk.dir/linear-algebra/blas/syrk/syrk.cpp.o
[ 23%] Building CXX object CMakeFiles/gesummv.dir/linear-algebra/blas/gesummv/gesummv.cpp.o
[ 23%] Building CXX object CMakeFiles/3mm.dir/linear-algebra/kernels/3mm/3mm.cpp.o
[ 23%] Building CXX object CMakeFiles/trmm.dir/linear-algebra/blas/trmm/trmm.cpp.o
[ 41%] Building CXX object CMakeFiles/mvt.dir/linear-algebra/kernels/mvt/mvt.cpp.o
[ 50%] Building CXX object CMakeFiles/gramschmidt.dir/linear-algebra/solvers/gramschmidt/gramschmidt.cpp.o
[ 50%] Building CXX object CMakeFiles/deriche.dir/medley/deriche/deriche.cpp.o
[ 50%] Building CXX object CMakeFiles/trisolv.dir/linear-algebra/solvers/trisolv/trisolv.cpp.o
[ 50%] Building CXX object CMakeFiles/2mm.dir/linear-algebra/kernels/2mm/2mm.cpp.o
[ 50%] Building CXX object CMakeFiles/cholesky.dir/linear-algebra/solvers/cholesky/cholesky.cpp.o
[ 50%] Building CXX object CMakeFiles/ludcmp.dir/linear-algebra/solvers/ludcmp/ludcmp.cpp.o
[ 50%] Building CXX object CMakeFiles/doitgen.dir/linear-algebra/kernels/doitgen/doitgen.cpp.o
[ 50%] Building CXX object CMakeFiles/floyd-warshall.dir/medley/floyd-warshall/floyd-warshall.cpp.o
[ 50%] Building CXX object CMakeFiles/lu.dir/linear-algebra/solvers/lu/lu.cpp.o
[ 50%] Building CXX object CMakeFiles/adi.dir/stencils/adi/adi.cpp.o
[ 50%] Building CXX object CMakeFiles/jacobi-2d.dir/stencils/jacobi-2d/jacobi-2d.cpp.o
[ 50%] Building CXX object CMakeFiles/fdtd-2d.dir/stencils/fdtd-2d/fdtd-2d.cpp.o
[ 50%] Building CXX object CMakeFiles/durbin.dir/linear-algebra/solvers/durbin/durbin.cpp.o
[ 50%] Building CXX object CMakeFiles/jacobi-1d.dir/stencils/jacobi-1d/jacobi-1d.cpp.o
[ 50%] Building CXX object CMakeFiles/heat-3d.dir/stencils/heat-3d/heat-3d.cpp.o
[ 50%] Building CXX object CMakeFiles/seidel-2d.dir/stencils/seidel-2d/seidel-2d.cpp.o
[ 50%] Building CXX object CMakeFiles/nussinov.dir/medley/nussinov/nussinov.cpp.o
[ 53%] Linking CXX executable cholesky
[ 53%] Linking CXX executable nussinov
[ 55%] Linking CXX executable jacobi-1d
[ 56%] Linking CXX executable durbin
[ 56%] Built target jacobi-1d
[ 58%] Linking CXX executable seidel-2d
[ 60%] Linking CXX executable floyd-warshall
[ 60%] Built target durbin
[ 63%] Linking CXX executable gesummv
[ 63%] Linking CXX executable mvt
[ 63%] Built target seidel-2d
[ 65%] Linking CXX executable jacobi-2d
[ 66%] Linking CXX executable trisolv
[ 66%] Built target floyd-warshall
[ 68%] Linking CXX executable bicg
[ 68%] Built target gesummv
[ 68%] Built target mvt
[ 68%] Built target jacobi-2d
[ 68%] Built target trisolv
[ 70%] Built target bicg
[ 70%] Linking CXX executable adi
[ 71%] Linking CXX executable atax
[ 73%] Linking CXX executable trmm
[ 75%] Linking CXX executable lu
[ 75%] Built target adi
[ 75%] Built target atax
[ 75%] Built target trmm
[ 75%] Built target lu
[ 76%] Linking CXX executable syr2k
[ 78%] Linking CXX executable gemver
[ 78%] Built target syr2k
[ 80%] Linking CXX executable symm
[ 80%] Built target gemver
[ 81%] Linking CXX executable gramschmidt
[ 81%] Built target symm
[ 83%] Linking CXX executable gemm
[ 85%] Linking CXX executable doitgen
[ 85%] Built target gramschmidt
[ 86%] Linking CXX executable covariance
[ 90%] Linking CXX executable syrk
[ 90%] Linking CXX executable fdtd-2d
[ 90%] Built target gemm
[ 91%] Linking CXX executable ludcmp
[ 91%] Built target doitgen
[ 91%] Built target covariance
[ 91%] Built target fdtd-2d
[ 91%] Built target syrk
[ 91%] Built target ludcmp
[ 93%] Linking CXX executable correlation
[ 95%] Linking CXX executable heat-3d
[ 95%] Built target correlation
[ 95%] Built target heat-3d
[ 96%] Linking CXX executable 2mm
[ 96%] Built target 2mm
[ 98%] Linking CXX executable 3mm
[ 98%] Built target 3mm
noarr,choose_hints,2mm,0.004425,4.800,valid,3,MEDIUM
noarr,choose_hints,2mm,1,0.004447,3,MEDIUM
noarr,choose_hints,2mm,2,0.004444,3,MEDIUM
noarr,choose_hints,2mm,3,0.004417,3,MEDIUM
noarr,choose_hints,2mm,4,0.004425,3,MEDIUM
noarr,choose_hints,2mm,5,0.004416,3,MEDIUM
noarr,choose_hints,3mm,0.023701,1.367,valid,3,MEDIUM
noarr,choose_hints,3mm,1,0.023685,3,MEDIUM
noarr,choose_hints,3mm,2,0.023668,3,MEDIUM
noarr,choose_hints,3mm,3,0.023686,3,MEDIUM
noarr,choose_hints,3mm,4,0.023668,3,MEDIUM
noarr,choose_hints,3mm,5,0.023663,3,MEDIUM
noarr,choose_hints,adi,0.026066,3.008,valid,3,MEDIUM
noarr,choose_hints,adi,1,0.026195,3,MEDIUM
noarr,choose_hints,adi,2,0.026159,3,MEDIUM
noarr,choose_hints,adi,3,0.026016,3,MEDIUM
noarr,choose_hints,adi,4,0.026168,3,MEDIUM
noarr,choose_hints,adi,5,0.026036,3,MEDIUM
noarr,choose_hints,atax,0.000489,0.683,valid,3,MEDIUM
noarr,choose_hints,atax,1,0.000512,3,MEDIUM
noarr,choose_hints,atax,2,0.000546,3,MEDIUM
noarr,choose_hints,atax,3,0.000489,3,MEDIUM
noarr,choose_hints,atax,4,0.000497,3,MEDIUM
noarr,choose_hints,atax,5,0.000489,3,MEDIUM
noarr,choose_hints,bicg,0.000267,2.157,valid,3,MEDIUM
noarr,choose_hints,bicg,1,0.000263,3,MEDIUM
noarr,choose_hints,bicg,2,0.000264,3,MEDIUM
noarr,choose_hints,bicg,3,0.000256,3,MEDIUM
noarr,choose_hints,bicg,4,0.000264,3,MEDIUM
noarr,choose_hints,bicg,5,0.000262,3,MEDIUM
noarr,choose_hints,cholesky,,,illegal,3,MEDIUM
noarr,choose_hints,correlation,0.010520,1.177,valid,3,MEDIUM
noarr,choose_hints,correlation,1,0.010450,3,MEDIUM
noarr,choose_hints,correlation,2,0.010456,3,MEDIUM
noarr,choose_hints,correlation,3,0.010507,3,MEDIUM
noarr,choose_hints,correlation,4,0.010453,3,MEDIUM
noarr,choose_hints,correlation,5,0.010448,3,MEDIUM
noarr,choose_hints,covariance,0.010299,1.186,valid,3,MEDIUM
noarr,choose_hints,covariance,1,0.010268,3,MEDIUM
noarr,choose_hints,covariance,2,0.010244,3,MEDIUM
noarr,choose_hints,covariance,3,0.010316,3,MEDIUM
noarr,choose_hints,covariance,4,0.010255,3,MEDIUM
noarr,choose_hints,covariance,5,0.010253,3,MEDIUM
noarr,choose_hints,deriche,,,illegal,3,MEDIUM
noarr,choose_hints,doitgen,0.002537,3.708,valid,3,MEDIUM
noarr,choose_hints,doitgen,1,0.002548,3,MEDIUM
noarr,choose_hints,doitgen,2,0.002536,3,MEDIUM
noarr,choose_hints,doitgen,3,0.002535,3,MEDIUM
noarr,choose_hints,doitgen,4,0.002536,3,MEDIUM
noarr,choose_hints,doitgen,5,0.002536,3,MEDIUM
noarr,choose_hints,durbin,0.000166,0.994,valid,3,MEDIUM
noarr,choose_hints,durbin,1,0.000169,3,MEDIUM
noarr,choose_hints,durbin,2,0.000166,3,MEDIUM
noarr,choose_hints,durbin,3,0.000169,3,MEDIUM
noarr,choose_hints,durbin,4,0.000181,3,MEDIUM
noarr,choose_hints,durbin,5,0.000178,3,MEDIUM
noarr,choose_hints,fdtd-2d,0.023627,0.361,valid,3,MEDIUM
noarr,choose_hints,fdtd-2d,1,0.023382,3,MEDIUM
noarr,choose_hints,fdtd-2d,2,0.023248,3,MEDIUM
noarr,choose_hints,fdtd-2d,3,0.023470,3,MEDIUM
noarr,choose_hints,fdtd-2d,4,0.023208,3,MEDIUM
noarr,choose_hints,fdtd-2d,5,0.023286,3,MEDIUM
noarr,choose_hints,floyd-warshall,0.052624,2.080,valid,3,MEDIUM
noarr,choose_hints,floyd-warshall,1,0.054354,3,MEDIUM
noarr,choose_hints,floyd-warshall,2,0.053904,3,MEDIUM
noarr,choose_hints,floyd-warshall,3,0.054189,3,MEDIUM
noarr,choose_hints,floyd-warshall,4,0.051650,3,MEDIUM
noarr,choose_hints,floyd-warshall,5,0.051388,3,MEDIUM
noarr,choose_hints,gemm,0.003445,1.003,valid,3,MEDIUM
noarr,choose_hints,gemm,1,0.003432,3,MEDIUM
noarr,choose_hints,gemm,2,0.003429,3,MEDIUM
noarr,choose_hints,gemm,3,0.003424,3,MEDIUM
noarr,choose_hints,gemm,4,0.003430,3,MEDIUM
noarr,choose_hints,gemm,5,0.003427,3,MEDIUM
noarr,choose_hints,gemver,0.002692,0.257,valid,3,MEDIUM
noarr,choose_hints,gemver,1,0.002797,3,MEDIUM
noarr,choose_hints,gemver,2,0.002624,3,MEDIUM
noarr,choose_hints,gemver,3,0.002675,3,MEDIUM
noarr,choose_hints,gemver,4,0.002648,3,MEDIUM
noarr,choose_hints,gemver,5,0.002989,3,MEDIUM
noarr,choose_hints,gesummv,0.002776,0.082,valid,3,MEDIUM
noarr,choose_hints,gesummv,1,0.002723,3,MEDIUM
noarr,choose_hints,gesummv,2,0.002616,3,MEDIUM
noarr,choose_hints,gesummv,3,0.002563,3,MEDIUM
noarr,choose_hints,gesummv,4,0.002554,3,MEDIUM
noarr,choose_hints,gesummv,5,0.002437,3,MEDIUM
noarr,choose_hints,gramschmidt,0.010699,,invalid,3,MEDIUM
noarr,choose_hints,heat-3d,0.010059,1.211,valid,3,MEDIUM
noarr,choose_hints,heat-3d,1,0.010136,3,MEDIUM
noarr,choose_hints,heat-3d,2,0.010051,3,MEDIUM
noarr,choose_hints,heat-3d,3,0.009999,3,MEDIUM
noarr,choose_hints,heat-3d,4,0.010665,3,MEDIUM
noarr,choose_hints,heat-3d,5,0.010039,3,MEDIUM
noarr,choose_hints,jacobi-1d,0.008184,0.006,valid,3,MEDIUM
noarr,choose_hints,jacobi-1d,1,0.008201,3,MEDIUM
noarr,choose_hints,jacobi-1d,2,0.008211,3,MEDIUM
noarr,choose_hints,jacobi-1d,3,0.007925,3,MEDIUM
noarr,choose_hints,jacobi-1d,4,0.007797,3,MEDIUM
noarr,choose_hints,jacobi-1d,5,0.008011,3,MEDIUM
noarr,choose_hints,jacobi-2d,0.009357,1.096,valid,3,MEDIUM
noarr,choose_hints,jacobi-2d,1,0.008876,3,MEDIUM
noarr,choose_hints,jacobi-2d,2,0.008620,3,MEDIUM
noarr,choose_hints,jacobi-2d,3,0.008632,3,MEDIUM
noarr,choose_hints,jacobi-2d,4,0.008863,3,MEDIUM
noarr,choose_hints,jacobi-2d,5,0.008580,3,MEDIUM
noarr,choose_hints,lu,0.028974,1.066,valid,3,MEDIUM
noarr,choose_hints,lu,1,0.028963,3,MEDIUM
noarr,choose_hints,lu,2,0.028887,3,MEDIUM
noarr,choose_hints,lu,3,0.028961,3,MEDIUM
noarr,choose_hints,lu,4,0.028954,3,MEDIUM
noarr,choose_hints,lu,5,0.028981,3,MEDIUM
noarr,choose_hints,ludcmp,0.028500,1.027,valid,3,MEDIUM
noarr,choose_hints,ludcmp,1,0.028286,3,MEDIUM
noarr,choose_hints,ludcmp,2,0.028435,3,MEDIUM
noarr,choose_hints,ludcmp,3,0.028441,3,MEDIUM
noarr,choose_hints,ludcmp,4,0.028399,3,MEDIUM
noarr,choose_hints,ludcmp,5,0.028406,3,MEDIUM
noarr,choose_hints,mvt,0.000269,2.000,valid,3,MEDIUM
noarr,choose_hints,mvt,1,0.000220,3,MEDIUM
noarr,choose_hints,mvt,2,0.000220,3,MEDIUM
noarr,choose_hints,mvt,3,0.000261,3,MEDIUM
noarr,choose_hints,mvt,4,0.000272,3,MEDIUM
noarr,choose_hints,mvt,5,0.000220,3,MEDIUM
noarr,choose_hints,nussinov,,,illegal,3,MEDIUM
noarr,choose_hints,seidel-2d,0.213212,0.999,valid,3,MEDIUM
noarr,choose_hints,seidel-2d,1,0.213300,3,MEDIUM
noarr,choose_hints,seidel-2d,2,0.213220,3,MEDIUM
noarr,choose_hints,seidel-2d,3,0.213235,3,MEDIUM
noarr,choose_hints,seidel-2d,4,0.213216,3,MEDIUM
noarr,choose_hints,seidel-2d,5,0.213186,3,MEDIUM
noarr,choose_hints,symm,0.007323,1.367,valid,3,MEDIUM
noarr,choose_hints,symm,1,0.007198,3,MEDIUM
noarr,choose_hints,symm,2,0.007325,3,MEDIUM
noarr,choose_hints,symm,3,0.007312,3,MEDIUM
noarr,choose_hints,symm,4,0.007176,3,MEDIUM
noarr,choose_hints,symm,5,0.007308,3,MEDIUM
noarr,choose_hints,syr2k,0.006064,1.391,valid,3,MEDIUM
noarr,choose_hints,syr2k,1,0.006066,3,MEDIUM
noarr,choose_hints,syr2k,2,0.006069,3,MEDIUM
noarr,choose_hints,syr2k,3,0.006028,3,MEDIUM
noarr,choose_hints,syr2k,4,0.006037,3,MEDIUM
noarr,choose_hints,syr2k,5,0.005997,3,MEDIUM
noarr,choose_hints,syrk,0.003319,1.051,valid,3,MEDIUM
noarr,choose_hints,syrk,1,0.003321,3,MEDIUM
noarr,choose_hints,syrk,2,0.003322,3,MEDIUM
noarr,choose_hints,syrk,3,0.003317,3,MEDIUM
noarr,choose_hints,syrk,4,0.003324,3,MEDIUM
noarr,choose_hints,syrk,5,0.003313,3,MEDIUM
noarr,choose_hints,trisolv,0.000125,1.144,valid,3,MEDIUM
noarr,choose_hints,trisolv,1,0.000125,3,MEDIUM
noarr,choose_hints,trisolv,2,0.000135,3,MEDIUM
noarr,choose_hints,trisolv,3,0.000125,3,MEDIUM
noarr,choose_hints,trisolv,4,0.000116,3,MEDIUM
noarr,choose_hints,trisolv,5,0.000135,3,MEDIUM
noarr,choose_hints,trmm,0.005544,1.293,valid,3,MEDIUM
noarr,choose_hints,trmm,1,0.005537,3,MEDIUM
noarr,choose_hints,trmm,2,0.005540,3,MEDIUM
noarr,choose_hints,trmm,3,0.005542,3,MEDIUM
noarr,choose_hints,trmm,4,0.005559,3,MEDIUM
noarr,choose_hints,trmm,5,0.005544,3,MEDIUM
-- The CXX compiler identification is GNU 15.2.0
-- Detecting CXX compiler ABI info
-- Detecting CXX compiler ABI info - done
-- Check for working CXX compiler: /usr/local/latestgcc/bin/g++ - skipped
-- Detecting CXX compile features
-- Detecting CXX compile features - done
-- Using NOARR_STRUCTURES_DIR from environment: /home/kleplj/choose_hints/submodules/noarr-structures
-- Configuring done (0.4s)
-- Generating done (0.8s)
-- Build files have been written to: /home/kleplj/choose_hints/optimization/choose_hints/PolybenchC-Noarr/build
[  8%] Building CXX object CMakeFiles/covariance.dir/datamining/covariance/covariance.cpp.o
[  8%] Building CXX object CMakeFiles/gemm.dir/linear-algebra/blas/gemm/gemm.cpp.o
[ 11%] Building CXX object CMakeFiles/gemver.dir/linear-algebra/blas/gemver/gemver.cpp.o
[ 11%] Building CXX object CMakeFiles/gesummv.dir/linear-algebra/blas/gesummv/gesummv.cpp.o
[ 11%] Building CXX object CMakeFiles/correlation.dir/datamining/correlation/correlation.cpp.o
[ 21%] Building CXX object CMakeFiles/symm.dir/linear-algebra/blas/symm/symm.cpp.o
[ 21%] Building CXX object CMakeFiles/syrk.dir/linear-algebra/blas/syrk/syrk.cpp.o
[ 21%] Building CXX object CMakeFiles/2mm.dir/linear-algebra/kernels/2mm/2mm.cpp.o
[ 21%] Building CXX object CMakeFiles/trmm.dir/linear-algebra/blas/trmm/trmm.cpp.o
[ 21%] Building CXX object CMakeFiles/syr2k.dir/linear-algebra/blas/syr2k/syr2k.cpp.o
[ 21%] Building CXX object CMakeFiles/3mm.dir/linear-algebra/kernels/3mm/3mm.cpp.o
[ 38%] Building CXX object CMakeFiles/mvt.dir/linear-algebra/kernels/mvt/mvt.cpp.o
[ 50%] Building CXX object CMakeFiles/cholesky.dir/linear-algebra/solvers/cholesky/cholesky.cpp.o
[ 50%] Building CXX object CMakeFiles/atax.dir/linear-algebra/kernels/atax/atax.cpp.o
[ 50%] Building CXX object CMakeFiles/ludcmp.dir/linear-algebra/solvers/ludcmp/ludcmp.cpp.o
[ 50%] Building CXX object CMakeFiles/lu.dir/linear-algebra/solvers/lu/lu.cpp.o
[ 50%] Building CXX object CMakeFiles/durbin.dir/linear-algebra/solvers/durbin/durbin.cpp.o
[ 50%] Building CXX object CMakeFiles/bicg.dir/linear-algebra/kernels/bicg/bicg.cpp.o
[ 50%] Building CXX object CMakeFiles/doitgen.dir/linear-algebra/kernels/doitgen/doitgen.cpp.o
[ 50%] Building CXX object CMakeFiles/gramschmidt.dir/linear-algebra/solvers/gramschmidt/gramschmidt.cpp.o
[ 50%] Building CXX object CMakeFiles/fdtd-2d.dir/stencils/fdtd-2d/fdtd-2d.cpp.o
[ 50%] Building CXX object CMakeFiles/floyd-warshall.dir/medley/floyd-warshall/floyd-warshall.cpp.o
[ 50%] Building CXX object CMakeFiles/deriche.dir/medley/deriche/deriche.cpp.o
[ 50%] Building CXX object CMakeFiles/heat-3d.dir/stencils/heat-3d/heat-3d.cpp.o
[ 50%] Building CXX object CMakeFiles/trisolv.dir/linear-algebra/solvers/trisolv/trisolv.cpp.o
[ 50%] Building CXX object CMakeFiles/adi.dir/stencils/adi/adi.cpp.o
[ 50%] Building CXX object CMakeFiles/nussinov.dir/medley/nussinov/nussinov.cpp.o
[ 50%] Building CXX object CMakeFiles/jacobi-1d.dir/stencils/jacobi-1d/jacobi-1d.cpp.o
[ 50%] Building CXX object CMakeFiles/jacobi-2d.dir/stencils/jacobi-2d/jacobi-2d.cpp.o
[ 50%] Building CXX object CMakeFiles/seidel-2d.dir/stencils/seidel-2d/seidel-2d.cpp.o
[ 53%] Linking CXX executable cholesky
[ 53%] Linking CXX executable nussinov
[ 55%] Linking CXX executable jacobi-1d
[ 56%] Linking CXX executable durbin
[ 56%] Built target jacobi-1d
[ 56%] Built target durbin
[ 58%] Linking CXX executable seidel-2d
[ 60%] Linking CXX executable mvt
[ 61%] Linking CXX executable trisolv
[ 63%] Linking CXX executable floyd-warshall
[ 65%] Linking CXX executable atax
[ 66%] Linking CXX executable bicg
[ 66%] Built target seidel-2d
[ 66%] Built target mvt
[ 68%] Linking CXX executable jacobi-2d
[ 70%] Linking CXX executable gesummv
[ 70%] Built target trisolv
[ 70%] Built target floyd-warshall
[ 70%] Built target atax
[ 71%] Linking CXX executable adi
[ 71%] Built target bicg
[ 73%] Linking CXX executable deriche
[ 73%] Built target jacobi-2d
[ 73%] Built target gesummv
[ 75%] Linking CXX executable ludcmp
[ 75%] Built target adi
[ 75%] Built target deriche
[ 75%] Built target ludcmp
[ 76%] Linking CXX executable lu
[ 78%] Linking CXX executable gemver
[ 80%] Linking CXX executable trmm
[ 80%] Built target lu
[ 80%] Built target gemver
[ 81%] Linking CXX executable syr2k
[ 83%] Linking CXX executable gramschmidt
[ 83%] Built target trmm
[ 85%] Linking CXX executable gemm
[ 86%] Linking CXX executable doitgen
[ 86%] Built target syr2k
[ 88%] Built target gramschmidt
[ 88%] Linking CXX executable heat-3d
[ 90%] Linking CXX executable symm
[ 90%] Built target gemm
[ 90%] Built target doitgen
[ 90%] Built target heat-3d
[ 90%] Built target symm
[ 91%] Linking CXX executable syrk
[ 93%] Linking CXX executable covariance
[ 93%] Built target syrk
[ 93%] Built target covariance
[ 95%] Linking CXX executable correlation
[ 95%] Built target correlation
[ 96%] Linking CXX executable 2mm
[ 96%] Built target 2mm
[ 98%] Linking CXX executable 3mm
[ 98%] Built target 3mm
noarr,choose_hints,2mm,0.004540,4.681,valid,4,MEDIUM
noarr,choose_hints,2mm,1,0.004591,4,MEDIUM
noarr,choose_hints,2mm,2,0.004542,4,MEDIUM
noarr,choose_hints,2mm,3,0.004546,4,MEDIUM
noarr,choose_hints,2mm,4,0.004560,4,MEDIUM
noarr,choose_hints,2mm,5,0.004554,4,MEDIUM
noarr,choose_hints,3mm,0.028966,1.118,valid,4,MEDIUM
noarr,choose_hints,3mm,1,0.029019,4,MEDIUM
noarr,choose_hints,3mm,2,0.028956,4,MEDIUM
noarr,choose_hints,3mm,3,0.028887,4,MEDIUM
noarr,choose_hints,3mm,4,0.028977,4,MEDIUM
noarr,choose_hints,3mm,5,0.028872,4,MEDIUM
noarr,choose_hints,adi,0.025196,3.119,valid,4,MEDIUM
noarr,choose_hints,adi,1,0.025753,4,MEDIUM
noarr,choose_hints,adi,2,0.025593,4,MEDIUM
noarr,choose_hints,adi,3,0.025825,4,MEDIUM
noarr,choose_hints,adi,4,0.025538,4,MEDIUM
noarr,choose_hints,adi,5,0.025143,4,MEDIUM
noarr,choose_hints,atax,0.000316,1.092,valid,4,MEDIUM
noarr,choose_hints,atax,1,0.000306,4,MEDIUM
noarr,choose_hints,atax,2,0.000307,4,MEDIUM
noarr,choose_hints,atax,3,0.000372,4,MEDIUM
noarr,choose_hints,atax,4,0.000305,4,MEDIUM
noarr,choose_hints,atax,5,0.000313,4,MEDIUM
noarr,choose_hints,bicg,0.000260,2.219,valid,4,MEDIUM
noarr,choose_hints,bicg,1,0.000264,4,MEDIUM
noarr,choose_hints,bicg,2,0.000271,4,MEDIUM
noarr,choose_hints,bicg,3,0.000263,4,MEDIUM
noarr,choose_hints,bicg,4,0.000262,4,MEDIUM
noarr,choose_hints,bicg,5,0.000264,4,MEDIUM
noarr,choose_hints,cholesky,,,illegal,4,MEDIUM
noarr,choose_hints,correlation,0.004632,2.668,valid,4,MEDIUM
noarr,choose_hints,correlation,1,0.004636,4,MEDIUM
noarr,choose_hints,correlation,2,0.004622,4,MEDIUM
noarr,choose_hints,correlation,3,0.004628,4,MEDIUM
noarr,choose_hints,correlation,4,0.004634,4,MEDIUM
noarr,choose_hints,correlation,5,0.004609,4,MEDIUM
noarr,choose_hints,covariance,0.002803,4.384,valid,4,MEDIUM
noarr,choose_hints,covariance,1,0.002818,4,MEDIUM
noarr,choose_hints,covariance,2,0.002819,4,MEDIUM
noarr,choose_hints,covariance,3,0.002844,4,MEDIUM
noarr,choose_hints,covariance,4,0.002815,4,MEDIUM
noarr,choose_hints,covariance,5,0.002795,4,MEDIUM
noarr,choose_hints,deriche,0.005667,1.896,valid,4,MEDIUM
noarr,choose_hints,deriche,1,0.005648,4,MEDIUM
noarr,choose_hints,deriche,2,0.005582,4,MEDIUM
noarr,choose_hints,deriche,3,0.005579,4,MEDIUM
noarr,choose_hints,deriche,4,0.005625,4,MEDIUM
noarr,choose_hints,deriche,5,0.005559,4,MEDIUM
noarr,choose_hints,doitgen,0.001708,5.522,valid,4,MEDIUM
noarr,choose_hints,doitgen,1,0.001678,4,MEDIUM
noarr,choose_hints,doitgen,2,0.001683,4,MEDIUM
noarr,choose_hints,doitgen,3,0.001678,4,MEDIUM
noarr,choose_hints,doitgen,4,0.001676,4,MEDIUM
noarr,choose_hints,doitgen,5,0.001690,4,MEDIUM
noarr,choose_hints,durbin,0.000181,0.912,valid,4,MEDIUM
noarr,choose_hints,durbin,1,0.000177,4,MEDIUM
noarr,choose_hints,durbin,2,0.000176,4,MEDIUM
noarr,choose_hints,durbin,3,0.000181,4,MEDIUM
noarr,choose_hints,durbin,4,0.000191,4,MEDIUM
noarr,choose_hints,durbin,5,0.000184,4,MEDIUM
noarr,choose_hints,fdtd-2d,,,illegal,4,MEDIUM
noarr,choose_hints,floyd-warshall,0.164364,0.665,valid,4,MEDIUM
noarr,choose_hints,floyd-warshall,1,0.163762,4,MEDIUM
noarr,choose_hints,floyd-warshall,2,0.158630,4,MEDIUM
noarr,choose_hints,floyd-warshall,3,0.164781,4,MEDIUM
noarr,choose_hints,floyd-warshall,4,0.166722,4,MEDIUM
noarr,choose_hints,floyd-warshall,5,0.163500,4,MEDIUM
noarr,choose_hints,gemm,0.003430,1.007,valid,4,MEDIUM
noarr,choose_hints,gemm,1,0.003425,4,MEDIUM
noarr,choose_hints,gemm,2,0.003445,4,MEDIUM
noarr,choose_hints,gemm,3,0.003423,4,MEDIUM
noarr,choose_hints,gemm,4,0.003424,4,MEDIUM
noarr,choose_hints,gemm,5,0.003431,4,MEDIUM
noarr,choose_hints,gemver,0.000402,1.684,valid,4,MEDIUM
noarr,choose_hints,gemver,1,0.000403,4,MEDIUM
noarr,choose_hints,gemver,2,0.000409,4,MEDIUM
noarr,choose_hints,gemver,3,0.000401,4,MEDIUM
noarr,choose_hints,gemver,4,0.000405,4,MEDIUM
noarr,choose_hints,gemver,5,0.000410,4,MEDIUM
noarr,choose_hints,gesummv,0.002785,0.082,valid,4,MEDIUM
noarr,choose_hints,gesummv,1,0.002737,4,MEDIUM
noarr,choose_hints,gesummv,2,0.002719,4,MEDIUM
noarr,choose_hints,gesummv,3,0.002524,4,MEDIUM
noarr,choose_hints,gesummv,4,0.002561,4,MEDIUM
noarr,choose_hints,gesummv,5,0.002528,4,MEDIUM
noarr,choose_hints,gramschmidt,0.010597,,invalid,4,MEDIUM
noarr,choose_hints,heat-3d,0.010090,1.187,valid,4,MEDIUM
noarr,choose_hints,heat-3d,1,0.010074,4,MEDIUM
noarr,choose_hints,heat-3d,2,0.010377,4,MEDIUM
noarr,choose_hints,heat-3d,3,0.010044,4,MEDIUM
noarr,choose_hints,heat-3d,4,0.010326,4,MEDIUM
noarr,choose_hints,heat-3d,5,0.010107,4,MEDIUM
noarr,choose_hints,jacobi-1d,0.008136,0.006,valid,4,MEDIUM
noarr,choose_hints,jacobi-1d,1,0.008286,4,MEDIUM
noarr,choose_hints,jacobi-1d,2,0.008011,4,MEDIUM
noarr,choose_hints,jacobi-1d,3,0.007551,4,MEDIUM
noarr,choose_hints,jacobi-1d,4,0.007958,4,MEDIUM
noarr,choose_hints,jacobi-1d,5,0.007627,4,MEDIUM
noarr,choose_hints,jacobi-2d,0.013089,0.803,valid,4,MEDIUM
noarr,choose_hints,jacobi-2d,1,0.013218,4,MEDIUM
noarr,choose_hints,jacobi-2d,2,0.013630,4,MEDIUM
noarr,choose_hints,jacobi-2d,3,0.013566,4,MEDIUM
noarr,choose_hints,jacobi-2d,4,0.013377,4,MEDIUM
noarr,choose_hints,jacobi-2d,5,0.013415,4,MEDIUM
noarr,choose_hints,lu,0.024708,,invalid,4,MEDIUM
noarr,choose_hints,ludcmp,0.028394,1.032,valid,4,MEDIUM
noarr,choose_hints,ludcmp,1,0.028419,4,MEDIUM
noarr,choose_hints,ludcmp,2,0.028432,4,MEDIUM
noarr,choose_hints,ludcmp,3,0.028416,4,MEDIUM
noarr,choose_hints,ludcmp,4,0.028381,4,MEDIUM
noarr,choose_hints,ludcmp,5,0.028423,4,MEDIUM
noarr,choose_hints,mvt,0.000261,1.943,valid,4,MEDIUM
noarr,choose_hints,mvt,1,0.000272,4,MEDIUM
noarr,choose_hints,mvt,2,0.000261,4,MEDIUM
noarr,choose_hints,mvt,3,0.000269,4,MEDIUM
noarr,choose_hints,mvt,4,0.000262,4,MEDIUM
noarr,choose_hints,mvt,5,0.000252,4,MEDIUM
noarr,choose_hints,nussinov,,,illegal,4,MEDIUM
noarr,choose_hints,seidel-2d,0.213192,1.001,valid,4,MEDIUM
noarr,choose_hints,seidel-2d,1,0.213257,4,MEDIUM
noarr,choose_hints,seidel-2d,2,0.213192,4,MEDIUM
noarr,choose_hints,seidel-2d,3,0.212943,4,MEDIUM
noarr,choose_hints,seidel-2d,4,0.213190,4,MEDIUM
noarr,choose_hints,seidel-2d,5,0.213178,4,MEDIUM
noarr,choose_hints,symm,0.006404,,invalid,4,MEDIUM
noarr,choose_hints,syr2k,0.006336,1.319,valid,4,MEDIUM
noarr,choose_hints,syr2k,1,0.006313,4,MEDIUM
noarr,choose_hints,syr2k,2,0.006344,4,MEDIUM
noarr,choose_hints,syr2k,3,0.006335,4,MEDIUM
noarr,choose_hints,syr2k,4,0.006306,4,MEDIUM
noarr,choose_hints,syr2k,5,0.006326,4,MEDIUM
noarr,choose_hints,syrk,0.006584,0.529,valid,4,MEDIUM
noarr,choose_hints,syrk,1,0.006561,4,MEDIUM
noarr,choose_hints,syrk,2,0.006599,4,MEDIUM
noarr,choose_hints,syrk,3,0.006555,4,MEDIUM
noarr,choose_hints,syrk,4,0.006561,4,MEDIUM
noarr,choose_hints,syrk,5,0.006561,4,MEDIUM
noarr,choose_hints,trisolv,0.000123,1.089,valid,4,MEDIUM
noarr,choose_hints,trisolv,1,0.000123,4,MEDIUM
noarr,choose_hints,trisolv,2,0.000124,4,MEDIUM
noarr,choose_hints,trisolv,3,0.000106,4,MEDIUM
noarr,choose_hints,trisolv,4,0.000123,4,MEDIUM
noarr,choose_hints,trisolv,5,0.000123,4,MEDIUM
noarr,choose_hints,trmm,0.001528,4.647,valid,4,MEDIUM
noarr,choose_hints,trmm,1,0.001533,4,MEDIUM
noarr,choose_hints,trmm,2,0.001607,4,MEDIUM
noarr,choose_hints,trmm,3,0.001528,4,MEDIUM
noarr,choose_hints,trmm,4,0.001542,4,MEDIUM
noarr,choose_hints,trmm,5,0.001559,4,MEDIUM
-- The CXX compiler identification is GNU 15.2.0
-- Detecting CXX compiler ABI info
-- Detecting CXX compiler ABI info - done
-- Check for working CXX compiler: /usr/local/latestgcc/bin/g++ - skipped
-- Detecting CXX compile features
-- Detecting CXX compile features - done
-- Using NOARR_STRUCTURES_DIR from environment: /home/kleplj/choose_hints/submodules/noarr-structures
-- Configuring done (0.5s)
-- Generating done (0.8s)
-- Build files have been written to: /home/kleplj/choose_hints/optimization/choose_hints/PolybenchC-Noarr/build
[ 13%] Building CXX object CMakeFiles/gemm.dir/linear-algebra/blas/gemm/gemm.cpp.o
[ 13%] Building CXX object CMakeFiles/gemver.dir/linear-algebra/blas/gemver/gemver.cpp.o
[ 13%] Building CXX object CMakeFiles/covariance.dir/datamining/covariance/covariance.cpp.o
[ 13%] Building CXX object CMakeFiles/correlation.dir/datamining/correlation/correlation.cpp.o
[ 13%] Building CXX object CMakeFiles/symm.dir/linear-algebra/blas/symm/symm.cpp.o
[ 25%] Building CXX object CMakeFiles/trmm.dir/linear-algebra/blas/trmm/trmm.cpp.o
[ 25%] Building CXX object CMakeFiles/atax.dir/linear-algebra/kernels/atax/atax.cpp.o
[ 25%] Building CXX object CMakeFiles/cholesky.dir/linear-algebra/solvers/cholesky/cholesky.cpp.o
[ 25%] Building CXX object CMakeFiles/syrk.dir/linear-algebra/blas/syrk/syrk.cpp.o
[ 25%] Building CXX object CMakeFiles/gesummv.dir/linear-algebra/blas/gesummv/gesummv.cpp.o
[ 25%] Building CXX object CMakeFiles/syr2k.dir/linear-algebra/blas/syr2k/syr2k.cpp.o
[ 25%] Building CXX object CMakeFiles/3mm.dir/linear-algebra/kernels/3mm/3mm.cpp.o
[ 25%] Building CXX object CMakeFiles/2mm.dir/linear-algebra/kernels/2mm/2mm.cpp.o
[ 50%] Building CXX object CMakeFiles/doitgen.dir/linear-algebra/kernels/doitgen/doitgen.cpp.o
[ 50%] Building CXX object CMakeFiles/bicg.dir/linear-algebra/kernels/bicg/bicg.cpp.o
[ 50%] Building CXX object CMakeFiles/trisolv.dir/linear-algebra/solvers/trisolv/trisolv.cpp.o
[ 50%] Building CXX object CMakeFiles/durbin.dir/linear-algebra/solvers/durbin/durbin.cpp.o
[ 50%] Building CXX object CMakeFiles/floyd-warshall.dir/medley/floyd-warshall/floyd-warshall.cpp.o
[ 50%] Building CXX object CMakeFiles/nussinov.dir/medley/nussinov/nussinov.cpp.o
[ 50%] Building CXX object CMakeFiles/heat-3d.dir/stencils/heat-3d/heat-3d.cpp.o
[ 50%] Building CXX object CMakeFiles/mvt.dir/linear-algebra/kernels/mvt/mvt.cpp.o
[ 50%] Building CXX object CMakeFiles/gramschmidt.dir/linear-algebra/solvers/gramschmidt/gramschmidt.cpp.o
[ 50%] Building CXX object CMakeFiles/ludcmp.dir/linear-algebra/solvers/ludcmp/ludcmp.cpp.o
[ 50%] Building CXX object CMakeFiles/deriche.dir/medley/deriche/deriche.cpp.o
[ 50%] Building CXX object CMakeFiles/jacobi-2d.dir/stencils/jacobi-2d/jacobi-2d.cpp.o
[ 50%] Building CXX object CMakeFiles/fdtd-2d.dir/stencils/fdtd-2d/fdtd-2d.cpp.o
[ 50%] Building CXX object CMakeFiles/lu.dir/linear-algebra/solvers/lu/lu.cpp.o
[ 50%] Building CXX object CMakeFiles/adi.dir/stencils/adi/adi.cpp.o
[ 50%] Building CXX object CMakeFiles/jacobi-1d.dir/stencils/jacobi-1d/jacobi-1d.cpp.o
[ 50%] Building CXX object CMakeFiles/seidel-2d.dir/stencils/seidel-2d/seidel-2d.cpp.o
[ 53%] Linking CXX executable cholesky
[ 53%] Linking CXX executable nussinov
[ 55%] Linking CXX executable jacobi-1d
[ 56%] Linking CXX executable durbin
[ 56%] Built target jacobi-1d
[ 56%] Built target durbin
[ 58%] Linking CXX executable seidel-2d
[ 60%] Linking CXX executable gesummv
[ 61%] Linking CXX executable trisolv
[ 61%] Built target seidel-2d
[ 63%] Linking CXX executable mvt
[ 65%] Linking CXX executable floyd-warshall
[ 66%] Linking CXX executable atax
[ 66%] Built target gesummv
[ 66%] Built target trisolv
[ 70%] Linking CXX executable jacobi-2d
[ 70%] Linking CXX executable bicg
[ 70%] Built target mvt
[ 70%] Built target atax
[ 70%] Built target floyd-warshall
[ 70%] Built target bicg
[ 70%] Built target jacobi-2d
[ 71%] Linking CXX executable adi
[ 71%] Built target adi
[ 73%] Linking CXX executable deriche
[ 75%] Linking CXX executable gemver
[ 76%] Linking CXX executable trmm
[ 78%] Linking CXX executable symm
[ 81%] Linking CXX executable syr2k
[ 81%] Linking CXX executable syrk
[ 81%] Built target deriche
[ 81%] Built target gemver
[ 81%] Built target trmm
[ 81%] Built target symm
[ 83%] Linking CXX executable gramschmidt
[ 83%] Built target syrk
[ 83%] Built target syr2k
[ 85%] Linking CXX executable gemm
[ 86%] Linking CXX executable doitgen
[ 88%] Linking CXX executable heat-3d
[ 88%] Built target gramschmidt
[ 88%] Built target gemm
[ 88%] Built target doitgen
[ 90%] Linking CXX executable lu
[ 90%] Built target heat-3d
[ 91%] Linking CXX executable fdtd-2d
[ 91%] Built target lu
[ 93%] Linking CXX executable covariance
[ 93%] Built target fdtd-2d
[ 93%] Built target covariance
[ 95%] Linking CXX executable correlation
[ 95%] Built target correlation
[ 96%] Linking CXX executable 2mm
[ 96%] Built target 2mm
[ 98%] Linking CXX executable ludcmp
[ 98%] Built target ludcmp
[100%] Linking CXX executable 3mm
[100%] Built target 3mm
noarr,choose_hints,2mm,0.004425,4.801,valid,5,MEDIUM
noarr,choose_hints,2mm,1,0.004419,5,MEDIUM
noarr,choose_hints,2mm,2,0.004423,5,MEDIUM
noarr,choose_hints,2mm,3,0.004428,5,MEDIUM
noarr,choose_hints,2mm,4,0.004425,5,MEDIUM
noarr,choose_hints,2mm,5,0.004431,5,MEDIUM
noarr,choose_hints,3mm,0.006709,4.825,valid,5,MEDIUM
noarr,choose_hints,3mm,1,0.006705,5,MEDIUM
noarr,choose_hints,3mm,2,0.006703,5,MEDIUM
noarr,choose_hints,3mm,3,0.006703,5,MEDIUM
noarr,choose_hints,3mm,4,0.006703,5,MEDIUM
noarr,choose_hints,3mm,5,0.006703,5,MEDIUM
noarr,choose_hints,adi,0.025601,3.088,valid,5,MEDIUM
noarr,choose_hints,adi,1,0.025726,5,MEDIUM
noarr,choose_hints,adi,2,0.025067,5,MEDIUM
noarr,choose_hints,adi,3,0.025548,5,MEDIUM
noarr,choose_hints,adi,4,0.025490,5,MEDIUM
noarr,choose_hints,adi,5,0.025822,5,MEDIUM
noarr,choose_hints,atax,0.000306,1.098,valid,5,MEDIUM
noarr,choose_hints,atax,1,0.000306,5,MEDIUM
noarr,choose_hints,atax,2,0.000306,5,MEDIUM
noarr,choose_hints,atax,3,0.000306,5,MEDIUM
noarr,choose_hints,atax,4,0.000306,5,MEDIUM
noarr,choose_hints,atax,5,0.000315,5,MEDIUM
noarr,choose_hints,bicg,0.000262,2.252,valid,5,MEDIUM
noarr,choose_hints,bicg,1,0.000236,5,MEDIUM
noarr,choose_hints,bicg,2,0.000263,5,MEDIUM
noarr,choose_hints,bicg,3,0.000262,5,MEDIUM
noarr,choose_hints,bicg,4,0.000262,5,MEDIUM
noarr,choose_hints,bicg,5,0.000260,5,MEDIUM
noarr,choose_hints,cholesky,,,illegal,5,MEDIUM
noarr,choose_hints,correlation,0.010726,1.150,valid,5,MEDIUM
noarr,choose_hints,correlation,1,0.010729,5,MEDIUM
noarr,choose_hints,correlation,2,0.010742,5,MEDIUM
noarr,choose_hints,correlation,3,0.010739,5,MEDIUM
noarr,choose_hints,correlation,4,0.010710,5,MEDIUM
noarr,choose_hints,correlation,5,0.010750,5,MEDIUM
noarr,choose_hints,covariance,0.002762,4.438,valid,5,MEDIUM
noarr,choose_hints,covariance,1,0.002759,5,MEDIUM
noarr,choose_hints,covariance,2,0.002756,5,MEDIUM
noarr,choose_hints,covariance,3,0.002795,5,MEDIUM
noarr,choose_hints,covariance,4,0.002775,5,MEDIUM
noarr,choose_hints,covariance,5,0.002784,5,MEDIUM
noarr,choose_hints,deriche,0.004366,2.440,valid,5,MEDIUM
noarr,choose_hints,deriche,1,0.004443,5,MEDIUM
noarr,choose_hints,deriche,2,0.004348,5,MEDIUM
noarr,choose_hints,deriche,3,0.004277,5,MEDIUM
noarr,choose_hints,deriche,4,0.004457,5,MEDIUM
noarr,choose_hints,deriche,5,0.004378,5,MEDIUM
noarr,choose_hints,doitgen,0.002538,3.715,valid,5,MEDIUM
noarr,choose_hints,doitgen,1,0.002543,5,MEDIUM
noarr,choose_hints,doitgen,2,0.002540,5,MEDIUM
noarr,choose_hints,doitgen,3,0.002556,5,MEDIUM
noarr,choose_hints,doitgen,4,0.002543,5,MEDIUM
noarr,choose_hints,doitgen,5,0.002554,5,MEDIUM
noarr,choose_hints,durbin,0.000225,0.809,valid,5,MEDIUM
noarr,choose_hints,durbin,1,0.000225,5,MEDIUM
noarr,choose_hints,durbin,2,0.000219,5,MEDIUM
noarr,choose_hints,durbin,3,0.000208,5,MEDIUM
noarr,choose_hints,durbin,4,0.000208,5,MEDIUM
noarr,choose_hints,durbin,5,0.000172,5,MEDIUM
noarr,choose_hints,fdtd-2d,0.018402,0.453,valid,5,MEDIUM
noarr,choose_hints,fdtd-2d,1,0.018816,5,MEDIUM
noarr,choose_hints,fdtd-2d,2,0.018610,5,MEDIUM
noarr,choose_hints,fdtd-2d,3,0.018522,5,MEDIUM
noarr,choose_hints,fdtd-2d,4,0.018395,5,MEDIUM
noarr,choose_hints,fdtd-2d,5,0.018238,5,MEDIUM
noarr,choose_hints,floyd-warshall,0.052201,2.112,valid,5,MEDIUM
noarr,choose_hints,floyd-warshall,1,0.052782,5,MEDIUM
noarr,choose_hints,floyd-warshall,2,0.052031,5,MEDIUM
noarr,choose_hints,floyd-warshall,3,0.052108,5,MEDIUM
noarr,choose_hints,floyd-warshall,4,0.051919,5,MEDIUM
noarr,choose_hints,floyd-warshall,5,0.052485,5,MEDIUM
noarr,choose_hints,gemm,0.003442,1.006,valid,5,MEDIUM
noarr,choose_hints,gemm,1,0.003434,5,MEDIUM
noarr,choose_hints,gemm,2,0.003428,5,MEDIUM
noarr,choose_hints,gemm,3,0.003426,5,MEDIUM
noarr,choose_hints,gemm,4,0.003423,5,MEDIUM
noarr,choose_hints,gemm,5,0.003430,5,MEDIUM
noarr,choose_hints,gemver,0.000619,1.081,valid,5,MEDIUM
noarr,choose_hints,gemver,1,0.000607,5,MEDIUM
noarr,choose_hints,gemver,2,0.000608,5,MEDIUM
noarr,choose_hints,gemver,3,0.000611,5,MEDIUM
noarr,choose_hints,gemver,4,0.000612,5,MEDIUM
noarr,choose_hints,gemver,5,0.000615,5,MEDIUM
noarr,choose_hints,gesummv,0.000106,2.160,valid,5,MEDIUM
noarr,choose_hints,gesummv,1,0.000099,5,MEDIUM
noarr,choose_hints,gesummv,2,0.000087,5,MEDIUM
noarr,choose_hints,gesummv,3,0.000125,5,MEDIUM
noarr,choose_hints,gesummv,4,0.000087,5,MEDIUM
noarr,choose_hints,gesummv,5,0.000100,5,MEDIUM
noarr,choose_hints,gramschmidt,0.016363,,invalid,5,MEDIUM
noarr,choose_hints,heat-3d,0.010289,1.162,valid,5,MEDIUM
noarr,choose_hints,heat-3d,1,0.010508,5,MEDIUM
noarr,choose_hints,heat-3d,2,0.010280,5,MEDIUM
noarr,choose_hints,heat-3d,3,0.010328,5,MEDIUM
noarr,choose_hints,heat-3d,4,0.010619,5,MEDIUM
noarr,choose_hints,heat-3d,5,0.010276,5,MEDIUM
noarr,choose_hints,jacobi-1d,0.004319,0.012,valid,5,MEDIUM
noarr,choose_hints,jacobi-1d,1,0.004331,5,MEDIUM
noarr,choose_hints,jacobi-1d,2,0.004273,5,MEDIUM
noarr,choose_hints,jacobi-1d,3,0.004220,5,MEDIUM
noarr,choose_hints,jacobi-1d,4,0.004121,5,MEDIUM
noarr,choose_hints,jacobi-1d,5,0.004397,5,MEDIUM
noarr,choose_hints,jacobi-2d,0.013363,0.763,valid,5,MEDIUM
noarr,choose_hints,jacobi-2d,1,0.013595,5,MEDIUM
noarr,choose_hints,jacobi-2d,2,0.013891,5,MEDIUM
noarr,choose_hints,jacobi-2d,3,0.013431,5,MEDIUM
noarr,choose_hints,jacobi-2d,4,0.013426,5,MEDIUM
noarr,choose_hints,jacobi-2d,5,0.013438,5,MEDIUM
noarr,choose_hints,lu,0.028763,1.072,valid,5,MEDIUM
noarr,choose_hints,lu,1,0.028896,5,MEDIUM
noarr,choose_hints,lu,2,0.028900,5,MEDIUM
noarr,choose_hints,lu,3,0.028871,5,MEDIUM
noarr,choose_hints,lu,4,0.028914,5,MEDIUM
noarr,choose_hints,lu,5,0.028907,5,MEDIUM
noarr,choose_hints,ludcmp,0.028469,1.030,valid,5,MEDIUM
noarr,choose_hints,ludcmp,1,0.028470,5,MEDIUM
noarr,choose_hints,ludcmp,2,0.028372,5,MEDIUM
noarr,choose_hints,ludcmp,3,0.028396,5,MEDIUM
noarr,choose_hints,ludcmp,4,0.028386,5,MEDIUM
noarr,choose_hints,ludcmp,5,0.028219,5,MEDIUM
noarr,choose_hints,mvt,0.000261,1.962,valid,5,MEDIUM
noarr,choose_hints,mvt,1,0.000222,5,MEDIUM
noarr,choose_hints,mvt,2,0.000271,5,MEDIUM
noarr,choose_hints,mvt,3,0.000262,5,MEDIUM
noarr,choose_hints,mvt,4,0.000261,5,MEDIUM
noarr,choose_hints,mvt,5,0.000265,5,MEDIUM
noarr,choose_hints,nussinov,,,illegal,5,MEDIUM
noarr,choose_hints,seidel-2d,0.157401,1.355,valid,5,MEDIUM
noarr,choose_hints,seidel-2d,1,0.157376,5,MEDIUM
noarr,choose_hints,seidel-2d,2,0.157336,5,MEDIUM
noarr,choose_hints,seidel-2d,3,0.157305,5,MEDIUM
noarr,choose_hints,seidel-2d,4,0.157343,5,MEDIUM
noarr,choose_hints,seidel-2d,5,0.157414,5,MEDIUM
noarr,choose_hints,symm,0.007244,1.390,valid,5,MEDIUM
noarr,choose_hints,symm,1,0.007244,5,MEDIUM
noarr,choose_hints,symm,2,0.007267,5,MEDIUM
noarr,choose_hints,symm,3,0.007350,5,MEDIUM
noarr,choose_hints,symm,4,0.007224,5,MEDIUM
noarr,choose_hints,symm,5,0.007227,5,MEDIUM
noarr,choose_hints,syr2k,0.006007,1.393,valid,5,MEDIUM
noarr,choose_hints,syr2k,1,0.006017,5,MEDIUM
noarr,choose_hints,syr2k,2,0.006086,5,MEDIUM
noarr,choose_hints,syr2k,3,0.006014,5,MEDIUM
noarr,choose_hints,syr2k,4,0.005866,5,MEDIUM
noarr,choose_hints,syr2k,5,0.005983,5,MEDIUM
noarr,choose_hints,syrk,0.003480,,invalid,5,MEDIUM
noarr,choose_hints,trisolv,0.000124,1.048,valid,5,MEDIUM
noarr,choose_hints,trisolv,1,0.000107,5,MEDIUM
noarr,choose_hints,trisolv,2,0.000106,5,MEDIUM
noarr,choose_hints,trisolv,3,0.000124,5,MEDIUM
noarr,choose_hints,trisolv,4,0.000124,5,MEDIUM
noarr,choose_hints,trisolv,5,0.000124,5,MEDIUM
noarr,choose_hints,trmm,0.001566,4.556,valid,5,MEDIUM
noarr,choose_hints,trmm,1,0.001600,5,MEDIUM
noarr,choose_hints,trmm,2,0.001531,5,MEDIUM
noarr,choose_hints,trmm,3,0.001553,5,MEDIUM
noarr,choose_hints,trmm,4,0.001542,5,MEDIUM
noarr,choose_hints,trmm,5,0.001612,5,MEDIUM
-- The CXX compiler identification is GNU 15.2.0
-- Detecting CXX compiler ABI info
-- Detecting CXX compiler ABI info - done
-- Check for working CXX compiler: /usr/local/latestgcc/bin/g++ - skipped
-- Detecting CXX compile features
-- Detecting CXX compile features - done
-- Found Python: /home/kleplj/choose_hints/gpt-querying/.venv/bin/python3.9 (found suitable version "3.9.21", minimum required is "3") found components: Interpreter Development.Module
-- Halide 'host' platform triple:   x86-64-linux
-- Halide 'cmake' platform triple:  x86-64-linux
-- Halide default AOT target:       host
-- Found ZLIB: /usr/lib64/libz.so (found version "1.2.11")
-- Could NOT find PNG (missing: PNG_LIBRARY PNG_PNG_INCLUDE_DIR) 
-- Could NOT find JPEG (missing: JPEG_LIBRARY JPEG_INCLUDE_DIR) 
-- Configuring done (0.8s)
-- Generating done (0.7s)
-- Build files have been written to: /home/kleplj/choose_hints/optimization/choose_hints/PolybenchC-Halide/build
[ 11%] Building CXX object CMakeFiles/gesummv.dir/linear-algebra/blas/gesummv/gesummv.cpp.o
[ 11%] Building CXX object CMakeFiles/correlation.dir/datamining/correlation/correlation.cpp.o
[ 11%] Building CXX object CMakeFiles/covariance.dir/datamining/covariance/covariance.cpp.o
[ 11%] Building CXX object CMakeFiles/gemver.dir/linear-algebra/blas/gemver/gemver.cpp.o
[ 21%] Building CXX object CMakeFiles/gemm.dir/linear-algebra/blas/gemm/gemm.cpp.o
[ 21%] Building CXX object CMakeFiles/syrk.dir/linear-algebra/blas/syrk/syrk.cpp.o
[ 21%] Building CXX object CMakeFiles/3mm.dir/linear-algebra/kernels/3mm/3mm.cpp.o
[ 21%] Building CXX object CMakeFiles/symm.dir/linear-algebra/blas/symm/symm.cpp.o
[ 21%] Building CXX object CMakeFiles/trmm.dir/linear-algebra/blas/trmm/trmm.cpp.o
[ 21%] Building CXX object CMakeFiles/syr2k.dir/linear-algebra/blas/syr2k/syr2k.cpp.o
[ 21%] Building CXX object CMakeFiles/2mm.dir/linear-algebra/kernels/2mm/2mm.cpp.o
[ 40%] Building CXX object CMakeFiles/durbin.dir/linear-algebra/solvers/durbin/durbin.cpp.o
[ 50%] Building CXX object CMakeFiles/mvt.dir/linear-algebra/kernels/mvt/mvt.cpp.o
[ 50%] Building CXX object CMakeFiles/trisolv.dir/linear-algebra/solvers/trisolv/trisolv.cpp.o
[ 50%] Building CXX object CMakeFiles/doitgen.dir/linear-algebra/kernels/doitgen/doitgen.cpp.o
[ 50%] Building CXX object CMakeFiles/atax.dir/linear-algebra/kernels/atax/atax.cpp.o
[ 50%] Building CXX object CMakeFiles/deriche.dir/medley/deriche/deriche.cpp.o
[ 50%] Building CXX object CMakeFiles/bicg.dir/linear-algebra/kernels/bicg/bicg.cpp.o
[ 50%] Building CXX object CMakeFiles/cholesky.dir/linear-algebra/solvers/cholesky/cholesky.cpp.o
[ 50%] Building CXX object CMakeFiles/ludcmp.dir/linear-algebra/solvers/ludcmp/ludcmp.cpp.o
[ 50%] Building CXX object CMakeFiles/lu.dir/linear-algebra/solvers/lu/lu.cpp.o
[ 50%] Building CXX object CMakeFiles/floyd-warshall.dir/medley/floyd-warshall/floyd-warshall.cpp.o
[ 50%] Building CXX object CMakeFiles/heat-3d.dir/stencils/heat-3d/heat-3d.cpp.o
[ 50%] Building CXX object CMakeFiles/gramschmidt.dir/linear-algebra/solvers/gramschmidt/gramschmidt.cpp.o
[ 50%] Building CXX object CMakeFiles/nussinov.dir/medley/nussinov/nussinov.cpp.o
[ 50%] Building CXX object CMakeFiles/fdtd-2d.dir/stencils/fdtd-2d/fdtd-2d.cpp.o
[ 50%] Building CXX object CMakeFiles/jacobi-1d.dir/stencils/jacobi-1d/jacobi-1d.cpp.o
[ 50%] Building CXX object CMakeFiles/adi.dir/stencils/adi/adi.cpp.o
[ 50%] Building CXX object CMakeFiles/seidel-2d.dir/stencils/seidel-2d/seidel-2d.cpp.o
[ 50%] Building CXX object CMakeFiles/jacobi-2d.dir/stencils/jacobi-2d/jacobi-2d.cpp.o
[ 51%] Linking CXX executable gemver
[ 53%] Linking CXX executable gramschmidt
[ 55%] Linking CXX executable adi
[ 55%] Built target adi
[ 56%] Linking CXX executable gemm
[ 58%] Linking CXX executable syrk
[ 58%] Built target gemm
[ 60%] Linking CXX executable syr2k
[ 63%] Linking CXX executable jacobi-2d
[ 63%] Linking CXX executable correlation
[ 63%] Built target syrk
[ 63%] Built target syr2k
[ 63%] Built target jacobi-2d
[ 63%] Built target correlation
[ 65%] Linking CXX executable 2mm
[ 66%] Linking CXX executable seidel-2d
[ 66%] Built target 2mm
[ 68%] Linking CXX executable doitgen
[ 68%] Built target seidel-2d
[ 70%] Linking CXX executable lu
[ 71%] Linking CXX executable heat-3d
[ 73%] Linking CXX executable cholesky
[ 75%] Linking CXX executable trisolv
[ 75%] Built target doitgen
[ 75%] Built target lu
[ 76%] Linking CXX executable mvt
[ 76%] Built target heat-3d
[ 76%] Built target cholesky
[ 78%] Linking CXX executable nussinov
[ 78%] Built target trisolv
[ 78%] Built target mvt
[ 80%] Linking CXX executable bicg
[ 80%] Built target nussinov
[ 80%] Built target bicg
[ 81%] Linking CXX executable ludcmp
[ 83%] Linking CXX executable fdtd-2d
[ 83%] Built target ludcmp
[ 83%] Built target fdtd-2d
halide,choose_hints,2mm,,,illegal,1,MEDIUM
halide,choose_hints,3mm,,,illegal,1,MEDIUM
halide,choose_hints,adi,0.882246,0.088,valid,1,MEDIUM
halide,choose_hints,adi,1,0.950640,1,MEDIUM
halide,choose_hints,adi,2,0.871939,1,MEDIUM
halide,choose_hints,adi,3,0.901589,1,MEDIUM
halide,choose_hints,adi,4,0.897667,1,MEDIUM
halide,choose_hints,adi,5,0.868544,1,MEDIUM
halide,choose_hints,atax,,,illegal,1,MEDIUM
halide,choose_hints,bicg,,,illegal,1,MEDIUM
halide,choose_hints,cholesky,,,illegal,1,MEDIUM
halide,choose_hints,correlation,0.023434,,invalid,1,MEDIUM
halide,choose_hints,covariance,,,illegal,1,MEDIUM
halide,choose_hints,deriche,,,illegal,1,MEDIUM
halide,choose_hints,doitgen,,,illegal,1,MEDIUM
halide,choose_hints,durbin,,,illegal,1,MEDIUM
halide,choose_hints,fdtd-2d,0.332463,0.025,valid,1,MEDIUM
halide,choose_hints,fdtd-2d,1,0.345521,1,MEDIUM
halide,choose_hints,fdtd-2d,2,0.352672,1,MEDIUM
halide,choose_hints,fdtd-2d,3,0.342922,1,MEDIUM
halide,choose_hints,fdtd-2d,4,0.320712,1,MEDIUM
halide,choose_hints,fdtd-2d,5,0.351388,1,MEDIUM
halide,choose_hints,floyd-warshall,,,illegal,1,MEDIUM
halide,choose_hints,gemm,,,illegal,1,MEDIUM
halide,choose_hints,gemver,,,illegal,1,MEDIUM
halide,choose_hints,gesummv,,,illegal,1,MEDIUM
halide,choose_hints,gramschmidt,,,illegal,1,MEDIUM
halide,choose_hints,heat-3d,0.023860,0.498,valid,1,MEDIUM
halide,choose_hints,heat-3d,1,0.021536,1,MEDIUM
halide,choose_hints,heat-3d,2,0.022192,1,MEDIUM
halide,choose_hints,heat-3d,3,0.019808,1,MEDIUM
halide,choose_hints,heat-3d,4,0.021233,1,MEDIUM
halide,choose_hints,heat-3d,5,0.021068,1,MEDIUM
halide,choose_hints,jacobi-1d,,,illegal,1,MEDIUM
halide,choose_hints,jacobi-2d,0.008348,1.256,valid,1,MEDIUM
halide,choose_hints,jacobi-2d,1,0.007419,1,MEDIUM
halide,choose_hints,jacobi-2d,2,0.005064,1,MEDIUM
halide,choose_hints,jacobi-2d,3,0.005203,1,MEDIUM
halide,choose_hints,jacobi-2d,4,0.005562,1,MEDIUM
halide,choose_hints,jacobi-2d,5,0.007455,1,MEDIUM
halide,choose_hints,lu,,,illegal,1,MEDIUM
halide,choose_hints,ludcmp,0.176375,0.166,valid,1,MEDIUM
halide,choose_hints,ludcmp,1,0.172976,1,MEDIUM
halide,choose_hints,ludcmp,2,0.166741,1,MEDIUM
halide,choose_hints,ludcmp,3,0.172879,1,MEDIUM
halide,choose_hints,ludcmp,4,0.167027,1,MEDIUM
halide,choose_hints,ludcmp,5,0.171135,1,MEDIUM
halide,choose_hints,mvt,,,illegal,1,MEDIUM
halide,choose_hints,nussinov,0.115816,0.519,valid,1,MEDIUM
halide,choose_hints,nussinov,1,0.115880,1,MEDIUM
halide,choose_hints,nussinov,2,0.114921,1,MEDIUM
halide,choose_hints,nussinov,3,0.114861,1,MEDIUM
halide,choose_hints,nussinov,4,0.114746,1,MEDIUM
halide,choose_hints,nussinov,5,0.116155,1,MEDIUM
halide,choose_hints,seidel-2d,0.020185,10.567,valid,1,MEDIUM
halide,choose_hints,seidel-2d,1,0.015197,1,MEDIUM
halide,choose_hints,seidel-2d,2,0.017499,1,MEDIUM
halide,choose_hints,seidel-2d,3,0.016830,1,MEDIUM
halide,choose_hints,seidel-2d,4,0.013896,1,MEDIUM
halide,choose_hints,seidel-2d,5,0.014308,1,MEDIUM
halide,choose_hints,symm,,,illegal,1,MEDIUM
halide,choose_hints,syr2k,0.001650,5.030,valid,1,MEDIUM
halide,choose_hints,syr2k,1,0.001877,1,MEDIUM
halide,choose_hints,syr2k,2,0.002415,1,MEDIUM
halide,choose_hints,syr2k,3,0.001670,1,MEDIUM
halide,choose_hints,syr2k,4,0.001859,1,MEDIUM
halide,choose_hints,syr2k,5,0.001701,1,MEDIUM
halide,choose_hints,syrk,0.004644,0.761,valid,1,MEDIUM
halide,choose_hints,syrk,1,0.004748,1,MEDIUM
halide,choose_hints,syrk,2,0.003272,1,MEDIUM
halide,choose_hints,syrk,3,0.003645,1,MEDIUM
halide,choose_hints,syrk,4,0.003612,1,MEDIUM
halide,choose_hints,syrk,5,0.003770,1,MEDIUM
halide,choose_hints,trisolv,,,illegal,1,MEDIUM
halide,choose_hints,trmm,,,illegal,1,MEDIUM
-- The CXX compiler identification is GNU 15.2.0
-- Detecting CXX compiler ABI info
-- Detecting CXX compiler ABI info - done
-- Check for working CXX compiler: /usr/local/latestgcc/bin/g++ - skipped
-- Detecting CXX compile features
-- Detecting CXX compile features - done
-- Found Python: /home/kleplj/choose_hints/gpt-querying/.venv/bin/python3.9 (found suitable version "3.9.21", minimum required is "3") found components: Interpreter Development.Module
-- Halide 'host' platform triple:   x86-64-linux
-- Halide 'cmake' platform triple:  x86-64-linux
-- Halide default AOT target:       host
-- Found ZLIB: /usr/lib64/libz.so (found version "1.2.11")
-- Could NOT find PNG (missing: PNG_LIBRARY PNG_PNG_INCLUDE_DIR) 
-- Could NOT find JPEG (missing: JPEG_LIBRARY JPEG_INCLUDE_DIR) 
-- Configuring done (0.8s)
-- Generating done (0.7s)
-- Build files have been written to: /home/kleplj/choose_hints/optimization/choose_hints/PolybenchC-Halide/build
[  3%] Building CXX object CMakeFiles/correlation.dir/datamining/correlation/correlation.cpp.o
[  6%] Building CXX object CMakeFiles/gemver.dir/linear-algebra/blas/gemver/gemver.cpp.o
[ 13%] Building CXX object CMakeFiles/covariance.dir/datamining/covariance/covariance.cpp.o
[ 13%] Building CXX object CMakeFiles/gemm.dir/linear-algebra/blas/gemm/gemm.cpp.o
[ 13%] Building CXX object CMakeFiles/gesummv.dir/linear-algebra/blas/gesummv/gesummv.cpp.o
[ 23%] Building CXX object CMakeFiles/syr2k.dir/linear-algebra/blas/syr2k/syr2k.cpp.o
[ 23%] Building CXX object CMakeFiles/bicg.dir/linear-algebra/kernels/bicg/bicg.cpp.o
[ 23%] Building CXX object CMakeFiles/cholesky.dir/linear-algebra/solvers/cholesky/cholesky.cpp.o
[ 23%] Building CXX object CMakeFiles/syrk.dir/linear-algebra/blas/syrk/syrk.cpp.o
[ 23%] Building CXX object CMakeFiles/atax.dir/linear-algebra/kernels/atax/atax.cpp.o
[ 23%] Building CXX object CMakeFiles/2mm.dir/linear-algebra/kernels/2mm/2mm.cpp.o
[ 23%] Building CXX object CMakeFiles/symm.dir/linear-algebra/blas/symm/symm.cpp.o
[ 36%] Building CXX object CMakeFiles/gramschmidt.dir/linear-algebra/solvers/gramschmidt/gramschmidt.cpp.o
[ 50%] Building CXX object CMakeFiles/doitgen.dir/linear-algebra/kernels/doitgen/doitgen.cpp.o
[ 50%] Building CXX object CMakeFiles/heat-3d.dir/stencils/heat-3d/heat-3d.cpp.o
[ 50%] Building CXX object CMakeFiles/nussinov.dir/medley/nussinov/nussinov.cpp.o
[ 50%] Building CXX object CMakeFiles/ludcmp.dir/linear-algebra/solvers/ludcmp/ludcmp.cpp.o
[ 50%] Building CXX object CMakeFiles/durbin.dir/linear-algebra/solvers/durbin/durbin.cpp.o
[ 50%] Building CXX object CMakeFiles/fdtd-2d.dir/stencils/fdtd-2d/fdtd-2d.cpp.o
[ 50%] Building CXX object CMakeFiles/adi.dir/stencils/adi/adi.cpp.o
[ 50%] Building CXX object CMakeFiles/3mm.dir/linear-algebra/kernels/3mm/3mm.cpp.o
[ 50%] Building CXX object CMakeFiles/lu.dir/linear-algebra/solvers/lu/lu.cpp.o
[ 50%] Building CXX object CMakeFiles/mvt.dir/linear-algebra/kernels/mvt/mvt.cpp.o
[ 50%] Building CXX object CMakeFiles/floyd-warshall.dir/medley/floyd-warshall/floyd-warshall.cpp.o
[ 50%] Building CXX object CMakeFiles/trisolv.dir/linear-algebra/solvers/trisolv/trisolv.cpp.o
[ 50%] Building CXX object CMakeFiles/trmm.dir/linear-algebra/blas/trmm/trmm.cpp.o
[ 50%] Building CXX object CMakeFiles/deriche.dir/medley/deriche/deriche.cpp.o
[ 50%] Building CXX object CMakeFiles/jacobi-2d.dir/stencils/jacobi-2d/jacobi-2d.cpp.o
[ 50%] Building CXX object CMakeFiles/jacobi-1d.dir/stencils/jacobi-1d/jacobi-1d.cpp.o
[ 50%] Building CXX object CMakeFiles/seidel-2d.dir/stencils/seidel-2d/seidel-2d.cpp.o
[ 51%] Linking CXX executable gemver
[ 53%] Linking CXX executable gramschmidt
[ 55%] Linking CXX executable adi
[ 56%] Linking CXX executable deriche
[ 56%] Built target adi
[ 58%] Linking CXX executable floyd-warshall
[ 58%] Built target deriche
[ 60%] Linking CXX executable covariance
[ 60%] Built target floyd-warshall
[ 61%] Linking CXX executable syr2k
[ 61%] Built target covariance
[ 63%] Linking CXX executable correlation
[ 65%] Linking CXX executable 2mm
[ 66%] Linking CXX executable cholesky
[ 66%] Built target syr2k
[ 68%] Linking CXX executable durbin
[ 70%] Linking CXX executable jacobi-2d
[ 70%] Built target correlation
[ 71%] Linking CXX executable 3mm
[ 71%] Built target 2mm
[ 71%] Built target cholesky
[ 71%] Built target durbin
[ 71%] Built target jacobi-2d
[ 73%] Linking CXX executable doitgen
[ 75%] Linking CXX executable gesummv
[ 76%] Linking CXX executable lu
[ 78%] Linking CXX executable heat-3d
[ 78%] Built target 3mm
[ 80%] Linking CXX executable mvt
[ 80%] Built target doitgen
[ 80%] Built target lu
[ 80%] Built target gesummv
[ 80%] Built target heat-3d
[ 80%] Built target mvt
[ 81%] Linking CXX executable bicg
[ 81%] Built target bicg
[ 83%] Linking CXX executable atax
[ 85%] Linking CXX executable trisolv
[ 85%] Built target atax
[ 85%] Built target trisolv
[ 86%] Linking CXX executable fdtd-2d
[ 88%] Linking CXX executable ludcmp
[ 88%] Built target fdtd-2d
[ 88%] Built target ludcmp
halide,choose_hints,2mm,,,illegal,2,MEDIUM
halide,choose_hints,3mm,,,illegal,2,MEDIUM
halide,choose_hints,adi,0.104332,0.758,valid,2,MEDIUM
halide,choose_hints,adi,1,0.105217,2,MEDIUM
halide,choose_hints,adi,2,0.104463,2,MEDIUM
halide,choose_hints,adi,3,0.104252,2,MEDIUM
halide,choose_hints,adi,4,0.104141,2,MEDIUM
halide,choose_hints,adi,5,0.105767,2,MEDIUM
halide,choose_hints,atax,,,illegal,2,MEDIUM
halide,choose_hints,bicg,,,illegal,2,MEDIUM
halide,choose_hints,cholesky,0.013595,1.124,valid,2,MEDIUM
halide,choose_hints,cholesky,1,0.013572,2,MEDIUM
halide,choose_hints,cholesky,2,0.013658,2,MEDIUM
halide,choose_hints,cholesky,3,0.013594,2,MEDIUM
halide,choose_hints,cholesky,4,0.013684,2,MEDIUM
halide,choose_hints,cholesky,5,0.013586,2,MEDIUM
halide,choose_hints,correlation,0.006148,,invalid,2,MEDIUM
halide,choose_hints,covariance,,,illegal,2,MEDIUM
halide,choose_hints,deriche,0.020409,0.519,valid,2,MEDIUM
halide,choose_hints,deriche,1,0.019532,2,MEDIUM
halide,choose_hints,deriche,2,0.017691,2,MEDIUM
halide,choose_hints,deriche,3,0.019918,2,MEDIUM
halide,choose_hints,deriche,4,0.019157,2,MEDIUM
halide,choose_hints,deriche,5,0.019759,2,MEDIUM
halide,choose_hints,doitgen,,,illegal,2,MEDIUM
halide,choose_hints,durbin,,,illegal,2,MEDIUM
halide,choose_hints,fdtd-2d,,,illegal,2,MEDIUM
halide,choose_hints,floyd-warshall,0.096416,1.144,valid,2,MEDIUM
halide,choose_hints,floyd-warshall,1,0.031497,2,MEDIUM
halide,choose_hints,floyd-warshall,2,0.102532,2,MEDIUM
halide,choose_hints,floyd-warshall,3,0.118950,2,MEDIUM
halide,choose_hints,floyd-warshall,4,0.096114,2,MEDIUM
halide,choose_hints,floyd-warshall,5,0.043956,2,MEDIUM
halide,choose_hints,gemm,,,illegal,2,MEDIUM
halide,choose_hints,gemver,,,illegal,2,MEDIUM
halide,choose_hints,gesummv,,,illegal,2,MEDIUM
halide,choose_hints,gramschmidt,,,illegal,2,MEDIUM
halide,choose_hints,heat-3d,0.020950,0.568,valid,2,MEDIUM
halide,choose_hints,heat-3d,1,0.019774,2,MEDIUM
halide,choose_hints,heat-3d,2,0.021669,2,MEDIUM
halide,choose_hints,heat-3d,3,0.021131,2,MEDIUM
halide,choose_hints,heat-3d,4,0.019068,2,MEDIUM
halide,choose_hints,heat-3d,5,0.020361,2,MEDIUM
halide,choose_hints,jacobi-1d,,,illegal,2,MEDIUM
halide,choose_hints,jacobi-2d,0.007828,1.395,valid,2,MEDIUM
halide,choose_hints,jacobi-2d,1,0.006037,2,MEDIUM
halide,choose_hints,jacobi-2d,2,0.007720,2,MEDIUM
halide,choose_hints,jacobi-2d,3,0.007614,2,MEDIUM
halide,choose_hints,jacobi-2d,4,0.005248,2,MEDIUM
halide,choose_hints,jacobi-2d,5,0.004911,2,MEDIUM
halide,choose_hints,lu,0.107485,0.287,valid,2,MEDIUM
halide,choose_hints,lu,1,0.107912,2,MEDIUM
halide,choose_hints,lu,2,0.107703,2,MEDIUM
halide,choose_hints,lu,3,0.107809,2,MEDIUM
halide,choose_hints,lu,4,0.107289,2,MEDIUM
halide,choose_hints,lu,5,0.107902,2,MEDIUM
halide,choose_hints,ludcmp,,,illegal,2,MEDIUM
halide,choose_hints,mvt,0.005738,0.091,valid,2,MEDIUM
halide,choose_hints,mvt,1,0.005946,2,MEDIUM
halide,choose_hints,mvt,2,0.005585,2,MEDIUM
halide,choose_hints,mvt,3,0.005917,2,MEDIUM
halide,choose_hints,mvt,4,0.005743,2,MEDIUM
halide,choose_hints,mvt,5,0.005506,2,MEDIUM
halide,choose_hints,nussinov,,,illegal,2,MEDIUM
halide,choose_hints,seidel-2d,,,illegal,2,MEDIUM
halide,choose_hints,symm,,,illegal,2,MEDIUM
halide,choose_hints,syr2k,,,illegal,2,MEDIUM
halide,choose_hints,syrk,,,illegal,2,MEDIUM
halide,choose_hints,trisolv,,,illegal,2,MEDIUM
halide,choose_hints,trmm,,,illegal,2,MEDIUM
-- The CXX compiler identification is GNU 15.2.0
-- Detecting CXX compiler ABI info
-- Detecting CXX compiler ABI info - done
-- Check for working CXX compiler: /usr/local/latestgcc/bin/g++ - skipped
-- Detecting CXX compile features
-- Detecting CXX compile features - done
-- Found Python: /home/kleplj/choose_hints/gpt-querying/.venv/bin/python3.9 (found suitable version "3.9.21", minimum required is "3") found components: Interpreter Development.Module
-- Halide 'host' platform triple:   x86-64-linux
-- Halide 'cmake' platform triple:  x86-64-linux
-- Halide default AOT target:       host
-- Found ZLIB: /usr/lib64/libz.so (found version "1.2.11")
-- Could NOT find PNG (missing: PNG_LIBRARY PNG_PNG_INCLUDE_DIR) 
-- Could NOT find JPEG (missing: JPEG_LIBRARY JPEG_INCLUDE_DIR) 
-- Configuring done (0.8s)
-- Generating done (0.8s)
-- Build files have been written to: /home/kleplj/choose_hints/optimization/choose_hints/PolybenchC-Halide/build
[  5%] Building CXX object CMakeFiles/correlation.dir/datamining/correlation/correlation.cpp.o
[  6%] Building CXX object CMakeFiles/covariance.dir/datamining/covariance/covariance.cpp.o
[  6%] Building CXX object CMakeFiles/gemver.dir/linear-algebra/blas/gemver/gemver.cpp.o
[ 13%] Building CXX object CMakeFiles/gemm.dir/linear-algebra/blas/gemm/gemm.cpp.o
[ 13%] Building CXX object CMakeFiles/symm.dir/linear-algebra/blas/symm/symm.cpp.o
[ 13%] Building CXX object CMakeFiles/gesummv.dir/linear-algebra/blas/gesummv/gesummv.cpp.o
[ 20%] Building CXX object CMakeFiles/trmm.dir/linear-algebra/blas/trmm/trmm.cpp.o
[ 20%] Building CXX object CMakeFiles/syrk.dir/linear-algebra/blas/syrk/syrk.cpp.o
[ 20%] Building CXX object CMakeFiles/syr2k.dir/linear-algebra/blas/syr2k/syr2k.cpp.o
[ 36%] Building CXX object CMakeFiles/doitgen.dir/linear-algebra/kernels/doitgen/doitgen.cpp.o
[ 50%] Building CXX object CMakeFiles/bicg.dir/linear-algebra/kernels/bicg/bicg.cpp.o
[ 50%] Building CXX object CMakeFiles/lu.dir/linear-algebra/solvers/lu/lu.cpp.o
[ 50%] Building CXX object CMakeFiles/mvt.dir/linear-algebra/kernels/mvt/mvt.cpp.o
[ 50%] Building CXX object CMakeFiles/trisolv.dir/linear-algebra/solvers/trisolv/trisolv.cpp.o
[ 50%] Building CXX object CMakeFiles/2mm.dir/linear-algebra/kernels/2mm/2mm.cpp.o
[ 50%] Building CXX object CMakeFiles/floyd-warshall.dir/medley/floyd-warshall/floyd-warshall.cpp.o
[ 50%] Building CXX object CMakeFiles/ludcmp.dir/linear-algebra/solvers/ludcmp/ludcmp.cpp.o
[ 50%] Building CXX object CMakeFiles/gramschmidt.dir/linear-algebra/solvers/gramschmidt/gramschmidt.cpp.o
[ 50%] Building CXX object CMakeFiles/3mm.dir/linear-algebra/kernels/3mm/3mm.cpp.o
[ 50%] Building CXX object CMakeFiles/durbin.dir/linear-algebra/solvers/durbin/durbin.cpp.o
[ 50%] Building CXX object CMakeFiles/adi.dir/stencils/adi/adi.cpp.o
[ 50%] Building CXX object CMakeFiles/fdtd-2d.dir/stencils/fdtd-2d/fdtd-2d.cpp.o
[ 50%] Building CXX object CMakeFiles/atax.dir/linear-algebra/kernels/atax/atax.cpp.o
[ 50%] Building CXX object CMakeFiles/cholesky.dir/linear-algebra/solvers/cholesky/cholesky.cpp.o
[ 50%] Building CXX object CMakeFiles/heat-3d.dir/stencils/heat-3d/heat-3d.cpp.o
[ 50%] Building CXX object CMakeFiles/nussinov.dir/medley/nussinov/nussinov.cpp.o
[ 50%] Building CXX object CMakeFiles/deriche.dir/medley/deriche/deriche.cpp.o
[ 50%] Building CXX object CMakeFiles/jacobi-1d.dir/stencils/jacobi-1d/jacobi-1d.cpp.o
[ 50%] Building CXX object CMakeFiles/seidel-2d.dir/stencils/seidel-2d/seidel-2d.cpp.o
[ 50%] Building CXX object CMakeFiles/jacobi-2d.dir/stencils/jacobi-2d/jacobi-2d.cpp.o
[ 51%] Linking CXX executable gemver
[ 53%] Linking CXX executable gramschmidt
[ 55%] Linking CXX executable floyd-warshall
[ 56%] Linking CXX executable jacobi-1d
[ 58%] Linking CXX executable syrk
[ 60%] Linking CXX executable gemm
[ 60%] Built target floyd-warshall
[ 61%] Linking CXX executable symm
[ 61%] Built target jacobi-1d
[ 61%] Built target syrk
[ 61%] Built target gemm
[ 63%] Linking CXX executable 2mm
[ 65%] Linking CXX executable 3mm
[ 65%] Built target symm
[ 66%] Linking CXX executable adi
[ 68%] Linking CXX executable cholesky
[ 68%] Built target 2mm
[ 68%] Built target 3mm
[ 68%] Built target adi
[ 70%] Linking CXX executable jacobi-2d
[ 70%] Built target cholesky
[ 71%] Linking CXX executable deriche
[ 71%] Built target jacobi-2d
[ 73%] Linking CXX executable syr2k
[ 75%] Linking CXX executable gesummv
[ 75%] Built target deriche
[ 75%] Built target syr2k
[ 76%] Linking CXX executable heat-3d
[ 76%] Built target gesummv
[ 78%] Linking CXX executable mvt
[ 80%] Linking CXX executable atax
[ 80%] Built target heat-3d
[ 81%] Linking CXX executable durbin
[ 83%] Linking CXX executable bicg
[ 83%] Built target mvt
[ 83%] Built target atax
[ 85%] Linking CXX executable trisolv
[ 86%] Linking CXX executable lu
[ 86%] Built target durbin
[ 86%] Built target bicg
[ 86%] Built target trisolv
[ 86%] Built target lu
[ 88%] Linking CXX executable nussinov
[ 88%] Built target nussinov
[ 90%] Linking CXX executable ludcmp
[ 90%] Built target ludcmp
halide,choose_hints,2mm,,,illegal,3,MEDIUM
halide,choose_hints,3mm,,,illegal,3,MEDIUM
halide,choose_hints,adi,0.625000,0.125,valid,3,MEDIUM
halide,choose_hints,adi,1,0.624050,3,MEDIUM
halide,choose_hints,adi,2,0.613669,3,MEDIUM
halide,choose_hints,adi,3,0.619011,3,MEDIUM
halide,choose_hints,adi,4,0.611905,3,MEDIUM
halide,choose_hints,adi,5,0.619279,3,MEDIUM
halide,choose_hints,atax,,,illegal,3,MEDIUM
halide,choose_hints,bicg,,,illegal,3,MEDIUM
halide,choose_hints,cholesky,,,illegal,3,MEDIUM
halide,choose_hints,correlation,,,illegal,3,MEDIUM
halide,choose_hints,covariance,,,illegal,3,MEDIUM
halide,choose_hints,deriche,0.071910,0.150,valid,3,MEDIUM
halide,choose_hints,deriche,1,0.071708,3,MEDIUM
halide,choose_hints,deriche,2,0.073031,3,MEDIUM
halide,choose_hints,deriche,3,0.072698,3,MEDIUM
halide,choose_hints,deriche,4,0.071034,3,MEDIUM
halide,choose_hints,deriche,5,0.072900,3,MEDIUM
halide,choose_hints,doitgen,,,illegal,3,MEDIUM
halide,choose_hints,durbin,,,illegal,3,MEDIUM
halide,choose_hints,fdtd-2d,,,illegal,3,MEDIUM
halide,choose_hints,floyd-warshall,0.930118,0.118,valid,3,MEDIUM
halide,choose_hints,floyd-warshall,1,0.985583,3,MEDIUM
halide,choose_hints,floyd-warshall,2,0.941496,3,MEDIUM
halide,choose_hints,floyd-warshall,3,0.897027,3,MEDIUM
halide,choose_hints,floyd-warshall,4,0.890586,3,MEDIUM
halide,choose_hints,floyd-warshall,5,0.896971,3,MEDIUM
halide,choose_hints,gemm,,,illegal,3,MEDIUM
halide,choose_hints,gemver,,,illegal,3,MEDIUM
halide,choose_hints,gesummv,,,illegal,3,MEDIUM
halide,choose_hints,gramschmidt,,,illegal,3,MEDIUM
halide,choose_hints,heat-3d,0.012055,0.992,valid,3,MEDIUM
halide,choose_hints,heat-3d,1,0.012182,3,MEDIUM
halide,choose_hints,heat-3d,2,0.009785,3,MEDIUM
halide,choose_hints,heat-3d,3,0.013098,3,MEDIUM
halide,choose_hints,heat-3d,4,0.013073,3,MEDIUM
halide,choose_hints,heat-3d,5,0.013056,3,MEDIUM
halide,choose_hints,jacobi-1d,0.020404,0.002,valid,3,MEDIUM
halide,choose_hints,jacobi-1d,1,0.040128,3,MEDIUM
halide,choose_hints,jacobi-1d,2,0.041281,3,MEDIUM
halide,choose_hints,jacobi-1d,3,0.021029,3,MEDIUM
halide,choose_hints,jacobi-1d,4,0.024053,3,MEDIUM
halide,choose_hints,jacobi-1d,5,0.027667,3,MEDIUM
halide,choose_hints,jacobi-2d,0.006715,1.564,valid,3,MEDIUM
halide,choose_hints,jacobi-2d,1,0.005399,3,MEDIUM
halide,choose_hints,jacobi-2d,2,0.007359,3,MEDIUM
halide,choose_hints,jacobi-2d,3,0.006803,3,MEDIUM
halide,choose_hints,jacobi-2d,4,0.007303,3,MEDIUM
halide,choose_hints,jacobi-2d,5,0.007406,3,MEDIUM
halide,choose_hints,lu,,,illegal,3,MEDIUM
halide,choose_hints,ludcmp,,,illegal,3,MEDIUM
halide,choose_hints,mvt,,,illegal,3,MEDIUM
halide,choose_hints,nussinov,0.117286,0.511,valid,3,MEDIUM
halide,choose_hints,nussinov,1,0.117787,3,MEDIUM
halide,choose_hints,nussinov,2,0.117145,3,MEDIUM
halide,choose_hints,nussinov,3,0.118763,3,MEDIUM
halide,choose_hints,nussinov,4,0.117783,3,MEDIUM
halide,choose_hints,nussinov,5,0.119703,3,MEDIUM
halide,choose_hints,seidel-2d,,,illegal,3,MEDIUM
halide,choose_hints,symm,0.003949,2.549,valid,3,MEDIUM
halide,choose_hints,symm,1,0.004334,3,MEDIUM
halide,choose_hints,symm,2,0.005180,3,MEDIUM
halide,choose_hints,symm,3,0.004028,3,MEDIUM
halide,choose_hints,symm,4,0.004003,3,MEDIUM
halide,choose_hints,symm,5,0.003637,3,MEDIUM
halide,choose_hints,syr2k,,,illegal,3,MEDIUM
halide,choose_hints,syrk,0.001648,2.157,valid,3,MEDIUM
halide,choose_hints,syrk,1,0.001754,3,MEDIUM
halide,choose_hints,syrk,2,0.002145,3,MEDIUM
halide,choose_hints,syrk,3,0.001326,3,MEDIUM
halide,choose_hints,syrk,4,0.001526,3,MEDIUM
halide,choose_hints,syrk,5,0.001740,3,MEDIUM
halide,choose_hints,trisolv,,,illegal,3,MEDIUM
halide,choose_hints,trmm,,,illegal,3,MEDIUM
-- The CXX compiler identification is GNU 15.2.0
-- Detecting CXX compiler ABI info
-- Detecting CXX compiler ABI info - done
-- Check for working CXX compiler: /usr/local/latestgcc/bin/g++ - skipped
-- Detecting CXX compile features
-- Detecting CXX compile features - done
-- Found Python: /home/kleplj/choose_hints/gpt-querying/.venv/bin/python3.9 (found suitable version "3.9.21", minimum required is "3") found components: Interpreter Development.Module
-- Halide 'host' platform triple:   x86-64-linux
-- Halide 'cmake' platform triple:  x86-64-linux
-- Halide default AOT target:       host
-- Found ZLIB: /usr/lib64/libz.so (found version "1.2.11")
-- Could NOT find PNG (missing: PNG_LIBRARY PNG_PNG_INCLUDE_DIR) 
-- Could NOT find JPEG (missing: JPEG_LIBRARY JPEG_INCLUDE_DIR) 
-- Configuring done (0.8s)
-- Generating done (0.8s)
-- Build files have been written to: /home/kleplj/choose_hints/optimization/choose_hints/PolybenchC-Halide/build
[ 13%] Building CXX object CMakeFiles/correlation.dir/datamining/correlation/correlation.cpp.o
[ 13%] Building CXX object CMakeFiles/gemver.dir/linear-algebra/blas/gemver/gemver.cpp.o
[ 13%] Building CXX object CMakeFiles/gesummv.dir/linear-algebra/blas/gesummv/gesummv.cpp.o
[ 13%] Building CXX object CMakeFiles/syrk.dir/linear-algebra/blas/syrk/syrk.cpp.o
[ 13%] Building CXX object CMakeFiles/covariance.dir/datamining/covariance/covariance.cpp.o
[ 13%] Building CXX object CMakeFiles/gemm.dir/linear-algebra/blas/gemm/gemm.cpp.o
[ 25%] Building CXX object CMakeFiles/atax.dir/linear-algebra/kernels/atax/atax.cpp.o
[ 25%] Building CXX object CMakeFiles/symm.dir/linear-algebra/blas/symm/symm.cpp.o
[ 25%] Building CXX object CMakeFiles/doitgen.dir/linear-algebra/kernels/doitgen/doitgen.cpp.o
[ 25%] Building CXX object CMakeFiles/trmm.dir/linear-algebra/blas/trmm/trmm.cpp.o
[ 25%] Building CXX object CMakeFiles/2mm.dir/linear-algebra/kernels/2mm/2mm.cpp.o
[ 25%] Building CXX object CMakeFiles/syr2k.dir/linear-algebra/blas/syr2k/syr2k.cpp.o
[ 25%] Building CXX object CMakeFiles/3mm.dir/linear-algebra/kernels/3mm/3mm.cpp.o
[ 48%] Building CXX object CMakeFiles/adi.dir/stencils/adi/adi.cpp.o
[ 50%] Building CXX object CMakeFiles/floyd-warshall.dir/medley/floyd-warshall/floyd-warshall.cpp.o
[ 50%] Building CXX object CMakeFiles/gramschmidt.dir/linear-algebra/solvers/gramschmidt/gramschmidt.cpp.o
[ 50%] Building CXX object CMakeFiles/fdtd-2d.dir/stencils/fdtd-2d/fdtd-2d.cpp.o
[ 50%] Building CXX object CMakeFiles/cholesky.dir/linear-algebra/solvers/cholesky/cholesky.cpp.o
[ 50%] Building CXX object CMakeFiles/deriche.dir/medley/deriche/deriche.cpp.o
[ 50%] Building CXX object CMakeFiles/lu.dir/linear-algebra/solvers/lu/lu.cpp.o
[ 50%] Building CXX object CMakeFiles/nussinov.dir/medley/nussinov/nussinov.cpp.o
[ 50%] Building CXX object CMakeFiles/mvt.dir/linear-algebra/kernels/mvt/mvt.cpp.o
[ 50%] Building CXX object CMakeFiles/jacobi-1d.dir/stencils/jacobi-1d/jacobi-1d.cpp.o
[ 50%] Building CXX object CMakeFiles/trisolv.dir/linear-algebra/solvers/trisolv/trisolv.cpp.o
[ 50%] Building CXX object CMakeFiles/ludcmp.dir/linear-algebra/solvers/ludcmp/ludcmp.cpp.o
[ 50%] Building CXX object CMakeFiles/jacobi-2d.dir/stencils/jacobi-2d/jacobi-2d.cpp.o
[ 50%] Building CXX object CMakeFiles/heat-3d.dir/stencils/heat-3d/heat-3d.cpp.o
[ 50%] Building CXX object CMakeFiles/durbin.dir/linear-algebra/solvers/durbin/durbin.cpp.o
[ 50%] Building CXX object CMakeFiles/bicg.dir/linear-algebra/kernels/bicg/bicg.cpp.o
[ 50%] Building CXX object CMakeFiles/seidel-2d.dir/stencils/seidel-2d/seidel-2d.cpp.o
[ 51%] Linking CXX executable gemver
[ 53%] Linking CXX executable gramschmidt
[ 55%] Linking CXX executable adi
[ 55%] Built target adi
[ 56%] Linking CXX executable deriche
[ 58%] Linking CXX executable floyd-warshall
[ 58%] Built target deriche
[ 60%] Linking CXX executable syrk
[ 61%] Linking CXX executable gemm
[ 63%] Linking CXX executable jacobi-1d
[ 63%] Built target floyd-warshall
[ 65%] Linking CXX executable covariance
[ 66%] Linking CXX executable symm
[ 66%] Built target syrk
[ 66%] Built target gemm
[ 68%] Linking CXX executable jacobi-2d
[ 68%] Built target jacobi-1d
[ 68%] Built target covariance
[ 68%] Built target symm
[ 68%] Built target jacobi-2d
[ 70%] Linking CXX executable heat-3d
[ 71%] Linking CXX executable doitgen
[ 71%] Built target heat-3d
[ 73%] Linking CXX executable atax
[ 75%] Linking CXX executable lu
[ 75%] Built target doitgen
[ 76%] Linking CXX executable mvt
[ 78%] Linking CXX executable 3mm
[ 80%] Linking CXX executable gesummv
[ 80%] Built target atax
[ 80%] Built target lu
[ 81%] Linking CXX executable cholesky
[ 81%] Built target mvt
[ 81%] Built target 3mm
[ 81%] Built target gesummv
[ 83%] Linking CXX executable bicg
[ 83%] Built target cholesky
[ 83%] Built target bicg
[ 85%] Linking CXX executable fdtd-2d
[ 86%] Linking CXX executable syr2k
[ 86%] Built target fdtd-2d
[ 86%] Built target syr2k
[ 88%] Linking CXX executable trisolv
[ 90%] Linking CXX executable nussinov
[ 90%] Built target trisolv
[ 90%] Built target nussinov
halide,choose_hints,2mm,,,illegal,4,MEDIUM
halide,choose_hints,3mm,,,illegal,4,MEDIUM
halide,choose_hints,adi,0.074248,1.057,valid,4,MEDIUM
halide,choose_hints,adi,1,0.073668,4,MEDIUM
halide,choose_hints,adi,2,0.073389,4,MEDIUM
halide,choose_hints,adi,3,0.073540,4,MEDIUM
halide,choose_hints,adi,4,0.074339,4,MEDIUM
halide,choose_hints,adi,5,0.073986,4,MEDIUM
halide,choose_hints,atax,,,illegal,4,MEDIUM
halide,choose_hints,bicg,,,illegal,4,MEDIUM
halide,choose_hints,cholesky,,,illegal,4,MEDIUM
halide,choose_hints,correlation,,,illegal,4,MEDIUM
halide,choose_hints,covariance,0.001605,,invalid,4,MEDIUM
halide,choose_hints,deriche,0.017484,0.610,valid,4,MEDIUM
halide,choose_hints,deriche,1,0.017766,4,MEDIUM
halide,choose_hints,deriche,2,0.017596,4,MEDIUM
halide,choose_hints,deriche,3,0.017403,4,MEDIUM
halide,choose_hints,deriche,4,0.017992,4,MEDIUM
halide,choose_hints,deriche,5,0.017789,4,MEDIUM
halide,choose_hints,doitgen,,,illegal,4,MEDIUM
halide,choose_hints,durbin,,,illegal,4,MEDIUM
halide,choose_hints,fdtd-2d,,,illegal,4,MEDIUM
halide,choose_hints,floyd-warshall,0.106041,1.039,valid,4,MEDIUM
halide,choose_hints,floyd-warshall,1,0.101156,4,MEDIUM
halide,choose_hints,floyd-warshall,2,0.112672,4,MEDIUM
halide,choose_hints,floyd-warshall,3,0.092589,4,MEDIUM
halide,choose_hints,floyd-warshall,4,0.033599,4,MEDIUM
halide,choose_hints,floyd-warshall,5,0.099410,4,MEDIUM
halide,choose_hints,gemm,,,illegal,4,MEDIUM
halide,choose_hints,gemver,,,illegal,4,MEDIUM
halide,choose_hints,gesummv,,,illegal,4,MEDIUM
halide,choose_hints,gramschmidt,,,illegal,4,MEDIUM
halide,choose_hints,heat-3d,0.021712,0.546,valid,4,MEDIUM
halide,choose_hints,heat-3d,1,0.021700,4,MEDIUM
halide,choose_hints,heat-3d,2,0.019274,4,MEDIUM
halide,choose_hints,heat-3d,3,0.019777,4,MEDIUM
halide,choose_hints,heat-3d,4,0.021664,4,MEDIUM
halide,choose_hints,heat-3d,5,0.018562,4,MEDIUM
halide,choose_hints,jacobi-1d,,,illegal,4,MEDIUM
halide,choose_hints,jacobi-2d,0.004883,2.206,valid,4,MEDIUM
halide,choose_hints,jacobi-2d,1,0.005759,4,MEDIUM
halide,choose_hints,jacobi-2d,2,0.005623,4,MEDIUM
halide,choose_hints,jacobi-2d,3,0.007775,4,MEDIUM
halide,choose_hints,jacobi-2d,4,0.007192,4,MEDIUM
halide,choose_hints,jacobi-2d,5,0.006515,4,MEDIUM
halide,choose_hints,lu,0.117747,0.262,valid,4,MEDIUM
halide,choose_hints,lu,1,0.117020,4,MEDIUM
halide,choose_hints,lu,2,0.116627,4,MEDIUM
halide,choose_hints,lu,3,0.116661,4,MEDIUM
halide,choose_hints,lu,4,0.118497,4,MEDIUM
halide,choose_hints,lu,5,0.117810,4,MEDIUM
halide,choose_hints,ludcmp,,,illegal,4,MEDIUM
halide,choose_hints,mvt,0.001009,,invalid,4,MEDIUM
halide,choose_hints,nussinov,,,illegal,4,MEDIUM
halide,choose_hints,seidel-2d,,,illegal,4,MEDIUM
halide,choose_hints,symm,0.001422,7.357,valid,4,MEDIUM
halide,choose_hints,symm,1,0.001743,4,MEDIUM
halide,choose_hints,symm,2,0.001398,4,MEDIUM
halide,choose_hints,symm,3,0.001673,4,MEDIUM
halide,choose_hints,symm,4,0.001186,4,MEDIUM
halide,choose_hints,symm,5,0.001155,4,MEDIUM
halide,choose_hints,syr2k,,,illegal,4,MEDIUM
halide,choose_hints,syrk,0.001950,1.800,valid,4,MEDIUM
halide,choose_hints,syrk,1,0.002083,4,MEDIUM
halide,choose_hints,syrk,2,0.001124,4,MEDIUM
halide,choose_hints,syrk,3,0.002019,4,MEDIUM
halide,choose_hints,syrk,4,0.001728,4,MEDIUM
halide,choose_hints,syrk,5,0.001726,4,MEDIUM
halide,choose_hints,trisolv,0.000702,0.188,valid,4,MEDIUM
halide,choose_hints,trisolv,1,0.000688,4,MEDIUM
halide,choose_hints,trisolv,2,0.000704,4,MEDIUM
halide,choose_hints,trisolv,3,0.000720,4,MEDIUM
halide,choose_hints,trisolv,4,0.000697,4,MEDIUM
halide,choose_hints,trisolv,5,0.000688,4,MEDIUM
halide,choose_hints,trmm,,,illegal,4,MEDIUM
-- The CXX compiler identification is GNU 15.2.0
-- Detecting CXX compiler ABI info
-- Detecting CXX compiler ABI info - done
-- Check for working CXX compiler: /usr/local/latestgcc/bin/g++ - skipped
-- Detecting CXX compile features
-- Detecting CXX compile features - done
-- Found Python: /home/kleplj/choose_hints/gpt-querying/.venv/bin/python3.9 (found suitable version "3.9.21", minimum required is "3") found components: Interpreter Development.Module
-- Halide 'host' platform triple:   x86-64-linux
-- Halide 'cmake' platform triple:  x86-64-linux
-- Halide default AOT target:       host
-- Found ZLIB: /usr/lib64/libz.so (found version "1.2.11")
-- Could NOT find PNG (missing: PNG_LIBRARY PNG_PNG_INCLUDE_DIR) 
-- Could NOT find JPEG (missing: JPEG_LIBRARY JPEG_INCLUDE_DIR) 
-- Configuring done (0.8s)
-- Generating done (0.8s)
-- Build files have been written to: /home/kleplj/choose_hints/optimization/choose_hints/PolybenchC-Halide/build
[ 13%] Building CXX object CMakeFiles/correlation.dir/datamining/correlation/correlation.cpp.o
[ 13%] Building CXX object CMakeFiles/gemm.dir/linear-algebra/blas/gemm/gemm.cpp.o
[ 13%] Building CXX object CMakeFiles/gesummv.dir/linear-algebra/blas/gesummv/gesummv.cpp.o
[ 13%] Building CXX object CMakeFiles/covariance.dir/datamining/covariance/covariance.cpp.o
[ 13%] Building CXX object CMakeFiles/gemver.dir/linear-algebra/blas/gemver/gemver.cpp.o
[ 13%] Building CXX object CMakeFiles/symm.dir/linear-algebra/blas/symm/symm.cpp.o
[ 25%] Building CXX object CMakeFiles/bicg.dir/linear-algebra/kernels/bicg/bicg.cpp.o
[ 25%] Building CXX object CMakeFiles/trmm.dir/linear-algebra/blas/trmm/trmm.cpp.o
[ 25%] Building CXX object CMakeFiles/3mm.dir/linear-algebra/kernels/3mm/3mm.cpp.o
[ 25%] Building CXX object CMakeFiles/syr2k.dir/linear-algebra/blas/syr2k/syr2k.cpp.o
[ 25%] Building CXX object CMakeFiles/syrk.dir/linear-algebra/blas/syrk/syrk.cpp.o
[ 25%] Building CXX object CMakeFiles/2mm.dir/linear-algebra/kernels/2mm/2mm.cpp.o
[ 41%] Building CXX object CMakeFiles/doitgen.dir/linear-algebra/kernels/doitgen/doitgen.cpp.o
[ 50%] Building CXX object CMakeFiles/trisolv.dir/linear-algebra/solvers/trisolv/trisolv.cpp.o
[ 50%] Building CXX object CMakeFiles/adi.dir/stencils/adi/adi.cpp.o
[ 50%] Building CXX object CMakeFiles/gramschmidt.dir/linear-algebra/solvers/gramschmidt/gramschmidt.cpp.o
[ 50%] Building CXX object CMakeFiles/deriche.dir/medley/deriche/deriche.cpp.o
[ 50%] Building CXX object CMakeFiles/floyd-warshall.dir/medley/floyd-warshall/floyd-warshall.cpp.o
[ 50%] Building CXX object CMakeFiles/fdtd-2d.dir/stencils/fdtd-2d/fdtd-2d.cpp.o
[ 50%] Building CXX object CMakeFiles/mvt.dir/linear-algebra/kernels/mvt/mvt.cpp.o
[ 50%] Building CXX object CMakeFiles/atax.dir/linear-algebra/kernels/atax/atax.cpp.o
[ 50%] Building CXX object CMakeFiles/heat-3d.dir/stencils/heat-3d/heat-3d.cpp.o
[ 50%] Building CXX object CMakeFiles/nussinov.dir/medley/nussinov/nussinov.cpp.o
[ 50%] Building CXX object CMakeFiles/jacobi-1d.dir/stencils/jacobi-1d/jacobi-1d.cpp.o
[ 50%] Building CXX object CMakeFiles/cholesky.dir/linear-algebra/solvers/cholesky/cholesky.cpp.o
[ 50%] Building CXX object CMakeFiles/lu.dir/linear-algebra/solvers/lu/lu.cpp.o
[ 50%] Building CXX object CMakeFiles/durbin.dir/linear-algebra/solvers/durbin/durbin.cpp.o
[ 50%] Building CXX object CMakeFiles/ludcmp.dir/linear-algebra/solvers/ludcmp/ludcmp.cpp.o
[ 50%] Building CXX object CMakeFiles/jacobi-2d.dir/stencils/jacobi-2d/jacobi-2d.cpp.o
[ 50%] Building CXX object CMakeFiles/seidel-2d.dir/stencils/seidel-2d/seidel-2d.cpp.o
[ 51%] Linking CXX executable gemver
[ 53%] Linking CXX executable gramschmidt
[ 55%] Linking CXX executable deriche
[ 56%] Linking CXX executable floyd-warshall
[ 56%] Built target deriche
[ 58%] Linking CXX executable covariance
[ 58%] Built target floyd-warshall
[ 60%] Linking CXX executable jacobi-1d
[ 61%] Linking CXX executable syr2k
[ 63%] Linking CXX executable gemm
[ 63%] Built target covariance
[ 65%] Linking CXX executable 2mm
[ 65%] Built target jacobi-1d
[ 66%] Linking CXX executable symm
[ 66%] Built target syr2k
[ 66%] Built target gemm
[ 66%] Built target 2mm
[ 68%] Built target symm
[ 68%] Linking CXX executable heat-3d
[ 70%] Linking CXX executable durbin
[ 71%] Linking CXX executable correlation
[ 71%] Built target heat-3d
[ 71%] Built target durbin
[ 71%] Built target correlation
[ 73%] Linking CXX executable doitgen
[ 76%] Linking CXX executable 3mm
[ 76%] Linking CXX executable atax
[ 78%] Linking CXX executable gesummv
[ 80%] Linking CXX executable lu
[ 80%] Built target doitgen
[ 80%] Built target 3mm
[ 81%] Linking CXX executable mvt
[ 81%] Built target atax
[ 81%] Built target gesummv
[ 81%] Built target lu
[ 81%] Built target mvt
[ 83%] Linking CXX executable ludcmp
[ 85%] Linking CXX executable fdtd-2d
[ 85%] Built target ludcmp
[ 85%] Built target fdtd-2d
[ 86%] Linking CXX executable nussinov
[ 86%] Built target nussinov
halide,choose_hints,2mm,,,illegal,5,MEDIUM
halide,choose_hints,3mm,,,illegal,5,MEDIUM
halide,choose_hints,adi,,,illegal,5,MEDIUM
halide,choose_hints,atax,,,illegal,5,MEDIUM
halide,choose_hints,bicg,,,illegal,5,MEDIUM
halide,choose_hints,cholesky,,,illegal,5,MEDIUM
halide,choose_hints,correlation,0.025279,,invalid,5,MEDIUM
halide,choose_hints,covariance,0.003279,3.732,valid,5,MEDIUM
halide,choose_hints,covariance,1,0.003815,5,MEDIUM
halide,choose_hints,covariance,2,0.003033,5,MEDIUM
halide,choose_hints,covariance,3,0.003709,5,MEDIUM
halide,choose_hints,covariance,4,0.003638,5,MEDIUM
halide,choose_hints,covariance,5,0.003088,5,MEDIUM
halide,choose_hints,deriche,0.017307,0.618,valid,5,MEDIUM
halide,choose_hints,deriche,1,0.017938,5,MEDIUM
halide,choose_hints,deriche,2,0.017150,5,MEDIUM
halide,choose_hints,deriche,3,0.017606,5,MEDIUM
halide,choose_hints,deriche,4,0.018561,5,MEDIUM
halide,choose_hints,deriche,5,0.017519,5,MEDIUM
halide,choose_hints,doitgen,,,illegal,5,MEDIUM
halide,choose_hints,durbin,,,illegal,5,MEDIUM
halide,choose_hints,fdtd-2d,0.505916,0.017,valid,5,MEDIUM
halide,choose_hints,fdtd-2d,1,0.519118,5,MEDIUM
halide,choose_hints,fdtd-2d,2,0.519991,5,MEDIUM
halide,choose_hints,fdtd-2d,3,0.502191,5,MEDIUM
halide,choose_hints,fdtd-2d,4,0.501951,5,MEDIUM
halide,choose_hints,fdtd-2d,5,0.540521,5,MEDIUM
halide,choose_hints,floyd-warshall,0.879946,0.125,valid,5,MEDIUM
halide,choose_hints,floyd-warshall,1,0.891026,5,MEDIUM
halide,choose_hints,floyd-warshall,2,0.852477,5,MEDIUM
halide,choose_hints,floyd-warshall,3,0.861449,5,MEDIUM
halide,choose_hints,floyd-warshall,4,0.933096,5,MEDIUM
halide,choose_hints,floyd-warshall,5,0.869634,5,MEDIUM
halide,choose_hints,gemm,,,illegal,5,MEDIUM
halide,choose_hints,gemver,,,illegal,5,MEDIUM
halide,choose_hints,gesummv,,,illegal,5,MEDIUM
halide,choose_hints,gramschmidt,,,illegal,5,MEDIUM
halide,choose_hints,heat-3d,0.958752,0.013,valid,5,MEDIUM
halide,choose_hints,heat-3d,1,0.978755,5,MEDIUM
halide,choose_hints,heat-3d,2,0.895641,5,MEDIUM
halide,choose_hints,heat-3d,3,0.983726,5,MEDIUM
halide,choose_hints,heat-3d,4,0.963254,5,MEDIUM
halide,choose_hints,heat-3d,5,0.977118,5,MEDIUM
halide,choose_hints,jacobi-1d,,,illegal,5,MEDIUM
halide,choose_hints,jacobi-2d,,,illegal,5,MEDIUM
halide,choose_hints,lu,0.164198,0.188,valid,5,MEDIUM
halide,choose_hints,lu,1,0.165051,5,MEDIUM
halide,choose_hints,lu,2,0.166749,5,MEDIUM
halide,choose_hints,lu,3,0.168751,5,MEDIUM
halide,choose_hints,lu,4,0.165409,5,MEDIUM
halide,choose_hints,lu,5,0.164985,5,MEDIUM
halide,choose_hints,ludcmp,,,illegal,5,MEDIUM
halide,choose_hints,mvt,,,illegal,5,MEDIUM
halide,choose_hints,nussinov,,,illegal,5,MEDIUM
halide,choose_hints,seidel-2d,,,illegal,5,MEDIUM
halide,choose_hints,symm,,,illegal,5,MEDIUM
halide,choose_hints,syr2k,,,illegal,5,MEDIUM
halide,choose_hints,syrk,,,illegal,5,MEDIUM
halide,choose_hints,trisolv,,,illegal,5,MEDIUM
halide,choose_hints,trmm,,,illegal,5,MEDIUM
Generated C for 'gemm' in /home/kleplj/choose_hints/optimization/choose_hints/PolybenchC-Exo/build/generated/gemm
Built gemm executable.
Generated C for 'gemver' in /home/kleplj/choose_hints/optimization/choose_hints/PolybenchC-Exo/build/generated/gemver
Built gemver executable.
Generated C for 'gesummv' in /home/kleplj/choose_hints/optimization/choose_hints/PolybenchC-Exo/build/generated/gesummv
Built gesummv executable.
Generated C for 'syr2k' in /home/kleplj/choose_hints/optimization/choose_hints/PolybenchC-Exo/build/generated/syr2k
Generated C for 'syrk' in /home/kleplj/choose_hints/optimization/choose_hints/PolybenchC-Exo/build/generated/syrk
Built syrk executable.
Generated C for 'trmm' in /home/kleplj/choose_hints/optimization/choose_hints/PolybenchC-Exo/build/generated/trmm
Generated C for '2mm' in /home/kleplj/choose_hints/optimization/choose_hints/PolybenchC-Exo/build/generated/2mm
Built 2mm executable.
Generated C for '3mm' in /home/kleplj/choose_hints/optimization/choose_hints/PolybenchC-Exo/build/generated/3mm
Built 3mm executable.
Generated C for 'atax' in /home/kleplj/choose_hints/optimization/choose_hints/PolybenchC-Exo/build/generated/atax
Built atax executable.
Generated C for 'bicg' in /home/kleplj/choose_hints/optimization/choose_hints/PolybenchC-Exo/build/generated/bicg
Built bicg executable.
Generated C for 'doitgen' in /home/kleplj/choose_hints/optimization/choose_hints/PolybenchC-Exo/build/generated/doitgen
Built doitgen executable.
Generated C for 'mvt' in /home/kleplj/choose_hints/optimization/choose_hints/PolybenchC-Exo/build/generated/mvt
Built mvt executable.
Generated C for 'cholesky' in /home/kleplj/choose_hints/optimization/choose_hints/PolybenchC-Exo/build/generated/cholesky
Generated C for 'durbin' in /home/kleplj/choose_hints/optimization/choose_hints/PolybenchC-Exo/build/generated/durbin
Built durbin executable.
Generated C for 'gramschmidt' in /home/kleplj/choose_hints/optimization/choose_hints/PolybenchC-Exo/build/generated/gramschmidt
Built gramschmidt executable.
Generated C for 'lu' in /home/kleplj/choose_hints/optimization/choose_hints/PolybenchC-Exo/build/generated/lu
Built lu executable.
Generated C for 'ludcmp' in /home/kleplj/choose_hints/optimization/choose_hints/PolybenchC-Exo/build/generated/ludcmp
Built ludcmp executable.
Generated C for 'trisolv' in /home/kleplj/choose_hints/optimization/choose_hints/PolybenchC-Exo/build/generated/trisolv
Built trisolv executable.
Generated C for 'correlation' in /home/kleplj/choose_hints/optimization/choose_hints/PolybenchC-Exo/build/generated/correlation
Built correlation executable.
Generated C for 'covariance' in /home/kleplj/choose_hints/optimization/choose_hints/PolybenchC-Exo/build/generated/covariance
Built covariance executable.
Generated C for 'adi' in /home/kleplj/choose_hints/optimization/choose_hints/PolybenchC-Exo/build/generated/adi
Built adi executable.
Generated C for 'jacobi-1d' in /home/kleplj/choose_hints/optimization/choose_hints/PolybenchC-Exo/build/generated/jacobi-1d
Built jacobi-1d executable.
Generated C for 'jacobi-2d' in /home/kleplj/choose_hints/optimization/choose_hints/PolybenchC-Exo/build/generated/jacobi-2d
Built jacobi-2d executable.
Generated C for 'seidel-2d' in /home/kleplj/choose_hints/optimization/choose_hints/PolybenchC-Exo/build/generated/seidel-2d
Built seidel-2d executable.
Generated C for 'floyd-warshall' in /home/kleplj/choose_hints/optimization/choose_hints/PolybenchC-Exo/build/generated/floyd-warshall
Built floyd-warshall executable.
Generated C for 'nussinov' in /home/kleplj/choose_hints/optimization/choose_hints/PolybenchC-Exo/build/generated/nussinov
Built nussinov executable.
Exo build complete. Generated sources in: /home/kleplj/choose_hints/optimization/choose_hints/PolybenchC-Exo/build
Removing temp dir /tmp/slurm.150868/tmp.xwSoIvBkdg
exo,choose_hints,2mm,0.000830,25.539,valid,1,MEDIUM
exo,choose_hints,2mm,1,0.000804,1,MEDIUM
exo,choose_hints,2mm,2,0.000871,1,MEDIUM
exo,choose_hints,2mm,3,0.000885,1,MEDIUM
exo,choose_hints,2mm,4,0.000902,1,MEDIUM
exo,choose_hints,2mm,5,0.000901,1,MEDIUM
exo,choose_hints,3mm,0.001232,26.317,valid,1,MEDIUM
exo,choose_hints,3mm,1,0.001180,1,MEDIUM
exo,choose_hints,3mm,2,0.001272,1,MEDIUM
exo,choose_hints,3mm,3,0.001190,1,MEDIUM
exo,choose_hints,3mm,4,0.001216,1,MEDIUM
exo,choose_hints,3mm,5,0.001236,1,MEDIUM
exo,choose_hints,adi,0.021267,3.670,valid,1,MEDIUM
exo,choose_hints,adi,1,0.022638,1,MEDIUM
exo,choose_hints,adi,2,0.022850,1,MEDIUM
exo,choose_hints,adi,3,0.022317,1,MEDIUM
exo,choose_hints,adi,4,0.022408,1,MEDIUM
exo,choose_hints,adi,5,0.022892,1,MEDIUM
exo,choose_hints,atax,0.000200,1.680,valid,1,MEDIUM
exo,choose_hints,atax,1,0.000201,1,MEDIUM
exo,choose_hints,atax,2,0.000197,1,MEDIUM
exo,choose_hints,atax,3,0.000213,1,MEDIUM
exo,choose_hints,atax,4,0.000198,1,MEDIUM
exo,choose_hints,atax,5,0.000199,1,MEDIUM
exo,choose_hints,bicg,0.000308,1.919,valid,1,MEDIUM
exo,choose_hints,bicg,1,0.000305,1,MEDIUM
exo,choose_hints,bicg,2,0.000289,1,MEDIUM
exo,choose_hints,bicg,3,0.000282,1,MEDIUM
exo,choose_hints,bicg,4,0.000309,1,MEDIUM
exo,choose_hints,bicg,5,0.000282,1,MEDIUM
exo,choose_hints,cholesky,,,illegal,1,MEDIUM
exo,choose_hints,correlation,0.000996,12.446,valid,1,MEDIUM
exo,choose_hints,correlation,1,0.001019,1,MEDIUM
exo,choose_hints,correlation,2,0.000958,1,MEDIUM
exo,choose_hints,correlation,3,0.000954,1,MEDIUM
exo,choose_hints,correlation,4,0.000998,1,MEDIUM
exo,choose_hints,correlation,5,0.000959,1,MEDIUM
exo,choose_hints,covariance,0.000843,14.467,valid,1,MEDIUM
exo,choose_hints,covariance,1,0.000865,1,MEDIUM
exo,choose_hints,covariance,2,0.000809,1,MEDIUM
exo,choose_hints,covariance,3,0.000827,1,MEDIUM
exo,choose_hints,covariance,4,0.000895,1,MEDIUM
exo,choose_hints,covariance,5,0.000871,1,MEDIUM
exo,choose_hints,deriche,,,illegal,1,MEDIUM
exo,choose_hints,doitgen,0.001876,5.020,valid,1,MEDIUM
exo,choose_hints,doitgen,1,0.007387,1,MEDIUM
exo,choose_hints,doitgen,2,0.001803,1,MEDIUM
exo,choose_hints,doitgen,3,0.001590,1,MEDIUM
exo,choose_hints,doitgen,4,0.001296,1,MEDIUM
exo,choose_hints,doitgen,5,0.001716,1,MEDIUM
exo,choose_hints,durbin,0.000176,0.938,valid,1,MEDIUM
exo,choose_hints,durbin,1,0.000176,1,MEDIUM
exo,choose_hints,durbin,2,0.000176,1,MEDIUM
exo,choose_hints,durbin,3,0.000175,1,MEDIUM
exo,choose_hints,durbin,4,0.000176,1,MEDIUM
exo,choose_hints,durbin,5,0.000175,1,MEDIUM
exo,choose_hints,fdtd-2d,,,illegal,1,MEDIUM
exo,choose_hints,floyd-warshall,0.024261,4.514,valid,1,MEDIUM
exo,choose_hints,floyd-warshall,1,0.024308,1,MEDIUM
exo,choose_hints,floyd-warshall,2,0.024838,1,MEDIUM
exo,choose_hints,floyd-warshall,3,0.024565,1,MEDIUM
exo,choose_hints,floyd-warshall,4,0.024634,1,MEDIUM
exo,choose_hints,floyd-warshall,5,0.024773,1,MEDIUM
exo,choose_hints,gemm,0.002343,1.475,valid,1,MEDIUM
exo,choose_hints,gemm,1,0.002341,1,MEDIUM
exo,choose_hints,gemm,2,0.002410,1,MEDIUM
exo,choose_hints,gemm,3,0.002394,1,MEDIUM
exo,choose_hints,gemm,4,0.002358,1,MEDIUM
exo,choose_hints,gemm,5,0.002421,1,MEDIUM
exo,choose_hints,gemver,0.000235,2.962,valid,1,MEDIUM
exo,choose_hints,gemver,1,0.000244,1,MEDIUM
exo,choose_hints,gemver,2,0.000228,1,MEDIUM
exo,choose_hints,gemver,3,0.000228,1,MEDIUM
exo,choose_hints,gemver,4,0.000230,1,MEDIUM
exo,choose_hints,gemver,5,0.000229,1,MEDIUM
exo,choose_hints,gesummv,0.000064,3.531,valid,1,MEDIUM
exo,choose_hints,gesummv,1,0.000064,1,MEDIUM
exo,choose_hints,gesummv,2,0.000065,1,MEDIUM
exo,choose_hints,gesummv,3,0.000065,1,MEDIUM
exo,choose_hints,gesummv,4,0.000064,1,MEDIUM
exo,choose_hints,gesummv,5,0.000063,1,MEDIUM
exo,choose_hints,gramschmidt,0.005134,,invalid,1,MEDIUM
exo,choose_hints,heat-3d,,,illegal,1,MEDIUM
exo,choose_hints,jacobi-1d,0.005024,0.010,valid,1,MEDIUM
exo,choose_hints,jacobi-1d,1,0.005109,1,MEDIUM
exo,choose_hints,jacobi-1d,2,0.005141,1,MEDIUM
exo,choose_hints,jacobi-1d,3,0.005172,1,MEDIUM
exo,choose_hints,jacobi-1d,4,0.005134,1,MEDIUM
exo,choose_hints,jacobi-1d,5,0.005225,1,MEDIUM
exo,choose_hints,jacobi-2d,0.013898,0.737,valid,1,MEDIUM
exo,choose_hints,jacobi-2d,1,0.014027,1,MEDIUM
exo,choose_hints,jacobi-2d,2,0.014069,1,MEDIUM
exo,choose_hints,jacobi-2d,3,0.013867,1,MEDIUM
exo,choose_hints,jacobi-2d,4,0.013831,1,MEDIUM
exo,choose_hints,jacobi-2d,5,0.013929,1,MEDIUM
exo,choose_hints,lu,0.024056,1.282,valid,1,MEDIUM
exo,choose_hints,lu,1,0.024147,1,MEDIUM
exo,choose_hints,lu,2,0.024071,1,MEDIUM
exo,choose_hints,lu,3,0.024129,1,MEDIUM
exo,choose_hints,lu,4,0.024109,1,MEDIUM
exo,choose_hints,lu,5,0.024059,1,MEDIUM
exo,choose_hints,ludcmp,0.030205,0.968,valid,1,MEDIUM
exo,choose_hints,ludcmp,1,0.030131,1,MEDIUM
exo,choose_hints,ludcmp,2,0.030253,1,MEDIUM
exo,choose_hints,ludcmp,3,0.030168,1,MEDIUM
exo,choose_hints,ludcmp,4,0.030202,1,MEDIUM
exo,choose_hints,ludcmp,5,0.030189,1,MEDIUM
exo,choose_hints,mvt,0.000281,1.765,valid,1,MEDIUM
exo,choose_hints,mvt,1,0.000304,1,MEDIUM
exo,choose_hints,mvt,2,0.000303,1,MEDIUM
exo,choose_hints,mvt,3,0.000290,1,MEDIUM
exo,choose_hints,mvt,4,0.000301,1,MEDIUM
exo,choose_hints,mvt,5,0.000273,1,MEDIUM
exo,choose_hints,nussinov,0.058175,1.037,valid,1,MEDIUM
exo,choose_hints,nussinov,1,0.058065,1,MEDIUM
exo,choose_hints,nussinov,2,0.058080,1,MEDIUM
exo,choose_hints,nussinov,3,0.058003,1,MEDIUM
exo,choose_hints,nussinov,4,0.058025,1,MEDIUM
exo,choose_hints,nussinov,5,0.058041,1,MEDIUM
exo,choose_hints,seidel-2d,0.241483,0.883,valid,1,MEDIUM
exo,choose_hints,seidel-2d,1,0.241518,1,MEDIUM
exo,choose_hints,seidel-2d,2,0.241827,1,MEDIUM
exo,choose_hints,seidel-2d,3,0.241822,1,MEDIUM
exo,choose_hints,seidel-2d,4,0.241822,1,MEDIUM
exo,choose_hints,seidel-2d,5,0.241488,1,MEDIUM
exo,choose_hints,symm,,,illegal,1,MEDIUM
exo,choose_hints,syr2k,,,illegal,1,MEDIUM
exo,choose_hints,syrk,0.000647,5.366,valid,1,MEDIUM
exo,choose_hints,syrk,1,0.000660,1,MEDIUM
exo,choose_hints,syrk,2,0.000658,1,MEDIUM
exo,choose_hints,syrk,3,0.000666,1,MEDIUM
exo,choose_hints,syrk,4,0.000654,1,MEDIUM
exo,choose_hints,syrk,5,0.000663,1,MEDIUM
exo,choose_hints,trisolv,0.000129,1.023,valid,1,MEDIUM
exo,choose_hints,trisolv,1,0.000141,1,MEDIUM
exo,choose_hints,trisolv,2,0.000132,1,MEDIUM
exo,choose_hints,trisolv,3,0.000131,1,MEDIUM
exo,choose_hints,trisolv,4,0.000134,1,MEDIUM
exo,choose_hints,trisolv,5,0.000134,1,MEDIUM
exo,choose_hints,trmm,,,illegal,1,MEDIUM
Generated C for 'gemm' in /home/kleplj/choose_hints/optimization/choose_hints/PolybenchC-Exo/build/generated/gemm
Built gemm executable.
Generated C for 'gemver' in /home/kleplj/choose_hints/optimization/choose_hints/PolybenchC-Exo/build/generated/gemver
Built gemver executable.
Generated C for 'gesummv' in /home/kleplj/choose_hints/optimization/choose_hints/PolybenchC-Exo/build/generated/gesummv
Generated C for 'symm' in /home/kleplj/choose_hints/optimization/choose_hints/PolybenchC-Exo/build/generated/symm
Built symm executable.
Generated C for 'syr2k' in /home/kleplj/choose_hints/optimization/choose_hints/PolybenchC-Exo/build/generated/syr2k
Built syr2k executable.
Generated C for 'syrk' in /home/kleplj/choose_hints/optimization/choose_hints/PolybenchC-Exo/build/generated/syrk
Built syrk executable.
Generated C for 'trmm' in /home/kleplj/choose_hints/optimization/choose_hints/PolybenchC-Exo/build/generated/trmm
Built trmm executable.
Generated C for '2mm' in /home/kleplj/choose_hints/optimization/choose_hints/PolybenchC-Exo/build/generated/2mm
Built 2mm executable.
Generated C for '3mm' in /home/kleplj/choose_hints/optimization/choose_hints/PolybenchC-Exo/build/generated/3mm
Built 3mm executable.
Generated C for 'atax' in /home/kleplj/choose_hints/optimization/choose_hints/PolybenchC-Exo/build/generated/atax
Built atax executable.
Generated C for 'bicg' in /home/kleplj/choose_hints/optimization/choose_hints/PolybenchC-Exo/build/generated/bicg
Built bicg executable.
Generated C for 'doitgen' in /home/kleplj/choose_hints/optimization/choose_hints/PolybenchC-Exo/build/generated/doitgen
Built doitgen executable.
Generated C for 'mvt' in /home/kleplj/choose_hints/optimization/choose_hints/PolybenchC-Exo/build/generated/mvt
Built mvt executable.
Generated C for 'cholesky' in /home/kleplj/choose_hints/optimization/choose_hints/PolybenchC-Exo/build/generated/cholesky
Built cholesky executable.
Generated C for 'durbin' in /home/kleplj/choose_hints/optimization/choose_hints/PolybenchC-Exo/build/generated/durbin
Built durbin executable.
Generated C for 'gramschmidt' in /home/kleplj/choose_hints/optimization/choose_hints/PolybenchC-Exo/build/generated/gramschmidt
Built gramschmidt executable.
Generated C for 'lu' in /home/kleplj/choose_hints/optimization/choose_hints/PolybenchC-Exo/build/generated/lu
Built lu executable.
Generated C for 'trisolv' in /home/kleplj/choose_hints/optimization/choose_hints/PolybenchC-Exo/build/generated/trisolv
Built trisolv executable.
Generated C for 'correlation' in /home/kleplj/choose_hints/optimization/choose_hints/PolybenchC-Exo/build/generated/correlation
Built correlation executable.
Generated C for 'covariance' in /home/kleplj/choose_hints/optimization/choose_hints/PolybenchC-Exo/build/generated/covariance
Built covariance executable.
Generated C for 'adi' in /home/kleplj/choose_hints/optimization/choose_hints/PolybenchC-Exo/build/generated/adi
Built adi executable.
Generated C for 'jacobi-2d' in /home/kleplj/choose_hints/optimization/choose_hints/PolybenchC-Exo/build/generated/jacobi-2d
Built jacobi-2d executable.
Generated C for 'deriche' in /home/kleplj/choose_hints/optimization/choose_hints/PolybenchC-Exo/build/generated/deriche
Built deriche executable.
Generated C for 'nussinov' in /home/kleplj/choose_hints/optimization/choose_hints/PolybenchC-Exo/build/generated/nussinov
Built nussinov executable.
Exo build complete. Generated sources in: /home/kleplj/choose_hints/optimization/choose_hints/PolybenchC-Exo/build
Removing temp dir /tmp/slurm.150868/tmp.imCW8i31kP
exo,choose_hints,2mm,0.002629,8.075,valid,2,MEDIUM
exo,choose_hints,2mm,1,0.002684,2,MEDIUM
exo,choose_hints,2mm,2,0.002686,2,MEDIUM
exo,choose_hints,2mm,3,0.002649,2,MEDIUM
exo,choose_hints,2mm,4,0.002641,2,MEDIUM
exo,choose_hints,2mm,5,0.002629,2,MEDIUM
exo,choose_hints,3mm,0.000514,63.070,valid,2,MEDIUM
exo,choose_hints,3mm,1,0.000779,2,MEDIUM
exo,choose_hints,3mm,2,0.000698,2,MEDIUM
exo,choose_hints,3mm,3,0.000667,2,MEDIUM
exo,choose_hints,3mm,4,0.000641,2,MEDIUM
exo,choose_hints,3mm,5,0.000592,2,MEDIUM
exo,choose_hints,adi,0.022265,3.508,valid,2,MEDIUM
exo,choose_hints,adi,1,0.021786,2,MEDIUM
exo,choose_hints,adi,2,0.021239,2,MEDIUM
exo,choose_hints,adi,3,0.021619,2,MEDIUM
exo,choose_hints,adi,4,0.022754,2,MEDIUM
exo,choose_hints,adi,5,0.022704,2,MEDIUM
exo,choose_hints,atax,0.000234,1.487,valid,2,MEDIUM
exo,choose_hints,atax,1,0.000260,2,MEDIUM
exo,choose_hints,atax,2,0.000247,2,MEDIUM
exo,choose_hints,atax,3,0.000232,2,MEDIUM
exo,choose_hints,atax,4,0.000230,2,MEDIUM
exo,choose_hints,atax,5,0.000261,2,MEDIUM
exo,choose_hints,bicg,0.000297,1.943,valid,2,MEDIUM
exo,choose_hints,bicg,1,0.000285,2,MEDIUM
exo,choose_hints,bicg,2,0.000283,2,MEDIUM
exo,choose_hints,bicg,3,0.000282,2,MEDIUM
exo,choose_hints,bicg,4,0.000276,2,MEDIUM
exo,choose_hints,bicg,5,0.000295,2,MEDIUM
exo,choose_hints,cholesky,0.014361,1.064,valid,2,MEDIUM
exo,choose_hints,cholesky,1,0.014383,2,MEDIUM
exo,choose_hints,cholesky,2,0.014370,2,MEDIUM
exo,choose_hints,cholesky,3,0.014376,2,MEDIUM
exo,choose_hints,cholesky,4,0.014366,2,MEDIUM
exo,choose_hints,cholesky,5,0.014337,2,MEDIUM
exo,choose_hints,correlation,0.001163,10.595,valid,2,MEDIUM
exo,choose_hints,correlation,1,0.001121,2,MEDIUM
exo,choose_hints,correlation,2,0.001139,2,MEDIUM
exo,choose_hints,correlation,3,0.001203,2,MEDIUM
exo,choose_hints,correlation,4,0.001085,2,MEDIUM
exo,choose_hints,correlation,5,0.001088,2,MEDIUM
exo,choose_hints,covariance,0.003833,3.212,valid,2,MEDIUM
exo,choose_hints,covariance,1,0.003828,2,MEDIUM
exo,choose_hints,covariance,2,0.003815,2,MEDIUM
exo,choose_hints,covariance,3,0.003824,2,MEDIUM
exo,choose_hints,covariance,4,0.003808,2,MEDIUM
exo,choose_hints,covariance,5,0.003813,2,MEDIUM
exo,choose_hints,deriche,0.003599,2.966,valid,2,MEDIUM
exo,choose_hints,deriche,1,0.003474,2,MEDIUM
exo,choose_hints,deriche,2,0.003483,2,MEDIUM
exo,choose_hints,deriche,3,0.003470,2,MEDIUM
exo,choose_hints,deriche,4,0.003494,2,MEDIUM
exo,choose_hints,deriche,5,0.003528,2,MEDIUM
exo,choose_hints,doitgen,0.002094,4.513,valid,2,MEDIUM
exo,choose_hints,doitgen,1,0.006385,2,MEDIUM
exo,choose_hints,doitgen,2,0.001602,2,MEDIUM
exo,choose_hints,doitgen,3,0.001386,2,MEDIUM
exo,choose_hints,doitgen,4,0.001350,2,MEDIUM
exo,choose_hints,doitgen,5,0.001835,2,MEDIUM
exo,choose_hints,durbin,0.000282,0.585,valid,2,MEDIUM
exo,choose_hints,durbin,1,0.000281,2,MEDIUM
exo,choose_hints,durbin,2,0.000286,2,MEDIUM
exo,choose_hints,durbin,3,0.000281,2,MEDIUM
exo,choose_hints,durbin,4,0.000281,2,MEDIUM
exo,choose_hints,durbin,5,0.000281,2,MEDIUM
exo,choose_hints,fdtd-2d,,,illegal,2,MEDIUM
exo,choose_hints,floyd-warshall,,,illegal,2,MEDIUM
exo,choose_hints,gemm,0.002851,1.211,valid,2,MEDIUM
exo,choose_hints,gemm,1,0.002846,2,MEDIUM
exo,choose_hints,gemm,2,0.002867,2,MEDIUM
exo,choose_hints,gemm,3,0.002872,2,MEDIUM
exo,choose_hints,gemm,4,0.002857,2,MEDIUM
exo,choose_hints,gemm,5,0.002840,2,MEDIUM
exo,choose_hints,gemver,0.000349,2.017,valid,2,MEDIUM
exo,choose_hints,gemver,1,0.000327,2,MEDIUM
exo,choose_hints,gemver,2,0.000295,2,MEDIUM
exo,choose_hints,gemver,3,0.000349,2,MEDIUM
exo,choose_hints,gemver,4,0.000348,2,MEDIUM
exo,choose_hints,gemver,5,0.000349,2,MEDIUM
exo,choose_hints,gesummv,,,illegal,2,MEDIUM
exo,choose_hints,gramschmidt,0.018100,,invalid,2,MEDIUM
exo,choose_hints,heat-3d,,,illegal,2,MEDIUM
exo,choose_hints,jacobi-1d,,,illegal,2,MEDIUM
exo,choose_hints,jacobi-2d,0.013977,0.735,valid,2,MEDIUM
exo,choose_hints,jacobi-2d,1,0.013776,2,MEDIUM
exo,choose_hints,jacobi-2d,2,0.013987,2,MEDIUM
exo,choose_hints,jacobi-2d,3,0.013924,2,MEDIUM
exo,choose_hints,jacobi-2d,4,0.013776,2,MEDIUM
exo,choose_hints,jacobi-2d,5,0.013857,2,MEDIUM
exo,choose_hints,lu,0.034113,0.905,valid,2,MEDIUM
exo,choose_hints,lu,1,0.034243,2,MEDIUM
exo,choose_hints,lu,2,0.034126,2,MEDIUM
exo,choose_hints,lu,3,0.033696,2,MEDIUM
exo,choose_hints,lu,4,0.034424,2,MEDIUM
exo,choose_hints,lu,5,0.034096,2,MEDIUM
exo,choose_hints,ludcmp,,,illegal,2,MEDIUM
exo,choose_hints,mvt,0.000301,1.671,valid,2,MEDIUM
exo,choose_hints,mvt,1,0.000298,2,MEDIUM
exo,choose_hints,mvt,2,0.000281,2,MEDIUM
exo,choose_hints,mvt,3,0.000267,2,MEDIUM
exo,choose_hints,mvt,4,0.000262,2,MEDIUM
exo,choose_hints,mvt,5,0.000264,2,MEDIUM
exo,choose_hints,nussinov,0.012872,4.663,valid,2,MEDIUM
exo,choose_hints,nussinov,1,0.013007,2,MEDIUM
exo,choose_hints,nussinov,2,0.012777,2,MEDIUM
exo,choose_hints,nussinov,3,0.012660,2,MEDIUM
exo,choose_hints,nussinov,4,0.012679,2,MEDIUM
exo,choose_hints,nussinov,5,0.012921,2,MEDIUM
exo,choose_hints,seidel-2d,,,illegal,2,MEDIUM
exo,choose_hints,symm,0.017926,0.569,valid,2,MEDIUM
exo,choose_hints,symm,1,0.017909,2,MEDIUM
exo,choose_hints,symm,2,0.017865,2,MEDIUM
exo,choose_hints,symm,3,0.017919,2,MEDIUM
exo,choose_hints,symm,4,0.017870,2,MEDIUM
exo,choose_hints,symm,5,0.017884,2,MEDIUM
exo,choose_hints,syr2k,0.000361,23.449,valid,2,MEDIUM
exo,choose_hints,syr2k,1,0.000358,2,MEDIUM
exo,choose_hints,syr2k,2,0.000357,2,MEDIUM
exo,choose_hints,syr2k,3,0.000353,2,MEDIUM
exo,choose_hints,syr2k,4,0.000352,2,MEDIUM
exo,choose_hints,syr2k,5,0.000351,2,MEDIUM
exo,choose_hints,syrk,0.000774,4.602,valid,2,MEDIUM
exo,choose_hints,syrk,1,0.000760,2,MEDIUM
exo,choose_hints,syrk,2,0.000756,2,MEDIUM
exo,choose_hints,syrk,3,0.000761,2,MEDIUM
exo,choose_hints,syrk,4,0.000748,2,MEDIUM
exo,choose_hints,syrk,5,0.000790,2,MEDIUM
exo,choose_hints,trisolv,0.000138,0.942,valid,2,MEDIUM
exo,choose_hints,trisolv,1,0.000143,2,MEDIUM
exo,choose_hints,trisolv,2,0.000133,2,MEDIUM
exo,choose_hints,trisolv,3,0.000132,2,MEDIUM
exo,choose_hints,trisolv,4,0.000133,2,MEDIUM
exo,choose_hints,trisolv,5,0.000152,2,MEDIUM
exo,choose_hints,trmm,0.003761,1.889,valid,2,MEDIUM
exo,choose_hints,trmm,1,0.003778,2,MEDIUM
exo,choose_hints,trmm,2,0.003774,2,MEDIUM
exo,choose_hints,trmm,3,0.003787,2,MEDIUM
exo,choose_hints,trmm,4,0.003752,2,MEDIUM
exo,choose_hints,trmm,5,0.003766,2,MEDIUM
Generated C for 'gesummv' in /home/kleplj/choose_hints/optimization/choose_hints/PolybenchC-Exo/build/generated/gesummv
Built gesummv executable.
Generated C for 'symm' in /home/kleplj/choose_hints/optimization/choose_hints/PolybenchC-Exo/build/generated/symm
Built symm executable.
Generated C for 'syr2k' in /home/kleplj/choose_hints/optimization/choose_hints/PolybenchC-Exo/build/generated/syr2k
Built syr2k executable.
Generated C for '2mm' in /home/kleplj/choose_hints/optimization/choose_hints/PolybenchC-Exo/build/generated/2mm
Built 2mm executable.
Generated C for '3mm' in /home/kleplj/choose_hints/optimization/choose_hints/PolybenchC-Exo/build/generated/3mm
Built 3mm executable.
Generated C for 'atax' in /home/kleplj/choose_hints/optimization/choose_hints/PolybenchC-Exo/build/generated/atax
Built atax executable.
Generated C for 'doitgen' in /home/kleplj/choose_hints/optimization/choose_hints/PolybenchC-Exo/build/generated/doitgen
Built doitgen executable.
Generated C for 'mvt' in /home/kleplj/choose_hints/optimization/choose_hints/PolybenchC-Exo/build/generated/mvt
Built mvt executable.
Generated C for 'cholesky' in /home/kleplj/choose_hints/optimization/choose_hints/PolybenchC-Exo/build/generated/cholesky
Built cholesky executable.
Generated C for 'durbin' in /home/kleplj/choose_hints/optimization/choose_hints/PolybenchC-Exo/build/generated/durbin
Built durbin executable.
Generated C for 'gramschmidt' in /home/kleplj/choose_hints/optimization/choose_hints/PolybenchC-Exo/build/generated/gramschmidt
Built gramschmidt executable.
Generated C for 'lu' in /home/kleplj/choose_hints/optimization/choose_hints/PolybenchC-Exo/build/generated/lu
Built lu executable.
Generated C for 'ludcmp' in /home/kleplj/choose_hints/optimization/choose_hints/PolybenchC-Exo/build/generated/ludcmp
Built ludcmp executable.
Generated C for 'trisolv' in /home/kleplj/choose_hints/optimization/choose_hints/PolybenchC-Exo/build/generated/trisolv
Built trisolv executable.
Generated C for 'correlation' in /home/kleplj/choose_hints/optimization/choose_hints/PolybenchC-Exo/build/generated/correlation
Built correlation executable.
Generated C for 'covariance' in /home/kleplj/choose_hints/optimization/choose_hints/PolybenchC-Exo/build/generated/covariance
Built covariance executable.
Generated C for 'adi' in /home/kleplj/choose_hints/optimization/choose_hints/PolybenchC-Exo/build/generated/adi
Built adi executable.
Generated C for 'heat-3d' in /home/kleplj/choose_hints/optimization/choose_hints/PolybenchC-Exo/build/generated/heat-3d
Built heat-3d executable.
Generated C for 'jacobi-1d' in /home/kleplj/choose_hints/optimization/choose_hints/PolybenchC-Exo/build/generated/jacobi-1d
Built jacobi-1d executable.
Generated C for 'nussinov' in /home/kleplj/choose_hints/optimization/choose_hints/PolybenchC-Exo/build/generated/nussinov
Built nussinov executable.
Exo build complete. Generated sources in: /home/kleplj/choose_hints/optimization/choose_hints/PolybenchC-Exo/build
Removing temp dir /tmp/slurm.150868/tmp.ZCWOjLHVBy
exo,choose_hints,2mm,0.000563,37.700,valid,3,MEDIUM
exo,choose_hints,2mm,1,0.000557,3,MEDIUM
exo,choose_hints,2mm,2,0.000567,3,MEDIUM
exo,choose_hints,2mm,3,0.000574,3,MEDIUM
exo,choose_hints,2mm,4,0.000560,3,MEDIUM
exo,choose_hints,2mm,5,0.000560,3,MEDIUM
exo,choose_hints,3mm,0.001153,28.092,valid,3,MEDIUM
exo,choose_hints,3mm,1,0.001138,3,MEDIUM
exo,choose_hints,3mm,2,0.001155,3,MEDIUM
exo,choose_hints,3mm,3,0.001115,3,MEDIUM
exo,choose_hints,3mm,4,0.001143,3,MEDIUM
exo,choose_hints,3mm,5,0.001151,3,MEDIUM
exo,choose_hints,adi,0.021926,,invalid,3,MEDIUM
exo,choose_hints,atax,0.000775,0.432,valid,3,MEDIUM
exo,choose_hints,atax,1,0.000797,3,MEDIUM
exo,choose_hints,atax,2,0.000775,3,MEDIUM
exo,choose_hints,atax,3,0.000789,3,MEDIUM
exo,choose_hints,atax,4,0.000808,3,MEDIUM
exo,choose_hints,atax,5,0.000791,3,MEDIUM
exo,choose_hints,bicg,,,illegal,3,MEDIUM
exo,choose_hints,cholesky,0.014631,1.046,valid,3,MEDIUM
exo,choose_hints,cholesky,1,0.014641,3,MEDIUM
exo,choose_hints,cholesky,2,0.014655,3,MEDIUM
exo,choose_hints,cholesky,3,0.014622,3,MEDIUM
exo,choose_hints,cholesky,4,0.014641,3,MEDIUM
exo,choose_hints,cholesky,5,0.014658,3,MEDIUM
exo,choose_hints,correlation,0.001034,11.998,valid,3,MEDIUM
exo,choose_hints,correlation,1,0.001068,3,MEDIUM
exo,choose_hints,correlation,2,0.001060,3,MEDIUM
exo,choose_hints,correlation,3,0.001025,3,MEDIUM
exo,choose_hints,correlation,4,0.001192,3,MEDIUM
exo,choose_hints,correlation,5,0.001061,3,MEDIUM
exo,choose_hints,covariance,0.000991,12.367,valid,3,MEDIUM
exo,choose_hints,covariance,1,0.001002,3,MEDIUM
exo,choose_hints,covariance,2,0.001061,3,MEDIUM
exo,choose_hints,covariance,3,0.001109,3,MEDIUM
exo,choose_hints,covariance,4,0.001007,3,MEDIUM
exo,choose_hints,covariance,5,0.000930,3,MEDIUM
exo,choose_hints,deriche,,,illegal,3,MEDIUM
exo,choose_hints,doitgen,0.001892,4.957,valid,3,MEDIUM
exo,choose_hints,doitgen,1,0.001791,3,MEDIUM
exo,choose_hints,doitgen,2,0.001738,3,MEDIUM
exo,choose_hints,doitgen,3,0.001462,3,MEDIUM
exo,choose_hints,doitgen,4,0.001528,3,MEDIUM
exo,choose_hints,doitgen,5,0.001963,3,MEDIUM
exo,choose_hints,durbin,0.000238,0.693,valid,3,MEDIUM
exo,choose_hints,durbin,1,0.000230,3,MEDIUM
exo,choose_hints,durbin,2,0.000245,3,MEDIUM
exo,choose_hints,durbin,3,0.000247,3,MEDIUM
exo,choose_hints,durbin,4,0.000237,3,MEDIUM
exo,choose_hints,durbin,5,0.000237,3,MEDIUM
exo,choose_hints,fdtd-2d,,,illegal,3,MEDIUM
exo,choose_hints,floyd-warshall,,,illegal,3,MEDIUM
exo,choose_hints,gemm,,,illegal,3,MEDIUM
exo,choose_hints,gemver,,,illegal,3,MEDIUM
exo,choose_hints,gesummv,0.000089,2.730,valid,3,MEDIUM
exo,choose_hints,gesummv,1,0.000069,3,MEDIUM
exo,choose_hints,gesummv,2,0.000068,3,MEDIUM
exo,choose_hints,gesummv,3,0.000060,3,MEDIUM
exo,choose_hints,gesummv,4,0.000064,3,MEDIUM
exo,choose_hints,gesummv,5,0.000065,3,MEDIUM
exo,choose_hints,gramschmidt,0.030040,,invalid,3,MEDIUM
exo,choose_hints,heat-3d,0.021131,0.565,valid,3,MEDIUM
exo,choose_hints,heat-3d,1,0.020649,3,MEDIUM
exo,choose_hints,heat-3d,2,0.020739,3,MEDIUM
exo,choose_hints,heat-3d,3,0.021093,3,MEDIUM
exo,choose_hints,heat-3d,4,0.021053,3,MEDIUM
exo,choose_hints,heat-3d,5,0.024396,3,MEDIUM
exo,choose_hints,jacobi-1d,0.005162,0.009,valid,3,MEDIUM
exo,choose_hints,jacobi-1d,1,0.005047,3,MEDIUM
exo,choose_hints,jacobi-1d,2,0.005151,3,MEDIUM
exo,choose_hints,jacobi-1d,3,0.005212,3,MEDIUM
exo,choose_hints,jacobi-1d,4,0.005165,3,MEDIUM
exo,choose_hints,jacobi-1d,5,0.005188,3,MEDIUM
exo,choose_hints,jacobi-2d,,,illegal,3,MEDIUM
exo,choose_hints,lu,0.029829,1.035,valid,3,MEDIUM
exo,choose_hints,lu,1,0.029745,3,MEDIUM
exo,choose_hints,lu,2,0.029896,3,MEDIUM
exo,choose_hints,lu,3,0.029739,3,MEDIUM
exo,choose_hints,lu,4,0.029720,3,MEDIUM
exo,choose_hints,lu,5,0.029697,3,MEDIUM
exo,choose_hints,ludcmp,0.036796,0.796,valid,3,MEDIUM
exo,choose_hints,ludcmp,1,0.036784,3,MEDIUM
exo,choose_hints,ludcmp,2,0.036416,3,MEDIUM
exo,choose_hints,ludcmp,3,0.036770,3,MEDIUM
exo,choose_hints,ludcmp,4,0.037055,3,MEDIUM
exo,choose_hints,ludcmp,5,0.036981,3,MEDIUM
exo,choose_hints,mvt,0.000197,2.609,valid,3,MEDIUM
exo,choose_hints,mvt,1,0.000208,3,MEDIUM
exo,choose_hints,mvt,2,0.000208,3,MEDIUM
exo,choose_hints,mvt,3,0.000207,3,MEDIUM
exo,choose_hints,mvt,4,0.000220,3,MEDIUM
exo,choose_hints,mvt,5,0.000220,3,MEDIUM
exo,choose_hints,nussinov,0.022156,2.712,valid,3,MEDIUM
exo,choose_hints,nussinov,1,0.022119,3,MEDIUM
exo,choose_hints,nussinov,2,0.022243,3,MEDIUM
exo,choose_hints,nussinov,3,0.022083,3,MEDIUM
exo,choose_hints,nussinov,4,0.021993,3,MEDIUM
exo,choose_hints,nussinov,5,0.022353,3,MEDIUM
exo,choose_hints,seidel-2d,,,illegal,3,MEDIUM
exo,choose_hints,symm,0.008665,1.202,valid,3,MEDIUM
exo,choose_hints,symm,1,0.008935,3,MEDIUM
exo,choose_hints,symm,2,0.008836,3,MEDIUM
exo,choose_hints,symm,3,0.008778,3,MEDIUM
exo,choose_hints,symm,4,0.008928,3,MEDIUM
exo,choose_hints,symm,5,0.008968,3,MEDIUM
exo,choose_hints,syr2k,0.000426,19.995,valid,3,MEDIUM
exo,choose_hints,syr2k,1,0.000416,3,MEDIUM
exo,choose_hints,syr2k,2,0.000385,3,MEDIUM
exo,choose_hints,syr2k,3,0.000403,3,MEDIUM
exo,choose_hints,syr2k,4,0.000398,3,MEDIUM
exo,choose_hints,syr2k,5,0.000398,3,MEDIUM
exo,choose_hints,syrk,,,illegal,3,MEDIUM
exo,choose_hints,trisolv,0.000136,0.978,valid,3,MEDIUM
exo,choose_hints,trisolv,1,0.000140,3,MEDIUM
exo,choose_hints,trisolv,2,0.000136,3,MEDIUM
exo,choose_hints,trisolv,3,0.000136,3,MEDIUM
exo,choose_hints,trisolv,4,0.000134,3,MEDIUM
exo,choose_hints,trisolv,5,0.000147,3,MEDIUM
exo,choose_hints,trmm,,,illegal,3,MEDIUM
Generated C for 'gemm' in /home/kleplj/choose_hints/optimization/choose_hints/PolybenchC-Exo/build/generated/gemm
Built gemm executable.
Generated C for 'gesummv' in /home/kleplj/choose_hints/optimization/choose_hints/PolybenchC-Exo/build/generated/gesummv
Built gesummv executable.
Generated C for 'symm' in /home/kleplj/choose_hints/optimization/choose_hints/PolybenchC-Exo/build/generated/symm
Built symm executable.
Generated C for 'syr2k' in /home/kleplj/choose_hints/optimization/choose_hints/PolybenchC-Exo/build/generated/syr2k
Built syr2k executable.
Generated C for 'syrk' in /home/kleplj/choose_hints/optimization/choose_hints/PolybenchC-Exo/build/generated/syrk
Built syrk executable.
Generated C for 'trmm' in /home/kleplj/choose_hints/optimization/choose_hints/PolybenchC-Exo/build/generated/trmm
Built trmm executable.
Generated C for '2mm' in /home/kleplj/choose_hints/optimization/choose_hints/PolybenchC-Exo/build/generated/2mm
Built 2mm executable.
Generated C for '3mm' in /home/kleplj/choose_hints/optimization/choose_hints/PolybenchC-Exo/build/generated/3mm
Built 3mm executable.
Generated C for 'atax' in /home/kleplj/choose_hints/optimization/choose_hints/PolybenchC-Exo/build/generated/atax
Built atax executable.
Generated C for 'bicg' in /home/kleplj/choose_hints/optimization/choose_hints/PolybenchC-Exo/build/generated/bicg
Built bicg executable.
Generated C for 'doitgen' in /home/kleplj/choose_hints/optimization/choose_hints/PolybenchC-Exo/build/generated/doitgen
Built doitgen executable.
Generated C for 'mvt' in /home/kleplj/choose_hints/optimization/choose_hints/PolybenchC-Exo/build/generated/mvt
Built mvt executable.
Generated C for 'cholesky' in /home/kleplj/choose_hints/optimization/choose_hints/PolybenchC-Exo/build/generated/cholesky
Built cholesky executable.
Generated C for 'durbin' in /home/kleplj/choose_hints/optimization/choose_hints/PolybenchC-Exo/build/generated/durbin
Built durbin executable.
Generated C for 'ludcmp' in /home/kleplj/choose_hints/optimization/choose_hints/PolybenchC-Exo/build/generated/ludcmp
Built ludcmp executable.
Generated C for 'trisolv' in /home/kleplj/choose_hints/optimization/choose_hints/PolybenchC-Exo/build/generated/trisolv
Generated C for 'correlation' in /home/kleplj/choose_hints/optimization/choose_hints/PolybenchC-Exo/build/generated/correlation
Built correlation executable.
Generated C for 'adi' in /home/kleplj/choose_hints/optimization/choose_hints/PolybenchC-Exo/build/generated/adi
Built adi executable.
Generated C for 'fdtd-2d' in /home/kleplj/choose_hints/optimization/choose_hints/PolybenchC-Exo/build/generated/fdtd-2d
Built fdtd-2d executable.
Generated C for 'heat-3d' in /home/kleplj/choose_hints/optimization/choose_hints/PolybenchC-Exo/build/generated/heat-3d
Built heat-3d executable.
Generated C for 'jacobi-1d' in /home/kleplj/choose_hints/optimization/choose_hints/PolybenchC-Exo/build/generated/jacobi-1d
Built jacobi-1d executable.
Generated C for 'jacobi-2d' in /home/kleplj/choose_hints/optimization/choose_hints/PolybenchC-Exo/build/generated/jacobi-2d
Built jacobi-2d executable.
Generated C for 'floyd-warshall' in /home/kleplj/choose_hints/optimization/choose_hints/PolybenchC-Exo/build/generated/floyd-warshall
Built floyd-warshall executable.
Generated C for 'nussinov' in /home/kleplj/choose_hints/optimization/choose_hints/PolybenchC-Exo/build/generated/nussinov
Built nussinov executable.
Exo build complete. Generated sources in: /home/kleplj/choose_hints/optimization/choose_hints/PolybenchC-Exo/build
Removing temp dir /tmp/slurm.150868/tmp.OlVROsQgy1
exo,choose_hints,2mm,0.000927,22.921,valid,4,MEDIUM
exo,choose_hints,2mm,1,0.000932,4,MEDIUM
exo,choose_hints,2mm,2,0.000931,4,MEDIUM
exo,choose_hints,2mm,3,0.000937,4,MEDIUM
exo,choose_hints,2mm,4,0.000934,4,MEDIUM
exo,choose_hints,2mm,5,0.000925,4,MEDIUM
exo,choose_hints,3mm,0.000507,70.130,valid,4,MEDIUM
exo,choose_hints,3mm,1,0.000803,4,MEDIUM
exo,choose_hints,3mm,2,0.000581,4,MEDIUM
exo,choose_hints,3mm,3,0.000561,4,MEDIUM
exo,choose_hints,3mm,4,0.000768,4,MEDIUM
exo,choose_hints,3mm,5,0.000732,4,MEDIUM
exo,choose_hints,adi,0.021651,3.622,valid,4,MEDIUM
exo,choose_hints,adi,1,0.022929,4,MEDIUM
exo,choose_hints,adi,2,0.022393,4,MEDIUM
exo,choose_hints,adi,3,0.022704,4,MEDIUM
exo,choose_hints,adi,4,0.022347,4,MEDIUM
exo,choose_hints,adi,5,0.022577,4,MEDIUM
exo,choose_hints,atax,0.000246,1.358,valid,4,MEDIUM
exo,choose_hints,atax,1,0.000250,4,MEDIUM
exo,choose_hints,atax,2,0.000245,4,MEDIUM
exo,choose_hints,atax,3,0.000243,4,MEDIUM
exo,choose_hints,atax,4,0.000305,4,MEDIUM
exo,choose_hints,atax,5,0.000244,4,MEDIUM
exo,choose_hints,bicg,0.000633,0.913,valid,4,MEDIUM
exo,choose_hints,bicg,1,0.000612,4,MEDIUM
exo,choose_hints,bicg,2,0.000628,4,MEDIUM
exo,choose_hints,bicg,3,0.000626,4,MEDIUM
exo,choose_hints,bicg,4,0.000622,4,MEDIUM
exo,choose_hints,bicg,5,0.000621,4,MEDIUM
exo,choose_hints,cholesky,0.015473,0.988,valid,4,MEDIUM
exo,choose_hints,cholesky,1,0.015473,4,MEDIUM
exo,choose_hints,cholesky,2,0.015468,4,MEDIUM
exo,choose_hints,cholesky,3,0.015469,4,MEDIUM
exo,choose_hints,cholesky,4,0.015467,4,MEDIUM
exo,choose_hints,cholesky,5,0.015517,4,MEDIUM
exo,choose_hints,correlation,0.000962,12.791,valid,4,MEDIUM
exo,choose_hints,correlation,1,0.000924,4,MEDIUM
exo,choose_hints,correlation,2,0.000950,4,MEDIUM
exo,choose_hints,correlation,3,0.000927,4,MEDIUM
exo,choose_hints,correlation,4,0.000982,4,MEDIUM
exo,choose_hints,correlation,5,0.000952,4,MEDIUM
exo,choose_hints,covariance,,,illegal,4,MEDIUM
exo,choose_hints,deriche,,,illegal,4,MEDIUM
exo,choose_hints,doitgen,0.002580,3.650,valid,4,MEDIUM
exo,choose_hints,doitgen,1,0.002596,4,MEDIUM
exo,choose_hints,doitgen,2,0.002605,4,MEDIUM
exo,choose_hints,doitgen,3,0.002577,4,MEDIUM
exo,choose_hints,doitgen,4,0.002597,4,MEDIUM
exo,choose_hints,doitgen,5,0.002581,4,MEDIUM
exo,choose_hints,durbin,0.074750,0.002,valid,4,MEDIUM
exo,choose_hints,durbin,1,0.075362,4,MEDIUM
exo,choose_hints,durbin,2,0.075675,4,MEDIUM
exo,choose_hints,durbin,3,0.074516,4,MEDIUM
exo,choose_hints,durbin,4,0.076353,4,MEDIUM
exo,choose_hints,durbin,5,0.073720,4,MEDIUM
exo,choose_hints,fdtd-2d,0.016979,0.498,valid,4,MEDIUM
exo,choose_hints,fdtd-2d,1,0.017098,4,MEDIUM
exo,choose_hints,fdtd-2d,2,0.017133,4,MEDIUM
exo,choose_hints,fdtd-2d,3,0.017182,4,MEDIUM
exo,choose_hints,fdtd-2d,4,0.017241,4,MEDIUM
exo,choose_hints,fdtd-2d,5,0.016973,4,MEDIUM
exo,choose_hints,floyd-warshall,0.019241,5.696,valid,4,MEDIUM
exo,choose_hints,floyd-warshall,1,0.019412,4,MEDIUM
exo,choose_hints,floyd-warshall,2,0.019250,4,MEDIUM
exo,choose_hints,floyd-warshall,3,0.018675,4,MEDIUM
exo,choose_hints,floyd-warshall,4,0.021617,4,MEDIUM
exo,choose_hints,floyd-warshall,5,0.019976,4,MEDIUM
exo,choose_hints,gemm,0.000196,17.566,valid,4,MEDIUM
exo,choose_hints,gemm,1,0.000200,4,MEDIUM
exo,choose_hints,gemm,2,0.000199,4,MEDIUM
exo,choose_hints,gemm,3,0.000196,4,MEDIUM
exo,choose_hints,gemm,4,0.000201,4,MEDIUM
exo,choose_hints,gemm,5,0.000197,4,MEDIUM
exo,choose_hints,gemver,,,illegal,4,MEDIUM
exo,choose_hints,gesummv,0.000066,3.455,valid,4,MEDIUM
exo,choose_hints,gesummv,1,0.000081,4,MEDIUM
exo,choose_hints,gesummv,2,0.000064,4,MEDIUM
exo,choose_hints,gesummv,3,0.000065,4,MEDIUM
exo,choose_hints,gesummv,4,0.000066,4,MEDIUM
exo,choose_hints,gesummv,5,0.000060,4,MEDIUM
exo,choose_hints,gramschmidt,,,illegal,4,MEDIUM
exo,choose_hints,heat-3d,0.020944,0.573,valid,4,MEDIUM
exo,choose_hints,heat-3d,1,0.020648,4,MEDIUM
exo,choose_hints,heat-3d,2,0.021143,4,MEDIUM
exo,choose_hints,heat-3d,3,0.021418,4,MEDIUM
exo,choose_hints,heat-3d,4,0.021096,4,MEDIUM
exo,choose_hints,heat-3d,5,0.021200,4,MEDIUM
exo,choose_hints,jacobi-1d,0.005047,0.010,valid,4,MEDIUM
exo,choose_hints,jacobi-1d,1,0.005221,4,MEDIUM
exo,choose_hints,jacobi-1d,2,0.005152,4,MEDIUM
exo,choose_hints,jacobi-1d,3,0.005249,4,MEDIUM
exo,choose_hints,jacobi-1d,4,0.005220,4,MEDIUM
exo,choose_hints,jacobi-1d,5,0.005203,4,MEDIUM
exo,choose_hints,jacobi-2d,0.006737,1.563,valid,4,MEDIUM
exo,choose_hints,jacobi-2d,1,0.006632,4,MEDIUM
exo,choose_hints,jacobi-2d,2,0.006705,4,MEDIUM
exo,choose_hints,jacobi-2d,3,0.006886,4,MEDIUM
exo,choose_hints,jacobi-2d,4,0.006700,4,MEDIUM
exo,choose_hints,jacobi-2d,5,0.006583,4,MEDIUM
exo,choose_hints,lu,,,illegal,4,MEDIUM
exo,choose_hints,ludcmp,0.022499,1.302,valid,4,MEDIUM
exo,choose_hints,ludcmp,1,0.022574,4,MEDIUM
exo,choose_hints,ludcmp,2,0.022673,4,MEDIUM
exo,choose_hints,ludcmp,3,0.022515,4,MEDIUM
exo,choose_hints,ludcmp,4,0.022678,4,MEDIUM
exo,choose_hints,ludcmp,5,0.022571,4,MEDIUM
exo,choose_hints,mvt,0.000249,2.012,valid,4,MEDIUM
exo,choose_hints,mvt,1,0.000248,4,MEDIUM
exo,choose_hints,mvt,2,0.000247,4,MEDIUM
exo,choose_hints,mvt,3,0.000262,4,MEDIUM
exo,choose_hints,mvt,4,0.000246,4,MEDIUM
exo,choose_hints,mvt,5,0.000263,4,MEDIUM
exo,choose_hints,nussinov,0.012758,4.706,valid,4,MEDIUM
exo,choose_hints,nussinov,1,0.012693,4,MEDIUM
exo,choose_hints,nussinov,2,0.012707,4,MEDIUM
exo,choose_hints,nussinov,3,0.012861,4,MEDIUM
exo,choose_hints,nussinov,4,0.012801,4,MEDIUM
exo,choose_hints,nussinov,5,0.012900,4,MEDIUM
exo,choose_hints,seidel-2d,,,illegal,4,MEDIUM
exo,choose_hints,symm,0.018006,0.567,valid,4,MEDIUM
exo,choose_hints,symm,1,0.017796,4,MEDIUM
exo,choose_hints,symm,2,0.018223,4,MEDIUM
exo,choose_hints,symm,3,0.018100,4,MEDIUM
exo,choose_hints,symm,4,0.018477,4,MEDIUM
exo,choose_hints,symm,5,0.017963,4,MEDIUM
exo,choose_hints,syr2k,0.000406,20.764,valid,4,MEDIUM
exo,choose_hints,syr2k,1,0.000412,4,MEDIUM
exo,choose_hints,syr2k,2,0.000406,4,MEDIUM
exo,choose_hints,syr2k,3,0.000378,4,MEDIUM
exo,choose_hints,syr2k,4,0.000398,4,MEDIUM
exo,choose_hints,syr2k,5,0.000399,4,MEDIUM
exo,choose_hints,syrk,0.000210,16.595,valid,4,MEDIUM
exo,choose_hints,syrk,1,0.000208,4,MEDIUM
exo,choose_hints,syrk,2,0.000215,4,MEDIUM
exo,choose_hints,syrk,3,0.000216,4,MEDIUM
exo,choose_hints,syrk,4,0.000220,4,MEDIUM
exo,choose_hints,syrk,5,0.000202,4,MEDIUM
exo,choose_hints,trisolv,,,illegal,4,MEDIUM
exo,choose_hints,trmm,0.001689,4.217,valid,4,MEDIUM
exo,choose_hints,trmm,1,0.001690,4,MEDIUM
exo,choose_hints,trmm,2,0.001692,4,MEDIUM
exo,choose_hints,trmm,3,0.001686,4,MEDIUM
exo,choose_hints,trmm,4,0.001683,4,MEDIUM
exo,choose_hints,trmm,5,0.001687,4,MEDIUM
Generated C for 'gesummv' in /home/kleplj/choose_hints/optimization/choose_hints/PolybenchC-Exo/build/generated/gesummv
Built gesummv executable.
Generated C for 'syr2k' in /home/kleplj/choose_hints/optimization/choose_hints/PolybenchC-Exo/build/generated/syr2k
Built syr2k executable.
Generated C for 'syrk' in /home/kleplj/choose_hints/optimization/choose_hints/PolybenchC-Exo/build/generated/syrk
Built syrk executable.
Generated C for '2mm' in /home/kleplj/choose_hints/optimization/choose_hints/PolybenchC-Exo/build/generated/2mm
Built 2mm executable.
Generated C for 'atax' in /home/kleplj/choose_hints/optimization/choose_hints/PolybenchC-Exo/build/generated/atax
Built atax executable.
Generated C for 'bicg' in /home/kleplj/choose_hints/optimization/choose_hints/PolybenchC-Exo/build/generated/bicg
Built bicg executable.
Generated C for 'mvt' in /home/kleplj/choose_hints/optimization/choose_hints/PolybenchC-Exo/build/generated/mvt
Built mvt executable.
Generated C for 'cholesky' in /home/kleplj/choose_hints/optimization/choose_hints/PolybenchC-Exo/build/generated/cholesky
Built cholesky executable.
Generated C for 'durbin' in /home/kleplj/choose_hints/optimization/choose_hints/PolybenchC-Exo/build/generated/durbin
Generated C for 'gramschmidt' in /home/kleplj/choose_hints/optimization/choose_hints/PolybenchC-Exo/build/generated/gramschmidt
Built gramschmidt executable.
Generated C for 'trisolv' in /home/kleplj/choose_hints/optimization/choose_hints/PolybenchC-Exo/build/generated/trisolv
Built trisolv executable.
Generated C for 'correlation' in /home/kleplj/choose_hints/optimization/choose_hints/PolybenchC-Exo/build/generated/correlation
Built correlation executable.
Generated C for 'covariance' in /home/kleplj/choose_hints/optimization/choose_hints/PolybenchC-Exo/build/generated/covariance
Built covariance executable.
Generated C for 'adi' in /home/kleplj/choose_hints/optimization/choose_hints/PolybenchC-Exo/build/generated/adi
Built adi executable.
Generated C for 'fdtd-2d' in /home/kleplj/choose_hints/optimization/choose_hints/PolybenchC-Exo/build/generated/fdtd-2d
Generated C for 'jacobi-1d' in /home/kleplj/choose_hints/optimization/choose_hints/PolybenchC-Exo/build/generated/jacobi-1d
Built jacobi-1d executable.
Generated C for 'nussinov' in /home/kleplj/choose_hints/optimization/choose_hints/PolybenchC-Exo/build/generated/nussinov
Built nussinov executable.
Exo build complete. Generated sources in: /home/kleplj/choose_hints/optimization/choose_hints/PolybenchC-Exo/build
Removing temp dir /tmp/slurm.150868/tmp.es7VOAyxw0
exo,choose_hints,2mm,0.000425,50.005,valid,5,MEDIUM
exo,choose_hints,2mm,1,0.000412,5,MEDIUM
exo,choose_hints,2mm,2,0.000454,5,MEDIUM
exo,choose_hints,2mm,3,0.000458,5,MEDIUM
exo,choose_hints,2mm,4,0.000435,5,MEDIUM
exo,choose_hints,2mm,5,0.000459,5,MEDIUM
exo,choose_hints,3mm,,,illegal,5,MEDIUM
exo,choose_hints,adi,0.022218,3.538,valid,5,MEDIUM
exo,choose_hints,adi,1,0.022593,5,MEDIUM
exo,choose_hints,adi,2,0.022399,5,MEDIUM
exo,choose_hints,adi,3,0.021856,5,MEDIUM
exo,choose_hints,adi,4,0.022779,5,MEDIUM
exo,choose_hints,adi,5,0.022356,5,MEDIUM
exo,choose_hints,atax,0.000332,1.015,valid,5,MEDIUM
exo,choose_hints,atax,1,0.000339,5,MEDIUM
exo,choose_hints,atax,2,0.000329,5,MEDIUM
exo,choose_hints,atax,3,0.000312,5,MEDIUM
exo,choose_hints,atax,4,0.000316,5,MEDIUM
exo,choose_hints,atax,5,0.000334,5,MEDIUM
exo,choose_hints,bicg,0.000621,0.928,valid,5,MEDIUM
exo,choose_hints,bicg,1,0.000644,5,MEDIUM
exo,choose_hints,bicg,2,0.000623,5,MEDIUM
exo,choose_hints,bicg,3,0.000641,5,MEDIUM
exo,choose_hints,bicg,4,0.000642,5,MEDIUM
exo,choose_hints,bicg,5,0.000642,5,MEDIUM
exo,choose_hints,cholesky,0.014471,1.056,valid,5,MEDIUM
exo,choose_hints,cholesky,1,0.014471,5,MEDIUM
exo,choose_hints,cholesky,2,0.014453,5,MEDIUM
exo,choose_hints,cholesky,3,0.014457,5,MEDIUM
exo,choose_hints,cholesky,4,0.014461,5,MEDIUM
exo,choose_hints,cholesky,5,0.014459,5,MEDIUM
exo,choose_hints,correlation,0.001176,10.502,valid,5,MEDIUM
exo,choose_hints,correlation,1,0.001233,5,MEDIUM
exo,choose_hints,correlation,2,0.001096,5,MEDIUM
exo,choose_hints,correlation,3,0.001166,5,MEDIUM
exo,choose_hints,correlation,4,0.001302,5,MEDIUM
exo,choose_hints,correlation,5,0.001236,5,MEDIUM
exo,choose_hints,covariance,0.000971,12.604,valid,5,MEDIUM
exo,choose_hints,covariance,1,0.000987,5,MEDIUM
exo,choose_hints,covariance,2,0.000998,5,MEDIUM
exo,choose_hints,covariance,3,0.001092,5,MEDIUM
exo,choose_hints,covariance,4,0.001105,5,MEDIUM
exo,choose_hints,covariance,5,0.000954,5,MEDIUM
exo,choose_hints,deriche,,,illegal,5,MEDIUM
exo,choose_hints,doitgen,,,illegal,5,MEDIUM
exo,choose_hints,durbin,,,illegal,5,MEDIUM
exo,choose_hints,fdtd-2d,,,illegal,5,MEDIUM
exo,choose_hints,floyd-warshall,,,illegal,5,MEDIUM
exo,choose_hints,gemm,,,illegal,5,MEDIUM
exo,choose_hints,gemver,,,illegal,5,MEDIUM
exo,choose_hints,gesummv,0.000064,3.578,valid,5,MEDIUM
exo,choose_hints,gesummv,1,0.000131,5,MEDIUM
exo,choose_hints,gesummv,2,0.000060,5,MEDIUM
exo,choose_hints,gesummv,3,0.000064,5,MEDIUM
exo,choose_hints,gesummv,4,0.000061,5,MEDIUM
exo,choose_hints,gesummv,5,0.000058,5,MEDIUM
exo,choose_hints,gramschmidt,0.032802,,invalid,5,MEDIUM
exo,choose_hints,heat-3d,,,illegal,5,MEDIUM
exo,choose_hints,jacobi-1d,0.005892,0.008,valid,5,MEDIUM
exo,choose_hints,jacobi-1d,1,0.005081,5,MEDIUM
exo,choose_hints,jacobi-1d,2,0.005281,5,MEDIUM
exo,choose_hints,jacobi-1d,3,0.005146,5,MEDIUM
exo,choose_hints,jacobi-1d,4,0.005149,5,MEDIUM
exo,choose_hints,jacobi-1d,5,0.005111,5,MEDIUM
exo,choose_hints,jacobi-2d,,,illegal,5,MEDIUM
exo,choose_hints,lu,,,illegal,5,MEDIUM
exo,choose_hints,ludcmp,,,illegal,5,MEDIUM
exo,choose_hints,mvt,0.000207,2.498,valid,5,MEDIUM
exo,choose_hints,mvt,1,0.000203,5,MEDIUM
exo,choose_hints,mvt,2,0.000208,5,MEDIUM
exo,choose_hints,mvt,3,0.000229,5,MEDIUM
exo,choose_hints,mvt,4,0.000200,5,MEDIUM
exo,choose_hints,mvt,5,0.000199,5,MEDIUM
exo,choose_hints,nussinov,0.012557,4.783,valid,5,MEDIUM
exo,choose_hints,nussinov,1,0.012627,5,MEDIUM
exo,choose_hints,nussinov,2,0.012845,5,MEDIUM
exo,choose_hints,nussinov,3,0.012810,5,MEDIUM
exo,choose_hints,nussinov,4,0.012711,5,MEDIUM
exo,choose_hints,nussinov,5,0.012910,5,MEDIUM
exo,choose_hints,seidel-2d,,,illegal,5,MEDIUM
exo,choose_hints,symm,,,illegal,5,MEDIUM
exo,choose_hints,syr2k,0.000423,20.007,valid,5,MEDIUM
exo,choose_hints,syr2k,1,0.000399,5,MEDIUM
exo,choose_hints,syr2k,2,0.000417,5,MEDIUM
exo,choose_hints,syr2k,3,0.000421,5,MEDIUM
exo,choose_hints,syr2k,4,0.000417,5,MEDIUM
exo,choose_hints,syr2k,5,0.000406,5,MEDIUM
exo,choose_hints,syrk,0.001077,3.240,valid,5,MEDIUM
exo,choose_hints,syrk,1,0.001104,5,MEDIUM
exo,choose_hints,syrk,2,0.001068,5,MEDIUM
exo,choose_hints,syrk,3,0.001074,5,MEDIUM
exo,choose_hints,syrk,4,0.001078,5,MEDIUM
exo,choose_hints,syrk,5,0.001066,5,MEDIUM
exo,choose_hints,trisolv,0.000129,1.047,valid,5,MEDIUM
exo,choose_hints,trisolv,1,0.000134,5,MEDIUM
exo,choose_hints,trisolv,2,0.000127,5,MEDIUM
exo,choose_hints,trisolv,3,0.000123,5,MEDIUM
exo,choose_hints,trisolv,4,0.000123,5,MEDIUM
exo,choose_hints,trisolv,5,0.000127,5,MEDIUM
exo,choose_hints,trmm,,,illegal,5,MEDIUM
-- The C compiler identification is GNU 15.2.0
-- Detecting C compiler ABI info
-- Detecting C compiler ABI info - done
-- Check for working C compiler: /usr/local/latestgcc/bin/gcc - skipped
-- Detecting C compile features
-- Detecting C compile features - done
-- Configuring done (0.4s)
-- Generating done (0.8s)
-- Build files have been written to: /home/kleplj/choose_hints/optimization/choose_hints/PolybenchC-4.2.1/build
[  7%] Building C object CMakeFiles/correlation.dir/datamining/correlation/correlation.c.o
[  7%] Building C object CMakeFiles/lu.dir/linear-algebra/solvers/lu/lu.c.o
[  7%] Building C object CMakeFiles/covariance.dir/datamining/covariance/covariance.c.o
[  7%] Building C object CMakeFiles/correlation.dir/utilities/polybench.c.o
[ 18%] Building C object CMakeFiles/cholesky.dir/linear-algebra/solvers/cholesky/cholesky.c.o
[ 53%] Building C object CMakeFiles/trisolv.dir/linear-algebra/solvers/trisolv/trisolv.c.o
[ 53%] Building C object CMakeFiles/gramschmidt.dir/utilities/polybench.c.o
[ 53%] Building C object CMakeFiles/lu.dir/utilities/polybench.c.o
[ 53%] Building C object CMakeFiles/durbin.dir/utilities/polybench.c.o
[ 53%] Building C object CMakeFiles/gramschmidt.dir/linear-algebra/solvers/gramschmidt/gramschmidt.c.o
[ 53%] Building C object CMakeFiles/ludcmp.dir/linear-algebra/solvers/ludcmp/ludcmp.c.o
[ 53%] Building C object CMakeFiles/cholesky.dir/utilities/polybench.c.o
[ 53%] Building C object CMakeFiles/durbin.dir/linear-algebra/solvers/durbin/durbin.c.o
[ 53%] Building C object CMakeFiles/covariance.dir/utilities/polybench.c.o
[ 66%] Building C object CMakeFiles/2mm.dir/utilities/polybench.c.o
[ 66%] Building C object CMakeFiles/ludcmp.dir/utilities/polybench.c.o
[ 66%] Building C object CMakeFiles/syrk.dir/linear-algebra/blas/syrk/syrk.c.o
[ 66%] Building C object CMakeFiles/gesummv.dir/linear-algebra/blas/gesummv/gesummv.c.o
[ 66%] Building C object CMakeFiles/syrk.dir/utilities/polybench.c.o
[ 66%] Building C object CMakeFiles/gemm.dir/linear-algebra/blas/gemm/gemm.c.o
[ 66%] Building C object CMakeFiles/atax.dir/linear-algebra/kernels/atax/atax.c.o
[ 66%] Building C object CMakeFiles/syr2k.dir/linear-algebra/blas/syr2k/syr2k.c.o
[ 66%] Building C object CMakeFiles/gesummv.dir/utilities/polybench.c.o
[ 66%] Building C object CMakeFiles/gemver.dir/linear-algebra/blas/gemver/gemver.c.o
[ 66%] Building C object CMakeFiles/gemver.dir/utilities/polybench.c.o
[ 66%] Building C object CMakeFiles/nussinov.dir/medley/nussinov/nussinov.c.o
[ 66%] Building C object CMakeFiles/3mm.dir/utilities/polybench.c.o
[ 66%] Building C object CMakeFiles/doitgen.dir/linear-algebra/kernels/doitgen/doitgen.c.o
[ 66%] Building C object CMakeFiles/deriche.dir/medley/deriche/deriche.c.o
[ 66%] Building C object CMakeFiles/doitgen.dir/utilities/polybench.c.o
[ 66%] Building C object CMakeFiles/mvt.dir/utilities/polybench.c.o
[ 66%] Building C object CMakeFiles/gemm.dir/utilities/polybench.c.o
[ 66%] Building C object CMakeFiles/jacobi-1d.dir/utilities/polybench.c.o
[ 66%] Building C object CMakeFiles/heat-3d.dir/stencils/heat-3d/heat-3d.c.o
[ 66%] Building C object CMakeFiles/symm.dir/linear-algebra/blas/symm/symm.c.o
[ 66%] Building C object CMakeFiles/deriche.dir/utilities/polybench.c.o
[ 66%] Building C object CMakeFiles/syr2k.dir/utilities/polybench.c.o
[ 66%] Building C object CMakeFiles/heat-3d.dir/utilities/polybench.c.o
[ 66%] Building C object CMakeFiles/trmm.dir/linear-algebra/blas/trmm/trmm.c.o
[ 66%] Building C object CMakeFiles/bicg.dir/linear-algebra/kernels/bicg/bicg.c.o
[ 66%] Building C object CMakeFiles/bicg.dir/utilities/polybench.c.o
[ 66%] Building C object CMakeFiles/floyd-warshall.dir/medley/floyd-warshall/floyd-warshall.c.o
[ 66%] Building C object CMakeFiles/fdtd-2d.dir/stencils/fdtd-2d/fdtd-2d.c.o
[ 66%] Building C object CMakeFiles/seidel-2d.dir/utilities/polybench.c.o
[ 66%] Building C object CMakeFiles/adi.dir/utilities/polybench.c.o
[ 66%] Building C object CMakeFiles/floyd-warshall.dir/utilities/polybench.c.o
[ 66%] Building C object CMakeFiles/mvt.dir/linear-algebra/kernels/mvt/mvt.c.o
[ 66%] Building C object CMakeFiles/nussinov.dir/utilities/polybench.c.o
[ 66%] Building C object CMakeFiles/2mm.dir/linear-algebra/kernels/2mm/2mm.c.o
[ 66%] Building C object CMakeFiles/jacobi-2d.dir/stencils/jacobi-2d/jacobi-2d.c.o
[ 66%] Building C object CMakeFiles/fdtd-2d.dir/utilities/polybench.c.o
[ 66%] Building C object CMakeFiles/jacobi-2d.dir/utilities/polybench.c.o
[ 66%] Building C object CMakeFiles/symm.dir/utilities/polybench.c.o
[ 66%] Building C object CMakeFiles/seidel-2d.dir/stencils/seidel-2d/seidel-2d.c.o
[ 66%] Building C object CMakeFiles/trisolv.dir/utilities/polybench.c.o
[ 66%] Building C object CMakeFiles/atax.dir/utilities/polybench.c.o
[ 66%] Building C object CMakeFiles/adi.dir/stencils/adi/adi.c.o
[ 66%] Building C object CMakeFiles/3mm.dir/linear-algebra/kernels/3mm/3mm.c.o
[ 66%] Building C object CMakeFiles/trmm.dir/utilities/polybench.c.o
[ 66%] Building C object CMakeFiles/jacobi-1d.dir/stencils/jacobi-1d/jacobi-1d.c.o
[ 67%] Linking C executable bicg
[ 68%] Linking C executable seidel-2d
[ 70%] Linking C executable trisolv
[ 71%] Linking C executable durbin
[ 73%] Linking C executable trmm
[ 74%] Linking C executable floyd-warshall
[ 75%] Linking C executable gesummv
[ 76%] Linking C executable syrk
[ 76%] Linking C executable covariance
[ 77%] Linking C executable symm
[ 78%] Linking C executable atax
[ 78%] Built target seidel-2d
[ 80%] Built target bicg
[ 80%] Linking C executable cholesky
[ 82%] Linking C executable lu
[ 82%] Built target trisolv
[ 82%] Linking C executable correlation
[ 82%] Built target durbin
[ 82%] Built target floyd-warshall
[ 82%] Built target trmm
[ 82%] Built target syrk
[ 82%] Built target gesummv
[ 82%] Built target covariance
[ 84%] Linking C executable deriche
[ 84%] Linking C executable ludcmp
[ 85%] Linking C executable 2mm
[ 86%] Linking C executable gemver
[ 87%] Linking C executable mvt
[ 88%] Linking C executable heat-3d
[ 90%] Built target symm
[ 90%] Linking C executable doitgen
[ 91%] Linking C executable jacobi-2d
[ 93%] Linking C executable gemm
[ 93%] Built target atax
[ 93%] Linking C executable gramschmidt
[ 93%] Built target cholesky
[ 93%] Built target correlation
[ 93%] Built target lu
[ 93%] Built target deriche
[ 93%] Built target ludcmp
[ 94%] Linking C executable nussinov
[ 94%] Built target 2mm
[ 94%] Built target gemver
[ 94%] Built target mvt
[ 94%] Built target heat-3d
[ 94%] Built target doitgen
[ 94%] Built target jacobi-2d
[ 95%] Built target gemm
[ 95%] Linking C executable 3mm
[ 95%] Built target gramschmidt
[ 95%] Built target nussinov
[ 95%] Built target 3mm
Skipping c choose_hints 2mm repetition 1 for dataset size MEDIUM (already done).
Skipping c choose_hints 2mm repetition 1 for dataset size MEDIUM (already done).
Skipping c choose_hints 3mm repetition 1 for dataset size MEDIUM (already done).
Skipping c choose_hints 3mm repetition 1 for dataset size MEDIUM (already done).
Skipping c choose_hints atax repetition 1 for dataset size MEDIUM (already done).
Skipping c choose_hints atax repetition 1 for dataset size MEDIUM (already done).
Skipping c choose_hints bicg repetition 1 for dataset size MEDIUM (already done).
Skipping c choose_hints bicg repetition 1 for dataset size MEDIUM (already done).
Skipping c choose_hints cholesky repetition 1 for dataset size MEDIUM (already done).
Skipping c choose_hints cholesky repetition 1 for dataset size MEDIUM (already done).
Skipping c choose_hints correlation repetition 1 for dataset size MEDIUM (already done).
Skipping c choose_hints correlation repetition 1 for dataset size MEDIUM (already done).
Skipping c choose_hints covariance repetition 1 for dataset size MEDIUM (already done).
Skipping c choose_hints covariance repetition 1 for dataset size MEDIUM (already done).
Skipping c choose_hints deriche repetition 1 for dataset size MEDIUM (already done).
Skipping c choose_hints deriche repetition 1 for dataset size MEDIUM (already done).
Skipping c choose_hints doitgen repetition 1 for dataset size MEDIUM (already done).
Skipping c choose_hints doitgen repetition 1 for dataset size MEDIUM (already done).
Skipping c choose_hints durbin repetition 1 for dataset size MEDIUM (already done).
Skipping c choose_hints durbin repetition 1 for dataset size MEDIUM (already done).
Skipping c choose_hints floyd-warshall repetition 1 for dataset size MEDIUM (already done).
Skipping c choose_hints floyd-warshall repetition 1 for dataset size MEDIUM (already done).
Skipping c choose_hints gemm repetition 1 for dataset size MEDIUM (already done).
Skipping c choose_hints gemm repetition 1 for dataset size MEDIUM (already done).
Skipping c choose_hints gemver repetition 1 for dataset size MEDIUM (already done).
Skipping c choose_hints gemver repetition 1 for dataset size MEDIUM (already done).
Skipping c choose_hints gesummv repetition 1 for dataset size MEDIUM (already done).
Skipping c choose_hints gesummv repetition 1 for dataset size MEDIUM (already done).
Skipping c choose_hints gramschmidt repetition 1 for dataset size MEDIUM (already done).
Skipping c choose_hints gramschmidt repetition 1 for dataset size MEDIUM (already done).
Skipping c choose_hints heat-3d repetition 1 for dataset size MEDIUM (already done).
Skipping c choose_hints heat-3d repetition 1 for dataset size MEDIUM (already done).
Skipping c choose_hints jacobi-2d repetition 1 for dataset size MEDIUM (already done).
Skipping c choose_hints jacobi-2d repetition 1 for dataset size MEDIUM (already done).
Skipping c choose_hints lu repetition 1 for dataset size MEDIUM (already done).
Skipping c choose_hints lu repetition 1 for dataset size MEDIUM (already done).
Skipping c choose_hints ludcmp repetition 1 for dataset size MEDIUM (already done).
Skipping c choose_hints ludcmp repetition 1 for dataset size MEDIUM (already done).
Skipping c choose_hints mvt repetition 1 for dataset size MEDIUM (already done).
Skipping c choose_hints mvt repetition 1 for dataset size MEDIUM (already done).
Skipping c choose_hints nussinov repetition 1 for dataset size MEDIUM (already done).
Skipping c choose_hints nussinov repetition 1 for dataset size MEDIUM (already done).
Skipping c choose_hints seidel-2d repetition 1 for dataset size MEDIUM (already done).
Skipping c choose_hints seidel-2d repetition 1 for dataset size MEDIUM (already done).
Skipping c choose_hints symm repetition 1 for dataset size MEDIUM (already done).
Skipping c choose_hints symm repetition 1 for dataset size MEDIUM (already done).
Skipping c choose_hints syrk repetition 1 for dataset size MEDIUM (already done).
Skipping c choose_hints syrk repetition 1 for dataset size MEDIUM (already done).
Skipping c choose_hints trisolv repetition 1 for dataset size MEDIUM (already done).
Skipping c choose_hints trisolv repetition 1 for dataset size MEDIUM (already done).
Skipping c choose_hints trmm repetition 1 for dataset size MEDIUM (already done).
Skipping c choose_hints trmm repetition 1 for dataset size MEDIUM (already done).
-- The C compiler identification is GNU 15.2.0
-- Detecting C compiler ABI info
-- Detecting C compiler ABI info - done
-- Check for working C compiler: /usr/local/latestgcc/bin/gcc - skipped
-- Detecting C compile features
-- Detecting C compile features - done
-- Configuring done (0.4s)
-- Generating done (0.8s)
-- Build files have been written to: /home/kleplj/choose_hints/optimization/choose_hints/PolybenchC-4.2.1/build
[  5%] Building C object CMakeFiles/covariance.dir/utilities/polybench.c.o
[  5%] Building C object CMakeFiles/correlation.dir/datamining/correlation/correlation.c.o
[  5%] Building C object CMakeFiles/covariance.dir/datamining/covariance/covariance.c.o
[ 12%] Building C object CMakeFiles/correlation.dir/utilities/polybench.c.o
[ 12%] Building C object CMakeFiles/durbin.dir/utilities/polybench.c.o
[ 12%] Building C object CMakeFiles/gramschmidt.dir/linear-algebra/solvers/gramschmidt/gramschmidt.c.o
[ 12%] Building C object CMakeFiles/cholesky.dir/linear-algebra/solvers/cholesky/cholesky.c.o
[ 17%] Building C object CMakeFiles/trisolv.dir/utilities/polybench.c.o
[ 12%] Building C object CMakeFiles/lu.dir/linear-algebra/solvers/lu/lu.c.o
[ 25%] Building C object CMakeFiles/gramschmidt.dir/utilities/polybench.c.o
[ 63%] Building C object CMakeFiles/lu.dir/utilities/polybench.c.o
[ 63%] Building C object CMakeFiles/gemver.dir/linear-algebra/blas/gemver/gemver.c.o
[ 63%] Building C object CMakeFiles/ludcmp.dir/utilities/polybench.c.o
[ 63%] Building C object CMakeFiles/gemm.dir/linear-algebra/blas/gemm/gemm.c.o
[ 63%] Building C object CMakeFiles/syrk.dir/linear-algebra/blas/syrk/syrk.c.o
[ 63%] Building C object CMakeFiles/trisolv.dir/linear-algebra/solvers/trisolv/trisolv.c.o
[ 63%] Building C object CMakeFiles/durbin.dir/linear-algebra/solvers/durbin/durbin.c.o
[ 63%] Building C object CMakeFiles/cholesky.dir/utilities/polybench.c.o
[ 63%] Building C object CMakeFiles/deriche.dir/medley/deriche/deriche.c.o
[ 63%] Building C object CMakeFiles/syr2k.dir/utilities/polybench.c.o
[ 63%] Building C object CMakeFiles/ludcmp.dir/linear-algebra/solvers/ludcmp/ludcmp.c.o
[ 66%] Building C object CMakeFiles/syr2k.dir/linear-algebra/blas/syr2k/syr2k.c.o
[ 66%] Building C object CMakeFiles/gesummv.dir/linear-algebra/blas/gesummv/gesummv.c.o
[ 66%] Building C object CMakeFiles/atax.dir/linear-algebra/kernels/atax/atax.c.o
[ 66%] Building C object CMakeFiles/bicg.dir/linear-algebra/kernels/bicg/bicg.c.o
[ 66%] Building C object CMakeFiles/symm.dir/utilities/polybench.c.o
[ 66%] Building C object CMakeFiles/gesummv.dir/utilities/polybench.c.o
[ 66%] Building C object CMakeFiles/mvt.dir/linear-algebra/kernels/mvt/mvt.c.o
[ 66%] Building C object CMakeFiles/mvt.dir/utilities/polybench.c.o
[ 66%] Building C object CMakeFiles/2mm.dir/linear-algebra/kernels/2mm/2mm.c.o
[ 66%] Building C object CMakeFiles/bicg.dir/utilities/polybench.c.o
[ 66%] Building C object CMakeFiles/doitgen.dir/linear-algebra/kernels/doitgen/doitgen.c.o
[ 66%] Building C object CMakeFiles/nussinov.dir/medley/nussinov/nussinov.c.o
[ 66%] Building C object CMakeFiles/3mm.dir/linear-algebra/kernels/3mm/3mm.c.o
[ 66%] Building C object CMakeFiles/atax.dir/utilities/polybench.c.o
[ 66%] Building C object CMakeFiles/doitgen.dir/utilities/polybench.c.o
[ 66%] Building C object CMakeFiles/2mm.dir/utilities/polybench.c.o
[ 66%] Building C object CMakeFiles/3mm.dir/utilities/polybench.c.o
[ 66%] Building C object CMakeFiles/adi.dir/stencils/adi/adi.c.o
[ 66%] Building C object CMakeFiles/fdtd-2d.dir/stencils/fdtd-2d/fdtd-2d.c.o
[ 66%] Building C object CMakeFiles/nussinov.dir/utilities/polybench.c.o
[ 66%] Building C object CMakeFiles/jacobi-2d.dir/stencils/jacobi-2d/jacobi-2d.c.o
[ 66%] Building C object CMakeFiles/syrk.dir/utilities/polybench.c.o
[ 66%] Building C object CMakeFiles/trmm.dir/linear-algebra/blas/trmm/trmm.c.o
[ 66%] Building C object CMakeFiles/gemm.dir/utilities/polybench.c.o
[ 66%] Building C object CMakeFiles/trmm.dir/utilities/polybench.c.o
[ 66%] Building C object CMakeFiles/symm.dir/linear-algebra/blas/symm/symm.c.o
[ 66%] Building C object CMakeFiles/deriche.dir/utilities/polybench.c.o
[ 66%] Building C object CMakeFiles/floyd-warshall.dir/medley/floyd-warshall/floyd-warshall.c.o
[ 66%] Building C object CMakeFiles/floyd-warshall.dir/utilities/polybench.c.o
[ 66%] Building C object CMakeFiles/seidel-2d.dir/stencils/seidel-2d/seidel-2d.c.o
[ 66%] Building C object CMakeFiles/jacobi-1d.dir/stencils/jacobi-1d/jacobi-1d.c.o
[ 66%] Building C object CMakeFiles/adi.dir/utilities/polybench.c.o
[ 66%] Building C object CMakeFiles/gemver.dir/utilities/polybench.c.o
[ 66%] Building C object CMakeFiles/jacobi-2d.dir/utilities/polybench.c.o
[ 66%] Building C object CMakeFiles/jacobi-1d.dir/utilities/polybench.c.o
[ 66%] Building C object CMakeFiles/fdtd-2d.dir/utilities/polybench.c.o
[ 66%] Building C object CMakeFiles/seidel-2d.dir/utilities/polybench.c.o
[ 66%] Building C object CMakeFiles/heat-3d.dir/stencils/heat-3d/heat-3d.c.o
[ 66%] Building C object CMakeFiles/heat-3d.dir/utilities/polybench.c.o
[ 71%] Linking C executable syrk
[ 71%] Linking C executable covariance
[ 71%] Linking C executable durbin
[ 72%] Linking C executable seidel-2d
[ 72%] Linking C executable trisolv
[ 74%] Linking C executable syr2k
[ 74%] Linking C executable gesummv
[ 75%] Linking C executable nussinov
[ 76%] Linking C executable trmm
[ 78%] Linking C executable bicg
[ 78%] Linking C executable floyd-warshall
[ 80%] Linking C executable jacobi-1d
[ 80%] Built target covariance
[ 80%] Built target syrk
[ 80%] Built target seidel-2d
[ 80%] Built target durbin
[ 80%] Built target trisolv
[ 81%] Linking C executable jacobi-2d
[ 82%] Linking C executable cholesky
[ 83%] Linking C executable correlation
[ 84%] Built target syr2k
[ 84%] Built target gesummv
[ 84%] Linking C executable gemm
[ 84%] Built target nussinov
[ 84%] Built target trmm
[ 86%] Linking C executable lu
[ 86%] Linking C executable deriche
[ 87%] Linking C executable gemver
[ 87%] Built target floyd-warshall
[ 87%] Built target bicg
[ 88%] Built target jacobi-1d
[ 88%] Linking C executable mvt
[ 90%] Linking C executable symm
[ 91%] Linking C executable atax
[ 92%] Linking C executable 3mm
[ 93%] Linking C executable fdtd-2d
[ 93%] Built target jacobi-2d
[ 94%] Built target cholesky
[ 95%] Linking C executable doitgen
[ 95%] Linking C executable heat-3d
[ 95%] Built target correlation
[ 95%] Built target gemm
[ 96%] Linking C executable adi
[ 96%] Built target deriche
[ 96%] Built target lu
[ 96%] Built target gemver
[ 96%] Built target mvt
[ 97%] Built target symm
[ 97%] Linking C executable ludcmp
[ 98%] Built target atax
[ 98%] Linking C executable 2mm
[ 98%] Built target fdtd-2d
[ 98%] Built target 3mm
[ 98%] Built target doitgen
[ 98%] Built target heat-3d
[ 98%] Built target adi
[ 98%] Built target ludcmp
[ 98%] Built target 2mm
Skipping c choose_hints 2mm repetition 2 for dataset size MEDIUM (already done).
Skipping c choose_hints 2mm repetition 2 for dataset size MEDIUM (already done).
Skipping c choose_hints 3mm repetition 2 for dataset size MEDIUM (already done).
Skipping c choose_hints 3mm repetition 2 for dataset size MEDIUM (already done).
Skipping c choose_hints adi repetition 2 for dataset size MEDIUM (already done).
Skipping c choose_hints adi repetition 2 for dataset size MEDIUM (already done).
Skipping c choose_hints atax repetition 2 for dataset size MEDIUM (already done).
Skipping c choose_hints atax repetition 2 for dataset size MEDIUM (already done).
Skipping c choose_hints bicg repetition 2 for dataset size MEDIUM (already done).
Skipping c choose_hints bicg repetition 2 for dataset size MEDIUM (already done).
Skipping c choose_hints correlation repetition 2 for dataset size MEDIUM (already done).
Skipping c choose_hints correlation repetition 2 for dataset size MEDIUM (already done).
Skipping c choose_hints covariance repetition 2 for dataset size MEDIUM (already done).
Skipping c choose_hints covariance repetition 2 for dataset size MEDIUM (already done).
Skipping c choose_hints deriche repetition 2 for dataset size MEDIUM (already done).
Skipping c choose_hints deriche repetition 2 for dataset size MEDIUM (already done).
Skipping c choose_hints doitgen repetition 2 for dataset size MEDIUM (already done).
Skipping c choose_hints doitgen repetition 2 for dataset size MEDIUM (already done).
Skipping c choose_hints durbin repetition 2 for dataset size MEDIUM (already done).
Skipping c choose_hints durbin repetition 2 for dataset size MEDIUM (already done).
Skipping c choose_hints fdtd-2d repetition 2 for dataset size MEDIUM (already done).
Skipping c choose_hints fdtd-2d repetition 2 for dataset size MEDIUM (already done).
Skipping c choose_hints floyd-warshall repetition 2 for dataset size MEDIUM (already done).
Skipping c choose_hints floyd-warshall repetition 2 for dataset size MEDIUM (already done).
Skipping c choose_hints gemm repetition 2 for dataset size MEDIUM (already done).
Skipping c choose_hints gemm repetition 2 for dataset size MEDIUM (already done).
Skipping c choose_hints gemver repetition 2 for dataset size MEDIUM (already done).
Skipping c choose_hints gemver repetition 2 for dataset size MEDIUM (already done).
Skipping c choose_hints gesummv repetition 2 for dataset size MEDIUM (already done).
Skipping c choose_hints gesummv repetition 2 for dataset size MEDIUM (already done).
Skipping c choose_hints heat-3d repetition 2 for dataset size MEDIUM (already done).
Skipping c choose_hints heat-3d repetition 2 for dataset size MEDIUM (already done).
Skipping c choose_hints jacobi-1d repetition 2 for dataset size MEDIUM (already done).
Skipping c choose_hints jacobi-1d repetition 2 for dataset size MEDIUM (already done).
Skipping c choose_hints jacobi-2d repetition 2 for dataset size MEDIUM (already done).
Skipping c choose_hints jacobi-2d repetition 2 for dataset size MEDIUM (already done).
Skipping c choose_hints lu repetition 2 for dataset size MEDIUM (already done).
Skipping c choose_hints lu repetition 2 for dataset size MEDIUM (already done).
Skipping c choose_hints ludcmp repetition 2 for dataset size MEDIUM (already done).
Skipping c choose_hints ludcmp repetition 2 for dataset size MEDIUM (already done).
Skipping c choose_hints mvt repetition 2 for dataset size MEDIUM (already done).
Skipping c choose_hints mvt repetition 2 for dataset size MEDIUM (already done).
Skipping c choose_hints nussinov repetition 2 for dataset size MEDIUM (already done).
Skipping c choose_hints nussinov repetition 2 for dataset size MEDIUM (already done).
Skipping c choose_hints seidel-2d repetition 2 for dataset size MEDIUM (already done).
Skipping c choose_hints seidel-2d repetition 2 for dataset size MEDIUM (already done).
Skipping c choose_hints symm repetition 2 for dataset size MEDIUM (already done).
Skipping c choose_hints symm repetition 2 for dataset size MEDIUM (already done).
Skipping c choose_hints syr2k repetition 2 for dataset size MEDIUM (already done).
Skipping c choose_hints syr2k repetition 2 for dataset size MEDIUM (already done).
Skipping c choose_hints syrk repetition 2 for dataset size MEDIUM (already done).
Skipping c choose_hints syrk repetition 2 for dataset size MEDIUM (already done).
Skipping c choose_hints trmm repetition 2 for dataset size MEDIUM (already done).
Skipping c choose_hints trmm repetition 2 for dataset size MEDIUM (already done).
-- The C compiler identification is GNU 15.2.0
-- Detecting C compiler ABI info
-- Detecting C compiler ABI info - done
-- Check for working C compiler: /usr/local/latestgcc/bin/gcc - skipped
-- Detecting C compile features
-- Detecting C compile features - done
-- Configuring done (0.4s)
-- Generating done (0.8s)
-- Build files have been written to: /home/kleplj/choose_hints/optimization/choose_hints/PolybenchC-4.2.1/build
[  5%] Building C object CMakeFiles/correlation.dir/datamining/correlation/correlation.c.o
[  5%] Building C object CMakeFiles/covariance.dir/datamining/covariance/covariance.c.o
[  7%] Building C object CMakeFiles/lu.dir/linear-algebra/solvers/lu/lu.c.o
[  7%] Building C object CMakeFiles/correlation.dir/utilities/polybench.c.o
[  7%] Building C object CMakeFiles/covariance.dir/utilities/polybench.c.o
[ 13%] Building C object CMakeFiles/lu.dir/utilities/polybench.c.o
[ 13%] Building C object CMakeFiles/durbin.dir/linear-algebra/solvers/durbin/durbin.c.o
[ 13%] Building C object CMakeFiles/cholesky.dir/linear-algebra/solvers/cholesky/cholesky.c.o
[ 13%] Building C object CMakeFiles/cholesky.dir/utilities/polybench.c.o
[ 26%] Building C object CMakeFiles/gemver.dir/linear-algebra/blas/gemver/gemver.c.o
[ 66%] Building C object CMakeFiles/syr2k.dir/linear-algebra/blas/syr2k/syr2k.c.o
[ 66%] Building C object CMakeFiles/doitgen.dir/utilities/polybench.c.o
[ 66%] Building C object CMakeFiles/ludcmp.dir/utilities/polybench.c.o
[ 66%] Building C object CMakeFiles/2mm.dir/utilities/polybench.c.o
[ 66%] Building C object CMakeFiles/ludcmp.dir/linear-algebra/solvers/ludcmp/ludcmp.c.o
[ 66%] Building C object CMakeFiles/gramschmidt.dir/linear-algebra/solvers/gramschmidt/gramschmidt.c.o
[ 66%] Building C object CMakeFiles/durbin.dir/utilities/polybench.c.o
[ 66%] Building C object CMakeFiles/syr2k.dir/utilities/polybench.c.o
[ 66%] Building C object CMakeFiles/jacobi-2d.dir/utilities/polybench.c.o
[ 66%] Building C object CMakeFiles/deriche.dir/utilities/polybench.c.o
[ 66%] Building C object CMakeFiles/adi.dir/stencils/adi/adi.c.o
[ 66%] Building C object CMakeFiles/jacobi-2d.dir/stencils/jacobi-2d/jacobi-2d.c.o
[ 66%] Building C object CMakeFiles/fdtd-2d.dir/stencils/fdtd-2d/fdtd-2d.c.o
[ 66%] Building C object CMakeFiles/fdtd-2d.dir/utilities/polybench.c.o
[ 66%] Building C object CMakeFiles/floyd-warshall.dir/medley/floyd-warshall/floyd-warshall.c.o
[ 66%] Building C object CMakeFiles/jacobi-1d.dir/stencils/jacobi-1d/jacobi-1d.c.o
[ 66%] Building C object CMakeFiles/deriche.dir/medley/deriche/deriche.c.o
[ 66%] Building C object CMakeFiles/floyd-warshall.dir/utilities/polybench.c.o
[ 66%] Building C object CMakeFiles/nussinov.dir/utilities/polybench.c.o
[ 66%] Building C object CMakeFiles/bicg.dir/utilities/polybench.c.o
[ 66%] Building C object CMakeFiles/doitgen.dir/linear-algebra/kernels/doitgen/doitgen.c.o
[ 66%] Building C object CMakeFiles/mvt.dir/utilities/polybench.c.o
[ 66%] Building C object CMakeFiles/3mm.dir/utilities/polybench.c.o
[ 66%] Building C object CMakeFiles/2mm.dir/linear-algebra/kernels/2mm/2mm.c.o
[ 66%] Building C object CMakeFiles/mvt.dir/linear-algebra/kernels/mvt/mvt.c.o
[ 66%] Building C object CMakeFiles/gesummv.dir/linear-algebra/blas/gesummv/gesummv.c.o
[ 66%] Building C object CMakeFiles/trmm.dir/utilities/polybench.c.o
[ 66%] Building C object CMakeFiles/bicg.dir/linear-algebra/kernels/bicg/bicg.c.o
[ 66%] Building C object CMakeFiles/3mm.dir/linear-algebra/kernels/3mm/3mm.c.o
[ 66%] Building C object CMakeFiles/gesummv.dir/utilities/polybench.c.o
[ 66%] Building C object CMakeFiles/nussinov.dir/medley/nussinov/nussinov.c.o
[ 66%] Building C object CMakeFiles/gramschmidt.dir/utilities/polybench.c.o
[ 66%] Building C object CMakeFiles/atax.dir/utilities/polybench.c.o
[ 66%] Building C object CMakeFiles/syrk.dir/utilities/polybench.c.o
[ 66%] Building C object CMakeFiles/gemver.dir/utilities/polybench.c.o
[ 66%] Building C object CMakeFiles/seidel-2d.dir/stencils/seidel-2d/seidel-2d.c.o
[ 66%] Building C object CMakeFiles/symm.dir/utilities/polybench.c.o
[ 66%] Building C object CMakeFiles/trmm.dir/linear-algebra/blas/trmm/trmm.c.o
[ 66%] Building C object CMakeFiles/seidel-2d.dir/utilities/polybench.c.o
[ 66%] Building C object CMakeFiles/trisolv.dir/utilities/polybench.c.o
[ 66%] Building C object CMakeFiles/jacobi-1d.dir/utilities/polybench.c.o
[ 66%] Building C object CMakeFiles/heat-3d.dir/utilities/polybench.c.o
[ 66%] Building C object CMakeFiles/heat-3d.dir/stencils/heat-3d/heat-3d.c.o
[ 66%] Building C object CMakeFiles/syrk.dir/linear-algebra/blas/syrk/syrk.c.o
[ 66%] Building C object CMakeFiles/atax.dir/linear-algebra/kernels/atax/atax.c.o
[ 66%] Building C object CMakeFiles/adi.dir/utilities/polybench.c.o
[ 66%] Building C object CMakeFiles/symm.dir/linear-algebra/blas/symm/symm.c.o
[ 66%] Building C object CMakeFiles/trisolv.dir/linear-algebra/solvers/trisolv/trisolv.c.o
[ 66%] Building C object CMakeFiles/gemm.dir/linear-algebra/blas/gemm/gemm.c.o
[ 66%] Building C object CMakeFiles/gemm.dir/utilities/polybench.c.o
[ 68%] Linking C executable seidel-2d
[ 70%] Linking C executable durbin
[ 70%] Linking C executable floyd-warshall
[ 71%] Linking C executable mvt
[ 73%] Linking C executable trisolv
[ 73%] Linking C executable correlation
[ 74%] Linking C executable trmm
[ 76%] Linking C executable covariance
[ 76%] Linking C executable gesummv
[ 78%] Linking C executable lu
[ 78%] Linking C executable adi
[ 80%] Linking C executable syr2k
[ 81%] Linking C executable bicg
[ 82%] Linking C executable atax
[ 83%] Built target seidel-2d
[ 84%] Linking C executable cholesky
[ 84%] Linking C executable syrk
[ 84%] Built target durbin
[ 84%] Built target floyd-warshall
[ 84%] Built target mvt
[ 86%] Built target correlation
[ 86%] Linking C executable deriche
[ 86%] Linking C executable gramschmidt
[ 86%] Built target trisolv
[ 87%] Linking C executable gemver
[ 87%] Built target covariance
[ 87%] Built target gesummv
[ 87%] Built target trmm
[ 88%] Built target lu
[ 88%] Linking C executable 3mm
[ 90%] Built target adi
[ 90%] Linking C executable jacobi-1d
[ 91%] Linking C executable ludcmp
[ 91%] Built target syr2k
[ 92%] Linking C executable symm
[ 95%] Linking C executable heat-3d
[ 95%] Linking C executable jacobi-2d
[ 95%] Linking C executable fdtd-2d
[ 95%] Built target bicg
[ 95%] Built target atax
[ 95%] Built target cholesky
[ 95%] Built target syrk
[ 96%] Linking C executable gemm
[ 97%] Linking C executable 2mm
[ 97%] Built target deriche
[ 97%] Built target gemver
[ 97%] Built target gramschmidt
[ 97%] Built target 3mm
[ 97%] Built target jacobi-1d
[ 97%] Built target ludcmp
[ 97%] Built target symm
[ 97%] Built target jacobi-2d
[ 97%] Built target heat-3d
[ 98%] Built target fdtd-2d
[ 98%] Linking C executable doitgen
[ 98%] Built target gemm
[ 98%] Built target 2mm
[ 98%] Built target doitgen
Skipping c choose_hints 2mm repetition 3 for dataset size MEDIUM (already done).
Skipping c choose_hints 2mm repetition 3 for dataset size MEDIUM (already done).
Skipping c choose_hints 3mm repetition 3 for dataset size MEDIUM (already done).
Skipping c choose_hints 3mm repetition 3 for dataset size MEDIUM (already done).
Skipping c choose_hints adi repetition 3 for dataset size MEDIUM (already done).
Skipping c choose_hints adi repetition 3 for dataset size MEDIUM (already done).
Skipping c choose_hints atax repetition 3 for dataset size MEDIUM (already done).
Skipping c choose_hints atax repetition 3 for dataset size MEDIUM (already done).
Skipping c choose_hints bicg repetition 3 for dataset size MEDIUM (already done).
Skipping c choose_hints bicg repetition 3 for dataset size MEDIUM (already done).
Skipping c choose_hints cholesky repetition 3 for dataset size MEDIUM (already done).
Skipping c choose_hints cholesky repetition 3 for dataset size MEDIUM (already done).
Skipping c choose_hints correlation repetition 3 for dataset size MEDIUM (already done).
Skipping c choose_hints correlation repetition 3 for dataset size MEDIUM (already done).
Skipping c choose_hints covariance repetition 3 for dataset size MEDIUM (already done).
Skipping c choose_hints covariance repetition 3 for dataset size MEDIUM (already done).
Skipping c choose_hints deriche repetition 3 for dataset size MEDIUM (already done).
Skipping c choose_hints deriche repetition 3 for dataset size MEDIUM (already done).
Skipping c choose_hints doitgen repetition 3 for dataset size MEDIUM (already done).
Skipping c choose_hints doitgen repetition 3 for dataset size MEDIUM (already done).
Skipping c choose_hints durbin repetition 3 for dataset size MEDIUM (already done).
Skipping c choose_hints durbin repetition 3 for dataset size MEDIUM (already done).
Skipping c choose_hints fdtd-2d repetition 3 for dataset size MEDIUM (already done).
Skipping c choose_hints fdtd-2d repetition 3 for dataset size MEDIUM (already done).
Skipping c choose_hints floyd-warshall repetition 3 for dataset size MEDIUM (already done).
Skipping c choose_hints floyd-warshall repetition 3 for dataset size MEDIUM (already done).
Skipping c choose_hints gemm repetition 3 for dataset size MEDIUM (already done).
Skipping c choose_hints gemm repetition 3 for dataset size MEDIUM (already done).
Skipping c choose_hints gemver repetition 3 for dataset size MEDIUM (already done).
Skipping c choose_hints gemver repetition 3 for dataset size MEDIUM (already done).
Skipping c choose_hints gesummv repetition 3 for dataset size MEDIUM (already done).
Skipping c choose_hints gesummv repetition 3 for dataset size MEDIUM (already done).
Skipping c choose_hints heat-3d repetition 3 for dataset size MEDIUM (already done).
Skipping c choose_hints heat-3d repetition 3 for dataset size MEDIUM (already done).
Skipping c choose_hints jacobi-1d repetition 3 for dataset size MEDIUM (already done).
Skipping c choose_hints jacobi-1d repetition 3 for dataset size MEDIUM (already done).
Skipping c choose_hints jacobi-2d repetition 3 for dataset size MEDIUM (already done).
Skipping c choose_hints jacobi-2d repetition 3 for dataset size MEDIUM (already done).
Skipping c choose_hints lu repetition 3 for dataset size MEDIUM (already done).
Skipping c choose_hints lu repetition 3 for dataset size MEDIUM (already done).
Skipping c choose_hints ludcmp repetition 3 for dataset size MEDIUM (already done).
Skipping c choose_hints ludcmp repetition 3 for dataset size MEDIUM (already done).
Skipping c choose_hints mvt repetition 3 for dataset size MEDIUM (already done).
Skipping c choose_hints mvt repetition 3 for dataset size MEDIUM (already done).
Skipping c choose_hints seidel-2d repetition 3 for dataset size MEDIUM (already done).
Skipping c choose_hints seidel-2d repetition 3 for dataset size MEDIUM (already done).
Skipping c choose_hints symm repetition 3 for dataset size MEDIUM (already done).
Skipping c choose_hints symm repetition 3 for dataset size MEDIUM (already done).
Skipping c choose_hints syr2k repetition 3 for dataset size MEDIUM (already done).
Skipping c choose_hints syr2k repetition 3 for dataset size MEDIUM (already done).
Skipping c choose_hints syrk repetition 3 for dataset size MEDIUM (already done).
Skipping c choose_hints syrk repetition 3 for dataset size MEDIUM (already done).
Skipping c choose_hints trisolv repetition 3 for dataset size MEDIUM (already done).
Skipping c choose_hints trisolv repetition 3 for dataset size MEDIUM (already done).
Skipping c choose_hints trmm repetition 3 for dataset size MEDIUM (already done).
Skipping c choose_hints trmm repetition 3 for dataset size MEDIUM (already done).
-- The C compiler identification is GNU 15.2.0
-- Detecting C compiler ABI info
-- Detecting C compiler ABI info - done
-- Check for working C compiler: /usr/local/latestgcc/bin/gcc - skipped
-- Detecting C compile features
-- Detecting C compile features - done
-- Configuring done (0.3s)
-- Generating done (0.8s)
-- Build files have been written to: /home/kleplj/choose_hints/optimization/choose_hints/PolybenchC-4.2.1/build
[  6%] Building C object CMakeFiles/correlation.dir/utilities/polybench.c.o
[  6%] Building C object CMakeFiles/correlation.dir/datamining/correlation/correlation.c.o
[  6%] Building C object CMakeFiles/covariance.dir/datamining/covariance/covariance.c.o
[ 18%] Building C object CMakeFiles/durbin.dir/utilities/polybench.c.o
[ 51%] Building C object CMakeFiles/syrk.dir/linear-algebra/blas/syrk/syrk.c.o
[ 51%] Building C object CMakeFiles/trmm.dir/utilities/polybench.c.o
[ 51%] Building C object CMakeFiles/syr2k.dir/linear-algebra/blas/syr2k/syr2k.c.o
[ 51%] Building C object CMakeFiles/cholesky.dir/linear-algebra/solvers/cholesky/cholesky.c.o
[ 51%] Building C object CMakeFiles/durbin.dir/linear-algebra/solvers/durbin/durbin.c.o
[ 51%] Building C object CMakeFiles/ludcmp.dir/utilities/polybench.c.o
[ 51%] Building C object CMakeFiles/gramschmidt.dir/linear-algebra/solvers/gramschmidt/gramschmidt.c.o
[ 51%] Building C object CMakeFiles/covariance.dir/utilities/polybench.c.o
[ 51%] Building C object CMakeFiles/gramschmidt.dir/utilities/polybench.c.o
[ 51%] Building C object CMakeFiles/mvt.dir/linear-algebra/kernels/mvt/mvt.c.o
[ 51%] Building C object CMakeFiles/ludcmp.dir/linear-algebra/solvers/ludcmp/ludcmp.c.o
[ 51%] Building C object CMakeFiles/lu.dir/utilities/polybench.c.o
[ 51%] Building C object CMakeFiles/lu.dir/linear-algebra/solvers/lu/lu.c.o
[ 51%] Building C object CMakeFiles/gemver.dir/linear-algebra/blas/gemver/gemver.c.o
[ 51%] Building C object CMakeFiles/trisolv.dir/linear-algebra/solvers/trisolv/trisolv.c.o
[ 66%] Building C object CMakeFiles/atax.dir/linear-algebra/kernels/atax/atax.c.o
[ 66%] Building C object CMakeFiles/gesummv.dir/linear-algebra/blas/gesummv/gesummv.c.o
[ 66%] Building C object CMakeFiles/floyd-warshall.dir/utilities/polybench.c.o
[ 66%] Building C object CMakeFiles/doitgen.dir/linear-algebra/kernels/doitgen/doitgen.c.o
[ 66%] Building C object CMakeFiles/gemm.dir/utilities/polybench.c.o
[ 66%] Building C object CMakeFiles/3mm.dir/utilities/polybench.c.o
[ 66%] Building C object CMakeFiles/bicg.dir/utilities/polybench.c.o
[ 66%] Building C object CMakeFiles/atax.dir/utilities/polybench.c.o
[ 66%] Building C object CMakeFiles/syr2k.dir/utilities/polybench.c.o
[ 66%] Building C object CMakeFiles/syrk.dir/utilities/polybench.c.o
[ 66%] Building C object CMakeFiles/trisolv.dir/utilities/polybench.c.o
[ 66%] Building C object CMakeFiles/gesummv.dir/utilities/polybench.c.o
[ 66%] Building C object CMakeFiles/heat-3d.dir/stencils/heat-3d/heat-3d.c.o
[ 66%] Building C object CMakeFiles/jacobi-1d.dir/stencils/jacobi-1d/jacobi-1d.c.o
[ 66%] Building C object CMakeFiles/jacobi-1d.dir/utilities/polybench.c.o
[ 66%] Building C object CMakeFiles/gemm.dir/linear-algebra/blas/gemm/gemm.c.o
[ 66%] Building C object CMakeFiles/gemver.dir/utilities/polybench.c.o
[ 66%] Building C object CMakeFiles/fdtd-2d.dir/stencils/fdtd-2d/fdtd-2d.c.o
[ 66%] Building C object CMakeFiles/cholesky.dir/utilities/polybench.c.o
[ 66%] Building C object CMakeFiles/floyd-warshall.dir/medley/floyd-warshall/floyd-warshall.c.o
[ 66%] Building C object CMakeFiles/trmm.dir/linear-algebra/blas/trmm/trmm.c.o
[ 66%] Building C object CMakeFiles/bicg.dir/linear-algebra/kernels/bicg/bicg.c.o
[ 66%] Building C object CMakeFiles/nussinov.dir/medley/nussinov/nussinov.c.o
[ 66%] Building C object CMakeFiles/mvt.dir/utilities/polybench.c.o
[ 66%] Building C object CMakeFiles/heat-3d.dir/utilities/polybench.c.o
[ 66%] Building C object CMakeFiles/seidel-2d.dir/stencils/seidel-2d/seidel-2d.c.o
[ 66%] Building C object CMakeFiles/adi.dir/stencils/adi/adi.c.o
[ 66%] Building C object CMakeFiles/jacobi-2d.dir/stencils/jacobi-2d/jacobi-2d.c.o
[ 66%] Building C object CMakeFiles/fdtd-2d.dir/utilities/polybench.c.o
[ 66%] Building C object CMakeFiles/adi.dir/utilities/polybench.c.o
[ 66%] Building C object CMakeFiles/jacobi-2d.dir/utilities/polybench.c.o
[ 66%] Building C object CMakeFiles/symm.dir/linear-algebra/blas/symm/symm.c.o
[ 66%] Building C object CMakeFiles/2mm.dir/linear-algebra/kernels/2mm/2mm.c.o
[ 66%] Building C object CMakeFiles/seidel-2d.dir/utilities/polybench.c.o
[ 66%] Building C object CMakeFiles/3mm.dir/linear-algebra/kernels/3mm/3mm.c.o
[ 66%] Building C object CMakeFiles/2mm.dir/utilities/polybench.c.o
[ 66%] Building C object CMakeFiles/nussinov.dir/utilities/polybench.c.o
[ 66%] Building C object CMakeFiles/symm.dir/utilities/polybench.c.o
[ 66%] Building C object CMakeFiles/deriche.dir/medley/deriche/deriche.c.o
[ 66%] Building C object CMakeFiles/deriche.dir/utilities/polybench.c.o
[ 66%] Building C object CMakeFiles/doitgen.dir/utilities/polybench.c.o
[ 68%] Linking C executable syr2k
[ 68%] Linking C executable lu
[ 70%] Linking C executable bicg
[ 72%] Linking C executable seidel-2d
[ 72%] Linking C executable gemver
[ 73%] Linking C executable durbin
[ 74%] Linking C executable trisolv
[ 75%] Linking C executable nussinov
[ 76%] Linking C executable floyd-warshall
[ 77%] Linking C executable jacobi-1d
[ 80%] Linking C executable covariance
[ 80%] Linking C executable gesummv
[ 80%] Built target syr2k
[ 80%] Built target lu
[ 80%] Built target bicg
[ 83%] Linking C executable jacobi-2d
[ 83%] Linking C executable adi
[ 83%] Linking C executable syrk
[ 85%] Linking C executable atax
[ 85%] Linking C executable gramschmidt
[ 85%] Built target seidel-2d
[ 85%] Built target durbin
[ 85%] Built target gemver
[ 85%] Built target trisolv
[ 85%] Built target nussinov
[ 86%] Linking C executable trmm
[ 87%] Linking C executable deriche
[ 87%] Built target jacobi-1d
[ 87%] Built target floyd-warshall
[ 88%] Linking C executable doitgen
[ 88%] Built target gesummv
[ 88%] Built target covariance
[ 90%] Linking C executable gemm
[ 90%] Built target jacobi-2d
[ 90%] Built target syrk
[ 91%] Built target adi
[ 91%] Linking C executable 2mm
[ 91%] Built target gramschmidt
[ 91%] Built target atax
[ 92%] Linking C executable ludcmp
[ 93%] Linking C executable 3mm
[ 93%] Built target trmm
[ 93%] Built target deriche
[ 93%] Built target doitgen
[ 94%] Linking C executable heat-3d
[ 94%] Built target gemm
[ 94%] Built target 2mm
[ 96%] Linking C executable fdtd-2d
[ 96%] Linking C executable symm
[ 96%] Built target ludcmp
[ 96%] Built target 3mm
[ 96%] Built target heat-3d
[ 96%] Built target symm
[ 96%] Built target fdtd-2d
Skipping c choose_hints 2mm repetition 4 for dataset size MEDIUM (already done).
Skipping c choose_hints 2mm repetition 4 for dataset size MEDIUM (already done).
Skipping c choose_hints 3mm repetition 4 for dataset size MEDIUM (already done).
Skipping c choose_hints 3mm repetition 4 for dataset size MEDIUM (already done).
Skipping c choose_hints adi repetition 4 for dataset size MEDIUM (already done).
Skipping c choose_hints adi repetition 4 for dataset size MEDIUM (already done).
Skipping c choose_hints atax repetition 4 for dataset size MEDIUM (already done).
Skipping c choose_hints atax repetition 4 for dataset size MEDIUM (already done).
Skipping c choose_hints bicg repetition 4 for dataset size MEDIUM (already done).
Skipping c choose_hints bicg repetition 4 for dataset size MEDIUM (already done).
Skipping c choose_hints covariance repetition 4 for dataset size MEDIUM (already done).
Skipping c choose_hints covariance repetition 4 for dataset size MEDIUM (already done).
Skipping c choose_hints deriche repetition 4 for dataset size MEDIUM (already done).
Skipping c choose_hints deriche repetition 4 for dataset size MEDIUM (already done).
Skipping c choose_hints doitgen repetition 4 for dataset size MEDIUM (already done).
Skipping c choose_hints doitgen repetition 4 for dataset size MEDIUM (already done).
Skipping c choose_hints durbin repetition 4 for dataset size MEDIUM (already done).
Skipping c choose_hints durbin repetition 4 for dataset size MEDIUM (already done).
Skipping c choose_hints floyd-warshall repetition 4 for dataset size MEDIUM (already done).
Skipping c choose_hints floyd-warshall repetition 4 for dataset size MEDIUM (already done).
Skipping c choose_hints gemm repetition 4 for dataset size MEDIUM (already done).
Skipping c choose_hints gemm repetition 4 for dataset size MEDIUM (already done).
Skipping c choose_hints gemver repetition 4 for dataset size MEDIUM (already done).
Skipping c choose_hints gemver repetition 4 for dataset size MEDIUM (already done).
Skipping c choose_hints gesummv repetition 4 for dataset size MEDIUM (already done).
Skipping c choose_hints gesummv repetition 4 for dataset size MEDIUM (already done).
Skipping c choose_hints gramschmidt repetition 4 for dataset size MEDIUM (already done).
Skipping c choose_hints gramschmidt repetition 4 for dataset size MEDIUM (already done).
Skipping c choose_hints heat-3d repetition 4 for dataset size MEDIUM (already done).
Skipping c choose_hints heat-3d repetition 4 for dataset size MEDIUM (already done).
Skipping c choose_hints jacobi-1d repetition 4 for dataset size MEDIUM (already done).
Skipping c choose_hints jacobi-1d repetition 4 for dataset size MEDIUM (already done).
Skipping c choose_hints jacobi-2d repetition 4 for dataset size MEDIUM (already done).
Skipping c choose_hints jacobi-2d repetition 4 for dataset size MEDIUM (already done).
Skipping c choose_hints lu repetition 4 for dataset size MEDIUM (already done).
Skipping c choose_hints lu repetition 4 for dataset size MEDIUM (already done).
Skipping c choose_hints ludcmp repetition 4 for dataset size MEDIUM (already done).
Skipping c choose_hints ludcmp repetition 4 for dataset size MEDIUM (already done).
Skipping c choose_hints nussinov repetition 4 for dataset size MEDIUM (already done).
Skipping c choose_hints nussinov repetition 4 for dataset size MEDIUM (already done).
Skipping c choose_hints seidel-2d repetition 4 for dataset size MEDIUM (already done).
Skipping c choose_hints seidel-2d repetition 4 for dataset size MEDIUM (already done).
Skipping c choose_hints symm repetition 4 for dataset size MEDIUM (already done).
Skipping c choose_hints symm repetition 4 for dataset size MEDIUM (already done).
Skipping c choose_hints syr2k repetition 4 for dataset size MEDIUM (already done).
Skipping c choose_hints syr2k repetition 4 for dataset size MEDIUM (already done).
Skipping c choose_hints syrk repetition 4 for dataset size MEDIUM (already done).
Skipping c choose_hints syrk repetition 4 for dataset size MEDIUM (already done).
Skipping c choose_hints trmm repetition 4 for dataset size MEDIUM (already done).
Skipping c choose_hints trmm repetition 4 for dataset size MEDIUM (already done).
-- The C compiler identification is GNU 15.2.0
-- Detecting C compiler ABI info
-- Detecting C compiler ABI info - done
-- Check for working C compiler: /usr/local/latestgcc/bin/gcc - skipped
-- Detecting C compile features
-- Detecting C compile features - done
-- Configuring done (0.4s)
-- Generating done (0.8s)
-- Build files have been written to: /home/kleplj/choose_hints/optimization/choose_hints/PolybenchC-4.2.1/build
[  7%] Building C object CMakeFiles/cholesky.dir/linear-algebra/solvers/cholesky/cholesky.c.o
[ 13%] Building C object CMakeFiles/lu.dir/utilities/polybench.c.o
[ 13%] Building C object CMakeFiles/gramschmidt.dir/linear-algebra/solvers/gramschmidt/gramschmidt.c.o
[ 13%] Building C object CMakeFiles/ludcmp.dir/linear-algebra/solvers/ludcmp/ludcmp.c.o
[ 13%] Building C object CMakeFiles/correlation.dir/datamining/correlation/correlation.c.o
[ 13%] Building C object CMakeFiles/covariance.dir/utilities/polybench.c.o
[ 13%] Building C object CMakeFiles/cholesky.dir/utilities/polybench.c.o
[ 13%] Building C object CMakeFiles/covariance.dir/datamining/covariance/covariance.c.o
[ 13%] Building C object CMakeFiles/correlation.dir/utilities/polybench.c.o
[ 32%] Building C object CMakeFiles/syrk.dir/linear-algebra/blas/syrk/syrk.c.o
[ 66%] Building C object CMakeFiles/gesummv.dir/utilities/polybench.c.o
[ 66%] Building C object CMakeFiles/gramschmidt.dir/utilities/polybench.c.o
[ 66%] Building C object CMakeFiles/lu.dir/linear-algebra/solvers/lu/lu.c.o
[ 66%] Building C object CMakeFiles/gemver.dir/utilities/polybench.c.o
[ 66%] Building C object CMakeFiles/gemm.dir/utilities/polybench.c.o
[ 66%] Building C object CMakeFiles/syr2k.dir/utilities/polybench.c.o
[ 66%] Building C object CMakeFiles/trmm.dir/linear-algebra/blas/trmm/trmm.c.o
[ 66%] Building C object CMakeFiles/gemver.dir/linear-algebra/blas/gemver/gemver.c.o
[ 66%] Building C object CMakeFiles/syr2k.dir/linear-algebra/blas/syr2k/syr2k.c.o
[ 66%] Building C object CMakeFiles/trisolv.dir/linear-algebra/solvers/trisolv/trisolv.c.o
[ 66%] Building C object CMakeFiles/gemm.dir/linear-algebra/blas/gemm/gemm.c.o
[ 66%] Building C object CMakeFiles/ludcmp.dir/utilities/polybench.c.o
[ 66%] Building C object CMakeFiles/durbin.dir/linear-algebra/solvers/durbin/durbin.c.o
[ 66%] Building C object CMakeFiles/adi.dir/utilities/polybench.c.o
[ 66%] Building C object CMakeFiles/seidel-2d.dir/utilities/polybench.c.o
[ 66%] Building C object CMakeFiles/seidel-2d.dir/stencils/seidel-2d/seidel-2d.c.o
[ 66%] Building C object CMakeFiles/jacobi-2d.dir/stencils/jacobi-2d/jacobi-2d.c.o
[ 66%] Building C object CMakeFiles/heat-3d.dir/stencils/heat-3d/heat-3d.c.o
[ 66%] Building C object CMakeFiles/fdtd-2d.dir/utilities/polybench.c.o
[ 66%] Building C object CMakeFiles/deriche.dir/utilities/polybench.c.o
[ 66%] Building C object CMakeFiles/nussinov.dir/medley/nussinov/nussinov.c.o
[ 66%] Building C object CMakeFiles/2mm.dir/linear-algebra/kernels/2mm/2mm.c.o
[ 66%] Building C object CMakeFiles/floyd-warshall.dir/utilities/polybench.c.o
[ 66%] Building C object CMakeFiles/nussinov.dir/utilities/polybench.c.o
[ 66%] Building C object CMakeFiles/floyd-warshall.dir/medley/floyd-warshall/floyd-warshall.c.o
[ 66%] Building C object CMakeFiles/deriche.dir/medley/deriche/deriche.c.o
[ 66%] Building C object CMakeFiles/gesummv.dir/linear-algebra/blas/gesummv/gesummv.c.o
[ 66%] Building C object CMakeFiles/trisolv.dir/utilities/polybench.c.o
[ 66%] Building C object CMakeFiles/fdtd-2d.dir/stencils/fdtd-2d/fdtd-2d.c.o
[ 66%] Building C object CMakeFiles/trmm.dir/utilities/polybench.c.o
[ 66%] Building C object CMakeFiles/doitgen.dir/linear-algebra/kernels/doitgen/doitgen.c.o
[ 66%] Building C object CMakeFiles/symm.dir/linear-algebra/blas/symm/symm.c.o
[ 66%] Building C object CMakeFiles/durbin.dir/utilities/polybench.c.o
[ 66%] Building C object CMakeFiles/jacobi-2d.dir/utilities/polybench.c.o
[ 66%] Building C object CMakeFiles/bicg.dir/utilities/polybench.c.o
[ 66%] Building C object CMakeFiles/mvt.dir/utilities/polybench.c.o
[ 66%] Building C object CMakeFiles/mvt.dir/linear-algebra/kernels/mvt/mvt.c.o
[ 66%] Building C object CMakeFiles/atax.dir/linear-algebra/kernels/atax/atax.c.o
[ 66%] Building C object CMakeFiles/heat-3d.dir/utilities/polybench.c.o
[ 66%] Building C object CMakeFiles/bicg.dir/linear-algebra/kernels/bicg/bicg.c.o
[ 66%] Building C object CMakeFiles/symm.dir/utilities/polybench.c.o
[ 66%] Building C object CMakeFiles/jacobi-1d.dir/stencils/jacobi-1d/jacobi-1d.c.o
[ 66%] Building C object CMakeFiles/jacobi-1d.dir/utilities/polybench.c.o
[ 66%] Building C object CMakeFiles/2mm.dir/utilities/polybench.c.o
[ 66%] Building C object CMakeFiles/3mm.dir/linear-algebra/kernels/3mm/3mm.c.o
[ 66%] Building C object CMakeFiles/atax.dir/utilities/polybench.c.o
[ 66%] Building C object CMakeFiles/doitgen.dir/utilities/polybench.c.o
[ 66%] Building C object CMakeFiles/3mm.dir/utilities/polybench.c.o
[ 66%] Building C object CMakeFiles/syrk.dir/utilities/polybench.c.o
[ 66%] Building C object CMakeFiles/adi.dir/stencils/adi/adi.c.o
[ 67%] Linking C executable durbin
[ 68%] Linking C executable seidel-2d
[ 70%] Linking C executable nussinov
[ 71%] Linking C executable gesummv
[ 72%] Linking C executable floyd-warshall
[ 73%] Linking C executable syrk
[ 74%] Linking C executable trmm
[ 76%] Linking C executable symm
[ 77%] Linking C executable covariance
[ 77%] Linking C executable jacobi-1d
[ 80%] Linking C executable mvt
[ 80%] Linking C executable atax
[ 82%] Linking C executable trisolv
[ 83%] Linking C executable gemm
[ 83%] Linking C executable jacobi-2d
[ 84%] Linking C executable bicg
[ 85%] Linking C executable cholesky
[ 85%] Built target durbin
[ 85%] Built target nussinov
[ 85%] Built target seidel-2d
[ 86%] Linking C executable gemver
[ 87%] Linking C executable gramschmidt
[ 87%] Built target gesummv
[ 88%] Linking C executable syr2k
[ 88%] Built target floyd-warshall
[ 88%] Built target syrk
[ 90%] Linking C executable fdtd-2d
[ 91%] Linking C executable correlation
[ 91%] Built target trmm
[ 93%] Built target symm
[ 93%] Linking C executable heat-3d
[ 93%] Linking C executable lu
[ 94%] Built target jacobi-1d
[ 94%] Built target covariance
[ 94%] Linking C executable adi
[ 94%] Built target atax
[ 94%] Built target mvt
[ 94%] Built target trisolv
[ 95%] Built target gemm
[ 95%] Linking C executable ludcmp
[ 95%] Built target jacobi-2d
[ 95%] Built target bicg
[ 95%] Built target cholesky
[ 96%] Linking C executable deriche
[ 96%] Built target gemver
[ 96%] Built target gramschmidt
[ 96%] Built target syr2k
[ 97%] Linking C executable doitgen
[ 97%] Built target fdtd-2d
[ 97%] Built target correlation
[ 97%] Built target heat-3d
[ 97%] Built target lu
[ 98%] Built target adi
[ 98%] Linking C executable 2mm
[ 98%] Built target ludcmp
[ 98%] Built target deriche
[ 98%] Built target doitgen
[ 98%] Built target 2mm
Skipping c choose_hints 2mm repetition 5 for dataset size MEDIUM (already done).
Skipping c choose_hints 2mm repetition 5 for dataset size MEDIUM (already done).
Skipping c choose_hints adi repetition 5 for dataset size MEDIUM (already done).
Skipping c choose_hints adi repetition 5 for dataset size MEDIUM (already done).
Skipping c choose_hints atax repetition 5 for dataset size MEDIUM (already done).
Skipping c choose_hints atax repetition 5 for dataset size MEDIUM (already done).
Skipping c choose_hints bicg repetition 5 for dataset size MEDIUM (already done).
Skipping c choose_hints bicg repetition 5 for dataset size MEDIUM (already done).
Skipping c choose_hints cholesky repetition 5 for dataset size MEDIUM (already done).
Skipping c choose_hints cholesky repetition 5 for dataset size MEDIUM (already done).
Skipping c choose_hints correlation repetition 5 for dataset size MEDIUM (already done).
Skipping c choose_hints correlation repetition 5 for dataset size MEDIUM (already done).
Skipping c choose_hints covariance repetition 5 for dataset size MEDIUM (already done).
Skipping c choose_hints covariance repetition 5 for dataset size MEDIUM (already done).
Skipping c choose_hints deriche repetition 5 for dataset size MEDIUM (already done).
Skipping c choose_hints deriche repetition 5 for dataset size MEDIUM (already done).
Skipping c choose_hints doitgen repetition 5 for dataset size MEDIUM (already done).
Skipping c choose_hints doitgen repetition 5 for dataset size MEDIUM (already done).
Skipping c choose_hints durbin repetition 5 for dataset size MEDIUM (already done).
Skipping c choose_hints durbin repetition 5 for dataset size MEDIUM (already done).
Skipping c choose_hints fdtd-2d repetition 5 for dataset size MEDIUM (already done).
Skipping c choose_hints fdtd-2d repetition 5 for dataset size MEDIUM (already done).
Skipping c choose_hints floyd-warshall repetition 5 for dataset size MEDIUM (already done).
Skipping c choose_hints floyd-warshall repetition 5 for dataset size MEDIUM (already done).
Skipping c choose_hints gemm repetition 5 for dataset size MEDIUM (already done).
Skipping c choose_hints gemm repetition 5 for dataset size MEDIUM (already done).
Skipping c choose_hints gemver repetition 5 for dataset size MEDIUM (already done).
Skipping c choose_hints gemver repetition 5 for dataset size MEDIUM (already done).
Skipping c choose_hints gesummv repetition 5 for dataset size MEDIUM (already done).
Skipping c choose_hints gesummv repetition 5 for dataset size MEDIUM (already done).
Skipping c choose_hints heat-3d repetition 5 for dataset size MEDIUM (already done).
Skipping c choose_hints heat-3d repetition 5 for dataset size MEDIUM (already done).
Skipping c choose_hints jacobi-1d repetition 5 for dataset size MEDIUM (already done).
Skipping c choose_hints jacobi-1d repetition 5 for dataset size MEDIUM (already done).
Skipping c choose_hints jacobi-2d repetition 5 for dataset size MEDIUM (already done).
Skipping c choose_hints jacobi-2d repetition 5 for dataset size MEDIUM (already done).
Skipping c choose_hints lu repetition 5 for dataset size MEDIUM (already done).
Skipping c choose_hints lu repetition 5 for dataset size MEDIUM (already done).
Skipping c choose_hints ludcmp repetition 5 for dataset size MEDIUM (already done).
Skipping c choose_hints ludcmp repetition 5 for dataset size MEDIUM (already done).
Skipping c choose_hints mvt repetition 5 for dataset size MEDIUM (already done).
Skipping c choose_hints mvt repetition 5 for dataset size MEDIUM (already done).
Skipping c choose_hints nussinov repetition 5 for dataset size MEDIUM (already done).
Skipping c choose_hints nussinov repetition 5 for dataset size MEDIUM (already done).
Skipping c choose_hints seidel-2d repetition 5 for dataset size MEDIUM (already done).
Skipping c choose_hints seidel-2d repetition 5 for dataset size MEDIUM (already done).
Skipping c choose_hints symm repetition 5 for dataset size MEDIUM (already done).
Skipping c choose_hints symm repetition 5 for dataset size MEDIUM (already done).
Skipping c choose_hints syr2k repetition 5 for dataset size MEDIUM (already done).
Skipping c choose_hints syr2k repetition 5 for dataset size MEDIUM (already done).
Skipping c choose_hints syrk repetition 5 for dataset size MEDIUM (already done).
Skipping c choose_hints syrk repetition 5 for dataset size MEDIUM (already done).
Skipping c choose_hints trmm repetition 5 for dataset size MEDIUM (already done).
Skipping c choose_hints trmm repetition 5 for dataset size MEDIUM (already done).
-- The CXX compiler identification is GNU 15.2.0
-- Detecting CXX compiler ABI info
-- Detecting CXX compiler ABI info - done
-- Check for working CXX compiler: /usr/local/latestgcc/bin/g++ - skipped
-- Detecting CXX compile features
-- Detecting CXX compile features - done
-- Using NOARR_STRUCTURES_DIR from environment: /home/kleplj/choose_hints/submodules/noarr-structures
-- Configuring done (0.4s)
-- Generating done (0.8s)
-- Build files have been written to: /home/kleplj/choose_hints/optimization/choose_hints/PolybenchC-Noarr/build
[ 10%] Building CXX object CMakeFiles/gemm.dir/linear-algebra/blas/gemm/gemm.cpp.o
[ 10%] Building CXX object CMakeFiles/correlation.dir/datamining/correlation/correlation.cpp.o
[ 10%] Building CXX object CMakeFiles/covariance.dir/datamining/covariance/covariance.cpp.o
[ 20%] Building CXX object CMakeFiles/gesummv.dir/linear-algebra/blas/gesummv/gesummv.cpp.o
[ 20%] Building CXX object CMakeFiles/symm.dir/linear-algebra/blas/symm/symm.cpp.o
[ 20%] Building CXX object CMakeFiles/syr2k.dir/linear-algebra/blas/syr2k/syr2k.cpp.o
[ 20%] Building CXX object CMakeFiles/trmm.dir/linear-algebra/blas/trmm/trmm.cpp.o
[ 20%] Building CXX object CMakeFiles/syrk.dir/linear-algebra/blas/syrk/syrk.cpp.o
[ 20%] Building CXX object CMakeFiles/gemver.dir/linear-algebra/blas/gemver/gemver.cpp.o
[ 20%] Building CXX object CMakeFiles/2mm.dir/linear-algebra/kernels/2mm/2mm.cpp.o
[ 35%] Building CXX object CMakeFiles/cholesky.dir/linear-algebra/solvers/cholesky/cholesky.cpp.o
[ 50%] Building CXX object CMakeFiles/adi.dir/stencils/adi/adi.cpp.o
[ 50%] Building CXX object CMakeFiles/nussinov.dir/medley/nussinov/nussinov.cpp.o
[ 50%] Building CXX object CMakeFiles/durbin.dir/linear-algebra/solvers/durbin/durbin.cpp.o
[ 50%] Building CXX object CMakeFiles/atax.dir/linear-algebra/kernels/atax/atax.cpp.o
[ 50%] Building CXX object CMakeFiles/doitgen.dir/linear-algebra/kernels/doitgen/doitgen.cpp.o
[ 50%] Building CXX object CMakeFiles/heat-3d.dir/stencils/heat-3d/heat-3d.cpp.o
[ 50%] Building CXX object CMakeFiles/floyd-warshall.dir/medley/floyd-warshall/floyd-warshall.cpp.o
[ 50%] Building CXX object CMakeFiles/trisolv.dir/linear-algebra/solvers/trisolv/trisolv.cpp.o
[ 50%] Building CXX object CMakeFiles/3mm.dir/linear-algebra/kernels/3mm/3mm.cpp.o
[ 50%] Building CXX object CMakeFiles/mvt.dir/linear-algebra/kernels/mvt/mvt.cpp.o
[ 50%] Building CXX object CMakeFiles/bicg.dir/linear-algebra/kernels/bicg/bicg.cpp.o
[ 50%] Building CXX object CMakeFiles/seidel-2d.dir/stencils/seidel-2d/seidel-2d.cpp.o
[ 50%] Building CXX object CMakeFiles/fdtd-2d.dir/stencils/fdtd-2d/fdtd-2d.cpp.o
[ 50%] Building CXX object CMakeFiles/lu.dir/linear-algebra/solvers/lu/lu.cpp.o
[ 50%] Building CXX object CMakeFiles/ludcmp.dir/linear-algebra/solvers/ludcmp/ludcmp.cpp.o
[ 50%] Building CXX object CMakeFiles/deriche.dir/medley/deriche/deriche.cpp.o
[ 50%] Building CXX object CMakeFiles/gramschmidt.dir/linear-algebra/solvers/gramschmidt/gramschmidt.cpp.o
[ 50%] Building CXX object CMakeFiles/jacobi-2d.dir/stencils/jacobi-2d/jacobi-2d.cpp.o
[ 50%] Building CXX object CMakeFiles/jacobi-1d.dir/stencils/jacobi-1d/jacobi-1d.cpp.o
[ 53%] Linking CXX executable nussinov
[ 53%] Linking CXX executable cholesky
[ 55%] Linking CXX executable durbin
[ 55%] Built target durbin
[ 56%] Linking CXX executable floyd-warshall
[ 58%] Linking CXX executable gesummv
[ 60%] Linking CXX executable jacobi-1d
[ 61%] Linking CXX executable trisolv
[ 61%] Built target floyd-warshall
[ 65%] Linking CXX executable jacobi-2d
[ 65%] Linking CXX executable mvt
[ 66%] Linking CXX executable atax
[ 66%] Built target gesummv
[ 66%] Built target jacobi-1d
[ 66%] Built target trisolv
[ 68%] Linking CXX executable bicg
[ 68%] Built target jacobi-2d
[ 68%] Built target mvt
[ 68%] Built target atax
[ 70%] Linking CXX executable seidel-2d
[ 71%] Linking CXX executable adi
[ 71%] Built target bicg
[ 73%] Linking CXX executable lu
[ 75%] Linking CXX executable deriche
[ 75%] Built target seidel-2d
[ 75%] Built target adi
[ 76%] Linking CXX executable syrk
[ 76%] Built target lu
[ 78%] Linking CXX executable trmm
[ 78%] Built target deriche
[ 78%] Built target syrk
[ 80%] Linking CXX executable heat-3d
[ 81%] Linking CXX executable doitgen
[ 81%] Built target trmm
[ 83%] Linking CXX executable syr2k
[ 85%] Linking CXX executable gemver
[ 86%] Linking CXX executable gemm
[ 86%] Built target heat-3d
[ 86%] Built target doitgen
[ 90%] Linking CXX executable fdtd-2d
[ 90%] Linking CXX executable symm
[ 90%] Built target syr2k
[ 90%] Built target gemver
[ 90%] Built target gemm
[ 90%] Built target fdtd-2d
[ 90%] Built target symm
[ 91%] Linking CXX executable ludcmp
[ 93%] Linking CXX executable gramschmidt
[ 93%] Built target ludcmp
[ 95%] Linking CXX executable covariance
[ 95%] Built target gramschmidt
[ 95%] Built target covariance
[ 96%] Linking CXX executable correlation
[ 96%] Built target correlation
[ 98%] Linking CXX executable 2mm
[ 98%] Built target 2mm
[100%] Linking CXX executable 3mm
[100%] Built target 3mm
Skipping noarr choose_hints 2mm repetition 1 for dataset size MEDIUM (already done).
Skipping noarr choose_hints 2mm repetition 1 for dataset size MEDIUM (already done).
Skipping noarr choose_hints 3mm repetition 1 for dataset size MEDIUM (already done).
Skipping noarr choose_hints 3mm repetition 1 for dataset size MEDIUM (already done).
Skipping noarr choose_hints adi repetition 1 for dataset size MEDIUM (already done).
Skipping noarr choose_hints adi repetition 1 for dataset size MEDIUM (already done).
Skipping noarr choose_hints atax repetition 1 for dataset size MEDIUM (already done).
Skipping noarr choose_hints atax repetition 1 for dataset size MEDIUM (already done).
Skipping noarr choose_hints bicg repetition 1 for dataset size MEDIUM (already done).
Skipping noarr choose_hints bicg repetition 1 for dataset size MEDIUM (already done).
Skipping noarr choose_hints correlation repetition 1 for dataset size MEDIUM (already done).
Skipping noarr choose_hints correlation repetition 1 for dataset size MEDIUM (already done).
Skipping noarr choose_hints covariance repetition 1 for dataset size MEDIUM (already done).
Skipping noarr choose_hints covariance repetition 1 for dataset size MEDIUM (already done).
Skipping noarr choose_hints doitgen repetition 1 for dataset size MEDIUM (already done).
Skipping noarr choose_hints doitgen repetition 1 for dataset size MEDIUM (already done).
Skipping noarr choose_hints durbin repetition 1 for dataset size MEDIUM (already done).
Skipping noarr choose_hints durbin repetition 1 for dataset size MEDIUM (already done).
Skipping noarr choose_hints fdtd-2d repetition 1 for dataset size MEDIUM (already done).
Skipping noarr choose_hints fdtd-2d repetition 1 for dataset size MEDIUM (already done).
Skipping noarr choose_hints floyd-warshall repetition 1 for dataset size MEDIUM (already done).
Skipping noarr choose_hints floyd-warshall repetition 1 for dataset size MEDIUM (already done).
Skipping noarr choose_hints gemm repetition 1 for dataset size MEDIUM (already done).
Skipping noarr choose_hints gemm repetition 1 for dataset size MEDIUM (already done).
Skipping noarr choose_hints gemver repetition 1 for dataset size MEDIUM (already done).
Skipping noarr choose_hints gemver repetition 1 for dataset size MEDIUM (already done).
Skipping noarr choose_hints gesummv repetition 1 for dataset size MEDIUM (already done).
Skipping noarr choose_hints gesummv repetition 1 for dataset size MEDIUM (already done).
Skipping noarr choose_hints heat-3d repetition 1 for dataset size MEDIUM (already done).
Skipping noarr choose_hints heat-3d repetition 1 for dataset size MEDIUM (already done).
Skipping noarr choose_hints jacobi-1d repetition 1 for dataset size MEDIUM (already done).
Skipping noarr choose_hints jacobi-1d repetition 1 for dataset size MEDIUM (already done).
Skipping noarr choose_hints jacobi-2d repetition 1 for dataset size MEDIUM (already done).
Skipping noarr choose_hints jacobi-2d repetition 1 for dataset size MEDIUM (already done).
Skipping noarr choose_hints lu repetition 1 for dataset size MEDIUM (already done).
Skipping noarr choose_hints lu repetition 1 for dataset size MEDIUM (already done).
Skipping noarr choose_hints ludcmp repetition 1 for dataset size MEDIUM (already done).
Skipping noarr choose_hints ludcmp repetition 1 for dataset size MEDIUM (already done).
Skipping noarr choose_hints mvt repetition 1 for dataset size MEDIUM (already done).
Skipping noarr choose_hints mvt repetition 1 for dataset size MEDIUM (already done).
Skipping noarr choose_hints seidel-2d repetition 1 for dataset size MEDIUM (already done).
Skipping noarr choose_hints seidel-2d repetition 1 for dataset size MEDIUM (already done).
Skipping noarr choose_hints symm repetition 1 for dataset size MEDIUM (already done).
Skipping noarr choose_hints symm repetition 1 for dataset size MEDIUM (already done).
Skipping noarr choose_hints syr2k repetition 1 for dataset size MEDIUM (already done).
Skipping noarr choose_hints syr2k repetition 1 for dataset size MEDIUM (already done).
Skipping noarr choose_hints syrk repetition 1 for dataset size MEDIUM (already done).
Skipping noarr choose_hints syrk repetition 1 for dataset size MEDIUM (already done).
Skipping noarr choose_hints trisolv repetition 1 for dataset size MEDIUM (already done).
Skipping noarr choose_hints trisolv repetition 1 for dataset size MEDIUM (already done).
Skipping noarr choose_hints trmm repetition 1 for dataset size MEDIUM (already done).
Skipping noarr choose_hints trmm repetition 1 for dataset size MEDIUM (already done).
-- The CXX compiler identification is GNU 15.2.0
-- Detecting CXX compiler ABI info
-- Detecting CXX compiler ABI info - done
-- Check for working CXX compiler: /usr/local/latestgcc/bin/g++ - skipped
-- Detecting CXX compile features
-- Detecting CXX compile features - done
-- Using NOARR_STRUCTURES_DIR from environment: /home/kleplj/choose_hints/submodules/noarr-structures
-- Configuring done (0.4s)
-- Generating done (0.8s)
-- Build files have been written to: /home/kleplj/choose_hints/optimization/choose_hints/PolybenchC-Noarr/build
[  8%] Building CXX object CMakeFiles/covariance.dir/datamining/covariance/covariance.cpp.o
[  8%] Building CXX object CMakeFiles/correlation.dir/datamining/correlation/correlation.cpp.o
[ 11%] Building CXX object CMakeFiles/gemver.dir/linear-algebra/blas/gemver/gemver.cpp.o
[ 11%] Building CXX object CMakeFiles/gesummv.dir/linear-algebra/blas/gesummv/gesummv.cpp.o
[ 11%] Building CXX object CMakeFiles/gemm.dir/linear-algebra/blas/gemm/gemm.cpp.o
[ 20%] Building CXX object CMakeFiles/syr2k.dir/linear-algebra/blas/syr2k/syr2k.cpp.o
[ 20%] Building CXX object CMakeFiles/symm.dir/linear-algebra/blas/symm/symm.cpp.o
[ 20%] Building CXX object CMakeFiles/doitgen.dir/linear-algebra/kernels/doitgen/doitgen.cpp.o
[ 20%] Building CXX object CMakeFiles/2mm.dir/linear-algebra/kernels/2mm/2mm.cpp.o
[ 20%] Building CXX object CMakeFiles/trmm.dir/linear-algebra/blas/trmm/trmm.cpp.o
[ 33%] Building CXX object CMakeFiles/atax.dir/linear-algebra/kernels/atax/atax.cpp.o
[ 50%] Building CXX object CMakeFiles/lu.dir/linear-algebra/solvers/lu/lu.cpp.o
[ 50%] Building CXX object CMakeFiles/floyd-warshall.dir/medley/floyd-warshall/floyd-warshall.cpp.o
[ 50%] Building CXX object CMakeFiles/syrk.dir/linear-algebra/blas/syrk/syrk.cpp.o
[ 50%] Building CXX object CMakeFiles/ludcmp.dir/linear-algebra/solvers/ludcmp/ludcmp.cpp.o
[ 50%] Building CXX object CMakeFiles/3mm.dir/linear-algebra/kernels/3mm/3mm.cpp.o
[ 50%] Building CXX object CMakeFiles/jacobi-2d.dir/stencils/jacobi-2d/jacobi-2d.cpp.o
[ 50%] Building CXX object CMakeFiles/deriche.dir/medley/deriche/deriche.cpp.o
[ 50%] Building CXX object CMakeFiles/heat-3d.dir/stencils/heat-3d/heat-3d.cpp.o
[ 50%] Building CXX object CMakeFiles/cholesky.dir/linear-algebra/solvers/cholesky/cholesky.cpp.o
[ 50%] Building CXX object CMakeFiles/bicg.dir/linear-algebra/kernels/bicg/bicg.cpp.o
[ 50%] Building CXX object CMakeFiles/mvt.dir/linear-algebra/kernels/mvt/mvt.cpp.o
[ 50%] Building CXX object CMakeFiles/seidel-2d.dir/stencils/seidel-2d/seidel-2d.cpp.o
[ 50%] Building CXX object CMakeFiles/gramschmidt.dir/linear-algebra/solvers/gramschmidt/gramschmidt.cpp.o
[ 50%] Building CXX object CMakeFiles/nussinov.dir/medley/nussinov/nussinov.cpp.o
[ 50%] Building CXX object CMakeFiles/trisolv.dir/linear-algebra/solvers/trisolv/trisolv.cpp.o
[ 50%] Building CXX object CMakeFiles/durbin.dir/linear-algebra/solvers/durbin/durbin.cpp.o
[ 50%] Building CXX object CMakeFiles/jacobi-1d.dir/stencils/jacobi-1d/jacobi-1d.cpp.o
[ 50%] Building CXX object CMakeFiles/fdtd-2d.dir/stencils/fdtd-2d/fdtd-2d.cpp.o
[ 50%] Building CXX object CMakeFiles/adi.dir/stencils/adi/adi.cpp.o
[ 53%] Linking CXX executable cholesky
[ 53%] Linking CXX executable nussinov
[ 55%] Linking CXX executable jacobi-1d
[ 56%] Linking CXX executable durbin
[ 56%] Built target jacobi-1d
[ 56%] Built target durbin
[ 58%] Linking CXX executable seidel-2d
[ 60%] Linking CXX executable floyd-warshall
[ 61%] Linking CXX executable gesummv
[ 63%] Linking CXX executable mvt
[ 63%] Built target seidel-2d
[ 65%] Linking CXX executable trisolv
[ 66%] Linking CXX executable bicg
[ 66%] Built target floyd-warshall
[ 66%] Built target gesummv
[ 66%] Built target mvt
[ 68%] Linking CXX executable adi
[ 70%] Linking CXX executable atax
[ 70%] Built target trisolv
[ 71%] Linking CXX executable trmm
[ 71%] Built target bicg
[ 71%] Built target adi
[ 71%] Built target atax
[ 71%] Built target trmm
[ 75%] Linking CXX executable lu
[ 75%] Linking CXX executable gemver
[ 76%] Linking CXX executable deriche
[ 78%] Linking CXX executable syrk
[ 80%] Linking CXX executable jacobi-2d
[ 81%] Linking CXX executable doitgen
[ 81%] Built target lu
[ 81%] Built target gemver
[ 81%] Built target deriche
[ 83%] Linking CXX executable symm
[ 83%] Built target syrk
[ 83%] Built target jacobi-2d
[ 83%] Built target doitgen
[ 85%] Linking CXX executable gemm
[ 85%] Built target symm
[ 88%] Linking CXX executable heat-3d
[ 88%] Linking CXX executable gramschmidt
[ 90%] Linking CXX executable syr2k
[ 90%] Built target gemm
[ 90%] Built target gramschmidt
[ 90%] Built target heat-3d
[ 90%] Built target syr2k
[ 91%] Linking CXX executable ludcmp
[ 93%] Linking CXX executable covariance
[ 93%] Built target ludcmp
[ 93%] Built target covariance
[ 95%] Linking CXX executable correlation
[ 95%] Built target correlation
[ 96%] Linking CXX executable 2mm
[ 96%] Built target 2mm
[ 98%] Linking CXX executable 3mm
[ 98%] Built target 3mm
Skipping noarr choose_hints 2mm repetition 2 for dataset size MEDIUM (already done).
Skipping noarr choose_hints 2mm repetition 2 for dataset size MEDIUM (already done).
Skipping noarr choose_hints 3mm repetition 2 for dataset size MEDIUM (already done).
Skipping noarr choose_hints 3mm repetition 2 for dataset size MEDIUM (already done).
Skipping noarr choose_hints adi repetition 2 for dataset size MEDIUM (already done).
Skipping noarr choose_hints adi repetition 2 for dataset size MEDIUM (already done).
Skipping noarr choose_hints atax repetition 2 for dataset size MEDIUM (already done).
Skipping noarr choose_hints atax repetition 2 for dataset size MEDIUM (already done).
Skipping noarr choose_hints bicg repetition 2 for dataset size MEDIUM (already done).
Skipping noarr choose_hints bicg repetition 2 for dataset size MEDIUM (already done).
Skipping noarr choose_hints correlation repetition 2 for dataset size MEDIUM (already done).
Skipping noarr choose_hints correlation repetition 2 for dataset size MEDIUM (already done).
Skipping noarr choose_hints covariance repetition 2 for dataset size MEDIUM (already done).
Skipping noarr choose_hints covariance repetition 2 for dataset size MEDIUM (already done).
Skipping noarr choose_hints deriche repetition 2 for dataset size MEDIUM (already done).
Skipping noarr choose_hints deriche repetition 2 for dataset size MEDIUM (already done).
Skipping noarr choose_hints doitgen repetition 2 for dataset size MEDIUM (already done).
Skipping noarr choose_hints doitgen repetition 2 for dataset size MEDIUM (already done).
Skipping noarr choose_hints durbin repetition 2 for dataset size MEDIUM (already done).
Skipping noarr choose_hints durbin repetition 2 for dataset size MEDIUM (already done).
Skipping noarr choose_hints floyd-warshall repetition 2 for dataset size MEDIUM (already done).
Skipping noarr choose_hints floyd-warshall repetition 2 for dataset size MEDIUM (already done).
Skipping noarr choose_hints gemm repetition 2 for dataset size MEDIUM (already done).
Skipping noarr choose_hints gemm repetition 2 for dataset size MEDIUM (already done).
Skipping noarr choose_hints gemver repetition 2 for dataset size MEDIUM (already done).
Skipping noarr choose_hints gemver repetition 2 for dataset size MEDIUM (already done).
Skipping noarr choose_hints gesummv repetition 2 for dataset size MEDIUM (already done).
Skipping noarr choose_hints gesummv repetition 2 for dataset size MEDIUM (already done).
Skipping noarr choose_hints heat-3d repetition 2 for dataset size MEDIUM (already done).
Skipping noarr choose_hints heat-3d repetition 2 for dataset size MEDIUM (already done).
Skipping noarr choose_hints jacobi-1d repetition 2 for dataset size MEDIUM (already done).
Skipping noarr choose_hints jacobi-1d repetition 2 for dataset size MEDIUM (already done).
Skipping noarr choose_hints jacobi-2d repetition 2 for dataset size MEDIUM (already done).
Skipping noarr choose_hints jacobi-2d repetition 2 for dataset size MEDIUM (already done).
Skipping noarr choose_hints lu repetition 2 for dataset size MEDIUM (already done).
Skipping noarr choose_hints lu repetition 2 for dataset size MEDIUM (already done).
Skipping noarr choose_hints ludcmp repetition 2 for dataset size MEDIUM (already done).
Skipping noarr choose_hints ludcmp repetition 2 for dataset size MEDIUM (already done).
Skipping noarr choose_hints mvt repetition 2 for dataset size MEDIUM (already done).
Skipping noarr choose_hints mvt repetition 2 for dataset size MEDIUM (already done).
Skipping noarr choose_hints seidel-2d repetition 2 for dataset size MEDIUM (already done).
Skipping noarr choose_hints seidel-2d repetition 2 for dataset size MEDIUM (already done).
Skipping noarr choose_hints symm repetition 2 for dataset size MEDIUM (already done).
Skipping noarr choose_hints symm repetition 2 for dataset size MEDIUM (already done).
Skipping noarr choose_hints syr2k repetition 2 for dataset size MEDIUM (already done).
Skipping noarr choose_hints syr2k repetition 2 for dataset size MEDIUM (already done).
Skipping noarr choose_hints syrk repetition 2 for dataset size MEDIUM (already done).
Skipping noarr choose_hints syrk repetition 2 for dataset size MEDIUM (already done).
Skipping noarr choose_hints trisolv repetition 2 for dataset size MEDIUM (already done).
Skipping noarr choose_hints trisolv repetition 2 for dataset size MEDIUM (already done).
Skipping noarr choose_hints trmm repetition 2 for dataset size MEDIUM (already done).
Skipping noarr choose_hints trmm repetition 2 for dataset size MEDIUM (already done).
-- The CXX compiler identification is GNU 15.2.0
-- Detecting CXX compiler ABI info
-- Detecting CXX compiler ABI info - done
-- Check for working CXX compiler: /usr/local/latestgcc/bin/g++ - skipped
-- Detecting CXX compile features
-- Detecting CXX compile features - done
-- Using NOARR_STRUCTURES_DIR from environment: /home/kleplj/choose_hints/submodules/noarr-structures
-- Configuring done (0.4s)
-- Generating done (0.8s)
-- Build files have been written to: /home/kleplj/choose_hints/optimization/choose_hints/PolybenchC-Noarr/build
[  5%] Building CXX object CMakeFiles/covariance.dir/datamining/covariance/covariance.cpp.o
[  8%] Building CXX object CMakeFiles/gemm.dir/linear-algebra/blas/gemm/gemm.cpp.o
[  8%] Building CXX object CMakeFiles/correlation.dir/datamining/correlation/correlation.cpp.o
[ 13%] Building CXX object CMakeFiles/gemver.dir/linear-algebra/blas/gemver/gemver.cpp.o
[ 13%] Building CXX object CMakeFiles/symm.dir/linear-algebra/blas/symm/symm.cpp.o
[ 23%] Building CXX object CMakeFiles/3mm.dir/linear-algebra/kernels/3mm/3mm.cpp.o
[ 23%] Building CXX object CMakeFiles/2mm.dir/linear-algebra/kernels/2mm/2mm.cpp.o
[ 23%] Building CXX object CMakeFiles/doitgen.dir/linear-algebra/kernels/doitgen/doitgen.cpp.o
[ 23%] Building CXX object CMakeFiles/atax.dir/linear-algebra/kernels/atax/atax.cpp.o
[ 23%] Building CXX object CMakeFiles/syrk.dir/linear-algebra/blas/syrk/syrk.cpp.o
[ 23%] Building CXX object CMakeFiles/gesummv.dir/linear-algebra/blas/gesummv/gesummv.cpp.o
[ 36%] Building CXX object CMakeFiles/syr2k.dir/linear-algebra/blas/syr2k/syr2k.cpp.o
[ 50%] Building CXX object CMakeFiles/bicg.dir/linear-algebra/kernels/bicg/bicg.cpp.o
[ 50%] Building CXX object CMakeFiles/jacobi-2d.dir/stencils/jacobi-2d/jacobi-2d.cpp.o
[ 50%] Building CXX object CMakeFiles/adi.dir/stencils/adi/adi.cpp.o
[ 50%] Building CXX object CMakeFiles/trisolv.dir/linear-algebra/solvers/trisolv/trisolv.cpp.o
[ 50%] Building CXX object CMakeFiles/deriche.dir/medley/deriche/deriche.cpp.o
[ 50%] Building CXX object CMakeFiles/cholesky.dir/linear-algebra/solvers/cholesky/cholesky.cpp.o
[ 50%] Building CXX object CMakeFiles/lu.dir/linear-algebra/solvers/lu/lu.cpp.o
[ 50%] Building CXX object CMakeFiles/floyd-warshall.dir/medley/floyd-warshall/floyd-warshall.cpp.o
[ 50%] Building CXX object CMakeFiles/durbin.dir/linear-algebra/solvers/durbin/durbin.cpp.o
[ 50%] Building CXX object CMakeFiles/mvt.dir/linear-algebra/kernels/mvt/mvt.cpp.o
[ 50%] Building CXX object CMakeFiles/jacobi-1d.dir/stencils/jacobi-1d/jacobi-1d.cpp.o
[ 50%] Building CXX object CMakeFiles/trmm.dir/linear-algebra/blas/trmm/trmm.cpp.o
[ 50%] Building CXX object CMakeFiles/heat-3d.dir/stencils/heat-3d/heat-3d.cpp.o
[ 50%] Building CXX object CMakeFiles/ludcmp.dir/linear-algebra/solvers/ludcmp/ludcmp.cpp.o
[ 50%] Building CXX object CMakeFiles/gramschmidt.dir/linear-algebra/solvers/gramschmidt/gramschmidt.cpp.o
[ 50%] Building CXX object CMakeFiles/nussinov.dir/medley/nussinov/nussinov.cpp.o
[ 50%] Building CXX object CMakeFiles/fdtd-2d.dir/stencils/fdtd-2d/fdtd-2d.cpp.o
[ 50%] Building CXX object CMakeFiles/seidel-2d.dir/stencils/seidel-2d/seidel-2d.cpp.o
[ 53%] Linking CXX executable nussinov
[ 53%] Linking CXX executable cholesky
[ 55%] Linking CXX executable jacobi-1d
[ 56%] Linking CXX executable durbin
[ 56%] Built target jacobi-1d
[ 58%] Linking CXX executable seidel-2d
[ 60%] Linking CXX executable floyd-warshall
[ 60%] Built target durbin
[ 61%] Linking CXX executable gesummv
[ 63%] Linking CXX executable mvt
[ 65%] Linking CXX executable jacobi-2d
[ 65%] Built target seidel-2d
[ 66%] Linking CXX executable trisolv
[ 66%] Built target floyd-warshall
[ 68%] Linking CXX executable bicg
[ 68%] Built target gesummv
[ 68%] Built target mvt
[ 68%] Built target jacobi-2d
[ 68%] Built target trisolv
[ 70%] Linking CXX executable adi
[ 70%] Built target bicg
[ 71%] Linking CXX executable atax
[ 73%] Linking CXX executable trmm
[ 73%] Built target adi
[ 73%] Built target atax
[ 75%] Linking CXX executable lu
[ 76%] Linking CXX executable syrk
[ 76%] Built target trmm
[ 78%] Linking CXX executable symm
[ 80%] Linking CXX executable syr2k
[ 80%] Built target lu
[ 80%] Built target syrk
[ 81%] Linking CXX executable gemver
[ 83%] Linking CXX executable doitgen
[ 83%] Built target symm
[ 83%] Built target syr2k
[ 83%] Built target gemver
[ 85%] Linking CXX executable gemm
[ 86%] Linking CXX executable gramschmidt
[ 86%] Built target doitgen
[ 88%] Linking CXX executable covariance
[ 88%] Built target gemm
[ 88%] Built target gramschmidt
[ 90%] Linking CXX executable fdtd-2d
[ 90%] Built target covariance
[ 91%] Linking CXX executable ludcmp
[ 91%] Built target fdtd-2d
[ 91%] Built target ludcmp
[ 93%] Linking CXX executable correlation
[ 95%] Linking CXX executable heat-3d
[ 95%] Built target correlation
[ 95%] Built target heat-3d
[ 96%] Linking CXX executable 2mm
[ 96%] Built target 2mm
[ 98%] Linking CXX executable 3mm
[ 98%] Built target 3mm
Skipping noarr choose_hints 2mm repetition 3 for dataset size MEDIUM (already done).
Skipping noarr choose_hints 2mm repetition 3 for dataset size MEDIUM (already done).
Skipping noarr choose_hints 3mm repetition 3 for dataset size MEDIUM (already done).
Skipping noarr choose_hints 3mm repetition 3 for dataset size MEDIUM (already done).
Skipping noarr choose_hints adi repetition 3 for dataset size MEDIUM (already done).
Skipping noarr choose_hints adi repetition 3 for dataset size MEDIUM (already done).
Skipping noarr choose_hints atax repetition 3 for dataset size MEDIUM (already done).
Skipping noarr choose_hints atax repetition 3 for dataset size MEDIUM (already done).
Skipping noarr choose_hints bicg repetition 3 for dataset size MEDIUM (already done).
Skipping noarr choose_hints bicg repetition 3 for dataset size MEDIUM (already done).
Skipping noarr choose_hints correlation repetition 3 for dataset size MEDIUM (already done).
Skipping noarr choose_hints correlation repetition 3 for dataset size MEDIUM (already done).
Skipping noarr choose_hints covariance repetition 3 for dataset size MEDIUM (already done).
Skipping noarr choose_hints covariance repetition 3 for dataset size MEDIUM (already done).
Skipping noarr choose_hints doitgen repetition 3 for dataset size MEDIUM (already done).
Skipping noarr choose_hints doitgen repetition 3 for dataset size MEDIUM (already done).
Skipping noarr choose_hints durbin repetition 3 for dataset size MEDIUM (already done).
Skipping noarr choose_hints durbin repetition 3 for dataset size MEDIUM (already done).
Skipping noarr choose_hints fdtd-2d repetition 3 for dataset size MEDIUM (already done).
Skipping noarr choose_hints fdtd-2d repetition 3 for dataset size MEDIUM (already done).
Skipping noarr choose_hints floyd-warshall repetition 3 for dataset size MEDIUM (already done).
Skipping noarr choose_hints floyd-warshall repetition 3 for dataset size MEDIUM (already done).
Skipping noarr choose_hints gemm repetition 3 for dataset size MEDIUM (already done).
Skipping noarr choose_hints gemm repetition 3 for dataset size MEDIUM (already done).
Skipping noarr choose_hints gemver repetition 3 for dataset size MEDIUM (already done).
Skipping noarr choose_hints gemver repetition 3 for dataset size MEDIUM (already done).
Skipping noarr choose_hints gesummv repetition 3 for dataset size MEDIUM (already done).
Skipping noarr choose_hints gesummv repetition 3 for dataset size MEDIUM (already done).
Skipping noarr choose_hints heat-3d repetition 3 for dataset size MEDIUM (already done).
Skipping noarr choose_hints heat-3d repetition 3 for dataset size MEDIUM (already done).
Skipping noarr choose_hints jacobi-1d repetition 3 for dataset size MEDIUM (already done).
Skipping noarr choose_hints jacobi-1d repetition 3 for dataset size MEDIUM (already done).
Skipping noarr choose_hints jacobi-2d repetition 3 for dataset size MEDIUM (already done).
Skipping noarr choose_hints jacobi-2d repetition 3 for dataset size MEDIUM (already done).
Skipping noarr choose_hints lu repetition 3 for dataset size MEDIUM (already done).
Skipping noarr choose_hints lu repetition 3 for dataset size MEDIUM (already done).
Skipping noarr choose_hints ludcmp repetition 3 for dataset size MEDIUM (already done).
Skipping noarr choose_hints ludcmp repetition 3 for dataset size MEDIUM (already done).
Skipping noarr choose_hints mvt repetition 3 for dataset size MEDIUM (already done).
Skipping noarr choose_hints mvt repetition 3 for dataset size MEDIUM (already done).
Skipping noarr choose_hints seidel-2d repetition 3 for dataset size MEDIUM (already done).
Skipping noarr choose_hints seidel-2d repetition 3 for dataset size MEDIUM (already done).
Skipping noarr choose_hints symm repetition 3 for dataset size MEDIUM (already done).
Skipping noarr choose_hints symm repetition 3 for dataset size MEDIUM (already done).
Skipping noarr choose_hints syr2k repetition 3 for dataset size MEDIUM (already done).
Skipping noarr choose_hints syr2k repetition 3 for dataset size MEDIUM (already done).
Skipping noarr choose_hints syrk repetition 3 for dataset size MEDIUM (already done).
Skipping noarr choose_hints syrk repetition 3 for dataset size MEDIUM (already done).
Skipping noarr choose_hints trisolv repetition 3 for dataset size MEDIUM (already done).
Skipping noarr choose_hints trisolv repetition 3 for dataset size MEDIUM (already done).
Skipping noarr choose_hints trmm repetition 3 for dataset size MEDIUM (already done).
Skipping noarr choose_hints trmm repetition 3 for dataset size MEDIUM (already done).
-- The CXX compiler identification is GNU 15.2.0
-- Detecting CXX compiler ABI info
-- Detecting CXX compiler ABI info - done
-- Check for working CXX compiler: /usr/local/latestgcc/bin/g++ - skipped
-- Detecting CXX compile features
-- Detecting CXX compile features - done
-- Using NOARR_STRUCTURES_DIR from environment: /home/kleplj/choose_hints/submodules/noarr-structures
-- Configuring done (0.4s)
-- Generating done (0.7s)
-- Build files have been written to: /home/kleplj/choose_hints/optimization/choose_hints/PolybenchC-Noarr/build
[  5%] Building CXX object CMakeFiles/correlation.dir/datamining/correlation/correlation.cpp.o
[  5%] Building CXX object CMakeFiles/covariance.dir/datamining/covariance/covariance.cpp.o
[ 10%] Building CXX object CMakeFiles/gemver.dir/linear-algebra/blas/gemver/gemver.cpp.o
[ 10%] Building CXX object CMakeFiles/symm.dir/linear-algebra/blas/symm/symm.cpp.o
[ 13%] Building CXX object CMakeFiles/gemm.dir/linear-algebra/blas/gemm/gemm.cpp.o
[ 18%] Building CXX object CMakeFiles/trmm.dir/linear-algebra/blas/trmm/trmm.cpp.o
[ 13%] Building CXX object CMakeFiles/syr2k.dir/linear-algebra/blas/syr2k/syr2k.cpp.o
[ 20%] Building CXX object CMakeFiles/gesummv.dir/linear-algebra/blas/gesummv/gesummv.cpp.o
[ 20%] Building CXX object CMakeFiles/syrk.dir/linear-algebra/blas/syrk/syrk.cpp.o
[ 20%] Building CXX object CMakeFiles/2mm.dir/linear-algebra/kernels/2mm/2mm.cpp.o
[ 20%] Building CXX object CMakeFiles/3mm.dir/linear-algebra/kernels/3mm/3mm.cpp.o
[ 50%] Building CXX object CMakeFiles/floyd-warshall.dir/medley/floyd-warshall/floyd-warshall.cpp.o
[ 50%] Building CXX object CMakeFiles/ludcmp.dir/linear-algebra/solvers/ludcmp/ludcmp.cpp.o
[ 50%] Building CXX object CMakeFiles/fdtd-2d.dir/stencils/fdtd-2d/fdtd-2d.cpp.o
[ 50%] Building CXX object CMakeFiles/durbin.dir/linear-algebra/solvers/durbin/durbin.cpp.o
[ 50%] Building CXX object CMakeFiles/gramschmidt.dir/linear-algebra/solvers/gramschmidt/gramschmidt.cpp.o
[ 50%] Building CXX object CMakeFiles/bicg.dir/linear-algebra/kernels/bicg/bicg.cpp.o
[ 50%] Building CXX object CMakeFiles/heat-3d.dir/stencils/heat-3d/heat-3d.cpp.o
[ 50%] Building CXX object CMakeFiles/cholesky.dir/linear-algebra/solvers/cholesky/cholesky.cpp.o
[ 50%] Building CXX object CMakeFiles/nussinov.dir/medley/nussinov/nussinov.cpp.o
[ 50%] Building CXX object CMakeFiles/mvt.dir/linear-algebra/kernels/mvt/mvt.cpp.o
[ 50%] Building CXX object CMakeFiles/jacobi-2d.dir/stencils/jacobi-2d/jacobi-2d.cpp.o
[ 50%] Building CXX object CMakeFiles/doitgen.dir/linear-algebra/kernels/doitgen/doitgen.cpp.o
[ 50%] Building CXX object CMakeFiles/atax.dir/linear-algebra/kernels/atax/atax.cpp.o
[ 50%] Building CXX object CMakeFiles/deriche.dir/medley/deriche/deriche.cpp.o
[ 50%] Building CXX object CMakeFiles/lu.dir/linear-algebra/solvers/lu/lu.cpp.o
[ 50%] Building CXX object CMakeFiles/trisolv.dir/linear-algebra/solvers/trisolv/trisolv.cpp.o
[ 50%] Building CXX object CMakeFiles/adi.dir/stencils/adi/adi.cpp.o
[ 50%] Building CXX object CMakeFiles/jacobi-1d.dir/stencils/jacobi-1d/jacobi-1d.cpp.o
[ 50%] Building CXX object CMakeFiles/seidel-2d.dir/stencils/seidel-2d/seidel-2d.cpp.o
[ 53%] Linking CXX executable nussinov
[ 53%] Linking CXX executable cholesky
[ 56%] Linking CXX executable jacobi-1d
[ 56%] Linking CXX executable durbin
[ 56%] Built target jacobi-1d
[ 56%] Built target durbin
[ 58%] Linking CXX executable mvt
[ 60%] Linking CXX executable gesummv
[ 61%] Linking CXX executable floyd-warshall
[ 63%] Linking CXX executable trisolv
[ 65%] Linking CXX executable atax
[ 66%] Linking CXX executable bicg
[ 68%] Linking CXX executable jacobi-2d
[ 68%] Built target mvt
[ 68%] Built target floyd-warshall
[ 68%] Built target trisolv
[ 68%] Built target gesummv
[ 70%] Built target atax
[ 70%] Linking CXX executable adi
[ 70%] Built target bicg
[ 71%] Linking CXX executable deriche
[ 73%] Linking CXX executable seidel-2d
[ 73%] Built target jacobi-2d
[ 75%] Linking CXX executable ludcmp
[ 75%] Built target adi
[ 75%] Built target seidel-2d
[ 75%] Built target deriche
[ 76%] Linking CXX executable lu
[ 76%] Built target ludcmp
[ 78%] Linking CXX executable gemver
[ 78%] Built target lu
[ 80%] Linking CXX executable trmm
[ 81%] Linking CXX executable syrk
[ 83%] Linking CXX executable gramschmidt
[ 85%] Linking CXX executable syr2k
[ 85%] Built target gemver
[ 86%] Linking CXX executable doitgen
[ 86%] Built target trmm
[ 86%] Built target syrk
[ 88%] Linking CXX executable gemm
[ 88%] Built target gramschmidt
[ 90%] Linking CXX executable symm
[ 90%] Built target syr2k
[ 91%] Linking CXX executable heat-3d
[ 91%] Built target doitgen
[ 91%] Built target gemm
[ 91%] Built target symm
[ 91%] Built target heat-3d
[ 93%] Linking CXX executable covariance
[ 93%] Built target covariance
[ 95%] Linking CXX executable correlation
[ 95%] Built target correlation
[ 96%] Linking CXX executable 2mm
[ 96%] Built target 2mm
[ 98%] Linking CXX executable 3mm
[ 98%] Built target 3mm
Skipping noarr choose_hints 2mm repetition 4 for dataset size MEDIUM (already done).
Skipping noarr choose_hints 2mm repetition 4 for dataset size MEDIUM (already done).
Skipping noarr choose_hints 3mm repetition 4 for dataset size MEDIUM (already done).
Skipping noarr choose_hints 3mm repetition 4 for dataset size MEDIUM (already done).
Skipping noarr choose_hints adi repetition 4 for dataset size MEDIUM (already done).
Skipping noarr choose_hints adi repetition 4 for dataset size MEDIUM (already done).
Skipping noarr choose_hints atax repetition 4 for dataset size MEDIUM (already done).
Skipping noarr choose_hints atax repetition 4 for dataset size MEDIUM (already done).
Skipping noarr choose_hints bicg repetition 4 for dataset size MEDIUM (already done).
Skipping noarr choose_hints bicg repetition 4 for dataset size MEDIUM (already done).
Skipping noarr choose_hints correlation repetition 4 for dataset size MEDIUM (already done).
Skipping noarr choose_hints correlation repetition 4 for dataset size MEDIUM (already done).
Skipping noarr choose_hints covariance repetition 4 for dataset size MEDIUM (already done).
Skipping noarr choose_hints covariance repetition 4 for dataset size MEDIUM (already done).
Skipping noarr choose_hints deriche repetition 4 for dataset size MEDIUM (already done).
Skipping noarr choose_hints deriche repetition 4 for dataset size MEDIUM (already done).
Skipping noarr choose_hints doitgen repetition 4 for dataset size MEDIUM (already done).
Skipping noarr choose_hints doitgen repetition 4 for dataset size MEDIUM (already done).
Skipping noarr choose_hints durbin repetition 4 for dataset size MEDIUM (already done).
Skipping noarr choose_hints durbin repetition 4 for dataset size MEDIUM (already done).
Skipping noarr choose_hints floyd-warshall repetition 4 for dataset size MEDIUM (already done).
Skipping noarr choose_hints floyd-warshall repetition 4 for dataset size MEDIUM (already done).
Skipping noarr choose_hints gemm repetition 4 for dataset size MEDIUM (already done).
Skipping noarr choose_hints gemm repetition 4 for dataset size MEDIUM (already done).
Skipping noarr choose_hints gemver repetition 4 for dataset size MEDIUM (already done).
Skipping noarr choose_hints gemver repetition 4 for dataset size MEDIUM (already done).
Skipping noarr choose_hints gesummv repetition 4 for dataset size MEDIUM (already done).
Skipping noarr choose_hints gesummv repetition 4 for dataset size MEDIUM (already done).
Skipping noarr choose_hints heat-3d repetition 4 for dataset size MEDIUM (already done).
Skipping noarr choose_hints heat-3d repetition 4 for dataset size MEDIUM (already done).
Skipping noarr choose_hints jacobi-1d repetition 4 for dataset size MEDIUM (already done).
Skipping noarr choose_hints jacobi-1d repetition 4 for dataset size MEDIUM (already done).
Skipping noarr choose_hints jacobi-2d repetition 4 for dataset size MEDIUM (already done).
Skipping noarr choose_hints jacobi-2d repetition 4 for dataset size MEDIUM (already done).
Skipping noarr choose_hints ludcmp repetition 4 for dataset size MEDIUM (already done).
Skipping noarr choose_hints ludcmp repetition 4 for dataset size MEDIUM (already done).
Skipping noarr choose_hints mvt repetition 4 for dataset size MEDIUM (already done).
Skipping noarr choose_hints mvt repetition 4 for dataset size MEDIUM (already done).
Skipping noarr choose_hints seidel-2d repetition 4 for dataset size MEDIUM (already done).
Skipping noarr choose_hints seidel-2d repetition 4 for dataset size MEDIUM (already done).
Skipping noarr choose_hints syr2k repetition 4 for dataset size MEDIUM (already done).
Skipping noarr choose_hints syr2k repetition 4 for dataset size MEDIUM (already done).
Skipping noarr choose_hints syrk repetition 4 for dataset size MEDIUM (already done).
Skipping noarr choose_hints syrk repetition 4 for dataset size MEDIUM (already done).
Skipping noarr choose_hints trisolv repetition 4 for dataset size MEDIUM (already done).
Skipping noarr choose_hints trisolv repetition 4 for dataset size MEDIUM (already done).
Skipping noarr choose_hints trmm repetition 4 for dataset size MEDIUM (already done).
Skipping noarr choose_hints trmm repetition 4 for dataset size MEDIUM (already done).
-- The CXX compiler identification is GNU 15.2.0
-- Detecting CXX compiler ABI info
-- Detecting CXX compiler ABI info - done
-- Check for working CXX compiler: /usr/local/latestgcc/bin/g++ - skipped
-- Detecting CXX compile features
-- Detecting CXX compile features - done
-- Using NOARR_STRUCTURES_DIR from environment: /home/kleplj/choose_hints/submodules/noarr-structures
-- Configuring done (0.4s)
-- Generating done (0.7s)
-- Build files have been written to: /home/kleplj/choose_hints/optimization/choose_hints/PolybenchC-Noarr/build
[ 10%] Building CXX object CMakeFiles/covariance.dir/datamining/covariance/covariance.cpp.o
[ 10%] Building CXX object CMakeFiles/gemm.dir/linear-algebra/blas/gemm/gemm.cpp.o
[ 10%] Building CXX object CMakeFiles/correlation.dir/datamining/correlation/correlation.cpp.o
[ 21%] Building CXX object CMakeFiles/trmm.dir/linear-algebra/blas/trmm/trmm.cpp.o
[ 21%] Building CXX object CMakeFiles/3mm.dir/linear-algebra/kernels/3mm/3mm.cpp.o
[ 21%] Building CXX object CMakeFiles/syrk.dir/linear-algebra/blas/syrk/syrk.cpp.o
[ 21%] Building CXX object CMakeFiles/symm.dir/linear-algebra/blas/symm/symm.cpp.o
[ 21%] Building CXX object CMakeFiles/gesummv.dir/linear-algebra/blas/gesummv/gesummv.cpp.o
[ 21%] Building CXX object CMakeFiles/gemver.dir/linear-algebra/blas/gemver/gemver.cpp.o
[ 21%] Building CXX object CMakeFiles/syr2k.dir/linear-algebra/blas/syr2k/syr2k.cpp.o
[ 50%] Building CXX object CMakeFiles/nussinov.dir/medley/nussinov/nussinov.cpp.o
[ 50%] Building CXX object CMakeFiles/atax.dir/linear-algebra/kernels/atax/atax.cpp.o
[ 50%] Building CXX object CMakeFiles/fdtd-2d.dir/stencils/fdtd-2d/fdtd-2d.cpp.o
[ 50%] Building CXX object CMakeFiles/floyd-warshall.dir/medley/floyd-warshall/floyd-warshall.cpp.o
[ 50%] Building CXX object CMakeFiles/heat-3d.dir/stencils/heat-3d/heat-3d.cpp.o
[ 50%] Building CXX object CMakeFiles/trisolv.dir/linear-algebra/solvers/trisolv/trisolv.cpp.o
[ 50%] Building CXX object CMakeFiles/deriche.dir/medley/deriche/deriche.cpp.o
[ 50%] Building CXX object CMakeFiles/gramschmidt.dir/linear-algebra/solvers/gramschmidt/gramschmidt.cpp.o
[ 50%] Building CXX object CMakeFiles/lu.dir/linear-algebra/solvers/lu/lu.cpp.o
[ 50%] Building CXX object CMakeFiles/cholesky.dir/linear-algebra/solvers/cholesky/cholesky.cpp.o
[ 50%] Building CXX object CMakeFiles/durbin.dir/linear-algebra/solvers/durbin/durbin.cpp.o
[ 50%] Building CXX object CMakeFiles/doitgen.dir/linear-algebra/kernels/doitgen/doitgen.cpp.o
[ 50%] Building CXX object CMakeFiles/bicg.dir/linear-algebra/kernels/bicg/bicg.cpp.o
[ 50%] Building CXX object CMakeFiles/jacobi-1d.dir/stencils/jacobi-1d/jacobi-1d.cpp.o
[ 50%] Building CXX object CMakeFiles/mvt.dir/linear-algebra/kernels/mvt/mvt.cpp.o
[ 50%] Building CXX object CMakeFiles/adi.dir/stencils/adi/adi.cpp.o
[ 50%] Building CXX object CMakeFiles/ludcmp.dir/linear-algebra/solvers/ludcmp/ludcmp.cpp.o
[ 50%] Building CXX object CMakeFiles/2mm.dir/linear-algebra/kernels/2mm/2mm.cpp.o
[ 50%] Building CXX object CMakeFiles/jacobi-2d.dir/stencils/jacobi-2d/jacobi-2d.cpp.o
[ 50%] Building CXX object CMakeFiles/seidel-2d.dir/stencils/seidel-2d/seidel-2d.cpp.o
[ 53%] Linking CXX executable cholesky
[ 53%] Linking CXX executable nussinov
[ 55%] Linking CXX executable jacobi-1d
[ 55%] Built target jacobi-1d
[ 56%] Linking CXX executable durbin
[ 58%] Linking CXX executable gesummv
[ 60%] Linking CXX executable seidel-2d
[ 61%] Linking CXX executable trisolv
[ 61%] Built target durbin
[ 63%] Linking CXX executable mvt
[ 63%] Built target gesummv
[ 63%] Built target seidel-2d
[ 63%] Built target trisolv
[ 66%] Linking CXX executable bicg
[ 66%] Linking CXX executable atax
[ 68%] Linking CXX executable floyd-warshall
[ 68%] Built target mvt
[ 68%] Built target bicg
[ 68%] Built target atax
[ 70%] Linking CXX executable adi
[ 70%] Built target floyd-warshall
[ 70%] Built target adi
[ 71%] Linking CXX executable jacobi-2d
[ 73%] Linking CXX executable deriche
[ 75%] Linking CXX executable trmm
[ 76%] Linking CXX executable lu
[ 78%] Linking CXX executable syr2k
[ 80%] Linking CXX executable gemver
[ 80%] Built target jacobi-2d
[ 81%] Linking CXX executable syrk
[ 81%] Built target deriche
[ 81%] Built target trmm
[ 83%] Linking CXX executable symm
[ 83%] Built target lu
[ 85%] Linking CXX executable gramschmidt
[ 85%] Built target syr2k
[ 85%] Built target gemver
[ 85%] Built target syrk
[ 86%] Linking CXX executable gemm
[ 88%] Linking CXX executable doitgen
[ 88%] Built target symm
[ 90%] Linking CXX executable heat-3d
[ 90%] Built target gramschmidt
[ 90%] Built target gemm
[ 90%] Built target doitgen
[ 90%] Built target heat-3d
[ 91%] Linking CXX executable fdtd-2d
[ 93%] Linking CXX executable covariance
[ 93%] Built target fdtd-2d
[ 93%] Built target covariance
[ 95%] Linking CXX executable correlation
[ 95%] Built target correlation
[ 96%] Linking CXX executable 2mm
[ 96%] Built target 2mm
[ 98%] Linking CXX executable ludcmp
[ 98%] Built target ludcmp
[100%] Linking CXX executable 3mm
[100%] Built target 3mm
Skipping noarr choose_hints 2mm repetition 5 for dataset size MEDIUM (already done).
Skipping noarr choose_hints 2mm repetition 5 for dataset size MEDIUM (already done).
Skipping noarr choose_hints 3mm repetition 5 for dataset size MEDIUM (already done).
Skipping noarr choose_hints 3mm repetition 5 for dataset size MEDIUM (already done).
Skipping noarr choose_hints adi repetition 5 for dataset size MEDIUM (already done).
Skipping noarr choose_hints adi repetition 5 for dataset size MEDIUM (already done).
Skipping noarr choose_hints atax repetition 5 for dataset size MEDIUM (already done).
Skipping noarr choose_hints atax repetition 5 for dataset size MEDIUM (already done).
Skipping noarr choose_hints bicg repetition 5 for dataset size MEDIUM (already done).
Skipping noarr choose_hints bicg repetition 5 for dataset size MEDIUM (already done).
Skipping noarr choose_hints correlation repetition 5 for dataset size MEDIUM (already done).
Skipping noarr choose_hints correlation repetition 5 for dataset size MEDIUM (already done).
Skipping noarr choose_hints covariance repetition 5 for dataset size MEDIUM (already done).
Skipping noarr choose_hints covariance repetition 5 for dataset size MEDIUM (already done).
Skipping noarr choose_hints deriche repetition 5 for dataset size MEDIUM (already done).
Skipping noarr choose_hints deriche repetition 5 for dataset size MEDIUM (already done).
Skipping noarr choose_hints doitgen repetition 5 for dataset size MEDIUM (already done).
Skipping noarr choose_hints doitgen repetition 5 for dataset size MEDIUM (already done).
Skipping noarr choose_hints durbin repetition 5 for dataset size MEDIUM (already done).
Skipping noarr choose_hints durbin repetition 5 for dataset size MEDIUM (already done).
Skipping noarr choose_hints fdtd-2d repetition 5 for dataset size MEDIUM (already done).
Skipping noarr choose_hints fdtd-2d repetition 5 for dataset size MEDIUM (already done).
Skipping noarr choose_hints floyd-warshall repetition 5 for dataset size MEDIUM (already done).
Skipping noarr choose_hints floyd-warshall repetition 5 for dataset size MEDIUM (already done).
Skipping noarr choose_hints gemm repetition 5 for dataset size MEDIUM (already done).
Skipping noarr choose_hints gemm repetition 5 for dataset size MEDIUM (already done).
Skipping noarr choose_hints gemver repetition 5 for dataset size MEDIUM (already done).
Skipping noarr choose_hints gemver repetition 5 for dataset size MEDIUM (already done).
Skipping noarr choose_hints gesummv repetition 5 for dataset size MEDIUM (already done).
Skipping noarr choose_hints gesummv repetition 5 for dataset size MEDIUM (already done).
Skipping noarr choose_hints heat-3d repetition 5 for dataset size MEDIUM (already done).
Skipping noarr choose_hints heat-3d repetition 5 for dataset size MEDIUM (already done).
Skipping noarr choose_hints jacobi-1d repetition 5 for dataset size MEDIUM (already done).
Skipping noarr choose_hints jacobi-1d repetition 5 for dataset size MEDIUM (already done).
Skipping noarr choose_hints jacobi-2d repetition 5 for dataset size MEDIUM (already done).
Skipping noarr choose_hints jacobi-2d repetition 5 for dataset size MEDIUM (already done).
Skipping noarr choose_hints lu repetition 5 for dataset size MEDIUM (already done).
Skipping noarr choose_hints lu repetition 5 for dataset size MEDIUM (already done).
Skipping noarr choose_hints ludcmp repetition 5 for dataset size MEDIUM (already done).
Skipping noarr choose_hints ludcmp repetition 5 for dataset size MEDIUM (already done).
Skipping noarr choose_hints mvt repetition 5 for dataset size MEDIUM (already done).
Skipping noarr choose_hints mvt repetition 5 for dataset size MEDIUM (already done).
Skipping noarr choose_hints seidel-2d repetition 5 for dataset size MEDIUM (already done).
Skipping noarr choose_hints seidel-2d repetition 5 for dataset size MEDIUM (already done).
Skipping noarr choose_hints symm repetition 5 for dataset size MEDIUM (already done).
Skipping noarr choose_hints symm repetition 5 for dataset size MEDIUM (already done).
Skipping noarr choose_hints syr2k repetition 5 for dataset size MEDIUM (already done).
Skipping noarr choose_hints syr2k repetition 5 for dataset size MEDIUM (already done).
Skipping noarr choose_hints trisolv repetition 5 for dataset size MEDIUM (already done).
Skipping noarr choose_hints trisolv repetition 5 for dataset size MEDIUM (already done).
Skipping noarr choose_hints trmm repetition 5 for dataset size MEDIUM (already done).
Skipping noarr choose_hints trmm repetition 5 for dataset size MEDIUM (already done).
-- The CXX compiler identification is GNU 15.2.0
-- Detecting CXX compiler ABI info
-- Detecting CXX compiler ABI info - done
-- Check for working CXX compiler: /usr/local/latestgcc/bin/g++ - skipped
-- Detecting CXX compile features
-- Detecting CXX compile features - done
-- Found Python: /home/kleplj/choose_hints/gpt-querying/.venv/bin/python3.9 (found suitable version "3.9.21", minimum required is "3") found components: Interpreter Development.Module
-- Halide 'host' platform triple:   x86-64-linux
-- Halide 'cmake' platform triple:  x86-64-linux
-- Halide default AOT target:       host
-- Found ZLIB: /usr/lib64/libz.so (found version "1.2.11")
-- Could NOT find PNG (missing: PNG_LIBRARY PNG_PNG_INCLUDE_DIR) 
-- Could NOT find JPEG (missing: JPEG_LIBRARY JPEG_INCLUDE_DIR) 
-- Configuring done (0.8s)
-- Generating done (0.8s)
-- Build files have been written to: /home/kleplj/choose_hints/optimization/choose_hints/PolybenchC-Halide/build
[  5%] Building CXX object CMakeFiles/correlation.dir/datamining/correlation/correlation.cpp.o
[ 11%] Building CXX object CMakeFiles/gemver.dir/linear-algebra/blas/gemver/gemver.cpp.o
[ 11%] Building CXX object CMakeFiles/covariance.dir/datamining/covariance/covariance.cpp.o
[ 11%] Building CXX object CMakeFiles/gemm.dir/linear-algebra/blas/gemm/gemm.cpp.o
[ 20%] Building CXX object CMakeFiles/syrk.dir/linear-algebra/blas/syrk/syrk.cpp.o
[ 20%] Building CXX object CMakeFiles/2mm.dir/linear-algebra/kernels/2mm/2mm.cpp.o
[ 20%] Building CXX object CMakeFiles/trmm.dir/linear-algebra/blas/trmm/trmm.cpp.o
[ 20%] Building CXX object CMakeFiles/symm.dir/linear-algebra/blas/symm/symm.cpp.o
[ 20%] Building CXX object CMakeFiles/gesummv.dir/linear-algebra/blas/gesummv/gesummv.cpp.o
[ 36%] Building CXX object CMakeFiles/syr2k.dir/linear-algebra/blas/syr2k/syr2k.cpp.o
[ 50%] Building CXX object CMakeFiles/nussinov.dir/medley/nussinov/nussinov.cpp.o
[ 50%] Building CXX object CMakeFiles/mvt.dir/linear-algebra/kernels/mvt/mvt.cpp.o
[ 50%] Building CXX object CMakeFiles/cholesky.dir/linear-algebra/solvers/cholesky/cholesky.cpp.o
[ 50%] Building CXX object CMakeFiles/durbin.dir/linear-algebra/solvers/durbin/durbin.cpp.o
[ 50%] Building CXX object CMakeFiles/floyd-warshall.dir/medley/floyd-warshall/floyd-warshall.cpp.o
[ 50%] Building CXX object CMakeFiles/bicg.dir/linear-algebra/kernels/bicg/bicg.cpp.o
[ 50%] Building CXX object CMakeFiles/trisolv.dir/linear-algebra/solvers/trisolv/trisolv.cpp.o
[ 50%] Building CXX object CMakeFiles/atax.dir/linear-algebra/kernels/atax/atax.cpp.o
[ 50%] Building CXX object CMakeFiles/gramschmidt.dir/linear-algebra/solvers/gramschmidt/gramschmidt.cpp.o
[ 50%] Building CXX object CMakeFiles/jacobi-1d.dir/stencils/jacobi-1d/jacobi-1d.cpp.o
[ 50%] Building CXX object CMakeFiles/3mm.dir/linear-algebra/kernels/3mm/3mm.cpp.o
[ 50%] Building CXX object CMakeFiles/lu.dir/linear-algebra/solvers/lu/lu.cpp.o
[ 50%] Building CXX object CMakeFiles/heat-3d.dir/stencils/heat-3d/heat-3d.cpp.o
[ 50%] Building CXX object CMakeFiles/fdtd-2d.dir/stencils/fdtd-2d/fdtd-2d.cpp.o
[ 50%] Building CXX object CMakeFiles/ludcmp.dir/linear-algebra/solvers/ludcmp/ludcmp.cpp.o
[ 50%] Building CXX object CMakeFiles/adi.dir/stencils/adi/adi.cpp.o
[ 50%] Building CXX object CMakeFiles/deriche.dir/medley/deriche/deriche.cpp.o
[ 50%] Building CXX object CMakeFiles/doitgen.dir/linear-algebra/kernels/doitgen/doitgen.cpp.o
[ 50%] Building CXX object CMakeFiles/seidel-2d.dir/stencils/seidel-2d/seidel-2d.cpp.o
[ 50%] Building CXX object CMakeFiles/jacobi-2d.dir/stencils/jacobi-2d/jacobi-2d.cpp.o
[ 51%] Linking CXX executable gemver
[ 53%] Linking CXX executable gramschmidt
[ 55%] Linking CXX executable adi
[ 55%] Built target adi
[ 56%] Linking CXX executable gemm
[ 56%] Built target gemm
[ 60%] Linking CXX executable syrk
[ 60%] Linking CXX executable jacobi-2d
[ 61%] Linking CXX executable correlation
[ 61%] Built target syrk
[ 61%] Built target jacobi-2d
[ 63%] Linking CXX executable syr2k
[ 65%] Linking CXX executable 2mm
[ 65%] Built target correlation
[ 65%] Built target syr2k
[ 65%] Built target 2mm
[ 66%] Linking CXX executable doitgen
[ 68%] Linking CXX executable lu
[ 71%] Linking CXX executable heat-3d
[ 71%] Linking CXX executable cholesky
[ 73%] Linking CXX executable trisolv
[ 75%] Linking CXX executable mvt
[ 75%] Built target doitgen
[ 76%] Linking CXX executable nussinov
[ 76%] Built target lu
[ 76%] Built target cholesky
[ 76%] Built target heat-3d
[ 76%] Built target trisolv
[ 78%] Linking CXX executable seidel-2d
[ 78%] Built target mvt
[ 78%] Built target nussinov
[ 80%] Linking CXX executable bicg
[ 80%] Built target seidel-2d
[ 80%] Built target bicg
[ 81%] Linking CXX executable ludcmp
[ 83%] Linking CXX executable fdtd-2d
[ 83%] Built target ludcmp
[ 83%] Built target fdtd-2d
Skipping halide choose_hints adi repetition 1 for dataset size MEDIUM (already done).
Skipping halide choose_hints adi repetition 1 for dataset size MEDIUM (already done).
Skipping halide choose_hints fdtd-2d repetition 1 for dataset size MEDIUM (already done).
Skipping halide choose_hints fdtd-2d repetition 1 for dataset size MEDIUM (already done).
Skipping halide choose_hints heat-3d repetition 1 for dataset size MEDIUM (already done).
Skipping halide choose_hints heat-3d repetition 1 for dataset size MEDIUM (already done).
Skipping halide choose_hints jacobi-2d repetition 1 for dataset size MEDIUM (already done).
Skipping halide choose_hints jacobi-2d repetition 1 for dataset size MEDIUM (already done).
Skipping halide choose_hints ludcmp repetition 1 for dataset size MEDIUM (already done).
Skipping halide choose_hints ludcmp repetition 1 for dataset size MEDIUM (already done).
Skipping halide choose_hints nussinov repetition 1 for dataset size MEDIUM (already done).
Skipping halide choose_hints nussinov repetition 1 for dataset size MEDIUM (already done).
Skipping halide choose_hints seidel-2d repetition 1 for dataset size MEDIUM (already done).
Skipping halide choose_hints seidel-2d repetition 1 for dataset size MEDIUM (already done).
Skipping halide choose_hints syr2k repetition 1 for dataset size MEDIUM (already done).
Skipping halide choose_hints syr2k repetition 1 for dataset size MEDIUM (already done).
Skipping halide choose_hints syrk repetition 1 for dataset size MEDIUM (already done).
Skipping halide choose_hints syrk repetition 1 for dataset size MEDIUM (already done).
-- The CXX compiler identification is GNU 15.2.0
-- Detecting CXX compiler ABI info
-- Detecting CXX compiler ABI info - done
-- Check for working CXX compiler: /usr/local/latestgcc/bin/g++ - skipped
-- Detecting CXX compile features
-- Detecting CXX compile features - done
-- Found Python: /home/kleplj/choose_hints/gpt-querying/.venv/bin/python3.9 (found suitable version "3.9.21", minimum required is "3") found components: Interpreter Development.Module
-- Halide 'host' platform triple:   x86-64-linux
-- Halide 'cmake' platform triple:  x86-64-linux
-- Halide default AOT target:       host
-- Found ZLIB: /usr/lib64/libz.so (found version "1.2.11")
-- Could NOT find PNG (missing: PNG_LIBRARY PNG_PNG_INCLUDE_DIR) 
-- Could NOT find JPEG (missing: JPEG_LIBRARY JPEG_INCLUDE_DIR) 
-- Configuring done (0.7s)
-- Generating done (0.8s)
-- Build files have been written to: /home/kleplj/choose_hints/optimization/choose_hints/PolybenchC-Halide/build
[  5%] Building CXX object CMakeFiles/covariance.dir/datamining/covariance/covariance.cpp.o
[  5%] Building CXX object CMakeFiles/correlation.dir/datamining/correlation/correlation.cpp.o
[  6%] Building CXX object CMakeFiles/symm.dir/linear-algebra/blas/symm/symm.cpp.o
[ 13%] Building CXX object CMakeFiles/gesummv.dir/linear-algebra/blas/gesummv/gesummv.cpp.o
[ 13%] Building CXX object CMakeFiles/gemver.dir/linear-algebra/blas/gemver/gemver.cpp.o
[ 25%] Building CXX object CMakeFiles/bicg.dir/linear-algebra/kernels/bicg/bicg.cpp.o
[ 25%] Building CXX object CMakeFiles/3mm.dir/linear-algebra/kernels/3mm/3mm.cpp.o
[ 25%] Building CXX object CMakeFiles/trmm.dir/linear-algebra/blas/trmm/trmm.cpp.o
[ 25%] Building CXX object CMakeFiles/gemm.dir/linear-algebra/blas/gemm/gemm.cpp.o
[ 25%] Building CXX object CMakeFiles/mvt.dir/linear-algebra/kernels/mvt/mvt.cpp.o
[ 25%] Building CXX object CMakeFiles/syr2k.dir/linear-algebra/blas/syr2k/syr2k.cpp.o
[ 25%] Building CXX object CMakeFiles/2mm.dir/linear-algebra/kernels/2mm/2mm.cpp.o
[ 25%] Building CXX object CMakeFiles/syrk.dir/linear-algebra/blas/syrk/syrk.cpp.o
[ 50%] Building CXX object CMakeFiles/lu.dir/linear-algebra/solvers/lu/lu.cpp.o
[ 50%] Building CXX object CMakeFiles/ludcmp.dir/linear-algebra/solvers/ludcmp/ludcmp.cpp.o
[ 50%] Building CXX object CMakeFiles/floyd-warshall.dir/medley/floyd-warshall/floyd-warshall.cpp.o
[ 50%] Building CXX object CMakeFiles/atax.dir/linear-algebra/kernels/atax/atax.cpp.o
[ 50%] Building CXX object CMakeFiles/gramschmidt.dir/linear-algebra/solvers/gramschmidt/gramschmidt.cpp.o
[ 50%] Building CXX object CMakeFiles/deriche.dir/medley/deriche/deriche.cpp.o
[ 50%] Building CXX object CMakeFiles/fdtd-2d.dir/stencils/fdtd-2d/fdtd-2d.cpp.o
[ 50%] Building CXX object CMakeFiles/trisolv.dir/linear-algebra/solvers/trisolv/trisolv.cpp.o
[ 50%] Building CXX object CMakeFiles/heat-3d.dir/stencils/heat-3d/heat-3d.cpp.o
[ 50%] Building CXX object CMakeFiles/jacobi-1d.dir/stencils/jacobi-1d/jacobi-1d.cpp.o
[ 50%] Building CXX object CMakeFiles/adi.dir/stencils/adi/adi.cpp.o
[ 50%] Building CXX object CMakeFiles/nussinov.dir/medley/nussinov/nussinov.cpp.o
[ 50%] Building CXX object CMakeFiles/doitgen.dir/linear-algebra/kernels/doitgen/doitgen.cpp.o
[ 50%] Building CXX object CMakeFiles/cholesky.dir/linear-algebra/solvers/cholesky/cholesky.cpp.o
[ 50%] Building CXX object CMakeFiles/durbin.dir/linear-algebra/solvers/durbin/durbin.cpp.o
[ 50%] Building CXX object CMakeFiles/seidel-2d.dir/stencils/seidel-2d/seidel-2d.cpp.o
[ 50%] Building CXX object CMakeFiles/jacobi-2d.dir/stencils/jacobi-2d/jacobi-2d.cpp.o
[ 51%] Linking CXX executable gemver
[ 53%] Linking CXX executable gramschmidt
[ 55%] Linking CXX executable adi
[ 55%] Built target adi
[ 58%] Linking CXX executable deriche
[ 58%] Linking CXX executable floyd-warshall
[ 58%] Built target deriche
[ 58%] Built target floyd-warshall
[ 60%] Linking CXX executable covariance
[ 61%] Linking CXX executable syr2k
[ 63%] Linking CXX executable correlation
[ 65%] Linking CXX executable 2mm
[ 65%] Built target covariance
[ 65%] Built target syr2k
[ 66%] Linking CXX executable durbin
[ 68%] Linking CXX executable jacobi-2d
[ 68%] Built target correlation
[ 68%] Built target 2mm
[ 70%] Linking CXX executable doitgen
[ 71%] Linking CXX executable gesummv
[ 73%] Linking CXX executable 3mm
[ 75%] Linking CXX executable heat-3d
[ 75%] Built target durbin
[ 75%] Built target jacobi-2d
[ 76%] Linking CXX executable lu
[ 78%] Linking CXX executable trisolv
[ 78%] Built target doitgen
[ 80%] Built target gesummv
[ 80%] Linking CXX executable mvt
[ 80%] Built target 3mm
[ 80%] Built target heat-3d
[ 80%] Built target lu
[ 80%] Built target trisolv
[ 81%] Linking CXX executable atax
[ 81%] Built target mvt
[ 83%] Linking CXX executable bicg
[ 85%] Linking CXX executable cholesky
[ 85%] Built target atax
[ 85%] Built target bicg
[ 85%] Built target cholesky
[ 86%] Linking CXX executable fdtd-2d
[ 88%] Linking CXX executable ludcmp
[ 88%] Built target fdtd-2d
[ 88%] Built target ludcmp
Skipping halide choose_hints adi repetition 2 for dataset size MEDIUM (already done).
Skipping halide choose_hints adi repetition 2 for dataset size MEDIUM (already done).
Skipping halide choose_hints cholesky repetition 2 for dataset size MEDIUM (already done).
Skipping halide choose_hints cholesky repetition 2 for dataset size MEDIUM (already done).
Skipping halide choose_hints deriche repetition 2 for dataset size MEDIUM (already done).
Skipping halide choose_hints deriche repetition 2 for dataset size MEDIUM (already done).
Skipping halide choose_hints floyd-warshall repetition 2 for dataset size MEDIUM (already done).
Skipping halide choose_hints floyd-warshall repetition 2 for dataset size MEDIUM (already done).
Skipping halide choose_hints heat-3d repetition 2 for dataset size MEDIUM (already done).
Skipping halide choose_hints heat-3d repetition 2 for dataset size MEDIUM (already done).
Skipping halide choose_hints jacobi-2d repetition 2 for dataset size MEDIUM (already done).
Skipping halide choose_hints jacobi-2d repetition 2 for dataset size MEDIUM (already done).
Skipping halide choose_hints lu repetition 2 for dataset size MEDIUM (already done).
Skipping halide choose_hints lu repetition 2 for dataset size MEDIUM (already done).
Skipping halide choose_hints mvt repetition 2 for dataset size MEDIUM (already done).
Skipping halide choose_hints mvt repetition 2 for dataset size MEDIUM (already done).
-- The CXX compiler identification is GNU 15.2.0
-- Detecting CXX compiler ABI info
-- Detecting CXX compiler ABI info - done
-- Check for working CXX compiler: /usr/local/latestgcc/bin/g++ - skipped
-- Detecting CXX compile features
-- Detecting CXX compile features - done
-- Found Python: /home/kleplj/choose_hints/gpt-querying/.venv/bin/python3.9 (found suitable version "3.9.21", minimum required is "3") found components: Interpreter Development.Module
-- Halide 'host' platform triple:   x86-64-linux
-- Halide 'cmake' platform triple:  x86-64-linux
-- Halide default AOT target:       host
-- Found ZLIB: /usr/lib64/libz.so (found version "1.2.11")
-- Could NOT find PNG (missing: PNG_LIBRARY PNG_PNG_INCLUDE_DIR) 
-- Could NOT find JPEG (missing: JPEG_LIBRARY JPEG_INCLUDE_DIR) 
-- Configuring done (0.7s)
-- Generating done (0.8s)
-- Build files have been written to: /home/kleplj/choose_hints/optimization/choose_hints/PolybenchC-Halide/build
[  8%] Building CXX object CMakeFiles/correlation.dir/datamining/correlation/correlation.cpp.o
[  8%] Building CXX object CMakeFiles/gemm.dir/linear-algebra/blas/gemm/gemm.cpp.o
[ 13%] Building CXX object CMakeFiles/gemver.dir/linear-algebra/blas/gemver/gemver.cpp.o
[ 13%] Building CXX object CMakeFiles/covariance.dir/datamining/covariance/covariance.cpp.o
[ 13%] Building CXX object CMakeFiles/gesummv.dir/linear-algebra/blas/gesummv/gesummv.cpp.o
[ 20%] Building CXX object CMakeFiles/trmm.dir/linear-algebra/blas/trmm/trmm.cpp.o
[ 20%] Building CXX object CMakeFiles/symm.dir/linear-algebra/blas/symm/symm.cpp.o
[ 20%] Building CXX object CMakeFiles/2mm.dir/linear-algebra/kernels/2mm/2mm.cpp.o
[ 20%] Building CXX object CMakeFiles/syrk.dir/linear-algebra/blas/syrk/syrk.cpp.o
[ 20%] Building CXX object CMakeFiles/syr2k.dir/linear-algebra/blas/syr2k/syr2k.cpp.o
[ 35%] Building CXX object CMakeFiles/3mm.dir/linear-algebra/kernels/3mm/3mm.cpp.o
[ 50%] Building CXX object CMakeFiles/mvt.dir/linear-algebra/kernels/mvt/mvt.cpp.o
[ 50%] Building CXX object CMakeFiles/atax.dir/linear-algebra/kernels/atax/atax.cpp.o
[ 50%] Building CXX object CMakeFiles/trisolv.dir/linear-algebra/solvers/trisolv/trisolv.cpp.o
[ 50%] Building CXX object CMakeFiles/ludcmp.dir/linear-algebra/solvers/ludcmp/ludcmp.cpp.o
[ 50%] Building CXX object CMakeFiles/nussinov.dir/medley/nussinov/nussinov.cpp.o
[ 50%] Building CXX object CMakeFiles/fdtd-2d.dir/stencils/fdtd-2d/fdtd-2d.cpp.o
[ 50%] Building CXX object CMakeFiles/gramschmidt.dir/linear-algebra/solvers/gramschmidt/gramschmidt.cpp.o
[ 50%] Building CXX object CMakeFiles/doitgen.dir/linear-algebra/kernels/doitgen/doitgen.cpp.o
[ 50%] Building CXX object CMakeFiles/lu.dir/linear-algebra/solvers/lu/lu.cpp.o
[ 50%] Building CXX object CMakeFiles/heat-3d.dir/stencils/heat-3d/heat-3d.cpp.o
[ 50%] Building CXX object CMakeFiles/bicg.dir/linear-algebra/kernels/bicg/bicg.cpp.o
[ 50%] Building CXX object CMakeFiles/cholesky.dir/linear-algebra/solvers/cholesky/cholesky.cpp.o
[ 50%] Building CXX object CMakeFiles/adi.dir/stencils/adi/adi.cpp.o
[ 50%] Building CXX object CMakeFiles/jacobi-2d.dir/stencils/jacobi-2d/jacobi-2d.cpp.o
[ 50%] Building CXX object CMakeFiles/floyd-warshall.dir/medley/floyd-warshall/floyd-warshall.cpp.o
[ 50%] Building CXX object CMakeFiles/deriche.dir/medley/deriche/deriche.cpp.o
[ 50%] Building CXX object CMakeFiles/durbin.dir/linear-algebra/solvers/durbin/durbin.cpp.o
[ 50%] Building CXX object CMakeFiles/jacobi-1d.dir/stencils/jacobi-1d/jacobi-1d.cpp.o
[ 50%] Building CXX object CMakeFiles/seidel-2d.dir/stencils/seidel-2d/seidel-2d.cpp.o
[ 51%] Linking CXX executable gemver
[ 53%] Linking CXX executable gramschmidt
[ 55%] Linking CXX executable floyd-warshall
[ 56%] Linking CXX executable jacobi-1d
[ 58%] Linking CXX executable gemm
[ 60%] Built target floyd-warshall
[ 60%] Linking CXX executable symm
[ 61%] Linking CXX executable syr2k
[ 63%] Linking CXX executable 3mm
[ 63%] Built target jacobi-1d
[ 63%] Built target gemm
[ 63%] Built target symm
[ 65%] Built target syr2k
[ 65%] Linking CXX executable 2mm
[ 66%] Linking CXX executable cholesky
[ 68%] Linking CXX executable adi
[ 68%] Built target 3mm
[ 70%] Linking CXX executable syrk
[ 70%] Built target 2mm
[ 70%] Built target cholesky
[ 70%] Built target adi
[ 70%] Built target syrk
[ 71%] Linking CXX executable jacobi-2d
[ 73%] Linking CXX executable gesummv
[ 75%] Linking CXX executable deriche
[ 75%] Built target jacobi-2d
[ 76%] Linking CXX executable heat-3d
[ 76%] Built target gesummv
[ 78%] Linking CXX executable mvt
[ 78%] Built target deriche
[ 78%] Built target heat-3d
[ 78%] Built target mvt
[ 80%] Linking CXX executable bicg
[ 81%] Linking CXX executable nussinov
[ 83%] Linking CXX executable atax
[ 85%] Linking CXX executable trisolv
[ 86%] Linking CXX executable lu
[ 88%] Linking CXX executable durbin
[ 88%] Built target bicg
[ 88%] Built target nussinov
[ 88%] Built target atax
[ 88%] Built target trisolv
[ 88%] Built target lu
[ 88%] Built target durbin
[ 90%] Linking CXX executable ludcmp
[ 90%] Built target ludcmp
Skipping halide choose_hints adi repetition 3 for dataset size MEDIUM (already done).
Skipping halide choose_hints adi repetition 3 for dataset size MEDIUM (already done).
Skipping halide choose_hints deriche repetition 3 for dataset size MEDIUM (already done).
Skipping halide choose_hints deriche repetition 3 for dataset size MEDIUM (already done).
Skipping halide choose_hints floyd-warshall repetition 3 for dataset size MEDIUM (already done).
Skipping halide choose_hints floyd-warshall repetition 3 for dataset size MEDIUM (already done).
Skipping halide choose_hints heat-3d repetition 3 for dataset size MEDIUM (already done).
Skipping halide choose_hints heat-3d repetition 3 for dataset size MEDIUM (already done).
Skipping halide choose_hints jacobi-1d repetition 3 for dataset size MEDIUM (already done).
Skipping halide choose_hints jacobi-1d repetition 3 for dataset size MEDIUM (already done).
Skipping halide choose_hints jacobi-2d repetition 3 for dataset size MEDIUM (already done).
Skipping halide choose_hints jacobi-2d repetition 3 for dataset size MEDIUM (already done).
Skipping halide choose_hints nussinov repetition 3 for dataset size MEDIUM (already done).
Skipping halide choose_hints nussinov repetition 3 for dataset size MEDIUM (already done).
Skipping halide choose_hints symm repetition 3 for dataset size MEDIUM (already done).
Skipping halide choose_hints symm repetition 3 for dataset size MEDIUM (already done).
Skipping halide choose_hints syrk repetition 3 for dataset size MEDIUM (already done).
Skipping halide choose_hints syrk repetition 3 for dataset size MEDIUM (already done).
-- The CXX compiler identification is GNU 15.2.0
-- Detecting CXX compiler ABI info
-- Detecting CXX compiler ABI info - done
-- Check for working CXX compiler: /usr/local/latestgcc/bin/g++ - skipped
-- Detecting CXX compile features
-- Detecting CXX compile features - done
-- Found Python: /home/kleplj/choose_hints/gpt-querying/.venv/bin/python3.9 (found suitable version "3.9.21", minimum required is "3") found components: Interpreter Development.Module
-- Halide 'host' platform triple:   x86-64-linux
-- Halide 'cmake' platform triple:  x86-64-linux
-- Halide default AOT target:       host
-- Found ZLIB: /usr/lib64/libz.so (found version "1.2.11")
-- Could NOT find PNG (missing: PNG_LIBRARY PNG_PNG_INCLUDE_DIR) 
-- Could NOT find JPEG (missing: JPEG_LIBRARY JPEG_INCLUDE_DIR) 
-- Configuring done (0.8s)
-- Generating done (0.8s)
-- Build files have been written to: /home/kleplj/choose_hints/optimization/choose_hints/PolybenchC-Halide/build
[  6%] Building CXX object CMakeFiles/covariance.dir/datamining/covariance/covariance.cpp.o
[  6%] Building CXX object CMakeFiles/correlation.dir/datamining/correlation/correlation.cpp.o
[ 11%] Building CXX object CMakeFiles/gemver.dir/linear-algebra/blas/gemver/gemver.cpp.o
[ 11%] Building CXX object CMakeFiles/gemm.dir/linear-algebra/blas/gemm/gemm.cpp.o
[ 15%] Building CXX object CMakeFiles/gesummv.dir/linear-algebra/blas/gesummv/gesummv.cpp.o
[ 15%] Building CXX object CMakeFiles/symm.dir/linear-algebra/blas/symm/symm.cpp.o
[ 15%] Building CXX object CMakeFiles/syr2k.dir/linear-algebra/blas/syr2k/syr2k.cpp.o
[ 23%] Building CXX object CMakeFiles/trmm.dir/linear-algebra/blas/trmm/trmm.cpp.o
[ 23%] Building CXX object CMakeFiles/3mm.dir/linear-algebra/kernels/3mm/3mm.cpp.o
[ 23%] Building CXX object CMakeFiles/atax.dir/linear-algebra/kernels/atax/atax.cpp.o
[ 23%] Building CXX object CMakeFiles/syrk.dir/linear-algebra/blas/syrk/syrk.cpp.o
[ 38%] Building CXX object CMakeFiles/2mm.dir/linear-algebra/kernels/2mm/2mm.cpp.o
[ 50%] Building CXX object CMakeFiles/floyd-warshall.dir/medley/floyd-warshall/floyd-warshall.cpp.o
[ 50%] Building CXX object CMakeFiles/adi.dir/stencils/adi/adi.cpp.o
[ 50%] Building CXX object CMakeFiles/mvt.dir/linear-algebra/kernels/mvt/mvt.cpp.o
[ 50%] Building CXX object CMakeFiles/ludcmp.dir/linear-algebra/solvers/ludcmp/ludcmp.cpp.o
[ 50%] Building CXX object CMakeFiles/gramschmidt.dir/linear-algebra/solvers/gramschmidt/gramschmidt.cpp.o
[ 50%] Building CXX object CMakeFiles/cholesky.dir/linear-algebra/solvers/cholesky/cholesky.cpp.o
[ 50%] Building CXX object CMakeFiles/nussinov.dir/medley/nussinov/nussinov.cpp.o
[ 50%] Building CXX object CMakeFiles/doitgen.dir/linear-algebra/kernels/doitgen/doitgen.cpp.o
[ 50%] Building CXX object CMakeFiles/bicg.dir/linear-algebra/kernels/bicg/bicg.cpp.o
[ 50%] Building CXX object CMakeFiles/deriche.dir/medley/deriche/deriche.cpp.o
[ 50%] Building CXX object CMakeFiles/durbin.dir/linear-algebra/solvers/durbin/durbin.cpp.o
[ 50%] Building CXX object CMakeFiles/jacobi-1d.dir/stencils/jacobi-1d/jacobi-1d.cpp.o
[ 50%] Building CXX object CMakeFiles/trisolv.dir/linear-algebra/solvers/trisolv/trisolv.cpp.o
[ 50%] Building CXX object CMakeFiles/fdtd-2d.dir/stencils/fdtd-2d/fdtd-2d.cpp.o
[ 50%] Building CXX object CMakeFiles/heat-3d.dir/stencils/heat-3d/heat-3d.cpp.o
[ 50%] Building CXX object CMakeFiles/seidel-2d.dir/stencils/seidel-2d/seidel-2d.cpp.o
[ 50%] Building CXX object CMakeFiles/lu.dir/linear-algebra/solvers/lu/lu.cpp.o
[ 50%] Building CXX object CMakeFiles/jacobi-2d.dir/stencils/jacobi-2d/jacobi-2d.cpp.o
[ 51%] Linking CXX executable gemver
[ 53%] Linking CXX executable gramschmidt
[ 55%] Linking CXX executable adi
[ 55%] Built target adi
[ 56%] Linking CXX executable deriche
[ 58%] Linking CXX executable floyd-warshall
[ 58%] Built target deriche
[ 60%] Linking CXX executable jacobi-1d
[ 61%] Linking CXX executable syrk
[ 61%] Built target floyd-warshall
[ 65%] Linking CXX executable symm
[ 65%] Linking CXX executable covariance
[ 66%] Linking CXX executable gemm
[ 68%] Built target syrk
[ 68%] Built target jacobi-1d
[ 68%] Linking CXX executable jacobi-2d
[ 68%] Built target symm
[ 68%] Built target covariance
[ 68%] Built target gemm
[ 68%] Built target jacobi-2d
[ 70%] Linking CXX executable heat-3d
[ 71%] Linking CXX executable doitgen
[ 73%] Linking CXX executable gesummv
[ 73%] Built target heat-3d
[ 75%] Linking CXX executable mvt
[ 76%] Linking CXX executable lu
[ 76%] Built target doitgen
[ 78%] Linking CXX executable atax
[ 80%] Linking CXX executable 3mm
[ 81%] Linking CXX executable trisolv
[ 83%] Linking CXX executable bicg
[ 83%] Built target gesummv
[ 83%] Built target mvt
[ 85%] Linking CXX executable cholesky
[ 85%] Built target lu
[ 85%] Built target atax
[ 85%] Built target 3mm
[ 85%] Built target trisolv
[ 85%] Built target bicg
[ 85%] Built target cholesky
[ 86%] Linking CXX executable syr2k
[ 88%] Linking CXX executable fdtd-2d
[ 88%] Built target syr2k
[ 88%] Built target fdtd-2d
[ 90%] Linking CXX executable nussinov
[ 90%] Built target nussinov
Skipping halide choose_hints adi repetition 4 for dataset size MEDIUM (already done).
Skipping halide choose_hints adi repetition 4 for dataset size MEDIUM (already done).
Skipping halide choose_hints deriche repetition 4 for dataset size MEDIUM (already done).
Skipping halide choose_hints deriche repetition 4 for dataset size MEDIUM (already done).
Skipping halide choose_hints floyd-warshall repetition 4 for dataset size MEDIUM (already done).
Skipping halide choose_hints floyd-warshall repetition 4 for dataset size MEDIUM (already done).
Skipping halide choose_hints heat-3d repetition 4 for dataset size MEDIUM (already done).
Skipping halide choose_hints heat-3d repetition 4 for dataset size MEDIUM (already done).
Skipping halide choose_hints jacobi-2d repetition 4 for dataset size MEDIUM (already done).
Skipping halide choose_hints jacobi-2d repetition 4 for dataset size MEDIUM (already done).
Skipping halide choose_hints lu repetition 4 for dataset size MEDIUM (already done).
Skipping halide choose_hints lu repetition 4 for dataset size MEDIUM (already done).
Skipping halide choose_hints symm repetition 4 for dataset size MEDIUM (already done).
Skipping halide choose_hints symm repetition 4 for dataset size MEDIUM (already done).
Skipping halide choose_hints syrk repetition 4 for dataset size MEDIUM (already done).
Skipping halide choose_hints syrk repetition 4 for dataset size MEDIUM (already done).
Skipping halide choose_hints trisolv repetition 4 for dataset size MEDIUM (already done).
Skipping halide choose_hints trisolv repetition 4 for dataset size MEDIUM (already done).
-- The CXX compiler identification is GNU 15.2.0
-- Detecting CXX compiler ABI info
-- Detecting CXX compiler ABI info - done
-- Check for working CXX compiler: /usr/local/latestgcc/bin/g++ - skipped
-- Detecting CXX compile features
-- Detecting CXX compile features - done
-- Found Python: /home/kleplj/choose_hints/gpt-querying/.venv/bin/python3.9 (found suitable version "3.9.21", minimum required is "3") found components: Interpreter Development.Module
-- Halide 'host' platform triple:   x86-64-linux
-- Halide 'cmake' platform triple:  x86-64-linux
-- Halide default AOT target:       host
-- Found ZLIB: /usr/lib64/libz.so (found version "1.2.11")
-- Could NOT find PNG (missing: PNG_LIBRARY PNG_PNG_INCLUDE_DIR) 
-- Could NOT find JPEG (missing: JPEG_LIBRARY JPEG_INCLUDE_DIR) 
-- Configuring done (0.8s)
-- Generating done (0.8s)
-- Build files have been written to: /home/kleplj/choose_hints/optimization/choose_hints/PolybenchC-Halide/build
[  6%] Building CXX object CMakeFiles/correlation.dir/datamining/correlation/correlation.cpp.o
[  6%] Building CXX object CMakeFiles/covariance.dir/datamining/covariance/covariance.cpp.o
[  8%] Building CXX object CMakeFiles/gemver.dir/linear-algebra/blas/gemver/gemver.cpp.o
[  8%] Building CXX object CMakeFiles/gemm.dir/linear-algebra/blas/gemm/gemm.cpp.o
[ 16%] Building CXX object CMakeFiles/syrk.dir/linear-algebra/blas/syrk/syrk.cpp.o
[ 16%] Building CXX object CMakeFiles/symm.dir/linear-algebra/blas/symm/symm.cpp.o
[ 16%] Building CXX object CMakeFiles/syr2k.dir/linear-algebra/blas/syr2k/syr2k.cpp.o
[ 28%] Building CXX object CMakeFiles/doitgen.dir/linear-algebra/kernels/doitgen/doitgen.cpp.o
[ 46%] Building CXX object CMakeFiles/2mm.dir/linear-algebra/kernels/2mm/2mm.cpp.o
[ 46%] Building CXX object CMakeFiles/gramschmidt.dir/linear-algebra/solvers/gramschmidt/gramschmidt.cpp.o
[ 46%] Building CXX object CMakeFiles/gesummv.dir/linear-algebra/blas/gesummv/gesummv.cpp.o
[ 46%] Building CXX object CMakeFiles/atax.dir/linear-algebra/kernels/atax/atax.cpp.o
[ 46%] Building CXX object CMakeFiles/3mm.dir/linear-algebra/kernels/3mm/3mm.cpp.o
[ 46%] Building CXX object CMakeFiles/trmm.dir/linear-algebra/blas/trmm/trmm.cpp.o
[ 50%] Building CXX object CMakeFiles/bicg.dir/linear-algebra/kernels/bicg/bicg.cpp.o
[ 50%] Building CXX object CMakeFiles/cholesky.dir/linear-algebra/solvers/cholesky/cholesky.cpp.o
[ 50%] Building CXX object CMakeFiles/adi.dir/stencils/adi/adi.cpp.o
[ 50%] Building CXX object CMakeFiles/ludcmp.dir/linear-algebra/solvers/ludcmp/ludcmp.cpp.o
[ 50%] Building CXX object CMakeFiles/durbin.dir/linear-algebra/solvers/durbin/durbin.cpp.o
[ 50%] Building CXX object CMakeFiles/lu.dir/linear-algebra/solvers/lu/lu.cpp.o
[ 50%] Building CXX object CMakeFiles/trisolv.dir/linear-algebra/solvers/trisolv/trisolv.cpp.o
[ 50%] Building CXX object CMakeFiles/jacobi-2d.dir/stencils/jacobi-2d/jacobi-2d.cpp.o
[ 50%] Building CXX object CMakeFiles/fdtd-2d.dir/stencils/fdtd-2d/fdtd-2d.cpp.o
[ 50%] Building CXX object CMakeFiles/deriche.dir/medley/deriche/deriche.cpp.o
[ 50%] Building CXX object CMakeFiles/jacobi-1d.dir/stencils/jacobi-1d/jacobi-1d.cpp.o
[ 50%] Building CXX object CMakeFiles/floyd-warshall.dir/medley/floyd-warshall/floyd-warshall.cpp.o
[ 50%] Building CXX object CMakeFiles/nussinov.dir/medley/nussinov/nussinov.cpp.o
[ 50%] Building CXX object CMakeFiles/mvt.dir/linear-algebra/kernels/mvt/mvt.cpp.o
[ 50%] Building CXX object CMakeFiles/seidel-2d.dir/stencils/seidel-2d/seidel-2d.cpp.o
[ 50%] Building CXX object CMakeFiles/heat-3d.dir/stencils/heat-3d/heat-3d.cpp.o
[ 51%] Linking CXX executable gemver
[ 53%] Linking CXX executable gramschmidt
[ 55%] Linking CXX executable deriche
[ 56%] Linking CXX executable floyd-warshall
[ 58%] Linking CXX executable covariance
[ 58%] Built target deriche
[ 58%] Built target floyd-warshall
[ 60%] Linking CXX executable jacobi-1d
[ 60%] Built target covariance
[ 61%] Linking CXX executable gemm
[ 63%] Linking CXX executable symm
[ 65%] Linking CXX executable 2mm
[ 65%] Built target jacobi-1d
[ 65%] Built target gemm
[ 66%] Linking CXX executable syr2k
[ 66%] Built target symm
[ 66%] Built target 2mm
[ 68%] Linking CXX executable heat-3d
[ 68%] Built target syr2k
[ 70%] Linking CXX executable correlation
[ 70%] Built target heat-3d
[ 70%] Built target correlation
[ 71%] Linking CXX executable doitgen
[ 73%] Linking CXX executable 3mm
[ 75%] Linking CXX executable atax
[ 76%] Linking CXX executable gesummv
[ 78%] Linking CXX executable lu
[ 80%] Linking CXX executable durbin
[ 80%] Built target doitgen
[ 80%] Built target 3mm
[ 80%] Built target atax
[ 81%] Linking CXX executable mvt
[ 81%] Built target gesummv
[ 81%] Built target lu
[ 81%] Built target durbin
[ 81%] Built target mvt
[ 83%] Linking CXX executable nussinov
[ 85%] Linking CXX executable fdtd-2d
[ 85%] Built target nussinov
[ 86%] Linking CXX executable ludcmp
[ 86%] Built target fdtd-2d
[ 86%] Built target ludcmp
Skipping halide choose_hints covariance repetition 5 for dataset size MEDIUM (already done).
Skipping halide choose_hints covariance repetition 5 for dataset size MEDIUM (already done).
Skipping halide choose_hints deriche repetition 5 for dataset size MEDIUM (already done).
Skipping halide choose_hints deriche repetition 5 for dataset size MEDIUM (already done).
Skipping halide choose_hints fdtd-2d repetition 5 for dataset size MEDIUM (already done).
Skipping halide choose_hints fdtd-2d repetition 5 for dataset size MEDIUM (already done).
Skipping halide choose_hints floyd-warshall repetition 5 for dataset size MEDIUM (already done).
Skipping halide choose_hints floyd-warshall repetition 5 for dataset size MEDIUM (already done).
Skipping halide choose_hints heat-3d repetition 5 for dataset size MEDIUM (already done).
Skipping halide choose_hints heat-3d repetition 5 for dataset size MEDIUM (already done).
Skipping halide choose_hints lu repetition 5 for dataset size MEDIUM (already done).
Skipping halide choose_hints lu repetition 5 for dataset size MEDIUM (already done).
Generated C for 'gemm' in /home/kleplj/choose_hints/optimization/choose_hints/PolybenchC-Exo/build/generated/gemm
Built gemm executable.
Generated C for 'gemver' in /home/kleplj/choose_hints/optimization/choose_hints/PolybenchC-Exo/build/generated/gemver
Built gemver executable.
Generated C for 'gesummv' in /home/kleplj/choose_hints/optimization/choose_hints/PolybenchC-Exo/build/generated/gesummv
Built gesummv executable.
Generated C for 'syr2k' in /home/kleplj/choose_hints/optimization/choose_hints/PolybenchC-Exo/build/generated/syr2k
Generated C for 'syrk' in /home/kleplj/choose_hints/optimization/choose_hints/PolybenchC-Exo/build/generated/syrk
Built syrk executable.
Generated C for 'trmm' in /home/kleplj/choose_hints/optimization/choose_hints/PolybenchC-Exo/build/generated/trmm
Generated C for '2mm' in /home/kleplj/choose_hints/optimization/choose_hints/PolybenchC-Exo/build/generated/2mm
Built 2mm executable.
Generated C for '3mm' in /home/kleplj/choose_hints/optimization/choose_hints/PolybenchC-Exo/build/generated/3mm
Built 3mm executable.
Generated C for 'atax' in /home/kleplj/choose_hints/optimization/choose_hints/PolybenchC-Exo/build/generated/atax
Built atax executable.
Generated C for 'bicg' in /home/kleplj/choose_hints/optimization/choose_hints/PolybenchC-Exo/build/generated/bicg
Built bicg executable.
Generated C for 'doitgen' in /home/kleplj/choose_hints/optimization/choose_hints/PolybenchC-Exo/build/generated/doitgen
Built doitgen executable.
Generated C for 'mvt' in /home/kleplj/choose_hints/optimization/choose_hints/PolybenchC-Exo/build/generated/mvt
Built mvt executable.
Generated C for 'cholesky' in /home/kleplj/choose_hints/optimization/choose_hints/PolybenchC-Exo/build/generated/cholesky
Generated C for 'durbin' in /home/kleplj/choose_hints/optimization/choose_hints/PolybenchC-Exo/build/generated/durbin
Built durbin executable.
Generated C for 'gramschmidt' in /home/kleplj/choose_hints/optimization/choose_hints/PolybenchC-Exo/build/generated/gramschmidt
Built gramschmidt executable.
Generated C for 'lu' in /home/kleplj/choose_hints/optimization/choose_hints/PolybenchC-Exo/build/generated/lu
Built lu executable.
Generated C for 'ludcmp' in /home/kleplj/choose_hints/optimization/choose_hints/PolybenchC-Exo/build/generated/ludcmp
Built ludcmp executable.
Generated C for 'trisolv' in /home/kleplj/choose_hints/optimization/choose_hints/PolybenchC-Exo/build/generated/trisolv
Built trisolv executable.
Generated C for 'correlation' in /home/kleplj/choose_hints/optimization/choose_hints/PolybenchC-Exo/build/generated/correlation
Built correlation executable.
Generated C for 'covariance' in /home/kleplj/choose_hints/optimization/choose_hints/PolybenchC-Exo/build/generated/covariance
Built covariance executable.
Generated C for 'adi' in /home/kleplj/choose_hints/optimization/choose_hints/PolybenchC-Exo/build/generated/adi
Built adi executable.
Generated C for 'jacobi-1d' in /home/kleplj/choose_hints/optimization/choose_hints/PolybenchC-Exo/build/generated/jacobi-1d
Built jacobi-1d executable.
Generated C for 'jacobi-2d' in /home/kleplj/choose_hints/optimization/choose_hints/PolybenchC-Exo/build/generated/jacobi-2d
Built jacobi-2d executable.
Generated C for 'seidel-2d' in /home/kleplj/choose_hints/optimization/choose_hints/PolybenchC-Exo/build/generated/seidel-2d
Built seidel-2d executable.
Generated C for 'floyd-warshall' in /home/kleplj/choose_hints/optimization/choose_hints/PolybenchC-Exo/build/generated/floyd-warshall
Built floyd-warshall executable.
Generated C for 'nussinov' in /home/kleplj/choose_hints/optimization/choose_hints/PolybenchC-Exo/build/generated/nussinov
Built nussinov executable.
Exo build complete. Generated sources in: /home/kleplj/choose_hints/optimization/choose_hints/PolybenchC-Exo/build
Removing temp dir /tmp/slurm.151224/tmp.Fwz24e9tv1
Skipping exo choose_hints 2mm repetition 1 for dataset size MEDIUM (already done).
Skipping exo choose_hints 2mm repetition 1 for dataset size MEDIUM (already done).
Skipping exo choose_hints 3mm repetition 1 for dataset size MEDIUM (already done).
Skipping exo choose_hints 3mm repetition 1 for dataset size MEDIUM (already done).
Skipping exo choose_hints adi repetition 1 for dataset size MEDIUM (already done).
Skipping exo choose_hints adi repetition 1 for dataset size MEDIUM (already done).
Skipping exo choose_hints atax repetition 1 for dataset size MEDIUM (already done).
Skipping exo choose_hints atax repetition 1 for dataset size MEDIUM (already done).
Skipping exo choose_hints bicg repetition 1 for dataset size MEDIUM (already done).
Skipping exo choose_hints bicg repetition 1 for dataset size MEDIUM (already done).
Skipping exo choose_hints correlation repetition 1 for dataset size MEDIUM (already done).
Skipping exo choose_hints correlation repetition 1 for dataset size MEDIUM (already done).
Skipping exo choose_hints covariance repetition 1 for dataset size MEDIUM (already done).
Skipping exo choose_hints covariance repetition 1 for dataset size MEDIUM (already done).
Skipping exo choose_hints doitgen repetition 1 for dataset size MEDIUM (already done).
Skipping exo choose_hints doitgen repetition 1 for dataset size MEDIUM (already done).
Skipping exo choose_hints durbin repetition 1 for dataset size MEDIUM (already done).
Skipping exo choose_hints durbin repetition 1 for dataset size MEDIUM (already done).
Skipping exo choose_hints floyd-warshall repetition 1 for dataset size MEDIUM (already done).
Skipping exo choose_hints floyd-warshall repetition 1 for dataset size MEDIUM (already done).
Skipping exo choose_hints gemm repetition 1 for dataset size MEDIUM (already done).
Skipping exo choose_hints gemm repetition 1 for dataset size MEDIUM (already done).
Skipping exo choose_hints gemver repetition 1 for dataset size MEDIUM (already done).
Skipping exo choose_hints gemver repetition 1 for dataset size MEDIUM (already done).
Skipping exo choose_hints gesummv repetition 1 for dataset size MEDIUM (already done).
Skipping exo choose_hints gesummv repetition 1 for dataset size MEDIUM (already done).
Skipping exo choose_hints jacobi-1d repetition 1 for dataset size MEDIUM (already done).
Skipping exo choose_hints jacobi-1d repetition 1 for dataset size MEDIUM (already done).
Skipping exo choose_hints jacobi-2d repetition 1 for dataset size MEDIUM (already done).
Skipping exo choose_hints jacobi-2d repetition 1 for dataset size MEDIUM (already done).
Skipping exo choose_hints lu repetition 1 for dataset size MEDIUM (already done).
Skipping exo choose_hints lu repetition 1 for dataset size MEDIUM (already done).
Skipping exo choose_hints ludcmp repetition 1 for dataset size MEDIUM (already done).
Skipping exo choose_hints ludcmp repetition 1 for dataset size MEDIUM (already done).
Skipping exo choose_hints mvt repetition 1 for dataset size MEDIUM (already done).
Skipping exo choose_hints mvt repetition 1 for dataset size MEDIUM (already done).
Skipping exo choose_hints nussinov repetition 1 for dataset size MEDIUM (already done).
Skipping exo choose_hints nussinov repetition 1 for dataset size MEDIUM (already done).
Skipping exo choose_hints seidel-2d repetition 1 for dataset size MEDIUM (already done).
Skipping exo choose_hints seidel-2d repetition 1 for dataset size MEDIUM (already done).
Skipping exo choose_hints syrk repetition 1 for dataset size MEDIUM (already done).
Skipping exo choose_hints syrk repetition 1 for dataset size MEDIUM (already done).
Skipping exo choose_hints trisolv repetition 1 for dataset size MEDIUM (already done).
Skipping exo choose_hints trisolv repetition 1 for dataset size MEDIUM (already done).
Generated C for 'gemm' in /home/kleplj/choose_hints/optimization/choose_hints/PolybenchC-Exo/build/generated/gemm
Built gemm executable.
Generated C for 'gemver' in /home/kleplj/choose_hints/optimization/choose_hints/PolybenchC-Exo/build/generated/gemver
Built gemver executable.
Generated C for 'gesummv' in /home/kleplj/choose_hints/optimization/choose_hints/PolybenchC-Exo/build/generated/gesummv
Generated C for 'symm' in /home/kleplj/choose_hints/optimization/choose_hints/PolybenchC-Exo/build/generated/symm
Built symm executable.
Generated C for 'syr2k' in /home/kleplj/choose_hints/optimization/choose_hints/PolybenchC-Exo/build/generated/syr2k
Built syr2k executable.
Generated C for 'syrk' in /home/kleplj/choose_hints/optimization/choose_hints/PolybenchC-Exo/build/generated/syrk
Built syrk executable.
Generated C for 'trmm' in /home/kleplj/choose_hints/optimization/choose_hints/PolybenchC-Exo/build/generated/trmm
Built trmm executable.
Generated C for '2mm' in /home/kleplj/choose_hints/optimization/choose_hints/PolybenchC-Exo/build/generated/2mm
Built 2mm executable.
Generated C for '3mm' in /home/kleplj/choose_hints/optimization/choose_hints/PolybenchC-Exo/build/generated/3mm
Built 3mm executable.
Generated C for 'atax' in /home/kleplj/choose_hints/optimization/choose_hints/PolybenchC-Exo/build/generated/atax
Built atax executable.
Generated C for 'bicg' in /home/kleplj/choose_hints/optimization/choose_hints/PolybenchC-Exo/build/generated/bicg
Built bicg executable.
Generated C for 'doitgen' in /home/kleplj/choose_hints/optimization/choose_hints/PolybenchC-Exo/build/generated/doitgen
Built doitgen executable.
Generated C for 'mvt' in /home/kleplj/choose_hints/optimization/choose_hints/PolybenchC-Exo/build/generated/mvt
Built mvt executable.
Generated C for 'cholesky' in /home/kleplj/choose_hints/optimization/choose_hints/PolybenchC-Exo/build/generated/cholesky
Built cholesky executable.
Generated C for 'durbin' in /home/kleplj/choose_hints/optimization/choose_hints/PolybenchC-Exo/build/generated/durbin
Built durbin executable.
Generated C for 'gramschmidt' in /home/kleplj/choose_hints/optimization/choose_hints/PolybenchC-Exo/build/generated/gramschmidt
Built gramschmidt executable.
Generated C for 'lu' in /home/kleplj/choose_hints/optimization/choose_hints/PolybenchC-Exo/build/generated/lu
Built lu executable.
Generated C for 'trisolv' in /home/kleplj/choose_hints/optimization/choose_hints/PolybenchC-Exo/build/generated/trisolv
Built trisolv executable.
Generated C for 'correlation' in /home/kleplj/choose_hints/optimization/choose_hints/PolybenchC-Exo/build/generated/correlation
Built correlation executable.
Generated C for 'covariance' in /home/kleplj/choose_hints/optimization/choose_hints/PolybenchC-Exo/build/generated/covariance
Built covariance executable.
Generated C for 'adi' in /home/kleplj/choose_hints/optimization/choose_hints/PolybenchC-Exo/build/generated/adi
Built adi executable.
Generated C for 'jacobi-2d' in /home/kleplj/choose_hints/optimization/choose_hints/PolybenchC-Exo/build/generated/jacobi-2d
Built jacobi-2d executable.
Generated C for 'deriche' in /home/kleplj/choose_hints/optimization/choose_hints/PolybenchC-Exo/build/generated/deriche
Built deriche executable.
Generated C for 'nussinov' in /home/kleplj/choose_hints/optimization/choose_hints/PolybenchC-Exo/build/generated/nussinov
Built nussinov executable.
Exo build complete. Generated sources in: /home/kleplj/choose_hints/optimization/choose_hints/PolybenchC-Exo/build
Removing temp dir /tmp/slurm.151224/tmp.umGIZgeMp1
Skipping exo choose_hints 2mm repetition 2 for dataset size MEDIUM (already done).
Skipping exo choose_hints 2mm repetition 2 for dataset size MEDIUM (already done).
Skipping exo choose_hints 3mm repetition 2 for dataset size MEDIUM (already done).
Skipping exo choose_hints 3mm repetition 2 for dataset size MEDIUM (already done).
Skipping exo choose_hints adi repetition 2 for dataset size MEDIUM (already done).
Skipping exo choose_hints adi repetition 2 for dataset size MEDIUM (already done).
Skipping exo choose_hints atax repetition 2 for dataset size MEDIUM (already done).
Skipping exo choose_hints atax repetition 2 for dataset size MEDIUM (already done).
Skipping exo choose_hints bicg repetition 2 for dataset size MEDIUM (already done).
Skipping exo choose_hints bicg repetition 2 for dataset size MEDIUM (already done).
Skipping exo choose_hints cholesky repetition 2 for dataset size MEDIUM (already done).
Skipping exo choose_hints cholesky repetition 2 for dataset size MEDIUM (already done).
Skipping exo choose_hints correlation repetition 2 for dataset size MEDIUM (already done).
Skipping exo choose_hints correlation repetition 2 for dataset size MEDIUM (already done).
Skipping exo choose_hints covariance repetition 2 for dataset size MEDIUM (already done).
Skipping exo choose_hints covariance repetition 2 for dataset size MEDIUM (already done).
Skipping exo choose_hints deriche repetition 2 for dataset size MEDIUM (already done).
Skipping exo choose_hints deriche repetition 2 for dataset size MEDIUM (already done).
Skipping exo choose_hints doitgen repetition 2 for dataset size MEDIUM (already done).
Skipping exo choose_hints doitgen repetition 2 for dataset size MEDIUM (already done).
Skipping exo choose_hints durbin repetition 2 for dataset size MEDIUM (already done).
Skipping exo choose_hints durbin repetition 2 for dataset size MEDIUM (already done).
Skipping exo choose_hints gemm repetition 2 for dataset size MEDIUM (already done).
Skipping exo choose_hints gemm repetition 2 for dataset size MEDIUM (already done).
Skipping exo choose_hints gemver repetition 2 for dataset size MEDIUM (already done).
Skipping exo choose_hints gemver repetition 2 for dataset size MEDIUM (already done).
Skipping exo choose_hints jacobi-2d repetition 2 for dataset size MEDIUM (already done).
Skipping exo choose_hints jacobi-2d repetition 2 for dataset size MEDIUM (already done).
Skipping exo choose_hints lu repetition 2 for dataset size MEDIUM (already done).
Skipping exo choose_hints lu repetition 2 for dataset size MEDIUM (already done).
Skipping exo choose_hints mvt repetition 2 for dataset size MEDIUM (already done).
Skipping exo choose_hints mvt repetition 2 for dataset size MEDIUM (already done).
Skipping exo choose_hints nussinov repetition 2 for dataset size MEDIUM (already done).
Skipping exo choose_hints nussinov repetition 2 for dataset size MEDIUM (already done).
Skipping exo choose_hints symm repetition 2 for dataset size MEDIUM (already done).
Skipping exo choose_hints symm repetition 2 for dataset size MEDIUM (already done).
Skipping exo choose_hints syr2k repetition 2 for dataset size MEDIUM (already done).
Skipping exo choose_hints syr2k repetition 2 for dataset size MEDIUM (already done).
Skipping exo choose_hints syrk repetition 2 for dataset size MEDIUM (already done).
Skipping exo choose_hints syrk repetition 2 for dataset size MEDIUM (already done).
Skipping exo choose_hints trisolv repetition 2 for dataset size MEDIUM (already done).
Skipping exo choose_hints trisolv repetition 2 for dataset size MEDIUM (already done).
Skipping exo choose_hints trmm repetition 2 for dataset size MEDIUM (already done).
Skipping exo choose_hints trmm repetition 2 for dataset size MEDIUM (already done).
Generated C for 'gesummv' in /home/kleplj/choose_hints/optimization/choose_hints/PolybenchC-Exo/build/generated/gesummv
Built gesummv executable.
Generated C for 'symm' in /home/kleplj/choose_hints/optimization/choose_hints/PolybenchC-Exo/build/generated/symm
Built symm executable.
Generated C for 'syr2k' in /home/kleplj/choose_hints/optimization/choose_hints/PolybenchC-Exo/build/generated/syr2k
Built syr2k executable.
Generated C for '2mm' in /home/kleplj/choose_hints/optimization/choose_hints/PolybenchC-Exo/build/generated/2mm
Built 2mm executable.
Generated C for '3mm' in /home/kleplj/choose_hints/optimization/choose_hints/PolybenchC-Exo/build/generated/3mm
Built 3mm executable.
Generated C for 'atax' in /home/kleplj/choose_hints/optimization/choose_hints/PolybenchC-Exo/build/generated/atax
Built atax executable.
Generated C for 'doitgen' in /home/kleplj/choose_hints/optimization/choose_hints/PolybenchC-Exo/build/generated/doitgen
Built doitgen executable.
Generated C for 'mvt' in /home/kleplj/choose_hints/optimization/choose_hints/PolybenchC-Exo/build/generated/mvt
Built mvt executable.
Generated C for 'cholesky' in /home/kleplj/choose_hints/optimization/choose_hints/PolybenchC-Exo/build/generated/cholesky
Built cholesky executable.
Generated C for 'durbin' in /home/kleplj/choose_hints/optimization/choose_hints/PolybenchC-Exo/build/generated/durbin
Built durbin executable.
Generated C for 'gramschmidt' in /home/kleplj/choose_hints/optimization/choose_hints/PolybenchC-Exo/build/generated/gramschmidt
Built gramschmidt executable.
Generated C for 'lu' in /home/kleplj/choose_hints/optimization/choose_hints/PolybenchC-Exo/build/generated/lu
Built lu executable.
Generated C for 'ludcmp' in /home/kleplj/choose_hints/optimization/choose_hints/PolybenchC-Exo/build/generated/ludcmp
Built ludcmp executable.
Generated C for 'trisolv' in /home/kleplj/choose_hints/optimization/choose_hints/PolybenchC-Exo/build/generated/trisolv
Built trisolv executable.
Generated C for 'correlation' in /home/kleplj/choose_hints/optimization/choose_hints/PolybenchC-Exo/build/generated/correlation
Built correlation executable.
Generated C for 'covariance' in /home/kleplj/choose_hints/optimization/choose_hints/PolybenchC-Exo/build/generated/covariance
Built covariance executable.
Generated C for 'adi' in /home/kleplj/choose_hints/optimization/choose_hints/PolybenchC-Exo/build/generated/adi
Built adi executable.
Generated C for 'heat-3d' in /home/kleplj/choose_hints/optimization/choose_hints/PolybenchC-Exo/build/generated/heat-3d
Built heat-3d executable.
Generated C for 'jacobi-1d' in /home/kleplj/choose_hints/optimization/choose_hints/PolybenchC-Exo/build/generated/jacobi-1d
Built jacobi-1d executable.
Generated C for 'nussinov' in /home/kleplj/choose_hints/optimization/choose_hints/PolybenchC-Exo/build/generated/nussinov
Built nussinov executable.
Exo build complete. Generated sources in: /home/kleplj/choose_hints/optimization/choose_hints/PolybenchC-Exo/build
Removing temp dir /tmp/slurm.151224/tmp.n5evaygYXD
Skipping exo choose_hints 2mm repetition 3 for dataset size MEDIUM (already done).
Skipping exo choose_hints 2mm repetition 3 for dataset size MEDIUM (already done).
Skipping exo choose_hints 3mm repetition 3 for dataset size MEDIUM (already done).
Skipping exo choose_hints 3mm repetition 3 for dataset size MEDIUM (already done).
Skipping exo choose_hints atax repetition 3 for dataset size MEDIUM (already done).
Skipping exo choose_hints atax repetition 3 for dataset size MEDIUM (already done).
Skipping exo choose_hints cholesky repetition 3 for dataset size MEDIUM (already done).
Skipping exo choose_hints cholesky repetition 3 for dataset size MEDIUM (already done).
Skipping exo choose_hints correlation repetition 3 for dataset size MEDIUM (already done).
Skipping exo choose_hints correlation repetition 3 for dataset size MEDIUM (already done).
Skipping exo choose_hints covariance repetition 3 for dataset size MEDIUM (already done).
Skipping exo choose_hints covariance repetition 3 for dataset size MEDIUM (already done).
Skipping exo choose_hints doitgen repetition 3 for dataset size MEDIUM (already done).
Skipping exo choose_hints doitgen repetition 3 for dataset size MEDIUM (already done).
Skipping exo choose_hints durbin repetition 3 for dataset size MEDIUM (already done).
Skipping exo choose_hints durbin repetition 3 for dataset size MEDIUM (already done).
Skipping exo choose_hints gesummv repetition 3 for dataset size MEDIUM (already done).
Skipping exo choose_hints gesummv repetition 3 for dataset size MEDIUM (already done).
Skipping exo choose_hints heat-3d repetition 3 for dataset size MEDIUM (already done).
Skipping exo choose_hints heat-3d repetition 3 for dataset size MEDIUM (already done).
Skipping exo choose_hints jacobi-1d repetition 3 for dataset size MEDIUM (already done).
Skipping exo choose_hints jacobi-1d repetition 3 for dataset size MEDIUM (already done).
Skipping exo choose_hints lu repetition 3 for dataset size MEDIUM (already done).
Skipping exo choose_hints lu repetition 3 for dataset size MEDIUM (already done).
Skipping exo choose_hints ludcmp repetition 3 for dataset size MEDIUM (already done).
Skipping exo choose_hints ludcmp repetition 3 for dataset size MEDIUM (already done).
Skipping exo choose_hints mvt repetition 3 for dataset size MEDIUM (already done).
Skipping exo choose_hints mvt repetition 3 for dataset size MEDIUM (already done).
Skipping exo choose_hints nussinov repetition 3 for dataset size MEDIUM (already done).
Skipping exo choose_hints nussinov repetition 3 for dataset size MEDIUM (already done).
Skipping exo choose_hints symm repetition 3 for dataset size MEDIUM (already done).
Skipping exo choose_hints symm repetition 3 for dataset size MEDIUM (already done).
Skipping exo choose_hints syr2k repetition 3 for dataset size MEDIUM (already done).
Skipping exo choose_hints syr2k repetition 3 for dataset size MEDIUM (already done).
Skipping exo choose_hints trisolv repetition 3 for dataset size MEDIUM (already done).
Skipping exo choose_hints trisolv repetition 3 for dataset size MEDIUM (already done).
Generated C for 'gemm' in /home/kleplj/choose_hints/optimization/choose_hints/PolybenchC-Exo/build/generated/gemm
Built gemm executable.
Generated C for 'gesummv' in /home/kleplj/choose_hints/optimization/choose_hints/PolybenchC-Exo/build/generated/gesummv
Built gesummv executable.
Generated C for 'symm' in /home/kleplj/choose_hints/optimization/choose_hints/PolybenchC-Exo/build/generated/symm
Built symm executable.
Generated C for 'syr2k' in /home/kleplj/choose_hints/optimization/choose_hints/PolybenchC-Exo/build/generated/syr2k
Built syr2k executable.
Generated C for 'syrk' in /home/kleplj/choose_hints/optimization/choose_hints/PolybenchC-Exo/build/generated/syrk
Built syrk executable.
Generated C for 'trmm' in /home/kleplj/choose_hints/optimization/choose_hints/PolybenchC-Exo/build/generated/trmm
Built trmm executable.
Generated C for '2mm' in /home/kleplj/choose_hints/optimization/choose_hints/PolybenchC-Exo/build/generated/2mm
Built 2mm executable.
Generated C for '3mm' in /home/kleplj/choose_hints/optimization/choose_hints/PolybenchC-Exo/build/generated/3mm
Built 3mm executable.
Generated C for 'atax' in /home/kleplj/choose_hints/optimization/choose_hints/PolybenchC-Exo/build/generated/atax
Built atax executable.
Generated C for 'bicg' in /home/kleplj/choose_hints/optimization/choose_hints/PolybenchC-Exo/build/generated/bicg
Built bicg executable.
Generated C for 'doitgen' in /home/kleplj/choose_hints/optimization/choose_hints/PolybenchC-Exo/build/generated/doitgen
Built doitgen executable.
Generated C for 'mvt' in /home/kleplj/choose_hints/optimization/choose_hints/PolybenchC-Exo/build/generated/mvt
Built mvt executable.
Generated C for 'cholesky' in /home/kleplj/choose_hints/optimization/choose_hints/PolybenchC-Exo/build/generated/cholesky
Built cholesky executable.
Generated C for 'durbin' in /home/kleplj/choose_hints/optimization/choose_hints/PolybenchC-Exo/build/generated/durbin
Built durbin executable.
Generated C for 'ludcmp' in /home/kleplj/choose_hints/optimization/choose_hints/PolybenchC-Exo/build/generated/ludcmp
Built ludcmp executable.
Generated C for 'trisolv' in /home/kleplj/choose_hints/optimization/choose_hints/PolybenchC-Exo/build/generated/trisolv
Generated C for 'correlation' in /home/kleplj/choose_hints/optimization/choose_hints/PolybenchC-Exo/build/generated/correlation
Built correlation executable.
Generated C for 'adi' in /home/kleplj/choose_hints/optimization/choose_hints/PolybenchC-Exo/build/generated/adi
Built adi executable.
Generated C for 'fdtd-2d' in /home/kleplj/choose_hints/optimization/choose_hints/PolybenchC-Exo/build/generated/fdtd-2d
Built fdtd-2d executable.
Generated C for 'heat-3d' in /home/kleplj/choose_hints/optimization/choose_hints/PolybenchC-Exo/build/generated/heat-3d
Built heat-3d executable.
Generated C for 'jacobi-1d' in /home/kleplj/choose_hints/optimization/choose_hints/PolybenchC-Exo/build/generated/jacobi-1d
Built jacobi-1d executable.
Generated C for 'jacobi-2d' in /home/kleplj/choose_hints/optimization/choose_hints/PolybenchC-Exo/build/generated/jacobi-2d
Built jacobi-2d executable.
Generated C for 'floyd-warshall' in /home/kleplj/choose_hints/optimization/choose_hints/PolybenchC-Exo/build/generated/floyd-warshall
Built floyd-warshall executable.
Generated C for 'nussinov' in /home/kleplj/choose_hints/optimization/choose_hints/PolybenchC-Exo/build/generated/nussinov
Built nussinov executable.
Exo build complete. Generated sources in: /home/kleplj/choose_hints/optimization/choose_hints/PolybenchC-Exo/build
Removing temp dir /tmp/slurm.151224/tmp.c6Vqu3ISRP
Skipping exo choose_hints 2mm repetition 4 for dataset size MEDIUM (already done).
Skipping exo choose_hints 2mm repetition 4 for dataset size MEDIUM (already done).
Skipping exo choose_hints 3mm repetition 4 for dataset size MEDIUM (already done).
Skipping exo choose_hints 3mm repetition 4 for dataset size MEDIUM (already done).
Skipping exo choose_hints adi repetition 4 for dataset size MEDIUM (already done).
Skipping exo choose_hints adi repetition 4 for dataset size MEDIUM (already done).
Skipping exo choose_hints atax repetition 4 for dataset size MEDIUM (already done).
Skipping exo choose_hints atax repetition 4 for dataset size MEDIUM (already done).
Skipping exo choose_hints bicg repetition 4 for dataset size MEDIUM (already done).
Skipping exo choose_hints bicg repetition 4 for dataset size MEDIUM (already done).
Skipping exo choose_hints cholesky repetition 4 for dataset size MEDIUM (already done).
Skipping exo choose_hints cholesky repetition 4 for dataset size MEDIUM (already done).
Skipping exo choose_hints correlation repetition 4 for dataset size MEDIUM (already done).
Skipping exo choose_hints correlation repetition 4 for dataset size MEDIUM (already done).
Skipping exo choose_hints doitgen repetition 4 for dataset size MEDIUM (already done).
Skipping exo choose_hints doitgen repetition 4 for dataset size MEDIUM (already done).
Skipping exo choose_hints durbin repetition 4 for dataset size MEDIUM (already done).
Skipping exo choose_hints durbin repetition 4 for dataset size MEDIUM (already done).
Skipping exo choose_hints fdtd-2d repetition 4 for dataset size MEDIUM (already done).
Skipping exo choose_hints fdtd-2d repetition 4 for dataset size MEDIUM (already done).
Skipping exo choose_hints floyd-warshall repetition 4 for dataset size MEDIUM (already done).
Skipping exo choose_hints floyd-warshall repetition 4 for dataset size MEDIUM (already done).
Skipping exo choose_hints gemm repetition 4 for dataset size MEDIUM (already done).
Skipping exo choose_hints gemm repetition 4 for dataset size MEDIUM (already done).
Skipping exo choose_hints gesummv repetition 4 for dataset size MEDIUM (already done).
Skipping exo choose_hints gesummv repetition 4 for dataset size MEDIUM (already done).
Skipping exo choose_hints heat-3d repetition 4 for dataset size MEDIUM (already done).
Skipping exo choose_hints heat-3d repetition 4 for dataset size MEDIUM (already done).
Skipping exo choose_hints jacobi-1d repetition 4 for dataset size MEDIUM (already done).
Skipping exo choose_hints jacobi-1d repetition 4 for dataset size MEDIUM (already done).
Skipping exo choose_hints jacobi-2d repetition 4 for dataset size MEDIUM (already done).
Skipping exo choose_hints jacobi-2d repetition 4 for dataset size MEDIUM (already done).
Skipping exo choose_hints ludcmp repetition 4 for dataset size MEDIUM (already done).
Skipping exo choose_hints ludcmp repetition 4 for dataset size MEDIUM (already done).
Skipping exo choose_hints mvt repetition 4 for dataset size MEDIUM (already done).
Skipping exo choose_hints mvt repetition 4 for dataset size MEDIUM (already done).
Skipping exo choose_hints nussinov repetition 4 for dataset size MEDIUM (already done).
Skipping exo choose_hints nussinov repetition 4 for dataset size MEDIUM (already done).
Skipping exo choose_hints symm repetition 4 for dataset size MEDIUM (already done).
Skipping exo choose_hints symm repetition 4 for dataset size MEDIUM (already done).
Skipping exo choose_hints syr2k repetition 4 for dataset size MEDIUM (already done).
Skipping exo choose_hints syr2k repetition 4 for dataset size MEDIUM (already done).
Skipping exo choose_hints syrk repetition 4 for dataset size MEDIUM (already done).
Skipping exo choose_hints syrk repetition 4 for dataset size MEDIUM (already done).
Skipping exo choose_hints trmm repetition 4 for dataset size MEDIUM (already done).
Skipping exo choose_hints trmm repetition 4 for dataset size MEDIUM (already done).
Generated C for 'gesummv' in /home/kleplj/choose_hints/optimization/choose_hints/PolybenchC-Exo/build/generated/gesummv
Built gesummv executable.
Generated C for 'syr2k' in /home/kleplj/choose_hints/optimization/choose_hints/PolybenchC-Exo/build/generated/syr2k
Built syr2k executable.
Generated C for 'syrk' in /home/kleplj/choose_hints/optimization/choose_hints/PolybenchC-Exo/build/generated/syrk
Built syrk executable.
Generated C for '2mm' in /home/kleplj/choose_hints/optimization/choose_hints/PolybenchC-Exo/build/generated/2mm
Built 2mm executable.
Generated C for 'atax' in /home/kleplj/choose_hints/optimization/choose_hints/PolybenchC-Exo/build/generated/atax
Built atax executable.
Generated C for 'bicg' in /home/kleplj/choose_hints/optimization/choose_hints/PolybenchC-Exo/build/generated/bicg
Built bicg executable.
Generated C for 'mvt' in /home/kleplj/choose_hints/optimization/choose_hints/PolybenchC-Exo/build/generated/mvt
Built mvt executable.
Generated C for 'cholesky' in /home/kleplj/choose_hints/optimization/choose_hints/PolybenchC-Exo/build/generated/cholesky
Built cholesky executable.
Generated C for 'durbin' in /home/kleplj/choose_hints/optimization/choose_hints/PolybenchC-Exo/build/generated/durbin
Generated C for 'gramschmidt' in /home/kleplj/choose_hints/optimization/choose_hints/PolybenchC-Exo/build/generated/gramschmidt
Built gramschmidt executable.
Generated C for 'trisolv' in /home/kleplj/choose_hints/optimization/choose_hints/PolybenchC-Exo/build/generated/trisolv
Built trisolv executable.
Generated C for 'correlation' in /home/kleplj/choose_hints/optimization/choose_hints/PolybenchC-Exo/build/generated/correlation
Built correlation executable.
Generated C for 'covariance' in /home/kleplj/choose_hints/optimization/choose_hints/PolybenchC-Exo/build/generated/covariance
Built covariance executable.
Generated C for 'adi' in /home/kleplj/choose_hints/optimization/choose_hints/PolybenchC-Exo/build/generated/adi
Built adi executable.
Generated C for 'fdtd-2d' in /home/kleplj/choose_hints/optimization/choose_hints/PolybenchC-Exo/build/generated/fdtd-2d
Generated C for 'jacobi-1d' in /home/kleplj/choose_hints/optimization/choose_hints/PolybenchC-Exo/build/generated/jacobi-1d
Built jacobi-1d executable.
Generated C for 'nussinov' in /home/kleplj/choose_hints/optimization/choose_hints/PolybenchC-Exo/build/generated/nussinov
Built nussinov executable.
Exo build complete. Generated sources in: /home/kleplj/choose_hints/optimization/choose_hints/PolybenchC-Exo/build
Removing temp dir /tmp/slurm.151224/tmp.i5XOi1iUis
Skipping exo choose_hints 2mm repetition 5 for dataset size MEDIUM (already done).
Skipping exo choose_hints 2mm repetition 5 for dataset size MEDIUM (already done).
Skipping exo choose_hints adi repetition 5 for dataset size MEDIUM (already done).
Skipping exo choose_hints adi repetition 5 for dataset size MEDIUM (already done).
Skipping exo choose_hints atax repetition 5 for dataset size MEDIUM (already done).
Skipping exo choose_hints atax repetition 5 for dataset size MEDIUM (already done).
Skipping exo choose_hints bicg repetition 5 for dataset size MEDIUM (already done).
Skipping exo choose_hints bicg repetition 5 for dataset size MEDIUM (already done).
Skipping exo choose_hints cholesky repetition 5 for dataset size MEDIUM (already done).
Skipping exo choose_hints cholesky repetition 5 for dataset size MEDIUM (already done).
Skipping exo choose_hints correlation repetition 5 for dataset size MEDIUM (already done).
Skipping exo choose_hints correlation repetition 5 for dataset size MEDIUM (already done).
Skipping exo choose_hints covariance repetition 5 for dataset size MEDIUM (already done).
Skipping exo choose_hints covariance repetition 5 for dataset size MEDIUM (already done).
Skipping exo choose_hints gesummv repetition 5 for dataset size MEDIUM (already done).
Skipping exo choose_hints gesummv repetition 5 for dataset size MEDIUM (already done).
Skipping exo choose_hints jacobi-1d repetition 5 for dataset size MEDIUM (already done).
Skipping exo choose_hints jacobi-1d repetition 5 for dataset size MEDIUM (already done).
Skipping exo choose_hints mvt repetition 5 for dataset size MEDIUM (already done).
Skipping exo choose_hints mvt repetition 5 for dataset size MEDIUM (already done).
Skipping exo choose_hints nussinov repetition 5 for dataset size MEDIUM (already done).
Skipping exo choose_hints nussinov repetition 5 for dataset size MEDIUM (already done).
Skipping exo choose_hints syr2k repetition 5 for dataset size MEDIUM (already done).
Skipping exo choose_hints syr2k repetition 5 for dataset size MEDIUM (already done).
Skipping exo choose_hints syrk repetition 5 for dataset size MEDIUM (already done).
Skipping exo choose_hints syrk repetition 5 for dataset size MEDIUM (already done).
Skipping exo choose_hints trisolv repetition 5 for dataset size MEDIUM (already done).
Skipping exo choose_hints trisolv repetition 5 for dataset size MEDIUM (already done).
