framework,version,algorithm,repetition,dataset_size,speedup,optimized_time_s,baseline_time_s,baseline_framework
c,AllHints,2mm,1,MINI,0.45238095238095244,4.2e-05,1.9e-05,c
c,AllHints,2mm,2,MINI,0.504424778761062,3.766666666666667e-05,1.9e-05,c
c,AllHints,2mm,3,MINI,1.096153846153846,1.7333333333333336e-05,1.9e-05,c
c,AllHints,2mm,4,MINI,0.14540816326530615,0.00013066666666666665,1.9e-05,c
c,AllHints,2mm,5,MINI,0.19860627177700352,9.566666666666666e-05,1.9e-05,c
c,ChooseHints,2mm,1,MINI,0.5876288659793815,3.233333333333333e-05,1.9e-05,c
c,ChooseHints,2mm,2,MINI,0.19453924914675771,9.766666666666665e-05,1.9e-05,c
c,ChooseHints,2mm,3,MINI,0.19127516778523493,9.933333333333333e-05,1.9e-05,c
c,ChooseHints,2mm,4,MINI,0.35403726708074534,5.366666666666667e-05,1.9e-05,c
c,ChooseHints,2mm,5,MINI,0.20802919708029197,9.133333333333334e-05,1.9e-05,c
c,FromPlan,2mm,1,MINI,3.5624999999999996,5.3333333333333345e-06,1.9e-05,c
c,FromPlan,2mm,2,MINI,3.3529411764705883,5.666666666666667e-06,1.9e-05,c
c,FromPlan,2mm,3,MINI,3.5624999999999996,5.3333333333333345e-06,1.9e-05,c
c,FromPlan,2mm,4,MINI,3.3529411764705883,5.666666666666667e-06,1.9e-05,c
c,FromPlan,2mm,5,MINI,3.3529411764705883,5.666666666666667e-06,1.9e-05,c
c,Naive,2mm,1,MINI,1.1176470588235294,1.7e-05,1.9e-05,c
c,Naive,2mm,2,MINI,3.5624999999999996,5.3333333333333345e-06,1.9e-05,c
c,Naive,2mm,3,MINI,4.071428571428571,4.666666666666667e-06,1.9e-05,c
c,Naive,2mm,4,MINI,1.3902439024390243,1.3666666666666667e-05,1.9e-05,c
c,Naive,2mm,5,MINI,3.5625000000000004,5.333333333333333e-06,1.9e-05,c
c,standard,2mm,1,MINI,1.0,1.9e-05,1.9e-05,c
exo,AllHints,2mm,2,MINI,2.2800000000000007,8.333333333333332e-06,1.9e-05,c
exo,AllHints,2mm,3,MINI,0.35403726708074534,5.366666666666667e-05,1.9e-05,c
exo,AllHints,2mm,4,MINI,0.3518518518518519,5.399999999999999e-05,1.9e-05,c
exo,AllHints,2mm,5,MINI,0.2446351931330472,7.766666666666667e-05,1.9e-05,c
exo,ChooseHints,2mm,1,MINI,0.3653846153846154,5.2e-05,1.9e-05,c
exo,ChooseHints,2mm,2,MINI,0.22529644268774707,8.433333333333333e-05,1.9e-05,c
exo,ChooseHints,2mm,3,MINI,0.3220338983050847,5.9000000000000004e-05,1.9e-05,c
exo,ChooseHints,2mm,4,MINI,0.3131868131868132,6.0666666666666666e-05,1.9e-05,c
exo,ChooseHints,2mm,5,MINI,0.19655172413793104,9.666666666666667e-05,1.9e-05,c
exo,FromPlan,2mm,1,MINI,2.2800000000000007,8.333333333333332e-06,1.9e-05,c
exo,FromPlan,2mm,3,MINI,2.2800000000000007,8.333333333333332e-06,1.9e-05,c
exo,Naive,2mm,1,MINI,0.19387755102040818,9.8e-05,1.9e-05,c
exo,Naive,2mm,2,MINI,0.18627450980392157,0.000102,1.9e-05,c
exo,Naive,2mm,5,MINI,0.26267281105990786,7.233333333333333e-05,1.9e-05,c
exo,standard,2mm,1,MINI,0.8636363636363635,2.2000000000000003e-05,1.9e-05,c
exo,standard,2mm,2,MINI,0.8636363636363635,2.2000000000000003e-05,1.9e-05,c
exo,standard,2mm,3,MINI,0.8906250000000001,2.133333333333333e-05,1.9e-05,c
exo,standard,2mm,4,MINI,0.7808219178082192,2.4333333333333333e-05,1.9e-05,c
exo,standard,2mm,5,MINI,0.8636363636363635,2.2000000000000003e-05,1.9e-05,c
halide,standard,2mm,1,MINI,0.4913793103448276,3.866666666666667e-05,1.9e-05,c
halide,standard,2mm,2,MINI,0.5044247787610621,3.766666666666666e-05,1.9e-05,c
halide,standard,2mm,3,MINI,0.4488188976377953,4.233333333333333e-05,1.9e-05,c
halide,standard,2mm,4,MINI,0.1096153846153846,0.00017333333333333336,1.9e-05,c
halide,standard,2mm,5,MINI,0.11176470588235293,0.00017,1.9e-05,c
noarr,AllHints,2mm,1,MINI,3.5624999999999996,5.3333333333333345e-06,1.9e-05,c
noarr,AllHints,2mm,2,MINI,0.00796311818943839,0.002386,1.9e-05,c
noarr,AllHints,2mm,3,MINI,3.8,5e-06,1.9e-05,c
noarr,AllHints,2mm,4,MINI,3.8,5e-06,1.9e-05,c
noarr,AllHints,2mm,5,MINI,3.8,5e-06,1.9e-05,c
noarr,ChooseHints,2mm,1,MINI,3.8,5e-06,1.9e-05,c
noarr,ChooseHints,2mm,2,MINI,3.166666666666667,6e-06,1.9e-05,c
noarr,ChooseHints,2mm,3,MINI,3.8,5e-06,1.9e-05,c
noarr,ChooseHints,2mm,4,MINI,3.8,5e-06,1.9e-05,c
noarr,ChooseHints,2mm,5,MINI,3.8,5e-06,1.9e-05,c
noarr,FromPlan,2mm,1,MINI,0.4913793103448276,3.866666666666667e-05,1.9e-05,c
noarr,FromPlan,2mm,2,MINI,0.43181818181818177,4.4000000000000006e-05,1.9e-05,c
noarr,FromPlan,2mm,3,MINI,0.47107438016528924,4.0333333333333336e-05,1.9e-05,c
noarr,FromPlan,2mm,4,MINI,1.0,1.9e-05,1.9e-05,c
noarr,FromPlan,2mm,5,MINI,0.7402597402597403,2.5666666666666666e-05,1.9e-05,c
noarr,Naive,2mm,1,MINI,3.8,5e-06,1.9e-05,c
noarr,Naive,2mm,2,MINI,3.8,5e-06,1.9e-05,c
noarr,Naive,2mm,3,MINI,1.0961538461538463,1.7333333333333332e-05,1.9e-05,c
noarr,Naive,2mm,4,MINI,3.5624999999999996,5.3333333333333345e-06,1.9e-05,c
noarr,Naive,2mm,5,MINI,3.8,5e-06,1.9e-05,c
noarr,standard,2mm,1,MINI,0.7916666666666667,2.4e-05,1.9e-05,c
noarr,standard,2mm,2,MINI,3.166666666666667,6e-06,1.9e-05,c
noarr,standard,2mm,3,MINI,0.7702702702702703,2.466666666666667e-05,1.9e-05,c
noarr,standard,2mm,4,MINI,3.166666666666667,6e-06,1.9e-05,c
noarr,standard,2mm,5,MINI,0.7808219178082192,2.4333333333333333e-05,1.9e-05,c
c,AllHints,3mm,1,MINI,1.55,2e-05,3.1e-05,c
c,AllHints,3mm,2,MINI,0.44497607655502397,6.966666666666666e-05,3.1e-05,c
c,AllHints,3mm,4,MINI,0.19294605809128632,0.00016066666666666668,3.1e-05,c
c,AllHints,3mm,5,MINI,0.17547169811320756,0.00017666666666666666,3.1e-05,c
c,ChooseHints,3mm,1,MINI,0.3163265306122449,9.8e-05,3.1e-05,c
c,ChooseHints,3mm,2,MINI,0.33695652173913043,9.2e-05,3.1e-05,c
c,ChooseHints,3mm,3,MINI,0.3120805369127517,9.933333333333333e-05,3.1e-05,c
c,ChooseHints,3mm,4,MINI,0.2971246006389776,0.00010433333333333334,3.1e-05,c
c,FromPlan,3mm,1,MINI,3.7200000000000006,8.333333333333332e-06,3.1e-05,c
c,FromPlan,3mm,2,MINI,0.37200000000000005,8.333333333333333e-05,3.1e-05,c
c,FromPlan,3mm,3,MINI,3.7200000000000006,8.333333333333332e-06,3.1e-05,c
c,FromPlan,3mm,4,MINI,3.8750000000000004,8e-06,3.1e-05,c
c,FromPlan,3mm,5,MINI,3.8750000000000004,8e-06,3.1e-05,c
c,Naive,3mm,1,MINI,2.6571428571428575,1.1666666666666666e-05,3.1e-05,c
c,Naive,3mm,2,MINI,5.166666666666667,6e-06,3.1e-05,c
c,Naive,3mm,3,MINI,4.428571428571429,7e-06,3.1e-05,c
c,Naive,3mm,4,MINI,4.650000000000001,6.666666666666666e-06,3.1e-05,c
c,Naive,3mm,5,MINI,3.8750000000000004,8e-06,3.1e-05,c
c,standard,3mm,1,MINI,1.0,3.1e-05,3.1e-05,c
exo,AllHints,3mm,3,MINI,0.3069306930693069,0.000101,3.1e-05,c
exo,AllHints,3mm,4,MINI,0.29807692307692313,0.000104,3.1e-05,c
exo,ChooseHints,3mm,1,MINI,0.2990353697749196,0.00010366666666666666,3.1e-05,c
exo,ChooseHints,3mm,2,MINI,0.2784431137724551,0.00011133333333333333,3.1e-05,c
exo,ChooseHints,3mm,3,MINI,0.30097087378640774,0.00010300000000000001,3.1e-05,c
exo,ChooseHints,3mm,4,MINI,0.3263157894736842,9.499999999999999e-05,3.1e-05,c
exo,FromPlan,3mm,3,MINI,2.384615384615385,1.3e-05,3.1e-05,c
exo,FromPlan,3mm,4,MINI,0.3206896551724138,9.666666666666667e-05,3.1e-05,c
exo,FromPlan,3mm,5,MINI,2.384615384615385,1.3e-05,3.1e-05,c
exo,Naive,3mm,1,MINI,0.3049180327868853,0.00010166666666666667,3.1e-05,c
exo,Naive,3mm,2,MINI,0.6326530612244898,4.9e-05,3.1e-05,c
exo,Naive,3mm,3,MINI,0.16878402903811252,0.0001836666666666667,3.1e-05,c
exo,Naive,3mm,4,MINI,2.3250000000000006,1.3333333333333332e-05,3.1e-05,c
exo,Naive,3mm,5,MINI,0.24603174603174605,0.000126,3.1e-05,c
exo,standard,3mm,1,MINI,0.8611111111111112,3.6e-05,3.1e-05,c
exo,standard,3mm,2,MINI,0.808695652173913,3.8333333333333334e-05,3.1e-05,c
exo,standard,3mm,3,MINI,0.9207920792079208,3.366666666666667e-05,3.1e-05,c
exo,standard,3mm,4,MINI,0.911764705882353,3.4e-05,3.1e-05,c
exo,standard,3mm,5,MINI,0.9207920792079208,3.366666666666667e-05,3.1e-05,c
halide,standard,3mm,1,MINI,0.11596009975062344,0.00026733333333333334,3.1e-05,c
halide,standard,3mm,2,MINI,0.115527950310559,0.00026833333333333337,3.1e-05,c
halide,standard,3mm,3,MINI,0.636986301369863,4.8666666666666666e-05,3.1e-05,c
halide,standard,3mm,4,MINI,0.6642857142857144,4.6666666666666665e-05,3.1e-05,c
halide,standard,3mm,5,MINI,0.11596009975062344,0.00026733333333333334,3.1e-05,c
noarr,AllHints,3mm,1,MINI,1.0568181818181819,2.9333333333333333e-05,3.1e-05,c
noarr,AllHints,3mm,2,MINI,1.690909090909091,1.8333333333333333e-05,3.1e-05,c
noarr,AllHints,3mm,3,MINI,0.9029126213592232,3.433333333333334e-05,3.1e-05,c
noarr,AllHints,3mm,4,MINI,1.9375000000000002,1.6e-05,3.1e-05,c
noarr,AllHints,3mm,5,MINI,1.0333333333333334,3e-05,3.1e-05,c
noarr,ChooseHints,3mm,1,MINI,1.8979591836734693,1.6333333333333335e-05,3.1e-05,c
noarr,ChooseHints,3mm,2,MINI,1.603448275862069,1.9333333333333333e-05,3.1e-05,c
noarr,ChooseHints,3mm,3,MINI,1.3098591549295777,2.3666666666666665e-05,3.1e-05,c
noarr,ChooseHints,3mm,4,MINI,1.1071428571428572,2.8e-05,3.1e-05,c
noarr,ChooseHints,3mm,5,MINI,2.5135135135135136,1.2333333333333334e-05,3.1e-05,c
noarr,FromPlan,3mm,1,MINI,0.9489795918367349,3.266666666666666e-05,3.1e-05,c
noarr,FromPlan,3mm,2,MINI,1.0,3.1e-05,3.1e-05,c
noarr,FromPlan,3mm,3,MINI,1.9787234042553192,1.5666666666666667e-05,3.1e-05,c
noarr,FromPlan,3mm,4,MINI,1.0813953488372092,2.8666666666666668e-05,3.1e-05,c
noarr,FromPlan,3mm,5,MINI,0.3263157894736842,9.499999999999999e-05,3.1e-05,c
noarr,Naive,3mm,1,MINI,1.603448275862069,1.9333333333333333e-05,3.1e-05,c
noarr,Naive,3mm,2,MINI,2.5135135135135136,1.2333333333333334e-05,3.1e-05,c
noarr,Naive,3mm,3,MINI,1.8979591836734693,1.6333333333333335e-05,3.1e-05,c
noarr,Naive,3mm,4,MINI,1.8979591836734693,1.6333333333333335e-05,3.1e-05,c
noarr,Naive,3mm,5,MINI,1.9787234042553192,1.5666666666666667e-05,3.1e-05,c
noarr,standard,3mm,1,MINI,0.34065934065934067,9.1e-05,3.1e-05,c
noarr,standard,3mm,2,MINI,0.44075829383886256,7.033333333333334e-05,3.1e-05,c
noarr,standard,3mm,3,MINI,1.3880597014925373,2.2333333333333335e-05,3.1e-05,c
noarr,standard,3mm,4,MINI,1.631578947368421,1.9e-05,3.1e-05,c
noarr,standard,3mm,5,MINI,0.32517482517482516,9.533333333333334e-05,3.1e-05,c
c,AllHints,adi,1,MINI,0.11166325635779012,0.0011403333333333333,0.00012733333333333333,c
c,AllHints,adi,2,MINI,0.30658105939004815,0.0004153333333333333,0.00012733333333333333,c
c,AllHints,adi,3,MINI,0.30658105939004815,0.0004153333333333333,0.00012733333333333333,c
c,AllHints,adi,4,MINI,0.2991386061080658,0.00042566666666666664,0.00012733333333333333,c
c,AllHints,adi,5,MINI,0.11878109452736317,0.001072,0.00012733333333333333,c
c,ChooseHints,adi,2,MINI,0.1172498465316145,0.001086,0.00012733333333333333,c
c,ChooseHints,adi,3,MINI,0.9720101781170483,0.000131,0.00012733333333333333,c
c,ChooseHints,adi,4,MINI,0.11406389967154375,0.0011163333333333333,0.00012733333333333333,c
c,ChooseHints,adi,5,MINI,0.11558245083207262,0.0011016666666666666,0.00012733333333333333,c
c,FromPlan,adi,1,MINI,1.4148148148148147,9e-05,0.00012733333333333333,c
c,FromPlan,adi,2,MINI,2.260355029585799,5.633333333333333e-05,0.00012733333333333333,c
c,FromPlan,adi,3,MINI,1.3217993079584776,9.633333333333332e-05,0.00012733333333333333,c
c,FromPlan,adi,4,MINI,0.41031149301826,0.0003103333333333333,0.00012733333333333333,c
c,FromPlan,adi,5,MINI,1.3082191780821917,9.733333333333333e-05,0.00012733333333333333,c
c,Naive,adi,1,MINI,1.0105820105820105,0.000126,0.00012733333333333333,c
c,Naive,adi,2,MINI,0.8925233644859812,0.00014266666666666667,0.00012733333333333333,c
c,Naive,adi,3,MINI,1.5916666666666666,8e-05,0.00012733333333333333,c
c,Naive,adi,4,MINI,0.11568746214415505,0.0011006666666666667,0.00012733333333333333,c
c,Naive,adi,5,MINI,0.30956239870340363,0.00041133333333333327,0.00012733333333333333,c
c,standard,adi,1,MINI,1.0,0.00012733333333333333,0.00012733333333333333,c
exo,AllHints,adi,1,MINI,0.11558245083207262,0.0011016666666666666,0.00012733333333333333,c
exo,AllHints,adi,2,MINI,0.11474917392610394,0.0011096666666666666,0.00012733333333333333,c
exo,AllHints,adi,3,MINI,0.11085316308763783,0.0011486666666666668,0.00012733333333333333,c
exo,AllHints,adi,5,MINI,0.11137026239067056,0.0011433333333333332,0.00012733333333333333,c
exo,ChooseHints,adi,1,MINI,0.11182669789227168,0.0011386666666666665,0.00012733333333333333,c
exo,ChooseHints,adi,2,MINI,0.11133780238997376,0.0011436666666666667,0.00012733333333333333,c
exo,ChooseHints,adi,4,MINI,0.1151990349819059,0.0011053333333333334,0.00012733333333333333,c
exo,ChooseHints,adi,5,MINI,0.10989643268124281,0.0011586666666666666,0.00012733333333333333,c
exo,FromPlan,adi,2,MINI,1.150602409638554,0.00011066666666666667,0.00012733333333333333,c
exo,FromPlan,adi,4,MINI,0.07800694302634265,0.0016323333333333335,0.00012733333333333333,c
exo,Naive,adi,1,MINI,0.11481815449353772,0.001109,0.00012733333333333333,c
exo,Naive,adi,2,MINI,0.11318518518518517,0.0011250000000000001,0.00012733333333333333,c
exo,Naive,adi,4,MINI,0.11572250833080884,0.0011003333333333334,0.00012733333333333333,c
exo,standard,adi,2,MINI,0.7475538160469667,0.00017033333333333334,0.00012733333333333333,c
exo,standard,adi,3,MINI,0.7431906614785991,0.00017133333333333334,0.00012733333333333333,c
exo,standard,adi,4,MINI,0.7166979362101312,0.00017766666666666668,0.00012733333333333333,c
halide,AllHints,adi,1,MINI,0.0006905141076370499,0.18440366666666666,0.00012733333333333333,c
halide,AllHints,adi,3,MINI,0.008320627314310608,0.015303333333333334,0.00012733333333333333,c
halide,ChooseHints,adi,1,MINI,0.01957568924874449,0.006504666666666666,0.00012733333333333333,c
halide,ChooseHints,adi,2,MINI,0.7100371747211897,0.00017933333333333332,0.00012733333333333333,c
halide,ChooseHints,adi,3,MINI,0.00044595691028911314,0.28552833333333333,0.00012733333333333333,c
halide,ChooseHints,adi,4,MINI,0.9408866995073891,0.00013533333333333333,0.00012733333333333333,c
halide,FromPlan,adi,3,MINI,1.1104651162790697,0.00011466666666666667,0.00012733333333333333,c
halide,Naive,adi,2,MINI,0.8322440087145969,0.000153,0.00012733333333333333,c
halide,Naive,adi,4,MINI,0.031695984069034185,0.004017333333333334,0.00012733333333333333,c
halide,standard,adi,1,MINI,0.8662131519274376,0.000147,0.00012733333333333333,c
halide,standard,adi,2,MINI,0.7991631799163179,0.00015933333333333335,0.00012733333333333333,c
halide,standard,adi,3,MINI,0.8623024830699775,0.00014766666666666666,0.00012733333333333333,c
halide,standard,adi,5,MINI,0.8662131519274376,0.000147,0.00012733333333333333,c
noarr,AllHints,adi,1,MINI,0.03560775540641312,0.0035759999999999998,0.00012733333333333333,c
noarr,AllHints,adi,2,MINI,0.11974921630094042,0.0010633333333333334,0.00012733333333333333,c
noarr,AllHints,adi,3,MINI,0.036092214663643235,0.003528,0.00012733333333333333,c
noarr,AllHints,adi,4,MINI,0.03580466772893429,0.0035563333333333332,0.00012733333333333333,c
noarr,AllHints,adi,5,MINI,0.7579365079365079,0.000168,0.00012733333333333333,c
noarr,ChooseHints,adi,1,MINI,0.03612634764516739,0.003524666666666667,0.00012733333333333333,c
noarr,ChooseHints,adi,2,MINI,1.6394849785407726,7.766666666666667e-05,0.00012733333333333333,c
noarr,ChooseHints,adi,3,MINI,0.03657252273815223,0.0034816666666666663,0.00012733333333333333,c
noarr,ChooseHints,adi,4,MINI,0.03579460269865067,0.003557333333333334,0.00012733333333333333,c
noarr,ChooseHints,adi,5,MINI,0.03553818959903247,0.003583,0.00012733333333333333,c
noarr,FromPlan,adi,1,MINI,1.0026246719160106,0.000127,0.00012733333333333333,c
noarr,FromPlan,adi,2,MINI,0.03626352762483387,0.0035113333333333333,0.00012733333333333333,c
noarr,FromPlan,adi,3,MINI,0.03632905373276272,0.003505,0.00012733333333333333,c
noarr,FromPlan,adi,4,MINI,1.4044117647058822,9.066666666666667e-05,0.00012733333333333333,c
noarr,FromPlan,adi,5,MINI,1.2649006622516556,0.00010066666666666667,0.00012733333333333333,c
noarr,Naive,adi,1,MINI,1.1575757575757575,0.00011,0.00012733333333333333,c
noarr,Naive,adi,2,MINI,1.147147147147147,0.000111,0.00012733333333333333,c
noarr,Naive,adi,5,MINI,1.147147147147147,0.000111,0.00012733333333333333,c
noarr,standard,adi,1,MINI,1.082152974504249,0.00011766666666666668,0.00012733333333333333,c
noarr,standard,adi,3,MINI,1.0105820105820105,0.000126,0.00012733333333333333,c
noarr,standard,adi,4,MINI,1.1437125748502994,0.00011133333333333333,0.00012733333333333333,c
noarr,standard,adi,5,MINI,1.1369047619047619,0.000112,0.00012733333333333333,c
c,AllHints,atax,1,MINI,0.025714285714285714,0.00011666666666666667,3e-06,c
c,AllHints,atax,2,MINI,0.10227272727272728,2.9333333333333333e-05,3e-06,c
c,AllHints,atax,3,MINI,0.45000000000000007,6.666666666666666e-06,3e-06,c
c,AllHints,atax,4,MINI,0.026392961876832845,0.00011366666666666666,3e-06,c
c,AllHints,atax,5,MINI,0.028938906752411578,0.00010366666666666666,3e-06,c
c,ChooseHints,atax,1,MINI,0.4090909090909091,7.333333333333333e-06,3e-06,c
c,ChooseHints,atax,2,MINI,0.21951219512195122,1.3666666666666667e-05,3e-06,c
c,ChooseHints,atax,3,MINI,0.3913043478260869,7.666666666666667e-06,3e-06,c
c,ChooseHints,atax,4,MINI,0.02137767220902613,0.00014033333333333332,3e-06,c
c,ChooseHints,atax,5,MINI,0.02097902097902098,0.000143,3e-06,c
c,FromPlan,atax,1,MINI,1.2857142857142858,2.333333333333333e-06,3e-06,c
c,FromPlan,atax,3,MINI,1.5,2e-06,3e-06,c
c,FromPlan,atax,4,MINI,1.2857142857142858,2.333333333333333e-06,3e-06,c
c,FromPlan,atax,5,MINI,1.1250000000000002,2.6666666666666664e-06,3e-06,c
c,Naive,atax,1,MINI,1.0,3e-06,3e-06,c
c,Naive,atax,2,MINI,1.1250000000000002,2.6666666666666664e-06,3e-06,c
c,Naive,atax,3,MINI,1.1250000000000002,2.6666666666666664e-06,3e-06,c
c,Naive,atax,4,MINI,1.2857142857142858,2.333333333333333e-06,3e-06,c
c,standard,atax,1,MINI,1.0,3e-06,3e-06,c
exo,AllHints,atax,1,MINI,0.09183673469387756,3.266666666666666e-05,3e-06,c
exo,AllHints,atax,2,MINI,0.05113636363636364,5.8666666666666665e-05,3e-06,c
exo,AllHints,atax,4,MINI,0.0857142857142857,3.5000000000000004e-05,3e-06,c
exo,ChooseHints,atax,1,MINI,0.03383458646616541,8.866666666666668e-05,3e-06,c
exo,ChooseHints,atax,2,MINI,0.09090909090909093,3.2999999999999996e-05,3e-06,c
exo,ChooseHints,atax,3,MINI,0.2903225806451613,1.0333333333333333e-05,3e-06,c
exo,ChooseHints,atax,4,MINI,0.05263157894736842,5.7e-05,3e-06,c
exo,ChooseHints,atax,5,MINI,0.6428571428571428,4.666666666666667e-06,3e-06,c
exo,FromPlan,atax,1,MINI,0.0909090909090909,3.3e-05,3e-06,c
exo,FromPlan,atax,2,MINI,0.375,8e-06,3e-06,c
exo,FromPlan,atax,4,MINI,0.5294117647058824,5.666666666666667e-06,3e-06,c
exo,Naive,atax,4,MINI,0.08411214953271028,3.566666666666667e-05,3e-06,c
exo,standard,atax,1,MINI,0.6923076923076922,4.333333333333334e-06,3e-06,c
exo,standard,atax,2,MINI,0.6428571428571429,4.666666666666666e-06,3e-06,c
exo,standard,atax,3,MINI,0.6,5e-06,3e-06,c
exo,standard,atax,4,MINI,0.6428571428571428,4.666666666666667e-06,3e-06,c
exo,standard,atax,5,MINI,0.6428571428571428,4.666666666666667e-06,3e-06,c
halide,Naive,atax,2,MINI,0.0012251565477811054,0.0024486666666666667,3e-06,c
halide,standard,atax,1,MINI,0.16981132075471697,1.7666666666666668e-05,3e-06,c
halide,standard,atax,2,MINI,0.23076923076923078,1.3e-05,3e-06,c
halide,standard,atax,3,MINI,0.22500000000000003,1.3333333333333332e-05,3e-06,c
halide,standard,atax,4,MINI,0.1836734693877551,1.633333333333333e-05,3e-06,c
halide,standard,atax,5,MINI,0.20454545454545456,1.4666666666666666e-05,3e-06,c
noarr,AllHints,atax,1,MINI,1.5,2e-06,3e-06,c
noarr,AllHints,atax,2,MINI,1.5,2e-06,3e-06,c
noarr,AllHints,atax,3,MINI,0.0012968299711815562,0.0023133333333333335,3e-06,c
noarr,AllHints,atax,4,MINI,1.5,2e-06,3e-06,c
noarr,AllHints,atax,5,MINI,0.004302103250478011,0.0006973333333333333,3e-06,c
noarr,ChooseHints,atax,1,MINI,1.5,2e-06,3e-06,c
noarr,ChooseHints,atax,2,MINI,1.5,2e-06,3e-06,c
noarr,ChooseHints,atax,3,MINI,0.6,5e-06,3e-06,c
noarr,ChooseHints,atax,4,MINI,1.5,2e-06,3e-06,c
noarr,ChooseHints,atax,5,MINI,1.5,2e-06,3e-06,c
noarr,FromPlan,atax,2,MINI,0.16666666666666666,1.8e-05,3e-06,c
noarr,FromPlan,atax,4,MINI,0.16666666666666666,1.8e-05,3e-06,c
noarr,Naive,atax,1,MINI,1.5,2e-06,3e-06,c
noarr,Naive,atax,2,MINI,1.5,2e-06,3e-06,c
noarr,Naive,atax,3,MINI,1.5,2e-06,3e-06,c
noarr,Naive,atax,4,MINI,1.5,2e-06,3e-06,c
noarr,Naive,atax,5,MINI,1.5,2e-06,3e-06,c
noarr,standard,atax,1,MINI,1.5,2e-06,3e-06,c
noarr,standard,atax,2,MINI,1.5,2e-06,3e-06,c
noarr,standard,atax,3,MINI,1.5,2e-06,3e-06,c
noarr,standard,atax,4,MINI,1.5,2e-06,3e-06,c
noarr,standard,atax,5,MINI,1.5,2e-06,3e-06,c
c,AllHints,bicg,1,MINI,0.04815864022662889,0.00011766666666666668,5.666666666666667e-06,c
c,AllHints,bicg,3,MINI,0.05704697986577182,9.933333333333333e-05,5.666666666666667e-06,c
c,AllHints,bicg,4,MINI,0.0498533724340176,0.00011366666666666666,5.666666666666667e-06,c
c,AllHints,bicg,5,MINI,0.05414012738853504,0.00010466666666666666,5.666666666666667e-06,c
c,ChooseHints,bicg,1,MINI,2.8333333333333335,2e-06,5.666666666666667e-06,c
c,ChooseHints,bicg,2,MINI,0.054838709677419356,0.00010333333333333333,5.666666666666667e-06,c
c,ChooseHints,bicg,3,MINI,0.05246913580246915,0.00010799999999999998,5.666666666666667e-06,c
c,ChooseHints,bicg,4,MINI,2.8333333333333335,2e-06,5.666666666666667e-06,c
c,ChooseHints,bicg,5,MINI,0.049999999999999996,0.00011333333333333334,5.666666666666667e-06,c
c,FromPlan,bicg,1,MINI,0.05246913580246913,0.00010800000000000001,5.666666666666667e-06,c
c,FromPlan,bicg,2,MINI,2.428571428571429,2.333333333333333e-06,5.666666666666667e-06,c
c,FromPlan,bicg,3,MINI,2.1250000000000004,2.6666666666666664e-06,5.666666666666667e-06,c
c,FromPlan,bicg,4,MINI,2.1250000000000004,2.6666666666666664e-06,5.666666666666667e-06,c
c,FromPlan,bicg,5,MINI,2.8333333333333335,2e-06,5.666666666666667e-06,c
c,Naive,bicg,1,MINI,2.428571428571429,2.333333333333333e-06,5.666666666666667e-06,c
c,Naive,bicg,2,MINI,2.428571428571429,2.333333333333333e-06,5.666666666666667e-06,c
c,Naive,bicg,3,MINI,2.428571428571429,2.333333333333333e-06,5.666666666666667e-06,c
c,Naive,bicg,4,MINI,2.428571428571429,2.333333333333333e-06,5.666666666666667e-06,c
c,Naive,bicg,5,MINI,2.428571428571429,2.333333333333333e-06,5.666666666666667e-06,c
c,standard,bicg,1,MINI,1.0,5.666666666666667e-06,5.666666666666667e-06,c
exo,AllHints,bicg,2,MINI,0.1574074074074074,3.6e-05,5.666666666666667e-06,c
exo,AllHints,bicg,3,MINI,0.8947368421052632,6.333333333333333e-06,5.666666666666667e-06,c
exo,AllHints,bicg,4,MINI,0.18085106382978725,3.1333333333333334e-05,5.666666666666667e-06,c
exo,AllHints,bicg,5,MINI,0.17000000000000004,3.333333333333333e-05,5.666666666666667e-06,c
exo,ChooseHints,bicg,1,MINI,0.1634615384615385,3.4666666666666665e-05,5.666666666666667e-06,c
exo,ChooseHints,bicg,2,MINI,1.4166666666666667,4e-06,5.666666666666667e-06,c
exo,ChooseHints,bicg,4,MINI,0.7083333333333334,8e-06,5.666666666666667e-06,c
exo,ChooseHints,bicg,5,MINI,0.08994708994708996,6.3e-05,5.666666666666667e-06,c
exo,FromPlan,bicg,2,MINI,0.15454545454545457,3.6666666666666666e-05,5.666666666666667e-06,c
exo,Naive,bicg,1,MINI,0.7391304347826086,7.666666666666667e-06,5.666666666666667e-06,c
exo,Naive,bicg,2,MINI,0.7391304347826086,7.666666666666667e-06,5.666666666666667e-06,c
exo,Naive,bicg,3,MINI,1.1333333333333333,5e-06,5.666666666666667e-06,c
exo,Naive,bicg,4,MINI,0.8095238095238095,7e-06,5.666666666666667e-06,c
exo,Naive,bicg,5,MINI,0.9444444444444444,6e-06,5.666666666666667e-06,c
exo,standard,bicg,1,MINI,0.7391304347826086,7.666666666666667e-06,5.666666666666667e-06,c
exo,standard,bicg,2,MINI,0.8095238095238095,7e-06,5.666666666666667e-06,c
exo,standard,bicg,3,MINI,0.7727272727272728,7.333333333333333e-06,5.666666666666667e-06,c
exo,standard,bicg,4,MINI,0.8095238095238095,7e-06,5.666666666666667e-06,c
exo,standard,bicg,5,MINI,0.8500000000000002,6.666666666666666e-06,5.666666666666667e-06,c
halide,AllHints,bicg,5,MINI,0.016361886429258905,0.0003463333333333333,5.666666666666667e-06,c
halide,FromPlan,bicg,1,MINI,0.002131928768497617,0.002658,5.666666666666667e-06,c
halide,FromPlan,bicg,4,MINI,0.008300781250000002,0.0006826666666666666,5.666666666666667e-06,c
halide,standard,bicg,1,MINI,0.3400000000000001,1.6666666666666664e-05,5.666666666666667e-06,c
halide,standard,bicg,2,MINI,0.3953488372093023,1.4333333333333334e-05,5.666666666666667e-06,c
halide,standard,bicg,3,MINI,0.3953488372093023,1.4333333333333334e-05,5.666666666666667e-06,c
halide,standard,bicg,4,MINI,0.3863636363636364,1.4666666666666666e-05,5.666666666666667e-06,c
halide,standard,bicg,5,MINI,0.3617021276595745,1.5666666666666667e-05,5.666666666666667e-06,c
noarr,AllHints,bicg,1,MINI,2.8333333333333335,2e-06,5.666666666666667e-06,c
noarr,AllHints,bicg,2,MINI,0.002482114177252154,0.002283,5.666666666666667e-06,c
noarr,AllHints,bicg,3,MINI,2.8333333333333335,2e-06,5.666666666666667e-06,c
noarr,AllHints,bicg,4,MINI,2.8333333333333335,2e-06,5.666666666666667e-06,c
noarr,AllHints,bicg,5,MINI,2.8333333333333335,2e-06,5.666666666666667e-06,c
noarr,ChooseHints,bicg,1,MINI,2.8333333333333335,2e-06,5.666666666666667e-06,c
noarr,ChooseHints,bicg,2,MINI,1.1333333333333333,5e-06,5.666666666666667e-06,c
noarr,ChooseHints,bicg,3,MINI,2.8333333333333335,2e-06,5.666666666666667e-06,c
noarr,ChooseHints,bicg,4,MINI,2.8333333333333335,2e-06,5.666666666666667e-06,c
noarr,ChooseHints,bicg,5,MINI,2.8333333333333335,2e-06,5.666666666666667e-06,c
noarr,FromPlan,bicg,2,MINI,0.8095238095238095,7e-06,5.666666666666667e-06,c
noarr,FromPlan,bicg,5,MINI,0.8095238095238095,7e-06,5.666666666666667e-06,c
noarr,Naive,bicg,1,MINI,2.8333333333333335,2e-06,5.666666666666667e-06,c
noarr,Naive,bicg,2,MINI,2.8333333333333335,2e-06,5.666666666666667e-06,c
noarr,Naive,bicg,3,MINI,2.8333333333333335,2e-06,5.666666666666667e-06,c
noarr,Naive,bicg,4,MINI,2.8333333333333335,2e-06,5.666666666666667e-06,c
noarr,Naive,bicg,5,MINI,2.8333333333333335,2e-06,5.666666666666667e-06,c
noarr,standard,bicg,1,MINI,1.1333333333333333,5e-06,5.666666666666667e-06,c
noarr,standard,bicg,2,MINI,1.1333333333333333,5e-06,5.666666666666667e-06,c
noarr,standard,bicg,3,MINI,1.1333333333333333,5e-06,5.666666666666667e-06,c
noarr,standard,bicg,4,MINI,1.1333333333333333,5e-06,5.666666666666667e-06,c
noarr,standard,bicg,5,MINI,1.1333333333333333,5e-06,5.666666666666667e-06,c
c,AllHints,cholesky,1,MINI,0.9583333333333335,1.6e-05,1.5333333333333334e-05,c
c,AllHints,cholesky,2,MINI,1.0952380952380953,1.4e-05,1.5333333333333334e-05,c
c,AllHints,cholesky,3,MINI,0.8679245283018868,1.7666666666666668e-05,1.5333333333333334e-05,c
c,AllHints,cholesky,4,MINI,0.9787234042553192,1.5666666666666667e-05,1.5333333333333334e-05,c
c,AllHints,cholesky,5,MINI,1.0454545454545456,1.4666666666666666e-05,1.5333333333333334e-05,c
c,ChooseHints,cholesky,1,MINI,1.0952380952380953,1.4e-05,1.5333333333333334e-05,c
c,ChooseHints,cholesky,3,MINI,1.0454545454545456,1.4666666666666666e-05,1.5333333333333334e-05,c
c,ChooseHints,cholesky,5,MINI,1.0952380952380953,1.4e-05,1.5333333333333334e-05,c
c,FromPlan,cholesky,1,MINI,1.0952380952380953,1.4e-05,1.5333333333333334e-05,c
c,FromPlan,cholesky,2,MINI,1.0697674418604652,1.4333333333333334e-05,1.5333333333333334e-05,c
c,FromPlan,cholesky,3,MINI,1.0,1.5333333333333334e-05,1.5333333333333334e-05,c
c,FromPlan,cholesky,4,MINI,0.8679245283018868,1.7666666666666668e-05,1.5333333333333334e-05,c
c,FromPlan,cholesky,5,MINI,1.277777777777778,1.2e-05,1.5333333333333334e-05,c
c,Naive,cholesky,1,MINI,1.0697674418604652,1.4333333333333334e-05,1.5333333333333334e-05,c
c,Naive,cholesky,2,MINI,1.0454545454545456,1.4666666666666666e-05,1.5333333333333334e-05,c
c,Naive,cholesky,3,MINI,1.0697674418604652,1.4333333333333334e-05,1.5333333333333334e-05,c
c,Naive,cholesky,4,MINI,1.0454545454545456,1.4666666666666666e-05,1.5333333333333334e-05,c
c,Naive,cholesky,5,MINI,1.0222222222222224,1.5e-05,1.5333333333333334e-05,c
c,standard,cholesky,1,MINI,1.0,1.5333333333333334e-05,1.5333333333333334e-05,c
exo,AllHints,cholesky,1,MINI,0.9583333333333335,1.6e-05,1.5333333333333334e-05,c
exo,AllHints,cholesky,2,MINI,0.9200000000000003,1.6666666666666664e-05,1.5333333333333334e-05,c
exo,AllHints,cholesky,3,MINI,0.8363636363636364,1.8333333333333333e-05,1.5333333333333334e-05,c
exo,AllHints,cholesky,5,MINI,0.8679245283018868,1.7666666666666668e-05,1.5333333333333334e-05,c
exo,ChooseHints,cholesky,2,MINI,0.8518518518518519,1.8e-05,1.5333333333333334e-05,c
exo,ChooseHints,cholesky,3,MINI,0.9200000000000003,1.6666666666666664e-05,1.5333333333333334e-05,c
exo,ChooseHints,cholesky,4,MINI,0.8679245283018868,1.7666666666666668e-05,1.5333333333333334e-05,c
exo,ChooseHints,cholesky,5,MINI,1.0,1.5333333333333334e-05,1.5333333333333334e-05,c
exo,FromPlan,cholesky,1,MINI,0.9787234042553192,1.5666666666666667e-05,1.5333333333333334e-05,c
exo,FromPlan,cholesky,2,MINI,0.9387755102040818,1.633333333333333e-05,1.5333333333333334e-05,c
exo,FromPlan,cholesky,4,MINI,1.0,1.5333333333333334e-05,1.5333333333333334e-05,c
exo,FromPlan,cholesky,5,MINI,0.9200000000000003,1.6666666666666664e-05,1.5333333333333334e-05,c
exo,Naive,cholesky,1,MINI,0.4893617021276596,3.1333333333333334e-05,1.5333333333333334e-05,c
exo,Naive,cholesky,3,MINI,0.9583333333333335,1.6e-05,1.5333333333333334e-05,c
exo,Naive,cholesky,4,MINI,0.9583333333333335,1.6e-05,1.5333333333333334e-05,c
exo,Naive,cholesky,5,MINI,0.27710843373493976,5.5333333333333334e-05,1.5333333333333334e-05,c
exo,standard,cholesky,1,MINI,0.8846153846153846,1.7333333333333336e-05,1.5333333333333334e-05,c
exo,standard,cholesky,2,MINI,0.9019607843137256,1.7e-05,1.5333333333333334e-05,c
exo,standard,cholesky,3,MINI,0.9200000000000003,1.6666666666666664e-05,1.5333333333333334e-05,c
exo,standard,cholesky,4,MINI,0.9019607843137256,1.7e-05,1.5333333333333334e-05,c
exo,standard,cholesky,5,MINI,0.9200000000000003,1.6666666666666664e-05,1.5333333333333334e-05,c
halide,AllHints,cholesky,4,MINI,0.003954268030602596,0.0038776666666666664,1.5333333333333334e-05,c
halide,ChooseHints,cholesky,2,MINI,0.19574468085106386,7.833333333333333e-05,1.5333333333333334e-05,c
halide,Naive,cholesky,1,MINI,0.9019607843137256,1.7e-05,1.5333333333333334e-05,c
halide,Naive,cholesky,4,MINI,1.1219512195121952,1.3666666666666667e-05,1.5333333333333334e-05,c
halide,standard,cholesky,1,MINI,1.2432432432432434,1.2333333333333333e-05,1.5333333333333334e-05,c
c,AllHints,correlation,1,MINI,0.631578947368421,4.433333333333334e-05,2.8e-05,c
c,AllHints,correlation,2,MINI,0.6222222222222221,4.5e-05,2.8e-05,c
c,AllHints,correlation,3,MINI,0.13526570048309178,0.00020700000000000002,2.8e-05,c
c,AllHints,correlation,4,MINI,0.07272727272727272,0.000385,2.8e-05,c
c,ChooseHints,correlation,1,MINI,2.333333333333333,1.2e-05,2.8e-05,c
c,ChooseHints,correlation,2,MINI,2.545454545454545,1.1000000000000001e-05,2.8e-05,c
c,ChooseHints,correlation,3,MINI,0.8155339805825242,3.433333333333333e-05,2.8e-05,c
c,ChooseHints,correlation,5,MINI,0.5384615384615384,5.2e-05,2.8e-05,c
c,FromPlan,correlation,1,MINI,2.1538461538461537,1.3e-05,2.8e-05,c
c,FromPlan,correlation,2,MINI,2.1,1.3333333333333332e-05,2.8e-05,c
c,FromPlan,correlation,3,MINI,2.0,1.4e-05,2.8e-05,c
c,FromPlan,correlation,4,MINI,1.7872340425531914,1.5666666666666667e-05,2.8e-05,c
c,FromPlan,correlation,5,MINI,2.1,1.3333333333333332e-05,2.8e-05,c
c,Naive,correlation,1,MINI,2.2105263157894735,1.2666666666666667e-05,2.8e-05,c
c,Naive,correlation,2,MINI,2.1538461538461537,1.3e-05,2.8e-05,c
c,Naive,correlation,3,MINI,1.9534883720930232,1.4333333333333334e-05,2.8e-05,c
c,Naive,correlation,4,MINI,2.4,1.1666666666666666e-05,2.8e-05,c
c,Naive,correlation,5,MINI,1.2,2.3333333333333332e-05,2.8e-05,c
c,standard,correlation,1,MINI,1.0,2.8e-05,2.8e-05,c
exo,AllHints,correlation,1,MINI,0.2074074074074074,0.000135,2.8e-05,c
exo,AllHints,correlation,2,MINI,0.112,0.00025,2.8e-05,c
exo,AllHints,correlation,3,MINI,0.19858156028368795,0.00014099999999999998,2.8e-05,c
exo,AllHints,correlation,4,MINI,0.1390728476821192,0.00020133333333333334,2.8e-05,c
exo,AllHints,correlation,5,MINI,0.23863636363636365,0.00011733333333333333,2.8e-05,c
exo,ChooseHints,correlation,1,MINI,0.23333333333333334,0.00011999999999999999,2.8e-05,c
exo,ChooseHints,correlation,2,MINI,0.1463414634146341,0.00019133333333333337,2.8e-05,c
exo,ChooseHints,correlation,3,MINI,0.4421052631578947,6.333333333333333e-05,2.8e-05,c
exo,ChooseHints,correlation,4,MINI,0.4941176470588235,5.666666666666667e-05,2.8e-05,c
exo,ChooseHints,correlation,5,MINI,0.14583333333333331,0.000192,2.8e-05,c
exo,FromPlan,correlation,2,MINI,1.7142857142857144,1.633333333333333e-05,2.8e-05,c
exo,FromPlan,correlation,3,MINI,1.8666666666666667,1.5e-05,2.8e-05,c
exo,FromPlan,correlation,4,MINI,1.5272727272727273,1.8333333333333333e-05,2.8e-05,c
exo,Naive,correlation,2,MINI,1.5849056603773584,1.7666666666666668e-05,2.8e-05,c
exo,Naive,correlation,3,MINI,0.12804878048780488,0.00021866666666666668,2.8e-05,c
exo,Naive,correlation,5,MINI,0.25846153846153846,0.00010833333333333333,2.8e-05,c
exo,standard,correlation,1,MINI,0.9438202247191012,2.9666666666666665e-05,2.8e-05,c
exo,standard,correlation,2,MINI,0.9545454545454546,2.9333333333333333e-05,2.8e-05,c
exo,standard,correlation,3,MINI,0.9333333333333333,3e-05,2.8e-05,c
halide,AllHints,correlation,2,MINI,0.10047846889952151,0.0002786666666666667,2.8e-05,c
halide,standard,correlation,1,MINI,0.00015676994197645839,0.17860566666666666,2.8e-05,c
halide,standard,correlation,2,MINI,0.00017080252787741258,0.163932,2.8e-05,c
halide,standard,correlation,3,MINI,0.00015578057193724266,0.17974,2.8e-05,c
halide,standard,correlation,4,MINI,0.672,4.1666666666666665e-05,2.8e-05,c
halide,standard,correlation,5,MINI,0.00015482329869469214,0.18085133333333334,2.8e-05,c
noarr,AllHints,correlation,1,MINI,1.0,2.8e-05,2.8e-05,c
noarr,AllHints,correlation,2,MINI,1.135135135135135,2.466666666666667e-05,2.8e-05,c
noarr,AllHints,correlation,3,MINI,1.0120481927710843,2.7666666666666667e-05,2.8e-05,c
noarr,AllHints,correlation,4,MINI,0.8571428571428572,3.266666666666666e-05,2.8e-05,c
noarr,AllHints,correlation,5,MINI,1.1666666666666665,2.4e-05,2.8e-05,c
noarr,ChooseHints,correlation,1,MINI,1.1666666666666665,2.4e-05,2.8e-05,c
noarr,ChooseHints,correlation,2,MINI,1.2173913043478262,2.3e-05,2.8e-05,c
noarr,ChooseHints,correlation,3,MINI,0.7850467289719626,3.566666666666667e-05,2.8e-05,c
noarr,ChooseHints,correlation,4,MINI,1.024390243902439,2.7333333333333335e-05,2.8e-05,c
noarr,ChooseHints,correlation,5,MINI,1.0120481927710843,2.7666666666666667e-05,2.8e-05,c
noarr,FromPlan,correlation,1,MINI,1.2173913043478262,2.3e-05,2.8e-05,c
noarr,FromPlan,correlation,2,MINI,1.4482758620689655,1.9333333333333333e-05,2.8e-05,c
noarr,FromPlan,correlation,3,MINI,1.135135135135135,2.466666666666667e-05,2.8e-05,c
noarr,FromPlan,correlation,4,MINI,1.7872340425531914,1.5666666666666667e-05,2.8e-05,c
noarr,FromPlan,correlation,5,MINI,1.253731343283582,2.2333333333333335e-05,2.8e-05,c
noarr,Naive,correlation,1,MINI,1.2,2.3333333333333332e-05,2.8e-05,c
noarr,Naive,correlation,2,MINI,1.253731343283582,2.2333333333333335e-05,2.8e-05,c
noarr,Naive,correlation,3,MINI,0.9230769230769231,3.033333333333333e-05,2.8e-05,c
noarr,Naive,correlation,4,MINI,1.135135135135135,2.466666666666667e-05,2.8e-05,c
noarr,Naive,correlation,5,MINI,1.1666666666666665,2.4e-05,2.8e-05,c
noarr,standard,correlation,1,MINI,1.1666666666666665,2.4e-05,2.8e-05,c
noarr,standard,correlation,2,MINI,0.9438202247191012,2.9666666666666665e-05,2.8e-05,c
noarr,standard,correlation,3,MINI,1.3124999999999998,2.1333333333333338e-05,2.8e-05,c
noarr,standard,correlation,4,MINI,1.135135135135135,2.466666666666667e-05,2.8e-05,c
noarr,standard,correlation,5,MINI,1.1199999999999999,2.5e-05,2.8e-05,c
c,AllHints,covariance,1,MINI,0.2706766917293233,0.000133,3.6e-05,c
c,AllHints,covariance,2,MINI,1.1739130434782608,3.066666666666667e-05,3.6e-05,c
c,AllHints,covariance,3,MINI,0.20415879017013233,0.00017633333333333333,3.6e-05,c
c,AllHints,covariance,4,MINI,0.43902439024390244,8.2e-05,3.6e-05,c
c,AllHints,covariance,5,MINI,0.20809248554913296,0.000173,3.6e-05,c
c,ChooseHints,covariance,1,MINI,2.9189189189189193,1.2333333333333333e-05,3.6e-05,c
c,ChooseHints,covariance,2,MINI,0.6835443037974684,5.266666666666666e-05,3.6e-05,c
c,ChooseHints,covariance,3,MINI,2.7692307692307696,1.3e-05,3.6e-05,c
c,ChooseHints,covariance,4,MINI,3.2727272727272725,1.1000000000000001e-05,3.6e-05,c
c,ChooseHints,covariance,5,MINI,3.176470588235294,1.1333333333333334e-05,3.6e-05,c
c,FromPlan,covariance,1,MINI,2.9189189189189193,1.2333333333333333e-05,3.6e-05,c
c,FromPlan,covariance,2,MINI,2.7692307692307696,1.3e-05,3.6e-05,c
c,FromPlan,covariance,3,MINI,1.9285714285714288,1.8666666666666665e-05,3.6e-05,c
c,FromPlan,covariance,4,MINI,2.9189189189189193,1.2333333333333333e-05,3.6e-05,c
c,FromPlan,covariance,5,MINI,2.7692307692307696,1.3e-05,3.6e-05,c
c,Naive,covariance,1,MINI,1.7419354838709677,2.0666666666666666e-05,3.6e-05,c
c,Naive,covariance,2,MINI,1.565217391304348,2.3e-05,3.6e-05,c
c,Naive,covariance,3,MINI,3.0,1.2e-05,3.6e-05,c
c,Naive,covariance,4,MINI,0.8780487804878049,4.1e-05,3.6e-05,c
c,Naive,covariance,5,MINI,2.8421052631578947,1.2666666666666667e-05,3.6e-05,c
c,standard,covariance,1,MINI,1.0,3.6e-05,3.6e-05,c
exo,AllHints,covariance,1,MINI,0.32142857142857145,0.000112,3.6e-05,c
exo,AllHints,covariance,3,MINI,0.045588856057408186,0.0007896666666666667,3.6e-05,c
exo,ChooseHints,covariance,1,MINI,0.6967741935483871,5.1666666666666664e-05,3.6e-05,c
exo,ChooseHints,covariance,2,MINI,2.4545454545454546,1.4666666666666666e-05,3.6e-05,c
exo,ChooseHints,covariance,3,MINI,0.1884816753926702,0.00019099999999999998,3.6e-05,c
exo,ChooseHints,covariance,5,MINI,0.7448275862068966,4.8333333333333334e-05,3.6e-05,c
exo,FromPlan,covariance,1,MINI,1.5,2.4e-05,3.6e-05,c
exo,FromPlan,covariance,3,MINI,2.3478260869565215,1.5333333333333334e-05,3.6e-05,c
exo,FromPlan,covariance,4,MINI,2.3478260869565215,1.5333333333333334e-05,3.6e-05,c
exo,FromPlan,covariance,5,MINI,2.3478260869565215,1.5333333333333334e-05,3.6e-05,c
exo,Naive,covariance,1,MINI,2.4545454545454546,1.4666666666666666e-05,3.6e-05,c
exo,Naive,covariance,2,MINI,0.5966850828729282,6.0333333333333334e-05,3.6e-05,c
exo,Naive,covariance,3,MINI,0.30337078651685395,0.00011866666666666666,3.6e-05,c
exo,Naive,covariance,5,MINI,0.40449438202247195,8.9e-05,3.6e-05,c
exo,standard,covariance,1,MINI,1.1868131868131868,3.0333333333333333e-05,3.6e-05,c
exo,standard,covariance,2,MINI,1.1739130434782608,3.066666666666667e-05,3.6e-05,c
exo,standard,covariance,3,MINI,1.1739130434782608,3.066666666666667e-05,3.6e-05,c
exo,standard,covariance,4,MINI,1.3500000000000003,2.6666666666666663e-05,3.6e-05,c
exo,standard,covariance,5,MINI,1.3500000000000003,2.6666666666666663e-05,3.6e-05,c
halide,ChooseHints,covariance,5,MINI,0.10671936758893281,0.0003373333333333333,3.6e-05,c
halide,Naive,covariance,4,MINI,0.014289494575284466,0.0025193333333333335,3.6e-05,c
halide,standard,covariance,2,MINI,0.670807453416149,5.366666666666667e-05,3.6e-05,c
halide,standard,covariance,4,MINI,0.006077658975801914,0.005923333333333333,3.6e-05,c
noarr,AllHints,covariance,1,MINI,1.9285714285714288,1.8666666666666665e-05,3.6e-05,c
noarr,AllHints,covariance,2,MINI,1.6119402985074627,2.2333333333333335e-05,3.6e-05,c
noarr,AllHints,covariance,3,MINI,2.6341463414634148,1.3666666666666667e-05,3.6e-05,c
noarr,AllHints,covariance,4,MINI,1.830508474576271,1.966666666666667e-05,3.6e-05,c
noarr,AllHints,covariance,5,MINI,1.2134831460674158,2.9666666666666665e-05,3.6e-05,c
noarr,ChooseHints,covariance,1,MINI,2.8421052631578947,1.2666666666666667e-05,3.6e-05,c
noarr,ChooseHints,covariance,2,MINI,1.830508474576271,1.966666666666667e-05,3.6e-05,c
noarr,ChooseHints,covariance,3,MINI,1.8620689655172413,1.9333333333333333e-05,3.6e-05,c
noarr,ChooseHints,covariance,4,MINI,2.6341463414634148,1.3666666666666667e-05,3.6e-05,c
noarr,ChooseHints,covariance,5,MINI,1.7142857142857144,2.1e-05,3.6e-05,c
noarr,FromPlan,covariance,1,MINI,1.9636363636363638,1.8333333333333333e-05,3.6e-05,c
noarr,FromPlan,covariance,2,MINI,2.6999999999999997,1.3333333333333335e-05,3.6e-05,c
noarr,FromPlan,covariance,4,MINI,1.0093457943925233,3.566666666666667e-05,3.6e-05,c
noarr,FromPlan,covariance,5,MINI,2.918918918918919,1.2333333333333334e-05,3.6e-05,c
noarr,Naive,covariance,1,MINI,1.6363636363636362,2.2000000000000003e-05,3.6e-05,c
noarr,Naive,covariance,2,MINI,1.5211267605633803,2.3666666666666668e-05,3.6e-05,c
noarr,Naive,covariance,3,MINI,1.6119402985074627,2.2333333333333335e-05,3.6e-05,c
noarr,Naive,covariance,4,MINI,3.085714285714286,1.1666666666666666e-05,3.6e-05,c
noarr,Naive,covariance,5,MINI,3.0,1.2e-05,3.6e-05,c
noarr,standard,covariance,1,MINI,1.565217391304348,2.3e-05,3.6e-05,c
noarr,standard,covariance,2,MINI,1.4594594594594594,2.466666666666667e-05,3.6e-05,c
noarr,standard,covariance,3,MINI,1.44,2.5e-05,3.6e-05,c
noarr,standard,covariance,4,MINI,1.44,2.5e-05,3.6e-05,c
noarr,standard,covariance,5,MINI,1.4594594594594594,2.466666666666667e-05,3.6e-05,c
c,AllHints,deriche,1,MINI,0.4689655172413793,0.00029,0.000136,c
c,AllHints,deriche,2,MINI,1.0,0.000136,0.000136,c
c,AllHints,deriche,3,MINI,0.5543478260869564,0.00024533333333333335,0.000136,c
c,AllHints,deriche,4,MINI,1.1027027027027025,0.00012333333333333334,0.000136,c
c,AllHints,deriche,5,MINI,0.8535564853556484,0.00015933333333333335,0.000136,c
c,ChooseHints,deriche,1,MINI,0.46416382252559724,0.000293,0.000136,c
c,ChooseHints,deriche,2,MINI,0.5244215938303342,0.00025933333333333337,0.000136,c
c,ChooseHints,deriche,3,MINI,0.5138539042821159,0.0002646666666666667,0.000136,c
c,ChooseHints,deriche,4,MINI,0.5074626865671642,0.000268,0.000136,c
c,ChooseHints,deriche,5,MINI,0.18345323741007194,0.0007413333333333333,0.000136,c
c,FromPlan,deriche,1,MINI,1.3289902280130292,0.00010233333333333333,0.000136,c
c,FromPlan,deriche,2,MINI,1.3246753246753247,0.00010266666666666666,0.000136,c
c,FromPlan,deriche,3,MINI,1.2326283987915407,0.00011033333333333334,0.000136,c
c,FromPlan,deriche,4,MINI,1.299363057324841,0.00010466666666666666,0.000136,c
c,FromPlan,deriche,5,MINI,1.1301939058171744,0.00012033333333333334,0.000136,c
c,Naive,deriche,1,MINI,1.3333333333333333,0.000102,0.000136,c
c,Naive,deriche,2,MINI,1.4166666666666665,9.6e-05,0.000136,c
c,Naive,deriche,3,MINI,0.9691211401425177,0.00014033333333333335,0.000136,c
c,Naive,deriche,4,MINI,1.0124069478908189,0.00013433333333333334,0.000136,c
c,Naive,deriche,5,MINI,1.0355329949238579,0.00013133333333333335,0.000136,c
c,standard,deriche,1,MINI,1.0,0.000136,0.000136,c
exo,AllHints,deriche,1,MINI,0.07050285121824779,0.0019290000000000002,0.000136,c
exo,AllHints,deriche,2,MINI,0.39193083573487025,0.00034700000000000003,0.000136,c
exo,ChooseHints,deriche,2,MINI,0.37534498620055196,0.0003623333333333334,0.000136,c
exo,FromPlan,deriche,3,MINI,0.9951219512195122,0.00013666666666666666,0.000136,c
exo,Naive,deriche,5,MINI,0.9668246445497629,0.00014066666666666668,0.000136,c
exo,standard,deriche,3,MINI,0.8176352705410822,0.00016633333333333333,0.000136,c
exo,standard,deriche,4,MINI,0.864406779661017,0.00015733333333333333,0.000136,c
exo,standard,deriche,5,MINI,0.8209255533199193,0.0001656666666666667,0.000136,c
halide,AllHints,deriche,1,MINI,0.011166456839454813,0.012179333333333334,0.000136,c
halide,AllHints,deriche,2,MINI,0.17302798982188297,0.0007859999999999999,0.000136,c
halide,AllHints,deriche,3,MINI,0.02529448233106014,0.005376666666666666,0.000136,c
halide,ChooseHints,deriche,2,MINI,0.04489930670188181,0.003029,0.000136,c
halide,ChooseHints,deriche,3,MINI,0.013728591136983073,0.009906333333333335,0.000136,c
halide,ChooseHints,deriche,4,MINI,0.1919096895578551,0.0007086666666666668,0.000136,c
halide,ChooseHints,deriche,5,MINI,0.19272555503070385,0.0007056666666666666,0.000136,c
halide,FromPlan,deriche,1,MINI,0.9379310344827586,0.000145,0.000136,c
halide,FromPlan,deriche,2,MINI,0.05779036827195467,0.0023533333333333336,0.000136,c
halide,FromPlan,deriche,4,MINI,0.006902735716581792,0.019702333333333332,0.000136,c
halide,Naive,deriche,5,MINI,0.7906976744186047,0.00017199999999999998,0.000136,c
halide,standard,deriche,1,MINI,0.28294036061026356,0.0004806666666666666,0.000136,c
noarr,AllHints,deriche,1,MINI,0.6172465960665657,0.00022033333333333334,0.000136,c
noarr,AllHints,deriche,2,MINI,0.5795454545454546,0.00023466666666666666,0.000136,c
noarr,AllHints,deriche,3,MINI,1.9615384615384617,6.933333333333333e-05,0.000136,c
noarr,ChooseHints,deriche,2,MINI,1.9154929577464788,7.1e-05,0.000136,c
noarr,ChooseHints,deriche,4,MINI,2.125,6.4e-05,0.000136,c
noarr,ChooseHints,deriche,5,MINI,0.05115987460815047,0.0026583333333333333,0.000136,c
noarr,FromPlan,deriche,1,MINI,1.8461538461538463,7.366666666666666e-05,0.000136,c
noarr,FromPlan,deriche,2,MINI,0.05601317957166392,0.002428,0.000136,c
noarr,FromPlan,deriche,3,MINI,2.4142011834319526,5.633333333333333e-05,0.000136,c
noarr,FromPlan,deriche,4,MINI,1.9615384615384612,6.933333333333334e-05,0.000136,c
noarr,FromPlan,deriche,5,MINI,1.9902439024390244,6.833333333333333e-05,0.000136,c
noarr,Naive,deriche,1,MINI,1.6790123456790123,8.1e-05,0.000136,c
noarr,Naive,deriche,3,MINI,1.9615384615384617,6.933333333333333e-05,0.000136,c
noarr,Naive,deriche,4,MINI,2.2173913043478257,6.133333333333334e-05,0.000136,c
noarr,Naive,deriche,5,MINI,3.4871794871794872,3.9e-05,0.000136,c
noarr,standard,deriche,1,MINI,2.3314285714285714,5.833333333333333e-05,0.000136,c
noarr,standard,deriche,2,MINI,1.9065420560747663,7.133333333333334e-05,0.000136,c
noarr,standard,deriche,3,MINI,1.829596412556054,7.433333333333333e-05,0.000136,c
noarr,standard,deriche,4,MINI,1.9336492890995263,7.033333333333333e-05,0.000136,c
noarr,standard,deriche,5,MINI,2.1818181818181817,6.233333333333334e-05,0.000136,c
c,AllHints,doitgen,1,MINI,0.21341463414634143,5.466666666666667e-05,1.1666666666666666e-05,c
c,AllHints,doitgen,2,MINI,0.1977401129943503,5.9e-05,1.1666666666666666e-05,c
c,AllHints,doitgen,3,MINI,0.2554744525547445,4.566666666666667e-05,1.1666666666666666e-05,c
c,AllHints,doitgen,4,MINI,0.2777777777777778,4.2e-05,1.1666666666666666e-05,c
c,AllHints,doitgen,5,MINI,0.2755905511811024,4.233333333333333e-05,1.1666666666666666e-05,c
c,ChooseHints,doitgen,1,MINI,1.6666666666666665,7e-06,1.1666666666666666e-05,c
c,ChooseHints,doitgen,2,MINI,0.25,4.6666666666666665e-05,1.1666666666666666e-05,c
c,ChooseHints,doitgen,3,MINI,0.3125,3.733333333333333e-05,1.1666666666666666e-05,c
c,ChooseHints,doitgen,4,MINI,0.25179856115107907,4.633333333333334e-05,1.1666666666666666e-05,c
c,ChooseHints,doitgen,5,MINI,0.25,4.6666666666666665e-05,1.1666666666666666e-05,c
c,FromPlan,doitgen,1,MINI,1.5909090909090908,7.333333333333333e-06,1.1666666666666666e-05,c
c,FromPlan,doitgen,2,MINI,1.5217391304347825,7.666666666666667e-06,1.1666666666666666e-05,c
c,FromPlan,doitgen,3,MINI,1.6666666666666665,7e-06,1.1666666666666666e-05,c
c,FromPlan,doitgen,4,MINI,1.8421052631578947,6.333333333333333e-06,1.1666666666666666e-05,c
c,FromPlan,doitgen,5,MINI,1.6666666666666665,7e-06,1.1666666666666666e-05,c
c,Naive,doitgen,1,MINI,1.6666666666666665,7e-06,1.1666666666666666e-05,c
c,Naive,doitgen,2,MINI,1.7500000000000002,6.666666666666666e-06,1.1666666666666666e-05,c
c,Naive,doitgen,3,MINI,1.6666666666666665,7e-06,1.1666666666666666e-05,c
c,Naive,doitgen,4,MINI,1.5909090909090908,7.333333333333333e-06,1.1666666666666666e-05,c
c,Naive,doitgen,5,MINI,1.206896551724138,9.666666666666667e-06,1.1666666666666666e-05,c
c,standard,doitgen,1,MINI,1.0,1.1666666666666666e-05,1.1666666666666666e-05,c
exo,AllHints,doitgen,1,MINI,0.0028301123958922943,0.004122333333333333,1.1666666666666666e-05,c
exo,AllHints,doitgen,2,MINI,0.03695881731784583,0.0003156666666666666,1.1666666666666666e-05,c
exo,AllHints,doitgen,3,MINI,0.23026315789473684,5.066666666666667e-05,1.1666666666666666e-05,c
exo,AllHints,doitgen,4,MINI,0.035175879396984924,0.0003316666666666667,1.1666666666666666e-05,c
exo,AllHints,doitgen,5,MINI,0.03333333333333333,0.00035,1.1666666666666666e-05,c
exo,ChooseHints,doitgen,1,MINI,0.035175879396984924,0.0003316666666666667,1.1666666666666666e-05,c
exo,ChooseHints,doitgen,2,MINI,0.03404669260700389,0.0003426666666666667,1.1666666666666666e-05,c
exo,ChooseHints,doitgen,3,MINI,0.03228782287822878,0.0003613333333333333,1.1666666666666666e-05,c
exo,ChooseHints,doitgen,4,MINI,1.5909090909090908,7.333333333333333e-06,1.1666666666666666e-05,c
exo,FromPlan,doitgen,2,MINI,1.2962962962962963,9e-06,1.1666666666666666e-05,c
exo,FromPlan,doitgen,4,MINI,1.5217391304347825,7.666666666666667e-06,1.1666666666666666e-05,c
exo,FromPlan,doitgen,5,MINI,1.5217391304347825,7.666666666666667e-06,1.1666666666666666e-05,c
exo,Naive,doitgen,2,MINI,0.7954545454545454,1.4666666666666666e-05,1.1666666666666666e-05,c
exo,Naive,doitgen,3,MINI,0.6140350877192982,1.9e-05,1.1666666666666666e-05,c
exo,Naive,doitgen,4,MINI,0.2651515151515151,4.4000000000000006e-05,1.1666666666666666e-05,c
exo,Naive,doitgen,5,MINI,1.4000000000000001,8.333333333333332e-06,1.1666666666666666e-05,c
exo,standard,doitgen,1,MINI,0.7000000000000001,1.6666666666666664e-05,1.1666666666666666e-05,c
exo,standard,doitgen,2,MINI,0.6862745098039216,1.7e-05,1.1666666666666666e-05,c
exo,standard,doitgen,3,MINI,0.6862745098039216,1.7e-05,1.1666666666666666e-05,c
exo,standard,doitgen,4,MINI,0.6730769230769229,1.7333333333333336e-05,1.1666666666666666e-05,c
exo,standard,doitgen,5,MINI,0.660377358490566,1.7666666666666668e-05,1.1666666666666666e-05,c
halide,standard,doitgen,3,MINI,0.44871794871794873,2.6e-05,1.1666666666666666e-05,c
halide,standard,doitgen,4,MINI,0.4861111111111111,2.4e-05,1.1666666666666666e-05,c
halide,standard,doitgen,5,MINI,0.42682926829268286,2.7333333333333335e-05,1.1666666666666666e-05,c
noarr,AllHints,doitgen,1,MINI,2.333333333333333,5e-06,1.1666666666666666e-05,c
noarr,AllHints,doitgen,2,MINI,2.333333333333333,5e-06,1.1666666666666666e-05,c
noarr,AllHints,doitgen,3,MINI,2.9166666666666665,4e-06,1.1666666666666666e-05,c
noarr,AllHints,doitgen,4,MINI,2.6923076923076916,4.333333333333334e-06,1.1666666666666666e-05,c
noarr,AllHints,doitgen,5,MINI,2.333333333333333,5e-06,1.1666666666666666e-05,c
noarr,ChooseHints,doitgen,1,MINI,2.6923076923076916,4.333333333333334e-06,1.1666666666666666e-05,c
noarr,ChooseHints,doitgen,2,MINI,2.333333333333333,5e-06,1.1666666666666666e-05,c
noarr,ChooseHints,doitgen,3,MINI,2.333333333333333,5e-06,1.1666666666666666e-05,c
noarr,ChooseHints,doitgen,4,MINI,2.333333333333333,5e-06,1.1666666666666666e-05,c
noarr,ChooseHints,doitgen,5,MINI,2.333333333333333,5e-06,1.1666666666666666e-05,c
noarr,FromPlan,doitgen,1,MINI,2.4999999999999996,4.666666666666667e-06,1.1666666666666666e-05,c
noarr,FromPlan,doitgen,2,MINI,1.1666666666666665,1e-05,1.1666666666666666e-05,c
noarr,FromPlan,doitgen,3,MINI,1.2962962962962963,9e-06,1.1666666666666666e-05,c
noarr,FromPlan,doitgen,4,MINI,2.333333333333333,5e-06,1.1666666666666666e-05,c
noarr,FromPlan,doitgen,5,MINI,1.9444444444444444,6e-06,1.1666666666666666e-05,c
noarr,Naive,doitgen,1,MINI,2.333333333333333,5e-06,1.1666666666666666e-05,c
noarr,Naive,doitgen,2,MINI,2.4999999999999996,4.666666666666667e-06,1.1666666666666666e-05,c
noarr,Naive,doitgen,3,MINI,2.333333333333333,5e-06,1.1666666666666666e-05,c
noarr,Naive,doitgen,4,MINI,2.1874999999999996,5.3333333333333345e-06,1.1666666666666666e-05,c
noarr,Naive,doitgen,5,MINI,2.333333333333333,5e-06,1.1666666666666666e-05,c
noarr,standard,doitgen,1,MINI,1.2962962962962963,9e-06,1.1666666666666666e-05,c
noarr,standard,doitgen,2,MINI,1.129032258064516,1.0333333333333333e-05,1.1666666666666666e-05,c
noarr,standard,doitgen,3,MINI,1.2962962962962963,9e-06,1.1666666666666666e-05,c
noarr,standard,doitgen,5,MINI,1.129032258064516,1.0333333333333333e-05,1.1666666666666666e-05,c
c,AllHints,durbin,1,MINI,1.7142857142857144,2.333333333333333e-06,4e-06,c
c,AllHints,durbin,3,MINI,1.3333333333333333,3e-06,4e-06,c
c,AllHints,durbin,4,MINI,1.3333333333333333,3e-06,4e-06,c
c,AllHints,durbin,5,MINI,1.7142857142857144,2.333333333333333e-06,4e-06,c
c,ChooseHints,durbin,1,MINI,1.7142857142857144,2.333333333333333e-06,4e-06,c
c,ChooseHints,durbin,2,MINI,1.3333333333333333,3e-06,4e-06,c
c,ChooseHints,durbin,3,MINI,1.5,2.6666666666666664e-06,4e-06,c
c,ChooseHints,durbin,4,MINI,1.5,2.6666666666666664e-06,4e-06,c
c,ChooseHints,durbin,5,MINI,1.3333333333333333,3e-06,4e-06,c
c,FromPlan,durbin,1,MINI,2.0,2e-06,4e-06,c
c,FromPlan,durbin,2,MINI,2.0,2e-06,4e-06,c
c,FromPlan,durbin,3,MINI,2.0,2e-06,4e-06,c
c,FromPlan,durbin,4,MINI,1.7142857142857144,2.333333333333333e-06,4e-06,c
c,FromPlan,durbin,5,MINI,1.5,2.6666666666666664e-06,4e-06,c
c,Naive,durbin,1,MINI,1.5,2.6666666666666664e-06,4e-06,c
c,Naive,durbin,2,MINI,1.3333333333333333,3e-06,4e-06,c
c,Naive,durbin,3,MINI,1.7142857142857144,2.333333333333333e-06,4e-06,c
c,Naive,durbin,4,MINI,1.5,2.6666666666666664e-06,4e-06,c
c,Naive,durbin,5,MINI,1.7142857142857144,2.333333333333333e-06,4e-06,c
c,standard,durbin,1,MINI,1.0,4e-06,4e-06,c
exo,AllHints,durbin,1,MINI,1.5,2.6666666666666664e-06,4e-06,c
exo,AllHints,durbin,2,MINI,0.857142857142857,4.666666666666667e-06,4e-06,c
exo,AllHints,durbin,3,MINI,0.00200836820083682,0.0019916666666666668,4e-06,c
exo,ChooseHints,durbin,1,MINI,1.3333333333333333,3e-06,4e-06,c
exo,ChooseHints,durbin,2,MINI,0.4444444444444444,9e-06,4e-06,c
exo,ChooseHints,durbin,3,MINI,0.7058823529411764,5.666666666666667e-06,4e-06,c
exo,ChooseHints,durbin,4,MINI,0.001965280052407468,0.0020353333333333334,4e-06,c
exo,FromPlan,durbin,2,MINI,0.7499999999999998,5.3333333333333345e-06,4e-06,c
exo,FromPlan,durbin,5,MINI,1.3333333333333333,3e-06,4e-06,c
exo,Naive,durbin,3,MINI,1.0,4e-06,4e-06,c
exo,Naive,durbin,4,MINI,0.6666666666666666,6e-06,4e-06,c
exo,standard,durbin,1,MINI,0.7499999999999998,5.3333333333333345e-06,4e-06,c
exo,standard,durbin,2,MINI,0.7999999999999999,5e-06,4e-06,c
exo,standard,durbin,3,MINI,0.857142857142857,4.666666666666667e-06,4e-06,c
exo,standard,durbin,4,MINI,0.7999999999999999,5e-06,4e-06,c
exo,standard,durbin,5,MINI,0.6666666666666666,6e-06,4e-06,c
halide,FromPlan,durbin,3,MINI,0.009764035801464604,0.0004096666666666667,4e-06,c
halide,standard,durbin,4,MINI,0.04195804195804195,9.533333333333334e-05,4e-06,c
noarr,AllHints,durbin,1,MINI,2.0,2e-06,4e-06,c
noarr,AllHints,durbin,2,MINI,2.0,2e-06,4e-06,c
noarr,AllHints,durbin,3,MINI,2.0,2e-06,4e-06,c
noarr,AllHints,durbin,4,MINI,2.0,2e-06,4e-06,c
noarr,AllHints,durbin,5,MINI,2.0,2e-06,4e-06,c
noarr,ChooseHints,durbin,1,MINI,1.0,4e-06,4e-06,c
noarr,ChooseHints,durbin,2,MINI,2.0,2e-06,4e-06,c
noarr,ChooseHints,durbin,3,MINI,1.0,4e-06,4e-06,c
noarr,ChooseHints,durbin,4,MINI,2.0,2e-06,4e-06,c
noarr,ChooseHints,durbin,5,MINI,2.0,2e-06,4e-06,c
noarr,FromPlan,durbin,1,MINI,2.0,2e-06,4e-06,c
noarr,FromPlan,durbin,2,MINI,2.0,2e-06,4e-06,c
noarr,FromPlan,durbin,3,MINI,2.0,2e-06,4e-06,c
noarr,FromPlan,durbin,4,MINI,2.0,2e-06,4e-06,c
noarr,FromPlan,durbin,5,MINI,2.0,2e-06,4e-06,c
noarr,Naive,durbin,1,MINI,2.0,2e-06,4e-06,c
noarr,Naive,durbin,2,MINI,0.7999999999999999,5e-06,4e-06,c
noarr,Naive,durbin,3,MINI,2.0,2e-06,4e-06,c
noarr,Naive,durbin,4,MINI,2.0,2e-06,4e-06,c
noarr,Naive,durbin,5,MINI,2.0,2e-06,4e-06,c
noarr,standard,durbin,1,MINI,0.7999999999999999,5e-06,4e-06,c
noarr,standard,durbin,2,MINI,0.9230769230769229,4.333333333333334e-06,4e-06,c
noarr,standard,durbin,3,MINI,0.7999999999999999,5e-06,4e-06,c
noarr,standard,durbin,5,MINI,0.7999999999999999,5e-06,4e-06,c
c,AllHints,fdtd-2d,1,MINI,0.04162537165510407,0.0006726666666666666,2.8e-05,c
c,AllHints,fdtd-2d,2,MINI,0.033680834001603856,0.0008313333333333332,2.8e-05,c
c,AllHints,fdtd-2d,4,MINI,0.0347970173985087,0.0008046666666666666,2.8e-05,c
c,ChooseHints,fdtd-2d,2,MINI,0.04065827686350435,0.0006886666666666667,2.8e-05,c
c,ChooseHints,fdtd-2d,3,MINI,0.0426179604261796,0.000657,2.8e-05,c
c,ChooseHints,fdtd-2d,5,MINI,0.040249161475802576,0.0006956666666666668,2.8e-05,c
c,FromPlan,fdtd-2d,1,MINI,1.5272727272727273,1.8333333333333333e-05,2.8e-05,c
c,FromPlan,fdtd-2d,2,MINI,1.5272727272727273,1.8333333333333333e-05,2.8e-05,c
c,FromPlan,fdtd-2d,3,MINI,1.0632911392405064,2.633333333333333e-05,2.8e-05,c
c,FromPlan,fdtd-2d,5,MINI,0.9655172413793103,2.9e-05,2.8e-05,c
c,Naive,fdtd-2d,1,MINI,1.5849056603773584,1.7666666666666668e-05,2.8e-05,c
c,Naive,fdtd-2d,2,MINI,1.5555555555555556,1.8e-05,2.8e-05,c
c,Naive,fdtd-2d,3,MINI,1.6153846153846152,1.7333333333333336e-05,2.8e-05,c
c,Naive,fdtd-2d,4,MINI,1.5849056603773584,1.7666666666666668e-05,2.8e-05,c
c,Naive,fdtd-2d,5,MINI,0.717948717948718,3.9e-05,2.8e-05,c
c,standard,fdtd-2d,1,MINI,1.0,2.8e-05,2.8e-05,c
exo,AllHints,fdtd-2d,3,MINI,0.013714285714285712,0.002041666666666667,2.8e-05,c
exo,AllHints,fdtd-2d,4,MINI,0.013962765957446808,0.0020053333333333334,2.8e-05,c
exo,AllHints,fdtd-2d,5,MINI,0.01776274053711144,0.0015763333333333332,2.8e-05,c
exo,ChooseHints,fdtd-2d,4,MINI,0.013914195792612223,0.0020123333333333334,2.8e-05,c
exo,FromPlan,fdtd-2d,2,MINI,0.5753424657534246,4.8666666666666666e-05,2.8e-05,c
exo,FromPlan,fdtd-2d,4,MINI,0.6885245901639344,4.066666666666667e-05,2.8e-05,c
exo,Naive,fdtd-2d,1,MINI,0.013944223107569723,0.002008,2.8e-05,c
exo,Naive,fdtd-2d,2,MINI,0.01837270341207349,0.001524,2.8e-05,c
exo,Naive,fdtd-2d,3,MINI,0.711864406779661,3.933333333333333e-05,2.8e-05,c
exo,standard,fdtd-2d,1,MINI,0.7850467289719626,3.566666666666667e-05,2.8e-05,c
exo,standard,fdtd-2d,2,MINI,0.7777777777777778,3.6e-05,2.8e-05,c
exo,standard,fdtd-2d,3,MINI,0.7636363636363637,3.6666666666666666e-05,2.8e-05,c
exo,standard,fdtd-2d,4,MINI,0.7850467289719626,3.566666666666667e-05,2.8e-05,c
exo,standard,fdtd-2d,5,MINI,0.8571428571428572,3.266666666666666e-05,2.8e-05,c
halide,AllHints,fdtd-2d,5,MINI,0.016901408450704224,0.0016566666666666667,2.8e-05,c
halide,ChooseHints,fdtd-2d,5,MINI,0.002240298706494199,0.012498333333333334,2.8e-05,c
halide,FromPlan,fdtd-2d,4,MINI,0.0029455081001472753,0.009506,2.8e-05,c
halide,Naive,fdtd-2d,1,MINI,0.0016671297582661851,0.016795333333333332,2.8e-05,c
halide,Naive,fdtd-2d,5,MINI,0.019305906688117675,0.0014503333333333332,2.8e-05,c
halide,standard,fdtd-2d,1,MINI,0.15217391304347827,0.000184,2.8e-05,c
halide,standard,fdtd-2d,3,MINI,0.1976470588235294,0.00014166666666666668,2.8e-05,c
halide,standard,fdtd-2d,5,MINI,0.2074074074074074,0.000135,2.8e-05,c
noarr,AllHints,fdtd-2d,1,MINI,0.01354620222544751,0.002067,2.8e-05,c
noarr,AllHints,fdtd-2d,4,MINI,0.007074875768550491,0.0039576666666666675,2.8e-05,c
noarr,AllHints,fdtd-2d,5,MINI,1.0120481927710843,2.7666666666666667e-05,2.8e-05,c
noarr,ChooseHints,fdtd-2d,1,MINI,0.02416570771001151,0.0011586666666666666,2.8e-05,c
noarr,ChooseHints,fdtd-2d,3,MINI,0.0054858934169279,0.005104,2.8e-05,c
noarr,ChooseHints,fdtd-2d,5,MINI,0.013051584835301427,0.0021453333333333337,2.8e-05,c
noarr,FromPlan,fdtd-2d,2,MINI,0.7567567567567568,3.7e-05,2.8e-05,c
noarr,FromPlan,fdtd-2d,3,MINI,1.135135135135135,2.4666666666666665e-05,2.8e-05,c
noarr,FromPlan,fdtd-2d,5,MINI,0.7777777777777778,3.6e-05,2.8e-05,c
noarr,Naive,fdtd-2d,1,MINI,1.3125,2.133333333333333e-05,2.8e-05,c
noarr,Naive,fdtd-2d,2,MINI,1.5555555555555556,1.8e-05,2.8e-05,c
noarr,Naive,fdtd-2d,3,MINI,1.0370370370370372,2.6999999999999996e-05,2.8e-05,c
noarr,Naive,fdtd-2d,4,MINI,0.48,5.833333333333333e-05,2.8e-05,c
noarr,standard,fdtd-2d,1,MINI,1.0,2.8e-05,2.8e-05,c
noarr,standard,fdtd-2d,2,MINI,1.135135135135135,2.4666666666666665e-05,2.8e-05,c
noarr,standard,fdtd-2d,3,MINI,1.024390243902439,2.7333333333333335e-05,2.8e-05,c
noarr,standard,fdtd-2d,4,MINI,1.024390243902439,2.7333333333333335e-05,2.8e-05,c
noarr,standard,fdtd-2d,5,MINI,1.0370370370370372,2.6999999999999996e-05,2.8e-05,c
c,AllHints,floyd-warshall,1,MINI,0.18118982967168598,0.0013503333333333334,0.00024466666666666663,c
c,AllHints,floyd-warshall,2,MINI,0.17081684896439372,0.0014323333333333334,0.00024466666666666663,c
c,AllHints,floyd-warshall,3,MINI,0.14211035818005807,0.0017216666666666667,0.00024466666666666663,c
c,AllHints,floyd-warshall,4,MINI,0.5624521072796934,0.000435,0.00024466666666666663,c
c,AllHints,floyd-warshall,5,MINI,1.3154121863799282,0.000186,0.00024466666666666663,c
c,ChooseHints,floyd-warshall,1,MINI,0.17376893939393934,0.0014080000000000002,0.00024466666666666663,c
c,ChooseHints,floyd-warshall,2,MINI,1.8442211055276383,0.00013266666666666665,0.00024466666666666663,c
c,ChooseHints,floyd-warshall,3,MINI,0.6618575293056808,0.00036966666666666664,0.00024466666666666663,c
c,ChooseHints,floyd-warshall,4,MINI,0.16075339465615418,0.001522,0.00024466666666666663,c
c,ChooseHints,floyd-warshall,5,MINI,0.566358024691358,0.00043199999999999993,0.00024466666666666663,c
c,FromPlan,floyd-warshall,1,MINI,4.448484848484847,5.5e-05,0.00024466666666666663,c
c,FromPlan,floyd-warshall,2,MINI,4.123595505617978,5.933333333333333e-05,0.00024466666666666663,c
c,FromPlan,floyd-warshall,3,MINI,4.05524861878453,6.0333333333333334e-05,0.00024466666666666663,c
c,FromPlan,floyd-warshall,4,MINI,4.292397660818713,5.7e-05,0.00024466666666666663,c
c,FromPlan,floyd-warshall,5,MINI,1.2092257001647444,0.00020233333333333334,0.00024466666666666663,c
c,Naive,floyd-warshall,1,MINI,1.8629441624365481,0.00013133333333333332,0.00024466666666666663,c
c,Naive,floyd-warshall,2,MINI,1.7069767441860462,0.00014333333333333334,0.00024466666666666663,c
c,Naive,floyd-warshall,3,MINI,2.718518518518518,9e-05,0.00024466666666666663,c
c,Naive,floyd-warshall,4,MINI,0.5334302325581395,0.0004586666666666667,0.00024466666666666663,c
c,Naive,floyd-warshall,5,MINI,2.602836879432624,9.4e-05,0.00024466666666666663,c
c,standard,floyd-warshall,1,MINI,1.0,0.00024466666666666663,0.00024466666666666663,c
exo,AllHints,floyd-warshall,1,MINI,0.1560374149659864,0.001568,0.00024466666666666663,c
exo,AllHints,floyd-warshall,2,MINI,1.219269102990033,0.00020066666666666667,0.00024466666666666663,c
exo,AllHints,floyd-warshall,3,MINI,0.1712552496500233,0.0014286666666666666,0.00024466666666666663,c
exo,AllHints,floyd-warshall,4,MINI,0.14012982054219164,0.0017460000000000002,0.00024466666666666663,c
exo,AllHints,floyd-warshall,5,MINI,0.17623049219687872,0.0013883333333333334,0.00024466666666666663,c
exo,ChooseHints,floyd-warshall,1,MINI,0.1467706458708258,0.001667,0.00024466666666666663,c
exo,ChooseHints,floyd-warshall,4,MINI,0.15495039054253745,0.0015789999999999999,0.00024466666666666663,c
exo,FromPlan,floyd-warshall,1,MINI,0.720314033366045,0.00033966666666666666,0.00024466666666666663,c
exo,FromPlan,floyd-warshall,2,MINI,0.1748035246487259,0.0013996666666666665,0.00024466666666666663,c
exo,FromPlan,floyd-warshall,3,MINI,0.7574819401444788,0.000323,0.00024466666666666663,c
exo,FromPlan,floyd-warshall,4,MINI,0.905055487053021,0.0002703333333333333,0.00024466666666666663,c
exo,FromPlan,floyd-warshall,5,MINI,0.7598343685300205,0.000322,0.00024466666666666663,c
exo,Naive,floyd-warshall,1,MINI,1.250425894378194,0.00019566666666666666,0.00024466666666666663,c
exo,Naive,floyd-warshall,3,MINI,0.14316364345621221,0.0017089999999999998,0.00024466666666666663,c
exo,Naive,floyd-warshall,5,MINI,0.17385125532922782,0.0014073333333333334,0.00024466666666666663,c
exo,standard,floyd-warshall,1,MINI,0.9422336328626443,0.00025966666666666667,0.00024466666666666663,c
exo,standard,floyd-warshall,2,MINI,0.8918590522478737,0.0002743333333333333,0.00024466666666666663,c
exo,standard,floyd-warshall,3,MINI,0.9050554870530207,0.00027033333333333336,0.00024466666666666663,c
exo,standard,floyd-warshall,4,MINI,0.9326556543837355,0.00026233333333333333,0.00024466666666666663,c
exo,standard,floyd-warshall,5,MINI,0.9398207426376439,0.00026033333333333334,0.00024466666666666663,c
halide,ChooseHints,floyd-warshall,3,MINI,0.0155396536393276,0.015744666666666667,0.00024466666666666663,c
halide,ChooseHints,floyd-warshall,5,MINI,0.017041233283803862,0.014357333333333333,0.00024466666666666663,c
halide,FromPlan,floyd-warshall,1,MINI,0.03681412378372956,0.006646,0.00024466666666666663,c
halide,Naive,floyd-warshall,3,MINI,0.016778676907602978,0.014582,0.00024466666666666663,c
halide,Naive,floyd-warshall,4,MINI,0.021612390318591364,0.011320666666666666,0.00024466666666666663,c
halide,Naive,floyd-warshall,5,MINI,0.01729133784070296,0.014149666666666666,0.00024466666666666663,c
halide,standard,floyd-warshall,1,MINI,1.146875,0.0002133333333333333,0.00024466666666666663,c
halide,standard,floyd-warshall,2,MINI,1.154088050314465,0.00021200000000000003,0.00024466666666666663,c
halide,standard,floyd-warshall,3,MINI,1.11890243902439,0.00021866666666666668,0.00024466666666666663,c
halide,standard,floyd-warshall,4,MINI,1.1397515527950308,0.0002146666666666667,0.00024466666666666663,c
noarr,AllHints,floyd-warshall,1,MINI,3.5631067961165046,6.866666666666666e-05,0.00024466666666666663,c
noarr,AllHints,floyd-warshall,2,MINI,0.0578818705149436,0.004227000000000001,0.00024466666666666663,c
noarr,AllHints,floyd-warshall,3,MINI,0.060847218768133954,0.004021,0.00024466666666666663,c
noarr,AllHints,floyd-warshall,4,MINI,3.3981481481481475,7.2e-05,0.00024466666666666663,c
noarr,AllHints,floyd-warshall,5,MINI,2.251533742331288,0.00010866666666666667,0.00024466666666666663,c
noarr,ChooseHints,floyd-warshall,1,MINI,0.9520103761348896,0.000257,0.00024466666666666663,c
noarr,ChooseHints,floyd-warshall,2,MINI,3.707070707070707,6.599999999999999e-05,0.00024466666666666663,c
noarr,ChooseHints,floyd-warshall,3,MINI,3.7258883248730954,6.566666666666667e-05,0.00024466666666666663,c
noarr,ChooseHints,floyd-warshall,4,MINI,0.9532467532467531,0.00025666666666666665,0.00024466666666666663,c
noarr,ChooseHints,floyd-warshall,5,MINI,2.6120996441281137,9.366666666666666e-05,0.00024466666666666663,c
noarr,FromPlan,floyd-warshall,1,MINI,3.1913043478260863,7.666666666666667e-05,0.00024466666666666663,c
noarr,FromPlan,floyd-warshall,2,MINI,1.1522762951334378,0.00021233333333333334,0.00024466666666666663,c
noarr,FromPlan,floyd-warshall,3,MINI,2.496598639455782,9.8e-05,0.00024466666666666663,c
noarr,FromPlan,floyd-warshall,4,MINI,2.53103448275862,9.666666666666667e-05,0.00024466666666666663,c
noarr,FromPlan,floyd-warshall,5,MINI,0.7078109932497588,0.00034566666666666665,0.00024466666666666663,c
noarr,Naive,floyd-warshall,1,MINI,2.9477911646586343,8.3e-05,0.00024466666666666663,c
noarr,Naive,floyd-warshall,2,MINI,1.4224806201550386,0.00017199999999999998,0.00024466666666666663,c
noarr,Naive,floyd-warshall,3,MINI,3.511961722488038,6.966666666666666e-05,0.00024466666666666663,c
noarr,Naive,floyd-warshall,4,MINI,3.5804878048780484,6.833333333333333e-05,0.00024466666666666663,c
noarr,Naive,floyd-warshall,5,MINI,3.3981481481481475,7.2e-05,0.00024466666666666663,c
noarr,standard,floyd-warshall,1,MINI,1.450592885375494,0.00016866666666666666,0.00024466666666666663,c
noarr,standard,floyd-warshall,2,MINI,1.4280155642023347,0.00017133333333333331,0.00024466666666666663,c
noarr,standard,floyd-warshall,3,MINI,1.4224806201550386,0.00017199999999999998,0.00024466666666666663,c
noarr,standard,floyd-warshall,4,MINI,0.9028290282902829,0.000271,0.00024466666666666663,c
noarr,standard,floyd-warshall,5,MINI,1.366852886405959,0.000179,0.00024466666666666663,c
c,AllHints,gemm,1,MINI,0.08982035928143714,5.566666666666667e-05,5e-06,c
c,AllHints,gemm,2,MINI,0.154639175257732,3.233333333333333e-05,5e-06,c
c,AllHints,gemm,3,MINI,0.11811023622047245,4.233333333333333e-05,5e-06,c
c,AllHints,gemm,5,MINI,0.08287292817679559,6.0333333333333334e-05,5e-06,c
c,ChooseHints,gemm,1,MINI,0.23437500000000006,2.133333333333333e-05,5e-06,c
c,ChooseHints,gemm,2,MINI,0.31250000000000006,1.6e-05,5e-06,c
c,ChooseHints,gemm,3,MINI,0.01742160278745645,0.000287,5e-06,c
c,ChooseHints,gemm,4,MINI,1.0,5e-06,5e-06,c
c,ChooseHints,gemm,5,MINI,0.5555555555555556,9e-06,5e-06,c
c,FromPlan,gemm,1,MINI,0.15151515151515155,3.2999999999999996e-05,5e-06,c
c,FromPlan,gemm,2,MINI,1.0,5e-06,5e-06,c
c,FromPlan,gemm,3,MINI,0.3488372093023256,1.4333333333333334e-05,5e-06,c
c,FromPlan,gemm,4,MINI,1.1538461538461537,4.333333333333334e-06,5e-06,c
c,Naive,gemm,1,MINI,0.6818181818181819,7.333333333333333e-06,5e-06,c
c,Naive,gemm,2,MINI,1.0714285714285714,4.666666666666667e-06,5e-06,c
c,Naive,gemm,3,MINI,0.7142857142857143,7e-06,5e-06,c
c,Naive,gemm,4,MINI,1.2500000000000002,4e-06,5e-06,c
c,Naive,gemm,5,MINI,1.0714285714285714,4.666666666666667e-06,5e-06,c
c,standard,gemm,1,MINI,1.0,5e-06,5e-06,c
exo,AllHints,gemm,1,MINI,0.11718750000000003,4.266666666666666e-05,5e-06,c
exo,AllHints,gemm,2,MINI,0.10563380281690142,4.733333333333333e-05,5e-06,c
exo,AllHints,gemm,4,MINI,0.14018691588785048,3.566666666666667e-05,5e-06,c
exo,AllHints,gemm,5,MINI,0.07281553398058253,6.866666666666666e-05,5e-06,c
exo,ChooseHints,gemm,1,MINI,0.06276150627615062,7.966666666666667e-05,5e-06,c
exo,ChooseHints,gemm,2,MINI,0.06578947368421054,7.599999999999999e-05,5e-06,c
exo,ChooseHints,gemm,4,MINI,0.12711864406779663,3.933333333333333e-05,5e-06,c
exo,FromPlan,gemm,2,MINI,0.05813953488372094,8.599999999999999e-05,5e-06,c
exo,FromPlan,gemm,3,MINI,0.12820512820512822,3.9e-05,5e-06,c
exo,FromPlan,gemm,4,MINI,0.4285714285714286,1.1666666666666666e-05,5e-06,c
exo,FromPlan,gemm,5,MINI,0.13761467889908258,3.633333333333333e-05,5e-06,c
exo,Naive,gemm,2,MINI,0.07109004739336493,7.033333333333334e-05,5e-06,c
exo,Naive,gemm,3,MINI,0.2173913043478261,2.3e-05,5e-06,c
exo,Naive,gemm,4,MINI,0.10204081632653063,4.9e-05,5e-06,c
exo,standard,gemm,1,MINI,0.6250000000000001,8e-06,5e-06,c
exo,standard,gemm,2,MINI,0.6000000000000001,8.333333333333332e-06,5e-06,c
exo,standard,gemm,3,MINI,0.6000000000000001,8.333333333333332e-06,5e-06,c
exo,standard,gemm,4,MINI,0.6000000000000001,8.333333333333332e-06,5e-06,c
exo,standard,gemm,5,MINI,0.6000000000000001,8.333333333333332e-06,5e-06,c
halide,FromPlan,gemm,1,MINI,0.002050580997949419,0.0024383333333333336,5e-06,c
halide,FromPlan,gemm,3,MINI,0.0020984890878567434,0.0023826666666666666,5e-06,c
halide,FromPlan,gemm,5,MINI,0.0020245647185855044,0.0024696666666666665,5e-06,c
halide,standard,gemm,2,MINI,0.11111111111111112,4.5e-05,5e-06,c
halide,standard,gemm,3,MINI,0.11029411764705883,4.5333333333333335e-05,5e-06,c
halide,standard,gemm,4,MINI,0.10869565217391305,4.6e-05,5e-06,c
noarr,AllHints,gemm,2,MINI,0.31250000000000006,1.6e-05,5e-06,c
noarr,AllHints,gemm,3,MINI,0.3846153846153847,1.3e-05,5e-06,c
noarr,AllHints,gemm,4,MINI,1.0,5e-06,5e-06,c
noarr,AllHints,gemm,5,MINI,1.0,5e-06,5e-06,c
noarr,ChooseHints,gemm,1,MINI,0.33333333333333337,1.5e-05,5e-06,c
noarr,ChooseHints,gemm,2,MINI,1.0,5e-06,5e-06,c
noarr,ChooseHints,gemm,3,MINI,1.0,5e-06,5e-06,c
noarr,ChooseHints,gemm,4,MINI,1.0,5e-06,5e-06,c
noarr,ChooseHints,gemm,5,MINI,1.0,5e-06,5e-06,c
noarr,FromPlan,gemm,1,MINI,0.2830188679245283,1.7666666666666668e-05,5e-06,c
noarr,FromPlan,gemm,2,MINI,0.6250000000000001,8e-06,5e-06,c
noarr,FromPlan,gemm,3,MINI,1.0,5e-06,5e-06,c
noarr,FromPlan,gemm,4,MINI,0.45454545454545453,1.1000000000000001e-05,5e-06,c
noarr,FromPlan,gemm,5,MINI,0.8823529411764707,5.666666666666667e-06,5e-06,c
noarr,Naive,gemm,1,MINI,0.18072289156626506,2.7666666666666667e-05,5e-06,c
noarr,Naive,gemm,2,MINI,0.9374999999999999,5.3333333333333345e-06,5e-06,c
noarr,Naive,gemm,3,MINI,0.31250000000000006,1.6e-05,5e-06,c
noarr,Naive,gemm,4,MINI,1.0,5e-06,5e-06,c
noarr,Naive,gemm,5,MINI,1.0,5e-06,5e-06,c
noarr,standard,gemm,1,MINI,0.8333333333333334,6e-06,5e-06,c
noarr,standard,gemm,2,MINI,0.8333333333333334,6e-06,5e-06,c
noarr,standard,gemm,3,MINI,0.8333333333333334,6e-06,5e-06,c
noarr,standard,gemm,4,MINI,0.8333333333333334,6e-06,5e-06,c
noarr,standard,gemm,5,MINI,0.8333333333333334,6e-06,5e-06,c
c,AllHints,gemver,1,MINI,0.04709141274238227,0.00012033333333333334,5.666666666666667e-06,c
c,AllHints,gemver,2,MINI,0.028813559322033895,0.00019666666666666669,5.666666666666667e-06,c
c,AllHints,gemver,3,MINI,0.08900523560209425,6.366666666666666e-05,5.666666666666667e-06,c
c,AllHints,gemver,4,MINI,0.10119047619047619,5.6e-05,5.666666666666667e-06,c
c,AllHints,gemver,5,MINI,0.0303030303030303,0.00018700000000000002,5.666666666666667e-06,c
c,ChooseHints,gemver,1,MINI,0.6296296296296297,9e-06,5.666666666666667e-06,c
c,ChooseHints,gemver,2,MINI,0.03617021276595745,0.00015666666666666666,5.666666666666667e-06,c
c,ChooseHints,gemver,3,MINI,0.06071428571428572,9.333333333333333e-05,5.666666666666667e-06,c
c,ChooseHints,gemver,4,MINI,0.6071428571428571,9.333333333333334e-06,5.666666666666667e-06,c
c,ChooseHints,gemver,5,MINI,0.6538461538461537,8.666666666666668e-06,5.666666666666667e-06,c
c,FromPlan,gemver,1,MINI,1.7000000000000004,3.333333333333333e-06,5.666666666666667e-06,c
c,FromPlan,gemver,2,MINI,1.8888888888888888,3e-06,5.666666666666667e-06,c
c,FromPlan,gemver,3,MINI,1.7000000000000004,3.333333333333333e-06,5.666666666666667e-06,c
c,FromPlan,gemver,4,MINI,1.7000000000000004,3.333333333333333e-06,5.666666666666667e-06,c
c,Naive,gemver,1,MINI,1.3076923076923075,4.333333333333334e-06,5.666666666666667e-06,c
c,Naive,gemver,2,MINI,1.5454545454545456,3.6666666666666666e-06,5.666666666666667e-06,c
c,Naive,gemver,3,MINI,1.7000000000000004,3.333333333333333e-06,5.666666666666667e-06,c
c,Naive,gemver,4,MINI,1.7000000000000004,3.333333333333333e-06,5.666666666666667e-06,c
c,Naive,gemver,5,MINI,1.5454545454545456,3.6666666666666666e-06,5.666666666666667e-06,c
c,standard,gemver,1,MINI,1.0,5.666666666666667e-06,5.666666666666667e-06,c
exo,AllHints,gemver,1,MINI,0.1370967741935484,4.133333333333333e-05,5.666666666666667e-06,c
exo,AllHints,gemver,2,MINI,0.09770114942528736,5.8e-05,5.666666666666667e-06,c
exo,AllHints,gemver,3,MINI,0.0604982206405694,9.366666666666666e-05,5.666666666666667e-06,c
exo,AllHints,gemver,4,MINI,0.09999999999999999,5.666666666666667e-05,5.666666666666667e-06,c
exo,AllHints,gemver,5,MINI,0.04871060171919771,0.00011633333333333335,5.666666666666667e-06,c
exo,ChooseHints,gemver,1,MINI,0.13821138211382114,4.1e-05,5.666666666666667e-06,c
exo,ChooseHints,gemver,2,MINI,0.06273062730627307,9.033333333333332e-05,5.666666666666667e-06,c
exo,FromPlan,gemver,1,MINI,0.5666666666666667,1e-05,5.666666666666667e-06,c
exo,FromPlan,gemver,2,MINI,0.004979496192149971,0.001138,5.666666666666667e-06,c
exo,Naive,gemver,5,MINI,0.06640625000000001,8.533333333333332e-05,5.666666666666667e-06,c
exo,standard,gemver,1,MINI,0.7727272727272728,7.333333333333333e-06,5.666666666666667e-06,c
exo,standard,gemver,2,MINI,0.8500000000000002,6.666666666666666e-06,5.666666666666667e-06,c
exo,standard,gemver,3,MINI,0.8500000000000002,6.666666666666666e-06,5.666666666666667e-06,c
exo,standard,gemver,4,MINI,0.5666666666666667,1e-05,5.666666666666667e-06,c
exo,standard,gemver,5,MINI,0.8095238095238095,7e-06,5.666666666666667e-06,c
halide,standard,gemver,1,MINI,0.03981264637002342,0.00014233333333333334,5.666666666666667e-06,c
halide,standard,gemver,4,MINI,0.21518987341772156,2.633333333333333e-05,5.666666666666667e-06,c
noarr,AllHints,gemver,1,MINI,1.8888888888888888,3e-06,5.666666666666667e-06,c
noarr,AllHints,gemver,2,MINI,0.002431697897296524,0.0023303333333333336,5.666666666666667e-06,c
noarr,AllHints,gemver,3,MINI,0.002435879065768735,0.0023263333333333335,5.666666666666667e-06,c
noarr,AllHints,gemver,4,MINI,1.4166666666666667,4e-06,5.666666666666667e-06,c
noarr,AllHints,gemver,5,MINI,0.0023390203632361033,0.0024226666666666667,5.666666666666667e-06,c
noarr,ChooseHints,gemver,1,MINI,1.8888888888888888,3e-06,5.666666666666667e-06,c
noarr,ChooseHints,gemver,2,MINI,1.8888888888888888,3e-06,5.666666666666667e-06,c
noarr,ChooseHints,gemver,3,MINI,0.0024702121476315024,0.002294,5.666666666666667e-06,c
noarr,ChooseHints,gemver,4,MINI,1.8888888888888888,3e-06,5.666666666666667e-06,c
noarr,ChooseHints,gemver,5,MINI,1.4166666666666667,4e-06,5.666666666666667e-06,c
noarr,FromPlan,gemver,1,MINI,0.7083333333333334,8e-06,5.666666666666667e-06,c
noarr,FromPlan,gemver,2,MINI,1.1333333333333333,5e-06,5.666666666666667e-06,c
noarr,FromPlan,gemver,3,MINI,1.8888888888888888,3e-06,5.666666666666667e-06,c
noarr,FromPlan,gemver,4,MINI,0.8095238095238095,7e-06,5.666666666666667e-06,c
noarr,Naive,gemver,1,MINI,1.8888888888888888,3e-06,5.666666666666667e-06,c
noarr,Naive,gemver,2,MINI,1.8888888888888888,3e-06,5.666666666666667e-06,c
noarr,Naive,gemver,3,MINI,1.8888888888888888,3e-06,5.666666666666667e-06,c
noarr,Naive,gemver,4,MINI,1.8888888888888888,3e-06,5.666666666666667e-06,c
noarr,Naive,gemver,5,MINI,1.8888888888888888,3e-06,5.666666666666667e-06,c
noarr,standard,gemver,1,MINI,1.4166666666666667,4e-06,5.666666666666667e-06,c
noarr,standard,gemver,2,MINI,1.4166666666666667,4e-06,5.666666666666667e-06,c
noarr,standard,gemver,3,MINI,1.4166666666666667,4e-06,5.666666666666667e-06,c
noarr,standard,gemver,5,MINI,1.4166666666666667,4e-06,5.666666666666667e-06,c
c,AllHints,gesummv,1,MINI,0.588235294117647,5.666666666666667e-06,3.333333333333333e-06,c
c,AllHints,gesummv,2,MINI,0.588235294117647,5.666666666666667e-06,3.333333333333333e-06,c
c,AllHints,gesummv,3,MINI,0.11111111111111109,3e-05,3.333333333333333e-06,c
c,AllHints,gesummv,4,MINI,0.7142857142857141,4.666666666666667e-06,3.333333333333333e-06,c
c,AllHints,gesummv,5,MINI,0.05882352941176469,5.666666666666667e-05,3.333333333333333e-06,c
c,ChooseHints,gesummv,1,MINI,0.1075268817204301,3.1e-05,3.333333333333333e-06,c
c,ChooseHints,gesummv,2,MINI,0.10989010989010987,3.0333333333333333e-05,3.333333333333333e-06,c
c,ChooseHints,gesummv,3,MINI,0.10869565217391303,3.066666666666667e-05,3.333333333333333e-06,c
c,ChooseHints,gesummv,4,MINI,0.3999999999999999,8.333333333333334e-06,3.333333333333333e-06,c
c,ChooseHints,gesummv,5,MINI,0.1075268817204301,3.1e-05,3.333333333333333e-06,c
c,FromPlan,gesummv,1,MINI,0.11235955056179775,2.9666666666666665e-05,3.333333333333333e-06,c
c,FromPlan,gesummv,2,MINI,0.10101010101010101,3.2999999999999996e-05,3.333333333333333e-06,c
c,FromPlan,gesummv,3,MINI,2.5,1.3333333333333332e-06,3.333333333333333e-06,c
c,FromPlan,gesummv,4,MINI,0.10638297872340424,3.1333333333333334e-05,3.333333333333333e-06,c
c,FromPlan,gesummv,5,MINI,0.11764705882352938,2.8333333333333335e-05,3.333333333333333e-06,c
c,Naive,gesummv,1,MINI,0.10989010989010987,3.0333333333333333e-05,3.333333333333333e-06,c
c,Naive,gesummv,2,MINI,2.0,1.6666666666666665e-06,3.333333333333333e-06,c
c,Naive,gesummv,3,MINI,2.0,1.6666666666666665e-06,3.333333333333333e-06,c
c,Naive,gesummv,4,MINI,2.0,1.6666666666666665e-06,3.333333333333333e-06,c
c,Naive,gesummv,5,MINI,0.11235955056179775,2.9666666666666665e-05,3.333333333333333e-06,c
c,standard,gesummv,1,MINI,1.0,3.333333333333333e-06,3.333333333333333e-06,c
exo,AllHints,gesummv,2,MINI,0.1111111111111111,2.9999999999999997e-05,3.333333333333333e-06,c
exo,AllHints,gesummv,3,MINI,0.10989010989010987,3.0333333333333333e-05,3.333333333333333e-06,c
exo,AllHints,gesummv,4,MINI,0.11235955056179775,2.9666666666666665e-05,3.333333333333333e-06,c
exo,AllHints,gesummv,5,MINI,0.1111111111111111,2.9999999999999997e-05,3.333333333333333e-06,c
exo,ChooseHints,gesummv,1,MINI,0.10869565217391303,3.066666666666667e-05,3.333333333333333e-06,c
exo,ChooseHints,gesummv,3,MINI,0.10416666666666666,3.2e-05,3.333333333333333e-06,c
exo,ChooseHints,gesummv,4,MINI,0.11235955056179775,2.9666666666666665e-05,3.333333333333333e-06,c
exo,ChooseHints,gesummv,5,MINI,0.11235955056179775,2.9666666666666665e-05,3.333333333333333e-06,c
exo,FromPlan,gesummv,2,MINI,0.0847457627118644,3.933333333333333e-05,3.333333333333333e-06,c
exo,FromPlan,gesummv,3,MINI,1.6666666666666665,2e-06,3.333333333333333e-06,c
exo,FromPlan,gesummv,5,MINI,0.10989010989010987,3.0333333333333333e-05,3.333333333333333e-06,c
exo,Naive,gesummv,1,MINI,0.10989010989010987,3.0333333333333333e-05,3.333333333333333e-06,c
exo,Naive,gesummv,2,MINI,0.10989010989010987,3.0333333333333333e-05,3.333333333333333e-06,c
exo,Naive,gesummv,3,MINI,0.05847953216374268,5.7e-05,3.333333333333333e-06,c
exo,Naive,gesummv,4,MINI,0.05952380952380951,5.6000000000000006e-05,3.333333333333333e-06,c
exo,Naive,gesummv,5,MINI,0.8333333333333333,4e-06,3.333333333333333e-06,c
exo,standard,gesummv,1,MINI,0.909090909090909,3.6666666666666666e-06,3.333333333333333e-06,c
exo,standard,gesummv,2,MINI,0.909090909090909,3.6666666666666666e-06,3.333333333333333e-06,c
exo,standard,gesummv,3,MINI,0.909090909090909,3.6666666666666666e-06,3.333333333333333e-06,c
exo,standard,gesummv,4,MINI,0.8333333333333333,4e-06,3.333333333333333e-06,c
exo,standard,gesummv,5,MINI,1.111111111111111,3e-06,3.333333333333333e-06,c
halide,Naive,gesummv,4,MINI,0.0013408420488066504,0.002486,3.333333333333333e-06,c
halide,Naive,gesummv,5,MINI,0.04098360655737704,8.133333333333334e-05,3.333333333333333e-06,c
halide,standard,gesummv,1,MINI,0.2631578947368421,1.2666666666666667e-05,3.333333333333333e-06,c
halide,standard,gesummv,2,MINI,0.14705882352941174,2.2666666666666668e-05,3.333333333333333e-06,c
halide,standard,gesummv,3,MINI,0.27027027027027023,1.2333333333333333e-05,3.333333333333333e-06,c
halide,standard,gesummv,4,MINI,0.2857142857142857,1.1666666666666666e-05,3.333333333333333e-06,c
halide,standard,gesummv,5,MINI,0.21276595744680848,1.5666666666666667e-05,3.333333333333333e-06,c
noarr,AllHints,gesummv,1,MINI,3.333333333333333,1e-06,3.333333333333333e-06,c
noarr,AllHints,gesummv,2,MINI,0.12658227848101267,2.633333333333333e-05,3.333333333333333e-06,c
noarr,AllHints,gesummv,3,MINI,3.333333333333333,1e-06,3.333333333333333e-06,c
noarr,AllHints,gesummv,4,MINI,3.333333333333333,1e-06,3.333333333333333e-06,c
noarr,AllHints,gesummv,5,MINI,0.001453488372093023,0.0022933333333333334,3.333333333333333e-06,c
noarr,ChooseHints,gesummv,1,MINI,0.0014488554042306576,0.0023006666666666666,3.333333333333333e-06,c
noarr,ChooseHints,gesummv,2,MINI,3.333333333333333,1e-06,3.333333333333333e-06,c
noarr,ChooseHints,gesummv,3,MINI,0.001486988847583643,0.0022416666666666665,3.333333333333333e-06,c
noarr,ChooseHints,gesummv,4,MINI,0.0014771048744460853,0.002256666666666667,3.333333333333333e-06,c
noarr,ChooseHints,gesummv,5,MINI,3.333333333333333,1e-06,3.333333333333333e-06,c
noarr,FromPlan,gesummv,1,MINI,0.41666666666666663,8e-06,3.333333333333333e-06,c
noarr,FromPlan,gesummv,3,MINI,0.10416666666666666,3.2e-05,3.333333333333333e-06,c
noarr,FromPlan,gesummv,4,MINI,3.333333333333333,1e-06,3.333333333333333e-06,c
noarr,Naive,gesummv,1,MINI,3.333333333333333,1e-06,3.333333333333333e-06,c
noarr,Naive,gesummv,2,MINI,3.333333333333333,1e-06,3.333333333333333e-06,c
noarr,Naive,gesummv,3,MINI,3.333333333333333,1e-06,3.333333333333333e-06,c
noarr,Naive,gesummv,4,MINI,3.333333333333333,1e-06,3.333333333333333e-06,c
noarr,Naive,gesummv,5,MINI,3.333333333333333,1e-06,3.333333333333333e-06,c
noarr,standard,gesummv,1,MINI,1.111111111111111,3e-06,3.333333333333333e-06,c
noarr,standard,gesummv,2,MINI,1.4285714285714286,2.333333333333333e-06,3.333333333333333e-06,c
noarr,standard,gesummv,3,MINI,1.25,2.6666666666666664e-06,3.333333333333333e-06,c
noarr,standard,gesummv,4,MINI,1.25,2.6666666666666664e-06,3.333333333333333e-06,c
noarr,standard,gesummv,5,MINI,1.25,2.6666666666666664e-06,3.333333333333333e-06,c
c,ChooseHints,gramschmidt,1,MINI,1.6923076923076927,1.3e-05,2.2000000000000003e-05,c
c,ChooseHints,gramschmidt,4,MINI,1.6097560975609757,1.3666666666666667e-05,2.2000000000000003e-05,c
c,Naive,gramschmidt,1,MINI,1.8857142857142861,1.1666666666666666e-05,2.2000000000000003e-05,c
c,standard,gramschmidt,1,MINI,1.0,2.2000000000000003e-05,2.2000000000000003e-05,c
c,AllHints,heat-3d,1,MINI,0.03458401305057097,0.0010216666666666666,3.5333333333333336e-05,c
c,AllHints,heat-3d,3,MINI,0.002417607480898621,0.014614999999999998,3.5333333333333336e-05,c
c,AllHints,heat-3d,4,MINI,0.07325501036627506,0.0004823333333333333,3.5333333333333336e-05,c
c,AllHints,heat-3d,5,MINI,0.0956678700361011,0.00036933333333333333,3.5333333333333336e-05,c
c,ChooseHints,heat-3d,1,MINI,0.03271604938271605,0.00108,3.5333333333333336e-05,c
c,ChooseHints,heat-3d,2,MINI,0.029193059763150647,0.0012103333333333334,3.5333333333333336e-05,c
c,ChooseHints,heat-3d,3,MINI,0.029209148525764672,0.0012096666666666668,3.5333333333333336e-05,c
c,ChooseHints,heat-3d,4,MINI,0.09372236958443855,0.000377,3.5333333333333336e-05,c
c,ChooseHints,heat-3d,5,MINI,0.07225630538513975,0.000489,3.5333333333333336e-05,c
c,FromPlan,heat-3d,1,MINI,0.6022727272727273,5.8666666666666665e-05,3.5333333333333336e-05,c
c,FromPlan,heat-3d,2,MINI,0.6583850931677019,5.366666666666667e-05,3.5333333333333336e-05,c
c,FromPlan,heat-3d,3,MINI,1.0,3.5333333333333336e-05,3.5333333333333336e-05,c
c,FromPlan,heat-3d,4,MINI,0.6022727272727273,5.8666666666666665e-05,3.5333333333333336e-05,c
c,FromPlan,heat-3d,5,MINI,0.6708860759493672,5.266666666666666e-05,3.5333333333333336e-05,c
c,Naive,heat-3d,1,MINI,0.2656641604010025,0.000133,3.5333333333333336e-05,c
c,Naive,heat-3d,2,MINI,0.6503067484662577,5.433333333333334e-05,3.5333333333333336e-05,c
c,Naive,heat-3d,3,MINI,0.6463414634146342,5.466666666666667e-05,3.5333333333333336e-05,c
c,Naive,heat-3d,5,MINI,0.6543209876543211,5.399999999999999e-05,3.5333333333333336e-05,c
c,standard,heat-3d,1,MINI,1.0,3.5333333333333336e-05,3.5333333333333336e-05,c
exo,AllHints,heat-3d,1,MINI,0.03540414161656647,0.000998,3.5333333333333336e-05,c
exo,AllHints,heat-3d,3,MINI,0.03460659484165851,0.001021,3.5333333333333336e-05,c
exo,ChooseHints,heat-3d,3,MINI,0.03375796178343948,0.0010466666666666669,3.5333333333333336e-05,c
exo,ChooseHints,heat-3d,4,MINI,0.034845496383957925,0.001014,3.5333333333333336e-05,c
exo,Naive,heat-3d,2,MINI,0.03390914907229687,0.001042,3.5333333333333336e-05,c
exo,Naive,heat-3d,3,MINI,0.035345115038346114,0.0009996666666666667,3.5333333333333336e-05,c
exo,Naive,heat-3d,4,MINI,0.033779477374123644,0.001046,3.5333333333333336e-05,c
exo,standard,heat-3d,1,MINI,0.53,6.666666666666667e-05,3.5333333333333336e-05,c
exo,standard,heat-3d,2,MINI,0.5247524752475248,6.733333333333333e-05,3.5333333333333336e-05,c
exo,standard,heat-3d,3,MINI,0.47963800904977383,7.366666666666666e-05,3.5333333333333336e-05,c
exo,standard,heat-3d,4,MINI,0.5221674876847291,6.766666666666667e-05,3.5333333333333336e-05,c
exo,standard,heat-3d,5,MINI,0.527363184079602,6.7e-05,3.5333333333333336e-05,c
halide,AllHints,heat-3d,1,MINI,0.05386178861788618,0.000656,3.5333333333333336e-05,c
halide,AllHints,heat-3d,2,MINI,0.044001660440016604,0.000803,3.5333333333333336e-05,c
halide,AllHints,heat-3d,3,MINI,0.04429586293355622,0.0007976666666666666,3.5333333333333336e-05,c
halide,AllHints,heat-3d,4,MINI,0.0026295552082558115,0.013437,3.5333333333333336e-05,c
halide,AllHints,heat-3d,5,MINI,0.007808471454880295,0.004525,3.5333333333333336e-05,c
halide,ChooseHints,heat-3d,1,MINI,0.045299145299145305,0.00078,3.5333333333333336e-05,c
halide,ChooseHints,heat-3d,2,MINI,0.04118104118104119,0.0008579999999999999,3.5333333333333336e-05,c
halide,ChooseHints,heat-3d,3,MINI,0.11410118406889128,0.0003096666666666667,3.5333333333333336e-05,c
halide,ChooseHints,heat-3d,4,MINI,0.041503523884103374,0.0008513333333333333,3.5333333333333336e-05,c
halide,ChooseHints,heat-3d,5,MINI,0.0026473526473526476,0.013346666666666666,3.5333333333333336e-05,c
halide,FromPlan,heat-3d,1,MINI,0.010323334631865994,0.0034226666666666663,3.5333333333333336e-05,c
halide,FromPlan,heat-3d,2,MINI,0.10816326530612246,0.0003266666666666667,3.5333333333333336e-05,c
halide,FromPlan,heat-3d,5,MINI,0.007334624965402713,0.004817333333333333,3.5333333333333336e-05,c
halide,Naive,heat-3d,1,MINI,0.04461279461279461,0.0007920000000000001,3.5333333333333336e-05,c
halide,Naive,heat-3d,2,MINI,0.043036946812829886,0.000821,3.5333333333333336e-05,c
halide,Naive,heat-3d,3,MINI,0.008953458907002282,0.003946333333333333,3.5333333333333336e-05,c
halide,Naive,heat-3d,5,MINI,0.03974503187101613,0.000889,3.5333333333333336e-05,c
halide,standard,heat-3d,1,MINI,0.2796833773087071,0.00012633333333333333,3.5333333333333336e-05,c
halide,standard,heat-3d,2,MINI,0.26433915211970077,0.00013366666666666667,3.5333333333333336e-05,c
halide,standard,heat-3d,3,MINI,0.12031782065834279,0.0002936666666666667,3.5333333333333336e-05,c
halide,standard,heat-3d,4,MINI,0.45299145299145305,7.8e-05,3.5333333333333336e-05,c
noarr,AllHints,heat-3d,2,MINI,0.010606363818290976,0.0033313333333333333,3.5333333333333336e-05,c
noarr,AllHints,heat-3d,3,MINI,0.010815222936435057,0.0032670000000000004,3.5333333333333336e-05,c
noarr,AllHints,heat-3d,4,MINI,0.010532591414944356,0.003354666666666667,3.5333333333333336e-05,c
noarr,AllHints,heat-3d,5,MINI,0.03255528255528256,0.0010853333333333333,3.5333333333333336e-05,c
noarr,ChooseHints,heat-3d,1,MINI,0.9137931034482759,3.866666666666667e-05,3.5333333333333336e-05,c
noarr,ChooseHints,heat-3d,2,MINI,0.9137931034482759,3.866666666666667e-05,3.5333333333333336e-05,c
noarr,ChooseHints,heat-3d,3,MINI,0.9380530973451328,3.766666666666667e-05,3.5333333333333336e-05,c
noarr,ChooseHints,heat-3d,4,MINI,1.0,3.5333333333333336e-05,3.5333333333333336e-05,c
noarr,ChooseHints,heat-3d,5,MINI,0.9380530973451329,3.766666666666666e-05,3.5333333333333336e-05,c
noarr,FromPlan,heat-3d,1,MINI,0.9059829059829061,3.9e-05,3.5333333333333336e-05,c
noarr,FromPlan,heat-3d,2,MINI,0.8346456692913388,4.233333333333333e-05,3.5333333333333336e-05,c
noarr,FromPlan,heat-3d,3,MINI,0.8548387096774195,4.133333333333333e-05,3.5333333333333336e-05,c
noarr,FromPlan,heat-3d,4,MINI,0.9137931034482759,3.866666666666667e-05,3.5333333333333336e-05,c
noarr,FromPlan,heat-3d,5,MINI,0.8833333333333333,4e-05,3.5333333333333336e-05,c
noarr,Naive,heat-3d,1,MINI,0.033876637903483546,0.0010429999999999999,3.5333333333333336e-05,c
noarr,Naive,heat-3d,2,MINI,0.9059829059829061,3.9e-05,3.5333333333333336e-05,c
noarr,Naive,heat-3d,3,MINI,0.9298245614035088,3.8e-05,3.5333333333333336e-05,c
noarr,Naive,heat-3d,4,MINI,0.8153846153846153,4.333333333333334e-05,3.5333333333333336e-05,c
noarr,standard,heat-3d,1,MINI,0.9217391304347826,3.8333333333333334e-05,3.5333333333333336e-05,c
noarr,standard,heat-3d,2,MINI,0.726027397260274,4.8666666666666666e-05,3.5333333333333336e-05,c
noarr,standard,heat-3d,3,MINI,0.8617886178861789,4.1e-05,3.5333333333333336e-05,c
noarr,standard,heat-3d,4,MINI,0.8617886178861789,4.1e-05,3.5333333333333336e-05,c
noarr,standard,heat-3d,5,MINI,0.726027397260274,4.8666666666666666e-05,3.5333333333333336e-05,c
c,AllHints,jacobi-1d,1,MINI,0.002827521206409048,0.0003536666666666666,1e-06,c
c,AllHints,jacobi-1d,2,MINI,0.00297029702970297,0.0003366666666666667,1e-06,c
c,AllHints,jacobi-1d,4,MINI,0.022727272727272724,4.4000000000000006e-05,1e-06,c
c,AllHints,jacobi-1d,5,MINI,0.0028735632183908046,0.000348,1e-06,c
c,ChooseHints,jacobi-1d,2,MINI,0.0026041666666666665,0.000384,1e-06,c
c,ChooseHints,jacobi-1d,3,MINI,0.0028680688336520073,0.00034866666666666667,1e-06,c
c,ChooseHints,jacobi-1d,4,MINI,0.002901353965183752,0.0003446666666666667,1e-06,c
c,ChooseHints,jacobi-1d,5,MINI,0.0027548209366391185,0.000363,1e-06,c
c,FromPlan,jacobi-1d,2,MINI,0.003012048192771084,0.000332,1e-06,c
c,FromPlan,jacobi-1d,3,MINI,0.0029154518950437317,0.000343,1e-06,c
c,FromPlan,jacobi-1d,4,MINI,0.002949852507374631,0.00033900000000000005,1e-06,c
c,FromPlan,jacobi-1d,5,MINI,0.002884615384615384,0.0003466666666666667,1e-06,c
c,Naive,jacobi-1d,2,MINI,0.5,2e-06,1e-06,c
c,Naive,jacobi-1d,3,MINI,1.0,1e-06,1e-06,c
c,Naive,jacobi-1d,4,MINI,1.0,1e-06,1e-06,c
c,Naive,jacobi-1d,5,MINI,1.0,1e-06,1e-06,c
c,standard,jacobi-1d,1,MINI,1.0,1e-06,1e-06,c
exo,AllHints,jacobi-1d,1,MINI,0.0009523809523809524,0.00105,1e-06,c
exo,AllHints,jacobi-1d,2,MINI,0.0009658725048293626,0.0010353333333333332,1e-06,c
exo,AllHints,jacobi-1d,3,MINI,0.0009615384615384616,0.00104,1e-06,c
exo,AllHints,jacobi-1d,4,MINI,0.0009904258831297458,0.0010096666666666665,1e-06,c
exo,AllHints,jacobi-1d,5,MINI,0.0009878169245966415,0.0010123333333333332,1e-06,c
exo,ChooseHints,jacobi-1d,1,MINI,0.0010010010010010008,0.000999,1e-06,c
exo,ChooseHints,jacobi-1d,3,MINI,0.000982961992136304,0.0010173333333333334,1e-06,c
exo,ChooseHints,jacobi-1d,4,MINI,0.0009339975093399751,0.0010706666666666666,1e-06,c
exo,ChooseHints,jacobi-1d,5,MINI,0.0009699321047526672,0.001031,1e-06,c
exo,FromPlan,jacobi-1d,1,MINI,0.0009174311926605504,0.00109,1e-06,c
exo,FromPlan,jacobi-1d,4,MINI,0.0009643201542912247,0.001037,1e-06,c
exo,Naive,jacobi-1d,1,MINI,0.0009624639076034648,0.001039,1e-06,c
exo,Naive,jacobi-1d,2,MINI,0.0009765625,0.001024,1e-06,c
exo,Naive,jacobi-1d,5,MINI,0.0009689922480620153,0.0010320000000000001,1e-06,c
exo,standard,jacobi-1d,1,MINI,1.0,1e-06,1e-06,c
exo,standard,jacobi-1d,2,MINI,1.0,1e-06,1e-06,c
exo,standard,jacobi-1d,3,MINI,1.0,1e-06,1e-06,c
exo,standard,jacobi-1d,4,MINI,1.0,1e-06,1e-06,c
exo,standard,jacobi-1d,5,MINI,1.0,1e-06,1e-06,c
halide,ChooseHints,jacobi-1d,3,MINI,0.012345679012345678,8.1e-05,1e-06,c
halide,FromPlan,jacobi-1d,4,MINI,0.002583979328165375,0.000387,1e-06,c
halide,standard,jacobi-1d,2,MINI,0.024193548387096774,4.133333333333333e-05,1e-06,c
halide,standard,jacobi-1d,5,MINI,0.033707865168539325,2.9666666666666665e-05,1e-06,c
noarr,AllHints,jacobi-1d,1,MINI,0.0003176956475696283,0.0031476666666666667,1e-06,c
noarr,AllHints,jacobi-1d,2,MINI,1.0,1e-06,1e-06,c
noarr,AllHints,jacobi-1d,3,MINI,1.0,1e-06,1e-06,c
noarr,AllHints,jacobi-1d,4,MINI,0.001073729420186113,0.0009313333333333334,1e-06,c
noarr,AllHints,jacobi-1d,5,MINI,1.0,1e-06,1e-06,c
noarr,ChooseHints,jacobi-1d,1,MINI,0.0003169907016060862,0.0031546666666666667,1e-06,c
noarr,ChooseHints,jacobi-1d,2,MINI,1.0,1e-06,1e-06,c
noarr,ChooseHints,jacobi-1d,3,MINI,0.00031655587211142766,0.003159,1e-06,c
noarr,ChooseHints,jacobi-1d,4,MINI,0.00031149413352715184,0.0032103333333333337,1e-06,c
noarr,ChooseHints,jacobi-1d,5,MINI,0.0004178272980501392,0.0023933333333333337,1e-06,c
noarr,FromPlan,jacobi-1d,1,MINI,0.07142857142857142,1.4e-05,1e-06,c
noarr,FromPlan,jacobi-1d,2,MINI,1.0,1e-06,1e-06,c
noarr,FromPlan,jacobi-1d,3,MINI,0.039999999999999994,2.5e-05,1e-06,c
noarr,FromPlan,jacobi-1d,4,MINI,0.0967741935483871,1.0333333333333333e-05,1e-06,c
noarr,FromPlan,jacobi-1d,5,MINI,0.017857142857142856,5.6000000000000006e-05,1e-06,c
noarr,Naive,jacobi-1d,1,MINI,0.001072194424588992,0.0009326666666666667,1e-06,c
noarr,Naive,jacobi-1d,3,MINI,0.00030272452068617553,0.0033033333333333335,1e-06,c
noarr,Naive,jacobi-1d,4,MINI,1.0,1e-06,1e-06,c
noarr,Naive,jacobi-1d,5,MINI,1.0,1e-06,1e-06,c
noarr,standard,jacobi-1d,1,MINI,1.0,1e-06,1e-06,c
noarr,standard,jacobi-1d,2,MINI,1.0,1e-06,1e-06,c
noarr,standard,jacobi-1d,3,MINI,1.0,1e-06,1e-06,c
noarr,standard,jacobi-1d,4,MINI,1.0,1e-06,1e-06,c
noarr,standard,jacobi-1d,5,MINI,1.0,1e-06,1e-06,c
c,AllHints,jacobi-2d,1,MINI,0.08129439621152329,0.0004223333333333333,3.433333333333333e-05,c
c,AllHints,jacobi-2d,2,MINI,0.09753787878787877,0.00035200000000000005,3.433333333333333e-05,c
c,AllHints,jacobi-2d,3,MINI,0.08736217133163698,0.00039299999999999996,3.433333333333333e-05,c
c,AllHints,jacobi-2d,4,MINI,0.0954587581093605,0.0003596666666666667,3.433333333333333e-05,c
c,AllHints,jacobi-2d,5,MINI,0.3056379821958457,0.00011233333333333333,3.433333333333333e-05,c
c,ChooseHints,jacobi-2d,1,MINI,0.08313155770782889,0.000413,3.433333333333333e-05,c
c,ChooseHints,jacobi-2d,2,MINI,0.08078431372549019,0.00042500000000000003,3.433333333333333e-05,c
c,ChooseHints,jacobi-2d,3,MINI,0.08505367464905036,0.0004036666666666667,3.433333333333333e-05,c
c,ChooseHints,jacobi-2d,4,MINI,0.08484349258649093,0.00040466666666666667,3.433333333333333e-05,c
c,ChooseHints,jacobi-2d,5,MINI,0.08380797396257118,0.0004096666666666667,3.433333333333333e-05,c
c,FromPlan,jacobi-2d,1,MINI,0.9903846153846154,3.4666666666666665e-05,3.433333333333333e-05,c
c,FromPlan,jacobi-2d,2,MINI,1.0,3.433333333333333e-05,3.433333333333333e-05,c
c,FromPlan,jacobi-2d,3,MINI,0.2853185595567867,0.00012033333333333334,3.433333333333333e-05,c
c,FromPlan,jacobi-2d,4,MINI,1.0,3.433333333333333e-05,3.433333333333333e-05,c
c,FromPlan,jacobi-2d,5,MINI,0.032771237671014954,0.0010476666666666666,3.433333333333333e-05,c
c,Naive,jacobi-2d,1,MINI,1.0,3.433333333333333e-05,3.433333333333333e-05,c
c,Naive,jacobi-2d,2,MINI,0.9903846153846154,3.4666666666666665e-05,3.433333333333333e-05,c
c,Naive,jacobi-2d,3,MINI,1.0,3.433333333333333e-05,3.433333333333333e-05,c
c,Naive,jacobi-2d,4,MINI,0.08576186511240633,0.0004003333333333333,3.433333333333333e-05,c
c,standard,jacobi-2d,1,MINI,1.0,3.433333333333333e-05,3.433333333333333e-05,c
exo,AllHints,jacobi-2d,2,MINI,0.0303834808259587,0.00113,3.433333333333333e-05,c
exo,AllHints,jacobi-2d,3,MINI,0.03326873385012919,0.0010320000000000001,3.433333333333333e-05,c
exo,ChooseHints,jacobi-2d,1,MINI,0.029794619612380675,0.0011523333333333333,3.433333333333333e-05,c
exo,ChooseHints,jacobi-2d,2,MINI,0.03024075161479741,0.0011353333333333335,3.433333333333333e-05,c
exo,ChooseHints,jacobi-2d,4,MINI,0.03287583785509096,0.0010443333333333335,3.433333333333333e-05,c
exo,Naive,jacobi-2d,3,MINI,0.030267411107846018,0.0011343333333333333,3.433333333333333e-05,c
exo,standard,jacobi-2d,1,MINI,0.8174603174603174,4.2e-05,3.433333333333333e-05,c
exo,standard,jacobi-2d,2,MINI,0.824,4.1666666666666665e-05,3.433333333333333e-05,c
exo,standard,jacobi-2d,3,MINI,0.824,4.1666666666666665e-05,3.433333333333333e-05,c
exo,standard,jacobi-2d,4,MINI,0.824,4.1666666666666665e-05,3.433333333333333e-05,c
exo,standard,jacobi-2d,5,MINI,0.8110236220472441,4.233333333333333e-05,3.433333333333333e-05,c
halide,standard,jacobi-2d,3,MINI,0.24235294117647055,0.00014166666666666668,3.433333333333333e-05,c
halide,standard,jacobi-2d,4,MINI,0.4327731092436975,7.933333333333333e-05,3.433333333333333e-05,c
halide,standard,jacobi-2d,5,MINI,0.22787610619469023,0.00015066666666666668,3.433333333333333e-05,c
noarr,AllHints,jacobi-2d,1,MINI,0.010324779470729751,0.0033253333333333334,3.433333333333333e-05,c
noarr,AllHints,jacobi-2d,2,MINI,0.03325799160477882,0.0010323333333333332,3.433333333333333e-05,c
noarr,AllHints,jacobi-2d,3,MINI,0.032543443917851494,0.0010550000000000002,3.433333333333333e-05,c
noarr,AllHints,jacobi-2d,4,MINI,0.010157790927021697,0.0033799999999999998,3.433333333333333e-05,c
noarr,AllHints,jacobi-2d,5,MINI,0.010303090927278184,0.003332333333333333,3.433333333333333e-05,c
noarr,ChooseHints,jacobi-2d,1,MINI,1.03,3.333333333333333e-05,3.433333333333333e-05,c
noarr,ChooseHints,jacobi-2d,2,MINI,0.010494141619969434,0.003271666666666667,3.433333333333333e-05,c
noarr,ChooseHints,jacobi-2d,3,MINI,0.9903846153846154,3.4666666666666665e-05,3.433333333333333e-05,c
noarr,ChooseHints,jacobi-2d,4,MINI,0.033561420658194854,0.0010229999999999998,3.433333333333333e-05,c
noarr,ChooseHints,jacobi-2d,5,MINI,0.03163390663390663,0.0010853333333333333,3.433333333333333e-05,c
noarr,FromPlan,jacobi-2d,1,MINI,0.824,4.1666666666666665e-05,3.433333333333333e-05,c
noarr,FromPlan,jacobi-2d,2,MINI,0.824,4.1666666666666665e-05,3.433333333333333e-05,c
noarr,FromPlan,jacobi-2d,3,MINI,0.944954128440367,3.633333333333333e-05,3.433333333333333e-05,c
noarr,FromPlan,jacobi-2d,4,MINI,0.8583333333333333,4e-05,3.433333333333333e-05,c
noarr,FromPlan,jacobi-2d,5,MINI,0.944954128440367,3.633333333333333e-05,3.433333333333333e-05,c
noarr,Naive,jacobi-2d,1,MINI,0.0332258064516129,0.0010333333333333334,3.433333333333333e-05,c
noarr,Naive,jacobi-2d,2,MINI,0.9716981132075471,3.5333333333333336e-05,3.433333333333333e-05,c
noarr,Naive,jacobi-2d,3,MINI,0.03351773511226814,0.0010243333333333335,3.433333333333333e-05,c
noarr,Naive,jacobi-2d,5,MINI,0.9537037037037036,3.6e-05,3.433333333333333e-05,c
noarr,standard,jacobi-2d,1,MINI,0.9903846153846154,3.4666666666666665e-05,3.433333333333333e-05,c
noarr,standard,jacobi-2d,2,MINI,1.0,3.433333333333333e-05,3.433333333333333e-05,c
noarr,standard,jacobi-2d,3,MINI,1.1444444444444444,3e-05,3.433333333333333e-05,c
noarr,standard,jacobi-2d,4,MINI,1.0,3.433333333333333e-05,3.433333333333333e-05,c
noarr,standard,jacobi-2d,5,MINI,0.9903846153846154,3.4666666666666665e-05,3.433333333333333e-05,c
c,AllHints,lu,1,MINI,1.111111111111111,2.7000000000000002e-05,3e-05,c
c,AllHints,lu,2,MINI,0.8910891089108911,3.366666666666667e-05,3e-05,c
c,AllHints,lu,3,MINI,0.028800000000000003,0.0010416666666666667,3e-05,c
c,AllHints,lu,4,MINI,1.2328767123287672,2.4333333333333333e-05,3e-05,c
c,AllHints,lu,5,MINI,1.111111111111111,2.7000000000000002e-05,3e-05,c
c,ChooseHints,lu,1,MINI,1.1111111111111114,2.6999999999999996e-05,3e-05,c
c,ChooseHints,lu,2,MINI,1.2676056338028168,2.3666666666666668e-05,3e-05,c
c,ChooseHints,lu,3,MINI,1.1842105263157896,2.5333333333333334e-05,3e-05,c
c,ChooseHints,lu,4,MINI,1.2857142857142856,2.3333333333333336e-05,3e-05,c
c,ChooseHints,lu,5,MINI,0.16042780748663102,0.000187,3e-05,c
c,FromPlan,lu,1,MINI,1.4062500000000002,2.133333333333333e-05,3e-05,c
c,FromPlan,lu,2,MINI,0.3249097472924188,9.233333333333333e-05,3e-05,c
c,FromPlan,lu,3,MINI,0.9782608695652173,3.066666666666667e-05,3e-05,c
c,FromPlan,lu,4,MINI,1.153846153846154,2.6e-05,3e-05,c
c,FromPlan,lu,5,MINI,2.903225806451613,1.0333333333333333e-05,3e-05,c
c,Naive,lu,1,MINI,1.1249999999999998,2.666666666666667e-05,3e-05,c
c,Naive,lu,2,MINI,0.989010989010989,3.0333333333333333e-05,3e-05,c
c,Naive,lu,3,MINI,1.097560975609756,2.7333333333333335e-05,3e-05,c
c,Naive,lu,4,MINI,1.0714285714285714,2.8e-05,3e-05,c
c,Naive,lu,5,MINI,1.1842105263157896,2.5333333333333334e-05,3e-05,c
c,standard,lu,1,MINI,1.0,3e-05,3e-05,c
exo,AllHints,lu,1,MINI,0.03034389750505732,0.0009886666666666666,3e-05,c
exo,AllHints,lu,2,MINI,0.029801324503311254,0.0010066666666666668,3e-05,c
exo,AllHints,lu,3,MINI,0.030080213903743314,0.0009973333333333334,3e-05,c
exo,AllHints,lu,4,MINI,0.0017663683466792276,0.016984,3e-05,c
exo,AllHints,lu,5,MINI,0.5454545454545454,5.5e-05,3e-05,c
exo,ChooseHints,lu,1,MINI,0.8411214953271028,3.566666666666667e-05,3e-05,c
exo,ChooseHints,lu,2,MINI,0.030601836110166612,0.0009803333333333333,3e-05,c
exo,ChooseHints,lu,3,MINI,1.0344827586206897,2.9e-05,3e-05,c
exo,FromPlan,lu,3,MINI,0.7258064516129032,4.133333333333333e-05,3e-05,c
exo,Naive,lu,1,MINI,0.8823529411764706,3.4e-05,3e-05,c
exo,Naive,lu,2,MINI,0.8571428571428572,3.5e-05,3e-05,c
exo,Naive,lu,3,MINI,1.0227272727272727,2.9333333333333333e-05,3e-05,c
exo,Naive,lu,4,MINI,0.03049813622500847,0.0009836666666666668,3e-05,c
exo,Naive,lu,5,MINI,0.8411214953271028,3.566666666666667e-05,3e-05,c
exo,standard,lu,1,MINI,0.9574468085106383,3.1333333333333334e-05,3e-05,c
exo,standard,lu,2,MINI,0.9278350515463919,3.233333333333333e-05,3e-05,c
exo,standard,lu,3,MINI,0.8490566037735848,3.5333333333333336e-05,3e-05,c
exo,standard,lu,4,MINI,0.967741935483871,3.1e-05,3e-05,c
exo,standard,lu,5,MINI,0.9090909090909091,3.3e-05,3e-05,c
halide,ChooseHints,lu,2,MINI,0.03614457831325301,0.00083,3e-05,c
halide,ChooseHints,lu,4,MINI,0.03288271830471319,0.0009123333333333332,3e-05,c
halide,ChooseHints,lu,5,MINI,0.02105755732335049,0.0014246666666666667,3e-05,c
halide,FromPlan,lu,5,MINI,0.021316911416390336,0.0014073333333333334,3e-05,c
halide,standard,lu,1,MINI,0.020325203252032523,0.0014759999999999999,3e-05,c
halide,standard,lu,5,MINI,0.022118456623248958,0.0013563333333333333,3e-05,c
noarr,AllHints,lu,1,MINI,1.3043478260869565,2.3e-05,3e-05,c
noarr,AllHints,lu,2,MINI,1.1250000000000002,2.6666666666666663e-05,3e-05,c
noarr,AllHints,lu,3,MINI,1.7647058823529411,1.7e-05,3e-05,c
noarr,AllHints,lu,4,MINI,1.3846153846153848,2.1666666666666664e-05,3e-05,c
noarr,AllHints,lu,5,MINI,1.7307692307692306,1.7333333333333336e-05,3e-05,c
noarr,ChooseHints,lu,1,MINI,1.3636363636363635,2.2000000000000003e-05,3e-05,c
noarr,ChooseHints,lu,2,MINI,1.2676056338028168,2.3666666666666668e-05,3e-05,c
noarr,ChooseHints,lu,3,MINI,1.0227272727272727,2.9333333333333333e-05,3e-05,c
noarr,ChooseHints,lu,5,MINI,1.2328767123287672,2.4333333333333333e-05,3e-05,c
noarr,FromPlan,lu,1,MINI,1.3043478260869565,2.3e-05,3e-05,c
noarr,FromPlan,lu,2,MINI,1.4285714285714286,2.1e-05,3e-05,c
noarr,FromPlan,lu,3,MINI,1.7647058823529411,1.7e-05,3e-05,c
noarr,FromPlan,lu,4,MINI,1.5,2e-05,3e-05,c
noarr,FromPlan,lu,5,MINI,1.139240506329114,2.633333333333333e-05,3e-05,c
noarr,Naive,lu,1,MINI,1.2676056338028168,2.3666666666666668e-05,3e-05,c
noarr,Naive,lu,2,MINI,1.1842105263157896,2.5333333333333334e-05,3e-05,c
noarr,Naive,lu,3,MINI,1.4285714285714286,2.1e-05,3e-05,c
noarr,Naive,lu,4,MINI,1.0714285714285714,2.8e-05,3e-05,c
noarr,standard,lu,2,MINI,1.097560975609756,2.7333333333333335e-05,3e-05,c
noarr,standard,lu,5,MINI,1.0465116279069768,2.8666666666666668e-05,3e-05,c
c,AllHints,ludcmp,1,MINI,0.9157894736842106,3.1666666666666666e-05,2.9e-05,c
c,AllHints,ludcmp,2,MINI,1.1600000000000001,2.4999999999999998e-05,2.9e-05,c
c,AllHints,ludcmp,3,MINI,1.0357142857142858,2.8e-05,2.9e-05,c
c,AllHints,ludcmp,5,MINI,1.0609756097560976,2.7333333333333335e-05,2.9e-05,c
c,ChooseHints,ludcmp,1,MINI,0.027230046948356807,0.001065,2.9e-05,c
c,ChooseHints,ludcmp,2,MINI,0.2909698996655518,9.966666666666667e-05,2.9e-05,c
c,ChooseHints,ludcmp,3,MINI,1.2428571428571429,2.3333333333333332e-05,2.9e-05,c
c,ChooseHints,ludcmp,4,MINI,0.30419580419580416,9.533333333333334e-05,2.9e-05,c
c,ChooseHints,ludcmp,5,MINI,0.03168244719592134,0.0009153333333333334,2.9e-05,c
c,FromPlan,ludcmp,1,MINI,1.0357142857142858,2.8e-05,2.9e-05,c
c,FromPlan,ludcmp,3,MINI,1.2428571428571427,2.3333333333333336e-05,2.9e-05,c
c,FromPlan,ludcmp,4,MINI,1.0,2.9e-05,2.9e-05,c
c,FromPlan,ludcmp,5,MINI,1.2794117647058822,2.2666666666666668e-05,2.9e-05,c
c,Naive,ludcmp,2,MINI,1.2083333333333333,2.4e-05,2.9e-05,c
c,Naive,ludcmp,3,MINI,0.8877551020408164,3.266666666666666e-05,2.9e-05,c
c,Naive,ludcmp,4,MINI,0.90625,3.2e-05,2.9e-05,c
c,standard,ludcmp,1,MINI,1.0,2.9e-05,2.9e-05,c
exo,AllHints,ludcmp,2,MINI,0.8446601941747574,3.433333333333333e-05,2.9e-05,c
exo,AllHints,ludcmp,5,MINI,0.02667893284268629,0.001087,2.9e-05,c
exo,ChooseHints,ludcmp,1,MINI,0.8285714285714286,3.5e-05,2.9e-05,c
exo,ChooseHints,ludcmp,3,MINI,0.026276049531863487,0.0011036666666666666,2.9e-05,c
exo,ChooseHints,ludcmp,4,MINI,0.7909090909090909,3.6666666666666666e-05,2.9e-05,c
exo,FromPlan,ludcmp,3,MINI,0.0013226507745868617,0.021925666666666666,2.9e-05,c
exo,Naive,ludcmp,1,MINI,0.9560439560439561,3.0333333333333333e-05,2.9e-05,c
exo,Naive,ludcmp,2,MINI,0.925531914893617,3.1333333333333334e-05,2.9e-05,c
exo,Naive,ludcmp,3,MINI,0.6850393700787402,4.233333333333333e-05,2.9e-05,c
exo,Naive,ludcmp,5,MINI,0.8613861386138614,3.366666666666667e-05,2.9e-05,c
exo,standard,ludcmp,1,MINI,0.925531914893617,3.1333333333333334e-05,2.9e-05,c
exo,standard,ludcmp,2,MINI,0.9354838709677419,3.1e-05,2.9e-05,c
exo,standard,ludcmp,3,MINI,0.9354838709677419,3.1e-05,2.9e-05,c
exo,standard,ludcmp,4,MINI,0.9157894736842106,3.1666666666666666e-05,2.9e-05,c
exo,standard,ludcmp,5,MINI,0.9354838709677419,3.1e-05,2.9e-05,c
halide,AllHints,ludcmp,2,MINI,0.01914612676056338,0.0015146666666666668,2.9e-05,c
halide,AllHints,ludcmp,4,MINI,0.031833150384193196,0.0009109999999999999,2.9e-05,c
halide,ChooseHints,ludcmp,1,MINI,0.019095697980684813,0.0015186666666666666,2.9e-05,c
halide,Naive,ludcmp,3,MINI,0.03284258210645526,0.000883,2.9e-05,c
halide,standard,ludcmp,3,MINI,0.019273371732388127,0.0015046666666666665,2.9e-05,c
noarr,AllHints,ludcmp,1,MINI,1.0116279069767442,2.8666666666666668e-05,2.9e-05,c
noarr,AllHints,ludcmp,2,MINI,1.0,2.9e-05,2.9e-05,c
noarr,AllHints,ludcmp,3,MINI,0.7837837837837837,3.7000000000000005e-05,2.9e-05,c
noarr,AllHints,ludcmp,4,MINI,1.16,2.5e-05,2.9e-05,c
noarr,AllHints,ludcmp,5,MINI,1.1153846153846154,2.6e-05,2.9e-05,c
noarr,ChooseHints,ludcmp,1,MINI,0.8787878787878787,3.3e-05,2.9e-05,c
noarr,ChooseHints,ludcmp,2,MINI,1.0875000000000001,2.6666666666666663e-05,2.9e-05,c
noarr,ChooseHints,ludcmp,3,MINI,1.0,2.9e-05,2.9e-05,c
noarr,ChooseHints,ludcmp,4,MINI,1.1153846153846154,2.6e-05,2.9e-05,c
noarr,ChooseHints,ludcmp,5,MINI,0.9666666666666667,3e-05,2.9e-05,c
noarr,FromPlan,ludcmp,1,MINI,1.0740740740740742,2.6999999999999996e-05,2.9e-05,c
noarr,FromPlan,ludcmp,2,MINI,1.0481927710843373,2.7666666666666667e-05,2.9e-05,c
noarr,FromPlan,ludcmp,3,MINI,1.1012658227848102,2.633333333333333e-05,2.9e-05,c
noarr,FromPlan,ludcmp,5,MINI,1.16,2.5e-05,2.9e-05,c
noarr,Naive,ludcmp,1,MINI,1.0481927710843373,2.7666666666666667e-05,2.9e-05,c
noarr,Naive,ludcmp,2,MINI,1.0116279069767442,2.8666666666666668e-05,2.9e-05,c
noarr,Naive,ludcmp,3,MINI,1.1012658227848102,2.633333333333333e-05,2.9e-05,c
noarr,Naive,ludcmp,4,MINI,1.1153846153846154,2.6e-05,2.9e-05,c
noarr,Naive,ludcmp,5,MINI,1.1012658227848102,2.633333333333333e-05,2.9e-05,c
noarr,standard,ludcmp,1,MINI,1.1153846153846154,2.6e-05,2.9e-05,c
c,AllHints,mvt,1,MINI,2.166666666666667,2e-06,4.333333333333334e-06,c
c,AllHints,mvt,2,MINI,0.10156250000000003,4.266666666666666e-05,4.333333333333334e-06,c
c,AllHints,mvt,4,MINI,0.0760233918128655,5.7e-05,4.333333333333334e-06,c
c,AllHints,mvt,5,MINI,0.6500000000000001,6.666666666666666e-06,4.333333333333334e-06,c
c,ChooseHints,mvt,1,MINI,0.3939393939393939,1.1000000000000001e-05,4.333333333333334e-06,c
c,ChooseHints,mvt,2,MINI,0.036111111111111115,0.00012,4.333333333333334e-06,c
c,ChooseHints,mvt,3,MINI,1.181818181818182,3.6666666666666666e-06,4.333333333333334e-06,c
c,ChooseHints,mvt,5,MINI,0.590909090909091,7.333333333333333e-06,4.333333333333334e-06,c
c,FromPlan,mvt,1,MINI,1.4444444444444446,3e-06,4.333333333333334e-06,c
c,FromPlan,mvt,2,MINI,1.3000000000000003,3.333333333333333e-06,4.333333333333334e-06,c
c,FromPlan,mvt,3,MINI,2.166666666666667,2e-06,4.333333333333334e-06,c
c,FromPlan,mvt,4,MINI,1.8571428571428574,2.333333333333333e-06,4.333333333333334e-06,c
c,FromPlan,mvt,5,MINI,2.166666666666667,2e-06,4.333333333333334e-06,c
c,Naive,mvt,1,MINI,2.166666666666667,2e-06,4.333333333333334e-06,c
c,Naive,mvt,2,MINI,2.166666666666667,2e-06,4.333333333333334e-06,c
c,Naive,mvt,3,MINI,1.6250000000000004,2.6666666666666664e-06,4.333333333333334e-06,c
c,Naive,mvt,4,MINI,1.4444444444444446,3e-06,4.333333333333334e-06,c
c,Naive,mvt,5,MINI,2.6000000000000005,1.6666666666666665e-06,4.333333333333334e-06,c
c,standard,mvt,1,MINI,1.0,4.333333333333334e-06,4.333333333333334e-06,c
exo,AllHints,mvt,1,MINI,0.07558139534883722,5.7333333333333336e-05,4.333333333333334e-06,c
exo,AllHints,mvt,2,MINI,0.05990783410138249,7.233333333333333e-05,4.333333333333334e-06,c
exo,AllHints,mvt,3,MINI,0.07926829268292683,5.466666666666667e-05,4.333333333333334e-06,c
exo,AllHints,mvt,4,MINI,0.07065217391304349,6.133333333333334e-05,4.333333333333334e-06,c
exo,AllHints,mvt,5,MINI,0.13000000000000003,3.333333333333333e-05,4.333333333333334e-06,c
exo,ChooseHints,mvt,1,MINI,0.12149532710280375,3.566666666666667e-05,4.333333333333334e-06,c
exo,ChooseHints,mvt,2,MINI,0.13131313131313135,3.2999999999999996e-05,4.333333333333334e-06,c
exo,ChooseHints,mvt,3,MINI,0.07471264367816093,5.8e-05,4.333333333333334e-06,c
exo,ChooseHints,mvt,4,MINI,1.0,4.333333333333334e-06,4.333333333333334e-06,c
exo,ChooseHints,mvt,5,MINI,0.0742857142857143,5.833333333333333e-05,4.333333333333334e-06,c
exo,FromPlan,mvt,2,MINI,0.11926605504587158,3.633333333333333e-05,4.333333333333334e-06,c
exo,FromPlan,mvt,3,MINI,0.003988953666768948,0.0010863333333333332,4.333333333333334e-06,c
exo,FromPlan,mvt,4,MINI,0.0038156736131493983,0.0011356666666666668,4.333333333333334e-06,c
exo,Naive,mvt,2,MINI,0.05726872246696037,7.566666666666666e-05,4.333333333333334e-06,c
exo,Naive,mvt,3,MINI,1.0,4.333333333333334e-06,4.333333333333334e-06,c
exo,Naive,mvt,4,MINI,0.12871287128712872,3.366666666666667e-05,4.333333333333334e-06,c
exo,standard,mvt,1,MINI,0.7647058823529412,5.666666666666667e-06,4.333333333333334e-06,c
exo,standard,mvt,2,MINI,0.7647058823529412,5.666666666666667e-06,4.333333333333334e-06,c
exo,standard,mvt,3,MINI,0.8666666666666667,5e-06,4.333333333333334e-06,c
exo,standard,mvt,4,MINI,0.8666666666666667,5e-06,4.333333333333334e-06,c
exo,standard,mvt,5,MINI,0.8666666666666667,5e-06,4.333333333333334e-06,c
halide,AllHints,mvt,3,MINI,0.03485254691689008,0.00012433333333333334,4.333333333333334e-06,c
halide,AllHints,mvt,5,MINI,0.0014196789341487388,0.0030523333333333335,4.333333333333334e-06,c
halide,ChooseHints,mvt,2,MINI,0.009292351679771266,0.00046633333333333336,4.333333333333334e-06,c
halide,FromPlan,mvt,5,MINI,0.021996615905245348,0.00019700000000000002,4.333333333333334e-06,c
halide,Naive,mvt,2,MINI,0.026369168356997978,0.0001643333333333333,4.333333333333334e-06,c
halide,Naive,mvt,3,MINI,0.020733652312599684,0.00020899999999999998,4.333333333333334e-06,c
halide,standard,mvt,1,MINI,0.25490196078431376,1.7e-05,4.333333333333334e-06,c
halide,standard,mvt,2,MINI,0.2280701754385965,1.9e-05,4.333333333333334e-06,c
halide,standard,mvt,3,MINI,0.24528301886792453,1.7666666666666668e-05,4.333333333333334e-06,c
halide,standard,mvt,4,MINI,0.2280701754385965,1.9e-05,4.333333333333334e-06,c
halide,standard,mvt,5,MINI,0.23636363636363641,1.8333333333333333e-05,4.333333333333334e-06,c
noarr,AllHints,mvt,1,MINI,0.0018465909090909095,0.0023466666666666666,4.333333333333334e-06,c
noarr,AllHints,mvt,2,MINI,2.166666666666667,2e-06,4.333333333333334e-06,c
noarr,AllHints,mvt,3,MINI,0.0019112025874742724,0.0022673333333333334,4.333333333333334e-06,c
noarr,AllHints,mvt,4,MINI,0.0018410989944767032,0.0023536666666666667,4.333333333333334e-06,c
noarr,AllHints,mvt,5,MINI,2.166666666666667,2e-06,4.333333333333334e-06,c
noarr,ChooseHints,mvt,1,MINI,2.166666666666667,2e-06,4.333333333333334e-06,c
noarr,ChooseHints,mvt,2,MINI,2.166666666666667,2e-06,4.333333333333334e-06,c
noarr,ChooseHints,mvt,3,MINI,2.166666666666667,2e-06,4.333333333333334e-06,c
noarr,ChooseHints,mvt,4,MINI,2.166666666666667,2e-06,4.333333333333334e-06,c
noarr,ChooseHints,mvt,5,MINI,2.166666666666667,2e-06,4.333333333333334e-06,c
noarr,FromPlan,mvt,1,MINI,2.166666666666667,2e-06,4.333333333333334e-06,c
noarr,FromPlan,mvt,2,MINI,1.0833333333333335,4e-06,4.333333333333334e-06,c
noarr,FromPlan,mvt,3,MINI,1.0833333333333335,4e-06,4.333333333333334e-06,c
noarr,FromPlan,mvt,4,MINI,2.166666666666667,2e-06,4.333333333333334e-06,c
noarr,FromPlan,mvt,5,MINI,2.166666666666667,2e-06,4.333333333333334e-06,c
noarr,Naive,mvt,1,MINI,1.4444444444444446,3e-06,4.333333333333334e-06,c
noarr,Naive,mvt,2,MINI,1.0833333333333335,4e-06,4.333333333333334e-06,c
noarr,Naive,mvt,3,MINI,2.166666666666667,2e-06,4.333333333333334e-06,c
noarr,Naive,mvt,4,MINI,2.166666666666667,2e-06,4.333333333333334e-06,c
noarr,Naive,mvt,5,MINI,2.166666666666667,2e-06,4.333333333333334e-06,c
noarr,standard,mvt,1,MINI,1.4444444444444446,3e-06,4.333333333333334e-06,c
noarr,standard,mvt,2,MINI,1.4444444444444446,3e-06,4.333333333333334e-06,c
noarr,standard,mvt,3,MINI,1.4444444444444446,3e-06,4.333333333333334e-06,c
noarr,standard,mvt,4,MINI,1.4444444444444446,3e-06,4.333333333333334e-06,c
noarr,standard,mvt,5,MINI,1.4444444444444446,3e-06,4.333333333333334e-06,c
c,AllHints,nussinov,1,MINI,0.7861915367483298,0.00014966666666666665,0.00011766666666666668,c
c,AllHints,nussinov,3,MINI,0.08438919435811619,0.0013943333333333334,0.00011766666666666668,c
c,AllHints,nussinov,5,MINI,0.38833883388338836,0.000303,0.00011766666666666668,c
c,ChooseHints,nussinov,1,MINI,0.3922222222222223,0.0003,0.00011766666666666668,c
c,ChooseHints,nussinov,2,MINI,0.15475668566418238,0.0007603333333333333,0.00011766666666666668,c
c,ChooseHints,nussinov,4,MINI,0.1577301161751564,0.000746,0.00011766666666666668,c
c,ChooseHints,nussinov,5,MINI,0.39091915836101887,0.000301,0.00011766666666666668,c
c,FromPlan,nussinov,1,MINI,2.1393939393939396,5.5e-05,0.00011766666666666668,c
c,FromPlan,nussinov,3,MINI,0.08707449432659102,0.0013513333333333335,0.00011766666666666668,c
c,FromPlan,nussinov,4,MINI,0.6192982456140352,0.00018999999999999998,0.00011766666666666668,c
c,FromPlan,nussinov,5,MINI,2.27741935483871,5.1666666666666664e-05,0.00011766666666666668,c
c,Naive,nussinov,1,MINI,2.2062500000000003,5.3333333333333326e-05,0.00011766666666666668,c
c,Naive,nussinov,2,MINI,1.8877005347593583,6.233333333333334e-05,0.00011766666666666668,c
c,Naive,nussinov,3,MINI,1.8877005347593583,6.233333333333334e-05,0.00011766666666666668,c
c,Naive,nussinov,5,MINI,1.8776595744680853,6.266666666666667e-05,0.00011766666666666668,c
c,standard,nussinov,1,MINI,1.0,0.00011766666666666668,0.00011766666666666668,c
exo,AllHints,nussinov,2,MINI,0.0826310861423221,0.001424,0.00011766666666666668,c
exo,AllHints,nussinov,3,MINI,0.08035511040291374,0.0014643333333333333,0.00011766666666666668,c
exo,AllHints,nussinov,5,MINI,0.0818455831207976,0.0014376666666666667,0.00011766666666666668,c
exo,ChooseHints,nussinov,1,MINI,1.161184210526316,0.00010133333333333333,0.00011766666666666668,c
exo,ChooseHints,nussinov,2,MINI,0.08343181281021035,0.0014103333333333335,0.00011766666666666668,c
exo,ChooseHints,nussinov,3,MINI,0.0815807718973885,0.0014423333333333334,0.00011766666666666668,c
exo,ChooseHints,nussinov,4,MINI,0.0825924192793636,0.0014246666666666667,0.00011766666666666668,c
exo,ChooseHints,nussinov,5,MINI,0.08152424942263278,0.0014433333333333336,0.00011766666666666668,c
exo,FromPlan,nussinov,1,MINI,0.0839277223014741,0.0014019999999999998,0.00011766666666666668,c
exo,FromPlan,nussinov,4,MINI,1.2652329749103943,9.3e-05,0.00011766666666666668,c
exo,Naive,nussinov,1,MINI,0.9943661971830986,0.00011833333333333334,0.00011766666666666668,c
exo,Naive,nussinov,2,MINI,1.0261627906976745,0.00011466666666666667,0.00011766666666666668,c
exo,standard,nussinov,1,MINI,1.0382352941176471,0.00011333333333333334,0.00011766666666666668,c
exo,standard,nussinov,2,MINI,1.041297935103245,0.000113,0.00011766666666666668,c
exo,standard,nussinov,3,MINI,0.9805555555555557,0.00011999999999999999,0.00011766666666666668,c
exo,standard,nussinov,5,MINI,1.2743682310469315,9.233333333333333e-05,0.00011766666666666668,c
halide,AllHints,nussinov,4,MINI,0.815242494226328,0.00014433333333333334,0.00011766666666666668,c
halide,ChooseHints,nussinov,1,MINI,0.09743306651945903,0.0012076666666666666,0.00011766666666666668,c
halide,standard,nussinov,3,MINI,0.07005358205993253,0.0016796666666666668,0.00011766666666666668,c
halide,standard,nussinov,4,MINI,0.06028005464480875,0.001952,0.00011766666666666668,c
c,AllHints,seidel-2d,1,MINI,1.384318766066838,0.00025933333333333337,0.000359,c
c,AllHints,seidel-2d,2,MINI,0.953941541186891,0.00037633333333333334,0.000359,c
c,AllHints,seidel-2d,3,MINI,0.9158163265306123,0.000392,0.000359,c
c,AllHints,seidel-2d,4,MINI,0.899749373433584,0.000399,0.000359,c
c,AllHints,seidel-2d,5,MINI,1.2929171668667467,0.0002776666666666667,0.000359,c
c,ChooseHints,seidel-2d,1,MINI,1.3530150753768844,0.00026533333333333335,0.000359,c
c,ChooseHints,seidel-2d,2,MINI,0.9505736981465138,0.0003776666666666666,0.000359,c
c,ChooseHints,seidel-2d,3,MINI,1.8161888701517708,0.00019766666666666666,0.000359,c
c,ChooseHints,seidel-2d,4,MINI,0.9808743169398907,0.000366,0.000359,c
c,ChooseHints,seidel-2d,5,MINI,1.1966666666666668,0.0003,0.000359,c
c,FromPlan,seidel-2d,1,MINI,1.8994708994708993,0.000189,0.000359,c
c,FromPlan,seidel-2d,2,MINI,1.8730434782608696,0.00019166666666666667,0.000359,c
c,FromPlan,seidel-2d,3,MINI,1.940540540540541,0.00018499999999999997,0.000359,c
c,FromPlan,seidel-2d,4,MINI,1.8994708994708993,0.000189,0.000359,c
c,FromPlan,seidel-2d,5,MINI,1.9335727109515262,0.00018566666666666666,0.000359,c
c,Naive,seidel-2d,2,MINI,0.899749373433584,0.000399,0.000359,c
c,Naive,seidel-2d,3,MINI,1.3445692883895133,0.000267,0.000359,c
c,Naive,seidel-2d,4,MINI,1.1494130202774815,0.0003123333333333333,0.000359,c
c,Naive,seidel-2d,5,MINI,1.0208530805687204,0.00035166666666666663,0.000359,c
c,standard,seidel-2d,1,MINI,1.0,0.000359,0.000359,c
exo,AllHints,seidel-2d,1,MINI,0.9953789279112754,0.0003606666666666667,0.000359,c
exo,ChooseHints,seidel-2d,1,MINI,0.8609112709832134,0.000417,0.000359,c
exo,FromPlan,seidel-2d,2,MINI,0.9633273703041144,0.0003726666666666667,0.000359,c
exo,FromPlan,seidel-2d,3,MINI,0.9472295514511874,0.000379,0.000359,c
exo,Naive,seidel-2d,3,MINI,0.7366621067031464,0.0004873333333333333,0.000359,c
exo,standard,seidel-2d,1,MINI,1.0,0.000359,0.000359,c
exo,standard,seidel-2d,2,MINI,0.9908003679852805,0.0003623333333333334,0.000359,c
exo,standard,seidel-2d,3,MINI,0.9880733944954128,0.00036333333333333335,0.000359,c
exo,standard,seidel-2d,4,MINI,1.0141242937853108,0.000354,0.000359,c
exo,standard,seidel-2d,5,MINI,1.0141242937853108,0.000354,0.000359,c
halide,standard,seidel-2d,1,MINI,2.398663697104677,0.00014966666666666665,0.000359,c
halide,standard,seidel-2d,3,MINI,0.07738180773099584,0.004639333333333333,0.000359,c
noarr,AllHints,seidel-2d,1,MINI,1.0335892514395393,0.00034733333333333334,0.000359,c
noarr,AllHints,seidel-2d,2,MINI,1.4398395721925132,0.00024933333333333334,0.000359,c
noarr,AllHints,seidel-2d,3,MINI,1.318237454100367,0.00027233333333333336,0.000359,c
noarr,AllHints,seidel-2d,4,MINI,1.4713114754098362,0.000244,0.000359,c
noarr,AllHints,seidel-2d,5,MINI,1.2060470324748043,0.0002976666666666666,0.000359,c
noarr,ChooseHints,seidel-2d,1,MINI,1.4834710743801653,0.000242,0.000359,c
noarr,ChooseHints,seidel-2d,2,MINI,1.2210884353741498,0.000294,0.000359,c
noarr,ChooseHints,seidel-2d,3,MINI,1.0867810292633702,0.00033033333333333336,0.000359,c
noarr,ChooseHints,seidel-2d,4,MINI,1.0727091633466135,0.00033466666666666665,0.000359,c
noarr,ChooseHints,seidel-2d,5,MINI,1.2252559726962455,0.000293,0.000359,c
noarr,FromPlan,seidel-2d,1,MINI,1.0103189493433395,0.00035533333333333337,0.000359,c
noarr,FromPlan,seidel-2d,2,MINI,1.4321808510638299,0.00025066666666666667,0.000359,c
noarr,FromPlan,seidel-2d,3,MINI,0.9944598337950139,0.000361,0.000359,c
noarr,FromPlan,seidel-2d,4,MINI,0.9944598337950139,0.000361,0.000359,c
noarr,Naive,seidel-2d,1,MINI,1.1012269938650308,0.00032599999999999996,0.000359,c
noarr,Naive,seidel-2d,2,MINI,1.4534412955465588,0.000247,0.000359,c
noarr,Naive,seidel-2d,3,MINI,1.4773662551440327,0.00024300000000000002,0.000359,c
noarr,Naive,seidel-2d,4,MINI,1.0813253012048194,0.000332,0.000359,c
noarr,Naive,seidel-2d,5,MINI,1.4753424657534246,0.00024333333333333333,0.000359,c
noarr,standard,seidel-2d,1,MINI,1.0945121951219512,0.000328,0.000359,c
noarr,standard,seidel-2d,2,MINI,1.0967413441955194,0.00032733333333333334,0.000359,c
noarr,standard,seidel-2d,3,MINI,1.1012269938650308,0.00032599999999999996,0.000359,c
noarr,standard,seidel-2d,4,MINI,1.0956256358087488,0.00032766666666666664,0.000359,c
noarr,standard,seidel-2d,5,MINI,1.0978593272171253,0.00032700000000000003,0.000359,c
c,AllHints,symm,1,MINI,0.17302052785923755,0.00011366666666666666,1.9666666666666666e-05,c
c,AllHints,symm,2,MINI,4.916666666666667,4e-06,1.9666666666666666e-05,c
c,AllHints,symm,3,MINI,0.07239263803680981,0.00027166666666666664,1.9666666666666666e-05,c
c,AllHints,symm,4,MINI,0.0108098204470502,0.0018193333333333334,1.9666666666666666e-05,c
c,AllHints,symm,5,MINI,0.36875,5.3333333333333326e-05,1.9666666666666666e-05,c
c,ChooseHints,symm,1,MINI,4.916666666666667,4e-06,1.9666666666666666e-05,c
c,ChooseHints,symm,2,MINI,0.5412844036697247,3.633333333333333e-05,1.9666666666666666e-05,c
c,ChooseHints,symm,3,MINI,0.48360655737704916,4.066666666666667e-05,1.9666666666666666e-05,c
c,ChooseHints,symm,4,MINI,0.5784313725490197,3.399999999999999e-05,1.9666666666666666e-05,c
c,ChooseHints,symm,5,MINI,0.07384230287859825,0.0002663333333333333,1.9666666666666666e-05,c
c,FromPlan,symm,1,MINI,4.2142857142857135,4.666666666666667e-06,1.9666666666666666e-05,c
c,FromPlan,symm,2,MINI,4.916666666666667,4e-06,1.9666666666666666e-05,c
c,FromPlan,symm,3,MINI,4.538461538461537,4.333333333333334e-06,1.9666666666666666e-05,c
c,FromPlan,symm,4,MINI,4.916666666666667,4e-06,1.9666666666666666e-05,c
c,FromPlan,symm,5,MINI,4.916666666666667,4e-06,1.9666666666666666e-05,c
c,Naive,symm,1,MINI,4.2142857142857135,4.666666666666667e-06,1.9666666666666666e-05,c
c,Naive,symm,2,MINI,5.363636363636363,3.6666666666666666e-06,1.9666666666666666e-05,c
c,Naive,symm,3,MINI,5.363636363636363,3.6666666666666666e-06,1.9666666666666666e-05,c
c,Naive,symm,4,MINI,1.4047619047619047,1.4e-05,1.9666666666666666e-05,c
c,Naive,symm,5,MINI,1.5945945945945945,1.2333333333333333e-05,1.9666666666666666e-05,c
c,standard,symm,1,MINI,1.0,1.9666666666666666e-05,1.9666666666666666e-05,c
exo,AllHints,symm,2,MINI,0.18042813455657492,0.000109,1.9666666666666666e-05,c
exo,AllHints,symm,5,MINI,0.4758064516129032,4.133333333333333e-05,1.9666666666666666e-05,c
exo,ChooseHints,symm,2,MINI,0.038039974210186976,0.000517,1.9666666666666666e-05,c
exo,ChooseHints,symm,3,MINI,0.040521978021978024,0.00048533333333333333,1.9666666666666666e-05,c
exo,ChooseHints,symm,4,MINI,0.032596685082872924,0.0006033333333333333,1.9666666666666666e-05,c
exo,FromPlan,symm,1,MINI,0.28780487804878047,6.833333333333333e-05,1.9666666666666666e-05,c
exo,FromPlan,symm,4,MINI,0.5221238938053097,3.766666666666667e-05,1.9666666666666666e-05,c
exo,Naive,symm,1,MINI,1.2553191489361701,1.5666666666666667e-05,1.9666666666666666e-05,c
exo,Naive,symm,2,MINI,0.41258741258741255,4.766666666666667e-05,1.9666666666666666e-05,c
exo,Naive,symm,4,MINI,0.03861256544502618,0.0005093333333333333,1.9666666666666666e-05,c
exo,Naive,symm,5,MINI,0.04085872576177285,0.00048133333333333334,1.9666666666666666e-05,c
exo,standard,symm,1,MINI,1.0535714285714284,1.866666666666667e-05,1.9666666666666666e-05,c
exo,standard,symm,2,MINI,1.0350877192982455,1.9e-05,1.9666666666666666e-05,c
exo,standard,symm,3,MINI,1.0350877192982455,1.9e-05,1.9666666666666666e-05,c
exo,standard,symm,4,MINI,1.0350877192982455,1.9e-05,1.9666666666666666e-05,c
exo,standard,symm,5,MINI,1.0350877192982455,1.9e-05,1.9666666666666666e-05,c
halide,FromPlan,symm,2,MINI,0.3782051282051282,5.2e-05,1.9666666666666666e-05,c
halide,FromPlan,symm,3,MINI,0.3959731543624161,4.966666666666666e-05,1.9666666666666666e-05,c
halide,standard,symm,1,MINI,0.4013605442176871,4.9e-05,1.9666666666666666e-05,c
halide,standard,symm,2,MINI,0.450381679389313,4.366666666666666e-05,1.9666666666666666e-05,c
halide,standard,symm,3,MINI,0.4758064516129032,4.133333333333333e-05,1.9666666666666666e-05,c
halide,standard,symm,4,MINI,0.4041095890410959,4.8666666666666666e-05,1.9666666666666666e-05,c
halide,standard,symm,5,MINI,0.45736434108527135,4.2999999999999995e-05,1.9666666666666666e-05,c
noarr,AllHints,symm,1,MINI,0.008645955451348183,0.0022746666666666666,1.9666666666666666e-05,c
noarr,AllHints,symm,2,MINI,2.185185185185185,9e-06,1.9666666666666666e-05,c
noarr,AllHints,symm,3,MINI,0.008404558404558404,0.00234,1.9666666666666666e-05,c
noarr,AllHints,symm,4,MINI,0.008643422209200115,0.0022753333333333336,1.9666666666666666e-05,c
noarr,AllHints,symm,5,MINI,3.9333333333333327,5e-06,1.9666666666666666e-05,c
noarr,ChooseHints,symm,1,MINI,3.2777777777777777,6e-06,1.9666666666666666e-05,c
noarr,ChooseHints,symm,2,MINI,2.8095238095238093,7e-06,1.9666666666666666e-05,c
noarr,ChooseHints,symm,3,MINI,2.8095238095238093,7e-06,1.9666666666666666e-05,c
noarr,ChooseHints,symm,5,MINI,1.7352941176470587,1.1333333333333334e-05,1.9666666666666666e-05,c
noarr,FromPlan,symm,1,MINI,2.185185185185185,9e-06,1.9666666666666666e-05,c
noarr,FromPlan,symm,2,MINI,3.2777777777777777,6e-06,1.9666666666666666e-05,c
noarr,FromPlan,symm,3,MINI,2.95,6.666666666666666e-06,1.9666666666666666e-05,c
noarr,FromPlan,symm,4,MINI,2.8095238095238093,7e-06,1.9666666666666666e-05,c
noarr,FromPlan,symm,5,MINI,1.5945945945945945,1.2333333333333333e-05,1.9666666666666666e-05,c
noarr,Naive,symm,2,MINI,3.9333333333333327,5e-06,1.9666666666666666e-05,c
noarr,Naive,symm,3,MINI,2.185185185185185,9e-06,1.9666666666666666e-05,c
noarr,Naive,symm,4,MINI,3.2777777777777777,6e-06,1.9666666666666666e-05,c
noarr,Naive,symm,5,MINI,2.185185185185185,9e-06,1.9666666666666666e-05,c
noarr,standard,symm,1,MINI,1.9666666666666663,1e-05,1.9666666666666666e-05,c
noarr,standard,symm,2,MINI,2.185185185185185,9e-06,1.9666666666666666e-05,c
noarr,standard,symm,3,MINI,1.6388888888888888,1.2e-05,1.9666666666666666e-05,c
noarr,standard,symm,4,MINI,2.185185185185185,9e-06,1.9666666666666666e-05,c
noarr,standard,symm,5,MINI,1.9666666666666663,1e-05,1.9666666666666666e-05,c
c,AllHints,syr2k,1,MINI,0.32608695652173914,4.6e-05,1.5e-05,c
c,AllHints,syr2k,2,MINI,0.4736842105263158,3.1666666666666666e-05,1.5e-05,c
c,AllHints,syr2k,3,MINI,0.46391752577319595,3.233333333333333e-05,1.5e-05,c
c,AllHints,syr2k,4,MINI,0.6923076923076924,2.1666666666666664e-05,1.5e-05,c
c,AllHints,syr2k,5,MINI,0.35714285714285715,4.2e-05,1.5e-05,c
c,ChooseHints,syr2k,2,MINI,0.4945054945054945,3.0333333333333333e-05,1.5e-05,c
c,ChooseHints,syr2k,3,MINI,0.4736842105263158,3.1666666666666666e-05,1.5e-05,c
c,ChooseHints,syr2k,4,MINI,0.48913043478260865,3.066666666666667e-05,1.5e-05,c
c,ChooseHints,syr2k,5,MINI,0.33582089552238803,4.466666666666667e-05,1.5e-05,c
c,FromPlan,syr2k,2,MINI,2.0454545454545454,7.333333333333333e-06,1.5e-05,c
c,FromPlan,syr2k,3,MINI,1.6666666666666667,9e-06,1.5e-05,c
c,FromPlan,syr2k,4,MINI,0.48913043478260865,3.066666666666667e-05,1.5e-05,c
c,FromPlan,syr2k,5,MINI,2.0454545454545454,7.333333333333333e-06,1.5e-05,c
c,Naive,syr2k,1,MINI,1.5517241379310345,9.666666666666667e-06,1.5e-05,c
c,Naive,syr2k,2,MINI,1.9565217391304346,7.666666666666667e-06,1.5e-05,c
c,Naive,syr2k,3,MINI,0.8490566037735848,1.7666666666666668e-05,1.5e-05,c
c,Naive,syr2k,4,MINI,1.6666666666666667,9e-06,1.5e-05,c
c,Naive,syr2k,5,MINI,1.5,1e-05,1.5e-05,c
c,standard,syr2k,1,MINI,1.0,1.5e-05,1.5e-05,c
exo,AllHints,syr2k,1,MINI,0.4368932038834952,3.433333333333333e-05,1.5e-05,c
exo,AllHints,syr2k,2,MINI,0.4368932038834952,3.433333333333333e-05,1.5e-05,c
exo,AllHints,syr2k,3,MINI,0.4368932038834952,3.433333333333333e-05,1.5e-05,c
exo,AllHints,syr2k,4,MINI,0.4166666666666667,3.6e-05,1.5e-05,c
exo,AllHints,syr2k,5,MINI,0.46391752577319595,3.233333333333333e-05,1.5e-05,c
exo,ChooseHints,syr2k,2,MINI,0.48913043478260865,3.066666666666667e-05,1.5e-05,c
exo,ChooseHints,syr2k,3,MINI,0.4285714285714286,3.5e-05,1.5e-05,c
exo,ChooseHints,syr2k,4,MINI,0.42857142857142855,3.5000000000000004e-05,1.5e-05,c
exo,ChooseHints,syr2k,5,MINI,0.3781512605042017,3.9666666666666664e-05,1.5e-05,c
exo,FromPlan,syr2k,1,MINI,0.32374100719424465,4.633333333333333e-05,1.5e-05,c
exo,FromPlan,syr2k,2,MINI,0.2760736196319018,5.433333333333334e-05,1.5e-05,c
exo,FromPlan,syr2k,3,MINI,0.38135593220338987,3.933333333333333e-05,1.5e-05,c
exo,FromPlan,syr2k,5,MINI,0.24725274725274726,6.0666666666666666e-05,1.5e-05,c
exo,Naive,syr2k,1,MINI,0.3879310344827586,3.866666666666667e-05,1.5e-05,c
exo,Naive,syr2k,2,MINI,0.3333333333333333,4.5e-05,1.5e-05,c
exo,Naive,syr2k,3,MINI,0.45454545454545464,3.2999999999999996e-05,1.5e-05,c
exo,Naive,syr2k,4,MINI,0.7142857142857143,2.1e-05,1.5e-05,c
exo,Naive,syr2k,5,MINI,0.19148936170212763,7.833333333333334e-05,1.5e-05,c
exo,standard,syr2k,1,MINI,0.8181818181818182,1.8333333333333333e-05,1.5e-05,c
exo,standard,syr2k,2,MINI,0.8181818181818182,1.8333333333333333e-05,1.5e-05,c
exo,standard,syr2k,3,MINI,0.8181818181818182,1.8333333333333333e-05,1.5e-05,c
exo,standard,syr2k,4,MINI,0.7031250000000001,2.133333333333333e-05,1.5e-05,c
exo,standard,syr2k,5,MINI,0.8035714285714285,1.866666666666667e-05,1.5e-05,c
halide,FromPlan,syr2k,2,MINI,0.00628140703517588,0.002388,1.5e-05,c
halide,standard,syr2k,2,MINI,0.33088235294117646,4.5333333333333335e-05,1.5e-05,c
halide,standard,syr2k,3,MINI,0.33582089552238803,4.466666666666667e-05,1.5e-05,c
halide,standard,syr2k,4,MINI,0.32374100719424465,4.633333333333333e-05,1.5e-05,c
halide,standard,syr2k,5,MINI,0.30201342281879195,4.966666666666666e-05,1.5e-05,c
noarr,AllHints,syr2k,1,MINI,1.153846153846154,1.3e-05,1.5e-05,c
noarr,AllHints,syr2k,2,MINI,1.2857142857142858,1.1666666666666666e-05,1.5e-05,c
noarr,AllHints,syr2k,3,MINI,1.153846153846154,1.3e-05,1.5e-05,c
noarr,AllHints,syr2k,4,MINI,1.153846153846154,1.3e-05,1.5e-05,c
noarr,AllHints,syr2k,5,MINI,0.9574468085106383,1.5666666666666667e-05,1.5e-05,c
noarr,ChooseHints,syr2k,1,MINI,1.25,1.2e-05,1.5e-05,c
noarr,ChooseHints,syr2k,2,MINI,1.0714285714285714,1.4e-05,1.5e-05,c
noarr,ChooseHints,syr2k,3,MINI,1.25,1.2e-05,1.5e-05,c
noarr,ChooseHints,syr2k,4,MINI,1.153846153846154,1.3e-05,1.5e-05,c
noarr,ChooseHints,syr2k,5,MINI,1.153846153846154,1.3e-05,1.5e-05,c
noarr,FromPlan,syr2k,1,MINI,0.9375000000000001,1.6e-05,1.5e-05,c
noarr,FromPlan,syr2k,2,MINI,1.8750000000000002,8e-06,1.5e-05,c
noarr,FromPlan,syr2k,4,MINI,1.5,1e-05,1.5e-05,c
noarr,FromPlan,syr2k,5,MINI,0.40540540540540543,3.7e-05,1.5e-05,c
noarr,Naive,syr2k,1,MINI,1.153846153846154,1.3e-05,1.5e-05,c
noarr,Naive,syr2k,2,MINI,1.8750000000000002,8e-06,1.5e-05,c
noarr,Naive,syr2k,3,MINI,1.153846153846154,1.3e-05,1.5e-05,c
noarr,Naive,syr2k,4,MINI,1.153846153846154,1.3e-05,1.5e-05,c
noarr,Naive,syr2k,5,MINI,1.153846153846154,1.3e-05,1.5e-05,c
noarr,standard,syr2k,1,MINI,0.27777777777777773,5.4000000000000005e-05,1.5e-05,c
noarr,standard,syr2k,2,MINI,1.0714285714285714,1.4e-05,1.5e-05,c
noarr,standard,syr2k,3,MINI,1.097560975609756,1.3666666666666667e-05,1.5e-05,c
noarr,standard,syr2k,5,MINI,1.0714285714285714,1.4e-05,1.5e-05,c
c,AllHints,syrk,1,MINI,0.18548387096774197,4.133333333333333e-05,7.666666666666667e-06,c
c,AllHints,syrk,2,MINI,0.25,3.066666666666667e-05,7.666666666666667e-06,c
c,AllHints,syrk,3,MINI,0.26436781609195403,2.9e-05,7.666666666666667e-06,c
c,AllHints,syrk,4,MINI,0.24731182795698925,3.1e-05,7.666666666666667e-06,c
c,AllHints,syrk,5,MINI,0.5,1.5333333333333334e-05,7.666666666666667e-06,c
c,ChooseHints,syrk,1,MINI,0.4339622641509434,1.7666666666666668e-05,7.666666666666667e-06,c
c,ChooseHints,syrk,2,MINI,0.12921348314606743,5.933333333333333e-05,7.666666666666667e-06,c
c,ChooseHints,syrk,3,MINI,0.25,3.066666666666667e-05,7.666666666666667e-06,c
c,ChooseHints,syrk,4,MINI,0.22115384615384615,3.466666666666667e-05,7.666666666666667e-06,c
c,ChooseHints,syrk,5,MINI,0.24731182795698925,3.1e-05,7.666666666666667e-06,c
c,FromPlan,syrk,1,MINI,0.9583333333333335,8e-06,7.666666666666667e-06,c
c,FromPlan,syrk,2,MINI,1.1500000000000001,6.666666666666666e-06,7.666666666666667e-06,c
c,FromPlan,syrk,3,MINI,1.3529411764705883,5.666666666666667e-06,7.666666666666667e-06,c
c,FromPlan,syrk,4,MINI,1.0454545454545456,7.333333333333333e-06,7.666666666666667e-06,c
c,FromPlan,syrk,5,MINI,1.0454545454545456,7.333333333333333e-06,7.666666666666667e-06,c
c,Naive,syrk,1,MINI,0.2527472527472528,3.0333333333333333e-05,7.666666666666667e-06,c
c,Naive,syrk,2,MINI,0.7931034482758621,9.666666666666667e-06,7.666666666666667e-06,c
c,Naive,syrk,3,MINI,1.0952380952380953,7e-06,7.666666666666667e-06,c
c,Naive,syrk,4,MINI,1.0,7.666666666666667e-06,7.666666666666667e-06,c
c,Naive,syrk,5,MINI,1.0,7.666666666666667e-06,7.666666666666667e-06,c
c,standard,syrk,1,MINI,1.0,7.666666666666667e-06,7.666666666666667e-06,c
exo,AllHints,syrk,1,MINI,0.21904761904761907,3.5e-05,7.666666666666667e-06,c
exo,AllHints,syrk,2,MINI,0.22115384615384615,3.466666666666667e-05,7.666666666666667e-06,c
exo,AllHints,syrk,3,MINI,0.23711340206185572,3.233333333333333e-05,7.666666666666667e-06,c
exo,AllHints,syrk,4,MINI,0.22115384615384617,3.4666666666666665e-05,7.666666666666667e-06,c
exo,ChooseHints,syrk,1,MINI,0.1393939393939394,5.5e-05,7.666666666666667e-06,c
exo,ChooseHints,syrk,2,MINI,0.23469387755102045,3.266666666666666e-05,7.666666666666667e-06,c
exo,ChooseHints,syrk,4,MINI,0.22772277227722773,3.366666666666667e-05,7.666666666666667e-06,c
exo,ChooseHints,syrk,5,MINI,0.20353982300884957,3.766666666666667e-05,7.666666666666667e-06,c
exo,FromPlan,syrk,2,MINI,0.6764705882352942,1.1333333333333334e-05,7.666666666666667e-06,c
exo,Naive,syrk,1,MINI,0.19827586206896552,3.866666666666667e-05,7.666666666666667e-06,c
exo,Naive,syrk,2,MINI,0.2446808510638298,3.1333333333333334e-05,7.666666666666667e-06,c
exo,Naive,syrk,4,MINI,0.2254901960784314,3.4e-05,7.666666666666667e-06,c
exo,Naive,syrk,5,MINI,0.638888888888889,1.2e-05,7.666666666666667e-06,c
exo,standard,syrk,1,MINI,0.6969696969696969,1.1000000000000001e-05,7.666666666666667e-06,c
exo,standard,syrk,2,MINI,0.7187500000000001,1.0666666666666666e-05,7.666666666666667e-06,c
exo,standard,syrk,3,MINI,0.7187500000000001,1.0666666666666666e-05,7.666666666666667e-06,c
exo,standard,syrk,4,MINI,0.7187499999999999,1.0666666666666669e-05,7.666666666666667e-06,c
exo,standard,syrk,5,MINI,0.7187500000000001,1.0666666666666666e-05,7.666666666666667e-06,c
halide,AllHints,syrk,4,MINI,0.03826955074875209,0.00020033333333333331,7.666666666666667e-06,c
halide,FromPlan,syrk,3,MINI,0.07278481012658229,0.00010533333333333332,7.666666666666667e-06,c
halide,FromPlan,syrk,5,MINI,0.14935064935064937,5.133333333333333e-05,7.666666666666667e-06,c
halide,standard,syrk,1,MINI,0.18253968253968256,4.2e-05,7.666666666666667e-06,c
halide,standard,syrk,2,MINI,0.18110236220472445,4.233333333333333e-05,7.666666666666667e-06,c
halide,standard,syrk,3,MINI,0.18852459016393444,4.066666666666667e-05,7.666666666666667e-06,c
halide,standard,syrk,4,MINI,0.16666666666666669,4.6e-05,7.666666666666667e-06,c
halide,standard,syrk,5,MINI,0.2017543859649123,3.8e-05,7.666666666666667e-06,c
noarr,AllHints,syrk,1,MINI,1.0454545454545456,7.333333333333333e-06,7.666666666666667e-06,c
noarr,AllHints,syrk,2,MINI,0.7666666666666666,1e-05,7.666666666666667e-06,c
noarr,AllHints,syrk,3,MINI,0.8846153846153846,8.666666666666668e-06,7.666666666666667e-06,c
noarr,AllHints,syrk,4,MINI,1.0952380952380953,7e-06,7.666666666666667e-06,c
noarr,AllHints,syrk,5,MINI,1.0952380952380953,7e-06,7.666666666666667e-06,c
noarr,ChooseHints,syrk,1,MINI,1.0952380952380953,7e-06,7.666666666666667e-06,c
noarr,ChooseHints,syrk,2,MINI,1.0,7.666666666666667e-06,7.666666666666667e-06,c
noarr,ChooseHints,syrk,3,MINI,1.0952380952380953,7e-06,7.666666666666667e-06,c
noarr,ChooseHints,syrk,4,MINI,0.8518518518518519,9e-06,7.666666666666667e-06,c
noarr,FromPlan,syrk,1,MINI,0.2254901960784314,3.4e-05,7.666666666666667e-06,c
noarr,FromPlan,syrk,2,MINI,1.0952380952380953,7e-06,7.666666666666667e-06,c
noarr,FromPlan,syrk,3,MINI,1.0952380952380953,7e-06,7.666666666666667e-06,c
noarr,FromPlan,syrk,5,MINI,0.7666666666666666,1e-05,7.666666666666667e-06,c
noarr,Naive,syrk,1,MINI,1.0952380952380953,7e-06,7.666666666666667e-06,c
noarr,Naive,syrk,2,MINI,0.9583333333333335,8e-06,7.666666666666667e-06,c
noarr,Naive,syrk,3,MINI,0.8214285714285714,9.333333333333334e-06,7.666666666666667e-06,c
noarr,Naive,syrk,4,MINI,0.9583333333333335,8e-06,7.666666666666667e-06,c
noarr,Naive,syrk,5,MINI,0.9583333333333335,8e-06,7.666666666666667e-06,c
noarr,standard,syrk,1,MINI,0.8518518518518519,9e-06,7.666666666666667e-06,c
noarr,standard,syrk,2,MINI,0.9200000000000003,8.333333333333332e-06,7.666666666666667e-06,c
noarr,standard,syrk,4,MINI,0.9583333333333335,8e-06,7.666666666666667e-06,c
noarr,standard,syrk,5,MINI,0.9583333333333335,8e-06,7.666666666666667e-06,c
c,AllHints,trisolv,3,MINI,0.6666666666666666,2e-06,1.3333333333333332e-06,c
c,AllHints,trisolv,4,MINI,1.0,1.3333333333333332e-06,1.3333333333333332e-06,c
c,AllHints,trisolv,5,MINI,0.8,1.6666666666666665e-06,1.3333333333333332e-06,c
c,ChooseHints,trisolv,1,MINI,0.6666666666666666,2e-06,1.3333333333333332e-06,c
c,ChooseHints,trisolv,3,MINI,0.8,1.6666666666666665e-06,1.3333333333333332e-06,c
c,FromPlan,trisolv,1,MINI,1.0,1.3333333333333332e-06,1.3333333333333332e-06,c
c,FromPlan,trisolv,2,MINI,0.8,1.6666666666666665e-06,1.3333333333333332e-06,c
c,FromPlan,trisolv,3,MINI,0.8,1.6666666666666665e-06,1.3333333333333332e-06,c
c,FromPlan,trisolv,4,MINI,0.2666666666666666,5e-06,1.3333333333333332e-06,c
c,FromPlan,trisolv,5,MINI,0.8,1.6666666666666665e-06,1.3333333333333332e-06,c
c,Naive,trisolv,1,MINI,1.0,1.3333333333333332e-06,1.3333333333333332e-06,c
c,Naive,trisolv,2,MINI,0.8,1.6666666666666665e-06,1.3333333333333332e-06,c
c,Naive,trisolv,3,MINI,1.0,1.3333333333333332e-06,1.3333333333333332e-06,c
c,Naive,trisolv,4,MINI,0.8,1.6666666666666665e-06,1.3333333333333332e-06,c
c,standard,trisolv,1,MINI,1.0,1.3333333333333332e-06,1.3333333333333332e-06,c
exo,AllHints,trisolv,1,MINI,0.8,1.6666666666666665e-06,1.3333333333333332e-06,c
exo,AllHints,trisolv,2,MINI,0.6666666666666666,2e-06,1.3333333333333332e-06,c
exo,AllHints,trisolv,3,MINI,0.5714285714285714,2.333333333333333e-06,1.3333333333333332e-06,c
exo,AllHints,trisolv,4,MINI,1.0,1.3333333333333332e-06,1.3333333333333332e-06,c
exo,AllHints,trisolv,5,MINI,1.0,1.3333333333333332e-06,1.3333333333333332e-06,c
exo,ChooseHints,trisolv,1,MINI,0.6666666666666666,2e-06,1.3333333333333332e-06,c
exo,ChooseHints,trisolv,2,MINI,0.6666666666666666,2e-06,1.3333333333333332e-06,c
exo,ChooseHints,trisolv,3,MINI,0.5714285714285714,2.333333333333333e-06,1.3333333333333332e-06,c
exo,ChooseHints,trisolv,5,MINI,1.3333333333333333,1e-06,1.3333333333333332e-06,c
exo,FromPlan,trisolv,3,MINI,0.8,1.6666666666666665e-06,1.3333333333333332e-06,c
exo,FromPlan,trisolv,4,MINI,0.8,1.6666666666666665e-06,1.3333333333333332e-06,c
exo,FromPlan,trisolv,5,MINI,0.5714285714285714,2.333333333333333e-06,1.3333333333333332e-06,c
exo,Naive,trisolv,1,MINI,0.44444444444444436,3e-06,1.3333333333333332e-06,c
exo,Naive,trisolv,3,MINI,0.6666666666666666,2e-06,1.3333333333333332e-06,c
exo,Naive,trisolv,4,MINI,0.8,1.6666666666666665e-06,1.3333333333333332e-06,c
exo,Naive,trisolv,5,MINI,0.6666666666666666,2e-06,1.3333333333333332e-06,c
exo,standard,trisolv,1,MINI,0.8,1.6666666666666665e-06,1.3333333333333332e-06,c
exo,standard,trisolv,2,MINI,0.8,1.6666666666666665e-06,1.3333333333333332e-06,c
exo,standard,trisolv,3,MINI,0.8,1.6666666666666665e-06,1.3333333333333332e-06,c
exo,standard,trisolv,4,MINI,0.6666666666666666,2e-06,1.3333333333333332e-06,c
exo,standard,trisolv,5,MINI,0.6666666666666666,2e-06,1.3333333333333332e-06,c
halide,ChooseHints,trisolv,4,MINI,0.01520912547528517,8.766666666666667e-05,1.3333333333333332e-06,c
halide,FromPlan,trisolv,4,MINI,0.01694915254237288,7.866666666666666e-05,1.3333333333333332e-06,c
halide,Naive,trisolv,5,MINI,0.025806451612903226,5.1666666666666664e-05,1.3333333333333332e-06,c
halide,standard,trisolv,2,MINI,0.015384615384615385,8.666666666666665e-05,1.3333333333333332e-06,c
halide,standard,trisolv,3,MINI,0.015151515151515148,8.800000000000001e-05,1.3333333333333332e-06,c
noarr,AllHints,trisolv,1,MINI,1.3333333333333333,1e-06,1.3333333333333332e-06,c
noarr,AllHints,trisolv,2,MINI,1.3333333333333333,1e-06,1.3333333333333332e-06,c
noarr,AllHints,trisolv,3,MINI,1.3333333333333333,1e-06,1.3333333333333332e-06,c
noarr,AllHints,trisolv,4,MINI,1.3333333333333333,1e-06,1.3333333333333332e-06,c
noarr,AllHints,trisolv,5,MINI,1.3333333333333333,1e-06,1.3333333333333332e-06,c
noarr,ChooseHints,trisolv,1,MINI,1.3333333333333333,1e-06,1.3333333333333332e-06,c
noarr,ChooseHints,trisolv,2,MINI,1.3333333333333333,1e-06,1.3333333333333332e-06,c
noarr,ChooseHints,trisolv,3,MINI,1.3333333333333333,1e-06,1.3333333333333332e-06,c
noarr,ChooseHints,trisolv,4,MINI,1.3333333333333333,1e-06,1.3333333333333332e-06,c
noarr,ChooseHints,trisolv,5,MINI,1.3333333333333333,1e-06,1.3333333333333332e-06,c
noarr,FromPlan,trisolv,1,MINI,1.3333333333333333,1e-06,1.3333333333333332e-06,c
noarr,FromPlan,trisolv,2,MINI,1.3333333333333333,1e-06,1.3333333333333332e-06,c
noarr,FromPlan,trisolv,3,MINI,1.3333333333333333,1e-06,1.3333333333333332e-06,c
noarr,FromPlan,trisolv,4,MINI,1.3333333333333333,1e-06,1.3333333333333332e-06,c
noarr,FromPlan,trisolv,5,MINI,1.3333333333333333,1e-06,1.3333333333333332e-06,c
noarr,Naive,trisolv,1,MINI,1.3333333333333333,1e-06,1.3333333333333332e-06,c
noarr,Naive,trisolv,2,MINI,1.3333333333333333,1e-06,1.3333333333333332e-06,c
noarr,Naive,trisolv,3,MINI,1.3333333333333333,1e-06,1.3333333333333332e-06,c
noarr,Naive,trisolv,4,MINI,1.3333333333333333,1e-06,1.3333333333333332e-06,c
noarr,Naive,trisolv,5,MINI,1.3333333333333333,1e-06,1.3333333333333332e-06,c
noarr,standard,trisolv,2,MINI,1.3333333333333333,1e-06,1.3333333333333332e-06,c
noarr,standard,trisolv,4,MINI,1.3333333333333333,1e-06,1.3333333333333332e-06,c
noarr,standard,trisolv,5,MINI,1.3333333333333333,1e-06,1.3333333333333332e-06,c
c,AllHints,trmm,1,MINI,0.2674418604651163,2.8666666666666668e-05,7.666666666666667e-06,c
c,AllHints,trmm,2,MINI,3.833333333333334,2e-06,7.666666666666667e-06,c
c,AllHints,trmm,3,MINI,3.833333333333334,2e-06,7.666666666666667e-06,c
c,AllHints,trmm,4,MINI,1.277777777777778,6e-06,7.666666666666667e-06,c
c,AllHints,trmm,5,MINI,0.0461847389558233,0.000166,7.666666666666667e-06,c
c,ChooseHints,trmm,1,MINI,5.750000000000001,1.3333333333333332e-06,7.666666666666667e-06,c
c,ChooseHints,trmm,2,MINI,3.833333333333334,2e-06,7.666666666666667e-06,c
c,ChooseHints,trmm,3,MINI,3.833333333333334,2e-06,7.666666666666667e-06,c
c,ChooseHints,trmm,4,MINI,0.08363636363636365,9.166666666666667e-05,7.666666666666667e-06,c
c,ChooseHints,trmm,5,MINI,2.8750000000000004,2.6666666666666664e-06,7.666666666666667e-06,c
c,FromPlan,trmm,1,MINI,3.833333333333334,2e-06,7.666666666666667e-06,c
c,FromPlan,trmm,2,MINI,3.285714285714286,2.333333333333333e-06,7.666666666666667e-06,c
c,FromPlan,trmm,3,MINI,3.833333333333334,2e-06,7.666666666666667e-06,c
c,FromPlan,trmm,4,MINI,0.26436781609195403,2.9e-05,7.666666666666667e-06,c
c,FromPlan,trmm,5,MINI,0.15540540540540543,4.933333333333333e-05,7.666666666666667e-06,c
c,Naive,trmm,1,MINI,3.833333333333334,2e-06,7.666666666666667e-06,c
c,Naive,trmm,2,MINI,3.833333333333334,2e-06,7.666666666666667e-06,c
c,Naive,trmm,3,MINI,3.833333333333334,2e-06,7.666666666666667e-06,c
c,Naive,trmm,4,MINI,3.285714285714286,2.333333333333333e-06,7.666666666666667e-06,c
c,Naive,trmm,5,MINI,3.833333333333334,2e-06,7.666666666666667e-06,c
c,standard,trmm,1,MINI,1.0,7.666666666666667e-06,7.666666666666667e-06,c
exo,AllHints,trmm,1,MINI,0.01661849710982659,0.00046133333333333334,7.666666666666667e-06,c
exo,AllHints,trmm,2,MINI,0.22115384615384617,3.4666666666666665e-05,7.666666666666667e-06,c
exo,AllHints,trmm,3,MINI,0.016231474947071278,0.00047233333333333334,7.666666666666667e-06,c
exo,AllHints,trmm,4,MINI,0.0018635553394911683,0.0041140000000000005,7.666666666666667e-06,c
exo,ChooseHints,trmm,2,MINI,1.277777777777778,6e-06,7.666666666666667e-06,c
exo,ChooseHints,trmm,4,MINI,0.19491525423728812,3.933333333333334e-05,7.666666666666667e-06,c
exo,FromPlan,trmm,1,MINI,0.2233009708737864,3.433333333333334e-05,7.666666666666667e-06,c
exo,FromPlan,trmm,4,MINI,0.23711340206185572,3.233333333333333e-05,7.666666666666667e-06,c
exo,Naive,trmm,2,MINI,1.3529411764705883,5.666666666666667e-06,7.666666666666667e-06,c
exo,Naive,trmm,3,MINI,1.277777777777778,6e-06,7.666666666666667e-06,c
exo,Naive,trmm,4,MINI,0.001630165142816642,0.004703,7.666666666666667e-06,c
exo,Naive,trmm,5,MINI,0.016812865497076026,0.00045599999999999997,7.666666666666667e-06,c
exo,standard,trmm,1,MINI,0.7931034482758621,9.666666666666667e-06,7.666666666666667e-06,c
exo,standard,trmm,2,MINI,0.7666666666666666,1e-05,7.666666666666667e-06,c
exo,standard,trmm,3,MINI,0.7931034482758621,9.666666666666667e-06,7.666666666666667e-06,c
exo,standard,trmm,4,MINI,0.8214285714285714,9.333333333333334e-06,7.666666666666667e-06,c
exo,standard,trmm,5,MINI,0.8518518518518519,9e-06,7.666666666666667e-06,c
halide,standard,trmm,1,MINI,0.33333333333333337,2.3e-05,7.666666666666667e-06,c
halide,standard,trmm,4,MINI,0.31506849315068497,2.4333333333333333e-05,7.666666666666667e-06,c
halide,standard,trmm,5,MINI,0.3066666666666667,2.5e-05,7.666666666666667e-06,c
noarr,AllHints,trmm,1,MINI,0.0032100488485694353,0.002388333333333333,7.666666666666667e-06,c
noarr,AllHints,trmm,3,MINI,3.833333333333334,2e-06,7.666666666666667e-06,c
noarr,AllHints,trmm,4,MINI,2.555555555555556,3e-06,7.666666666666667e-06,c
noarr,AllHints,trmm,5,MINI,3.833333333333334,2e-06,7.666666666666667e-06,c
noarr,ChooseHints,trmm,1,MINI,2.555555555555556,3e-06,7.666666666666667e-06,c
noarr,ChooseHints,trmm,2,MINI,1.5333333333333332,5e-06,7.666666666666667e-06,c
noarr,ChooseHints,trmm,3,MINI,1.5333333333333332,5e-06,7.666666666666667e-06,c
noarr,ChooseHints,trmm,4,MINI,3.833333333333334,2e-06,7.666666666666667e-06,c
noarr,ChooseHints,trmm,5,MINI,3.833333333333334,2e-06,7.666666666666667e-06,c
noarr,FromPlan,trmm,2,MINI,0.6216216216216217,1.2333333333333333e-05,7.666666666666667e-06,c
noarr,FromPlan,trmm,3,MINI,2.555555555555556,3e-06,7.666666666666667e-06,c
noarr,FromPlan,trmm,4,MINI,2.555555555555556,3e-06,7.666666666666667e-06,c
noarr,FromPlan,trmm,5,MINI,2.555555555555556,3e-06,7.666666666666667e-06,c
noarr,Naive,trmm,1,MINI,3.833333333333334,2e-06,7.666666666666667e-06,c
noarr,Naive,trmm,2,MINI,3.833333333333334,2e-06,7.666666666666667e-06,c
noarr,Naive,trmm,3,MINI,1.5333333333333332,5e-06,7.666666666666667e-06,c
noarr,Naive,trmm,4,MINI,1.2105263157894737,6.333333333333333e-06,7.666666666666667e-06,c
noarr,Naive,trmm,5,MINI,3.285714285714286,2.333333333333333e-06,7.666666666666667e-06,c
noarr,standard,trmm,1,MINI,2.555555555555556,3e-06,7.666666666666667e-06,c
noarr,standard,trmm,2,MINI,1.277777777777778,6e-06,7.666666666666667e-06,c
noarr,standard,trmm,3,MINI,1.5333333333333332,5e-06,7.666666666666667e-06,c
noarr,standard,trmm,4,MINI,0.7666666666666666,1e-05,7.666666666666667e-06,c
noarr,standard,trmm,5,MINI,1.4374999999999998,5.3333333333333345e-06,7.666666666666667e-06,c
