-- The C compiler identification is GNU 15.2.0
-- Detecting C compiler ABI info
-- Detecting C compiler ABI info - done
-- Check for working C compiler: /usr/local/latestgcc/bin/gcc - skipped
-- Detecting C compile features
-- Detecting C compile features - done
-- Configuring done (0.4s)
-- Generating done (0.8s)
-- Build files have been written to: /home/kleplj/naive/optimization/naive/PolybenchC-4.2.1/build
[  5%] Building C object CMakeFiles/correlation.dir/datamining/correlation/correlation.c.o
[  5%] Building C object CMakeFiles/covariance.dir/datamining/covariance/covariance.c.o
[ 14%] Building C object CMakeFiles/covariance.dir/utilities/polybench.c.o
[ 14%] Building C object CMakeFiles/durbin.dir/utilities/polybench.c.o
[ 14%] Building C object CMakeFiles/correlation.dir/utilities/polybench.c.o
[ 14%] Building C object CMakeFiles/durbin.dir/linear-algebra/solvers/durbin/durbin.c.o
[ 14%] Building C object CMakeFiles/gramschmidt.dir/linear-algebra/solvers/gramschmidt/gramschmidt.c.o
[ 14%] Building C object CMakeFiles/lu.dir/utilities/polybench.c.o
[ 14%] Building C object CMakeFiles/ludcmp.dir/utilities/polybench.c.o
[ 14%] Building C object CMakeFiles/lu.dir/linear-algebra/solvers/lu/lu.c.o
[ 14%] Building C object CMakeFiles/gramschmidt.dir/utilities/polybench.c.o
[ 37%] Building C object CMakeFiles/trisolv.dir/linear-algebra/solvers/trisolv/trisolv.c.o
[ 37%] Building C object CMakeFiles/cholesky.dir/linear-algebra/solvers/cholesky/cholesky.c.o
[ 66%] Building C object CMakeFiles/deriche.dir/utilities/polybench.c.o
[ 66%] Building C object CMakeFiles/ludcmp.dir/linear-algebra/solvers/ludcmp/ludcmp.c.o
[ 66%] Building C object CMakeFiles/3mm.dir/linear-algebra/kernels/3mm/3mm.c.o
[ 66%] Building C object CMakeFiles/syr2k.dir/utilities/polybench.c.o
[ 66%] Building C object CMakeFiles/heat-3d.dir/stencils/heat-3d/heat-3d.c.o
[ 66%] Building C object CMakeFiles/atax.dir/linear-algebra/kernels/atax/atax.c.o
[ 66%] Building C object CMakeFiles/nussinov.dir/utilities/polybench.c.o
[ 66%] Building C object CMakeFiles/bicg.dir/linear-algebra/kernels/bicg/bicg.c.o
[ 66%] Building C object CMakeFiles/syrk.dir/utilities/polybench.c.o
[ 66%] Building C object CMakeFiles/syr2k.dir/linear-algebra/blas/syr2k/syr2k.c.o
[ 66%] Building C object CMakeFiles/floyd-warshall.dir/medley/floyd-warshall/floyd-warshall.c.o
[ 66%] Building C object CMakeFiles/jacobi-2d.dir/utilities/polybench.c.o
[ 66%] Building C object CMakeFiles/atax.dir/utilities/polybench.c.o
[ 66%] Building C object CMakeFiles/jacobi-1d.dir/stencils/jacobi-1d/jacobi-1d.c.o
[ 66%] Building C object CMakeFiles/bicg.dir/utilities/polybench.c.o
[ 66%] Building C object CMakeFiles/gemver.dir/linear-algebra/blas/gemver/gemver.c.o
[ 66%] Building C object CMakeFiles/nussinov.dir/medley/nussinov/nussinov.c.o
[ 66%] Building C object CMakeFiles/mvt.dir/linear-algebra/kernels/mvt/mvt.c.o
[ 66%] Building C object CMakeFiles/gemm.dir/utilities/polybench.c.o
[ 66%] Building C object CMakeFiles/doitgen.dir/linear-algebra/kernels/doitgen/doitgen.c.o
[ 66%] Building C object CMakeFiles/fdtd-2d.dir/utilities/polybench.c.o
[ 66%] Building C object CMakeFiles/syrk.dir/linear-algebra/blas/syrk/syrk.c.o
[ 66%] Building C object CMakeFiles/gemver.dir/utilities/polybench.c.o
[ 66%] Building C object CMakeFiles/gemm.dir/linear-algebra/blas/gemm/gemm.c.o
[ 66%] Building C object CMakeFiles/trisolv.dir/utilities/polybench.c.o
[ 66%] Building C object CMakeFiles/gesummv.dir/linear-algebra/blas/gesummv/gesummv.c.o
[ 66%] Building C object CMakeFiles/cholesky.dir/utilities/polybench.c.o
[ 66%] Building C object CMakeFiles/3mm.dir/utilities/polybench.c.o
[ 66%] Building C object CMakeFiles/seidel-2d.dir/stencils/seidel-2d/seidel-2d.c.o
[ 66%] Building C object CMakeFiles/deriche.dir/medley/deriche/deriche.c.o
[ 66%] Building C object CMakeFiles/mvt.dir/utilities/polybench.c.o
[ 66%] Building C object CMakeFiles/doitgen.dir/utilities/polybench.c.o
[ 66%] Building C object CMakeFiles/jacobi-1d.dir/utilities/polybench.c.o
[ 66%] Building C object CMakeFiles/adi.dir/stencils/adi/adi.c.o
[ 66%] Building C object CMakeFiles/fdtd-2d.dir/stencils/fdtd-2d/fdtd-2d.c.o
[ 66%] Building C object CMakeFiles/seidel-2d.dir/utilities/polybench.c.o
[ 66%] Building C object CMakeFiles/symm.dir/utilities/polybench.c.o
[ 66%] Building C object CMakeFiles/floyd-warshall.dir/utilities/polybench.c.o
[ 66%] Building C object CMakeFiles/symm.dir/linear-algebra/blas/symm/symm.c.o
[ 66%] Building C object CMakeFiles/trmm.dir/utilities/polybench.c.o
[ 66%] Building C object CMakeFiles/jacobi-2d.dir/stencils/jacobi-2d/jacobi-2d.c.o
[ 66%] Building C object CMakeFiles/gesummv.dir/utilities/polybench.c.o
[ 66%] Building C object CMakeFiles/heat-3d.dir/utilities/polybench.c.o
[ 66%] Building C object CMakeFiles/adi.dir/utilities/polybench.c.o
[ 66%] Building C object CMakeFiles/trmm.dir/linear-algebra/blas/trmm/trmm.c.o
[ 66%] Building C object CMakeFiles/2mm.dir/linear-algebra/kernels/2mm/2mm.c.o
[ 66%] Building C object CMakeFiles/2mm.dir/utilities/polybench.c.o
[ 67%] Linking C executable covariance
[ 68%] Linking C executable durbin
[ 70%] Linking C executable atax
[ 71%] Linking C executable trisolv
[ 72%] Linking C executable bicg
[ 73%] Linking C executable floyd-warshall
[ 74%] Linking C executable nussinov
[ 75%] Built target covariance
[ 75%] Linking C executable adi
[ 77%] Linking C executable correlation
[ 77%] Linking C executable mvt
[ 78%] Linking C executable syr2k
[ 80%] Linking C executable cholesky
[ 81%] Linking C executable symm
[ 82%] Built target durbin
[ 82%] Linking C executable syrk
[ 83%] Linking C executable gesummv
[ 84%] Linking C executable trmm
[ 86%] Linking C executable lu
[ 86%] Linking C executable jacobi-2d
[ 87%] Linking C executable gemver
[ 88%] Built target atax
[ 90%] Linking C executable doitgen
[ 90%] Linking C executable deriche
[ 90%] Built target trisolv
[ 90%] Built target bicg
[ 90%] Built target floyd-warshall
[ 90%] Built target nussinov
[ 92%] Linking C executable fdtd-2d
[ 92%] Linking C executable gramschmidt
[ 93%] Built target adi
[ 93%] Linking C executable 3mm
[ 93%] Built target correlation
[ 93%] Built target mvt
[ 93%] Built target syr2k
[ 93%] Built target symm
[ 93%] Built target cholesky
[ 93%] Built target syrk
[ 93%] Built target gesummv
[ 93%] Built target trmm
[ 93%] Built target lu
[ 93%] Built target jacobi-2d
[ 94%] Linking C executable gemm
[ 94%] Built target gemver
[ 95%] Linking C executable heat-3d
[ 95%] Built target doitgen
[ 95%] Built target deriche
[ 95%] Built target fdtd-2d
[ 95%] Built target gramschmidt
[ 95%] Built target 3mm
[ 96%] Linking C executable 2mm
[ 96%] Built target gemm
[ 96%] Built target heat-3d
[ 96%] Built target 2mm
c,naive,2mm,0.439566,5.882,valid,1,LARGE,DOUBLE
c,naive,2mm,1,0.441435,1,LARGE,DOUBLE
c,naive,2mm,2,0.437294,1,LARGE,DOUBLE
c,naive,2mm,3,0.439327,1,LARGE,DOUBLE
c,naive,2mm,4,0.439394,1,LARGE,DOUBLE
c,naive,2mm,5,0.439835,1,LARGE,DOUBLE
c,naive,3mm,0.930465,4.181,valid,1,LARGE,DOUBLE
c,naive,3mm,1,0.917605,1,LARGE,DOUBLE
c,naive,3mm,2,0.924339,1,LARGE,DOUBLE
c,naive,3mm,3,0.939044,1,LARGE,DOUBLE
c,naive,3mm,4,0.920249,1,LARGE,DOUBLE
c,naive,3mm,5,0.917581,1,LARGE,DOUBLE
c,naive,adi,10.265403,1.014,valid,1,LARGE,DOUBLE
c,naive,adi,1,10.249851,1,LARGE,DOUBLE
c,naive,adi,2,10.270780,1,LARGE,DOUBLE
c,naive,adi,3,10.253988,1,LARGE,DOUBLE
c,naive,adi,4,10.284085,1,LARGE,DOUBLE
c,naive,adi,5,10.271328,1,LARGE,DOUBLE
c,naive,atax,0.008704,1.006,valid,1,LARGE,DOUBLE
c,naive,atax,1,0.008695,1,LARGE,DOUBLE
c,naive,atax,2,0.008680,1,LARGE,DOUBLE
c,naive,atax,3,0.008730,1,LARGE,DOUBLE
c,naive,atax,4,0.008547,1,LARGE,DOUBLE
c,naive,atax,5,0.008628,1,LARGE,DOUBLE
c,naive,bicg,0.006071,2.409,valid,1,LARGE,DOUBLE
c,naive,bicg,1,0.006314,1,LARGE,DOUBLE
c,naive,bicg,2,0.006078,1,LARGE,DOUBLE
c,naive,bicg,3,0.006224,1,LARGE,DOUBLE
c,naive,bicg,4,0.006108,1,LARGE,DOUBLE
c,naive,bicg,5,0.006231,1,LARGE,DOUBLE
c,naive,cholesky,1.884678,1.010,valid,1,LARGE,DOUBLE
c,naive,cholesky,1,1.888542,1,LARGE,DOUBLE
c,naive,cholesky,2,1.889389,1,LARGE,DOUBLE
c,naive,cholesky,3,1.885477,1,LARGE,DOUBLE
c,naive,cholesky,4,1.885636,1,LARGE,DOUBLE
c,naive,cholesky,5,1.887723,1,LARGE,DOUBLE
c,naive,correlation,0.433077,3.978,valid,1,LARGE,DOUBLE
c,naive,correlation,1,0.426585,1,LARGE,DOUBLE
c,naive,correlation,2,0.433075,1,LARGE,DOUBLE
c,naive,correlation,3,0.429463,1,LARGE,DOUBLE
c,naive,correlation,4,0.433093,1,LARGE,DOUBLE
c,naive,correlation,5,0.426624,1,LARGE,DOUBLE
c,naive,covariance,1.685641,1.010,valid,1,LARGE,DOUBLE
c,naive,covariance,1,1.682445,1,LARGE,DOUBLE
c,naive,covariance,2,1.694487,1,LARGE,DOUBLE
c,naive,covariance,3,1.694535,1,LARGE,DOUBLE
c,naive,covariance,4,1.675251,1,LARGE,DOUBLE
c,naive,covariance,5,1.675684,1,LARGE,DOUBLE
c,naive,deriche,0.136493,1.662,valid,1,LARGE,DOUBLE
c,naive,deriche,1,0.137978,1,LARGE,DOUBLE
c,naive,deriche,2,0.135160,1,LARGE,DOUBLE
c,naive,deriche,3,0.138011,1,LARGE,DOUBLE
c,naive,deriche,4,0.135291,1,LARGE,DOUBLE
c,naive,deriche,5,0.138027,1,LARGE,DOUBLE
c,naive,doitgen,0.143299,5.201,valid,1,LARGE,DOUBLE
c,naive,doitgen,1,0.143357,1,LARGE,DOUBLE
c,naive,doitgen,2,0.143300,1,LARGE,DOUBLE
c,naive,doitgen,3,0.143262,1,LARGE,DOUBLE
c,naive,doitgen,4,0.143298,1,LARGE,DOUBLE
c,naive,doitgen,5,0.143287,1,LARGE,DOUBLE
c,naive,durbin,0.003905,0.983,valid,1,LARGE,DOUBLE
c,naive,durbin,1,0.003902,1,LARGE,DOUBLE
c,naive,durbin,2,0.003906,1,LARGE,DOUBLE
c,naive,durbin,3,0.003911,1,LARGE,DOUBLE
c,naive,durbin,4,0.004010,1,LARGE,DOUBLE
c,naive,durbin,5,0.003905,1,LARGE,DOUBLE
c,naive,fdtd-2d,1.156266,1.515,valid,1,LARGE,DOUBLE
c,naive,fdtd-2d,1,1.147666,1,LARGE,DOUBLE
c,naive,fdtd-2d,2,1.177681,1,LARGE,DOUBLE
c,naive,fdtd-2d,3,1.174898,1,LARGE,DOUBLE
c,naive,fdtd-2d,4,1.169426,1,LARGE,DOUBLE
c,naive,fdtd-2d,5,1.142869,1,LARGE,DOUBLE
c,naive,floyd-warshall,15.320504,1.507,valid,1,LARGE,DOUBLE
c,naive,floyd-warshall,1,15.458470,1,LARGE,DOUBLE
c,naive,floyd-warshall,2,15.297174,1,LARGE,DOUBLE
c,naive,floyd-warshall,3,15.339035,1,LARGE,DOUBLE
c,naive,floyd-warshall,4,15.188715,1,LARGE,DOUBLE
c,naive,floyd-warshall,5,15.242378,1,LARGE,DOUBLE
c,naive,gemm,0.339781,1.325,valid,1,LARGE,DOUBLE
c,naive,gemm,1,0.338627,1,LARGE,DOUBLE
c,naive,gemm,2,0.338968,1,LARGE,DOUBLE
c,naive,gemm,3,0.340617,1,LARGE,DOUBLE
c,naive,gemm,4,0.338592,1,LARGE,DOUBLE
c,naive,gemm,5,0.339752,1,LARGE,DOUBLE
c,naive,gemver,0.013423,1.316,valid,1,LARGE,DOUBLE
c,naive,gemver,1,0.013384,1,LARGE,DOUBLE
c,naive,gemver,2,0.013502,1,LARGE,DOUBLE
c,naive,gemver,3,0.013339,1,LARGE,DOUBLE
c,naive,gemver,4,0.013400,1,LARGE,DOUBLE
c,naive,gemver,5,0.013441,1,LARGE,DOUBLE
c,naive,gesummv,0.000935,6.670,valid,1,LARGE,DOUBLE
c,naive,gesummv,1,0.000951,1,LARGE,DOUBLE
c,naive,gesummv,2,0.000920,1,LARGE,DOUBLE
c,naive,gesummv,3,0.001019,1,LARGE,DOUBLE
c,naive,gesummv,4,0.001031,1,LARGE,DOUBLE
c,naive,gesummv,5,0.001033,1,LARGE,DOUBLE
c,naive,gramschmidt,0.515407,4.865,valid,1,LARGE,DOUBLE
c,naive,gramschmidt,1,0.525552,1,LARGE,DOUBLE
c,naive,gramschmidt,2,0.509095,1,LARGE,DOUBLE
c,naive,gramschmidt,3,0.507865,1,LARGE,DOUBLE
c,naive,gramschmidt,4,0.517742,1,LARGE,DOUBLE
c,naive,gramschmidt,5,0.504315,1,LARGE,DOUBLE
c,naive,heat-3d,1.615349,1.212,valid,1,LARGE,DOUBLE
c,naive,heat-3d,1,1.891121,1,LARGE,DOUBLE
c,naive,heat-3d,2,1.699810,1,LARGE,DOUBLE
c,naive,heat-3d,3,1.959388,1,LARGE,DOUBLE
c,naive,heat-3d,4,1.633876,1,LARGE,DOUBLE
c,naive,heat-3d,5,1.694098,1,LARGE,DOUBLE
c,naive,jacobi-1d,,,compile_error,1,LARGE,DOUBLE
c,naive,jacobi-2d,1.463750,1.115,valid,1,LARGE,DOUBLE
c,naive,jacobi-2d,1,1.451896,1,LARGE,DOUBLE
c,naive,jacobi-2d,2,1.464537,1,LARGE,DOUBLE
c,naive,jacobi-2d,3,1.454659,1,LARGE,DOUBLE
c,naive,jacobi-2d,4,1.451701,1,LARGE,DOUBLE
c,naive,jacobi-2d,5,1.452768,1,LARGE,DOUBLE
c,naive,lu,2.892643,1.515,valid,1,LARGE,DOUBLE
c,naive,lu,1,2.900887,1,LARGE,DOUBLE
c,naive,lu,2,2.892599,1,LARGE,DOUBLE
c,naive,lu,3,2.876484,1,LARGE,DOUBLE
c,naive,lu,4,2.871129,1,LARGE,DOUBLE
c,naive,lu,5,2.916182,1,LARGE,DOUBLE
c,naive,ludcmp,,,compile_error,1,LARGE,DOUBLE
c,naive,mvt,0.006163,2.382,valid,1,LARGE,DOUBLE
c,naive,mvt,1,0.006185,1,LARGE,DOUBLE
c,naive,mvt,2,0.006095,1,LARGE,DOUBLE
c,naive,mvt,3,0.006071,1,LARGE,DOUBLE
c,naive,mvt,4,0.006079,1,LARGE,DOUBLE
c,naive,mvt,5,0.006049,1,LARGE,DOUBLE
c,naive,nussinov,4.118427,1.898,valid,1,LARGE,DOUBLE
c,naive,nussinov,1,4.029133,1,LARGE,DOUBLE
c,naive,nussinov,2,4.057842,1,LARGE,DOUBLE
c,naive,nussinov,3,4.091820,1,LARGE,DOUBLE
c,naive,nussinov,4,4.104556,1,LARGE,DOUBLE
c,naive,nussinov,5,4.063779,1,LARGE,DOUBLE
c,naive,seidel-2d,,,compile_error,1,LARGE,DOUBLE
c,naive,symm,0.470018,3.329,valid,1,LARGE,DOUBLE
c,naive,symm,1,0.471367,1,LARGE,DOUBLE
c,naive,symm,2,0.473506,1,LARGE,DOUBLE
c,naive,symm,3,0.480297,1,LARGE,DOUBLE
c,naive,symm,4,0.477852,1,LARGE,DOUBLE
c,naive,symm,5,0.472336,1,LARGE,DOUBLE
c,naive,syr2k,1.026992,1.295,valid,1,LARGE,DOUBLE
c,naive,syr2k,1,1.026166,1,LARGE,DOUBLE
c,naive,syr2k,2,1.026393,1,LARGE,DOUBLE
c,naive,syr2k,3,1.026482,1,LARGE,DOUBLE
c,naive,syr2k,4,1.027697,1,LARGE,DOUBLE
c,naive,syr2k,5,1.026356,1,LARGE,DOUBLE
c,naive,syrk,0.033124,19.813,valid,1,LARGE,DOUBLE
c,naive,syrk,1,0.033283,1,LARGE,DOUBLE
c,naive,syrk,2,0.033163,1,LARGE,DOUBLE
c,naive,syrk,3,0.033808,1,LARGE,DOUBLE
c,naive,syrk,4,0.032899,1,LARGE,DOUBLE
c,naive,syrk,5,0.033355,1,LARGE,DOUBLE
c,naive,trisolv,0.003116,0.999,valid,1,LARGE,DOUBLE
c,naive,trisolv,1,0.003104,1,LARGE,DOUBLE
c,naive,trisolv,2,0.003095,1,LARGE,DOUBLE
c,naive,trisolv,3,0.003086,1,LARGE,DOUBLE
c,naive,trisolv,4,0.003104,1,LARGE,DOUBLE
c,naive,trisolv,5,0.003114,1,LARGE,DOUBLE
c,naive,trmm,0.203476,4.839,valid,1,LARGE,DOUBLE
c,naive,trmm,1,0.205360,1,LARGE,DOUBLE
c,naive,trmm,2,0.204765,1,LARGE,DOUBLE
c,naive,trmm,3,0.204871,1,LARGE,DOUBLE
c,naive,trmm,4,0.205560,1,LARGE,DOUBLE
c,naive,trmm,5,0.204436,1,LARGE,DOUBLE
-- The C compiler identification is GNU 15.2.0
-- Detecting C compiler ABI info
-- Detecting C compiler ABI info - done
-- Check for working C compiler: /usr/local/latestgcc/bin/gcc - skipped
-- Detecting C compile features
-- Detecting C compile features - done
-- Configuring done (0.3s)
-- Generating done (0.8s)
-- Build files have been written to: /home/kleplj/naive/optimization/naive/PolybenchC-4.2.1/build
[  7%] Building C object CMakeFiles/lu.dir/linear-algebra/solvers/lu/lu.c.o
[  8%] Building C object CMakeFiles/correlation.dir/utilities/polybench.c.o
[  7%] Building C object CMakeFiles/lu.dir/utilities/polybench.c.o
[  7%] Building C object CMakeFiles/covariance.dir/datamining/covariance/covariance.c.o
[  7%] Building C object CMakeFiles/covariance.dir/utilities/polybench.c.o
[ 21%] Building C object CMakeFiles/cholesky.dir/linear-algebra/solvers/cholesky/cholesky.c.o
[ 21%] Building C object CMakeFiles/gramschmidt.dir/utilities/polybench.c.o
[ 57%] Building C object CMakeFiles/gramschmidt.dir/linear-algebra/solvers/gramschmidt/gramschmidt.c.o
[ 57%] Building C object CMakeFiles/gemver.dir/linear-algebra/blas/gemver/gemver.c.o
[ 57%] Building C object CMakeFiles/durbin.dir/linear-algebra/solvers/durbin/durbin.c.o
[ 57%] Building C object CMakeFiles/ludcmp.dir/linear-algebra/solvers/ludcmp/ludcmp.c.o
[ 57%] Building C object CMakeFiles/trisolv.dir/utilities/polybench.c.o
[ 57%] Building C object CMakeFiles/nussinov.dir/medley/nussinov/nussinov.c.o
[ 57%] Building C object CMakeFiles/trisolv.dir/linear-algebra/solvers/trisolv/trisolv.c.o
[ 57%] Building C object CMakeFiles/cholesky.dir/utilities/polybench.c.o
[ 57%] Building C object CMakeFiles/correlation.dir/datamining/correlation/correlation.c.o
[ 57%] Building C object CMakeFiles/gesummv.dir/linear-algebra/blas/gesummv/gesummv.c.o
[ 57%] Building C object CMakeFiles/trmm.dir/linear-algebra/blas/trmm/trmm.c.o
[ 57%] Building C object CMakeFiles/gemm.dir/utilities/polybench.c.o
[ 66%] Building C object CMakeFiles/mvt.dir/utilities/polybench.c.o
[ 66%] Building C object CMakeFiles/atax.dir/linear-algebra/kernels/atax/atax.c.o
[ 66%] Building C object CMakeFiles/bicg.dir/utilities/polybench.c.o
[ 66%] Building C object CMakeFiles/syr2k.dir/linear-algebra/blas/syr2k/syr2k.c.o
[ 66%] Building C object CMakeFiles/doitgen.dir/utilities/polybench.c.o
[ 66%] Building C object CMakeFiles/syr2k.dir/utilities/polybench.c.o
[ 66%] Building C object CMakeFiles/symm.dir/utilities/polybench.c.o
[ 66%] Building C object CMakeFiles/trmm.dir/utilities/polybench.c.o
[ 66%] Building C object CMakeFiles/gemver.dir/utilities/polybench.c.o
[ 66%] Building C object CMakeFiles/bicg.dir/linear-algebra/kernels/bicg/bicg.c.o
[ 66%] Building C object CMakeFiles/gesummv.dir/utilities/polybench.c.o
[ 66%] Building C object CMakeFiles/mvt.dir/linear-algebra/kernels/mvt/mvt.c.o
[ 66%] Building C object CMakeFiles/3mm.dir/linear-algebra/kernels/3mm/3mm.c.o
[ 66%] Building C object CMakeFiles/syrk.dir/linear-algebra/blas/syrk/syrk.c.o
[ 66%] Building C object CMakeFiles/3mm.dir/utilities/polybench.c.o
[ 66%] Building C object CMakeFiles/symm.dir/linear-algebra/blas/symm/symm.c.o
[ 66%] Building C object CMakeFiles/durbin.dir/utilities/polybench.c.o
[ 66%] Building C object CMakeFiles/heat-3d.dir/utilities/polybench.c.o
[ 66%] Building C object CMakeFiles/ludcmp.dir/utilities/polybench.c.o
[ 66%] Building C object CMakeFiles/gemm.dir/linear-algebra/blas/gemm/gemm.c.o
[ 66%] Building C object CMakeFiles/2mm.dir/utilities/polybench.c.o
[ 66%] Building C object CMakeFiles/nussinov.dir/utilities/polybench.c.o
[ 66%] Building C object CMakeFiles/2mm.dir/linear-algebra/kernels/2mm/2mm.c.o
[ 66%] Building C object CMakeFiles/doitgen.dir/linear-algebra/kernels/doitgen/doitgen.c.o
[ 66%] Building C object CMakeFiles/fdtd-2d.dir/stencils/fdtd-2d/fdtd-2d.c.o
[ 66%] Building C object CMakeFiles/atax.dir/utilities/polybench.c.o
[ 66%] Building C object CMakeFiles/floyd-warshall.dir/medley/floyd-warshall/floyd-warshall.c.o
[ 66%] Building C object CMakeFiles/heat-3d.dir/stencils/heat-3d/heat-3d.c.o
[ 66%] Building C object CMakeFiles/fdtd-2d.dir/utilities/polybench.c.o
[ 66%] Building C object CMakeFiles/jacobi-1d.dir/stencils/jacobi-1d/jacobi-1d.c.o
[ 66%] Building C object CMakeFiles/seidel-2d.dir/stencils/seidel-2d/seidel-2d.c.o
[ 66%] Building C object CMakeFiles/deriche.dir/utilities/polybench.c.o
[ 66%] Building C object CMakeFiles/floyd-warshall.dir/utilities/polybench.c.o
[ 66%] Building C object CMakeFiles/adi.dir/stencils/adi/adi.c.o
[ 66%] Building C object CMakeFiles/jacobi-2d.dir/utilities/polybench.c.o
[ 66%] Building C object CMakeFiles/jacobi-2d.dir/stencils/jacobi-2d/jacobi-2d.c.o
[ 66%] Building C object CMakeFiles/seidel-2d.dir/utilities/polybench.c.o
[ 66%] Building C object CMakeFiles/jacobi-1d.dir/utilities/polybench.c.o
[ 66%] Building C object CMakeFiles/syrk.dir/utilities/polybench.c.o
[ 66%] Building C object CMakeFiles/adi.dir/utilities/polybench.c.o
[ 66%] Building C object CMakeFiles/deriche.dir/medley/deriche/deriche.c.o
[ 67%] Linking C executable deriche
[ 70%] Linking C executable covariance
[ 71%] Linking C executable mvt
[ 71%] Linking C executable seidel-2d
[ 73%] Linking C executable syrk
[ 74%] Linking C executable gesummv
[ 74%] Linking C executable durbin
[ 75%] Linking C executable bicg
[ 77%] Linking C executable trmm
[ 77%] Linking C executable jacobi-2d
[ 78%] Linking C executable syr2k
[ 80%] Built target deriche
[ 81%] Linking C executable adi
[ 81%] Linking C executable lu
[ 83%] Linking C executable gemver
[ 83%] Linking C executable atax
[ 84%] Linking C executable trisolv
[ 86%] Linking C executable floyd-warshall
[ 86%] Linking C executable doitgen
[ 87%] Linking C executable nussinov
[ 88%] Linking C executable 2mm
[ 90%] Built target covariance
[ 90%] Linking C executable fdtd-2d
[ 91%] Built target mvt
[ 91%] Linking C executable symm
[ 93%] Built target gesummv
[ 93%] Linking C executable gramschmidt
[ 93%] Built target seidel-2d
[ 93%] Built target durbin
[ 93%] Linking C executable gemm
[ 93%] Built target syrk
[ 93%] Built target bicg
[ 93%] Built target trmm
[ 94%] Linking C executable correlation
[ 94%] Built target jacobi-2d
[ 94%] Built target syr2k
[ 95%] Linking C executable jacobi-1d
[ 95%] Built target lu
[ 95%] Built target adi
[ 95%] Built target gemver
[ 95%] Built target trisolv
[ 95%] Built target atax
[ 95%] Built target floyd-warshall
[ 95%] Built target doitgen
[ 95%] Built target nussinov
[ 96%] Linking C executable cholesky
[ 96%] Built target 2mm
[ 96%] Built target fdtd-2d
[ 96%] Built target symm
[ 96%] Built target gemm
[ 96%] Built target gramschmidt
[ 96%] Built target correlation
[ 97%] Linking C executable ludcmp
[ 98%] Built target jacobi-1d
[ 98%] Linking C executable heat-3d
[100%] Linking C executable 3mm
[100%] Built target cholesky
[100%] Built target ludcmp
[100%] Built target heat-3d
[100%] Built target 3mm
c,naive,2mm,0.565329,4.612,valid,2,LARGE,DOUBLE
c,naive,2mm,1,0.560134,2,LARGE,DOUBLE
c,naive,2mm,2,0.567134,2,LARGE,DOUBLE
c,naive,2mm,3,0.572782,2,LARGE,DOUBLE
c,naive,2mm,4,0.564623,2,LARGE,DOUBLE
c,naive,2mm,5,0.560464,2,LARGE,DOUBLE
c,naive,3mm,0.619565,6.279,valid,2,LARGE,DOUBLE
c,naive,3mm,1,0.620115,2,LARGE,DOUBLE
c,naive,3mm,2,0.620376,2,LARGE,DOUBLE
c,naive,3mm,3,0.619556,2,LARGE,DOUBLE
c,naive,3mm,4,0.620040,2,LARGE,DOUBLE
c,naive,3mm,5,0.620310,2,LARGE,DOUBLE
c,naive,adi,11.756335,0.881,valid,2,LARGE,DOUBLE
c,naive,adi,1,11.680384,2,LARGE,DOUBLE
c,naive,adi,2,11.625946,2,LARGE,DOUBLE
c,naive,adi,3,11.773717,2,LARGE,DOUBLE
c,naive,adi,4,11.791128,2,LARGE,DOUBLE
c,naive,adi,5,11.791983,2,LARGE,DOUBLE
c,naive,atax,0.008268,1.047,valid,2,LARGE,DOUBLE
c,naive,atax,1,0.008345,2,LARGE,DOUBLE
c,naive,atax,2,0.008440,2,LARGE,DOUBLE
c,naive,atax,3,0.008317,2,LARGE,DOUBLE
c,naive,atax,4,0.008327,2,LARGE,DOUBLE
c,naive,atax,5,0.008265,2,LARGE,DOUBLE
c,naive,bicg,0.006332,2.313,valid,2,LARGE,DOUBLE
c,naive,bicg,1,0.006299,2,LARGE,DOUBLE
c,naive,bicg,2,0.006200,2,LARGE,DOUBLE
c,naive,bicg,3,0.006355,2,LARGE,DOUBLE
c,naive,bicg,4,0.008233,2,LARGE,DOUBLE
c,naive,bicg,5,0.006093,2,LARGE,DOUBLE
c,naive,cholesky,1.891495,1.006,valid,2,LARGE,DOUBLE
c,naive,cholesky,1,1.888259,2,LARGE,DOUBLE
c,naive,cholesky,2,1.888709,2,LARGE,DOUBLE
c,naive,cholesky,3,1.891741,2,LARGE,DOUBLE
c,naive,cholesky,4,1.893787,2,LARGE,DOUBLE
c,naive,cholesky,5,1.890533,2,LARGE,DOUBLE
c,naive,correlation,0.436109,3.914,valid,2,LARGE,DOUBLE
c,naive,correlation,1,0.444271,2,LARGE,DOUBLE
c,naive,correlation,2,0.451355,2,LARGE,DOUBLE
c,naive,correlation,3,0.450588,2,LARGE,DOUBLE
c,naive,correlation,4,0.440523,2,LARGE,DOUBLE
c,naive,correlation,5,0.439453,2,LARGE,DOUBLE
c,naive,covariance,1.437828,1.178,valid,2,LARGE,DOUBLE
c,naive,covariance,1,1.437691,2,LARGE,DOUBLE
c,naive,covariance,2,1.437291,2,LARGE,DOUBLE
c,naive,covariance,3,1.437358,2,LARGE,DOUBLE
c,naive,covariance,4,1.438188,2,LARGE,DOUBLE
c,naive,covariance,5,1.437545,2,LARGE,DOUBLE
c,naive,deriche,0.152952,1.482,valid,2,LARGE,DOUBLE
c,naive,deriche,1,0.153629,2,LARGE,DOUBLE
c,naive,deriche,2,0.153647,2,LARGE,DOUBLE
c,naive,deriche,3,0.153575,2,LARGE,DOUBLE
c,naive,deriche,4,0.152911,2,LARGE,DOUBLE
c,naive,deriche,5,0.153046,2,LARGE,DOUBLE
c,naive,doitgen,0.134960,5.497,valid,2,LARGE,DOUBLE
c,naive,doitgen,1,0.134797,2,LARGE,DOUBLE
c,naive,doitgen,2,0.134943,2,LARGE,DOUBLE
c,naive,doitgen,3,0.134878,2,LARGE,DOUBLE
c,naive,doitgen,4,0.135022,2,LARGE,DOUBLE
c,naive,doitgen,5,0.135319,2,LARGE,DOUBLE
c,naive,durbin,0.004961,0.774,valid,2,LARGE,DOUBLE
c,naive,durbin,1,0.004951,2,LARGE,DOUBLE
c,naive,durbin,2,0.004966,2,LARGE,DOUBLE
c,naive,durbin,3,0.004891,2,LARGE,DOUBLE
c,naive,durbin,4,0.004946,2,LARGE,DOUBLE
c,naive,durbin,5,0.004965,2,LARGE,DOUBLE
c,naive,fdtd-2d,1.719369,1.004,valid,2,LARGE,DOUBLE
c,naive,fdtd-2d,1,1.731912,2,LARGE,DOUBLE
c,naive,fdtd-2d,2,1.729759,2,LARGE,DOUBLE
c,naive,fdtd-2d,3,1.733353,2,LARGE,DOUBLE
c,naive,fdtd-2d,4,1.704647,2,LARGE,DOUBLE
c,naive,fdtd-2d,5,1.699412,2,LARGE,DOUBLE
c,naive,floyd-warshall,14.868429,1.541,valid,2,LARGE,DOUBLE
c,naive,floyd-warshall,1,15.034326,2,LARGE,DOUBLE
c,naive,floyd-warshall,2,14.903462,2,LARGE,DOUBLE
c,naive,floyd-warshall,3,14.852143,2,LARGE,DOUBLE
c,naive,floyd-warshall,4,15.229284,2,LARGE,DOUBLE
c,naive,floyd-warshall,5,15.090433,2,LARGE,DOUBLE
c,naive,gemm,0.281519,1.592,valid,2,LARGE,DOUBLE
c,naive,gemm,1,0.281855,2,LARGE,DOUBLE
c,naive,gemm,2,0.281088,2,LARGE,DOUBLE
c,naive,gemm,3,0.281658,2,LARGE,DOUBLE
c,naive,gemm,4,0.281008,2,LARGE,DOUBLE
c,naive,gemm,5,0.280769,2,LARGE,DOUBLE
c,naive,gemver,0.011531,1.540,valid,2,LARGE,DOUBLE
c,naive,gemver,1,0.011442,2,LARGE,DOUBLE
c,naive,gemver,2,0.011320,2,LARGE,DOUBLE
c,naive,gemver,3,0.011299,2,LARGE,DOUBLE
c,naive,gemver,4,0.011368,2,LARGE,DOUBLE
c,naive,gemver,5,0.011277,2,LARGE,DOUBLE
c,naive,gesummv,0.002778,2.239,valid,2,LARGE,DOUBLE
c,naive,gesummv,1,0.002797,2,LARGE,DOUBLE
c,naive,gesummv,2,0.002739,2,LARGE,DOUBLE
c,naive,gesummv,3,0.002818,2,LARGE,DOUBLE
c,naive,gesummv,4,0.002745,2,LARGE,DOUBLE
c,naive,gesummv,5,0.002749,2,LARGE,DOUBLE
c,naive,gramschmidt,0.615003,,validity_error,2,LARGE,DOUBLE
c,naive,heat-3d,1.969127,0.995,valid,2,LARGE,DOUBLE
c,naive,heat-3d,1,1.963431,2,LARGE,DOUBLE
c,naive,heat-3d,2,1.985380,2,LARGE,DOUBLE
c,naive,heat-3d,3,1.967692,2,LARGE,DOUBLE
c,naive,heat-3d,4,1.969594,2,LARGE,DOUBLE
c,naive,heat-3d,5,1.969697,2,LARGE,DOUBLE
c,naive,jacobi-1d,0.002834,0.330,valid,2,LARGE,DOUBLE
c,naive,jacobi-1d,1,0.002832,2,LARGE,DOUBLE
c,naive,jacobi-1d,2,0.002831,2,LARGE,DOUBLE
c,naive,jacobi-1d,3,0.008221,2,LARGE,DOUBLE
c,naive,jacobi-1d,4,0.002831,2,LARGE,DOUBLE
c,naive,jacobi-1d,5,0.002831,2,LARGE,DOUBLE
c,naive,jacobi-2d,1.641502,1.006,valid,2,LARGE,DOUBLE
c,naive,jacobi-2d,1,1.667005,2,LARGE,DOUBLE
c,naive,jacobi-2d,2,1.659761,2,LARGE,DOUBLE
c,naive,jacobi-2d,3,1.664878,2,LARGE,DOUBLE
c,naive,jacobi-2d,4,1.652636,2,LARGE,DOUBLE
c,naive,jacobi-2d,5,1.647075,2,LARGE,DOUBLE
c,naive,lu,2.882242,1.521,valid,2,LARGE,DOUBLE
c,naive,lu,1,2.909191,2,LARGE,DOUBLE
c,naive,lu,2,2.885200,2,LARGE,DOUBLE
c,naive,lu,3,2.900659,2,LARGE,DOUBLE
c,naive,lu,4,2.885818,2,LARGE,DOUBLE
c,naive,lu,5,2.891584,2,LARGE,DOUBLE
c,naive,ludcmp,2.941593,1.491,valid,2,LARGE,DOUBLE
c,naive,ludcmp,1,2.937708,2,LARGE,DOUBLE
c,naive,ludcmp,2,2.921971,2,LARGE,DOUBLE
c,naive,ludcmp,3,2.888067,2,LARGE,DOUBLE
c,naive,ludcmp,4,2.890954,2,LARGE,DOUBLE
c,naive,ludcmp,5,2.875678,2,LARGE,DOUBLE
c,naive,mvt,0.006107,2.405,valid,2,LARGE,DOUBLE
c,naive,mvt,1,0.006150,2,LARGE,DOUBLE
c,naive,mvt,2,0.006094,2,LARGE,DOUBLE
c,naive,mvt,3,0.006149,2,LARGE,DOUBLE
c,naive,mvt,4,0.006086,2,LARGE,DOUBLE
c,naive,mvt,5,0.006144,2,LARGE,DOUBLE
c,naive,nussinov,4.051558,1.902,valid,2,LARGE,DOUBLE
c,naive,nussinov,1,4.064279,2,LARGE,DOUBLE
c,naive,nussinov,2,4.047890,2,LARGE,DOUBLE
c,naive,nussinov,3,4.059748,2,LARGE,DOUBLE
c,naive,nussinov,4,4.035287,2,LARGE,DOUBLE
c,naive,nussinov,5,4.037580,2,LARGE,DOUBLE
c,naive,seidel-2d,29.865058,0.910,valid,2,LARGE,DOUBLE
c,naive,seidel-2d,1,29.865800,2,LARGE,DOUBLE
c,naive,seidel-2d,2,29.866515,2,LARGE,DOUBLE
c,naive,seidel-2d,3,29.864535,2,LARGE,DOUBLE
c,naive,seidel-2d,4,29.863119,2,LARGE,DOUBLE
c,naive,seidel-2d,5,29.863432,2,LARGE,DOUBLE
c,naive,symm,0.475600,3.284,valid,2,LARGE,DOUBLE
c,naive,symm,1,0.479881,2,LARGE,DOUBLE
c,naive,symm,2,0.477145,2,LARGE,DOUBLE
c,naive,symm,3,0.471905,2,LARGE,DOUBLE
c,naive,symm,4,0.472670,2,LARGE,DOUBLE
c,naive,symm,5,0.478058,2,LARGE,DOUBLE
c,naive,syr2k,1.132100,1.169,valid,2,LARGE,DOUBLE
c,naive,syr2k,1,1.131493,2,LARGE,DOUBLE
c,naive,syr2k,2,1.131668,2,LARGE,DOUBLE
c,naive,syr2k,3,1.132593,2,LARGE,DOUBLE
c,naive,syr2k,4,1.132133,2,LARGE,DOUBLE
c,naive,syr2k,5,1.132165,2,LARGE,DOUBLE
c,naive,syrk,1.122426,0.586,valid,2,LARGE,DOUBLE
c,naive,syrk,1,1.121675,2,LARGE,DOUBLE
c,naive,syrk,2,1.122251,2,LARGE,DOUBLE
c,naive,syrk,3,1.121916,2,LARGE,DOUBLE
c,naive,syrk,4,1.122000,2,LARGE,DOUBLE
c,naive,syrk,5,1.122280,2,LARGE,DOUBLE
c,naive,trisolv,0.003099,1.000,valid,2,LARGE,DOUBLE
c,naive,trisolv,1,0.003108,2,LARGE,DOUBLE
c,naive,trisolv,2,0.003095,2,LARGE,DOUBLE
c,naive,trisolv,3,0.003094,2,LARGE,DOUBLE
c,naive,trisolv,4,0.003102,2,LARGE,DOUBLE
c,naive,trisolv,5,0.003072,2,LARGE,DOUBLE
c,naive,trmm,0.205220,4.782,valid,2,LARGE,DOUBLE
c,naive,trmm,1,0.203613,2,LARGE,DOUBLE
c,naive,trmm,2,0.202755,2,LARGE,DOUBLE
c,naive,trmm,3,0.208387,2,LARGE,DOUBLE
c,naive,trmm,4,0.201476,2,LARGE,DOUBLE
c,naive,trmm,5,0.202442,2,LARGE,DOUBLE
-- The C compiler identification is GNU 15.2.0
-- Detecting C compiler ABI info
-- Detecting C compiler ABI info - done
-- Check for working C compiler: /usr/local/latestgcc/bin/gcc - skipped
-- Detecting C compile features
-- Detecting C compile features - done
-- Configuring done (0.4s)
-- Generating done (0.8s)
-- Build files have been written to: /home/kleplj/naive/optimization/naive/PolybenchC-4.2.1/build
[ 12%] Building C object CMakeFiles/lu.dir/utilities/polybench.c.o
[ 12%] Building C object CMakeFiles/lu.dir/linear-algebra/solvers/lu/lu.c.o
[ 12%] Building C object CMakeFiles/covariance.dir/datamining/covariance/covariance.c.o
[ 12%] Building C object CMakeFiles/cholesky.dir/utilities/polybench.c.o
[ 12%] Building C object CMakeFiles/correlation.dir/datamining/correlation/correlation.c.o
[ 12%] Building C object CMakeFiles/cholesky.dir/linear-algebra/solvers/cholesky/cholesky.c.o
[ 12%] Building C object CMakeFiles/syr2k.dir/utilities/polybench.c.o
[ 12%] Building C object CMakeFiles/covariance.dir/utilities/polybench.c.o
[ 30%] Building C object CMakeFiles/correlation.dir/utilities/polybench.c.o
[ 30%] Building C object CMakeFiles/durbin.dir/linear-algebra/solvers/durbin/durbin.c.o
[ 66%] Building C object CMakeFiles/syr2k.dir/linear-algebra/blas/syr2k/syr2k.c.o
[ 66%] Building C object CMakeFiles/syrk.dir/linear-algebra/blas/syrk/syrk.c.o
[ 66%] Building C object CMakeFiles/trisolv.dir/linear-algebra/solvers/trisolv/trisolv.c.o
[ 66%] Building C object CMakeFiles/gemm.dir/linear-algebra/blas/gemm/gemm.c.o
[ 66%] Building C object CMakeFiles/gramschmidt.dir/linear-algebra/solvers/gramschmidt/gramschmidt.c.o
[ 66%] Building C object CMakeFiles/ludcmp.dir/utilities/polybench.c.o
[ 66%] Building C object CMakeFiles/trisolv.dir/utilities/polybench.c.o
[ 66%] Building C object CMakeFiles/gesummv.dir/linear-algebra/blas/gesummv/gesummv.c.o
[ 66%] Building C object CMakeFiles/gemver.dir/utilities/polybench.c.o
[ 66%] Building C object CMakeFiles/gesummv.dir/utilities/polybench.c.o
[ 66%] Building C object CMakeFiles/gemver.dir/linear-algebra/blas/gemver/gemver.c.o
[ 66%] Building C object CMakeFiles/gramschmidt.dir/utilities/polybench.c.o
[ 66%] Building C object CMakeFiles/durbin.dir/utilities/polybench.c.o
[ 66%] Building C object CMakeFiles/ludcmp.dir/linear-algebra/solvers/ludcmp/ludcmp.c.o
[ 66%] Building C object CMakeFiles/jacobi-1d.dir/stencils/jacobi-1d/jacobi-1d.c.o
[ 66%] Building C object CMakeFiles/fdtd-2d.dir/utilities/polybench.c.o
[ 66%] Building C object CMakeFiles/seidel-2d.dir/stencils/seidel-2d/seidel-2d.c.o
[ 66%] Building C object CMakeFiles/jacobi-1d.dir/utilities/polybench.c.o
[ 66%] Building C object CMakeFiles/seidel-2d.dir/utilities/polybench.c.o
[ 66%] Building C object CMakeFiles/jacobi-2d.dir/stencils/jacobi-2d/jacobi-2d.c.o
[ 66%] Building C object CMakeFiles/jacobi-2d.dir/utilities/polybench.c.o
[ 66%] Building C object CMakeFiles/heat-3d.dir/stencils/heat-3d/heat-3d.c.o
[ 66%] Building C object CMakeFiles/fdtd-2d.dir/stencils/fdtd-2d/fdtd-2d.c.o
[ 66%] Building C object CMakeFiles/floyd-warshall.dir/utilities/polybench.c.o
[ 66%] Building C object CMakeFiles/heat-3d.dir/utilities/polybench.c.o
[ 66%] Building C object CMakeFiles/deriche.dir/medley/deriche/deriche.c.o
[ 66%] Building C object CMakeFiles/doitgen.dir/utilities/polybench.c.o
[ 66%] Building C object CMakeFiles/2mm.dir/linear-algebra/kernels/2mm/2mm.c.o
[ 66%] Building C object CMakeFiles/nussinov.dir/utilities/polybench.c.o
[ 66%] Building C object CMakeFiles/floyd-warshall.dir/medley/floyd-warshall/floyd-warshall.c.o
[ 66%] Building C object CMakeFiles/atax.dir/linear-algebra/kernels/atax/atax.c.o
[ 66%] Building C object CMakeFiles/2mm.dir/utilities/polybench.c.o
[ 66%] Building C object CMakeFiles/atax.dir/utilities/polybench.c.o
[ 66%] Building C object CMakeFiles/3mm.dir/utilities/polybench.c.o
[ 66%] Building C object CMakeFiles/mvt.dir/utilities/polybench.c.o
[ 66%] Building C object CMakeFiles/3mm.dir/linear-algebra/kernels/3mm/3mm.c.o
[ 66%] Building C object CMakeFiles/symm.dir/utilities/polybench.c.o
[ 66%] Building C object CMakeFiles/mvt.dir/linear-algebra/kernels/mvt/mvt.c.o
[ 66%] Building C object CMakeFiles/doitgen.dir/linear-algebra/kernels/doitgen/doitgen.c.o
[ 66%] Building C object CMakeFiles/nussinov.dir/medley/nussinov/nussinov.c.o
[ 66%] Building C object CMakeFiles/trmm.dir/utilities/polybench.c.o
[ 66%] Building C object CMakeFiles/adi.dir/stencils/adi/adi.c.o
[ 66%] Building C object CMakeFiles/trmm.dir/linear-algebra/blas/trmm/trmm.c.o
[ 66%] Building C object CMakeFiles/adi.dir/utilities/polybench.c.o
[ 66%] Building C object CMakeFiles/gemm.dir/utilities/polybench.c.o
[ 66%] Building C object CMakeFiles/bicg.dir/linear-algebra/kernels/bicg/bicg.c.o
[ 66%] Building C object CMakeFiles/syrk.dir/utilities/polybench.c.o
[ 66%] Building C object CMakeFiles/bicg.dir/utilities/polybench.c.o
[ 66%] Building C object CMakeFiles/deriche.dir/utilities/polybench.c.o
[ 66%] Building C object CMakeFiles/symm.dir/linear-algebra/blas/symm/symm.c.o
[ 67%] Linking C executable syr2k
[ 68%] Linking C executable durbin
[ 71%] Linking C executable trisolv
[ 71%] Linking C executable jacobi-1d
[ 72%] Linking C executable syrk
[ 74%] Linking C executable seidel-2d
[ 74%] Linking C executable bicg
[ 75%] Linking C executable gesummv
[ 77%] Linking C executable jacobi-2d
[ 78%] Linking C executable deriche
[ 78%] Linking C executable gemver
[ 82%] Linking C executable covariance
[ 83%] Linking C executable trmm
[ 84%] Linking C executable atax
[ 84%] Linking C executable floyd-warshall
[ 85%] Linking C executable gemm
[ 85%] Linking C executable 2mm
[ 86%] Linking C executable cholesky
[ 87%] Linking C executable doitgen
[ 87%] Built target syr2k
[ 87%] Built target durbin
[ 88%] Linking C executable 3mm
[ 90%] Linking C executable symm
[ 90%] Built target jacobi-1d
[ 91%] Built target trisolv
[ 91%] Linking C executable nussinov
[ 91%] Built target bicg
[ 91%] Built target syrk
[ 91%] Built target seidel-2d
[ 94%] Linking C executable correlation
[ 94%] Linking C executable fdtd-2d
[ 94%] Linking C executable adi
[ 94%] Built target gesummv
[ 96%] Linking C executable lu
[ 96%] Linking C executable mvt
[ 96%] Built target jacobi-2d
[ 96%] Built target gemver
[ 96%] Built target deriche
[ 96%] Built target trmm
[ 96%] Built target covariance
[ 96%] Built target gemm
[ 96%] Built target atax
[ 96%] Built target floyd-warshall
[ 96%] Built target 2mm
[ 96%] Built target cholesky
[ 96%] Built target doitgen
[ 96%] Built target 3mm
[ 96%] Built target symm
[ 96%] Built target nussinov
[ 97%] Linking C executable heat-3d
[ 98%] Linking C executable ludcmp
[ 98%] Built target correlation
[ 98%] Built target adi
[ 98%] Built target fdtd-2d
[ 98%] Built target lu
[ 98%] Built target mvt
[100%] Linking C executable gramschmidt
[100%] Built target heat-3d
[100%] Built target ludcmp
[100%] Built target gramschmidt
c,naive,2mm,0.566870,4.583,valid,3,LARGE,DOUBLE
c,naive,2mm,1,0.561051,3,LARGE,DOUBLE
c,naive,2mm,2,0.561126,3,LARGE,DOUBLE
c,naive,2mm,3,0.560963,3,LARGE,DOUBLE
c,naive,2mm,4,0.560965,3,LARGE,DOUBLE
c,naive,2mm,5,0.568897,3,LARGE,DOUBLE
c,naive,3mm,0.917769,4.295,valid,3,LARGE,DOUBLE
c,naive,3mm,1,0.945070,3,LARGE,DOUBLE
c,naive,3mm,2,0.921871,3,LARGE,DOUBLE
c,naive,3mm,3,0.930301,3,LARGE,DOUBLE
c,naive,3mm,4,0.920751,3,LARGE,DOUBLE
c,naive,3mm,5,0.928515,3,LARGE,DOUBLE
c,naive,adi,8.301374,1.249,valid,3,LARGE,DOUBLE
c,naive,adi,1,8.327255,3,LARGE,DOUBLE
c,naive,adi,2,8.320717,3,LARGE,DOUBLE
c,naive,adi,3,8.351388,3,LARGE,DOUBLE
c,naive,adi,4,8.335338,3,LARGE,DOUBLE
c,naive,adi,5,8.385208,3,LARGE,DOUBLE
c,naive,atax,0.008313,1.034,valid,3,LARGE,DOUBLE
c,naive,atax,1,0.008301,3,LARGE,DOUBLE
c,naive,atax,2,0.008288,3,LARGE,DOUBLE
c,naive,atax,3,0.008263,3,LARGE,DOUBLE
c,naive,atax,4,0.008317,3,LARGE,DOUBLE
c,naive,atax,5,0.008308,3,LARGE,DOUBLE
c,naive,bicg,0.006335,2.308,valid,3,LARGE,DOUBLE
c,naive,bicg,1,0.006242,3,LARGE,DOUBLE
c,naive,bicg,2,0.006087,3,LARGE,DOUBLE
c,naive,bicg,3,0.006173,3,LARGE,DOUBLE
c,naive,bicg,4,0.006256,3,LARGE,DOUBLE
c,naive,bicg,5,0.006434,3,LARGE,DOUBLE
c,naive,cholesky,1.889727,1.007,valid,3,LARGE,DOUBLE
c,naive,cholesky,1,1.888415,3,LARGE,DOUBLE
c,naive,cholesky,2,1.896694,3,LARGE,DOUBLE
c,naive,cholesky,3,1.886963,3,LARGE,DOUBLE
c,naive,cholesky,4,1.892262,3,LARGE,DOUBLE
c,naive,cholesky,5,1.890541,3,LARGE,DOUBLE
c,naive,correlation,0.435332,3.922,valid,3,LARGE,DOUBLE
c,naive,correlation,1,0.436192,3,LARGE,DOUBLE
c,naive,correlation,2,0.436023,3,LARGE,DOUBLE
c,naive,correlation,3,0.438016,3,LARGE,DOUBLE
c,naive,correlation,4,0.437573,3,LARGE,DOUBLE
c,naive,correlation,5,0.437239,3,LARGE,DOUBLE
c,naive,covariance,0.439372,3.916,valid,3,LARGE,DOUBLE
c,naive,covariance,1,0.443644,3,LARGE,DOUBLE
c,naive,covariance,2,0.438018,3,LARGE,DOUBLE
c,naive,covariance,3,0.437753,3,LARGE,DOUBLE
c,naive,covariance,4,0.437523,3,LARGE,DOUBLE
c,naive,covariance,5,0.437002,3,LARGE,DOUBLE
c,naive,deriche,0.307373,0.743,valid,3,LARGE,DOUBLE
c,naive,deriche,1,0.303085,3,LARGE,DOUBLE
c,naive,deriche,2,0.303585,3,LARGE,DOUBLE
c,naive,deriche,3,0.312252,3,LARGE,DOUBLE
c,naive,deriche,4,0.311513,3,LARGE,DOUBLE
c,naive,deriche,5,0.309890,3,LARGE,DOUBLE
c,naive,doitgen,0.176978,4.201,valid,3,LARGE,DOUBLE
c,naive,doitgen,1,0.176885,3,LARGE,DOUBLE
c,naive,doitgen,2,0.176933,3,LARGE,DOUBLE
c,naive,doitgen,3,0.176959,3,LARGE,DOUBLE
c,naive,doitgen,4,0.176984,3,LARGE,DOUBLE
c,naive,doitgen,5,0.176985,3,LARGE,DOUBLE
c,naive,durbin,0.004009,0.961,valid,3,LARGE,DOUBLE
c,naive,durbin,1,0.004046,3,LARGE,DOUBLE
c,naive,durbin,2,0.004021,3,LARGE,DOUBLE
c,naive,durbin,3,0.003966,3,LARGE,DOUBLE
c,naive,durbin,4,0.004003,3,LARGE,DOUBLE
c,naive,durbin,5,0.003994,3,LARGE,DOUBLE
c,naive,fdtd-2d,1.175778,1.472,valid,3,LARGE,DOUBLE
c,naive,fdtd-2d,1,1.154451,3,LARGE,DOUBLE
c,naive,fdtd-2d,2,1.154821,3,LARGE,DOUBLE
c,naive,fdtd-2d,3,1.152469,3,LARGE,DOUBLE
c,naive,fdtd-2d,4,1.182228,3,LARGE,DOUBLE
c,naive,fdtd-2d,5,1.157546,3,LARGE,DOUBLE
c,naive,floyd-warshall,15.747079,1.474,valid,3,LARGE,DOUBLE
c,naive,floyd-warshall,1,15.646999,3,LARGE,DOUBLE
c,naive,floyd-warshall,2,15.800424,3,LARGE,DOUBLE
c,naive,floyd-warshall,3,15.600674,3,LARGE,DOUBLE
c,naive,floyd-warshall,4,15.666754,3,LARGE,DOUBLE
c,naive,floyd-warshall,5,15.520715,3,LARGE,DOUBLE
c,naive,gemm,0.446164,1.015,valid,3,LARGE,DOUBLE
c,naive,gemm,1,0.444444,3,LARGE,DOUBLE
c,naive,gemm,2,0.459151,3,LARGE,DOUBLE
c,naive,gemm,3,0.444971,3,LARGE,DOUBLE
c,naive,gemm,4,0.459699,3,LARGE,DOUBLE
c,naive,gemm,5,0.444375,3,LARGE,DOUBLE
c,naive,gemver,0.009419,1.860,valid,3,LARGE,DOUBLE
c,naive,gemver,1,0.009404,3,LARGE,DOUBLE
c,naive,gemver,2,0.009419,3,LARGE,DOUBLE
c,naive,gemver,3,0.009447,3,LARGE,DOUBLE
c,naive,gemver,4,0.009409,3,LARGE,DOUBLE
c,naive,gemver,5,0.009403,3,LARGE,DOUBLE
c,naive,gesummv,0.002824,2.220,valid,3,LARGE,DOUBLE
c,naive,gesummv,1,0.002795,3,LARGE,DOUBLE
c,naive,gesummv,2,0.002823,3,LARGE,DOUBLE
c,naive,gesummv,3,0.002800,3,LARGE,DOUBLE
c,naive,gesummv,4,0.002779,3,LARGE,DOUBLE
c,naive,gesummv,5,0.002765,3,LARGE,DOUBLE
c,naive,gramschmidt,1.432341,,validity_error,3,LARGE,DOUBLE
c,naive,heat-3d,2.003595,0.977,valid,3,LARGE,DOUBLE
c,naive,heat-3d,1,2.024324,3,LARGE,DOUBLE
c,naive,heat-3d,2,1.992371,3,LARGE,DOUBLE
c,naive,heat-3d,3,2.022155,3,LARGE,DOUBLE
c,naive,heat-3d,4,2.023781,3,LARGE,DOUBLE
c,naive,heat-3d,5,2.001615,3,LARGE,DOUBLE
c,naive,jacobi-1d,0.000865,1.081,valid,3,LARGE,DOUBLE
c,naive,jacobi-1d,1,0.000877,3,LARGE,DOUBLE
c,naive,jacobi-1d,2,0.000864,3,LARGE,DOUBLE
c,naive,jacobi-1d,3,0.000873,3,LARGE,DOUBLE
c,naive,jacobi-1d,4,0.000875,3,LARGE,DOUBLE
c,naive,jacobi-1d,5,0.000879,3,LARGE,DOUBLE
c,naive,jacobi-2d,1.666647,0.992,valid,3,LARGE,DOUBLE
c,naive,jacobi-2d,1,1.662512,3,LARGE,DOUBLE
c,naive,jacobi-2d,2,1.665703,3,LARGE,DOUBLE
c,naive,jacobi-2d,3,1.645386,3,LARGE,DOUBLE
c,naive,jacobi-2d,4,1.669424,3,LARGE,DOUBLE
c,naive,jacobi-2d,5,1.651598,3,LARGE,DOUBLE
c,naive,lu,2.933918,1.514,valid,3,LARGE,DOUBLE
c,naive,lu,1,2.900907,3,LARGE,DOUBLE
c,naive,lu,2,2.915508,3,LARGE,DOUBLE
c,naive,lu,3,2.882753,3,LARGE,DOUBLE
c,naive,lu,4,2.915226,3,LARGE,DOUBLE
c,naive,lu,5,2.899224,3,LARGE,DOUBLE
c,naive,ludcmp,4.361398,0.999,valid,3,LARGE,DOUBLE
c,naive,ludcmp,1,4.381482,3,LARGE,DOUBLE
c,naive,ludcmp,2,4.430220,3,LARGE,DOUBLE
c,naive,ludcmp,3,4.375487,3,LARGE,DOUBLE
c,naive,ludcmp,4,4.412641,3,LARGE,DOUBLE
c,naive,ludcmp,5,4.380185,3,LARGE,DOUBLE
c,naive,mvt,0.006180,2.365,valid,3,LARGE,DOUBLE
c,naive,mvt,1,0.006156,3,LARGE,DOUBLE
c,naive,mvt,2,0.006127,3,LARGE,DOUBLE
c,naive,mvt,3,0.006076,3,LARGE,DOUBLE
c,naive,mvt,4,0.006152,3,LARGE,DOUBLE
c,naive,mvt,5,0.006156,3,LARGE,DOUBLE
c,naive,nussinov,4.002576,1.922,valid,3,LARGE,DOUBLE
c,naive,nussinov,1,3.990925,3,LARGE,DOUBLE
c,naive,nussinov,2,4.032542,3,LARGE,DOUBLE
c,naive,nussinov,3,3.992531,3,LARGE,DOUBLE
c,naive,nussinov,4,4.009828,3,LARGE,DOUBLE
c,naive,nussinov,5,3.986988,3,LARGE,DOUBLE
c,naive,seidel-2d,21.435522,1.268,valid,3,LARGE,DOUBLE
c,naive,seidel-2d,1,21.434629,3,LARGE,DOUBLE
c,naive,seidel-2d,2,21.435419,3,LARGE,DOUBLE
c,naive,seidel-2d,3,21.433969,3,LARGE,DOUBLE
c,naive,seidel-2d,4,21.435233,3,LARGE,DOUBLE
c,naive,seidel-2d,5,21.435494,3,LARGE,DOUBLE
c,naive,symm,0.471008,3.373,valid,3,LARGE,DOUBLE
c,naive,symm,1,0.463815,3,LARGE,DOUBLE
c,naive,symm,2,0.459236,3,LARGE,DOUBLE
c,naive,symm,3,0.467822,3,LARGE,DOUBLE
c,naive,symm,4,0.465990,3,LARGE,DOUBLE
c,naive,symm,5,0.471823,3,LARGE,DOUBLE
c,naive,syr2k,1.194417,1.107,valid,3,LARGE,DOUBLE
c,naive,syr2k,1,1.194309,3,LARGE,DOUBLE
c,naive,syr2k,2,1.194651,3,LARGE,DOUBLE
c,naive,syr2k,3,1.193846,3,LARGE,DOUBLE
c,naive,syr2k,4,1.194399,3,LARGE,DOUBLE
c,naive,syr2k,5,1.194344,3,LARGE,DOUBLE
c,naive,syrk,1.012734,0.649,valid,3,LARGE,DOUBLE
c,naive,syrk,1,1.012835,3,LARGE,DOUBLE
c,naive,syrk,2,1.012777,3,LARGE,DOUBLE
c,naive,syrk,3,1.012680,3,LARGE,DOUBLE
c,naive,syrk,4,1.012746,3,LARGE,DOUBLE
c,naive,syrk,5,1.012739,3,LARGE,DOUBLE
c,naive,trisolv,0.003069,1.015,valid,3,LARGE,DOUBLE
c,naive,trisolv,1,0.003042,3,LARGE,DOUBLE
c,naive,trisolv,2,0.003071,3,LARGE,DOUBLE
c,naive,trisolv,3,0.003085,3,LARGE,DOUBLE
c,naive,trisolv,4,0.003078,3,LARGE,DOUBLE
c,naive,trisolv,5,0.003036,3,LARGE,DOUBLE
c,naive,trmm,0.202693,4.920,valid,3,LARGE,DOUBLE
c,naive,trmm,1,0.202674,3,LARGE,DOUBLE
c,naive,trmm,2,0.206166,3,LARGE,DOUBLE
c,naive,trmm,3,0.204104,3,LARGE,DOUBLE
c,naive,trmm,4,0.203922,3,LARGE,DOUBLE
c,naive,trmm,5,0.204132,3,LARGE,DOUBLE
-- The C compiler identification is GNU 15.2.0
-- Detecting C compiler ABI info
-- Detecting C compiler ABI info - done
-- Check for working C compiler: /usr/local/latestgcc/bin/gcc - skipped
-- Detecting C compile features
-- Detecting C compile features - done
-- Configuring done (0.4s)
-- Generating done (0.8s)
-- Build files have been written to: /home/kleplj/naive/optimization/naive/PolybenchC-4.2.1/build
[  8%] Building C object CMakeFiles/cholesky.dir/linear-algebra/solvers/cholesky/cholesky.c.o
[  8%] Building C object CMakeFiles/lu.dir/linear-algebra/solvers/lu/lu.c.o
[  8%] Building C object CMakeFiles/covariance.dir/utilities/polybench.c.o
[  8%] Building C object CMakeFiles/correlation.dir/datamining/correlation/correlation.c.o
[  8%] Building C object CMakeFiles/covariance.dir/datamining/covariance/covariance.c.o
[ 18%] Building C object CMakeFiles/gramschmidt.dir/linear-algebra/solvers/gramschmidt/gramschmidt.c.o
[ 18%] Building C object CMakeFiles/ludcmp.dir/linear-algebra/solvers/ludcmp/ludcmp.c.o
[ 53%] Building C object CMakeFiles/durbin.dir/utilities/polybench.c.o
[ 53%] Building C object CMakeFiles/trisolv.dir/linear-algebra/solvers/trisolv/trisolv.c.o
[ 53%] Building C object CMakeFiles/lu.dir/utilities/polybench.c.o
[ 53%] Building C object CMakeFiles/gemver.dir/linear-algebra/blas/gemver/gemver.c.o
[ 53%] Building C object CMakeFiles/cholesky.dir/utilities/polybench.c.o
[ 53%] Building C object CMakeFiles/durbin.dir/linear-algebra/solvers/durbin/durbin.c.o
[ 53%] Building C object CMakeFiles/correlation.dir/utilities/polybench.c.o
[ 66%] Building C object CMakeFiles/gesummv.dir/linear-algebra/blas/gesummv/gesummv.c.o
[ 66%] Building C object CMakeFiles/seidel-2d.dir/stencils/seidel-2d/seidel-2d.c.o
[ 66%] Building C object CMakeFiles/nussinov.dir/medley/nussinov/nussinov.c.o
[ 66%] Building C object CMakeFiles/atax.dir/linear-algebra/kernels/atax/atax.c.o
[ 66%] Building C object CMakeFiles/adi.dir/stencils/adi/adi.c.o
[ 66%] Building C object CMakeFiles/mvt.dir/linear-algebra/kernels/mvt/mvt.c.o
[ 66%] Building C object CMakeFiles/bicg.dir/linear-algebra/kernels/bicg/bicg.c.o
[ 66%] Building C object CMakeFiles/seidel-2d.dir/utilities/polybench.c.o
[ 66%] Building C object CMakeFiles/fdtd-2d.dir/utilities/polybench.c.o
[ 66%] Building C object CMakeFiles/3mm.dir/utilities/polybench.c.o
[ 66%] Building C object CMakeFiles/symm.dir/linear-algebra/blas/symm/symm.c.o
[ 66%] Building C object CMakeFiles/ludcmp.dir/utilities/polybench.c.o
[ 66%] Building C object CMakeFiles/mvt.dir/utilities/polybench.c.o
[ 66%] Building C object CMakeFiles/doitgen.dir/linear-algebra/kernels/doitgen/doitgen.c.o
[ 66%] Building C object CMakeFiles/nussinov.dir/utilities/polybench.c.o
[ 66%] Building C object CMakeFiles/gramschmidt.dir/utilities/polybench.c.o
[ 66%] Building C object CMakeFiles/gemver.dir/utilities/polybench.c.o
[ 66%] Building C object CMakeFiles/deriche.dir/utilities/polybench.c.o
[ 66%] Building C object CMakeFiles/symm.dir/utilities/polybench.c.o
[ 66%] Building C object CMakeFiles/jacobi-1d.dir/utilities/polybench.c.o
[ 66%] Building C object CMakeFiles/3mm.dir/linear-algebra/kernels/3mm/3mm.c.o
[ 66%] Building C object CMakeFiles/gemm.dir/linear-algebra/blas/gemm/gemm.c.o
[ 66%] Building C object CMakeFiles/syr2k.dir/linear-algebra/blas/syr2k/syr2k.c.o
[ 66%] Building C object CMakeFiles/syrk.dir/utilities/polybench.c.o
[ 66%] Building C object CMakeFiles/gemm.dir/utilities/polybench.c.o
[ 66%] Building C object CMakeFiles/floyd-warshall.dir/utilities/polybench.c.o
[ 66%] Building C object CMakeFiles/atax.dir/utilities/polybench.c.o
[ 66%] Building C object CMakeFiles/adi.dir/utilities/polybench.c.o
[ 66%] Building C object CMakeFiles/2mm.dir/linear-algebra/kernels/2mm/2mm.c.o
[ 66%] Building C object CMakeFiles/bicg.dir/utilities/polybench.c.o
[ 66%] Building C object CMakeFiles/jacobi-1d.dir/stencils/jacobi-1d/jacobi-1d.c.o
[ 66%] Building C object CMakeFiles/heat-3d.dir/utilities/polybench.c.o
[ 66%] Building C object CMakeFiles/trmm.dir/linear-algebra/blas/trmm/trmm.c.o
[ 66%] Building C object CMakeFiles/syr2k.dir/utilities/polybench.c.o
[ 66%] Building C object CMakeFiles/doitgen.dir/utilities/polybench.c.o
[ 66%] Building C object CMakeFiles/2mm.dir/utilities/polybench.c.o
[ 66%] Building C object CMakeFiles/jacobi-2d.dir/stencils/jacobi-2d/jacobi-2d.c.o
[ 66%] Building C object CMakeFiles/gesummv.dir/utilities/polybench.c.o
[ 66%] Building C object CMakeFiles/floyd-warshall.dir/medley/floyd-warshall/floyd-warshall.c.o
[ 66%] Building C object CMakeFiles/fdtd-2d.dir/stencils/fdtd-2d/fdtd-2d.c.o
[ 66%] Building C object CMakeFiles/jacobi-2d.dir/utilities/polybench.c.o
[ 66%] Building C object CMakeFiles/trisolv.dir/utilities/polybench.c.o
[ 66%] Building C object CMakeFiles/syrk.dir/linear-algebra/blas/syrk/syrk.c.o
[ 66%] Building C object CMakeFiles/deriche.dir/medley/deriche/deriche.c.o
[ 66%] Building C object CMakeFiles/heat-3d.dir/stencils/heat-3d/heat-3d.c.o
[ 66%] Building C object CMakeFiles/trmm.dir/utilities/polybench.c.o
[ 67%] Linking C executable covariance
[ 68%] Linking C executable lu
[ 70%] Linking C executable seidel-2d
[ 71%] Linking C executable bicg
[ 75%] Linking C executable gemver
[ 75%] Linking C executable jacobi-1d
[ 75%] Linking C executable atax
[ 75%] Linking C executable durbin
[ 77%] Linking C executable mvt
[ 82%] Linking C executable floyd-warshall
[ 82%] Linking C executable trmm
[ 83%] Linking C executable gesummv
[ 83%] Linking C executable trisolv
[ 83%] Linking C executable syr2k
[ 83%] Linking C executable gemm
[ 84%] Linking C executable deriche
[ 86%] Linking C executable fdtd-2d
[ 86%] Linking C executable 2mm
[ 86%] Built target covariance
[ 87%] Linking C executable cholesky
[ 87%] Built target lu
[ 90%] Linking C executable gramschmidt
[ 90%] Linking C executable syrk
[ 91%] Built target bicg
[ 92%] Linking C executable doitgen
[ 92%] Built target seidel-2d
[ 92%] Linking C executable 3mm
[ 93%] Linking C executable correlation
[ 93%] Built target mvt
[ 93%] Built target atax
[ 93%] Built target jacobi-1d
[ 94%] Built target durbin
[ 94%] Built target gemver
[ 94%] Linking C executable jacobi-2d
[ 95%] Linking C executable symm
[ 95%] Built target trisolv
[ 95%] Built target floyd-warshall
[ 95%] Built target trmm
[ 95%] Built target syr2k
[ 95%] Built target deriche
[ 95%] Built target fdtd-2d
[ 95%] Built target 2mm
[ 95%] Built target gemm
[ 95%] Built target gesummv
[ 95%] Built target cholesky
[ 95%] Built target gramschmidt
[ 95%] Built target syrk
[ 95%] Built target 3mm
[ 95%] Built target doitgen
[ 95%] Built target correlation
[ 95%] Built target jacobi-2d
[ 96%] Built target symm
[ 96%] Linking C executable adi
[ 96%] Built target adi
[ 97%] Linking C executable ludcmp
[ 97%] Built target ludcmp
c,naive,2mm,2.591003,1.006,valid,4,LARGE,DOUBLE
c,naive,2mm,1,2.589990,4,LARGE,DOUBLE
c,naive,2mm,2,2.591016,4,LARGE,DOUBLE
c,naive,2mm,3,2.602119,4,LARGE,DOUBLE
c,naive,2mm,4,2.567276,4,LARGE,DOUBLE
c,naive,2mm,5,2.567230,4,LARGE,DOUBLE
c,naive,3mm,0.917986,4.278,valid,4,LARGE,DOUBLE
c,naive,3mm,1,0.947857,4,LARGE,DOUBLE
c,naive,3mm,2,0.924317,4,LARGE,DOUBLE
c,naive,3mm,3,0.919711,4,LARGE,DOUBLE
c,naive,3mm,4,0.924691,4,LARGE,DOUBLE
c,naive,3mm,5,0.929781,4,LARGE,DOUBLE
c,naive,adi,0.727719,14.315,valid,4,LARGE,DOUBLE
c,naive,adi,1,0.627742,4,LARGE,DOUBLE
c,naive,adi,2,0.748792,4,LARGE,DOUBLE
c,naive,adi,3,0.747454,4,LARGE,DOUBLE
c,naive,adi,4,0.565176,4,LARGE,DOUBLE
c,naive,adi,5,0.631122,4,LARGE,DOUBLE
c,naive,atax,0.008666,1.005,valid,4,LARGE,DOUBLE
c,naive,atax,1,0.008648,4,LARGE,DOUBLE
c,naive,atax,2,0.008680,4,LARGE,DOUBLE
c,naive,atax,3,0.008687,4,LARGE,DOUBLE
c,naive,atax,4,0.008610,4,LARGE,DOUBLE
c,naive,atax,5,0.008707,4,LARGE,DOUBLE
c,naive,bicg,0.006333,2.299,valid,4,LARGE,DOUBLE
c,naive,bicg,1,0.006201,4,LARGE,DOUBLE
c,naive,bicg,2,0.006174,4,LARGE,DOUBLE
c,naive,bicg,3,0.006495,4,LARGE,DOUBLE
c,naive,bicg,4,0.006192,4,LARGE,DOUBLE
c,naive,bicg,5,0.006238,4,LARGE,DOUBLE
c,naive,cholesky,1.903517,1.000,valid,4,LARGE,DOUBLE
c,naive,cholesky,1,1.907842,4,LARGE,DOUBLE
c,naive,cholesky,2,1.903368,4,LARGE,DOUBLE
c,naive,cholesky,3,1.904188,4,LARGE,DOUBLE
c,naive,cholesky,4,1.904722,4,LARGE,DOUBLE
c,naive,cholesky,5,1.905946,4,LARGE,DOUBLE
c,naive,correlation,0.442236,3.854,valid,4,LARGE,DOUBLE
c,naive,correlation,1,0.444932,4,LARGE,DOUBLE
c,naive,correlation,2,0.440074,4,LARGE,DOUBLE
c,naive,correlation,3,0.441791,4,LARGE,DOUBLE
c,naive,correlation,4,0.445014,4,LARGE,DOUBLE
c,naive,correlation,5,0.453391,4,LARGE,DOUBLE
c,naive,covariance,1.436667,1.186,valid,4,LARGE,DOUBLE
c,naive,covariance,1,1.437131,4,LARGE,DOUBLE
c,naive,covariance,2,1.436923,4,LARGE,DOUBLE
c,naive,covariance,3,1.436564,4,LARGE,DOUBLE
c,naive,covariance,4,1.436520,4,LARGE,DOUBLE
c,naive,covariance,5,1.436447,4,LARGE,DOUBLE
c,naive,deriche,0.303639,0.750,valid,4,LARGE,DOUBLE
c,naive,deriche,1,0.303398,4,LARGE,DOUBLE
c,naive,deriche,2,0.302912,4,LARGE,DOUBLE
c,naive,deriche,3,0.313326,4,LARGE,DOUBLE
c,naive,deriche,4,0.311245,4,LARGE,DOUBLE
c,naive,deriche,5,0.311730,4,LARGE,DOUBLE
c,naive,doitgen,0.143479,5.187,valid,4,LARGE,DOUBLE
c,naive,doitgen,1,0.143505,4,LARGE,DOUBLE
c,naive,doitgen,2,0.143515,4,LARGE,DOUBLE
c,naive,doitgen,3,0.143539,4,LARGE,DOUBLE
c,naive,doitgen,4,0.143410,4,LARGE,DOUBLE
c,naive,doitgen,5,0.143312,4,LARGE,DOUBLE
c,naive,durbin,0.003999,0.968,valid,4,LARGE,DOUBLE
c,naive,durbin,1,0.003905,4,LARGE,DOUBLE
c,naive,durbin,2,0.004017,4,LARGE,DOUBLE
c,naive,durbin,3,0.003912,4,LARGE,DOUBLE
c,naive,durbin,4,0.003914,4,LARGE,DOUBLE
c,naive,durbin,5,0.003911,4,LARGE,DOUBLE
c,naive,fdtd-2d,1.723994,1.032,valid,4,LARGE,DOUBLE
c,naive,fdtd-2d,1,1.747680,4,LARGE,DOUBLE
c,naive,fdtd-2d,2,1.745257,4,LARGE,DOUBLE
c,naive,fdtd-2d,3,1.736486,4,LARGE,DOUBLE
c,naive,fdtd-2d,4,1.750060,4,LARGE,DOUBLE
c,naive,fdtd-2d,5,1.760397,4,LARGE,DOUBLE
c,naive,floyd-warshall,21.311813,1.094,valid,4,LARGE,DOUBLE
c,naive,floyd-warshall,1,21.272923,4,LARGE,DOUBLE
c,naive,floyd-warshall,2,21.388033,4,LARGE,DOUBLE
c,naive,floyd-warshall,3,21.170796,4,LARGE,DOUBLE
c,naive,floyd-warshall,4,21.329379,4,LARGE,DOUBLE
c,naive,floyd-warshall,5,21.218608,4,LARGE,DOUBLE
c,naive,gemm,0.493397,0.912,valid,4,LARGE,DOUBLE
c,naive,gemm,1,0.463629,4,LARGE,DOUBLE
c,naive,gemm,2,0.464411,4,LARGE,DOUBLE
c,naive,gemm,3,0.482115,4,LARGE,DOUBLE
c,naive,gemm,4,0.493652,4,LARGE,DOUBLE
c,naive,gemm,5,0.494291,4,LARGE,DOUBLE
c,naive,gemver,0.011262,1.563,valid,4,LARGE,DOUBLE
c,naive,gemver,1,0.011311,4,LARGE,DOUBLE
c,naive,gemver,2,0.011361,4,LARGE,DOUBLE
c,naive,gemver,3,0.011261,4,LARGE,DOUBLE
c,naive,gemver,4,0.011394,4,LARGE,DOUBLE
c,naive,gemver,5,0.011369,4,LARGE,DOUBLE
c,naive,gesummv,0.002777,2.238,valid,4,LARGE,DOUBLE
c,naive,gesummv,1,0.002791,4,LARGE,DOUBLE
c,naive,gesummv,2,0.002868,4,LARGE,DOUBLE
c,naive,gesummv,3,0.002845,4,LARGE,DOUBLE
c,naive,gesummv,4,0.002845,4,LARGE,DOUBLE
c,naive,gesummv,5,0.002810,4,LARGE,DOUBLE
c,naive,gramschmidt,0.612769,,validity_error,4,LARGE,DOUBLE
c,naive,heat-3d,,,compile_error,4,LARGE,DOUBLE
c,naive,jacobi-1d,0.000879,1.059,valid,4,LARGE,DOUBLE
c,naive,jacobi-1d,1,0.000870,4,LARGE,DOUBLE
c,naive,jacobi-1d,2,0.000867,4,LARGE,DOUBLE
c,naive,jacobi-1d,3,0.000857,4,LARGE,DOUBLE
c,naive,jacobi-1d,4,0.000873,4,LARGE,DOUBLE
c,naive,jacobi-1d,5,0.000881,4,LARGE,DOUBLE
c,naive,jacobi-2d,0.176207,9.434,valid,4,LARGE,DOUBLE
c,naive,jacobi-2d,1,0.168602,4,LARGE,DOUBLE
c,naive,jacobi-2d,2,0.178058,4,LARGE,DOUBLE
c,naive,jacobi-2d,3,0.171246,4,LARGE,DOUBLE
c,naive,jacobi-2d,4,0.178219,4,LARGE,DOUBLE
c,naive,jacobi-2d,5,0.177581,4,LARGE,DOUBLE
c,naive,lu,2.870063,1.539,valid,4,LARGE,DOUBLE
c,naive,lu,1,2.894288,4,LARGE,DOUBLE
c,naive,lu,2,2.915939,4,LARGE,DOUBLE
c,naive,lu,3,2.930741,4,LARGE,DOUBLE
c,naive,lu,4,2.894367,4,LARGE,DOUBLE
c,naive,lu,5,2.897690,4,LARGE,DOUBLE
c,naive,ludcmp,4.087579,1.074,valid,4,LARGE,DOUBLE
c,naive,ludcmp,1,4.039567,4,LARGE,DOUBLE
c,naive,ludcmp,2,4.086687,4,LARGE,DOUBLE
c,naive,ludcmp,3,4.082777,4,LARGE,DOUBLE
c,naive,ludcmp,4,4.050656,4,LARGE,DOUBLE
c,naive,ludcmp,5,4.068501,4,LARGE,DOUBLE
c,naive,mvt,0.008401,1.764,valid,4,LARGE,DOUBLE
c,naive,mvt,1,0.008495,4,LARGE,DOUBLE
c,naive,mvt,2,0.008625,4,LARGE,DOUBLE
c,naive,mvt,3,0.008460,4,LARGE,DOUBLE
c,naive,mvt,4,0.008544,4,LARGE,DOUBLE
c,naive,mvt,5,0.008437,4,LARGE,DOUBLE
c,naive,nussinov,,,compile_error,4,LARGE,DOUBLE
c,naive,seidel-2d,22.715331,1.196,valid,4,LARGE,DOUBLE
c,naive,seidel-2d,1,22.716085,4,LARGE,DOUBLE
c,naive,seidel-2d,2,22.716440,4,LARGE,DOUBLE
c,naive,seidel-2d,3,22.716486,4,LARGE,DOUBLE
c,naive,seidel-2d,4,22.718498,4,LARGE,DOUBLE
c,naive,seidel-2d,5,22.716343,4,LARGE,DOUBLE
c,naive,symm,1.564866,0.999,valid,4,LARGE,DOUBLE
c,naive,symm,1,1.594081,4,LARGE,DOUBLE
c,naive,symm,2,1.565518,4,LARGE,DOUBLE
c,naive,symm,3,1.558187,4,LARGE,DOUBLE
c,naive,symm,4,1.567640,4,LARGE,DOUBLE
c,naive,symm,5,1.588231,4,LARGE,DOUBLE
c,naive,syr2k,1.026450,1.293,valid,4,LARGE,DOUBLE
c,naive,syr2k,1,1.026328,4,LARGE,DOUBLE
c,naive,syr2k,2,1.026527,4,LARGE,DOUBLE
c,naive,syr2k,3,1.025302,4,LARGE,DOUBLE
c,naive,syr2k,4,1.025915,4,LARGE,DOUBLE
c,naive,syr2k,5,1.026638,4,LARGE,DOUBLE
c,naive,syrk,0.761924,0.863,valid,4,LARGE,DOUBLE
c,naive,syrk,1,0.766099,4,LARGE,DOUBLE
c,naive,syrk,2,0.764538,4,LARGE,DOUBLE
c,naive,syrk,3,0.756779,4,LARGE,DOUBLE
c,naive,syrk,4,0.770726,4,LARGE,DOUBLE
c,naive,syrk,5,0.760675,4,LARGE,DOUBLE
c,naive,trisolv,0.003115,0.987,valid,4,LARGE,DOUBLE
c,naive,trisolv,1,0.003067,4,LARGE,DOUBLE
c,naive,trisolv,2,0.003072,4,LARGE,DOUBLE
c,naive,trisolv,3,0.003089,4,LARGE,DOUBLE
c,naive,trisolv,4,0.003096,4,LARGE,DOUBLE
c,naive,trisolv,5,0.003069,4,LARGE,DOUBLE
c,naive,trmm,0.213580,4.608,valid,4,LARGE,DOUBLE
c,naive,trmm,1,0.214325,4,LARGE,DOUBLE
c,naive,trmm,2,0.212867,4,LARGE,DOUBLE
c,naive,trmm,3,0.219660,4,LARGE,DOUBLE
c,naive,trmm,4,0.218364,4,LARGE,DOUBLE
c,naive,trmm,5,0.214103,4,LARGE,DOUBLE
-- The C compiler identification is GNU 15.2.0
-- Detecting C compiler ABI info
-- Detecting C compiler ABI info - done
-- Check for working C compiler: /usr/local/latestgcc/bin/gcc - skipped
-- Detecting C compile features
-- Detecting C compile features - done
-- Configuring done (0.4s)
-- Generating done (0.8s)
-- Build files have been written to: /home/kleplj/naive/optimization/naive/PolybenchC-4.2.1/build
[  6%] Building C object CMakeFiles/correlation.dir/datamining/correlation/correlation.c.o
[  6%] Building C object CMakeFiles/covariance.dir/utilities/polybench.c.o
[  6%] Building C object CMakeFiles/covariance.dir/datamining/covariance/covariance.c.o
[ 10%] Building C object CMakeFiles/cholesky.dir/linear-algebra/solvers/cholesky/cholesky.c.o
[ 10%] Building C object CMakeFiles/lu.dir/linear-algebra/solvers/lu/lu.c.o
[ 10%] Building C object CMakeFiles/correlation.dir/utilities/polybench.c.o
[ 22%] Building C object CMakeFiles/gramschmidt.dir/linear-algebra/solvers/gramschmidt/gramschmidt.c.o
[ 43%] Building C object CMakeFiles/doitgen.dir/utilities/polybench.c.o
[ 22%] Building C object CMakeFiles/ludcmp.dir/linear-algebra/solvers/ludcmp/ludcmp.c.o
[ 22%] Building C object CMakeFiles/syr2k.dir/utilities/polybench.c.o
[ 22%] Building C object CMakeFiles/lu.dir/utilities/polybench.c.o
[ 22%] Building C object CMakeFiles/trisolv.dir/linear-algebra/solvers/trisolv/trisolv.c.o
[ 22%] Building C object CMakeFiles/durbin.dir/linear-algebra/solvers/durbin/durbin.c.o
[ 22%] Building C object CMakeFiles/gramschmidt.dir/utilities/polybench.c.o
[ 22%] Building C object CMakeFiles/cholesky.dir/utilities/polybench.c.o
[ 22%] Building C object CMakeFiles/ludcmp.dir/utilities/polybench.c.o
[ 22%] Building C object CMakeFiles/durbin.dir/utilities/polybench.c.o
[ 22%] Building C object CMakeFiles/syr2k.dir/linear-algebra/blas/syr2k/syr2k.c.o
[ 55%] Building C object CMakeFiles/gemm.dir/utilities/polybench.c.o
[ 55%] Building C object CMakeFiles/syrk.dir/utilities/polybench.c.o
[ 66%] Building C object CMakeFiles/seidel-2d.dir/stencils/seidel-2d/seidel-2d.c.o
[ 66%] Building C object CMakeFiles/seidel-2d.dir/utilities/polybench.c.o
[ 66%] Building C object CMakeFiles/adi.dir/stencils/adi/adi.c.o
[ 66%] Building C object CMakeFiles/gesummv.dir/linear-algebra/blas/gesummv/gesummv.c.o
[ 66%] Building C object CMakeFiles/gemm.dir/linear-algebra/blas/gemm/gemm.c.o
[ 66%] Building C object CMakeFiles/atax.dir/linear-algebra/kernels/atax/atax.c.o
[ 66%] Building C object CMakeFiles/bicg.dir/linear-algebra/kernels/bicg/bicg.c.o
[ 66%] Building C object CMakeFiles/bicg.dir/utilities/polybench.c.o
[ 66%] Building C object CMakeFiles/floyd-warshall.dir/medley/floyd-warshall/floyd-warshall.c.o
[ 66%] Building C object CMakeFiles/deriche.dir/utilities/polybench.c.o
[ 66%] Building C object CMakeFiles/jacobi-2d.dir/stencils/jacobi-2d/jacobi-2d.c.o
[ 66%] Building C object CMakeFiles/symm.dir/linear-algebra/blas/symm/symm.c.o
[ 66%] Building C object CMakeFiles/jacobi-2d.dir/utilities/polybench.c.o
[ 66%] Building C object CMakeFiles/symm.dir/utilities/polybench.c.o
[ 66%] Building C object CMakeFiles/syrk.dir/linear-algebra/blas/syrk/syrk.c.o
[ 66%] Building C object CMakeFiles/2mm.dir/linear-algebra/kernels/2mm/2mm.c.o
[ 66%] Building C object CMakeFiles/3mm.dir/utilities/polybench.c.o
[ 66%] Building C object CMakeFiles/mvt.dir/utilities/polybench.c.o
[ 66%] Building C object CMakeFiles/nussinov.dir/utilities/polybench.c.o
[ 66%] Building C object CMakeFiles/jacobi-1d.dir/stencils/jacobi-1d/jacobi-1d.c.o
[ 66%] Building C object CMakeFiles/fdtd-2d.dir/stencils/fdtd-2d/fdtd-2d.c.o
[ 66%] Building C object CMakeFiles/jacobi-1d.dir/utilities/polybench.c.o
[ 66%] Building C object CMakeFiles/doitgen.dir/linear-algebra/kernels/doitgen/doitgen.c.o
[ 66%] Building C object CMakeFiles/fdtd-2d.dir/utilities/polybench.c.o
[ 66%] Building C object CMakeFiles/heat-3d.dir/stencils/heat-3d/heat-3d.c.o
[ 66%] Building C object CMakeFiles/nussinov.dir/medley/nussinov/nussinov.c.o
[ 66%] Building C object CMakeFiles/trmm.dir/utilities/polybench.c.o
[ 66%] Building C object CMakeFiles/2mm.dir/utilities/polybench.c.o
[ 66%] Building C object CMakeFiles/3mm.dir/linear-algebra/kernels/3mm/3mm.c.o
[ 66%] Building C object CMakeFiles/atax.dir/utilities/polybench.c.o
[ 66%] Building C object CMakeFiles/trisolv.dir/utilities/polybench.c.o
[ 66%] Building C object CMakeFiles/trmm.dir/linear-algebra/blas/trmm/trmm.c.o
[ 66%] Building C object CMakeFiles/gemver.dir/linear-algebra/blas/gemver/gemver.c.o
[ 66%] Building C object CMakeFiles/floyd-warshall.dir/utilities/polybench.c.o
[ 66%] Building C object CMakeFiles/gesummv.dir/utilities/polybench.c.o
[ 66%] Building C object CMakeFiles/mvt.dir/linear-algebra/kernels/mvt/mvt.c.o
[ 66%] Building C object CMakeFiles/gemver.dir/utilities/polybench.c.o
[ 66%] Building C object CMakeFiles/adi.dir/utilities/polybench.c.o
[ 66%] Building C object CMakeFiles/deriche.dir/medley/deriche/deriche.c.o
[ 66%] Building C object CMakeFiles/heat-3d.dir/utilities/polybench.c.o
[ 67%] Linking C executable syr2k
[ 68%] Linking C executable durbin
[ 72%] Linking C executable covariance
[ 72%] Linking C executable jacobi-1d
[ 73%] Linking C executable fdtd-2d
[ 73%] Linking C executable bicg
[ 76%] Linking C executable mvt
[ 76%] Linking C executable nussinov
[ 76%] Linking C executable gesummv
[ 78%] Linking C executable 3mm
[ 78%] Linking C executable cholesky
[ 80%] Linking C executable lu
[ 81%] Linking C executable deriche
[ 82%] Linking C executable syrk
[ 83%] Linking C executable trmm
[ 85%] Built target syr2k
[ 85%] Linking C executable gramschmidt
[ 85%] Linking C executable correlation
[ 86%] Linking C executable gemver
[ 87%] Built target durbin
[ 87%] Linking C executable gemm
[ 90%] Linking C executable doitgen
[ 90%] Linking C executable 2mm
[ 90%] Built target fdtd-2d
[ 90%] Built target covariance
[ 90%] Built target jacobi-1d
[ 90%] Built target bicg
[ 90%] Built target nussinov
[ 90%] Built target mvt
[ 91%] Built target 3mm
[ 91%] Built target gesummv
[ 92%] Linking C executable adi
[ 92%] Built target cholesky
[ 93%] Linking C executable heat-3d
[ 93%] Linking C executable floyd-warshall
[ 93%] Built target lu
[ 93%] Built target deriche
[ 93%] Built target syrk
[ 93%] Built target trmm
[ 93%] Built target correlation
[ 93%] Built target gramschmidt
[ 93%] Built target gemver
[ 93%] Built target gemm
[ 93%] Built target doitgen
[ 94%] Built target 2mm
[ 94%] Linking C executable ludcmp
[ 95%] Linking C executable seidel-2d
[ 95%] Built target adi
[ 95%] Built target heat-3d
[ 95%] Built target floyd-warshall
[ 96%] Linking C executable symm
[ 96%] Built target ludcmp
[ 96%] Built target seidel-2d
[ 96%] Built target symm
c,naive,2mm,0.566549,4.543,valid,5,LARGE,DOUBLE
c,naive,2mm,1,0.561123,5,LARGE,DOUBLE
c,naive,2mm,2,0.578501,5,LARGE,DOUBLE
c,naive,2mm,3,0.560763,5,LARGE,DOUBLE
c,naive,2mm,4,0.559651,5,LARGE,DOUBLE
c,naive,2mm,5,0.567740,5,LARGE,DOUBLE
c,naive,3mm,0.916765,4.249,valid,5,LARGE,DOUBLE
c,naive,3mm,1,0.927470,5,LARGE,DOUBLE
c,naive,3mm,2,0.917194,5,LARGE,DOUBLE
c,naive,3mm,3,0.917624,5,LARGE,DOUBLE
c,naive,3mm,4,0.917682,5,LARGE,DOUBLE
c,naive,3mm,5,0.944182,5,LARGE,DOUBLE
c,naive,adi,0.633164,16.491,valid,5,LARGE,DOUBLE
c,naive,adi,1,0.624834,5,LARGE,DOUBLE
c,naive,adi,2,0.650028,5,LARGE,DOUBLE
c,naive,adi,3,0.740739,5,LARGE,DOUBLE
c,naive,adi,4,0.743077,5,LARGE,DOUBLE
c,naive,adi,5,0.551641,5,LARGE,DOUBLE
c,naive,atax,,,compile_error,5,LARGE,DOUBLE
c,naive,bicg,0.006085,2.400,valid,5,LARGE,DOUBLE
c,naive,bicg,1,0.006202,5,LARGE,DOUBLE
c,naive,bicg,2,0.006149,5,LARGE,DOUBLE
c,naive,bicg,3,0.006159,5,LARGE,DOUBLE
c,naive,bicg,4,0.006159,5,LARGE,DOUBLE
c,naive,bicg,5,0.006155,5,LARGE,DOUBLE
c,naive,cholesky,1.891110,1.005,valid,5,LARGE,DOUBLE
c,naive,cholesky,1,1.894079,5,LARGE,DOUBLE
c,naive,cholesky,2,1.892003,5,LARGE,DOUBLE
c,naive,cholesky,3,1.893389,5,LARGE,DOUBLE
c,naive,cholesky,4,1.889367,5,LARGE,DOUBLE
c,naive,cholesky,5,1.893899,5,LARGE,DOUBLE
c,naive,correlation,0.450002,3.779,valid,5,LARGE,DOUBLE
c,naive,correlation,1,0.451006,5,LARGE,DOUBLE
c,naive,correlation,2,0.437968,5,LARGE,DOUBLE
c,naive,correlation,3,0.437117,5,LARGE,DOUBLE
c,naive,correlation,4,0.449260,5,LARGE,DOUBLE
c,naive,correlation,5,0.443657,5,LARGE,DOUBLE
c,naive,covariance,0.450787,3.746,valid,5,LARGE,DOUBLE
c,naive,covariance,1,0.442454,5,LARGE,DOUBLE
c,naive,covariance,2,0.440375,5,LARGE,DOUBLE
c,naive,covariance,3,0.439207,5,LARGE,DOUBLE
c,naive,covariance,4,0.440161,5,LARGE,DOUBLE
c,naive,covariance,5,0.450553,5,LARGE,DOUBLE
c,naive,deriche,0.307189,0.727,valid,5,LARGE,DOUBLE
c,naive,deriche,1,0.310480,5,LARGE,DOUBLE
c,naive,deriche,2,0.300969,5,LARGE,DOUBLE
c,naive,deriche,3,0.298925,5,LARGE,DOUBLE
c,naive,deriche,4,0.307303,5,LARGE,DOUBLE
c,naive,deriche,5,0.303452,5,LARGE,DOUBLE
c,naive,doitgen,0.115257,6.437,valid,5,LARGE,DOUBLE
c,naive,doitgen,1,0.115170,5,LARGE,DOUBLE
c,naive,doitgen,2,0.115362,5,LARGE,DOUBLE
c,naive,doitgen,3,0.115047,5,LARGE,DOUBLE
c,naive,doitgen,4,0.115140,5,LARGE,DOUBLE
c,naive,doitgen,5,0.115274,5,LARGE,DOUBLE
c,naive,durbin,0.003996,0.967,valid,5,LARGE,DOUBLE
c,naive,durbin,1,0.004009,5,LARGE,DOUBLE
c,naive,durbin,2,0.004002,5,LARGE,DOUBLE
c,naive,durbin,3,0.004003,5,LARGE,DOUBLE
c,naive,durbin,4,0.004001,5,LARGE,DOUBLE
c,naive,durbin,5,0.003964,5,LARGE,DOUBLE
c,naive,fdtd-2d,2.013625,0.882,valid,5,LARGE,DOUBLE
c,naive,fdtd-2d,1,2.023398,5,LARGE,DOUBLE
c,naive,fdtd-2d,2,2.014997,5,LARGE,DOUBLE
c,naive,fdtd-2d,3,2.021482,5,LARGE,DOUBLE
c,naive,fdtd-2d,4,2.003075,5,LARGE,DOUBLE
c,naive,fdtd-2d,5,2.110979,5,LARGE,DOUBLE
c,naive,floyd-warshall,15.047444,1.515,valid,5,LARGE,DOUBLE
c,naive,floyd-warshall,1,14.996576,5,LARGE,DOUBLE
c,naive,floyd-warshall,2,15.271572,5,LARGE,DOUBLE
c,naive,floyd-warshall,3,15.067310,5,LARGE,DOUBLE
c,naive,floyd-warshall,4,15.033420,5,LARGE,DOUBLE
c,naive,floyd-warshall,5,15.249206,5,LARGE,DOUBLE
c,naive,gemm,0.282048,1.599,valid,5,LARGE,DOUBLE
c,naive,gemm,1,0.282169,5,LARGE,DOUBLE
c,naive,gemm,2,0.281652,5,LARGE,DOUBLE
c,naive,gemm,3,0.281108,5,LARGE,DOUBLE
c,naive,gemm,4,0.281186,5,LARGE,DOUBLE
c,naive,gemm,5,0.281118,5,LARGE,DOUBLE
c,naive,gemver,0.011424,1.557,valid,5,LARGE,DOUBLE
c,naive,gemver,1,0.011458,5,LARGE,DOUBLE
c,naive,gemver,2,0.011583,5,LARGE,DOUBLE
c,naive,gemver,3,0.011401,5,LARGE,DOUBLE
c,naive,gemver,4,0.011376,5,LARGE,DOUBLE
c,naive,gemver,5,0.011342,5,LARGE,DOUBLE
c,naive,gesummv,0.000836,7.517,valid,5,LARGE,DOUBLE
c,naive,gesummv,1,0.000867,5,LARGE,DOUBLE
c,naive,gesummv,2,0.000878,5,LARGE,DOUBLE
c,naive,gesummv,3,0.000862,5,LARGE,DOUBLE
c,naive,gesummv,4,0.000820,5,LARGE,DOUBLE
c,naive,gesummv,5,0.000960,5,LARGE,DOUBLE
c,naive,gramschmidt,0.630538,,validity_error,5,LARGE,DOUBLE
c,naive,heat-3d,1.912270,1.019,valid,5,LARGE,DOUBLE
c,naive,heat-3d,1,1.902943,5,LARGE,DOUBLE
c,naive,heat-3d,2,1.900994,5,LARGE,DOUBLE
c,naive,heat-3d,3,1.896027,5,LARGE,DOUBLE
c,naive,heat-3d,4,1.899003,5,LARGE,DOUBLE
c,naive,heat-3d,5,1.901827,5,LARGE,DOUBLE
c,naive,jacobi-1d,0.000863,1.082,valid,5,LARGE,DOUBLE
c,naive,jacobi-1d,1,0.000868,5,LARGE,DOUBLE
c,naive,jacobi-1d,2,0.000866,5,LARGE,DOUBLE
c,naive,jacobi-1d,3,0.000865,5,LARGE,DOUBLE
c,naive,jacobi-1d,4,0.000868,5,LARGE,DOUBLE
c,naive,jacobi-1d,5,0.000869,5,LARGE,DOUBLE
c,naive,jacobi-2d,,,compile_error,5,LARGE,DOUBLE
c,naive,lu,2.909227,1.528,valid,5,LARGE,DOUBLE
c,naive,lu,1,2.888342,5,LARGE,DOUBLE
c,naive,lu,2,2.860509,5,LARGE,DOUBLE
c,naive,lu,3,2.919343,5,LARGE,DOUBLE
c,naive,lu,4,2.918183,5,LARGE,DOUBLE
c,naive,lu,5,2.885580,5,LARGE,DOUBLE
c,naive,ludcmp,3.786725,,validity_error,5,LARGE,DOUBLE
c,naive,mvt,0.006112,2.402,valid,5,LARGE,DOUBLE
c,naive,mvt,1,0.006073,5,LARGE,DOUBLE
c,naive,mvt,2,0.006142,5,LARGE,DOUBLE
c,naive,mvt,3,0.006101,5,LARGE,DOUBLE
c,naive,mvt,4,0.006063,5,LARGE,DOUBLE
c,naive,mvt,5,0.006242,5,LARGE,DOUBLE
c,naive,nussinov,3.971424,1.922,valid,5,LARGE,DOUBLE
c,naive,nussinov,1,3.975439,5,LARGE,DOUBLE
c,naive,nussinov,2,3.976330,5,LARGE,DOUBLE
c,naive,nussinov,3,4.014865,5,LARGE,DOUBLE
c,naive,nussinov,4,4.029261,5,LARGE,DOUBLE
c,naive,nussinov,5,4.024585,5,LARGE,DOUBLE
c,naive,seidel-2d,27.233240,0.998,valid,5,LARGE,DOUBLE
c,naive,seidel-2d,1,27.233424,5,LARGE,DOUBLE
c,naive,seidel-2d,2,27.235365,5,LARGE,DOUBLE
c,naive,seidel-2d,3,27.234690,5,LARGE,DOUBLE
c,naive,seidel-2d,4,27.234015,5,LARGE,DOUBLE
c,naive,seidel-2d,5,27.232773,5,LARGE,DOUBLE
c,naive,symm,1.204897,1.306,valid,5,LARGE,DOUBLE
c,naive,symm,1,1.206107,5,LARGE,DOUBLE
c,naive,symm,2,1.205299,5,LARGE,DOUBLE
c,naive,symm,3,1.200179,5,LARGE,DOUBLE
c,naive,symm,4,1.204267,5,LARGE,DOUBLE
c,naive,symm,5,1.201966,5,LARGE,DOUBLE
c,naive,syr2k,1.194115,1.108,valid,5,LARGE,DOUBLE
c,naive,syr2k,1,1.194495,5,LARGE,DOUBLE
c,naive,syr2k,2,1.194514,5,LARGE,DOUBLE
c,naive,syr2k,3,1.194481,5,LARGE,DOUBLE
c,naive,syr2k,4,1.194294,5,LARGE,DOUBLE
c,naive,syr2k,5,1.194457,5,LARGE,DOUBLE
c,naive,syrk,0.660449,0.999,valid,5,LARGE,DOUBLE
c,naive,syrk,1,0.658213,5,LARGE,DOUBLE
c,naive,syrk,2,0.654887,5,LARGE,DOUBLE
c,naive,syrk,3,0.657508,5,LARGE,DOUBLE
c,naive,syrk,4,0.655859,5,LARGE,DOUBLE
c,naive,syrk,5,0.656744,5,LARGE,DOUBLE
c,naive,trisolv,,,compile_error,5,LARGE,DOUBLE
c,naive,trmm,0.201367,4.873,valid,5,LARGE,DOUBLE
c,naive,trmm,1,0.202230,5,LARGE,DOUBLE
c,naive,trmm,2,0.203773,5,LARGE,DOUBLE
c,naive,trmm,3,0.202395,5,LARGE,DOUBLE
c,naive,trmm,4,0.202469,5,LARGE,DOUBLE
c,naive,trmm,5,0.204824,5,LARGE,DOUBLE
-- The CXX compiler identification is GNU 15.2.0
-- Detecting CXX compiler ABI info
-- Detecting CXX compiler ABI info - done
-- Check for working CXX compiler: /usr/local/latestgcc/bin/g++ - skipped
-- Detecting CXX compile features
-- Detecting CXX compile features - done
-- Using NOARR_STRUCTURES_DIR from environment: /home/kleplj/naive/submodules/noarr-structures
-- Configuring done (0.4s)
-- Generating done (0.7s)
-- Build files have been written to: /home/kleplj/naive/optimization/naive/PolybenchC-Noarr/build
[  5%] Building CXX object CMakeFiles/correlation.dir/datamining/correlation/correlation.cpp.o
[ 10%] Building CXX object CMakeFiles/covariance.dir/datamining/covariance/covariance.cpp.o
[ 10%] Building CXX object CMakeFiles/gemm.dir/linear-algebra/blas/gemm/gemm.cpp.o
[ 16%] Building CXX object CMakeFiles/gemver.dir/linear-algebra/blas/gemver/gemver.cpp.o
[ 16%] Building CXX object CMakeFiles/symm.dir/linear-algebra/blas/symm/symm.cpp.o
[ 16%] Building CXX object CMakeFiles/syrk.dir/linear-algebra/blas/syrk/syrk.cpp.o
[ 16%] Building CXX object CMakeFiles/gesummv.dir/linear-algebra/blas/gesummv/gesummv.cpp.o
[ 23%] Building CXX object CMakeFiles/3mm.dir/linear-algebra/kernels/3mm/3mm.cpp.o
[ 23%] Building CXX object CMakeFiles/atax.dir/linear-algebra/kernels/atax/atax.cpp.o
[ 23%] Building CXX object CMakeFiles/trmm.dir/linear-algebra/blas/trmm/trmm.cpp.o
[ 23%] Building CXX object CMakeFiles/syr2k.dir/linear-algebra/blas/syr2k/syr2k.cpp.o
[ 23%] Building CXX object CMakeFiles/2mm.dir/linear-algebra/kernels/2mm/2mm.cpp.o
[ 38%] Building CXX object CMakeFiles/doitgen.dir/linear-algebra/kernels/doitgen/doitgen.cpp.o
[ 38%] Building CXX object CMakeFiles/bicg.dir/linear-algebra/kernels/bicg/bicg.cpp.o
[ 50%] Building CXX object CMakeFiles/adi.dir/stencils/adi/adi.cpp.o
[ 50%] Building CXX object CMakeFiles/durbin.dir/linear-algebra/solvers/durbin/durbin.cpp.o
[ 50%] Building CXX object CMakeFiles/gramschmidt.dir/linear-algebra/solvers/gramschmidt/gramschmidt.cpp.o
[ 50%] Building CXX object CMakeFiles/jacobi-2d.dir/stencils/jacobi-2d/jacobi-2d.cpp.o
[ 50%] Building CXX object CMakeFiles/floyd-warshall.dir/medley/floyd-warshall/floyd-warshall.cpp.o
[ 50%] Building CXX object CMakeFiles/ludcmp.dir/linear-algebra/solvers/ludcmp/ludcmp.cpp.o
[ 50%] Building CXX object CMakeFiles/mvt.dir/linear-algebra/kernels/mvt/mvt.cpp.o
[ 50%] Building CXX object CMakeFiles/lu.dir/linear-algebra/solvers/lu/lu.cpp.o
[ 50%] Building CXX object CMakeFiles/deriche.dir/medley/deriche/deriche.cpp.o
[ 50%] Building CXX object CMakeFiles/cholesky.dir/linear-algebra/solvers/cholesky/cholesky.cpp.o
[ 50%] Building CXX object CMakeFiles/jacobi-1d.dir/stencils/jacobi-1d/jacobi-1d.cpp.o
[ 50%] Building CXX object CMakeFiles/fdtd-2d.dir/stencils/fdtd-2d/fdtd-2d.cpp.o
[ 50%] Building CXX object CMakeFiles/nussinov.dir/medley/nussinov/nussinov.cpp.o
[ 50%] Building CXX object CMakeFiles/trisolv.dir/linear-algebra/solvers/trisolv/trisolv.cpp.o
[ 50%] Building CXX object CMakeFiles/seidel-2d.dir/stencils/seidel-2d/seidel-2d.cpp.o
[ 50%] Building CXX object CMakeFiles/heat-3d.dir/stencils/heat-3d/heat-3d.cpp.o
[ 53%] Linking CXX executable nussinov
[ 53%] Linking CXX executable cholesky
[ 55%] Linking CXX executable jacobi-1d
[ 56%] Linking CXX executable durbin
[ 56%] Built target jacobi-1d
[ 58%] Linking CXX executable seidel-2d
[ 58%] Built target durbin
[ 60%] Linking CXX executable gesummv
[ 61%] Linking CXX executable floyd-warshall
[ 63%] Linking CXX executable atax
[ 65%] Linking CXX executable trisolv
[ 65%] Built target seidel-2d
[ 65%] Built target gesummv
[ 66%] Linking CXX executable bicg
[ 66%] Built target floyd-warshall
[ 68%] Linking CXX executable jacobi-2d
[ 68%] Built target atax
[ 70%] Linking CXX executable deriche
[ 70%] Built target trisolv
[ 71%] Linking CXX executable adi
[ 73%] Linking CXX executable mvt
[ 73%] Built target bicg
[ 73%] Built target jacobi-2d
[ 75%] Linking CXX executable lu
[ 75%] Built target deriche
[ 75%] Built target adi
[ 76%] Linking CXX executable trmm
[ 76%] Built target mvt
[ 78%] Linking CXX executable syrk
[ 78%] Built target lu
[ 80%] Linking CXX executable symm
[ 80%] Built target trmm
[ 80%] Built target syrk
[ 81%] Linking CXX executable fdtd-2d
[ 83%] Linking CXX executable gemver
[ 83%] Built target symm
[ 85%] Linking CXX executable doitgen
[ 85%] Built target fdtd-2d
[ 85%] Built target gemver
[ 86%] Linking CXX executable gemm
[ 88%] Linking CXX executable gramschmidt
[ 90%] Linking CXX executable covariance
[ 90%] Built target doitgen
[ 90%] Built target gemm
[ 90%] Built target gramschmidt
[ 90%] Built target covariance
[ 91%] Linking CXX executable heat-3d
[ 91%] Built target heat-3d
[ 93%] Linking CXX executable ludcmp
[ 93%] Built target ludcmp
[ 95%] Linking CXX executable syr2k
[ 95%] Built target syr2k
[ 96%] Linking CXX executable correlation
[ 96%] Built target correlation
[ 98%] Linking CXX executable 2mm
[ 98%] Built target 2mm
[100%] Linking CXX executable 3mm
[100%] Built target 3mm
noarr,naive,2mm,0.651363,3.961,valid,1,LARGE,DOUBLE
noarr,naive,2mm,1,0.655083,1,LARGE,DOUBLE
noarr,naive,2mm,2,0.651322,1,LARGE,DOUBLE
noarr,naive,2mm,3,0.650387,1,LARGE,DOUBLE
noarr,naive,2mm,4,0.650757,1,LARGE,DOUBLE
noarr,naive,2mm,5,0.650455,1,LARGE,DOUBLE
noarr,naive,3mm,1.064791,3.670,valid,1,LARGE,DOUBLE
noarr,naive,3mm,1,1.061753,1,LARGE,DOUBLE
noarr,naive,3mm,2,1.063835,1,LARGE,DOUBLE
noarr,naive,3mm,3,1.064692,1,LARGE,DOUBLE
noarr,naive,3mm,4,1.070375,1,LARGE,DOUBLE
noarr,naive,3mm,5,1.064033,1,LARGE,DOUBLE
noarr,naive,adi,11.288602,0.921,valid,1,LARGE,DOUBLE
noarr,naive,adi,1,11.294671,1,LARGE,DOUBLE
noarr,naive,adi,2,11.273443,1,LARGE,DOUBLE
noarr,naive,adi,3,11.333979,1,LARGE,DOUBLE
noarr,naive,adi,4,11.364622,1,LARGE,DOUBLE
noarr,naive,adi,5,11.320027,1,LARGE,DOUBLE
noarr,naive,atax,0.008239,1.040,valid,1,LARGE,DOUBLE
noarr,naive,atax,1,0.008201,1,LARGE,DOUBLE
noarr,naive,atax,2,0.008192,1,LARGE,DOUBLE
noarr,naive,atax,3,0.008205,1,LARGE,DOUBLE
noarr,naive,atax,4,0.008185,1,LARGE,DOUBLE
noarr,naive,atax,5,0.008185,1,LARGE,DOUBLE
noarr,naive,bicg,0.006528,2.232,valid,1,LARGE,DOUBLE
noarr,naive,bicg,1,0.006455,1,LARGE,DOUBLE
noarr,naive,bicg,2,0.006465,1,LARGE,DOUBLE
noarr,naive,bicg,3,0.006177,1,LARGE,DOUBLE
noarr,naive,bicg,4,0.006570,1,LARGE,DOUBLE
noarr,naive,bicg,5,0.006536,1,LARGE,DOUBLE
noarr,naive,cholesky,,,compile_error,1,LARGE,DOUBLE
noarr,naive,correlation,1.669299,1.031,valid,1,LARGE,DOUBLE
noarr,naive,correlation,1,1.670611,1,LARGE,DOUBLE
noarr,naive,correlation,2,1.695533,1,LARGE,DOUBLE
noarr,naive,correlation,3,1.695340,1,LARGE,DOUBLE
noarr,naive,correlation,4,1.695426,1,LARGE,DOUBLE
noarr,naive,correlation,5,1.669768,1,LARGE,DOUBLE
noarr,naive,covariance,1.682724,1.023,valid,1,LARGE,DOUBLE
noarr,naive,covariance,1,1.669983,1,LARGE,DOUBLE
noarr,naive,covariance,2,1.670038,1,LARGE,DOUBLE
noarr,naive,covariance,3,1.669013,1,LARGE,DOUBLE
noarr,naive,covariance,4,1.669906,1,LARGE,DOUBLE
noarr,naive,covariance,5,1.669503,1,LARGE,DOUBLE
noarr,naive,deriche,0.439617,0.510,valid,1,LARGE,DOUBLE
noarr,naive,deriche,1,0.436824,1,LARGE,DOUBLE
noarr,naive,deriche,2,0.457829,1,LARGE,DOUBLE
noarr,naive,deriche,3,0.448573,1,LARGE,DOUBLE
noarr,naive,deriche,4,0.439300,1,LARGE,DOUBLE
noarr,naive,deriche,5,0.447852,1,LARGE,DOUBLE
noarr,naive,doitgen,0.193509,3.859,valid,1,LARGE,DOUBLE
noarr,naive,doitgen,1,0.193577,1,LARGE,DOUBLE
noarr,naive,doitgen,2,0.193622,1,LARGE,DOUBLE
noarr,naive,doitgen,3,0.193742,1,LARGE,DOUBLE
noarr,naive,doitgen,4,0.193724,1,LARGE,DOUBLE
noarr,naive,doitgen,5,0.193623,1,LARGE,DOUBLE
noarr,naive,durbin,0.004204,0.908,valid,1,LARGE,DOUBLE
noarr,naive,durbin,1,0.004202,1,LARGE,DOUBLE
noarr,naive,durbin,2,0.004206,1,LARGE,DOUBLE
noarr,naive,durbin,3,0.004208,1,LARGE,DOUBLE
noarr,naive,durbin,4,0.004207,1,LARGE,DOUBLE
noarr,naive,durbin,5,0.004206,1,LARGE,DOUBLE
noarr,naive,fdtd-2d,1.793435,0.974,valid,1,LARGE,DOUBLE
noarr,naive,fdtd-2d,1,1.764975,1,LARGE,DOUBLE
noarr,naive,fdtd-2d,2,1.782646,1,LARGE,DOUBLE
noarr,naive,fdtd-2d,3,1.770737,1,LARGE,DOUBLE
noarr,naive,fdtd-2d,4,1.787706,1,LARGE,DOUBLE
noarr,naive,fdtd-2d,5,1.793910,1,LARGE,DOUBLE
noarr,naive,floyd-warshall,15.916702,1.436,valid,1,LARGE,DOUBLE
noarr,naive,floyd-warshall,1,16.002216,1,LARGE,DOUBLE
noarr,naive,floyd-warshall,2,15.938512,1,LARGE,DOUBLE
noarr,naive,floyd-warshall,3,15.969555,1,LARGE,DOUBLE
noarr,naive,floyd-warshall,4,15.917861,1,LARGE,DOUBLE
noarr,naive,floyd-warshall,5,15.919282,1,LARGE,DOUBLE
noarr,naive,gemm,2.408466,0.185,valid,1,LARGE,DOUBLE
noarr,naive,gemm,1,2.407613,1,LARGE,DOUBLE
noarr,naive,gemm,2,2.429020,1,LARGE,DOUBLE
noarr,naive,gemm,3,2.429592,1,LARGE,DOUBLE
noarr,naive,gemm,4,2.408289,1,LARGE,DOUBLE
noarr,naive,gemm,5,2.409046,1,LARGE,DOUBLE
noarr,naive,gemver,0.011876,1.504,valid,1,LARGE,DOUBLE
noarr,naive,gemver,1,0.011972,1,LARGE,DOUBLE
noarr,naive,gemver,2,0.011793,1,LARGE,DOUBLE
noarr,naive,gemver,3,0.011820,1,LARGE,DOUBLE
noarr,naive,gemver,4,0.011815,1,LARGE,DOUBLE
noarr,naive,gemver,5,0.011847,1,LARGE,DOUBLE
noarr,naive,gesummv,0.002702,2.313,valid,1,LARGE,DOUBLE
noarr,naive,gesummv,1,0.002709,1,LARGE,DOUBLE
noarr,naive,gesummv,2,0.002721,1,LARGE,DOUBLE
noarr,naive,gesummv,3,0.002682,1,LARGE,DOUBLE
noarr,naive,gesummv,4,0.002732,1,LARGE,DOUBLE
noarr,naive,gesummv,5,0.002708,1,LARGE,DOUBLE
noarr,naive,gramschmidt,1.369160,,validity_error,1,LARGE,DOUBLE
noarr,naive,heat-3d,1.547597,1.256,valid,1,LARGE,DOUBLE
noarr,naive,heat-3d,1,1.449262,1,LARGE,DOUBLE
noarr,naive,heat-3d,2,1.467464,1,LARGE,DOUBLE
noarr,naive,heat-3d,3,1.433839,1,LARGE,DOUBLE
noarr,naive,heat-3d,4,1.481152,1,LARGE,DOUBLE
noarr,naive,heat-3d,5,1.430125,1,LARGE,DOUBLE
noarr,naive,jacobi-1d,0.029367,0.031,valid,1,LARGE,DOUBLE
noarr,naive,jacobi-1d,1,0.028786,1,LARGE,DOUBLE
noarr,naive,jacobi-1d,2,0.028365,1,LARGE,DOUBLE
noarr,naive,jacobi-1d,3,0.028739,1,LARGE,DOUBLE
noarr,naive,jacobi-1d,4,0.028461,1,LARGE,DOUBLE
noarr,naive,jacobi-1d,5,0.028906,1,LARGE,DOUBLE
noarr,naive,jacobi-2d,0.200503,8.250,valid,1,LARGE,DOUBLE
noarr,naive,jacobi-2d,1,0.200714,1,LARGE,DOUBLE
noarr,naive,jacobi-2d,2,0.207244,1,LARGE,DOUBLE
noarr,naive,jacobi-2d,3,0.199312,1,LARGE,DOUBLE
noarr,naive,jacobi-2d,4,0.200469,1,LARGE,DOUBLE
noarr,naive,jacobi-2d,5,0.198939,1,LARGE,DOUBLE
noarr,naive,lu,4.416713,1.000,valid,1,LARGE,DOUBLE
noarr,naive,lu,1,4.374660,1,LARGE,DOUBLE
noarr,naive,lu,2,4.424330,1,LARGE,DOUBLE
noarr,naive,lu,3,4.375726,1,LARGE,DOUBLE
noarr,naive,lu,4,4.424288,1,LARGE,DOUBLE
noarr,naive,lu,5,4.376568,1,LARGE,DOUBLE
noarr,naive,ludcmp,4.442951,0.987,valid,1,LARGE,DOUBLE
noarr,naive,ludcmp,1,4.378625,1,LARGE,DOUBLE
noarr,naive,ludcmp,2,4.428965,1,LARGE,DOUBLE
noarr,naive,ludcmp,3,4.426847,1,LARGE,DOUBLE
noarr,naive,ludcmp,4,4.428068,1,LARGE,DOUBLE
noarr,naive,ludcmp,5,4.427064,1,LARGE,DOUBLE
noarr,naive,mvt,0.014477,1.022,valid,1,LARGE,DOUBLE
noarr,naive,mvt,1,0.014535,1,LARGE,DOUBLE
noarr,naive,mvt,2,0.014393,1,LARGE,DOUBLE
noarr,naive,mvt,3,0.014451,1,LARGE,DOUBLE
noarr,naive,mvt,4,0.014418,1,LARGE,DOUBLE
noarr,naive,mvt,5,0.014326,1,LARGE,DOUBLE
noarr,naive,nussinov,,,compile_error,1,LARGE,DOUBLE
noarr,naive,seidel-2d,27.163637,1.000,valid,1,LARGE,DOUBLE
noarr,naive,seidel-2d,1,27.164795,1,LARGE,DOUBLE
noarr,naive,seidel-2d,2,27.163177,1,LARGE,DOUBLE
noarr,naive,seidel-2d,3,27.163200,1,LARGE,DOUBLE
noarr,naive,seidel-2d,4,27.164206,1,LARGE,DOUBLE
noarr,naive,seidel-2d,5,27.164493,1,LARGE,DOUBLE
noarr,naive,symm,1.542395,,validity_error,1,LARGE,DOUBLE
noarr,naive,syr2k,1.781485,0.742,valid,1,LARGE,DOUBLE
noarr,naive,syr2k,1,1.779720,1,LARGE,DOUBLE
noarr,naive,syr2k,2,1.791104,1,LARGE,DOUBLE
noarr,naive,syr2k,3,1.791810,1,LARGE,DOUBLE
noarr,naive,syr2k,4,1.792227,1,LARGE,DOUBLE
noarr,naive,syr2k,5,1.789863,1,LARGE,DOUBLE
noarr,naive,syrk,0.571435,1.148,valid,1,LARGE,DOUBLE
noarr,naive,syrk,1,0.566672,1,LARGE,DOUBLE
noarr,naive,syrk,2,0.563566,1,LARGE,DOUBLE
noarr,naive,syrk,3,0.563878,1,LARGE,DOUBLE
noarr,naive,syrk,4,0.558364,1,LARGE,DOUBLE
noarr,naive,syrk,5,0.565610,1,LARGE,DOUBLE
noarr,naive,trisolv,0.003184,0.981,valid,1,LARGE,DOUBLE
noarr,naive,trisolv,1,0.003131,1,LARGE,DOUBLE
noarr,naive,trisolv,2,0.003125,1,LARGE,DOUBLE
noarr,naive,trisolv,3,0.003092,1,LARGE,DOUBLE
noarr,naive,trisolv,4,0.003122,1,LARGE,DOUBLE
noarr,naive,trisolv,5,0.003174,1,LARGE,DOUBLE
noarr,naive,trmm,0.234065,4.192,valid,1,LARGE,DOUBLE
noarr,naive,trmm,1,0.233850,1,LARGE,DOUBLE
noarr,naive,trmm,2,0.236295,1,LARGE,DOUBLE
noarr,naive,trmm,3,0.236863,1,LARGE,DOUBLE
noarr,naive,trmm,4,0.236001,1,LARGE,DOUBLE
noarr,naive,trmm,5,0.235811,1,LARGE,DOUBLE
-- The CXX compiler identification is GNU 15.2.0
-- Detecting CXX compiler ABI info
-- Detecting CXX compiler ABI info - done
-- Check for working CXX compiler: /usr/local/latestgcc/bin/g++ - skipped
-- Detecting CXX compile features
-- Detecting CXX compile features - done
-- Using NOARR_STRUCTURES_DIR from environment: /home/kleplj/naive/submodules/noarr-structures
-- Configuring done (0.4s)
-- Generating done (0.7s)
-- Build files have been written to: /home/kleplj/naive/optimization/naive/PolybenchC-Noarr/build
[  3%] Building CXX object CMakeFiles/correlation.dir/datamining/correlation/correlation.cpp.o
[ 10%] Building CXX object CMakeFiles/covariance.dir/datamining/covariance/covariance.cpp.o
[ 10%] Building CXX object CMakeFiles/gemver.dir/linear-algebra/blas/gemver/gemver.cpp.o
[ 15%] Building CXX object CMakeFiles/gemm.dir/linear-algebra/blas/gemm/gemm.cpp.o
[ 15%] Building CXX object CMakeFiles/gesummv.dir/linear-algebra/blas/gesummv/gesummv.cpp.o
[ 15%] Building CXX object CMakeFiles/symm.dir/linear-algebra/blas/symm/symm.cpp.o
[ 15%] Building CXX object CMakeFiles/syrk.dir/linear-algebra/blas/syrk/syrk.cpp.o
[ 21%] Building CXX object CMakeFiles/bicg.dir/linear-algebra/kernels/bicg/bicg.cpp.o
[ 21%] Building CXX object CMakeFiles/2mm.dir/linear-algebra/kernels/2mm/2mm.cpp.o
[ 21%] Building CXX object CMakeFiles/syr2k.dir/linear-algebra/blas/syr2k/syr2k.cpp.o
[ 21%] Building CXX object CMakeFiles/trmm.dir/linear-algebra/blas/trmm/trmm.cpp.o
[ 35%] Building CXX object CMakeFiles/cholesky.dir/linear-algebra/solvers/cholesky/cholesky.cpp.o
[ 46%] Building CXX object CMakeFiles/fdtd-2d.dir/stencils/fdtd-2d/fdtd-2d.cpp.o
[ 35%] Building CXX object CMakeFiles/mvt.dir/linear-algebra/kernels/mvt/mvt.cpp.o
[ 50%] Building CXX object CMakeFiles/adi.dir/stencils/adi/adi.cpp.o
[ 50%] Building CXX object CMakeFiles/nussinov.dir/medley/nussinov/nussinov.cpp.o
[ 50%] Building CXX object CMakeFiles/trisolv.dir/linear-algebra/solvers/trisolv/trisolv.cpp.o
[ 50%] Building CXX object CMakeFiles/gramschmidt.dir/linear-algebra/solvers/gramschmidt/gramschmidt.cpp.o
[ 50%] Building CXX object CMakeFiles/floyd-warshall.dir/medley/floyd-warshall/floyd-warshall.cpp.o
[ 50%] Building CXX object CMakeFiles/ludcmp.dir/linear-algebra/solvers/ludcmp/ludcmp.cpp.o
[ 50%] Building CXX object CMakeFiles/deriche.dir/medley/deriche/deriche.cpp.o
[ 50%] Building CXX object CMakeFiles/doitgen.dir/linear-algebra/kernels/doitgen/doitgen.cpp.o
[ 50%] Building CXX object CMakeFiles/atax.dir/linear-algebra/kernels/atax/atax.cpp.o
[ 50%] Building CXX object CMakeFiles/lu.dir/linear-algebra/solvers/lu/lu.cpp.o
[ 50%] Building CXX object CMakeFiles/jacobi-1d.dir/stencils/jacobi-1d/jacobi-1d.cpp.o
[ 50%] Building CXX object CMakeFiles/heat-3d.dir/stencils/heat-3d/heat-3d.cpp.o
[ 50%] Building CXX object CMakeFiles/3mm.dir/linear-algebra/kernels/3mm/3mm.cpp.o
[ 50%] Building CXX object CMakeFiles/durbin.dir/linear-algebra/solvers/durbin/durbin.cpp.o
[ 50%] Building CXX object CMakeFiles/jacobi-2d.dir/stencils/jacobi-2d/jacobi-2d.cpp.o
[ 50%] Building CXX object CMakeFiles/seidel-2d.dir/stencils/seidel-2d/seidel-2d.cpp.o
[ 51%] Linking CXX executable cholesky
[ 53%] Linking CXX executable nussinov
[ 55%] Linking CXX executable durbin
[ 55%] Built target durbin
[ 56%] Linking CXX executable floyd-warshall
[ 58%] Linking CXX executable gesummv
[ 60%] Linking CXX executable mvt
[ 61%] Linking CXX executable bicg
[ 63%] Linking CXX executable trisolv
[ 63%] Built target floyd-warshall
[ 63%] Built target gesummv
[ 65%] Linking CXX executable atax
[ 65%] Built target mvt
[ 65%] Built target bicg
[ 66%] Linking CXX executable adi
[ 66%] Built target trisolv
[ 66%] Built target atax
[ 68%] Linking CXX executable trmm
[ 70%] Linking CXX executable lu
[ 70%] Built target adi
[ 71%] Linking CXX executable seidel-2d
[ 73%] Linking CXX executable syrk
[ 73%] Built target trmm
[ 73%] Built target lu
[ 75%] Linking CXX executable syr2k
[ 75%] Built target seidel-2d
[ 75%] Built target syrk
[ 76%] Linking CXX executable gemver
[ 78%] Linking CXX executable jacobi-2d
[ 78%] Built target syr2k
[ 80%] Linking CXX executable doitgen
[ 81%] Linking CXX executable gramschmidt
[ 83%] Linking CXX executable symm
[ 85%] Linking CXX executable gemm
[ 85%] Built target gemver
[ 85%] Built target jacobi-2d
[ 85%] Built target doitgen
[ 86%] Linking CXX executable fdtd-2d
[ 86%] Built target gramschmidt
[ 86%] Built target symm
[ 86%] Built target gemm
[ 88%] Linking CXX executable covariance
[ 88%] Built target fdtd-2d
[ 88%] Built target covariance
[ 90%] Linking CXX executable heat-3d
[ 91%] Linking CXX executable ludcmp
[ 93%] Linking CXX executable correlation
[ 93%] Built target heat-3d
[ 93%] Built target ludcmp
[ 93%] Built target correlation
[ 95%] Linking CXX executable 2mm
[ 95%] Built target 2mm
[ 96%] Linking CXX executable 3mm
[ 96%] Built target 3mm
noarr,naive,2mm,0.656441,3.921,valid,2,LARGE,DOUBLE
noarr,naive,2mm,1,0.672504,2,LARGE,DOUBLE
noarr,naive,2mm,2,0.651579,2,LARGE,DOUBLE
noarr,naive,2mm,3,0.650858,2,LARGE,DOUBLE
noarr,naive,2mm,4,0.652861,2,LARGE,DOUBLE
noarr,naive,2mm,5,0.651106,2,LARGE,DOUBLE
noarr,naive,3mm,1.074567,3.663,valid,2,LARGE,DOUBLE
noarr,naive,3mm,1,1.101948,2,LARGE,DOUBLE
noarr,naive,3mm,2,1.106252,2,LARGE,DOUBLE
noarr,naive,3mm,3,1.065685,2,LARGE,DOUBLE
noarr,naive,3mm,4,1.065477,2,LARGE,DOUBLE
noarr,naive,3mm,5,1.066506,2,LARGE,DOUBLE
noarr,naive,adi,11.001884,0.945,valid,2,LARGE,DOUBLE
noarr,naive,adi,1,11.118573,2,LARGE,DOUBLE
noarr,naive,adi,2,10.997157,2,LARGE,DOUBLE
noarr,naive,adi,3,10.961172,2,LARGE,DOUBLE
noarr,naive,adi,4,10.970795,2,LARGE,DOUBLE
noarr,naive,adi,5,11.013252,2,LARGE,DOUBLE
noarr,naive,atax,0.008377,1.032,valid,2,LARGE,DOUBLE
noarr,naive,atax,1,0.008341,2,LARGE,DOUBLE
noarr,naive,atax,2,0.008181,2,LARGE,DOUBLE
noarr,naive,atax,3,0.008313,2,LARGE,DOUBLE
noarr,naive,atax,4,0.008259,2,LARGE,DOUBLE
noarr,naive,atax,5,0.008263,2,LARGE,DOUBLE
noarr,naive,bicg,0.006450,2.265,valid,2,LARGE,DOUBLE
noarr,naive,bicg,1,0.006225,2,LARGE,DOUBLE
noarr,naive,bicg,2,0.006605,2,LARGE,DOUBLE
noarr,naive,bicg,3,0.006408,2,LARGE,DOUBLE
noarr,naive,bicg,4,0.006325,2,LARGE,DOUBLE
noarr,naive,bicg,5,0.006813,2,LARGE,DOUBLE
noarr,naive,cholesky,,,compile_error,2,LARGE,DOUBLE
noarr,naive,correlation,1.677588,1.007,valid,2,LARGE,DOUBLE
noarr,naive,correlation,1,1.677431,2,LARGE,DOUBLE
noarr,naive,correlation,2,1.678404,2,LARGE,DOUBLE
noarr,naive,correlation,3,1.678299,2,LARGE,DOUBLE
noarr,naive,correlation,4,1.677113,2,LARGE,DOUBLE
noarr,naive,correlation,5,1.677146,2,LARGE,DOUBLE
noarr,naive,covariance,1.668819,1.026,valid,2,LARGE,DOUBLE
noarr,naive,covariance,1,1.696907,2,LARGE,DOUBLE
noarr,naive,covariance,2,1.685854,2,LARGE,DOUBLE
noarr,naive,covariance,3,1.685611,2,LARGE,DOUBLE
noarr,naive,covariance,4,1.684473,2,LARGE,DOUBLE
noarr,naive,covariance,5,1.685559,2,LARGE,DOUBLE
noarr,naive,deriche,,,compile_error,2,LARGE,DOUBLE
noarr,naive,doitgen,0.159540,4.665,valid,2,LARGE,DOUBLE
noarr,naive,doitgen,1,0.159534,2,LARGE,DOUBLE
noarr,naive,doitgen,2,0.159409,2,LARGE,DOUBLE
noarr,naive,doitgen,3,0.159473,2,LARGE,DOUBLE
noarr,naive,doitgen,4,0.159444,2,LARGE,DOUBLE
noarr,naive,doitgen,5,0.159187,2,LARGE,DOUBLE
noarr,naive,durbin,0.004381,0.868,valid,2,LARGE,DOUBLE
noarr,naive,durbin,1,0.004376,2,LARGE,DOUBLE
noarr,naive,durbin,2,0.004414,2,LARGE,DOUBLE
noarr,naive,durbin,3,0.004376,2,LARGE,DOUBLE
noarr,naive,durbin,4,0.004423,2,LARGE,DOUBLE
noarr,naive,durbin,5,0.004374,2,LARGE,DOUBLE
noarr,naive,fdtd-2d,1.818759,0.955,valid,2,LARGE,DOUBLE
noarr,naive,fdtd-2d,1,1.816972,2,LARGE,DOUBLE
noarr,naive,fdtd-2d,2,1.809794,2,LARGE,DOUBLE
noarr,naive,fdtd-2d,3,1.802556,2,LARGE,DOUBLE
noarr,naive,fdtd-2d,4,1.806572,2,LARGE,DOUBLE
noarr,naive,fdtd-2d,5,1.829065,2,LARGE,DOUBLE
noarr,naive,floyd-warshall,28.992770,0.798,valid,2,LARGE,DOUBLE
noarr,naive,floyd-warshall,1,28.917003,2,LARGE,DOUBLE
noarr,naive,floyd-warshall,2,28.908939,2,LARGE,DOUBLE
noarr,naive,floyd-warshall,3,28.470766,2,LARGE,DOUBLE
noarr,naive,floyd-warshall,4,28.773994,2,LARGE,DOUBLE
noarr,naive,floyd-warshall,5,28.759768,2,LARGE,DOUBLE
noarr,naive,gemm,0.524916,0.858,valid,2,LARGE,DOUBLE
noarr,naive,gemm,1,0.528405,2,LARGE,DOUBLE
noarr,naive,gemm,2,0.528673,2,LARGE,DOUBLE
noarr,naive,gemm,3,0.523951,2,LARGE,DOUBLE
noarr,naive,gemm,4,0.524471,2,LARGE,DOUBLE
noarr,naive,gemm,5,0.525063,2,LARGE,DOUBLE
noarr,naive,gemver,0.011797,1.500,valid,2,LARGE,DOUBLE
noarr,naive,gemver,1,0.011624,2,LARGE,DOUBLE
noarr,naive,gemver,2,0.011664,2,LARGE,DOUBLE
noarr,naive,gemver,3,0.011648,2,LARGE,DOUBLE
noarr,naive,gemver,4,0.011640,2,LARGE,DOUBLE
noarr,naive,gemver,5,0.011613,2,LARGE,DOUBLE
noarr,naive,gesummv,0.002751,2.284,valid,2,LARGE,DOUBLE
noarr,naive,gesummv,1,0.002722,2,LARGE,DOUBLE
noarr,naive,gesummv,2,0.002800,2,LARGE,DOUBLE
noarr,naive,gesummv,3,0.002705,2,LARGE,DOUBLE
noarr,naive,gesummv,4,0.002697,2,LARGE,DOUBLE
noarr,naive,gesummv,5,0.002648,2,LARGE,DOUBLE
noarr,naive,gramschmidt,2.502769,,validity_error,2,LARGE,DOUBLE
noarr,naive,heat-3d,2.029958,0.961,valid,2,LARGE,DOUBLE
noarr,naive,heat-3d,1,2.026863,2,LARGE,DOUBLE
noarr,naive,heat-3d,2,2.030652,2,LARGE,DOUBLE
noarr,naive,heat-3d,3,2.036253,2,LARGE,DOUBLE
noarr,naive,heat-3d,4,2.031899,2,LARGE,DOUBLE
noarr,naive,heat-3d,5,2.025949,2,LARGE,DOUBLE
noarr,naive,jacobi-1d,,,compile_error,2,LARGE,DOUBLE
noarr,naive,jacobi-2d,3.263209,0.502,valid,2,LARGE,DOUBLE
noarr,naive,jacobi-2d,1,3.293558,2,LARGE,DOUBLE
noarr,naive,jacobi-2d,2,3.275705,2,LARGE,DOUBLE
noarr,naive,jacobi-2d,3,3.238167,2,LARGE,DOUBLE
noarr,naive,jacobi-2d,4,3.315107,2,LARGE,DOUBLE
noarr,naive,jacobi-2d,5,3.250878,2,LARGE,DOUBLE
noarr,naive,lu,4.372952,1.005,valid,2,LARGE,DOUBLE
noarr,naive,lu,1,4.372167,2,LARGE,DOUBLE
noarr,naive,lu,2,4.369881,2,LARGE,DOUBLE
noarr,naive,lu,3,4.372513,2,LARGE,DOUBLE
noarr,naive,lu,4,4.422902,2,LARGE,DOUBLE
noarr,naive,lu,5,4.422509,2,LARGE,DOUBLE
noarr,naive,ludcmp,4.414315,1.000,valid,2,LARGE,DOUBLE
noarr,naive,ludcmp,1,4.375158,2,LARGE,DOUBLE
noarr,naive,ludcmp,2,4.411052,2,LARGE,DOUBLE
noarr,naive,ludcmp,3,4.378693,2,LARGE,DOUBLE
noarr,naive,ludcmp,4,4.399531,2,LARGE,DOUBLE
noarr,naive,ludcmp,5,4.405063,2,LARGE,DOUBLE
noarr,naive,mvt,0.013101,1.115,valid,2,LARGE,DOUBLE
noarr,naive,mvt,1,0.013160,2,LARGE,DOUBLE
noarr,naive,mvt,2,0.013131,2,LARGE,DOUBLE
noarr,naive,mvt,3,0.013139,2,LARGE,DOUBLE
noarr,naive,mvt,4,0.013106,2,LARGE,DOUBLE
noarr,naive,mvt,5,0.013090,2,LARGE,DOUBLE
noarr,naive,nussinov,,,compile_error,2,LARGE,DOUBLE
noarr,naive,seidel-2d,20.159732,1.348,valid,2,LARGE,DOUBLE
-- The C compiler identification is GNU 15.2.0
-- Detecting C compiler ABI info
-- Detecting C compiler ABI info - done
-- Check for working C compiler: /usr/local/latestgcc/bin/gcc - skipped
-- Detecting C compile features
-- Detecting C compile features - done
-- Configuring done (0.4s)
-- Generating done (0.8s)
-- Build files have been written to: /home/kleplj/naive/optimization/naive/PolybenchC-4.2.1/build
[  2%] Building C object CMakeFiles/covariance.dir/datamining/covariance/covariance.c.o
[  2%] Building C object CMakeFiles/covariance.dir/utilities/polybench.c.o
[  7%] Building C object CMakeFiles/correlation.dir/datamining/correlation/correlation.c.o
[  7%] Building C object CMakeFiles/correlation.dir/utilities/polybench.c.o
[ 15%] Building C object CMakeFiles/gemver.dir/utilities/polybench.c.o
[ 15%] Building C object CMakeFiles/gramschmidt.dir/linear-algebra/solvers/gramschmidt/gramschmidt.c.o
[ 15%] Building C object CMakeFiles/cholesky.dir/linear-algebra/solvers/cholesky/cholesky.c.o
[ 15%] Building C object CMakeFiles/cholesky.dir/utilities/polybench.c.o
[ 15%] Building C object CMakeFiles/trisolv.dir/linear-algebra/solvers/trisolv/trisolv.c.o
[ 15%] Building C object CMakeFiles/lu.dir/linear-algebra/solvers/lu/lu.c.o
[ 15%] Building C object CMakeFiles/durbin.dir/utilities/polybench.c.o
[ 15%] Building C object CMakeFiles/durbin.dir/linear-algebra/solvers/durbin/durbin.c.o
[ 40%] Building C object CMakeFiles/floyd-warshall.dir/utilities/polybench.c.o
[ 40%] Building C object CMakeFiles/mvt.dir/linear-algebra/kernels/mvt/mvt.c.o
[ 66%] Building C object CMakeFiles/floyd-warshall.dir/medley/floyd-warshall/floyd-warshall.c.o
[ 66%] Building C object CMakeFiles/gemm.dir/linear-algebra/blas/gemm/gemm.c.o
[ 66%] Building C object CMakeFiles/symm.dir/linear-algebra/blas/symm/symm.c.o
[ 66%] Building C object CMakeFiles/fdtd-2d.dir/utilities/polybench.c.o
[ 66%] Building C object CMakeFiles/deriche.dir/utilities/polybench.c.o
[ 66%] Building C object CMakeFiles/heat-3d.dir/utilities/polybench.c.o
[ 66%] Building C object CMakeFiles/jacobi-1d.dir/stencils/jacobi-1d/jacobi-1d.c.o
[ 66%] Building C object CMakeFiles/bicg.dir/utilities/polybench.c.o
[ 66%] Building C object CMakeFiles/atax.dir/linear-algebra/kernels/atax/atax.c.o
[ 66%] Building C object CMakeFiles/mvt.dir/utilities/polybench.c.o
[ 66%] Building C object CMakeFiles/nussinov.dir/utilities/polybench.c.o
[ 66%] Building C object CMakeFiles/bicg.dir/linear-algebra/kernels/bicg/bicg.c.o
[ 66%] Building C object CMakeFiles/ludcmp.dir/linear-algebra/solvers/ludcmp/ludcmp.c.o
[ 66%] Building C object CMakeFiles/gramschmidt.dir/utilities/polybench.c.o
[ 66%] Building C object CMakeFiles/syr2k.dir/utilities/polybench.c.o
[ 66%] Building C object CMakeFiles/jacobi-2d.dir/utilities/polybench.c.o
[ 66%] Building C object CMakeFiles/lu.dir/utilities/polybench.c.o
[ 66%] Building C object CMakeFiles/trisolv.dir/utilities/polybench.c.o
[ 66%] Building C object CMakeFiles/syrk.dir/linear-algebra/blas/syrk/syrk.c.o
[ 66%] Building C object CMakeFiles/doitgen.dir/utilities/polybench.c.o
[ 66%] Building C object CMakeFiles/fdtd-2d.dir/stencils/fdtd-2d/fdtd-2d.c.o
[ 66%] Building C object CMakeFiles/jacobi-2d.dir/stencils/jacobi-2d/jacobi-2d.c.o
[ 66%] Building C object CMakeFiles/2mm.dir/linear-algebra/kernels/2mm/2mm.c.o
[ 66%] Building C object CMakeFiles/seidel-2d.dir/stencils/seidel-2d/seidel-2d.c.o
[ 66%] Building C object CMakeFiles/adi.dir/utilities/polybench.c.o
[ 66%] Building C object CMakeFiles/seidel-2d.dir/utilities/polybench.c.o
[ 66%] Building C object CMakeFiles/trmm.dir/utilities/polybench.c.o
[ 66%] Building C object CMakeFiles/syrk.dir/utilities/polybench.c.o
[ 66%] Building C object CMakeFiles/doitgen.dir/linear-algebra/kernels/doitgen/doitgen.c.o
[ 66%] Building C object CMakeFiles/3mm.dir/linear-algebra/kernels/3mm/3mm.c.o
[ 66%] Building C object CMakeFiles/deriche.dir/medley/deriche/deriche.c.o
[ 66%] Building C object CMakeFiles/3mm.dir/utilities/polybench.c.o
[ 66%] Building C object CMakeFiles/syr2k.dir/linear-algebra/blas/syr2k/syr2k.c.o
[ 66%] Building C object CMakeFiles/gesummv.dir/linear-algebra/blas/gesummv/gesummv.c.o
[ 66%] Building C object CMakeFiles/atax.dir/utilities/polybench.c.o
[ 66%] Building C object CMakeFiles/2mm.dir/utilities/polybench.c.o
[ 66%] Building C object CMakeFiles/heat-3d.dir/stencils/heat-3d/heat-3d.c.o
[ 66%] Building C object CMakeFiles/gemm.dir/utilities/polybench.c.o
[ 66%] Building C object CMakeFiles/symm.dir/utilities/polybench.c.o
[ 66%] Building C object CMakeFiles/trmm.dir/linear-algebra/blas/trmm/trmm.c.o
[ 66%] Building C object CMakeFiles/gesummv.dir/utilities/polybench.c.o
[ 66%] Building C object CMakeFiles/gemver.dir/linear-algebra/blas/gemver/gemver.c.o
[ 66%] Building C object CMakeFiles/adi.dir/stencils/adi/adi.c.o
[ 66%] Building C object CMakeFiles/ludcmp.dir/utilities/polybench.c.o
[ 66%] Building C object CMakeFiles/jacobi-1d.dir/utilities/polybench.c.o
[ 66%] Building C object CMakeFiles/nussinov.dir/medley/nussinov/nussinov.c.o
[ 67%] Linking C executable covariance
[ 68%] Linking C executable floyd-warshall
[ 70%] Linking C executable mvt
[ 72%] Linking C executable durbin
[ 72%] Linking C executable trisolv
[ 74%] Linking C executable cholesky
[ 74%] Linking C executable atax
[ 75%] Linking C executable bicg
[ 77%] Linking C executable symm
[ 77%] Linking C executable gesummv
[ 81%] Linking C executable syr2k
[ 81%] Linking C executable nussinov
[ 81%] Linking C executable correlation
[ 81%] Built target covariance
[ 83%] Linking C executable adi
[ 84%] Linking C executable syrk
[ 84%] Linking C executable trmm
[ 85%] Linking C executable doitgen
[ 85%] Built target mvt
[ 85%] Built target floyd-warshall
[ 87%] Linking C executable jacobi-2d
[ 87%] Linking C executable 3mm
[ 88%] Linking C executable gemver
[ 88%] Built target durbin
[ 88%] Built target trisolv
[ 88%] Built target cholesky
[ 88%] Built target atax
[ 88%] Built target bicg
[ 92%] Linking C executable deriche
[ 92%] Linking C executable lu
[ 92%] Linking C executable fdtd-2d
[ 92%] Built target symm
[ 92%] Built target gesummv
[ 92%] Built target correlation
[ 92%] Built target nussinov
[ 92%] Built target syr2k
[ 92%] Built target syrk
[ 92%] Built target adi
[ 92%] Built target trmm
[ 93%] Linking C executable gramschmidt
[ 93%] Built target doitgen
[ 93%] Built target jacobi-2d
[ 93%] Built target 3mm
[ 93%] Built target gemver
[ 94%] Linking C executable gemm
[ 94%] Built target deriche
[ 94%] Built target lu
[ 94%] Built target fdtd-2d
[ 95%] Linking C executable heat-3d
[ 95%] Built target gramschmidt
[ 96%] Linking C executable 2mm
[ 96%] Built target gemm
[ 96%] Built target heat-3d
[ 96%] Built target 2mm
Skipping c naive 2mm repetition 1 for dataset size LARGE, data type DOUBLE (already done).
Skipping c naive 2mm repetition 1 for dataset size LARGE, data type DOUBLE (already done).
Skipping c naive 3mm repetition 1 for dataset size LARGE, data type DOUBLE (already done).
Skipping c naive 3mm repetition 1 for dataset size LARGE, data type DOUBLE (already done).
Skipping c naive adi repetition 1 for dataset size LARGE, data type DOUBLE (already done).
Skipping c naive adi repetition 1 for dataset size LARGE, data type DOUBLE (already done).
Skipping c naive atax repetition 1 for dataset size LARGE, data type DOUBLE (already done).
Skipping c naive atax repetition 1 for dataset size LARGE, data type DOUBLE (already done).
Skipping c naive bicg repetition 1 for dataset size LARGE, data type DOUBLE (already done).
Skipping c naive bicg repetition 1 for dataset size LARGE, data type DOUBLE (already done).
Skipping c naive cholesky repetition 1 for dataset size LARGE, data type DOUBLE (already done).
Skipping c naive cholesky repetition 1 for dataset size LARGE, data type DOUBLE (already done).
Skipping c naive correlation repetition 1 for dataset size LARGE, data type DOUBLE (already done).
Skipping c naive correlation repetition 1 for dataset size LARGE, data type DOUBLE (already done).
Skipping c naive covariance repetition 1 for dataset size LARGE, data type DOUBLE (already done).
Skipping c naive covariance repetition 1 for dataset size LARGE, data type DOUBLE (already done).
Skipping c naive deriche repetition 1 for dataset size LARGE, data type DOUBLE (already done).
Skipping c naive deriche repetition 1 for dataset size LARGE, data type DOUBLE (already done).
Skipping c naive doitgen repetition 1 for dataset size LARGE, data type DOUBLE (already done).
Skipping c naive doitgen repetition 1 for dataset size LARGE, data type DOUBLE (already done).
Skipping c naive durbin repetition 1 for dataset size LARGE, data type DOUBLE (already done).
Skipping c naive durbin repetition 1 for dataset size LARGE, data type DOUBLE (already done).
Skipping c naive fdtd-2d repetition 1 for dataset size LARGE, data type DOUBLE (already done).
Skipping c naive fdtd-2d repetition 1 for dataset size LARGE, data type DOUBLE (already done).
Skipping c naive floyd-warshall repetition 1 for dataset size LARGE, data type DOUBLE (already done).
Skipping c naive floyd-warshall repetition 1 for dataset size LARGE, data type DOUBLE (already done).
Skipping c naive gemm repetition 1 for dataset size LARGE, data type DOUBLE (already done).
Skipping c naive gemm repetition 1 for dataset size LARGE, data type DOUBLE (already done).
Skipping c naive gemver repetition 1 for dataset size LARGE, data type DOUBLE (already done).
Skipping c naive gemver repetition 1 for dataset size LARGE, data type DOUBLE (already done).
Skipping c naive gesummv repetition 1 for dataset size LARGE, data type DOUBLE (already done).
Skipping c naive gesummv repetition 1 for dataset size LARGE, data type DOUBLE (already done).
Skipping c naive gramschmidt repetition 1 for dataset size LARGE, data type DOUBLE (already done).
Skipping c naive gramschmidt repetition 1 for dataset size LARGE, data type DOUBLE (already done).
Skipping c naive heat-3d repetition 1 for dataset size LARGE, data type DOUBLE (already done).
Skipping c naive heat-3d repetition 1 for dataset size LARGE, data type DOUBLE (already done).
Skipping c naive jacobi-2d repetition 1 for dataset size LARGE, data type DOUBLE (already done).
Skipping c naive jacobi-2d repetition 1 for dataset size LARGE, data type DOUBLE (already done).
Skipping c naive lu repetition 1 for dataset size LARGE, data type DOUBLE (already done).
Skipping c naive lu repetition 1 for dataset size LARGE, data type DOUBLE (already done).
Skipping c naive mvt repetition 1 for dataset size LARGE, data type DOUBLE (already done).
Skipping c naive mvt repetition 1 for dataset size LARGE, data type DOUBLE (already done).
Skipping c naive nussinov repetition 1 for dataset size LARGE, data type DOUBLE (already done).
Skipping c naive nussinov repetition 1 for dataset size LARGE, data type DOUBLE (already done).
Skipping c naive symm repetition 1 for dataset size LARGE, data type DOUBLE (already done).
Skipping c naive symm repetition 1 for dataset size LARGE, data type DOUBLE (already done).
Skipping c naive syr2k repetition 1 for dataset size LARGE, data type DOUBLE (already done).
Skipping c naive syr2k repetition 1 for dataset size LARGE, data type DOUBLE (already done).
Skipping c naive syrk repetition 1 for dataset size LARGE, data type DOUBLE (already done).
Skipping c naive syrk repetition 1 for dataset size LARGE, data type DOUBLE (already done).
Skipping c naive trisolv repetition 1 for dataset size LARGE, data type DOUBLE (already done).
Skipping c naive trisolv repetition 1 for dataset size LARGE, data type DOUBLE (already done).
Skipping c naive trmm repetition 1 for dataset size LARGE, data type DOUBLE (already done).
Skipping c naive trmm repetition 1 for dataset size LARGE, data type DOUBLE (already done).
-- The C compiler identification is GNU 15.2.0
-- Detecting C compiler ABI info
-- Detecting C compiler ABI info - done
-- Check for working C compiler: /usr/local/latestgcc/bin/gcc - skipped
-- Detecting C compile features
-- Detecting C compile features - done
-- Configuring done (0.4s)
-- Generating done (0.8s)
-- Build files have been written to: /home/kleplj/naive/optimization/naive/PolybenchC-4.2.1/build
[ 12%] Building C object CMakeFiles/correlation.dir/utilities/polybench.c.o
[ 12%] Building C object CMakeFiles/covariance.dir/utilities/polybench.c.o
[ 12%] Building C object CMakeFiles/correlation.dir/datamining/correlation/correlation.c.o
[ 12%] Building C object CMakeFiles/gramschmidt.dir/linear-algebra/solvers/gramschmidt/gramschmidt.c.o
[ 12%] Building C object CMakeFiles/durbin.dir/utilities/polybench.c.o
[ 12%] Building C object CMakeFiles/lu.dir/linear-algebra/solvers/lu/lu.c.o
[ 12%] Building C object CMakeFiles/lu.dir/utilities/polybench.c.o
[ 12%] Building C object CMakeFiles/covariance.dir/datamining/covariance/covariance.c.o
[ 28%] Building C object CMakeFiles/syr2k.dir/utilities/polybench.c.o
[ 28%] Building C object CMakeFiles/cholesky.dir/linear-algebra/solvers/cholesky/cholesky.c.o
[ 28%] Building C object CMakeFiles/gemm.dir/linear-algebra/blas/gemm/gemm.c.o
[ 28%] Building C object CMakeFiles/gemver.dir/utilities/polybench.c.o
[ 28%] Building C object CMakeFiles/ludcmp.dir/utilities/polybench.c.o
[ 28%] Building C object CMakeFiles/cholesky.dir/utilities/polybench.c.o
[ 28%] Building C object CMakeFiles/gemver.dir/linear-algebra/blas/gemver/gemver.c.o
[ 28%] Building C object CMakeFiles/durbin.dir/linear-algebra/solvers/durbin/durbin.c.o
[ 28%] Building C object CMakeFiles/gemm.dir/utilities/polybench.c.o
[ 28%] Building C object CMakeFiles/syrk.dir/linear-algebra/blas/syrk/syrk.c.o
[ 28%] Building C object CMakeFiles/ludcmp.dir/linear-algebra/solvers/ludcmp/ludcmp.c.o
[ 28%] Building C object CMakeFiles/trisolv.dir/linear-algebra/solvers/trisolv/trisolv.c.o
[ 28%] Building C object CMakeFiles/syr2k.dir/linear-algebra/blas/syr2k/syr2k.c.o
[ 28%] Building C object CMakeFiles/seidel-2d.dir/utilities/polybench.c.o
[ 28%] Building C object CMakeFiles/gramschmidt.dir/utilities/polybench.c.o
[ 28%] Building C object CMakeFiles/trisolv.dir/utilities/polybench.c.o
[ 53%] Building C object CMakeFiles/doitgen.dir/utilities/polybench.c.o
[ 66%] Building C object CMakeFiles/jacobi-1d.dir/utilities/polybench.c.o
[ 66%] Building C object CMakeFiles/heat-3d.dir/utilities/polybench.c.o
[ 66%] Building C object CMakeFiles/adi.dir/stencils/adi/adi.c.o
[ 66%] Building C object CMakeFiles/floyd-warshall.dir/medley/floyd-warshall/floyd-warshall.c.o
[ 66%] Building C object CMakeFiles/gesummv.dir/linear-algebra/blas/gesummv/gesummv.c.o
[ 66%] Building C object CMakeFiles/gesummv.dir/utilities/polybench.c.o
[ 66%] Building C object CMakeFiles/floyd-warshall.dir/utilities/polybench.c.o
[ 66%] Building C object CMakeFiles/nussinov.dir/medley/nussinov/nussinov.c.o
[ 66%] Building C object CMakeFiles/atax.dir/linear-algebra/kernels/atax/atax.c.o
[ 66%] Building C object CMakeFiles/3mm.dir/utilities/polybench.c.o
[ 66%] Building C object CMakeFiles/fdtd-2d.dir/utilities/polybench.c.o
[ 66%] Building C object CMakeFiles/trmm.dir/linear-algebra/blas/trmm/trmm.c.o
[ 66%] Building C object CMakeFiles/atax.dir/utilities/polybench.c.o
[ 66%] Building C object CMakeFiles/jacobi-2d.dir/stencils/jacobi-2d/jacobi-2d.c.o
[ 66%] Building C object CMakeFiles/doitgen.dir/linear-algebra/kernels/doitgen/doitgen.c.o
[ 66%] Building C object CMakeFiles/fdtd-2d.dir/stencils/fdtd-2d/fdtd-2d.c.o
[ 66%] Building C object CMakeFiles/bicg.dir/linear-algebra/kernels/bicg/bicg.c.o
[ 66%] Building C object CMakeFiles/syrk.dir/utilities/polybench.c.o
[ 66%] Building C object CMakeFiles/trmm.dir/utilities/polybench.c.o
[ 66%] Building C object CMakeFiles/2mm.dir/linear-algebra/kernels/2mm/2mm.c.o
[ 66%] Building C object CMakeFiles/symm.dir/linear-algebra/blas/symm/symm.c.o
[ 66%] Building C object CMakeFiles/2mm.dir/utilities/polybench.c.o
[ 66%] Building C object CMakeFiles/3mm.dir/linear-algebra/kernels/3mm/3mm.c.o
[ 66%] Building C object CMakeFiles/heat-3d.dir/stencils/heat-3d/heat-3d.c.o
[ 66%] Building C object CMakeFiles/mvt.dir/linear-algebra/kernels/mvt/mvt.c.o
[ 66%] Building C object CMakeFiles/nussinov.dir/utilities/polybench.c.o
[ 66%] Building C object CMakeFiles/deriche.dir/medley/deriche/deriche.c.o
[ 66%] Building C object CMakeFiles/jacobi-2d.dir/utilities/polybench.c.o
[ 66%] Building C object CMakeFiles/adi.dir/utilities/polybench.c.o
[ 66%] Building C object CMakeFiles/mvt.dir/utilities/polybench.c.o
[ 66%] Building C object CMakeFiles/deriche.dir/utilities/polybench.c.o
[ 66%] Building C object CMakeFiles/jacobi-1d.dir/stencils/jacobi-1d/jacobi-1d.c.o
[ 66%] Building C object CMakeFiles/seidel-2d.dir/stencils/seidel-2d/seidel-2d.c.o
[ 66%] Building C object CMakeFiles/bicg.dir/utilities/polybench.c.o
[ 66%] Building C object CMakeFiles/symm.dir/utilities/polybench.c.o
[ 67%] Linking C executable covariance
[ 68%] Linking C executable durbin
[ 71%] Linking C executable seidel-2d
[ 71%] Linking C executable gesummv
[ 72%] Linking C executable mvt
[ 74%] Linking C executable bicg
[ 74%] Linking C executable syr2k
[ 75%] Linking C executable syrk
[ 77%] Linking C executable deriche
[ 77%] Linking C executable gemver
[ 81%] Linking C executable atax
[ 81%] Linking C executable floyd-warshall
[ 81%] Linking C executable trisolv
[ 83%] Linking C executable jacobi-2d
[ 84%] Linking C executable trmm
[ 84%] Linking C executable gramschmidt
[ 85%] Linking C executable lu
[ 87%] Linking C executable adi
[ 87%] Linking C executable 2mm
[ 88%] Linking C executable symm
[ 90%] Built target covariance
[ 90%] Linking C executable correlation
[ 90%] Built target durbin
[ 91%] Linking C executable fdtd-2d
[ 91%] Built target gesummv
[ 91%] Built target seidel-2d
[ 93%] Linking C executable cholesky
[ 93%] Linking C executable doitgen
[ 93%] Built target mvt
[ 93%] Built target bicg
[ 94%] Linking C executable nussinov
[ 94%] Built target syr2k
[ 94%] Built target syrk
[ 94%] Built target deriche
[ 94%] Built target gemver
[ 95%] Built target atax
[ 95%] Linking C executable gemm
[ 95%] Built target floyd-warshall
[ 95%] Built target trisolv
[ 95%] Built target jacobi-2d
[ 95%] Built target gramschmidt
[ 95%] Built target trmm
[ 95%] Built target adi
[ 95%] Built target lu
[ 95%] Built target 2mm
[ 96%] Linking C executable jacobi-1d
[ 96%] Built target symm
[ 96%] Built target correlation
[ 96%] Built target fdtd-2d
[ 96%] Built target cholesky
[ 96%] Built target doitgen
[ 97%] Built target nussinov
[ 97%] Linking C executable ludcmp
[ 97%] Built target gemm
[ 98%] Linking C executable heat-3d
[ 98%] Built target jacobi-1d
[100%] Linking C executable 3mm
[100%] Built target ludcmp
[100%] Built target heat-3d
[100%] Built target 3mm
Skipping c naive 2mm repetition 2 for dataset size LARGE, data type DOUBLE (already done).
Skipping c naive 2mm repetition 2 for dataset size LARGE, data type DOUBLE (already done).
Skipping c naive 3mm repetition 2 for dataset size LARGE, data type DOUBLE (already done).
Skipping c naive 3mm repetition 2 for dataset size LARGE, data type DOUBLE (already done).
Skipping c naive adi repetition 2 for dataset size LARGE, data type DOUBLE (already done).
Skipping c naive adi repetition 2 for dataset size LARGE, data type DOUBLE (already done).
Skipping c naive atax repetition 2 for dataset size LARGE, data type DOUBLE (already done).
Skipping c naive atax repetition 2 for dataset size LARGE, data type DOUBLE (already done).
Skipping c naive bicg repetition 2 for dataset size LARGE, data type DOUBLE (already done).
Skipping c naive bicg repetition 2 for dataset size LARGE, data type DOUBLE (already done).
Skipping c naive cholesky repetition 2 for dataset size LARGE, data type DOUBLE (already done).
Skipping c naive cholesky repetition 2 for dataset size LARGE, data type DOUBLE (already done).
Skipping c naive correlation repetition 2 for dataset size LARGE, data type DOUBLE (already done).
Skipping c naive correlation repetition 2 for dataset size LARGE, data type DOUBLE (already done).
Skipping c naive covariance repetition 2 for dataset size LARGE, data type DOUBLE (already done).
Skipping c naive covariance repetition 2 for dataset size LARGE, data type DOUBLE (already done).
Skipping c naive deriche repetition 2 for dataset size LARGE, data type DOUBLE (already done).
Skipping c naive deriche repetition 2 for dataset size LARGE, data type DOUBLE (already done).
Skipping c naive doitgen repetition 2 for dataset size LARGE, data type DOUBLE (already done).
Skipping c naive doitgen repetition 2 for dataset size LARGE, data type DOUBLE (already done).
Skipping c naive durbin repetition 2 for dataset size LARGE, data type DOUBLE (already done).
Skipping c naive durbin repetition 2 for dataset size LARGE, data type DOUBLE (already done).
Skipping c naive fdtd-2d repetition 2 for dataset size LARGE, data type DOUBLE (already done).
Skipping c naive fdtd-2d repetition 2 for dataset size LARGE, data type DOUBLE (already done).
Skipping c naive floyd-warshall repetition 2 for dataset size LARGE, data type DOUBLE (already done).
Skipping c naive floyd-warshall repetition 2 for dataset size LARGE, data type DOUBLE (already done).
Skipping c naive gemm repetition 2 for dataset size LARGE, data type DOUBLE (already done).
Skipping c naive gemm repetition 2 for dataset size LARGE, data type DOUBLE (already done).
Skipping c naive gemver repetition 2 for dataset size LARGE, data type DOUBLE (already done).
Skipping c naive gemver repetition 2 for dataset size LARGE, data type DOUBLE (already done).
Skipping c naive gesummv repetition 2 for dataset size LARGE, data type DOUBLE (already done).
Skipping c naive gesummv repetition 2 for dataset size LARGE, data type DOUBLE (already done).
Skipping c naive heat-3d repetition 2 for dataset size LARGE, data type DOUBLE (already done).
Skipping c naive heat-3d repetition 2 for dataset size LARGE, data type DOUBLE (already done).
Skipping c naive jacobi-1d repetition 2 for dataset size LARGE, data type DOUBLE (already done).
Skipping c naive jacobi-1d repetition 2 for dataset size LARGE, data type DOUBLE (already done).
Skipping c naive jacobi-2d repetition 2 for dataset size LARGE, data type DOUBLE (already done).
Skipping c naive jacobi-2d repetition 2 for dataset size LARGE, data type DOUBLE (already done).
Skipping c naive lu repetition 2 for dataset size LARGE, data type DOUBLE (already done).
Skipping c naive lu repetition 2 for dataset size LARGE, data type DOUBLE (already done).
Skipping c naive ludcmp repetition 2 for dataset size LARGE, data type DOUBLE (already done).
Skipping c naive ludcmp repetition 2 for dataset size LARGE, data type DOUBLE (already done).
Skipping c naive mvt repetition 2 for dataset size LARGE, data type DOUBLE (already done).
Skipping c naive mvt repetition 2 for dataset size LARGE, data type DOUBLE (already done).
Skipping c naive nussinov repetition 2 for dataset size LARGE, data type DOUBLE (already done).
Skipping c naive nussinov repetition 2 for dataset size LARGE, data type DOUBLE (already done).
Skipping c naive seidel-2d repetition 2 for dataset size LARGE, data type DOUBLE (already done).
Skipping c naive seidel-2d repetition 2 for dataset size LARGE, data type DOUBLE (already done).
Skipping c naive symm repetition 2 for dataset size LARGE, data type DOUBLE (already done).
Skipping c naive symm repetition 2 for dataset size LARGE, data type DOUBLE (already done).
Skipping c naive syr2k repetition 2 for dataset size LARGE, data type DOUBLE (already done).
Skipping c naive syr2k repetition 2 for dataset size LARGE, data type DOUBLE (already done).
Skipping c naive syrk repetition 2 for dataset size LARGE, data type DOUBLE (already done).
Skipping c naive syrk repetition 2 for dataset size LARGE, data type DOUBLE (already done).
Skipping c naive trisolv repetition 2 for dataset size LARGE, data type DOUBLE (already done).
Skipping c naive trisolv repetition 2 for dataset size LARGE, data type DOUBLE (already done).
Skipping c naive trmm repetition 2 for dataset size LARGE, data type DOUBLE (already done).
Skipping c naive trmm repetition 2 for dataset size LARGE, data type DOUBLE (already done).
-- The C compiler identification is GNU 15.2.0
-- Detecting C compiler ABI info
-- Detecting C compiler ABI info - done
-- Check for working C compiler: /usr/local/latestgcc/bin/gcc - skipped
-- Detecting C compile features
-- Detecting C compile features - done
-- Configuring done (0.4s)
-- Generating done (0.8s)
-- Build files have been written to: /home/kleplj/naive/optimization/naive/PolybenchC-4.2.1/build
[  2%] Building C object CMakeFiles/covariance.dir/datamining/covariance/covariance.c.o
[  7%] Building C object CMakeFiles/lu.dir/linear-algebra/solvers/lu/lu.c.o
[  7%] Building C object CMakeFiles/covariance.dir/utilities/polybench.c.o
[  7%] Building C object CMakeFiles/cholesky.dir/linear-algebra/solvers/cholesky/cholesky.c.o
[ 25%] Building C object CMakeFiles/ludcmp.dir/utilities/polybench.c.o
[ 18%] Building C object CMakeFiles/lu.dir/utilities/polybench.c.o
[ 18%] Building C object CMakeFiles/correlation.dir/utilities/polybench.c.o
[ 42%] Building C object CMakeFiles/atax.dir/utilities/polybench.c.o
[ 48%] Building C object CMakeFiles/atax.dir/linear-algebra/kernels/atax/atax.c.o
[ 48%] Building C object CMakeFiles/syr2k.dir/utilities/polybench.c.o
[ 48%] Building C object CMakeFiles/mvt.dir/linear-algebra/kernels/mvt/mvt.c.o
[ 48%] Building C object CMakeFiles/gemm.dir/utilities/polybench.c.o
[ 48%] Building C object CMakeFiles/syrk.dir/utilities/polybench.c.o
[ 48%] Building C object CMakeFiles/gemm.dir/linear-algebra/blas/gemm/gemm.c.o
[ 48%] Building C object CMakeFiles/ludcmp.dir/linear-algebra/solvers/ludcmp/ludcmp.c.o
[ 48%] Building C object CMakeFiles/gramschmidt.dir/utilities/polybench.c.o
[ 48%] Building C object CMakeFiles/3mm.dir/linear-algebra/kernels/3mm/3mm.c.o
[ 48%] Building C object CMakeFiles/3mm.dir/utilities/polybench.c.o
[ 48%] Building C object CMakeFiles/cholesky.dir/utilities/polybench.c.o
[ 48%] Building C object CMakeFiles/gesummv.dir/utilities/polybench.c.o
[ 48%] Building C object CMakeFiles/mvt.dir/utilities/polybench.c.o
[ 48%] Building C object CMakeFiles/durbin.dir/utilities/polybench.c.o
[ 48%] Building C object CMakeFiles/symm.dir/linear-algebra/blas/symm/symm.c.o
[ 48%] Building C object CMakeFiles/gesummv.dir/linear-algebra/blas/gesummv/gesummv.c.o
[ 48%] Building C object CMakeFiles/trmm.dir/utilities/polybench.c.o
[ 48%] Building C object CMakeFiles/symm.dir/utilities/polybench.c.o
[ 48%] Building C object CMakeFiles/doitgen.dir/utilities/polybench.c.o
[ 48%] Building C object CMakeFiles/trmm.dir/linear-algebra/blas/trmm/trmm.c.o
[ 48%] Building C object CMakeFiles/gemver.dir/linear-algebra/blas/gemver/gemver.c.o
[ 48%] Building C object CMakeFiles/durbin.dir/linear-algebra/solvers/durbin/durbin.c.o
[ 48%] Building C object CMakeFiles/trisolv.dir/utilities/polybench.c.o
[ 48%] Building C object CMakeFiles/floyd-warshall.dir/medley/floyd-warshall/floyd-warshall.c.o
[ 48%] Building C object CMakeFiles/correlation.dir/datamining/correlation/correlation.c.o
[ 48%] Building C object CMakeFiles/trisolv.dir/linear-algebra/solvers/trisolv/trisolv.c.o
[ 48%] Building C object CMakeFiles/syrk.dir/linear-algebra/blas/syrk/syrk.c.o
[ 48%] Building C object CMakeFiles/gemver.dir/utilities/polybench.c.o
[ 48%] Building C object CMakeFiles/doitgen.dir/linear-algebra/kernels/doitgen/doitgen.c.o
[ 48%] Building C object CMakeFiles/bicg.dir/linear-algebra/kernels/bicg/bicg.c.o
[ 66%] Building C object CMakeFiles/nussinov.dir/utilities/polybench.c.o
[ 66%] Building C object CMakeFiles/fdtd-2d.dir/utilities/polybench.c.o
[ 66%] Building C object CMakeFiles/adi.dir/utilities/polybench.c.o
[ 66%] Building C object CMakeFiles/2mm.dir/linear-algebra/kernels/2mm/2mm.c.o
[ 66%] Building C object CMakeFiles/floyd-warshall.dir/utilities/polybench.c.o
[ 66%] Building C object CMakeFiles/syr2k.dir/linear-algebra/blas/syr2k/syr2k.c.o
[ 66%] Building C object CMakeFiles/adi.dir/stencils/adi/adi.c.o
[ 66%] Building C object CMakeFiles/deriche.dir/utilities/polybench.c.o
[ 66%] Building C object CMakeFiles/jacobi-1d.dir/stencils/jacobi-1d/jacobi-1d.c.o
[ 66%] Building C object CMakeFiles/heat-3d.dir/utilities/polybench.c.o
[ 66%] Building C object CMakeFiles/seidel-2d.dir/stencils/seidel-2d/seidel-2d.c.o
[ 66%] Building C object CMakeFiles/nussinov.dir/medley/nussinov/nussinov.c.o
[ 66%] Building C object CMakeFiles/fdtd-2d.dir/stencils/fdtd-2d/fdtd-2d.c.o
[ 66%] Building C object CMakeFiles/2mm.dir/utilities/polybench.c.o
[ 66%] Building C object CMakeFiles/gramschmidt.dir/linear-algebra/solvers/gramschmidt/gramschmidt.c.o
[ 66%] Building C object CMakeFiles/jacobi-2d.dir/stencils/jacobi-2d/jacobi-2d.c.o
[ 66%] Building C object CMakeFiles/bicg.dir/utilities/polybench.c.o
[ 66%] Building C object CMakeFiles/jacobi-1d.dir/utilities/polybench.c.o
[ 66%] Building C object CMakeFiles/jacobi-2d.dir/utilities/polybench.c.o
[ 66%] Building C object CMakeFiles/heat-3d.dir/stencils/heat-3d/heat-3d.c.o
[ 66%] Building C object CMakeFiles/seidel-2d.dir/utilities/polybench.c.o
[ 66%] Building C object CMakeFiles/deriche.dir/medley/deriche/deriche.c.o
[ 67%] Linking C executable lu
[ 68%] Linking C executable trmm
[ 70%] Linking C executable covariance
[ 72%] Linking C executable syrk
[ 72%] Linking C executable gesummv
[ 73%] Linking C executable trisolv
[ 75%] Linking C executable seidel-2d
[ 76%] Linking C executable jacobi-1d
[ 77%] Linking C executable bicg
[ 78%] Linking C executable atax
[ 78%] Linking C executable cholesky
[ 81%] Linking C executable syr2k
[ 82%] Linking C executable durbin
[ 82%] Linking C executable gemver
[ 84%] Linking C executable deriche
[ 84%] Linking C executable floyd-warshall
[ 86%] Linking C executable jacobi-2d
[ 86%] Linking C executable doitgen
[ 88%] Built target lu
[ 88%] Linking C executable fdtd-2d
[ 88%] Linking C executable gemm
[ 90%] Linking C executable 2mm
[ 90%] Built target trmm
[ 91%] Built target covariance
[ 91%] Linking C executable 3mm
[ 91%] Built target syrk
[ 91%] Built target gesummv
[ 92%] Linking C executable nussinov
[ 93%] Built target trisolv
[ 93%] Linking C executable symm
[ 93%] Built target jacobi-1d
[ 93%] Built target seidel-2d
[ 93%] Built target bicg
[ 93%] Built target atax
[ 93%] Built target cholesky
[ 93%] Built target syr2k
[ 93%] Built target durbin
[ 93%] Built target gemver
[ 93%] Built target floyd-warshall
[ 94%] Linking C executable correlation
[ 94%] Built target deriche
[ 95%] Linking C executable mvt
[ 95%] Built target doitgen
[ 95%] Built target jacobi-2d
[ 95%] Built target fdtd-2d
[ 95%] Built target gemm
[ 95%] Built target 2mm
[ 96%] Linking C executable gramschmidt
[ 96%] Built target 3mm
[ 97%] Linking C executable adi
[ 97%] Built target nussinov
[ 97%] Built target symm
[ 98%] Linking C executable heat-3d
[ 98%] Built target correlation
[100%] Linking C executable ludcmp
[100%] Built target mvt
[100%] Built target gramschmidt
[100%] Built target adi
[100%] Built target heat-3d
[100%] Built target ludcmp
Skipping c naive 2mm repetition 3 for dataset size LARGE, data type DOUBLE (already done).
Skipping c naive 2mm repetition 3 for dataset size LARGE, data type DOUBLE (already done).
Skipping c naive 3mm repetition 3 for dataset size LARGE, data type DOUBLE (already done).
Skipping c naive 3mm repetition 3 for dataset size LARGE, data type DOUBLE (already done).
Skipping c naive adi repetition 3 for dataset size LARGE, data type DOUBLE (already done).
Skipping c naive adi repetition 3 for dataset size LARGE, data type DOUBLE (already done).
Skipping c naive atax repetition 3 for dataset size LARGE, data type DOUBLE (already done).
Skipping c naive atax repetition 3 for dataset size LARGE, data type DOUBLE (already done).
Skipping c naive bicg repetition 3 for dataset size LARGE, data type DOUBLE (already done).
Skipping c naive bicg repetition 3 for dataset size LARGE, data type DOUBLE (already done).
Skipping c naive cholesky repetition 3 for dataset size LARGE, data type DOUBLE (already done).
Skipping c naive cholesky repetition 3 for dataset size LARGE, data type DOUBLE (already done).
Skipping c naive correlation repetition 3 for dataset size LARGE, data type DOUBLE (already done).
Skipping c naive correlation repetition 3 for dataset size LARGE, data type DOUBLE (already done).
Skipping c naive covariance repetition 3 for dataset size LARGE, data type DOUBLE (already done).
Skipping c naive covariance repetition 3 for dataset size LARGE, data type DOUBLE (already done).
Skipping c naive deriche repetition 3 for dataset size LARGE, data type DOUBLE (already done).
Skipping c naive deriche repetition 3 for dataset size LARGE, data type DOUBLE (already done).
Skipping c naive doitgen repetition 3 for dataset size LARGE, data type DOUBLE (already done).
Skipping c naive doitgen repetition 3 for dataset size LARGE, data type DOUBLE (already done).
Skipping c naive durbin repetition 3 for dataset size LARGE, data type DOUBLE (already done).
Skipping c naive durbin repetition 3 for dataset size LARGE, data type DOUBLE (already done).
Skipping c naive fdtd-2d repetition 3 for dataset size LARGE, data type DOUBLE (already done).
Skipping c naive fdtd-2d repetition 3 for dataset size LARGE, data type DOUBLE (already done).
Skipping c naive floyd-warshall repetition 3 for dataset size LARGE, data type DOUBLE (already done).
Skipping c naive floyd-warshall repetition 3 for dataset size LARGE, data type DOUBLE (already done).
Skipping c naive gemm repetition 3 for dataset size LARGE, data type DOUBLE (already done).
Skipping c naive gemm repetition 3 for dataset size LARGE, data type DOUBLE (already done).
Skipping c naive gemver repetition 3 for dataset size LARGE, data type DOUBLE (already done).
Skipping c naive gemver repetition 3 for dataset size LARGE, data type DOUBLE (already done).
Skipping c naive gesummv repetition 3 for dataset size LARGE, data type DOUBLE (already done).
Skipping c naive gesummv repetition 3 for dataset size LARGE, data type DOUBLE (already done).
Skipping c naive heat-3d repetition 3 for dataset size LARGE, data type DOUBLE (already done).
Skipping c naive heat-3d repetition 3 for dataset size LARGE, data type DOUBLE (already done).
Skipping c naive jacobi-1d repetition 3 for dataset size LARGE, data type DOUBLE (already done).
Skipping c naive jacobi-1d repetition 3 for dataset size LARGE, data type DOUBLE (already done).
Skipping c naive jacobi-2d repetition 3 for dataset size LARGE, data type DOUBLE (already done).
Skipping c naive jacobi-2d repetition 3 for dataset size LARGE, data type DOUBLE (already done).
Skipping c naive lu repetition 3 for dataset size LARGE, data type DOUBLE (already done).
Skipping c naive lu repetition 3 for dataset size LARGE, data type DOUBLE (already done).
Skipping c naive ludcmp repetition 3 for dataset size LARGE, data type DOUBLE (already done).
Skipping c naive ludcmp repetition 3 for dataset size LARGE, data type DOUBLE (already done).
Skipping c naive mvt repetition 3 for dataset size LARGE, data type DOUBLE (already done).
Skipping c naive mvt repetition 3 for dataset size LARGE, data type DOUBLE (already done).
Skipping c naive nussinov repetition 3 for dataset size LARGE, data type DOUBLE (already done).
Skipping c naive nussinov repetition 3 for dataset size LARGE, data type DOUBLE (already done).
Skipping c naive seidel-2d repetition 3 for dataset size LARGE, data type DOUBLE (already done).
Skipping c naive seidel-2d repetition 3 for dataset size LARGE, data type DOUBLE (already done).
Skipping c naive symm repetition 3 for dataset size LARGE, data type DOUBLE (already done).
Skipping c naive symm repetition 3 for dataset size LARGE, data type DOUBLE (already done).
Skipping c naive syr2k repetition 3 for dataset size LARGE, data type DOUBLE (already done).
Skipping c naive syr2k repetition 3 for dataset size LARGE, data type DOUBLE (already done).
Skipping c naive syrk repetition 3 for dataset size LARGE, data type DOUBLE (already done).
Skipping c naive syrk repetition 3 for dataset size LARGE, data type DOUBLE (already done).
Skipping c naive trisolv repetition 3 for dataset size LARGE, data type DOUBLE (already done).
Skipping c naive trisolv repetition 3 for dataset size LARGE, data type DOUBLE (already done).
Skipping c naive trmm repetition 3 for dataset size LARGE, data type DOUBLE (already done).
Skipping c naive trmm repetition 3 for dataset size LARGE, data type DOUBLE (already done).
-- The C compiler identification is GNU 15.2.0
-- Detecting C compiler ABI info
-- Detecting C compiler ABI info - done
-- Check for working C compiler: /usr/local/latestgcc/bin/gcc - skipped
-- Detecting C compile features
-- Detecting C compile features - done
-- Configuring done (0.4s)
-- Generating done (0.8s)
-- Build files have been written to: /home/kleplj/naive/optimization/naive/PolybenchC-4.2.1/build
[  5%] Building C object CMakeFiles/covariance.dir/datamining/covariance/covariance.c.o
[  5%] Building C object CMakeFiles/covariance.dir/utilities/polybench.c.o
[ 15%] Building C object CMakeFiles/durbin.dir/utilities/polybench.c.o
[ 15%] Building C object CMakeFiles/correlation.dir/utilities/polybench.c.o
[ 15%] Building C object CMakeFiles/cholesky.dir/utilities/polybench.c.o
[ 15%] Building C object CMakeFiles/correlation.dir/datamining/correlation/correlation.c.o
[ 15%] Building C object CMakeFiles/gramschmidt.dir/linear-algebra/solvers/gramschmidt/gramschmidt.c.o
[ 15%] Building C object CMakeFiles/lu.dir/linear-algebra/solvers/lu/lu.c.o
[ 15%] Building C object CMakeFiles/lu.dir/utilities/polybench.c.o
[ 15%] Building C object CMakeFiles/trisolv.dir/linear-algebra/solvers/trisolv/trisolv.c.o
[ 15%] Building C object CMakeFiles/cholesky.dir/linear-algebra/solvers/cholesky/cholesky.c.o
[ 15%] Building C object CMakeFiles/ludcmp.dir/utilities/polybench.c.o
[ 38%] Building C object CMakeFiles/trisolv.dir/utilities/polybench.c.o
[ 38%] Building C object CMakeFiles/syrk.dir/utilities/polybench.c.o
[ 66%] Building C object CMakeFiles/symm.dir/linear-algebra/blas/symm/symm.c.o
[ 66%] Building C object CMakeFiles/doitgen.dir/utilities/polybench.c.o
[ 66%] Building C object CMakeFiles/syr2k.dir/utilities/polybench.c.o
[ 66%] Building C object CMakeFiles/gemm.dir/utilities/polybench.c.o
[ 66%] Building C object CMakeFiles/trmm.dir/utilities/polybench.c.o
[ 66%] Building C object CMakeFiles/syr2k.dir/linear-algebra/blas/syr2k/syr2k.c.o
[ 66%] Building C object CMakeFiles/nussinov.dir/utilities/polybench.c.o
[ 66%] Building C object CMakeFiles/gemver.dir/utilities/polybench.c.o
[ 66%] Building C object CMakeFiles/nussinov.dir/medley/nussinov/nussinov.c.o
[ 66%] Building C object CMakeFiles/2mm.dir/linear-algebra/kernels/2mm/2mm.c.o
[ 66%] Building C object CMakeFiles/2mm.dir/utilities/polybench.c.o
[ 66%] Building C object CMakeFiles/deriche.dir/utilities/polybench.c.o
[ 66%] Building C object CMakeFiles/seidel-2d.dir/utilities/polybench.c.o
[ 66%] Building C object CMakeFiles/fdtd-2d.dir/utilities/polybench.c.o
[ 66%] Building C object CMakeFiles/heat-3d.dir/utilities/polybench.c.o
[ 66%] Building C object CMakeFiles/syrk.dir/linear-algebra/blas/syrk/syrk.c.o
[ 66%] Building C object CMakeFiles/gesummv.dir/utilities/polybench.c.o
[ 66%] Building C object CMakeFiles/doitgen.dir/linear-algebra/kernels/doitgen/doitgen.c.o
[ 66%] Building C object CMakeFiles/bicg.dir/linear-algebra/kernels/bicg/bicg.c.o
[ 66%] Building C object CMakeFiles/gramschmidt.dir/utilities/polybench.c.o
[ 66%] Building C object CMakeFiles/3mm.dir/linear-algebra/kernels/3mm/3mm.c.o
[ 66%] Building C object CMakeFiles/symm.dir/utilities/polybench.c.o
[ 66%] Building C object CMakeFiles/fdtd-2d.dir/stencils/fdtd-2d/fdtd-2d.c.o
[ 66%] Building C object CMakeFiles/heat-3d.dir/stencils/heat-3d/heat-3d.c.o
[ 66%] Building C object CMakeFiles/jacobi-2d.dir/stencils/jacobi-2d/jacobi-2d.c.o
[ 66%] Building C object CMakeFiles/seidel-2d.dir/stencils/seidel-2d/seidel-2d.c.o
[ 66%] Building C object CMakeFiles/adi.dir/utilities/polybench.c.o
[ 66%] Building C object CMakeFiles/gemm.dir/linear-algebra/blas/gemm/gemm.c.o
[ 66%] Building C object CMakeFiles/gesummv.dir/linear-algebra/blas/gesummv/gesummv.c.o
[ 66%] Building C object CMakeFiles/atax.dir/linear-algebra/kernels/atax/atax.c.o
[ 66%] Building C object CMakeFiles/mvt.dir/utilities/polybench.c.o
[ 66%] Building C object CMakeFiles/jacobi-1d.dir/utilities/polybench.c.o
[ 66%] Building C object CMakeFiles/deriche.dir/medley/deriche/deriche.c.o
[ 66%] Building C object CMakeFiles/gemver.dir/linear-algebra/blas/gemver/gemver.c.o
[ 66%] Building C object CMakeFiles/durbin.dir/linear-algebra/solvers/durbin/durbin.c.o
[ 66%] Building C object CMakeFiles/3mm.dir/utilities/polybench.c.o
[ 66%] Building C object CMakeFiles/floyd-warshall.dir/utilities/polybench.c.o
[ 66%] Building C object CMakeFiles/trmm.dir/linear-algebra/blas/trmm/trmm.c.o
[ 66%] Building C object CMakeFiles/ludcmp.dir/linear-algebra/solvers/ludcmp/ludcmp.c.o
[ 66%] Building C object CMakeFiles/floyd-warshall.dir/medley/floyd-warshall/floyd-warshall.c.o
[ 66%] Building C object CMakeFiles/adi.dir/stencils/adi/adi.c.o
[ 66%] Building C object CMakeFiles/bicg.dir/utilities/polybench.c.o
[ 66%] Building C object CMakeFiles/atax.dir/utilities/polybench.c.o
[ 66%] Building C object CMakeFiles/jacobi-1d.dir/stencils/jacobi-1d/jacobi-1d.c.o
[ 66%] Building C object CMakeFiles/jacobi-2d.dir/utilities/polybench.c.o
[ 66%] Building C object CMakeFiles/mvt.dir/linear-algebra/kernels/mvt/mvt.c.o
[ 67%] Linking C executable covariance
[ 71%] Linking C executable doitgen
[ 72%] Linking C executable bicg
[ 72%] Linking C executable seidel-2d
[ 72%] Linking C executable trmm
[ 73%] Linking C executable trisolv
[ 76%] Linking C executable 2mm
[ 76%] Linking C executable syr2k
[ 76%] Linking C executable atax
[ 77%] Linking C executable jacobi-1d
[ 80%] Linking C executable durbin
[ 80%] Linking C executable floyd-warshall
[ 81%] Linking C executable gesummv
[ 81%] Built target covariance
[ 82%] Linking C executable deriche
[ 84%] Linking C executable gemver
[ 84%] Linking C executable mvt
[ 85%] Linking C executable syrk
[ 86%] Linking C executable gemm
[ 88%] Linking C executable gramschmidt
[ 88%] Linking C executable lu
[ 90%] Built target seidel-2d
[ 90%] Linking C executable 3mm
[ 90%] Built target doitgen
[ 90%] Built target trmm
[ 90%] Built target trisolv
[ 90%] Built target bicg
[ 90%] Built target 2mm
[ 90%] Built target syr2k
[ 90%] Built target atax
[ 90%] Built target jacobi-1d
[ 90%] Built target durbin
[ 90%] Built target floyd-warshall
[ 91%] Linking C executable cholesky
[ 91%] Built target gesummv
[ 91%] Built target deriche
[ 91%] Built target gemver
[ 91%] Built target mvt
[ 92%] Built target syrk
[ 93%] Linking C executable adi
[ 93%] Linking C executable symm
[ 94%] Linking C executable fdtd-2d
[ 94%] Built target gemm
[ 95%] Linking C executable jacobi-2d
[ 95%] Built target gramschmidt
[ 95%] Built target lu
[ 95%] Built target 3mm
[ 96%] Linking C executable correlation
[ 96%] Built target cholesky
[ 96%] Built target adi
[ 96%] Built target symm
[ 96%] Built target fdtd-2d
[ 96%] Built target jacobi-2d
[ 96%] Built target correlation
[ 97%] Linking C executable ludcmp
[ 97%] Built target ludcmp
Skipping c naive 2mm repetition 4 for dataset size LARGE, data type DOUBLE (already done).
Skipping c naive 2mm repetition 4 for dataset size LARGE, data type DOUBLE (already done).
Skipping c naive 3mm repetition 4 for dataset size LARGE, data type DOUBLE (already done).
Skipping c naive 3mm repetition 4 for dataset size LARGE, data type DOUBLE (already done).
Skipping c naive adi repetition 4 for dataset size LARGE, data type DOUBLE (already done).
Skipping c naive adi repetition 4 for dataset size LARGE, data type DOUBLE (already done).
Skipping c naive atax repetition 4 for dataset size LARGE, data type DOUBLE (already done).
Skipping c naive atax repetition 4 for dataset size LARGE, data type DOUBLE (already done).
Skipping c naive bicg repetition 4 for dataset size LARGE, data type DOUBLE (already done).
Skipping c naive bicg repetition 4 for dataset size LARGE, data type DOUBLE (already done).
Skipping c naive cholesky repetition 4 for dataset size LARGE, data type DOUBLE (already done).
Skipping c naive cholesky repetition 4 for dataset size LARGE, data type DOUBLE (already done).
Skipping c naive correlation repetition 4 for dataset size LARGE, data type DOUBLE (already done).
Skipping c naive correlation repetition 4 for dataset size LARGE, data type DOUBLE (already done).
Skipping c naive covariance repetition 4 for dataset size LARGE, data type DOUBLE (already done).
Skipping c naive covariance repetition 4 for dataset size LARGE, data type DOUBLE (already done).
Skipping c naive deriche repetition 4 for dataset size LARGE, data type DOUBLE (already done).
Skipping c naive deriche repetition 4 for dataset size LARGE, data type DOUBLE (already done).
Skipping c naive doitgen repetition 4 for dataset size LARGE, data type DOUBLE (already done).
Skipping c naive doitgen repetition 4 for dataset size LARGE, data type DOUBLE (already done).
Skipping c naive durbin repetition 4 for dataset size LARGE, data type DOUBLE (already done).
Skipping c naive durbin repetition 4 for dataset size LARGE, data type DOUBLE (already done).
Skipping c naive fdtd-2d repetition 4 for dataset size LARGE, data type DOUBLE (already done).
Skipping c naive fdtd-2d repetition 4 for dataset size LARGE, data type DOUBLE (already done).
Skipping c naive floyd-warshall repetition 4 for dataset size LARGE, data type DOUBLE (already done).
Skipping c naive floyd-warshall repetition 4 for dataset size LARGE, data type DOUBLE (already done).
Skipping c naive gemm repetition 4 for dataset size LARGE, data type DOUBLE (already done).
Skipping c naive gemm repetition 4 for dataset size LARGE, data type DOUBLE (already done).
Skipping c naive gemver repetition 4 for dataset size LARGE, data type DOUBLE (already done).
Skipping c naive gemver repetition 4 for dataset size LARGE, data type DOUBLE (already done).
Skipping c naive gesummv repetition 4 for dataset size LARGE, data type DOUBLE (already done).
Skipping c naive gesummv repetition 4 for dataset size LARGE, data type DOUBLE (already done).
Skipping c naive jacobi-1d repetition 4 for dataset size LARGE, data type DOUBLE (already done).
Skipping c naive jacobi-1d repetition 4 for dataset size LARGE, data type DOUBLE (already done).
Skipping c naive jacobi-2d repetition 4 for dataset size LARGE, data type DOUBLE (already done).
Skipping c naive jacobi-2d repetition 4 for dataset size LARGE, data type DOUBLE (already done).
Skipping c naive lu repetition 4 for dataset size LARGE, data type DOUBLE (already done).
Skipping c naive lu repetition 4 for dataset size LARGE, data type DOUBLE (already done).
Skipping c naive ludcmp repetition 4 for dataset size LARGE, data type DOUBLE (already done).
Skipping c naive ludcmp repetition 4 for dataset size LARGE, data type DOUBLE (already done).
Skipping c naive mvt repetition 4 for dataset size LARGE, data type DOUBLE (already done).
Skipping c naive mvt repetition 4 for dataset size LARGE, data type DOUBLE (already done).
Skipping c naive seidel-2d repetition 4 for dataset size LARGE, data type DOUBLE (already done).
Skipping c naive seidel-2d repetition 4 for dataset size LARGE, data type DOUBLE (already done).
Skipping c naive symm repetition 4 for dataset size LARGE, data type DOUBLE (already done).
Skipping c naive symm repetition 4 for dataset size LARGE, data type DOUBLE (already done).
Skipping c naive syr2k repetition 4 for dataset size LARGE, data type DOUBLE (already done).
Skipping c naive syr2k repetition 4 for dataset size LARGE, data type DOUBLE (already done).
Skipping c naive syrk repetition 4 for dataset size LARGE, data type DOUBLE (already done).
Skipping c naive syrk repetition 4 for dataset size LARGE, data type DOUBLE (already done).
Skipping c naive trisolv repetition 4 for dataset size LARGE, data type DOUBLE (already done).
Skipping c naive trisolv repetition 4 for dataset size LARGE, data type DOUBLE (already done).
Skipping c naive trmm repetition 4 for dataset size LARGE, data type DOUBLE (already done).
Skipping c naive trmm repetition 4 for dataset size LARGE, data type DOUBLE (already done).
-- The C compiler identification is GNU 15.2.0
-- Detecting C compiler ABI info
-- Detecting C compiler ABI info - done
-- Check for working C compiler: /usr/local/latestgcc/bin/gcc - skipped
-- Detecting C compile features
-- Detecting C compile features - done
-- Configuring done (0.4s)
-- Generating done (0.8s)
-- Build files have been written to: /home/kleplj/naive/optimization/naive/PolybenchC-4.2.1/build
[  6%] Building C object CMakeFiles/covariance.dir/utilities/polybench.c.o
[  6%] Building C object CMakeFiles/covariance.dir/datamining/covariance/covariance.c.o
[  6%] Building C object CMakeFiles/correlation.dir/datamining/correlation/correlation.c.o
[ 14%] Building C object CMakeFiles/trisolv.dir/linear-algebra/solvers/trisolv/trisolv.c.o
[ 14%] Building C object CMakeFiles/lu.dir/utilities/polybench.c.o
[ 14%] Building C object CMakeFiles/gramschmidt.dir/linear-algebra/solvers/gramschmidt/gramschmidt.c.o
[ 14%] Building C object CMakeFiles/correlation.dir/utilities/polybench.c.o
[ 14%] Building C object CMakeFiles/cholesky.dir/linear-algebra/solvers/cholesky/cholesky.c.o
[ 14%] Building C object CMakeFiles/lu.dir/linear-algebra/solvers/lu/lu.c.o
[ 14%] Building C object CMakeFiles/cholesky.dir/utilities/polybench.c.o
[ 42%] Building C object CMakeFiles/syr2k.dir/linear-algebra/blas/syr2k/syr2k.c.o
[ 42%] Building C object CMakeFiles/ludcmp.dir/linear-algebra/solvers/ludcmp/ludcmp.c.o
[ 57%] Building C object CMakeFiles/deriche.dir/medley/deriche/deriche.c.o
[ 66%] Building C object CMakeFiles/symm.dir/linear-algebra/blas/symm/symm.c.o
[ 66%] Building C object CMakeFiles/jacobi-1d.dir/utilities/polybench.c.o
[ 66%] Building C object CMakeFiles/gesummv.dir/linear-algebra/blas/gesummv/gesummv.c.o
[ 66%] Building C object CMakeFiles/syrk.dir/linear-algebra/blas/syrk/syrk.c.o
[ 66%] Building C object CMakeFiles/mvt.dir/utilities/polybench.c.o
[ 66%] Building C object CMakeFiles/gemver.dir/linear-algebra/blas/gemver/gemver.c.o
[ 66%] Building C object CMakeFiles/ludcmp.dir/utilities/polybench.c.o
[ 66%] Building C object CMakeFiles/durbin.dir/linear-algebra/solvers/durbin/durbin.c.o
[ 66%] Building C object CMakeFiles/nussinov.dir/medley/nussinov/nussinov.c.o
[ 66%] Building C object CMakeFiles/gesummv.dir/utilities/polybench.c.o
[ 66%] Building C object CMakeFiles/3mm.dir/linear-algebra/kernels/3mm/3mm.c.o
[ 66%] Building C object CMakeFiles/3mm.dir/utilities/polybench.c.o
[ 66%] Building C object CMakeFiles/jacobi-2d.dir/utilities/polybench.c.o
[ 66%] Building C object CMakeFiles/deriche.dir/utilities/polybench.c.o
[ 66%] Building C object CMakeFiles/fdtd-2d.dir/utilities/polybench.c.o
[ 66%] Building C object CMakeFiles/heat-3d.dir/utilities/polybench.c.o
[ 66%] Building C object CMakeFiles/symm.dir/utilities/polybench.c.o
[ 66%] Building C object CMakeFiles/gramschmidt.dir/utilities/polybench.c.o
[ 66%] Building C object CMakeFiles/doitgen.dir/linear-algebra/kernels/doitgen/doitgen.c.o
[ 66%] Building C object CMakeFiles/jacobi-2d.dir/stencils/jacobi-2d/jacobi-2d.c.o
[ 66%] Building C object CMakeFiles/atax.dir/utilities/polybench.c.o
[ 66%] Building C object CMakeFiles/bicg.dir/linear-algebra/kernels/bicg/bicg.c.o
[ 66%] Building C object CMakeFiles/2mm.dir/linear-algebra/kernels/2mm/2mm.c.o
[ 66%] Building C object CMakeFiles/floyd-warshall.dir/medley/floyd-warshall/floyd-warshall.c.o
[ 66%] Building C object CMakeFiles/jacobi-1d.dir/stencils/jacobi-1d/jacobi-1d.c.o
[ 66%] Building C object CMakeFiles/fdtd-2d.dir/stencils/fdtd-2d/fdtd-2d.c.o
[ 66%] Building C object CMakeFiles/durbin.dir/utilities/polybench.c.o
[ 66%] Building C object CMakeFiles/gemm.dir/linear-algebra/blas/gemm/gemm.c.o
[ 66%] Building C object CMakeFiles/atax.dir/linear-algebra/kernels/atax/atax.c.o
[ 66%] Building C object CMakeFiles/bicg.dir/utilities/polybench.c.o
[ 66%] Building C object CMakeFiles/floyd-warshall.dir/utilities/polybench.c.o
[ 66%] Building C object CMakeFiles/trmm.dir/utilities/polybench.c.o
[ 66%] Building C object CMakeFiles/adi.dir/stencils/adi/adi.c.o
[ 66%] Building C object CMakeFiles/mvt.dir/linear-algebra/kernels/mvt/mvt.c.o
[ 66%] Building C object CMakeFiles/seidel-2d.dir/utilities/polybench.c.o
[ 66%] Building C object CMakeFiles/syr2k.dir/utilities/polybench.c.o
[ 66%] Building C object CMakeFiles/trmm.dir/linear-algebra/blas/trmm/trmm.c.o
[ 66%] Building C object CMakeFiles/trisolv.dir/utilities/polybench.c.o
[ 66%] Building C object CMakeFiles/syrk.dir/utilities/polybench.c.o
[ 66%] Building C object CMakeFiles/doitgen.dir/utilities/polybench.c.o
[ 66%] Building C object CMakeFiles/adi.dir/utilities/polybench.c.o
[ 66%] Building C object CMakeFiles/gemver.dir/utilities/polybench.c.o
[ 66%] Building C object CMakeFiles/gemm.dir/utilities/polybench.c.o
[ 66%] Building C object CMakeFiles/nussinov.dir/utilities/polybench.c.o
[ 66%] Building C object CMakeFiles/2mm.dir/utilities/polybench.c.o
[ 66%] Building C object CMakeFiles/seidel-2d.dir/stencils/seidel-2d/seidel-2d.c.o
[ 66%] Building C object CMakeFiles/heat-3d.dir/stencils/heat-3d/heat-3d.c.o
[ 67%] Linking C executable covariance
[ 68%] Linking C executable gesummv
[ 70%] Linking C executable jacobi-1d
[ 72%] Linking C executable deriche
[ 72%] Linking C executable syr2k
[ 76%] Linking C executable doitgen
[ 76%] Linking C executable mvt
[ 76%] Linking C executable nussinov
[ 76%] Linking C executable bicg
[ 78%] Linking C executable gemver
[ 78%] Linking C executable durbin
[ 81%] Linking C executable syrk
[ 81%] Linking C executable trmm
[ 81%] Built target covariance
[ 82%] Linking C executable lu
[ 83%] Linking C executable correlation
[ 83%] Built target gesummv
[ 84%] Linking C executable 2mm
[ 85%] Linking C executable cholesky
[ 86%] Linking C executable gemm
[ 86%] Built target jacobi-1d
[ 87%] Built target syr2k
[ 87%] Linking C executable floyd-warshall
[ 87%] Built target deriche
[ 88%] Built target nussinov
[ 88%] Linking C executable gramschmidt
[ 88%] Built target mvt
[ 88%] Built target bicg
[ 88%] Built target doitgen
[ 88%] Built target durbin
[ 88%] Built target gemver
[ 90%] Linking C executable 3mm
[ 90%] Built target syrk
[ 90%] Built target trmm
[ 91%] Linking C executable fdtd-2d
[ 92%] Linking C executable heat-3d
[ 92%] Built target lu
[ 92%] Built target correlation
[ 93%] Linking C executable ludcmp
[ 93%] Built target 2mm
[ 93%] Built target gemm
[ 93%] Built target cholesky
[ 94%] Linking C executable adi
[ 95%] Linking C executable symm
[ 95%] Built target floyd-warshall
[ 95%] Built target gramschmidt
[ 95%] Built target 3mm
[ 95%] Built target fdtd-2d
[ 96%] Linking C executable seidel-2d
[ 96%] Built target heat-3d
[ 96%] Built target ludcmp
[ 96%] Built target adi
[ 96%] Built target symm
[ 96%] Built target seidel-2d
Skipping c naive 2mm repetition 5 for dataset size LARGE, data type DOUBLE (already done).
Skipping c naive 2mm repetition 5 for dataset size LARGE, data type DOUBLE (already done).
Skipping c naive 3mm repetition 5 for dataset size LARGE, data type DOUBLE (already done).
Skipping c naive 3mm repetition 5 for dataset size LARGE, data type DOUBLE (already done).
Skipping c naive adi repetition 5 for dataset size LARGE, data type DOUBLE (already done).
Skipping c naive adi repetition 5 for dataset size LARGE, data type DOUBLE (already done).
Skipping c naive bicg repetition 5 for dataset size LARGE, data type DOUBLE (already done).
Skipping c naive bicg repetition 5 for dataset size LARGE, data type DOUBLE (already done).
Skipping c naive cholesky repetition 5 for dataset size LARGE, data type DOUBLE (already done).
Skipping c naive cholesky repetition 5 for dataset size LARGE, data type DOUBLE (already done).
Skipping c naive correlation repetition 5 for dataset size LARGE, data type DOUBLE (already done).
Skipping c naive correlation repetition 5 for dataset size LARGE, data type DOUBLE (already done).
Skipping c naive covariance repetition 5 for dataset size LARGE, data type DOUBLE (already done).
Skipping c naive covariance repetition 5 for dataset size LARGE, data type DOUBLE (already done).
Skipping c naive deriche repetition 5 for dataset size LARGE, data type DOUBLE (already done).
Skipping c naive deriche repetition 5 for dataset size LARGE, data type DOUBLE (already done).
Skipping c naive doitgen repetition 5 for dataset size LARGE, data type DOUBLE (already done).
Skipping c naive doitgen repetition 5 for dataset size LARGE, data type DOUBLE (already done).
Skipping c naive durbin repetition 5 for dataset size LARGE, data type DOUBLE (already done).
Skipping c naive durbin repetition 5 for dataset size LARGE, data type DOUBLE (already done).
Skipping c naive fdtd-2d repetition 5 for dataset size LARGE, data type DOUBLE (already done).
Skipping c naive fdtd-2d repetition 5 for dataset size LARGE, data type DOUBLE (already done).
Skipping c naive floyd-warshall repetition 5 for dataset size LARGE, data type DOUBLE (already done).
Skipping c naive floyd-warshall repetition 5 for dataset size LARGE, data type DOUBLE (already done).
Skipping c naive gemm repetition 5 for dataset size LARGE, data type DOUBLE (already done).
Skipping c naive gemm repetition 5 for dataset size LARGE, data type DOUBLE (already done).
Skipping c naive gemver repetition 5 for dataset size LARGE, data type DOUBLE (already done).
Skipping c naive gemver repetition 5 for dataset size LARGE, data type DOUBLE (already done).
Skipping c naive gesummv repetition 5 for dataset size LARGE, data type DOUBLE (already done).
Skipping c naive gesummv repetition 5 for dataset size LARGE, data type DOUBLE (already done).
Skipping c naive heat-3d repetition 5 for dataset size LARGE, data type DOUBLE (already done).
Skipping c naive heat-3d repetition 5 for dataset size LARGE, data type DOUBLE (already done).
Skipping c naive jacobi-1d repetition 5 for dataset size LARGE, data type DOUBLE (already done).
Skipping c naive jacobi-1d repetition 5 for dataset size LARGE, data type DOUBLE (already done).
Skipping c naive lu repetition 5 for dataset size LARGE, data type DOUBLE (already done).
Skipping c naive lu repetition 5 for dataset size LARGE, data type DOUBLE (already done).
Skipping c naive mvt repetition 5 for dataset size LARGE, data type DOUBLE (already done).
Skipping c naive mvt repetition 5 for dataset size LARGE, data type DOUBLE (already done).
Skipping c naive nussinov repetition 5 for dataset size LARGE, data type DOUBLE (already done).
Skipping c naive nussinov repetition 5 for dataset size LARGE, data type DOUBLE (already done).
Skipping c naive seidel-2d repetition 5 for dataset size LARGE, data type DOUBLE (already done).
Skipping c naive seidel-2d repetition 5 for dataset size LARGE, data type DOUBLE (already done).
Skipping c naive symm repetition 5 for dataset size LARGE, data type DOUBLE (already done).
Skipping c naive symm repetition 5 for dataset size LARGE, data type DOUBLE (already done).
Skipping c naive syr2k repetition 5 for dataset size LARGE, data type DOUBLE (already done).
Skipping c naive syr2k repetition 5 for dataset size LARGE, data type DOUBLE (already done).
Skipping c naive syrk repetition 5 for dataset size LARGE, data type DOUBLE (already done).
Skipping c naive syrk repetition 5 for dataset size LARGE, data type DOUBLE (already done).
Skipping c naive trmm repetition 5 for dataset size LARGE, data type DOUBLE (already done).
Skipping c naive trmm repetition 5 for dataset size LARGE, data type DOUBLE (already done).
-- The CXX compiler identification is GNU 15.2.0
-- Detecting CXX compiler ABI info
-- Detecting CXX compiler ABI info - done
-- Check for working CXX compiler: /usr/local/latestgcc/bin/g++ - skipped
-- Detecting CXX compile features
-- Detecting CXX compile features - done
-- Using NOARR_STRUCTURES_DIR from environment: /home/kleplj/naive/submodules/noarr-structures
-- Configuring done (0.5s)
-- Generating done (0.8s)
-- Build files have been written to: /home/kleplj/naive/optimization/naive/PolybenchC-Noarr/build
[  5%] Building CXX object CMakeFiles/correlation.dir/datamining/correlation/correlation.cpp.o
[  5%] Building CXX object CMakeFiles/covariance.dir/datamining/covariance/covariance.cpp.o
[  6%] Building CXX object CMakeFiles/gemver.dir/linear-algebra/blas/gemver/gemver.cpp.o
[ 13%] Building CXX object CMakeFiles/syr2k.dir/linear-algebra/blas/syr2k/syr2k.cpp.o
[ 13%] Building CXX object CMakeFiles/gemm.dir/linear-algebra/blas/gemm/gemm.cpp.o
[ 13%] Building CXX object CMakeFiles/symm.dir/linear-algebra/blas/symm/symm.cpp.o
[ 21%] Building CXX object CMakeFiles/atax.dir/linear-algebra/kernels/atax/atax.cpp.o
[ 21%] Building CXX object CMakeFiles/syrk.dir/linear-algebra/blas/syrk/syrk.cpp.o
[ 21%] Building CXX object CMakeFiles/trmm.dir/linear-algebra/blas/trmm/trmm.cpp.o
[ 21%] Building CXX object CMakeFiles/gesummv.dir/linear-algebra/blas/gesummv/gesummv.cpp.o
[ 35%] Building CXX object CMakeFiles/durbin.dir/linear-algebra/solvers/durbin/durbin.cpp.o
[ 35%] Building CXX object CMakeFiles/gramschmidt.dir/linear-algebra/solvers/gramschmidt/gramschmidt.cpp.o
[ 50%] Building CXX object CMakeFiles/ludcmp.dir/linear-algebra/solvers/ludcmp/ludcmp.cpp.o
[ 50%] Building CXX object CMakeFiles/bicg.dir/linear-algebra/kernels/bicg/bicg.cpp.o
[ 50%] Building CXX object CMakeFiles/3mm.dir/linear-algebra/kernels/3mm/3mm.cpp.o
[ 50%] Building CXX object CMakeFiles/2mm.dir/linear-algebra/kernels/2mm/2mm.cpp.o
[ 50%] Building CXX object CMakeFiles/adi.dir/stencils/adi/adi.cpp.o
[ 50%] Building CXX object CMakeFiles/nussinov.dir/medley/nussinov/nussinov.cpp.o
[ 50%] Building CXX object CMakeFiles/trisolv.dir/linear-algebra/solvers/trisolv/trisolv.cpp.o
[ 50%] Building CXX object CMakeFiles/cholesky.dir/linear-algebra/solvers/cholesky/cholesky.cpp.o
[ 50%] Building CXX object CMakeFiles/mvt.dir/linear-algebra/kernels/mvt/mvt.cpp.o
[ 50%] Building CXX object CMakeFiles/fdtd-2d.dir/stencils/fdtd-2d/fdtd-2d.cpp.o
[ 50%] Building CXX object CMakeFiles/lu.dir/linear-algebra/solvers/lu/lu.cpp.o
[ 50%] Building CXX object CMakeFiles/deriche.dir/medley/deriche/deriche.cpp.o
[ 50%] Building CXX object CMakeFiles/doitgen.dir/linear-algebra/kernels/doitgen/doitgen.cpp.o
[ 50%] Building CXX object CMakeFiles/heat-3d.dir/stencils/heat-3d/heat-3d.cpp.o
[ 50%] Building CXX object CMakeFiles/jacobi-2d.dir/stencils/jacobi-2d/jacobi-2d.cpp.o
[ 50%] Building CXX object CMakeFiles/seidel-2d.dir/stencils/seidel-2d/seidel-2d.cpp.o
[ 50%] Building CXX object CMakeFiles/floyd-warshall.dir/medley/floyd-warshall/floyd-warshall.cpp.o
[ 50%] Building CXX object CMakeFiles/jacobi-1d.dir/stencils/jacobi-1d/jacobi-1d.cpp.o
[ 53%] Linking CXX executable nussinov
[ 53%] Linking CXX executable cholesky
[ 55%] Linking CXX executable durbin
[ 56%] Linking CXX executable jacobi-1d
[ 58%] Linking CXX executable seidel-2d
[ 60%] Linking CXX executable floyd-warshall
[ 61%] Linking CXX executable gesummv
[ 61%] Built target durbin
[ 61%] Built target jacobi-1d
[ 65%] Linking CXX executable trisolv
[ 65%] Linking CXX executable atax
[ 65%] Built target seidel-2d
[ 65%] Built target floyd-warshall
[ 66%] Linking CXX executable bicg
[ 66%] Built target gesummv
[ 70%] Linking CXX executable jacobi-2d
[ 70%] Linking CXX executable deriche
[ 70%] Built target atax
[ 70%] Built target trisolv
[ 73%] Linking CXX executable adi
[ 73%] Linking CXX executable mvt
[ 73%] Built target bicg
[ 75%] Linking CXX executable lu
[ 75%] Built target deriche
[ 75%] Built target jacobi-2d
[ 76%] Linking CXX executable trmm
[ 76%] Built target adi
[ 76%] Built target mvt
[ 78%] Linking CXX executable syrk
[ 78%] Built target lu
[ 78%] Built target trmm
[ 80%] Linking CXX executable gemver
[ 80%] Built target syrk
[ 81%] Linking CXX executable fdtd-2d
[ 81%] Built target gemver
[ 81%] Built target fdtd-2d
[ 83%] Linking CXX executable doitgen
[ 85%] Linking CXX executable gramschmidt
[ 86%] Linking CXX executable covariance
[ 88%] Linking CXX executable gemm
[ 90%] Linking CXX executable syr2k
[ 91%] Linking CXX executable symm
[ 91%] Built target doitgen
[ 91%] Built target gramschmidt
[ 91%] Built target covariance
[ 91%] Built target gemm
[ 93%] Linking CXX executable heat-3d
[ 93%] Built target syr2k
[ 93%] Built target symm
[ 93%] Built target heat-3d
[ 95%] Linking CXX executable ludcmp
[ 95%] Built target ludcmp
[ 96%] Linking CXX executable correlation
[ 96%] Built target correlation
[ 98%] Linking CXX executable 2mm
[ 98%] Built target 2mm
[100%] Linking CXX executable 3mm
[100%] Built target 3mm
Skipping noarr naive 2mm repetition 1 for dataset size LARGE, data type DOUBLE (already done).
Skipping noarr naive 2mm repetition 1 for dataset size LARGE, data type DOUBLE (already done).
Skipping noarr naive 3mm repetition 1 for dataset size LARGE, data type DOUBLE (already done).
Skipping noarr naive 3mm repetition 1 for dataset size LARGE, data type DOUBLE (already done).
Skipping noarr naive adi repetition 1 for dataset size LARGE, data type DOUBLE (already done).
Skipping noarr naive adi repetition 1 for dataset size LARGE, data type DOUBLE (already done).
Skipping noarr naive atax repetition 1 for dataset size LARGE, data type DOUBLE (already done).
Skipping noarr naive atax repetition 1 for dataset size LARGE, data type DOUBLE (already done).
Skipping noarr naive bicg repetition 1 for dataset size LARGE, data type DOUBLE (already done).
Skipping noarr naive bicg repetition 1 for dataset size LARGE, data type DOUBLE (already done).
Skipping noarr naive correlation repetition 1 for dataset size LARGE, data type DOUBLE (already done).
Skipping noarr naive correlation repetition 1 for dataset size LARGE, data type DOUBLE (already done).
Skipping noarr naive covariance repetition 1 for dataset size LARGE, data type DOUBLE (already done).
Skipping noarr naive covariance repetition 1 for dataset size LARGE, data type DOUBLE (already done).
Skipping noarr naive deriche repetition 1 for dataset size LARGE, data type DOUBLE (already done).
Skipping noarr naive deriche repetition 1 for dataset size LARGE, data type DOUBLE (already done).
Skipping noarr naive doitgen repetition 1 for dataset size LARGE, data type DOUBLE (already done).
Skipping noarr naive doitgen repetition 1 for dataset size LARGE, data type DOUBLE (already done).
Skipping noarr naive durbin repetition 1 for dataset size LARGE, data type DOUBLE (already done).
Skipping noarr naive durbin repetition 1 for dataset size LARGE, data type DOUBLE (already done).
Skipping noarr naive fdtd-2d repetition 1 for dataset size LARGE, data type DOUBLE (already done).
Skipping noarr naive fdtd-2d repetition 1 for dataset size LARGE, data type DOUBLE (already done).
Skipping noarr naive floyd-warshall repetition 1 for dataset size LARGE, data type DOUBLE (already done).
Skipping noarr naive floyd-warshall repetition 1 for dataset size LARGE, data type DOUBLE (already done).
Skipping noarr naive gemm repetition 1 for dataset size LARGE, data type DOUBLE (already done).
Skipping noarr naive gemm repetition 1 for dataset size LARGE, data type DOUBLE (already done).
Skipping noarr naive gemver repetition 1 for dataset size LARGE, data type DOUBLE (already done).
Skipping noarr naive gemver repetition 1 for dataset size LARGE, data type DOUBLE (already done).
Skipping noarr naive gesummv repetition 1 for dataset size LARGE, data type DOUBLE (already done).
Skipping noarr naive gesummv repetition 1 for dataset size LARGE, data type DOUBLE (already done).
Skipping noarr naive heat-3d repetition 1 for dataset size LARGE, data type DOUBLE (already done).
Skipping noarr naive heat-3d repetition 1 for dataset size LARGE, data type DOUBLE (already done).
Skipping noarr naive jacobi-1d repetition 1 for dataset size LARGE, data type DOUBLE (already done).
Skipping noarr naive jacobi-1d repetition 1 for dataset size LARGE, data type DOUBLE (already done).
Skipping noarr naive jacobi-2d repetition 1 for dataset size LARGE, data type DOUBLE (already done).
Skipping noarr naive jacobi-2d repetition 1 for dataset size LARGE, data type DOUBLE (already done).
Skipping noarr naive lu repetition 1 for dataset size LARGE, data type DOUBLE (already done).
Skipping noarr naive lu repetition 1 for dataset size LARGE, data type DOUBLE (already done).
Skipping noarr naive ludcmp repetition 1 for dataset size LARGE, data type DOUBLE (already done).
Skipping noarr naive ludcmp repetition 1 for dataset size LARGE, data type DOUBLE (already done).
Skipping noarr naive mvt repetition 1 for dataset size LARGE, data type DOUBLE (already done).
Skipping noarr naive mvt repetition 1 for dataset size LARGE, data type DOUBLE (already done).
Skipping noarr naive seidel-2d repetition 1 for dataset size LARGE, data type DOUBLE (already done).
Skipping noarr naive seidel-2d repetition 1 for dataset size LARGE, data type DOUBLE (already done).
Skipping noarr naive syr2k repetition 1 for dataset size LARGE, data type DOUBLE (already done).
Skipping noarr naive syr2k repetition 1 for dataset size LARGE, data type DOUBLE (already done).
Skipping noarr naive syrk repetition 1 for dataset size LARGE, data type DOUBLE (already done).
Skipping noarr naive syrk repetition 1 for dataset size LARGE, data type DOUBLE (already done).
Skipping noarr naive trisolv repetition 1 for dataset size LARGE, data type DOUBLE (already done).
Skipping noarr naive trisolv repetition 1 for dataset size LARGE, data type DOUBLE (already done).
Skipping noarr naive trmm repetition 1 for dataset size LARGE, data type DOUBLE (already done).
Skipping noarr naive trmm repetition 1 for dataset size LARGE, data type DOUBLE (already done).
-- The CXX compiler identification is GNU 15.2.0
-- Detecting CXX compiler ABI info
-- Detecting CXX compiler ABI info - done
-- Check for working CXX compiler: /usr/local/latestgcc/bin/g++ - skipped
-- Detecting CXX compile features
-- Detecting CXX compile features - done
-- Using NOARR_STRUCTURES_DIR from environment: /home/kleplj/naive/submodules/noarr-structures
-- Configuring done (0.4s)
-- Generating done (0.8s)
-- Build files have been written to: /home/kleplj/naive/optimization/naive/PolybenchC-Noarr/build
[ 10%] Building CXX object CMakeFiles/gemver.dir/linear-algebra/blas/gemver/gemver.cpp.o
[ 10%] Building CXX object CMakeFiles/correlation.dir/datamining/correlation/correlation.cpp.o
[ 10%] Building CXX object CMakeFiles/gemm.dir/linear-algebra/blas/gemm/gemm.cpp.o
[ 15%] Building CXX object CMakeFiles/symm.dir/linear-algebra/blas/symm/symm.cpp.o
[ 15%] Building CXX object CMakeFiles/trmm.dir/linear-algebra/blas/trmm/trmm.cpp.o
[ 15%] Building CXX object CMakeFiles/syrk.dir/linear-algebra/blas/syrk/syrk.cpp.o
[ 15%] Building CXX object CMakeFiles/covariance.dir/datamining/covariance/covariance.cpp.o
[ 23%] Building CXX object CMakeFiles/atax.dir/linear-algebra/kernels/atax/atax.cpp.o
[ 23%] Building CXX object CMakeFiles/gesummv.dir/linear-algebra/blas/gesummv/gesummv.cpp.o
[ 23%] Building CXX object CMakeFiles/syr2k.dir/linear-algebra/blas/syr2k/syr2k.cpp.o
[ 23%] Building CXX object CMakeFiles/2mm.dir/linear-algebra/kernels/2mm/2mm.cpp.o
[ 41%] Building CXX object CMakeFiles/mvt.dir/linear-algebra/kernels/mvt/mvt.cpp.o
[ 41%] Building CXX object CMakeFiles/bicg.dir/linear-algebra/kernels/bicg/bicg.cpp.o
[ 50%] Building CXX object CMakeFiles/heat-3d.dir/stencils/heat-3d/heat-3d.cpp.o
[ 50%] Building CXX object CMakeFiles/doitgen.dir/linear-algebra/kernels/doitgen/doitgen.cpp.o
[ 50%] Building CXX object CMakeFiles/trisolv.dir/linear-algebra/solvers/trisolv/trisolv.cpp.o
[ 50%] Building CXX object CMakeFiles/lu.dir/linear-algebra/solvers/lu/lu.cpp.o
[ 50%] Building CXX object CMakeFiles/deriche.dir/medley/deriche/deriche.cpp.o
[ 50%] Building CXX object CMakeFiles/jacobi-2d.dir/stencils/jacobi-2d/jacobi-2d.cpp.o
[ 50%] Building CXX object CMakeFiles/floyd-warshall.dir/medley/floyd-warshall/floyd-warshall.cpp.o
[ 50%] Building CXX object CMakeFiles/durbin.dir/linear-algebra/solvers/durbin/durbin.cpp.o
[ 50%] Building CXX object CMakeFiles/adi.dir/stencils/adi/adi.cpp.o
[ 50%] Building CXX object CMakeFiles/cholesky.dir/linear-algebra/solvers/cholesky/cholesky.cpp.o
[ 50%] Building CXX object CMakeFiles/3mm.dir/linear-algebra/kernels/3mm/3mm.cpp.o
[ 50%] Building CXX object CMakeFiles/fdtd-2d.dir/stencils/fdtd-2d/fdtd-2d.cpp.o
[ 50%] Building CXX object CMakeFiles/jacobi-1d.dir/stencils/jacobi-1d/jacobi-1d.cpp.o
[ 50%] Building CXX object CMakeFiles/seidel-2d.dir/stencils/seidel-2d/seidel-2d.cpp.o
[ 50%] Building CXX object CMakeFiles/gramschmidt.dir/linear-algebra/solvers/gramschmidt/gramschmidt.cpp.o
[ 50%] Building CXX object CMakeFiles/ludcmp.dir/linear-algebra/solvers/ludcmp/ludcmp.cpp.o
[ 50%] Building CXX object CMakeFiles/nussinov.dir/medley/nussinov/nussinov.cpp.o
[ 53%] Linking CXX executable cholesky
[ 53%] Linking CXX executable nussinov
[ 55%] Linking CXX executable durbin
[ 55%] Built target durbin
[ 56%] Linking CXX executable floyd-warshall
[ 58%] Linking CXX executable gesummv
[ 61%] Linking CXX executable bicg
[ 61%] Linking CXX executable mvt
[ 63%] Linking CXX executable trisolv
[ 63%] Built target floyd-warshall
[ 63%] Built target gesummv
[ 63%] Built target mvt
[ 65%] Linking CXX executable atax
[ 65%] Built target bicg
[ 65%] Built target trisolv
[ 66%] Linking CXX executable adi
[ 68%] Linking CXX executable trmm
[ 70%] Linking CXX executable syrk
[ 70%] Built target atax
[ 73%] Linking CXX executable seidel-2d
[ 73%] Linking CXX executable lu
[ 73%] Built target adi
[ 73%] Built target trmm
[ 73%] Built target syrk
[ 75%] Linking CXX executable syr2k
[ 75%] Built target seidel-2d
[ 75%] Built target lu
[ 76%] Linking CXX executable gemver
[ 78%] Linking CXX executable jacobi-2d
[ 78%] Built target syr2k
[ 80%] Linking CXX executable doitgen
[ 81%] Linking CXX executable gramschmidt
[ 83%] Linking CXX executable gemm
[ 85%] Linking CXX executable symm
[ 85%] Built target gemver
[ 85%] Built target jacobi-2d
[ 85%] Built target doitgen
[ 86%] Linking CXX executable fdtd-2d
[ 86%] Built target gramschmidt
[ 86%] Built target gemm
[ 86%] Built target symm
[ 88%] Linking CXX executable ludcmp
[ 90%] Linking CXX executable covariance
[ 90%] Built target fdtd-2d
[ 90%] Built target ludcmp
[ 90%] Built target covariance
[ 91%] Linking CXX executable heat-3d
[ 93%] Linking CXX executable correlation
[ 93%] Built target heat-3d
[ 93%] Built target correlation
[ 95%] Linking CXX executable 2mm
[ 95%] Built target 2mm
[ 96%] Linking CXX executable 3mm
[ 96%] Built target 3mm
Skipping noarr naive 2mm repetition 2 for dataset size LARGE, data type DOUBLE (already done).
Skipping noarr naive 2mm repetition 2 for dataset size LARGE, data type DOUBLE (already done).
Skipping noarr naive 3mm repetition 2 for dataset size LARGE, data type DOUBLE (already done).
Skipping noarr naive 3mm repetition 2 for dataset size LARGE, data type DOUBLE (already done).
Skipping noarr naive adi repetition 2 for dataset size LARGE, data type DOUBLE (already done).
Skipping noarr naive adi repetition 2 for dataset size LARGE, data type DOUBLE (already done).
Skipping noarr naive atax repetition 2 for dataset size LARGE, data type DOUBLE (already done).
Skipping noarr naive atax repetition 2 for dataset size LARGE, data type DOUBLE (already done).
Skipping noarr naive bicg repetition 2 for dataset size LARGE, data type DOUBLE (already done).
Skipping noarr naive bicg repetition 2 for dataset size LARGE, data type DOUBLE (already done).
Skipping noarr naive correlation repetition 2 for dataset size LARGE, data type DOUBLE (already done).
Skipping noarr naive correlation repetition 2 for dataset size LARGE, data type DOUBLE (already done).
Skipping noarr naive covariance repetition 2 for dataset size LARGE, data type DOUBLE (already done).
Skipping noarr naive covariance repetition 2 for dataset size LARGE, data type DOUBLE (already done).
Skipping noarr naive doitgen repetition 2 for dataset size LARGE, data type DOUBLE (already done).
Skipping noarr naive doitgen repetition 2 for dataset size LARGE, data type DOUBLE (already done).
Skipping noarr naive durbin repetition 2 for dataset size LARGE, data type DOUBLE (already done).
Skipping noarr naive durbin repetition 2 for dataset size LARGE, data type DOUBLE (already done).
Skipping noarr naive fdtd-2d repetition 2 for dataset size LARGE, data type DOUBLE (already done).
Skipping noarr naive fdtd-2d repetition 2 for dataset size LARGE, data type DOUBLE (already done).
Skipping noarr naive floyd-warshall repetition 2 for dataset size LARGE, data type DOUBLE (already done).
Skipping noarr naive floyd-warshall repetition 2 for dataset size LARGE, data type DOUBLE (already done).
Skipping noarr naive gemm repetition 2 for dataset size LARGE, data type DOUBLE (already done).
Skipping noarr naive gemm repetition 2 for dataset size LARGE, data type DOUBLE (already done).
Skipping noarr naive gemver repetition 2 for dataset size LARGE, data type DOUBLE (already done).
Skipping noarr naive gemver repetition 2 for dataset size LARGE, data type DOUBLE (already done).
Skipping noarr naive gesummv repetition 2 for dataset size LARGE, data type DOUBLE (already done).
Skipping noarr naive gesummv repetition 2 for dataset size LARGE, data type DOUBLE (already done).
Skipping noarr naive heat-3d repetition 2 for dataset size LARGE, data type DOUBLE (already done).
Skipping noarr naive heat-3d repetition 2 for dataset size LARGE, data type DOUBLE (already done).
Skipping noarr naive jacobi-2d repetition 2 for dataset size LARGE, data type DOUBLE (already done).
Skipping noarr naive jacobi-2d repetition 2 for dataset size LARGE, data type DOUBLE (already done).
Skipping noarr naive lu repetition 2 for dataset size LARGE, data type DOUBLE (already done).
Skipping noarr naive lu repetition 2 for dataset size LARGE, data type DOUBLE (already done).
Skipping noarr naive ludcmp repetition 2 for dataset size LARGE, data type DOUBLE (already done).
Skipping noarr naive ludcmp repetition 2 for dataset size LARGE, data type DOUBLE (already done).
Skipping noarr naive mvt repetition 2 for dataset size LARGE, data type DOUBLE (already done).
Skipping noarr naive mvt repetition 2 for dataset size LARGE, data type DOUBLE (already done).
noarr,naive,seidel-2d,1,20.160405,2,LARGE,DOUBLE
noarr,naive,seidel-2d,2,20.156517,2,LARGE,DOUBLE
noarr,naive,seidel-2d,3,20.160686,2,LARGE,DOUBLE
noarr,naive,seidel-2d,4,20.159664,2,LARGE,DOUBLE
noarr,naive,seidel-2d,5,20.160387,2,LARGE,DOUBLE
noarr,naive,symm,0.540663,2.888,valid,2,LARGE,DOUBLE
noarr,naive,symm,1,0.547795,2,LARGE,DOUBLE
noarr,naive,symm,2,0.553096,2,LARGE,DOUBLE
noarr,naive,symm,3,0.559522,2,LARGE,DOUBLE
noarr,naive,symm,4,0.557133,2,LARGE,DOUBLE
noarr,naive,symm,5,0.543816,2,LARGE,DOUBLE
noarr,naive,syr2k,0.539164,2.465,valid,2,LARGE,DOUBLE
noarr,naive,syr2k,1,0.556910,2,LARGE,DOUBLE
noarr,naive,syr2k,2,0.537707,2,LARGE,DOUBLE
noarr,naive,syr2k,3,0.538655,2,LARGE,DOUBLE
noarr,naive,syr2k,4,0.556917,2,LARGE,DOUBLE
noarr,naive,syr2k,5,0.557005,2,LARGE,DOUBLE
noarr,naive,syrk,1.008639,0.649,valid,2,LARGE,DOUBLE
noarr,naive,syrk,1,1.008586,2,LARGE,DOUBLE
noarr,naive,syrk,2,1.008560,2,LARGE,DOUBLE
noarr,naive,syrk,3,1.008618,2,LARGE,DOUBLE
noarr,naive,syrk,4,1.008606,2,LARGE,DOUBLE
noarr,naive,syrk,5,1.008379,2,LARGE,DOUBLE
noarr,naive,trisolv,0.003127,0.989,valid,2,LARGE,DOUBLE
noarr,naive,trisolv,1,0.003120,2,LARGE,DOUBLE
noarr,naive,trisolv,2,0.003121,2,LARGE,DOUBLE
noarr,naive,trisolv,3,0.003119,2,LARGE,DOUBLE
noarr,naive,trisolv,4,0.003126,2,LARGE,DOUBLE
noarr,naive,trisolv,5,0.003111,2,LARGE,DOUBLE
noarr,naive,trmm,0.237118,4.136,valid,2,LARGE,DOUBLE
noarr,naive,trmm,1,0.235131,2,LARGE,DOUBLE
noarr,naive,trmm,2,0.236655,2,LARGE,DOUBLE
noarr,naive,trmm,3,0.234622,2,LARGE,DOUBLE
noarr,naive,trmm,4,0.234385,2,LARGE,DOUBLE
noarr,naive,trmm,5,0.235258,2,LARGE,DOUBLE
-- The CXX compiler identification is GNU 15.2.0
-- Detecting CXX compiler ABI info
-- Detecting CXX compiler ABI info - done
-- Check for working CXX compiler: /usr/local/latestgcc/bin/g++ - skipped
-- Detecting CXX compile features
-- Detecting CXX compile features - done
-- Using NOARR_STRUCTURES_DIR from environment: /home/kleplj/naive/submodules/noarr-structures
-- Configuring done (0.5s)
-- Generating done (0.8s)
-- Build files have been written to: /home/kleplj/naive/optimization/naive/PolybenchC-Noarr/build
[  8%] Building CXX object CMakeFiles/correlation.dir/datamining/correlation/correlation.cpp.o
[  8%] Building CXX object CMakeFiles/gemm.dir/linear-algebra/blas/gemm/gemm.cpp.o
[  8%] Building CXX object CMakeFiles/covariance.dir/datamining/covariance/covariance.cpp.o
[ 18%] Building CXX object CMakeFiles/gesummv.dir/linear-algebra/blas/gesummv/gesummv.cpp.o
[ 18%] Building CXX object CMakeFiles/syr2k.dir/linear-algebra/blas/syr2k/syr2k.cpp.o
[ 18%] Building CXX object CMakeFiles/gemver.dir/linear-algebra/blas/gemver/gemver.cpp.o
[ 18%] Building CXX object CMakeFiles/trmm.dir/linear-algebra/blas/trmm/trmm.cpp.o
[ 18%] Building CXX object CMakeFiles/symm.dir/linear-algebra/blas/symm/symm.cpp.o
[ 28%] Building CXX object CMakeFiles/atax.dir/linear-algebra/kernels/atax/atax.cpp.o
[ 28%] Building CXX object CMakeFiles/3mm.dir/linear-algebra/kernels/3mm/3mm.cpp.o
[ 50%] Building CXX object CMakeFiles/durbin.dir/linear-algebra/solvers/durbin/durbin.cpp.o
[ 50%] Building CXX object CMakeFiles/gramschmidt.dir/linear-algebra/solvers/gramschmidt/gramschmidt.cpp.o
[ 50%] Building CXX object CMakeFiles/cholesky.dir/linear-algebra/solvers/cholesky/cholesky.cpp.o
[ 50%] Building CXX object CMakeFiles/trisolv.dir/linear-algebra/solvers/trisolv/trisolv.cpp.o
[ 50%] Building CXX object CMakeFiles/mvt.dir/linear-algebra/kernels/mvt/mvt.cpp.o
[ 50%] Building CXX object CMakeFiles/syrk.dir/linear-algebra/blas/syrk/syrk.cpp.o
[ 50%] Building CXX object CMakeFiles/2mm.dir/linear-algebra/kernels/2mm/2mm.cpp.o
[ 50%] Building CXX object CMakeFiles/adi.dir/stencils/adi/adi.cpp.o
[ 50%] Building CXX object CMakeFiles/floyd-warshall.dir/medley/floyd-warshall/floyd-warshall.cpp.o
[ 50%] Building CXX object CMakeFiles/doitgen.dir/linear-algebra/kernels/doitgen/doitgen.cpp.o
[ 50%] Building CXX object CMakeFiles/heat-3d.dir/stencils/heat-3d/heat-3d.cpp.o
[ 50%] Building CXX object CMakeFiles/bicg.dir/linear-algebra/kernels/bicg/bicg.cpp.o
[ 50%] Building CXX object CMakeFiles/deriche.dir/medley/deriche/deriche.cpp.o
[ 50%] Building CXX object CMakeFiles/nussinov.dir/medley/nussinov/nussinov.cpp.o
[ 50%] Building CXX object CMakeFiles/jacobi-2d.dir/stencils/jacobi-2d/jacobi-2d.cpp.o
[ 50%] Building CXX object CMakeFiles/ludcmp.dir/linear-algebra/solvers/ludcmp/ludcmp.cpp.o
[ 50%] Building CXX object CMakeFiles/fdtd-2d.dir/stencils/fdtd-2d/fdtd-2d.cpp.o
[ 50%] Building CXX object CMakeFiles/lu.dir/linear-algebra/solvers/lu/lu.cpp.o
[ 50%] Building CXX object CMakeFiles/jacobi-1d.dir/stencils/jacobi-1d/jacobi-1d.cpp.o
[ 50%] Building CXX object CMakeFiles/seidel-2d.dir/stencils/seidel-2d/seidel-2d.cpp.o
[ 53%] Linking CXX executable nussinov
[ 53%] Linking CXX executable cholesky
[ 55%] Linking CXX executable durbin
[ 56%] Linking CXX executable jacobi-1d
[ 56%] Built target durbin
[ 56%] Built target jacobi-1d
[ 58%] Linking CXX executable floyd-warshall
[ 60%] Linking CXX executable seidel-2d
[ 61%] Linking CXX executable atax
[ 61%] Built target floyd-warshall
[ 63%] Linking CXX executable bicg
[ 63%] Built target seidel-2d
[ 65%] Linking CXX executable gesummv
[ 68%] Linking CXX executable jacobi-2d
[ 68%] Linking CXX executable mvt
[ 68%] Built target atax
[ 68%] Built target bicg
[ 70%] Built target gesummv
[ 70%] Linking CXX executable trmm
[ 70%] Built target mvt
[ 70%] Built target jacobi-2d
[ 71%] Linking CXX executable deriche
[ 73%] Linking CXX executable lu
[ 75%] Linking CXX executable trisolv
[ 75%] Built target trmm
[ 75%] Built target deriche
[ 75%] Built target lu
[ 76%] Linking CXX executable heat-3d
[ 76%] Built target trisolv
[ 78%] Linking CXX executable gemver
[ 80%] Linking CXX executable symm
[ 81%] Linking CXX executable gramschmidt
[ 83%] Linking CXX executable fdtd-2d
[ 86%] Linking CXX executable doitgen
[ 86%] Linking CXX executable syrk
[ 86%] Built target heat-3d
[ 86%] Built target gemver
[ 88%] Linking CXX executable gemm
[ 90%] Built target symm
[ 90%] Linking CXX executable syr2k
[ 90%] Built target gramschmidt
[ 90%] Built target fdtd-2d
[ 90%] Built target syrk
[ 90%] Built target doitgen
[ 90%] Built target gemm
[ 90%] Built target syr2k
[ 91%] Linking CXX executable adi
[ 93%] Linking CXX executable ludcmp
[ 95%] Linking CXX executable covariance
[ 95%] Built target adi
[ 95%] Built target ludcmp
[ 95%] Built target covariance
[ 96%] Linking CXX executable correlation
[ 96%] Built target correlation
[ 98%] Linking CXX executable 2mm
[ 98%] Built target 2mm
[100%] Linking CXX executable 3mm
[100%] Built target 3mm
noarr,naive,2mm,2.322594,1.108,valid,3,LARGE,DOUBLE
noarr,naive,2mm,1,2.321496,3,LARGE,DOUBLE
noarr,naive,2mm,2,2.322801,3,LARGE,DOUBLE
noarr,naive,2mm,3,2.321934,3,LARGE,DOUBLE
noarr,naive,2mm,4,2.323047,3,LARGE,DOUBLE
noarr,naive,2mm,5,2.321945,3,LARGE,DOUBLE
noarr,naive,3mm,1.069919,3.657,valid,3,LARGE,DOUBLE
noarr,naive,3mm,1,1.105404,3,LARGE,DOUBLE
noarr,naive,3mm,2,1.105066,3,LARGE,DOUBLE
noarr,naive,3mm,3,1.070322,3,LARGE,DOUBLE
noarr,naive,3mm,4,1.101221,3,LARGE,DOUBLE
noarr,naive,3mm,5,1.100417,3,LARGE,DOUBLE
noarr,naive,adi,4.665963,,validity_error,3,LARGE,DOUBLE
noarr,naive,atax,0.008299,1.029,valid,3,LARGE,DOUBLE
noarr,naive,atax,1,0.008285,3,LARGE,DOUBLE
noarr,naive,atax,2,0.008290,3,LARGE,DOUBLE
noarr,naive,atax,3,0.008265,3,LARGE,DOUBLE
noarr,naive,atax,4,0.008259,3,LARGE,DOUBLE
noarr,naive,atax,5,0.008238,3,LARGE,DOUBLE
noarr,naive,bicg,0.006342,2.783,valid,3,LARGE,DOUBLE
noarr,naive,bicg,1,0.006488,3,LARGE,DOUBLE
noarr,naive,bicg,2,0.006567,3,LARGE,DOUBLE
noarr,naive,bicg,3,0.006447,3,LARGE,DOUBLE
noarr,naive,bicg,4,0.006534,3,LARGE,DOUBLE
noarr,naive,bicg,5,0.006298,3,LARGE,DOUBLE
noarr,naive,cholesky,,,compile_error,3,LARGE,DOUBLE
noarr,naive,correlation,0.570171,2.974,valid,3,LARGE,DOUBLE
noarr,naive,correlation,1,0.571006,3,LARGE,DOUBLE
noarr,naive,correlation,2,0.571199,3,LARGE,DOUBLE
noarr,naive,correlation,3,0.585899,3,LARGE,DOUBLE
noarr,naive,correlation,4,0.585883,3,LARGE,DOUBLE
noarr,naive,correlation,5,0.572182,3,LARGE,DOUBLE
noarr,naive,covariance,0.439496,3.888,valid,3,LARGE,DOUBLE
noarr,naive,covariance,1,0.433627,3,LARGE,DOUBLE
noarr,naive,covariance,2,0.441648,3,LARGE,DOUBLE
noarr,naive,covariance,3,0.434554,3,LARGE,DOUBLE
noarr,naive,covariance,4,0.434142,3,LARGE,DOUBLE
noarr,naive,covariance,5,0.432385,3,LARGE,DOUBLE
noarr,naive,deriche,0.301312,0.746,valid,3,LARGE,DOUBLE
noarr,naive,deriche,1,0.313705,3,LARGE,DOUBLE
noarr,naive,deriche,2,0.313943,3,LARGE,DOUBLE
noarr,naive,deriche,3,0.308061,3,LARGE,DOUBLE
noarr,naive,deriche,4,0.309159,3,LARGE,DOUBLE
noarr,naive,deriche,5,0.303116,3,LARGE,DOUBLE
noarr,naive,doitgen,0.193803,3.829,valid,3,LARGE,DOUBLE
noarr,naive,doitgen,1,0.198704,3,LARGE,DOUBLE
noarr,naive,doitgen,2,0.193829,3,LARGE,DOUBLE
noarr,naive,doitgen,3,0.193712,3,LARGE,DOUBLE
noarr,naive,doitgen,4,0.193831,3,LARGE,DOUBLE
noarr,naive,doitgen,5,0.193715,3,LARGE,DOUBLE
noarr,naive,durbin,0.003778,1.054,valid,3,LARGE,DOUBLE
noarr,naive,durbin,1,0.003777,3,LARGE,DOUBLE
noarr,naive,durbin,2,0.003779,3,LARGE,DOUBLE
noarr,naive,durbin,3,0.003819,3,LARGE,DOUBLE
noarr,naive,durbin,4,0.003788,3,LARGE,DOUBLE
noarr,naive,durbin,5,0.003781,3,LARGE,DOUBLE
noarr,naive,fdtd-2d,1.816068,0.948,valid,3,LARGE,DOUBLE
noarr,naive,fdtd-2d,1,1.789493,3,LARGE,DOUBLE
noarr,naive,fdtd-2d,2,1.781449,3,LARGE,DOUBLE
noarr,naive,fdtd-2d,3,1.774637,3,LARGE,DOUBLE
noarr,naive,fdtd-2d,4,1.782648,3,LARGE,DOUBLE
noarr,naive,fdtd-2d,5,1.781303,3,LARGE,DOUBLE
noarr,naive,floyd-warshall,15.734895,1.440,valid,3,LARGE,DOUBLE
noarr,naive,floyd-warshall,1,15.810177,3,LARGE,DOUBLE
noarr,naive,floyd-warshall,2,15.934234,3,LARGE,DOUBLE
noarr,naive,floyd-warshall,3,15.763695,3,LARGE,DOUBLE
noarr,naive,floyd-warshall,4,15.710349,3,LARGE,DOUBLE
noarr,naive,floyd-warshall,5,15.785720,3,LARGE,DOUBLE
noarr,naive,gemm,1.923604,0.235,valid,3,LARGE,DOUBLE
noarr,naive,gemm,1,1.921303,3,LARGE,DOUBLE
noarr,naive,gemm,2,1.918011,3,LARGE,DOUBLE
noarr,naive,gemm,3,1.919566,3,LARGE,DOUBLE
noarr,naive,gemm,4,1.921031,3,LARGE,DOUBLE
noarr,naive,gemm,5,1.919720,3,LARGE,DOUBLE
noarr,naive,gemver,0.011852,1.491,valid,3,LARGE,DOUBLE
noarr,naive,gemver,1,0.011592,3,LARGE,DOUBLE
noarr,naive,gemver,2,0.011617,3,LARGE,DOUBLE
noarr,naive,gemver,3,0.011540,3,LARGE,DOUBLE
noarr,naive,gemver,4,0.011807,3,LARGE,DOUBLE
noarr,naive,gemver,5,0.011544,3,LARGE,DOUBLE
noarr,naive,gesummv,0.002899,2.160,valid,3,LARGE,DOUBLE
noarr,naive,gesummv,1,0.002691,3,LARGE,DOUBLE
noarr,naive,gesummv,2,0.002656,3,LARGE,DOUBLE
noarr,naive,gesummv,3,0.002623,3,LARGE,DOUBLE
noarr,naive,gesummv,4,0.002703,3,LARGE,DOUBLE
noarr,naive,gesummv,5,0.002667,3,LARGE,DOUBLE
noarr,naive,gramschmidt,1.369466,,validity_error,3,LARGE,DOUBLE
noarr,naive,heat-3d,1.973497,0.981,valid,3,LARGE,DOUBLE
noarr,naive,heat-3d,1,1.977606,3,LARGE,DOUBLE
noarr,naive,heat-3d,2,1.976808,3,LARGE,DOUBLE
noarr,naive,heat-3d,3,1.981400,3,LARGE,DOUBLE
noarr,naive,heat-3d,4,1.993205,3,LARGE,DOUBLE
noarr,naive,heat-3d,5,1.984866,3,LARGE,DOUBLE
noarr,naive,jacobi-1d,0.036658,0.025,valid,3,LARGE,DOUBLE
noarr,naive,jacobi-1d,1,0.037701,3,LARGE,DOUBLE
noarr,naive,jacobi-1d,2,0.036851,3,LARGE,DOUBLE
noarr,naive,jacobi-1d,3,0.036932,3,LARGE,DOUBLE
noarr,naive,jacobi-1d,4,0.036498,3,LARGE,DOUBLE
noarr,naive,jacobi-1d,5,0.036300,3,LARGE,DOUBLE
noarr,naive,jacobi-2d,0.183663,8.975,valid,3,LARGE,DOUBLE
noarr,naive,jacobi-2d,1,0.186242,3,LARGE,DOUBLE
noarr,naive,jacobi-2d,2,0.180132,3,LARGE,DOUBLE
noarr,naive,jacobi-2d,3,0.184319,3,LARGE,DOUBLE
noarr,naive,jacobi-2d,4,0.186243,3,LARGE,DOUBLE
noarr,naive,jacobi-2d,5,0.185279,3,LARGE,DOUBLE
noarr,naive,lu,2.879936,1.517,valid,3,LARGE,DOUBLE
noarr,naive,lu,1,2.909570,3,LARGE,DOUBLE
noarr,naive,lu,2,2.896397,3,LARGE,DOUBLE
noarr,naive,lu,3,2.894782,3,LARGE,DOUBLE
noarr,naive,lu,4,2.896197,3,LARGE,DOUBLE
noarr,naive,lu,5,2.875935,3,LARGE,DOUBLE
noarr,naive,ludcmp,4.401829,1.001,valid,3,LARGE,DOUBLE
noarr,naive,ludcmp,1,4.376205,3,LARGE,DOUBLE
noarr,naive,ludcmp,2,4.401732,3,LARGE,DOUBLE
noarr,naive,ludcmp,3,4.404415,3,LARGE,DOUBLE
noarr,naive,ludcmp,4,4.404927,3,LARGE,DOUBLE
noarr,naive,ludcmp,5,4.392404,3,LARGE,DOUBLE
noarr,naive,mvt,0.006933,2.094,valid,3,LARGE,DOUBLE
noarr,naive,mvt,1,0.006871,3,LARGE,DOUBLE
noarr,naive,mvt,2,0.006790,3,LARGE,DOUBLE
noarr,naive,mvt,3,0.006843,3,LARGE,DOUBLE
noarr,naive,mvt,4,0.006840,3,LARGE,DOUBLE
noarr,naive,mvt,5,0.006856,3,LARGE,DOUBLE
noarr,naive,nussinov,,,compile_error,3,LARGE,DOUBLE
noarr,naive,seidel-2d,20.023840,1.357,valid,3,LARGE,DOUBLE
noarr,naive,seidel-2d,1,20.024979,3,LARGE,DOUBLE
noarr,naive,seidel-2d,2,20.024832,3,LARGE,DOUBLE
noarr,naive,seidel-2d,3,20.024669,3,LARGE,DOUBLE
noarr,naive,seidel-2d,4,20.025428,3,LARGE,DOUBLE
noarr,naive,seidel-2d,5,20.026723,3,LARGE,DOUBLE
noarr,naive,symm,1.562579,1.001,valid,3,LARGE,DOUBLE
noarr,naive,symm,1,1.540872,3,LARGE,DOUBLE
noarr,naive,symm,2,1.564118,3,LARGE,DOUBLE
noarr,naive,symm,3,1.564177,3,LARGE,DOUBLE
noarr,naive,symm,4,1.561532,3,LARGE,DOUBLE
noarr,naive,symm,5,1.540446,3,LARGE,DOUBLE
noarr,naive,syr2k,1.791785,0.738,valid,3,LARGE,DOUBLE
noarr,naive,syr2k,1,1.781648,3,LARGE,DOUBLE
noarr,naive,syr2k,2,1.782362,3,LARGE,DOUBLE
noarr,naive,syr2k,3,1.779946,3,LARGE,DOUBLE
noarr,naive,syr2k,4,1.784900,3,LARGE,DOUBLE
noarr,naive,syr2k,5,1.775771,3,LARGE,DOUBLE
noarr,naive,syrk,1.407198,0.468,valid,3,LARGE,DOUBLE
noarr,naive,syrk,1,1.402941,3,LARGE,DOUBLE
noarr,naive,syrk,2,1.401964,3,LARGE,DOUBLE
noarr,naive,syrk,3,1.402771,3,LARGE,DOUBLE
noarr,naive,syrk,4,1.402061,3,LARGE,DOUBLE
noarr,naive,syrk,5,1.402876,3,LARGE,DOUBLE
noarr,naive,trisolv,0.003184,0.981,valid,3,LARGE,DOUBLE
noarr,naive,trisolv,1,0.003170,3,LARGE,DOUBLE
noarr,naive,trisolv,2,0.003111,3,LARGE,DOUBLE
noarr,naive,trisolv,3,0.003096,3,LARGE,DOUBLE
noarr,naive,trisolv,4,0.003105,3,LARGE,DOUBLE
noarr,naive,trisolv,5,0.003177,3,LARGE,DOUBLE
noarr,naive,trmm,0.978422,1.019,valid,3,LARGE,DOUBLE
noarr,naive,trmm,1,0.968282,3,LARGE,DOUBLE
noarr,naive,trmm,2,0.973335,3,LARGE,DOUBLE
noarr,naive,trmm,3,0.973144,3,LARGE,DOUBLE
noarr,naive,trmm,4,0.973252,3,LARGE,DOUBLE
noarr,naive,trmm,5,0.968123,3,LARGE,DOUBLE
-- The CXX compiler identification is GNU 15.2.0
-- Detecting CXX compiler ABI info
-- Detecting CXX compiler ABI info - done
-- Check for working CXX compiler: /usr/local/latestgcc/bin/g++ - skipped
-- Detecting CXX compile features
-- Detecting CXX compile features - done
-- Using NOARR_STRUCTURES_DIR from environment: /home/kleplj/naive/submodules/noarr-structures
-- Configuring done (0.5s)
-- Generating done (0.8s)
-- Build files have been written to: /home/kleplj/naive/optimization/naive/PolybenchC-Noarr/build
[  8%] Building CXX object CMakeFiles/covariance.dir/datamining/covariance/covariance.cpp.o
[  8%] Building CXX object CMakeFiles/correlation.dir/datamining/correlation/correlation.cpp.o
[ 18%] Building CXX object CMakeFiles/syr2k.dir/linear-algebra/blas/syr2k/syr2k.cpp.o
[ 18%] Building CXX object CMakeFiles/gemver.dir/linear-algebra/blas/gemver/gemver.cpp.o
[ 18%] Building CXX object CMakeFiles/symm.dir/linear-algebra/blas/symm/symm.cpp.o
[ 18%] Building CXX object CMakeFiles/gesummv.dir/linear-algebra/blas/gesummv/gesummv.cpp.o
[ 18%] Building CXX object CMakeFiles/gemm.dir/linear-algebra/blas/gemm/gemm.cpp.o
[ 18%] Building CXX object CMakeFiles/syrk.dir/linear-algebra/blas/syrk/syrk.cpp.o
[ 30%] Building CXX object CMakeFiles/2mm.dir/linear-algebra/kernels/2mm/2mm.cpp.o
[ 30%] Building CXX object CMakeFiles/mvt.dir/linear-algebra/kernels/mvt/mvt.cpp.o
[ 30%] Building CXX object CMakeFiles/atax.dir/linear-algebra/kernels/atax/atax.cpp.o
[ 30%] Building CXX object CMakeFiles/doitgen.dir/linear-algebra/kernels/doitgen/doitgen.cpp.o
[ 30%] Building CXX object CMakeFiles/bicg.dir/linear-algebra/kernels/bicg/bicg.cpp.o
[ 30%] Building CXX object CMakeFiles/3mm.dir/linear-algebra/kernels/3mm/3mm.cpp.o
[ 30%] Building CXX object CMakeFiles/trmm.dir/linear-algebra/blas/trmm/trmm.cpp.o
[ 30%] Building CXX object CMakeFiles/cholesky.dir/linear-algebra/solvers/cholesky/cholesky.cpp.o
[ 50%] Building CXX object CMakeFiles/gramschmidt.dir/linear-algebra/solvers/gramschmidt/gramschmidt.cpp.o
[ 50%] Building CXX object CMakeFiles/durbin.dir/linear-algebra/solvers/durbin/durbin.cpp.o
[ 50%] Building CXX object CMakeFiles/deriche.dir/medley/deriche/deriche.cpp.o
[ 50%] Building CXX object CMakeFiles/nussinov.dir/medley/nussinov/nussinov.cpp.o
[ 50%] Building CXX object CMakeFiles/fdtd-2d.dir/stencils/fdtd-2d/fdtd-2d.cpp.o
[ 50%] Building CXX object CMakeFiles/jacobi-1d.dir/stencils/jacobi-1d/jacobi-1d.cpp.o
[ 50%] Building CXX object CMakeFiles/jacobi-2d.dir/stencils/jacobi-2d/jacobi-2d.cpp.o
[ 50%] Building CXX object CMakeFiles/ludcmp.dir/linear-algebra/solvers/ludcmp/ludcmp.cpp.o
[ 50%] Building CXX object CMakeFiles/trisolv.dir/linear-algebra/solvers/trisolv/trisolv.cpp.o
[ 50%] Building CXX object CMakeFiles/floyd-warshall.dir/medley/floyd-warshall/floyd-warshall.cpp.o
[ 50%] Building CXX object CMakeFiles/adi.dir/stencils/adi/adi.cpp.o
[ 50%] Building CXX object CMakeFiles/heat-3d.dir/stencils/heat-3d/heat-3d.cpp.o
[ 50%] Building CXX object CMakeFiles/lu.dir/linear-algebra/solvers/lu/lu.cpp.o
[ 50%] Building CXX object CMakeFiles/seidel-2d.dir/stencils/seidel-2d/seidel-2d.cpp.o
[ 53%] Linking CXX executable nussinov
[ 53%] Linking CXX executable cholesky
[ 55%] Linking CXX executable jacobi-1d
[ 56%] Linking CXX executable durbin
[ 56%] Built target jacobi-1d
[ 56%] Built target durbin
[ 58%] Linking CXX executable floyd-warshall
[ 60%] Linking CXX executable gesummv
[ 61%] Linking CXX executable trisolv
[ 63%] Linking CXX executable bicg
[ 63%] Built target floyd-warshall
[ 63%] Built target gesummv
[ 63%] Built target trisolv
[ 65%] Linking CXX executable atax
[ 66%] Linking CXX executable adi
[ 66%] Built target bicg
[ 68%] Linking CXX executable syrk
[ 68%] Built target atax
[ 68%] Built target adi
[ 70%] Linking CXX executable trmm
[ 70%] Built target syrk
[ 70%] Built target trmm
[ 73%] Linking CXX executable mvt
[ 75%] Linking CXX executable deriche
[ 75%] Linking CXX executable doitgen
[ 76%] Linking CXX executable gemver
[ 78%] Linking CXX executable fdtd-2d
[ 80%] Linking CXX executable gramschmidt
[ 81%] Linking CXX executable lu
[ 81%] Built target doitgen
[ 83%] Built target mvt
[ 83%] Built target deriche
[ 83%] Linking CXX executable syr2k
[ 83%] Built target gemver
[ 85%] Linking CXX executable symm
[ 85%] Built target fdtd-2d
[ 86%] Linking CXX executable gemm
[ 86%] Built target gramschmidt
[ 86%] Built target lu
[ 86%] Built target syr2k
[ 86%] Built target symm
[ 86%] Built target gemm
[ 88%] Linking CXX executable covariance
[ 88%] Built target covariance
[ 90%] Linking CXX executable ludcmp
[ 90%] Built target ludcmp
[ 91%] Linking CXX executable correlation
[ 91%] Built target correlation
[ 93%] Linking CXX executable seidel-2d
[ 93%] Built target seidel-2d
[ 95%] Linking CXX executable 2mm
[ 96%] Linking CXX executable heat-3d
[ 96%] Built target 2mm
[ 96%] Built target heat-3d
[ 98%] Linking CXX executable 3mm
[ 98%] Built target 3mm
noarr,naive,2mm,0.655677,3.956,valid,4,LARGE,DOUBLE
noarr,naive,2mm,1,0.652442,4,LARGE,DOUBLE
noarr,naive,2mm,2,0.652070,4,LARGE,DOUBLE
noarr,naive,2mm,3,0.676288,4,LARGE,DOUBLE
noarr,naive,2mm,4,0.652460,4,LARGE,DOUBLE
noarr,naive,2mm,5,0.672905,4,LARGE,DOUBLE
noarr,naive,3mm,1.117887,3.525,valid,4,LARGE,DOUBLE
noarr,naive,3mm,1,1.109569,4,LARGE,DOUBLE
noarr,naive,3mm,2,1.076580,4,LARGE,DOUBLE
noarr,naive,3mm,3,1.077170,4,LARGE,DOUBLE
noarr,naive,3mm,4,1.077692,4,LARGE,DOUBLE
noarr,naive,3mm,5,1.077069,4,LARGE,DOUBLE
noarr,naive,adi,11.255363,,validity_error,4,LARGE,DOUBLE
noarr,naive,atax,0.008456,1.019,valid,4,LARGE,DOUBLE
noarr,naive,atax,1,0.008367,4,LARGE,DOUBLE
noarr,naive,atax,2,0.008242,4,LARGE,DOUBLE
noarr,naive,atax,3,0.008360,4,LARGE,DOUBLE
noarr,naive,atax,4,0.008268,4,LARGE,DOUBLE
noarr,naive,atax,5,0.008192,4,LARGE,DOUBLE
noarr,naive,bicg,0.006587,2.218,valid,4,LARGE,DOUBLE
noarr,naive,bicg,1,0.006368,4,LARGE,DOUBLE
noarr,naive,bicg,2,0.006408,4,LARGE,DOUBLE
noarr,naive,bicg,3,0.006579,4,LARGE,DOUBLE
noarr,naive,bicg,4,0.006637,4,LARGE,DOUBLE
noarr,naive,bicg,5,0.006352,4,LARGE,DOUBLE
noarr,naive,cholesky,,,compile_error,4,LARGE,DOUBLE
noarr,naive,correlation,1.714555,0.997,valid,4,LARGE,DOUBLE
noarr,naive,correlation,1,1.704527,4,LARGE,DOUBLE
noarr,naive,correlation,2,1.704242,4,LARGE,DOUBLE
noarr,naive,correlation,3,1.703739,4,LARGE,DOUBLE
noarr,naive,correlation,4,1.687334,4,LARGE,DOUBLE
noarr,naive,correlation,5,1.704529,4,LARGE,DOUBLE
noarr,naive,covariance,0.439194,3.871,valid,4,LARGE,DOUBLE
noarr,naive,covariance,1,0.437056,4,LARGE,DOUBLE
noarr,naive,covariance,2,0.443363,4,LARGE,DOUBLE
noarr,naive,covariance,3,0.442418,4,LARGE,DOUBLE
noarr,naive,covariance,4,0.436457,4,LARGE,DOUBLE
noarr,naive,covariance,5,0.442692,4,LARGE,DOUBLE
noarr,naive,deriche,0.193744,1.165,valid,4,LARGE,DOUBLE
noarr,naive,deriche,1,0.194345,4,LARGE,DOUBLE
noarr,naive,deriche,2,0.194340,4,LARGE,DOUBLE
noarr,naive,deriche,3,0.194460,4,LARGE,DOUBLE
noarr,naive,deriche,4,0.194537,4,LARGE,DOUBLE
noarr,naive,deriche,5,0.194407,4,LARGE,DOUBLE
noarr,naive,doitgen,0.193733,3.843,valid,4,LARGE,DOUBLE
noarr,naive,doitgen,1,0.193830,4,LARGE,DOUBLE
noarr,naive,doitgen,2,0.193734,4,LARGE,DOUBLE
noarr,naive,doitgen,3,0.193821,4,LARGE,DOUBLE
noarr,naive,doitgen,4,0.193818,4,LARGE,DOUBLE
noarr,naive,doitgen,5,0.193623,4,LARGE,DOUBLE
noarr,naive,durbin,0.003774,1.017,valid,4,LARGE,DOUBLE
noarr,naive,durbin,1,0.003777,4,LARGE,DOUBLE
noarr,naive,durbin,2,0.003777,4,LARGE,DOUBLE
noarr,naive,durbin,3,0.003780,4,LARGE,DOUBLE
noarr,naive,durbin,4,0.003777,4,LARGE,DOUBLE
noarr,naive,durbin,5,0.003777,4,LARGE,DOUBLE
noarr,naive,fdtd-2d,2.064577,0.844,valid,4,LARGE,DOUBLE
noarr,naive,fdtd-2d,1,2.069773,4,LARGE,DOUBLE
noarr,naive,fdtd-2d,2,2.067453,4,LARGE,DOUBLE
noarr,naive,fdtd-2d,3,2.057520,4,LARGE,DOUBLE
noarr,naive,fdtd-2d,4,2.077224,4,LARGE,DOUBLE
noarr,naive,fdtd-2d,5,2.071087,4,LARGE,DOUBLE
noarr,naive,floyd-warshall,15.775781,1.426,valid,4,LARGE,DOUBLE
noarr,naive,floyd-warshall,1,15.808526,4,LARGE,DOUBLE
noarr,naive,floyd-warshall,2,15.885894,4,LARGE,DOUBLE
noarr,naive,floyd-warshall,3,15.886706,4,LARGE,DOUBLE
noarr,naive,floyd-warshall,4,15.783501,4,LARGE,DOUBLE
noarr,naive,floyd-warshall,5,15.772224,4,LARGE,DOUBLE
noarr,naive,gemm,0.516874,0.872,valid,4,LARGE,DOUBLE
noarr,naive,gemm,1,0.517913,4,LARGE,DOUBLE
noarr,naive,gemm,2,0.519919,4,LARGE,DOUBLE
noarr,naive,gemm,3,0.519763,4,LARGE,DOUBLE
noarr,naive,gemm,4,0.519587,4,LARGE,DOUBLE
noarr,naive,gemm,5,0.519914,4,LARGE,DOUBLE
noarr,naive,gemver,0.011945,1.474,valid,4,LARGE,DOUBLE
noarr,naive,gemver,1,0.011729,4,LARGE,DOUBLE
noarr,naive,gemver,2,0.011752,4,LARGE,DOUBLE
noarr,naive,gemver,3,0.011215,4,LARGE,DOUBLE
noarr,naive,gemver,4,0.011340,4,LARGE,DOUBLE
noarr,naive,gemver,5,0.011254,4,LARGE,DOUBLE
noarr,naive,gesummv,0.002697,2.312,valid,4,LARGE,DOUBLE
noarr,naive,gesummv,1,0.002739,4,LARGE,DOUBLE
noarr,naive,gesummv,2,0.002666,4,LARGE,DOUBLE
noarr,naive,gesummv,3,0.002609,4,LARGE,DOUBLE
noarr,naive,gesummv,4,0.002820,4,LARGE,DOUBLE
noarr,naive,gesummv,5,0.002752,4,LARGE,DOUBLE
noarr,naive,gramschmidt,1.368244,,validity_error,4,LARGE,DOUBLE
noarr,naive,heat-3d,2.182770,0.882,valid,4,LARGE,DOUBLE
noarr,naive,heat-3d,1,2.178640,4,LARGE,DOUBLE
noarr,naive,heat-3d,2,2.196739,4,LARGE,DOUBLE
noarr,naive,heat-3d,3,2.180310,4,LARGE,DOUBLE
noarr,naive,heat-3d,4,2.210829,4,LARGE,DOUBLE
noarr,naive,heat-3d,5,2.206915,4,LARGE,DOUBLE
noarr,naive,jacobi-1d,0.001741,0.540,valid,4,LARGE,DOUBLE
noarr,naive,jacobi-1d,1,0.001734,4,LARGE,DOUBLE
noarr,naive,jacobi-1d,2,0.001762,4,LARGE,DOUBLE
noarr,naive,jacobi-1d,3,0.001742,4,LARGE,DOUBLE
noarr,naive,jacobi-1d,4,0.001799,4,LARGE,DOUBLE
noarr,naive,jacobi-1d,5,0.001742,4,LARGE,DOUBLE
noarr,naive,jacobi-2d,,,compile_error,4,LARGE,DOUBLE
noarr,naive,lu,4.417501,0.999,valid,4,LARGE,DOUBLE
noarr,naive,lu,1,4.363729,4,LARGE,DOUBLE
noarr,naive,lu,2,4.366899,4,LARGE,DOUBLE
noarr,naive,lu,3,4.363642,4,LARGE,DOUBLE
noarr,naive,lu,4,4.425479,4,LARGE,DOUBLE
noarr,naive,lu,5,4.413236,4,LARGE,DOUBLE
noarr,naive,ludcmp,4.443425,0.989,valid,4,LARGE,DOUBLE
noarr,naive,ludcmp,1,4.409110,4,LARGE,DOUBLE
noarr,naive,ludcmp,2,4.370642,4,LARGE,DOUBLE
noarr,naive,ludcmp,3,4.367872,4,LARGE,DOUBLE
noarr,naive,ludcmp,4,4.372301,4,LARGE,DOUBLE
noarr,naive,ludcmp,5,4.362268,4,LARGE,DOUBLE
noarr,naive,mvt,0.008307,1.770,valid,4,LARGE,DOUBLE
noarr,naive,mvt,1,0.008279,4,LARGE,DOUBLE
noarr,naive,mvt,2,0.008171,4,LARGE,DOUBLE
noarr,naive,mvt,3,0.008192,4,LARGE,DOUBLE
noarr,naive,mvt,4,0.008247,4,LARGE,DOUBLE
noarr,naive,mvt,5,0.008272,4,LARGE,DOUBLE
noarr,naive,nussinov,,,compile_error,4,LARGE,DOUBLE
noarr,naive,seidel-2d,27.278754,0.996,valid,4,LARGE,DOUBLE
noarr,naive,seidel-2d,1,27.278451,4,LARGE,DOUBLE
noarr,naive,seidel-2d,2,27.276383,4,LARGE,DOUBLE
noarr,naive,seidel-2d,3,27.277148,4,LARGE,DOUBLE
noarr,naive,seidel-2d,4,27.276943,4,LARGE,DOUBLE
noarr,naive,seidel-2d,5,27.278478,4,LARGE,DOUBLE
noarr,naive,symm,0.531071,2.958,valid,4,LARGE,DOUBLE
noarr,naive,symm,1,0.516463,4,LARGE,DOUBLE
noarr,naive,symm,2,0.534314,4,LARGE,DOUBLE
noarr,naive,symm,3,0.534307,4,LARGE,DOUBLE
noarr,naive,symm,4,0.522317,4,LARGE,DOUBLE
noarr,naive,symm,5,0.531275,4,LARGE,DOUBLE
noarr,naive,syr2k,1.674227,0.792,valid,4,LARGE,DOUBLE
noarr,naive,syr2k,1,1.673651,4,LARGE,DOUBLE
noarr,naive,syr2k,2,1.674911,4,LARGE,DOUBLE
noarr,naive,syr2k,3,1.673320,4,LARGE,DOUBLE
noarr,naive,syr2k,4,1.675053,4,LARGE,DOUBLE
noarr,naive,syr2k,5,1.674901,4,LARGE,DOUBLE
noarr,naive,syrk,0.662001,0.994,valid,4,LARGE,DOUBLE
noarr,naive,syrk,1,0.659724,4,LARGE,DOUBLE
noarr,naive,syrk,2,0.659512,4,LARGE,DOUBLE
noarr,naive,syrk,3,0.660173,4,LARGE,DOUBLE
noarr,naive,syrk,4,0.660189,4,LARGE,DOUBLE
noarr,naive,syrk,5,0.660242,4,LARGE,DOUBLE
noarr,naive,trisolv,0.003132,1.000,valid,4,LARGE,DOUBLE
noarr,naive,trisolv,1,0.003112,4,LARGE,DOUBLE
noarr,naive,trisolv,2,0.003140,4,LARGE,DOUBLE
noarr,naive,trisolv,3,0.003102,4,LARGE,DOUBLE
noarr,naive,trisolv,4,0.003121,4,LARGE,DOUBLE
noarr,naive,trisolv,5,0.003109,4,LARGE,DOUBLE
noarr,naive,trmm,0.980232,1.008,valid,4,LARGE,DOUBLE
noarr,naive,trmm,1,0.969576,4,LARGE,DOUBLE
noarr,naive,trmm,2,0.980118,4,LARGE,DOUBLE
noarr,naive,trmm,3,0.969682,4,LARGE,DOUBLE
noarr,naive,trmm,4,0.979911,4,LARGE,DOUBLE
noarr,naive,trmm,5,0.979727,4,LARGE,DOUBLE
-- The CXX compiler identification is GNU 15.2.0
-- Detecting CXX compiler ABI info
-- Detecting CXX compiler ABI info - done
-- Check for working CXX compiler: /usr/local/latestgcc/bin/g++ - skipped
-- Detecting CXX compile features
-- Detecting CXX compile features - done
-- Using NOARR_STRUCTURES_DIR from environment: /home/kleplj/naive/submodules/noarr-structures
-- Configuring done (0.5s)
-- Generating done (0.8s)
-- Build files have been written to: /home/kleplj/naive/optimization/naive/PolybenchC-Noarr/build
[  3%] Building CXX object CMakeFiles/correlation.dir/datamining/correlation/correlation.cpp.o
[  5%] Building CXX object CMakeFiles/gemm.dir/linear-algebra/blas/gemm/gemm.cpp.o
[ 15%] Building CXX object CMakeFiles/covariance.dir/datamining/covariance/covariance.cpp.o
[ 15%] Building CXX object CMakeFiles/syr2k.dir/linear-algebra/blas/syr2k/syr2k.cpp.o
[ 15%] Building CXX object CMakeFiles/gemver.dir/linear-algebra/blas/gemver/gemver.cpp.o
[ 15%] Building CXX object CMakeFiles/syrk.dir/linear-algebra/blas/syrk/syrk.cpp.o
[ 15%] Building CXX object CMakeFiles/gesummv.dir/linear-algebra/blas/gesummv/gesummv.cpp.o
[ 28%] Building CXX object CMakeFiles/atax.dir/linear-algebra/kernels/atax/atax.cpp.o
[ 28%] Building CXX object CMakeFiles/bicg.dir/linear-algebra/kernels/bicg/bicg.cpp.o
[ 50%] Building CXX object CMakeFiles/cholesky.dir/linear-algebra/solvers/cholesky/cholesky.cpp.o
[ 50%] Building CXX object CMakeFiles/ludcmp.dir/linear-algebra/solvers/ludcmp/ludcmp.cpp.o
[ 50%] Building CXX object CMakeFiles/mvt.dir/linear-algebra/kernels/mvt/mvt.cpp.o
[ 50%] Building CXX object CMakeFiles/symm.dir/linear-algebra/blas/symm/symm.cpp.o
[ 50%] Building CXX object CMakeFiles/doitgen.dir/linear-algebra/kernels/doitgen/doitgen.cpp.o
[ 50%] Building CXX object CMakeFiles/lu.dir/linear-algebra/solvers/lu/lu.cpp.o
[ 50%] Building CXX object CMakeFiles/trmm.dir/linear-algebra/blas/trmm/trmm.cpp.o
[ 50%] Building CXX object CMakeFiles/trisolv.dir/linear-algebra/solvers/trisolv/trisolv.cpp.o
[ 50%] Building CXX object CMakeFiles/2mm.dir/linear-algebra/kernels/2mm/2mm.cpp.o
[ 50%] Building CXX object CMakeFiles/nussinov.dir/medley/nussinov/nussinov.cpp.o
[ 50%] Building CXX object CMakeFiles/fdtd-2d.dir/stencils/fdtd-2d/fdtd-2d.cpp.o
[ 50%] Building CXX object CMakeFiles/3mm.dir/linear-algebra/kernels/3mm/3mm.cpp.o
[ 50%] Building CXX object CMakeFiles/adi.dir/stencils/adi/adi.cpp.o
[ 50%] Building CXX object CMakeFiles/deriche.dir/medley/deriche/deriche.cpp.o
[ 50%] Building CXX object CMakeFiles/jacobi-1d.dir/stencils/jacobi-1d/jacobi-1d.cpp.o
[ 50%] Building CXX object CMakeFiles/durbin.dir/linear-algebra/solvers/durbin/durbin.cpp.o
[ 50%] Building CXX object CMakeFiles/heat-3d.dir/stencils/heat-3d/heat-3d.cpp.o
[ 50%] Building CXX object CMakeFiles/seidel-2d.dir/stencils/seidel-2d/seidel-2d.cpp.o
[ 50%] Building CXX object CMakeFiles/jacobi-2d.dir/stencils/jacobi-2d/jacobi-2d.cpp.o
[ 50%] Building CXX object CMakeFiles/gramschmidt.dir/linear-algebra/solvers/gramschmidt/gramschmidt.cpp.o
[ 50%] Building CXX object CMakeFiles/floyd-warshall.dir/medley/floyd-warshall/floyd-warshall.cpp.o
[ 53%] Linking CXX executable nussinov
[ 53%] Linking CXX executable cholesky
[ 55%] Linking CXX executable jacobi-1d
[ 56%] Linking CXX executable durbin
[ 58%] Linking CXX executable seidel-2d
[ 58%] Built target jacobi-1d
[ 60%] Linking CXX executable gesummv
[ 61%] Linking CXX executable floyd-warshall
[ 61%] Built target durbin
[ 63%] Linking CXX executable trisolv
[ 63%] Built target seidel-2d
[ 63%] Built target gesummv
[ 65%] Linking CXX executable bicg
[ 65%] Built target floyd-warshall
[ 65%] Built target trisolv
[ 66%] Linking CXX executable adi
[ 68%] Linking CXX executable atax
[ 68%] Built target bicg
[ 70%] Linking CXX executable trmm
[ 70%] Built target adi
[ 70%] Built target atax
[ 71%] Linking CXX executable syrk
[ 73%] Linking CXX executable deriche
[ 75%] Linking CXX executable mvt
[ 76%] Built target trmm
[ 76%] Linking CXX executable symm
[ 78%] Linking CXX executable gemver
[ 78%] Built target syrk
[ 78%] Built target deriche
[ 80%] Linking CXX executable jacobi-2d
[ 80%] Built target symm
[ 80%] Built target mvt
[ 80%] Built target gemver
[ 81%] Linking CXX executable doitgen
[ 83%] Linking CXX executable gemm
[ 83%] Built target jacobi-2d
[ 85%] Linking CXX executable syr2k
[ 86%] Linking CXX executable gramschmidt
[ 86%] Built target doitgen
[ 86%] Built target gemm
[ 88%] Linking CXX executable ludcmp
[ 88%] Built target syr2k
[ 88%] Built target gramschmidt
[ 88%] Built target ludcmp
[ 90%] Linking CXX executable covariance
[ 90%] Built target covariance
[ 91%] Linking CXX executable correlation
[ 91%] Built target correlation
[ 93%] Linking CXX executable 2mm
[ 93%] Built target 2mm
[ 95%] Linking CXX executable 3mm
[ 95%] Built target 3mm
noarr,naive,2mm,0.658804,3.936,valid,5,LARGE,DOUBLE
noarr,naive,2mm,1,0.679914,5,LARGE,DOUBLE
noarr,naive,2mm,2,0.678704,5,LARGE,DOUBLE
noarr,naive,2mm,3,0.678258,5,LARGE,DOUBLE
noarr,naive,2mm,4,0.678825,5,LARGE,DOUBLE
noarr,naive,2mm,5,0.678985,5,LARGE,DOUBLE
noarr,naive,3mm,1.062800,3.678,valid,5,LARGE,DOUBLE
noarr,naive,3mm,1,1.070406,5,LARGE,DOUBLE
noarr,naive,3mm,2,1.070480,5,LARGE,DOUBLE
noarr,naive,3mm,3,1.070121,5,LARGE,DOUBLE
noarr,naive,3mm,4,1.071309,5,LARGE,DOUBLE
noarr,naive,3mm,5,1.071991,5,LARGE,DOUBLE
noarr,naive,adi,11.249481,0.922,valid,5,LARGE,DOUBLE
noarr,naive,adi,1,11.173455,5,LARGE,DOUBLE
noarr,naive,adi,2,11.166515,5,LARGE,DOUBLE
noarr,naive,adi,3,11.170230,5,LARGE,DOUBLE
noarr,naive,adi,4,11.155948,5,LARGE,DOUBLE
noarr,naive,adi,5,11.199086,5,LARGE,DOUBLE
noarr,naive,atax,0.008384,1.022,valid,5,LARGE,DOUBLE
noarr,naive,atax,1,0.008363,5,LARGE,DOUBLE
noarr,naive,atax,2,0.008302,5,LARGE,DOUBLE
noarr,naive,atax,3,0.008357,5,LARGE,DOUBLE
noarr,naive,atax,4,0.008222,5,LARGE,DOUBLE
noarr,naive,atax,5,0.008264,5,LARGE,DOUBLE
noarr,naive,bicg,0.006988,2.097,valid,5,LARGE,DOUBLE
noarr,naive,bicg,1,0.006787,5,LARGE,DOUBLE
noarr,naive,bicg,2,0.006869,5,LARGE,DOUBLE
noarr,naive,bicg,3,0.006788,5,LARGE,DOUBLE
noarr,naive,bicg,4,0.006823,5,LARGE,DOUBLE
noarr,naive,bicg,5,0.006885,5,LARGE,DOUBLE
noarr,naive,cholesky,,,compile_error,5,LARGE,DOUBLE
noarr,naive,correlation,1.693204,1.001,valid,5,LARGE,DOUBLE
noarr,naive,correlation,1,1.687624,5,LARGE,DOUBLE
noarr,naive,correlation,2,1.687343,5,LARGE,DOUBLE
noarr,naive,correlation,3,1.686887,5,LARGE,DOUBLE
noarr,naive,correlation,4,1.686912,5,LARGE,DOUBLE
noarr,naive,correlation,5,1.686538,5,LARGE,DOUBLE
noarr,naive,covariance,0.436688,3.881,valid,5,LARGE,DOUBLE
noarr,naive,covariance,1,0.438165,5,LARGE,DOUBLE
noarr,naive,covariance,2,0.439605,5,LARGE,DOUBLE
noarr,naive,covariance,3,0.439368,5,LARGE,DOUBLE
noarr,naive,covariance,4,0.439351,5,LARGE,DOUBLE
noarr,naive,covariance,5,0.439637,5,LARGE,DOUBLE
noarr,naive,deriche,0.131147,1.713,valid,5,LARGE,DOUBLE
noarr,naive,deriche,1,0.132689,5,LARGE,DOUBLE
noarr,naive,deriche,2,0.131272,5,LARGE,DOUBLE
noarr,naive,deriche,3,0.131797,5,LARGE,DOUBLE
noarr,naive,deriche,4,0.132346,5,LARGE,DOUBLE
noarr,naive,deriche,5,0.131506,5,LARGE,DOUBLE
noarr,naive,doitgen,0.193869,3.839,valid,5,LARGE,DOUBLE
noarr,naive,doitgen,1,0.198806,5,LARGE,DOUBLE
noarr,naive,doitgen,2,0.193781,5,LARGE,DOUBLE
noarr,naive,doitgen,3,0.193816,5,LARGE,DOUBLE
noarr,naive,doitgen,4,0.193666,5,LARGE,DOUBLE
noarr,naive,doitgen,5,0.193704,5,LARGE,DOUBLE
noarr,naive,durbin,0.003783,1.008,valid,5,LARGE,DOUBLE
noarr,naive,durbin,1,0.003780,5,LARGE,DOUBLE
noarr,naive,durbin,2,0.003785,5,LARGE,DOUBLE
noarr,naive,durbin,3,0.003784,5,LARGE,DOUBLE
noarr,naive,durbin,4,0.003826,5,LARGE,DOUBLE
noarr,naive,durbin,5,0.003783,5,LARGE,DOUBLE
noarr,naive,fdtd-2d,,,compile_error,5,LARGE,DOUBLE
noarr,naive,floyd-warshall,15.805684,1.430,valid,5,LARGE,DOUBLE
noarr,naive,floyd-warshall,1,15.885528,5,LARGE,DOUBLE
noarr,naive,floyd-warshall,2,15.704616,5,LARGE,DOUBLE
noarr,naive,floyd-warshall,3,15.698306,5,LARGE,DOUBLE
noarr,naive,floyd-warshall,4,15.968969,5,LARGE,DOUBLE
noarr,naive,floyd-warshall,5,15.946189,5,LARGE,DOUBLE
noarr,naive,gemm,0.523201,0.852,valid,5,LARGE,DOUBLE
noarr,naive,gemm,1,0.517950,5,LARGE,DOUBLE
noarr,naive,gemm,2,0.521108,5,LARGE,DOUBLE
noarr,naive,gemm,3,0.521601,5,LARGE,DOUBLE
noarr,naive,gemm,4,0.521690,5,LARGE,DOUBLE
noarr,naive,gemm,5,0.521215,5,LARGE,DOUBLE
noarr,naive,gemver,0.011790,1.500,valid,5,LARGE,DOUBLE
noarr,naive,gemver,1,0.011552,5,LARGE,DOUBLE
noarr,naive,gemver,2,0.011641,5,LARGE,DOUBLE
noarr,naive,gemver,3,0.011419,5,LARGE,DOUBLE
noarr,naive,gemver,4,0.011525,5,LARGE,DOUBLE
noarr,naive,gemver,5,0.011600,5,LARGE,DOUBLE
noarr,naive,gesummv,0.002780,2.239,valid,5,LARGE,DOUBLE
noarr,naive,gesummv,1,0.002749,5,LARGE,DOUBLE
noarr,naive,gesummv,2,0.002702,5,LARGE,DOUBLE
noarr,naive,gesummv,3,0.002749,5,LARGE,DOUBLE
noarr,naive,gesummv,4,0.002665,5,LARGE,DOUBLE
noarr,naive,gesummv,5,0.002644,5,LARGE,DOUBLE
noarr,naive,gramschmidt,1.369263,,validity_error,5,LARGE,DOUBLE
noarr,naive,heat-3d,,,compile_error,5,LARGE,DOUBLE
noarr,naive,jacobi-1d,0.001626,0.576,valid,5,LARGE,DOUBLE
noarr,naive,jacobi-1d,1,0.001625,5,LARGE,DOUBLE
noarr,naive,jacobi-1d,2,0.001628,5,LARGE,DOUBLE
noarr,naive,jacobi-1d,3,0.001629,5,LARGE,DOUBLE
noarr,naive,jacobi-1d,4,0.001741,5,LARGE,DOUBLE
noarr,naive,jacobi-1d,5,0.001645,5,LARGE,DOUBLE
noarr,naive,jacobi-2d,10.555131,0.156,valid,5,LARGE,DOUBLE
noarr,naive,jacobi-2d,1,10.634154,5,LARGE,DOUBLE
noarr,naive,jacobi-2d,2,10.538007,5,LARGE,DOUBLE
noarr,naive,jacobi-2d,3,10.571244,5,LARGE,DOUBLE
noarr,naive,jacobi-2d,4,10.436022,5,LARGE,DOUBLE
noarr,naive,jacobi-2d,5,10.487027,5,LARGE,DOUBLE
noarr,naive,lu,,,compile_error,5,LARGE,DOUBLE
noarr,naive,ludcmp,4.394047,0.992,valid,5,LARGE,DOUBLE
noarr,naive,ludcmp,1,4.435087,5,LARGE,DOUBLE
noarr,naive,ludcmp,2,4.361018,5,LARGE,DOUBLE
noarr,naive,ludcmp,3,4.424680,5,LARGE,DOUBLE
noarr,naive,ludcmp,4,4.361296,5,LARGE,DOUBLE
noarr,naive,ludcmp,5,4.364437,5,LARGE,DOUBLE
noarr,naive,mvt,0.006920,2.103,valid,5,LARGE,DOUBLE
noarr,naive,mvt,1,0.006843,5,LARGE,DOUBLE
noarr,naive,mvt,2,0.006884,5,LARGE,DOUBLE
noarr,naive,mvt,3,0.006833,5,LARGE,DOUBLE
noarr,naive,mvt,4,0.006931,5,LARGE,DOUBLE
noarr,naive,mvt,5,0.006923,5,LARGE,DOUBLE
noarr,naive,nussinov,,,compile_error,5,LARGE,DOUBLE
noarr,naive,seidel-2d,20.024909,1.357,valid,5,LARGE,DOUBLE
noarr,naive,seidel-2d,1,20.021889,5,LARGE,DOUBLE
noarr,naive,seidel-2d,2,20.027207,5,LARGE,DOUBLE
noarr,naive,seidel-2d,3,20.024910,5,LARGE,DOUBLE
noarr,naive,seidel-2d,4,20.024419,5,LARGE,DOUBLE
noarr,naive,seidel-2d,5,20.022098,5,LARGE,DOUBLE
noarr,naive,symm,1.572137,1.009,valid,5,LARGE,DOUBLE
noarr,naive,symm,1,1.567719,5,LARGE,DOUBLE
noarr,naive,symm,2,1.547866,5,LARGE,DOUBLE
noarr,naive,symm,3,1.550374,5,LARGE,DOUBLE
noarr,naive,symm,4,1.548507,5,LARGE,DOUBLE
noarr,naive,symm,5,1.551149,5,LARGE,DOUBLE
noarr,naive,syr2k,1.686700,0.783,valid,5,LARGE,DOUBLE
noarr,naive,syr2k,1,1.680251,5,LARGE,DOUBLE
noarr,naive,syr2k,2,1.679412,5,LARGE,DOUBLE
noarr,naive,syr2k,3,1.679183,5,LARGE,DOUBLE
noarr,naive,syr2k,4,1.690116,5,LARGE,DOUBLE
noarr,naive,syr2k,5,1.690058,5,LARGE,DOUBLE
noarr,naive,syrk,0.662566,0.996,valid,5,LARGE,DOUBLE
noarr,naive,syrk,1,0.663561,5,LARGE,DOUBLE
noarr,naive,syrk,2,0.662108,5,LARGE,DOUBLE
noarr,naive,syrk,3,0.662412,5,LARGE,DOUBLE
noarr,naive,syrk,4,0.661716,5,LARGE,DOUBLE
noarr,naive,syrk,5,0.661649,5,LARGE,DOUBLE
noarr,naive,trisolv,0.003125,0.992,valid,5,LARGE,DOUBLE
noarr,naive,trisolv,1,0.003117,5,LARGE,DOUBLE
noarr,naive,trisolv,2,0.003102,5,LARGE,DOUBLE
noarr,naive,trisolv,3,0.003123,5,LARGE,DOUBLE
noarr,naive,trisolv,4,0.003183,5,LARGE,DOUBLE
noarr,naive,trisolv,5,0.003130,5,LARGE,DOUBLE
noarr,naive,trmm,0.237641,4.174,valid,5,LARGE,DOUBLE
noarr,naive,trmm,1,0.236131,5,LARGE,DOUBLE
noarr,naive,trmm,2,0.236956,5,LARGE,DOUBLE
noarr,naive,trmm,3,0.242450,5,LARGE,DOUBLE
noarr,naive,trmm,4,0.236901,5,LARGE,DOUBLE
noarr,naive,trmm,5,0.235854,5,LARGE,DOUBLE
-- The CXX compiler identification is GNU 15.2.0
-- Detecting CXX compiler ABI info
-- Detecting CXX compiler ABI info - done
-- Check for working CXX compiler: /usr/local/latestgcc/bin/g++ - skipped
-- Detecting CXX compile features
-- Detecting CXX compile features - done
-- Found Python: /home/kleplj/naive/gpt-querying/.venv/bin/python3.9 (found suitable version "3.9.25", minimum required is "3") found components: Interpreter Development.Module
-- Halide 'host' platform triple:   x86-64-linux
-- Halide 'cmake' platform triple:  x86-64-linux
-- Halide default AOT target:       host
-- Found ZLIB: /usr/lib64/libz.so (found version "1.2.11")
-- Could NOT find PNG (missing: PNG_LIBRARY PNG_PNG_INCLUDE_DIR) 
-- Could NOT find JPEG (missing: JPEG_LIBRARY JPEG_INCLUDE_DIR) 
-- Configuring done (0.8s)
-- Generating done (0.8s)
-- Build files have been written to: /home/kleplj/naive/optimization/naive/PolybenchC-Halide/build
[  8%] Building CXX object CMakeFiles/gemm.dir/linear-algebra/blas/gemm/gemm.cpp.o
[  8%] Building CXX object CMakeFiles/covariance.dir/datamining/covariance/covariance.cpp.o
[ 11%] Building CXX object CMakeFiles/correlation.dir/datamining/correlation/correlation.cpp.o
[ 11%] Building CXX object CMakeFiles/gemver.dir/linear-algebra/blas/gemver/gemver.cpp.o
[ 16%] Building CXX object CMakeFiles/gesummv.dir/linear-algebra/blas/gesummv/gesummv.cpp.o
[ 16%] Building CXX object CMakeFiles/trmm.dir/linear-algebra/blas/trmm/trmm.cpp.o
[ 16%] Building CXX object CMakeFiles/symm.dir/linear-algebra/blas/symm/symm.cpp.o
[ 16%] Building CXX object CMakeFiles/syr2k.dir/linear-algebra/blas/syr2k/syr2k.cpp.o
[ 25%] Building CXX object CMakeFiles/doitgen.dir/linear-algebra/kernels/doitgen/doitgen.cpp.o
[ 25%] Building CXX object CMakeFiles/2mm.dir/linear-algebra/kernels/2mm/2mm.cpp.o
[ 25%] Building CXX object CMakeFiles/syrk.dir/linear-algebra/blas/syrk/syrk.cpp.o
[ 25%] Building CXX object CMakeFiles/bicg.dir/linear-algebra/kernels/bicg/bicg.cpp.o
[ 25%] Building CXX object CMakeFiles/atax.dir/linear-algebra/kernels/atax/atax.cpp.o
[ 41%] Building CXX object CMakeFiles/trisolv.dir/linear-algebra/solvers/trisolv/trisolv.cpp.o
[ 41%] Building CXX object CMakeFiles/gramschmidt.dir/linear-algebra/solvers/gramschmidt/gramschmidt.cpp.o
[ 50%] Building CXX object CMakeFiles/mvt.dir/linear-algebra/kernels/mvt/mvt.cpp.o
[ 50%] Building CXX object CMakeFiles/3mm.dir/linear-algebra/kernels/3mm/3mm.cpp.o
[ 50%] Building CXX object CMakeFiles/lu.dir/linear-algebra/solvers/lu/lu.cpp.o
[ 50%] Building CXX object CMakeFiles/floyd-warshall.dir/medley/floyd-warshall/floyd-warshall.cpp.o
[ 50%] Building CXX object CMakeFiles/durbin.dir/linear-algebra/solvers/durbin/durbin.cpp.o
[ 50%] Building CXX object CMakeFiles/cholesky.dir/linear-algebra/solvers/cholesky/cholesky.cpp.o
[ 50%] Building CXX object CMakeFiles/ludcmp.dir/linear-algebra/solvers/ludcmp/ludcmp.cpp.o
[ 50%] Building CXX object CMakeFiles/deriche.dir/medley/deriche/deriche.cpp.o
[ 50%] Building CXX object CMakeFiles/adi.dir/stencils/adi/adi.cpp.o
[ 50%] Building CXX object CMakeFiles/jacobi-1d.dir/stencils/jacobi-1d/jacobi-1d.cpp.o
[ 50%] Building CXX object CMakeFiles/nussinov.dir/medley/nussinov/nussinov.cpp.o
[ 50%] Building CXX object CMakeFiles/heat-3d.dir/stencils/heat-3d/heat-3d.cpp.o
[ 50%] Building CXX object CMakeFiles/fdtd-2d.dir/stencils/fdtd-2d/fdtd-2d.cpp.o
[ 50%] Building CXX object CMakeFiles/jacobi-2d.dir/stencils/jacobi-2d/jacobi-2d.cpp.o
[ 50%] Building CXX object CMakeFiles/seidel-2d.dir/stencils/seidel-2d/seidel-2d.cpp.o
[ 51%] Linking CXX executable gemver
[ 53%] Linking CXX executable gramschmidt
[ 55%] Linking CXX executable cholesky
[ 56%] Linking CXX executable floyd-warshall
[ 58%] Linking CXX executable syrk
[ 58%] Built target cholesky
[ 60%] Linking CXX executable jacobi-1d
[ 61%] Linking CXX executable covariance
[ 61%] Built target floyd-warshall
[ 61%] Built target syrk
[ 65%] Linking CXX executable syr2k
[ 65%] Linking CXX executable symm
[ 65%] Built target jacobi-1d
[ 66%] Linking CXX executable correlation
[ 68%] Built target covariance
[ 68%] Linking CXX executable jacobi-2d
[ 68%] Built target symm
[ 68%] Built target syr2k
[ 70%] Linking CXX executable durbin
[ 70%] Built target correlation
[ 70%] Built target jacobi-2d
[ 71%] Linking CXX executable 2mm
[ 75%] Linking CXX executable seidel-2d
[ 75%] Linking CXX executable doitgen
[ 75%] Built target durbin
[ 76%] Linking CXX executable heat-3d
[ 76%] Built target 2mm
[ 76%] Built target seidel-2d
[ 76%] Built target doitgen
[ 76%] Built target heat-3d
[ 78%] Linking CXX executable bicg
[ 78%] Built target bicg
[ 80%] Linking CXX executable mvt
[ 80%] Built target mvt
[ 81%] Linking CXX executable atax
[ 81%] Built target atax
[ 83%] Linking CXX executable ludcmp
[ 83%] Built target ludcmp
[ 85%] Linking CXX executable fdtd-2d
[ 85%] Built target fdtd-2d
halide,naive,2mm,,,runtime_error,1,LARGE,DOUBLE
halide,naive,3mm,,,compile_error,1,LARGE,DOUBLE
halide,naive,adi,,,compile_error,1,LARGE,DOUBLE
halide,naive,atax,,,runtime_error,1,LARGE,DOUBLE
halide,naive,bicg,,,runtime_error,1,LARGE,DOUBLE
halide,naive,cholesky,1.894138,1.004,valid,1,LARGE,DOUBLE
halide,naive,cholesky,1,1.897272,1,LARGE,DOUBLE
halide,naive,cholesky,2,1.895290,1,LARGE,DOUBLE
halide,naive,cholesky,3,1.893719,1,LARGE,DOUBLE
halide,naive,cholesky,4,1.893537,1,LARGE,DOUBLE
halide,naive,cholesky,5,1.890899,1,LARGE,DOUBLE
halide,naive,correlation,0.045005,37.873,valid,1,LARGE,DOUBLE
halide,naive,correlation,1,0.041085,1,LARGE,DOUBLE
halide,naive,correlation,2,0.046893,1,LARGE,DOUBLE
halide,naive,correlation,3,0.040580,1,LARGE,DOUBLE
halide,naive,correlation,4,0.045698,1,LARGE,DOUBLE
halide,naive,correlation,5,0.046119,1,LARGE,DOUBLE
halide,naive,covariance,,,runtime_error,1,LARGE,DOUBLE
halide,naive,deriche,,,compile_error,1,LARGE,DOUBLE
halide,naive,doitgen,0.009942,74.934,valid,1,LARGE,DOUBLE
halide,naive,doitgen,1,0.009312,1,LARGE,DOUBLE
halide,naive,doitgen,2,0.009284,1,LARGE,DOUBLE
halide,naive,doitgen,3,0.009538,1,LARGE,DOUBLE
halide,naive,doitgen,4,0.009783,1,LARGE,DOUBLE
halide,naive,doitgen,5,0.009218,1,LARGE,DOUBLE
halide,naive,durbin,,,runtime_error,1,LARGE,DOUBLE
halide,naive,fdtd-2d,10.938059,0.159,valid,1,LARGE,DOUBLE
halide,naive,fdtd-2d,1,10.971990,1,LARGE,DOUBLE
halide,naive,fdtd-2d,2,10.675045,1,LARGE,DOUBLE
halide,naive,fdtd-2d,3,10.922249,1,LARGE,DOUBLE
halide,naive,fdtd-2d,4,11.025328,1,LARGE,DOUBLE
halide,naive,fdtd-2d,5,10.837141,1,LARGE,DOUBLE
halide,naive,floyd-warshall,9.327906,2.429,valid,1,LARGE,DOUBLE
halide,naive,floyd-warshall,1,9.969491,1,LARGE,DOUBLE
halide,naive,floyd-warshall,2,9.794000,1,LARGE,DOUBLE
halide,naive,floyd-warshall,3,9.765393,1,LARGE,DOUBLE
halide,naive,floyd-warshall,4,10.361409,1,LARGE,DOUBLE
halide,naive,floyd-warshall,5,9.881405,1,LARGE,DOUBLE
halide,naive,gemm,,,compile_error,1,LARGE,DOUBLE
halide,naive,gemver,,,compile_error,1,LARGE,DOUBLE
halide,naive,gesummv,,,compile_error,1,LARGE,DOUBLE
halide,naive,gramschmidt,,,compile_error,1,LARGE,DOUBLE
halide,naive,heat-3d,0.992313,1.952,valid,1,LARGE,DOUBLE
halide,naive,heat-3d,1,1.140264,1,LARGE,DOUBLE
halide,naive,heat-3d,2,1.149202,1,LARGE,DOUBLE
halide,naive,heat-3d,3,1.161692,1,LARGE,DOUBLE
halide,naive,heat-3d,4,1.102781,1,LARGE,DOUBLE
halide,naive,heat-3d,5,1.093104,1,LARGE,DOUBLE
halide,naive,jacobi-1d,0.013769,0.068,valid,1,LARGE,DOUBLE
halide,naive,jacobi-1d,1,0.014692,1,LARGE,DOUBLE
halide,naive,jacobi-1d,2,0.014712,1,LARGE,DOUBLE
halide,naive,jacobi-1d,3,0.010080,1,LARGE,DOUBLE
halide,naive,jacobi-1d,4,0.014981,1,LARGE,DOUBLE
halide,naive,jacobi-1d,5,0.015285,1,LARGE,DOUBLE
halide,naive,jacobi-2d,0.519031,3.181,valid,1,LARGE,DOUBLE
halide,naive,jacobi-2d,1,0.532067,1,LARGE,DOUBLE
halide,naive,jacobi-2d,2,0.485914,1,LARGE,DOUBLE
halide,naive,jacobi-2d,3,0.503000,1,LARGE,DOUBLE
halide,naive,jacobi-2d,4,0.514936,1,LARGE,DOUBLE
halide,naive,jacobi-2d,5,0.516544,1,LARGE,DOUBLE
halide,naive,lu,,,compile_error,1,LARGE,DOUBLE
halide,naive,ludcmp,,,runtime_error,1,LARGE,DOUBLE
halide,naive,mvt,,,runtime_error,1,LARGE,DOUBLE
halide,naive,nussinov,,,compile_error,1,LARGE,DOUBLE
halide,naive,seidel-2d,0.987223,27.535,valid,1,LARGE,DOUBLE
halide,naive,seidel-2d,1,0.987151,1,LARGE,DOUBLE
halide,naive,seidel-2d,2,0.969760,1,LARGE,DOUBLE
halide,naive,seidel-2d,3,0.914487,1,LARGE,DOUBLE
halide,naive,seidel-2d,4,0.984043,1,LARGE,DOUBLE
halide,naive,seidel-2d,5,0.871547,1,LARGE,DOUBLE
halide,naive,symm,,,runtime_error,1,LARGE,DOUBLE
halide,naive,syr2k,,,runtime_error,1,LARGE,DOUBLE
halide,naive,syrk,0.025131,26.297,valid,1,LARGE,DOUBLE
halide,naive,syrk,1,0.026428,1,LARGE,DOUBLE
halide,naive,syrk,2,0.024845,1,LARGE,DOUBLE
halide,naive,syrk,3,0.023873,1,LARGE,DOUBLE
halide,naive,syrk,4,0.023936,1,LARGE,DOUBLE
halide,naive,syrk,5,0.023174,1,LARGE,DOUBLE
halide,naive,trisolv,,,compile_error,1,LARGE,DOUBLE
halide,naive,trmm,,,compile_error,1,LARGE,DOUBLE
-- The CXX compiler identification is GNU 15.2.0
-- Detecting CXX compiler ABI info
-- Detecting CXX compiler ABI info - done
-- Check for working CXX compiler: /usr/local/latestgcc/bin/g++ - skipped
-- Detecting CXX compile features
-- Detecting CXX compile features - done
-- Found Python: /home/kleplj/naive/gpt-querying/.venv/bin/python3.9 (found suitable version "3.9.25", minimum required is "3") found components: Interpreter Development.Module
-- Halide 'host' platform triple:   x86-64-linux
-- Halide 'cmake' platform triple:  x86-64-linux
-- Halide default AOT target:       host
-- Found ZLIB: /usr/lib64/libz.so (found version "1.2.11")
-- Could NOT find PNG (missing: PNG_LIBRARY PNG_PNG_INCLUDE_DIR) 
-- Could NOT find JPEG (missing: JPEG_LIBRARY JPEG_INCLUDE_DIR) 
-- Configuring done (0.8s)
-- Generating done (0.8s)
-- Build files have been written to: /home/kleplj/naive/optimization/naive/PolybenchC-Halide/build
[  8%] Building CXX object CMakeFiles/covariance.dir/datamining/covariance/covariance.cpp.o
[  8%] Building CXX object CMakeFiles/correlation.dir/datamining/correlation/correlation.cpp.o
[ 10%] Building CXX object CMakeFiles/gemver.dir/linear-algebra/blas/gemver/gemver.cpp.o
[ 10%] Building CXX object CMakeFiles/gesummv.dir/linear-algebra/blas/gesummv/gesummv.cpp.o
[ 10%] Building CXX object CMakeFiles/gemm.dir/linear-algebra/blas/gemm/gemm.cpp.o
[ 11%] Building CXX object CMakeFiles/symm.dir/linear-algebra/blas/symm/symm.cpp.o
[ 18%] Building CXX object CMakeFiles/syrk.dir/linear-algebra/blas/syrk/syrk.cpp.o
[ 18%] Building CXX object CMakeFiles/syr2k.dir/linear-algebra/blas/syr2k/syr2k.cpp.o
[ 28%] Building CXX object CMakeFiles/mvt.dir/linear-algebra/kernels/mvt/mvt.cpp.o
[ 28%] Building CXX object CMakeFiles/doitgen.dir/linear-algebra/kernels/doitgen/doitgen.cpp.o
[ 48%] Building CXX object CMakeFiles/cholesky.dir/linear-algebra/solvers/cholesky/cholesky.cpp.o
[ 48%] Building CXX object CMakeFiles/atax.dir/linear-algebra/kernels/atax/atax.cpp.o
[ 48%] Building CXX object CMakeFiles/2mm.dir/linear-algebra/kernels/2mm/2mm.cpp.o
[ 48%] Building CXX object CMakeFiles/trmm.dir/linear-algebra/blas/trmm/trmm.cpp.o
[ 48%] Building CXX object CMakeFiles/bicg.dir/linear-algebra/kernels/bicg/bicg.cpp.o
[ 50%] Building CXX object CMakeFiles/lu.dir/linear-algebra/solvers/lu/lu.cpp.o
[ 50%] Building CXX object CMakeFiles/floyd-warshall.dir/medley/floyd-warshall/floyd-warshall.cpp.o
[ 50%] Building CXX object CMakeFiles/trisolv.dir/linear-algebra/solvers/trisolv/trisolv.cpp.o
[ 50%] Building CXX object CMakeFiles/durbin.dir/linear-algebra/solvers/durbin/durbin.cpp.o
[ 50%] Building CXX object CMakeFiles/deriche.dir/medley/deriche/deriche.cpp.o
[ 50%] Building CXX object CMakeFiles/jacobi-1d.dir/stencils/jacobi-1d/jacobi-1d.cpp.o
[ 50%] Building CXX object CMakeFiles/nussinov.dir/medley/nussinov/nussinov.cpp.o
[ 50%] Building CXX object CMakeFiles/ludcmp.dir/linear-algebra/solvers/ludcmp/ludcmp.cpp.o
[ 50%] Building CXX object CMakeFiles/fdtd-2d.dir/stencils/fdtd-2d/fdtd-2d.cpp.o
[ 50%] Building CXX object CMakeFiles/3mm.dir/linear-algebra/kernels/3mm/3mm.cpp.o
[ 50%] Building CXX object CMakeFiles/adi.dir/stencils/adi/adi.cpp.o
[ 50%] Building CXX object CMakeFiles/heat-3d.dir/stencils/heat-3d/heat-3d.cpp.o
[ 50%] Building CXX object CMakeFiles/jacobi-2d.dir/stencils/jacobi-2d/jacobi-2d.cpp.o
[ 50%] Building CXX object CMakeFiles/gramschmidt.dir/linear-algebra/solvers/gramschmidt/gramschmidt.cpp.o
[ 50%] Building CXX object CMakeFiles/seidel-2d.dir/stencils/seidel-2d/seidel-2d.cpp.o
[ 51%] Linking CXX executable gemver
[ 53%] Linking CXX executable gramschmidt
[ 55%] Linking CXX executable floyd-warshall
[ 56%] Linking CXX executable syr2k
[ 58%] Linking CXX executable covariance
[ 60%] Linking CXX executable syrk
[ 61%] Linking CXX executable seidel-2d
[ 63%] Linking CXX executable symm
[ 63%] Built target floyd-warshall
[ 65%] Linking CXX executable gemm
[ 65%] Built target syr2k
[ 66%] Linking CXX executable correlation
[ 66%] Built target covariance
[ 66%] Built target syrk
[ 66%] Built target seidel-2d
[ 66%] Built target symm
[ 66%] Built target gemm
[ 68%] Linking CXX executable 3mm
[ 68%] Built target correlation
[ 70%] Linking CXX executable 2mm
[ 71%] Linking CXX executable heat-3d
[ 71%] Built target 3mm
[ 73%] Linking CXX executable gesummv
[ 73%] Built target 2mm
[ 76%] Linking CXX executable trisolv
[ 76%] Linking CXX executable doitgen
[ 78%] Linking CXX executable cholesky
[ 80%] Linking CXX executable atax
[ 81%] Linking CXX executable mvt
[ 81%] Built target heat-3d
[ 83%] Linking CXX executable adi
[ 83%] Built target gesummv
[ 83%] Built target trisolv
[ 83%] Built target doitgen
[ 83%] Built target cholesky
[ 83%] Built target atax
[ 85%] Built target mvt
[ 85%] Linking CXX executable lu
[ 85%] Built target adi
[ 86%] Linking CXX executable durbin
[ 86%] Built target lu
[ 86%] Built target durbin
[ 88%] Linking CXX executable bicg
[ 88%] Built target bicg
[ 90%] Linking CXX executable ludcmp
[ 90%] Built target ludcmp
halide,naive,2mm,,,runtime_error,2,LARGE,DOUBLE
halide,naive,3mm,,,runtime_error,2,LARGE,DOUBLE
halide,naive,adi,12.378401,0.839,valid,2,LARGE,DOUBLE
halide,naive,adi,1,12.290936,2,LARGE,DOUBLE
halide,naive,adi,2,12.353428,2,LARGE,DOUBLE
halide,naive,adi,3,12.335076,2,LARGE,DOUBLE
halide,naive,adi,4,12.347006,2,LARGE,DOUBLE
halide,naive,adi,5,12.382924,2,LARGE,DOUBLE
halide,naive,atax,0.112728,0.076,valid,2,LARGE,DOUBLE
halide,naive,atax,1,0.112610,2,LARGE,DOUBLE
halide,naive,atax,2,0.112152,2,LARGE,DOUBLE
halide,naive,atax,3,0.112464,2,LARGE,DOUBLE
halide,naive,atax,4,0.111850,2,LARGE,DOUBLE
halide,naive,atax,5,0.130888,2,LARGE,DOUBLE
halide,naive,bicg,,,runtime_error,2,LARGE,DOUBLE
halide,naive,cholesky,3.467966,,validity_error,2,LARGE,DOUBLE
halide,naive,correlation,0.101364,16.888,valid,2,LARGE,DOUBLE
halide,naive,correlation,1,0.101664,2,LARGE,DOUBLE
halide,naive,correlation,2,0.102416,2,LARGE,DOUBLE
halide,naive,correlation,3,0.100807,2,LARGE,DOUBLE
halide,naive,correlation,4,0.099526,2,LARGE,DOUBLE
halide,naive,correlation,5,0.100245,2,LARGE,DOUBLE
halide,naive,covariance,2.579459,,validity_error,2,LARGE,DOUBLE
halide,naive,deriche,,,compile_error,2,LARGE,DOUBLE
halide,naive,doitgen,0.109180,6.818,valid,2,LARGE,DOUBLE
halide,naive,doitgen,1,0.136138,2,LARGE,DOUBLE
halide,naive,doitgen,2,0.133870,2,LARGE,DOUBLE
halide,naive,doitgen,3,0.122171,2,LARGE,DOUBLE
halide,naive,doitgen,4,0.129789,2,LARGE,DOUBLE
halide,naive,doitgen,5,0.106576,2,LARGE,DOUBLE
halide,naive,durbin,,,runtime_error,2,LARGE,DOUBLE
halide,naive,fdtd-2d,,,compile_error,2,LARGE,DOUBLE
halide,naive,floyd-warshall,17.627755,1.281,valid,2,LARGE,DOUBLE
halide,naive,floyd-warshall,1,17.100988,2,LARGE,DOUBLE
halide,naive,floyd-warshall,2,13.605599,2,LARGE,DOUBLE
halide,naive,floyd-warshall,3,15.239252,2,LARGE,DOUBLE
halide,naive,floyd-warshall,4,17.400486,2,LARGE,DOUBLE
halide,naive,floyd-warshall,5,17.038249,2,LARGE,DOUBLE
halide,naive,gemm,,,runtime_error,2,LARGE,DOUBLE
halide,naive,gemver,,,compile_error,2,LARGE,DOUBLE
halide,naive,gesummv,,,runtime_error,2,LARGE,DOUBLE
halide,naive,gramschmidt,,,compile_error,2,LARGE,DOUBLE
halide,naive,heat-3d,1.095788,1.762,valid,2,LARGE,DOUBLE
halide,naive,heat-3d,1,1.127110,2,LARGE,DOUBLE
halide,naive,heat-3d,2,1.095793,2,LARGE,DOUBLE
halide,naive,heat-3d,3,1.103207,2,LARGE,DOUBLE
halide,naive,heat-3d,4,1.144697,2,LARGE,DOUBLE
halide,naive,heat-3d,5,1.098914,2,LARGE,DOUBLE
halide,naive,jacobi-1d,,,compile_error,2,LARGE,DOUBLE
halide,naive,jacobi-2d,,,compile_error,2,LARGE,DOUBLE
halide,naive,lu,,,runtime_error,2,LARGE,DOUBLE
halide,naive,ludcmp,,,runtime_error,2,LARGE,DOUBLE
halide,naive,mvt,0.012353,1.187,valid,2,LARGE,DOUBLE
halide,naive,mvt,1,0.012489,2,LARGE,DOUBLE
halide,naive,mvt,2,0.009190,2,LARGE,DOUBLE
halide,naive,mvt,3,0.008982,2,LARGE,DOUBLE
halide,naive,mvt,4,0.011575,2,LARGE,DOUBLE
halide,naive,mvt,5,0.009375,2,LARGE,DOUBLE
halide,naive,nussinov,,,compile_error,2,LARGE,DOUBLE
halide,naive,seidel-2d,0.821946,33.057,valid,2,LARGE,DOUBLE
halide,naive,seidel-2d,1,0.822925,2,LARGE,DOUBLE
halide,naive,seidel-2d,2,0.872053,2,LARGE,DOUBLE
halide,naive,seidel-2d,3,0.788372,2,LARGE,DOUBLE
halide,naive,seidel-2d,4,0.786253,2,LARGE,DOUBLE
halide,naive,seidel-2d,5,0.785399,2,LARGE,DOUBLE
halide,naive,symm,,,runtime_error,2,LARGE,DOUBLE
halide,naive,syr2k,0.042671,30.931,valid,2,LARGE,DOUBLE
halide,naive,syr2k,1,0.041573,2,LARGE,DOUBLE
halide,naive,syr2k,2,0.041964,2,LARGE,DOUBLE
halide,naive,syr2k,3,0.041288,2,LARGE,DOUBLE
halide,naive,syr2k,4,0.043611,2,LARGE,DOUBLE
halide,naive,syr2k,5,0.042932,2,LARGE,DOUBLE
halide,naive,syrk,0.016024,41.161,valid,2,LARGE,DOUBLE
halide,naive,syrk,1,0.016395,2,LARGE,DOUBLE
halide,naive,syrk,2,0.016869,2,LARGE,DOUBLE
halide,naive,syrk,3,0.016781,2,LARGE,DOUBLE
halide,naive,syrk,4,0.017271,2,LARGE,DOUBLE
halide,naive,syrk,5,0.016400,2,LARGE,DOUBLE
halide,naive,trisolv,,,runtime_error,2,LARGE,DOUBLE
halide,naive,trmm,,,compile_error,2,LARGE,DOUBLE
-- The CXX compiler identification is GNU 15.2.0
-- Detecting CXX compiler ABI info
-- Detecting CXX compiler ABI info - done
-- Check for working CXX compiler: /usr/local/latestgcc/bin/g++ - skipped
-- Detecting CXX compile features
-- Detecting CXX compile features - done
-- Found Python: /home/kleplj/naive/gpt-querying/.venv/bin/python3.9 (found suitable version "3.9.25", minimum required is "3") found components: Interpreter Development.Module
-- Halide 'host' platform triple:   x86-64-linux
-- Halide 'cmake' platform triple:  x86-64-linux
-- Halide default AOT target:       host
-- Found ZLIB: /usr/lib64/libz.so (found version "1.2.11")
-- Could NOT find PNG (missing: PNG_LIBRARY PNG_PNG_INCLUDE_DIR) 
-- Could NOT find JPEG (missing: JPEG_LIBRARY JPEG_INCLUDE_DIR) 
-- Configuring done (0.8s)
-- Generating done (0.8s)
-- Build files have been written to: /home/kleplj/naive/optimization/naive/PolybenchC-Halide/build
[  8%] Building CXX object CMakeFiles/covariance.dir/datamining/covariance/covariance.cpp.o
[  8%] Building CXX object CMakeFiles/gesummv.dir/linear-algebra/blas/gesummv/gesummv.cpp.o
[ 11%] Building CXX object CMakeFiles/gemm.dir/linear-algebra/blas/gemm/gemm.cpp.o
[ 11%] Building CXX object CMakeFiles/correlation.dir/datamining/correlation/correlation.cpp.o
[ 11%] Building CXX object CMakeFiles/symm.dir/linear-algebra/blas/symm/symm.cpp.o
[ 15%] Building CXX object CMakeFiles/2mm.dir/linear-algebra/kernels/2mm/2mm.cpp.o
[ 15%] Building CXX object CMakeFiles/gemver.dir/linear-algebra/blas/gemver/gemver.cpp.o
[ 26%] Building CXX object CMakeFiles/atax.dir/linear-algebra/kernels/atax/atax.cpp.o
[ 26%] Building CXX object CMakeFiles/bicg.dir/linear-algebra/kernels/bicg/bicg.cpp.o
[ 26%] Building CXX object CMakeFiles/3mm.dir/linear-algebra/kernels/3mm/3mm.cpp.o
[ 26%] Building CXX object CMakeFiles/doitgen.dir/linear-algebra/kernels/doitgen/doitgen.cpp.o
[ 26%] Building CXX object CMakeFiles/syrk.dir/linear-algebra/blas/syrk/syrk.cpp.o
[ 26%] Building CXX object CMakeFiles/trmm.dir/linear-algebra/blas/trmm/trmm.cpp.o
[ 26%] Building CXX object CMakeFiles/syr2k.dir/linear-algebra/blas/syr2k/syr2k.cpp.o
[ 46%] Building CXX object CMakeFiles/lu.dir/linear-algebra/solvers/lu/lu.cpp.o
[ 46%] Building CXX object CMakeFiles/mvt.dir/linear-algebra/kernels/mvt/mvt.cpp.o
[ 50%] Building CXX object CMakeFiles/ludcmp.dir/linear-algebra/solvers/ludcmp/ludcmp.cpp.o
[ 50%] Building CXX object CMakeFiles/cholesky.dir/linear-algebra/solvers/cholesky/cholesky.cpp.o
[ 50%] Building CXX object CMakeFiles/heat-3d.dir/stencils/heat-3d/heat-3d.cpp.o
[ 50%] Building CXX object CMakeFiles/durbin.dir/linear-algebra/solvers/durbin/durbin.cpp.o
[ 50%] Building CXX object CMakeFiles/adi.dir/stencils/adi/adi.cpp.o
[ 50%] Building CXX object CMakeFiles/deriche.dir/medley/deriche/deriche.cpp.o
[ 50%] Building CXX object CMakeFiles/trisolv.dir/linear-algebra/solvers/trisolv/trisolv.cpp.o
[ 50%] Building CXX object CMakeFiles/floyd-warshall.dir/medley/floyd-warshall/floyd-warshall.cpp.o
[ 50%] Building CXX object CMakeFiles/jacobi-2d.dir/stencils/jacobi-2d/jacobi-2d.cpp.o
[ 50%] Building CXX object CMakeFiles/gramschmidt.dir/linear-algebra/solvers/gramschmidt/gramschmidt.cpp.o
[ 50%] Building CXX object CMakeFiles/fdtd-2d.dir/stencils/fdtd-2d/fdtd-2d.cpp.o
[ 50%] Building CXX object CMakeFiles/nussinov.dir/medley/nussinov/nussinov.cpp.o
[ 50%] Building CXX object CMakeFiles/jacobi-1d.dir/stencils/jacobi-1d/jacobi-1d.cpp.o
[ 50%] Building CXX object CMakeFiles/seidel-2d.dir/stencils/seidel-2d/seidel-2d.cpp.o
[ 51%] Linking CXX executable gemver
[ 53%] Linking CXX executable gramschmidt
[ 55%] Linking CXX executable adi
[ 56%] Linking CXX executable cholesky
[ 56%] Built target adi
[ 58%] Linking CXX executable floyd-warshall
[ 58%] Built target cholesky
[ 58%] Built target floyd-warshall
[ 60%] Linking CXX executable jacobi-1d
[ 61%] Linking CXX executable jacobi-2d
[ 63%] Linking CXX executable symm
[ 63%] Built target jacobi-1d
[ 63%] Built target jacobi-2d
[ 65%] Linking CXX executable covariance
[ 65%] Built target symm
[ 66%] Linking CXX executable correlation
[ 68%] Linking CXX executable durbin
[ 70%] Linking CXX executable syr2k
[ 71%] Linking CXX executable 3mm
[ 71%] Built target covariance
[ 71%] Built target correlation
[ 71%] Built target durbin
[ 71%] Built target syr2k
[ 71%] Built target 3mm
[ 73%] Linking CXX executable mvt
[ 75%] Linking CXX executable atax
[ 76%] Linking CXX executable heat-3d
[ 78%] Linking CXX executable trisolv
[ 78%] Built target mvt
[ 78%] Built target atax
[ 80%] Linking CXX executable bicg
[ 80%] Built target heat-3d
[ 80%] Built target trisolv
[ 80%] Built target bicg
[ 81%] Linking CXX executable gesummv
[ 83%] Linking CXX executable fdtd-2d
[ 85%] Linking CXX executable nussinov
[ 85%] Built target gesummv
[ 85%] Built target nussinov
[ 85%] Built target fdtd-2d
[ 86%] Linking CXX executable ludcmp
[ 86%] Built target ludcmp
halide,naive,2mm,,,compile_error,3,LARGE,DOUBLE
halide,naive,3mm,,,runtime_error,3,LARGE,DOUBLE
halide,naive,adi,9.838649,,validity_error,3,LARGE,DOUBLE
halide,naive,atax,,,runtime_error,3,LARGE,DOUBLE
halide,naive,bicg,,,runtime_error,3,LARGE,DOUBLE
halide,naive,cholesky,,,timeout,3,LARGE,DOUBLE
halide,naive,correlation,3.421891,,validity_error,3,LARGE,DOUBLE
halide,naive,covariance,,,runtime_error,3,LARGE,DOUBLE
halide,naive,deriche,,,compile_error,3,LARGE,DOUBLE
halide,naive,doitgen,,,compile_error,3,LARGE,DOUBLE
halide,naive,durbin,,,runtime_error,3,LARGE,DOUBLE
halide,naive,fdtd-2d,1.203291,1.464,valid,3,LARGE,DOUBLE
halide,naive,fdtd-2d,1,1.218164,3,LARGE,DOUBLE
halide,naive,fdtd-2d,2,1.339648,3,LARGE,DOUBLE
halide,naive,fdtd-2d,3,1.256701,3,LARGE,DOUBLE
halide,naive,fdtd-2d,4,1.218488,3,LARGE,DOUBLE
halide,naive,fdtd-2d,5,1.237444,3,LARGE,DOUBLE
halide,naive,floyd-warshall,23.039920,0.981,valid,3,LARGE,DOUBLE
halide,naive,floyd-warshall,1,24.453424,3,LARGE,DOUBLE
halide,naive,floyd-warshall,2,24.108065,3,LARGE,DOUBLE
halide,naive,floyd-warshall,3,24.101069,3,LARGE,DOUBLE
halide,naive,floyd-warshall,4,24.552418,3,LARGE,DOUBLE
halide,naive,floyd-warshall,5,20.997084,3,LARGE,DOUBLE
halide,naive,gemm,,,compile_error,3,LARGE,DOUBLE
halide,naive,gemver,,,compile_error,3,LARGE,DOUBLE
halide,naive,gesummv,,,runtime_error,3,LARGE,DOUBLE
halide,naive,gramschmidt,,,compile_error,3,LARGE,DOUBLE
halide,naive,heat-3d,3.219972,0.604,valid,3,LARGE,DOUBLE
halide,naive,heat-3d,1,3.051956,3,LARGE,DOUBLE
halide,naive,heat-3d,2,3.236102,3,LARGE,DOUBLE
halide,naive,heat-3d,3,3.109769,3,LARGE,DOUBLE
halide,naive,heat-3d,4,3.283474,3,LARGE,DOUBLE
halide,naive,heat-3d,5,3.098052,3,LARGE,DOUBLE
halide,naive,jacobi-1d,0.010455,0.089,valid,3,LARGE,DOUBLE
halide,naive,jacobi-1d,1,0.012507,3,LARGE,DOUBLE
halide,naive,jacobi-1d,2,0.013778,3,LARGE,DOUBLE
halide,naive,jacobi-1d,3,0.013097,3,LARGE,DOUBLE
halide,naive,jacobi-1d,4,0.012575,3,LARGE,DOUBLE
halide,naive,jacobi-1d,5,0.013889,3,LARGE,DOUBLE
halide,naive,jacobi-2d,0.730649,2.249,valid,3,LARGE,DOUBLE
halide,naive,jacobi-2d,1,0.539066,3,LARGE,DOUBLE
halide,naive,jacobi-2d,2,0.639990,3,LARGE,DOUBLE
halide,naive,jacobi-2d,3,0.758869,3,LARGE,DOUBLE
halide,naive,jacobi-2d,4,0.596047,3,LARGE,DOUBLE
halide,naive,jacobi-2d,5,0.761695,3,LARGE,DOUBLE
halide,naive,lu,,,compile_error,3,LARGE,DOUBLE
halide,naive,ludcmp,6.349984,0.690,valid,3,LARGE,DOUBLE
halide,naive,ludcmp,1,6.430333,3,LARGE,DOUBLE
halide,naive,ludcmp,2,6.401527,3,LARGE,DOUBLE
halide,naive,ludcmp,3,6.448414,3,LARGE,DOUBLE
halide,naive,ludcmp,4,6.453872,3,LARGE,DOUBLE
halide,naive,ludcmp,5,6.374594,3,LARGE,DOUBLE
halide,naive,mvt,0.004245,3.419,valid,3,LARGE,DOUBLE
halide,naive,mvt,1,0.004585,3,LARGE,DOUBLE
halide,naive,mvt,2,0.004051,3,LARGE,DOUBLE
halide,naive,mvt,3,0.004368,3,LARGE,DOUBLE
halide,naive,mvt,4,0.004193,3,LARGE,DOUBLE
halide,naive,mvt,5,0.003943,3,LARGE,DOUBLE
halide,naive,nussinov,,,runtime_error,3,LARGE,DOUBLE
halide,naive,seidel-2d,,,compile_error,3,LARGE,DOUBLE
halide,naive,symm,0.026714,59.743,valid,3,LARGE,DOUBLE
halide,naive,symm,1,0.027149,3,LARGE,DOUBLE
halide,naive,symm,2,0.024874,3,LARGE,DOUBLE
halide,naive,symm,3,0.025848,3,LARGE,DOUBLE
halide,naive,symm,4,0.027624,3,LARGE,DOUBLE
halide,naive,symm,5,0.026393,3,LARGE,DOUBLE
halide,naive,syr2k,,,runtime_error,3,LARGE,DOUBLE
halide,naive,syrk,,,compile_error,3,LARGE,DOUBLE
halide,naive,trisolv,0.004743,,validity_error,3,LARGE,DOUBLE
halide,naive,trmm,,,compile_error,3,LARGE,DOUBLE
-- The CXX compiler identification is GNU 15.2.0
-- Detecting CXX compiler ABI info
-- Detecting CXX compiler ABI info - done
-- Check for working CXX compiler: /usr/local/latestgcc/bin/g++ - skipped
-- Detecting CXX compile features
-- Detecting CXX compile features - done
-- Found Python: /home/kleplj/naive/gpt-querying/.venv/bin/python3.9 (found suitable version "3.9.25", minimum required is "3") found components: Interpreter Development.Module
-- Halide 'host' platform triple:   x86-64-linux
-- Halide 'cmake' platform triple:  x86-64-linux
-- Halide default AOT target:       host
-- Found ZLIB: /usr/lib64/libz.so (found version "1.2.11")
-- Could NOT find PNG (missing: PNG_LIBRARY PNG_PNG_INCLUDE_DIR) 
-- Could NOT find JPEG (missing: JPEG_LIBRARY JPEG_INCLUDE_DIR) 
-- Configuring done (0.8s)
-- Generating done (0.8s)
-- Build files have been written to: /home/kleplj/naive/optimization/naive/PolybenchC-Halide/build
[  8%] Building CXX object CMakeFiles/covariance.dir/datamining/covariance/covariance.cpp.o
[  8%] Building CXX object CMakeFiles/correlation.dir/datamining/correlation/correlation.cpp.o
[ 13%] Building CXX object CMakeFiles/gemm.dir/linear-algebra/blas/gemm/gemm.cpp.o
[ 13%] Building CXX object CMakeFiles/gesummv.dir/linear-algebra/blas/gesummv/gesummv.cpp.o
[ 13%] Building CXX object CMakeFiles/gemver.dir/linear-algebra/blas/gemver/gemver.cpp.o
[ 20%] Building CXX object CMakeFiles/syrk.dir/linear-algebra/blas/syrk/syrk.cpp.o
[ 20%] Building CXX object CMakeFiles/atax.dir/linear-algebra/kernels/atax/atax.cpp.o
[ 20%] Building CXX object CMakeFiles/symm.dir/linear-algebra/blas/symm/symm.cpp.o
[ 20%] Building CXX object CMakeFiles/syr2k.dir/linear-algebra/blas/syr2k/syr2k.cpp.o
[ 35%] Building CXX object CMakeFiles/bicg.dir/linear-algebra/kernels/bicg/bicg.cpp.o
[ 35%] Building CXX object CMakeFiles/3mm.dir/linear-algebra/kernels/3mm/3mm.cpp.o
[ 50%] Building CXX object CMakeFiles/deriche.dir/medley/deriche/deriche.cpp.o
[ 50%] Building CXX object CMakeFiles/ludcmp.dir/linear-algebra/solvers/ludcmp/ludcmp.cpp.o
[ 50%] Building CXX object CMakeFiles/nussinov.dir/medley/nussinov/nussinov.cpp.o
[ 50%] Building CXX object CMakeFiles/jacobi-1d.dir/stencils/jacobi-1d/jacobi-1d.cpp.o
[ 50%] Building CXX object CMakeFiles/2mm.dir/linear-algebra/kernels/2mm/2mm.cpp.o
[ 50%] Building CXX object CMakeFiles/trisolv.dir/linear-algebra/solvers/trisolv/trisolv.cpp.o
[ 50%] Building CXX object CMakeFiles/durbin.dir/linear-algebra/solvers/durbin/durbin.cpp.o
[ 50%] Building CXX object CMakeFiles/trmm.dir/linear-algebra/blas/trmm/trmm.cpp.o
[ 50%] Building CXX object CMakeFiles/gramschmidt.dir/linear-algebra/solvers/gramschmidt/gramschmidt.cpp.o
[ 50%] Building CXX object CMakeFiles/doitgen.dir/linear-algebra/kernels/doitgen/doitgen.cpp.o
[ 50%] Building CXX object CMakeFiles/floyd-warshall.dir/medley/floyd-warshall/floyd-warshall.cpp.o
[ 50%] Building CXX object CMakeFiles/lu.dir/linear-algebra/solvers/lu/lu.cpp.o
[ 50%] Building CXX object CMakeFiles/mvt.dir/linear-algebra/kernels/mvt/mvt.cpp.o
[ 50%] Building CXX object CMakeFiles/cholesky.dir/linear-algebra/solvers/cholesky/cholesky.cpp.o
[ 50%] Building CXX object CMakeFiles/fdtd-2d.dir/stencils/fdtd-2d/fdtd-2d.cpp.o
[ 50%] Building CXX object CMakeFiles/heat-3d.dir/stencils/heat-3d/heat-3d.cpp.o
[ 50%] Building CXX object CMakeFiles/adi.dir/stencils/adi/adi.cpp.o
[ 50%] Building CXX object CMakeFiles/seidel-2d.dir/stencils/seidel-2d/seidel-2d.cpp.o
[ 50%] Building CXX object CMakeFiles/jacobi-2d.dir/stencils/jacobi-2d/jacobi-2d.cpp.o
[ 51%] Linking CXX executable gemver
[ 53%] Linking CXX executable gramschmidt
[ 55%] Linking CXX executable cholesky
[ 56%] Linking CXX executable adi
[ 56%] Built target cholesky
[ 58%] Linking CXX executable floyd-warshall
[ 60%] Linking CXX executable covariance
[ 60%] Built target adi
[ 61%] Linking CXX executable syrk
[ 63%] Linking CXX executable syr2k
[ 63%] Built target floyd-warshall
[ 63%] Built target covariance
[ 65%] Linking CXX executable jacobi-2d
[ 66%] Linking CXX executable jacobi-1d
[ 66%] Built target syrk
[ 66%] Built target syr2k
[ 68%] Linking CXX executable symm
[ 70%] Linking CXX executable gemm
[ 70%] Built target jacobi-2d
[ 70%] Built target jacobi-1d
[ 71%] Linking CXX executable 2mm
[ 73%] Linking CXX executable correlation
[ 73%] Built target symm
[ 73%] Built target gemm
[ 73%] Built target 2mm
[ 75%] Linking CXX executable gesummv
[ 75%] Built target correlation
[ 76%] Linking CXX executable 3mm
[ 78%] Linking CXX executable doitgen
[ 78%] Built target gesummv
[ 78%] Built target 3mm
[ 80%] Built target doitgen
[ 80%] Linking CXX executable nussinov
[ 81%] Linking CXX executable atax
[ 81%] Built target nussinov
[ 83%] Linking CXX executable heat-3d
[ 85%] Linking CXX executable mvt
[ 86%] Built target atax
[ 86%] Linking CXX executable trisolv
[ 88%] Linking CXX executable bicg
[ 90%] Linking CXX executable durbin
[ 90%] Built target heat-3d
[ 90%] Built target mvt
[ 90%] Built target trisolv
[ 90%] Built target bicg
[ 90%] Built target durbin
[ 91%] Linking CXX executable fdtd-2d
[ 91%] Built target fdtd-2d
[ 93%] Linking CXX executable ludcmp
[ 93%] Built target ludcmp
halide,naive,2mm,,,runtime_error,4,LARGE,DOUBLE
halide,naive,3mm,,,runtime_error,4,LARGE,DOUBLE
halide,naive,adi,1.295441,8.032,valid,4,LARGE,DOUBLE
halide,naive,adi,1,1.146783,4,LARGE,DOUBLE
halide,naive,adi,2,1.265565,4,LARGE,DOUBLE
halide,naive,adi,3,1.153936,4,LARGE,DOUBLE
halide,naive,adi,4,1.538254,4,LARGE,DOUBLE
halide,naive,adi,5,1.280717,4,LARGE,DOUBLE
halide,naive,atax,,,runtime_error,4,LARGE,DOUBLE
halide,naive,bicg,,,runtime_error,4,LARGE,DOUBLE
halide,naive,cholesky,,,timeout,4,LARGE,DOUBLE
halide,naive,correlation,0.059266,28.594,valid,4,LARGE,DOUBLE
halide,naive,correlation,1,0.058257,4,LARGE,DOUBLE
halide,naive,correlation,2,0.059473,4,LARGE,DOUBLE
halide,naive,correlation,3,0.057371,4,LARGE,DOUBLE
halide,naive,correlation,4,0.059276,4,LARGE,DOUBLE
halide,naive,correlation,5,0.058128,4,LARGE,DOUBLE
halide,naive,covariance,0.047068,36.531,valid,4,LARGE,DOUBLE
halide,naive,covariance,1,0.047130,4,LARGE,DOUBLE
halide,naive,covariance,2,0.046626,4,LARGE,DOUBLE
halide,naive,covariance,3,0.048510,4,LARGE,DOUBLE
halide,naive,covariance,4,0.049778,4,LARGE,DOUBLE
halide,naive,covariance,5,0.048555,4,LARGE,DOUBLE
halide,naive,deriche,,,compile_error,4,LARGE,DOUBLE
halide,naive,doitgen,0.133990,5.557,valid,4,LARGE,DOUBLE
halide,naive,doitgen,1,0.127935,4,LARGE,DOUBLE
halide,naive,doitgen,2,0.133643,4,LARGE,DOUBLE
halide,naive,doitgen,3,0.131014,4,LARGE,DOUBLE
halide,naive,doitgen,4,0.121714,4,LARGE,DOUBLE
halide,naive,doitgen,5,0.130690,4,LARGE,DOUBLE
halide,naive,durbin,,,runtime_error,4,LARGE,DOUBLE
halide,naive,fdtd-2d,,,runtime_error,4,LARGE,DOUBLE
halide,naive,floyd-warshall,24.760131,0.913,valid,4,LARGE,DOUBLE
halide,naive,floyd-warshall,1,26.584139,4,LARGE,DOUBLE
halide,naive,floyd-warshall,2,23.643955,4,LARGE,DOUBLE
halide,naive,floyd-warshall,3,25.475959,4,LARGE,DOUBLE
halide,naive,floyd-warshall,4,24.262620,4,LARGE,DOUBLE
halide,naive,floyd-warshall,5,24.730418,4,LARGE,DOUBLE
halide,naive,gemm,,,runtime_error,4,LARGE,DOUBLE
halide,naive,gemver,,,compile_error,4,LARGE,DOUBLE
halide,naive,gesummv,0.003639,3.691,valid,4,LARGE,DOUBLE
halide,naive,gesummv,1,0.005896,4,LARGE,DOUBLE
halide,naive,gesummv,2,0.006330,4,LARGE,DOUBLE
halide,naive,gesummv,3,0.003681,4,LARGE,DOUBLE
halide,naive,gesummv,4,0.006713,4,LARGE,DOUBLE
halide,naive,gesummv,5,0.006616,4,LARGE,DOUBLE
halide,naive,gramschmidt,,,compile_error,4,LARGE,DOUBLE
halide,naive,heat-3d,,,runtime_error,4,LARGE,DOUBLE
halide,naive,jacobi-1d,0.002157,0.432,valid,4,LARGE,DOUBLE
halide,naive,jacobi-1d,1,0.002216,4,LARGE,DOUBLE
halide,naive,jacobi-1d,2,0.003444,4,LARGE,DOUBLE
halide,naive,jacobi-1d,3,0.003144,4,LARGE,DOUBLE
halide,naive,jacobi-1d,4,0.002342,4,LARGE,DOUBLE
halide,naive,jacobi-1d,5,0.002261,4,LARGE,DOUBLE
halide,naive,jacobi-2d,0.680197,2.400,valid,4,LARGE,DOUBLE
halide,naive,jacobi-2d,1,0.621030,4,LARGE,DOUBLE
halide,naive,jacobi-2d,2,0.592624,4,LARGE,DOUBLE
halide,naive,jacobi-2d,3,0.646236,4,LARGE,DOUBLE
halide,naive,jacobi-2d,4,0.648294,4,LARGE,DOUBLE
halide,naive,jacobi-2d,5,0.542726,4,LARGE,DOUBLE
halide,naive,lu,,,compile_error,4,LARGE,DOUBLE
halide,naive,ludcmp,,,runtime_error,4,LARGE,DOUBLE
halide,naive,mvt,,,runtime_error,4,LARGE,DOUBLE
halide,naive,nussinov,,,runtime_error,4,LARGE,DOUBLE
halide,naive,seidel-2d,,,compile_error,4,LARGE,DOUBLE
halide,naive,symm,,,runtime_error,4,LARGE,DOUBLE
halide,naive,syr2k,0.043736,30.327,valid,4,LARGE,DOUBLE
halide,naive,syr2k,1,0.042793,4,LARGE,DOUBLE
halide,naive,syr2k,2,0.044890,4,LARGE,DOUBLE
halide,naive,syr2k,3,0.044475,4,LARGE,DOUBLE
halide,naive,syr2k,4,0.044054,4,LARGE,DOUBLE
halide,naive,syr2k,5,0.043716,4,LARGE,DOUBLE
halide,naive,syrk,,,runtime_error,4,LARGE,DOUBLE
halide,naive,trisolv,,,runtime_error,4,LARGE,DOUBLE
halide,naive,trmm,,,compile_error,4,LARGE,DOUBLE
-- The CXX compiler identification is GNU 15.2.0
-- Detecting CXX compiler ABI info
-- Detecting CXX compiler ABI info - done
-- Check for working CXX compiler: /usr/local/latestgcc/bin/g++ - skipped
-- Detecting CXX compile features
-- Detecting CXX compile features - done
-- Found Python: /home/kleplj/naive/gpt-querying/.venv/bin/python3.9 (found suitable version "3.9.25", minimum required is "3") found components: Interpreter Development.Module
-- Halide 'host' platform triple:   x86-64-linux
-- Halide 'cmake' platform triple:  x86-64-linux
-- Halide default AOT target:       host
-- Found ZLIB: /usr/lib64/libz.so (found version "1.2.11")
-- Could NOT find PNG (missing: PNG_LIBRARY PNG_PNG_INCLUDE_DIR) 
-- Could NOT find JPEG (missing: JPEG_LIBRARY JPEG_INCLUDE_DIR) 
-- Configuring done (0.8s)
-- Generating done (0.8s)
-- Build files have been written to: /home/kleplj/naive/optimization/naive/PolybenchC-Halide/build
[  6%] Building CXX object CMakeFiles/correlation.dir/datamining/correlation/correlation.cpp.o
[  8%] Building CXX object CMakeFiles/gemm.dir/linear-algebra/blas/gemm/gemm.cpp.o
[  8%] Building CXX object CMakeFiles/covariance.dir/datamining/covariance/covariance.cpp.o
[ 11%] Building CXX object CMakeFiles/gesummv.dir/linear-algebra/blas/gesummv/gesummv.cpp.o
[ 11%] Building CXX object CMakeFiles/gemver.dir/linear-algebra/blas/gemver/gemver.cpp.o
[ 18%] Building CXX object CMakeFiles/trmm.dir/linear-algebra/blas/trmm/trmm.cpp.o
[ 18%] Building CXX object CMakeFiles/atax.dir/linear-algebra/kernels/atax/atax.cpp.o
[ 18%] Building CXX object CMakeFiles/syr2k.dir/linear-algebra/blas/syr2k/syr2k.cpp.o
[ 18%] Building CXX object CMakeFiles/symm.dir/linear-algebra/blas/symm/symm.cpp.o
[ 31%] Building CXX object CMakeFiles/bicg.dir/linear-algebra/kernels/bicg/bicg.cpp.o
[ 31%] Building CXX object CMakeFiles/2mm.dir/linear-algebra/kernels/2mm/2mm.cpp.o
[ 31%] Building CXX object CMakeFiles/cholesky.dir/linear-algebra/solvers/cholesky/cholesky.cpp.o
[ 50%] Building CXX object CMakeFiles/gramschmidt.dir/linear-algebra/solvers/gramschmidt/gramschmidt.cpp.o
[ 50%] Building CXX object CMakeFiles/doitgen.dir/linear-algebra/kernels/doitgen/doitgen.cpp.o
[ 50%] Building CXX object CMakeFiles/trisolv.dir/linear-algebra/solvers/trisolv/trisolv.cpp.o
[ 50%] Building CXX object CMakeFiles/lu.dir/linear-algebra/solvers/lu/lu.cpp.o
[ 50%] Building CXX object CMakeFiles/floyd-warshall.dir/medley/floyd-warshall/floyd-warshall.cpp.o
[ 50%] Building CXX object CMakeFiles/heat-3d.dir/stencils/heat-3d/heat-3d.cpp.o
[ 50%] Building CXX object CMakeFiles/deriche.dir/medley/deriche/deriche.cpp.o
[ 50%] Building CXX object CMakeFiles/mvt.dir/linear-algebra/kernels/mvt/mvt.cpp.o
[ 50%] Building CXX object CMakeFiles/syrk.dir/linear-algebra/blas/syrk/syrk.cpp.o
[ 50%] Building CXX object CMakeFiles/durbin.dir/linear-algebra/solvers/durbin/durbin.cpp.o
[ 50%] Building CXX object CMakeFiles/3mm.dir/linear-algebra/kernels/3mm/3mm.cpp.o
[ 50%] Building CXX object CMakeFiles/fdtd-2d.dir/stencils/fdtd-2d/fdtd-2d.cpp.o
[ 50%] Building CXX object CMakeFiles/adi.dir/stencils/adi/adi.cpp.o
[ 50%] Building CXX object CMakeFiles/nussinov.dir/medley/nussinov/nussinov.cpp.o
[ 50%] Building CXX object CMakeFiles/jacobi-1d.dir/stencils/jacobi-1d/jacobi-1d.cpp.o
[ 50%] Building CXX object CMakeFiles/seidel-2d.dir/stencils/seidel-2d/seidel-2d.cpp.o
[ 50%] Building CXX object CMakeFiles/ludcmp.dir/linear-algebra/solvers/ludcmp/ludcmp.cpp.o
[ 50%] Building CXX object CMakeFiles/jacobi-2d.dir/stencils/jacobi-2d/jacobi-2d.cpp.o
[ 51%] Linking CXX executable gemver
[ 53%] Linking CXX executable gramschmidt
[ 55%] Linking CXX executable cholesky
[ 56%] Linking CXX executable deriche
[ 56%] Built target cholesky
[ 58%] Linking CXX executable durbin
[ 60%] Linking CXX executable floyd-warshall
[ 61%] Linking CXX executable trmm
[ 63%] Linking CXX executable syr2k
[ 63%] Built target deriche
[ 65%] Linking CXX executable covariance
[ 65%] Built target durbin
[ 65%] Built target floyd-warshall
[ 65%] Built target syr2k
[ 65%] Built target trmm
[ 66%] Built target covariance
[ 66%] Linking CXX executable jacobi-1d
[ 68%] Linking CXX executable jacobi-2d
[ 70%] Linking CXX executable symm
[ 71%] Linking CXX executable lu
[ 73%] Linking CXX executable syrk
[ 73%] Built target jacobi-1d
[ 75%] Linking CXX executable gemm
[ 75%] Built target jacobi-2d
[ 75%] Built target symm
[ 76%] Linking CXX executable 2mm
[ 76%] Built target lu
[ 76%] Built target gemm
[ 76%] Built target syrk
[ 76%] Built target 2mm
[ 80%] Linking CXX executable heat-3d
[ 80%] Linking CXX executable correlation
[ 81%] Linking CXX executable 3mm
[ 83%] Linking CXX executable gesummv
[ 85%] Linking CXX executable seidel-2d
[ 85%] Built target correlation
[ 85%] Built target heat-3d
[ 85%] Built target 3mm
[ 85%] Built target gesummv
[ 85%] Built target seidel-2d
[ 86%] Linking CXX executable doitgen
[ 88%] Linking CXX executable bicg
[ 90%] Linking CXX executable mvt
[ 90%] Built target doitgen
[ 90%] Built target bicg
[ 90%] Built target mvt
[ 91%] Linking CXX executable fdtd-2d
[ 91%] Built target fdtd-2d
[ 93%] Linking CXX executable adi
[ 93%] Built target adi
[ 95%] Linking CXX executable trisolv
[ 96%] Linking CXX executable ludcmp
[ 96%] Built target trisolv
[ 96%] Built target ludcmp
halide,naive,2mm,,,runtime_error,5,LARGE,DOUBLE
halide,naive,3mm,,,runtime_error,5,LARGE,DOUBLE
halide,naive,adi,164.661878,0.063,valid,5,LARGE,DOUBLE
halide,naive,adi,1,168.705407,5,LARGE,DOUBLE
halide,naive,adi,2,163.594099,5,LARGE,DOUBLE
halide,naive,adi,3,162.914235,5,LARGE,DOUBLE
halide,naive,adi,4,164.150298,5,LARGE,DOUBLE
halide,naive,adi,5,162.785272,5,LARGE,DOUBLE
halide,naive,atax,,,compile_error,5,LARGE,DOUBLE
halide,naive,bicg,,,runtime_error,5,LARGE,DOUBLE
halide,naive,cholesky,1.912559,,validity_error,5,LARGE,DOUBLE
halide,naive,correlation,0.058253,29.403,valid,5,LARGE,DOUBLE
halide,naive,correlation,1,0.057726,5,LARGE,DOUBLE
halide,naive,correlation,2,0.059290,5,LARGE,DOUBLE
halide,naive,correlation,3,0.057875,5,LARGE,DOUBLE
halide,naive,correlation,4,0.057493,5,LARGE,DOUBLE
halide,naive,correlation,5,0.058288,5,LARGE,DOUBLE
halide,naive,covariance,0.039876,43.116,valid,5,LARGE,DOUBLE
halide,naive,covariance,1,0.040212,5,LARGE,DOUBLE
halide,naive,covariance,2,0.040046,5,LARGE,DOUBLE
halide,naive,covariance,3,0.041026,5,LARGE,DOUBLE
halide,naive,covariance,4,0.039919,5,LARGE,DOUBLE
halide,naive,covariance,5,0.039966,5,LARGE,DOUBLE
halide,naive,deriche,0.327473,0.691,valid,5,LARGE,DOUBLE
halide,naive,deriche,1,0.324889,5,LARGE,DOUBLE
halide,naive,deriche,2,0.325295,5,LARGE,DOUBLE
halide,naive,deriche,3,0.320931,5,LARGE,DOUBLE
halide,naive,deriche,4,0.326656,5,LARGE,DOUBLE
halide,naive,deriche,5,0.329195,5,LARGE,DOUBLE
halide,naive,doitgen,0.124235,5.991,valid,5,LARGE,DOUBLE
halide,naive,doitgen,1,0.133608,5,LARGE,DOUBLE
halide,naive,doitgen,2,0.119740,5,LARGE,DOUBLE
halide,naive,doitgen,3,0.133118,5,LARGE,DOUBLE
halide,naive,doitgen,4,0.131597,5,LARGE,DOUBLE
halide,naive,doitgen,5,0.178907,5,LARGE,DOUBLE
halide,naive,durbin,,,runtime_error,5,LARGE,DOUBLE
halide,naive,fdtd-2d,4.896298,0.360,valid,5,LARGE,DOUBLE
halide,naive,fdtd-2d,1,5.390503,5,LARGE,DOUBLE
halide,naive,fdtd-2d,2,5.479563,5,LARGE,DOUBLE
halide,naive,fdtd-2d,3,5.412463,5,LARGE,DOUBLE
halide,naive,fdtd-2d,4,5.025230,5,LARGE,DOUBLE
halide,naive,fdtd-2d,5,5.422646,5,LARGE,DOUBLE
halide,naive,floyd-warshall,25.037805,0.902,valid,5,LARGE,DOUBLE
halide,naive,floyd-warshall,1,25.268142,5,LARGE,DOUBLE
halide,naive,floyd-warshall,2,26.045466,5,LARGE,DOUBLE
halide,naive,floyd-warshall,3,25.544750,5,LARGE,DOUBLE
halide,naive,floyd-warshall,4,25.874577,5,LARGE,DOUBLE
halide,naive,floyd-warshall,5,27.180664,5,LARGE,DOUBLE
halide,naive,gemm,,,runtime_error,5,LARGE,DOUBLE
halide,naive,gemver,,,compile_error,5,LARGE,DOUBLE
halide,naive,gesummv,0.004176,1.502,valid,5,LARGE,DOUBLE
halide,naive,gesummv,1,0.004143,5,LARGE,DOUBLE
halide,naive,gesummv,2,0.004209,5,LARGE,DOUBLE
halide,naive,gesummv,3,0.004113,5,LARGE,DOUBLE
halide,naive,gesummv,4,0.004316,5,LARGE,DOUBLE
halide,naive,gesummv,5,0.004053,5,LARGE,DOUBLE
halide,naive,gramschmidt,,,compile_error,5,LARGE,DOUBLE
halide,naive,heat-3d,1.179499,1.631,valid,5,LARGE,DOUBLE
halide,naive,heat-3d,1,1.131581,5,LARGE,DOUBLE
halide,naive,heat-3d,2,1.118474,5,LARGE,DOUBLE
halide,naive,heat-3d,3,1.126521,5,LARGE,DOUBLE
halide,naive,heat-3d,4,1.150497,5,LARGE,DOUBLE
halide,naive,heat-3d,5,1.089395,5,LARGE,DOUBLE
halide,naive,jacobi-1d,0.010052,0.093,valid,5,LARGE,DOUBLE
halide,naive,jacobi-1d,1,0.005868,5,LARGE,DOUBLE
halide,naive,jacobi-1d,2,0.005597,5,LARGE,DOUBLE
halide,naive,jacobi-1d,3,0.008284,5,LARGE,DOUBLE
halide,naive,jacobi-1d,4,0.005743,5,LARGE,DOUBLE
halide,naive,jacobi-1d,5,0.007449,5,LARGE,DOUBLE
halide,naive,jacobi-2d,0.588642,2.788,valid,5,LARGE,DOUBLE
halide,naive,jacobi-2d,1,0.595356,5,LARGE,DOUBLE
halide,naive,jacobi-2d,2,0.667821,5,LARGE,DOUBLE
halide,naive,jacobi-2d,3,0.604100,5,LARGE,DOUBLE
halide,naive,jacobi-2d,4,0.635855,5,LARGE,DOUBLE
halide,naive,jacobi-2d,5,0.573334,5,LARGE,DOUBLE
halide,naive,lu,,,runtime_error,5,LARGE,DOUBLE
halide,naive,ludcmp,,,runtime_error,5,LARGE,DOUBLE
halide,naive,mvt,,,runtime_error,5,LARGE,DOUBLE
halide,naive,nussinov,,,compile_error,5,LARGE,DOUBLE
halide,naive,seidel-2d,0.921259,29.494,valid,5,LARGE,DOUBLE
halide,naive,seidel-2d,1,0.956653,5,LARGE,DOUBLE
halide,naive,seidel-2d,2,0.949485,5,LARGE,DOUBLE
halide,naive,seidel-2d,3,0.873820,5,LARGE,DOUBLE
halide,naive,seidel-2d,4,0.937839,5,LARGE,DOUBLE
halide,naive,seidel-2d,5,0.963734,5,LARGE,DOUBLE
halide,naive,symm,,,runtime_error,5,LARGE,DOUBLE
halide,naive,syr2k,,,runtime_error,5,LARGE,DOUBLE
halide,naive,syrk,0.027624,23.869,valid,5,LARGE,DOUBLE
halide,naive,syrk,1,0.027618,5,LARGE,DOUBLE
halide,naive,syrk,2,0.027823,5,LARGE,DOUBLE
halide,naive,syrk,3,0.026696,5,LARGE,DOUBLE
halide,naive,syrk,4,0.028450,5,LARGE,DOUBLE
halide,naive,syrk,5,0.027721,5,LARGE,DOUBLE
halide,naive,trisolv,0.005439,0.571,valid,5,LARGE,DOUBLE
halide,naive,trisolv,1,0.005313,5,LARGE,DOUBLE
halide,naive,trisolv,2,0.005354,5,LARGE,DOUBLE
halide,naive,trisolv,3,0.005364,5,LARGE,DOUBLE
halide,naive,trisolv,4,0.005407,5,LARGE,DOUBLE
halide,naive,trisolv,5,0.005402,5,LARGE,DOUBLE
halide,naive,trmm,,,runtime_error,5,LARGE,DOUBLE
Generated C for 'gesummv' in /home/kleplj/naive/optimization/naive/PolybenchC-Exo/build/generated/gesummv
Built gesummv executable.
Generated C for 'symm' in /home/kleplj/naive/optimization/naive/PolybenchC-Exo/build/generated/symm
Built symm executable.
Generated C for 'syr2k' in /home/kleplj/naive/optimization/naive/PolybenchC-Exo/build/generated/syr2k
Built syr2k executable.
Generated C for 'syrk' in /home/kleplj/naive/optimization/naive/PolybenchC-Exo/build/generated/syrk
Built syrk executable.
Generated C for '2mm' in /home/kleplj/naive/optimization/naive/PolybenchC-Exo/build/generated/2mm
Built 2mm executable.
Generated C for '3mm' in /home/kleplj/naive/optimization/naive/PolybenchC-Exo/build/generated/3mm
Built 3mm executable.
Generated C for 'bicg' in /home/kleplj/naive/optimization/naive/PolybenchC-Exo/build/generated/bicg
Built bicg executable.
Generated C for 'cholesky' in /home/kleplj/naive/optimization/naive/PolybenchC-Exo/build/generated/cholesky
Built cholesky executable.
Generated C for 'gramschmidt' in /home/kleplj/naive/optimization/naive/PolybenchC-Exo/build/generated/gramschmidt
Generated C for 'lu' in /home/kleplj/naive/optimization/naive/PolybenchC-Exo/build/generated/lu
Built lu executable.
Generated C for 'ludcmp' in /home/kleplj/naive/optimization/naive/PolybenchC-Exo/build/generated/ludcmp
Built ludcmp executable.
Generated C for 'trisolv' in /home/kleplj/naive/optimization/naive/PolybenchC-Exo/build/generated/trisolv
Built trisolv executable.
Generated C for 'covariance' in /home/kleplj/naive/optimization/naive/PolybenchC-Exo/build/generated/covariance
Built covariance executable.
Generated C for 'adi' in /home/kleplj/naive/optimization/naive/PolybenchC-Exo/build/generated/adi
Built adi executable.
Generated C for 'fdtd-2d' in /home/kleplj/naive/optimization/naive/PolybenchC-Exo/build/generated/fdtd-2d
Built fdtd-2d executable.
Generated C for 'jacobi-1d' in /home/kleplj/naive/optimization/naive/PolybenchC-Exo/build/generated/jacobi-1d
Built jacobi-1d executable.
Generated C for 'floyd-warshall' in /home/kleplj/naive/optimization/naive/PolybenchC-Exo/build/generated/floyd-warshall
Built floyd-warshall executable.
Generated C for 'nussinov' in /home/kleplj/naive/optimization/naive/PolybenchC-Exo/build/generated/nussinov
Built nussinov executable.
Exo build complete. Generated sources in: /home/kleplj/naive/optimization/naive/PolybenchC-Exo/build
Removing temp dir /tmp/slurm.303971/tmp.y3gSdU8Yza
exo,naive,2mm,0.019447,132.470,valid,1,LARGE,DOUBLE
exo,naive,2mm,1,0.019635,1,LARGE,DOUBLE
exo,naive,2mm,2,0.020445,1,LARGE,DOUBLE
exo,naive,2mm,3,0.019577,1,LARGE,DOUBLE
exo,naive,2mm,4,0.020032,1,LARGE,DOUBLE
exo,naive,2mm,5,0.019648,1,LARGE,DOUBLE
exo,naive,3mm,0.102044,38.238,valid,1,LARGE,DOUBLE
exo,naive,3mm,1,0.102254,1,LARGE,DOUBLE
exo,naive,3mm,2,0.109446,1,LARGE,DOUBLE
exo,naive,3mm,3,0.100305,1,LARGE,DOUBLE
exo,naive,3mm,4,0.105522,1,LARGE,DOUBLE
exo,naive,3mm,5,0.102411,1,LARGE,DOUBLE
exo,naive,adi,0.608770,17.004,valid,1,LARGE,DOUBLE
exo,naive,adi,1,0.666150,1,LARGE,DOUBLE
exo,naive,adi,2,0.661114,1,LARGE,DOUBLE
exo,naive,adi,3,0.606858,1,LARGE,DOUBLE
exo,naive,adi,4,0.600550,1,LARGE,DOUBLE
exo,naive,adi,5,0.611638,1,LARGE,DOUBLE
exo,naive,atax,,,compile_error,1,LARGE,DOUBLE
exo,naive,bicg,0.014103,1.039,valid,1,LARGE,DOUBLE
exo,naive,bicg,1,0.014065,1,LARGE,DOUBLE
exo,naive,bicg,2,0.014134,1,LARGE,DOUBLE
exo,naive,bicg,3,0.014131,1,LARGE,DOUBLE
exo,naive,bicg,4,0.014130,1,LARGE,DOUBLE
exo,naive,bicg,5,0.014129,1,LARGE,DOUBLE
exo,naive,cholesky,4.243763,0.448,valid,1,LARGE,DOUBLE
exo,naive,cholesky,1,4.242004,1,LARGE,DOUBLE
exo,naive,cholesky,2,4.243721,1,LARGE,DOUBLE
exo,naive,cholesky,3,4.243553,1,LARGE,DOUBLE
exo,naive,cholesky,4,4.242692,1,LARGE,DOUBLE
exo,naive,cholesky,5,4.241774,1,LARGE,DOUBLE
exo,naive,correlation,,,compile_error,1,LARGE,DOUBLE
exo,naive,covariance,0.450363,3.781,valid,1,LARGE,DOUBLE
exo,naive,covariance,1,0.450624,1,LARGE,DOUBLE
exo,naive,covariance,2,0.448711,1,LARGE,DOUBLE
exo,naive,covariance,3,0.453215,1,LARGE,DOUBLE
exo,naive,covariance,4,0.452765,1,LARGE,DOUBLE
exo,naive,covariance,5,0.450109,1,LARGE,DOUBLE
exo,naive,deriche,,,compile_error,1,LARGE,DOUBLE
exo,naive,doitgen,,,compile_error,1,LARGE,DOUBLE
exo,naive,durbin,,,compile_error,1,LARGE,DOUBLE
exo,naive,fdtd-2d,0.154467,11.425,valid,1,LARGE,DOUBLE
exo,naive,fdtd-2d,1,0.150289,1,LARGE,DOUBLE
exo,naive,fdtd-2d,2,0.145774,1,LARGE,DOUBLE
exo,naive,fdtd-2d,3,0.153997,1,LARGE,DOUBLE
exo,naive,fdtd-2d,4,0.153918,1,LARGE,DOUBLE
exo,naive,fdtd-2d,5,0.154358,1,LARGE,DOUBLE
exo,naive,floyd-warshall,23.432195,0.962,valid,1,LARGE,DOUBLE
exo,naive,floyd-warshall,1,23.086688,1,LARGE,DOUBLE
exo,naive,floyd-warshall,2,23.115018,1,LARGE,DOUBLE
exo,naive,floyd-warshall,3,23.246493,1,LARGE,DOUBLE
exo,naive,floyd-warshall,4,23.414175,1,LARGE,DOUBLE
exo,naive,floyd-warshall,5,23.164589,1,LARGE,DOUBLE
exo,naive,gemm,,,compile_error,1,LARGE,DOUBLE
exo,naive,gemver,,,compile_error,1,LARGE,DOUBLE
exo,naive,gesummv,0.000873,7.125,valid,1,LARGE,DOUBLE
exo,naive,gesummv,1,0.000871,1,LARGE,DOUBLE
exo,naive,gesummv,2,0.000905,1,LARGE,DOUBLE
exo,naive,gesummv,3,0.000893,1,LARGE,DOUBLE
exo,naive,gesummv,4,0.000893,1,LARGE,DOUBLE
exo,naive,gesummv,5,0.000852,1,LARGE,DOUBLE
exo,naive,gramschmidt,,,compile_error,1,LARGE,DOUBLE
exo,naive,heat-3d,,,compile_error,1,LARGE,DOUBLE
exo,naive,jacobi-1d,0.029599,0.031,valid,1,LARGE,DOUBLE
exo,naive,jacobi-1d,1,0.029646,1,LARGE,DOUBLE
exo,naive,jacobi-1d,2,0.028728,1,LARGE,DOUBLE
exo,naive,jacobi-1d,3,0.028209,1,LARGE,DOUBLE
exo,naive,jacobi-1d,4,0.028047,1,LARGE,DOUBLE
exo,naive,jacobi-1d,5,0.028379,1,LARGE,DOUBLE
exo,naive,jacobi-2d,,,compile_error,1,LARGE,DOUBLE
exo,naive,lu,2.780161,1.588,valid,1,LARGE,DOUBLE
exo,naive,lu,1,2.763370,1,LARGE,DOUBLE
exo,naive,lu,2,2.756503,1,LARGE,DOUBLE
exo,naive,lu,3,2.760864,1,LARGE,DOUBLE
exo,naive,lu,4,2.768033,1,LARGE,DOUBLE
exo,naive,lu,5,2.776138,1,LARGE,DOUBLE
exo,naive,ludcmp,2.986146,1.460,valid,1,LARGE,DOUBLE
exo,naive,ludcmp,1,2.958397,1,LARGE,DOUBLE
exo,naive,ludcmp,2,2.960946,1,LARGE,DOUBLE
exo,naive,ludcmp,3,2.991340,1,LARGE,DOUBLE
exo,naive,ludcmp,4,2.970650,1,LARGE,DOUBLE
exo,naive,ludcmp,5,2.967789,1,LARGE,DOUBLE
exo,naive,mvt,,,compile_error,1,LARGE,DOUBLE
exo,naive,nussinov,7.588534,1.007,valid,1,LARGE,DOUBLE
exo,naive,nussinov,1,7.609788,1,LARGE,DOUBLE
exo,naive,nussinov,2,7.618924,1,LARGE,DOUBLE
exo,naive,nussinov,3,7.608954,1,LARGE,DOUBLE
exo,naive,nussinov,4,7.626590,1,LARGE,DOUBLE
exo,naive,nussinov,5,7.623544,1,LARGE,DOUBLE
exo,naive,seidel-2d,,,compile_error,1,LARGE,DOUBLE
exo,naive,symm,1.560037,0.997,valid,1,LARGE,DOUBLE
exo,naive,symm,1,1.555224,1,LARGE,DOUBLE
exo,naive,symm,2,1.572414,1,LARGE,DOUBLE
exo,naive,symm,3,1.562264,1,LARGE,DOUBLE
exo,naive,symm,4,1.563921,1,LARGE,DOUBLE
exo,naive,symm,5,1.571231,1,LARGE,DOUBLE
exo,naive,syr2k,1.645439,0.803,valid,1,LARGE,DOUBLE
exo,naive,syr2k,1,1.651739,1,LARGE,DOUBLE
exo,naive,syr2k,2,1.633524,1,LARGE,DOUBLE
exo,naive,syr2k,3,1.649005,1,LARGE,DOUBLE
exo,naive,syr2k,4,1.650571,1,LARGE,DOUBLE
exo,naive,syr2k,5,1.651230,1,LARGE,DOUBLE
exo,naive,syrk,0.049906,13.191,valid,1,LARGE,DOUBLE
exo,naive,syrk,1,0.047837,1,LARGE,DOUBLE
exo,naive,syrk,2,0.047744,1,LARGE,DOUBLE
exo,naive,syrk,3,0.050063,1,LARGE,DOUBLE
exo,naive,syrk,4,0.049009,1,LARGE,DOUBLE
exo,naive,syrk,5,0.049805,1,LARGE,DOUBLE
exo,naive,trisolv,0.003192,0.970,valid,1,LARGE,DOUBLE
exo,naive,trisolv,1,0.003102,1,LARGE,DOUBLE
exo,naive,trisolv,2,0.003117,1,LARGE,DOUBLE
exo,naive,trisolv,3,0.003122,1,LARGE,DOUBLE
exo,naive,trisolv,4,0.003100,1,LARGE,DOUBLE
exo,naive,trisolv,5,0.003168,1,LARGE,DOUBLE
exo,naive,trmm,,,compile_error,1,LARGE,DOUBLE
Generated C for 'gemm' in /home/kleplj/naive/optimization/naive/PolybenchC-Exo/build/generated/gemm
Built gemm executable.
Generated C for 'gemver' in /home/kleplj/naive/optimization/naive/PolybenchC-Exo/build/generated/gemver
Generated C for 'gesummv' in /home/kleplj/naive/optimization/naive/PolybenchC-Exo/build/generated/gesummv
Built gesummv executable.
Generated C for 'symm' in /home/kleplj/naive/optimization/naive/PolybenchC-Exo/build/generated/symm
Built symm executable.
Generated C for 'syr2k' in /home/kleplj/naive/optimization/naive/PolybenchC-Exo/build/generated/syr2k
Built syr2k executable.
Generated C for 'syrk' in /home/kleplj/naive/optimization/naive/PolybenchC-Exo/build/generated/syrk
Built syrk executable.
Generated C for 'trmm' in /home/kleplj/naive/optimization/naive/PolybenchC-Exo/build/generated/trmm
Built trmm executable.
Generated C for '2mm' in /home/kleplj/naive/optimization/naive/PolybenchC-Exo/build/generated/2mm
Built 2mm executable.
Generated C for '3mm' in /home/kleplj/naive/optimization/naive/PolybenchC-Exo/build/generated/3mm
Built 3mm executable.
Generated C for 'bicg' in /home/kleplj/naive/optimization/naive/PolybenchC-Exo/build/generated/bicg
Built bicg executable.
Generated C for 'doitgen' in /home/kleplj/naive/optimization/naive/PolybenchC-Exo/build/generated/doitgen
Built doitgen executable.
Generated C for 'mvt' in /home/kleplj/naive/optimization/naive/PolybenchC-Exo/build/generated/mvt
Built mvt executable.
Generated C for 'cholesky' in /home/kleplj/naive/optimization/naive/PolybenchC-Exo/build/generated/cholesky
Built cholesky executable.
Generated C for 'lu' in /home/kleplj/naive/optimization/naive/PolybenchC-Exo/build/generated/lu
Built lu executable.
Generated C for 'ludcmp' in /home/kleplj/naive/optimization/naive/PolybenchC-Exo/build/generated/ludcmp
Built ludcmp executable.
Generated C for 'trisolv' in /home/kleplj/naive/optimization/naive/PolybenchC-Exo/build/generated/trisolv
Generated C for 'correlation' in /home/kleplj/naive/optimization/naive/PolybenchC-Exo/build/generated/correlation
Built correlation executable.
Generated C for 'covariance' in /home/kleplj/naive/optimization/naive/PolybenchC-Exo/build/generated/covariance
Built covariance executable.
Generated C for 'adi' in /home/kleplj/naive/optimization/naive/PolybenchC-Exo/build/generated/adi
Built adi executable.
Generated C for 'fdtd-2d' in /home/kleplj/naive/optimization/naive/PolybenchC-Exo/build/generated/fdtd-2d
Built fdtd-2d executable.
Generated C for 'heat-3d' in /home/kleplj/naive/optimization/naive/PolybenchC-Exo/build/generated/heat-3d
Built heat-3d executable.
Generated C for 'jacobi-1d' in /home/kleplj/naive/optimization/naive/PolybenchC-Exo/build/generated/jacobi-1d
Built jacobi-1d executable.
Generated C for 'nussinov' in /home/kleplj/naive/optimization/naive/PolybenchC-Exo/build/generated/nussinov
Built nussinov executable.
Exo build complete. Generated sources in: /home/kleplj/naive/optimization/naive/PolybenchC-Exo/build
Removing temp dir /tmp/slurm.303971/tmp.tdS6KjCTf4
exo,naive,2mm,0.067407,38.306,valid,2,LARGE,DOUBLE
exo,naive,2mm,1,0.067479,2,LARGE,DOUBLE
exo,naive,2mm,2,0.066683,2,LARGE,DOUBLE
exo,naive,2mm,3,0.065798,2,LARGE,DOUBLE
exo,naive,2mm,4,0.066953,2,LARGE,DOUBLE
exo,naive,2mm,5,0.066995,2,LARGE,DOUBLE
exo,naive,3mm,2.812094,1.391,valid,2,LARGE,DOUBLE
exo,naive,3mm,1,2.811076,2,LARGE,DOUBLE
exo,naive,3mm,2,2.822676,2,LARGE,DOUBLE
exo,naive,3mm,3,2.812166,2,LARGE,DOUBLE
exo,naive,3mm,4,2.812772,2,LARGE,DOUBLE
exo,naive,3mm,5,2.812199,2,LARGE,DOUBLE
exo,naive,adi,0.610502,16.966,valid,2,LARGE,DOUBLE
exo,naive,adi,1,0.578546,2,LARGE,DOUBLE
exo,naive,adi,2,0.589483,2,LARGE,DOUBLE
exo,naive,adi,3,0.594709,2,LARGE,DOUBLE
exo,naive,adi,4,0.593276,2,LARGE,DOUBLE
exo,naive,adi,5,0.593309,2,LARGE,DOUBLE
exo,naive,atax,,,compile_error,2,LARGE,DOUBLE
exo,naive,bicg,0.014675,0.997,valid,2,LARGE,DOUBLE
exo,naive,bicg,1,0.014788,2,LARGE,DOUBLE
exo,naive,bicg,2,0.014782,2,LARGE,DOUBLE
exo,naive,bicg,3,0.014656,2,LARGE,DOUBLE
exo,naive,bicg,4,0.020329,2,LARGE,DOUBLE
exo,naive,bicg,5,0.014685,2,LARGE,DOUBLE
exo,naive,cholesky,0.644338,,validity_error,2,LARGE,DOUBLE
exo,naive,correlation,0.463887,3.707,valid,2,LARGE,DOUBLE
exo,naive,correlation,1,0.456253,2,LARGE,DOUBLE
exo,naive,correlation,2,0.465898,2,LARGE,DOUBLE
exo,naive,correlation,3,0.466140,2,LARGE,DOUBLE
exo,naive,correlation,4,0.452269,2,LARGE,DOUBLE
exo,naive,correlation,5,0.451560,2,LARGE,DOUBLE
exo,naive,covariance,3.295374,0.515,valid,2,LARGE,DOUBLE
exo,naive,covariance,1,3.282202,2,LARGE,DOUBLE
exo,naive,covariance,2,3.293248,2,LARGE,DOUBLE
exo,naive,covariance,3,3.281465,2,LARGE,DOUBLE
exo,naive,covariance,4,3.285632,2,LARGE,DOUBLE
exo,naive,covariance,5,3.285903,2,LARGE,DOUBLE
exo,naive,deriche,,,compile_error,2,LARGE,DOUBLE
exo,naive,doitgen,0.218258,3.400,valid,2,LARGE,DOUBLE
exo,naive,doitgen,1,0.219014,2,LARGE,DOUBLE
exo,naive,doitgen,2,0.222288,2,LARGE,DOUBLE
exo,naive,doitgen,3,0.222235,2,LARGE,DOUBLE
exo,naive,doitgen,4,0.222173,2,LARGE,DOUBLE
exo,naive,doitgen,5,0.222218,2,LARGE,DOUBLE
exo,naive,durbin,,,compile_error,2,LARGE,DOUBLE
exo,naive,fdtd-2d,0.141433,12.218,valid,2,LARGE,DOUBLE
exo,naive,fdtd-2d,1,0.141134,2,LARGE,DOUBLE
exo,naive,fdtd-2d,2,0.137089,2,LARGE,DOUBLE
exo,naive,fdtd-2d,3,0.141672,2,LARGE,DOUBLE
exo,naive,fdtd-2d,4,0.141310,2,LARGE,DOUBLE
exo,naive,fdtd-2d,5,0.141750,2,LARGE,DOUBLE
exo,naive,floyd-warshall,,,compile_error,2,LARGE,DOUBLE
exo,naive,gemm,0.037252,12.064,valid,2,LARGE,DOUBLE
exo,naive,gemm,1,0.037266,2,LARGE,DOUBLE
exo,naive,gemm,2,0.037139,2,LARGE,DOUBLE
exo,naive,gemm,3,0.037184,2,LARGE,DOUBLE
exo,naive,gemm,4,0.037157,2,LARGE,DOUBLE
exo,naive,gemm,5,0.037289,2,LARGE,DOUBLE
exo,naive,gemver,,,compile_error,2,LARGE,DOUBLE
exo,naive,gesummv,0.000801,7.782,valid,2,LARGE,DOUBLE
exo,naive,gesummv,1,0.000826,2,LARGE,DOUBLE
exo,naive,gesummv,2,0.000827,2,LARGE,DOUBLE
exo,naive,gesummv,3,0.001278,2,LARGE,DOUBLE
exo,naive,gesummv,4,0.000845,2,LARGE,DOUBLE
exo,naive,gesummv,5,0.000831,2,LARGE,DOUBLE
exo,naive,gramschmidt,,,compile_error,2,LARGE,DOUBLE
exo,naive,heat-3d,1.288143,1.497,valid,2,LARGE,DOUBLE
exo,naive,heat-3d,1,1.289427,2,LARGE,DOUBLE
exo,naive,heat-3d,2,1.285968,2,LARGE,DOUBLE
exo,naive,heat-3d,3,1.288563,2,LARGE,DOUBLE
exo,naive,heat-3d,4,1.288411,2,LARGE,DOUBLE
exo,naive,heat-3d,5,1.298400,2,LARGE,DOUBLE
exo,naive,jacobi-1d,0.030688,0.030,valid,2,LARGE,DOUBLE
exo,naive,jacobi-1d,1,0.028948,2,LARGE,DOUBLE
exo,naive,jacobi-1d,2,0.028992,2,LARGE,DOUBLE
exo,naive,jacobi-1d,3,0.028950,2,LARGE,DOUBLE
exo,naive,jacobi-1d,4,0.028835,2,LARGE,DOUBLE
exo,naive,jacobi-1d,5,0.029160,2,LARGE,DOUBLE
exo,naive,jacobi-2d,,,compile_error,2,LARGE,DOUBLE
exo,naive,lu,2.927842,1.512,valid,2,LARGE,DOUBLE
exo,naive,lu,1,2.959884,2,LARGE,DOUBLE
exo,naive,lu,2,2.954817,2,LARGE,DOUBLE
exo,naive,lu,3,2.955695,2,LARGE,DOUBLE
exo,naive,lu,4,2.955544,2,LARGE,DOUBLE
exo,naive,lu,5,2.913354,2,LARGE,DOUBLE
exo,naive,ludcmp,4.417521,0.999,valid,2,LARGE,DOUBLE
exo,naive,ludcmp,1,4.386467,2,LARGE,DOUBLE
exo,naive,ludcmp,2,4.394249,2,LARGE,DOUBLE
exo,naive,ludcmp,3,4.416480,2,LARGE,DOUBLE
exo,naive,ludcmp,4,4.416448,2,LARGE,DOUBLE
exo,naive,ludcmp,5,4.385605,2,LARGE,DOUBLE
exo,naive,mvt,0.002282,6.388,valid,2,LARGE,DOUBLE
exo,naive,mvt,1,0.002273,2,LARGE,DOUBLE
exo,naive,mvt,2,0.002289,2,LARGE,DOUBLE
exo,naive,mvt,3,0.002230,2,LARGE,DOUBLE
exo,naive,mvt,4,0.002188,2,LARGE,DOUBLE
exo,naive,mvt,5,0.002187,2,LARGE,DOUBLE
exo,naive,nussinov,7.647378,1.007,valid,2,LARGE,DOUBLE
exo,naive,nussinov,1,7.668727,2,LARGE,DOUBLE
exo,naive,nussinov,2,7.660685,2,LARGE,DOUBLE
exo,naive,nussinov,3,7.668205,2,LARGE,DOUBLE
exo,naive,nussinov,4,7.702022,2,LARGE,DOUBLE
exo,naive,nussinov,5,7.699050,2,LARGE,DOUBLE
exo,naive,seidel-2d,,,compile_error,2,LARGE,DOUBLE
exo,naive,symm,0.120818,13.176,valid,2,LARGE,DOUBLE
exo,naive,symm,1,0.109655,2,LARGE,DOUBLE
exo,naive,symm,2,0.110349,2,LARGE,DOUBLE
exo,naive,symm,3,0.110335,2,LARGE,DOUBLE
exo,naive,symm,4,0.120282,2,LARGE,DOUBLE
exo,naive,symm,5,0.120930,2,LARGE,DOUBLE
exo,naive,syr2k,0.048549,27.231,valid,2,LARGE,DOUBLE
exo,naive,syr2k,1,0.048036,2,LARGE,DOUBLE
exo,naive,syr2k,2,0.047767,2,LARGE,DOUBLE
exo,naive,syr2k,3,0.049276,2,LARGE,DOUBLE
exo,naive,syr2k,4,0.048633,2,LARGE,DOUBLE
exo,naive,syr2k,5,0.048353,2,LARGE,DOUBLE
exo,naive,syrk,0.034365,19.197,valid,2,LARGE,DOUBLE
exo,naive,syrk,1,0.033793,2,LARGE,DOUBLE
exo,naive,syrk,2,0.034193,2,LARGE,DOUBLE
exo,naive,syrk,3,0.037326,2,LARGE,DOUBLE
exo,naive,syrk,4,0.038033,2,LARGE,DOUBLE
exo,naive,syrk,5,0.037970,2,LARGE,DOUBLE
exo,naive,trisolv,,,compile_error,2,LARGE,DOUBLE
exo,naive,trmm,0.202328,4.868,valid,2,LARGE,DOUBLE
exo,naive,trmm,1,0.197624,2,LARGE,DOUBLE
exo,naive,trmm,2,0.201735,2,LARGE,DOUBLE
exo,naive,trmm,3,0.199464,2,LARGE,DOUBLE
exo,naive,trmm,4,0.202167,2,LARGE,DOUBLE
exo,naive,trmm,5,0.202424,2,LARGE,DOUBLE
Generated C for 'gemm' in /home/kleplj/naive/optimization/naive/PolybenchC-Exo/build/generated/gemm
Built gemm executable.
Generated C for 'gesummv' in /home/kleplj/naive/optimization/naive/PolybenchC-Exo/build/generated/gesummv
Built gesummv executable.
Generated C for 'syr2k' in /home/kleplj/naive/optimization/naive/PolybenchC-Exo/build/generated/syr2k
Built syr2k executable.
Generated C for 'trmm' in /home/kleplj/naive/optimization/naive/PolybenchC-Exo/build/generated/trmm
Built trmm executable.
Generated C for '3mm' in /home/kleplj/naive/optimization/naive/PolybenchC-Exo/build/generated/3mm
Built 3mm executable.
Generated C for 'bicg' in /home/kleplj/naive/optimization/naive/PolybenchC-Exo/build/generated/bicg
Built bicg executable.
Generated C for 'doitgen' in /home/kleplj/naive/optimization/naive/PolybenchC-Exo/build/generated/doitgen
Built doitgen executable.
Generated C for 'mvt' in /home/kleplj/naive/optimization/naive/PolybenchC-Exo/build/generated/mvt
Built mvt executable.
Generated C for 'cholesky' in /home/kleplj/naive/optimization/naive/PolybenchC-Exo/build/generated/cholesky
Built cholesky executable.
Generated C for 'durbin' in /home/kleplj/naive/optimization/naive/PolybenchC-Exo/build/generated/durbin
Built durbin executable.
Generated C for 'gramschmidt' in /home/kleplj/naive/optimization/naive/PolybenchC-Exo/build/generated/gramschmidt
Built gramschmidt executable.
Generated C for 'lu' in /home/kleplj/naive/optimization/naive/PolybenchC-Exo/build/generated/lu
Built lu executable.
Generated C for 'ludcmp' in /home/kleplj/naive/optimization/naive/PolybenchC-Exo/build/generated/ludcmp
Built ludcmp executable.
Generated C for 'trisolv' in /home/kleplj/naive/optimization/naive/PolybenchC-Exo/build/generated/trisolv
Built trisolv executable.
Generated C for 'correlation' in /home/kleplj/naive/optimization/naive/PolybenchC-Exo/build/generated/correlation
Built correlation executable.
Generated C for 'covariance' in /home/kleplj/naive/optimization/naive/PolybenchC-Exo/build/generated/covariance
Built covariance executable.
Generated C for 'fdtd-2d' in /home/kleplj/naive/optimization/naive/PolybenchC-Exo/build/generated/fdtd-2d
Built fdtd-2d executable.
Generated C for 'heat-3d' in /home/kleplj/naive/optimization/naive/PolybenchC-Exo/build/generated/heat-3d
Built heat-3d executable.
Generated C for 'jacobi-2d' in /home/kleplj/naive/optimization/naive/PolybenchC-Exo/build/generated/jacobi-2d
Built jacobi-2d executable.
Generated C for 'seidel-2d' in /home/kleplj/naive/optimization/naive/PolybenchC-Exo/build/generated/seidel-2d
Built seidel-2d executable.
Generated C for 'floyd-warshall' in /home/kleplj/naive/optimization/naive/PolybenchC-Exo/build/generated/floyd-warshall
Built floyd-warshall executable.
Generated C for 'nussinov' in /home/kleplj/naive/optimization/naive/PolybenchC-Exo/build/generated/nussinov
Exo build complete. Generated sources in: /home/kleplj/naive/optimization/naive/PolybenchC-Exo/build
Removing temp dir /tmp/slurm.303971/tmp.UffWjuJmK3
exo,naive,2mm,,,compile_error,3,LARGE,DOUBLE
exo,naive,3mm,0.033767,115.946,valid,3,LARGE,DOUBLE
exo,naive,3mm,1,0.033865,3,LARGE,DOUBLE
exo,naive,3mm,2,0.033363,3,LARGE,DOUBLE
exo,naive,3mm,3,0.033819,3,LARGE,DOUBLE
exo,naive,3mm,4,0.033894,3,LARGE,DOUBLE
exo,naive,3mm,5,0.034065,3,LARGE,DOUBLE
exo,naive,adi,,,compile_error,3,LARGE,DOUBLE
exo,naive,atax,,,compile_error,3,LARGE,DOUBLE
exo,naive,bicg,0.006196,2.359,valid,3,LARGE,DOUBLE
exo,naive,bicg,1,0.006147,3,LARGE,DOUBLE
exo,naive,bicg,2,0.006145,3,LARGE,DOUBLE
exo,naive,bicg,3,0.006236,3,LARGE,DOUBLE
exo,naive,bicg,4,0.006229,3,LARGE,DOUBLE
exo,naive,bicg,5,0.006230,3,LARGE,DOUBLE
exo,naive,cholesky,1.889499,1.008,valid,3,LARGE,DOUBLE
exo,naive,cholesky,1,1.893121,3,LARGE,DOUBLE
exo,naive,cholesky,2,1.888905,3,LARGE,DOUBLE
exo,naive,cholesky,3,1.890187,3,LARGE,DOUBLE
exo,naive,cholesky,4,1.888755,3,LARGE,DOUBLE
exo,naive,cholesky,5,1.889888,3,LARGE,DOUBLE
exo,naive,correlation,0.077635,21.955,valid,3,LARGE,DOUBLE
exo,naive,correlation,1,0.077652,3,LARGE,DOUBLE
exo,naive,correlation,2,0.077604,3,LARGE,DOUBLE
exo,naive,correlation,3,0.078497,3,LARGE,DOUBLE
exo,naive,correlation,4,0.077642,3,LARGE,DOUBLE
exo,naive,correlation,5,0.075581,3,LARGE,DOUBLE
exo,naive,covariance,0.071742,23.602,valid,3,LARGE,DOUBLE
exo,naive,covariance,1,0.072070,3,LARGE,DOUBLE
exo,naive,covariance,2,0.072554,3,LARGE,DOUBLE
exo,naive,covariance,3,0.071708,3,LARGE,DOUBLE
exo,naive,covariance,4,0.071912,3,LARGE,DOUBLE
exo,naive,covariance,5,0.071782,3,LARGE,DOUBLE
exo,naive,deriche,,,compile_error,3,LARGE,DOUBLE
exo,naive,doitgen,0.366983,2.028,valid,3,LARGE,DOUBLE
exo,naive,doitgen,1,0.366099,3,LARGE,DOUBLE
exo,naive,doitgen,2,0.366113,3,LARGE,DOUBLE
exo,naive,doitgen,3,0.367355,3,LARGE,DOUBLE
exo,naive,doitgen,4,0.366982,3,LARGE,DOUBLE
exo,naive,doitgen,5,0.367153,3,LARGE,DOUBLE
exo,naive,durbin,0.004783,0.816,valid,3,LARGE,DOUBLE
exo,naive,durbin,1,0.004770,3,LARGE,DOUBLE
exo,naive,durbin,2,0.004766,3,LARGE,DOUBLE
exo,naive,durbin,3,0.004777,3,LARGE,DOUBLE
exo,naive,durbin,4,0.004776,3,LARGE,DOUBLE
exo,naive,durbin,5,0.004766,3,LARGE,DOUBLE
exo,naive,fdtd-2d,1.808590,0.963,valid,3,LARGE,DOUBLE
exo,naive,fdtd-2d,1,1.811681,3,LARGE,DOUBLE
exo,naive,fdtd-2d,2,1.794827,3,LARGE,DOUBLE
exo,naive,fdtd-2d,3,1.769067,3,LARGE,DOUBLE
exo,naive,fdtd-2d,4,1.776493,3,LARGE,DOUBLE
exo,naive,fdtd-2d,5,1.778050,3,LARGE,DOUBLE
exo,naive,floyd-warshall,1.051056,21.520,valid,3,LARGE,DOUBLE
exo,naive,floyd-warshall,1,0.994523,3,LARGE,DOUBLE
exo,naive,floyd-warshall,2,0.918033,3,LARGE,DOUBLE
exo,naive,floyd-warshall,3,0.940054,3,LARGE,DOUBLE
exo,naive,floyd-warshall,4,0.916480,3,LARGE,DOUBLE
exo,naive,floyd-warshall,5,0.880814,3,LARGE,DOUBLE
exo,naive,gemm,1.486646,0.300,valid,3,LARGE,DOUBLE
exo,naive,gemm,1,1.487590,3,LARGE,DOUBLE
exo,naive,gemm,2,1.486908,3,LARGE,DOUBLE
exo,naive,gemm,3,1.486734,3,LARGE,DOUBLE
exo,naive,gemm,4,1.486986,3,LARGE,DOUBLE
exo,naive,gemm,5,1.486572,3,LARGE,DOUBLE
exo,naive,gemver,,,compile_error,3,LARGE,DOUBLE
exo,naive,gesummv,0.000931,6.677,valid,3,LARGE,DOUBLE
exo,naive,gesummv,1,0.000901,3,LARGE,DOUBLE
exo,naive,gesummv,2,0.000890,3,LARGE,DOUBLE
exo,naive,gesummv,3,0.000884,3,LARGE,DOUBLE
exo,naive,gesummv,4,0.000935,3,LARGE,DOUBLE
exo,naive,gesummv,5,0.000907,3,LARGE,DOUBLE
exo,naive,gramschmidt,0.640550,,validity_error,3,LARGE,DOUBLE
exo,naive,heat-3d,1.513263,1.287,valid,3,LARGE,DOUBLE
exo,naive,heat-3d,1,1.433010,3,LARGE,DOUBLE
exo,naive,heat-3d,2,1.430556,3,LARGE,DOUBLE
exo,naive,heat-3d,3,1.376182,3,LARGE,DOUBLE
exo,naive,heat-3d,4,1.739526,3,LARGE,DOUBLE
exo,naive,heat-3d,5,1.533268,3,LARGE,DOUBLE
exo,naive,jacobi-1d,,,compile_error,3,LARGE,DOUBLE
exo,naive,jacobi-2d,0.218235,7.529,valid,3,LARGE,DOUBLE
exo,naive,jacobi-2d,1,0.216491,3,LARGE,DOUBLE
exo,naive,jacobi-2d,2,0.217604,3,LARGE,DOUBLE
exo,naive,jacobi-2d,3,0.218090,3,LARGE,DOUBLE
exo,naive,jacobi-2d,4,0.221426,3,LARGE,DOUBLE
exo,naive,jacobi-2d,5,0.220244,3,LARGE,DOUBLE
exo,naive,lu,2.969635,1.471,valid,3,LARGE,DOUBLE
exo,naive,lu,1,3.006216,3,LARGE,DOUBLE
exo,naive,lu,2,2.997486,3,LARGE,DOUBLE
exo,naive,lu,3,3.010585,3,LARGE,DOUBLE
exo,naive,lu,4,3.010338,3,LARGE,DOUBLE
exo,naive,lu,5,2.970173,3,LARGE,DOUBLE
exo,naive,ludcmp,3.294707,1.324,valid,3,LARGE,DOUBLE
exo,naive,ludcmp,1,3.320679,3,LARGE,DOUBLE
exo,naive,ludcmp,2,3.349887,3,LARGE,DOUBLE
exo,naive,ludcmp,3,3.295193,3,LARGE,DOUBLE
exo,naive,ludcmp,4,3.320232,3,LARGE,DOUBLE
exo,naive,ludcmp,5,3.347637,3,LARGE,DOUBLE
exo,naive,mvt,0.006552,2.239,valid,3,LARGE,DOUBLE
exo,naive,mvt,1,0.006489,3,LARGE,DOUBLE
exo,naive,mvt,2,0.006496,3,LARGE,DOUBLE
exo,naive,mvt,3,0.006535,3,LARGE,DOUBLE
exo,naive,mvt,4,0.006516,3,LARGE,DOUBLE
exo,naive,mvt,5,0.006497,3,LARGE,DOUBLE
exo,naive,nussinov,,,compile_error,3,LARGE,DOUBLE
exo,naive,seidel-2d,30.818848,0.882,valid,3,LARGE,DOUBLE
exo,naive,seidel-2d,1,30.820430,3,LARGE,DOUBLE
exo,naive,seidel-2d,2,30.817941,3,LARGE,DOUBLE
exo,naive,seidel-2d,3,30.819543,3,LARGE,DOUBLE
exo,naive,seidel-2d,4,30.818289,3,LARGE,DOUBLE
exo,naive,seidel-2d,5,30.819142,3,LARGE,DOUBLE
exo,naive,symm,,,compile_error,3,LARGE,DOUBLE
exo,naive,syr2k,0.054364,24.325,valid,3,LARGE,DOUBLE
exo,naive,syr2k,1,0.053326,3,LARGE,DOUBLE
exo,naive,syr2k,2,0.053348,3,LARGE,DOUBLE
exo,naive,syr2k,3,0.054305,3,LARGE,DOUBLE
exo,naive,syr2k,4,0.054882,3,LARGE,DOUBLE
exo,naive,syr2k,5,0.053892,3,LARGE,DOUBLE
exo,naive,syrk,,,compile_error,3,LARGE,DOUBLE
exo,naive,trisolv,0.003105,1.000,valid,3,LARGE,DOUBLE
exo,naive,trisolv,1,0.003120,3,LARGE,DOUBLE
exo,naive,trisolv,2,0.003120,3,LARGE,DOUBLE
exo,naive,trisolv,3,0.003098,3,LARGE,DOUBLE
exo,naive,trisolv,4,0.003080,3,LARGE,DOUBLE
exo,naive,trisolv,5,0.003085,3,LARGE,DOUBLE
exo,naive,trmm,0.476081,2.068,valid,3,LARGE,DOUBLE
exo,naive,trmm,1,0.513237,3,LARGE,DOUBLE
exo,naive,trmm,2,0.475991,3,LARGE,DOUBLE
exo,naive,trmm,3,0.475620,3,LARGE,DOUBLE
exo,naive,trmm,4,0.476374,3,LARGE,DOUBLE
exo,naive,trmm,5,0.518056,3,LARGE,DOUBLE
Generated C for 'gemm' in /home/kleplj/naive/optimization/naive/PolybenchC-Exo/build/generated/gemm
Built gemm executable.
Generated C for 'gesummv' in /home/kleplj/naive/optimization/naive/PolybenchC-Exo/build/generated/gesummv
Built gesummv executable.
Generated C for 'symm' in /home/kleplj/naive/optimization/naive/PolybenchC-Exo/build/generated/symm
Built symm executable.
Generated C for 'syr2k' in /home/kleplj/naive/optimization/naive/PolybenchC-Exo/build/generated/syr2k
Built syr2k executable.
Generated C for 'syrk' in /home/kleplj/naive/optimization/naive/PolybenchC-Exo/build/generated/syrk
Built syrk executable.
Generated C for 'trmm' in /home/kleplj/naive/optimization/naive/PolybenchC-Exo/build/generated/trmm
Built trmm executable.
Generated C for '3mm' in /home/kleplj/naive/optimization/naive/PolybenchC-Exo/build/generated/3mm
Built 3mm executable.
Generated C for 'atax' in /home/kleplj/naive/optimization/naive/PolybenchC-Exo/build/generated/atax
Built atax executable.
Generated C for 'bicg' in /home/kleplj/naive/optimization/naive/PolybenchC-Exo/build/generated/bicg
Built bicg executable.
Generated C for 'doitgen' in /home/kleplj/naive/optimization/naive/PolybenchC-Exo/build/generated/doitgen
Built doitgen executable.
Generated C for 'mvt' in /home/kleplj/naive/optimization/naive/PolybenchC-Exo/build/generated/mvt
Built mvt executable.
Generated C for 'cholesky' in /home/kleplj/naive/optimization/naive/PolybenchC-Exo/build/generated/cholesky
Built cholesky executable.
Generated C for 'durbin' in /home/kleplj/naive/optimization/naive/PolybenchC-Exo/build/generated/durbin
Built durbin executable.
Generated C for 'gramschmidt' in /home/kleplj/naive/optimization/naive/PolybenchC-Exo/build/generated/gramschmidt
Built gramschmidt executable.
Generated C for 'lu' in /home/kleplj/naive/optimization/naive/PolybenchC-Exo/build/generated/lu
Built lu executable.
Generated C for 'trisolv' in /home/kleplj/naive/optimization/naive/PolybenchC-Exo/build/generated/trisolv
Built trisolv executable.
Generated C for 'adi' in /home/kleplj/naive/optimization/naive/PolybenchC-Exo/build/generated/adi
Built adi executable.
Generated C for 'heat-3d' in /home/kleplj/naive/optimization/naive/PolybenchC-Exo/build/generated/heat-3d
Built heat-3d executable.
Generated C for 'seidel-2d' in /home/kleplj/naive/optimization/naive/PolybenchC-Exo/build/generated/seidel-2d
Built seidel-2d executable.
Exo build complete. Generated sources in: /home/kleplj/naive/optimization/naive/PolybenchC-Exo/build
Removing temp dir /tmp/slurm.303971/tmp.ujSxg8wm9b
exo,naive,2mm,,,compile_error,4,LARGE,DOUBLE
exo,naive,3mm,0.926603,4.192,valid,4,LARGE,DOUBLE
exo,naive,3mm,1,0.923706,4,LARGE,DOUBLE
exo,naive,3mm,2,0.916796,4,LARGE,DOUBLE
exo,naive,3mm,3,0.931542,4,LARGE,DOUBLE
exo,naive,3mm,4,0.916542,4,LARGE,DOUBLE
exo,naive,3mm,5,0.923307,4,LARGE,DOUBLE
exo,naive,adi,0.589291,17.573,valid,4,LARGE,DOUBLE
exo,naive,adi,1,0.590077,4,LARGE,DOUBLE
exo,naive,adi,2,0.602177,4,LARGE,DOUBLE
exo,naive,adi,3,0.587874,4,LARGE,DOUBLE
exo,naive,adi,4,0.595228,4,LARGE,DOUBLE
exo,naive,adi,5,0.617702,4,LARGE,DOUBLE
exo,naive,atax,0.007498,1.145,valid,4,LARGE,DOUBLE
exo,naive,atax,1,0.007413,4,LARGE,DOUBLE
exo,naive,atax,2,0.007560,4,LARGE,DOUBLE
exo,naive,atax,3,0.007203,4,LARGE,DOUBLE
exo,naive,atax,4,0.007532,4,LARGE,DOUBLE
exo,naive,atax,5,0.007527,4,LARGE,DOUBLE
exo,naive,bicg,0.014093,1.038,valid,4,LARGE,DOUBLE
exo,naive,bicg,1,0.014121,4,LARGE,DOUBLE
exo,naive,bicg,2,0.014131,4,LARGE,DOUBLE
exo,naive,bicg,3,0.014056,4,LARGE,DOUBLE
exo,naive,bicg,4,0.019323,4,LARGE,DOUBLE
exo,naive,bicg,5,0.014131,4,LARGE,DOUBLE
exo,naive,cholesky,1.896756,1.004,valid,4,LARGE,DOUBLE
exo,naive,cholesky,1,1.894301,4,LARGE,DOUBLE
exo,naive,cholesky,2,1.897705,4,LARGE,DOUBLE
exo,naive,cholesky,3,1.893888,4,LARGE,DOUBLE
exo,naive,cholesky,4,1.896314,4,LARGE,DOUBLE
exo,naive,cholesky,5,1.895273,4,LARGE,DOUBLE
exo,naive,correlation,,,compile_error,4,LARGE,DOUBLE
exo,naive,covariance,,,compile_error,4,LARGE,DOUBLE
exo,naive,deriche,,,compile_error,4,LARGE,DOUBLE
exo,naive,doitgen,0.690938,1.074,valid,4,LARGE,DOUBLE
exo,naive,doitgen,1,0.690852,4,LARGE,DOUBLE
exo,naive,doitgen,2,0.691242,4,LARGE,DOUBLE
exo,naive,doitgen,3,0.690846,4,LARGE,DOUBLE
exo,naive,doitgen,4,0.690887,4,LARGE,DOUBLE
exo,naive,doitgen,5,0.690811,4,LARGE,DOUBLE
exo,naive,durbin,0.004028,0.945,valid,4,LARGE,DOUBLE
exo,naive,durbin,1,0.004069,4,LARGE,DOUBLE
exo,naive,durbin,2,0.004034,4,LARGE,DOUBLE
exo,naive,durbin,3,0.004026,4,LARGE,DOUBLE
exo,naive,durbin,4,0.004025,4,LARGE,DOUBLE
exo,naive,durbin,5,0.004035,4,LARGE,DOUBLE
exo,naive,fdtd-2d,,,compile_error,4,LARGE,DOUBLE
exo,naive,floyd-warshall,,,compile_error,4,LARGE,DOUBLE
exo,naive,gemm,0.048857,9.130,valid,4,LARGE,DOUBLE
exo,naive,gemm,1,0.048922,4,LARGE,DOUBLE
exo,naive,gemm,2,0.048702,4,LARGE,DOUBLE
exo,naive,gemm,3,0.051233,4,LARGE,DOUBLE
exo,naive,gemm,4,0.049170,4,LARGE,DOUBLE
exo,naive,gemm,5,0.049688,4,LARGE,DOUBLE
exo,naive,gemver,,,compile_error,4,LARGE,DOUBLE
exo,naive,gesummv,0.000907,6.847,valid,4,LARGE,DOUBLE
exo,naive,gesummv,1,0.000914,4,LARGE,DOUBLE
exo,naive,gesummv,2,0.000948,4,LARGE,DOUBLE
exo,naive,gesummv,3,0.000911,4,LARGE,DOUBLE
exo,naive,gesummv,4,0.000946,4,LARGE,DOUBLE
exo,naive,gesummv,5,0.000963,4,LARGE,DOUBLE
exo,naive,gramschmidt,1.984499,,validity_error,4,LARGE,DOUBLE
exo,naive,heat-3d,1.697491,1.147,valid,4,LARGE,DOUBLE
exo,naive,heat-3d,1,1.553417,4,LARGE,DOUBLE
exo,naive,heat-3d,2,1.482004,4,LARGE,DOUBLE
exo,naive,heat-3d,3,1.457994,4,LARGE,DOUBLE
exo,naive,heat-3d,4,1.440422,4,LARGE,DOUBLE
exo,naive,heat-3d,5,1.602933,4,LARGE,DOUBLE
exo,naive,jacobi-1d,,,compile_error,4,LARGE,DOUBLE
exo,naive,jacobi-2d,,,compile_error,4,LARGE,DOUBLE
exo,naive,lu,2.694105,1.637,valid,4,LARGE,DOUBLE
exo,naive,lu,1,2.588778,4,LARGE,DOUBLE
exo,naive,lu,2,2.663528,4,LARGE,DOUBLE
exo,naive,lu,3,2.629396,4,LARGE,DOUBLE
exo,naive,lu,4,2.617134,4,LARGE,DOUBLE
exo,naive,lu,5,2.631677,4,LARGE,DOUBLE
exo,naive,ludcmp,,,compile_error,4,LARGE,DOUBLE
exo,naive,mvt,0.005002,2.901,valid,4,LARGE,DOUBLE
exo,naive,mvt,1,0.004960,4,LARGE,DOUBLE
exo,naive,mvt,2,0.004900,4,LARGE,DOUBLE
exo,naive,mvt,3,0.004890,4,LARGE,DOUBLE
exo,naive,mvt,4,0.004922,4,LARGE,DOUBLE
exo,naive,mvt,5,0.004946,4,LARGE,DOUBLE
exo,naive,nussinov,,,compile_error,4,LARGE,DOUBLE
exo,naive,seidel-2d,22.551013,,validity_error,4,LARGE,DOUBLE
exo,naive,symm,0.142002,11.143,valid,4,LARGE,DOUBLE
exo,naive,symm,1,0.143581,4,LARGE,DOUBLE
exo,naive,symm,2,0.145170,4,LARGE,DOUBLE
exo,naive,symm,3,0.140519,4,LARGE,DOUBLE
exo,naive,symm,4,0.139906,4,LARGE,DOUBLE
exo,naive,symm,5,0.143872,4,LARGE,DOUBLE
exo,naive,syr2k,1.088583,1.216,valid,4,LARGE,DOUBLE
exo,naive,syr2k,1,1.089314,4,LARGE,DOUBLE
exo,naive,syr2k,2,1.087935,4,LARGE,DOUBLE
exo,naive,syr2k,3,1.091128,4,LARGE,DOUBLE
exo,naive,syr2k,4,1.093376,4,LARGE,DOUBLE
exo,naive,syr2k,5,1.090933,4,LARGE,DOUBLE
exo,naive,syrk,0.030670,21.450,valid,4,LARGE,DOUBLE
exo,naive,syrk,1,0.030230,4,LARGE,DOUBLE
exo,naive,syrk,2,0.031011,4,LARGE,DOUBLE
exo,naive,syrk,3,0.030189,4,LARGE,DOUBLE
exo,naive,syrk,4,0.030505,4,LARGE,DOUBLE
exo,naive,syrk,5,0.030129,4,LARGE,DOUBLE
exo,naive,trisolv,0.003100,1.009,valid,4,LARGE,DOUBLE
exo,naive,trisolv,1,0.003100,4,LARGE,DOUBLE
exo,naive,trisolv,2,0.003086,4,LARGE,DOUBLE
exo,naive,trisolv,3,0.003133,4,LARGE,DOUBLE
exo,naive,trisolv,4,0.003095,4,LARGE,DOUBLE
exo,naive,trisolv,5,0.003104,4,LARGE,DOUBLE
exo,naive,trmm,11.967600,0.082,valid,4,LARGE,DOUBLE
exo,naive,trmm,1,11.529825,4,LARGE,DOUBLE
exo,naive,trmm,2,12.801138,4,LARGE,DOUBLE
exo,naive,trmm,3,12.210716,4,LARGE,DOUBLE
exo,naive,trmm,4,11.533415,4,LARGE,DOUBLE
exo,naive,trmm,5,12.301733,4,LARGE,DOUBLE
Generated C for 'gemver' in /home/kleplj/naive/optimization/naive/PolybenchC-Exo/build/generated/gemver
Built gemver executable.
Generated C for 'gesummv' in /home/kleplj/naive/optimization/naive/PolybenchC-Exo/build/generated/gesummv
Built gesummv executable.
Generated C for 'symm' in /home/kleplj/naive/optimization/naive/PolybenchC-Exo/build/generated/symm
Built symm executable.
Generated C for 'syr2k' in /home/kleplj/naive/optimization/naive/PolybenchC-Exo/build/generated/syr2k
Built syr2k executable.
Generated C for 'syrk' in /home/kleplj/naive/optimization/naive/PolybenchC-Exo/build/generated/syrk
Built syrk executable.
Generated C for 'trmm' in /home/kleplj/naive/optimization/naive/PolybenchC-Exo/build/generated/trmm
Built trmm executable.
Generated C for '2mm' in /home/kleplj/naive/optimization/naive/PolybenchC-Exo/build/generated/2mm
Built 2mm executable.
Generated C for '3mm' in /home/kleplj/naive/optimization/naive/PolybenchC-Exo/build/generated/3mm
Built 3mm executable.
Generated C for 'bicg' in /home/kleplj/naive/optimization/naive/PolybenchC-Exo/build/generated/bicg
Built bicg executable.
Generated C for 'doitgen' in /home/kleplj/naive/optimization/naive/PolybenchC-Exo/build/generated/doitgen
Built doitgen executable.
Generated C for 'mvt' in /home/kleplj/naive/optimization/naive/PolybenchC-Exo/build/generated/mvt
Generated C for 'cholesky' in /home/kleplj/naive/optimization/naive/PolybenchC-Exo/build/generated/cholesky
Built cholesky executable.
Generated C for 'gramschmidt' in /home/kleplj/naive/optimization/naive/PolybenchC-Exo/build/generated/gramschmidt
Built gramschmidt executable.
Generated C for 'lu' in /home/kleplj/naive/optimization/naive/PolybenchC-Exo/build/generated/lu
Built lu executable.
Generated C for 'ludcmp' in /home/kleplj/naive/optimization/naive/PolybenchC-Exo/build/generated/ludcmp
Built ludcmp executable.
Generated C for 'trisolv' in /home/kleplj/naive/optimization/naive/PolybenchC-Exo/build/generated/trisolv
Built trisolv executable.
Generated C for 'correlation' in /home/kleplj/naive/optimization/naive/PolybenchC-Exo/build/generated/correlation
Built correlation executable.
Generated C for 'covariance' in /home/kleplj/naive/optimization/naive/PolybenchC-Exo/build/generated/covariance
Built covariance executable.
Generated C for 'jacobi-1d' in /home/kleplj/naive/optimization/naive/PolybenchC-Exo/build/generated/jacobi-1d
Built jacobi-1d executable.
Generated C for 'seidel-2d' in /home/kleplj/naive/optimization/naive/PolybenchC-Exo/build/generated/seidel-2d
Generated C for 'deriche' in /home/kleplj/naive/optimization/naive/PolybenchC-Exo/build/generated/deriche
Built deriche executable.
Generated C for 'floyd-warshall' in /home/kleplj/naive/optimization/naive/PolybenchC-Exo/build/generated/floyd-warshall
Built floyd-warshall executable.
Generated C for 'nussinov' in /home/kleplj/naive/optimization/naive/PolybenchC-Exo/build/generated/nussinov
Exo build complete. Generated sources in: /home/kleplj/naive/optimization/naive/PolybenchC-Exo/build
Removing temp dir /tmp/slurm.303971/tmp.6egjs7e1Zs
exo,naive,2mm,0.066754,38.535,valid,5,LARGE,DOUBLE
exo,naive,2mm,1,0.066351,5,LARGE,DOUBLE
exo,naive,2mm,2,0.069080,5,LARGE,DOUBLE
exo,naive,2mm,3,0.064343,5,LARGE,DOUBLE
exo,naive,2mm,4,0.066704,5,LARGE,DOUBLE
exo,naive,2mm,5,0.066450,5,LARGE,DOUBLE
exo,naive,3mm,0.099358,39.417,valid,5,LARGE,DOUBLE
exo,naive,3mm,1,0.101952,5,LARGE,DOUBLE
exo,naive,3mm,2,0.099490,5,LARGE,DOUBLE
exo,naive,3mm,3,0.099479,5,LARGE,DOUBLE
exo,naive,3mm,4,0.101723,5,LARGE,DOUBLE
exo,naive,3mm,5,0.100187,5,LARGE,DOUBLE
exo,naive,adi,,,compile_error,5,LARGE,DOUBLE
exo,naive,atax,,,compile_error,5,LARGE,DOUBLE
exo,naive,bicg,0.014765,0.991,valid,5,LARGE,DOUBLE
exo,naive,bicg,1,0.014703,5,LARGE,DOUBLE
exo,naive,bicg,2,0.014763,5,LARGE,DOUBLE
exo,naive,bicg,3,0.014766,5,LARGE,DOUBLE
exo,naive,bicg,4,0.014729,5,LARGE,DOUBLE
exo,naive,bicg,5,0.014765,5,LARGE,DOUBLE
exo,naive,cholesky,4.321379,0.441,valid,5,LARGE,DOUBLE
exo,naive,cholesky,1,4.322700,5,LARGE,DOUBLE
exo,naive,cholesky,2,4.321112,5,LARGE,DOUBLE
exo,naive,cholesky,3,4.319814,5,LARGE,DOUBLE
exo,naive,cholesky,4,4.317705,5,LARGE,DOUBLE
exo,naive,cholesky,5,4.322153,5,LARGE,DOUBLE
exo,naive,correlation,0.454761,3.783,valid,5,LARGE,DOUBLE
exo,naive,correlation,1,0.465097,5,LARGE,DOUBLE
exo,naive,correlation,2,0.463858,5,LARGE,DOUBLE
exo,naive,correlation,3,0.463893,5,LARGE,DOUBLE
exo,naive,correlation,4,0.456118,5,LARGE,DOUBLE
exo,naive,correlation,5,0.449638,5,LARGE,DOUBLE
exo,naive,covariance,0.023257,74.016,valid,5,LARGE,DOUBLE
exo,naive,covariance,1,0.021817,5,LARGE,DOUBLE
exo,naive,covariance,2,0.022787,5,LARGE,DOUBLE
exo,naive,covariance,3,0.024159,5,LARGE,DOUBLE
exo,naive,covariance,4,0.022051,5,LARGE,DOUBLE
exo,naive,covariance,5,0.022571,5,LARGE,DOUBLE
exo,naive,deriche,0.187764,1.202,valid,5,LARGE,DOUBLE
exo,naive,deriche,1,0.186205,5,LARGE,DOUBLE
exo,naive,deriche,2,0.186996,5,LARGE,DOUBLE
exo,naive,deriche,3,0.186776,5,LARGE,DOUBLE
exo,naive,deriche,4,0.185563,5,LARGE,DOUBLE
exo,naive,deriche,5,0.192851,5,LARGE,DOUBLE
exo,naive,doitgen,0.134809,5.520,valid,5,LARGE,DOUBLE
exo,naive,doitgen,1,0.134785,5,LARGE,DOUBLE
exo,naive,doitgen,2,0.135018,5,LARGE,DOUBLE
exo,naive,doitgen,3,0.134592,5,LARGE,DOUBLE
exo,naive,doitgen,4,0.134885,5,LARGE,DOUBLE
exo,naive,doitgen,5,0.134617,5,LARGE,DOUBLE
exo,naive,durbin,,,compile_error,5,LARGE,DOUBLE
exo,naive,fdtd-2d,,,compile_error,5,LARGE,DOUBLE
exo,naive,floyd-warshall,1.069622,21.067,valid,5,LARGE,DOUBLE
exo,naive,floyd-warshall,1,1.089716,5,LARGE,DOUBLE
exo,naive,floyd-warshall,2,1.362317,5,LARGE,DOUBLE
exo,naive,floyd-warshall,3,1.338710,5,LARGE,DOUBLE
exo,naive,floyd-warshall,4,1.154914,5,LARGE,DOUBLE
exo,naive,floyd-warshall,5,1.120824,5,LARGE,DOUBLE
exo,naive,gemm,,,compile_error,5,LARGE,DOUBLE
exo,naive,gemver,0.003371,5.214,valid,5,LARGE,DOUBLE
exo,naive,gemver,1,0.003181,5,LARGE,DOUBLE
exo,naive,gemver,2,0.003029,5,LARGE,DOUBLE
exo,naive,gemver,3,0.003034,5,LARGE,DOUBLE
exo,naive,gemver,4,0.003053,5,LARGE,DOUBLE
exo,naive,gemver,5,0.003052,5,LARGE,DOUBLE
exo,naive,gesummv,0.006234,1.007,valid,5,LARGE,DOUBLE
exo,naive,gesummv,1,0.006254,5,LARGE,DOUBLE
exo,naive,gesummv,2,0.006279,5,LARGE,DOUBLE
exo,naive,gesummv,3,0.006237,5,LARGE,DOUBLE
exo,naive,gesummv,4,0.006215,5,LARGE,DOUBLE
exo,naive,gesummv,5,0.006210,5,LARGE,DOUBLE
exo,naive,gramschmidt,2.382178,,validity_error,5,LARGE,DOUBLE
exo,naive,heat-3d,,,compile_error,5,LARGE,DOUBLE
exo,naive,jacobi-1d,0.029481,0.032,valid,5,LARGE,DOUBLE
exo,naive,jacobi-1d,1,0.033807,5,LARGE,DOUBLE
exo,naive,jacobi-1d,2,0.029254,5,LARGE,DOUBLE
exo,naive,jacobi-1d,3,0.029001,5,LARGE,DOUBLE
exo,naive,jacobi-1d,4,0.028834,5,LARGE,DOUBLE
exo,naive,jacobi-1d,5,0.029107,5,LARGE,DOUBLE
exo,naive,jacobi-2d,,,compile_error,5,LARGE,DOUBLE
exo,naive,lu,2.958064,1.477,valid,5,LARGE,DOUBLE
exo,naive,lu,1,2.934609,5,LARGE,DOUBLE
exo,naive,lu,2,2.932094,5,LARGE,DOUBLE
exo,naive,lu,3,2.943680,5,LARGE,DOUBLE
exo,naive,lu,4,2.910491,5,LARGE,DOUBLE
exo,naive,lu,5,2.947964,5,LARGE,DOUBLE
exo,naive,ludcmp,4.416481,0.986,valid,5,LARGE,DOUBLE
exo,naive,ludcmp,1,4.373191,5,LARGE,DOUBLE
exo,naive,ludcmp,2,4.367056,5,LARGE,DOUBLE
exo,naive,ludcmp,3,4.367100,5,LARGE,DOUBLE
exo,naive,ludcmp,4,4.386775,5,LARGE,DOUBLE
exo,naive,ludcmp,5,4.409482,5,LARGE,DOUBLE
exo,naive,mvt,,,compile_error,5,LARGE,DOUBLE
exo,naive,nussinov,,,compile_error,5,LARGE,DOUBLE
exo,naive,seidel-2d,,,compile_error,5,LARGE,DOUBLE
exo,naive,symm,0.096069,16.484,valid,5,LARGE,DOUBLE
exo,naive,symm,1,0.098168,5,LARGE,DOUBLE
exo,naive,symm,2,0.100874,5,LARGE,DOUBLE
exo,naive,symm,3,0.096901,5,LARGE,DOUBLE
exo,naive,symm,4,0.098697,5,LARGE,DOUBLE
exo,naive,symm,5,0.099651,5,LARGE,DOUBLE
exo,naive,syr2k,0.059261,22.313,valid,5,LARGE,DOUBLE
exo,naive,syr2k,1,0.058727,5,LARGE,DOUBLE
exo,naive,syr2k,2,0.059696,5,LARGE,DOUBLE
exo,naive,syr2k,3,0.059905,5,LARGE,DOUBLE
exo,naive,syr2k,4,0.058979,5,LARGE,DOUBLE
exo,naive,syr2k,5,0.058177,5,LARGE,DOUBLE
exo,naive,syrk,0.682477,0.960,valid,5,LARGE,DOUBLE
exo,naive,syrk,1,0.682115,5,LARGE,DOUBLE
exo,naive,syrk,2,0.679633,5,LARGE,DOUBLE
exo,naive,syrk,3,0.680413,5,LARGE,DOUBLE
exo,naive,syrk,4,0.681765,5,LARGE,DOUBLE
exo,naive,syrk,5,0.681104,5,LARGE,DOUBLE
exo,naive,trisolv,0.003088,1.010,valid,5,LARGE,DOUBLE
exo,naive,trisolv,1,0.003108,5,LARGE,DOUBLE
exo,naive,trisolv,2,0.003105,5,LARGE,DOUBLE
exo,naive,trisolv,3,0.003081,5,LARGE,DOUBLE
exo,naive,trisolv,4,0.003076,5,LARGE,DOUBLE
exo,naive,trisolv,5,0.003133,5,LARGE,DOUBLE
exo,naive,trmm,0.056576,17.546,valid,5,LARGE,DOUBLE
exo,naive,trmm,1,0.056927,5,LARGE,DOUBLE
exo,naive,trmm,2,0.056740,5,LARGE,DOUBLE
exo,naive,trmm,3,0.056465,5,LARGE,DOUBLE
exo,naive,trmm,4,0.057760,5,LARGE,DOUBLE
exo,naive,trmm,5,0.056696,5,LARGE,DOUBLE
