-- The C compiler identification is GNU 15.2.0
-- Detecting C compiler ABI info
-- Detecting C compiler ABI info - done
-- Check for working C compiler: /usr/local/latestgcc/bin/gcc - skipped
-- Detecting C compile features
-- Detecting C compile features - done
-- Configuring done (0.3s)
-- Generating done (0.8s)
-- Build files have been written to: /home/kleplj/naive/optimization/naive/PolybenchC-4.2.1/build
[  4%] Building C object CMakeFiles/correlation.dir/datamining/correlation/correlation.c.o
[  4%] Building C object CMakeFiles/covariance.dir/datamining/covariance/covariance.c.o
[  5%] Building C object CMakeFiles/covariance.dir/utilities/polybench.c.o
[ 10%] Building C object CMakeFiles/correlation.dir/utilities/polybench.c.o
[ 11%] Building C object CMakeFiles/cholesky.dir/linear-algebra/solvers/cholesky/cholesky.c.o
[ 10%] Building C object CMakeFiles/durbin.dir/linear-algebra/solvers/durbin/durbin.c.o
[ 10%] Building C object CMakeFiles/lu.dir/utilities/polybench.c.o
[ 13%] Building C object CMakeFiles/durbin.dir/utilities/polybench.c.o
[ 18%] Building C object CMakeFiles/ludcmp.dir/linear-algebra/solvers/ludcmp/ludcmp.c.o
[ 13%] Building C object CMakeFiles/lu.dir/linear-algebra/solvers/lu/lu.c.o
[ 13%] Building C object CMakeFiles/cholesky.dir/utilities/polybench.c.o
[ 31%] Building C object CMakeFiles/symm.dir/linear-algebra/blas/symm/symm.c.o
[ 31%] Building C object CMakeFiles/trmm.dir/utilities/polybench.c.o
[ 50%] Building C object CMakeFiles/2mm.dir/utilities/polybench.c.o
[ 66%] Building C object CMakeFiles/nussinov.dir/medley/nussinov/nussinov.c.o
[ 66%] Building C object CMakeFiles/syr2k.dir/utilities/polybench.c.o
[ 66%] Building C object CMakeFiles/heat-3d.dir/utilities/polybench.c.o
[ 66%] Building C object CMakeFiles/floyd-warshall.dir/utilities/polybench.c.o
[ 66%] Building C object CMakeFiles/jacobi-1d.dir/utilities/polybench.c.o
[ 66%] Building C object CMakeFiles/doitgen.dir/linear-algebra/kernels/doitgen/doitgen.c.o
[ 66%] Building C object CMakeFiles/nussinov.dir/utilities/polybench.c.o
[ 66%] Building C object CMakeFiles/2mm.dir/linear-algebra/kernels/2mm/2mm.c.o
[ 66%] Building C object CMakeFiles/symm.dir/utilities/polybench.c.o
[ 66%] Building C object CMakeFiles/adi.dir/utilities/polybench.c.o
[ 66%] Building C object CMakeFiles/syr2k.dir/linear-algebra/blas/syr2k/syr2k.c.o
[ 66%] Building C object CMakeFiles/gemver.dir/utilities/polybench.c.o
[ 66%] Building C object CMakeFiles/doitgen.dir/utilities/polybench.c.o
[ 66%] Building C object CMakeFiles/fdtd-2d.dir/utilities/polybench.c.o
[ 66%] Building C object CMakeFiles/floyd-warshall.dir/medley/floyd-warshall/floyd-warshall.c.o
[ 66%] Building C object CMakeFiles/mvt.dir/linear-algebra/kernels/mvt/mvt.c.o
[ 66%] Building C object CMakeFiles/gemm.dir/utilities/polybench.c.o
[ 66%] Building C object CMakeFiles/deriche.dir/medley/deriche/deriche.c.o
[ 66%] Building C object CMakeFiles/syrk.dir/utilities/polybench.c.o
[ 66%] Building C object CMakeFiles/ludcmp.dir/utilities/polybench.c.o
[ 66%] Building C object CMakeFiles/gemm.dir/linear-algebra/blas/gemm/gemm.c.o
[ 66%] Building C object CMakeFiles/gemver.dir/linear-algebra/blas/gemver/gemver.c.o
[ 66%] Building C object CMakeFiles/atax.dir/utilities/polybench.c.o
[ 66%] Building C object CMakeFiles/trisolv.dir/utilities/polybench.c.o
[ 66%] Building C object CMakeFiles/trmm.dir/linear-algebra/blas/trmm/trmm.c.o
[ 66%] Building C object CMakeFiles/bicg.dir/linear-algebra/kernels/bicg/bicg.c.o
[ 66%] Building C object CMakeFiles/gramschmidt.dir/utilities/polybench.c.o
[ 66%] Building C object CMakeFiles/syrk.dir/linear-algebra/blas/syrk/syrk.c.o
[ 66%] Building C object CMakeFiles/3mm.dir/linear-algebra/kernels/3mm/3mm.c.o
[ 66%] Building C object CMakeFiles/jacobi-1d.dir/stencils/jacobi-1d/jacobi-1d.c.o
[ 66%] Building C object CMakeFiles/seidel-2d.dir/utilities/polybench.c.o
[ 66%] Building C object CMakeFiles/heat-3d.dir/stencils/heat-3d/heat-3d.c.o
[ 66%] Building C object CMakeFiles/gramschmidt.dir/linear-algebra/solvers/gramschmidt/gramschmidt.c.o
[ 66%] Building C object CMakeFiles/jacobi-2d.dir/utilities/polybench.c.o
[ 66%] Building C object CMakeFiles/mvt.dir/utilities/polybench.c.o
[ 66%] Building C object CMakeFiles/bicg.dir/utilities/polybench.c.o
[ 66%] Building C object CMakeFiles/deriche.dir/utilities/polybench.c.o
[ 66%] Building C object CMakeFiles/atax.dir/linear-algebra/kernels/atax/atax.c.o
[ 66%] Building C object CMakeFiles/gesummv.dir/linear-algebra/blas/gesummv/gesummv.c.o
[ 66%] Building C object CMakeFiles/fdtd-2d.dir/stencils/fdtd-2d/fdtd-2d.c.o
[ 66%] Building C object CMakeFiles/trisolv.dir/linear-algebra/solvers/trisolv/trisolv.c.o
[ 66%] Building C object CMakeFiles/seidel-2d.dir/stencils/seidel-2d/seidel-2d.c.o
[ 66%] Building C object CMakeFiles/jacobi-2d.dir/stencils/jacobi-2d/jacobi-2d.c.o
[ 66%] Building C object CMakeFiles/adi.dir/stencils/adi/adi.c.o
[ 66%] Building C object CMakeFiles/3mm.dir/utilities/polybench.c.o
[ 66%] Building C object CMakeFiles/gesummv.dir/utilities/polybench.c.o
[ 67%] Linking C executable durbin
[ 68%] Linking C executable covariance
[ 68%] Built target durbin
[ 71%] Linking C executable nussinov
[ 71%] Linking C executable cholesky
[ 71%] Built target covariance
[ 72%] Linking C executable trmm
[ 73%] Linking C executable correlation
[ 74%] Linking C executable lu
[ 75%] Linking C executable bicg
[ 76%] Linking C executable trisolv
[ 77%] Linking C executable atax
[ 80%] Linking C executable mvt
[ 80%] Linking C executable syrk
[ 82%] Linking C executable adi
[ 82%] Linking C executable gesummv
[ 83%] Linking C executable doitgen
[ 84%] Linking C executable floyd-warshall
[ 85%] Linking C executable deriche
[ 85%] Built target cholesky
[ 85%] Built target nussinov
[ 85%] Built target correlation
[ 85%] Built target trmm
[ 86%] Linking C executable syr2k
[ 87%] Linking C executable gemver
[ 87%] Built target lu
[ 87%] Built target bicg
[ 87%] Built target trisolv
[ 88%] Built target atax
[ 88%] Linking C executable jacobi-2d
[ 90%] Linking C executable symm
[ 90%] Built target mvt
[ 90%] Built target syrk
[ 90%] Built target gesummv
[ 90%] Built target adi
[ 90%] Built target doitgen
[ 91%] Linking C executable 3mm
[ 91%] Built target floyd-warshall
[ 91%] Built target deriche
[ 92%] Linking C executable fdtd-2d
[ 92%] Built target syr2k
[ 92%] Built target gemver
[ 92%] Built target jacobi-2d
[ 93%] Built target symm
[ 94%] Linking C executable gramschmidt
[ 94%] Linking C executable heat-3d
[ 94%] Built target 3mm
[ 94%] Built target fdtd-2d
[ 94%] Built target heat-3d
[ 94%] Built target gramschmidt
[ 95%] Linking C executable 2mm
[ 96%] Linking C executable gemm
[ 96%] Built target 2mm
[ 96%] Built target gemm
c,naive,2mm,0.000147,3.061,valid,1,SMALL,DOUBLE
c,naive,2mm,1,0.000136,1,SMALL,DOUBLE
c,naive,2mm,2,0.000144,1,SMALL,DOUBLE
c,naive,2mm,3,0.000133,1,SMALL,DOUBLE
c,naive,2mm,4,0.000134,1,SMALL,DOUBLE
c,naive,2mm,5,0.000132,1,SMALL,DOUBLE
c,naive,3mm,0.000186,4.328,valid,1,SMALL,DOUBLE
c,naive,3mm,1,0.000185,1,SMALL,DOUBLE
c,naive,3mm,2,0.000185,1,SMALL,DOUBLE
c,naive,3mm,3,0.000184,1,SMALL,DOUBLE
c,naive,3mm,4,0.000200,1,SMALL,DOUBLE
c,naive,3mm,5,0.000184,1,SMALL,DOUBLE
c,naive,adi,0.002776,1.004,valid,1,SMALL,DOUBLE
c,naive,adi,1,0.002758,1,SMALL,DOUBLE
c,naive,adi,2,0.002777,1,SMALL,DOUBLE
c,naive,adi,3,0.002756,1,SMALL,DOUBLE
c,naive,adi,4,0.002776,1,SMALL,DOUBLE
c,naive,adi,5,0.002785,1,SMALL,DOUBLE
c,naive,atax,0.000038,1.026,valid,1,SMALL,DOUBLE
c,naive,atax,1,0.000040,1,SMALL,DOUBLE
c,naive,atax,2,0.000038,1,SMALL,DOUBLE
c,naive,atax,3,0.000036,1,SMALL,DOUBLE
c,naive,atax,4,0.000035,1,SMALL,DOUBLE
c,naive,atax,5,0.000038,1,SMALL,DOUBLE
c,naive,bicg,0.000024,2.250,valid,1,SMALL,DOUBLE
c,naive,bicg,1,0.000024,1,SMALL,DOUBLE
c,naive,bicg,2,0.000022,1,SMALL,DOUBLE
c,naive,bicg,3,0.000022,1,SMALL,DOUBLE
c,naive,bicg,4,0.000022,1,SMALL,DOUBLE
c,naive,bicg,5,0.000021,1,SMALL,DOUBLE
c,naive,cholesky,0.000323,1.207,valid,1,SMALL,DOUBLE
c,naive,cholesky,1,0.000337,1,SMALL,DOUBLE
c,naive,cholesky,2,0.000334,1,SMALL,DOUBLE
c,naive,cholesky,3,0.000324,1,SMALL,DOUBLE
c,naive,cholesky,4,0.000334,1,SMALL,DOUBLE
c,naive,cholesky,5,0.000323,1,SMALL,DOUBLE
c,naive,correlation,0.000204,3.020,valid,1,SMALL,DOUBLE
c,naive,correlation,1,0.000206,1,SMALL,DOUBLE
c,naive,correlation,2,0.000212,1,SMALL,DOUBLE
c,naive,correlation,3,0.000202,1,SMALL,DOUBLE
c,naive,correlation,4,0.000200,1,SMALL,DOUBLE
c,naive,correlation,5,0.000204,1,SMALL,DOUBLE
c,naive,covariance,0.000549,1.137,valid,1,SMALL,DOUBLE
c,naive,covariance,1,0.000544,1,SMALL,DOUBLE
c,naive,covariance,2,0.000543,1,SMALL,DOUBLE
c,naive,covariance,3,0.000558,1,SMALL,DOUBLE
c,naive,covariance,4,0.000559,1,SMALL,DOUBLE
c,naive,covariance,5,0.000569,1,SMALL,DOUBLE
c,naive,deriche,0.000660,1.270,valid,1,SMALL,DOUBLE
c,naive,deriche,1,0.000659,1,SMALL,DOUBLE
c,naive,deriche,2,0.000653,1,SMALL,DOUBLE
c,naive,deriche,3,0.000652,1,SMALL,DOUBLE
c,naive,deriche,4,0.000662,1,SMALL,DOUBLE
c,naive,deriche,5,0.000658,1,SMALL,DOUBLE
c,naive,doitgen,0.000176,3.722,valid,1,SMALL,DOUBLE
c,naive,doitgen,1,0.000170,1,SMALL,DOUBLE
c,naive,doitgen,2,0.000166,1,SMALL,DOUBLE
c,naive,doitgen,3,0.000165,1,SMALL,DOUBLE
c,naive,doitgen,4,0.000165,1,SMALL,DOUBLE
c,naive,doitgen,5,0.000166,1,SMALL,DOUBLE
c,naive,durbin,0.000015,1.267,valid,1,SMALL,DOUBLE
c,naive,durbin,1,0.000014,1,SMALL,DOUBLE
c,naive,durbin,2,0.000014,1,SMALL,DOUBLE
c,naive,durbin,3,0.000014,1,SMALL,DOUBLE
c,naive,durbin,4,0.000014,1,SMALL,DOUBLE
c,naive,durbin,5,0.000015,1,SMALL,DOUBLE
c,naive,fdtd-2d,0.000275,1.167,valid,1,SMALL,DOUBLE
c,naive,fdtd-2d,1,0.000277,1,SMALL,DOUBLE
c,naive,fdtd-2d,2,0.000283,1,SMALL,DOUBLE
c,naive,fdtd-2d,3,0.000275,1,SMALL,DOUBLE
c,naive,fdtd-2d,4,0.000274,1,SMALL,DOUBLE
c,naive,fdtd-2d,5,0.000273,1,SMALL,DOUBLE
c,naive,floyd-warshall,0.003031,2.440,valid,1,SMALL,DOUBLE
c,naive,floyd-warshall,1,0.002968,1,SMALL,DOUBLE
c,naive,floyd-warshall,2,0.003000,1,SMALL,DOUBLE
c,naive,floyd-warshall,3,0.003008,1,SMALL,DOUBLE
c,naive,floyd-warshall,4,0.003056,1,SMALL,DOUBLE
c,naive,floyd-warshall,5,0.002977,1,SMALL,DOUBLE
c,naive,gemm,0.000119,0.874,valid,1,SMALL,DOUBLE
c,naive,gemm,1,0.000119,1,SMALL,DOUBLE
c,naive,gemm,2,0.000118,1,SMALL,DOUBLE
c,naive,gemm,3,0.000117,1,SMALL,DOUBLE
c,naive,gemm,4,0.000127,1,SMALL,DOUBLE
c,naive,gemm,5,0.000119,1,SMALL,DOUBLE
c,naive,gemver,0.000045,1.489,valid,1,SMALL,DOUBLE
c,naive,gemver,1,0.000047,1,SMALL,DOUBLE
c,naive,gemver,2,0.000046,1,SMALL,DOUBLE
c,naive,gemver,3,0.000046,1,SMALL,DOUBLE
c,naive,gemver,4,0.000045,1,SMALL,DOUBLE
c,naive,gemver,5,0.000044,1,SMALL,DOUBLE
c,naive,gesummv,0.000041,0.756,valid,1,SMALL,DOUBLE
c,naive,gesummv,1,0.000040,1,SMALL,DOUBLE
c,naive,gesummv,2,0.000040,1,SMALL,DOUBLE
c,naive,gesummv,3,0.000040,1,SMALL,DOUBLE
c,naive,gesummv,4,0.000040,1,SMALL,DOUBLE
c,naive,gesummv,5,0.000042,1,SMALL,DOUBLE
c,naive,gramschmidt,0.000164,2.628,valid,1,SMALL,DOUBLE
c,naive,gramschmidt,1,0.000166,1,SMALL,DOUBLE
c,naive,gramschmidt,2,0.000155,1,SMALL,DOUBLE
c,naive,gramschmidt,3,0.000151,1,SMALL,DOUBLE
c,naive,gramschmidt,4,0.000150,1,SMALL,DOUBLE
c,naive,gramschmidt,5,0.000151,1,SMALL,DOUBLE
c,naive,heat-3d,0.003226,0.156,valid,1,SMALL,DOUBLE
c,naive,heat-3d,1,0.003310,1,SMALL,DOUBLE
c,naive,heat-3d,2,0.003315,1,SMALL,DOUBLE
c,naive,heat-3d,3,0.003249,1,SMALL,DOUBLE
c,naive,heat-3d,4,0.003278,1,SMALL,DOUBLE
c,naive,heat-3d,5,0.003269,1,SMALL,DOUBLE
c,naive,jacobi-1d,,,compile_error,1,SMALL,DOUBLE
c,naive,jacobi-2d,0.000532,0.998,valid,1,SMALL,DOUBLE
c,naive,jacobi-2d,1,0.000528,1,SMALL,DOUBLE
c,naive,jacobi-2d,2,0.000517,1,SMALL,DOUBLE
c,naive,jacobi-2d,3,0.000530,1,SMALL,DOUBLE
c,naive,jacobi-2d,4,0.000517,1,SMALL,DOUBLE
c,naive,jacobi-2d,5,0.000530,1,SMALL,DOUBLE
c,naive,lu,0.000548,1.478,valid,1,SMALL,DOUBLE
c,naive,lu,1,0.000545,1,SMALL,DOUBLE
c,naive,lu,2,0.000554,1,SMALL,DOUBLE
c,naive,lu,3,0.000551,1,SMALL,DOUBLE
c,naive,lu,4,0.000546,1,SMALL,DOUBLE
c,naive,lu,5,0.000558,1,SMALL,DOUBLE
c,naive,ludcmp,,,compile_error,1,SMALL,DOUBLE
c,naive,mvt,0.000022,1.955,valid,1,SMALL,DOUBLE
c,naive,mvt,1,0.000021,1,SMALL,DOUBLE
c,naive,mvt,2,0.000021,1,SMALL,DOUBLE
c,naive,mvt,3,0.000021,1,SMALL,DOUBLE
c,naive,mvt,4,0.000021,1,SMALL,DOUBLE
c,naive,mvt,5,0.000020,1,SMALL,DOUBLE
c,naive,nussinov,0.001396,2.064,valid,1,SMALL,DOUBLE
c,naive,nussinov,1,0.001396,1,SMALL,DOUBLE
c,naive,nussinov,2,0.001396,1,SMALL,DOUBLE
c,naive,nussinov,3,0.001380,1,SMALL,DOUBLE
c,naive,nussinov,4,0.001385,1,SMALL,DOUBLE
c,naive,nussinov,5,0.001380,1,SMALL,DOUBLE
c,naive,seidel-2d,,,compile_error,1,SMALL,DOUBLE
c,naive,symm,0.000099,2.758,valid,1,SMALL,DOUBLE
c,naive,symm,1,0.000097,1,SMALL,DOUBLE
c,naive,symm,2,0.000098,1,SMALL,DOUBLE
c,naive,symm,3,0.000096,1,SMALL,DOUBLE
c,naive,symm,4,0.000097,1,SMALL,DOUBLE
c,naive,symm,5,0.000108,1,SMALL,DOUBLE
c,naive,syr2k,0.000215,1.047,valid,1,SMALL,DOUBLE
c,naive,syr2k,1,0.000216,1,SMALL,DOUBLE
c,naive,syr2k,2,0.000214,1,SMALL,DOUBLE
c,naive,syr2k,3,0.000215,1,SMALL,DOUBLE
c,naive,syr2k,4,0.000214,1,SMALL,DOUBLE
c,naive,syr2k,5,0.000215,1,SMALL,DOUBLE
c,naive,syrk,0.000042,2.405,valid,1,SMALL,DOUBLE
c,naive,syrk,1,0.000041,1,SMALL,DOUBLE
c,naive,syrk,2,0.000043,1,SMALL,DOUBLE
c,naive,syrk,3,0.000040,1,SMALL,DOUBLE
c,naive,syrk,4,0.000042,1,SMALL,DOUBLE
c,naive,syrk,5,0.000041,1,SMALL,DOUBLE
c,naive,trisolv,0.000014,0.857,valid,1,SMALL,DOUBLE
c,naive,trisolv,1,0.000013,1,SMALL,DOUBLE
c,naive,trisolv,2,0.000012,1,SMALL,DOUBLE
c,naive,trisolv,3,0.000013,1,SMALL,DOUBLE
c,naive,trisolv,4,0.000013,1,SMALL,DOUBLE
c,naive,trisolv,5,0.000013,1,SMALL,DOUBLE
c,naive,trmm,0.000049,3.857,valid,1,SMALL,DOUBLE
c,naive,trmm,1,0.000050,1,SMALL,DOUBLE
c,naive,trmm,2,0.000049,1,SMALL,DOUBLE
c,naive,trmm,3,0.000048,1,SMALL,DOUBLE
c,naive,trmm,4,0.000048,1,SMALL,DOUBLE
c,naive,trmm,5,0.000048,1,SMALL,DOUBLE
-- The C compiler identification is GNU 15.2.0
-- Detecting C compiler ABI info
-- Detecting C compiler ABI info - done
-- Check for working C compiler: /usr/local/latestgcc/bin/gcc - skipped
-- Detecting C compile features
-- Detecting C compile features - done
-- Configuring done (0.4s)
-- Generating done (1.0s)
-- Build files have been written to: /home/kleplj/naive/optimization/naive/PolybenchC-4.2.1/build
[  8%] Building C object CMakeFiles/durbin.dir/linear-algebra/solvers/durbin/durbin.c.o
[  8%] Building C object CMakeFiles/gramschmidt.dir/linear-algebra/solvers/gramschmidt/gramschmidt.c.o
[  8%] Building C object CMakeFiles/cholesky.dir/linear-algebra/solvers/cholesky/cholesky.c.o
[  8%] Building C object CMakeFiles/covariance.dir/datamining/covariance/covariance.c.o
[  8%] Building C object CMakeFiles/correlation.dir/datamining/correlation/correlation.c.o
[  8%] Building C object CMakeFiles/correlation.dir/utilities/polybench.c.o
[ 24%] Building C object CMakeFiles/cholesky.dir/utilities/polybench.c.o
[ 24%] Building C object CMakeFiles/trmm.dir/utilities/polybench.c.o
[ 24%] Building C object CMakeFiles/gesummv.dir/linear-algebra/blas/gesummv/gesummv.c.o
[ 62%] Building C object CMakeFiles/seidel-2d.dir/stencils/seidel-2d/seidel-2d.c.o
[ 66%] Building C object CMakeFiles/fdtd-2d.dir/stencils/fdtd-2d/fdtd-2d.c.o
[ 66%] Building C object CMakeFiles/doitgen.dir/linear-algebra/kernels/doitgen/doitgen.c.o
[ 66%] Building C object CMakeFiles/jacobi-1d.dir/utilities/polybench.c.o
[ 66%] Building C object CMakeFiles/floyd-warshall.dir/utilities/polybench.c.o
[ 66%] Building C object CMakeFiles/nussinov.dir/medley/nussinov/nussinov.c.o
[ 66%] Building C object CMakeFiles/gemver.dir/linear-algebra/blas/gemver/gemver.c.o
[ 66%] Building C object CMakeFiles/lu.dir/linear-algebra/solvers/lu/lu.c.o
[ 66%] Building C object CMakeFiles/mvt.dir/utilities/polybench.c.o
[ 66%] Building C object CMakeFiles/seidel-2d.dir/utilities/polybench.c.o
[ 66%] Building C object CMakeFiles/heat-3d.dir/utilities/polybench.c.o
[ 66%] Building C object CMakeFiles/syrk.dir/linear-algebra/blas/syrk/syrk.c.o
[ 66%] Building C object CMakeFiles/doitgen.dir/utilities/polybench.c.o
[ 66%] Building C object CMakeFiles/trisolv.dir/utilities/polybench.c.o
[ 66%] Building C object CMakeFiles/gemver.dir/utilities/polybench.c.o
[ 66%] Building C object CMakeFiles/3mm.dir/utilities/polybench.c.o
[ 66%] Building C object CMakeFiles/syr2k.dir/linear-algebra/blas/syr2k/syr2k.c.o
[ 66%] Building C object CMakeFiles/floyd-warshall.dir/medley/floyd-warshall/floyd-warshall.c.o
[ 66%] Building C object CMakeFiles/mvt.dir/linear-algebra/kernels/mvt/mvt.c.o
[ 66%] Building C object CMakeFiles/ludcmp.dir/linear-algebra/solvers/ludcmp/ludcmp.c.o
[ 66%] Building C object CMakeFiles/deriche.dir/utilities/polybench.c.o
[ 66%] Building C object CMakeFiles/jacobi-2d.dir/stencils/jacobi-2d/jacobi-2d.c.o
[ 66%] Building C object CMakeFiles/deriche.dir/medley/deriche/deriche.c.o
[ 66%] Building C object CMakeFiles/lu.dir/utilities/polybench.c.o
[ 66%] Building C object CMakeFiles/heat-3d.dir/stencils/heat-3d/heat-3d.c.o
[ 66%] Building C object CMakeFiles/3mm.dir/linear-algebra/kernels/3mm/3mm.c.o
[ 66%] Building C object CMakeFiles/fdtd-2d.dir/utilities/polybench.c.o
[ 66%] Building C object CMakeFiles/2mm.dir/utilities/polybench.c.o
[ 66%] Building C object CMakeFiles/gramschmidt.dir/utilities/polybench.c.o
[ 66%] Building C object CMakeFiles/syr2k.dir/utilities/polybench.c.o
[ 66%] Building C object CMakeFiles/bicg.dir/utilities/polybench.c.o
[ 66%] Building C object CMakeFiles/symm.dir/linear-algebra/blas/symm/symm.c.o
[ 66%] Building C object CMakeFiles/trmm.dir/linear-algebra/blas/trmm/trmm.c.o
[ 66%] Building C object CMakeFiles/nussinov.dir/utilities/polybench.c.o
[ 66%] Building C object CMakeFiles/trisolv.dir/linear-algebra/solvers/trisolv/trisolv.c.o
[ 66%] Building C object CMakeFiles/atax.dir/linear-algebra/kernels/atax/atax.c.o
[ 66%] Building C object CMakeFiles/durbin.dir/utilities/polybench.c.o
[ 66%] Building C object CMakeFiles/covariance.dir/utilities/polybench.c.o
[ 66%] Building C object CMakeFiles/gemm.dir/linear-algebra/blas/gemm/gemm.c.o
[ 66%] Building C object CMakeFiles/ludcmp.dir/utilities/polybench.c.o
[ 66%] Building C object CMakeFiles/gesummv.dir/utilities/polybench.c.o
[ 66%] Building C object CMakeFiles/atax.dir/utilities/polybench.c.o
[ 66%] Building C object CMakeFiles/symm.dir/utilities/polybench.c.o
[ 66%] Building C object CMakeFiles/jacobi-1d.dir/stencils/jacobi-1d/jacobi-1d.c.o
[ 66%] Building C object CMakeFiles/bicg.dir/linear-algebra/kernels/bicg/bicg.c.o
[ 66%] Building C object CMakeFiles/jacobi-2d.dir/utilities/polybench.c.o
[ 66%] Building C object CMakeFiles/2mm.dir/linear-algebra/kernels/2mm/2mm.c.o
[ 66%] Building C object CMakeFiles/gemm.dir/utilities/polybench.c.o
[ 66%] Building C object CMakeFiles/adi.dir/utilities/polybench.c.o
[ 66%] Building C object CMakeFiles/syrk.dir/utilities/polybench.c.o
[ 66%] Building C object CMakeFiles/adi.dir/stencils/adi/adi.c.o
[ 67%] Linking C executable deriche
[ 71%] Linking C executable covariance
[ 72%] Linking C executable seidel-2d
[ 72%] Linking C executable gesummv
[ 72%] Linking C executable durbin
[ 73%] Linking C executable floyd-warshall
[ 74%] Linking C executable adi
[ 76%] Linking C executable mvt
[ 76%] Linking C executable gemver
[ 77%] Linking C executable lu
[ 78%] Linking C executable jacobi-2d
[ 81%] Linking C executable nussinov
[ 81%] Linking C executable trisolv
[ 83%] Linking C executable atax
[ 83%] Linking C executable correlation
[ 84%] Linking C executable syrk
[ 87%] Linking C executable bicg
[ 88%] Linking C executable heat-3d
[ 88%] Linking C executable jacobi-1d
[ 90%] Linking C executable trmm
[ 90%] Linking C executable doitgen
[ 90%] Built target deriche
[ 90%] Built target covariance
[ 90%] Built target seidel-2d
[ 90%] Built target gesummv
[ 90%] Built target durbin
[ 90%] Built target floyd-warshall
[ 92%] Linking C executable syr2k
[ 92%] Linking C executable cholesky
[ 92%] Built target adi
[ 93%] Built target mvt
[ 93%] Linking C executable symm
[ 93%] Built target gemver
[ 93%] Built target lu
[ 94%] Linking C executable fdtd-2d
[ 94%] Built target jacobi-2d
[ 95%] Linking C executable 2mm
[ 95%] Built target trisolv
[ 95%] Built target nussinov
[ 95%] Built target correlation
[ 95%] Built target atax
[ 96%] Linking C executable gramschmidt
[ 96%] Built target syrk
[ 96%] Built target bicg
[ 96%] Built target heat-3d
[ 96%] Built target trmm
[ 96%] Built target jacobi-1d
[ 96%] Built target doitgen
[ 97%] Linking C executable gemm
[ 97%] Built target syr2k
[ 97%] Built target cholesky
[ 97%] Built target symm
[ 97%] Built target fdtd-2d
[ 98%] Linking C executable ludcmp
[ 98%] Built target 2mm
[ 98%] Built target gramschmidt
[ 98%] Built target gemm
[ 98%] Built target ludcmp
[100%] Linking C executable 3mm
[100%] Built target 3mm
c,naive,2mm,0.000110,4.009,valid,2,SMALL,DOUBLE
c,naive,2mm,1,0.000110,2,SMALL,DOUBLE
c,naive,2mm,2,0.000108,2,SMALL,DOUBLE
c,naive,2mm,3,0.000109,2,SMALL,DOUBLE
c,naive,2mm,4,0.000109,2,SMALL,DOUBLE
c,naive,2mm,5,0.000109,2,SMALL,DOUBLE
c,naive,3mm,0.000205,3.785,valid,2,SMALL,DOUBLE
c,naive,3mm,1,0.000203,2,SMALL,DOUBLE
c,naive,3mm,2,0.000203,2,SMALL,DOUBLE
c,naive,3mm,3,0.000204,2,SMALL,DOUBLE
c,naive,3mm,4,0.000202,2,SMALL,DOUBLE
c,naive,3mm,5,0.000198,2,SMALL,DOUBLE
c,naive,adi,0.003140,0.888,valid,2,SMALL,DOUBLE
c,naive,adi,1,0.003128,2,SMALL,DOUBLE
c,naive,adi,2,0.003139,2,SMALL,DOUBLE
c,naive,adi,3,0.003138,2,SMALL,DOUBLE
c,naive,adi,4,0.003135,2,SMALL,DOUBLE
c,naive,adi,5,0.003132,2,SMALL,DOUBLE
c,naive,atax,0.000037,1.027,valid,2,SMALL,DOUBLE
c,naive,atax,1,0.000039,2,SMALL,DOUBLE
c,naive,atax,2,0.000026,2,SMALL,DOUBLE
c,naive,atax,3,0.000037,2,SMALL,DOUBLE
c,naive,atax,4,0.000038,2,SMALL,DOUBLE
c,naive,atax,5,0.000035,2,SMALL,DOUBLE
c,naive,bicg,0.000023,2.348,valid,2,SMALL,DOUBLE
c,naive,bicg,1,0.000022,2,SMALL,DOUBLE
c,naive,bicg,2,0.000022,2,SMALL,DOUBLE
c,naive,bicg,3,0.000021,2,SMALL,DOUBLE
c,naive,bicg,4,0.000022,2,SMALL,DOUBLE
c,naive,bicg,5,0.000022,2,SMALL,DOUBLE
c,naive,cholesky,0.000330,1.206,valid,2,SMALL,DOUBLE
c,naive,cholesky,1,0.000329,2,SMALL,DOUBLE
c,naive,cholesky,2,0.000328,2,SMALL,DOUBLE
c,naive,cholesky,3,0.000339,2,SMALL,DOUBLE
c,naive,cholesky,4,0.000338,2,SMALL,DOUBLE
c,naive,cholesky,5,0.000329,2,SMALL,DOUBLE
c,naive,correlation,0.000223,2.821,valid,2,SMALL,DOUBLE
c,naive,correlation,1,0.000210,2,SMALL,DOUBLE
c,naive,correlation,2,0.000210,2,SMALL,DOUBLE
c,naive,correlation,3,0.000210,2,SMALL,DOUBLE
c,naive,correlation,4,0.000208,2,SMALL,DOUBLE
c,naive,correlation,5,0.000221,2,SMALL,DOUBLE
c,naive,covariance,0.000556,1.129,valid,2,SMALL,DOUBLE
c,naive,covariance,1,0.000557,2,SMALL,DOUBLE
c,naive,covariance,2,0.000556,2,SMALL,DOUBLE
c,naive,covariance,3,0.000568,2,SMALL,DOUBLE
c,naive,covariance,4,0.000564,2,SMALL,DOUBLE
c,naive,covariance,5,0.000555,2,SMALL,DOUBLE
c,naive,deriche,0.000614,1.375,valid,2,SMALL,DOUBLE
c,naive,deriche,1,0.000604,2,SMALL,DOUBLE
c,naive,deriche,2,0.000606,2,SMALL,DOUBLE
c,naive,deriche,3,0.000614,2,SMALL,DOUBLE
c,naive,deriche,4,0.000619,2,SMALL,DOUBLE
c,naive,deriche,5,0.000604,2,SMALL,DOUBLE
c,naive,doitgen,0.000168,3.839,valid,2,SMALL,DOUBLE
c,naive,doitgen,1,0.000182,2,SMALL,DOUBLE
c,naive,doitgen,2,0.000169,2,SMALL,DOUBLE
c,naive,doitgen,3,0.000169,2,SMALL,DOUBLE
c,naive,doitgen,4,0.000168,2,SMALL,DOUBLE
c,naive,doitgen,5,0.000202,2,SMALL,DOUBLE
c,naive,durbin,0.000018,1.056,valid,2,SMALL,DOUBLE
c,naive,durbin,1,0.000019,2,SMALL,DOUBLE
c,naive,durbin,2,0.000018,2,SMALL,DOUBLE
c,naive,durbin,3,0.000018,2,SMALL,DOUBLE
c,naive,durbin,4,0.000018,2,SMALL,DOUBLE
c,naive,durbin,5,0.000018,2,SMALL,DOUBLE
c,naive,fdtd-2d,0.000325,1.163,valid,2,SMALL,DOUBLE
c,naive,fdtd-2d,1,0.000320,2,SMALL,DOUBLE
c,naive,fdtd-2d,2,0.000318,2,SMALL,DOUBLE
c,naive,fdtd-2d,3,0.000318,2,SMALL,DOUBLE
c,naive,fdtd-2d,4,0.000319,2,SMALL,DOUBLE
c,naive,fdtd-2d,5,0.000318,2,SMALL,DOUBLE
c,naive,floyd-warshall,0.003054,2.417,valid,2,SMALL,DOUBLE
c,naive,floyd-warshall,1,0.002938,2,SMALL,DOUBLE
c,naive,floyd-warshall,2,0.002849,2,SMALL,DOUBLE
c,naive,floyd-warshall,3,0.003025,2,SMALL,DOUBLE
c,naive,floyd-warshall,4,0.002993,2,SMALL,DOUBLE
c,naive,floyd-warshall,5,0.002916,2,SMALL,DOUBLE
c,naive,gemm,0.000116,0.905,valid,2,SMALL,DOUBLE
c,naive,gemm,1,0.000115,2,SMALL,DOUBLE
c,naive,gemm,2,0.000115,2,SMALL,DOUBLE
c,naive,gemm,3,0.000114,2,SMALL,DOUBLE
c,naive,gemm,4,0.000112,2,SMALL,DOUBLE
c,naive,gemm,5,0.000113,2,SMALL,DOUBLE
c,naive,gemver,0.000046,1.435,valid,2,SMALL,DOUBLE
c,naive,gemver,1,0.000046,2,SMALL,DOUBLE
c,naive,gemver,2,0.000046,2,SMALL,DOUBLE
c,naive,gemver,3,0.000045,2,SMALL,DOUBLE
c,naive,gemver,4,0.000045,2,SMALL,DOUBLE
c,naive,gemver,5,0.000045,2,SMALL,DOUBLE
c,naive,gesummv,0.000014,2.143,valid,2,SMALL,DOUBLE
c,naive,gesummv,1,0.000016,2,SMALL,DOUBLE
c,naive,gesummv,2,0.000016,2,SMALL,DOUBLE
c,naive,gesummv,3,0.000014,2,SMALL,DOUBLE
c,naive,gesummv,4,0.000013,2,SMALL,DOUBLE
c,naive,gesummv,5,0.000013,2,SMALL,DOUBLE
c,naive,gramschmidt,0.000180,,validity_error,2,SMALL,DOUBLE
c,naive,heat-3d,0.000498,1.010,valid,2,SMALL,DOUBLE
c,naive,heat-3d,1,0.000515,2,SMALL,DOUBLE
c,naive,heat-3d,2,0.000498,2,SMALL,DOUBLE
c,naive,heat-3d,3,0.000497,2,SMALL,DOUBLE
c,naive,heat-3d,4,0.000498,2,SMALL,DOUBLE
c,naive,heat-3d,5,0.000497,2,SMALL,DOUBLE
c,naive,jacobi-1d,0.000011,0.545,valid,2,SMALL,DOUBLE
c,naive,jacobi-1d,1,0.000012,2,SMALL,DOUBLE
c,naive,jacobi-1d,2,0.000012,2,SMALL,DOUBLE
c,naive,jacobi-1d,3,0.000011,2,SMALL,DOUBLE
c,naive,jacobi-1d,4,0.000011,2,SMALL,DOUBLE
c,naive,jacobi-1d,5,0.000011,2,SMALL,DOUBLE
c,naive,jacobi-2d,0.000520,1.250,valid,2,SMALL,DOUBLE
c,naive,jacobi-2d,1,0.000510,2,SMALL,DOUBLE
c,naive,jacobi-2d,2,0.000521,2,SMALL,DOUBLE
c,naive,jacobi-2d,3,0.000507,2,SMALL,DOUBLE
c,naive,jacobi-2d,4,0.000508,2,SMALL,DOUBLE
c,naive,jacobi-2d,5,0.000519,2,SMALL,DOUBLE
c,naive,lu,0.000550,1.478,valid,2,SMALL,DOUBLE
c,naive,lu,1,0.000561,2,SMALL,DOUBLE
c,naive,lu,2,0.000561,2,SMALL,DOUBLE
c,naive,lu,3,0.000559,2,SMALL,DOUBLE
c,naive,lu,4,0.000548,2,SMALL,DOUBLE
c,naive,lu,5,0.000546,2,SMALL,DOUBLE
c,naive,ludcmp,0.000590,1.247,valid,2,SMALL,DOUBLE
c,naive,ludcmp,1,0.000576,2,SMALL,DOUBLE
c,naive,ludcmp,2,0.000595,2,SMALL,DOUBLE
c,naive,ludcmp,3,0.000576,2,SMALL,DOUBLE
c,naive,ludcmp,4,0.000588,2,SMALL,DOUBLE
c,naive,ludcmp,5,0.000574,2,SMALL,DOUBLE
c,naive,mvt,0.000020,2.150,valid,2,SMALL,DOUBLE
c,naive,mvt,1,0.000021,2,SMALL,DOUBLE
c,naive,mvt,2,0.000020,2,SMALL,DOUBLE
c,naive,mvt,3,0.000020,2,SMALL,DOUBLE
c,naive,mvt,4,0.000020,2,SMALL,DOUBLE
c,naive,mvt,5,0.000020,2,SMALL,DOUBLE
c,naive,nussinov,0.001510,1.903,valid,2,SMALL,DOUBLE
c,naive,nussinov,1,0.001503,2,SMALL,DOUBLE
c,naive,nussinov,2,0.001503,2,SMALL,DOUBLE
c,naive,nussinov,3,0.001517,2,SMALL,DOUBLE
c,naive,nussinov,4,0.001502,2,SMALL,DOUBLE
c,naive,nussinov,5,0.001514,2,SMALL,DOUBLE
c,naive,seidel-2d,0.008227,0.898,valid,2,SMALL,DOUBLE
c,naive,seidel-2d,1,0.008190,2,SMALL,DOUBLE
c,naive,seidel-2d,2,0.008223,2,SMALL,DOUBLE
c,naive,seidel-2d,3,0.008240,2,SMALL,DOUBLE
c,naive,seidel-2d,4,0.008185,2,SMALL,DOUBLE
c,naive,seidel-2d,5,0.008192,2,SMALL,DOUBLE
c,naive,symm,0.000091,2.978,valid,2,SMALL,DOUBLE
c,naive,symm,1,0.000092,2,SMALL,DOUBLE
c,naive,symm,2,0.000100,2,SMALL,DOUBLE
c,naive,symm,3,0.000091,2,SMALL,DOUBLE
c,naive,symm,4,0.000092,2,SMALL,DOUBLE
c,naive,symm,5,0.000090,2,SMALL,DOUBLE
c,naive,syr2k,0.000228,1.114,valid,2,SMALL,DOUBLE
c,naive,syr2k,1,0.000218,2,SMALL,DOUBLE
c,naive,syr2k,2,0.000228,2,SMALL,DOUBLE
c,naive,syr2k,3,0.000219,2,SMALL,DOUBLE
c,naive,syr2k,4,0.000216,2,SMALL,DOUBLE
c,naive,syr2k,5,0.000218,2,SMALL,DOUBLE
c,naive,syrk,0.000179,0.564,valid,2,SMALL,DOUBLE
c,naive,syrk,1,0.000193,2,SMALL,DOUBLE
c,naive,syrk,2,0.000209,2,SMALL,DOUBLE
c,naive,syrk,3,0.000197,2,SMALL,DOUBLE
c,naive,syrk,4,0.000205,2,SMALL,DOUBLE
c,naive,syrk,5,0.000178,2,SMALL,DOUBLE
c,naive,trisolv,0.000014,0.929,valid,2,SMALL,DOUBLE
c,naive,trisolv,1,0.000014,2,SMALL,DOUBLE
c,naive,trisolv,2,0.000014,2,SMALL,DOUBLE
c,naive,trisolv,3,0.000013,2,SMALL,DOUBLE
c,naive,trisolv,4,0.000015,2,SMALL,DOUBLE
c,naive,trisolv,5,0.000013,2,SMALL,DOUBLE
c,naive,trmm,0.000049,3.571,valid,2,SMALL,DOUBLE
c,naive,trmm,1,0.000050,2,SMALL,DOUBLE
c,naive,trmm,2,0.000049,2,SMALL,DOUBLE
c,naive,trmm,3,0.000050,2,SMALL,DOUBLE
c,naive,trmm,4,0.000048,2,SMALL,DOUBLE
c,naive,trmm,5,0.000049,2,SMALL,DOUBLE
-- The C compiler identification is GNU 15.2.0
-- Detecting C compiler ABI info
-- Detecting C compiler ABI info - done
-- Check for working C compiler: /usr/local/latestgcc/bin/gcc - skipped
-- Detecting C compile features
-- Detecting C compile features - done
-- Configuring done (0.4s)
-- Generating done (0.8s)
-- Build files have been written to: /home/kleplj/naive/optimization/naive/PolybenchC-4.2.1/build
[  5%] Building C object CMakeFiles/correlation.dir/datamining/correlation/correlation.c.o
[  5%] Building C object CMakeFiles/correlation.dir/utilities/polybench.c.o
[ 13%] Building C object CMakeFiles/gramschmidt.dir/linear-algebra/solvers/gramschmidt/gramschmidt.c.o
[ 13%] Building C object CMakeFiles/covariance.dir/utilities/polybench.c.o
[ 13%] Building C object CMakeFiles/durbin.dir/linear-algebra/solvers/durbin/durbin.c.o
[ 13%] Building C object CMakeFiles/cholesky.dir/utilities/polybench.c.o
[ 13%] Building C object CMakeFiles/cholesky.dir/linear-algebra/solvers/cholesky/cholesky.c.o
[ 13%] Building C object CMakeFiles/covariance.dir/datamining/covariance/covariance.c.o
[ 13%] Building C object CMakeFiles/lu.dir/linear-algebra/solvers/lu/lu.c.o
[ 33%] Building C object CMakeFiles/ludcmp.dir/utilities/polybench.c.o
[ 33%] Building C object CMakeFiles/syr2k.dir/linear-algebra/blas/syr2k/syr2k.c.o
[ 66%] Building C object CMakeFiles/gemm.dir/linear-algebra/blas/gemm/gemm.c.o
[ 66%] Building C object CMakeFiles/floyd-warshall.dir/medley/floyd-warshall/floyd-warshall.c.o
[ 66%] Building C object CMakeFiles/2mm.dir/utilities/polybench.c.o
[ 66%] Building C object CMakeFiles/floyd-warshall.dir/utilities/polybench.c.o
[ 66%] Building C object CMakeFiles/adi.dir/utilities/polybench.c.o
[ 66%] Building C object CMakeFiles/atax.dir/utilities/polybench.c.o
[ 66%] Building C object CMakeFiles/jacobi-1d.dir/stencils/jacobi-1d/jacobi-1d.c.o
[ 66%] Building C object CMakeFiles/syrk.dir/utilities/polybench.c.o
[ 66%] Building C object CMakeFiles/nussinov.dir/utilities/polybench.c.o
[ 66%] Building C object CMakeFiles/symm.dir/utilities/polybench.c.o
[ 66%] Building C object CMakeFiles/syrk.dir/linear-algebra/blas/syrk/syrk.c.o
[ 66%] Building C object CMakeFiles/jacobi-1d.dir/utilities/polybench.c.o
[ 66%] Building C object CMakeFiles/seidel-2d.dir/stencils/seidel-2d/seidel-2d.c.o
[ 66%] Building C object CMakeFiles/durbin.dir/utilities/polybench.c.o
[ 66%] Building C object CMakeFiles/gesummv.dir/linear-algebra/blas/gesummv/gesummv.c.o
[ 66%] Building C object CMakeFiles/gemm.dir/utilities/polybench.c.o
[ 66%] Building C object CMakeFiles/3mm.dir/utilities/polybench.c.o
[ 66%] Building C object CMakeFiles/trisolv.dir/linear-algebra/solvers/trisolv/trisolv.c.o
[ 66%] Building C object CMakeFiles/doitgen.dir/utilities/polybench.c.o
[ 66%] Building C object CMakeFiles/trmm.dir/linear-algebra/blas/trmm/trmm.c.o
[ 66%] Building C object CMakeFiles/bicg.dir/linear-algebra/kernels/bicg/bicg.c.o
[ 66%] Building C object CMakeFiles/heat-3d.dir/stencils/heat-3d/heat-3d.c.o
[ 66%] Building C object CMakeFiles/fdtd-2d.dir/stencils/fdtd-2d/fdtd-2d.c.o
[ 66%] Building C object CMakeFiles/2mm.dir/linear-algebra/kernels/2mm/2mm.c.o
[ 66%] Building C object CMakeFiles/trisolv.dir/utilities/polybench.c.o
[ 66%] Building C object CMakeFiles/adi.dir/stencils/adi/adi.c.o
[ 66%] Building C object CMakeFiles/fdtd-2d.dir/utilities/polybench.c.o
[ 66%] Building C object CMakeFiles/deriche.dir/medley/deriche/deriche.c.o
[ 66%] Building C object CMakeFiles/ludcmp.dir/linear-algebra/solvers/ludcmp/ludcmp.c.o
[ 66%] Building C object CMakeFiles/jacobi-2d.dir/utilities/polybench.c.o
[ 66%] Building C object CMakeFiles/deriche.dir/utilities/polybench.c.o
[ 66%] Building C object CMakeFiles/doitgen.dir/linear-algebra/kernels/doitgen/doitgen.c.o
[ 66%] Building C object CMakeFiles/bicg.dir/utilities/polybench.c.o
[ 66%] Building C object CMakeFiles/syr2k.dir/utilities/polybench.c.o
[ 66%] Building C object CMakeFiles/3mm.dir/linear-algebra/kernels/3mm/3mm.c.o
[ 66%] Building C object CMakeFiles/symm.dir/linear-algebra/blas/symm/symm.c.o
[ 66%] Building C object CMakeFiles/mvt.dir/linear-algebra/kernels/mvt/mvt.c.o
[ 66%] Building C object CMakeFiles/gemver.dir/linear-algebra/blas/gemver/gemver.c.o
[ 66%] Building C object CMakeFiles/mvt.dir/utilities/polybench.c.o
[ 66%] Building C object CMakeFiles/gramschmidt.dir/utilities/polybench.c.o
[ 66%] Building C object CMakeFiles/gemver.dir/utilities/polybench.c.o
[ 66%] Building C object CMakeFiles/jacobi-2d.dir/stencils/jacobi-2d/jacobi-2d.c.o
[ 66%] Building C object CMakeFiles/trmm.dir/utilities/polybench.c.o
[ 66%] Building C object CMakeFiles/nussinov.dir/medley/nussinov/nussinov.c.o
[ 66%] Building C object CMakeFiles/atax.dir/linear-algebra/kernels/atax/atax.c.o
[ 66%] Building C object CMakeFiles/lu.dir/utilities/polybench.c.o
[ 66%] Building C object CMakeFiles/gesummv.dir/utilities/polybench.c.o
[ 66%] Building C object CMakeFiles/seidel-2d.dir/utilities/polybench.c.o
[ 66%] Building C object CMakeFiles/heat-3d.dir/utilities/polybench.c.o
[ 67%] Linking C executable jacobi-2d
[ 70%] Linking C executable gesummv
[ 70%] Linking C executable durbin
[ 71%] Linking C executable jacobi-1d
[ 73%] Linking C executable covariance
[ 73%] Linking C executable seidel-2d
[ 75%] Linking C executable trisolv
[ 75%] Linking C executable doitgen
[ 81%] Linking C executable deriche
[ 81%] Linking C executable syr2k
[ 81%] Linking C executable cholesky
[ 81%] Linking C executable floyd-warshall
[ 81%] Linking C executable correlation
[ 82%] Linking C executable bicg
[ 83%] Built target jacobi-2d
[ 83%] Linking C executable lu
[ 86%] Linking C executable nussinov
[ 87%] Linking C executable atax
[ 87%] Linking C executable adi
[ 88%] Linking C executable trmm
[ 88%] Linking C executable syrk
[ 88%] Built target gesummv
[ 90%] Built target durbin
[ 90%] Linking C executable gemver
[ 90%] Built target jacobi-1d
[ 90%] Built target covariance
[ 91%] Linking C executable symm
[ 91%] Built target seidel-2d
[ 92%] Linking C executable heat-3d
[ 94%] Linking C executable 2mm
[ 94%] Linking C executable gemm
[ 95%] Linking C executable fdtd-2d
[ 95%] Built target doitgen
[ 95%] Built target trisolv
[ 95%] Built target correlation
[ 95%] Built target deriche
[ 96%] Built target cholesky
[ 96%] Built target floyd-warshall
[ 96%] Linking C executable 3mm
[ 96%] Built target bicg
[ 96%] Built target syr2k
[ 96%] Built target lu
[ 96%] Built target adi
[ 96%] Built target trmm
[ 96%] Built target nussinov
[ 96%] Built target atax
[ 96%] Built target syrk
[ 96%] Built target gemver
[ 97%] Linking C executable mvt
[ 97%] Built target symm
[ 97%] Built target heat-3d
[ 98%] Linking C executable ludcmp
[ 98%] Built target 2mm
[ 98%] Built target gemm
[ 98%] Built target fdtd-2d
[ 98%] Built target 3mm
[ 98%] Built target mvt
[ 98%] Built target ludcmp
[100%] Linking C executable gramschmidt
[100%] Built target gramschmidt
c,naive,2mm,0.000104,4.240,valid,3,SMALL,DOUBLE
c,naive,2mm,1,0.000104,3,SMALL,DOUBLE
c,naive,2mm,2,0.000086,3,SMALL,DOUBLE
c,naive,2mm,3,0.000088,3,SMALL,DOUBLE
c,naive,2mm,4,0.000089,3,SMALL,DOUBLE
c,naive,2mm,5,0.000088,3,SMALL,DOUBLE
c,naive,3mm,0.000183,4.377,valid,3,SMALL,DOUBLE
c,naive,3mm,1,0.000184,3,SMALL,DOUBLE
c,naive,3mm,2,0.000185,3,SMALL,DOUBLE
c,naive,3mm,3,0.000184,3,SMALL,DOUBLE
c,naive,3mm,4,0.000198,3,SMALL,DOUBLE
c,naive,3mm,5,0.000190,3,SMALL,DOUBLE
c,naive,adi,0.001830,1.521,valid,3,SMALL,DOUBLE
c,naive,adi,1,0.001841,3,SMALL,DOUBLE
c,naive,adi,2,0.001840,3,SMALL,DOUBLE
c,naive,adi,3,0.002042,3,SMALL,DOUBLE
c,naive,adi,4,0.002031,3,SMALL,DOUBLE
c,naive,adi,5,0.001840,3,SMALL,DOUBLE
c,naive,atax,0.000037,1.027,valid,3,SMALL,DOUBLE
c,naive,atax,1,0.000039,3,SMALL,DOUBLE
c,naive,atax,2,0.000036,3,SMALL,DOUBLE
c,naive,atax,3,0.000038,3,SMALL,DOUBLE
c,naive,atax,4,0.000036,3,SMALL,DOUBLE
c,naive,atax,5,0.000036,3,SMALL,DOUBLE
c,naive,bicg,0.000021,2.571,valid,3,SMALL,DOUBLE
c,naive,bicg,1,0.000024,3,SMALL,DOUBLE
c,naive,bicg,2,0.000022,3,SMALL,DOUBLE
c,naive,bicg,3,0.000022,3,SMALL,DOUBLE
c,naive,bicg,4,0.000023,3,SMALL,DOUBLE
c,naive,bicg,5,0.000021,3,SMALL,DOUBLE
c,naive,cholesky,0.000344,1.172,valid,3,SMALL,DOUBLE
c,naive,cholesky,1,0.000347,3,SMALL,DOUBLE
c,naive,cholesky,2,0.000345,3,SMALL,DOUBLE
c,naive,cholesky,3,0.000354,3,SMALL,DOUBLE
c,naive,cholesky,4,0.000345,3,SMALL,DOUBLE
c,naive,cholesky,5,0.000345,3,SMALL,DOUBLE
c,naive,correlation,0.000204,3.083,valid,3,SMALL,DOUBLE
c,naive,correlation,1,0.000204,3,SMALL,DOUBLE
c,naive,correlation,2,0.000205,3,SMALL,DOUBLE
c,naive,correlation,3,0.000202,3,SMALL,DOUBLE
c,naive,correlation,4,0.000206,3,SMALL,DOUBLE
c,naive,correlation,5,0.000217,3,SMALL,DOUBLE
c,naive,covariance,0.000190,2.832,valid,3,SMALL,DOUBLE
c,naive,covariance,1,0.000186,3,SMALL,DOUBLE
c,naive,covariance,2,0.000189,3,SMALL,DOUBLE
c,naive,covariance,3,0.000188,3,SMALL,DOUBLE
c,naive,covariance,4,0.000190,3,SMALL,DOUBLE
c,naive,covariance,5,0.000190,3,SMALL,DOUBLE
c,naive,deriche,0.000990,0.857,valid,3,SMALL,DOUBLE
c,naive,deriche,1,0.000859,3,SMALL,DOUBLE
c,naive,deriche,2,0.000917,3,SMALL,DOUBLE
c,naive,deriche,3,0.000960,3,SMALL,DOUBLE
c,naive,deriche,4,0.000975,3,SMALL,DOUBLE
c,naive,deriche,5,0.000934,3,SMALL,DOUBLE
c,naive,doitgen,0.000204,3.108,valid,3,SMALL,DOUBLE
c,naive,doitgen,1,0.000201,3,SMALL,DOUBLE
c,naive,doitgen,2,0.000180,3,SMALL,DOUBLE
c,naive,doitgen,3,0.000180,3,SMALL,DOUBLE
c,naive,doitgen,4,0.000195,3,SMALL,DOUBLE
c,naive,doitgen,5,0.000182,3,SMALL,DOUBLE
c,naive,durbin,0.000015,1.267,valid,3,SMALL,DOUBLE
c,naive,durbin,1,0.000015,3,SMALL,DOUBLE
c,naive,durbin,2,0.000015,3,SMALL,DOUBLE
c,naive,durbin,3,0.000014,3,SMALL,DOUBLE
c,naive,durbin,4,0.000014,3,SMALL,DOUBLE
c,naive,durbin,5,0.000015,3,SMALL,DOUBLE
c,naive,fdtd-2d,0.000283,1.187,valid,3,SMALL,DOUBLE
c,naive,fdtd-2d,1,0.000285,3,SMALL,DOUBLE
c,naive,fdtd-2d,2,0.000306,3,SMALL,DOUBLE
c,naive,fdtd-2d,3,0.000284,3,SMALL,DOUBLE
c,naive,fdtd-2d,4,0.000296,3,SMALL,DOUBLE
c,naive,fdtd-2d,5,0.000283,3,SMALL,DOUBLE
c,naive,floyd-warshall,0.002206,3.337,valid,3,SMALL,DOUBLE
c,naive,floyd-warshall,1,0.002194,3,SMALL,DOUBLE
c,naive,floyd-warshall,2,0.002210,3,SMALL,DOUBLE
c,naive,floyd-warshall,3,0.002196,3,SMALL,DOUBLE
c,naive,floyd-warshall,4,0.002207,3,SMALL,DOUBLE
c,naive,floyd-warshall,5,0.002191,3,SMALL,DOUBLE
c,naive,gemm,0.000101,1.040,valid,3,SMALL,DOUBLE
c,naive,gemm,1,0.000102,3,SMALL,DOUBLE
c,naive,gemm,2,0.000108,3,SMALL,DOUBLE
c,naive,gemm,3,0.000100,3,SMALL,DOUBLE
c,naive,gemm,4,0.000100,3,SMALL,DOUBLE
c,naive,gemm,5,0.000101,3,SMALL,DOUBLE
c,naive,gemver,0.000044,1.523,valid,3,SMALL,DOUBLE
c,naive,gemver,1,0.000045,3,SMALL,DOUBLE
c,naive,gemver,2,0.000056,3,SMALL,DOUBLE
c,naive,gemver,3,0.000056,3,SMALL,DOUBLE
c,naive,gemver,4,0.000042,3,SMALL,DOUBLE
c,naive,gemver,5,0.000042,3,SMALL,DOUBLE
c,naive,gesummv,0.000016,1.938,valid,3,SMALL,DOUBLE
c,naive,gesummv,1,0.000030,3,SMALL,DOUBLE
c,naive,gesummv,2,0.000013,3,SMALL,DOUBLE
c,naive,gesummv,3,0.000014,3,SMALL,DOUBLE
c,naive,gesummv,4,0.000013,3,SMALL,DOUBLE
c,naive,gesummv,5,0.000014,3,SMALL,DOUBLE
c,naive,gramschmidt,0.000357,,validity_error,3,SMALL,DOUBLE
c,naive,heat-3d,0.000510,1.018,valid,3,SMALL,DOUBLE
c,naive,heat-3d,1,0.000497,3,SMALL,DOUBLE
c,naive,heat-3d,2,0.000508,3,SMALL,DOUBLE
c,naive,heat-3d,3,0.000509,3,SMALL,DOUBLE
c,naive,heat-3d,4,0.000506,3,SMALL,DOUBLE
c,naive,heat-3d,5,0.000511,3,SMALL,DOUBLE
c,naive,jacobi-1d,0.000005,1.000,valid,3,SMALL,DOUBLE
c,naive,jacobi-1d,1,0.000006,3,SMALL,DOUBLE
c,naive,jacobi-1d,2,0.000005,3,SMALL,DOUBLE
c,naive,jacobi-1d,3,0.000005,3,SMALL,DOUBLE
c,naive,jacobi-1d,4,0.000005,3,SMALL,DOUBLE
c,naive,jacobi-1d,5,0.000005,3,SMALL,DOUBLE
c,naive,jacobi-2d,0.000651,0.811,valid,3,SMALL,DOUBLE
c,naive,jacobi-2d,1,0.000520,3,SMALL,DOUBLE
c,naive,jacobi-2d,2,0.000508,3,SMALL,DOUBLE
c,naive,jacobi-2d,3,0.000518,3,SMALL,DOUBLE
c,naive,jacobi-2d,4,0.000640,3,SMALL,DOUBLE
c,naive,jacobi-2d,5,0.000507,3,SMALL,DOUBLE
c,naive,lu,0.000550,1.455,valid,3,SMALL,DOUBLE
c,naive,lu,1,0.000561,3,SMALL,DOUBLE
c,naive,lu,2,0.000550,3,SMALL,DOUBLE
c,naive,lu,3,0.000565,3,SMALL,DOUBLE
c,naive,lu,4,0.000565,3,SMALL,DOUBLE
c,naive,lu,5,0.000548,3,SMALL,DOUBLE
c,naive,ludcmp,0.000734,0.999,valid,3,SMALL,DOUBLE
c,naive,ludcmp,1,0.000735,3,SMALL,DOUBLE
c,naive,ludcmp,2,0.000734,3,SMALL,DOUBLE
c,naive,ludcmp,3,0.000734,3,SMALL,DOUBLE
c,naive,ludcmp,4,0.000731,3,SMALL,DOUBLE
c,naive,ludcmp,5,0.000719,3,SMALL,DOUBLE
c,naive,mvt,0.000023,1.826,valid,3,SMALL,DOUBLE
c,naive,mvt,1,0.000045,3,SMALL,DOUBLE
c,naive,mvt,2,0.000022,3,SMALL,DOUBLE
c,naive,mvt,3,0.000023,3,SMALL,DOUBLE
c,naive,mvt,4,0.000020,3,SMALL,DOUBLE
c,naive,mvt,5,0.000023,3,SMALL,DOUBLE
c,naive,nussinov,0.001544,1.866,valid,3,SMALL,DOUBLE
c,naive,nussinov,1,0.001499,3,SMALL,DOUBLE
c,naive,nussinov,2,0.001495,3,SMALL,DOUBLE
c,naive,nussinov,3,0.001490,3,SMALL,DOUBLE
c,naive,nussinov,4,0.001487,3,SMALL,DOUBLE
c,naive,nussinov,5,0.001494,3,SMALL,DOUBLE
c,naive,seidel-2d,0.005769,1.276,valid,3,SMALL,DOUBLE
c,naive,seidel-2d,1,0.005758,3,SMALL,DOUBLE
c,naive,seidel-2d,2,0.005779,3,SMALL,DOUBLE
c,naive,seidel-2d,3,0.005774,3,SMALL,DOUBLE
c,naive,seidel-2d,4,0.005778,3,SMALL,DOUBLE
c,naive,seidel-2d,5,0.005773,3,SMALL,DOUBLE
c,naive,symm,0.000099,2.737,valid,3,SMALL,DOUBLE
c,naive,symm,1,0.000085,3,SMALL,DOUBLE
c,naive,symm,2,0.000085,3,SMALL,DOUBLE
c,naive,symm,3,0.000085,3,SMALL,DOUBLE
c,naive,symm,4,0.000085,3,SMALL,DOUBLE
c,naive,symm,5,0.000086,3,SMALL,DOUBLE
c,naive,syr2k,0.000251,0.972,valid,3,SMALL,DOUBLE
c,naive,syr2k,1,0.000250,3,SMALL,DOUBLE
c,naive,syr2k,2,0.000251,3,SMALL,DOUBLE
c,naive,syr2k,3,0.000248,3,SMALL,DOUBLE
c,naive,syr2k,4,0.000249,3,SMALL,DOUBLE
c,naive,syr2k,5,0.000247,3,SMALL,DOUBLE
c,naive,syrk,0.000189,0.598,valid,3,SMALL,DOUBLE
c,naive,syrk,1,0.000177,3,SMALL,DOUBLE
c,naive,syrk,2,0.000192,3,SMALL,DOUBLE
c,naive,syrk,3,0.000176,3,SMALL,DOUBLE
c,naive,syrk,4,0.000176,3,SMALL,DOUBLE
c,naive,syrk,5,0.000189,3,SMALL,DOUBLE
c,naive,trisolv,0.000011,1.182,valid,3,SMALL,DOUBLE
c,naive,trisolv,1,0.000013,3,SMALL,DOUBLE
c,naive,trisolv,2,0.000012,3,SMALL,DOUBLE
c,naive,trisolv,3,0.000011,3,SMALL,DOUBLE
c,naive,trisolv,4,0.000013,3,SMALL,DOUBLE
c,naive,trisolv,5,0.000012,3,SMALL,DOUBLE
c,naive,trmm,0.000067,2.612,valid,3,SMALL,DOUBLE
c,naive,trmm,1,0.000058,3,SMALL,DOUBLE
c,naive,trmm,2,0.000065,3,SMALL,DOUBLE
c,naive,trmm,3,0.000063,3,SMALL,DOUBLE
c,naive,trmm,4,0.000067,3,SMALL,DOUBLE
c,naive,trmm,5,0.000066,3,SMALL,DOUBLE
-- The C compiler identification is GNU 15.2.0
-- Detecting C compiler ABI info
-- Detecting C compiler ABI info - done
-- Check for working C compiler: /usr/local/latestgcc/bin/gcc - skipped
-- Detecting C compile features
-- Detecting C compile features - done
-- Configuring done (0.4s)
-- Generating done (0.8s)
-- Build files have been written to: /home/kleplj/naive/optimization/naive/PolybenchC-4.2.1/build
[  5%] Building C object CMakeFiles/covariance.dir/utilities/polybench.c.o
[  5%] Building C object CMakeFiles/covariance.dir/datamining/covariance/covariance.c.o
[  7%] Building C object CMakeFiles/correlation.dir/datamining/correlation/correlation.c.o
[  7%] Building C object CMakeFiles/correlation.dir/utilities/polybench.c.o
[  7%] Building C object CMakeFiles/cholesky.dir/linear-algebra/solvers/cholesky/cholesky.c.o
[ 18%] Building C object CMakeFiles/syr2k.dir/linear-algebra/blas/syr2k/syr2k.c.o
[ 18%] Building C object CMakeFiles/trisolv.dir/utilities/polybench.c.o
[ 48%] Building C object CMakeFiles/durbin.dir/utilities/polybench.c.o
[ 48%] Building C object CMakeFiles/durbin.dir/linear-algebra/solvers/durbin/durbin.c.o
[ 48%] Building C object CMakeFiles/cholesky.dir/utilities/polybench.c.o
[ 48%] Building C object CMakeFiles/lu.dir/utilities/polybench.c.o
[ 48%] Building C object CMakeFiles/trisolv.dir/linear-algebra/solvers/trisolv/trisolv.c.o
[ 48%] Building C object CMakeFiles/gramschmidt.dir/linear-algebra/solvers/gramschmidt/gramschmidt.c.o
[ 48%] Building C object CMakeFiles/gemm.dir/linear-algebra/blas/gemm/gemm.c.o
[ 48%] Building C object CMakeFiles/lu.dir/linear-algebra/solvers/lu/lu.c.o
[ 66%] Building C object CMakeFiles/symm.dir/linear-algebra/blas/symm/symm.c.o
[ 66%] Building C object CMakeFiles/gemver.dir/utilities/polybench.c.o
[ 66%] Building C object CMakeFiles/floyd-warshall.dir/medley/floyd-warshall/floyd-warshall.c.o
[ 66%] Building C object CMakeFiles/syrk.dir/utilities/polybench.c.o
[ 66%] Building C object CMakeFiles/trmm.dir/utilities/polybench.c.o
[ 66%] Building C object CMakeFiles/symm.dir/utilities/polybench.c.o
[ 66%] Building C object CMakeFiles/gemm.dir/utilities/polybench.c.o
[ 66%] Building C object CMakeFiles/ludcmp.dir/utilities/polybench.c.o
[ 66%] Building C object CMakeFiles/jacobi-1d.dir/stencils/jacobi-1d/jacobi-1d.c.o
[ 66%] Building C object CMakeFiles/mvt.dir/utilities/polybench.c.o
[ 66%] Building C object CMakeFiles/gesummv.dir/linear-algebra/blas/gesummv/gesummv.c.o
[ 66%] Building C object CMakeFiles/floyd-warshall.dir/utilities/polybench.c.o
[ 66%] Building C object CMakeFiles/fdtd-2d.dir/stencils/fdtd-2d/fdtd-2d.c.o
[ 66%] Building C object CMakeFiles/adi.dir/stencils/adi/adi.c.o
[ 66%] Building C object CMakeFiles/nussinov.dir/utilities/polybench.c.o
[ 66%] Building C object CMakeFiles/3mm.dir/utilities/polybench.c.o
[ 66%] Building C object CMakeFiles/doitgen.dir/linear-algebra/kernels/doitgen/doitgen.c.o
[ 66%] Building C object CMakeFiles/gramschmidt.dir/utilities/polybench.c.o
[ 66%] Building C object CMakeFiles/adi.dir/utilities/polybench.c.o
[ 66%] Building C object CMakeFiles/atax.dir/linear-algebra/kernels/atax/atax.c.o
[ 66%] Building C object CMakeFiles/bicg.dir/linear-algebra/kernels/bicg/bicg.c.o
[ 66%] Building C object CMakeFiles/nussinov.dir/medley/nussinov/nussinov.c.o
[ 66%] Building C object CMakeFiles/jacobi-1d.dir/utilities/polybench.c.o
[ 66%] Building C object CMakeFiles/heat-3d.dir/stencils/heat-3d/heat-3d.c.o
[ 66%] Building C object CMakeFiles/seidel-2d.dir/stencils/seidel-2d/seidel-2d.c.o
[ 66%] Building C object CMakeFiles/trmm.dir/linear-algebra/blas/trmm/trmm.c.o
[ 66%] Building C object CMakeFiles/3mm.dir/linear-algebra/kernels/3mm/3mm.c.o
[ 66%] Building C object CMakeFiles/mvt.dir/linear-algebra/kernels/mvt/mvt.c.o
[ 66%] Building C object CMakeFiles/ludcmp.dir/linear-algebra/solvers/ludcmp/ludcmp.c.o
[ 66%] Building C object CMakeFiles/2mm.dir/linear-algebra/kernels/2mm/2mm.c.o
[ 66%] Building C object CMakeFiles/deriche.dir/utilities/polybench.c.o
[ 66%] Building C object CMakeFiles/seidel-2d.dir/utilities/polybench.c.o
[ 66%] Building C object CMakeFiles/jacobi-2d.dir/utilities/polybench.c.o
[ 66%] Building C object CMakeFiles/syrk.dir/linear-algebra/blas/syrk/syrk.c.o
[ 66%] Building C object CMakeFiles/syr2k.dir/utilities/polybench.c.o
[ 66%] Building C object CMakeFiles/jacobi-2d.dir/stencils/jacobi-2d/jacobi-2d.c.o
[ 66%] Building C object CMakeFiles/heat-3d.dir/utilities/polybench.c.o
[ 66%] Building C object CMakeFiles/bicg.dir/utilities/polybench.c.o
[ 66%] Building C object CMakeFiles/2mm.dir/utilities/polybench.c.o
[ 66%] Building C object CMakeFiles/atax.dir/utilities/polybench.c.o
[ 66%] Building C object CMakeFiles/fdtd-2d.dir/utilities/polybench.c.o
[ 66%] Building C object CMakeFiles/gemver.dir/linear-algebra/blas/gemver/gemver.c.o
[ 66%] Building C object CMakeFiles/deriche.dir/medley/deriche/deriche.c.o
[ 66%] Building C object CMakeFiles/doitgen.dir/utilities/polybench.c.o
[ 66%] Building C object CMakeFiles/gesummv.dir/utilities/polybench.c.o
[ 67%] Linking C executable covariance
[ 68%] Linking C executable jacobi-1d
[ 70%] Linking C executable floyd-warshall
[ 71%] Linking C executable trmm
[ 72%] Linking C executable gesummv
[ 73%] Linking C executable seidel-2d
[ 75%] Linking C executable durbin
[ 75%] Linking C executable gemver
[ 75%] Built target covariance
[ 77%] Built target jacobi-1d
[ 77%] Linking C executable deriche
[ 77%] Linking C executable atax
[ 78%] Linking C executable syr2k
[ 81%] Built target floyd-warshall
[ 82%] Linking C executable syrk
[ 82%] Linking C executable trisolv
[ 83%] Linking C executable bicg
[ 83%] Linking C executable doitgen
[ 84%] Linking C executable mvt
[ 86%] Linking C executable fdtd-2d
[ 86%] Linking C executable cholesky
[ 86%] Built target trmm
[ 88%] Built target gesummv
[ 88%] Linking C executable jacobi-2d
[ 88%] Linking C executable correlation
[ 88%] Built target seidel-2d
[ 90%] Linking C executable gemm
[ 91%] Built target gemver
[ 91%] Linking C executable adi
[ 91%] Built target durbin
[ 92%] Built target atax
[ 92%] Built target deriche
[ 92%] Linking C executable lu
[ 92%] Built target syr2k
[ 93%] Linking C executable symm
[ 94%] Linking C executable 3mm
[ 94%] Built target syrk
[ 94%] Built target bicg
[ 94%] Built target trisolv
[ 94%] Built target doitgen
[ 94%] Built target mvt
[ 94%] Built target cholesky
[ 94%] Built target fdtd-2d
[ 94%] Built target jacobi-2d
[ 94%] Built target correlation
[ 95%] Linking C executable 2mm
[ 96%] Built target gemm
[ 96%] Linking C executable gramschmidt
[ 96%] Built target adi
[ 96%] Built target lu
[ 96%] Built target symm
[ 96%] Built target 3mm
[ 96%] Built target 2mm
[ 96%] Built target gramschmidt
[ 97%] Linking C executable ludcmp
[ 97%] Built target ludcmp
c,naive,2mm,0.000344,1.262,valid,4,SMALL,DOUBLE
c,naive,2mm,1,0.000344,4,SMALL,DOUBLE
c,naive,2mm,2,0.000354,4,SMALL,DOUBLE
c,naive,2mm,3,0.000343,4,SMALL,DOUBLE
c,naive,2mm,4,0.000342,4,SMALL,DOUBLE
c,naive,2mm,5,0.000345,4,SMALL,DOUBLE
c,naive,3mm,0.000181,4.376,valid,4,SMALL,DOUBLE
c,naive,3mm,1,0.000181,4,SMALL,DOUBLE
c,naive,3mm,2,0.000183,4,SMALL,DOUBLE
c,naive,3mm,3,0.000184,4,SMALL,DOUBLE
c,naive,3mm,4,0.000180,4,SMALL,DOUBLE
c,naive,3mm,5,0.000183,4,SMALL,DOUBLE
c,naive,adi,0.003817,0.774,valid,4,SMALL,DOUBLE
c,naive,adi,1,0.003994,4,SMALL,DOUBLE
c,naive,adi,2,0.003821,4,SMALL,DOUBLE
c,naive,adi,3,0.003956,4,SMALL,DOUBLE
c,naive,adi,4,0.003701,4,SMALL,DOUBLE
c,naive,adi,5,0.003929,4,SMALL,DOUBLE
c,naive,atax,0.000038,1.000,valid,4,SMALL,DOUBLE
c,naive,atax,1,0.000038,4,SMALL,DOUBLE
c,naive,atax,2,0.000038,4,SMALL,DOUBLE
c,naive,atax,3,0.000052,4,SMALL,DOUBLE
c,naive,atax,4,0.000036,4,SMALL,DOUBLE
c,naive,atax,5,0.000035,4,SMALL,DOUBLE
c,naive,bicg,0.000023,2.348,valid,4,SMALL,DOUBLE
c,naive,bicg,1,0.000022,4,SMALL,DOUBLE
c,naive,bicg,2,0.000022,4,SMALL,DOUBLE
c,naive,bicg,3,0.000022,4,SMALL,DOUBLE
c,naive,bicg,4,0.000022,4,SMALL,DOUBLE
c,naive,bicg,5,0.000021,4,SMALL,DOUBLE
c,naive,cholesky,0.000379,1.026,valid,4,SMALL,DOUBLE
c,naive,cholesky,1,0.000364,4,SMALL,DOUBLE
c,naive,cholesky,2,0.000364,4,SMALL,DOUBLE
c,naive,cholesky,3,0.000363,4,SMALL,DOUBLE
c,naive,cholesky,4,0.000364,4,SMALL,DOUBLE
c,naive,cholesky,5,0.000363,4,SMALL,DOUBLE
c,naive,correlation,0.000197,3.127,valid,4,SMALL,DOUBLE
c,naive,correlation,1,0.000215,4,SMALL,DOUBLE
c,naive,correlation,2,0.000198,4,SMALL,DOUBLE
c,naive,correlation,3,0.000198,4,SMALL,DOUBLE
c,naive,correlation,4,0.000199,4,SMALL,DOUBLE
c,naive,correlation,5,0.000196,4,SMALL,DOUBLE
c,naive,covariance,0.000570,0.947,valid,4,SMALL,DOUBLE
c,naive,covariance,1,0.000568,4,SMALL,DOUBLE
c,naive,covariance,2,0.000569,4,SMALL,DOUBLE
c,naive,covariance,3,0.000562,4,SMALL,DOUBLE
c,naive,covariance,4,0.000557,4,SMALL,DOUBLE
c,naive,covariance,5,0.000570,4,SMALL,DOUBLE
c,naive,deriche,0.000951,0.887,valid,4,SMALL,DOUBLE
c,naive,deriche,1,0.000868,4,SMALL,DOUBLE
c,naive,deriche,2,0.000988,4,SMALL,DOUBLE
c,naive,deriche,3,0.000990,4,SMALL,DOUBLE
c,naive,deriche,4,0.000852,4,SMALL,DOUBLE
c,naive,deriche,5,0.000870,4,SMALL,DOUBLE
c,naive,doitgen,0.000172,3.552,valid,4,SMALL,DOUBLE
c,naive,doitgen,1,0.000172,4,SMALL,DOUBLE
c,naive,doitgen,2,0.000168,4,SMALL,DOUBLE
c,naive,doitgen,3,0.000167,4,SMALL,DOUBLE
c,naive,doitgen,4,0.000169,4,SMALL,DOUBLE
c,naive,doitgen,5,0.000169,4,SMALL,DOUBLE
c,naive,durbin,0.000015,1.267,valid,4,SMALL,DOUBLE
c,naive,durbin,1,0.000015,4,SMALL,DOUBLE
c,naive,durbin,2,0.000015,4,SMALL,DOUBLE
c,naive,durbin,3,0.000015,4,SMALL,DOUBLE
c,naive,durbin,4,0.000014,4,SMALL,DOUBLE
c,naive,durbin,5,0.000015,4,SMALL,DOUBLE
c,naive,fdtd-2d,0.000327,0.985,valid,4,SMALL,DOUBLE
c,naive,fdtd-2d,1,0.000321,4,SMALL,DOUBLE
c,naive,fdtd-2d,2,0.000324,4,SMALL,DOUBLE
c,naive,fdtd-2d,3,0.000316,4,SMALL,DOUBLE
c,naive,fdtd-2d,4,0.000315,4,SMALL,DOUBLE
c,naive,fdtd-2d,5,0.000324,4,SMALL,DOUBLE
c,naive,floyd-warshall,0.008939,0.821,valid,4,SMALL,DOUBLE
c,naive,floyd-warshall,1,0.008979,4,SMALL,DOUBLE
c,naive,floyd-warshall,2,0.008911,4,SMALL,DOUBLE
c,naive,floyd-warshall,3,0.008957,4,SMALL,DOUBLE
c,naive,floyd-warshall,4,0.008911,4,SMALL,DOUBLE
c,naive,floyd-warshall,5,0.008892,4,SMALL,DOUBLE
c,naive,gemm,0.000116,0.897,valid,4,SMALL,DOUBLE
c,naive,gemm,1,0.000118,4,SMALL,DOUBLE
c,naive,gemm,2,0.000127,4,SMALL,DOUBLE
c,naive,gemm,3,0.000115,4,SMALL,DOUBLE
c,naive,gemm,4,0.000114,4,SMALL,DOUBLE
c,naive,gemm,5,0.000115,4,SMALL,DOUBLE
c,naive,gemver,0.000043,1.535,valid,4,SMALL,DOUBLE
c,naive,gemver,1,0.000046,4,SMALL,DOUBLE
c,naive,gemver,2,0.000044,4,SMALL,DOUBLE
c,naive,gemver,3,0.000043,4,SMALL,DOUBLE
c,naive,gemver,4,0.000042,4,SMALL,DOUBLE
c,naive,gemver,5,0.000044,4,SMALL,DOUBLE
c,naive,gesummv,0.000013,2.385,valid,4,SMALL,DOUBLE
c,naive,gesummv,1,0.000015,4,SMALL,DOUBLE
c,naive,gesummv,2,0.000015,4,SMALL,DOUBLE
c,naive,gesummv,3,0.000014,4,SMALL,DOUBLE
c,naive,gesummv,4,0.000015,4,SMALL,DOUBLE
c,naive,gesummv,5,0.000013,4,SMALL,DOUBLE
c,naive,gramschmidt,0.000197,,validity_error,4,SMALL,DOUBLE
c,naive,heat-3d,,,compile_error,4,SMALL,DOUBLE
c,naive,jacobi-1d,0.000005,1.000,valid,4,SMALL,DOUBLE
c,naive,jacobi-1d,1,0.000005,4,SMALL,DOUBLE
c,naive,jacobi-1d,2,0.000006,4,SMALL,DOUBLE
c,naive,jacobi-1d,3,0.000005,4,SMALL,DOUBLE
c,naive,jacobi-1d,4,0.000005,4,SMALL,DOUBLE
c,naive,jacobi-1d,5,0.000005,4,SMALL,DOUBLE
c,naive,jacobi-2d,0.001683,0.313,valid,4,SMALL,DOUBLE
c,naive,jacobi-2d,1,0.001596,4,SMALL,DOUBLE
c,naive,jacobi-2d,2,0.001658,4,SMALL,DOUBLE
c,naive,jacobi-2d,3,0.001676,4,SMALL,DOUBLE
c,naive,jacobi-2d,4,0.001772,4,SMALL,DOUBLE
c,naive,jacobi-2d,5,0.001496,4,SMALL,DOUBLE
c,naive,lu,0.000541,1.503,valid,4,SMALL,DOUBLE
c,naive,lu,1,0.000555,4,SMALL,DOUBLE
c,naive,lu,2,0.000553,4,SMALL,DOUBLE
c,naive,lu,3,0.000557,4,SMALL,DOUBLE
c,naive,lu,4,0.000560,4,SMALL,DOUBLE
c,naive,lu,5,0.000553,4,SMALL,DOUBLE
c,naive,ludcmp,0.000725,1.015,valid,4,SMALL,DOUBLE
c,naive,ludcmp,1,0.000739,4,SMALL,DOUBLE
c,naive,ludcmp,2,0.000724,4,SMALL,DOUBLE
c,naive,ludcmp,3,0.000725,4,SMALL,DOUBLE
c,naive,ludcmp,4,0.000725,4,SMALL,DOUBLE
c,naive,ludcmp,5,0.000726,4,SMALL,DOUBLE
c,naive,mvt,0.000024,1.750,valid,4,SMALL,DOUBLE
c,naive,mvt,1,0.000025,4,SMALL,DOUBLE
c,naive,mvt,2,0.000023,4,SMALL,DOUBLE
c,naive,mvt,3,0.000023,4,SMALL,DOUBLE
c,naive,mvt,4,0.000023,4,SMALL,DOUBLE
c,naive,mvt,5,0.000024,4,SMALL,DOUBLE
c,naive,nussinov,,,compile_error,4,SMALL,DOUBLE
c,naive,seidel-2d,0.006239,1.187,valid,4,SMALL,DOUBLE
c,naive,seidel-2d,1,0.006230,4,SMALL,DOUBLE
c,naive,seidel-2d,2,0.006245,4,SMALL,DOUBLE
c,naive,seidel-2d,3,0.006287,4,SMALL,DOUBLE
c,naive,seidel-2d,4,0.006235,4,SMALL,DOUBLE
c,naive,seidel-2d,5,0.006253,4,SMALL,DOUBLE
c,naive,symm,0.000322,0.848,valid,4,SMALL,DOUBLE
c,naive,symm,1,0.000325,4,SMALL,DOUBLE
c,naive,symm,2,0.000333,4,SMALL,DOUBLE
c,naive,symm,3,0.000331,4,SMALL,DOUBLE
c,naive,symm,4,0.000322,4,SMALL,DOUBLE
c,naive,symm,5,0.000330,4,SMALL,DOUBLE
c,naive,syr2k,0.000227,1.084,valid,4,SMALL,DOUBLE
c,naive,syr2k,1,0.000214,4,SMALL,DOUBLE
c,naive,syr2k,2,0.000214,4,SMALL,DOUBLE
c,naive,syr2k,3,0.000214,4,SMALL,DOUBLE
c,naive,syr2k,4,0.000214,4,SMALL,DOUBLE
c,naive,syr2k,5,0.000216,4,SMALL,DOUBLE
c,naive,syrk,0.000212,0.476,valid,4,SMALL,DOUBLE
c,naive,syrk,1,0.000215,4,SMALL,DOUBLE
c,naive,syrk,2,0.000214,4,SMALL,DOUBLE
c,naive,syrk,3,0.000212,4,SMALL,DOUBLE
c,naive,syrk,4,0.000214,4,SMALL,DOUBLE
c,naive,syrk,5,0.000213,4,SMALL,DOUBLE
c,naive,trisolv,0.000014,0.929,valid,4,SMALL,DOUBLE
c,naive,trisolv,1,0.000015,4,SMALL,DOUBLE
c,naive,trisolv,2,0.000014,4,SMALL,DOUBLE
c,naive,trisolv,3,0.000013,4,SMALL,DOUBLE
c,naive,trisolv,4,0.000012,4,SMALL,DOUBLE
c,naive,trisolv,5,0.000013,4,SMALL,DOUBLE
c,naive,trmm,0.000046,4.000,valid,4,SMALL,DOUBLE
c,naive,trmm,1,0.000046,4,SMALL,DOUBLE
c,naive,trmm,2,0.000047,4,SMALL,DOUBLE
c,naive,trmm,3,0.000047,4,SMALL,DOUBLE
c,naive,trmm,4,0.000047,4,SMALL,DOUBLE
c,naive,trmm,5,0.000046,4,SMALL,DOUBLE
-- The C compiler identification is GNU 15.2.0
-- Detecting C compiler ABI info
-- Detecting C compiler ABI info - done
-- Check for working C compiler: /usr/local/latestgcc/bin/gcc - skipped
-- Detecting C compile features
-- Detecting C compile features - done
-- Configuring done (0.4s)
-- Generating done (0.8s)
-- Build files have been written to: /home/kleplj/naive/optimization/naive/PolybenchC-4.2.1/build
[  7%] Building C object CMakeFiles/correlation.dir/utilities/polybench.c.o
[  7%] Building C object CMakeFiles/correlation.dir/datamining/correlation/correlation.c.o
[  7%] Building C object CMakeFiles/covariance.dir/datamining/covariance/covariance.c.o
[  7%] Building C object CMakeFiles/cholesky.dir/linear-algebra/solvers/cholesky/cholesky.c.o
[ 18%] Building C object CMakeFiles/covariance.dir/utilities/polybench.c.o
[ 18%] Building C object CMakeFiles/gramschmidt.dir/linear-algebra/solvers/gramschmidt/gramschmidt.c.o
[ 40%] Building C object CMakeFiles/syrk.dir/utilities/polybench.c.o
[ 40%] Building C object CMakeFiles/durbin.dir/utilities/polybench.c.o
[ 40%] Building C object CMakeFiles/symm.dir/linear-algebra/blas/symm/symm.c.o
[ 40%] Building C object CMakeFiles/gemm.dir/linear-algebra/blas/gemm/gemm.c.o
[ 40%] Building C object CMakeFiles/lu.dir/utilities/polybench.c.o
[ 40%] Building C object CMakeFiles/lu.dir/linear-algebra/solvers/lu/lu.c.o
[ 40%] Building C object CMakeFiles/trisolv.dir/linear-algebra/solvers/trisolv/trisolv.c.o
[ 40%] Building C object CMakeFiles/gemm.dir/utilities/polybench.c.o
[ 40%] Building C object CMakeFiles/syr2k.dir/utilities/polybench.c.o
[ 40%] Building C object CMakeFiles/ludcmp.dir/linear-algebra/solvers/ludcmp/ludcmp.c.o
[ 40%] Building C object CMakeFiles/durbin.dir/linear-algebra/solvers/durbin/durbin.c.o
[ 40%] Building C object CMakeFiles/syrk.dir/linear-algebra/blas/syrk/syrk.c.o
[ 40%] Building C object CMakeFiles/trmm.dir/linear-algebra/blas/trmm/trmm.c.o
[ 40%] Building C object CMakeFiles/gesummv.dir/utilities/polybench.c.o
[ 40%] Building C object CMakeFiles/atax.dir/linear-algebra/kernels/atax/atax.c.o
[ 40%] Building C object CMakeFiles/gesummv.dir/linear-algebra/blas/gesummv/gesummv.c.o
[ 40%] Building C object CMakeFiles/ludcmp.dir/utilities/polybench.c.o
[ 40%] Building C object CMakeFiles/bicg.dir/utilities/polybench.c.o
[ 40%] Building C object CMakeFiles/atax.dir/utilities/polybench.c.o
[ 40%] Building C object CMakeFiles/cholesky.dir/utilities/polybench.c.o
[ 40%] Building C object CMakeFiles/gramschmidt.dir/utilities/polybench.c.o
[ 40%] Building C object CMakeFiles/gemver.dir/linear-algebra/blas/gemver/gemver.c.o
[ 40%] Building C object CMakeFiles/mvt.dir/linear-algebra/kernels/mvt/mvt.c.o
[ 40%] Building C object CMakeFiles/syr2k.dir/linear-algebra/blas/syr2k/syr2k.c.o
[ 66%] Building C object CMakeFiles/bicg.dir/linear-algebra/kernels/bicg/bicg.c.o
[ 66%] Building C object CMakeFiles/seidel-2d.dir/utilities/polybench.c.o
[ 66%] Building C object CMakeFiles/3mm.dir/linear-algebra/kernels/3mm/3mm.c.o
[ 66%] Building C object CMakeFiles/doitgen.dir/utilities/polybench.c.o
[ 66%] Building C object CMakeFiles/nussinov.dir/utilities/polybench.c.o
[ 66%] Building C object CMakeFiles/floyd-warshall.dir/utilities/polybench.c.o
[ 66%] Building C object CMakeFiles/jacobi-1d.dir/utilities/polybench.c.o
[ 66%] Building C object CMakeFiles/adi.dir/utilities/polybench.c.o
[ 66%] Building C object CMakeFiles/jacobi-2d.dir/utilities/polybench.c.o
[ 66%] Building C object CMakeFiles/fdtd-2d.dir/utilities/polybench.c.o
[ 66%] Building C object CMakeFiles/doitgen.dir/linear-algebra/kernels/doitgen/doitgen.c.o
[ 66%] Building C object CMakeFiles/floyd-warshall.dir/medley/floyd-warshall/floyd-warshall.c.o
[ 66%] Building C object CMakeFiles/jacobi-1d.dir/stencils/jacobi-1d/jacobi-1d.c.o
[ 66%] Building C object CMakeFiles/mvt.dir/utilities/polybench.c.o
[ 66%] Building C object CMakeFiles/adi.dir/stencils/adi/adi.c.o
[ 66%] Building C object CMakeFiles/seidel-2d.dir/stencils/seidel-2d/seidel-2d.c.o
[ 66%] Building C object CMakeFiles/3mm.dir/utilities/polybench.c.o
[ 66%] Building C object CMakeFiles/symm.dir/utilities/polybench.c.o
[ 66%] Building C object CMakeFiles/2mm.dir/utilities/polybench.c.o
[ 66%] Building C object CMakeFiles/jacobi-2d.dir/stencils/jacobi-2d/jacobi-2d.c.o
[ 66%] Building C object CMakeFiles/gemver.dir/utilities/polybench.c.o
[ 66%] Building C object CMakeFiles/trisolv.dir/utilities/polybench.c.o
[ 66%] Building C object CMakeFiles/deriche.dir/medley/deriche/deriche.c.o
[ 66%] Building C object CMakeFiles/deriche.dir/utilities/polybench.c.o
[ 66%] Building C object CMakeFiles/nussinov.dir/medley/nussinov/nussinov.c.o
[ 66%] Building C object CMakeFiles/heat-3d.dir/stencils/heat-3d/heat-3d.c.o
[ 66%] Building C object CMakeFiles/heat-3d.dir/utilities/polybench.c.o
[ 66%] Building C object CMakeFiles/2mm.dir/linear-algebra/kernels/2mm/2mm.c.o
[ 66%] Building C object CMakeFiles/fdtd-2d.dir/stencils/fdtd-2d/fdtd-2d.c.o
[ 66%] Building C object CMakeFiles/trmm.dir/utilities/polybench.c.o
[ 67%] Linking C executable doitgen
[ 70%] Linking C executable mvt
[ 70%] Linking C executable nussinov
[ 71%] Linking C executable jacobi-1d
[ 72%] Linking C executable covariance
[ 73%] Linking C executable gesummv
[ 74%] Linking C executable durbin
[ 76%] Linking C executable bicg
[ 76%] Linking C executable deriche
[ 77%] Linking C executable correlation
[ 81%] Linking C executable trmm
[ 81%] Linking C executable cholesky
[ 81%] Linking C executable gemver
[ 82%] Linking C executable floyd-warshall
[ 83%] Linking C executable lu
[ 84%] Built target doitgen
[ 84%] Built target mvt
[ 84%] Built target jacobi-1d
[ 84%] Linking C executable syrk
[ 84%] Built target nussinov
[ 84%] Built target covariance
[ 85%] Built target gesummv
[ 85%] Linking C executable symm
[ 86%] Linking C executable heat-3d
[ 87%] Linking C executable 2mm
[ 88%] Linking C executable syr2k
[ 88%] Built target bicg
[ 88%] Built target deriche
[ 88%] Built target durbin
[ 88%] Built target correlation
[ 88%] Built target cholesky
[ 88%] Built target trmm
[ 88%] Built target gemver
[ 90%] Linking C executable 3mm
[ 90%] Built target floyd-warshall
[ 91%] Linking C executable fdtd-2d
[ 91%] Built target lu
[ 92%] Linking C executable adi
[ 92%] Built target syrk
[ 92%] Built target symm
[ 92%] Built target heat-3d
[ 92%] Built target 2mm
[ 93%] Built target syr2k
[ 93%] Linking C executable gemm
[ 95%] Linking C executable seidel-2d
[ 95%] Linking C executable gramschmidt
[ 96%] Linking C executable ludcmp
[ 96%] Built target 3mm
[ 96%] Built target fdtd-2d
[ 96%] Built target adi
[ 96%] Built target gemm
[ 96%] Built target seidel-2d
[ 96%] Built target gramschmidt
[ 96%] Built target ludcmp
c,naive,2mm,0.000096,4.688,valid,5,SMALL,DOUBLE
c,naive,2mm,1,0.000095,5,SMALL,DOUBLE
c,naive,2mm,2,0.000094,5,SMALL,DOUBLE
c,naive,2mm,3,0.000093,5,SMALL,DOUBLE
c,naive,2mm,4,0.000094,5,SMALL,DOUBLE
c,naive,2mm,5,0.000094,5,SMALL,DOUBLE
c,naive,3mm,0.000186,4.301,valid,5,SMALL,DOUBLE
c,naive,3mm,1,0.000200,5,SMALL,DOUBLE
c,naive,3mm,2,0.000187,5,SMALL,DOUBLE
c,naive,3mm,3,0.000197,5,SMALL,DOUBLE
c,naive,3mm,4,0.000187,5,SMALL,DOUBLE
c,naive,3mm,5,0.000182,5,SMALL,DOUBLE
c,naive,adi,0.002695,1.032,valid,5,SMALL,DOUBLE
c,naive,adi,1,0.002447,5,SMALL,DOUBLE
c,naive,adi,2,0.002377,5,SMALL,DOUBLE
c,naive,adi,3,0.002339,5,SMALL,DOUBLE
c,naive,adi,4,0.002369,5,SMALL,DOUBLE
c,naive,adi,5,0.002364,5,SMALL,DOUBLE
c,naive,atax,,,compile_error,5,SMALL,DOUBLE
c,naive,bicg,0.000022,2.455,valid,5,SMALL,DOUBLE
c,naive,bicg,1,0.000022,5,SMALL,DOUBLE
c,naive,bicg,2,0.000023,5,SMALL,DOUBLE
c,naive,bicg,3,0.000022,5,SMALL,DOUBLE
c,naive,bicg,4,0.000021,5,SMALL,DOUBLE
c,naive,bicg,5,0.000021,5,SMALL,DOUBLE
c,naive,cholesky,0.000365,1.101,valid,5,SMALL,DOUBLE
c,naive,cholesky,1,0.000374,5,SMALL,DOUBLE
c,naive,cholesky,2,0.000375,5,SMALL,DOUBLE
c,naive,cholesky,3,0.000364,5,SMALL,DOUBLE
c,naive,cholesky,4,0.000376,5,SMALL,DOUBLE
c,naive,cholesky,5,0.000365,5,SMALL,DOUBLE
c,naive,correlation,0.000210,2.943,valid,5,SMALL,DOUBLE
c,naive,correlation,1,0.000211,5,SMALL,DOUBLE
c,naive,correlation,2,0.000224,5,SMALL,DOUBLE
c,naive,correlation,3,0.000206,5,SMALL,DOUBLE
c,naive,correlation,4,0.000219,5,SMALL,DOUBLE
c,naive,correlation,5,0.000208,5,SMALL,DOUBLE
c,naive,covariance,0.000195,3.205,valid,5,SMALL,DOUBLE
c,naive,covariance,1,0.000196,5,SMALL,DOUBLE
c,naive,covariance,2,0.000212,5,SMALL,DOUBLE
c,naive,covariance,3,0.000192,5,SMALL,DOUBLE
c,naive,covariance,4,0.000193,5,SMALL,DOUBLE
c,naive,covariance,5,0.000193,5,SMALL,DOUBLE
c,naive,deriche,0.000986,0.842,valid,5,SMALL,DOUBLE
c,naive,deriche,1,0.000997,5,SMALL,DOUBLE
c,naive,deriche,2,0.000944,5,SMALL,DOUBLE
c,naive,deriche,3,0.000808,5,SMALL,DOUBLE
c,naive,deriche,4,0.000859,5,SMALL,DOUBLE
c,naive,deriche,5,0.000982,5,SMALL,DOUBLE
c,naive,doitgen,0.000183,3.525,valid,5,SMALL,DOUBLE
c,naive,doitgen,1,0.000182,5,SMALL,DOUBLE
c,naive,doitgen,2,0.000197,5,SMALL,DOUBLE
c,naive,doitgen,3,0.000181,5,SMALL,DOUBLE
c,naive,doitgen,4,0.000183,5,SMALL,DOUBLE
c,naive,doitgen,5,0.000181,5,SMALL,DOUBLE
c,naive,durbin,0.000015,1.267,valid,5,SMALL,DOUBLE
c,naive,durbin,1,0.000016,5,SMALL,DOUBLE
c,naive,durbin,2,0.000015,5,SMALL,DOUBLE
c,naive,durbin,3,0.000015,5,SMALL,DOUBLE
c,naive,durbin,4,0.000015,5,SMALL,DOUBLE
c,naive,durbin,5,0.000014,5,SMALL,DOUBLE
c,naive,fdtd-2d,0.000518,0.622,valid,5,SMALL,DOUBLE
c,naive,fdtd-2d,1,0.000500,5,SMALL,DOUBLE
c,naive,fdtd-2d,2,0.000540,5,SMALL,DOUBLE
c,naive,fdtd-2d,3,0.000511,5,SMALL,DOUBLE
c,naive,fdtd-2d,4,0.000507,5,SMALL,DOUBLE
c,naive,fdtd-2d,5,0.000510,5,SMALL,DOUBLE
c,naive,floyd-warshall,0.002257,3.236,valid,5,SMALL,DOUBLE
c,naive,floyd-warshall,1,0.002260,5,SMALL,DOUBLE
c,naive,floyd-warshall,2,0.002249,5,SMALL,DOUBLE
c,naive,floyd-warshall,3,0.002250,5,SMALL,DOUBLE
c,naive,floyd-warshall,4,0.002262,5,SMALL,DOUBLE
c,naive,floyd-warshall,5,0.002264,5,SMALL,DOUBLE
c,naive,gemm,0.000115,1.043,valid,5,SMALL,DOUBLE
c,naive,gemm,1,0.000116,5,SMALL,DOUBLE
c,naive,gemm,2,0.000113,5,SMALL,DOUBLE
c,naive,gemm,3,0.000113,5,SMALL,DOUBLE
c,naive,gemm,4,0.000114,5,SMALL,DOUBLE
c,naive,gemm,5,0.000114,5,SMALL,DOUBLE
c,naive,gemver,0.000042,1.619,valid,5,SMALL,DOUBLE
c,naive,gemver,1,0.000046,5,SMALL,DOUBLE
c,naive,gemver,2,0.000045,5,SMALL,DOUBLE
c,naive,gemver,3,0.000046,5,SMALL,DOUBLE
c,naive,gemver,4,0.000044,5,SMALL,DOUBLE
c,naive,gemver,5,0.000043,5,SMALL,DOUBLE
c,naive,gesummv,0.000043,0.698,valid,5,SMALL,DOUBLE
c,naive,gesummv,1,0.000041,5,SMALL,DOUBLE
c,naive,gesummv,2,0.000042,5,SMALL,DOUBLE
c,naive,gesummv,3,0.000041,5,SMALL,DOUBLE
c,naive,gesummv,4,0.000073,5,SMALL,DOUBLE
c,naive,gesummv,5,0.000042,5,SMALL,DOUBLE
c,naive,gramschmidt,0.000197,,validity_error,5,SMALL,DOUBLE
c,naive,heat-3d,0.000513,1.012,valid,5,SMALL,DOUBLE
c,naive,heat-3d,1,0.000509,5,SMALL,DOUBLE
c,naive,heat-3d,2,0.000499,5,SMALL,DOUBLE
c,naive,heat-3d,3,0.000499,5,SMALL,DOUBLE
c,naive,heat-3d,4,0.000500,5,SMALL,DOUBLE
c,naive,heat-3d,5,0.000498,5,SMALL,DOUBLE
c,naive,jacobi-1d,0.000005,1.200,valid,5,SMALL,DOUBLE
c,naive,jacobi-1d,1,0.000005,5,SMALL,DOUBLE
c,naive,jacobi-1d,2,0.000005,5,SMALL,DOUBLE
c,naive,jacobi-1d,3,0.000006,5,SMALL,DOUBLE
c,naive,jacobi-1d,4,0.000005,5,SMALL,DOUBLE
c,naive,jacobi-1d,5,0.000005,5,SMALL,DOUBLE
c,naive,jacobi-2d,,,compile_error,5,SMALL,DOUBLE
c,naive,lu,0.000561,1.439,valid,5,SMALL,DOUBLE
c,naive,lu,1,0.000548,5,SMALL,DOUBLE
c,naive,lu,2,0.000545,5,SMALL,DOUBLE
c,naive,lu,3,0.000546,5,SMALL,DOUBLE
c,naive,lu,4,0.000545,5,SMALL,DOUBLE
c,naive,lu,5,0.000559,5,SMALL,DOUBLE
c,naive,ludcmp,0.000658,,validity_error,5,SMALL,DOUBLE
c,naive,mvt,0.000021,2.000,valid,5,SMALL,DOUBLE
c,naive,mvt,1,0.000023,5,SMALL,DOUBLE
c,naive,mvt,2,0.000021,5,SMALL,DOUBLE
c,naive,mvt,3,0.000020,5,SMALL,DOUBLE
c,naive,mvt,4,0.000022,5,SMALL,DOUBLE
c,naive,mvt,5,0.000022,5,SMALL,DOUBLE
c,naive,nussinov,0.001507,1.912,valid,5,SMALL,DOUBLE
c,naive,nussinov,1,0.001524,5,SMALL,DOUBLE
c,naive,nussinov,2,0.001505,5,SMALL,DOUBLE
c,naive,nussinov,3,0.001500,5,SMALL,DOUBLE
c,naive,nussinov,4,0.001513,5,SMALL,DOUBLE
c,naive,nussinov,5,0.001494,5,SMALL,DOUBLE
c,naive,seidel-2d,0.007551,0.974,valid,5,SMALL,DOUBLE
c,naive,seidel-2d,1,0.007565,5,SMALL,DOUBLE
c,naive,seidel-2d,2,0.007582,5,SMALL,DOUBLE
c,naive,seidel-2d,3,0.007565,5,SMALL,DOUBLE
c,naive,seidel-2d,4,0.007556,5,SMALL,DOUBLE
c,naive,seidel-2d,5,0.007562,5,SMALL,DOUBLE
c,naive,symm,0.000300,0.957,valid,5,SMALL,DOUBLE
c,naive,symm,1,0.000396,5,SMALL,DOUBLE
c,naive,symm,2,0.000299,5,SMALL,DOUBLE
c,naive,symm,3,0.000299,5,SMALL,DOUBLE
c,naive,symm,4,0.000302,5,SMALL,DOUBLE
c,naive,symm,5,0.000312,5,SMALL,DOUBLE
c,naive,syr2k,0.000251,0.900,valid,5,SMALL,DOUBLE
c,naive,syr2k,1,0.000271,5,SMALL,DOUBLE
c,naive,syr2k,2,0.000249,5,SMALL,DOUBLE
c,naive,syr2k,3,0.000259,5,SMALL,DOUBLE
c,naive,syr2k,4,0.000249,5,SMALL,DOUBLE
c,naive,syr2k,5,0.000259,5,SMALL,DOUBLE
c,naive,syrk,0.000100,1.190,valid,5,SMALL,DOUBLE
c,naive,syrk,1,0.000101,5,SMALL,DOUBLE
c,naive,syrk,2,0.000111,5,SMALL,DOUBLE
c,naive,syrk,3,0.000112,5,SMALL,DOUBLE
c,naive,syrk,4,0.000115,5,SMALL,DOUBLE
c,naive,syrk,5,0.000100,5,SMALL,DOUBLE
c,naive,trisolv,,,compile_error,5,SMALL,DOUBLE
c,naive,trmm,0.000050,3.520,valid,5,SMALL,DOUBLE
c,naive,trmm,1,0.000050,5,SMALL,DOUBLE
c,naive,trmm,2,0.000049,5,SMALL,DOUBLE
c,naive,trmm,3,0.000049,5,SMALL,DOUBLE
c,naive,trmm,4,0.000049,5,SMALL,DOUBLE
c,naive,trmm,5,0.000048,5,SMALL,DOUBLE
-- The CXX compiler identification is GNU 15.2.0
-- Detecting CXX compiler ABI info
-- Detecting CXX compiler ABI info - done
-- Check for working CXX compiler: /usr/local/latestgcc/bin/g++ - skipped
-- Detecting CXX compile features
-- Detecting CXX compile features - done
-- Using NOARR_STRUCTURES_DIR from environment: /home/kleplj/naive/submodules/noarr-structures
-- Configuring done (0.4s)
-- Generating done (0.7s)
-- Build files have been written to: /home/kleplj/naive/optimization/naive/PolybenchC-Noarr/build
[  5%] Building CXX object CMakeFiles/covariance.dir/datamining/covariance/covariance.cpp.o
[  5%] Building CXX object CMakeFiles/correlation.dir/datamining/correlation/correlation.cpp.o
[ 11%] Building CXX object CMakeFiles/symm.dir/linear-algebra/blas/symm/symm.cpp.o
[ 11%] Building CXX object CMakeFiles/gesummv.dir/linear-algebra/blas/gesummv/gesummv.cpp.o
[ 16%] Building CXX object CMakeFiles/syrk.dir/linear-algebra/blas/syrk/syrk.cpp.o
[ 16%] Building CXX object CMakeFiles/gemm.dir/linear-algebra/blas/gemm/gemm.cpp.o
[ 16%] Building CXX object CMakeFiles/syr2k.dir/linear-algebra/blas/syr2k/syr2k.cpp.o
[ 16%] Building CXX object CMakeFiles/gemver.dir/linear-algebra/blas/gemver/gemver.cpp.o
[ 30%] Building CXX object CMakeFiles/trmm.dir/linear-algebra/blas/trmm/trmm.cpp.o
[ 48%] Building CXX object CMakeFiles/cholesky.dir/linear-algebra/solvers/cholesky/cholesky.cpp.o
[ 48%] Building CXX object CMakeFiles/mvt.dir/linear-algebra/kernels/mvt/mvt.cpp.o
[ 48%] Building CXX object CMakeFiles/bicg.dir/linear-algebra/kernels/bicg/bicg.cpp.o
[ 48%] Building CXX object CMakeFiles/jacobi-1d.dir/stencils/jacobi-1d/jacobi-1d.cpp.o
[ 48%] Building CXX object CMakeFiles/fdtd-2d.dir/stencils/fdtd-2d/fdtd-2d.cpp.o
[ 48%] Building CXX object CMakeFiles/durbin.dir/linear-algebra/solvers/durbin/durbin.cpp.o
[ 48%] Building CXX object CMakeFiles/2mm.dir/linear-algebra/kernels/2mm/2mm.cpp.o
[ 48%] Building CXX object CMakeFiles/lu.dir/linear-algebra/solvers/lu/lu.cpp.o
[ 48%] Building CXX object CMakeFiles/gramschmidt.dir/linear-algebra/solvers/gramschmidt/gramschmidt.cpp.o
[ 48%] Building CXX object CMakeFiles/adi.dir/stencils/adi/adi.cpp.o
[ 48%] Building CXX object CMakeFiles/doitgen.dir/linear-algebra/kernels/doitgen/doitgen.cpp.o
[ 48%] Building CXX object CMakeFiles/ludcmp.dir/linear-algebra/solvers/ludcmp/ludcmp.cpp.o
[ 48%] Building CXX object CMakeFiles/deriche.dir/medley/deriche/deriche.cpp.o
[ 48%] Building CXX object CMakeFiles/floyd-warshall.dir/medley/floyd-warshall/floyd-warshall.cpp.o
[ 48%] Building CXX object CMakeFiles/3mm.dir/linear-algebra/kernels/3mm/3mm.cpp.o
[ 48%] Building CXX object CMakeFiles/atax.dir/linear-algebra/kernels/atax/atax.cpp.o
[ 48%] Building CXX object CMakeFiles/trisolv.dir/linear-algebra/solvers/trisolv/trisolv.cpp.o
[ 50%] Building CXX object CMakeFiles/heat-3d.dir/stencils/heat-3d/heat-3d.cpp.o
[ 50%] Building CXX object CMakeFiles/nussinov.dir/medley/nussinov/nussinov.cpp.o
[ 50%] Building CXX object CMakeFiles/jacobi-2d.dir/stencils/jacobi-2d/jacobi-2d.cpp.o
[ 50%] Building CXX object CMakeFiles/seidel-2d.dir/stencils/seidel-2d/seidel-2d.cpp.o
[ 51%] Linking CXX executable cholesky
[ 53%] Linking CXX executable nussinov
[ 55%] Linking CXX executable durbin
[ 56%] Linking CXX executable jacobi-1d
[ 58%] Linking CXX executable seidel-2d
[ 58%] Built target durbin
[ 58%] Built target jacobi-1d
[ 60%] Linking CXX executable gesummv
[ 61%] Linking CXX executable trisolv
[ 63%] Linking CXX executable atax
[ 63%] Built target seidel-2d
[ 63%] Built target gesummv
[ 65%] Linking CXX executable bicg
[ 65%] Built target trisolv
[ 66%] Built target atax
[ 66%] Linking CXX executable jacobi-2d
[ 68%] Linking CXX executable mvt
[ 70%] Linking CXX executable adi
[ 71%] Linking CXX executable deriche
[ 71%] Built target bicg
[ 73%] Linking CXX executable floyd-warshall
[ 73%] Built target jacobi-2d
[ 73%] Built target mvt
[ 75%] Linking CXX executable lu
[ 75%] Built target adi
[ 76%] Linking CXX executable syrk
[ 78%] Linking CXX executable trmm
[ 78%] Built target deriche
[ 80%] Linking CXX executable symm
[ 80%] Built target floyd-warshall
[ 80%] Built target lu
[ 81%] Linking CXX executable gemver
[ 81%] Built target syrk
[ 81%] Built target trmm
[ 83%] Linking CXX executable fdtd-2d
[ 83%] Built target symm
[ 83%] Built target gemver
[ 83%] Built target fdtd-2d
[ 85%] Linking CXX executable doitgen
[ 86%] Linking CXX executable gemm
[ 88%] Linking CXX executable gramschmidt
[ 90%] Linking CXX executable covariance
[ 91%] Linking CXX executable syr2k
[ 91%] Built target doitgen
[ 91%] Built target gemm
[ 93%] Linking CXX executable heat-3d
[ 93%] Built target gramschmidt
[ 93%] Built target covariance
[ 93%] Built target syr2k
[ 93%] Built target heat-3d
[ 95%] Linking CXX executable ludcmp
[ 95%] Built target ludcmp
[ 96%] Linking CXX executable correlation
[ 96%] Built target correlation
[ 98%] Linking CXX executable 2mm
[ 98%] Built target 2mm
[100%] Linking CXX executable 3mm
[100%] Built target 3mm
noarr,naive,2mm,0.000085,5.200,valid,1,SMALL,DOUBLE
noarr,naive,2mm,1,0.000085,1,SMALL,DOUBLE
noarr,naive,2mm,2,0.000085,1,SMALL,DOUBLE
noarr,naive,2mm,3,0.000085,1,SMALL,DOUBLE
noarr,naive,2mm,4,0.000095,1,SMALL,DOUBLE
noarr,naive,2mm,5,0.000098,1,SMALL,DOUBLE
noarr,naive,3mm,0.000174,4.517,valid,1,SMALL,DOUBLE
noarr,naive,3mm,1,0.000172,1,SMALL,DOUBLE
noarr,naive,3mm,2,0.000173,1,SMALL,DOUBLE
noarr,naive,3mm,3,0.000173,1,SMALL,DOUBLE
noarr,naive,3mm,4,0.000174,1,SMALL,DOUBLE
noarr,naive,3mm,5,0.000174,1,SMALL,DOUBLE
noarr,naive,adi,0.002741,1.078,valid,1,SMALL,DOUBLE
noarr,naive,adi,1,0.002749,1,SMALL,DOUBLE
noarr,naive,adi,2,0.002741,1,SMALL,DOUBLE
noarr,naive,adi,3,0.002751,1,SMALL,DOUBLE
noarr,naive,adi,4,0.002746,1,SMALL,DOUBLE
noarr,naive,adi,5,0.002748,1,SMALL,DOUBLE
noarr,naive,atax,0.000033,1.152,valid,1,SMALL,DOUBLE
noarr,naive,atax,1,0.000022,1,SMALL,DOUBLE
noarr,naive,atax,2,0.000033,1,SMALL,DOUBLE
noarr,naive,atax,3,0.000033,1,SMALL,DOUBLE
noarr,naive,atax,4,0.000033,1,SMALL,DOUBLE
noarr,naive,atax,5,0.000032,1,SMALL,DOUBLE
noarr,naive,bicg,0.000017,3.294,valid,1,SMALL,DOUBLE
noarr,naive,bicg,1,0.000017,1,SMALL,DOUBLE
noarr,naive,bicg,2,0.000017,1,SMALL,DOUBLE
noarr,naive,bicg,3,0.000017,1,SMALL,DOUBLE
noarr,naive,bicg,4,0.000017,1,SMALL,DOUBLE
noarr,naive,bicg,5,0.000017,1,SMALL,DOUBLE
noarr,naive,cholesky,,,compile_error,1,SMALL,DOUBLE
noarr,naive,correlation,0.000431,1.469,valid,1,SMALL,DOUBLE
noarr,naive,correlation,1,0.000432,1,SMALL,DOUBLE
noarr,naive,correlation,2,0.000422,1,SMALL,DOUBLE
noarr,naive,correlation,3,0.000431,1,SMALL,DOUBLE
noarr,naive,correlation,4,0.000430,1,SMALL,DOUBLE
noarr,naive,correlation,5,0.000422,1,SMALL,DOUBLE
noarr,naive,covariance,0.000420,1.467,valid,1,SMALL,DOUBLE
noarr,naive,covariance,1,0.000429,1,SMALL,DOUBLE
noarr,naive,covariance,2,0.000420,1,SMALL,DOUBLE
noarr,naive,covariance,3,0.000420,1,SMALL,DOUBLE
noarr,naive,covariance,4,0.000419,1,SMALL,DOUBLE
noarr,naive,covariance,5,0.000420,1,SMALL,DOUBLE
noarr,naive,deriche,0.000461,1.833,valid,1,SMALL,DOUBLE
noarr,naive,deriche,1,0.000462,1,SMALL,DOUBLE
noarr,naive,deriche,2,0.000463,1,SMALL,DOUBLE
noarr,naive,deriche,3,0.000462,1,SMALL,DOUBLE
noarr,naive,deriche,4,0.000453,1,SMALL,DOUBLE
noarr,naive,deriche,5,0.000479,1,SMALL,DOUBLE
noarr,naive,doitgen,0.000157,4.045,valid,1,SMALL,DOUBLE
noarr,naive,doitgen,1,0.000158,1,SMALL,DOUBLE
noarr,naive,doitgen,2,0.000157,1,SMALL,DOUBLE
noarr,naive,doitgen,3,0.000158,1,SMALL,DOUBLE
noarr,naive,doitgen,4,0.000158,1,SMALL,DOUBLE
noarr,naive,doitgen,5,0.000169,1,SMALL,DOUBLE
noarr,naive,durbin,0.000014,1.357,valid,1,SMALL,DOUBLE
noarr,naive,durbin,1,0.000014,1,SMALL,DOUBLE
noarr,naive,durbin,2,0.000014,1,SMALL,DOUBLE
noarr,naive,durbin,3,0.000014,1,SMALL,DOUBLE
noarr,naive,durbin,4,0.000014,1,SMALL,DOUBLE
noarr,naive,durbin,5,0.000014,1,SMALL,DOUBLE
noarr,naive,fdtd-2d,0.000297,1.118,valid,1,SMALL,DOUBLE
noarr,naive,fdtd-2d,1,0.000294,1,SMALL,DOUBLE
noarr,naive,fdtd-2d,2,0.000304,1,SMALL,DOUBLE
noarr,naive,fdtd-2d,3,0.000294,1,SMALL,DOUBLE
noarr,naive,fdtd-2d,4,0.000283,1,SMALL,DOUBLE
noarr,naive,fdtd-2d,5,0.000300,1,SMALL,DOUBLE
noarr,naive,floyd-warshall,0.001936,3.788,valid,1,SMALL,DOUBLE
noarr,naive,floyd-warshall,1,0.001935,1,SMALL,DOUBLE
noarr,naive,floyd-warshall,2,0.001934,1,SMALL,DOUBLE
noarr,naive,floyd-warshall,3,0.001935,1,SMALL,DOUBLE
noarr,naive,floyd-warshall,4,0.001937,1,SMALL,DOUBLE
noarr,naive,floyd-warshall,5,0.001933,1,SMALL,DOUBLE
noarr,naive,gemm,0.000316,0.332,valid,1,SMALL,DOUBLE
noarr,naive,gemm,1,0.000305,1,SMALL,DOUBLE
noarr,naive,gemm,2,0.000314,1,SMALL,DOUBLE
noarr,naive,gemm,3,0.000306,1,SMALL,DOUBLE
noarr,naive,gemm,4,0.000318,1,SMALL,DOUBLE
noarr,naive,gemm,5,0.000306,1,SMALL,DOUBLE
noarr,naive,gemver,0.000038,1.789,valid,1,SMALL,DOUBLE
noarr,naive,gemver,1,0.000039,1,SMALL,DOUBLE
noarr,naive,gemver,2,0.000038,1,SMALL,DOUBLE
noarr,naive,gemver,3,0.000038,1,SMALL,DOUBLE
noarr,naive,gemver,4,0.000038,1,SMALL,DOUBLE
noarr,naive,gemver,5,0.000038,1,SMALL,DOUBLE
noarr,naive,gesummv,0.000010,3.200,valid,1,SMALL,DOUBLE
noarr,naive,gesummv,1,0.000010,1,SMALL,DOUBLE
noarr,naive,gesummv,2,0.000010,1,SMALL,DOUBLE
noarr,naive,gesummv,3,0.000010,1,SMALL,DOUBLE
noarr,naive,gesummv,4,0.000010,1,SMALL,DOUBLE
noarr,naive,gesummv,5,0.000010,1,SMALL,DOUBLE
noarr,naive,gramschmidt,0.000277,,validity_error,1,SMALL,DOUBLE
noarr,naive,heat-3d,0.002926,0.178,valid,1,SMALL,DOUBLE
noarr,naive,heat-3d,1,0.003068,1,SMALL,DOUBLE
noarr,naive,heat-3d,2,0.003000,1,SMALL,DOUBLE
noarr,naive,heat-3d,3,0.002973,1,SMALL,DOUBLE
noarr,naive,heat-3d,4,0.002955,1,SMALL,DOUBLE
noarr,naive,heat-3d,5,0.002918,1,SMALL,DOUBLE
noarr,naive,jacobi-1d,0.002078,0.003,valid,1,SMALL,DOUBLE
noarr,naive,jacobi-1d,1,0.002158,1,SMALL,DOUBLE
noarr,naive,jacobi-1d,2,0.002091,1,SMALL,DOUBLE
noarr,naive,jacobi-1d,3,0.002103,1,SMALL,DOUBLE
noarr,naive,jacobi-1d,4,0.002116,1,SMALL,DOUBLE
noarr,naive,jacobi-1d,5,0.002154,1,SMALL,DOUBLE
noarr,naive,jacobi-2d,0.003351,0.194,valid,1,SMALL,DOUBLE
noarr,naive,jacobi-2d,1,0.003284,1,SMALL,DOUBLE
noarr,naive,jacobi-2d,2,0.003272,1,SMALL,DOUBLE
noarr,naive,jacobi-2d,3,0.003226,1,SMALL,DOUBLE
noarr,naive,jacobi-2d,4,0.003283,1,SMALL,DOUBLE
noarr,naive,jacobi-2d,5,0.003314,1,SMALL,DOUBLE
noarr,naive,lu,0.000618,1.299,valid,1,SMALL,DOUBLE
noarr,naive,lu,1,0.000614,1,SMALL,DOUBLE
noarr,naive,lu,2,0.000619,1,SMALL,DOUBLE
noarr,naive,lu,3,0.000626,1,SMALL,DOUBLE
noarr,naive,lu,4,0.000620,1,SMALL,DOUBLE
noarr,naive,lu,5,0.000618,1,SMALL,DOUBLE
noarr,naive,ludcmp,0.000629,1.165,valid,1,SMALL,DOUBLE
noarr,naive,ludcmp,1,0.000630,1,SMALL,DOUBLE
noarr,naive,ludcmp,2,0.000635,1,SMALL,DOUBLE
noarr,naive,ludcmp,3,0.000652,1,SMALL,DOUBLE
noarr,naive,ludcmp,4,0.000636,1,SMALL,DOUBLE
noarr,naive,ludcmp,5,0.000658,1,SMALL,DOUBLE
noarr,naive,mvt,0.000043,1.000,valid,1,SMALL,DOUBLE
noarr,naive,mvt,1,0.000033,1,SMALL,DOUBLE
noarr,naive,mvt,2,0.000033,1,SMALL,DOUBLE
noarr,naive,mvt,3,0.000033,1,SMALL,DOUBLE
noarr,naive,mvt,4,0.000033,1,SMALL,DOUBLE
noarr,naive,mvt,5,0.000033,1,SMALL,DOUBLE
noarr,naive,nussinov,,,compile_error,1,SMALL,DOUBLE
noarr,naive,seidel-2d,0.007388,0.998,valid,1,SMALL,DOUBLE
noarr,naive,seidel-2d,1,0.007352,1,SMALL,DOUBLE
noarr,naive,seidel-2d,2,0.007380,1,SMALL,DOUBLE
noarr,naive,seidel-2d,3,0.007311,1,SMALL,DOUBLE
noarr,naive,seidel-2d,4,0.007351,1,SMALL,DOUBLE
noarr,naive,seidel-2d,5,0.007204,1,SMALL,DOUBLE
noarr,naive,symm,0.000236,,validity_error,1,SMALL,DOUBLE
noarr,naive,syr2k,0.000207,1.193,valid,1,SMALL,DOUBLE
noarr,naive,syr2k,1,0.000215,1,SMALL,DOUBLE
noarr,naive,syr2k,2,0.000207,1,SMALL,DOUBLE
noarr,naive,syr2k,3,0.000216,1,SMALL,DOUBLE
noarr,naive,syr2k,4,0.000207,1,SMALL,DOUBLE
noarr,naive,syr2k,5,0.000208,1,SMALL,DOUBLE
noarr,naive,syrk,0.000083,1.349,valid,1,SMALL,DOUBLE
noarr,naive,syrk,1,0.000105,1,SMALL,DOUBLE
noarr,naive,syrk,2,0.000103,1,SMALL,DOUBLE
noarr,naive,syrk,3,0.000083,1,SMALL,DOUBLE
noarr,naive,syrk,4,0.000103,1,SMALL,DOUBLE
noarr,naive,syrk,5,0.000104,1,SMALL,DOUBLE
noarr,naive,trisolv,0.000008,1.625,valid,1,SMALL,DOUBLE
noarr,naive,trisolv,1,0.000008,1,SMALL,DOUBLE
noarr,naive,trisolv,2,0.000008,1,SMALL,DOUBLE
noarr,naive,trisolv,3,0.000008,1,SMALL,DOUBLE
noarr,naive,trisolv,4,0.000008,1,SMALL,DOUBLE
noarr,naive,trisolv,5,0.000008,1,SMALL,DOUBLE
noarr,naive,trmm,0.000050,3.520,valid,1,SMALL,DOUBLE
noarr,naive,trmm,1,0.000050,1,SMALL,DOUBLE
noarr,naive,trmm,2,0.000049,1,SMALL,DOUBLE
noarr,naive,trmm,3,0.000050,1,SMALL,DOUBLE
noarr,naive,trmm,4,0.000050,1,SMALL,DOUBLE
noarr,naive,trmm,5,0.000050,1,SMALL,DOUBLE
-- The CXX compiler identification is GNU 15.2.0
-- Detecting CXX compiler ABI info
-- Detecting CXX compiler ABI info - done
-- Check for working CXX compiler: /usr/local/latestgcc/bin/g++ - skipped
-- Detecting CXX compile features
-- Detecting CXX compile features - done
-- Using NOARR_STRUCTURES_DIR from environment: /home/kleplj/naive/submodules/noarr-structures
-- Configuring done (0.4s)
-- Generating done (0.7s)
-- Build files have been written to: /home/kleplj/naive/optimization/naive/PolybenchC-Noarr/build
[ 11%] Building CXX object CMakeFiles/covariance.dir/datamining/covariance/covariance.cpp.o
[ 11%] Building CXX object CMakeFiles/gemver.dir/linear-algebra/blas/gemver/gemver.cpp.o
[ 11%] Building CXX object CMakeFiles/gemm.dir/linear-algebra/blas/gemm/gemm.cpp.o
[ 11%] Building CXX object CMakeFiles/correlation.dir/datamining/correlation/correlation.cpp.o
[ 11%] Building CXX object CMakeFiles/syrk.dir/linear-algebra/blas/syrk/syrk.cpp.o
[ 20%] Building CXX object CMakeFiles/symm.dir/linear-algebra/blas/symm/symm.cpp.o
[ 20%] Building CXX object CMakeFiles/3mm.dir/linear-algebra/kernels/3mm/3mm.cpp.o
[ 20%] Building CXX object CMakeFiles/trmm.dir/linear-algebra/blas/trmm/trmm.cpp.o
[ 20%] Building CXX object CMakeFiles/gesummv.dir/linear-algebra/blas/gesummv/gesummv.cpp.o
[ 20%] Building CXX object CMakeFiles/syr2k.dir/linear-algebra/blas/syr2k/syr2k.cpp.o
[ 35%] Building CXX object CMakeFiles/atax.dir/linear-algebra/kernels/atax/atax.cpp.o
[ 35%] Building CXX object CMakeFiles/2mm.dir/linear-algebra/kernels/2mm/2mm.cpp.o
[ 50%] Building CXX object CMakeFiles/fdtd-2d.dir/stencils/fdtd-2d/fdtd-2d.cpp.o
[ 50%] Building CXX object CMakeFiles/deriche.dir/medley/deriche/deriche.cpp.o
[ 50%] Building CXX object CMakeFiles/heat-3d.dir/stencils/heat-3d/heat-3d.cpp.o
[ 50%] Building CXX object CMakeFiles/bicg.dir/linear-algebra/kernels/bicg/bicg.cpp.o
[ 50%] Building CXX object CMakeFiles/jacobi-1d.dir/stencils/jacobi-1d/jacobi-1d.cpp.o
[ 50%] Building CXX object CMakeFiles/floyd-warshall.dir/medley/floyd-warshall/floyd-warshall.cpp.o
[ 50%] Building CXX object CMakeFiles/durbin.dir/linear-algebra/solvers/durbin/durbin.cpp.o
[ 50%] Building CXX object CMakeFiles/nussinov.dir/medley/nussinov/nussinov.cpp.o
[ 50%] Building CXX object CMakeFiles/doitgen.dir/linear-algebra/kernels/doitgen/doitgen.cpp.o
[ 50%] Building CXX object CMakeFiles/gramschmidt.dir/linear-algebra/solvers/gramschmidt/gramschmidt.cpp.o
[ 50%] Building CXX object CMakeFiles/trisolv.dir/linear-algebra/solvers/trisolv/trisolv.cpp.o
[ 50%] Building CXX object CMakeFiles/mvt.dir/linear-algebra/kernels/mvt/mvt.cpp.o
[ 50%] Building CXX object CMakeFiles/lu.dir/linear-algebra/solvers/lu/lu.cpp.o
[ 50%] Building CXX object CMakeFiles/cholesky.dir/linear-algebra/solvers/cholesky/cholesky.cpp.o
[ 50%] Building CXX object CMakeFiles/ludcmp.dir/linear-algebra/solvers/ludcmp/ludcmp.cpp.o
[ 50%] Building CXX object CMakeFiles/seidel-2d.dir/stencils/seidel-2d/seidel-2d.cpp.o
[ 50%] Building CXX object CMakeFiles/jacobi-2d.dir/stencils/jacobi-2d/jacobi-2d.cpp.o
[ 50%] Building CXX object CMakeFiles/adi.dir/stencils/adi/adi.cpp.o
[ 53%] Linking CXX executable cholesky
[ 53%] Linking CXX executable nussinov
[ 55%] Linking CXX executable durbin
[ 55%] Built target durbin
[ 56%] Linking CXX executable gesummv
[ 58%] Linking CXX executable mvt
[ 60%] Linking CXX executable floyd-warshall
[ 61%] Linking CXX executable bicg
[ 63%] Linking CXX executable trisolv
[ 65%] Built target gesummv
[ 65%] Linking CXX executable atax
[ 65%] Built target mvt
[ 65%] Built target floyd-warshall
[ 65%] Built target bicg
[ 65%] Built target trisolv
[ 65%] Built target atax
[ 66%] Linking CXX executable trmm
[ 68%] Linking CXX executable adi
[ 70%] Linking CXX executable syrk
[ 71%] Linking CXX executable seidel-2d
[ 73%] Linking CXX executable lu
[ 73%] Built target trmm
[ 75%] Linking CXX executable syr2k
[ 75%] Built target syrk
[ 75%] Built target adi
[ 75%] Built target seidel-2d
[ 76%] Linking CXX executable gemver
[ 76%] Built target lu
[ 76%] Built target syr2k
[ 78%] Linking CXX executable gramschmidt
[ 78%] Built target gemver
[ 80%] Linking CXX executable gemm
[ 81%] Linking CXX executable symm
[ 83%] Linking CXX executable jacobi-2d
[ 83%] Built target gramschmidt
[ 85%] Linking CXX executable fdtd-2d
[ 85%] Built target gemm
[ 85%] Built target symm
[ 86%] Linking CXX executable covariance
[ 86%] Built target jacobi-2d
[ 88%] Linking CXX executable ludcmp
[ 88%] Built target fdtd-2d
[ 88%] Built target covariance
[ 88%] Built target ludcmp
[ 90%] Linking CXX executable doitgen
[ 90%] Built target doitgen
[ 91%] Linking CXX executable heat-3d
[ 93%] Linking CXX executable correlation
[ 93%] Built target heat-3d
[ 93%] Built target correlation
[ 95%] Linking CXX executable 2mm
[ 95%] Built target 2mm
[ 96%] Linking CXX executable 3mm
[ 96%] Built target 3mm
noarr,naive,2mm,0.000084,5.405,valid,2,SMALL,DOUBLE
noarr,naive,2mm,1,0.000085,2,SMALL,DOUBLE
noarr,naive,2mm,2,0.000084,2,SMALL,DOUBLE
noarr,naive,2mm,3,0.000085,2,SMALL,DOUBLE
noarr,naive,2mm,4,0.000085,2,SMALL,DOUBLE
noarr,naive,2mm,5,0.000084,2,SMALL,DOUBLE
noarr,naive,3mm,0.000163,4.791,valid,2,SMALL,DOUBLE
noarr,naive,3mm,1,0.000164,2,SMALL,DOUBLE
noarr,naive,3mm,2,0.000163,2,SMALL,DOUBLE
noarr,naive,3mm,3,0.000162,2,SMALL,DOUBLE
noarr,naive,3mm,4,0.000163,2,SMALL,DOUBLE
noarr,naive,3mm,5,0.000163,2,SMALL,DOUBLE
noarr,naive,adi,0.002725,1.016,valid,2,SMALL,DOUBLE
noarr,naive,adi,1,0.002728,2,SMALL,DOUBLE
noarr,naive,adi,2,0.002735,2,SMALL,DOUBLE
noarr,naive,adi,3,0.002732,2,SMALL,DOUBLE
noarr,naive,adi,4,0.002734,2,SMALL,DOUBLE
noarr,naive,adi,5,0.002732,2,SMALL,DOUBLE
noarr,naive,atax,0.000019,1.947,valid,2,SMALL,DOUBLE
noarr,naive,atax,1,0.000019,2,SMALL,DOUBLE
noarr,naive,atax,2,0.000019,2,SMALL,DOUBLE
noarr,naive,atax,3,0.000019,2,SMALL,DOUBLE
noarr,naive,atax,4,0.000019,2,SMALL,DOUBLE
noarr,naive,atax,5,0.000019,2,SMALL,DOUBLE
noarr,naive,bicg,0.000017,3.235,valid,2,SMALL,DOUBLE
noarr,naive,bicg,1,0.000017,2,SMALL,DOUBLE
noarr,naive,bicg,2,0.000017,2,SMALL,DOUBLE
noarr,naive,bicg,3,0.000017,2,SMALL,DOUBLE
noarr,naive,bicg,4,0.000017,2,SMALL,DOUBLE
noarr,naive,bicg,5,0.000017,2,SMALL,DOUBLE
noarr,naive,cholesky,,,compile_error,2,SMALL,DOUBLE
noarr,naive,correlation,0.000418,1.476,valid,2,SMALL,DOUBLE
noarr,naive,correlation,1,0.000423,2,SMALL,DOUBLE
noarr,naive,correlation,2,0.000417,2,SMALL,DOUBLE
noarr,naive,correlation,3,0.000427,2,SMALL,DOUBLE
noarr,naive,correlation,4,0.000413,2,SMALL,DOUBLE
noarr,naive,correlation,5,0.000418,2,SMALL,DOUBLE
noarr,naive,covariance,0.000441,1.429,valid,2,SMALL,DOUBLE
noarr,naive,covariance,1,0.000445,2,SMALL,DOUBLE
noarr,naive,covariance,2,0.000448,2,SMALL,DOUBLE
noarr,naive,covariance,3,0.000451,2,SMALL,DOUBLE
noarr,naive,covariance,4,0.000451,2,SMALL,DOUBLE
noarr,naive,covariance,5,0.000450,2,SMALL,DOUBLE
noarr,naive,deriche,,,compile_error,2,SMALL,DOUBLE
noarr,naive,doitgen,0.000138,3.746,valid,2,SMALL,DOUBLE
noarr,naive,doitgen,1,0.000138,2,SMALL,DOUBLE
noarr,naive,doitgen,2,0.000138,2,SMALL,DOUBLE
noarr,naive,doitgen,3,0.000138,2,SMALL,DOUBLE
noarr,naive,doitgen,4,0.000138,2,SMALL,DOUBLE
noarr,naive,doitgen,5,0.000138,2,SMALL,DOUBLE
noarr,naive,durbin,0.000017,1.118,valid,2,SMALL,DOUBLE
noarr,naive,durbin,1,0.000017,2,SMALL,DOUBLE
noarr,naive,durbin,2,0.000017,2,SMALL,DOUBLE
noarr,naive,durbin,3,0.000017,2,SMALL,DOUBLE
noarr,naive,durbin,4,0.000017,2,SMALL,DOUBLE
noarr,naive,durbin,5,0.000017,2,SMALL,DOUBLE
noarr,naive,fdtd-2d,0.000294,1.102,valid,2,SMALL,DOUBLE
noarr,naive,fdtd-2d,1,0.000303,2,SMALL,DOUBLE
noarr,naive,fdtd-2d,2,0.000301,2,SMALL,DOUBLE
noarr,naive,fdtd-2d,3,0.000304,2,SMALL,DOUBLE
noarr,naive,fdtd-2d,4,0.000305,2,SMALL,DOUBLE
noarr,naive,fdtd-2d,5,0.000299,2,SMALL,DOUBLE
noarr,naive,floyd-warshall,0.006647,1.115,valid,2,SMALL,DOUBLE
noarr,naive,floyd-warshall,1,0.006651,2,SMALL,DOUBLE
noarr,naive,floyd-warshall,2,0.006637,2,SMALL,DOUBLE
noarr,naive,floyd-warshall,3,0.006638,2,SMALL,DOUBLE
noarr,naive,floyd-warshall,4,0.006659,2,SMALL,DOUBLE
noarr,naive,floyd-warshall,5,0.006658,2,SMALL,DOUBLE
noarr,naive,gemm,0.000114,0.921,valid,2,SMALL,DOUBLE
noarr,naive,gemm,1,0.000114,2,SMALL,DOUBLE
noarr,naive,gemm,2,0.000114,2,SMALL,DOUBLE
noarr,naive,gemm,3,0.000114,2,SMALL,DOUBLE
noarr,naive,gemm,4,0.000114,2,SMALL,DOUBLE
noarr,naive,gemm,5,0.000113,2,SMALL,DOUBLE
noarr,naive,gemver,0.000027,2.481,valid,2,SMALL,DOUBLE
noarr,naive,gemver,1,0.000028,2,SMALL,DOUBLE
noarr,naive,gemver,2,0.000027,2,SMALL,DOUBLE
noarr,naive,gemver,3,0.000027,2,SMALL,DOUBLE
noarr,naive,gemver,4,0.000027,2,SMALL,DOUBLE
noarr,naive,gemver,5,0.000027,2,SMALL,DOUBLE
noarr,naive,gesummv,0.000010,3.200,valid,2,SMALL,DOUBLE
noarr,naive,gesummv,1,0.000010,2,SMALL,DOUBLE
noarr,naive,gesummv,2,0.000010,2,SMALL,DOUBLE
noarr,naive,gesummv,3,0.000010,2,SMALL,DOUBLE
noarr,naive,gesummv,4,0.000010,2,SMALL,DOUBLE
noarr,naive,gesummv,5,0.000010,2,SMALL,DOUBLE
noarr,naive,gramschmidt,0.000373,,validity_error,2,SMALL,DOUBLE
noarr,naive,heat-3d,0.000512,0.982,valid,2,SMALL,DOUBLE
noarr,naive,heat-3d,1,0.000503,2,SMALL,DOUBLE
noarr,naive,heat-3d,2,0.000505,2,SMALL,DOUBLE
noarr,naive,heat-3d,3,0.000504,2,SMALL,DOUBLE
noarr,naive,heat-3d,4,0.000511,2,SMALL,DOUBLE
noarr,naive,heat-3d,5,0.000515,2,SMALL,DOUBLE
noarr,naive,jacobi-1d,,,compile_error,2,SMALL,DOUBLE
noarr,naive,jacobi-2d,0.000439,1.478,valid,2,SMALL,DOUBLE
noarr,naive,jacobi-2d,1,0.000430,2,SMALL,DOUBLE
noarr,naive,jacobi-2d,2,0.000429,2,SMALL,DOUBLE
noarr,naive,jacobi-2d,3,0.000452,2,SMALL,DOUBLE
noarr,naive,jacobi-2d,4,0.000440,2,SMALL,DOUBLE
noarr,naive,jacobi-2d,5,0.000442,2,SMALL,DOUBLE
noarr,naive,lu,0.000664,1.224,valid,2,SMALL,DOUBLE
noarr,naive,lu,1,0.000663,2,SMALL,DOUBLE
noarr,naive,lu,2,0.000656,2,SMALL,DOUBLE
noarr,naive,lu,3,0.000661,2,SMALL,DOUBLE
noarr,naive,lu,4,0.000656,2,SMALL,DOUBLE
noarr,naive,lu,5,0.000664,2,SMALL,DOUBLE
noarr,naive,ludcmp,0.000646,1.116,valid,2,SMALL,DOUBLE
noarr,naive,ludcmp,1,0.000638,2,SMALL,DOUBLE
noarr,naive,ludcmp,2,0.000644,2,SMALL,DOUBLE
noarr,naive,ludcmp,3,0.000674,2,SMALL,DOUBLE
noarr,naive,ludcmp,4,0.000639,2,SMALL,DOUBLE
noarr,naive,ludcmp,5,0.000672,2,SMALL,DOUBLE
noarr,naive,mvt,0.000043,0.977,valid,2,SMALL,DOUBLE
noarr,naive,mvt,1,0.000043,2,SMALL,DOUBLE
noarr,naive,mvt,2,0.000043,2,SMALL,DOUBLE
noarr,naive,mvt,3,0.000043,2,SMALL,DOUBLE
noarr,naive,mvt,4,0.000043,2,SMALL,DOUBLE
noarr,naive,mvt,5,0.000043,2,SMALL,DOUBLE
noarr,naive,nussinov,,,compile_error,2,SMALL,DOUBLE
noarr,naive,seidel-2d,0.005981,1.229,valid,2,SMALL,DOUBLE
noarr,naive,seidel-2d,1,0.005977,2,SMALL,DOUBLE
noarr,naive,seidel-2d,2,0.005972,2,SMALL,DOUBLE
noarr,naive,seidel-2d,3,0.005976,2,SMALL,DOUBLE
noarr,naive,seidel-2d,4,0.005970,2,SMALL,DOUBLE
noarr,naive,seidel-2d,5,0.005963,2,SMALL,DOUBLE
noarr,naive,symm,0.000076,3.842,valid,2,SMALL,DOUBLE
noarr,naive,symm,1,0.000076,2,SMALL,DOUBLE
noarr,naive,symm,2,0.000075,2,SMALL,DOUBLE
noarr,naive,symm,3,0.000084,2,SMALL,DOUBLE
noarr,naive,symm,4,0.000075,2,SMALL,DOUBLE
noarr,naive,symm,5,0.000076,2,SMALL,DOUBLE
noarr,naive,syr2k,0.000104,2.183,valid,2,SMALL,DOUBLE
noarr,naive,syr2k,1,0.000103,2,SMALL,DOUBLE
noarr,naive,syr2k,2,0.000104,2,SMALL,DOUBLE
noarr,naive,syr2k,3,0.000104,2,SMALL,DOUBLE
noarr,naive,syr2k,4,0.000104,2,SMALL,DOUBLE
noarr,naive,syr2k,5,0.000104,2,SMALL,DOUBLE
noarr,naive,syrk,0.000180,0.628,valid,2,SMALL,DOUBLE
noarr,naive,syrk,1,0.000179,2,SMALL,DOUBLE
noarr,naive,syrk,2,0.000180,2,SMALL,DOUBLE
noarr,naive,syrk,3,0.000177,2,SMALL,DOUBLE
noarr,naive,syrk,4,0.000191,2,SMALL,DOUBLE
noarr,naive,syrk,5,0.000186,2,SMALL,DOUBLE
noarr,naive,trisolv,0.000008,1.625,valid,2,SMALL,DOUBLE
noarr,naive,trisolv,1,0.000008,2,SMALL,DOUBLE
noarr,naive,trisolv,2,0.000008,2,SMALL,DOUBLE
noarr,naive,trisolv,3,0.000008,2,SMALL,DOUBLE
noarr,naive,trisolv,4,0.000008,2,SMALL,DOUBLE
noarr,naive,trisolv,5,0.000008,2,SMALL,DOUBLE
noarr,naive,trmm,0.000053,3.321,valid,2,SMALL,DOUBLE
noarr,naive,trmm,1,0.000056,2,SMALL,DOUBLE
noarr,naive,trmm,2,0.000053,2,SMALL,DOUBLE
noarr,naive,trmm,3,0.000053,2,SMALL,DOUBLE
noarr,naive,trmm,4,0.000053,2,SMALL,DOUBLE
noarr,naive,trmm,5,0.000053,2,SMALL,DOUBLE
-- The CXX compiler identification is GNU 15.2.0
-- Detecting CXX compiler ABI info
-- Detecting CXX compiler ABI info - done
-- Check for working CXX compiler: /usr/local/latestgcc/bin/g++ - skipped
-- Detecting CXX compile features
-- Detecting CXX compile features - done
-- Using NOARR_STRUCTURES_DIR from environment: /home/kleplj/naive/submodules/noarr-structures
-- Configuring done (0.4s)
-- Generating done (0.7s)
-- Build files have been written to: /home/kleplj/naive/optimization/naive/PolybenchC-Noarr/build
[  5%] Building CXX object CMakeFiles/correlation.dir/datamining/correlation/correlation.cpp.o
[  6%] Building CXX object CMakeFiles/covariance.dir/datamining/covariance/covariance.cpp.o
[  8%] Building CXX object CMakeFiles/gesummv.dir/linear-algebra/blas/gesummv/gesummv.cpp.o
[ 11%] Building CXX object CMakeFiles/symm.dir/linear-algebra/blas/symm/symm.cpp.o
[ 11%] Building CXX object CMakeFiles/gemm.dir/linear-algebra/blas/gemm/gemm.cpp.o
[ 20%] Building CXX object CMakeFiles/trmm.dir/linear-algebra/blas/trmm/trmm.cpp.o
[ 20%] Building CXX object CMakeFiles/syrk.dir/linear-algebra/blas/syrk/syrk.cpp.o
[ 20%] Building CXX object CMakeFiles/syr2k.dir/linear-algebra/blas/syr2k/syr2k.cpp.o
[ 20%] Building CXX object CMakeFiles/3mm.dir/linear-algebra/kernels/3mm/3mm.cpp.o
[ 20%] Building CXX object CMakeFiles/gemver.dir/linear-algebra/blas/gemver/gemver.cpp.o
[ 33%] Building CXX object CMakeFiles/bicg.dir/linear-algebra/kernels/bicg/bicg.cpp.o
[ 33%] Building CXX object CMakeFiles/mvt.dir/linear-algebra/kernels/mvt/mvt.cpp.o
[ 48%] Building CXX object CMakeFiles/fdtd-2d.dir/stencils/fdtd-2d/fdtd-2d.cpp.o
[ 50%] Building CXX object CMakeFiles/2mm.dir/linear-algebra/kernels/2mm/2mm.cpp.o
[ 50%] Building CXX object CMakeFiles/cholesky.dir/linear-algebra/solvers/cholesky/cholesky.cpp.o
[ 50%] Building CXX object CMakeFiles/ludcmp.dir/linear-algebra/solvers/ludcmp/ludcmp.cpp.o
[ 50%] Building CXX object CMakeFiles/trisolv.dir/linear-algebra/solvers/trisolv/trisolv.cpp.o
[ 50%] Building CXX object CMakeFiles/durbin.dir/linear-algebra/solvers/durbin/durbin.cpp.o
[ 50%] Building CXX object CMakeFiles/lu.dir/linear-algebra/solvers/lu/lu.cpp.o
[ 50%] Building CXX object CMakeFiles/floyd-warshall.dir/medley/floyd-warshall/floyd-warshall.cpp.o
[ 50%] Building CXX object CMakeFiles/heat-3d.dir/stencils/heat-3d/heat-3d.cpp.o
[ 50%] Building CXX object CMakeFiles/nussinov.dir/medley/nussinov/nussinov.cpp.o
[ 50%] Building CXX object CMakeFiles/doitgen.dir/linear-algebra/kernels/doitgen/doitgen.cpp.o
[ 50%] Building CXX object CMakeFiles/seidel-2d.dir/stencils/seidel-2d/seidel-2d.cpp.o
[ 50%] Building CXX object CMakeFiles/jacobi-1d.dir/stencils/jacobi-1d/jacobi-1d.cpp.o
[ 50%] Building CXX object CMakeFiles/gramschmidt.dir/linear-algebra/solvers/gramschmidt/gramschmidt.cpp.o
[ 50%] Building CXX object CMakeFiles/deriche.dir/medley/deriche/deriche.cpp.o
[ 50%] Building CXX object CMakeFiles/atax.dir/linear-algebra/kernels/atax/atax.cpp.o
[ 50%] Building CXX object CMakeFiles/adi.dir/stencils/adi/adi.cpp.o
[ 50%] Building CXX object CMakeFiles/jacobi-2d.dir/stencils/jacobi-2d/jacobi-2d.cpp.o
[ 53%] Linking CXX executable cholesky
[ 53%] Linking CXX executable nussinov
[ 56%] Linking CXX executable durbin
[ 56%] Linking CXX executable jacobi-1d
[ 56%] Built target durbin
[ 56%] Built target jacobi-1d
[ 58%] Linking CXX executable seidel-2d
[ 60%] Linking CXX executable gesummv
[ 61%] Linking CXX executable trisolv
[ 63%] Linking CXX executable mvt
[ 63%] Built target seidel-2d
[ 65%] Linking CXX executable atax
[ 66%] Linking CXX executable bicg
[ 66%] Built target gesummv
[ 66%] Built target trisolv
[ 68%] Linking CXX executable jacobi-2d
[ 68%] Built target mvt
[ 68%] Built target atax
[ 68%] Built target bicg
[ 70%] Linking CXX executable floyd-warshall
[ 71%] Linking CXX executable trmm
[ 73%] Linking CXX executable deriche
[ 73%] Built target jacobi-2d
[ 73%] Built target floyd-warshall
[ 75%] Linking CXX executable lu
[ 75%] Built target trmm
[ 75%] Built target deriche
[ 76%] Linking CXX executable syrk
[ 78%] Linking CXX executable heat-3d
[ 80%] Linking CXX executable gemver
[ 80%] Built target lu
[ 81%] Linking CXX executable symm
[ 81%] Built target syrk
[ 83%] Linking CXX executable gramschmidt
[ 85%] Linking CXX executable doitgen
[ 85%] Built target heat-3d
[ 85%] Built target gemver
[ 85%] Built target symm
[ 88%] Linking CXX executable fdtd-2d
[ 88%] Linking CXX executable syr2k
[ 90%] Linking CXX executable gemm
[ 90%] Built target gramschmidt
[ 90%] Built target doitgen
[ 90%] Built target fdtd-2d
[ 90%] Built target syr2k
[ 90%] Built target gemm
[ 91%] Linking CXX executable covariance
[ 93%] Linking CXX executable adi
[ 95%] Linking CXX executable ludcmp
[ 95%] Built target covariance
[ 95%] Built target adi
[ 95%] Built target ludcmp
[ 96%] Linking CXX executable correlation
[ 96%] Built target correlation
[ 98%] Linking CXX executable 2mm
[ 98%] Built target 2mm
[100%] Linking CXX executable 3mm
[100%] Built target 3mm
noarr,naive,2mm,0.000271,1.546,valid,3,SMALL,DOUBLE
noarr,naive,2mm,1,0.000271,3,SMALL,DOUBLE
noarr,naive,2mm,2,0.000279,3,SMALL,DOUBLE
noarr,naive,2mm,3,0.000271,3,SMALL,DOUBLE
noarr,naive,2mm,4,0.000271,3,SMALL,DOUBLE
noarr,naive,2mm,5,0.000271,3,SMALL,DOUBLE
noarr,naive,3mm,0.000164,4.841,valid,3,SMALL,DOUBLE
noarr,naive,3mm,1,0.000171,3,SMALL,DOUBLE
noarr,naive,3mm,2,0.000174,3,SMALL,DOUBLE
noarr,naive,3mm,3,0.000163,3,SMALL,DOUBLE
noarr,naive,3mm,4,0.000162,3,SMALL,DOUBLE
noarr,naive,3mm,5,0.000172,3,SMALL,DOUBLE
noarr,naive,adi,0.000883,,validity_error,3,SMALL,DOUBLE
noarr,naive,atax,0.000033,1.152,valid,3,SMALL,DOUBLE
noarr,naive,atax,1,0.000033,3,SMALL,DOUBLE
noarr,naive,atax,2,0.000033,3,SMALL,DOUBLE
noarr,naive,atax,3,0.000033,3,SMALL,DOUBLE
noarr,naive,atax,4,0.000033,3,SMALL,DOUBLE
noarr,naive,atax,5,0.000033,3,SMALL,DOUBLE
noarr,naive,bicg,0.000017,3.235,valid,3,SMALL,DOUBLE
noarr,naive,bicg,1,0.000017,3,SMALL,DOUBLE
noarr,naive,bicg,2,0.000017,3,SMALL,DOUBLE
noarr,naive,bicg,3,0.000017,3,SMALL,DOUBLE
noarr,naive,bicg,4,0.000017,3,SMALL,DOUBLE
noarr,naive,bicg,5,0.000017,3,SMALL,DOUBLE
noarr,naive,cholesky,,,compile_error,3,SMALL,DOUBLE
noarr,naive,correlation,0.000221,2.864,valid,3,SMALL,DOUBLE
noarr,naive,correlation,1,0.000214,3,SMALL,DOUBLE
noarr,naive,correlation,2,0.000218,3,SMALL,DOUBLE
noarr,naive,correlation,3,0.000218,3,SMALL,DOUBLE
noarr,naive,correlation,4,0.000214,3,SMALL,DOUBLE
noarr,naive,correlation,5,0.000216,3,SMALL,DOUBLE
noarr,naive,covariance,0.000132,4.788,valid,3,SMALL,DOUBLE
noarr,naive,covariance,1,0.000139,3,SMALL,DOUBLE
noarr,naive,covariance,2,0.000130,3,SMALL,DOUBLE
noarr,naive,covariance,3,0.000128,3,SMALL,DOUBLE
noarr,naive,covariance,4,0.000131,3,SMALL,DOUBLE
noarr,naive,covariance,5,0.000128,3,SMALL,DOUBLE
noarr,naive,deriche,0.000415,2.007,valid,3,SMALL,DOUBLE
noarr,naive,deriche,1,0.000407,3,SMALL,DOUBLE
noarr,naive,deriche,2,0.000414,3,SMALL,DOUBLE
noarr,naive,deriche,3,0.000420,3,SMALL,DOUBLE
noarr,naive,deriche,4,0.000406,3,SMALL,DOUBLE
noarr,naive,deriche,5,0.000405,3,SMALL,DOUBLE
noarr,naive,doitgen,0.000133,4.617,valid,3,SMALL,DOUBLE
noarr,naive,doitgen,1,0.000133,3,SMALL,DOUBLE
noarr,naive,doitgen,2,0.000133,3,SMALL,DOUBLE
noarr,naive,doitgen,3,0.000134,3,SMALL,DOUBLE
noarr,naive,doitgen,4,0.000134,3,SMALL,DOUBLE
noarr,naive,doitgen,5,0.000144,3,SMALL,DOUBLE
noarr,naive,durbin,0.000013,2.000,valid,3,SMALL,DOUBLE
noarr,naive,durbin,1,0.000013,3,SMALL,DOUBLE
noarr,naive,durbin,2,0.000013,3,SMALL,DOUBLE
noarr,naive,durbin,3,0.000013,3,SMALL,DOUBLE
noarr,naive,durbin,4,0.000013,3,SMALL,DOUBLE
noarr,naive,durbin,5,0.000013,3,SMALL,DOUBLE
noarr,naive,fdtd-2d,0.000298,1.097,valid,3,SMALL,DOUBLE
noarr,naive,fdtd-2d,1,0.000308,3,SMALL,DOUBLE
noarr,naive,fdtd-2d,2,0.000307,3,SMALL,DOUBLE
noarr,naive,fdtd-2d,3,0.000297,3,SMALL,DOUBLE
noarr,naive,fdtd-2d,4,0.000298,3,SMALL,DOUBLE
noarr,naive,fdtd-2d,5,0.000304,3,SMALL,DOUBLE
noarr,naive,floyd-warshall,0.002306,3.167,valid,3,SMALL,DOUBLE
noarr,naive,floyd-warshall,1,0.002303,3,SMALL,DOUBLE
noarr,naive,floyd-warshall,2,0.002304,3,SMALL,DOUBLE
noarr,naive,floyd-warshall,3,0.002302,3,SMALL,DOUBLE
noarr,naive,floyd-warshall,4,0.002305,3,SMALL,DOUBLE
noarr,naive,floyd-warshall,5,0.002306,3,SMALL,DOUBLE
noarr,naive,gemm,0.000400,0.260,valid,3,SMALL,DOUBLE
noarr,naive,gemm,1,0.000408,3,SMALL,DOUBLE
noarr,naive,gemm,2,0.000419,3,SMALL,DOUBLE
noarr,naive,gemm,3,0.000403,3,SMALL,DOUBLE
noarr,naive,gemm,4,0.000394,3,SMALL,DOUBLE
noarr,naive,gemm,5,0.000404,3,SMALL,DOUBLE
noarr,naive,gemver,0.000038,1.842,valid,3,SMALL,DOUBLE
noarr,naive,gemver,1,0.000037,3,SMALL,DOUBLE
noarr,naive,gemver,2,0.000037,3,SMALL,DOUBLE
noarr,naive,gemver,3,0.000037,3,SMALL,DOUBLE
noarr,naive,gemver,4,0.000037,3,SMALL,DOUBLE
noarr,naive,gemver,5,0.000036,3,SMALL,DOUBLE
noarr,naive,gesummv,0.000010,3.100,valid,3,SMALL,DOUBLE
noarr,naive,gesummv,1,0.000010,3,SMALL,DOUBLE
noarr,naive,gesummv,2,0.000010,3,SMALL,DOUBLE
noarr,naive,gesummv,3,0.000010,3,SMALL,DOUBLE
noarr,naive,gesummv,4,0.000010,3,SMALL,DOUBLE
noarr,naive,gesummv,5,0.000011,3,SMALL,DOUBLE
noarr,naive,gramschmidt,0.000284,,validity_error,3,SMALL,DOUBLE
noarr,naive,heat-3d,0.000487,1.035,valid,3,SMALL,DOUBLE
noarr,naive,heat-3d,1,0.000478,3,SMALL,DOUBLE
noarr,naive,heat-3d,2,0.000487,3,SMALL,DOUBLE
noarr,naive,heat-3d,3,0.000489,3,SMALL,DOUBLE
noarr,naive,heat-3d,4,0.000488,3,SMALL,DOUBLE
noarr,naive,heat-3d,5,0.000477,3,SMALL,DOUBLE
noarr,naive,jacobi-1d,0.005202,0.001,valid,3,SMALL,DOUBLE
noarr,naive,jacobi-1d,1,0.005185,3,SMALL,DOUBLE
noarr,naive,jacobi-1d,2,0.005083,3,SMALL,DOUBLE
noarr,naive,jacobi-1d,3,0.005156,3,SMALL,DOUBLE
noarr,naive,jacobi-1d,4,0.005103,3,SMALL,DOUBLE
noarr,naive,jacobi-1d,5,0.005158,3,SMALL,DOUBLE
noarr,naive,jacobi-2d,0.003268,0.162,valid,3,SMALL,DOUBLE
noarr,naive,jacobi-2d,1,0.003298,3,SMALL,DOUBLE
noarr,naive,jacobi-2d,2,0.003230,3,SMALL,DOUBLE
noarr,naive,jacobi-2d,3,0.003391,3,SMALL,DOUBLE
noarr,naive,jacobi-2d,4,0.003334,3,SMALL,DOUBLE
noarr,naive,jacobi-2d,5,0.003200,3,SMALL,DOUBLE
noarr,naive,lu,0.000481,1.686,valid,3,SMALL,DOUBLE
noarr,naive,lu,1,0.000489,3,SMALL,DOUBLE
noarr,naive,lu,2,0.000481,3,SMALL,DOUBLE
noarr,naive,lu,3,0.000489,3,SMALL,DOUBLE
noarr,naive,lu,4,0.000482,3,SMALL,DOUBLE
noarr,naive,lu,5,0.000487,3,SMALL,DOUBLE
noarr,naive,ludcmp,0.000674,1.091,valid,3,SMALL,DOUBLE
noarr,naive,ludcmp,1,0.000667,3,SMALL,DOUBLE
noarr,naive,ludcmp,2,0.000667,3,SMALL,DOUBLE
noarr,naive,ludcmp,3,0.000647,3,SMALL,DOUBLE
noarr,naive,ludcmp,4,0.000641,3,SMALL,DOUBLE
noarr,naive,ludcmp,5,0.000646,3,SMALL,DOUBLE
noarr,naive,mvt,0.000017,2.588,valid,3,SMALL,DOUBLE
noarr,naive,mvt,1,0.000017,3,SMALL,DOUBLE
noarr,naive,mvt,2,0.000017,3,SMALL,DOUBLE
noarr,naive,mvt,3,0.000017,3,SMALL,DOUBLE
noarr,naive,mvt,4,0.000017,3,SMALL,DOUBLE
noarr,naive,mvt,5,0.000017,3,SMALL,DOUBLE
noarr,naive,nussinov,,,compile_error,3,SMALL,DOUBLE
noarr,naive,seidel-2d,0.005467,1.346,valid,3,SMALL,DOUBLE
noarr,naive,seidel-2d,1,0.005463,3,SMALL,DOUBLE
noarr,naive,seidel-2d,2,0.005483,3,SMALL,DOUBLE
noarr,naive,seidel-2d,3,0.005465,3,SMALL,DOUBLE
noarr,naive,seidel-2d,4,0.005455,3,SMALL,DOUBLE
noarr,naive,seidel-2d,5,0.005354,3,SMALL,DOUBLE
noarr,naive,symm,0.000227,1.189,valid,3,SMALL,DOUBLE
noarr,naive,symm,1,0.000226,3,SMALL,DOUBLE
noarr,naive,symm,2,0.000227,3,SMALL,DOUBLE
noarr,naive,symm,3,0.000226,3,SMALL,DOUBLE
noarr,naive,symm,4,0.000236,3,SMALL,DOUBLE
noarr,naive,symm,5,0.000236,3,SMALL,DOUBLE
noarr,naive,syr2k,0.000207,1.232,valid,3,SMALL,DOUBLE
noarr,naive,syr2k,1,0.000207,3,SMALL,DOUBLE
noarr,naive,syr2k,2,0.000215,3,SMALL,DOUBLE
noarr,naive,syr2k,3,0.000208,3,SMALL,DOUBLE
noarr,naive,syr2k,4,0.000207,3,SMALL,DOUBLE
noarr,naive,syr2k,5,0.000208,3,SMALL,DOUBLE
noarr,naive,syrk,0.000156,0.647,valid,3,SMALL,DOUBLE
noarr,naive,syrk,1,0.000159,3,SMALL,DOUBLE
noarr,naive,syrk,2,0.000159,3,SMALL,DOUBLE
noarr,naive,syrk,3,0.000160,3,SMALL,DOUBLE
noarr,naive,syrk,4,0.000160,3,SMALL,DOUBLE
noarr,naive,syrk,5,0.000159,3,SMALL,DOUBLE
noarr,naive,trisolv,0.000008,1.625,valid,3,SMALL,DOUBLE
noarr,naive,trisolv,1,0.000008,3,SMALL,DOUBLE
noarr,naive,trisolv,2,0.000008,3,SMALL,DOUBLE
noarr,naive,trisolv,3,0.000008,3,SMALL,DOUBLE
noarr,naive,trisolv,4,0.000008,3,SMALL,DOUBLE
noarr,naive,trisolv,5,0.000007,3,SMALL,DOUBLE
noarr,naive,trmm,0.000127,1.378,valid,3,SMALL,DOUBLE
noarr,naive,trmm,1,0.000127,3,SMALL,DOUBLE
noarr,naive,trmm,2,0.000127,3,SMALL,DOUBLE
noarr,naive,trmm,3,0.000127,3,SMALL,DOUBLE
noarr,naive,trmm,4,0.000128,3,SMALL,DOUBLE
noarr,naive,trmm,5,0.000127,3,SMALL,DOUBLE
-- The CXX compiler identification is GNU 15.2.0
-- Detecting CXX compiler ABI info
-- Detecting CXX compiler ABI info - done
-- Check for working CXX compiler: /usr/local/latestgcc/bin/g++ - skipped
-- Detecting CXX compile features
-- Detecting CXX compile features - done
-- Using NOARR_STRUCTURES_DIR from environment: /home/kleplj/naive/submodules/noarr-structures
-- Configuring done (0.4s)
-- Generating done (0.7s)
-- Build files have been written to: /home/kleplj/naive/optimization/naive/PolybenchC-Noarr/build
[  5%] Building CXX object CMakeFiles/covariance.dir/datamining/covariance/covariance.cpp.o
[  6%] Building CXX object CMakeFiles/correlation.dir/datamining/correlation/correlation.cpp.o
[ 10%] Building CXX object CMakeFiles/gemm.dir/linear-algebra/blas/gemm/gemm.cpp.o
[ 13%] Building CXX object CMakeFiles/gemver.dir/linear-algebra/blas/gemver/gemver.cpp.o
[ 13%] Building CXX object CMakeFiles/syr2k.dir/linear-algebra/blas/syr2k/syr2k.cpp.o
[ 13%] Building CXX object CMakeFiles/gesummv.dir/linear-algebra/blas/gesummv/gesummv.cpp.o
[ 20%] Building CXX object CMakeFiles/2mm.dir/linear-algebra/kernels/2mm/2mm.cpp.o
[ 20%] Building CXX object CMakeFiles/trmm.dir/linear-algebra/blas/trmm/trmm.cpp.o
[ 20%] Building CXX object CMakeFiles/symm.dir/linear-algebra/blas/symm/symm.cpp.o
[ 20%] Building CXX object CMakeFiles/syrk.dir/linear-algebra/blas/syrk/syrk.cpp.o
[ 28%] Building CXX object CMakeFiles/bicg.dir/linear-algebra/kernels/bicg/bicg.cpp.o
[ 28%] Building CXX object CMakeFiles/mvt.dir/linear-algebra/kernels/mvt/mvt.cpp.o
[ 50%] Building CXX object CMakeFiles/nussinov.dir/medley/nussinov/nussinov.cpp.o
[ 50%] Building CXX object CMakeFiles/jacobi-1d.dir/stencils/jacobi-1d/jacobi-1d.cpp.o
[ 50%] Building CXX object CMakeFiles/deriche.dir/medley/deriche/deriche.cpp.o
[ 50%] Building CXX object CMakeFiles/seidel-2d.dir/stencils/seidel-2d/seidel-2d.cpp.o
[ 50%] Building CXX object CMakeFiles/ludcmp.dir/linear-algebra/solvers/ludcmp/ludcmp.cpp.o
[ 50%] Building CXX object CMakeFiles/cholesky.dir/linear-algebra/solvers/cholesky/cholesky.cpp.o
[ 50%] Building CXX object CMakeFiles/atax.dir/linear-algebra/kernels/atax/atax.cpp.o
[ 50%] Building CXX object CMakeFiles/doitgen.dir/linear-algebra/kernels/doitgen/doitgen.cpp.o
[ 50%] Building CXX object CMakeFiles/trisolv.dir/linear-algebra/solvers/trisolv/trisolv.cpp.o
[ 50%] Building CXX object CMakeFiles/heat-3d.dir/stencils/heat-3d/heat-3d.cpp.o
[ 50%] Building CXX object CMakeFiles/adi.dir/stencils/adi/adi.cpp.o
[ 50%] Building CXX object CMakeFiles/gramschmidt.dir/linear-algebra/solvers/gramschmidt/gramschmidt.cpp.o
[ 50%] Building CXX object CMakeFiles/lu.dir/linear-algebra/solvers/lu/lu.cpp.o
[ 50%] Building CXX object CMakeFiles/fdtd-2d.dir/stencils/fdtd-2d/fdtd-2d.cpp.o
[ 50%] Building CXX object CMakeFiles/jacobi-2d.dir/stencils/jacobi-2d/jacobi-2d.cpp.o
[ 50%] Building CXX object CMakeFiles/3mm.dir/linear-algebra/kernels/3mm/3mm.cpp.o
[ 50%] Building CXX object CMakeFiles/floyd-warshall.dir/medley/floyd-warshall/floyd-warshall.cpp.o
[ 50%] Building CXX object CMakeFiles/durbin.dir/linear-algebra/solvers/durbin/durbin.cpp.o
[ 53%] Linking CXX executable nussinov
[ 53%] Linking CXX executable cholesky
[ 55%] Linking CXX executable jacobi-1d
[ 56%] Linking CXX executable durbin
[ 56%] Built target jacobi-1d
[ 56%] Built target durbin
[ 58%] Linking CXX executable floyd-warshall
[ 60%] Linking CXX executable gesummv
[ 61%] Linking CXX executable trisolv
[ 61%] Built target floyd-warshall
[ 63%] Linking CXX executable atax
[ 66%] Built target gesummv
[ 66%] Linking CXX executable mvt
[ 66%] Linking CXX executable bicg
[ 66%] Built target trisolv
[ 68%] Linking CXX executable deriche
[ 68%] Built target atax
[ 68%] Built target mvt
[ 68%] Built target bicg
[ 70%] Linking CXX executable syrk
[ 71%] Linking CXX executable lu
[ 71%] Built target deriche
[ 73%] Linking CXX executable trmm
[ 75%] Linking CXX executable gemver
[ 75%] Built target syrk
[ 75%] Built target lu
[ 75%] Built target trmm
[ 76%] Linking CXX executable adi
[ 76%] Built target gemver
[ 80%] Linking CXX executable doitgen
[ 80%] Linking CXX executable symm
[ 81%] Linking CXX executable fdtd-2d
[ 83%] Linking CXX executable syr2k
[ 85%] Linking CXX executable gemm
[ 85%] Built target adi
[ 86%] Linking CXX executable gramschmidt
[ 86%] Built target symm
[ 86%] Built target doitgen
[ 86%] Built target fdtd-2d
[ 86%] Built target syr2k
[ 86%] Built target gemm
[ 86%] Built target gramschmidt
[ 88%] Linking CXX executable covariance
[ 90%] Linking CXX executable ludcmp
[ 90%] Built target covariance
[ 90%] Built target ludcmp
[ 91%] Linking CXX executable correlation
[ 93%] Linking CXX executable seidel-2d
[ 93%] Built target correlation
[ 93%] Built target seidel-2d
[ 95%] Linking CXX executable heat-3d
[ 96%] Linking CXX executable 2mm
[ 96%] Built target heat-3d
[ 96%] Built target 2mm
[ 98%] Linking CXX executable 3mm
[ 98%] Built target 3mm
noarr,naive,2mm,0.000086,5.233,valid,4,SMALL,DOUBLE
noarr,naive,2mm,1,0.000085,4,SMALL,DOUBLE
noarr,naive,2mm,2,0.000095,4,SMALL,DOUBLE
noarr,naive,2mm,3,0.000085,4,SMALL,DOUBLE
noarr,naive,2mm,4,0.000085,4,SMALL,DOUBLE
noarr,naive,2mm,5,0.000086,4,SMALL,DOUBLE
noarr,naive,3mm,0.000169,4.781,valid,4,SMALL,DOUBLE
noarr,naive,3mm,1,0.000169,4,SMALL,DOUBLE
noarr,naive,3mm,2,0.000169,4,SMALL,DOUBLE
noarr,naive,3mm,3,0.000168,4,SMALL,DOUBLE
noarr,naive,3mm,4,0.000169,4,SMALL,DOUBLE
noarr,naive,3mm,5,0.000169,4,SMALL,DOUBLE
noarr,naive,adi,0.002742,,validity_error,4,SMALL,DOUBLE
noarr,naive,atax,0.000020,1.900,valid,4,SMALL,DOUBLE
noarr,naive,atax,1,0.000019,4,SMALL,DOUBLE
noarr,naive,atax,2,0.000018,4,SMALL,DOUBLE
noarr,naive,atax,3,0.000019,4,SMALL,DOUBLE
noarr,naive,atax,4,0.000017,4,SMALL,DOUBLE
noarr,naive,atax,5,0.000019,4,SMALL,DOUBLE
noarr,naive,bicg,0.000017,3.118,valid,4,SMALL,DOUBLE
noarr,naive,bicg,1,0.000017,4,SMALL,DOUBLE
noarr,naive,bicg,2,0.000017,4,SMALL,DOUBLE
noarr,naive,bicg,3,0.000017,4,SMALL,DOUBLE
noarr,naive,bicg,4,0.000017,4,SMALL,DOUBLE
noarr,naive,bicg,5,0.000017,4,SMALL,DOUBLE
noarr,naive,cholesky,,,compile_error,4,SMALL,DOUBLE
noarr,naive,correlation,0.000464,1.332,valid,4,SMALL,DOUBLE
noarr,naive,correlation,1,0.000471,4,SMALL,DOUBLE
noarr,naive,correlation,2,0.000480,4,SMALL,DOUBLE
noarr,naive,correlation,3,0.000461,4,SMALL,DOUBLE
noarr,naive,correlation,4,0.000472,4,SMALL,DOUBLE
noarr,naive,correlation,5,0.000482,4,SMALL,DOUBLE
noarr,naive,covariance,0.000131,4.695,valid,4,SMALL,DOUBLE
noarr,naive,covariance,1,0.000132,4,SMALL,DOUBLE
noarr,naive,covariance,2,0.000133,4,SMALL,DOUBLE
noarr,naive,covariance,3,0.000134,4,SMALL,DOUBLE
noarr,naive,covariance,4,0.000145,4,SMALL,DOUBLE
noarr,naive,covariance,5,0.000134,4,SMALL,DOUBLE
noarr,naive,deriche,0.000399,2.095,valid,4,SMALL,DOUBLE
noarr,naive,deriche,1,0.000393,4,SMALL,DOUBLE
noarr,naive,deriche,2,0.000400,4,SMALL,DOUBLE
noarr,naive,deriche,3,0.000392,4,SMALL,DOUBLE
noarr,naive,deriche,4,0.000397,4,SMALL,DOUBLE
noarr,naive,deriche,5,0.000391,4,SMALL,DOUBLE
noarr,naive,doitgen,0.000134,4.873,valid,4,SMALL,DOUBLE
noarr,naive,doitgen,1,0.000134,4,SMALL,DOUBLE
noarr,naive,doitgen,2,0.000133,4,SMALL,DOUBLE
noarr,naive,doitgen,3,0.000134,4,SMALL,DOUBLE
noarr,naive,doitgen,4,0.000133,4,SMALL,DOUBLE
noarr,naive,doitgen,5,0.000134,4,SMALL,DOUBLE
noarr,naive,durbin,0.000013,1.462,valid,4,SMALL,DOUBLE
noarr,naive,durbin,1,0.000013,4,SMALL,DOUBLE
noarr,naive,durbin,2,0.000013,4,SMALL,DOUBLE
noarr,naive,durbin,3,0.000013,4,SMALL,DOUBLE
noarr,naive,durbin,4,0.000013,4,SMALL,DOUBLE
noarr,naive,durbin,5,0.000013,4,SMALL,DOUBLE
noarr,naive,fdtd-2d,0.000571,0.566,valid,4,SMALL,DOUBLE
noarr,naive,fdtd-2d,1,0.000576,4,SMALL,DOUBLE
noarr,naive,fdtd-2d,2,0.000567,4,SMALL,DOUBLE
noarr,naive,fdtd-2d,3,0.000568,4,SMALL,DOUBLE
noarr,naive,fdtd-2d,4,0.000576,4,SMALL,DOUBLE
noarr,naive,fdtd-2d,5,0.000578,4,SMALL,DOUBLE
noarr,naive,floyd-warshall,0.002046,3.583,valid,4,SMALL,DOUBLE
noarr,naive,floyd-warshall,1,0.001918,4,SMALL,DOUBLE
noarr,naive,floyd-warshall,2,0.002045,4,SMALL,DOUBLE
noarr,naive,floyd-warshall,3,0.002025,4,SMALL,DOUBLE
noarr,naive,floyd-warshall,4,0.001995,4,SMALL,DOUBLE
noarr,naive,floyd-warshall,5,0.002006,4,SMALL,DOUBLE
noarr,naive,gemm,0.000113,0.920,valid,4,SMALL,DOUBLE
noarr,naive,gemm,1,0.000113,4,SMALL,DOUBLE
noarr,naive,gemm,2,0.000113,4,SMALL,DOUBLE
noarr,naive,gemm,3,0.000113,4,SMALL,DOUBLE
noarr,naive,gemm,4,0.000113,4,SMALL,DOUBLE
noarr,naive,gemm,5,0.000113,4,SMALL,DOUBLE
noarr,naive,gemver,0.000037,1.811,valid,4,SMALL,DOUBLE
noarr,naive,gemver,1,0.000037,4,SMALL,DOUBLE
noarr,naive,gemver,2,0.000037,4,SMALL,DOUBLE
noarr,naive,gemver,3,0.000037,4,SMALL,DOUBLE
noarr,naive,gemver,4,0.000037,4,SMALL,DOUBLE
noarr,naive,gemver,5,0.000037,4,SMALL,DOUBLE
noarr,naive,gesummv,0.000010,3.200,valid,4,SMALL,DOUBLE
noarr,naive,gesummv,1,0.000010,4,SMALL,DOUBLE
noarr,naive,gesummv,2,0.000010,4,SMALL,DOUBLE
noarr,naive,gesummv,3,0.000011,4,SMALL,DOUBLE
noarr,naive,gesummv,4,0.000010,4,SMALL,DOUBLE
noarr,naive,gesummv,5,0.000011,4,SMALL,DOUBLE
noarr,naive,gramschmidt,0.000285,,validity_error,4,SMALL,DOUBLE
noarr,naive,heat-3d,0.000563,0.895,valid,4,SMALL,DOUBLE
noarr,naive,heat-3d,1,0.000556,4,SMALL,DOUBLE
noarr,naive,heat-3d,2,0.000564,4,SMALL,DOUBLE
noarr,naive,heat-3d,3,0.000555,4,SMALL,DOUBLE
noarr,naive,heat-3d,4,0.000565,4,SMALL,DOUBLE
noarr,naive,heat-3d,5,0.000566,4,SMALL,DOUBLE
noarr,naive,jacobi-1d,0.000008,0.750,valid,4,SMALL,DOUBLE
noarr,naive,jacobi-1d,1,0.000008,4,SMALL,DOUBLE
noarr,naive,jacobi-1d,2,0.000008,4,SMALL,DOUBLE
noarr,naive,jacobi-1d,3,0.000008,4,SMALL,DOUBLE
noarr,naive,jacobi-1d,4,0.000008,4,SMALL,DOUBLE
noarr,naive,jacobi-1d,5,0.000008,4,SMALL,DOUBLE
noarr,naive,jacobi-2d,,,compile_error,4,SMALL,DOUBLE
noarr,naive,lu,0.000657,1.233,valid,4,SMALL,DOUBLE
noarr,naive,lu,1,0.000665,4,SMALL,DOUBLE
noarr,naive,lu,2,0.000665,4,SMALL,DOUBLE
noarr,naive,lu,3,0.000664,4,SMALL,DOUBLE
noarr,naive,lu,4,0.000663,4,SMALL,DOUBLE
noarr,naive,lu,5,0.000659,4,SMALL,DOUBLE
noarr,naive,ludcmp,0.000636,1.149,valid,4,SMALL,DOUBLE
noarr,naive,ludcmp,1,0.000667,4,SMALL,DOUBLE
noarr,naive,ludcmp,2,0.000642,4,SMALL,DOUBLE
noarr,naive,ludcmp,3,0.000636,4,SMALL,DOUBLE
noarr,naive,ludcmp,4,0.000642,4,SMALL,DOUBLE
noarr,naive,ludcmp,5,0.000634,4,SMALL,DOUBLE
noarr,naive,mvt,0.000019,2.263,valid,4,SMALL,DOUBLE
noarr,naive,mvt,1,0.000020,4,SMALL,DOUBLE
noarr,naive,mvt,2,0.000019,4,SMALL,DOUBLE
noarr,naive,mvt,3,0.000019,4,SMALL,DOUBLE
noarr,naive,mvt,4,0.000019,4,SMALL,DOUBLE
noarr,naive,mvt,5,0.000020,4,SMALL,DOUBLE
noarr,naive,nussinov,,,compile_error,4,SMALL,DOUBLE
noarr,naive,seidel-2d,0.007391,1.001,valid,4,SMALL,DOUBLE
noarr,naive,seidel-2d,1,0.007266,4,SMALL,DOUBLE
noarr,naive,seidel-2d,2,0.007404,4,SMALL,DOUBLE
noarr,naive,seidel-2d,3,0.007250,4,SMALL,DOUBLE
noarr,naive,seidel-2d,4,0.007364,4,SMALL,DOUBLE
noarr,naive,seidel-2d,5,0.007354,4,SMALL,DOUBLE
noarr,naive,symm,0.000089,3.169,valid,4,SMALL,DOUBLE
noarr,naive,symm,1,0.000088,4,SMALL,DOUBLE
noarr,naive,symm,2,0.000088,4,SMALL,DOUBLE
noarr,naive,symm,3,0.000098,4,SMALL,DOUBLE
noarr,naive,symm,4,0.000088,4,SMALL,DOUBLE
noarr,naive,symm,5,0.000089,4,SMALL,DOUBLE
noarr,naive,syr2k,0.000279,0.882,valid,4,SMALL,DOUBLE
noarr,naive,syr2k,1,0.000286,4,SMALL,DOUBLE
noarr,naive,syr2k,2,0.000285,4,SMALL,DOUBLE
noarr,naive,syr2k,3,0.000279,4,SMALL,DOUBLE
noarr,naive,syr2k,4,0.000278,4,SMALL,DOUBLE
noarr,naive,syr2k,5,0.000279,4,SMALL,DOUBLE
noarr,naive,syrk,0.000091,1.242,valid,4,SMALL,DOUBLE
noarr,naive,syrk,1,0.000079,4,SMALL,DOUBLE
noarr,naive,syrk,2,0.000079,4,SMALL,DOUBLE
noarr,naive,syrk,3,0.000079,4,SMALL,DOUBLE
noarr,naive,syrk,4,0.000079,4,SMALL,DOUBLE
noarr,naive,syrk,5,0.000079,4,SMALL,DOUBLE
noarr,naive,trisolv,0.000008,1.750,valid,4,SMALL,DOUBLE
noarr,naive,trisolv,1,0.000008,4,SMALL,DOUBLE
noarr,naive,trisolv,2,0.000008,4,SMALL,DOUBLE
noarr,naive,trisolv,3,0.000008,4,SMALL,DOUBLE
noarr,naive,trisolv,4,0.000008,4,SMALL,DOUBLE
noarr,naive,trisolv,5,0.000008,4,SMALL,DOUBLE
noarr,naive,trmm,0.000134,1.321,valid,4,SMALL,DOUBLE
noarr,naive,trmm,1,0.000134,4,SMALL,DOUBLE
noarr,naive,trmm,2,0.000134,4,SMALL,DOUBLE
noarr,naive,trmm,3,0.000134,4,SMALL,DOUBLE
noarr,naive,trmm,4,0.000134,4,SMALL,DOUBLE
noarr,naive,trmm,5,0.000134,4,SMALL,DOUBLE
-- The CXX compiler identification is GNU 15.2.0
-- Detecting CXX compiler ABI info
-- Detecting CXX compiler ABI info - done
-- Check for working CXX compiler: /usr/local/latestgcc/bin/g++ - skipped
-- Detecting CXX compile features
-- Detecting CXX compile features - done
-- Using NOARR_STRUCTURES_DIR from environment: /home/kleplj/naive/submodules/noarr-structures
-- Configuring done (0.4s)
-- Generating done (0.7s)
-- Build files have been written to: /home/kleplj/naive/optimization/naive/PolybenchC-Noarr/build
[  5%] Building CXX object CMakeFiles/correlation.dir/datamining/correlation/correlation.cpp.o
[  6%] Building CXX object CMakeFiles/gemm.dir/linear-algebra/blas/gemm/gemm.cpp.o
[  6%] Building CXX object CMakeFiles/covariance.dir/datamining/covariance/covariance.cpp.o
[ 10%] Building CXX object CMakeFiles/symm.dir/linear-algebra/blas/symm/symm.cpp.o
[ 16%] Building CXX object CMakeFiles/syrk.dir/linear-algebra/blas/syrk/syrk.cpp.o
[ 16%] Building CXX object CMakeFiles/trmm.dir/linear-algebra/blas/trmm/trmm.cpp.o
[ 16%] Building CXX object CMakeFiles/gemver.dir/linear-algebra/blas/gemver/gemver.cpp.o
[ 28%] Building CXX object CMakeFiles/3mm.dir/linear-algebra/kernels/3mm/3mm.cpp.o
[ 28%] Building CXX object CMakeFiles/bicg.dir/linear-algebra/kernels/bicg/bicg.cpp.o
[ 45%] Building CXX object CMakeFiles/heat-3d.dir/stencils/heat-3d/heat-3d.cpp.o
[ 45%] Building CXX object CMakeFiles/atax.dir/linear-algebra/kernels/atax/atax.cpp.o
[ 45%] Building CXX object CMakeFiles/2mm.dir/linear-algebra/kernels/2mm/2mm.cpp.o
[ 45%] Building CXX object CMakeFiles/gramschmidt.dir/linear-algebra/solvers/gramschmidt/gramschmidt.cpp.o
[ 45%] Building CXX object CMakeFiles/cholesky.dir/linear-algebra/solvers/cholesky/cholesky.cpp.o
[ 45%] Building CXX object CMakeFiles/syr2k.dir/linear-algebra/blas/syr2k/syr2k.cpp.o
[ 50%] Building CXX object CMakeFiles/nussinov.dir/medley/nussinov/nussinov.cpp.o
[ 50%] Building CXX object CMakeFiles/ludcmp.dir/linear-algebra/solvers/ludcmp/ludcmp.cpp.o
[ 50%] Building CXX object CMakeFiles/trisolv.dir/linear-algebra/solvers/trisolv/trisolv.cpp.o
[ 50%] Building CXX object CMakeFiles/floyd-warshall.dir/medley/floyd-warshall/floyd-warshall.cpp.o
[ 50%] Building CXX object CMakeFiles/mvt.dir/linear-algebra/kernels/mvt/mvt.cpp.o
[ 50%] Building CXX object CMakeFiles/lu.dir/linear-algebra/solvers/lu/lu.cpp.o
[ 50%] Building CXX object CMakeFiles/deriche.dir/medley/deriche/deriche.cpp.o
[ 50%] Building CXX object CMakeFiles/adi.dir/stencils/adi/adi.cpp.o
[ 50%] Building CXX object CMakeFiles/durbin.dir/linear-algebra/solvers/durbin/durbin.cpp.o
[ 50%] Building CXX object CMakeFiles/jacobi-1d.dir/stencils/jacobi-1d/jacobi-1d.cpp.o
[ 50%] Building CXX object CMakeFiles/doitgen.dir/linear-algebra/kernels/doitgen/doitgen.cpp.o
[ 50%] Building CXX object CMakeFiles/fdtd-2d.dir/stencils/fdtd-2d/fdtd-2d.cpp.o
[ 45%] Building CXX object CMakeFiles/gesummv.dir/linear-algebra/blas/gesummv/gesummv.cpp.o
[ 50%] Building CXX object CMakeFiles/jacobi-2d.dir/stencils/jacobi-2d/jacobi-2d.cpp.o
[ 50%] Building CXX object CMakeFiles/seidel-2d.dir/stencils/seidel-2d/seidel-2d.cpp.o
[ 53%] Linking CXX executable cholesky
[ 53%] Linking CXX executable nussinov
[ 55%] Linking CXX executable jacobi-1d
[ 55%] Built target jacobi-1d
[ 56%] Linking CXX executable durbin
[ 58%] Linking CXX executable floyd-warshall
[ 60%] Linking CXX executable gesummv
[ 61%] Linking CXX executable mvt
[ 61%] Built target durbin
[ 63%] Linking CXX executable trisolv
[ 63%] Built target floyd-warshall
[ 65%] Linking CXX executable atax
[ 66%] Linking CXX executable bicg
[ 66%] Built target gesummv
[ 66%] Built target trisolv
[ 66%] Built target mvt
[ 68%] Linking CXX executable adi
[ 68%] Built target atax
[ 68%] Built target bicg
[ 70%] Linking CXX executable seidel-2d
[ 71%] Linking CXX executable deriche
[ 71%] Built target adi
[ 73%] Linking CXX executable trmm
[ 75%] Linking CXX executable syrk
[ 76%] Linking CXX executable symm
[ 78%] Built target deriche
[ 78%] Linking CXX executable gemver
[ 78%] Built target seidel-2d
[ 78%] Built target trmm
[ 78%] Built target syrk
[ 78%] Built target symm
[ 78%] Built target gemver
[ 80%] Linking CXX executable jacobi-2d
[ 83%] Linking CXX executable doitgen
[ 83%] Linking CXX executable gemm
[ 83%] Built target jacobi-2d
[ 83%] Built target doitgen
[ 83%] Built target gemm
[ 85%] Linking CXX executable gramschmidt
[ 88%] Linking CXX executable syr2k
[ 88%] Linking CXX executable ludcmp
[ 88%] Built target gramschmidt
[ 90%] Linking CXX executable covariance
[ 90%] Built target syr2k
[ 90%] Built target ludcmp
[ 90%] Built target covariance
[ 91%] Linking CXX executable correlation
[ 91%] Built target correlation
[ 93%] Linking CXX executable 2mm
[ 93%] Built target 2mm
[ 95%] Linking CXX executable 3mm
[ 95%] Built target 3mm
noarr,naive,2mm,0.000085,5.329,valid,5,SMALL,DOUBLE
noarr,naive,2mm,1,0.000085,5,SMALL,DOUBLE
noarr,naive,2mm,2,0.000085,5,SMALL,DOUBLE
noarr,naive,2mm,3,0.000086,5,SMALL,DOUBLE
noarr,naive,2mm,4,0.000085,5,SMALL,DOUBLE
noarr,naive,2mm,5,0.000085,5,SMALL,DOUBLE
noarr,naive,3mm,0.000184,4.245,valid,5,SMALL,DOUBLE
noarr,naive,3mm,1,0.000173,5,SMALL,DOUBLE
noarr,naive,3mm,2,0.000174,5,SMALL,DOUBLE
noarr,naive,3mm,3,0.000173,5,SMALL,DOUBLE
noarr,naive,3mm,4,0.000173,5,SMALL,DOUBLE
noarr,naive,3mm,5,0.000174,5,SMALL,DOUBLE
noarr,naive,adi,0.002765,1.004,valid,5,SMALL,DOUBLE
noarr,naive,adi,1,0.002764,5,SMALL,DOUBLE
noarr,naive,adi,2,0.002768,5,SMALL,DOUBLE
noarr,naive,adi,3,0.002767,5,SMALL,DOUBLE
noarr,naive,adi,4,0.002761,5,SMALL,DOUBLE
noarr,naive,adi,5,0.002754,5,SMALL,DOUBLE
noarr,naive,atax,0.000022,1.727,valid,5,SMALL,DOUBLE
noarr,naive,atax,1,0.000022,5,SMALL,DOUBLE
noarr,naive,atax,2,0.000022,5,SMALL,DOUBLE
noarr,naive,atax,3,0.000022,5,SMALL,DOUBLE
noarr,naive,atax,4,0.000022,5,SMALL,DOUBLE
noarr,naive,atax,5,0.000022,5,SMALL,DOUBLE
noarr,naive,bicg,0.000017,3.235,valid,5,SMALL,DOUBLE
noarr,naive,bicg,1,0.000017,5,SMALL,DOUBLE
noarr,naive,bicg,2,0.000017,5,SMALL,DOUBLE
noarr,naive,bicg,3,0.000017,5,SMALL,DOUBLE
noarr,naive,bicg,4,0.000017,5,SMALL,DOUBLE
noarr,naive,bicg,5,0.000017,5,SMALL,DOUBLE
noarr,naive,cholesky,,,compile_error,5,SMALL,DOUBLE
noarr,naive,correlation,0.000466,1.356,valid,5,SMALL,DOUBLE
noarr,naive,correlation,1,0.000475,5,SMALL,DOUBLE
noarr,naive,correlation,2,0.000466,5,SMALL,DOUBLE
noarr,naive,correlation,3,0.000458,5,SMALL,DOUBLE
noarr,naive,correlation,4,0.000473,5,SMALL,DOUBLE
noarr,naive,correlation,5,0.000467,5,SMALL,DOUBLE
noarr,naive,covariance,0.000131,4.718,valid,5,SMALL,DOUBLE
noarr,naive,covariance,1,0.000134,5,SMALL,DOUBLE
noarr,naive,covariance,2,0.000130,5,SMALL,DOUBLE
noarr,naive,covariance,3,0.000134,5,SMALL,DOUBLE
noarr,naive,covariance,4,0.000133,5,SMALL,DOUBLE
noarr,naive,covariance,5,0.000133,5,SMALL,DOUBLE
noarr,naive,deriche,0.000261,3.184,valid,5,SMALL,DOUBLE
noarr,naive,deriche,1,0.000262,5,SMALL,DOUBLE
noarr,naive,deriche,2,0.000253,5,SMALL,DOUBLE
noarr,naive,deriche,3,0.000250,5,SMALL,DOUBLE
noarr,naive,deriche,4,0.000255,5,SMALL,DOUBLE
noarr,naive,deriche,5,0.000251,5,SMALL,DOUBLE
noarr,naive,doitgen,0.000134,4.828,valid,5,SMALL,DOUBLE
noarr,naive,doitgen,1,0.000134,5,SMALL,DOUBLE
noarr,naive,doitgen,2,0.000134,5,SMALL,DOUBLE
noarr,naive,doitgen,3,0.000134,5,SMALL,DOUBLE
noarr,naive,doitgen,4,0.000134,5,SMALL,DOUBLE
noarr,naive,doitgen,5,0.000134,5,SMALL,DOUBLE
noarr,naive,durbin,0.000013,1.462,valid,5,SMALL,DOUBLE
noarr,naive,durbin,1,0.000014,5,SMALL,DOUBLE
noarr,naive,durbin,2,0.000013,5,SMALL,DOUBLE
noarr,naive,durbin,3,0.000013,5,SMALL,DOUBLE
noarr,naive,durbin,4,0.000013,5,SMALL,DOUBLE
noarr,naive,durbin,5,0.000013,5,SMALL,DOUBLE
noarr,naive,fdtd-2d,,,compile_error,5,SMALL,DOUBLE
noarr,naive,floyd-warshall,0.002297,3.199,valid,5,SMALL,DOUBLE
noarr,naive,floyd-warshall,1,0.002298,5,SMALL,DOUBLE
noarr,naive,floyd-warshall,2,0.002303,5,SMALL,DOUBLE
noarr,naive,floyd-warshall,3,0.002301,5,SMALL,DOUBLE
noarr,naive,floyd-warshall,4,0.002299,5,SMALL,DOUBLE
noarr,naive,floyd-warshall,5,0.002304,5,SMALL,DOUBLE
noarr,naive,gemm,0.000105,1.105,valid,5,SMALL,DOUBLE
noarr,naive,gemm,1,0.000106,5,SMALL,DOUBLE
noarr,naive,gemm,2,0.000105,5,SMALL,DOUBLE
noarr,naive,gemm,3,0.000106,5,SMALL,DOUBLE
noarr,naive,gemm,4,0.000106,5,SMALL,DOUBLE
noarr,naive,gemm,5,0.000105,5,SMALL,DOUBLE
noarr,naive,gemver,0.000038,1.789,valid,5,SMALL,DOUBLE
noarr,naive,gemver,1,0.000038,5,SMALL,DOUBLE
noarr,naive,gemver,2,0.000038,5,SMALL,DOUBLE
noarr,naive,gemver,3,0.000037,5,SMALL,DOUBLE
noarr,naive,gemver,4,0.000038,5,SMALL,DOUBLE
noarr,naive,gemver,5,0.000038,5,SMALL,DOUBLE
noarr,naive,gesummv,0.000019,1.684,valid,5,SMALL,DOUBLE
noarr,naive,gesummv,1,0.000010,5,SMALL,DOUBLE
noarr,naive,gesummv,2,0.000010,5,SMALL,DOUBLE
noarr,naive,gesummv,3,0.000010,5,SMALL,DOUBLE
noarr,naive,gesummv,4,0.000010,5,SMALL,DOUBLE
noarr,naive,gesummv,5,0.000011,5,SMALL,DOUBLE
noarr,naive,gramschmidt,0.000239,,validity_error,5,SMALL,DOUBLE
noarr,naive,heat-3d,,,compile_error,5,SMALL,DOUBLE
noarr,naive,jacobi-1d,0.000008,0.750,valid,5,SMALL,DOUBLE
noarr,naive,jacobi-1d,1,0.000008,5,SMALL,DOUBLE
noarr,naive,jacobi-1d,2,0.000008,5,SMALL,DOUBLE
noarr,naive,jacobi-1d,3,0.000008,5,SMALL,DOUBLE
noarr,naive,jacobi-1d,4,0.000008,5,SMALL,DOUBLE
noarr,naive,jacobi-1d,5,0.000008,5,SMALL,DOUBLE
noarr,naive,jacobi-2d,0.000778,0.683,valid,5,SMALL,DOUBLE
noarr,naive,jacobi-2d,1,0.000787,5,SMALL,DOUBLE
noarr,naive,jacobi-2d,2,0.000788,5,SMALL,DOUBLE
noarr,naive,jacobi-2d,3,0.000794,5,SMALL,DOUBLE
noarr,naive,jacobi-2d,4,0.000780,5,SMALL,DOUBLE
noarr,naive,jacobi-2d,5,0.000792,5,SMALL,DOUBLE
noarr,naive,lu,,,compile_error,5,SMALL,DOUBLE
noarr,naive,ludcmp,0.000644,1.135,valid,5,SMALL,DOUBLE
noarr,naive,ludcmp,1,0.000651,5,SMALL,DOUBLE
noarr,naive,ludcmp,2,0.000661,5,SMALL,DOUBLE
noarr,naive,ludcmp,3,0.000660,5,SMALL,DOUBLE
noarr,naive,ludcmp,4,0.000646,5,SMALL,DOUBLE
noarr,naive,ludcmp,5,0.000636,5,SMALL,DOUBLE
noarr,naive,mvt,0.000017,2.529,valid,5,SMALL,DOUBLE
noarr,naive,mvt,1,0.000017,5,SMALL,DOUBLE
noarr,naive,mvt,2,0.000017,5,SMALL,DOUBLE
noarr,naive,mvt,3,0.000017,5,SMALL,DOUBLE
noarr,naive,mvt,4,0.000017,5,SMALL,DOUBLE
noarr,naive,mvt,5,0.000017,5,SMALL,DOUBLE
noarr,naive,nussinov,,,compile_error,5,SMALL,DOUBLE
noarr,naive,seidel-2d,0.005448,1.352,valid,5,SMALL,DOUBLE
noarr,naive,seidel-2d,1,0.005347,5,SMALL,DOUBLE
noarr,naive,seidel-2d,2,0.005340,5,SMALL,DOUBLE
noarr,naive,seidel-2d,3,0.005446,5,SMALL,DOUBLE
noarr,naive,seidel-2d,4,0.005461,5,SMALL,DOUBLE
noarr,naive,seidel-2d,5,0.005457,5,SMALL,DOUBLE
noarr,naive,symm,0.000193,1.404,valid,5,SMALL,DOUBLE
noarr,naive,symm,1,0.000185,5,SMALL,DOUBLE
noarr,naive,symm,2,0.000186,5,SMALL,DOUBLE
noarr,naive,symm,3,0.000185,5,SMALL,DOUBLE
noarr,naive,symm,4,0.000196,5,SMALL,DOUBLE
noarr,naive,symm,5,0.000186,5,SMALL,DOUBLE
noarr,naive,syr2k,0.000228,1.132,valid,5,SMALL,DOUBLE
noarr,naive,syr2k,1,0.000231,5,SMALL,DOUBLE
noarr,naive,syr2k,2,0.000230,5,SMALL,DOUBLE
noarr,naive,syr2k,3,0.000230,5,SMALL,DOUBLE
noarr,naive,syr2k,4,0.000229,5,SMALL,DOUBLE
noarr,naive,syr2k,5,0.000230,5,SMALL,DOUBLE
noarr,naive,syrk,0.000091,1.264,valid,5,SMALL,DOUBLE
noarr,naive,syrk,1,0.000091,5,SMALL,DOUBLE
noarr,naive,syrk,2,0.000080,5,SMALL,DOUBLE
noarr,naive,syrk,3,0.000080,5,SMALL,DOUBLE
noarr,naive,syrk,4,0.000081,5,SMALL,DOUBLE
noarr,naive,syrk,5,0.000091,5,SMALL,DOUBLE
noarr,naive,trisolv,0.000008,1.625,valid,5,SMALL,DOUBLE
noarr,naive,trisolv,1,0.000008,5,SMALL,DOUBLE
noarr,naive,trisolv,2,0.000008,5,SMALL,DOUBLE
noarr,naive,trisolv,3,0.000008,5,SMALL,DOUBLE
noarr,naive,trisolv,4,0.000008,5,SMALL,DOUBLE
noarr,naive,trisolv,5,0.000008,5,SMALL,DOUBLE
noarr,naive,trmm,0.000060,2.933,valid,5,SMALL,DOUBLE
noarr,naive,trmm,1,0.000059,5,SMALL,DOUBLE
noarr,naive,trmm,2,0.000060,5,SMALL,DOUBLE
noarr,naive,trmm,3,0.000060,5,SMALL,DOUBLE
noarr,naive,trmm,4,0.000059,5,SMALL,DOUBLE
noarr,naive,trmm,5,0.000060,5,SMALL,DOUBLE
-- The CXX compiler identification is GNU 15.2.0
-- Detecting CXX compiler ABI info
-- Detecting CXX compiler ABI info - done
-- Check for working CXX compiler: /usr/local/latestgcc/bin/g++ - skipped
-- Detecting CXX compile features
-- Detecting CXX compile features - done
-- Found Python: /home/kleplj/naive/gpt-querying/.venv/bin/python3.9 (found suitable version "3.9.25", minimum required is "3") found components: Interpreter Development.Module
-- Halide 'host' platform triple:   x86-64-linux
-- Halide 'cmake' platform triple:  x86-64-linux
-- Halide default AOT target:       host
-- Found ZLIB: /usr/lib64/libz.so (found version "1.2.11")
-- Could NOT find PNG (missing: PNG_LIBRARY PNG_PNG_INCLUDE_DIR) 
-- Could NOT find JPEG (missing: JPEG_LIBRARY JPEG_INCLUDE_DIR) 
-- Configuring done (0.8s)
-- Generating done (0.7s)
-- Build files have been written to: /home/kleplj/naive/optimization/naive/PolybenchC-Halide/build
[  5%] Building CXX object CMakeFiles/correlation.dir/datamining/correlation/correlation.cpp.o
[  5%] Building CXX object CMakeFiles/gemm.dir/linear-algebra/blas/gemm/gemm.cpp.o
[  5%] Building CXX object CMakeFiles/covariance.dir/datamining/covariance/covariance.cpp.o
[ 15%] Building CXX object CMakeFiles/symm.dir/linear-algebra/blas/symm/symm.cpp.o
[ 15%] Building CXX object CMakeFiles/gesummv.dir/linear-algebra/blas/gesummv/gesummv.cpp.o
[ 15%] Building CXX object CMakeFiles/gemver.dir/linear-algebra/blas/gemver/gemver.cpp.o
[ 26%] Building CXX object CMakeFiles/bicg.dir/linear-algebra/kernels/bicg/bicg.cpp.o
[ 26%] Building CXX object CMakeFiles/3mm.dir/linear-algebra/kernels/3mm/3mm.cpp.o
[ 26%] Building CXX object CMakeFiles/trisolv.dir/linear-algebra/solvers/trisolv/trisolv.cpp.o
[ 26%] Building CXX object CMakeFiles/trmm.dir/linear-algebra/blas/trmm/trmm.cpp.o
[ 26%] Building CXX object CMakeFiles/ludcmp.dir/linear-algebra/solvers/ludcmp/ludcmp.cpp.o
[ 26%] Building CXX object CMakeFiles/syr2k.dir/linear-algebra/blas/syr2k/syr2k.cpp.o
[ 26%] Building CXX object CMakeFiles/syrk.dir/linear-algebra/blas/syrk/syrk.cpp.o
[ 26%] Building CXX object CMakeFiles/2mm.dir/linear-algebra/kernels/2mm/2mm.cpp.o
[ 45%] Building CXX object CMakeFiles/cholesky.dir/linear-algebra/solvers/cholesky/cholesky.cpp.o
[ 45%] Building CXX object CMakeFiles/doitgen.dir/linear-algebra/kernels/doitgen/doitgen.cpp.o
[ 50%] Building CXX object CMakeFiles/nussinov.dir/medley/nussinov/nussinov.cpp.o
[ 50%] Building CXX object CMakeFiles/adi.dir/stencils/adi/adi.cpp.o
[ 50%] Building CXX object CMakeFiles/jacobi-1d.dir/stencils/jacobi-1d/jacobi-1d.cpp.o
[ 50%] Building CXX object CMakeFiles/floyd-warshall.dir/medley/floyd-warshall/floyd-warshall.cpp.o
[ 50%] Building CXX object CMakeFiles/lu.dir/linear-algebra/solvers/lu/lu.cpp.o
[ 50%] Building CXX object CMakeFiles/atax.dir/linear-algebra/kernels/atax/atax.cpp.o
[ 50%] Building CXX object CMakeFiles/gramschmidt.dir/linear-algebra/solvers/gramschmidt/gramschmidt.cpp.o
[ 50%] Building CXX object CMakeFiles/durbin.dir/linear-algebra/solvers/durbin/durbin.cpp.o
[ 50%] Building CXX object CMakeFiles/deriche.dir/medley/deriche/deriche.cpp.o
[ 50%] Building CXX object CMakeFiles/heat-3d.dir/stencils/heat-3d/heat-3d.cpp.o
[ 50%] Building CXX object CMakeFiles/fdtd-2d.dir/stencils/fdtd-2d/fdtd-2d.cpp.o
[ 50%] Building CXX object CMakeFiles/mvt.dir/linear-algebra/kernels/mvt/mvt.cpp.o
[ 50%] Building CXX object CMakeFiles/jacobi-2d.dir/stencils/jacobi-2d/jacobi-2d.cpp.o
[ 50%] Building CXX object CMakeFiles/seidel-2d.dir/stencils/seidel-2d/seidel-2d.cpp.o
[ 51%] Linking CXX executable gemver
[ 53%] Linking CXX executable gramschmidt
[ 55%] Linking CXX executable cholesky
[ 55%] Built target cholesky
[ 61%] Linking CXX executable jacobi-1d
[ 63%] Linking CXX executable floyd-warshall
[ 63%] Linking CXX executable covariance
[ 63%] Linking CXX executable syrk
[ 65%] Linking CXX executable jacobi-2d
[ 65%] Linking CXX executable syr2k
[ 76%] Linking CXX executable seidel-2d
[ 76%] Linking CXX executable symm
[ 76%] Linking CXX executable heat-3d
[ 76%] Linking CXX executable doitgen
[ 76%] Linking CXX executable durbin
[ 76%] Linking CXX executable correlation
[ 76%] Linking CXX executable 2mm
[ 78%] Linking CXX executable atax
[ 80%] Linking CXX executable bicg
[ 80%] Built target covariance
[ 80%] Built target syrk
[ 80%] Built target floyd-warshall
[ 80%] Built target jacobi-1d
[ 80%] Built target jacobi-2d
[ 80%] Built target syr2k
[ 80%] Built target correlation
[ 80%] Built target 2mm
[ 80%] Built target heat-3d
[ 80%] Built target seidel-2d
[ 80%] Built target doitgen
[ 80%] Built target durbin
[ 80%] Built target symm
[ 80%] Built target atax
[ 80%] Built target bicg
[ 81%] Linking CXX executable mvt
[ 81%] Built target mvt
[ 83%] Linking CXX executable ludcmp
[ 85%] Linking CXX executable fdtd-2d
[ 85%] Built target ludcmp
[ 85%] Built target fdtd-2d
halide,naive,2mm,,,runtime_error,1,SMALL,DOUBLE
halide,naive,3mm,,,compile_error,1,SMALL,DOUBLE
halide,naive,adi,,,compile_error,1,SMALL,DOUBLE
halide,naive,atax,,,runtime_error,1,SMALL,DOUBLE
halide,naive,bicg,,,runtime_error,1,SMALL,DOUBLE
halide,naive,cholesky,0.000353,1.102,valid,1,SMALL,DOUBLE
halide,naive,cholesky,1,0.000367,1,SMALL,DOUBLE
halide,naive,cholesky,2,0.000352,1,SMALL,DOUBLE
halide,naive,cholesky,3,0.000376,1,SMALL,DOUBLE
halide,naive,cholesky,4,0.000353,1,SMALL,DOUBLE
halide,naive,cholesky,5,0.000354,1,SMALL,DOUBLE
halide,naive,correlation,0.003809,0.162,valid,1,SMALL,DOUBLE
halide,naive,correlation,1,0.004001,1,SMALL,DOUBLE
halide,naive,correlation,2,0.003287,1,SMALL,DOUBLE
halide,naive,correlation,3,0.004022,1,SMALL,DOUBLE
halide,naive,correlation,4,0.003186,1,SMALL,DOUBLE
halide,naive,correlation,5,0.003903,1,SMALL,DOUBLE
halide,naive,covariance,,,runtime_error,1,SMALL,DOUBLE
halide,naive,deriche,,,compile_error,1,SMALL,DOUBLE
halide,naive,doitgen,,,runtime_error,1,SMALL,DOUBLE
halide,naive,durbin,,,runtime_error,1,SMALL,DOUBLE
halide,naive,fdtd-2d,0.088468,0.004,valid,1,SMALL,DOUBLE
halide,naive,fdtd-2d,1,0.082155,1,SMALL,DOUBLE
halide,naive,fdtd-2d,2,0.080780,1,SMALL,DOUBLE
halide,naive,fdtd-2d,3,0.080984,1,SMALL,DOUBLE
halide,naive,fdtd-2d,4,0.076889,1,SMALL,DOUBLE
halide,naive,fdtd-2d,5,0.042595,1,SMALL,DOUBLE
halide,naive,floyd-warshall,0.004865,1.517,valid,1,SMALL,DOUBLE
halide,naive,floyd-warshall,1,0.004992,1,SMALL,DOUBLE
halide,naive,floyd-warshall,2,0.005072,1,SMALL,DOUBLE
halide,naive,floyd-warshall,3,0.005047,1,SMALL,DOUBLE
halide,naive,floyd-warshall,4,0.003123,1,SMALL,DOUBLE
halide,naive,floyd-warshall,5,0.004796,1,SMALL,DOUBLE
halide,naive,gemm,,,compile_error,1,SMALL,DOUBLE
halide,naive,gemver,,,compile_error,1,SMALL,DOUBLE
halide,naive,gesummv,,,compile_error,1,SMALL,DOUBLE
halide,naive,gramschmidt,,,compile_error,1,SMALL,DOUBLE
halide,naive,heat-3d,0.002546,0.203,valid,1,SMALL,DOUBLE
halide,naive,heat-3d,1,0.002193,1,SMALL,DOUBLE
halide,naive,heat-3d,2,0.002388,1,SMALL,DOUBLE
halide,naive,heat-3d,3,0.002309,1,SMALL,DOUBLE
halide,naive,heat-3d,4,0.002570,1,SMALL,DOUBLE
halide,naive,heat-3d,5,0.002755,1,SMALL,DOUBLE
halide,naive,jacobi-1d,,,runtime_error,1,SMALL,DOUBLE
halide,naive,jacobi-2d,0.000885,0.600,valid,1,SMALL,DOUBLE
halide,naive,jacobi-2d,1,0.000927,1,SMALL,DOUBLE
halide,naive,jacobi-2d,2,0.001546,1,SMALL,DOUBLE
halide,naive,jacobi-2d,3,0.000849,1,SMALL,DOUBLE
halide,naive,jacobi-2d,4,0.000927,1,SMALL,DOUBLE
halide,naive,jacobi-2d,5,0.000933,1,SMALL,DOUBLE
halide,naive,lu,,,compile_error,1,SMALL,DOUBLE
halide,naive,ludcmp,,,runtime_error,1,SMALL,DOUBLE
halide,naive,mvt,,,runtime_error,1,SMALL,DOUBLE
halide,naive,nussinov,,,compile_error,1,SMALL,DOUBLE
halide,naive,seidel-2d,0.001491,4.983,valid,1,SMALL,DOUBLE
halide,naive,seidel-2d,1,0.001452,1,SMALL,DOUBLE
halide,naive,seidel-2d,2,0.001106,1,SMALL,DOUBLE
halide,naive,seidel-2d,3,0.001514,1,SMALL,DOUBLE
halide,naive,seidel-2d,4,0.001376,1,SMALL,DOUBLE
halide,naive,seidel-2d,5,0.001455,1,SMALL,DOUBLE
halide,naive,symm,,,runtime_error,1,SMALL,DOUBLE
halide,naive,syr2k,,,runtime_error,1,SMALL,DOUBLE
halide,naive,syrk,0.000555,0.187,valid,1,SMALL,DOUBLE
halide,naive,syrk,1,0.000573,1,SMALL,DOUBLE
halide,naive,syrk,2,0.000544,1,SMALL,DOUBLE
halide,naive,syrk,3,0.000521,1,SMALL,DOUBLE
halide,naive,syrk,4,0.000469,1,SMALL,DOUBLE
halide,naive,syrk,5,0.000715,1,SMALL,DOUBLE
halide,naive,trisolv,,,compile_error,1,SMALL,DOUBLE
halide,naive,trmm,,,compile_error,1,SMALL,DOUBLE
-- The CXX compiler identification is GNU 15.2.0
-- Detecting CXX compiler ABI info
-- Detecting CXX compiler ABI info - done
-- Check for working CXX compiler: /usr/local/latestgcc/bin/g++ - skipped
-- Detecting CXX compile features
-- Detecting CXX compile features - done
-- Found Python: /home/kleplj/naive/gpt-querying/.venv/bin/python3.9 (found suitable version "3.9.25", minimum required is "3") found components: Interpreter Development.Module
-- Halide 'host' platform triple:   x86-64-linux
-- Halide 'cmake' platform triple:  x86-64-linux
-- Halide default AOT target:       host
-- Found ZLIB: /usr/lib64/libz.so (found version "1.2.11")
-- Could NOT find PNG (missing: PNG_LIBRARY PNG_PNG_INCLUDE_DIR) 
-- Could NOT find JPEG (missing: JPEG_LIBRARY JPEG_INCLUDE_DIR) 
-- Configuring done (0.7s)
-- Generating done (0.7s)
-- Build files have been written to: /home/kleplj/naive/optimization/naive/PolybenchC-Halide/build
[  8%] Building CXX object CMakeFiles/correlation.dir/datamining/correlation/correlation.cpp.o
[  8%] Building CXX object CMakeFiles/covariance.dir/datamining/covariance/covariance.cpp.o
[ 15%] Building CXX object CMakeFiles/syr2k.dir/linear-algebra/blas/syr2k/syr2k.cpp.o
[ 15%] Building CXX object CMakeFiles/syrk.dir/linear-algebra/blas/syrk/syrk.cpp.o
[ 15%] Building CXX object CMakeFiles/gesummv.dir/linear-algebra/blas/gesummv/gesummv.cpp.o
[ 15%] Building CXX object CMakeFiles/gemver.dir/linear-algebra/blas/gemver/gemver.cpp.o
[ 15%] Building CXX object CMakeFiles/gemm.dir/linear-algebra/blas/gemm/gemm.cpp.o
[ 30%] Building CXX object CMakeFiles/2mm.dir/linear-algebra/kernels/2mm/2mm.cpp.o
[ 30%] Building CXX object CMakeFiles/doitgen.dir/linear-algebra/kernels/doitgen/doitgen.cpp.o
[ 50%] Building CXX object CMakeFiles/floyd-warshall.dir/medley/floyd-warshall/floyd-warshall.cpp.o
[ 50%] Building CXX object CMakeFiles/jacobi-1d.dir/stencils/jacobi-1d/jacobi-1d.cpp.o
[ 50%] Building CXX object CMakeFiles/3mm.dir/linear-algebra/kernels/3mm/3mm.cpp.o
[ 50%] Building CXX object CMakeFiles/symm.dir/linear-algebra/blas/symm/symm.cpp.o
[ 50%] Building CXX object CMakeFiles/jacobi-2d.dir/stencils/jacobi-2d/jacobi-2d.cpp.o
[ 50%] Building CXX object CMakeFiles/nussinov.dir/medley/nussinov/nussinov.cpp.o
[ 50%] Building CXX object CMakeFiles/lu.dir/linear-algebra/solvers/lu/lu.cpp.o
[ 50%] Building CXX object CMakeFiles/trmm.dir/linear-algebra/blas/trmm/trmm.cpp.o
[ 50%] Building CXX object CMakeFiles/fdtd-2d.dir/stencils/fdtd-2d/fdtd-2d.cpp.o
[ 50%] Building CXX object CMakeFiles/mvt.dir/linear-algebra/kernels/mvt/mvt.cpp.o
[ 50%] Building CXX object CMakeFiles/trisolv.dir/linear-algebra/solvers/trisolv/trisolv.cpp.o
[ 50%] Building CXX object CMakeFiles/atax.dir/linear-algebra/kernels/atax/atax.cpp.o
[ 50%] Building CXX object CMakeFiles/cholesky.dir/linear-algebra/solvers/cholesky/cholesky.cpp.o
[ 50%] Building CXX object CMakeFiles/ludcmp.dir/linear-algebra/solvers/ludcmp/ludcmp.cpp.o
[ 50%] Building CXX object CMakeFiles/durbin.dir/linear-algebra/solvers/durbin/durbin.cpp.o
[ 50%] Building CXX object CMakeFiles/gramschmidt.dir/linear-algebra/solvers/gramschmidt/gramschmidt.cpp.o
[ 50%] Building CXX object CMakeFiles/heat-3d.dir/stencils/heat-3d/heat-3d.cpp.o
[ 50%] Building CXX object CMakeFiles/seidel-2d.dir/stencils/seidel-2d/seidel-2d.cpp.o
[ 50%] Building CXX object CMakeFiles/deriche.dir/medley/deriche/deriche.cpp.o
[ 50%] Building CXX object CMakeFiles/adi.dir/stencils/adi/adi.cpp.o
[ 50%] Building CXX object CMakeFiles/bicg.dir/linear-algebra/kernels/bicg/bicg.cpp.o
[ 51%] Linking CXX executable gemver
[ 53%] Linking CXX executable gramschmidt
[ 55%] Linking CXX executable adi
[ 55%] Built target adi
[ 56%] Linking CXX executable floyd-warshall
[ 58%] Linking CXX executable seidel-2d
[ 58%] Built target floyd-warshall
[ 60%] Linking CXX executable syr2k
[ 61%] Linking CXX executable syrk
[ 65%] Linking CXX executable covariance
[ 65%] Linking CXX executable gemm
[ 66%] Linking CXX executable correlation
[ 66%] Built target seidel-2d
[ 66%] Built target syr2k
[ 68%] Linking CXX executable symm
[ 68%] Built target syrk
[ 68%] Built target covariance
[ 68%] Built target gemm
[ 68%] Built target correlation
[ 70%] Linking CXX executable 2mm
[ 71%] Linking CXX executable 3mm
[ 71%] Built target symm
[ 73%] Linking CXX executable gesummv
[ 73%] Built target 2mm
[ 73%] Built target 3mm
[ 75%] Linking CXX executable atax
[ 76%] Linking CXX executable doitgen
[ 78%] Linking CXX executable cholesky
[ 80%] Linking CXX executable trisolv
[ 80%] Built target gesummv
[ 81%] Linking CXX executable mvt
[ 81%] Built target atax
[ 81%] Built target doitgen
[ 81%] Built target cholesky
[ 81%] Built target trisolv
[ 83%] Linking CXX executable lu
[ 83%] Built target mvt
[ 83%] Built target lu
[ 85%] Linking CXX executable bicg
[ 86%] Linking CXX executable heat-3d
[ 88%] Linking CXX executable durbin
[ 88%] Built target heat-3d
[ 88%] Built target bicg
[ 88%] Built target durbin
[ 90%] Linking CXX executable ludcmp
[ 90%] Built target ludcmp
halide,naive,2mm,,,runtime_error,2,SMALL,DOUBLE
halide,naive,3mm,,,runtime_error,2,SMALL,DOUBLE
halide,naive,adi,0.003152,0.881,valid,2,SMALL,DOUBLE
halide,naive,adi,1,0.003249,2,SMALL,DOUBLE
halide,naive,adi,2,0.003184,2,SMALL,DOUBLE
halide,naive,adi,3,0.003231,2,SMALL,DOUBLE
halide,naive,adi,4,0.003216,2,SMALL,DOUBLE
halide,naive,adi,5,0.003197,2,SMALL,DOUBLE
halide,naive,atax,0.002605,0.015,valid,2,SMALL,DOUBLE
halide,naive,atax,1,0.002699,2,SMALL,DOUBLE
halide,naive,atax,2,0.002672,2,SMALL,DOUBLE
halide,naive,atax,3,0.002750,2,SMALL,DOUBLE
halide,naive,atax,4,0.002654,2,SMALL,DOUBLE
halide,naive,atax,5,0.002613,2,SMALL,DOUBLE
halide,naive,bicg,,,runtime_error,2,SMALL,DOUBLE
halide,naive,cholesky,0.006728,,validity_error,2,SMALL,DOUBLE
halide,naive,correlation,0.001148,0.538,valid,2,SMALL,DOUBLE
halide,naive,correlation,1,0.001280,2,SMALL,DOUBLE
halide,naive,correlation,2,0.001344,2,SMALL,DOUBLE
halide,naive,correlation,3,0.001892,2,SMALL,DOUBLE
halide,naive,correlation,4,0.001446,2,SMALL,DOUBLE
halide,naive,correlation,5,0.001274,2,SMALL,DOUBLE
halide,naive,covariance,0.009398,,validity_error,2,SMALL,DOUBLE
halide,naive,deriche,,,compile_error,2,SMALL,DOUBLE
halide,naive,doitgen,,,runtime_error,2,SMALL,DOUBLE
halide,naive,durbin,,,runtime_error,2,SMALL,DOUBLE
halide,naive,fdtd-2d,,,compile_error,2,SMALL,DOUBLE
halide,naive,floyd-warshall,0.005983,1.227,valid,2,SMALL,DOUBLE
halide,naive,floyd-warshall,1,0.006932,2,SMALL,DOUBLE
halide,naive,floyd-warshall,2,0.005936,2,SMALL,DOUBLE
halide,naive,floyd-warshall,3,0.006350,2,SMALL,DOUBLE
halide,naive,floyd-warshall,4,0.006207,2,SMALL,DOUBLE
halide,naive,floyd-warshall,5,0.005758,2,SMALL,DOUBLE
halide,naive,gemm,,,runtime_error,2,SMALL,DOUBLE
halide,naive,gemver,,,compile_error,2,SMALL,DOUBLE
halide,naive,gesummv,,,runtime_error,2,SMALL,DOUBLE
halide,naive,gramschmidt,,,compile_error,2,SMALL,DOUBLE
halide,naive,heat-3d,0.003257,0.216,valid,2,SMALL,DOUBLE
halide,naive,heat-3d,1,0.003159,2,SMALL,DOUBLE
halide,naive,heat-3d,2,0.002605,2,SMALL,DOUBLE
halide,naive,heat-3d,3,0.002606,2,SMALL,DOUBLE
halide,naive,heat-3d,4,0.002982,2,SMALL,DOUBLE
halide,naive,heat-3d,5,0.002536,2,SMALL,DOUBLE
halide,naive,jacobi-1d,,,compile_error,2,SMALL,DOUBLE
halide,naive,jacobi-2d,,,compile_error,2,SMALL,DOUBLE
halide,naive,lu,,,runtime_error,2,SMALL,DOUBLE
halide,naive,ludcmp,,,runtime_error,2,SMALL,DOUBLE
halide,naive,mvt,0.001146,0.038,valid,2,SMALL,DOUBLE
halide,naive,mvt,1,0.000949,2,SMALL,DOUBLE
halide,naive,mvt,2,0.000541,2,SMALL,DOUBLE
halide,naive,mvt,3,0.000926,2,SMALL,DOUBLE
halide,naive,mvt,4,0.000915,2,SMALL,DOUBLE
halide,naive,mvt,5,0.001147,2,SMALL,DOUBLE
halide,naive,nussinov,,,compile_error,2,SMALL,DOUBLE
halide,naive,seidel-2d,0.004920,1.498,valid,2,SMALL,DOUBLE
halide,naive,seidel-2d,1,0.006150,2,SMALL,DOUBLE
halide,naive,seidel-2d,2,0.005370,2,SMALL,DOUBLE
halide,naive,seidel-2d,3,0.004590,2,SMALL,DOUBLE
halide,naive,seidel-2d,4,0.005802,2,SMALL,DOUBLE
halide,naive,seidel-2d,5,0.004989,2,SMALL,DOUBLE
halide,naive,symm,,,runtime_error,2,SMALL,DOUBLE
halide,naive,syr2k,0.000939,0.278,valid,2,SMALL,DOUBLE
halide,naive,syr2k,1,0.000745,2,SMALL,DOUBLE
halide,naive,syr2k,2,0.000446,2,SMALL,DOUBLE
halide,naive,syr2k,3,0.000754,2,SMALL,DOUBLE
halide,naive,syr2k,4,0.000865,2,SMALL,DOUBLE
halide,naive,syr2k,5,0.000724,2,SMALL,DOUBLE
halide,naive,syrk,0.000633,0.182,valid,2,SMALL,DOUBLE
halide,naive,syrk,1,0.000617,2,SMALL,DOUBLE
halide,naive,syrk,2,0.000692,2,SMALL,DOUBLE
halide,naive,syrk,3,0.000551,2,SMALL,DOUBLE
halide,naive,syrk,4,0.000870,2,SMALL,DOUBLE
halide,naive,syrk,5,0.000665,2,SMALL,DOUBLE
halide,naive,trisolv,,,runtime_error,2,SMALL,DOUBLE
halide,naive,trmm,,,compile_error,2,SMALL,DOUBLE
-- The CXX compiler identification is GNU 15.2.0
-- Detecting CXX compiler ABI info
-- Detecting CXX compiler ABI info - done
-- Check for working CXX compiler: /usr/local/latestgcc/bin/g++ - skipped
-- Detecting CXX compile features
-- Detecting CXX compile features - done
-- Found Python: /home/kleplj/naive/gpt-querying/.venv/bin/python3.9 (found suitable version "3.9.25", minimum required is "3") found components: Interpreter Development.Module
-- Halide 'host' platform triple:   x86-64-linux
-- Halide 'cmake' platform triple:  x86-64-linux
-- Halide default AOT target:       host
-- Found ZLIB: /usr/lib64/libz.so (found version "1.2.11")
-- Could NOT find PNG (missing: PNG_LIBRARY PNG_PNG_INCLUDE_DIR) 
-- Could NOT find JPEG (missing: JPEG_LIBRARY JPEG_INCLUDE_DIR) 
-- Configuring done (0.7s)
-- Generating done (0.8s)
-- Build files have been written to: /home/kleplj/naive/optimization/naive/PolybenchC-Halide/build
[  6%] Building CXX object CMakeFiles/correlation.dir/datamining/correlation/correlation.cpp.o
[  8%] Building CXX object CMakeFiles/covariance.dir/datamining/covariance/covariance.cpp.o
[  8%] Building CXX object CMakeFiles/gemver.dir/linear-algebra/blas/gemver/gemver.cpp.o
[  8%] Building CXX object CMakeFiles/gemm.dir/linear-algebra/blas/gemm/gemm.cpp.o
[ 11%] Building CXX object CMakeFiles/gesummv.dir/linear-algebra/blas/gesummv/gesummv.cpp.o
[ 20%] Building CXX object CMakeFiles/syrk.dir/linear-algebra/blas/syrk/syrk.cpp.o
[ 30%] Building CXX object CMakeFiles/cholesky.dir/linear-algebra/solvers/cholesky/cholesky.cpp.o
[ 20%] Building CXX object CMakeFiles/trmm.dir/linear-algebra/blas/trmm/trmm.cpp.o
[ 20%] Building CXX object CMakeFiles/syr2k.dir/linear-algebra/blas/syr2k/syr2k.cpp.o
[ 20%] Building CXX object CMakeFiles/2mm.dir/linear-algebra/kernels/2mm/2mm.cpp.o
[ 20%] Building CXX object CMakeFiles/symm.dir/linear-algebra/blas/symm/symm.cpp.o
[ 33%] Building CXX object CMakeFiles/gramschmidt.dir/linear-algebra/solvers/gramschmidt/gramschmidt.cpp.o
[ 33%] Building CXX object CMakeFiles/bicg.dir/linear-algebra/kernels/bicg/bicg.cpp.o
[ 50%] Building CXX object CMakeFiles/fdtd-2d.dir/stencils/fdtd-2d/fdtd-2d.cpp.o
[ 50%] Building CXX object CMakeFiles/nussinov.dir/medley/nussinov/nussinov.cpp.o
[ 50%] Building CXX object CMakeFiles/doitgen.dir/linear-algebra/kernels/doitgen/doitgen.cpp.o
[ 50%] Building CXX object CMakeFiles/floyd-warshall.dir/medley/floyd-warshall/floyd-warshall.cpp.o
[ 50%] Building CXX object CMakeFiles/mvt.dir/linear-algebra/kernels/mvt/mvt.cpp.o
[ 50%] Building CXX object CMakeFiles/lu.dir/linear-algebra/solvers/lu/lu.cpp.o
[ 50%] Building CXX object CMakeFiles/3mm.dir/linear-algebra/kernels/3mm/3mm.cpp.o
[ 50%] Building CXX object CMakeFiles/atax.dir/linear-algebra/kernels/atax/atax.cpp.o
[ 50%] Building CXX object CMakeFiles/jacobi-1d.dir/stencils/jacobi-1d/jacobi-1d.cpp.o
[ 50%] Building CXX object CMakeFiles/ludcmp.dir/linear-algebra/solvers/ludcmp/ludcmp.cpp.o
[ 50%] Building CXX object CMakeFiles/heat-3d.dir/stencils/heat-3d/heat-3d.cpp.o
[ 50%] Building CXX object CMakeFiles/durbin.dir/linear-algebra/solvers/durbin/durbin.cpp.o
[ 50%] Building CXX object CMakeFiles/deriche.dir/medley/deriche/deriche.cpp.o
[ 50%] Building CXX object CMakeFiles/adi.dir/stencils/adi/adi.cpp.o
[ 50%] Building CXX object CMakeFiles/trisolv.dir/linear-algebra/solvers/trisolv/trisolv.cpp.o
[ 50%] Building CXX object CMakeFiles/seidel-2d.dir/stencils/seidel-2d/seidel-2d.cpp.o
[ 50%] Building CXX object CMakeFiles/jacobi-2d.dir/stencils/jacobi-2d/jacobi-2d.cpp.o
[ 51%] Linking CXX executable gemver
[ 53%] Linking CXX executable gramschmidt
[ 55%] Linking CXX executable adi
[ 55%] Built target adi
[ 56%] Linking CXX executable cholesky
[ 56%] Built target cholesky
[ 58%] Linking CXX executable floyd-warshall
[ 58%] Built target floyd-warshall
[ 60%] Linking CXX executable syr2k
[ 61%] Linking CXX executable jacobi-2d
[ 63%] Linking CXX executable jacobi-1d
[ 65%] Linking CXX executable symm
[ 65%] Built target syr2k
[ 65%] Built target jacobi-2d
[ 65%] Built target jacobi-1d
[ 65%] Built target symm
[ 66%] Linking CXX executable covariance
[ 68%] Linking CXX executable correlation
[ 70%] Linking CXX executable 3mm
[ 71%] Linking CXX executable durbin
[ 73%] Linking CXX executable gesummv
[ 73%] Built target covariance
[ 73%] Built target correlation
[ 73%] Built target 3mm
[ 73%] Built target durbin
[ 73%] Built target gesummv
[ 75%] Linking CXX executable atax
[ 76%] Linking CXX executable trisolv
[ 78%] Linking CXX executable mvt
[ 80%] Linking CXX executable bicg
[ 80%] Built target atax
[ 80%] Built target trisolv
[ 80%] Built target mvt
[ 80%] Built target bicg
[ 81%] Linking CXX executable fdtd-2d
[ 83%] Linking CXX executable nussinov
[ 83%] Built target fdtd-2d
[ 83%] Built target nussinov
[ 85%] Linking CXX executable heat-3d
[ 86%] Linking CXX executable ludcmp
[ 86%] Built target heat-3d
[ 86%] Built target ludcmp
halide,naive,2mm,,,compile_error,3,SMALL,DOUBLE
halide,naive,3mm,,,runtime_error,3,SMALL,DOUBLE
halide,naive,adi,0.002670,,validity_error,3,SMALL,DOUBLE
halide,naive,atax,,,runtime_error,3,SMALL,DOUBLE
halide,naive,bicg,,,runtime_error,3,SMALL,DOUBLE
halide,naive,cholesky,0.000326,,validity_error,3,SMALL,DOUBLE
halide,naive,correlation,0.002421,,validity_error,3,SMALL,DOUBLE
halide,naive,covariance,,,runtime_error,3,SMALL,DOUBLE
halide,naive,deriche,,,compile_error,3,SMALL,DOUBLE
halide,naive,doitgen,,,compile_error,3,SMALL,DOUBLE
halide,naive,durbin,,,runtime_error,3,SMALL,DOUBLE
halide,naive,fdtd-2d,,,runtime_error,3,SMALL,DOUBLE
halide,naive,floyd-warshall,0.126476,0.058,valid,3,SMALL,DOUBLE
halide,naive,floyd-warshall,1,0.137186,3,SMALL,DOUBLE
halide,naive,floyd-warshall,2,0.136221,3,SMALL,DOUBLE
halide,naive,floyd-warshall,3,0.143291,3,SMALL,DOUBLE
halide,naive,floyd-warshall,4,0.143348,3,SMALL,DOUBLE
halide,naive,floyd-warshall,5,0.139469,3,SMALL,DOUBLE
halide,naive,gemm,,,compile_error,3,SMALL,DOUBLE
halide,naive,gemver,,,compile_error,3,SMALL,DOUBLE
halide,naive,gesummv,,,runtime_error,3,SMALL,DOUBLE
halide,naive,gramschmidt,,,compile_error,3,SMALL,DOUBLE
halide,naive,heat-3d,0.005927,0.087,valid,3,SMALL,DOUBLE
halide,naive,heat-3d,1,0.013548,3,SMALL,DOUBLE
halide,naive,heat-3d,2,0.009755,3,SMALL,DOUBLE
halide,naive,heat-3d,3,0.006199,3,SMALL,DOUBLE
halide,naive,heat-3d,4,0.007093,3,SMALL,DOUBLE
halide,naive,heat-3d,5,0.007331,3,SMALL,DOUBLE
halide,naive,jacobi-1d,,,runtime_error,3,SMALL,DOUBLE
halide,naive,jacobi-2d,0.001125,0.458,valid,3,SMALL,DOUBLE
halide,naive,jacobi-2d,1,0.001144,3,SMALL,DOUBLE
halide,naive,jacobi-2d,2,0.001146,3,SMALL,DOUBLE
halide,naive,jacobi-2d,3,0.001181,3,SMALL,DOUBLE
halide,naive,jacobi-2d,4,0.001702,3,SMALL,DOUBLE
halide,naive,jacobi-2d,5,0.001142,3,SMALL,DOUBLE
halide,naive,lu,,,compile_error,3,SMALL,DOUBLE
halide,naive,ludcmp,0.007856,0.093,valid,3,SMALL,DOUBLE
halide,naive,ludcmp,1,0.007910,3,SMALL,DOUBLE
halide,naive,ludcmp,2,0.007871,3,SMALL,DOUBLE
halide,naive,ludcmp,3,0.007814,3,SMALL,DOUBLE
halide,naive,ludcmp,4,0.007837,3,SMALL,DOUBLE
halide,naive,ludcmp,5,0.007825,3,SMALL,DOUBLE
halide,naive,mvt,0.000377,0.117,valid,3,SMALL,DOUBLE
halide,naive,mvt,1,0.000378,3,SMALL,DOUBLE
halide,naive,mvt,2,0.000335,3,SMALL,DOUBLE
halide,naive,mvt,3,0.000315,3,SMALL,DOUBLE
halide,naive,mvt,4,0.000340,3,SMALL,DOUBLE
halide,naive,mvt,5,0.000472,3,SMALL,DOUBLE
halide,naive,nussinov,,,runtime_error,3,SMALL,DOUBLE
halide,naive,seidel-2d,,,compile_error,3,SMALL,DOUBLE
halide,naive,symm,0.000558,0.572,valid,3,SMALL,DOUBLE
halide,naive,symm,1,0.000663,3,SMALL,DOUBLE
halide,naive,symm,2,0.000873,3,SMALL,DOUBLE
halide,naive,symm,3,0.000453,3,SMALL,DOUBLE
halide,naive,symm,4,0.000515,3,SMALL,DOUBLE
halide,naive,symm,5,0.000557,3,SMALL,DOUBLE
halide,naive,syr2k,,,runtime_error,3,SMALL,DOUBLE
halide,naive,syrk,,,compile_error,3,SMALL,DOUBLE
halide,naive,trisolv,0.000214,,validity_error,3,SMALL,DOUBLE
halide,naive,trmm,,,compile_error,3,SMALL,DOUBLE
-- The CXX compiler identification is GNU 15.2.0
-- Detecting CXX compiler ABI info
-- Detecting CXX compiler ABI info - done
-- Check for working CXX compiler: /usr/local/latestgcc/bin/g++ - skipped
-- Detecting CXX compile features
-- Detecting CXX compile features - done
-- Found Python: /home/kleplj/naive/gpt-querying/.venv/bin/python3.9 (found suitable version "3.9.25", minimum required is "3") found components: Interpreter Development.Module
-- Halide 'host' platform triple:   x86-64-linux
-- Halide 'cmake' platform triple:  x86-64-linux
-- Halide default AOT target:       host
-- Found ZLIB: /usr/lib64/libz.so (found version "1.2.11")
-- Could NOT find PNG (missing: PNG_LIBRARY PNG_PNG_INCLUDE_DIR) 
-- Could NOT find JPEG (missing: JPEG_LIBRARY JPEG_INCLUDE_DIR) 
-- Configuring done (0.7s)
-- Generating done (0.7s)
-- Build files have been written to: /home/kleplj/naive/optimization/naive/PolybenchC-Halide/build
[ 10%] Building CXX object CMakeFiles/gemver.dir/linear-algebra/blas/gemver/gemver.cpp.o
[ 10%] Building CXX object CMakeFiles/correlation.dir/datamining/correlation/correlation.cpp.o
[ 10%] Building CXX object CMakeFiles/covariance.dir/datamining/covariance/covariance.cpp.o
[ 16%] Building CXX object CMakeFiles/trmm.dir/linear-algebra/blas/trmm/trmm.cpp.o
[ 16%] Building CXX object CMakeFiles/gesummv.dir/linear-algebra/blas/gesummv/gesummv.cpp.o
[ 16%] Building CXX object CMakeFiles/symm.dir/linear-algebra/blas/symm/symm.cpp.o
[ 16%] Building CXX object CMakeFiles/gemm.dir/linear-algebra/blas/gemm/gemm.cpp.o
[ 28%] Building CXX object CMakeFiles/mvt.dir/linear-algebra/kernels/mvt/mvt.cpp.o
[ 28%] Building CXX object CMakeFiles/syrk.dir/linear-algebra/blas/syrk/syrk.cpp.o
[ 50%] Building CXX object CMakeFiles/ludcmp.dir/linear-algebra/solvers/ludcmp/ludcmp.cpp.o
[ 50%] Building CXX object CMakeFiles/durbin.dir/linear-algebra/solvers/durbin/durbin.cpp.o
[ 50%] Building CXX object CMakeFiles/heat-3d.dir/stencils/heat-3d/heat-3d.cpp.o
[ 50%] Building CXX object CMakeFiles/deriche.dir/medley/deriche/deriche.cpp.o
[ 50%] Building CXX object CMakeFiles/syr2k.dir/linear-algebra/blas/syr2k/syr2k.cpp.o
[ 50%] Building CXX object CMakeFiles/2mm.dir/linear-algebra/kernels/2mm/2mm.cpp.o
[ 50%] Building CXX object CMakeFiles/fdtd-2d.dir/stencils/fdtd-2d/fdtd-2d.cpp.o
[ 50%] Building CXX object CMakeFiles/atax.dir/linear-algebra/kernels/atax/atax.cpp.o
[ 50%] Building CXX object CMakeFiles/floyd-warshall.dir/medley/floyd-warshall/floyd-warshall.cpp.o
[ 50%] Building CXX object CMakeFiles/doitgen.dir/linear-algebra/kernels/doitgen/doitgen.cpp.o
[ 50%] Building CXX object CMakeFiles/lu.dir/linear-algebra/solvers/lu/lu.cpp.o
[ 50%] Building CXX object CMakeFiles/adi.dir/stencils/adi/adi.cpp.o
[ 50%] Building CXX object CMakeFiles/jacobi-2d.dir/stencils/jacobi-2d/jacobi-2d.cpp.o
[ 50%] Building CXX object CMakeFiles/nussinov.dir/medley/nussinov/nussinov.cpp.o
[ 50%] Building CXX object CMakeFiles/gramschmidt.dir/linear-algebra/solvers/gramschmidt/gramschmidt.cpp.o
[ 50%] Building CXX object CMakeFiles/cholesky.dir/linear-algebra/solvers/cholesky/cholesky.cpp.o
[ 50%] Building CXX object CMakeFiles/trisolv.dir/linear-algebra/solvers/trisolv/trisolv.cpp.o
[ 50%] Building CXX object CMakeFiles/3mm.dir/linear-algebra/kernels/3mm/3mm.cpp.o
[ 50%] Building CXX object CMakeFiles/bicg.dir/linear-algebra/kernels/bicg/bicg.cpp.o
[ 50%] Building CXX object CMakeFiles/seidel-2d.dir/stencils/seidel-2d/seidel-2d.cpp.o
[ 50%] Building CXX object CMakeFiles/jacobi-1d.dir/stencils/jacobi-1d/jacobi-1d.cpp.o
[ 51%] Linking CXX executable gemver
[ 53%] Linking CXX executable gramschmidt
[ 55%] Linking CXX executable cholesky
[ 56%] Linking CXX executable adi
[ 56%] Built target cholesky
[ 56%] Built target adi
[ 58%] Linking CXX executable covariance
[ 60%] Linking CXX executable floyd-warshall
[ 60%] Built target covariance
[ 61%] Linking CXX executable syrk
[ 63%] Linking CXX executable syr2k
[ 63%] Built target floyd-warshall
[ 65%] Linking CXX executable jacobi-2d
[ 66%] Linking CXX executable jacobi-1d
[ 68%] Linking CXX executable gemm
[ 70%] Linking CXX executable symm
[ 70%] Built target syrk
[ 70%] Built target syr2k
[ 70%] Built target jacobi-2d
[ 71%] Linking CXX executable 2mm
[ 71%] Built target jacobi-1d
[ 71%] Built target gemm
[ 71%] Built target symm
[ 73%] Linking CXX executable correlation
[ 75%] Linking CXX executable gesummv
[ 75%] Built target 2mm
[ 76%] Linking CXX executable 3mm
[ 78%] Linking CXX executable durbin
[ 78%] Built target correlation
[ 80%] Linking CXX executable doitgen
[ 80%] Built target gesummv
[ 80%] Built target 3mm
[ 80%] Built target durbin
[ 80%] Built target doitgen
[ 81%] Linking CXX executable nussinov
[ 83%] Linking CXX executable atax
[ 86%] Linking CXX executable trisolv
[ 86%] Linking CXX executable heat-3d
[ 86%] Built target nussinov
[ 88%] Linking CXX executable bicg
[ 88%] Built target atax
[ 88%] Built target heat-3d
[ 88%] Built target trisolv
[ 90%] Linking CXX executable mvt
[ 90%] Built target bicg
[ 91%] Linking CXX executable fdtd-2d
[ 91%] Built target mvt
[ 91%] Built target fdtd-2d
[ 93%] Linking CXX executable ludcmp
[ 93%] Built target ludcmp
halide,naive,2mm,,,runtime_error,4,SMALL,DOUBLE
halide,naive,3mm,,,runtime_error,4,SMALL,DOUBLE
halide,naive,adi,0.008972,0.310,valid,4,SMALL,DOUBLE
halide,naive,adi,1,0.010129,4,SMALL,DOUBLE
halide,naive,adi,2,0.009626,4,SMALL,DOUBLE
halide,naive,adi,3,0.010071,4,SMALL,DOUBLE
halide,naive,adi,4,0.010105,4,SMALL,DOUBLE
halide,naive,adi,5,0.009815,4,SMALL,DOUBLE
halide,naive,atax,,,runtime_error,4,SMALL,DOUBLE
halide,naive,bicg,,,runtime_error,4,SMALL,DOUBLE
halide,naive,cholesky,0.000329,1.182,valid,4,SMALL,DOUBLE
halide,naive,cholesky,1,0.000332,4,SMALL,DOUBLE
halide,naive,cholesky,2,0.000348,4,SMALL,DOUBLE
halide,naive,cholesky,3,0.000379,4,SMALL,DOUBLE
halide,naive,cholesky,4,0.000337,4,SMALL,DOUBLE
halide,naive,cholesky,5,0.000328,4,SMALL,DOUBLE
halide,naive,correlation,0.003933,0.157,valid,4,SMALL,DOUBLE
halide,naive,correlation,1,0.004658,4,SMALL,DOUBLE
halide,naive,correlation,2,0.003236,4,SMALL,DOUBLE
halide,naive,correlation,3,0.003181,4,SMALL,DOUBLE
halide,naive,correlation,4,0.002972,4,SMALL,DOUBLE
halide,naive,correlation,5,0.003773,4,SMALL,DOUBLE
halide,naive,covariance,0.003241,0.166,valid,4,SMALL,DOUBLE
halide,naive,covariance,1,0.002942,4,SMALL,DOUBLE
halide,naive,covariance,2,0.003196,4,SMALL,DOUBLE
halide,naive,covariance,3,0.003135,4,SMALL,DOUBLE
halide,naive,covariance,4,0.003054,4,SMALL,DOUBLE
halide,naive,covariance,5,0.003455,4,SMALL,DOUBLE
halide,naive,deriche,,,compile_error,4,SMALL,DOUBLE
halide,naive,doitgen,,,runtime_error,4,SMALL,DOUBLE
halide,naive,durbin,,,runtime_error,4,SMALL,DOUBLE
halide,naive,fdtd-2d,,,runtime_error,4,SMALL,DOUBLE
halide,naive,floyd-warshall,0.137878,0.052,valid,4,SMALL,DOUBLE
halide,naive,floyd-warshall,1,0.140711,4,SMALL,DOUBLE
halide,naive,floyd-warshall,2,0.128781,4,SMALL,DOUBLE
halide,naive,floyd-warshall,3,0.127845,4,SMALL,DOUBLE
halide,naive,floyd-warshall,4,0.129173,4,SMALL,DOUBLE
halide,naive,floyd-warshall,5,0.139045,4,SMALL,DOUBLE
halide,naive,gemm,,,runtime_error,4,SMALL,DOUBLE
halide,naive,gemver,,,compile_error,4,SMALL,DOUBLE
halide,naive,gesummv,0.002621,0.011,valid,4,SMALL,DOUBLE
halide,naive,gesummv,1,0.002731,4,SMALL,DOUBLE
halide,naive,gesummv,2,0.002514,4,SMALL,DOUBLE
halide,naive,gesummv,3,0.002583,4,SMALL,DOUBLE
halide,naive,gesummv,4,0.002591,4,SMALL,DOUBLE
halide,naive,gesummv,5,0.002757,4,SMALL,DOUBLE
halide,naive,gramschmidt,,,compile_error,4,SMALL,DOUBLE
halide,naive,heat-3d,,,runtime_error,4,SMALL,DOUBLE
halide,naive,jacobi-1d,,,runtime_error,4,SMALL,DOUBLE
halide,naive,jacobi-2d,0.000982,0.539,valid,4,SMALL,DOUBLE
halide,naive,jacobi-2d,1,0.000970,4,SMALL,DOUBLE
halide,naive,jacobi-2d,2,0.000993,4,SMALL,DOUBLE
halide,naive,jacobi-2d,3,0.001086,4,SMALL,DOUBLE
halide,naive,jacobi-2d,4,0.001325,4,SMALL,DOUBLE
halide,naive,jacobi-2d,5,0.001064,4,SMALL,DOUBLE
halide,naive,lu,,,compile_error,4,SMALL,DOUBLE
halide,naive,ludcmp,,,runtime_error,4,SMALL,DOUBLE
halide,naive,mvt,,,runtime_error,4,SMALL,DOUBLE
halide,naive,nussinov,,,runtime_error,4,SMALL,DOUBLE
halide,naive,seidel-2d,,,compile_error,4,SMALL,DOUBLE
halide,naive,symm,,,runtime_error,4,SMALL,DOUBLE
halide,naive,syr2k,0.000645,0.352,valid,4,SMALL,DOUBLE
halide,naive,syr2k,1,0.000687,4,SMALL,DOUBLE
halide,naive,syr2k,2,0.000798,4,SMALL,DOUBLE
halide,naive,syr2k,3,0.000659,4,SMALL,DOUBLE
halide,naive,syr2k,4,0.000628,4,SMALL,DOUBLE
halide,naive,syr2k,5,0.000513,4,SMALL,DOUBLE
halide,naive,syrk,,,runtime_error,4,SMALL,DOUBLE
halide,naive,trisolv,,,runtime_error,4,SMALL,DOUBLE
halide,naive,trmm,,,compile_error,4,SMALL,DOUBLE
-- The CXX compiler identification is GNU 15.2.0
-- Detecting CXX compiler ABI info
-- Detecting CXX compiler ABI info - done
-- Check for working CXX compiler: /usr/local/latestgcc/bin/g++ - skipped
-- Detecting CXX compile features
-- Detecting CXX compile features - done
-- Found Python: /home/kleplj/naive/gpt-querying/.venv/bin/python3.9 (found suitable version "3.9.25", minimum required is "3") found components: Interpreter Development.Module
-- Halide 'host' platform triple:   x86-64-linux
-- Halide 'cmake' platform triple:  x86-64-linux
-- Halide default AOT target:       host
-- Found ZLIB: /usr/lib64/libz.so (found version "1.2.11")
-- Could NOT find PNG (missing: PNG_LIBRARY PNG_PNG_INCLUDE_DIR) 
-- Could NOT find JPEG (missing: JPEG_LIBRARY JPEG_INCLUDE_DIR) 
-- Configuring done (0.7s)
-- Generating done (0.7s)
-- Build files have been written to: /home/kleplj/naive/optimization/naive/PolybenchC-Halide/build
[  1%] Building CXX object CMakeFiles/correlation.dir/datamining/correlation/correlation.cpp.o
[ 13%] Building CXX object CMakeFiles/gesummv.dir/linear-algebra/blas/gesummv/gesummv.cpp.o
[ 13%] Building CXX object CMakeFiles/gemver.dir/linear-algebra/blas/gemver/gemver.cpp.o
[ 13%] Building CXX object CMakeFiles/covariance.dir/datamining/covariance/covariance.cpp.o
[ 13%] Building CXX object CMakeFiles/gemm.dir/linear-algebra/blas/gemm/gemm.cpp.o
[ 21%] Building CXX object CMakeFiles/syr2k.dir/linear-algebra/blas/syr2k/syr2k.cpp.o
[ 21%] Building CXX object CMakeFiles/symm.dir/linear-algebra/blas/symm/symm.cpp.o
[ 21%] Building CXX object CMakeFiles/trmm.dir/linear-algebra/blas/trmm/trmm.cpp.o
[ 21%] Building CXX object CMakeFiles/3mm.dir/linear-algebra/kernels/3mm/3mm.cpp.o
[ 21%] Building CXX object CMakeFiles/syrk.dir/linear-algebra/blas/syrk/syrk.cpp.o
[ 35%] Building CXX object CMakeFiles/atax.dir/linear-algebra/kernels/atax/atax.cpp.o
[ 46%] Building CXX object CMakeFiles/jacobi-1d.dir/stencils/jacobi-1d/jacobi-1d.cpp.o
[ 35%] Building CXX object CMakeFiles/cholesky.dir/linear-algebra/solvers/cholesky/cholesky.cpp.o
[ 48%] Building CXX object CMakeFiles/doitgen.dir/linear-algebra/kernels/doitgen/doitgen.cpp.o
[ 48%] Building CXX object CMakeFiles/bicg.dir/linear-algebra/kernels/bicg/bicg.cpp.o
[ 48%] Building CXX object CMakeFiles/2mm.dir/linear-algebra/kernels/2mm/2mm.cpp.o
[ 48%] Building CXX object CMakeFiles/gramschmidt.dir/linear-algebra/solvers/gramschmidt/gramschmidt.cpp.o
[ 48%] Building CXX object CMakeFiles/adi.dir/stencils/adi/adi.cpp.o
[ 48%] Building CXX object CMakeFiles/ludcmp.dir/linear-algebra/solvers/ludcmp/ludcmp.cpp.o
[ 48%] Building CXX object CMakeFiles/mvt.dir/linear-algebra/kernels/mvt/mvt.cpp.o
[ 50%] Building CXX object CMakeFiles/floyd-warshall.dir/medley/floyd-warshall/floyd-warshall.cpp.o
[ 50%] Building CXX object CMakeFiles/trisolv.dir/linear-algebra/solvers/trisolv/trisolv.cpp.o
[ 50%] Building CXX object CMakeFiles/nussinov.dir/medley/nussinov/nussinov.cpp.o
[ 50%] Building CXX object CMakeFiles/durbin.dir/linear-algebra/solvers/durbin/durbin.cpp.o
[ 50%] Building CXX object CMakeFiles/lu.dir/linear-algebra/solvers/lu/lu.cpp.o
[ 50%] Building CXX object CMakeFiles/heat-3d.dir/stencils/heat-3d/heat-3d.cpp.o
[ 50%] Building CXX object CMakeFiles/fdtd-2d.dir/stencils/fdtd-2d/fdtd-2d.cpp.o
[ 50%] Building CXX object CMakeFiles/jacobi-2d.dir/stencils/jacobi-2d/jacobi-2d.cpp.o
[ 50%] Building CXX object CMakeFiles/deriche.dir/medley/deriche/deriche.cpp.o
[ 50%] Building CXX object CMakeFiles/seidel-2d.dir/stencils/seidel-2d/seidel-2d.cpp.o
[ 51%] Linking CXX executable gemver
[ 53%] Linking CXX executable gramschmidt
[ 55%] Linking CXX executable floyd-warshall
[ 56%] Linking CXX executable trmm
[ 58%] Linking CXX executable deriche
[ 60%] Linking CXX executable covariance
[ 63%] Linking CXX executable durbin
[ 63%] Linking CXX executable syr2k
[ 63%] Built target floyd-warshall
[ 63%] Built target trmm
[ 63%] Built target deriche
[ 65%] Linking CXX executable jacobi-1d
[ 65%] Built target covariance
[ 65%] Built target syr2k
[ 65%] Built target durbin
[ 66%] Linking CXX executable jacobi-2d
[ 68%] Linking CXX executable cholesky
[ 70%] Linking CXX executable lu
[ 70%] Built target jacobi-1d
[ 71%] Linking CXX executable symm
[ 73%] Built target jacobi-2d
[ 73%] Linking CXX executable gemm
[ 75%] Linking CXX executable syrk
[ 76%] Linking CXX executable 2mm
[ 76%] Built target cholesky
[ 76%] Built target lu
[ 76%] Built target symm
[ 76%] Built target gemm
[ 76%] Built target syrk
[ 78%] Linking CXX executable 3mm
[ 78%] Built target 2mm
[ 80%] Linking CXX executable gesummv
[ 81%] Linking CXX executable heat-3d
[ 83%] Linking CXX executable correlation
[ 85%] Linking CXX executable seidel-2d
[ 85%] Built target 3mm
[ 85%] Built target gesummv
[ 85%] Built target heat-3d
[ 85%] Built target correlation
[ 85%] Built target seidel-2d
[ 86%] Linking CXX executable doitgen
[ 88%] Linking CXX executable bicg
[ 90%] Linking CXX executable mvt
[ 91%] Linking CXX executable trisolv
[ 91%] Built target doitgen
[ 91%] Built target bicg
[ 91%] Built target mvt
[ 91%] Built target trisolv
[ 93%] Linking CXX executable fdtd-2d
[ 93%] Built target fdtd-2d
[ 95%] Linking CXX executable adi
[ 95%] Built target adi
[ 96%] Linking CXX executable ludcmp
[ 96%] Built target ludcmp
halide,naive,2mm,,,runtime_error,5,SMALL,DOUBLE
halide,naive,3mm,,,runtime_error,5,SMALL,DOUBLE
halide,naive,adi,,,runtime_error,5,SMALL,DOUBLE
halide,naive,atax,,,compile_error,5,SMALL,DOUBLE
halide,naive,bicg,,,runtime_error,5,SMALL,DOUBLE
halide,naive,cholesky,0.000393,,validity_error,5,SMALL,DOUBLE
halide,naive,correlation,0.001487,0.413,valid,5,SMALL,DOUBLE
halide,naive,correlation,1,0.001457,5,SMALL,DOUBLE
halide,naive,correlation,2,0.002383,5,SMALL,DOUBLE
halide,naive,correlation,3,0.002081,5,SMALL,DOUBLE
halide,naive,correlation,4,0.001682,5,SMALL,DOUBLE
halide,naive,correlation,5,0.001999,5,SMALL,DOUBLE
halide,naive,covariance,0.000885,0.610,valid,5,SMALL,DOUBLE
halide,naive,covariance,1,0.001470,5,SMALL,DOUBLE
halide,naive,covariance,2,0.000887,5,SMALL,DOUBLE
halide,naive,covariance,3,0.000709,5,SMALL,DOUBLE
halide,naive,covariance,4,0.001081,5,SMALL,DOUBLE
halide,naive,covariance,5,0.000735,5,SMALL,DOUBLE
halide,naive,deriche,0.000992,0.857,valid,5,SMALL,DOUBLE
halide,naive,deriche,1,0.000966,5,SMALL,DOUBLE
halide,naive,deriche,2,0.000983,5,SMALL,DOUBLE
halide,naive,deriche,3,0.001135,5,SMALL,DOUBLE
halide,naive,deriche,4,0.001135,5,SMALL,DOUBLE
halide,naive,deriche,5,0.001131,5,SMALL,DOUBLE
halide,naive,doitgen,,,runtime_error,5,SMALL,DOUBLE
halide,naive,durbin,,,runtime_error,5,SMALL,DOUBLE
halide,naive,fdtd-2d,0.035344,0.009,valid,5,SMALL,DOUBLE
halide,naive,fdtd-2d,1,0.035443,5,SMALL,DOUBLE
halide,naive,fdtd-2d,2,0.039198,5,SMALL,DOUBLE
halide,naive,fdtd-2d,3,0.036105,5,SMALL,DOUBLE
halide,naive,fdtd-2d,4,0.030997,5,SMALL,DOUBLE
halide,naive,fdtd-2d,5,0.035865,5,SMALL,DOUBLE
halide,naive,floyd-warshall,0.140759,0.052,valid,5,SMALL,DOUBLE
halide,naive,floyd-warshall,1,0.139402,5,SMALL,DOUBLE
halide,naive,floyd-warshall,2,0.122914,5,SMALL,DOUBLE
halide,naive,floyd-warshall,3,0.139127,5,SMALL,DOUBLE
halide,naive,floyd-warshall,4,0.147320,5,SMALL,DOUBLE
halide,naive,floyd-warshall,5,0.135961,5,SMALL,DOUBLE
halide,naive,gemm,,,runtime_error,5,SMALL,DOUBLE
halide,naive,gemver,,,compile_error,5,SMALL,DOUBLE
halide,naive,gesummv,0.000217,0.143,valid,5,SMALL,DOUBLE
halide,naive,gesummv,1,0.000254,5,SMALL,DOUBLE
halide,naive,gesummv,2,0.000465,5,SMALL,DOUBLE
halide,naive,gesummv,3,0.000276,5,SMALL,DOUBLE
halide,naive,gesummv,4,0.000309,5,SMALL,DOUBLE
halide,naive,gesummv,5,0.000335,5,SMALL,DOUBLE
halide,naive,gramschmidt,,,compile_error,5,SMALL,DOUBLE
halide,naive,heat-3d,0.002656,0.191,valid,5,SMALL,DOUBLE
halide,naive,heat-3d,1,0.003143,5,SMALL,DOUBLE
halide,naive,heat-3d,2,0.003240,5,SMALL,DOUBLE
halide,naive,heat-3d,3,0.003093,5,SMALL,DOUBLE
halide,naive,heat-3d,4,0.002793,5,SMALL,DOUBLE
halide,naive,heat-3d,5,0.003147,5,SMALL,DOUBLE
halide,naive,jacobi-1d,,,runtime_error,5,SMALL,DOUBLE
halide,naive,jacobi-2d,,,runtime_error,5,SMALL,DOUBLE
halide,naive,lu,,,runtime_error,5,SMALL,DOUBLE
halide,naive,ludcmp,,,runtime_error,5,SMALL,DOUBLE
halide,naive,mvt,,,runtime_error,5,SMALL,DOUBLE
halide,naive,nussinov,,,compile_error,5,SMALL,DOUBLE
halide,naive,seidel-2d,0.001636,4.516,valid,5,SMALL,DOUBLE
halide,naive,seidel-2d,1,0.001445,5,SMALL,DOUBLE
halide,naive,seidel-2d,2,0.001476,5,SMALL,DOUBLE
halide,naive,seidel-2d,3,0.001412,5,SMALL,DOUBLE
halide,naive,seidel-2d,4,0.001584,5,SMALL,DOUBLE
halide,naive,seidel-2d,5,0.001371,5,SMALL,DOUBLE
halide,naive,symm,,,runtime_error,5,SMALL,DOUBLE
halide,naive,syr2k,,,runtime_error,5,SMALL,DOUBLE
halide,naive,syrk,0.001246,0.092,valid,5,SMALL,DOUBLE
halide,naive,syrk,1,0.001004,5,SMALL,DOUBLE
halide,naive,syrk,2,0.000955,5,SMALL,DOUBLE
halide,naive,syrk,3,0.000922,5,SMALL,DOUBLE
halide,naive,syrk,4,0.001298,5,SMALL,DOUBLE
halide,naive,syrk,5,0.001255,5,SMALL,DOUBLE
halide,naive,trisolv,0.000124,0.097,valid,5,SMALL,DOUBLE
halide,naive,trisolv,1,0.000123,5,SMALL,DOUBLE
halide,naive,trisolv,2,0.000125,5,SMALL,DOUBLE
halide,naive,trisolv,3,0.000122,5,SMALL,DOUBLE
halide,naive,trisolv,4,0.000138,5,SMALL,DOUBLE
halide,naive,trisolv,5,0.000119,5,SMALL,DOUBLE
halide,naive,trmm,,,runtime_error,5,SMALL,DOUBLE
Generated C for 'gesummv' in /home/kleplj/naive/optimization/naive/PolybenchC-Exo/build/generated/gesummv
Built gesummv executable.
Generated C for 'symm' in /home/kleplj/naive/optimization/naive/PolybenchC-Exo/build/generated/symm
Built symm executable.
Generated C for 'syr2k' in /home/kleplj/naive/optimization/naive/PolybenchC-Exo/build/generated/syr2k
Built syr2k executable.
Generated C for 'syrk' in /home/kleplj/naive/optimization/naive/PolybenchC-Exo/build/generated/syrk
Built syrk executable.
Generated C for '2mm' in /home/kleplj/naive/optimization/naive/PolybenchC-Exo/build/generated/2mm
Built 2mm executable.
Generated C for '3mm' in /home/kleplj/naive/optimization/naive/PolybenchC-Exo/build/generated/3mm
Built 3mm executable.
Generated C for 'bicg' in /home/kleplj/naive/optimization/naive/PolybenchC-Exo/build/generated/bicg
Built bicg executable.
Generated C for 'cholesky' in /home/kleplj/naive/optimization/naive/PolybenchC-Exo/build/generated/cholesky
Built cholesky executable.
Generated C for 'gramschmidt' in /home/kleplj/naive/optimization/naive/PolybenchC-Exo/build/generated/gramschmidt
Generated C for 'lu' in /home/kleplj/naive/optimization/naive/PolybenchC-Exo/build/generated/lu
Built lu executable.
Generated C for 'ludcmp' in /home/kleplj/naive/optimization/naive/PolybenchC-Exo/build/generated/ludcmp
Built ludcmp executable.
Generated C for 'trisolv' in /home/kleplj/naive/optimization/naive/PolybenchC-Exo/build/generated/trisolv
Built trisolv executable.
Generated C for 'covariance' in /home/kleplj/naive/optimization/naive/PolybenchC-Exo/build/generated/covariance
Built covariance executable.
Generated C for 'adi' in /home/kleplj/naive/optimization/naive/PolybenchC-Exo/build/generated/adi
Built adi executable.
Generated C for 'fdtd-2d' in /home/kleplj/naive/optimization/naive/PolybenchC-Exo/build/generated/fdtd-2d
Built fdtd-2d executable.
Generated C for 'jacobi-1d' in /home/kleplj/naive/optimization/naive/PolybenchC-Exo/build/generated/jacobi-1d
Built jacobi-1d executable.
Generated C for 'floyd-warshall' in /home/kleplj/naive/optimization/naive/PolybenchC-Exo/build/generated/floyd-warshall
Built floyd-warshall executable.
Generated C for 'nussinov' in /home/kleplj/naive/optimization/naive/PolybenchC-Exo/build/generated/nussinov
Built nussinov executable.
Exo build complete. Generated sources in: /home/kleplj/naive/optimization/naive/PolybenchC-Exo/build
Removing temp dir /tmp/slurm.303971/tmp.rMTLkjueU6
exo,naive,2mm,0.000197,2.284,valid,1,SMALL,DOUBLE
exo,naive,2mm,1,0.000208,1,SMALL,DOUBLE
exo,naive,2mm,2,0.000196,1,SMALL,DOUBLE
exo,naive,2mm,3,0.000195,1,SMALL,DOUBLE
exo,naive,2mm,4,0.000210,1,SMALL,DOUBLE
exo,naive,2mm,5,0.000189,1,SMALL,DOUBLE
exo,naive,3mm,0.000405,1.995,valid,1,SMALL,DOUBLE
exo,naive,3mm,1,0.000427,1,SMALL,DOUBLE
exo,naive,3mm,2,0.000401,1,SMALL,DOUBLE
exo,naive,3mm,3,0.000391,1,SMALL,DOUBLE
exo,naive,3mm,4,0.000382,1,SMALL,DOUBLE
exo,naive,3mm,5,0.000406,1,SMALL,DOUBLE
exo,naive,adi,0.003979,0.700,valid,1,SMALL,DOUBLE
exo,naive,adi,1,0.004017,1,SMALL,DOUBLE
exo,naive,adi,2,0.003887,1,SMALL,DOUBLE
exo,naive,adi,3,0.004324,1,SMALL,DOUBLE
exo,naive,adi,4,0.003944,1,SMALL,DOUBLE
exo,naive,adi,5,0.003990,1,SMALL,DOUBLE
exo,naive,atax,,,compile_error,1,SMALL,DOUBLE
exo,naive,bicg,0.000055,0.964,valid,1,SMALL,DOUBLE
exo,naive,bicg,1,0.000055,1,SMALL,DOUBLE
exo,naive,bicg,2,0.000053,1,SMALL,DOUBLE
exo,naive,bicg,3,0.000054,1,SMALL,DOUBLE
exo,naive,bicg,4,0.000054,1,SMALL,DOUBLE
exo,naive,bicg,5,0.000052,1,SMALL,DOUBLE
exo,naive,cholesky,0.000925,0.421,valid,1,SMALL,DOUBLE
exo,naive,cholesky,1,0.000930,1,SMALL,DOUBLE
exo,naive,cholesky,2,0.000927,1,SMALL,DOUBLE
exo,naive,cholesky,3,0.000928,1,SMALL,DOUBLE
exo,naive,cholesky,4,0.000925,1,SMALL,DOUBLE
exo,naive,cholesky,5,0.000921,1,SMALL,DOUBLE
exo,naive,correlation,,,compile_error,1,SMALL,DOUBLE
exo,naive,covariance,0.000211,2.986,valid,1,SMALL,DOUBLE
exo,naive,covariance,1,0.000209,1,SMALL,DOUBLE
exo,naive,covariance,2,0.000209,1,SMALL,DOUBLE
exo,naive,covariance,3,0.000209,1,SMALL,DOUBLE
exo,naive,covariance,4,0.000232,1,SMALL,DOUBLE
exo,naive,covariance,5,0.000210,1,SMALL,DOUBLE
exo,naive,deriche,,,compile_error,1,SMALL,DOUBLE
exo,naive,doitgen,,,compile_error,1,SMALL,DOUBLE
exo,naive,durbin,,,compile_error,1,SMALL,DOUBLE
exo,naive,fdtd-2d,0.005406,0.062,valid,1,SMALL,DOUBLE
exo,naive,fdtd-2d,1,0.005460,1,SMALL,DOUBLE
exo,naive,fdtd-2d,2,0.005373,1,SMALL,DOUBLE
exo,naive,fdtd-2d,3,0.005428,1,SMALL,DOUBLE
exo,naive,fdtd-2d,4,0.005280,1,SMALL,DOUBLE
exo,naive,fdtd-2d,5,0.005472,1,SMALL,DOUBLE
exo,naive,floyd-warshall,0.005120,1.437,valid,1,SMALL,DOUBLE
exo,naive,floyd-warshall,1,0.005122,1,SMALL,DOUBLE
exo,naive,floyd-warshall,2,0.005137,1,SMALL,DOUBLE
exo,naive,floyd-warshall,3,0.005134,1,SMALL,DOUBLE
exo,naive,floyd-warshall,4,0.005132,1,SMALL,DOUBLE
exo,naive,floyd-warshall,5,0.005095,1,SMALL,DOUBLE
exo,naive,gemm,,,compile_error,1,SMALL,DOUBLE
exo,naive,gemver,,,compile_error,1,SMALL,DOUBLE
exo,naive,gesummv,0.000041,0.756,valid,1,SMALL,DOUBLE
exo,naive,gesummv,1,0.000042,1,SMALL,DOUBLE
exo,naive,gesummv,2,0.000040,1,SMALL,DOUBLE
exo,naive,gesummv,3,0.000044,1,SMALL,DOUBLE
exo,naive,gesummv,4,0.000043,1,SMALL,DOUBLE
exo,naive,gesummv,5,0.000043,1,SMALL,DOUBLE
exo,naive,gramschmidt,,,compile_error,1,SMALL,DOUBLE
exo,naive,heat-3d,,,compile_error,1,SMALL,DOUBLE
exo,naive,jacobi-1d,0.002092,0.003,valid,1,SMALL,DOUBLE
exo,naive,jacobi-1d,1,0.002109,1,SMALL,DOUBLE
exo,naive,jacobi-1d,2,0.002067,1,SMALL,DOUBLE
exo,naive,jacobi-1d,3,0.002114,1,SMALL,DOUBLE
exo,naive,jacobi-1d,4,0.002148,1,SMALL,DOUBLE
exo,naive,jacobi-1d,5,0.002095,1,SMALL,DOUBLE
exo,naive,jacobi-2d,,,compile_error,1,SMALL,DOUBLE
exo,naive,lu,0.000677,1.202,valid,1,SMALL,DOUBLE
exo,naive,lu,1,0.000691,1,SMALL,DOUBLE
exo,naive,lu,2,0.000677,1,SMALL,DOUBLE
exo,naive,lu,3,0.000675,1,SMALL,DOUBLE
exo,naive,lu,4,0.000673,1,SMALL,DOUBLE
exo,naive,lu,5,0.000675,1,SMALL,DOUBLE
exo,naive,ludcmp,0.000612,1.206,valid,1,SMALL,DOUBLE
exo,naive,ludcmp,1,0.000601,1,SMALL,DOUBLE
exo,naive,ludcmp,2,0.000597,1,SMALL,DOUBLE
exo,naive,ludcmp,3,0.000597,1,SMALL,DOUBLE
exo,naive,ludcmp,4,0.000596,1,SMALL,DOUBLE
exo,naive,ludcmp,5,0.000597,1,SMALL,DOUBLE
exo,naive,mvt,,,compile_error,1,SMALL,DOUBLE
exo,naive,nussinov,0.002880,1.002,valid,1,SMALL,DOUBLE
exo,naive,nussinov,1,0.002887,1,SMALL,DOUBLE
exo,naive,nussinov,2,0.002887,1,SMALL,DOUBLE
exo,naive,nussinov,3,0.002884,1,SMALL,DOUBLE
exo,naive,nussinov,4,0.002898,1,SMALL,DOUBLE
exo,naive,nussinov,5,0.002886,1,SMALL,DOUBLE
exo,naive,seidel-2d,,,compile_error,1,SMALL,DOUBLE
exo,naive,symm,0.000272,1.224,valid,1,SMALL,DOUBLE
exo,naive,symm,1,0.000288,1,SMALL,DOUBLE
exo,naive,symm,2,0.000274,1,SMALL,DOUBLE
exo,naive,symm,3,0.000272,1,SMALL,DOUBLE
exo,naive,symm,4,0.000272,1,SMALL,DOUBLE
exo,naive,symm,5,0.000274,1,SMALL,DOUBLE
exo,naive,syr2k,0.000609,0.406,valid,1,SMALL,DOUBLE
exo,naive,syr2k,1,0.000609,1,SMALL,DOUBLE
exo,naive,syr2k,2,0.000593,1,SMALL,DOUBLE
exo,naive,syr2k,3,0.000595,1,SMALL,DOUBLE
exo,naive,syr2k,4,0.000605,1,SMALL,DOUBLE
exo,naive,syr2k,5,0.000605,1,SMALL,DOUBLE
exo,naive,syrk,0.000086,1.337,valid,1,SMALL,DOUBLE
exo,naive,syrk,1,0.000083,1,SMALL,DOUBLE
exo,naive,syrk,2,0.000101,1,SMALL,DOUBLE
exo,naive,syrk,3,0.000084,1,SMALL,DOUBLE
exo,naive,syrk,4,0.000083,1,SMALL,DOUBLE
exo,naive,syrk,5,0.000084,1,SMALL,DOUBLE
exo,naive,trisolv,0.000016,0.812,valid,1,SMALL,DOUBLE
exo,naive,trisolv,1,0.000016,1,SMALL,DOUBLE
exo,naive,trisolv,2,0.000015,1,SMALL,DOUBLE
exo,naive,trisolv,3,0.000015,1,SMALL,DOUBLE
exo,naive,trisolv,4,0.000014,1,SMALL,DOUBLE
exo,naive,trisolv,5,0.000016,1,SMALL,DOUBLE
exo,naive,trmm,,,compile_error,1,SMALL,DOUBLE
Generated C for 'gemm' in /home/kleplj/naive/optimization/naive/PolybenchC-Exo/build/generated/gemm
Built gemm executable.
Generated C for 'gemver' in /home/kleplj/naive/optimization/naive/PolybenchC-Exo/build/generated/gemver
Generated C for 'gesummv' in /home/kleplj/naive/optimization/naive/PolybenchC-Exo/build/generated/gesummv
Built gesummv executable.
Generated C for 'symm' in /home/kleplj/naive/optimization/naive/PolybenchC-Exo/build/generated/symm
Built symm executable.
Generated C for 'syr2k' in /home/kleplj/naive/optimization/naive/PolybenchC-Exo/build/generated/syr2k
Built syr2k executable.
Generated C for 'syrk' in /home/kleplj/naive/optimization/naive/PolybenchC-Exo/build/generated/syrk
Built syrk executable.
Generated C for 'trmm' in /home/kleplj/naive/optimization/naive/PolybenchC-Exo/build/generated/trmm
Built trmm executable.
Generated C for '2mm' in /home/kleplj/naive/optimization/naive/PolybenchC-Exo/build/generated/2mm
Built 2mm executable.
Generated C for '3mm' in /home/kleplj/naive/optimization/naive/PolybenchC-Exo/build/generated/3mm
Built 3mm executable.
Generated C for 'bicg' in /home/kleplj/naive/optimization/naive/PolybenchC-Exo/build/generated/bicg
Built bicg executable.
Generated C for 'doitgen' in /home/kleplj/naive/optimization/naive/PolybenchC-Exo/build/generated/doitgen
Built doitgen executable.
Generated C for 'mvt' in /home/kleplj/naive/optimization/naive/PolybenchC-Exo/build/generated/mvt
Built mvt executable.
Generated C for 'cholesky' in /home/kleplj/naive/optimization/naive/PolybenchC-Exo/build/generated/cholesky
Built cholesky executable.
Generated C for 'lu' in /home/kleplj/naive/optimization/naive/PolybenchC-Exo/build/generated/lu
Built lu executable.
Generated C for 'ludcmp' in /home/kleplj/naive/optimization/naive/PolybenchC-Exo/build/generated/ludcmp
Built ludcmp executable.
Generated C for 'trisolv' in /home/kleplj/naive/optimization/naive/PolybenchC-Exo/build/generated/trisolv
Generated C for 'correlation' in /home/kleplj/naive/optimization/naive/PolybenchC-Exo/build/generated/correlation
Built correlation executable.
Generated C for 'covariance' in /home/kleplj/naive/optimization/naive/PolybenchC-Exo/build/generated/covariance
Built covariance executable.
Generated C for 'adi' in /home/kleplj/naive/optimization/naive/PolybenchC-Exo/build/generated/adi
Built adi executable.
Generated C for 'fdtd-2d' in /home/kleplj/naive/optimization/naive/PolybenchC-Exo/build/generated/fdtd-2d
Built fdtd-2d executable.
Generated C for 'heat-3d' in /home/kleplj/naive/optimization/naive/PolybenchC-Exo/build/generated/heat-3d
Built heat-3d executable.
Generated C for 'jacobi-1d' in /home/kleplj/naive/optimization/naive/PolybenchC-Exo/build/generated/jacobi-1d
Built jacobi-1d executable.
Generated C for 'nussinov' in /home/kleplj/naive/optimization/naive/PolybenchC-Exo/build/generated/nussinov
Built nussinov executable.
Exo build complete. Generated sources in: /home/kleplj/naive/optimization/naive/PolybenchC-Exo/build
Removing temp dir /tmp/slurm.303971/tmp.Gnv32orpqx
exo,naive,2mm,0.000244,1.791,valid,2,SMALL,DOUBLE
exo,naive,2mm,1,0.000217,2,SMALL,DOUBLE
exo,naive,2mm,2,0.000227,2,SMALL,DOUBLE
exo,naive,2mm,3,0.000242,2,SMALL,DOUBLE
exo,naive,2mm,4,0.000215,2,SMALL,DOUBLE
exo,naive,2mm,5,0.000228,2,SMALL,DOUBLE
exo,naive,3mm,0.001040,0.750,valid,2,SMALL,DOUBLE
exo,naive,3mm,1,0.001049,2,SMALL,DOUBLE
exo,naive,3mm,2,0.001023,2,SMALL,DOUBLE
exo,naive,3mm,3,0.001049,2,SMALL,DOUBLE
exo,naive,3mm,4,0.000988,2,SMALL,DOUBLE
exo,naive,3mm,5,0.000995,2,SMALL,DOUBLE
exo,naive,adi,0.004184,0.665,valid,2,SMALL,DOUBLE
exo,naive,adi,1,0.004505,2,SMALL,DOUBLE
exo,naive,adi,2,0.004009,2,SMALL,DOUBLE
exo,naive,adi,3,0.004094,2,SMALL,DOUBLE
exo,naive,adi,4,0.003942,2,SMALL,DOUBLE
exo,naive,adi,5,0.004039,2,SMALL,DOUBLE
exo,naive,atax,,,compile_error,2,SMALL,DOUBLE
exo,naive,bicg,0.000056,0.964,valid,2,SMALL,DOUBLE
exo,naive,bicg,1,0.000056,2,SMALL,DOUBLE
exo,naive,bicg,2,0.000056,2,SMALL,DOUBLE
exo,naive,bicg,3,0.000054,2,SMALL,DOUBLE
exo,naive,bicg,4,0.000055,2,SMALL,DOUBLE
exo,naive,bicg,5,0.000064,2,SMALL,DOUBLE
exo,naive,cholesky,0.003279,,validity_error,2,SMALL,DOUBLE
exo,naive,correlation,0.000222,2.851,valid,2,SMALL,DOUBLE
exo,naive,correlation,1,0.000222,2,SMALL,DOUBLE
exo,naive,correlation,2,0.000239,2,SMALL,DOUBLE
exo,naive,correlation,3,0.000226,2,SMALL,DOUBLE
exo,naive,correlation,4,0.000225,2,SMALL,DOUBLE
exo,naive,correlation,5,0.000228,2,SMALL,DOUBLE
exo,naive,covariance,0.001398,0.450,valid,2,SMALL,DOUBLE
exo,naive,covariance,1,0.001403,2,SMALL,DOUBLE
exo,naive,covariance,2,0.001394,2,SMALL,DOUBLE
exo,naive,covariance,3,0.001398,2,SMALL,DOUBLE
exo,naive,covariance,4,0.001390,2,SMALL,DOUBLE
exo,naive,covariance,5,0.001393,2,SMALL,DOUBLE
exo,naive,deriche,,,compile_error,2,SMALL,DOUBLE
exo,naive,doitgen,0.000239,2.703,valid,2,SMALL,DOUBLE
exo,naive,doitgen,1,0.000242,2,SMALL,DOUBLE
exo,naive,doitgen,2,0.000241,2,SMALL,DOUBLE
exo,naive,doitgen,3,0.000241,2,SMALL,DOUBLE
exo,naive,doitgen,4,0.000254,2,SMALL,DOUBLE
exo,naive,doitgen,5,0.000242,2,SMALL,DOUBLE
exo,naive,durbin,,,compile_error,2,SMALL,DOUBLE
exo,naive,fdtd-2d,0.004385,0.084,valid,2,SMALL,DOUBLE
exo,naive,fdtd-2d,1,0.004356,2,SMALL,DOUBLE
exo,naive,fdtd-2d,2,0.004366,2,SMALL,DOUBLE
exo,naive,fdtd-2d,3,0.004515,2,SMALL,DOUBLE
exo,naive,fdtd-2d,4,0.004483,2,SMALL,DOUBLE
exo,naive,fdtd-2d,5,0.004386,2,SMALL,DOUBLE
exo,naive,floyd-warshall,,,compile_error,2,SMALL,DOUBLE
exo,naive,gemm,0.000173,0.601,valid,2,SMALL,DOUBLE
exo,naive,gemm,1,0.000240,2,SMALL,DOUBLE
exo,naive,gemm,2,0.000178,2,SMALL,DOUBLE
exo,naive,gemm,3,0.000178,2,SMALL,DOUBLE
exo,naive,gemm,4,0.000183,2,SMALL,DOUBLE
exo,naive,gemm,5,0.000173,2,SMALL,DOUBLE
exo,naive,gemver,,,compile_error,2,SMALL,DOUBLE
exo,naive,gesummv,0.000049,0.612,valid,2,SMALL,DOUBLE
exo,naive,gesummv,1,0.000053,2,SMALL,DOUBLE
exo,naive,gesummv,2,0.000054,2,SMALL,DOUBLE
exo,naive,gesummv,3,0.000050,2,SMALL,DOUBLE
exo,naive,gesummv,4,0.000054,2,SMALL,DOUBLE
exo,naive,gesummv,5,0.000048,2,SMALL,DOUBLE
exo,naive,gramschmidt,,,compile_error,2,SMALL,DOUBLE
exo,naive,heat-3d,0.002805,0.179,valid,2,SMALL,DOUBLE
exo,naive,heat-3d,1,0.002823,2,SMALL,DOUBLE
exo,naive,heat-3d,2,0.002813,2,SMALL,DOUBLE
exo,naive,heat-3d,3,0.002856,2,SMALL,DOUBLE
exo,naive,heat-3d,4,0.002864,2,SMALL,DOUBLE
exo,naive,heat-3d,5,0.002878,2,SMALL,DOUBLE
exo,naive,jacobi-1d,0.002101,0.002,valid,2,SMALL,DOUBLE
exo,naive,jacobi-1d,1,0.002090,2,SMALL,DOUBLE
exo,naive,jacobi-1d,2,0.002157,2,SMALL,DOUBLE
exo,naive,jacobi-1d,3,0.002149,2,SMALL,DOUBLE
exo,naive,jacobi-1d,4,0.002131,2,SMALL,DOUBLE
exo,naive,jacobi-1d,5,0.002118,2,SMALL,DOUBLE
exo,naive,jacobi-2d,,,compile_error,2,SMALL,DOUBLE
exo,naive,lu,0.000618,1.307,valid,2,SMALL,DOUBLE
exo,naive,lu,1,0.000635,2,SMALL,DOUBLE
exo,naive,lu,2,0.000633,2,SMALL,DOUBLE
exo,naive,lu,3,0.000636,2,SMALL,DOUBLE
exo,naive,lu,4,0.000633,2,SMALL,DOUBLE
exo,naive,lu,5,0.000633,2,SMALL,DOUBLE
exo,naive,ludcmp,0.000771,0.951,valid,2,SMALL,DOUBLE
exo,naive,ludcmp,1,0.000755,2,SMALL,DOUBLE
exo,naive,ludcmp,2,0.000765,2,SMALL,DOUBLE
exo,naive,ludcmp,3,0.000765,2,SMALL,DOUBLE
exo,naive,ludcmp,4,0.000756,2,SMALL,DOUBLE
exo,naive,ludcmp,5,0.000759,2,SMALL,DOUBLE
exo,naive,mvt,0.000071,0.620,valid,2,SMALL,DOUBLE
exo,naive,mvt,1,0.000073,2,SMALL,DOUBLE
exo,naive,mvt,2,0.000066,2,SMALL,DOUBLE
exo,naive,mvt,3,0.000073,2,SMALL,DOUBLE
exo,naive,mvt,4,0.000072,2,SMALL,DOUBLE
exo,naive,mvt,5,0.000068,2,SMALL,DOUBLE
exo,naive,nussinov,0.002868,1.003,valid,2,SMALL,DOUBLE
exo,naive,nussinov,1,0.002884,2,SMALL,DOUBLE
exo,naive,nussinov,2,0.002883,2,SMALL,DOUBLE
exo,naive,nussinov,3,0.002915,2,SMALL,DOUBLE
exo,naive,nussinov,4,0.002874,2,SMALL,DOUBLE
exo,naive,nussinov,5,0.002880,2,SMALL,DOUBLE
exo,naive,seidel-2d,,,compile_error,2,SMALL,DOUBLE
exo,naive,symm,0.000316,1.044,valid,2,SMALL,DOUBLE
exo,naive,symm,1,0.000315,2,SMALL,DOUBLE
exo,naive,symm,2,0.000305,2,SMALL,DOUBLE
exo,naive,symm,3,0.000306,2,SMALL,DOUBLE
exo,naive,symm,4,0.000302,2,SMALL,DOUBLE
exo,naive,symm,5,0.000315,2,SMALL,DOUBLE
exo,naive,syr2k,0.000046,5.283,valid,2,SMALL,DOUBLE
exo,naive,syr2k,1,0.000048,2,SMALL,DOUBLE
exo,naive,syr2k,2,0.000045,2,SMALL,DOUBLE
exo,naive,syr2k,3,0.000044,2,SMALL,DOUBLE
exo,naive,syr2k,4,0.000048,2,SMALL,DOUBLE
exo,naive,syr2k,5,0.000046,2,SMALL,DOUBLE
exo,naive,syrk,0.000046,2.500,valid,2,SMALL,DOUBLE
exo,naive,syrk,1,0.000042,2,SMALL,DOUBLE
exo,naive,syrk,2,0.000048,2,SMALL,DOUBLE
exo,naive,syrk,3,0.000040,2,SMALL,DOUBLE
exo,naive,syrk,4,0.000044,2,SMALL,DOUBLE
exo,naive,syrk,5,0.000048,2,SMALL,DOUBLE
exo,naive,trisolv,,,compile_error,2,SMALL,DOUBLE
exo,naive,trmm,0.000056,3.143,valid,2,SMALL,DOUBLE
exo,naive,trmm,1,0.000071,2,SMALL,DOUBLE
exo,naive,trmm,2,0.000057,2,SMALL,DOUBLE
exo,naive,trmm,3,0.000056,2,SMALL,DOUBLE
exo,naive,trmm,4,0.000056,2,SMALL,DOUBLE
exo,naive,trmm,5,0.000057,2,SMALL,DOUBLE
Generated C for 'gemm' in /home/kleplj/naive/optimization/naive/PolybenchC-Exo/build/generated/gemm
Built gemm executable.
Generated C for 'gesummv' in /home/kleplj/naive/optimization/naive/PolybenchC-Exo/build/generated/gesummv
Built gesummv executable.
Generated C for 'syr2k' in /home/kleplj/naive/optimization/naive/PolybenchC-Exo/build/generated/syr2k
Built syr2k executable.
Generated C for 'trmm' in /home/kleplj/naive/optimization/naive/PolybenchC-Exo/build/generated/trmm
Built trmm executable.
Generated C for '3mm' in /home/kleplj/naive/optimization/naive/PolybenchC-Exo/build/generated/3mm
Built 3mm executable.
Generated C for 'bicg' in /home/kleplj/naive/optimization/naive/PolybenchC-Exo/build/generated/bicg
Built bicg executable.
Generated C for 'doitgen' in /home/kleplj/naive/optimization/naive/PolybenchC-Exo/build/generated/doitgen
Built doitgen executable.
Generated C for 'mvt' in /home/kleplj/naive/optimization/naive/PolybenchC-Exo/build/generated/mvt
Built mvt executable.
Generated C for 'cholesky' in /home/kleplj/naive/optimization/naive/PolybenchC-Exo/build/generated/cholesky
Built cholesky executable.
Generated C for 'durbin' in /home/kleplj/naive/optimization/naive/PolybenchC-Exo/build/generated/durbin
Built durbin executable.
Generated C for 'gramschmidt' in /home/kleplj/naive/optimization/naive/PolybenchC-Exo/build/generated/gramschmidt
Built gramschmidt executable.
Generated C for 'lu' in /home/kleplj/naive/optimization/naive/PolybenchC-Exo/build/generated/lu
Built lu executable.
Generated C for 'ludcmp' in /home/kleplj/naive/optimization/naive/PolybenchC-Exo/build/generated/ludcmp
Built ludcmp executable.
Generated C for 'trisolv' in /home/kleplj/naive/optimization/naive/PolybenchC-Exo/build/generated/trisolv
Built trisolv executable.
Generated C for 'correlation' in /home/kleplj/naive/optimization/naive/PolybenchC-Exo/build/generated/correlation
Built correlation executable.
Generated C for 'covariance' in /home/kleplj/naive/optimization/naive/PolybenchC-Exo/build/generated/covariance
Built covariance executable.
Generated C for 'fdtd-2d' in /home/kleplj/naive/optimization/naive/PolybenchC-Exo/build/generated/fdtd-2d
Built fdtd-2d executable.
Generated C for 'heat-3d' in /home/kleplj/naive/optimization/naive/PolybenchC-Exo/build/generated/heat-3d
Built heat-3d executable.
Generated C for 'jacobi-2d' in /home/kleplj/naive/optimization/naive/PolybenchC-Exo/build/generated/jacobi-2d
Built jacobi-2d executable.
Generated C for 'seidel-2d' in /home/kleplj/naive/optimization/naive/PolybenchC-Exo/build/generated/seidel-2d
Built seidel-2d executable.
Generated C for 'floyd-warshall' in /home/kleplj/naive/optimization/naive/PolybenchC-Exo/build/generated/floyd-warshall
Built floyd-warshall executable.
Generated C for 'nussinov' in /home/kleplj/naive/optimization/naive/PolybenchC-Exo/build/generated/nussinov
Exo build complete. Generated sources in: /home/kleplj/naive/optimization/naive/PolybenchC-Exo/build
Removing temp dir /tmp/slurm.303971/tmp.gbDPk1T1ZN
exo,naive,2mm,,,compile_error,3,SMALL,DOUBLE
exo,naive,3mm,0.000382,2.060,valid,3,SMALL,DOUBLE
exo,naive,3mm,1,0.000374,3,SMALL,DOUBLE
exo,naive,3mm,2,0.000380,3,SMALL,DOUBLE
exo,naive,3mm,3,0.000365,3,SMALL,DOUBLE
exo,naive,3mm,4,0.000406,3,SMALL,DOUBLE
exo,naive,3mm,5,0.000401,3,SMALL,DOUBLE
exo,naive,adi,,,compile_error,3,SMALL,DOUBLE
exo,naive,atax,,,compile_error,3,SMALL,DOUBLE
exo,naive,bicg,0.000029,1.862,valid,3,SMALL,DOUBLE
exo,naive,bicg,1,0.000028,3,SMALL,DOUBLE
exo,naive,bicg,2,0.000040,3,SMALL,DOUBLE
exo,naive,bicg,3,0.000027,3,SMALL,DOUBLE
exo,naive,bicg,4,0.000037,3,SMALL,DOUBLE
exo,naive,bicg,5,0.000026,3,SMALL,DOUBLE
exo,naive,cholesky,0.000345,1.128,valid,3,SMALL,DOUBLE
exo,naive,cholesky,1,0.000362,3,SMALL,DOUBLE
exo,naive,cholesky,2,0.000360,3,SMALL,DOUBLE
exo,naive,cholesky,3,0.000358,3,SMALL,DOUBLE
exo,naive,cholesky,4,0.000345,3,SMALL,DOUBLE
exo,naive,cholesky,5,0.000346,3,SMALL,DOUBLE
exo,naive,correlation,0.000411,1.521,valid,3,SMALL,DOUBLE
exo,naive,correlation,1,0.000541,3,SMALL,DOUBLE
exo,naive,correlation,2,0.000550,3,SMALL,DOUBLE
exo,naive,correlation,3,0.000495,3,SMALL,DOUBLE
exo,naive,correlation,4,0.000187,3,SMALL,DOUBLE
exo,naive,correlation,5,0.000562,3,SMALL,DOUBLE
exo,naive,covariance,0.000203,3.044,valid,3,SMALL,DOUBLE
exo,naive,covariance,1,0.000210,3,SMALL,DOUBLE
exo,naive,covariance,2,0.000179,3,SMALL,DOUBLE
exo,naive,covariance,3,0.000190,3,SMALL,DOUBLE
exo,naive,covariance,4,0.000206,3,SMALL,DOUBLE
exo,naive,covariance,5,0.000218,3,SMALL,DOUBLE
exo,naive,deriche,,,compile_error,3,SMALL,DOUBLE
exo,naive,doitgen,0.000454,1.438,valid,3,SMALL,DOUBLE
exo,naive,doitgen,1,0.000463,3,SMALL,DOUBLE
exo,naive,doitgen,2,0.000365,3,SMALL,DOUBLE
exo,naive,doitgen,3,0.000447,3,SMALL,DOUBLE
exo,naive,doitgen,4,0.000460,3,SMALL,DOUBLE
exo,naive,doitgen,5,0.000446,3,SMALL,DOUBLE
exo,naive,durbin,0.000023,0.826,valid,3,SMALL,DOUBLE
exo,naive,durbin,1,0.000024,3,SMALL,DOUBLE
exo,naive,durbin,2,0.000022,3,SMALL,DOUBLE
exo,naive,durbin,3,0.000024,3,SMALL,DOUBLE
exo,naive,durbin,4,0.000023,3,SMALL,DOUBLE
exo,naive,durbin,5,0.000023,3,SMALL,DOUBLE
exo,naive,fdtd-2d,0.000540,0.594,valid,3,SMALL,DOUBLE
exo,naive,fdtd-2d,1,0.000546,3,SMALL,DOUBLE
exo,naive,fdtd-2d,2,0.000545,3,SMALL,DOUBLE
exo,naive,fdtd-2d,3,0.000531,3,SMALL,DOUBLE
exo,naive,fdtd-2d,4,0.000539,3,SMALL,DOUBLE
exo,naive,fdtd-2d,5,0.000536,3,SMALL,DOUBLE
exo,naive,floyd-warshall,0.006249,1.174,valid,3,SMALL,DOUBLE
exo,naive,floyd-warshall,1,0.006708,3,SMALL,DOUBLE
exo,naive,floyd-warshall,2,0.006295,3,SMALL,DOUBLE
exo,naive,floyd-warshall,3,0.006498,3,SMALL,DOUBLE
exo,naive,floyd-warshall,4,0.006645,3,SMALL,DOUBLE
exo,naive,floyd-warshall,5,0.006389,3,SMALL,DOUBLE
exo,naive,gemm,0.000801,0.130,valid,3,SMALL,DOUBLE
exo,naive,gemm,1,0.000788,3,SMALL,DOUBLE
exo,naive,gemm,2,0.000790,3,SMALL,DOUBLE
exo,naive,gemm,3,0.000779,3,SMALL,DOUBLE
exo,naive,gemm,4,0.000787,3,SMALL,DOUBLE
exo,naive,gemm,5,0.000790,3,SMALL,DOUBLE
exo,naive,gemver,,,compile_error,3,SMALL,DOUBLE
exo,naive,gesummv,0.000146,0.212,valid,3,SMALL,DOUBLE
exo,naive,gesummv,1,0.000160,3,SMALL,DOUBLE
exo,naive,gesummv,2,0.000122,3,SMALL,DOUBLE
exo,naive,gesummv,3,0.000139,3,SMALL,DOUBLE
exo,naive,gesummv,4,0.000151,3,SMALL,DOUBLE
exo,naive,gesummv,5,0.000153,3,SMALL,DOUBLE
exo,naive,gramschmidt,0.000227,,validity_error,3,SMALL,DOUBLE
exo,naive,heat-3d,0.002722,0.189,valid,3,SMALL,DOUBLE
exo,naive,heat-3d,1,0.002715,3,SMALL,DOUBLE
exo,naive,heat-3d,2,0.002711,3,SMALL,DOUBLE
exo,naive,heat-3d,3,0.002666,3,SMALL,DOUBLE
exo,naive,heat-3d,4,0.002644,3,SMALL,DOUBLE
exo,naive,heat-3d,5,0.002801,3,SMALL,DOUBLE
exo,naive,jacobi-1d,,,compile_error,3,SMALL,DOUBLE
exo,naive,jacobi-2d,0.003107,0.171,valid,3,SMALL,DOUBLE
exo,naive,jacobi-2d,1,0.002982,3,SMALL,DOUBLE
exo,naive,jacobi-2d,2,0.003091,3,SMALL,DOUBLE
exo,naive,jacobi-2d,3,0.003043,3,SMALL,DOUBLE
exo,naive,jacobi-2d,4,0.003060,3,SMALL,DOUBLE
exo,naive,jacobi-2d,5,0.003081,3,SMALL,DOUBLE
exo,naive,lu,0.000682,1.185,valid,3,SMALL,DOUBLE
exo,naive,lu,1,0.000672,3,SMALL,DOUBLE
exo,naive,lu,2,0.000685,3,SMALL,DOUBLE
exo,naive,lu,3,0.000690,3,SMALL,DOUBLE
exo,naive,lu,4,0.000672,3,SMALL,DOUBLE
exo,naive,lu,5,0.000685,3,SMALL,DOUBLE
exo,naive,ludcmp,0.000770,0.938,valid,3,SMALL,DOUBLE
exo,naive,ludcmp,1,0.000766,3,SMALL,DOUBLE
exo,naive,ludcmp,2,0.000770,3,SMALL,DOUBLE
exo,naive,ludcmp,3,0.000760,3,SMALL,DOUBLE
exo,naive,ludcmp,4,0.000763,3,SMALL,DOUBLE
exo,naive,ludcmp,5,0.000761,3,SMALL,DOUBLE
exo,naive,mvt,0.000027,1.593,valid,3,SMALL,DOUBLE
exo,naive,mvt,1,0.000030,3,SMALL,DOUBLE
exo,naive,mvt,2,0.000029,3,SMALL,DOUBLE
exo,naive,mvt,3,0.000027,3,SMALL,DOUBLE
exo,naive,mvt,4,0.000027,3,SMALL,DOUBLE
exo,naive,mvt,5,0.000026,3,SMALL,DOUBLE
exo,naive,nussinov,,,compile_error,3,SMALL,DOUBLE
exo,naive,seidel-2d,0.008945,0.823,valid,3,SMALL,DOUBLE
exo,naive,seidel-2d,1,0.008921,3,SMALL,DOUBLE
exo,naive,seidel-2d,2,0.008901,3,SMALL,DOUBLE
exo,naive,seidel-2d,3,0.008930,3,SMALL,DOUBLE
exo,naive,seidel-2d,4,0.008920,3,SMALL,DOUBLE
exo,naive,seidel-2d,5,0.008896,3,SMALL,DOUBLE
exo,naive,symm,,,compile_error,3,SMALL,DOUBLE
exo,naive,syr2k,0.000068,3.632,valid,3,SMALL,DOUBLE
exo,naive,syr2k,1,0.000097,3,SMALL,DOUBLE
exo,naive,syr2k,2,0.000080,3,SMALL,DOUBLE
exo,naive,syr2k,3,0.000069,3,SMALL,DOUBLE
exo,naive,syr2k,4,0.000069,3,SMALL,DOUBLE
exo,naive,syr2k,5,0.000078,3,SMALL,DOUBLE
exo,naive,syrk,,,compile_error,3,SMALL,DOUBLE
exo,naive,trisolv,0.000014,1.071,valid,3,SMALL,DOUBLE
exo,naive,trisolv,1,0.000015,3,SMALL,DOUBLE
exo,naive,trisolv,2,0.000014,3,SMALL,DOUBLE
exo,naive,trisolv,3,0.000013,3,SMALL,DOUBLE
exo,naive,trisolv,4,0.000013,3,SMALL,DOUBLE
exo,naive,trisolv,5,0.000014,3,SMALL,DOUBLE
exo,naive,trmm,0.000140,1.257,valid,3,SMALL,DOUBLE
exo,naive,trmm,1,0.000142,3,SMALL,DOUBLE
exo,naive,trmm,2,0.000140,3,SMALL,DOUBLE
exo,naive,trmm,3,0.000152,3,SMALL,DOUBLE
exo,naive,trmm,4,0.000140,3,SMALL,DOUBLE
exo,naive,trmm,5,0.000140,3,SMALL,DOUBLE
Generated C for 'gemm' in /home/kleplj/naive/optimization/naive/PolybenchC-Exo/build/generated/gemm
Built gemm executable.
Generated C for 'gesummv' in /home/kleplj/naive/optimization/naive/PolybenchC-Exo/build/generated/gesummv
Built gesummv executable.
Generated C for 'symm' in /home/kleplj/naive/optimization/naive/PolybenchC-Exo/build/generated/symm
Built symm executable.
Generated C for 'syr2k' in /home/kleplj/naive/optimization/naive/PolybenchC-Exo/build/generated/syr2k
Built syr2k executable.
Generated C for 'syrk' in /home/kleplj/naive/optimization/naive/PolybenchC-Exo/build/generated/syrk
Built syrk executable.
Generated C for 'trmm' in /home/kleplj/naive/optimization/naive/PolybenchC-Exo/build/generated/trmm
Built trmm executable.
Generated C for '3mm' in /home/kleplj/naive/optimization/naive/PolybenchC-Exo/build/generated/3mm
Built 3mm executable.
Generated C for 'atax' in /home/kleplj/naive/optimization/naive/PolybenchC-Exo/build/generated/atax
Built atax executable.
Generated C for 'bicg' in /home/kleplj/naive/optimization/naive/PolybenchC-Exo/build/generated/bicg
Built bicg executable.
Generated C for 'doitgen' in /home/kleplj/naive/optimization/naive/PolybenchC-Exo/build/generated/doitgen
Built doitgen executable.
Generated C for 'mvt' in /home/kleplj/naive/optimization/naive/PolybenchC-Exo/build/generated/mvt
Built mvt executable.
Generated C for 'cholesky' in /home/kleplj/naive/optimization/naive/PolybenchC-Exo/build/generated/cholesky
Built cholesky executable.
Generated C for 'durbin' in /home/kleplj/naive/optimization/naive/PolybenchC-Exo/build/generated/durbin
Built durbin executable.
Generated C for 'gramschmidt' in /home/kleplj/naive/optimization/naive/PolybenchC-Exo/build/generated/gramschmidt
Built gramschmidt executable.
Generated C for 'lu' in /home/kleplj/naive/optimization/naive/PolybenchC-Exo/build/generated/lu
Built lu executable.
Generated C for 'trisolv' in /home/kleplj/naive/optimization/naive/PolybenchC-Exo/build/generated/trisolv
Built trisolv executable.
Generated C for 'adi' in /home/kleplj/naive/optimization/naive/PolybenchC-Exo/build/generated/adi
Built adi executable.
Generated C for 'heat-3d' in /home/kleplj/naive/optimization/naive/PolybenchC-Exo/build/generated/heat-3d
Built heat-3d executable.
Generated C for 'seidel-2d' in /home/kleplj/naive/optimization/naive/PolybenchC-Exo/build/generated/seidel-2d
Built seidel-2d executable.
Exo build complete. Generated sources in: /home/kleplj/naive/optimization/naive/PolybenchC-Exo/build
Removing temp dir /tmp/slurm.303971/tmp.YRvM5pwa4e
exo,naive,2mm,,,compile_error,4,SMALL,DOUBLE
exo,naive,3mm,0.000274,2.891,valid,4,SMALL,DOUBLE
exo,naive,3mm,1,0.000290,4,SMALL,DOUBLE
exo,naive,3mm,2,0.000274,4,SMALL,DOUBLE
exo,naive,3mm,3,0.000272,4,SMALL,DOUBLE
exo,naive,3mm,4,0.000275,4,SMALL,DOUBLE
exo,naive,3mm,5,0.000273,4,SMALL,DOUBLE
exo,naive,adi,0.004078,0.682,valid,4,SMALL,DOUBLE
exo,naive,adi,1,0.004473,4,SMALL,DOUBLE
exo,naive,adi,2,0.004116,4,SMALL,DOUBLE
exo,naive,adi,3,0.004091,4,SMALL,DOUBLE
exo,naive,adi,4,0.004344,4,SMALL,DOUBLE
exo,naive,adi,5,0.004251,4,SMALL,DOUBLE
exo,naive,atax,0.000072,0.542,valid,4,SMALL,DOUBLE
exo,naive,atax,1,0.000071,4,SMALL,DOUBLE
exo,naive,atax,2,0.000084,4,SMALL,DOUBLE
exo,naive,atax,3,0.000070,4,SMALL,DOUBLE
exo,naive,atax,4,0.000070,4,SMALL,DOUBLE
exo,naive,atax,5,0.000073,4,SMALL,DOUBLE
exo,naive,bicg,0.000052,1.038,valid,4,SMALL,DOUBLE
exo,naive,bicg,1,0.000052,4,SMALL,DOUBLE
exo,naive,bicg,2,0.000058,4,SMALL,DOUBLE
exo,naive,bicg,3,0.000052,4,SMALL,DOUBLE
exo,naive,bicg,4,0.000062,4,SMALL,DOUBLE
exo,naive,bicg,5,0.000052,4,SMALL,DOUBLE
exo,naive,cholesky,0.000362,1.122,valid,4,SMALL,DOUBLE
exo,naive,cholesky,1,0.000347,4,SMALL,DOUBLE
exo,naive,cholesky,2,0.000347,4,SMALL,DOUBLE
exo,naive,cholesky,3,0.000361,4,SMALL,DOUBLE
exo,naive,cholesky,4,0.000359,4,SMALL,DOUBLE
exo,naive,cholesky,5,0.000346,4,SMALL,DOUBLE
exo,naive,correlation,,,compile_error,4,SMALL,DOUBLE
exo,naive,covariance,,,compile_error,4,SMALL,DOUBLE
exo,naive,deriche,,,compile_error,4,SMALL,DOUBLE
exo,naive,doitgen,0.000720,0.892,valid,4,SMALL,DOUBLE
exo,naive,doitgen,1,0.000716,4,SMALL,DOUBLE
exo,naive,doitgen,2,0.000718,4,SMALL,DOUBLE
exo,naive,doitgen,3,0.000722,4,SMALL,DOUBLE
exo,naive,doitgen,4,0.000709,4,SMALL,DOUBLE
exo,naive,doitgen,5,0.000721,4,SMALL,DOUBLE
exo,naive,durbin,0.000016,1.125,valid,4,SMALL,DOUBLE
exo,naive,durbin,1,0.000015,4,SMALL,DOUBLE
exo,naive,durbin,2,0.000016,4,SMALL,DOUBLE
exo,naive,durbin,3,0.000015,4,SMALL,DOUBLE
exo,naive,durbin,4,0.000016,4,SMALL,DOUBLE
exo,naive,durbin,5,0.000016,4,SMALL,DOUBLE
exo,naive,fdtd-2d,,,compile_error,4,SMALL,DOUBLE
exo,naive,floyd-warshall,,,compile_error,4,SMALL,DOUBLE
exo,naive,gemm,0.000392,0.268,valid,4,SMALL,DOUBLE
exo,naive,gemm,1,0.000398,4,SMALL,DOUBLE
exo,naive,gemm,2,0.000338,4,SMALL,DOUBLE
exo,naive,gemm,3,0.000389,4,SMALL,DOUBLE
exo,naive,gemm,4,0.000394,4,SMALL,DOUBLE
exo,naive,gemm,5,0.000384,4,SMALL,DOUBLE
exo,naive,gemver,,,compile_error,4,SMALL,DOUBLE
exo,naive,gesummv,0.000148,0.209,valid,4,SMALL,DOUBLE
exo,naive,gesummv,1,0.000152,4,SMALL,DOUBLE
exo,naive,gesummv,2,0.000137,4,SMALL,DOUBLE
exo,naive,gesummv,3,0.000136,4,SMALL,DOUBLE
exo,naive,gesummv,4,0.000153,4,SMALL,DOUBLE
exo,naive,gesummv,5,0.000141,4,SMALL,DOUBLE
exo,naive,gramschmidt,0.000481,,validity_error,4,SMALL,DOUBLE
exo,naive,heat-3d,0.002734,0.184,valid,4,SMALL,DOUBLE
exo,naive,heat-3d,1,0.002712,4,SMALL,DOUBLE
exo,naive,heat-3d,2,0.002644,4,SMALL,DOUBLE
exo,naive,heat-3d,3,0.002680,4,SMALL,DOUBLE
exo,naive,heat-3d,4,0.002782,4,SMALL,DOUBLE
exo,naive,heat-3d,5,0.002753,4,SMALL,DOUBLE
exo,naive,jacobi-1d,,,compile_error,4,SMALL,DOUBLE
exo,naive,jacobi-2d,,,compile_error,4,SMALL,DOUBLE
exo,naive,lu,0.004269,0.183,valid,4,SMALL,DOUBLE
exo,naive,lu,1,0.004292,4,SMALL,DOUBLE
exo,naive,lu,2,0.004426,4,SMALL,DOUBLE
exo,naive,lu,3,0.004345,4,SMALL,DOUBLE
exo,naive,lu,4,0.004426,4,SMALL,DOUBLE
exo,naive,lu,5,0.004360,4,SMALL,DOUBLE
exo,naive,ludcmp,,,compile_error,4,SMALL,DOUBLE
exo,naive,mvt,0.000067,0.627,valid,4,SMALL,DOUBLE
exo,naive,mvt,1,0.000057,4,SMALL,DOUBLE
exo,naive,mvt,2,0.000067,4,SMALL,DOUBLE
exo,naive,mvt,3,0.000051,4,SMALL,DOUBLE
exo,naive,mvt,4,0.000058,4,SMALL,DOUBLE
exo,naive,mvt,5,0.000054,4,SMALL,DOUBLE
exo,naive,nussinov,,,compile_error,4,SMALL,DOUBLE
exo,naive,seidel-2d,0.006083,,validity_error,4,SMALL,DOUBLE
exo,naive,symm,0.001752,0.161,valid,4,SMALL,DOUBLE
exo,naive,symm,1,0.001777,4,SMALL,DOUBLE
exo,naive,symm,2,0.001769,4,SMALL,DOUBLE
exo,naive,symm,3,0.001795,4,SMALL,DOUBLE
exo,naive,symm,4,0.001736,4,SMALL,DOUBLE
exo,naive,symm,5,0.001737,4,SMALL,DOUBLE
exo,naive,syr2k,0.000353,0.728,valid,4,SMALL,DOUBLE
exo,naive,syr2k,1,0.000354,4,SMALL,DOUBLE
exo,naive,syr2k,2,0.000363,4,SMALL,DOUBLE
exo,naive,syr2k,3,0.000355,4,SMALL,DOUBLE
exo,naive,syr2k,4,0.000369,4,SMALL,DOUBLE
exo,naive,syr2k,5,0.000352,4,SMALL,DOUBLE
exo,naive,syrk,0.000053,1.943,valid,4,SMALL,DOUBLE
exo,naive,syrk,1,0.000056,4,SMALL,DOUBLE
exo,naive,syrk,2,0.000064,4,SMALL,DOUBLE
exo,naive,syrk,3,0.000054,4,SMALL,DOUBLE
exo,naive,syrk,4,0.000056,4,SMALL,DOUBLE
exo,naive,syrk,5,0.000055,4,SMALL,DOUBLE
exo,naive,trisolv,0.000014,0.929,valid,4,SMALL,DOUBLE
exo,naive,trisolv,1,0.000013,4,SMALL,DOUBLE
exo,naive,trisolv,2,0.000013,4,SMALL,DOUBLE
exo,naive,trisolv,3,0.000013,4,SMALL,DOUBLE
exo,naive,trisolv,4,0.000013,4,SMALL,DOUBLE
exo,naive,trisolv,5,0.000014,4,SMALL,DOUBLE
exo,naive,trmm,0.042322,0.004,valid,4,SMALL,DOUBLE
exo,naive,trmm,1,0.042616,4,SMALL,DOUBLE
exo,naive,trmm,2,0.042215,4,SMALL,DOUBLE
exo,naive,trmm,3,0.042299,4,SMALL,DOUBLE
exo,naive,trmm,4,0.041910,4,SMALL,DOUBLE
exo,naive,trmm,5,0.043160,4,SMALL,DOUBLE
Generated C for 'gemver' in /home/kleplj/naive/optimization/naive/PolybenchC-Exo/build/generated/gemver
Built gemver executable.
Generated C for 'gesummv' in /home/kleplj/naive/optimization/naive/PolybenchC-Exo/build/generated/gesummv
Built gesummv executable.
Generated C for 'symm' in /home/kleplj/naive/optimization/naive/PolybenchC-Exo/build/generated/symm
Built symm executable.
Generated C for 'syr2k' in /home/kleplj/naive/optimization/naive/PolybenchC-Exo/build/generated/syr2k
Built syr2k executable.
Generated C for 'syrk' in /home/kleplj/naive/optimization/naive/PolybenchC-Exo/build/generated/syrk
Built syrk executable.
Generated C for 'trmm' in /home/kleplj/naive/optimization/naive/PolybenchC-Exo/build/generated/trmm
Built trmm executable.
Generated C for '2mm' in /home/kleplj/naive/optimization/naive/PolybenchC-Exo/build/generated/2mm
Built 2mm executable.
Generated C for '3mm' in /home/kleplj/naive/optimization/naive/PolybenchC-Exo/build/generated/3mm
Built 3mm executable.
Generated C for 'bicg' in /home/kleplj/naive/optimization/naive/PolybenchC-Exo/build/generated/bicg
Built bicg executable.
Generated C for 'doitgen' in /home/kleplj/naive/optimization/naive/PolybenchC-Exo/build/generated/doitgen
Built doitgen executable.
Generated C for 'mvt' in /home/kleplj/naive/optimization/naive/PolybenchC-Exo/build/generated/mvt
Generated C for 'cholesky' in /home/kleplj/naive/optimization/naive/PolybenchC-Exo/build/generated/cholesky
Built cholesky executable.
Generated C for 'gramschmidt' in /home/kleplj/naive/optimization/naive/PolybenchC-Exo/build/generated/gramschmidt
Built gramschmidt executable.
Generated C for 'lu' in /home/kleplj/naive/optimization/naive/PolybenchC-Exo/build/generated/lu
Built lu executable.
Generated C for 'ludcmp' in /home/kleplj/naive/optimization/naive/PolybenchC-Exo/build/generated/ludcmp
Built ludcmp executable.
Generated C for 'trisolv' in /home/kleplj/naive/optimization/naive/PolybenchC-Exo/build/generated/trisolv
Built trisolv executable.
Generated C for 'correlation' in /home/kleplj/naive/optimization/naive/PolybenchC-Exo/build/generated/correlation
Built correlation executable.
Generated C for 'covariance' in /home/kleplj/naive/optimization/naive/PolybenchC-Exo/build/generated/covariance
Built covariance executable.
Generated C for 'jacobi-1d' in /home/kleplj/naive/optimization/naive/PolybenchC-Exo/build/generated/jacobi-1d
Built jacobi-1d executable.
Generated C for 'seidel-2d' in /home/kleplj/naive/optimization/naive/PolybenchC-Exo/build/generated/seidel-2d
Generated C for 'deriche' in /home/kleplj/naive/optimization/naive/PolybenchC-Exo/build/generated/deriche
Built deriche executable.
Generated C for 'floyd-warshall' in /home/kleplj/naive/optimization/naive/PolybenchC-Exo/build/generated/floyd-warshall
Built floyd-warshall executable.
Generated C for 'nussinov' in /home/kleplj/naive/optimization/naive/PolybenchC-Exo/build/generated/nussinov
Exo build complete. Generated sources in: /home/kleplj/naive/optimization/naive/PolybenchC-Exo/build
Removing temp dir /tmp/slurm.303971/tmp.JVilobXn7S
exo,naive,2mm,0.000188,2.346,valid,5,SMALL,DOUBLE
exo,naive,2mm,1,0.000196,5,SMALL,DOUBLE
exo,naive,2mm,2,0.000197,5,SMALL,DOUBLE
exo,naive,2mm,3,0.000199,5,SMALL,DOUBLE
exo,naive,2mm,4,0.000189,5,SMALL,DOUBLE
exo,naive,2mm,5,0.000197,5,SMALL,DOUBLE
exo,naive,3mm,0.000383,2.112,valid,5,SMALL,DOUBLE
exo,naive,3mm,1,0.000379,5,SMALL,DOUBLE
exo,naive,3mm,2,0.000368,5,SMALL,DOUBLE
exo,naive,3mm,3,0.000381,5,SMALL,DOUBLE
exo,naive,3mm,4,0.000401,5,SMALL,DOUBLE
exo,naive,3mm,5,0.000423,5,SMALL,DOUBLE
exo,naive,adi,,,compile_error,5,SMALL,DOUBLE
exo,naive,atax,,,compile_error,5,SMALL,DOUBLE
exo,naive,bicg,0.000054,0.981,valid,5,SMALL,DOUBLE
exo,naive,bicg,1,0.000058,5,SMALL,DOUBLE
exo,naive,bicg,2,0.000056,5,SMALL,DOUBLE
exo,naive,bicg,3,0.000055,5,SMALL,DOUBLE
exo,naive,bicg,4,0.000053,5,SMALL,DOUBLE
exo,naive,bicg,5,0.000053,5,SMALL,DOUBLE
exo,naive,cholesky,0.001126,0.345,valid,5,SMALL,DOUBLE
exo,naive,cholesky,1,0.001124,5,SMALL,DOUBLE
exo,naive,cholesky,2,0.001128,5,SMALL,DOUBLE
exo,naive,cholesky,3,0.001125,5,SMALL,DOUBLE
exo,naive,cholesky,4,0.001130,5,SMALL,DOUBLE
exo,naive,cholesky,5,0.001129,5,SMALL,DOUBLE
exo,naive,correlation,0.000416,1.486,valid,5,SMALL,DOUBLE
exo,naive,correlation,1,0.000992,5,SMALL,DOUBLE
exo,naive,correlation,2,0.000392,5,SMALL,DOUBLE
exo,naive,correlation,3,0.000380,5,SMALL,DOUBLE
exo,naive,correlation,4,0.000363,5,SMALL,DOUBLE
exo,naive,correlation,5,0.000400,5,SMALL,DOUBLE
exo,naive,covariance,0.000198,3.182,valid,5,SMALL,DOUBLE
exo,naive,covariance,1,0.000179,5,SMALL,DOUBLE
exo,naive,covariance,2,0.000218,5,SMALL,DOUBLE
exo,naive,covariance,3,0.000169,5,SMALL,DOUBLE
exo,naive,covariance,4,0.000201,5,SMALL,DOUBLE
exo,naive,covariance,5,0.000206,5,SMALL,DOUBLE
exo,naive,deriche,0.000720,1.139,valid,5,SMALL,DOUBLE
exo,naive,deriche,1,0.000820,5,SMALL,DOUBLE
exo,naive,deriche,2,0.000818,5,SMALL,DOUBLE
exo,naive,deriche,3,0.000841,5,SMALL,DOUBLE
exo,naive,deriche,4,0.000825,5,SMALL,DOUBLE
exo,naive,deriche,5,0.000809,5,SMALL,DOUBLE
exo,naive,doitgen,0.000224,2.879,valid,5,SMALL,DOUBLE
exo,naive,doitgen,1,0.000240,5,SMALL,DOUBLE
exo,naive,doitgen,2,0.000223,5,SMALL,DOUBLE
exo,naive,doitgen,3,0.000223,5,SMALL,DOUBLE
exo,naive,doitgen,4,0.000222,5,SMALL,DOUBLE
exo,naive,doitgen,5,0.000224,5,SMALL,DOUBLE
exo,naive,durbin,,,compile_error,5,SMALL,DOUBLE
exo,naive,fdtd-2d,,,compile_error,5,SMALL,DOUBLE
exo,naive,floyd-warshall,0.006315,1.137,valid,5,SMALL,DOUBLE
exo,naive,floyd-warshall,1,0.006577,5,SMALL,DOUBLE
exo,naive,floyd-warshall,2,0.006272,5,SMALL,DOUBLE
exo,naive,floyd-warshall,3,0.006428,5,SMALL,DOUBLE
exo,naive,floyd-warshall,4,0.006413,5,SMALL,DOUBLE
exo,naive,floyd-warshall,5,0.006385,5,SMALL,DOUBLE
exo,naive,gemm,,,compile_error,5,SMALL,DOUBLE
exo,naive,gemver,0.000112,0.598,valid,5,SMALL,DOUBLE
exo,naive,gemver,1,0.000118,5,SMALL,DOUBLE
exo,naive,gemver,2,0.000126,5,SMALL,DOUBLE
exo,naive,gemver,3,0.000143,5,SMALL,DOUBLE
exo,naive,gemver,4,0.000116,5,SMALL,DOUBLE
exo,naive,gemver,5,0.000116,5,SMALL,DOUBLE
exo,naive,gesummv,0.000033,0.939,valid,5,SMALL,DOUBLE
exo,naive,gesummv,1,0.000033,5,SMALL,DOUBLE
exo,naive,gesummv,2,0.000032,5,SMALL,DOUBLE
exo,naive,gesummv,3,0.000031,5,SMALL,DOUBLE
exo,naive,gesummv,4,0.000031,5,SMALL,DOUBLE
exo,naive,gesummv,5,0.000031,5,SMALL,DOUBLE
exo,naive,gramschmidt,0.000470,,validity_error,5,SMALL,DOUBLE
exo,naive,heat-3d,,,compile_error,5,SMALL,DOUBLE
exo,naive,jacobi-1d,0.002090,0.002,valid,5,SMALL,DOUBLE
exo,naive,jacobi-1d,1,0.002055,5,SMALL,DOUBLE
exo,naive,jacobi-1d,2,0.002044,5,SMALL,DOUBLE
exo,naive,jacobi-1d,3,0.002064,5,SMALL,DOUBLE
exo,naive,jacobi-1d,4,0.002129,5,SMALL,DOUBLE
exo,naive,jacobi-1d,5,0.002051,5,SMALL,DOUBLE
exo,naive,jacobi-2d,,,compile_error,5,SMALL,DOUBLE
exo,naive,lu,0.000650,1.231,valid,5,SMALL,DOUBLE
exo,naive,lu,1,0.000657,5,SMALL,DOUBLE
exo,naive,lu,2,0.000654,5,SMALL,DOUBLE
exo,naive,lu,3,0.000663,5,SMALL,DOUBLE
exo,naive,lu,4,0.000656,5,SMALL,DOUBLE
exo,naive,lu,5,0.000657,5,SMALL,DOUBLE
exo,naive,ludcmp,0.000799,0.921,valid,5,SMALL,DOUBLE
exo,naive,ludcmp,1,0.000801,5,SMALL,DOUBLE
exo,naive,ludcmp,2,0.000797,5,SMALL,DOUBLE
exo,naive,ludcmp,3,0.000827,5,SMALL,DOUBLE
exo,naive,ludcmp,4,0.000800,5,SMALL,DOUBLE
exo,naive,ludcmp,5,0.000798,5,SMALL,DOUBLE
exo,naive,mvt,,,compile_error,5,SMALL,DOUBLE
exo,naive,nussinov,,,compile_error,5,SMALL,DOUBLE
exo,naive,seidel-2d,,,compile_error,5,SMALL,DOUBLE
exo,naive,symm,0.001742,0.157,valid,5,SMALL,DOUBLE
exo,naive,symm,1,0.001721,5,SMALL,DOUBLE
exo,naive,symm,2,0.001706,5,SMALL,DOUBLE
exo,naive,symm,3,0.001695,5,SMALL,DOUBLE
exo,naive,symm,4,0.001699,5,SMALL,DOUBLE
exo,naive,symm,5,0.001696,5,SMALL,DOUBLE
exo,naive,syr2k,0.000065,3.969,valid,5,SMALL,DOUBLE
exo,naive,syr2k,1,0.000068,5,SMALL,DOUBLE
exo,naive,syr2k,2,0.000062,5,SMALL,DOUBLE
exo,naive,syr2k,3,0.000064,5,SMALL,DOUBLE
exo,naive,syr2k,4,0.000070,5,SMALL,DOUBLE
exo,naive,syr2k,5,0.000064,5,SMALL,DOUBLE
exo,naive,syrk,0.000205,0.561,valid,5,SMALL,DOUBLE
exo,naive,syrk,1,0.000192,5,SMALL,DOUBLE
exo,naive,syrk,2,0.000186,5,SMALL,DOUBLE
exo,naive,syrk,3,0.000209,5,SMALL,DOUBLE
exo,naive,syrk,4,0.000186,5,SMALL,DOUBLE
exo,naive,syrk,5,0.000195,5,SMALL,DOUBLE
exo,naive,trisolv,0.000014,0.929,valid,5,SMALL,DOUBLE
exo,naive,trisolv,1,0.000017,5,SMALL,DOUBLE
exo,naive,trisolv,2,0.000014,5,SMALL,DOUBLE
exo,naive,trisolv,3,0.000014,5,SMALL,DOUBLE
exo,naive,trisolv,4,0.000014,5,SMALL,DOUBLE
exo,naive,trisolv,5,0.000013,5,SMALL,DOUBLE
exo,naive,trmm,0.001488,0.118,valid,5,SMALL,DOUBLE
exo,naive,trmm,1,0.001504,5,SMALL,DOUBLE
exo,naive,trmm,2,0.001508,5,SMALL,DOUBLE
exo,naive,trmm,3,0.001539,5,SMALL,DOUBLE
exo,naive,trmm,4,0.001481,5,SMALL,DOUBLE
exo,naive,trmm,5,0.001482,5,SMALL,DOUBLE
-- The C compiler identification is GNU 15.2.0
-- Detecting C compiler ABI info
-- Detecting C compiler ABI info - done
-- Check for working C compiler: /usr/local/latestgcc/bin/gcc - skipped
-- Detecting C compile features
-- Detecting C compile features - done
-- Configuring done (0.4s)
-- Generating done (0.8s)
-- Build files have been written to: /home/kleplj/naive/optimization/naive/PolybenchC-4.2.1/build
[  4%] Building C object CMakeFiles/correlation.dir/datamining/correlation/correlation.c.o
[  5%] Building C object CMakeFiles/covariance.dir/datamining/covariance/covariance.c.o
[  5%] Building C object CMakeFiles/covariance.dir/utilities/polybench.c.o
[ 10%] Building C object CMakeFiles/correlation.dir/utilities/polybench.c.o
[ 10%] Building C object CMakeFiles/cholesky.dir/linear-algebra/solvers/cholesky/cholesky.c.o
[ 10%] Building C object CMakeFiles/lu.dir/linear-algebra/solvers/lu/lu.c.o
[ 15%] Building C object CMakeFiles/gramschmidt.dir/linear-algebra/solvers/gramschmidt/gramschmidt.c.o
[ 15%] Building C object CMakeFiles/lu.dir/utilities/polybench.c.o
[ 15%] Building C object CMakeFiles/cholesky.dir/utilities/polybench.c.o
[ 15%] Building C object CMakeFiles/durbin.dir/utilities/polybench.c.o
[ 15%] Building C object CMakeFiles/durbin.dir/linear-algebra/solvers/durbin/durbin.c.o
[ 38%] Building C object CMakeFiles/syrk.dir/linear-algebra/blas/syrk/syrk.c.o
[ 38%] Building C object CMakeFiles/ludcmp.dir/linear-algebra/solvers/ludcmp/ludcmp.c.o
[ 66%] Building C object CMakeFiles/gemver.dir/linear-algebra/blas/gemver/gemver.c.o
[ 66%] Building C object CMakeFiles/syr2k.dir/utilities/polybench.c.o
[ 66%] Building C object CMakeFiles/ludcmp.dir/utilities/polybench.c.o
[ 66%] Building C object CMakeFiles/syrk.dir/utilities/polybench.c.o
[ 66%] Building C object CMakeFiles/nussinov.dir/medley/nussinov/nussinov.c.o
[ 66%] Building C object CMakeFiles/symm.dir/utilities/polybench.c.o
[ 66%] Building C object CMakeFiles/trisolv.dir/linear-algebra/solvers/trisolv/trisolv.c.o
[ 66%] Building C object CMakeFiles/symm.dir/linear-algebra/blas/symm/symm.c.o
[ 66%] Building C object CMakeFiles/doitgen.dir/linear-algebra/kernels/doitgen/doitgen.c.o
[ 66%] Building C object CMakeFiles/2mm.dir/utilities/polybench.c.o
[ 66%] Building C object CMakeFiles/nussinov.dir/utilities/polybench.c.o
[ 66%] Building C object CMakeFiles/3mm.dir/linear-algebra/kernels/3mm/3mm.c.o
[ 66%] Building C object CMakeFiles/floyd-warshall.dir/utilities/polybench.c.o
[ 66%] Building C object CMakeFiles/fdtd-2d.dir/stencils/fdtd-2d/fdtd-2d.c.o
[ 66%] Building C object CMakeFiles/jacobi-2d.dir/stencils/jacobi-2d/jacobi-2d.c.o
[ 66%] Building C object CMakeFiles/deriche.dir/medley/deriche/deriche.c.o
[ 66%] Building C object CMakeFiles/floyd-warshall.dir/medley/floyd-warshall/floyd-warshall.c.o
[ 66%] Building C object CMakeFiles/gesummv.dir/utilities/polybench.c.o
[ 66%] Building C object CMakeFiles/trmm.dir/utilities/polybench.c.o
[ 66%] Building C object CMakeFiles/bicg.dir/linear-algebra/kernels/bicg/bicg.c.o
[ 66%] Building C object CMakeFiles/atax.dir/linear-algebra/kernels/atax/atax.c.o
[ 66%] Building C object CMakeFiles/jacobi-1d.dir/stencils/jacobi-1d/jacobi-1d.c.o
[ 66%] Building C object CMakeFiles/2mm.dir/linear-algebra/kernels/2mm/2mm.c.o
[ 66%] Building C object CMakeFiles/jacobi-1d.dir/utilities/polybench.c.o
[ 66%] Building C object CMakeFiles/adi.dir/stencils/adi/adi.c.o
[ 66%] Building C object CMakeFiles/deriche.dir/utilities/polybench.c.o
[ 66%] Building C object CMakeFiles/jacobi-2d.dir/utilities/polybench.c.o
[ 66%] Building C object CMakeFiles/syr2k.dir/linear-algebra/blas/syr2k/syr2k.c.o
[ 66%] Building C object CMakeFiles/gesummv.dir/linear-algebra/blas/gesummv/gesummv.c.o
[ 66%] Building C object CMakeFiles/mvt.dir/linear-algebra/kernels/mvt/mvt.c.o
[ 66%] Building C object CMakeFiles/bicg.dir/utilities/polybench.c.o
[ 66%] Building C object CMakeFiles/trmm.dir/linear-algebra/blas/trmm/trmm.c.o
[ 66%] Building C object CMakeFiles/fdtd-2d.dir/utilities/polybench.c.o
[ 66%] Building C object CMakeFiles/gemm.dir/linear-algebra/blas/gemm/gemm.c.o
[ 66%] Building C object CMakeFiles/trisolv.dir/utilities/polybench.c.o
[ 66%] Building C object CMakeFiles/3mm.dir/utilities/polybench.c.o
[ 66%] Building C object CMakeFiles/doitgen.dir/utilities/polybench.c.o
[ 66%] Building C object CMakeFiles/seidel-2d.dir/utilities/polybench.c.o
[ 66%] Building C object CMakeFiles/heat-3d.dir/utilities/polybench.c.o
[ 66%] Building C object CMakeFiles/heat-3d.dir/stencils/heat-3d/heat-3d.c.o
[ 66%] Building C object CMakeFiles/atax.dir/utilities/polybench.c.o
[ 66%] Building C object CMakeFiles/gemm.dir/utilities/polybench.c.o
[ 66%] Building C object CMakeFiles/gramschmidt.dir/utilities/polybench.c.o
[ 66%] Building C object CMakeFiles/mvt.dir/utilities/polybench.c.o
[ 66%] Building C object CMakeFiles/seidel-2d.dir/stencils/seidel-2d/seidel-2d.c.o
[ 66%] Building C object CMakeFiles/gemver.dir/utilities/polybench.c.o
[ 66%] Building C object CMakeFiles/adi.dir/utilities/polybench.c.o
[ 67%] Linking C executable covariance
[ 68%] Linking C executable syrk
[ 70%] Linking C executable nussinov
[ 71%] Linking C executable adi
[ 72%] Linking C executable atax
[ 73%] Linking C executable durbin
[ 73%] Built target covariance
[ 75%] Linking C executable cholesky
[ 75%] Linking C executable mvt
[ 76%] Linking C executable correlation
[ 77%] Linking C executable floyd-warshall
[ 78%] Linking C executable trisolv
[ 80%] Linking C executable bicg
[ 81%] Linking C executable trmm
[ 84%] Linking C executable doitgen
[ 84%] Linking C executable gesummv
[ 84%] Built target syrk
[ 84%] Linking C executable syr2k
[ 86%] Linking C executable jacobi-2d
[ 86%] Linking C executable gemver
[ 86%] Built target nussinov
[ 88%] Linking C executable lu
[ 88%] Linking C executable deriche
[ 88%] Built target adi
[ 88%] Built target atax
[ 90%] Linking C executable 3mm
[ 90%] Built target durbin
[ 90%] Built target mvt
[ 90%] Built target cholesky
[ 92%] Linking C executable fdtd-2d
[ 92%] Linking C executable symm
[ 92%] Built target correlation
[ 92%] Built target floyd-warshall
[ 92%] Built target trisolv
[ 92%] Built target bicg
[ 92%] Built target trmm
[ 92%] Built target doitgen
[ 92%] Built target syr2k
[ 92%] Built target gesummv
[ 92%] Built target gemver
[ 92%] Built target jacobi-2d
[ 92%] Built target lu
[ 92%] Built target deriche
[ 92%] Built target 3mm
[ 92%] Built target fdtd-2d
[ 92%] Built target symm
[ 93%] Linking C executable gramschmidt
[ 94%] Linking C executable heat-3d
[ 94%] Built target gramschmidt
[ 94%] Built target heat-3d
[ 95%] Linking C executable gemm
[ 96%] Built target gemm
[ 96%] Linking C executable 2mm
[ 96%] Built target 2mm
Skipping c naive 2mm repetition 1 for dataset size SMALL, data type DOUBLE (already done).
Skipping c naive 2mm repetition 1 for dataset size SMALL, data type DOUBLE (already done).
Skipping c naive 3mm repetition 1 for dataset size SMALL, data type DOUBLE (already done).
Skipping c naive 3mm repetition 1 for dataset size SMALL, data type DOUBLE (already done).
Skipping c naive adi repetition 1 for dataset size SMALL, data type DOUBLE (already done).
Skipping c naive adi repetition 1 for dataset size SMALL, data type DOUBLE (already done).
Skipping c naive atax repetition 1 for dataset size SMALL, data type DOUBLE (already done).
Skipping c naive atax repetition 1 for dataset size SMALL, data type DOUBLE (already done).
Skipping c naive bicg repetition 1 for dataset size SMALL, data type DOUBLE (already done).
Skipping c naive bicg repetition 1 for dataset size SMALL, data type DOUBLE (already done).
Skipping c naive cholesky repetition 1 for dataset size SMALL, data type DOUBLE (already done).
Skipping c naive cholesky repetition 1 for dataset size SMALL, data type DOUBLE (already done).
Skipping c naive correlation repetition 1 for dataset size SMALL, data type DOUBLE (already done).
Skipping c naive correlation repetition 1 for dataset size SMALL, data type DOUBLE (already done).
Skipping c naive covariance repetition 1 for dataset size SMALL, data type DOUBLE (already done).
Skipping c naive covariance repetition 1 for dataset size SMALL, data type DOUBLE (already done).
Skipping c naive deriche repetition 1 for dataset size SMALL, data type DOUBLE (already done).
Skipping c naive deriche repetition 1 for dataset size SMALL, data type DOUBLE (already done).
Skipping c naive doitgen repetition 1 for dataset size SMALL, data type DOUBLE (already done).
Skipping c naive doitgen repetition 1 for dataset size SMALL, data type DOUBLE (already done).
Skipping c naive durbin repetition 1 for dataset size SMALL, data type DOUBLE (already done).
Skipping c naive durbin repetition 1 for dataset size SMALL, data type DOUBLE (already done).
Skipping c naive fdtd-2d repetition 1 for dataset size SMALL, data type DOUBLE (already done).
Skipping c naive fdtd-2d repetition 1 for dataset size SMALL, data type DOUBLE (already done).
Skipping c naive floyd-warshall repetition 1 for dataset size SMALL, data type DOUBLE (already done).
Skipping c naive floyd-warshall repetition 1 for dataset size SMALL, data type DOUBLE (already done).
Skipping c naive gemm repetition 1 for dataset size SMALL, data type DOUBLE (already done).
Skipping c naive gemm repetition 1 for dataset size SMALL, data type DOUBLE (already done).
Skipping c naive gemver repetition 1 for dataset size SMALL, data type DOUBLE (already done).
Skipping c naive gemver repetition 1 for dataset size SMALL, data type DOUBLE (already done).
Skipping c naive gesummv repetition 1 for dataset size SMALL, data type DOUBLE (already done).
Skipping c naive gesummv repetition 1 for dataset size SMALL, data type DOUBLE (already done).
Skipping c naive gramschmidt repetition 1 for dataset size SMALL, data type DOUBLE (already done).
Skipping c naive gramschmidt repetition 1 for dataset size SMALL, data type DOUBLE (already done).
Skipping c naive heat-3d repetition 1 for dataset size SMALL, data type DOUBLE (already done).
Skipping c naive heat-3d repetition 1 for dataset size SMALL, data type DOUBLE (already done).
Skipping c naive jacobi-2d repetition 1 for dataset size SMALL, data type DOUBLE (already done).
Skipping c naive jacobi-2d repetition 1 for dataset size SMALL, data type DOUBLE (already done).
Skipping c naive lu repetition 1 for dataset size SMALL, data type DOUBLE (already done).
Skipping c naive lu repetition 1 for dataset size SMALL, data type DOUBLE (already done).
Skipping c naive mvt repetition 1 for dataset size SMALL, data type DOUBLE (already done).
Skipping c naive mvt repetition 1 for dataset size SMALL, data type DOUBLE (already done).
Skipping c naive nussinov repetition 1 for dataset size SMALL, data type DOUBLE (already done).
Skipping c naive nussinov repetition 1 for dataset size SMALL, data type DOUBLE (already done).
Skipping c naive symm repetition 1 for dataset size SMALL, data type DOUBLE (already done).
Skipping c naive symm repetition 1 for dataset size SMALL, data type DOUBLE (already done).
Skipping c naive syr2k repetition 1 for dataset size SMALL, data type DOUBLE (already done).
Skipping c naive syr2k repetition 1 for dataset size SMALL, data type DOUBLE (already done).
Skipping c naive syrk repetition 1 for dataset size SMALL, data type DOUBLE (already done).
Skipping c naive syrk repetition 1 for dataset size SMALL, data type DOUBLE (already done).
Skipping c naive trisolv repetition 1 for dataset size SMALL, data type DOUBLE (already done).
Skipping c naive trisolv repetition 1 for dataset size SMALL, data type DOUBLE (already done).
Skipping c naive trmm repetition 1 for dataset size SMALL, data type DOUBLE (already done).
Skipping c naive trmm repetition 1 for dataset size SMALL, data type DOUBLE (already done).
-- The C compiler identification is GNU 15.2.0
-- Detecting C compiler ABI info
-- Detecting C compiler ABI info - done
-- Check for working C compiler: /usr/local/latestgcc/bin/gcc - skipped
-- Detecting C compile features
-- Detecting C compile features - done
-- Configuring done (0.4s)
-- Generating done (0.8s)
-- Build files have been written to: /home/kleplj/naive/optimization/naive/PolybenchC-4.2.1/build
[ 10%] Building C object CMakeFiles/lu.dir/linear-algebra/solvers/lu/lu.c.o
[ 10%] Building C object CMakeFiles/correlation.dir/datamining/correlation/correlation.c.o
[ 10%] Building C object CMakeFiles/covariance.dir/utilities/polybench.c.o
[ 10%] Building C object CMakeFiles/gramschmidt.dir/linear-algebra/solvers/gramschmidt/gramschmidt.c.o
[ 10%] Building C object CMakeFiles/covariance.dir/datamining/covariance/covariance.c.o
[ 10%] Building C object CMakeFiles/lu.dir/utilities/polybench.c.o
[ 18%] Building C object CMakeFiles/cholesky.dir/linear-algebra/solvers/cholesky/cholesky.c.o
[ 54%] Building C object CMakeFiles/trisolv.dir/utilities/polybench.c.o
[ 54%] Building C object CMakeFiles/ludcmp.dir/linear-algebra/solvers/ludcmp/ludcmp.c.o
[ 54%] Building C object CMakeFiles/durbin.dir/linear-algebra/solvers/durbin/durbin.c.o
[ 54%] Building C object CMakeFiles/syr2k.dir/linear-algebra/blas/syr2k/syr2k.c.o
[ 54%] Building C object CMakeFiles/correlation.dir/utilities/polybench.c.o
[ 54%] Building C object CMakeFiles/gramschmidt.dir/utilities/polybench.c.o
[ 54%] Building C object CMakeFiles/durbin.dir/utilities/polybench.c.o
[ 54%] Building C object CMakeFiles/cholesky.dir/utilities/polybench.c.o
[ 54%] Building C object CMakeFiles/trisolv.dir/linear-algebra/solvers/trisolv/trisolv.c.o
[ 66%] Building C object CMakeFiles/ludcmp.dir/utilities/polybench.c.o
[ 66%] Building C object CMakeFiles/jacobi-2d.dir/stencils/jacobi-2d/jacobi-2d.c.o
[ 66%] Building C object CMakeFiles/syrk.dir/linear-algebra/blas/syrk/syrk.c.o
[ 66%] Building C object CMakeFiles/gemm.dir/utilities/polybench.c.o
[ 66%] Building C object CMakeFiles/floyd-warshall.dir/medley/floyd-warshall/floyd-warshall.c.o
[ 66%] Building C object CMakeFiles/2mm.dir/utilities/polybench.c.o
[ 66%] Building C object CMakeFiles/jacobi-1d.dir/utilities/polybench.c.o
[ 66%] Building C object CMakeFiles/mvt.dir/utilities/polybench.c.o
[ 66%] Building C object CMakeFiles/floyd-warshall.dir/utilities/polybench.c.o
[ 66%] Building C object CMakeFiles/3mm.dir/linear-algebra/kernels/3mm/3mm.c.o
[ 66%] Building C object CMakeFiles/seidel-2d.dir/utilities/polybench.c.o
[ 66%] Building C object CMakeFiles/symm.dir/utilities/polybench.c.o
[ 66%] Building C object CMakeFiles/gemm.dir/linear-algebra/blas/gemm/gemm.c.o
[ 66%] Building C object CMakeFiles/doitgen.dir/linear-algebra/kernels/doitgen/doitgen.c.o
[ 66%] Building C object CMakeFiles/bicg.dir/utilities/polybench.c.o
[ 66%] Building C object CMakeFiles/mvt.dir/linear-algebra/kernels/mvt/mvt.c.o
[ 66%] Building C object CMakeFiles/fdtd-2d.dir/utilities/polybench.c.o
[ 66%] Building C object CMakeFiles/doitgen.dir/utilities/polybench.c.o
[ 66%] Building C object CMakeFiles/nussinov.dir/utilities/polybench.c.o
[ 66%] Building C object CMakeFiles/trmm.dir/utilities/polybench.c.o
[ 66%] Building C object CMakeFiles/2mm.dir/linear-algebra/kernels/2mm/2mm.c.o
[ 66%] Building C object CMakeFiles/jacobi-2d.dir/utilities/polybench.c.o
[ 66%] Building C object CMakeFiles/bicg.dir/linear-algebra/kernels/bicg/bicg.c.o
[ 66%] Building C object CMakeFiles/syr2k.dir/utilities/polybench.c.o
[ 66%] Building C object CMakeFiles/gesummv.dir/utilities/polybench.c.o
[ 66%] Building C object CMakeFiles/nussinov.dir/medley/nussinov/nussinov.c.o
[ 66%] Building C object CMakeFiles/3mm.dir/utilities/polybench.c.o
[ 66%] Building C object CMakeFiles/trmm.dir/linear-algebra/blas/trmm/trmm.c.o
[ 66%] Building C object CMakeFiles/deriche.dir/utilities/polybench.c.o
[ 66%] Building C object CMakeFiles/jacobi-1d.dir/stencils/jacobi-1d/jacobi-1d.c.o
[ 66%] Building C object CMakeFiles/symm.dir/linear-algebra/blas/symm/symm.c.o
[ 66%] Building C object CMakeFiles/gemver.dir/utilities/polybench.c.o
[ 66%] Building C object CMakeFiles/atax.dir/linear-algebra/kernels/atax/atax.c.o
[ 66%] Building C object CMakeFiles/deriche.dir/medley/deriche/deriche.c.o
[ 66%] Building C object CMakeFiles/heat-3d.dir/utilities/polybench.c.o
[ 66%] Building C object CMakeFiles/atax.dir/utilities/polybench.c.o
[ 66%] Building C object CMakeFiles/gemver.dir/linear-algebra/blas/gemver/gemver.c.o
[ 66%] Building C object CMakeFiles/heat-3d.dir/stencils/heat-3d/heat-3d.c.o
[ 66%] Building C object CMakeFiles/adi.dir/utilities/polybench.c.o
[ 66%] Building C object CMakeFiles/syrk.dir/utilities/polybench.c.o
[ 66%] Building C object CMakeFiles/gesummv.dir/linear-algebra/blas/gesummv/gesummv.c.o
[ 66%] Building C object CMakeFiles/fdtd-2d.dir/stencils/fdtd-2d/fdtd-2d.c.o
[ 66%] Building C object CMakeFiles/seidel-2d.dir/stencils/seidel-2d/seidel-2d.c.o
[ 66%] Building C object CMakeFiles/adi.dir/stencils/adi/adi.c.o
[ 67%] Linking C executable covariance
[ 68%] Linking C executable lu
[ 70%] Linking C executable durbin
[ 71%] Linking C executable seidel-2d
[ 72%] Linking C executable heat-3d
[ 74%] Linking C executable gesummv
[ 74%] Linking C executable mvt
[ 77%] Linking C executable nussinov
[ 77%] Linking C executable jacobi-2d
[ 77%] Linking C executable bicg
[ 78%] Linking C executable floyd-warshall
[ 80%] Linking C executable correlation
[ 81%] Linking C executable deriche
[ 82%] Built target covariance
[ 82%] Linking C executable trisolv
[ 82%] Built target lu
[ 84%] Linking C executable trmm
[ 84%] Linking C executable atax
[ 85%] Built target durbin
[ 85%] Linking C executable adi
[ 86%] Linking C executable syr2k
[ 87%] Linking C executable jacobi-1d
[ 88%] Linking C executable gemver
[ 90%] Linking C executable syrk
[ 91%] Built target seidel-2d
[ 91%] Linking C executable fdtd-2d
[ 92%] Linking C executable gramschmidt
[ 93%] Built target heat-3d
[ 93%] Linking C executable 2mm
[ 94%] Linking C executable doitgen
[ 94%] Built target mvt
[ 94%] Built target gesummv
[ 94%] Built target jacobi-2d
[ 94%] Built target nussinov
[ 94%] Built target bicg
[ 94%] Built target floyd-warshall
[ 94%] Built target correlation
[ 94%] Built target deriche
[ 94%] Built target trisolv
[ 94%] Built target atax
[ 94%] Built target trmm
[ 94%] Built target adi
[ 94%] Built target syr2k
[ 94%] Built target jacobi-1d
[ 95%] Linking C executable cholesky
[ 95%] Built target gemver
[ 95%] Built target syrk
[ 95%] Built target fdtd-2d
[ 96%] Built target gramschmidt
[ 96%] Linking C executable ludcmp
[ 96%] Built target 2mm
[ 97%] Linking C executable symm
[ 97%] Built target doitgen
[ 98%] Linking C executable gemm
[ 98%] Built target cholesky
[ 98%] Built target ludcmp
[ 98%] Built target symm
[ 98%] Built target gemm
[100%] Linking C executable 3mm
[100%] Built target 3mm
Skipping c naive 2mm repetition 2 for dataset size SMALL, data type DOUBLE (already done).
Skipping c naive 2mm repetition 2 for dataset size SMALL, data type DOUBLE (already done).
Skipping c naive 3mm repetition 2 for dataset size SMALL, data type DOUBLE (already done).
Skipping c naive 3mm repetition 2 for dataset size SMALL, data type DOUBLE (already done).
Skipping c naive adi repetition 2 for dataset size SMALL, data type DOUBLE (already done).
Skipping c naive adi repetition 2 for dataset size SMALL, data type DOUBLE (already done).
Skipping c naive atax repetition 2 for dataset size SMALL, data type DOUBLE (already done).
Skipping c naive atax repetition 2 for dataset size SMALL, data type DOUBLE (already done).
Skipping c naive bicg repetition 2 for dataset size SMALL, data type DOUBLE (already done).
Skipping c naive bicg repetition 2 for dataset size SMALL, data type DOUBLE (already done).
Skipping c naive cholesky repetition 2 for dataset size SMALL, data type DOUBLE (already done).
Skipping c naive cholesky repetition 2 for dataset size SMALL, data type DOUBLE (already done).
Skipping c naive correlation repetition 2 for dataset size SMALL, data type DOUBLE (already done).
Skipping c naive correlation repetition 2 for dataset size SMALL, data type DOUBLE (already done).
Skipping c naive covariance repetition 2 for dataset size SMALL, data type DOUBLE (already done).
Skipping c naive covariance repetition 2 for dataset size SMALL, data type DOUBLE (already done).
Skipping c naive deriche repetition 2 for dataset size SMALL, data type DOUBLE (already done).
Skipping c naive deriche repetition 2 for dataset size SMALL, data type DOUBLE (already done).
Skipping c naive doitgen repetition 2 for dataset size SMALL, data type DOUBLE (already done).
Skipping c naive doitgen repetition 2 for dataset size SMALL, data type DOUBLE (already done).
Skipping c naive durbin repetition 2 for dataset size SMALL, data type DOUBLE (already done).
Skipping c naive durbin repetition 2 for dataset size SMALL, data type DOUBLE (already done).
Skipping c naive fdtd-2d repetition 2 for dataset size SMALL, data type DOUBLE (already done).
Skipping c naive fdtd-2d repetition 2 for dataset size SMALL, data type DOUBLE (already done).
Skipping c naive floyd-warshall repetition 2 for dataset size SMALL, data type DOUBLE (already done).
Skipping c naive floyd-warshall repetition 2 for dataset size SMALL, data type DOUBLE (already done).
Skipping c naive gemm repetition 2 for dataset size SMALL, data type DOUBLE (already done).
Skipping c naive gemm repetition 2 for dataset size SMALL, data type DOUBLE (already done).
Skipping c naive gemver repetition 2 for dataset size SMALL, data type DOUBLE (already done).
Skipping c naive gemver repetition 2 for dataset size SMALL, data type DOUBLE (already done).
Skipping c naive gesummv repetition 2 for dataset size SMALL, data type DOUBLE (already done).
Skipping c naive gesummv repetition 2 for dataset size SMALL, data type DOUBLE (already done).
Skipping c naive heat-3d repetition 2 for dataset size SMALL, data type DOUBLE (already done).
Skipping c naive heat-3d repetition 2 for dataset size SMALL, data type DOUBLE (already done).
Skipping c naive jacobi-1d repetition 2 for dataset size SMALL, data type DOUBLE (already done).
Skipping c naive jacobi-1d repetition 2 for dataset size SMALL, data type DOUBLE (already done).
Skipping c naive jacobi-2d repetition 2 for dataset size SMALL, data type DOUBLE (already done).
Skipping c naive jacobi-2d repetition 2 for dataset size SMALL, data type DOUBLE (already done).
Skipping c naive lu repetition 2 for dataset size SMALL, data type DOUBLE (already done).
Skipping c naive lu repetition 2 for dataset size SMALL, data type DOUBLE (already done).
Skipping c naive ludcmp repetition 2 for dataset size SMALL, data type DOUBLE (already done).
Skipping c naive ludcmp repetition 2 for dataset size SMALL, data type DOUBLE (already done).
Skipping c naive mvt repetition 2 for dataset size SMALL, data type DOUBLE (already done).
Skipping c naive mvt repetition 2 for dataset size SMALL, data type DOUBLE (already done).
Skipping c naive nussinov repetition 2 for dataset size SMALL, data type DOUBLE (already done).
Skipping c naive nussinov repetition 2 for dataset size SMALL, data type DOUBLE (already done).
Skipping c naive seidel-2d repetition 2 for dataset size SMALL, data type DOUBLE (already done).
Skipping c naive seidel-2d repetition 2 for dataset size SMALL, data type DOUBLE (already done).
Skipping c naive symm repetition 2 for dataset size SMALL, data type DOUBLE (already done).
Skipping c naive symm repetition 2 for dataset size SMALL, data type DOUBLE (already done).
Skipping c naive syr2k repetition 2 for dataset size SMALL, data type DOUBLE (already done).
Skipping c naive syr2k repetition 2 for dataset size SMALL, data type DOUBLE (already done).
Skipping c naive syrk repetition 2 for dataset size SMALL, data type DOUBLE (already done).
Skipping c naive syrk repetition 2 for dataset size SMALL, data type DOUBLE (already done).
Skipping c naive trisolv repetition 2 for dataset size SMALL, data type DOUBLE (already done).
Skipping c naive trisolv repetition 2 for dataset size SMALL, data type DOUBLE (already done).
Skipping c naive trmm repetition 2 for dataset size SMALL, data type DOUBLE (already done).
Skipping c naive trmm repetition 2 for dataset size SMALL, data type DOUBLE (already done).
-- The C compiler identification is GNU 15.2.0
-- Detecting C compiler ABI info
-- Detecting C compiler ABI info - done
-- Check for working C compiler: /usr/local/latestgcc/bin/gcc - skipped
-- Detecting C compile features
-- Detecting C compile features - done
-- Configuring done (0.4s)
-- Generating done (0.8s)
-- Build files have been written to: /home/kleplj/naive/optimization/naive/PolybenchC-4.2.1/build
[  6%] Building C object CMakeFiles/covariance.dir/datamining/covariance/covariance.c.o
[  6%] Building C object CMakeFiles/correlation.dir/datamining/correlation/correlation.c.o
[  6%] Building C object CMakeFiles/correlation.dir/utilities/polybench.c.o
[ 16%] Building C object CMakeFiles/lu.dir/utilities/polybench.c.o
[ 36%] Building C object CMakeFiles/trmm.dir/linear-algebra/blas/trmm/trmm.c.o
[ 16%] Building C object CMakeFiles/durbin.dir/linear-algebra/solvers/durbin/durbin.c.o
[ 16%] Building C object CMakeFiles/durbin.dir/utilities/polybench.c.o
[ 16%] Building C object CMakeFiles/cholesky.dir/linear-algebra/solvers/cholesky/cholesky.c.o
[ 16%] Building C object CMakeFiles/lu.dir/linear-algebra/solvers/lu/lu.c.o
[ 16%] Building C object CMakeFiles/gramschmidt.dir/utilities/polybench.c.o
[ 16%] Building C object CMakeFiles/trisolv.dir/linear-algebra/solvers/trisolv/trisolv.c.o
[ 16%] Building C object CMakeFiles/gemm.dir/linear-algebra/blas/gemm/gemm.c.o
[ 16%] Building C object CMakeFiles/covariance.dir/utilities/polybench.c.o
[ 37%] Building C object CMakeFiles/syr2k.dir/utilities/polybench.c.o
[ 37%] Building C object CMakeFiles/gemver.dir/linear-algebra/blas/gemver/gemver.c.o
[ 66%] Building C object CMakeFiles/jacobi-1d.dir/utilities/polybench.c.o
[ 66%] Building C object CMakeFiles/floyd-warshall.dir/medley/floyd-warshall/floyd-warshall.c.o
[ 66%] Building C object CMakeFiles/3mm.dir/linear-algebra/kernels/3mm/3mm.c.o
[ 66%] Building C object CMakeFiles/jacobi-2d.dir/stencils/jacobi-2d/jacobi-2d.c.o
[ 66%] Building C object CMakeFiles/symm.dir/linear-algebra/blas/symm/symm.c.o
[ 66%] Building C object CMakeFiles/heat-3d.dir/utilities/polybench.c.o
[ 66%] Building C object CMakeFiles/syrk.dir/linear-algebra/blas/syrk/syrk.c.o
[ 66%] Building C object CMakeFiles/bicg.dir/utilities/polybench.c.o
[ 66%] Building C object CMakeFiles/cholesky.dir/utilities/polybench.c.o
[ 66%] Building C object CMakeFiles/ludcmp.dir/linear-algebra/solvers/ludcmp/ludcmp.c.o
[ 66%] Building C object CMakeFiles/gramschmidt.dir/linear-algebra/solvers/gramschmidt/gramschmidt.c.o
[ 66%] Building C object CMakeFiles/bicg.dir/linear-algebra/kernels/bicg/bicg.c.o
[ 66%] Building C object CMakeFiles/atax.dir/utilities/polybench.c.o
[ 66%] Building C object CMakeFiles/ludcmp.dir/utilities/polybench.c.o
[ 66%] Building C object CMakeFiles/deriche.dir/medley/deriche/deriche.c.o
[ 66%] Building C object CMakeFiles/symm.dir/utilities/polybench.c.o
[ 66%] Building C object CMakeFiles/trmm.dir/utilities/polybench.c.o
[ 66%] Building C object CMakeFiles/trisolv.dir/utilities/polybench.c.o
[ 66%] Building C object CMakeFiles/doitgen.dir/linear-algebra/kernels/doitgen/doitgen.c.o
[ 66%] Building C object CMakeFiles/deriche.dir/utilities/polybench.c.o
[ 66%] Building C object CMakeFiles/2mm.dir/utilities/polybench.c.o
[ 66%] Building C object CMakeFiles/mvt.dir/utilities/polybench.c.o
[ 66%] Building C object CMakeFiles/adi.dir/stencils/adi/adi.c.o
[ 66%] Building C object CMakeFiles/3mm.dir/utilities/polybench.c.o
[ 66%] Building C object CMakeFiles/nussinov.dir/medley/nussinov/nussinov.c.o
[ 66%] Building C object CMakeFiles/gesummv.dir/linear-algebra/blas/gesummv/gesummv.c.o
[ 66%] Building C object CMakeFiles/gemm.dir/utilities/polybench.c.o
[ 66%] Building C object CMakeFiles/doitgen.dir/utilities/polybench.c.o
[ 66%] Building C object CMakeFiles/syrk.dir/utilities/polybench.c.o
[ 66%] Building C object CMakeFiles/floyd-warshall.dir/utilities/polybench.c.o
[ 66%] Building C object CMakeFiles/adi.dir/utilities/polybench.c.o
[ 66%] Building C object CMakeFiles/syr2k.dir/linear-algebra/blas/syr2k/syr2k.c.o
[ 66%] Building C object CMakeFiles/gesummv.dir/utilities/polybench.c.o
[ 66%] Building C object CMakeFiles/atax.dir/linear-algebra/kernels/atax/atax.c.o
[ 66%] Building C object CMakeFiles/fdtd-2d.dir/stencils/fdtd-2d/fdtd-2d.c.o
[ 66%] Building C object CMakeFiles/fdtd-2d.dir/utilities/polybench.c.o
[ 66%] Building C object CMakeFiles/heat-3d.dir/stencils/heat-3d/heat-3d.c.o
[ 66%] Building C object CMakeFiles/mvt.dir/linear-algebra/kernels/mvt/mvt.c.o
[ 66%] Building C object CMakeFiles/nussinov.dir/utilities/polybench.c.o
[ 66%] Building C object CMakeFiles/seidel-2d.dir/utilities/polybench.c.o
[ 66%] Building C object CMakeFiles/2mm.dir/linear-algebra/kernels/2mm/2mm.c.o
[ 66%] Building C object CMakeFiles/seidel-2d.dir/stencils/seidel-2d/seidel-2d.c.o
[ 66%] Building C object CMakeFiles/gemver.dir/utilities/polybench.c.o
[ 66%] Building C object CMakeFiles/jacobi-1d.dir/stencils/jacobi-1d/jacobi-1d.c.o
[ 66%] Building C object CMakeFiles/jacobi-2d.dir/utilities/polybench.c.o
[ 67%] Linking C executable trisolv
[ 70%] Linking C executable lu
[ 70%] Linking C executable covariance
[ 72%] Linking C executable jacobi-2d
[ 72%] Linking C executable gesummv
[ 74%] Linking C executable durbin
[ 74%] Linking C executable seidel-2d
[ 76%] Linking C executable gemver
[ 76%] Linking C executable trmm
[ 78%] Linking C executable jacobi-1d
[ 78%] Linking C executable deriche
[ 81%] Linking C executable bicg
[ 81%] Linking C executable syrk
[ 82%] Linking C executable floyd-warshall
[ 83%] Linking C executable cholesky
[ 83%] Built target trisolv
[ 84%] Linking C executable atax
[ 85%] Linking C executable nussinov
[ 86%] Linking C executable correlation
[ 87%] Linking C executable syr2k
[ 87%] Built target lu
[ 88%] Linking C executable doitgen
[ 90%] Linking C executable fdtd-2d
[ 90%] Built target gesummv
[ 90%] Built target jacobi-2d
[ 90%] Built target durbin
[ 90%] Built target trmm
[ 90%] Built target gemver
[ 90%] Built target jacobi-1d
[ 92%] Linking C executable gemm
[ 92%] Built target deriche
[ 92%] Linking C executable 2mm
[ 92%] Built target bicg
[ 92%] Built target covariance
[ 93%] Linking C executable symm
[ 93%] Built target syrk
[ 93%] Built target seidel-2d
[ 93%] Built target floyd-warshall
[ 94%] Linking C executable heat-3d
[ 95%] Linking C executable 3mm
[ 95%] Built target cholesky
[ 95%] Built target atax
[ 96%] Linking C executable adi
[ 97%] Linking C executable mvt
[ 97%] Built target correlation
[ 97%] Built target nussinov
[ 97%] Built target syr2k
[ 97%] Built target doitgen
[ 97%] Built target fdtd-2d
[ 98%] Linking C executable ludcmp
[ 98%] Built target 2mm
[ 98%] Built target gemm
[ 98%] Built target symm
[ 98%] Built target heat-3d
[ 98%] Built target 3mm
[ 98%] Built target adi
[ 98%] Built target mvt
[ 98%] Built target ludcmp
[100%] Linking C executable gramschmidt
[100%] Built target gramschmidt
Skipping c naive 2mm repetition 3 for dataset size SMALL, data type DOUBLE (already done).
Skipping c naive 2mm repetition 3 for dataset size SMALL, data type DOUBLE (already done).
Skipping c naive 3mm repetition 3 for dataset size SMALL, data type DOUBLE (already done).
Skipping c naive 3mm repetition 3 for dataset size SMALL, data type DOUBLE (already done).
Skipping c naive adi repetition 3 for dataset size SMALL, data type DOUBLE (already done).
Skipping c naive adi repetition 3 for dataset size SMALL, data type DOUBLE (already done).
Skipping c naive atax repetition 3 for dataset size SMALL, data type DOUBLE (already done).
Skipping c naive atax repetition 3 for dataset size SMALL, data type DOUBLE (already done).
Skipping c naive bicg repetition 3 for dataset size SMALL, data type DOUBLE (already done).
Skipping c naive bicg repetition 3 for dataset size SMALL, data type DOUBLE (already done).
Skipping c naive cholesky repetition 3 for dataset size SMALL, data type DOUBLE (already done).
Skipping c naive cholesky repetition 3 for dataset size SMALL, data type DOUBLE (already done).
Skipping c naive correlation repetition 3 for dataset size SMALL, data type DOUBLE (already done).
Skipping c naive correlation repetition 3 for dataset size SMALL, data type DOUBLE (already done).
Skipping c naive covariance repetition 3 for dataset size SMALL, data type DOUBLE (already done).
Skipping c naive covariance repetition 3 for dataset size SMALL, data type DOUBLE (already done).
Skipping c naive deriche repetition 3 for dataset size SMALL, data type DOUBLE (already done).
Skipping c naive deriche repetition 3 for dataset size SMALL, data type DOUBLE (already done).
Skipping c naive doitgen repetition 3 for dataset size SMALL, data type DOUBLE (already done).
Skipping c naive doitgen repetition 3 for dataset size SMALL, data type DOUBLE (already done).
Skipping c naive durbin repetition 3 for dataset size SMALL, data type DOUBLE (already done).
Skipping c naive durbin repetition 3 for dataset size SMALL, data type DOUBLE (already done).
Skipping c naive fdtd-2d repetition 3 for dataset size SMALL, data type DOUBLE (already done).
Skipping c naive fdtd-2d repetition 3 for dataset size SMALL, data type DOUBLE (already done).
Skipping c naive floyd-warshall repetition 3 for dataset size SMALL, data type DOUBLE (already done).
Skipping c naive floyd-warshall repetition 3 for dataset size SMALL, data type DOUBLE (already done).
Skipping c naive gemm repetition 3 for dataset size SMALL, data type DOUBLE (already done).
Skipping c naive gemm repetition 3 for dataset size SMALL, data type DOUBLE (already done).
Skipping c naive gemver repetition 3 for dataset size SMALL, data type DOUBLE (already done).
Skipping c naive gemver repetition 3 for dataset size SMALL, data type DOUBLE (already done).
Skipping c naive gesummv repetition 3 for dataset size SMALL, data type DOUBLE (already done).
Skipping c naive gesummv repetition 3 for dataset size SMALL, data type DOUBLE (already done).
Skipping c naive heat-3d repetition 3 for dataset size SMALL, data type DOUBLE (already done).
Skipping c naive heat-3d repetition 3 for dataset size SMALL, data type DOUBLE (already done).
Skipping c naive jacobi-1d repetition 3 for dataset size SMALL, data type DOUBLE (already done).
Skipping c naive jacobi-1d repetition 3 for dataset size SMALL, data type DOUBLE (already done).
Skipping c naive jacobi-2d repetition 3 for dataset size SMALL, data type DOUBLE (already done).
Skipping c naive jacobi-2d repetition 3 for dataset size SMALL, data type DOUBLE (already done).
Skipping c naive lu repetition 3 for dataset size SMALL, data type DOUBLE (already done).
Skipping c naive lu repetition 3 for dataset size SMALL, data type DOUBLE (already done).
Skipping c naive ludcmp repetition 3 for dataset size SMALL, data type DOUBLE (already done).
Skipping c naive ludcmp repetition 3 for dataset size SMALL, data type DOUBLE (already done).
Skipping c naive mvt repetition 3 for dataset size SMALL, data type DOUBLE (already done).
Skipping c naive mvt repetition 3 for dataset size SMALL, data type DOUBLE (already done).
Skipping c naive nussinov repetition 3 for dataset size SMALL, data type DOUBLE (already done).
Skipping c naive nussinov repetition 3 for dataset size SMALL, data type DOUBLE (already done).
Skipping c naive seidel-2d repetition 3 for dataset size SMALL, data type DOUBLE (already done).
Skipping c naive seidel-2d repetition 3 for dataset size SMALL, data type DOUBLE (already done).
Skipping c naive symm repetition 3 for dataset size SMALL, data type DOUBLE (already done).
Skipping c naive symm repetition 3 for dataset size SMALL, data type DOUBLE (already done).
Skipping c naive syr2k repetition 3 for dataset size SMALL, data type DOUBLE (already done).
Skipping c naive syr2k repetition 3 for dataset size SMALL, data type DOUBLE (already done).
Skipping c naive syrk repetition 3 for dataset size SMALL, data type DOUBLE (already done).
Skipping c naive syrk repetition 3 for dataset size SMALL, data type DOUBLE (already done).
Skipping c naive trisolv repetition 3 for dataset size SMALL, data type DOUBLE (already done).
Skipping c naive trisolv repetition 3 for dataset size SMALL, data type DOUBLE (already done).
Skipping c naive trmm repetition 3 for dataset size SMALL, data type DOUBLE (already done).
Skipping c naive trmm repetition 3 for dataset size SMALL, data type DOUBLE (already done).
-- The C compiler identification is GNU 15.2.0
-- Detecting C compiler ABI info
-- Detecting C compiler ABI info - done
-- Check for working C compiler: /usr/local/latestgcc/bin/gcc - skipped
-- Detecting C compile features
-- Detecting C compile features - done
-- Configuring done (0.4s)
-- Generating done (0.8s)
-- Build files have been written to: /home/kleplj/naive/optimization/naive/PolybenchC-4.2.1/build
[  8%] Building C object CMakeFiles/durbin.dir/linear-algebra/solvers/durbin/durbin.c.o
[ 12%] Building C object CMakeFiles/gemver.dir/utilities/polybench.c.o
[ 13%] Building C object CMakeFiles/correlation.dir/utilities/polybench.c.o
[ 13%] Building C object CMakeFiles/cholesky.dir/linear-algebra/solvers/cholesky/cholesky.c.o
[ 13%] Building C object CMakeFiles/covariance.dir/datamining/covariance/covariance.c.o
[ 13%] Building C object CMakeFiles/lu.dir/linear-algebra/solvers/lu/lu.c.o
[ 13%] Building C object CMakeFiles/gramschmidt.dir/linear-algebra/solvers/gramschmidt/gramschmidt.c.o
[ 13%] Building C object CMakeFiles/lu.dir/utilities/polybench.c.o
[ 13%] Building C object CMakeFiles/cholesky.dir/utilities/polybench.c.o
[ 13%] Building C object CMakeFiles/correlation.dir/datamining/correlation/correlation.c.o
[ 13%] Building C object CMakeFiles/covariance.dir/utilities/polybench.c.o
[ 36%] Building C object CMakeFiles/syrk.dir/utilities/polybench.c.o
[ 36%] Building C object CMakeFiles/gesummv.dir/utilities/polybench.c.o
[ 66%] Building C object CMakeFiles/ludcmp.dir/linear-algebra/solvers/ludcmp/ludcmp.c.o
[ 66%] Building C object CMakeFiles/gramschmidt.dir/utilities/polybench.c.o
[ 66%] Building C object CMakeFiles/gemm.dir/utilities/polybench.c.o
[ 66%] Building C object CMakeFiles/trmm.dir/linear-algebra/blas/trmm/trmm.c.o
[ 66%] Building C object CMakeFiles/syr2k.dir/linear-algebra/blas/syr2k/syr2k.c.o
[ 66%] Building C object CMakeFiles/ludcmp.dir/utilities/polybench.c.o
[ 66%] Building C object CMakeFiles/trisolv.dir/linear-algebra/solvers/trisolv/trisolv.c.o
[ 66%] Building C object CMakeFiles/gesummv.dir/linear-algebra/blas/gesummv/gesummv.c.o
[ 66%] Building C object CMakeFiles/durbin.dir/utilities/polybench.c.o
[ 66%] Building C object CMakeFiles/bicg.dir/utilities/polybench.c.o
[ 66%] Building C object CMakeFiles/trisolv.dir/utilities/polybench.c.o
[ 66%] Building C object CMakeFiles/gemm.dir/linear-algebra/blas/gemm/gemm.c.o
[ 66%] Building C object CMakeFiles/mvt.dir/linear-algebra/kernels/mvt/mvt.c.o
[ 66%] Building C object CMakeFiles/syr2k.dir/utilities/polybench.c.o
[ 66%] Building C object CMakeFiles/symm.dir/linear-algebra/blas/symm/symm.c.o
[ 66%] Building C object CMakeFiles/gemver.dir/linear-algebra/blas/gemver/gemver.c.o
[ 66%] Building C object CMakeFiles/syrk.dir/linear-algebra/blas/syrk/syrk.c.o
[ 66%] Building C object CMakeFiles/seidel-2d.dir/utilities/polybench.c.o
[ 66%] Building C object CMakeFiles/adi.dir/utilities/polybench.c.o
[ 66%] Building C object CMakeFiles/jacobi-2d.dir/stencils/jacobi-2d/jacobi-2d.c.o
[ 66%] Building C object CMakeFiles/fdtd-2d.dir/stencils/fdtd-2d/fdtd-2d.c.o
[ 66%] Building C object CMakeFiles/heat-3d.dir/utilities/polybench.c.o
[ 66%] Building C object CMakeFiles/jacobi-1d.dir/utilities/polybench.c.o
[ 66%] Building C object CMakeFiles/seidel-2d.dir/stencils/seidel-2d/seidel-2d.c.o
[ 66%] Building C object CMakeFiles/jacobi-2d.dir/utilities/polybench.c.o
[ 66%] Building C object CMakeFiles/floyd-warshall.dir/utilities/polybench.c.o
[ 66%] Building C object CMakeFiles/jacobi-1d.dir/stencils/jacobi-1d/jacobi-1d.c.o
[ 66%] Building C object CMakeFiles/heat-3d.dir/stencils/heat-3d/heat-3d.c.o
[ 66%] Building C object CMakeFiles/atax.dir/utilities/polybench.c.o
[ 66%] Building C object CMakeFiles/deriche.dir/utilities/polybench.c.o
[ 66%] Building C object CMakeFiles/deriche.dir/medley/deriche/deriche.c.o
[ 66%] Building C object CMakeFiles/floyd-warshall.dir/medley/floyd-warshall/floyd-warshall.c.o
[ 66%] Building C object CMakeFiles/2mm.dir/utilities/polybench.c.o
[ 66%] Building C object CMakeFiles/nussinov.dir/medley/nussinov/nussinov.c.o
[ 66%] Building C object CMakeFiles/doitgen.dir/utilities/polybench.c.o
[ 66%] Building C object CMakeFiles/nussinov.dir/utilities/polybench.c.o
[ 66%] Building C object CMakeFiles/2mm.dir/linear-algebra/kernels/2mm/2mm.c.o
[ 66%] Building C object CMakeFiles/doitgen.dir/linear-algebra/kernels/doitgen/doitgen.c.o
[ 66%] Building C object CMakeFiles/mvt.dir/utilities/polybench.c.o
[ 66%] Building C object CMakeFiles/3mm.dir/utilities/polybench.c.o
[ 66%] Building C object CMakeFiles/trmm.dir/utilities/polybench.c.o
[ 66%] Building C object CMakeFiles/3mm.dir/linear-algebra/kernels/3mm/3mm.c.o
[ 66%] Building C object CMakeFiles/bicg.dir/linear-algebra/kernels/bicg/bicg.c.o
[ 66%] Building C object CMakeFiles/symm.dir/utilities/polybench.c.o
[ 66%] Building C object CMakeFiles/atax.dir/linear-algebra/kernels/atax/atax.c.o
[ 66%] Building C object CMakeFiles/fdtd-2d.dir/utilities/polybench.c.o
[ 66%] Building C object CMakeFiles/adi.dir/stencils/adi/adi.c.o
[ 67%] Linking C executable atax
[ 70%] Linking C executable trisolv
[ 70%] Linking C executable floyd-warshall
[ 72%] Linking C executable covariance
[ 73%] Linking C executable durbin
[ 74%] Linking C executable jacobi-1d
[ 75%] Linking C executable seidel-2d
[ 75%] Linking C executable trmm
[ 76%] Linking C executable gesummv
[ 77%] Linking C executable mvt
[ 78%] Linking C executable bicg
[ 80%] Linking C executable deriche
[ 82%] Linking C executable fdtd-2d
[ 82%] Linking C executable gemver
[ 82%] Built target atax
[ 82%] Built target floyd-warshall
[ 84%] Linking C executable doitgen
[ 84%] Built target trisolv
[ 84%] Linking C executable syr2k
[ 85%] Linking C executable gramschmidt
[ 85%] Built target jacobi-1d
[ 85%] Built target covariance
[ 85%] Built target durbin
[ 85%] Built target seidel-2d
[ 85%] Built target trmm
[ 86%] Linking C executable jacobi-2d
[ 86%] Built target gesummv
[ 90%] Linking C executable cholesky
[ 90%] Linking C executable adi
[ 90%] Linking C executable syrk
[ 91%] Built target mvt
[ 91%] Linking C executable lu
[ 91%] Built target bicg
[ 93%] Linking C executable correlation
[ 93%] Linking C executable gemm
[ 93%] Built target deriche
[ 94%] Built target gemver
[ 94%] Built target fdtd-2d
[ 94%] Linking C executable symm
[ 95%] Linking C executable 2mm
[ 95%] Built target doitgen
[ 95%] Built target syr2k
[ 95%] Built target gramschmidt
[ 96%] Linking C executable 3mm
[ 96%] Built target jacobi-2d
[ 96%] Built target syrk
[ 96%] Built target adi
[ 96%] Built target cholesky
[ 96%] Built target lu
[ 96%] Built target correlation
[ 96%] Built target gemm
[ 96%] Built target symm
[ 96%] Built target 2mm
[ 96%] Built target 3mm
[ 97%] Linking C executable ludcmp
[ 97%] Built target ludcmp
Skipping c naive 2mm repetition 4 for dataset size SMALL, data type DOUBLE (already done).
Skipping c naive 2mm repetition 4 for dataset size SMALL, data type DOUBLE (already done).
Skipping c naive 3mm repetition 4 for dataset size SMALL, data type DOUBLE (already done).
Skipping c naive 3mm repetition 4 for dataset size SMALL, data type DOUBLE (already done).
Skipping c naive adi repetition 4 for dataset size SMALL, data type DOUBLE (already done).
Skipping c naive adi repetition 4 for dataset size SMALL, data type DOUBLE (already done).
Skipping c naive atax repetition 4 for dataset size SMALL, data type DOUBLE (already done).
Skipping c naive atax repetition 4 for dataset size SMALL, data type DOUBLE (already done).
Skipping c naive bicg repetition 4 for dataset size SMALL, data type DOUBLE (already done).
Skipping c naive bicg repetition 4 for dataset size SMALL, data type DOUBLE (already done).
Skipping c naive cholesky repetition 4 for dataset size SMALL, data type DOUBLE (already done).
Skipping c naive cholesky repetition 4 for dataset size SMALL, data type DOUBLE (already done).
Skipping c naive correlation repetition 4 for dataset size SMALL, data type DOUBLE (already done).
Skipping c naive correlation repetition 4 for dataset size SMALL, data type DOUBLE (already done).
Skipping c naive covariance repetition 4 for dataset size SMALL, data type DOUBLE (already done).
Skipping c naive covariance repetition 4 for dataset size SMALL, data type DOUBLE (already done).
Skipping c naive deriche repetition 4 for dataset size SMALL, data type DOUBLE (already done).
Skipping c naive deriche repetition 4 for dataset size SMALL, data type DOUBLE (already done).
Skipping c naive doitgen repetition 4 for dataset size SMALL, data type DOUBLE (already done).
Skipping c naive doitgen repetition 4 for dataset size SMALL, data type DOUBLE (already done).
Skipping c naive durbin repetition 4 for dataset size SMALL, data type DOUBLE (already done).
Skipping c naive durbin repetition 4 for dataset size SMALL, data type DOUBLE (already done).
Skipping c naive fdtd-2d repetition 4 for dataset size SMALL, data type DOUBLE (already done).
Skipping c naive fdtd-2d repetition 4 for dataset size SMALL, data type DOUBLE (already done).
Skipping c naive floyd-warshall repetition 4 for dataset size SMALL, data type DOUBLE (already done).
Skipping c naive floyd-warshall repetition 4 for dataset size SMALL, data type DOUBLE (already done).
Skipping c naive gemm repetition 4 for dataset size SMALL, data type DOUBLE (already done).
Skipping c naive gemm repetition 4 for dataset size SMALL, data type DOUBLE (already done).
Skipping c naive gemver repetition 4 for dataset size SMALL, data type DOUBLE (already done).
Skipping c naive gemver repetition 4 for dataset size SMALL, data type DOUBLE (already done).
Skipping c naive gesummv repetition 4 for dataset size SMALL, data type DOUBLE (already done).
Skipping c naive gesummv repetition 4 for dataset size SMALL, data type DOUBLE (already done).
Skipping c naive jacobi-1d repetition 4 for dataset size SMALL, data type DOUBLE (already done).
Skipping c naive jacobi-1d repetition 4 for dataset size SMALL, data type DOUBLE (already done).
Skipping c naive jacobi-2d repetition 4 for dataset size SMALL, data type DOUBLE (already done).
Skipping c naive jacobi-2d repetition 4 for dataset size SMALL, data type DOUBLE (already done).
Skipping c naive lu repetition 4 for dataset size SMALL, data type DOUBLE (already done).
Skipping c naive lu repetition 4 for dataset size SMALL, data type DOUBLE (already done).
Skipping c naive ludcmp repetition 4 for dataset size SMALL, data type DOUBLE (already done).
Skipping c naive ludcmp repetition 4 for dataset size SMALL, data type DOUBLE (already done).
Skipping c naive mvt repetition 4 for dataset size SMALL, data type DOUBLE (already done).
Skipping c naive mvt repetition 4 for dataset size SMALL, data type DOUBLE (already done).
Skipping c naive seidel-2d repetition 4 for dataset size SMALL, data type DOUBLE (already done).
Skipping c naive seidel-2d repetition 4 for dataset size SMALL, data type DOUBLE (already done).
Skipping c naive symm repetition 4 for dataset size SMALL, data type DOUBLE (already done).
Skipping c naive symm repetition 4 for dataset size SMALL, data type DOUBLE (already done).
Skipping c naive syr2k repetition 4 for dataset size SMALL, data type DOUBLE (already done).
Skipping c naive syr2k repetition 4 for dataset size SMALL, data type DOUBLE (already done).
Skipping c naive syrk repetition 4 for dataset size SMALL, data type DOUBLE (already done).
Skipping c naive syrk repetition 4 for dataset size SMALL, data type DOUBLE (already done).
Skipping c naive trisolv repetition 4 for dataset size SMALL, data type DOUBLE (already done).
Skipping c naive trisolv repetition 4 for dataset size SMALL, data type DOUBLE (already done).
Skipping c naive trmm repetition 4 for dataset size SMALL, data type DOUBLE (already done).
Skipping c naive trmm repetition 4 for dataset size SMALL, data type DOUBLE (already done).
-- The C compiler identification is GNU 15.2.0
-- Detecting C compiler ABI info
-- Detecting C compiler ABI info - done
-- Check for working C compiler: /usr/local/latestgcc/bin/gcc - skipped
-- Detecting C compile features
-- Detecting C compile features - done
-- Configuring done (0.4s)
-- Generating done (0.8s)
-- Build files have been written to: /home/kleplj/naive/optimization/naive/PolybenchC-4.2.1/build
[ 11%] Building C object CMakeFiles/correlation.dir/utilities/polybench.c.o
[ 11%] Building C object CMakeFiles/ludcmp.dir/utilities/polybench.c.o
[ 11%] Building C object CMakeFiles/durbin.dir/linear-algebra/solvers/durbin/durbin.c.o
[ 11%] Building C object CMakeFiles/cholesky.dir/utilities/polybench.c.o
[ 11%] Building C object CMakeFiles/lu.dir/linear-algebra/solvers/lu/lu.c.o
[ 11%] Building C object CMakeFiles/covariance.dir/datamining/covariance/covariance.c.o
[ 11%] Building C object CMakeFiles/correlation.dir/datamining/correlation/correlation.c.o
[ 11%] Building C object CMakeFiles/lu.dir/utilities/polybench.c.o
[ 36%] Building C object CMakeFiles/ludcmp.dir/linear-algebra/solvers/ludcmp/ludcmp.c.o
[ 36%] Building C object CMakeFiles/gramschmidt.dir/linear-algebra/solvers/gramschmidt/gramschmidt.c.o
[ 60%] Building C object CMakeFiles/adi.dir/stencils/adi/adi.c.o
[ 66%] Building C object CMakeFiles/gemm.dir/utilities/polybench.c.o
[ 66%] Building C object CMakeFiles/3mm.dir/utilities/polybench.c.o
[ 66%] Building C object CMakeFiles/nussinov.dir/utilities/polybench.c.o
[ 66%] Building C object CMakeFiles/heat-3d.dir/stencils/heat-3d/heat-3d.c.o
[ 66%] Building C object CMakeFiles/trmm.dir/linear-algebra/blas/trmm/trmm.c.o
[ 66%] Building C object CMakeFiles/syr2k.dir/utilities/polybench.c.o
[ 66%] Building C object CMakeFiles/atax.dir/utilities/polybench.c.o
[ 66%] Building C object CMakeFiles/covariance.dir/utilities/polybench.c.o
[ 66%] Building C object CMakeFiles/syrk.dir/utilities/polybench.c.o
[ 66%] Building C object CMakeFiles/deriche.dir/utilities/polybench.c.o
[ 66%] Building C object CMakeFiles/2mm.dir/linear-algebra/kernels/2mm/2mm.c.o
[ 66%] Building C object CMakeFiles/deriche.dir/medley/deriche/deriche.c.o
[ 66%] Building C object CMakeFiles/symm.dir/utilities/polybench.c.o
[ 66%] Building C object CMakeFiles/trmm.dir/utilities/polybench.c.o
[ 66%] Building C object CMakeFiles/jacobi-2d.dir/stencils/jacobi-2d/jacobi-2d.c.o
[ 66%] Building C object CMakeFiles/mvt.dir/linear-algebra/kernels/mvt/mvt.c.o
[ 66%] Building C object CMakeFiles/floyd-warshall.dir/utilities/polybench.c.o
[ 66%] Building C object CMakeFiles/doitgen.dir/utilities/polybench.c.o
[ 66%] Building C object CMakeFiles/gramschmidt.dir/utilities/polybench.c.o
[ 66%] Building C object CMakeFiles/floyd-warshall.dir/medley/floyd-warshall/floyd-warshall.c.o
[ 66%] Building C object CMakeFiles/adi.dir/utilities/polybench.c.o
[ 66%] Building C object CMakeFiles/durbin.dir/utilities/polybench.c.o
[ 66%] Building C object CMakeFiles/trisolv.dir/linear-algebra/solvers/trisolv/trisolv.c.o
[ 66%] Building C object CMakeFiles/gesummv.dir/linear-algebra/blas/gesummv/gesummv.c.o
[ 66%] Building C object CMakeFiles/gesummv.dir/utilities/polybench.c.o
[ 66%] Building C object CMakeFiles/atax.dir/linear-algebra/kernels/atax/atax.c.o
[ 66%] Building C object CMakeFiles/fdtd-2d.dir/stencils/fdtd-2d/fdtd-2d.c.o
[ 66%] Building C object CMakeFiles/doitgen.dir/linear-algebra/kernels/doitgen/doitgen.c.o
[ 66%] Building C object CMakeFiles/symm.dir/linear-algebra/blas/symm/symm.c.o
[ 66%] Building C object CMakeFiles/gemm.dir/linear-algebra/blas/gemm/gemm.c.o
[ 66%] Building C object CMakeFiles/gemver.dir/linear-algebra/blas/gemver/gemver.c.o
[ 66%] Building C object CMakeFiles/3mm.dir/linear-algebra/kernels/3mm/3mm.c.o
[ 66%] Building C object CMakeFiles/syrk.dir/linear-algebra/blas/syrk/syrk.c.o
[ 66%] Building C object CMakeFiles/jacobi-1d.dir/utilities/polybench.c.o
[ 66%] Building C object CMakeFiles/2mm.dir/utilities/polybench.c.o
[ 66%] Building C object CMakeFiles/cholesky.dir/linear-algebra/solvers/cholesky/cholesky.c.o
[ 66%] Building C object CMakeFiles/gemver.dir/utilities/polybench.c.o
[ 66%] Building C object CMakeFiles/seidel-2d.dir/stencils/seidel-2d/seidel-2d.c.o
[ 66%] Building C object CMakeFiles/nussinov.dir/medley/nussinov/nussinov.c.o
[ 66%] Building C object CMakeFiles/trisolv.dir/utilities/polybench.c.o
[ 66%] Building C object CMakeFiles/bicg.dir/linear-algebra/kernels/bicg/bicg.c.o
[ 66%] Building C object CMakeFiles/heat-3d.dir/utilities/polybench.c.o
[ 66%] Building C object CMakeFiles/syr2k.dir/linear-algebra/blas/syr2k/syr2k.c.o
[ 66%] Building C object CMakeFiles/fdtd-2d.dir/utilities/polybench.c.o
[ 66%] Building C object CMakeFiles/jacobi-1d.dir/stencils/jacobi-1d/jacobi-1d.c.o
[ 66%] Building C object CMakeFiles/bicg.dir/utilities/polybench.c.o
[ 66%] Building C object CMakeFiles/mvt.dir/utilities/polybench.c.o
[ 66%] Building C object CMakeFiles/seidel-2d.dir/utilities/polybench.c.o
[ 66%] Building C object CMakeFiles/jacobi-2d.dir/utilities/polybench.c.o
[ 67%] Linking C executable covariance
[ 68%] Linking C executable durbin
[ 70%] Linking C executable nussinov
[ 72%] Linking C executable jacobi-1d
[ 72%] Linking C executable floyd-warshall
[ 73%] Linking C executable heat-3d
[ 74%] Linking C executable mvt
[ 75%] Linking C executable gesummv
[ 76%] Linking C executable bicg
[ 80%] Linking C executable deriche
[ 80%] Linking C executable trmm
[ 80%] Linking C executable gemver
[ 81%] Linking C executable lu
[ 82%] Linking C executable correlation
[ 83%] Linking C executable gramschmidt
[ 84%] Linking C executable ludcmp
[ 85%] Built target covariance
[ 86%] Linking C executable adi
[ 86%] Linking C executable syr2k
[ 86%] Built target durbin
[ 86%] Built target nussinov
[ 86%] Built target floyd-warshall
[ 86%] Built target jacobi-1d
[ 87%] Linking C executable cholesky
[ 87%] Built target heat-3d
[ 87%] Built target mvt
[ 90%] Built target gesummv
[ 90%] Linking C executable doitgen
[ 90%] Linking C executable syrk
[ 91%] Linking C executable seidel-2d
[ 92%] Linking C executable fdtd-2d
[ 92%] Built target bicg
[ 92%] Built target deriche
[ 93%] Built target trmm
[ 93%] Linking C executable 2mm
[ 93%] Built target lu
[ 93%] Built target gemver
[ 94%] Linking C executable symm
[ 94%] Built target correlation
[ 94%] Built target gramschmidt
[ 94%] Built target ludcmp
[ 94%] Built target adi
[ 95%] Built target syr2k
[ 95%] Linking C executable gemm
[ 95%] Built target cholesky
[ 95%] Built target syrk
[ 95%] Built target doitgen
[ 95%] Built target seidel-2d
[ 96%] Linking C executable 3mm
[ 96%] Built target fdtd-2d
[ 96%] Built target 2mm
[ 96%] Built target symm
[ 96%] Built target gemm
[ 96%] Built target 3mm
Skipping c naive 2mm repetition 5 for dataset size SMALL, data type DOUBLE (already done).
Skipping c naive 2mm repetition 5 for dataset size SMALL, data type DOUBLE (already done).
Skipping c naive 3mm repetition 5 for dataset size SMALL, data type DOUBLE (already done).
Skipping c naive 3mm repetition 5 for dataset size SMALL, data type DOUBLE (already done).
Skipping c naive adi repetition 5 for dataset size SMALL, data type DOUBLE (already done).
Skipping c naive adi repetition 5 for dataset size SMALL, data type DOUBLE (already done).
Skipping c naive bicg repetition 5 for dataset size SMALL, data type DOUBLE (already done).
Skipping c naive bicg repetition 5 for dataset size SMALL, data type DOUBLE (already done).
Skipping c naive cholesky repetition 5 for dataset size SMALL, data type DOUBLE (already done).
Skipping c naive cholesky repetition 5 for dataset size SMALL, data type DOUBLE (already done).
Skipping c naive correlation repetition 5 for dataset size SMALL, data type DOUBLE (already done).
Skipping c naive correlation repetition 5 for dataset size SMALL, data type DOUBLE (already done).
Skipping c naive covariance repetition 5 for dataset size SMALL, data type DOUBLE (already done).
Skipping c naive covariance repetition 5 for dataset size SMALL, data type DOUBLE (already done).
Skipping c naive deriche repetition 5 for dataset size SMALL, data type DOUBLE (already done).
Skipping c naive deriche repetition 5 for dataset size SMALL, data type DOUBLE (already done).
Skipping c naive doitgen repetition 5 for dataset size SMALL, data type DOUBLE (already done).
Skipping c naive doitgen repetition 5 for dataset size SMALL, data type DOUBLE (already done).
Skipping c naive durbin repetition 5 for dataset size SMALL, data type DOUBLE (already done).
Skipping c naive durbin repetition 5 for dataset size SMALL, data type DOUBLE (already done).
Skipping c naive fdtd-2d repetition 5 for dataset size SMALL, data type DOUBLE (already done).
Skipping c naive fdtd-2d repetition 5 for dataset size SMALL, data type DOUBLE (already done).
Skipping c naive floyd-warshall repetition 5 for dataset size SMALL, data type DOUBLE (already done).
Skipping c naive floyd-warshall repetition 5 for dataset size SMALL, data type DOUBLE (already done).
Skipping c naive gemm repetition 5 for dataset size SMALL, data type DOUBLE (already done).
Skipping c naive gemm repetition 5 for dataset size SMALL, data type DOUBLE (already done).
Skipping c naive gemver repetition 5 for dataset size SMALL, data type DOUBLE (already done).
Skipping c naive gemver repetition 5 for dataset size SMALL, data type DOUBLE (already done).
Skipping c naive gesummv repetition 5 for dataset size SMALL, data type DOUBLE (already done).
Skipping c naive gesummv repetition 5 for dataset size SMALL, data type DOUBLE (already done).
Skipping c naive heat-3d repetition 5 for dataset size SMALL, data type DOUBLE (already done).
Skipping c naive heat-3d repetition 5 for dataset size SMALL, data type DOUBLE (already done).
Skipping c naive jacobi-1d repetition 5 for dataset size SMALL, data type DOUBLE (already done).
Skipping c naive jacobi-1d repetition 5 for dataset size SMALL, data type DOUBLE (already done).
Skipping c naive lu repetition 5 for dataset size SMALL, data type DOUBLE (already done).
Skipping c naive lu repetition 5 for dataset size SMALL, data type DOUBLE (already done).
Skipping c naive mvt repetition 5 for dataset size SMALL, data type DOUBLE (already done).
Skipping c naive mvt repetition 5 for dataset size SMALL, data type DOUBLE (already done).
Skipping c naive nussinov repetition 5 for dataset size SMALL, data type DOUBLE (already done).
Skipping c naive nussinov repetition 5 for dataset size SMALL, data type DOUBLE (already done).
Skipping c naive seidel-2d repetition 5 for dataset size SMALL, data type DOUBLE (already done).
Skipping c naive seidel-2d repetition 5 for dataset size SMALL, data type DOUBLE (already done).
Skipping c naive symm repetition 5 for dataset size SMALL, data type DOUBLE (already done).
Skipping c naive symm repetition 5 for dataset size SMALL, data type DOUBLE (already done).
Skipping c naive syr2k repetition 5 for dataset size SMALL, data type DOUBLE (already done).
Skipping c naive syr2k repetition 5 for dataset size SMALL, data type DOUBLE (already done).
Skipping c naive syrk repetition 5 for dataset size SMALL, data type DOUBLE (already done).
Skipping c naive syrk repetition 5 for dataset size SMALL, data type DOUBLE (already done).
Skipping c naive trmm repetition 5 for dataset size SMALL, data type DOUBLE (already done).
Skipping c naive trmm repetition 5 for dataset size SMALL, data type DOUBLE (already done).
-- The CXX compiler identification is GNU 15.2.0
-- Detecting CXX compiler ABI info
-- Detecting CXX compiler ABI info - done
-- Check for working CXX compiler: /usr/local/latestgcc/bin/g++ - skipped
-- Detecting CXX compile features
-- Detecting CXX compile features - done
-- Using NOARR_STRUCTURES_DIR from environment: /home/kleplj/naive/submodules/noarr-structures
-- Configuring done (0.5s)
-- Generating done (0.8s)
-- Build files have been written to: /home/kleplj/naive/optimization/naive/PolybenchC-Noarr/build
[  6%] Building CXX object CMakeFiles/correlation.dir/datamining/correlation/correlation.cpp.o
[  6%] Building CXX object CMakeFiles/covariance.dir/datamining/covariance/covariance.cpp.o
[  8%] Building CXX object CMakeFiles/symm.dir/linear-algebra/blas/symm/symm.cpp.o
[ 10%] Building CXX object CMakeFiles/gemm.dir/linear-algebra/blas/gemm/gemm.cpp.o
[ 18%] Building CXX object CMakeFiles/syrk.dir/linear-algebra/blas/syrk/syrk.cpp.o
[ 18%] Building CXX object CMakeFiles/gesummv.dir/linear-algebra/blas/gesummv/gesummv.cpp.o
[ 18%] Building CXX object CMakeFiles/gemver.dir/linear-algebra/blas/gemver/gemver.cpp.o
[ 18%] Building CXX object CMakeFiles/syr2k.dir/linear-algebra/blas/syr2k/syr2k.cpp.o
[ 18%] Building CXX object CMakeFiles/3mm.dir/linear-algebra/kernels/3mm/3mm.cpp.o
[ 33%] Building CXX object CMakeFiles/trmm.dir/linear-algebra/blas/trmm/trmm.cpp.o
[ 33%] Building CXX object CMakeFiles/gramschmidt.dir/linear-algebra/solvers/gramschmidt/gramschmidt.cpp.o
[ 50%] Building CXX object CMakeFiles/deriche.dir/medley/deriche/deriche.cpp.o
[ 50%] Building CXX object CMakeFiles/lu.dir/linear-algebra/solvers/lu/lu.cpp.o
[ 50%] Building CXX object CMakeFiles/bicg.dir/linear-algebra/kernels/bicg/bicg.cpp.o
[ 50%] Building CXX object CMakeFiles/floyd-warshall.dir/medley/floyd-warshall/floyd-warshall.cpp.o
[ 50%] Building CXX object CMakeFiles/seidel-2d.dir/stencils/seidel-2d/seidel-2d.cpp.o
[ 50%] Building CXX object CMakeFiles/doitgen.dir/linear-algebra/kernels/doitgen/doitgen.cpp.o
[ 50%] Building CXX object CMakeFiles/atax.dir/linear-algebra/kernels/atax/atax.cpp.o
[ 50%] Building CXX object CMakeFiles/mvt.dir/linear-algebra/kernels/mvt/mvt.cpp.o
[ 50%] Building CXX object CMakeFiles/durbin.dir/linear-algebra/solvers/durbin/durbin.cpp.o
[ 50%] Building CXX object CMakeFiles/fdtd-2d.dir/stencils/fdtd-2d/fdtd-2d.cpp.o
[ 50%] Building CXX object CMakeFiles/nussinov.dir/medley/nussinov/nussinov.cpp.o
[ 50%] Building CXX object CMakeFiles/adi.dir/stencils/adi/adi.cpp.o
[ 50%] Building CXX object CMakeFiles/cholesky.dir/linear-algebra/solvers/cholesky/cholesky.cpp.o
[ 50%] Building CXX object CMakeFiles/jacobi-2d.dir/stencils/jacobi-2d/jacobi-2d.cpp.o
[ 50%] Building CXX object CMakeFiles/jacobi-1d.dir/stencils/jacobi-1d/jacobi-1d.cpp.o
[ 50%] Building CXX object CMakeFiles/trisolv.dir/linear-algebra/solvers/trisolv/trisolv.cpp.o
[ 50%] Building CXX object CMakeFiles/heat-3d.dir/stencils/heat-3d/heat-3d.cpp.o
[ 50%] Building CXX object CMakeFiles/2mm.dir/linear-algebra/kernels/2mm/2mm.cpp.o
[ 50%] Building CXX object CMakeFiles/ludcmp.dir/linear-algebra/solvers/ludcmp/ludcmp.cpp.o
[ 53%] Linking CXX executable cholesky
[ 53%] Linking CXX executable nussinov
[ 55%] Linking CXX executable jacobi-1d
[ 56%] Linking CXX executable durbin
[ 58%] Linking CXX executable seidel-2d
[ 58%] Built target jacobi-1d
[ 60%] Linking CXX executable floyd-warshall
[ 60%] Built target durbin
[ 61%] Linking CXX executable gesummv
[ 61%] Built target seidel-2d
[ 63%] Linking CXX executable atax
[ 63%] Built target floyd-warshall
[ 65%] Linking CXX executable bicg
[ 66%] Linking CXX executable deriche
[ 66%] Built target gesummv
[ 68%] Linking CXX executable jacobi-2d
[ 68%] Built target atax
[ 70%] Linking CXX executable mvt
[ 71%] Linking CXX executable adi
[ 71%] Built target bicg
[ 71%] Built target deriche
[ 71%] Built target jacobi-2d
[ 71%] Built target mvt
[ 71%] Built target adi
[ 73%] Linking CXX executable lu
[ 75%] Linking CXX executable trisolv
[ 76%] Linking CXX executable trmm
[ 78%] Linking CXX executable symm
[ 80%] Linking CXX executable syrk
[ 80%] Built target lu
[ 81%] Linking CXX executable fdtd-2d
[ 81%] Built target trisolv
[ 81%] Built target trmm
[ 81%] Built target symm
[ 81%] Built target syrk
[ 83%] Linking CXX executable gemver
[ 83%] Built target fdtd-2d
[ 85%] Linking CXX executable doitgen
[ 86%] Linking CXX executable gramschmidt
[ 88%] Linking CXX executable gemm
[ 88%] Built target gemver
[ 90%] Linking CXX executable covariance
[ 91%] Linking CXX executable syr2k
[ 91%] Built target doitgen
[ 91%] Built target gemm
[ 91%] Built target gramschmidt
[ 91%] Built target covariance
[ 93%] Linking CXX executable heat-3d
[ 93%] Built target syr2k
[ 93%] Built target heat-3d
[ 95%] Linking CXX executable ludcmp
[ 95%] Built target ludcmp
[ 96%] Linking CXX executable correlation
[ 96%] Built target correlation
[ 98%] Linking CXX executable 2mm
[ 98%] Built target 2mm
[100%] Linking CXX executable 3mm
[100%] Built target 3mm
Skipping noarr naive 2mm repetition 1 for dataset size SMALL, data type DOUBLE (already done).
Skipping noarr naive 2mm repetition 1 for dataset size SMALL, data type DOUBLE (already done).
Skipping noarr naive 3mm repetition 1 for dataset size SMALL, data type DOUBLE (already done).
Skipping noarr naive 3mm repetition 1 for dataset size SMALL, data type DOUBLE (already done).
Skipping noarr naive adi repetition 1 for dataset size SMALL, data type DOUBLE (already done).
Skipping noarr naive adi repetition 1 for dataset size SMALL, data type DOUBLE (already done).
Skipping noarr naive atax repetition 1 for dataset size SMALL, data type DOUBLE (already done).
Skipping noarr naive atax repetition 1 for dataset size SMALL, data type DOUBLE (already done).
Skipping noarr naive bicg repetition 1 for dataset size SMALL, data type DOUBLE (already done).
Skipping noarr naive bicg repetition 1 for dataset size SMALL, data type DOUBLE (already done).
Skipping noarr naive correlation repetition 1 for dataset size SMALL, data type DOUBLE (already done).
Skipping noarr naive correlation repetition 1 for dataset size SMALL, data type DOUBLE (already done).
Skipping noarr naive covariance repetition 1 for dataset size SMALL, data type DOUBLE (already done).
Skipping noarr naive covariance repetition 1 for dataset size SMALL, data type DOUBLE (already done).
Skipping noarr naive deriche repetition 1 for dataset size SMALL, data type DOUBLE (already done).
Skipping noarr naive deriche repetition 1 for dataset size SMALL, data type DOUBLE (already done).
Skipping noarr naive doitgen repetition 1 for dataset size SMALL, data type DOUBLE (already done).
Skipping noarr naive doitgen repetition 1 for dataset size SMALL, data type DOUBLE (already done).
Skipping noarr naive durbin repetition 1 for dataset size SMALL, data type DOUBLE (already done).
Skipping noarr naive durbin repetition 1 for dataset size SMALL, data type DOUBLE (already done).
Skipping noarr naive fdtd-2d repetition 1 for dataset size SMALL, data type DOUBLE (already done).
Skipping noarr naive fdtd-2d repetition 1 for dataset size SMALL, data type DOUBLE (already done).
Skipping noarr naive floyd-warshall repetition 1 for dataset size SMALL, data type DOUBLE (already done).
Skipping noarr naive floyd-warshall repetition 1 for dataset size SMALL, data type DOUBLE (already done).
Skipping noarr naive gemm repetition 1 for dataset size SMALL, data type DOUBLE (already done).
Skipping noarr naive gemm repetition 1 for dataset size SMALL, data type DOUBLE (already done).
Skipping noarr naive gemver repetition 1 for dataset size SMALL, data type DOUBLE (already done).
Skipping noarr naive gemver repetition 1 for dataset size SMALL, data type DOUBLE (already done).
Skipping noarr naive gesummv repetition 1 for dataset size SMALL, data type DOUBLE (already done).
Skipping noarr naive gesummv repetition 1 for dataset size SMALL, data type DOUBLE (already done).
Skipping noarr naive heat-3d repetition 1 for dataset size SMALL, data type DOUBLE (already done).
Skipping noarr naive heat-3d repetition 1 for dataset size SMALL, data type DOUBLE (already done).
Skipping noarr naive jacobi-1d repetition 1 for dataset size SMALL, data type DOUBLE (already done).
Skipping noarr naive jacobi-1d repetition 1 for dataset size SMALL, data type DOUBLE (already done).
Skipping noarr naive jacobi-2d repetition 1 for dataset size SMALL, data type DOUBLE (already done).
Skipping noarr naive jacobi-2d repetition 1 for dataset size SMALL, data type DOUBLE (already done).
Skipping noarr naive lu repetition 1 for dataset size SMALL, data type DOUBLE (already done).
Skipping noarr naive lu repetition 1 for dataset size SMALL, data type DOUBLE (already done).
Skipping noarr naive ludcmp repetition 1 for dataset size SMALL, data type DOUBLE (already done).
Skipping noarr naive ludcmp repetition 1 for dataset size SMALL, data type DOUBLE (already done).
Skipping noarr naive mvt repetition 1 for dataset size SMALL, data type DOUBLE (already done).
Skipping noarr naive mvt repetition 1 for dataset size SMALL, data type DOUBLE (already done).
Skipping noarr naive seidel-2d repetition 1 for dataset size SMALL, data type DOUBLE (already done).
Skipping noarr naive seidel-2d repetition 1 for dataset size SMALL, data type DOUBLE (already done).
Skipping noarr naive syr2k repetition 1 for dataset size SMALL, data type DOUBLE (already done).
Skipping noarr naive syr2k repetition 1 for dataset size SMALL, data type DOUBLE (already done).
Skipping noarr naive syrk repetition 1 for dataset size SMALL, data type DOUBLE (already done).
Skipping noarr naive syrk repetition 1 for dataset size SMALL, data type DOUBLE (already done).
Skipping noarr naive trisolv repetition 1 for dataset size SMALL, data type DOUBLE (already done).
Skipping noarr naive trisolv repetition 1 for dataset size SMALL, data type DOUBLE (already done).
Skipping noarr naive trmm repetition 1 for dataset size SMALL, data type DOUBLE (already done).
Skipping noarr naive trmm repetition 1 for dataset size SMALL, data type DOUBLE (already done).
-- The CXX compiler identification is GNU 15.2.0
-- Detecting CXX compiler ABI info
-- Detecting CXX compiler ABI info - done
-- Check for working CXX compiler: /usr/local/latestgcc/bin/g++ - skipped
-- Detecting CXX compile features
-- Detecting CXX compile features - done
-- Using NOARR_STRUCTURES_DIR from environment: /home/kleplj/naive/submodules/noarr-structures
-- Configuring done (0.4s)
-- Generating done (0.8s)
-- Build files have been written to: /home/kleplj/naive/optimization/naive/PolybenchC-Noarr/build
[  8%] Building CXX object CMakeFiles/gemm.dir/linear-algebra/blas/gemm/gemm.cpp.o
[  8%] Building CXX object CMakeFiles/correlation.dir/datamining/correlation/correlation.cpp.o
[ 15%] Building CXX object CMakeFiles/covariance.dir/datamining/covariance/covariance.cpp.o
[ 15%] Building CXX object CMakeFiles/symm.dir/linear-algebra/blas/symm/symm.cpp.o
[ 15%] Building CXX object CMakeFiles/gemver.dir/linear-algebra/blas/gemver/gemver.cpp.o
[ 15%] Building CXX object CMakeFiles/gesummv.dir/linear-algebra/blas/gesummv/gesummv.cpp.o
[ 28%] Building CXX object CMakeFiles/doitgen.dir/linear-algebra/kernels/doitgen/doitgen.cpp.o
[ 28%] Building CXX object CMakeFiles/trmm.dir/linear-algebra/blas/trmm/trmm.cpp.o
[ 48%] Building CXX object CMakeFiles/atax.dir/linear-algebra/kernels/atax/atax.cpp.o
[ 48%] Building CXX object CMakeFiles/cholesky.dir/linear-algebra/solvers/cholesky/cholesky.cpp.o
[ 48%] Building CXX object CMakeFiles/syr2k.dir/linear-algebra/blas/syr2k/syr2k.cpp.o
[ 48%] Building CXX object CMakeFiles/syrk.dir/linear-algebra/blas/syrk/syrk.cpp.o
[ 48%] Building CXX object CMakeFiles/2mm.dir/linear-algebra/kernels/2mm/2mm.cpp.o
[ 48%] Building CXX object CMakeFiles/bicg.dir/linear-algebra/kernels/bicg/bicg.cpp.o
[ 48%] Building CXX object CMakeFiles/3mm.dir/linear-algebra/kernels/3mm/3mm.cpp.o
[ 48%] Building CXX object CMakeFiles/lu.dir/linear-algebra/solvers/lu/lu.cpp.o
[ 50%] Building CXX object CMakeFiles/floyd-warshall.dir/medley/floyd-warshall/floyd-warshall.cpp.o
[ 50%] Building CXX object CMakeFiles/adi.dir/stencils/adi/adi.cpp.o
[ 50%] Building CXX object CMakeFiles/jacobi-1d.dir/stencils/jacobi-1d/jacobi-1d.cpp.o
[ 50%] Building CXX object CMakeFiles/trisolv.dir/linear-algebra/solvers/trisolv/trisolv.cpp.o
[ 50%] Building CXX object CMakeFiles/mvt.dir/linear-algebra/kernels/mvt/mvt.cpp.o
[ 50%] Building CXX object CMakeFiles/heat-3d.dir/stencils/heat-3d/heat-3d.cpp.o
[ 50%] Building CXX object CMakeFiles/deriche.dir/medley/deriche/deriche.cpp.o
[ 50%] Building CXX object CMakeFiles/gramschmidt.dir/linear-algebra/solvers/gramschmidt/gramschmidt.cpp.o
[ 50%] Building CXX object CMakeFiles/jacobi-2d.dir/stencils/jacobi-2d/jacobi-2d.cpp.o
[ 50%] Building CXX object CMakeFiles/nussinov.dir/medley/nussinov/nussinov.cpp.o
[ 50%] Building CXX object CMakeFiles/ludcmp.dir/linear-algebra/solvers/ludcmp/ludcmp.cpp.o
[ 50%] Building CXX object CMakeFiles/durbin.dir/linear-algebra/solvers/durbin/durbin.cpp.o
[ 50%] Building CXX object CMakeFiles/fdtd-2d.dir/stencils/fdtd-2d/fdtd-2d.cpp.o
[ 50%] Building CXX object CMakeFiles/seidel-2d.dir/stencils/seidel-2d/seidel-2d.cpp.o
[ 53%] Linking CXX executable nussinov
[ 53%] Linking CXX executable cholesky
[ 55%] Linking CXX executable durbin
[ 55%] Built target durbin
[ 56%] Linking CXX executable floyd-warshall
[ 58%] Linking CXX executable gesummv
[ 61%] Linking CXX executable bicg
[ 61%] Linking CXX executable mvt
[ 63%] Linking CXX executable trisolv
[ 63%] Built target floyd-warshall
[ 63%] Built target gesummv
[ 65%] Linking CXX executable atax
[ 65%] Built target mvt
[ 65%] Built target bicg
[ 65%] Built target trisolv
[ 66%] Linking CXX executable adi
[ 66%] Built target atax
[ 68%] Linking CXX executable trmm
[ 70%] Linking CXX executable syrk
[ 71%] Linking CXX executable seidel-2d
[ 71%] Built target adi
[ 73%] Linking CXX executable lu
[ 73%] Built target trmm
[ 73%] Built target syrk
[ 75%] Linking CXX executable syr2k
[ 75%] Built target seidel-2d
[ 75%] Built target lu
[ 76%] Linking CXX executable gemver
[ 78%] Linking CXX executable jacobi-2d
[ 78%] Built target syr2k
[ 80%] Linking CXX executable gramschmidt
[ 83%] Linking CXX executable doitgen
[ 83%] Linking CXX executable gemm
[ 85%] Linking CXX executable symm
[ 85%] Built target gemver
[ 85%] Built target jacobi-2d
[ 85%] Built target gramschmidt
[ 86%] Linking CXX executable fdtd-2d
[ 86%] Built target doitgen
[ 86%] Built target gemm
[ 86%] Built target symm
[ 88%] Linking CXX executable ludcmp
[ 90%] Linking CXX executable covariance
[ 90%] Built target fdtd-2d
[ 90%] Built target ludcmp
[ 90%] Built target covariance
[ 91%] Linking CXX executable correlation
[ 93%] Linking CXX executable heat-3d
[ 93%] Built target correlation
[ 93%] Built target heat-3d
[ 95%] Linking CXX executable 2mm
[ 95%] Built target 2mm
[ 96%] Linking CXX executable 3mm
[ 96%] Built target 3mm
Skipping noarr naive 2mm repetition 2 for dataset size SMALL, data type DOUBLE (already done).
Skipping noarr naive 2mm repetition 2 for dataset size SMALL, data type DOUBLE (already done).
Skipping noarr naive 3mm repetition 2 for dataset size SMALL, data type DOUBLE (already done).
Skipping noarr naive 3mm repetition 2 for dataset size SMALL, data type DOUBLE (already done).
Skipping noarr naive adi repetition 2 for dataset size SMALL, data type DOUBLE (already done).
Skipping noarr naive adi repetition 2 for dataset size SMALL, data type DOUBLE (already done).
Skipping noarr naive atax repetition 2 for dataset size SMALL, data type DOUBLE (already done).
Skipping noarr naive atax repetition 2 for dataset size SMALL, data type DOUBLE (already done).
Skipping noarr naive bicg repetition 2 for dataset size SMALL, data type DOUBLE (already done).
Skipping noarr naive bicg repetition 2 for dataset size SMALL, data type DOUBLE (already done).
Skipping noarr naive correlation repetition 2 for dataset size SMALL, data type DOUBLE (already done).
Skipping noarr naive correlation repetition 2 for dataset size SMALL, data type DOUBLE (already done).
Skipping noarr naive covariance repetition 2 for dataset size SMALL, data type DOUBLE (already done).
Skipping noarr naive covariance repetition 2 for dataset size SMALL, data type DOUBLE (already done).
Skipping noarr naive doitgen repetition 2 for dataset size SMALL, data type DOUBLE (already done).
Skipping noarr naive doitgen repetition 2 for dataset size SMALL, data type DOUBLE (already done).
Skipping noarr naive durbin repetition 2 for dataset size SMALL, data type DOUBLE (already done).
Skipping noarr naive durbin repetition 2 for dataset size SMALL, data type DOUBLE (already done).
Skipping noarr naive fdtd-2d repetition 2 for dataset size SMALL, data type DOUBLE (already done).
Skipping noarr naive fdtd-2d repetition 2 for dataset size SMALL, data type DOUBLE (already done).
Skipping noarr naive floyd-warshall repetition 2 for dataset size SMALL, data type DOUBLE (already done).
Skipping noarr naive floyd-warshall repetition 2 for dataset size SMALL, data type DOUBLE (already done).
Skipping noarr naive gemm repetition 2 for dataset size SMALL, data type DOUBLE (already done).
Skipping noarr naive gemm repetition 2 for dataset size SMALL, data type DOUBLE (already done).
Skipping noarr naive gemver repetition 2 for dataset size SMALL, data type DOUBLE (already done).
Skipping noarr naive gemver repetition 2 for dataset size SMALL, data type DOUBLE (already done).
Skipping noarr naive gesummv repetition 2 for dataset size SMALL, data type DOUBLE (already done).
Skipping noarr naive gesummv repetition 2 for dataset size SMALL, data type DOUBLE (already done).
Skipping noarr naive heat-3d repetition 2 for dataset size SMALL, data type DOUBLE (already done).
Skipping noarr naive heat-3d repetition 2 for dataset size SMALL, data type DOUBLE (already done).
Skipping noarr naive jacobi-2d repetition 2 for dataset size SMALL, data type DOUBLE (already done).
Skipping noarr naive jacobi-2d repetition 2 for dataset size SMALL, data type DOUBLE (already done).
Skipping noarr naive lu repetition 2 for dataset size SMALL, data type DOUBLE (already done).
Skipping noarr naive lu repetition 2 for dataset size SMALL, data type DOUBLE (already done).
Skipping noarr naive ludcmp repetition 2 for dataset size SMALL, data type DOUBLE (already done).
Skipping noarr naive ludcmp repetition 2 for dataset size SMALL, data type DOUBLE (already done).
Skipping noarr naive mvt repetition 2 for dataset size SMALL, data type DOUBLE (already done).
Skipping noarr naive mvt repetition 2 for dataset size SMALL, data type DOUBLE (already done).
Skipping noarr naive seidel-2d repetition 2 for dataset size SMALL, data type DOUBLE (already done).
Skipping noarr naive seidel-2d repetition 2 for dataset size SMALL, data type DOUBLE (already done).
Skipping noarr naive symm repetition 2 for dataset size SMALL, data type DOUBLE (already done).
Skipping noarr naive symm repetition 2 for dataset size SMALL, data type DOUBLE (already done).
Skipping noarr naive syr2k repetition 2 for dataset size SMALL, data type DOUBLE (already done).
Skipping noarr naive syr2k repetition 2 for dataset size SMALL, data type DOUBLE (already done).
Skipping noarr naive syrk repetition 2 for dataset size SMALL, data type DOUBLE (already done).
Skipping noarr naive syrk repetition 2 for dataset size SMALL, data type DOUBLE (already done).
Skipping noarr naive trisolv repetition 2 for dataset size SMALL, data type DOUBLE (already done).
Skipping noarr naive trisolv repetition 2 for dataset size SMALL, data type DOUBLE (already done).
Skipping noarr naive trmm repetition 2 for dataset size SMALL, data type DOUBLE (already done).
Skipping noarr naive trmm repetition 2 for dataset size SMALL, data type DOUBLE (already done).
-- The CXX compiler identification is GNU 15.2.0
-- Detecting CXX compiler ABI info
-- Detecting CXX compiler ABI info - done
-- Check for working CXX compiler: /usr/local/latestgcc/bin/g++ - skipped
-- Detecting CXX compile features
-- Detecting CXX compile features - done
-- Using NOARR_STRUCTURES_DIR from environment: /home/kleplj/naive/submodules/noarr-structures
-- Configuring done (0.4s)
-- Generating done (0.8s)
-- Build files have been written to: /home/kleplj/naive/optimization/naive/PolybenchC-Noarr/build
[ 10%] Building CXX object CMakeFiles/correlation.dir/datamining/correlation/correlation.cpp.o
[ 10%] Building CXX object CMakeFiles/covariance.dir/datamining/covariance/covariance.cpp.o
[ 10%] Building CXX object CMakeFiles/gemm.dir/linear-algebra/blas/gemm/gemm.cpp.o
[ 10%] Building CXX object CMakeFiles/gemver.dir/linear-algebra/blas/gemver/gemver.cpp.o
[ 18%] Building CXX object CMakeFiles/syrk.dir/linear-algebra/blas/syrk/syrk.cpp.o
[ 18%] Building CXX object CMakeFiles/symm.dir/linear-algebra/blas/symm/symm.cpp.o
[ 18%] Building CXX object CMakeFiles/syr2k.dir/linear-algebra/blas/syr2k/syr2k.cpp.o
[ 18%] Building CXX object CMakeFiles/trmm.dir/linear-algebra/blas/trmm/trmm.cpp.o
[ 18%] Building CXX object CMakeFiles/gesummv.dir/linear-algebra/blas/gesummv/gesummv.cpp.o
[ 36%] Building CXX object CMakeFiles/durbin.dir/linear-algebra/solvers/durbin/durbin.cpp.o
[ 36%] Building CXX object CMakeFiles/cholesky.dir/linear-algebra/solvers/cholesky/cholesky.cpp.o
[ 50%] Building CXX object CMakeFiles/ludcmp.dir/linear-algebra/solvers/ludcmp/ludcmp.cpp.o
[ 50%] Building CXX object CMakeFiles/nussinov.dir/medley/nussinov/nussinov.cpp.o
[ 50%] Building CXX object CMakeFiles/floyd-warshall.dir/medley/floyd-warshall/floyd-warshall.cpp.o
[ 50%] Building CXX object CMakeFiles/gramschmidt.dir/linear-algebra/solvers/gramschmidt/gramschmidt.cpp.o
[ 50%] Building CXX object CMakeFiles/3mm.dir/linear-algebra/kernels/3mm/3mm.cpp.o
[ 50%] Building CXX object CMakeFiles/atax.dir/linear-algebra/kernels/atax/atax.cpp.o
[ 50%] Building CXX object CMakeFiles/doitgen.dir/linear-algebra/kernels/doitgen/doitgen.cpp.o
[ 50%] Building CXX object CMakeFiles/bicg.dir/linear-algebra/kernels/bicg/bicg.cpp.o
[ 50%] Building CXX object CMakeFiles/mvt.dir/linear-algebra/kernels/mvt/mvt.cpp.o
[ 50%] Building CXX object CMakeFiles/lu.dir/linear-algebra/solvers/lu/lu.cpp.o
[ 50%] Building CXX object CMakeFiles/jacobi-1d.dir/stencils/jacobi-1d/jacobi-1d.cpp.o
[ 50%] Building CXX object CMakeFiles/trisolv.dir/linear-algebra/solvers/trisolv/trisolv.cpp.o
[ 50%] Building CXX object CMakeFiles/jacobi-2d.dir/stencils/jacobi-2d/jacobi-2d.cpp.o
[ 50%] Building CXX object CMakeFiles/2mm.dir/linear-algebra/kernels/2mm/2mm.cpp.o
[ 50%] Building CXX object CMakeFiles/fdtd-2d.dir/stencils/fdtd-2d/fdtd-2d.cpp.o
[ 50%] Building CXX object CMakeFiles/adi.dir/stencils/adi/adi.cpp.o
[ 50%] Building CXX object CMakeFiles/deriche.dir/medley/deriche/deriche.cpp.o
[ 50%] Building CXX object CMakeFiles/heat-3d.dir/stencils/heat-3d/heat-3d.cpp.o
[ 50%] Building CXX object CMakeFiles/seidel-2d.dir/stencils/seidel-2d/seidel-2d.cpp.o
[ 53%] Linking CXX executable cholesky
[ 53%] Linking CXX executable nussinov
[ 55%] Linking CXX executable jacobi-1d
[ 56%] Linking CXX executable durbin
[ 56%] Built target jacobi-1d
[ 56%] Built target durbin
[ 60%] Linking CXX executable seidel-2d
[ 60%] Linking CXX executable floyd-warshall
[ 61%] Linking CXX executable gesummv
[ 63%] Linking CXX executable trisolv
[ 65%] Linking CXX executable mvt
[ 65%] Built target seidel-2d
[ 65%] Built target floyd-warshall
[ 66%] Linking CXX executable bicg
[ 68%] Linking CXX executable atax
[ 68%] Built target gesummv
[ 68%] Built target trisolv
[ 68%] Built target mvt
[ 68%] Built target bicg
[ 68%] Built target atax
[ 70%] Linking CXX executable deriche
[ 71%] Linking CXX executable trmm
[ 71%] Built target deriche
[ 73%] Linking CXX executable lu
[ 73%] Built target trmm
[ 75%] Linking CXX executable syrk
[ 76%] Linking CXX executable gemver
[ 78%] Linking CXX executable heat-3d
[ 78%] Built target lu
[ 80%] Linking CXX executable symm
[ 81%] Linking CXX executable gramschmidt
[ 83%] Linking CXX executable fdtd-2d
[ 85%] Linking CXX executable jacobi-2d
[ 85%] Built target syrk
[ 86%] Linking CXX executable doitgen
[ 86%] Built target gemver
[ 86%] Built target heat-3d
[ 88%] Linking CXX executable syr2k
[ 90%] Linking CXX executable gemm
[ 90%] Built target symm
[ 90%] Built target gramschmidt
[ 90%] Built target fdtd-2d
[ 90%] Built target doitgen
[ 90%] Built target jacobi-2d
[ 90%] Built target syr2k
[ 90%] Built target gemm
[ 91%] Linking CXX executable covariance
[ 93%] Linking CXX executable adi
[ 95%] Linking CXX executable ludcmp
[ 95%] Built target covariance
[ 95%] Built target adi
[ 95%] Built target ludcmp
[ 96%] Linking CXX executable correlation
[ 96%] Built target correlation
[ 98%] Linking CXX executable 2mm
[ 98%] Built target 2mm
[100%] Linking CXX executable 3mm
[100%] Built target 3mm
Skipping noarr naive 2mm repetition 3 for dataset size SMALL, data type DOUBLE (already done).
Skipping noarr naive 2mm repetition 3 for dataset size SMALL, data type DOUBLE (already done).
Skipping noarr naive 3mm repetition 3 for dataset size SMALL, data type DOUBLE (already done).
Skipping noarr naive 3mm repetition 3 for dataset size SMALL, data type DOUBLE (already done).
Skipping noarr naive atax repetition 3 for dataset size SMALL, data type DOUBLE (already done).
Skipping noarr naive atax repetition 3 for dataset size SMALL, data type DOUBLE (already done).
Skipping noarr naive bicg repetition 3 for dataset size SMALL, data type DOUBLE (already done).
Skipping noarr naive bicg repetition 3 for dataset size SMALL, data type DOUBLE (already done).
Skipping noarr naive correlation repetition 3 for dataset size SMALL, data type DOUBLE (already done).
Skipping noarr naive correlation repetition 3 for dataset size SMALL, data type DOUBLE (already done).
Skipping noarr naive covariance repetition 3 for dataset size SMALL, data type DOUBLE (already done).
Skipping noarr naive covariance repetition 3 for dataset size SMALL, data type DOUBLE (already done).
Skipping noarr naive deriche repetition 3 for dataset size SMALL, data type DOUBLE (already done).
Skipping noarr naive deriche repetition 3 for dataset size SMALL, data type DOUBLE (already done).
Skipping noarr naive doitgen repetition 3 for dataset size SMALL, data type DOUBLE (already done).
Skipping noarr naive doitgen repetition 3 for dataset size SMALL, data type DOUBLE (already done).
Skipping noarr naive durbin repetition 3 for dataset size SMALL, data type DOUBLE (already done).
Skipping noarr naive durbin repetition 3 for dataset size SMALL, data type DOUBLE (already done).
Skipping noarr naive fdtd-2d repetition 3 for dataset size SMALL, data type DOUBLE (already done).
Skipping noarr naive fdtd-2d repetition 3 for dataset size SMALL, data type DOUBLE (already done).
Skipping noarr naive floyd-warshall repetition 3 for dataset size SMALL, data type DOUBLE (already done).
Skipping noarr naive floyd-warshall repetition 3 for dataset size SMALL, data type DOUBLE (already done).
Skipping noarr naive gemm repetition 3 for dataset size SMALL, data type DOUBLE (already done).
Skipping noarr naive gemm repetition 3 for dataset size SMALL, data type DOUBLE (already done).
Skipping noarr naive gemver repetition 3 for dataset size SMALL, data type DOUBLE (already done).
Skipping noarr naive gemver repetition 3 for dataset size SMALL, data type DOUBLE (already done).
Skipping noarr naive gesummv repetition 3 for dataset size SMALL, data type DOUBLE (already done).
Skipping noarr naive gesummv repetition 3 for dataset size SMALL, data type DOUBLE (already done).
Skipping noarr naive heat-3d repetition 3 for dataset size SMALL, data type DOUBLE (already done).
Skipping noarr naive heat-3d repetition 3 for dataset size SMALL, data type DOUBLE (already done).
Skipping noarr naive jacobi-1d repetition 3 for dataset size SMALL, data type DOUBLE (already done).
Skipping noarr naive jacobi-1d repetition 3 for dataset size SMALL, data type DOUBLE (already done).
Skipping noarr naive jacobi-2d repetition 3 for dataset size SMALL, data type DOUBLE (already done).
Skipping noarr naive jacobi-2d repetition 3 for dataset size SMALL, data type DOUBLE (already done).
Skipping noarr naive lu repetition 3 for dataset size SMALL, data type DOUBLE (already done).
Skipping noarr naive lu repetition 3 for dataset size SMALL, data type DOUBLE (already done).
Skipping noarr naive ludcmp repetition 3 for dataset size SMALL, data type DOUBLE (already done).
Skipping noarr naive ludcmp repetition 3 for dataset size SMALL, data type DOUBLE (already done).
Skipping noarr naive mvt repetition 3 for dataset size SMALL, data type DOUBLE (already done).
Skipping noarr naive mvt repetition 3 for dataset size SMALL, data type DOUBLE (already done).
Skipping noarr naive seidel-2d repetition 3 for dataset size SMALL, data type DOUBLE (already done).
Skipping noarr naive seidel-2d repetition 3 for dataset size SMALL, data type DOUBLE (already done).
Skipping noarr naive symm repetition 3 for dataset size SMALL, data type DOUBLE (already done).
Skipping noarr naive symm repetition 3 for dataset size SMALL, data type DOUBLE (already done).
Skipping noarr naive syr2k repetition 3 for dataset size SMALL, data type DOUBLE (already done).
Skipping noarr naive syr2k repetition 3 for dataset size SMALL, data type DOUBLE (already done).
Skipping noarr naive syrk repetition 3 for dataset size SMALL, data type DOUBLE (already done).
Skipping noarr naive syrk repetition 3 for dataset size SMALL, data type DOUBLE (already done).
Skipping noarr naive trisolv repetition 3 for dataset size SMALL, data type DOUBLE (already done).
Skipping noarr naive trisolv repetition 3 for dataset size SMALL, data type DOUBLE (already done).
Skipping noarr naive trmm repetition 3 for dataset size SMALL, data type DOUBLE (already done).
Skipping noarr naive trmm repetition 3 for dataset size SMALL, data type DOUBLE (already done).
-- The CXX compiler identification is GNU 15.2.0
-- Detecting CXX compiler ABI info
-- Detecting CXX compiler ABI info - done
-- Check for working CXX compiler: /usr/local/latestgcc/bin/g++ - skipped
-- Detecting CXX compile features
-- Detecting CXX compile features - done
-- Using NOARR_STRUCTURES_DIR from environment: /home/kleplj/naive/submodules/noarr-structures
-- Configuring done (0.4s)
-- Generating done (0.8s)
-- Build files have been written to: /home/kleplj/naive/optimization/naive/PolybenchC-Noarr/build
[  6%] Building CXX object CMakeFiles/covariance.dir/datamining/covariance/covariance.cpp.o
[ 11%] Building CXX object CMakeFiles/correlation.dir/datamining/correlation/correlation.cpp.o
[ 11%] Building CXX object CMakeFiles/gemm.dir/linear-algebra/blas/gemm/gemm.cpp.o
[ 11%] Building CXX object CMakeFiles/gemver.dir/linear-algebra/blas/gemver/gemver.cpp.o
[ 18%] Building CXX object CMakeFiles/symm.dir/linear-algebra/blas/symm/symm.cpp.o
[ 18%] Building CXX object CMakeFiles/2mm.dir/linear-algebra/kernels/2mm/2mm.cpp.o
[ 18%] Building CXX object CMakeFiles/syr2k.dir/linear-algebra/blas/syr2k/syr2k.cpp.o
[ 18%] Building CXX object CMakeFiles/gesummv.dir/linear-algebra/blas/gesummv/gesummv.cpp.o
[ 28%] Building CXX object CMakeFiles/atax.dir/linear-algebra/kernels/atax/atax.cpp.o
[ 28%] Building CXX object CMakeFiles/syrk.dir/linear-algebra/blas/syrk/syrk.cpp.o
[ 46%] Building CXX object CMakeFiles/trisolv.dir/linear-algebra/solvers/trisolv/trisolv.cpp.o
[ 46%] Building CXX object CMakeFiles/bicg.dir/linear-algebra/kernels/bicg/bicg.cpp.o
[ 46%] Building CXX object CMakeFiles/doitgen.dir/linear-algebra/kernels/doitgen/doitgen.cpp.o
[ 46%] Building CXX object CMakeFiles/gramschmidt.dir/linear-algebra/solvers/gramschmidt/gramschmidt.cpp.o
[ 46%] Building CXX object CMakeFiles/trmm.dir/linear-algebra/blas/trmm/trmm.cpp.o
[ 46%] Building CXX object CMakeFiles/3mm.dir/linear-algebra/kernels/3mm/3mm.cpp.o
[ 46%] Building CXX object CMakeFiles/mvt.dir/linear-algebra/kernels/mvt/mvt.cpp.o
[ 50%] Building CXX object CMakeFiles/ludcmp.dir/linear-algebra/solvers/ludcmp/ludcmp.cpp.o
[ 50%] Building CXX object CMakeFiles/durbin.dir/linear-algebra/solvers/durbin/durbin.cpp.o
[ 50%] Building CXX object CMakeFiles/cholesky.dir/linear-algebra/solvers/cholesky/cholesky.cpp.o
[ 50%] Building CXX object CMakeFiles/lu.dir/linear-algebra/solvers/lu/lu.cpp.o
[ 50%] Building CXX object CMakeFiles/floyd-warshall.dir/medley/floyd-warshall/floyd-warshall.cpp.o
[ 50%] Building CXX object CMakeFiles/heat-3d.dir/stencils/heat-3d/heat-3d.cpp.o
[ 50%] Building CXX object CMakeFiles/fdtd-2d.dir/stencils/fdtd-2d/fdtd-2d.cpp.o
[ 50%] Building CXX object CMakeFiles/deriche.dir/medley/deriche/deriche.cpp.o
[ 50%] Building CXX object CMakeFiles/nussinov.dir/medley/nussinov/nussinov.cpp.o
[ 50%] Building CXX object CMakeFiles/adi.dir/stencils/adi/adi.cpp.o
[ 50%] Building CXX object CMakeFiles/seidel-2d.dir/stencils/seidel-2d/seidel-2d.cpp.o
[ 50%] Building CXX object CMakeFiles/jacobi-1d.dir/stencils/jacobi-1d/jacobi-1d.cpp.o
[ 50%] Building CXX object CMakeFiles/jacobi-2d.dir/stencils/jacobi-2d/jacobi-2d.cpp.o
[ 53%] Linking CXX executable nussinov
[ 53%] Linking CXX executable cholesky
[ 55%] Linking CXX executable jacobi-1d
[ 55%] Built target jacobi-1d
[ 58%] Linking CXX executable floyd-warshall
[ 58%] Linking CXX executable durbin
[ 60%] Linking CXX executable gesummv
[ 61%] Linking CXX executable trisolv
[ 63%] Built target floyd-warshall
[ 63%] Built target durbin
[ 63%] Linking CXX executable bicg
[ 65%] Built target gesummv
[ 65%] Linking CXX executable atax
[ 66%] Linking CXX executable mvt
[ 68%] Linking CXX executable adi
[ 68%] Built target trisolv
[ 68%] Built target bicg
[ 68%] Built target atax
[ 70%] Linking CXX executable deriche
[ 70%] Built target mvt
[ 70%] Built target adi
[ 71%] Linking CXX executable syrk
[ 73%] Linking CXX executable lu
[ 73%] Built target deriche
[ 75%] Linking CXX executable trmm
[ 75%] Built target syrk
[ 76%] Linking CXX executable gemver
[ 76%] Built target lu
[ 76%] Built target trmm
[ 76%] Built target gemver
[ 78%] Linking CXX executable doitgen
[ 80%] Linking CXX executable symm
[ 81%] Linking CXX executable fdtd-2d
[ 83%] Linking CXX executable gramschmidt
[ 85%] Linking CXX executable gemm
[ 86%] Linking CXX executable syr2k
[ 86%] Built target doitgen
[ 86%] Built target symm
[ 86%] Built target fdtd-2d
[ 86%] Built target gramschmidt
[ 86%] Built target gemm
[ 86%] Built target syr2k
[ 88%] Linking CXX executable covariance
[ 88%] Built target covariance
[ 90%] Linking CXX executable ludcmp
[ 90%] Built target ludcmp
[ 91%] Linking CXX executable correlation
[ 93%] Linking CXX executable seidel-2d
[ 93%] Built target correlation
[ 93%] Built target seidel-2d
[ 95%] Linking CXX executable 2mm
[ 96%] Linking CXX executable heat-3d
[ 96%] Built target 2mm
[ 96%] Built target heat-3d
[ 98%] Linking CXX executable 3mm
[ 98%] Built target 3mm
Skipping noarr naive 2mm repetition 4 for dataset size SMALL, data type DOUBLE (already done).
Skipping noarr naive 2mm repetition 4 for dataset size SMALL, data type DOUBLE (already done).
Skipping noarr naive 3mm repetition 4 for dataset size SMALL, data type DOUBLE (already done).
Skipping noarr naive 3mm repetition 4 for dataset size SMALL, data type DOUBLE (already done).
Skipping noarr naive atax repetition 4 for dataset size SMALL, data type DOUBLE (already done).
Skipping noarr naive atax repetition 4 for dataset size SMALL, data type DOUBLE (already done).
Skipping noarr naive bicg repetition 4 for dataset size SMALL, data type DOUBLE (already done).
Skipping noarr naive bicg repetition 4 for dataset size SMALL, data type DOUBLE (already done).
Skipping noarr naive correlation repetition 4 for dataset size SMALL, data type DOUBLE (already done).
Skipping noarr naive correlation repetition 4 for dataset size SMALL, data type DOUBLE (already done).
Skipping noarr naive covariance repetition 4 for dataset size SMALL, data type DOUBLE (already done).
Skipping noarr naive covariance repetition 4 for dataset size SMALL, data type DOUBLE (already done).
Skipping noarr naive deriche repetition 4 for dataset size SMALL, data type DOUBLE (already done).
Skipping noarr naive deriche repetition 4 for dataset size SMALL, data type DOUBLE (already done).
Skipping noarr naive doitgen repetition 4 for dataset size SMALL, data type DOUBLE (already done).
Skipping noarr naive doitgen repetition 4 for dataset size SMALL, data type DOUBLE (already done).
Skipping noarr naive durbin repetition 4 for dataset size SMALL, data type DOUBLE (already done).
Skipping noarr naive durbin repetition 4 for dataset size SMALL, data type DOUBLE (already done).
Skipping noarr naive fdtd-2d repetition 4 for dataset size SMALL, data type DOUBLE (already done).
Skipping noarr naive fdtd-2d repetition 4 for dataset size SMALL, data type DOUBLE (already done).
Skipping noarr naive floyd-warshall repetition 4 for dataset size SMALL, data type DOUBLE (already done).
Skipping noarr naive floyd-warshall repetition 4 for dataset size SMALL, data type DOUBLE (already done).
Skipping noarr naive gemm repetition 4 for dataset size SMALL, data type DOUBLE (already done).
Skipping noarr naive gemm repetition 4 for dataset size SMALL, data type DOUBLE (already done).
Skipping noarr naive gemver repetition 4 for dataset size SMALL, data type DOUBLE (already done).
Skipping noarr naive gemver repetition 4 for dataset size SMALL, data type DOUBLE (already done).
Skipping noarr naive gesummv repetition 4 for dataset size SMALL, data type DOUBLE (already done).
Skipping noarr naive gesummv repetition 4 for dataset size SMALL, data type DOUBLE (already done).
Skipping noarr naive heat-3d repetition 4 for dataset size SMALL, data type DOUBLE (already done).
Skipping noarr naive heat-3d repetition 4 for dataset size SMALL, data type DOUBLE (already done).
Skipping noarr naive jacobi-1d repetition 4 for dataset size SMALL, data type DOUBLE (already done).
Skipping noarr naive jacobi-1d repetition 4 for dataset size SMALL, data type DOUBLE (already done).
Skipping noarr naive lu repetition 4 for dataset size SMALL, data type DOUBLE (already done).
Skipping noarr naive lu repetition 4 for dataset size SMALL, data type DOUBLE (already done).
Skipping noarr naive ludcmp repetition 4 for dataset size SMALL, data type DOUBLE (already done).
Skipping noarr naive ludcmp repetition 4 for dataset size SMALL, data type DOUBLE (already done).
Skipping noarr naive mvt repetition 4 for dataset size SMALL, data type DOUBLE (already done).
Skipping noarr naive mvt repetition 4 for dataset size SMALL, data type DOUBLE (already done).
Skipping noarr naive seidel-2d repetition 4 for dataset size SMALL, data type DOUBLE (already done).
Skipping noarr naive seidel-2d repetition 4 for dataset size SMALL, data type DOUBLE (already done).
Skipping noarr naive symm repetition 4 for dataset size SMALL, data type DOUBLE (already done).
Skipping noarr naive symm repetition 4 for dataset size SMALL, data type DOUBLE (already done).
Skipping noarr naive syr2k repetition 4 for dataset size SMALL, data type DOUBLE (already done).
Skipping noarr naive syr2k repetition 4 for dataset size SMALL, data type DOUBLE (already done).
Skipping noarr naive syrk repetition 4 for dataset size SMALL, data type DOUBLE (already done).
Skipping noarr naive syrk repetition 4 for dataset size SMALL, data type DOUBLE (already done).
Skipping noarr naive trisolv repetition 4 for dataset size SMALL, data type DOUBLE (already done).
Skipping noarr naive trisolv repetition 4 for dataset size SMALL, data type DOUBLE (already done).
Skipping noarr naive trmm repetition 4 for dataset size SMALL, data type DOUBLE (already done).
Skipping noarr naive trmm repetition 4 for dataset size SMALL, data type DOUBLE (already done).
-- The CXX compiler identification is GNU 15.2.0
-- Detecting CXX compiler ABI info
-- Detecting CXX compiler ABI info - done
-- Check for working CXX compiler: /usr/local/latestgcc/bin/g++ - skipped
-- Detecting CXX compile features
-- Detecting CXX compile features - done
-- Using NOARR_STRUCTURES_DIR from environment: /home/kleplj/naive/submodules/noarr-structures
-- Configuring done (0.5s)
-- Generating done (0.8s)
-- Build files have been written to: /home/kleplj/naive/optimization/naive/PolybenchC-Noarr/build
[  6%] Building CXX object CMakeFiles/correlation.dir/datamining/correlation/correlation.cpp.o
[  6%] Building CXX object CMakeFiles/covariance.dir/datamining/covariance/covariance.cpp.o
[ 13%] Building CXX object CMakeFiles/gemver.dir/linear-algebra/blas/gemver/gemver.cpp.o
[ 13%] Building CXX object CMakeFiles/gemm.dir/linear-algebra/blas/gemm/gemm.cpp.o
[ 13%] Building CXX object CMakeFiles/symm.dir/linear-algebra/blas/symm/symm.cpp.o
[ 13%] Building CXX object CMakeFiles/trmm.dir/linear-algebra/blas/trmm/trmm.cpp.o
[ 21%] Building CXX object CMakeFiles/syrk.dir/linear-algebra/blas/syrk/syrk.cpp.o
[ 31%] Building CXX object CMakeFiles/cholesky.dir/linear-algebra/solvers/cholesky/cholesky.cpp.o
[ 21%] Building CXX object CMakeFiles/bicg.dir/linear-algebra/kernels/bicg/bicg.cpp.o
[ 21%] Building CXX object CMakeFiles/gesummv.dir/linear-algebra/blas/gesummv/gesummv.cpp.o
[ 21%] Building CXX object CMakeFiles/syr2k.dir/linear-algebra/blas/syr2k/syr2k.cpp.o
[ 35%] Building CXX object CMakeFiles/atax.dir/linear-algebra/kernels/atax/atax.cpp.o
[ 35%] Building CXX object CMakeFiles/2mm.dir/linear-algebra/kernels/2mm/2mm.cpp.o
[ 50%] Building CXX object CMakeFiles/floyd-warshall.dir/medley/floyd-warshall/floyd-warshall.cpp.o
[ 50%] Building CXX object CMakeFiles/trisolv.dir/linear-algebra/solvers/trisolv/trisolv.cpp.o
[ 50%] Building CXX object CMakeFiles/ludcmp.dir/linear-algebra/solvers/ludcmp/ludcmp.cpp.o
[ 50%] Building CXX object CMakeFiles/fdtd-2d.dir/stencils/fdtd-2d/fdtd-2d.cpp.o
[ 50%] Building CXX object CMakeFiles/mvt.dir/linear-algebra/kernels/mvt/mvt.cpp.o
[ 50%] Building CXX object CMakeFiles/adi.dir/stencils/adi/adi.cpp.o
[ 50%] Building CXX object CMakeFiles/gramschmidt.dir/linear-algebra/solvers/gramschmidt/gramschmidt.cpp.o
[ 50%] Building CXX object CMakeFiles/lu.dir/linear-algebra/solvers/lu/lu.cpp.o
[ 50%] Building CXX object CMakeFiles/durbin.dir/linear-algebra/solvers/durbin/durbin.cpp.o
[ 50%] Building CXX object CMakeFiles/3mm.dir/linear-algebra/kernels/3mm/3mm.cpp.o
[ 50%] Building CXX object CMakeFiles/jacobi-1d.dir/stencils/jacobi-1d/jacobi-1d.cpp.o
[ 50%] Building CXX object CMakeFiles/heat-3d.dir/stencils/heat-3d/heat-3d.cpp.o
[ 50%] Building CXX object CMakeFiles/doitgen.dir/linear-algebra/kernels/doitgen/doitgen.cpp.o
[ 50%] Building CXX object CMakeFiles/deriche.dir/medley/deriche/deriche.cpp.o
[ 50%] Building CXX object CMakeFiles/nussinov.dir/medley/nussinov/nussinov.cpp.o
[ 50%] Building CXX object CMakeFiles/seidel-2d.dir/stencils/seidel-2d/seidel-2d.cpp.o
[ 50%] Building CXX object CMakeFiles/jacobi-2d.dir/stencils/jacobi-2d/jacobi-2d.cpp.o
[ 51%] Linking CXX executable cholesky
[ 53%] Linking CXX executable nussinov
[ 60%] Linking CXX executable gesummv
[ 60%] Linking CXX executable jacobi-1d
[ 60%] Linking CXX executable trmm
[ 60%] Linking CXX executable durbin
[ 70%] Linking CXX executable floyd-warshall
[ 70%] Linking CXX executable mvt
[ 85%] Linking CXX executable seidel-2d
[ 85%] Linking CXX executable deriche
[ 85%] Linking CXX executable jacobi-2d
[ 88%] Linking CXX executable adi
[ 88%] Linking CXX executable doitgen
[ 88%] Linking CXX executable symm
[ 88%] Linking CXX executable trisolv
[ 88%] Linking CXX executable gemm
[ 88%] Linking CXX executable syrk
[ 88%] Linking CXX executable atax
[ 88%] Linking CXX executable bicg
[ 88%] Linking CXX executable syr2k
[ 88%] Linking CXX executable gemver
[ 88%] Linking CXX executable gramschmidt
[ 88%] Linking CXX executable ludcmp
[ 90%] Linking CXX executable covariance
[ 90%] Built target durbin
[ 90%] Built target trmm
[ 90%] Built target gesummv
[ 90%] Built target deriche
[ 90%] Built target jacobi-1d
[ 90%] Built target seidel-2d
[ 90%] Built target mvt
[ 90%] Built target syrk
[ 90%] Built target gramschmidt
[ 90%] Built target floyd-warshall
[ 90%] Built target doitgen
[ 90%] Built target bicg
[ 90%] Built target adi
[ 90%] Built target trisolv
[ 90%] Built target gemver
[ 90%] Built target syr2k
[ 90%] Built target jacobi-2d
[ 90%] Built target symm
[ 90%] Built target gemm
[ 90%] Built target atax
[ 90%] Built target ludcmp
[ 90%] Built target covariance
[ 91%] Linking CXX executable correlation
[ 91%] Built target correlation
[ 93%] Linking CXX executable 2mm
[ 93%] Built target 2mm
[ 95%] Linking CXX executable 3mm
[ 95%] Built target 3mm
Skipping noarr naive 2mm repetition 5 for dataset size SMALL, data type DOUBLE (already done).
Skipping noarr naive 2mm repetition 5 for dataset size SMALL, data type DOUBLE (already done).
Skipping noarr naive 3mm repetition 5 for dataset size SMALL, data type DOUBLE (already done).
Skipping noarr naive 3mm repetition 5 for dataset size SMALL, data type DOUBLE (already done).
Skipping noarr naive adi repetition 5 for dataset size SMALL, data type DOUBLE (already done).
Skipping noarr naive adi repetition 5 for dataset size SMALL, data type DOUBLE (already done).
Skipping noarr naive atax repetition 5 for dataset size SMALL, data type DOUBLE (already done).
Skipping noarr naive atax repetition 5 for dataset size SMALL, data type DOUBLE (already done).
Skipping noarr naive bicg repetition 5 for dataset size SMALL, data type DOUBLE (already done).
Skipping noarr naive bicg repetition 5 for dataset size SMALL, data type DOUBLE (already done).
Skipping noarr naive correlation repetition 5 for dataset size SMALL, data type DOUBLE (already done).
Skipping noarr naive correlation repetition 5 for dataset size SMALL, data type DOUBLE (already done).
Skipping noarr naive covariance repetition 5 for dataset size SMALL, data type DOUBLE (already done).
Skipping noarr naive covariance repetition 5 for dataset size SMALL, data type DOUBLE (already done).
Skipping noarr naive deriche repetition 5 for dataset size SMALL, data type DOUBLE (already done).
Skipping noarr naive deriche repetition 5 for dataset size SMALL, data type DOUBLE (already done).
Skipping noarr naive doitgen repetition 5 for dataset size SMALL, data type DOUBLE (already done).
Skipping noarr naive doitgen repetition 5 for dataset size SMALL, data type DOUBLE (already done).
Skipping noarr naive durbin repetition 5 for dataset size SMALL, data type DOUBLE (already done).
Skipping noarr naive durbin repetition 5 for dataset size SMALL, data type DOUBLE (already done).
Skipping noarr naive floyd-warshall repetition 5 for dataset size SMALL, data type DOUBLE (already done).
Skipping noarr naive floyd-warshall repetition 5 for dataset size SMALL, data type DOUBLE (already done).
Skipping noarr naive gemm repetition 5 for dataset size SMALL, data type DOUBLE (already done).
Skipping noarr naive gemm repetition 5 for dataset size SMALL, data type DOUBLE (already done).
Skipping noarr naive gemver repetition 5 for dataset size SMALL, data type DOUBLE (already done).
Skipping noarr naive gemver repetition 5 for dataset size SMALL, data type DOUBLE (already done).
Skipping noarr naive gesummv repetition 5 for dataset size SMALL, data type DOUBLE (already done).
Skipping noarr naive gesummv repetition 5 for dataset size SMALL, data type DOUBLE (already done).
Skipping noarr naive jacobi-1d repetition 5 for dataset size SMALL, data type DOUBLE (already done).
Skipping noarr naive jacobi-1d repetition 5 for dataset size SMALL, data type DOUBLE (already done).
Skipping noarr naive jacobi-2d repetition 5 for dataset size SMALL, data type DOUBLE (already done).
Skipping noarr naive jacobi-2d repetition 5 for dataset size SMALL, data type DOUBLE (already done).
Skipping noarr naive ludcmp repetition 5 for dataset size SMALL, data type DOUBLE (already done).
Skipping noarr naive ludcmp repetition 5 for dataset size SMALL, data type DOUBLE (already done).
Skipping noarr naive mvt repetition 5 for dataset size SMALL, data type DOUBLE (already done).
Skipping noarr naive mvt repetition 5 for dataset size SMALL, data type DOUBLE (already done).
Skipping noarr naive seidel-2d repetition 5 for dataset size SMALL, data type DOUBLE (already done).
Skipping noarr naive seidel-2d repetition 5 for dataset size SMALL, data type DOUBLE (already done).
Skipping noarr naive symm repetition 5 for dataset size SMALL, data type DOUBLE (already done).
Skipping noarr naive symm repetition 5 for dataset size SMALL, data type DOUBLE (already done).
Skipping noarr naive syr2k repetition 5 for dataset size SMALL, data type DOUBLE (already done).
Skipping noarr naive syr2k repetition 5 for dataset size SMALL, data type DOUBLE (already done).
Skipping noarr naive syrk repetition 5 for dataset size SMALL, data type DOUBLE (already done).
Skipping noarr naive syrk repetition 5 for dataset size SMALL, data type DOUBLE (already done).
Skipping noarr naive trisolv repetition 5 for dataset size SMALL, data type DOUBLE (already done).
Skipping noarr naive trisolv repetition 5 for dataset size SMALL, data type DOUBLE (already done).
Skipping noarr naive trmm repetition 5 for dataset size SMALL, data type DOUBLE (already done).
Skipping noarr naive trmm repetition 5 for dataset size SMALL, data type DOUBLE (already done).
-- The CXX compiler identification is GNU 15.2.0
-- Detecting CXX compiler ABI info
-- Detecting CXX compiler ABI info - done
-- Check for working CXX compiler: /usr/local/latestgcc/bin/g++ - skipped
-- Detecting CXX compile features
-- Detecting CXX compile features - done
-- Found Python: /home/kleplj/naive/gpt-querying/.venv/bin/python3.9 (found suitable version "3.9.25", minimum required is "3") found components: Interpreter Development.Module
-- Halide 'host' platform triple:   x86-64-linux
-- Halide 'cmake' platform triple:  x86-64-linux
-- Halide default AOT target:       host
-- Found ZLIB: /usr/lib64/libz.so (found version "1.2.11")
-- Could NOT find PNG (missing: PNG_LIBRARY PNG_PNG_INCLUDE_DIR) 
-- Could NOT find JPEG (missing: JPEG_LIBRARY JPEG_INCLUDE_DIR) 
-- Configuring done (0.8s)
-- Generating done (0.8s)
-- Build files have been written to: /home/kleplj/naive/optimization/naive/PolybenchC-Halide/build
[ 13%] Building CXX object CMakeFiles/gesummv.dir/linear-algebra/blas/gesummv/gesummv.cpp.o
[ 13%] Building CXX object CMakeFiles/symm.dir/linear-algebra/blas/symm/symm.cpp.o
[ 13%] Building CXX object CMakeFiles/gemver.dir/linear-algebra/blas/gemver/gemver.cpp.o
[ 13%] Building CXX object CMakeFiles/correlation.dir/datamining/correlation/correlation.cpp.o
[ 13%] Building CXX object CMakeFiles/gemm.dir/linear-algebra/blas/gemm/gemm.cpp.o
[ 21%] Building CXX object CMakeFiles/atax.dir/linear-algebra/kernels/atax/atax.cpp.o
[ 21%] Building CXX object CMakeFiles/syrk.dir/linear-algebra/blas/syrk/syrk.cpp.o
[ 21%] Building CXX object CMakeFiles/syr2k.dir/linear-algebra/blas/syr2k/syr2k.cpp.o
[ 21%] Building CXX object CMakeFiles/3mm.dir/linear-algebra/kernels/3mm/3mm.cpp.o
[ 21%] Building CXX object CMakeFiles/trmm.dir/linear-algebra/blas/trmm/trmm.cpp.o
[ 36%] Building CXX object CMakeFiles/trisolv.dir/linear-algebra/solvers/trisolv/trisolv.cpp.o
[ 21%] Building CXX object CMakeFiles/covariance.dir/datamining/covariance/covariance.cpp.o
[ 40%] Building CXX object CMakeFiles/mvt.dir/linear-algebra/kernels/mvt/mvt.cpp.o
[ 40%] Building CXX object CMakeFiles/2mm.dir/linear-algebra/kernels/2mm/2mm.cpp.o
[ 50%] Building CXX object CMakeFiles/deriche.dir/medley/deriche/deriche.cpp.o
[ 50%] Building CXX object CMakeFiles/nussinov.dir/medley/nussinov/nussinov.cpp.o
[ 50%] Building CXX object CMakeFiles/jacobi-2d.dir/stencils/jacobi-2d/jacobi-2d.cpp.o
[ 50%] Building CXX object CMakeFiles/cholesky.dir/linear-algebra/solvers/cholesky/cholesky.cpp.o
[ 50%] Building CXX object CMakeFiles/durbin.dir/linear-algebra/solvers/durbin/durbin.cpp.o
[ 50%] Building CXX object CMakeFiles/fdtd-2d.dir/stencils/fdtd-2d/fdtd-2d.cpp.o
[ 50%] Building CXX object CMakeFiles/floyd-warshall.dir/medley/floyd-warshall/floyd-warshall.cpp.o
[ 50%] Building CXX object CMakeFiles/lu.dir/linear-algebra/solvers/lu/lu.cpp.o
[ 50%] Building CXX object CMakeFiles/doitgen.dir/linear-algebra/kernels/doitgen/doitgen.cpp.o
[ 50%] Building CXX object CMakeFiles/ludcmp.dir/linear-algebra/solvers/ludcmp/ludcmp.cpp.o
[ 50%] Building CXX object CMakeFiles/adi.dir/stencils/adi/adi.cpp.o
[ 50%] Building CXX object CMakeFiles/gramschmidt.dir/linear-algebra/solvers/gramschmidt/gramschmidt.cpp.o
[ 50%] Building CXX object CMakeFiles/bicg.dir/linear-algebra/kernels/bicg/bicg.cpp.o
[ 50%] Building CXX object CMakeFiles/heat-3d.dir/stencils/heat-3d/heat-3d.cpp.o
[ 50%] Building CXX object CMakeFiles/jacobi-1d.dir/stencils/jacobi-1d/jacobi-1d.cpp.o
[ 50%] Building CXX object CMakeFiles/seidel-2d.dir/stencils/seidel-2d/seidel-2d.cpp.o
[ 51%] Linking CXX executable gemver
[ 53%] Linking CXX executable gramschmidt
[ 55%] Linking CXX executable cholesky
[ 56%] Linking CXX executable syrk
[ 58%] Linking CXX executable floyd-warshall
[ 58%] Built target cholesky
[ 60%] Linking CXX executable jacobi-1d
[ 61%] Linking CXX executable covariance
[ 63%] Linking CXX executable symm
[ 65%] Built target syrk
[ 65%] Linking CXX executable syr2k
[ 65%] Built target floyd-warshall
[ 65%] Built target jacobi-1d
[ 66%] Linking CXX executable correlation
[ 66%] Built target covariance
[ 66%] Built target symm
[ 68%] Linking CXX executable durbin
[ 68%] Built target syr2k
[ 68%] Built target correlation
[ 70%] Linking CXX executable 2mm
[ 71%] Linking CXX executable heat-3d
[ 73%] Linking CXX executable seidel-2d
[ 73%] Built target durbin
[ 75%] Linking CXX executable doitgen
[ 76%] Linking CXX executable jacobi-2d
[ 76%] Built target 2mm
[ 76%] Built target heat-3d
[ 76%] Built target seidel-2d
[ 76%] Built target doitgen
[ 76%] Built target jacobi-2d
[ 78%] Linking CXX executable atax
[ 80%] Linking CXX executable bicg
[ 80%] Built target atax
[ 81%] Linking CXX executable mvt
[ 81%] Built target bicg
[ 81%] Built target mvt
[ 83%] Linking CXX executable ludcmp
[ 83%] Built target ludcmp
[ 85%] Linking CXX executable fdtd-2d
[ 85%] Built target fdtd-2d
Skipping halide naive cholesky repetition 1 for dataset size SMALL, data type DOUBLE (already done).
Skipping halide naive cholesky repetition 1 for dataset size SMALL, data type DOUBLE (already done).
Skipping halide naive correlation repetition 1 for dataset size SMALL, data type DOUBLE (already done).
Skipping halide naive correlation repetition 1 for dataset size SMALL, data type DOUBLE (already done).
Skipping halide naive fdtd-2d repetition 1 for dataset size SMALL, data type DOUBLE (already done).
Skipping halide naive fdtd-2d repetition 1 for dataset size SMALL, data type DOUBLE (already done).
Skipping halide naive floyd-warshall repetition 1 for dataset size SMALL, data type DOUBLE (already done).
Skipping halide naive floyd-warshall repetition 1 for dataset size SMALL, data type DOUBLE (already done).
Skipping halide naive heat-3d repetition 1 for dataset size SMALL, data type DOUBLE (already done).
Skipping halide naive heat-3d repetition 1 for dataset size SMALL, data type DOUBLE (already done).
Skipping halide naive jacobi-2d repetition 1 for dataset size SMALL, data type DOUBLE (already done).
Skipping halide naive jacobi-2d repetition 1 for dataset size SMALL, data type DOUBLE (already done).
Skipping halide naive seidel-2d repetition 1 for dataset size SMALL, data type DOUBLE (already done).
Skipping halide naive seidel-2d repetition 1 for dataset size SMALL, data type DOUBLE (already done).
Skipping halide naive syrk repetition 1 for dataset size SMALL, data type DOUBLE (already done).
Skipping halide naive syrk repetition 1 for dataset size SMALL, data type DOUBLE (already done).
-- The CXX compiler identification is GNU 15.2.0
-- Detecting CXX compiler ABI info
-- Detecting CXX compiler ABI info - done
-- Check for working CXX compiler: /usr/local/latestgcc/bin/g++ - skipped
-- Detecting CXX compile features
-- Detecting CXX compile features - done
-- Found Python: /home/kleplj/naive/gpt-querying/.venv/bin/python3.9 (found suitable version "3.9.25", minimum required is "3") found components: Interpreter Development.Module
-- Halide 'host' platform triple:   x86-64-linux
-- Halide 'cmake' platform triple:  x86-64-linux
-- Halide default AOT target:       host
-- Found ZLIB: /usr/lib64/libz.so (found version "1.2.11")
-- Could NOT find PNG (missing: PNG_LIBRARY PNG_PNG_INCLUDE_DIR) 
-- Could NOT find JPEG (missing: JPEG_LIBRARY JPEG_INCLUDE_DIR) 
-- Configuring done (0.8s)
-- Generating done (0.8s)
-- Build files have been written to: /home/kleplj/naive/optimization/naive/PolybenchC-Halide/build
[  5%] Building CXX object CMakeFiles/correlation.dir/datamining/correlation/correlation.cpp.o
[  8%] Building CXX object CMakeFiles/covariance.dir/datamining/covariance/covariance.cpp.o
[  8%] Building CXX object CMakeFiles/gemver.dir/linear-algebra/blas/gemver/gemver.cpp.o
[ 11%] Building CXX object CMakeFiles/symm.dir/linear-algebra/blas/symm/symm.cpp.o
[ 11%] Building CXX object CMakeFiles/gesummv.dir/linear-algebra/blas/gesummv/gesummv.cpp.o
[ 13%] Building CXX object CMakeFiles/gemm.dir/linear-algebra/blas/gemm/gemm.cpp.o
[ 13%] Building CXX object CMakeFiles/syrk.dir/linear-algebra/blas/syrk/syrk.cpp.o
[ 20%] Building CXX object CMakeFiles/2mm.dir/linear-algebra/kernels/2mm/2mm.cpp.o
[ 20%] Building CXX object CMakeFiles/trmm.dir/linear-algebra/blas/trmm/trmm.cpp.o
[ 33%] Building CXX object CMakeFiles/bicg.dir/linear-algebra/kernels/bicg/bicg.cpp.o
[ 33%] Building CXX object CMakeFiles/syr2k.dir/linear-algebra/blas/syr2k/syr2k.cpp.o
[ 50%] Building CXX object CMakeFiles/gramschmidt.dir/linear-algebra/solvers/gramschmidt/gramschmidt.cpp.o
[ 50%] Building CXX object CMakeFiles/jacobi-2d.dir/stencils/jacobi-2d/jacobi-2d.cpp.o
[ 50%] Building CXX object CMakeFiles/lu.dir/linear-algebra/solvers/lu/lu.cpp.o
[ 50%] Building CXX object CMakeFiles/3mm.dir/linear-algebra/kernels/3mm/3mm.cpp.o
[ 50%] Building CXX object CMakeFiles/doitgen.dir/linear-algebra/kernels/doitgen/doitgen.cpp.o
[ 50%] Building CXX object CMakeFiles/atax.dir/linear-algebra/kernels/atax/atax.cpp.o
[ 50%] Building CXX object CMakeFiles/cholesky.dir/linear-algebra/solvers/cholesky/cholesky.cpp.o
[ 50%] Building CXX object CMakeFiles/adi.dir/stencils/adi/adi.cpp.o
[ 50%] Building CXX object CMakeFiles/fdtd-2d.dir/stencils/fdtd-2d/fdtd-2d.cpp.o
[ 50%] Building CXX object CMakeFiles/nussinov.dir/medley/nussinov/nussinov.cpp.o
[ 50%] Building CXX object CMakeFiles/deriche.dir/medley/deriche/deriche.cpp.o
[ 50%] Building CXX object CMakeFiles/trisolv.dir/linear-algebra/solvers/trisolv/trisolv.cpp.o
[ 50%] Building CXX object CMakeFiles/durbin.dir/linear-algebra/solvers/durbin/durbin.cpp.o
[ 50%] Building CXX object CMakeFiles/floyd-warshall.dir/medley/floyd-warshall/floyd-warshall.cpp.o
[ 50%] Building CXX object CMakeFiles/mvt.dir/linear-algebra/kernels/mvt/mvt.cpp.o
[ 50%] Building CXX object CMakeFiles/ludcmp.dir/linear-algebra/solvers/ludcmp/ludcmp.cpp.o
[ 50%] Building CXX object CMakeFiles/seidel-2d.dir/stencils/seidel-2d/seidel-2d.cpp.o
[ 50%] Building CXX object CMakeFiles/heat-3d.dir/stencils/heat-3d/heat-3d.cpp.o
[ 50%] Building CXX object CMakeFiles/jacobi-1d.dir/stencils/jacobi-1d/jacobi-1d.cpp.o
[ 51%] Linking CXX executable gemver
[ 53%] Linking CXX executable gramschmidt
[ 55%] Linking CXX executable adi
[ 55%] Built target adi
[ 56%] Linking CXX executable floyd-warshall
[ 58%] Linking CXX executable covariance
[ 60%] Linking CXX executable syrk
[ 61%] Linking CXX executable seidel-2d
[ 63%] Linking CXX executable symm
[ 63%] Built target floyd-warshall
[ 63%] Built target covariance
[ 65%] Linking CXX executable correlation
[ 65%] Built target syrk
[ 65%] Built target seidel-2d
[ 66%] Built target symm
[ 66%] Linking CXX executable gemm
[ 68%] Linking CXX executable 2mm
[ 68%] Built target correlation
[ 68%] Built target gemm
[ 70%] Linking CXX executable 3mm
[ 71%] Linking CXX executable gesummv
[ 73%] Linking CXX executable heat-3d
[ 73%] Built target 2mm
[ 75%] Linking CXX executable syr2k
[ 75%] Built target 3mm
[ 76%] Linking CXX executable trisolv
[ 80%] Built target gesummv
[ 80%] Linking CXX executable doitgen
[ 80%] Linking CXX executable atax
[ 80%] Built target heat-3d
[ 81%] Linking CXX executable cholesky
[ 83%] Linking CXX executable mvt
[ 83%] Built target syr2k
[ 83%] Built target doitgen
[ 83%] Built target atax
[ 83%] Built target trisolv
[ 85%] Linking CXX executable lu
[ 85%] Built target cholesky
[ 85%] Built target mvt
[ 86%] Linking CXX executable durbin
[ 88%] Built target lu
[ 88%] Linking CXX executable bicg
[ 88%] Built target durbin
[ 88%] Built target bicg
[ 90%] Linking CXX executable ludcmp
[ 90%] Built target ludcmp
Skipping halide naive adi repetition 2 for dataset size SMALL, data type DOUBLE (already done).
Skipping halide naive adi repetition 2 for dataset size SMALL, data type DOUBLE (already done).
Skipping halide naive atax repetition 2 for dataset size SMALL, data type DOUBLE (already done).
Skipping halide naive atax repetition 2 for dataset size SMALL, data type DOUBLE (already done).
Skipping halide naive correlation repetition 2 for dataset size SMALL, data type DOUBLE (already done).
Skipping halide naive correlation repetition 2 for dataset size SMALL, data type DOUBLE (already done).
Skipping halide naive floyd-warshall repetition 2 for dataset size SMALL, data type DOUBLE (already done).
Skipping halide naive floyd-warshall repetition 2 for dataset size SMALL, data type DOUBLE (already done).
Skipping halide naive heat-3d repetition 2 for dataset size SMALL, data type DOUBLE (already done).
Skipping halide naive heat-3d repetition 2 for dataset size SMALL, data type DOUBLE (already done).
Skipping halide naive mvt repetition 2 for dataset size SMALL, data type DOUBLE (already done).
Skipping halide naive mvt repetition 2 for dataset size SMALL, data type DOUBLE (already done).
Skipping halide naive seidel-2d repetition 2 for dataset size SMALL, data type DOUBLE (already done).
Skipping halide naive seidel-2d repetition 2 for dataset size SMALL, data type DOUBLE (already done).
Skipping halide naive syr2k repetition 2 for dataset size SMALL, data type DOUBLE (already done).
Skipping halide naive syr2k repetition 2 for dataset size SMALL, data type DOUBLE (already done).
Skipping halide naive syrk repetition 2 for dataset size SMALL, data type DOUBLE (already done).
Skipping halide naive syrk repetition 2 for dataset size SMALL, data type DOUBLE (already done).
-- The CXX compiler identification is GNU 15.2.0
-- Detecting CXX compiler ABI info
-- Detecting CXX compiler ABI info - done
-- Check for working CXX compiler: /usr/local/latestgcc/bin/g++ - skipped
-- Detecting CXX compile features
-- Detecting CXX compile features - done
-- Found Python: /home/kleplj/naive/gpt-querying/.venv/bin/python3.9 (found suitable version "3.9.25", minimum required is "3") found components: Interpreter Development.Module
-- Halide 'host' platform triple:   x86-64-linux
-- Halide 'cmake' platform triple:  x86-64-linux
-- Halide default AOT target:       host
-- Found ZLIB: /usr/lib64/libz.so (found version "1.2.11")
-- Could NOT find PNG (missing: PNG_LIBRARY PNG_PNG_INCLUDE_DIR) 
-- Could NOT find JPEG (missing: JPEG_LIBRARY JPEG_INCLUDE_DIR) 
-- Configuring done (0.8s)
-- Generating done (0.8s)
-- Build files have been written to: /home/kleplj/naive/optimization/naive/PolybenchC-Halide/build
[ 11%] Building CXX object CMakeFiles/gemm.dir/linear-algebra/blas/gemm/gemm.cpp.o
[ 18%] Building CXX object CMakeFiles/2mm.dir/linear-algebra/kernels/2mm/2mm.cpp.o
[ 11%] Building CXX object CMakeFiles/covariance.dir/datamining/covariance/covariance.cpp.o
[ 11%] Building CXX object CMakeFiles/gesummv.dir/linear-algebra/blas/gesummv/gesummv.cpp.o
[ 11%] Building CXX object CMakeFiles/correlation.dir/datamining/correlation/correlation.cpp.o
[ 25%] Building CXX object CMakeFiles/gemver.dir/linear-algebra/blas/gemver/gemver.cpp.o
[ 25%] Building CXX object CMakeFiles/symm.dir/linear-algebra/blas/symm/symm.cpp.o
[ 25%] Building CXX object CMakeFiles/trmm.dir/linear-algebra/blas/trmm/trmm.cpp.o
[ 25%] Building CXX object CMakeFiles/atax.dir/linear-algebra/kernels/atax/atax.cpp.o
[ 25%] Building CXX object CMakeFiles/bicg.dir/linear-algebra/kernels/bicg/bicg.cpp.o
[ 25%] Building CXX object CMakeFiles/syr2k.dir/linear-algebra/blas/syr2k/syr2k.cpp.o
[ 25%] Building CXX object CMakeFiles/3mm.dir/linear-algebra/kernels/3mm/3mm.cpp.o
[ 25%] Building CXX object CMakeFiles/syrk.dir/linear-algebra/blas/syrk/syrk.cpp.o
[ 48%] Building CXX object CMakeFiles/mvt.dir/linear-algebra/kernels/mvt/mvt.cpp.o
[ 48%] Building CXX object CMakeFiles/doitgen.dir/linear-algebra/kernels/doitgen/doitgen.cpp.o
[ 50%] Building CXX object CMakeFiles/durbin.dir/linear-algebra/solvers/durbin/durbin.cpp.o
[ 50%] Building CXX object CMakeFiles/gramschmidt.dir/linear-algebra/solvers/gramschmidt/gramschmidt.cpp.o
[ 50%] Building CXX object CMakeFiles/jacobi-2d.dir/stencils/jacobi-2d/jacobi-2d.cpp.o
[ 50%] Building CXX object CMakeFiles/ludcmp.dir/linear-algebra/solvers/ludcmp/ludcmp.cpp.o
[ 50%] Building CXX object CMakeFiles/adi.dir/stencils/adi/adi.cpp.o
[ 50%] Building CXX object CMakeFiles/floyd-warshall.dir/medley/floyd-warshall/floyd-warshall.cpp.o
[ 50%] Building CXX object CMakeFiles/nussinov.dir/medley/nussinov/nussinov.cpp.o
[ 50%] Building CXX object CMakeFiles/trisolv.dir/linear-algebra/solvers/trisolv/trisolv.cpp.o
[ 50%] Building CXX object CMakeFiles/fdtd-2d.dir/stencils/fdtd-2d/fdtd-2d.cpp.o
[ 50%] Building CXX object CMakeFiles/jacobi-1d.dir/stencils/jacobi-1d/jacobi-1d.cpp.o
[ 50%] Building CXX object CMakeFiles/heat-3d.dir/stencils/heat-3d/heat-3d.cpp.o
[ 50%] Building CXX object CMakeFiles/cholesky.dir/linear-algebra/solvers/cholesky/cholesky.cpp.o
[ 50%] Building CXX object CMakeFiles/deriche.dir/medley/deriche/deriche.cpp.o
[ 50%] Building CXX object CMakeFiles/lu.dir/linear-algebra/solvers/lu/lu.cpp.o
[ 50%] Building CXX object CMakeFiles/seidel-2d.dir/stencils/seidel-2d/seidel-2d.cpp.o
[ 51%] Linking CXX executable gemver
[ 53%] Linking CXX executable gramschmidt
[ 55%] Linking CXX executable adi
[ 55%] Built target adi
[ 56%] Linking CXX executable cholesky
[ 56%] Built target cholesky
[ 58%] Linking CXX executable floyd-warshall
[ 58%] Built target floyd-warshall
[ 60%] Linking CXX executable jacobi-1d
[ 61%] Linking CXX executable syr2k
[ 63%] Linking CXX executable jacobi-2d
[ 65%] Linking CXX executable symm
[ 65%] Built target jacobi-1d
[ 65%] Built target syr2k
[ 65%] Built target jacobi-2d
[ 65%] Built target symm
[ 66%] Linking CXX executable covariance
[ 68%] Linking CXX executable durbin
[ 70%] Linking CXX executable correlation
[ 73%] Linking CXX executable 3mm
[ 73%] Linking CXX executable gesummv
[ 73%] Built target covariance
[ 73%] Built target durbin
[ 73%] Built target correlation
[ 75%] Linking CXX executable mvt
[ 75%] Built target 3mm
[ 75%] Built target gesummv
[ 76%] Linking CXX executable atax
[ 78%] Linking CXX executable trisolv
[ 78%] Built target mvt
[ 78%] Built target atax
[ 80%] Linking CXX executable heat-3d
[ 80%] Built target trisolv
[ 80%] Built target heat-3d
[ 81%] Linking CXX executable fdtd-2d
[ 83%] Linking CXX executable nussinov
[ 85%] Linking CXX executable bicg
[ 85%] Built target fdtd-2d
[ 85%] Built target nussinov
[ 85%] Built target bicg
[ 86%] Linking CXX executable ludcmp
[ 86%] Built target ludcmp
Skipping halide naive floyd-warshall repetition 3 for dataset size SMALL, data type DOUBLE (already done).
Skipping halide naive floyd-warshall repetition 3 for dataset size SMALL, data type DOUBLE (already done).
Skipping halide naive heat-3d repetition 3 for dataset size SMALL, data type DOUBLE (already done).
Skipping halide naive heat-3d repetition 3 for dataset size SMALL, data type DOUBLE (already done).
Skipping halide naive jacobi-2d repetition 3 for dataset size SMALL, data type DOUBLE (already done).
Skipping halide naive jacobi-2d repetition 3 for dataset size SMALL, data type DOUBLE (already done).
Skipping halide naive ludcmp repetition 3 for dataset size SMALL, data type DOUBLE (already done).
Skipping halide naive ludcmp repetition 3 for dataset size SMALL, data type DOUBLE (already done).
Skipping halide naive mvt repetition 3 for dataset size SMALL, data type DOUBLE (already done).
Skipping halide naive mvt repetition 3 for dataset size SMALL, data type DOUBLE (already done).
Skipping halide naive symm repetition 3 for dataset size SMALL, data type DOUBLE (already done).
Skipping halide naive symm repetition 3 for dataset size SMALL, data type DOUBLE (already done).
-- The CXX compiler identification is GNU 15.2.0
-- Detecting CXX compiler ABI info
-- Detecting CXX compiler ABI info - done
-- Check for working CXX compiler: /usr/local/latestgcc/bin/g++ - skipped
-- Detecting CXX compile features
-- Detecting CXX compile features - done
-- Found Python: /home/kleplj/naive/gpt-querying/.venv/bin/python3.9 (found suitable version "3.9.25", minimum required is "3") found components: Interpreter Development.Module
-- Halide 'host' platform triple:   x86-64-linux
-- Halide 'cmake' platform triple:  x86-64-linux
-- Halide default AOT target:       host
-- Found ZLIB: /usr/lib64/libz.so (found version "1.2.11")
-- Could NOT find PNG (missing: PNG_LIBRARY PNG_PNG_INCLUDE_DIR) 
-- Could NOT find JPEG (missing: JPEG_LIBRARY JPEG_INCLUDE_DIR) 
-- Configuring done (0.8s)
-- Generating done (0.8s)
-- Build files have been written to: /home/kleplj/naive/optimization/naive/PolybenchC-Halide/build
[  5%] Building CXX object CMakeFiles/covariance.dir/datamining/covariance/covariance.cpp.o
[  8%] Building CXX object CMakeFiles/correlation.dir/datamining/correlation/correlation.cpp.o
[  8%] Building CXX object CMakeFiles/gemm.dir/linear-algebra/blas/gemm/gemm.cpp.o
[ 16%] Building CXX object CMakeFiles/gesummv.dir/linear-algebra/blas/gesummv/gesummv.cpp.o
[ 16%] Building CXX object CMakeFiles/trmm.dir/linear-algebra/blas/trmm/trmm.cpp.o
[ 16%] Building CXX object CMakeFiles/syr2k.dir/linear-algebra/blas/syr2k/syr2k.cpp.o
[ 16%] Building CXX object CMakeFiles/symm.dir/linear-algebra/blas/symm/symm.cpp.o
[ 16%] Building CXX object CMakeFiles/gemver.dir/linear-algebra/blas/gemver/gemver.cpp.o
[ 31%] Building CXX object CMakeFiles/bicg.dir/linear-algebra/kernels/bicg/bicg.cpp.o
[ 31%] Building CXX object CMakeFiles/atax.dir/linear-algebra/kernels/atax/atax.cpp.o
[ 50%] Building CXX object CMakeFiles/deriche.dir/medley/deriche/deriche.cpp.o
[ 50%] Building CXX object CMakeFiles/trisolv.dir/linear-algebra/solvers/trisolv/trisolv.cpp.o
[ 50%] Building CXX object CMakeFiles/mvt.dir/linear-algebra/kernels/mvt/mvt.cpp.o
[ 50%] Building CXX object CMakeFiles/jacobi-1d.dir/stencils/jacobi-1d/jacobi-1d.cpp.o
[ 50%] Building CXX object CMakeFiles/syrk.dir/linear-algebra/blas/syrk/syrk.cpp.o
[ 50%] Building CXX object CMakeFiles/3mm.dir/linear-algebra/kernels/3mm/3mm.cpp.o
[ 50%] Building CXX object CMakeFiles/adi.dir/stencils/adi/adi.cpp.o
[ 50%] Building CXX object CMakeFiles/heat-3d.dir/stencils/heat-3d/heat-3d.cpp.o
[ 50%] Building CXX object CMakeFiles/2mm.dir/linear-algebra/kernels/2mm/2mm.cpp.o
[ 50%] Building CXX object CMakeFiles/cholesky.dir/linear-algebra/solvers/cholesky/cholesky.cpp.o
[ 50%] Building CXX object CMakeFiles/nussinov.dir/medley/nussinov/nussinov.cpp.o
[ 50%] Building CXX object CMakeFiles/doitgen.dir/linear-algebra/kernels/doitgen/doitgen.cpp.o
[ 50%] Building CXX object CMakeFiles/lu.dir/linear-algebra/solvers/lu/lu.cpp.o
[ 50%] Building CXX object CMakeFiles/floyd-warshall.dir/medley/floyd-warshall/floyd-warshall.cpp.o
[ 50%] Building CXX object CMakeFiles/gramschmidt.dir/linear-algebra/solvers/gramschmidt/gramschmidt.cpp.o
[ 50%] Building CXX object CMakeFiles/fdtd-2d.dir/stencils/fdtd-2d/fdtd-2d.cpp.o
[ 50%] Building CXX object CMakeFiles/durbin.dir/linear-algebra/solvers/durbin/durbin.cpp.o
[ 50%] Building CXX object CMakeFiles/ludcmp.dir/linear-algebra/solvers/ludcmp/ludcmp.cpp.o
[ 50%] Building CXX object CMakeFiles/jacobi-2d.dir/stencils/jacobi-2d/jacobi-2d.cpp.o
[ 50%] Building CXX object CMakeFiles/seidel-2d.dir/stencils/seidel-2d/seidel-2d.cpp.o
[ 51%] Linking CXX executable gemver
[ 53%] Linking CXX executable gramschmidt
[ 55%] Linking CXX executable cholesky
[ 56%] Linking CXX executable adi
[ 56%] Built target cholesky
[ 58%] Linking CXX executable covariance
[ 60%] Linking CXX executable floyd-warshall
[ 60%] Built target adi
[ 61%] Linking CXX executable syrk
[ 61%] Built target covariance
[ 63%] Built target floyd-warshall
[ 63%] Linking CXX executable syr2k
[ 65%] Linking CXX executable jacobi-2d
[ 66%] Linking CXX executable gemm
[ 68%] Linking CXX executable jacobi-1d
[ 68%] Built target syrk
[ 70%] Linking CXX executable symm
[ 70%] Built target syr2k
[ 70%] Built target jacobi-2d
[ 71%] Linking CXX executable 2mm
[ 71%] Built target gemm
[ 73%] Linking CXX executable correlation
[ 73%] Built target jacobi-1d
[ 73%] Built target symm
[ 73%] Built target 2mm
[ 75%] Linking CXX executable gesummv
[ 75%] Built target correlation
[ 76%] Linking CXX executable durbin
[ 78%] Linking CXX executable doitgen
[ 78%] Built target gesummv
[ 78%] Built target durbin
[ 80%] Linking CXX executable nussinov
[ 80%] Built target doitgen
[ 81%] Linking CXX executable atax
[ 83%] Linking CXX executable 3mm
[ 83%] Built target nussinov
[ 85%] Linking CXX executable heat-3d
[ 86%] Linking CXX executable trisolv
[ 88%] Linking CXX executable bicg
[ 88%] Built target atax
[ 88%] Built target 3mm
[ 90%] Linking CXX executable mvt
[ 90%] Built target heat-3d
[ 90%] Built target trisolv
[ 90%] Built target bicg
[ 90%] Built target mvt
[ 91%] Linking CXX executable ludcmp
[ 91%] Built target ludcmp
[ 93%] Linking CXX executable fdtd-2d
[ 93%] Built target fdtd-2d
Skipping halide naive adi repetition 4 for dataset size SMALL, data type DOUBLE (already done).
Skipping halide naive adi repetition 4 for dataset size SMALL, data type DOUBLE (already done).
Skipping halide naive cholesky repetition 4 for dataset size SMALL, data type DOUBLE (already done).
Skipping halide naive cholesky repetition 4 for dataset size SMALL, data type DOUBLE (already done).
Skipping halide naive correlation repetition 4 for dataset size SMALL, data type DOUBLE (already done).
Skipping halide naive correlation repetition 4 for dataset size SMALL, data type DOUBLE (already done).
Skipping halide naive covariance repetition 4 for dataset size SMALL, data type DOUBLE (already done).
Skipping halide naive covariance repetition 4 for dataset size SMALL, data type DOUBLE (already done).
Skipping halide naive floyd-warshall repetition 4 for dataset size SMALL, data type DOUBLE (already done).
Skipping halide naive floyd-warshall repetition 4 for dataset size SMALL, data type DOUBLE (already done).
Skipping halide naive gesummv repetition 4 for dataset size SMALL, data type DOUBLE (already done).
Skipping halide naive gesummv repetition 4 for dataset size SMALL, data type DOUBLE (already done).
Skipping halide naive jacobi-2d repetition 4 for dataset size SMALL, data type DOUBLE (already done).
Skipping halide naive jacobi-2d repetition 4 for dataset size SMALL, data type DOUBLE (already done).
Skipping halide naive syr2k repetition 4 for dataset size SMALL, data type DOUBLE (already done).
Skipping halide naive syr2k repetition 4 for dataset size SMALL, data type DOUBLE (already done).
-- The CXX compiler identification is GNU 15.2.0
-- Detecting CXX compiler ABI info
-- Detecting CXX compiler ABI info - done
-- Check for working CXX compiler: /usr/local/latestgcc/bin/g++ - skipped
-- Detecting CXX compile features
-- Detecting CXX compile features - done
-- Found Python: /home/kleplj/naive/gpt-querying/.venv/bin/python3.9 (found suitable version "3.9.25", minimum required is "3") found components: Interpreter Development.Module
-- Halide 'host' platform triple:   x86-64-linux
-- Halide 'cmake' platform triple:  x86-64-linux
-- Halide default AOT target:       host
-- Found ZLIB: /usr/lib64/libz.so (found version "1.2.11")
-- Could NOT find PNG (missing: PNG_LIBRARY PNG_PNG_INCLUDE_DIR) 
-- Could NOT find JPEG (missing: JPEG_LIBRARY JPEG_INCLUDE_DIR) 
-- Configuring done (0.8s)
-- Generating done (0.8s)
-- Build files have been written to: /home/kleplj/naive/optimization/naive/PolybenchC-Halide/build
[  8%] Building CXX object CMakeFiles/correlation.dir/datamining/correlation/correlation.cpp.o
[  8%] Building CXX object CMakeFiles/gemm.dir/linear-algebra/blas/gemm/gemm.cpp.o
[  8%] Building CXX object CMakeFiles/covariance.dir/datamining/covariance/covariance.cpp.o
[ 11%] Building CXX object CMakeFiles/gemver.dir/linear-algebra/blas/gemver/gemver.cpp.o
[ 11%] Building CXX object CMakeFiles/symm.dir/linear-algebra/blas/symm/symm.cpp.o
[ 20%] Building CXX object CMakeFiles/2mm.dir/linear-algebra/kernels/2mm/2mm.cpp.o
[ 20%] Building CXX object CMakeFiles/gesummv.dir/linear-algebra/blas/gesummv/gesummv.cpp.o
[ 20%] Building CXX object CMakeFiles/syrk.dir/linear-algebra/blas/syrk/syrk.cpp.o
[ 20%] Building CXX object CMakeFiles/syr2k.dir/linear-algebra/blas/syr2k/syr2k.cpp.o
[ 31%] Building CXX object CMakeFiles/doitgen.dir/linear-algebra/kernels/doitgen/doitgen.cpp.o
[ 31%] Building CXX object CMakeFiles/trmm.dir/linear-algebra/blas/trmm/trmm.cpp.o
[ 50%] Building CXX object CMakeFiles/ludcmp.dir/linear-algebra/solvers/ludcmp/ludcmp.cpp.o
[ 50%] Building CXX object CMakeFiles/floyd-warshall.dir/medley/floyd-warshall/floyd-warshall.cpp.o
[ 50%] Building CXX object CMakeFiles/jacobi-1d.dir/stencils/jacobi-1d/jacobi-1d.cpp.o
[ 50%] Building CXX object CMakeFiles/jacobi-2d.dir/stencils/jacobi-2d/jacobi-2d.cpp.o
[ 50%] Building CXX object CMakeFiles/deriche.dir/medley/deriche/deriche.cpp.o
[ 50%] Building CXX object CMakeFiles/mvt.dir/linear-algebra/kernels/mvt/mvt.cpp.o
[ 50%] Building CXX object CMakeFiles/durbin.dir/linear-algebra/solvers/durbin/durbin.cpp.o
[ 50%] Building CXX object CMakeFiles/bicg.dir/linear-algebra/kernels/bicg/bicg.cpp.o
[ 50%] Building CXX object CMakeFiles/3mm.dir/linear-algebra/kernels/3mm/3mm.cpp.o
[ 50%] Building CXX object CMakeFiles/atax.dir/linear-algebra/kernels/atax/atax.cpp.o
[ 50%] Building CXX object CMakeFiles/gramschmidt.dir/linear-algebra/solvers/gramschmidt/gramschmidt.cpp.o
[ 50%] Building CXX object CMakeFiles/nussinov.dir/medley/nussinov/nussinov.cpp.o
[ 50%] Building CXX object CMakeFiles/lu.dir/linear-algebra/solvers/lu/lu.cpp.o
[ 50%] Building CXX object CMakeFiles/cholesky.dir/linear-algebra/solvers/cholesky/cholesky.cpp.o
[ 50%] Building CXX object CMakeFiles/trisolv.dir/linear-algebra/solvers/trisolv/trisolv.cpp.o
[ 50%] Building CXX object CMakeFiles/fdtd-2d.dir/stencils/fdtd-2d/fdtd-2d.cpp.o
[ 50%] Building CXX object CMakeFiles/seidel-2d.dir/stencils/seidel-2d/seidel-2d.cpp.o
[ 50%] Building CXX object CMakeFiles/heat-3d.dir/stencils/heat-3d/heat-3d.cpp.o
[ 50%] Building CXX object CMakeFiles/adi.dir/stencils/adi/adi.cpp.o
[ 51%] Linking CXX executable gemver
[ 53%] Linking CXX executable gramschmidt
[ 55%] Linking CXX executable cholesky
[ 56%] Linking CXX executable deriche
[ 56%] Built target cholesky
[ 58%] Linking CXX executable trmm
[ 60%] Linking CXX executable floyd-warshall
[ 61%] Linking CXX executable syr2k
[ 63%] Linking CXX executable covariance
[ 63%] Built target deriche
[ 63%] Built target trmm
[ 63%] Built target floyd-warshall
[ 63%] Built target syr2k
[ 65%] Linking CXX executable jacobi-1d
[ 65%] Built target covariance
[ 66%] Linking CXX executable jacobi-2d
[ 68%] Linking CXX executable symm
[ 70%] Linking CXX executable durbin
[ 70%] Built target jacobi-1d
[ 71%] Linking CXX executable syrk
[ 73%] Linking CXX executable lu
[ 75%] Linking CXX executable 2mm
[ 76%] Linking CXX executable gemm
[ 76%] Built target jacobi-2d
[ 76%] Built target symm
[ 76%] Built target durbin
[ 76%] Built target lu
[ 76%] Built target syrk
[ 78%] Linking CXX executable correlation
[ 78%] Built target 2mm
[ 78%] Built target gemm
[ 80%] Linking CXX executable heat-3d
[ 81%] Linking CXX executable gesummv
[ 83%] Linking CXX executable 3mm
[ 85%] Linking CXX executable seidel-2d
[ 85%] Built target correlation
[ 85%] Built target heat-3d
[ 85%] Built target gesummv
[ 85%] Built target 3mm
[ 85%] Built target seidel-2d
[ 86%] Linking CXX executable doitgen
[ 88%] Linking CXX executable bicg
[ 90%] Linking CXX executable mvt
[ 91%] Linking CXX executable trisolv
[ 91%] Built target doitgen
[ 91%] Built target bicg
[ 91%] Built target mvt
[ 91%] Built target trisolv
[ 93%] Linking CXX executable fdtd-2d
[ 93%] Built target fdtd-2d
[ 95%] Linking CXX executable ludcmp
[ 95%] Built target ludcmp
[ 96%] Linking CXX executable adi
[ 96%] Built target adi
Skipping halide naive correlation repetition 5 for dataset size SMALL, data type DOUBLE (already done).
Skipping halide naive correlation repetition 5 for dataset size SMALL, data type DOUBLE (already done).
Skipping halide naive covariance repetition 5 for dataset size SMALL, data type DOUBLE (already done).
Skipping halide naive covariance repetition 5 for dataset size SMALL, data type DOUBLE (already done).
Skipping halide naive deriche repetition 5 for dataset size SMALL, data type DOUBLE (already done).
Skipping halide naive deriche repetition 5 for dataset size SMALL, data type DOUBLE (already done).
Skipping halide naive fdtd-2d repetition 5 for dataset size SMALL, data type DOUBLE (already done).
Skipping halide naive fdtd-2d repetition 5 for dataset size SMALL, data type DOUBLE (already done).
Skipping halide naive floyd-warshall repetition 5 for dataset size SMALL, data type DOUBLE (already done).
Skipping halide naive floyd-warshall repetition 5 for dataset size SMALL, data type DOUBLE (already done).
Skipping halide naive gesummv repetition 5 for dataset size SMALL, data type DOUBLE (already done).
Skipping halide naive gesummv repetition 5 for dataset size SMALL, data type DOUBLE (already done).
Skipping halide naive heat-3d repetition 5 for dataset size SMALL, data type DOUBLE (already done).
Skipping halide naive heat-3d repetition 5 for dataset size SMALL, data type DOUBLE (already done).
Skipping halide naive seidel-2d repetition 5 for dataset size SMALL, data type DOUBLE (already done).
Skipping halide naive seidel-2d repetition 5 for dataset size SMALL, data type DOUBLE (already done).
Skipping halide naive syrk repetition 5 for dataset size SMALL, data type DOUBLE (already done).
Skipping halide naive syrk repetition 5 for dataset size SMALL, data type DOUBLE (already done).
Skipping halide naive trisolv repetition 5 for dataset size SMALL, data type DOUBLE (already done).
Skipping halide naive trisolv repetition 5 for dataset size SMALL, data type DOUBLE (already done).
Generated C for 'gesummv' in /home/kleplj/naive/optimization/naive/PolybenchC-Exo/build/generated/gesummv
Built gesummv executable.
Generated C for 'symm' in /home/kleplj/naive/optimization/naive/PolybenchC-Exo/build/generated/symm
Built symm executable.
Generated C for 'syr2k' in /home/kleplj/naive/optimization/naive/PolybenchC-Exo/build/generated/syr2k
Built syr2k executable.
Generated C for 'syrk' in /home/kleplj/naive/optimization/naive/PolybenchC-Exo/build/generated/syrk
Built syrk executable.
Generated C for '2mm' in /home/kleplj/naive/optimization/naive/PolybenchC-Exo/build/generated/2mm
Built 2mm executable.
Generated C for '3mm' in /home/kleplj/naive/optimization/naive/PolybenchC-Exo/build/generated/3mm
Built 3mm executable.
Generated C for 'bicg' in /home/kleplj/naive/optimization/naive/PolybenchC-Exo/build/generated/bicg
Built bicg executable.
Generated C for 'cholesky' in /home/kleplj/naive/optimization/naive/PolybenchC-Exo/build/generated/cholesky
Built cholesky executable.
Generated C for 'gramschmidt' in /home/kleplj/naive/optimization/naive/PolybenchC-Exo/build/generated/gramschmidt
Generated C for 'lu' in /home/kleplj/naive/optimization/naive/PolybenchC-Exo/build/generated/lu
Built lu executable.
Generated C for 'ludcmp' in /home/kleplj/naive/optimization/naive/PolybenchC-Exo/build/generated/ludcmp
Built ludcmp executable.
Generated C for 'trisolv' in /home/kleplj/naive/optimization/naive/PolybenchC-Exo/build/generated/trisolv
Built trisolv executable.
Generated C for 'covariance' in /home/kleplj/naive/optimization/naive/PolybenchC-Exo/build/generated/covariance
Built covariance executable.
Generated C for 'adi' in /home/kleplj/naive/optimization/naive/PolybenchC-Exo/build/generated/adi
Built adi executable.
Generated C for 'fdtd-2d' in /home/kleplj/naive/optimization/naive/PolybenchC-Exo/build/generated/fdtd-2d
Built fdtd-2d executable.
Generated C for 'jacobi-1d' in /home/kleplj/naive/optimization/naive/PolybenchC-Exo/build/generated/jacobi-1d
Built jacobi-1d executable.
Generated C for 'floyd-warshall' in /home/kleplj/naive/optimization/naive/PolybenchC-Exo/build/generated/floyd-warshall
Built floyd-warshall executable.
Generated C for 'nussinov' in /home/kleplj/naive/optimization/naive/PolybenchC-Exo/build/generated/nussinov
Built nussinov executable.
Exo build complete. Generated sources in: /home/kleplj/naive/optimization/naive/PolybenchC-Exo/build
Removing temp dir /tmp/slurm.303971/tmp.ugFPOMec3V
Skipping exo naive 2mm repetition 1 for dataset size SMALL, data type DOUBLE (already done).
Skipping exo naive 2mm repetition 1 for dataset size SMALL, data type DOUBLE (already done).
Skipping exo naive 3mm repetition 1 for dataset size SMALL, data type DOUBLE (already done).
Skipping exo naive 3mm repetition 1 for dataset size SMALL, data type DOUBLE (already done).
Skipping exo naive adi repetition 1 for dataset size SMALL, data type DOUBLE (already done).
Skipping exo naive adi repetition 1 for dataset size SMALL, data type DOUBLE (already done).
Skipping exo naive bicg repetition 1 for dataset size SMALL, data type DOUBLE (already done).
Skipping exo naive bicg repetition 1 for dataset size SMALL, data type DOUBLE (already done).
Skipping exo naive cholesky repetition 1 for dataset size SMALL, data type DOUBLE (already done).
Skipping exo naive cholesky repetition 1 for dataset size SMALL, data type DOUBLE (already done).
Skipping exo naive covariance repetition 1 for dataset size SMALL, data type DOUBLE (already done).
Skipping exo naive covariance repetition 1 for dataset size SMALL, data type DOUBLE (already done).
Skipping exo naive fdtd-2d repetition 1 for dataset size SMALL, data type DOUBLE (already done).
Skipping exo naive fdtd-2d repetition 1 for dataset size SMALL, data type DOUBLE (already done).
Skipping exo naive floyd-warshall repetition 1 for dataset size SMALL, data type DOUBLE (already done).
Skipping exo naive floyd-warshall repetition 1 for dataset size SMALL, data type DOUBLE (already done).
Skipping exo naive gesummv repetition 1 for dataset size SMALL, data type DOUBLE (already done).
Skipping exo naive gesummv repetition 1 for dataset size SMALL, data type DOUBLE (already done).
Skipping exo naive jacobi-1d repetition 1 for dataset size SMALL, data type DOUBLE (already done).
Skipping exo naive jacobi-1d repetition 1 for dataset size SMALL, data type DOUBLE (already done).
Skipping exo naive lu repetition 1 for dataset size SMALL, data type DOUBLE (already done).
Skipping exo naive lu repetition 1 for dataset size SMALL, data type DOUBLE (already done).
Skipping exo naive ludcmp repetition 1 for dataset size SMALL, data type DOUBLE (already done).
Skipping exo naive ludcmp repetition 1 for dataset size SMALL, data type DOUBLE (already done).
Skipping exo naive nussinov repetition 1 for dataset size SMALL, data type DOUBLE (already done).
Skipping exo naive nussinov repetition 1 for dataset size SMALL, data type DOUBLE (already done).
Skipping exo naive symm repetition 1 for dataset size SMALL, data type DOUBLE (already done).
Skipping exo naive symm repetition 1 for dataset size SMALL, data type DOUBLE (already done).
Skipping exo naive syr2k repetition 1 for dataset size SMALL, data type DOUBLE (already done).
Skipping exo naive syr2k repetition 1 for dataset size SMALL, data type DOUBLE (already done).
Skipping exo naive syrk repetition 1 for dataset size SMALL, data type DOUBLE (already done).
Skipping exo naive syrk repetition 1 for dataset size SMALL, data type DOUBLE (already done).
Skipping exo naive trisolv repetition 1 for dataset size SMALL, data type DOUBLE (already done).
Skipping exo naive trisolv repetition 1 for dataset size SMALL, data type DOUBLE (already done).
Generated C for 'gemm' in /home/kleplj/naive/optimization/naive/PolybenchC-Exo/build/generated/gemm
Built gemm executable.
Generated C for 'gemver' in /home/kleplj/naive/optimization/naive/PolybenchC-Exo/build/generated/gemver
Generated C for 'gesummv' in /home/kleplj/naive/optimization/naive/PolybenchC-Exo/build/generated/gesummv
Built gesummv executable.
Generated C for 'symm' in /home/kleplj/naive/optimization/naive/PolybenchC-Exo/build/generated/symm
Built symm executable.
Generated C for 'syr2k' in /home/kleplj/naive/optimization/naive/PolybenchC-Exo/build/generated/syr2k
Built syr2k executable.
Generated C for 'syrk' in /home/kleplj/naive/optimization/naive/PolybenchC-Exo/build/generated/syrk
Built syrk executable.
Generated C for 'trmm' in /home/kleplj/naive/optimization/naive/PolybenchC-Exo/build/generated/trmm
Built trmm executable.
Generated C for '2mm' in /home/kleplj/naive/optimization/naive/PolybenchC-Exo/build/generated/2mm
Built 2mm executable.
Generated C for '3mm' in /home/kleplj/naive/optimization/naive/PolybenchC-Exo/build/generated/3mm
Built 3mm executable.
Generated C for 'bicg' in /home/kleplj/naive/optimization/naive/PolybenchC-Exo/build/generated/bicg
Built bicg executable.
Generated C for 'doitgen' in /home/kleplj/naive/optimization/naive/PolybenchC-Exo/build/generated/doitgen
Built doitgen executable.
Generated C for 'mvt' in /home/kleplj/naive/optimization/naive/PolybenchC-Exo/build/generated/mvt
Built mvt executable.
Generated C for 'cholesky' in /home/kleplj/naive/optimization/naive/PolybenchC-Exo/build/generated/cholesky
Built cholesky executable.
Generated C for 'lu' in /home/kleplj/naive/optimization/naive/PolybenchC-Exo/build/generated/lu
Built lu executable.
Generated C for 'ludcmp' in /home/kleplj/naive/optimization/naive/PolybenchC-Exo/build/generated/ludcmp
Built ludcmp executable.
Generated C for 'trisolv' in /home/kleplj/naive/optimization/naive/PolybenchC-Exo/build/generated/trisolv
Generated C for 'correlation' in /home/kleplj/naive/optimization/naive/PolybenchC-Exo/build/generated/correlation
Built correlation executable.
Generated C for 'covariance' in /home/kleplj/naive/optimization/naive/PolybenchC-Exo/build/generated/covariance
Built covariance executable.
Generated C for 'adi' in /home/kleplj/naive/optimization/naive/PolybenchC-Exo/build/generated/adi
Built adi executable.
Generated C for 'fdtd-2d' in /home/kleplj/naive/optimization/naive/PolybenchC-Exo/build/generated/fdtd-2d
Built fdtd-2d executable.
Generated C for 'heat-3d' in /home/kleplj/naive/optimization/naive/PolybenchC-Exo/build/generated/heat-3d
Built heat-3d executable.
Generated C for 'jacobi-1d' in /home/kleplj/naive/optimization/naive/PolybenchC-Exo/build/generated/jacobi-1d
Built jacobi-1d executable.
Generated C for 'nussinov' in /home/kleplj/naive/optimization/naive/PolybenchC-Exo/build/generated/nussinov
Built nussinov executable.
Exo build complete. Generated sources in: /home/kleplj/naive/optimization/naive/PolybenchC-Exo/build
Removing temp dir /tmp/slurm.303971/tmp.cvWY3WrTpg
Skipping exo naive 2mm repetition 2 for dataset size SMALL, data type DOUBLE (already done).
Skipping exo naive 2mm repetition 2 for dataset size SMALL, data type DOUBLE (already done).
Skipping exo naive 3mm repetition 2 for dataset size SMALL, data type DOUBLE (already done).
Skipping exo naive 3mm repetition 2 for dataset size SMALL, data type DOUBLE (already done).
Skipping exo naive adi repetition 2 for dataset size SMALL, data type DOUBLE (already done).
Skipping exo naive adi repetition 2 for dataset size SMALL, data type DOUBLE (already done).
Skipping exo naive bicg repetition 2 for dataset size SMALL, data type DOUBLE (already done).
Skipping exo naive bicg repetition 2 for dataset size SMALL, data type DOUBLE (already done).
Skipping exo naive correlation repetition 2 for dataset size SMALL, data type DOUBLE (already done).
Skipping exo naive correlation repetition 2 for dataset size SMALL, data type DOUBLE (already done).
Skipping exo naive covariance repetition 2 for dataset size SMALL, data type DOUBLE (already done).
Skipping exo naive covariance repetition 2 for dataset size SMALL, data type DOUBLE (already done).
Skipping exo naive doitgen repetition 2 for dataset size SMALL, data type DOUBLE (already done).
Skipping exo naive doitgen repetition 2 for dataset size SMALL, data type DOUBLE (already done).
Skipping exo naive fdtd-2d repetition 2 for dataset size SMALL, data type DOUBLE (already done).
Skipping exo naive fdtd-2d repetition 2 for dataset size SMALL, data type DOUBLE (already done).
Skipping exo naive gemm repetition 2 for dataset size SMALL, data type DOUBLE (already done).
Skipping exo naive gemm repetition 2 for dataset size SMALL, data type DOUBLE (already done).
Skipping exo naive gesummv repetition 2 for dataset size SMALL, data type DOUBLE (already done).
Skipping exo naive gesummv repetition 2 for dataset size SMALL, data type DOUBLE (already done).
Skipping exo naive heat-3d repetition 2 for dataset size SMALL, data type DOUBLE (already done).
Skipping exo naive heat-3d repetition 2 for dataset size SMALL, data type DOUBLE (already done).
Skipping exo naive jacobi-1d repetition 2 for dataset size SMALL, data type DOUBLE (already done).
Skipping exo naive jacobi-1d repetition 2 for dataset size SMALL, data type DOUBLE (already done).
Skipping exo naive lu repetition 2 for dataset size SMALL, data type DOUBLE (already done).
Skipping exo naive lu repetition 2 for dataset size SMALL, data type DOUBLE (already done).
Skipping exo naive ludcmp repetition 2 for dataset size SMALL, data type DOUBLE (already done).
Skipping exo naive ludcmp repetition 2 for dataset size SMALL, data type DOUBLE (already done).
Skipping exo naive mvt repetition 2 for dataset size SMALL, data type DOUBLE (already done).
Skipping exo naive mvt repetition 2 for dataset size SMALL, data type DOUBLE (already done).
Skipping exo naive nussinov repetition 2 for dataset size SMALL, data type DOUBLE (already done).
Skipping exo naive nussinov repetition 2 for dataset size SMALL, data type DOUBLE (already done).
Skipping exo naive symm repetition 2 for dataset size SMALL, data type DOUBLE (already done).
Skipping exo naive symm repetition 2 for dataset size SMALL, data type DOUBLE (already done).
Skipping exo naive syr2k repetition 2 for dataset size SMALL, data type DOUBLE (already done).
Skipping exo naive syr2k repetition 2 for dataset size SMALL, data type DOUBLE (already done).
Skipping exo naive syrk repetition 2 for dataset size SMALL, data type DOUBLE (already done).
Skipping exo naive syrk repetition 2 for dataset size SMALL, data type DOUBLE (already done).
Skipping exo naive trmm repetition 2 for dataset size SMALL, data type DOUBLE (already done).
Skipping exo naive trmm repetition 2 for dataset size SMALL, data type DOUBLE (already done).
Generated C for 'gemm' in /home/kleplj/naive/optimization/naive/PolybenchC-Exo/build/generated/gemm
Built gemm executable.
Generated C for 'gesummv' in /home/kleplj/naive/optimization/naive/PolybenchC-Exo/build/generated/gesummv
Built gesummv executable.
Generated C for 'syr2k' in /home/kleplj/naive/optimization/naive/PolybenchC-Exo/build/generated/syr2k
Built syr2k executable.
Generated C for 'trmm' in /home/kleplj/naive/optimization/naive/PolybenchC-Exo/build/generated/trmm
Built trmm executable.
Generated C for '3mm' in /home/kleplj/naive/optimization/naive/PolybenchC-Exo/build/generated/3mm
Built 3mm executable.
Generated C for 'bicg' in /home/kleplj/naive/optimization/naive/PolybenchC-Exo/build/generated/bicg
Built bicg executable.
Generated C for 'doitgen' in /home/kleplj/naive/optimization/naive/PolybenchC-Exo/build/generated/doitgen
Built doitgen executable.
Generated C for 'mvt' in /home/kleplj/naive/optimization/naive/PolybenchC-Exo/build/generated/mvt
Built mvt executable.
Generated C for 'cholesky' in /home/kleplj/naive/optimization/naive/PolybenchC-Exo/build/generated/cholesky
Built cholesky executable.
Generated C for 'durbin' in /home/kleplj/naive/optimization/naive/PolybenchC-Exo/build/generated/durbin
Built durbin executable.
Generated C for 'gramschmidt' in /home/kleplj/naive/optimization/naive/PolybenchC-Exo/build/generated/gramschmidt
Built gramschmidt executable.
Generated C for 'lu' in /home/kleplj/naive/optimization/naive/PolybenchC-Exo/build/generated/lu
Built lu executable.
Generated C for 'ludcmp' in /home/kleplj/naive/optimization/naive/PolybenchC-Exo/build/generated/ludcmp
Built ludcmp executable.
Generated C for 'trisolv' in /home/kleplj/naive/optimization/naive/PolybenchC-Exo/build/generated/trisolv
Built trisolv executable.
Generated C for 'correlation' in /home/kleplj/naive/optimization/naive/PolybenchC-Exo/build/generated/correlation
Built correlation executable.
Generated C for 'covariance' in /home/kleplj/naive/optimization/naive/PolybenchC-Exo/build/generated/covariance
Built covariance executable.
Generated C for 'fdtd-2d' in /home/kleplj/naive/optimization/naive/PolybenchC-Exo/build/generated/fdtd-2d
Built fdtd-2d executable.
Generated C for 'heat-3d' in /home/kleplj/naive/optimization/naive/PolybenchC-Exo/build/generated/heat-3d
Built heat-3d executable.
Generated C for 'jacobi-2d' in /home/kleplj/naive/optimization/naive/PolybenchC-Exo/build/generated/jacobi-2d
Built jacobi-2d executable.
Generated C for 'seidel-2d' in /home/kleplj/naive/optimization/naive/PolybenchC-Exo/build/generated/seidel-2d
Built seidel-2d executable.
Generated C for 'floyd-warshall' in /home/kleplj/naive/optimization/naive/PolybenchC-Exo/build/generated/floyd-warshall
Built floyd-warshall executable.
Generated C for 'nussinov' in /home/kleplj/naive/optimization/naive/PolybenchC-Exo/build/generated/nussinov
Exo build complete. Generated sources in: /home/kleplj/naive/optimization/naive/PolybenchC-Exo/build
Removing temp dir /tmp/slurm.303971/tmp.0K4hVMO0Cs
Skipping exo naive 3mm repetition 3 for dataset size SMALL, data type DOUBLE (already done).
Skipping exo naive 3mm repetition 3 for dataset size SMALL, data type DOUBLE (already done).
Skipping exo naive bicg repetition 3 for dataset size SMALL, data type DOUBLE (already done).
Skipping exo naive bicg repetition 3 for dataset size SMALL, data type DOUBLE (already done).
Skipping exo naive cholesky repetition 3 for dataset size SMALL, data type DOUBLE (already done).
Skipping exo naive cholesky repetition 3 for dataset size SMALL, data type DOUBLE (already done).
Skipping exo naive correlation repetition 3 for dataset size SMALL, data type DOUBLE (already done).
Skipping exo naive correlation repetition 3 for dataset size SMALL, data type DOUBLE (already done).
Skipping exo naive covariance repetition 3 for dataset size SMALL, data type DOUBLE (already done).
Skipping exo naive covariance repetition 3 for dataset size SMALL, data type DOUBLE (already done).
Skipping exo naive doitgen repetition 3 for dataset size SMALL, data type DOUBLE (already done).
Skipping exo naive doitgen repetition 3 for dataset size SMALL, data type DOUBLE (already done).
Skipping exo naive durbin repetition 3 for dataset size SMALL, data type DOUBLE (already done).
Skipping exo naive durbin repetition 3 for dataset size SMALL, data type DOUBLE (already done).
Skipping exo naive fdtd-2d repetition 3 for dataset size SMALL, data type DOUBLE (already done).
Skipping exo naive fdtd-2d repetition 3 for dataset size SMALL, data type DOUBLE (already done).
Skipping exo naive floyd-warshall repetition 3 for dataset size SMALL, data type DOUBLE (already done).
Skipping exo naive floyd-warshall repetition 3 for dataset size SMALL, data type DOUBLE (already done).
Skipping exo naive gemm repetition 3 for dataset size SMALL, data type DOUBLE (already done).
Skipping exo naive gemm repetition 3 for dataset size SMALL, data type DOUBLE (already done).
Skipping exo naive gesummv repetition 3 for dataset size SMALL, data type DOUBLE (already done).
Skipping exo naive gesummv repetition 3 for dataset size SMALL, data type DOUBLE (already done).
Skipping exo naive heat-3d repetition 3 for dataset size SMALL, data type DOUBLE (already done).
Skipping exo naive heat-3d repetition 3 for dataset size SMALL, data type DOUBLE (already done).
Skipping exo naive jacobi-2d repetition 3 for dataset size SMALL, data type DOUBLE (already done).
Skipping exo naive jacobi-2d repetition 3 for dataset size SMALL, data type DOUBLE (already done).
Skipping exo naive lu repetition 3 for dataset size SMALL, data type DOUBLE (already done).
Skipping exo naive lu repetition 3 for dataset size SMALL, data type DOUBLE (already done).
Skipping exo naive ludcmp repetition 3 for dataset size SMALL, data type DOUBLE (already done).
Skipping exo naive ludcmp repetition 3 for dataset size SMALL, data type DOUBLE (already done).
Skipping exo naive mvt repetition 3 for dataset size SMALL, data type DOUBLE (already done).
Skipping exo naive mvt repetition 3 for dataset size SMALL, data type DOUBLE (already done).
Skipping exo naive seidel-2d repetition 3 for dataset size SMALL, data type DOUBLE (already done).
Skipping exo naive seidel-2d repetition 3 for dataset size SMALL, data type DOUBLE (already done).
Skipping exo naive syr2k repetition 3 for dataset size SMALL, data type DOUBLE (already done).
Skipping exo naive syr2k repetition 3 for dataset size SMALL, data type DOUBLE (already done).
Skipping exo naive trisolv repetition 3 for dataset size SMALL, data type DOUBLE (already done).
Skipping exo naive trisolv repetition 3 for dataset size SMALL, data type DOUBLE (already done).
Skipping exo naive trmm repetition 3 for dataset size SMALL, data type DOUBLE (already done).
Skipping exo naive trmm repetition 3 for dataset size SMALL, data type DOUBLE (already done).
Generated C for 'gemm' in /home/kleplj/naive/optimization/naive/PolybenchC-Exo/build/generated/gemm
Built gemm executable.
Generated C for 'gesummv' in /home/kleplj/naive/optimization/naive/PolybenchC-Exo/build/generated/gesummv
Built gesummv executable.
Generated C for 'symm' in /home/kleplj/naive/optimization/naive/PolybenchC-Exo/build/generated/symm
Built symm executable.
Generated C for 'syr2k' in /home/kleplj/naive/optimization/naive/PolybenchC-Exo/build/generated/syr2k
Built syr2k executable.
Generated C for 'syrk' in /home/kleplj/naive/optimization/naive/PolybenchC-Exo/build/generated/syrk
Built syrk executable.
Generated C for 'trmm' in /home/kleplj/naive/optimization/naive/PolybenchC-Exo/build/generated/trmm
Built trmm executable.
Generated C for '3mm' in /home/kleplj/naive/optimization/naive/PolybenchC-Exo/build/generated/3mm
Built 3mm executable.
Generated C for 'atax' in /home/kleplj/naive/optimization/naive/PolybenchC-Exo/build/generated/atax
Built atax executable.
Generated C for 'bicg' in /home/kleplj/naive/optimization/naive/PolybenchC-Exo/build/generated/bicg
Built bicg executable.
Generated C for 'doitgen' in /home/kleplj/naive/optimization/naive/PolybenchC-Exo/build/generated/doitgen
Built doitgen executable.
Generated C for 'mvt' in /home/kleplj/naive/optimization/naive/PolybenchC-Exo/build/generated/mvt
Built mvt executable.
Generated C for 'cholesky' in /home/kleplj/naive/optimization/naive/PolybenchC-Exo/build/generated/cholesky
Built cholesky executable.
Generated C for 'durbin' in /home/kleplj/naive/optimization/naive/PolybenchC-Exo/build/generated/durbin
Built durbin executable.
Generated C for 'gramschmidt' in /home/kleplj/naive/optimization/naive/PolybenchC-Exo/build/generated/gramschmidt
Built gramschmidt executable.
Generated C for 'lu' in /home/kleplj/naive/optimization/naive/PolybenchC-Exo/build/generated/lu
Built lu executable.
Generated C for 'trisolv' in /home/kleplj/naive/optimization/naive/PolybenchC-Exo/build/generated/trisolv
Built trisolv executable.
Generated C for 'adi' in /home/kleplj/naive/optimization/naive/PolybenchC-Exo/build/generated/adi
Built adi executable.
Generated C for 'heat-3d' in /home/kleplj/naive/optimization/naive/PolybenchC-Exo/build/generated/heat-3d
Built heat-3d executable.
Generated C for 'seidel-2d' in /home/kleplj/naive/optimization/naive/PolybenchC-Exo/build/generated/seidel-2d
Built seidel-2d executable.
Exo build complete. Generated sources in: /home/kleplj/naive/optimization/naive/PolybenchC-Exo/build
Removing temp dir /tmp/slurm.303971/tmp.KmWY8ce64Z
Skipping exo naive 3mm repetition 4 for dataset size SMALL, data type DOUBLE (already done).
Skipping exo naive 3mm repetition 4 for dataset size SMALL, data type DOUBLE (already done).
Skipping exo naive adi repetition 4 for dataset size SMALL, data type DOUBLE (already done).
Skipping exo naive adi repetition 4 for dataset size SMALL, data type DOUBLE (already done).
Skipping exo naive atax repetition 4 for dataset size SMALL, data type DOUBLE (already done).
Skipping exo naive atax repetition 4 for dataset size SMALL, data type DOUBLE (already done).
Skipping exo naive bicg repetition 4 for dataset size SMALL, data type DOUBLE (already done).
Skipping exo naive bicg repetition 4 for dataset size SMALL, data type DOUBLE (already done).
Skipping exo naive cholesky repetition 4 for dataset size SMALL, data type DOUBLE (already done).
Skipping exo naive cholesky repetition 4 for dataset size SMALL, data type DOUBLE (already done).
Skipping exo naive doitgen repetition 4 for dataset size SMALL, data type DOUBLE (already done).
Skipping exo naive doitgen repetition 4 for dataset size SMALL, data type DOUBLE (already done).
Skipping exo naive durbin repetition 4 for dataset size SMALL, data type DOUBLE (already done).
Skipping exo naive durbin repetition 4 for dataset size SMALL, data type DOUBLE (already done).
Skipping exo naive gemm repetition 4 for dataset size SMALL, data type DOUBLE (already done).
Skipping exo naive gemm repetition 4 for dataset size SMALL, data type DOUBLE (already done).
Skipping exo naive gesummv repetition 4 for dataset size SMALL, data type DOUBLE (already done).
Skipping exo naive gesummv repetition 4 for dataset size SMALL, data type DOUBLE (already done).
Skipping exo naive heat-3d repetition 4 for dataset size SMALL, data type DOUBLE (already done).
Skipping exo naive heat-3d repetition 4 for dataset size SMALL, data type DOUBLE (already done).
Skipping exo naive lu repetition 4 for dataset size SMALL, data type DOUBLE (already done).
Skipping exo naive lu repetition 4 for dataset size SMALL, data type DOUBLE (already done).
Skipping exo naive mvt repetition 4 for dataset size SMALL, data type DOUBLE (already done).
Skipping exo naive mvt repetition 4 for dataset size SMALL, data type DOUBLE (already done).
Skipping exo naive symm repetition 4 for dataset size SMALL, data type DOUBLE (already done).
Skipping exo naive symm repetition 4 for dataset size SMALL, data type DOUBLE (already done).
Skipping exo naive syr2k repetition 4 for dataset size SMALL, data type DOUBLE (already done).
Skipping exo naive syr2k repetition 4 for dataset size SMALL, data type DOUBLE (already done).
Skipping exo naive syrk repetition 4 for dataset size SMALL, data type DOUBLE (already done).
Skipping exo naive syrk repetition 4 for dataset size SMALL, data type DOUBLE (already done).
Skipping exo naive trisolv repetition 4 for dataset size SMALL, data type DOUBLE (already done).
Skipping exo naive trisolv repetition 4 for dataset size SMALL, data type DOUBLE (already done).
Skipping exo naive trmm repetition 4 for dataset size SMALL, data type DOUBLE (already done).
Skipping exo naive trmm repetition 4 for dataset size SMALL, data type DOUBLE (already done).
Generated C for 'gemver' in /home/kleplj/naive/optimization/naive/PolybenchC-Exo/build/generated/gemver
Built gemver executable.
Generated C for 'gesummv' in /home/kleplj/naive/optimization/naive/PolybenchC-Exo/build/generated/gesummv
Built gesummv executable.
Generated C for 'symm' in /home/kleplj/naive/optimization/naive/PolybenchC-Exo/build/generated/symm
Built symm executable.
Generated C for 'syr2k' in /home/kleplj/naive/optimization/naive/PolybenchC-Exo/build/generated/syr2k
Built syr2k executable.
Generated C for 'syrk' in /home/kleplj/naive/optimization/naive/PolybenchC-Exo/build/generated/syrk
Built syrk executable.
Generated C for 'trmm' in /home/kleplj/naive/optimization/naive/PolybenchC-Exo/build/generated/trmm
Built trmm executable.
Generated C for '2mm' in /home/kleplj/naive/optimization/naive/PolybenchC-Exo/build/generated/2mm
Built 2mm executable.
Generated C for '3mm' in /home/kleplj/naive/optimization/naive/PolybenchC-Exo/build/generated/3mm
Built 3mm executable.
Generated C for 'bicg' in /home/kleplj/naive/optimization/naive/PolybenchC-Exo/build/generated/bicg
Built bicg executable.
Generated C for 'doitgen' in /home/kleplj/naive/optimization/naive/PolybenchC-Exo/build/generated/doitgen
Built doitgen executable.
Generated C for 'mvt' in /home/kleplj/naive/optimization/naive/PolybenchC-Exo/build/generated/mvt
Generated C for 'cholesky' in /home/kleplj/naive/optimization/naive/PolybenchC-Exo/build/generated/cholesky
Built cholesky executable.
Generated C for 'gramschmidt' in /home/kleplj/naive/optimization/naive/PolybenchC-Exo/build/generated/gramschmidt
Built gramschmidt executable.
Generated C for 'lu' in /home/kleplj/naive/optimization/naive/PolybenchC-Exo/build/generated/lu
Built lu executable.
Generated C for 'ludcmp' in /home/kleplj/naive/optimization/naive/PolybenchC-Exo/build/generated/ludcmp
Built ludcmp executable.
Generated C for 'trisolv' in /home/kleplj/naive/optimization/naive/PolybenchC-Exo/build/generated/trisolv
Built trisolv executable.
Generated C for 'correlation' in /home/kleplj/naive/optimization/naive/PolybenchC-Exo/build/generated/correlation
Built correlation executable.
Generated C for 'covariance' in /home/kleplj/naive/optimization/naive/PolybenchC-Exo/build/generated/covariance
Built covariance executable.
Generated C for 'jacobi-1d' in /home/kleplj/naive/optimization/naive/PolybenchC-Exo/build/generated/jacobi-1d
Built jacobi-1d executable.
Generated C for 'seidel-2d' in /home/kleplj/naive/optimization/naive/PolybenchC-Exo/build/generated/seidel-2d
Generated C for 'deriche' in /home/kleplj/naive/optimization/naive/PolybenchC-Exo/build/generated/deriche
Built deriche executable.
Generated C for 'floyd-warshall' in /home/kleplj/naive/optimization/naive/PolybenchC-Exo/build/generated/floyd-warshall
Built floyd-warshall executable.
Generated C for 'nussinov' in /home/kleplj/naive/optimization/naive/PolybenchC-Exo/build/generated/nussinov
Exo build complete. Generated sources in: /home/kleplj/naive/optimization/naive/PolybenchC-Exo/build
Removing temp dir /tmp/slurm.303971/tmp.k8f3huLmQp
Skipping exo naive 2mm repetition 5 for dataset size SMALL, data type DOUBLE (already done).
Skipping exo naive 2mm repetition 5 for dataset size SMALL, data type DOUBLE (already done).
Skipping exo naive 3mm repetition 5 for dataset size SMALL, data type DOUBLE (already done).
Skipping exo naive 3mm repetition 5 for dataset size SMALL, data type DOUBLE (already done).
Skipping exo naive bicg repetition 5 for dataset size SMALL, data type DOUBLE (already done).
Skipping exo naive bicg repetition 5 for dataset size SMALL, data type DOUBLE (already done).
Skipping exo naive cholesky repetition 5 for dataset size SMALL, data type DOUBLE (already done).
Skipping exo naive cholesky repetition 5 for dataset size SMALL, data type DOUBLE (already done).
Skipping exo naive correlation repetition 5 for dataset size SMALL, data type DOUBLE (already done).
Skipping exo naive correlation repetition 5 for dataset size SMALL, data type DOUBLE (already done).
Skipping exo naive covariance repetition 5 for dataset size SMALL, data type DOUBLE (already done).
Skipping exo naive covariance repetition 5 for dataset size SMALL, data type DOUBLE (already done).
Skipping exo naive deriche repetition 5 for dataset size SMALL, data type DOUBLE (already done).
Skipping exo naive deriche repetition 5 for dataset size SMALL, data type DOUBLE (already done).
Skipping exo naive doitgen repetition 5 for dataset size SMALL, data type DOUBLE (already done).
Skipping exo naive doitgen repetition 5 for dataset size SMALL, data type DOUBLE (already done).
Skipping exo naive floyd-warshall repetition 5 for dataset size SMALL, data type DOUBLE (already done).
Skipping exo naive floyd-warshall repetition 5 for dataset size SMALL, data type DOUBLE (already done).
Skipping exo naive gemver repetition 5 for dataset size SMALL, data type DOUBLE (already done).
Skipping exo naive gemver repetition 5 for dataset size SMALL, data type DOUBLE (already done).
Skipping exo naive gesummv repetition 5 for dataset size SMALL, data type DOUBLE (already done).
Skipping exo naive gesummv repetition 5 for dataset size SMALL, data type DOUBLE (already done).
Skipping exo naive jacobi-1d repetition 5 for dataset size SMALL, data type DOUBLE (already done).
Skipping exo naive jacobi-1d repetition 5 for dataset size SMALL, data type DOUBLE (already done).
Skipping exo naive lu repetition 5 for dataset size SMALL, data type DOUBLE (already done).
Skipping exo naive lu repetition 5 for dataset size SMALL, data type DOUBLE (already done).
Skipping exo naive ludcmp repetition 5 for dataset size SMALL, data type DOUBLE (already done).
Skipping exo naive ludcmp repetition 5 for dataset size SMALL, data type DOUBLE (already done).
Skipping exo naive symm repetition 5 for dataset size SMALL, data type DOUBLE (already done).
Skipping exo naive symm repetition 5 for dataset size SMALL, data type DOUBLE (already done).
Skipping exo naive syr2k repetition 5 for dataset size SMALL, data type DOUBLE (already done).
Skipping exo naive syr2k repetition 5 for dataset size SMALL, data type DOUBLE (already done).
Skipping exo naive syrk repetition 5 for dataset size SMALL, data type DOUBLE (already done).
Skipping exo naive syrk repetition 5 for dataset size SMALL, data type DOUBLE (already done).
Skipping exo naive trisolv repetition 5 for dataset size SMALL, data type DOUBLE (already done).
Skipping exo naive trisolv repetition 5 for dataset size SMALL, data type DOUBLE (already done).
Skipping exo naive trmm repetition 5 for dataset size SMALL, data type DOUBLE (already done).
Skipping exo naive trmm repetition 5 for dataset size SMALL, data type DOUBLE (already done).
