framework,version,algorithm,repetition,dataset_size,speedup,optimized_time_s,baseline_time_s,baseline_framework
c,AllHints,2mm,1,EXTRALARGE,111.83723163119079,0.23191033333333333,25.936209666666667,c
c,AllHints,2mm,2,EXTRALARGE,117.82420246555387,0.22012633333333334,25.936209666666667,c
c,AllHints,2mm,3,EXTRALARGE,115.28280269121413,0.224979,25.936209666666667,c
c,AllHints,2mm,4,EXTRALARGE,58.81697928934593,0.44096466666666667,25.936209666666667,c
c,AllHints,2mm,5,EXTRALARGE,167.538998021192,0.154807,25.936209666666667,c
c,ChooseHints,2mm,1,EXTRALARGE,109.20386718464916,0.23750266666666667,25.936209666666667,c
c,ChooseHints,2mm,2,EXTRALARGE,115.94227519676708,0.22369933333333333,25.936209666666667,c
c,ChooseHints,2mm,3,EXTRALARGE,115.67992179834081,0.22420666666666667,25.936209666666667,c
c,ChooseHints,2mm,4,EXTRALARGE,121.43102452697093,0.213588,25.936209666666667,c
c,ChooseHints,2mm,5,EXTRALARGE,122.15660844200089,0.21231933333333333,25.936209666666667,c
c,FromPlan,2mm,1,EXTRALARGE,8.941771276469822,2.900567333333333,25.936209666666667,c
c,FromPlan,2mm,2,EXTRALARGE,8.158836502780671,3.178910333333333,25.936209666666667,c
c,FromPlan,2mm,3,EXTRALARGE,6.094228011949628,4.255864666666667,25.936209666666667,c
c,FromPlan,2mm,4,EXTRALARGE,6.326327066221249,4.099726333333334,25.936209666666667,c
c,FromPlan,2mm,5,EXTRALARGE,7.488060274317474,3.463675333333333,25.936209666666667,c
c,Naive,2mm,1,EXTRALARGE,6.355393304984453,4.080976333333333,25.936209666666667,c
c,Naive,2mm,2,EXTRALARGE,3.213170995617812,8.071842333333333,25.936209666666667,c
c,Naive,2mm,3,EXTRALARGE,3.2239312226936274,8.044901666666666,25.936209666666667,c
c,Naive,2mm,4,EXTRALARGE,0.9872169080895015,26.272047666666666,25.936209666666667,c
c,Naive,2mm,5,EXTRALARGE,3.185960733335015,8.140781333333333,25.936209666666667,c
c,standard,2mm,1,EXTRALARGE,1.0,25.936209666666667,25.936209666666667,c
exo,AllHints,2mm,2,EXTRALARGE,3.10545440511141,8.351824333333333,25.936209666666667,c
exo,AllHints,2mm,3,EXTRALARGE,115.04910336710493,0.225436,25.936209666666667,c
exo,AllHints,2mm,4,EXTRALARGE,119.89113766845303,0.21633133333333332,25.936209666666667,c
exo,AllHints,2mm,5,EXTRALARGE,56.53414996018345,0.45877066666666666,25.936209666666667,c
exo,ChooseHints,2mm,1,EXTRALARGE,43.910011952582444,0.5906673333333333,25.936209666666667,c
exo,ChooseHints,2mm,2,EXTRALARGE,67.79007011747814,0.382596,25.936209666666667,c
exo,ChooseHints,2mm,3,EXTRALARGE,121.40355183029105,0.21363633333333332,25.936209666666667,c
exo,ChooseHints,2mm,4,EXTRALARGE,50.912081706792016,0.5094313333333333,25.936209666666667,c
exo,ChooseHints,2mm,5,EXTRALARGE,119.27838296071914,0.21744266666666667,25.936209666666667,c
exo,FromPlan,2mm,1,EXTRALARGE,5.584996043203552,4.643908333333333,25.936209666666667,c
exo,FromPlan,2mm,3,EXTRALARGE,5.1266986977323326,5.0590470000000005,25.936209666666667,c
exo,Naive,2mm,1,EXTRALARGE,123.73712910807828,0.20960733333333334,25.936209666666667,c
exo,Naive,2mm,2,EXTRALARGE,55.236153803559986,0.4695513333333334,25.936209666666667,c
exo,Naive,2mm,5,EXTRALARGE,51.19416490719948,0.5066243333333333,25.936209666666667,c
exo,standard,2mm,1,EXTRALARGE,0.9884452889195438,26.239398333333337,25.936209666666667,c
exo,standard,2mm,2,EXTRALARGE,0.9816427799412317,26.421229999999998,25.936209666666667,c
exo,standard,2mm,3,EXTRALARGE,0.9893437623523131,26.215569,25.936209666666667,c
exo,standard,2mm,4,EXTRALARGE,0.9943714084952406,26.083020333333334,25.936209666666667,c
exo,standard,2mm,5,EXTRALARGE,0.9992089659633328,25.956742333333334,25.936209666666667,c
halide,AllHints,2mm,2,EXTRALARGE,58.85728841714146,0.44066266666666665,25.936209666666667,c
halide,AllHints,2mm,5,EXTRALARGE,96.70437346119765,0.26820099999999997,25.936209666666667,c
halide,ChooseHints,2mm,1,EXTRALARGE,65.78781386311734,0.3942403333333333,25.936209666666667,c
halide,ChooseHints,2mm,2,EXTRALARGE,64.63562922203283,0.40126799999999996,25.936209666666667,c
halide,ChooseHints,2mm,3,EXTRALARGE,95.71039744931787,0.27098633333333333,25.936209666666667,c
halide,ChooseHints,2mm,5,EXTRALARGE,55.09655982093479,0.470741,25.936209666666667,c
halide,FromPlan,2mm,2,EXTRALARGE,100.19370652423054,0.2588606666666667,25.936209666666667,c
halide,FromPlan,2mm,4,EXTRALARGE,97.23368236104186,0.266741,25.936209666666667,c
halide,FromPlan,2mm,5,EXTRALARGE,100.46278640984787,0.25816733333333336,25.936209666666667,c
halide,Naive,2mm,2,EXTRALARGE,58.531334110655585,0.44311666666666666,25.936209666666667,c
halide,Naive,2mm,4,EXTRALARGE,54.033094725204826,0.480006,25.936209666666667,c
halide,Naive,2mm,5,EXTRALARGE,55.80015504698741,0.46480533333333335,25.936209666666667,c
halide,standard,2mm,1,EXTRALARGE,0.9390860587303497,27.618565333333333,25.936209666666667,c
halide,standard,2mm,2,EXTRALARGE,2.273472468248327,11.408191666666667,25.936209666666667,c
halide,standard,2mm,3,EXTRALARGE,1.001733540671755,25.891326000000003,25.936209666666667,c
noarr,AllHints,2mm,1,EXTRALARGE,2.9547006523354264,8.777948333333333,25.936209666666667,c
noarr,AllHints,2mm,2,EXTRALARGE,105.93818280342884,0.244824,25.936209666666667,c
noarr,AllHints,2mm,3,EXTRALARGE,2.9245165629931518,8.868546,25.936209666666667,c
noarr,AllHints,2mm,4,EXTRALARGE,2.941109083390473,8.818513333333334,25.936209666666667,c
noarr,AllHints,2mm,5,EXTRALARGE,2.942928422339796,8.813061666666668,25.936209666666667,c
noarr,ChooseHints,2mm,1,EXTRALARGE,2.9393418478159443,8.823815333333334,25.936209666666667,c
noarr,ChooseHints,2mm,2,EXTRALARGE,2.8856746112939677,8.987919,25.936209666666667,c
noarr,ChooseHints,2mm,3,EXTRALARGE,2.9044252559623516,8.929893999999999,25.936209666666667,c
noarr,ChooseHints,2mm,4,EXTRALARGE,2.93400064012945,8.839878666666666,25.936209666666667,c
noarr,ChooseHints,2mm,5,EXTRALARGE,2.907959896579299,8.919039666666666,25.936209666666667,c
noarr,FromPlan,2mm,1,EXTRALARGE,1.3630643143649925,19.02786933333333,25.936209666666667,c
noarr,FromPlan,2mm,2,EXTRALARGE,0.9954848255168763,26.053847333333334,25.936209666666667,c
noarr,FromPlan,2mm,3,EXTRALARGE,1.1435624427547333,22.680186666666668,25.936209666666667,c
noarr,FromPlan,2mm,4,EXTRALARGE,1.3572950811150297,19.108748000000002,25.936209666666667,c
noarr,FromPlan,2mm,5,EXTRALARGE,1.3722728418539412,18.900184333333332,25.936209666666667,c
noarr,Naive,2mm,1,EXTRALARGE,2.915363603691205,8.896389333333333,25.936209666666667,c
noarr,Naive,2mm,2,EXTRALARGE,2.922367650018205,8.875067333333332,25.936209666666667,c
noarr,Naive,2mm,3,EXTRALARGE,1.2977495998312512,19.985527,25.936209666666667,c
noarr,Naive,2mm,4,EXTRALARGE,2.9541551164924265,8.779569333333333,25.936209666666667,c
noarr,Naive,2mm,5,EXTRALARGE,2.960568422411194,8.760550666666667,25.936209666666667,c
noarr,standard,2mm,1,EXTRALARGE,0.9840287088004385,26.35716766666667,25.936209666666667,c
noarr,standard,2mm,2,EXTRALARGE,2.9544061523810896,8.778823333333333,25.936209666666667,c
noarr,standard,2mm,3,EXTRALARGE,0.9871901667275707,26.27275933333333,25.936209666666667,c
noarr,standard,2mm,4,EXTRALARGE,2.933500433830925,8.841386,25.936209666666667,c
noarr,standard,2mm,5,EXTRALARGE,0.9857630677923018,26.310794666666666,25.936209666666667,c
c,AllHints,3mm,1,EXTRALARGE,117.27876833350744,0.36692833333333336,43.032903,c
c,AllHints,3mm,2,EXTRALARGE,119.32073290096464,0.360649,43.032903,c
c,AllHints,3mm,4,EXTRALARGE,114.36880721265989,0.3762643333333333,43.032903,c
c,AllHints,3mm,5,EXTRALARGE,69.88693415242433,0.6157503333333333,43.032903,c
c,ChooseHints,3mm,1,EXTRALARGE,117.51341404913767,0.36619566666666664,43.032903,c
c,ChooseHints,3mm,2,EXTRALARGE,118.06678476511699,0.3644793333333333,43.032903,c
c,ChooseHints,3mm,3,EXTRALARGE,120.05094916521443,0.35845533333333335,43.032903,c
c,ChooseHints,3mm,4,EXTRALARGE,114.73309314091871,0.37506966666666663,43.032903,c
c,FromPlan,3mm,1,EXTRALARGE,6.686913160525747,6.435391333333333,43.032903,c
c,FromPlan,3mm,2,EXTRALARGE,192.45025312455275,0.22360533333333335,43.032903,c
c,FromPlan,3mm,3,EXTRALARGE,8.152282175598756,5.278632666666667,43.032903,c
c,FromPlan,3mm,4,EXTRALARGE,7.8819647791705965,5.4596670000000005,43.032903,c
c,FromPlan,3mm,5,EXTRALARGE,6.648990218933711,6.4720960000000005,43.032903,c
c,Naive,3mm,1,EXTRALARGE,3.6881093565356107,11.668011666666667,43.032903,c
c,Naive,3mm,2,EXTRALARGE,8.469486156843988,5.0809343333333326,43.032903,c
c,Naive,3mm,3,EXTRALARGE,3.6697496188084084,11.726386666666665,43.032903,c
c,Naive,3mm,4,EXTRALARGE,3.6764365456369377,11.705058,43.032903,c
c,Naive,3mm,5,EXTRALARGE,3.5443493967270308,12.14127,43.032903,c
c,standard,3mm,1,EXTRALARGE,1.0,43.032903,43.032903,c
exo,AllHints,3mm,3,EXTRALARGE,110.37851316689466,0.38986666666666664,43.032903,c
exo,AllHints,3mm,4,EXTRALARGE,44.60593116244357,0.964735,43.032903,c
exo,ChooseHints,3mm,1,EXTRALARGE,120.12668700125059,0.35822933333333334,43.032903,c
exo,ChooseHints,3mm,2,EXTRALARGE,124.15474297980134,0.34660699999999994,43.032903,c
exo,ChooseHints,3mm,3,EXTRALARGE,119.36806322224872,0.360506,43.032903,c
exo,ChooseHints,3mm,4,EXTRALARGE,115.2387179185055,0.373424,43.032903,c
exo,FromPlan,3mm,3,EXTRALARGE,5.6806945583198205,7.575289000000001,43.032903,c
exo,FromPlan,3mm,4,EXTRALARGE,120.27732912715611,0.3577806666666667,43.032903,c
exo,FromPlan,3mm,5,EXTRALARGE,5.683081986871112,7.5721066666666665,43.032903,c
exo,Naive,3mm,1,EXTRALARGE,53.96554990442025,0.7974143333333332,43.032903,c
exo,Naive,3mm,2,EXTRALARGE,1.9415306922376583,22.16442066666667,43.032903,c
exo,Naive,3mm,3,EXTRALARGE,122.24608259410486,0.35201866666666665,43.032903,c
exo,Naive,3mm,4,EXTRALARGE,3.437607374713469,12.518271666666665,43.032903,c
exo,Naive,3mm,5,EXTRALARGE,50.05131532372591,0.8597756666666667,43.032903,c
exo,standard,3mm,1,EXTRALARGE,0.976130194840484,44.085208333333334,43.032903,c
exo,standard,3mm,2,EXTRALARGE,0.9718531499998971,44.27922366666667,43.032903,c
exo,standard,3mm,3,EXTRALARGE,0.9704751227603168,44.342098,43.032903,c
exo,standard,3mm,4,EXTRALARGE,0.9773303720002632,44.031071,43.032903,c
exo,standard,3mm,5,EXTRALARGE,0.9782367426909451,43.990274666666664,43.032903,c
halide,AllHints,3mm,1,EXTRALARGE,53.17829323570288,0.8092193333333334,43.032903,c
halide,AllHints,3mm,3,EXTRALARGE,80.49461285507456,0.534606,43.032903,c
halide,AllHints,3mm,5,EXTRALARGE,80.3216313106929,0.5357573333333333,43.032903,c
halide,ChooseHints,3mm,2,EXTRALARGE,80.69536787704678,0.533276,43.032903,c
halide,ChooseHints,3mm,3,EXTRALARGE,80.48808876596996,0.5346493333333333,43.032903,c
halide,FromPlan,3mm,4,EXTRALARGE,93.70168091319044,0.45925433333333326,43.032903,c
halide,Naive,3mm,2,EXTRALARGE,46.28857937100685,0.9296656666666667,43.032903,c
halide,Naive,3mm,4,EXTRALARGE,80.83553154746177,0.5323513333333333,43.032903,c
halide,Naive,3mm,5,EXTRALARGE,5.209171049179504,8.260988666666668,43.032903,c
halide,standard,3mm,3,EXTRALARGE,2.2433631843216713,19.182316666666665,43.032903,c
halide,standard,3mm,4,EXTRALARGE,2.2792416161690134,18.880360333333332,43.032903,c
noarr,AllHints,3mm,1,EXTRALARGE,1.3226873287725196,32.53444866666667,43.032903,c
noarr,AllHints,3mm,2,EXTRALARGE,3.1587788161316896,13.623272,43.032903,c
noarr,AllHints,3mm,3,EXTRALARGE,108.59234731729637,0.3962793333333334,43.032903,c
noarr,AllHints,3mm,4,EXTRALARGE,3.1900837713008787,13.489584,43.032903,c
noarr,AllHints,3mm,5,EXTRALARGE,0.9715954942143279,44.290966000000004,43.032903,c
noarr,ChooseHints,3mm,1,EXTRALARGE,3.1799116690033045,13.532735333333335,43.032903,c
noarr,ChooseHints,3mm,2,EXTRALARGE,3.0857497313865045,13.945687999999999,43.032903,c
noarr,ChooseHints,3mm,3,EXTRALARGE,1.2271390571289702,35.067666333333335,43.032903,c
noarr,ChooseHints,3mm,4,EXTRALARGE,1.286907477474732,33.439003,43.032903,c
noarr,ChooseHints,3mm,5,EXTRALARGE,3.0958913370122927,13.900004333333333,43.032903,c
noarr,FromPlan,3mm,1,EXTRALARGE,1.3991119137727481,30.757298666666667,43.032903,c
noarr,FromPlan,3mm,2,EXTRALARGE,1.3987664966438695,30.764893999999998,43.032903,c
noarr,FromPlan,3mm,3,EXTRALARGE,3.155993004626326,13.635297333333334,43.032903,c
noarr,FromPlan,3mm,4,EXTRALARGE,1.3222754730492932,32.54458233333333,43.032903,c
noarr,FromPlan,3mm,5,EXTRALARGE,1.3652482099999899,31.520204666666668,43.032903,c
noarr,Naive,3mm,1,EXTRALARGE,3.136190012356858,13.721395333333334,43.032903,c
noarr,Naive,3mm,2,EXTRALARGE,3.135147430507281,13.725958333333333,43.032903,c
noarr,Naive,3mm,3,EXTRALARGE,3.0914359638555555,13.920037,43.032903,c
noarr,Naive,3mm,4,EXTRALARGE,3.1537469196610965,13.645008333333335,43.032903,c
noarr,Naive,3mm,5,EXTRALARGE,3.12402705003742,13.774817666666666,43.032903,c
noarr,standard,3mm,1,EXTRALARGE,0.9685234677571073,44.431451,43.032903,c
noarr,standard,3mm,2,EXTRALARGE,0.968685978436384,44.42399700000001,43.032903,c
noarr,standard,3mm,3,EXTRALARGE,3.136808928084085,13.718688,43.032903,c
noarr,standard,3mm,4,EXTRALARGE,3.1416590418009585,13.697508999999998,43.032903,c
noarr,standard,3mm,5,EXTRALARGE,0.960517871476766,44.80177233333333,43.032903,c
c,AllHints,adi,1,EXTRALARGE,6.862829671330793,12.458544666666667,85.50087,c
c,AllHints,adi,2,EXTRALARGE,7.237812691489694,11.813081333333335,85.50087,c
c,AllHints,adi,3,EXTRALARGE,6.893621457440263,12.402896,85.50087,c
c,AllHints,adi,4,EXTRALARGE,5.976521665765693,14.306125666666667,85.50087,c
c,AllHints,adi,5,EXTRALARGE,5.302695668719558,16.124038666666667,85.50087,c
c,ChooseHints,adi,2,EXTRALARGE,6.770776748539263,12.627926333333333,85.50087,c
c,ChooseHints,adi,3,EXTRALARGE,0.9954654120582165,85.89034733333334,85.50087,c
c,ChooseHints,adi,4,EXTRALARGE,7.073420809378627,12.087626666666667,85.50087,c
c,ChooseHints,adi,5,EXTRALARGE,6.839142394668414,12.501694666666666,85.50087,c
c,FromPlan,adi,1,EXTRALARGE,1.0062022302016016,84.97384266666667,85.50087,c
c,FromPlan,adi,2,EXTRALARGE,0.8229244713360807,103.898806,85.50087,c
c,FromPlan,adi,3,EXTRALARGE,1.4962083404057382,57.145029666666666,85.50087,c
c,FromPlan,adi,4,EXTRALARGE,7.518547760817528,11.371992666666666,85.50087,c
c,FromPlan,adi,5,EXTRALARGE,0.9054346589807896,94.43074566666667,85.50087,c
c,Naive,adi,1,EXTRALARGE,1.0145321490674375,84.27615633333333,85.50087,c
c,Naive,adi,2,EXTRALARGE,0.8911068348994867,95.94906766666666,85.50087,c
c,Naive,adi,3,EXTRALARGE,1.0222727572757562,83.63802066666666,85.50087,c
c,Naive,adi,4,EXTRALARGE,6.074333599101473,14.075761333333332,85.50087,c
c,Naive,adi,5,EXTRALARGE,7.710355984866213,11.089095,85.50087,c
c,standard,adi,1,EXTRALARGE,1.0,85.50087,85.50087,c
exo,AllHints,adi,1,EXTRALARGE,7.293380421837439,11.723078333333333,85.50087,c
exo,AllHints,adi,2,EXTRALARGE,6.7195067759314595,12.724277666666666,85.50087,c
exo,AllHints,adi,3,EXTRALARGE,7.942363304958072,10.765167333333332,85.50087,c
exo,AllHints,adi,5,EXTRALARGE,7.092683367364964,12.054798666666665,85.50087,c
exo,ChooseHints,adi,1,EXTRALARGE,6.416040658823869,13.326111,85.50087,c
exo,ChooseHints,adi,2,EXTRALARGE,6.518246559201316,13.117157999999998,85.50087,c
exo,ChooseHints,adi,4,EXTRALARGE,7.123824247684602,12.002102666666666,85.50087,c
exo,ChooseHints,adi,5,EXTRALARGE,6.923372541536102,12.349598333333333,85.50087,c
exo,FromPlan,adi,2,EXTRALARGE,0.8746104579214631,97.75880133333334,85.50087,c
exo,FromPlan,adi,4,EXTRALARGE,12.465562593545442,6.858966,85.50087,c
exo,Naive,adi,1,EXTRALARGE,7.623972104333399,11.214740666666666,85.50087,c
exo,Naive,adi,2,EXTRALARGE,6.20056049112194,13.789216333333334,85.50087,c
exo,Naive,adi,4,EXTRALARGE,6.777836409796769,12.614773333333332,85.50087,c
exo,standard,adi,2,EXTRALARGE,0.7414340374080219,115.31824233333333,85.50087,c
exo,standard,adi,3,EXTRALARGE,0.7502235819014523,113.96718533333335,85.50087,c
exo,standard,adi,4,EXTRALARGE,0.7506686106551914,113.89962066666668,85.50087,c
halide,ChooseHints,adi,2,EXTRALARGE,0.7684121449751828,111.26954533333333,85.50087,c
halide,ChooseHints,adi,3,EXTRALARGE,0.53971458970923,158.41867466666667,85.50087,c
halide,ChooseHints,adi,4,EXTRALARGE,0.8058886783036101,106.09513733333334,85.50087,c
halide,FromPlan,adi,3,EXTRALARGE,1.0264473288294644,83.297864,85.50087,c
halide,Naive,adi,2,EXTRALARGE,0.836364092498306,102.22924533333332,85.50087,c
halide,Naive,adi,4,EXTRALARGE,4.625185706529237,18.485932333333334,85.50087,c
halide,standard,adi,1,EXTRALARGE,0.8414771361768901,101.60807266666666,85.50087,c
halide,standard,adi,2,EXTRALARGE,0.8312138594767389,102.86266166666667,85.50087,c
halide,standard,adi,3,EXTRALARGE,0.8421296242763153,101.52934599999999,85.50087,c
halide,standard,adi,5,EXTRALARGE,0.829613795840895,103.06105133333334,85.50087,c
noarr,AllHints,adi,1,EXTRALARGE,6.828249990310107,12.521637333333333,85.50087,c
noarr,AllHints,adi,2,EXTRALARGE,5.918029822321557,14.447522666666666,85.50087,c
noarr,AllHints,adi,3,EXTRALARGE,6.233707253941857,13.715894333333333,85.50087,c
noarr,AllHints,adi,4,EXTRALARGE,6.702734502318403,12.756117666666668,85.50087,c
noarr,AllHints,adi,5,EXTRALARGE,1.092354284732266,78.27210566666666,85.50087,c
noarr,ChooseHints,adi,1,EXTRALARGE,6.23189225510498,13.719889,85.50087,c
noarr,ChooseHints,adi,2,EXTRALARGE,1.2007915200094983,71.203759,85.50087,c
noarr,ChooseHints,adi,3,EXTRALARGE,6.308428395135177,13.553434333333334,85.50087,c
noarr,ChooseHints,adi,4,EXTRALARGE,6.893128306282897,12.403783333333331,85.50087,c
noarr,ChooseHints,adi,5,EXTRALARGE,6.464609070165045,13.225992333333332,85.50087,c
noarr,FromPlan,adi,1,EXTRALARGE,0.8145385943036038,104.96847000000001,85.50087,c
noarr,FromPlan,adi,2,EXTRALARGE,6.067151830455273,14.092423000000002,85.50087,c
noarr,FromPlan,adi,3,EXTRALARGE,6.503335720907966,13.147233,85.50087,c
noarr,FromPlan,adi,4,EXTRALARGE,1.1184491334858817,76.44591733333333,85.50087,c
noarr,FromPlan,adi,5,EXTRALARGE,0.9713458355694099,88.02309833333334,85.50087,c
noarr,Naive,adi,1,EXTRALARGE,0.9149392260745882,93.44978066666665,85.50087,c
noarr,Naive,adi,2,EXTRALARGE,0.9297723956646948,91.95892500000001,85.50087,c
noarr,Naive,adi,5,EXTRALARGE,0.9238580676705643,92.547625,85.50087,c
noarr,standard,adi,1,EXTRALARGE,0.9240270160271233,92.53070366666667,85.50087,c
noarr,standard,adi,3,EXTRALARGE,0.8607458725012764,99.333465,85.50087,c
noarr,standard,adi,4,EXTRALARGE,0.9273529838527761,92.19884066666667,85.50087,c
noarr,standard,adi,5,EXTRALARGE,0.9269599123839903,92.23793699999999,85.50087,c
c,AllHints,atax,1,EXTRALARGE,7.412725709372313,0.001163,0.008621,c
c,AllHints,atax,2,EXTRALARGE,4.144047428296747,0.0020803333333333333,0.008621,c
c,AllHints,atax,3,EXTRALARGE,9.058844133099825,0.0009516666666666666,0.008621,c
c,AllHints,atax,4,EXTRALARGE,6.508052340211374,0.0013246666666666667,0.008621,c
c,AllHints,atax,5,EXTRALARGE,7.297686230248306,0.0011813333333333335,0.008621,c
c,ChooseHints,atax,1,EXTRALARGE,7.46622401847575,0.0011546666666666667,0.008621,c
c,ChooseHints,atax,2,EXTRALARGE,5.883303002729755,0.0014653333333333332,0.008621,c
c,ChooseHints,atax,3,EXTRALARGE,3.3518662519440126,0.002572,0.008621,c
c,ChooseHints,atax,4,EXTRALARGE,5.555961331901181,0.0015516666666666667,0.008621,c
c,ChooseHints,atax,5,EXTRALARGE,6.178451982799809,0.0013953333333333335,0.008621,c
c,FromPlan,atax,1,EXTRALARGE,0.8882134762002885,0.009706000000000001,0.008621,c
c,FromPlan,atax,3,EXTRALARGE,1.287677371172517,0.0066949999999999996,0.008621,c
c,FromPlan,atax,4,EXTRALARGE,1.0386746987951807,0.0083,0.008621,c
c,FromPlan,atax,5,EXTRALARGE,1.0716860730120583,0.008044333333333332,0.008621,c
c,Naive,atax,1,EXTRALARGE,1.0235880793129377,0.008422333333333334,0.008621,c
c,Naive,atax,2,EXTRALARGE,1.039802195151369,0.008291,0.008621,c
c,Naive,atax,3,EXTRALARGE,1.0417707242407153,0.008275333333333334,0.008621,c
c,Naive,atax,4,EXTRALARGE,1.017827626918536,0.00847,0.008621,c
c,standard,atax,1,EXTRALARGE,1.0,0.008621,0.008621,c
exo,AllHints,atax,1,EXTRALARGE,1.0113796339746597,0.008524,0.008621,c
exo,AllHints,atax,2,EXTRALARGE,1.4691547375596454,0.005868000000000001,0.008621,c
exo,AllHints,atax,4,EXTRALARGE,1.7602259579391548,0.0048976666666666665,0.008621,c
exo,ChooseHints,atax,1,EXTRALARGE,3.898552909255351,0.0022113333333333334,0.008621,c
exo,ChooseHints,atax,2,EXTRALARGE,1.7342587004626837,0.004971,0.008621,c
exo,ChooseHints,atax,3,EXTRALARGE,0.44730970788149227,0.019273,0.008621,c
exo,ChooseHints,atax,4,EXTRALARGE,4.2067338972023425,0.002049333333333333,0.008621,c
exo,ChooseHints,atax,5,EXTRALARGE,1.0785687476541974,0.007993,0.008621,c
exo,FromPlan,atax,1,EXTRALARGE,1.1980266814897165,0.007196,0.008621,c
exo,FromPlan,atax,2,EXTRALARGE,0.4161316792971956,0.020717,0.008621,c
exo,FromPlan,atax,4,EXTRALARGE,0.761707015373741,0.011318,0.008621,c
exo,Naive,atax,4,EXTRALARGE,1.125701849836779,0.007658333333333334,0.008621,c
exo,standard,atax,1,EXTRALARGE,0.9875520256596283,0.008729666666666665,0.008621,c
exo,standard,atax,2,EXTRALARGE,0.9857453214925487,0.008745666666666667,0.008621,c
exo,standard,atax,3,EXTRALARGE,1.0001160092807424,0.008620000000000001,0.008621,c
exo,standard,atax,4,EXTRALARGE,0.9945395116323784,0.008668333333333333,0.008621,c
exo,standard,atax,5,EXTRALARGE,0.9926690719275351,0.008684666666666667,0.008621,c
halide,Naive,atax,2,EXTRALARGE,0.07340519737066177,0.11744399999999999,0.008621,c
halide,standard,atax,1,EXTRALARGE,0.5666988036285552,0.015212666666666666,0.008621,c
halide,standard,atax,2,EXTRALARGE,0.882304779449391,0.009771,0.008621,c
halide,standard,atax,3,EXTRALARGE,0.8801129789695774,0.009795333333333333,0.008621,c
halide,standard,atax,4,EXTRALARGE,0.5657442852455431,0.015238333333333333,0.008621,c
halide,standard,atax,5,EXTRALARGE,0.5684300753862723,0.015166333333333332,0.008621,c
noarr,AllHints,atax,1,EXTRALARGE,1.0424425634824668,0.00827,0.008621,c
noarr,AllHints,atax,2,EXTRALARGE,1.0480184779965964,0.008225999999999999,0.008621,c
noarr,AllHints,atax,3,EXTRALARGE,1.9199020117288992,0.004490333333333333,0.008621,c
noarr,AllHints,atax,4,EXTRALARGE,1.0410997504226713,0.008280666666666667,0.008621,c
noarr,AllHints,atax,5,EXTRALARGE,1.8413071337035458,0.0046819999999999995,0.008621,c
noarr,ChooseHints,atax,1,EXTRALARGE,1.044294597431963,0.008255333333333335,0.008621,c
noarr,ChooseHints,atax,2,EXTRALARGE,1.042148527219245,0.008272333333333333,0.008621,c
noarr,ChooseHints,atax,3,EXTRALARGE,0.9649292989590716,0.008934333333333334,0.008621,c
noarr,ChooseHints,atax,4,EXTRALARGE,1.0435361523563589,0.008261333333333334,0.008621,c
noarr,ChooseHints,atax,5,EXTRALARGE,1.0460685973143504,0.008241333333333333,0.008621,c
noarr,FromPlan,atax,2,EXTRALARGE,1.0607415306373553,0.008127333333333334,0.008621,c
noarr,FromPlan,atax,4,EXTRALARGE,1.093203144813594,0.007885999999999999,0.008621,c
noarr,Naive,atax,1,EXTRALARGE,1.0458993853121967,0.008242666666666667,0.008621,c
noarr,Naive,atax,2,EXTRALARGE,1.0489961468262017,0.008218333333333333,0.008621,c
noarr,Naive,atax,3,EXTRALARGE,1.0444211121431166,0.008254333333333334,0.008621,c
noarr,Naive,atax,4,EXTRALARGE,1.0476364078259812,0.008229,0.008621,c
noarr,Naive,atax,5,EXTRALARGE,1.0420645473226156,0.008273,0.008621,c
noarr,standard,atax,1,EXTRALARGE,1.0458993853121967,0.008242666666666667,0.008621,c
noarr,standard,atax,2,EXTRALARGE,1.039718592964824,0.008291666666666668,0.008621,c
noarr,standard,atax,3,EXTRALARGE,1.0373415690678647,0.008310666666666666,0.008621,c
noarr,standard,atax,4,EXTRALARGE,1.0401785714285716,0.008287999999999998,0.008621,c
noarr,standard,atax,5,EXTRALARGE,1.0348925613220759,0.008330333333333334,0.008621,c
c,AllHints,bicg,1,EXTRALARGE,12.695766423357664,0.0011416666666666667,0.014494333333333333,c
c,AllHints,bicg,3,EXTRALARGE,13.192657766990292,0.0010986666666666666,0.014494333333333333,c
c,AllHints,bicg,4,EXTRALARGE,12.830628503983476,0.0011296666666666666,0.014494333333333333,c
c,AllHints,bicg,5,EXTRALARGE,13.196661608497724,0.0010983333333333333,0.014494333333333333,c
c,ChooseHints,bicg,1,EXTRALARGE,2.358975750013563,0.006144333333333332,0.014494333333333333,c
c,ChooseHints,bicg,2,EXTRALARGE,13.33834355828221,0.0010866666666666666,0.014494333333333333,c
c,ChooseHints,bicg,3,EXTRALARGE,13.026662672258839,0.0011126666666666665,0.014494333333333333,c
c,ChooseHints,bicg,4,EXTRALARGE,2.384197828709288,0.006079333333333333,0.014494333333333333,c
c,ChooseHints,bicg,5,EXTRALARGE,13.334253296534804,0.001087,0.014494333333333333,c
c,FromPlan,bicg,1,EXTRALARGE,13.057957957957958,0.0011099999999999999,0.014494333333333333,c
c,FromPlan,bicg,2,EXTRALARGE,2.363720373994347,0.006131999999999999,0.014494333333333333,c
c,FromPlan,bicg,3,EXTRALARGE,2.1763263263263264,0.00666,0.014494333333333333,c
c,FromPlan,bicg,4,EXTRALARGE,2.119157853696574,0.006839666666666667,0.014494333333333333,c
c,FromPlan,bicg,5,EXTRALARGE,2.1346588119783996,0.00679,0.014494333333333333,c
c,Naive,bicg,1,EXTRALARGE,2.3644915715062536,0.00613,0.014494333333333333,c
c,Naive,bicg,2,EXTRALARGE,2.361794579327576,0.006137,0.014494333333333333,c
c,Naive,bicg,3,EXTRALARGE,2.369387532693984,0.006117333333333333,0.014494333333333333,c
c,Naive,bicg,4,EXTRALARGE,2.4013143362049925,0.006036,0.014494333333333333,c
c,Naive,bicg,5,EXTRALARGE,2.2490431364435706,0.006444666666666667,0.014494333333333333,c
c,standard,bicg,1,EXTRALARGE,1.0,0.014494333333333333,0.014494333333333333,c
exo,AllHints,bicg,2,EXTRALARGE,2.1655958962099704,0.006693,0.014494333333333333,c
exo,AllHints,bicg,3,EXTRALARGE,1.0000919984360266,0.014493,0.014494333333333333,c
exo,AllHints,bicg,4,EXTRALARGE,2.226814154760076,0.006509,0.014494333333333333,c
exo,AllHints,bicg,5,EXTRALARGE,2.1985539488320356,0.006592666666666667,0.014494333333333333,c
exo,ChooseHints,bicg,1,EXTRALARGE,2.227270399016545,0.006507666666666666,0.014494333333333333,c
exo,ChooseHints,bicg,2,EXTRALARGE,2.1007295038407654,0.006899666666666666,0.014494333333333333,c
exo,ChooseHints,bicg,4,EXTRALARGE,0.9843573142572555,0.014724666666666665,0.014494333333333333,c
exo,ChooseHints,bicg,5,EXTRALARGE,1.0079975891325514,0.014379333333333333,0.014494333333333333,c
exo,FromPlan,bicg,2,EXTRALARGE,2.1585008687019114,0.006715,0.014494333333333333,c
exo,Naive,bicg,1,EXTRALARGE,1.0285261489698891,0.014092333333333333,0.014494333333333333,c
exo,Naive,bicg,2,EXTRALARGE,0.9920151484041704,0.014610999999999999,0.014494333333333333,c
exo,Naive,bicg,3,EXTRALARGE,2.3650059828130097,0.006128666666666667,0.014494333333333333,c
exo,Naive,bicg,4,EXTRALARGE,1.0375575652007922,0.013969666666666667,0.014494333333333333,c
exo,Naive,bicg,5,EXTRALARGE,0.9894643426022847,0.014648666666666666,0.014494333333333333,c
exo,standard,bicg,1,EXTRALARGE,0.997522424353651,0.014530333333333333,0.014494333333333333,c
exo,standard,bicg,2,EXTRALARGE,0.9970192373833491,0.014537666666666666,0.014494333333333333,c
exo,standard,bicg,3,EXTRALARGE,0.8991150076506349,0.016120666666666665,0.014494333333333333,c
exo,standard,bicg,4,EXTRALARGE,0.8809538280759335,0.016453,0.014494333333333333,c
exo,standard,bicg,5,EXTRALARGE,0.997247895786987,0.014534333333333335,0.014494333333333333,c
halide,AllHints,bicg,1,EXTRALARGE,1.3250548512920528,0.010938666666666666,0.014494333333333333,c
halide,AllHints,bicg,5,EXTRALARGE,1.1968566788692852,0.012110333333333334,0.014494333333333333,c
halide,FromPlan,bicg,1,EXTRALARGE,1.1115002172746093,0.013040333333333334,0.014494333333333333,c
halide,FromPlan,bicg,4,EXTRALARGE,0.5920484716454489,0.024481666666666665,0.014494333333333333,c
halide,Naive,bicg,1,EXTRALARGE,2.699466103799354,0.005369333333333334,0.014494333333333333,c
halide,Naive,bicg,3,EXTRALARGE,2.358719826417141,0.006145,0.014494333333333333,c
halide,standard,bicg,1,EXTRALARGE,0.9288063909774437,0.015605333333333332,0.014494333333333333,c
halide,standard,bicg,2,EXTRALARGE,1.347223943487421,0.010758666666666666,0.014494333333333333,c
halide,standard,bicg,3,EXTRALARGE,0.9287270397266125,0.015606666666666666,0.014494333333333333,c
halide,standard,bicg,4,EXTRALARGE,0.9280332942055277,0.015618333333333333,0.014494333333333333,c
halide,standard,bicg,5,EXTRALARGE,0.9453442615822772,0.015332333333333331,0.014494333333333333,c
noarr,AllHints,bicg,1,EXTRALARGE,2.2142275180771973,0.006546,0.014494333333333333,c
noarr,AllHints,bicg,2,EXTRALARGE,2.023406235458353,0.007163333333333333,0.014494333333333333,c
noarr,AllHints,bicg,3,EXTRALARGE,2.127036149293157,0.006814333333333333,0.014494333333333333,c
noarr,AllHints,bicg,4,EXTRALARGE,2.1253726966127378,0.006819666666666666,0.014494333333333333,c
noarr,AllHints,bicg,5,EXTRALARGE,2.2967990703570673,0.006310666666666667,0.014494333333333333,c
noarr,ChooseHints,bicg,1,EXTRALARGE,2.1992211207768557,0.006590666666666667,0.014494333333333333,c
noarr,ChooseHints,bicg,2,EXTRALARGE,1.1139204836561123,0.013012000000000001,0.014494333333333333,c
noarr,ChooseHints,bicg,3,EXTRALARGE,2.1472026072786528,0.006750333333333333,0.014494333333333333,c
noarr,ChooseHints,bicg,4,EXTRALARGE,2.1240230558812034,0.006824,0.014494333333333333,c
noarr,ChooseHints,bicg,5,EXTRALARGE,2.122882390274862,0.006827666666666667,0.014494333333333333,c
noarr,FromPlan,bicg,2,EXTRALARGE,2.282811843763125,0.006349333333333333,0.014494333333333333,c
noarr,FromPlan,bicg,5,EXTRALARGE,2.288699405231854,0.006333000000000001,0.014494333333333333,c
noarr,Naive,bicg,1,EXTRALARGE,2.2265861027190335,0.006509666666666666,0.014494333333333333,c
noarr,Naive,bicg,2,EXTRALARGE,2.2704156223893066,0.006384,0.014494333333333333,c
noarr,Naive,bicg,3,EXTRALARGE,2.2744533947065593,0.006372666666666666,0.014494333333333333,c
noarr,Naive,bicg,4,EXTRALARGE,2.3157586408904507,0.006259000000000001,0.014494333333333333,c
noarr,Naive,bicg,5,EXTRALARGE,2.143920717877921,0.006760666666666667,0.014494333333333333,c
noarr,standard,bicg,1,EXTRALARGE,1.1118696941802189,0.013036,0.014494333333333333,c
noarr,standard,bicg,2,EXTRALARGE,1.1114149882425108,0.013041333333333334,0.014494333333333333,c
noarr,standard,bicg,3,EXTRALARGE,1.1100814377983712,0.013057,0.014494333333333333,c
noarr,standard,bicg,4,EXTRALARGE,1.1109038884063156,0.013047333333333333,0.014494333333333333,c
noarr,standard,bicg,5,EXTRALARGE,1.112523986183958,0.013028333333333334,0.014494333333333333,c
c,AllHints,cholesky,1,EXTRALARGE,1.0092063160301283,16.181029,16.32999666666667,c
c,AllHints,cholesky,2,EXTRALARGE,0.9919855287930898,16.46193033333333,16.32999666666667,c
c,AllHints,cholesky,3,EXTRALARGE,0.9940394952932353,16.427915333333335,16.32999666666667,c
c,AllHints,cholesky,4,EXTRALARGE,0.998278860117323,16.358151333333335,16.32999666666667,c
c,AllHints,cholesky,5,EXTRALARGE,1.0092154428823086,16.180882666666665,16.32999666666667,c
c,ChooseHints,cholesky,1,EXTRALARGE,1.0064244570848426,16.225755,16.32999666666667,c
c,ChooseHints,cholesky,3,EXTRALARGE,1.0089422909193735,16.185263333333335,16.32999666666667,c
c,ChooseHints,cholesky,5,EXTRALARGE,1.0099908713217147,16.168459666666667,16.32999666666667,c
c,FromPlan,cholesky,1,EXTRALARGE,2.1477516665464704,7.603298333333334,16.32999666666667,c
c,FromPlan,cholesky,2,EXTRALARGE,1.0096795290123302,16.173445333333333,16.32999666666667,c
c,FromPlan,cholesky,3,EXTRALARGE,1.0073528548445367,16.210801,16.32999666666667,c
c,FromPlan,cholesky,4,EXTRALARGE,2.098952678525945,7.780069,16.32999666666667,c
c,FromPlan,cholesky,5,EXTRALARGE,2.790162269696947,5.852705,16.32999666666667,c
c,Naive,cholesky,1,EXTRALARGE,1.009328617088685,16.179068333333333,16.32999666666667,c
c,Naive,cholesky,2,EXTRALARGE,1.0090604958976195,16.183367333333333,16.32999666666667,c
c,Naive,cholesky,3,EXTRALARGE,1.0088282269330628,16.187093333333333,16.32999666666667,c
c,Naive,cholesky,4,EXTRALARGE,1.0011855027900876,16.31066033333333,16.32999666666667,c
c,Naive,cholesky,5,EXTRALARGE,1.0088867308488179,16.186154666666667,16.32999666666667,c
c,standard,cholesky,1,EXTRALARGE,1.0,16.32999666666667,16.32999666666667,c
exo,AllHints,cholesky,1,EXTRALARGE,1.0093843298273895,16.178175333333332,16.32999666666667,c
exo,AllHints,cholesky,2,EXTRALARGE,1.009769600169907,16.172002666666668,16.32999666666667,c
exo,AllHints,cholesky,3,EXTRALARGE,1.0001536672420905,16.327487666666666,16.32999666666667,c
exo,AllHints,cholesky,5,EXTRALARGE,1.0020059758756839,16.297304666666665,16.32999666666667,c
exo,ChooseHints,cholesky,2,EXTRALARGE,1.0090360961882858,16.183758666666666,16.32999666666667,c
exo,ChooseHints,cholesky,3,EXTRALARGE,1.0062225191207994,16.229011333333332,16.32999666666667,c
exo,ChooseHints,cholesky,4,EXTRALARGE,1.0004308040937173,16.322964666666667,16.32999666666667,c
exo,ChooseHints,cholesky,5,EXTRALARGE,1.0083579284005626,16.194643,16.32999666666667,c
exo,FromPlan,cholesky,1,EXTRALARGE,1.0035960046505081,16.271484333333333,16.32999666666667,c
exo,FromPlan,cholesky,2,EXTRALARGE,1.0075568009491234,16.207519666666666,16.32999666666667,c
exo,FromPlan,cholesky,4,EXTRALARGE,1.0075855431868241,16.207057333333335,16.32999666666667,c
exo,FromPlan,cholesky,5,EXTRALARGE,1.0077206557455016,16.204884333333332,16.32999666666667,c
exo,Naive,cholesky,1,EXTRALARGE,0.4710404439407577,34.667929,16.32999666666667,c
exo,Naive,cholesky,3,EXTRALARGE,1.009759464281169,16.172165,16.32999666666667,c
exo,Naive,cholesky,4,EXTRALARGE,1.008658155366248,16.189822666666668,16.32999666666667,c
exo,Naive,cholesky,5,EXTRALARGE,0.46584183832428444,35.054809,16.32999666666667,c
exo,standard,cholesky,1,EXTRALARGE,0.9905916221207023,16.485094666666665,16.32999666666667,c
exo,standard,cholesky,2,EXTRALARGE,0.9890194392123375,16.511300000000002,16.32999666666667,c
exo,standard,cholesky,3,EXTRALARGE,0.9929759151706931,16.445511333333332,16.32999666666667,c
exo,standard,cholesky,4,EXTRALARGE,0.9929872666940572,16.445323333333334,16.32999666666667,c
exo,standard,cholesky,5,EXTRALARGE,0.9945245514950161,16.419903,16.32999666666667,c
halide,AllHints,cholesky,4,EXTRALARGE,0.37781324686624135,43.22240366666667,16.32999666666667,c
halide,ChooseHints,cholesky,2,EXTRALARGE,1.0063507958410238,16.22694266666667,16.32999666666667,c
halide,Naive,cholesky,1,EXTRALARGE,1.0039252892541122,16.266147333333333,16.32999666666667,c
halide,standard,cholesky,1,EXTRALARGE,1.0005773489747771,16.320573999999997,16.32999666666667,c
c,AllHints,correlation,1,EXTRALARGE,19.335251341028076,1.056652,20.430632,c
c,AllHints,correlation,2,EXTRALARGE,54.46880648664405,0.3750886666666666,20.430632,c
c,AllHints,correlation,3,EXTRALARGE,20.275282783314243,1.007662,20.430632,c
c,AllHints,correlation,4,EXTRALARGE,20.964234664926373,0.9745469999999999,20.430632,c
c,ChooseHints,correlation,1,EXTRALARGE,3.4548157170144216,5.913667666666666,20.430632,c
c,ChooseHints,correlation,2,EXTRALARGE,1.5993469000584977,12.774359333333331,20.430632,c
c,ChooseHints,correlation,3,EXTRALARGE,19.693896462598495,1.0374093333333334,20.430632,c
c,ChooseHints,correlation,5,EXTRALARGE,19.993272499646075,1.0218753333333332,20.430632,c
c,FromPlan,correlation,1,EXTRALARGE,3.452318084686815,5.917946000000001,20.430632,c
c,FromPlan,correlation,2,EXTRALARGE,3.4454901143801,5.929673666666666,20.430632,c
c,FromPlan,correlation,3,EXTRALARGE,5.027492124331473,4.063782,20.430632,c
c,FromPlan,correlation,4,EXTRALARGE,1.3381019725292167,15.268367,20.430632,c
c,FromPlan,correlation,5,EXTRALARGE,3.4470385573839084,5.92701,20.430632,c
c,Naive,correlation,1,EXTRALARGE,3.063585195498823,6.668863666666667,20.430632,c
c,Naive,correlation,2,EXTRALARGE,3.50886219345707,5.822580333333334,20.430632,c
c,Naive,correlation,3,EXTRALARGE,3.446538276168996,5.927870333333334,20.430632,c
c,Naive,correlation,4,EXTRALARGE,3.473540251469961,5.881789333333333,20.430632,c
c,Naive,correlation,5,EXTRALARGE,3.4443423243303473,5.931649666666668,20.430632,c
c,standard,correlation,1,EXTRALARGE,1.0,20.430632,20.430632,c
exo,AllHints,correlation,1,EXTRALARGE,18.738616161304254,1.0902956666666668,20.430632,c
exo,AllHints,correlation,2,EXTRALARGE,19.434361831320413,1.0512633333333332,20.430632,c
exo,AllHints,correlation,3,EXTRALARGE,19.229560086829963,1.0624596666666666,20.430632,c
exo,AllHints,correlation,4,EXTRALARGE,19.56849623839304,1.0440573333333334,20.430632,c
exo,AllHints,correlation,5,EXTRALARGE,3.11888364822279,6.550623333333333,20.430632,c
exo,ChooseHints,correlation,1,EXTRALARGE,19.525551112259368,1.0463536666666666,20.430632,c
exo,ChooseHints,correlation,2,EXTRALARGE,19.05106796442419,1.072414,20.430632,c
exo,ChooseHints,correlation,3,EXTRALARGE,19.44764433456148,1.0505453333333332,20.430632,c
exo,ChooseHints,correlation,4,EXTRALARGE,19.568290070413653,1.0440683333333334,20.430632,c
exo,ChooseHints,correlation,5,EXTRALARGE,19.141126227903204,1.0673683333333335,20.430632,c
exo,FromPlan,correlation,2,EXTRALARGE,3.2466443771569793,6.2928456666666674,20.430632,c
exo,FromPlan,correlation,3,EXTRALARGE,3.2783846562865238,6.231920333333334,20.430632,c
exo,FromPlan,correlation,4,EXTRALARGE,3.2957412854832384,6.199100666666666,20.430632,c
exo,Naive,correlation,2,EXTRALARGE,3.2773693179384615,6.2338510000000005,20.430632,c
exo,Naive,correlation,3,EXTRALARGE,19.06877207937765,1.0714183333333331,20.430632,c
exo,Naive,correlation,5,EXTRALARGE,3.300134828063125,6.1908476666666665,20.430632,c
exo,standard,correlation,1,EXTRALARGE,0.9901936061837351,20.632966999999997,20.430632,c
exo,standard,correlation,2,EXTRALARGE,0.9808979985018602,20.828498,20.430632,c
exo,standard,correlation,3,EXTRALARGE,0.981306222432136,20.81983333333333,20.430632,c
halide,AllHints,correlation,1,EXTRALARGE,24.501351949893905,0.8338573333333333,20.430632,c
halide,AllHints,correlation,2,EXTRALARGE,0.7387204350122454,27.656784666666667,20.430632,c
halide,AllHints,correlation,4,EXTRALARGE,22.691818795382698,0.9003523333333333,20.430632,c
halide,Naive,correlation,1,EXTRALARGE,23.79741028199583,0.8585233333333333,20.430632,c
halide,Naive,correlation,2,EXTRALARGE,18.67413649643332,1.0940603333333332,20.430632,c
halide,Naive,correlation,4,EXTRALARGE,23.843874717910673,0.8568503333333334,20.430632,c
halide,Naive,correlation,5,EXTRALARGE,53.00265221252636,0.38546433333333335,20.430632,c
halide,standard,correlation,4,EXTRALARGE,0.4673655816691056,43.71445566666667,20.430632,c
noarr,AllHints,correlation,1,EXTRALARGE,1.0169181980567856,20.090733,20.430632,c
noarr,AllHints,correlation,2,EXTRALARGE,0.9969441005734374,20.493257333333332,20.430632,c
noarr,AllHints,correlation,3,EXTRALARGE,1.0160277775291247,20.108340000000002,20.430632,c
noarr,AllHints,correlation,4,EXTRALARGE,1.0155448951401558,20.117901333333332,20.430632,c
noarr,AllHints,correlation,5,EXTRALARGE,1.0199246746775563,20.031510666666666,20.430632,c
noarr,ChooseHints,correlation,1,EXTRALARGE,0.9932634867120884,20.569196666666667,20.430632,c
noarr,ChooseHints,correlation,2,EXTRALARGE,1.0160956912708392,20.106996,20.430632,c
noarr,ChooseHints,correlation,3,EXTRALARGE,0.7434594513213361,27.480492666666667,20.430632,c
noarr,ChooseHints,correlation,4,EXTRALARGE,2.7901440901646164,7.322429,20.430632,c
noarr,ChooseHints,correlation,5,EXTRALARGE,0.9974732111296926,20.482386666666667,20.430632,c
noarr,FromPlan,correlation,1,EXTRALARGE,1.3292301750769049,15.370274,20.430632,c
noarr,FromPlan,correlation,2,EXTRALARGE,1.3357229008807239,15.295561666666666,20.430632,c
noarr,FromPlan,correlation,3,EXTRALARGE,1.3301042898410063,15.360173000000001,20.430632,c
noarr,FromPlan,correlation,4,EXTRALARGE,1.3311840736495366,15.347713666666666,20.430632,c
noarr,FromPlan,correlation,5,EXTRALARGE,1.330892476616569,15.351076333333333,20.430632,c
noarr,Naive,correlation,1,EXTRALARGE,1.0166699520672113,20.095638666666666,20.430632,c
noarr,Naive,correlation,2,EXTRALARGE,1.0153919984350623,20.120930666666666,20.430632,c
noarr,Naive,correlation,3,EXTRALARGE,2.787986275107646,7.328096333333334,20.430632,c
noarr,Naive,correlation,4,EXTRALARGE,0.9976621506095096,20.47850766666667,20.430632,c
noarr,Naive,correlation,5,EXTRALARGE,0.9928470088554062,20.577825,20.430632,c
noarr,standard,correlation,1,EXTRALARGE,1.0098281794834074,20.231790333333333,20.430632,c
noarr,standard,correlation,2,EXTRALARGE,0.9954752509915993,20.523495666666665,20.430632,c
noarr,standard,correlation,3,EXTRALARGE,0.9991431337075914,20.448153333333334,20.430632,c
noarr,standard,correlation,4,EXTRALARGE,0.9931498437866885,20.571550333333334,20.430632,c
noarr,standard,correlation,5,EXTRALARGE,0.9979990323177067,20.471594999999997,20.430632,c
c,AllHints,covariance,1,EXTRALARGE,57.359455718094296,0.3573393333333333,20.49678966666667,c
c,AllHints,covariance,2,EXTRALARGE,20.65774101281115,0.9922086666666666,20.49678966666667,c
c,AllHints,covariance,3,EXTRALARGE,20.28759748645137,1.0103113333333333,20.49678966666667,c
c,AllHints,covariance,5,EXTRALARGE,82.86475162959181,0.2473523333333333,20.49678966666667,c
c,ChooseHints,covariance,1,EXTRALARGE,3.4641782234353946,5.916782666666666,20.49678966666667,c
c,ChooseHints,covariance,2,EXTRALARGE,20.71145701480613,0.9896353333333333,20.49678966666667,c
c,ChooseHints,covariance,3,EXTRALARGE,3.448907344025238,5.942980666666666,20.49678966666667,c
c,ChooseHints,covariance,4,EXTRALARGE,3.428227731748393,5.978829666666667,20.49678966666667,c
c,ChooseHints,covariance,5,EXTRALARGE,3.415461611391677,6.001176999999999,20.49678966666667,c
c,FromPlan,covariance,1,EXTRALARGE,2.7139830372885085,7.552291,20.49678966666667,c
c,FromPlan,covariance,2,EXTRALARGE,3.453043882875971,5.9358613333333325,20.49678966666667,c
c,FromPlan,covariance,3,EXTRALARGE,3.412696163639714,6.00604,20.49678966666667,c
c,FromPlan,covariance,4,EXTRALARGE,2.88977308908498,7.092871666666667,20.49678966666667,c
c,FromPlan,covariance,5,EXTRALARGE,2.628032990014304,7.799289333333333,20.49678966666667,c
c,Naive,covariance,1,EXTRALARGE,1.0156987196342966,20.179989666666668,20.49678966666667,c
c,Naive,covariance,2,EXTRALARGE,1.3360463377807759,15.341376333333335,20.49678966666667,c
c,Naive,covariance,3,EXTRALARGE,3.485475929274229,5.8806286666666665,20.49678966666667,c
c,Naive,covariance,4,EXTRALARGE,1.3390252999570706,15.307246,20.49678966666667,c
c,Naive,covariance,5,EXTRALARGE,3.4192298132363277,5.994563333333333,20.49678966666667,c
c,standard,covariance,1,EXTRALARGE,1.0,20.49678966666667,20.49678966666667,c
exo,AllHints,covariance,1,EXTRALARGE,0.5621051632573412,36.46433266666667,20.49678966666667,c
exo,AllHints,covariance,3,EXTRALARGE,72.82292730067672,0.28146066666666664,20.49678966666667,c
exo,ChooseHints,covariance,1,EXTRALARGE,19.699365901432007,1.0404796666666665,20.49678966666667,c
exo,ChooseHints,covariance,2,EXTRALARGE,3.18265537245721,6.440153666666667,20.49678966666667,c
exo,ChooseHints,covariance,3,EXTRALARGE,19.71984739899371,1.0393990000000002,20.49678966666667,c
exo,ChooseHints,covariance,5,EXTRALARGE,19.054220070737866,1.0757086666666666,20.49678966666667,c
exo,FromPlan,covariance,1,EXTRALARGE,3.2087819069411867,6.387716666666667,20.49678966666667,c
exo,FromPlan,covariance,3,EXTRALARGE,3.286039849286625,6.237535333333334,20.49678966666667,c
exo,FromPlan,covariance,4,EXTRALARGE,3.2547149283281565,6.297568333333333,20.49678966666667,c
exo,FromPlan,covariance,5,EXTRALARGE,3.273777228383271,6.260899333333334,20.49678966666667,c
exo,Naive,covariance,1,EXTRALARGE,3.3089152209778696,6.194413666666667,20.49678966666667,c
exo,Naive,covariance,2,EXTRALARGE,0.5612706327788664,36.51855,20.49678966666667,c
exo,Naive,covariance,3,EXTRALARGE,20.248682559267955,1.012253,20.49678966666667,c
exo,Naive,covariance,5,EXTRALARGE,56.32089896738007,0.3639286666666666,20.49678966666667,c
exo,standard,covariance,1,EXTRALARGE,0.990232077023715,20.698975666666666,20.49678966666667,c
exo,standard,covariance,2,EXTRALARGE,0.991360096294683,20.67542333333333,20.49678966666667,c
exo,standard,covariance,3,EXTRALARGE,0.9924784497970242,20.652125666666667,20.49678966666667,c
exo,standard,covariance,4,EXTRALARGE,0.9915285208105417,20.67191133333333,20.49678966666667,c
exo,standard,covariance,5,EXTRALARGE,0.9945850997262505,20.608382000000002,20.49678966666667,c
halide,AllHints,covariance,2,EXTRALARGE,0.2611369372817307,78.49058000000001,20.49678966666667,c
halide,ChooseHints,covariance,5,EXTRALARGE,15.355524584424414,1.3348153333333332,20.49678966666667,c
halide,Naive,covariance,4,EXTRALARGE,26.219613637187372,0.781735,20.49678966666667,c
halide,Naive,covariance,5,EXTRALARGE,29.132910942613865,0.7035613333333334,20.49678966666667,c
halide,standard,covariance,2,EXTRALARGE,0.45331227816472225,45.215606666666666,20.49678966666667,c
noarr,AllHints,covariance,1,EXTRALARGE,3.4018993870366225,6.025101666666667,20.49678966666667,c
noarr,AllHints,covariance,2,EXTRALARGE,1.0117435923112095,20.258877666666667,20.49678966666667,c
noarr,AllHints,covariance,3,EXTRALARGE,3.425932824262123,5.982834666666666,20.49678966666667,c
noarr,AllHints,covariance,4,EXTRALARGE,3.389390637080902,6.0473376666666665,20.49678966666667,c
noarr,AllHints,covariance,5,EXTRALARGE,0.7695882789992959,26.633448333333334,20.49678966666667,c
noarr,ChooseHints,covariance,1,EXTRALARGE,3.3525801026846214,6.113736,20.49678966666667,c
noarr,ChooseHints,covariance,2,EXTRALARGE,3.3888644313559295,6.048276666666666,20.49678966666667,c
noarr,ChooseHints,covariance,3,EXTRALARGE,1.0171746317077417,20.15070866666667,20.49678966666667,c
noarr,ChooseHints,covariance,4,EXTRALARGE,3.4258515131542664,5.982976666666667,20.49678966666667,c
noarr,ChooseHints,covariance,5,EXTRALARGE,3.4197696760848526,5.993617,20.49678966666667,c
noarr,FromPlan,covariance,1,EXTRALARGE,1.332827653738439,15.378424666666666,20.49678966666667,c
noarr,FromPlan,covariance,2,EXTRALARGE,3.4619037485059407,5.92067,20.49678966666667,c
noarr,FromPlan,covariance,4,EXTRALARGE,0.7661718767765279,26.752208333333332,20.49678966666667,c
noarr,FromPlan,covariance,5,EXTRALARGE,3.4190526217342794,5.994874,20.49678966666667,c
noarr,Naive,covariance,1,EXTRALARGE,1.0190136126740736,20.114343333333334,20.49678966666667,c
noarr,Naive,covariance,2,EXTRALARGE,1.0116780909319572,20.260189333333333,20.49678966666667,c
noarr,Naive,covariance,3,EXTRALARGE,3.4310785328932387,5.973862,20.49678966666667,c
noarr,Naive,covariance,4,EXTRALARGE,3.4143079912762158,6.003204666666666,20.49678966666667,c
noarr,Naive,covariance,5,EXTRALARGE,3.377685666954611,6.068294000000001,20.49678966666667,c
noarr,standard,covariance,1,EXTRALARGE,1.015305879576463,20.18779766666667,20.49678966666667,c
noarr,standard,covariance,2,EXTRALARGE,0.9995530241572425,20.505955333333333,20.49678966666667,c
noarr,standard,covariance,3,EXTRALARGE,1.0014801263007234,20.466496666666668,20.49678966666667,c
noarr,standard,covariance,4,EXTRALARGE,1.0133691244348841,20.226380666666667,20.49678966666667,c
noarr,standard,covariance,5,EXTRALARGE,1.003951961586929,20.416106,20.49678966666667,c
c,AllHints,deriche,1,EXTRALARGE,3.813168144084499,0.3125573333333333,1.1918336666666667,c
c,AllHints,deriche,2,EXTRALARGE,3.836366230973753,0.31066733333333335,1.1918336666666667,c
c,AllHints,deriche,3,EXTRALARGE,5.472783794870539,0.21777466666666667,1.1918336666666667,c
c,AllHints,deriche,4,EXTRALARGE,19.969287908405473,0.05968333333333333,1.1918336666666667,c
c,AllHints,deriche,5,EXTRALARGE,5.442253979899206,0.21899633333333335,1.1918336666666667,c
c,ChooseHints,deriche,1,EXTRALARGE,4.789340087923981,0.24885133333333334,1.1918336666666667,c
c,ChooseHints,deriche,2,EXTRALARGE,3.8291557653650794,0.3112523333333333,1.1918336666666667,c
c,ChooseHints,deriche,3,EXTRALARGE,4.0436688976297805,0.2947406666666667,1.1918336666666667,c
c,ChooseHints,deriche,4,EXTRALARGE,4.045219785876637,0.2946276666666667,1.1918336666666667,c
c,ChooseHints,deriche,5,EXTRALARGE,1.9034416856540535,0.6261466666666666,1.1918336666666667,c
c,FromPlan,deriche,1,EXTRALARGE,2.123118260415182,0.56136,1.1918336666666667,c
c,FromPlan,deriche,2,EXTRALARGE,2.128778722578325,0.5598673333333334,1.1918336666666667,c
c,FromPlan,deriche,3,EXTRALARGE,2.1355887963895386,0.5580820000000001,1.1918336666666667,c
c,FromPlan,deriche,4,EXTRALARGE,2.014590351717909,0.5916009999999999,1.1918336666666667,c
c,FromPlan,deriche,5,EXTRALARGE,1.9933740054736235,0.5978976666666667,1.1918336666666667,c
c,Naive,deriche,1,EXTRALARGE,2.365832113639311,0.5037693333333334,1.1918336666666667,c
c,Naive,deriche,2,EXTRALARGE,1.4033542335128983,0.849275,1.1918336666666667,c
c,Naive,deriche,3,EXTRALARGE,0.8416088176005528,1.4161373333333334,1.1918336666666667,c
c,Naive,deriche,4,EXTRALARGE,0.8529012349949179,1.3973876666666667,1.1918336666666667,c
c,Naive,deriche,5,EXTRALARGE,0.8408871656971754,1.4173526666666667,1.1918336666666667,c
c,standard,deriche,1,EXTRALARGE,1.0,1.1918336666666667,1.1918336666666667,c
exo,AllHints,deriche,1,EXTRALARGE,4.1063162947956435,0.290244,1.1918336666666667,c
exo,AllHints,deriche,2,EXTRALARGE,3.9239906056914586,0.30373,1.1918336666666667,c
exo,ChooseHints,deriche,2,EXTRALARGE,5.299464495598726,0.22489699999999999,1.1918336666666667,c
exo,FromPlan,deriche,3,EXTRALARGE,1.53260738643256,0.777651,1.1918336666666667,c
exo,Naive,deriche,5,EXTRALARGE,1.7232326688772364,0.6916266666666666,1.1918336666666667,c
exo,standard,deriche,3,EXTRALARGE,0.9023139153145,1.3208636666666667,1.1918336666666667,c
exo,standard,deriche,4,EXTRALARGE,0.8997200564164958,1.3246716666666665,1.1918336666666667,c
exo,standard,deriche,5,EXTRALARGE,0.9064304446971109,1.314865,1.1918336666666667,c
halide,AllHints,deriche,1,EXTRALARGE,0.2350960457980514,5.069560666666667,1.1918336666666667,c
halide,AllHints,deriche,2,EXTRALARGE,1.0267373767046837,1.1607969999999999,1.1918336666666667,c
halide,AllHints,deriche,3,EXTRALARGE,0.2232505014159279,5.338548666666667,1.1918336666666667,c
halide,ChooseHints,deriche,2,EXTRALARGE,0.5865804281847264,2.031833333333333,1.1918336666666667,c
halide,ChooseHints,deriche,3,EXTRALARGE,0.2228478469744058,5.348194666666667,1.1918336666666667,c
halide,ChooseHints,deriche,4,EXTRALARGE,0.624956586897257,1.9070663333333335,1.1918336666666667,c
halide,ChooseHints,deriche,5,EXTRALARGE,0.6071584736663447,1.9629696666666667,1.1918336666666667,c
halide,FromPlan,deriche,1,EXTRALARGE,0.6346687555436983,1.877883,1.1918336666666667,c
halide,FromPlan,deriche,2,EXTRALARGE,0.6082369774296599,1.9594889999999998,1.1918336666666667,c
halide,FromPlan,deriche,4,EXTRALARGE,0.2211844061294695,5.388416333333333,1.1918336666666667,c
halide,Naive,deriche,5,EXTRALARGE,0.6338868680235678,1.8801993333333333,1.1918336666666667,c
halide,standard,deriche,1,EXTRALARGE,0.4477493385821822,2.6618323333333334,1.1918336666666667,c
noarr,AllHints,deriche,1,EXTRALARGE,3.0303989056495673,0.3932926666666667,1.1918336666666667,c
noarr,AllHints,deriche,2,EXTRALARGE,3.0332988335100746,0.39291666666666664,1.1918336666666667,c
noarr,AllHints,deriche,3,EXTRALARGE,0.853572338295773,1.3962890000000001,1.1918336666666667,c
noarr,ChooseHints,deriche,2,EXTRALARGE,1.1059288036300314,1.0776766666666666,1.1918336666666667,c
noarr,ChooseHints,deriche,4,EXTRALARGE,1.6446896388031649,0.7246556666666667,1.1918336666666667,c
noarr,ChooseHints,deriche,5,EXTRALARGE,3.0352687003654544,0.3926616666666667,1.1918336666666667,c
noarr,FromPlan,deriche,1,EXTRALARGE,1.1299593524454585,1.0547579999999999,1.1918336666666667,c
noarr,FromPlan,deriche,2,EXTRALARGE,3.035675867508556,0.392609,1.1918336666666667,c
noarr,FromPlan,deriche,3,EXTRALARGE,1.2909716856464064,0.9232066666666666,1.1918336666666667,c
noarr,FromPlan,deriche,4,EXTRALARGE,1.0161189297887736,1.1729273333333332,1.1918336666666667,c
noarr,FromPlan,deriche,5,EXTRALARGE,0.857646338938956,1.3896563333333332,1.1918336666666667,c
noarr,Naive,deriche,1,EXTRALARGE,0.6593470041533962,1.8075970000000001,1.1918336666666667,c
noarr,Naive,deriche,3,EXTRALARGE,0.8561545775822375,1.3920776666666665,1.1918336666666667,c
noarr,Naive,deriche,4,EXTRALARGE,1.1250170302138804,1.0593916666666667,1.1918336666666667,c
noarr,Naive,deriche,5,EXTRALARGE,2.4032700056796608,0.49592166666666665,1.1918336666666667,c
noarr,standard,deriche,1,EXTRALARGE,1.1339950073152254,1.0510043333333332,1.1918336666666667,c
noarr,standard,deriche,2,EXTRALARGE,1.1184411833983399,1.0656203333333334,1.1918336666666667,c
noarr,standard,deriche,3,EXTRALARGE,1.1358426803528974,1.0492946666666667,1.1918336666666667,c
noarr,standard,deriche,4,EXTRALARGE,1.1340622666775775,1.050942,1.1918336666666667,c
noarr,standard,deriche,5,EXTRALARGE,0.11115362854087395,10.722399999999999,1.1918336666666667,c
c,AllHints,doitgen,1,EXTRALARGE,238.66816777806648,0.023094,5.511802666666667,c
c,AllHints,doitgen,2,EXTRALARGE,235.03820786900164,0.023450666666666665,5.511802666666667,c
c,AllHints,doitgen,3,EXTRALARGE,238.21430835278184,0.023138000000000002,5.511802666666667,c
c,AllHints,doitgen,4,EXTRALARGE,235.5001566639132,0.023404666666666667,5.511802666666667,c
c,AllHints,doitgen,5,EXTRALARGE,237.8442507407727,0.023174,5.511802666666667,c
c,ChooseHints,doitgen,1,EXTRALARGE,4.6209265378838165,1.1927916666666667,5.511802666666667,c
c,ChooseHints,doitgen,2,EXTRALARGE,237.1483808048648,0.023242,5.511802666666667,c
c,ChooseHints,doitgen,3,EXTRALARGE,171.6270486273289,0.032115,5.511802666666667,c
c,ChooseHints,doitgen,4,EXTRALARGE,238.5751922549741,0.023103000000000002,5.511802666666667,c
c,ChooseHints,doitgen,5,EXTRALARGE,266.61412447597553,0.020673333333333332,5.511802666666667,c
c,FromPlan,doitgen,1,EXTRALARGE,4.640660896878557,1.1877193333333331,5.511802666666667,c
c,FromPlan,doitgen,2,EXTRALARGE,5.641614331905707,0.9769903333333333,5.511802666666667,c
c,FromPlan,doitgen,3,EXTRALARGE,4.620580482601925,1.192881,5.511802666666667,c
c,FromPlan,doitgen,4,EXTRALARGE,5.242848056595363,1.0512993333333334,5.511802666666667,c
c,FromPlan,doitgen,5,EXTRALARGE,5.144411117129455,1.0714156666666668,5.511802666666667,c
c,Naive,doitgen,1,EXTRALARGE,4.70590137061154,1.1712533333333333,5.511802666666667,c
c,Naive,doitgen,2,EXTRALARGE,4.216661970268613,1.3071483333333334,5.511802666666667,c
c,Naive,doitgen,3,EXTRALARGE,5.12623781560384,1.075214,5.511802666666667,c
c,Naive,doitgen,4,EXTRALARGE,4.717783908859286,1.1683033333333332,5.511802666666667,c
c,Naive,doitgen,5,EXTRALARGE,5.151166094294387,1.0700106666666667,5.511802666666667,c
c,standard,doitgen,1,EXTRALARGE,1.0,5.511802666666667,5.511802666666667,c
exo,AllHints,doitgen,1,EXTRALARGE,0.7005175271218782,7.868186666666666,5.511802666666667,c
exo,AllHints,doitgen,2,EXTRALARGE,170.33992974359504,0.032357666666666667,5.511802666666667,c
exo,AllHints,doitgen,3,EXTRALARGE,148.84159360541526,0.03703133333333333,5.511802666666667,c
exo,AllHints,doitgen,4,EXTRALARGE,189.1144151150556,0.029145333333333332,5.511802666666667,c
exo,AllHints,doitgen,5,EXTRALARGE,210.0507869564665,0.026240333333333334,5.511802666666667,c
exo,ChooseHints,doitgen,1,EXTRALARGE,201.516153799281,0.027351666666666666,5.511802666666667,c
exo,ChooseHints,doitgen,2,EXTRALARGE,203.9847030667884,0.027020666666666665,5.511802666666667,c
exo,ChooseHints,doitgen,3,EXTRALARGE,200.41704139143087,0.027501666666666664,5.511802666666667,c
exo,ChooseHints,doitgen,4,EXTRALARGE,4.159101907681535,1.3252386666666667,5.511802666666667,c
exo,FromPlan,doitgen,2,EXTRALARGE,4.563635826707002,1.2077656666666667,5.511802666666667,c
exo,FromPlan,doitgen,4,EXTRALARGE,4.615639359839038,1.194158,5.511802666666667,c
exo,FromPlan,doitgen,5,EXTRALARGE,4.612227638430358,1.1950413333333334,5.511802666666667,c
exo,Naive,doitgen,2,EXTRALARGE,3.208135016565093,1.7180706666666667,5.511802666666667,c
exo,Naive,doitgen,3,EXTRALARGE,2.097525222324577,2.6277646666666663,5.511802666666667,c
exo,Naive,doitgen,4,EXTRALARGE,1.1161200614509001,4.93836,5.511802666666667,c
exo,Naive,doitgen,5,EXTRALARGE,4.606815299542868,1.1964453333333334,5.511802666666667,c
exo,standard,doitgen,1,EXTRALARGE,0.8634384733677448,6.38355,5.511802666666667,c
exo,standard,doitgen,2,EXTRALARGE,0.8648620376410473,6.373042666666667,5.511802666666667,c
exo,standard,doitgen,3,EXTRALARGE,0.8642007944388548,6.377919000000001,5.511802666666667,c
exo,standard,doitgen,4,EXTRALARGE,0.8629500106724477,6.3871633333333335,5.511802666666667,c
exo,standard,doitgen,5,EXTRALARGE,0.8622406973511796,6.392417666666667,5.511802666666667,c
halide,standard,doitgen,3,EXTRALARGE,1.0223528993515778,5.3912916666666675,5.511802666666667,c
halide,standard,doitgen,4,EXTRALARGE,2.2823079740920615,2.4150126666666667,5.511802666666667,c
halide,standard,doitgen,5,EXTRALARGE,2.3036971092693137,2.3925899999999998,5.511802666666667,c
noarr,AllHints,doitgen,1,EXTRALARGE,4.728624271671134,1.1656250000000001,5.511802666666667,c
noarr,AllHints,doitgen,2,EXTRALARGE,4.178975533062122,1.3189363333333333,5.511802666666667,c
noarr,AllHints,doitgen,3,EXTRALARGE,5.117925420342006,1.0769603333333333,5.511802666666667,c
noarr,AllHints,doitgen,4,EXTRALARGE,4.59595071572488,1.1992736666666666,5.511802666666667,c
noarr,AllHints,doitgen,5,EXTRALARGE,4.708255659234916,1.1706676666666667,5.511802666666667,c
noarr,ChooseHints,doitgen,1,EXTRALARGE,5.126244172470687,1.0752126666666666,5.511802666666667,c
noarr,ChooseHints,doitgen,2,EXTRALARGE,4.6720803255880705,1.1797320000000002,5.511802666666667,c
noarr,ChooseHints,doitgen,3,EXTRALARGE,4.178642872955208,1.3190413333333333,5.511802666666667,c
noarr,ChooseHints,doitgen,4,EXTRALARGE,4.613342008304089,1.1947526666666668,5.511802666666667,c
noarr,ChooseHints,doitgen,5,EXTRALARGE,4.178604858029496,1.3190533333333334,5.511802666666667,c
noarr,FromPlan,doitgen,1,EXTRALARGE,5.142139406847787,1.0718889999999999,5.511802666666667,c
noarr,FromPlan,doitgen,2,EXTRALARGE,3.9440495456762625,1.3974983333333333,5.511802666666667,c
noarr,FromPlan,doitgen,3,EXTRALARGE,4.184596509573342,1.3171646666666665,5.511802666666667,c
noarr,FromPlan,doitgen,4,EXTRALARGE,5.0074975848921754,1.10071,5.511802666666667,c
noarr,FromPlan,doitgen,5,EXTRALARGE,4.722088462367726,1.1672383333333334,5.511802666666667,c
noarr,Naive,doitgen,1,EXTRALARGE,4.195306953914416,1.313802,5.511802666666667,c
noarr,Naive,doitgen,2,EXTRALARGE,5.125807174589024,1.0753043333333332,5.511802666666667,c
noarr,Naive,doitgen,3,EXTRALARGE,4.106368078450928,1.3422573333333334,5.511802666666667,c
noarr,Naive,doitgen,4,EXTRALARGE,4.178401067582295,1.3191176666666669,5.511802666666667,c
noarr,Naive,doitgen,5,EXTRALARGE,4.177408797175954,1.319431,5.511802666666667,c
noarr,standard,doitgen,1,EXTRALARGE,1.0118110652990902,5.447462333333333,5.511802666666667,c
noarr,standard,doitgen,2,EXTRALARGE,1.0037279362855176,5.491331333333334,5.511802666666667,c
noarr,standard,doitgen,3,EXTRALARGE,1.0064655063534802,5.476395,5.511802666666667,c
noarr,standard,doitgen,5,EXTRALARGE,1.0126481439814787,5.4429593333333335,5.511802666666667,c
c,AllHints,durbin,1,EXTRALARGE,0.13933898997130661,0.11919133333333333,0.016607999999999998,c
c,AllHints,durbin,3,EXTRALARGE,0.8687555578804205,0.019117,0.016607999999999998,c
c,AllHints,durbin,4,EXTRALARGE,1.0574078397249516,0.015706333333333333,0.016607999999999998,c
c,AllHints,durbin,5,EXTRALARGE,1.059341313545808,0.015677666666666666,0.016607999999999998,c
c,ChooseHints,durbin,1,EXTRALARGE,1.038779084313235,0.015988,0.016607999999999998,c
c,ChooseHints,durbin,2,EXTRALARGE,0.8734004137012236,0.019015333333333332,0.016607999999999998,c
c,ChooseHints,durbin,3,EXTRALARGE,0.865165222525135,0.019196333333333333,0.016607999999999998,c
c,ChooseHints,durbin,4,EXTRALARGE,1.0361004824488436,0.016029333333333333,0.016607999999999998,c
c,ChooseHints,durbin,5,EXTRALARGE,0.8697109342270632,0.019096,0.016607999999999998,c
c,FromPlan,durbin,1,EXTRALARGE,1.0677181553231612,0.015554666666666666,0.016607999999999998,c
c,FromPlan,durbin,2,EXTRALARGE,1.0671921519909182,0.015562333333333333,0.016607999999999998,c
c,FromPlan,durbin,3,EXTRALARGE,1.0566005725797898,0.015718333333333334,0.016607999999999998,c
c,FromPlan,durbin,4,EXTRALARGE,1.0479776202595543,0.015847666666666666,0.016607999999999998,c
c,FromPlan,durbin,5,EXTRALARGE,1.0576996560947651,0.015701999999999997,0.016607999999999998,c
c,Naive,durbin,1,EXTRALARGE,1.0673064564500234,0.015560666666666667,0.016607999999999998,c
c,Naive,durbin,2,EXTRALARGE,0.867303775654081,0.019149,0.016607999999999998,c
c,Naive,durbin,3,EXTRALARGE,1.0410798612562162,0.015952666666666667,0.016607999999999998,c
c,Naive,durbin,4,EXTRALARGE,1.0549003832228832,0.015743666666666666,0.016607999999999998,c
c,Naive,durbin,5,EXTRALARGE,1.0384759681520697,0.015992666666666665,0.016607999999999998,c
c,standard,durbin,1,EXTRALARGE,1.0,0.016607999999999998,0.016607999999999998,c
exo,AllHints,durbin,1,EXTRALARGE,1.0327287801844751,0.016081666666666664,0.016607999999999998,c
exo,AllHints,durbin,2,EXTRALARGE,0.8574969021065675,0.019368,0.016607999999999998,c
exo,AllHints,durbin,3,EXTRALARGE,0.0746782736944342,0.22239399999999998,0.016607999999999998,c
exo,ChooseHints,durbin,1,EXTRALARGE,0.9757931844888366,0.01702,0.016607999999999998,c
exo,ChooseHints,durbin,2,EXTRALARGE,0.6608045199538455,0.025133,0.016607999999999998,c
exo,ChooseHints,durbin,3,EXTRALARGE,0.7207499132044901,0.023042666666666666,0.016607999999999998,c
exo,ChooseHints,durbin,4,EXTRALARGE,0.00271559208998778,6.115793333333333,0.016607999999999998,c
exo,FromPlan,durbin,2,EXTRALARGE,0.7804633531226991,0.02127966666666667,0.016607999999999998,c
exo,FromPlan,durbin,5,EXTRALARGE,0.9148397047482647,0.018154,0.016607999999999998,c
exo,Naive,durbin,3,EXTRALARGE,0.828783871450671,0.020039,0.016607999999999998,c
exo,Naive,durbin,4,EXTRALARGE,1.0327715938063553,0.016080999999999998,0.016607999999999998,c
exo,standard,durbin,1,EXTRALARGE,0.8564650874961321,0.019391333333333333,0.016607999999999998,c
exo,standard,durbin,2,EXTRALARGE,0.8583241455347298,0.019349333333333333,0.016607999999999998,c
exo,standard,durbin,3,EXTRALARGE,0.8558324887919336,0.019405666666666665,0.016607999999999998,c
exo,standard,durbin,4,EXTRALARGE,0.8579250968575116,0.019358333333333335,0.016607999999999998,c
exo,standard,durbin,5,EXTRALARGE,0.8568922521282998,0.01938166666666667,0.016607999999999998,c
halide,FromPlan,durbin,3,EXTRALARGE,0.1629087104368297,0.10194666666666667,0.016607999999999998,c
halide,standard,durbin,4,EXTRALARGE,0.7029940457713687,0.02362466666666667,0.016607999999999998,c
noarr,AllHints,durbin,1,EXTRALARGE,1.0968892411333464,0.015141,0.016607999999999998,c
noarr,AllHints,durbin,2,EXTRALARGE,0.9545559046670242,0.017398666666666666,0.016607999999999998,c
noarr,AllHints,durbin,3,EXTRALARGE,1.098703360677428,0.015116,0.016607999999999998,c
noarr,AllHints,durbin,4,EXTRALARGE,1.9560301507537685,0.008490666666666667,0.016607999999999998,c
noarr,AllHints,durbin,5,EXTRALARGE,1.0972515856236784,0.015136000000000002,0.016607999999999998,c
noarr,ChooseHints,durbin,1,EXTRALARGE,0.8275724607590732,0.02006833333333333,0.016607999999999998,c
noarr,ChooseHints,durbin,2,EXTRALARGE,1.0973482512553958,0.015134666666666666,0.016607999999999998,c
noarr,ChooseHints,durbin,3,EXTRALARGE,1.0403407667251312,0.015964000000000002,0.016607999999999998,c
noarr,ChooseHints,durbin,4,EXTRALARGE,0.9887872353092936,0.016796333333333333,0.016607999999999998,c
noarr,ChooseHints,durbin,5,EXTRALARGE,0.9536971460291329,0.017414333333333334,0.016607999999999998,c
noarr,FromPlan,durbin,1,EXTRALARGE,1.0986549062844542,0.015116666666666667,0.016607999999999998,c
noarr,FromPlan,durbin,2,EXTRALARGE,1.0986064561651085,0.015117333333333332,0.016607999999999998,c
noarr,FromPlan,durbin,3,EXTRALARGE,1.0999889612540015,0.015098333333333333,0.016607999999999998,c
noarr,FromPlan,durbin,4,EXTRALARGE,1.100037533393681,0.015097666666666667,0.016607999999999998,c
noarr,FromPlan,durbin,5,EXTRALARGE,1.098679132946702,0.015116333333333334,0.016607999999999998,c
noarr,Naive,durbin,1,EXTRALARGE,0.988061714195058,0.016808666666666666,0.016607999999999998,c
noarr,Naive,durbin,2,EXTRALARGE,0.9302811904850815,0.017852666666666666,0.016607999999999998,c
noarr,Naive,durbin,3,EXTRALARGE,1.0978318350079321,0.015128,0.016607999999999998,c
noarr,Naive,durbin,4,EXTRALARGE,1.098679132946702,0.015116333333333334,0.016607999999999998,c
noarr,Naive,durbin,5,EXTRALARGE,1.0966478110624434,0.015144333333333334,0.016607999999999998,c
noarr,standard,durbin,1,EXTRALARGE,0.9307156333476546,0.017844333333333334,0.016607999999999998,c
noarr,standard,durbin,2,EXTRALARGE,0.9305070501447381,0.01784833333333333,0.016607999999999998,c
noarr,standard,durbin,3,EXTRALARGE,0.9312375007008953,0.01783433333333333,0.016607999999999998,c
noarr,standard,durbin,5,EXTRALARGE,0.9308199600201768,0.01784233333333333,0.016607999999999998,c
c,AllHints,fdtd-2d,1,EXTRALARGE,3.209965451982124,7.23727,23.231386666666666,c
c,AllHints,fdtd-2d,2,EXTRALARGE,3.3860942686985513,6.8608210000000005,23.231386666666666,c
c,AllHints,fdtd-2d,4,EXTRALARGE,3.162047172895219,7.346945000000001,23.231386666666666,c
c,ChooseHints,fdtd-2d,2,EXTRALARGE,3.359105988433489,6.915943333333334,23.231386666666666,c
c,ChooseHints,fdtd-2d,3,EXTRALARGE,3.224900054425327,7.203754,23.231386666666666,c
c,ChooseHints,fdtd-2d,5,EXTRALARGE,3.3693943530696955,6.894825666666667,23.231386666666666,c
c,FromPlan,fdtd-2d,1,EXTRALARGE,0.888531316080094,26.145827666666666,23.231386666666666,c
c,FromPlan,fdtd-2d,2,EXTRALARGE,0.5101120512191316,45.54173266666667,23.231386666666666,c
c,FromPlan,fdtd-2d,3,EXTRALARGE,0.5563053269357489,41.76013700000001,23.231386666666666,c
c,FromPlan,fdtd-2d,5,EXTRALARGE,0.5580692306296556,41.628144666666664,23.231386666666666,c
c,Naive,fdtd-2d,1,EXTRALARGE,1.722327763109032,13.488365666666667,23.231386666666666,c
c,Naive,fdtd-2d,2,EXTRALARGE,1.011965160274591,22.956706,23.231386666666666,c
c,Naive,fdtd-2d,3,EXTRALARGE,1.7119358950330785,13.570243333333332,23.231386666666666,c
c,Naive,fdtd-2d,4,EXTRALARGE,1.0157291330293576,22.871635666666666,23.231386666666666,c
c,Naive,fdtd-2d,5,EXTRALARGE,0.9448556379569442,24.587234,23.231386666666666,c
c,standard,fdtd-2d,1,EXTRALARGE,1.0,23.231386666666666,23.231386666666666,c
exo,AllHints,fdtd-2d,3,EXTRALARGE,3.424972540180825,6.782941,23.231386666666666,c
exo,AllHints,fdtd-2d,4,EXTRALARGE,3.5016072819839468,6.634492333333333,23.231386666666666,c
exo,AllHints,fdtd-2d,5,EXTRALARGE,3.5812246913504118,6.486995,23.231386666666666,c
exo,ChooseHints,fdtd-2d,4,EXTRALARGE,3.603892509372069,6.446193,23.231386666666666,c
exo,FromPlan,fdtd-2d,2,EXTRALARGE,0.4297762940407535,54.05460233333333,23.231386666666666,c
exo,FromPlan,fdtd-2d,4,EXTRALARGE,0.45712172452464095,50.82100766666667,23.231386666666666,c
exo,Naive,fdtd-2d,1,EXTRALARGE,3.4915911482100235,6.653524333333333,23.231386666666666,c
exo,Naive,fdtd-2d,2,EXTRALARGE,3.5149866220099875,6.609239,23.231386666666666,c
exo,Naive,fdtd-2d,3,EXTRALARGE,0.9876068337916808,23.52291,23.231386666666666,c
exo,standard,fdtd-2d,1,EXTRALARGE,0.9983354763055873,23.270120333333335,23.231386666666666,c
exo,standard,fdtd-2d,2,EXTRALARGE,0.9877503730062193,23.519491666666667,23.231386666666666,c
exo,standard,fdtd-2d,3,EXTRALARGE,0.9933215123394338,23.387580333333332,23.231386666666666,c
exo,standard,fdtd-2d,4,EXTRALARGE,1.0002611948186835,23.225320333333332,23.231386666666666,c
exo,standard,fdtd-2d,5,EXTRALARGE,0.9809918244581839,23.681529333333334,23.231386666666666,c
halide,AllHints,fdtd-2d,1,EXTRALARGE,0.6960390392174564,33.376557,23.231386666666666,c
halide,AllHints,fdtd-2d,5,EXTRALARGE,1.0427118753005995,22.279775666666666,23.231386666666666,c
halide,ChooseHints,fdtd-2d,1,EXTRALARGE,0.8307411917069109,27.964650000000002,23.231386666666666,c
halide,ChooseHints,fdtd-2d,5,EXTRALARGE,0.5622202024339802,41.320796666666666,23.231386666666666,c
halide,FromPlan,fdtd-2d,4,EXTRALARGE,0.47646475367699076,48.75782833333333,23.231386666666666,c
halide,FromPlan,fdtd-2d,5,EXTRALARGE,1.6606218856709705,13.989570333333333,23.231386666666666,c
halide,Naive,fdtd-2d,1,EXTRALARGE,0.5197510268981912,44.697144333333334,23.231386666666666,c
halide,Naive,fdtd-2d,3,EXTRALARGE,1.8132345158260763,12.812124666666667,23.231386666666666,c
halide,Naive,fdtd-2d,5,EXTRALARGE,1.0531503484648208,22.058946000000002,23.231386666666666,c
halide,standard,fdtd-2d,1,EXTRALARGE,0.5048817901696276,46.01351666666667,23.231386666666666,c
halide,standard,fdtd-2d,3,EXTRALARGE,0.46712144246909687,49.733077,23.231386666666666,c
halide,standard,fdtd-2d,5,EXTRALARGE,0.4781106972382039,48.58997466666667,23.231386666666666,c
noarr,AllHints,fdtd-2d,1,EXTRALARGE,3.206690203996634,7.244662000000001,23.231386666666666,c
noarr,AllHints,fdtd-2d,4,EXTRALARGE,3.3255120787280035,6.985807333333334,23.231386666666666,c
noarr,AllHints,fdtd-2d,5,EXTRALARGE,1.0188962913935535,22.800541,23.231386666666666,c
noarr,ChooseHints,fdtd-2d,1,EXTRALARGE,3.8792973219027895,5.988555333333333,23.231386666666666,c
noarr,ChooseHints,fdtd-2d,3,EXTRALARGE,3.1797112133175087,7.306131000000001,23.231386666666666,c
noarr,ChooseHints,fdtd-2d,5,EXTRALARGE,3.2620056547417344,7.121810666666666,23.231386666666666,c
noarr,FromPlan,fdtd-2d,2,EXTRALARGE,0.4410109138592192,52.67757766666667,23.231386666666666,c
noarr,FromPlan,fdtd-2d,3,EXTRALARGE,1.1227114480816416,20.692215,23.231386666666666,c
noarr,FromPlan,fdtd-2d,5,EXTRALARGE,0.39947539269844407,58.15473766666667,23.231386666666666,c
noarr,Naive,fdtd-2d,1,EXTRALARGE,1.0080032765599627,23.046935666666666,23.231386666666666,c
noarr,Naive,fdtd-2d,2,EXTRALARGE,1.013266367436781,22.92722566666667,23.231386666666666,c
noarr,Naive,fdtd-2d,3,EXTRALARGE,1.0034317361460035,23.15193533333333,23.231386666666666,c
noarr,Naive,fdtd-2d,4,EXTRALARGE,1.3143106535275628,17.67571966666667,23.231386666666666,c
noarr,standard,fdtd-2d,1,EXTRALARGE,1.008139112752537,23.043830333333332,23.231386666666666,c
noarr,standard,fdtd-2d,2,EXTRALARGE,1.0063786068664222,23.084142,23.231386666666666,c
noarr,standard,fdtd-2d,3,EXTRALARGE,0.9960398738024635,23.323751666666666,23.231386666666666,c
noarr,standard,fdtd-2d,4,EXTRALARGE,1.0173370362833367,22.835487,23.231386666666666,c
noarr,standard,fdtd-2d,5,EXTRALARGE,0.9966935745474785,23.308454333333334,23.231386666666666,c
c,AllHints,floyd-warshall,1,EXTRALARGE,8.437897486972757,20.927363,176.58294366666667,c
c,AllHints,floyd-warshall,2,EXTRALARGE,4.590748778905792,38.46495466666667,176.58294366666667,c
c,AllHints,floyd-warshall,3,EXTRALARGE,2.734967774677395,64.56490833333334,176.58294366666667,c
c,AllHints,floyd-warshall,4,EXTRALARGE,7.949498118827214,22.213093333333333,176.58294366666667,c
c,AllHints,floyd-warshall,5,EXTRALARGE,3.1079577846233244,56.81639066666667,176.58294366666667,c
c,ChooseHints,floyd-warshall,1,EXTRALARGE,6.887853714172307,25.63686033333333,176.58294366666667,c
c,ChooseHints,floyd-warshall,2,EXTRALARGE,1.3555916722765722,130.26263533333335,176.58294366666667,c
c,ChooseHints,floyd-warshall,3,EXTRALARGE,0.6966784466977732,253.46405433333334,176.58294366666667,c
c,ChooseHints,floyd-warshall,4,EXTRALARGE,8.177472034411805,21.593830333333333,176.58294366666667,c
c,ChooseHints,floyd-warshall,5,EXTRALARGE,7.750101687849324,22.784597,176.58294366666667,c
c,FromPlan,floyd-warshall,1,EXTRALARGE,1.4408039410539275,122.55862066666667,176.58294366666667,c
c,FromPlan,floyd-warshall,2,EXTRALARGE,1.122750263663036,157.27713400000002,176.58294366666667,c
c,FromPlan,floyd-warshall,3,EXTRALARGE,1.0882611664110606,162.26155000000003,176.58294366666667,c
c,FromPlan,floyd-warshall,4,EXTRALARGE,1.3853957577851301,127.46028899999999,176.58294366666667,c
c,FromPlan,floyd-warshall,5,EXTRALARGE,3.040398429841235,58.078882666666665,176.58294366666667,c
c,Naive,floyd-warshall,1,EXTRALARGE,1.3642202343291308,129.43873666666667,176.58294366666667,c
c,Naive,floyd-warshall,2,EXTRALARGE,1.3756546569287467,128.36284366666666,176.58294366666667,c
c,Naive,floyd-warshall,3,EXTRALARGE,1.3638248434871414,129.47626266666666,176.58294366666667,c
c,Naive,floyd-warshall,4,EXTRALARGE,1.0430064738683469,169.30186733333335,176.58294366666667,c
c,Naive,floyd-warshall,5,EXTRALARGE,1.3588121149272512,129.95390733333332,176.58294366666667,c
c,standard,floyd-warshall,1,EXTRALARGE,1.0,176.58294366666667,176.58294366666667,c
exo,AllHints,floyd-warshall,1,EXTRALARGE,3.5960521078230427,49.104667666666664,176.58294366666667,c
exo,AllHints,floyd-warshall,2,EXTRALARGE,1.1210870926709673,157.51046,176.58294366666667,c
exo,AllHints,floyd-warshall,3,EXTRALARGE,2.9550401873522483,59.75652866666667,176.58294366666667,c
exo,AllHints,floyd-warshall,4,EXTRALARGE,3.2165379719748604,54.898448333333334,176.58294366666667,c
exo,AllHints,floyd-warshall,5,EXTRALARGE,3.687667464675722,47.884725333333336,176.58294366666667,c
exo,ChooseHints,floyd-warshall,1,EXTRALARGE,3.450083152234775,51.182228333333335,176.58294366666667,c
exo,ChooseHints,floyd-warshall,4,EXTRALARGE,3.437414790776542,51.370857,176.58294366666667,c
exo,FromPlan,floyd-warshall,2,EXTRALARGE,3.6656005529073297,48.172991333333336,176.58294366666667,c
exo,FromPlan,floyd-warshall,3,EXTRALARGE,0.9838587708857313,179.47997099999998,176.58294366666667,c
exo,FromPlan,floyd-warshall,4,EXTRALARGE,1.1156988752439487,158.27114966666667,176.58294366666667,c
exo,FromPlan,floyd-warshall,5,EXTRALARGE,0.9857060125172081,179.14362033333336,176.58294366666667,c
exo,Naive,floyd-warshall,1,EXTRALARGE,0.9238434643225227,191.139463,176.58294366666667,c
exo,Naive,floyd-warshall,3,EXTRALARGE,3.0837815076574993,57.261820666666665,176.58294366666667,c
exo,Naive,floyd-warshall,5,EXTRALARGE,3.483915458473139,50.68519766666666,176.58294366666667,c
exo,standard,floyd-warshall,1,EXTRALARGE,1.019690157410326,173.17313733333333,176.58294366666667,c
exo,standard,floyd-warshall,2,EXTRALARGE,1.021453608067187,172.87416900000002,176.58294366666667,c
exo,standard,floyd-warshall,3,EXTRALARGE,1.023603563847091,172.51106766666666,176.58294366666667,c
exo,standard,floyd-warshall,4,EXTRALARGE,1.0234034187556802,172.54480533333333,176.58294366666667,c
exo,standard,floyd-warshall,5,EXTRALARGE,1.0172452005559842,173.5893603333333,176.58294366666667,c
halide,AllHints,floyd-warshall,1,EXTRALARGE,1.8543435400582478,95.226661,176.58294366666667,c
halide,AllHints,floyd-warshall,2,EXTRALARGE,1.849768806672384,95.46216966666667,176.58294366666667,c
halide,AllHints,floyd-warshall,3,EXTRALARGE,1.8675201084944324,94.554775,176.58294366666667,c
halide,AllHints,floyd-warshall,4,EXTRALARGE,1.8672931482195927,94.56626766666666,176.58294366666667,c
halide,AllHints,floyd-warshall,5,EXTRALARGE,1.7464680798898866,101.10860066666667,176.58294366666667,c
halide,ChooseHints,floyd-warshall,2,EXTRALARGE,1.839434512936441,95.99849433333333,176.58294366666667,c
halide,ChooseHints,floyd-warshall,3,EXTRALARGE,1.3827454618813717,127.704591,176.58294366666667,c
halide,ChooseHints,floyd-warshall,4,EXTRALARGE,1.7298334703684473,102.080892,176.58294366666667,c
halide,ChooseHints,floyd-warshall,5,EXTRALARGE,1.3831287491455195,127.669202,176.58294366666667,c
halide,FromPlan,floyd-warshall,1,EXTRALARGE,1.3332372620198638,132.446751,176.58294366666667,c
halide,FromPlan,floyd-warshall,2,EXTRALARGE,1.6563271996543525,106.61114766666667,176.58294366666667,c
halide,FromPlan,floyd-warshall,3,EXTRALARGE,1.6502503984425068,107.00372733333332,176.58294366666667,c
halide,FromPlan,floyd-warshall,4,EXTRALARGE,1.5278414893330758,115.57674333333334,176.58294366666667,c
halide,FromPlan,floyd-warshall,5,EXTRALARGE,1.646527560044727,107.24566533333332,176.58294366666667,c
halide,Naive,floyd-warshall,1,EXTRALARGE,1.8678576557667232,94.53768766666667,176.58294366666667,c
halide,Naive,floyd-warshall,2,EXTRALARGE,1.2924448858016233,136.627059,176.58294366666667,c
halide,Naive,floyd-warshall,3,EXTRALARGE,1.3861109347415335,127.39452466666667,176.58294366666667,c
halide,Naive,floyd-warshall,4,EXTRALARGE,1.3964521180752363,126.45112666666667,176.58294366666667,c
halide,Naive,floyd-warshall,5,EXTRALARGE,1.3893155130664736,127.100678,176.58294366666667,c
halide,standard,floyd-warshall,1,EXTRALARGE,0.6865195580024024,257.2147313333333,176.58294366666667,c
halide,standard,floyd-warshall,2,EXTRALARGE,0.6921723048448903,255.11414200000002,176.58294366666667,c
halide,standard,floyd-warshall,3,EXTRALARGE,0.6979756566371175,252.99298333333334,176.58294366666667,c
halide,standard,floyd-warshall,4,EXTRALARGE,0.7075070259075139,249.58472100000003,176.58294366666667,c
noarr,AllHints,floyd-warshall,1,EXTRALARGE,1.313259534686243,134.46157366666668,176.58294366666667,c
noarr,AllHints,floyd-warshall,2,EXTRALARGE,7.2421703865324725,24.3826,176.58294366666667,c
noarr,AllHints,floyd-warshall,3,EXTRALARGE,8.277259912956628,21.333502333333332,176.58294366666667,c
noarr,AllHints,floyd-warshall,4,EXTRALARGE,1.3138193979816988,134.40427499999998,176.58294366666667,c
noarr,AllHints,floyd-warshall,5,EXTRALARGE,1.332808823996338,132.48932666666667,176.58294366666667,c
noarr,ChooseHints,floyd-warshall,1,EXTRALARGE,0.7616790464934574,231.83379466666668,176.58294366666667,c
noarr,ChooseHints,floyd-warshall,2,EXTRALARGE,1.2911478762322972,136.76430633333334,176.58294366666667,c
noarr,ChooseHints,floyd-warshall,3,EXTRALARGE,1.3109820671858323,134.69516333333334,176.58294366666667,c
noarr,ChooseHints,floyd-warshall,4,EXTRALARGE,0.7436093172376984,237.46736299999998,176.58294366666667,c
noarr,ChooseHints,floyd-warshall,5,EXTRALARGE,1.3642188360895449,129.43886933333332,176.58294366666667,c
noarr,FromPlan,floyd-warshall,1,EXTRALARGE,1.341835271880717,131.59807866666668,176.58294366666667,c
noarr,FromPlan,floyd-warshall,2,EXTRALARGE,1.0326425773873704,171.00102933333335,176.58294366666667,c
noarr,FromPlan,floyd-warshall,3,EXTRALARGE,0.5730835722840175,308.12773599999997,176.58294366666667,c
noarr,FromPlan,floyd-warshall,4,EXTRALARGE,1.3571358023633724,130.11442433333335,176.58294366666667,c
noarr,Naive,floyd-warshall,1,EXTRALARGE,1.3059733808534646,135.211748,176.58294366666667,c
noarr,Naive,floyd-warshall,2,EXTRALARGE,0.7761294955061585,227.5173726666667,176.58294366666667,c
noarr,Naive,floyd-warshall,3,EXTRALARGE,1.3104358380688574,134.75130833333333,176.58294366666667,c
noarr,Naive,floyd-warshall,4,EXTRALARGE,1.2958638091024575,136.266591,176.58294366666667,c
noarr,Naive,floyd-warshall,5,EXTRALARGE,1.3193261825820963,133.84328000000002,176.58294366666667,c
noarr,standard,floyd-warshall,1,EXTRALARGE,1.0274311375536687,171.86839799999998,176.58294366666667,c
noarr,standard,floyd-warshall,2,EXTRALARGE,0.7752724674208058,227.76888266666666,176.58294366666667,c
noarr,standard,floyd-warshall,3,EXTRALARGE,1.024509397725055,172.35853966666664,176.58294366666667,c
noarr,standard,floyd-warshall,4,EXTRALARGE,0.7755785563438934,227.67899166666666,176.58294366666667,c
noarr,standard,floyd-warshall,5,EXTRALARGE,0.7548265031123087,233.93845199999998,176.58294366666667,c
c,AllHints,gemm,1,EXTRALARGE,30.944051900593255,0.23059466666666664,7.135533333333334,c
c,AllHints,gemm,2,EXTRALARGE,25.720739663811024,0.27742333333333336,7.135533333333334,c
c,AllHints,gemm,3,EXTRALARGE,33.994648287690275,0.20990166666666665,7.135533333333334,c
c,AllHints,gemm,5,EXTRALARGE,67.53318043151124,0.10565966666666667,7.135533333333334,c
c,ChooseHints,gemm,1,EXTRALARGE,78.40929486357693,0.09100366666666666,7.135533333333334,c
c,ChooseHints,gemm,2,EXTRALARGE,51.07754712479122,0.13970000000000002,7.135533333333334,c
c,ChooseHints,gemm,3,EXTRALARGE,27.859501260448972,0.2561256666666667,7.135533333333334,c
c,ChooseHints,gemm,4,EXTRALARGE,2.324661363801478,3.069493666666667,7.135533333333334,c
c,ChooseHints,gemm,5,EXTRALARGE,32.96700927411779,0.21644466666666665,7.135533333333334,c
c,FromPlan,gemm,1,EXTRALARGE,31.38889703510367,0.22732666666666668,7.135533333333334,c
c,FromPlan,gemm,2,EXTRALARGE,3.2961582801452765,2.1648029999999996,7.135533333333334,c
c,FromPlan,gemm,3,EXTRALARGE,3.716300379622829,1.9200636666666666,7.135533333333334,c
c,FromPlan,gemm,4,EXTRALARGE,1.7301576140238575,4.124210000000001,7.135533333333334,c
c,Naive,gemm,1,EXTRALARGE,2.1641978154407338,3.29708,7.135533333333334,c
c,Naive,gemm,2,EXTRALARGE,2.4859860904348197,2.870303,7.135533333333334,c
c,Naive,gemm,3,EXTRALARGE,1.006255285912144,7.091176,7.135533333333334,c
c,Naive,gemm,4,EXTRALARGE,0.6040560524375713,11.812700666666666,7.135533333333334,c
c,Naive,gemm,5,EXTRALARGE,2.4815796621431994,2.8753996666666666,7.135533333333334,c
c,standard,gemm,1,EXTRALARGE,1.0,7.135533333333334,7.135533333333334,c
exo,AllHints,gemm,1,EXTRALARGE,34.43507691614749,0.20721699999999998,7.135533333333334,c
exo,AllHints,gemm,2,EXTRALARGE,12.59499226882371,0.5665373333333333,7.135533333333334,c
exo,AllHints,gemm,4,EXTRALARGE,18.827264731750223,0.379,7.135533333333334,c
exo,AllHints,gemm,5,EXTRALARGE,32.51898888011181,0.21942666666666666,7.135533333333334,c
exo,ChooseHints,gemm,1,EXTRALARGE,17.308164994598933,0.41226399999999996,7.135533333333334,c
exo,ChooseHints,gemm,2,EXTRALARGE,17.25003223310985,0.4136533333333334,7.135533333333334,c
exo,ChooseHints,gemm,4,EXTRALARGE,34.76564783837334,0.20524666666666666,7.135533333333334,c
exo,FromPlan,gemm,2,EXTRALARGE,22.8236277526511,0.31263799999999997,7.135533333333334,c
exo,FromPlan,gemm,3,EXTRALARGE,49.240232047808114,0.14491266666666666,7.135533333333334,c
exo,FromPlan,gemm,4,EXTRALARGE,1.8029791361086442,3.957635,7.135533333333334,c
exo,FromPlan,gemm,5,EXTRALARGE,33.370694909732045,0.21382633333333334,7.135533333333334,c
exo,Naive,gemm,2,EXTRALARGE,21.181210736552345,0.3368803333333334,7.135533333333334,c
exo,Naive,gemm,3,EXTRALARGE,0.4778386281098653,14.932935333333333,7.135533333333334,c
exo,Naive,gemm,4,EXTRALARGE,16.26374394476287,0.43873866666666667,7.135533333333334,c
exo,standard,gemm,1,EXTRALARGE,0.9752845244279464,7.316360666666667,7.135533333333334,c
exo,standard,gemm,2,EXTRALARGE,0.9738010018869538,7.327506666666667,7.135533333333334,c
exo,standard,gemm,3,EXTRALARGE,0.9781127923524197,7.295205,7.135533333333334,c
exo,standard,gemm,4,EXTRALARGE,0.9875058592017388,7.225813666666667,7.135533333333334,c
exo,standard,gemm,5,EXTRALARGE,0.9650961128716933,7.393598666666667,7.135533333333334,c
halide,FromPlan,gemm,1,EXTRALARGE,40.90349750833104,0.17444800000000002,7.135533333333334,c
halide,FromPlan,gemm,3,EXTRALARGE,44.93531519541885,0.15879566666666667,7.135533333333334,c
halide,FromPlan,gemm,5,EXTRALARGE,14.945966740814905,0.477422,7.135533333333334,c
halide,standard,gemm,2,EXTRALARGE,0.6319722280110547,11.290897000000001,7.135533333333334,c
halide,standard,gemm,3,EXTRALARGE,0.6326261512388647,11.279226,7.135533333333334,c
halide,standard,gemm,4,EXTRALARGE,0.6363613257383938,11.213021666666668,7.135533333333334,c
noarr,AllHints,gemm,2,EXTRALARGE,0.2710200437038273,26.328434,7.135533333333334,c
noarr,AllHints,gemm,3,EXTRALARGE,0.3850516165338034,18.531368333333333,7.135533333333334,c
noarr,AllHints,gemm,4,EXTRALARGE,0.9196413009702791,7.759039666666666,7.135533333333334,c
noarr,AllHints,gemm,5,EXTRALARGE,0.9227226961954942,7.7331286666666665,7.135533333333334,c
noarr,ChooseHints,gemm,1,EXTRALARGE,0.28657853363108854,24.899050333333335,7.135533333333334,c
noarr,ChooseHints,gemm,2,EXTRALARGE,0.9141943767219138,7.8052693333333325,7.135533333333334,c
noarr,ChooseHints,gemm,3,EXTRALARGE,0.9169459419704199,7.781847333333334,7.135533333333334,c
noarr,ChooseHints,gemm,4,EXTRALARGE,0.919257439792494,7.762279666666667,7.135533333333334,c
noarr,ChooseHints,gemm,5,EXTRALARGE,0.9199067949022451,7.7568003333333335,7.135533333333334,c
noarr,FromPlan,gemm,1,EXTRALARGE,0.412314550087119,17.306043,7.135533333333334,c
noarr,FromPlan,gemm,2,EXTRALARGE,0.45480708113459944,15.689143000000001,7.135533333333334,c
noarr,FromPlan,gemm,3,EXTRALARGE,0.9200468357159856,7.755619666666667,7.135533333333334,c
noarr,FromPlan,gemm,4,EXTRALARGE,0.9984678710011565,7.1464826666666665,7.135533333333334,c
noarr,FromPlan,gemm,5,EXTRALARGE,0.9055901171861517,7.879429333333333,7.135533333333334,c
noarr,Naive,gemm,1,EXTRALARGE,0.2681970903949582,26.605558333333335,7.135533333333334,c
noarr,Naive,gemm,2,EXTRALARGE,0.9189280566379681,7.765062,7.135533333333334,c
noarr,Naive,gemm,3,EXTRALARGE,0.38031546182062964,18.762143666666663,7.135533333333334,c
noarr,Naive,gemm,4,EXTRALARGE,0.9131275576484661,7.8143883333333335,7.135533333333334,c
noarr,Naive,gemm,5,EXTRALARGE,0.9209298919931723,7.748183,7.135533333333334,c
noarr,standard,gemm,1,EXTRALARGE,0.911078413196656,7.831963999999999,7.135533333333334,c
noarr,standard,gemm,2,EXTRALARGE,0.9221101524170123,7.738265666666667,7.135533333333334,c
noarr,standard,gemm,3,EXTRALARGE,0.9223835124884323,7.735972333333334,7.135533333333334,c
noarr,standard,gemm,4,EXTRALARGE,0.9165953705395425,7.784823666666667,7.135533333333334,c
noarr,standard,gemm,5,EXTRALARGE,0.9176600059946735,7.775792,7.135533333333334,c
c,AllHints,gemver,1,EXTRALARGE,6.2577885506523145,0.014027,0.08777800000000001,c
c,AllHints,gemver,2,EXTRALARGE,5.3715323107049615,0.016341333333333333,0.08777800000000001,c
c,AllHints,gemver,3,EXTRALARGE,6.885449078310891,0.012748333333333334,0.08777800000000001,c
c,AllHints,gemver,4,EXTRALARGE,3.1265538735529836,0.028075,0.08777800000000001,c
c,AllHints,gemver,5,EXTRALARGE,8.936269852042894,0.009822666666666667,0.08777800000000001,c
c,ChooseHints,gemver,1,EXTRALARGE,3.117633130490375,0.028155333333333334,0.08777800000000001,c
c,ChooseHints,gemver,2,EXTRALARGE,6.231429991244469,0.014086333333333334,0.08777800000000001,c
c,ChooseHints,gemver,3,EXTRALARGE,3.113504693892029,0.028192666666666668,0.08777800000000001,c
c,ChooseHints,gemver,4,EXTRALARGE,3.072527010944391,0.02856866666666667,0.08777800000000001,c
c,ChooseHints,gemver,5,EXTRALARGE,3.111922572411104,0.028207,0.08777800000000001,c
c,FromPlan,gemver,1,EXTRALARGE,2.2721577966452684,0.038632,0.08777800000000001,c
c,FromPlan,gemver,2,EXTRALARGE,2.280145467140012,0.03849666666666667,0.08777800000000001,c
c,FromPlan,gemver,3,EXTRALARGE,1.404650269638828,0.062491,0.08777800000000001,c
c,FromPlan,gemver,4,EXTRALARGE,1.369113908255736,0.064113,0.08777800000000001,c
c,Naive,gemver,1,EXTRALARGE,1.5409110857544108,0.056964999999999995,0.08777800000000001,c
c,Naive,gemver,2,EXTRALARGE,1.8256149302570648,0.04808133333333333,0.08777800000000001,c
c,Naive,gemver,3,EXTRALARGE,2.2776211316577006,0.038539333333333335,0.08777800000000001,c
c,Naive,gemver,4,EXTRALARGE,1.8046463815789477,0.048639999999999996,0.08777800000000001,c
c,Naive,gemver,5,EXTRALARGE,1.8088486821769323,0.04852700000000001,0.08777800000000001,c
c,standard,gemver,1,EXTRALARGE,1.0,0.08777800000000001,0.08777800000000001,c
exo,AllHints,gemver,1,EXTRALARGE,4.2665219293271335,0.020573666666666667,0.08777800000000001,c
exo,AllHints,gemver,2,EXTRALARGE,3.0665160584111604,0.02862466666666667,0.08777800000000001,c
exo,AllHints,gemver,3,EXTRALARGE,4.027067945130064,0.021797,0.08777800000000001,c
exo,AllHints,gemver,4,EXTRALARGE,3.072061036642985,0.028573,0.08777800000000001,c
exo,AllHints,gemver,5,EXTRALARGE,3.6306907486557294,0.024176666666666666,0.08777800000000001,c
exo,ChooseHints,gemver,1,EXTRALARGE,4.321484836549823,0.020312,0.08777800000000001,c
exo,ChooseHints,gemver,2,EXTRALARGE,3.5505069571782983,0.024722666666666667,0.08777800000000001,c
exo,FromPlan,gemver,1,EXTRALARGE,1.0926313955080518,0.08033633333333333,0.08777800000000001,c
exo,FromPlan,gemver,2,EXTRALARGE,0.5038178454380049,0.17422566666666664,0.08777800000000001,c
exo,Naive,gemver,5,EXTRALARGE,4.186616639374234,0.020966333333333337,0.08777800000000001,c
exo,standard,gemver,1,EXTRALARGE,0.9280002819234227,0.09458833333333333,0.08777800000000001,c
exo,standard,gemver,2,EXTRALARGE,0.9339641713335202,0.09398433333333334,0.08777800000000001,c
exo,standard,gemver,3,EXTRALARGE,0.929143026505208,0.094472,0.08777800000000001,c
exo,standard,gemver,4,EXTRALARGE,0.9186443634333957,0.09555166666666666,0.08777800000000001,c
exo,standard,gemver,5,EXTRALARGE,0.9165373076146656,0.09577133333333333,0.08777800000000001,c
halide,standard,gemver,1,EXTRALARGE,0.00030818262578883535,284.8246223333333,0.08777800000000001,c
halide,standard,gemver,4,EXTRALARGE,0.7572596090249781,0.11591533333333333,0.08777800000000001,c
noarr,AllHints,gemver,1,EXTRALARGE,1.7854605120416578,0.04916266666666667,0.08777800000000001,c
noarr,AllHints,gemver,2,EXTRALARGE,2.829023559618835,0.031027666666666665,0.08777800000000001,c
noarr,AllHints,gemver,3,EXTRALARGE,2.82111330133699,0.03111466666666667,0.08777800000000001,c
noarr,AllHints,gemver,4,EXTRALARGE,1.0105570969710227,0.08686100000000001,0.08777800000000001,c
noarr,AllHints,gemver,5,EXTRALARGE,3.5527583275994665,0.024706999999999996,0.08777800000000001,c
noarr,ChooseHints,gemver,1,EXTRALARGE,1.7777942804677163,0.04937466666666667,0.08777800000000001,c
noarr,ChooseHints,gemver,2,EXTRALARGE,1.7513450961353014,0.05012033333333333,0.08777800000000001,c
noarr,ChooseHints,gemver,3,EXTRALARGE,2.827990592480428,0.031039,0.08777800000000001,c
noarr,ChooseHints,gemver,4,EXTRALARGE,1.7575988146249648,0.04994200000000001,0.08777800000000001,c
noarr,ChooseHints,gemver,5,EXTRALARGE,1.0058632767886815,0.08726633333333333,0.08777800000000001,c
noarr,FromPlan,gemver,1,EXTRALARGE,1.0242433907297133,0.08570033333333334,0.08777800000000001,c
noarr,FromPlan,gemver,2,EXTRALARGE,1.7801859050194355,0.049308333333333336,0.08777800000000001,c
noarr,FromPlan,gemver,3,EXTRALARGE,1.7879942150612107,0.049093,0.08777800000000001,c
noarr,FromPlan,gemver,4,EXTRALARGE,1.7935717642571567,0.048940333333333336,0.08777800000000001,c
noarr,Naive,gemver,1,EXTRALARGE,1.7621622345052799,0.04981266666666667,0.08777800000000001,c
noarr,Naive,gemver,2,EXTRALARGE,1.7599951878734412,0.049874,0.08777800000000001,c
noarr,Naive,gemver,3,EXTRALARGE,1.7586904690348821,0.049911000000000004,0.08777800000000001,c
noarr,Naive,gemver,4,EXTRALARGE,1.772743796534407,0.049515333333333335,0.08777800000000001,c
noarr,Naive,gemver,5,EXTRALARGE,1.7682323317105928,0.04964166666666667,0.08777800000000001,c
noarr,standard,gemver,1,EXTRALARGE,0.9901375034310058,0.08865233333333333,0.08777800000000001,c
noarr,standard,gemver,2,EXTRALARGE,1.0027989443981127,0.08753300000000001,0.08777800000000001,c
noarr,standard,gemver,3,EXTRALARGE,1.0011633742415258,0.08767599999999999,0.08777800000000001,c
noarr,standard,gemver,5,EXTRALARGE,0.9966203302463413,0.08807566666666666,0.08777800000000001,c
c,AllHints,gesummv,1,EXTRALARGE,5.179716074638895,0.005377,0.027851333333333336,c
c,AllHints,gesummv,2,EXTRALARGE,5.234229154920755,0.005320999999999999,0.027851333333333336,c
c,AllHints,gesummv,3,EXTRALARGE,5.207154431010844,0.005348666666666667,0.027851333333333336,c
c,AllHints,gesummv,4,EXTRALARGE,5.255960244071208,0.005299000000000001,0.027851333333333336,c
c,AllHints,gesummv,5,EXTRALARGE,5.23390127787522,0.005321333333333333,0.027851333333333336,c
c,ChooseHints,gesummv,1,EXTRALARGE,5.223757424195062,0.005331666666666666,0.027851333333333336,c
c,ChooseHints,gesummv,2,EXTRALARGE,5.222451403212701,0.005333,0.027851333333333336,c
c,ChooseHints,gesummv,3,EXTRALARGE,5.200672227063364,0.0053553333333333335,0.027851333333333336,c
c,ChooseHints,gesummv,4,EXTRALARGE,5.227352352352353,0.005327999999999999,0.027851333333333336,c
c,ChooseHints,gesummv,5,EXTRALARGE,5.211376535894718,0.005344333333333333,0.027851333333333336,c
c,FromPlan,gesummv,1,EXTRALARGE,5.16371052468945,0.005393666666666667,0.027851333333333336,c
c,FromPlan,gesummv,2,EXTRALARGE,5.219841319422753,0.0053356666666666665,0.027851333333333336,c
c,FromPlan,gesummv,3,EXTRALARGE,2.004654510556622,0.013893333333333334,0.027851333333333336,c
c,FromPlan,gesummv,4,EXTRALARGE,5.225064098555437,0.005330333333333334,0.027851333333333336,c
c,FromPlan,gesummv,5,EXTRALARGE,5.180358360716721,0.005376333333333334,0.027851333333333336,c
c,Naive,gesummv,1,EXTRALARGE,5.222451403212701,0.005333,0.027851333333333336,c
c,Naive,gesummv,2,EXTRALARGE,2.0606195126763343,0.013516,0.027851333333333336,c
c,Naive,gesummv,3,EXTRALARGE,2.0431848192888933,0.013631333333333334,0.027851333333333336,c
c,Naive,gesummv,4,EXTRALARGE,2.048544879495918,0.013595666666666666,0.027851333333333336,c
c,Naive,gesummv,5,EXTRALARGE,5.2185372556367495,0.005337000000000001,0.027851333333333336,c
c,standard,gesummv,1,EXTRALARGE,1.0,0.027851333333333336,0.027851333333333336,c
exo,AllHints,gesummv,2,EXTRALARGE,5.249356034428598,0.005305666666666667,0.027851333333333336,c
exo,AllHints,gesummv,3,EXTRALARGE,5.215605493133583,0.00534,0.027851333333333336,c
exo,AllHints,gesummv,4,EXTRALARGE,5.215931081840315,0.005339666666666666,0.027851333333333336,c
exo,AllHints,gesummv,5,EXTRALARGE,5.202615193026151,0.005353333333333334,0.027851333333333336,c
exo,ChooseHints,gesummv,1,EXTRALARGE,5.220167437211046,0.005335333333333333,0.027851333333333336,c
exo,ChooseHints,gesummv,3,EXTRALARGE,5.2263714267842625,0.005329,0.027851333333333336,c
exo,ChooseHints,gesummv,4,EXTRALARGE,5.195821155400785,0.005360333333333332,0.027851333333333336,c
exo,ChooseHints,gesummv,5,EXTRALARGE,5.205856697819315,0.00535,0.027851333333333336,c
exo,FromPlan,gesummv,2,EXTRALARGE,5.1861461113524925,0.005370333333333334,0.027851333333333336,c
exo,FromPlan,gesummv,3,EXTRALARGE,1.775930964121748,0.015682666666666668,0.027851333333333336,c
exo,FromPlan,gesummv,5,EXTRALARGE,5.224084031511817,0.005331333333333334,0.027851333333333336,c
exo,Naive,gesummv,1,EXTRALARGE,5.222125000000001,0.005333333333333333,0.027851333333333336,c
exo,Naive,gesummv,2,EXTRALARGE,5.156062943535946,0.005401666666666667,0.027851333333333336,c
exo,Naive,gesummv,3,EXTRALARGE,5.214628970854398,0.005340999999999999,0.027851333333333336,c
exo,Naive,gesummv,4,EXTRALARGE,5.185824230387289,0.005370666666666667,0.027851333333333336,c
exo,Naive,gesummv,5,EXTRALARGE,1.002916781697495,0.02777033333333333,0.027851333333333336,c
exo,standard,gesummv,1,EXTRALARGE,1.0048103518772398,0.027718000000000003,0.027851333333333336,c
exo,standard,gesummv,2,EXTRALARGE,0.8591317580767887,0.032418,0.027851333333333336,c
exo,standard,gesummv,3,EXTRALARGE,1.004737854737855,0.027719999999999998,0.027851333333333336,c
exo,standard,gesummv,4,EXTRALARGE,1.0048586891160554,0.027716666666666667,0.027851333333333336,c
exo,standard,gesummv,5,EXTRALARGE,1.004544580167356,0.027725333333333334,0.027851333333333336,c
halide,FromPlan,gesummv,1,EXTRALARGE,3.7793558892708528,0.007369333333333333,0.027851333333333336,c
halide,Naive,gesummv,4,EXTRALARGE,3.5656552724789834,0.007810999999999999,0.027851333333333336,c
halide,Naive,gesummv,5,EXTRALARGE,3.0807861067069804,0.009040333333333333,0.027851333333333336,c
halide,standard,gesummv,1,EXTRALARGE,0.9952710509702088,0.027983666666666667,0.027851333333333336,c
halide,standard,gesummv,2,EXTRALARGE,1.1435101549241804,0.024356,0.027851333333333336,c
halide,standard,gesummv,3,EXTRALARGE,0.996469886702445,0.02795,0.027851333333333336,c
halide,standard,gesummv,4,EXTRALARGE,0.9980887306782616,0.02790466666666667,0.027851333333333336,c
halide,standard,gesummv,5,EXTRALARGE,0.9915387992927243,0.028089000000000003,0.027851333333333336,c
noarr,AllHints,gesummv,1,EXTRALARGE,1.9721481341610216,0.014122333333333334,0.027851333333333336,c
noarr,AllHints,gesummv,2,EXTRALARGE,5.063571904733046,0.005500333333333334,0.027851333333333336,c
noarr,AllHints,gesummv,3,EXTRALARGE,1.9715431807456347,0.014126666666666668,0.027851333333333336,c
noarr,AllHints,gesummv,4,EXTRALARGE,1.9743383742911151,0.014106666666666668,0.027851333333333336,c
noarr,AllHints,gesummv,5,EXTRALARGE,3.507724601175483,0.007940000000000001,0.027851333333333336,c
noarr,ChooseHints,gesummv,1,EXTRALARGE,3.5787895661112783,0.007782333333333333,0.027851333333333336,c
noarr,ChooseHints,gesummv,2,EXTRALARGE,1.9754586722148668,0.014098666666666667,0.027851333333333336,c
noarr,ChooseHints,gesummv,3,EXTRALARGE,3.5775636908584887,0.007785,0.027851333333333336,c
noarr,ChooseHints,gesummv,4,EXTRALARGE,3.5787895661112783,0.007782333333333333,0.027851333333333336,c
noarr,ChooseHints,gesummv,5,EXTRALARGE,1.9957006711730003,0.013955666666666667,0.027851333333333336,c
noarr,FromPlan,gesummv,1,EXTRALARGE,2.0217775304280496,0.013775666666666667,0.027851333333333336,c
noarr,FromPlan,gesummv,3,EXTRALARGE,2.0108781978773074,0.013850333333333334,0.027851333333333336,c
noarr,FromPlan,gesummv,4,EXTRALARGE,1.9627437162320882,0.014190000000000001,0.027851333333333336,c
noarr,Naive,gesummv,1,EXTRALARGE,1.9753185654507197,0.014099666666666668,0.027851333333333336,c
noarr,Naive,gesummv,2,EXTRALARGE,1.972055040241686,0.014123000000000002,0.027851333333333336,c
noarr,Naive,gesummv,3,EXTRALARGE,1.9767672944071166,0.014089333333333334,0.027851333333333336,c
noarr,Naive,gesummv,4,EXTRALARGE,1.9671336080047088,0.014158333333333334,0.027851333333333336,c
noarr,Naive,gesummv,5,EXTRALARGE,1.979389746991377,0.014070666666666667,0.027851333333333336,c
noarr,standard,gesummv,1,EXTRALARGE,1.0693680088053856,0.02604466666666667,0.027851333333333336,c
noarr,standard,gesummv,2,EXTRALARGE,1.0696828871733814,0.026037,0.027851333333333336,c
noarr,standard,gesummv,3,EXTRALARGE,1.069943143984019,0.026030666666666664,0.027851333333333336,c
noarr,standard,gesummv,4,EXTRALARGE,1.0690943521764722,0.026051333333333333,0.027851333333333336,c
noarr,standard,gesummv,5,EXTRALARGE,1.0745389541912087,0.025919333333333332,0.027851333333333336,c
c,ChooseHints,gramschmidt,1,EXTRALARGE,2.919840593812106,7.995256333333333,23.344874,c
c,ChooseHints,gramschmidt,4,EXTRALARGE,2.895817847505289,8.061582333333334,23.344874,c
c,Naive,gramschmidt,1,EXTRALARGE,3.4087716805692834,6.848471,23.344874,c
c,standard,gramschmidt,1,EXTRALARGE,1.0,23.344874,23.344874,c
c,AllHints,heat-3d,1,EXTRALARGE,4.127940509504839,7.376102666666667,30.448113000000003,c
c,AllHints,heat-3d,3,EXTRALARGE,4.4340962894920555,6.866813666666666,30.448113000000003,c
c,AllHints,heat-3d,4,EXTRALARGE,2.5556027445768974,11.914259000000001,30.448113000000003,c
c,AllHints,heat-3d,5,EXTRALARGE,5.260888814144634,5.787636666666667,30.448113000000003,c
c,ChooseHints,heat-3d,1,EXTRALARGE,2.2498121345860684,13.533624666666668,30.448113000000003,c
c,ChooseHints,heat-3d,2,EXTRALARGE,2.1962661018102034,13.863581000000002,30.448113000000003,c
c,ChooseHints,heat-3d,3,EXTRALARGE,2.1512151645222266,14.153913333333334,30.448113000000003,c
c,ChooseHints,heat-3d,4,EXTRALARGE,4.383773140773863,6.945640666666667,30.448113000000003,c
c,ChooseHints,heat-3d,5,EXTRALARGE,2.013040794998305,15.125432666666667,30.448113000000003,c
c,FromPlan,heat-3d,1,EXTRALARGE,0.9109464220907998,33.42470233333333,30.448113000000003,c
c,FromPlan,heat-3d,2,EXTRALARGE,0.7074838038130158,43.03718733333333,30.448113000000003,c
c,FromPlan,heat-3d,3,EXTRALARGE,0.4683403527213646,65.01279,30.448113000000003,c
c,FromPlan,heat-3d,4,EXTRALARGE,0.7146067601905368,42.60820733333333,30.448113000000003,c
c,FromPlan,heat-3d,5,EXTRALARGE,0.5994749770068887,50.791299333333335,30.448113000000003,c
c,Naive,heat-3d,1,EXTRALARGE,2.2088081799496853,13.784860666666667,30.448113000000003,c
c,Naive,heat-3d,2,EXTRALARGE,1.2611860257395648,24.142444,30.448113000000003,c
c,Naive,heat-3d,3,EXTRALARGE,1.17893103035136,25.826882333333334,30.448113000000003,c
c,Naive,heat-3d,5,EXTRALARGE,1.0417717988092297,29.227238666666665,30.448113000000003,c
c,standard,heat-3d,1,EXTRALARGE,1.0,30.448113000000003,30.448113000000003,c
exo,AllHints,heat-3d,1,EXTRALARGE,1.9381054249564267,15.710246,30.448113000000003,c
exo,AllHints,heat-3d,3,EXTRALARGE,2.1300878266203,14.294299333333333,30.448113000000003,c
exo,ChooseHints,heat-3d,3,EXTRALARGE,2.0513402909257032,14.843033666666665,30.448113000000003,c
exo,ChooseHints,heat-3d,4,EXTRALARGE,2.236564137616546,13.613789333333335,30.448113000000003,c
exo,Naive,heat-3d,2,EXTRALARGE,2.9246608695986276,10.410818333333333,30.448113000000003,c
exo,Naive,heat-3d,3,EXTRALARGE,2.0459285100885087,14.882295666666666,30.448113000000003,c
exo,Naive,heat-3d,4,EXTRALARGE,2.1195403660676546,14.365432,30.448113000000003,c
exo,standard,heat-3d,1,EXTRALARGE,0.9533209084664517,31.938996333333336,30.448113000000003,c
exo,standard,heat-3d,2,EXTRALARGE,0.9589920605024486,31.75012,30.448113000000003,c
exo,standard,heat-3d,3,EXTRALARGE,0.9604525983587809,31.70183833333333,30.448113000000003,c
exo,standard,heat-3d,4,EXTRALARGE,0.967199301972364,31.480701999999997,30.448113000000003,c
exo,standard,heat-3d,5,EXTRALARGE,0.962302753372003,31.640887333333335,30.448113000000003,c
halide,AllHints,heat-3d,1,EXTRALARGE,2.4148440183739384,12.608728666666666,30.448113000000003,c
halide,AllHints,heat-3d,2,EXTRALARGE,2.3993205049943636,12.690306666666666,30.448113000000003,c
halide,AllHints,heat-3d,3,EXTRALARGE,2.376105015835439,12.814295999999999,30.448113000000003,c
halide,AllHints,heat-3d,4,EXTRALARGE,0.1035878953774849,293.935048,30.448113000000003,c
halide,AllHints,heat-3d,5,EXTRALARGE,1.554436894799878,19.587873333333334,30.448113000000003,c
halide,ChooseHints,heat-3d,1,EXTRALARGE,2.401996012781357,12.676171333333334,30.448113000000003,c
halide,ChooseHints,heat-3d,2,EXTRALARGE,2.3849336947343196,12.766859333333334,30.448113000000003,c
halide,ChooseHints,heat-3d,3,EXTRALARGE,2.875947456725643,10.587159,30.448113000000003,c
halide,ChooseHints,heat-3d,4,EXTRALARGE,2.4509205017810727,12.423133666666667,30.448113000000003,c
halide,ChooseHints,heat-3d,5,EXTRALARGE,0.10171108070600773,299.35885833333333,30.448113000000003,c
halide,FromPlan,heat-3d,1,EXTRALARGE,2.326945923087111,13.085011,30.448113000000003,c
halide,FromPlan,heat-3d,2,EXTRALARGE,2.475950457972155,12.297545333333332,30.448113000000003,c
halide,FromPlan,heat-3d,4,EXTRALARGE,3.1375975910000915,9.704276,30.448113000000003,c
halide,FromPlan,heat-3d,5,EXTRALARGE,1.4971619278759867,20.337221,30.448113000000003,c
halide,Naive,heat-3d,1,EXTRALARGE,2.3531596984564196,12.939246333333335,30.448113000000003,c
halide,Naive,heat-3d,2,EXTRALARGE,2.441775065298475,12.469663333333335,30.448113000000003,c
halide,Naive,heat-3d,3,EXTRALARGE,1.377017502773615,22.11163833333333,30.448113000000003,c
halide,Naive,heat-3d,5,EXTRALARGE,2.3592333460217247,12.905935333333334,30.448113000000003,c
halide,standard,heat-3d,1,EXTRALARGE,0.3895008994574473,78.172125,30.448113000000003,c
halide,standard,heat-3d,2,EXTRALARGE,0.4220934989081172,72.135944,30.448113000000003,c
halide,standard,heat-3d,3,EXTRALARGE,0.3222208745840858,94.49453899999999,30.448113000000003,c
halide,standard,heat-3d,4,EXTRALARGE,0.7421772292398316,41.025393666666666,30.448113000000003,c
noarr,AllHints,heat-3d,2,EXTRALARGE,2.2704053865555633,13.410870666666668,30.448113000000003,c
noarr,AllHints,heat-3d,3,EXTRALARGE,1.9741768793156593,15.423194,30.448113000000003,c
noarr,AllHints,heat-3d,4,EXTRALARGE,1.9584882184004715,15.546743000000001,30.448113000000003,c
noarr,AllHints,heat-3d,5,EXTRALARGE,2.0989607466798117,14.506280333333335,30.448113000000003,c
noarr,ChooseHints,heat-3d,1,EXTRALARGE,0.9943932232762658,30.619791333333335,30.448113000000003,c
noarr,ChooseHints,heat-3d,2,EXTRALARGE,0.9930177340803088,30.662204666666668,30.448113000000003,c
noarr,ChooseHints,heat-3d,3,EXTRALARGE,0.9978011403820619,30.51521166666667,30.448113000000003,c
noarr,ChooseHints,heat-3d,4,EXTRALARGE,1.002750120699736,30.364606666666663,30.448113000000003,c
noarr,ChooseHints,heat-3d,5,EXTRALARGE,0.9986939204077225,30.487932666666666,30.448113000000003,c
noarr,FromPlan,heat-3d,1,EXTRALARGE,0.6643617763448171,45.83062133333333,30.448113000000003,c
noarr,FromPlan,heat-3d,2,EXTRALARGE,0.4956743290656593,61.42765766666667,30.448113000000003,c
noarr,FromPlan,heat-3d,3,EXTRALARGE,1.1442677888359745,26.60925466666667,30.448113000000003,c
noarr,FromPlan,heat-3d,4,EXTRALARGE,0.47328792727724617,64.33317066666667,30.448113000000003,c
noarr,FromPlan,heat-3d,5,EXTRALARGE,0.4787771283756352,63.595588,30.448113000000003,c
noarr,Naive,heat-3d,1,EXTRALARGE,1.7775846173959082,17.128924666666666,30.448113000000003,c
noarr,Naive,heat-3d,2,EXTRALARGE,0.9902189465871744,30.74886933333333,30.448113000000003,c
noarr,Naive,heat-3d,3,EXTRALARGE,1.0160675767859322,29.966622,30.448113000000003,c
noarr,Naive,heat-3d,4,EXTRALARGE,1.0705695562670678,28.441041333333335,30.448113000000003,c
noarr,standard,heat-3d,1,EXTRALARGE,0.9911718711623281,30.719307,30.448113000000003,c
noarr,standard,heat-3d,2,EXTRALARGE,0.996461236133808,30.556244333333336,30.448113000000003,c
noarr,standard,heat-3d,3,EXTRALARGE,1.0011334278026383,30.413641333333334,30.448113000000003,c
noarr,standard,heat-3d,4,EXTRALARGE,0.9860887982924008,30.877658333333333,30.448113000000003,c
noarr,standard,heat-3d,5,EXTRALARGE,1.0097149663844118,30.155156666666667,30.448113000000003,c
c,AllHints,jacobi-1d,1,EXTRALARGE,0.23260369491769106,0.018548,0.004314333333333333,c
c,AllHints,jacobi-1d,2,EXTRALARGE,0.2885906040268456,0.014949666666666667,0.004314333333333333,c
c,AllHints,jacobi-1d,4,EXTRALARGE,0.2979717752146787,0.014479,0.004314333333333333,c
c,AllHints,jacobi-1d,5,EXTRALARGE,0.24191166850456988,0.01783433333333333,0.004314333333333333,c
c,ChooseHints,jacobi-1d,2,EXTRALARGE,0.24299258424856848,0.017755,0.004314333333333333,c
c,ChooseHints,jacobi-1d,3,EXTRALARGE,0.2613110981001797,0.01651033333333333,0.004314333333333333,c
c,ChooseHints,jacobi-1d,4,EXTRALARGE,0.23964968152866242,0.018002666666666667,0.004314333333333333,c
c,ChooseHints,jacobi-1d,5,EXTRALARGE,0.234687216681777,0.01838333333333333,0.004314333333333333,c
c,FromPlan,jacobi-1d,2,EXTRALARGE,0.281853618170336,0.015307,0.004314333333333333,c
c,FromPlan,jacobi-1d,3,EXTRALARGE,0.2367564205751079,0.018222666666666668,0.004314333333333333,c
c,FromPlan,jacobi-1d,4,EXTRALARGE,0.23792279411764702,0.018133333333333335,0.004314333333333333,c
c,FromPlan,jacobi-1d,5,EXTRALARGE,0.2424827172752309,0.017792333333333334,0.004314333333333333,c
c,Naive,jacobi-1d,2,EXTRALARGE,0.3735784794781504,0.011548666666666667,0.004314333333333333,c
c,Naive,jacobi-1d,3,EXTRALARGE,1.1743943380818438,0.0036736666666666667,0.004314333333333333,c
c,Naive,jacobi-1d,4,EXTRALARGE,1.1750340444847933,0.003671666666666667,0.004314333333333333,c
c,Naive,jacobi-1d,5,EXTRALARGE,1.175247434849723,0.0036710000000000002,0.004314333333333333,c
c,standard,jacobi-1d,1,EXTRALARGE,1.0,0.004314333333333333,0.004314333333333333,c
exo,AllHints,jacobi-1d,1,EXTRALARGE,0.07681123296776338,0.056167999999999996,0.004314333333333333,c
exo,AllHints,jacobi-1d,2,EXTRALARGE,0.07757313499032059,0.05561633333333333,0.004314333333333333,c
exo,AllHints,jacobi-1d,3,EXTRALARGE,0.07832185605189586,0.05508466666666667,0.004314333333333333,c
exo,AllHints,jacobi-1d,4,EXTRALARGE,0.07758103960870816,0.05561066666666667,0.004314333333333333,c
exo,AllHints,jacobi-1d,5,EXTRALARGE,0.07790464610958293,0.05537966666666667,0.004314333333333333,c
exo,ChooseHints,jacobi-1d,1,EXTRALARGE,0.07758429491982616,0.055608333333333336,0.004314333333333333,c
exo,ChooseHints,jacobi-1d,3,EXTRALARGE,0.07782126902240902,0.055438999999999995,0.004314333333333333,c
exo,ChooseHints,jacobi-1d,4,EXTRALARGE,0.07834318953567905,0.05506966666666666,0.004314333333333333,c
exo,ChooseHints,jacobi-1d,5,EXTRALARGE,0.07837117771722675,0.05505000000000001,0.004314333333333333,c
exo,FromPlan,jacobi-1d,1,EXTRALARGE,0.07518530566721658,0.057382666666666665,0.004314333333333333,c
exo,FromPlan,jacobi-1d,4,EXTRALARGE,0.08219395563571243,0.052489666666666664,0.004314333333333333,c
exo,Naive,jacobi-1d,1,EXTRALARGE,0.07841581039162465,0.05501866666666667,0.004314333333333333,c
exo,Naive,jacobi-1d,2,EXTRALARGE,0.07715234354043599,0.055919666666666666,0.004314333333333333,c
exo,Naive,jacobi-1d,5,EXTRALARGE,0.07823758402243822,0.055144,0.004314333333333333,c
exo,standard,jacobi-1d,1,EXTRALARGE,1.0006184770003865,0.004311666666666667,0.004314333333333333,c
exo,standard,jacobi-1d,2,EXTRALARGE,1.0003864584943576,0.004312666666666667,0.004314333333333333,c
exo,standard,jacobi-1d,3,EXTRALARGE,1.0001545475620124,0.004313666666666666,0.004314333333333333,c
exo,standard,jacobi-1d,4,EXTRALARGE,0.9999227441285536,0.004314666666666667,0.004314333333333333,c
exo,standard,jacobi-1d,5,EXTRALARGE,1.0009280024746732,0.0043103333333333336,0.004314333333333333,c
halide,AllHints,jacobi-1d,3,EXTRALARGE,0.3415129686799124,0.012633,0.004314333333333333,c
halide,AllHints,jacobi-1d,4,EXTRALARGE,0.413924334004925,0.010423,0.004314333333333333,c
halide,AllHints,jacobi-1d,5,EXTRALARGE,0.24195236848992407,0.017831333333333334,0.004314333333333333,c
halide,ChooseHints,jacobi-1d,3,EXTRALARGE,0.0012095598119990988,3.566862333333333,0.004314333333333333,c
halide,ChooseHints,jacobi-1d,4,EXTRALARGE,0.24101972030316007,0.017900333333333334,0.004314333333333333,c
halide,FromPlan,jacobi-1d,1,EXTRALARGE,0.0791098234805144,0.054536,0.004314333333333333,c
halide,FromPlan,jacobi-1d,4,EXTRALARGE,0.21996193195336664,0.019614,0.004314333333333333,c
halide,FromPlan,jacobi-1d,5,EXTRALARGE,0.25802400223276584,0.016720666666666665,0.004314333333333333,c
halide,Naive,jacobi-1d,1,EXTRALARGE,0.07796471318165664,0.055337,0.004314333333333333,c
halide,Naive,jacobi-1d,3,EXTRALARGE,0.08951456176387189,0.048197,0.004314333333333333,c
halide,Naive,jacobi-1d,4,EXTRALARGE,0.27454765288590033,0.015714333333333334,0.004314333333333333,c
halide,Naive,jacobi-1d,5,EXTRALARGE,0.1485004245163955,0.029052666666666668,0.004314333333333333,c
halide,standard,jacobi-1d,2,EXTRALARGE,0.8062667414190495,0.005350999999999999,0.004314333333333333,c
noarr,AllHints,jacobi-1d,1,EXTRALARGE,0.06939313842706027,0.06217233333333333,0.004314333333333333,c
noarr,AllHints,jacobi-1d,2,EXTRALARGE,1.2370257096435056,0.0034876666666666667,0.004314333333333333,c
noarr,AllHints,jacobi-1d,3,EXTRALARGE,1.2403449928126498,0.0034783333333333333,0.004314333333333333,c
noarr,AllHints,jacobi-1d,4,EXTRALARGE,0.07292447249063301,0.05916166666666667,0.004314333333333333,c
noarr,AllHints,jacobi-1d,5,EXTRALARGE,1.2401073105298457,0.003479,0.004314333333333333,c
noarr,ChooseHints,jacobi-1d,1,EXTRALARGE,0.0730867181279681,0.05903033333333333,0.004314333333333333,c
noarr,ChooseHints,jacobi-1d,2,EXTRALARGE,0.5969743093030764,0.007227,0.004314333333333333,c
noarr,ChooseHints,jacobi-1d,3,EXTRALARGE,0.06947247509446926,0.062101333333333335,0.004314333333333333,c
noarr,ChooseHints,jacobi-1d,4,EXTRALARGE,0.07081229244059765,0.06092633333333333,0.004314333333333333,c
noarr,ChooseHints,jacobi-1d,5,EXTRALARGE,0.2067869182470323,0.02086366666666667,0.004314333333333333,c
noarr,FromPlan,jacobi-1d,1,EXTRALARGE,0.8927438267347221,0.0048326666666666665,0.004314333333333333,c
noarr,FromPlan,jacobi-1d,2,EXTRALARGE,1.2360806035717697,0.003490333333333333,0.004314333333333333,c
noarr,FromPlan,jacobi-1d,3,EXTRALARGE,0.2924112690057158,0.014754333333333335,0.004314333333333333,c
noarr,FromPlan,jacobi-1d,4,EXTRALARGE,0.889125506629113,0.0048523333333333335,0.004314333333333333,c
noarr,FromPlan,jacobi-1d,5,EXTRALARGE,0.8942859116976439,0.004824333333333333,0.004314333333333333,c
noarr,Naive,jacobi-1d,1,EXTRALARGE,0.07450580826396803,0.057906000000000006,0.004314333333333333,c
noarr,Naive,jacobi-1d,3,EXTRALARGE,0.05660616663022086,0.07621666666666667,0.004314333333333333,c
noarr,Naive,jacobi-1d,4,EXTRALARGE,0.6527308487568713,0.0066096666666666665,0.004314333333333333,c
noarr,Naive,jacobi-1d,5,EXTRALARGE,0.6597176206738365,0.006539666666666667,0.004314333333333333,c
noarr,standard,jacobi-1d,1,EXTRALARGE,1.2367892976588628,0.0034883333333333333,0.004314333333333333,c
noarr,standard,jacobi-1d,2,EXTRALARGE,1.23903886655179,0.0034820000000000003,0.004314333333333333,c
noarr,standard,jacobi-1d,3,EXTRALARGE,1.2384460817146685,0.0034836666666666666,0.004314333333333333,c
noarr,standard,jacobi-1d,4,EXTRALARGE,1.2401073105298457,0.003479,0.004314333333333333,c
noarr,standard,jacobi-1d,5,EXTRALARGE,1.2386831275720165,0.003483,0.004314333333333333,c
c,AllHints,jacobi-2d,1,EXTRALARGE,3.1270423338444533,6.5848889999999995,20.591226666666667,c
c,AllHints,jacobi-2d,2,EXTRALARGE,3.1758052297054644,6.483781333333333,20.591226666666667,c
c,AllHints,jacobi-2d,3,EXTRALARGE,3.7704055627045427,5.461276333333333,20.591226666666667,c
c,AllHints,jacobi-2d,4,EXTRALARGE,3.282842639507585,6.272377,20.591226666666667,c
c,AllHints,jacobi-2d,5,EXTRALARGE,3.267904890958621,6.301048333333334,20.591226666666667,c
c,ChooseHints,jacobi-2d,1,EXTRALARGE,3.2802471535183164,6.27734,20.591226666666667,c
c,ChooseHints,jacobi-2d,2,EXTRALARGE,3.2754746570407987,6.286486333333333,20.591226666666667,c
c,ChooseHints,jacobi-2d,3,EXTRALARGE,3.9670805234050874,5.190524,20.591226666666667,c
c,ChooseHints,jacobi-2d,4,EXTRALARGE,3.6192652022786245,5.689339,20.591226666666667,c
c,ChooseHints,jacobi-2d,5,EXTRALARGE,3.3426198193155665,6.160206,20.591226666666667,c
c,FromPlan,jacobi-2d,1,EXTRALARGE,0.3217597393506554,63.99565933333333,20.591226666666667,c
c,FromPlan,jacobi-2d,2,EXTRALARGE,0.368455098550529,55.885308,20.591226666666667,c
c,FromPlan,jacobi-2d,3,EXTRALARGE,2.6583771438801262,7.745788333333333,20.591226666666667,c
c,FromPlan,jacobi-2d,4,EXTRALARGE,0.3266864299918206,63.030553999999995,20.591226666666667,c
c,FromPlan,jacobi-2d,5,EXTRALARGE,3.3248699613015082,6.193092333333333,20.591226666666667,c
c,Naive,jacobi-2d,1,EXTRALARGE,1.303130108408186,15.801359,20.591226666666667,c
c,Naive,jacobi-2d,2,EXTRALARGE,0.9999097107964618,20.593086,20.591226666666667,c
c,Naive,jacobi-2d,3,EXTRALARGE,0.9998675015740056,20.593955333333334,20.591226666666667,c
c,Naive,jacobi-2d,4,EXTRALARGE,3.4148292161949563,6.029943333333333,20.591226666666667,c
c,standard,jacobi-2d,1,EXTRALARGE,1.0,20.591226666666667,20.591226666666667,c
exo,AllHints,jacobi-2d,2,EXTRALARGE,3.4762444053215957,5.9234116666666665,20.591226666666667,c
exo,AllHints,jacobi-2d,3,EXTRALARGE,3.649688149565319,5.641914,20.591226666666667,c
exo,ChooseHints,jacobi-2d,1,EXTRALARGE,3.4955133399052087,5.890759,20.591226666666667,c
exo,ChooseHints,jacobi-2d,2,EXTRALARGE,3.273856429835081,6.289593666666666,20.591226666666667,c
exo,ChooseHints,jacobi-2d,4,EXTRALARGE,3.1795314811997275,6.476182666666666,20.591226666666667,c
exo,Naive,jacobi-2d,3,EXTRALARGE,3.1393360890288498,6.559102333333333,20.591226666666667,c
exo,standard,jacobi-2d,1,EXTRALARGE,0.9984441394569943,20.623313666666665,20.591226666666667,c
exo,standard,jacobi-2d,2,EXTRALARGE,1.005136941221004,20.485991333333335,20.591226666666667,c
exo,standard,jacobi-2d,3,EXTRALARGE,0.9857679828068815,20.888512333333335,20.591226666666667,c
exo,standard,jacobi-2d,4,EXTRALARGE,0.9971320239888216,20.650451666666665,20.591226666666667,c
exo,standard,jacobi-2d,5,EXTRALARGE,1.0001875422073185,20.587365666666667,20.591226666666667,c
halide,AllHints,jacobi-2d,2,EXTRALARGE,2.72169955760147,7.565576666666666,20.591226666666667,c
halide,AllHints,jacobi-2d,3,EXTRALARGE,2.6795798207603667,7.684498333333333,20.591226666666667,c
halide,AllHints,jacobi-2d,4,EXTRALARGE,2.818282349884992,7.306303666666667,20.591226666666667,c
halide,ChooseHints,jacobi-2d,1,EXTRALARGE,2.326023207561727,8.852545666666666,20.591226666666667,c
halide,ChooseHints,jacobi-2d,2,EXTRALARGE,2.7581001808932686,7.465728333333334,20.591226666666667,c
halide,ChooseHints,jacobi-2d,3,EXTRALARGE,2.6532489647275925,7.760759333333333,20.591226666666667,c
halide,ChooseHints,jacobi-2d,4,EXTRALARGE,2.727905294466171,7.548365666666666,20.591226666666667,c
halide,FromPlan,jacobi-2d,1,EXTRALARGE,2.5810647124667985,7.977803333333333,20.591226666666667,c
halide,FromPlan,jacobi-2d,2,EXTRALARGE,2.5842915392482264,7.967842,20.591226666666667,c
halide,FromPlan,jacobi-2d,3,EXTRALARGE,2.334103474841152,8.821899666666667,20.591226666666667,c
halide,FromPlan,jacobi-2d,4,EXTRALARGE,2.1566828011982304,9.547638,20.591226666666667,c
halide,FromPlan,jacobi-2d,5,EXTRALARGE,0.9023215963629068,22.820274666666666,20.591226666666667,c
halide,Naive,jacobi-2d,1,EXTRALARGE,2.7827611526801115,7.399566666666668,20.591226666666667,c
halide,Naive,jacobi-2d,3,EXTRALARGE,2.3931579826783183,8.604207,20.591226666666667,c
halide,Naive,jacobi-2d,4,EXTRALARGE,2.6953688973133483,7.639483666666667,20.591226666666667,c
halide,Naive,jacobi-2d,5,EXTRALARGE,2.354679798824667,8.744809666666667,20.591226666666667,c
halide,standard,jacobi-2d,3,EXTRALARGE,0.3186411429734647,64.62199600000001,20.591226666666667,c
halide,standard,jacobi-2d,4,EXTRALARGE,0.7119147245884488,28.923726333333335,20.591226666666667,c
halide,standard,jacobi-2d,5,EXTRALARGE,0.3128116330637847,65.82628166666666,20.591226666666667,c
noarr,AllHints,jacobi-2d,1,EXTRALARGE,3.145350156619127,6.546561,20.591226666666667,c
noarr,AllHints,jacobi-2d,2,EXTRALARGE,2.384034182319779,8.637135666666667,20.591226666666667,c
noarr,AllHints,jacobi-2d,3,EXTRALARGE,3.2314671854561774,6.372098333333334,20.591226666666667,c
noarr,AllHints,jacobi-2d,4,EXTRALARGE,3.3096405688363695,6.22159,20.591226666666667,c
noarr,AllHints,jacobi-2d,5,EXTRALARGE,3.1616988504887034,6.512709666666667,20.591226666666667,c
noarr,ChooseHints,jacobi-2d,1,EXTRALARGE,0.9988489909202485,20.614954666666666,20.591226666666667,c
noarr,ChooseHints,jacobi-2d,2,EXTRALARGE,3.3373268658851614,6.169976000000001,20.591226666666667,c
noarr,ChooseHints,jacobi-2d,3,EXTRALARGE,0.9884637771768944,20.831543999999997,20.591226666666667,c
noarr,ChooseHints,jacobi-2d,4,EXTRALARGE,3.2202184936916516,6.394356999999999,20.591226666666667,c
noarr,ChooseHints,jacobi-2d,5,EXTRALARGE,3.2139375751799117,6.406853333333333,20.591226666666667,c
noarr,FromPlan,jacobi-2d,1,EXTRALARGE,0.37265010134459436,55.256195,20.591226666666667,c
noarr,FromPlan,jacobi-2d,2,EXTRALARGE,0.364656221862873,56.467504,20.591226666666667,c
noarr,FromPlan,jacobi-2d,3,EXTRALARGE,0.3530686271597131,58.32074866666667,20.591226666666667,c
noarr,FromPlan,jacobi-2d,4,EXTRALARGE,0.33054962242052216,62.29390466666666,20.591226666666667,c
noarr,FromPlan,jacobi-2d,5,EXTRALARGE,0.3214853313348064,64.05028366666666,20.591226666666667,c
noarr,Naive,jacobi-2d,1,EXTRALARGE,3.4085150193885334,6.041113666666667,20.591226666666667,c
noarr,Naive,jacobi-2d,2,EXTRALARGE,0.3055610091646073,67.38826633333333,20.591226666666667,c
noarr,Naive,jacobi-2d,3,EXTRALARGE,3.2232747376164386,6.388293999999999,20.591226666666667,c
noarr,Naive,jacobi-2d,5,EXTRALARGE,0.1569467104493702,131.19884199999998,20.591226666666667,c
noarr,standard,jacobi-2d,1,EXTRALARGE,0.9925133571614466,20.746548666666666,20.591226666666667,c
noarr,standard,jacobi-2d,2,EXTRALARGE,0.9990758007688852,20.610274666666665,20.591226666666667,c
noarr,standard,jacobi-2d,3,EXTRALARGE,0.9997423029243285,20.596534333333334,20.591226666666667,c
noarr,standard,jacobi-2d,4,EXTRALARGE,0.9962087460175595,20.669590333333332,20.591226666666667,c
noarr,standard,jacobi-2d,5,EXTRALARGE,1.002795403662305,20.533826333333334,20.591226666666667,c
c,AllHints,lu,1,EXTRALARGE,1.6742751959880782,30.382247666666668,50.868243666666665,c
c,AllHints,lu,2,EXTRALARGE,1.7982184426188312,28.288133666666667,50.868243666666665,c
c,AllHints,lu,3,EXTRALARGE,1.9516252499483175,26.064555,50.868243666666665,c
c,AllHints,lu,4,EXTRALARGE,1.6537253772016012,30.759789,50.868243666666665,c
c,AllHints,lu,5,EXTRALARGE,1.6886684641170018,30.12328633333333,50.868243666666665,c
c,ChooseHints,lu,1,EXTRALARGE,1.1878085876381088,42.825287,50.868243666666665,c
c,ChooseHints,lu,2,EXTRALARGE,1.6769279276742968,30.334186,50.868243666666665,c
c,ChooseHints,lu,3,EXTRALARGE,1.6688818874088414,30.48043366666667,50.868243666666665,c
c,ChooseHints,lu,4,EXTRALARGE,1.675231223866558,30.364909,50.868243666666665,c
c,ChooseHints,lu,5,EXTRALARGE,1.8837811336872963,27.003266333333332,50.868243666666665,c
c,FromPlan,lu,1,EXTRALARGE,1.6759711776159396,30.351502666666665,50.868243666666665,c
c,FromPlan,lu,2,EXTRALARGE,1.7855097691150035,28.489479333333335,50.868243666666665,c
c,FromPlan,lu,3,EXTRALARGE,1.4511395171476298,35.05399933333333,50.868243666666665,c
c,FromPlan,lu,4,EXTRALARGE,1.0912437639426025,46.614922666666665,50.868243666666665,c
c,FromPlan,lu,5,EXTRALARGE,3.664305535979315,13.882096666666667,50.868243666666665,c
c,Naive,lu,1,EXTRALARGE,1.658405895126336,30.67297566666667,50.868243666666665,c
c,Naive,lu,2,EXTRALARGE,1.6716404021688762,30.430135333333336,50.868243666666665,c
c,Naive,lu,3,EXTRALARGE,1.693289632428842,30.04107666666667,50.868243666666665,c
c,Naive,lu,4,EXTRALARGE,1.6913307655088146,30.075869666666666,50.868243666666665,c
c,Naive,lu,5,EXTRALARGE,1.6944996934893874,30.019624000000004,50.868243666666665,c
c,standard,lu,1,EXTRALARGE,1.0,50.868243666666665,50.868243666666665,c
exo,AllHints,lu,1,EXTRALARGE,1.7425008729932772,29.19266466666667,50.868243666666665,c
exo,AllHints,lu,2,EXTRALARGE,1.5766231904431824,32.26404633333333,50.868243666666665,c
exo,AllHints,lu,3,EXTRALARGE,1.5657244427032542,32.488631,50.868243666666665,c
exo,AllHints,lu,4,EXTRALARGE,0.22839062171333857,222.724748,50.868243666666665,c
exo,AllHints,lu,5,EXTRALARGE,1.3491527790973947,37.703842333333334,50.868243666666665,c
exo,ChooseHints,lu,1,EXTRALARGE,1.5535367861168774,32.743507666666666,50.868243666666665,c
exo,ChooseHints,lu,2,EXTRALARGE,1.7309290370359918,29.387827333333334,50.868243666666665,c
exo,ChooseHints,lu,3,EXTRALARGE,0.978053988495878,52.009648,50.868243666666665,c
exo,FromPlan,lu,3,EXTRALARGE,1.0548022451219035,48.22538433333333,50.868243666666665,c
exo,Naive,lu,1,EXTRALARGE,2.0827170469854863,24.423982,50.868243666666665,c
exo,Naive,lu,2,EXTRALARGE,1.5564336894335051,32.682564000000006,50.868243666666665,c
exo,Naive,lu,3,EXTRALARGE,1.5405998936251781,33.018465,50.868243666666665,c
exo,Naive,lu,4,EXTRALARGE,1.5880962803161536,32.030957,50.868243666666665,c
exo,Naive,lu,5,EXTRALARGE,1.5506029687334566,32.805460000000004,50.868243666666665,c
exo,standard,lu,1,EXTRALARGE,0.9761687057384223,52.11009466666667,50.868243666666665,c
exo,standard,lu,2,EXTRALARGE,0.9781908721980682,52.002370000000006,50.868243666666665,c
exo,standard,lu,3,EXTRALARGE,0.972776197692287,52.29182599999999,50.868243666666665,c
exo,standard,lu,4,EXTRALARGE,0.9662053316419144,52.64744666666667,50.868243666666665,c
exo,standard,lu,5,EXTRALARGE,0.9869752283300606,51.539534333333336,50.868243666666665,c
halide,ChooseHints,lu,2,EXTRALARGE,0.8580222335905706,59.285461,50.868243666666665,c
halide,ChooseHints,lu,4,EXTRALARGE,0.8302069756070991,61.27176133333333,50.868243666666665,c
halide,ChooseHints,lu,5,EXTRALARGE,0.7023977846600399,72.42084866666666,50.868243666666665,c
halide,FromPlan,lu,5,EXTRALARGE,0.7656002904334566,66.44229933333334,50.868243666666665,c
halide,standard,lu,1,EXTRALARGE,0.7575951636743288,67.14436166666667,50.868243666666665,c
halide,standard,lu,5,EXTRALARGE,0.7731135561558219,65.79660033333333,50.868243666666665,c
noarr,AllHints,lu,1,EXTRALARGE,0.9984073933033591,50.949386000000004,50.868243666666665,c
noarr,AllHints,lu,2,EXTRALARGE,0.9998716390694269,50.874774,50.868243666666665,c
noarr,AllHints,lu,3,EXTRALARGE,1.6080560287518249,31.633377666666664,50.868243666666665,c
noarr,AllHints,lu,4,EXTRALARGE,0.9964365503926774,51.050158333333336,50.868243666666665,c
noarr,AllHints,lu,5,EXTRALARGE,1.5971878120555474,31.84863,50.868243666666665,c
noarr,ChooseHints,lu,1,EXTRALARGE,1.0018819828672856,50.77269033333334,50.868243666666665,c
noarr,ChooseHints,lu,2,EXTRALARGE,0.9959013404312054,51.07759333333333,50.868243666666665,c
noarr,ChooseHints,lu,3,EXTRALARGE,0.9909042420866867,51.335176,50.868243666666665,c
noarr,ChooseHints,lu,5,EXTRALARGE,0.9942377240433199,51.16305933333333,50.868243666666665,c
noarr,FromPlan,lu,1,EXTRALARGE,1.6077705270558267,31.638994999999998,50.868243666666665,c
noarr,FromPlan,lu,2,EXTRALARGE,1.572554346762009,32.34752666666667,50.868243666666665,c
noarr,FromPlan,lu,3,EXTRALARGE,1.5993321308042086,31.80592866666667,50.868243666666665,c
noarr,FromPlan,lu,4,EXTRALARGE,1.5770302700025671,32.255718,50.868243666666665,c
noarr,FromPlan,lu,5,EXTRALARGE,1.5681590933781224,32.438190666666664,50.868243666666665,c
noarr,Naive,lu,1,EXTRALARGE,0.999770845999189,50.87990299999999,50.868243666666665,c
noarr,Naive,lu,2,EXTRALARGE,0.9977421390016875,50.983357000000005,50.868243666666665,c
noarr,Naive,lu,3,EXTRALARGE,1.597115215825795,31.850077666666664,50.868243666666665,c
noarr,Naive,lu,4,EXTRALARGE,0.9940191927821697,51.17430733333333,50.868243666666665,c
noarr,standard,lu,2,EXTRALARGE,1.0025858093883824,50.73704733333333,50.868243666666665,c
noarr,standard,lu,5,EXTRALARGE,0.992618432587004,51.246523333333336,50.868243666666665,c
c,AllHints,ludcmp,1,EXTRALARGE,1.5378536881785083,30.495152666666666,46.897083,c
c,AllHints,ludcmp,2,EXTRALARGE,1.9156903175547475,24.480513666666667,46.897083,c
c,AllHints,ludcmp,3,EXTRALARGE,1.2325250476800915,38.049598333333336,46.897083,c
c,AllHints,ludcmp,5,EXTRALARGE,1.0107878462724091,46.396564000000005,46.897083,c
c,ChooseHints,ludcmp,1,EXTRALARGE,1.7233760938070761,27.212332333333336,46.897083,c
c,ChooseHints,ludcmp,2,EXTRALARGE,1.8697331692915857,25.082233000000002,46.897083,c
c,ChooseHints,ludcmp,3,EXTRALARGE,1.9953015030660415,23.50375766666667,46.897083,c
c,ChooseHints,ludcmp,4,EXTRALARGE,1.805888618184137,25.96897866666667,46.897083,c
c,ChooseHints,ludcmp,5,EXTRALARGE,1.4848658066419402,31.583381333333335,46.897083,c
c,FromPlan,ludcmp,1,EXTRALARGE,1.5711544390565002,29.84880533333333,46.897083,c
c,FromPlan,ludcmp,3,EXTRALARGE,1.993243250135541,23.528027999999996,46.897083,c
c,FromPlan,ludcmp,4,EXTRALARGE,1.550548717887566,30.24547533333333,46.897083,c
c,FromPlan,ludcmp,5,EXTRALARGE,1.564747019722244,29.971031999999997,46.897083,c
c,Naive,ludcmp,2,EXTRALARGE,1.5495671955935364,30.264633333333336,46.897083,c
c,Naive,ludcmp,3,EXTRALARGE,1.0113591321144917,46.370355999999994,46.897083,c
c,Naive,ludcmp,4,EXTRALARGE,1.2656198424976222,37.054636333333335,46.897083,c
c,standard,ludcmp,1,EXTRALARGE,1.0,46.897083,46.897083,c
exo,AllHints,ludcmp,2,EXTRALARGE,0.9235131280174035,50.78117633333333,46.897083,c
exo,AllHints,ludcmp,5,EXTRALARGE,1.5109870898151903,31.037381666666665,46.897083,c
exo,ChooseHints,ludcmp,1,EXTRALARGE,0.9711205302700359,48.29172233333333,46.897083,c
exo,ChooseHints,ludcmp,3,EXTRALARGE,1.618459670307887,28.976367999999997,46.897083,c
exo,ChooseHints,ludcmp,4,EXTRALARGE,1.4520330521855986,32.29753133333333,46.897083,c
exo,FromPlan,ludcmp,3,EXTRALARGE,0.24603518406552566,190.61128666666664,46.897083,c
exo,Naive,ludcmp,1,EXTRALARGE,1.444664402376322,32.462268,46.897083,c
exo,Naive,ludcmp,2,EXTRALARGE,0.9239202645436903,50.758799,46.897083,c
exo,Naive,ludcmp,3,EXTRALARGE,1.3150159533881502,35.66274833333333,46.897083,c
exo,Naive,ludcmp,5,EXTRALARGE,0.9895737663896832,47.39119466666667,46.897083,c
exo,standard,ludcmp,1,EXTRALARGE,0.9173262926801847,51.12366599999999,46.897083,c
exo,standard,ludcmp,2,EXTRALARGE,0.9267478312883627,50.60393066666666,46.897083,c
exo,standard,ludcmp,3,EXTRALARGE,0.9279898718676942,50.53620133333334,46.897083,c
exo,standard,ludcmp,4,EXTRALARGE,0.924858445949084,50.707309,46.897083,c
exo,standard,ludcmp,5,EXTRALARGE,0.9164841927813542,51.17064033333333,46.897083,c
halide,AllHints,ludcmp,2,EXTRALARGE,0.7210401095487439,65.04087966666667,46.897083,c
halide,AllHints,ludcmp,4,EXTRALARGE,0.7941040434584693,59.05659766666667,46.897083,c
halide,ChooseHints,ludcmp,1,EXTRALARGE,0.7192878165970084,65.19932899999999,46.897083,c
halide,Naive,ludcmp,3,EXTRALARGE,0.7890214691290057,59.43701766666667,46.897083,c
halide,standard,ludcmp,1,EXTRALARGE,0.9214461762713704,50.895086666666664,46.897083,c
halide,standard,ludcmp,3,EXTRALARGE,0.7218297722046751,64.96972666666666,46.897083,c
halide,standard,ludcmp,4,EXTRALARGE,0.7021788973242994,66.78794133333334,46.897083,c
noarr,AllHints,ludcmp,1,EXTRALARGE,0.9293043153849995,50.464721,46.897083,c
noarr,AllHints,ludcmp,2,EXTRALARGE,1.1142247203492242,42.08942966666667,46.897083,c
noarr,AllHints,ludcmp,3,EXTRALARGE,0.9179635660500274,51.08817466666667,46.897083,c
noarr,AllHints,ludcmp,4,EXTRALARGE,0.9203218165893726,50.95726533333334,46.897083,c
noarr,AllHints,ludcmp,5,EXTRALARGE,0.9189158383761242,51.035232,46.897083,c
noarr,ChooseHints,ludcmp,1,EXTRALARGE,0.9102383141777821,51.52176333333333,46.897083,c
noarr,ChooseHints,ludcmp,2,EXTRALARGE,0.9240501127979385,50.75166633333333,46.897083,c
noarr,ChooseHints,ludcmp,3,EXTRALARGE,0.9202220302259349,50.962791,46.897083,c
noarr,ChooseHints,ludcmp,4,EXTRALARGE,0.9250195804702296,50.698476,46.897083,c
noarr,ChooseHints,ludcmp,5,EXTRALARGE,0.9171321037635968,51.134490666666665,46.897083,c
noarr,FromPlan,ludcmp,1,EXTRALARGE,0.9228259069912825,50.81899266666667,46.897083,c
noarr,FromPlan,ludcmp,2,EXTRALARGE,0.9149334444015867,51.257371,46.897083,c
noarr,FromPlan,ludcmp,3,EXTRALARGE,0.927179797553021,50.580354666666665,46.897083,c
noarr,FromPlan,ludcmp,5,EXTRALARGE,0.9227900744743813,50.820966,46.897083,c
noarr,Naive,ludcmp,1,EXTRALARGE,0.9257634759999678,50.65773733333333,46.897083,c
noarr,Naive,ludcmp,2,EXTRALARGE,0.9277498026925345,50.549278333333326,46.897083,c
noarr,Naive,ludcmp,3,EXTRALARGE,0.9248004429957911,50.71048933333333,46.897083,c
noarr,Naive,ludcmp,4,EXTRALARGE,0.9174521162587296,51.11665466666667,46.897083,c
noarr,Naive,ludcmp,5,EXTRALARGE,0.9203349769780927,50.956536666666665,46.897083,c
noarr,standard,ludcmp,1,EXTRALARGE,0.9252431906710745,50.68622333333334,46.897083,c
c,AllHints,mvt,1,EXTRALARGE,5.489858667286772,0.012901000000000001,0.07082466666666666,c
c,AllHints,mvt,2,EXTRALARGE,5.606469998416802,0.012632666666666667,0.07082466666666666,c
c,AllHints,mvt,4,EXTRALARGE,6.590589038121528,0.010746333333333335,0.07082466666666666,c
c,AllHints,mvt,5,EXTRALARGE,4.065709911978568,0.01742,0.07082466666666666,c
c,ChooseHints,mvt,1,EXTRALARGE,5.037316263632052,0.014060000000000001,0.07082466666666666,c
c,ChooseHints,mvt,2,EXTRALARGE,8.637505589658117,0.008199666666666666,0.07082466666666666,c
c,ChooseHints,mvt,3,EXTRALARGE,0.9927856535431597,0.07133933333333334,0.07082466666666666,c
c,ChooseHints,mvt,5,EXTRALARGE,5.715969008931453,0.012390666666666666,0.07082466666666666,c
c,FromPlan,mvt,1,EXTRALARGE,2.2642156862745093,0.03128,0.07082466666666666,c
c,FromPlan,mvt,2,EXTRALARGE,1.4427807995002273,0.049089,0.07082466666666666,c
c,FromPlan,mvt,3,EXTRALARGE,2.880925263043714,0.024583999999999998,0.07082466666666666,c
c,FromPlan,mvt,4,EXTRALARGE,2.8873850000679466,0.024529,0.07082466666666666,c
c,FromPlan,mvt,5,EXTRALARGE,2.8464217774562597,0.024882,0.07082466666666666,c
c,Naive,mvt,1,EXTRALARGE,2.849437418697279,0.024855666666666665,0.07082466666666666,c
c,Naive,mvt,2,EXTRALARGE,2.8351792052520612,0.02498066666666667,0.07082466666666666,c
c,Naive,mvt,3,EXTRALARGE,2.8429940055662595,0.024912,0.07082466666666666,c
c,Naive,mvt,4,EXTRALARGE,1.9682630847614635,0.03598333333333333,0.07082466666666666,c
c,Naive,mvt,5,EXTRALARGE,2.865887050000674,0.024713,0.07082466666666666,c
c,standard,mvt,1,EXTRALARGE,1.0,0.07082466666666666,0.07082466666666666,c
exo,AllHints,mvt,1,EXTRALARGE,4.701272264631043,0.015065,0.07082466666666666,c
exo,AllHints,mvt,2,EXTRALARGE,4.903283871414396,0.014444333333333332,0.07082466666666666,c
exo,AllHints,mvt,3,EXTRALARGE,4.896504044431128,0.014464333333333334,0.07082466666666666,c
exo,AllHints,mvt,4,EXTRALARGE,3.2251180158163963,0.02196033333333333,0.07082466666666666,c
exo,AllHints,mvt,5,EXTRALARGE,3.2782620770524424,0.021604333333333336,0.07082466666666666,c
exo,ChooseHints,mvt,1,EXTRALARGE,2.7499029327259077,0.025755333333333335,0.07082466666666666,c
exo,ChooseHints,mvt,2,EXTRALARGE,2.7588651561384143,0.025671666666666666,0.07082466666666666,c
exo,ChooseHints,mvt,3,EXTRALARGE,4.9691059192216835,0.014253,0.07082466666666666,c
exo,ChooseHints,mvt,4,EXTRALARGE,2.8216249236408055,0.02510066666666667,0.07082466666666666,c
exo,ChooseHints,mvt,5,EXTRALARGE,5.662953091684435,0.012506666666666666,0.07082466666666666,c
exo,FromPlan,mvt,2,EXTRALARGE,2.41890276528649,0.029279666666666666,0.07082466666666666,c
exo,FromPlan,mvt,3,EXTRALARGE,0.6243065676272859,0.11344533333333334,0.07082466666666666,c
exo,FromPlan,mvt,4,EXTRALARGE,0.6314272298795238,0.11216599999999999,0.07082466666666666,c
exo,Naive,mvt,2,EXTRALARGE,4.8332385523532215,0.014653666666666667,0.07082466666666666,c
exo,Naive,mvt,3,EXTRALARGE,2.6597483883081927,0.026628333333333334,0.07082466666666666,c
exo,Naive,mvt,4,EXTRALARGE,3.2768464397526254,0.021613666666666666,0.07082466666666666,c
exo,standard,mvt,1,EXTRALARGE,0.9513051264830982,0.07445,0.07082466666666666,c
exo,standard,mvt,2,EXTRALARGE,0.9405333144465887,0.07530266666666667,0.07082466666666666,c
exo,standard,mvt,3,EXTRALARGE,0.9432012394071088,0.07508966666666667,0.07082466666666666,c
exo,standard,mvt,4,EXTRALARGE,0.9428120091230996,0.07512066666666667,0.07082466666666666,c
exo,standard,mvt,5,EXTRALARGE,0.9463266896782097,0.07484166666666665,0.07082466666666666,c
halide,AllHints,mvt,3,EXTRALARGE,7.005176222346774,0.010110333333333332,0.07082466666666666,c
halide,AllHints,mvt,5,EXTRALARGE,1.4360038388234815,0.04932066666666667,0.07082466666666666,c
halide,ChooseHints,mvt,2,EXTRALARGE,1.5847871650095844,0.04469033333333333,0.07082466666666666,c
halide,FromPlan,mvt,5,EXTRALARGE,1.7183084923131666,0.041217666666666666,0.07082466666666666,c
halide,Naive,mvt,2,EXTRALARGE,3.5883604674728096,0.019737333333333332,0.07082466666666666,c
halide,Naive,mvt,3,EXTRALARGE,5.617141648601491,0.012608666666666666,0.07082466666666666,c
halide,standard,mvt,1,EXTRALARGE,0.9156270334794205,0.077351,0.07082466666666666,c
halide,standard,mvt,2,EXTRALARGE,1.1115272946038555,0.06371833333333334,0.07082466666666666,c
halide,standard,mvt,3,EXTRALARGE,0.9086609189503575,0.077944,0.07082466666666666,c
halide,standard,mvt,4,EXTRALARGE,0.9176081398562742,0.07718399999999999,0.07082466666666666,c
halide,standard,mvt,5,EXTRALARGE,0.8823487884387782,0.08026833333333333,0.07082466666666666,c
noarr,AllHints,mvt,1,EXTRALARGE,4.166973916454206,0.016996666666666667,0.07082466666666666,c
noarr,AllHints,mvt,2,EXTRALARGE,2.609989190251572,0.027136000000000004,0.07082466666666666,c
noarr,AllHints,mvt,3,EXTRALARGE,2.948038794000527,0.02402433333333333,0.07082466666666666,c
noarr,AllHints,mvt,4,EXTRALARGE,4.1823943939214985,0.016934,0.07082466666666666,c
noarr,AllHints,mvt,5,EXTRALARGE,2.544294096515387,0.027836666666666666,0.07082466666666666,c
noarr,ChooseHints,mvt,1,EXTRALARGE,2.5212582915049895,0.028091,0.07082466666666666,c
noarr,ChooseHints,mvt,2,EXTRALARGE,2.5478637295696283,0.027797666666666665,0.07082466666666666,c
noarr,ChooseHints,mvt,3,EXTRALARGE,2.5491475807128885,0.02778366666666667,0.07082466666666666,c
noarr,ChooseHints,mvt,4,EXTRALARGE,2.5593110093953264,0.02767333333333333,0.07082466666666666,c
noarr,ChooseHints,mvt,5,EXTRALARGE,2.5682513205448982,0.027577,0.07082466666666666,c
noarr,FromPlan,mvt,1,EXTRALARGE,1.960851990623673,0.03611933333333334,0.07082466666666666,c
noarr,FromPlan,mvt,2,EXTRALARGE,1.9483375208612241,0.03635133333333334,0.07082466666666666,c
noarr,FromPlan,mvt,3,EXTRALARGE,1.9902396073362183,0.035586,0.07082466666666666,c
noarr,FromPlan,mvt,4,EXTRALARGE,1.9545747244862286,0.036235333333333335,0.07082466666666666,c
noarr,FromPlan,mvt,5,EXTRALARGE,1.9560142139082723,0.03620866666666667,0.07082466666666666,c
noarr,Naive,mvt,1,EXTRALARGE,0.9912017167381975,0.07145333333333333,0.07082466666666666,c
noarr,Naive,mvt,2,EXTRALARGE,1.3477833387251261,0.052549000000000005,0.07082466666666666,c
noarr,Naive,mvt,3,EXTRALARGE,2.601934851824639,0.027219999999999998,0.07082466666666666,c
noarr,Naive,mvt,4,EXTRALARGE,1.9543589837929318,0.03623933333333334,0.07082466666666666,c
noarr,Naive,mvt,5,EXTRALARGE,2.5627065492702927,0.027636666666666667,0.07082466666666666,c
noarr,standard,mvt,1,EXTRALARGE,0.985308984335148,0.07188066666666666,0.07082466666666666,c
noarr,standard,mvt,2,EXTRALARGE,0.9843686297765094,0.07194933333333332,0.07082466666666666,c
noarr,standard,mvt,3,EXTRALARGE,0.9921273813970862,0.07138666666666667,0.07082466666666666,c
noarr,standard,mvt,4,EXTRALARGE,0.9973947209065431,0.07100966666666667,0.07082466666666666,c
noarr,standard,mvt,5,EXTRALARGE,0.9775661375661375,0.07245,0.07082466666666666,c
c,AllHints,nussinov,1,EXTRALARGE,18.436272509807146,5.846414666666667,107.78609399999999,c
c,AllHints,nussinov,3,EXTRALARGE,17.324535612809143,6.221586333333334,107.78609399999999,c
c,AllHints,nussinov,5,EXTRALARGE,18.395555119658784,5.859355333333333,107.78609399999999,c
c,ChooseHints,nussinov,1,EXTRALARGE,18.720490408129233,5.757653333333334,107.78609399999999,c
c,ChooseHints,nussinov,2,EXTRALARGE,18.562807733732974,5.806562,107.78609399999999,c
c,ChooseHints,nussinov,4,EXTRALARGE,18.54547666274852,5.811988333333333,107.78609399999999,c
c,ChooseHints,nussinov,5,EXTRALARGE,18.24744801853647,5.906913333333333,107.78609399999999,c
c,FromPlan,nussinov,1,EXTRALARGE,1.534029687645635,70.263369,107.78609399999999,c
c,FromPlan,nussinov,3,EXTRALARGE,18.85062473631808,5.717905666666667,107.78609399999999,c
c,FromPlan,nussinov,4,EXTRALARGE,15.54017793636721,6.935962666666666,107.78609399999999,c
c,FromPlan,nussinov,5,EXTRALARGE,1.4905584174271467,72.31255933333334,107.78609399999999,c
c,Naive,nussinov,1,EXTRALARGE,1.5646485655859514,68.888373,107.78609399999999,c
c,Naive,nussinov,2,EXTRALARGE,1.8264456134576859,59.014127333333334,107.78609399999999,c
c,Naive,nussinov,3,EXTRALARGE,1.894862578691844,56.88333033333333,107.78609399999999,c
c,Naive,nussinov,5,EXTRALARGE,1.891543382651619,56.98314666666666,107.78609399999999,c
c,standard,nussinov,1,EXTRALARGE,1.0,107.78609399999999,107.78609399999999,c
exo,AllHints,nussinov,2,EXTRALARGE,16.835966952262467,6.402132666666667,107.78609399999999,c
exo,AllHints,nussinov,3,EXTRALARGE,17.224990218469713,6.257541666666666,107.78609399999999,c
exo,AllHints,nussinov,5,EXTRALARGE,15.409157918593696,6.994937333333333,107.78609399999999,c
exo,ChooseHints,nussinov,1,EXTRALARGE,1.0305379732872213,104.59206433333333,107.78609399999999,c
exo,ChooseHints,nussinov,2,EXTRALARGE,16.326978875344096,6.601717,107.78609399999999,c
exo,ChooseHints,nussinov,3,EXTRALARGE,15.747563597513391,6.844620333333334,107.78609399999999,c
exo,ChooseHints,nussinov,4,EXTRALARGE,17.91024513448956,6.018125,107.78609399999999,c
exo,ChooseHints,nussinov,5,EXTRALARGE,16.94615881794254,6.3605030000000005,107.78609399999999,c
exo,FromPlan,nussinov,1,EXTRALARGE,17.54606827831329,6.143034,107.78609399999999,c
exo,FromPlan,nussinov,4,EXTRALARGE,1.0294755841150092,104.70000033333334,107.78609399999999,c
exo,Naive,nussinov,1,EXTRALARGE,1.0895986964373054,98.922745,107.78609399999999,c
exo,Naive,nussinov,2,EXTRALARGE,1.0905824093114325,98.83351599999999,107.78609399999999,c
exo,standard,nussinov,1,EXTRALARGE,0.997209593143109,108.08770266666666,107.78609399999999,c
exo,standard,nussinov,2,EXTRALARGE,1.0037937277986946,107.37872833333334,107.78609399999999,c
exo,standard,nussinov,3,EXTRALARGE,0.9986152909887648,107.93555333333332,107.78609399999999,c
exo,standard,nussinov,5,EXTRALARGE,0.9346342858870818,115.32435266666668,107.78609399999999,c
halide,AllHints,nussinov,4,EXTRALARGE,1.3906361950119932,77.50847733333333,107.78609399999999,c
halide,ChooseHints,nussinov,1,EXTRALARGE,1.4088592473250603,76.50593500000001,107.78609399999999,c
halide,ChooseHints,nussinov,3,EXTRALARGE,1.4097555366016679,76.45729433333334,107.78609399999999,c
halide,standard,nussinov,3,EXTRALARGE,0.41260770948228687,261.2314106666667,107.78609399999999,c
halide,standard,nussinov,4,EXTRALARGE,1.3067325395483675,82.48519933333334,107.78609399999999,c
c,AllHints,seidel-2d,1,EXTRALARGE,1.3569015100707722,160.58803633333332,217.902149,c
c,AllHints,seidel-2d,2,EXTRALARGE,0.9744309369389292,223.61990033333336,217.902149,c
c,AllHints,seidel-2d,3,EXTRALARGE,0.974368503311718,223.634229,217.902149,c
c,AllHints,seidel-2d,4,EXTRALARGE,0.9097461593601369,239.519724,217.902149,c
c,AllHints,seidel-2d,5,EXTRALARGE,1.3098905493543227,166.351417,217.902149,c
c,ChooseHints,seidel-2d,1,EXTRALARGE,1.356886613624222,160.58979933333333,217.902149,c
c,ChooseHints,seidel-2d,2,EXTRALARGE,0.9744489585732755,223.61576466666668,217.902149,c
c,ChooseHints,seidel-2d,3,EXTRALARGE,1.8675474023251775,116.67824266666666,217.902149,c
c,ChooseHints,seidel-2d,4,EXTRALARGE,1.0001221920934156,217.87552633333334,217.902149,c
c,ChooseHints,seidel-2d,5,EXTRALARGE,1.225833454501253,177.75836366666667,217.902149,c
c,FromPlan,seidel-2d,1,EXTRALARGE,1.895308551638016,114.96922166666667,217.902149,c
c,FromPlan,seidel-2d,2,EXTRALARGE,1.895022233273301,114.98659233333335,217.902149,c
c,FromPlan,seidel-2d,3,EXTRALARGE,1.8951444376451778,114.97917766666667,217.902149,c
c,FromPlan,seidel-2d,4,EXTRALARGE,1.8951633157913061,114.97803233333333,217.902149,c
c,FromPlan,seidel-2d,5,EXTRALARGE,1.8951956941161008,114.976068,217.902149,c
c,Naive,seidel-2d,2,EXTRALARGE,0.9100284691183486,239.44542,217.902149,c
c,Naive,seidel-2d,3,EXTRALARGE,1.2670583746333532,171.97483033333333,217.902149,c
c,Naive,seidel-2d,4,EXTRALARGE,1.1963096303617031,182.145277,217.902149,c
c,Naive,seidel-2d,5,EXTRALARGE,0.9979164573891982,218.35710533333335,217.902149,c
c,standard,seidel-2d,1,EXTRALARGE,1.0,217.902149,217.902149,c
exo,AllHints,seidel-2d,1,EXTRALARGE,1.0000612651958245,217.88880000000003,217.902149,c
exo,ChooseHints,seidel-2d,1,EXTRALARGE,0.8837472008053271,246.56615466666668,217.902149,c
exo,FromPlan,seidel-2d,2,EXTRALARGE,1.1485739836470612,189.71537933333335,217.902149,c
exo,FromPlan,seidel-2d,3,EXTRALARGE,1.150840206909698,189.3417936666667,217.902149,c
exo,Naive,seidel-2d,3,EXTRALARGE,0.8835135392370637,246.63136366666666,217.902149,c
exo,standard,seidel-2d,1,EXTRALARGE,1.0001075644319601,217.87871299999998,217.902149,c
exo,standard,seidel-2d,2,EXTRALARGE,1.0000537135377772,217.89044533333333,217.902149,c
exo,standard,seidel-2d,3,EXTRALARGE,1.0000755136002983,217.8856956666667,217.902149,c
exo,standard,seidel-2d,4,EXTRALARGE,1.0000855686620242,217.883505,217.902149,c
exo,standard,seidel-2d,5,EXTRALARGE,1.000087479636212,217.88308866666668,217.902149,c
halide,AllHints,seidel-2d,1,EXTRALARGE,23.055622754902842,9.45115,217.902149,c
halide,AllHints,seidel-2d,2,EXTRALARGE,20.228802206783666,10.771876,217.902149,c
halide,ChooseHints,seidel-2d,1,EXTRALARGE,20.20838409981564,10.782759666666665,217.902149,c
halide,Naive,seidel-2d,1,EXTRALARGE,19.4444303916335,11.206404333333333,217.902149,c
halide,Naive,seidel-2d,2,EXTRALARGE,22.20042774372014,9.815223,217.902149,c
halide,Naive,seidel-2d,5,EXTRALARGE,20.673336516475004,10.540250666666667,217.902149,c
halide,standard,seidel-2d,1,EXTRALARGE,4.06263255396564,53.635702,217.902149,c
halide,standard,seidel-2d,3,EXTRALARGE,10.273312957370667,21.210504333333333,217.902149,c
halide,standard,seidel-2d,5,EXTRALARGE,25.155604639991527,8.662170999999999,217.902149,c
noarr,AllHints,seidel-2d,1,EXTRALARGE,1.0000981377735194,217.88076666666666,217.902149,c
noarr,AllHints,seidel-2d,2,EXTRALARGE,1.2453650606217233,174.97050133333335,217.902149,c
noarr,AllHints,seidel-2d,3,EXTRALARGE,1.2660935830088642,172.105879,217.902149,c
noarr,AllHints,seidel-2d,4,EXTRALARGE,1.356811170356587,160.5987286666667,217.902149,c
noarr,AllHints,seidel-2d,5,EXTRALARGE,1.356874897231284,160.591186,217.902149,c
noarr,ChooseHints,seidel-2d,1,EXTRALARGE,1.35689182410435,160.5891826666667,217.902149,c
noarr,ChooseHints,seidel-2d,2,EXTRALARGE,1.3569750986398763,160.57932766666667,217.902149,c
noarr,ChooseHints,seidel-2d,3,EXTRALARGE,1.0000893799076185,217.88267466666665,217.902149,c
noarr,ChooseHints,seidel-2d,4,EXTRALARGE,1.0001112610892628,217.8779076666667,217.902149,c
noarr,ChooseHints,seidel-2d,5,EXTRALARGE,1.3568707937251583,160.59167166666666,217.902149,c
noarr,FromPlan,seidel-2d,1,EXTRALARGE,1.1488671016719327,189.66697599999998,217.902149,c
noarr,FromPlan,seidel-2d,2,EXTRALARGE,1.3568310892903053,160.596371,217.902149,c
noarr,FromPlan,seidel-2d,3,EXTRALARGE,1.1504643702348958,189.40364833333334,217.902149,c
noarr,FromPlan,seidel-2d,4,EXTRALARGE,1.150282387405938,189.43361333333334,217.902149,c
noarr,Naive,seidel-2d,1,EXTRALARGE,1.0001143564487462,217.87723333333335,217.902149,c
noarr,Naive,seidel-2d,2,EXTRALARGE,1.2453417320317464,174.973779,217.902149,c
noarr,Naive,seidel-2d,3,EXTRALARGE,1.356939520164265,160.583538,217.902149,c
noarr,Naive,seidel-2d,4,EXTRALARGE,0.9959758007600366,218.78257366666665,217.902149,c
noarr,Naive,seidel-2d,5,EXTRALARGE,1.356947035120312,160.58264866666664,217.902149,c
noarr,standard,seidel-2d,1,EXTRALARGE,1.000063714613459,217.88826633333335,217.902149,c
noarr,standard,seidel-2d,2,EXTRALARGE,1.0001236732444991,217.87520366666664,217.902149,c
noarr,standard,seidel-2d,3,EXTRALARGE,1.0000957539786137,217.88128600000002,217.902149,c
noarr,standard,seidel-2d,4,EXTRALARGE,1.0000625029075458,217.8885303333333,217.902149,c
noarr,standard,seidel-2d,5,EXTRALARGE,0.9999792602338979,217.90666833333333,217.902149,c
c,AllHints,symm,1,EXTRALARGE,46.62964810277081,0.344845,16.080001,c
c,AllHints,symm,2,EXTRALARGE,2.586332680209313,6.2172979999999995,16.080001,c
c,AllHints,symm,3,EXTRALARGE,14.54193890095023,1.1057673333333333,16.080001,c
c,AllHints,symm,4,EXTRALARGE,0.8415108887472609,19.108488333333334,16.080001,c
c,AllHints,symm,5,EXTRALARGE,30.9828598770705,0.5189966666666667,16.080001,c
c,ChooseHints,symm,1,EXTRALARGE,2.6291573752792186,6.116028333333333,16.080001,c
c,ChooseHints,symm,2,EXTRALARGE,14.320702676225677,1.12285,16.080001,c
c,ChooseHints,symm,3,EXTRALARGE,39.993436400988884,0.40206600000000003,16.080001,c
c,ChooseHints,symm,4,EXTRALARGE,37.86270610018075,0.4246923333333334,16.080001,c
c,ChooseHints,symm,5,EXTRALARGE,14.043292872505305,1.1450306666666668,16.080001,c
c,FromPlan,symm,1,EXTRALARGE,1.3778028604145267,11.670755999999999,16.080001,c
c,FromPlan,symm,2,EXTRALARGE,1.5098850042981953,10.649818333333334,16.080001,c
c,FromPlan,symm,3,EXTRALARGE,6.140862126578894,2.618525,16.080001,c
c,FromPlan,symm,4,EXTRALARGE,1.5075894184230416,10.666034666666667,16.080001,c
c,FromPlan,symm,5,EXTRALARGE,2.6368722171475065,6.098134333333333,16.080001,c
c,Naive,symm,1,EXTRALARGE,2.6107209161162,6.159218666666667,16.080001,c
c,Naive,symm,2,EXTRALARGE,2.653995726759053,6.058789333333333,16.080001,c
c,Naive,symm,3,EXTRALARGE,2.6263105010928256,6.122658,16.080001,c
c,Naive,symm,4,EXTRALARGE,0.9927136387424336,16.198025666666666,16.080001,c
c,Naive,symm,5,EXTRALARGE,1.7681873859191153,9.094059333333334,16.080001,c
c,standard,symm,1,EXTRALARGE,1.0,16.080001,16.080001,c
exo,AllHints,symm,2,EXTRALARGE,46.34998947901423,0.3469256666666667,16.080001,c
exo,AllHints,symm,5,EXTRALARGE,39.032002356160525,0.4119696666666666,16.080001,c
exo,ChooseHints,symm,2,EXTRALARGE,1.692460419093029,9.500961333333334,16.080001,c
exo,ChooseHints,symm,3,EXTRALARGE,21.3449735112612,0.753339,16.080001,c
exo,ChooseHints,symm,4,EXTRALARGE,14.11496291311281,1.1392166666666668,16.080001,c
exo,FromPlan,symm,1,EXTRALARGE,1.590248002523035,10.111631000000001,16.080001,c
exo,FromPlan,symm,4,EXTRALARGE,0.580222685218941,27.71349933333333,16.080001,c
exo,Naive,symm,1,EXTRALARGE,0.9932148032562865,16.189852333333334,16.080001,c
exo,Naive,symm,2,EXTRALARGE,37.99269050293057,0.42323933333333336,16.080001,c
exo,Naive,symm,4,EXTRALARGE,20.21497391413665,0.7954500000000001,16.080001,c
exo,Naive,symm,5,EXTRALARGE,21.98048685135013,0.731558,16.080001,c
exo,standard,symm,1,EXTRALARGE,0.9572139480191585,16.798753333333334,16.080001,c
exo,standard,symm,2,EXTRALARGE,0.9796621221909092,16.413823333333337,16.080001,c
exo,standard,symm,3,EXTRALARGE,0.9850475146542145,16.324086666666666,16.080001,c
exo,standard,symm,4,EXTRALARGE,0.9761007887942016,16.473709666666668,16.080001,c
exo,standard,symm,5,EXTRALARGE,0.9815286852554299,16.38260933333333,16.080001,c
halide,ChooseHints,symm,3,EXTRALARGE,72.58392591143678,0.2215366666666667,16.080001,c
halide,ChooseHints,symm,4,EXTRALARGE,83.70727961769514,0.192098,16.080001,c
halide,FromPlan,symm,2,EXTRALARGE,116.50570573616675,0.138019,16.080001,c
halide,FromPlan,symm,3,EXTRALARGE,206.75379841505907,0.07777366666666667,16.080001,c
halide,Naive,symm,3,EXTRALARGE,75.85275854640713,0.21198966666666666,16.080001,c
halide,standard,symm,1,EXTRALARGE,0.6423401520852065,25.033467,16.080001,c
halide,standard,symm,2,EXTRALARGE,1.5735724332569163,10.218786666666666,16.080001,c
halide,standard,symm,3,EXTRALARGE,0.6718441605757581,23.934123333333332,16.080001,c
halide,standard,symm,4,EXTRALARGE,0.641732124824819,25.05718566666667,16.080001,c
halide,standard,symm,5,EXTRALARGE,1.5632992768088552,10.285939,16.080001,c
noarr,AllHints,symm,1,EXTRALARGE,104.0579199634158,0.15452933333333332,16.080001,c
noarr,AllHints,symm,2,EXTRALARGE,1.00222579709512,16.044289666666668,16.080001,c
noarr,AllHints,symm,3,EXTRALARGE,44.25018506372888,0.36338833333333337,16.080001,c
noarr,AllHints,symm,4,EXTRALARGE,103.9567859598008,0.15467966666666666,16.080001,c
noarr,AllHints,symm,5,EXTRALARGE,2.3896453759547494,6.7290323333333335,16.080001,c
noarr,ChooseHints,symm,1,EXTRALARGE,2.5106690677627146,6.404667666666666,16.080001,c
noarr,ChooseHints,symm,2,EXTRALARGE,1.793309861694331,8.966660666666668,16.080001,c
noarr,ChooseHints,symm,3,EXTRALARGE,1.7948531027795551,8.958951,16.080001,c
noarr,ChooseHints,symm,5,EXTRALARGE,1.572816663091639,10.223697,16.080001,c
noarr,FromPlan,symm,1,EXTRALARGE,0.7813197948199926,20.580562666666665,16.080001,c
noarr,FromPlan,symm,2,EXTRALARGE,2.4144534761771435,6.659892666666667,16.080001,c
noarr,FromPlan,symm,3,EXTRALARGE,2.4147314527462007,6.6591260000000005,16.080001,c
noarr,FromPlan,symm,4,EXTRALARGE,2.484413729639873,6.472352333333333,16.080001,c
noarr,FromPlan,symm,5,EXTRALARGE,1.8947764034365209,8.48649,16.080001,c
noarr,Naive,symm,2,EXTRALARGE,2.410618383542553,6.670488,16.080001,c
noarr,Naive,symm,3,EXTRALARGE,1.002024904430115,16.047506333333335,16.080001,c
noarr,Naive,symm,4,EXTRALARGE,2.5098853002260197,6.406667666666666,16.080001,c
noarr,Naive,symm,5,EXTRALARGE,1.0083363533952818,15.947060666666667,16.080001,c
noarr,standard,symm,1,EXTRALARGE,1.0035605385375128,16.022950666666667,16.080001,c
noarr,standard,symm,2,EXTRALARGE,1.000390741317904,16.07372033333333,16.080001,c
noarr,standard,symm,3,EXTRALARGE,0.9796685881288909,16.413715,16.080001,c
noarr,standard,symm,4,EXTRALARGE,0.9934809816777734,16.185514666666666,16.080001,c
noarr,standard,symm,5,EXTRALARGE,0.9975478810545818,16.119528,16.080001,c
c,AllHints,syr2k,1,EXTRALARGE,26.627521224711895,0.8239216666666667,21.938991666666666,c
c,AllHints,syr2k,2,EXTRALARGE,24.79070814209924,0.8849683333333335,21.938991666666666,c
c,AllHints,syr2k,3,EXTRALARGE,25.356957379706873,0.865206,21.938991666666666,c
c,AllHints,syr2k,4,EXTRALARGE,25.390960448926023,0.8640473333333333,21.938991666666666,c
c,AllHints,syr2k,5,EXTRALARGE,27.623712240192123,0.7942086666666667,21.938991666666666,c
c,ChooseHints,syr2k,2,EXTRALARGE,25.077632977193243,0.8748429999999999,21.938991666666666,c
c,ChooseHints,syr2k,3,EXTRALARGE,24.940573000190987,0.8796506666666666,21.938991666666666,c
c,ChooseHints,syr2k,4,EXTRALARGE,24.366874558510585,0.9003613333333332,21.938991666666666,c
c,ChooseHints,syr2k,5,EXTRALARGE,25.093963713116523,0.8742736666666667,21.938991666666666,c
c,FromPlan,syr2k,2,EXTRALARGE,2.0023962623139187,10.956368666666668,21.938991666666666,c
c,FromPlan,syr2k,3,EXTRALARGE,2.0466741198632477,10.719338,21.938991666666666,c
c,FromPlan,syr2k,4,EXTRALARGE,24.504069493190705,0.8953203333333333,21.938991666666666,c
c,FromPlan,syr2k,5,EXTRALARGE,2.007079350946208,10.930804333333333,21.938991666666666,c
c,Naive,syr2k,1,EXTRALARGE,2.017711211298255,10.873207,21.938991666666666,c
c,Naive,syr2k,2,EXTRALARGE,2.003631635089702,10.949613333333332,21.938991666666666,c
c,Naive,syr2k,3,EXTRALARGE,1.8213619770196205,12.045377,21.938991666666666,c
c,Naive,syr2k,4,EXTRALARGE,2.016841337893447,10.877896666666667,21.938991666666666,c
c,Naive,syr2k,5,EXTRALARGE,1.8247455406805684,12.023041666666666,21.938991666666666,c
c,standard,syr2k,1,EXTRALARGE,1.0,21.938991666666666,21.938991666666666,c
exo,AllHints,syr2k,1,EXTRALARGE,16.738662925768935,1.3106776666666666,21.938991666666666,c
exo,AllHints,syr2k,2,EXTRALARGE,16.801269776924943,1.3057936666666665,21.938991666666666,c
exo,AllHints,syr2k,3,EXTRALARGE,19.71950840978914,1.1125526666666667,21.938991666666666,c
exo,AllHints,syr2k,4,EXTRALARGE,24.047623571261806,0.9123143333333333,21.938991666666666,c
exo,AllHints,syr2k,5,EXTRALARGE,22.622391491225088,0.969791,21.938991666666666,c
exo,ChooseHints,syr2k,2,EXTRALARGE,24.00329066614928,0.9139993333333334,21.938991666666666,c
exo,ChooseHints,syr2k,3,EXTRALARGE,17.21703141402481,1.2742609999999999,21.938991666666666,c
exo,ChooseHints,syr2k,4,EXTRALARGE,16.864057204117252,1.300932,21.938991666666666,c
exo,ChooseHints,syr2k,5,EXTRALARGE,24.054127197433814,0.9120676666666667,21.938991666666666,c
exo,FromPlan,syr2k,1,EXTRALARGE,1.0834107945102756,20.249928999999998,21.938991666666666,c
exo,FromPlan,syr2k,2,EXTRALARGE,1.0268398345797638,21.365544,21.938991666666666,c
exo,FromPlan,syr2k,3,EXTRALARGE,2.163966745844792,10.138322,21.938991666666666,c
exo,FromPlan,syr2k,5,EXTRALARGE,28.848494610930672,0.76049,21.938991666666666,c
exo,Naive,syr2k,1,EXTRALARGE,0.9095244675053996,24.121387,21.938991666666666,c
exo,Naive,syr2k,2,EXTRALARGE,25.419418439387616,0.8630800000000001,21.938991666666666,c
exo,Naive,syr2k,3,EXTRALARGE,24.265396072821655,0.9041266666666666,21.938991666666666,c
exo,Naive,syr2k,4,EXTRALARGE,1.6018119218932096,13.696359333333334,21.938991666666666,c
exo,Naive,syr2k,5,EXTRALARGE,17.68884557105454,1.2402726666666666,21.938991666666666,c
exo,standard,syr2k,1,EXTRALARGE,0.9019093429550188,24.325052,21.938991666666666,c
exo,standard,syr2k,2,EXTRALARGE,0.9132119481695793,24.02398666666667,21.938991666666666,c
exo,standard,syr2k,3,EXTRALARGE,0.9217643122110759,23.801085999999998,21.938991666666666,c
exo,standard,syr2k,4,EXTRALARGE,0.9071685348507937,24.18403066666667,21.938991666666666,c
exo,standard,syr2k,5,EXTRALARGE,0.9197325045653011,23.853665666666668,21.938991666666666,c
halide,ChooseHints,syr2k,1,EXTRALARGE,33.97436526134415,0.6457513333333333,21.938991666666666,c
halide,FromPlan,syr2k,1,EXTRALARGE,32.69450198451137,0.67103,21.938991666666666,c
halide,FromPlan,syr2k,2,EXTRALARGE,52.72908805409346,0.41607,21.938991666666666,c
halide,Naive,syr2k,2,EXTRALARGE,33.658809685509375,0.6518053333333333,21.938991666666666,c
halide,Naive,syr2k,4,EXTRALARGE,32.87094887638317,0.667428,21.938991666666666,c
halide,standard,syr2k,2,EXTRALARGE,0.9802268639929311,22.381545,21.938991666666666,c
halide,standard,syr2k,3,EXTRALARGE,0.9762463105219136,22.472803666666668,21.938991666666666,c
halide,standard,syr2k,4,EXTRALARGE,0.9589306193757033,22.87860166666667,21.938991666666666,c
halide,standard,syr2k,5,EXTRALARGE,0.9625194488830057,22.793297,21.938991666666666,c
noarr,AllHints,syr2k,1,EXTRALARGE,0.9938196735359192,22.075425,21.938991666666666,c
noarr,AllHints,syr2k,2,EXTRALARGE,0.9824613483628467,22.330641,21.938991666666666,c
noarr,AllHints,syr2k,3,EXTRALARGE,0.9947476963134199,22.05483033333333,21.938991666666666,c
noarr,AllHints,syr2k,4,EXTRALARGE,1.2588557890317789,17.427724333333334,21.938991666666666,c
noarr,AllHints,syr2k,5,EXTRALARGE,1.2649520135062031,17.343734333333334,21.938991666666666,c
noarr,ChooseHints,syr2k,1,EXTRALARGE,0.9736819369557091,22.531989999999997,21.938991666666666,c
noarr,ChooseHints,syr2k,2,EXTRALARGE,0.8033010404166382,27.311046,21.938991666666666,c
noarr,ChooseHints,syr2k,3,EXTRALARGE,0.9852723162161121,22.266932,21.938991666666666,c
noarr,ChooseHints,syr2k,4,EXTRALARGE,0.9543263805581066,22.988981666666664,21.938991666666666,c
noarr,ChooseHints,syr2k,5,EXTRALARGE,0.9869490162371223,22.22910333333333,21.938991666666666,c
noarr,FromPlan,syr2k,1,EXTRALARGE,0.7560754754694958,29.016933333333338,21.938991666666666,c
noarr,FromPlan,syr2k,2,EXTRALARGE,2.5777043003856748,8.511058333333333,21.938991666666666,c
noarr,FromPlan,syr2k,4,EXTRALARGE,1.7717044238036388,12.382986333333333,21.938991666666666,c
noarr,FromPlan,syr2k,5,EXTRALARGE,1.8822513584533829,11.655718333333333,21.938991666666666,c
noarr,Naive,syr2k,1,EXTRALARGE,0.8031393698404817,27.316543666666664,21.938991666666666,c
noarr,Naive,syr2k,2,EXTRALARGE,2.618252533271774,8.379249666666666,21.938991666666666,c
noarr,Naive,syr2k,3,EXTRALARGE,0.8024722034908462,27.339254333333333,21.938991666666666,c
noarr,Naive,syr2k,4,EXTRALARGE,1.2640868033874013,17.355605333333333,21.938991666666666,c
noarr,Naive,syr2k,5,EXTRALARGE,1.2659595752950887,17.329930666666666,21.938991666666666,c
noarr,standard,syr2k,1,EXTRALARGE,0.9393682702095562,23.355048666666665,21.938991666666666,c
noarr,standard,syr2k,2,EXTRALARGE,0.9413154786193503,23.306736333333333,21.938991666666666,c
noarr,standard,syr2k,3,EXTRALARGE,0.9442476071612836,23.234363000000002,21.938991666666666,c
noarr,standard,syr2k,5,EXTRALARGE,0.9348853133335006,23.467040666666666,21.938991666666666,c
c,AllHints,syrk,1,EXTRALARGE,18.555679223677277,0.42587100000000006,7.902325666666666,c
c,AllHints,syrk,2,EXTRALARGE,21.869622532550316,0.361338,7.902325666666666,c
c,AllHints,syrk,3,EXTRALARGE,22.389489858751617,0.35294800000000004,7.902325666666666,c
c,AllHints,syrk,4,EXTRALARGE,21.296739772937567,0.37105799999999994,7.902325666666666,c
c,AllHints,syrk,5,EXTRALARGE,19.517778591922678,0.4048783333333333,7.902325666666666,c
c,ChooseHints,syrk,1,EXTRALARGE,46.83174178611501,0.16873866666666668,7.902325666666666,c
c,ChooseHints,syrk,2,EXTRALARGE,21.482448024604206,0.36785033333333333,7.902325666666666,c
c,ChooseHints,syrk,3,EXTRALARGE,21.4439924741979,0.36850999999999995,7.902325666666666,c
c,ChooseHints,syrk,4,EXTRALARGE,18.233036537634753,0.43340700000000004,7.902325666666666,c
c,ChooseHints,syrk,5,EXTRALARGE,21.50823332377693,0.3674093333333333,7.902325666666666,c
c,FromPlan,syrk,1,EXTRALARGE,3.3253404174500654,2.376396,7.902325666666666,c
c,FromPlan,syrk,2,EXTRALARGE,3.258253875493817,2.4253253333333333,7.902325666666666,c
c,FromPlan,syrk,3,EXTRALARGE,3.949576420137911,2.0008033333333333,7.902325666666666,c
c,FromPlan,syrk,4,EXTRALARGE,0.8224485907553316,9.608291333333334,7.902325666666666,c
c,FromPlan,syrk,5,EXTRALARGE,0.7988975694848128,9.891537999999999,7.902325666666666,c
c,Naive,syrk,1,EXTRALARGE,21.41948328281208,0.36893166666666666,7.902325666666666,c
c,Naive,syrk,2,EXTRALARGE,0.7781298718298364,10.155535666666667,7.902325666666666,c
c,Naive,syrk,3,EXTRALARGE,0.7981155271242217,9.901230333333332,7.902325666666666,c
c,Naive,syrk,4,EXTRALARGE,0.66582883989007,11.868404,7.902325666666666,c
c,Naive,syrk,5,EXTRALARGE,1.008057151329863,7.839164333333334,7.902325666666666,c
c,standard,syrk,1,EXTRALARGE,1.0,7.902325666666666,7.902325666666666,c
exo,AllHints,syrk,1,EXTRALARGE,18.81524030387591,0.419996,7.902325666666666,c
exo,AllHints,syrk,2,EXTRALARGE,17.574535987172137,0.44964633333333337,7.902325666666666,c
exo,AllHints,syrk,3,EXTRALARGE,18.05837231498853,0.437599,7.902325666666666,c
exo,AllHints,syrk,4,EXTRALARGE,15.83190331624169,0.4991393333333333,7.902325666666666,c
exo,ChooseHints,syrk,1,EXTRALARGE,10.70827587421795,0.7379643333333332,7.902325666666666,c
exo,ChooseHints,syrk,2,EXTRALARGE,9.979872269971656,0.7918263333333333,7.902325666666666,c
exo,ChooseHints,syrk,4,EXTRALARGE,18.52328989324505,0.42661566666666667,7.902325666666666,c
exo,ChooseHints,syrk,5,EXTRALARGE,19.8945454637002,0.39721066666666666,7.902325666666666,c
exo,FromPlan,syrk,2,EXTRALARGE,2.176576463259506,3.6306216666666664,7.902325666666666,c
exo,Naive,syrk,1,EXTRALARGE,13.845236537864045,0.5707613333333333,7.902325666666666,c
exo,Naive,syrk,2,EXTRALARGE,21.28800024424607,0.37121033333333336,7.902325666666666,c
exo,Naive,syrk,4,EXTRALARGE,18.574317320506985,0.4254436666666666,7.902325666666666,c
exo,Naive,syrk,5,EXTRALARGE,0.944748780546804,8.364472999999998,7.902325666666666,c
exo,standard,syrk,1,EXTRALARGE,0.9358397852733719,8.444101000000002,7.902325666666666,c
exo,standard,syrk,2,EXTRALARGE,0.9349319908979408,8.452300000000001,7.902325666666666,c
exo,standard,syrk,3,EXTRALARGE,0.9418876938381683,8.389881,7.902325666666666,c
exo,standard,syrk,4,EXTRALARGE,0.9487557348812042,8.329146666666666,7.902325666666666,c
exo,standard,syrk,5,EXTRALARGE,0.948261214758714,8.333490333333332,7.902325666666666,c
halide,AllHints,syrk,2,EXTRALARGE,33.28191877670895,0.23743599999999998,7.902325666666666,c
halide,AllHints,syrk,3,EXTRALARGE,34.19144023306796,0.23112,7.902325666666666,c
halide,AllHints,syrk,4,EXTRALARGE,19.592154370491823,0.40334133333333333,7.902325666666666,c
halide,ChooseHints,syrk,1,EXTRALARGE,33.500376591682766,0.23588766666666663,7.902325666666666,c
halide,ChooseHints,syrk,3,EXTRALARGE,34.15764517049302,0.23134866666666665,7.902325666666666,c
halide,ChooseHints,syrk,4,EXTRALARGE,69.03483631619716,0.11446866666666666,7.902325666666666,c
halide,FromPlan,syrk,3,EXTRALARGE,28.886182943159707,0.27356766666666665,7.902325666666666,c
halide,FromPlan,syrk,5,EXTRALARGE,41.706722658029875,0.18947366666666665,7.902325666666666,c
halide,Naive,syrk,1,EXTRALARGE,34.11360516417197,0.23164733333333332,7.902325666666666,c
halide,Naive,syrk,2,EXTRALARGE,65.76064898031645,0.120168,7.902325666666666,c
halide,Naive,syrk,5,EXTRALARGE,33.37144864068964,0.23679899999999998,7.902325666666666,c
halide,standard,syrk,1,EXTRALARGE,0.8364355371027808,9.447620666666667,7.902325666666666,c
halide,standard,syrk,2,EXTRALARGE,0.8372958795728108,9.437913,7.902325666666666,c
halide,standard,syrk,3,EXTRALARGE,0.8390833266792724,9.417808,7.902325666666666,c
halide,standard,syrk,4,EXTRALARGE,0.8263326722990866,9.563128666666666,7.902325666666666,c
halide,standard,syrk,5,EXTRALARGE,0.6836194871104281,11.559538333333334,7.902325666666666,c
noarr,AllHints,syrk,1,EXTRALARGE,0.9993790497454504,7.907235666666666,7.902325666666666,c
noarr,AllHints,syrk,2,EXTRALARGE,0.6078004353390544,13.001513666666668,7.902325666666666,c
noarr,AllHints,syrk,3,EXTRALARGE,1.0006545816133225,7.897156333333332,7.902325666666666,c
noarr,AllHints,syrk,4,EXTRALARGE,0.7952175469029369,9.937313000000001,7.902325666666666,c
noarr,AllHints,syrk,5,EXTRALARGE,1.0239437295576566,7.7175389999999995,7.902325666666666,c
noarr,ChooseHints,syrk,1,EXTRALARGE,1.0092158993185796,7.8301636666666665,7.902325666666666,c
noarr,ChooseHints,syrk,2,EXTRALARGE,1.0025234165161738,7.882435,7.902325666666666,c
noarr,ChooseHints,syrk,3,EXTRALARGE,0.9882104095293472,7.996602333333333,7.902325666666666,c
noarr,ChooseHints,syrk,4,EXTRALARGE,0.593534783345198,13.314006,7.902325666666666,c
noarr,FromPlan,syrk,1,EXTRALARGE,0.793229095338186,9.962223666666667,7.902325666666666,c
noarr,FromPlan,syrk,2,EXTRALARGE,0.7953479263900367,9.935684,7.902325666666666,c
noarr,FromPlan,syrk,3,EXTRALARGE,0.7973071795786923,9.911268666666667,7.902325666666666,c
noarr,FromPlan,syrk,5,EXTRALARGE,1.001521188253848,7.8903229999999995,7.902325666666666,c
noarr,Naive,syrk,1,EXTRALARGE,1.013700643352256,7.795522000000001,7.902325666666666,c
noarr,Naive,syrk,2,EXTRALARGE,0.8008213197914329,9.867776333333333,7.902325666666666,c
noarr,Naive,syrk,3,EXTRALARGE,0.5933417267730153,13.318337999999999,7.902325666666666,c
noarr,Naive,syrk,4,EXTRALARGE,0.9737930019758483,8.114995333333333,7.902325666666666,c
noarr,Naive,syrk,5,EXTRALARGE,0.9832960212495341,8.036568333333333,7.902325666666666,c
noarr,standard,syrk,1,EXTRALARGE,0.9808927030109964,8.056258999999999,7.902325666666666,c
noarr,standard,syrk,2,EXTRALARGE,1.0143814066664438,7.790290333333334,7.902325666666666,c
noarr,standard,syrk,4,EXTRALARGE,0.9673912484610967,8.168696666666667,7.902325666666666,c
noarr,standard,syrk,5,EXTRALARGE,0.9748454111699372,8.106234666666667,7.902325666666666,c
c,AllHints,trisolv,3,EXTRALARGE,0.9988196956867575,0.012991,0.012975666666666668,c
c,AllHints,trisolv,4,EXTRALARGE,1.0027304809252726,0.012940333333333333,0.012975666666666668,c
c,AllHints,trisolv,5,EXTRALARGE,1.0101201442769288,0.012845666666666667,0.012975666666666668,c
c,ChooseHints,trisolv,1,EXTRALARGE,1.0050864962561323,0.01291,0.012975666666666668,c
c,ChooseHints,trisolv,3,EXTRALARGE,1.0025238867856499,0.012943000000000001,0.012975666666666668,c
c,FromPlan,trisolv,1,EXTRALARGE,1.0023173777583232,0.012945666666666668,0.012975666666666668,c
c,FromPlan,trisolv,2,EXTRALARGE,2.3322149661494227,0.0055636666666666655,0.012975666666666668,c
c,FromPlan,trisolv,3,EXTRALARGE,2.293736373814154,0.005657,0.012975666666666668,c
c,FromPlan,trisolv,4,EXTRALARGE,2.281369044130575,0.005687666666666667,0.012975666666666668,c
c,FromPlan,trisolv,5,EXTRALARGE,1.0097533137921197,0.012850333333333333,0.012975666666666668,c
c,Naive,trisolv,1,EXTRALARGE,1.0054759137285292,0.012905,0.012975666666666668,c
c,Naive,trisolv,2,EXTRALARGE,1.0116690056655753,0.012825999999999999,0.012975666666666668,c
c,Naive,trisolv,3,EXTRALARGE,1.0247992628669214,0.012661666666666667,0.012975666666666668,c
c,Naive,trisolv,4,EXTRALARGE,0.9951427767978118,0.013039,0.012975666666666668,c
c,standard,trisolv,1,EXTRALARGE,1.0,0.012975666666666668,0.012975666666666668,c
exo,AllHints,trisolv,1,EXTRALARGE,0.9993068747753762,0.012984666666666667,0.012975666666666668,c
exo,AllHints,trisolv,2,EXTRALARGE,0.9975399123593779,0.013007666666666667,0.012975666666666668,c
exo,AllHints,trisolv,3,EXTRALARGE,1.000205555127316,0.012973,0.012975666666666668,c
exo,AllHints,trisolv,4,EXTRALARGE,0.995015592249885,0.013040666666666667,0.012975666666666668,c
exo,AllHints,trisolv,5,EXTRALARGE,1.0085237577076533,0.012866,0.012975666666666668,c
exo,ChooseHints,trisolv,1,EXTRALARGE,0.9984354160254438,0.012996,0.012975666666666668,c
exo,ChooseHints,trisolv,2,EXTRALARGE,0.9909627819357468,0.013094,0.012975666666666668,c
exo,ChooseHints,trisolv,3,EXTRALARGE,1.0003854851973686,0.012970666666666667,0.012975666666666668,c
exo,ChooseHints,trisolv,5,EXTRALARGE,1.0178323963916853,0.012748333333333334,0.012975666666666668,c
exo,FromPlan,trisolv,3,EXTRALARGE,1.0038682724295331,0.012925666666666667,0.012975666666666668,c
exo,FromPlan,trisolv,4,EXTRALARGE,1.003531838102604,0.012929999999999999,0.012975666666666668,c
exo,FromPlan,trisolv,5,EXTRALARGE,0.9954481524101779,0.013035,0.012975666666666668,c
exo,Naive,trisolv,1,EXTRALARGE,0.9857432261331984,0.013163333333333332,0.012975666666666668,c
exo,Naive,trisolv,3,EXTRALARGE,0.9875938705094379,0.013138666666666667,0.012975666666666668,c
exo,Naive,trisolv,4,EXTRALARGE,1.0029113206574949,0.012938,0.012975666666666668,c
exo,Naive,trisolv,5,EXTRALARGE,1.0003340700005139,0.012971333333333335,0.012975666666666668,c
exo,standard,trisolv,1,EXTRALARGE,0.9769116872035537,0.013282333333333333,0.012975666666666668,c
exo,standard,trisolv,2,EXTRALARGE,0.9907105772167363,0.013097333333333334,0.012975666666666668,c
exo,standard,trisolv,3,EXTRALARGE,0.9943293570717006,0.013049666666666666,0.012975666666666668,c
exo,standard,trisolv,4,EXTRALARGE,0.9969778460750418,0.013014999999999999,0.012975666666666668,c
exo,standard,trisolv,5,EXTRALARGE,0.9989478546499693,0.012989333333333334,0.012975666666666668,c
halide,ChooseHints,trisolv,4,EXTRALARGE,0.8525031755069862,0.015220666666666667,0.012975666666666668,c
halide,FromPlan,trisolv,4,EXTRALARGE,0.8778216258879245,0.014781666666666665,0.012975666666666668,c
halide,Naive,trisolv,5,EXTRALARGE,0.7102689486552568,0.018268666666666666,0.012975666666666668,c
halide,standard,trisolv,2,EXTRALARGE,0.6715720102132359,0.019321333333333333,0.012975666666666668,c
halide,standard,trisolv,3,EXTRALARGE,0.6790580026166594,0.019108333333333335,0.012975666666666668,c
noarr,AllHints,trisolv,1,EXTRALARGE,1.0242060673033917,0.012669,0.012975666666666668,c
noarr,AllHints,trisolv,2,EXTRALARGE,1.030987631432582,0.012585666666666667,0.012975666666666668,c
noarr,AllHints,trisolv,3,EXTRALARGE,1.0272873617818596,0.012630999999999998,0.012975666666666668,c
noarr,AllHints,trisolv,4,EXTRALARGE,1.0304418032135958,0.012592333333333332,0.012975666666666668,c
noarr,AllHints,trisolv,5,EXTRALARGE,1.0302508998517894,0.012594666666666665,0.012975666666666668,c
noarr,ChooseHints,trisolv,1,EXTRALARGE,1.0356230711929342,0.012529333333333332,0.012975666666666668,c
noarr,ChooseHints,trisolv,2,EXTRALARGE,1.025798461051966,0.012649333333333334,0.012975666666666668,c
noarr,ChooseHints,trisolv,3,EXTRALARGE,1.0348797022464444,0.012538333333333334,0.012975666666666668,c
noarr,ChooseHints,trisolv,4,EXTRALARGE,1.030550922616684,0.012591,0.012975666666666668,c
noarr,ChooseHints,trisolv,5,EXTRALARGE,1.033176739124665,0.012559,0.012975666666666668,c
noarr,FromPlan,trisolv,1,EXTRALARGE,1.0362847407091897,0.012521333333333334,0.012975666666666668,c
noarr,FromPlan,trisolv,2,EXTRALARGE,1.030114583608987,0.012596333333333334,0.012975666666666668,c
noarr,FromPlan,trisolv,3,EXTRALARGE,1.0340824566996072,0.012547999999999998,0.012975666666666668,c
noarr,FromPlan,trisolv,4,EXTRALARGE,1.0283457494584458,0.012617999999999999,0.012975666666666668,c
noarr,FromPlan,trisolv,5,EXTRALARGE,1.028101312627103,0.012621,0.012975666666666668,c
noarr,Naive,trisolv,1,EXTRALARGE,1.0345221643457,0.012542666666666667,0.012975666666666668,c
noarr,Naive,trisolv,2,EXTRALARGE,1.0372788318055854,0.012509333333333332,0.012975666666666668,c
noarr,Naive,trisolv,3,EXTRALARGE,1.0326011990025996,0.012566,0.012975666666666668,c
noarr,Naive,trisolv,4,EXTRALARGE,1.0321904913425082,0.012570999999999999,0.012975666666666668,c
noarr,Naive,trisolv,5,EXTRALARGE,1.0328751857355127,0.012562666666666666,0.012975666666666668,c
noarr,standard,trisolv,2,EXTRALARGE,1.0279655645927963,0.012622666666666666,0.012975666666666668,c
noarr,standard,trisolv,4,EXTRALARGE,1.0327381741968005,0.012564333333333335,0.012975666666666668,c
noarr,standard,trisolv,5,EXTRALARGE,1.0324916450055701,0.012567333333333333,0.012975666666666668,c
c,AllHints,trmm,1,EXTRALARGE,25.926209999755013,0.36736233333333335,9.524313000000001,c
c,AllHints,trmm,2,EXTRALARGE,2.974015998081504,3.2025090000000005,9.524313000000001,c
c,AllHints,trmm,3,EXTRALARGE,3.2051907531737607,2.971527666666667,9.524313000000001,c
c,AllHints,trmm,4,EXTRALARGE,3.459018538771283,2.7534726666666667,9.524313000000001,c
c,AllHints,trmm,5,EXTRALARGE,44.68431596396847,0.21314666666666668,9.524313000000001,c
c,ChooseHints,trmm,1,EXTRALARGE,3.4478773661746978,2.76237,9.524313000000001,c
c,ChooseHints,trmm,2,EXTRALARGE,3.3917740667437704,2.8080623333333334,9.524313000000001,c
c,ChooseHints,trmm,3,EXTRALARGE,3.419701823577574,2.7851296666666667,9.524313000000001,c
c,ChooseHints,trmm,4,EXTRALARGE,83.884103879938,0.11354133333333334,9.524313000000001,c
c,ChooseHints,trmm,5,EXTRALARGE,3.7070416296746647,2.5692489999999997,9.524313000000001,c
c,FromPlan,trmm,1,EXTRALARGE,7.136529980083712,1.334586,9.524313000000001,c
c,FromPlan,trmm,2,EXTRALARGE,5.292095474621762,1.7997243333333335,9.524313000000001,c
c,FromPlan,trmm,3,EXTRALARGE,3.678012152024656,2.5895273333333333,9.524313000000001,c
c,FromPlan,trmm,4,EXTRALARGE,50.39363486450498,0.18899833333333335,9.524313000000001,c
c,FromPlan,trmm,5,EXTRALARGE,26.656471949211447,0.35729833333333333,9.524313000000001,c
c,Naive,trmm,1,EXTRALARGE,3.4590725578729753,2.753429666666667,9.524313000000001,c
c,Naive,trmm,2,EXTRALARGE,3.413008471919038,2.7905916666666664,9.524313000000001,c
c,Naive,trmm,3,EXTRALARGE,3.42236668066854,2.7829610000000002,9.524313000000001,c
c,Naive,trmm,4,EXTRALARGE,3.791195353589795,2.512219,9.524313000000001,c
c,Naive,trmm,5,EXTRALARGE,3.415976109516144,2.7881673333333334,9.524313000000001,c
c,standard,trmm,1,EXTRALARGE,1.0,9.524313000000001,9.524313000000001,c
exo,AllHints,trmm,1,EXTRALARGE,30.488728760387726,0.312388,9.524313000000001,c
exo,AllHints,trmm,2,EXTRALARGE,19.72498249993442,0.48285533333333336,9.524313000000001,c
exo,AllHints,trmm,3,EXTRALARGE,3.1159681796078735,3.0566143333333335,9.524313000000001,c
exo,AllHints,trmm,4,EXTRALARGE,0.20140576633136892,47.289177333333335,9.524313000000001,c
exo,ChooseHints,trmm,2,EXTRALARGE,2.1282174619375396,4.475253666666667,9.524313000000001,c
exo,ChooseHints,trmm,4,EXTRALARGE,3.339437162277615,2.8520713333333334,9.524313000000001,c
exo,FromPlan,trmm,1,EXTRALARGE,3.2812452198885715,2.902652,9.524313000000001,c
exo,FromPlan,trmm,4,EXTRALARGE,3.2886462219160144,2.896119666666667,9.524313000000001,c
exo,Naive,trmm,2,EXTRALARGE,3.3728410931980566,2.823825,9.524313000000001,c
exo,Naive,trmm,3,EXTRALARGE,2.001304251076842,4.759053000000001,9.524313000000001,c
exo,Naive,trmm,4,EXTRALARGE,0.1861196704289306,51.17305966666667,9.524313000000001,c
exo,Naive,trmm,5,EXTRALARGE,31.307148844318565,0.30422166666666667,9.524313000000001,c
exo,standard,trmm,1,EXTRALARGE,0.9857377011683879,9.662117,9.524313000000001,c
exo,standard,trmm,2,EXTRALARGE,0.9856714940628803,9.662766,9.524313000000001,c
exo,standard,trmm,3,EXTRALARGE,0.987234747254512,9.647465333333335,9.524313000000001,c
exo,standard,trmm,4,EXTRALARGE,0.9916130381931998,9.604868666666666,9.524313000000001,c
exo,standard,trmm,5,EXTRALARGE,0.9855946886429262,9.663518999999999,9.524313000000001,c
halide,AllHints,trmm,2,EXTRALARGE,66.37383184083069,0.143495,9.524313000000001,c
halide,AllHints,trmm,4,EXTRALARGE,53.16429743639362,0.17914866666666665,9.524313000000001,c
halide,standard,trmm,1,EXTRALARGE,0.8410446625310287,11.324384333333333,9.524313000000001,c
halide,standard,trmm,4,EXTRALARGE,0.8658878841137523,10.999476000000001,9.524313000000001,c
halide,standard,trmm,5,EXTRALARGE,2.0306188237551575,4.69035,9.524313000000001,c
noarr,AllHints,trmm,1,EXTRALARGE,53.58745653617205,0.17773399999999998,9.524313000000001,c
noarr,AllHints,trmm,3,EXTRALARGE,3.243247117842165,2.936659666666667,9.524313000000001,c
noarr,AllHints,trmm,4,EXTRALARGE,2.892925191708719,3.2922776666666667,9.524313000000001,c
noarr,AllHints,trmm,5,EXTRALARGE,3.287890885930437,2.896785,9.524313000000001,c
noarr,ChooseHints,trmm,1,EXTRALARGE,3.2585337832544106,2.922883,9.524313000000001,c
noarr,ChooseHints,trmm,2,EXTRALARGE,1.2756897693373137,7.466010333333333,9.524313000000001,c
noarr,ChooseHints,trmm,3,EXTRALARGE,1.2748602973576832,7.470868,9.524313000000001,c
noarr,ChooseHints,trmm,4,EXTRALARGE,3.281397458206394,2.9025173333333334,9.524313000000001,c
noarr,ChooseHints,trmm,5,EXTRALARGE,3.2358989284806263,2.9433283333333335,9.524313000000001,c
noarr,FromPlan,trmm,2,EXTRALARGE,3.9932284215945897,2.385116,9.524313000000001,c
noarr,FromPlan,trmm,3,EXTRALARGE,3.224221967049291,2.9539880000000003,9.524313000000001,c
noarr,FromPlan,trmm,4,EXTRALARGE,3.2739355991327543,2.909132666666667,9.524313000000001,c
noarr,FromPlan,trmm,5,EXTRALARGE,3.2708691351919392,2.9118600000000003,9.524313000000001,c
noarr,Naive,trmm,1,EXTRALARGE,3.2552920968111105,2.925793666666667,9.524313000000001,c
noarr,Naive,trmm,2,EXTRALARGE,3.2296488341398337,2.9490243333333335,9.524313000000001,c
noarr,Naive,trmm,3,EXTRALARGE,1.0177690901303724,9.358029333333333,9.524313000000001,c
noarr,Naive,trmm,4,EXTRALARGE,1.0231209793279208,9.309078,9.524313000000001,c
noarr,Naive,trmm,5,EXTRALARGE,3.268298443994711,2.914150333333333,9.524313000000001,c
noarr,standard,trmm,1,EXTRALARGE,3.2675868031432858,2.9147849999999997,9.524313000000001,c
noarr,standard,trmm,2,EXTRALARGE,1.0203233067330235,9.334603,9.524313000000001,c
noarr,standard,trmm,3,EXTRALARGE,1.0338198721784453,9.212739333333333,9.524313000000001,c
noarr,standard,trmm,4,EXTRALARGE,0.9492096192715512,10.033940666666666,9.524313000000001,c
noarr,standard,trmm,5,EXTRALARGE,1.0079257071836407,9.449419666666666,9.524313000000001,c
c,AllHints,2mm,1,LARGE,114.05160124042857,0.022680333333333334,2.5867283333333333,c
c,AllHints,2mm,2,LARGE,126.22497112835276,0.020493,2.5867283333333333,c
c,AllHints,2mm,3,LARGE,120.21975213013168,0.021516666666666667,2.5867283333333333,c
c,AllHints,2mm,4,LARGE,30.6338005929236,0.08444033333333334,2.5867283333333333,c
c,AllHints,2mm,5,LARGE,97.09698205750608,0.026640666666666663,2.5867283333333333,c
c,ChooseHints,2mm,1,LARGE,134.2244227276658,0.01927166666666667,2.5867283333333333,c
c,ChooseHints,2mm,2,LARGE,141.82920588504066,0.018238333333333332,2.5867283333333333,c
c,ChooseHints,2mm,3,LARGE,140.96612170753858,0.01835,2.5867283333333333,c
c,ChooseHints,2mm,4,LARGE,139.29358654484753,0.01857033333333333,2.5867283333333333,c
c,ChooseHints,2mm,5,LARGE,134.52458135422805,0.019228666666666668,2.5867283333333333,c
c,FromPlan,2mm,1,LARGE,7.526465661804001,0.3436843333333333,2.5867283333333333,c
c,FromPlan,2mm,2,LARGE,5.871246482821339,0.4405756666666667,2.5867283333333333,c
c,FromPlan,2mm,3,LARGE,6.661543295136245,0.38830766666666666,2.5867283333333333,c
c,FromPlan,2mm,4,LARGE,6.702671071667638,0.385925,2.5867283333333333,c
c,FromPlan,2mm,5,LARGE,6.629384387488531,0.39019133333333333,2.5867283333333333,c
c,Naive,2mm,1,LARGE,5.8882689660719345,0.439302,2.5867283333333333,c
c,Naive,2mm,2,LARGE,4.602258136639922,0.5620563333333334,2.5867283333333333,c
c,Naive,2mm,3,LARGE,4.509195110429067,0.5736563333333333,2.5867283333333333,c
c,Naive,2mm,4,LARGE,1.0088102393878227,2.564137666666667,2.5867283333333333,c
c,Naive,2mm,5,LARGE,4.575718373606753,0.5653163333333334,2.5867283333333333,c
c,standard,2mm,1,LARGE,1.0,2.5867283333333333,2.5867283333333333,c
exo,AllHints,2mm,2,LARGE,4.494817182303353,0.5754913333333334,2.5867283333333333,c
exo,AllHints,2mm,3,LARGE,118.13522812038545,0.021896333333333334,2.5867283333333333,c
exo,AllHints,2mm,4,LARGE,105.89194094208831,0.024428000000000002,2.5867283333333333,c
exo,AllHints,2mm,5,LARGE,60.111272918812986,0.04303233333333333,2.5867283333333333,c
exo,ChooseHints,2mm,1,LARGE,38.54000913813483,0.067118,2.5867283333333333,c
exo,ChooseHints,2mm,2,LARGE,47.118522116639845,0.054898333333333334,2.5867283333333333,c
exo,ChooseHints,2mm,3,LARGE,129.15559882830703,0.020028,2.5867283333333333,c
exo,ChooseHints,2mm,4,LARGE,37.81121641045631,0.06841166666666666,2.5867283333333333,c
exo,ChooseHints,2mm,5,LARGE,124.30815192144426,0.020808999999999998,2.5867283333333333,c
exo,FromPlan,2mm,1,LARGE,4.343150522396914,0.595588,2.5867283333333333,c
exo,FromPlan,2mm,3,LARGE,4.492527298978668,0.5757846666666667,2.5867283333333333,c
exo,Naive,2mm,1,LARGE,131.5999355582689,0.019656,2.5867283333333333,c
exo,Naive,2mm,2,LARGE,38.4679845933446,0.06724366666666666,2.5867283333333333,c
exo,Naive,2mm,5,LARGE,39.49846794388908,0.06548933333333333,2.5867283333333333,c
exo,standard,2mm,1,LARGE,0.9857875937523898,2.624022,2.5867283333333333,c
exo,standard,2mm,2,LARGE,0.9830983328265938,2.6311999999999998,2.5867283333333333,c
exo,standard,2mm,3,LARGE,0.9856785339448288,2.6243123333333336,2.5867283333333333,c
exo,standard,2mm,4,LARGE,0.9823133383325476,2.633302666666667,2.5867283333333333,c
exo,standard,2mm,5,LARGE,0.9832823183318355,2.6307076666666664,2.5867283333333333,c
halide,FromPlan,2mm,4,LARGE,60.32904198832319,0.042877,2.5867283333333333,c
halide,standard,2mm,1,LARGE,0.9337610964211691,2.770225,2.5867283333333333,c
halide,standard,2mm,2,LARGE,2.3124363797168406,1.118616,2.5867283333333333,c
halide,standard,2mm,3,LARGE,1.0052891717910146,2.5731186666666668,2.5867283333333333,c
noarr,AllHints,2mm,1,LARGE,3.9633101226451806,0.6526686666666667,2.5867283333333333,c
noarr,AllHints,2mm,2,LARGE,102.46768251620827,0.02524433333333333,2.5867283333333333,c
noarr,AllHints,2mm,3,LARGE,3.894975200240118,0.6641193333333333,2.5867283333333333,c
noarr,AllHints,2mm,4,LARGE,3.956060734280386,0.6538646666666666,2.5867283333333333,c
noarr,AllHints,2mm,5,LARGE,3.8832670708304033,0.6661216666666667,2.5867283333333333,c
noarr,ChooseHints,2mm,1,LARGE,3.891084814601249,0.6647833333333333,2.5867283333333333,c
noarr,ChooseHints,2mm,2,LARGE,3.9265911929063972,0.658772,2.5867283333333333,c
noarr,ChooseHints,2mm,3,LARGE,3.9205347764868503,0.6597896666666666,2.5867283333333333,c
noarr,ChooseHints,2mm,4,LARGE,3.8908272925000076,0.6648273333333333,2.5867283333333333,c
noarr,ChooseHints,2mm,5,LARGE,3.9401722464133098,0.6565013333333334,2.5867283333333333,c
noarr,FromPlan,2mm,1,LARGE,1.0847347767882916,2.3846643333333333,2.5867283333333333,c
noarr,FromPlan,2mm,2,LARGE,0.7975583989479058,3.243309,2.5867283333333333,c
noarr,FromPlan,2mm,3,LARGE,0.9136154775958217,2.8313096666666664,2.5867283333333333,c
noarr,FromPlan,2mm,4,LARGE,1.4165967512515407,1.826016,2.5867283333333333,c
noarr,FromPlan,2mm,5,LARGE,1.102276615688062,2.3467143333333333,2.5867283333333333,c
noarr,Naive,2mm,1,LARGE,3.9639215121387092,0.652568,2.5867283333333333,c
noarr,Naive,2mm,2,LARGE,3.894146474626928,0.6642606666666667,2.5867283333333333,c
noarr,Naive,2mm,3,LARGE,1.113161341574165,2.3237676666666665,2.5867283333333333,c
noarr,Naive,2mm,4,LARGE,3.8928278864304575,0.6644856666666666,2.5867283333333333,c
noarr,Naive,2mm,5,LARGE,3.904314869450068,0.6625306666666667,2.5867283333333333,c
noarr,standard,2mm,1,LARGE,0.9932188829446498,2.604389,2.5867283333333333,c
noarr,standard,2mm,2,LARGE,3.92627729987847,0.6588246666666667,2.5867283333333333,c
noarr,standard,2mm,3,LARGE,0.9903719255651143,2.6118756666666667,2.5867283333333333,c
noarr,standard,2mm,4,LARGE,3.925899900033592,0.658888,2.5867283333333333,c
noarr,standard,2mm,5,LARGE,0.9971489415888959,2.5941243333333333,2.5867283333333333,c
c,AllHints,3mm,1,LARGE,110.96660976766239,0.03515,3.900476333333333,c
c,AllHints,3mm,2,LARGE,114.19704880595704,0.03415566666666667,3.900476333333333,c
c,AllHints,3mm,4,LARGE,98.52009732933689,0.03959066666666666,3.900476333333333,c
c,AllHints,3mm,5,LARGE,85.09944510301594,0.04583433333333333,3.900476333333333,c
c,ChooseHints,3mm,1,LARGE,106.10750006800932,0.03675966666666667,3.900476333333333,c
c,ChooseHints,3mm,2,LARGE,102.21374039133472,0.03816,3.900476333333333,c
c,ChooseHints,3mm,3,LARGE,116.82036818880657,0.03338866666666667,3.900476333333333,c
c,ChooseHints,3mm,4,LARGE,113.40791820120178,0.03439333333333333,3.900476333333333,c
c,FromPlan,3mm,1,LARGE,4.802351551585732,0.8122013333333333,3.900476333333333,c
c,FromPlan,3mm,2,LARGE,86.47739298805723,0.045104,3.900476333333333,c
c,FromPlan,3mm,3,LARGE,6.219337758622431,0.627153,3.900476333333333,c
c,FromPlan,3mm,4,LARGE,6.540034093449586,0.5964,3.900476333333333,c
c,FromPlan,3mm,5,LARGE,6.689237131365146,0.5830973333333334,3.900476333333333,c
c,Naive,3mm,1,LARGE,4.243364206988511,0.9191943333333333,3.900476333333333,c
c,Naive,3mm,2,LARGE,6.279918682301217,0.6211030000000001,3.900476333333333,c
c,Naive,3mm,3,LARGE,4.226892468344622,0.9227763333333333,3.900476333333333,c
c,Naive,3mm,4,LARGE,4.232160637538731,0.9216276666666667,3.900476333333333,c
c,Naive,3mm,5,LARGE,4.156562125910691,0.9383900000000001,3.900476333333333,c
c,standard,3mm,1,LARGE,1.0,3.900476333333333,3.900476333333333,c
exo,AllHints,3mm,3,LARGE,80.40008932252302,0.04851333333333333,3.900476333333333,c
exo,AllHints,3mm,4,LARGE,34.086233465097926,0.11442966666666665,3.900476333333333,c
exo,ChooseHints,3mm,1,LARGE,105.79188666280919,0.03686933333333334,3.900476333333333,c
exo,ChooseHints,3mm,2,LARGE,113.63368778829812,0.034325,3.900476333333333,c
exo,ChooseHints,3mm,3,LARGE,107.72019184740581,0.036209333333333336,3.900476333333333,c
exo,ChooseHints,3mm,4,LARGE,113.21918298629926,0.034450666666666664,3.900476333333333,c
exo,FromPlan,3mm,3,LARGE,4.217915227373738,0.9247403333333333,3.900476333333333,c
exo,FromPlan,3mm,4,LARGE,106.3215333872448,0.036685666666666665,3.900476333333333,c
exo,FromPlan,3mm,5,LARGE,4.212761307812638,0.9258716666666666,3.900476333333333,c
exo,Naive,3mm,1,LARGE,40.17823566979583,0.09707933333333334,3.900476333333333,c
exo,Naive,3mm,2,LARGE,1.3659000000817105,2.855609,3.900476333333333,c
exo,Naive,3mm,3,LARGE,120.0515953626757,0.03249,3.900476333333333,c
exo,Naive,3mm,4,LARGE,4.113247785884143,0.9482716666666667,3.900476333333333,c
exo,Naive,3mm,5,LARGE,39.97468237673416,0.09757366666666667,3.900476333333333,c
exo,standard,3mm,1,LARGE,0.9723456294828383,4.011409333333334,3.900476333333333,c
exo,standard,3mm,2,LARGE,0.9675212998194014,4.031411333333334,3.900476333333333,c
exo,standard,3mm,3,LARGE,0.9734266189185736,4.006954666666666,3.900476333333333,c
exo,standard,3mm,4,LARGE,0.9719194435319394,4.013168333333333,3.900476333333333,c
exo,standard,3mm,5,LARGE,0.9719360736866823,4.013099666666666,3.900476333333333,c
halide,standard,3mm,3,LARGE,2.1153424040913316,1.8438983333333334,3.900476333333333,c
halide,standard,3mm,4,LARGE,2.225763162830262,1.752422,3.900476333333333,c
noarr,AllHints,3mm,1,LARGE,1.029312289605013,3.789400333333333,3.900476333333333,c
noarr,AllHints,3mm,2,LARGE,3.526887272144188,1.105926,3.900476333333333,c
noarr,AllHints,3mm,3,LARGE,101.55286613148189,0.03840833333333333,3.900476333333333,c
noarr,AllHints,3mm,4,LARGE,3.598011864609511,1.0840643333333333,3.900476333333333,c
noarr,AllHints,3mm,5,LARGE,0.9999479577830802,3.900679333333333,3.900476333333333,c
noarr,ChooseHints,3mm,1,LARGE,3.5470860608963335,1.0996283333333332,3.900476333333333,c
noarr,ChooseHints,3mm,2,LARGE,3.6465057185496903,1.0696476666666668,3.900476333333333,c
noarr,ChooseHints,3mm,3,LARGE,1.2619881240928545,3.0907393333333335,3.900476333333333,c
noarr,ChooseHints,3mm,4,LARGE,1.0198307584008321,3.824631,3.900476333333333,c
noarr,ChooseHints,3mm,5,LARGE,3.6792816026628454,1.060119,3.900476333333333,c
noarr,FromPlan,3mm,1,LARGE,1.0298940861285895,3.787259666666667,3.900476333333333,c
noarr,FromPlan,3mm,2,LARGE,1.029302239417778,3.7894373333333333,3.900476333333333,c
noarr,FromPlan,3mm,3,LARGE,3.6780672828091467,1.060469,3.900476333333333,c
noarr,FromPlan,3mm,4,LARGE,1.0290753023155146,3.7902730000000004,3.900476333333333,c
noarr,FromPlan,3mm,5,LARGE,0.9716266523005266,4.014377666666667,3.900476333333333,c
noarr,Naive,3mm,1,LARGE,3.664812977992197,1.0643043333333333,3.900476333333333,c
noarr,Naive,3mm,2,LARGE,3.642846913889257,1.070722,3.900476333333333,c
noarr,Naive,3mm,3,LARGE,3.605360732371939,1.0818546666666666,3.900476333333333,c
noarr,Naive,3mm,4,LARGE,3.614404639711031,1.0791476666666666,3.900476333333333,c
noarr,Naive,3mm,5,LARGE,3.5577716110510953,1.0963256666666668,3.900476333333333,c
noarr,standard,3mm,1,LARGE,0.9421237884821639,4.140089,3.900476333333333,c
noarr,standard,3mm,2,LARGE,0.958224232627776,4.070525666666667,3.900476333333333,c
noarr,standard,3mm,3,LARGE,3.611182125782172,1.0801106666666669,3.900476333333333,c
noarr,standard,3mm,4,LARGE,3.6089212123754226,1.0807873333333333,3.900476333333333,c
noarr,standard,3mm,5,LARGE,0.928621459170247,4.200286666666667,3.900476333333333,c
c,AllHints,adi,1,LARGE,15.138821579096614,0.6876716666666667,10.410538666666667,c
c,AllHints,adi,2,LARGE,16.618316236100906,0.6264496666666667,10.410538666666667,c
c,AllHints,adi,3,LARGE,16.61329516143532,0.626639,10.410538666666667,c
c,AllHints,adi,4,LARGE,14.66147775166629,0.7100606666666667,10.410538666666667,c
c,AllHints,adi,5,LARGE,14.090917130023158,0.7388119999999999,10.410538666666667,c
c,ChooseHints,adi,2,LARGE,16.992469945069775,0.612656,10.410538666666667,c
c,ChooseHints,adi,3,LARGE,0.9981291240606152,10.430052,10.410538666666667,c
c,ChooseHints,adi,4,LARGE,16.73135431778393,0.6222173333333333,10.410538666666667,c
c,ChooseHints,adi,5,LARGE,17.74255481841949,0.5867553333333334,10.410538666666667,c
c,FromPlan,adi,1,LARGE,1.2481948371689593,8.340475666666666,10.410538666666667,c
c,FromPlan,adi,2,LARGE,1.4334266519387369,7.262693666666666,10.410538666666667,c
c,FromPlan,adi,3,LARGE,1.563054760639283,6.66038,10.410538666666667,c
c,FromPlan,adi,4,LARGE,11.548808478302268,0.9014383333333335,10.410538666666667,c
c,FromPlan,adi,5,LARGE,1.1434126638097353,9.104795666666666,10.410538666666667,c
c,Naive,adi,1,LARGE,1.0137080117608712,10.269760666666668,10.410538666666667,c
c,Naive,adi,2,LARGE,0.8851513859313729,11.761308666666666,10.410538666666667,c
c,Naive,adi,3,LARGE,1.252941270865227,8.30888,10.410538666666667,c
c,Naive,adi,4,LARGE,19.19448545092723,0.5423713333333333,10.410538666666667,c
c,Naive,adi,5,LARGE,18.620283910355397,0.5590966666666667,10.410538666666667,c
c,standard,adi,1,LARGE,1.0,10.410538666666667,10.410538666666667,c
exo,AllHints,adi,1,LARGE,16.285882492200336,0.639237,10.410538666666667,c
exo,AllHints,adi,2,LARGE,14.391282550355363,0.723392,10.410538666666667,c
exo,AllHints,adi,3,LARGE,13.96060390009499,0.7457083333333333,10.410538666666667,c
exo,AllHints,adi,5,LARGE,14.949544189341525,0.6963783333333332,10.410538666666667,c
exo,ChooseHints,adi,1,LARGE,17.310017286951762,0.601417,10.410538666666667,c
exo,ChooseHints,adi,2,LARGE,17.100882870215234,0.608772,10.410538666666667,c
exo,ChooseHints,adi,4,LARGE,17.811523567823436,0.5844833333333334,10.410538666666667,c
exo,ChooseHints,adi,5,LARGE,17.367541671879998,0.599425,10.410538666666667,c
exo,FromPlan,adi,2,LARGE,1.0218366279997477,10.188065666666667,10.410538666666667,c
exo,FromPlan,adi,4,LARGE,13.762204235878057,0.7564586666666667,10.410538666666667,c
exo,Naive,adi,1,LARGE,17.59698179203844,0.5916093333333333,10.410538666666667,c
exo,Naive,adi,2,LARGE,17.244099322639563,0.603716,10.410538666666667,c
exo,Naive,adi,4,LARGE,17.318521763481048,0.6011216666666667,10.410538666666667,c
exo,standard,adi,2,LARGE,0.7293396793266602,14.273923333333334,10.410538666666667,c
exo,standard,adi,3,LARGE,0.7447839325008371,13.977931333333332,10.410538666666667,c
exo,standard,adi,4,LARGE,0.7331376788785091,14.199977666666667,10.410538666666667,c
halide,AllHints,adi,1,LARGE,0.09165639941156994,113.58223466666668,10.410538666666667,c
halide,AllHints,adi,3,LARGE,0.13405365625369883,77.65949066666667,10.410538666666667,c
halide,ChooseHints,adi,1,LARGE,0.09372278357520915,111.07799266666666,10.410538666666667,c
halide,ChooseHints,adi,2,LARGE,0.7597323846746141,13.702902333333332,10.410538666666667,c
halide,ChooseHints,adi,3,LARGE,0.4357172076846661,23.892879333333337,10.410538666666667,c
halide,ChooseHints,adi,4,LARGE,0.9193411840949195,11.323912,10.410538666666667,c
halide,FromPlan,adi,3,LARGE,1.0765823770067415,9.669988,10.410538666666667,c
halide,Naive,adi,2,LARGE,0.8413768760918576,12.373217000000002,10.410538666666667,c
halide,Naive,adi,4,LARGE,8.543186128968904,1.218578,10.410538666666667,c
halide,Naive,adi,5,LARGE,0.06315896935339359,164.83072433333334,10.410538666666667,c
halide,standard,adi,1,LARGE,0.8329635731845589,12.498191999999998,10.410538666666667,c
halide,standard,adi,2,LARGE,0.8267114297728039,12.592711666666666,10.410538666666667,c
halide,standard,adi,3,LARGE,0.8326042802229846,12.503585333333334,10.410538666666667,c
halide,standard,adi,5,LARGE,0.8243641671371388,12.628567666666667,10.410538666666667,c
noarr,AllHints,adi,1,LARGE,13.121452654089268,0.7933983333333333,10.410538666666667,c
noarr,AllHints,adi,2,LARGE,13.452144844924996,0.7738943333333334,10.410538666666667,c
noarr,AllHints,adi,3,LARGE,13.118327661479814,0.7935873333333333,10.410538666666667,c
noarr,AllHints,adi,4,LARGE,12.985454797945886,0.8017076666666666,10.410538666666667,c
noarr,AllHints,adi,5,LARGE,1.1030722663907069,9.437766666666667,10.410538666666667,c
noarr,ChooseHints,adi,1,LARGE,13.0547472638908,0.7974523333333333,10.410538666666667,c
noarr,ChooseHints,adi,2,LARGE,1.234918541901983,8.430142,10.410538666666667,c
noarr,ChooseHints,adi,3,LARGE,12.859687603581422,0.8095483333333333,10.410538666666667,c
noarr,ChooseHints,adi,4,LARGE,13.104764718075417,0.7944086666666667,10.410538666666667,c
noarr,ChooseHints,adi,5,LARGE,12.951502595142797,0.8038093333333333,10.410538666666667,c
noarr,FromPlan,adi,1,LARGE,0.8181350540366877,12.724719,10.410538666666667,c
noarr,FromPlan,adi,2,LARGE,12.647072210519328,0.823158,10.410538666666667,c
noarr,FromPlan,adi,3,LARGE,11.241624469262966,0.9260706666666666,10.410538666666667,c
noarr,FromPlan,adi,4,LARGE,1.164762908051034,8.937903666666667,10.410538666666667,c
noarr,FromPlan,adi,5,LARGE,1.0033287072731947,10.376,10.410538666666667,c
noarr,Naive,adi,1,LARGE,0.9225936970525676,11.283990666666668,10.410538666666667,c
noarr,Naive,adi,2,LARGE,0.9413806980162068,11.058797666666669,10.410538666666667,c
noarr,Naive,adi,5,LARGE,0.9254723909837045,11.248891666666665,10.410538666666667,c
noarr,standard,adi,1,LARGE,0.9285466095724784,11.211649,10.410538666666667,c
noarr,standard,adi,3,LARGE,0.8565816666944135,12.153585666666666,10.410538666666667,c
noarr,standard,adi,4,LARGE,0.9411436277205645,11.061583333333333,10.410538666666667,c
noarr,standard,adi,5,LARGE,0.9348002062979048,11.136645666666666,10.410538666666667,c
c,AllHints,atax,1,LARGE,6.605951770138533,0.0012993333333333333,0.008583333333333333,c
c,AllHints,atax,2,LARGE,4.149879129734086,0.002068333333333333,0.008583333333333333,c
c,AllHints,atax,3,LARGE,7.600354191263282,0.0011293333333333333,0.008583333333333333,c
c,AllHints,atax,4,LARGE,6.705729166666667,0.0012799999999999999,0.008583333333333333,c
c,AllHints,atax,5,LARGE,6.533874651103781,0.0013136666666666668,0.008583333333333333,c
c,ChooseHints,atax,1,LARGE,7.53144194208833,0.0011396666666666666,0.008583333333333333,c
c,ChooseHints,atax,2,LARGE,5.802163136547994,0.0014793333333333334,0.008583333333333333,c
c,ChooseHints,atax,3,LARGE,3.2492113564668768,0.0026416666666666667,0.008583333333333333,c
c,ChooseHints,atax,4,LARGE,5.637040280210157,0.0015226666666666667,0.008583333333333333,c
c,ChooseHints,atax,5,LARGE,6.272838002436053,0.0013683333333333334,0.008583333333333333,c
c,FromPlan,atax,1,LARGE,0.8655462184873949,0.009916666666666667,0.008583333333333333,c
c,FromPlan,atax,3,LARGE,1.2437810945273633,0.006901,0.008583333333333333,c
c,FromPlan,atax,4,LARGE,1.0533851503374922,0.008148333333333334,0.008583333333333333,c
c,FromPlan,atax,5,LARGE,1.0522659474479998,0.008157,0.008583333333333333,c
c,Naive,atax,1,LARGE,1.0014389608369307,0.008571,0.008583333333333333,c
c,Naive,atax,2,LARGE,1.02642803045402,0.008362333333333333,0.008583333333333333,c
c,Naive,atax,3,LARGE,1.027205999680868,0.008356,0.008583333333333333,c
c,Naive,atax,4,LARGE,0.9984490112446684,0.008596666666666667,0.008583333333333333,c
c,standard,atax,1,LARGE,1.0,0.008583333333333333,0.008583333333333333,c
exo,AllHints,atax,1,LARGE,0.9892051784410896,0.008676999999999999,0.008583333333333333,c
exo,AllHints,atax,2,LARGE,1.3788487282463184,0.0062250000000000005,0.008583333333333333,c
exo,AllHints,atax,4,LARGE,1.6552034453943563,0.0051856666666666665,0.008583333333333333,c
exo,ChooseHints,atax,1,LARGE,3.5898508294995115,0.0023910000000000003,0.008583333333333333,c
exo,ChooseHints,atax,2,LARGE,1.73353978726269,0.004951333333333334,0.008583333333333333,c
exo,ChooseHints,atax,3,LARGE,0.44264521341515817,0.019391000000000002,0.008583333333333333,c
exo,ChooseHints,atax,4,LARGE,4.03162674181932,0.0021290000000000002,0.008583333333333333,c
exo,ChooseHints,atax,5,LARGE,1.0077883448788698,0.008516999999999999,0.008583333333333333,c
exo,FromPlan,atax,1,LARGE,1.2019791812537926,0.007141000000000001,0.008583333333333333,c
exo,FromPlan,atax,2,LARGE,0.4098882557065996,0.020940666666666666,0.008583333333333333,c
exo,FromPlan,atax,4,LARGE,0.7404957727037441,0.011591333333333334,0.008583333333333333,c
exo,Naive,atax,4,LARGE,1.1733880154932788,0.0073149999999999995,0.008583333333333333,c
exo,standard,atax,1,LARGE,0.9882181371608397,0.008685666666666666,0.008583333333333333,c
exo,standard,atax,2,LARGE,0.9889772247186694,0.008679000000000001,0.008583333333333333,c
exo,standard,atax,3,LARGE,0.9853819072401653,0.008710666666666667,0.008583333333333333,c
exo,standard,atax,4,LARGE,0.986854711991722,0.008697666666666666,0.008583333333333333,c
exo,standard,atax,5,LARGE,0.9954768624115667,0.008622333333333334,0.008583333333333333,c
halide,Naive,atax,2,LARGE,0.07684709070344187,0.11169366666666665,0.008583333333333333,c
halide,standard,atax,1,LARGE,0.5665192616548963,0.015151,0.008583333333333333,c
halide,standard,atax,2,LARGE,0.8707266763601935,0.009857666666666666,0.008583333333333333,c
halide,standard,atax,3,LARGE,0.8708739177489178,0.009856,0.008583333333333333,c
halide,standard,atax,4,LARGE,0.5677183235222789,0.015118999999999999,0.008583333333333333,c
halide,standard,atax,5,LARGE,0.5693627559368505,0.015075333333333335,0.008583333333333333,c
noarr,AllHints,atax,1,LARGE,1.0472162349017853,0.008196333333333333,0.008583333333333333,c
noarr,AllHints,atax,2,LARGE,1.035633848133848,0.008288,0.008583333333333333,c
noarr,AllHints,atax,3,LARGE,1.7234455525065258,0.004980333333333333,0.008583333333333333,c
noarr,AllHints,atax,4,LARGE,1.0444128979922938,0.008218333333333333,0.008583333333333333,c
noarr,AllHints,atax,5,LARGE,1.8042320627802693,0.004757333333333333,0.008583333333333333,c
noarr,ChooseHints,atax,1,LARGE,1.042721198623203,0.008231666666666667,0.008583333333333333,c
noarr,ChooseHints,atax,2,LARGE,1.0388510106104005,0.008262333333333333,0.008583333333333333,c
noarr,ChooseHints,atax,3,LARGE,0.9676813228109732,0.008870000000000001,0.008583333333333333,c
noarr,ChooseHints,atax,4,LARGE,1.0376370083816893,0.008272,0.008583333333333333,c
noarr,ChooseHints,atax,5,LARGE,1.0432703994814034,0.008227333333333333,0.008583333333333333,c
noarr,FromPlan,atax,2,LARGE,0.9995341976554615,0.008587333333333334,0.008583333333333333,c
noarr,FromPlan,atax,4,LARGE,1.0231652560893232,0.008389,0.008583333333333333,c
noarr,Naive,atax,1,LARGE,1.0378879484079,0.00827,0.008583333333333333,c
noarr,Naive,atax,2,LARGE,1.0406563207242159,0.008248,0.008583333333333333,c
noarr,Naive,atax,3,LARGE,1.039060608506174,0.008260666666666666,0.008583333333333333,c
noarr,Naive,atax,4,LARGE,1.0419617205519363,0.008237666666666666,0.008583333333333333,c
noarr,Naive,atax,5,LARGE,1.0477701822916667,0.008192,0.008583333333333333,c
noarr,standard,atax,1,LARGE,1.0344273490539508,0.008297666666666667,0.008583333333333333,c
noarr,standard,atax,2,LARGE,1.0366761946938283,0.008279666666666666,0.008583333333333333,c
noarr,standard,atax,3,LARGE,1.032560750661641,0.008312666666666666,0.008583333333333333,c
noarr,standard,atax,4,LARGE,1.0354256303027867,0.008289666666666666,0.008583333333333333,c
noarr,standard,atax,5,LARGE,1.0363841262175,0.008282,0.008583333333333333,c
c,AllHints,bicg,1,LARGE,12.691996532793992,0.0011536666666666666,0.014642333333333334,c
c,AllHints,bicg,3,LARGE,11.47818134308858,0.0012756666666666667,0.014642333333333334,c
c,AllHints,bicg,4,LARGE,11.544546649145861,0.0012683333333333333,0.014642333333333334,c
c,AllHints,bicg,5,LARGE,12.699335067938712,0.001153,0.014642333333333334,c
c,ChooseHints,bicg,1,LARGE,2.330715763782034,0.006282333333333333,0.014642333333333334,c
c,ChooseHints,bicg,2,LARGE,13.061849539101994,0.0011209999999999998,0.014642333333333334,c
c,ChooseHints,bicg,3,LARGE,13.319284414796845,0.0010993333333333335,0.014642333333333334,c
c,ChooseHints,bicg,4,LARGE,2.3559667471171895,0.006215000000000001,0.014642333333333334,c
c,ChooseHints,bicg,5,LARGE,12.896946564885495,0.0011353333333333335,0.014642333333333334,c
c,FromPlan,bicg,1,LARGE,2.2092742543881707,0.006627666666666667,0.014642333333333334,c
c,FromPlan,bicg,2,LARGE,2.387726259716258,0.006132333333333333,0.014642333333333334,c
c,FromPlan,bicg,3,LARGE,2.1882534621898975,0.006691333333333334,0.014642333333333334,c
c,FromPlan,bicg,4,LARGE,2.206278252134606,0.006636666666666667,0.014642333333333334,c
c,FromPlan,bicg,5,LARGE,2.175142361970785,0.006731666666666666,0.014642333333333334,c
c,Naive,bicg,1,LARGE,2.3895446880269815,0.006127666666666667,0.014642333333333334,c
c,Naive,bicg,2,LARGE,2.3791908140605535,0.006154333333333334,0.014642333333333334,c
c,Naive,bicg,3,LARGE,2.393581081081081,0.006117333333333333,0.014642333333333334,c
c,Naive,bicg,4,LARGE,2.363445604218229,0.006195333333333333,0.014642333333333334,c
c,Naive,bicg,5,LARGE,2.398154719659333,0.006105666666666666,0.014642333333333334,c
c,standard,bicg,1,LARGE,1.0,0.014642333333333334,0.014642333333333334,c
exo,AllHints,bicg,2,LARGE,2.191966067864271,0.006680000000000001,0.014642333333333334,c
exo,AllHints,bicg,3,LARGE,1.0014590885256367,0.014621,0.014642333333333334,c
exo,AllHints,bicg,4,LARGE,2.200200350613574,0.006655,0.014642333333333334,c
exo,AllHints,bicg,5,LARGE,1.5901176470588234,0.009208333333333334,0.014642333333333334,c
exo,ChooseHints,bicg,1,LARGE,2.233992778314601,0.006554333333333333,0.014642333333333334,c
exo,ChooseHints,bicg,2,LARGE,2.0814537528430628,0.007034666666666667,0.014642333333333334,c
exo,ChooseHints,bicg,4,LARGE,0.9978193217181929,0.014674333333333333,0.014642333333333334,c
exo,ChooseHints,bicg,5,LARGE,1.010536244220019,0.014489666666666666,0.014642333333333334,c
exo,FromPlan,bicg,2,LARGE,2.177730405036934,0.006723666666666667,0.014642333333333334,c
exo,Naive,bicg,1,LARGE,1.0381933776086596,0.014103666666666667,0.014642333333333334,c
exo,Naive,bicg,2,LARGE,1.000957046826934,0.014628333333333333,0.014642333333333334,c
exo,Naive,bicg,3,LARGE,2.36535458510581,0.006190333333333333,0.014642333333333334,c
exo,Naive,bicg,4,LARGE,1.0390528905289054,0.014092,0.014642333333333334,c
exo,Naive,bicg,5,LARGE,0.9946111174006566,0.014721666666666668,0.014642333333333334,c
exo,standard,bicg,1,LARGE,0.9989311866102698,0.014658,0.014642333333333334,c
exo,standard,bicg,2,LARGE,0.9992720489547079,0.014653,0.014642333333333334,c
exo,standard,bicg,3,LARGE,0.9998406700960532,0.014644666666666667,0.014642333333333334,c
exo,standard,bicg,4,LARGE,0.900549428020829,0.016259333333333334,0.014642333333333334,c
exo,standard,bicg,5,LARGE,0.8989092843841449,0.016288999999999998,0.014642333333333334,c
halide,AllHints,bicg,5,LARGE,1.3579930132624356,0.010782333333333333,0.014642333333333334,c
halide,FromPlan,bicg,1,LARGE,1.1616289832077218,0.012605,0.014642333333333334,c
halide,FromPlan,bicg,4,LARGE,0.6016737891737892,0.024336,0.014642333333333334,c
halide,standard,bicg,1,LARGE,0.9436317157526155,0.015516999999999998,0.014642333333333334,c
halide,standard,bicg,2,LARGE,1.3188518929954665,0.011102333333333334,0.014642333333333334,c
halide,standard,bicg,3,LARGE,0.9510890746113542,0.015395333333333332,0.014642333333333334,c
halide,standard,bicg,4,LARGE,0.9396149732620321,0.015583333333333333,0.014642333333333334,c
halide,standard,bicg,5,LARGE,0.9581842771136899,0.015281333333333333,0.014642333333333334,c
noarr,AllHints,bicg,1,LARGE,2.2883413211085646,0.006398666666666666,0.014642333333333334,c
noarr,AllHints,bicg,2,LARGE,2.040364159970273,0.007176333333333333,0.014642333333333334,c
noarr,AllHints,bicg,3,LARGE,2.10116712905386,0.006968666666666667,0.014642333333333334,c
noarr,AllHints,bicg,4,LARGE,2.093755958055291,0.006993333333333333,0.014642333333333334,c
noarr,AllHints,bicg,5,LARGE,2.2390030072888525,0.006539666666666667,0.014642333333333334,c
noarr,ChooseHints,bicg,1,LARGE,2.2450679750587756,0.006522,0.014642333333333334,c
noarr,ChooseHints,bicg,2,LARGE,1.1157763722726002,0.013123000000000001,0.014642333333333334,c
noarr,ChooseHints,bicg,3,LARGE,2.124848836646834,0.006891,0.014642333333333334,c
noarr,ChooseHints,bicg,4,LARGE,2.1409006725801736,0.0068393333333333335,0.014642333333333334,c
noarr,ChooseHints,bicg,5,LARGE,2.148544876497921,0.006815000000000001,0.014642333333333334,c
noarr,FromPlan,bicg,2,LARGE,2.4031402155478965,0.006093,0.014642333333333334,c
noarr,FromPlan,bicg,5,LARGE,2.4117162622158776,0.006071333333333334,0.014642333333333334,c
noarr,Naive,bicg,1,LARGE,2.3230736686234073,0.006303,0.014642333333333334,c
noarr,Naive,bicg,2,LARGE,2.2660304359040495,0.006461666666666667,0.014642333333333334,c
noarr,Naive,bicg,3,LARGE,2.263578274760383,0.006468666666666667,0.014642333333333334,c
noarr,Naive,bicg,4,LARGE,2.24897603932009,0.006510666666666667,0.014642333333333334,c
noarr,Naive,bicg,5,LARGE,2.140692007797271,0.00684,0.014642333333333334,c
noarr,standard,bicg,1,LARGE,1.1147570105316584,0.013135,0.014642333333333334,c
noarr,standard,bicg,2,LARGE,1.1151248984565396,0.013130666666666665,0.014642333333333334,c
noarr,standard,bicg,3,LARGE,1.1150116763123161,0.013132,0.014642333333333334,c
noarr,standard,bicg,4,LARGE,1.1145024610544478,0.013137999999999999,0.014642333333333334,c
noarr,standard,bicg,5,LARGE,1.1154930292795653,0.013126333333333332,0.014642333333333334,c
c,AllHints,cholesky,1,LARGE,1.0076025695139819,1.8897996666666668,1.904167,c
c,AllHints,cholesky,2,LARGE,1.0060753733045322,1.8926683333333332,1.904167,c
c,AllHints,cholesky,3,LARGE,1.0032957270937748,1.8979119999999998,1.904167,c
c,AllHints,cholesky,4,LARGE,1.004814489730226,1.8950433333333334,1.904167,c
c,AllHints,cholesky,5,LARGE,1.0058273710010115,1.893135,1.904167,c
c,ChooseHints,cholesky,1,LARGE,1.0026913371696253,1.8990559999999999,1.904167,c
c,ChooseHints,cholesky,3,LARGE,1.0070256442891652,1.890882333333333,1.904167,c
c,ChooseHints,cholesky,5,LARGE,1.0066455334286437,1.8915963333333334,1.904167,c
c,FromPlan,cholesky,1,LARGE,2.8317207192693292,0.6724416666666667,1.904167,c
c,FromPlan,cholesky,2,LARGE,1.0076507357039743,1.8897093333333332,1.904167,c
c,FromPlan,cholesky,3,LARGE,1.0058314443367253,1.8931273333333334,1.904167,c
c,FromPlan,cholesky,4,LARGE,2.6319807373599295,0.7234729999999999,1.904167,c
c,FromPlan,cholesky,5,LARGE,3.7472906355469404,0.508145,1.904167,c
c,Naive,cholesky,1,LARGE,1.009767119902511,1.8857486666666665,1.904167,c
c,Naive,cholesky,2,LARGE,1.0068174527919462,1.8912733333333334,1.904167,c
c,Naive,cholesky,3,LARGE,1.0087897580088179,1.8875756666666668,1.904167,c
c,Naive,cholesky,4,LARGE,1.000158274472096,1.9038656666666667,1.904167,c
c,Naive,cholesky,5,LARGE,1.00622547408404,1.8923860000000001,1.904167,c
c,standard,cholesky,1,LARGE,1.0,1.904167,1.904167,c
exo,AllHints,cholesky,1,LARGE,1.0045588057631154,1.8955256666666667,1.904167,c
exo,AllHints,cholesky,2,LARGE,1.0064204770282472,1.8920193333333335,1.904167,c
exo,AllHints,cholesky,3,LARGE,0.9962210747152596,1.91139,1.904167,c
exo,AllHints,cholesky,5,LARGE,0.9996180016252867,1.9048946666666666,1.904167,c
exo,ChooseHints,cholesky,2,LARGE,1.0058950280708494,1.8930076666666666,1.904167,c
exo,ChooseHints,cholesky,3,LARGE,1.0031618250324523,1.8981653333333333,1.904167,c
exo,ChooseHints,cholesky,4,LARGE,0.9991793175427172,1.905731,1.904167,c
exo,ChooseHints,cholesky,5,LARGE,1.0056432198533742,1.8934816666666665,1.904167,c
exo,FromPlan,cholesky,1,LARGE,1.004375295378591,1.895872,1.904167,c
exo,FromPlan,cholesky,2,LARGE,1.0044183851522284,1.8957906666666666,1.904167,c
exo,FromPlan,cholesky,4,LARGE,1.005087457108945,1.8945286666666667,1.904167,c
exo,FromPlan,cholesky,5,LARGE,1.002012971351643,1.9003416666666666,1.904167,c
exo,Naive,cholesky,1,LARGE,0.4487379174636591,4.243383333333333,1.904167,c
exo,Naive,cholesky,3,LARGE,1.0081433259246946,1.8887859999999999,1.904167,c
exo,Naive,cholesky,4,LARGE,1.004048886846127,1.8964883333333333,1.904167,c
exo,Naive,cholesky,5,LARGE,0.44053917512726665,4.322355666666667,1.904167,c
exo,standard,cholesky,1,LARGE,0.988496241811489,1.926327,1.904167,c
exo,standard,cholesky,2,LARGE,0.990636256292165,1.9221656666666664,1.904167,c
exo,standard,cholesky,3,LARGE,0.990657043522656,1.9221253333333335,1.904167,c
exo,standard,cholesky,4,LARGE,0.9909734263041164,1.9215116666666667,1.904167,c
exo,standard,cholesky,5,LARGE,0.9905926231252224,1.9222503333333334,1.904167,c
halide,AllHints,cholesky,4,LARGE,0.14372484721265175,13.248697333333332,1.904167,c
halide,ChooseHints,cholesky,2,LARGE,1.00172392931732,1.9008899999999997,1.904167,c
halide,Naive,cholesky,1,LARGE,1.004786918371389,1.8950953333333331,1.904167,c
halide,standard,cholesky,1,LARGE,0.9998055520745897,1.904537333333333,1.904167,c
c,AllHints,correlation,1,LARGE,24.33293166593924,0.07026266666666667,1.7096966666666666,c
c,AllHints,correlation,2,LARGE,61.34614694590295,0.027869666666666668,1.7096966666666666,c
c,AllHints,correlation,3,LARGE,24.821019826463992,0.06888100000000001,1.7096966666666666,c
c,AllHints,correlation,4,LARGE,25.918763359627274,0.06596366666666666,1.7096966666666666,c
c,ChooseHints,correlation,1,LARGE,3.8830708199426893,0.44029500000000005,1.7096966666666666,c
c,ChooseHints,correlation,2,LARGE,3.13472096339182,0.5454063333333333,1.7096966666666666,c
c,ChooseHints,correlation,3,LARGE,25.017876566333523,0.068339,1.7096966666666666,c
c,ChooseHints,correlation,5,LARGE,24.173638047479226,0.07072566666666667,1.7096966666666666,c
c,FromPlan,correlation,1,LARGE,3.9021994659200705,0.4381366666666667,1.7096966666666666,c
c,FromPlan,correlation,2,LARGE,3.8771005632242033,0.440973,1.7096966666666666,c
c,FromPlan,correlation,3,LARGE,4.956360825240372,0.34495000000000003,1.7096966666666666,c
c,FromPlan,correlation,4,LARGE,1.195956437077683,1.4295643333333334,1.7096966666666666,c
c,FromPlan,correlation,5,LARGE,3.8727913433419587,0.44146366666666664,1.7096966666666666,c
c,Naive,correlation,1,LARGE,3.9994307792476143,0.42748500000000006,1.7096966666666666,c
c,Naive,correlation,2,LARGE,3.8193250435055854,0.4476436666666667,1.7096966666666666,c
c,Naive,correlation,3,LARGE,3.8535728131414366,0.44366533333333336,1.7096966666666666,c
c,Naive,correlation,4,LARGE,3.849411040688664,0.444145,1.7096966666666666,c
c,Naive,correlation,5,LARGE,3.904430297360274,0.4378863333333333,1.7096966666666666,c
c,standard,correlation,1,LARGE,1.0,1.7096966666666666,1.7096966666666666,c
exo,AllHints,correlation,1,LARGE,20.413801063457193,0.083752,1.7096966666666666,c
exo,AllHints,correlation,2,LARGE,20.58362729399678,0.083061,1.7096966666666666,c
exo,AllHints,correlation,3,LARGE,23.441160474756295,0.07293566666666666,1.7096966666666666,c
exo,AllHints,correlation,4,LARGE,21.674745075832806,0.07887966666666667,1.7096966666666666,c
exo,AllHints,correlation,5,LARGE,3.80051957059106,0.44985866666666663,1.7096966666666666,c
exo,ChooseHints,correlation,1,LARGE,22.52515315869217,0.07590166666666666,1.7096966666666666,c
exo,ChooseHints,correlation,2,LARGE,23.05136467616749,0.074169,1.7096966666666666,c
exo,ChooseHints,correlation,3,LARGE,21.82507903952615,0.07833633333333333,1.7096966666666666,c
exo,ChooseHints,correlation,4,LARGE,21.91497361618492,0.078015,1.7096966666666666,c
exo,ChooseHints,correlation,5,LARGE,22.708955025635124,0.07528733333333333,1.7096966666666666,c
exo,FromPlan,correlation,2,LARGE,3.760274776029677,0.4546733333333333,1.7096966666666666,c
exo,FromPlan,correlation,3,LARGE,3.7868741227917977,0.45147966666666667,1.7096966666666666,c
exo,FromPlan,correlation,4,LARGE,3.7519732443428784,0.4556793333333333,1.7096966666666666,c
exo,Naive,correlation,2,LARGE,3.771079146423236,0.45337066666666664,1.7096966666666666,c
exo,Naive,correlation,3,LARGE,23.192076217347857,0.07371899999999999,1.7096966666666666,c
exo,Naive,correlation,5,LARGE,3.763312419887022,0.4543063333333333,1.7096966666666666,c
exo,standard,correlation,1,LARGE,0.9923862921140051,1.7228136666666665,1.7096966666666666,c
exo,standard,correlation,2,LARGE,1.0016026532924107,1.706961,1.7096966666666666,c
exo,standard,correlation,3,LARGE,0.9998773811976835,1.7099063333333333,1.7096966666666666,c
halide,AllHints,correlation,1,LARGE,38.19157253590868,0.04476633333333333,1.7096966666666666,c
halide,AllHints,correlation,2,LARGE,0.7568144939900776,2.2590696666666665,1.7096966666666666,c
halide,AllHints,correlation,4,LARGE,32.98916888563012,0.051826000000000004,1.7096966666666666,c
halide,Naive,correlation,1,LARGE,37.795323748959156,0.04523566666666667,1.7096966666666666,c
halide,Naive,correlation,2,LARGE,17.06976883498958,0.10015933333333334,1.7096966666666666,c
halide,Naive,correlation,4,LARGE,29.35101573676681,0.058249999999999996,1.7096966666666666,c
halide,Naive,correlation,5,LARGE,29.021688083153684,0.058911,1.7096966666666666,c
halide,standard,correlation,4,LARGE,0.5067277324287413,3.3739946666666665,1.7096966666666666,c
noarr,AllHints,correlation,1,LARGE,1.0090319463469613,1.694393,1.7096966666666666,c
noarr,AllHints,correlation,2,LARGE,1.0021367078833503,1.7060513333333331,1.7096966666666666,c
noarr,AllHints,correlation,3,LARGE,1.0121675041717382,1.689144,1.7096966666666666,c
noarr,AllHints,correlation,4,LARGE,1.0134688816767685,1.6869750000000001,1.7096966666666666,c
noarr,AllHints,correlation,5,LARGE,1.0069442399441824,1.697906,1.7096966666666666,c
noarr,ChooseHints,correlation,1,LARGE,1.0037202947351695,1.7033596666666666,1.7096966666666666,c
noarr,ChooseHints,correlation,2,LARGE,1.0178074482592208,1.679784,1.7096966666666666,c
noarr,ChooseHints,correlation,3,LARGE,0.7273824405954249,2.3504783333333332,1.7096966666666666,c
noarr,ChooseHints,correlation,4,LARGE,2.9857995096133023,0.5726093333333333,1.7096966666666666,c
noarr,ChooseHints,correlation,5,LARGE,1.0020619177045937,1.7061786666666665,1.7096966666666666,c
noarr,FromPlan,correlation,1,LARGE,1.1986148751361534,1.4263936666666666,1.7096966666666666,c
noarr,FromPlan,correlation,2,LARGE,1.1984165944490617,1.4266296666666667,1.7096966666666666,c
noarr,FromPlan,correlation,3,LARGE,1.1982259371999524,1.4268566666666667,1.7096966666666666,c
noarr,FromPlan,correlation,4,LARGE,1.2010716490244069,1.423476,1.7096966666666666,c
noarr,FromPlan,correlation,5,LARGE,1.1983292373418912,1.4267336666666666,1.7096966666666666,c
noarr,Naive,correlation,1,LARGE,1.0240474220073494,1.6695483333333332,1.7096966666666666,c
noarr,Naive,correlation,2,LARGE,1.0235708525503109,1.6703256666666668,1.7096966666666666,c
noarr,Naive,correlation,3,LARGE,2.9589663356420823,0.577802,1.7096966666666666,c
noarr,Naive,correlation,4,LARGE,0.9989052937935552,1.7115703333333334,1.7096966666666666,c
noarr,Naive,correlation,5,LARGE,1.0076736271350804,1.696677,1.7096966666666666,c
noarr,standard,correlation,1,LARGE,1.0128668763982462,1.6879776666666666,1.7096966666666666,c
noarr,standard,correlation,2,LARGE,1.007580787741872,1.6968333333333334,1.7096966666666666,c
noarr,standard,correlation,3,LARGE,1.0037980829730533,1.7032276666666668,1.7096966666666666,c
noarr,standard,correlation,4,LARGE,0.9974514774332751,1.714065,1.7096966666666666,c
noarr,standard,correlation,5,LARGE,0.9984695204471445,1.7123173333333332,1.7096966666666666,c
c,AllHints,covariance,1,LARGE,66.82298693983417,0.025446333333333335,1.7004000000000001,c
c,AllHints,covariance,2,LARGE,24.852261267362042,0.06842033333333333,1.7004000000000001,c
c,AllHints,covariance,3,LARGE,23.43364555531566,0.07256233333333334,1.7004000000000001,c
c,AllHints,covariance,5,LARGE,60.1407670270334,0.02827366666666667,1.7004000000000001,c
c,ChooseHints,covariance,1,LARGE,3.8513574728958417,0.44150666666666666,1.7004000000000001,c
c,ChooseHints,covariance,2,LARGE,25.407672308167392,0.06692466666666667,1.7004000000000001,c
c,ChooseHints,covariance,3,LARGE,3.8458261869310366,0.44214166666666666,1.7004000000000001,c
c,ChooseHints,covariance,4,LARGE,3.8870609606859126,0.43745133333333336,1.7004000000000001,c
c,ChooseHints,covariance,5,LARGE,3.881660046568964,0.43805999999999995,1.7004000000000001,c
c,FromPlan,covariance,1,LARGE,3.6423145962480135,0.46684600000000004,1.7004000000000001,c
c,FromPlan,covariance,2,LARGE,3.8737132425528293,0.4389586666666667,1.7004000000000001,c
c,FromPlan,covariance,3,LARGE,3.8337909001201727,0.44352966666666666,1.7004000000000001,c
c,FromPlan,covariance,4,LARGE,3.769873088625125,0.45104966666666674,1.7004000000000001,c
c,FromPlan,covariance,5,LARGE,3.603771625490899,0.47183899999999995,1.7004000000000001,c
c,Naive,covariance,1,LARGE,1.0051023544599498,1.691768,1.7004000000000001,c
c,Naive,covariance,2,LARGE,1.1826752405134662,1.4377573333333336,1.7004000000000001,c
c,Naive,covariance,3,LARGE,3.841756851404171,0.44261,1.7004000000000001,c
c,Naive,covariance,4,LARGE,1.1838331995452365,1.4363510000000002,1.7004000000000001,c
c,Naive,covariance,5,LARGE,3.8093929480080444,0.4463703333333333,1.7004000000000001,c
c,standard,covariance,1,LARGE,1.0,1.7004000000000001,1.7004000000000001,c
exo,AllHints,covariance,1,LARGE,0.5183655369227224,3.280310666666667,1.7004000000000001,c
exo,AllHints,covariance,3,LARGE,32.12322340539418,0.052933666666666664,1.7004000000000001,c
exo,ChooseHints,covariance,1,LARGE,22.827940195916106,0.07448766666666666,1.7004000000000001,c
exo,ChooseHints,covariance,2,LARGE,3.7724742200950145,0.4507386666666667,1.7004000000000001,c
exo,ChooseHints,covariance,3,LARGE,23.28018181652231,0.07304066666666666,1.7004000000000001,c
exo,ChooseHints,covariance,5,LARGE,21.700862300005532,0.07835633333333333,1.7004000000000001,c
exo,FromPlan,covariance,1,LARGE,3.752954756633995,0.45308299999999996,1.7004000000000001,c
exo,FromPlan,covariance,3,LARGE,3.709971730847413,0.45833233333333334,1.7004000000000001,c
exo,FromPlan,covariance,4,LARGE,3.733846677475196,0.45540166666666665,1.7004000000000001,c
exo,FromPlan,covariance,5,LARGE,3.6857369523091132,0.461346,1.7004000000000001,c
exo,Naive,covariance,1,LARGE,3.761381031172302,0.45206799999999997,1.7004000000000001,c
exo,Naive,covariance,2,LARGE,0.5173470800345426,3.2867683333333333,1.7004000000000001,c
exo,Naive,covariance,3,LARGE,23.643265340174366,0.071919,1.7004000000000001,c
exo,Naive,covariance,5,LARGE,78.09433413450499,0.021773666666666667,1.7004000000000001,c
exo,standard,covariance,1,LARGE,0.9909423918092043,1.7159423333333332,1.7004000000000001,c
exo,standard,covariance,2,LARGE,0.9877637120180436,1.7214643333333335,1.7004000000000001,c
exo,standard,covariance,3,LARGE,0.9857899914836187,1.7249109999999999,1.7004000000000001,c
exo,standard,covariance,4,LARGE,0.9899360768164936,1.7176866666666666,1.7004000000000001,c
exo,standard,covariance,5,LARGE,0.9956375958783275,1.7078503333333332,1.7004000000000001,c
halide,AllHints,covariance,2,LARGE,0.20404677571934568,8.333383333333334,1.7004000000000001,c
halide,ChooseHints,covariance,5,LARGE,15.958455209522768,0.10655166666666667,1.7004000000000001,c
halide,Naive,covariance,4,LARGE,35.656021304703394,0.047689,1.7004000000000001,c
halide,Naive,covariance,5,LARGE,41.95307295650243,0.040531000000000005,1.7004000000000001,c
halide,standard,covariance,2,LARGE,0.4971918678934736,3.420007666666667,1.7004000000000001,c
noarr,AllHints,covariance,1,LARGE,3.863763920479722,0.44008899999999995,1.7004000000000001,c
noarr,AllHints,covariance,2,LARGE,1.0002031307228554,1.7000546666666665,1.7004000000000001,c
noarr,AllHints,covariance,3,LARGE,3.879050753423408,0.43835466666666667,1.7004000000000001,c
noarr,AllHints,covariance,4,LARGE,3.85459650734808,0.44113566666666665,1.7004000000000001,c
noarr,AllHints,covariance,5,LARGE,0.7282251930627601,2.3349919999999997,1.7004000000000001,c
noarr,ChooseHints,covariance,1,LARGE,3.8591747696576815,0.44061233333333333,1.7004000000000001,c
noarr,ChooseHints,covariance,2,LARGE,3.7753890696373227,0.45039066666666666,1.7004000000000001,c
noarr,ChooseHints,covariance,3,LARGE,1.0062395849113772,1.689856,1.7004000000000001,c
noarr,ChooseHints,covariance,4,LARGE,3.8349754694484495,0.4433926666666667,1.7004000000000001,c
noarr,ChooseHints,covariance,5,LARGE,3.7960554123481196,0.44793866666666665,1.7004000000000001,c
noarr,FromPlan,covariance,1,LARGE,1.1900732049460874,1.4288196666666666,1.7004000000000001,c
noarr,FromPlan,covariance,2,LARGE,3.912524265366276,0.4346043333333333,1.7004000000000001,c
noarr,FromPlan,covariance,4,LARGE,0.7804507281957792,2.178741,1.7004000000000001,c
noarr,FromPlan,covariance,5,LARGE,3.862927122198049,0.44018433333333334,1.7004000000000001,c
noarr,Naive,covariance,1,LARGE,1.009391664030004,1.684579,1.7004000000000001,c
noarr,Naive,covariance,2,LARGE,1.0141187790496564,1.6767266666666665,1.7004000000000001,c
noarr,Naive,covariance,3,LARGE,3.8951667770037637,0.436541,1.7004000000000001,c
noarr,Naive,covariance,4,LARGE,3.8841013161721825,0.43778466666666666,1.7004000000000001,c
noarr,Naive,covariance,5,LARGE,3.8928393185012897,0.43680199999999997,1.7004000000000001,c
noarr,standard,covariance,1,LARGE,1.005765822889631,1.690652,1.7004000000000001,c
noarr,standard,covariance,2,LARGE,0.9921405940940679,1.71387,1.7004000000000001,c
noarr,standard,covariance,3,LARGE,0.994349524812736,1.7100626666666667,1.7004000000000001,c
noarr,standard,covariance,4,LARGE,0.9992660060917382,1.701649,1.7004000000000001,c
noarr,standard,covariance,5,LARGE,0.9987903773717159,1.7024593333333335,1.7004000000000001,c
c,AllHints,deriche,1,LARGE,4.436755373187498,0.050528666666666666,0.22418333333333332,c
c,AllHints,deriche,2,LARGE,5.0876370155757105,0.04406433333333334,0.22418333333333332,c
c,AllHints,deriche,3,LARGE,3.789953565954377,0.059152,0.22418333333333332,c
c,AllHints,deriche,4,LARGE,16.929718572219706,0.013241999999999999,0.22418333333333332,c
c,AllHints,deriche,5,LARGE,3.8308840282524494,0.058519999999999996,0.22418333333333332,c
c,ChooseHints,deriche,1,LARGE,2.869130451475839,0.07813633333333334,0.22418333333333332,c
c,ChooseHints,deriche,2,LARGE,4.861467511908806,0.046114333333333334,0.22418333333333332,c
c,ChooseHints,deriche,3,LARGE,4.950535133304871,0.04528466666666667,0.22418333333333332,c
c,ChooseHints,deriche,4,LARGE,5.294668724020657,0.042341333333333335,0.22418333333333332,c
c,ChooseHints,deriche,5,LARGE,0.7199261822771097,0.3113976666666667,0.22418333333333332,c
c,FromPlan,deriche,1,LARGE,1.4933807626889068,0.150118,0.22418333333333332,c
c,FromPlan,deriche,2,LARGE,1.4908383984820068,0.150374,0.22418333333333332,c
c,FromPlan,deriche,3,LARGE,1.4937456134895746,0.15008133333333332,0.22418333333333332,c
c,FromPlan,deriche,4,LARGE,1.4051593196400551,0.159543,0.22418333333333332,c
c,FromPlan,deriche,5,LARGE,1.3857181710292081,0.16178133333333333,0.22418333333333332,c
c,Naive,deriche,1,LARGE,1.6541192500571826,0.13553033333333334,0.22418333333333332,c
c,Naive,deriche,2,LARGE,1.4601067698326373,0.153539,0.22418333333333332,c
c,Naive,deriche,3,LARGE,0.7316019858933692,0.306428,0.22418333333333332,c
c,Naive,deriche,4,LARGE,0.7367843315973174,0.30427266666666664,0.22418333333333332,c
c,Naive,deriche,5,LARGE,0.7360135000558123,0.3045913333333334,0.22418333333333332,c
c,standard,deriche,1,LARGE,1.0,0.22418333333333332,0.22418333333333332,c
exo,AllHints,deriche,1,LARGE,2.9974239669126823,0.074792,0.22418333333333332,c
exo,AllHints,deriche,2,LARGE,4.0401158180551215,0.055489333333333335,0.22418333333333332,c
exo,ChooseHints,deriche,2,LARGE,4.03081773068348,0.05561733333333333,0.22418333333333332,c
exo,FromPlan,deriche,3,LARGE,1.067256774791444,0.21005566666666667,0.22418333333333332,c
exo,Naive,deriche,5,LARGE,1.2028271938562902,0.18638033333333334,0.22418333333333332,c
exo,standard,deriche,3,LARGE,0.8102192067308849,0.2766946666666667,0.22418333333333332,c
exo,standard,deriche,4,LARGE,0.8126755883152584,0.2758583333333333,0.22418333333333332,c
exo,standard,deriche,5,LARGE,0.8131069134942741,0.275712,0.22418333333333332,c
halide,AllHints,deriche,1,LARGE,0.16449275185086445,1.3628766666666667,0.22418333333333332,c
halide,AllHints,deriche,2,LARGE,0.9561144124420686,0.23447333333333334,0.22418333333333332,c
halide,AllHints,deriche,3,LARGE,0.15907036962840373,1.4093343333333335,0.22418333333333332,c
halide,ChooseHints,deriche,2,LARGE,0.6562961690766477,0.3415886666666667,0.22418333333333332,c
halide,ChooseHints,deriche,3,LARGE,0.16027688066468138,1.3987253333333332,0.22418333333333332,c
halide,ChooseHints,deriche,4,LARGE,0.6538695994143319,0.3428563333333334,0.22418333333333332,c
halide,ChooseHints,deriche,5,LARGE,0.6540635478826448,0.3427546666666667,0.22418333333333332,c
halide,FromPlan,deriche,1,LARGE,0.6853789226746235,0.327094,0.22418333333333332,c
halide,FromPlan,deriche,2,LARGE,0.6712109341862983,0.33399833333333334,0.22418333333333332,c
halide,FromPlan,deriche,4,LARGE,0.15896201385762082,1.4102949999999999,0.22418333333333332,c
halide,Naive,deriche,5,LARGE,0.6889822260923013,0.32538333333333336,0.22418333333333332,c
halide,standard,deriche,1,LARGE,0.3821382811590003,0.586655,0.22418333333333332,c
noarr,AllHints,deriche,1,LARGE,2.8531732564059054,0.07857333333333333,0.22418333333333332,c
noarr,AllHints,deriche,2,LARGE,2.9921165259327145,0.07492466666666667,0.22418333333333332,c
noarr,AllHints,deriche,3,LARGE,0.7705642287712446,0.290934,0.22418333333333332,c
noarr,ChooseHints,deriche,2,LARGE,1.1766218679692226,0.19053133333333336,0.22418333333333332,c
noarr,ChooseHints,deriche,4,LARGE,1.4787786306538462,0.15160033333333334,0.22418333333333332,c
noarr,ChooseHints,deriche,5,LARGE,3.327231800529349,0.06737833333333333,0.22418333333333332,c
noarr,FromPlan,deriche,1,LARGE,1.1802228656664036,0.18994999999999998,0.22418333333333332,c
noarr,FromPlan,deriche,2,LARGE,3.3425941572318916,0.06706866666666667,0.22418333333333332,c
noarr,FromPlan,deriche,3,LARGE,1.4320177493122568,0.15655066666666664,0.22418333333333332,c
noarr,FromPlan,deriche,4,LARGE,0.8255956122088226,0.27154133333333336,0.22418333333333332,c
noarr,FromPlan,deriche,5,LARGE,0.7211327107212935,0.3108766666666667,0.22418333333333332,c
noarr,Naive,deriche,1,LARGE,0.5014113026480003,0.4471046666666667,0.22418333333333332,c
noarr,Naive,deriche,3,LARGE,0.7367827172936613,0.30427333333333334,0.22418333333333332,c
noarr,Naive,deriche,4,LARGE,1.1495009229507074,0.19502666666666668,0.22418333333333332,c
noarr,Naive,deriche,5,LARGE,1.709878677554839,0.13111066666666668,0.22418333333333332,c
noarr,standard,deriche,1,LARGE,1.17685452359746,0.19049366666666667,0.22418333333333332,c
noarr,standard,deriche,2,LARGE,1.1704541894793998,0.1915353333333333,0.22418333333333332,c
noarr,standard,deriche,3,LARGE,1.1811846445118075,0.18979533333333332,0.22418333333333332,c
noarr,standard,deriche,4,LARGE,1.1743024114624345,0.19090766666666667,0.22418333333333332,c
noarr,standard,deriche,5,LARGE,0.08314352881138688,2.6963413333333333,0.22418333333333332,c
c,AllHints,doitgen,1,LARGE,263.97442576367513,0.0028153333333333333,0.7431760000000001,c
c,AllHints,doitgen,2,LARGE,278.9350681846616,0.0026643333333333332,0.7431760000000001,c
c,AllHints,doitgen,3,LARGE,279.81024096385545,0.002656,0.7431760000000001,c
c,AllHints,doitgen,4,LARGE,286.7928994082841,0.002591333333333333,0.7431760000000001,c
c,AllHints,doitgen,5,LARGE,258.466032923719,0.0028753333333333335,0.7431760000000001,c
c,ChooseHints,doitgen,1,LARGE,5.731788079470199,0.12965866666666667,0.7431760000000001,c
c,ChooseHints,doitgen,2,LARGE,282.61224489795916,0.002629666666666667,0.7431760000000001,c
c,ChooseHints,doitgen,3,LARGE,187.97133462608548,0.003953666666666667,0.7431760000000001,c
c,ChooseHints,doitgen,4,LARGE,290.11424853610936,0.0025616666666666665,0.7431760000000001,c
c,ChooseHints,doitgen,5,LARGE,285.0694284618336,0.002607,0.7431760000000001,c
c,FromPlan,doitgen,1,LARGE,4.14291049976308,0.179385,0.7431760000000001,c
c,FromPlan,doitgen,2,LARGE,6.588089286030885,0.112806,0.7431760000000001,c
c,FromPlan,doitgen,3,LARGE,5.728371462046002,0.129736,0.7431760000000001,c
c,FromPlan,doitgen,4,LARGE,6.460265303638797,0.11503800000000002,0.7431760000000001,c
c,FromPlan,doitgen,5,LARGE,6.459647628401812,0.115049,0.7431760000000001,c
c,Naive,doitgen,1,LARGE,5.180443056504343,0.143458,0.7431760000000001,c
c,Naive,doitgen,2,LARGE,5.48283239638204,0.135546,0.7431760000000001,c
c,Naive,doitgen,3,LARGE,4.202327413645566,0.17684866666666665,0.7431760000000001,c
c,Naive,doitgen,4,LARGE,5.179961618348846,0.1434713333333333,0.7431760000000001,c
c,Naive,doitgen,5,LARGE,6.456168393984936,0.115111,0.7431760000000001,c
c,standard,doitgen,1,LARGE,1.0,0.7431760000000001,0.7431760000000001,c
exo,AllHints,doitgen,1,LARGE,0.3930192755949818,1.8909403333333332,0.7431760000000001,c
exo,AllHints,doitgen,2,LARGE,101.21795977663778,0.007342333333333333,0.7431760000000001,c
exo,AllHints,doitgen,3,LARGE,133.7609791216703,0.005555999999999999,0.7431760000000001,c
exo,AllHints,doitgen,4,LARGE,125.60013520365052,0.0059169999999999995,0.7431760000000001,c
exo,AllHints,doitgen,5,LARGE,114.26445264452647,0.006503999999999999,0.7431760000000001,c
exo,ChooseHints,doitgen,1,LARGE,143.64589910443917,0.005173666666666667,0.7431760000000001,c
exo,ChooseHints,doitgen,2,LARGE,97.15142271994424,0.007649666666666667,0.7431760000000001,c
exo,ChooseHints,doitgen,3,LARGE,140.67310240393715,0.005283,0.7431760000000001,c
exo,ChooseHints,doitgen,4,LARGE,5.535376808067969,0.1342593333333333,0.7431760000000001,c
exo,FromPlan,doitgen,2,LARGE,5.643346023003403,0.13169066666666665,0.7431760000000001,c
exo,FromPlan,doitgen,4,LARGE,5.7093163502830935,0.130169,0.7431760000000001,c
exo,FromPlan,doitgen,5,LARGE,5.717618095091554,0.12997999999999998,0.7431760000000001,c
exo,Naive,doitgen,2,LARGE,3.3686456235353495,0.22061566666666665,0.7431760000000001,c
exo,Naive,doitgen,3,LARGE,2.023749139951456,0.36722733333333335,0.7431760000000001,c
exo,Naive,doitgen,4,LARGE,1.0752626149460351,0.6911576666666667,0.7431760000000001,c
exo,Naive,doitgen,5,LARGE,5.520150338335533,0.13462966666666668,0.7431760000000001,c
exo,standard,doitgen,1,LARGE,0.8722647927130518,0.8520073333333333,0.7431760000000001,c
exo,standard,doitgen,2,LARGE,0.8546385263679221,0.8695793333333333,0.7431760000000001,c
exo,standard,doitgen,3,LARGE,0.8615174882569241,0.8626360000000001,0.7431760000000001,c
exo,standard,doitgen,4,LARGE,0.8637517075298677,0.8604046666666667,0.7431760000000001,c
exo,standard,doitgen,5,LARGE,0.8567278517785286,0.8674586666666667,0.7431760000000001,c
halide,AllHints,doitgen,1,LARGE,72.8508691674291,0.010201333333333333,0.7431760000000001,c
halide,AllHints,doitgen,3,LARGE,5.494479712945074,0.13525866666666667,0.7431760000000001,c
halide,ChooseHints,doitgen,1,LARGE,78.10025571863945,0.009515666666666667,0.7431760000000001,c
halide,ChooseHints,doitgen,2,LARGE,5.585703584375761,0.13304966666666665,0.7431760000000001,c
halide,ChooseHints,doitgen,4,LARGE,76.20233782213413,0.009752666666666666,0.7431760000000001,c
halide,ChooseHints,doitgen,5,LARGE,77.44912634175148,0.009595666666666667,0.7431760000000001,c
halide,FromPlan,doitgen,1,LARGE,58.5546801134573,0.012692,0.7431760000000001,c
halide,Naive,doitgen,1,LARGE,78.08657887363407,0.009517333333333334,0.7431760000000001,c
halide,Naive,doitgen,2,LARGE,5.171790839120934,0.14369800000000002,0.7431760000000001,c
halide,Naive,doitgen,4,LARGE,5.439996096037478,0.13661333333333334,0.7431760000000001,c
halide,Naive,doitgen,5,LARGE,5.246207459662713,0.14165966666666666,0.7431760000000001,c
halide,standard,doitgen,3,LARGE,1.0794848169546951,0.6884543333333334,0.7431760000000001,c
halide,standard,doitgen,4,LARGE,2.246335079061539,0.3308393333333333,0.7431760000000001,c
halide,standard,doitgen,5,LARGE,2.1601169616706377,0.34404433333333334,0.7431760000000001,c
noarr,AllHints,doitgen,1,LARGE,3.7881387465912284,0.19618499999999997,0.7431760000000001,c
noarr,AllHints,doitgen,2,LARGE,3.8336629032646337,0.19385533333333335,0.7431760000000001,c
noarr,AllHints,doitgen,3,LARGE,4.955585883147886,0.14996733333333334,0.7431760000000001,c
noarr,AllHints,doitgen,4,LARGE,3.800614704844509,0.195541,0.7431760000000001,c
noarr,AllHints,doitgen,5,LARGE,3.843205394727316,0.19337400000000002,0.7431760000000001,c
noarr,ChooseHints,doitgen,1,LARGE,4.953923204600347,0.1500176666666667,0.7431760000000001,c
noarr,ChooseHints,doitgen,2,LARGE,3.8442126316878467,0.19332333333333332,0.7431760000000001,c
noarr,ChooseHints,doitgen,3,LARGE,3.8362156925835245,0.19372633333333333,0.7431760000000001,c
noarr,ChooseHints,doitgen,4,LARGE,3.8348036526067566,0.19379766666666667,0.7431760000000001,c
noarr,ChooseHints,doitgen,5,LARGE,3.8384744773490667,0.19361233333333336,0.7431760000000001,c
noarr,FromPlan,doitgen,1,LARGE,4.993131311321579,0.14883966666666668,0.7431760000000001,c
noarr,FromPlan,doitgen,2,LARGE,4.075286290064615,0.18236166666666667,0.7431760000000001,c
noarr,FromPlan,doitgen,3,LARGE,4.265781951348312,0.17421799999999998,0.7431760000000001,c
noarr,FromPlan,doitgen,4,LARGE,3.4764347617280453,0.21377533333333332,0.7431760000000001,c
noarr,FromPlan,doitgen,5,LARGE,3.8348630165260826,0.19379466666666667,0.7431760000000001,c
noarr,Naive,doitgen,1,LARGE,3.837351357212564,0.193669,0.7431760000000001,c
noarr,Naive,doitgen,2,LARGE,4.607995634911613,0.16127966666666668,0.7431760000000001,c
noarr,Naive,doitgen,3,LARGE,3.838018543447649,0.19363533333333335,0.7431760000000001,c
noarr,Naive,doitgen,4,LARGE,3.8364005224115596,0.193717,0.7431760000000001,c
noarr,Naive,doitgen,5,LARGE,3.834038682118419,0.19383633333333336,0.7431760000000001,c
noarr,standard,doitgen,1,LARGE,1.0528391591748152,0.7058779999999999,0.7431760000000001,c
noarr,standard,doitgen,2,LARGE,1.056584745847051,0.7033756666666666,0.7431760000000001,c
noarr,standard,doitgen,3,LARGE,1.0481237668422843,0.7090536666666667,0.7431760000000001,c
noarr,standard,doitgen,5,LARGE,1.0555377754211208,0.7040733333333334,0.7431760000000001,c
c,AllHints,durbin,1,LARGE,0.07179586453884407,0.055100666666666666,0.003956,c
c,AllHints,durbin,3,LARGE,0.7976878612716765,0.004959333333333333,0.003956,c
c,AllHints,durbin,4,LARGE,1.011764705882353,0.00391,0.003956,c
c,AllHints,durbin,5,LARGE,1.0092694957054174,0.003919666666666666,0.003956,c
c,ChooseHints,durbin,1,LARGE,0.9890000000000001,0.004,0.003956,c
c,ChooseHints,durbin,2,LARGE,0.8008637559889333,0.004939666666666666,0.003956,c
c,ChooseHints,durbin,3,LARGE,0.7952824499095357,0.004974333333333333,0.003956,c
c,ChooseHints,durbin,4,LARGE,0.9845694375311101,0.004018,0.003956,c
c,ChooseHints,durbin,5,LARGE,0.8047738523089443,0.004915666666666666,0.003956,c
c,FromPlan,durbin,1,LARGE,1.0115922263893626,0.0039106666666666665,0.003956,c
c,FromPlan,durbin,2,LARGE,1.013752455795678,0.0039023333333333327,0.003956,c
c,FromPlan,durbin,3,LARGE,1.009612930667801,0.0039183333333333336,0.003956,c
c,FromPlan,durbin,4,LARGE,0.9974785678265256,0.003966,0.003956,c
c,FromPlan,durbin,5,LARGE,1.010300502255895,0.003915666666666667,0.003956,c
c,Naive,durbin,1,LARGE,1.0114198056928585,0.0039113333333333335,0.003956,c
c,Naive,durbin,2,LARGE,0.7990842984109885,0.004950666666666667,0.003956,c
c,Naive,durbin,3,LARGE,0.9904030710172745,0.003994333333333333,0.003956,c
c,Naive,durbin,4,LARGE,1.0045708481462674,0.003938,0.003956,c
c,Naive,durbin,5,LARGE,0.9932211900577456,0.0039829999999999996,0.003956,c
c,standard,durbin,1,LARGE,1.0,0.003956,0.003956,c
exo,AllHints,durbin,1,LARGE,0.9786426981116517,0.0040423333333333335,0.003956,c
exo,AllHints,durbin,2,LARGE,0.8693231760914152,0.004550666666666667,0.003956,c
exo,AllHints,durbin,3,LARGE,0.03644078985749773,0.10855966666666667,0.003956,c
exo,ChooseHints,durbin,1,LARGE,0.9276223229638894,0.004264666666666667,0.003956,c
exo,ChooseHints,durbin,2,LARGE,0.6150497512437811,0.006432,0.003956,c
exo,ChooseHints,durbin,3,LARGE,0.6732853009587565,0.005875666666666667,0.003956,c
exo,ChooseHints,durbin,4,LARGE,0.002467518696631176,1.60323,0.003956,c
exo,FromPlan,durbin,2,LARGE,0.7201893318769342,0.0054930000000000005,0.003956,c
exo,FromPlan,durbin,5,LARGE,0.8748341441839894,0.004522,0.003956,c
exo,Naive,durbin,3,LARGE,0.8283082077051928,0.004776,0.003956,c
exo,Naive,durbin,4,LARGE,0.9789656025736204,0.004041,0.003956,c
exo,standard,durbin,1,LARGE,0.8691321860124498,0.0045516666666666665,0.003956,c
exo,standard,durbin,2,LARGE,0.8664038545773107,0.004566,0.003956,c
exo,standard,durbin,3,LARGE,0.8684326064686083,0.004555333333333333,0.003956,c
exo,standard,durbin,4,LARGE,0.8678610603290676,0.0045583333333333335,0.003956,c
exo,standard,durbin,5,LARGE,0.8691958400468728,0.0045513333333333334,0.003956,c
halide,FromPlan,durbin,3,LARGE,0.1629369285263187,0.024279333333333333,0.003956,c
halide,standard,durbin,4,LARGE,0.5377922784121806,0.0073560000000000006,0.003956,c
noarr,AllHints,durbin,1,LARGE,1.0471148755955533,0.003778,0.003956,c
noarr,AllHints,durbin,2,LARGE,0.8919954904171363,0.004435000000000001,0.003956,c
noarr,AllHints,durbin,3,LARGE,1.0471148755955533,0.003778,0.003956,c
noarr,AllHints,durbin,4,LARGE,1.8847070033349214,0.002099,0.003956,c
noarr,AllHints,durbin,5,LARGE,1.0466531440162272,0.003779666666666667,0.003956,c
noarr,ChooseHints,durbin,1,LARGE,0.7785868923440269,0.005081,0.003956,c
noarr,ChooseHints,durbin,2,LARGE,1.0488731771984092,0.0037716666666666667,0.003956,c
noarr,ChooseHints,durbin,3,LARGE,1.0064450474898237,0.0039306666666666665,0.003956,c
noarr,ChooseHints,durbin,4,LARGE,0.9380335124881443,0.004217333333333333,0.003956,c
noarr,ChooseHints,durbin,5,LARGE,0.8996361431170408,0.004397333333333333,0.003956,c
noarr,FromPlan,durbin,1,LARGE,1.047392110140323,0.0037770000000000004,0.003956,c
noarr,FromPlan,durbin,2,LARGE,1.045362459261869,0.0037843333333333336,0.003956,c
noarr,FromPlan,durbin,3,LARGE,1.049429657794677,0.0037696666666666664,0.003956,c
noarr,FromPlan,durbin,4,LARGE,1.047022496691663,0.003778333333333333,0.003956,c
noarr,FromPlan,durbin,5,LARGE,1.048132120462775,0.003774333333333333,0.003956,c
noarr,Naive,durbin,1,LARGE,0.9407847800237814,0.0042049999999999995,0.003956,c
noarr,Naive,durbin,2,LARGE,0.9046421221129661,0.004372999999999999,0.003956,c
noarr,Naive,durbin,3,LARGE,1.0471148755955533,0.003778,0.003956,c
noarr,Naive,durbin,4,LARGE,1.0472996823155665,0.0037773333333333335,0.003956,c
noarr,Naive,durbin,5,LARGE,1.046191819464034,0.003781333333333333,0.003956,c
noarr,standard,durbin,1,LARGE,0.9034713763702802,0.004378666666666667,0.003956,c
noarr,standard,durbin,2,LARGE,0.8980703745743474,0.004405,0.003956,c
noarr,standard,durbin,3,LARGE,0.9038842345773039,0.004376666666666667,0.003956,c
noarr,standard,durbin,5,LARGE,0.9034026033340946,0.004379,0.003956,c
c,AllHints,fdtd-2d,1,LARGE,13.514753621413043,0.13061199999999998,1.7651890000000001,c
c,AllHints,fdtd-2d,2,LARGE,8.104769134466604,0.21779633333333334,1.7651890000000001,c
c,AllHints,fdtd-2d,4,LARGE,8.492841597798353,0.20784433333333333,1.7651890000000001,c
c,ChooseHints,fdtd-2d,2,LARGE,15.281830853007124,0.11550900000000001,1.7651890000000001,c
c,ChooseHints,fdtd-2d,3,LARGE,15.271298224162692,0.11558866666666667,1.7651890000000001,c
c,ChooseHints,fdtd-2d,5,LARGE,15.165809415255259,0.11639266666666666,1.7651890000000001,c
c,FromPlan,fdtd-2d,1,LARGE,0.8424412239431955,2.095326,1.7651890000000001,c
c,FromPlan,fdtd-2d,2,LARGE,0.6422818540418853,2.7483090000000003,1.7651890000000001,c
c,FromPlan,fdtd-2d,3,LARGE,0.6544847488629623,2.6970666666666667,1.7651890000000001,c
c,FromPlan,fdtd-2d,5,LARGE,0.6576273186021546,2.684178333333333,1.7651890000000001,c
c,Naive,fdtd-2d,1,LARGE,1.526626620191461,1.1562676666666667,1.7651890000000001,c
c,Naive,fdtd-2d,2,LARGE,0.9983677163016277,1.7680749999999998,1.7651890000000001,c
c,Naive,fdtd-2d,3,LARGE,1.501967664779694,1.175251,1.7651890000000001,c
c,Naive,fdtd-2d,4,LARGE,1.021308639403828,1.7283600000000001,1.7651890000000001,c
c,Naive,fdtd-2d,5,LARGE,0.8673662945280207,2.0351136666666667,1.7651890000000001,c
c,standard,fdtd-2d,1,LARGE,1.0,1.7651890000000001,1.7651890000000001,c
exo,AllHints,fdtd-2d,3,LARGE,10.799829913243517,0.163446,1.7651890000000001,c
exo,AllHints,fdtd-2d,4,LARGE,10.822630056917465,0.16310166666666667,1.7651890000000001,c
exo,AllHints,fdtd-2d,5,LARGE,11.533464155348602,0.15304933333333334,1.7651890000000001,c
exo,ChooseHints,fdtd-2d,4,LARGE,11.62287320901812,0.151872,1.7651890000000001,c
exo,FromPlan,fdtd-2d,2,LARGE,0.519943056867138,3.394966,1.7651890000000001,c
exo,FromPlan,fdtd-2d,4,LARGE,0.5128942531097967,3.4416236666666666,1.7651890000000001,c
exo,Naive,fdtd-2d,1,LARGE,11.824843580433823,0.149278,1.7651890000000001,c
exo,Naive,fdtd-2d,2,LARGE,12.63520729542461,0.13970400000000002,1.7651890000000001,c
exo,Naive,fdtd-2d,3,LARGE,0.9755116604912368,1.8095006666666666,1.7651890000000001,c
exo,standard,fdtd-2d,1,LARGE,1.0024263882308246,1.7609163333333333,1.7651890000000001,c
exo,standard,fdtd-2d,2,LARGE,0.9967869063894258,1.770879,1.7651890000000001,c
exo,standard,fdtd-2d,3,LARGE,1.0076627448458195,1.7517656666666666,1.7651890000000001,c
exo,standard,fdtd-2d,4,LARGE,1.0056876514779463,1.755206,1.7651890000000001,c
exo,standard,fdtd-2d,5,LARGE,0.9858818956171769,1.7904670000000003,1.7651890000000001,c
halide,AllHints,fdtd-2d,1,LARGE,0.4167737609391398,4.235365000000001,1.7651890000000001,c
halide,AllHints,fdtd-2d,5,LARGE,0.31229522379233127,5.652308666666666,1.7651890000000001,c
halide,ChooseHints,fdtd-2d,1,LARGE,0.25993299109951223,6.7909386666666665,1.7651890000000001,c
halide,ChooseHints,fdtd-2d,5,LARGE,0.1751415228457824,10.078643666666666,1.7651890000000001,c
halide,FromPlan,fdtd-2d,4,LARGE,0.16054767605366285,10.994796333333333,1.7651890000000001,c
halide,FromPlan,fdtd-2d,5,LARGE,1.6058452573656286,1.0992273333333333,1.7651890000000001,c
halide,Naive,fdtd-2d,1,LARGE,0.15975746134532273,11.049180333333334,1.7651890000000001,c
halide,Naive,fdtd-2d,3,LARGE,1.4542160472790675,1.2138423333333332,1.7651890000000001,c
halide,Naive,fdtd-2d,5,LARGE,0.3309630499788819,5.333492666666667,1.7651890000000001,c
halide,standard,fdtd-2d,1,LARGE,0.34633585487236485,5.096755000000001,1.7651890000000001,c
halide,standard,fdtd-2d,3,LARGE,0.3342784499523539,5.2805946666666665,1.7651890000000001,c
halide,standard,fdtd-2d,5,LARGE,0.3382159158928238,5.219118666666667,1.7651890000000001,c
noarr,AllHints,fdtd-2d,1,LARGE,6.9747342772472845,0.2530833333333333,1.7651890000000001,c
noarr,AllHints,fdtd-2d,4,LARGE,11.645519319156424,0.15157666666666667,1.7651890000000001,c
noarr,AllHints,fdtd-2d,5,LARGE,0.9924787722243652,1.7785659999999999,1.7651890000000001,c
noarr,ChooseHints,fdtd-2d,1,LARGE,14.184681113224226,0.12444333333333334,1.7651890000000001,c
noarr,ChooseHints,fdtd-2d,3,LARGE,8.885969725495725,0.198649,1.7651890000000001,c
noarr,ChooseHints,fdtd-2d,5,LARGE,11.126379617898632,0.158649,1.7651890000000001,c
noarr,FromPlan,fdtd-2d,2,LARGE,0.4937665270530842,3.574946666666667,1.7651890000000001,c
noarr,FromPlan,fdtd-2d,3,LARGE,1.037209607508633,1.701863333333333,1.7651890000000001,c
noarr,FromPlan,fdtd-2d,5,LARGE,0.4623359636079717,3.817979,1.7651890000000001,c
noarr,Naive,fdtd-2d,1,LARGE,0.9837566563657287,1.7943350000000002,1.7651890000000001,c
noarr,Naive,fdtd-2d,2,LARGE,0.9780934225781113,1.8047243333333334,1.7651890000000001,c
noarr,Naive,fdtd-2d,3,LARGE,0.9872414338244343,1.788001333333333,1.7651890000000001,c
noarr,Naive,fdtd-2d,4,LARGE,0.8548230100495114,2.064976,1.7651890000000001,c
noarr,standard,fdtd-2d,1,LARGE,0.9726727507766774,1.8147820000000001,1.7651890000000001,c
noarr,standard,fdtd-2d,2,LARGE,0.9757063163909033,1.8091396666666668,1.7651890000000001,c
noarr,standard,fdtd-2d,3,LARGE,0.9955882958424962,1.7730110000000001,1.7651890000000001,c
noarr,standard,fdtd-2d,4,LARGE,0.9897488325671935,1.7834716666666666,1.7651890000000001,c
noarr,standard,fdtd-2d,5,LARGE,0.9832647504557442,1.7952326666666665,1.7651890000000001,c
c,AllHints,floyd-warshall,1,LARGE,29.175170413392816,0.7763963333333334,22.651495333333333,c
c,AllHints,floyd-warshall,2,LARGE,28.091347278729618,0.8063513333333333,22.651495333333333,c
c,AllHints,floyd-warshall,3,LARGE,21.29778671212402,1.063561,22.651495333333333,c
c,AllHints,floyd-warshall,4,LARGE,51.029178953786904,0.44389300000000004,22.651495333333333,c
c,AllHints,floyd-warshall,5,LARGE,29.41028205606498,0.7701896666666667,22.651495333333333,c
c,ChooseHints,floyd-warshall,1,LARGE,19.12292117036371,1.1845206666666666,22.651495333333333,c
c,ChooseHints,floyd-warshall,2,LARGE,1.510861129323376,14.992440333333334,22.651495333333333,c
c,ChooseHints,floyd-warshall,3,LARGE,0.7507275389801831,30.172724666666667,22.651495333333333,c
c,ChooseHints,floyd-warshall,4,LARGE,43.52976227080323,0.5203679999999999,22.651495333333333,c
c,ChooseHints,floyd-warshall,5,LARGE,49.74210913115532,0.45537866666666665,22.651495333333333,c
c,FromPlan,floyd-warshall,1,LARGE,1.5872553607091076,14.270857666666666,22.651495333333333,c
c,FromPlan,floyd-warshall,2,LARGE,1.133888981792864,19.976819333333335,22.651495333333333,c
c,FromPlan,floyd-warshall,3,LARGE,1.076553915267128,21.040744,22.651495333333333,c
c,FromPlan,floyd-warshall,4,LARGE,1.5541405081719981,14.574933999999999,22.651495333333333,c
c,FromPlan,floyd-warshall,5,LARGE,22.351721495213365,1.0134116666666666,22.651495333333333,c
c,Naive,floyd-warshall,1,LARGE,1.5234871118248,14.868189666666666,22.651495333333333,c
c,Naive,floyd-warshall,2,LARGE,1.5121524526450483,14.979637333333335,22.651495333333333,c
c,Naive,floyd-warshall,3,LARGE,1.4984396969325182,15.116721333333333,22.651495333333333,c
c,Naive,floyd-warshall,4,LARGE,1.0713408180454917,21.143127333333336,22.651495333333333,c
c,Naive,floyd-warshall,5,LARGE,1.5041148493281864,15.059684666666667,22.651495333333333,c
c,standard,floyd-warshall,1,LARGE,1.0,22.651495333333333,22.651495333333333,c
exo,AllHints,floyd-warshall,1,LARGE,21.808194269139964,1.0386689999999998,22.651495333333333,c
exo,AllHints,floyd-warshall,2,LARGE,1.0757500284710626,21.056467333333334,22.651495333333333,c
exo,AllHints,floyd-warshall,3,LARGE,17.17232241907809,1.31907,22.651495333333333,c
exo,AllHints,floyd-warshall,4,LARGE,28.209652585465037,0.8029696666666667,22.651495333333333,c
exo,AllHints,floyd-warshall,5,LARGE,25.531816103406985,0.887187,22.651495333333333,c
exo,ChooseHints,floyd-warshall,1,LARGE,21.467647594945028,1.0551456666666665,22.651495333333333,c
exo,ChooseHints,floyd-warshall,4,LARGE,34.17797021909676,0.6627513333333334,22.651495333333333,c
exo,FromPlan,floyd-warshall,1,LARGE,0.47590461411344376,47.596713,22.651495333333333,c
exo,FromPlan,floyd-warshall,2,LARGE,26.683454209189183,0.8488966666666666,22.651495333333333,c
exo,FromPlan,floyd-warshall,3,LARGE,0.9745600682396554,23.242790333333332,22.651495333333333,c
exo,FromPlan,floyd-warshall,4,LARGE,1.1186601630735873,20.248772666666667,22.651495333333333,c
exo,FromPlan,floyd-warshall,5,LARGE,0.9778797481291963,23.163886333333334,22.651495333333333,c
exo,Naive,floyd-warshall,1,LARGE,0.9741190291431009,23.253313666666667,22.651495333333333,c
exo,Naive,floyd-warshall,3,LARGE,22.098674882473382,1.025016,22.651495333333333,c
exo,Naive,floyd-warshall,5,LARGE,17.31860147316903,1.3079286666666665,22.651495333333333,c
exo,standard,floyd-warshall,1,LARGE,1.0300594399799354,21.990474000000003,22.651495333333333,c
exo,standard,floyd-warshall,2,LARGE,1.0252965993285148,22.092627000000004,22.651495333333333,c
exo,standard,floyd-warshall,3,LARGE,1.0322086313344698,21.944687000000002,22.651495333333333,c
exo,standard,floyd-warshall,4,LARGE,1.0320672422978998,21.947693333333333,22.651495333333333,c
exo,standard,floyd-warshall,5,LARGE,1.0344609867948011,21.896906333333334,22.651495333333333,c
halide,AllHints,floyd-warshall,1,LARGE,1.9984714981488523,11.33441,22.651495333333333,c
halide,AllHints,floyd-warshall,2,LARGE,2.080252400765042,10.888820666666666,22.651495333333333,c
halide,AllHints,floyd-warshall,3,LARGE,2.047855170777737,11.061082666666666,22.651495333333333,c
halide,AllHints,floyd-warshall,4,LARGE,2.116936460896581,10.70013,22.651495333333333,c
halide,AllHints,floyd-warshall,5,LARGE,1.9545466037414194,11.589130333333335,22.651495333333333,c
halide,ChooseHints,floyd-warshall,2,LARGE,2.204585455640699,10.274718666666667,22.651495333333333,c
halide,ChooseHints,floyd-warshall,3,LARGE,0.8778252772549856,25.804104666666664,22.651495333333333,c
halide,ChooseHints,floyd-warshall,4,LARGE,1.9403761625605218,11.673765000000001,22.651495333333333,c
halide,ChooseHints,floyd-warshall,5,LARGE,0.8542532706437889,26.516135333333335,22.651495333333333,c
halide,FromPlan,floyd-warshall,1,LARGE,1.1356382264918434,19.946048666666666,22.651495333333333,c
halide,FromPlan,floyd-warshall,2,LARGE,1.7309658103201189,13.086044333333334,22.651495333333333,c
halide,FromPlan,floyd-warshall,3,LARGE,2.029837204659888,11.159267,22.651495333333333,c
halide,FromPlan,floyd-warshall,4,LARGE,1.6999191172091028,13.325042999999999,22.651495333333333,c
halide,FromPlan,floyd-warshall,5,LARGE,2.050682276856061,11.045833666666667,22.651495333333333,c
halide,Naive,floyd-warshall,1,LARGE,2.345300328410104,9.658249333333332,22.651495333333333,c
halide,Naive,floyd-warshall,2,LARGE,1.3123503111735417,17.260250666666668,22.651495333333333,c
halide,Naive,floyd-warshall,3,LARGE,0.8368466586321555,27.067677333333336,22.651495333333333,c
halide,Naive,floyd-warshall,4,LARGE,0.8661023765096015,26.153369333333334,22.651495333333333,c
halide,Naive,floyd-warshall,5,LARGE,0.8758085341114829,25.863524333333334,22.651495333333333,c
halide,standard,floyd-warshall,1,LARGE,0.7332896611461783,30.890242333333333,22.651495333333333,c
halide,standard,floyd-warshall,2,LARGE,0.7372517356114453,30.724234666666664,22.651495333333333,c
halide,standard,floyd-warshall,3,LARGE,0.7337349105148684,30.871497333333334,22.651495333333333,c
halide,standard,floyd-warshall,4,LARGE,0.7409668797348284,30.570185999999996,22.651495333333333,c
noarr,AllHints,floyd-warshall,1,LARGE,1.4358551906636992,15.775612666666666,22.651495333333333,c
noarr,AllHints,floyd-warshall,2,LARGE,37.48214186233406,0.6043276666666667,22.651495333333333,c
noarr,AllHints,floyd-warshall,3,LARGE,31.808328504278748,0.7121246666666666,22.651495333333333,c
noarr,AllHints,floyd-warshall,4,LARGE,1.4262971857015831,15.881329333333333,22.651495333333333,c
noarr,AllHints,floyd-warshall,5,LARGE,1.4401650805551214,15.728402,22.651495333333333,c
noarr,ChooseHints,floyd-warshall,1,LARGE,0.7804271143205801,29.02448533333333,22.651495333333333,c
noarr,ChooseHints,floyd-warshall,2,LARGE,1.412812802769238,16.032906333333333,22.651495333333333,c
noarr,ChooseHints,floyd-warshall,3,LARGE,1.4298593201788647,15.841765,22.651495333333333,c
noarr,ChooseHints,floyd-warshall,4,LARGE,0.7737106095717545,29.276443999999998,22.651495333333333,c
noarr,ChooseHints,floyd-warshall,5,LARGE,1.538612433921015,14.722028,22.651495333333333,c
noarr,FromPlan,floyd-warshall,1,LARGE,1.4579802327237692,15.536215666666665,22.651495333333333,c
noarr,FromPlan,floyd-warshall,2,LARGE,0.9847594943495999,23.002058333333334,22.651495333333333,c
noarr,FromPlan,floyd-warshall,3,LARGE,0.6739838261899451,33.60836633333333,22.651495333333333,c
noarr,FromPlan,floyd-warshall,4,LARGE,1.4870871800101408,15.232123333333334,22.651495333333333,c
noarr,FromPlan,floyd-warshall,5,LARGE,0.3774931435910842,60.005051,22.651495333333333,c
noarr,Naive,floyd-warshall,1,LARGE,1.4200757536891477,15.950906333333334,22.651495333333333,c
noarr,Naive,floyd-warshall,2,LARGE,0.8044327462088001,28.158345666666666,22.651495333333333,c
noarr,Naive,floyd-warshall,3,LARGE,1.4273375809663917,15.869753333333334,22.651495333333333,c
noarr,Naive,floyd-warshall,4,LARGE,1.4356238010586198,15.778155333333332,22.651495333333333,c
noarr,Naive,floyd-warshall,5,LARGE,1.43083083398392,15.831008666666667,22.651495333333333,c
noarr,standard,floyd-warshall,1,LARGE,1.0316661741968796,21.95622566666667,22.651495333333333,c
noarr,standard,floyd-warshall,2,LARGE,0.8021195569098423,28.239549999999998,22.651495333333333,c
noarr,standard,floyd-warshall,3,LARGE,1.03362511123095,21.914614,22.651495333333333,c
noarr,standard,floyd-warshall,4,LARGE,0.8050411750489062,28.13706433333333,22.651495333333333,c
noarr,standard,floyd-warshall,5,LARGE,0.8102354296915288,27.95668333333333,22.651495333333333,c
c,AllHints,gemm,1,LARGE,34.92727556271768,0.012824666666666667,0.4479306666666667,c
c,AllHints,gemm,2,LARGE,31.249523277987073,0.014334,0.4479306666666667,c
c,AllHints,gemm,3,LARGE,27.851188625671,0.016083,0.4479306666666667,c
c,AllHints,gemm,5,LARGE,33.64189865812137,0.013314666666666667,0.4479306666666667,c
c,ChooseHints,gemm,1,LARGE,32.12584570513281,0.013942999999999999,0.4479306666666667,c
c,ChooseHints,gemm,2,LARGE,39.035352214960064,0.011474999999999999,0.4479306666666667,c
c,ChooseHints,gemm,3,LARGE,11.215089300617596,0.039939999999999996,0.4479306666666667,c
c,ChooseHints,gemm,4,LARGE,1.5869715918820455,0.282255,0.4479306666666667,c
c,ChooseHints,gemm,5,LARGE,35.05574831085488,0.012777666666666666,0.4479306666666667,c
c,FromPlan,gemm,1,LARGE,26.45676484485746,0.016930666666666667,0.4479306666666667,c
c,FromPlan,gemm,2,LARGE,2.107680894146359,0.21252300000000002,0.4479306666666667,c
c,FromPlan,gemm,3,LARGE,2.131548308297511,0.21014333333333335,0.4479306666666667,c
c,FromPlan,gemm,4,LARGE,1.4625893580154468,0.3062586666666667,0.4479306666666667,c
c,Naive,gemm,1,LARGE,1.3216243940387873,0.3389243333333334,0.4479306666666667,c
c,Naive,gemm,2,LARGE,1.5929897601373217,0.2811886666666667,0.4479306666666667,c
c,Naive,gemm,3,LARGE,0.9975095516673385,0.44904900000000003,0.4479306666666667,c
c,Naive,gemm,4,LARGE,0.9308217574473804,0.4812206666666667,0.4479306666666667,c
c,Naive,gemm,5,LARGE,1.5938040764527628,0.281045,0.4479306666666667,c
c,standard,gemm,1,LARGE,1.0,0.4479306666666667,0.4479306666666667,c
exo,AllHints,gemm,1,LARGE,24.086178774354284,0.018597000000000002,0.4479306666666667,c
exo,AllHints,gemm,2,LARGE,6.540311394265634,0.06848766666666667,0.4479306666666667,c
exo,AllHints,gemm,4,LARGE,13.237243390204503,0.03383866666666666,0.4479306666666667,c
exo,AllHints,gemm,5,LARGE,23.966755247998005,0.018689666666666667,0.4479306666666667,c
exo,ChooseHints,gemm,1,LARGE,7.765743378736832,0.05768033333333333,0.4479306666666667,c
exo,ChooseHints,gemm,2,LARGE,8.535318440792942,0.05247966666666667,0.4479306666666667,c
exo,ChooseHints,gemm,4,LARGE,32.015629094894344,0.013990999999999998,0.4479306666666667,c
exo,FromPlan,gemm,2,LARGE,5.688441870703377,0.078744,0.4479306666666667,c
exo,FromPlan,gemm,3,LARGE,13.052860611947548,0.03431666666666667,0.4479306666666667,c
exo,FromPlan,gemm,4,LARGE,0.9783399573220497,0.45784766666666665,0.4479306666666667,c
exo,FromPlan,gemm,5,LARGE,12.770774728198893,0.035074666666666664,0.4479306666666667,c
exo,Naive,gemm,2,LARGE,12.130385722925826,0.03692633333333333,0.4479306666666667,c
exo,Naive,gemm,3,LARGE,0.2976541268579405,1.5048696666666668,0.4479306666666667,c
exo,Naive,gemm,4,LARGE,9.630984461900123,0.046509333333333326,0.4479306666666667,c
exo,standard,gemm,1,LARGE,0.980139618576229,0.457007,0.4479306666666667,c
exo,standard,gemm,2,LARGE,0.9897401677221112,0.452574,0.4479306666666667,c
exo,standard,gemm,3,LARGE,0.9726691233258853,0.460517,0.4479306666666667,c
exo,standard,gemm,4,LARGE,0.9914927965457657,0.45177399999999995,0.4479306666666667,c
exo,standard,gemm,5,LARGE,0.971561520786971,0.461042,0.4479306666666667,c
halide,FromPlan,gemm,1,LARGE,9.618369348154406,0.04657033333333333,0.4479306666666667,c
halide,FromPlan,gemm,3,LARGE,18.691815501029325,0.023964,0.4479306666666667,c
halide,FromPlan,gemm,5,LARGE,19.440028933092226,0.023041666666666665,0.4479306666666667,c
halide,standard,gemm,2,LARGE,0.49746674712264977,0.9004233333333334,0.4479306666666667,c
halide,standard,gemm,3,LARGE,0.4976718020470662,0.9000523333333333,0.4479306666666667,c
halide,standard,gemm,4,LARGE,0.49706946252333617,0.9011429999999999,0.4479306666666667,c
noarr,AllHints,gemm,2,LARGE,0.2246501042929022,1.9939036666666665,0.4479306666666667,c
noarr,AllHints,gemm,3,LARGE,0.23453897579965038,1.9098346666666668,0.4479306666666667,c
noarr,AllHints,gemm,4,LARGE,0.8509283456823584,0.5264023333333333,0.4479306666666667,c
noarr,AllHints,gemm,5,LARGE,0.8611666512863104,0.520144,0.4479306666666667,c
noarr,ChooseHints,gemm,1,LARGE,0.23390228194461368,1.9150333333333334,0.4479306666666667,c
noarr,ChooseHints,gemm,2,LARGE,0.8514480976630342,0.526081,0.4479306666666667,c
noarr,ChooseHints,gemm,3,LARGE,0.8635024427921407,0.518737,0.4479306666666667,c
noarr,ChooseHints,gemm,4,LARGE,0.8389832995253141,0.5338970000000001,0.4479306666666667,c
noarr,ChooseHints,gemm,5,LARGE,0.8649430780648282,0.5178729999999999,0.4479306666666667,c
noarr,FromPlan,gemm,1,LARGE,0.23664467620271615,1.8928406666666666,0.4479306666666667,c
noarr,FromPlan,gemm,2,LARGE,0.6085501855369068,0.736062,0.4479306666666667,c
noarr,FromPlan,gemm,3,LARGE,0.8631474688329199,0.5189503333333333,0.4479306666666667,c
noarr,FromPlan,gemm,4,LARGE,0.9179139090263895,0.48798766666666665,0.4479306666666667,c
noarr,FromPlan,gemm,5,LARGE,0.8534169269440786,0.5248673333333334,0.4479306666666667,c
noarr,Naive,gemm,1,LARGE,0.18400799682317986,2.4343,0.4479306666666667,c
noarr,Naive,gemm,2,LARGE,0.8348945502893693,0.5365116666666667,0.4479306666666667,c
noarr,Naive,gemm,3,LARGE,0.2330663004554342,1.9219023333333334,0.4479306666666667,c
noarr,Naive,gemm,4,LARGE,0.8632422848626565,0.5188933333333333,0.4479306666666667,c
noarr,Naive,gemm,5,LARGE,0.8615708149003015,0.5198999999999999,0.4479306666666667,c
noarr,standard,gemm,1,LARGE,0.8560329725632092,0.5232633333333333,0.4479306666666667,c
noarr,standard,gemm,2,LARGE,0.834579288920301,0.5367143333333333,0.4479306666666667,c
noarr,standard,gemm,3,LARGE,0.8422430197080274,0.5318306666666667,0.4479306666666667,c
noarr,standard,gemm,4,LARGE,0.8520954393155803,0.5256813333333333,0.4479306666666667,c
noarr,standard,gemm,5,LARGE,0.8385979517319666,0.5341423333333334,0.4479306666666667,c
c,AllHints,gemver,1,LARGE,6.655495130896674,0.002635666666666667,0.017541666666666667,c
c,AllHints,gemver,2,LARGE,10.592793880837359,0.0016560000000000001,0.017541666666666667,c
c,AllHints,gemver,3,LARGE,6.801731937443454,0.002579,0.017541666666666667,c
c,AllHints,gemver,4,LARGE,2.655146316851665,0.006606666666666667,0.017541666666666667,c
c,AllHints,gemver,5,LARGE,13.787005501702907,0.0012723333333333334,0.017541666666666667,c
c,ChooseHints,gemver,1,LARGE,2.822321141263542,0.006215333333333333,0.017541666666666667,c
c,ChooseHints,gemver,2,LARGE,11.430278019113814,0.0015346666666666668,0.017541666666666667,c
c,ChooseHints,gemver,3,LARGE,2.7818893059153145,0.006305666666666667,0.017541666666666667,c
c,ChooseHints,gemver,4,LARGE,2.8027801448657863,0.006258666666666667,0.017541666666666667,c
c,ChooseHints,gemver,5,LARGE,2.841676116420973,0.0061730000000000005,0.017541666666666667,c
c,FromPlan,gemver,1,LARGE,1.8586868223077742,0.009437666666666665,0.017541666666666667,c
c,FromPlan,gemver,2,LARGE,1.8501265644775702,0.009481333333333333,0.017541666666666667,c
c,FromPlan,gemver,3,LARGE,1.1994848768035011,0.014624333333333331,0.017541666666666667,c
c,FromPlan,gemver,4,LARGE,1.17610906246508,0.014915,0.017541666666666667,c
c,Naive,gemver,1,LARGE,1.288281230874685,0.013616333333333333,0.017541666666666667,c
c,Naive,gemver,2,LARGE,1.5472025402052156,0.011337666666666668,0.017541666666666667,c
c,Naive,gemver,3,LARGE,1.8747773423583896,0.009356666666666668,0.017541666666666667,c
c,Naive,gemver,4,LARGE,1.5595365101944048,0.011248000000000001,0.017541666666666667,c
c,Naive,gemver,5,LARGE,1.5480673059951757,0.011331333333333332,0.017541666666666667,c
c,standard,gemver,1,LARGE,1.0,0.017541666666666667,0.017541666666666667,c
exo,AllHints,gemver,1,LARGE,3.6621433542101602,0.00479,0.017541666666666667,c
exo,AllHints,gemver,2,LARGE,2.7956332341691454,0.006274666666666667,0.017541666666666667,c
exo,AllHints,gemver,3,LARGE,5.398543290931474,0.0032493333333333332,0.017541666666666667,c
exo,AllHints,gemver,4,LARGE,2.7477548036758566,0.006384,0.017541666666666667,c
exo,AllHints,gemver,5,LARGE,4.671549045716822,0.003755,0.017541666666666667,c
exo,ChooseHints,gemver,1,LARGE,3.7643061516452074,0.00466,0.017541666666666667,c
exo,ChooseHints,gemver,2,LARGE,5.016682554814109,0.0034966666666666666,0.017541666666666667,c
exo,FromPlan,gemver,1,LARGE,0.7595768020553679,0.023094,0.017541666666666667,c
exo,FromPlan,gemver,2,LARGE,0.30043102217908824,0.05838833333333334,0.017541666666666667,c
exo,Naive,gemver,5,LARGE,5.7874188936544595,0.0030310000000000003,0.017541666666666667,c
exo,standard,gemver,1,LARGE,0.9349737940836813,0.018761666666666666,0.017541666666666667,c
exo,standard,gemver,2,LARGE,0.9372050364196541,0.018717,0.017541666666666667,c
exo,standard,gemver,3,LARGE,0.939346339896114,0.018674333333333334,0.017541666666666667,c
exo,standard,gemver,4,LARGE,0.9405215091237288,0.018651,0.017541666666666667,c
exo,standard,gemver,5,LARGE,0.9343098091433645,0.018775,0.017541666666666667,c
halide,standard,gemver,1,LARGE,0.0009408613949453297,18.644262333333334,0.017541666666666667,c
halide,standard,gemver,4,LARGE,0.6371219642122086,0.027532666666666667,0.017541666666666667,c
noarr,AllHints,gemver,1,LARGE,1.5404543059539841,0.011387333333333333,0.017541666666666667,c
noarr,AllHints,gemver,2,LARGE,2.02396061689935,0.008667,0.017541666666666667,c
noarr,AllHints,gemver,3,LARGE,2.040836112619251,0.008595333333333333,0.017541666666666667,c
noarr,AllHints,gemver,4,LARGE,0.988597084460475,0.017744,0.017541666666666667,c
noarr,AllHints,gemver,5,LARGE,3.032267358110055,0.005784999999999999,0.017541666666666667,c
noarr,ChooseHints,gemver,1,LARGE,1.552176734308636,0.011301333333333335,0.017541666666666667,c
noarr,ChooseHints,gemver,2,LARGE,1.520162921023745,0.011539333333333332,0.017541666666666667,c
noarr,ChooseHints,gemver,3,LARGE,2.0180618936227326,0.008692333333333333,0.017541666666666667,c
noarr,ChooseHints,gemver,4,LARGE,1.554836612893695,0.011282,0.017541666666666667,c
noarr,ChooseHints,gemver,5,LARGE,0.9956673099481592,0.017617999999999998,0.017541666666666667,c
noarr,FromPlan,gemver,1,LARGE,1.0052147004889975,0.017450666666666666,0.017541666666666667,c
noarr,FromPlan,gemver,2,LARGE,1.552085176664897,0.011302,0.017541666666666667,c
noarr,FromPlan,gemver,3,LARGE,1.5449768069990018,0.011354000000000001,0.017541666666666667,c
noarr,FromPlan,gemver,4,LARGE,1.550256289400813,0.011315333333333335,0.017541666666666667,c
noarr,Naive,gemver,1,LARGE,1.5340776585820894,0.011434666666666668,0.017541666666666667,c
noarr,Naive,gemver,2,LARGE,1.5012552062532092,0.011684666666666668,0.017541666666666667,c
noarr,Naive,gemver,3,LARGE,1.525406533522711,0.011499666666666667,0.017541666666666667,c
noarr,Naive,gemver,4,LARGE,1.538967685334113,0.011398333333333335,0.017541666666666667,c
noarr,Naive,gemver,5,LARGE,1.5148680157747776,0.011579666666666667,0.017541666666666667,c
noarr,standard,gemver,1,LARGE,1.0449346729677138,0.016787333333333335,0.017541666666666667,c
noarr,standard,gemver,2,LARGE,1.042037939091521,0.016834000000000002,0.017541666666666667,c
noarr,standard,gemver,3,LARGE,1.0453913388955105,0.01678,0.017541666666666667,c
noarr,standard,gemver,5,LARGE,1.0453082790402035,0.016781333333333332,0.017541666666666667,c
c,AllHints,gesummv,1,LARGE,6.640780141843972,0.00094,0.006242333333333333,c
c,AllHints,gesummv,2,LARGE,5.918773704171934,0.0010546666666666666,0.006242333333333333,c
c,AllHints,gesummv,3,LARGE,6.582425307557118,0.0009483333333333333,0.006242333333333333,c
c,AllHints,gesummv,4,LARGE,6.6882142857142854,0.0009333333333333333,0.006242333333333333,c
c,AllHints,gesummv,5,LARGE,5.958320076360166,0.0010476666666666666,0.006242333333333333,c
c,ChooseHints,gesummv,1,LARGE,6.457586206896552,0.0009666666666666666,0.006242333333333333,c
c,ChooseHints,gesummv,2,LARGE,6.591693065821894,0.0009469999999999999,0.006242333333333333,c
c,ChooseHints,gesummv,3,LARGE,6.794992743105951,0.0009186666666666666,0.006242333333333333,c
c,ChooseHints,gesummv,4,LARGE,6.437607425232038,0.0009696666666666667,0.006242333333333333,c
c,ChooseHints,gesummv,5,LARGE,6.587055926837848,0.0009476666666666666,0.006242333333333333,c
c,FromPlan,gesummv,1,LARGE,6.371895202449813,0.0009796666666666667,0.006242333333333333,c
c,FromPlan,gesummv,2,LARGE,6.721823402727925,0.0009286666666666666,0.006242333333333333,c
c,FromPlan,gesummv,3,LARGE,2.2026581980710422,0.0028339999999999997,0.006242333333333333,c
c,FromPlan,gesummv,4,LARGE,6.63372298972724,0.000941,0.006242333333333333,c
c,FromPlan,gesummv,5,LARGE,6.430975274725275,0.0009706666666666667,0.006242333333333333,c
c,Naive,gesummv,1,LARGE,6.538756983240224,0.0009546666666666666,0.006242333333333333,c
c,Naive,gesummv,2,LARGE,2.2170001183852257,0.0028156666666666664,0.006242333333333333,c
c,Naive,gesummv,3,LARGE,2.2352590116973023,0.002792666666666667,0.006242333333333333,c
c,Naive,gesummv,4,LARGE,2.2288740776005715,0.0028006666666666666,0.006242333333333333,c
c,Naive,gesummv,5,LARGE,6.802397384671266,0.0009176666666666668,0.006242333333333333,c
c,standard,gesummv,1,LARGE,1.0,0.006242333333333333,0.006242333333333333,c
exo,AllHints,gesummv,2,LARGE,6.158171654061165,0.0010136666666666666,0.006242333333333333,c
exo,AllHints,gesummv,3,LARGE,6.676292335115864,0.0009350000000000001,0.006242333333333333,c
exo,AllHints,gesummv,4,LARGE,6.086122846928826,0.0010256666666666667,0.006242333333333333,c
exo,AllHints,gesummv,5,LARGE,6.7121863799283155,0.0009299999999999999,0.006242333333333333,c
exo,ChooseHints,gesummv,1,LARGE,6.584739803094233,0.0009480000000000001,0.006242333333333333,c
exo,ChooseHints,gesummv,3,LARGE,6.5250871080139365,0.0009566666666666668,0.006242333333333333,c
exo,ChooseHints,gesummv,4,LARGE,6.6573053679345895,0.0009376666666666666,0.006242333333333333,c
exo,ChooseHints,gesummv,5,LARGE,6.570877192982456,0.00095,0.006242333333333333,c
exo,FromPlan,gesummv,2,LARGE,7.040225563909774,0.0008866666666666667,0.006242333333333333,c
exo,FromPlan,gesummv,3,LARGE,2.0324506186238334,0.0030713333333333335,0.006242333333333333,c
exo,FromPlan,gesummv,5,LARGE,6.596336738288129,0.0009463333333333333,0.006242333333333333,c
exo,Naive,gesummv,1,LARGE,6.721823402727925,0.0009286666666666666,0.006242333333333333,c
exo,Naive,gesummv,2,LARGE,6.188697951090549,0.0010086666666666666,0.006242333333333333,c
exo,Naive,gesummv,3,LARGE,6.570877192982456,0.00095,0.006242333333333333,c
exo,Naive,gesummv,4,LARGE,6.3827539195637355,0.000978,0.006242333333333333,c
exo,Naive,gesummv,5,LARGE,0.9953757839906452,0.006271333333333334,0.006242333333333333,c
exo,standard,gesummv,1,LARGE,0.9989331626393556,0.006249,0.006242333333333333,c
exo,standard,gesummv,2,LARGE,0.9965941142036081,0.0062636666666666665,0.006242333333333333,c
exo,standard,gesummv,3,LARGE,0.9998398291510945,0.006243333333333333,0.006242333333333333,c
exo,standard,gesummv,4,LARGE,1.0005877324214576,0.006238666666666667,0.006242333333333333,c
exo,standard,gesummv,5,LARGE,1.0021405254990101,0.006228999999999999,0.006242333333333333,c
halide,FromPlan,gesummv,1,LARGE,1.6275856075091257,0.003835333333333333,0.006242333333333333,c
halide,Naive,gesummv,4,LARGE,1.2565926323559016,0.004967666666666666,0.006242333333333333,c
halide,Naive,gesummv,5,LARGE,1.4839144215530904,0.004206666666666667,0.006242333333333333,c
halide,standard,gesummv,1,LARGE,1.0533805827427156,0.005926000000000001,0.006242333333333333,c
halide,standard,gesummv,2,LARGE,1.1763190954773868,0.005306666666666667,0.006242333333333333,c
halide,standard,gesummv,3,LARGE,1.0519604538815865,0.005933999999999999,0.006242333333333333,c
halide,standard,gesummv,4,LARGE,1.055756004059082,0.005912666666666667,0.006242333333333333,c
halide,standard,gesummv,5,LARGE,1.059638997340576,0.005891,0.006242333333333333,c
noarr,AllHints,gesummv,1,LARGE,2.32143299863642,0.002689,0.006242333333333333,c
noarr,AllHints,gesummv,2,LARGE,19.54801670146138,0.0003193333333333333,0.006242333333333333,c
noarr,AllHints,gesummv,3,LARGE,2.300896916083057,0.002713,0.006242333333333333,c
noarr,AllHints,gesummv,4,LARGE,2.293289248101886,0.002722,0.006242333333333333,c
noarr,AllHints,gesummv,5,LARGE,1.6924536827835517,0.0036883333333333334,0.006242333333333333,c
noarr,ChooseHints,gesummv,1,LARGE,1.7092917123037603,0.0036520000000000003,0.006242333333333333,c
noarr,ChooseHints,gesummv,2,LARGE,2.2746265030972914,0.0027443333333333334,0.006242333333333333,c
noarr,ChooseHints,gesummv,3,LARGE,1.7232906966043986,0.0036223333333333333,0.006242333333333333,c
noarr,ChooseHints,gesummv,4,LARGE,1.7040036396724296,0.003663333333333333,0.006242333333333333,c
noarr,ChooseHints,gesummv,5,LARGE,2.31226077293493,0.0026996666666666666,0.006242333333333333,c
noarr,FromPlan,gesummv,1,LARGE,2.147591743119266,0.0029066666666666668,0.006242333333333333,c
noarr,FromPlan,gesummv,3,LARGE,2.0093347639484977,0.003106666666666667,0.006242333333333333,c
noarr,FromPlan,gesummv,4,LARGE,2.3280706116360017,0.0026813333333333337,0.006242333333333333,c
noarr,Naive,gesummv,1,LARGE,2.3088398471211935,0.0027036666666666667,0.006242333333333333,c
noarr,Naive,gesummv,2,LARGE,2.326046453856664,0.0026836666666666662,0.006242333333333333,c
noarr,Naive,gesummv,3,LARGE,2.3443915873810712,0.002662666666666667,0.006242333333333333,c
noarr,Naive,gesummv,4,LARGE,2.3274919214516525,0.0026820000000000004,0.006242333333333333,c
noarr,Naive,gesummv,5,LARGE,2.3394128669581513,0.0026683333333333333,0.006242333333333333,c
noarr,standard,gesummv,1,LARGE,1.1249474379768127,0.005548999999999999,0.006242333333333333,c
noarr,standard,gesummv,2,LARGE,1.1256912719403704,0.005545333333333333,0.006242333333333333,c
noarr,standard,gesummv,3,LARGE,1.1252178092891907,0.005547666666666667,0.006242333333333333,c
noarr,standard,gesummv,4,LARGE,1.1253530436872785,0.005547,0.006242333333333333,c
noarr,standard,gesummv,5,LARGE,1.1265038498556306,0.005541333333333333,0.006242333333333333,c
c,ChooseHints,gramschmidt,1,LARGE,4.018973290744674,0.6228053333333333,2.503038,c
c,ChooseHints,gramschmidt,4,LARGE,4.00168932781806,0.6254953333333334,2.503038,c
c,Naive,gramschmidt,1,LARGE,4.844464658976542,0.51668,2.503038,c
c,standard,gramschmidt,1,LARGE,1.0,2.503038,2.503038,c
c,AllHints,heat-3d,1,LARGE,7.934053613152176,0.24438033333333334,1.9389266666666665,c
c,AllHints,heat-3d,3,LARGE,8.405593536537609,0.230671,1.9389266666666665,c
c,AllHints,heat-3d,4,LARGE,1.7719698915179531,1.094221,1.9389266666666665,c
c,AllHints,heat-3d,5,LARGE,8.926110128149844,0.21721966666666667,1.9389266666666665,c
c,ChooseHints,heat-3d,1,LARGE,1.2326496464024426,1.5729746666666664,1.9389266666666665,c
c,ChooseHints,heat-3d,2,LARGE,1.1886910477777053,1.6311443333333333,1.9389266666666665,c
c,ChooseHints,heat-3d,3,LARGE,1.2269469422933448,1.5802856666666667,1.9389266666666665,c
c,ChooseHints,heat-3d,4,LARGE,8.143066931906153,0.2381076666666667,1.9389266666666665,c
c,ChooseHints,heat-3d,5,LARGE,1.349905988035347,1.436342,1.9389266666666665,c
c,FromPlan,heat-3d,1,LARGE,0.810065976151101,2.3935416666666667,1.9389266666666665,c
c,FromPlan,heat-3d,2,LARGE,0.7302894124494634,2.6550113333333334,1.9389266666666665,c
c,FromPlan,heat-3d,3,LARGE,0.6990435707972125,2.7736850000000004,1.9389266666666665,c
c,FromPlan,heat-3d,4,LARGE,0.7309775287224588,2.6525119999999998,1.9389266666666665,c
c,FromPlan,heat-3d,5,LARGE,0.7028992276033178,2.7584703333333334,1.9389266666666665,c
c,Naive,heat-3d,1,LARGE,1.310507072995549,1.4795239999999998,1.9389266666666665,c
c,Naive,heat-3d,2,LARGE,0.988882177465928,1.9607256666666666,1.9389266666666665,c
c,Naive,heat-3d,3,LARGE,0.9642021642242437,2.010913,1.9389266666666665,c
c,Naive,heat-3d,5,LARGE,1.0272502700232193,1.887492,1.9389266666666665,c
c,standard,heat-3d,1,LARGE,1.0,1.9389266666666665,1.9389266666666665,c
exo,AllHints,heat-3d,1,LARGE,1.1413534448319083,1.698796,1.9389266666666665,c
exo,AllHints,heat-3d,3,LARGE,1.262664020116559,1.535584,1.9389266666666665,c
exo,ChooseHints,heat-3d,3,LARGE,1.2829655999144214,1.511285,1.9389266666666665,c
exo,ChooseHints,heat-3d,4,LARGE,1.3105850247436635,1.479436,1.9389266666666665,c
exo,Naive,heat-3d,2,LARGE,1.504329799218557,1.2888973333333331,1.9389266666666665,c
exo,Naive,heat-3d,3,LARGE,1.189844557508158,1.6295629999999999,1.9389266666666665,c
exo,Naive,heat-3d,4,LARGE,1.305315597843466,1.4854083333333332,1.9389266666666665,c
exo,standard,heat-3d,1,LARGE,0.8580117535977894,2.2597903333333336,1.9389266666666665,c
exo,standard,heat-3d,2,LARGE,0.8592843221878204,2.2564436666666663,1.9389266666666665,c
exo,standard,heat-3d,3,LARGE,0.8575891177452322,2.260904,1.9389266666666665,c
exo,standard,heat-3d,4,LARGE,0.8597597134203263,2.255196,1.9389266666666665,c
exo,standard,heat-3d,5,LARGE,0.8563540873205041,2.2641646666666664,1.9389266666666665,c
halide,AllHints,heat-3d,1,LARGE,1.6874744164039044,1.149011,1.9389266666666665,c
halide,AllHints,heat-3d,2,LARGE,1.7573719814703086,1.1033103333333332,1.9389266666666665,c
halide,AllHints,heat-3d,3,LARGE,1.6360276073576492,1.185143,1.9389266666666665,c
halide,AllHints,heat-3d,4,LARGE,0.03492261391596742,55.520662666666674,1.9389266666666665,c
halide,AllHints,heat-3d,5,LARGE,0.6087991498050032,3.1848379999999996,1.9389266666666665,c
halide,ChooseHints,heat-3d,1,LARGE,1.6796817811017823,1.1543416666666666,1.9389266666666665,c
halide,ChooseHints,heat-3d,2,LARGE,1.7589694353515726,1.1023083333333334,1.9389266666666665,c
halide,ChooseHints,heat-3d,3,LARGE,2.4516841477472693,0.790855,1.9389266666666665,c
halide,ChooseHints,heat-3d,4,LARGE,1.7655796978276808,1.0981813333333335,1.9389266666666665,c
halide,ChooseHints,heat-3d,5,LARGE,0.03497844751239741,55.432039,1.9389266666666665,c
halide,FromPlan,heat-3d,1,LARGE,1.355722439534986,1.4301796666666666,1.9389266666666665,c
halide,FromPlan,heat-3d,2,LARGE,2.2317467138329787,0.8687933333333334,1.9389266666666665,c
halide,FromPlan,heat-3d,4,LARGE,2.7279561597066055,0.7107616666666666,1.9389266666666665,c
halide,FromPlan,heat-3d,5,LARGE,0.5897194737155323,3.2878796666666665,1.9389266666666665,c
halide,Naive,heat-3d,1,LARGE,1.7204918716476945,1.1269606666666665,1.9389266666666665,c
halide,Naive,heat-3d,2,LARGE,1.7606486648136321,1.1012570000000002,1.9389266666666665,c
halide,Naive,heat-3d,3,LARGE,0.6078313414792291,3.189909,1.9389266666666665,c
halide,Naive,heat-3d,5,LARGE,1.6687700409878274,1.1618896666666667,1.9389266666666665,c
halide,standard,heat-3d,1,LARGE,0.23896197924694673,8.113954666666666,1.9389266666666665,c
halide,standard,heat-3d,2,LARGE,0.2740265271667982,7.075689666666666,1.9389266666666665,c
halide,standard,heat-3d,3,LARGE,0.18933673260469294,10.240626,1.9389266666666665,c
halide,standard,heat-3d,4,LARGE,0.45387901376638945,4.271902,1.9389266666666665,c
noarr,AllHints,heat-3d,2,LARGE,1.2065935561277024,1.6069426666666669,1.9389266666666665,c
noarr,AllHints,heat-3d,3,LARGE,1.2523168307026222,1.5482716666666665,1.9389266666666665,c
noarr,AllHints,heat-3d,4,LARGE,1.2625409657620754,1.5357336666666666,1.9389266666666665,c
noarr,AllHints,heat-3d,5,LARGE,1.2099987914115748,1.6024203333333336,1.9389266666666665,c
noarr,ChooseHints,heat-3d,1,LARGE,0.9543043675062246,2.031769666666667,1.9389266666666665,c
noarr,ChooseHints,heat-3d,2,LARGE,0.9750345180637968,1.9885723333333332,1.9389266666666665,c
noarr,ChooseHints,heat-3d,3,LARGE,0.9888218278647167,1.9608453333333333,1.9389266666666665,c
noarr,ChooseHints,heat-3d,4,LARGE,0.9990454006620707,1.9407793333333334,1.9389266666666665,c
noarr,ChooseHints,heat-3d,5,LARGE,0.9580295697614206,2.0238693333333333,1.9389266666666665,c
noarr,FromPlan,heat-3d,1,LARGE,0.6856454339968523,2.827885333333333,1.9389266666666665,c
noarr,FromPlan,heat-3d,2,LARGE,0.5891266224509587,3.291188333333333,1.9389266666666665,c
noarr,FromPlan,heat-3d,3,LARGE,0.8964455982424872,2.162905,1.9389266666666665,c
noarr,FromPlan,heat-3d,4,LARGE,0.6057399283206674,3.200922666666667,1.9389266666666665,c
noarr,FromPlan,heat-3d,5,LARGE,0.6045026289116576,3.2074743333333333,1.9389266666666665,c
noarr,Naive,heat-3d,1,LARGE,1.2988218166553345,1.4928350000000001,1.9389266666666665,c
noarr,Naive,heat-3d,2,LARGE,0.9640110475170847,2.0113116666666664,1.9389266666666665,c
noarr,Naive,heat-3d,3,LARGE,0.9843828031618549,1.9696876666666665,1.9389266666666665,c
noarr,Naive,heat-3d,4,LARGE,0.881931887478398,2.1984993333333334,1.9389266666666665,c
noarr,standard,heat-3d,1,LARGE,0.9593704365506747,2.0210406666666665,1.9389266666666665,c
noarr,standard,heat-3d,2,LARGE,0.9242255723201687,2.0978933333333334,1.9389266666666665,c
noarr,standard,heat-3d,3,LARGE,0.9615136983278417,2.0165356666666665,1.9389266666666665,c
noarr,standard,heat-3d,4,LARGE,0.957724504086742,2.024514,1.9389266666666665,c
noarr,standard,heat-3d,5,LARGE,0.9303593974971314,2.084062,1.9389266666666665,c
c,AllHints,jacobi-1d,1,LARGE,0.10365674923054373,0.009097333333333334,0.0009429999999999999,c
c,AllHints,jacobi-1d,2,LARGE,0.1272776353084087,0.007409,0.0009429999999999999,c
c,AllHints,jacobi-1d,4,LARGE,0.12669622464060187,0.007443000000000001,0.0009429999999999999,c
c,AllHints,jacobi-1d,5,LARGE,0.1067224988682662,0.008835999999999998,0.0009429999999999999,c
c,ChooseHints,jacobi-1d,2,LARGE,0.1116901575269454,0.008442999999999999,0.0009429999999999999,c
c,ChooseHints,jacobi-1d,3,LARGE,0.11202185792349725,0.008418,0.0009429999999999999,c
c,ChooseHints,jacobi-1d,4,LARGE,0.11034402059443014,0.008546,0.0009429999999999999,c
c,ChooseHints,jacobi-1d,5,LARGE,0.11345043310875841,0.008312,0.0009429999999999999,c
c,FromPlan,jacobi-1d,2,LARGE,0.132183908045977,0.007134000000000001,0.0009429999999999999,c
c,FromPlan,jacobi-1d,3,LARGE,0.10949837436135625,0.008612,0.0009429999999999999,c
c,FromPlan,jacobi-1d,4,LARGE,0.10958744915746658,0.008605,0.0009429999999999999,c
c,FromPlan,jacobi-1d,5,LARGE,0.10616181326928852,0.008882666666666665,0.0009429999999999999,c
c,Naive,jacobi-1d,2,LARGE,0.32887700534759357,0.0028673333333333333,0.0009429999999999999,c
c,Naive,jacobi-1d,3,LARGE,1.0851553509781358,0.000869,0.0009429999999999999,c
c,Naive,jacobi-1d,4,LARGE,1.0956622773044151,0.0008606666666666667,0.0009429999999999999,c
c,Naive,jacobi-1d,5,LARGE,1.0876585928489042,0.000867,0.0009429999999999999,c
c,standard,jacobi-1d,1,LARGE,1.0,0.0009429999999999999,0.0009429999999999999,c
exo,AllHints,jacobi-1d,1,LARGE,0.033452765263045865,0.028189000000000002,0.0009429999999999999,c
exo,AllHints,jacobi-1d,2,LARGE,0.032148092591961275,0.029332999999999998,0.0009429999999999999,c
exo,AllHints,jacobi-1d,3,LARGE,0.0322360099818822,0.029253,0.0009429999999999999,c
exo,AllHints,jacobi-1d,4,LARGE,0.031541626250125424,0.029897000000000003,0.0009429999999999999,c
exo,AllHints,jacobi-1d,5,LARGE,0.032227930873423634,0.029260333333333333,0.0009429999999999999,c
exo,ChooseHints,jacobi-1d,1,LARGE,0.03533599800149888,0.026686666666666664,0.0009429999999999999,c
exo,ChooseHints,jacobi-1d,3,LARGE,0.03241366667430509,0.029092666666666666,0.0009429999999999999,c
exo,ChooseHints,jacobi-1d,4,LARGE,0.03550451807228915,0.02656,0.0009429999999999999,c
exo,ChooseHints,jacobi-1d,5,LARGE,0.030761033849098045,0.030655666666666664,0.0009429999999999999,c
exo,FromPlan,jacobi-1d,1,LARGE,0.032699531873085594,0.02883833333333333,0.0009429999999999999,c
exo,FromPlan,jacobi-1d,4,LARGE,0.035922897196261676,0.02625066666666667,0.0009429999999999999,c
exo,Naive,jacobi-1d,1,LARGE,0.032136041439476556,0.029344,0.0009429999999999999,c
exo,Naive,jacobi-1d,2,LARGE,0.03304173139139677,0.028539666666666668,0.0009429999999999999,c
exo,Naive,jacobi-1d,5,LARGE,0.03276618909183567,0.028779666666666665,0.0009429999999999999,c
exo,standard,jacobi-1d,1,LARGE,0.6750178954903364,0.001397,0.0009429999999999999,c
exo,standard,jacobi-1d,2,LARGE,1.0042598509052183,0.0009390000000000001,0.0009429999999999999,c
exo,standard,jacobi-1d,3,LARGE,1.003191489361702,0.00094,0.0009429999999999999,c
exo,standard,jacobi-1d,4,LARGE,1.0053304904051172,0.000938,0.0009429999999999999,c
exo,standard,jacobi-1d,5,LARGE,1.0039034776437188,0.0009393333333333334,0.0009429999999999999,c
halide,AllHints,jacobi-1d,5,LARGE,0.3306838106370543,0.002851666666666667,0.0009429999999999999,c
halide,ChooseHints,jacobi-1d,3,LARGE,0.0009451508482804033,0.9977243333333333,0.0009429999999999999,c
halide,ChooseHints,jacobi-1d,4,LARGE,0.36888772982135865,0.0025563333333333336,0.0009429999999999999,c
halide,FromPlan,jacobi-1d,1,LARGE,0.046205860255447026,0.02040866666666667,0.0009429999999999999,c
halide,FromPlan,jacobi-1d,4,LARGE,0.1283750056722784,0.007345666666666667,0.0009429999999999999,c
halide,FromPlan,jacobi-1d,5,LARGE,0.4278584392014519,0.002204,0.0009429999999999999,c
halide,Naive,jacobi-1d,1,LARGE,0.08565718957216822,0.011009,0.0009429999999999999,c
halide,Naive,jacobi-1d,3,LARGE,0.07702150830383882,0.012243333333333333,0.0009429999999999999,c
halide,Naive,jacobi-1d,4,LARGE,0.37901929260450157,0.002488,0.0009429999999999999,c
halide,Naive,jacobi-1d,5,LARGE,0.12480148226574907,0.007556,0.0009429999999999999,c
halide,standard,jacobi-1d,2,LARGE,0.57558494404883,0.0016383333333333334,0.0009429999999999999,c
noarr,AllHints,jacobi-1d,1,LARGE,0.030628816421982587,0.030788,0.0009429999999999999,c
noarr,AllHints,jacobi-1d,2,LARGE,1.3445817490494296,0.0007013333333333333,0.0009429999999999999,c
noarr,AllHints,jacobi-1d,3,LARGE,1.351002865329513,0.0006979999999999999,0.0009429999999999999,c
noarr,AllHints,jacobi-1d,4,LARGE,0.03428758423425607,0.027502666666666665,0.0009429999999999999,c
noarr,AllHints,jacobi-1d,5,LARGE,1.3693126815101644,0.0006886666666666667,0.0009429999999999999,c
noarr,ChooseHints,jacobi-1d,1,LARGE,0.032711252948522264,0.028828000000000003,0.0009429999999999999,c
noarr,ChooseHints,jacobi-1d,2,LARGE,0.5237918903906684,0.0018003333333333333,0.0009429999999999999,c
noarr,ChooseHints,jacobi-1d,3,LARGE,0.03103947686028395,0.030380666666666667,0.0009429999999999999,c
noarr,ChooseHints,jacobi-1d,4,LARGE,0.03196501813497847,0.029501,0.0009429999999999999,c
noarr,ChooseHints,jacobi-1d,5,LARGE,0.08715610462429525,0.010819666666666667,0.0009429999999999999,c
noarr,FromPlan,jacobi-1d,1,LARGE,0.7893415178571429,0.0011946666666666666,0.0009429999999999999,c
noarr,FromPlan,jacobi-1d,2,LARGE,1.341394025604552,0.000703,0.0009429999999999999,c
noarr,FromPlan,jacobi-1d,3,LARGE,0.250597927185756,0.0037630000000000003,0.0009429999999999999,c
noarr,FromPlan,jacobi-1d,4,LARGE,0.7759188151398794,0.0012153333333333332,0.0009429999999999999,c
noarr,FromPlan,jacobi-1d,5,LARGE,0.4789233113255459,0.0019690000000000003,0.0009429999999999999,c
noarr,Naive,jacobi-1d,1,LARGE,0.03406422714301195,0.027683,0.0009429999999999999,c
noarr,Naive,jacobi-1d,3,LARGE,0.025475699478599147,0.03701566666666667,0.0009429999999999999,c
noarr,Naive,jacobi-1d,4,LARGE,0.5404011461318051,0.001745,0.0009429999999999999,c
noarr,Naive,jacobi-1d,5,LARGE,0.5724403075677863,0.0016473333333333333,0.0009429999999999999,c
noarr,standard,jacobi-1d,1,LARGE,1.403970223325062,0.0006716666666666667,0.0009429999999999999,c
noarr,standard,jacobi-1d,2,LARGE,1.398418190805734,0.0006743333333333333,0.0009429999999999999,c
noarr,standard,jacobi-1d,3,LARGE,1.3653474903474903,0.0006906666666666667,0.0009429999999999999,c
noarr,standard,jacobi-1d,4,LARGE,1.38134765625,0.0006826666666666666,0.0009429999999999999,c
noarr,standard,jacobi-1d,5,LARGE,1.384050880626223,0.0006813333333333333,0.0009429999999999999,c
c,AllHints,jacobi-2d,1,LARGE,9.261111731012424,0.17923999999999998,1.6599616666666668,c
c,AllHints,jacobi-2d,2,LARGE,7.449141234790987,0.2228393333333333,1.6599616666666668,c
c,AllHints,jacobi-2d,3,LARGE,10.095064048376338,0.16443300000000002,1.6599616666666668,c
c,AllHints,jacobi-2d,4,LARGE,0.8116002518952445,2.0452946666666665,1.6599616666666668,c
c,AllHints,jacobi-2d,5,LARGE,9.595912201156548,0.17298633333333333,1.6599616666666668,c
c,ChooseHints,jacobi-2d,1,LARGE,9.944395963839904,0.16692433333333334,1.6599616666666668,c
c,ChooseHints,jacobi-2d,2,LARGE,10.346372556963498,0.160439,1.6599616666666668,c
c,ChooseHints,jacobi-2d,3,LARGE,13.791333414569303,0.12036266666666666,1.6599616666666668,c
c,ChooseHints,jacobi-2d,4,LARGE,13.971055680711924,0.11881433333333334,1.6599616666666668,c
c,ChooseHints,jacobi-2d,5,LARGE,10.178194044188283,0.16308999999999998,1.6599616666666668,c
c,FromPlan,jacobi-2d,1,LARGE,0.5203726413931095,3.189948,1.6599616666666668,c
c,FromPlan,jacobi-2d,2,LARGE,0.5224378604563527,3.177338,1.6599616666666668,c
c,FromPlan,jacobi-2d,3,LARGE,8.616657178896665,0.19264566666666663,1.6599616666666668,c
c,FromPlan,jacobi-2d,4,LARGE,0.502375798082232,3.304223,1.6599616666666668,c
c,FromPlan,jacobi-2d,5,LARGE,6.730811338300012,0.24662133333333333,1.6599616666666668,c
c,Naive,jacobi-2d,1,LARGE,1.1368948948359354,1.4600836666666666,1.6599616666666668,c
c,Naive,jacobi-2d,2,LARGE,1.008549783308683,1.6458896666666665,1.6599616666666668,c
c,Naive,jacobi-2d,3,LARGE,1.0077844036298076,1.6471396666666667,1.6599616666666668,c
c,Naive,jacobi-2d,4,LARGE,10.083698656488242,0.16461833333333334,1.6599616666666668,c
c,standard,jacobi-2d,1,LARGE,1.0,1.6599616666666668,1.6599616666666668,c
exo,AllHints,jacobi-2d,2,LARGE,8.391725702191335,0.19780933333333336,1.6599616666666668,c
exo,AllHints,jacobi-2d,3,LARGE,11.501021951754641,0.14433166666666666,1.6599616666666668,c
exo,ChooseHints,jacobi-2d,1,LARGE,8.817904300509786,0.188249,1.6599616666666668,c
exo,ChooseHints,jacobi-2d,2,LARGE,8.978719222836043,0.18487733333333334,1.6599616666666668,c
exo,ChooseHints,jacobi-2d,4,LARGE,11.55385543426563,0.14367166666666667,1.6599616666666668,c
exo,Naive,jacobi-2d,3,LARGE,7.653848991297773,0.21687933333333334,1.6599616666666668,c
exo,standard,jacobi-2d,1,LARGE,1.0090195871839398,1.6451233333333333,1.6599616666666668,c
exo,standard,jacobi-2d,2,LARGE,1.0025979563843712,1.6556603333333333,1.6599616666666668,c
exo,standard,jacobi-2d,3,LARGE,1.00539879317056,1.651048,1.6599616666666668,c
exo,standard,jacobi-2d,4,LARGE,1.006743110827186,1.6488433333333334,1.6599616666666668,c
exo,standard,jacobi-2d,5,LARGE,1.0000600451523483,1.6598619999999997,1.6599616666666668,c
halide,AllHints,jacobi-2d,2,LARGE,3.051188857634245,0.5440376666666666,1.6599616666666668,c
halide,AllHints,jacobi-2d,3,LARGE,3.494077472081817,0.47507866666666665,1.6599616666666668,c
halide,AllHints,jacobi-2d,4,LARGE,3.492291185267521,0.47532166666666664,1.6599616666666668,c
halide,ChooseHints,jacobi-2d,1,LARGE,2.401079739385223,0.6913396666666666,1.6599616666666668,c
halide,ChooseHints,jacobi-2d,2,LARGE,4.052871664238685,0.4095766666666667,1.6599616666666668,c
halide,ChooseHints,jacobi-2d,3,LARGE,2.6399049400229435,0.628796,1.6599616666666668,c
halide,ChooseHints,jacobi-2d,4,LARGE,3.7027507314588655,0.448305,1.6599616666666668,c
halide,FromPlan,jacobi-2d,1,LARGE,3.3730534221365467,0.4921243333333334,1.6599616666666668,c
halide,FromPlan,jacobi-2d,2,LARGE,3.4028391813864505,0.4878166666666666,1.6599616666666668,c
halide,FromPlan,jacobi-2d,3,LARGE,2.4337294343891958,0.682065,1.6599616666666668,c
halide,FromPlan,jacobi-2d,4,LARGE,2.3196878503776106,0.7155969999999999,1.6599616666666668,c
halide,FromPlan,jacobi-2d,5,LARGE,0.5341532381589008,3.107650666666667,1.6599616666666668,c
halide,Naive,jacobi-2d,1,LARGE,3.0482454126825855,0.544563,1.6599616666666668,c
halide,Naive,jacobi-2d,3,LARGE,2.2546811748337356,0.7362290000000001,1.6599616666666668,c
halide,Naive,jacobi-2d,4,LARGE,2.7097403812877765,0.6125906666666667,1.6599616666666668,c
halide,Naive,jacobi-2d,5,LARGE,2.569541764789654,0.6460146666666667,1.6599616666666668,c
halide,standard,jacobi-2d,3,LARGE,0.24413109750492748,6.7994683333333334,1.6599616666666668,c
halide,standard,jacobi-2d,4,LARGE,0.5721364055240241,2.901339,1.6599616666666668,c
halide,standard,jacobi-2d,5,LARGE,0.24344028169330806,6.818763333333333,1.6599616666666668,c
noarr,AllHints,jacobi-2d,1,LARGE,8.989676075356165,0.184652,1.6599616666666668,c
noarr,AllHints,jacobi-2d,2,LARGE,8.953310464108624,0.18540199999999998,1.6599616666666668,c
noarr,AllHints,jacobi-2d,3,LARGE,9.226383248354777,0.17991466666666667,1.6599616666666668,c
noarr,AllHints,jacobi-2d,4,LARGE,8.247942521444319,0.20125766666666667,1.6599616666666668,c
noarr,AllHints,jacobi-2d,5,LARGE,8.954759438678261,0.185372,1.6599616666666668,c
noarr,ChooseHints,jacobi-2d,1,LARGE,0.9771080661348694,1.6988516666666669,1.6599616666666668,c
noarr,ChooseHints,jacobi-2d,2,LARGE,8.803500621385929,0.188557,1.6599616666666668,c
noarr,ChooseHints,jacobi-2d,3,LARGE,0.970971758497759,1.709588,1.6599616666666668,c
noarr,ChooseHints,jacobi-2d,4,LARGE,8.981682715633,0.18481633333333333,1.6599616666666668,c
noarr,ChooseHints,jacobi-2d,5,LARGE,9.01305656457063,0.184173,1.6599616666666668,c
noarr,FromPlan,jacobi-2d,1,LARGE,0.4827293761470541,3.4387003333333332,1.6599616666666668,c
noarr,FromPlan,jacobi-2d,2,LARGE,0.4841820018004598,3.4283836666666665,1.6599616666666668,c
noarr,FromPlan,jacobi-2d,3,LARGE,0.48491065363570646,3.423232,1.6599616666666668,c
noarr,FromPlan,jacobi-2d,4,LARGE,0.5112577343634422,3.2468196666666667,1.6599616666666668,c
noarr,FromPlan,jacobi-2d,5,LARGE,0.46582923353606415,3.5634553333333336,1.6599616666666668,c
noarr,Naive,jacobi-2d,1,LARGE,8.71494472532415,0.190473,1.6599616666666668,c
noarr,Naive,jacobi-2d,2,LARGE,0.5062671320229793,3.2788256666666666,1.6599616666666668,c
noarr,Naive,jacobi-2d,3,LARGE,8.986869483459628,0.18470966666666666,1.6599616666666668,c
noarr,Naive,jacobi-2d,5,LARGE,0.15665043315474142,10.596598,1.6599616666666668,c
noarr,standard,jacobi-2d,1,LARGE,0.9703343619504796,1.7107109999999999,1.6599616666666668,c
noarr,standard,jacobi-2d,2,LARGE,0.9739335718938967,1.704389,1.6599616666666668,c
noarr,standard,jacobi-2d,3,LARGE,0.9732774448101812,1.705538,1.6599616666666668,c
noarr,standard,jacobi-2d,4,LARGE,0.9690204028260246,1.7130306666666666,1.6599616666666668,c
noarr,standard,jacobi-2d,5,LARGE,0.9730695797942321,1.7059023333333334,1.6599616666666668,c
c,AllHints,lu,1,LARGE,1.520157945135439,2.9070009999999997,4.419100666666666,c
c,AllHints,lu,2,LARGE,1.5998520499409885,2.7621933333333337,4.419100666666666,c
c,AllHints,lu,3,LARGE,1.8379794969510501,2.4043253333333334,4.419100666666666,c
c,AllHints,lu,4,LARGE,1.5332839483041676,2.882115,4.419100666666666,c
c,AllHints,lu,5,LARGE,1.52670451345852,2.8945356666666666,4.419100666666666,c
c,ChooseHints,lu,1,LARGE,1.291701990278695,3.4211456666666664,4.419100666666666,c
c,ChooseHints,lu,2,LARGE,1.540140202192091,2.8692846666666667,4.419100666666666,c
c,ChooseHints,lu,3,LARGE,1.5202745674649618,2.9067779999999996,4.419100666666666,c
c,ChooseHints,lu,4,LARGE,1.5282203077028063,2.8916646666666668,4.419100666666666,c
c,ChooseHints,lu,5,LARGE,1.877213998653681,2.354074,4.419100666666666,c
c,FromPlan,lu,1,LARGE,1.5279136679868632,2.8922450000000004,4.419100666666666,c
c,FromPlan,lu,2,LARGE,1.5681253752556705,2.8180786666666666,4.419100666666666,c
c,FromPlan,lu,3,LARGE,1.4888728466191552,2.9680846666666665,4.419100666666666,c
c,FromPlan,lu,4,LARGE,1.0040714826261798,4.401181333333333,4.419100666666666,c
c,FromPlan,lu,5,LARGE,4.233130765860866,1.043932,4.419100666666666,c
c,Naive,lu,1,LARGE,1.5174621495849132,2.9121653333333337,4.419100666666666,c
c,Naive,lu,2,LARGE,1.5112009504949047,2.9242310000000002,4.419100666666666,c
c,Naive,lu,3,LARGE,1.514104999539166,2.9186223333333334,4.419100666666666,c
c,Naive,lu,4,LARGE,1.525792054138661,2.896266666666667,4.419100666666666,c
c,Naive,lu,5,LARGE,1.5284317335643431,2.891264666666667,4.419100666666666,c
c,standard,lu,1,LARGE,1.0,4.419100666666666,4.419100666666666,c
exo,AllHints,lu,1,LARGE,1.795479779135421,2.4612366666666667,4.419100666666666,c
exo,AllHints,lu,2,LARGE,1.645375894110552,2.685769666666667,4.419100666666666,c
exo,AllHints,lu,3,LARGE,1.6653788967873,2.6535106666666666,4.419100666666666,c
exo,AllHints,lu,4,LARGE,0.09390955476962116,47.05698666666667,4.419100666666666,c
exo,AllHints,lu,5,LARGE,1.2380737143709373,3.569335666666667,4.419100666666666,c
exo,ChooseHints,lu,1,LARGE,1.5054201612921536,2.9354600000000004,4.419100666666666,c
exo,ChooseHints,lu,2,LARGE,1.796232212022382,2.460205666666667,4.419100666666666,c
exo,ChooseHints,lu,3,LARGE,0.9972332053866967,4.431361333333333,4.419100666666666,c
exo,FromPlan,lu,3,LARGE,1.30136513106069,3.395742333333333,4.419100666666666,c
exo,Naive,lu,1,LARGE,1.5976063805429301,2.766076,4.419100666666666,c
exo,Naive,lu,2,LARGE,1.5021294695746676,2.941890666666667,4.419100666666666,c
exo,Naive,lu,3,LARGE,1.4766760230791507,2.9926,4.419100666666666,c
exo,Naive,lu,4,LARGE,1.6465020607819518,2.6839326666666667,4.419100666666666,c
exo,Naive,lu,5,LARGE,1.499910790320823,2.9462423333333336,4.419100666666666,c
exo,standard,lu,1,LARGE,1.0046247910015798,4.398757333333333,4.419100666666666,c
exo,standard,lu,2,LARGE,0.9939126579319499,4.446166,4.419100666666666,c
exo,standard,lu,3,LARGE,1.0011890595645208,4.413852333333334,4.419100666666666,c
exo,standard,lu,4,LARGE,0.9953308282830284,4.439831,4.419100666666666,c
exo,standard,lu,5,LARGE,1.0057085957261127,4.394017,4.419100666666666,c
halide,ChooseHints,lu,2,LARGE,0.6847826648404833,6.453289333333333,4.419100666666666,c
halide,ChooseHints,lu,4,LARGE,0.6610207859052457,6.685267333333333,4.419100666666666,c
halide,ChooseHints,lu,5,LARGE,0.5538378770441078,7.979051000000001,4.419100666666666,c
halide,FromPlan,lu,5,LARGE,0.553321174484983,7.986502000000001,4.419100666666666,c
halide,standard,lu,1,LARGE,0.5437101059695851,8.127678000000001,4.419100666666666,c
halide,standard,lu,5,LARGE,0.5647869152711972,7.824368,4.419100666666666,c
noarr,AllHints,lu,1,LARGE,1.006726239121385,4.389575333333333,4.419100666666666,c
noarr,AllHints,lu,2,LARGE,1.0073789185782518,4.3867313333333335,4.419100666666666,c
noarr,AllHints,lu,3,LARGE,1.5232871367036616,2.9010293333333337,4.419100666666666,c
noarr,AllHints,lu,4,LARGE,1.00665186045634,4.3898996666666665,4.419100666666666,c
noarr,AllHints,lu,5,LARGE,1.5055102555084667,2.935284333333333,4.419100666666666,c
noarr,ChooseHints,lu,1,LARGE,1.0129877552536128,4.362442333333333,4.419100666666666,c
noarr,ChooseHints,lu,2,LARGE,1.0075638145313124,4.385926333333334,4.419100666666666,c
noarr,ChooseHints,lu,3,LARGE,1.0132537790172664,4.3612969999999995,4.419100666666666,c
noarr,ChooseHints,lu,5,LARGE,1.0028842951912122,4.4063913333333335,4.419100666666666,c
noarr,FromPlan,lu,1,LARGE,1.6101116644145612,2.744592666666667,4.419100666666666,c
noarr,FromPlan,lu,2,LARGE,1.523857417460178,2.8999436666666667,4.419100666666666,c
noarr,FromPlan,lu,3,LARGE,1.517328418294693,2.912422,4.419100666666666,c
noarr,FromPlan,lu,4,LARGE,1.5259206074353928,2.8960226666666666,4.419100666666666,c
noarr,FromPlan,lu,5,LARGE,1.505797363841287,2.9347246666666664,4.419100666666666,c
noarr,Naive,lu,1,LARGE,1.0063140460235673,4.391373333333333,4.419100666666666,c
noarr,Naive,lu,2,LARGE,1.0060466908253012,4.392540333333334,4.419100666666666,c
noarr,Naive,lu,3,LARGE,1.5257969710794574,2.8962573333333332,4.419100666666666,c
noarr,Naive,lu,4,LARGE,0.9973398857204071,4.430887333333334,4.419100666666666,c
noarr,standard,lu,2,LARGE,1.0094441064563509,4.3777566666666665,4.419100666666666,c
noarr,standard,lu,5,LARGE,1.00876633510611,4.380698,4.419100666666666,c
c,AllHints,ludcmp,1,LARGE,1.5588026681897373,2.8089456666666663,4.378592,c
c,AllHints,ludcmp,2,LARGE,1.6882114793398129,2.5936276666666664,4.378592,c
c,AllHints,ludcmp,3,LARGE,1.0738184280717404,4.077590666666667,4.378592,c
c,AllHints,ludcmp,5,LARGE,1.0012731081477244,4.373024666666667,4.378592,c
c,ChooseHints,ludcmp,1,LARGE,1.8740889234405358,2.336384333333333,4.378592,c
c,ChooseHints,ludcmp,2,LARGE,1.843157735515264,2.3755926666666665,4.378592,c
c,ChooseHints,ludcmp,3,LARGE,1.6823929630306542,2.6025976666666666,4.378592,c
c,ChooseHints,ludcmp,4,LARGE,1.8810647328716514,2.32772,4.378592,c
c,ChooseHints,ludcmp,5,LARGE,1.9008801995263638,2.303455,4.378592,c
c,FromPlan,ludcmp,1,LARGE,1.5187913747920965,2.882945,4.378592,c
c,FromPlan,ludcmp,3,LARGE,1.6750415069509799,2.61402,4.378592,c
c,FromPlan,ludcmp,4,LARGE,1.5139661610806325,2.8921333333333337,4.378592,c
c,FromPlan,ludcmp,5,LARGE,1.5112856513198836,2.897263,4.378592,c
c,Naive,ludcmp,2,LARGE,1.5058944805779175,2.9076353333333333,4.378592,c
c,Naive,ludcmp,3,LARGE,0.9955538848181508,4.398146666666666,4.378592,c
c,Naive,ludcmp,4,LARGE,1.07949761086406,4.056138666666667,4.378592,c
c,standard,ludcmp,1,LARGE,1.0,4.378592,4.378592,c
exo,AllHints,ludcmp,2,LARGE,0.9954098667745148,4.398783,4.378592,c
exo,AllHints,ludcmp,5,LARGE,1.7544832847756846,2.495659,4.378592,c
exo,ChooseHints,ludcmp,1,LARGE,0.9914042368008193,4.4165556666666665,4.378592,c
exo,ChooseHints,ludcmp,3,LARGE,1.7733356031408125,2.4691276666666666,4.378592,c
exo,ChooseHints,ludcmp,4,LARGE,1.478540425195677,2.9614286666666665,4.378592,c
exo,FromPlan,ludcmp,3,LARGE,0.12167031365819059,35.98734866666667,4.378592,c
exo,Naive,ludcmp,1,LARGE,1.4599835860191295,2.9990693333333334,4.378592,c
exo,Naive,ludcmp,2,LARGE,0.9959937409642697,4.396204333333333,4.378592,c
exo,Naive,ludcmp,3,LARGE,1.3264518766241389,3.3009806666666663,4.378592,c
exo,Naive,ludcmp,5,LARGE,0.9975477797918252,4.389355666666667,4.378592,c
exo,standard,ludcmp,1,LARGE,0.9972908847835308,4.3904863333333335,4.378592,c
exo,standard,ludcmp,2,LARGE,0.9917410629854649,4.4150556666666665,4.378592,c
exo,standard,ludcmp,3,LARGE,0.9914811627065996,4.416213,4.378592,c
exo,standard,ludcmp,4,LARGE,0.9921146836458934,4.413393,4.378592,c
exo,standard,ludcmp,5,LARGE,0.9952980156134736,4.399277333333333,4.378592,c
halide,AllHints,ludcmp,2,LARGE,0.5545825614247814,7.895293333333334,4.378592,c
halide,AllHints,ludcmp,4,LARGE,0.6741710879960191,6.494778666666666,4.378592,c
halide,ChooseHints,ludcmp,1,LARGE,0.5541494121300886,7.901464666666667,4.378592,c
halide,Naive,ludcmp,3,LARGE,0.6781346127388335,6.4568183333333335,4.378592,c
halide,standard,ludcmp,1,LARGE,1.007001833194692,4.348147,4.378592,c
halide,standard,ludcmp,3,LARGE,0.5605129395312888,7.8117589999999995,4.378592,c
halide,standard,ludcmp,4,LARGE,0.5437870279081429,8.052034666666666,4.378592,c
noarr,AllHints,ludcmp,1,LARGE,1.0012911204483204,4.372946,4.378592,c
noarr,AllHints,ludcmp,2,LARGE,1.1317608917904063,3.868831333333334,4.378592,c
noarr,AllHints,ludcmp,3,LARGE,0.9978932667492587,4.387836,4.378592,c
noarr,AllHints,ludcmp,4,LARGE,1.0053302699422095,4.3553766666666665,4.378592,c
noarr,AllHints,ludcmp,5,LARGE,1.0062127958807077,4.351556666666667,4.378592,c
noarr,ChooseHints,ludcmp,1,LARGE,0.9958916494471366,4.396655,4.378592,c
noarr,ChooseHints,ludcmp,2,LARGE,0.9942577908571533,4.40388,4.378592,c
noarr,ChooseHints,ludcmp,3,LARGE,0.9938291659031494,4.405779333333333,4.378592,c
noarr,ChooseHints,ludcmp,4,LARGE,1.0021541799605418,4.36918,4.378592,c
noarr,ChooseHints,ludcmp,5,LARGE,0.9987879149163565,4.383905666666667,4.378592,c
noarr,FromPlan,ludcmp,1,LARGE,0.9975736886971743,4.389241666666667,4.378592,c
noarr,FromPlan,ludcmp,2,LARGE,0.9940568221831617,4.404770333333334,4.378592,c
noarr,FromPlan,ludcmp,3,LARGE,0.988466812616501,4.429680333333334,4.378592,c
noarr,FromPlan,ludcmp,5,LARGE,1.0036332663341694,4.362741,4.378592,c
noarr,Naive,ludcmp,1,LARGE,0.9937652573862622,4.406062666666666,4.378592,c
noarr,Naive,ludcmp,2,LARGE,1.0012647891259694,4.373061,4.378592,c
noarr,Naive,ludcmp,3,LARGE,0.9884485149579507,4.429762333333334,4.378592,c
noarr,Naive,ludcmp,4,LARGE,0.9942996350640115,4.4036946666666665,4.378592,c
noarr,Naive,ludcmp,5,LARGE,0.9954951107670136,4.398406333333333,4.378592,c
noarr,standard,ludcmp,1,LARGE,0.997654378559179,4.388886666666667,4.378592,c
c,AllHints,mvt,1,LARGE,2.8640598346673665,0.0050806666666666665,0.014551333333333333,c
c,AllHints,mvt,2,LARGE,5.611775292454043,0.002593,0.014551333333333333,c
c,AllHints,mvt,4,LARGE,6.288389513108614,0.002314,0.014551333333333333,c
c,AllHints,mvt,5,LARGE,2.097539880837978,0.0069373333333333335,0.014551333333333333,c
c,ChooseHints,mvt,1,LARGE,4.797142857142856,0.0030333333333333336,0.014551333333333333,c
c,ChooseHints,mvt,2,LARGE,10.453544061302681,0.001392,0.014551333333333333,c
c,ChooseHints,mvt,3,LARGE,0.998810232004759,0.014568666666666667,0.014551333333333333,c
c,ChooseHints,mvt,5,LARGE,6.712901737659541,0.0021676666666666667,0.014551333333333333,c
c,FromPlan,mvt,1,LARGE,1.9200387051372272,0.007578666666666667,0.014551333333333333,c
c,FromPlan,mvt,2,LARGE,1.3825057005320498,0.010525333333333333,0.014551333333333333,c
c,FromPlan,mvt,3,LARGE,2.40068191816982,0.006061333333333333,0.014551333333333333,c
c,FromPlan,mvt,4,LARGE,2.398571428571428,0.006066666666666667,0.014551333333333333,c
c,FromPlan,mvt,5,LARGE,2.369023715200521,0.006142333333333333,0.014551333333333333,c
c,Naive,mvt,1,LARGE,2.383120427994322,0.006106,0.014551333333333333,c
c,Naive,mvt,2,LARGE,2.390166447656592,0.0060880000000000005,0.014551333333333333,c
c,Naive,mvt,3,LARGE,2.3627408529984844,0.0061586666666666665,0.014551333333333333,c
c,Naive,mvt,4,LARGE,1.7435098650051921,0.008346,0.014551333333333333,c
c,Naive,mvt,5,LARGE,2.3846826177209657,0.006102,0.014551333333333333,c
c,standard,mvt,1,LARGE,1.0,0.014551333333333333,0.014551333333333333,c
exo,AllHints,mvt,1,LARGE,4.81885417816536,0.003019666666666667,0.014551333333333333,c
exo,AllHints,mvt,2,LARGE,5.9734537493158175,0.0024360000000000002,0.014551333333333333,c
exo,AllHints,mvt,3,LARGE,5.095004668534081,0.0028559999999999996,0.014551333333333333,c
exo,AllHints,mvt,4,LARGE,6.166690210481707,0.0023596666666666666,0.014551333333333333,c
exo,AllHints,mvt,5,LARGE,3.000274914089347,0.00485,0.014551333333333333,c
exo,ChooseHints,mvt,1,LARGE,2.3584008643976233,0.006169999999999999,0.014551333333333333,c
exo,ChooseHints,mvt,2,LARGE,2.409028199326748,0.0060403333333333325,0.014551333333333333,c
exo,ChooseHints,mvt,3,LARGE,6.5409050044950545,0.002224666666666667,0.014551333333333333,c
exo,ChooseHints,mvt,4,LARGE,2.3692808683853457,0.006141666666666667,0.014551333333333333,c
exo,ChooseHints,mvt,5,LARGE,6.432002357448061,0.0022623333333333336,0.014551333333333333,c
exo,FromPlan,mvt,2,LARGE,1.9341603898980948,0.007523333333333333,0.014551333333333333,c
exo,FromPlan,mvt,3,LARGE,0.27535354299915477,0.052846000000000004,0.014551333333333333,c
exo,FromPlan,mvt,4,LARGE,0.2746657438575518,0.05297833333333333,0.014551333333333333,c
exo,Naive,mvt,2,LARGE,6.583320766098628,0.0022103333333333332,0.014551333333333333,c
exo,Naive,mvt,3,LARGE,2.2316854966515,0.006520333333333334,0.014551333333333333,c
exo,Naive,mvt,4,LARGE,2.8856425171866738,0.005042666666666667,0.014551333333333333,c
exo,standard,mvt,1,LARGE,0.968560715315835,0.015023666666666666,0.014551333333333333,c
exo,standard,mvt,2,LARGE,0.9659674278633387,0.015064,0.014551333333333333,c
exo,standard,mvt,3,LARGE,0.9753122277083939,0.014919666666666666,0.014551333333333333,c
exo,standard,mvt,4,LARGE,0.9727694090382386,0.014958666666666667,0.014551333333333333,c
exo,standard,mvt,5,LARGE,0.972791086350975,0.014958333333333332,0.014551333333333333,c
halide,AllHints,mvt,3,LARGE,3.0275331160274637,0.0048063333333333335,0.014551333333333333,c
halide,AllHints,mvt,5,LARGE,0.5423800412494098,0.026828666666666667,0.014551333333333333,c
halide,ChooseHints,mvt,2,LARGE,0.5989764136057408,0.02429366666666667,0.014551333333333333,c
halide,FromPlan,mvt,5,LARGE,0.9019048799636379,0.016134,0.014551333333333333,c
halide,Naive,mvt,2,LARGE,1.3625269203158652,0.010679666666666665,0.014551333333333333,c
halide,Naive,mvt,3,LARGE,3.543919467446014,0.004105999999999999,0.014551333333333333,c
halide,standard,mvt,1,LARGE,0.8553737631037523,0.017011666666666665,0.014551333333333333,c
halide,standard,mvt,2,LARGE,1.2565918249856074,0.01158,0.014551333333333333,c
halide,standard,mvt,3,LARGE,0.8562294053036246,0.01699466666666667,0.014551333333333333,c
halide,standard,mvt,4,LARGE,0.8538178688781097,0.017042666666666668,0.014551333333333333,c
halide,standard,mvt,5,LARGE,0.8569185167736489,0.016981,0.014551333333333333,c
noarr,AllHints,mvt,1,LARGE,3.000274914089347,0.00485,0.014551333333333333,c
noarr,AllHints,mvt,2,LARGE,2.115942028985507,0.006877,0.014551333333333333,c
noarr,AllHints,mvt,3,LARGE,1.944672131147541,0.007482666666666666,0.014551333333333333,c
noarr,AllHints,mvt,4,LARGE,3.020619983393302,0.004817333333333333,0.014551333333333333,c
noarr,AllHints,mvt,5,LARGE,2.114814455963569,0.006880666666666667,0.014551333333333333,c
noarr,ChooseHints,mvt,1,LARGE,2.1130742049469964,0.006886333333333334,0.014551333333333333,c
noarr,ChooseHints,mvt,2,LARGE,2.125109531691169,0.006847333333333334,0.014551333333333333,c
noarr,ChooseHints,mvt,3,LARGE,2.1114389359129384,0.006891666666666667,0.014551333333333333,c
noarr,ChooseHints,mvt,4,LARGE,2.114507144587067,0.006881666666666667,0.014551333333333333,c
noarr,ChooseHints,mvt,5,LARGE,2.1233523031275836,0.006853000000000001,0.014551333333333333,c
noarr,FromPlan,mvt,1,LARGE,1.7490284065868025,0.008319666666666666,0.014551333333333333,c
noarr,FromPlan,mvt,2,LARGE,1.7325078382347103,0.008399,0.014551333333333333,c
noarr,FromPlan,mvt,3,LARGE,1.7204902849485673,0.008457666666666667,0.014551333333333333,c
noarr,FromPlan,mvt,4,LARGE,1.7621604165825697,0.008257666666666667,0.014551333333333333,c
noarr,FromPlan,mvt,5,LARGE,1.760880964866282,0.008263666666666667,0.014551333333333333,c
noarr,Naive,mvt,1,LARGE,1.0169831100757134,0.014308333333333333,0.014551333333333333,c
noarr,Naive,mvt,2,LARGE,1.1104497354497356,0.013104,0.014551333333333333,c
noarr,Naive,mvt,3,LARGE,2.111030514048068,0.006893,0.014551333333333333,c
noarr,Naive,mvt,4,LARGE,1.770235198702352,0.00822,0.014551333333333333,c
noarr,Naive,mvt,5,LARGE,2.109806195930598,0.006897,0.014551333333333333,c
noarr,standard,mvt,1,LARGE,1.059408823957676,0.013735333333333334,0.014551333333333333,c
noarr,standard,mvt,2,LARGE,1.0638235652491774,0.013678333333333334,0.014551333333333333,c
noarr,standard,mvt,3,LARGE,1.0589205579138872,0.013741666666666666,0.014551333333333333,c
noarr,standard,mvt,4,LARGE,1.0638235652491774,0.013678333333333334,0.014551333333333333,c
noarr,standard,mvt,5,LARGE,1.063175840233804,0.013686666666666666,0.014551333333333333,c
c,AllHints,nussinov,1,LARGE,42.08072174051503,0.18422133333333335,7.752166666666667,c
c,AllHints,nussinov,3,LARGE,58.94750449269889,0.13150966666666666,7.752166666666667,c
c,AllHints,nussinov,5,LARGE,83.24742452553282,0.093122,7.752166666666667,c
c,ChooseHints,nussinov,1,LARGE,84.82170536981046,0.09139366666666666,7.752166666666667,c
c,ChooseHints,nussinov,2,LARGE,57.52145630827829,0.13477000000000003,7.752166666666667,c
c,ChooseHints,nussinov,4,LARGE,57.75228833804327,0.13423133333333334,7.752166666666667,c
c,ChooseHints,nussinov,5,LARGE,74.33041421631296,0.10429333333333334,7.752166666666667,c
c,FromPlan,nussinov,1,LARGE,1.9187657459825262,4.040184,7.752166666666667,c
c,FromPlan,nussinov,3,LARGE,41.22250385522094,0.18805666666666668,7.752166666666667,c
c,FromPlan,nussinov,4,LARGE,12.260098707066062,0.6323086666666667,7.752166666666667,c
c,FromPlan,nussinov,5,LARGE,1.8605953168984282,4.166498,7.752166666666667,c
c,Naive,nussinov,1,LARGE,1.9408755066459955,3.9941596666666666,7.752166666666667,c
c,Naive,nussinov,2,LARGE,1.9323064201860198,4.011872333333333,7.752166666666667,c
c,Naive,nussinov,3,LARGE,1.9514222437550544,3.9725726666666668,7.752166666666667,c
c,Naive,nussinov,5,LARGE,1.9606643015439564,3.9538469999999997,7.752166666666667,c
c,standard,nussinov,1,LARGE,1.0,7.752166666666667,7.752166666666667,c
exo,AllHints,nussinov,2,LARGE,22.111458140209265,0.350595,7.752166666666667,c
exo,AllHints,nussinov,3,LARGE,38.81102893075044,0.19974133333333333,7.752166666666667,c
exo,AllHints,nussinov,5,LARGE,43.431857187410706,0.17849033333333333,7.752166666666667,c
exo,ChooseHints,nussinov,1,LARGE,1.017206498539612,7.621035333333334,7.752166666666667,c
exo,ChooseHints,nussinov,2,LARGE,44.01122587628828,0.17614066666666664,7.752166666666667,c
exo,ChooseHints,nussinov,3,LARGE,22.056431612400875,0.35146966666666674,7.752166666666667,c
exo,ChooseHints,nussinov,4,LARGE,43.95732133744118,0.17635666666666663,7.752166666666667,c
exo,ChooseHints,nussinov,5,LARGE,43.9840907199649,0.17624933333333334,7.752166666666667,c
exo,FromPlan,nussinov,1,LARGE,43.79186132122191,0.177023,7.752166666666667,c
exo,FromPlan,nussinov,4,LARGE,1.0216631330663022,7.587791333333333,7.752166666666667,c
exo,Naive,nussinov,1,LARGE,1.0230374673698273,7.577597999999999,7.752166666666667,c
exo,Naive,nussinov,2,LARGE,1.0052234968447615,7.711883666666666,7.752166666666667,c
exo,standard,nussinov,1,LARGE,0.9865604392084864,7.857771666666667,7.752166666666667,c
exo,standard,nussinov,2,LARGE,1.0097459928629826,7.677343333333333,7.752166666666667,c
exo,standard,nussinov,3,LARGE,0.9920821127379648,7.814037333333334,7.752166666666667,c
exo,standard,nussinov,5,LARGE,1.0136009456585418,7.648144666666667,7.752166666666667,c
halide,AllHints,nussinov,4,LARGE,1.6547221999875485,4.684875,7.752166666666667,c
halide,ChooseHints,nussinov,1,LARGE,1.1424853336058156,6.785353333333333,7.752166666666667,c
halide,ChooseHints,nussinov,3,LARGE,1.136888981139908,6.818754333333334,7.752166666666667,c
halide,standard,nussinov,3,LARGE,0.35540535611069585,21.812183,7.752166666666667,c
halide,standard,nussinov,4,LARGE,0.9651626359113874,8.031979666666667,7.752166666666667,c
c,AllHints,seidel-2d,1,LARGE,1.3566497108809779,20.025547333333332,27.167653,c
c,AllHints,seidel-2d,2,LARGE,0.9742679708887825,27.885195666666664,27.167653,c
c,AllHints,seidel-2d,3,LARGE,0.974273933769111,27.885025,27.167653,c
c,AllHints,seidel-2d,4,LARGE,0.9096322439016981,29.86663366666667,27.167653,c
c,AllHints,seidel-2d,5,LARGE,1.309658065835744,20.744080999999998,27.167653,c
c,ChooseHints,seidel-2d,1,LARGE,1.356671683506346,20.025223,27.167653,c
c,ChooseHints,seidel-2d,2,LARGE,0.9743276146244064,27.883488666666665,27.167653,c
c,ChooseHints,seidel-2d,3,LARGE,1.8723232406675716,14.510129666666666,27.167653,c
c,ChooseHints,seidel-2d,4,LARGE,1.0000827277663698,27.16540566666667,27.167653,c
c,ChooseHints,seidel-2d,5,LARGE,1.2257108496376283,22.164814000000003,27.167653,c
c,FromPlan,seidel-2d,1,LARGE,1.8961841064175267,14.327539666666667,27.167653,c
c,FromPlan,seidel-2d,2,LARGE,1.896301283460854,14.326654333333332,27.167653,c
c,FromPlan,seidel-2d,3,LARGE,1.8962471490435702,14.327063333333333,27.167653,c
c,FromPlan,seidel-2d,4,LARGE,1.8965266782168315,14.324951666666669,27.167653,c
c,FromPlan,seidel-2d,5,LARGE,1.8965912883160654,14.324463666666666,27.167653,c
c,Naive,seidel-2d,2,LARGE,0.9097454037647313,29.86291866666667,27.167653,c
c,Naive,seidel-2d,3,LARGE,1.2674431005577418,21.435008,27.167653,c
c,Naive,seidel-2d,4,LARGE,1.1960193372429762,22.715061666666667,27.167653,c
c,Naive,seidel-2d,5,LARGE,0.9976856736106456,27.230673666666664,27.167653,c
c,standard,seidel-2d,1,LARGE,1.0,27.167653,27.167653,c
exo,AllHints,seidel-2d,1,LARGE,0.9998849621976237,27.170778666666667,27.167653,c
exo,ChooseHints,seidel-2d,1,LARGE,0.8836321095827095,30.745434333333336,27.167653,c
exo,FromPlan,seidel-2d,2,LARGE,1.1451918302311235,23.723233333333337,27.167653,c
exo,FromPlan,seidel-2d,3,LARGE,1.1474086097937468,23.677400333333335,27.167653,c
exo,Naive,seidel-2d,3,LARGE,0.8814667528489946,30.820961666666665,27.167653,c
exo,standard,seidel-2d,1,LARGE,0.9999874361968297,27.167994333333336,27.167653,c
exo,standard,seidel-2d,2,LARGE,1.0000352883076205,27.166694333333336,27.167653,c
exo,standard,seidel-2d,3,LARGE,0.9999788723791214,27.168227,27.167653,c
exo,standard,seidel-2d,4,LARGE,0.9999666526296077,27.168559,27.167653,c
exo,standard,seidel-2d,5,LARGE,1.000026294215263,27.166938666666667,27.167653,c
halide,AllHints,seidel-2d,1,LARGE,27.011042972843455,1.005798,27.167653,c
halide,AllHints,seidel-2d,2,LARGE,26.54400168051627,1.023495,27.167653,c
halide,ChooseHints,seidel-2d,1,LARGE,27.2965015863213,0.9952796666666668,27.167653,c
halide,Naive,seidel-2d,1,LARGE,27.732980564480073,0.9796153333333333,27.167653,c
halide,Naive,seidel-2d,2,LARGE,33.131984497233276,0.8199826666666666,27.167653,c
halide,Naive,seidel-2d,5,LARGE,30.67748444726826,0.8855893333333333,27.167653,c
halide,standard,seidel-2d,1,LARGE,4.043368288264726,6.719064666666667,27.167653,c
halide,standard,seidel-2d,3,LARGE,7.0157242064858405,3.8723946666666667,27.167653,c
noarr,AllHints,seidel-2d,1,LARGE,1.0000246622895153,27.166983,27.167653,c
noarr,AllHints,seidel-2d,2,LARGE,1.3475871963494046,20.160219,27.167653,c
noarr,AllHints,seidel-2d,3,LARGE,1.265691838769013,21.464666333333337,27.167653,c
noarr,AllHints,seidel-2d,4,LARGE,1.3566477688332161,20.025576,27.167653,c
noarr,AllHints,seidel-2d,5,LARGE,1.3566581340129495,20.025423,27.167653,c
noarr,ChooseHints,seidel-2d,1,LARGE,1.356613512928016,20.026081666666666,27.167653,c
noarr,ChooseHints,seidel-2d,2,LARGE,1.3566383296570046,20.025715333333334,27.167653,c
noarr,ChooseHints,seidel-2d,3,LARGE,1.0000436199508895,27.166468,27.167653,c
noarr,ChooseHints,seidel-2d,4,LARGE,0.999997852843303,27.167711333333333,27.167653,c
noarr,ChooseHints,seidel-2d,5,LARGE,1.3566515174420268,20.025520666666665,27.167653,c
noarr,FromPlan,seidel-2d,1,LARGE,1.1456491903829462,23.713762666666668,27.167653,c
noarr,FromPlan,seidel-2d,2,LARGE,1.3565411228167574,20.027150333333335,27.167653,c
noarr,FromPlan,seidel-2d,3,LARGE,1.1489340259936955,23.645964333333335,27.167653,c
noarr,FromPlan,seidel-2d,4,LARGE,1.1484363015172463,23.656212333333333,27.167653,c
noarr,Naive,seidel-2d,1,LARGE,1.0000662841954882,27.165852333333333,27.167653,c
noarr,Naive,seidel-2d,2,LARGE,1.3476468014425482,20.159327333333334,27.167653,c
noarr,Naive,seidel-2d,3,LARGE,1.3567704223199977,20.023765666666666,27.167653,c
noarr,Naive,seidel-2d,4,LARGE,0.9959840570127013,27.27719666666667,27.167653,c
noarr,Naive,seidel-2d,5,LARGE,1.3566585856583688,20.025416333333336,27.167653,c
noarr,standard,seidel-2d,1,LARGE,1.0000047237771903,27.167524666666665,27.167653,c
noarr,standard,seidel-2d,2,LARGE,1.0000333986758836,27.166745666666667,27.167653,c
noarr,standard,seidel-2d,3,LARGE,1.000084580769825,27.165355333333334,27.167653,c
noarr,standard,seidel-2d,4,LARGE,1.0000883236123164,27.16525366666667,27.167653,c
noarr,standard,seidel-2d,5,LARGE,0.9999440787774212,27.169172333333336,27.167653,c
c,AllHints,symm,1,LARGE,68.3217164737721,0.023156,1.5820576666666666,c
c,AllHints,symm,2,LARGE,3.358992905040783,0.47099166666666664,1.5820576666666666,c
c,AllHints,symm,3,LARGE,5.5598582557254135,0.28455,1.5820576666666666,c
c,AllHints,symm,4,LARGE,0.30228581782816255,5.233648333333334,1.5820576666666666,c
c,AllHints,symm,5,LARGE,23.293528993153537,0.06791833333333334,1.5820576666666666,c
c,ChooseHints,symm,1,LARGE,3.3018486478288662,0.47914300000000004,1.5820576666666666,c
c,ChooseHints,symm,2,LARGE,18.432455629344826,0.08583,1.5820576666666666,c
c,ChooseHints,symm,3,LARGE,23.170486777291213,0.06827899999999999,1.5820576666666666,c
c,ChooseHints,symm,4,LARGE,29.28687877179775,0.054019333333333336,1.5820576666666666,c
c,ChooseHints,symm,5,LARGE,6.533189900216251,0.24215699999999998,1.5820576666666666,c
c,FromPlan,symm,1,LARGE,3.653091352433497,0.43307366666666663,1.5820576666666666,c
c,FromPlan,symm,2,LARGE,3.788376668728673,0.41760833333333336,1.5820576666666666,c
c,FromPlan,symm,3,LARGE,5.629978244829884,0.28100600000000003,1.5820576666666666,c
c,FromPlan,symm,4,LARGE,3.7532535314962088,0.4215163333333334,1.5820576666666666,c
c,FromPlan,symm,5,LARGE,3.4284165352584544,0.46145433333333336,1.5820576666666666,c
c,Naive,symm,1,LARGE,3.338007733543012,0.4739526666666667,1.5820576666666666,c
c,Naive,symm,2,LARGE,3.3165714916620543,0.47701600000000005,1.5820576666666666,c
c,Naive,symm,3,LARGE,3.362145716006092,0.47054999999999997,1.5820576666666666,c
c,Naive,symm,4,LARGE,1.0049783363704623,1.5742206666666665,1.5820576666666666,c
c,Naive,symm,5,LARGE,1.3146667250203037,1.2033906666666667,1.5820576666666666,c
c,standard,symm,1,LARGE,1.0,1.5820576666666666,1.5820576666666666,c
exo,AllHints,symm,2,LARGE,33.389893347591176,0.04738133333333333,1.5820576666666666,c
exo,AllHints,symm,5,LARGE,21.708997516317744,0.07287566666666667,1.5820576666666666,c
exo,ChooseHints,symm,2,LARGE,1.5372613582663328,1.0291403333333333,1.5820576666666666,c
exo,ChooseHints,symm,3,LARGE,13.889354516802111,0.11390433333333333,1.5820576666666666,c
exo,ChooseHints,symm,4,LARGE,5.818834387493762,0.2718856666666667,1.5820576666666666,c
exo,FromPlan,symm,1,LARGE,1.450271052685455,1.0908703333333334,1.5820576666666666,c
exo,FromPlan,symm,4,LARGE,1.1077407859678212,1.428184,1.5820576666666666,c
exo,Naive,symm,1,LARGE,1.006643691028069,1.5716163333333333,1.5820576666666666,c
exo,Naive,symm,2,LARGE,14.395341854159211,0.10990066666666666,1.5820576666666666,c
exo,Naive,symm,4,LARGE,11.141277326942081,0.14199966666666666,1.5820576666666666,c
exo,Naive,symm,5,LARGE,16.20313262801408,0.09763899999999999,1.5820576666666666,c
exo,standard,symm,1,LARGE,0.9896169075286124,1.5986566666666668,1.5820576666666666,c
exo,standard,symm,2,LARGE,0.9943081807253701,1.5911140000000001,1.5820576666666666,c
exo,standard,symm,3,LARGE,0.9855057447325849,1.6053256666666667,1.5820576666666666,c
exo,standard,symm,4,LARGE,0.9920631569618307,1.5947146666666665,1.5820576666666666,c
exo,standard,symm,5,LARGE,0.9936626481253937,1.5921476666666665,1.5820576666666666,c
halide,ChooseHints,symm,3,LARGE,44.436493521084564,0.035602666666666664,1.5820576666666666,c
halide,ChooseHints,symm,4,LARGE,57.17936268899464,0.027668333333333333,1.5820576666666666,c
halide,FromPlan,symm,2,LARGE,109.21287219844446,0.014486,1.5820576666666666,c
halide,FromPlan,symm,3,LARGE,93.5999566134853,0.016902333333333335,1.5820576666666666,c
halide,Naive,symm,3,LARGE,56.60786231408704,0.027947666666666666,1.5820576666666666,c
halide,standard,symm,1,LARGE,0.6837946714080081,2.3136443333333334,1.5820576666666666,c
halide,standard,symm,2,LARGE,1.9164330770914242,0.825522,1.5820576666666666,c
halide,standard,symm,3,LARGE,0.7073728034758668,2.236526,1.5820576666666666,c
halide,standard,symm,4,LARGE,0.6839990551760744,2.312953,1.5820576666666666,c
halide,standard,symm,5,LARGE,1.9200862995953643,0.8239513333333334,1.5820576666666666,c
noarr,AllHints,symm,1,LARGE,75.04424065143489,0.021081666666666665,1.5820576666666666,c
noarr,AllHints,symm,2,LARGE,1.0222385864415955,1.5476403333333335,1.5820576666666666,c
noarr,AllHints,symm,3,LARGE,29.78289898907498,0.05311966666666667,1.5820576666666666,c
noarr,AllHints,symm,4,LARGE,75.07510400354325,0.021072999999999998,1.5820576666666666,c
noarr,AllHints,symm,5,LARGE,2.919035092952442,0.5419796666666666,1.5820576666666666,c
noarr,ChooseHints,symm,1,LARGE,3.0533401525971104,0.5181399999999999,1.5820576666666666,c
noarr,ChooseHints,symm,2,LARGE,1.5386073938639486,1.02824,1.5820576666666666,c
noarr,ChooseHints,symm,3,LARGE,1.538329123015819,1.028426,1.5820576666666666,c
noarr,ChooseHints,symm,5,LARGE,1.5350364307208262,1.030632,1.5820576666666666,c
noarr,FromPlan,symm,1,LARGE,1.178387629218181,1.3425613333333333,1.5820576666666666,c
noarr,FromPlan,symm,2,LARGE,2.951761663573628,0.5359706666666667,1.5820576666666666,c
noarr,FromPlan,symm,3,LARGE,2.923821997108318,0.5410923333333334,1.5820576666666666,c
noarr,FromPlan,symm,4,LARGE,2.9828139366366826,0.530391,1.5820576666666666,c
noarr,FromPlan,symm,5,LARGE,1.4771122853853689,1.0710476666666666,1.5820576666666666,c
noarr,Naive,symm,2,LARGE,2.8994372999684166,0.545643,1.5820576666666666,c
noarr,Naive,symm,3,LARGE,1.0100075630763548,1.566382,1.5820576666666666,c
noarr,Naive,symm,4,LARGE,2.9398280145610953,0.5381463333333333,1.5820576666666666,c
noarr,Naive,symm,5,LARGE,1.0275397015090815,1.5396560000000001,1.5820576666666666,c
noarr,standard,symm,1,LARGE,1.0034973122644635,1.5765440000000002,1.5820576666666666,c
noarr,standard,symm,2,LARGE,1.016528153869252,1.5563343333333333,1.5820576666666666,c
noarr,standard,symm,3,LARGE,0.9981566531466867,1.5849793333333333,1.5820576666666666,c
noarr,standard,symm,4,LARGE,1.0215288065573473,1.5487156666666666,1.5820576666666666,c
noarr,standard,symm,5,LARGE,1.0019948386268653,1.578908,1.5820576666666666,c
c,AllHints,syr2k,1,LARGE,26.966844314805222,0.048910666666666665,1.3189663333333332,c
c,AllHints,syr2k,2,LARGE,37.862888255219794,0.034835333333333336,1.3189663333333332,c
c,AllHints,syr2k,3,LARGE,30.047757181802304,0.043895666666666666,1.3189663333333332,c
c,AllHints,syr2k,4,LARGE,31.101583808213793,0.04240833333333333,1.3189663333333332,c
c,AllHints,syr2k,5,LARGE,25.968675347176642,0.05079066666666667,1.3189663333333332,c
c,ChooseHints,syr2k,2,LARGE,36.96550918789645,0.035681,1.3189663333333332,c
c,ChooseHints,syr2k,3,LARGE,37.0815590208794,0.035569333333333335,1.3189663333333332,c
c,ChooseHints,syr2k,4,LARGE,37.05898494937858,0.035591000000000005,1.3189663333333332,c
c,ChooseHints,syr2k,5,LARGE,36.44123849958096,0.036194333333333335,1.3189663333333332,c
c,FromPlan,syr2k,2,LARGE,1.1613529329239192,1.1357153333333334,1.3189663333333332,c
c,FromPlan,syr2k,3,LARGE,1.2847429231001504,1.0266383333333333,1.3189663333333332,c
c,FromPlan,syr2k,4,LARGE,35.84569741002111,0.036795666666666664,1.3189663333333332,c
c,FromPlan,syr2k,5,LARGE,1.1650236087446424,1.132137,1.3189663333333332,c
c,Naive,syr2k,1,LARGE,1.2851806476800225,1.0262886666666666,1.3189663333333332,c
c,Naive,syr2k,2,LARGE,1.1650802091485715,1.132082,1.3189663333333332,c
c,Naive,syr2k,3,LARGE,1.1040180642835598,1.1946963333333334,1.3189663333333332,c
c,Naive,syr2k,4,LARGE,1.2849335824680836,1.026486,1.3189663333333332,c
c,Naive,syr2k,5,LARGE,1.1041674805586776,1.1945346666666667,1.3189663333333332,c
c,standard,syr2k,1,LARGE,1.0,1.3189663333333332,1.3189663333333332,c
exo,AllHints,syr2k,1,LARGE,22.22153021913223,0.059355333333333336,1.3189663333333332,c
exo,AllHints,syr2k,2,LARGE,20.93087925690044,0.06301533333333333,1.3189663333333332,c
exo,AllHints,syr2k,3,LARGE,15.930378804043688,0.08279566666666667,1.3189663333333332,c
exo,AllHints,syr2k,4,LARGE,24.465776717038064,0.05391066666666666,1.3189663333333332,c
exo,AllHints,syr2k,5,LARGE,23.270537935414815,0.05667966666666666,1.3189663333333332,c
exo,ChooseHints,syr2k,2,LARGE,37.203236209441606,0.035453,1.3189663333333332,c
exo,ChooseHints,syr2k,3,LARGE,22.107927657125614,0.059660333333333336,1.3189663333333332,c
exo,ChooseHints,syr2k,4,LARGE,22.27068265859191,0.05922433333333333,1.3189663333333332,c
exo,ChooseHints,syr2k,5,LARGE,22.948788734681568,0.05747433333333333,1.3189663333333332,c
exo,FromPlan,syr2k,1,LARGE,0.6892327495810847,1.9136733333333336,1.3189663333333332,c
exo,FromPlan,syr2k,2,LARGE,0.5555100223192413,2.3743339999999997,1.3189663333333332,c
exo,FromPlan,syr2k,3,LARGE,1.2073843031152043,1.0924163333333332,1.3189663333333332,c
exo,FromPlan,syr2k,5,LARGE,10.98760149281914,0.12004133333333333,1.3189663333333332,c
exo,Naive,syr2k,1,LARGE,0.8013454928177803,1.6459396666666668,1.3189663333333332,c
exo,Naive,syr2k,2,LARGE,27.120623714873197,0.048633333333333334,1.3189663333333332,c
exo,Naive,syr2k,3,LARGE,24.22418194618751,0.05444833333333334,1.3189663333333332,c
exo,Naive,syr2k,4,LARGE,1.2091168576948943,1.090851,1.3189663333333332,c
exo,Naive,syr2k,5,LARGE,22.015673423060015,0.059910333333333336,1.3189663333333332,c
exo,standard,syr2k,1,LARGE,0.9321079699267957,1.415036,1.3189663333333332,c
exo,standard,syr2k,2,LARGE,0.9326242505464604,1.4142526666666668,1.3189663333333332,c
exo,standard,syr2k,3,LARGE,0.9319966600834036,1.415205,1.3189663333333332,c
exo,standard,syr2k,4,LARGE,0.9306684849308766,1.4172246666666666,1.3189663333333332,c
exo,standard,syr2k,5,LARGE,0.931068358209517,1.416616,1.3189663333333332,c
halide,ChooseHints,syr2k,1,LARGE,30.520559673575164,0.04321566666666667,1.3189663333333332,c
halide,FromPlan,syr2k,1,LARGE,26.962434244596473,0.048918666666666666,1.3189663333333332,c
halide,FromPlan,syr2k,2,LARGE,15.398471399051237,0.08565566666666667,1.3189663333333332,c
halide,Naive,syr2k,2,LARGE,30.479183195581676,0.04327433333333333,1.3189663333333332,c
halide,Naive,syr2k,4,LARGE,30.832338548809375,0.042778666666666666,1.3189663333333332,c
halide,standard,syr2k,2,LARGE,0.9286402594720438,1.42032,1.3189663333333332,c
halide,standard,syr2k,3,LARGE,0.927915516025184,1.4214293333333334,1.3189663333333332,c
halide,standard,syr2k,4,LARGE,0.9256005855502971,1.4249843333333334,1.3189663333333332,c
halide,standard,syr2k,5,LARGE,0.9275864017097843,1.4219336666666667,1.3189663333333332,c
noarr,AllHints,syr2k,1,LARGE,1.0483573461071751,1.2581266666666666,1.3189663333333332,c
noarr,AllHints,syr2k,2,LARGE,1.0454954036132735,1.2615706666666666,1.3189663333333332,c
noarr,AllHints,syr2k,3,LARGE,1.048377344933164,1.2581026666666666,1.3189663333333332,c
noarr,AllHints,syr2k,4,LARGE,0.7836438248894563,1.6831196666666666,1.3189663333333332,c
noarr,AllHints,syr2k,5,LARGE,0.7888694596056429,1.6719703333333333,1.3189663333333332,c
noarr,ChooseHints,syr2k,1,LARGE,1.0499485228171284,1.2562200000000001,1.3189663333333332,c
noarr,ChooseHints,syr2k,2,LARGE,0.7393972179866655,1.7838399999999999,1.3189663333333332,c
noarr,ChooseHints,syr2k,3,LARGE,1.0306620003948757,1.2797273333333334,1.3189663333333332,c
noarr,ChooseHints,syr2k,4,LARGE,1.0290577756440746,1.2817223333333334,1.3189663333333332,c
noarr,ChooseHints,syr2k,5,LARGE,1.0242367468354494,1.2877553333333334,1.3189663333333332,c
noarr,FromPlan,syr2k,1,LARGE,0.7256505209430799,1.817633,1.3189663333333332,c
noarr,FromPlan,syr2k,2,LARGE,2.43496382229541,0.541678,1.3189663333333332,c
noarr,FromPlan,syr2k,4,LARGE,1.0996148054115655,1.1994803333333335,1.3189663333333332,c
noarr,FromPlan,syr2k,5,LARGE,1.2406759583345481,1.0631030000000001,1.3189663333333332,c
noarr,Naive,syr2k,1,LARGE,0.7368200441023283,1.7900793333333336,1.3189663333333332,c
noarr,Naive,syr2k,2,LARGE,2.413666078433645,0.5464576666666666,1.3189663333333332,c
noarr,Naive,syr2k,3,LARGE,0.7345658339642059,1.7955726666666667,1.3189663333333332,c
noarr,Naive,syr2k,4,LARGE,0.7857474054482658,1.6786136666666664,1.3189663333333332,c
noarr,Naive,syr2k,5,LARGE,0.7856548899479274,1.6788113333333332,1.3189663333333332,c
noarr,standard,syr2k,1,LARGE,0.8878434591282037,1.4855843333333334,1.3189663333333332,c
noarr,standard,syr2k,2,LARGE,0.9405791709998513,1.4022916666666667,1.3189663333333332,c
noarr,standard,syr2k,3,LARGE,0.9424690938703645,1.399479666666667,1.3189663333333332,c
noarr,standard,syr2k,5,LARGE,0.930282952417763,1.4178119999999999,1.3189663333333332,c
c,AllHints,syrk,1,LARGE,20.461225506476254,0.03211733333333333,0.65716,c
c,AllHints,syrk,2,LARGE,19.849178941433504,0.03310766666666667,0.65716,c
c,AllHints,syrk,3,LARGE,21.380791254554918,0.030736,0.65716,c
c,AllHints,syrk,4,LARGE,19.732756808695914,0.033303,0.65716,c
c,AllHints,syrk,5,LARGE,21.758583773880606,0.03020233333333333,0.65716,c
c,ChooseHints,syrk,1,LARGE,38.114644755920736,0.017241666666666666,0.65716,c
c,ChooseHints,syrk,2,LARGE,19.770156438026476,0.03324,0.65716,c
c,ChooseHints,syrk,3,LARGE,19.257059691141563,0.034125666666666665,0.65716,c
c,ChooseHints,syrk,4,LARGE,21.899006953546753,0.030008666666666666,0.65716,c
c,ChooseHints,syrk,5,LARGE,19.841188369916363,0.033121000000000005,0.65716,c
c,FromPlan,syrk,1,LARGE,2.732439927984266,0.240503,0.65716,c
c,FromPlan,syrk,2,LARGE,2.683760869920337,0.24486533333333335,0.65716,c
c,FromPlan,syrk,3,LARGE,3.310034972725304,0.19853566666666667,0.65716,c
c,FromPlan,syrk,4,LARGE,0.6520802945057999,1.00779,0.65716,c
c,FromPlan,syrk,5,LARGE,0.6486729789675153,1.0130836666666667,0.65716,c
c,Naive,syrk,1,LARGE,19.796957373098355,0.033195,0.65716,c
c,Naive,syrk,2,LARGE,0.5856586877844587,1.122087,0.65716,c
c,Naive,syrk,3,LARGE,0.648845691311534,1.0128139999999999,0.65716,c
c,Naive,syrk,4,LARGE,0.8595708947170844,0.7645209999999999,0.65716,c
c,Naive,syrk,5,LARGE,1.0000867443916706,0.6571030000000001,0.65716,c
c,standard,syrk,1,LARGE,1.0,0.65716,0.65716,c
exo,AllHints,syrk,1,LARGE,21.322979082394166,0.030819333333333334,0.65716,c
exo,AllHints,syrk,2,LARGE,21.51143505586592,0.030549333333333335,0.65716,c
exo,AllHints,syrk,3,LARGE,14.623378357328823,0.044939,0.65716,c
exo,AllHints,syrk,4,LARGE,16.67086648796286,0.039419666666666665,0.65716,c
exo,ChooseHints,syrk,1,LARGE,8.654015828910808,0.07593699999999999,0.65716,c
exo,ChooseHints,syrk,2,LARGE,8.135450538930064,0.08077733333333333,0.65716,c
exo,ChooseHints,syrk,4,LARGE,21.4634252555714,0.030617666666666668,0.65716,c
exo,ChooseHints,syrk,5,LARGE,12.767081771025586,0.051473,0.65716,c
exo,FromPlan,syrk,2,LARGE,2.3094467463003374,0.284553,0.65716,c
exo,Naive,syrk,1,LARGE,11.568156880233301,0.056807666666666666,0.65716,c
exo,Naive,syrk,2,LARGE,19.052533920909195,0.034492,0.65716,c
exo,Naive,syrk,4,LARGE,21.768674432727874,0.030188333333333334,0.65716,c
exo,Naive,syrk,5,LARGE,0.9658516654312718,0.6803943333333334,0.65716,c
exo,standard,syrk,1,LARGE,0.9702719249720949,0.6772946666666666,0.65716,c
exo,standard,syrk,2,LARGE,0.9704940241279617,0.6771396666666667,0.65716,c
exo,standard,syrk,3,LARGE,0.9704744371043484,0.6771533333333334,0.65716,c
exo,standard,syrk,4,LARGE,0.9719710579924785,0.6761106666666666,0.65716,c
exo,standard,syrk,5,LARGE,0.9712728902989963,0.6765966666666667,0.65716,c
halide,AllHints,syrk,2,LARGE,26.13308589607635,0.025146666666666668,0.65716,c
halide,AllHints,syrk,3,LARGE,26.21439778741058,0.025068666666666666,0.65716,c
halide,AllHints,syrk,4,LARGE,13.153810740664136,0.04995966666666666,0.65716,c
halide,ChooseHints,syrk,1,LARGE,24.256308672810267,0.027092333333333333,0.65716,c
halide,ChooseHints,syrk,3,LARGE,27.191702412313973,0.024167666666666667,0.65716,c
halide,ChooseHints,syrk,4,LARGE,41.436798520324515,0.015859333333333333,0.65716,c
halide,FromPlan,syrk,3,LARGE,12.04383842826772,0.054564,0.65716,c
halide,FromPlan,syrk,5,LARGE,17.396076908822984,0.037776333333333335,0.65716,c
halide,Naive,syrk,1,LARGE,27.078909415562112,0.024268333333333336,0.65716,c
halide,Naive,syrk,2,LARGE,41.2849454484535,0.015917666666666667,0.65716,c
halide,Naive,syrk,5,LARGE,23.77654763196932,0.027639,0.65716,c
halide,standard,syrk,1,LARGE,0.810011623363577,0.811297,0.65716,c
halide,standard,syrk,2,LARGE,0.8107581271975819,0.81055,0.65716,c
halide,standard,syrk,3,LARGE,0.8085326797747485,0.8127810000000001,0.65716,c
halide,standard,syrk,4,LARGE,0.8105527931566695,0.8107553333333334,0.65716,c
halide,standard,syrk,5,LARGE,0.5477608398843953,1.1997206666666667,0.65716,c
noarr,AllHints,syrk,1,LARGE,1.098316324995738,0.598334,0.65716,c
noarr,AllHints,syrk,2,LARGE,0.4414928184748535,1.4884953333333335,0.65716,c
noarr,AllHints,syrk,3,LARGE,1.1047261915502016,0.5948623333333334,0.65716,c
noarr,AllHints,syrk,4,LARGE,0.6472484684530884,1.0153133333333333,0.65716,c
noarr,AllHints,syrk,5,LARGE,1.239591631681303,0.5301423333333334,0.65716,c
noarr,ChooseHints,syrk,1,LARGE,1.0992925201627293,0.5978026666666666,0.65716,c
noarr,ChooseHints,syrk,2,LARGE,1.098160319107515,0.5984189999999999,0.65716,c
noarr,ChooseHints,syrk,3,LARGE,1.0350052131402634,0.634934,0.65716,c
noarr,ChooseHints,syrk,4,LARGE,0.46634400333244785,1.4091743333333333,0.65716,c
noarr,FromPlan,syrk,1,LARGE,0.6288377754323043,1.045039,0.65716,c
noarr,FromPlan,syrk,2,LARGE,0.6183142040272531,1.0628253333333333,0.65716,c
noarr,FromPlan,syrk,3,LARGE,0.648147935061592,1.0139043333333333,0.65716,c
noarr,FromPlan,syrk,5,LARGE,1.099166877135703,0.597871,0.65716,c
noarr,Naive,syrk,1,LARGE,1.1713337298222868,0.5610356666666667,0.65716,c
noarr,Naive,syrk,2,LARGE,0.6515479998942444,1.0086133333333331,0.65716,c
noarr,Naive,syrk,3,LARGE,0.46630186818294167,1.4093016666666667,0.65716,c
noarr,Naive,syrk,4,LARGE,0.9923250691589387,0.6622426666666666,0.65716,c
noarr,Naive,syrk,5,LARGE,0.995238054371898,0.6603043333333334,0.65716,c
noarr,standard,syrk,1,LARGE,0.9928342974725903,0.661903,0.65716,c
noarr,standard,syrk,2,LARGE,1.10223770781431,0.5962053333333334,0.65716,c
noarr,standard,syrk,4,LARGE,0.987898063319321,0.6652103333333333,0.65716,c
noarr,standard,syrk,5,LARGE,0.9828175918905137,0.6686489999999999,0.65716,c
c,AllHints,trisolv,3,LARGE,1.0008595680670465,0.0031023333333333332,0.003105,c
c,AllHints,trisolv,4,LARGE,1.0065917441106549,0.0030846666666666665,0.003105,c
c,AllHints,trisolv,5,LARGE,1.003122980831359,0.003095333333333333,0.003105,c
c,ChooseHints,trisolv,1,LARGE,1.0083351374756442,0.0030793333333333332,0.003105,c
c,ChooseHints,trisolv,3,LARGE,1.0116203301476978,0.003069333333333333,0.003105,c
c,FromPlan,trisolv,1,LARGE,1.0070270270270272,0.0030833333333333333,0.003105,c
c,FromPlan,trisolv,2,LARGE,2.7972972972972974,0.00111,0.003105,c
c,FromPlan,trisolv,3,LARGE,2.7600000000000002,0.001125,0.003105,c
c,FromPlan,trisolv,4,LARGE,2.765736342042755,0.0011226666666666668,0.003105,c
c,FromPlan,trisolv,5,LARGE,1.0013975489142122,0.0031006666666666665,0.003105,c
c,Naive,trisolv,1,LARGE,1.006482982171799,0.0030849999999999996,0.003105,c
c,Naive,trisolv,2,LARGE,1.0122799391436645,0.0030673333333333334,0.003105,c
c,Naive,trisolv,3,LARGE,1.0153695225637671,0.003058,0.003105,c
c,Naive,trisolv,4,LARGE,1.0071359065844956,0.0030830000000000002,0.003105,c
c,standard,trisolv,1,LARGE,1.0,0.003105,0.003105,c
exo,AllHints,trisolv,1,LARGE,1.0075716603569498,0.0030816666666666666,0.003105,c
exo,AllHints,trisolv,2,LARGE,1.0034471614779705,0.003094333333333333,0.003105,c
exo,AllHints,trisolv,3,LARGE,1.0022595222724338,0.003098,0.003105,c
exo,AllHints,trisolv,4,LARGE,0.9987134126728852,0.0031090000000000002,0.003105,c
exo,AllHints,trisolv,5,LARGE,1.0123899576133029,0.0030670000000000003,0.003105,c
exo,ChooseHints,trisolv,1,LARGE,0.995937132470865,0.0031176666666666666,0.003105,c
exo,ChooseHints,trisolv,2,LARGE,0.9930703624733477,0.0031266666666666665,0.003105,c
exo,ChooseHints,trisolv,3,LARGE,0.9998926577930443,0.003105333333333333,0.003105,c
exo,ChooseHints,trisolv,5,LARGE,1.0235138995714756,0.0030336666666666667,0.003105,c
exo,FromPlan,trisolv,3,LARGE,1.0077896786757548,0.003081,0.003105,c
exo,FromPlan,trisolv,4,LARGE,1.0,0.003105,0.003105,c
exo,FromPlan,trisolv,5,LARGE,0.9880144251166738,0.0031426666666666664,0.003105,c
exo,Naive,trisolv,1,LARGE,0.9973233404710923,0.003113333333333333,0.003105,c
exo,Naive,trisolv,3,LARGE,1.0084443000974341,0.003079,0.003105,c
exo,Naive,trisolv,4,LARGE,1.005939524838013,0.003086666666666667,0.003105,c
exo,Naive,trisolv,5,LARGE,1.0053966540744739,0.0030883333333333336,0.003105,c
exo,standard,trisolv,1,LARGE,0.9929645027182603,0.003127,0.003105,c
exo,standard,trisolv,2,LARGE,0.9936000000000001,0.0031249999999999997,0.003105,c
exo,standard,trisolv,3,LARGE,0.9915903768362786,0.003131333333333333,0.003105,c
exo,standard,trisolv,4,LARGE,0.9877001378432828,0.0031436666666666666,0.003105,c
exo,standard,trisolv,5,LARGE,0.9954050010686044,0.0031193333333333333,0.003105,c
halide,ChooseHints,trisolv,4,LARGE,0.5766016713091923,0.005385,0.003105,c
halide,FromPlan,trisolv,4,LARGE,0.600270653434721,0.0051726666666666666,0.003105,c
halide,Naive,trisolv,5,LARGE,0.5759599332220368,0.005391,0.003105,c
halide,standard,trisolv,2,LARGE,0.5182197496522949,0.005991666666666666,0.003105,c
halide,standard,trisolv,3,LARGE,0.5207401610017889,0.005962666666666667,0.003105,c
noarr,AllHints,trisolv,1,LARGE,0.9879096404708877,0.003143,0.003105,c
noarr,AllHints,trisolv,2,LARGE,0.9941302027748132,0.0031233333333333334,0.003105,c
noarr,AllHints,trisolv,3,LARGE,0.9887485404946396,0.0031403333333333335,0.003105,c
noarr,AllHints,trisolv,4,LARGE,0.9970031039280745,0.0031143333333333335,0.003105,c
noarr,AllHints,trisolv,5,LARGE,0.998285285607116,0.0031103333333333334,0.003105,c
noarr,ChooseHints,trisolv,1,LARGE,0.9852972286862703,0.0031513333333333337,0.003105,c
noarr,ChooseHints,trisolv,2,LARGE,0.9922241158926289,0.0031293333333333334,0.003105,c
noarr,ChooseHints,trisolv,3,LARGE,0.9841521394611729,0.003155,0.003105,c
noarr,ChooseHints,trisolv,4,LARGE,0.9993562922433216,0.003107,0.003105,c
noarr,ChooseHints,trisolv,5,LARGE,0.997323340471092,0.003113333333333334,0.003105,c
noarr,FromPlan,trisolv,1,LARGE,1.0027990095812251,0.0030963333333333333,0.003105,c
noarr,FromPlan,trisolv,2,LARGE,0.9977506426735219,0.003112,0.003105,c
noarr,FromPlan,trisolv,3,LARGE,0.9907466496490108,0.003134,0.003105,c
noarr,FromPlan,trisolv,4,LARGE,0.9922241158926289,0.0031293333333333334,0.003105,c
noarr,FromPlan,trisolv,5,LARGE,0.9915903768362786,0.003131333333333333,0.003105,c
noarr,Naive,trisolv,1,LARGE,0.9924355422970381,0.0031286666666666667,0.003105,c
noarr,Naive,trisolv,2,LARGE,0.9952986430174166,0.0031196666666666664,0.003105,c
noarr,Naive,trisolv,3,LARGE,0.9901147959183674,0.003136,0.003105,c
noarr,Naive,trisolv,4,LARGE,0.989063495434275,0.003139333333333333,0.003105,c
noarr,Naive,trisolv,5,LARGE,0.9918015332197616,0.0031306666666666666,0.003105,c
noarr,standard,trisolv,2,LARGE,0.9830097087378641,0.003158666666666667,0.003105,c
noarr,standard,trisolv,4,LARGE,0.9967897271268059,0.0031149999999999997,0.003105,c
noarr,standard,trisolv,5,LARGE,1.0128302707404588,0.0030656666666666666,0.003105,c
c,AllHints,trmm,1,LARGE,18.264812627642037,0.05418799999999999,0.9897336666666666,c
c,AllHints,trmm,2,LARGE,4.857517026334173,0.203753,0.9897336666666666,c
c,AllHints,trmm,3,LARGE,4.988283619074819,0.19841166666666665,0.9897336666666666,c
c,AllHints,trmm,4,LARGE,4.821125459307357,0.205291,0.9897336666666666,c
c,AllHints,trmm,5,LARGE,36.56966733585408,0.027064333333333333,0.9897336666666666,c
c,ChooseHints,trmm,1,LARGE,4.825074061254304,0.20512300000000003,0.9897336666666666,c
c,ChooseHints,trmm,2,LARGE,4.885932954201388,0.202568,0.9897336666666666,c
c,ChooseHints,trmm,3,LARGE,4.834170993355703,0.20473700000000003,0.9897336666666666,c
c,ChooseHints,trmm,4,LARGE,64.57030706332637,0.015328,0.9897336666666666,c
c,ChooseHints,trmm,5,LARGE,4.6761353703881605,0.21165633333333334,0.9897336666666666,c
c,FromPlan,trmm,1,LARGE,7.472601895078584,0.13244833333333333,0.9897336666666666,c
c,FromPlan,trmm,2,LARGE,4.8024497467117815,0.20608933333333335,0.9897336666666666,c
c,FromPlan,trmm,3,LARGE,4.632203884297907,0.21366366666666667,0.9897336666666666,c
c,FromPlan,trmm,4,LARGE,31.10087985754687,0.031823333333333335,0.9897336666666666,c
c,FromPlan,trmm,5,LARGE,19.248653204110074,0.05141833333333334,0.9897336666666666,c
c,Naive,trmm,1,LARGE,4.848007536843343,0.20415266666666665,0.9897336666666666,c
c,Naive,trmm,2,LARGE,4.848712132717365,0.20412299999999997,0.9897336666666666,c
c,Naive,trmm,3,LARGE,4.863476437732388,0.20350333333333334,0.9897336666666666,c
c,Naive,trmm,4,LARGE,4.5729262282458025,0.21643333333333334,0.9897336666666666,c
c,Naive,trmm,5,LARGE,4.881595215078159,0.202748,0.9897336666666666,c
c,standard,trmm,1,LARGE,1.0,0.9897336666666666,0.9897336666666666,c
exo,AllHints,trmm,1,LARGE,16.915632655386542,0.05851,0.9897336666666666,c
exo,AllHints,trmm,2,LARGE,11.195111283712198,0.08840766666666666,0.9897336666666666,c
exo,AllHints,trmm,3,LARGE,3.890034377767646,0.254428,0.9897336666666666,c
exo,AllHints,trmm,4,LARGE,0.08021609276599513,12.338343,0.9897336666666666,c
exo,ChooseHints,trmm,2,LARGE,2.1690304746779727,0.45630233333333337,0.9897336666666666,c
exo,ChooseHints,trmm,4,LARGE,4.7645043582074225,0.20773066666666665,0.9897336666666666,c
exo,FromPlan,trmm,1,LARGE,3.841696338926209,0.2576293333333333,0.9897336666666666,c
exo,FromPlan,trmm,4,LARGE,3.700842822670708,0.26743466666666665,0.9897336666666666,c
exo,Naive,trmm,2,LARGE,4.968733736405517,0.19919233333333333,0.9897336666666666,c
exo,Naive,trmm,3,LARGE,1.8919808762929626,0.5231203333333333,0.9897336666666666,c
exo,Naive,trmm,4,LARGE,0.07874251857484256,12.569240666666667,0.9897336666666666,c
exo,Naive,trmm,5,LARGE,17.386320252023094,0.056926,0.9897336666666666,c
exo,standard,trmm,1,LARGE,0.9894919008122349,1.0002443333333333,0.9897336666666666,c
exo,standard,trmm,2,LARGE,0.9907498457584663,0.9989743333333333,0.9897336666666666,c
exo,standard,trmm,3,LARGE,0.9847900207624392,1.00502,0.9897336666666666,c
exo,standard,trmm,4,LARGE,0.9872523723707747,1.0025133333333334,0.9897336666666666,c
exo,standard,trmm,5,LARGE,0.9927914643769477,0.9969199999999999,0.9897336666666666,c
halide,AllHints,trmm,2,LARGE,39.22948155586089,0.025229333333333336,0.9897336666666666,c
halide,AllHints,trmm,4,LARGE,32.573100762437605,0.030385,0.9897336666666666,c
halide,standard,trmm,1,LARGE,0.8869908549636608,1.115833,0.9897336666666666,c
halide,standard,trmm,4,LARGE,0.8903290246204738,1.1116493333333333,0.9897336666666666,c
halide,standard,trmm,5,LARGE,2.3624354432031467,0.41894633333333337,0.9897336666666666,c
noarr,AllHints,trmm,1,LARGE,37.65918776317792,0.026281333333333334,0.9897336666666666,c
noarr,AllHints,trmm,3,LARGE,4.105081024583194,0.24109966666666668,0.9897336666666666,c
noarr,AllHints,trmm,4,LARGE,4.66172370048922,0.21231066666666668,0.9897336666666666,c
noarr,AllHints,trmm,5,LARGE,4.200354226170014,0.235631,0.9897336666666666,c
noarr,ChooseHints,trmm,1,LARGE,4.0948679015257134,0.24170100000000003,0.9897336666666666,c
noarr,ChooseHints,trmm,2,LARGE,1.1657676977391371,0.8489973333333333,0.9897336666666666,c
noarr,ChooseHints,trmm,3,LARGE,1.1702147113895682,0.845771,0.9897336666666666,c
noarr,ChooseHints,trmm,4,LARGE,4.202779959942532,0.235495,0.9897336666666666,c
noarr,ChooseHints,trmm,5,LARGE,4.248039224102163,0.232986,0.9897336666666666,c
noarr,FromPlan,trmm,2,LARGE,3.9382614197207464,0.2513123333333333,0.9897336666666666,c
noarr,FromPlan,trmm,3,LARGE,4.047830419792537,0.24450966666666665,0.9897336666666666,c
noarr,FromPlan,trmm,4,LARGE,4.049779316289676,0.24439200000000003,0.9897336666666666,c
noarr,FromPlan,trmm,5,LARGE,4.160059685599798,0.23791333333333334,0.9897336666666666,c
noarr,Naive,trmm,1,LARGE,4.1644415271483854,0.23766299999999999,0.9897336666666666,c
noarr,Naive,trmm,2,LARGE,4.19914240903299,0.235699,0.9897336666666666,c
noarr,Naive,trmm,3,LARGE,1.0158897808543228,0.974253,0.9897336666666666,c
noarr,Naive,trmm,4,LARGE,1.0178371687325407,0.9723890000000001,0.9897336666666666,c
noarr,Naive,trmm,5,LARGE,4.16074756663892,0.237874,0.9897336666666666,c
noarr,standard,trmm,1,LARGE,4.18153152835968,0.23669166666666666,0.9897336666666666,c
noarr,standard,trmm,2,LARGE,1.020657899938297,0.9697016666666668,0.9897336666666666,c
noarr,standard,trmm,3,LARGE,1.0044186014257108,0.9853796666666668,0.9897336666666666,c
noarr,standard,trmm,4,LARGE,0.9248409670895398,1.070166333333333,0.9897336666666666,c
noarr,standard,trmm,5,LARGE,0.9985747143290983,0.9911463333333334,0.9897336666666666,c
c,AllHints,2mm,1,MEDIUM,51.86655817737998,0.0004096666666666667,0.021248,c
c,AllHints,2mm,2,MEDIUM,54.204081632653065,0.000392,0.021248,c
c,AllHints,2mm,3,MEDIUM,52.680991735537184,0.0004033333333333334,0.021248,c
c,AllHints,2mm,4,MEDIUM,1.8131755603595403,0.011718666666666667,0.021248,c
c,AllHints,2mm,5,MEDIUM,17.603976801988402,0.001207,0.021248,c
c,ChooseHints,2mm,1,MEDIUM,78.50246305418719,0.00027066666666666667,0.021248,c
c,ChooseHints,2mm,2,MEDIUM,48.58536585365853,0.00043733333333333336,0.021248,c
c,ChooseHints,2mm,3,MEDIUM,49.606225680933846,0.00042833333333333335,0.021248,c
c,ChooseHints,2mm,4,MEDIUM,60.07917059377946,0.0003536666666666666,0.021248,c
c,ChooseHints,2mm,5,MEDIUM,60.0225988700565,0.000354,0.021248,c
c,FromPlan,2mm,1,MEDIUM,4.122090015519918,0.005154666666666666,0.021248,c
c,FromPlan,2mm,2,MEDIUM,4.423901728086612,0.004803,0.021248,c
c,FromPlan,2mm,3,MEDIUM,3.6277957998975583,0.005857,0.021248,c
c,FromPlan,2mm,4,MEDIUM,3.7509709309167936,0.005664666666666668,0.021248,c
c,FromPlan,2mm,5,MEDIUM,4.107745843536538,0.0051726666666666666,0.021248,c
c,Naive,2mm,1,MEDIUM,4.401298073603535,0.004827666666666667,0.021248,c
c,Naive,2mm,2,MEDIUM,4.697074644462457,0.004523666666666666,0.021248,c
c,Naive,2mm,3,MEDIUM,4.121024049650892,0.005156,0.021248,c
c,Naive,2mm,4,MEDIUM,1.0365552231039419,0.020498666666666665,0.021248,c
c,Naive,2mm,5,MEDIUM,4.653186363968174,0.004566333333333333,0.021248,c
c,standard,2mm,1,MEDIUM,1.0,0.021248,0.021248,c
exo,AllHints,2mm,2,MEDIUM,3.783026706231454,0.0056166666666666665,0.021248,c
exo,AllHints,2mm,3,MEDIUM,39.51890886546807,0.0005376666666666667,0.021248,c
exo,AllHints,2mm,4,MEDIUM,67.16965226554267,0.00031633333333333334,0.021248,c
exo,AllHints,2mm,5,MEDIUM,31.44745929945732,0.0006756666666666668,0.021248,c
exo,ChooseHints,2mm,1,MEDIUM,23.71428571428571,0.0008960000000000001,0.021248,c
exo,ChooseHints,2mm,2,MEDIUM,8.04950119964642,0.0026396666666666665,0.021248,c
exo,ChooseHints,2mm,3,MEDIUM,37.629279811098,0.0005646666666666666,0.021248,c
exo,ChooseHints,2mm,4,MEDIUM,22.798283261802574,0.000932,0.021248,c
exo,ChooseHints,2mm,5,MEDIUM,47.14792899408284,0.00045066666666666665,0.021248,c
exo,FromPlan,2mm,1,MEDIUM,3.5726936442102906,0.005947333333333333,0.021248,c
exo,FromPlan,2mm,3,MEDIUM,3.637940874329414,0.005840666666666667,0.021248,c
exo,Naive,2mm,1,MEDIUM,46.359272727272725,0.0004583333333333333,0.021248,c
exo,Naive,2mm,2,MEDIUM,23.990967256304103,0.0008856666666666667,0.021248,c
exo,Naive,2mm,5,MEDIUM,24.283428571428573,0.0008749999999999999,0.021248,c
exo,standard,2mm,1,MEDIUM,0.9654817260651591,0.022007666666666665,0.021248,c
exo,standard,2mm,2,MEDIUM,0.9664478372272844,0.021985666666666667,0.021248,c
exo,standard,2mm,3,MEDIUM,0.9660670172620219,0.021994333333333334,0.021248,c
exo,standard,2mm,4,MEDIUM,0.9676949234879767,0.021957333333333332,0.021248,c
exo,standard,2mm,5,MEDIUM,0.9661695161877045,0.021992,0.021248,c
halide,standard,2mm,1,MEDIUM,0.98180978051598,0.021641666666666667,0.021248,c
halide,standard,2mm,2,MEDIUM,2.0768253347668852,0.010230999999999999,0.021248,c
halide,standard,2mm,3,MEDIUM,1.0810847480623442,0.019654333333333333,0.021248,c
halide,standard,2mm,4,MEDIUM,0.008759335926249206,2.4257546666666667,0.021248,c
halide,standard,2mm,5,MEDIUM,0.008780378146908244,2.4199413333333335,0.021248,c
noarr,AllHints,2mm,1,MEDIUM,4.801084582360472,0.004425666666666667,0.021248,c
noarr,AllHints,2mm,2,MEDIUM,6.962752594210814,0.0030516666666666665,0.021248,c
noarr,AllHints,2mm,3,MEDIUM,4.439615545340577,0.0047859999999999995,0.021248,c
noarr,AllHints,2mm,4,MEDIUM,4.794945088009628,0.004431333333333333,0.021248,c
noarr,AllHints,2mm,5,MEDIUM,4.801446218740584,0.004425333333333333,0.021248,c
noarr,ChooseHints,2mm,1,MEDIUM,4.497565794115571,0.004724333333333334,0.021248,c
noarr,ChooseHints,2mm,2,MEDIUM,4.600461893764434,0.004618666666666667,0.021248,c
noarr,ChooseHints,2mm,3,MEDIUM,4.807965002262785,0.004419333333333333,0.021248,c
noarr,ChooseHints,2mm,4,MEDIUM,4.666471449487555,0.004553333333333333,0.021248,c
noarr,ChooseHints,2mm,5,MEDIUM,4.7985546522131886,0.0044280000000000005,0.021248,c
noarr,FromPlan,2mm,1,MEDIUM,1.0916563912864776,0.019464,0.021248,c
noarr,FromPlan,2mm,2,MEDIUM,0.6713781663068091,0.031648333333333334,0.021248,c
noarr,FromPlan,2mm,3,MEDIUM,0.8841054091539529,0.024033333333333334,0.021248,c
noarr,FromPlan,2mm,4,MEDIUM,1.6802593773888288,0.012645666666666666,0.021248,c
noarr,FromPlan,2mm,5,MEDIUM,1.1154196122348987,0.019049333333333335,0.021248,c
noarr,Naive,2mm,1,MEDIUM,4.814865171085429,0.004413,0.021248,c
noarr,Naive,2mm,2,MEDIUM,4.794945088009628,0.004431333333333333,0.021248,c
noarr,Naive,2mm,3,MEDIUM,1.1773702000332464,0.018047,0.021248,c
noarr,Naive,2mm,4,MEDIUM,4.805790108564535,0.0044213333333333335,0.021248,c
noarr,Naive,2mm,5,MEDIUM,4.623485892507434,0.004595666666666667,0.021248,c
noarr,standard,2mm,1,MEDIUM,1.0696917319729489,0.01986366666666667,0.021248,c
noarr,standard,2mm,2,MEDIUM,4.190927021696252,0.005070000000000001,0.021248,c
noarr,standard,2mm,3,MEDIUM,1.0683113226520078,0.019889333333333332,0.021248,c
noarr,standard,2mm,4,MEDIUM,4.185973207249803,0.005076,0.021248,c
noarr,standard,2mm,5,MEDIUM,1.0680070369439558,0.019895,0.021248,c
c,AllHints,3mm,1,MEDIUM,52.69130434782609,0.0006133333333333334,0.03231733333333334,c
c,AllHints,3mm,2,MEDIUM,49.23920771965465,0.0006563333333333333,0.03231733333333334,c
c,AllHints,3mm,4,MEDIUM,25.006964147536756,0.0012923333333333335,0.03231733333333334,c
c,AllHints,3mm,5,MEDIUM,35.98812175204158,0.000898,0.03231733333333334,c
c,ChooseHints,3mm,1,MEDIUM,46.6788637457872,0.0006923333333333333,0.03231733333333334,c
c,ChooseHints,3mm,2,MEDIUM,50.31240269849508,0.0006423333333333333,0.03231733333333334,c
c,ChooseHints,3mm,3,MEDIUM,53.80244173140955,0.0006006666666666667,0.03231733333333334,c
c,ChooseHints,3mm,4,MEDIUM,25.413368283093053,0.0012716666666666668,0.03231733333333334,c
c,FromPlan,3mm,1,MEDIUM,3.717769767620217,0.008692666666666666,0.03231733333333334,c
c,FromPlan,3mm,2,MEDIUM,13.459947244203805,0.002401,0.03231733333333334,c
c,FromPlan,3mm,3,MEDIUM,3.545122129589001,0.009116,0.03231733333333334,c
c,FromPlan,3mm,4,MEDIUM,3.4516002705685502,0.009363,0.03231733333333334,c
c,FromPlan,3mm,5,MEDIUM,3.550184920722107,0.009103,0.03231733333333334,c
c,Naive,3mm,1,MEDIUM,3.996702118888614,0.008086000000000001,0.03231733333333334,c
c,Naive,3mm,2,MEDIUM,3.5968094973103324,0.008985,0.03231733333333334,c
c,Naive,3mm,3,MEDIUM,4.019402180672444,0.008040333333333333,0.03231733333333334,c
c,Naive,3mm,4,MEDIUM,4.023238443024318,0.008032666666666667,0.03231733333333334,c
c,Naive,3mm,5,MEDIUM,4.028922872340426,0.008021333333333333,0.03231733333333334,c
c,standard,3mm,1,MEDIUM,1.0,0.03231733333333334,0.03231733333333334,c
exo,AllHints,3mm,3,MEDIUM,25.72353409392412,0.0012563333333333335,0.03231733333333334,c
exo,AllHints,3mm,4,MEDIUM,24.594622019279555,0.001314,0.03231733333333334,c
exo,ChooseHints,3mm,1,MEDIUM,26.620538165842945,0.001214,0.03231733333333334,c
exo,ChooseHints,3mm,2,MEDIUM,51.02736842105264,0.0006333333333333333,0.03231733333333334,c
exo,ChooseHints,3mm,3,MEDIUM,28.440011733646237,0.0011363333333333332,0.03231733333333334,c
exo,ChooseHints,3mm,4,MEDIUM,47.04124211547793,0.000687,0.03231733333333334,c
exo,FromPlan,3mm,3,MEDIUM,3.2496061672532264,0.009945,0.03231733333333334,c
exo,FromPlan,3mm,4,MEDIUM,49.66803278688525,0.0006506666666666667,0.03231733333333334,c
exo,FromPlan,3mm,5,MEDIUM,3.2508047210300433,0.009941333333333333,0.03231733333333334,c
exo,Naive,3mm,1,MEDIUM,20.854377285437728,0.0015496666666666669,0.03231733333333334,c
exo,Naive,3mm,2,MEDIUM,1.1885159487091477,0.02719133333333333,0.03231733333333334,c
exo,Naive,3mm,3,MEDIUM,36.77996965098635,0.0008786666666666666,0.03231733333333334,c
exo,Naive,3mm,4,MEDIUM,3.410560382734724,0.009475666666666667,0.03231733333333334,c
exo,Naive,3mm,5,MEDIUM,20.02313093762908,0.001614,0.03231733333333334,c
exo,standard,3mm,1,MEDIUM,0.9720278318060598,0.03324733333333333,0.03231733333333334,c
exo,standard,3mm,2,MEDIUM,0.973413654618474,0.0332,0.03231733333333334,c
exo,standard,3mm,3,MEDIUM,0.9723105312246147,0.033237666666666665,0.03231733333333334,c
exo,standard,3mm,4,MEDIUM,0.9738732132632869,0.033184333333333337,0.03231733333333334,c
exo,standard,3mm,5,MEDIUM,0.971531069313479,0.03326433333333333,0.03231733333333334,c
halide,standard,3mm,1,MEDIUM,0.008140330184124678,3.970027333333333,0.03231733333333334,c
halide,standard,3mm,2,MEDIUM,0.008129313708901277,3.975407333333333,0.03231733333333334,c
halide,standard,3mm,3,MEDIUM,1.9706492133826583,0.016399333333333332,0.03231733333333334,c
halide,standard,3mm,4,MEDIUM,2.1269332865322603,0.015194333333333332,0.03231733333333334,c
halide,standard,3mm,5,MEDIUM,0.008138254977558775,3.9710396666666665,0.03231733333333334,c
noarr,AllHints,3mm,1,MEDIUM,1.1541767359912385,0.028000333333333332,0.03231733333333334,c
noarr,AllHints,3mm,2,MEDIUM,4.915682198448513,0.006574333333333332,0.03231733333333334,c
noarr,AllHints,3mm,3,MEDIUM,11.203143055234573,0.002884666666666667,0.03231733333333334,c
noarr,AllHints,3mm,4,MEDIUM,4.651537686513458,0.006947666666666667,0.03231733333333334,c
noarr,AllHints,3mm,5,MEDIUM,1.0442237683906685,0.030948666666666666,0.03231733333333334,c
noarr,ChooseHints,3mm,1,MEDIUM,4.643739821822014,0.006959333333333334,0.03231733333333334,c
noarr,ChooseHints,3mm,2,MEDIUM,4.807696122185858,0.006722,0.03231733333333334,c
noarr,ChooseHints,3mm,3,MEDIUM,1.3651942492642608,0.023672333333333333,0.03231733333333334,c
noarr,ChooseHints,3mm,4,MEDIUM,1.1177826969193878,0.028911999999999997,0.03231733333333334,c
noarr,ChooseHints,3mm,5,MEDIUM,4.821323785369736,0.006703,0.03231733333333334,c
noarr,FromPlan,3mm,1,MEDIUM,1.150328658551055,0.028093999999999997,0.03231733333333334,c
noarr,FromPlan,3mm,2,MEDIUM,1.1509158465793754,0.028079666666666666,0.03231733333333334,c
noarr,FromPlan,3mm,3,MEDIUM,4.819166915200318,0.006706,0.03231733333333334,c
noarr,FromPlan,3mm,4,MEDIUM,1.1533803637920985,0.028019666666666665,0.03231733333333334,c
noarr,FromPlan,3mm,5,MEDIUM,0.8898679222769871,0.036316999999999995,0.03231733333333334,c
noarr,Naive,3mm,1,MEDIUM,4.802694803586467,0.006729,0.03231733333333334,c
noarr,Naive,3mm,2,MEDIUM,4.8817724068479365,0.00662,0.03231733333333334,c
noarr,Naive,3mm,3,MEDIUM,4.919673212564064,0.006569000000000001,0.03231733333333334,c
noarr,Naive,3mm,4,MEDIUM,4.650422102839602,0.0069493333333333325,0.03231733333333334,c
noarr,Naive,3mm,5,MEDIUM,4.817969487650947,0.006707666666666667,0.03231733333333334,c
noarr,standard,3mm,1,MEDIUM,0.8613591335945345,0.037519,0.03231733333333334,c
noarr,standard,3mm,2,MEDIUM,0.8947460708583663,0.036119000000000005,0.03231733333333334,c
noarr,standard,3mm,3,MEDIUM,4.846630673865227,0.006668,0.03231733333333334,c
noarr,standard,3mm,4,MEDIUM,4.850995696987892,0.006662,0.03231733333333334,c
noarr,standard,3mm,5,MEDIUM,0.8397093340493162,0.03848633333333334,0.03231733333333334,c
c,AllHints,adi,1,MEDIUM,3.469431607452977,0.022648666666666668,0.078578,c
c,AllHints,adi,2,MEDIUM,4.050273186488437,0.019400666666666667,0.078578,c
c,AllHints,adi,3,MEDIUM,3.976887779202375,0.019758666666666667,0.078578,c
c,AllHints,adi,4,MEDIUM,4.032191300480646,0.019487666666666667,0.078578,c
c,AllHints,adi,5,MEDIUM,3.5397621478767487,0.02219866666666667,0.078578,c
c,ChooseHints,adi,2,MEDIUM,3.465962889993236,0.022671333333333335,0.078578,c
c,ChooseHints,adi,3,MEDIUM,1.0010276357583274,0.07849733333333332,0.078578,c
c,ChooseHints,adi,4,MEDIUM,3.4915279341193197,0.022505333333333332,0.078578,c
c,ChooseHints,adi,5,MEDIUM,3.4904422760857012,0.022512333333333332,0.078578,c
c,FromPlan,adi,1,MEDIUM,1.395949546988808,0.05629,0.078578,c
c,FromPlan,adi,2,MEDIUM,2.053145903010033,0.038272,0.078578,c
c,FromPlan,adi,3,MEDIUM,1.397621362676975,0.056222666666666664,0.078578,c
c,FromPlan,adi,4,MEDIUM,2.388364859525233,0.03290033333333333,0.078578,c
c,FromPlan,adi,5,MEDIUM,1.3180689747718732,0.059616,0.078578,c
c,Naive,adi,1,MEDIUM,1.014315403580787,0.077469,0.078578,c
c,Naive,adi,2,MEDIUM,0.8829352520141278,0.08899633333333334,0.078578,c
c,Naive,adi,3,MEDIUM,1.4835181432581088,0.05296733333333333,0.078578,c
c,Naive,adi,4,MEDIUM,3.458437252428039,0.022720666666666667,0.078578,c
c,Naive,adi,5,MEDIUM,4.61680376028202,0.01702,0.078578,c
c,standard,adi,1,MEDIUM,1.0,0.078578,0.078578,c
exo,AllHints,adi,1,MEDIUM,3.3817837519904743,0.023235666666666665,0.078578,c
exo,AllHints,adi,2,MEDIUM,3.2352158100596995,0.024288333333333332,0.078578,c
exo,AllHints,adi,3,MEDIUM,3.4338528769118715,0.022883333333333335,0.078578,c
exo,AllHints,adi,5,MEDIUM,3.4717820324005886,0.022633333333333335,0.078578,c
exo,ChooseHints,adi,1,MEDIUM,3.486312613691823,0.022539,0.078578,c
exo,ChooseHints,adi,2,MEDIUM,3.514378997271792,0.022359,0.078578,c
exo,ChooseHints,adi,4,MEDIUM,3.4857455491808125,0.022542666666666666,0.078578,c
exo,ChooseHints,adi,5,MEDIUM,3.5188905972444062,0.02233033333333333,0.078578,c
exo,FromPlan,adi,2,MEDIUM,1.114039025911731,0.07053433333333332,0.078578,c
exo,FromPlan,adi,4,MEDIUM,3.272310831632865,0.024013000000000003,0.078578,c
exo,Naive,adi,1,MEDIUM,3.4910108698871545,0.022508666666666666,0.078578,c
exo,Naive,adi,2,MEDIUM,3.5209929650042566,0.022317,0.078578,c
exo,Naive,adi,4,MEDIUM,3.5448721804511276,0.022166666666666668,0.078578,c
exo,standard,adi,2,MEDIUM,0.7345431657142145,0.10697533333333333,0.078578,c
exo,standard,adi,3,MEDIUM,0.7267732775922825,0.108119,0.078578,c
exo,standard,adi,4,MEDIUM,0.7349324720348177,0.10691866666666666,0.078578,c
halide,AllHints,adi,1,MEDIUM,0.039750697729006114,1.9767703333333333,0.078578,c
halide,AllHints,adi,3,MEDIUM,0.10441819724086915,0.7525316666666667,0.078578,c
halide,ChooseHints,adi,1,MEDIUM,0.08836269585426194,0.8892666666666665,0.078578,c
halide,ChooseHints,adi,2,MEDIUM,0.750362872421696,0.10472,0.078578,c
halide,ChooseHints,adi,3,MEDIUM,0.12741035404376294,0.6167316666666667,0.078578,c
halide,ChooseHints,adi,4,MEDIUM,1.0625109864106552,0.07395499999999999,0.078578,c
halide,FromPlan,adi,3,MEDIUM,1.0450267536140652,0.07519233333333333,0.078578,c
halide,Naive,adi,2,MEDIUM,0.8213670984871185,0.09566733333333333,0.078578,c
halide,Naive,adi,4,MEDIUM,1.4266762692682453,0.05507766666666667,0.078578,c
halide,Naive,adi,5,MEDIUM,0.05566397879359529,1.411649,0.078578,c
halide,standard,adi,1,MEDIUM,0.8275578803250777,0.09495166666666666,0.078578,c
halide,standard,adi,2,MEDIUM,0.8312493388342325,0.09453,0.078578,c
halide,standard,adi,3,MEDIUM,0.8267220307003854,0.09504766666666666,0.078578,c
halide,standard,adi,5,MEDIUM,0.8274562111692232,0.09496333333333333,0.078578,c
noarr,AllHints,adi,1,MEDIUM,3.0306622269647607,0.02592766666666667,0.078578,c
noarr,AllHints,adi,2,MEDIUM,2.913137504479678,0.026973666666666663,0.078578,c
noarr,AllHints,adi,3,MEDIUM,3.0313247434611523,0.025922,0.078578,c
noarr,AllHints,adi,4,MEDIUM,3.028092846407789,0.025949666666666666,0.078578,c
noarr,AllHints,adi,5,MEDIUM,1.0481165967133812,0.07497066666666667,0.078578,c
noarr,ChooseHints,adi,1,MEDIUM,3.020565585638686,0.026014333333333334,0.078578,c
noarr,ChooseHints,adi,2,MEDIUM,1.2703101761041533,0.06185733333333334,0.078578,c
noarr,ChooseHints,adi,3,MEDIUM,3.0137305037074915,0.026073333333333334,0.078578,c
noarr,ChooseHints,adi,4,MEDIUM,3.0812485295270955,0.025502,0.078578,c
noarr,ChooseHints,adi,5,MEDIUM,3.0670569867291175,0.02562,0.078578,c
noarr,FromPlan,adi,1,MEDIUM,0.8132937267768612,0.096617,0.078578,c
noarr,FromPlan,adi,2,MEDIUM,3.0247902070983135,0.025978,0.078578,c
noarr,FromPlan,adi,3,MEDIUM,3.038279115327113,0.025862666666666662,0.078578,c
noarr,FromPlan,adi,4,MEDIUM,1.1349516619805107,0.06923466666666667,0.078578,c
noarr,FromPlan,adi,5,MEDIUM,0.9731142181327322,0.080749,0.078578,c
noarr,Naive,adi,1,MEDIUM,0.927852824485169,0.084688,0.078578,c
noarr,Naive,adi,2,MEDIUM,0.9320496599715326,0.08430666666666665,0.078578,c
noarr,Naive,adi,5,MEDIUM,0.9300749239515973,0.08448566666666667,0.078578,c
noarr,standard,adi,1,MEDIUM,0.9245195701623657,0.08499333333333332,0.078578,c
noarr,standard,adi,3,MEDIUM,0.8593519882179675,0.09143866666666667,0.078578,c
noarr,standard,adi,4,MEDIUM,0.943196322184923,0.08331033333333333,0.078578,c
noarr,standard,adi,5,MEDIUM,0.9359872307985516,0.08395199999999998,0.078578,c
c,AllHints,atax,1,MEDIUM,1.7787456445993033,0.0001913333333333333,0.00034033333333333333,c
c,AllHints,atax,2,MEDIUM,1.0679916317991631,0.0003186666666666667,0.00034033333333333333,c
c,AllHints,atax,3,MEDIUM,1.7664359861591699,0.00019266666666666664,0.00034033333333333333,c
c,AllHints,atax,4,MEDIUM,1.7694974003466204,0.00019233333333333334,0.00034033333333333333,c
c,AllHints,atax,5,MEDIUM,1.7975352112676057,0.00018933333333333332,0.00034033333333333333,c
c,ChooseHints,atax,1,MEDIUM,1.7975352112676057,0.00018933333333333332,0.00034033333333333333,c
c,ChooseHints,atax,2,MEDIUM,1.44822695035461,0.000235,0.00034033333333333333,c
c,ChooseHints,atax,3,MEDIUM,1.533033033033033,0.000222,0.00034033333333333333,c
c,ChooseHints,atax,4,MEDIUM,1.40633608815427,0.000242,0.00034033333333333333,c
c,ChooseHints,atax,5,MEDIUM,1.6155063291139242,0.00021066666666666665,0.00034033333333333333,c
c,FromPlan,atax,1,MEDIUM,1.0493319630010278,0.0003243333333333333,0.00034033333333333333,c
c,FromPlan,atax,3,MEDIUM,1.618066561014263,0.00021033333333333334,0.00034033333333333333,c
c,FromPlan,atax,4,MEDIUM,1.0386571719226858,0.00032766666666666664,0.00034033333333333333,c
c,FromPlan,atax,5,MEDIUM,0.9980449657869013,0.000341,0.00034033333333333333,c
c,Naive,atax,1,MEDIUM,1.0386571719226858,0.00032766666666666664,0.00034033333333333333,c
c,Naive,atax,2,MEDIUM,1.0,0.00034033333333333333,0.00034033333333333333,c
c,Naive,atax,3,MEDIUM,1.0118929633300298,0.0003363333333333333,0.00034033333333333333,c
c,Naive,atax,4,MEDIUM,1.0386571719226858,0.00032766666666666664,0.00034033333333333333,c
c,standard,atax,1,MEDIUM,1.0,0.00034033333333333333,0.00034033333333333333,c
exo,AllHints,atax,1,MEDIUM,0.9622997172478794,0.0003536666666666666,0.00034033333333333333,c
exo,AllHints,atax,2,MEDIUM,1.1789838337182448,0.00028866666666666667,0.00034033333333333333,c
exo,AllHints,atax,4,MEDIUM,1.374158815612382,0.0002476666666666667,0.00034033333333333333,c
exo,ChooseHints,atax,1,MEDIUM,1.6737704918032787,0.00020333333333333333,0.00034033333333333333,c
exo,ChooseHints,atax,2,MEDIUM,1.4121715076071921,0.000241,0.00034033333333333333,c
exo,ChooseHints,atax,3,MEDIUM,0.42755443886097155,0.0007959999999999999,0.00034033333333333333,c
exo,ChooseHints,atax,4,MEDIUM,1.2891414141414144,0.00026399999999999997,0.00034033333333333333,c
exo,ChooseHints,atax,5,MEDIUM,1.0613305613305615,0.00032066666666666664,0.00034033333333333333,c
exo,FromPlan,atax,1,MEDIUM,0.934981684981685,0.000364,0.00034033333333333333,c
exo,FromPlan,atax,2,MEDIUM,0.5077076081551468,0.0006703333333333332,0.00034033333333333333,c
exo,FromPlan,atax,4,MEDIUM,0.9035398230088496,0.00037666666666666664,0.00034033333333333333,c
exo,Naive,atax,4,MEDIUM,1.0602284527518173,0.000321,0.00034033333333333333,c
exo,standard,atax,1,MEDIUM,0.9733079122974261,0.0003496666666666667,0.00034033333333333333,c
exo,standard,atax,2,MEDIUM,0.99609756097561,0.0003416666666666666,0.00034033333333333333,c
exo,standard,atax,3,MEDIUM,0.9798464491362764,0.00034733333333333334,0.00034033333333333333,c
exo,standard,atax,4,MEDIUM,0.9980449657869013,0.000341,0.00034033333333333333,c
exo,standard,atax,5,MEDIUM,0.9462465245597774,0.0003596666666666667,0.00034033333333333333,c
halide,Naive,atax,2,MEDIUM,0.08265867875647669,0.004117333333333333,0.00034033333333333333,c
halide,standard,atax,1,MEDIUM,0.5554951033732318,0.0006126666666666666,0.00034033333333333333,c
halide,standard,atax,2,MEDIUM,0.7957911145752143,0.0004276666666666667,0.00034033333333333333,c
halide,standard,atax,3,MEDIUM,0.8007843137254901,0.00042500000000000003,0.00034033333333333333,c
halide,standard,atax,4,MEDIUM,0.5492200107584723,0.0006196666666666667,0.00034033333333333333,c
halide,standard,atax,5,MEDIUM,0.5585339168490153,0.0006093333333333334,0.00034033333333333333,c
noarr,AllHints,atax,1,MEDIUM,1.1420581655480986,0.000298,0.00034033333333333333,c
noarr,AllHints,atax,2,MEDIUM,1.1061755146262189,0.00030766666666666665,0.00034033333333333333,c
noarr,AllHints,atax,3,MEDIUM,0.12392280616579682,0.0027463333333333333,0.00034033333333333333,c
noarr,AllHints,atax,4,MEDIUM,1.1014023732470333,0.00030900000000000003,0.00034033333333333333,c
noarr,AllHints,atax,5,MEDIUM,0.12501530549773476,0.0027223333333333335,0.00034033333333333333,c
noarr,ChooseHints,atax,1,MEDIUM,1.1025917926565874,0.00030866666666666667,0.00034033333333333333,c
noarr,ChooseHints,atax,2,MEDIUM,1.1420581655480986,0.000298,0.00034033333333333333,c
noarr,ChooseHints,atax,3,MEDIUM,0.6922033898305086,0.0004916666666666666,0.00034033333333333333,c
noarr,ChooseHints,atax,4,MEDIUM,1.0313131313131314,0.00033,0.00034033333333333333,c
noarr,ChooseHints,atax,5,MEDIUM,1.1014023732470333,0.00030900000000000003,0.00034033333333333333,c
noarr,FromPlan,atax,2,MEDIUM,0.8267206477732794,0.0004116666666666667,0.00034033333333333333,c
noarr,FromPlan,atax,4,MEDIUM,0.915695067264574,0.0003716666666666667,0.00034033333333333333,c
noarr,Naive,atax,1,MEDIUM,1.099031216361679,0.0003096666666666667,0.00034033333333333333,c
noarr,Naive,atax,2,MEDIUM,1.2011764705882355,0.0002833333333333333,0.00034033333333333333,c
noarr,Naive,atax,3,MEDIUM,1.1037837837837836,0.00030833333333333337,0.00034033333333333333,c
noarr,Naive,atax,4,MEDIUM,1.2111506524317912,0.000281,0.00034033333333333333,c
noarr,Naive,atax,5,MEDIUM,1.1025917926565874,0.00030866666666666667,0.00034033333333333333,c
noarr,standard,atax,1,MEDIUM,1.1122004357298474,0.000306,0.00034033333333333333,c
noarr,standard,atax,2,MEDIUM,1.0931477516059958,0.00031133333333333333,0.00034033333333333333,c
noarr,standard,atax,3,MEDIUM,1.043967280163599,0.00032600000000000006,0.00034033333333333333,c
noarr,standard,atax,4,MEDIUM,1.0931477516059958,0.00031133333333333333,0.00034033333333333333,c
noarr,standard,atax,5,MEDIUM,1.0943193997856375,0.000311,0.00034033333333333333,c
c,AllHints,bicg,1,MEDIUM,3.0242214532871974,0.00019266666666666664,0.0005826666666666667,c
c,AllHints,bicg,3,MEDIUM,3.2430426716141003,0.00017966666666666665,0.0005826666666666667,c
c,AllHints,bicg,4,MEDIUM,2.6975308641975304,0.00021600000000000002,0.0005826666666666667,c
c,AllHints,bicg,5,MEDIUM,3.045296167247387,0.0001913333333333333,0.0005826666666666667,c
c,ChooseHints,bicg,1,MEDIUM,2.49358059914408,0.00023366666666666666,0.0005826666666666667,c
c,ChooseHints,bicg,2,MEDIUM,3.0938053097345133,0.00018833333333333332,0.0005826666666666667,c
c,ChooseHints,bicg,3,MEDIUM,3.1438848920863305,0.00018533333333333336,0.0005826666666666667,c
c,ChooseHints,bicg,4,MEDIUM,2.465444287729196,0.00023633333333333332,0.0005826666666666667,c
c,ChooseHints,bicg,5,MEDIUM,3.066666666666667,0.00018999999999999998,0.0005826666666666667,c
c,FromPlan,bicg,1,MEDIUM,3.496,0.00016666666666666666,0.0005826666666666667,c
c,FromPlan,bicg,2,MEDIUM,2.4210526315789473,0.00024066666666666667,0.0005826666666666667,c
c,FromPlan,bicg,3,MEDIUM,2.371777476255088,0.00024566666666666666,0.0005826666666666667,c
c,FromPlan,bicg,4,MEDIUM,2.1034897713598073,0.000277,0.0005826666666666667,c
c,FromPlan,bicg,5,MEDIUM,2.3337783711615487,0.00024966666666666665,0.0005826666666666667,c
c,Naive,bicg,1,MEDIUM,2.3978052126200273,0.00024300000000000002,0.0005826666666666667,c
c,Naive,bicg,2,MEDIUM,2.465444287729196,0.00023633333333333332,0.0005826666666666667,c
c,Naive,bicg,3,MEDIUM,2.49358059914408,0.00023366666666666666,0.0005826666666666667,c
c,Naive,bicg,4,MEDIUM,2.4010989010989015,0.00024266666666666664,0.0005826666666666667,c
c,Naive,bicg,5,MEDIUM,2.414364640883978,0.00024133333333333334,0.0005826666666666667,c
c,standard,bicg,1,MEDIUM,1.0,0.0005826666666666667,0.0005826666666666667,c
exo,AllHints,bicg,2,MEDIUM,1.8284518828451881,0.0003186666666666667,0.0005826666666666667,c
exo,AllHints,bicg,3,MEDIUM,0.9965792474344357,0.0005846666666666666,0.0005826666666666667,c
exo,AllHints,bicg,4,MEDIUM,2.0588928150765606,0.000283,0.0005826666666666667,c
exo,AllHints,bicg,5,MEDIUM,2.066193853427896,0.00028199999999999997,0.0005826666666666667,c
exo,ChooseHints,bicg,1,MEDIUM,2.002290950744559,0.000291,0.0005826666666666667,c
exo,ChooseHints,bicg,2,MEDIUM,2.049237983587339,0.0002843333333333333,0.0005826666666666667,c
exo,ChooseHints,bicg,4,MEDIUM,0.9352594970572499,0.000623,0.0005826666666666667,c
exo,ChooseHints,bicg,5,MEDIUM,0.908051948051948,0.0006416666666666667,0.0005826666666666667,c
exo,FromPlan,bicg,2,MEDIUM,1.7928205128205128,0.000325,0.0005826666666666667,c
exo,Naive,bicg,1,MEDIUM,1.0337078651685394,0.0005636666666666666,0.0005826666666666667,c
exo,Naive,bicg,2,MEDIUM,0.9820224719101124,0.0005933333333333333,0.0005826666666666667,c
exo,Naive,bicg,3,MEDIUM,2.063754427390791,0.00028233333333333333,0.0005826666666666667,c
exo,Naive,bicg,4,MEDIUM,1.0392390011890607,0.0005606666666666667,0.0005826666666666667,c
exo,Naive,bicg,5,MEDIUM,1.0034443168771525,0.0005806666666666667,0.0005826666666666667,c
exo,standard,bicg,1,MEDIUM,1.0045977011494254,0.00058,0.0005826666666666667,c
exo,standard,bicg,2,MEDIUM,0.9971477467199088,0.0005843333333333333,0.0005826666666666667,c
exo,standard,bicg,3,MEDIUM,0.997716894977169,0.000584,0.0005826666666666667,c
exo,standard,bicg,4,MEDIUM,0.9920544835414301,0.0005873333333333334,0.0005826666666666667,c
exo,standard,bicg,5,MEDIUM,0.9926178307779672,0.000587,0.0005826666666666667,c
halide,AllHints,bicg,5,MEDIUM,0.2035161252765165,0.0028629999999999997,0.0005826666666666667,c
halide,FromPlan,bicg,1,MEDIUM,0.125782542994891,0.004632333333333333,0.0005826666666666667,c
halide,FromPlan,bicg,4,MEDIUM,0.1003559536112068,0.0058059999999999995,0.0005826666666666667,c
halide,standard,bicg,1,MEDIUM,0.8547677261613692,0.0006816666666666667,0.0005826666666666667,c
halide,standard,bicg,2,MEDIUM,1.2919438285291944,0.000451,0.0005826666666666667,c
halide,standard,bicg,3,MEDIUM,0.8343675417661097,0.0006983333333333334,0.0005826666666666667,c
halide,standard,bicg,4,MEDIUM,0.828043581241118,0.0007036666666666667,0.0005826666666666667,c
halide,standard,bicg,5,MEDIUM,0.8428158148505304,0.0006913333333333333,0.0005826666666666667,c
noarr,AllHints,bicg,1,MEDIUM,2.287958115183246,0.00025466666666666666,0.0005826666666666667,c
noarr,AllHints,bicg,2,MEDIUM,0.21921244043140203,0.002658,0.0005826666666666667,c
noarr,AllHints,bicg,3,MEDIUM,2.2154626108998734,0.000263,0.0005826666666666667,c
noarr,AllHints,bicg,4,MEDIUM,2.258397932816538,0.000258,0.0005826666666666667,c
noarr,AllHints,bicg,5,MEDIUM,2.296977660972405,0.00025366666666666663,0.0005826666666666667,c
noarr,ChooseHints,bicg,1,MEDIUM,2.2098609355246523,0.00026366666666666666,0.0005826666666666667,c
noarr,ChooseHints,bicg,2,MEDIUM,1.1395045632333767,0.0005113333333333334,0.0005826666666666667,c
noarr,ChooseHints,bicg,3,MEDIUM,2.2352941176470584,0.0002606666666666667,0.0005826666666666667,c
noarr,ChooseHints,bicg,4,MEDIUM,2.2154626108998734,0.000263,0.0005826666666666667,c
noarr,ChooseHints,bicg,5,MEDIUM,2.229591836734694,0.0002613333333333333,0.0005826666666666667,c
noarr,FromPlan,bicg,2,MEDIUM,1.9796149490373725,0.00029433333333333335,0.0005826666666666667,c
noarr,FromPlan,bicg,5,MEDIUM,1.966254218222722,0.00029633333333333334,0.0005826666666666667,c
noarr,Naive,bicg,1,MEDIUM,2.378231292517007,0.000245,0.0005826666666666667,c
noarr,Naive,bicg,2,MEDIUM,2.3213811420982737,0.000251,0.0005826666666666667,c
noarr,Naive,bicg,3,MEDIUM,2.2671854734111543,0.000257,0.0005826666666666667,c
noarr,Naive,bicg,4,MEDIUM,2.1474201474201475,0.00027133333333333333,0.0005826666666666667,c
noarr,Naive,bicg,5,MEDIUM,2.448179271708683,0.000238,0.0005826666666666667,c
noarr,standard,bicg,1,MEDIUM,1.127741935483871,0.0005166666666666667,0.0005826666666666667,c
noarr,standard,bicg,2,MEDIUM,1.1205128205128203,0.0005200000000000001,0.0005826666666666667,c
noarr,standard,bicg,3,MEDIUM,1.121951219512195,0.0005193333333333333,0.0005826666666666667,c
noarr,standard,bicg,4,MEDIUM,1.127741935483871,0.0005166666666666667,0.0005826666666666667,c
noarr,standard,bicg,5,MEDIUM,1.1241157556270096,0.0005183333333333333,0.0005826666666666667,c
c,AllHints,cholesky,1,MEDIUM,1.0708970022162603,0.014288333333333333,0.015301333333333333,c
c,AllHints,cholesky,2,MEDIUM,1.0705723214702179,0.014292666666666667,0.015301333333333333,c
c,AllHints,cholesky,3,MEDIUM,1.0074399209919895,0.015188333333333333,0.015301333333333333,c
c,AllHints,cholesky,4,MEDIUM,1.0202702702702702,0.014997333333333335,0.015301333333333333,c
c,AllHints,cholesky,5,MEDIUM,1.068454251332542,0.014321,0.015301333333333333,c
c,ChooseHints,cholesky,1,MEDIUM,1.0650580046403713,0.014366666666666666,0.015301333333333333,c
c,ChooseHints,cholesky,3,MEDIUM,1.068305057134213,0.014323,0.015301333333333333,c
c,ChooseHints,cholesky,5,MEDIUM,1.0749344323716747,0.014234666666666666,0.015301333333333333,c
c,FromPlan,cholesky,1,MEDIUM,2.274727452923687,0.006726666666666666,0.015301333333333333,c
c,FromPlan,cholesky,2,MEDIUM,1.0672370501255464,0.014337333333333334,0.015301333333333333,c
c,FromPlan,cholesky,3,MEDIUM,1.065700886845893,0.014358000000000001,0.015301333333333333,c
c,FromPlan,cholesky,4,MEDIUM,2.0579216354344125,0.007435333333333333,0.015301333333333333,c
c,FromPlan,cholesky,5,MEDIUM,3.635384493545577,0.004209,0.015301333333333333,c
c,Naive,cholesky,1,MEDIUM,1.080373743792511,0.014163,0.015301333333333333,c
c,Naive,cholesky,2,MEDIUM,1.0725484240285987,0.014266333333333334,0.015301333333333333,c
c,Naive,cholesky,3,MEDIUM,1.0625925925925925,0.014400000000000001,0.015301333333333333,c
c,Naive,cholesky,4,MEDIUM,1.018753190261657,0.015019666666666667,0.015301333333333333,c
c,Naive,cholesky,5,MEDIUM,1.0266135885852308,0.014904666666666665,0.015301333333333333,c
c,standard,cholesky,1,MEDIUM,1.0,0.015301333333333333,0.015301333333333333,c
exo,AllHints,cholesky,1,MEDIUM,1.055531283772908,0.014496333333333333,0.015301333333333333,c
exo,AllHints,cholesky,2,MEDIUM,1.0540286101352436,0.014517,0.015301333333333333,c
exo,AllHints,cholesky,3,MEDIUM,0.9844517360440926,0.015543000000000001,0.015301333333333333,c
exo,AllHints,cholesky,5,MEDIUM,0.9894809449905156,0.015464,0.015301333333333333,c
exo,ChooseHints,cholesky,2,MEDIUM,1.0655771953852224,0.014359666666666666,0.015301333333333333,c
exo,ChooseHints,cholesky,3,MEDIUM,1.0451492452357642,0.014640333333333333,0.015301333333333333,c
exo,ChooseHints,cholesky,4,MEDIUM,0.9881816029104686,0.015484333333333334,0.015301333333333333,c
exo,ChooseHints,cholesky,5,MEDIUM,1.0582566798072712,0.014459,0.015301333333333333,c
exo,FromPlan,cholesky,1,MEDIUM,1.062740195397509,0.014398,0.015301333333333333,c
exo,FromPlan,cholesky,2,MEDIUM,1.058598344210502,0.014454333333333333,0.015301333333333333,c
exo,FromPlan,cholesky,4,MEDIUM,1.0623712652456665,0.014403,0.015301333333333333,c
exo,FromPlan,cholesky,5,MEDIUM,1.0443883238914295,0.014650999999999999,0.015301333333333333,c
exo,Naive,cholesky,1,MEDIUM,0.4524968948997497,0.03381533333333333,0.015301333333333333,c
exo,Naive,cholesky,3,MEDIUM,1.060579455662862,0.014427333333333334,0.015301333333333333,c
exo,Naive,cholesky,4,MEDIUM,1.0574765601603353,0.014469666666666667,0.015301333333333333,c
exo,Naive,cholesky,5,MEDIUM,0.422447589773794,0.036220666666666665,0.015301333333333333,c
exo,standard,cholesky,1,MEDIUM,0.9668274394995684,0.01582633333333333,0.015301333333333333,c
exo,standard,cholesky,2,MEDIUM,0.9810223969909386,0.015597333333333333,0.015301333333333333,c
exo,standard,cholesky,3,MEDIUM,0.9811482067285084,0.015595333333333334,0.015301333333333333,c
exo,standard,cholesky,4,MEDIUM,0.9790138201672071,0.015629333333333332,0.015301333333333333,c
exo,standard,cholesky,5,MEDIUM,0.9808547008547008,0.015600000000000001,0.015301333333333333,c
halide,AllHints,cholesky,4,MEDIUM,0.026322398925635093,0.5813046666666667,0.015301333333333333,c
halide,ChooseHints,cholesky,2,MEDIUM,1.1233359436178545,0.013621333333333333,0.015301333333333333,c
halide,Naive,cholesky,1,MEDIUM,1.1290552672356544,0.013552333333333333,0.015301333333333333,c
halide,Naive,cholesky,4,MEDIUM,1.0451254496607623,0.014640666666666668,0.015301333333333333,c
halide,standard,cholesky,1,MEDIUM,1.1026928343222273,0.013876333333333333,0.015301333333333333,c
c,AllHints,correlation,1,MEDIUM,11.670022019502985,0.0010596666666666669,0.012366333333333333,c
c,AllHints,correlation,2,MEDIUM,16.10898827616153,0.0007676666666666666,0.012366333333333333,c
c,AllHints,correlation,3,MEDIUM,13.263854129424384,0.0009323333333333333,0.012366333333333333,c
c,AllHints,correlation,4,MEDIUM,11.181133212778782,0.001106,0.012366333333333333,c
c,ChooseHints,correlation,1,MEDIUM,3.428109406763999,0.0036073333333333335,0.012366333333333333,c
c,ChooseHints,correlation,2,MEDIUM,2.510760693015701,0.004925333333333334,0.012366333333333333,c
c,ChooseHints,correlation,3,MEDIUM,14.905182804339093,0.0008296666666666666,0.012366333333333333,c
c,ChooseHints,correlation,5,MEDIUM,10.719156313204277,0.0011536666666666666,0.012366333333333333,c
c,FromPlan,correlation,1,MEDIUM,3.4539614561027836,0.0035803333333333334,0.012366333333333333,c
c,FromPlan,correlation,2,MEDIUM,3.4629888920003733,0.003571,0.012366333333333333,c
c,FromPlan,correlation,3,MEDIUM,3.376012376012376,0.003663,0.012366333333333333,c
c,FromPlan,correlation,4,MEDIUM,1.1622493734335837,0.010640000000000002,0.012366333333333333,c
c,FromPlan,correlation,5,MEDIUM,3.4414656771799628,0.0035933333333333334,0.012366333333333333,c
c,Naive,correlation,1,MEDIUM,3.6127178887915083,0.0034230000000000003,0.012366333333333333,c
c,Naive,correlation,2,MEDIUM,3.4246284501061575,0.0036109999999999996,0.012366333333333333,c
c,Naive,correlation,3,MEDIUM,3.435410686174646,0.0035996666666666664,0.012366333333333333,c
c,Naive,correlation,4,MEDIUM,3.220958499739538,0.0038393333333333335,0.012366333333333333,c
c,Naive,correlation,5,MEDIUM,3.384945255474453,0.003653333333333333,0.012366333333333333,c
c,standard,correlation,1,MEDIUM,1.0,0.012366333333333333,0.012366333333333333,c
exo,AllHints,correlation,1,MEDIUM,10.333983286908076,0.0011966666666666668,0.012366333333333333,c
exo,AllHints,correlation,2,MEDIUM,9.373168266801416,0.0013193333333333332,0.012366333333333333,c
exo,AllHints,correlation,3,MEDIUM,13.263854129424384,0.0009323333333333333,0.012366333333333333,c
exo,AllHints,correlation,4,MEDIUM,10.58459343794579,0.0011683333333333335,0.012366333333333333,c
exo,AllHints,correlation,5,MEDIUM,3.2686343612334805,0.003783333333333333,0.012366333333333333,c
exo,ChooseHints,correlation,1,MEDIUM,12.744417725867399,0.0009703333333333334,0.012366333333333333,c
exo,ChooseHints,correlation,2,MEDIUM,10.989040284360188,0.0011253333333333334,0.012366333333333333,c
exo,ChooseHints,correlation,3,MEDIUM,11.317571690054912,0.0010926666666666667,0.012366333333333333,c
exo,ChooseHints,correlation,4,MEDIUM,12.967144355120588,0.0009536666666666666,0.012366333333333333,c
exo,ChooseHints,correlation,5,MEDIUM,10.015928725701944,0.0012346666666666667,0.012366333333333333,c
exo,FromPlan,correlation,2,MEDIUM,3.1760123277116685,0.003893666666666667,0.012366333333333333,c
exo,FromPlan,correlation,3,MEDIUM,3.23471967913506,0.003823,0.012366333333333333,c
exo,FromPlan,correlation,4,MEDIUM,3.1817324185248714,0.0038866666666666667,0.012366333333333333,c
exo,Naive,correlation,2,MEDIUM,3.11024480214621,0.003976,0.012366333333333333,c
exo,Naive,correlation,3,MEDIUM,10.374440715883667,0.0011920000000000001,0.012366333333333333,c
exo,Naive,correlation,5,MEDIUM,3.0088402270884025,0.00411,0.012366333333333333,c
exo,standard,correlation,1,MEDIUM,0.891845761815472,0.013865999999999998,0.012366333333333333,c
exo,standard,correlation,2,MEDIUM,0.9078873308371878,0.013621,0.012366333333333333,c
exo,standard,correlation,3,MEDIUM,0.8901338835836653,0.013892666666666666,0.012366333333333333,c
halide,AllHints,correlation,1,MEDIUM,2.873663826491092,0.0043033333333333335,0.012366333333333333,c
halide,AllHints,correlation,2,MEDIUM,0.6617258847031964,0.018688,0.012366333333333333,c
halide,AllHints,correlation,4,MEDIUM,3.1312457798784603,0.003949333333333333,0.012366333333333333,c
halide,Naive,correlation,1,MEDIUM,2.374336,0.005208333333333333,0.012366333333333333,c
halide,Naive,correlation,2,MEDIUM,2.924174351698589,0.004229,0.012366333333333333,c
halide,Naive,correlation,4,MEDIUM,2.3176735178359467,0.0053356666666666665,0.012366333333333333,c
halide,Naive,correlation,5,MEDIUM,2.55643605292172,0.004837333333333333,0.012366333333333333,c
halide,standard,correlation,4,MEDIUM,0.5816896108375929,0.021259333333333335,0.012366333333333333,c
noarr,AllHints,correlation,1,MEDIUM,1.1987914822115229,0.010315666666666667,0.012366333333333333,c
noarr,AllHints,correlation,2,MEDIUM,1.1355330415353064,0.010890333333333333,0.012366333333333333,c
noarr,AllHints,correlation,3,MEDIUM,1.2173185457409108,0.010158666666666667,0.012366333333333333,c
noarr,AllHints,correlation,4,MEDIUM,1.2092242503259452,0.010226666666666667,0.012366333333333333,c
noarr,AllHints,correlation,5,MEDIUM,1.1956619827252803,0.010342666666666667,0.012366333333333333,c
noarr,ChooseHints,correlation,1,MEDIUM,1.1481848286961096,0.010770333333333333,0.012366333333333333,c
noarr,ChooseHints,correlation,2,MEDIUM,1.2094607811175588,0.010224666666666667,0.012366333333333333,c
noarr,ChooseHints,correlation,3,MEDIUM,1.1811958736627608,0.010469333333333336,0.012366333333333333,c
noarr,ChooseHints,correlation,4,MEDIUM,2.6745728498305814,0.004623666666666667,0.012366333333333333,c
noarr,ChooseHints,correlation,5,MEDIUM,1.1521786390881705,0.010733,0.012366333333333333,c
noarr,FromPlan,correlation,1,MEDIUM,1.2569115056240683,0.009838666666666667,0.012366333333333333,c
noarr,FromPlan,correlation,2,MEDIUM,1.2592152603353473,0.009820666666666667,0.012366333333333333,c
noarr,FromPlan,correlation,3,MEDIUM,1.254828344326061,0.009855000000000001,0.012366333333333333,c
noarr,FromPlan,correlation,4,MEDIUM,1.2547010281385282,0.009855999999999998,0.012366333333333333,c
noarr,FromPlan,correlation,5,MEDIUM,1.2539376732238219,0.009862000000000001,0.012366333333333333,c
noarr,Naive,correlation,1,MEDIUM,1.2058441136319313,0.010255333333333333,0.012366333333333333,c
noarr,Naive,correlation,2,MEDIUM,1.2126630274899488,0.010197666666666666,0.012366333333333333,c
noarr,Naive,correlation,3,MEDIUM,2.7785350509287,0.004450666666666666,0.012366333333333333,c
noarr,Naive,correlation,4,MEDIUM,1.1485758513931887,0.010766666666666667,0.012366333333333333,c
noarr,Naive,correlation,5,MEDIUM,1.154150074664012,0.010714666666666666,0.012366333333333333,c
noarr,standard,correlation,1,MEDIUM,1.1924337876060684,0.010370666666666667,0.012366333333333333,c
noarr,standard,correlation,2,MEDIUM,1.1298958396783823,0.010944666666666667,0.012366333333333333,c
noarr,standard,correlation,3,MEDIUM,1.12845236646794,0.010958666666666667,0.012366333333333333,c
noarr,standard,correlation,4,MEDIUM,1.1358459371746985,0.010887333333333332,0.012366333333333333,c
noarr,standard,correlation,5,MEDIUM,1.132690135254786,0.010917666666666666,0.012366333333333333,c
c,AllHints,covariance,1,MEDIUM,22.41727493917275,0.000548,0.012284666666666666,c
c,AllHints,covariance,2,MEDIUM,12.935766935766935,0.0009496666666666667,0.012284666666666666,c
c,AllHints,covariance,3,MEDIUM,14.486635220125784,0.0008480000000000001,0.012284666666666666,c
c,AllHints,covariance,5,MEDIUM,6.637968299711816,0.0018506666666666665,0.012284666666666666,c
c,ChooseHints,covariance,1,MEDIUM,3.461444538367615,0.003549,0.012284666666666666,c
c,ChooseHints,covariance,2,MEDIUM,15.135112936344967,0.0008116666666666667,0.012284666666666666,c
c,ChooseHints,covariance,3,MEDIUM,3.3879389593675304,0.0036260000000000003,0.012284666666666666,c
c,ChooseHints,covariance,4,MEDIUM,3.4820483749055176,0.003528,0.012284666666666666,c
c,ChooseHints,covariance,5,MEDIUM,3.42796018974979,0.003583666666666667,0.012284666666666666,c
c,FromPlan,covariance,1,MEDIUM,3.0190874088637667,0.004069,0.012284666666666666,c
c,FromPlan,covariance,2,MEDIUM,3.38172141677372,0.0036326666666666664,0.012284666666666666,c
c,FromPlan,covariance,3,MEDIUM,3.2559413375739905,0.003773,0.012284666666666666,c
c,FromPlan,covariance,4,MEDIUM,2.7488625344969044,0.004469,0.012284666666666666,c
c,FromPlan,covariance,5,MEDIUM,3.176521289432856,0.0038673333333333333,0.012284666666666666,c
c,Naive,covariance,1,MEDIUM,1.075369846225672,0.011423666666666665,0.012284666666666666,c
c,Naive,covariance,2,MEDIUM,1.1098930883903027,0.011068333333333333,0.012284666666666666,c
c,Naive,covariance,3,MEDIUM,3.4866603595080417,0.003523333333333333,0.012284666666666666,c
c,Naive,covariance,4,MEDIUM,1.107691382885997,0.011090333333333332,0.012284666666666666,c
c,Naive,covariance,5,MEDIUM,3.3860712973171627,0.0036279999999999997,0.012284666666666666,c
c,standard,covariance,1,MEDIUM,1.0,0.012284666666666666,0.012284666666666666,c
exo,AllHints,covariance,1,MEDIUM,0.45054891317636125,0.027266,0.012284666666666666,c
exo,AllHints,covariance,3,MEDIUM,1.8242748242748241,0.006734,0.012284666666666666,c
exo,ChooseHints,covariance,1,MEDIUM,14.212880833011955,0.0008643333333333333,0.012284666666666666,c
exo,ChooseHints,covariance,2,MEDIUM,3.2200961118392306,0.0038150000000000002,0.012284666666666666,c
exo,ChooseHints,covariance,3,MEDIUM,12.09914642153644,0.0010153333333333334,0.012284666666666666,c
exo,ChooseHints,covariance,5,MEDIUM,11.695969533481433,0.0010503333333333335,0.012284666666666666,c
exo,FromPlan,covariance,1,MEDIUM,3.2785339382617202,0.003747,0.012284666666666666,c
exo,FromPlan,covariance,3,MEDIUM,3.1055869217156817,0.003955666666666667,0.012284666666666666,c
exo,FromPlan,covariance,4,MEDIUM,3.245904527038929,0.0037846666666666666,0.012284666666666666,c
exo,FromPlan,covariance,5,MEDIUM,3.1985766360006935,0.003840666666666667,0.012284666666666666,c
exo,Naive,covariance,1,MEDIUM,3.2695173882185946,0.0037573333333333334,0.012284666666666666,c
exo,Naive,covariance,2,MEDIUM,0.44559172026889776,0.027569333333333335,0.012284666666666666,c
exo,Naive,covariance,3,MEDIUM,12.747838118298167,0.0009636666666666666,0.012284666666666666,c
exo,Naive,covariance,5,MEDIUM,26.418637992831542,0.00046499999999999997,0.012284666666666666,c
exo,standard,covariance,1,MEDIUM,0.9032843137254901,0.013600000000000001,0.012284666666666666,c
exo,standard,covariance,2,MEDIUM,0.8986150395006339,0.013670666666666666,0.012284666666666666,c
exo,standard,covariance,3,MEDIUM,0.9007454478797506,0.013638333333333334,0.012284666666666666,c
exo,standard,covariance,4,MEDIUM,0.9027090579532651,0.013608666666666666,0.012284666666666666,c
exo,standard,covariance,5,MEDIUM,0.8990534738485557,0.013664,0.012284666666666666,c
halide,AllHints,covariance,2,MEDIUM,0.09347875713379836,0.13141666666666665,0.012284666666666666,c
halide,ChooseHints,covariance,5,MEDIUM,3.5317680881648297,0.0034783333333333333,0.012284666666666666,c
halide,Naive,covariance,4,MEDIUM,2.6779537857869498,0.004587333333333333,0.012284666666666666,c
halide,Naive,covariance,5,MEDIUM,5.989598569803347,0.0020510000000000003,0.012284666666666666,c
halide,standard,covariance,2,MEDIUM,0.54935455981874,0.022362000000000003,0.012284666666666666,c
halide,standard,covariance,4,MEDIUM,3.2541842821848404e-05,377.5037183333334,0.012284666666666666,c
noarr,AllHints,covariance,1,MEDIUM,4.412595785440613,0.002784,0.012284666666666666,c
noarr,AllHints,covariance,2,MEDIUM,1.202885305829362,0.010212666666666667,0.012284666666666666,c
noarr,AllHints,covariance,3,MEDIUM,4.481819287364709,0.002741,0.012284666666666666,c
noarr,AllHints,covariance,4,MEDIUM,4.427438731379144,0.0027746666666666666,0.012284666666666666,c
noarr,AllHints,covariance,5,MEDIUM,1.129278382105102,0.010878333333333332,0.012284666666666666,c
noarr,ChooseHints,covariance,1,MEDIUM,4.515868153412572,0.0027203333333333333,0.012284666666666666,c
noarr,ChooseHints,covariance,2,MEDIUM,4.393133865776612,0.0027963333333333334,0.012284666666666666,c
noarr,ChooseHints,covariance,3,MEDIUM,1.1956267843239035,0.010274666666666666,0.012284666666666666,c
noarr,ChooseHints,covariance,4,MEDIUM,4.359356517624793,0.0028179999999999998,0.012284666666666666,c
noarr,ChooseHints,covariance,5,MEDIUM,4.411539382331817,0.0027846666666666666,0.012284666666666666,c
noarr,FromPlan,covariance,1,MEDIUM,1.2483148731497475,0.009841,0.012284666666666666,c
noarr,FromPlan,covariance,2,MEDIUM,4.5275184275184275,0.0027133333333333332,0.012284666666666666,c
noarr,FromPlan,covariance,4,MEDIUM,1.2798305320183359,0.009598666666666667,0.012284666666666666,c
noarr,FromPlan,covariance,5,MEDIUM,4.6415617128463476,0.0026466666666666665,0.012284666666666666,c
noarr,Naive,covariance,1,MEDIUM,1.202257454165851,0.010218,0.012284666666666666,c
noarr,Naive,covariance,2,MEDIUM,1.181331538288938,0.010399,0.012284666666666666,c
noarr,Naive,covariance,3,MEDIUM,4.768275326691681,0.0025763333333333333,0.012284666666666666,c
noarr,Naive,covariance,4,MEDIUM,4.510893512851897,0.0027233333333333332,0.012284666666666666,c
noarr,Naive,covariance,5,MEDIUM,4.59297108673978,0.0026746666666666668,0.012284666666666666,c
noarr,standard,covariance,1,MEDIUM,1.1958595625932897,0.010272666666666666,0.012284666666666666,c
noarr,standard,covariance,2,MEDIUM,1.1234948023046674,0.010934333333333332,0.012284666666666666,c
noarr,standard,covariance,3,MEDIUM,1.12469482421875,0.010922666666666666,0.012284666666666666,c
noarr,standard,covariance,4,MEDIUM,1.1746669216548733,0.010458,0.012284666666666666,c
noarr,standard,covariance,5,MEDIUM,1.120829658465375,0.010960333333333334,0.012284666666666666,c
c,AllHints,deriche,1,MEDIUM,3.596151719562093,0.003014333333333333,0.01084,c
c,AllHints,deriche,2,MEDIUM,1.1153793387295925,0.009718666666666667,0.01084,c
c,AllHints,deriche,3,MEDIUM,3.018657755499861,0.003591,0.01084,c
c,AllHints,deriche,4,MEDIUM,19.0286717378584,0.0005696666666666667,0.01084,c
c,AllHints,deriche,5,MEDIUM,3.018657755499861,0.003591,0.01084,c
c,ChooseHints,deriche,1,MEDIUM,2.45415440344125,0.004417,0.01084,c
c,ChooseHints,deriche,2,MEDIUM,3.8535371489512977,0.002813,0.01084,c
c,ChooseHints,deriche,3,MEDIUM,3.6318963591690867,0.0029846666666666667,0.01084,c
c,ChooseHints,deriche,4,MEDIUM,3.7392204208347706,0.002899,0.01084,c
c,ChooseHints,deriche,5,MEDIUM,1.4604571787847487,0.007422333333333334,0.01084,c
c,FromPlan,deriche,1,MEDIUM,1.2310254760192298,0.008805666666666668,0.01084,c
c,FromPlan,deriche,2,MEDIUM,1.1796285548461984,0.009189333333333334,0.01084,c
c,FromPlan,deriche,3,MEDIUM,1.1897706069586214,0.009111000000000001,0.01084,c
c,FromPlan,deriche,4,MEDIUM,1.1470090293453723,0.009450666666666668,0.01084,c
c,FromPlan,deriche,5,MEDIUM,1.2862397658505715,0.008427666666666667,0.01084,c
c,Naive,deriche,1,MEDIUM,1.3508349256459253,0.008024666666666666,0.01084,c
c,Naive,deriche,2,MEDIUM,1.2505768343331796,0.008668,0.01084,c
c,Naive,deriche,3,MEDIUM,0.9133035639059737,0.011869,0.01084,c
c,Naive,deriche,4,MEDIUM,0.9312714776632304,0.01164,0.01084,c
c,Naive,deriche,5,MEDIUM,0.9096503496503496,0.011916666666666667,0.01084,c
c,standard,deriche,1,MEDIUM,1.0,0.01084,0.01084,c
exo,AllHints,deriche,1,MEDIUM,1.7114888690068943,0.006333666666666667,0.01084,c
exo,AllHints,deriche,2,MEDIUM,3.195754716981132,0.0033920000000000005,0.01084,c
exo,ChooseHints,deriche,2,MEDIUM,3.099504384292795,0.003497333333333333,0.01084,c
exo,FromPlan,deriche,3,MEDIUM,1.0945072697899838,0.009904000000000001,0.01084,c
exo,Naive,deriche,5,MEDIUM,1.0429093707908408,0.010394,0.01084,c
exo,standard,deriche,3,MEDIUM,0.8709392324379337,0.012446333333333332,0.01084,c
exo,standard,deriche,4,MEDIUM,0.8861276874029266,0.012232999999999999,0.01084,c
exo,standard,deriche,5,MEDIUM,0.8687985894045043,0.012477,0.01084,c
halide,AllHints,deriche,1,MEDIUM,0.1508208886003154,0.07187333333333333,0.01084,c
halide,AllHints,deriche,2,MEDIUM,0.6921652512610946,0.015660999999999998,0.01084,c
halide,AllHints,deriche,3,MEDIUM,0.15459653726575204,0.070118,0.01084,c
halide,ChooseHints,deriche,2,MEDIUM,0.5527416119930654,0.01961133333333333,0.01084,c
halide,ChooseHints,deriche,3,MEDIUM,0.15011632630451643,0.07221066666666666,0.01084,c
halide,ChooseHints,deriche,4,MEDIUM,0.611462093862816,0.017727999999999997,0.01084,c
halide,ChooseHints,deriche,5,MEDIUM,0.6057445143985397,0.017895333333333333,0.01084,c
halide,FromPlan,deriche,1,MEDIUM,0.8945616592853411,0.012117666666666665,0.01084,c
halide,FromPlan,deriche,2,MEDIUM,0.8345094818958659,0.012989666666666668,0.01084,c
halide,FromPlan,deriche,4,MEDIUM,0.1498465593349983,0.07234066666666666,0.01084,c
halide,Naive,deriche,5,MEDIUM,0.8794893985287755,0.012325333333333332,0.01084,c
halide,standard,deriche,1,MEDIUM,0.4716734835958576,0.022982000000000002,0.01084,c
noarr,AllHints,deriche,1,MEDIUM,4.960341671751068,0.0021853333333333334,0.01084,c
noarr,AllHints,deriche,2,MEDIUM,5.427236315086783,0.001997333333333333,0.01084,c
noarr,AllHints,deriche,3,MEDIUM,1.8591356048479304,0.005830666666666667,0.01084,c
noarr,ChooseHints,deriche,2,MEDIUM,1.948005271354978,0.0055646666666666665,0.01084,c
noarr,ChooseHints,deriche,4,MEDIUM,1.9399868758575434,0.005587666666666667,0.01084,c
noarr,ChooseHints,deriche,5,MEDIUM,2.480170835875534,0.004370666666666667,0.01084,c
noarr,FromPlan,deriche,1,MEDIUM,1.9220994148590342,0.005639666666666667,0.01084,c
noarr,FromPlan,deriche,2,MEDIUM,2.496545370796868,0.0043419999999999995,0.01084,c
noarr,FromPlan,deriche,3,MEDIUM,2.261002572481402,0.004794333333333334,0.01084,c
noarr,FromPlan,deriche,4,MEDIUM,1.9453251181432079,0.005572333333333333,0.01084,c
noarr,FromPlan,deriche,5,MEDIUM,1.8586043321712298,0.005832333333333333,0.01084,c
noarr,Naive,deriche,1,MEDIUM,1.464139390392148,0.007403666666666667,0.01084,c
noarr,Naive,deriche,3,MEDIUM,1.8032605079294666,0.006011333333333334,0.01084,c
noarr,Naive,deriche,4,MEDIUM,1.868535968742818,0.005801333333333333,0.01084,c
noarr,Naive,deriche,5,MEDIUM,2.71135567783892,0.003998,0.01084,c
noarr,standard,deriche,1,MEDIUM,1.9223266536619967,0.005639000000000001,0.01084,c
noarr,standard,deriche,2,MEDIUM,1.9155327796430466,0.005659,0.01084,c
noarr,standard,deriche,3,MEDIUM,1.898867219432442,0.005708666666666667,0.01084,c
noarr,standard,deriche,4,MEDIUM,1.9157584683357878,0.005658333333333334,0.01084,c
noarr,standard,deriche,5,MEDIUM,1.744167337087691,0.006215000000000001,0.01084,c
c,AllHints,doitgen,1,MEDIUM,74.02094240837697,0.00012733333333333333,0.009425333333333334,c
c,AllHints,doitgen,2,MEDIUM,72.68894601542416,0.00012966666666666668,0.009425333333333334,c
c,AllHints,doitgen,3,MEDIUM,81.02005730659026,0.00011633333333333335,0.009425333333333334,c
c,AllHints,doitgen,4,MEDIUM,74.02094240837697,0.00012733333333333333,0.009425333333333334,c
c,AllHints,doitgen,5,MEDIUM,46.506578947368425,0.00020266666666666667,0.009425333333333334,c
c,ChooseHints,doitgen,1,MEDIUM,3.719058266473761,0.0025343333333333333,0.009425333333333334,c
c,ChooseHints,doitgen,2,MEDIUM,75.20212765957447,0.00012533333333333334,0.009425333333333334,c
c,ChooseHints,doitgen,3,MEDIUM,74.41052631578948,0.00012666666666666666,0.009425333333333334,c
c,ChooseHints,doitgen,4,MEDIUM,75.40266666666668,0.000125,0.009425333333333334,c
c,ChooseHints,doitgen,5,MEDIUM,85.68484848484849,0.00011,0.009425333333333334,c
c,FromPlan,doitgen,1,MEDIUM,3.3308988102249977,0.0028296666666666665,0.009425333333333334,c
c,FromPlan,doitgen,2,MEDIUM,5.065567896811179,0.0018606666666666667,0.009425333333333334,c
c,FromPlan,doitgen,3,MEDIUM,3.743182419909982,0.002518,0.009425333333333334,c
c,FromPlan,doitgen,4,MEDIUM,5.03579697239537,0.0018716666666666667,0.009425333333333334,c
c,FromPlan,doitgen,5,MEDIUM,5.248932615555968,0.0017956666666666668,0.009425333333333334,c
c,Naive,doitgen,1,MEDIUM,3.722975641869651,0.002531666666666667,0.009425333333333334,c
c,Naive,doitgen,2,MEDIUM,3.519541946726413,0.002678,0.009425333333333334,c
c,Naive,doitgen,3,MEDIUM,3.641937145801134,0.002588,0.009425333333333334,c
c,Naive,doitgen,4,MEDIUM,3.434053922759291,0.0027446666666666665,0.009425333333333334,c
c,Naive,doitgen,5,MEDIUM,5.256739170849601,0.001793,0.009425333333333334,c
c,standard,doitgen,1,MEDIUM,1.0,0.009425333333333334,0.009425333333333334,c
exo,AllHints,doitgen,1,MEDIUM,0.08889252166040014,0.10603066666666668,0.009425333333333334,c
exo,AllHints,doitgen,2,MEDIUM,2.8811901365396375,0.003271333333333333,0.009425333333333334,c
exo,AllHints,doitgen,3,MEDIUM,12.4673721340388,0.000756,0.009425333333333334,c
exo,AllHints,doitgen,4,MEDIUM,4.922701949860724,0.0019146666666666667,0.009425333333333334,c
exo,AllHints,doitgen,5,MEDIUM,5.896976016684046,0.0015983333333333336,0.009425333333333334,c
exo,ChooseHints,doitgen,1,MEDIUM,6.144285093437636,0.001534,0.009425333333333334,c
exo,ChooseHints,doitgen,2,MEDIUM,6.185954933274994,0.0015236666666666669,0.009425333333333334,c
exo,ChooseHints,doitgen,3,MEDIUM,5.708863315162529,0.001651,0.009425333333333334,c
exo,ChooseHints,doitgen,4,MEDIUM,3.6461637653127017,0.002585,0.009425333333333334,c
exo,FromPlan,doitgen,2,MEDIUM,3.4681712253158348,0.002717666666666667,0.009425333333333334,c
exo,FromPlan,doitgen,4,MEDIUM,4.192142327650112,0.002248333333333333,0.009425333333333334,c
exo,FromPlan,doitgen,5,MEDIUM,3.7166140904311256,0.002536,0.009425333333333334,c
exo,Naive,doitgen,2,MEDIUM,2.71832339934628,0.003467333333333333,0.009425333333333334,c
exo,Naive,doitgen,3,MEDIUM,1.2543696211516282,0.007514,0.009425333333333334,c
exo,Naive,doitgen,4,MEDIUM,0.8382296267749682,0.011244333333333334,0.009425333333333334,c
exo,Naive,doitgen,5,MEDIUM,3.4613783816868655,0.0027229999999999997,0.009425333333333334,c
exo,standard,doitgen,1,MEDIUM,0.8969673899251366,0.010507999999999998,0.009425333333333334,c
exo,standard,doitgen,2,MEDIUM,0.8998217922606925,0.010474666666666667,0.009425333333333334,c
exo,standard,doitgen,3,MEDIUM,0.8981069749714142,0.010494666666666666,0.009425333333333334,c
exo,standard,doitgen,4,MEDIUM,0.8969673899251366,0.010507999999999998,0.009425333333333334,c
exo,standard,doitgen,5,MEDIUM,0.8967967015540755,0.01051,0.009425333333333334,c
halide,standard,doitgen,3,MEDIUM,1.2401754385964914,0.0076,0.009425333333333334,c
halide,standard,doitgen,4,MEDIUM,1.9301023890784985,0.004883333333333333,0.009425333333333334,c
halide,standard,doitgen,5,MEDIUM,1.9204020646563436,0.004908,0.009425333333333334,c
noarr,AllHints,doitgen,1,MEDIUM,5.713477470196,0.0016496666666666667,0.009425333333333334,c
noarr,AllHints,doitgen,2,MEDIUM,3.7136853165221964,0.002538,0.009425333333333334,c
noarr,AllHints,doitgen,3,MEDIUM,5.754171754171755,0.001638,0.009425333333333334,c
noarr,AllHints,doitgen,4,MEDIUM,4.321565031331193,0.002181,0.009425333333333334,c
noarr,AllHints,doitgen,5,MEDIUM,5.578220556322747,0.0016896666666666666,0.009425333333333334,c
noarr,ChooseHints,doitgen,1,MEDIUM,5.745986588091852,0.0016403333333333333,0.009425333333333334,c
noarr,ChooseHints,doitgen,2,MEDIUM,5.609204522912121,0.0016803333333333334,0.009425333333333334,c
noarr,ChooseHints,doitgen,3,MEDIUM,3.7171026685947157,0.0025356666666666665,0.009425333333333334,c
noarr,ChooseHints,doitgen,4,MEDIUM,5.6058683584456785,0.0016813333333333333,0.009425333333333334,c
noarr,ChooseHints,doitgen,5,MEDIUM,3.694760224748465,0.002551,0.009425333333333334,c
noarr,FromPlan,doitgen,1,MEDIUM,5.776506639427988,0.0016316666666666667,0.009425333333333334,c
noarr,FromPlan,doitgen,2,MEDIUM,3.6841693811074925,0.002558333333333333,0.009425333333333334,c
noarr,FromPlan,doitgen,3,MEDIUM,3.8670678336980306,0.0024373333333333335,0.009425333333333334,c
noarr,FromPlan,doitgen,4,MEDIUM,4.210244192972008,0.0022386666666666666,0.009425333333333334,c
noarr,FromPlan,doitgen,5,MEDIUM,5.609204522912121,0.0016803333333333334,0.009425333333333334,c
noarr,Naive,doitgen,1,MEDIUM,3.8512666848270234,0.002447333333333333,0.009425333333333334,c
noarr,Naive,doitgen,2,MEDIUM,5.764729867482162,0.001635,0.009425333333333334,c
noarr,Naive,doitgen,3,MEDIUM,3.71027424222543,0.0025403333333333332,0.009425333333333334,c
noarr,Naive,doitgen,4,MEDIUM,3.7156373193166887,0.0025366666666666667,0.009425333333333334,c
noarr,Naive,doitgen,5,MEDIUM,3.7141731249179037,0.002537666666666667,0.009425333333333334,c
noarr,standard,doitgen,1,MEDIUM,1.3721550929295872,0.006869,0.009425333333333334,c
noarr,standard,doitgen,2,MEDIUM,1.3042435424354246,0.007226666666666666,0.009425333333333334,c
noarr,standard,doitgen,3,MEDIUM,1.3764299274692111,0.006847666666666666,0.009425333333333334,c
noarr,standard,doitgen,5,MEDIUM,1.37208850931677,0.006869333333333334,0.009425333333333334,c
c,AllHints,durbin,1,MEDIUM,0.02178409540993707,0.007574333333333333,0.000165,c
c,AllHints,durbin,3,MEDIUM,0.8490566037735849,0.00019433333333333333,0.000165,c
c,AllHints,durbin,4,MEDIUM,0.9500959692898272,0.00017366666666666667,0.000165,c
c,AllHints,durbin,5,MEDIUM,0.9269662921348315,0.000178,0.000165,c
c,ChooseHints,durbin,1,MEDIUM,0.9555984555984556,0.00017266666666666667,0.000165,c
c,ChooseHints,durbin,2,MEDIUM,0.8807829181494662,0.00018733333333333332,0.000165,c
c,ChooseHints,durbin,3,MEDIUM,0.8730158730158729,0.000189,0.000165,c
c,ChooseHints,durbin,4,MEDIUM,0.9705882352941175,0.00017,0.000165,c
c,ChooseHints,durbin,5,MEDIUM,0.8870967741935484,0.000186,0.000165,c
c,FromPlan,durbin,1,MEDIUM,0.9574468085106382,0.00017233333333333334,0.000165,c
c,FromPlan,durbin,2,MEDIUM,0.9860557768924303,0.00016733333333333333,0.000165,c
c,FromPlan,durbin,3,MEDIUM,0.9821428571428572,0.000168,0.000165,c
c,FromPlan,durbin,4,MEDIUM,0.9705882352941175,0.00017,0.000165,c
c,FromPlan,durbin,5,MEDIUM,0.9782608695652173,0.00016866666666666668,0.000165,c
c,Naive,durbin,1,MEDIUM,0.9016393442622951,0.000183,0.000165,c
c,Naive,durbin,2,MEDIUM,0.8669001751313484,0.00019033333333333334,0.000165,c
c,Naive,durbin,3,MEDIUM,0.9782608695652174,0.00016866666666666666,0.000165,c
c,Naive,durbin,4,MEDIUM,0.9537572254335261,0.00017299999999999998,0.000165,c
c,Naive,durbin,5,MEDIUM,0.9763313609467457,0.000169,0.000165,c
c,standard,durbin,1,MEDIUM,1.0,0.000165,0.000165,c
exo,AllHints,durbin,1,MEDIUM,0.9183673469387755,0.00017966666666666665,0.000165,c
exo,AllHints,durbin,2,MEDIUM,0.7996768982229403,0.00020633333333333333,0.000165,c
exo,AllHints,durbin,3,MEDIUM,0.007974096269089502,0.020692000000000002,0.000165,c
exo,ChooseHints,durbin,1,MEDIUM,0.94106463878327,0.00017533333333333333,0.000165,c
exo,ChooseHints,durbin,2,MEDIUM,0.5871886120996441,0.000281,0.000165,c
exo,ChooseHints,durbin,3,MEDIUM,0.6865464632454924,0.0002403333333333333,0.000165,c
exo,ChooseHints,durbin,4,MEDIUM,0.0022040260208647795,0.074863,0.000165,c
exo,FromPlan,durbin,2,MEDIUM,0.703125,0.00023466666666666666,0.000165,c
exo,FromPlan,durbin,5,MEDIUM,0.8549222797927459,0.00019300000000000003,0.000165,c
exo,Naive,durbin,3,MEDIUM,0.7795275590551181,0.00021166666666666667,0.000165,c
exo,Naive,durbin,4,MEDIUM,0.8983666061705987,0.0001836666666666667,0.000165,c
exo,standard,durbin,1,MEDIUM,0.7783018867924529,0.00021199999999999998,0.000165,c
exo,standard,durbin,2,MEDIUM,0.7819905213270142,0.000211,0.000165,c
exo,standard,durbin,3,MEDIUM,0.8009708737864077,0.000206,0.000165,c
exo,standard,durbin,4,MEDIUM,0.8009708737864077,0.000206,0.000165,c
exo,standard,durbin,5,MEDIUM,0.7996768982229403,0.00020633333333333333,0.000165,c
halide,FromPlan,durbin,3,MEDIUM,0.11327231121281464,0.0014566666666666667,0.000165,c
halide,standard,durbin,4,MEDIUM,0.20303527481542247,0.0008126666666666667,0.000165,c
noarr,AllHints,durbin,1,MEDIUM,0.9744094488188977,0.00016933333333333332,0.000165,c
noarr,AllHints,durbin,2,MEDIUM,0.7894736842105262,0.000209,0.000165,c
noarr,AllHints,durbin,3,MEDIUM,0.9782608695652174,0.00016866666666666666,0.000165,c
noarr,AllHints,durbin,4,MEDIUM,1.5916398713826367,0.00010366666666666666,0.000165,c
noarr,AllHints,durbin,5,MEDIUM,0.94106463878327,0.00017533333333333333,0.000165,c
noarr,ChooseHints,durbin,1,MEDIUM,0.7001414427157001,0.00023566666666666666,0.000165,c
noarr,ChooseHints,durbin,2,MEDIUM,0.9763313609467457,0.000169,0.000165,c
noarr,ChooseHints,durbin,3,MEDIUM,0.9374999999999999,0.00017600000000000002,0.000165,c
noarr,ChooseHints,durbin,4,MEDIUM,0.8902877697841726,0.00018533333333333336,0.000165,c
noarr,ChooseHints,durbin,5,MEDIUM,0.8418367346938775,0.000196,0.000165,c
noarr,FromPlan,durbin,1,MEDIUM,0.9959758551307846,0.0001656666666666667,0.000165,c
noarr,FromPlan,durbin,2,MEDIUM,0.9821428571428572,0.000168,0.000165,c
noarr,FromPlan,durbin,3,MEDIUM,0.9860557768924303,0.00016733333333333333,0.000165,c
noarr,FromPlan,durbin,4,MEDIUM,0.9880239520958086,0.00016699999999999997,0.000165,c
noarr,FromPlan,durbin,5,MEDIUM,0.9840954274353877,0.00016766666666666666,0.000165,c
noarr,Naive,durbin,1,MEDIUM,0.923507462686567,0.00017866666666666668,0.000165,c
noarr,Naive,durbin,2,MEDIUM,0.8807829181494662,0.00018733333333333332,0.000165,c
noarr,Naive,durbin,3,MEDIUM,1.0164271047227926,0.00016233333333333334,0.000165,c
noarr,Naive,durbin,4,MEDIUM,0.9840954274353877,0.00016766666666666666,0.000165,c
noarr,Naive,durbin,5,MEDIUM,0.9880239520958086,0.00016699999999999997,0.000165,c
noarr,standard,durbin,1,MEDIUM,0.7857142857142857,0.00021,0.000165,c
noarr,standard,durbin,2,MEDIUM,0.8792184724689164,0.00018766666666666668,0.000165,c
noarr,standard,durbin,3,MEDIUM,0.8761061946902655,0.00018833333333333332,0.000165,c
noarr,standard,durbin,5,MEDIUM,0.8745583038869259,0.00018866666666666665,0.000165,c
c,AllHints,fdtd-2d,1,MEDIUM,0.8953689005452414,0.009659333333333332,0.008648666666666667,c
c,AllHints,fdtd-2d,2,MEDIUM,0.8277556229063648,0.010448333333333332,0.008648666666666667,c
c,AllHints,fdtd-2d,4,MEDIUM,0.8273333120755079,0.010453666666666667,0.008648666666666667,c
c,ChooseHints,fdtd-2d,2,MEDIUM,0.9123707715029188,0.009479333333333333,0.008648666666666667,c
c,ChooseHints,fdtd-2d,3,MEDIUM,0.9174681753889675,0.009426666666666667,0.008648666666666667,c
c,ChooseHints,fdtd-2d,5,MEDIUM,0.9082189862783534,0.009522666666666667,0.008648666666666667,c
c,FromPlan,fdtd-2d,1,MEDIUM,1.006790578557293,0.008590333333333334,0.008648666666666667,c
c,FromPlan,fdtd-2d,2,MEDIUM,0.8422932086741983,0.010268,0.008648666666666667,c
c,FromPlan,fdtd-2d,3,MEDIUM,0.8489627642170016,0.010187333333333333,0.008648666666666667,c
c,FromPlan,fdtd-2d,5,MEDIUM,0.8727505129671367,0.009909666666666666,0.008648666666666667,c
c,Naive,fdtd-2d,1,MEDIUM,1.1536682970208982,0.007496666666666666,0.008648666666666667,c
c,Naive,fdtd-2d,2,MEDIUM,0.9970793943586198,0.008674,0.008648666666666667,c
c,Naive,fdtd-2d,3,MEDIUM,1.1893651157460463,0.007271666666666667,0.008648666666666667,c
c,Naive,fdtd-2d,4,MEDIUM,1.0856066945606695,0.007966666666666667,0.008648666666666667,c
c,Naive,fdtd-2d,5,MEDIUM,0.6424026343806482,0.013463000000000001,0.008648666666666667,c
c,standard,fdtd-2d,1,MEDIUM,1.0,0.008648666666666667,0.008648666666666667,c
exo,AllHints,fdtd-2d,3,MEDIUM,0.5079781506353154,0.017025666666666665,0.008648666666666667,c
exo,AllHints,fdtd-2d,4,MEDIUM,0.49784139532206384,0.017372333333333333,0.008648666666666667,c
exo,AllHints,fdtd-2d,5,MEDIUM,0.5755801055947469,0.015026,0.008648666666666667,c
exo,ChooseHints,fdtd-2d,4,MEDIUM,0.5048252782317691,0.017131999999999998,0.008648666666666667,c
exo,FromPlan,fdtd-2d,2,MEDIUM,0.6554171824083664,0.013195666666666666,0.008648666666666667,c
exo,FromPlan,fdtd-2d,4,MEDIUM,0.6210297039182365,0.013926333333333332,0.008648666666666667,c
exo,Naive,fdtd-2d,1,MEDIUM,0.5141283240201324,0.016822,0.008648666666666667,c
exo,Naive,fdtd-2d,2,MEDIUM,0.5879713560551124,0.014709333333333333,0.008648666666666667,c
exo,Naive,fdtd-2d,3,MEDIUM,0.7057063591361584,0.012255333333333333,0.008648666666666667,c
exo,standard,fdtd-2d,1,MEDIUM,0.8989363545023041,0.009621,0.008648666666666667,c
exo,standard,fdtd-2d,2,MEDIUM,0.9100347234400757,0.009503666666666667,0.008648666666666667,c
exo,standard,fdtd-2d,3,MEDIUM,0.8017427847475433,0.010787333333333335,0.008648666666666667,c
exo,standard,fdtd-2d,4,MEDIUM,0.8044772417214436,0.010750666666666667,0.008648666666666667,c
exo,standard,fdtd-2d,5,MEDIUM,0.8023626186721096,0.010778999999999999,0.008648666666666667,c
halide,AllHints,fdtd-2d,1,MEDIUM,0.3108943634969325,0.02781866666666667,0.008648666666666667,c
halide,AllHints,fdtd-2d,5,MEDIUM,0.028915668021473332,0.2990996666666667,0.008648666666666667,c
halide,ChooseHints,fdtd-2d,1,MEDIUM,0.02556200752298965,0.3383406666666667,0.008648666666666667,c
halide,ChooseHints,fdtd-2d,5,MEDIUM,0.016797191361481435,0.5148876666666667,0.008648666666666667,c
halide,FromPlan,fdtd-2d,4,MEDIUM,0.015396775851285162,0.5617193333333333,0.008648666666666667,c
halide,FromPlan,fdtd-2d,5,MEDIUM,0.8794359895603837,0.009834333333333334,0.008648666666666667,c
halide,Naive,fdtd-2d,1,MEDIUM,0.014195385979799507,0.609259,0.008648666666666667,c
halide,Naive,fdtd-2d,3,MEDIUM,0.7149430988399327,0.012097000000000002,0.008648666666666667,c
halide,Naive,fdtd-2d,5,MEDIUM,0.031283986640462044,0.27645666666666663,0.008648666666666667,c
halide,standard,fdtd-2d,1,MEDIUM,0.21524090788425804,0.04018133333333333,0.008648666666666667,c
halide,standard,fdtd-2d,3,MEDIUM,0.30795708113753983,0.028083999999999998,0.008648666666666667,c
halide,standard,fdtd-2d,5,MEDIUM,0.2952065626742215,0.029297,0.008648666666666667,c
noarr,AllHints,fdtd-2d,1,MEDIUM,0.6919671431619373,0.012498666666666667,0.008648666666666667,c
noarr,AllHints,fdtd-2d,4,MEDIUM,0.462866827223263,0.018684999999999997,0.008648666666666667,c
noarr,AllHints,fdtd-2d,5,MEDIUM,0.9879674053765899,0.008754,0.008648666666666667,c
noarr,ChooseHints,fdtd-2d,1,MEDIUM,0.6742723492723494,0.012826666666666667,0.008648666666666667,c
noarr,ChooseHints,fdtd-2d,3,MEDIUM,0.3708478646160883,0.023321333333333333,0.008648666666666667,c
noarr,ChooseHints,fdtd-2d,5,MEDIUM,0.4704197262260901,0.018385000000000002,0.008648666666666667,c
noarr,FromPlan,fdtd-2d,2,MEDIUM,0.712371643512163,0.012140666666666668,0.008648666666666667,c
noarr,FromPlan,fdtd-2d,3,MEDIUM,0.9209853755501918,0.009390666666666667,0.008648666666666667,c
noarr,FromPlan,fdtd-2d,5,MEDIUM,0.7359523471847965,0.011751666666666667,0.008648666666666667,c
noarr,Naive,fdtd-2d,1,MEDIUM,1.0288682686969628,0.008405999999999999,0.008648666666666667,c
noarr,Naive,fdtd-2d,2,MEDIUM,0.9674484507252321,0.008939666666666667,0.008648666666666667,c
noarr,Naive,fdtd-2d,3,MEDIUM,0.9743878624004807,0.008876,0.008648666666666667,c
noarr,Naive,fdtd-2d,4,MEDIUM,0.4623801546851054,0.018704666666666665,0.008648666666666667,c
noarr,standard,fdtd-2d,1,MEDIUM,0.9737661850253331,0.008881666666666668,0.008648666666666667,c
noarr,standard,fdtd-2d,2,MEDIUM,0.9884190476190476,0.00875,0.008648666666666667,c
noarr,standard,fdtd-2d,3,MEDIUM,0.9762209346075704,0.008859333333333332,0.008648666666666667,c
noarr,standard,fdtd-2d,4,MEDIUM,0.9565345622119816,0.009041666666666667,0.008648666666666667,c
noarr,standard,fdtd-2d,5,MEDIUM,0.97791346298809,0.008844,0.008648666666666667,c
c,AllHints,floyd-warshall,1,MEDIUM,6.322192231857426,0.017412999999999998,0.11008833333333334,c
c,AllHints,floyd-warshall,2,MEDIUM,3.7707510332701575,0.029195333333333334,0.11008833333333334,c
c,AllHints,floyd-warshall,3,MEDIUM,4.656669909620293,0.023641,0.11008833333333334,c
c,AllHints,floyd-warshall,4,MEDIUM,19.85362188157499,0.0055450000000000004,0.11008833333333334,c
c,AllHints,floyd-warshall,5,MEDIUM,4.3714179825548305,0.02518366666666667,0.11008833333333334,c
c,ChooseHints,floyd-warshall,1,MEDIUM,5.528835690968444,0.019911666666666668,0.11008833333333334,c
c,ChooseHints,floyd-warshall,2,MEDIUM,1.7270654555532898,0.063743,0.11008833333333334,c
c,ChooseHints,floyd-warshall,3,MEDIUM,0.6592786890481867,0.166983,0.11008833333333334,c
c,ChooseHints,floyd-warshall,4,MEDIUM,6.769390013937855,0.016262666666666665,0.11008833333333334,c
c,ChooseHints,floyd-warshall,5,MEDIUM,19.52266950404918,0.005639000000000001,0.11008833333333334,c
c,FromPlan,floyd-warshall,1,MEDIUM,2.229953276076271,0.049368,0.11008833333333334,c
c,FromPlan,floyd-warshall,2,MEDIUM,2.089954121183357,0.052675,0.11008833333333334,c
c,FromPlan,floyd-warshall,3,MEDIUM,2.114860018954433,0.052054666666666666,0.11008833333333334,c
c,FromPlan,floyd-warshall,4,MEDIUM,2.1890845700574673,0.05028966666666667,0.11008833333333334,c
c,FromPlan,floyd-warshall,5,MEDIUM,5.328401794069247,0.020660666666666664,0.11008833333333334,c
c,Naive,floyd-warshall,1,MEDIUM,2.020364842048597,0.054489333333333334,0.11008833333333334,c
c,Naive,floyd-warshall,2,MEDIUM,1.889582451282169,0.05826066666666666,0.11008833333333334,c
c,Naive,floyd-warshall,3,MEDIUM,2.1584254829686564,0.051003999999999994,0.11008833333333334,c
c,Naive,floyd-warshall,4,MEDIUM,1.0234872290709855,0.107562,0.11008833333333334,c
c,Naive,floyd-warshall,5,MEDIUM,2.1481069549324543,0.051248999999999996,0.11008833333333334,c
c,standard,floyd-warshall,1,MEDIUM,1.0,0.11008833333333334,0.11008833333333334,c
exo,AllHints,floyd-warshall,1,MEDIUM,4.381567077053704,0.025125333333333333,0.11008833333333334,c
exo,AllHints,floyd-warshall,2,MEDIUM,1.1696178772532493,0.09412333333333334,0.11008833333333334,c
exo,AllHints,floyd-warshall,3,MEDIUM,3.4152508195195606,0.03223433333333333,0.11008833333333334,c
exo,AllHints,floyd-warshall,4,MEDIUM,4.229286720450763,0.026029999999999998,0.11008833333333334,c
exo,AllHints,floyd-warshall,5,MEDIUM,6.579508327356762,0.016732,0.11008833333333334,c
exo,ChooseHints,floyd-warshall,1,MEDIUM,4.464729897799168,0.024657333333333333,0.11008833333333334,c
exo,ChooseHints,floyd-warshall,4,MEDIUM,5.479939603106127,0.020089333333333334,0.11008833333333334,c
exo,FromPlan,floyd-warshall,1,MEDIUM,0.9105333098071218,0.12090533333333335,0.11008833333333334,c
exo,FromPlan,floyd-warshall,2,MEDIUM,5.657644539614561,0.019458333333333334,0.11008833333333334,c
exo,FromPlan,floyd-warshall,3,MEDIUM,0.9159652212499827,0.12018833333333334,0.11008833333333334,c
exo,FromPlan,floyd-warshall,4,MEDIUM,1.0270360200391206,0.10719033333333333,0.11008833333333334,c
exo,FromPlan,floyd-warshall,5,MEDIUM,0.9073962139736792,0.12132333333333334,0.11008833333333334,c
exo,Naive,floyd-warshall,1,MEDIUM,1.0637341896501191,0.10349233333333334,0.11008833333333334,c
exo,Naive,floyd-warshall,3,MEDIUM,4.404884164477107,0.024992333333333335,0.11008833333333334,c
exo,Naive,floyd-warshall,5,MEDIUM,3.4172297122518027,0.03221566666666667,0.11008833333333334,c
exo,standard,floyd-warshall,1,MEDIUM,1.03616774958665,0.10624566666666667,0.11008833333333334,c
exo,standard,floyd-warshall,2,MEDIUM,1.0368346037446787,0.10617733333333335,0.11008833333333334,c
exo,standard,floyd-warshall,3,MEDIUM,1.0367792710069723,0.10618300000000001,0.11008833333333334,c
exo,standard,floyd-warshall,4,MEDIUM,1.0388043833824012,0.105976,0.11008833333333334,c
exo,standard,floyd-warshall,5,MEDIUM,1.0406898333711463,0.105784,0.11008833333333334,c
halide,AllHints,floyd-warshall,1,MEDIUM,1.698990169196817,0.06479633333333333,0.11008833333333334,c
halide,AllHints,floyd-warshall,2,MEDIUM,2.4000421487122843,0.04586933333333334,0.11008833333333334,c
halide,AllHints,floyd-warshall,3,MEDIUM,2.63996578791706,0.041700666666666664,0.11008833333333334,c
halide,AllHints,floyd-warshall,4,MEDIUM,2.15849601652212,0.05100233333333334,0.11008833333333334,c
halide,AllHints,floyd-warshall,5,MEDIUM,1.590105922002889,0.06923333333333333,0.11008833333333334,c
halide,ChooseHints,floyd-warshall,2,MEDIUM,1.2750559802331864,0.08634000000000001,0.11008833333333334,c
halide,ChooseHints,floyd-warshall,3,MEDIUM,0.1230227849082018,0.8948613333333334,0.11008833333333334,c
halide,ChooseHints,floyd-warshall,4,MEDIUM,1.4639535811487694,0.07519933333333333,0.11008833333333334,c
halide,ChooseHints,floyd-warshall,5,MEDIUM,0.12396501886697556,0.8880596666666666,0.11008833333333334,c
halide,FromPlan,floyd-warshall,1,MEDIUM,0.20771187693197862,0.5300050000000001,0.11008833333333334,c
halide,FromPlan,floyd-warshall,2,MEDIUM,1.0675922483877747,0.10311833333333333,0.11008833333333334,c
halide,FromPlan,floyd-warshall,3,MEDIUM,1.773377721695707,0.06207833333333334,0.11008833333333334,c
halide,FromPlan,floyd-warshall,4,MEDIUM,1.6140564368726116,0.068206,0.11008833333333334,c
halide,FromPlan,floyd-warshall,5,MEDIUM,1.743752606930343,0.063133,0.11008833333333334,c
halide,Naive,floyd-warshall,1,MEDIUM,2.771004983806823,0.03972866666666667,0.11008833333333334,c
halide,Naive,floyd-warshall,2,MEDIUM,0.5569824977991549,0.19765133333333332,0.11008833333333334,c
halide,Naive,floyd-warshall,3,MEDIUM,0.12222887979034952,0.9006736666666667,0.11008833333333334,c
halide,Naive,floyd-warshall,4,MEDIUM,0.1155866354669838,0.9524313333333333,0.11008833333333334,c
halide,Naive,floyd-warshall,5,MEDIUM,0.12320852127763952,0.8935123333333334,0.11008833333333334,c
halide,standard,floyd-warshall,1,MEDIUM,0.9845607612597037,0.11181466666666666,0.11008833333333334,c
halide,standard,floyd-warshall,2,MEDIUM,0.9789806613784846,0.112452,0.11008833333333334,c
halide,standard,floyd-warshall,3,MEDIUM,0.9769332934985492,0.11268766666666667,0.11008833333333334,c
halide,standard,floyd-warshall,4,MEDIUM,0.9646519670412161,0.11412233333333333,0.11008833333333334,c
noarr,AllHints,floyd-warshall,1,MEDIUM,2.0002604308616627,0.055037,0.11008833333333334,c
noarr,AllHints,floyd-warshall,2,MEDIUM,2.808280330601,0.03920133333333334,0.11008833333333334,c
noarr,AllHints,floyd-warshall,3,MEDIUM,2.8239121698460066,0.038984333333333336,0.11008833333333334,c
noarr,AllHints,floyd-warshall,4,MEDIUM,2.0046433990895296,0.05491666666666667,0.11008833333333334,c
noarr,AllHints,floyd-warshall,5,MEDIUM,2.1251616722541455,0.05180233333333334,0.11008833333333334,c
noarr,ChooseHints,floyd-warshall,1,MEDIUM,0.7876993307542969,0.13975933333333332,0.11008833333333334,c
noarr,ChooseHints,floyd-warshall,2,MEDIUM,2.069303642811494,0.05320066666666667,0.11008833333333334,c
noarr,ChooseHints,floyd-warshall,3,MEDIUM,2.100561608375152,0.052409000000000004,0.11008833333333334,c
noarr,ChooseHints,floyd-warshall,4,MEDIUM,0.6671979765779198,0.165001,0.11008833333333334,c
noarr,ChooseHints,floyd-warshall,5,MEDIUM,2.1101576875894503,0.052170666666666664,0.11008833333333334,c
noarr,FromPlan,floyd-warshall,1,MEDIUM,2.1027951101489877,0.052353333333333335,0.11008833333333334,c
noarr,FromPlan,floyd-warshall,2,MEDIUM,0.9886811995952655,0.11134866666666667,0.11008833333333334,c
noarr,FromPlan,floyd-warshall,3,MEDIUM,1.9360161791429746,0.05686333333333333,0.11008833333333334,c
noarr,FromPlan,floyd-warshall,4,MEDIUM,2.125530956365041,0.05179333333333333,0.11008833333333334,c
noarr,FromPlan,floyd-warshall,5,MEDIUM,0.7050466451764406,0.15614333333333333,0.11008833333333334,c
noarr,Naive,floyd-warshall,1,MEDIUM,2.0668819505723173,0.053263000000000005,0.11008833333333334,c
noarr,Naive,floyd-warshall,2,MEDIUM,0.7945193286165527,0.13855966666666666,0.11008833333333334,c
noarr,Naive,floyd-warshall,3,MEDIUM,1.9747376603186941,0.05574833333333334,0.11008833333333334,c
noarr,Naive,floyd-warshall,4,MEDIUM,2.0785632918164025,0.052963666666666666,0.11008833333333334,c
noarr,Naive,floyd-warshall,5,MEDIUM,1.9762383465575224,0.055706,0.11008833333333334,c
noarr,standard,floyd-warshall,1,MEDIUM,1.082995851846994,0.10165166666666665,0.11008833333333334,c
noarr,standard,floyd-warshall,2,MEDIUM,0.7936582318025618,0.13871,0.11008833333333334,c
noarr,standard,floyd-warshall,3,MEDIUM,1.0783599877230905,0.10208866666666667,0.11008833333333334,c
noarr,standard,floyd-warshall,4,MEDIUM,0.7948673516294943,0.138499,0.11008833333333334,c
noarr,standard,floyd-warshall,5,MEDIUM,0.7957560001252914,0.13834433333333332,0.11008833333333334,c
c,AllHints,gemm,1,MEDIUM,6.148520710059172,0.0005633333333333333,0.003463666666666667,c
c,AllHints,gemm,2,MEDIUM,10.43273092369478,0.000332,0.003463666666666667,c
c,AllHints,gemm,3,MEDIUM,17.977508650519034,0.00019266666666666664,0.003463666666666667,c
c,AllHints,gemm,5,MEDIUM,5.375581996896017,0.0006443333333333333,0.003463666666666667,c
c,ChooseHints,gemm,1,MEDIUM,4.878403755868545,0.00071,0.003463666666666667,c
c,ChooseHints,gemm,2,MEDIUM,5.177379172894868,0.000669,0.003463666666666667,c
c,ChooseHints,gemm,3,MEDIUM,1.2729388705132918,0.002721,0.003463666666666667,c
c,ChooseHints,gemm,4,MEDIUM,1.2119197574061116,0.002858,0.003463666666666667,c
c,ChooseHints,gemm,5,MEDIUM,18.655296229802516,0.00018566666666666666,0.003463666666666667,c
c,FromPlan,gemm,1,MEDIUM,6.40628853267571,0.0005406666666666666,0.003463666666666667,c
c,FromPlan,gemm,2,MEDIUM,1.6399936868686873,0.0021119999999999997,0.003463666666666667,c
c,FromPlan,gemm,3,MEDIUM,1.5613824192336592,0.002218333333333333,0.003463666666666667,c
c,FromPlan,gemm,4,MEDIUM,0.9278507009554425,0.003733,0.003463666666666667,c
c,Naive,gemm,1,MEDIUM,0.8631115541157904,0.004013,0.003463666666666667,c
c,Naive,gemm,2,MEDIUM,0.8659166666666668,0.004,0.003463666666666667,c
c,Naive,gemm,3,MEDIUM,1.0045436968290797,0.0034479999999999997,0.003463666666666667,c
c,Naive,gemm,4,MEDIUM,0.8414446513887766,0.004116333333333333,0.003463666666666667,c
c,Naive,gemm,5,MEDIUM,0.8682319518716578,0.0039893333333333334,0.003463666666666667,c
c,standard,gemm,1,MEDIUM,1.0,0.003463666666666667,0.003463666666666667,c
exo,AllHints,gemm,1,MEDIUM,16.705787781350484,0.00020733333333333332,0.003463666666666667,c
exo,AllHints,gemm,2,MEDIUM,1.3352608583911592,0.002594,0.003463666666666667,c
exo,AllHints,gemm,4,MEDIUM,2.8167525074545945,0.0012296666666666669,0.003463666666666667,c
exo,AllHints,gemm,5,MEDIUM,11.481767955801105,0.00030166666666666666,0.003463666666666667,c
exo,ChooseHints,gemm,1,MEDIUM,1.448626794925415,0.002391,0.003463666666666667,c
exo,ChooseHints,gemm,2,MEDIUM,1.2126269109581047,0.0028563333333333336,0.003463666666666667,c
exo,ChooseHints,gemm,4,MEDIUM,17.493265993265993,0.00019800000000000002,0.003463666666666667,c
exo,FromPlan,gemm,2,MEDIUM,0.6263034175155204,0.005530333333333334,0.003463666666666667,c
exo,FromPlan,gemm,3,MEDIUM,2.274239439702342,0.001523,0.003463666666666667,c
exo,FromPlan,gemm,4,MEDIUM,0.8116700515544446,0.004267333333333334,0.003463666666666667,c
exo,FromPlan,gemm,5,MEDIUM,2.3282545373067447,0.0014876666666666667,0.003463666666666667,c
exo,Naive,gemm,2,MEDIUM,9.244661921708186,0.00037466666666666665,0.003463666666666667,c
exo,Naive,gemm,3,MEDIUM,0.1937534961775126,0.017876666666666666,0.003463666666666667,c
exo,Naive,gemm,4,MEDIUM,1.4002156043659884,0.002473666666666667,0.003463666666666667,c
exo,standard,gemm,1,MEDIUM,0.980560536000755,0.0035323333333333335,0.003463666666666667,c
exo,standard,gemm,2,MEDIUM,0.9768731785277803,0.003545666666666667,0.003463666666666667,c
exo,standard,gemm,3,MEDIUM,0.9827863425706992,0.003524333333333333,0.003463666666666667,c
exo,standard,gemm,4,MEDIUM,0.9777004140007528,0.0035426666666666666,0.003463666666666667,c
exo,standard,gemm,5,MEDIUM,0.9795437405731525,0.0035359999999999996,0.003463666666666667,c
halide,FromPlan,gemm,1,MEDIUM,0.8306819090255018,0.004169666666666666,0.003463666666666667,c
halide,FromPlan,gemm,3,MEDIUM,0.981579444549405,0.0035286666666666665,0.003463666666666667,c
halide,FromPlan,gemm,5,MEDIUM,0.9577841275693612,0.003616333333333334,0.003463666666666667,c
halide,standard,gemm,2,MEDIUM,0.4611868092849852,0.007510333333333333,0.003463666666666667,c
halide,standard,gemm,3,MEDIUM,0.4611458749389784,0.007511,0.003463666666666667,c
halide,standard,gemm,4,MEDIUM,0.4612277508988415,0.007509666666666667,0.003463666666666667,c
noarr,AllHints,gemm,2,MEDIUM,0.23817273310717887,0.014542666666666667,0.003463666666666667,c
noarr,AllHints,gemm,3,MEDIUM,0.23632021833068007,0.014656666666666665,0.003463666666666667,c
noarr,AllHints,gemm,4,MEDIUM,0.9073524275235767,0.0038173333333333336,0.003463666666666667,c
noarr,AllHints,gemm,5,MEDIUM,1.0072702597906167,0.0034386666666666667,0.003463666666666667,c
noarr,ChooseHints,gemm,1,MEDIUM,0.23717246416506893,0.014604,0.003463666666666667,c
noarr,ChooseHints,gemm,2,MEDIUM,1.0099134998542134,0.0034296666666666664,0.003463666666666667,c
noarr,ChooseHints,gemm,3,MEDIUM,1.0106993483124211,0.003427,0.003463666666666667,c
noarr,ChooseHints,gemm,4,MEDIUM,1.0109943568787703,0.003426,0.003463666666666667,c
noarr,ChooseHints,gemm,5,MEDIUM,1.0108960015565718,0.0034263333333333333,0.003463666666666667,c
noarr,FromPlan,gemm,1,MEDIUM,0.23051667147325688,0.015025666666666666,0.003463666666666667,c
noarr,FromPlan,gemm,2,MEDIUM,0.887209699453552,0.003904,0.003463666666666667,c
noarr,FromPlan,gemm,3,MEDIUM,1.0289137538370137,0.0033663333333333336,0.003463666666666667,c
noarr,FromPlan,gemm,4,MEDIUM,0.9601737201995935,0.0036073333333333335,0.003463666666666667,c
noarr,FromPlan,gemm,5,MEDIUM,0.9115711904553032,0.0037996666666666665,0.003463666666666667,c
noarr,Naive,gemm,1,MEDIUM,0.3202848072003206,0.010814333333333334,0.003463666666666667,c
noarr,Naive,gemm,2,MEDIUM,0.9051393728222996,0.003826666666666667,0.003463666666666667,c
noarr,Naive,gemm,3,MEDIUM,0.23535673839184598,0.014716666666666668,0.003463666666666667,c
noarr,Naive,gemm,4,MEDIUM,1.0080519984478076,0.003436,0.003463666666666667,c
noarr,Naive,gemm,5,MEDIUM,1.0116833803913934,0.0034236666666666664,0.003463666666666667,c
noarr,standard,gemm,1,MEDIUM,0.9139766030433636,0.003789666666666667,0.003463666666666667,c
noarr,standard,gemm,2,MEDIUM,0.9172036366846149,0.003776333333333333,0.003463666666666667,c
noarr,standard,gemm,3,MEDIUM,0.9180139588302855,0.003773,0.003463666666666667,c
noarr,standard,gemm,4,MEDIUM,0.9176896582177869,0.003774333333333333,0.003463666666666667,c
noarr,standard,gemm,5,MEDIUM,0.9142982842058954,0.0037883333333333332,0.003463666666666667,c
c,AllHints,gemver,1,MEDIUM,2.3688989784335983,0.0002936666666666667,0.0006956666666666668,c
c,AllHints,gemver,2,MEDIUM,1.7493713327745184,0.00039766666666666667,0.0006956666666666668,c
c,AllHints,gemver,3,MEDIUM,2.914804469273744,0.00023866666666666665,0.0006956666666666668,c
c,AllHints,gemver,4,MEDIUM,2.103830645161291,0.00033066666666666666,0.0006956666666666668,c
c,AllHints,gemver,5,MEDIUM,1.9306197964847367,0.00036033333333333333,0.0006956666666666668,c
c,ChooseHints,gemver,1,MEDIUM,2.1671858774662516,0.000321,0.0006956666666666668,c
c,ChooseHints,gemver,2,MEDIUM,2.062252964426878,0.0003373333333333333,0.0006956666666666668,c
c,ChooseHints,gemver,3,MEDIUM,1.6981285598047196,0.0004096666666666667,0.0006956666666666668,c
c,ChooseHints,gemver,4,MEDIUM,2.112348178137652,0.0003293333333333334,0.0006956666666666668,c
c,ChooseHints,gemver,5,MEDIUM,2.178496868475992,0.00031933333333333336,0.0006956666666666668,c
c,FromPlan,gemver,1,MEDIUM,1.7914163090128759,0.00038833333333333336,0.0006956666666666668,c
c,FromPlan,gemver,2,MEDIUM,1.8022452504317792,0.000386,0.0006956666666666668,c
c,FromPlan,gemver,3,MEDIUM,1.3941215764863062,0.000499,0.0006956666666666668,c
c,FromPlan,gemver,4,MEDIUM,1.5413589364844908,0.0004513333333333333,0.0006956666666666668,c
c,Naive,gemver,1,MEDIUM,1.6355799373040756,0.00042533333333333334,0.0006956666666666668,c
c,Naive,gemver,2,MEDIUM,1.591914569031274,0.00043700000000000005,0.0006956666666666668,c
c,Naive,gemver,3,MEDIUM,1.8452696728558802,0.000377,0.0006956666666666668,c
c,Naive,gemver,4,MEDIUM,1.6407232704402517,0.00042400000000000006,0.0006956666666666668,c
c,Naive,gemver,5,MEDIUM,1.625389408099689,0.000428,0.0006956666666666668,c
c,standard,gemver,1,MEDIUM,1.0,0.0006956666666666668,0.0006956666666666668,c
exo,AllHints,gemver,1,MEDIUM,3.0556368960468525,0.00022766666666666668,0.0006956666666666668,c
exo,AllHints,gemver,2,MEDIUM,2.1166328600405686,0.0003286666666666666,0.0006956666666666668,c
exo,AllHints,gemver,3,MEDIUM,1.7319502074688802,0.00040166666666666665,0.0006956666666666668,c
exo,AllHints,gemver,4,MEDIUM,2.1968421052631584,0.00031666666666666665,0.0006956666666666668,c
exo,AllHints,gemver,5,MEDIUM,1.8274956217162874,0.0003806666666666667,0.0006956666666666668,c
exo,ChooseHints,gemver,1,MEDIUM,3.0378457059679773,0.000229,0.0006956666666666668,c
exo,ChooseHints,gemver,2,MEDIUM,1.9952198852772471,0.00034866666666666667,0.0006956666666666668,c
exo,FromPlan,gemver,1,MEDIUM,0.8995689655172415,0.0007733333333333333,0.0006956666666666668,c
exo,FromPlan,gemver,2,MEDIUM,0.0733593447924356,0.009483,0.0006956666666666668,c
exo,Naive,gemver,5,MEDIUM,2.570197044334976,0.00027066666666666667,0.0006956666666666668,c
exo,standard,gemver,1,MEDIUM,0.9426377597109307,0.0007379999999999999,0.0006956666666666668,c
exo,standard,gemver,2,MEDIUM,0.9383992805755398,0.0007413333333333333,0.0006956666666666668,c
exo,standard,gemver,3,MEDIUM,0.9141480508103376,0.000761,0.0006956666666666668,c
exo,standard,gemver,4,MEDIUM,0.9165568730786123,0.000759,0.0006956666666666668,c
exo,standard,gemver,5,MEDIUM,0.9197884530630235,0.0007563333333333334,0.0006956666666666668,c
halide,standard,gemver,1,MEDIUM,0.005470353410517654,0.12717033333333333,0.0006956666666666668,c
halide,standard,gemver,4,MEDIUM,0.3827251054465432,0.0018176666666666669,0.0006956666666666668,c
noarr,AllHints,gemver,1,MEDIUM,1.7596964586846549,0.0003953333333333333,0.0006956666666666668,c
noarr,AllHints,gemver,2,MEDIUM,0.23721300295521713,0.0029326666666666668,0.0006956666666666668,c
noarr,AllHints,gemver,3,MEDIUM,0.24483810417644303,0.0028413333333333333,0.0006956666666666668,c
noarr,AllHints,gemver,4,MEDIUM,1.1441885964912284,0.0006079999999999999,0.0006956666666666668,c
noarr,AllHints,gemver,5,MEDIUM,0.24446526882979977,0.0028456666666666665,0.0006956666666666668,c
noarr,ChooseHints,gemver,1,MEDIUM,1.7247933884297522,0.0004033333333333334,0.0006956666666666668,c
noarr,ChooseHints,gemver,2,MEDIUM,1.7319502074688802,0.00040166666666666665,0.0006956666666666668,c
noarr,ChooseHints,gemver,3,MEDIUM,0.251082771896054,0.0027706666666666665,0.0006956666666666668,c
noarr,ChooseHints,gemver,4,MEDIUM,1.7162828947368425,0.00040533333333333334,0.0006956666666666668,c
noarr,ChooseHints,gemver,5,MEDIUM,1.1354733405875954,0.0006126666666666666,0.0006956666666666668,c
noarr,FromPlan,gemver,1,MEDIUM,1.103065539112051,0.0006306666666666666,0.0006956666666666668,c
noarr,FromPlan,gemver,2,MEDIUM,1.563295880149813,0.00044500000000000003,0.0006956666666666668,c
noarr,FromPlan,gemver,3,MEDIUM,1.764158918005072,0.00039433333333333334,0.0006956666666666668,c
noarr,FromPlan,gemver,4,MEDIUM,1.733388704318937,0.00040133333333333335,0.0006956666666666668,c
noarr,Naive,gemver,1,MEDIUM,1.747906197654942,0.00039799999999999997,0.0006956666666666668,c
noarr,Naive,gemver,2,MEDIUM,1.8069264069264075,0.000385,0.0006956666666666668,c
noarr,Naive,gemver,3,MEDIUM,1.785286569717708,0.00038966666666666663,0.0006956666666666668,c
noarr,Naive,gemver,4,MEDIUM,1.7611814345991568,0.00039499999999999995,0.0006956666666666668,c
noarr,Naive,gemver,5,MEDIUM,1.7671464860287895,0.0003936666666666667,0.0006956666666666668,c
noarr,standard,gemver,1,MEDIUM,1.1178361006963045,0.0006223333333333334,0.0006956666666666668,c
noarr,standard,gemver,2,MEDIUM,1.1348558999456229,0.0006129999999999999,0.0006956666666666668,c
noarr,standard,gemver,3,MEDIUM,1.1238556812062468,0.0006190000000000001,0.0006956666666666668,c
noarr,standard,gemver,5,MEDIUM,1.1214400859752824,0.0006203333333333333,0.0006956666666666668,c
c,AllHints,gesummv,1,MEDIUM,2.038805970149254,0.00011166666666666667,0.00022766666666666668,c
c,AllHints,gesummv,2,MEDIUM,3.502564102564103,6.5e-05,0.00022766666666666668,c
c,AllHints,gesummv,3,MEDIUM,2.9063829787234043,7.833333333333333e-05,0.00022766666666666668,c
c,AllHints,gesummv,4,MEDIUM,2.0950920245398774,0.00010866666666666667,0.00022766666666666668,c
c,AllHints,gesummv,5,MEDIUM,3.8370786516853936,5.933333333333333e-05,0.00022766666666666668,c
c,ChooseHints,gesummv,1,MEDIUM,3.2836538461538467,6.933333333333333e-05,0.00022766666666666668,c
c,ChooseHints,gesummv,2,MEDIUM,3.7944444444444447,6e-05,0.00022766666666666668,c
c,ChooseHints,gesummv,3,MEDIUM,3.7734806629834257,6.0333333333333334e-05,0.00022766666666666668,c
c,ChooseHints,gesummv,4,MEDIUM,3.858757062146893,5.9e-05,0.00022766666666666668,c
c,ChooseHints,gesummv,5,MEDIUM,3.7322404371584703,6.1e-05,0.00022766666666666668,c
c,FromPlan,gesummv,1,MEDIUM,3.484693877551021,6.533333333333333e-05,0.00022766666666666668,c
c,FromPlan,gesummv,2,MEDIUM,2.9825327510917035,7.633333333333332e-05,0.00022766666666666668,c
c,FromPlan,gesummv,3,MEDIUM,2.17515923566879,0.00010466666666666666,0.00022766666666666668,c
c,FromPlan,gesummv,4,MEDIUM,3.8806818181818183,5.8666666666666665e-05,0.00022766666666666668,c
c,FromPlan,gesummv,5,MEDIUM,3.613756613756614,6.3e-05,0.00022766666666666668,c
c,Naive,gesummv,1,MEDIUM,2.822314049586777,8.066666666666667e-05,0.00022766666666666668,c
c,Naive,gesummv,2,MEDIUM,2.2996632996632997,9.900000000000001e-05,0.00022766666666666668,c
c,Naive,gesummv,3,MEDIUM,2.224755700325733,0.00010233333333333333,0.00022766666666666668,c
c,Naive,gesummv,4,MEDIUM,2.2103559870550162,0.00010300000000000001,0.00022766666666666668,c
c,Naive,gesummv,5,MEDIUM,3.5947368421052635,6.333333333333333e-05,0.00022766666666666668,c
c,standard,gesummv,1,MEDIUM,1.0,0.00022766666666666668,0.00022766666666666668,c
exo,AllHints,gesummv,2,MEDIUM,3.283653846153846,6.933333333333334e-05,0.00022766666666666668,c
exo,AllHints,gesummv,3,MEDIUM,3.672043010752688,6.2e-05,0.00022766666666666668,c
exo,AllHints,gesummv,4,MEDIUM,3.672043010752688,6.2e-05,0.00022766666666666668,c
exo,AllHints,gesummv,5,MEDIUM,3.7322404371584703,6.1e-05,0.00022766666666666668,c
exo,ChooseHints,gesummv,1,MEDIUM,3.557291666666667,6.4e-05,0.00022766666666666668,c
exo,ChooseHints,gesummv,3,MEDIUM,3.613756613756614,6.3e-05,0.00022766666666666668,c
exo,ChooseHints,gesummv,4,MEDIUM,3.5759162303664924,6.366666666666666e-05,0.00022766666666666668,c
exo,ChooseHints,gesummv,5,MEDIUM,3.7322404371584703,6.1e-05,0.00022766666666666668,c
exo,FromPlan,gesummv,2,MEDIUM,2.8106995884773665,8.1e-05,0.00022766666666666668,c
exo,FromPlan,gesummv,3,MEDIUM,1.9458689458689458,0.00011700000000000001,0.00022766666666666668,c
exo,FromPlan,gesummv,5,MEDIUM,3.557291666666667,6.4e-05,0.00022766666666666668,c
exo,Naive,gesummv,1,MEDIUM,3.8370786516853936,5.933333333333333e-05,0.00022766666666666668,c
exo,Naive,gesummv,2,MEDIUM,2.616858237547893,8.7e-05,0.00022766666666666668,c
exo,Naive,gesummv,3,MEDIUM,0.6022927689594356,0.000378,0.00022766666666666668,c
exo,Naive,gesummv,4,MEDIUM,0.6560999039385206,0.00034700000000000003,0.00022766666666666668,c
exo,Naive,gesummv,5,MEDIUM,0.9956268221574346,0.00022866666666666665,0.00022766666666666668,c
exo,standard,gesummv,1,MEDIUM,1.0,0.00022766666666666668,0.00022766666666666668,c
exo,standard,gesummv,2,MEDIUM,0.9579242636746145,0.00023766666666666665,0.00022766666666666668,c
exo,standard,gesummv,3,MEDIUM,0.966053748231966,0.00023566666666666668,0.00022766666666666668,c
exo,standard,gesummv,4,MEDIUM,0.9985380116959064,0.000228,0.00022766666666666668,c
exo,standard,gesummv,5,MEDIUM,0.9785100286532953,0.00023266666666666664,0.00022766666666666668,c
halide,FromPlan,gesummv,1,MEDIUM,0.08141614018357372,0.0027963333333333334,0.00022766666666666668,c
halide,Naive,gesummv,4,MEDIUM,0.0687191870409498,0.003313,0.00022766666666666668,c
halide,Naive,gesummv,5,MEDIUM,0.32095864661654144,0.0007093333333333332,0.00022766666666666668,c
halide,standard,gesummv,1,MEDIUM,0.9855699855699857,0.000231,0.00022766666666666668,c
halide,standard,gesummv,2,MEDIUM,0.940771349862259,0.000242,0.00022766666666666668,c
halide,standard,gesummv,3,MEDIUM,0.9525801952580196,0.00023899999999999998,0.00022766666666666668,c
halide,standard,gesummv,4,MEDIUM,1.0014662756598243,0.00022733333333333332,0.00022766666666666668,c
halide,standard,gesummv,5,MEDIUM,0.9827338129496404,0.00023166666666666667,0.00022766666666666668,c
noarr,AllHints,gesummv,1,MEDIUM,2.577358490566038,8.833333333333333e-05,0.00022766666666666668,c
noarr,AllHints,gesummv,2,MEDIUM,2.8340248962655603,8.033333333333334e-05,0.00022766666666666668,c
noarr,AllHints,gesummv,3,MEDIUM,2.3152542372881353,9.833333333333334e-05,0.00022766666666666668,c
noarr,AllHints,gesummv,4,MEDIUM,2.396491228070176,9.499999999999999e-05,0.00022766666666666668,c
noarr,AllHints,gesummv,5,MEDIUM,0.08678526048284625,0.0026233333333333334,0.00022766666666666668,c
noarr,ChooseHints,gesummv,1,MEDIUM,0.08777792057576149,0.0025936666666666664,0.00022766666666666668,c
noarr,ChooseHints,gesummv,2,MEDIUM,2.2320261437908497,0.000102,0.00022766666666666668,c
noarr,ChooseHints,gesummv,3,MEDIUM,0.09041567381519726,0.002518,0.00022766666666666668,c
noarr,ChooseHints,gesummv,4,MEDIUM,0.08971496125049258,0.002537666666666667,0.00022766666666666668,c
noarr,ChooseHints,gesummv,5,MEDIUM,2.1891025641025643,0.000104,0.00022766666666666668,c
noarr,FromPlan,gesummv,1,MEDIUM,2.4219858156028367,9.400000000000001e-05,0.00022766666666666668,c
noarr,FromPlan,gesummv,3,MEDIUM,2.483636363636364,9.166666666666667e-05,0.00022766666666666668,c
noarr,FromPlan,gesummv,4,MEDIUM,2.413427561837456,9.433333333333333e-05,0.00022766666666666668,c
noarr,Naive,gesummv,1,MEDIUM,2.616858237547893,8.7e-05,0.00022766666666666668,c
noarr,Naive,gesummv,2,MEDIUM,2.606870229007634,8.733333333333332e-05,0.00022766666666666668,c
noarr,Naive,gesummv,3,MEDIUM,2.396491228070176,9.499999999999999e-05,0.00022766666666666668,c
noarr,Naive,gesummv,4,MEDIUM,2.4306049822064058,9.366666666666666e-05,0.00022766666666666668,c
noarr,Naive,gesummv,5,MEDIUM,2.587121212121212,8.800000000000001e-05,0.00022766666666666668,c
noarr,standard,gesummv,1,MEDIUM,1.1402337228714525,0.00019966666666666665,0.00022766666666666668,c
noarr,standard,gesummv,2,MEDIUM,1.1498316498316499,0.00019800000000000002,0.00022766666666666668,c
noarr,standard,gesummv,3,MEDIUM,1.1345514950166113,0.00020066666666666667,0.00022766666666666668,c
noarr,standard,gesummv,4,MEDIUM,1.1289256198347108,0.00020166666666666664,0.00022766666666666668,c
noarr,standard,gesummv,5,MEDIUM,1.1537162162162165,0.00019733333333333332,0.00022766666666666668,c
c,ChooseHints,gramschmidt,1,MEDIUM,3.6833225644339147,0.004643,0.017101666666666668,c
c,ChooseHints,gramschmidt,4,MEDIUM,3.6746168170749183,0.004653999999999999,0.017101666666666668,c
c,Naive,gramschmidt,1,MEDIUM,4.143514779518656,0.0041273333333333335,0.017101666666666668,c
c,standard,gramschmidt,1,MEDIUM,1.0,0.017101666666666668,0.017101666666666668,c
c,AllHints,heat-3d,1,MEDIUM,0.7542555641632295,0.01592033333333333,0.012008,c
c,AllHints,heat-3d,3,MEDIUM,1.06564117734063,0.011268333333333333,0.012008,c
c,AllHints,heat-3d,4,MEDIUM,1.8517528528837257,0.006484666666666666,0.012008,c
c,AllHints,heat-3d,5,MEDIUM,0.8804810089455932,0.013637999999999999,0.012008,c
c,ChooseHints,heat-3d,1,MEDIUM,0.5711386625233852,0.021024666666666667,0.012008,c
c,ChooseHints,heat-3d,2,MEDIUM,0.7760949652067131,0.015472333333333333,0.012008,c
c,ChooseHints,heat-3d,3,MEDIUM,0.7717719647792275,0.015558999999999998,0.012008,c
c,ChooseHints,heat-3d,4,MEDIUM,0.8340819634174577,0.014396666666666667,0.012008,c
c,ChooseHints,heat-3d,5,MEDIUM,1.0238162905701131,0.011728666666666665,0.012008,c
c,FromPlan,heat-3d,1,MEDIUM,0.9212592384216044,0.013034333333333334,0.012008,c
c,FromPlan,heat-3d,2,MEDIUM,0.8670453451429672,0.013849333333333333,0.012008,c
c,FromPlan,heat-3d,3,MEDIUM,0.6566054243219598,0.018288,0.012008,c
c,FromPlan,heat-3d,4,MEDIUM,0.8535279344169076,0.014068666666666667,0.012008,c
c,FromPlan,heat-3d,5,MEDIUM,0.7786952574467165,0.015420666666666666,0.012008,c
c,Naive,heat-3d,1,MEDIUM,0.7709131374521175,0.015576333333333333,0.012008,c
c,Naive,heat-3d,2,MEDIUM,0.9985032429735572,0.012026,0.012008,c
c,Naive,heat-3d,3,MEDIUM,0.9882585317678043,0.012150666666666666,0.012008,c
c,Naive,heat-3d,5,MEDIUM,0.9615631005765535,0.012487999999999999,0.012008,c
c,standard,heat-3d,1,MEDIUM,1.0,0.012008,0.012008,c
exo,AllHints,heat-3d,1,MEDIUM,0.5584163941033312,0.021503666666666667,0.012008,c
exo,AllHints,heat-3d,3,MEDIUM,0.5696034406425906,0.02108133333333333,0.012008,c
exo,ChooseHints,heat-3d,3,MEDIUM,0.5413723663250277,0.022180666666666668,0.012008,c
exo,ChooseHints,heat-3d,4,MEDIUM,0.5654016385723704,0.021237999999999996,0.012008,c
exo,Naive,heat-3d,2,MEDIUM,0.4951752577319588,0.024249999999999997,0.012008,c
exo,Naive,heat-3d,3,MEDIUM,0.5674411278254706,0.021161666666666665,0.012008,c
exo,Naive,heat-3d,4,MEDIUM,0.5738590203106332,0.020925,0.012008,c
exo,standard,heat-3d,1,MEDIUM,0.6091617768909482,0.01971233333333333,0.012008,c
exo,standard,heat-3d,2,MEDIUM,0.6088631984585742,0.019722,0.012008,c
exo,standard,heat-3d,3,MEDIUM,0.610959415226498,0.019654333333333333,0.012008,c
exo,standard,heat-3d,4,MEDIUM,0.6098733662897,0.019689333333333333,0.012008,c
exo,standard,heat-3d,5,MEDIUM,0.6070983181098116,0.019779333333333333,0.012008,c
halide,AllHints,heat-3d,1,MEDIUM,0.6017539463793535,0.019955,0.012008,c
halide,AllHints,heat-3d,2,MEDIUM,0.6001299415263132,0.020009,0.012008,c
halide,AllHints,heat-3d,3,MEDIUM,0.5913426024721351,0.020306333333333332,0.012008,c
halide,AllHints,heat-3d,4,MEDIUM,0.012169760455980897,0.986708,0.012008,c
halide,AllHints,heat-3d,5,MEDIUM,0.11233943824043958,0.10689033333333332,0.012008,c
halide,ChooseHints,heat-3d,1,MEDIUM,0.5800125585663913,0.020703,0.012008,c
halide,ChooseHints,heat-3d,2,MEDIUM,0.5948480845442535,0.02018666666666667,0.012008,c
halide,ChooseHints,heat-3d,3,MEDIUM,0.9183470568740918,0.013075666666666666,0.012008,c
halide,ChooseHints,heat-3d,4,MEDIUM,0.6003699815009249,0.020001,0.012008,c
halide,ChooseHints,heat-3d,5,MEDIUM,0.012319696535478633,0.9746993333333333,0.012008,c
halide,FromPlan,heat-3d,1,MEDIUM,0.7577937649880094,0.015846000000000002,0.012008,c
halide,FromPlan,heat-3d,2,MEDIUM,0.9569144132178717,0.012548666666666666,0.012008,c
halide,FromPlan,heat-3d,4,MEDIUM,1.636636227340875,0.007337,0.012008,c
halide,FromPlan,heat-3d,5,MEDIUM,0.12013005418924552,0.09995833333333333,0.012008,c
halide,Naive,heat-3d,1,MEDIUM,0.5588668766192463,0.021486333333333333,0.012008,c
halide,Naive,heat-3d,2,MEDIUM,0.5551891008846284,0.021628666666666668,0.012008,c
halide,Naive,heat-3d,3,MEDIUM,0.11128822984244671,0.1079,0.012008,c
halide,Naive,heat-3d,5,MEDIUM,0.6066893462225066,0.019792666666666667,0.012008,c
halide,standard,heat-3d,1,MEDIUM,0.2365393706991648,0.05076533333333333,0.012008,c
halide,standard,heat-3d,2,MEDIUM,0.24877594005731848,0.04826833333333333,0.012008,c
halide,standard,heat-3d,3,MEDIUM,0.15355760541526706,0.07819866666666668,0.012008,c
halide,standard,heat-3d,4,MEDIUM,0.4279808012165566,0.028057333333333333,0.012008,c
noarr,AllHints,heat-3d,2,MEDIUM,0.5038392145344689,0.023833000000000003,0.012008,c
noarr,AllHints,heat-3d,3,MEDIUM,0.5013011230013498,0.023953666666666668,0.012008,c
noarr,AllHints,heat-3d,4,MEDIUM,0.4817717388397036,0.024924666666666668,0.012008,c
noarr,AllHints,heat-3d,5,MEDIUM,0.5478935361216729,0.021916666666666668,0.012008,c
noarr,ChooseHints,heat-3d,1,MEDIUM,1.1827822832189645,0.010152333333333333,0.012008,c
noarr,ChooseHints,heat-3d,2,MEDIUM,1.1774472953096913,0.010198333333333332,0.012008,c
noarr,ChooseHints,heat-3d,3,MEDIUM,1.1733055401752273,0.010234333333333333,0.012008,c
noarr,ChooseHints,heat-3d,4,MEDIUM,1.18200610296289,0.010159,0.012008,c
noarr,ChooseHints,heat-3d,5,MEDIUM,1.1537648528328475,0.010407666666666667,0.012008,c
noarr,FromPlan,heat-3d,1,MEDIUM,0.6489992253229323,0.018502333333333332,0.012008,c
noarr,FromPlan,heat-3d,2,MEDIUM,0.6553392759687101,0.018323333333333334,0.012008,c
noarr,FromPlan,heat-3d,3,MEDIUM,1.1634531537641701,0.010321,0.012008,c
noarr,FromPlan,heat-3d,4,MEDIUM,0.6895733236346931,0.017413666666666664,0.012008,c
noarr,FromPlan,heat-3d,5,MEDIUM,0.6765197468497061,0.017749666666666667,0.012008,c
noarr,Naive,heat-3d,1,MEDIUM,0.5636411997559182,0.02130433333333333,0.012008,c
noarr,Naive,heat-3d,2,MEDIUM,1.1251874062968514,0.010672000000000001,0.012008,c
noarr,Naive,heat-3d,3,MEDIUM,1.1272294887039238,0.010652666666666666,0.012008,c
noarr,Naive,heat-3d,4,MEDIUM,1.1288189765926113,0.010637666666666665,0.012008,c
noarr,standard,heat-3d,1,MEDIUM,1.1772933756005097,0.010199666666666668,0.012008,c
noarr,standard,heat-3d,2,MEDIUM,0.8088192370731269,0.014846333333333335,0.012008,c
noarr,standard,heat-3d,3,MEDIUM,1.1675633629351139,0.010284666666666666,0.012008,c
noarr,standard,heat-3d,4,MEDIUM,1.1667314418966186,0.010292,0.012008,c
noarr,standard,heat-3d,5,MEDIUM,0.8033002564388448,0.014948333333333334,0.012008,c
c,AllHints,jacobi-1d,1,MEDIUM,0.027550826524795742,0.0017543333333333334,4.8333333333333334e-05,c
c,AllHints,jacobi-1d,2,MEDIUM,0.028420227361818897,0.0017006666666666665,4.8333333333333334e-05,c
c,AllHints,jacobi-1d,4,MEDIUM,0.169392523364486,0.00028533333333333335,4.8333333333333334e-05,c
c,AllHints,jacobi-1d,5,MEDIUM,0.02852084972462628,0.0016946666666666666,4.8333333333333334e-05,c
c,ChooseHints,jacobi-1d,2,MEDIUM,0.03000827814569537,0.0016106666666666665,4.8333333333333334e-05,c
c,ChooseHints,jacobi-1d,3,MEDIUM,0.02883276993438059,0.0016763333333333335,4.8333333333333334e-05,c
c,ChooseHints,jacobi-1d,4,MEDIUM,0.029501525940996948,0.0016383333333333334,4.8333333333333334e-05,c
c,ChooseHints,jacobi-1d,5,MEDIUM,0.029239766081871347,0.001653,4.8333333333333334e-05,c
c,FromPlan,jacobi-1d,2,MEDIUM,0.029346286176887268,0.001647,4.8333333333333334e-05,c
c,FromPlan,jacobi-1d,3,MEDIUM,0.029346286176887268,0.001647,4.8333333333333334e-05,c
c,FromPlan,jacobi-1d,4,MEDIUM,0.028999999999999998,0.0016666666666666668,4.8333333333333334e-05,c
c,FromPlan,jacobi-1d,5,MEDIUM,0.02904065691968756,0.0016643333333333334,4.8333333333333334e-05,c
c,Naive,jacobi-1d,2,MEDIUM,0.4166666666666667,0.000116,4.8333333333333334e-05,c
c,Naive,jacobi-1d,3,MEDIUM,1.0583941605839415,4.566666666666667e-05,4.8333333333333334e-05,c
c,Naive,jacobi-1d,4,MEDIUM,0.9931506849315068,4.8666666666666666e-05,4.8333333333333334e-05,c
c,Naive,jacobi-1d,5,MEDIUM,1.0357142857142858,4.6666666666666665e-05,4.8333333333333334e-05,c
c,standard,jacobi-1d,1,MEDIUM,1.0,4.8333333333333334e-05,4.8333333333333334e-05,c
exo,AllHints,jacobi-1d,1,MEDIUM,0.009412528399870172,0.005135,4.8333333333333334e-05,c
exo,AllHints,jacobi-1d,2,MEDIUM,0.009444408258972189,0.005117666666666666,4.8333333333333334e-05,c
exo,AllHints,jacobi-1d,3,MEDIUM,0.009343385527418004,0.005173,4.8333333333333334e-05,c
exo,AllHints,jacobi-1d,4,MEDIUM,0.00907497809488046,0.005326,4.8333333333333334e-05,c
exo,AllHints,jacobi-1d,5,MEDIUM,0.009102322661644697,0.00531,4.8333333333333334e-05,c
exo,ChooseHints,jacobi-1d,1,MEDIUM,0.009336166376923572,0.005177,4.8333333333333334e-05,c
exo,ChooseHints,jacobi-1d,3,MEDIUM,0.00931577256665596,0.005188333333333333,4.8333333333333334e-05,c
exo,ChooseHints,jacobi-1d,4,MEDIUM,0.009252169474221543,0.0052239999999999995,4.8333333333333334e-05,c
exo,ChooseHints,jacobi-1d,5,MEDIUM,0.009411917434765677,0.005135333333333333,4.8333333333333334e-05,c
exo,FromPlan,jacobi-1d,1,MEDIUM,0.00913328294280675,0.005292000000000001,4.8333333333333334e-05,c
exo,FromPlan,jacobi-1d,4,MEDIUM,0.009179539123828817,0.005265333333333334,4.8333333333333334e-05,c
exo,Naive,jacobi-1d,1,MEDIUM,0.009392408343049618,0.005146,4.8333333333333334e-05,c
exo,Naive,jacobi-1d,2,MEDIUM,0.009177796063041964,0.005266333333333334,4.8333333333333334e-05,c
exo,Naive,jacobi-1d,5,MEDIUM,0.009425377015080604,0.005128,4.8333333333333334e-05,c
exo,standard,jacobi-1d,1,MEDIUM,0.9863945578231292,4.9e-05,4.8333333333333334e-05,c
exo,standard,jacobi-1d,2,MEDIUM,0.9666666666666667,5e-05,4.8333333333333334e-05,c
exo,standard,jacobi-1d,3,MEDIUM,0.9797297297297298,4.933333333333333e-05,4.8333333333333334e-05,c
exo,standard,jacobi-1d,4,MEDIUM,0.9731543624161074,4.966666666666666e-05,4.8333333333333334e-05,c
exo,standard,jacobi-1d,5,MEDIUM,0.9731543624161074,4.966666666666666e-05,4.8333333333333334e-05,c
halide,ChooseHints,jacobi-1d,3,MEDIUM,0.001993154545079657,0.02424966666666667,4.8333333333333334e-05,c
halide,FromPlan,jacobi-1d,1,MEDIUM,0.012669287898645696,0.0038150000000000002,4.8333333333333334e-05,c
halide,FromPlan,jacobi-1d,4,MEDIUM,0.03640472006025608,0.0013276666666666669,4.8333333333333334e-05,c
halide,Naive,jacobi-1d,1,MEDIUM,0.15311510031678988,0.0003156666666666666,4.8333333333333334e-05,c
halide,standard,jacobi-1d,2,MEDIUM,0.2670349907918969,0.00018099999999999998,4.8333333333333334e-05,c
halide,standard,jacobi-1d,5,MEDIUM,0.14500000000000002,0.0003333333333333333,4.8333333333333334e-05,c
noarr,AllHints,jacobi-1d,1,MEDIUM,0.0059169183057210485,0.008168666666666666,4.8333333333333334e-05,c
noarr,AllHints,jacobi-1d,2,MEDIUM,1.1600000000000001,4.1666666666666665e-05,4.8333333333333334e-05,c
noarr,AllHints,jacobi-1d,3,MEDIUM,1.1693548387096775,4.133333333333333e-05,4.8333333333333334e-05,c
noarr,AllHints,jacobi-1d,4,MEDIUM,0.009102322661644697,0.00531,4.8333333333333334e-05,c
noarr,AllHints,jacobi-1d,5,MEDIUM,1.2719298245614035,3.8e-05,4.8333333333333334e-05,c
noarr,ChooseHints,jacobi-1d,1,MEDIUM,0.005927076520601701,0.008154666666666666,4.8333333333333334e-05,c
noarr,ChooseHints,jacobi-1d,2,MEDIUM,0.614406779661017,7.866666666666666e-05,4.8333333333333334e-05,c
noarr,ChooseHints,jacobi-1d,3,MEDIUM,0.00610963637129735,0.007911,4.8333333333333334e-05,c
noarr,ChooseHints,jacobi-1d,4,MEDIUM,0.006267289073305671,0.007712,4.8333333333333334e-05,c
noarr,ChooseHints,jacobi-1d,5,MEDIUM,0.011383262678599466,0.004246,4.8333333333333334e-05,c
noarr,FromPlan,jacobi-1d,1,MEDIUM,0.45454545454545453,0.00010633333333333333,4.8333333333333334e-05,c
noarr,FromPlan,jacobi-1d,2,MEDIUM,1.228813559322034,3.933333333333333e-05,4.8333333333333334e-05,c
noarr,FromPlan,jacobi-1d,3,MEDIUM,0.18238993710691825,0.000265,4.8333333333333334e-05,c
noarr,FromPlan,jacobi-1d,4,MEDIUM,0.7213930348258706,6.7e-05,4.8333333333333334e-05,c
noarr,FromPlan,jacobi-1d,5,MEDIUM,0.14257620452310715,0.00033900000000000005,4.8333333333333334e-05,c
noarr,Naive,jacobi-1d,1,MEDIUM,0.008969442038846963,0.005388666666666667,4.8333333333333334e-05,c
noarr,Naive,jacobi-1d,3,MEDIUM,0.005179126334964461,0.009332333333333333,4.8333333333333334e-05,c
noarr,Naive,jacobi-1d,4,MEDIUM,0.5776892430278885,8.366666666666666e-05,4.8333333333333334e-05,c
noarr,Naive,jacobi-1d,5,MEDIUM,0.7435897435897436,6.5e-05,4.8333333333333334e-05,c
noarr,standard,jacobi-1d,1,MEDIUM,1.1693548387096775,4.133333333333333e-05,4.8333333333333334e-05,c
noarr,standard,jacobi-1d,2,MEDIUM,1.1788617886178863,4.1e-05,4.8333333333333334e-05,c
noarr,standard,jacobi-1d,3,MEDIUM,1.150793650793651,4.2e-05,4.8333333333333334e-05,c
noarr,standard,jacobi-1d,4,MEDIUM,1.1788617886178863,4.1e-05,4.8333333333333334e-05,c
noarr,standard,jacobi-1d,5,MEDIUM,1.1983471074380165,4.0333333333333336e-05,4.8333333333333334e-05,c
c,AllHints,jacobi-2d,1,MEDIUM,0.9891273247496424,0.010485,0.010371,c
c,AllHints,jacobi-2d,2,MEDIUM,0.8983887733887735,0.011543999999999999,0.010371,c
c,AllHints,jacobi-2d,3,MEDIUM,1.6589176219674753,0.006251666666666667,0.010371,c
c,AllHints,jacobi-2d,4,MEDIUM,3.5737422467263955,0.002902,0.010371,c
c,AllHints,jacobi-2d,5,MEDIUM,0.8295251553043432,0.012502333333333332,0.010371,c
c,ChooseHints,jacobi-2d,1,MEDIUM,1.0369271788035326,0.010001666666666667,0.010371,c
c,ChooseHints,jacobi-2d,2,MEDIUM,1.025883671854392,0.010109333333333333,0.010371,c
c,ChooseHints,jacobi-2d,3,MEDIUM,1.8469072776920337,0.005615333333333333,0.010371,c
c,ChooseHints,jacobi-2d,4,MEDIUM,2.000964692263168,0.005183,0.010371,c
c,ChooseHints,jacobi-2d,5,MEDIUM,1.0302317880794702,0.010066666666666666,0.010371,c
c,FromPlan,jacobi-2d,1,MEDIUM,0.8101921774907557,0.012800666666666667,0.010371,c
c,FromPlan,jacobi-2d,2,MEDIUM,0.9344085052707451,0.011099,0.010371,c
c,FromPlan,jacobi-2d,3,MEDIUM,1.5023902651021297,0.006902999999999999,0.010371,c
c,FromPlan,jacobi-2d,4,MEDIUM,0.9218939820439124,0.011249666666666666,0.010371,c
c,FromPlan,jacobi-2d,5,MEDIUM,0.7594093238955334,0.013656666666666666,0.010371,c
c,Naive,jacobi-2d,1,MEDIUM,1.0375496048287591,0.009995666666666667,0.010371,c
c,Naive,jacobi-2d,2,MEDIUM,0.9967004100461301,0.010405333333333334,0.010371,c
c,Naive,jacobi-2d,3,MEDIUM,1.0315297394072012,0.010054,0.010371,c
c,Naive,jacobi-2d,4,MEDIUM,1.0323854398248,0.010045666666666666,0.010371,c
c,standard,jacobi-2d,1,MEDIUM,1.0,0.010371,0.010371,c
exo,AllHints,jacobi-2d,2,MEDIUM,0.7242149856846908,0.014320333333333332,0.010371,c
exo,AllHints,jacobi-2d,3,MEDIUM,1.5178554005268807,0.006832666666666667,0.010371,c
exo,ChooseHints,jacobi-2d,1,MEDIUM,0.7474235472169506,0.013875666666666666,0.010371,c
exo,ChooseHints,jacobi-2d,2,MEDIUM,0.7486825324253435,0.013852333333333333,0.010371,c
exo,ChooseHints,jacobi-2d,4,MEDIUM,1.5426149040606871,0.006723,0.010371,c
exo,Naive,jacobi-2d,3,MEDIUM,0.7491512364258025,0.013843666666666666,0.010371,c
exo,standard,jacobi-2d,1,MEDIUM,0.9695845928511327,0.010696333333333334,0.010371,c
exo,standard,jacobi-2d,2,MEDIUM,0.992060455328104,0.010454,0.010371,c
exo,standard,jacobi-2d,3,MEDIUM,0.9708553062689175,0.010682333333333334,0.010371,c
exo,standard,jacobi-2d,4,MEDIUM,0.9887815419818217,0.010488666666666667,0.010371,c
exo,standard,jacobi-2d,5,MEDIUM,0.9522250107118813,0.010891333333333331,0.010371,c
halide,AllHints,jacobi-2d,2,MEDIUM,1.1537434642340638,0.008989,0.010371,c
halide,AllHints,jacobi-2d,4,MEDIUM,1.598900251811501,0.0064863333333333335,0.010371,c
halide,ChooseHints,jacobi-2d,1,MEDIUM,1.707628979143798,0.006073333333333333,0.010371,c
halide,ChooseHints,jacobi-2d,2,MEDIUM,1.7505767174928262,0.0059243333333333335,0.010371,c
halide,ChooseHints,jacobi-2d,3,MEDIUM,1.4463090368166605,0.007170666666666666,0.010371,c
halide,ChooseHints,jacobi-2d,4,MEDIUM,1.4483288334419513,0.007160666666666667,0.010371,c
halide,FromPlan,jacobi-2d,1,MEDIUM,1.168168506420365,0.008877999999999999,0.010371,c
halide,FromPlan,jacobi-2d,2,MEDIUM,1.6252089427496865,0.0063813333333333335,0.010371,c
halide,FromPlan,jacobi-2d,3,MEDIUM,1.4691188969685522,0.007059333333333333,0.010371,c
halide,FromPlan,jacobi-2d,4,MEDIUM,1.0870689353970862,0.009540333333333333,0.010371,c
halide,FromPlan,jacobi-2d,5,MEDIUM,0.6770613452875764,0.015317666666666667,0.010371,c
halide,Naive,jacobi-2d,1,MEDIUM,1.48270110560427,0.006994666666666666,0.010371,c
halide,Naive,jacobi-2d,3,MEDIUM,1.4436247216035636,0.007183999999999999,0.010371,c
halide,Naive,jacobi-2d,4,MEDIUM,1.7911917098445596,0.00579,0.010371,c
halide,standard,jacobi-2d,3,MEDIUM,0.22639326488586833,0.045809666666666665,0.010371,c
halide,standard,jacobi-2d,4,MEDIUM,0.4909813946882545,0.021123,0.010371,c
halide,standard,jacobi-2d,5,MEDIUM,0.2224772610262571,0.046616,0.010371,c
noarr,AllHints,jacobi-2d,1,MEDIUM,0.6495000313132788,0.015967666666666668,0.010371,c
noarr,AllHints,jacobi-2d,2,MEDIUM,0.7060545545318385,0.014688666666666668,0.010371,c
noarr,AllHints,jacobi-2d,3,MEDIUM,0.7637903522769117,0.013578333333333333,0.010371,c
noarr,AllHints,jacobi-2d,4,MEDIUM,0.6265581891777595,0.016552333333333332,0.010371,c
noarr,AllHints,jacobi-2d,5,MEDIUM,0.6416771505764431,0.016162333333333334,0.010371,c
noarr,ChooseHints,jacobi-2d,1,MEDIUM,1.1810279380504098,0.008781333333333334,0.010371,c
noarr,ChooseHints,jacobi-2d,2,MEDIUM,0.6449760567175937,0.016079666666666666,0.010371,c
noarr,ChooseHints,jacobi-2d,3,MEDIUM,1.1932118887823586,0.008691666666666667,0.010371,c
noarr,ChooseHints,jacobi-2d,4,MEDIUM,0.770925219287378,0.013452666666666667,0.010371,c
noarr,ChooseHints,jacobi-2d,5,MEDIUM,0.7721305372875047,0.013431666666666666,0.010371,c
noarr,FromPlan,jacobi-2d,1,MEDIUM,0.9335393662986077,0.011109333333333334,0.010371,c
noarr,FromPlan,jacobi-2d,2,MEDIUM,0.9708553062689175,0.010682333333333334,0.010371,c
noarr,FromPlan,jacobi-2d,3,MEDIUM,0.8927433933029181,0.011617,0.010371,c
noarr,FromPlan,jacobi-2d,4,MEDIUM,0.9506538743583476,0.010909333333333333,0.010371,c
noarr,FromPlan,jacobi-2d,5,MEDIUM,0.8187847048606542,0.012666333333333333,0.010371,c
noarr,Naive,jacobi-2d,1,MEDIUM,0.7609881374587256,0.013628333333333334,0.010371,c
noarr,Naive,jacobi-2d,2,MEDIUM,1.0120023419203747,0.010248,0.010371,c
noarr,Naive,jacobi-2d,3,MEDIUM,0.7724947859767604,0.013425333333333333,0.010371,c
noarr,Naive,jacobi-2d,5,MEDIUM,0.5093311069639525,0.020362,0.010371,c
noarr,standard,jacobi-2d,1,MEDIUM,1.1550283995990644,0.008979000000000001,0.010371,c
noarr,standard,jacobi-2d,2,MEDIUM,1.1731900452488688,0.008839999999999999,0.010371,c
noarr,standard,jacobi-2d,3,MEDIUM,1.198313048836851,0.008654666666666666,0.010371,c
noarr,standard,jacobi-2d,4,MEDIUM,1.1894257970792872,0.008719333333333334,0.010371,c
noarr,standard,jacobi-2d,5,MEDIUM,1.2021560217920482,0.008627000000000001,0.010371,c
c,AllHints,lu,1,MEDIUM,1.4526030317756422,0.021263666666666667,0.030887666666666664,c
c,AllHints,lu,2,MEDIUM,1.029428755526918,0.030004666666666666,0.030887666666666664,c
c,AllHints,lu,3,MEDIUM,0.8698137648781585,0.03551066666666667,0.030887666666666664,c
c,AllHints,lu,4,MEDIUM,1.4487875044950669,0.021319666666666667,0.030887666666666664,c
c,AllHints,lu,5,MEDIUM,1.4532181168057208,0.021254666666666668,0.030887666666666664,c
c,ChooseHints,lu,1,MEDIUM,1.402879549445891,0.022017333333333333,0.030887666666666664,c
c,ChooseHints,lu,2,MEDIUM,1.455477892091416,0.021221666666666666,0.030887666666666664,c
c,ChooseHints,lu,3,MEDIUM,1.4537652965171006,0.021246666666666667,0.030887666666666664,c
c,ChooseHints,lu,4,MEDIUM,1.4518974648240417,0.021274,0.030887666666666664,c
c,ChooseHints,lu,5,MEDIUM,0.8460751819285798,0.036507000000000005,0.030887666666666664,c
c,FromPlan,lu,1,MEDIUM,1.3913781194630468,0.022199333333333335,0.030887666666666664,c
c,FromPlan,lu,2,MEDIUM,0.9215705775293637,0.033516333333333335,0.030887666666666664,c
c,FromPlan,lu,3,MEDIUM,1.4247078720787205,0.02168,0.030887666666666664,c
c,FromPlan,lu,4,MEDIUM,1.062770959972474,0.02906333333333333,0.030887666666666664,c
c,FromPlan,lu,5,MEDIUM,3.099407967354584,0.009965666666666666,0.030887666666666664,c
c,Naive,lu,1,MEDIUM,1.4526030317756422,0.021263666666666667,0.030887666666666664,c
c,Naive,lu,2,MEDIUM,1.4351671158194714,0.021522,0.030887666666666664,c
c,Naive,lu,3,MEDIUM,1.4480856383809968,0.021330000000000002,0.030887666666666664,c
c,Naive,lu,4,MEDIUM,1.4568050686245224,0.021202333333333333,0.030887666666666664,c
c,Naive,lu,5,MEDIUM,1.4414180381420527,0.021428666666666665,0.030887666666666664,c
c,standard,lu,1,MEDIUM,1.0,0.030887666666666664,0.030887666666666664,c
exo,AllHints,lu,1,MEDIUM,0.911472217030778,0.03388766666666667,0.030887666666666664,c
exo,AllHints,lu,2,MEDIUM,0.8002608147438056,0.038597,0.030887666666666664,c
exo,AllHints,lu,3,MEDIUM,0.7994599118258602,0.03863566666666667,0.030887666666666664,c
exo,AllHints,lu,4,MEDIUM,0.015102701072850326,2.045175,0.030887666666666664,c
exo,AllHints,lu,5,MEDIUM,0.9817139709076269,0.031463,0.030887666666666664,c
exo,ChooseHints,lu,1,MEDIUM,1.2816991023140656,0.024099,0.030887666666666664,c
exo,ChooseHints,lu,2,MEDIUM,0.9065410503248024,0.034072,0.030887666666666664,c
exo,ChooseHints,lu,3,MEDIUM,1.0393355466822198,0.029718666666666668,0.030887666666666664,c
exo,FromPlan,lu,3,MEDIUM,1.1232287234687321,0.027499,0.030887666666666664,c
exo,Naive,lu,1,MEDIUM,1.399235926552307,0.02207466666666667,0.030887666666666664,c
exo,Naive,lu,2,MEDIUM,1.3666907567734987,0.022600333333333333,0.030887666666666664,c
exo,Naive,lu,3,MEDIUM,1.32842561000086,0.023251333333333332,0.030887666666666664,c
exo,Naive,lu,4,MEDIUM,0.7981240471658296,0.03870033333333334,0.030887666666666664,c
exo,Naive,lu,5,MEDIUM,1.2903553723611652,0.023937333333333335,0.030887666666666664,c
exo,standard,lu,1,MEDIUM,0.9700189475226898,0.031842333333333334,0.030887666666666664,c
exo,standard,lu,2,MEDIUM,0.9649581372099804,0.032009333333333334,0.030887666666666664,c
exo,standard,lu,3,MEDIUM,0.9658533026193727,0.03197966666666666,0.030887666666666664,c
exo,standard,lu,4,MEDIUM,0.962302555741331,0.03209766666666667,0.030887666666666664,c
exo,standard,lu,5,MEDIUM,0.9640746597860917,0.03203866666666667,0.030887666666666664,c
halide,ChooseHints,lu,2,MEDIUM,0.2868823529411764,0.10766666666666667,0.030887666666666664,c
halide,ChooseHints,lu,4,MEDIUM,0.2625252147503456,0.117656,0.030887666666666664,c
halide,ChooseHints,lu,5,MEDIUM,0.185643450300013,0.16638166666666668,0.030887666666666664,c
halide,FromPlan,lu,5,MEDIUM,0.1841353806288538,0.16774433333333336,0.030887666666666664,c
halide,standard,lu,1,MEDIUM,0.17767598288107253,0.17384266666666667,0.030887666666666664,c
halide,standard,lu,5,MEDIUM,0.19041151062579367,0.16221533333333335,0.030887666666666664,c
noarr,AllHints,lu,1,MEDIUM,1.099988129154796,0.028079999999999997,0.030887666666666664,c
noarr,AllHints,lu,2,MEDIUM,1.0592841546920904,0.029159,0.030887666666666664,c
noarr,AllHints,lu,3,MEDIUM,1.489734891721998,0.020733666666666668,0.030887666666666664,c
noarr,AllHints,lu,4,MEDIUM,1.1026977496935728,0.028010999999999998,0.030887666666666664,c
noarr,AllHints,lu,5,MEDIUM,1.5174734704572248,0.02035466666666667,0.030887666666666664,c
noarr,ChooseHints,lu,1,MEDIUM,1.1077598058554194,0.027883,0.030887666666666664,c
noarr,ChooseHints,lu,2,MEDIUM,1.0980849904012513,0.028128666666666666,0.030887666666666664,c
noarr,ChooseHints,lu,3,MEDIUM,1.066366691217087,0.028965333333333333,0.030887666666666664,c
noarr,ChooseHints,lu,5,MEDIUM,1.0688760208554422,0.02889733333333333,0.030887666666666664,c
noarr,FromPlan,lu,1,MEDIUM,1.6887426873940696,0.018290333333333332,0.030887666666666664,c
noarr,FromPlan,lu,2,MEDIUM,1.5148934083180747,0.020389333333333332,0.030887666666666664,c
noarr,FromPlan,lu,3,MEDIUM,1.518194478577865,0.020345000000000002,0.030887666666666664,c
noarr,FromPlan,lu,4,MEDIUM,1.5474524473539184,0.019960333333333333,0.030887666666666664,c
noarr,FromPlan,lu,5,MEDIUM,1.5289410289410288,0.020202,0.030887666666666664,c
noarr,Naive,lu,1,MEDIUM,1.1002624110948835,0.028073,0.030887666666666664,c
noarr,Naive,lu,2,MEDIUM,1.0649817834936615,0.029003,0.030887666666666664,c
noarr,Naive,lu,3,MEDIUM,1.5171256426209108,0.020359333333333333,0.030887666666666664,c
noarr,Naive,lu,4,MEDIUM,1.0639668396638038,0.029030666666666666,0.030887666666666664,c
noarr,standard,lu,2,MEDIUM,1.063783622441365,0.029035666666666668,0.030887666666666664,c
noarr,standard,lu,5,MEDIUM,1.0652633757156322,0.028995333333333335,0.030887666666666664,c
c,AllHints,ludcmp,1,MEDIUM,1.4556559737809118,0.020138,0.029314000000000003,c
c,AllHints,ludcmp,2,MEDIUM,1.426657149346225,0.020547333333333334,0.029314000000000003,c
c,AllHints,ludcmp,3,MEDIUM,1.0329347647349012,0.02837933333333333,0.029314000000000003,c
c,AllHints,ludcmp,5,MEDIUM,0.9986033043774485,0.029355000000000003,0.029314000000000003,c
c,ChooseHints,ludcmp,1,MEDIUM,0.9007405283049789,0.032544333333333335,0.029314000000000003,c
c,ChooseHints,ludcmp,2,MEDIUM,0.8975780030007043,0.032659,0.029314000000000003,c
c,ChooseHints,ludcmp,3,MEDIUM,1.4143360298493062,0.020726333333333333,0.029314000000000003,c
c,ChooseHints,ludcmp,4,MEDIUM,0.9044181167468841,0.032411999999999996,0.029314000000000003,c
c,ChooseHints,ludcmp,5,MEDIUM,1.05675386630457,0.027739666666666666,0.029314000000000003,c
c,FromPlan,ludcmp,1,MEDIUM,1.3705389146900229,0.021388666666666667,0.029314000000000003,c
c,FromPlan,ludcmp,3,MEDIUM,1.396835985895359,0.020986,0.029314000000000003,c
c,FromPlan,ludcmp,4,MEDIUM,1.3754046825880921,0.021313,0.029314000000000003,c
c,FromPlan,ludcmp,5,MEDIUM,1.3216212560676877,0.022180333333333333,0.029314000000000003,c
c,Naive,ludcmp,2,MEDIUM,1.358198582217486,0.021583,0.029314000000000003,c
c,Naive,ludcmp,3,MEDIUM,0.9983765680876429,0.029361666666666664,0.029314000000000003,c
c,Naive,ludcmp,4,MEDIUM,1.0263167108196112,0.028562333333333332,0.029314000000000003,c
c,standard,ludcmp,1,MEDIUM,1.0,0.029314000000000003,0.029314000000000003,c
exo,AllHints,ludcmp,2,MEDIUM,0.982866722548198,0.029825,0.029314000000000003,c
exo,AllHints,ludcmp,5,MEDIUM,0.7878060360658969,0.03720966666666667,0.029314000000000003,c
exo,ChooseHints,ludcmp,1,MEDIUM,0.9711017126955909,0.030186333333333332,0.029314000000000003,c
exo,ChooseHints,ludcmp,3,MEDIUM,0.7936573831741965,0.03693533333333333,0.029314000000000003,c
exo,ChooseHints,ludcmp,4,MEDIUM,1.2977687267575706,0.022588,0.029314000000000003,c
exo,FromPlan,ludcmp,3,MEDIUM,0.016649088400786733,1.7606970000000002,0.029314000000000003,c
exo,Naive,ludcmp,1,MEDIUM,1.3750175899432433,0.021319,0.029314000000000003,c
exo,Naive,ludcmp,2,MEDIUM,0.9848038611854556,0.029766333333333336,0.029314000000000003,c
exo,Naive,ludcmp,3,MEDIUM,1.1562187746515908,0.025353333333333335,0.029314000000000003,c
exo,Naive,ludcmp,5,MEDIUM,0.9783508365966538,0.029962666666666665,0.029314000000000003,c
exo,standard,ludcmp,1,MEDIUM,0.9884788741893062,0.029655666666666667,0.029314000000000003,c
exo,standard,ludcmp,2,MEDIUM,0.9846605159441061,0.029770666666666667,0.029314000000000003,c
exo,standard,ludcmp,3,MEDIUM,0.9844621067950299,0.029776666666666663,0.029314000000000003,c
exo,standard,ludcmp,4,MEDIUM,0.9801500172753922,0.029907666666666666,0.029314000000000003,c
exo,standard,ludcmp,5,MEDIUM,0.9834162706178362,0.029808333333333336,0.029314000000000003,c
halide,AllHints,ludcmp,2,MEDIUM,0.17487810116211555,0.16762533333333332,0.029314000000000003,c
halide,AllHints,ludcmp,4,MEDIUM,0.26391335532061116,0.11107433333333333,0.029314000000000003,c
halide,ChooseHints,ludcmp,1,MEDIUM,0.17208404022377852,0.17034700000000003,0.029314000000000003,c
halide,Naive,ludcmp,3,MEDIUM,0.2714049841833192,0.10800833333333333,0.029314000000000003,c
halide,standard,ludcmp,3,MEDIUM,0.17956068457740698,0.163254,0.029314000000000003,c
noarr,AllHints,ludcmp,1,MEDIUM,1.0217972253851695,0.028688666666666668,0.029314000000000003,c
noarr,AllHints,ludcmp,2,MEDIUM,1.0169526805125124,0.02882533333333333,0.029314000000000003,c
noarr,AllHints,ludcmp,3,MEDIUM,0.9701375635693721,0.030216333333333335,0.029314000000000003,c
noarr,AllHints,ludcmp,4,MEDIUM,1.0381169360074607,0.028237666666666664,0.029314000000000003,c
noarr,AllHints,ludcmp,5,MEDIUM,1.0288381669922906,0.02849233333333333,0.029314000000000003,c
noarr,ChooseHints,ludcmp,1,MEDIUM,0.9757672591704948,0.030042,0.029314000000000003,c
noarr,ChooseHints,ludcmp,2,MEDIUM,1.029970837286111,0.028461,0.029314000000000003,c
noarr,ChooseHints,ludcmp,3,MEDIUM,1.03162611735448,0.028415333333333334,0.029314000000000003,c
noarr,ChooseHints,ludcmp,4,MEDIUM,1.0319408589532975,0.028406666666666667,0.029314000000000003,c
noarr,ChooseHints,ludcmp,5,MEDIUM,1.0345995929459653,0.02833366666666667,0.029314000000000003,c
noarr,FromPlan,ludcmp,1,MEDIUM,1.0309730363423213,0.028433333333333335,0.029314000000000003,c
noarr,FromPlan,ludcmp,2,MEDIUM,1.032352734017327,0.02839533333333333,0.029314000000000003,c
noarr,FromPlan,ludcmp,3,MEDIUM,1.043314232836246,0.028097,0.029314000000000003,c
noarr,FromPlan,ludcmp,5,MEDIUM,1.036905154930906,0.028270666666666666,0.029314000000000003,c
noarr,Naive,ludcmp,1,MEDIUM,1.037761676618442,0.028247333333333333,0.029314000000000003,c
noarr,Naive,ludcmp,2,MEDIUM,1.0282727655394979,0.028507999999999995,0.029314000000000003,c
noarr,Naive,ludcmp,3,MEDIUM,1.0278641389466796,0.02851933333333333,0.029314000000000003,c
noarr,Naive,ludcmp,4,MEDIUM,1.0283809857919666,0.028505,0.029314000000000003,c
noarr,Naive,ludcmp,5,MEDIUM,1.0342832276806193,0.02834233333333333,0.029314000000000003,c
noarr,standard,ludcmp,1,MEDIUM,1.0304898054839466,0.028446666666666665,0.029314000000000003,c
c,AllHints,mvt,1,MEDIUM,0.4811819595645413,0.0010716666666666667,0.0005156666666666668,c
c,AllHints,mvt,2,MEDIUM,2.709281961471104,0.00019033333333333334,0.0005156666666666668,c
c,AllHints,mvt,4,MEDIUM,3.0940000000000007,0.00016666666666666666,0.0005156666666666668,c
c,AllHints,mvt,5,MEDIUM,0.41969614758545853,0.0012286666666666668,0.0005156666666666668,c
c,ChooseHints,mvt,1,MEDIUM,2.0849056603773586,0.00024733333333333335,0.0005156666666666668,c
c,ChooseHints,mvt,2,MEDIUM,2.0905405405405406,0.0002466666666666667,0.0005156666666666668,c
c,ChooseHints,mvt,3,MEDIUM,1.035475234270415,0.0004980000000000001,0.0005156666666666668,c
c,ChooseHints,mvt,5,MEDIUM,2.704545454545455,0.00019066666666666668,0.0005156666666666668,c
c,FromPlan,mvt,1,MEDIUM,1.8774271844660195,0.0002746666666666667,0.0005156666666666668,c
c,FromPlan,mvt,2,MEDIUM,2.3546423135464236,0.000219,0.0005156666666666668,c
c,FromPlan,mvt,3,MEDIUM,2.127922971114168,0.00024233333333333333,0.0005156666666666668,c
c,FromPlan,mvt,4,MEDIUM,2.175808720112518,0.00023700000000000001,0.0005156666666666668,c
c,FromPlan,mvt,5,MEDIUM,2.154596100278552,0.00023933333333333334,0.0005156666666666668,c
c,Naive,mvt,1,MEDIUM,2.175808720112518,0.00023700000000000001,0.0005156666666666668,c
c,Naive,mvt,2,MEDIUM,2.2005689900426746,0.00023433333333333336,0.0005156666666666668,c
c,Naive,mvt,3,MEDIUM,2.206847360912982,0.00023366666666666666,0.0005156666666666668,c
c,Naive,mvt,4,MEDIUM,1.703744493392071,0.00030266666666666663,0.0005156666666666668,c
c,Naive,mvt,5,MEDIUM,2.1819464033850497,0.00023633333333333332,0.0005156666666666668,c
c,standard,mvt,1,MEDIUM,1.0,0.0005156666666666668,0.0005156666666666668,c
exo,AllHints,mvt,1,MEDIUM,3.039292730844794,0.00016966666666666668,0.0005156666666666668,c
exo,AllHints,mvt,2,MEDIUM,2.0962059620596207,0.000246,0.0005156666666666668,c
exo,AllHints,mvt,3,MEDIUM,2.4712460063897765,0.00020866666666666668,0.0005156666666666668,c
exo,AllHints,mvt,4,MEDIUM,3.0573122529644277,0.00016866666666666666,0.0005156666666666668,c
exo,AllHints,mvt,5,MEDIUM,1.912237330037083,0.0002696666666666667,0.0005156666666666668,c
exo,ChooseHints,mvt,1,MEDIUM,1.7905092592592595,0.000288,0.0005156666666666668,c
exo,ChooseHints,mvt,2,MEDIUM,1.9508196721311475,0.0002643333333333334,0.0005156666666666668,c
exo,ChooseHints,mvt,3,MEDIUM,2.391035548686245,0.00021566666666666666,0.0005156666666666668,c
exo,ChooseHints,mvt,4,MEDIUM,2.0064850843060964,0.000257,0.0005156666666666668,c
exo,ChooseHints,mvt,5,MEDIUM,2.463375796178344,0.00020933333333333337,0.0005156666666666668,c
exo,FromPlan,mvt,2,MEDIUM,1.5454545454545459,0.00033366666666666663,0.0005156666666666668,c
exo,FromPlan,mvt,3,MEDIUM,0.056400160414160204,0.009143,0.0005156666666666668,c
exo,FromPlan,mvt,4,MEDIUM,0.05514954903568501,0.009350333333333334,0.0005156666666666668,c
exo,Naive,mvt,2,MEDIUM,2.4712460063897765,0.00020866666666666668,0.0005156666666666668,c
exo,Naive,mvt,3,MEDIUM,1.9075215782983976,0.0002703333333333333,0.0005156666666666668,c
exo,Naive,mvt,4,MEDIUM,2.2986627043090646,0.00022433333333333333,0.0005156666666666668,c
exo,standard,mvt,1,MEDIUM,0.994215938303342,0.0005186666666666667,0.0005156666666666668,c
exo,standard,mvt,2,MEDIUM,0.956709956709957,0.000539,0.0005156666666666668,c
exo,standard,mvt,3,MEDIUM,0.9723444374607169,0.0005303333333333333,0.0005156666666666668,c
exo,standard,mvt,4,MEDIUM,0.9766414141414145,0.0005279999999999999,0.0005156666666666668,c
exo,standard,mvt,5,MEDIUM,0.9705144291091595,0.0005313333333333333,0.0005156666666666668,c
halide,AllHints,mvt,3,MEDIUM,0.6242937853107345,0.000826,0.0005156666666666668,c
halide,AllHints,mvt,5,MEDIUM,0.0702033036848793,0.007345333333333333,0.0005156666666666668,c
halide,ChooseHints,mvt,2,MEDIUM,0.09012000466037517,0.0057220000000000005,0.0005156666666666668,c
halide,FromPlan,mvt,5,MEDIUM,0.17421171171171176,0.0029599999999999995,0.0005156666666666668,c
halide,Naive,mvt,2,MEDIUM,0.18493723849372387,0.0027883333333333336,0.0005156666666666668,c
halide,Naive,mvt,3,MEDIUM,0.5158386128709571,0.0009996666666666667,0.0005156666666666668,c
halide,standard,mvt,1,MEDIUM,0.8570637119113574,0.0006016666666666667,0.0005156666666666668,c
halide,standard,mvt,2,MEDIUM,0.9717336683417087,0.0005306666666666667,0.0005156666666666668,c
halide,standard,mvt,3,MEDIUM,0.8504672897196263,0.0006063333333333334,0.0005156666666666668,c
halide,standard,mvt,4,MEDIUM,0.8642458100558661,0.0005966666666666667,0.0005156666666666668,c
halide,standard,mvt,5,MEDIUM,0.8371212121212123,0.000616,0.0005156666666666668,c
noarr,AllHints,mvt,1,MEDIUM,0.19969020265909387,0.0025823333333333336,0.0005156666666666668,c
noarr,AllHints,mvt,2,MEDIUM,2.059920106524634,0.00025033333333333336,0.0005156666666666668,c
noarr,AllHints,mvt,3,MEDIUM,0.18403521294313588,0.0028020000000000002,0.0005156666666666668,c
noarr,AllHints,mvt,4,MEDIUM,0.19339917489686217,0.002666333333333333,0.0005156666666666668,c
noarr,AllHints,mvt,5,MEDIUM,1.9935567010309283,0.00025866666666666665,0.0005156666666666668,c
noarr,ChooseHints,mvt,1,MEDIUM,1.945911949685535,0.000265,0.0005156666666666668,c
noarr,ChooseHints,mvt,2,MEDIUM,2.014322916666667,0.000256,0.0005156666666666668,c
noarr,ChooseHints,mvt,3,MEDIUM,2.0544488711819393,0.000251,0.0005156666666666668,c
noarr,ChooseHints,mvt,4,MEDIUM,1.9757343550447002,0.000261,0.0005156666666666668,c
noarr,ChooseHints,mvt,5,MEDIUM,1.9631979695431474,0.0002626666666666667,0.0005156666666666668,c
noarr,FromPlan,mvt,1,MEDIUM,1.8135990621336464,0.0002843333333333333,0.0005156666666666668,c
noarr,FromPlan,mvt,2,MEDIUM,1.6944140197152249,0.0003043333333333333,0.0005156666666666668,c
noarr,FromPlan,mvt,3,MEDIUM,1.683351468988031,0.0003063333333333333,0.0005156666666666668,c
noarr,FromPlan,mvt,4,MEDIUM,1.7822580645161294,0.00028933333333333334,0.0005156666666666668,c
noarr,FromPlan,mvt,5,MEDIUM,1.7967479674796754,0.000287,0.0005156666666666668,c
noarr,Naive,mvt,1,MEDIUM,1.14169741697417,0.0004516666666666667,0.0005156666666666668,c
noarr,Naive,mvt,2,MEDIUM,1.0111111111111113,0.00051,0.0005156666666666668,c
noarr,Naive,mvt,3,MEDIUM,1.9385964912280704,0.000266,0.0005156666666666668,c
noarr,Naive,mvt,4,MEDIUM,1.7802071346375148,0.00028966666666666664,0.0005156666666666668,c
noarr,Naive,mvt,5,MEDIUM,2.0275229357798166,0.00025433333333333335,0.0005156666666666668,c
noarr,standard,mvt,1,MEDIUM,1.1325036603221086,0.00045533333333333336,0.0005156666666666668,c
noarr,standard,mvt,2,MEDIUM,1.1308479532163744,0.000456,0.0005156666666666668,c
noarr,standard,mvt,3,MEDIUM,1.12837345003647,0.000457,0.0005156666666666668,c
noarr,standard,mvt,4,MEDIUM,1.1210144927536234,0.00045999999999999996,0.0005156666666666668,c
noarr,standard,mvt,5,MEDIUM,1.1325036603221086,0.00045533333333333336,0.0005156666666666668,c
c,AllHints,nussinov,1,MEDIUM,3.980784964068546,0.015075,0.06001033333333333,c
c,AllHints,nussinov,3,MEDIUM,3.9759496466431092,0.015093333333333334,0.06001033333333333,c
c,AllHints,nussinov,5,MEDIUM,9.987296127815378,0.0060086666666666665,0.06001033333333333,c
c,ChooseHints,nussinov,1,MEDIUM,10.13231652408825,0.005922666666666666,0.06001033333333333,c
c,ChooseHints,nussinov,2,MEDIUM,4.258266710818866,0.014092666666666665,0.06001033333333333,c
c,ChooseHints,nussinov,4,MEDIUM,4.233234574868322,0.014176,0.06001033333333333,c
c,ChooseHints,nussinov,5,MEDIUM,9.059986915605656,0.006623666666666667,0.06001033333333333,c
c,FromPlan,nussinov,1,MEDIUM,1.9456500594401815,0.030843333333333334,0.06001033333333333,c
c,FromPlan,nussinov,3,MEDIUM,4.03575511668049,0.014869666666666668,0.06001033333333333,c
c,FromPlan,nussinov,4,MEDIUM,1.9306894591783113,0.031082333333333333,0.06001033333333333,c
c,FromPlan,nussinov,5,MEDIUM,1.98611065144244,0.030215000000000002,0.06001033333333333,c
c,Naive,nussinov,1,MEDIUM,2.005156820814399,0.029928,0.06001033333333333,c
c,Naive,nussinov,2,MEDIUM,1.9325754648117137,0.031052,0.06001033333333333,c
c,Naive,nussinov,3,MEDIUM,1.9377966740218502,0.030968333333333334,0.06001033333333333,c
c,Naive,nussinov,5,MEDIUM,1.9376506802135356,0.030970666666666664,0.06001033333333333,c
c,standard,nussinov,1,MEDIUM,1.0,0.06001033333333333,0.06001033333333333,c
exo,AllHints,nussinov,2,MEDIUM,2.6607008261531413,0.022554333333333332,0.06001033333333333,c
exo,AllHints,nussinov,3,MEDIUM,4.202011950331435,0.014281333333333333,0.06001033333333333,c
exo,AllHints,nussinov,5,MEDIUM,4.567459914755429,0.013138666666666667,0.06001033333333333,c
exo,ChooseHints,nussinov,1,MEDIUM,1.034250785608006,0.058023,0.06001033333333333,c
exo,ChooseHints,nussinov,2,MEDIUM,4.705462624150549,0.012753333333333334,0.06001033333333333,c
exo,ChooseHints,nussinov,3,MEDIUM,2.710126601333755,0.022143,0.06001033333333333,c
exo,ChooseHints,nussinov,4,MEDIUM,4.6686115865359685,0.012853999999999999,0.06001033333333333,c
exo,ChooseHints,nussinov,5,MEDIUM,4.684525513257526,0.012810333333333333,0.06001033333333333,c
exo,FromPlan,nussinov,1,MEDIUM,4.568387129516849,0.013136,0.06001033333333333,c
exo,FromPlan,nussinov,4,MEDIUM,1.0329926957040643,0.05809366666666666,0.06001033333333333,c
exo,Naive,nussinov,1,MEDIUM,0.9981094626660456,0.060124000000000004,0.06001033333333333,c
exo,Naive,nussinov,2,MEDIUM,0.9975232438302729,0.060159333333333335,0.06001033333333333,c
exo,standard,nussinov,1,MEDIUM,0.9922124732699896,0.06048133333333333,0.06001033333333333,c
exo,standard,nussinov,2,MEDIUM,0.991059976328755,0.06055166666666667,0.06001033333333333,c
exo,standard,nussinov,3,MEDIUM,0.99897899730877,0.06007166666666667,0.06001033333333333,c
exo,standard,nussinov,5,MEDIUM,1.0173139624901817,0.05898900000000001,0.06001033333333333,c
halide,AllHints,nussinov,4,MEDIUM,1.7141238526869027,0.03500933333333333,0.06001033333333333,c
halide,ChooseHints,nussinov,1,MEDIUM,0.5206789641429653,0.11525400000000001,0.06001033333333333,c
halide,ChooseHints,nussinov,3,MEDIUM,0.5053515939693867,0.11874966666666666,0.06001033333333333,c
halide,standard,nussinov,3,MEDIUM,0.25798098720921236,0.2326153333333333,0.06001033333333333,c
halide,standard,nussinov,4,MEDIUM,0.3537795821796537,0.16962633333333332,0.06001033333333333,c
c,AllHints,seidel-2d,1,MEDIUM,1.3557433241686607,0.15724633333333335,0.21318566666666663,c
c,AllHints,seidel-2d,2,MEDIUM,0.9740420742581871,0.218867,0.21318566666666663,c
c,AllHints,seidel-2d,3,MEDIUM,0.9739782896059355,0.21888133333333334,0.21318566666666663,c
c,AllHints,seidel-2d,4,MEDIUM,0.9079148353832349,0.23480800000000002,0.21318566666666663,c
c,AllHints,seidel-2d,5,MEDIUM,1.3064181391073435,0.16318333333333332,0.21318566666666663,c
c,ChooseHints,seidel-2d,1,MEDIUM,1.355019481303669,0.15733033333333332,0.21318566666666663,c
c,ChooseHints,seidel-2d,2,MEDIUM,0.9737855030802071,0.21892466666666666,0.21318566666666663,c
c,ChooseHints,seidel-2d,3,MEDIUM,1.8669326942444044,0.11419033333333334,0.21318566666666663,c
c,ChooseHints,seidel-2d,4,MEDIUM,1.0002518001363787,0.213132,0.21318566666666663,c
c,ChooseHints,seidel-2d,5,MEDIUM,1.2249210432064594,0.17404033333333335,0.21318566666666663,c
c,FromPlan,seidel-2d,1,MEDIUM,1.8961691605714979,0.11242966666666666,0.21318566666666663,c
c,FromPlan,seidel-2d,2,MEDIUM,1.8964840332944874,0.112411,0.21318566666666663,c
c,FromPlan,seidel-2d,3,MEDIUM,1.8958262931673335,0.11245,0.21318566666666663,c
c,FromPlan,seidel-2d,4,MEDIUM,1.8957532390926093,0.11245433333333332,0.21318566666666663,c
c,FromPlan,seidel-2d,5,MEDIUM,1.8963884358784282,0.11241666666666666,0.21318566666666663,c
c,Naive,seidel-2d,2,MEDIUM,0.9078052941836087,0.2348363333333333,0.21318566666666663,c
c,Naive,seidel-2d,3,MEDIUM,1.270570682729328,0.16778733333333332,0.21318566666666663,c
c,Naive,seidel-2d,4,MEDIUM,1.1925069875240761,0.178771,0.21318566666666663,c
c,Naive,seidel-2d,5,MEDIUM,0.9960628265728055,0.21402833333333335,0.21318566666666663,c
c,standard,seidel-2d,1,MEDIUM,1.0,0.21318566666666663,0.21318566666666663,c
exo,AllHints,seidel-2d,1,MEDIUM,0.9997076955782311,0.213248,0.21318566666666663,c
exo,ChooseHints,seidel-2d,1,MEDIUM,0.8819870037455249,0.24171066666666666,0.21318566666666663,c
exo,FromPlan,seidel-2d,2,MEDIUM,1.1194746727206846,0.1904336666666667,0.21318566666666663,c
exo,FromPlan,seidel-2d,3,MEDIUM,1.1290617000617882,0.18881666666666666,0.21318566666666663,c
exo,Naive,seidel-2d,3,MEDIUM,0.8713892344311812,0.24465033333333333,0.21318566666666663,c
exo,standard,seidel-2d,1,MEDIUM,0.9999249536823508,0.21320166666666665,0.21318566666666663,c
exo,standard,seidel-2d,2,MEDIUM,0.9995045899661493,0.21329133333333336,0.21318566666666663,c
exo,standard,seidel-2d,3,MEDIUM,1.000137614176762,0.21315633333333336,0.21318566666666663,c
exo,standard,seidel-2d,4,MEDIUM,0.9998686763356319,0.21321366666666666,0.21318566666666663,c
exo,standard,seidel-2d,5,MEDIUM,1.0001251022319801,0.213159,0.21318566666666663,c
halide,AllHints,seidel-2d,1,MEDIUM,10.271203044951577,0.02075566666666667,0.21318566666666663,c
halide,AllHints,seidel-2d,2,MEDIUM,14.603758505731376,0.014598,0.21318566666666663,c
halide,ChooseHints,seidel-2d,1,MEDIUM,14.201647644002305,0.015011333333333335,0.21318566666666663,c
halide,Naive,seidel-2d,1,MEDIUM,13.966261218963595,0.015264333333333333,0.21318566666666663,c
halide,Naive,seidel-2d,2,MEDIUM,7.37300992587298,0.028914333333333334,0.21318566666666663,c
halide,Naive,seidel-2d,5,MEDIUM,13.679778405201914,0.015584,0.21318566666666663,c
halide,standard,seidel-2d,1,MEDIUM,3.82798640123538,0.055691333333333336,0.21318566666666663,c
halide,standard,seidel-2d,3,MEDIUM,1.2125774501550897,0.175812,0.21318566666666663,c
noarr,AllHints,seidel-2d,1,MEDIUM,1.0002236422724555,0.21313800000000002,0.21318566666666663,c
noarr,AllHints,seidel-2d,2,MEDIUM,1.242166985192436,0.171624,0.21318566666666663,c
noarr,AllHints,seidel-2d,3,MEDIUM,1.2628485111760521,0.16881333333333334,0.21318566666666663,c
noarr,AllHints,seidel-2d,4,MEDIUM,1.3550682876599132,0.15732466666666667,0.21318566666666663,c
noarr,AllHints,seidel-2d,5,MEDIUM,1.354755413772578,0.157361,0.21318566666666663,c
noarr,ChooseHints,seidel-2d,1,MEDIUM,1.354812811001921,0.15735433333333335,0.21318566666666663,c
noarr,ChooseHints,seidel-2d,2,MEDIUM,1.355332477187093,0.15729400000000002,0.21318566666666663,c
noarr,ChooseHints,seidel-2d,3,MEDIUM,0.9998749290613268,0.21321233333333334,0.21318566666666663,c
noarr,ChooseHints,seidel-2d,4,MEDIUM,1.0003847892496764,0.21310366666666666,0.21318566666666663,c
noarr,ChooseHints,seidel-2d,5,MEDIUM,1.354815680991056,0.157354,0.21318566666666663,c
noarr,FromPlan,seidel-2d,1,MEDIUM,1.1229636574976383,0.18984199999999998,0.21318566666666663,c
noarr,FromPlan,seidel-2d,2,MEDIUM,1.3541014289313604,0.15743700000000002,0.21318566666666663,c
noarr,FromPlan,seidel-2d,3,MEDIUM,1.139833219568096,0.18703233333333333,0.21318566666666663,c
noarr,FromPlan,seidel-2d,4,MEDIUM,1.1395082823020468,0.18708566666666668,0.21318566666666663,c
noarr,Naive,seidel-2d,1,MEDIUM,1.0002377210062479,0.213135,0.21318566666666663,c
noarr,Naive,seidel-2d,2,MEDIUM,1.2423503679127263,0.17159866666666668,0.21318566666666663,c
noarr,Naive,seidel-2d,3,MEDIUM,1.3549965148231244,0.157333,0.21318566666666663,c
noarr,Naive,seidel-2d,4,MEDIUM,0.995889111908028,0.21406566666666668,0.21318566666666663,c
noarr,Naive,seidel-2d,5,MEDIUM,1.3551888831441814,0.15731066666666668,0.21318566666666663,c
noarr,standard,seidel-2d,1,MEDIUM,1.0005772949429588,0.21306266666666665,0.21318566666666663,c
noarr,standard,seidel-2d,2,MEDIUM,1.000032836306322,0.21317866666666666,0.21318566666666663,c
noarr,standard,seidel-2d,3,MEDIUM,1.0002095639349848,0.21314100000000002,0.21318566666666663,c
noarr,standard,seidel-2d,4,MEDIUM,0.9999265170324135,0.21320133333333335,0.21318566666666663,c
noarr,standard,seidel-2d,5,MEDIUM,1.0001829726010256,0.21314666666666668,0.21318566666666663,c
c,AllHints,symm,1,MEDIUM,27.230700179533212,0.0003713333333333333,0.010111666666666666,c
c,AllHints,symm,2,MEDIUM,3.9006043461489006,0.002592333333333333,0.010111666666666666,c
c,AllHints,symm,3,MEDIUM,0.6967636722787514,0.014512333333333334,0.010111666666666666,c
c,AllHints,symm,4,MEDIUM,0.06550803005141738,0.15435766666666667,0.010111666666666666,c
c,AllHints,symm,5,MEDIUM,2.669864460482309,0.0037873333333333335,0.010111666666666666,c
c,ChooseHints,symm,1,MEDIUM,2.730177301773018,0.0037036666666666663,0.010111666666666666,c
c,ChooseHints,symm,2,MEDIUM,2.4188661191292558,0.004180333333333334,0.010111666666666666,c
c,ChooseHints,symm,3,MEDIUM,2.521612635078969,0.00401,0.010111666666666666,c
c,ChooseHints,symm,4,MEDIUM,3.0536541171733442,0.0033113333333333332,0.010111666666666666,c
c,ChooseHints,symm,5,MEDIUM,0.7020040729427011,0.014404,0.010111666666666666,c
c,FromPlan,symm,1,MEDIUM,3.618201335877863,0.0027946666666666662,0.010111666666666666,c
c,FromPlan,symm,2,MEDIUM,4.395102868733701,0.0023006666666666666,0.010111666666666666,c
c,FromPlan,symm,3,MEDIUM,3.454617925065482,0.0029270000000000003,0.010111666666666666,c
c,FromPlan,symm,4,MEDIUM,3.9360321785389902,0.002569,0.010111666666666666,c
c,FromPlan,symm,5,MEDIUM,2.714541387024609,0.0037249999999999996,0.010111666666666666,c
c,Naive,symm,1,MEDIUM,3.8510854386187634,0.0026256666666666668,0.010111666666666666,c
c,Naive,symm,2,MEDIUM,4.004620462046205,0.002525,0.010111666666666666,c
c,Naive,symm,3,MEDIUM,4.016284919899378,0.0025176666666666668,0.010111666666666666,c
c,Naive,symm,4,MEDIUM,0.98251012145749,0.010291666666666666,0.010111666666666666,c
c,Naive,symm,5,MEDIUM,1.0005607230028366,0.010105999999999999,0.010111666666666666,c
c,standard,symm,1,MEDIUM,1.0,0.010111666666666666,0.010111666666666666,c
exo,AllHints,symm,2,MEDIUM,1.4796839178576655,0.006833666666666666,0.010111666666666666,c
exo,AllHints,symm,5,MEDIUM,1.8464300931280053,0.005476333333333333,0.010111666666666666,c
exo,ChooseHints,symm,2,MEDIUM,0.5651817487377265,0.017891,0.010111666666666666,c
exo,ChooseHints,symm,3,MEDIUM,1.137249756317013,0.008891333333333333,0.010111666666666666,c
exo,ChooseHints,symm,4,MEDIUM,0.5561972863953061,0.01818,0.010111666666666666,c
exo,FromPlan,symm,1,MEDIUM,0.7289614072187245,0.013871333333333333,0.010111666666666666,c
exo,FromPlan,symm,4,MEDIUM,0.7950465207705412,0.012718333333333333,0.010111666666666666,c
exo,Naive,symm,1,MEDIUM,0.9967143091835059,0.010145,0.010111666666666666,c
exo,Naive,symm,2,MEDIUM,2.2110058309037903,0.004573333333333333,0.010111666666666666,c
exo,Naive,symm,4,MEDIUM,1.0112003733457784,0.009999666666666665,0.010111666666666666,c
exo,Naive,symm,5,MEDIUM,0.9875638897027704,0.010239,0.010111666666666666,c
exo,standard,symm,1,MEDIUM,0.8978039540665326,0.011262666666666666,0.010111666666666666,c
exo,standard,symm,2,MEDIUM,0.8950489791101145,0.011297333333333333,0.010111666666666666,c
exo,standard,symm,3,MEDIUM,0.897830526533874,0.011262333333333333,0.010111666666666666,c
exo,standard,symm,4,MEDIUM,0.8901637420036388,0.011359333333333332,0.010111666666666666,c
exo,standard,symm,5,MEDIUM,0.8984155190285797,0.011255000000000001,0.010111666666666666,c
halide,ChooseHints,symm,3,MEDIUM,2.5998457319163526,0.003889333333333333,0.010111666666666666,c
halide,ChooseHints,symm,4,MEDIUM,7.5572994519182854,0.001338,0.010111666666666666,c
halide,FromPlan,symm,2,MEDIUM,12.478403948992183,0.0008103333333333334,0.010111666666666666,c
halide,FromPlan,symm,3,MEDIUM,12.133999999999999,0.0008333333333333334,0.010111666666666666,c
halide,Naive,symm,3,MEDIUM,7.844582363589345,0.001289,0.010111666666666666,c
halide,standard,symm,1,MEDIUM,0.6242668697137448,0.016197666666666666,0.010111666666666666,c
halide,standard,symm,2,MEDIUM,1.4695765914155605,0.006880666666666667,0.010111666666666666,c
halide,standard,symm,3,MEDIUM,0.7396976347232381,0.013670000000000002,0.010111666666666666,c
halide,standard,symm,4,MEDIUM,0.6252834233417158,0.016171333333333333,0.010111666666666666,c
halide,standard,symm,5,MEDIUM,1.474075513873366,0.006859666666666667,0.010111666666666666,c
noarr,AllHints,symm,1,MEDIUM,3.7473749227918467,0.0026983333333333334,0.010111666666666666,c
noarr,AllHints,symm,2,MEDIUM,1.2306787293602175,0.008216333333333332,0.010111666666666666,c
noarr,AllHints,symm,3,MEDIUM,1.125686507347484,0.008982666666666667,0.010111666666666666,c
noarr,AllHints,symm,4,MEDIUM,3.5392602963481505,0.002857,0.010111666666666666,c
noarr,AllHints,symm,5,MEDIUM,3.1904711821623897,0.003169333333333333,0.010111666666666666,c
noarr,ChooseHints,symm,1,MEDIUM,3.494010596636719,0.0028940000000000003,0.010111666666666666,c
noarr,ChooseHints,symm,2,MEDIUM,1.404073131219625,0.007201666666666666,0.010111666666666666,c
noarr,ChooseHints,symm,3,MEDIUM,1.3917691319508168,0.007265333333333333,0.010111666666666666,c
noarr,ChooseHints,symm,5,MEDIUM,1.3914499334892894,0.007267,0.010111666666666666,c
noarr,FromPlan,symm,1,MEDIUM,1.560362121290057,0.006480333333333334,0.010111666666666666,c
noarr,FromPlan,symm,2,MEDIUM,3.047212456052235,0.0033183333333333333,0.010111666666666666,c
noarr,FromPlan,symm,3,MEDIUM,3.0941452468380253,0.003268,0.010111666666666666,c
noarr,FromPlan,symm,4,MEDIUM,3.0935141749949016,0.0032686666666666662,0.010111666666666666,c
noarr,FromPlan,symm,5,MEDIUM,1.4447990093351113,0.006998666666666667,0.010111666666666666,c
noarr,Naive,symm,2,MEDIUM,2.946862249854284,0.0034313333333333335,0.010111666666666666,c
noarr,Naive,symm,3,MEDIUM,1.18946790573658,0.008501,0.010111666666666666,c
noarr,Naive,symm,4,MEDIUM,3.1033248081841434,0.003258333333333333,0.010111666666666666,c
noarr,Naive,symm,5,MEDIUM,1.1763679373327647,0.008595666666666666,0.010111666666666666,c
noarr,standard,symm,1,MEDIUM,1.196552540233512,0.008450666666666667,0.010111666666666666,c
noarr,standard,symm,2,MEDIUM,1.1943853846759587,0.008466,0.010111666666666666,c
noarr,standard,symm,3,MEDIUM,1.1187534574958509,0.009038333333333334,0.010111666666666666,c
noarr,standard,symm,4,MEDIUM,1.1569853922727793,0.008739666666666666,0.010111666666666666,c
noarr,standard,symm,5,MEDIUM,1.1923666522542353,0.008480333333333333,0.010111666666666666,c
c,AllHints,syr2k,1,MEDIUM,11.829938417811466,0.0007036666666666667,0.008324333333333335,c
c,AllHints,syr2k,2,MEDIUM,23.515065913371004,0.000354,0.008324333333333335,c
c,AllHints,syr2k,3,MEDIUM,19.75712025316456,0.0004213333333333333,0.008324333333333335,c
c,AllHints,syr2k,4,MEDIUM,24.387695312500007,0.0003413333333333333,0.008324333333333335,c
c,AllHints,syr2k,5,MEDIUM,11.824337121212121,0.0007040000000000001,0.008324333333333335,c
c,ChooseHints,syr2k,2,MEDIUM,23.426829268292686,0.00035533333333333337,0.008324333333333335,c
c,ChooseHints,syr2k,3,MEDIUM,22.84812442817933,0.0003643333333333333,0.008324333333333335,c
c,ChooseHints,syr2k,4,MEDIUM,23.515065913371004,0.000354,0.008324333333333335,c
c,ChooseHints,syr2k,5,MEDIUM,23.016589861751157,0.00036166666666666666,0.008324333333333335,c
c,FromPlan,syr2k,2,MEDIUM,0.9048844119139069,0.009199333333333334,0.008324333333333335,c
c,FromPlan,syr2k,3,MEDIUM,1.0165262343794523,0.008189,0.008324333333333335,c
c,FromPlan,syr2k,4,MEDIUM,23.361085126286252,0.00035633333333333334,0.008324333333333335,c
c,FromPlan,syr2k,5,MEDIUM,0.9045566502463056,0.009202666666666666,0.008324333333333335,c
c,Naive,syr2k,1,MEDIUM,1.0437163037572617,0.007975666666666667,0.008324333333333335,c
c,Naive,syr2k,2,MEDIUM,0.9067901234567902,0.00918,0.008324333333333335,c
c,Naive,syr2k,3,MEDIUM,0.9064280788356142,0.009183666666666666,0.008324333333333335,c
c,Naive,syr2k,4,MEDIUM,1.04193090787717,0.007989333333333333,0.008324333333333335,c
c,Naive,syr2k,5,MEDIUM,0.9044911264034771,0.009203333333333334,0.008324333333333335,c
c,standard,syr2k,1,MEDIUM,1.0,0.008324333333333335,0.008324333333333335,c
exo,AllHints,syr2k,1,MEDIUM,20.486464315012306,0.00040633333333333336,0.008324333333333335,c
exo,AllHints,syr2k,2,MEDIUM,20.22105263157895,0.0004116666666666667,0.008324333333333335,c
exo,AllHints,syr2k,3,MEDIUM,11.050000000000002,0.0007533333333333333,0.008324333333333335,c
exo,AllHints,syr2k,4,MEDIUM,19.99439551641313,0.0004163333333333334,0.008324333333333335,c
exo,AllHints,syr2k,5,MEDIUM,15.171931956257598,0.0005486666666666666,0.008324333333333335,c
exo,ChooseHints,syr2k,2,MEDIUM,23.648674242424242,0.00035200000000000005,0.008324333333333335,c
exo,ChooseHints,syr2k,3,MEDIUM,20.828190158465393,0.00039966666666666666,0.008324333333333335,c
exo,ChooseHints,syr2k,4,MEDIUM,21.253617021276597,0.0003916666666666667,0.008324333333333335,c
exo,ChooseHints,syr2k,5,MEDIUM,20.074758842443735,0.00041466666666666664,0.008324333333333335,c
exo,FromPlan,syr2k,1,MEDIUM,0.43064321434730135,0.01933,0.008324333333333335,c
exo,FromPlan,syr2k,2,MEDIUM,0.39589410272669634,0.021026666666666666,0.008324333333333335,c
exo,FromPlan,syr2k,3,MEDIUM,0.715230839729637,0.011638666666666667,0.008324333333333335,c
exo,FromPlan,syr2k,5,MEDIUM,2.1619773179811275,0.0038503333333333336,0.008324333333333335,c
exo,Naive,syr2k,1,MEDIUM,0.5686926422699429,0.014637666666666667,0.008324333333333335,c
exo,Naive,syr2k,2,MEDIUM,22.620471014492757,0.000368,0.008324333333333335,c
exo,Naive,syr2k,3,MEDIUM,17.30630630630631,0.00048099999999999993,0.008324333333333335,c
exo,Naive,syr2k,4,MEDIUM,0.4995898933722768,0.016662333333333335,0.008324333333333335,c
exo,Naive,syr2k,5,MEDIUM,20.53700657894737,0.00040533333333333334,0.008324333333333335,c
exo,standard,syr2k,1,MEDIUM,0.8839687090722453,0.009417,0.008324333333333335,c
exo,standard,syr2k,2,MEDIUM,0.8868252840909092,0.009386666666666666,0.008324333333333335,c
exo,standard,syr2k,3,MEDIUM,0.8840312931431202,0.009416333333333334,0.008324333333333335,c
exo,standard,syr2k,4,MEDIUM,0.8844383057090243,0.009411999999999998,0.008324333333333335,c
exo,standard,syr2k,5,MEDIUM,0.8853789973764448,0.009402,0.008324333333333335,c
halide,ChooseHints,syr2k,1,MEDIUM,4.774952198852772,0.0017433333333333335,0.008324333333333335,c
halide,FromPlan,syr2k,1,MEDIUM,1.927970354358064,0.004317666666666667,0.008324333333333335,c
halide,FromPlan,syr2k,2,MEDIUM,1.8786579402693149,0.004431,0.008324333333333335,c
halide,Naive,syr2k,2,MEDIUM,4.4231314204746734,0.001882,0.008324333333333335,c
halide,Naive,syr2k,4,MEDIUM,4.089241853610612,0.0020356666666666665,0.008324333333333335,c
halide,standard,syr2k,2,MEDIUM,1.1377739304751926,0.0073163333333333335,0.008324333333333335,c
halide,standard,syr2k,3,MEDIUM,1.1473398878985577,0.007255333333333333,0.008324333333333335,c
halide,standard,syr2k,4,MEDIUM,1.165328978068129,0.007143333333333332,0.008324333333333335,c
halide,standard,syr2k,5,MEDIUM,1.1674536019821422,0.007130333333333333,0.008324333333333335,c
noarr,AllHints,syr2k,1,MEDIUM,1.4544554455445546,0.005723333333333334,0.008324333333333335,c
noarr,AllHints,syr2k,2,MEDIUM,1.4581922223519796,0.005708666666666667,0.008324333333333335,c
noarr,AllHints,syr2k,3,MEDIUM,1.450822053099402,0.005737666666666666,0.008324333333333335,c
noarr,AllHints,syr2k,4,MEDIUM,0.8131878866818627,0.010236666666666666,0.008324333333333335,c
noarr,AllHints,syr2k,5,MEDIUM,0.813426272759845,0.010233666666666667,0.008324333333333335,c
noarr,ChooseHints,syr2k,1,MEDIUM,1.459897112124401,0.005702,0.008324333333333335,c
noarr,ChooseHints,syr2k,2,MEDIUM,0.81509889679483,0.010212666666666667,0.008324333333333335,c
noarr,ChooseHints,syr2k,3,MEDIUM,1.3826265086922822,0.006020666666666667,0.008324333333333335,c
noarr,ChooseHints,syr2k,4,MEDIUM,1.3166552433173409,0.0063223333333333335,0.008324333333333335,c
noarr,ChooseHints,syr2k,5,MEDIUM,1.3980294463416003,0.005954333333333333,0.008324333333333335,c
noarr,FromPlan,syr2k,1,MEDIUM,0.7854873714339635,0.010597666666666667,0.008324333333333335,c
noarr,FromPlan,syr2k,2,MEDIUM,2.7640287769784178,0.0030116666666666664,0.008324333333333335,c
noarr,FromPlan,syr2k,4,MEDIUM,0.9209012464046022,0.009039333333333333,0.008324333333333335,c
noarr,FromPlan,syr2k,5,MEDIUM,0.809392623322746,0.010284666666666666,0.008324333333333335,c
noarr,Naive,syr2k,1,MEDIUM,0.8216424294268607,0.010131333333333332,0.008324333333333335,c
noarr,Naive,syr2k,2,MEDIUM,2.732275711159738,0.0030466666666666663,0.008324333333333335,c
noarr,Naive,syr2k,3,MEDIUM,0.814115729421353,0.010225,0.008324333333333335,c
noarr,Naive,syr2k,4,MEDIUM,0.8137708550573516,0.010229333333333333,0.008324333333333335,c
noarr,Naive,syr2k,5,MEDIUM,0.8175003273536731,0.010182666666666666,0.008324333333333335,c
noarr,standard,syr2k,1,MEDIUM,0.7757517395626244,0.010730666666666666,0.008324333333333335,c
noarr,standard,syr2k,2,MEDIUM,1.115812519547831,0.007460333333333333,0.008324333333333335,c
noarr,standard,syr2k,3,MEDIUM,1.136996904024768,0.007321333333333333,0.008324333333333335,c
noarr,standard,syr2k,5,MEDIUM,1.1323569420513286,0.007351333333333334,0.008324333333333335,c
c,AllHints,syrk,1,MEDIUM,17.11764705882353,0.000204,0.003492,c
c,AllHints,syrk,2,MEDIUM,11.264516129032257,0.00031,0.003492,c
c,AllHints,syrk,3,MEDIUM,13.379310344827585,0.000261,0.003492,c
c,AllHints,syrk,4,MEDIUM,11.300970873786408,0.000309,0.003492,c
c,AllHints,syrk,5,MEDIUM,17.459999999999997,0.0002,0.003492,c
c,ChooseHints,syrk,1,MEDIUM,16.655007949125594,0.00020966666666666668,0.003492,c
c,ChooseHints,syrk,2,MEDIUM,11.449180327868852,0.000305,0.003492,c
c,ChooseHints,syrk,3,MEDIUM,11.486842105263158,0.000304,0.003492,c
c,ChooseHints,syrk,4,MEDIUM,15.271137026239067,0.00022866666666666665,0.003492,c
c,ChooseHints,syrk,5,MEDIUM,10.981132075471699,0.000318,0.003492,c
c,FromPlan,syrk,1,MEDIUM,1.6915872759567252,0.0020643333333333334,0.003492,c
c,FromPlan,syrk,2,MEDIUM,1.634066448291998,0.002137,0.003492,c
c,FromPlan,syrk,3,MEDIUM,1.5736818386660658,0.002219,0.003492,c
c,FromPlan,syrk,4,MEDIUM,0.46064550171488877,0.007580666666666666,0.003492,c
c,FromPlan,syrk,5,MEDIUM,0.45384048867131654,0.007694333333333333,0.003492,c
c,Naive,syrk,1,MEDIUM,11.21627408993576,0.00031133333333333333,0.003492,c
c,Naive,syrk,2,MEDIUM,0.3923448559979027,0.008900333333333333,0.003492,c
c,Naive,syrk,3,MEDIUM,0.4549046853966737,0.007676333333333334,0.003492,c
c,Naive,syrk,4,MEDIUM,0.5477933486718259,0.006374666666666667,0.003492,c
c,Naive,syrk,5,MEDIUM,1.0093457943925235,0.0034596666666666664,0.003492,c
c,standard,syrk,1,MEDIUM,1.0,0.003492,0.003492,c
exo,AllHints,syrk,1,MEDIUM,16.067484662576685,0.00021733333333333335,0.003492,c
exo,AllHints,syrk,2,MEDIUM,16.761599999999998,0.00020833333333333335,0.003492,c
exo,AllHints,syrk,3,MEDIUM,8.517073170731708,0.00041,0.003492,c
exo,AllHints,syrk,4,MEDIUM,9.727019498607243,0.000359,0.003492,c
exo,ChooseHints,syrk,1,MEDIUM,5.282904689863842,0.000661,0.003492,c
exo,ChooseHints,syrk,2,MEDIUM,4.556763810352328,0.0007663333333333333,0.003492,c
exo,ChooseHints,syrk,4,MEDIUM,16.420062695924763,0.00021266666666666667,0.003492,c
exo,ChooseHints,syrk,5,MEDIUM,3.2554381603480413,0.0010726666666666669,0.003492,c
exo,FromPlan,syrk,2,MEDIUM,1.632538569424965,0.002139,0.003492,c
exo,Naive,syrk,1,MEDIUM,8.146189735614307,0.00042866666666666666,0.003492,c
exo,Naive,syrk,2,MEDIUM,13.127819548872179,0.000266,0.003492,c
exo,Naive,syrk,4,MEDIUM,16.420062695924763,0.00021266666666666667,0.003492,c
exo,Naive,syrk,5,MEDIUM,0.7701808557565064,0.004534,0.003492,c
exo,standard,syrk,1,MEDIUM,0.8567923448106649,0.004075666666666667,0.003492,c
exo,standard,syrk,2,MEDIUM,0.8572831423895253,0.004073333333333333,0.003492,c
exo,standard,syrk,3,MEDIUM,0.8572831423895253,0.004073333333333333,0.003492,c
exo,standard,syrk,4,MEDIUM,0.8541377904606603,0.004088333333333334,0.003492,c
exo,standard,syrk,5,MEDIUM,0.8581258191349933,0.004069333333333334,0.003492,c
halide,AllHints,syrk,2,MEDIUM,1.7241606319947334,0.0020253333333333334,0.003492,c
halide,AllHints,syrk,3,MEDIUM,2.1019261637239164,0.0016613333333333335,0.003492,c
halide,AllHints,syrk,4,MEDIUM,1.4313430796556905,0.002439666666666667,0.003492,c
halide,ChooseHints,syrk,1,MEDIUM,0.9500317402738732,0.003675666666666667,0.003492,c
halide,ChooseHints,syrk,3,MEDIUM,2.2813588850174216,0.0015306666666666665,0.003492,c
halide,ChooseHints,syrk,4,MEDIUM,1.9141238808697238,0.0018243333333333334,0.003492,c
halide,FromPlan,syrk,3,MEDIUM,1.6425211665098778,0.002126,0.003492,c
halide,FromPlan,syrk,5,MEDIUM,3.016412323639505,0.0011576666666666667,0.003492,c
halide,Naive,syrk,1,MEDIUM,1.8879077311227246,0.0018496666666666668,0.003492,c
halide,Naive,syrk,2,MEDIUM,2.254842875591907,0.0015486666666666667,0.003492,c
halide,Naive,syrk,5,MEDIUM,1.5019354838709675,0.0023250000000000002,0.003492,c
halide,standard,syrk,1,MEDIUM,0.6459489456159822,0.005406,0.003492,c
halide,standard,syrk,2,MEDIUM,0.6468663167644334,0.005398333333333334,0.003492,c
halide,standard,syrk,3,MEDIUM,0.6461481527169556,0.005404333333333333,0.003492,c
halide,standard,syrk,4,MEDIUM,0.6457100591715975,0.0054080000000000005,0.003492,c
halide,standard,syrk,5,MEDIUM,0.37831786501029213,0.009230333333333333,0.003492,c
noarr,AllHints,syrk,1,MEDIUM,1.3800553286786983,0.0025303333333333337,0.003492,c
noarr,AllHints,syrk,2,MEDIUM,0.4598972738048202,0.007593,0.003492,c
noarr,AllHints,syrk,3,MEDIUM,1.3328244274809162,0.0026199999999999995,0.003492,c
noarr,AllHints,syrk,4,MEDIUM,0.45716779402138336,0.007638333333333334,0.003492,c
noarr,AllHints,syrk,5,MEDIUM,1.1600044291883511,0.0030103333333333336,0.003492,c
noarr,ChooseHints,syrk,1,MEDIUM,1.274917853231106,0.002739,0.003492,c
noarr,ChooseHints,syrk,2,MEDIUM,1.3292729349067374,0.0026270000000000004,0.003492,c
noarr,ChooseHints,syrk,3,MEDIUM,1.0524412296564194,0.003318,0.003492,c
noarr,ChooseHints,syrk,4,MEDIUM,0.5323982314377191,0.006559,0.003492,c
noarr,FromPlan,syrk,1,MEDIUM,0.3482249700837654,0.010028,0.003492,c
noarr,FromPlan,syrk,2,MEDIUM,0.4525465462870967,0.007716333333333333,0.003492,c
noarr,FromPlan,syrk,3,MEDIUM,0.46719885831512287,0.007474333333333333,0.003492,c
noarr,FromPlan,syrk,5,MEDIUM,1.3280933062880327,0.002629333333333333,0.003492,c
noarr,Naive,syrk,1,MEDIUM,1.143293681108807,0.003054333333333334,0.003492,c
noarr,Naive,syrk,2,MEDIUM,0.49132351561767185,0.0071073333333333336,0.003492,c
noarr,Naive,syrk,3,MEDIUM,0.5281040479911276,0.006612333333333334,0.003492,c
noarr,Naive,syrk,4,MEDIUM,1.2191318515070406,0.0028643333333333333,0.003492,c
noarr,Naive,syrk,5,MEDIUM,1.208722741433022,0.0028889999999999996,0.003492,c
noarr,standard,syrk,1,MEDIUM,1.1937101185050136,0.002925333333333333,0.003492,c
noarr,standard,syrk,2,MEDIUM,1.31294648452187,0.0026596666666666665,0.003492,c
noarr,standard,syrk,4,MEDIUM,1.1852019459214842,0.0029463333333333334,0.003492,c
noarr,standard,syrk,5,MEDIUM,1.1770786516853933,0.0029666666666666665,0.003492,c
c,AllHints,trisolv,3,MEDIUM,1.0256410256410255,0.00013000000000000002,0.00013333333333333334,c
c,AllHints,trisolv,4,MEDIUM,1.0178117048346056,0.000131,0.00013333333333333334,c
c,AllHints,trisolv,5,MEDIUM,0.9732360097323601,0.000137,0.00013333333333333334,c
c,ChooseHints,trisolv,1,MEDIUM,0.9852216748768473,0.00013533333333333333,0.00013333333333333334,c
c,ChooseHints,trisolv,3,MEDIUM,1.0256410256410258,0.00013,0.00013333333333333334,c
c,FromPlan,trisolv,1,MEDIUM,0.9661835748792271,0.000138,0.00013333333333333334,c
c,FromPlan,trisolv,2,MEDIUM,2.247191011235955,5.933333333333333e-05,0.00013333333333333334,c
c,FromPlan,trisolv,3,MEDIUM,2.3529411764705883,5.666666666666667e-05,0.00013333333333333334,c
c,FromPlan,trisolv,4,MEDIUM,2.1739130434782608,6.133333333333334e-05,0.00013333333333333334,c
c,FromPlan,trisolv,5,MEDIUM,1.0050251256281406,0.00013266666666666667,0.00013333333333333334,c
c,Naive,trisolv,1,MEDIUM,1.0050251256281406,0.00013266666666666667,0.00013333333333333334,c
c,Naive,trisolv,2,MEDIUM,1.0178117048346056,0.000131,0.00013333333333333334,c
c,Naive,trisolv,3,MEDIUM,1.0695187165775402,0.00012466666666666667,0.00013333333333333334,c
c,Naive,trisolv,4,MEDIUM,1.0075566750629723,0.00013233333333333334,0.00013333333333333334,c
c,standard,trisolv,1,MEDIUM,1.0,0.00013333333333333334,0.00013333333333333334,c
exo,AllHints,trisolv,1,MEDIUM,1.0178117048346056,0.000131,0.00013333333333333334,c
exo,AllHints,trisolv,2,MEDIUM,0.8528784648187634,0.00015633333333333333,0.00013333333333333334,c
exo,AllHints,trisolv,3,MEDIUM,0.9546539379474942,0.00013966666666666666,0.00013333333333333334,c
exo,AllHints,trisolv,4,MEDIUM,0.9732360097323601,0.000137,0.00013333333333333334,c
exo,AllHints,trisolv,5,MEDIUM,1.0666666666666667,0.000125,0.00013333333333333334,c
exo,ChooseHints,trisolv,1,MEDIUM,1.0025062656641603,0.000133,0.00013333333333333334,c
exo,ChooseHints,trisolv,2,MEDIUM,0.9592326139088728,0.00013900000000000002,0.00013333333333333334,c
exo,ChooseHints,trisolv,3,MEDIUM,0.959232613908873,0.000139,0.00013333333333333334,c
exo,ChooseHints,trisolv,5,MEDIUM,1.0723860589812333,0.00012433333333333334,0.00013333333333333334,c
exo,FromPlan,trisolv,3,MEDIUM,1.0204081632653064,0.00013066666666666665,0.00013333333333333334,c
exo,FromPlan,trisolv,4,MEDIUM,0.9638554216867471,0.00013833333333333333,0.00013333333333333334,c
exo,FromPlan,trisolv,5,MEDIUM,0.959232613908873,0.000139,0.00013333333333333334,c
exo,Naive,trisolv,1,MEDIUM,0.959232613908873,0.000139,0.00013333333333333334,c
exo,Naive,trisolv,3,MEDIUM,1.0178117048346056,0.000131,0.00013333333333333334,c
exo,Naive,trisolv,4,MEDIUM,1.015228426395939,0.00013133333333333335,0.00013333333333333334,c
exo,Naive,trisolv,5,MEDIUM,1.0309278350515465,0.00012933333333333332,0.00013333333333333334,c
exo,standard,trisolv,1,MEDIUM,0.9950248756218906,0.000134,0.00013333333333333334,c
exo,standard,trisolv,2,MEDIUM,1.0204081632653064,0.00013066666666666665,0.00013333333333333334,c
exo,standard,trisolv,3,MEDIUM,0.9756097560975611,0.00013666666666666666,0.00013333333333333334,c
exo,standard,trisolv,4,MEDIUM,0.9876543209876544,0.000135,0.00013333333333333334,c
exo,standard,trisolv,5,MEDIUM,0.9950248756218906,0.000134,0.00013333333333333334,c
halide,ChooseHints,trisolv,4,MEDIUM,0.19002375296912113,0.0007016666666666667,0.00013333333333333334,c
halide,FromPlan,trisolv,4,MEDIUM,0.21231422505307856,0.000628,0.00013333333333333334,c
halide,Naive,trisolv,5,MEDIUM,0.2777777777777778,0.00048,0.00013333333333333334,c
halide,standard,trisolv,2,MEDIUM,0.20202020202020204,0.00066,0.00013333333333333334,c
halide,standard,trisolv,3,MEDIUM,0.20757654385054491,0.0006423333333333333,0.00013333333333333334,c
noarr,AllHints,trisolv,1,MEDIUM,1.0781671159029649,0.00012366666666666667,0.00013333333333333334,c
noarr,AllHints,trisolv,2,MEDIUM,1.0781671159029649,0.00012366666666666667,0.00013333333333333334,c
noarr,AllHints,trisolv,3,MEDIUM,1.1594202898550723,0.00011500000000000002,0.00013333333333333334,c
noarr,AllHints,trisolv,4,MEDIUM,0.9569377990430623,0.00013933333333333332,0.00013333333333333334,c
noarr,AllHints,trisolv,5,MEDIUM,1.0389610389610389,0.00012833333333333335,0.00013333333333333334,c
noarr,ChooseHints,trisolv,1,MEDIUM,1.0723860589812333,0.00012433333333333334,0.00013333333333333334,c
noarr,ChooseHints,trisolv,2,MEDIUM,1.1363636363636365,0.00011733333333333333,0.00013333333333333334,c
noarr,ChooseHints,trisolv,3,MEDIUM,1.0638297872340425,0.00012533333333333334,0.00013333333333333334,c
noarr,ChooseHints,trisolv,4,MEDIUM,1.1363636363636365,0.00011733333333333333,0.00013333333333333334,c
noarr,ChooseHints,trisolv,5,MEDIUM,1.075268817204301,0.000124,0.00013333333333333334,c
noarr,FromPlan,trisolv,1,MEDIUM,1.1204481792717087,0.000119,0.00013333333333333334,c
noarr,FromPlan,trisolv,2,MEDIUM,1.13314447592068,0.00011766666666666668,0.00013333333333333334,c
noarr,FromPlan,trisolv,3,MEDIUM,1.1299435028248588,0.00011800000000000001,0.00013333333333333334,c
noarr,FromPlan,trisolv,4,MEDIUM,1.0498687664041992,0.00012700000000000002,0.00013333333333333334,c
noarr,FromPlan,trisolv,5,MEDIUM,1.1299435028248588,0.00011800000000000001,0.00013333333333333334,c
noarr,Naive,trisolv,1,MEDIUM,1.1299435028248588,0.00011800000000000001,0.00013333333333333334,c
noarr,Naive,trisolv,2,MEDIUM,1.1299435028248588,0.00011800000000000001,0.00013333333333333334,c
noarr,Naive,trisolv,3,MEDIUM,1.13314447592068,0.00011766666666666668,0.00013333333333333334,c
noarr,Naive,trisolv,4,MEDIUM,1.1661807580174928,0.00011433333333333333,0.00013333333333333334,c
noarr,Naive,trisolv,5,MEDIUM,1.1627906976744187,0.00011466666666666667,0.00013333333333333334,c
noarr,standard,trisolv,2,MEDIUM,1.1363636363636365,0.00011733333333333333,0.00013333333333333334,c
noarr,standard,trisolv,4,MEDIUM,1.1594202898550723,0.00011500000000000002,0.00013333333333333334,c
noarr,standard,trisolv,5,MEDIUM,1.2195121951219512,0.00010933333333333334,0.00013333333333333334,c
c,AllHints,trmm,1,MEDIUM,3.0189506434733415,0.002357,0.007115666666666666,c
c,AllHints,trmm,2,MEDIUM,6.650155763239875,0.00107,0.007115666666666666,c
c,AllHints,trmm,3,MEDIUM,7.407009021512838,0.0009606666666666666,0.007115666666666666,c
c,AllHints,trmm,4,MEDIUM,4.145853563798795,0.0017163333333333334,0.007115666666666666,c
c,AllHints,trmm,5,MEDIUM,4.305566760790641,0.0016526666666666667,0.007115666666666666,c
c,ChooseHints,trmm,1,MEDIUM,5.531743975123088,0.0012863333333333336,0.007115666666666666,c
c,ChooseHints,trmm,2,MEDIUM,5.554774915430652,0.001281,0.007115666666666666,c
c,ChooseHints,trmm,3,MEDIUM,5.521727884117951,0.0012886666666666667,0.007115666666666666,c
c,ChooseHints,trmm,4,MEDIUM,13.26724673710379,0.0005363333333333333,0.007115666666666666,c
c,ChooseHints,trmm,5,MEDIUM,5.383858764186633,0.0013216666666666665,0.007115666666666666,c
c,FromPlan,trmm,1,MEDIUM,5.19897710667316,0.0013686666666666667,0.007115666666666666,c
c,FromPlan,trmm,2,MEDIUM,4.469639865996649,0.0015919999999999999,0.007115666666666666,c
c,FromPlan,trmm,3,MEDIUM,4.930023094688222,0.0014433333333333331,0.007115666666666666,c
c,FromPlan,trmm,4,MEDIUM,5.383858764186633,0.0013216666666666665,0.007115666666666666,c
c,FromPlan,trmm,5,MEDIUM,2.8162269129287596,0.0025266666666666666,0.007115666666666666,c
c,Naive,trmm,1,MEDIUM,5.511747998967208,0.001291,0.007115666666666666,c
c,Naive,trmm,2,MEDIUM,5.50180412371134,0.0012933333333333334,0.007115666666666666,c
c,Naive,trmm,3,MEDIUM,3.5895409450142926,0.0019823333333333333,0.007115666666666666,c
c,Naive,trmm,4,MEDIUM,5.363567839195979,0.0013266666666666667,0.007115666666666666,c
c,Naive,trmm,5,MEDIUM,5.5160206718346245,0.0012900000000000001,0.007115666666666666,c
c,standard,trmm,1,MEDIUM,1.0,0.007115666666666666,0.007115666666666666,c
exo,AllHints,trmm,1,MEDIUM,1.2080928126768535,0.005889999999999999,0.007115666666666666,c
exo,AllHints,trmm,2,MEDIUM,1.9063225575995713,0.0037326666666666667,0.007115666666666666,c
exo,AllHints,trmm,3,MEDIUM,1.0349057061133466,0.006875666666666666,0.007115666666666666,c
exo,AllHints,trmm,4,MEDIUM,0.01395379240244863,0.509945,0.007115666666666666,c
exo,ChooseHints,trmm,2,MEDIUM,1.8882795223352498,0.003768333333333333,0.007115666666666666,c
exo,ChooseHints,trmm,4,MEDIUM,4.222112341772152,0.0016853333333333332,0.007115666666666666,c
exo,FromPlan,trmm,1,MEDIUM,3.2675646716669213,0.0021776666666666667,0.007115666666666666,c
exo,FromPlan,trmm,4,MEDIUM,3.134654919236417,0.00227,0.007115666666666666,c
exo,Naive,trmm,2,MEDIUM,6.023419864559819,0.0011813333333333333,0.007115666666666666,c
exo,Naive,trmm,3,MEDIUM,1.6843143443269681,0.004224666666666667,0.007115666666666666,c
exo,Naive,trmm,4,MEDIUM,0.013779752471828223,0.5163856666666667,0.007115666666666666,c
exo,Naive,trmm,5,MEDIUM,1.2122778124822533,0.005869666666666666,0.007115666666666666,c
exo,standard,trmm,1,MEDIUM,0.9013638474855379,0.007894333333333335,0.007115666666666666,c
exo,standard,trmm,2,MEDIUM,0.89422754691689,0.007957333333333334,0.007115666666666666,c
exo,standard,trmm,3,MEDIUM,0.9001855444041494,0.007904666666666666,0.007115666666666666,c
exo,standard,trmm,4,MEDIUM,0.9023926276631721,0.007885333333333333,0.007115666666666666,c
exo,standard,trmm,5,MEDIUM,0.9002614709851552,0.007904,0.007115666666666666,c
halide,AllHints,trmm,2,MEDIUM,3.4353073704538133,0.0020713333333333334,0.007115666666666666,c
halide,AllHints,trmm,4,MEDIUM,2.937930085328929,0.002422,0.007115666666666666,c
halide,standard,trmm,1,MEDIUM,1.0387329083742882,0.006850333333333333,0.007115666666666666,c
halide,standard,trmm,4,MEDIUM,1.0781857669579271,0.006599666666666667,0.007115666666666666,c
halide,standard,trmm,5,MEDIUM,1.9658347914172574,0.003619666666666667,0.007115666666666666,c
noarr,AllHints,trmm,1,MEDIUM,2.189660477997743,0.0032496666666666668,0.007115666666666666,c
noarr,AllHints,trmm,3,MEDIUM,4.609587562081624,0.0015436666666666665,0.007115666666666666,c
noarr,AllHints,trmm,4,MEDIUM,6.901713546718396,0.001031,0.007115666666666666,c
noarr,AllHints,trmm,5,MEDIUM,4.49126867241742,0.0015843333333333334,0.007115666666666666,c
noarr,ChooseHints,trmm,1,MEDIUM,4.126618983181905,0.0017243333333333336,0.007115666666666666,c
noarr,ChooseHints,trmm,2,MEDIUM,1.2980845241714805,0.005481666666666667,0.007115666666666666,c
noarr,ChooseHints,trmm,3,MEDIUM,1.2824872334034243,0.005548333333333333,0.007115666666666666,c
noarr,ChooseHints,trmm,4,MEDIUM,4.611579174767767,0.001543,0.007115666666666666,c
noarr,ChooseHints,trmm,5,MEDIUM,4.535160399405141,0.0015689999999999999,0.007115666666666666,c
noarr,FromPlan,trmm,2,MEDIUM,2.896865246302076,0.0024563333333333334,0.007115666666666666,c
noarr,FromPlan,trmm,3,MEDIUM,4.113102119460501,0.00173,0.007115666666666666,c
noarr,FromPlan,trmm,4,MEDIUM,4.141028128031038,0.0017183333333333332,0.007115666666666666,c
noarr,FromPlan,trmm,5,MEDIUM,4.120247056552788,0.001727,0.007115666666666666,c
noarr,Naive,trmm,1,MEDIUM,4.4762004613126445,0.0015896666666666665,0.007115666666666666,c
noarr,Naive,trmm,2,MEDIUM,4.534197111299915,0.0015693333333333334,0.007115666666666666,c
noarr,Naive,trmm,3,MEDIUM,1.2387999071494893,0.005744,0.007115666666666666,c
noarr,Naive,trmm,4,MEDIUM,1.2234640073360845,0.005815999999999999,0.007115666666666666,c
noarr,Naive,trmm,5,MEDIUM,4.578936078936079,0.0015539999999999998,0.007115666666666666,c
noarr,standard,trmm,1,MEDIUM,4.109934539853677,0.0017313333333333332,0.007115666666666666,c
noarr,standard,trmm,2,MEDIUM,1.2293118341491507,0.005788333333333333,0.007115666666666666,c
noarr,standard,trmm,3,MEDIUM,1.1890491839803932,0.005984333333333334,0.007115666666666666,c
noarr,standard,trmm,4,MEDIUM,1.0192417876241406,0.0069813333333333324,0.007115666666666666,c
noarr,standard,trmm,5,MEDIUM,1.1584002604731929,0.006142666666666667,0.007115666666666666,c
c,AllHints,2mm,1,MINI,0.4573643410852714,4.2999999999999995e-05,1.966666666666667e-05,c
c,AllHints,2mm,2,MINI,0.5267857142857144,3.733333333333333e-05,1.966666666666667e-05,c
c,AllHints,2mm,3,MINI,1.1568627450980393,1.7e-05,1.966666666666667e-05,c
c,AllHints,2mm,4,MINI,0.16434540389972147,0.00011966666666666667,1.966666666666667e-05,c
c,AllHints,2mm,5,MINI,0.15012722646310434,0.000131,1.966666666666667e-05,c
c,ChooseHints,2mm,1,MINI,0.6344086021505377,3.1e-05,1.966666666666667e-05,c
c,ChooseHints,2mm,2,MINI,0.19536423841059608,0.00010066666666666666,1.966666666666667e-05,c
c,ChooseHints,2mm,3,MINI,0.19865319865319872,9.899999999999998e-05,1.966666666666667e-05,c
c,ChooseHints,2mm,4,MINI,0.36645962732919257,5.366666666666667e-05,1.966666666666667e-05,c
c,ChooseHints,2mm,5,MINI,0.24894514767932494,7.9e-05,1.966666666666667e-05,c
c,FromPlan,2mm,1,MINI,3.4705882352941178,5.666666666666667e-06,1.966666666666667e-05,c
c,FromPlan,2mm,2,MINI,3.6874999999999996,5.3333333333333345e-06,1.966666666666667e-05,c
c,FromPlan,2mm,3,MINI,3.9333333333333336,5e-06,1.966666666666667e-05,c
c,FromPlan,2mm,4,MINI,3.6874999999999996,5.3333333333333345e-06,1.966666666666667e-05,c
c,FromPlan,2mm,5,MINI,3.4705882352941178,5.666666666666667e-06,1.966666666666667e-05,c
c,Naive,2mm,1,MINI,2.107142857142857,9.333333333333334e-06,1.966666666666667e-05,c
c,Naive,2mm,2,MINI,3.6874999999999996,5.3333333333333345e-06,1.966666666666667e-05,c
c,Naive,2mm,3,MINI,4.214285714285714,4.666666666666667e-06,1.966666666666667e-05,c
c,Naive,2mm,4,MINI,1.4390243902439026,1.3666666666666667e-05,1.966666666666667e-05,c
c,Naive,2mm,5,MINI,4.538461538461538,4.333333333333334e-06,1.966666666666667e-05,c
c,standard,2mm,1,MINI,1.0,1.966666666666667e-05,1.966666666666667e-05,c
exo,AllHints,2mm,2,MINI,2.1851851851851856,9e-06,1.966666666666667e-05,c
exo,AllHints,2mm,3,MINI,0.3511904761904762,5.6000000000000006e-05,1.966666666666667e-05,c
exo,AllHints,2mm,4,MINI,0.34502923976608196,5.6999999999999996e-05,1.966666666666667e-05,c
exo,AllHints,2mm,5,MINI,0.25431034482758624,7.733333333333333e-05,1.966666666666667e-05,c
exo,ChooseHints,2mm,1,MINI,0.3831168831168832,5.133333333333333e-05,1.966666666666667e-05,c
exo,ChooseHints,2mm,2,MINI,0.2418032786885246,8.133333333333334e-05,1.966666666666667e-05,c
exo,ChooseHints,2mm,3,MINI,0.2964824120603015,6.633333333333334e-05,1.966666666666667e-05,c
exo,ChooseHints,2mm,4,MINI,0.29797979797979807,6.599999999999999e-05,1.966666666666667e-05,c
exo,ChooseHints,2mm,5,MINI,0.19407894736842107,0.00010133333333333333,1.966666666666667e-05,c
exo,FromPlan,2mm,1,MINI,2.3600000000000008,8.333333333333332e-06,1.966666666666667e-05,c
exo,FromPlan,2mm,3,MINI,2.1851851851851856,9e-06,1.966666666666667e-05,c
exo,Naive,2mm,1,MINI,0.2,9.833333333333334e-05,1.966666666666667e-05,c
exo,Naive,2mm,2,MINI,0.1921824104234528,0.00010233333333333333,1.966666666666667e-05,c
exo,Naive,2mm,5,MINI,0.3089005235602095,6.366666666666666e-05,1.966666666666667e-05,c
exo,standard,2mm,1,MINI,0.8939393939393939,2.2000000000000003e-05,1.966666666666667e-05,c
exo,standard,2mm,2,MINI,0.8676470588235294,2.2666666666666668e-05,1.966666666666667e-05,c
exo,standard,2mm,3,MINI,0.8805970149253731,2.2333333333333335e-05,1.966666666666667e-05,c
exo,standard,2mm,4,MINI,0.9218750000000002,2.133333333333333e-05,1.966666666666667e-05,c
exo,standard,2mm,5,MINI,0.8805970149253731,2.2333333333333335e-05,1.966666666666667e-05,c
halide,standard,2mm,1,MINI,0.5042735042735044,3.9e-05,1.966666666666667e-05,c
halide,standard,2mm,2,MINI,0.3831168831168832,5.133333333333333e-05,1.966666666666667e-05,c
halide,standard,2mm,3,MINI,0.47967479674796754,4.1e-05,1.966666666666667e-05,c
halide,standard,2mm,4,MINI,0.11434108527131785,0.00017199999999999998,1.966666666666667e-05,c
halide,standard,2mm,5,MINI,0.11346153846153846,0.00017333333333333336,1.966666666666667e-05,c
noarr,AllHints,2mm,1,MINI,3.9333333333333336,5e-06,1.966666666666667e-05,c
noarr,AllHints,2mm,2,MINI,0.007655378227585313,0.002569,1.966666666666667e-05,c
noarr,AllHints,2mm,3,MINI,3.6874999999999996,5.3333333333333345e-06,1.966666666666667e-05,c
noarr,AllHints,2mm,4,MINI,3.9333333333333336,5e-06,1.966666666666667e-05,c
noarr,AllHints,2mm,5,MINI,2.2692307692307696,8.666666666666666e-06,1.966666666666667e-05,c
noarr,ChooseHints,2mm,1,MINI,3.9333333333333336,5e-06,1.966666666666667e-05,c
noarr,ChooseHints,2mm,2,MINI,3.277777777777778,6e-06,1.966666666666667e-05,c
noarr,ChooseHints,2mm,3,MINI,3.9333333333333336,5e-06,1.966666666666667e-05,c
noarr,ChooseHints,2mm,4,MINI,3.9333333333333336,5e-06,1.966666666666667e-05,c
noarr,ChooseHints,2mm,5,MINI,3.9333333333333336,5e-06,1.966666666666667e-05,c
noarr,FromPlan,2mm,1,MINI,0.595959595959596,3.3e-05,1.966666666666667e-05,c
noarr,FromPlan,2mm,2,MINI,0.40689655172413797,4.8333333333333334e-05,1.966666666666667e-05,c
noarr,FromPlan,2mm,3,MINI,0.47967479674796754,4.1e-05,1.966666666666667e-05,c
noarr,FromPlan,2mm,4,MINI,1.685714285714286,1.1666666666666666e-05,1.966666666666667e-05,c
noarr,FromPlan,2mm,5,MINI,0.7564102564102566,2.6e-05,1.966666666666667e-05,c
noarr,Naive,2mm,1,MINI,3.9333333333333336,5e-06,1.966666666666667e-05,c
noarr,Naive,2mm,2,MINI,3.9333333333333336,5e-06,1.966666666666667e-05,c
noarr,Naive,2mm,3,MINI,1.9666666666666668,1e-05,1.966666666666667e-05,c
noarr,Naive,2mm,4,MINI,3.9333333333333336,5e-06,1.966666666666667e-05,c
noarr,Naive,2mm,5,MINI,3.9333333333333336,5e-06,1.966666666666667e-05,c
noarr,standard,2mm,1,MINI,0.8194444444444445,2.4e-05,1.966666666666667e-05,c
noarr,standard,2mm,2,MINI,3.277777777777778,6e-06,1.966666666666667e-05,c
noarr,standard,2mm,3,MINI,0.6860465116279071,2.8666666666666668e-05,1.966666666666667e-05,c
noarr,standard,2mm,4,MINI,3.277777777777778,6e-06,1.966666666666667e-05,c
noarr,standard,2mm,5,MINI,0.8194444444444445,2.4e-05,1.966666666666667e-05,c
c,AllHints,3mm,1,MINI,1.0941176470588236,2.8333333333333332e-05,3.1e-05,c
c,AllHints,3mm,2,MINI,0.4325581395348837,7.166666666666667e-05,3.1e-05,c
c,AllHints,3mm,4,MINI,0.19578947368421054,0.00015833333333333332,3.1e-05,c
c,AllHints,3mm,5,MINI,0.17350746268656717,0.00017866666666666668,3.1e-05,c
c,ChooseHints,3mm,1,MINI,0.3120805369127517,9.933333333333333e-05,3.1e-05,c
c,ChooseHints,3mm,2,MINI,0.3321428571428572,9.333333333333333e-05,3.1e-05,c
c,ChooseHints,3mm,3,MINI,0.014894298526585522,0.0020813333333333335,3.1e-05,c
c,ChooseHints,3mm,4,MINI,0.3131313131313131,9.900000000000001e-05,3.1e-05,c
c,FromPlan,3mm,1,MINI,3.8750000000000004,8e-06,3.1e-05,c
c,FromPlan,3mm,2,MINI,0.3563218390804598,8.7e-05,3.1e-05,c
c,FromPlan,3mm,3,MINI,3.5769230769230766,8.666666666666668e-06,3.1e-05,c
c,FromPlan,3mm,4,MINI,3.7200000000000006,8.333333333333332e-06,3.1e-05,c
c,FromPlan,3mm,5,MINI,3.7200000000000006,8.333333333333332e-06,3.1e-05,c
c,Naive,3mm,1,MINI,4.428571428571429,7e-06,3.1e-05,c
c,Naive,3mm,2,MINI,4.2272727272727275,7.333333333333333e-06,3.1e-05,c
c,Naive,3mm,3,MINI,4.2272727272727275,7.333333333333333e-06,3.1e-05,c
c,Naive,3mm,4,MINI,3.72,8.333333333333334e-06,3.1e-05,c
c,Naive,3mm,5,MINI,3.5769230769230766,8.666666666666668e-06,3.1e-05,c
c,standard,3mm,1,MINI,1.0,3.1e-05,3.1e-05,c
exo,AllHints,3mm,3,MINI,0.28792569659442724,0.00010766666666666666,3.1e-05,c
exo,AllHints,3mm,4,MINI,0.3089700996677741,0.00010033333333333334,3.1e-05,c
exo,ChooseHints,3mm,1,MINI,0.2703488372093023,0.00011466666666666667,3.1e-05,c
exo,ChooseHints,3mm,2,MINI,0.26345609065155806,0.00011766666666666668,3.1e-05,c
exo,ChooseHints,3mm,3,MINI,0.29617834394904463,0.00010466666666666666,3.1e-05,c
exo,ChooseHints,3mm,4,MINI,0.33096085409252674,9.366666666666666e-05,3.1e-05,c
exo,FromPlan,3mm,3,MINI,2.3250000000000006,1.3333333333333332e-05,3.1e-05,c
exo,FromPlan,3mm,4,MINI,0.3163265306122449,9.8e-05,3.1e-05,c
exo,FromPlan,3mm,5,MINI,2.384615384615385,1.3e-05,3.1e-05,c
exo,Naive,3mm,1,MINI,0.29153605015673983,0.00010633333333333333,3.1e-05,c
exo,Naive,3mm,2,MINI,0.607843137254902,5.1e-05,3.1e-05,c
exo,Naive,3mm,3,MINI,0.1595197255574614,0.00019433333333333333,3.1e-05,c
exo,Naive,3mm,4,MINI,2.447368421052632,1.2666666666666667e-05,3.1e-05,c
exo,Naive,3mm,5,MINI,0.30097087378640774,0.00010300000000000001,3.1e-05,c
exo,standard,3mm,1,MINI,0.9207920792079208,3.366666666666667e-05,3.1e-05,c
exo,standard,3mm,2,MINI,0.9207920792079208,3.366666666666667e-05,3.1e-05,c
exo,standard,3mm,3,MINI,0.93,3.3333333333333335e-05,3.1e-05,c
exo,standard,3mm,4,MINI,0.9029126213592233,3.433333333333333e-05,3.1e-05,c
exo,standard,3mm,5,MINI,0.9207920792079208,3.366666666666667e-05,3.1e-05,c
halide,standard,3mm,1,MINI,0.11397058823529413,0.000272,3.1e-05,c
halide,standard,3mm,2,MINI,0.11668757841907153,0.00026566666666666666,3.1e-05,c
halide,standard,3mm,3,MINI,0.6788321167883212,4.566666666666667e-05,3.1e-05,c
halide,standard,3mm,4,MINI,0.6788321167883212,4.566666666666667e-05,3.1e-05,c
halide,standard,3mm,5,MINI,0.11327649208282584,0.00027366666666666663,3.1e-05,c
noarr,AllHints,3mm,1,MINI,1.1341463414634145,2.7333333333333335e-05,3.1e-05,c
noarr,AllHints,3mm,2,MINI,1.9787234042553192,1.5666666666666667e-05,3.1e-05,c
noarr,AllHints,3mm,3,MINI,0.8378378378378379,3.7e-05,3.1e-05,c
noarr,AllHints,3mm,4,MINI,1.55,2e-05,3.1e-05,c
noarr,AllHints,3mm,5,MINI,1.0333333333333334,3e-05,3.1e-05,c
noarr,ChooseHints,3mm,1,MINI,3.4444444444444446,9e-06,3.1e-05,c
noarr,ChooseHints,3mm,2,MINI,3.4444444444444446,9e-06,3.1e-05,c
noarr,ChooseHints,3mm,3,MINI,1.1481481481481484,2.6999999999999996e-05,3.1e-05,c
noarr,ChooseHints,3mm,4,MINI,1.3285714285714287,2.3333333333333332e-05,3.1e-05,c
noarr,ChooseHints,3mm,5,MINI,3.4444444444444446,9e-06,3.1e-05,c
noarr,FromPlan,3mm,1,MINI,1.0568181818181819,2.9333333333333333e-05,3.1e-05,c
noarr,FromPlan,3mm,2,MINI,0.9789473684210527,3.1666666666666666e-05,3.1e-05,c
noarr,FromPlan,3mm,3,MINI,1.9375000000000002,1.6e-05,3.1e-05,c
noarr,FromPlan,3mm,4,MINI,1.0689655172413794,2.9e-05,3.1e-05,c
noarr,FromPlan,3mm,5,MINI,0.3263157894736842,9.499999999999999e-05,3.1e-05,c
noarr,Naive,3mm,1,MINI,3.4444444444444446,9e-06,3.1e-05,c
noarr,Naive,3mm,2,MINI,3.5769230769230766,8.666666666666668e-06,3.1e-05,c
noarr,Naive,3mm,3,MINI,3.5769230769230766,8.666666666666668e-06,3.1e-05,c
noarr,Naive,3mm,4,MINI,3.4444444444444446,9e-06,3.1e-05,c
noarr,Naive,3mm,5,MINI,3.4444444444444446,9e-06,3.1e-05,c
noarr,standard,3mm,1,MINI,0.33695652173913043,9.2e-05,3.1e-05,c
noarr,standard,3mm,2,MINI,0.40789473684210525,7.6e-05,3.1e-05,c
noarr,standard,3mm,3,MINI,1.690909090909091,1.8333333333333333e-05,3.1e-05,c
noarr,standard,3mm,4,MINI,1.631578947368421,1.9e-05,3.1e-05,c
noarr,standard,3mm,5,MINI,0.28971962616822433,0.000107,3.1e-05,c
c,AllHints,adi,1,MINI,0.11402985074626866,0.0011166666666666666,0.00012733333333333333,c
c,AllHints,adi,2,MINI,0.2760115606936416,0.00046133333333333334,0.00012733333333333333,c
c,AllHints,adi,3,MINI,0.27621113521330437,0.00046100000000000004,0.00012733333333333333,c
c,AllHints,adi,4,MINI,0.29681429681429683,0.00042899999999999997,0.00012733333333333333,c
c,AllHints,adi,5,MINI,0.11625076080340839,0.0010953333333333334,0.00012733333333333333,c
c,ChooseHints,adi,2,MINI,0.11372432271509378,0.0011196666666666666,0.00012733333333333333,c
c,ChooseHints,adi,3,MINI,0.9973890339425587,0.00012766666666666666,0.00012733333333333333,c
c,ChooseHints,adi,4,MINI,0.11815651098051345,0.0010776666666666667,0.00012733333333333333,c
c,ChooseHints,adi,5,MINI,0.10849190570860551,0.0011736666666666666,0.00012733333333333333,c
c,FromPlan,adi,1,MINI,1.4307116104868913,8.9e-05,0.00012733333333333333,c
c,FromPlan,adi,2,MINI,2.301204819277108,5.5333333333333334e-05,0.00012733333333333333,c
c,FromPlan,adi,3,MINI,1.3356643356643356,9.533333333333334e-05,0.00012733333333333333,c
c,FromPlan,adi,4,MINI,0.46528623629719856,0.00027366666666666663,0.00012733333333333333,c
c,FromPlan,adi,5,MINI,1.4980392156862743,8.5e-05,0.00012733333333333333,c
c,Naive,adi,1,MINI,1.0105820105820105,0.000126,0.00012733333333333333,c
c,Naive,adi,2,MINI,0.8967136150234741,0.000142,0.00012733333333333333,c
c,Naive,adi,3,MINI,1.5916666666666666,8e-05,0.00012733333333333333,c
c,Naive,adi,4,MINI,0.114166168559474,0.0011153333333333334,0.00012733333333333333,c
c,Naive,adi,5,MINI,0.31260229132569556,0.00040733333333333333,0.00012733333333333333,c
c,standard,adi,1,MINI,1.0,0.00012733333333333333,0.00012733333333333333,c
exo,AllHints,adi,1,MINI,0.11743006455579466,0.0010843333333333332,0.00012733333333333333,c
exo,AllHints,adi,2,MINI,0.10873896954170224,0.001171,0.00012733333333333333,c
exo,AllHints,adi,3,MINI,0.11228689006466784,0.001134,0.00012733333333333333,c
exo,AllHints,adi,5,MINI,0.10995970063327576,0.001158,0.00012733333333333333,c
exo,ChooseHints,adi,1,MINI,0.11530335043766979,0.0011043333333333333,0.00012733333333333333,c
exo,ChooseHints,adi,2,MINI,0.11379207625856419,0.001119,0.00012733333333333333,c
exo,ChooseHints,adi,4,MINI,0.11468027619333535,0.0011103333333333332,0.00012733333333333333,c
exo,ChooseHints,adi,5,MINI,0.11396181384248211,0.0011173333333333332,0.00012733333333333333,c
exo,FromPlan,adi,2,MINI,1.0,0.00012733333333333333,0.00012733333333333333,c
exo,FromPlan,adi,4,MINI,0.07795918367346939,0.0016333333333333332,0.00012733333333333333,c
exo,Naive,adi,1,MINI,0.11413205855990438,0.0011156666666666667,0.00012733333333333333,c
exo,Naive,adi,2,MINI,0.11512959614225436,0.001106,0.00012733333333333333,c
exo,Naive,adi,4,MINI,0.11646341463414633,0.0010933333333333333,0.00012733333333333333,c
exo,standard,adi,2,MINI,0.7290076335877861,0.0001746666666666667,0.00012733333333333333,c
exo,standard,adi,3,MINI,0.7009174311926605,0.00018166666666666667,0.00012733333333333333,c
exo,standard,adi,4,MINI,0.7460937499999998,0.0001706666666666667,0.00012733333333333333,c
halide,AllHints,adi,1,MINI,0.0007043746830774904,0.180775,0.00012733333333333333,c
halide,AllHints,adi,3,MINI,0.008219649696604553,0.015491333333333334,0.00012733333333333333,c
halide,ChooseHints,adi,1,MINI,0.02005354611790645,0.006349666666666667,0.00012733333333333333,c
halide,ChooseHints,adi,2,MINI,0.6655052264808363,0.0001913333333333333,0.00012733333333333333,c
halide,ChooseHints,adi,3,MINI,0.00045904964706052,0.27738466666666667,0.00012733333333333333,c
halide,ChooseHints,adi,4,MINI,0.9922077922077922,0.00012833333333333333,0.00012733333333333333,c
halide,FromPlan,adi,3,MINI,1.1753846153846155,0.00010833333333333333,0.00012733333333333333,c
halide,Naive,adi,2,MINI,0.814498933901919,0.00015633333333333333,0.00012733333333333333,c
halide,Naive,adi,4,MINI,0.031913116123642435,0.0039900000000000005,0.00012733333333333333,c
halide,standard,adi,1,MINI,0.845132743362832,0.00015066666666666665,0.00012733333333333333,c
halide,standard,adi,2,MINI,0.8268398268398268,0.000154,0.00012733333333333333,c
halide,standard,adi,3,MINI,0.8470066518847006,0.00015033333333333335,0.00012733333333333333,c
halide,standard,adi,5,MINI,0.8642533936651584,0.00014733333333333333,0.00012733333333333333,c
noarr,AllHints,adi,1,MINI,0.03271948608137045,0.0038916666666666665,0.00012733333333333333,c
noarr,AllHints,adi,2,MINI,0.11488721804511277,0.0011083333333333333,0.00012733333333333333,c
noarr,AllHints,adi,3,MINI,0.03218739467475564,0.003956,0.00012733333333333333,c
noarr,AllHints,adi,4,MINI,0.033217391304347824,0.003833333333333333,0.00012733333333333333,c
noarr,AllHints,adi,5,MINI,0.7564356435643563,0.00016833333333333335,0.00012733333333333333,c
noarr,ChooseHints,adi,1,MINI,0.03304212438370383,0.0038536666666666667,0.00012733333333333333,c
noarr,ChooseHints,adi,2,MINI,1.6050420168067228,7.933333333333333e-05,0.00012733333333333333,c
noarr,ChooseHints,adi,3,MINI,0.03430624158060171,0.0037116666666666665,0.00012733333333333333,c
noarr,ChooseHints,adi,4,MINI,0.032471948316899014,0.003921333333333333,0.00012733333333333333,c
noarr,ChooseHints,adi,5,MINI,0.03249957461289773,0.0039180000000000005,0.00012733333333333333,c
noarr,FromPlan,adi,1,MINI,1.0026246719160106,0.000127,0.00012733333333333333,c
noarr,FromPlan,adi,2,MINI,0.0333129850876428,0.003822333333333334,0.00012733333333333333,c
noarr,FromPlan,adi,3,MINI,0.03291968286797656,0.003868,0.00012733333333333333,c
noarr,FromPlan,adi,4,MINI,1.4980392156862743,8.5e-05,0.00012733333333333333,c
noarr,FromPlan,adi,5,MINI,1.277591973244147,9.966666666666667e-05,0.00012733333333333333,c
noarr,Naive,adi,1,MINI,1.1575757575757575,0.00011,0.00012733333333333333,c
noarr,Naive,adi,2,MINI,1.147147147147147,0.000111,0.00012733333333333333,c
noarr,Naive,adi,5,MINI,1.1235294117647057,0.00011333333333333334,0.00012733333333333333,c
noarr,standard,adi,1,MINI,1.147147147147147,0.000111,0.00012733333333333333,c
noarr,standard,adi,3,MINI,1.0552486187845302,0.00012066666666666667,0.00012733333333333333,c
noarr,standard,adi,4,MINI,1.1402985074626866,0.00011166666666666667,0.00012733333333333333,c
noarr,standard,adi,5,MINI,1.1137026239067056,0.00011433333333333333,0.00012733333333333333,c
c,AllHints,atax,1,MINI,0.022900763358778626,0.000131,3e-06,c
c,AllHints,atax,2,MINI,0.10465116279069768,2.8666666666666668e-05,3e-06,c
c,AllHints,atax,3,MINI,0.4736842105263158,6.333333333333333e-06,3e-06,c
c,AllHints,atax,4,MINI,0.02710843373493976,0.00011066666666666667,3e-06,c
c,AllHints,atax,5,MINI,0.027522935779816515,0.00010899999999999999,3e-06,c
c,ChooseHints,atax,1,MINI,0.4285714285714286,7e-06,3e-06,c
c,ChooseHints,atax,2,MINI,0.21951219512195122,1.3666666666666667e-05,3e-06,c
c,ChooseHints,atax,3,MINI,0.375,8e-06,3e-06,c
c,ChooseHints,atax,4,MINI,0.018633540372670808,0.000161,3e-06,c
c,ChooseHints,atax,5,MINI,0.021428571428571425,0.00014000000000000001,3e-06,c
c,FromPlan,atax,1,MINI,1.2857142857142858,2.333333333333333e-06,3e-06,c
c,FromPlan,atax,3,MINI,1.8000000000000003,1.6666666666666665e-06,3e-06,c
c,FromPlan,atax,4,MINI,1.1250000000000002,2.6666666666666664e-06,3e-06,c
c,FromPlan,atax,5,MINI,1.0,3e-06,3e-06,c
c,Naive,atax,1,MINI,1.1250000000000002,2.6666666666666664e-06,3e-06,c
c,Naive,atax,2,MINI,1.1250000000000002,2.6666666666666664e-06,3e-06,c
c,Naive,atax,3,MINI,1.1250000000000002,2.6666666666666664e-06,3e-06,c
c,Naive,atax,4,MINI,1.5,2e-06,3e-06,c
c,standard,atax,1,MINI,1.0,3e-06,3e-06,c
exo,AllHints,atax,1,MINI,0.08737864077669903,3.433333333333333e-05,3e-06,c
exo,AllHints,atax,2,MINI,0.048913043478260865,6.133333333333334e-05,3e-06,c
exo,AllHints,atax,4,MINI,0.06164383561643836,4.8666666666666666e-05,3e-06,c
exo,ChooseHints,atax,1,MINI,0.03585657370517928,8.366666666666668e-05,3e-06,c
exo,ChooseHints,atax,2,MINI,0.0891089108910891,3.366666666666667e-05,3e-06,c
exo,ChooseHints,atax,3,MINI,0.28125000000000006,1.0666666666666666e-05,3e-06,c
exo,ChooseHints,atax,4,MINI,0.05,5.9999999999999995e-05,3e-06,c
exo,ChooseHints,atax,5,MINI,0.6923076923076922,4.333333333333334e-06,3e-06,c
exo,FromPlan,atax,1,MINI,0.09473684210526316,3.1666666666666666e-05,3e-06,c
exo,FromPlan,atax,2,MINI,0.36000000000000004,8.333333333333332e-06,3e-06,c
exo,FromPlan,atax,4,MINI,0.5624999999999999,5.3333333333333345e-06,3e-06,c
exo,Naive,atax,4,MINI,0.08490566037735849,3.5333333333333336e-05,3e-06,c
exo,standard,atax,1,MINI,0.6923076923076922,4.333333333333334e-06,3e-06,c
exo,standard,atax,2,MINI,0.6923076923076922,4.333333333333334e-06,3e-06,c
exo,standard,atax,3,MINI,0.6923076923076922,4.333333333333334e-06,3e-06,c
exo,standard,atax,4,MINI,0.6428571428571428,4.666666666666667e-06,3e-06,c
exo,standard,atax,5,MINI,0.6923076923076922,4.333333333333334e-06,3e-06,c
halide,Naive,atax,2,MINI,0.0010511562718990889,0.002854,3e-06,c
halide,standard,atax,1,MINI,0.1836734693877551,1.633333333333333e-05,3e-06,c
halide,standard,atax,2,MINI,0.2142857142857143,1.4e-05,3e-06,c
halide,standard,atax,3,MINI,0.21951219512195122,1.3666666666666667e-05,3e-06,c
halide,standard,atax,4,MINI,0.1836734693877551,1.633333333333333e-05,3e-06,c
halide,standard,atax,5,MINI,0.2142857142857143,1.4e-05,3e-06,c
noarr,AllHints,atax,1,MINI,1.5,2e-06,3e-06,c
noarr,AllHints,atax,2,MINI,1.5,2e-06,3e-06,c
noarr,AllHints,atax,3,MINI,0.0011237357972281182,0.002669666666666667,3e-06,c
noarr,AllHints,atax,4,MINI,1.5,2e-06,3e-06,c
noarr,AllHints,atax,5,MINI,0.0030241935483870967,0.000992,3e-06,c
noarr,ChooseHints,atax,1,MINI,1.5,2e-06,3e-06,c
noarr,ChooseHints,atax,2,MINI,1.5,2e-06,3e-06,c
noarr,ChooseHints,atax,3,MINI,0.6,5e-06,3e-06,c
noarr,ChooseHints,atax,4,MINI,1.5,2e-06,3e-06,c
noarr,ChooseHints,atax,5,MINI,1.5,2e-06,3e-06,c
noarr,FromPlan,atax,2,MINI,0.16666666666666666,1.8e-05,3e-06,c
noarr,FromPlan,atax,4,MINI,0.16666666666666666,1.8e-05,3e-06,c
noarr,Naive,atax,1,MINI,1.5,2e-06,3e-06,c
noarr,Naive,atax,2,MINI,1.5,2e-06,3e-06,c
noarr,Naive,atax,3,MINI,1.5,2e-06,3e-06,c
noarr,Naive,atax,4,MINI,1.2857142857142858,2.333333333333333e-06,3e-06,c
noarr,Naive,atax,5,MINI,1.5,2e-06,3e-06,c
noarr,standard,atax,1,MINI,1.5,2e-06,3e-06,c
noarr,standard,atax,2,MINI,1.5,2e-06,3e-06,c
noarr,standard,atax,3,MINI,1.5,2e-06,3e-06,c
noarr,standard,atax,4,MINI,1.5,2e-06,3e-06,c
noarr,standard,atax,5,MINI,1.5,2e-06,3e-06,c
c,AllHints,bicg,1,MINI,0.05042016806722689,0.000119,6e-06,c
c,AllHints,bicg,3,MINI,0.054380664652567974,0.00011033333333333334,6e-06,c
c,AllHints,bicg,4,MINI,0.05027932960893855,0.00011933333333333334,6e-06,c
c,AllHints,bicg,5,MINI,0.056603773584905655,0.00010600000000000002,6e-06,c
c,ChooseHints,bicg,1,MINI,3.0,2e-06,6e-06,c
c,ChooseHints,bicg,2,MINI,0.05960264900662252,0.00010066666666666666,6e-06,c
c,ChooseHints,bicg,3,MINI,0.056074766355140186,0.000107,6e-06,c
c,ChooseHints,bicg,4,MINI,2.2500000000000004,2.6666666666666664e-06,6e-06,c
c,ChooseHints,bicg,5,MINI,0.05750798722044728,0.00010433333333333334,6e-06,c
c,FromPlan,bicg,1,MINI,0.05405405405405406,0.000111,6e-06,c
c,FromPlan,bicg,2,MINI,3.0,2e-06,6e-06,c
c,FromPlan,bicg,3,MINI,3.0,2e-06,6e-06,c
c,FromPlan,bicg,4,MINI,2.5714285714285716,2.333333333333333e-06,6e-06,c
c,FromPlan,bicg,5,MINI,2.2500000000000004,2.6666666666666664e-06,6e-06,c
c,Naive,bicg,1,MINI,2.5714285714285716,2.333333333333333e-06,6e-06,c
c,Naive,bicg,2,MINI,3.0,2e-06,6e-06,c
c,Naive,bicg,3,MINI,2.5714285714285716,2.333333333333333e-06,6e-06,c
c,Naive,bicg,4,MINI,3.0,2e-06,6e-06,c
c,Naive,bicg,5,MINI,2.5714285714285716,2.333333333333333e-06,6e-06,c
c,standard,bicg,1,MINI,1.0,6e-06,6e-06,c
exo,AllHints,bicg,2,MINI,0.17475728155339806,3.433333333333333e-05,6e-06,c
exo,AllHints,bicg,3,MINI,0.9473684210526316,6.333333333333333e-06,6e-06,c
exo,AllHints,bicg,4,MINI,0.1782178217821782,3.366666666666667e-05,6e-06,c
exo,AllHints,bicg,5,MINI,0.17307692307692304,3.466666666666667e-05,6e-06,c
exo,ChooseHints,bicg,1,MINI,0.17647058823529413,3.4e-05,6e-06,c
exo,ChooseHints,bicg,2,MINI,1.6363636363636365,3.6666666666666666e-06,6e-06,c
exo,ChooseHints,bicg,4,MINI,0.75,8e-06,6e-06,c
exo,ChooseHints,bicg,5,MINI,0.09782608695652173,6.133333333333334e-05,6e-06,c
exo,FromPlan,bicg,2,MINI,0.17307692307692304,3.466666666666667e-05,6e-06,c
exo,Naive,bicg,1,MINI,0.7826086956521738,7.666666666666667e-06,6e-06,c
exo,Naive,bicg,2,MINI,0.75,8e-06,6e-06,c
exo,Naive,bicg,3,MINI,1.2857142857142856,4.666666666666667e-06,6e-06,c
exo,Naive,bicg,4,MINI,0.9000000000000001,6.666666666666666e-06,6e-06,c
exo,Naive,bicg,5,MINI,1.0,6e-06,6e-06,c
exo,standard,bicg,1,MINI,0.8181818181818182,7.333333333333333e-06,6e-06,c
exo,standard,bicg,2,MINI,0.9000000000000001,6.666666666666666e-06,6e-06,c
exo,standard,bicg,3,MINI,0.9000000000000001,6.666666666666666e-06,6e-06,c
exo,standard,bicg,4,MINI,0.9000000000000001,6.666666666666666e-06,6e-06,c
exo,standard,bicg,5,MINI,0.8571428571428572,7e-06,6e-06,c
halide,AllHints,bicg,5,MINI,0.019758507135016465,0.00030366666666666666,6e-06,c
halide,FromPlan,bicg,1,MINI,0.0019241047568145375,0.0031183333333333336,6e-06,c
halide,FromPlan,bicg,4,MINI,0.011842105263157895,0.0005066666666666667,6e-06,c
halide,standard,bicg,1,MINI,0.3829787234042553,1.5666666666666667e-05,6e-06,c
halide,standard,bicg,2,MINI,0.4186046511627907,1.4333333333333334e-05,6e-06,c
halide,standard,bicg,3,MINI,0.3913043478260869,1.5333333333333334e-05,6e-06,c
halide,standard,bicg,4,MINI,0.3829787234042553,1.5666666666666667e-05,6e-06,c
halide,standard,bicg,5,MINI,0.375,1.6e-05,6e-06,c
noarr,AllHints,bicg,1,MINI,3.0,2e-06,6e-06,c
noarr,AllHints,bicg,2,MINI,0.0023210831721470018,0.002585,6e-06,c
noarr,AllHints,bicg,3,MINI,3.0,2e-06,6e-06,c
noarr,AllHints,bicg,4,MINI,3.0,2e-06,6e-06,c
noarr,AllHints,bicg,5,MINI,3.0,2e-06,6e-06,c
noarr,ChooseHints,bicg,1,MINI,3.0,2e-06,6e-06,c
noarr,ChooseHints,bicg,2,MINI,1.5,4e-06,6e-06,c
noarr,ChooseHints,bicg,3,MINI,3.0,2e-06,6e-06,c
noarr,ChooseHints,bicg,4,MINI,3.0,2e-06,6e-06,c
noarr,ChooseHints,bicg,5,MINI,3.0,2e-06,6e-06,c
noarr,FromPlan,bicg,2,MINI,0.8571428571428572,7e-06,6e-06,c
noarr,FromPlan,bicg,5,MINI,0.8571428571428572,7e-06,6e-06,c
noarr,Naive,bicg,1,MINI,3.0,2e-06,6e-06,c
noarr,Naive,bicg,2,MINI,3.0,2e-06,6e-06,c
noarr,Naive,bicg,3,MINI,3.0,2e-06,6e-06,c
noarr,Naive,bicg,4,MINI,3.0,2e-06,6e-06,c
noarr,Naive,bicg,5,MINI,3.0,2e-06,6e-06,c
noarr,standard,bicg,1,MINI,1.2,5e-06,6e-06,c
noarr,standard,bicg,2,MINI,1.2,5e-06,6e-06,c
noarr,standard,bicg,3,MINI,1.2,5e-06,6e-06,c
noarr,standard,bicg,4,MINI,1.2,5e-06,6e-06,c
noarr,standard,bicg,5,MINI,1.2,5e-06,6e-06,c
c,AllHints,cholesky,1,MINI,1.0,1.5333333333333334e-05,1.5333333333333334e-05,c
c,AllHints,cholesky,2,MINI,0.8214285714285715,1.8666666666666665e-05,1.5333333333333334e-05,c
c,AllHints,cholesky,3,MINI,0.8679245283018868,1.7666666666666668e-05,1.5333333333333334e-05,c
c,AllHints,cholesky,4,MINI,0.9787234042553192,1.5666666666666667e-05,1.5333333333333334e-05,c
c,AllHints,cholesky,5,MINI,1.0697674418604652,1.4333333333333334e-05,1.5333333333333334e-05,c
c,ChooseHints,cholesky,1,MINI,1.0952380952380953,1.4e-05,1.5333333333333334e-05,c
c,ChooseHints,cholesky,3,MINI,1.0697674418604652,1.4333333333333334e-05,1.5333333333333334e-05,c
c,ChooseHints,cholesky,5,MINI,1.0697674418604652,1.4333333333333334e-05,1.5333333333333334e-05,c
c,FromPlan,cholesky,1,MINI,1.0952380952380953,1.4e-05,1.5333333333333334e-05,c
c,FromPlan,cholesky,2,MINI,1.0952380952380953,1.4e-05,1.5333333333333334e-05,c
c,FromPlan,cholesky,3,MINI,0.9787234042553192,1.5666666666666667e-05,1.5333333333333334e-05,c
c,FromPlan,cholesky,4,MINI,1.1500000000000001,1.3333333333333332e-05,1.5333333333333334e-05,c
c,FromPlan,cholesky,5,MINI,1.2432432432432434,1.2333333333333333e-05,1.5333333333333334e-05,c
c,Naive,cholesky,1,MINI,1.1219512195121952,1.3666666666666667e-05,1.5333333333333334e-05,c
c,Naive,cholesky,2,MINI,1.0222222222222224,1.5e-05,1.5333333333333334e-05,c
c,Naive,cholesky,3,MINI,1.0454545454545456,1.4666666666666666e-05,1.5333333333333334e-05,c
c,Naive,cholesky,4,MINI,1.0,1.5333333333333334e-05,1.5333333333333334e-05,c
c,Naive,cholesky,5,MINI,1.0222222222222224,1.5e-05,1.5333333333333334e-05,c
c,standard,cholesky,1,MINI,1.0,1.5333333333333334e-05,1.5333333333333334e-05,c
exo,AllHints,cholesky,1,MINI,0.9583333333333335,1.6e-05,1.5333333333333334e-05,c
exo,AllHints,cholesky,2,MINI,0.9583333333333335,1.6e-05,1.5333333333333334e-05,c
exo,AllHints,cholesky,3,MINI,0.8070175438596492,1.9e-05,1.5333333333333334e-05,c
exo,AllHints,cholesky,5,MINI,0.8846153846153846,1.7333333333333336e-05,1.5333333333333334e-05,c
exo,ChooseHints,cholesky,2,MINI,0.8518518518518519,1.8e-05,1.5333333333333334e-05,c
exo,ChooseHints,cholesky,3,MINI,0.9019607843137256,1.7e-05,1.5333333333333334e-05,c
exo,ChooseHints,cholesky,4,MINI,0.7076923076923076,2.166666666666667e-05,1.5333333333333334e-05,c
exo,ChooseHints,cholesky,5,MINI,0.9583333333333335,1.6e-05,1.5333333333333334e-05,c
exo,FromPlan,cholesky,1,MINI,0.9583333333333335,1.6e-05,1.5333333333333334e-05,c
exo,FromPlan,cholesky,2,MINI,0.9387755102040818,1.633333333333333e-05,1.5333333333333334e-05,c
exo,FromPlan,cholesky,4,MINI,1.0,1.5333333333333334e-05,1.5333333333333334e-05,c
exo,FromPlan,cholesky,5,MINI,0.9200000000000003,1.6666666666666664e-05,1.5333333333333334e-05,c
exo,Naive,cholesky,1,MINI,0.4893617021276596,3.1333333333333334e-05,1.5333333333333334e-05,c
exo,Naive,cholesky,3,MINI,1.0,1.5333333333333334e-05,1.5333333333333334e-05,c
exo,Naive,cholesky,4,MINI,1.0,1.5333333333333334e-05,1.5333333333333334e-05,c
exo,Naive,cholesky,5,MINI,0.29487179487179493,5.2e-05,1.5333333333333334e-05,c
exo,standard,cholesky,1,MINI,0.8679245283018868,1.7666666666666668e-05,1.5333333333333334e-05,c
exo,standard,cholesky,2,MINI,0.9200000000000003,1.6666666666666664e-05,1.5333333333333334e-05,c
exo,standard,cholesky,3,MINI,0.9019607843137256,1.7e-05,1.5333333333333334e-05,c
exo,standard,cholesky,4,MINI,0.9019607843137256,1.7e-05,1.5333333333333334e-05,c
exo,standard,cholesky,5,MINI,0.9019607843137256,1.7e-05,1.5333333333333334e-05,c
halide,AllHints,cholesky,4,MINI,0.003653693407466243,0.004196666666666667,1.5333333333333334e-05,c
halide,ChooseHints,cholesky,2,MINI,0.21495327102803738,7.133333333333334e-05,1.5333333333333334e-05,c
halide,Naive,cholesky,1,MINI,0.9787234042553192,1.5666666666666667e-05,1.5333333333333334e-05,c
halide,Naive,cholesky,4,MINI,0.6865671641791045,2.2333333333333335e-05,1.5333333333333334e-05,c
halide,standard,cholesky,1,MINI,1.2432432432432434,1.2333333333333333e-05,1.5333333333333334e-05,c
c,AllHints,correlation,1,MINI,0.5441176470588236,4.5333333333333335e-05,2.466666666666667e-05,c
c,AllHints,correlation,2,MINI,0.5285714285714287,4.6666666666666665e-05,2.466666666666667e-05,c
c,AllHints,correlation,3,MINI,0.1205211726384365,0.00020466666666666666,2.466666666666667e-05,c
c,AllHints,correlation,4,MINI,0.06176961602671119,0.00039933333333333335,2.466666666666667e-05,c
c,ChooseHints,correlation,1,MINI,2.055555555555556,1.2e-05,2.466666666666667e-05,c
c,ChooseHints,correlation,2,MINI,2.242424242424242,1.1000000000000001e-05,2.466666666666667e-05,c
c,ChooseHints,correlation,3,MINI,0.7872340425531915,3.1333333333333334e-05,2.466666666666667e-05,c
c,ChooseHints,correlation,5,MINI,0.36453201970443355,6.766666666666667e-05,2.466666666666667e-05,c
c,FromPlan,correlation,1,MINI,2.0000000000000004,1.2333333333333333e-05,2.466666666666667e-05,c
c,FromPlan,correlation,2,MINI,1.8048780487804879,1.3666666666666667e-05,2.466666666666667e-05,c
c,FromPlan,correlation,3,MINI,1.4800000000000004,1.6666666666666664e-05,2.466666666666667e-05,c
c,FromPlan,correlation,4,MINI,1.608695652173913,1.5333333333333334e-05,2.466666666666667e-05,c
c,FromPlan,correlation,5,MINI,1.9473684210526316,1.2666666666666667e-05,2.466666666666667e-05,c
c,Naive,correlation,1,MINI,2.055555555555556,1.2e-05,2.466666666666667e-05,c
c,Naive,correlation,2,MINI,1.2333333333333336,1.9999999999999998e-05,2.466666666666667e-05,c
c,Naive,correlation,3,MINI,2.1764705882352944,1.1333333333333334e-05,2.466666666666667e-05,c
c,Naive,correlation,4,MINI,2.1764705882352944,1.1333333333333334e-05,2.466666666666667e-05,c
c,Naive,correlation,5,MINI,1.9473684210526316,1.2666666666666667e-05,2.466666666666667e-05,c
c,standard,correlation,1,MINI,1.0,2.466666666666667e-05,2.466666666666667e-05,c
exo,AllHints,correlation,1,MINI,0.17703349282296652,0.00013933333333333335,2.466666666666667e-05,c
exo,AllHints,correlation,2,MINI,0.09635416666666669,0.000256,2.466666666666667e-05,c
exo,AllHints,correlation,3,MINI,0.22356495468277948,0.00011033333333333334,2.466666666666667e-05,c
exo,AllHints,correlation,4,MINI,0.14341085271317833,0.00017199999999999998,2.466666666666667e-05,c
exo,AllHints,correlation,5,MINI,0.22981366459627328,0.00010733333333333334,2.466666666666667e-05,c
exo,ChooseHints,correlation,1,MINI,0.162280701754386,0.00015199999999999998,2.466666666666667e-05,c
exo,ChooseHints,correlation,2,MINI,0.12271973466003318,0.000201,2.466666666666667e-05,c
exo,ChooseHints,correlation,3,MINI,0.4180790960451978,5.9e-05,2.466666666666667e-05,c
exo,ChooseHints,correlation,4,MINI,0.2792452830188679,8.833333333333334e-05,2.466666666666667e-05,c
exo,ChooseHints,correlation,5,MINI,0.1316725978647687,0.00018733333333333332,2.466666666666667e-05,c
exo,FromPlan,correlation,2,MINI,1.5102040816326534,1.633333333333333e-05,2.466666666666667e-05,c
exo,FromPlan,correlation,3,MINI,1.6444444444444446,1.5e-05,2.466666666666667e-05,c
exo,FromPlan,correlation,4,MINI,1.5102040816326534,1.633333333333333e-05,2.466666666666667e-05,c
exo,Naive,correlation,2,MINI,1.3962264150943395,1.7666666666666668e-05,2.466666666666667e-05,c
exo,Naive,correlation,3,MINI,0.13909774436090225,0.00017733333333333335,2.466666666666667e-05,c
exo,Naive,correlation,5,MINI,0.21700879765395897,0.00011366666666666666,2.466666666666667e-05,c
exo,standard,correlation,1,MINI,0.840909090909091,2.9333333333333333e-05,2.466666666666667e-05,c
exo,standard,correlation,2,MINI,0.8604651162790699,2.8666666666666668e-05,2.466666666666667e-05,c
exo,standard,correlation,3,MINI,0.840909090909091,2.9333333333333333e-05,2.466666666666667e-05,c
halide,AllHints,correlation,2,MINI,0.0687732342007435,0.0003586666666666667,2.466666666666667e-05,c
halide,standard,correlation,1,MINI,0.00013804090114592603,0.17869100000000002,2.466666666666667e-05,c
halide,standard,correlation,2,MINI,0.0001503667730071323,0.16404333333333332,2.466666666666667e-05,c
halide,standard,correlation,3,MINI,0.000137131759530194,0.17987566666666668,2.466666666666667e-05,c
halide,standard,correlation,4,MINI,0.5606060606060606,4.4000000000000006e-05,2.466666666666667e-05,c
halide,standard,correlation,5,MINI,0.00013656260841963847,0.18062533333333333,2.466666666666667e-05,c
noarr,AllHints,correlation,1,MINI,1.027777777777778,2.4e-05,2.466666666666667e-05,c
noarr,AllHints,correlation,2,MINI,1.0,2.466666666666667e-05,2.466666666666667e-05,c
noarr,AllHints,correlation,3,MINI,0.8915662650602411,2.7666666666666667e-05,2.466666666666667e-05,c
noarr,AllHints,correlation,4,MINI,0.880952380952381,2.8e-05,2.466666666666667e-05,c
noarr,AllHints,correlation,5,MINI,1.027777777777778,2.4e-05,2.466666666666667e-05,c
noarr,ChooseHints,correlation,1,MINI,1.5102040816326534,1.633333333333333e-05,2.466666666666667e-05,c
noarr,ChooseHints,correlation,2,MINI,2.055555555555556,1.2e-05,2.466666666666667e-05,c
noarr,ChooseHints,correlation,3,MINI,0.7184466019417477,3.433333333333333e-05,2.466666666666667e-05,c
noarr,ChooseHints,correlation,4,MINI,1.0422535211267607,2.3666666666666665e-05,2.466666666666667e-05,c
noarr,ChooseHints,correlation,5,MINI,0.9135802469135805,2.6999999999999996e-05,2.466666666666667e-05,c
noarr,FromPlan,correlation,1,MINI,1.0724637681159421,2.3e-05,2.466666666666667e-05,c
noarr,FromPlan,correlation,2,MINI,1.0882352941176472,2.2666666666666668e-05,2.466666666666667e-05,c
noarr,FromPlan,correlation,3,MINI,1.0,2.466666666666667e-05,2.466666666666667e-05,c
noarr,FromPlan,correlation,4,MINI,1.2758620689655173,1.9333333333333333e-05,2.466666666666667e-05,c
noarr,FromPlan,correlation,5,MINI,1.1044776119402986,2.2333333333333335e-05,2.466666666666667e-05,c
noarr,Naive,correlation,1,MINI,2.055555555555556,1.2e-05,2.466666666666667e-05,c
noarr,Naive,correlation,2,MINI,2.055555555555556,1.2e-05,2.466666666666667e-05,c
noarr,Naive,correlation,3,MINI,0.9135802469135805,2.6999999999999996e-05,2.466666666666667e-05,c
noarr,Naive,correlation,4,MINI,1.450980392156863,1.7e-05,2.466666666666667e-05,c
noarr,Naive,correlation,5,MINI,1.2542372881355934,1.9666666666666666e-05,2.466666666666667e-05,c
noarr,standard,correlation,1,MINI,1.027777777777778,2.4e-05,2.466666666666667e-05,c
noarr,standard,correlation,2,MINI,0.8505747126436782,2.9e-05,2.466666666666667e-05,c
noarr,standard,correlation,3,MINI,0.9866666666666667,2.5e-05,2.466666666666667e-05,c
noarr,standard,correlation,4,MINI,1.0136986301369864,2.4333333333333333e-05,2.466666666666667e-05,c
noarr,standard,correlation,5,MINI,0.9736842105263158,2.5333333333333334e-05,2.466666666666667e-05,c
c,AllHints,covariance,1,MINI,0.25870646766169153,0.000134,3.4666666666666665e-05,c
c,AllHints,covariance,2,MINI,1.1555555555555554,3e-05,3.4666666666666665e-05,c
c,AllHints,covariance,3,MINI,0.21052631578947367,0.00016466666666666667,3.4666666666666665e-05,c
c,AllHints,covariance,4,MINI,0.41767068273092367,8.3e-05,3.4666666666666665e-05,c
c,AllHints,covariance,5,MINI,0.24470588235294113,0.00014166666666666668,3.4666666666666665e-05,c
c,ChooseHints,covariance,1,MINI,2.7368421052631575,1.2666666666666667e-05,3.4666666666666665e-05,c
c,ChooseHints,covariance,2,MINI,0.6753246753246753,5.133333333333333e-05,3.4666666666666665e-05,c
c,ChooseHints,covariance,3,MINI,2.6666666666666665,1.3e-05,3.4666666666666665e-05,c
c,ChooseHints,covariance,4,MINI,3.151515151515151,1.1000000000000001e-05,3.4666666666666665e-05,c
c,ChooseHints,covariance,5,MINI,3.151515151515151,1.1000000000000001e-05,3.4666666666666665e-05,c
c,FromPlan,covariance,1,MINI,2.810810810810811,1.2333333333333333e-05,3.4666666666666665e-05,c
c,FromPlan,covariance,2,MINI,2.6666666666666665,1.3e-05,3.4666666666666665e-05,c
c,FromPlan,covariance,3,MINI,2.9714285714285715,1.1666666666666666e-05,3.4666666666666665e-05,c
c,FromPlan,covariance,4,MINI,2.9714285714285715,1.1666666666666666e-05,3.4666666666666665e-05,c
c,FromPlan,covariance,5,MINI,2.6666666666666665,1.3e-05,3.4666666666666665e-05,c
c,Naive,covariance,1,MINI,2.0392156862745097,1.7e-05,3.4666666666666665e-05,c
c,Naive,covariance,2,MINI,1.4857142857142858,2.3333333333333332e-05,3.4666666666666665e-05,c
c,Naive,covariance,3,MINI,2.9714285714285715,1.1666666666666666e-05,3.4666666666666665e-05,c
c,Naive,covariance,4,MINI,1.268292682926829,2.7333333333333335e-05,3.4666666666666665e-05,c
c,Naive,covariance,5,MINI,2.7368421052631575,1.2666666666666667e-05,3.4666666666666665e-05,c
c,standard,covariance,1,MINI,1.0,3.4666666666666665e-05,3.4666666666666665e-05,c
exo,AllHints,covariance,1,MINI,0.2896935933147632,0.00011966666666666667,3.4666666666666665e-05,c
exo,AllHints,covariance,3,MINI,0.042588042588042586,0.0008139999999999999,3.4666666666666665e-05,c
exo,ChooseHints,covariance,1,MINI,0.6081871345029239,5.7e-05,3.4666666666666665e-05,c
exo,ChooseHints,covariance,2,MINI,2.3636363636363638,1.4666666666666666e-05,3.4666666666666665e-05,c
exo,ChooseHints,covariance,3,MINI,0.19771863117870722,0.00017533333333333333,3.4666666666666665e-05,c
exo,ChooseHints,covariance,5,MINI,0.4663677130044843,7.433333333333333e-05,3.4666666666666665e-05,c
exo,FromPlan,covariance,1,MINI,2.122448979591837,1.633333333333333e-05,3.4666666666666665e-05,c
exo,FromPlan,covariance,3,MINI,2.260869565217391,1.5333333333333334e-05,3.4666666666666665e-05,c
exo,FromPlan,covariance,4,MINI,2.311111111111111,1.5e-05,3.4666666666666665e-05,c
exo,FromPlan,covariance,5,MINI,2.08,1.6666666666666664e-05,3.4666666666666665e-05,c
exo,Naive,covariance,1,MINI,2.3636363636363638,1.4666666666666666e-05,3.4666666666666665e-05,c
exo,Naive,covariance,2,MINI,0.5333333333333333,6.5e-05,3.4666666666666665e-05,c
exo,Naive,covariance,3,MINI,0.24999999999999994,0.00013866666666666669,3.4666666666666665e-05,c
exo,Naive,covariance,5,MINI,0.3741007194244604,9.266666666666668e-05,3.4666666666666665e-05,c
exo,standard,covariance,1,MINI,1.3164556962025318,2.633333333333333e-05,3.4666666666666665e-05,c
exo,standard,covariance,2,MINI,1.2839506172839508,2.6999999999999996e-05,3.4666666666666665e-05,c
exo,standard,covariance,3,MINI,1.1304347826086956,3.066666666666667e-05,3.4666666666666665e-05,c
exo,standard,covariance,4,MINI,1.1555555555555557,2.9999999999999997e-05,3.4666666666666665e-05,c
exo,standard,covariance,5,MINI,1.3164556962025318,2.633333333333333e-05,3.4666666666666665e-05,c
halide,ChooseHints,covariance,5,MINI,0.09506398537477148,0.0003646666666666666,3.4666666666666665e-05,c
halide,Naive,covariance,4,MINI,0.012037037037037035,0.00288,3.4666666666666665e-05,c
halide,standard,covariance,2,MINI,0.6190476190476191,5.6e-05,3.4666666666666665e-05,c
halide,standard,covariance,4,MINI,0.0058621272758018145,0.005913666666666667,3.4666666666666665e-05,c
noarr,AllHints,covariance,1,MINI,2.0799999999999996,1.6666666666666667e-05,3.4666666666666665e-05,c
noarr,AllHints,covariance,2,MINI,1.8909090909090909,1.8333333333333333e-05,3.4666666666666665e-05,c
noarr,AllHints,covariance,3,MINI,2.0,1.7333333333333332e-05,3.4666666666666665e-05,c
noarr,AllHints,covariance,4,MINI,1.6774193548387095,2.0666666666666666e-05,3.4666666666666665e-05,c
noarr,AllHints,covariance,5,MINI,1.0833333333333333,3.2e-05,3.4666666666666665e-05,c
noarr,ChooseHints,covariance,1,MINI,3.8518518518518516,9e-06,3.4666666666666665e-05,c
noarr,ChooseHints,covariance,2,MINI,3.7142857142857135,9.333333333333334e-06,3.4666666666666665e-05,c
noarr,ChooseHints,covariance,3,MINI,2.888888888888889,1.2e-05,3.4666666666666665e-05,c
noarr,ChooseHints,covariance,4,MINI,3.4666666666666663,1e-05,3.4666666666666665e-05,c
noarr,ChooseHints,covariance,5,MINI,3.354838709677419,1.0333333333333333e-05,3.4666666666666665e-05,c
noarr,FromPlan,covariance,1,MINI,2.3636363636363638,1.4666666666666666e-05,3.4666666666666665e-05,c
noarr,FromPlan,covariance,2,MINI,2.0799999999999996,1.6666666666666667e-05,3.4666666666666665e-05,c
noarr,FromPlan,covariance,4,MINI,0.9454545454545454,3.6666666666666666e-05,3.4666666666666665e-05,c
noarr,FromPlan,covariance,5,MINI,2.1224489795918364,1.6333333333333335e-05,3.4666666666666665e-05,c
noarr,Naive,covariance,1,MINI,3.151515151515151,1.1000000000000001e-05,3.4666666666666665e-05,c
noarr,Naive,covariance,2,MINI,2.212765957446808,1.5666666666666667e-05,3.4666666666666665e-05,c
noarr,Naive,covariance,3,MINI,3.7142857142857135,9.333333333333334e-06,3.4666666666666665e-05,c
noarr,Naive,covariance,4,MINI,4.333333333333333,8e-06,3.4666666666666665e-05,c
noarr,Naive,covariance,5,MINI,4.333333333333333,8e-06,3.4666666666666665e-05,c
noarr,standard,covariance,1,MINI,1.507246376811594,2.3e-05,3.4666666666666665e-05,c
noarr,standard,covariance,2,MINI,1.4054054054054053,2.466666666666667e-05,3.4666666666666665e-05,c
noarr,standard,covariance,3,MINI,1.4054054054054053,2.466666666666667e-05,3.4666666666666665e-05,c
noarr,standard,covariance,4,MINI,1.4444444444444444,2.4e-05,3.4666666666666665e-05,c
noarr,standard,covariance,5,MINI,1.4246575342465753,2.4333333333333333e-05,3.4666666666666665e-05,c
c,AllHints,deriche,1,MINI,0.443609022556391,0.0003103333333333333,0.00013766666666666666,c
c,AllHints,deriche,2,MINI,1.05089058524173,0.000131,0.00013766666666666666,c
c,AllHints,deriche,3,MINI,0.5543624161073826,0.0002483333333333333,0.00013766666666666666,c
c,AllHints,deriche,4,MINI,1.0455696202531646,0.00013166666666666665,0.00013766666666666666,c
c,AllHints,deriche,5,MINI,0.8428571428571427,0.00016333333333333334,0.00013766666666666666,c
c,ChooseHints,deriche,1,MINI,0.4693181818181818,0.0002933333333333333,0.00013766666666666666,c
c,ChooseHints,deriche,2,MINI,0.4588888888888889,0.0003,0.00013766666666666666,c
c,ChooseHints,deriche,3,MINI,0.48645465253239106,0.000283,0.00013766666666666666,c
c,ChooseHints,deriche,4,MINI,0.5061274509803921,0.000272,0.00013766666666666666,c
c,ChooseHints,deriche,5,MINI,0.19263059701492535,0.0007146666666666667,0.00013766666666666666,c
c,FromPlan,deriche,1,MINI,1.3452768729641693,0.00010233333333333333,0.00013766666666666666,c
c,FromPlan,deriche,2,MINI,1.2668711656441716,0.00010866666666666667,0.00013766666666666666,c
c,FromPlan,deriche,3,MINI,1.3152866242038217,0.00010466666666666666,0.00013766666666666666,c
c,FromPlan,deriche,4,MINI,1.214705882352941,0.00011333333333333334,0.00013766666666666666,c
c,FromPlan,deriche,5,MINI,1.1732954545454546,0.00011733333333333333,0.00013766666666666666,c
c,Naive,deriche,1,MINI,1.3409090909090908,0.00010266666666666666,0.00013766666666666666,c
c,Naive,deriche,2,MINI,1.454225352112676,9.466666666666667e-05,0.00013766666666666666,c
c,Naive,deriche,3,MINI,1.0671834625322996,0.00012900000000000002,0.00013766666666666666,c
c,Naive,deriche,4,MINI,1.019753086419753,0.000135,0.00013766666666666666,c
c,Naive,deriche,5,MINI,1.0147420147420148,0.00013566666666666667,0.00013766666666666666,c
c,standard,deriche,1,MINI,1.0,0.00013766666666666666,0.00013766666666666666,c
exo,AllHints,deriche,1,MINI,0.06578528193692258,0.0020926666666666667,0.00013766666666666666,c
exo,AllHints,deriche,2,MINI,0.3940839694656489,0.0003493333333333333,0.00013766666666666666,c
exo,ChooseHints,deriche,2,MINI,0.3940839694656489,0.0003493333333333333,0.00013766666666666666,c
exo,FromPlan,deriche,3,MINI,1.0024271844660193,0.00013733333333333336,0.00013766666666666666,c
exo,Naive,deriche,5,MINI,1.0248138957816377,0.00013433333333333334,0.00013766666666666666,c
exo,standard,deriche,3,MINI,0.8586278586278586,0.00016033333333333332,0.00013766666666666666,c
exo,standard,deriche,4,MINI,0.8568464730290456,0.00016066666666666668,0.00013766666666666666,c
exo,standard,deriche,5,MINI,0.839430894308943,0.000164,0.00013766666666666666,c
halide,AllHints,deriche,1,MINI,0.009502116694275722,0.014488000000000001,0.00013766666666666666,c
halide,AllHints,deriche,2,MINI,0.1498005077983315,0.000919,0.00013766666666666666,c
halide,AllHints,deriche,3,MINI,0.034087157477715416,0.004038666666666667,0.00013766666666666666,c
halide,ChooseHints,deriche,2,MINI,0.04248097099362271,0.0032406666666666664,0.00013766666666666666,c
halide,ChooseHints,deriche,3,MINI,0.011846030289123451,0.011621333333333332,0.00013766666666666666,c
halide,ChooseHints,deriche,4,MINI,0.2067067067067067,0.0006659999999999999,0.00013766666666666666,c
halide,ChooseHints,deriche,5,MINI,0.1994205697730565,0.0006903333333333333,0.00013766666666666666,c
halide,FromPlan,deriche,1,MINI,0.9450800915331807,0.00014566666666666667,0.00013766666666666666,c
halide,FromPlan,deriche,2,MINI,0.04894524768902583,0.002812666666666667,0.00013766666666666666,c
halide,FromPlan,deriche,4,MINI,0.029597248100902963,0.004651333333333334,0.00013766666666666666,c
halide,Naive,deriche,5,MINI,0.7454873646209386,0.00018466666666666666,0.00013766666666666666,c
halide,standard,deriche,1,MINI,0.2822966507177034,0.00048766666666666663,0.00013766666666666666,c
noarr,AllHints,deriche,1,MINI,0.6210526315789473,0.00022166666666666667,0.00013766666666666666,c
noarr,AllHints,deriche,2,MINI,0.6020408163265306,0.00022866666666666665,0.00013766666666666666,c
noarr,AllHints,deriche,3,MINI,1.9666666666666663,7.000000000000001e-05,0.00013766666666666666,c
noarr,ChooseHints,deriche,2,MINI,1.8114035087719296,7.6e-05,0.00013766666666666666,c
noarr,ChooseHints,deriche,4,MINI,2.2324324324324323,6.166666666666667e-05,0.00013766666666666666,c
noarr,ChooseHints,deriche,5,MINI,0.018462226195797942,0.007456666666666667,0.00013766666666666666,c
noarr,FromPlan,deriche,1,MINI,1.9389671361502345,7.1e-05,0.00013766666666666666,c
noarr,FromPlan,deriche,2,MINI,0.053139475038600094,0.002590666666666667,0.00013766666666666666,c
noarr,FromPlan,deriche,3,MINI,2.3872832369942194,5.766666666666667e-05,0.00013766666666666666,c
noarr,FromPlan,deriche,4,MINI,2.085858585858586,6.599999999999999e-05,0.00013766666666666666,c
noarr,FromPlan,deriche,5,MINI,1.8858447488584473,7.3e-05,0.00013766666666666666,c
noarr,Naive,deriche,1,MINI,1.699588477366255,8.1e-05,0.00013766666666666666,c
noarr,Naive,deriche,3,MINI,1.8603603603603605,7.4e-05,0.00013766666666666666,c
noarr,Naive,deriche,4,MINI,2.244565217391304,6.133333333333334e-05,0.00013766666666666666,c
noarr,Naive,deriche,5,MINI,3.5,3.933333333333333e-05,0.00013766666666666666,c
noarr,standard,deriche,1,MINI,2.3333333333333335,5.9e-05,0.00013766666666666666,c
noarr,standard,deriche,2,MINI,1.8355555555555556,7.5e-05,0.00013766666666666666,c
noarr,standard,deriche,3,MINI,1.8944954128440366,7.266666666666667e-05,0.00013766666666666666,c
noarr,standard,deriche,4,MINI,2.0344827586206895,6.766666666666667e-05,0.00013766666666666666,c
noarr,standard,deriche,5,MINI,2.185185185185185,6.3e-05,0.00013766666666666666,c
c,AllHints,doitgen,1,MINI,0.21176470588235294,5.666666666666667e-05,1.2e-05,c
c,AllHints,doitgen,2,MINI,0.20454545454545456,5.8666666666666665e-05,1.2e-05,c
c,AllHints,doitgen,3,MINI,0.2589928057553957,4.633333333333334e-05,1.2e-05,c
c,AllHints,doitgen,4,MINI,0.22929936305732487,5.233333333333333e-05,1.2e-05,c
c,AllHints,doitgen,5,MINI,0.22500000000000003,5.3333333333333326e-05,1.2e-05,c
c,ChooseHints,doitgen,1,MINI,1.8000000000000003,6.666666666666666e-06,1.2e-05,c
c,ChooseHints,doitgen,2,MINI,0.24161073825503357,4.966666666666666e-05,1.2e-05,c
c,ChooseHints,doitgen,3,MINI,0.2975206611570248,4.0333333333333336e-05,1.2e-05,c
c,ChooseHints,doitgen,4,MINI,0.2608695652173913,4.6e-05,1.2e-05,c
c,ChooseHints,doitgen,5,MINI,0.2482758620689655,4.8333333333333334e-05,1.2e-05,c
c,FromPlan,doitgen,1,MINI,1.7142857142857144,7e-06,1.2e-05,c
c,FromPlan,doitgen,2,MINI,1.6363636363636365,7.333333333333333e-06,1.2e-05,c
c,FromPlan,doitgen,3,MINI,1.8000000000000003,6.666666666666666e-06,1.2e-05,c
c,FromPlan,doitgen,4,MINI,1.8947368421052633,6.333333333333333e-06,1.2e-05,c
c,FromPlan,doitgen,5,MINI,1.7142857142857144,7e-06,1.2e-05,c
c,Naive,doitgen,1,MINI,1.7142857142857144,7e-06,1.2e-05,c
c,Naive,doitgen,2,MINI,1.8947368421052633,6.333333333333333e-06,1.2e-05,c
c,Naive,doitgen,3,MINI,1.8000000000000003,6.666666666666666e-06,1.2e-05,c
c,Naive,doitgen,4,MINI,1.6363636363636365,7.333333333333333e-06,1.2e-05,c
c,Naive,doitgen,5,MINI,1.8947368421052633,6.333333333333333e-06,1.2e-05,c
c,standard,doitgen,1,MINI,1.0,1.2e-05,1.2e-05,c
exo,AllHints,doitgen,1,MINI,0.002923026956804157,0.004105333333333333,1.2e-05,c
exo,AllHints,doitgen,2,MINI,0.036734693877551024,0.0003266666666666667,1.2e-05,c
exo,AllHints,doitgen,3,MINI,0.25,4.8e-05,1.2e-05,c
exo,AllHints,doitgen,4,MINI,0.03567888999008919,0.0003363333333333334,1.2e-05,c
exo,AllHints,doitgen,5,MINI,0.037037037037037035,0.000324,1.2e-05,c
exo,ChooseHints,doitgen,1,MINI,0.03699897225077081,0.0003243333333333333,1.2e-05,c
exo,ChooseHints,doitgen,2,MINI,0.035225048923679066,0.00034066666666666664,1.2e-05,c
exo,ChooseHints,doitgen,3,MINI,0.03825717321997874,0.0003136666666666667,1.2e-05,c
exo,ChooseHints,doitgen,4,MINI,1.6363636363636365,7.333333333333333e-06,1.2e-05,c
exo,FromPlan,doitgen,2,MINI,1.3846153846153844,8.666666666666668e-06,1.2e-05,c
exo,FromPlan,doitgen,4,MINI,1.5652173913043477,7.666666666666667e-06,1.2e-05,c
exo,FromPlan,doitgen,5,MINI,1.6363636363636365,7.333333333333333e-06,1.2e-05,c
exo,Naive,doitgen,2,MINI,0.631578947368421,1.9e-05,1.2e-05,c
exo,Naive,doitgen,3,MINI,0.75,1.6e-05,1.2e-05,c
exo,Naive,doitgen,4,MINI,0.2727272727272727,4.4000000000000006e-05,1.2e-05,c
exo,Naive,doitgen,5,MINI,1.4400000000000002,8.333333333333332e-06,1.2e-05,c
exo,standard,doitgen,1,MINI,0.6792452830188679,1.7666666666666668e-05,1.2e-05,c
exo,standard,doitgen,2,MINI,0.6792452830188679,1.7666666666666668e-05,1.2e-05,c
exo,standard,doitgen,3,MINI,0.6666666666666666,1.8e-05,1.2e-05,c
exo,standard,doitgen,4,MINI,0.6666666666666666,1.8e-05,1.2e-05,c
exo,standard,doitgen,5,MINI,0.6792452830188679,1.7666666666666668e-05,1.2e-05,c
halide,standard,doitgen,3,MINI,0.43373493975903615,2.7666666666666667e-05,1.2e-05,c
halide,standard,doitgen,4,MINI,0.4931506849315069,2.4333333333333333e-05,1.2e-05,c
halide,standard,doitgen,5,MINI,0.5,2.4e-05,1.2e-05,c
noarr,AllHints,doitgen,1,MINI,2.4,5e-06,1.2e-05,c
noarr,AllHints,doitgen,2,MINI,2.4,5e-06,1.2e-05,c
noarr,AllHints,doitgen,3,MINI,2.571428571428571,4.666666666666667e-06,1.2e-05,c
noarr,AllHints,doitgen,4,MINI,2.4,5e-06,1.2e-05,c
noarr,AllHints,doitgen,5,MINI,2.4,5e-06,1.2e-05,c
noarr,ChooseHints,doitgen,1,MINI,2.571428571428571,4.666666666666667e-06,1.2e-05,c
noarr,ChooseHints,doitgen,2,MINI,2.4,5e-06,1.2e-05,c
noarr,ChooseHints,doitgen,3,MINI,2.4,5e-06,1.2e-05,c
noarr,ChooseHints,doitgen,4,MINI,2.4,5e-06,1.2e-05,c
noarr,ChooseHints,doitgen,5,MINI,2.4,5e-06,1.2e-05,c
noarr,FromPlan,doitgen,1,MINI,2.4,5e-06,1.2e-05,c
noarr,FromPlan,doitgen,2,MINI,1.2,1e-05,1.2e-05,c
noarr,FromPlan,doitgen,3,MINI,1.3333333333333333,9e-06,1.2e-05,c
noarr,FromPlan,doitgen,4,MINI,2.4,5e-06,1.2e-05,c
noarr,FromPlan,doitgen,5,MINI,2.0,6e-06,1.2e-05,c
noarr,Naive,doitgen,1,MINI,2.4,5e-06,1.2e-05,c
noarr,Naive,doitgen,2,MINI,2.4,5e-06,1.2e-05,c
noarr,Naive,doitgen,3,MINI,2.4,5e-06,1.2e-05,c
noarr,Naive,doitgen,4,MINI,2.4,5e-06,1.2e-05,c
noarr,Naive,doitgen,5,MINI,2.4,5e-06,1.2e-05,c
noarr,standard,doitgen,1,MINI,1.3333333333333333,9e-06,1.2e-05,c
noarr,standard,doitgen,2,MINI,1.2,1e-05,1.2e-05,c
noarr,standard,doitgen,3,MINI,1.3333333333333333,9e-06,1.2e-05,c
noarr,standard,doitgen,5,MINI,1.2,1e-05,1.2e-05,c
c,AllHints,durbin,1,MINI,1.25,2.6666666666666664e-06,3.333333333333333e-06,c
c,AllHints,durbin,3,MINI,1.4285714285714286,2.333333333333333e-06,3.333333333333333e-06,c
c,AllHints,durbin,4,MINI,1.25,2.6666666666666664e-06,3.333333333333333e-06,c
c,AllHints,durbin,5,MINI,1.6666666666666665,2e-06,3.333333333333333e-06,c
c,ChooseHints,durbin,1,MINI,1.4285714285714286,2.333333333333333e-06,3.333333333333333e-06,c
c,ChooseHints,durbin,2,MINI,1.111111111111111,3e-06,3.333333333333333e-06,c
c,ChooseHints,durbin,3,MINI,1.4285714285714286,2.333333333333333e-06,3.333333333333333e-06,c
c,ChooseHints,durbin,4,MINI,1.4285714285714286,2.333333333333333e-06,3.333333333333333e-06,c
c,ChooseHints,durbin,5,MINI,1.111111111111111,3e-06,3.333333333333333e-06,c
c,FromPlan,durbin,1,MINI,1.25,2.6666666666666664e-06,3.333333333333333e-06,c
c,FromPlan,durbin,2,MINI,1.6666666666666665,2e-06,3.333333333333333e-06,c
c,FromPlan,durbin,3,MINI,1.4285714285714286,2.333333333333333e-06,3.333333333333333e-06,c
c,FromPlan,durbin,4,MINI,1.111111111111111,3e-06,3.333333333333333e-06,c
c,FromPlan,durbin,5,MINI,1.4285714285714286,2.333333333333333e-06,3.333333333333333e-06,c
c,Naive,durbin,1,MINI,1.25,2.6666666666666664e-06,3.333333333333333e-06,c
c,Naive,durbin,2,MINI,1.25,2.6666666666666664e-06,3.333333333333333e-06,c
c,Naive,durbin,3,MINI,1.4285714285714286,2.333333333333333e-06,3.333333333333333e-06,c
c,Naive,durbin,4,MINI,1.4285714285714286,2.333333333333333e-06,3.333333333333333e-06,c
c,Naive,durbin,5,MINI,1.4285714285714286,2.333333333333333e-06,3.333333333333333e-06,c
c,standard,durbin,1,MINI,1.0,3.333333333333333e-06,3.333333333333333e-06,c
exo,AllHints,durbin,1,MINI,1.25,2.6666666666666664e-06,3.333333333333333e-06,c
exo,AllHints,durbin,2,MINI,0.6666666666666665,5e-06,3.333333333333333e-06,c
exo,AllHints,durbin,3,MINI,0.001631587534671235,0.002043,3.333333333333333e-06,c
exo,ChooseHints,durbin,1,MINI,1.111111111111111,3e-06,3.333333333333333e-06,c
exo,ChooseHints,durbin,2,MINI,0.3846153846153845,8.666666666666668e-06,3.333333333333333e-06,c
exo,ChooseHints,durbin,3,MINI,0.6666666666666665,5e-06,3.333333333333333e-06,c
exo,ChooseHints,durbin,4,MINI,0.0017041581458759373,0.001956,3.333333333333333e-06,c
exo,FromPlan,durbin,2,MINI,0.5555555555555555,6e-06,3.333333333333333e-06,c
exo,FromPlan,durbin,5,MINI,1.25,2.6666666666666664e-06,3.333333333333333e-06,c
exo,Naive,durbin,3,MINI,0.8333333333333333,4e-06,3.333333333333333e-06,c
exo,Naive,durbin,4,MINI,1.111111111111111,3e-06,3.333333333333333e-06,c
exo,standard,durbin,1,MINI,0.6666666666666665,5e-06,3.333333333333333e-06,c
exo,standard,durbin,2,MINI,0.6666666666666665,5e-06,3.333333333333333e-06,c
exo,standard,durbin,3,MINI,0.6666666666666665,5e-06,3.333333333333333e-06,c
exo,standard,durbin,4,MINI,0.7142857142857141,4.666666666666667e-06,3.333333333333333e-06,c
exo,standard,durbin,5,MINI,0.6666666666666665,5e-06,3.333333333333333e-06,c
halide,FromPlan,durbin,3,MINI,0.01015228426395939,0.0003283333333333333,3.333333333333333e-06,c
halide,standard,durbin,4,MINI,0.03496503496503496,9.533333333333334e-05,3.333333333333333e-06,c
noarr,AllHints,durbin,1,MINI,1.6666666666666665,2e-06,3.333333333333333e-06,c
noarr,AllHints,durbin,2,MINI,1.6666666666666665,2e-06,3.333333333333333e-06,c
noarr,AllHints,durbin,3,MINI,1.6666666666666665,2e-06,3.333333333333333e-06,c
noarr,AllHints,durbin,4,MINI,1.6666666666666665,2e-06,3.333333333333333e-06,c
noarr,AllHints,durbin,5,MINI,1.6666666666666665,2e-06,3.333333333333333e-06,c
noarr,ChooseHints,durbin,1,MINI,0.8333333333333333,4e-06,3.333333333333333e-06,c
noarr,ChooseHints,durbin,2,MINI,1.6666666666666665,2e-06,3.333333333333333e-06,c
noarr,ChooseHints,durbin,3,MINI,0.8333333333333333,4e-06,3.333333333333333e-06,c
noarr,ChooseHints,durbin,4,MINI,1.6666666666666665,2e-06,3.333333333333333e-06,c
noarr,ChooseHints,durbin,5,MINI,1.6666666666666665,2e-06,3.333333333333333e-06,c
noarr,FromPlan,durbin,1,MINI,1.6666666666666665,2e-06,3.333333333333333e-06,c
noarr,FromPlan,durbin,2,MINI,1.6666666666666665,2e-06,3.333333333333333e-06,c
noarr,FromPlan,durbin,3,MINI,1.6666666666666665,2e-06,3.333333333333333e-06,c
noarr,FromPlan,durbin,4,MINI,1.6666666666666665,2e-06,3.333333333333333e-06,c
noarr,FromPlan,durbin,5,MINI,1.6666666666666665,2e-06,3.333333333333333e-06,c
noarr,Naive,durbin,1,MINI,1.6666666666666665,2e-06,3.333333333333333e-06,c
noarr,Naive,durbin,2,MINI,0.6666666666666665,5e-06,3.333333333333333e-06,c
noarr,Naive,durbin,3,MINI,1.6666666666666665,2e-06,3.333333333333333e-06,c
noarr,Naive,durbin,4,MINI,1.6666666666666665,2e-06,3.333333333333333e-06,c
noarr,Naive,durbin,5,MINI,1.6666666666666665,2e-06,3.333333333333333e-06,c
noarr,standard,durbin,1,MINI,0.6666666666666665,5e-06,3.333333333333333e-06,c
noarr,standard,durbin,2,MINI,0.8333333333333333,4e-06,3.333333333333333e-06,c
noarr,standard,durbin,3,MINI,0.6666666666666665,5e-06,3.333333333333333e-06,c
noarr,standard,durbin,5,MINI,0.588235294117647,5.666666666666667e-06,3.333333333333333e-06,c
c,AllHints,fdtd-2d,1,MINI,0.03676470588235294,0.00068,2.5e-05,c
c,AllHints,fdtd-2d,2,MINI,0.030144694533762062,0.0008293333333333333,2.5e-05,c
c,AllHints,fdtd-2d,4,MINI,0.03036437246963563,0.0008233333333333334,2.5e-05,c
c,ChooseHints,fdtd-2d,2,MINI,0.037350597609561755,0.0006693333333333333,2.5e-05,c
c,ChooseHints,fdtd-2d,3,MINI,0.037018756169792694,0.0006753333333333333,2.5e-05,c
c,ChooseHints,fdtd-2d,5,MINI,0.03890041493775934,0.0006426666666666667,2.5e-05,c
c,FromPlan,fdtd-2d,1,MINI,1.3888888888888888,1.8e-05,2.5e-05,c
c,FromPlan,fdtd-2d,2,MINI,1.4150943396226414,1.7666666666666668e-05,2.5e-05,c
c,FromPlan,fdtd-2d,3,MINI,0.9493670886075951,2.633333333333333e-05,2.5e-05,c
c,FromPlan,fdtd-2d,5,MINI,0.8241758241758242,3.0333333333333333e-05,2.5e-05,c
c,Naive,fdtd-2d,1,MINI,1.3888888888888888,1.8e-05,2.5e-05,c
c,Naive,fdtd-2d,2,MINI,1.4423076923076923,1.7333333333333336e-05,2.5e-05,c
c,Naive,fdtd-2d,3,MINI,1.4150943396226414,1.7666666666666668e-05,2.5e-05,c
c,Naive,fdtd-2d,4,MINI,1.3888888888888888,1.8e-05,2.5e-05,c
c,Naive,fdtd-2d,5,MINI,0.625,4e-05,2.5e-05,c
c,standard,fdtd-2d,1,MINI,1.0,2.5e-05,2.5e-05,c
exo,AllHints,fdtd-2d,3,MINI,0.012662502110417017,0.0019743333333333336,2.5e-05,c
exo,AllHints,fdtd-2d,4,MINI,0.01248335552596538,0.0020026666666666665,2.5e-05,c
exo,AllHints,fdtd-2d,5,MINI,0.015664160401002505,0.0015960000000000002,2.5e-05,c
exo,ChooseHints,fdtd-2d,4,MINI,0.012325390304026294,0.0020283333333333334,2.5e-05,c
exo,FromPlan,fdtd-2d,2,MINI,0.5769230769230769,4.333333333333334e-05,2.5e-05,c
exo,FromPlan,fdtd-2d,4,MINI,0.6048387096774194,4.133333333333333e-05,2.5e-05,c
exo,Naive,fdtd-2d,1,MINI,0.012683916793505834,0.001971,2.5e-05,c
exo,Naive,fdtd-2d,2,MINI,0.016530747189772977,0.0015123333333333334,2.5e-05,c
exo,Naive,fdtd-2d,3,MINI,0.5639097744360901,4.433333333333334e-05,2.5e-05,c
exo,standard,fdtd-2d,1,MINI,0.6147540983606558,4.066666666666667e-05,2.5e-05,c
exo,standard,fdtd-2d,2,MINI,0.6818181818181819,3.6666666666666666e-05,2.5e-05,c
exo,standard,fdtd-2d,3,MINI,0.7009345794392523,3.566666666666667e-05,2.5e-05,c
exo,standard,fdtd-2d,4,MINI,0.6880733944954128,3.633333333333333e-05,2.5e-05,c
exo,standard,fdtd-2d,5,MINI,0.6880733944954128,3.633333333333333e-05,2.5e-05,c
halide,AllHints,fdtd-2d,5,MINI,0.016603940668585344,0.0015056666666666667,2.5e-05,c
halide,ChooseHints,fdtd-2d,5,MINI,0.002239140170174653,0.011165,2.5e-05,c
halide,FromPlan,fdtd-2d,4,MINI,0.002234071073247743,0.011190333333333335,2.5e-05,c
halide,Naive,fdtd-2d,1,MINI,0.0012895460797799176,0.019386666666666667,2.5e-05,c
halide,Naive,fdtd-2d,5,MINI,0.01498800959232614,0.001668,2.5e-05,c
halide,standard,fdtd-2d,1,MINI,0.13761467889908258,0.00018166666666666667,2.5e-05,c
halide,standard,fdtd-2d,3,MINI,0.18248175182481755,0.000137,2.5e-05,c
halide,standard,fdtd-2d,5,MINI,0.1744186046511628,0.00014333333333333334,2.5e-05,c
noarr,AllHints,fdtd-2d,1,MINI,0.011408579251597202,0.0021913333333333333,2.5e-05,c
noarr,AllHints,fdtd-2d,4,MINI,0.005942947702060222,0.004206666666666667,2.5e-05,c
noarr,AllHints,fdtd-2d,5,MINI,0.9146341463414634,2.7333333333333335e-05,2.5e-05,c
noarr,ChooseHints,fdtd-2d,1,MINI,0.02182770663562282,0.0011453333333333333,2.5e-05,c
noarr,ChooseHints,fdtd-2d,3,MINI,0.004664759298420202,0.005359333333333333,2.5e-05,c
noarr,ChooseHints,fdtd-2d,5,MINI,0.011420740063956145,0.002189,2.5e-05,c
noarr,FromPlan,fdtd-2d,2,MINI,0.6696428571428572,3.733333333333333e-05,2.5e-05,c
noarr,FromPlan,fdtd-2d,3,MINI,1.0135135135135136,2.4666666666666665e-05,2.5e-05,c
noarr,FromPlan,fdtd-2d,5,MINI,0.6944444444444444,3.6e-05,2.5e-05,c
noarr,Naive,fdtd-2d,1,MINI,1.0135135135135136,2.4666666666666665e-05,2.5e-05,c
noarr,Naive,fdtd-2d,2,MINI,1.0,2.5e-05,2.5e-05,c
noarr,Naive,fdtd-2d,3,MINI,0.9036144578313253,2.7666666666666667e-05,2.5e-05,c
noarr,Naive,fdtd-2d,4,MINI,0.4310344827586207,5.8e-05,2.5e-05,c
noarr,standard,fdtd-2d,1,MINI,0.8928571428571429,2.8e-05,2.5e-05,c
noarr,standard,fdtd-2d,2,MINI,1.0135135135135136,2.4666666666666665e-05,2.5e-05,c
noarr,standard,fdtd-2d,3,MINI,0.8928571428571429,2.8e-05,2.5e-05,c
noarr,standard,fdtd-2d,4,MINI,0.9146341463414634,2.7333333333333335e-05,2.5e-05,c
noarr,standard,fdtd-2d,5,MINI,0.9259259259259262,2.6999999999999996e-05,2.5e-05,c
c,AllHints,floyd-warshall,1,MINI,0.18391935087287928,0.0013556666666666667,0.00024933333333333334,c
c,AllHints,floyd-warshall,2,MINI,0.18195086353685233,0.0013703333333333334,0.00024933333333333334,c
c,AllHints,floyd-warshall,3,MINI,0.14615084017194216,0.001706,0.00024933333333333334,c
c,AllHints,floyd-warshall,4,MINI,0.6096169519152405,0.000409,0.00024933333333333334,c
c,AllHints,floyd-warshall,5,MINI,1.3333333333333335,0.000187,0.00024933333333333334,c
c,ChooseHints,floyd-warshall,1,MINI,0.1795056395488361,0.0013889999999999998,0.00024933333333333334,c
c,ChooseHints,floyd-warshall,2,MINI,1.8653366583541147,0.00013366666666666667,0.00024933333333333334,c
c,ChooseHints,floyd-warshall,3,MINI,0.6757000903342367,0.00036899999999999997,0.00024933333333333334,c
c,ChooseHints,floyd-warshall,4,MINI,0.1633544442017908,0.0015263333333333333,0.00024933333333333334,c
c,ChooseHints,floyd-warshall,5,MINI,0.5658093797276853,0.0004406666666666667,0.00024933333333333334,c
c,FromPlan,floyd-warshall,1,MINI,4.479041916167665,5.566666666666667e-05,0.00024933333333333334,c
c,FromPlan,floyd-warshall,2,MINI,4.087431693989071,6.1e-05,0.00024933333333333334,c
c,FromPlan,floyd-warshall,3,MINI,4.42603550295858,5.633333333333333e-05,0.00024933333333333334,c
c,FromPlan,floyd-warshall,4,MINI,4.323699421965318,5.766666666666667e-05,0.00024933333333333334,c
c,FromPlan,floyd-warshall,5,MINI,1.2384105960264902,0.00020133333333333334,0.00024933333333333334,c
c,Naive,floyd-warshall,1,MINI,2.07202216066482,0.00012033333333333334,0.00024933333333333334,c
c,Naive,floyd-warshall,2,MINI,1.76,0.00014166666666666668,0.00024933333333333334,c
c,Naive,floyd-warshall,3,MINI,2.77037037037037,9e-05,0.00024933333333333334,c
c,Naive,floyd-warshall,4,MINI,0.5471836137527432,0.0004556666666666667,0.00024933333333333334,c
c,Naive,floyd-warshall,5,MINI,2.6619217081850537,9.366666666666666e-05,0.00024933333333333334,c
c,standard,floyd-warshall,1,MINI,1.0,0.00024933333333333334,0.00024933333333333334,c
exo,AllHints,floyd-warshall,1,MINI,0.15365653245686114,0.0016226666666666666,0.00024933333333333334,c
exo,AllHints,floyd-warshall,2,MINI,1.2487479131886479,0.00019966666666666665,0.00024933333333333334,c
exo,AllHints,floyd-warshall,3,MINI,0.17286803790154842,0.0014423333333333334,0.00024933333333333334,c
exo,AllHints,floyd-warshall,4,MINI,0.1408397665223122,0.0017703333333333332,0.00024933333333333334,c
exo,AllHints,floyd-warshall,5,MINI,0.17796811801094456,0.0014010000000000001,0.00024933333333333334,c
exo,ChooseHints,floyd-warshall,1,MINI,0.15403624382207579,0.0016186666666666667,0.00024933333333333334,c
exo,ChooseHints,floyd-warshall,4,MINI,0.1553156146179402,0.0016053333333333334,0.00024933333333333334,c
exo,FromPlan,floyd-warshall,1,MINI,0.7555555555555555,0.00033,0.00024933333333333334,c
exo,FromPlan,floyd-warshall,2,MINI,0.18284038132485944,0.0013636666666666667,0.00024933333333333334,c
exo,FromPlan,floyd-warshall,3,MINI,0.7857142857142857,0.00031733333333333337,0.00024933333333333334,c
exo,FromPlan,floyd-warshall,4,MINI,0.9155446756425948,0.00027233333333333336,0.00024933333333333334,c
exo,FromPlan,floyd-warshall,5,MINI,0.7767393561786086,0.000321,0.00024933333333333334,c
exo,Naive,floyd-warshall,1,MINI,1.272108843537415,0.000196,0.00024933333333333334,c
exo,Naive,floyd-warshall,3,MINI,0.15206342752591992,0.0016396666666666667,0.00024933333333333334,c
exo,Naive,floyd-warshall,5,MINI,0.17395348837209304,0.0014333333333333333,0.00024933333333333334,c
exo,standard,floyd-warshall,1,MINI,0.9280397022332506,0.0002686666666666667,0.00024933333333333334,c
exo,standard,floyd-warshall,2,MINI,0.9268897149938043,0.000269,0.00024933333333333334,c
exo,standard,floyd-warshall,3,MINI,0.9326683291770573,0.00026733333333333334,0.00024933333333333334,c
exo,standard,floyd-warshall,4,MINI,0.918918918918919,0.00027133333333333333,0.00024933333333333334,c
exo,standard,floyd-warshall,5,MINI,0.9223181257706534,0.00027033333333333336,0.00024933333333333334,c
halide,ChooseHints,floyd-warshall,3,MINI,0.016378366542588133,0.015223333333333334,0.00024933333333333334,c
halide,ChooseHints,floyd-warshall,5,MINI,0.01477939578352532,0.016870333333333334,0.00024933333333333334,c
halide,FromPlan,floyd-warshall,1,MINI,0.023239917976760085,0.010728666666666666,0.00024933333333333334,c
halide,Naive,floyd-warshall,3,MINI,0.01817651632970451,0.013717333333333333,0.00024933333333333334,c
halide,Naive,floyd-warshall,4,MINI,0.01731762091079573,0.014397666666666668,0.00024933333333333334,c
halide,Naive,floyd-warshall,5,MINI,0.022480014425677704,0.011091333333333335,0.00024933333333333334,c
halide,standard,floyd-warshall,1,MINI,1.147239263803681,0.00021733333333333335,0.00024933333333333334,c
halide,standard,floyd-warshall,2,MINI,1.1835443037974684,0.00021066666666666665,0.00024933333333333334,c
halide,standard,floyd-warshall,3,MINI,1.111441307578009,0.00022433333333333333,0.00024933333333333334,c
halide,standard,floyd-warshall,4,MINI,1.1578947368421053,0.00021533333333333333,0.00024933333333333334,c
noarr,AllHints,floyd-warshall,1,MINI,3.6135265700483092,6.9e-05,0.00024933333333333334,c
noarr,AllHints,floyd-warshall,2,MINI,0.05438022537259179,0.004585,0.00024933333333333334,c
noarr,AllHints,floyd-warshall,3,MINI,0.05758275596612779,0.0043300000000000005,0.00024933333333333334,c
noarr,AllHints,floyd-warshall,4,MINI,3.6135265700483092,6.9e-05,0.00024933333333333334,c
noarr,AllHints,floyd-warshall,5,MINI,2.077777777777778,0.00011999999999999999,0.00024933333333333334,c
noarr,ChooseHints,floyd-warshall,1,MINI,0.9492385786802032,0.00026266666666666664,0.00024933333333333334,c
noarr,ChooseHints,floyd-warshall,2,MINI,3.7777777777777786,6.599999999999999e-05,0.00024933333333333334,c
noarr,ChooseHints,floyd-warshall,3,MINI,3.758793969849246,6.633333333333334e-05,0.00024933333333333334,c
noarr,ChooseHints,floyd-warshall,4,MINI,0.949238578680203,0.0002626666666666667,0.00024933333333333334,c
noarr,ChooseHints,floyd-warshall,5,MINI,2.6714285714285717,9.333333333333333e-05,0.00024933333333333334,c
noarr,FromPlan,floyd-warshall,1,MINI,3.280701754385965,7.6e-05,0.00024933333333333334,c
noarr,FromPlan,floyd-warshall,2,MINI,1.2025723472668812,0.00020733333333333332,0.00024933333333333334,c
noarr,FromPlan,floyd-warshall,3,MINI,2.54421768707483,9.8e-05,0.00024933333333333334,c
noarr,FromPlan,floyd-warshall,4,MINI,2.75,9.066666666666667e-05,0.00024933333333333334,c
noarr,FromPlan,floyd-warshall,5,MINI,0.7171620325982742,0.0003476666666666667,0.00024933333333333334,c
noarr,Naive,floyd-warshall,1,MINI,3.004016064257028,8.3e-05,0.00024933333333333334,c
noarr,Naive,floyd-warshall,2,MINI,1.4782608695652175,0.00016866666666666666,0.00024933333333333334,c
noarr,Naive,floyd-warshall,3,MINI,3.6135265700483092,6.9e-05,0.00024933333333333334,c
noarr,Naive,floyd-warshall,4,MINI,3.796954314720812,6.566666666666667e-05,0.00024933333333333334,c
noarr,Naive,floyd-warshall,5,MINI,3.2241379310344827,7.733333333333333e-05,0.00024933333333333334,c
noarr,standard,floyd-warshall,1,MINI,1.4753451676528602,0.000169,0.00024933333333333334,c
noarr,standard,floyd-warshall,2,MINI,1.4580896686159843,0.000171,0.00024933333333333334,c
noarr,standard,floyd-warshall,3,MINI,1.430210325047801,0.00017433333333333333,0.00024933333333333334,c
noarr,standard,floyd-warshall,4,MINI,0.9012048192771085,0.00027666666666666665,0.00024933333333333334,c
noarr,standard,floyd-warshall,5,MINI,1.3929236499068902,0.000179,0.00024933333333333334,c
c,AllHints,gemm,1,MINI,0.09195402298850577,5.8e-05,5.3333333333333345e-06,c
c,AllHints,gemm,2,MINI,0.15384615384615385,3.466666666666667e-05,5.3333333333333345e-06,c
c,AllHints,gemm,3,MINI,0.12500000000000003,4.266666666666666e-05,5.3333333333333345e-06,c
c,AllHints,gemm,5,MINI,0.09356725146198831,5.7e-05,5.3333333333333345e-06,c
c,ChooseHints,gemm,1,MINI,0.3478260869565218,1.5333333333333334e-05,5.3333333333333345e-06,c
c,ChooseHints,gemm,2,MINI,0.34042553191489366,1.5666666666666667e-05,5.3333333333333345e-06,c
c,ChooseHints,gemm,3,MINI,0.017758046614872368,0.00030033333333333333,5.3333333333333345e-06,c
c,ChooseHints,gemm,4,MINI,1.0666666666666669,5e-06,5.3333333333333345e-06,c
c,ChooseHints,gemm,5,MINI,0.6153846153846154,8.666666666666668e-06,5.3333333333333345e-06,c
c,FromPlan,gemm,1,MINI,0.14953271028037385,3.566666666666667e-05,5.3333333333333345e-06,c
c,FromPlan,gemm,2,MINI,1.142857142857143,4.666666666666667e-06,5.3333333333333345e-06,c
c,FromPlan,gemm,3,MINI,0.45714285714285724,1.1666666666666666e-05,5.3333333333333345e-06,c
c,FromPlan,gemm,4,MINI,1.0666666666666669,5e-06,5.3333333333333345e-06,c
c,Naive,gemm,1,MINI,0.7272727272727274,7.333333333333333e-06,5.3333333333333345e-06,c
c,Naive,gemm,2,MINI,1.0666666666666669,5e-06,5.3333333333333345e-06,c
c,Naive,gemm,3,MINI,0.7272727272727274,7.333333333333333e-06,5.3333333333333345e-06,c
c,Naive,gemm,4,MINI,1.3333333333333337,4e-06,5.3333333333333345e-06,c
c,Naive,gemm,5,MINI,1.0666666666666669,5e-06,5.3333333333333345e-06,c
c,standard,gemm,1,MINI,1.0,5.3333333333333345e-06,5.3333333333333345e-06,c
exo,AllHints,gemm,1,MINI,0.13445378151260506,3.966666666666667e-05,5.3333333333333345e-06,c
exo,AllHints,gemm,2,MINI,0.1126760563380282,4.733333333333333e-05,5.3333333333333345e-06,c
exo,AllHints,gemm,4,MINI,0.14953271028037385,3.566666666666667e-05,5.3333333333333345e-06,c
exo,AllHints,gemm,5,MINI,0.07239819004524889,7.366666666666666e-05,5.3333333333333345e-06,c
exo,ChooseHints,gemm,1,MINI,0.07048458149779738,7.566666666666666e-05,5.3333333333333345e-06,c
exo,ChooseHints,gemm,2,MINI,0.07142857142857145,7.466666666666666e-05,5.3333333333333345e-06,c
exo,ChooseHints,gemm,4,MINI,0.12598425196850396,4.233333333333333e-05,5.3333333333333345e-06,c
exo,FromPlan,gemm,2,MINI,0.0632411067193676,8.433333333333334e-05,5.3333333333333345e-06,c
exo,FromPlan,gemm,3,MINI,0.14159292035398233,3.766666666666667e-05,5.3333333333333345e-06,c
exo,FromPlan,gemm,4,MINI,0.44444444444444453,1.2e-05,5.3333333333333345e-06,c
exo,FromPlan,gemm,5,MINI,0.13793103448275865,3.866666666666667e-05,5.3333333333333345e-06,c
exo,Naive,gemm,2,MINI,0.08465608465608468,6.3e-05,5.3333333333333345e-06,c
exo,Naive,gemm,3,MINI,0.22857142857142862,2.3333333333333332e-05,5.3333333333333345e-06,c
exo,Naive,gemm,4,MINI,0.09467455621301778,5.633333333333333e-05,5.3333333333333345e-06,c
exo,standard,gemm,1,MINI,0.6400000000000002,8.333333333333332e-06,5.3333333333333345e-06,c
exo,standard,gemm,2,MINI,0.6153846153846154,8.666666666666668e-06,5.3333333333333345e-06,c
exo,standard,gemm,3,MINI,0.6400000000000002,8.333333333333332e-06,5.3333333333333345e-06,c
exo,standard,gemm,4,MINI,0.6666666666666669,8e-06,5.3333333333333345e-06,c
exo,standard,gemm,5,MINI,0.6153846153846154,8.666666666666668e-06,5.3333333333333345e-06,c
halide,FromPlan,gemm,1,MINI,0.0019481310118105448,0.0027376666666666665,5.3333333333333345e-06,c
halide,FromPlan,gemm,3,MINI,0.0019328340178787148,0.0027593333333333337,5.3333333333333345e-06,c
halide,FromPlan,gemm,5,MINI,0.0019555120997311174,0.0027273333333333333,5.3333333333333345e-06,c
halide,standard,gemm,2,MINI,0.10389610389610392,5.133333333333333e-05,5.3333333333333345e-06,c
halide,standard,gemm,3,MINI,0.11034482758620692,4.8333333333333334e-05,5.3333333333333345e-06,c
halide,standard,gemm,4,MINI,0.11510791366906478,4.633333333333333e-05,5.3333333333333345e-06,c
noarr,AllHints,gemm,2,MINI,0.3333333333333334,1.6e-05,5.3333333333333345e-06,c
noarr,AllHints,gemm,3,MINI,0.41025641025641035,1.3e-05,5.3333333333333345e-06,c
noarr,AllHints,gemm,4,MINI,1.0666666666666669,5e-06,5.3333333333333345e-06,c
noarr,AllHints,gemm,5,MINI,1.0666666666666669,5e-06,5.3333333333333345e-06,c
noarr,ChooseHints,gemm,1,MINI,0.3555555555555556,1.5e-05,5.3333333333333345e-06,c
noarr,ChooseHints,gemm,2,MINI,1.0666666666666669,5e-06,5.3333333333333345e-06,c
noarr,ChooseHints,gemm,3,MINI,1.0666666666666669,5e-06,5.3333333333333345e-06,c
noarr,ChooseHints,gemm,4,MINI,1.0,5.3333333333333345e-06,5.3333333333333345e-06,c
noarr,ChooseHints,gemm,5,MINI,1.0666666666666669,5e-06,5.3333333333333345e-06,c
noarr,FromPlan,gemm,1,MINI,0.2666666666666668,1.9999999999999998e-05,5.3333333333333345e-06,c
noarr,FromPlan,gemm,2,MINI,0.6666666666666669,8e-06,5.3333333333333345e-06,c
noarr,FromPlan,gemm,3,MINI,1.0,5.3333333333333345e-06,5.3333333333333345e-06,c
noarr,FromPlan,gemm,4,MINI,0.4848484848484849,1.1000000000000001e-05,5.3333333333333345e-06,c
noarr,FromPlan,gemm,5,MINI,0.8888888888888891,6e-06,5.3333333333333345e-06,c
noarr,Naive,gemm,1,MINI,0.29629629629629634,1.8e-05,5.3333333333333345e-06,c
noarr,Naive,gemm,2,MINI,1.0666666666666669,5e-06,5.3333333333333345e-06,c
noarr,Naive,gemm,3,MINI,0.3333333333333334,1.6e-05,5.3333333333333345e-06,c
noarr,Naive,gemm,4,MINI,1.0666666666666669,5e-06,5.3333333333333345e-06,c
noarr,Naive,gemm,5,MINI,1.0666666666666669,5e-06,5.3333333333333345e-06,c
noarr,standard,gemm,1,MINI,0.8888888888888891,6e-06,5.3333333333333345e-06,c
noarr,standard,gemm,2,MINI,0.8888888888888891,6e-06,5.3333333333333345e-06,c
noarr,standard,gemm,3,MINI,0.8888888888888891,6e-06,5.3333333333333345e-06,c
noarr,standard,gemm,4,MINI,0.8888888888888891,6e-06,5.3333333333333345e-06,c
noarr,standard,gemm,5,MINI,0.8888888888888891,6e-06,5.3333333333333345e-06,c
c,AllHints,gemver,1,MINI,0.06116207951070335,0.000109,6.666666666666666e-06,c
c,AllHints,gemver,2,MINI,0.03401360544217687,0.000196,6.666666666666666e-06,c
c,AllHints,gemver,3,MINI,0.11428571428571427,5.833333333333333e-05,6.666666666666666e-06,c
c,AllHints,gemver,4,MINI,0.10362694300518134,6.433333333333333e-05,6.666666666666666e-06,c
c,AllHints,gemver,5,MINI,0.03683241252302025,0.00018100000000000004,6.666666666666666e-06,c
c,ChooseHints,gemver,1,MINI,0.7407407407407406,9e-06,6.666666666666666e-06,c
c,ChooseHints,gemver,2,MINI,0.04032258064516128,0.00016533333333333333,6.666666666666666e-06,c
c,ChooseHints,gemver,3,MINI,0.0689655172413793,9.666666666666667e-05,6.666666666666666e-06,c
c,ChooseHints,gemver,4,MINI,0.7142857142857141,9.333333333333334e-06,6.666666666666666e-06,c
c,ChooseHints,gemver,5,MINI,0.7407407407407406,9e-06,6.666666666666666e-06,c
c,FromPlan,gemver,1,MINI,2.0,3.333333333333333e-06,6.666666666666666e-06,c
c,FromPlan,gemver,2,MINI,2.222222222222222,3e-06,6.666666666666666e-06,c
c,FromPlan,gemver,3,MINI,2.0,3.333333333333333e-06,6.666666666666666e-06,c
c,FromPlan,gemver,4,MINI,1.6666666666666665,4e-06,6.666666666666666e-06,c
c,Naive,gemver,1,MINI,1.4285714285714282,4.666666666666667e-06,6.666666666666666e-06,c
c,Naive,gemver,2,MINI,2.0,3.333333333333333e-06,6.666666666666666e-06,c
c,Naive,gemver,3,MINI,2.0,3.333333333333333e-06,6.666666666666666e-06,c
c,Naive,gemver,4,MINI,2.222222222222222,3e-06,6.666666666666666e-06,c
c,Naive,gemver,5,MINI,2.0,3.333333333333333e-06,6.666666666666666e-06,c
c,standard,gemver,1,MINI,1.0,6.666666666666666e-06,6.666666666666666e-06,c
exo,AllHints,gemver,1,MINI,0.15748031496062992,4.233333333333333e-05,6.666666666666666e-06,c
exo,AllHints,gemver,2,MINI,0.10526315789473684,6.333333333333333e-05,6.666666666666666e-06,c
exo,AllHints,gemver,3,MINI,0.06944444444444443,9.6e-05,6.666666666666666e-06,c
exo,AllHints,gemver,4,MINI,0.11173184357541899,5.966666666666666e-05,6.666666666666666e-06,c
exo,AllHints,gemver,5,MINI,0.05934718100890207,0.00011233333333333333,6.666666666666666e-06,c
exo,ChooseHints,gemver,1,MINI,0.15999999999999998,4.1666666666666665e-05,6.666666666666666e-06,c
exo,ChooseHints,gemver,2,MINI,0.0706713780918728,9.433333333333333e-05,6.666666666666666e-06,c
exo,FromPlan,gemver,1,MINI,0.625,1.0666666666666666e-05,6.666666666666666e-06,c
exo,FromPlan,gemver,2,MINI,0.005947071067499255,0.001121,6.666666666666666e-06,c
exo,Naive,gemver,5,MINI,0.08032128514056223,8.3e-05,6.666666666666666e-06,c
exo,standard,gemver,1,MINI,0.909090909090909,7.333333333333333e-06,6.666666666666666e-06,c
exo,standard,gemver,2,MINI,0.8695652173913042,7.666666666666667e-06,6.666666666666666e-06,c
exo,standard,gemver,3,MINI,0.909090909090909,7.333333333333333e-06,6.666666666666666e-06,c
exo,standard,gemver,4,MINI,0.909090909090909,7.333333333333333e-06,6.666666666666666e-06,c
exo,standard,gemver,5,MINI,0.909090909090909,7.333333333333333e-06,6.666666666666666e-06,c
halide,standard,gemver,1,MINI,0.04629629629629629,0.000144,6.666666666666666e-06,c
halide,standard,gemver,4,MINI,0.2469135802469136,2.6999999999999996e-05,6.666666666666666e-06,c
noarr,AllHints,gemver,1,MINI,2.222222222222222,3e-06,6.666666666666666e-06,c
noarr,AllHints,gemver,2,MINI,0.0025338907893069805,0.002631,6.666666666666666e-06,c
noarr,AllHints,gemver,3,MINI,0.0025429116338207243,0.0026216666666666667,6.666666666666666e-06,c
noarr,AllHints,gemver,4,MINI,1.6666666666666665,4e-06,6.666666666666666e-06,c
noarr,AllHints,gemver,5,MINI,0.0024271844660194173,0.002746666666666667,6.666666666666666e-06,c
noarr,ChooseHints,gemver,1,MINI,2.222222222222222,3e-06,6.666666666666666e-06,c
noarr,ChooseHints,gemver,2,MINI,2.222222222222222,3e-06,6.666666666666666e-06,c
noarr,ChooseHints,gemver,3,MINI,0.0025455008272877687,0.002619,6.666666666666666e-06,c
noarr,ChooseHints,gemver,4,MINI,2.222222222222222,3e-06,6.666666666666666e-06,c
noarr,ChooseHints,gemver,5,MINI,1.6666666666666665,4e-06,6.666666666666666e-06,c
noarr,FromPlan,gemver,1,MINI,0.8333333333333333,8e-06,6.666666666666666e-06,c
noarr,FromPlan,gemver,2,MINI,1.333333333333333,5e-06,6.666666666666666e-06,c
noarr,FromPlan,gemver,3,MINI,2.222222222222222,3e-06,6.666666666666666e-06,c
noarr,FromPlan,gemver,4,MINI,0.9523809523809522,7e-06,6.666666666666666e-06,c
noarr,Naive,gemver,1,MINI,2.222222222222222,3e-06,6.666666666666666e-06,c
noarr,Naive,gemver,2,MINI,2.222222222222222,3e-06,6.666666666666666e-06,c
noarr,Naive,gemver,3,MINI,2.222222222222222,3e-06,6.666666666666666e-06,c
noarr,Naive,gemver,4,MINI,2.222222222222222,3e-06,6.666666666666666e-06,c
noarr,Naive,gemver,5,MINI,2.222222222222222,3e-06,6.666666666666666e-06,c
noarr,standard,gemver,1,MINI,1.6666666666666665,4e-06,6.666666666666666e-06,c
noarr,standard,gemver,2,MINI,1.6666666666666665,4e-06,6.666666666666666e-06,c
noarr,standard,gemver,3,MINI,1.6666666666666665,4e-06,6.666666666666666e-06,c
noarr,standard,gemver,5,MINI,1.6666666666666665,4e-06,6.666666666666666e-06,c
c,AllHints,gesummv,1,MINI,0.7999999999999999,5e-06,4e-06,c
c,AllHints,gesummv,2,MINI,0.7999999999999999,5e-06,4e-06,c
c,AllHints,gesummv,3,MINI,0.1348314606741573,2.9666666666666665e-05,4e-06,c
c,AllHints,gesummv,4,MINI,0.7999999999999999,5e-06,4e-06,c
c,AllHints,gesummv,5,MINI,0.13186813186813187,3.0333333333333333e-05,4e-06,c
c,ChooseHints,gesummv,1,MINI,0.08888888888888888,4.5e-05,4e-06,c
c,ChooseHints,gesummv,2,MINI,0.13186813186813187,3.0333333333333333e-05,4e-06,c
c,ChooseHints,gesummv,3,MINI,0.12244897959183675,3.266666666666666e-05,4e-06,c
c,ChooseHints,gesummv,4,MINI,0.7499999999999998,5.3333333333333345e-06,4e-06,c
c,ChooseHints,gesummv,5,MINI,0.13636363636363635,2.9333333333333333e-05,4e-06,c
c,FromPlan,gesummv,1,MINI,0.13186813186813187,3.0333333333333333e-05,4e-06,c
c,FromPlan,gesummv,2,MINI,0.1276595744680851,3.1333333333333334e-05,4e-06,c
c,FromPlan,gesummv,3,MINI,2.0,2e-06,4e-06,c
c,FromPlan,gesummv,4,MINI,0.096,4.1666666666666665e-05,4e-06,c
c,FromPlan,gesummv,5,MINI,0.1348314606741573,2.9666666666666665e-05,4e-06,c
c,Naive,gesummv,1,MINI,0.13186813186813187,3.0333333333333333e-05,4e-06,c
c,Naive,gesummv,2,MINI,2.4000000000000004,1.6666666666666665e-06,4e-06,c
c,Naive,gesummv,3,MINI,2.0,2e-06,4e-06,c
c,Naive,gesummv,4,MINI,3.0,1.3333333333333332e-06,4e-06,c
c,Naive,gesummv,5,MINI,0.1348314606741573,2.9666666666666665e-05,4e-06,c
c,standard,gesummv,1,MINI,1.0,4e-06,4e-06,c
exo,AllHints,gesummv,2,MINI,0.12631578947368421,3.1666666666666666e-05,4e-06,c
exo,AllHints,gesummv,3,MINI,0.13186813186813187,3.0333333333333333e-05,4e-06,c
exo,AllHints,gesummv,4,MINI,0.07142857142857142,5.6000000000000006e-05,4e-06,c
exo,AllHints,gesummv,5,MINI,0.125,3.2e-05,4e-06,c
exo,ChooseHints,gesummv,1,MINI,0.1348314606741573,2.9666666666666665e-05,4e-06,c
exo,ChooseHints,gesummv,3,MINI,0.13333333333333333,3e-05,4e-06,c
exo,ChooseHints,gesummv,4,MINI,0.13333333333333333,3e-05,4e-06,c
exo,ChooseHints,gesummv,5,MINI,0.1348314606741573,2.9666666666666665e-05,4e-06,c
exo,FromPlan,gesummv,2,MINI,0.0930232558139535,4.2999999999999995e-05,4e-06,c
exo,FromPlan,gesummv,3,MINI,2.0,2e-06,4e-06,c
exo,FromPlan,gesummv,5,MINI,0.13186813186813187,3.0333333333333333e-05,4e-06,c
exo,Naive,gesummv,1,MINI,0.1276595744680851,3.1333333333333334e-05,4e-06,c
exo,Naive,gesummv,2,MINI,0.13636363636363635,2.9333333333333333e-05,4e-06,c
exo,Naive,gesummv,3,MINI,0.07017543859649122,5.6999999999999996e-05,4e-06,c
exo,Naive,gesummv,4,MINI,0.07142857142857142,5.6000000000000006e-05,4e-06,c
exo,Naive,gesummv,5,MINI,1.0909090909090908,3.6666666666666666e-06,4e-06,c
exo,standard,gesummv,1,MINI,1.0,4e-06,4e-06,c
exo,standard,gesummv,2,MINI,1.0,4e-06,4e-06,c
exo,standard,gesummv,3,MINI,1.0909090909090908,3.6666666666666666e-06,4e-06,c
exo,standard,gesummv,4,MINI,1.0,4e-06,4e-06,c
exo,standard,gesummv,5,MINI,1.0,4e-06,4e-06,c
halide,Naive,gesummv,4,MINI,0.0014421343588510995,0.002773666666666667,4e-06,c
halide,Naive,gesummv,5,MINI,0.05333333333333334,7.5e-05,4e-06,c
halide,standard,gesummv,1,MINI,0.22641509433962262,1.7666666666666668e-05,4e-06,c
halide,standard,gesummv,2,MINI,0.23529411764705882,1.7e-05,4e-06,c
halide,standard,gesummv,3,MINI,0.2857142857142857,1.4e-05,4e-06,c
halide,standard,gesummv,4,MINI,0.30000000000000004,1.3333333333333332e-05,4e-06,c
halide,standard,gesummv,5,MINI,0.2926829268292683,1.3666666666666667e-05,4e-06,c
noarr,AllHints,gesummv,1,MINI,4.0,1e-06,4e-06,c
noarr,AllHints,gesummv,2,MINI,0.15789473684210525,2.5333333333333334e-05,4e-06,c
noarr,AllHints,gesummv,3,MINI,4.0,1e-06,4e-06,c
noarr,AllHints,gesummv,4,MINI,4.0,1e-06,4e-06,c
noarr,AllHints,gesummv,5,MINI,0.0013712718546451835,0.002917,4e-06,c
noarr,ChooseHints,gesummv,1,MINI,0.0015151515151515152,0.00264,4e-06,c
noarr,ChooseHints,gesummv,2,MINI,4.0,1e-06,4e-06,c
noarr,ChooseHints,gesummv,3,MINI,0.0015902464882056719,0.0025153333333333334,4e-06,c
noarr,ChooseHints,gesummv,4,MINI,0.001556218389313967,0.0025703333333333333,4e-06,c
noarr,ChooseHints,gesummv,5,MINI,4.0,1e-06,4e-06,c
noarr,FromPlan,gesummv,1,MINI,0.5,8e-06,4e-06,c
noarr,FromPlan,gesummv,3,MINI,0.12000000000000001,3.333333333333333e-05,4e-06,c
noarr,FromPlan,gesummv,4,MINI,4.0,1e-06,4e-06,c
noarr,Naive,gesummv,1,MINI,4.0,1e-06,4e-06,c
noarr,Naive,gesummv,2,MINI,4.0,1e-06,4e-06,c
noarr,Naive,gesummv,3,MINI,4.0,1e-06,4e-06,c
noarr,Naive,gesummv,4,MINI,4.0,1e-06,4e-06,c
noarr,Naive,gesummv,5,MINI,4.0,1e-06,4e-06,c
noarr,standard,gesummv,1,MINI,2.0,2e-06,4e-06,c
noarr,standard,gesummv,2,MINI,2.0,2e-06,4e-06,c
noarr,standard,gesummv,3,MINI,2.0,2e-06,4e-06,c
noarr,standard,gesummv,4,MINI,2.0,2e-06,4e-06,c
noarr,standard,gesummv,5,MINI,1.7142857142857144,2.333333333333333e-06,4e-06,c
c,ChooseHints,gramschmidt,1,MINI,1.7105263157894735,1.2666666666666667e-05,2.1666666666666664e-05,c
c,ChooseHints,gramschmidt,4,MINI,1.6666666666666665,1.3e-05,2.1666666666666664e-05,c
c,Naive,gramschmidt,1,MINI,1.857142857142857,1.1666666666666666e-05,2.1666666666666664e-05,c
c,standard,gramschmidt,1,MINI,1.0,2.1666666666666664e-05,2.1666666666666664e-05,c
c,AllHints,heat-3d,1,MINI,0.03496952197625922,0.001039,3.633333333333333e-05,c
c,AllHints,heat-3d,3,MINI,0.10654936461388075,0.000341,3.633333333333333e-05,c
c,AllHints,heat-3d,4,MINI,0.07769066286528867,0.00046766666666666663,3.633333333333333e-05,c
c,AllHints,heat-3d,5,MINI,0.09445407279029462,0.0003846666666666667,3.633333333333333e-05,c
c,ChooseHints,heat-3d,1,MINI,0.033507531509375965,0.0010843333333333332,3.633333333333333e-05,c
c,ChooseHints,heat-3d,2,MINI,0.03051511758118701,0.0011906666666666667,3.633333333333333e-05,c
c,ChooseHints,heat-3d,3,MINI,0.029523293607800653,0.0012306666666666666,3.633333333333333e-05,c
c,ChooseHints,heat-3d,4,MINI,0.0950305143853531,0.0003823333333333333,3.633333333333333e-05,c
c,ChooseHints,heat-3d,5,MINI,0.0705045278137128,0.0005153333333333334,3.633333333333333e-05,c
c,FromPlan,heat-3d,1,MINI,0.5828877005347594,6.233333333333334e-05,3.633333333333333e-05,c
c,FromPlan,heat-3d,2,MINI,0.6728395061728396,5.399999999999999e-05,3.633333333333333e-05,c
c,FromPlan,heat-3d,3,MINI,1.0186915887850467,3.566666666666667e-05,3.633333333333333e-05,c
c,FromPlan,heat-3d,4,MINI,0.4599156118143459,7.900000000000001e-05,3.633333333333333e-05,c
c,FromPlan,heat-3d,5,MINI,0.6855345911949684,5.300000000000001e-05,3.633333333333333e-05,c
c,Naive,heat-3d,1,MINI,0.28311688311688316,0.00012833333333333333,3.633333333333333e-05,c
c,Naive,heat-3d,2,MINI,0.6646341463414633,5.466666666666667e-05,3.633333333333333e-05,c
c,Naive,heat-3d,3,MINI,0.6687116564417177,5.433333333333334e-05,3.633333333333333e-05,c
c,Naive,heat-3d,5,MINI,0.6687116564417177,5.433333333333334e-05,3.633333333333333e-05,c
c,standard,heat-3d,1,MINI,1.0,3.633333333333333e-05,3.633333333333333e-05,c
exo,AllHints,heat-3d,1,MINI,0.035093367675466836,0.0010353333333333334,3.633333333333333e-05,c
exo,AllHints,heat-3d,3,MINI,0.03567921440261865,0.0010183333333333335,3.633333333333333e-05,c
exo,ChooseHints,heat-3d,3,MINI,0.035644211903204714,0.0010193333333333332,3.633333333333333e-05,c
exo,ChooseHints,heat-3d,4,MINI,0.03654039557492457,0.0009943333333333334,3.633333333333333e-05,c
exo,Naive,heat-3d,2,MINI,0.034009360374414974,0.0010683333333333335,3.633333333333333e-05,c
exo,Naive,heat-3d,3,MINI,0.035389610389610394,0.0010266666666666666,3.633333333333333e-05,c
exo,Naive,heat-3d,4,MINI,0.034835410674336854,0.0010429999999999999,3.633333333333333e-05,c
exo,standard,heat-3d,1,MINI,0.5141509433962264,7.066666666666667e-05,3.633333333333333e-05,c
exo,standard,heat-3d,2,MINI,0.5477386934673366,6.633333333333334e-05,3.633333333333333e-05,c
exo,standard,heat-3d,3,MINI,0.5505050505050506,6.599999999999999e-05,3.633333333333333e-05,c
exo,standard,heat-3d,4,MINI,0.5422885572139303,6.7e-05,3.633333333333333e-05,c
exo,standard,heat-3d,5,MINI,0.5449999999999999,6.666666666666667e-05,3.633333333333333e-05,c
halide,AllHints,heat-3d,1,MINI,0.046088794926004234,0.0007883333333333333,3.633333333333333e-05,c
halide,AllHints,heat-3d,2,MINI,0.04757747708424268,0.0007636666666666667,3.633333333333333e-05,c
halide,AllHints,heat-3d,3,MINI,0.04436304436304436,0.000819,3.633333333333333e-05,c
halide,AllHints,heat-3d,4,MINI,0.002555326331582896,0.014218666666666666,3.633333333333333e-05,c
halide,AllHints,heat-3d,5,MINI,0.009069728740222998,0.004006,3.633333333333333e-05,c
halide,ChooseHints,heat-3d,1,MINI,0.0459915611814346,0.00079,3.633333333333333e-05,c
halide,ChooseHints,heat-3d,2,MINI,0.046462063086104004,0.000782,3.633333333333333e-05,c
halide,ChooseHints,heat-3d,3,MINI,0.1148577449947313,0.00031633333333333334,3.633333333333333e-05,c
halide,ChooseHints,heat-3d,4,MINI,0.05742887249736565,0.0006326666666666667,3.633333333333333e-05,c
halide,ChooseHints,heat-3d,5,MINI,0.0024813330905117466,0.014642666666666665,3.633333333333333e-05,c
halide,FromPlan,heat-3d,1,MINI,0.008768401576703402,0.004143666666666667,3.633333333333333e-05,c
halide,FromPlan,heat-3d,2,MINI,0.11307053941908712,0.00032133333333333336,3.633333333333333e-05,c
halide,FromPlan,heat-3d,5,MINI,0.00901496981225705,0.004030333333333334,3.633333333333333e-05,c
halide,Naive,heat-3d,1,MINI,0.04782799473453269,0.0007596666666666666,3.633333333333333e-05,c
halide,Naive,heat-3d,2,MINI,0.05043961129106895,0.0007203333333333334,3.633333333333333e-05,c
halide,Naive,heat-3d,3,MINI,0.007791836442919436,0.0046630000000000005,3.633333333333333e-05,c
halide,Naive,heat-3d,5,MINI,0.04624522698345354,0.0007856666666666667,3.633333333333333e-05,c
halide,standard,heat-3d,1,MINI,0.2684729064039409,0.00013533333333333333,3.633333333333333e-05,c
halide,standard,heat-3d,2,MINI,0.26265060240963856,0.00013833333333333333,3.633333333333333e-05,c
halide,standard,heat-3d,3,MINI,0.1231638418079096,0.000295,3.633333333333333e-05,c
halide,standard,heat-3d,4,MINI,0.46382978723404256,7.833333333333333e-05,3.633333333333333e-05,c
noarr,AllHints,heat-3d,2,MINI,0.010312204351939452,0.003523333333333333,3.633333333333333e-05,c
noarr,AllHints,heat-3d,3,MINI,0.00991269552564569,0.0036653333333333334,3.633333333333333e-05,c
noarr,AllHints,heat-3d,4,MINI,0.010404734631538754,0.0034920000000000003,3.633333333333333e-05,c
noarr,AllHints,heat-3d,5,MINI,0.03437401450646484,0.001057,3.633333333333333e-05,c
noarr,ChooseHints,heat-3d,1,MINI,0.9316239316239316,3.9e-05,3.633333333333333e-05,c
noarr,ChooseHints,heat-3d,2,MINI,0.9396551724137931,3.866666666666667e-05,3.633333333333333e-05,c
noarr,ChooseHints,heat-3d,3,MINI,0.9732142857142858,3.733333333333333e-05,3.633333333333333e-05,c
noarr,ChooseHints,heat-3d,4,MINI,1.0380952380952382,3.5e-05,3.633333333333333e-05,c
noarr,ChooseHints,heat-3d,5,MINI,0.9478260869565217,3.8333333333333334e-05,3.633333333333333e-05,c
noarr,FromPlan,heat-3d,1,MINI,0.9083333333333332,4e-05,3.633333333333333e-05,c
noarr,FromPlan,heat-3d,2,MINI,0.8582677165354331,4.233333333333333e-05,3.633333333333333e-05,c
noarr,FromPlan,heat-3d,3,MINI,0.8861788617886178,4.1e-05,3.633333333333333e-05,c
noarr,FromPlan,heat-3d,4,MINI,0.9646017699115044,3.766666666666667e-05,3.633333333333333e-05,c
noarr,FromPlan,heat-3d,5,MINI,0.9083333333333332,4e-05,3.633333333333333e-05,c
noarr,Naive,heat-3d,1,MINI,0.03362122146822949,0.0010806666666666666,3.633333333333333e-05,c
noarr,Naive,heat-3d,2,MINI,0.9316239316239316,3.9e-05,3.633333333333333e-05,c
noarr,Naive,heat-3d,3,MINI,0.956140350877193,3.8e-05,3.633333333333333e-05,c
noarr,Naive,heat-3d,4,MINI,0.8449612403100776,4.2999999999999995e-05,3.633333333333333e-05,c
noarr,standard,heat-3d,1,MINI,0.9396551724137931,3.866666666666667e-05,3.633333333333333e-05,c
noarr,standard,heat-3d,2,MINI,0.7414965986394558,4.9e-05,3.633333333333333e-05,c
noarr,standard,heat-3d,3,MINI,0.9083333333333334,3.9999999999999996e-05,3.633333333333333e-05,c
noarr,standard,heat-3d,4,MINI,0.9478260869565217,3.8333333333333334e-05,3.633333333333333e-05,c
noarr,standard,heat-3d,5,MINI,0.7569444444444444,4.8e-05,3.633333333333333e-05,c
c,AllHints,jacobi-1d,1,MINI,0.0028735632183908046,0.000348,1e-06,c
c,AllHints,jacobi-1d,2,MINI,0.002816901408450704,0.000355,1e-06,c
c,AllHints,jacobi-1d,4,MINI,0.02307692307692307,4.333333333333334e-05,1e-06,c
c,AllHints,jacobi-1d,5,MINI,0.0028195488721804505,0.0003546666666666667,1e-06,c
c,ChooseHints,jacobi-1d,2,MINI,0.002824858757062147,0.000354,1e-06,c
c,ChooseHints,jacobi-1d,3,MINI,0.00273972602739726,0.00036500000000000004,1e-06,c
c,ChooseHints,jacobi-1d,4,MINI,0.002952755905511811,0.00033866666666666664,1e-06,c
c,ChooseHints,jacobi-1d,5,MINI,0.00297029702970297,0.0003366666666666667,1e-06,c
c,FromPlan,jacobi-1d,2,MINI,0.0028598665395614866,0.0003496666666666667,1e-06,c
c,FromPlan,jacobi-1d,3,MINI,0.0027624309392265197,0.00036199999999999996,1e-06,c
c,FromPlan,jacobi-1d,4,MINI,0.002727272727272727,0.00036666666666666667,1e-06,c
c,FromPlan,jacobi-1d,5,MINI,0.002719854941069809,0.0003676666666666667,1e-06,c
c,Naive,jacobi-1d,2,MINI,0.6000000000000001,1.6666666666666665e-06,1e-06,c
c,Naive,jacobi-1d,3,MINI,1.0,1e-06,1e-06,c
c,Naive,jacobi-1d,4,MINI,1.0,1e-06,1e-06,c
c,Naive,jacobi-1d,5,MINI,1.0,1e-06,1e-06,c
c,standard,jacobi-1d,1,MINI,1.0,1e-06,1e-06,c
exo,AllHints,jacobi-1d,1,MINI,0.0009927200529450694,0.0010073333333333334,1e-06,c
exo,AllHints,jacobi-1d,2,MINI,0.0009887936717205008,0.0010113333333333335,1e-06,c
exo,AllHints,jacobi-1d,3,MINI,0.0009643201542912247,0.001037,1e-06,c
exo,AllHints,jacobi-1d,4,MINI,0.0009674298613350533,0.0010336666666666665,1e-06,c
exo,AllHints,jacobi-1d,5,MINI,0.0009784735812133072,0.0010220000000000001,1e-06,c
exo,ChooseHints,jacobi-1d,1,MINI,0.0009917355371900827,0.0010083333333333333,1e-06,c
exo,ChooseHints,jacobi-1d,3,MINI,0.0009721322099805574,0.0010286666666666667,1e-06,c
exo,ChooseHints,jacobi-1d,4,MINI,0.0009737098344693282,0.001027,1e-06,c
exo,ChooseHints,jacobi-1d,5,MINI,0.0009699321047526672,0.001031,1e-06,c
exo,FromPlan,jacobi-1d,1,MINI,0.0009563277016257569,0.0010456666666666667,1e-06,c
exo,FromPlan,jacobi-1d,4,MINI,0.0010036801605888257,0.0009963333333333332,1e-06,c
exo,Naive,jacobi-1d,1,MINI,0.0009749756256093597,0.0010256666666666667,1e-06,c
exo,Naive,jacobi-1d,2,MINI,0.000974342318934719,0.0010263333333333333,1e-06,c
exo,Naive,jacobi-1d,5,MINI,0.0009658725048293624,0.0010353333333333334,1e-06,c
exo,standard,jacobi-1d,1,MINI,0.75,1.3333333333333332e-06,1e-06,c
exo,standard,jacobi-1d,2,MINI,1.5,6.666666666666666e-07,1e-06,c
exo,standard,jacobi-1d,3,MINI,1.0,1e-06,1e-06,c
exo,standard,jacobi-1d,4,MINI,1.0,1e-06,1e-06,c
exo,standard,jacobi-1d,5,MINI,1.0,1e-06,1e-06,c
halide,ChooseHints,jacobi-1d,3,MINI,0.01020408163265306,9.8e-05,1e-06,c
halide,FromPlan,jacobi-1d,4,MINI,0.002785515320334262,0.000359,1e-06,c
halide,standard,jacobi-1d,2,MINI,0.02459016393442623,4.066666666666667e-05,1e-06,c
halide,standard,jacobi-1d,5,MINI,0.03125,3.2e-05,1e-06,c
noarr,AllHints,jacobi-1d,1,MINI,0.00028683430538292384,0.003486333333333333,1e-06,c
noarr,AllHints,jacobi-1d,2,MINI,1.0,1e-06,1e-06,c
noarr,AllHints,jacobi-1d,3,MINI,1.0,1e-06,1e-06,c
noarr,AllHints,jacobi-1d,4,MINI,0.001072194424588992,0.0009326666666666667,1e-06,c
noarr,AllHints,jacobi-1d,5,MINI,1.0,1e-06,1e-06,c
noarr,ChooseHints,jacobi-1d,1,MINI,0.00029126213592233006,0.0034333333333333334,1e-06,c
noarr,ChooseHints,jacobi-1d,2,MINI,1.0,1e-06,1e-06,c
noarr,ChooseHints,jacobi-1d,3,MINI,0.0002903319461918126,0.0034443333333333335,1e-06,c
noarr,ChooseHints,jacobi-1d,4,MINI,0.0002907822041291073,0.0034389999999999998,1e-06,c
noarr,ChooseHints,jacobi-1d,5,MINI,0.000360837142169834,0.0027713333333333335,1e-06,c
noarr,FromPlan,jacobi-1d,1,MINI,0.07142857142857142,1.4e-05,1e-06,c
noarr,FromPlan,jacobi-1d,2,MINI,1.0,1e-06,1e-06,c
noarr,FromPlan,jacobi-1d,3,MINI,0.039999999999999994,2.5e-05,1e-06,c
noarr,FromPlan,jacobi-1d,4,MINI,0.14285714285714285,7e-06,1e-06,c
noarr,FromPlan,jacobi-1d,5,MINI,0.0189873417721519,5.266666666666666e-05,1e-06,c
noarr,Naive,jacobi-1d,1,MINI,0.0010845986984815616,0.0009220000000000001,1e-06,c
noarr,Naive,jacobi-1d,3,MINI,0.0002756592851235872,0.0036276666666666666,1e-06,c
noarr,Naive,jacobi-1d,4,MINI,1.0,1e-06,1e-06,c
noarr,Naive,jacobi-1d,5,MINI,1.0,1e-06,1e-06,c
noarr,standard,jacobi-1d,1,MINI,1.0,1e-06,1e-06,c
noarr,standard,jacobi-1d,2,MINI,1.0,1e-06,1e-06,c
noarr,standard,jacobi-1d,3,MINI,1.0,1e-06,1e-06,c
noarr,standard,jacobi-1d,4,MINI,1.0,1e-06,1e-06,c
noarr,standard,jacobi-1d,5,MINI,1.0,1e-06,1e-06,c
c,AllHints,jacobi-2d,1,MINI,0.07009345794392521,0.0004993333333333334,3.5e-05,c
c,AllHints,jacobi-2d,2,MINI,0.09562841530054644,0.000366,3.5e-05,c
c,AllHints,jacobi-2d,3,MINI,0.09098786828422877,0.0003846666666666667,3.5e-05,c
c,AllHints,jacobi-2d,4,MINI,0.09597806215722121,0.0003646666666666666,3.5e-05,c
c,AllHints,jacobi-2d,5,MINI,0.3181818181818181,0.00011,3.5e-05,c
c,ChooseHints,jacobi-2d,1,MINI,0.0822884012539185,0.00042533333333333334,3.5e-05,c
c,ChooseHints,jacobi-2d,2,MINI,0.08508914100486221,0.0004113333333333334,3.5e-05,c
c,ChooseHints,jacobi-2d,3,MINI,0.0875,0.00039999999999999996,3.5e-05,c
c,ChooseHints,jacobi-2d,4,MINI,0.08488278092158447,0.00041233333333333335,3.5e-05,c
c,ChooseHints,jacobi-2d,5,MINI,0.08838383838383837,0.00039600000000000003,3.5e-05,c
c,FromPlan,jacobi-2d,1,MINI,1.0,3.5e-05,3.5e-05,c
c,FromPlan,jacobi-2d,2,MINI,1.0294117647058822,3.4e-05,3.5e-05,c
c,FromPlan,jacobi-2d,3,MINI,0.3,0.00011666666666666667,3.5e-05,c
c,FromPlan,jacobi-2d,4,MINI,1.0096153846153846,3.4666666666666665e-05,3.5e-05,c
c,FromPlan,jacobi-2d,5,MINI,0.03283302063789869,0.0010659999999999999,3.5e-05,c
c,Naive,jacobi-2d,1,MINI,1.0096153846153846,3.4666666666666665e-05,3.5e-05,c
c,Naive,jacobi-2d,2,MINI,1.0096153846153846,3.4666666666666665e-05,3.5e-05,c
c,Naive,jacobi-2d,3,MINI,1.0194174757281553,3.433333333333333e-05,3.5e-05,c
c,Naive,jacobi-2d,4,MINI,0.08735440931780367,0.00040066666666666663,3.5e-05,c
c,standard,jacobi-2d,1,MINI,1.0,3.5e-05,3.5e-05,c
exo,AllHints,jacobi-2d,2,MINI,0.0308641975308642,0.0011339999999999998,3.5e-05,c
exo,AllHints,jacobi-2d,3,MINI,0.03341820496499045,0.0010473333333333333,3.5e-05,c
exo,ChooseHints,jacobi-2d,1,MINI,0.03099173553719008,0.0011293333333333333,3.5e-05,c
exo,ChooseHints,jacobi-2d,2,MINI,0.03053213143355626,0.0011463333333333334,3.5e-05,c
exo,ChooseHints,jacobi-2d,4,MINI,0.03387096774193548,0.0010333333333333334,3.5e-05,c
exo,Naive,jacobi-2d,3,MINI,0.03165511003919204,0.0011056666666666667,3.5e-05,c
exo,standard,jacobi-2d,1,MINI,0.8267716535433071,4.233333333333333e-05,3.5e-05,c
exo,standard,jacobi-2d,2,MINI,0.84,4.1666666666666665e-05,3.5e-05,c
exo,standard,jacobi-2d,3,MINI,0.8333333333333333,4.2e-05,3.5e-05,c
exo,standard,jacobi-2d,4,MINI,0.7608695652173912,4.6e-05,3.5e-05,c
exo,standard,jacobi-2d,5,MINI,0.9292035398230087,3.766666666666667e-05,3.5e-05,c
halide,standard,jacobi-2d,3,MINI,0.24193548387096772,0.00014466666666666667,3.5e-05,c
halide,standard,jacobi-2d,4,MINI,0.41832669322709154,8.366666666666668e-05,3.5e-05,c
halide,standard,jacobi-2d,5,MINI,0.23385300668151449,0.00014966666666666665,3.5e-05,c
noarr,AllHints,jacobi-2d,1,MINI,0.009651622391763948,0.0036263333333333334,3.5e-05,c
noarr,AllHints,jacobi-2d,2,MINI,0.03187613843351548,0.001098,3.5e-05,c
noarr,AllHints,jacobi-2d,3,MINI,0.03272047366780928,0.0010696666666666667,3.5e-05,c
noarr,AllHints,jacobi-2d,4,MINI,0.00930686048572948,0.003760666666666667,3.5e-05,c
noarr,AllHints,jacobi-2d,5,MINI,0.009558488848429676,0.003661666666666667,3.5e-05,c
noarr,ChooseHints,jacobi-2d,1,MINI,1.0499999999999998,3.3333333333333335e-05,3.5e-05,c
noarr,ChooseHints,jacobi-2d,2,MINI,0.009791122715404698,0.003574666666666667,3.5e-05,c
noarr,ChooseHints,jacobi-2d,3,MINI,1.0,3.5e-05,3.5e-05,c
noarr,ChooseHints,jacobi-2d,4,MINI,0.03331218274111675,0.0010506666666666668,3.5e-05,c
noarr,ChooseHints,jacobi-2d,5,MINI,0.033751205400192864,0.001037,3.5e-05,c
noarr,FromPlan,jacobi-2d,1,MINI,0.846774193548387,4.133333333333333e-05,3.5e-05,c
noarr,FromPlan,jacobi-2d,2,MINI,0.84,4.1666666666666665e-05,3.5e-05,c
noarr,FromPlan,jacobi-2d,3,MINI,0.9633027522935779,3.633333333333333e-05,3.5e-05,c
noarr,FromPlan,jacobi-2d,4,MINI,0.7608695652173912,4.6e-05,3.5e-05,c
noarr,FromPlan,jacobi-2d,5,MINI,0.9633027522935779,3.633333333333333e-05,3.5e-05,c
noarr,Naive,jacobi-2d,1,MINI,0.03386004514672686,0.0010336666666666667,3.5e-05,c
noarr,Naive,jacobi-2d,2,MINI,0.9210526315789472,3.8e-05,3.5e-05,c
noarr,Naive,jacobi-2d,3,MINI,0.03377291733676423,0.0010363333333333333,3.5e-05,c
noarr,Naive,jacobi-2d,5,MINI,0.9905660377358488,3.5333333333333336e-05,3.5e-05,c
noarr,standard,jacobi-2d,1,MINI,0.9905660377358488,3.5333333333333336e-05,3.5e-05,c
noarr,standard,jacobi-2d,2,MINI,1.1052631578947367,3.1666666666666666e-05,3.5e-05,c
noarr,standard,jacobi-2d,3,MINI,1.1666666666666665,3e-05,3.5e-05,c
noarr,standard,jacobi-2d,4,MINI,1.0194174757281553,3.433333333333333e-05,3.5e-05,c
noarr,standard,jacobi-2d,5,MINI,0.9999999999999998,3.5000000000000004e-05,3.5e-05,c
c,AllHints,lu,1,MINI,1.277777777777778,2.4e-05,3.066666666666667e-05,c
c,AllHints,lu,2,MINI,1.3142857142857143,2.3333333333333336e-05,3.066666666666667e-05,c
c,AllHints,lu,3,MINI,0.02819491265706405,0.0010876666666666667,3.066666666666667e-05,c
c,AllHints,lu,4,MINI,1.108433734939759,2.7666666666666667e-05,3.066666666666667e-05,c
c,AllHints,lu,5,MINI,0.9387755102040818,3.266666666666666e-05,3.066666666666667e-05,c
c,ChooseHints,lu,1,MINI,1.1500000000000001,2.6666666666666663e-05,3.066666666666667e-05,c
c,ChooseHints,lu,2,MINI,1.15,2.666666666666667e-05,3.066666666666667e-05,c
c,ChooseHints,lu,3,MINI,1.2432432432432434,2.4666666666666665e-05,3.066666666666667e-05,c
c,ChooseHints,lu,4,MINI,1.0109890109890112,3.0333333333333333e-05,3.066666666666667e-05,c
c,ChooseHints,lu,5,MINI,0.1642857142857143,0.00018666666666666666,3.066666666666667e-05,c
c,FromPlan,lu,1,MINI,1.4838709677419357,2.0666666666666666e-05,3.066666666666667e-05,c
c,FromPlan,lu,2,MINI,0.33576642335766427,9.133333333333334e-05,3.066666666666667e-05,c
c,FromPlan,lu,3,MINI,1.0222222222222224,3e-05,3.066666666666667e-05,c
c,FromPlan,lu,4,MINI,1.0222222222222224,2.9999999999999997e-05,3.066666666666667e-05,c
c,FromPlan,lu,5,MINI,2.9677419354838714,1.0333333333333333e-05,3.066666666666667e-05,c
c,Naive,lu,1,MINI,1.1358024691358024,2.7000000000000002e-05,3.066666666666667e-05,c
c,Naive,lu,2,MINI,1.295774647887324,2.3666666666666668e-05,3.066666666666667e-05,c
c,Naive,lu,3,MINI,0.9787234042553192,3.1333333333333334e-05,3.066666666666667e-05,c
c,Naive,lu,4,MINI,1.2602739726027399,2.4333333333333333e-05,3.066666666666667e-05,c
c,Naive,lu,5,MINI,1.4153846153846157,2.1666666666666664e-05,3.066666666666667e-05,c
c,standard,lu,1,MINI,1.0,3.066666666666667e-05,3.066666666666667e-05,c
exo,AllHints,lu,1,MINI,0.031028667790893767,0.0009883333333333333,3.066666666666667e-05,c
exo,AllHints,lu,2,MINI,0.029031240138845064,0.0010563333333333334,3.066666666666667e-05,c
exo,AllHints,lu,3,MINI,0.03010471204188482,0.0010186666666666666,3.066666666666667e-05,c
exo,AllHints,lu,4,MINI,0.0017580065734158832,0.017444,3.066666666666667e-05,c
exo,AllHints,lu,5,MINI,0.5609756097560976,5.466666666666667e-05,3.066666666666667e-05,c
exo,ChooseHints,lu,1,MINI,0.8598130841121495,3.566666666666667e-05,3.066666666666667e-05,c
exo,ChooseHints,lu,2,MINI,0.03066666666666667,0.001,3.066666666666667e-05,c
exo,ChooseHints,lu,3,MINI,1.0697674418604652,2.8666666666666668e-05,3.066666666666667e-05,c
exo,FromPlan,lu,3,MINI,0.7360000000000001,4.1666666666666665e-05,3.066666666666667e-05,c
exo,Naive,lu,1,MINI,0.9019607843137256,3.4e-05,3.066666666666667e-05,c
exo,Naive,lu,2,MINI,0.8761904761904763,3.5e-05,3.066666666666667e-05,c
exo,Naive,lu,3,MINI,1.0574712643678161,2.9e-05,3.066666666666667e-05,c
exo,Naive,lu,4,MINI,0.029374201787994894,0.001044,3.066666666666667e-05,c
exo,Naive,lu,5,MINI,0.8679245283018868,3.5333333333333336e-05,3.066666666666667e-05,c
exo,standard,lu,1,MINI,0.9583333333333335,3.2e-05,3.066666666666667e-05,c
exo,standard,lu,2,MINI,0.9387755102040818,3.266666666666666e-05,3.066666666666667e-05,c
exo,standard,lu,3,MINI,0.9292929292929293,3.3e-05,3.066666666666667e-05,c
exo,standard,lu,4,MINI,0.9387755102040818,3.266666666666666e-05,3.066666666666667e-05,c
exo,standard,lu,5,MINI,0.9387755102040818,3.266666666666666e-05,3.066666666666667e-05,c
halide,ChooseHints,lu,2,MINI,0.03733766233766234,0.0008213333333333333,3.066666666666667e-05,c
halide,ChooseHints,lu,4,MINI,0.03399852180339985,0.000902,3.066666666666667e-05,c
halide,ChooseHints,lu,5,MINI,0.021631789325182227,0.0014176666666666667,3.066666666666667e-05,c
halide,FromPlan,lu,5,MINI,0.021621621621621623,0.0014183333333333333,3.066666666666667e-05,c
halide,standard,lu,1,MINI,0.020781567653038173,0.0014756666666666668,3.066666666666667e-05,c
halide,standard,lu,5,MINI,0.022292221952992488,0.0013756666666666667,3.066666666666667e-05,c
noarr,AllHints,lu,1,MINI,1.3333333333333335,2.3e-05,3.066666666666667e-05,c
noarr,AllHints,lu,2,MINI,1.1358024691358026,2.6999999999999996e-05,3.066666666666667e-05,c
noarr,AllHints,lu,3,MINI,1.8039215686274512,1.7e-05,3.066666666666667e-05,c
noarr,AllHints,lu,4,MINI,1.3529411764705883,2.2666666666666668e-05,3.066666666666667e-05,c
noarr,AllHints,lu,5,MINI,1.7692307692307692,1.7333333333333336e-05,3.066666666666667e-05,c
noarr,ChooseHints,lu,1,MINI,1.373134328358209,2.2333333333333335e-05,3.066666666666667e-05,c
noarr,ChooseHints,lu,2,MINI,1.295774647887324,2.3666666666666668e-05,3.066666666666667e-05,c
noarr,ChooseHints,lu,3,MINI,0.9292929292929295,3.2999999999999996e-05,3.066666666666667e-05,c
noarr,ChooseHints,lu,5,MINI,1.2602739726027399,2.4333333333333333e-05,3.066666666666667e-05,c
noarr,FromPlan,lu,1,MINI,1.3333333333333335,2.3e-05,3.066666666666667e-05,c
noarr,FromPlan,lu,2,MINI,1.6140350877192984,1.9e-05,3.066666666666667e-05,c
noarr,FromPlan,lu,3,MINI,1.8039215686274512,1.7e-05,3.066666666666667e-05,c
noarr,FromPlan,lu,4,MINI,1.4838709677419357,2.0666666666666666e-05,3.066666666666667e-05,c
noarr,FromPlan,lu,5,MINI,1.295774647887324,2.3666666666666668e-05,3.066666666666667e-05,c
noarr,Naive,lu,1,MINI,0.9387755102040818,3.266666666666666e-05,3.066666666666667e-05,c
noarr,Naive,lu,2,MINI,1.2105263157894737,2.5333333333333334e-05,3.066666666666667e-05,c
noarr,Naive,lu,3,MINI,1.4603174603174605,2.1e-05,3.066666666666667e-05,c
noarr,Naive,lu,4,MINI,0.8070175438596492,3.8e-05,3.066666666666667e-05,c
noarr,standard,lu,2,MINI,1.1358024691358026,2.6999999999999996e-05,3.066666666666667e-05,c
noarr,standard,lu,5,MINI,1.2105263157894737,2.5333333333333334e-05,3.066666666666667e-05,c
c,AllHints,ludcmp,1,MINI,0.9052631578947369,3.1666666666666666e-05,2.8666666666666668e-05,c
c,AllHints,ludcmp,2,MINI,1.0,2.8666666666666668e-05,2.8666666666666668e-05,c
c,AllHints,ludcmp,3,MINI,1.023809523809524,2.8e-05,2.8666666666666668e-05,c
c,AllHints,ludcmp,5,MINI,1.036144578313253,2.7666666666666667e-05,2.8666666666666668e-05,c
c,ChooseHints,ludcmp,1,MINI,0.02721518987341772,0.0010533333333333334,2.8666666666666668e-05,c
c,ChooseHints,ludcmp,2,MINI,0.273015873015873,0.000105,2.8666666666666668e-05,c
c,ChooseHints,ludcmp,3,MINI,0.8686868686868688,3.2999999999999996e-05,2.8666666666666668e-05,c
c,ChooseHints,ludcmp,4,MINI,0.296551724137931,9.666666666666667e-05,2.8666666666666668e-05,c
c,ChooseHints,ludcmp,5,MINI,0.03537638831756479,0.0008103333333333334,2.8666666666666668e-05,c
c,FromPlan,ludcmp,1,MINI,1.1466666666666667,2.4999999999999998e-05,2.8666666666666668e-05,c
c,FromPlan,ludcmp,3,MINI,1.036144578313253,2.7666666666666667e-05,2.8666666666666668e-05,c
c,FromPlan,ludcmp,4,MINI,1.131578947368421,2.5333333333333334e-05,2.8666666666666668e-05,c
c,FromPlan,ludcmp,5,MINI,1.2835820895522387,2.2333333333333335e-05,2.8666666666666668e-05,c
c,Naive,ludcmp,2,MINI,1.2112676056338028,2.3666666666666668e-05,2.8666666666666668e-05,c
c,Naive,ludcmp,3,MINI,0.88659793814433,3.233333333333333e-05,2.8666666666666668e-05,c
c,Naive,ludcmp,4,MINI,1.0,2.8666666666666668e-05,2.8666666666666668e-05,c
c,standard,ludcmp,1,MINI,1.0,2.8666666666666668e-05,2.8666666666666668e-05,c
exo,AllHints,ludcmp,2,MINI,0.8514851485148515,3.366666666666667e-05,2.8666666666666668e-05,c
exo,AllHints,ludcmp,5,MINI,0.024920312952767316,0.0011503333333333333,2.8666666666666668e-05,c
exo,ChooseHints,ludcmp,1,MINI,0.7350427350427351,3.9e-05,2.8666666666666668e-05,c
exo,ChooseHints,ludcmp,3,MINI,0.026716371543957753,0.001073,2.8666666666666668e-05,c
exo,ChooseHints,ludcmp,4,MINI,0.7818181818181819,3.6666666666666666e-05,2.8666666666666668e-05,c
exo,FromPlan,ludcmp,3,MINI,0.0012610895226922796,0.022731666666666667,2.8666666666666668e-05,c
exo,Naive,ludcmp,1,MINI,0.8514851485148515,3.366666666666667e-05,2.8666666666666668e-05,c
exo,Naive,ludcmp,2,MINI,0.9148936170212766,3.1333333333333334e-05,2.8666666666666668e-05,c
exo,Naive,ludcmp,3,MINI,0.6564885496183207,4.366666666666666e-05,2.8666666666666668e-05,c
exo,Naive,ludcmp,5,MINI,0.8514851485148515,3.366666666666667e-05,2.8666666666666668e-05,c
exo,standard,ludcmp,1,MINI,0.9052631578947369,3.1666666666666666e-05,2.8666666666666668e-05,c
exo,standard,ludcmp,2,MINI,0.9052631578947369,3.1666666666666666e-05,2.8666666666666668e-05,c
exo,standard,ludcmp,3,MINI,0.9247311827956989,3.1e-05,2.8666666666666668e-05,c
exo,standard,ludcmp,4,MINI,0.8775510204081634,3.266666666666666e-05,2.8666666666666668e-05,c
exo,standard,ludcmp,5,MINI,0.9247311827956989,3.1e-05,2.8666666666666668e-05,c
halide,AllHints,ludcmp,2,MINI,0.019094138543516874,0.0015013333333333335,2.8666666666666668e-05,c
halide,AllHints,ludcmp,4,MINI,0.0314787701317716,0.0009106666666666667,2.8666666666666668e-05,c
halide,ChooseHints,ludcmp,1,MINI,0.018855514141635606,0.0015203333333333334,2.8666666666666668e-05,c
halide,Naive,ludcmp,3,MINI,0.03189910979228487,0.0008986666666666666,2.8666666666666668e-05,c
halide,standard,ludcmp,3,MINI,0.019408711351839313,0.001477,2.8666666666666668e-05,c
noarr,AllHints,ludcmp,1,MINI,1.0617283950617287,2.6999999999999996e-05,2.8666666666666668e-05,c
noarr,AllHints,ludcmp,2,MINI,0.9885057471264368,2.9e-05,2.8666666666666668e-05,c
noarr,AllHints,ludcmp,3,MINI,0.8686868686868686,3.3e-05,2.8666666666666668e-05,c
noarr,AllHints,ludcmp,4,MINI,1.1466666666666667,2.5e-05,2.8666666666666668e-05,c
noarr,AllHints,ludcmp,5,MINI,1.088607594936709,2.633333333333333e-05,2.8666666666666668e-05,c
noarr,ChooseHints,ludcmp,1,MINI,0.8686868686868686,3.3e-05,2.8666666666666668e-05,c
noarr,ChooseHints,ludcmp,2,MINI,1.088607594936709,2.633333333333333e-05,2.8666666666666668e-05,c
noarr,ChooseHints,ludcmp,3,MINI,0.88659793814433,3.233333333333333e-05,2.8666666666666668e-05,c
noarr,ChooseHints,ludcmp,4,MINI,1.1025641025641026,2.6e-05,2.8666666666666668e-05,c
noarr,ChooseHints,ludcmp,5,MINI,0.6564885496183207,4.366666666666666e-05,2.8666666666666668e-05,c
noarr,FromPlan,ludcmp,1,MINI,1.0617283950617287,2.6999999999999996e-05,2.8666666666666668e-05,c
noarr,FromPlan,ludcmp,2,MINI,1.0617283950617287,2.6999999999999996e-05,2.8666666666666668e-05,c
noarr,FromPlan,ludcmp,3,MINI,1.1466666666666667,2.5e-05,2.8666666666666668e-05,c
noarr,FromPlan,ludcmp,5,MINI,1.1466666666666667,2.5e-05,2.8666666666666668e-05,c
noarr,Naive,ludcmp,1,MINI,1.1466666666666667,2.5e-05,2.8666666666666668e-05,c
noarr,Naive,ludcmp,2,MINI,1.0617283950617287,2.6999999999999996e-05,2.8666666666666668e-05,c
noarr,Naive,ludcmp,3,MINI,1.1025641025641026,2.6e-05,2.8666666666666668e-05,c
noarr,Naive,ludcmp,4,MINI,1.1025641025641026,2.6e-05,2.8666666666666668e-05,c
noarr,Naive,ludcmp,5,MINI,0.88659793814433,3.233333333333333e-05,2.8666666666666668e-05,c
noarr,standard,ludcmp,1,MINI,1.023809523809524,2.8e-05,2.8666666666666668e-05,c
c,AllHints,mvt,1,MINI,2.5000000000000004,2e-06,5e-06,c
c,AllHints,mvt,2,MINI,0.11904761904761907,4.2e-05,5e-06,c
c,AllHints,mvt,4,MINI,0.08928571428571429,5.6e-05,5e-06,c
c,AllHints,mvt,5,MINI,0.8333333333333334,6e-06,5e-06,c
c,ChooseHints,mvt,1,MINI,0.45454545454545453,1.1000000000000001e-05,5e-06,c
c,ChooseHints,mvt,2,MINI,0.04792332268370607,0.00010433333333333334,5e-06,c
c,ChooseHints,mvt,3,MINI,1.3636363636363638,3.6666666666666666e-06,5e-06,c
c,ChooseHints,mvt,5,MINI,0.6521739130434783,7.666666666666667e-06,5e-06,c
c,FromPlan,mvt,1,MINI,2.1428571428571432,2.333333333333333e-06,5e-06,c
c,FromPlan,mvt,2,MINI,1.3636363636363638,3.6666666666666666e-06,5e-06,c
c,FromPlan,mvt,3,MINI,2.5000000000000004,2e-06,5e-06,c
c,FromPlan,mvt,4,MINI,2.5000000000000004,2e-06,5e-06,c
c,FromPlan,mvt,5,MINI,2.5000000000000004,2e-06,5e-06,c
c,Naive,mvt,1,MINI,2.5000000000000004,2e-06,5e-06,c
c,Naive,mvt,2,MINI,2.1428571428571432,2.333333333333333e-06,5e-06,c
c,Naive,mvt,3,MINI,1.8750000000000004,2.6666666666666664e-06,5e-06,c
c,Naive,mvt,4,MINI,0.7894736842105263,6.333333333333333e-06,5e-06,c
c,Naive,mvt,5,MINI,2.1428571428571432,2.333333333333333e-06,5e-06,c
c,standard,mvt,1,MINI,1.0,5e-06,5e-06,c
exo,AllHints,mvt,1,MINI,0.09146341463414634,5.466666666666667e-05,5e-06,c
exo,AllHints,mvt,2,MINI,0.08108108108108109,6.166666666666667e-05,5e-06,c
exo,AllHints,mvt,3,MINI,0.08241758241758243,6.0666666666666666e-05,5e-06,c
exo,AllHints,mvt,4,MINI,0.09036144578313253,5.5333333333333334e-05,5e-06,c
exo,AllHints,mvt,5,MINI,0.15306122448979595,3.266666666666666e-05,5e-06,c
exo,ChooseHints,mvt,1,MINI,0.14150943396226415,3.5333333333333336e-05,5e-06,c
exo,ChooseHints,mvt,2,MINI,0.08108108108108109,6.166666666666667e-05,5e-06,c
exo,ChooseHints,mvt,3,MINI,0.08333333333333334,6e-05,5e-06,c
exo,ChooseHints,mvt,4,MINI,1.1538461538461537,4.333333333333334e-06,5e-06,c
exo,ChooseHints,mvt,5,MINI,0.08771929824561404,5.7e-05,5e-06,c
exo,FromPlan,mvt,2,MINI,0.14150943396226415,3.5333333333333336e-05,5e-06,c
exo,FromPlan,mvt,3,MINI,0.004365541327124564,0.0011453333333333333,5e-06,c
exo,FromPlan,mvt,4,MINI,0.0045620437956204385,0.001096,5e-06,c
exo,Naive,mvt,2,MINI,0.08064516129032258,6.2e-05,5e-06,c
exo,Naive,mvt,3,MINI,0.8333333333333334,6e-06,5e-06,c
exo,Naive,mvt,4,MINI,0.15306122448979595,3.266666666666666e-05,5e-06,c
exo,standard,mvt,1,MINI,0.9374999999999999,5.3333333333333345e-06,5e-06,c
exo,standard,mvt,2,MINI,0.8823529411764707,5.666666666666667e-06,5e-06,c
exo,standard,mvt,3,MINI,0.9374999999999999,5.3333333333333345e-06,5e-06,c
exo,standard,mvt,4,MINI,0.9374999999999999,5.3333333333333345e-06,5e-06,c
exo,standard,mvt,5,MINI,0.8823529411764707,5.666666666666667e-06,5e-06,c
halide,AllHints,mvt,3,MINI,0.04087193460490464,0.00012233333333333332,5e-06,c
halide,AllHints,mvt,5,MINI,0.0013721185510428102,0.003644,5e-06,c
halide,ChooseHints,mvt,2,MINI,0.016181229773462782,0.00030900000000000003,5e-06,c
halide,FromPlan,mvt,5,MINI,0.027124773960217,0.00018433333333333333,5e-06,c
halide,Naive,mvt,2,MINI,0.02192982456140351,0.00022799999999999999,5e-06,c
halide,Naive,mvt,3,MINI,0.014895729890764651,0.0003356666666666666,5e-06,c
halide,standard,mvt,1,MINI,0.25423728813559326,1.9666666666666666e-05,5e-06,c
halide,standard,mvt,2,MINI,0.23809523809523814,2.1e-05,5e-06,c
halide,standard,mvt,3,MINI,0.27272727272727276,1.8333333333333333e-05,5e-06,c
halide,standard,mvt,4,MINI,0.2631578947368421,1.9e-05,5e-06,c
halide,standard,mvt,5,MINI,0.25,2e-05,5e-06,c
noarr,AllHints,mvt,1,MINI,0.001904520060944642,0.0026253333333333337,5e-06,c
noarr,AllHints,mvt,2,MINI,2.5000000000000004,2e-06,5e-06,c
noarr,AllHints,mvt,3,MINI,0.0019755037534571317,0.0025310000000000003,5e-06,c
noarr,AllHints,mvt,4,MINI,0.0019440124416796269,0.002572,5e-06,c
noarr,AllHints,mvt,5,MINI,2.5000000000000004,2e-06,5e-06,c
noarr,ChooseHints,mvt,1,MINI,2.5000000000000004,2e-06,5e-06,c
noarr,ChooseHints,mvt,2,MINI,2.5000000000000004,2e-06,5e-06,c
noarr,ChooseHints,mvt,3,MINI,2.5000000000000004,2e-06,5e-06,c
noarr,ChooseHints,mvt,4,MINI,2.5000000000000004,2e-06,5e-06,c
noarr,ChooseHints,mvt,5,MINI,2.5000000000000004,2e-06,5e-06,c
noarr,FromPlan,mvt,1,MINI,2.5000000000000004,2e-06,5e-06,c
noarr,FromPlan,mvt,2,MINI,1.2500000000000002,4e-06,5e-06,c
noarr,FromPlan,mvt,3,MINI,1.2500000000000002,4e-06,5e-06,c
noarr,FromPlan,mvt,4,MINI,2.5000000000000004,2e-06,5e-06,c
noarr,FromPlan,mvt,5,MINI,2.5000000000000004,2e-06,5e-06,c
noarr,Naive,mvt,1,MINI,1.6666666666666667,3e-06,5e-06,c
noarr,Naive,mvt,2,MINI,1.2500000000000002,4e-06,5e-06,c
noarr,Naive,mvt,3,MINI,2.5000000000000004,2e-06,5e-06,c
noarr,Naive,mvt,4,MINI,2.5000000000000004,2e-06,5e-06,c
noarr,Naive,mvt,5,MINI,2.5000000000000004,2e-06,5e-06,c
noarr,standard,mvt,1,MINI,1.6666666666666667,3e-06,5e-06,c
noarr,standard,mvt,2,MINI,1.6666666666666667,3e-06,5e-06,c
noarr,standard,mvt,3,MINI,1.6666666666666667,3e-06,5e-06,c
noarr,standard,mvt,4,MINI,1.6666666666666667,3e-06,5e-06,c
noarr,standard,mvt,5,MINI,1.6666666666666667,3e-06,5e-06,c
c,AllHints,nussinov,1,MINI,0.7879464285714287,0.00014933333333333332,0.00011766666666666668,c
c,AllHints,nussinov,3,MINI,0.08516284680337757,0.0013816666666666667,0.00011766666666666668,c
c,AllHints,nussinov,5,MINI,0.3862144420131291,0.0003046666666666667,0.00011766666666666668,c
c,ChooseHints,nussinov,1,MINI,0.3904867256637169,0.0003013333333333333,0.00011766666666666668,c
c,ChooseHints,nussinov,2,MINI,0.15150214592274677,0.0007766666666666667,0.00011766666666666668,c
c,ChooseHints,nussinov,4,MINI,0.15612560813799203,0.0007536666666666667,0.00011766666666666668,c
c,ChooseHints,nussinov,5,MINI,0.3993212669683258,0.00029466666666666666,0.00011766666666666668,c
c,FromPlan,nussinov,1,MINI,2.126506024096386,5.5333333333333334e-05,0.00011766666666666668,c
c,FromPlan,nussinov,3,MINI,0.0863080684596577,0.0013633333333333334,0.00011766666666666668,c
c,FromPlan,nussinov,4,MINI,0.6054888507718696,0.00019433333333333333,0.00011766666666666668,c
c,FromPlan,nussinov,5,MINI,2.27741935483871,5.1666666666666664e-05,0.00011766666666666668,c
c,Naive,nussinov,1,MINI,1.9720670391061452,5.966666666666667e-05,0.00011766666666666668,c
c,Naive,nussinov,2,MINI,1.8877005347593583,6.233333333333334e-05,0.00011766666666666668,c
c,Naive,nussinov,3,MINI,1.8978494623655915,6.2e-05,0.00011766666666666668,c
c,Naive,nussinov,5,MINI,1.8877005347593583,6.233333333333334e-05,0.00011766666666666668,c
c,standard,nussinov,1,MINI,1.0,0.00011766666666666668,0.00011766666666666668,c
exo,AllHints,nussinov,2,MINI,0.08355029585798818,0.0014083333333333333,0.00011766666666666668,c
exo,AllHints,nussinov,3,MINI,0.07964801444043322,0.0014773333333333333,0.00011766666666666668,c
exo,AllHints,nussinov,5,MINI,0.08101904980491165,0.0014523333333333333,0.00011766666666666668,c
exo,ChooseHints,nussinov,1,MINI,1.2089041095890412,9.733333333333333e-05,0.00011766666666666668,c
exo,ChooseHints,nussinov,2,MINI,0.0804100227790433,0.0014633333333333332,0.00011766666666666668,c
exo,ChooseHints,nussinov,3,MINI,0.08031854379977248,0.001465,0.00011766666666666668,c
exo,ChooseHints,nussinov,4,MINI,0.08154308154308154,0.001443,0.00011766666666666668,c
exo,ChooseHints,nussinov,5,MINI,0.08101904980491165,0.0014523333333333333,0.00011766666666666668,c
exo,FromPlan,nussinov,1,MINI,0.08280553600750645,0.0014210000000000002,0.00011766666666666668,c
exo,FromPlan,nussinov,4,MINI,1.2697841726618706,9.266666666666666e-05,0.00011766666666666668,c
exo,Naive,nussinov,1,MINI,1.0261627906976745,0.00011466666666666667,0.00011766666666666668,c
exo,Naive,nussinov,2,MINI,1.0291545189504374,0.00011433333333333333,0.00011766666666666668,c
exo,standard,nussinov,1,MINI,1.0382352941176471,0.00011333333333333334,0.00011766666666666668,c
exo,standard,nussinov,2,MINI,1.041297935103245,0.000113,0.00011766666666666668,c
exo,standard,nussinov,3,MINI,0.9860335195530726,0.00011933333333333334,0.00011766666666666668,c
exo,standard,nussinov,5,MINI,1.278985507246377,9.2e-05,0.00011766666666666668,c
halide,AllHints,nussinov,4,MINI,0.8802992518703242,0.00013366666666666667,0.00011766666666666668,c
halide,ChooseHints,nussinov,1,MINI,0.09740618101545255,0.0012079999999999999,0.00011766666666666668,c
halide,standard,nussinov,3,MINI,0.0684241132002326,0.0017196666666666669,0.00011766666666666668,c
halide,standard,nussinov,4,MINI,0.0584727513665728,0.0020123333333333334,0.00011766666666666668,c
c,AllHints,seidel-2d,1,MINI,1.3545108005082593,0.00026233333333333333,0.00035533333333333337,c
c,AllHints,seidel-2d,2,MINI,0.9682107175295188,0.000367,0.00035533333333333337,c
c,AllHints,seidel-2d,3,MINI,0.9018612521150594,0.000394,0.00035533333333333337,c
c,AllHints,seidel-2d,4,MINI,0.8898163606010017,0.00039933333333333335,0.00035533333333333337,c
c,AllHints,seidel-2d,5,MINI,1.28125,0.00027733333333333337,0.00035533333333333337,c
c,ChooseHints,seidel-2d,1,MINI,1.3614303959131546,0.000261,0.00035533333333333337,c
c,ChooseHints,seidel-2d,2,MINI,0.9350877192982457,0.00037999999999999997,0.00035533333333333337,c
c,ChooseHints,seidel-2d,3,MINI,1.7946127946127952,0.00019799999999999996,0.00035533333333333337,c
c,ChooseHints,seidel-2d,4,MINI,0.9779816513761469,0.00036333333333333335,0.00035533333333333337,c
c,ChooseHints,seidel-2d,5,MINI,1.2210767468499428,0.000291,0.00035533333333333337,c
c,FromPlan,seidel-2d,1,MINI,1.8442906574394469,0.00019266666666666664,0.00035533333333333337,c
c,FromPlan,seidel-2d,2,MINI,1.8506944444444446,0.000192,0.00035533333333333337,c
c,FromPlan,seidel-2d,3,MINI,1.8734622144112478,0.00018966666666666668,0.00035533333333333337,c
c,FromPlan,seidel-2d,4,MINI,1.8900709219858156,0.00018800000000000002,0.00035533333333333337,c
c,FromPlan,seidel-2d,5,MINI,1.8900709219858156,0.00018800000000000002,0.00035533333333333337,c
c,Naive,seidel-2d,2,MINI,0.8702040816326532,0.0004083333333333333,0.00035533333333333337,c
c,Naive,seidel-2d,3,MINI,1.3095823095823098,0.00027133333333333333,0.00035533333333333337,c
c,Naive,seidel-2d,4,MINI,1.0745967741935485,0.00033066666666666666,0.00035533333333333337,c
c,Naive,seidel-2d,5,MINI,0.9843028624192061,0.000361,0.00035533333333333337,c
c,standard,seidel-2d,1,MINI,1.0,0.00035533333333333337,0.00035533333333333337,c
exo,AllHints,seidel-2d,1,MINI,0.9981273408239701,0.000356,0.00035533333333333337,c
exo,ChooseHints,seidel-2d,1,MINI,0.8514376996805112,0.00041733333333333336,0.00035533333333333337,c
exo,FromPlan,seidel-2d,2,MINI,0.9647058823529412,0.00036833333333333336,0.00035533333333333337,c
exo,FromPlan,seidel-2d,3,MINI,0.9492430988423866,0.00037433333333333334,0.00035533333333333337,c
exo,Naive,seidel-2d,3,MINI,0.7397640527411521,0.0004803333333333333,0.00035533333333333337,c
exo,standard,seidel-2d,1,MINI,1.0028222013170276,0.0003543333333333333,0.00035533333333333337,c
exo,standard,seidel-2d,2,MINI,0.98158379373849,0.00036199999999999996,0.00035533333333333337,c
exo,standard,seidel-2d,3,MINI,0.9824884792626729,0.00036166666666666666,0.00035533333333333337,c
exo,standard,seidel-2d,4,MINI,0.98158379373849,0.00036199999999999996,0.00035533333333333337,c
exo,standard,seidel-2d,5,MINI,0.9517857142857145,0.0003733333333333333,0.00035533333333333337,c
halide,standard,seidel-2d,1,MINI,2.3377192982456143,0.000152,0.00035533333333333337,c
halide,standard,seidel-2d,3,MINI,0.06499207413730033,0.005467333333333334,0.00035533333333333337,c
noarr,AllHints,seidel-2d,1,MINI,1.0502463054187192,0.00033833333333333334,0.00035533333333333337,c
noarr,AllHints,seidel-2d,2,MINI,1.4232309746328438,0.0002496666666666667,0.00035533333333333337,c
noarr,AllHints,seidel-2d,3,MINI,1.3128078817733992,0.00027066666666666667,0.00035533333333333337,c
noarr,AllHints,seidel-2d,4,MINI,1.4385964912280704,0.000247,0.00035533333333333337,c
noarr,AllHints,seidel-2d,5,MINI,1.2086167800453516,0.000294,0.00035533333333333337,c
noarr,ChooseHints,seidel-2d,1,MINI,1.450340136054422,0.000245,0.00035533333333333337,c
noarr,ChooseHints,seidel-2d,2,MINI,1.2058823529411766,0.00029466666666666666,0.00035533333333333337,c
noarr,ChooseHints,seidel-2d,3,MINI,1.0692076228686058,0.00033233333333333335,0.00035533333333333337,c
noarr,ChooseHints,seidel-2d,4,MINI,1.0638722554890223,0.00033399999999999993,0.00035533333333333337,c
noarr,ChooseHints,seidel-2d,5,MINI,1.215507411630559,0.0002923333333333333,0.00035533333333333337,c
noarr,FromPlan,seidel-2d,1,MINI,1.0085146641438032,0.00035233333333333335,0.00035533333333333337,c
noarr,FromPlan,seidel-2d,2,MINI,1.4385964912280704,0.000247,0.00035533333333333337,c
noarr,FromPlan,seidel-2d,3,MINI,0.9843028624192061,0.000361,0.00035533333333333337,c
noarr,FromPlan,seidel-2d,4,MINI,0.969972702456779,0.0003663333333333333,0.00035533333333333337,c
noarr,Naive,seidel-2d,1,MINI,1.0800405268490374,0.00032900000000000003,0.00035533333333333337,c
noarr,Naive,seidel-2d,2,MINI,1.4327956989247312,0.000248,0.00035533333333333337,c
noarr,Naive,seidel-2d,3,MINI,1.4327956989247312,0.000248,0.00035533333333333337,c
noarr,Naive,seidel-2d,4,MINI,1.0606965174129355,0.000335,0.00035533333333333337,c
noarr,Naive,seidel-2d,5,MINI,1.4366576819407009,0.00024733333333333335,0.00035533333333333337,c
noarr,standard,seidel-2d,1,MINI,1.0745967741935485,0.00033066666666666666,0.00035533333333333337,c
noarr,standard,seidel-2d,2,MINI,1.0844354018311293,0.00032766666666666664,0.00035533333333333337,c
noarr,standard,seidel-2d,3,MINI,1.0822335025380712,0.0003283333333333333,0.00035533333333333337,c
noarr,standard,seidel-2d,4,MINI,1.0933333333333335,0.000325,0.00035533333333333337,c
noarr,standard,seidel-2d,5,MINI,1.0767676767676768,0.00033,0.00035533333333333337,c
c,AllHints,symm,1,MINI,0.1287425149700599,0.00011133333333333333,1.4333333333333334e-05,c
c,AllHints,symm,2,MINI,3.3076923076923075,4.333333333333334e-06,1.4333333333333334e-05,c
c,AllHints,symm,3,MINI,0.05315203955500618,0.0002696666666666667,1.4333333333333334e-05,c
c,AllHints,symm,4,MINI,0.00751485494582314,0.0019073333333333331,1.4333333333333334e-05,c
c,AllHints,symm,5,MINI,0.3115942028985507,4.6e-05,1.4333333333333334e-05,c
c,ChooseHints,symm,1,MINI,4.777777777777778,3e-06,1.4333333333333334e-05,c
c,ChooseHints,symm,2,MINI,0.4215686274509804,3.4e-05,1.4333333333333334e-05,c
c,ChooseHints,symm,3,MINI,0.3524590163934426,4.066666666666667e-05,1.4333333333333334e-05,c
c,ChooseHints,symm,4,MINI,0.4343434343434344,3.2999999999999996e-05,1.4333333333333334e-05,c
c,ChooseHints,symm,5,MINI,0.05591677503250976,0.0002563333333333333,1.4333333333333334e-05,c
c,FromPlan,symm,1,MINI,3.5833333333333335,4e-06,1.4333333333333334e-05,c
c,FromPlan,symm,2,MINI,4.300000000000001,3.333333333333333e-06,1.4333333333333334e-05,c
c,FromPlan,symm,3,MINI,3.071428571428571,4.666666666666667e-06,1.4333333333333334e-05,c
c,FromPlan,symm,4,MINI,3.071428571428571,4.666666666666667e-06,1.4333333333333334e-05,c
c,FromPlan,symm,5,MINI,3.909090909090909,3.6666666666666666e-06,1.4333333333333334e-05,c
c,Naive,symm,1,MINI,3.5833333333333335,4e-06,1.4333333333333334e-05,c
c,Naive,symm,2,MINI,3.5833333333333335,4e-06,1.4333333333333334e-05,c
c,Naive,symm,3,MINI,3.909090909090909,3.6666666666666666e-06,1.4333333333333334e-05,c
c,Naive,symm,4,MINI,0.9772727272727273,1.4666666666666666e-05,1.4333333333333334e-05,c
c,Naive,symm,5,MINI,1.1944444444444444,1.2e-05,1.4333333333333334e-05,c
c,standard,symm,1,MINI,1.0,1.4333333333333334e-05,1.4333333333333334e-05,c
exo,AllHints,symm,2,MINI,0.12835820895522387,0.00011166666666666667,1.4333333333333334e-05,c
exo,AllHints,symm,5,MINI,0.30935251798561153,4.633333333333333e-05,1.4333333333333334e-05,c
exo,ChooseHints,symm,2,MINI,0.02751119641714651,0.0005210000000000001,1.4333333333333334e-05,c
exo,ChooseHints,symm,3,MINI,0.029211956521739135,0.0004906666666666666,1.4333333333333334e-05,c
exo,ChooseHints,symm,4,MINI,0.023942093541202674,0.0005986666666666666,1.4333333333333334e-05,c
exo,FromPlan,symm,1,MINI,0.2118226600985222,6.766666666666667e-05,1.4333333333333334e-05,c
exo,FromPlan,symm,4,MINI,0.3524590163934426,4.066666666666667e-05,1.4333333333333334e-05,c
exo,Naive,symm,1,MINI,0.8775510204081634,1.633333333333333e-05,1.4333333333333334e-05,c
exo,Naive,symm,2,MINI,0.3006993006993007,4.766666666666667e-05,1.4333333333333334e-05,c
exo,Naive,symm,4,MINI,0.02901484480431849,0.000494,1.4333333333333334e-05,c
exo,Naive,symm,5,MINI,0.029391660970608344,0.00048766666666666663,1.4333333333333334e-05,c
exo,standard,symm,1,MINI,0.7678571428571428,1.866666666666667e-05,1.4333333333333334e-05,c
exo,standard,symm,2,MINI,0.7288135593220338,1.966666666666667e-05,1.4333333333333334e-05,c
exo,standard,symm,3,MINI,0.7543859649122807,1.9e-05,1.4333333333333334e-05,c
exo,standard,symm,4,MINI,0.7678571428571428,1.866666666666667e-05,1.4333333333333334e-05,c
exo,standard,symm,5,MINI,0.7543859649122807,1.9e-05,1.4333333333333334e-05,c
halide,FromPlan,symm,2,MINI,0.2945205479452055,4.8666666666666666e-05,1.4333333333333334e-05,c
halide,FromPlan,symm,3,MINI,0.29054054054054057,4.933333333333333e-05,1.4333333333333334e-05,c
halide,standard,symm,1,MINI,0.28104575163398693,5.1e-05,1.4333333333333334e-05,c
halide,standard,symm,2,MINI,0.32575757575757575,4.4000000000000006e-05,1.4333333333333334e-05,c
halide,standard,symm,3,MINI,0.33593750000000006,4.266666666666666e-05,1.4333333333333334e-05,c
halide,standard,symm,4,MINI,0.2866666666666667,4.9999999999999996e-05,1.4333333333333334e-05,c
halide,standard,symm,5,MINI,0.3233082706766917,4.433333333333334e-05,1.4333333333333334e-05,c
noarr,AllHints,symm,1,MINI,0.005747126436781609,0.002494,1.4333333333333334e-05,c
noarr,AllHints,symm,2,MINI,1.5925925925925926,9e-06,1.4333333333333334e-05,c
noarr,AllHints,symm,3,MINI,0.005447865197010009,0.002631,1.4333333333333334e-05,c
noarr,AllHints,symm,4,MINI,0.0054902962206332985,0.002610666666666667,1.4333333333333334e-05,c
noarr,AllHints,symm,5,MINI,2.8666666666666667,5e-06,1.4333333333333334e-05,c
noarr,ChooseHints,symm,1,MINI,2.388888888888889,6e-06,1.4333333333333334e-05,c
noarr,ChooseHints,symm,2,MINI,2.047619047619048,7e-06,1.4333333333333334e-05,c
noarr,ChooseHints,symm,3,MINI,1.4827586206896552,9.666666666666667e-06,1.4333333333333334e-05,c
noarr,ChooseHints,symm,5,MINI,1.7916666666666667,8e-06,1.4333333333333334e-05,c
noarr,FromPlan,symm,1,MINI,1.5925925925925926,9e-06,1.4333333333333334e-05,c
noarr,FromPlan,symm,2,MINI,2.388888888888889,6e-06,1.4333333333333334e-05,c
noarr,FromPlan,symm,3,MINI,2.388888888888889,6e-06,1.4333333333333334e-05,c
noarr,FromPlan,symm,4,MINI,2.1500000000000004,6.666666666666666e-06,1.4333333333333334e-05,c
noarr,FromPlan,symm,5,MINI,1.1621621621621623,1.2333333333333333e-05,1.4333333333333334e-05,c
noarr,Naive,symm,2,MINI,1.8695652173913042,7.666666666666667e-06,1.4333333333333334e-05,c
noarr,Naive,symm,3,MINI,1.5925925925925926,9e-06,1.4333333333333334e-05,c
noarr,Naive,symm,4,MINI,2.388888888888889,6e-06,1.4333333333333334e-05,c
noarr,Naive,symm,5,MINI,1.5925925925925926,9e-06,1.4333333333333334e-05,c
noarr,standard,symm,1,MINI,1.1025641025641026,1.3e-05,1.4333333333333334e-05,c
noarr,standard,symm,2,MINI,1.5925925925925926,9e-06,1.4333333333333334e-05,c
noarr,standard,symm,3,MINI,1.1944444444444444,1.2e-05,1.4333333333333334e-05,c
noarr,standard,symm,4,MINI,1.5925925925925926,9e-06,1.4333333333333334e-05,c
noarr,standard,symm,5,MINI,1.4333333333333333,1e-05,1.4333333333333334e-05,c
c,AllHints,syr2k,1,MINI,0.2986111111111111,4.8e-05,1.4333333333333334e-05,c
c,AllHints,syr2k,2,MINI,0.37719298245614036,3.8e-05,1.4333333333333334e-05,c
c,AllHints,syr2k,3,MINI,0.43,3.3333333333333335e-05,1.4333333333333334e-05,c
c,AllHints,syr2k,4,MINI,0.6825396825396826,2.1e-05,1.4333333333333334e-05,c
c,AllHints,syr2k,5,MINI,0.3307692307692308,4.333333333333333e-05,1.4333333333333334e-05,c
c,ChooseHints,syr2k,2,MINI,0.45263157894736844,3.1666666666666666e-05,1.4333333333333334e-05,c
c,ChooseHints,syr2k,3,MINI,0.45263157894736844,3.1666666666666666e-05,1.4333333333333334e-05,c
c,ChooseHints,syr2k,4,MINI,0.4574468085106383,3.1333333333333334e-05,1.4333333333333334e-05,c
c,ChooseHints,syr2k,5,MINI,0.27564102564102566,5.2e-05,1.4333333333333334e-05,c
c,FromPlan,syr2k,2,MINI,0.9347826086956521,1.5333333333333334e-05,1.4333333333333334e-05,c
c,FromPlan,syr2k,3,MINI,1.7200000000000004,8.333333333333332e-06,1.4333333333333334e-05,c
c,FromPlan,syr2k,4,MINI,0.4479166666666667,3.2e-05,1.4333333333333334e-05,c
c,FromPlan,syr2k,5,MINI,2.047619047619048,7e-06,1.4333333333333334e-05,c
c,Naive,syr2k,1,MINI,1.5357142857142856,9.333333333333334e-06,1.4333333333333334e-05,c
c,Naive,syr2k,2,MINI,1.9545454545454546,7.333333333333333e-06,1.4333333333333334e-05,c
c,Naive,syr2k,3,MINI,1.5357142857142856,9.333333333333334e-06,1.4333333333333334e-05,c
c,Naive,syr2k,4,MINI,1.5925925925925926,9e-06,1.4333333333333334e-05,c
c,Naive,syr2k,5,MINI,0.8775510204081634,1.633333333333333e-05,1.4333333333333334e-05,c
c,standard,syr2k,1,MINI,1.0,1.4333333333333334e-05,1.4333333333333334e-05,c
exo,AllHints,syr2k,1,MINI,0.40186915887850466,3.566666666666667e-05,1.4333333333333334e-05,c
exo,AllHints,syr2k,2,MINI,0.4215686274509804,3.4e-05,1.4333333333333334e-05,c
exo,AllHints,syr2k,3,MINI,0.41747572815533984,3.433333333333333e-05,1.4333333333333334e-05,c
exo,AllHints,syr2k,4,MINI,0.4387755102040817,3.266666666666666e-05,1.4333333333333334e-05,c
exo,AllHints,syr2k,5,MINI,0.4215686274509804,3.4e-05,1.4333333333333334e-05,c
exo,ChooseHints,syr2k,2,MINI,0.46236559139784944,3.1e-05,1.4333333333333334e-05,c
exo,ChooseHints,syr2k,3,MINI,0.4095238095238095,3.5000000000000004e-05,1.4333333333333334e-05,c
exo,ChooseHints,syr2k,4,MINI,0.39814814814814814,3.6e-05,1.4333333333333334e-05,c
exo,ChooseHints,syr2k,5,MINI,0.46236559139784944,3.1e-05,1.4333333333333334e-05,c
exo,FromPlan,syr2k,1,MINI,0.34400000000000003,4.1666666666666665e-05,1.4333333333333334e-05,c
exo,FromPlan,syr2k,2,MINI,0.2738853503184714,5.233333333333333e-05,1.4333333333333334e-05,c
exo,FromPlan,syr2k,3,MINI,0.364406779661017,3.933333333333333e-05,1.4333333333333334e-05,c
exo,FromPlan,syr2k,5,MINI,0.2216494845360825,6.466666666666666e-05,1.4333333333333334e-05,c
exo,Naive,syr2k,1,MINI,0.3739130434782609,3.8333333333333334e-05,1.4333333333333334e-05,c
exo,Naive,syr2k,2,MINI,0.46236559139784944,3.1e-05,1.4333333333333334e-05,c
exo,Naive,syr2k,3,MINI,0.43,3.3333333333333335e-05,1.4333333333333334e-05,c
exo,Naive,syr2k,4,MINI,0.6718750000000001,2.133333333333333e-05,1.4333333333333334e-05,c
exo,Naive,syr2k,5,MINI,0.40186915887850466,3.566666666666667e-05,1.4333333333333334e-05,c
exo,standard,syr2k,1,MINI,0.7678571428571428,1.866666666666667e-05,1.4333333333333334e-05,c
exo,standard,syr2k,2,MINI,0.7678571428571428,1.866666666666667e-05,1.4333333333333334e-05,c
exo,standard,syr2k,3,MINI,0.7818181818181819,1.8333333333333333e-05,1.4333333333333334e-05,c
exo,standard,syr2k,4,MINI,0.7818181818181819,1.8333333333333333e-05,1.4333333333333334e-05,c
exo,standard,syr2k,5,MINI,0.7818181818181819,1.8333333333333333e-05,1.4333333333333334e-05,c
halide,FromPlan,syr2k,2,MINI,0.005123317049922554,0.0027976666666666666,1.4333333333333334e-05,c
halide,standard,syr2k,2,MINI,0.31386861313868614,4.566666666666667e-05,1.4333333333333334e-05,c
halide,standard,syr2k,3,MINI,0.3161764705882353,4.5333333333333335e-05,1.4333333333333334e-05,c
halide,standard,syr2k,4,MINI,0.3208955223880597,4.466666666666667e-05,1.4333333333333334e-05,c
halide,standard,syr2k,5,MINI,0.30281690140845074,4.733333333333333e-05,1.4333333333333334e-05,c
noarr,AllHints,syr2k,1,MINI,1.1025641025641026,1.3e-05,1.4333333333333334e-05,c
noarr,AllHints,syr2k,2,MINI,1.2285714285714286,1.1666666666666666e-05,1.4333333333333334e-05,c
noarr,AllHints,syr2k,3,MINI,1.1025641025641026,1.3e-05,1.4333333333333334e-05,c
noarr,AllHints,syr2k,4,MINI,1.1025641025641026,1.3e-05,1.4333333333333334e-05,c
noarr,AllHints,syr2k,5,MINI,0.9148936170212766,1.5666666666666667e-05,1.4333333333333334e-05,c
noarr,ChooseHints,syr2k,1,MINI,1.1944444444444444,1.2e-05,1.4333333333333334e-05,c
noarr,ChooseHints,syr2k,2,MINI,1.023809523809524,1.4e-05,1.4333333333333334e-05,c
noarr,ChooseHints,syr2k,3,MINI,1.1621621621621623,1.2333333333333333e-05,1.4333333333333334e-05,c
noarr,ChooseHints,syr2k,4,MINI,1.1621621621621623,1.2333333333333333e-05,1.4333333333333334e-05,c
noarr,ChooseHints,syr2k,5,MINI,1.1025641025641026,1.3e-05,1.4333333333333334e-05,c
noarr,FromPlan,syr2k,1,MINI,0.8958333333333334,1.6e-05,1.4333333333333334e-05,c
noarr,FromPlan,syr2k,2,MINI,1.7916666666666667,8e-06,1.4333333333333334e-05,c
noarr,FromPlan,syr2k,4,MINI,1.4333333333333333,1e-05,1.4333333333333334e-05,c
noarr,FromPlan,syr2k,5,MINI,0.3873873873873874,3.7e-05,1.4333333333333334e-05,c
noarr,Naive,syr2k,1,MINI,1.1621621621621623,1.2333333333333333e-05,1.4333333333333334e-05,c
noarr,Naive,syr2k,2,MINI,1.7916666666666667,8e-06,1.4333333333333334e-05,c
noarr,Naive,syr2k,3,MINI,1.1025641025641026,1.3e-05,1.4333333333333334e-05,c
noarr,Naive,syr2k,4,MINI,1.1025641025641026,1.3e-05,1.4333333333333334e-05,c
noarr,Naive,syr2k,5,MINI,1.1025641025641026,1.3e-05,1.4333333333333334e-05,c
noarr,standard,syr2k,1,MINI,0.27922077922077926,5.133333333333333e-05,1.4333333333333334e-05,c
noarr,standard,syr2k,2,MINI,0.8958333333333334,1.6e-05,1.4333333333333334e-05,c
noarr,standard,syr2k,3,MINI,1.023809523809524,1.4e-05,1.4333333333333334e-05,c
noarr,standard,syr2k,5,MINI,1.048780487804878,1.3666666666666667e-05,1.4333333333333334e-05,c
c,AllHints,syrk,1,MINI,0.20588235294117646,3.4e-05,7e-06,c
c,AllHints,syrk,2,MINI,0.23076923076923075,3.0333333333333333e-05,7e-06,c
c,AllHints,syrk,3,MINI,0.22580645161290322,3.1e-05,7e-06,c
c,AllHints,syrk,4,MINI,0.22580645161290322,3.1e-05,7e-06,c
c,AllHints,syrk,5,MINI,0.6774193548387096,1.0333333333333333e-05,7e-06,c
c,ChooseHints,syrk,1,MINI,0.4117647058823529,1.7e-05,7e-06,c
c,ChooseHints,syrk,2,MINI,0.2079207920792079,3.366666666666667e-05,7e-06,c
c,ChooseHints,syrk,3,MINI,0.23076923076923075,3.0333333333333333e-05,7e-06,c
c,ChooseHints,syrk,4,MINI,0.21000000000000002,3.333333333333333e-05,7e-06,c
c,ChooseHints,syrk,5,MINI,0.23076923076923075,3.0333333333333333e-05,7e-06,c
c,FromPlan,syrk,1,MINI,0.9130434782608695,7.666666666666667e-06,7e-06,c
c,FromPlan,syrk,2,MINI,1.1666666666666665,6e-06,7e-06,c
c,FromPlan,syrk,3,MINI,1.4,5e-06,7e-06,c
c,FromPlan,syrk,4,MINI,0.9130434782608695,7.666666666666667e-06,7e-06,c
c,FromPlan,syrk,5,MINI,1.0,7e-06,7e-06,c
c,Naive,syrk,1,MINI,0.22580645161290322,3.1e-05,7e-06,c
c,Naive,syrk,2,MINI,0.6774193548387096,1.0333333333333333e-05,7e-06,c
c,Naive,syrk,3,MINI,0.9545454545454546,7.333333333333333e-06,7e-06,c
c,Naive,syrk,4,MINI,0.875,8e-06,7e-06,c
c,Naive,syrk,5,MINI,0.875,8e-06,7e-06,c
c,standard,syrk,1,MINI,1.0,7e-06,7e-06,c
exo,AllHints,syrk,1,MINI,0.21,3.3333333333333335e-05,7e-06,c
exo,AllHints,syrk,2,MINI,0.1826086956521739,3.8333333333333334e-05,7e-06,c
exo,AllHints,syrk,3,MINI,0.22105263157894736,3.1666666666666666e-05,7e-06,c
exo,AllHints,syrk,4,MINI,0.1981132075471698,3.5333333333333336e-05,7e-06,c
exo,ChooseHints,syrk,1,MINI,0.125,5.6e-05,7e-06,c
exo,ChooseHints,syrk,2,MINI,0.19090909090909092,3.6666666666666666e-05,7e-06,c
exo,ChooseHints,syrk,4,MINI,0.2079207920792079,3.366666666666667e-05,7e-06,c
exo,ChooseHints,syrk,5,MINI,0.1826086956521739,3.8333333333333334e-05,7e-06,c
exo,FromPlan,syrk,2,MINI,0.6,1.1666666666666666e-05,7e-06,c
exo,Naive,syrk,1,MINI,0.15909090909090906,4.4000000000000006e-05,7e-06,c
exo,Naive,syrk,2,MINI,0.22340425531914893,3.1333333333333334e-05,7e-06,c
exo,Naive,syrk,4,MINI,0.19444444444444445,3.6e-05,7e-06,c
exo,Naive,syrk,5,MINI,0.5833333333333333,1.2e-05,7e-06,c
exo,standard,syrk,1,MINI,0.6363636363636362,1.1000000000000001e-05,7e-06,c
exo,standard,syrk,2,MINI,0.6774193548387096,1.0333333333333333e-05,7e-06,c
exo,standard,syrk,3,MINI,0.65625,1.0666666666666666e-05,7e-06,c
exo,standard,syrk,4,MINI,0.6363636363636362,1.1000000000000001e-05,7e-06,c
exo,standard,syrk,5,MINI,0.65625,1.0666666666666666e-05,7e-06,c
halide,AllHints,syrk,4,MINI,0.03743315508021391,0.000187,7e-06,c
halide,FromPlan,syrk,3,MINI,0.04941176470588235,0.00014166666666666668,7e-06,c
halide,FromPlan,syrk,5,MINI,0.13725490196078433,5.1e-05,7e-06,c
halide,standard,syrk,1,MINI,0.15671641791044774,4.466666666666667e-05,7e-06,c
halide,standard,syrk,2,MINI,0.1721311475409836,4.066666666666667e-05,7e-06,c
halide,standard,syrk,3,MINI,0.1640625,4.266666666666666e-05,7e-06,c
halide,standard,syrk,4,MINI,0.1640625,4.266666666666666e-05,7e-06,c
halide,standard,syrk,5,MINI,0.1981132075471698,3.5333333333333336e-05,7e-06,c
noarr,AllHints,syrk,1,MINI,1.0,7e-06,7e-06,c
noarr,AllHints,syrk,2,MINI,0.7,1e-05,7e-06,c
noarr,AllHints,syrk,3,MINI,0.8400000000000001,8.333333333333332e-06,7e-06,c
noarr,AllHints,syrk,4,MINI,1.0,7e-06,7e-06,c
noarr,AllHints,syrk,5,MINI,1.0,7e-06,7e-06,c
noarr,ChooseHints,syrk,1,MINI,0.9545454545454546,7.333333333333333e-06,7e-06,c
noarr,ChooseHints,syrk,2,MINI,0.9130434782608695,7.666666666666667e-06,7e-06,c
noarr,ChooseHints,syrk,3,MINI,1.0,7e-06,7e-06,c
noarr,ChooseHints,syrk,4,MINI,0.7777777777777778,9e-06,7e-06,c
noarr,FromPlan,syrk,1,MINI,0.20588235294117646,3.4e-05,7e-06,c
noarr,FromPlan,syrk,2,MINI,1.0,7e-06,7e-06,c
noarr,FromPlan,syrk,3,MINI,1.0,7e-06,7e-06,c
noarr,FromPlan,syrk,5,MINI,0.7,1e-05,7e-06,c
noarr,Naive,syrk,1,MINI,1.0,7e-06,7e-06,c
noarr,Naive,syrk,2,MINI,0.9130434782608695,7.666666666666667e-06,7e-06,c
noarr,Naive,syrk,3,MINI,0.7499999999999999,9.333333333333334e-06,7e-06,c
noarr,Naive,syrk,4,MINI,0.875,8e-06,7e-06,c
noarr,Naive,syrk,5,MINI,0.875,8e-06,7e-06,c
noarr,standard,syrk,1,MINI,0.8076923076923076,8.666666666666668e-06,7e-06,c
noarr,standard,syrk,2,MINI,0.875,8e-06,7e-06,c
noarr,standard,syrk,4,MINI,0.875,8e-06,7e-06,c
noarr,standard,syrk,5,MINI,0.875,8e-06,7e-06,c
c,AllHints,trisolv,3,MINI,1.0,1.6666666666666665e-06,1.6666666666666665e-06,c
c,AllHints,trisolv,4,MINI,1.0,1.6666666666666665e-06,1.6666666666666665e-06,c
c,AllHints,trisolv,5,MINI,1.0,1.6666666666666665e-06,1.6666666666666665e-06,c
c,ChooseHints,trisolv,1,MINI,0.8333333333333333,2e-06,1.6666666666666665e-06,c
c,ChooseHints,trisolv,3,MINI,0.8333333333333333,2e-06,1.6666666666666665e-06,c
c,FromPlan,trisolv,1,MINI,0.8333333333333333,2e-06,1.6666666666666665e-06,c
c,FromPlan,trisolv,2,MINI,1.0,1.6666666666666665e-06,1.6666666666666665e-06,c
c,FromPlan,trisolv,3,MINI,1.0,1.6666666666666665e-06,1.6666666666666665e-06,c
c,FromPlan,trisolv,4,MINI,1.25,1.3333333333333332e-06,1.6666666666666665e-06,c
c,FromPlan,trisolv,5,MINI,1.0,1.6666666666666665e-06,1.6666666666666665e-06,c
c,Naive,trisolv,1,MINI,0.8333333333333333,2e-06,1.6666666666666665e-06,c
c,Naive,trisolv,2,MINI,0.8333333333333333,2e-06,1.6666666666666665e-06,c
c,Naive,trisolv,3,MINI,1.6666666666666665,1e-06,1.6666666666666665e-06,c
c,Naive,trisolv,4,MINI,1.25,1.3333333333333332e-06,1.6666666666666665e-06,c
c,standard,trisolv,1,MINI,1.0,1.6666666666666665e-06,1.6666666666666665e-06,c
exo,AllHints,trisolv,1,MINI,1.0,1.6666666666666665e-06,1.6666666666666665e-06,c
exo,AllHints,trisolv,2,MINI,0.8333333333333333,2e-06,1.6666666666666665e-06,c
exo,AllHints,trisolv,3,MINI,0.7142857142857143,2.333333333333333e-06,1.6666666666666665e-06,c
exo,AllHints,trisolv,4,MINI,0.7142857142857143,2.333333333333333e-06,1.6666666666666665e-06,c
exo,AllHints,trisolv,5,MINI,0.8333333333333333,2e-06,1.6666666666666665e-06,c
exo,ChooseHints,trisolv,1,MINI,0.8333333333333333,2e-06,1.6666666666666665e-06,c
exo,ChooseHints,trisolv,2,MINI,0.8333333333333333,2e-06,1.6666666666666665e-06,c
exo,ChooseHints,trisolv,3,MINI,0.8333333333333333,2e-06,1.6666666666666665e-06,c
exo,ChooseHints,trisolv,5,MINI,0.8333333333333333,2e-06,1.6666666666666665e-06,c
exo,FromPlan,trisolv,3,MINI,0.8333333333333333,2e-06,1.6666666666666665e-06,c
exo,FromPlan,trisolv,4,MINI,1.0,1.6666666666666665e-06,1.6666666666666665e-06,c
exo,FromPlan,trisolv,5,MINI,0.625,2.6666666666666664e-06,1.6666666666666665e-06,c
exo,Naive,trisolv,1,MINI,0.625,2.6666666666666664e-06,1.6666666666666665e-06,c
exo,Naive,trisolv,3,MINI,1.0,1.6666666666666665e-06,1.6666666666666665e-06,c
exo,Naive,trisolv,4,MINI,0.7142857142857143,2.333333333333333e-06,1.6666666666666665e-06,c
exo,Naive,trisolv,5,MINI,0.8333333333333333,2e-06,1.6666666666666665e-06,c
exo,standard,trisolv,1,MINI,0.8333333333333333,2e-06,1.6666666666666665e-06,c
exo,standard,trisolv,2,MINI,1.25,1.3333333333333332e-06,1.6666666666666665e-06,c
exo,standard,trisolv,3,MINI,1.0,1.6666666666666665e-06,1.6666666666666665e-06,c
exo,standard,trisolv,4,MINI,0.8333333333333333,2e-06,1.6666666666666665e-06,c
exo,standard,trisolv,5,MINI,0.8333333333333333,2e-06,1.6666666666666665e-06,c
halide,ChooseHints,trisolv,4,MINI,0.01984126984126984,8.4e-05,1.6666666666666665e-06,c
halide,FromPlan,trisolv,4,MINI,0.02008032128514056,8.3e-05,1.6666666666666665e-06,c
halide,Naive,trisolv,5,MINI,0.031055900621118005,5.366666666666667e-05,1.6666666666666665e-06,c
halide,standard,trisolv,2,MINI,0.017421602787456445,9.566666666666666e-05,1.6666666666666665e-06,c
halide,standard,trisolv,3,MINI,0.019157088122605363,8.7e-05,1.6666666666666665e-06,c
noarr,AllHints,trisolv,1,MINI,1.6666666666666665,1e-06,1.6666666666666665e-06,c
noarr,AllHints,trisolv,2,MINI,1.6666666666666665,1e-06,1.6666666666666665e-06,c
noarr,AllHints,trisolv,3,MINI,1.6666666666666665,1e-06,1.6666666666666665e-06,c
noarr,AllHints,trisolv,4,MINI,1.6666666666666665,1e-06,1.6666666666666665e-06,c
noarr,AllHints,trisolv,5,MINI,1.6666666666666665,1e-06,1.6666666666666665e-06,c
noarr,ChooseHints,trisolv,1,MINI,1.6666666666666665,1e-06,1.6666666666666665e-06,c
noarr,ChooseHints,trisolv,2,MINI,1.6666666666666665,1e-06,1.6666666666666665e-06,c
noarr,ChooseHints,trisolv,3,MINI,1.6666666666666665,1e-06,1.6666666666666665e-06,c
noarr,ChooseHints,trisolv,4,MINI,1.6666666666666665,1e-06,1.6666666666666665e-06,c
noarr,ChooseHints,trisolv,5,MINI,1.6666666666666665,1e-06,1.6666666666666665e-06,c
noarr,FromPlan,trisolv,1,MINI,1.6666666666666665,1e-06,1.6666666666666665e-06,c
noarr,FromPlan,trisolv,2,MINI,1.6666666666666665,1e-06,1.6666666666666665e-06,c
noarr,FromPlan,trisolv,3,MINI,1.6666666666666665,1e-06,1.6666666666666665e-06,c
noarr,FromPlan,trisolv,4,MINI,1.6666666666666665,1e-06,1.6666666666666665e-06,c
noarr,FromPlan,trisolv,5,MINI,1.6666666666666665,1e-06,1.6666666666666665e-06,c
noarr,Naive,trisolv,1,MINI,1.6666666666666665,1e-06,1.6666666666666665e-06,c
noarr,Naive,trisolv,2,MINI,1.6666666666666665,1e-06,1.6666666666666665e-06,c
noarr,Naive,trisolv,3,MINI,1.6666666666666665,1e-06,1.6666666666666665e-06,c
noarr,Naive,trisolv,4,MINI,1.6666666666666665,1e-06,1.6666666666666665e-06,c
noarr,Naive,trisolv,5,MINI,1.6666666666666665,1e-06,1.6666666666666665e-06,c
noarr,standard,trisolv,2,MINI,1.6666666666666665,1e-06,1.6666666666666665e-06,c
noarr,standard,trisolv,4,MINI,1.6666666666666665,1e-06,1.6666666666666665e-06,c
noarr,standard,trisolv,5,MINI,1.6666666666666665,1e-06,1.6666666666666665e-06,c
c,AllHints,trmm,1,MINI,0.27906976744186046,2.8666666666666668e-05,8e-06,c
c,AllHints,trmm,2,MINI,4.0,2e-06,8e-06,c
c,AllHints,trmm,3,MINI,4.800000000000001,1.6666666666666665e-06,8e-06,c
c,AllHints,trmm,4,MINI,3.428571428571429,2.333333333333333e-06,8e-06,c
c,AllHints,trmm,5,MINI,0.048484848484848485,0.000165,8e-06,c
c,ChooseHints,trmm,1,MINI,4.800000000000001,1.6666666666666665e-06,8e-06,c
c,ChooseHints,trmm,2,MINI,4.0,2e-06,8e-06,c
c,ChooseHints,trmm,3,MINI,4.0,2e-06,8e-06,c
c,ChooseHints,trmm,4,MINI,0.08275862068965517,9.666666666666667e-05,8e-06,c
c,ChooseHints,trmm,5,MINI,4.0,2e-06,8e-06,c
c,FromPlan,trmm,1,MINI,4.0,2e-06,8e-06,c
c,FromPlan,trmm,2,MINI,3.428571428571429,2.333333333333333e-06,8e-06,c
c,FromPlan,trmm,3,MINI,4.800000000000001,1.6666666666666665e-06,8e-06,c
c,FromPlan,trmm,4,MINI,0.27586206896551724,2.9e-05,8e-06,c
c,FromPlan,trmm,5,MINI,0.13333333333333333,6e-05,8e-06,c
c,Naive,trmm,1,MINI,3.428571428571429,2.333333333333333e-06,8e-06,c
c,Naive,trmm,2,MINI,4.800000000000001,1.6666666666666665e-06,8e-06,c
c,Naive,trmm,3,MINI,3.0,2.6666666666666664e-06,8e-06,c
c,Naive,trmm,4,MINI,4.0,2e-06,8e-06,c
c,Naive,trmm,5,MINI,4.800000000000001,1.6666666666666665e-06,8e-06,c
c,standard,trmm,1,MINI,1.0,8e-06,8e-06,c
exo,AllHints,trmm,1,MINI,0.018072289156626505,0.0004426666666666667,8e-06,c
exo,AllHints,trmm,2,MINI,0.22857142857142854,3.5000000000000004e-05,8e-06,c
exo,AllHints,trmm,3,MINI,0.017057569296375266,0.000469,8e-06,c
exo,AllHints,trmm,4,MINI,0.0019558308206340147,0.004090333333333334,8e-06,c
exo,ChooseHints,trmm,2,MINI,1.2000000000000002,6.666666666666666e-06,8e-06,c
exo,ChooseHints,trmm,4,MINI,0.186046511627907,4.2999999999999995e-05,8e-06,c
exo,FromPlan,trmm,1,MINI,0.24000000000000002,3.333333333333333e-05,8e-06,c
exo,FromPlan,trmm,4,MINI,0.25806451612903225,3.1e-05,8e-06,c
exo,Naive,trmm,2,MINI,1.5999999999999999,5e-06,8e-06,c
exo,Naive,trmm,3,MINI,1.3333333333333333,6e-06,8e-06,c
exo,Naive,trmm,4,MINI,0.0017479970866715222,0.004576666666666666,8e-06,c
exo,Naive,trmm,5,MINI,0.018209408194233685,0.0004393333333333334,8e-06,c
exo,standard,trmm,1,MINI,0.8275862068965517,9.666666666666667e-06,8e-06,c
exo,standard,trmm,2,MINI,0.8275862068965517,9.666666666666667e-06,8e-06,c
exo,standard,trmm,3,MINI,0.7999999999999999,1e-05,8e-06,c
exo,standard,trmm,4,MINI,0.8888888888888888,9e-06,8e-06,c
exo,standard,trmm,5,MINI,0.857142857142857,9.333333333333334e-06,8e-06,c
halide,standard,trmm,1,MINI,0.34285714285714286,2.3333333333333332e-05,8e-06,c
halide,standard,trmm,4,MINI,0.3243243243243243,2.466666666666667e-05,8e-06,c
halide,standard,trmm,5,MINI,0.24000000000000002,3.333333333333333e-05,8e-06,c
noarr,AllHints,trmm,1,MINI,0.0030557677616501145,0.002618,8e-06,c
noarr,AllHints,trmm,3,MINI,4.0,2e-06,8e-06,c
noarr,AllHints,trmm,4,MINI,2.6666666666666665,3e-06,8e-06,c
noarr,AllHints,trmm,5,MINI,4.0,2e-06,8e-06,c
noarr,ChooseHints,trmm,1,MINI,2.6666666666666665,3e-06,8e-06,c
noarr,ChooseHints,trmm,2,MINI,1.5999999999999999,5e-06,8e-06,c
noarr,ChooseHints,trmm,3,MINI,1.5999999999999999,5e-06,8e-06,c
noarr,ChooseHints,trmm,4,MINI,4.0,2e-06,8e-06,c
noarr,ChooseHints,trmm,5,MINI,4.0,2e-06,8e-06,c
noarr,FromPlan,trmm,2,MINI,0.6666666666666666,1.2e-05,8e-06,c
noarr,FromPlan,trmm,3,MINI,2.6666666666666665,3e-06,8e-06,c
noarr,FromPlan,trmm,4,MINI,2.6666666666666665,3e-06,8e-06,c
noarr,FromPlan,trmm,5,MINI,2.6666666666666665,3e-06,8e-06,c
noarr,Naive,trmm,1,MINI,4.0,2e-06,8e-06,c
noarr,Naive,trmm,2,MINI,3.428571428571429,2.333333333333333e-06,8e-06,c
noarr,Naive,trmm,3,MINI,1.5999999999999999,5e-06,8e-06,c
noarr,Naive,trmm,4,MINI,1.263157894736842,6.333333333333333e-06,8e-06,c
noarr,Naive,trmm,5,MINI,3.428571428571429,2.333333333333333e-06,8e-06,c
noarr,standard,trmm,1,MINI,2.6666666666666665,3e-06,8e-06,c
noarr,standard,trmm,2,MINI,1.3333333333333333,6e-06,8e-06,c
noarr,standard,trmm,3,MINI,1.5999999999999999,5e-06,8e-06,c
noarr,standard,trmm,4,MINI,0.7999999999999999,1e-05,8e-06,c
noarr,standard,trmm,5,MINI,1.4999999999999996,5.3333333333333345e-06,8e-06,c
c,AllHints,2mm,1,SMALL,3.4126984126984126,0.000126,0.00043,c
c,AllHints,2mm,2,SMALL,3.2009925558312653,0.00013433333333333334,0.00043,c
c,AllHints,2mm,3,SMALL,3.108433734939759,0.00013833333333333333,0.00043,c
c,AllHints,2mm,4,SMALL,0.5056840454723638,0.0008503333333333333,0.00043,c
c,AllHints,2mm,5,SMALL,1.7527173913043477,0.00024533333333333335,0.00043,c
c,ChooseHints,2mm,1,SMALL,6.02803738317757,7.133333333333334e-05,0.00043,c
c,ChooseHints,2mm,2,SMALL,2.2671353251318105,0.00018966666666666665,0.00043,c
c,ChooseHints,2mm,3,SMALL,2.2791519434628977,0.00018866666666666665,0.00043,c
c,ChooseHints,2mm,4,SMALL,3.5342465753424657,0.00012166666666666667,0.00043,c
c,ChooseHints,2mm,5,SMALL,2.670807453416149,0.000161,0.00043,c
c,FromPlan,2mm,1,SMALL,4.031249999999999,0.00010666666666666668,0.00043,c
c,FromPlan,2mm,2,SMALL,3.8972809667673713,0.00011033333333333334,0.00043,c
c,FromPlan,2mm,3,SMALL,3.4864864864864864,0.00012333333333333334,0.00043,c
c,FromPlan,2mm,4,SMALL,3.957055214723926,0.00010866666666666667,0.00043,c
c,FromPlan,2mm,5,SMALL,3.8053097345132745,0.000113,0.00043,c
c,Naive,2mm,1,SMALL,3.2493702770780852,0.00013233333333333334,0.00043,c
c,Naive,2mm,2,SMALL,3.6235955056179776,0.00011866666666666666,0.00043,c
c,Naive,2mm,3,SMALL,4.526315789473684,9.499999999999999e-05,0.00043,c
c,Naive,2mm,4,SMALL,1.2192816635160681,0.00035266666666666666,0.00043,c
c,Naive,2mm,5,SMALL,4.574468085106383,9.400000000000001e-05,0.00043,c
c,standard,2mm,1,SMALL,1.0,0.00043,0.00043,c
exo,AllHints,2mm,2,SMALL,2.9723502304147464,0.00014466666666666667,0.00043,c
exo,AllHints,2mm,3,SMALL,3.3419689119170988,0.00012866666666666666,0.00043,c
exo,AllHints,2mm,4,SMALL,3.2824427480916025,0.000131,0.00043,c
exo,AllHints,2mm,5,SMALL,2.7682403433476392,0.00015533333333333333,0.00043,c
exo,ChooseHints,2mm,1,SMALL,4.174757281553398,0.00010300000000000001,0.00043,c
exo,ChooseHints,2mm,2,SMALL,0.8640321500334897,0.0004976666666666667,0.00043,c
exo,ChooseHints,2mm,3,SMALL,3.257575757575758,0.00013199999999999998,0.00043,c
exo,ChooseHints,2mm,4,SMALL,2.461832061068703,0.00017466666666666664,0.00043,c
exo,ChooseHints,2mm,5,SMALL,2.2241379310344827,0.00019333333333333333,0.00043,c
exo,FromPlan,2mm,1,SMALL,2.574850299401198,0.00016699999999999997,0.00043,c
exo,FromPlan,2mm,3,SMALL,2.7215189873417724,0.000158,0.00043,c
exo,Naive,2mm,1,SMALL,2.220309810671256,0.00019366666666666667,0.00043,c
exo,Naive,2mm,2,SMALL,1.784232365145228,0.000241,0.00043,c
exo,Naive,2mm,5,SMALL,2.6219512195121952,0.000164,0.00043,c
exo,standard,2mm,1,SMALL,0.9334298118668596,0.0004606666666666667,0.00043,c
exo,standard,2mm,2,SMALL,0.927390366642703,0.0004636666666666667,0.00043,c
exo,standard,2mm,3,SMALL,0.947136563876652,0.000454,0.00043,c
exo,standard,2mm,4,SMALL,0.9368191721132898,0.000459,0.00043,c
exo,standard,2mm,5,SMALL,0.9273903666427031,0.00046366666666666664,0.00043,c
halide,standard,2mm,1,SMALL,1.0246227164416202,0.0004196666666666667,0.00043,c
halide,standard,2mm,2,SMALL,1.519434628975265,0.000283,0.00043,c
halide,standard,2mm,3,SMALL,1.1405835543766578,0.000377,0.00043,c
halide,standard,2mm,4,SMALL,0.034339562370228394,0.012522,0.00043,c
halide,standard,2mm,5,SMALL,0.03433042367468597,0.012525333333333333,0.00043,c
noarr,AllHints,2mm,1,SMALL,4.6909090909090905,9.166666666666667e-05,0.00043,c
noarr,AllHints,2mm,2,SMALL,0.16024844720496895,0.002683333333333333,0.00043,c
noarr,AllHints,2mm,3,SMALL,4.402730375426621,9.766666666666665e-05,0.00043,c
noarr,AllHints,2mm,4,SMALL,3.9449541284403673,0.00010899999999999999,0.00043,c
noarr,AllHints,2mm,5,SMALL,4.417808219178082,9.733333333333333e-05,0.00043,c
noarr,ChooseHints,2mm,1,SMALL,4.795539033457249,8.966666666666666e-05,0.00043,c
noarr,ChooseHints,2mm,2,SMALL,4.479166666666666,9.6e-05,0.00043,c
noarr,ChooseHints,2mm,3,SMALL,5.0588235294117645,8.5e-05,0.00043,c
noarr,ChooseHints,2mm,4,SMALL,4.387755102040816,9.8e-05,0.00043,c
noarr,ChooseHints,2mm,5,SMALL,5.0588235294117645,8.5e-05,0.00043,c
noarr,FromPlan,2mm,1,SMALL,1.0522022838499183,0.0004086666666666667,0.00043,c
noarr,FromPlan,2mm,2,SMALL,0.5972222222222222,0.00072,0.00043,c
noarr,FromPlan,2mm,3,SMALL,0.8012422360248448,0.0005366666666666666,0.00043,c
noarr,FromPlan,2mm,4,SMALL,2.1464226289517474,0.00020033333333333331,0.00043,c
noarr,FromPlan,2mm,5,SMALL,1.212406015037594,0.0003546666666666667,0.00043,c
noarr,Naive,2mm,1,SMALL,4.867924528301886,8.833333333333334e-05,0.00043,c
noarr,Naive,2mm,2,SMALL,4.640287769784172,9.266666666666668e-05,0.00043,c
noarr,Naive,2mm,3,SMALL,1.5504807692307694,0.0002773333333333333,0.00043,c
noarr,Naive,2mm,4,SMALL,4.867924528301886,8.833333333333334e-05,0.00043,c
noarr,Naive,2mm,5,SMALL,4.849624060150376,8.866666666666668e-05,0.00043,c
noarr,standard,2mm,1,SMALL,1.425414364640884,0.00030166666666666666,0.00043,c
noarr,standard,2mm,2,SMALL,4.285714285714286,0.00010033333333333334,0.00043,c
noarr,standard,2mm,3,SMALL,1.4527027027027026,0.000296,0.00043,c
noarr,standard,2mm,4,SMALL,4.463667820069205,9.633333333333332e-05,0.00043,c
noarr,standard,2mm,5,SMALL,1.4675767918088736,0.000293,0.00043,c
c,AllHints,3mm,1,SMALL,3.6515151515151514,0.00022,0.0008033333333333333,c
c,AllHints,3mm,2,SMALL,4.471243042671614,0.00017966666666666665,0.0008033333333333333,c
c,AllHints,3mm,4,SMALL,1.8682170542635659,0.00043,0.0008033333333333333,c
c,AllHints,3mm,5,SMALL,2.1948998178506374,0.000366,0.0008033333333333333,c
c,ChooseHints,3mm,1,SMALL,3.713405238828967,0.00021633333333333335,0.0008033333333333333,c
c,ChooseHints,3mm,2,SMALL,3.87459807073955,0.00020733333333333332,0.0008033333333333333,c
c,ChooseHints,3mm,3,SMALL,3.314993122420908,0.00024233333333333333,0.0008033333333333333,c
c,ChooseHints,3mm,4,SMALL,2.1327433628318584,0.00037666666666666664,0.0008033333333333333,c
c,FromPlan,3mm,1,SMALL,3.893376413570275,0.00020633333333333333,0.0008033333333333333,c
c,FromPlan,3mm,2,SMALL,2.7324263038548753,0.000294,0.0008033333333333333,c
c,FromPlan,3mm,3,SMALL,3.707692307692308,0.00021666666666666666,0.0008033333333333333,c
c,FromPlan,3mm,4,SMALL,3.591654247391953,0.00022366666666666664,0.0008033333333333333,c
c,FromPlan,3mm,5,SMALL,3.9250814332247557,0.00020466666666666666,0.0008033333333333333,c
c,Naive,3mm,1,SMALL,4.242957746478873,0.00018933333333333335,0.0008033333333333333,c
c,Naive,3mm,2,SMALL,3.957307060755337,0.00020299999999999997,0.0008033333333333333,c
c,Naive,3mm,3,SMALL,4.250440917107583,0.000189,0.0008033333333333333,c
c,Naive,3mm,4,SMALL,4.381818181818182,0.00018333333333333334,0.0008033333333333333,c
c,Naive,3mm,5,SMALL,4.381818181818182,0.00018333333333333334,0.0008033333333333333,c
c,standard,3mm,1,SMALL,1.0,0.0008033333333333333,0.0008033333333333333,c
exo,AllHints,3mm,3,SMALL,2.4642126789366054,0.00032599999999999996,0.0008033333333333333,c
exo,AllHints,3mm,4,SMALL,3.0937098844672657,0.00025966666666666667,0.0008033333333333333,c
exo,ChooseHints,3mm,1,SMALL,2.2232472324723247,0.0003613333333333333,0.0008033333333333333,c
exo,ChooseHints,3mm,2,SMALL,3.707692307692308,0.00021666666666666666,0.0008033333333333333,c
exo,ChooseHints,3mm,3,SMALL,2.792584009269988,0.0002876666666666667,0.0008033333333333333,c
exo,ChooseHints,3mm,4,SMALL,3.74223602484472,0.0002146666666666667,0.0008033333333333333,c
exo,FromPlan,3mm,3,SMALL,2.479423868312757,0.000324,0.0008033333333333333,c
exo,FromPlan,3mm,4,SMALL,3.685015290519878,0.00021799999999999999,0.0008033333333333333,c
exo,FromPlan,3mm,5,SMALL,2.4442190669371198,0.0003286666666666666,0.0008033333333333333,c
exo,Naive,3mm,1,SMALL,2.0598290598290596,0.00039,0.0008033333333333333,c
exo,Naive,3mm,2,SMALL,0.7675159235668789,0.0010466666666666667,0.0008033333333333333,c
exo,Naive,3mm,3,SMALL,2.2397769516728627,0.00035866666666666664,0.0008033333333333333,c
exo,Naive,3mm,4,SMALL,2.935444579780755,0.0002736666666666667,0.0008033333333333333,c
exo,Naive,3mm,5,SMALL,2.0775862068965516,0.00038666666666666667,0.0008033333333333333,c
exo,standard,3mm,1,SMALL,0.9717741935483871,0.0008266666666666666,0.0008033333333333333,c
exo,standard,3mm,2,SMALL,0.972166196046793,0.0008263333333333333,0.0008033333333333333,c
exo,standard,3mm,3,SMALL,0.9574890742947954,0.000839,0.0008033333333333333,c
exo,standard,3mm,4,SMALL,0.9647718174539632,0.0008326666666666666,0.0008033333333333333,c
exo,standard,3mm,5,SMALL,0.9605420486249501,0.0008363333333333334,0.0008033333333333333,c
halide,standard,3mm,1,SMALL,0.040313812080761444,0.019927,0.0008033333333333333,c
halide,standard,3mm,2,SMALL,0.040383390864305105,0.019892666666666666,0.0008033333333333333,c
halide,standard,3mm,3,SMALL,1.8229954614220876,0.0004406666666666667,0.0008033333333333333,c
halide,standard,3mm,4,SMALL,1.8120300751879699,0.00044333333333333334,0.0008033333333333333,c
halide,standard,3mm,5,SMALL,0.04035296284513504,0.019907666666666667,0.0008033333333333333,c
noarr,AllHints,3mm,1,SMALL,1.5960264900662249,0.0005033333333333334,0.0008033333333333333,c
noarr,AllHints,3mm,2,SMALL,4.979338842975206,0.00016133333333333334,0.0008033333333333333,c
noarr,AllHints,3mm,3,SMALL,0.27997211895910784,0.002869333333333333,0.0008033333333333333,c
noarr,AllHints,3mm,4,SMALL,4.487895716945997,0.000179,0.0008033333333333333,c
noarr,AllHints,3mm,5,SMALL,1.3842619184376794,0.0005803333333333333,0.0008033333333333333,c
noarr,ChooseHints,3mm,1,SMALL,4.64354527938343,0.00017299999999999998,0.0008033333333333333,c
noarr,ChooseHints,3mm,2,SMALL,4.358047016274864,0.00018433333333333333,0.0008033333333333333,c
noarr,ChooseHints,3mm,3,SMALL,1.697183098591549,0.00047333333333333336,0.0008033333333333333,c
noarr,ChooseHints,3mm,4,SMALL,1.5824031516743269,0.0005076666666666667,0.0008033333333333333,c
noarr,ChooseHints,3mm,5,SMALL,4.581749049429658,0.00017533333333333333,0.0008033333333333333,c
noarr,FromPlan,3mm,1,SMALL,1.5918097754293263,0.0005046666666666666,0.0008033333333333333,c
noarr,FromPlan,3mm,2,SMALL,1.5598705501618124,0.0005149999999999999,0.0008033333333333333,c
noarr,FromPlan,3mm,3,SMALL,4.487895716945996,0.00017900000000000001,0.0008033333333333333,c
noarr,FromPlan,3mm,4,SMALL,1.593915343915344,0.000504,0.0008033333333333333,c
noarr,FromPlan,3mm,5,SMALL,0.7202630005977285,0.0011153333333333334,0.0008033333333333333,c
noarr,Naive,3mm,1,SMALL,4.616858237547892,0.000174,0.0008033333333333333,c
noarr,Naive,3mm,2,SMALL,4.8785425101214575,0.00016466666666666667,0.0008033333333333333,c
noarr,Naive,3mm,3,SMALL,4.928425357873209,0.00016300000000000003,0.0008033333333333333,c
noarr,Naive,3mm,4,SMALL,4.59047619047619,0.000175,0.0008033333333333333,c
noarr,Naive,3mm,5,SMALL,4.564393939393939,0.00017600000000000002,0.0008033333333333333,c
noarr,standard,3mm,1,SMALL,0.7285368802902055,0.0011026666666666667,0.0008033333333333333,c
noarr,standard,3mm,2,SMALL,0.8073701842546064,0.000995,0.0008033333333333333,c
noarr,standard,3mm,3,SMALL,4.5386064030131825,0.000177,0.0008033333333333333,c
noarr,standard,3mm,4,SMALL,4.288256227758008,0.00018733333333333332,0.0008033333333333333,c
noarr,standard,3mm,5,SMALL,0.6823329558323895,0.0011773333333333334,0.0008033333333333333,c
c,AllHints,adi,1,SMALL,0.6760175125668881,0.004111333333333334,0.0027793333333333333,c
c,AllHints,adi,2,SMALL,1.1020354216230506,0.002522,0.0027793333333333333,c
c,AllHints,adi,3,SMALL,1.1288924993230436,0.002462,0.0027793333333333333,c
c,AllHints,adi,4,SMALL,1.1095143047238853,0.0025050000000000003,0.0027793333333333333,c
c,AllHints,adi,5,SMALL,0.6724193548387096,0.0041333333333333335,0.0027793333333333333,c
c,ChooseHints,adi,2,SMALL,0.6952388893521221,0.003997666666666667,0.0027793333333333333,c
c,ChooseHints,adi,3,SMALL,0.9954632282712512,0.0027919999999999998,0.0027793333333333333,c
c,ChooseHints,adi,4,SMALL,0.6863116305868796,0.004049666666666667,0.0027793333333333333,c
c,ChooseHints,adi,5,SMALL,0.6867072969856696,0.004047333333333333,0.0027793333333333333,c
c,FromPlan,adi,1,SMALL,1.4287183002056203,0.0019453333333333334,0.0027793333333333333,c
c,FromPlan,adi,2,SMALL,2.364048766657216,0.0011756666666666667,0.0027793333333333333,c
c,FromPlan,adi,3,SMALL,1.406307977736549,0.0019763333333333334,0.0027793333333333333,c
c,FromPlan,adi,4,SMALL,0.829156722354813,0.0033520000000000004,0.0027793333333333333,c
c,FromPlan,adi,5,SMALL,1.3852799468350223,0.0020063333333333335,0.0027793333333333333,c
c,Naive,adi,1,SMALL,1.0060328185328185,0.0027626666666666667,0.0027793333333333333,c
c,Naive,adi,2,SMALL,0.8854199851332697,0.003139,0.0027793333333333333,c
c,Naive,adi,3,SMALL,1.510780938575829,0.0018396666666666665,0.0027793333333333333,c
c,Naive,adi,4,SMALL,0.7422111447391846,0.003744666666666667,0.0027793333333333333,c
c,Naive,adi,5,SMALL,1.1109926715522986,0.0025016666666666664,0.0027793333333333333,c
c,standard,adi,1,SMALL,1.0,0.0027793333333333333,0.0027793333333333333,c
exo,AllHints,adi,1,SMALL,0.6686447473937449,0.004156666666666667,0.0027793333333333333,c
exo,AllHints,adi,2,SMALL,0.6636421521808341,0.004188,0.0027793333333333333,c
exo,AllHints,adi,3,SMALL,0.6872166817769719,0.004044333333333333,0.0027793333333333333,c
exo,AllHints,adi,5,SMALL,0.6733424856658322,0.004127666666666667,0.0027793333333333333,c
exo,ChooseHints,adi,1,SMALL,0.6711744345166224,0.004141,0.0027793333333333333,c
exo,ChooseHints,adi,2,SMALL,0.6648592616218801,0.004180333333333334,0.0027793333333333333,c
exo,ChooseHints,adi,4,SMALL,0.663167104111986,0.004191,0.0027793333333333333,c
exo,ChooseHints,adi,5,SMALL,0.662692735654109,0.004194,0.0027793333333333333,c
exo,FromPlan,adi,2,SMALL,1.186566102177316,0.0023423333333333334,0.0027793333333333333,c
exo,FromPlan,adi,4,SMALL,0.5562746013743411,0.0049963333333333335,0.0027793333333333333,c
exo,Naive,adi,1,SMALL,0.6673603329598207,0.004164666666666667,0.0027793333333333333,c
exo,Naive,adi,2,SMALL,0.6707964601769912,0.004143333333333333,0.0027793333333333333,c
exo,Naive,adi,4,SMALL,0.6860292907684713,0.004051333333333333,0.0027793333333333333,c
exo,standard,adi,2,SMALL,0.7334623504574244,0.0037893333333333334,0.0027793333333333333,c
exo,standard,adi,3,SMALL,0.725106531002696,0.0038329999999999996,0.0027793333333333333,c
exo,standard,adi,4,SMALL,0.7273837564337434,0.0038209999999999997,0.0027793333333333333,c
halide,AllHints,adi,1,SMALL,0.011602874974777872,0.23953833333333333,0.0027793333333333333,c
halide,AllHints,adi,3,SMALL,0.017091003753133587,0.1626196666666667,0.0027793333333333333,c
halide,ChooseHints,adi,1,SMALL,0.06852174484730943,0.04056133333333333,0.0027793333333333333,c
halide,ChooseHints,adi,2,SMALL,0.7497527200791295,0.0037070000000000002,0.0027793333333333333,c
halide,ChooseHints,adi,3,SMALL,0.009084134468723035,0.30595466666666665,0.0027793333333333333,c
halide,ChooseHints,adi,4,SMALL,1.1017441860465116,0.0025226666666666665,0.0027793333333333333,c
halide,FromPlan,adi,3,SMALL,1.0936516264428122,0.0025413333333333334,0.0027793333333333333,c
halide,Naive,adi,2,SMALL,0.8745542269771344,0.0031780000000000003,0.0027793333333333333,c
halide,Naive,adi,4,SMALL,0.31153788671349575,0.008921333333333333,0.0027793333333333333,c
halide,standard,adi,1,SMALL,0.8835434989933241,0.003145666666666667,0.0027793333333333333,c
halide,standard,adi,2,SMALL,0.882795129698253,0.0031483333333333333,0.0027793333333333333,c
halide,standard,adi,3,SMALL,0.8828886065226599,0.003148,0.0027793333333333333,c
halide,standard,adi,5,SMALL,0.8813021879293943,0.003153666666666667,0.0027793333333333333,c
noarr,AllHints,adi,1,SMALL,0.4154252403965921,0.006690333333333333,0.0027793333333333333,c
noarr,AllHints,adi,2,SMALL,0.7633434038267874,0.003641,0.0027793333333333333,c
noarr,AllHints,adi,3,SMALL,0.40740740740740744,0.006821999999999999,0.0027793333333333333,c
noarr,AllHints,adi,4,SMALL,0.4112656604518102,0.006758,0.0027793333333333333,c
noarr,AllHints,adi,5,SMALL,0.9960578186596583,0.0027903333333333335,0.0027793333333333333,c
noarr,ChooseHints,adi,1,SMALL,0.4097095965800206,0.006783666666666667,0.0027793333333333333,c
noarr,ChooseHints,adi,2,SMALL,1.3740936058009225,0.002022666666666667,0.0027793333333333333,c
noarr,ChooseHints,adi,3,SMALL,0.4125476225817624,0.006737,0.0027793333333333333,c
noarr,ChooseHints,adi,4,SMALL,0.4102135196300305,0.006775333333333334,0.0027793333333333333,c
noarr,ChooseHints,adi,5,SMALL,0.4085852893614936,0.006802333333333334,0.0027793333333333333,c
noarr,FromPlan,adi,1,SMALL,0.8941554959785523,0.003108333333333333,0.0027793333333333333,c
noarr,FromPlan,adi,2,SMALL,0.40700966513716685,0.006828666666666667,0.0027793333333333333,c
noarr,FromPlan,adi,3,SMALL,0.41451652995277155,0.006705,0.0027793333333333333,c
noarr,FromPlan,adi,4,SMALL,1.2523280264343646,0.0022193333333333336,0.0027793333333333333,c
noarr,FromPlan,adi,5,SMALL,1.0715846292250355,0.0025936666666666664,0.0027793333333333333,c
noarr,Naive,adi,1,SMALL,1.0152197735297699,0.0027376666666666665,0.0027793333333333333,c
noarr,Naive,adi,2,SMALL,1.0071264645488585,0.0027596666666666668,0.0027793333333333333,c
noarr,Naive,adi,5,SMALL,1.0082224909310762,0.0027566666666666664,0.0027793333333333333,c
noarr,standard,adi,1,SMALL,1.0073698199830858,0.0027589999999999997,0.0027793333333333333,c
noarr,standard,adi,3,SMALL,0.9366434509099079,0.0029673333333333335,0.0027793333333333333,c
noarr,standard,adi,4,SMALL,1.0278599605522682,0.0027040000000000002,0.0027793333333333333,c
noarr,standard,adi,5,SMALL,1.020812928501469,0.0027226666666666666,0.0027793333333333333,c
c,AllHints,atax,1,SMALL,0.2545871559633027,0.00014533333333333333,3.7e-05,c
c,AllHints,atax,2,SMALL,0.33738601823708203,0.00010966666666666667,3.7e-05,c
c,AllHints,atax,3,SMALL,2.094339622641509,1.7666666666666668e-05,3.7e-05,c
c,AllHints,atax,4,SMALL,0.2952127659574468,0.00012533333333333334,3.7e-05,c
c,AllHints,atax,5,SMALL,0.30662983425414364,0.00012066666666666667,3.7e-05,c
c,ChooseHints,atax,1,SMALL,2.094339622641509,1.7666666666666668e-05,3.7e-05,c
c,ChooseHints,atax,2,SMALL,1.4799999999999998,2.5e-05,3.7e-05,c
c,ChooseHints,atax,3,SMALL,0.47844827586206895,7.733333333333333e-05,3.7e-05,c
c,ChooseHints,atax,4,SMALL,0.17759999999999998,0.00020833333333333335,3.7e-05,c
c,ChooseHints,atax,5,SMALL,0.24611973392461195,0.00015033333333333335,3.7e-05,c
c,FromPlan,atax,1,SMALL,1.5205479452054793,2.4333333333333333e-05,3.7e-05,c
c,FromPlan,atax,3,SMALL,2.2653061224489797,1.633333333333333e-05,3.7e-05,c
c,FromPlan,atax,4,SMALL,0.9652173913043477,3.8333333333333334e-05,3.7e-05,c
c,FromPlan,atax,5,SMALL,0.9024390243902438,4.1e-05,3.7e-05,c
c,Naive,atax,1,SMALL,1.0,3.7e-05,3.7e-05,c
c,Naive,atax,2,SMALL,1.067307692307692,3.466666666666667e-05,3.7e-05,c
c,Naive,atax,3,SMALL,1.0,3.7e-05,3.7e-05,c
c,Naive,atax,4,SMALL,1.088235294117647,3.4e-05,3.7e-05,c
c,standard,atax,1,SMALL,1.0,3.7e-05,3.7e-05,c
exo,AllHints,atax,1,SMALL,0.6379310344827586,5.8e-05,3.7e-05,c
exo,AllHints,atax,2,SMALL,0.41263940520446096,8.966666666666666e-05,3.7e-05,c
exo,AllHints,atax,4,SMALL,0.5311004784688995,6.966666666666666e-05,3.7e-05,c
exo,ChooseHints,atax,1,SMALL,0.2898172323759791,0.00012766666666666666,3.7e-05,c
exo,ChooseHints,atax,2,SMALL,0.6271186440677965,5.9000000000000004e-05,3.7e-05,c
exo,ChooseHints,atax,3,SMALL,0.5186915887850467,7.133333333333334e-05,3.7e-05,c
exo,ChooseHints,atax,4,SMALL,0.4512195121951219,8.2e-05,3.7e-05,c
exo,ChooseHints,atax,5,SMALL,0.9652173913043477,3.8333333333333334e-05,3.7e-05,c
exo,FromPlan,atax,1,SMALL,0.48471615720524014,7.633333333333334e-05,3.7e-05,c
exo,FromPlan,atax,2,SMALL,0.6607142857142856,5.6000000000000006e-05,3.7e-05,c
exo,FromPlan,atax,4,SMALL,1.2197802197802197,3.0333333333333333e-05,3.7e-05,c
exo,Naive,atax,4,SMALL,0.5577889447236181,6.633333333333334e-05,3.7e-05,c
exo,standard,atax,1,SMALL,0.8102189781021897,4.566666666666667e-05,3.7e-05,c
exo,standard,atax,2,SMALL,0.8951612903225806,4.133333333333333e-05,3.7e-05,c
exo,standard,atax,3,SMALL,0.9327731092436974,3.966666666666667e-05,3.7e-05,c
exo,standard,atax,4,SMALL,0.9098360655737704,4.066666666666667e-05,3.7e-05,c
exo,standard,atax,5,SMALL,0.8951612903225806,4.133333333333333e-05,3.7e-05,c
halide,Naive,atax,2,SMALL,0.012409167132476242,0.0029816666666666668,3.7e-05,c
halide,standard,atax,1,SMALL,0.5388349514563107,6.866666666666666e-05,3.7e-05,c
halide,standard,atax,2,SMALL,0.7025316455696203,5.266666666666666e-05,3.7e-05,c
halide,standard,atax,3,SMALL,0.6686746987951807,5.5333333333333334e-05,3.7e-05,c
halide,standard,atax,4,SMALL,0.5577889447236181,6.633333333333334e-05,3.7e-05,c
halide,standard,atax,5,SMALL,0.5577889447236182,6.633333333333332e-05,3.7e-05,c
noarr,AllHints,atax,1,SMALL,1.4230769230769231,2.6e-05,3.7e-05,c
noarr,AllHints,atax,2,SMALL,1.6818181818181814,2.2000000000000003e-05,3.7e-05,c
noarr,AllHints,atax,3,SMALL,0.013646422424391442,0.0027113333333333334,3.7e-05,c
noarr,AllHints,atax,4,SMALL,1.121212121212121,3.3e-05,3.7e-05,c
noarr,AllHints,atax,5,SMALL,0.015192992061319464,0.002435333333333333,3.7e-05,c
noarr,ChooseHints,atax,1,SMALL,1.2613636363636362,2.9333333333333333e-05,3.7e-05,c
noarr,ChooseHints,atax,2,SMALL,1.3058823529411763,2.8333333333333335e-05,3.7e-05,c
noarr,ChooseHints,atax,3,SMALL,1.2758620689655171,2.9e-05,3.7e-05,c
noarr,ChooseHints,atax,4,SMALL,1.2613636363636362,2.9333333333333333e-05,3.7e-05,c
noarr,ChooseHints,atax,5,SMALL,1.15625,3.2e-05,3.7e-05,c
noarr,FromPlan,atax,2,SMALL,0.5935828877005347,6.233333333333334e-05,3.7e-05,c
noarr,FromPlan,atax,4,SMALL,0.7254901960784313,5.1e-05,3.7e-05,c
noarr,Naive,atax,1,SMALL,1.009090909090909,3.6666666666666666e-05,3.7e-05,c
noarr,Naive,atax,2,SMALL,1.9137931034482758,1.9333333333333333e-05,3.7e-05,c
noarr,Naive,atax,3,SMALL,1.121212121212121,3.3e-05,3.7e-05,c
noarr,Naive,atax,4,SMALL,1.9473684210526314,1.9e-05,3.7e-05,c
noarr,Naive,atax,5,SMALL,1.4799999999999998,2.5e-05,3.7e-05,c
noarr,standard,atax,1,SMALL,1.2613636363636362,2.9333333333333333e-05,3.7e-05,c
noarr,standard,atax,2,SMALL,1.2613636363636362,2.9333333333333333e-05,3.7e-05,c
noarr,standard,atax,3,SMALL,1.1099999999999999,3.3333333333333335e-05,3.7e-05,c
noarr,standard,atax,4,SMALL,1.1212121212121213,3.2999999999999996e-05,3.7e-05,c
noarr,standard,atax,5,SMALL,1.1099999999999999,3.3333333333333335e-05,3.7e-05,c
c,AllHints,bicg,1,SMALL,0.4060913705583755,0.00013133333333333335,5.3333333333333326e-05,c
c,AllHints,bicg,3,SMALL,0.4347826086956521,0.00012266666666666668,5.3333333333333326e-05,c
c,AllHints,bicg,4,SMALL,0.37914691943127954,0.00014066666666666668,5.3333333333333326e-05,c
c,AllHints,bicg,5,SMALL,0.4020100502512562,0.00013266666666666667,5.3333333333333326e-05,c
c,ChooseHints,bicg,1,SMALL,2.4242424242424234,2.2000000000000003e-05,5.3333333333333326e-05,c
c,ChooseHints,bicg,2,SMALL,0.48338368580060415,0.00011033333333333334,5.3333333333333326e-05,c
c,ChooseHints,bicg,3,SMALL,0.441988950276243,0.00012066666666666667,5.3333333333333326e-05,c
c,ChooseHints,bicg,4,SMALL,2.4615384615384617,2.1666666666666664e-05,5.3333333333333326e-05,c
c,ChooseHints,bicg,5,SMALL,0.4347826086956521,0.00012266666666666668,5.3333333333333326e-05,c
c,FromPlan,bicg,1,SMALL,0.41237113402061853,0.00012933333333333332,5.3333333333333326e-05,c
c,FromPlan,bicg,2,SMALL,2.5396825396825395,2.1e-05,5.3333333333333326e-05,c
c,FromPlan,bicg,3,SMALL,2.3188405797101446,2.3e-05,5.3333333333333326e-05,c
c,FromPlan,bicg,4,SMALL,2.4242424242424234,2.2000000000000003e-05,5.3333333333333326e-05,c
c,FromPlan,bicg,5,SMALL,2.4242424242424234,2.2000000000000003e-05,5.3333333333333326e-05,c
c,Naive,bicg,1,SMALL,2.4242424242424234,2.2000000000000003e-05,5.3333333333333326e-05,c
c,Naive,bicg,2,SMALL,2.3188405797101446,2.3e-05,5.3333333333333326e-05,c
c,Naive,bicg,3,SMALL,2.4615384615384617,2.1666666666666664e-05,5.3333333333333326e-05,c
c,Naive,bicg,4,SMALL,2.3880597014925367,2.2333333333333335e-05,5.3333333333333326e-05,c
c,Naive,bicg,5,SMALL,2.4242424242424234,2.2000000000000003e-05,5.3333333333333326e-05,c
c,standard,bicg,1,SMALL,1.0,5.3333333333333326e-05,5.3333333333333326e-05,c
exo,AllHints,bicg,2,SMALL,0.9302325581395348,5.7333333333333336e-05,5.3333333333333326e-05,c
exo,AllHints,bicg,3,SMALL,0.6751054852320675,7.9e-05,5.3333333333333326e-05,c
exo,AllHints,bicg,4,SMALL,0.9248554913294796,5.766666666666667e-05,5.3333333333333326e-05,c
exo,AllHints,bicg,5,SMALL,0.9195402298850573,5.8e-05,5.3333333333333326e-05,c
exo,ChooseHints,bicg,1,SMALL,0.9815950920245397,5.433333333333334e-05,5.3333333333333326e-05,c
exo,ChooseHints,bicg,2,SMALL,2.025316455696202,2.6333333333333338e-05,5.3333333333333326e-05,c
exo,ChooseHints,bicg,4,SMALL,0.9815950920245397,5.433333333333334e-05,5.3333333333333326e-05,c
exo,ChooseHints,bicg,5,SMALL,0.4907975460122698,0.00010866666666666667,5.3333333333333326e-05,c
exo,FromPlan,bicg,2,SMALL,0.9142857142857141,5.833333333333333e-05,5.3333333333333326e-05,c
exo,Naive,bicg,1,SMALL,1.019108280254777,5.233333333333333e-05,5.3333333333333326e-05,c
exo,Naive,bicg,2,SMALL,1.0062893081761006,5.2999999999999994e-05,5.3333333333333326e-05,c
exo,Naive,bicg,3,SMALL,1.4545454545454544,3.6666666666666666e-05,5.3333333333333326e-05,c
exo,Naive,bicg,4,SMALL,0.9467455621301775,5.633333333333333e-05,5.3333333333333326e-05,c
exo,Naive,bicg,5,SMALL,0.9411764705882351,5.666666666666667e-05,5.3333333333333326e-05,c
exo,standard,bicg,1,SMALL,0.9815950920245397,5.433333333333334e-05,5.3333333333333326e-05,c
exo,standard,bicg,2,SMALL,0.9876543209876542,5.4000000000000005e-05,5.3333333333333326e-05,c
exo,standard,bicg,3,SMALL,0.9937888198757762,5.366666666666667e-05,5.3333333333333326e-05,c
exo,standard,bicg,4,SMALL,0.9876543209876542,5.4000000000000005e-05,5.3333333333333326e-05,c
exo,standard,bicg,5,SMALL,1.0,5.3333333333333326e-05,5.3333333333333326e-05,c
halide,AllHints,bicg,5,SMALL,0.05979073243647234,0.000892,5.3333333333333326e-05,c
halide,FromPlan,bicg,1,SMALL,0.015555123468792531,0.0034286666666666667,5.3333333333333326e-05,c
halide,FromPlan,bicg,4,SMALL,0.023855673177277468,0.0022356666666666666,5.3333333333333326e-05,c
halide,standard,bicg,1,SMALL,0.7547169811320753,7.066666666666667e-05,5.3333333333333326e-05,c
halide,standard,bicg,2,SMALL,1.0596026490066226,5.033333333333333e-05,5.3333333333333326e-05,c
halide,standard,bicg,3,SMALL,0.8080808080808081,6.599999999999999e-05,5.3333333333333326e-05,c
halide,standard,bicg,4,SMALL,0.7960199004975123,6.7e-05,5.3333333333333326e-05,c
halide,standard,bicg,5,SMALL,0.8040201005025124,6.633333333333334e-05,5.3333333333333326e-05,c
noarr,AllHints,bicg,1,SMALL,2.666666666666666,2e-05,5.3333333333333326e-05,c
noarr,AllHints,bicg,2,SMALL,0.020133383666792497,0.002649,5.3333333333333326e-05,c
noarr,AllHints,bicg,3,SMALL,3.137254901960784,1.7e-05,5.3333333333333326e-05,c
noarr,AllHints,bicg,4,SMALL,3.809523809523809,1.4e-05,5.3333333333333326e-05,c
noarr,AllHints,bicg,5,SMALL,3.137254901960784,1.7e-05,5.3333333333333326e-05,c
noarr,ChooseHints,bicg,1,SMALL,2.162162162162162,2.466666666666667e-05,5.3333333333333326e-05,c
noarr,ChooseHints,bicg,2,SMALL,1.2121212121212117,4.4000000000000006e-05,5.3333333333333326e-05,c
noarr,ChooseHints,bicg,3,SMALL,3.137254901960784,1.7e-05,5.3333333333333326e-05,c
noarr,ChooseHints,bicg,4,SMALL,3.137254901960784,1.7e-05,5.3333333333333326e-05,c
noarr,ChooseHints,bicg,5,SMALL,3.137254901960784,1.7e-05,5.3333333333333326e-05,c
noarr,FromPlan,bicg,2,SMALL,2.666666666666666,2e-05,5.3333333333333326e-05,c
noarr,FromPlan,bicg,5,SMALL,2.5396825396825395,2.1e-05,5.3333333333333326e-05,c
noarr,Naive,bicg,1,SMALL,3.137254901960784,1.7e-05,5.3333333333333326e-05,c
noarr,Naive,bicg,2,SMALL,3.2,1.6666666666666664e-05,5.3333333333333326e-05,c
noarr,Naive,bicg,3,SMALL,3.137254901960784,1.7e-05,5.3333333333333326e-05,c
noarr,Naive,bicg,4,SMALL,3.137254901960784,1.7e-05,5.3333333333333326e-05,c
noarr,Naive,bicg,5,SMALL,3.137254901960784,1.7e-05,5.3333333333333326e-05,c
noarr,standard,bicg,1,SMALL,1.185185185185185,4.5e-05,5.3333333333333326e-05,c
noarr,standard,bicg,2,SMALL,1.1188811188811187,4.766666666666667e-05,5.3333333333333326e-05,c
noarr,standard,bicg,3,SMALL,1.1188811188811187,4.766666666666667e-05,5.3333333333333326e-05,c
noarr,standard,bicg,4,SMALL,1.185185185185185,4.5e-05,5.3333333333333326e-05,c
noarr,standard,bicg,5,SMALL,1.185185185185185,4.5e-05,5.3333333333333326e-05,c
c,AllHints,cholesky,1,SMALL,1.1362318840579708,0.00034500000000000004,0.000392,c
c,AllHints,cholesky,2,SMALL,1.176,0.0003333333333333333,0.000392,c
c,AllHints,cholesky,3,SMALL,0.9841004184100417,0.0003983333333333334,0.000392,c
c,AllHints,cholesky,4,SMALL,1.0352112676056338,0.0003786666666666667,0.000392,c
c,AllHints,cholesky,5,SMALL,1.1395348837209303,0.00034399999999999996,0.000392,c
c,ChooseHints,cholesky,1,SMALL,1.154072620215898,0.00033966666666666666,0.000392,c
c,ChooseHints,cholesky,3,SMALL,1.1678252234359483,0.0003356666666666667,0.000392,c
c,ChooseHints,cholesky,5,SMALL,1.1736526946107784,0.00033400000000000004,0.000392,c
c,FromPlan,cholesky,1,SMALL,1.7899543378995433,0.000219,0.000392,c
c,FromPlan,cholesky,2,SMALL,1.1563421828908553,0.00033900000000000005,0.000392,c
c,FromPlan,cholesky,3,SMALL,1.1473170731707318,0.0003416666666666666,0.000392,c
c,FromPlan,cholesky,4,SMALL,1.5638297872340425,0.00025066666666666667,0.000392,c
c,FromPlan,cholesky,5,SMALL,2.697247706422018,0.00014533333333333333,0.000392,c
c,Naive,cholesky,1,SMALL,1.1975560081466394,0.00032733333333333334,0.000392,c
c,Naive,cholesky,2,SMALL,1.1783567134268538,0.00033266666666666666,0.000392,c
c,Naive,cholesky,3,SMALL,1.1253588516746411,0.0003483333333333333,0.000392,c
c,Naive,cholesky,4,SMALL,1.0671506352087112,0.0003673333333333334,0.000392,c
c,Naive,cholesky,5,SMALL,1.0759377859103385,0.0003643333333333333,0.000392,c
c,standard,cholesky,1,SMALL,1.0,0.000392,0.000392,c
exo,AllHints,cholesky,1,SMALL,1.111531190926276,0.00035266666666666666,0.000392,c
exo,AllHints,cholesky,2,SMALL,1.1021555763823805,0.0003556666666666667,0.000392,c
exo,AllHints,cholesky,3,SMALL,0.9800000000000001,0.00039999999999999996,0.000392,c
exo,AllHints,cholesky,5,SMALL,0.9767441860465116,0.00040133333333333335,0.000392,c
exo,ChooseHints,cholesky,2,SMALL,1.1318575553416748,0.0003463333333333333,0.000392,c
exo,ChooseHints,cholesky,3,SMALL,1.087881591119334,0.00036033333333333333,0.000392,c
exo,ChooseHints,cholesky,4,SMALL,0.963144963144963,0.000407,0.000392,c
exo,ChooseHints,cholesky,5,SMALL,1.1136363636363635,0.00035200000000000005,0.000392,c
exo,FromPlan,cholesky,1,SMALL,1.1395348837209303,0.00034399999999999996,0.000392,c
exo,FromPlan,cholesky,2,SMALL,1.1340405014464803,0.00034566666666666665,0.000392,c
exo,FromPlan,cholesky,4,SMALL,1.1506849315068495,0.00034066666666666664,0.000392,c
exo,FromPlan,cholesky,5,SMALL,1.0919220055710306,0.000359,0.000392,c
exo,Naive,cholesky,1,SMALL,0.4256243213897937,0.0009209999999999999,0.000392,c
exo,Naive,cholesky,3,SMALL,1.109433962264151,0.0003533333333333333,0.000392,c
exo,Naive,cholesky,4,SMALL,1.1318575553416748,0.0003463333333333333,0.000392,c
exo,Naive,cholesky,5,SMALL,0.34710743801652894,0.0011293333333333333,0.000392,c
exo,standard,cholesky,1,SMALL,0.9046153846153846,0.0004333333333333333,0.000392,c
exo,standard,cholesky,2,SMALL,0.952998379254457,0.0004113333333333334,0.000392,c
exo,standard,cholesky,3,SMALL,0.9460981496379726,0.00041433333333333334,0.000392,c
exo,standard,cholesky,4,SMALL,0.9348171701112877,0.00041933333333333335,0.000392,c
exo,standard,cholesky,5,SMALL,0.9415532425940751,0.0004163333333333334,0.000392,c
halide,AllHints,cholesky,4,SMALL,0.006016176147089367,0.06515766666666667,0.000392,c
halide,ChooseHints,cholesky,2,SMALL,0.8977099236641222,0.00043666666666666664,0.000392,c
halide,Naive,cholesky,1,SMALL,1.072014585232452,0.00036566666666666665,0.000392,c
halide,Naive,cholesky,4,SMALL,1.172482552342971,0.00033433333333333335,0.000392,c
halide,standard,cholesky,1,SMALL,1.2237252861602497,0.00032033333333333333,0.000392,c
c,AllHints,correlation,1,SMALL,4.960212201591512,0.00012566666666666667,0.0006233333333333333,c
c,AllHints,correlation,2,SMALL,4.973404255319148,0.00012533333333333334,0.0006233333333333333,c
c,AllHints,correlation,3,SMALL,2.6790830945558732,0.0002326666666666667,0.0006233333333333333,c
c,AllHints,correlation,4,SMALL,1.4039039039039038,0.000444,0.0006233333333333333,c
c,ChooseHints,correlation,1,SMALL,3.132328308207705,0.00019899999999999999,0.0006233333333333333,c
c,ChooseHints,correlation,2,SMALL,2.6676176890156915,0.00023366666666666666,0.0006233333333333333,c
c,ChooseHints,correlation,3,SMALL,3.953488372093023,0.00015766666666666666,0.0006233333333333333,c
c,ChooseHints,correlation,5,SMALL,4.221218961625281,0.0001476666666666667,0.0006233333333333333,c
c,FromPlan,correlation,1,SMALL,3.1587837837837838,0.00019733333333333332,0.0006233333333333333,c
c,FromPlan,correlation,2,SMALL,2.8162650602409633,0.00022133333333333334,0.0006233333333333333,c
c,FromPlan,correlation,3,SMALL,2.4999999999999996,0.00024933333333333334,0.0006233333333333333,c
c,FromPlan,correlation,4,SMALL,1.2516733601070948,0.0004980000000000001,0.0006233333333333333,c
c,FromPlan,correlation,5,SMALL,3.224137931034482,0.00019333333333333333,0.0006233333333333333,c
c,Naive,correlation,1,SMALL,2.9919999999999995,0.00020833333333333335,0.0006233333333333333,c
c,Naive,correlation,2,SMALL,2.894736842105263,0.00021533333333333333,0.0006233333333333333,c
c,Naive,correlation,3,SMALL,2.890262751159196,0.00021566666666666666,0.0006233333333333333,c
c,Naive,correlation,4,SMALL,3.0357142857142856,0.00020533333333333333,0.0006233333333333333,c
c,Naive,correlation,5,SMALL,2.890262751159196,0.00021566666666666666,0.0006233333333333333,c
c,standard,correlation,1,SMALL,1.0,0.0006233333333333333,0.0006233333333333333,c
exo,AllHints,correlation,1,SMALL,2.710144927536232,0.00022999999999999998,0.0006233333333333333,c
exo,AllHints,correlation,2,SMALL,1.115086463923673,0.000559,0.0006233333333333333,c
exo,AllHints,correlation,3,SMALL,3.1694915254237284,0.00019666666666666669,0.0006233333333333333,c
exo,AllHints,correlation,4,SMALL,2.1444954128440363,0.00029066666666666667,0.0006233333333333333,c
exo,AllHints,correlation,5,SMALL,1.7046490428441203,0.00036566666666666665,0.0006233333333333333,c
exo,ChooseHints,correlation,1,SMALL,3.0016051364365968,0.00020766666666666665,0.0006233333333333333,c
exo,ChooseHints,correlation,2,SMALL,2.2503008423586044,0.00027699999999999996,0.0006233333333333333,c
exo,ChooseHints,correlation,3,SMALL,3.1114808652246255,0.00020033333333333331,0.0006233333333333333,c
exo,ChooseHints,correlation,4,SMALL,3.7777777777777772,0.000165,0.0006233333333333333,c
exo,ChooseHints,correlation,5,SMALL,2.320099255583126,0.0002686666666666667,0.0006233333333333333,c
exo,FromPlan,correlation,2,SMALL,2.7459618208516887,0.000227,0.0006233333333333333,c
exo,FromPlan,correlation,3,SMALL,2.8725038402457757,0.000217,0.0006233333333333333,c
exo,FromPlan,correlation,4,SMALL,2.9037267080745335,0.0002146666666666667,0.0006233333333333333,c
exo,Naive,correlation,2,SMALL,2.7499999999999996,0.00022666666666666668,0.0006233333333333333,c
exo,Naive,correlation,3,SMALL,2.0150862068965516,0.00030933333333333334,0.0006233333333333333,c
exo,Naive,correlation,5,SMALL,1.6303400174367915,0.0003823333333333333,0.0006233333333333333,c
exo,standard,correlation,1,SMALL,1.0291689598238853,0.0006056666666666667,0.0006233333333333333,c
exo,standard,correlation,2,SMALL,1.0371602884082085,0.000601,0.0006233333333333333,c
exo,standard,correlation,3,SMALL,1.02803738317757,0.0006063333333333333,0.0006233333333333333,c
halide,AllHints,correlation,1,SMALL,0.33981464655642374,0.0018343333333333334,0.0006233333333333333,c
halide,AllHints,correlation,2,SMALL,0.3340478742408002,0.0018660000000000003,0.0006233333333333333,c
halide,AllHints,correlation,4,SMALL,0.401201458914396,0.0015536666666666667,0.0006233333333333333,c
halide,Naive,correlation,1,SMALL,0.1585820895522388,0.0039306666666666665,0.0006233333333333333,c
halide,Naive,correlation,2,SMALL,0.442080378250591,0.00141,0.0006233333333333333,c
halide,Naive,correlation,4,SMALL,0.13817053347125757,0.004511333333333333,0.0006233333333333333,c
halide,Naive,correlation,5,SMALL,0.2983883835966171,0.002089,0.0006233333333333333,c
halide,standard,correlation,1,SMALL,3.867385810160247e-06,161.17692,0.0006233333333333333,c
halide,standard,correlation,2,SMALL,3.988084601298801e-06,156.29892433333336,0.0006233333333333333,c
halide,standard,correlation,3,SMALL,3.863439328230624e-06,161.34156133333332,0.0006233333333333333,c
halide,standard,correlation,4,SMALL,0.7791666666666666,0.0008,0.0006233333333333333,c
halide,standard,correlation,5,SMALL,3.876012680340247e-06,160.81818733333333,0.0006233333333333333,c
noarr,AllHints,correlation,1,SMALL,1.432950191570881,0.000435,0.0006233333333333333,c
noarr,AllHints,correlation,2,SMALL,1.289655172413793,0.0004833333333333333,0.0006233333333333333,c
noarr,AllHints,correlation,3,SMALL,1.4770932069510267,0.000422,0.0006233333333333333,c
noarr,AllHints,correlation,4,SMALL,1.361981063364894,0.0004576666666666667,0.0006233333333333333,c
noarr,AllHints,correlation,5,SMALL,1.4307574598316755,0.00043566666666666667,0.0006233333333333333,c
noarr,ChooseHints,correlation,1,SMALL,1.3405017921146953,0.00046499999999999997,0.0006233333333333333,c
noarr,ChooseHints,correlation,2,SMALL,1.44848954298993,0.00043033333333333335,0.0006233333333333333,c
noarr,ChooseHints,correlation,3,SMALL,1.4936102236421722,0.00041733333333333336,0.0006233333333333333,c
noarr,ChooseHints,correlation,4,SMALL,3.0064308681672025,0.00020733333333333332,0.0006233333333333333,c
noarr,ChooseHints,correlation,5,SMALL,1.328125,0.0004693333333333333,0.0006233333333333333,c
noarr,FromPlan,correlation,1,SMALL,1.5544472152950952,0.00040100000000000004,0.0006233333333333333,c
noarr,FromPlan,correlation,2,SMALL,1.563545150501672,0.0003986666666666667,0.0006233333333333333,c
noarr,FromPlan,correlation,3,SMALL,1.5378289473684208,0.00040533333333333334,0.0006233333333333333,c
noarr,FromPlan,correlation,4,SMALL,1.5544472152950952,0.00040100000000000004,0.0006233333333333333,c
noarr,FromPlan,correlation,5,SMALL,1.5687919463087248,0.0003973333333333333,0.0006233333333333333,c
noarr,Naive,correlation,1,SMALL,1.4586583463338532,0.00042733333333333333,0.0006233333333333333,c
noarr,Naive,correlation,2,SMALL,1.4724409448818896,0.00042333333333333334,0.0006233333333333333,c
noarr,Naive,correlation,3,SMALL,2.8725038402457757,0.000217,0.0006233333333333333,c
noarr,Naive,correlation,4,SMALL,1.3141250878425859,0.00047433333333333333,0.0006233333333333333,c
noarr,Naive,correlation,5,SMALL,1.3462922966162705,0.00046300000000000003,0.0006233333333333333,c
noarr,standard,correlation,1,SMALL,1.3924050632911391,0.0004476666666666667,0.0006233333333333333,c
noarr,standard,correlation,2,SMALL,1.283459162663006,0.00048566666666666664,0.0006233333333333333,c
noarr,standard,correlation,3,SMALL,1.2669376693766938,0.0004919999999999999,0.0006233333333333333,c
noarr,standard,correlation,4,SMALL,1.2986111111111112,0.00047999999999999996,0.0006233333333333333,c
noarr,standard,correlation,5,SMALL,1.2843406593406594,0.0004853333333333333,0.0006233333333333333,c
c,AllHints,covariance,1,SMALL,2.289222373806276,0.00024433333333333333,0.0005593333333333333,c
c,AllHints,covariance,2,SMALL,2.609642301710731,0.00021433333333333333,0.0005593333333333333,c
c,AllHints,covariance,3,SMALL,2.980461811722913,0.00018766666666666668,0.0005593333333333333,c
c,AllHints,covariance,4,SMALL,1.5890151515151514,0.00035200000000000005,0.0005593333333333333,c
c,AllHints,covariance,5,SMALL,1.0715197956577267,0.000522,0.0005593333333333333,c
c,ChooseHints,covariance,1,SMALL,2.7781456953642385,0.00020133333333333334,0.0005593333333333333,c
c,ChooseHints,covariance,2,SMALL,3.7123893805309733,0.00015066666666666668,0.0005593333333333333,c
c,ChooseHints,covariance,3,SMALL,2.9542253521126765,0.00018933333333333332,0.0005593333333333333,c
c,ChooseHints,covariance,4,SMALL,2.8732876712328768,0.00019466666666666666,0.0005593333333333333,c
c,ChooseHints,covariance,5,SMALL,2.7920133111480867,0.00020033333333333331,0.0005593333333333333,c
c,FromPlan,covariance,1,SMALL,2.1877444589308994,0.0002556666666666667,0.0005593333333333333,c
c,FromPlan,covariance,2,SMALL,2.8981001727115716,0.000193,0.0005593333333333333,c
c,FromPlan,covariance,3,SMALL,2.9031141868512114,0.00019266666666666664,0.0005593333333333333,c
c,FromPlan,covariance,4,SMALL,2.1027568922305764,0.000266,0.0005593333333333333,c
c,FromPlan,covariance,5,SMALL,2.148527528809219,0.00026033333333333334,0.0005593333333333333,c
c,Naive,covariance,1,SMALL,1.0175864160097028,0.0005496666666666667,0.0005593333333333333,c
c,Naive,covariance,2,SMALL,0.9994044073853485,0.0005596666666666666,0.0005593333333333333,c
c,Naive,covariance,3,SMALL,2.9031141868512114,0.00019266666666666664,0.0005593333333333333,c
c,Naive,covariance,4,SMALL,0.9976218787158145,0.0005606666666666667,0.0005593333333333333,c
c,Naive,covariance,5,SMALL,2.8732876712328768,0.00019466666666666666,0.0005593333333333333,c
c,standard,covariance,1,SMALL,1.0,0.0005593333333333333,0.0005593333333333333,c
exo,AllHints,covariance,1,SMALL,0.37716340750730504,0.001483,0.0005593333333333333,c
exo,AllHints,covariance,3,SMALL,0.20907052080737604,0.0026753333333333334,0.0005593333333333333,c
exo,ChooseHints,covariance,1,SMALL,3.712389380530974,0.00015066666666666665,0.0005593333333333333,c
exo,ChooseHints,covariance,2,SMALL,2.680511182108626,0.00020866666666666668,0.0005593333333333333,c
exo,ChooseHints,covariance,3,SMALL,2.5618320610687024,0.00021833333333333332,0.0005593333333333333,c
exo,ChooseHints,covariance,5,SMALL,3.3359840954274356,0.00016766666666666666,0.0005593333333333333,c
exo,FromPlan,covariance,1,SMALL,2.741830065359477,0.000204,0.0005593333333333333,c
exo,FromPlan,covariance,3,SMALL,2.5736196319018405,0.00021733333333333335,0.0005593333333333333,c
exo,FromPlan,covariance,4,SMALL,2.6677265500794913,0.00020966666666666668,0.0005593333333333333,c
exo,FromPlan,covariance,5,SMALL,2.659270998415214,0.00021033333333333334,0.0005593333333333333,c
exo,Naive,covariance,1,SMALL,2.6891025641025643,0.000208,0.0005593333333333333,c
exo,Naive,covariance,2,SMALL,0.4000953743443014,0.001398,0.0005593333333333333,c
exo,Naive,covariance,3,SMALL,3.012567324955117,0.00018566666666666666,0.0005593333333333333,c
exo,Naive,covariance,5,SMALL,3.0845588235294117,0.00018133333333333334,0.0005593333333333333,c
exo,standard,covariance,1,SMALL,0.8266009852216749,0.0006766666666666667,0.0005593333333333333,c
exo,standard,covariance,2,SMALL,0.8282329713721619,0.0006753333333333333,0.0005593333333333333,c
exo,standard,covariance,3,SMALL,0.8335817188276204,0.000671,0.0005593333333333333,c
exo,standard,covariance,4,SMALL,0.8315163528245789,0.0006726666666666666,0.0005593333333333333,c
exo,standard,covariance,5,SMALL,0.8278243709916131,0.0006756666666666668,0.0005593333333333333,c
halide,AllHints,covariance,2,SMALL,0.045682238919743004,0.012244,0.0005593333333333333,c
halide,ChooseHints,covariance,5,SMALL,0.46819196428571425,0.0011946666666666668,0.0005593333333333333,c
halide,Naive,covariance,4,SMALL,0.15693976805087917,0.003564,0.0005593333333333333,c
halide,Naive,covariance,5,SMALL,1.1660875608061154,0.00047966666666666665,0.0005593333333333333,c
halide,standard,covariance,2,SMALL,0.5335453100158982,0.0010483333333333334,0.0005593333333333333,c
halide,standard,covariance,4,SMALL,0.0003529409785088811,1.5847786666666668,0.0005593333333333333,c
noarr,AllHints,covariance,1,SMALL,4.004773269689738,0.00013966666666666666,0.0005593333333333333,c
noarr,AllHints,covariance,2,SMALL,1.324388318863457,0.0004223333333333333,0.0005593333333333333,c
noarr,AllHints,covariance,3,SMALL,3.7707865168539327,0.00014833333333333332,0.0005593333333333333,c
noarr,AllHints,covariance,4,SMALL,4.092682926829268,0.00013666666666666666,0.0005593333333333333,c
noarr,AllHints,covariance,5,SMALL,1.1090548578982156,0.0005043333333333333,0.0005593333333333333,c
noarr,ChooseHints,covariance,1,SMALL,4.248101265822784,0.00013166666666666668,0.0005593333333333333,c
noarr,ChooseHints,covariance,2,SMALL,4.062953995157385,0.00013766666666666666,0.0005593333333333333,c
noarr,ChooseHints,covariance,3,SMALL,1.3088923556942276,0.0004273333333333334,0.0005593333333333333,c
noarr,ChooseHints,covariance,4,SMALL,4.004773269689738,0.00013966666666666666,0.0005593333333333333,c
noarr,ChooseHints,covariance,5,SMALL,3.5400843881856536,0.00015800000000000002,0.0005593333333333333,c
noarr,FromPlan,covariance,1,SMALL,1.403010033444816,0.0003986666666666667,0.0005593333333333333,c
noarr,FromPlan,covariance,2,SMALL,3.813636363636364,0.00014666666666666666,0.0005593333333333333,c
noarr,FromPlan,covariance,4,SMALL,1.106130520764667,0.0005056666666666667,0.0005593333333333333,c
noarr,FromPlan,covariance,5,SMALL,4.1330049261083746,0.00013533333333333333,0.0005593333333333333,c
noarr,Naive,covariance,1,SMALL,1.3150470219435737,0.00042533333333333334,0.0005593333333333333,c
noarr,Naive,covariance,2,SMALL,1.2457312546399406,0.000449,0.0005593333333333333,c
noarr,Naive,covariance,3,SMALL,4.358441558441559,0.00012833333333333333,0.0005593333333333333,c
noarr,Naive,covariance,4,SMALL,4.17412935323383,0.000134,0.0005593333333333333,c
noarr,Naive,covariance,5,SMALL,4.291560102301791,0.00013033333333333332,0.0005593333333333333,c
noarr,standard,covariance,1,SMALL,1.3007751937984497,0.00043,0.0005593333333333333,c
noarr,standard,covariance,2,SMALL,1.17671809256662,0.0004753333333333333,0.0005593333333333333,c
noarr,standard,covariance,3,SMALL,1.1833568406205925,0.00047266666666666665,0.0005593333333333333,c
noarr,standard,covariance,4,SMALL,1.2320117474302497,0.000454,0.0005593333333333333,c
noarr,standard,covariance,5,SMALL,1.1685236768802227,0.0004786666666666667,0.0005593333333333333,c
c,AllHints,deriche,1,SMALL,1.9320843091334892,0.000427,0.0008249999999999999,c
c,AllHints,deriche,2,SMALL,1.0269709543568464,0.0008033333333333333,0.0008249999999999999,c
c,AllHints,deriche,3,SMALL,1.8735806207418617,0.0004403333333333334,0.0008249999999999999,c
c,AllHints,deriche,4,SMALL,3.634361233480176,0.000227,0.0008249999999999999,c
c,AllHints,deriche,5,SMALL,0.8742493818438712,0.0009436666666666668,0.0008249999999999999,c
c,ChooseHints,deriche,1,SMALL,1.5526976160602257,0.0005313333333333333,0.0008249999999999999,c
c,ChooseHints,deriche,2,SMALL,1.9752593774940141,0.00041766666666666666,0.0008249999999999999,c
c,ChooseHints,deriche,3,SMALL,1.7307692307692304,0.0004766666666666667,0.0008249999999999999,c
c,ChooseHints,deriche,4,SMALL,1.879271070615034,0.000439,0.0008249999999999999,c
c,ChooseHints,deriche,5,SMALL,0.22455089820359278,0.003674,0.0008249999999999999,c
c,FromPlan,deriche,1,SMALL,1.1527713088029807,0.0007156666666666666,0.0008249999999999999,c
c,FromPlan,deriche,2,SMALL,1.2387387387387387,0.0006659999999999999,0.0008249999999999999,c
c,FromPlan,deriche,3,SMALL,1.2877211238293442,0.0006406666666666667,0.0008249999999999999,c
c,FromPlan,deriche,4,SMALL,1.16580310880829,0.0007076666666666667,0.0008249999999999999,c
c,FromPlan,deriche,5,SMALL,1.27906976744186,0.0006450000000000001,0.0008249999999999999,c
c,Naive,deriche,1,SMALL,1.2557077625570774,0.000657,0.0008249999999999999,c
c,Naive,deriche,2,SMALL,1.3436482084690553,0.000614,0.0008249999999999999,c
c,Naive,deriche,3,SMALL,0.8505154639175257,0.0009699999999999999,0.0008249999999999999,c
c,Naive,deriche,4,SMALL,0.8935018050541516,0.0009233333333333333,0.0008249999999999999,c
c,Naive,deriche,5,SMALL,0.8724004229820231,0.0009456666666666667,0.0008249999999999999,c
c,standard,deriche,1,SMALL,1.0,0.0008249999999999999,0.0008249999999999999,c
exo,AllHints,deriche,1,SMALL,0.3781512605042016,0.002181666666666667,0.0008249999999999999,c
exo,AllHints,deriche,2,SMALL,1.619764397905759,0.0005093333333333333,0.0008249999999999999,c
exo,ChooseHints,deriche,2,SMALL,1.4688427299703264,0.0005616666666666666,0.0008249999999999999,c
exo,FromPlan,deriche,3,SMALL,1.1163734776725303,0.0007390000000000001,0.0008249999999999999,c
exo,Naive,deriche,5,SMALL,1.0718925941966215,0.0007696666666666668,0.0008249999999999999,c
exo,standard,deriche,3,SMALL,0.8764164305949007,0.0009413333333333334,0.0008249999999999999,c
exo,standard,deriche,4,SMALL,0.862970711297071,0.0009559999999999999,0.0008249999999999999,c
exo,standard,deriche,5,SMALL,0.8693361433087459,0.0009490000000000001,0.0008249999999999999,c
halide,AllHints,deriche,1,SMALL,0.05303533546188955,0.015555666666666667,0.0008249999999999999,c
halide,AllHints,deriche,2,SMALL,0.3717332532291979,0.002219333333333333,0.0008249999999999999,c
halide,AllHints,deriche,3,SMALL,0.11586536210851552,0.007120333333333333,0.0008249999999999999,c
halide,ChooseHints,deriche,2,SMALL,0.1707838807617996,0.004830666666666666,0.0008249999999999999,c
halide,ChooseHints,deriche,3,SMALL,0.06685214196963966,0.012340666666666666,0.0008249999999999999,c
halide,ChooseHints,deriche,4,SMALL,0.3641312343681035,0.0022656666666666667,0.0008249999999999999,c
halide,ChooseHints,deriche,5,SMALL,0.37420622921076496,0.002204666666666667,0.0008249999999999999,c
halide,FromPlan,deriche,1,SMALL,0.7083571837435603,0.0011646666666666667,0.0008249999999999999,c
halide,FromPlan,deriche,2,SMALL,0.24826963587120068,0.003323,0.0008249999999999999,c
halide,FromPlan,deriche,4,SMALL,0.03626320493472623,0.022750333333333334,0.0008249999999999999,c
halide,Naive,deriche,5,SMALL,0.7739212007504689,0.001066,0.0008249999999999999,c
halide,standard,deriche,1,SMALL,0.40016168148746967,0.0020616666666666665,0.0008249999999999999,c
noarr,AllHints,deriche,1,SMALL,2.3305084745762707,0.000354,0.0008249999999999999,c
noarr,AllHints,deriche,2,SMALL,2.1883289124668432,0.000377,0.0008249999999999999,c
noarr,AllHints,deriche,3,SMALL,2.0728643216080402,0.00039799999999999997,0.0008249999999999999,c
noarr,ChooseHints,deriche,2,SMALL,2.0642201834862384,0.00039966666666666666,0.0008249999999999999,c
noarr,ChooseHints,deriche,4,SMALL,1.849775784753363,0.000446,0.0008249999999999999,c
noarr,ChooseHints,deriche,5,SMALL,0.2816981561575233,0.0029286666666666667,0.0008249999999999999,c
noarr,FromPlan,deriche,1,SMALL,2.0573566084788024,0.00040100000000000004,0.0008249999999999999,c
noarr,FromPlan,deriche,2,SMALL,0.2779025376150909,0.0029686666666666668,0.0008249999999999999,c
noarr,FromPlan,deriche,3,SMALL,2.4169921875,0.0003413333333333333,0.0008249999999999999,c
noarr,FromPlan,deriche,4,SMALL,2.0336894001643384,0.00040566666666666664,0.0008249999999999999,c
noarr,FromPlan,deriche,5,SMALL,2.0693979933110365,0.0003986666666666667,0.0008249999999999999,c
noarr,Naive,deriche,1,SMALL,1.7716535433070864,0.0004656666666666667,0.0008249999999999999,c
noarr,Naive,deriche,3,SMALL,2.004048582995951,0.0004116666666666667,0.0008249999999999999,c
noarr,Naive,deriche,4,SMALL,2.099236641221374,0.00039299999999999996,0.0008249999999999999,c
noarr,Naive,deriche,5,SMALL,3.239528795811518,0.00025466666666666666,0.0008249999999999999,c
noarr,standard,deriche,1,SMALL,2.174868189806678,0.00037933333333333336,0.0008249999999999999,c
noarr,standard,deriche,2,SMALL,2.083333333333333,0.00039600000000000003,0.0008249999999999999,c
noarr,standard,deriche,3,SMALL,2.0556478405315612,0.00040133333333333335,0.0008249999999999999,c
noarr,standard,deriche,4,SMALL,2.065943238731218,0.00039933333333333335,0.0008249999999999999,c
noarr,standard,deriche,5,SMALL,2.1596858638743455,0.00038199999999999996,0.0008249999999999999,c
c,AllHints,doitgen,1,SMALL,6.834586466165413,8.866666666666668e-05,0.000606,c
c,AllHints,doitgen,2,SMALL,6.424028268551237,9.433333333333333e-05,0.000606,c
c,AllHints,doitgen,3,SMALL,7.670886075949366,7.900000000000001e-05,0.000606,c
c,AllHints,doitgen,4,SMALL,8.08,7.5e-05,0.000606,c
c,AllHints,doitgen,5,SMALL,6.378947368421053,9.499999999999999e-05,0.000606,c
c,ChooseHints,doitgen,1,SMALL,3.5928853754940713,0.00016866666666666666,0.000606,c
c,ChooseHints,doitgen,2,SMALL,7.019305019305019,8.633333333333334e-05,0.000606,c
c,ChooseHints,doitgen,3,SMALL,8.61611374407583,7.033333333333333e-05,0.000606,c
c,ChooseHints,doitgen,4,SMALL,6.492857142857143,9.333333333333333e-05,0.000606,c
c,ChooseHints,doitgen,5,SMALL,7.93886462882096,7.633333333333334e-05,0.000606,c
c,FromPlan,doitgen,1,SMALL,3.462857142857142,0.00017500000000000003,0.000606,c
c,FromPlan,doitgen,2,SMALL,3.2464285714285714,0.00018666666666666666,0.000606,c
c,FromPlan,doitgen,3,SMALL,3.5787401574803153,0.00016933333333333332,0.000606,c
c,FromPlan,doitgen,4,SMALL,3.9012875536480687,0.00015533333333333333,0.000606,c
c,FromPlan,doitgen,5,SMALL,3.73305954825462,0.00016233333333333334,0.000606,c
c,Naive,doitgen,1,SMALL,3.4694656488549622,0.00017466666666666664,0.000606,c
c,Naive,doitgen,2,SMALL,3.4172932330827064,0.00017733333333333335,0.000606,c
c,Naive,doitgen,3,SMALL,3.252236135957066,0.00018633333333333335,0.000606,c
c,Naive,doitgen,4,SMALL,3.4431818181818175,0.00017600000000000002,0.000606,c
c,Naive,doitgen,5,SMALL,3.335779816513761,0.00018166666666666667,0.000606,c
c,standard,doitgen,1,SMALL,1.0,0.000606,0.000606,c
exo,AllHints,doitgen,1,SMALL,0.019877107432594954,0.030487333333333335,0.000606,c
exo,AllHints,doitgen,2,SMALL,0.7420408163265306,0.0008166666666666666,0.000606,c
exo,AllHints,doitgen,3,SMALL,2.792626728110599,0.000217,0.000606,c
exo,AllHints,doitgen,4,SMALL,0.2165832737669764,0.002798,0.000606,c
exo,AllHints,doitgen,5,SMALL,0.7700127064803048,0.000787,0.000606,c
exo,ChooseHints,doitgen,1,SMALL,0.747532894736842,0.0008106666666666667,0.000606,c
exo,ChooseHints,doitgen,2,SMALL,0.7900912646675359,0.000767,0.000606,c
exo,ChooseHints,doitgen,3,SMALL,0.7024729520865534,0.0008626666666666666,0.000606,c
exo,ChooseHints,doitgen,4,SMALL,2.8903020667726547,0.00020966666666666668,0.000606,c
exo,FromPlan,doitgen,2,SMALL,2.6893491124260356,0.00022533333333333333,0.000606,c
exo,FromPlan,doitgen,4,SMALL,3.0554621848739494,0.00019833333333333335,0.000606,c
exo,FromPlan,doitgen,5,SMALL,2.8584905660377355,0.00021200000000000003,0.000606,c
exo,Naive,doitgen,2,SMALL,2.532033426183844,0.00023933333333333334,0.000606,c
exo,Naive,doitgen,3,SMALL,1.3164373642288196,0.0004603333333333334,0.000606,c
exo,Naive,doitgen,4,SMALL,0.9103655483224836,0.0006656666666666667,0.000606,c
exo,Naive,doitgen,5,SMALL,2.705357142857143,0.000224,0.000606,c
exo,standard,doitgen,1,SMALL,0.8999999999999999,0.0006733333333333334,0.000606,c
exo,standard,doitgen,2,SMALL,0.9439252336448597,0.0006420000000000001,0.000606,c
exo,standard,doitgen,3,SMALL,0.9126506024096386,0.000664,0.000606,c
exo,standard,doitgen,4,SMALL,0.9062811565304087,0.0006686666666666667,0.000606,c
exo,standard,doitgen,5,SMALL,0.9361483007209062,0.0006473333333333334,0.000606,c
halide,standard,doitgen,3,SMALL,1.2300405953991882,0.0004926666666666666,0.000606,c
halide,standard,doitgen,4,SMALL,1.3486646884272997,0.0004493333333333333,0.000606,c
halide,standard,doitgen,5,SMALL,1.4337539432176656,0.0004226666666666667,0.000606,c
noarr,AllHints,doitgen,1,SMALL,4.444987775061125,0.00013633333333333333,0.000606,c
noarr,AllHints,doitgen,2,SMALL,4.522388059701492,0.000134,0.000606,c
noarr,AllHints,doitgen,3,SMALL,4.3182897862232785,0.00014033333333333332,0.000606,c
noarr,AllHints,doitgen,4,SMALL,4.287735849056603,0.00014133333333333334,0.000606,c
noarr,AllHints,doitgen,5,SMALL,3.7407407407407405,0.000162,0.000606,c
noarr,ChooseHints,doitgen,1,SMALL,4.297872340425532,0.00014099999999999998,0.000606,c
noarr,ChooseHints,doitgen,2,SMALL,3.7407407407407405,0.000162,0.000606,c
noarr,ChooseHints,doitgen,3,SMALL,4.522388059701492,0.000134,0.000606,c
noarr,ChooseHints,doitgen,4,SMALL,4.1506849315068495,0.000146,0.000606,c
noarr,ChooseHints,doitgen,5,SMALL,4.522388059701492,0.000134,0.000606,c
noarr,FromPlan,doitgen,1,SMALL,4.004405286343613,0.00015133333333333332,0.000606,c
noarr,FromPlan,doitgen,2,SMALL,3.6287425149700607,0.00016699999999999997,0.000606,c
noarr,FromPlan,doitgen,3,SMALL,3.795407098121085,0.00015966666666666668,0.000606,c
noarr,FromPlan,doitgen,4,SMALL,3.3981308411214957,0.00017833333333333332,0.000606,c
noarr,FromPlan,doitgen,5,SMALL,3.206349206349206,0.000189,0.000606,c
noarr,Naive,doitgen,1,SMALL,3.748453608247423,0.00016166666666666665,0.000606,c
noarr,Naive,doitgen,2,SMALL,4.287735849056603,0.00014133333333333334,0.000606,c
noarr,Naive,doitgen,3,SMALL,4.423357664233577,0.000137,0.000606,c
noarr,Naive,doitgen,4,SMALL,4.533665835411471,0.00013366666666666667,0.000606,c
noarr,Naive,doitgen,5,SMALL,4.308056872037914,0.00014066666666666668,0.000606,c
noarr,standard,doitgen,1,SMALL,1.237576582709326,0.0004896666666666667,0.000606,c
noarr,standard,doitgen,2,SMALL,1.1187692307692305,0.0005416666666666668,0.000606,c
noarr,standard,doitgen,3,SMALL,1.1513616212792908,0.0005263333333333333,0.000606,c
noarr,standard,doitgen,5,SMALL,1.1557533375715192,0.0005243333333333334,0.000606,c
c,AllHints,durbin,1,SMALL,1.272727272727273,1.4666666666666666e-05,1.866666666666667e-05,c
c,AllHints,durbin,3,SMALL,1.0370370370370372,1.8e-05,1.866666666666667e-05,c
c,AllHints,durbin,4,SMALL,1.142857142857143,1.633333333333333e-05,1.866666666666667e-05,c
c,AllHints,durbin,5,SMALL,1.272727272727273,1.4666666666666666e-05,1.866666666666667e-05,c
c,ChooseHints,durbin,1,SMALL,1.2444444444444445,1.5e-05,1.866666666666667e-05,c
c,ChooseHints,durbin,2,SMALL,1.0370370370370372,1.8e-05,1.866666666666667e-05,c
c,ChooseHints,durbin,3,SMALL,1.0370370370370372,1.8e-05,1.866666666666667e-05,c
c,ChooseHints,durbin,4,SMALL,1.2444444444444445,1.5e-05,1.866666666666667e-05,c
c,ChooseHints,durbin,5,SMALL,1.0370370370370372,1.8e-05,1.866666666666667e-05,c
c,FromPlan,durbin,1,SMALL,1.272727272727273,1.4666666666666666e-05,1.866666666666667e-05,c
c,FromPlan,durbin,2,SMALL,1.272727272727273,1.4666666666666666e-05,1.866666666666667e-05,c
c,FromPlan,durbin,3,SMALL,1.3333333333333335,1.4e-05,1.866666666666667e-05,c
c,FromPlan,durbin,4,SMALL,1.2444444444444445,1.5e-05,1.866666666666667e-05,c
c,FromPlan,durbin,5,SMALL,1.2444444444444445,1.5e-05,1.866666666666667e-05,c
c,Naive,durbin,1,SMALL,1.2173913043478262,1.5333333333333334e-05,1.866666666666667e-05,c
c,Naive,durbin,2,SMALL,1.0181818181818183,1.8333333333333333e-05,1.866666666666667e-05,c
c,Naive,durbin,3,SMALL,1.12,1.6666666666666667e-05,1.866666666666667e-05,c
c,Naive,durbin,4,SMALL,1.0000000000000002,1.8666666666666665e-05,1.866666666666667e-05,c
c,Naive,durbin,5,SMALL,1.2444444444444445,1.5e-05,1.866666666666667e-05,c
c,standard,durbin,1,SMALL,1.0,1.866666666666667e-05,1.866666666666667e-05,c
exo,AllHints,durbin,1,SMALL,1.1914893617021278,1.5666666666666667e-05,1.866666666666667e-05,c
exo,AllHints,durbin,2,SMALL,0.8115942028985508,2.3e-05,1.866666666666667e-05,c
exo,AllHints,durbin,3,SMALL,0.0030406689471683774,0.0061389999999999995,1.866666666666667e-05,c
exo,ChooseHints,durbin,1,SMALL,0.9824561403508772,1.9e-05,1.866666666666667e-05,c
exo,ChooseHints,durbin,2,SMALL,0.49557522123893805,3.766666666666667e-05,1.866666666666667e-05,c
exo,ChooseHints,durbin,3,SMALL,0.6666666666666667,2.8e-05,1.866666666666667e-05,c
exo,ChooseHints,durbin,4,SMALL,0.002119686589197169,0.008806333333333333,1.866666666666667e-05,c
exo,FromPlan,durbin,2,SMALL,0.674698795180723,2.7666666666666667e-05,1.866666666666667e-05,c
exo,FromPlan,durbin,5,SMALL,1.142857142857143,1.633333333333333e-05,1.866666666666667e-05,c
exo,Naive,durbin,3,SMALL,0.823529411764706,2.2666666666666668e-05,1.866666666666667e-05,c
exo,Naive,durbin,4,SMALL,1.1666666666666667,1.6e-05,1.866666666666667e-05,c
exo,standard,durbin,1,SMALL,0.7887323943661974,2.3666666666666665e-05,1.866666666666667e-05,c
exo,standard,durbin,2,SMALL,0.8115942028985508,2.3e-05,1.866666666666667e-05,c
exo,standard,durbin,3,SMALL,0.823529411764706,2.2666666666666668e-05,1.866666666666667e-05,c
exo,standard,durbin,4,SMALL,0.8000000000000002,2.3333333333333332e-05,1.866666666666667e-05,c
exo,standard,durbin,5,SMALL,0.8115942028985508,2.3e-05,1.866666666666667e-05,c
halide,FromPlan,durbin,3,SMALL,0.03292181069958849,0.0005669999999999999,1.866666666666667e-05,c
halide,standard,durbin,4,SMALL,0.08092485549132948,0.00023066666666666667,1.866666666666667e-05,c
noarr,AllHints,durbin,1,SMALL,1.4358974358974361,1.3e-05,1.866666666666667e-05,c
noarr,AllHints,durbin,2,SMALL,0.8000000000000002,2.3333333333333332e-05,1.866666666666667e-05,c
noarr,AllHints,durbin,3,SMALL,1.4358974358974361,1.3e-05,1.866666666666667e-05,c
noarr,AllHints,durbin,4,SMALL,2.0740740740740744,9e-06,1.866666666666667e-05,c
noarr,AllHints,durbin,5,SMALL,1.4358974358974361,1.3e-05,1.866666666666667e-05,c
noarr,ChooseHints,durbin,1,SMALL,0.8888888888888891,2.1e-05,1.866666666666667e-05,c
noarr,ChooseHints,durbin,2,SMALL,1.4358974358974361,1.3e-05,1.866666666666667e-05,c
noarr,ChooseHints,durbin,3,SMALL,1.3333333333333335,1.4e-05,1.866666666666667e-05,c
noarr,ChooseHints,durbin,4,SMALL,1.3333333333333335,1.4e-05,1.866666666666667e-05,c
noarr,ChooseHints,durbin,5,SMALL,1.0000000000000002,1.8666666666666665e-05,1.866666666666667e-05,c
noarr,FromPlan,durbin,1,SMALL,1.4358974358974361,1.3e-05,1.866666666666667e-05,c
noarr,FromPlan,durbin,2,SMALL,1.4358974358974361,1.3e-05,1.866666666666667e-05,c
noarr,FromPlan,durbin,3,SMALL,1.4358974358974361,1.3e-05,1.866666666666667e-05,c
noarr,FromPlan,durbin,4,SMALL,1.4358974358974361,1.3e-05,1.866666666666667e-05,c
noarr,FromPlan,durbin,5,SMALL,1.4358974358974361,1.3e-05,1.866666666666667e-05,c
noarr,Naive,durbin,1,SMALL,1.3333333333333335,1.4e-05,1.866666666666667e-05,c
noarr,Naive,durbin,2,SMALL,1.142857142857143,1.633333333333333e-05,1.866666666666667e-05,c
noarr,Naive,durbin,3,SMALL,1.4358974358974361,1.3e-05,1.866666666666667e-05,c
noarr,Naive,durbin,4,SMALL,1.4358974358974361,1.3e-05,1.866666666666667e-05,c
noarr,Naive,durbin,5,SMALL,1.4000000000000004,1.3333333333333332e-05,1.866666666666667e-05,c
noarr,standard,durbin,1,SMALL,1.0980392156862746,1.7e-05,1.866666666666667e-05,c
noarr,standard,durbin,2,SMALL,1.0980392156862746,1.7e-05,1.866666666666667e-05,c
noarr,standard,durbin,3,SMALL,1.0980392156862746,1.7e-05,1.866666666666667e-05,c
noarr,standard,durbin,5,SMALL,1.0980392156862746,1.7e-05,1.866666666666667e-05,c
c,AllHints,fdtd-2d,1,SMALL,0.14347373121000148,0.0022396666666666667,0.00032133333333333336,c
c,AllHints,fdtd-2d,2,SMALL,0.14751338944146902,0.0021783333333333333,0.00032133333333333336,c
c,AllHints,fdtd-2d,4,SMALL,0.07626582278481014,0.004213333333333333,0.00032133333333333336,c
c,ChooseHints,fdtd-2d,2,SMALL,0.15548387096774194,0.0020666666666666667,0.00032133333333333336,c
c,ChooseHints,fdtd-2d,3,SMALL,0.15631587481757742,0.002055666666666667,0.00032133333333333336,c
c,ChooseHints,fdtd-2d,5,SMALL,0.1567224841489189,0.0020503333333333333,0.00032133333333333336,c
c,FromPlan,fdtd-2d,1,SMALL,0.9776876267748481,0.0003286666666666666,0.00032133333333333336,c
c,FromPlan,fdtd-2d,2,SMALL,0.8669064748201439,0.00037066666666666666,0.00032133333333333336,c
c,FromPlan,fdtd-2d,3,SMALL,0.9094339622641511,0.0003533333333333333,0.00032133333333333336,c
c,FromPlan,fdtd-2d,5,SMALL,0.9368318756073859,0.000343,0.00032133333333333336,c
c,Naive,fdtd-2d,1,SMALL,1.1684848484848485,0.000275,0.00032133333333333336,c
c,Naive,fdtd-2d,2,SMALL,0.9866939611054248,0.00032566666666666665,0.00032133333333333336,c
c,Naive,fdtd-2d,3,SMALL,1.1288056206088994,0.00028466666666666663,0.00032133333333333336,c
c,Naive,fdtd-2d,4,SMALL,0.9958677685950413,0.0003226666666666667,0.00032133333333333336,c
c,Naive,fdtd-2d,5,SMALL,0.6243523316062177,0.0005146666666666666,0.00032133333333333336,c
c,standard,fdtd-2d,1,SMALL,1.0,0.00032133333333333336,0.00032133333333333336,c
exo,AllHints,fdtd-2d,3,SMALL,0.05775221663072131,0.0055639999999999995,0.00032133333333333336,c
exo,AllHints,fdtd-2d,4,SMALL,0.0569100891433969,0.005646333333333333,0.00032133333333333336,c
exo,AllHints,fdtd-2d,5,SMALL,0.07505450015571473,0.004281333333333334,0.00032133333333333336,c
exo,ChooseHints,fdtd-2d,4,SMALL,0.05854843607652596,0.005488333333333334,0.00032133333333333336,c
exo,FromPlan,fdtd-2d,2,SMALL,0.630890052356021,0.0005093333333333333,0.00032133333333333336,c
exo,FromPlan,fdtd-2d,4,SMALL,0.642238507661559,0.0005003333333333333,0.00032133333333333336,c
exo,Naive,fdtd-2d,1,SMALL,0.05887022900763359,0.005458333333333333,0.00032133333333333336,c
exo,Naive,fdtd-2d,2,SMALL,0.07105476523918332,0.004522333333333333,0.00032133333333333336,c
exo,Naive,fdtd-2d,3,SMALL,0.5935960591133005,0.0005413333333333333,0.00032133333333333336,c
exo,standard,fdtd-2d,1,SMALL,0.8006644518272426,0.00040133333333333335,0.00032133333333333336,c
exo,standard,fdtd-2d,2,SMALL,0.8169491525423729,0.00039333333333333337,0.00032133333333333336,c
exo,standard,fdtd-2d,3,SMALL,0.7888707037643209,0.00040733333333333333,0.00032133333333333336,c
exo,standard,fdtd-2d,4,SMALL,0.8114478114478114,0.00039600000000000003,0.00032133333333333336,c
exo,standard,fdtd-2d,5,SMALL,0.8114478114478114,0.00039600000000000003,0.00032133333333333336,c
halide,AllHints,fdtd-2d,1,SMALL,0.17177476835352817,0.0018706666666666665,0.00032133333333333336,c
halide,AllHints,fdtd-2d,5,SMALL,0.009048924266886945,0.03551066666666667,0.00032133333333333336,c
halide,ChooseHints,fdtd-2d,1,SMALL,0.005612874676852132,0.05724933333333334,0.00032133333333333336,c
halide,ChooseHints,fdtd-2d,5,SMALL,0.003909307314541082,0.082197,0.00032133333333333336,c
halide,FromPlan,fdtd-2d,4,SMALL,0.004078903942658397,0.07877933333333333,0.00032133333333333336,c
halide,FromPlan,fdtd-2d,5,SMALL,0.2997512437810945,0.001072,0.00032133333333333336,c
halide,Naive,fdtd-2d,1,SMALL,0.004170037158318663,0.07705766666666666,0.00032133333333333336,c
halide,Naive,fdtd-2d,5,SMALL,0.009324821048558717,0.03446,0.00032133333333333336,c
halide,standard,fdtd-2d,1,SMALL,0.18292220113851992,0.0017566666666666668,0.00032133333333333336,c
halide,standard,fdtd-2d,3,SMALL,0.25672436750998673,0.0012516666666666666,0.00032133333333333336,c
halide,standard,fdtd-2d,5,SMALL,0.24648427512145235,0.0013036666666666665,0.00032133333333333336,c
noarr,AllHints,fdtd-2d,1,SMALL,0.08050104384133612,0.003991666666666667,0.00032133333333333336,c
noarr,AllHints,fdtd-2d,4,SMALL,0.048909183155758505,0.0065699999999999995,0.00032133333333333336,c
noarr,AllHints,fdtd-2d,5,SMALL,1.1105990783410138,0.00028933333333333334,0.00032133333333333336,c
noarr,ChooseHints,fdtd-2d,1,SMALL,0.10196742119737677,0.0031513333333333337,0.00032133333333333336,c
noarr,ChooseHints,fdtd-2d,3,SMALL,0.036707029167618616,0.008754,0.00032133333333333336,c
noarr,ChooseHints,fdtd-2d,5,SMALL,0.06541802388707928,0.004912,0.00032133333333333336,c
noarr,FromPlan,fdtd-2d,2,SMALL,0.8992537313432836,0.00035733333333333336,0.00032133333333333336,c
noarr,FromPlan,fdtd-2d,3,SMALL,1.1004566210045663,0.000292,0.00032133333333333336,c
noarr,FromPlan,fdtd-2d,5,SMALL,0.9043151969981239,0.0003553333333333333,0.00032133333333333336,c
noarr,Naive,fdtd-2d,1,SMALL,1.0904977375565612,0.00029466666666666666,0.00032133333333333336,c
noarr,Naive,fdtd-2d,2,SMALL,1.0593406593406594,0.00030333333333333335,0.00032133333333333336,c
noarr,Naive,fdtd-2d,3,SMALL,1.0782997762863533,0.00029800000000000003,0.00032133333333333336,c
noarr,Naive,fdtd-2d,4,SMALL,0.5552995391705069,0.0005786666666666667,0.00032133333333333336,c
noarr,standard,fdtd-2d,1,SMALL,1.1017142857142856,0.0002916666666666667,0.00032133333333333336,c
noarr,standard,fdtd-2d,2,SMALL,1.0904977375565612,0.00029466666666666666,0.00032133333333333336,c
noarr,standard,fdtd-2d,3,SMALL,1.1055045871559634,0.00029066666666666667,0.00032133333333333336,c
noarr,standard,fdtd-2d,4,SMALL,0.9866939611054248,0.00032566666666666665,0.00032133333333333336,c
noarr,standard,fdtd-2d,5,SMALL,1.073496659242762,0.0002993333333333333,0.00032133333333333336,c
c,AllHints,floyd-warshall,1,SMALL,1.4543152282572476,0.005001666666666666,0.007274,c
c,AllHints,floyd-warshall,2,SMALL,1.0278850682995762,0.007076666666666666,0.007274,c
c,AllHints,floyd-warshall,3,SMALL,1.103012535382127,0.006594666666666666,0.007274,c
c,AllHints,floyd-warshall,4,SMALL,4.34095882235926,0.0016756666666666667,0.007274,c
c,AllHints,floyd-warshall,5,SMALL,1.1096872616323417,0.006555000000000001,0.007274,c
c,ChooseHints,floyd-warshall,1,SMALL,1.3757407640902786,0.005287333333333334,0.007274,c
c,ChooseHints,floyd-warshall,2,SMALL,2.701411240406041,0.0026926666666666666,0.007274,c
c,ChooseHints,floyd-warshall,3,SMALL,0.772350817583351,0.009418000000000001,0.007274,c
c,ChooseHints,floyd-warshall,4,SMALL,1.420610637328299,0.0051203333333333335,0.007274,c
c,ChooseHints,floyd-warshall,5,SMALL,4.492896849907351,0.001619,0.007274,c
c,FromPlan,floyd-warshall,1,SMALL,2.6034359341445956,0.002794,0.007274,c
c,FromPlan,floyd-warshall,2,SMALL,3.1562048018513162,0.0023046666666666667,0.007274,c
c,FromPlan,floyd-warshall,3,SMALL,3.652217573221758,0.0019916666666666663,0.007274,c
c,FromPlan,floyd-warshall,4,SMALL,3.078290308929327,0.002363,0.007274,c
c,FromPlan,floyd-warshall,5,SMALL,1.3390194514327791,0.005432333333333333,0.007274,c
c,Naive,floyd-warshall,1,SMALL,2.4475100942126513,0.0029720000000000002,0.007274,c
c,Naive,floyd-warshall,2,SMALL,2.4352192835621023,0.002987,0.007274,c
c,Naive,floyd-warshall,3,SMALL,3.29388679245283,0.0022083333333333334,0.007274,c
c,Naive,floyd-warshall,4,SMALL,0.8144056727001308,0.008931666666666666,0.007274,c
c,Naive,floyd-warshall,5,SMALL,3.242014559500817,0.002243666666666667,0.007274,c
c,standard,floyd-warshall,1,SMALL,1.0,0.007274,0.007274,c
exo,AllHints,floyd-warshall,1,SMALL,1.1483449981581855,0.006334333333333333,0.007274,c
exo,AllHints,floyd-warshall,2,SMALL,1.176388140161725,0.006183333333333333,0.007274,c
exo,AllHints,floyd-warshall,3,SMALL,1.136384939853148,0.006401,0.007274,c
exo,AllHints,floyd-warshall,4,SMALL,1.1031798190182498,0.006593666666666667,0.007274,c
exo,AllHints,floyd-warshall,5,SMALL,1.4308569929840667,0.005083666666666667,0.007274,c
exo,ChooseHints,floyd-warshall,1,SMALL,1.1970378496982994,0.006076666666666667,0.007274,c
exo,ChooseHints,floyd-warshall,4,SMALL,1.2671002206480082,0.005740666666666667,0.007274,c
exo,FromPlan,floyd-warshall,1,SMALL,0.9801913488748147,0.007421,0.007274,c
exo,FromPlan,floyd-warshall,2,SMALL,1.4056944086575625,0.005174666666666667,0.007274,c
exo,FromPlan,floyd-warshall,3,SMALL,0.9924052935558687,0.0073296666666666675,0.007274,c
exo,FromPlan,floyd-warshall,4,SMALL,0.9317279364672729,0.007807000000000001,0.007274,c
exo,FromPlan,floyd-warshall,5,SMALL,0.9921345760400091,0.007331666666666667,0.007274,c
exo,Naive,floyd-warshall,1,SMALL,1.4248775710088148,0.005105,0.007274,c
exo,Naive,floyd-warshall,3,SMALL,1.1488286391155569,0.006331666666666666,0.007274,c
exo,Naive,floyd-warshall,5,SMALL,1.1442504325939908,0.006357000000000001,0.007274,c
exo,standard,floyd-warshall,1,SMALL,1.0935057125676486,0.006652000000000001,0.007274,c
exo,standard,floyd-warshall,2,SMALL,1.094492928077039,0.006645999999999999,0.007274,c
exo,standard,floyd-warshall,3,SMALL,1.0930675215387697,0.006654666666666666,0.007274,c
exo,standard,floyd-warshall,4,SMALL,1.0937249398556537,0.006650666666666667,0.007274,c
exo,standard,floyd-warshall,5,SMALL,1.0947674710279438,0.006644333333333333,0.007274,c
halide,AllHints,floyd-warshall,1,SMALL,1.5267613517106278,0.004764333333333333,0.007274,c
halide,AllHints,floyd-warshall,2,SMALL,1.7605486083098025,0.004131666666666666,0.007274,c
halide,AllHints,floyd-warshall,3,SMALL,1.549087811457372,0.0046956666666666666,0.007274,c
halide,AllHints,floyd-warshall,4,SMALL,1.742553701189811,0.004174333333333333,0.007274,c
halide,AllHints,floyd-warshall,5,SMALL,1.8909878682842287,0.0038466666666666666,0.007274,c
halide,ChooseHints,floyd-warshall,2,SMALL,1.5949422599035228,0.004560666666666667,0.007274,c
halide,ChooseHints,floyd-warshall,3,SMALL,0.05099587069455058,0.142639,0.007274,c
halide,ChooseHints,floyd-warshall,4,SMALL,1.3187092095721538,0.005516,0.007274,c
halide,ChooseHints,floyd-warshall,5,SMALL,0.048622452958411784,0.14960166666666666,0.007274,c
halide,FromPlan,floyd-warshall,1,SMALL,0.0977916001935935,0.07438266666666667,0.007274,c
halide,FromPlan,floyd-warshall,2,SMALL,1.5432814710042433,0.004713333333333333,0.007274,c
halide,FromPlan,floyd-warshall,3,SMALL,1.5871699759982543,0.004583,0.007274,c
halide,FromPlan,floyd-warshall,4,SMALL,1.3753072414445076,0.005288999999999999,0.007274,c
halide,FromPlan,floyd-warshall,5,SMALL,1.8136635638297873,0.004010666666666667,0.007274,c
halide,Naive,floyd-warshall,1,SMALL,1.9921489866715356,0.0036513333333333333,0.007274,c
halide,Naive,floyd-warshall,2,SMALL,1.17772140968212,0.006176333333333333,0.007274,c
halide,Naive,floyd-warshall,3,SMALL,0.05345110113383351,0.13608699999999999,0.007274,c
halide,Naive,floyd-warshall,4,SMALL,0.05065541919204816,0.14359766666666665,0.007274,c
halide,Naive,floyd-warshall,5,SMALL,0.05131473129253301,0.14175266666666667,0.007274,c
halide,standard,floyd-warshall,1,SMALL,1.5367605633802817,0.004733333333333333,0.007274,c
halide,standard,floyd-warshall,2,SMALL,1.5823363062867088,0.0045969999999999995,0.007274,c
halide,standard,floyd-warshall,3,SMALL,1.539796782387807,0.004724,0.007274,c
halide,standard,floyd-warshall,4,SMALL,1.5416460614623806,0.004718333333333334,0.007274,c
noarr,AllHints,floyd-warshall,1,SMALL,3.1584889274858883,0.002303,0.007274,c
noarr,AllHints,floyd-warshall,2,SMALL,0.5166804782763111,0.014078333333333333,0.007274,c
noarr,AllHints,floyd-warshall,3,SMALL,0.5819665573245859,0.012499000000000001,0.007274,c
noarr,AllHints,floyd-warshall,4,SMALL,3.1667392250761863,0.002297,0.007274,c
noarr,AllHints,floyd-warshall,5,SMALL,3.4011845386533666,0.0021386666666666668,0.007274,c
noarr,ChooseHints,floyd-warshall,1,SMALL,1.06102008071182,0.006855666666666667,0.007274,c
noarr,ChooseHints,floyd-warshall,2,SMALL,3.6830379746835447,0.0019749999999999998,0.007274,c
noarr,ChooseHints,floyd-warshall,3,SMALL,3.619505722342014,0.0020096666666666665,0.007274,c
noarr,ChooseHints,floyd-warshall,4,SMALL,0.9498150163220893,0.007658333333333333,0.007274,c
noarr,ChooseHints,floyd-warshall,5,SMALL,2.8480814408770554,0.0025540000000000003,0.007274,c
noarr,FromPlan,floyd-warshall,1,SMALL,4.071268656716418,0.0017866666666666667,0.007274,c
noarr,FromPlan,floyd-warshall,2,SMALL,1.240450204638472,0.005864,0.007274,c
noarr,FromPlan,floyd-warshall,3,SMALL,3.1815133401370463,0.0022863333333333334,0.007274,c
noarr,FromPlan,floyd-warshall,4,SMALL,3.3906152889993786,0.0021453333333333333,0.007274,c
noarr,FromPlan,floyd-warshall,5,SMALL,0.9504355400696863,0.007653333333333334,0.007274,c
noarr,Naive,floyd-warshall,1,SMALL,3.7728215767634854,0.001928,0.007274,c
noarr,Naive,floyd-warshall,2,SMALL,1.0937249398556537,0.006650666666666667,0.007274,c
noarr,Naive,floyd-warshall,3,SMALL,3.155748373101952,0.002305,0.007274,c
noarr,Naive,floyd-warshall,4,SMALL,3.7417695473251036,0.0019439999999999998,0.007274,c
noarr,Naive,floyd-warshall,5,SMALL,3.1502815071459507,0.002309,0.007274,c
noarr,standard,floyd-warshall,1,SMALL,1.5684611514410982,0.004637666666666667,0.007274,c
noarr,standard,floyd-warshall,2,SMALL,1.0947674710279438,0.006644333333333333,0.007274,c
noarr,standard,floyd-warshall,3,SMALL,1.5702669640929698,0.004632333333333333,0.007274,c
noarr,standard,floyd-warshall,4,SMALL,1.0941636582430807,0.006648,0.007274,c
noarr,standard,floyd-warshall,5,SMALL,1.0968585071626036,0.006631666666666667,0.007274,c
c,AllHints,gemm,1,SMALL,0.7499999999999999,0.00013866666666666669,0.000104,c
c,AllHints,gemm,2,SMALL,0.8232189973614775,0.00012633333333333333,0.000104,c
c,AllHints,gemm,3,SMALL,0.9258160237388724,0.00011233333333333333,0.000104,c
c,AllHints,gemm,5,SMALL,0.6058252427184465,0.00017166666666666667,0.000104,c
c,ChooseHints,gemm,1,SMALL,0.7722772277227722,0.00013466666666666667,0.000104,c
c,ChooseHints,gemm,2,SMALL,0.6105675146771037,0.00017033333333333332,0.000104,c
c,ChooseHints,gemm,3,SMALL,0.2522231204527081,0.00041233333333333335,0.000104,c
c,ChooseHints,gemm,4,SMALL,0.888888888888889,0.00011699999999999998,0.000104,c
c,ChooseHints,gemm,5,SMALL,1.1386861313868613,9.133333333333334e-05,0.000104,c
c,FromPlan,gemm,1,SMALL,0.8432432432432432,0.00012333333333333334,0.000104,c
c,FromPlan,gemm,2,SMALL,1.1863117870722433,8.766666666666667e-05,0.000104,c
c,FromPlan,gemm,3,SMALL,0.8618784530386739,0.00012066666666666667,0.000104,c
c,FromPlan,gemm,4,SMALL,0.8914285714285713,0.00011666666666666667,0.000104,c
c,Naive,gemm,1,SMALL,0.8838526912181301,0.00011766666666666668,0.000104,c
c,Naive,gemm,2,SMALL,0.9203539823008849,0.000113,0.000104,c
c,Naive,gemm,3,SMALL,1.0434782608695652,9.966666666666667e-05,0.000104,c
c,Naive,gemm,4,SMALL,0.9017341040462427,0.00011533333333333334,0.000104,c
c,Naive,gemm,5,SMALL,0.9149560117302052,0.00011366666666666666,0.000104,c
c,standard,gemm,1,SMALL,1.0,0.000104,0.000104,c
exo,AllHints,gemm,1,SMALL,1.0129870129870129,0.00010266666666666666,0.000104,c
exo,AllHints,gemm,2,SMALL,0.3754512635379062,0.00027699999999999996,0.000104,c
exo,AllHints,gemm,4,SMALL,0.5551601423487544,0.00018733333333333332,0.000104,c
exo,AllHints,gemm,5,SMALL,0.8618784530386739,0.00012066666666666667,0.000104,c
exo,ChooseHints,gemm,1,SMALL,0.2985645933014354,0.0003483333333333333,0.000104,c
exo,ChooseHints,gemm,2,SMALL,0.22222222222222218,0.00046800000000000005,0.000104,c
exo,ChooseHints,gemm,4,SMALL,1.0365448504983388,0.00010033333333333334,0.000104,c
exo,FromPlan,gemm,2,SMALL,0.11320754716981131,0.0009186666666666667,0.000104,c
exo,FromPlan,gemm,3,SMALL,0.40414507772020725,0.0002573333333333333,0.000104,c
exo,FromPlan,gemm,4,SMALL,0.4698795180722891,0.00022133333333333334,0.000104,c
exo,FromPlan,gemm,5,SMALL,0.43636363636363634,0.00023833333333333334,0.000104,c
exo,Naive,gemm,2,SMALL,0.6767895878524945,0.00015366666666666667,0.000104,c
exo,Naive,gemm,3,SMALL,0.13654266958424507,0.0007616666666666667,0.000104,c
exo,Naive,gemm,4,SMALL,0.2770870337477797,0.00037533333333333337,0.000104,c
exo,standard,gemm,1,SMALL,0.6406570841889117,0.00016233333333333334,0.000104,c
exo,standard,gemm,2,SMALL,0.624,0.00016666666666666666,0.000104,c
exo,standard,gemm,3,SMALL,0.6290322580645161,0.00016533333333333333,0.000104,c
exo,standard,gemm,4,SMALL,0.6290322580645161,0.00016533333333333333,0.000104,c
exo,standard,gemm,5,SMALL,0.6393442622950819,0.00016266666666666667,0.000104,c
halide,FromPlan,gemm,1,SMALL,0.031284468063772185,0.0033243333333333332,0.000104,c
halide,FromPlan,gemm,3,SMALL,0.035060119114507245,0.0029663333333333334,0.000104,c
halide,FromPlan,gemm,5,SMALL,0.034456101601325236,0.0030183333333333334,0.000104,c
halide,standard,gemm,2,SMALL,0.3219814241486068,0.000323,0.000104,c
halide,standard,gemm,3,SMALL,0.32164948453608244,0.00032333333333333335,0.000104,c
halide,standard,gemm,4,SMALL,0.31804281345565744,0.00032700000000000003,0.000104,c
noarr,AllHints,gemm,2,SMALL,0.2538649308380797,0.0004096666666666667,0.000104,c
noarr,AllHints,gemm,3,SMALL,0.23441021788129227,0.00044366666666666664,0.000104,c
noarr,AllHints,gemm,4,SMALL,0.7572815533980581,0.00013733333333333336,0.000104,c
noarr,AllHints,gemm,5,SMALL,0.9176470588235293,0.00011333333333333334,0.000104,c
noarr,ChooseHints,gemm,1,SMALL,0.2761061946902655,0.00037666666666666664,0.000104,c
noarr,ChooseHints,gemm,2,SMALL,0.9719626168224299,0.000107,0.000104,c
noarr,ChooseHints,gemm,3,SMALL,0.9203539823008849,0.000113,0.000104,c
noarr,ChooseHints,gemm,4,SMALL,0.8965517241379309,0.000116,0.000104,c
noarr,ChooseHints,gemm,5,SMALL,0.9842271293375393,0.00010566666666666667,0.000104,c
noarr,FromPlan,gemm,1,SMALL,0.2215909090909091,0.0004693333333333333,0.000104,c
noarr,FromPlan,gemm,2,SMALL,0.6680942184154175,0.00015566666666666666,0.000104,c
noarr,FromPlan,gemm,3,SMALL,0.8524590163934426,0.000122,0.000104,c
noarr,FromPlan,gemm,4,SMALL,0.6499999999999999,0.00016,0.000104,c
noarr,FromPlan,gemm,5,SMALL,0.9069767441860465,0.00011466666666666667,0.000104,c
noarr,Naive,gemm,1,SMALL,0.3315621679064824,0.0003136666666666667,0.000104,c
noarr,Naive,gemm,2,SMALL,0.9122807017543858,0.000114,0.000104,c
noarr,Naive,gemm,3,SMALL,0.2584921292460646,0.0004023333333333334,0.000104,c
noarr,Naive,gemm,4,SMALL,0.9203539823008849,0.000113,0.000104,c
noarr,Naive,gemm,5,SMALL,0.9811320754716979,0.00010600000000000002,0.000104,c
noarr,standard,gemm,1,SMALL,0.8788732394366197,0.00011833333333333334,0.000104,c
noarr,standard,gemm,2,SMALL,0.8813559322033897,0.00011800000000000001,0.000104,c
noarr,standard,gemm,3,SMALL,0.8690807799442896,0.00011966666666666667,0.000104,c
noarr,standard,gemm,4,SMALL,0.899135446685879,0.00011566666666666665,0.000104,c
noarr,standard,gemm,5,SMALL,0.9043478260869563,0.00011500000000000002,0.000104,c
c,AllHints,gemver,1,SMALL,0.4739336492890996,0.00014066666666666665,6.666666666666667e-05,c
c,AllHints,gemver,2,SMALL,0.258732212160414,0.0002576666666666667,6.666666666666667e-05,c
c,AllHints,gemver,3,SMALL,0.7633587786259544,8.733333333333332e-05,6.666666666666667e-05,c
c,AllHints,gemver,4,SMALL,0.7092198581560284,9.400000000000001e-05,6.666666666666667e-05,c
c,AllHints,gemver,5,SMALL,0.28530670470756064,0.00023366666666666666,6.666666666666667e-05,c
c,ChooseHints,gemver,1,SMALL,0.574712643678161,0.000116,6.666666666666667e-05,c
c,ChooseHints,gemver,2,SMALL,0.3053435114503817,0.00021833333333333332,6.666666666666667e-05,c
c,ChooseHints,gemver,3,SMALL,0.4618937644341802,0.00014433333333333334,6.666666666666667e-05,c
c,ChooseHints,gemver,4,SMALL,0.5420054200542005,0.000123,6.666666666666667e-05,c
c,ChooseHints,gemver,5,SMALL,0.6920415224913496,9.633333333333332e-05,6.666666666666667e-05,c
c,FromPlan,gemver,1,SMALL,1.6666666666666665,4e-05,6.666666666666667e-05,c
c,FromPlan,gemver,2,SMALL,1.6528925619834711,4.0333333333333336e-05,6.666666666666667e-05,c
c,FromPlan,gemver,3,SMALL,1.4814814814814814,4.5e-05,6.666666666666667e-05,c
c,FromPlan,gemver,4,SMALL,1.4388489208633093,4.633333333333334e-05,6.666666666666667e-05,c
c,Naive,gemver,1,SMALL,1.5151515151515151,4.4000000000000006e-05,6.666666666666667e-05,c
c,Naive,gemver,2,SMALL,1.4388489208633093,4.633333333333334e-05,6.666666666666667e-05,c
c,Naive,gemver,3,SMALL,1.6129032258064517,4.133333333333333e-05,6.666666666666667e-05,c
c,Naive,gemver,4,SMALL,1.4925373134328357,4.466666666666667e-05,6.666666666666667e-05,c
c,Naive,gemver,5,SMALL,1.5037593984962405,4.433333333333334e-05,6.666666666666667e-05,c
c,standard,gemver,1,SMALL,1.0,6.666666666666667e-05,6.666666666666667e-05,c
exo,AllHints,gemver,1,SMALL,1.092896174863388,6.1e-05,6.666666666666667e-05,c
exo,AllHints,gemver,2,SMALL,0.6849315068493151,9.733333333333333e-05,6.666666666666667e-05,c
exo,AllHints,gemver,3,SMALL,0.5934718100890208,0.00011233333333333333,6.666666666666667e-05,c
exo,AllHints,gemver,4,SMALL,0.6920415224913496,9.633333333333332e-05,6.666666666666667e-05,c
exo,AllHints,gemver,5,SMALL,0.4608294930875576,0.00014466666666666667,6.666666666666667e-05,c
exo,ChooseHints,gemver,1,SMALL,0.9302325581395349,7.166666666666667e-05,6.666666666666667e-05,c
exo,ChooseHints,gemver,2,SMALL,0.5405405405405406,0.00012333333333333334,6.666666666666667e-05,c
exo,FromPlan,gemver,1,SMALL,0.8438818565400843,7.900000000000001e-05,6.666666666666667e-05,c
exo,FromPlan,gemver,2,SMALL,0.021119324181626188,0.0031566666666666666,6.666666666666667e-05,c
exo,Naive,gemver,5,SMALL,0.544959128065395,0.00012233333333333334,6.666666666666667e-05,c
exo,standard,gemver,1,SMALL,0.8771929824561403,7.6e-05,6.666666666666667e-05,c
exo,standard,gemver,2,SMALL,0.9523809523809523,7.000000000000001e-05,6.666666666666667e-05,c
exo,standard,gemver,3,SMALL,0.9302325581395349,7.166666666666667e-05,6.666666666666667e-05,c
exo,standard,gemver,4,SMALL,0.9345794392523364,7.133333333333334e-05,6.666666666666667e-05,c
exo,standard,gemver,5,SMALL,0.9433962264150944,7.066666666666667e-05,6.666666666666667e-05,c
halide,standard,gemver,1,SMALL,0.022376370552696354,0.0029793333333333334,6.666666666666667e-05,c
halide,standard,gemver,4,SMALL,0.6872852233676975,9.700000000000001e-05,6.666666666666667e-05,c
noarr,AllHints,gemver,1,SMALL,1.785714285714286,3.733333333333333e-05,6.666666666666667e-05,c
noarr,AllHints,gemver,2,SMALL,0.025693730729701957,0.0025946666666666666,6.666666666666667e-05,c
noarr,AllHints,gemver,3,SMALL,0.024816974810770567,0.0026863333333333335,6.666666666666667e-05,c
noarr,AllHints,gemver,4,SMALL,1.2121212121212122,5.5e-05,6.666666666666667e-05,c
noarr,AllHints,gemver,5,SMALL,0.024518818192963095,0.0027190000000000005,6.666666666666667e-05,c
noarr,ChooseHints,gemver,1,SMALL,1.6260162601626016,4.1e-05,6.666666666666667e-05,c
noarr,ChooseHints,gemver,2,SMALL,1.7543859649122806,3.8e-05,6.666666666666667e-05,c
noarr,ChooseHints,gemver,3,SMALL,0.02530364372469636,0.0026346666666666667,6.666666666666667e-05,c
noarr,ChooseHints,gemver,4,SMALL,1.6260162601626016,4.1e-05,6.666666666666667e-05,c
noarr,ChooseHints,gemver,5,SMALL,1.234567901234568,5.399999999999999e-05,6.666666666666667e-05,c
noarr,FromPlan,gemver,1,SMALL,1.234567901234568,5.399999999999999e-05,6.666666666666667e-05,c
noarr,FromPlan,gemver,2,SMALL,1.6,4.1666666666666665e-05,6.666666666666667e-05,c
noarr,FromPlan,gemver,3,SMALL,1.801801801801802,3.7e-05,6.666666666666667e-05,c
noarr,FromPlan,gemver,4,SMALL,1.0,6.666666666666667e-05,6.666666666666667e-05,c
noarr,Naive,gemver,1,SMALL,1.7391304347826086,3.8333333333333334e-05,6.666666666666667e-05,c
noarr,Naive,gemver,2,SMALL,2.5000000000000004,2.6666666666666663e-05,6.666666666666667e-05,c
noarr,Naive,gemver,3,SMALL,1.801801801801802,3.7e-05,6.666666666666667e-05,c
noarr,Naive,gemver,4,SMALL,1.801801801801802,3.7e-05,6.666666666666667e-05,c
noarr,Naive,gemver,5,SMALL,1.9801980198019802,3.366666666666667e-05,6.666666666666667e-05,c
noarr,standard,gemver,1,SMALL,1.1695906432748537,5.7e-05,6.666666666666667e-05,c
noarr,standard,gemver,2,SMALL,1.183431952662722,5.633333333333333e-05,6.666666666666667e-05,c
noarr,standard,gemver,3,SMALL,1.183431952662722,5.633333333333333e-05,6.666666666666667e-05,c
noarr,standard,gemver,5,SMALL,1.1173184357541899,5.966666666666667e-05,6.666666666666667e-05,c
c,AllHints,gesummv,1,SMALL,1.131868131868132,3.0333333333333333e-05,3.433333333333334e-05,c
c,AllHints,gesummv,2,SMALL,1.6349206349206353,2.1e-05,3.433333333333334e-05,c
c,AllHints,gesummv,3,SMALL,0.7923076923076926,4.333333333333333e-05,3.433333333333334e-05,c
c,AllHints,gesummv,4,SMALL,1.6885245901639347,2.0333333333333334e-05,3.433333333333334e-05,c
c,AllHints,gesummv,5,SMALL,0.798449612403101,4.2999999999999995e-05,3.433333333333334e-05,c
c,ChooseHints,gesummv,1,SMALL,0.8240000000000002,4.1666666666666665e-05,3.433333333333334e-05,c
c,ChooseHints,gesummv,2,SMALL,0.83739837398374,4.1e-05,3.433333333333334e-05,c
c,ChooseHints,gesummv,3,SMALL,0.8306451612903227,4.133333333333333e-05,3.433333333333334e-05,c
c,ChooseHints,gesummv,4,SMALL,1.6885245901639347,2.0333333333333334e-05,3.433333333333334e-05,c
c,ChooseHints,gesummv,5,SMALL,0.8046875000000002,4.266666666666666e-05,3.433333333333334e-05,c
c,FromPlan,gesummv,1,SMALL,0.9115044247787611,3.766666666666667e-05,3.433333333333334e-05,c
c,FromPlan,gesummv,2,SMALL,0.83739837398374,4.1e-05,3.433333333333334e-05,c
c,FromPlan,gesummv,3,SMALL,2.3953488372093026,1.4333333333333334e-05,3.433333333333334e-05,c
c,FromPlan,gesummv,4,SMALL,0.6776315789473685,5.066666666666667e-05,3.433333333333334e-05,c
c,FromPlan,gesummv,5,SMALL,0.9115044247787611,3.766666666666667e-05,3.433333333333334e-05,c
c,Naive,gesummv,1,SMALL,0.83739837398374,4.1e-05,3.433333333333334e-05,c
c,Naive,gesummv,2,SMALL,2.3953488372093026,1.4333333333333334e-05,3.433333333333334e-05,c
c,Naive,gesummv,3,SMALL,2.51219512195122,1.3666666666666667e-05,3.433333333333334e-05,c
c,Naive,gesummv,4,SMALL,2.452380952380953,1.4e-05,3.433333333333334e-05,c
c,Naive,gesummv,5,SMALL,0.6204819277108434,5.533333333333334e-05,3.433333333333334e-05,c
c,standard,gesummv,1,SMALL,1.0,3.433333333333334e-05,3.433333333333334e-05,c
exo,AllHints,gesummv,2,SMALL,0.8583333333333334,4e-05,3.433333333333334e-05,c
exo,AllHints,gesummv,3,SMALL,0.865546218487395,3.966666666666667e-05,3.433333333333334e-05,c
exo,AllHints,gesummv,4,SMALL,0.8174603174603177,4.2e-05,3.433333333333334e-05,c
exo,AllHints,gesummv,5,SMALL,0.8240000000000002,4.1666666666666665e-05,3.433333333333334e-05,c
exo,ChooseHints,gesummv,1,SMALL,0.8583333333333334,4e-05,3.433333333333334e-05,c
exo,ChooseHints,gesummv,3,SMALL,0.7744360902255639,4.433333333333334e-05,3.433333333333334e-05,c
exo,ChooseHints,gesummv,4,SMALL,0.8728813559322036,3.933333333333333e-05,3.433333333333334e-05,c
exo,ChooseHints,gesummv,5,SMALL,0.9115044247787611,3.766666666666667e-05,3.433333333333334e-05,c
exo,FromPlan,gesummv,2,SMALL,0.5919540229885059,5.8e-05,3.433333333333334e-05,c
exo,FromPlan,gesummv,3,SMALL,2.3409090909090913,1.4666666666666666e-05,3.433333333333334e-05,c
exo,FromPlan,gesummv,5,SMALL,0.8174603174603177,4.2e-05,3.433333333333334e-05,c
exo,Naive,gesummv,1,SMALL,0.8512396694214877,4.0333333333333336e-05,3.433333333333334e-05,c
exo,Naive,gesummv,2,SMALL,0.6645161290322582,5.1666666666666664e-05,3.433333333333334e-05,c
exo,Naive,gesummv,3,SMALL,0.2378752886836028,0.00014433333333333334,3.433333333333334e-05,c
exo,Naive,gesummv,4,SMALL,0.23515981735159822,0.000146,3.433333333333334e-05,c
exo,Naive,gesummv,5,SMALL,1.1195652173913044,3.066666666666667e-05,3.433333333333334e-05,c
exo,standard,gesummv,1,SMALL,1.1195652173913044,3.066666666666667e-05,3.433333333333334e-05,c
exo,standard,gesummv,2,SMALL,1.131868131868132,3.0333333333333333e-05,3.433333333333334e-05,c
exo,standard,gesummv,3,SMALL,1.095744680851064,3.1333333333333334e-05,3.433333333333334e-05,c
exo,standard,gesummv,4,SMALL,1.095744680851064,3.1333333333333334e-05,3.433333333333334e-05,c
exo,standard,gesummv,5,SMALL,1.1075268817204302,3.1e-05,3.433333333333334e-05,c
halide,FromPlan,gesummv,1,SMALL,0.012408143597156971,0.002767,3.433333333333334e-05,c
halide,Naive,gesummv,4,SMALL,0.011207834602829165,0.0030633333333333333,3.433333333333334e-05,c
halide,Naive,gesummv,5,SMALL,0.13171355498721232,0.00026066666666666664,3.433333333333334e-05,c
halide,standard,gesummv,1,SMALL,0.6645161290322582,5.1666666666666664e-05,3.433333333333334e-05,c
halide,standard,gesummv,2,SMALL,0.7006802721088436,4.9e-05,3.433333333333334e-05,c
halide,standard,gesummv,3,SMALL,0.6602564102564104,5.2e-05,3.433333333333334e-05,c
halide,standard,gesummv,4,SMALL,0.691275167785235,4.966666666666666e-05,3.433333333333334e-05,c
halide,standard,gesummv,5,SMALL,0.668831168831169,5.133333333333333e-05,3.433333333333334e-05,c
noarr,AllHints,gesummv,1,SMALL,3.218750000000001,1.0666666666666666e-05,3.433333333333334e-05,c
noarr,AllHints,gesummv,2,SMALL,0.9363636363636365,3.6666666666666666e-05,3.433333333333334e-05,c
noarr,AllHints,gesummv,3,SMALL,3.322580645161291,1.0333333333333333e-05,3.433333333333334e-05,c
noarr,AllHints,gesummv,4,SMALL,3.4333333333333336,1e-05,3.433333333333334e-05,c
noarr,AllHints,gesummv,5,SMALL,0.013003408660522665,0.002640333333333333,3.433333333333334e-05,c
noarr,ChooseHints,gesummv,1,SMALL,0.013178096212896626,0.002605333333333333,3.433333333333334e-05,c
noarr,ChooseHints,gesummv,2,SMALL,3.4333333333333336,1e-05,3.433333333333334e-05,c
noarr,ChooseHints,gesummv,3,SMALL,0.01350819672131148,0.0025416666666666665,3.433333333333334e-05,c
noarr,ChooseHints,gesummv,4,SMALL,0.01348873755893138,0.0025453333333333335,3.433333333333334e-05,c
noarr,ChooseHints,gesummv,5,SMALL,2.51219512195122,1.3666666666666667e-05,3.433333333333334e-05,c
noarr,FromPlan,gesummv,1,SMALL,2.145833333333334,1.6e-05,3.433333333333334e-05,c
noarr,FromPlan,gesummv,3,SMALL,1.0404040404040404,3.3e-05,3.433333333333334e-05,c
noarr,FromPlan,gesummv,4,SMALL,3.218750000000001,1.0666666666666666e-05,3.433333333333334e-05,c
noarr,Naive,gesummv,1,SMALL,3.322580645161291,1.0333333333333333e-05,3.433333333333334e-05,c
noarr,Naive,gesummv,2,SMALL,3.4333333333333336,1e-05,3.433333333333334e-05,c
noarr,Naive,gesummv,3,SMALL,3.4333333333333336,1e-05,3.433333333333334e-05,c
noarr,Naive,gesummv,4,SMALL,3.218750000000001,1.0666666666666666e-05,3.433333333333334e-05,c
noarr,Naive,gesummv,5,SMALL,3.4333333333333336,1e-05,3.433333333333334e-05,c
noarr,standard,gesummv,1,SMALL,1.3733333333333335,2.5e-05,3.433333333333334e-05,c
noarr,standard,gesummv,2,SMALL,1.3733333333333335,2.5e-05,3.433333333333334e-05,c
noarr,standard,gesummv,3,SMALL,1.3733333333333335,2.5e-05,3.433333333333334e-05,c
noarr,standard,gesummv,4,SMALL,1.3733333333333335,2.5e-05,3.433333333333334e-05,c
noarr,standard,gesummv,5,SMALL,1.3733333333333335,2.5e-05,3.433333333333334e-05,c
c,ChooseHints,gramschmidt,1,SMALL,2.0776545166402536,0.00021033333333333334,0.00043700000000000005,c
c,ChooseHints,gramschmidt,4,SMALL,2.207070707070707,0.00019800000000000002,0.00043700000000000005,c
c,Naive,gramschmidt,1,SMALL,2.913333333333334,0.00015,0.00043700000000000005,c
c,standard,gramschmidt,1,SMALL,1.0,0.00043700000000000005,0.00043700000000000005,c
c,AllHints,heat-3d,1,SMALL,0.21585137663726278,0.002494,0.0005383333333333334,c
c,AllHints,heat-3d,3,SMALL,0.6213928434013082,0.0008663333333333334,0.0005383333333333334,c
c,AllHints,heat-3d,4,SMALL,0.37964268923366246,0.001418,0.0005383333333333334,c
c,AllHints,heat-3d,5,SMALL,0.4602450840695355,0.0011696666666666667,0.0005383333333333334,c
c,ChooseHints,heat-3d,1,SMALL,0.20017352503718394,0.0026893333333333335,0.0005383333333333334,c
c,ChooseHints,heat-3d,2,SMALL,0.16728817070644295,0.003218,0.0005383333333333334,c
c,ChooseHints,heat-3d,3,SMALL,0.15386814024390244,0.003498666666666667,0.0005383333333333334,c
c,ChooseHints,heat-3d,4,SMALL,0.4262338347849037,0.001263,0.0005383333333333334,c
c,ChooseHints,heat-3d,5,SMALL,0.3116557313778464,0.0017273333333333333,0.0005383333333333334,c
c,FromPlan,heat-3d,1,SMALL,0.9155328798185942,0.000588,0.0005383333333333334,c
c,FromPlan,heat-3d,2,SMALL,0.9865607819181431,0.0005456666666666666,0.0005383333333333334,c
c,FromPlan,heat-3d,3,SMALL,1.0528031290743158,0.0005113333333333333,0.0005383333333333334,c
c,FromPlan,heat-3d,4,SMALL,0.9956843403205918,0.0005406666666666667,0.0005383333333333334,c
c,FromPlan,heat-3d,5,SMALL,0.9260321100917431,0.0005813333333333333,0.0005383333333333334,c
c,Naive,heat-3d,1,SMALL,0.16898608349900598,0.0031856666666666665,0.0005383333333333334,c
c,Naive,heat-3d,2,SMALL,1.057629338572364,0.000509,0.0005383333333333334,c
c,Naive,heat-3d,3,SMALL,1.0326086956521738,0.0005213333333333334,0.0005383333333333334,c
c,Naive,heat-3d,5,SMALL,1.0817146684527796,0.0004976666666666667,0.0005383333333333334,c
c,standard,heat-3d,1,SMALL,1.0,0.0005383333333333334,0.0005383333333333334,c
exo,AllHints,heat-3d,1,SMALL,0.18429761497204156,0.002921,0.0005383333333333334,c
exo,AllHints,heat-3d,3,SMALL,0.19666341938626403,0.0027373333333333334,0.0005383333333333334,c
exo,ChooseHints,heat-3d,3,SMALL,0.19950586781964177,0.0026983333333333334,0.0005383333333333334,c
exo,ChooseHints,heat-3d,4,SMALL,0.19911231660707682,0.0027036666666666667,0.0005383333333333334,c
exo,Naive,heat-3d,2,SMALL,0.1906279508970727,0.002824,0.0005383333333333334,c
exo,Naive,heat-3d,3,SMALL,0.1999009778437926,0.0026929999999999996,0.0005383333333333334,c
exo,Naive,heat-3d,4,SMALL,0.19745690182173858,0.0027263333333333336,0.0005383333333333334,c
exo,standard,heat-3d,1,SMALL,0.5023328149300156,0.0010716666666666667,0.0005383333333333334,c
exo,standard,heat-3d,2,SMALL,0.5010859447719516,0.0010743333333333334,0.0005383333333333334,c
exo,standard,heat-3d,3,SMALL,0.49297924297924295,0.001092,0.0005383333333333334,c
exo,standard,heat-3d,4,SMALL,0.5031152647975078,0.00107,0.0005383333333333334,c
exo,standard,heat-3d,5,SMALL,0.5006199628022319,0.0010753333333333333,0.0005383333333333334,c
halide,AllHints,heat-3d,1,SMALL,0.19714355468750003,0.0027306666666666664,0.0005383333333333334,c
halide,AllHints,heat-3d,2,SMALL,0.17269033361847735,0.003117333333333333,0.0005383333333333334,c
halide,AllHints,heat-3d,3,SMALL,0.18250649790936832,0.0029496666666666664,0.0005383333333333334,c
halide,AllHints,heat-3d,4,SMALL,0.005611165350445941,0.09593966666666666,0.0005383333333333334,c
halide,AllHints,heat-3d,5,SMALL,0.06150272287596635,0.008752999999999999,0.0005383333333333334,c
halide,ChooseHints,heat-3d,1,SMALL,0.16856278050307905,0.0031936666666666663,0.0005383333333333334,c
halide,ChooseHints,heat-3d,2,SMALL,0.177258259247064,0.0030369999999999998,0.0005383333333333334,c
halide,ChooseHints,heat-3d,3,SMALL,0.2039914108879626,0.0026390000000000003,0.0005383333333333334,c
halide,ChooseHints,heat-3d,4,SMALL,0.2188643447621629,0.002459666666666667,0.0005383333333333334,c
halide,ChooseHints,heat-3d,5,SMALL,0.005474520598095612,0.09833433333333334,0.0005383333333333334,c
halide,FromPlan,heat-3d,1,SMALL,0.06476839783436936,0.008311666666666667,0.0005383333333333334,c
halide,FromPlan,heat-3d,2,SMALL,0.25085430257844055,0.002146,0.0005383333333333334,c
halide,FromPlan,heat-3d,5,SMALL,0.06240098914261427,0.008627000000000001,0.0005383333333333334,c
halide,Naive,heat-3d,1,SMALL,0.18853607284613588,0.0028553333333333334,0.0005383333333333334,c
halide,Naive,heat-3d,2,SMALL,0.19022379269729092,0.0028300000000000005,0.0005383333333333334,c
halide,Naive,heat-3d,3,SMALL,0.06979859970611117,0.007712666666666666,0.0005383333333333334,c
halide,Naive,heat-3d,5,SMALL,0.1729122055674518,0.003113333333333334,0.0005383333333333334,c
halide,standard,heat-3d,1,SMALL,0.24198381780041953,0.002224666666666667,0.0005383333333333334,c
halide,standard,heat-3d,2,SMALL,0.31334885525805206,0.001718,0.0005383333333333334,c
halide,standard,heat-3d,3,SMALL,0.13589700437563113,0.003961333333333333,0.0005383333333333334,c
halide,standard,heat-3d,4,SMALL,0.43778801843317977,0.0012296666666666667,0.0005383333333333334,c
noarr,AllHints,heat-3d,2,SMALL,0.09934182198437597,0.005419,0.0005383333333333334,c
noarr,AllHints,heat-3d,3,SMALL,0.09904937135847901,0.005435,0.0005383333333333334,c
noarr,AllHints,heat-3d,4,SMALL,0.09788472028607795,0.005499666666666667,0.0005383333333333334,c
noarr,AllHints,heat-3d,5,SMALL,0.1856108493276635,0.0029003333333333333,0.0005383333333333334,c
noarr,ChooseHints,heat-3d,1,SMALL,1.0638998682476946,0.0005059999999999999,0.0005383333333333334,c
noarr,ChooseHints,heat-3d,2,SMALL,1.0625,0.0005066666666666667,0.0005383333333333334,c
noarr,ChooseHints,heat-3d,3,SMALL,1.0838926174496646,0.0004966666666666666,0.0005383333333333334,c
noarr,ChooseHints,heat-3d,4,SMALL,1.1397318278052224,0.00047233333333333334,0.0005383333333333334,c
noarr,ChooseHints,heat-3d,5,SMALL,1.1478322672352523,0.000469,0.0005383333333333334,c
noarr,FromPlan,heat-3d,1,SMALL,1.108442004118051,0.00048566666666666664,0.0005383333333333334,c
noarr,FromPlan,heat-3d,2,SMALL,0.9483264826776276,0.0005676666666666667,0.0005383333333333334,c
noarr,FromPlan,heat-3d,3,SMALL,0.9544917257683215,0.000564,0.0005383333333333334,c
noarr,FromPlan,heat-3d,4,SMALL,1.1593682699210337,0.00046433333333333336,0.0005383333333333334,c
noarr,FromPlan,heat-3d,5,SMALL,1.0978925900747791,0.0004903333333333333,0.0005383333333333334,c
noarr,Naive,heat-3d,1,SMALL,0.18702953097857558,0.0028783333333333334,0.0005383333333333334,c
noarr,Naive,heat-3d,2,SMALL,1.0604070912672359,0.0005076666666666667,0.0005383333333333334,c
noarr,Naive,heat-3d,3,SMALL,1.118421052631579,0.00048133333333333334,0.0005383333333333334,c
noarr,Naive,heat-3d,4,SMALL,0.9539279385705848,0.0005643333333333334,0.0005383333333333334,c
noarr,standard,heat-3d,1,SMALL,1.0548661005878512,0.0005103333333333333,0.0005383333333333334,c
noarr,standard,heat-3d,2,SMALL,0.813192346424975,0.0006619999999999999,0.0005383333333333334,c
noarr,standard,heat-3d,3,SMALL,1.059016393442623,0.0005083333333333333,0.0005383333333333334,c
noarr,standard,heat-3d,4,SMALL,1.0964019008825527,0.000491,0.0005383333333333334,c
noarr,standard,heat-3d,5,SMALL,0.8107429718875503,0.000664,0.0005383333333333334,c
c,AllHints,jacobi-1d,1,SMALL,0.007677543186180424,0.0006946666666666667,5.3333333333333345e-06,c
c,AllHints,jacobi-1d,2,SMALL,0.007729468599033819,0.00069,5.3333333333333345e-06,c
c,AllHints,jacobi-1d,4,SMALL,0.04705882352941177,0.00011333333333333334,5.3333333333333345e-06,c
c,AllHints,jacobi-1d,5,SMALL,0.007508212106992024,0.0007103333333333333,5.3333333333333345e-06,c
c,ChooseHints,jacobi-1d,2,SMALL,0.007793472966390649,0.0006843333333333333,5.3333333333333345e-06,c
c,ChooseHints,jacobi-1d,3,SMALL,0.007223476297968399,0.0007383333333333334,5.3333333333333345e-06,c
c,ChooseHints,jacobi-1d,4,SMALL,0.007332722273143907,0.0007273333333333333,5.3333333333333345e-06,c
c,ChooseHints,jacobi-1d,5,SMALL,0.0075436115040075444,0.0007070000000000001,5.3333333333333345e-06,c
c,FromPlan,jacobi-1d,2,SMALL,0.007801072647489032,0.0006836666666666666,5.3333333333333345e-06,c
c,FromPlan,jacobi-1d,3,SMALL,0.0076009501187648465,0.0007016666666666667,5.3333333333333345e-06,c
c,FromPlan,jacobi-1d,4,SMALL,0.007336084364970198,0.0007270000000000001,5.3333333333333345e-06,c
c,FromPlan,jacobi-1d,5,SMALL,0.0075152653828088325,0.0007096666666666666,5.3333333333333345e-06,c
c,Naive,jacobi-1d,2,SMALL,0.47058823529411775,1.1333333333333334e-05,5.3333333333333345e-06,c
c,Naive,jacobi-1d,3,SMALL,1.0666666666666669,5e-06,5.3333333333333345e-06,c
c,Naive,jacobi-1d,4,SMALL,1.0,5.3333333333333345e-06,5.3333333333333345e-06,c
c,Naive,jacobi-1d,5,SMALL,1.0,5.3333333333333345e-06,5.3333333333333345e-06,c
c,standard,jacobi-1d,1,SMALL,1.0,5.3333333333333345e-06,5.3333333333333345e-06,c
exo,AllHints,jacobi-1d,1,SMALL,0.0025706940874035997,0.0020746666666666665,5.3333333333333345e-06,c
exo,AllHints,jacobi-1d,2,SMALL,0.0025686305988120092,0.0020763333333333332,5.3333333333333345e-06,c
exo,AllHints,jacobi-1d,3,SMALL,0.0025240574223063575,0.0021130000000000003,5.3333333333333345e-06,c
exo,AllHints,jacobi-1d,4,SMALL,0.0025571360076714084,0.0020856666666666667,5.3333333333333345e-06,c
exo,AllHints,jacobi-1d,5,SMALL,0.002636348657109903,0.002023,5.3333333333333345e-06,c
exo,ChooseHints,jacobi-1d,1,SMALL,0.002594875121634772,0.002055333333333333,5.3333333333333345e-06,c
exo,ChooseHints,jacobi-1d,3,SMALL,0.002539279479447707,0.0021003333333333334,5.3333333333333345e-06,c
exo,ChooseHints,jacobi-1d,4,SMALL,0.0026796181544129966,0.0019903333333333335,5.3333333333333345e-06,c
exo,ChooseHints,jacobi-1d,5,SMALL,0.0025661587810745794,0.0020783333333333335,5.3333333333333345e-06,c
exo,FromPlan,jacobi-1d,1,SMALL,0.00259866818255644,0.0020523333333333335,5.3333333333333345e-06,c
exo,FromPlan,jacobi-1d,4,SMALL,0.0026600166251039077,0.002005,5.3333333333333345e-06,c
exo,Naive,jacobi-1d,1,SMALL,0.0025856496444731747,0.0020626666666666666,5.3333333333333345e-06,c
exo,Naive,jacobi-1d,2,SMALL,0.002599512591389115,0.0020516666666666665,5.3333333333333345e-06,c
exo,Naive,jacobi-1d,5,SMALL,0.0025856496444731747,0.0020626666666666666,5.3333333333333345e-06,c
exo,standard,jacobi-1d,1,SMALL,0.9411764705882355,5.666666666666667e-06,5.3333333333333345e-06,c
exo,standard,jacobi-1d,2,SMALL,0.9411764705882355,5.666666666666667e-06,5.3333333333333345e-06,c
exo,standard,jacobi-1d,3,SMALL,0.9411764705882355,5.666666666666667e-06,5.3333333333333345e-06,c
exo,standard,jacobi-1d,4,SMALL,1.0,5.3333333333333345e-06,5.3333333333333345e-06,c
exo,standard,jacobi-1d,5,SMALL,0.8888888888888891,6e-06,5.3333333333333345e-06,c
halide,ChooseHints,jacobi-1d,3,SMALL,0.0034320034320034333,0.0015539999999999998,5.3333333333333345e-06,c
halide,FromPlan,jacobi-1d,4,SMALL,0.007866273352999017,0.0006780000000000001,5.3333333333333345e-06,c
halide,standard,jacobi-1d,2,SMALL,0.07729468599033819,6.9e-05,5.3333333333333345e-06,c
halide,standard,jacobi-1d,5,SMALL,0.07048458149779738,7.566666666666666e-05,5.3333333333333345e-06,c
noarr,AllHints,jacobi-1d,1,SMALL,0.001112192409286807,0.004795333333333333,5.3333333333333345e-06,c
noarr,AllHints,jacobi-1d,2,SMALL,1.0666666666666669,5e-06,5.3333333333333345e-06,c
noarr,AllHints,jacobi-1d,3,SMALL,1.3333333333333337,4e-06,5.3333333333333345e-06,c
noarr,AllHints,jacobi-1d,4,SMALL,0.0024976584452076184,0.0021353333333333333,5.3333333333333345e-06,c
noarr,AllHints,jacobi-1d,5,SMALL,1.142857142857143,4.666666666666667e-06,5.3333333333333345e-06,c
noarr,ChooseHints,jacobi-1d,1,SMALL,0.001122098323865629,0.004753,5.3333333333333345e-06,c
noarr,ChooseHints,jacobi-1d,2,SMALL,0.5925925925925927,9e-06,5.3333333333333345e-06,c
noarr,ChooseHints,jacobi-1d,3,SMALL,0.0011277930499753298,0.004729,5.3333333333333345e-06,c
noarr,ChooseHints,jacobi-1d,4,SMALL,0.001112192409286807,0.004795333333333333,5.3333333333333345e-06,c
noarr,ChooseHints,jacobi-1d,5,SMALL,0.001630490166106186,0.003271,5.3333333333333345e-06,c
noarr,FromPlan,jacobi-1d,1,SMALL,0.12500000000000003,4.266666666666666e-05,5.3333333333333345e-06,c
noarr,FromPlan,jacobi-1d,2,SMALL,1.2307692307692308,4.333333333333334e-06,5.3333333333333345e-06,c
noarr,FromPlan,jacobi-1d,3,SMALL,0.06694560669456068,7.966666666666667e-05,5.3333333333333345e-06,c
noarr,FromPlan,jacobi-1d,4,SMALL,0.20512820512820518,2.6e-05,5.3333333333333345e-06,c
noarr,FromPlan,jacobi-1d,5,SMALL,0.04092071611253198,0.00013033333333333332,5.3333333333333345e-06,c
noarr,Naive,jacobi-1d,1,SMALL,0.0022361984626135573,0.002385,5.3333333333333345e-06,c
noarr,Naive,jacobi-1d,3,SMALL,0.000994839271280234,0.005361,5.3333333333333345e-06,c
noarr,Naive,jacobi-1d,4,SMALL,0.6666666666666669,8e-06,5.3333333333333345e-06,c
noarr,Naive,jacobi-1d,5,SMALL,0.6666666666666669,8e-06,5.3333333333333345e-06,c
noarr,standard,jacobi-1d,1,SMALL,1.3333333333333337,4e-06,5.3333333333333345e-06,c
noarr,standard,jacobi-1d,2,SMALL,1.3333333333333337,4e-06,5.3333333333333345e-06,c
noarr,standard,jacobi-1d,3,SMALL,1.0666666666666669,5e-06,5.3333333333333345e-06,c
noarr,standard,jacobi-1d,4,SMALL,1.3333333333333337,4e-06,5.3333333333333345e-06,c
noarr,standard,jacobi-1d,5,SMALL,1.3333333333333337,4e-06,5.3333333333333345e-06,c
c,AllHints,jacobi-2d,1,SMALL,0.287881591119334,0.0018016666666666667,0.0005186666666666667,c
c,AllHints,jacobi-2d,2,SMALL,0.5068403908794789,0.0010233333333333333,0.0005186666666666667,c
c,AllHints,jacobi-2d,3,SMALL,0.41850457235072624,0.0012393333333333334,0.0005186666666666667,c
c,AllHints,jacobi-2d,4,SMALL,1.171686746987952,0.0004426666666666667,0.0005186666666666667,c
c,AllHints,jacobi-2d,5,SMALL,0.7484367484367485,0.000693,0.0005186666666666667,c
c,ChooseHints,jacobi-2d,1,SMALL,0.32295558322955586,0.001606,0.0005186666666666667,c
c,ChooseHints,jacobi-2d,2,SMALL,0.32600041902367494,0.0015909999999999997,0.0005186666666666667,c
c,ChooseHints,jacobi-2d,3,SMALL,0.3413777972795086,0.0015193333333333333,0.0005186666666666667,c
c,ChooseHints,jacobi-2d,4,SMALL,0.34409553295002215,0.0015073333333333334,0.0005186666666666667,c
c,ChooseHints,jacobi-2d,5,SMALL,0.3187218353133962,0.0016273333333333333,0.0005186666666666667,c
c,FromPlan,jacobi-2d,1,SMALL,0.8383620689655173,0.0006186666666666667,0.0005186666666666667,c
c,FromPlan,jacobi-2d,2,SMALL,0.9810844892812105,0.0005286666666666668,0.0005186666666666667,c
c,FromPlan,jacobi-2d,3,SMALL,0.28430476886533895,0.0018243333333333334,0.0005186666666666667,c
c,FromPlan,jacobi-2d,4,SMALL,0.9046511627906978,0.0005733333333333334,0.0005186666666666667,c
c,FromPlan,jacobi-2d,5,SMALL,0.216471897607123,0.002396,0.0005186666666666667,c
c,Naive,jacobi-2d,1,SMALL,0.9967969250480464,0.0005203333333333333,0.0005186666666666667,c
c,Naive,jacobi-2d,2,SMALL,1.0038709677419355,0.0005166666666666667,0.0005186666666666667,c
c,Naive,jacobi-2d,3,SMALL,1.0084251458198317,0.0005143333333333333,0.0005186666666666667,c
c,Naive,jacobi-2d,4,SMALL,0.30196002328740545,0.0017176666666666666,0.0005186666666666667,c
c,standard,jacobi-2d,1,SMALL,1.0,0.0005186666666666667,0.0005186666666666667,c
exo,AllHints,jacobi-2d,2,SMALL,0.15862982974819045,0.003269666666666667,0.0005186666666666667,c
exo,AllHints,jacobi-2d,3,SMALL,0.2713637949075689,0.0019113333333333335,0.0005186666666666667,c
exo,ChooseHints,jacobi-2d,1,SMALL,0.15410517975636331,0.0033656666666666665,0.0005186666666666667,c
exo,ChooseHints,jacobi-2d,2,SMALL,0.15502640231144765,0.003345666666666667,0.0005186666666666667,c
exo,ChooseHints,jacobi-2d,4,SMALL,0.2740884269860842,0.0018923333333333333,0.0005186666666666667,c
exo,Naive,jacobi-2d,3,SMALL,0.1712524763372221,0.003028666666666667,0.0005186666666666667,c
exo,standard,jacobi-2d,1,SMALL,0.9339735894357744,0.0005553333333333334,0.0005186666666666667,c
exo,standard,jacobi-2d,2,SMALL,0.8721973094170405,0.0005946666666666666,0.0005186666666666667,c
exo,standard,jacobi-2d,3,SMALL,0.9339735894357744,0.0005553333333333334,0.0005186666666666667,c
exo,standard,jacobi-2d,4,SMALL,0.8815864022662889,0.0005883333333333334,0.0005186666666666667,c
exo,standard,jacobi-2d,5,SMALL,0.8066355624675998,0.000643,0.0005186666666666667,c
halide,AllHints,jacobi-2d,2,SMALL,0.4318623369414377,0.001201,0.0005186666666666667,c
halide,ChooseHints,jacobi-2d,1,SMALL,0.4152655457699494,0.001249,0.0005186666666666667,c
halide,FromPlan,jacobi-2d,3,SMALL,0.38221567182510446,0.001357,0.0005186666666666667,c
halide,FromPlan,jacobi-2d,4,SMALL,0.09087723396799442,0.0057073333333333325,0.0005186666666666667,c
halide,FromPlan,jacobi-2d,5,SMALL,0.2573602381739994,0.0020153333333333334,0.0005186666666666667,c
halide,Naive,jacobi-2d,1,SMALL,0.3690702087286528,0.0014053333333333333,0.0005186666666666667,c
halide,Naive,jacobi-2d,3,SMALL,0.3306417339566511,0.0015686666666666668,0.0005186666666666667,c
halide,Naive,jacobi-2d,4,SMALL,0.5294317795168425,0.0009796666666666667,0.0005186666666666667,c
halide,standard,jacobi-2d,3,SMALL,0.220677918025812,0.002350333333333333,0.0005186666666666667,c
halide,standard,jacobi-2d,4,SMALL,0.46420047732696906,0.0011173333333333332,0.0005186666666666667,c
halide,standard,jacobi-2d,5,SMALL,0.21713647781188947,0.002388666666666667,0.0005186666666666667,c
noarr,AllHints,jacobi-2d,1,SMALL,0.08678677003736963,0.0059763333333333335,0.0005186666666666667,c
noarr,AllHints,jacobi-2d,2,SMALL,0.14986034864682657,0.003461,0.0005186666666666667,c
noarr,AllHints,jacobi-2d,3,SMALL,0.1518345042935207,0.003416,0.0005186666666666667,c
noarr,AllHints,jacobi-2d,4,SMALL,0.08829871751220067,0.005874,0.0005186666666666667,c
noarr,AllHints,jacobi-2d,5,SMALL,0.08648288128056915,0.005997333333333334,0.0005186666666666667,c
noarr,ChooseHints,jacobi-2d,1,SMALL,1.2806584362139921,0.000405,0.0005186666666666667,c
noarr,ChooseHints,jacobi-2d,2,SMALL,0.08791953893095267,0.005899333333333333,0.0005186666666666667,c
noarr,ChooseHints,jacobi-2d,3,SMALL,1.2912863070539422,0.00040166666666666665,0.0005186666666666667,c
noarr,ChooseHints,jacobi-2d,4,SMALL,0.15631906771147278,0.003318,0.0005186666666666667,c
noarr,ChooseHints,jacobi-2d,5,SMALL,0.1561935354346517,0.0033206666666666666,0.0005186666666666667,c
noarr,FromPlan,jacobi-2d,1,SMALL,1.0169934640522877,0.00051,0.0005186666666666667,c
noarr,FromPlan,jacobi-2d,2,SMALL,1.0130208333333335,0.000512,0.0005186666666666667,c
noarr,FromPlan,jacobi-2d,3,SMALL,1.0790568654646324,0.00048066666666666673,0.0005186666666666667,c
noarr,FromPlan,jacobi-2d,4,SMALL,1.0599455040871935,0.0004893333333333334,0.0005186666666666667,c
noarr,FromPlan,jacobi-2d,5,SMALL,1.0599455040871935,0.0004893333333333334,0.0005186666666666667,c
noarr,Naive,jacobi-2d,1,SMALL,0.15453371735028307,0.003356333333333333,0.0005186666666666667,c
noarr,Naive,jacobi-2d,2,SMALL,1.171686746987952,0.0004426666666666667,0.0005186666666666667,c
noarr,Naive,jacobi-2d,3,SMALL,0.1560525524019657,0.003323666666666667,0.0005186666666666667,c
noarr,Naive,jacobi-2d,5,SMALL,0.6610025488530162,0.0007846666666666667,0.0005186666666666667,c
noarr,standard,jacobi-2d,1,SMALL,1.2955870108243133,0.0004003333333333333,0.0005186666666666667,c
noarr,standard,jacobi-2d,2,SMALL,1.302092050209205,0.0003983333333333334,0.0005186666666666667,c
noarr,standard,jacobi-2d,3,SMALL,1.3495229835212492,0.0003843333333333333,0.0005186666666666667,c
noarr,standard,jacobi-2d,4,SMALL,1.2902155887230515,0.000402,0.0005186666666666667,c
noarr,standard,jacobi-2d,5,SMALL,1.3287788215200682,0.0003903333333333334,0.0005186666666666667,c
c,AllHints,lu,1,SMALL,1.456508698260348,0.0005556666666666667,0.0008093333333333333,c
c,AllHints,lu,2,SMALL,1.475987841945289,0.0005483333333333333,0.0008093333333333333,c
c,AllHints,lu,3,SMALL,0.18958382134770052,0.004268999999999999,0.0008093333333333333,c
c,AllHints,lu,4,SMALL,1.4832009773976789,0.0005456666666666666,0.0008093333333333333,c
c,AllHints,lu,5,SMALL,1.4786845310596832,0.0005473333333333334,0.0008093333333333333,c
c,ChooseHints,lu,1,SMALL,1.3795454545454546,0.0005866666666666667,0.0008093333333333333,c
c,ChooseHints,lu,2,SMALL,1.48683404776485,0.0005443333333333333,0.0008093333333333333,c
c,ChooseHints,lu,3,SMALL,1.4332939787485246,0.0005646666666666666,0.0008093333333333333,c
c,ChooseHints,lu,4,SMALL,1.4877450980392157,0.000544,0.0008093333333333333,c
c,ChooseHints,lu,5,SMALL,0.20853731856050844,0.0038810000000000003,0.0008093333333333333,c
c,FromPlan,lu,1,SMALL,1.3224400871459694,0.000612,0.0008093333333333333,c
c,FromPlan,lu,2,SMALL,0.2582154631500585,0.003134333333333333,0.0008093333333333333,c
c,FromPlan,lu,3,SMALL,1.4608904933814681,0.000554,0.0008093333333333333,c
c,FromPlan,lu,4,SMALL,1.1523493118177504,0.0007023333333333333,0.0008093333333333333,c
c,FromPlan,lu,5,SMALL,2.7497168742921856,0.00029433333333333335,0.0008093333333333333,c
c,Naive,lu,1,SMALL,1.4724075197089146,0.0005496666666666666,0.0008093333333333333,c
c,Naive,lu,2,SMALL,1.4478234943351223,0.000559,0.0008093333333333333,c
c,Naive,lu,3,SMALL,1.4582582582582582,0.000555,0.0008093333333333333,c
c,Naive,lu,4,SMALL,1.4914004914004915,0.0005426666666666667,0.0008093333333333333,c
c,Naive,lu,5,SMALL,1.4822954822954821,0.000546,0.0008093333333333333,c
c,standard,lu,1,SMALL,1.0,0.0008093333333333333,0.0008093333333333333,c
exo,AllHints,lu,1,SMALL,0.2007109200628255,0.004032333333333333,0.0008093333333333333,c
exo,AllHints,lu,2,SMALL,0.189509834530128,0.0042706666666666665,0.0008093333333333333,c
exo,AllHints,lu,3,SMALL,0.18998435054773083,0.00426,0.0008093333333333333,c
exo,AllHints,lu,4,SMALL,0.005098494600173449,0.15873966666666667,0.0008093333333333333,c
exo,AllHints,lu,5,SMALL,0.8018494055482167,0.0010093333333333332,0.0008093333333333333,c
exo,ChooseHints,lu,1,SMALL,1.2324873096446702,0.0006566666666666666,0.0008093333333333333,c
exo,ChooseHints,lu,2,SMALL,0.1982526332979505,0.004082333333333334,0.0008093333333333333,c
exo,ChooseHints,lu,3,SMALL,1.0597992143168922,0.0007636666666666667,0.0008093333333333333,c
exo,FromPlan,lu,3,SMALL,1.0776742121615626,0.0007509999999999999,0.0008093333333333333,c
exo,Naive,lu,1,SMALL,1.1948818897637796,0.0006773333333333333,0.0008093333333333333,c
exo,Naive,lu,2,SMALL,1.3018766756032172,0.0006216666666666666,0.0008093333333333333,c
exo,Naive,lu,3,SMALL,1.1907797940166749,0.0006796666666666666,0.0008093333333333333,c
exo,Naive,lu,4,SMALL,0.18815871047737137,0.004301333333333333,0.0008093333333333333,c
exo,Naive,lu,5,SMALL,1.2324873096446702,0.0006566666666666666,0.0008093333333333333,c
exo,standard,lu,1,SMALL,0.9634920634920635,0.00084,0.0008093333333333333,c
exo,standard,lu,2,SMALL,0.9555293191656828,0.000847,0.0008093333333333333,c
exo,standard,lu,3,SMALL,0.9499217527386542,0.000852,0.0008093333333333333,c
exo,standard,lu,4,SMALL,0.949179046129789,0.0008526666666666666,0.0008093333333333333,c
exo,standard,lu,5,SMALL,0.9532783667059287,0.0008489999999999999,0.0008093333333333333,c
halide,ChooseHints,lu,2,SMALL,0.10490386692590192,0.007715,0.0008093333333333333,c
halide,ChooseHints,lu,4,SMALL,0.09447103225555425,0.008567,0.0008093333333333333,c
halide,ChooseHints,lu,5,SMALL,0.060337972166998016,0.013413333333333333,0.0008093333333333333,c
halide,FromPlan,lu,5,SMALL,0.06322752011666362,0.012800333333333335,0.0008093333333333333,c
halide,standard,lu,1,SMALL,0.059594521623877086,0.013580666666666666,0.0008093333333333333,c
halide,standard,lu,5,SMALL,0.06482099474063593,0.012485666666666666,0.0008093333333333333,c
noarr,AllHints,lu,1,SMALL,1.3355335533553356,0.000606,0.0008093333333333333,c
noarr,AllHints,lu,2,SMALL,1.201980198019802,0.0006733333333333334,0.0008093333333333333,c
noarr,AllHints,lu,3,SMALL,1.6641535298149417,0.00048633333333333335,0.0008093333333333333,c
noarr,AllHints,lu,4,SMALL,1.3275013668671405,0.0006096666666666667,0.0008093333333333333,c
noarr,AllHints,lu,5,SMALL,1.5534229046705055,0.000521,0.0008093333333333333,c
noarr,ChooseHints,lu,1,SMALL,1.3246044735406437,0.000611,0.0008093333333333333,c
noarr,ChooseHints,lu,2,SMALL,1.2928647497337595,0.0006259999999999999,0.0008093333333333333,c
noarr,ChooseHints,lu,3,SMALL,1.2201005025125629,0.0006633333333333334,0.0008093333333333333,c
noarr,ChooseHints,lu,5,SMALL,1.1383028598218472,0.0007109999999999999,0.0008093333333333333,c
noarr,FromPlan,lu,1,SMALL,1.7556037599421546,0.00046100000000000004,0.0008093333333333333,c
noarr,FromPlan,lu,2,SMALL,1.6079470198675496,0.0005033333333333334,0.0008093333333333333,c
noarr,FromPlan,lu,3,SMALL,1.6814404432132963,0.00048133333333333334,0.0008093333333333333,c
noarr,FromPlan,lu,4,SMALL,1.6494565217391304,0.0004906666666666667,0.0008093333333333333,c
noarr,FromPlan,lu,5,SMALL,1.6528250510551399,0.0004896666666666666,0.0008093333333333333,c
noarr,Naive,lu,1,SMALL,1.3110151187904968,0.0006173333333333333,0.0008093333333333333,c
noarr,Naive,lu,2,SMALL,1.2225579053373616,0.0006619999999999999,0.0008093333333333333,c
noarr,Naive,lu,3,SMALL,1.6596035543403966,0.00048766666666666663,0.0008093333333333333,c
noarr,Naive,lu,4,SMALL,1.214607303651826,0.0006663333333333333,0.0008093333333333333,c
noarr,standard,lu,2,SMALL,1.2268822637695809,0.0006596666666666666,0.0008093333333333333,c
noarr,standard,lu,5,SMALL,1.221327967806841,0.0006626666666666668,0.0008093333333333333,c
c,AllHints,ludcmp,1,SMALL,1.3561306223043745,0.000541,0.0007336666666666666,c
c,AllHints,ludcmp,2,SMALL,1.3470012239902078,0.0005446666666666667,0.0007336666666666666,c
c,AllHints,ludcmp,3,SMALL,1.0586820586820587,0.000693,0.0007336666666666666,c
c,AllHints,ludcmp,5,SMALL,1.0194534506716073,0.0007196666666666666,0.0007336666666666666,c
c,ChooseHints,ludcmp,1,SMALL,0.17908868999186334,0.004096666666666666,0.0007336666666666666,c
c,ChooseHints,ludcmp,2,SMALL,0.16847826086956522,0.004354666666666666,0.0007336666666666666,c
c,ChooseHints,ludcmp,3,SMALL,1.3696328562538893,0.0005356666666666666,0.0007336666666666666,c
c,ChooseHints,ludcmp,4,SMALL,0.18124176548089593,0.0040479999999999995,0.0007336666666666666,c
c,ChooseHints,ludcmp,5,SMALL,0.2220092798063345,0.0033046666666666663,0.0007336666666666666,c
c,FromPlan,ludcmp,1,SMALL,1.2992916174734357,0.0005646666666666667,0.0007336666666666666,c
c,FromPlan,ludcmp,3,SMALL,1.38340666247643,0.0005303333333333333,0.0007336666666666666,c
c,FromPlan,ludcmp,4,SMALL,1.2969946965232764,0.0005656666666666667,0.0007336666666666666,c
c,FromPlan,ludcmp,5,SMALL,1.1936008676789587,0.0006146666666666667,0.0007336666666666666,c
c,Naive,ludcmp,2,SMALL,1.2555618938961781,0.0005843333333333333,0.0007336666666666666,c
c,Naive,ludcmp,3,SMALL,1.0009095043201455,0.000733,0.0007336666666666666,c
c,Naive,ludcmp,4,SMALL,0.9963784517881394,0.0007363333333333333,0.0007336666666666666,c
c,standard,ludcmp,1,SMALL,1.0,0.0007336666666666666,0.0007336666666666666,c
exo,AllHints,ludcmp,2,SMALL,0.9454467353951891,0.0007759999999999999,0.0007336666666666666,c
exo,AllHints,ludcmp,5,SMALL,0.2032505309816234,0.003609666666666667,0.0007336666666666666,c
exo,ChooseHints,ludcmp,1,SMALL,0.9068809229501442,0.0008089999999999999,0.0007336666666666666,c
exo,ChooseHints,ludcmp,3,SMALL,0.2105817068503636,0.0034839999999999997,0.0007336666666666666,c
exo,ChooseHints,ludcmp,4,SMALL,1.182062298603652,0.0006206666666666666,0.0007336666666666666,c
exo,FromPlan,ludcmp,3,SMALL,0.003942360221746567,0.18609833333333334,0.0007336666666666666,c
exo,Naive,ludcmp,1,SMALL,1.2033898305084745,0.0006096666666666667,0.0007336666666666666,c
exo,Naive,ludcmp,2,SMALL,0.9602966841186737,0.0007639999999999999,0.0007336666666666666,c
exo,Naive,ludcmp,3,SMALL,0.9657744624835455,0.0007596666666666666,0.0007336666666666666,c
exo,Naive,ludcmp,5,SMALL,0.9213059857681037,0.0007963333333333334,0.0007336666666666666,c
exo,standard,ludcmp,1,SMALL,0.9582063561166739,0.0007656666666666667,0.0007336666666666666,c
exo,standard,ludcmp,2,SMALL,0.963238512035011,0.0007616666666666666,0.0007336666666666666,c
exo,standard,ludcmp,3,SMALL,0.9611353711790394,0.0007633333333333333,0.0007336666666666666,c
exo,standard,ludcmp,4,SMALL,0.9271272114574556,0.0007913333333333335,0.0007336666666666666,c
exo,standard,ludcmp,5,SMALL,0.9381926683716965,0.000782,0.0007336666666666666,c
halide,AllHints,ludcmp,2,SMALL,0.056451819744030365,0.012996333333333334,0.0007336666666666666,c
halide,AllHints,ludcmp,4,SMALL,0.09078160445452671,0.008081666666666666,0.0007336666666666666,c
halide,ChooseHints,ludcmp,1,SMALL,0.05519887646085168,0.013291333333333334,0.0007336666666666666,c
halide,Naive,ludcmp,3,SMALL,0.09257234185733514,0.007925333333333333,0.0007336666666666666,c
halide,standard,ludcmp,3,SMALL,0.05649093989014938,0.012987333333333332,0.0007336666666666666,c
noarr,AllHints,ludcmp,1,SMALL,1.1201017811704832,0.0006550000000000001,0.0007336666666666666,c
noarr,AllHints,ludcmp,2,SMALL,0.9734630694383015,0.0007536666666666667,0.0007336666666666666,c
noarr,AllHints,ludcmp,3,SMALL,0.8327657964434355,0.000881,0.0007336666666666666,c
noarr,AllHints,ludcmp,4,SMALL,1.1732409381663114,0.0006253333333333333,0.0007336666666666666,c
noarr,AllHints,ludcmp,5,SMALL,1.1547743966421826,0.0006353333333333333,0.0007336666666666666,c
noarr,ChooseHints,ludcmp,1,SMALL,0.9450407900386432,0.0007763333333333333,0.0007336666666666666,c
noarr,ChooseHints,ludcmp,2,SMALL,1.127561475409836,0.0006506666666666667,0.0007336666666666666,c
noarr,ChooseHints,ludcmp,3,SMALL,0.9887690925426774,0.000742,0.0007336666666666666,c
noarr,ChooseHints,ludcmp,4,SMALL,1.142189932537623,0.0006423333333333334,0.0007336666666666666,c
noarr,ChooseHints,ludcmp,5,SMALL,1.1451612903225805,0.0006406666666666667,0.0007336666666666666,c
noarr,FromPlan,ludcmp,1,SMALL,1.1475495307612096,0.0006393333333333333,0.0007336666666666666,c
noarr,FromPlan,ludcmp,2,SMALL,1.1357069143446852,0.000646,0.0007336666666666666,c
noarr,FromPlan,ludcmp,3,SMALL,1.1676392572944299,0.0006283333333333333,0.0007336666666666666,c
noarr,FromPlan,ludcmp,5,SMALL,1.1511506276150627,0.0006373333333333334,0.0007336666666666666,c
noarr,Naive,ludcmp,1,SMALL,1.1398239254272398,0.0006436666666666666,0.0007336666666666666,c
noarr,Naive,ludcmp,2,SMALL,1.1439708939708941,0.0006413333333333333,0.0007336666666666666,c
noarr,Naive,ludcmp,3,SMALL,1.1374677002583977,0.0006450000000000001,0.0007336666666666666,c
noarr,Naive,ludcmp,4,SMALL,1.132784354091611,0.0006476666666666666,0.0007336666666666666,c
noarr,Naive,ludcmp,5,SMALL,1.130457113507961,0.000649,0.0007336666666666666,c
noarr,standard,ludcmp,1,SMALL,1.1258312020460357,0.0006516666666666667,0.0007336666666666666,c
c,AllHints,mvt,1,SMALL,2.114754098360655,2.0333333333333334e-05,4.2999999999999995e-05,c
c,AllHints,mvt,2,SMALL,0.7724550898203592,5.566666666666667e-05,4.2999999999999995e-05,c
c,AllHints,mvt,4,SMALL,0.5972222222222221,7.2e-05,4.2999999999999995e-05,c
c,AllHints,mvt,5,SMALL,0.7914110429447851,5.433333333333334e-05,4.2999999999999995e-05,c
c,ChooseHints,mvt,1,SMALL,0.5466101694915254,7.866666666666666e-05,4.2999999999999995e-05,c
c,ChooseHints,mvt,2,SMALL,0.3185185185185185,0.000135,4.2999999999999995e-05,c
c,ChooseHints,mvt,3,SMALL,1.1315789473684208,3.8e-05,4.2999999999999995e-05,c
c,ChooseHints,mvt,5,SMALL,0.8269230769230769,5.2e-05,4.2999999999999995e-05,c
c,FromPlan,mvt,1,SMALL,1.8970588235294115,2.2666666666666668e-05,4.2999999999999995e-05,c
c,FromPlan,mvt,2,SMALL,2.1499999999999995,2e-05,4.2999999999999995e-05,c
c,FromPlan,mvt,3,SMALL,2.114754098360655,2.0333333333333334e-05,4.2999999999999995e-05,c
c,FromPlan,mvt,4,SMALL,2.0806451612903225,2.0666666666666666e-05,4.2999999999999995e-05,c
c,FromPlan,mvt,5,SMALL,2.2241379310344827,1.9333333333333333e-05,4.2999999999999995e-05,c
c,Naive,mvt,1,SMALL,2.0476190476190474,2.1e-05,4.2999999999999995e-05,c
c,Naive,mvt,2,SMALL,2.1499999999999995,2e-05,4.2999999999999995e-05,c
c,Naive,mvt,3,SMALL,2.015625,2.133333333333333e-05,4.2999999999999995e-05,c
c,Naive,mvt,4,SMALL,1.7671232876712326,2.4333333333333333e-05,4.2999999999999995e-05,c
c,Naive,mvt,5,SMALL,2.1864406779661016,1.9666666666666666e-05,4.2999999999999995e-05,c
c,standard,mvt,1,SMALL,1.0,4.2999999999999995e-05,4.2999999999999995e-05,c
exo,AllHints,mvt,1,SMALL,0.5863636363636363,7.333333333333333e-05,4.2999999999999995e-05,c
exo,AllHints,mvt,2,SMALL,0.5222672064777327,8.233333333333333e-05,4.2999999999999995e-05,c
exo,AllHints,mvt,3,SMALL,0.5944700460829492,7.233333333333333e-05,4.2999999999999995e-05,c
exo,AllHints,mvt,4,SMALL,0.5917431192660549,7.266666666666667e-05,4.2999999999999995e-05,c
exo,AllHints,mvt,5,SMALL,0.7865853658536583,5.466666666666667e-05,4.2999999999999995e-05,c
exo,ChooseHints,mvt,1,SMALL,0.6515151515151515,6.599999999999999e-05,4.2999999999999995e-05,c
exo,ChooseHints,mvt,2,SMALL,0.6972972972972972,6.166666666666667e-05,4.2999999999999995e-05,c
exo,ChooseHints,mvt,3,SMALL,0.5119047619047619,8.4e-05,4.2999999999999995e-05,c
exo,ChooseHints,mvt,4,SMALL,1.7671232876712326,2.4333333333333333e-05,4.2999999999999995e-05,c
exo,ChooseHints,mvt,5,SMALL,0.6113744075829384,7.033333333333333e-05,4.2999999999999995e-05,c
exo,FromPlan,mvt,2,SMALL,0.6417910447761193,6.7e-05,4.2999999999999995e-05,c
exo,FromPlan,mvt,3,SMALL,0.013445903689806128,0.003198,4.2999999999999995e-05,c
exo,FromPlan,mvt,4,SMALL,0.013409563409563409,0.0032066666666666667,4.2999999999999995e-05,c
exo,Naive,mvt,2,SMALL,0.5443037974683543,7.900000000000001e-05,4.2999999999999995e-05,c
exo,Naive,mvt,3,SMALL,1.6538461538461537,2.6e-05,4.2999999999999995e-05,c
exo,Naive,mvt,4,SMALL,0.7371428571428571,5.833333333333333e-05,4.2999999999999995e-05,c
exo,standard,mvt,1,SMALL,0.969924812030075,4.433333333333334e-05,4.2999999999999995e-05,c
exo,standard,mvt,2,SMALL,0.969924812030075,4.433333333333334e-05,4.2999999999999995e-05,c
exo,standard,mvt,3,SMALL,0.9847328244274807,4.366666666666667e-05,4.2999999999999995e-05,c
exo,standard,mvt,4,SMALL,0.9485294117647057,4.5333333333333335e-05,4.2999999999999995e-05,c
exo,standard,mvt,5,SMALL,0.9555555555555554,4.5e-05,4.2999999999999995e-05,c
halide,AllHints,mvt,3,SMALL,0.15828220858895706,0.00027166666666666664,4.2999999999999995e-05,c
halide,AllHints,mvt,5,SMALL,0.009937601109313611,0.004327,4.2999999999999995e-05,c
halide,ChooseHints,mvt,2,SMALL,0.023105857066093496,0.001861,4.2999999999999995e-05,c
halide,FromPlan,mvt,5,SMALL,0.04082278481012657,0.0010533333333333334,4.2999999999999995e-05,c
halide,Naive,mvt,2,SMALL,0.05543618392780403,0.0007756666666666667,4.2999999999999995e-05,c
halide,Naive,mvt,3,SMALL,0.134375,0.00031999999999999997,4.2999999999999995e-05,c
halide,standard,mvt,1,SMALL,0.6201923076923077,6.933333333333333e-05,4.2999999999999995e-05,c
halide,standard,mvt,2,SMALL,0.6449999999999999,6.666666666666667e-05,4.2999999999999995e-05,c
halide,standard,mvt,3,SMALL,0.5758928571428571,7.466666666666666e-05,4.2999999999999995e-05,c
halide,standard,mvt,4,SMALL,0.570796460176991,7.533333333333334e-05,4.2999999999999995e-05,c
halide,standard,mvt,5,SMALL,0.6084905660377358,7.066666666666667e-05,4.2999999999999995e-05,c
noarr,AllHints,mvt,1,SMALL,0.01619179113844609,0.002655666666666667,4.2999999999999995e-05,c
noarr,AllHints,mvt,2,SMALL,2.5294117647058822,1.7e-05,4.2999999999999995e-05,c
noarr,AllHints,mvt,3,SMALL,0.01660872923908845,0.0025889999999999997,4.2999999999999995e-05,c
noarr,AllHints,mvt,4,SMALL,0.01636432830140809,0.002627666666666667,4.2999999999999995e-05,c
noarr,AllHints,mvt,5,SMALL,2.5294117647058822,1.7e-05,4.2999999999999995e-05,c
noarr,ChooseHints,mvt,1,SMALL,2.5294117647058822,1.7e-05,4.2999999999999995e-05,c
noarr,ChooseHints,mvt,2,SMALL,2.5294117647058822,1.7e-05,4.2999999999999995e-05,c
noarr,ChooseHints,mvt,3,SMALL,2.5294117647058822,1.7e-05,4.2999999999999995e-05,c
noarr,ChooseHints,mvt,4,SMALL,2.5294117647058822,1.7e-05,4.2999999999999995e-05,c
noarr,ChooseHints,mvt,5,SMALL,2.5294117647058822,1.7e-05,4.2999999999999995e-05,c
noarr,FromPlan,mvt,1,SMALL,2.2631578947368416,1.9e-05,4.2999999999999995e-05,c
noarr,FromPlan,mvt,2,SMALL,1.8695652173913042,2.3e-05,4.2999999999999995e-05,c
noarr,FromPlan,mvt,3,SMALL,1.7916666666666665,2.4e-05,4.2999999999999995e-05,c
noarr,FromPlan,mvt,4,SMALL,2.2631578947368416,1.9e-05,4.2999999999999995e-05,c
noarr,FromPlan,mvt,5,SMALL,2.2631578947368416,1.9e-05,4.2999999999999995e-05,c
noarr,Naive,mvt,1,SMALL,1.3030303030303028,3.3e-05,4.2999999999999995e-05,c
noarr,Naive,mvt,2,SMALL,1.0,4.2999999999999995e-05,4.2999999999999995e-05,c
noarr,Naive,mvt,3,SMALL,2.5294117647058822,1.7e-05,4.2999999999999995e-05,c
noarr,Naive,mvt,4,SMALL,2.2241379310344827,1.9333333333333333e-05,4.2999999999999995e-05,c
noarr,Naive,mvt,5,SMALL,2.5294117647058822,1.7e-05,4.2999999999999995e-05,c
noarr,standard,mvt,1,SMALL,1.2285714285714284,3.5e-05,4.2999999999999995e-05,c
noarr,standard,mvt,2,SMALL,1.131578947368421,3.7999999999999995e-05,4.2999999999999995e-05,c
noarr,standard,mvt,3,SMALL,1.2285714285714284,3.5e-05,4.2999999999999995e-05,c
noarr,standard,mvt,4,SMALL,1.2285714285714284,3.5e-05,4.2999999999999995e-05,c
noarr,standard,mvt,5,SMALL,1.2285714285714284,3.5e-05,4.2999999999999995e-05,c
c,AllHints,nussinov,1,SMALL,0.6007924370916169,0.004795333333333333,0.002881,c
c,AllHints,nussinov,3,SMALL,0.6025515895147797,0.004781333333333333,0.002881,c
c,AllHints,nussinov,5,SMALL,1.7595684039087947,0.0016373333333333333,0.002881,c
c,ChooseHints,nussinov,1,SMALL,1.6841387373343726,0.0017106666666666665,0.002881,c
c,ChooseHints,nussinov,2,SMALL,0.6919935948759007,0.004163333333333333,0.002881,c
c,ChooseHints,nussinov,4,SMALL,0.6919381955007604,0.004163666666666667,0.002881,c
c,ChooseHints,nussinov,5,SMALL,1.6243187370794963,0.0017736666666666667,0.002881,c
c,FromPlan,nussinov,1,SMALL,1.9928522019829376,0.0014456666666666665,0.002881,c
c,FromPlan,nussinov,3,SMALL,0.5961100765570039,0.0048330000000000005,0.002881,c
c,FromPlan,nussinov,4,SMALL,0.6326769636190616,0.004553666666666667,0.002881,c
c,FromPlan,nussinov,5,SMALL,2.067208801722076,0.0013936666666666665,0.002881,c
c,Naive,nussinov,1,SMALL,2.0657265774378586,0.0013946666666666667,0.002881,c
c,Naive,nussinov,2,SMALL,1.915134057168181,0.0015043333333333332,0.002881,c
c,Naive,nussinov,3,SMALL,1.9181091877496672,0.0015019999999999999,0.002881,c
c,Naive,nussinov,5,SMALL,1.9193870752831446,0.001501,0.002881,c
c,standard,nussinov,1,SMALL,1.0,0.002881,0.002881,c
exo,AllHints,nussinov,2,SMALL,0.5716269841269841,0.00504,0.002881,c
exo,AllHints,nussinov,3,SMALL,0.5782818145323163,0.004982,0.002881,c
exo,AllHints,nussinov,5,SMALL,0.6275776938716235,0.0045906666666666665,0.002881,c
exo,ChooseHints,nussinov,1,SMALL,1.0669053203308232,0.0027003333333333337,0.002881,c
exo,ChooseHints,nussinov,2,SMALL,0.6246296162462961,0.004612333333333334,0.002881,c
exo,ChooseHints,nussinov,3,SMALL,0.5730292382152092,0.005027666666666666,0.002881,c
exo,ChooseHints,nussinov,4,SMALL,0.6222462203023759,0.00463,0.002881,c
exo,ChooseHints,nussinov,5,SMALL,0.6166084040807591,0.004672333333333333,0.002881,c
exo,FromPlan,nussinov,1,SMALL,0.5931645048383776,0.004857,0.002881,c
exo,FromPlan,nussinov,4,SMALL,1.0939121630173396,0.0026336666666666665,0.002881,c
exo,Naive,nussinov,1,SMALL,1.0,0.002881,0.002881,c
exo,Naive,nussinov,2,SMALL,0.998728911486018,0.002884666666666667,0.002881,c
exo,standard,nussinov,1,SMALL,1.0119423955040392,0.002847,0.002881,c
exo,standard,nussinov,2,SMALL,1.0102863822326125,0.002851666666666667,0.002881,c
exo,standard,nussinov,3,SMALL,0.9945914844649021,0.0028966666666666667,0.002881,c
exo,standard,nussinov,5,SMALL,1.0863499245852186,0.002652,0.002881,c
halide,AllHints,nussinov,4,SMALL,1.731717090763374,0.0016636666666666666,0.002881,c
halide,ChooseHints,nussinov,1,SMALL,0.24251522208816187,0.011879666666666665,0.002881,c
halide,standard,nussinov,3,SMALL,0.15291661506342774,0.018840333333333334,0.002881,c
halide,standard,nussinov,4,SMALL,0.15333167754754468,0.018789333333333335,0.002881,c
c,AllHints,seidel-2d,1,SMALL,1.355309110961338,0.005440333333333334,0.007373333333333333,c
c,AllHints,seidel-2d,2,SMALL,0.9634146341463413,0.007653333333333334,0.007373333333333333,c
c,AllHints,seidel-2d,3,SMALL,0.9627018322670498,0.007658999999999999,0.007373333333333333,c
c,AllHints,seidel-2d,4,SMALL,0.8974358974358975,0.008216,0.007373333333333333,c
c,AllHints,seidel-2d,5,SMALL,1.2854486285448627,0.005736000000000001,0.007373333333333333,c
c,ChooseHints,seidel-2d,1,SMALL,1.3477121793700115,0.005471,0.007373333333333333,c
c,ChooseHints,seidel-2d,2,SMALL,0.9634985625925604,0.007652666666666666,0.007373333333333333,c
c,ChooseHints,seidel-2d,3,SMALL,1.8361417780360256,0.0040156666666666665,0.007373333333333333,c
c,ChooseHints,seidel-2d,4,SMALL,0.9927741124725102,0.007427,0.007373333333333333,c
c,ChooseHints,seidel-2d,5,SMALL,1.2138506283268398,0.0060743333333333335,0.007373333333333333,c
c,FromPlan,seidel-2d,1,SMALL,1.8917300949285896,0.003897666666666667,0.007373333333333333,c
c,FromPlan,seidel-2d,2,SMALL,1.8901136460736563,0.003901,0.007373333333333333,c
c,FromPlan,seidel-2d,3,SMALL,1.8912448700410398,0.0038986666666666666,0.007373333333333333,c
c,FromPlan,seidel-2d,4,SMALL,1.8915683256370788,0.003898,0.007373333333333333,c
c,FromPlan,seidel-2d,5,SMALL,1.892053716534086,0.003897,0.007373333333333333,c
c,Naive,seidel-2d,2,SMALL,0.8979459283916539,0.008211333333333333,0.007373333333333333,c
c,Naive,seidel-2d,3,SMALL,1.279130283929914,0.005764333333333333,0.007373333333333333,c
c,Naive,seidel-2d,4,SMALL,1.1816239316239316,0.00624,0.007373333333333333,c
c,Naive,seidel-2d,5,SMALL,0.973334506732377,0.007575333333333333,0.007373333333333333,c
c,standard,seidel-2d,1,SMALL,1.0,0.007373333333333333,0.007373333333333333,c
exo,AllHints,seidel-2d,1,SMALL,0.9902851770604827,0.007445666666666666,0.007373333333333333,c
exo,ChooseHints,seidel-2d,1,SMALL,0.8501806441694211,0.008672666666666667,0.007373333333333333,c
exo,FromPlan,seidel-2d,2,SMALL,1.0679799150251061,0.006904,0.007373333333333333,c
exo,FromPlan,seidel-2d,3,SMALL,1.063257065948856,0.006934666666666666,0.007373333333333333,c
exo,Naive,seidel-2d,3,SMALL,0.8227636228380137,0.008961666666666666,0.007373333333333333,c
exo,standard,seidel-2d,1,SMALL,0.9934429174526183,0.007422000000000001,0.007373333333333333,c
exo,standard,seidel-2d,2,SMALL,0.9909506316638292,0.0074406666666666675,0.007373333333333333,c
exo,standard,seidel-2d,3,SMALL,0.9939786105868608,0.007418,0.007373333333333333,c
exo,standard,seidel-2d,4,SMALL,0.99188377202816,0.007433666666666667,0.007373333333333333,c
exo,standard,seidel-2d,5,SMALL,0.9910394265232976,0.0074399999999999996,0.007373333333333333,c
halide,AllHints,seidel-2d,2,SMALL,6.225724739656629,0.0011843333333333332,0.007373333333333333,c
halide,ChooseHints,seidel-2d,1,SMALL,4.558944765045342,0.0016173333333333335,0.007373333333333333,c
halide,Naive,seidel-2d,1,SMALL,5.261655566127498,0.0014013333333333332,0.007373333333333333,c
halide,Naive,seidel-2d,2,SMALL,1.390145801910508,0.005304,0.007373333333333333,c
halide,Naive,seidel-2d,5,SMALL,5.712809917355371,0.0012906666666666667,0.007373333333333333,c
halide,standard,seidel-2d,1,SMALL,3.4422657952069713,0.0021420000000000002,0.007373333333333333,c
halide,standard,seidel-2d,3,SMALL,0.27663831915957976,0.026653333333333334,0.007373333333333333,c
noarr,AllHints,seidel-2d,1,SMALL,1.0044500953591864,0.007340666666666666,0.007373333333333333,c
noarr,AllHints,seidel-2d,2,SMALL,1.232174688057041,0.005984,0.007373333333333333,c
noarr,AllHints,seidel-2d,3,SMALL,1.2651567147105927,0.005828,0.007373333333333333,c
noarr,AllHints,seidel-2d,4,SMALL,1.350674726750931,0.005459000000000001,0.007373333333333333,c
noarr,AllHints,seidel-2d,5,SMALL,1.3499328695227633,0.005462000000000001,0.007373333333333333,c
noarr,ChooseHints,seidel-2d,1,SMALL,1.3701684836471757,0.005381333333333333,0.007373333333333333,c
noarr,ChooseHints,seidel-2d,2,SMALL,1.347958561852529,0.00547,0.007373333333333333,c
noarr,ChooseHints,seidel-2d,3,SMALL,1.0034476501542369,0.007348,0.007373333333333333,c
noarr,ChooseHints,seidel-2d,4,SMALL,1.0026289547638474,0.007353999999999999,0.007373333333333333,c
noarr,ChooseHints,seidel-2d,5,SMALL,1.351499969450724,0.005455666666666667,0.007373333333333333,c
noarr,FromPlan,seidel-2d,1,SMALL,1.1520833333333333,0.0064,0.007373333333333333,c
noarr,FromPlan,seidel-2d,2,SMALL,1.3519129690746852,0.0054540000000000005,0.007373333333333333,c
noarr,FromPlan,seidel-2d,3,SMALL,1.1481366137236584,0.006422,0.007373333333333333,c
noarr,FromPlan,seidel-2d,4,SMALL,1.1407942238267146,0.006463333333333334,0.007373333333333333,c
noarr,Naive,seidel-2d,1,SMALL,1.0037663928846938,0.007345666666666667,0.007373333333333333,c
noarr,Naive,seidel-2d,2,SMALL,1.2425570160656108,0.005933999999999999,0.007373333333333333,c
noarr,Naive,seidel-2d,3,SMALL,1.3585554600171972,0.005427333333333333,0.007373333333333333,c
noarr,Naive,seidel-2d,4,SMALL,0.9972498985618322,0.0073936666666666664,0.007373333333333333,c
noarr,Naive,seidel-2d,5,SMALL,1.3808602284786815,0.005339666666666667,0.007373333333333333,c
noarr,standard,seidel-2d,1,SMALL,1.0250231696014829,0.007193333333333333,0.007373333333333333,c
noarr,standard,seidel-2d,2,SMALL,1.0051804053439972,0.007335333333333333,0.007373333333333333,c
noarr,standard,seidel-2d,3,SMALL,1.0223701238676282,0.007212,0.007373333333333333,c
noarr,standard,seidel-2d,4,SMALL,1.0157972079353417,0.007258666666666667,0.007373333333333333,c
noarr,standard,seidel-2d,5,SMALL,1.0176197267332199,0.007245666666666667,0.007373333333333333,c
c,AllHints,symm,1,SMALL,1.5258620689655171,0.00019333333333333333,0.00029499999999999996,c
c,AllHints,symm,2,SMALL,3.2656826568265678,9.033333333333334e-05,0.00029499999999999996,c
c,AllHints,symm,3,SMALL,0.21152007648183555,0.0013946666666666667,0.00029499999999999996,c
c,AllHints,symm,4,SMALL,0.01936839340818068,0.015231,0.00029499999999999996,c
c,AllHints,symm,5,SMALL,2.0533642691415315,0.00014366666666666664,0.00029499999999999996,c
c,ChooseHints,symm,1,SMALL,2.4114441416893726,0.00012233333333333334,0.00029499999999999996,c
c,ChooseHints,symm,2,SMALL,2.006802721088435,0.000147,0.00029499999999999996,c
c,ChooseHints,symm,3,SMALL,1.494932432432432,0.00019733333333333335,0.00029499999999999996,c
c,ChooseHints,symm,4,SMALL,2.117224880382775,0.00013933333333333332,0.00029499999999999996,c
c,ChooseHints,symm,5,SMALL,0.2011363636363636,0.0014666666666666667,0.00029499999999999996,c
c,FromPlan,symm,1,SMALL,3.1161971830985915,9.466666666666666e-05,0.00029499999999999996,c
c,FromPlan,symm,2,SMALL,3.4842519685039366,8.466666666666666e-05,0.00029499999999999996,c
c,FromPlan,symm,3,SMALL,2.5801749271137027,0.00011433333333333333,0.00029499999999999996,c
c,FromPlan,symm,4,SMALL,3.218181818181818,9.166666666666667e-05,0.00029499999999999996,c
c,FromPlan,symm,5,SMALL,2.3167539267015704,0.00012733333333333333,0.00029499999999999996,c
c,Naive,symm,1,SMALL,2.809523809523809,0.000105,0.00029499999999999996,c
c,Naive,symm,2,SMALL,3.2299270072992696,9.133333333333334e-05,0.00029499999999999996,c
c,Naive,symm,3,SMALL,3.4842519685039366,8.466666666666666e-05,0.00029499999999999996,c
c,Naive,symm,4,SMALL,0.8993902439024389,0.000328,0.00029499999999999996,c
c,Naive,symm,5,SMALL,0.9577922077922076,0.000308,0.00029499999999999996,c
c,standard,symm,1,SMALL,1.0,0.00029499999999999996,0.00029499999999999996,c
exo,AllHints,symm,2,SMALL,0.2129451395572666,0.0013853333333333333,0.00029499999999999996,c
exo,AllHints,symm,5,SMALL,1.4725457570715474,0.00020033333333333331,0.00029499999999999996,c
exo,ChooseHints,symm,2,SMALL,0.13366560942455818,0.002207,0.00029499999999999996,c
exo,ChooseHints,symm,3,SMALL,0.1664785553047404,0.001772,0.00029499999999999996,c
exo,ChooseHints,symm,4,SMALL,0.11527940601797575,0.002559,0.00029499999999999996,c
exo,FromPlan,symm,1,SMALL,0.5419473361910593,0.0005443333333333334,0.00029499999999999996,c
exo,FromPlan,symm,4,SMALL,0.5439459127228026,0.0005423333333333334,0.00029499999999999996,c
exo,Naive,symm,1,SMALL,1.0714285714285714,0.0002753333333333333,0.00029499999999999996,c
exo,Naive,symm,2,SMALL,0.9495708154506437,0.00031066666666666666,0.00029499999999999996,c
exo,Naive,symm,4,SMALL,0.16739171552865517,0.0017623333333333334,0.00029499999999999996,c
exo,Naive,symm,5,SMALL,0.1803545954758508,0.0016356666666666666,0.00029499999999999996,c
exo,standard,symm,1,SMALL,0.8567279767666988,0.00034433333333333337,0.00029499999999999996,c
exo,standard,symm,2,SMALL,0.878848063555114,0.0003356666666666667,0.00029499999999999996,c
exo,standard,symm,3,SMALL,0.824022346368715,0.00035800000000000003,0.00029499999999999996,c
exo,standard,symm,4,SMALL,0.8009049773755654,0.00036833333333333336,0.00029499999999999996,c
exo,standard,symm,5,SMALL,0.7873665480427046,0.00037466666666666665,0.00029499999999999996,c
halide,ChooseHints,symm,3,SMALL,0.08237155621742366,0.0035813333333333335,0.00029499999999999996,c
halide,ChooseHints,symm,4,SMALL,0.6550703182827534,0.00045033333333333335,0.00029499999999999996,c
halide,FromPlan,symm,2,SMALL,1.477462437395659,0.00019966666666666668,0.00029499999999999996,c
halide,FromPlan,symm,3,SMALL,1.3288288288288286,0.000222,0.00029499999999999996,c
halide,Naive,symm,3,SMALL,0.5089131684876365,0.0005796666666666667,0.00029499999999999996,c
halide,standard,symm,1,SMALL,0.690327613104524,0.0004273333333333334,0.00029499999999999996,c
halide,standard,symm,2,SMALL,1.0872235872235871,0.00027133333333333333,0.00029499999999999996,c
halide,standard,symm,3,SMALL,0.9526372443487621,0.00030966666666666664,0.00029499999999999996,c
halide,standard,symm,4,SMALL,0.6724924012158054,0.00043866666666666663,0.00029499999999999996,c
halide,standard,symm,5,SMALL,1.1174242424242424,0.00026399999999999997,0.00029499999999999996,c
noarr,AllHints,symm,1,SMALL,0.11503964643182112,0.0025643333333333334,0.00029499999999999996,c
noarr,AllHints,symm,2,SMALL,1.555360281195079,0.00018966666666666665,0.00029499999999999996,c
noarr,AllHints,symm,3,SMALL,0.07697660259198051,0.0038323333333333334,0.00029499999999999996,c
noarr,AllHints,symm,4,SMALL,0.11266709102482493,0.0026183333333333336,0.00029499999999999996,c
noarr,AllHints,symm,5,SMALL,3.915929203539823,7.533333333333333e-05,0.00029499999999999996,c
noarr,ChooseHints,symm,1,SMALL,3.3650190114068437,8.766666666666667e-05,0.00029499999999999996,c
noarr,ChooseHints,symm,2,SMALL,1.7052023121387283,0.00017299999999999998,0.00029499999999999996,c
noarr,ChooseHints,symm,3,SMALL,1.6511194029850742,0.00017866666666666668,0.00029499999999999996,c
noarr,ChooseHints,symm,5,SMALL,1.725146198830409,0.000171,0.00029499999999999996,c
noarr,FromPlan,symm,1,SMALL,1.752475247524752,0.00016833333333333335,0.00029499999999999996,c
noarr,FromPlan,symm,2,SMALL,3.5829959514170038,8.233333333333333e-05,0.00029499999999999996,c
noarr,FromPlan,symm,3,SMALL,3.5829959514170038,8.233333333333333e-05,0.00029499999999999996,c
noarr,FromPlan,symm,4,SMALL,3.1834532374100717,9.266666666666666e-05,0.00029499999999999996,c
noarr,FromPlan,symm,5,SMALL,1.2206896551724136,0.0002416666666666667,0.00029499999999999996,c
noarr,Naive,symm,2,SMALL,3.915929203539823,7.533333333333333e-05,0.00029499999999999996,c
noarr,Naive,symm,3,SMALL,1.3699690402476778,0.00021533333333333333,0.00029499999999999996,c
noarr,Naive,symm,4,SMALL,3.2777777777777772,9e-05,0.00029499999999999996,c
noarr,Naive,symm,5,SMALL,1.5945945945945947,0.00018499999999999997,0.00029499999999999996,c
noarr,standard,symm,1,SMALL,1.5445026178010468,0.000191,0.00029499999999999996,c
noarr,standard,symm,2,SMALL,1.5636042402826855,0.00018866666666666665,0.00029499999999999996,c
noarr,standard,symm,3,SMALL,1.3915094339622638,0.00021200000000000003,0.00029499999999999996,c
noarr,standard,symm,4,SMALL,1.2642857142857142,0.00023333333333333333,0.00029499999999999996,c
noarr,standard,symm,5,SMALL,1.549912434325744,0.00019033333333333334,0.00029499999999999996,c
c,AllHints,syr2k,1,SMALL,2.3377049180327867,0.00010166666666666667,0.00023766666666666665,c
c,AllHints,syr2k,2,SMALL,4.883561643835616,4.8666666666666666e-05,0.00023766666666666665,c
c,AllHints,syr2k,3,SMALL,3.7135416666666665,6.4e-05,0.00023766666666666665,c
c,AllHints,syr2k,4,SMALL,4.951388888888888,4.8e-05,0.00023766666666666665,c
c,AllHints,syr2k,5,SMALL,1.9860724233983285,0.00011966666666666667,0.00023766666666666665,c
c,ChooseHints,syr2k,2,SMALL,5.166666666666666,4.6e-05,0.00023766666666666665,c
c,ChooseHints,syr2k,3,SMALL,4.6,5.1666666666666664e-05,0.00023766666666666665,c
c,ChooseHints,syr2k,4,SMALL,4.986013986013986,4.766666666666667e-05,0.00023766666666666665,c
c,ChooseHints,syr2k,5,SMALL,5.092857142857142,4.666666666666667e-05,0.00023766666666666665,c
c,FromPlan,syr2k,2,SMALL,1.0705705705705706,0.000222,0.00023766666666666665,c
c,FromPlan,syr2k,3,SMALL,1.1518578352180937,0.00020633333333333333,0.00023766666666666665,c
c,FromPlan,syr2k,4,SMALL,5.204379562043795,4.566666666666667e-05,0.00023766666666666665,c
c,FromPlan,syr2k,5,SMALL,1.0885496183206107,0.00021833333333333332,0.00023766666666666665,c
c,Naive,syr2k,1,SMALL,1.1054263565891473,0.000215,0.00023766666666666665,c
c,Naive,syr2k,2,SMALL,1.0705705705705706,0.000222,0.00023766666666666665,c
c,Naive,syr2k,3,SMALL,0.9369250985545335,0.00025366666666666663,0.00023766666666666665,c
c,Naive,syr2k,4,SMALL,1.107142857142857,0.0002146666666666667,0.00023766666666666665,c
c,Naive,syr2k,5,SMALL,0.9544846050870145,0.00024900000000000004,0.00023766666666666665,c
c,standard,syr2k,1,SMALL,1.0,0.00023766666666666665,0.00023766666666666665,c
exo,AllHints,syr2k,1,SMALL,3.226244343891403,7.366666666666666e-05,0.00023766666666666665,c
exo,AllHints,syr2k,2,SMALL,3.694300518134715,6.433333333333333e-05,0.00023766666666666665,c
exo,AllHints,syr2k,3,SMALL,3.226244343891403,7.366666666666666e-05,0.00023766666666666665,c
exo,AllHints,syr2k,4,SMALL,4.6,5.1666666666666664e-05,0.00023766666666666665,c
exo,AllHints,syr2k,5,SMALL,4.512658227848101,5.266666666666666e-05,0.00023766666666666665,c
exo,ChooseHints,syr2k,2,SMALL,4.951388888888888,4.8e-05,0.00023766666666666665,c
exo,ChooseHints,syr2k,3,SMALL,3.4611650485436893,6.866666666666666e-05,0.00023766666666666665,c
exo,ChooseHints,syr2k,4,SMALL,3.5650000000000004,6.666666666666666e-05,0.00023766666666666665,c
exo,ChooseHints,syr2k,5,SMALL,4.8175675675675675,4.933333333333333e-05,0.00023766666666666665,c
exo,FromPlan,syr2k,1,SMALL,0.3419664268585132,0.000695,0.00023766666666666665,c
exo,FromPlan,syr2k,2,SMALL,0.22992583037729764,0.0010336666666666667,0.00023766666666666665,c
exo,FromPlan,syr2k,3,SMALL,0.6265377855887522,0.0003793333333333333,0.00023766666666666665,c
exo,FromPlan,syr2k,5,SMALL,0.7031558185404339,0.00033800000000000003,0.00023766666666666665,c
exo,Naive,syr2k,1,SMALL,0.4157434402332362,0.0005716666666666666,0.00023766666666666665,c
exo,Naive,syr2k,2,SMALL,4.917241379310345,4.8333333333333334e-05,0.00023766666666666665,c
exo,Naive,syr2k,3,SMALL,3.1548672566371683,7.533333333333333e-05,0.00023766666666666665,c
exo,Naive,syr2k,4,SMALL,0.6676029962546817,0.000356,0.00023766666666666665,c
exo,Naive,syr2k,5,SMALL,3.675257731958763,6.466666666666666e-05,0.00023766666666666665,c
exo,standard,syr2k,1,SMALL,0.8705738705738705,0.000273,0.00023766666666666665,c
exo,standard,syr2k,2,SMALL,0.8600723763570566,0.00027633333333333335,0.00023766666666666665,c
exo,standard,syr2k,3,SMALL,0.8559423769507802,0.0002776666666666667,0.00023766666666666665,c
exo,standard,syr2k,4,SMALL,0.854916067146283,0.000278,0.00023766666666666665,c
exo,standard,syr2k,5,SMALL,0.8528708133971292,0.00027866666666666665,0.00023766666666666665,c
halide,ChooseHints,syr2k,1,SMALL,0.313682358117026,0.0007576666666666666,0.00023766666666666665,c
halide,FromPlan,syr2k,1,SMALL,0.07281454248366012,0.003264,0.00023766666666666665,c
halide,FromPlan,syr2k,2,SMALL,0.0798074770539512,0.0029779999999999997,0.00023766666666666665,c
halide,Naive,syr2k,2,SMALL,0.30046354825115884,0.000791,0.00023766666666666665,c
halide,Naive,syr2k,4,SMALL,0.3613786112519006,0.0006576666666666666,0.00023766666666666665,c
halide,standard,syr2k,2,SMALL,0.9369250985545335,0.00025366666666666663,0.00023766666666666665,c
halide,standard,syr2k,3,SMALL,0.9247730220492866,0.000257,0.00023766666666666665,c
halide,standard,syr2k,4,SMALL,0.9369250985545335,0.00025366666666666663,0.00023766666666666665,c
halide,standard,syr2k,5,SMALL,0.943121693121693,0.000252,0.00023766666666666665,c
noarr,AllHints,syr2k,1,SMALL,1.15,0.00020666666666666666,0.00023766666666666665,c
noarr,AllHints,syr2k,2,SMALL,1.222984562607204,0.00019433333333333333,0.00023766666666666665,c
noarr,AllHints,syr2k,3,SMALL,1.148148148148148,0.00020700000000000002,0.00023766666666666665,c
noarr,AllHints,syr2k,4,SMALL,0.8498212157330156,0.0002796666666666666,0.00023766666666666665,c
noarr,AllHints,syr2k,5,SMALL,0.8083900226757369,0.000294,0.00023766666666666665,c
noarr,ChooseHints,syr2k,1,SMALL,1.227194492254733,0.00019366666666666667,0.00023766666666666665,c
noarr,ChooseHints,syr2k,2,SMALL,0.9283854166666666,0.000256,0.00023766666666666665,c
noarr,ChooseHints,syr2k,3,SMALL,1.1317460317460317,0.00021,0.00023766666666666665,c
noarr,ChooseHints,syr2k,4,SMALL,1.0952380952380951,0.000217,0.00023766666666666665,c
noarr,ChooseHints,syr2k,5,SMALL,1.1407999999999998,0.00020833333333333335,0.00023766666666666665,c
noarr,FromPlan,syr2k,1,SMALL,0.9793956043956044,0.00024266666666666667,0.00023766666666666665,c
noarr,FromPlan,syr2k,2,SMALL,2.2211838006230527,0.000107,0.00023766666666666665,c
noarr,FromPlan,syr2k,4,SMALL,0.9443708609271522,0.0002516666666666667,0.00023766666666666665,c
noarr,FromPlan,syr2k,5,SMALL,0.9308093994778067,0.0002553333333333333,0.00023766666666666665,c
noarr,Naive,syr2k,1,SMALL,1.15,0.00020666666666666666,0.00023766666666666665,c
noarr,Naive,syr2k,2,SMALL,2.28525641025641,0.000104,0.00023766666666666665,c
noarr,Naive,syr2k,3,SMALL,1.0070621468926553,0.000236,0.00023766666666666665,c
noarr,Naive,syr2k,4,SMALL,0.8488095238095238,0.00028,0.00023766666666666665,c
noarr,Naive,syr2k,5,SMALL,1.0229555236728838,0.00023233333333333333,0.00023766666666666665,c
noarr,standard,syr2k,1,SMALL,0.4775619557937039,0.0004976666666666667,0.00023766666666666665,c
noarr,standard,syr2k,2,SMALL,1.2064297800338408,0.000197,0.00023766666666666665,c
noarr,standard,syr2k,3,SMALL,1.2064297800338408,0.000197,0.00023766666666666665,c
noarr,standard,syr2k,5,SMALL,1.192307692307692,0.00019933333333333334,0.00023766666666666665,c
c,AllHints,syrk,1,SMALL,2.1464968152866244,5.233333333333333e-05,0.00011233333333333333,c
c,AllHints,syrk,2,SMALL,2.717741935483871,4.133333333333333e-05,0.00011233333333333333,c
c,AllHints,syrk,3,SMALL,2.6328125,4.266666666666666e-05,0.00011233333333333333,c
c,AllHints,syrk,4,SMALL,2.2026143790849675,5.1e-05,0.00011233333333333333,c
c,AllHints,syrk,5,SMALL,1.8216216216216214,6.166666666666667e-05,0.00011233333333333333,c
c,ChooseHints,syrk,1,SMALL,0.44576719576719576,0.000252,0.00011233333333333333,c
c,ChooseHints,syrk,2,SMALL,2.8803418803418803,3.9e-05,0.00011233333333333333,c
c,ChooseHints,syrk,3,SMALL,2.9823008849557526,3.766666666666666e-05,0.00011233333333333333,c
c,ChooseHints,syrk,4,SMALL,2.308219178082192,4.8666666666666666e-05,0.00011233333333333333,c
c,ChooseHints,syrk,5,SMALL,2.674603174603175,4.2e-05,0.00011233333333333333,c
c,FromPlan,syrk,1,SMALL,1.7106598984771575,6.566666666666666e-05,0.00011233333333333333,c
c,FromPlan,syrk,2,SMALL,1.1049180327868853,0.00010166666666666667,0.00011233333333333333,c
c,FromPlan,syrk,3,SMALL,1.1233333333333333,0.0001,0.00011233333333333333,c
c,FromPlan,syrk,4,SMALL,0.6370510396975425,0.00017633333333333333,0.00011233333333333333,c
c,FromPlan,syrk,5,SMALL,0.6206261510128914,0.00018099999999999998,0.00011233333333333333,c
c,Naive,syrk,1,SMALL,2.612403100775194,4.2999999999999995e-05,0.00011233333333333333,c
c,Naive,syrk,2,SMALL,0.5616666666666666,0.0002,0.00011233333333333333,c
c,Naive,syrk,3,SMALL,0.6406844106463878,0.00017533333333333333,0.00011233333333333333,c
c,Naive,syrk,4,SMALL,0.5075301204819277,0.00022133333333333334,0.00011233333333333333,c
c,Naive,syrk,5,SMALL,1.0906148867313916,0.000103,0.00011233333333333333,c
c,standard,syrk,1,SMALL,1.0,0.00011233333333333333,0.00011233333333333333,c
exo,AllHints,syrk,1,SMALL,1.9367816091954022,5.8e-05,0.00011233333333333333,c
exo,AllHints,syrk,2,SMALL,2.0179640718562872,5.566666666666667e-05,0.00011233333333333333,c
exo,AllHints,syrk,3,SMALL,2.762295081967213,4.066666666666667e-05,0.00011233333333333333,c
exo,AllHints,syrk,4,SMALL,1.6600985221674875,6.766666666666667e-05,0.00011233333333333333,c
exo,ChooseHints,syrk,1,SMALL,1.6047619047619046,7.000000000000001e-05,0.00011233333333333333,c
exo,ChooseHints,syrk,2,SMALL,1.7552083333333335,6.4e-05,0.00011233333333333333,c
exo,ChooseHints,syrk,4,SMALL,1.9593023255813953,5.7333333333333336e-05,0.00011233333333333333,c
exo,ChooseHints,syrk,5,SMALL,1.1462585034013606,9.8e-05,0.00011233333333333333,c
exo,FromPlan,syrk,2,SMALL,1.1013071895424837,0.000102,0.00011233333333333333,c
exo,Naive,syrk,1,SMALL,1.3699186991869918,8.2e-05,0.00011233333333333333,c
exo,Naive,syrk,2,SMALL,2.8803418803418803,3.9e-05,0.00011233333333333333,c
exo,Naive,syrk,4,SMALL,2.0548780487804876,5.466666666666667e-05,0.00011233333333333333,c
exo,Naive,syrk,5,SMALL,0.5731292517006803,0.000196,0.00011233333333333333,c
exo,standard,syrk,1,SMALL,0.8004750593824228,0.00014033333333333332,0.00011233333333333333,c
exo,standard,syrk,2,SMALL,0.8042959427207638,0.00013966666666666666,0.00011233333333333333,c
exo,standard,syrk,3,SMALL,0.823960880195599,0.00013633333333333333,0.00011233333333333333,c
exo,standard,syrk,4,SMALL,0.8320987654320987,0.000135,0.00011233333333333333,c
exo,standard,syrk,5,SMALL,0.7676537585421412,0.00014633333333333333,0.00011233333333333333,c
halide,AllHints,syrk,2,SMALL,0.1776489193463363,0.0006323333333333334,0.00011233333333333333,c
halide,AllHints,syrk,3,SMALL,0.14793678665496052,0.0007593333333333332,0.00011233333333333333,c
halide,AllHints,syrk,4,SMALL,0.11689212625737079,0.000961,0.00011233333333333333,c
halide,ChooseHints,syrk,1,SMALL,0.03317255635397185,0.003386333333333333,0.00011233333333333333,c
halide,ChooseHints,syrk,3,SMALL,0.15652577798420808,0.0007176666666666667,0.00011233333333333333,c
halide,ChooseHints,syrk,4,SMALL,0.14971123944913373,0.0007503333333333333,0.00011233333333333333,c
halide,FromPlan,syrk,3,SMALL,0.13097551496307813,0.0008576666666666666,0.00011233333333333333,c
halide,FromPlan,syrk,5,SMALL,0.1669970267591675,0.0006726666666666666,0.00011233333333333333,c
halide,Naive,syrk,1,SMALL,0.14898320070733864,0.000754,0.00011233333333333333,c
halide,Naive,syrk,2,SMALL,0.18753478018920422,0.000599,0.00011233333333333333,c
halide,Naive,syrk,5,SMALL,0.11060059074499508,0.0010156666666666667,0.00011233333333333333,c
halide,standard,syrk,1,SMALL,0.5029850746268657,0.00022333333333333333,0.00011233333333333333,c
halide,standard,syrk,2,SMALL,0.5082956259426848,0.00022099999999999998,0.00011233333333333333,c
halide,standard,syrk,3,SMALL,0.4926900584795321,0.000228,0.00011233333333333333,c
halide,standard,syrk,4,SMALL,0.493411420204978,0.00022766666666666668,0.00011233333333333333,c
halide,standard,syrk,5,SMALL,0.4026284348864994,0.000279,0.00011233333333333333,c
noarr,AllHints,syrk,1,SMALL,1.4340425531914893,7.833333333333333e-05,0.00011233333333333333,c
noarr,AllHints,syrk,2,SMALL,0.6346516007532956,0.000177,0.00011233333333333333,c
noarr,AllHints,syrk,3,SMALL,0.8403990024937655,0.00013366666666666667,0.00011233333333333333,c
noarr,AllHints,syrk,4,SMALL,0.5891608391608392,0.00019066666666666668,0.00011233333333333333,c
noarr,AllHints,syrk,5,SMALL,1.199288256227758,9.366666666666666e-05,0.00011233333333333333,c
noarr,ChooseHints,syrk,1,SMALL,1.150170648464164,9.766666666666665e-05,0.00011233333333333333,c
noarr,ChooseHints,syrk,2,SMALL,1.0243161094224924,0.00010966666666666667,0.00011233333333333333,c
noarr,ChooseHints,syrk,3,SMALL,1.199288256227758,9.366666666666666e-05,0.00011233333333333333,c
noarr,ChooseHints,syrk,4,SMALL,0.7342047930283224,0.000153,0.00011233333333333333,c
noarr,FromPlan,syrk,1,SMALL,0.4786931818181818,0.00023466666666666666,0.00011233333333333333,c
noarr,FromPlan,syrk,2,SMALL,0.576068376068376,0.000195,0.00011233333333333333,c
noarr,FromPlan,syrk,3,SMALL,0.5871080139372823,0.0001913333333333333,0.00011233333333333333,c
noarr,FromPlan,syrk,5,SMALL,0.8219512195121951,0.00013666666666666666,0.00011233333333333333,c
noarr,Naive,syrk,1,SMALL,1.2166064981949458,9.233333333333333e-05,0.00011233333333333333,c
noarr,Naive,syrk,2,SMALL,0.6172161172161171,0.000182,0.00011233333333333333,c
noarr,Naive,syrk,3,SMALL,0.7094736842105264,0.00015833333333333332,0.00011233333333333333,c
noarr,Naive,syrk,4,SMALL,1.415966386554622,7.933333333333333e-05,0.00011233333333333333,c
noarr,Naive,syrk,5,SMALL,1.348,8.333333333333333e-05,0.00011233333333333333,c
noarr,standard,syrk,1,SMALL,1.266917293233083,8.866666666666665e-05,0.00011233333333333333,c
noarr,standard,syrk,2,SMALL,0.9034852546916889,0.00012433333333333334,0.00011233333333333333,c
noarr,standard,syrk,4,SMALL,1.301158301158301,8.633333333333334e-05,0.00011233333333333333,c
noarr,standard,syrk,5,SMALL,1.301158301158301,8.633333333333334e-05,0.00011233333333333333,c
c,AllHints,trisolv,3,SMALL,0.9743589743589745,1.3e-05,1.2666666666666667e-05,c
c,AllHints,trisolv,4,SMALL,0.9743589743589745,1.3e-05,1.2666666666666667e-05,c
c,AllHints,trisolv,5,SMALL,0.9500000000000002,1.3333333333333332e-05,1.2666666666666667e-05,c
c,ChooseHints,trisolv,1,SMALL,0.9047619047619048,1.4e-05,1.2666666666666667e-05,c
c,ChooseHints,trisolv,3,SMALL,0.9500000000000002,1.3333333333333332e-05,1.2666666666666667e-05,c
c,FromPlan,trisolv,1,SMALL,1.0,1.2666666666666667e-05,1.2666666666666667e-05,c
c,FromPlan,trisolv,2,SMALL,2.0,6.333333333333333e-06,1.2666666666666667e-05,c
c,FromPlan,trisolv,3,SMALL,1.7272727272727273,7.333333333333333e-06,1.2666666666666667e-05,c
c,FromPlan,trisolv,4,SMALL,1.7272727272727273,7.333333333333333e-06,1.2666666666666667e-05,c
c,FromPlan,trisolv,5,SMALL,0.9047619047619048,1.4e-05,1.2666666666666667e-05,c
c,Naive,trisolv,1,SMALL,0.9743589743589745,1.3e-05,1.2666666666666667e-05,c
c,Naive,trisolv,2,SMALL,1.0,1.2666666666666667e-05,1.2666666666666667e-05,c
c,Naive,trisolv,3,SMALL,1.1176470588235294,1.1333333333333334e-05,1.2666666666666667e-05,c
c,Naive,trisolv,4,SMALL,0.9047619047619048,1.4e-05,1.2666666666666667e-05,c
c,standard,trisolv,1,SMALL,1.0,1.2666666666666667e-05,1.2666666666666667e-05,c
exo,AllHints,trisolv,1,SMALL,0.9743589743589745,1.3e-05,1.2666666666666667e-05,c
exo,AllHints,trisolv,2,SMALL,0.9743589743589745,1.3e-05,1.2666666666666667e-05,c
exo,AllHints,trisolv,3,SMALL,0.8444444444444444,1.5e-05,1.2666666666666667e-05,c
exo,AllHints,trisolv,4,SMALL,0.9268292682926829,1.3666666666666667e-05,1.2666666666666667e-05,c
exo,AllHints,trisolv,5,SMALL,1.0857142857142859,1.1666666666666666e-05,1.2666666666666667e-05,c
exo,ChooseHints,trisolv,1,SMALL,0.9047619047619048,1.4e-05,1.2666666666666667e-05,c
exo,ChooseHints,trisolv,2,SMALL,0.9047619047619048,1.4e-05,1.2666666666666667e-05,c
exo,ChooseHints,trisolv,3,SMALL,0.9500000000000002,1.3333333333333332e-05,1.2666666666666667e-05,c
exo,ChooseHints,trisolv,5,SMALL,1.0857142857142859,1.1666666666666666e-05,1.2666666666666667e-05,c
exo,FromPlan,trisolv,3,SMALL,0.9743589743589745,1.3e-05,1.2666666666666667e-05,c
exo,FromPlan,trisolv,4,SMALL,0.9743589743589745,1.3e-05,1.2666666666666667e-05,c
exo,FromPlan,trisolv,5,SMALL,0.8444444444444444,1.5e-05,1.2666666666666667e-05,c
exo,Naive,trisolv,1,SMALL,0.8444444444444444,1.5e-05,1.2666666666666667e-05,c
exo,Naive,trisolv,3,SMALL,0.8837209302325582,1.4333333333333334e-05,1.2666666666666667e-05,c
exo,Naive,trisolv,4,SMALL,0.9743589743589745,1.3e-05,1.2666666666666667e-05,c
exo,Naive,trisolv,5,SMALL,0.9268292682926829,1.3666666666666667e-05,1.2666666666666667e-05,c
exo,standard,trisolv,1,SMALL,0.9047619047619048,1.4e-05,1.2666666666666667e-05,c
exo,standard,trisolv,2,SMALL,0.9047619047619048,1.4e-05,1.2666666666666667e-05,c
exo,standard,trisolv,3,SMALL,0.9268292682926829,1.3666666666666667e-05,1.2666666666666667e-05,c
exo,standard,trisolv,4,SMALL,0.9500000000000002,1.3333333333333332e-05,1.2666666666666667e-05,c
exo,standard,trisolv,5,SMALL,0.9268292682926829,1.3666666666666667e-05,1.2666666666666667e-05,c
halide,ChooseHints,trisolv,4,SMALL,0.05757575757575757,0.00022,1.2666666666666667e-05,c
halide,FromPlan,trisolv,4,SMALL,0.0647359454855196,0.00019566666666666666,1.2666666666666667e-05,c
halide,Naive,trisolv,5,SMALL,0.09693877551020409,0.00013066666666666665,1.2666666666666667e-05,c
halide,standard,trisolv,2,SMALL,0.06484641638225257,0.0001953333333333333,1.2666666666666667e-05,c
halide,standard,trisolv,3,SMALL,0.06725663716814159,0.00018833333333333332,1.2666666666666667e-05,c
noarr,AllHints,trisolv,1,SMALL,1.5833333333333335,8e-06,1.2666666666666667e-05,c
noarr,AllHints,trisolv,2,SMALL,1.5833333333333335,8e-06,1.2666666666666667e-05,c
noarr,AllHints,trisolv,3,SMALL,1.5833333333333335,8e-06,1.2666666666666667e-05,c
noarr,AllHints,trisolv,4,SMALL,1.5833333333333335,8e-06,1.2666666666666667e-05,c
noarr,AllHints,trisolv,5,SMALL,0.826086956521739,1.5333333333333334e-05,1.2666666666666667e-05,c
noarr,ChooseHints,trisolv,1,SMALL,1.5833333333333335,8e-06,1.2666666666666667e-05,c
noarr,ChooseHints,trisolv,2,SMALL,1.5833333333333335,8e-06,1.2666666666666667e-05,c
noarr,ChooseHints,trisolv,3,SMALL,1.5833333333333335,8e-06,1.2666666666666667e-05,c
noarr,ChooseHints,trisolv,4,SMALL,1.1176470588235294,1.1333333333333334e-05,1.2666666666666667e-05,c
noarr,ChooseHints,trisolv,5,SMALL,1.5833333333333335,8e-06,1.2666666666666667e-05,c
noarr,FromPlan,trisolv,1,SMALL,1.5833333333333335,8e-06,1.2666666666666667e-05,c
noarr,FromPlan,trisolv,2,SMALL,1.5833333333333335,8e-06,1.2666666666666667e-05,c
noarr,FromPlan,trisolv,3,SMALL,1.5833333333333335,8e-06,1.2666666666666667e-05,c
noarr,FromPlan,trisolv,4,SMALL,1.5833333333333335,8e-06,1.2666666666666667e-05,c
noarr,FromPlan,trisolv,5,SMALL,1.5833333333333335,8e-06,1.2666666666666667e-05,c
noarr,Naive,trisolv,1,SMALL,1.5833333333333335,8e-06,1.2666666666666667e-05,c
noarr,Naive,trisolv,2,SMALL,1.5833333333333335,8e-06,1.2666666666666667e-05,c
noarr,Naive,trisolv,3,SMALL,1.5833333333333335,8e-06,1.2666666666666667e-05,c
noarr,Naive,trisolv,4,SMALL,1.5833333333333335,8e-06,1.2666666666666667e-05,c
noarr,Naive,trisolv,5,SMALL,1.5833333333333335,8e-06,1.2666666666666667e-05,c
noarr,standard,trisolv,2,SMALL,1.5833333333333335,8e-06,1.2666666666666667e-05,c
noarr,standard,trisolv,4,SMALL,1.5833333333333335,8e-06,1.2666666666666667e-05,c
noarr,standard,trisolv,5,SMALL,1.5200000000000002,8.333333333333332e-06,1.2666666666666667e-05,c
c,AllHints,trmm,1,SMALL,1.4686648501362398,0.00012233333333333332,0.00017966666666666665,c
c,AllHints,trmm,2,SMALL,3.905797101449275,4.6e-05,0.00017966666666666665,c
c,AllHints,trmm,3,SMALL,3.905797101449275,4.6e-05,0.00017966666666666665,c
c,AllHints,trmm,4,SMALL,3.992592592592592,4.5e-05,0.00017966666666666665,c
c,AllHints,trmm,5,SMALL,0.46345657781599314,0.00038766666666666664,0.00017966666666666665,c
c,ChooseHints,trmm,1,SMALL,3.691780821917808,4.8666666666666666e-05,0.00017966666666666665,c
c,ChooseHints,trmm,2,SMALL,3.6418918918918917,4.933333333333333e-05,0.00017966666666666665,c
c,ChooseHints,trmm,3,SMALL,3.347826086956521,5.366666666666667e-05,0.00017966666666666665,c
c,ChooseHints,trmm,4,SMALL,0.6621621621621621,0.00027133333333333333,0.00017966666666666665,c
c,ChooseHints,trmm,5,SMALL,3.7692307692307687,4.766666666666667e-05,0.00017966666666666665,c
c,FromPlan,trmm,1,SMALL,3.7692307692307687,4.766666666666667e-05,0.00017966666666666665,c
c,FromPlan,trmm,2,SMALL,2.6292682926829265,6.833333333333333e-05,0.00017966666666666665,c
c,FromPlan,trmm,3,SMALL,3.7172413793103445,4.8333333333333334e-05,0.00017966666666666665,c
c,FromPlan,trmm,4,SMALL,2.264705882352941,7.933333333333333e-05,0.00017966666666666665,c
c,FromPlan,trmm,5,SMALL,1.1443736730360934,0.000157,0.00017966666666666665,c
c,Naive,trmm,1,SMALL,3.6666666666666665,4.9e-05,0.00017966666666666665,c
c,Naive,trmm,2,SMALL,3.6666666666666665,4.9e-05,0.00017966666666666665,c
c,Naive,trmm,3,SMALL,2.7927461139896375,6.433333333333333e-05,0.00017966666666666665,c
c,Naive,trmm,4,SMALL,3.8776978417266186,4.633333333333333e-05,0.00017966666666666665,c
c,Naive,trmm,5,SMALL,3.6666666666666665,4.9e-05,0.00017966666666666665,c
c,standard,trmm,1,SMALL,1.0,0.00017966666666666665,0.00017966666666666665,c
exo,AllHints,trmm,1,SMALL,0.12063563115487914,0.0014893333333333332,0.00017966666666666665,c
exo,AllHints,trmm,2,SMALL,0.7373461012311902,0.00024366666666666666,0.00017966666666666665,c
exo,AllHints,trmm,3,SMALL,0.11822768150910286,0.0015196666666666668,0.00017966666666666665,c
exo,AllHints,trmm,4,SMALL,0.004505031593728059,0.03988133333333333,0.00017966666666666665,c
exo,ChooseHints,trmm,2,SMALL,1.3275862068965516,0.00013533333333333333,0.00017966666666666665,c
exo,ChooseHints,trmm,4,SMALL,1.5946745562130176,0.00011266666666666666,0.00017966666666666665,c
exo,FromPlan,trmm,1,SMALL,1.5714285714285714,0.00011433333333333333,0.00017966666666666665,c
exo,FromPlan,trmm,4,SMALL,1.53125,0.00011733333333333333,0.00017966666666666665,c
exo,Naive,trmm,2,SMALL,3.133720930232558,5.7333333333333336e-05,0.00017966666666666665,c
exo,Naive,trmm,3,SMALL,1.2802850356294537,0.00014033333333333332,0.00017966666666666665,c
exo,Naive,trmm,4,SMALL,0.004223045764026545,0.04254433333333333,0.00017966666666666665,c
exo,Naive,trmm,5,SMALL,0.12348224513172966,0.001455,0.00017966666666666665,c
exo,standard,trmm,1,SMALL,0.8421875000000001,0.0002133333333333333,0.00017966666666666665,c
exo,standard,trmm,2,SMALL,0.8305084745762711,0.00021633333333333335,0.00017966666666666665,c
exo,standard,trmm,3,SMALL,0.8068862275449101,0.00022266666666666667,0.00017966666666666665,c
exo,standard,trmm,4,SMALL,0.8305084745762711,0.00021633333333333335,0.00017966666666666665,c
exo,standard,trmm,5,SMALL,0.8191489361702128,0.00021933333333333332,0.00017966666666666665,c
halide,AllHints,trmm,2,SMALL,0.23024348568987607,0.0007803333333333334,0.00017966666666666665,c
halide,AllHints,trmm,4,SMALL,0.18676368676368674,0.0009620000000000001,0.00017966666666666665,c
halide,standard,trmm,1,SMALL,0.8968386023294509,0.00020033333333333331,0.00017966666666666665,c
halide,standard,trmm,4,SMALL,0.9908088235294117,0.00018133333333333334,0.00017966666666666665,c
halide,standard,trmm,5,SMALL,0.9908088235294117,0.00018133333333333334,0.00017966666666666665,c
noarr,AllHints,trmm,1,SMALL,0.06253625710639285,0.002873,0.00017966666666666665,c
noarr,AllHints,trmm,3,SMALL,3.6666666666666665,4.9e-05,0.00017966666666666665,c
noarr,AllHints,trmm,4,SMALL,4.277777777777778,4.2e-05,0.00017966666666666665,c
noarr,AllHints,trmm,5,SMALL,3.347826086956521,5.366666666666667e-05,0.00017966666666666665,c
noarr,ChooseHints,trmm,1,SMALL,3.0799999999999996,5.833333333333333e-05,0.00017966666666666665,c
noarr,ChooseHints,trmm,2,SMALL,1.4335106382978722,0.00012533333333333334,0.00017966666666666665,c
noarr,ChooseHints,trmm,3,SMALL,1.441176470588235,0.00012466666666666667,0.00017966666666666665,c
noarr,ChooseHints,trmm,4,SMALL,3.61744966442953,4.966666666666666e-05,0.00017966666666666665,c
noarr,ChooseHints,trmm,5,SMALL,3.61744966442953,4.966666666666666e-05,0.00017966666666666665,c
noarr,FromPlan,trmm,2,SMALL,2.2742616033755274,7.9e-05,0.00017966666666666665,c
noarr,FromPlan,trmm,3,SMALL,3.266666666666666,5.5e-05,0.00017966666666666665,c
noarr,FromPlan,trmm,4,SMALL,3.347826086956521,5.366666666666667e-05,0.00017966666666666665,c
noarr,FromPlan,trmm,5,SMALL,3.389937106918238,5.300000000000001e-05,0.00017966666666666665,c
noarr,Naive,trmm,1,SMALL,3.593333333333333,5e-05,0.00017966666666666665,c
noarr,Naive,trmm,2,SMALL,3.3271604938271597,5.4000000000000005e-05,0.00017966666666666665,c
noarr,Naive,trmm,3,SMALL,1.4146981627296586,0.000127,0.00017966666666666665,c
noarr,Naive,trmm,4,SMALL,1.3407960199004973,0.000134,0.00017966666666666665,c
noarr,Naive,trmm,5,SMALL,2.8518518518518516,6.3e-05,0.00017966666666666665,c
noarr,standard,trmm,1,SMALL,3.028089887640449,5.933333333333333e-05,0.00017966666666666665,c
noarr,standard,trmm,2,SMALL,1.3715012722646307,0.000131,0.00017966666666666665,c
noarr,standard,trmm,3,SMALL,1.3715012722646307,0.000131,0.00017966666666666665,c
noarr,standard,trmm,4,SMALL,1.0673267326732672,0.00016833333333333335,0.00017966666666666665,c
noarr,standard,trmm,5,SMALL,1.2802850356294537,0.00014033333333333332,0.00017966666666666665,c
