framework,version,algorithm,data_type,repetition,dataset_size,speedup,optimized_time_s,baseline_time_s,baseline_framework
c,AllHints,3mm,DOUBLE,1,SMALL,3.6358118361153267,0.00021966666666666665,0.0007986666666666667,c
c,AllHints,3mm,DOUBLE,2,SMALL,4.404411764705882,0.00018133333333333334,0.0007986666666666667,c
c,AllHints,3mm,DOUBLE,4,SMALL,1.8616938616938619,0.00042899999999999997,0.0007986666666666667,c
c,AllHints,3mm,DOUBLE,5,SMALL,2.2667928098391674,0.00035233333333333335,0.0007986666666666667,c
c,ChooseHints,3mm,DOUBLE,1,SMALL,3.570789865871834,0.00022366666666666664,0.0007986666666666667,c
c,ChooseHints,3mm,DOUBLE,2,SMALL,3.6248108925869893,0.00022033333333333334,0.0007986666666666667,c
c,ChooseHints,3mm,DOUBLE,3,SMALL,3.8397435897435903,0.000208,0.0007986666666666667,c
c,ChooseHints,3mm,DOUBLE,4,SMALL,2.4008016032064132,0.00033266666666666666,0.0007986666666666667,c
c,FromPlan,3mm,DOUBLE,1,SMALL,3.8031746031746034,0.00021,0.0007986666666666667,c
c,FromPlan,3mm,DOUBLE,2,SMALL,2.6921348314606743,0.00029666666666666665,0.0007986666666666667,c
c,FromPlan,3mm,DOUBLE,3,SMALL,3.8152866242038224,0.00020933333333333332,0.0007986666666666667,c
c,FromPlan,3mm,DOUBLE,4,SMALL,3.5654761904761902,0.00022400000000000002,0.0007986666666666667,c
c,FromPlan,3mm,DOUBLE,5,SMALL,3.809220985691574,0.00020966666666666668,0.0007986666666666667,c
c,Naive,3mm,DOUBLE,1,SMALL,4.21830985915493,0.00018933333333333335,0.0007986666666666667,c
c,Naive,3mm,DOUBLE,2,SMALL,3.9668874172185435,0.0002013333333333333,0.0007986666666666667,c
c,Naive,3mm,DOUBLE,3,SMALL,4.188811188811189,0.00019066666666666668,0.0007986666666666667,c
c,Naive,3mm,DOUBLE,4,SMALL,4.380255941499087,0.0001823333333333333,0.0007986666666666667,c
c,Naive,3mm,DOUBLE,5,SMALL,4.233215547703181,0.00018866666666666665,0.0007986666666666667,c
c,standard,3mm,DOUBLE,1,SMALL,1.0,0.0007986666666666667,0.0007986666666666667,c
exo,AllHints,3mm,DOUBLE,3,SMALL,2.5763440860215057,0.00031,0.0007986666666666667,c
exo,AllHints,3mm,DOUBLE,4,SMALL,3.255434782608696,0.00024533333333333335,0.0007986666666666667,c
exo,ChooseHints,3mm,DOUBLE,1,SMALL,2.4251012145748985,0.0003293333333333334,0.0007986666666666667,c
exo,ChooseHints,3mm,DOUBLE,2,SMALL,3.346368715083799,0.00023866666666666668,0.0007986666666666667,c
exo,ChooseHints,3mm,DOUBLE,3,SMALL,2.5247629083245524,0.00031633333333333334,0.0007986666666666667,c
exo,ChooseHints,3mm,DOUBLE,4,SMALL,3.726283048211509,0.00021433333333333333,0.0007986666666666667,c
exo,FromPlan,3mm,DOUBLE,3,SMALL,2.439918533604888,0.00032733333333333334,0.0007986666666666667,c
exo,FromPlan,3mm,DOUBLE,4,SMALL,3.6861538461538466,0.00021666666666666666,0.0007986666666666667,c
exo,FromPlan,3mm,DOUBLE,5,SMALL,2.4008016032064132,0.00033266666666666666,0.0007986666666666667,c
exo,Naive,3mm,DOUBLE,1,SMALL,2.0322307039864294,0.00039299999999999996,0.0007986666666666667,c
exo,Naive,3mm,DOUBLE,2,SMALL,0.7902374670184698,0.0010106666666666667,0.0007986666666666667,c
exo,Naive,3mm,DOUBLE,3,SMALL,2.0443686006825943,0.0003906666666666666,0.0007986666666666667,c
exo,Naive,3mm,DOUBLE,4,SMALL,2.9219512195121955,0.00027333333333333333,0.0007986666666666667,c
exo,Naive,3mm,DOUBLE,5,SMALL,1.9883817427385895,0.00040166666666666665,0.0007986666666666667,c
exo,standard,3mm,DOUBLE,1,SMALL,0.9712201053911634,0.0008223333333333333,0.0007986666666666667,c
exo,standard,3mm,DOUBLE,2,SMALL,0.9641851106639839,0.0008283333333333334,0.0007986666666666667,c
exo,standard,3mm,DOUBLE,3,SMALL,0.9576338928856915,0.000834,0.0007986666666666667,c
exo,standard,3mm,DOUBLE,4,SMALL,0.970433373835561,0.000823,0.0007986666666666667,c
exo,standard,3mm,DOUBLE,5,SMALL,0.9599358974358976,0.000832,0.0007986666666666667,c
halide,standard,3mm,DOUBLE,1,SMALL,0.040091695530679525,0.019920999999999998,0.0007986666666666667,c
halide,standard,3mm,DOUBLE,2,SMALL,0.04012325005023779,0.019905333333333334,0.0007986666666666667,c
halide,standard,3mm,DOUBLE,3,SMALL,1.7200287150035893,0.00046433333333333336,0.0007986666666666667,c
halide,standard,3mm,DOUBLE,4,SMALL,1.808301886792453,0.00044166666666666665,0.0007986666666666667,c
halide,standard,3mm,DOUBLE,5,SMALL,0.040076272036931725,0.019928666666666667,0.0007986666666666667,c
noarr,AllHints,3mm,DOUBLE,1,SMALL,1.5804749340369395,0.0005053333333333333,0.0007986666666666667,c
noarr,AllHints,3mm,DOUBLE,2,SMALL,4.820925553319919,0.0001656666666666667,0.0007986666666666667,c
noarr,AllHints,3mm,DOUBLE,3,SMALL,0.313982440047176,0.0025436666666666667,0.0007986666666666667,c
noarr,AllHints,3mm,DOUBLE,4,SMALL,4.563809523809524,0.000175,0.0007986666666666667,c
noarr,AllHints,3mm,DOUBLE,5,SMALL,1.380184331797235,0.0005786666666666667,0.0007986666666666667,c
noarr,ChooseHints,3mm,DOUBLE,1,SMALL,4.563809523809524,0.000175,0.0007986666666666667,c
noarr,ChooseHints,3mm,DOUBLE,2,SMALL,4.324909747292419,0.00018466666666666666,0.0007986666666666667,c
noarr,ChooseHints,3mm,DOUBLE,3,SMALL,1.7089871611982883,0.0004673333333333333,0.0007986666666666667,c
noarr,ChooseHints,3mm,DOUBLE,4,SMALL,1.5488041370394312,0.0005156666666666667,0.0007986666666666667,c
noarr,ChooseHints,3mm,DOUBLE,5,SMALL,4.598848368522074,0.00017366666666666667,0.0007986666666666667,c
noarr,FromPlan,3mm,DOUBLE,1,SMALL,1.5899137358991373,0.0005023333333333334,0.0007986666666666667,c
noarr,FromPlan,3mm,DOUBLE,2,SMALL,1.5660130718954248,0.00051,0.0007986666666666667,c
noarr,FromPlan,3mm,DOUBLE,3,SMALL,4.555133079847909,0.00017533333333333333,0.0007986666666666667,c
noarr,FromPlan,3mm,DOUBLE,4,SMALL,1.5732107682206173,0.0005076666666666667,0.0007986666666666667,c
noarr,FromPlan,3mm,DOUBLE,5,SMALL,0.7162929745889388,0.0011149999999999999,0.0007986666666666667,c
noarr,Naive,3mm,DOUBLE,1,SMALL,4.598848368522074,0.00017366666666666667,0.0007986666666666667,c
noarr,Naive,3mm,DOUBLE,2,SMALL,4.909836065573771,0.00016266666666666667,0.0007986666666666667,c
noarr,Naive,3mm,DOUBLE,3,SMALL,4.820925553319919,0.0001656666666666667,0.0007986666666666667,c
noarr,Naive,3mm,DOUBLE,4,SMALL,4.735177865612648,0.00016866666666666666,0.0007986666666666667,c
noarr,Naive,3mm,DOUBLE,5,SMALL,4.607692307692307,0.00017333333333333336,0.0007986666666666667,c
noarr,standard,3mm,DOUBLE,1,SMALL,0.7247428917120389,0.001102,0.0007986666666666667,c
noarr,standard,3mm,DOUBLE,2,SMALL,0.7962778331671653,0.001003,0.0007986666666666667,c
noarr,standard,3mm,DOUBLE,3,SMALL,4.503759398496242,0.0001773333333333333,0.0007986666666666667,c
noarr,standard,3mm,DOUBLE,4,SMALL,4.470149253731343,0.00017866666666666668,0.0007986666666666667,c
noarr,standard,3mm,DOUBLE,5,SMALL,0.6787535410764872,0.0011766666666666668,0.0007986666666666667,c
c,AllHints,adi,DOUBLE,1,SMALL,0.6994883837960245,0.003974333333333333,0.00278,c
c,AllHints,adi,DOUBLE,2,SMALL,1.0973684210526315,0.002533333333333333,0.00278,c
c,AllHints,adi,DOUBLE,3,SMALL,1.1122966124299813,0.002499333333333333,0.00278,c
c,AllHints,adi,DOUBLE,4,SMALL,1.0924810060256744,0.002544666666666667,0.00278,c
c,AllHints,adi,DOUBLE,5,SMALL,0.7111793297518546,0.003909,0.00278,c
c,ChooseHints,adi,DOUBLE,2,SMALL,0.6807051909892262,0.004084,0.00278,c
c,ChooseHints,adi,DOUBLE,3,SMALL,1.002283379401514,0.002773666666666667,0.00278,c
c,ChooseHints,adi,DOUBLE,4,SMALL,0.6792084045932079,0.004093,0.00278,c
c,ChooseHints,adi,DOUBLE,5,SMALL,0.6865327625946659,0.004049333333333333,0.00278,c
c,FromPlan,adi,DOUBLE,1,SMALL,1.4302864002743954,0.0019436666666666667,0.00278,c
c,FromPlan,adi,DOUBLE,2,SMALL,2.2601626016260163,0.00123,0.00278,c
c,FromPlan,adi,DOUBLE,3,SMALL,1.40973630831643,0.001972,0.00278,c
c,FromPlan,adi,DOUBLE,4,SMALL,0.8362578963200642,0.0033243333333333332,0.00278,c
c,FromPlan,adi,DOUBLE,5,SMALL,1.3837730214036834,0.002009,0.00278,c
c,Naive,adi,DOUBLE,1,SMALL,1.0027654202236382,0.0027723333333333332,0.00278,c
c,Naive,adi,DOUBLE,2,SMALL,0.8867623604465709,0.003135,0.00278,c
c,Naive,adi,DOUBLE,3,SMALL,1.4104515474378487,0.001971,0.00278,c
c,Naive,adi,DOUBLE,4,SMALL,0.7198342827550491,0.0038620000000000004,0.00278,c
c,Naive,adi,DOUBLE,5,SMALL,1.1792986425339367,0.0023573333333333332,0.00278,c
c,standard,adi,DOUBLE,1,SMALL,1.0,0.00278,0.00278,c
exo,AllHints,adi,DOUBLE,1,SMALL,0.6742663109386369,0.004123,0.00278,c
exo,AllHints,adi,DOUBLE,2,SMALL,0.6862503085657862,0.004051,0.00278,c
exo,AllHints,adi,DOUBLE,3,SMALL,0.6982585398526456,0.003981333333333333,0.00278,c
exo,AllHints,adi,DOUBLE,5,SMALL,0.6832705226937572,0.004068666666666667,0.00278,c
exo,ChooseHints,adi,DOUBLE,1,SMALL,0.6903402036255276,0.004027,0.00278,c
exo,ChooseHints,adi,DOUBLE,2,SMALL,0.6798728295426755,0.004089,0.00278,c
exo,ChooseHints,adi,DOUBLE,4,SMALL,0.6928636703497548,0.004012333333333334,0.00278,c
exo,ChooseHints,adi,DOUBLE,5,SMALL,0.6635372742461612,0.004189666666666667,0.00278,c
exo,FromPlan,adi,DOUBLE,2,SMALL,1.144189875154342,0.0024296666666666668,0.00278,c
exo,FromPlan,adi,DOUBLE,4,SMALL,0.2826926988000813,0.009834,0.00278,c
exo,Naive,adi,DOUBLE,1,SMALL,0.6803720019579051,0.004085999999999999,0.00278,c
exo,Naive,adi,DOUBLE,2,SMALL,0.6906832298136646,0.004025,0.00278,c
exo,Naive,adi,DOUBLE,4,SMALL,0.6574176257291503,0.004228666666666666,0.00278,c
exo,standard,adi,DOUBLE,2,SMALL,0.7276217065084627,0.0038206666666666667,0.00278,c
exo,standard,adi,DOUBLE,3,SMALL,0.7216405641602492,0.003852333333333333,0.00278,c
exo,standard,adi,DOUBLE,4,SMALL,0.7252173913043478,0.003833333333333333,0.00278,c
halide,AllHints,adi,DOUBLE,1,SMALL,0.011524096277330002,0.24123366666666665,0.00278,c
halide,AllHints,adi,DOUBLE,3,SMALL,0.018995125950895093,0.14635333333333334,0.00278,c
halide,ChooseHints,adi,DOUBLE,1,SMALL,0.06908434253905667,0.04024066666666667,0.00278,c
halide,ChooseHints,adi,DOUBLE,2,SMALL,0.7559140759539563,0.0036776666666666663,0.00278,c
halide,ChooseHints,adi,DOUBLE,3,SMALL,0.0091538907328381,0.303696,0.00278,c
halide,ChooseHints,adi,DOUBLE,4,SMALL,1.123383620689655,0.0024746666666666667,0.00278,c
halide,FromPlan,adi,DOUBLE,3,SMALL,1.0866449511400653,0.002558333333333333,0.00278,c
halide,Naive,adi,DOUBLE,2,SMALL,0.8647863956864372,0.0032146666666666665,0.00278,c
halide,Naive,adi,DOUBLE,4,SMALL,0.2780834250275082,0.009997,0.00278,c
halide,standard,adi,DOUBLE,1,SMALL,0.8816999682841737,0.003153,0.00278,c
halide,standard,adi,DOUBLE,2,SMALL,0.8825396825396825,0.00315,0.00278,c
halide,standard,adi,DOUBLE,3,SMALL,0.8827265029635901,0.0031493333333333334,0.00278,c
halide,standard,adi,DOUBLE,5,SMALL,0.8779871565427939,0.0031663333333333335,0.00278,c
noarr,AllHints,adi,DOUBLE,1,SMALL,0.4240174894504042,0.006556333333333333,0.00278,c
noarr,AllHints,adi,DOUBLE,2,SMALL,0.7597012206230642,0.0036593333333333334,0.00278,c
noarr,AllHints,adi,DOUBLE,3,SMALL,0.4307628738185011,0.006453666666666667,0.00278,c
noarr,AllHints,adi,DOUBLE,4,SMALL,0.4385088595614911,0.006339666666666667,0.00278,c
noarr,AllHints,adi,DOUBLE,5,SMALL,1.0010803024846957,0.002777,0.00278,c
noarr,ChooseHints,adi,DOUBLE,1,SMALL,0.4378872204137352,0.0063486666666666665,0.00278,c
noarr,ChooseHints,adi,DOUBLE,2,SMALL,1.3484236054971706,0.0020616666666666665,0.00278,c
noarr,ChooseHints,adi,DOUBLE,3,SMALL,0.43966471611576785,0.006323,0.00278,c
noarr,ChooseHints,adi,DOUBLE,4,SMALL,0.43029615106800123,0.006460666666666667,0.00278,c
noarr,ChooseHints,adi,DOUBLE,5,SMALL,0.431297512540725,0.006445666666666666,0.00278,c
noarr,FromPlan,adi,DOUBLE,1,SMALL,0.8933161953727505,0.003112,0.00278,c
noarr,FromPlan,adi,DOUBLE,2,SMALL,0.4355318815603948,0.006383,0.00278,c
noarr,FromPlan,adi,DOUBLE,3,SMALL,0.44059379787627445,0.006309666666666667,0.00278,c
noarr,FromPlan,adi,DOUBLE,4,SMALL,1.2513128282070518,0.0022216666666666665,0.00278,c
noarr,FromPlan,adi,DOUBLE,5,SMALL,1.0714285714285714,0.0025946666666666666,0.00278,c
noarr,Naive,adi,DOUBLE,1,SMALL,1.0115221346270467,0.0027483333333333335,0.00278,c
noarr,Naive,adi,DOUBLE,2,SMALL,1.017321297877531,0.0027326666666666667,0.00278,c
noarr,Naive,adi,DOUBLE,5,SMALL,1.007003139338324,0.0027606666666666665,0.00278,c
noarr,standard,adi,DOUBLE,1,SMALL,1.0054249547920433,0.002765,0.00278,c
noarr,standard,adi,DOUBLE,3,SMALL,0.9273879684198822,0.0029976666666666663,0.00278,c
noarr,standard,adi,DOUBLE,4,SMALL,1.02306182531894,0.0027173333333333333,0.00278,c
noarr,standard,adi,DOUBLE,5,SMALL,1.0191861175607968,0.0027276666666666664,0.00278,c
c,AllHints,atax,DOUBLE,1,SMALL,0.2819277108433735,0.00013833333333333333,3.9e-05,c
c,AllHints,atax,DOUBLE,2,SMALL,0.36,0.00010833333333333333,3.9e-05,c
c,AllHints,atax,DOUBLE,3,SMALL,2.2941176470588234,1.7e-05,3.9e-05,c
c,AllHints,atax,DOUBLE,4,SMALL,0.3103448275862069,0.00012566666666666667,3.9e-05,c
c,AllHints,atax,DOUBLE,5,SMALL,0.30000000000000004,0.00013,3.9e-05,c
c,ChooseHints,atax,DOUBLE,1,SMALL,2.0172413793103448,1.9333333333333333e-05,3.9e-05,c
c,ChooseHints,atax,DOUBLE,2,SMALL,1.625,2.4e-05,3.9e-05,c
c,ChooseHints,atax,DOUBLE,3,SMALL,0.48749999999999993,8e-05,3.9e-05,c
c,ChooseHints,atax,DOUBLE,4,SMALL,0.22807017543859648,0.000171,3.9e-05,c
c,ChooseHints,atax,DOUBLE,5,SMALL,0.24074074074074073,0.000162,3.9e-05,c
c,FromPlan,atax,DOUBLE,1,SMALL,1.581081081081081,2.466666666666667e-05,3.9e-05,c
c,FromPlan,atax,DOUBLE,3,SMALL,2.3877551020408165,1.633333333333333e-05,3.9e-05,c
c,FromPlan,atax,DOUBLE,4,SMALL,1.0353982300884954,3.766666666666667e-05,3.9e-05,c
c,FromPlan,atax,DOUBLE,5,SMALL,0.9069767441860466,4.2999999999999995e-05,3.9e-05,c
c,Naive,atax,DOUBLE,1,SMALL,1.073394495412844,3.633333333333333e-05,3.9e-05,c
c,Naive,atax,DOUBLE,2,SMALL,1.0636363636363637,3.6666666666666666e-05,3.9e-05,c
c,Naive,atax,DOUBLE,3,SMALL,1.0636363636363637,3.6666666666666666e-05,3.9e-05,c
c,Naive,atax,DOUBLE,4,SMALL,0.9512195121951219,4.1e-05,3.9e-05,c
c,standard,atax,DOUBLE,1,SMALL,1.0,3.9e-05,3.9e-05,c
exo,AllHints,atax,DOUBLE,1,SMALL,0.6802325581395349,5.7333333333333336e-05,3.9e-05,c
exo,AllHints,atax,DOUBLE,2,SMALL,0.4301470588235294,9.066666666666667e-05,3.9e-05,c
exo,AllHints,atax,DOUBLE,4,SMALL,0.42857142857142855,9.1e-05,3.9e-05,c
exo,ChooseHints,atax,DOUBLE,1,SMALL,0.37864077669902907,0.00010300000000000001,3.9e-05,c
exo,ChooseHints,atax,DOUBLE,2,SMALL,0.6290322580645161,6.2e-05,3.9e-05,c
exo,ChooseHints,atax,DOUBLE,3,SMALL,0.5467289719626168,7.133333333333334e-05,3.9e-05,c
exo,ChooseHints,atax,DOUBLE,4,SMALL,0.44150943396226416,8.833333333333333e-05,3.9e-05,c
exo,ChooseHints,atax,DOUBLE,5,SMALL,1.0086206896551724,3.866666666666667e-05,3.9e-05,c
exo,FromPlan,atax,DOUBLE,1,SMALL,0.7312500000000001,5.3333333333333326e-05,3.9e-05,c
exo,FromPlan,atax,DOUBLE,2,SMALL,0.6802325581395349,5.7333333333333336e-05,3.9e-05,c
exo,FromPlan,atax,DOUBLE,4,SMALL,1.2580645161290323,3.1e-05,3.9e-05,c
exo,Naive,atax,DOUBLE,4,SMALL,0.5492957746478874,7.099999999999999e-05,3.9e-05,c
exo,standard,atax,DOUBLE,1,SMALL,0.9749999999999999,4e-05,3.9e-05,c
exo,standard,atax,DOUBLE,2,SMALL,1.0636363636363637,3.6666666666666666e-05,3.9e-05,c
exo,standard,atax,DOUBLE,3,SMALL,0.8731343283582088,4.466666666666667e-05,3.9e-05,c
exo,standard,atax,DOUBLE,4,SMALL,0.9749999999999999,4e-05,3.9e-05,c
exo,standard,atax,DOUBLE,5,SMALL,0.9669421487603305,4.0333333333333336e-05,3.9e-05,c
halide,Naive,atax,DOUBLE,2,SMALL,0.01459398777597605,0.0026723333333333334,3.9e-05,c
halide,standard,atax,DOUBLE,1,SMALL,0.6030927835051547,6.466666666666666e-05,3.9e-05,c
halide,standard,atax,DOUBLE,2,SMALL,0.7697368421052632,5.066666666666667e-05,3.9e-05,c
halide,standard,atax,DOUBLE,3,SMALL,0.7548387096774194,5.1666666666666664e-05,3.9e-05,c
halide,standard,atax,DOUBLE,4,SMALL,0.609375,6.4e-05,3.9e-05,c
halide,standard,atax,DOUBLE,5,SMALL,0.65,5.9999999999999995e-05,3.9e-05,c
noarr,AllHints,atax,DOUBLE,1,SMALL,1.3448275862068966,2.9e-05,3.9e-05,c
noarr,AllHints,atax,DOUBLE,2,SMALL,1.7727272727272725,2.2000000000000003e-05,3.9e-05,c
noarr,AllHints,atax,DOUBLE,3,SMALL,0.016245487364620937,0.002400666666666667,3.9e-05,c
noarr,AllHints,atax,DOUBLE,4,SMALL,1.3295454545454546,2.9333333333333333e-05,3.9e-05,c
noarr,AllHints,atax,DOUBLE,5,SMALL,0.017660377358490565,0.0022083333333333334,3.9e-05,c
noarr,ChooseHints,atax,DOUBLE,1,SMALL,1.3295454545454546,2.9333333333333333e-05,3.9e-05,c
noarr,ChooseHints,atax,DOUBLE,2,SMALL,1.5,2.6e-05,3.9e-05,c
noarr,ChooseHints,atax,DOUBLE,3,SMALL,1.3448275862068966,2.9e-05,3.9e-05,c
noarr,ChooseHints,atax,DOUBLE,4,SMALL,1.3295454545454546,2.9333333333333333e-05,3.9e-05,c
noarr,ChooseHints,atax,DOUBLE,5,SMALL,1.1818181818181817,3.3e-05,3.9e-05,c
noarr,FromPlan,atax,DOUBLE,2,SMALL,0.6923076923076923,5.633333333333333e-05,3.9e-05,c
noarr,FromPlan,atax,DOUBLE,4,SMALL,0.7647058823529411,5.1e-05,3.9e-05,c
noarr,Naive,atax,DOUBLE,1,SMALL,1.1938775510204083,3.266666666666666e-05,3.9e-05,c
noarr,Naive,atax,DOUBLE,2,SMALL,2.052631578947368,1.9e-05,3.9e-05,c
noarr,Naive,atax,DOUBLE,3,SMALL,1.1818181818181817,3.3e-05,3.9e-05,c
noarr,Naive,atax,DOUBLE,4,SMALL,2.1272727272727274,1.8333333333333333e-05,3.9e-05,c
noarr,Naive,atax,DOUBLE,5,SMALL,1.7727272727272725,2.2000000000000003e-05,3.9e-05,c
noarr,standard,atax,DOUBLE,1,SMALL,1.1818181818181817,3.3e-05,3.9e-05,c
noarr,standard,atax,DOUBLE,2,SMALL,1.3146067415730338,2.9666666666666665e-05,3.9e-05,c
noarr,standard,atax,DOUBLE,3,SMALL,1.1584158415841583,3.366666666666667e-05,3.9e-05,c
noarr,standard,atax,DOUBLE,4,SMALL,1.1584158415841583,3.366666666666667e-05,3.9e-05,c
noarr,standard,atax,DOUBLE,5,SMALL,1.17,3.3333333333333335e-05,3.9e-05,c
c,AllHints,bicg,DOUBLE,1,SMALL,0.43243243243243235,0.00012333333333333334,5.3333333333333326e-05,c
c,AllHints,bicg,DOUBLE,3,SMALL,0.4456824512534818,0.00011966666666666667,5.3333333333333326e-05,c
c,AllHints,bicg,DOUBLE,4,SMALL,0.41884816753926696,0.00012733333333333333,5.3333333333333326e-05,c
c,AllHints,bicg,DOUBLE,5,SMALL,0.47058823529411753,0.00011333333333333334,5.3333333333333326e-05,c
c,ChooseHints,bicg,DOUBLE,1,SMALL,2.5,2.133333333333333e-05,5.3333333333333326e-05,c
c,ChooseHints,bicg,DOUBLE,2,SMALL,0.4312668463611859,0.00012366666666666667,5.3333333333333326e-05,c
c,ChooseHints,bicg,DOUBLE,3,SMALL,0.43360433604336046,0.00012299999999999998,5.3333333333333326e-05,c
c,ChooseHints,bicg,DOUBLE,4,SMALL,2.4242424242424234,2.2000000000000003e-05,5.3333333333333326e-05,c
c,ChooseHints,bicg,DOUBLE,5,SMALL,0.42105263157894735,0.00012666666666666666,5.3333333333333326e-05,c
c,FromPlan,bicg,DOUBLE,1,SMALL,0.4545454545454545,0.00011733333333333333,5.3333333333333326e-05,c
c,FromPlan,bicg,DOUBLE,2,SMALL,2.4242424242424234,2.2000000000000003e-05,5.3333333333333326e-05,c
c,FromPlan,bicg,DOUBLE,3,SMALL,2.3188405797101446,2.3e-05,5.3333333333333326e-05,c
c,FromPlan,bicg,DOUBLE,4,SMALL,2.580645161290322,2.0666666666666666e-05,5.3333333333333326e-05,c
c,FromPlan,bicg,DOUBLE,5,SMALL,2.5,2.133333333333333e-05,5.3333333333333326e-05,c
c,Naive,bicg,DOUBLE,1,SMALL,2.4615384615384617,2.1666666666666664e-05,5.3333333333333326e-05,c
c,Naive,bicg,DOUBLE,2,SMALL,2.4615384615384617,2.1666666666666664e-05,5.3333333333333326e-05,c
c,Naive,bicg,DOUBLE,3,SMALL,2.4242424242424234,2.2000000000000003e-05,5.3333333333333326e-05,c
c,Naive,bicg,DOUBLE,4,SMALL,2.4615384615384617,2.1666666666666664e-05,5.3333333333333326e-05,c
c,Naive,bicg,DOUBLE,5,SMALL,2.5,2.133333333333333e-05,5.3333333333333326e-05,c
c,standard,bicg,DOUBLE,1,SMALL,1.0,5.3333333333333326e-05,5.3333333333333326e-05,c
exo,AllHints,bicg,DOUBLE,2,SMALL,0.9248554913294796,5.766666666666667e-05,5.3333333333333326e-05,c
exo,AllHints,bicg,DOUBLE,3,SMALL,0.9411764705882352,5.6666666666666664e-05,5.3333333333333326e-05,c
exo,AllHints,bicg,DOUBLE,4,SMALL,0.9815950920245397,5.433333333333334e-05,5.3333333333333326e-05,c
exo,AllHints,bicg,DOUBLE,5,SMALL,0.9523809523809521,5.6000000000000006e-05,5.3333333333333326e-05,c
exo,ChooseHints,bicg,DOUBLE,1,SMALL,0.9195402298850573,5.8e-05,5.3333333333333326e-05,c
exo,ChooseHints,bicg,DOUBLE,2,SMALL,2.0779220779220777,2.5666666666666666e-05,5.3333333333333326e-05,c
exo,ChooseHints,bicg,DOUBLE,4,SMALL,0.9815950920245397,5.433333333333334e-05,5.3333333333333326e-05,c
exo,ChooseHints,bicg,DOUBLE,5,SMALL,0.5047318611987381,0.00010566666666666667,5.3333333333333326e-05,c
exo,FromPlan,bicg,DOUBLE,2,SMALL,0.8888888888888888,5.9999999999999995e-05,5.3333333333333326e-05,c
exo,Naive,bicg,DOUBLE,1,SMALL,1.0,5.3333333333333326e-05,5.3333333333333326e-05,c
exo,Naive,bicg,DOUBLE,2,SMALL,0.9248554913294796,5.766666666666667e-05,5.3333333333333326e-05,c
exo,Naive,bicg,DOUBLE,3,SMALL,1.7777777777777777,2.9999999999999997e-05,5.3333333333333326e-05,c
exo,Naive,bicg,DOUBLE,4,SMALL,0.9638554216867469,5.5333333333333334e-05,5.3333333333333326e-05,c
exo,Naive,bicg,DOUBLE,5,SMALL,0.9937888198757762,5.366666666666667e-05,5.3333333333333326e-05,c
exo,standard,bicg,DOUBLE,1,SMALL,1.0062893081761006,5.2999999999999994e-05,5.3333333333333326e-05,c
exo,standard,bicg,DOUBLE,2,SMALL,0.6477732793522266,8.233333333333333e-05,5.3333333333333326e-05,c
exo,standard,bicg,DOUBLE,3,SMALL,0.8121827411167513,6.566666666666666e-05,5.3333333333333326e-05,c
exo,standard,bicg,DOUBLE,4,SMALL,0.9876543209876542,5.4000000000000005e-05,5.3333333333333326e-05,c
exo,standard,bicg,DOUBLE,5,SMALL,0.9876543209876544,5.399999999999999e-05,5.3333333333333326e-05,c
halide,AllHints,bicg,DOUBLE,5,SMALL,0.05899705014749262,0.000904,5.3333333333333326e-05,c
halide,FromPlan,bicg,DOUBLE,1,SMALL,0.016477857878475794,0.0032366666666666668,5.3333333333333326e-05,c
halide,FromPlan,bicg,DOUBLE,4,SMALL,0.030941790756140005,0.0017236666666666667,5.3333333333333326e-05,c
halide,standard,bicg,DOUBLE,1,SMALL,0.7239819004524887,7.366666666666666e-05,5.3333333333333326e-05,c
halide,standard,bicg,DOUBLE,2,SMALL,0.9638554216867469,5.5333333333333334e-05,5.3333333333333326e-05,c
halide,standard,bicg,DOUBLE,3,SMALL,0.7547169811320753,7.066666666666667e-05,5.3333333333333326e-05,c
halide,standard,bicg,DOUBLE,4,SMALL,0.8040201005025124,6.633333333333334e-05,5.3333333333333326e-05,c
halide,standard,bicg,DOUBLE,5,SMALL,0.7547169811320753,7.066666666666667e-05,5.3333333333333326e-05,c
noarr,AllHints,bicg,DOUBLE,1,SMALL,2.666666666666666,2e-05,5.3333333333333326e-05,c
noarr,AllHints,bicg,DOUBLE,2,SMALL,0.02261484098939929,0.0023583333333333334,5.3333333333333326e-05,c
noarr,AllHints,bicg,DOUBLE,3,SMALL,3.137254901960784,1.7e-05,5.3333333333333326e-05,c
noarr,AllHints,bicg,DOUBLE,4,SMALL,3.809523809523809,1.4e-05,5.3333333333333326e-05,c
noarr,AllHints,bicg,DOUBLE,5,SMALL,3.137254901960784,1.7e-05,5.3333333333333326e-05,c
noarr,ChooseHints,bicg,DOUBLE,1,SMALL,2.5396825396825395,2.1e-05,5.3333333333333326e-05,c
noarr,ChooseHints,bicg,DOUBLE,2,SMALL,1.2121212121212117,4.4000000000000006e-05,5.3333333333333326e-05,c
noarr,ChooseHints,bicg,DOUBLE,3,SMALL,3.137254901960784,1.7e-05,5.3333333333333326e-05,c
noarr,ChooseHints,bicg,DOUBLE,4,SMALL,3.137254901960784,1.7e-05,5.3333333333333326e-05,c
noarr,ChooseHints,bicg,DOUBLE,5,SMALL,3.137254901960784,1.7e-05,5.3333333333333326e-05,c
noarr,FromPlan,bicg,DOUBLE,2,SMALL,2.666666666666666,2e-05,5.3333333333333326e-05,c
noarr,FromPlan,bicg,DOUBLE,5,SMALL,2.5396825396825395,2.1e-05,5.3333333333333326e-05,c
noarr,Naive,bicg,DOUBLE,1,SMALL,3.137254901960784,1.7e-05,5.3333333333333326e-05,c
noarr,Naive,bicg,DOUBLE,2,SMALL,3.137254901960784,1.7e-05,5.3333333333333326e-05,c
noarr,Naive,bicg,DOUBLE,3,SMALL,3.137254901960784,1.7e-05,5.3333333333333326e-05,c
noarr,Naive,bicg,DOUBLE,4,SMALL,3.137254901960784,1.7e-05,5.3333333333333326e-05,c
noarr,Naive,bicg,DOUBLE,5,SMALL,3.137254901960784,1.7e-05,5.3333333333333326e-05,c
noarr,standard,bicg,DOUBLE,1,SMALL,1.185185185185185,4.5e-05,5.3333333333333326e-05,c
noarr,standard,bicg,DOUBLE,2,SMALL,1.185185185185185,4.5e-05,5.3333333333333326e-05,c
noarr,standard,bicg,DOUBLE,3,SMALL,1.185185185185185,4.5e-05,5.3333333333333326e-05,c
noarr,standard,bicg,DOUBLE,4,SMALL,1.185185185185185,4.5e-05,5.3333333333333326e-05,c
noarr,standard,bicg,DOUBLE,5,SMALL,1.185185185185185,4.5e-05,5.3333333333333326e-05,c
c,AllHints,cholesky,DOUBLE,1,SMALL,1.1307692307692305,0.0003466666666666667,0.000392,c
c,AllHints,cholesky,DOUBLE,2,SMALL,1.1795386158475425,0.00033233333333333335,0.000392,c
c,AllHints,cholesky,DOUBLE,3,SMALL,1.0025575447570332,0.000391,0.000392,c
c,AllHints,cholesky,DOUBLE,4,SMALL,1.0604147880973849,0.00036966666666666674,0.000392,c
c,AllHints,cholesky,DOUBLE,5,SMALL,1.168986083499006,0.0003353333333333333,0.000392,c
c,ChooseHints,cholesky,DOUBLE,1,SMALL,1.106302916274694,0.0003543333333333334,0.000392,c
c,ChooseHints,cholesky,DOUBLE,3,SMALL,1.168986083499006,0.0003353333333333333,0.000392,c
c,ChooseHints,cholesky,DOUBLE,5,SMALL,1.1914893617021276,0.00032900000000000003,0.000392,c
c,FromPlan,cholesky,DOUBLE,1,SMALL,1.8204334365325077,0.00021533333333333333,0.000392,c
c,FromPlan,cholesky,DOUBLE,2,SMALL,1.168986083499006,0.0003353333333333333,0.000392,c
c,FromPlan,cholesky,DOUBLE,3,SMALL,1.155206286836935,0.00033933333333333336,0.000392,c
c,FromPlan,cholesky,DOUBLE,4,SMALL,1.5096277278562258,0.00025966666666666667,0.000392,c
c,FromPlan,cholesky,DOUBLE,5,SMALL,2.684931506849315,0.000146,0.000392,c
c,Naive,cholesky,DOUBLE,1,SMALL,1.1987767584097857,0.00032700000000000003,0.000392,c
c,Naive,cholesky,DOUBLE,2,SMALL,1.168986083499006,0.0003353333333333333,0.000392,c
c,Naive,cholesky,DOUBLE,3,SMALL,1.1264367816091954,0.000348,0.000392,c
c,Naive,cholesky,DOUBLE,4,SMALL,1.0788990825688072,0.00036333333333333335,0.000392,c
c,Naive,cholesky,DOUBLE,5,SMALL,1.0642533936651584,0.00036833333333333336,0.000392,c
c,standard,cholesky,DOUBLE,1,SMALL,1.0,0.000392,0.000392,c
exo,AllHints,cholesky,DOUBLE,1,SMALL,1.1253588516746411,0.0003483333333333333,0.000392,c
exo,AllHints,cholesky,DOUBLE,2,SMALL,1.101123595505618,0.000356,0.000392,c
exo,AllHints,cholesky,DOUBLE,3,SMALL,0.9719008264462811,0.0004033333333333333,0.000392,c
exo,AllHints,cholesky,DOUBLE,5,SMALL,0.9751243781094526,0.000402,0.000392,c
exo,ChooseHints,cholesky,DOUBLE,2,SMALL,1.1428571428571428,0.000343,0.000392,c
exo,ChooseHints,cholesky,DOUBLE,3,SMALL,1.0838709677419356,0.00036166666666666666,0.000392,c
exo,ChooseHints,cholesky,DOUBLE,4,SMALL,0.953771289537713,0.00041099999999999996,0.000392,c
exo,ChooseHints,cholesky,DOUBLE,5,SMALL,1.1031894934333957,0.00035533333333333337,0.000392,c
exo,FromPlan,cholesky,DOUBLE,1,SMALL,1.1666666666666667,0.000336,0.000392,c
exo,FromPlan,cholesky,DOUBLE,2,SMALL,1.1329479768786128,0.00034599999999999995,0.000392,c
exo,FromPlan,cholesky,DOUBLE,4,SMALL,1.1655104063429138,0.0003363333333333333,0.000392,c
exo,FromPlan,cholesky,DOUBLE,5,SMALL,1.072992700729927,0.00036533333333333334,0.000392,c
exo,Naive,cholesky,DOUBLE,1,SMALL,0.4239365537130498,0.0009246666666666666,0.000392,c
exo,Naive,cholesky,DOUBLE,3,SMALL,1.1210676835081028,0.0003496666666666667,0.000392,c
exo,Naive,cholesky,DOUBLE,4,SMALL,1.1031894934333957,0.00035533333333333337,0.000392,c
exo,Naive,cholesky,DOUBLE,5,SMALL,0.3475177304964539,0.0011279999999999999,0.000392,c
exo,standard,cholesky,DOUBLE,1,SMALL,0.9238020424194814,0.00042433333333333337,0.000392,c
exo,standard,cholesky,DOUBLE,2,SMALL,0.9325931800158604,0.0004203333333333333,0.000392,c
exo,standard,cholesky,DOUBLE,3,SMALL,0.9453376205787781,0.00041466666666666664,0.000392,c
exo,standard,cholesky,DOUBLE,4,SMALL,0.935560859188544,0.00041900000000000005,0.000392,c
exo,standard,cholesky,DOUBLE,5,SMALL,0.9355608591885443,0.00041899999999999994,0.000392,c
halide,AllHints,cholesky,DOUBLE,4,SMALL,0.006499248386241047,0.06031466666666666,0.000392,c
halide,ChooseHints,cholesky,DOUBLE,2,SMALL,0.9238020424194814,0.00042433333333333337,0.000392,c
halide,Naive,cholesky,DOUBLE,1,SMALL,1.0858725761772854,0.000361,0.000392,c
halide,Naive,cholesky,DOUBLE,4,SMALL,1.1264367816091954,0.000348,0.000392,c
halide,standard,cholesky,DOUBLE,1,SMALL,1.2098765432098764,0.000324,0.000392,c
c,AllHints,correlation,DOUBLE,1,SMALL,5.542274052478134,0.00011433333333333333,0.0006336666666666666,c
c,AllHints,correlation,DOUBLE,2,SMALL,5.295264623955431,0.00011966666666666667,0.0006336666666666666,c
c,AllHints,correlation,DOUBLE,3,SMALL,2.565452091767881,0.000247,0.0006336666666666666,c
c,AllHints,correlation,DOUBLE,4,SMALL,1.4144345238095237,0.000448,0.0006336666666666666,c
c,ChooseHints,correlation,DOUBLE,1,SMALL,3.266323024054982,0.00019400000000000003,0.0006336666666666666,c
c,ChooseHints,correlation,DOUBLE,2,SMALL,2.600547195622435,0.00024366666666666666,0.0006336666666666666,c
c,ChooseHints,correlation,DOUBLE,3,SMALL,4.602905569007263,0.00013766666666666666,0.0006336666666666666,c
c,ChooseHints,correlation,DOUBLE,5,SMALL,4.187224669603524,0.00015133333333333332,0.0006336666666666666,c
c,FromPlan,correlation,DOUBLE,1,SMALL,3.2775862068965513,0.00019333333333333333,0.0006336666666666666,c
c,FromPlan,correlation,DOUBLE,2,SMALL,2.947286821705426,0.000215,0.0006336666666666666,c
c,FromPlan,correlation,DOUBLE,3,SMALL,2.5448460508701465,0.00024900000000000004,0.0006336666666666666,c
c,FromPlan,correlation,DOUBLE,4,SMALL,1.2749832327297117,0.0004969999999999999,0.0006336666666666666,c
c,FromPlan,correlation,DOUBLE,5,SMALL,3.227504244482173,0.00019633333333333333,0.0006336666666666666,c
c,Naive,correlation,DOUBLE,1,SMALL,3.136963696369637,0.000202,0.0006336666666666666,c
c,Naive,correlation,DOUBLE,2,SMALL,2.9749608763693267,0.000213,0.0006336666666666666,c
c,Naive,correlation,DOUBLE,3,SMALL,3.0415999999999994,0.00020833333333333335,0.0006336666666666666,c
c,Naive,correlation,DOUBLE,4,SMALL,3.205733558178752,0.00019766666666666666,0.0006336666666666666,c
c,Naive,correlation,DOUBLE,5,SMALL,3.003159557661927,0.000211,0.0006336666666666666,c
c,standard,correlation,DOUBLE,1,SMALL,1.0,0.0006336666666666666,0.0006336666666666666,c
exo,AllHints,correlation,DOUBLE,1,SMALL,3.096091205211726,0.00020466666666666666,0.0006336666666666666,c
exo,AllHints,correlation,DOUBLE,2,SMALL,1.2690253671562082,0.0004993333333333333,0.0006336666666666666,c
exo,AllHints,correlation,DOUBLE,3,SMALL,3.5203703703703697,0.00018,0.0006336666666666666,c
exo,AllHints,correlation,DOUBLE,4,SMALL,2.2577197149643706,0.00028066666666666664,0.0006336666666666666,c
exo,AllHints,correlation,DOUBLE,5,SMALL,1.7650882079851438,0.000359,0.0006336666666666666,c
exo,ChooseHints,correlation,DOUBLE,1,SMALL,3.1215106732348112,0.00020299999999999997,0.0006336666666666666,c
exo,ChooseHints,correlation,DOUBLE,2,SMALL,2.338253382533825,0.00027100000000000003,0.0006336666666666666,c
exo,ChooseHints,correlation,DOUBLE,3,SMALL,3.4376130198915007,0.00018433333333333333,0.0006336666666666666,c
exo,ChooseHints,correlation,DOUBLE,4,SMALL,3.7495069033530566,0.00016900000000000002,0.0006336666666666666,c
exo,ChooseHints,correlation,DOUBLE,5,SMALL,2.3382533825338254,0.000271,0.0006336666666666666,c
exo,FromPlan,correlation,DOUBLE,2,SMALL,2.9111791730474725,0.00021766666666666668,0.0006336666666666666,c
exo,FromPlan,correlation,DOUBLE,3,SMALL,3.0513643659711076,0.00020766666666666665,0.0006336666666666666,c
exo,FromPlan,correlation,DOUBLE,4,SMALL,2.911179173047473,0.00021766666666666665,0.0006336666666666666,c
exo,Naive,correlation,DOUBLE,2,SMALL,2.7997054491899847,0.00022633333333333335,0.0006336666666666666,c
exo,Naive,correlation,DOUBLE,3,SMALL,1.5281350482315113,0.00041466666666666664,0.0006336666666666666,c
exo,Naive,correlation,DOUBLE,5,SMALL,1.6631671041119858,0.000381,0.0006336666666666666,c
exo,standard,correlation,DOUBLE,1,SMALL,1.0410733844468782,0.0006086666666666666,0.0006336666666666666,c
exo,standard,correlation,DOUBLE,2,SMALL,1.0661805945036456,0.0005943333333333333,0.0006336666666666666,c
exo,standard,correlation,DOUBLE,3,SMALL,1.0410733844468782,0.0006086666666666666,0.0006336666666666666,c
halide,AllHints,correlation,DOUBLE,1,SMALL,0.37114408434205387,0.0017073333333333333,0.0006336666666666666,c
halide,AllHints,correlation,DOUBLE,2,SMALL,0.3640367675220222,0.0017406666666666666,0.0006336666666666666,c
halide,AllHints,correlation,DOUBLE,4,SMALL,0.4389286538905564,0.0014436666666666667,0.0006336666666666666,c
halide,Naive,correlation,DOUBLE,1,SMALL,0.17109171091710917,0.0037036666666666663,0.0006336666666666666,c
halide,Naive,correlation,DOUBLE,2,SMALL,0.4121856027753686,0.0015373333333333333,0.0006336666666666666,c
halide,Naive,correlation,DOUBLE,4,SMALL,0.191517227483377,0.0033086666666666664,0.0006336666666666666,c
halide,Naive,correlation,DOUBLE,5,SMALL,0.32992016660881635,0.0019206666666666667,0.0006336666666666666,c
halide,standard,correlation,DOUBLE,1,SMALL,3.92216353605082e-06,161.56049099999998,0.0006336666666666666,c
halide,standard,correlation,DOUBLE,2,SMALL,4.054017157696752e-06,156.305867,0.0006336666666666666,c
halide,standard,correlation,DOUBLE,3,SMALL,3.9187444928086085e-06,161.70145,0.0006336666666666666,c
halide,standard,correlation,DOUBLE,4,SMALL,0.7878159966846248,0.0008043333333333334,0.0006336666666666666,c
halide,standard,correlation,DOUBLE,5,SMALL,3.940151850053117e-06,160.822905,0.0006336666666666666,c
noarr,AllHints,correlation,DOUBLE,1,SMALL,1.4600614439324116,0.000434,0.0006336666666666666,c
noarr,AllHints,correlation,DOUBLE,2,SMALL,1.305631868131868,0.00048533333333333333,0.0006336666666666666,c
noarr,AllHints,correlation,DOUBLE,3,SMALL,1.500394632991318,0.0004223333333333333,0.0006336666666666666,c
noarr,AllHints,correlation,DOUBLE,4,SMALL,1.3775362318840576,0.00046000000000000007,0.0006336666666666666,c
noarr,AllHints,correlation,DOUBLE,5,SMALL,1.4445288753799392,0.00043866666666666663,0.0006336666666666666,c
noarr,ChooseHints,correlation,DOUBLE,1,SMALL,1.356887937187723,0.00046699999999999997,0.0006336666666666666,c
noarr,ChooseHints,correlation,DOUBLE,2,SMALL,1.4805295950155761,0.000428,0.0006336666666666666,c
noarr,ChooseHints,correlation,DOUBLE,3,SMALL,1.5281350482315113,0.00041466666666666664,0.0006336666666666666,c
noarr,ChooseHints,correlation,DOUBLE,4,SMALL,3.0860389610389607,0.00020533333333333333,0.0006336666666666666,c
noarr,ChooseHints,correlation,DOUBLE,5,SMALL,1.3656609195402298,0.000464,0.0006336666666666666,c
noarr,FromPlan,correlation,DOUBLE,1,SMALL,1.559474979491386,0.00040633333333333336,0.0006336666666666666,c
noarr,FromPlan,correlation,DOUBLE,2,SMALL,1.5881370091896407,0.000399,0.0006336666666666666,c
noarr,FromPlan,correlation,DOUBLE,3,SMALL,1.5620377978635989,0.00040566666666666664,0.0006336666666666666,c
noarr,FromPlan,correlation,DOUBLE,4,SMALL,1.5894648829431435,0.0003986666666666667,0.0006336666666666666,c
noarr,FromPlan,correlation,DOUBLE,5,SMALL,1.5802161263507895,0.00040100000000000004,0.0006336666666666666,c
noarr,Naive,correlation,DOUBLE,1,SMALL,1.481683554169914,0.0004276666666666667,0.0006336666666666666,c
noarr,Naive,correlation,DOUBLE,2,SMALL,1.5111287758346579,0.00041933333333333335,0.0006336666666666666,c
noarr,Naive,correlation,DOUBLE,3,SMALL,2.9336419753086416,0.00021600000000000002,0.0006336666666666666,c
noarr,Naive,correlation,DOUBLE,4,SMALL,1.3434628975265015,0.0004716666666666667,0.0006336666666666666,c
noarr,Naive,correlation,DOUBLE,5,SMALL,1.3597997138769669,0.000466,0.0006336666666666666,c
noarr,standard,correlation,DOUBLE,1,SMALL,1.4133828996282525,0.00044833333333333335,0.0006336666666666666,c
noarr,standard,correlation,DOUBLE,2,SMALL,1.3029472241261135,0.00048633333333333335,0.0006336666666666666,c
noarr,standard,correlation,DOUBLE,3,SMALL,1.296725784447476,0.0004886666666666667,0.0006336666666666666,c
noarr,standard,correlation,DOUBLE,4,SMALL,1.315570934256055,0.0004816666666666667,0.0006336666666666666,c
noarr,standard,correlation,DOUBLE,5,SMALL,1.3101309441764297,0.0004836666666666667,0.0006336666666666666,c
c,AllHints,covariance,DOUBLE,1,SMALL,2.507713884992987,0.00023766666666666665,0.000596,c
c,AllHints,covariance,DOUBLE,2,SMALL,3.1149825783972127,0.0001913333333333333,0.000596,c
c,AllHints,covariance,DOUBLE,3,SMALL,3.311111111111111,0.00018,0.000596,c
c,AllHints,covariance,DOUBLE,4,SMALL,1.6804511278195486,0.0003546666666666667,0.000596,c
c,AllHints,covariance,DOUBLE,5,SMALL,1.121706398996236,0.0005313333333333333,0.000596,c
c,ChooseHints,covariance,DOUBLE,1,SMALL,2.9750415973377704,0.00020033333333333331,0.000596,c
c,ChooseHints,covariance,DOUBLE,2,SMALL,4.207058823529411,0.00014166666666666668,0.000596,c
c,ChooseHints,covariance,DOUBLE,3,SMALL,3.066895368782161,0.00019433333333333333,0.000596,c
c,ChooseHints,covariance,DOUBLE,4,SMALL,3.1985688729874773,0.00018633333333333335,0.000596,c
c,ChooseHints,covariance,DOUBLE,5,SMALL,3.0356536502546687,0.00019633333333333333,0.000596,c
c,FromPlan,covariance,DOUBLE,1,SMALL,2.307096774193548,0.00025833333333333334,0.000596,c
c,FromPlan,covariance,DOUBLE,2,SMALL,2.9899665551839463,0.00019933333333333334,0.000596,c
c,FromPlan,covariance,DOUBLE,3,SMALL,3.015177065767285,0.00019766666666666666,0.000596,c
c,FromPlan,covariance,DOUBLE,4,SMALL,2.283524904214559,0.000261,0.000596,c
c,FromPlan,covariance,DOUBLE,5,SMALL,2.289372599231754,0.00026033333333333334,0.000596,c
c,Naive,covariance,DOUBLE,1,SMALL,1.0604982206405693,0.000562,0.000596,c
c,Naive,covariance,DOUBLE,2,SMALL,1.0598695909899227,0.0005623333333333334,0.000596,c
c,Naive,covariance,DOUBLE,3,SMALL,3.1478873239436616,0.00018933333333333335,0.000596,c
c,Naive,covariance,DOUBLE,4,SMALL,1.058614564831261,0.000563,0.000596,c
c,Naive,covariance,DOUBLE,5,SMALL,3.0934256055363325,0.00019266666666666664,0.000596,c
c,standard,covariance,DOUBLE,1,SMALL,1.0,0.000596,0.000596,c
exo,AllHints,covariance,DOUBLE,1,SMALL,0.399374581192763,0.0014923333333333334,0.000596,c
exo,AllHints,covariance,DOUBLE,3,SMALL,0.23163622230858916,0.002573,0.000596,c
exo,ChooseHints,covariance,DOUBLE,1,SMALL,3.8286937901498925,0.00015566666666666666,0.000596,c
exo,ChooseHints,covariance,DOUBLE,2,SMALL,2.789391575663026,0.0002136666666666667,0.000596,c
exo,ChooseHints,covariance,DOUBLE,3,SMALL,2.869983948635634,0.00020766666666666665,0.000596,c
exo,ChooseHints,covariance,DOUBLE,5,SMALL,3.153439153439153,0.000189,0.000596,c
exo,FromPlan,covariance,DOUBLE,1,SMALL,2.8201892744479493,0.00021133333333333334,0.000596,c
exo,FromPlan,covariance,DOUBLE,3,SMALL,2.7297709923664124,0.00021833333333333332,0.000596,c
exo,FromPlan,covariance,DOUBLE,4,SMALL,2.8025078369905954,0.00021266666666666667,0.000596,c
exo,FromPlan,covariance,DOUBLE,5,SMALL,2.77639751552795,0.0002146666666666667,0.000596,c
exo,Naive,covariance,DOUBLE,1,SMALL,2.7465437788018434,0.000217,0.000596,c
exo,Naive,covariance,DOUBLE,2,SMALL,0.427648887825879,0.0013936666666666665,0.000596,c
exo,Naive,covariance,DOUBLE,3,SMALL,2.9120521172638436,0.00020466666666666666,0.000596,c
exo,Naive,covariance,DOUBLE,5,SMALL,3.1041666666666665,0.000192,0.000596,c
exo,standard,covariance,DOUBLE,1,SMALL,0.8877855014895729,0.0006713333333333334,0.000596,c
exo,standard,covariance,DOUBLE,2,SMALL,0.8922155688622753,0.0006680000000000001,0.000596,c
exo,standard,covariance,DOUBLE,3,SMALL,0.8869047619047619,0.000672,0.000596,c
exo,standard,covariance,DOUBLE,4,SMALL,0.8864650470996528,0.0006723333333333334,0.000596,c
exo,standard,covariance,DOUBLE,5,SMALL,0.880354505169867,0.000677,0.000596,c
halide,AllHints,covariance,DOUBLE,2,SMALL,0.04887783275470872,0.012193666666666667,0.000596,c
halide,ChooseHints,covariance,DOUBLE,5,SMALL,0.48653061224489796,0.001225,0.000596,c
halide,Naive,covariance,DOUBLE,4,SMALL,0.18540024885939443,0.0032146666666666665,0.000596,c
halide,Naive,covariance,DOUBLE,5,SMALL,0.7081188118811881,0.0008416666666666667,0.000596,c
halide,standard,covariance,DOUBLE,2,SMALL,0.5900990099009901,0.00101,0.000596,c
halide,standard,covariance,DOUBLE,4,SMALL,0.00037642945295200274,1.5832979999999999,0.000596,c
noarr,AllHints,covariance,DOUBLE,1,SMALL,4.277511961722488,0.00013933333333333332,0.000596,c
noarr,AllHints,covariance,DOUBLE,2,SMALL,1.4156769596199525,0.000421,0.000596,c
noarr,AllHints,covariance,DOUBLE,3,SMALL,4.226950354609929,0.00014099999999999998,0.000596,c
noarr,AllHints,covariance,DOUBLE,4,SMALL,4.2673031026252985,0.00013966666666666666,0.000596,c
noarr,AllHints,covariance,DOUBLE,5,SMALL,1.192,0.0005,0.000596,c
noarr,ChooseHints,covariance,DOUBLE,1,SMALL,4.458852867830424,0.00013366666666666667,0.000596,c
noarr,ChooseHints,covariance,DOUBLE,2,SMALL,4.247030878859857,0.00014033333333333332,0.000596,c
noarr,ChooseHints,covariance,DOUBLE,3,SMALL,1.3722179585571759,0.0004343333333333333,0.000596,c
noarr,ChooseHints,covariance,DOUBLE,4,SMALL,4.216981132075471,0.00014133333333333334,0.000596,c
noarr,ChooseHints,covariance,DOUBLE,5,SMALL,3.554671968190855,0.00016766666666666666,0.000596,c
noarr,FromPlan,covariance,DOUBLE,1,SMALL,1.4631751227495908,0.00040733333333333333,0.000596,c
noarr,FromPlan,covariance,DOUBLE,2,SMALL,4.110344827586206,0.000145,0.000596,c
noarr,FromPlan,covariance,DOUBLE,4,SMALL,1.1841059602649004,0.0005033333333333334,0.000596,c
noarr,FromPlan,covariance,DOUBLE,5,SMALL,4.393120393120393,0.00013566666666666667,0.000596,c
noarr,Naive,covariance,DOUBLE,1,SMALL,1.4201747418586177,0.0004196666666666667,0.000596,c
noarr,Naive,covariance,DOUBLE,2,SMALL,1.3224852071005917,0.00045066666666666665,0.000596,c
noarr,Naive,covariance,DOUBLE,3,SMALL,4.62015503875969,0.000129,0.000596,c
noarr,Naive,covariance,DOUBLE,4,SMALL,4.329297820823244,0.00013766666666666666,0.000596,c
noarr,Naive,covariance,DOUBLE,5,SMALL,4.47,0.00013333333333333334,0.000596,c
noarr,standard,covariance,DOUBLE,1,SMALL,1.4023529411764706,0.000425,0.000596,c
noarr,standard,covariance,DOUBLE,2,SMALL,1.242529534398888,0.00047966666666666665,0.000596,c
noarr,standard,covariance,DOUBLE,3,SMALL,1.2573839662447255,0.00047400000000000003,0.000596,c
noarr,standard,covariance,DOUBLE,4,SMALL,1.3176123802505528,0.0004523333333333333,0.000596,c
noarr,standard,covariance,DOUBLE,5,SMALL,1.2246575342465753,0.00048666666666666666,0.000596,c
c,AllHints,deriche,DOUBLE,1,SMALL,1.9976284584980235,0.0004216666666666667,0.0008423333333333333,c
c,AllHints,deriche,DOUBLE,2,SMALL,1.018951612903226,0.0008266666666666666,0.0008423333333333333,c
c,AllHints,deriche,DOUBLE,3,SMALL,1.898572501878287,0.00044366666666666664,0.0008423333333333333,c
c,AllHints,deriche,DOUBLE,4,SMALL,4.056179775280898,0.00020766666666666668,0.0008423333333333333,c
c,AllHints,deriche,DOUBLE,5,SMALL,0.8999287749287748,0.0009360000000000001,0.0008423333333333333,c
c,ChooseHints,deriche,DOUBLE,1,SMALL,1.62508038585209,0.0005183333333333333,0.0008423333333333333,c
c,ChooseHints,deriche,DOUBLE,2,SMALL,2.1235294117647054,0.0003966666666666667,0.0008423333333333333,c
c,ChooseHints,deriche,DOUBLE,3,SMALL,1.8663220088626291,0.0004513333333333333,0.0008423333333333333,c
c,ChooseHints,deriche,DOUBLE,4,SMALL,2.0346215780998387,0.00041400000000000003,0.0008423333333333333,c
c,ChooseHints,deriche,DOUBLE,5,SMALL,0.23916335415483628,0.0035219999999999995,0.0008423333333333333,c
c,FromPlan,deriche,DOUBLE,1,SMALL,1.2597208374875373,0.0006686666666666667,0.0008423333333333333,c
c,FromPlan,deriche,DOUBLE,2,SMALL,1.3448642895156997,0.0006263333333333333,0.0008423333333333333,c
c,FromPlan,deriche,DOUBLE,3,SMALL,1.2417690417690417,0.0006783333333333333,0.0008423333333333333,c
c,FromPlan,deriche,DOUBLE,4,SMALL,1.3405835543766578,0.0006283333333333333,0.0008423333333333333,c
c,FromPlan,deriche,DOUBLE,5,SMALL,1.2491349480968859,0.0006743333333333333,0.0008423333333333333,c
c,Naive,deriche,DOUBLE,1,SMALL,1.2814401622718055,0.0006573333333333332,0.0008423333333333333,c
c,Naive,deriche,DOUBLE,2,SMALL,1.3756124115405552,0.0006123333333333333,0.0008423333333333333,c
c,Naive,deriche,DOUBLE,3,SMALL,0.8807947019867549,0.0009563333333333333,0.0008423333333333333,c
c,Naive,deriche,DOUBLE,4,SMALL,0.9317846607669616,0.000904,0.0008423333333333333,c
c,Naive,deriche,DOUBLE,5,SMALL,0.9539448848622121,0.000883,0.0008423333333333333,c
c,standard,deriche,DOUBLE,1,SMALL,1.0,0.0008423333333333333,0.0008423333333333333,c
exo,AllHints,deriche,DOUBLE,1,SMALL,0.38386753759684034,0.0021943333333333333,0.0008423333333333333,c
exo,AllHints,deriche,DOUBLE,2,SMALL,1.6229929351316632,0.000519,0.0008423333333333333,c
exo,ChooseHints,deriche,DOUBLE,2,SMALL,1.5032718619869123,0.0005603333333333334,0.0008423333333333333,c
exo,FromPlan,deriche,DOUBLE,3,SMALL,1.1226121723678364,0.0007503333333333333,0.0008423333333333333,c
exo,Naive,deriche,DOUBLE,5,SMALL,1.0210101010101011,0.0008249999999999999,0.0008423333333333333,c
exo,standard,deriche,DOUBLE,3,SMALL,0.8857343147563967,0.0009509999999999999,0.0008423333333333333,c
exo,standard,deriche,DOUBLE,4,SMALL,0.8876009834913943,0.0009490000000000001,0.0008423333333333333,c
exo,standard,deriche,DOUBLE,5,SMALL,0.8951470067304286,0.000941,0.0008423333333333333,c
halide,AllHints,deriche,DOUBLE,1,SMALL,0.06415008123476848,0.013130666666666665,0.0008423333333333333,c
halide,AllHints,deriche,DOUBLE,2,SMALL,0.38733905579399136,0.0021746666666666668,0.0008423333333333333,c
halide,AllHints,deriche,DOUBLE,3,SMALL,0.11999620114915237,0.007019666666666667,0.0008423333333333333,c
halide,ChooseHints,deriche,DOUBLE,2,SMALL,0.19557309805742587,0.004307,0.0008423333333333333,c
halide,ChooseHints,deriche,DOUBLE,3,SMALL,0.07788085185071038,0.010815666666666668,0.0008423333333333333,c
halide,ChooseHints,deriche,DOUBLE,4,SMALL,0.3478320715760495,0.002421666666666667,0.0008423333333333333,c
halide,ChooseHints,deriche,DOUBLE,5,SMALL,0.36063936063936064,0.0023356666666666664,0.0008423333333333333,c
halide,FromPlan,deriche,DOUBLE,1,SMALL,0.8554502369668245,0.0009846666666666667,0.0008423333333333333,c
halide,FromPlan,deriche,DOUBLE,2,SMALL,0.264219991635299,0.003188,0.0008423333333333333,c
halide,FromPlan,deriche,DOUBLE,4,SMALL,0.10725351215992529,0.007853666666666667,0.0008423333333333333,c
halide,Naive,deriche,DOUBLE,5,SMALL,0.7430167597765363,0.0011336666666666667,0.0008423333333333333,c
halide,standard,deriche,DOUBLE,1,SMALL,0.3988950276243094,0.0021116666666666666,0.0008423333333333333,c
noarr,AllHints,deriche,DOUBLE,1,SMALL,2.395260663507109,0.00035166666666666663,0.0008423333333333333,c
noarr,AllHints,deriche,DOUBLE,2,SMALL,2.1973913043478257,0.00038333333333333334,0.0008423333333333333,c
noarr,AllHints,deriche,DOUBLE,3,SMALL,2.100581878636741,0.00040100000000000004,0.0008423333333333333,c
noarr,ChooseHints,deriche,DOUBLE,2,SMALL,2.1146443514644355,0.0003983333333333333,0.0008423333333333333,c
noarr,ChooseHints,deriche,DOUBLE,4,SMALL,1.897147147147147,0.000444,0.0008423333333333333,c
noarr,ChooseHints,deriche,DOUBLE,5,SMALL,0.3187034935048556,0.002643,0.0008423333333333333,c
noarr,FromPlan,deriche,DOUBLE,1,SMALL,2.1146443514644346,0.0003983333333333334,0.0008423333333333333,c
noarr,FromPlan,deriche,DOUBLE,2,SMALL,0.3104422604422604,0.0027133333333333332,0.0008423333333333333,c
noarr,FromPlan,deriche,DOUBLE,3,SMALL,2.487204724409449,0.00033866666666666664,0.0008423333333333333,c
noarr,FromPlan,deriche,DOUBLE,4,SMALL,2.0988372093023253,0.00040133333333333335,0.0008423333333333333,c
noarr,FromPlan,deriche,DOUBLE,5,SMALL,2.109348914858097,0.0003993333333333333,0.0008423333333333333,c
noarr,Naive,deriche,DOUBLE,1,SMALL,1.8127690100430416,0.00046466666666666667,0.0008423333333333333,c
noarr,Naive,deriche,DOUBLE,3,SMALL,2.0528025995125914,0.0004103333333333333,0.0008423333333333333,c
noarr,Naive,deriche,DOUBLE,4,SMALL,2.141525423728813,0.00039333333333333337,0.0008423333333333333,c
noarr,Naive,deriche,DOUBLE,5,SMALL,3.3425925925925926,0.000252,0.0008423333333333333,c
noarr,standard,deriche,DOUBLE,1,SMALL,2.199303742384682,0.00038300000000000004,0.0008423333333333333,c
noarr,standard,deriche,DOUBLE,2,SMALL,2.139712108382726,0.0003936666666666667,0.0008423333333333333,c
noarr,standard,deriche,DOUBLE,3,SMALL,2.100581878636741,0.00040100000000000004,0.0008423333333333333,c
noarr,standard,deriche,DOUBLE,4,SMALL,2.121746431570109,0.000397,0.0008423333333333333,c
noarr,standard,deriche,DOUBLE,5,SMALL,2.193576388888889,0.000384,0.0008423333333333333,c
c,AllHints,doitgen,DOUBLE,1,SMALL,7.501915708812262,8.7e-05,0.0006526666666666667,c
c,AllHints,doitgen,DOUBLE,2,SMALL,8.12448132780083,8.033333333333334e-05,0.0006526666666666667,c
c,AllHints,doitgen,DOUBLE,3,SMALL,8.702222222222224,7.5e-05,0.0006526666666666667,c
c,AllHints,doitgen,DOUBLE,4,SMALL,8.024590163934427,8.133333333333334e-05,0.0006526666666666667,c
c,AllHints,doitgen,DOUBLE,5,SMALL,6.870175438596492,9.499999999999999e-05,0.0006526666666666667,c
c,ChooseHints,doitgen,DOUBLE,1,SMALL,3.83921568627451,0.00017,0.0006526666666666667,c
c,ChooseHints,doitgen,DOUBLE,2,SMALL,7.7698412698412715,8.4e-05,0.0006526666666666667,c
c,ChooseHints,doitgen,DOUBLE,3,SMALL,7.017921146953406,9.3e-05,0.0006526666666666667,c
c,ChooseHints,doitgen,DOUBLE,4,SMALL,7.145985401459854,9.133333333333334e-05,0.0006526666666666667,c
c,ChooseHints,doitgen,DOUBLE,5,SMALL,7.648437500000002,8.533333333333332e-05,0.0006526666666666667,c
c,FromPlan,doitgen,DOUBLE,1,SMALL,3.955555555555556,0.000165,0.0006526666666666667,c
c,FromPlan,doitgen,DOUBLE,2,SMALL,3.68738229755179,0.000177,0.0006526666666666667,c
c,FromPlan,doitgen,DOUBLE,3,SMALL,3.8619329388560164,0.000169,0.0006526666666666667,c
c,FromPlan,doitgen,DOUBLE,4,SMALL,4.219827586206897,0.00015466666666666667,0.0006526666666666667,c
c,FromPlan,doitgen,DOUBLE,5,SMALL,4.02880658436214,0.000162,0.0006526666666666667,c
c,Naive,doitgen,DOUBLE,1,SMALL,3.947580645161291,0.00016533333333333333,0.0006526666666666667,c
c,Naive,doitgen,DOUBLE,2,SMALL,3.6326530612244903,0.00017966666666666665,0.0006526666666666667,c
c,Naive,doitgen,DOUBLE,3,SMALL,3.515260323159785,0.00018566666666666666,0.0006526666666666667,c
c,Naive,doitgen,DOUBLE,4,SMALL,3.877227722772277,0.00016833333333333335,0.0006526666666666667,c
c,Naive,doitgen,DOUBLE,5,SMALL,3.592660550458716,0.00018166666666666667,0.0006526666666666667,c
c,standard,doitgen,DOUBLE,1,SMALL,1.0,0.0006526666666666667,0.0006526666666666667,c
exo,AllHints,doitgen,DOUBLE,1,SMALL,0.0221443112418005,0.029473333333333334,0.0006526666666666667,c
exo,AllHints,doitgen,DOUBLE,2,SMALL,0.8908098271155598,0.0007326666666666666,0.0006526666666666667,c
exo,AllHints,doitgen,DOUBLE,3,SMALL,3.1328,0.00020833333333333335,0.0006526666666666667,c
exo,AllHints,doitgen,DOUBLE,4,SMALL,0.8550218340611355,0.0007633333333333333,0.0006526666666666667,c
exo,AllHints,doitgen,DOUBLE,5,SMALL,0.8443294523501511,0.0007729999999999999,0.0006526666666666667,c
exo,ChooseHints,doitgen,DOUBLE,1,SMALL,0.8282571912013538,0.000788,0.0006526666666666667,c
exo,ChooseHints,doitgen,DOUBLE,2,SMALL,0.7222427148653634,0.0009036666666666667,0.0006526666666666667,c
exo,ChooseHints,doitgen,DOUBLE,3,SMALL,0.8985773290500231,0.0007263333333333333,0.0006526666666666667,c
exo,ChooseHints,doitgen,DOUBLE,4,SMALL,3.0076804915514597,0.000217,0.0006526666666666667,c
exo,FromPlan,doitgen,DOUBLE,2,SMALL,2.9532428355957774,0.00022099999999999998,0.0006526666666666667,c
exo,FromPlan,doitgen,DOUBLE,4,SMALL,3.341296928327646,0.0001953333333333333,0.0006526666666666667,c
exo,FromPlan,doitgen,DOUBLE,5,SMALL,3.1328,0.00020833333333333335,0.0006526666666666667,c
exo,Naive,doitgen,DOUBLE,2,SMALL,2.6567164179104483,0.00024566666666666666,0.0006526666666666667,c
exo,Naive,doitgen,DOUBLE,3,SMALL,1.4471544715447155,0.000451,0.0006526666666666667,c
exo,Naive,doitgen,DOUBLE,4,SMALL,0.9098513011152418,0.0007173333333333333,0.0006526666666666667,c
exo,Naive,doitgen,DOUBLE,5,SMALL,2.9267563527653215,0.000223,0.0006526666666666667,c
exo,standard,doitgen,DOUBLE,1,SMALL,0.9750996015936255,0.0006693333333333334,0.0006526666666666667,c
exo,standard,doitgen,DOUBLE,2,SMALL,0.9809619238476955,0.0006653333333333333,0.0006526666666666667,c
exo,standard,doitgen,DOUBLE,3,SMALL,1.0087583719732098,0.000647,0.0006526666666666667,c
exo,standard,doitgen,DOUBLE,4,SMALL,0.9854051333668848,0.0006623333333333334,0.0006526666666666667,c
exo,standard,doitgen,DOUBLE,5,SMALL,1.0,0.0006526666666666667,0.0006526666666666667,c
halide,standard,doitgen,DOUBLE,3,SMALL,1.3512767425810905,0.000483,0.0006526666666666667,c
halide,standard,doitgen,DOUBLE,4,SMALL,1.5368916797488228,0.00042466666666666667,0.0006526666666666667,c
halide,standard,doitgen,DOUBLE,5,SMALL,1.5096376252891288,0.00043233333333333334,0.0006526666666666667,c
noarr,AllHints,doitgen,DOUBLE,1,SMALL,4.8950000000000005,0.00013333333333333334,0.0006526666666666667,c
noarr,AllHints,doitgen,DOUBLE,2,SMALL,4.882793017456359,0.00013366666666666667,0.0006526666666666667,c
noarr,AllHints,doitgen,DOUBLE,3,SMALL,4.740920096852301,0.00013766666666666666,0.0006526666666666667,c
noarr,AllHints,doitgen,DOUBLE,4,SMALL,4.5962441314554,0.00014199999999999998,0.0006526666666666667,c
noarr,AllHints,doitgen,DOUBLE,5,SMALL,4.113445378151261,0.00015866666666666666,0.0006526666666666667,c
noarr,ChooseHints,doitgen,DOUBLE,1,SMALL,4.729468599033817,0.000138,0.0006526666666666667,c
noarr,ChooseHints,doitgen,DOUBLE,2,SMALL,4.020533880903492,0.0001623333333333333,0.0006526666666666667,c
noarr,ChooseHints,doitgen,DOUBLE,3,SMALL,4.763990267639904,0.000137,0.0006526666666666667,c
noarr,ChooseHints,doitgen,DOUBLE,4,SMALL,4.501149425287357,0.000145,0.0006526666666666667,c
noarr,ChooseHints,doitgen,DOUBLE,5,SMALL,4.870646766169155,0.000134,0.0006526666666666667,c
noarr,FromPlan,doitgen,DOUBLE,1,SMALL,4.256521739130435,0.00015333333333333334,0.0006526666666666667,c
noarr,FromPlan,doitgen,DOUBLE,2,SMALL,3.8167641325536064,0.000171,0.0006526666666666667,c
noarr,FromPlan,doitgen,DOUBLE,3,SMALL,4.079166666666667,0.00016,0.0006526666666666667,c
noarr,FromPlan,doitgen,DOUBLE,4,SMALL,3.612546125461255,0.00018066666666666665,0.0006526666666666667,c
noarr,FromPlan,doitgen,DOUBLE,5,SMALL,3.5026833631484795,0.00018633333333333335,0.0006526666666666667,c
noarr,Naive,doitgen,DOUBLE,1,SMALL,4.037113402061856,0.00016166666666666665,0.0006526666666666667,c
noarr,Naive,doitgen,DOUBLE,2,SMALL,4.729468599033817,0.000138,0.0006526666666666667,c
noarr,Naive,doitgen,DOUBLE,3,SMALL,4.752427184466019,0.00013733333333333336,0.0006526666666666667,c
noarr,Naive,doitgen,DOUBLE,4,SMALL,4.882793017456359,0.00013366666666666667,0.0006526666666666667,c
noarr,Naive,doitgen,DOUBLE,5,SMALL,4.870646766169155,0.000134,0.0006526666666666667,c
noarr,standard,doitgen,DOUBLE,1,SMALL,1.3466299862448419,0.00048466666666666667,0.0006526666666666667,c
noarr,standard,doitgen,DOUBLE,2,SMALL,1.1997549019607845,0.000544,0.0006526666666666667,c
noarr,standard,doitgen,DOUBLE,3,SMALL,1.2447552447552448,0.0005243333333333334,0.0006526666666666667,c
noarr,standard,doitgen,DOUBLE,5,SMALL,1.252719129878439,0.000521,0.0006526666666666667,c
c,AllHints,durbin,DOUBLE,1,SMALL,1.2444444444444445,1.5e-05,1.866666666666667e-05,c
c,AllHints,durbin,DOUBLE,3,SMALL,1.0566037735849056,1.7666666666666668e-05,1.866666666666667e-05,c
c,AllHints,durbin,DOUBLE,4,SMALL,1.0980392156862746,1.7e-05,1.866666666666667e-05,c
c,AllHints,durbin,DOUBLE,5,SMALL,1.2444444444444445,1.5e-05,1.866666666666667e-05,c
c,ChooseHints,durbin,DOUBLE,1,SMALL,1.2444444444444445,1.5e-05,1.866666666666667e-05,c
c,ChooseHints,durbin,DOUBLE,2,SMALL,1.0370370370370372,1.8e-05,1.866666666666667e-05,c
c,ChooseHints,durbin,DOUBLE,3,SMALL,0.767123287671233,2.4333333333333333e-05,1.866666666666667e-05,c
c,ChooseHints,durbin,DOUBLE,4,SMALL,1.2444444444444445,1.5e-05,1.866666666666667e-05,c
c,ChooseHints,durbin,DOUBLE,5,SMALL,1.0370370370370372,1.8e-05,1.866666666666667e-05,c
c,FromPlan,durbin,DOUBLE,1,SMALL,1.2173913043478262,1.5333333333333334e-05,1.866666666666667e-05,c
c,FromPlan,durbin,DOUBLE,2,SMALL,1.272727272727273,1.4666666666666666e-05,1.866666666666667e-05,c
c,FromPlan,durbin,DOUBLE,3,SMALL,1.302325581395349,1.4333333333333334e-05,1.866666666666667e-05,c
c,FromPlan,durbin,DOUBLE,4,SMALL,1.2444444444444445,1.5e-05,1.866666666666667e-05,c
c,FromPlan,durbin,DOUBLE,5,SMALL,1.2173913043478262,1.5333333333333334e-05,1.866666666666667e-05,c
c,Naive,durbin,DOUBLE,1,SMALL,1.302325581395349,1.4333333333333334e-05,1.866666666666667e-05,c
c,Naive,durbin,DOUBLE,2,SMALL,1.0370370370370372,1.8e-05,1.866666666666667e-05,c
c,Naive,durbin,DOUBLE,3,SMALL,1.302325581395349,1.4333333333333334e-05,1.866666666666667e-05,c
c,Naive,durbin,DOUBLE,4,SMALL,1.272727272727273,1.4666666666666666e-05,1.866666666666667e-05,c
c,Naive,durbin,DOUBLE,5,SMALL,1.272727272727273,1.4666666666666666e-05,1.866666666666667e-05,c
c,standard,durbin,DOUBLE,1,SMALL,1.0,1.866666666666667e-05,1.866666666666667e-05,c
exo,AllHints,durbin,DOUBLE,1,SMALL,1.1666666666666667,1.6e-05,1.866666666666667e-05,c
exo,AllHints,durbin,DOUBLE,2,SMALL,0.823529411764706,2.2666666666666668e-05,1.866666666666667e-05,c
exo,AllHints,durbin,DOUBLE,3,SMALL,0.003062117235345582,0.006096,1.866666666666667e-05,c
exo,ChooseHints,durbin,DOUBLE,1,SMALL,0.7887323943661972,2.3666666666666668e-05,1.866666666666667e-05,c
exo,ChooseHints,durbin,DOUBLE,2,SMALL,0.4912280701754386,3.8e-05,1.866666666666667e-05,c
exo,ChooseHints,durbin,DOUBLE,3,SMALL,0.6666666666666667,2.8e-05,1.866666666666667e-05,c
exo,ChooseHints,durbin,DOUBLE,4,SMALL,0.0021085925144965737,0.008852666666666667,1.866666666666667e-05,c
exo,FromPlan,durbin,DOUBLE,2,SMALL,0.6913580246913582,2.6999999999999996e-05,1.866666666666667e-05,c
exo,FromPlan,durbin,DOUBLE,5,SMALL,1.0980392156862746,1.7e-05,1.866666666666667e-05,c
exo,Naive,durbin,DOUBLE,3,SMALL,0.8000000000000002,2.3333333333333332e-05,1.866666666666667e-05,c
exo,Naive,durbin,DOUBLE,4,SMALL,1.1914893617021278,1.5666666666666667e-05,1.866666666666667e-05,c
exo,standard,durbin,DOUBLE,1,SMALL,0.835820895522388,2.2333333333333335e-05,1.866666666666667e-05,c
exo,standard,durbin,DOUBLE,2,SMALL,0.8000000000000002,2.3333333333333332e-05,1.866666666666667e-05,c
exo,standard,durbin,DOUBLE,3,SMALL,0.8115942028985508,2.3e-05,1.866666666666667e-05,c
exo,standard,durbin,DOUBLE,4,SMALL,0.8000000000000002,2.3333333333333332e-05,1.866666666666667e-05,c
exo,standard,durbin,DOUBLE,5,SMALL,0.8115942028985508,2.3e-05,1.866666666666667e-05,c
halide,FromPlan,durbin,DOUBLE,3,SMALL,0.03689064558629776,0.000506,1.866666666666667e-05,c
halide,standard,durbin,DOUBLE,4,SMALL,0.0794326241134752,0.000235,1.866666666666667e-05,c
noarr,AllHints,durbin,DOUBLE,1,SMALL,1.1914893617021278,1.5666666666666667e-05,1.866666666666667e-05,c
noarr,AllHints,durbin,DOUBLE,2,SMALL,0.7000000000000002,2.6666666666666663e-05,1.866666666666667e-05,c
noarr,AllHints,durbin,DOUBLE,3,SMALL,1.4358974358974361,1.3e-05,1.866666666666667e-05,c
noarr,AllHints,durbin,DOUBLE,4,SMALL,2.0740740740740744,9e-06,1.866666666666667e-05,c
noarr,AllHints,durbin,DOUBLE,5,SMALL,1.4358974358974361,1.3e-05,1.866666666666667e-05,c
noarr,ChooseHints,durbin,DOUBLE,1,SMALL,0.8615384615384617,2.1666666666666664e-05,1.866666666666667e-05,c
noarr,ChooseHints,durbin,DOUBLE,2,SMALL,1.4358974358974361,1.3e-05,1.866666666666667e-05,c
noarr,ChooseHints,durbin,DOUBLE,3,SMALL,1.3333333333333335,1.4e-05,1.866666666666667e-05,c
noarr,ChooseHints,durbin,DOUBLE,4,SMALL,1.3333333333333335,1.4e-05,1.866666666666667e-05,c
noarr,ChooseHints,durbin,DOUBLE,5,SMALL,1.1666666666666667,1.6e-05,1.866666666666667e-05,c
noarr,FromPlan,durbin,DOUBLE,1,SMALL,1.4000000000000004,1.3333333333333332e-05,1.866666666666667e-05,c
noarr,FromPlan,durbin,DOUBLE,2,SMALL,1.4358974358974361,1.3e-05,1.866666666666667e-05,c
noarr,FromPlan,durbin,DOUBLE,3,SMALL,1.4358974358974361,1.3e-05,1.866666666666667e-05,c
noarr,FromPlan,durbin,DOUBLE,4,SMALL,1.4358974358974361,1.3e-05,1.866666666666667e-05,c
noarr,FromPlan,durbin,DOUBLE,5,SMALL,1.4358974358974361,1.3e-05,1.866666666666667e-05,c
noarr,Naive,durbin,DOUBLE,1,SMALL,1.3333333333333335,1.4e-05,1.866666666666667e-05,c
noarr,Naive,durbin,DOUBLE,2,SMALL,1.0980392156862746,1.7e-05,1.866666666666667e-05,c
noarr,Naive,durbin,DOUBLE,3,SMALL,1.4358974358974361,1.3e-05,1.866666666666667e-05,c
noarr,Naive,durbin,DOUBLE,4,SMALL,1.4358974358974361,1.3e-05,1.866666666666667e-05,c
noarr,Naive,durbin,DOUBLE,5,SMALL,1.4358974358974361,1.3e-05,1.866666666666667e-05,c
noarr,standard,durbin,DOUBLE,1,SMALL,1.0980392156862746,1.7e-05,1.866666666666667e-05,c
noarr,standard,durbin,DOUBLE,2,SMALL,1.0980392156862746,1.7e-05,1.866666666666667e-05,c
noarr,standard,durbin,DOUBLE,3,SMALL,1.0980392156862746,1.7e-05,1.866666666666667e-05,c
noarr,standard,durbin,DOUBLE,5,SMALL,1.0980392156862746,1.7e-05,1.866666666666667e-05,c
c,AllHints,fdtd-2d,DOUBLE,1,SMALL,0.17251414713015362,0.0020616666666666665,0.0003556666666666667,c
c,AllHints,fdtd-2d,DOUBLE,2,SMALL,0.16805796188376124,0.0021163333333333333,0.0003556666666666667,c
c,AllHints,fdtd-2d,DOUBLE,4,SMALL,0.1642549261083744,0.0021653333333333333,0.0003556666666666667,c
c,ChooseHints,fdtd-2d,DOUBLE,2,SMALL,0.17137809187279152,0.0020753333333333335,0.0003556666666666667,c
c,ChooseHints,fdtd-2d,DOUBLE,3,SMALL,0.1734677288245814,0.0020503333333333333,0.0003556666666666667,c
c,ChooseHints,fdtd-2d,DOUBLE,5,SMALL,0.16974228444161632,0.002095333333333333,0.0003556666666666667,c
c,FromPlan,fdtd-2d,DOUBLE,1,SMALL,1.070210631895687,0.00033233333333333335,0.0003556666666666667,c
c,FromPlan,fdtd-2d,DOUBLE,2,SMALL,0.968239564428312,0.0003673333333333334,0.0003556666666666667,c
c,FromPlan,fdtd-2d,DOUBLE,3,SMALL,1.00093808630394,0.0003553333333333333,0.0003556666666666667,c
c,FromPlan,fdtd-2d,DOUBLE,5,SMALL,1.0123339658444024,0.0003513333333333333,0.0003556666666666667,c
c,Naive,fdtd-2d,DOUBLE,1,SMALL,1.2980535279805354,0.000274,0.0003556666666666667,c
c,Naive,fdtd-2d,DOUBLE,2,SMALL,1.117277486910995,0.0003183333333333333,0.0003556666666666667,c
c,Naive,fdtd-2d,DOUBLE,3,SMALL,1.2363847045191192,0.0002876666666666667,0.0003556666666666667,c
c,Naive,fdtd-2d,DOUBLE,4,SMALL,1.1172774869109947,0.00031833333333333334,0.0003556666666666667,c
c,Naive,fdtd-2d,DOUBLE,5,SMALL,0.6982984293193718,0.0005093333333333333,0.0003556666666666667,c
c,standard,fdtd-2d,DOUBLE,1,SMALL,1.0,0.0003556666666666667,0.0003556666666666667,c
exo,AllHints,fdtd-2d,DOUBLE,3,SMALL,0.06638049023267388,0.005358000000000001,0.0003556666666666667,c
exo,AllHints,fdtd-2d,DOUBLE,4,SMALL,0.06488688883483337,0.005481333333333334,0.0003556666666666667,c
exo,AllHints,fdtd-2d,DOUBLE,5,SMALL,0.08326180257510729,0.004271666666666667,0.0003556666666666667,c
exo,ChooseHints,fdtd-2d,DOUBLE,4,SMALL,0.06525594764846186,0.005450333333333334,0.0003556666666666667,c
exo,FromPlan,fdtd-2d,DOUBLE,2,SMALL,0.6937581274382316,0.0005126666666666666,0.0003556666666666667,c
exo,FromPlan,fdtd-2d,DOUBLE,4,SMALL,0.7170698924731183,0.000496,0.0003556666666666667,c
exo,Naive,fdtd-2d,DOUBLE,1,SMALL,0.06594561186650186,0.005393333333333333,0.0003556666666666667,c
exo,Naive,fdtd-2d,DOUBLE,2,SMALL,0.07972205618649134,0.004461333333333334,0.0003556666666666667,c
exo,Naive,fdtd-2d,DOUBLE,3,SMALL,0.6643835616438357,0.0005353333333333333,0.0003556666666666667,c
exo,standard,fdtd-2d,DOUBLE,1,SMALL,0.9088586030664394,0.0003913333333333334,0.0003556666666666667,c
exo,standard,fdtd-2d,DOUBLE,2,SMALL,0.9057724957555179,0.00039266666666666665,0.0003556666666666667,c
exo,standard,fdtd-2d,DOUBLE,3,SMALL,0.86960065199674,0.000409,0.0003556666666666667,c
exo,standard,fdtd-2d,DOUBLE,4,SMALL,0.9004219409282702,0.00039499999999999995,0.0003556666666666667,c
exo,standard,fdtd-2d,DOUBLE,5,SMALL,0.903471634208298,0.0003936666666666667,0.0003556666666666667,c
halide,AllHints,fdtd-2d,DOUBLE,1,SMALL,0.2166057653268372,0.001642,0.0003556666666666667,c
halide,AllHints,fdtd-2d,DOUBLE,5,SMALL,0.010370499961122775,0.034296,0.0003556666666666667,c
halide,ChooseHints,fdtd-2d,DOUBLE,1,SMALL,0.006587965078228226,0.05398733333333333,0.0003556666666666667,c
halide,ChooseHints,fdtd-2d,DOUBLE,5,SMALL,0.0045960276881593055,0.07738566666666667,0.0003556666666666667,c
halide,FromPlan,fdtd-2d,DOUBLE,4,SMALL,0.004894001522782104,0.072674,0.0003556666666666667,c
halide,FromPlan,fdtd-2d,DOUBLE,5,SMALL,0.26391293593865944,0.0013476666666666665,0.0003556666666666667,c
halide,Naive,fdtd-2d,DOUBLE,1,SMALL,0.005322545244128739,0.06682266666666667,0.0003556666666666667,c
halide,Naive,fdtd-2d,DOUBLE,5,SMALL,0.01036254333912807,0.03432233333333334,0.0003556666666666667,c
halide,standard,fdtd-2d,DOUBLE,1,SMALL,0.20219821868485882,0.0017590000000000001,0.0003556666666666667,c
halide,standard,fdtd-2d,DOUBLE,3,SMALL,0.28317409766454354,0.001256,0.0003556666666666667,c
halide,standard,fdtd-2d,DOUBLE,5,SMALL,0.2721938775510204,0.0013066666666666667,0.0003556666666666667,c
noarr,AllHints,fdtd-2d,DOUBLE,1,SMALL,0.09226911103424422,0.0038546666666666664,0.0003556666666666667,c
noarr,AllHints,fdtd-2d,DOUBLE,4,SMALL,0.05752951959885695,0.006182333333333334,0.0003556666666666667,c
noarr,AllHints,fdtd-2d,DOUBLE,5,SMALL,1.2479532163742688,0.00028500000000000004,0.0003556666666666667,c
noarr,ChooseHints,fdtd-2d,DOUBLE,1,SMALL,0.12202653247941446,0.0029146666666666665,0.0003556666666666667,c
noarr,ChooseHints,fdtd-2d,DOUBLE,3,SMALL,0.042363123833723745,0.008395666666666668,0.0003556666666666667,c
noarr,ChooseHints,fdtd-2d,DOUBLE,5,SMALL,0.07338881628722746,0.004846333333333334,0.0003556666666666667,c
noarr,FromPlan,fdtd-2d,DOUBLE,2,SMALL,0.9825046040515655,0.00036199999999999996,0.0003556666666666667,c
noarr,FromPlan,fdtd-2d,DOUBLE,3,SMALL,1.2306805074971165,0.000289,0.0003556666666666667,c
noarr,FromPlan,fdtd-2d,DOUBLE,5,SMALL,1.0161904761904763,0.00035,0.0003556666666666667,c
noarr,Naive,fdtd-2d,DOUBLE,1,SMALL,1.216647662485747,0.0002923333333333333,0.0003556666666666667,c
noarr,Naive,fdtd-2d,DOUBLE,2,SMALL,1.1751101321585904,0.00030266666666666663,0.0003556666666666667,c
noarr,Naive,fdtd-2d,DOUBLE,3,SMALL,1.1868743047830923,0.00029966666666666667,0.0003556666666666667,c
noarr,Naive,fdtd-2d,DOUBLE,4,SMALL,0.6196283391405343,0.000574,0.0003556666666666667,c
noarr,standard,fdtd-2d,DOUBLE,1,SMALL,1.2278481012658229,0.00028966666666666664,0.0003556666666666667,c
noarr,standard,fdtd-2d,DOUBLE,2,SMALL,1.1921787709497207,0.00029833333333333334,0.0003556666666666667,c
noarr,standard,fdtd-2d,DOUBLE,3,SMALL,1.2002249718785152,0.00029633333333333334,0.0003556666666666667,c
noarr,standard,fdtd-2d,DOUBLE,4,SMALL,1.0921187308085978,0.00032566666666666665,0.0003556666666666667,c
noarr,standard,fdtd-2d,DOUBLE,5,SMALL,1.2349537037037037,0.000288,0.0003556666666666667,c
c,AllHints,gemver,DOUBLE,1,SMALL,0.4622641509433961,0.00014133333333333334,6.533333333333333e-05,c
c,AllHints,gemver,DOUBLE,2,SMALL,0.2780141843971631,0.000235,6.533333333333333e-05,c
c,AllHints,gemver,DOUBLE,3,SMALL,0.8132780082987551,8.033333333333334e-05,6.533333333333333e-05,c
c,AllHints,gemver,DOUBLE,4,SMALL,0.6599326599326598,9.900000000000001e-05,6.533333333333333e-05,c
c,AllHints,gemver,DOUBLE,5,SMALL,0.2852983988355167,0.000229,6.533333333333333e-05,c
c,ChooseHints,gemver,DOUBLE,1,SMALL,0.6599326599326598,9.900000000000001e-05,6.533333333333333e-05,c
c,ChooseHints,gemver,DOUBLE,2,SMALL,0.3450704225352112,0.00018933333333333335,6.533333333333333e-05,c
c,ChooseHints,gemver,DOUBLE,3,SMALL,0.49620253164556954,0.00013166666666666668,6.533333333333333e-05,c
c,ChooseHints,gemver,DOUBLE,4,SMALL,0.6599326599326598,9.900000000000001e-05,6.533333333333333e-05,c
c,ChooseHints,gemver,DOUBLE,5,SMALL,0.6805555555555555,9.6e-05,6.533333333333333e-05,c
c,FromPlan,gemver,DOUBLE,1,SMALL,1.6333333333333333,3.9999999999999996e-05,6.533333333333333e-05,c
c,FromPlan,gemver,DOUBLE,2,SMALL,1.5934959349593494,4.1e-05,6.533333333333333e-05,c
c,FromPlan,gemver,DOUBLE,3,SMALL,1.4626865671641789,4.466666666666667e-05,6.533333333333333e-05,c
c,FromPlan,gemver,DOUBLE,4,SMALL,1.3706293706293704,4.766666666666667e-05,6.533333333333333e-05,c
c,Naive,gemver,DOUBLE,1,SMALL,1.4518518518518515,4.5e-05,6.533333333333333e-05,c
c,Naive,gemver,DOUBLE,2,SMALL,1.4518518518518515,4.5e-05,6.533333333333333e-05,c
c,Naive,gemver,DOUBLE,3,SMALL,1.4,4.6666666666666665e-05,6.533333333333333e-05,c
c,Naive,gemver,DOUBLE,4,SMALL,1.5193798449612403,4.2999999999999995e-05,6.533333333333333e-05,c
c,Naive,gemver,DOUBLE,5,SMALL,1.4736842105263155,4.433333333333334e-05,6.533333333333333e-05,c
c,standard,gemver,DOUBLE,1,SMALL,1.0,6.533333333333333e-05,6.533333333333333e-05,c
exo,AllHints,gemver,DOUBLE,1,SMALL,1.0652173913043477,6.133333333333334e-05,6.533333333333333e-05,c
exo,AllHints,gemver,DOUBLE,2,SMALL,0.6533333333333333,9.999999999999999e-05,6.533333333333333e-05,c
exo,AllHints,gemver,DOUBLE,3,SMALL,0.5414364640883977,0.00012066666666666667,6.533333333333333e-05,c
exo,AllHints,gemver,DOUBLE,4,SMALL,0.6805555555555555,9.6e-05,6.533333333333333e-05,c
exo,AllHints,gemver,DOUBLE,5,SMALL,0.4655581947743467,0.00014033333333333335,6.533333333333333e-05,c
exo,ChooseHints,gemver,DOUBLE,1,SMALL,1.031578947368421,6.333333333333333e-05,6.533333333333333e-05,c
exo,ChooseHints,gemver,DOUBLE,2,SMALL,0.48039215686274506,0.000136,6.533333333333333e-05,c
exo,FromPlan,gemver,DOUBLE,1,SMALL,0.8340425531914893,7.833333333333333e-05,6.533333333333333e-05,c
exo,FromPlan,gemver,DOUBLE,2,SMALL,0.021390374331550797,0.003054333333333334,6.533333333333333e-05,c
exo,Naive,gemver,DOUBLE,5,SMALL,0.5226666666666666,0.000125,6.533333333333333e-05,c
exo,standard,gemver,DOUBLE,1,SMALL,0.9158878504672896,7.133333333333334e-05,6.533333333333333e-05,c
exo,standard,gemver,DOUBLE,2,SMALL,0.9158878504672896,7.133333333333334e-05,6.533333333333333e-05,c
exo,standard,gemver,DOUBLE,3,SMALL,0.911627906976744,7.166666666666667e-05,6.533333333333333e-05,c
exo,standard,gemver,DOUBLE,4,SMALL,0.9074074074074073,7.2e-05,6.533333333333333e-05,c
exo,standard,gemver,DOUBLE,5,SMALL,0.9607843137254899,6.800000000000001e-05,6.533333333333333e-05,c
halide,standard,gemver,DOUBLE,1,SMALL,0.021933751119068933,0.0029786666666666664,6.533333333333333e-05,c
halide,standard,gemver,DOUBLE,4,SMALL,0.6712328767123287,9.733333333333333e-05,6.533333333333333e-05,c
noarr,AllHints,gemver,DOUBLE,1,SMALL,1.7657657657657657,3.7e-05,6.533333333333333e-05,c
noarr,AllHints,gemver,DOUBLE,2,SMALL,0.02842639593908629,0.0022983333333333332,6.533333333333333e-05,c
noarr,AllHints,gemver,DOUBLE,3,SMALL,0.028056112224448895,0.002328666666666667,6.533333333333333e-05,c
noarr,AllHints,gemver,DOUBLE,4,SMALL,1.1878787878787878,5.5e-05,6.533333333333333e-05,c
noarr,AllHints,gemver,DOUBLE,5,SMALL,0.026497228606191695,0.002465666666666667,6.533333333333333e-05,c
noarr,ChooseHints,gemver,DOUBLE,1,SMALL,1.5555555555555556,4.2e-05,6.533333333333333e-05,c
noarr,ChooseHints,gemver,DOUBLE,2,SMALL,1.7192982456140349,3.8e-05,6.533333333333333e-05,c
noarr,ChooseHints,gemver,DOUBLE,3,SMALL,0.02783300198807157,0.002347333333333333,6.533333333333333e-05,c
noarr,ChooseHints,gemver,DOUBLE,4,SMALL,1.5679999999999998,4.1666666666666665e-05,6.533333333333333e-05,c
noarr,ChooseHints,gemver,DOUBLE,5,SMALL,1.2098765432098766,5.399999999999999e-05,6.533333333333333e-05,c
noarr,FromPlan,gemver,DOUBLE,1,SMALL,1.1329479768786128,5.766666666666666e-05,6.533333333333333e-05,c
noarr,FromPlan,gemver,DOUBLE,2,SMALL,1.5679999999999998,4.1666666666666665e-05,6.533333333333333e-05,c
noarr,FromPlan,gemver,DOUBLE,3,SMALL,1.8148148148148147,3.6e-05,6.533333333333333e-05,c
noarr,FromPlan,gemver,DOUBLE,4,SMALL,1.7192982456140349,3.8e-05,6.533333333333333e-05,c
noarr,Naive,gemver,DOUBLE,1,SMALL,1.7192982456140349,3.8e-05,6.533333333333333e-05,c
noarr,Naive,gemver,DOUBLE,2,SMALL,2.419753086419753,2.6999999999999996e-05,6.533333333333333e-05,c
noarr,Naive,gemver,DOUBLE,3,SMALL,1.7818181818181817,3.6666666666666666e-05,6.533333333333333e-05,c
noarr,Naive,gemver,DOUBLE,4,SMALL,1.7657657657657657,3.7e-05,6.533333333333333e-05,c
noarr,Naive,gemver,DOUBLE,5,SMALL,1.7345132743362828,3.766666666666667e-05,6.533333333333333e-05,c
noarr,standard,gemver,DOUBLE,1,SMALL,1.1529411764705881,5.666666666666667e-05,6.533333333333333e-05,c
noarr,standard,gemver,DOUBLE,2,SMALL,1.0949720670391059,5.966666666666667e-05,6.533333333333333e-05,c
noarr,standard,gemver,DOUBLE,3,SMALL,1.1529411764705881,5.666666666666667e-05,6.533333333333333e-05,c
noarr,standard,gemver,DOUBLE,5,SMALL,1.1529411764705881,5.666666666666667e-05,6.533333333333333e-05,c
c,AllHints,gesummv,DOUBLE,1,SMALL,1.3787878787878787,2.2000000000000003e-05,3.0333333333333333e-05,c
c,AllHints,gesummv,DOUBLE,2,SMALL,1.2465753424657535,2.4333333333333333e-05,3.0333333333333333e-05,c
c,AllHints,gesummv,DOUBLE,3,SMALL,0.7222222222222222,4.2e-05,3.0333333333333333e-05,c
c,AllHints,gesummv,DOUBLE,4,SMALL,1.5166666666666666,2e-05,3.0333333333333333e-05,c
c,AllHints,gesummv,DOUBLE,5,SMALL,0.7459016393442622,4.066666666666667e-05,3.0333333333333333e-05,c
c,ChooseHints,gesummv,DOUBLE,1,SMALL,0.7583333333333333,4e-05,3.0333333333333333e-05,c
c,ChooseHints,gesummv,DOUBLE,2,SMALL,0.7054263565891473,4.2999999999999995e-05,3.0333333333333333e-05,c
c,ChooseHints,gesummv,DOUBLE,3,SMALL,0.7520661157024793,4.0333333333333336e-05,3.0333333333333333e-05,c
c,ChooseHints,gesummv,DOUBLE,4,SMALL,1.4218750000000002,2.133333333333333e-05,3.0333333333333333e-05,c
c,ChooseHints,gesummv,DOUBLE,5,SMALL,0.7398373983739838,4.1e-05,3.0333333333333333e-05,c
c,FromPlan,gesummv,DOUBLE,1,SMALL,0.8125000000000001,3.733333333333333e-05,3.0333333333333333e-05,c
c,FromPlan,gesummv,DOUBLE,2,SMALL,0.7913043478260869,3.8333333333333334e-05,3.0333333333333333e-05,c
c,FromPlan,gesummv,DOUBLE,3,SMALL,2.1162790697674416,1.4333333333333334e-05,3.0333333333333333e-05,c
c,FromPlan,gesummv,DOUBLE,4,SMALL,0.7647058823529411,3.966666666666667e-05,3.0333333333333333e-05,c
c,FromPlan,gesummv,DOUBLE,5,SMALL,0.8125000000000001,3.733333333333333e-05,3.0333333333333333e-05,c
c,Naive,gesummv,DOUBLE,1,SMALL,0.7459016393442622,4.066666666666667e-05,3.0333333333333333e-05,c
c,Naive,gesummv,DOUBLE,2,SMALL,2.2750000000000004,1.3333333333333332e-05,3.0333333333333333e-05,c
c,Naive,gesummv,DOUBLE,3,SMALL,2.219512195121951,1.3666666666666667e-05,3.0333333333333333e-05,c
c,Naive,gesummv,DOUBLE,4,SMALL,2.1666666666666665,1.4e-05,3.0333333333333333e-05,c
c,Naive,gesummv,DOUBLE,5,SMALL,0.5833333333333334,5.2e-05,3.0333333333333333e-05,c
c,standard,gesummv,DOUBLE,1,SMALL,1.0,3.0333333333333333e-05,3.0333333333333333e-05,c
exo,AllHints,gesummv,DOUBLE,2,SMALL,0.7777777777777778,3.9e-05,3.0333333333333333e-05,c
exo,AllHints,gesummv,DOUBLE,3,SMALL,0.7777777777777778,3.9e-05,3.0333333333333333e-05,c
exo,AllHints,gesummv,DOUBLE,4,SMALL,0.7583333333333334,3.9999999999999996e-05,3.0333333333333333e-05,c
exo,AllHints,gesummv,DOUBLE,5,SMALL,0.7777777777777778,3.9e-05,3.0333333333333333e-05,c
exo,ChooseHints,gesummv,DOUBLE,1,SMALL,0.7711864406779662,3.933333333333333e-05,3.0333333333333333e-05,c
exo,ChooseHints,gesummv,DOUBLE,3,SMALL,0.7165354330708662,4.233333333333333e-05,3.0333333333333333e-05,c
exo,ChooseHints,gesummv,DOUBLE,4,SMALL,0.7777777777777778,3.9e-05,3.0333333333333333e-05,c
exo,ChooseHints,gesummv,DOUBLE,5,SMALL,0.7711864406779662,3.933333333333333e-05,3.0333333333333333e-05,c
exo,FromPlan,gesummv,DOUBLE,2,SMALL,0.558282208588957,5.433333333333334e-05,3.0333333333333333e-05,c
exo,FromPlan,gesummv,DOUBLE,3,SMALL,2.022222222222222,1.5e-05,3.0333333333333333e-05,c
exo,FromPlan,gesummv,DOUBLE,5,SMALL,0.7398373983739838,4.1e-05,3.0333333333333333e-05,c
exo,Naive,gesummv,DOUBLE,1,SMALL,0.6999999999999998,4.333333333333334e-05,3.0333333333333333e-05,c
exo,Naive,gesummv,DOUBLE,2,SMALL,0.5986842105263158,5.066666666666667e-05,3.0333333333333333e-05,c
exo,Naive,gesummv,DOUBLE,3,SMALL,0.20541760722347627,0.0001476666666666667,3.0333333333333333e-05,c
exo,Naive,gesummv,DOUBLE,4,SMALL,0.2116279069767442,0.00014333333333333334,3.0333333333333333e-05,c
exo,Naive,gesummv,DOUBLE,5,SMALL,0.9784946236559139,3.1e-05,3.0333333333333333e-05,c
exo,standard,gesummv,DOUBLE,1,SMALL,0.9784946236559139,3.1e-05,3.0333333333333333e-05,c
exo,standard,gesummv,DOUBLE,2,SMALL,0.9784946236559139,3.1e-05,3.0333333333333333e-05,c
exo,standard,gesummv,DOUBLE,3,SMALL,0.9784946236559139,3.1e-05,3.0333333333333333e-05,c
exo,standard,gesummv,DOUBLE,4,SMALL,0.9891304347826086,3.066666666666667e-05,3.0333333333333333e-05,c
exo,standard,gesummv,DOUBLE,5,SMALL,0.9784946236559139,3.1e-05,3.0333333333333333e-05,c
halide,FromPlan,gesummv,DOUBLE,1,SMALL,0.012391067538126362,0.002448,3.0333333333333333e-05,c
halide,Naive,gesummv,DOUBLE,4,SMALL,0.011473962930273609,0.002643666666666667,3.0333333333333333e-05,c
halide,Naive,gesummv,DOUBLE,5,SMALL,0.09891304347826087,0.0003066666666666667,3.0333333333333333e-05,c
halide,standard,gesummv,DOUBLE,1,SMALL,0.558282208588957,5.433333333333334e-05,3.0333333333333333e-05,c
halide,standard,gesummv,DOUBLE,2,SMALL,0.6232876712328768,4.8666666666666666e-05,3.0333333333333333e-05,c
halide,standard,gesummv,DOUBLE,3,SMALL,0.5833333333333334,5.2e-05,3.0333333333333333e-05,c
halide,standard,gesummv,DOUBLE,4,SMALL,0.610738255033557,4.966666666666666e-05,3.0333333333333333e-05,c
halide,standard,gesummv,DOUBLE,5,SMALL,0.6190476190476191,4.9e-05,3.0333333333333333e-05,c
noarr,AllHints,gesummv,DOUBLE,1,SMALL,3.033333333333333,1e-05,3.0333333333333333e-05,c
noarr,AllHints,gesummv,DOUBLE,2,SMALL,0.7398373983739838,4.1e-05,3.0333333333333333e-05,c
noarr,AllHints,gesummv,DOUBLE,3,SMALL,3.033333333333333,1e-05,3.0333333333333333e-05,c
noarr,AllHints,gesummv,DOUBLE,4,SMALL,3.033333333333333,1e-05,3.0333333333333333e-05,c
noarr,AllHints,gesummv,DOUBLE,5,SMALL,0.013455567056040217,0.0022543333333333334,3.0333333333333333e-05,c
noarr,ChooseHints,gesummv,DOUBLE,1,SMALL,0.013247925462221574,0.002289666666666667,3.0333333333333333e-05,c
noarr,ChooseHints,gesummv,DOUBLE,2,SMALL,3.033333333333333,1e-05,3.0333333333333333e-05,c
noarr,ChooseHints,gesummv,DOUBLE,3,SMALL,0.013307984790874524,0.0022793333333333333,3.0333333333333333e-05,c
noarr,ChooseHints,gesummv,DOUBLE,4,SMALL,0.013404035940491974,0.002263,3.0333333333333333e-05,c
noarr,ChooseHints,gesummv,DOUBLE,5,SMALL,2.935483870967742,1.0333333333333333e-05,3.0333333333333333e-05,c
noarr,FromPlan,gesummv,DOUBLE,1,SMALL,1.8958333333333335,1.6e-05,3.0333333333333333e-05,c
noarr,FromPlan,gesummv,DOUBLE,3,SMALL,0.9191919191919191,3.3e-05,3.0333333333333333e-05,c
noarr,FromPlan,gesummv,DOUBLE,4,SMALL,2.7575757575757573,1.1000000000000001e-05,3.0333333333333333e-05,c
noarr,Naive,gesummv,DOUBLE,1,SMALL,3.033333333333333,1e-05,3.0333333333333333e-05,c
noarr,Naive,gesummv,DOUBLE,2,SMALL,3.033333333333333,1e-05,3.0333333333333333e-05,c
noarr,Naive,gesummv,DOUBLE,3,SMALL,2.935483870967742,1.0333333333333333e-05,3.0333333333333333e-05,c
noarr,Naive,gesummv,DOUBLE,4,SMALL,2.8437500000000004,1.0666666666666666e-05,3.0333333333333333e-05,c
noarr,Naive,gesummv,DOUBLE,5,SMALL,2.935483870967742,1.0333333333333333e-05,3.0333333333333333e-05,c
noarr,standard,gesummv,DOUBLE,1,SMALL,1.2133333333333334,2.5e-05,3.0333333333333333e-05,c
noarr,standard,gesummv,DOUBLE,2,SMALL,1.2133333333333334,2.5e-05,3.0333333333333333e-05,c
noarr,standard,gesummv,DOUBLE,3,SMALL,1.2133333333333334,2.5e-05,3.0333333333333333e-05,c
noarr,standard,gesummv,DOUBLE,4,SMALL,1.2133333333333334,2.5e-05,3.0333333333333333e-05,c
noarr,standard,gesummv,DOUBLE,5,SMALL,1.2133333333333334,2.5e-05,3.0333333333333333e-05,c
c,ChooseHints,gramschmidt,DOUBLE,1,SMALL,2.084375,0.00021333333333333336,0.0004446666666666667,c
c,ChooseHints,gramschmidt,DOUBLE,4,SMALL,2.2687074829931975,0.000196,0.0004446666666666667,c
c,Naive,gramschmidt,DOUBLE,1,SMALL,2.9513274336283186,0.00015066666666666668,0.0004446666666666667,c
c,standard,gramschmidt,DOUBLE,1,SMALL,1.0,0.0004446666666666667,0.0004446666666666667,c
c,AllHints,jacobi-1d,DOUBLE,1,SMALL,0.008150789607743254,0.0006543333333333333,5.3333333333333345e-06,c
c,AllHints,jacobi-1d,DOUBLE,2,SMALL,0.008342022940563089,0.0006393333333333333,5.3333333333333345e-06,c
c,AllHints,jacobi-1d,DOUBLE,4,SMALL,0.04664723032069972,0.00011433333333333333,5.3333333333333345e-06,c
c,AllHints,jacobi-1d,DOUBLE,5,SMALL,0.007666506947771924,0.0006956666666666666,5.3333333333333345e-06,c
c,ChooseHints,jacobi-1d,DOUBLE,2,SMALL,0.0077519379844961265,0.0006879999999999999,5.3333333333333345e-06,c
c,ChooseHints,jacobi-1d,DOUBLE,3,SMALL,0.007572172266919075,0.0007043333333333333,5.3333333333333345e-06,c
c,ChooseHints,jacobi-1d,DOUBLE,4,SMALL,0.007565011820330972,0.0007049999999999999,5.3333333333333345e-06,c
c,ChooseHints,jacobi-1d,DOUBLE,5,SMALL,0.007785888077858883,0.000685,5.3333333333333345e-06,c
c,FromPlan,jacobi-1d,DOUBLE,2,SMALL,0.008277289187791,0.0006443333333333333,5.3333333333333345e-06,c
c,FromPlan,jacobi-1d,DOUBLE,3,SMALL,0.007582938388625595,0.0007033333333333333,5.3333333333333345e-06,c
c,FromPlan,jacobi-1d,DOUBLE,4,SMALL,0.007666506947771924,0.0006956666666666666,5.3333333333333345e-06,c
c,FromPlan,jacobi-1d,DOUBLE,5,SMALL,0.007736943907156675,0.0006893333333333334,5.3333333333333345e-06,c
c,Naive,jacobi-1d,DOUBLE,2,SMALL,0.4848484848484849,1.1000000000000001e-05,5.3333333333333345e-06,c
c,Naive,jacobi-1d,DOUBLE,3,SMALL,1.0666666666666669,5e-06,5.3333333333333345e-06,c
c,Naive,jacobi-1d,DOUBLE,4,SMALL,1.0666666666666669,5e-06,5.3333333333333345e-06,c
c,Naive,jacobi-1d,DOUBLE,5,SMALL,1.0,5.3333333333333345e-06,5.3333333333333345e-06,c
c,standard,jacobi-1d,DOUBLE,1,SMALL,1.0,5.3333333333333345e-06,5.3333333333333345e-06,c
exo,AllHints,jacobi-1d,DOUBLE,1,SMALL,0.002538071065989848,0.0021013333333333335,5.3333333333333345e-06,c
exo,AllHints,jacobi-1d,DOUBLE,2,SMALL,0.0025514272045925697,0.0020903333333333334,5.3333333333333345e-06,c
exo,AllHints,jacobi-1d,DOUBLE,3,SMALL,0.0026045905909164906,0.002047666666666667,5.3333333333333345e-06,c
exo,AllHints,jacobi-1d,DOUBLE,4,SMALL,0.002596138244361513,0.0020543333333333334,5.3333333333333345e-06,c
exo,AllHints,jacobi-1d,DOUBLE,5,SMALL,0.00262209111766634,0.002034,5.3333333333333345e-06,c
exo,ChooseHints,jacobi-1d,DOUBLE,1,SMALL,0.002631146193060353,0.0020269999999999997,5.3333333333333345e-06,c
exo,ChooseHints,jacobi-1d,DOUBLE,3,SMALL,0.00259993500162496,0.0020513333333333334,5.3333333333333345e-06,c
exo,ChooseHints,jacobi-1d,DOUBLE,4,SMALL,0.002665778073975342,0.0020006666666666667,5.3333333333333345e-06,c
exo,ChooseHints,jacobi-1d,DOUBLE,5,SMALL,0.0026113921984658073,0.0020423333333333335,5.3333333333333345e-06,c
exo,FromPlan,jacobi-1d,DOUBLE,1,SMALL,0.0025595904655255166,0.0020836666666666664,5.3333333333333345e-06,c
exo,FromPlan,jacobi-1d,DOUBLE,4,SMALL,0.002748668613640269,0.0019403333333333332,5.3333333333333345e-06,c
exo,Naive,jacobi-1d,DOUBLE,1,SMALL,0.002516910492370616,0.002119,5.3333333333333345e-06,c
exo,Naive,jacobi-1d,DOUBLE,2,SMALL,0.002500781494216943,0.002132666666666667,5.3333333333333345e-06,c
exo,Naive,jacobi-1d,DOUBLE,5,SMALL,0.0025624599615631017,0.002081333333333333,5.3333333333333345e-06,c
exo,standard,jacobi-1d,DOUBLE,1,SMALL,1.0,5.3333333333333345e-06,5.3333333333333345e-06,c
exo,standard,jacobi-1d,DOUBLE,2,SMALL,0.9411764705882355,5.666666666666667e-06,5.3333333333333345e-06,c
exo,standard,jacobi-1d,DOUBLE,3,SMALL,0.8888888888888891,6e-06,5.3333333333333345e-06,c
exo,standard,jacobi-1d,DOUBLE,4,SMALL,0.9411764705882355,5.666666666666667e-06,5.3333333333333345e-06,c
exo,standard,jacobi-1d,DOUBLE,5,SMALL,0.9411764705882355,5.666666666666667e-06,5.3333333333333345e-06,c
halide,ChooseHints,jacobi-1d,DOUBLE,3,SMALL,0.0032474122183884725,0.0016423333333333333,5.3333333333333345e-06,c
halide,FromPlan,jacobi-1d,DOUBLE,4,SMALL,0.0076555023923444996,0.0006966666666666666,5.3333333333333345e-06,c
halide,standard,jacobi-1d,DOUBLE,2,SMALL,0.0683760683760684,7.8e-05,5.3333333333333345e-06,c
halide,standard,jacobi-1d,DOUBLE,5,SMALL,0.0744186046511628,7.166666666666667e-05,5.3333333333333345e-06,c
noarr,AllHints,jacobi-1d,DOUBLE,1,SMALL,0.001179593040401062,0.004521333333333333,5.3333333333333345e-06,c
noarr,AllHints,jacobi-1d,DOUBLE,2,SMALL,1.0666666666666669,5e-06,5.3333333333333345e-06,c
noarr,AllHints,jacobi-1d,DOUBLE,3,SMALL,0.7272727272727274,7.333333333333333e-06,5.3333333333333345e-06,c
noarr,AllHints,jacobi-1d,DOUBLE,4,SMALL,0.0025078369905956114,0.002126666666666667,5.3333333333333345e-06,c
noarr,AllHints,jacobi-1d,DOUBLE,5,SMALL,1.142857142857143,4.666666666666667e-06,5.3333333333333345e-06,c
noarr,ChooseHints,jacobi-1d,DOUBLE,1,SMALL,0.0011998500187476568,0.004445,5.3333333333333345e-06,c
noarr,ChooseHints,jacobi-1d,DOUBLE,2,SMALL,0.4324324324324325,1.2333333333333334e-05,5.3333333333333345e-06,c
noarr,ChooseHints,jacobi-1d,DOUBLE,3,SMALL,0.0012106537530266347,0.004405333333333333,5.3333333333333345e-06,c
noarr,ChooseHints,jacobi-1d,DOUBLE,4,SMALL,0.0012077294685990342,0.004416,5.3333333333333345e-06,c
noarr,ChooseHints,jacobi-1d,DOUBLE,5,SMALL,0.0018281535648994522,0.002917333333333333,5.3333333333333345e-06,c
noarr,FromPlan,jacobi-1d,DOUBLE,1,SMALL,0.12698412698412703,4.2e-05,5.3333333333333345e-06,c
noarr,FromPlan,jacobi-1d,DOUBLE,2,SMALL,1.0666666666666669,5e-06,5.3333333333333345e-06,c
noarr,FromPlan,jacobi-1d,DOUBLE,3,SMALL,0.06926406926406928,7.7e-05,5.3333333333333345e-06,c
noarr,FromPlan,jacobi-1d,DOUBLE,4,SMALL,0.2025316455696203,2.633333333333333e-05,5.3333333333333345e-06,c
noarr,FromPlan,jacobi-1d,DOUBLE,5,SMALL,0.04102564102564104,0.00013,5.3333333333333345e-06,c
noarr,Naive,jacobi-1d,DOUBLE,1,SMALL,0.002510591558135886,0.0021243333333333335,5.3333333333333345e-06,c
noarr,Naive,jacobi-1d,DOUBLE,3,SMALL,0.0010378153985859766,0.005139,5.3333333333333345e-06,c
noarr,Naive,jacobi-1d,DOUBLE,4,SMALL,0.6666666666666669,8e-06,5.3333333333333345e-06,c
noarr,Naive,jacobi-1d,DOUBLE,5,SMALL,0.6666666666666669,8e-06,5.3333333333333345e-06,c
noarr,standard,jacobi-1d,DOUBLE,1,SMALL,1.2307692307692308,4.333333333333334e-06,5.3333333333333345e-06,c
noarr,standard,jacobi-1d,DOUBLE,2,SMALL,1.142857142857143,4.666666666666667e-06,5.3333333333333345e-06,c
noarr,standard,jacobi-1d,DOUBLE,3,SMALL,1.142857142857143,4.666666666666667e-06,5.3333333333333345e-06,c
noarr,standard,jacobi-1d,DOUBLE,4,SMALL,1.142857142857143,4.666666666666667e-06,5.3333333333333345e-06,c
noarr,standard,jacobi-1d,DOUBLE,5,SMALL,1.142857142857143,4.666666666666667e-06,5.3333333333333345e-06,c
c,AllHints,jacobi-2d,DOUBLE,1,SMALL,0.3265013322402132,0.0016263333333333331,0.000531,c
c,AllHints,jacobi-2d,DOUBLE,2,SMALL,0.5287089279787587,0.0010043333333333334,0.000531,c
c,AllHints,jacobi-2d,DOUBLE,3,SMALL,0.43956953642384106,0.001208,0.000531,c
c,AllHints,jacobi-2d,DOUBLE,4,SMALL,1.1888059701492537,0.00044666666666666666,0.000531,c
c,AllHints,jacobi-2d,DOUBLE,5,SMALL,0.8131699846860644,0.0006529999999999999,0.000531,c
c,ChooseHints,jacobi-2d,DOUBLE,1,SMALL,0.3157581764122894,0.0016816666666666666,0.000531,c
c,ChooseHints,jacobi-2d,DOUBLE,2,SMALL,0.31663685152057247,0.0016769999999999999,0.000531,c
c,ChooseHints,jacobi-2d,DOUBLE,3,SMALL,0.3517332744535217,0.0015096666666666668,0.000531,c
c,ChooseHints,jacobi-2d,DOUBLE,4,SMALL,0.33070375752543074,0.0016056666666666667,0.000531,c
c,ChooseHints,jacobi-2d,DOUBLE,5,SMALL,0.32246963562753034,0.0016466666666666667,0.000531,c
c,FromPlan,jacobi-2d,DOUBLE,1,SMALL,0.8335949764521193,0.000637,0.000531,c
c,FromPlan,jacobi-2d,DOUBLE,2,SMALL,1.0063171193935567,0.0005276666666666666,0.000531,c
c,FromPlan,jacobi-2d,DOUBLE,3,SMALL,0.29747899159663865,0.0017850000000000001,0.000531,c
c,FromPlan,jacobi-2d,DOUBLE,4,SMALL,0.9250871080139373,0.000574,0.000531,c
c,FromPlan,jacobi-2d,DOUBLE,5,SMALL,0.21688223281143637,0.002448333333333333,0.000531,c
c,Naive,jacobi-2d,DOUBLE,1,SMALL,1.0101458465440711,0.0005256666666666666,0.000531,c
c,Naive,jacobi-2d,DOUBLE,2,SMALL,1.0384615384615383,0.0005113333333333334,0.000531,c
c,Naive,jacobi-2d,DOUBLE,3,SMALL,0.9567567567567566,0.000555,0.000531,c
c,Naive,jacobi-2d,DOUBLE,4,SMALL,0.32220873786407767,0.001648,0.000531,c
c,standard,jacobi-2d,DOUBLE,1,SMALL,1.0,0.000531,0.000531,c
exo,AllHints,jacobi-2d,DOUBLE,2,SMALL,0.1626173948550429,0.003265333333333333,0.000531,c
exo,AllHints,jacobi-2d,DOUBLE,3,SMALL,0.2817972757827702,0.0018843333333333333,0.000531,c
exo,ChooseHints,jacobi-2d,DOUBLE,1,SMALL,0.15931593159315935,0.0033329999999999996,0.000531,c
exo,ChooseHints,jacobi-2d,DOUBLE,2,SMALL,0.1619725470259278,0.003278333333333333,0.000531,c
exo,ChooseHints,jacobi-2d,DOUBLE,4,SMALL,0.27805899807994416,0.0019096666666666665,0.000531,c
exo,Naive,jacobi-2d,DOUBLE,3,SMALL,0.17345383275261325,0.003061333333333333,0.000531,c
exo,standard,jacobi-2d,DOUBLE,1,SMALL,0.9642857142857143,0.0005506666666666666,0.000531,c
exo,standard,jacobi-2d,DOUBLE,2,SMALL,0.9637023593466426,0.000551,0.000531,c
exo,standard,jacobi-2d,DOUBLE,3,SMALL,0.9066590779738191,0.0005856666666666666,0.000531,c
exo,standard,jacobi-2d,DOUBLE,4,SMALL,0.9660400242571257,0.0005496666666666666,0.000531,c
exo,standard,jacobi-2d,DOUBLE,5,SMALL,0.9476502082093992,0.0005603333333333334,0.000531,c
halide,AllHints,jacobi-2d,DOUBLE,2,SMALL,0.5145348837209301,0.0010320000000000001,0.000531,c
halide,ChooseHints,jacobi-2d,DOUBLE,1,SMALL,0.35049504950495053,0.0015149999999999999,0.000531,c
halide,FromPlan,jacobi-2d,DOUBLE,3,SMALL,0.4315903549173666,0.0012303333333333333,0.000531,c
halide,FromPlan,jacobi-2d,DOUBLE,4,SMALL,0.09058341862845447,0.005861999999999999,0.000531,c
halide,FromPlan,jacobi-2d,DOUBLE,5,SMALL,0.22471434617012273,0.002363,0.000531,c
halide,Naive,jacobi-2d,DOUBLE,1,SMALL,0.5880398671096345,0.000903,0.000531,c
halide,Naive,jacobi-2d,DOUBLE,3,SMALL,0.39577639751552796,0.0013416666666666666,0.000531,c
halide,Naive,jacobi-2d,DOUBLE,4,SMALL,0.45841726618705037,0.0011583333333333333,0.000531,c
halide,standard,jacobi-2d,DOUBLE,3,SMALL,0.22582931669974482,0.0023513333333333333,0.000531,c
halide,standard,jacobi-2d,DOUBLE,4,SMALL,0.47566437742609735,0.0011163333333333333,0.000531,c
halide,standard,jacobi-2d,DOUBLE,5,SMALL,0.22267263069611404,0.002384666666666667,0.000531,c
noarr,AllHints,jacobi-2d,DOUBLE,1,SMALL,0.09278350515463918,0.005723,0.000531,c
noarr,AllHints,jacobi-2d,DOUBLE,2,SMALL,0.15977933801404215,0.003323333333333333,0.000531,c
noarr,AllHints,jacobi-2d,DOUBLE,3,SMALL,0.1610555050045496,0.003297,0.000531,c
noarr,AllHints,jacobi-2d,DOUBLE,4,SMALL,0.09465803078020085,0.0056096666666666664,0.000531,c
noarr,AllHints,jacobi-2d,DOUBLE,5,SMALL,0.09421575585521648,0.0056359999999999995,0.000531,c
noarr,ChooseHints,jacobi-2d,DOUBLE,1,SMALL,1.3046683046683045,0.000407,0.000531,c
noarr,ChooseHints,jacobi-2d,DOUBLE,2,SMALL,0.0939324252609234,0.005653000000000001,0.000531,c
noarr,ChooseHints,jacobi-2d,DOUBLE,3,SMALL,1.3230897009966778,0.00040133333333333335,0.000531,c
noarr,ChooseHints,jacobi-2d,DOUBLE,4,SMALL,0.1634013744999487,0.0032496666666666668,0.000531,c
noarr,ChooseHints,jacobi-2d,DOUBLE,5,SMALL,0.16245156026922294,0.0032686666666666662,0.000531,c
noarr,FromPlan,jacobi-2d,DOUBLE,1,SMALL,1.0528750826173165,0.0005043333333333333,0.000531,c
noarr,FromPlan,jacobi-2d,DOUBLE,2,SMALL,1.043222003929273,0.000509,0.000531,c
noarr,FromPlan,jacobi-2d,DOUBLE,3,SMALL,1.1054823039555866,0.0004803333333333333,0.000531,c
noarr,FromPlan,jacobi-2d,DOUBLE,4,SMALL,1.0940934065934067,0.0004853333333333333,0.000531,c
noarr,FromPlan,jacobi-2d,DOUBLE,5,SMALL,1.0770791075050712,0.000493,0.000531,c
noarr,Naive,jacobi-2d,DOUBLE,1,SMALL,0.16217041636974447,0.0032743333333333335,0.000531,c
noarr,Naive,jacobi-2d,DOUBLE,2,SMALL,1.1941529235382307,0.0004446666666666667,0.000531,c
noarr,Naive,jacobi-2d,DOUBLE,3,SMALL,0.1605037783375315,0.0033083333333333333,0.000531,c
noarr,Naive,jacobi-2d,DOUBLE,5,SMALL,0.6732882502113271,0.0007886666666666667,0.000531,c
noarr,standard,jacobi-2d,DOUBLE,1,SMALL,1.3409090909090908,0.00039600000000000003,0.000531,c
noarr,standard,jacobi-2d,DOUBLE,2,SMALL,1.3297161936560935,0.0003993333333333333,0.000531,c
noarr,standard,jacobi-2d,DOUBLE,3,SMALL,1.3852173913043477,0.00038333333333333334,0.000531,c
noarr,standard,jacobi-2d,DOUBLE,4,SMALL,1.312191103789127,0.00040466666666666667,0.000531,c
noarr,standard,jacobi-2d,DOUBLE,5,SMALL,1.3864229765013054,0.00038300000000000004,0.000531,c
c,AllHints,lu,DOUBLE,1,SMALL,1.4355716878402907,0.000551,0.000791,c
c,AllHints,lu,DOUBLE,2,SMALL,1.4434306569343067,0.000548,0.000791,c
c,AllHints,lu,DOUBLE,3,SMALL,0.18320080290280244,0.004317666666666667,0.000791,c
c,AllHints,lu,DOUBLE,4,SMALL,1.4460694698354664,0.000547,0.000791,c
c,AllHints,lu,DOUBLE,5,SMALL,1.4390539721043056,0.0005496666666666667,0.000791,c
c,ChooseHints,lu,DOUBLE,1,SMALL,1.3693017888055397,0.0005776666666666666,0.000791,c
c,ChooseHints,lu,DOUBLE,2,SMALL,1.4373107207752878,0.0005503333333333333,0.000791,c
c,ChooseHints,lu,DOUBLE,3,SMALL,1.3869082407948568,0.0005703333333333334,0.000791,c
c,ChooseHints,lu,DOUBLE,4,SMALL,1.4522643818849448,0.0005446666666666667,0.000791,c
c,ChooseHints,lu,DOUBLE,5,SMALL,0.2087989441267048,0.0037883333333333332,0.000791,c
c,FromPlan,lu,DOUBLE,1,SMALL,1.300986842105263,0.000608,0.000791,c
c,FromPlan,lu,DOUBLE,2,SMALL,0.2528502930207778,0.0031283333333333337,0.000791,c
c,FromPlan,lu,DOUBLE,3,SMALL,1.4295180722891567,0.0005533333333333333,0.000791,c
c,FromPlan,lu,DOUBLE,4,SMALL,1.1246445497630333,0.0007033333333333333,0.000791,c
c,FromPlan,lu,DOUBLE,5,SMALL,2.6783295711060946,0.0002953333333333334,0.000791,c
c,Naive,lu,DOUBLE,1,SMALL,1.4338368580060423,0.0005516666666666667,0.000791,c
c,Naive,lu,DOUBLE,2,SMALL,1.4355716878402907,0.000551,0.000791,c
c,Naive,lu,DOUBLE,3,SMALL,1.4141835518474377,0.0005593333333333332,0.000791,c
c,Naive,lu,DOUBLE,4,SMALL,1.4209580838323355,0.0005566666666666667,0.000791,c
c,Naive,lu,DOUBLE,5,SMALL,1.4381818181818182,0.00055,0.000791,c
c,standard,lu,DOUBLE,1,SMALL,1.0,0.000791,0.000791,c
exo,AllHints,lu,DOUBLE,1,SMALL,0.19248864373783262,0.004109333333333333,0.000791,c
exo,AllHints,lu,DOUBLE,2,SMALL,0.18633686690223794,0.004245,0.000791,c
exo,AllHints,lu,DOUBLE,3,SMALL,0.18476991357159542,0.004281,0.000791,c
exo,AllHints,lu,DOUBLE,4,SMALL,0.005188677182502373,0.15244733333333332,0.000791,c
exo,AllHints,lu,DOUBLE,5,SMALL,0.8135070277682551,0.0009723333333333333,0.000791,c
exo,ChooseHints,lu,DOUBLE,1,SMALL,1.2015189873417724,0.0006583333333333333,0.000791,c
exo,ChooseHints,lu,DOUBLE,2,SMALL,0.19816283924843425,0.003991666666666667,0.000791,c
exo,ChooseHints,lu,DOUBLE,3,SMALL,1.0321879077859941,0.0007663333333333333,0.000791,c
exo,FromPlan,lu,DOUBLE,3,SMALL,1.0541981341625946,0.0007503333333333333,0.000791,c
exo,Naive,lu,DOUBLE,1,SMALL,1.1730103806228374,0.0006743333333333333,0.000791,c
exo,Naive,lu,DOUBLE,2,SMALL,1.247634069400631,0.000634,0.000791,c
exo,Naive,lu,DOUBLE,3,SMALL,1.159257449926722,0.0006823333333333333,0.000791,c
exo,Naive,lu,DOUBLE,4,SMALL,0.18071738633767423,0.004377,0.000791,c
exo,Naive,lu,DOUBLE,5,SMALL,1.200910931174089,0.0006586666666666667,0.000791,c
exo,standard,lu,DOUBLE,1,SMALL,0.9446656050955415,0.0008373333333333333,0.000791,c
exo,standard,lu,DOUBLE,2,SMALL,0.9503404084901882,0.0008323333333333334,0.000791,c
exo,standard,lu,DOUBLE,3,SMALL,0.9379446640316205,0.0008433333333333334,0.000791,c
exo,standard,lu,DOUBLE,4,SMALL,0.9379446640316205,0.0008433333333333334,0.000791,c
exo,standard,lu,DOUBLE,5,SMALL,0.9353567205360661,0.0008456666666666668,0.000791,c
halide,ChooseHints,lu,DOUBLE,2,SMALL,0.10278956943602184,0.007695333333333333,0.000791,c
halide,ChooseHints,lu,DOUBLE,4,SMALL,0.09321967316153364,0.008485333333333333,0.000791,c
halide,ChooseHints,lu,DOUBLE,5,SMALL,0.06174381390992116,0.012811000000000001,0.000791,c
halide,FromPlan,lu,DOUBLE,5,SMALL,0.06076824583866837,0.013016666666666668,0.000791,c
halide,standard,lu,DOUBLE,1,SMALL,0.05805788662442199,0.013624333333333334,0.000791,c
halide,standard,lu,DOUBLE,5,SMALL,0.0625890172495648,0.012638000000000002,0.000791,c
noarr,AllHints,lu,DOUBLE,1,SMALL,1.29672131147541,0.00061,0.000791,c
noarr,AllHints,lu,DOUBLE,2,SMALL,1.181184668989547,0.0006696666666666666,0.000791,c
noarr,AllHints,lu,DOUBLE,3,SMALL,1.6399447131997238,0.0004823333333333333,0.000791,c
noarr,AllHints,lu,DOUBLE,4,SMALL,1.3052805280528055,0.000606,0.000791,c
noarr,AllHints,lu,DOUBLE,5,SMALL,1.5124282982791586,0.000523,0.000791,c
noarr,ChooseHints,lu,DOUBLE,1,SMALL,1.300986842105263,0.000608,0.000791,c
noarr,ChooseHints,lu,DOUBLE,2,SMALL,1.2649253731343284,0.0006253333333333333,0.000791,c
noarr,ChooseHints,lu,DOUBLE,3,SMALL,1.1882824236354532,0.0006656666666666667,0.000791,c
noarr,ChooseHints,lu,DOUBLE,5,SMALL,1.1088785046728973,0.0007133333333333333,0.000791,c
noarr,FromPlan,lu,DOUBLE,1,SMALL,1.6974248927038627,0.000466,0.000791,c
noarr,FromPlan,lu,DOUBLE,2,SMALL,1.5798934753661786,0.0005006666666666666,0.000791,c
noarr,FromPlan,lu,DOUBLE,3,SMALL,1.63768115942029,0.000483,0.000791,c
noarr,FromPlan,lu,DOUBLE,4,SMALL,1.6077235772357727,0.0004919999999999999,0.000791,c
noarr,FromPlan,lu,DOUBLE,5,SMALL,1.608813559322034,0.0004916666666666666,0.000791,c
noarr,Naive,lu,DOUBLE,1,SMALL,1.273068669527897,0.0006213333333333333,0.000791,c
noarr,Naive,lu,DOUBLE,2,SMALL,1.1978798586572437,0.0006603333333333334,0.000791,c
noarr,Naive,lu,DOUBLE,3,SMALL,1.6275720164609053,0.00048600000000000005,0.000791,c
noarr,Naive,lu,DOUBLE,4,SMALL,1.1948640483383688,0.0006619999999999999,0.000791,c
noarr,standard,lu,DOUBLE,2,SMALL,1.1960685483870968,0.0006613333333333333,0.000791,c
noarr,standard,lu,DOUBLE,5,SMALL,1.1948640483383688,0.0006619999999999999,0.000791,c
c,AllHints,ludcmp,DOUBLE,1,SMALL,1.3410757946210268,0.0005453333333333333,0.0007313333333333333,c
c,AllHints,ludcmp,DOUBLE,2,SMALL,1.3551575046324893,0.0005396666666666666,0.0007313333333333333,c
c,AllHints,ludcmp,DOUBLE,3,SMALL,1.0588803088803087,0.0006906666666666667,0.0007313333333333333,c
c,AllHints,ludcmp,DOUBLE,5,SMALL,1.0110599078341014,0.0007233333333333333,0.0007313333333333333,c
c,ChooseHints,ludcmp,DOUBLE,1,SMALL,0.18133730060335562,0.004033,0.0007313333333333333,c
c,ChooseHints,ludcmp,DOUBLE,2,SMALL,0.16745535032819417,0.004367333333333333,0.0007313333333333333,c
c,ChooseHints,ludcmp,DOUBLE,3,SMALL,1.3859759949463042,0.0005276666666666667,0.0007313333333333333,c
c,ChooseHints,ludcmp,DOUBLE,4,SMALL,0.18085895639271288,0.004043666666666667,0.0007313333333333333,c
c,ChooseHints,ludcmp,DOUBLE,5,SMALL,0.21848237402907783,0.0033473333333333337,0.0007313333333333333,c
c,FromPlan,ludcmp,DOUBLE,1,SMALL,1.2487194080819577,0.0005856666666666667,0.0007313333333333333,c
c,FromPlan,ludcmp,DOUBLE,3,SMALL,1.379006913890635,0.0005303333333333333,0.0007313333333333333,c
c,FromPlan,ludcmp,DOUBLE,4,SMALL,1.3114166168559471,0.0005576666666666667,0.0007313333333333333,c
c,FromPlan,ludcmp,DOUBLE,5,SMALL,1.209481808158765,0.0006046666666666667,0.0007313333333333333,c
c,Naive,ludcmp,DOUBLE,2,SMALL,1.2623705408515535,0.0005793333333333333,0.0007313333333333333,c
c,Naive,ludcmp,DOUBLE,3,SMALL,1.0045787545787546,0.000728,0.0007313333333333333,c
c,Naive,ludcmp,DOUBLE,4,SMALL,1.0082720588235292,0.0007253333333333334,0.0007313333333333333,c
c,standard,ludcmp,DOUBLE,1,SMALL,1.0,0.0007313333333333333,0.0007313333333333333,c
exo,AllHints,ludcmp,DOUBLE,2,SMALL,0.9308442935935511,0.0007856666666666666,0.0007313333333333333,c
exo,AllHints,ludcmp,DOUBLE,5,SMALL,0.20690305545077328,0.003534666666666667,0.0007313333333333333,c
exo,ChooseHints,ludcmp,DOUBLE,1,SMALL,0.9043693322341301,0.0008086666666666667,0.0007313333333333333,c
exo,ChooseHints,ludcmp,DOUBLE,3,SMALL,0.21146987951807225,0.0034583333333333337,0.0007313333333333333,c
exo,ChooseHints,ludcmp,DOUBLE,4,SMALL,1.1872294372294372,0.000616,0.0007313333333333333,c
exo,FromPlan,ludcmp,DOUBLE,3,SMALL,0.004055767730581671,0.18031933333333336,0.0007313333333333333,c
exo,Naive,ludcmp,DOUBLE,1,SMALL,1.2256983240223462,0.0005966666666666667,0.0007313333333333333,c
exo,Naive,ludcmp,DOUBLE,2,SMALL,0.962280701754386,0.0007599999999999999,0.0007313333333333333,c
exo,Naive,ludcmp,DOUBLE,3,SMALL,0.9605954465849386,0.0007613333333333334,0.0007313333333333333,c
exo,Naive,ludcmp,DOUBLE,5,SMALL,0.904742268041237,0.0008083333333333333,0.0007313333333333333,c
exo,standard,ludcmp,DOUBLE,1,SMALL,0.9643956043956042,0.0007583333333333334,0.0007313333333333333,c
exo,standard,ludcmp,DOUBLE,2,SMALL,0.9534984789222077,0.000767,0.0007313333333333333,c
exo,standard,ludcmp,DOUBLE,3,SMALL,0.9601750547045951,0.0007616666666666667,0.0007313333333333333,c
exo,standard,ludcmp,DOUBLE,4,SMALL,0.9214615707685847,0.0007936666666666666,0.0007313333333333333,c
exo,standard,ludcmp,DOUBLE,5,SMALL,0.9356076759061833,0.0007816666666666666,0.0007313333333333333,c
halide,AllHints,ludcmp,DOUBLE,2,SMALL,0.05643149257954165,0.012959666666666666,0.0007313333333333333,c
halide,AllHints,ludcmp,DOUBLE,4,SMALL,0.09042947819635644,0.008087333333333334,0.0007313333333333333,c
halide,ChooseHints,ludcmp,DOUBLE,1,SMALL,0.05490765303568747,0.013319333333333334,0.0007313333333333333,c
halide,Naive,ludcmp,DOUBLE,3,SMALL,0.0934571477253365,0.007825333333333333,0.0007313333333333333,c
halide,standard,ludcmp,DOUBLE,3,SMALL,0.05767764662583138,0.012679666666666667,0.0007313333333333333,c
noarr,AllHints,ludcmp,DOUBLE,1,SMALL,1.0942643391521196,0.0006683333333333333,0.0007313333333333333,c
noarr,AllHints,ludcmp,DOUBLE,2,SMALL,0.9746779209240337,0.0007503333333333333,0.0007313333333333333,c
noarr,AllHints,ludcmp,DOUBLE,3,SMALL,0.860392156862745,0.0008500000000000001,0.0007313333333333333,c
noarr,AllHints,ludcmp,DOUBLE,4,SMALL,1.1583949313621964,0.0006313333333333332,0.0007313333333333333,c
noarr,AllHints,ludcmp,DOUBLE,5,SMALL,1.126283367556468,0.0006493333333333334,0.0007313333333333333,c
noarr,ChooseHints,ludcmp,DOUBLE,1,SMALL,0.9460974557999138,0.0007729999999999999,0.0007313333333333333,c
noarr,ChooseHints,ludcmp,DOUBLE,2,SMALL,1.1356107660455486,0.000644,0.0007313333333333333,c
noarr,ChooseHints,ludcmp,DOUBLE,3,SMALL,0.9746779209240337,0.0007503333333333333,0.0007313333333333333,c
noarr,ChooseHints,ludcmp,DOUBLE,4,SMALL,1.1280205655526991,0.0006483333333333333,0.0007313333333333333,c
noarr,ChooseHints,ludcmp,DOUBLE,5,SMALL,1.1403326403326404,0.0006413333333333333,0.0007313333333333333,c
noarr,FromPlan,ludcmp,DOUBLE,1,SMALL,1.1517060367454066,0.000635,0.0007313333333333333,c
noarr,FromPlan,ludcmp,DOUBLE,2,SMALL,1.1344364012409514,0.0006446666666666667,0.0007313333333333333,c
noarr,FromPlan,ludcmp,DOUBLE,3,SMALL,1.1468897020386826,0.0006376666666666667,0.0007313333333333333,c
noarr,FromPlan,ludcmp,DOUBLE,5,SMALL,1.1367875647668393,0.0006433333333333333,0.0007313333333333333,c
noarr,Naive,ludcmp,DOUBLE,1,SMALL,1.1274409044193217,0.0006486666666666666,0.0007313333333333333,c
noarr,Naive,ludcmp,DOUBLE,2,SMALL,1.1052896725440806,0.0006616666666666666,0.0007313333333333333,c
noarr,Naive,ludcmp,DOUBLE,3,SMALL,1.1344364012409514,0.0006446666666666667,0.0007313333333333333,c
noarr,Naive,ludcmp,DOUBLE,4,SMALL,1.1474895397489537,0.0006373333333333334,0.0007313333333333333,c
noarr,Naive,ludcmp,DOUBLE,5,SMALL,1.129763130792997,0.0006473333333333333,0.0007313333333333333,c
noarr,standard,ludcmp,DOUBLE,1,SMALL,1.1391484942886811,0.000642,0.0007313333333333333,c
c,AllHints,mvt,DOUBLE,1,SMALL,1.9230769230769227,2.166666666666667e-05,4.1666666666666665e-05,c
c,AllHints,mvt,DOUBLE,2,SMALL,0.7716049382716048,5.4000000000000005e-05,4.1666666666666665e-05,c
c,AllHints,mvt,DOUBLE,4,SMALL,0.5868544600938966,7.1e-05,4.1666666666666665e-05,c
c,AllHints,mvt,DOUBLE,5,SMALL,0.7961783439490446,5.233333333333333e-05,4.1666666666666665e-05,c
c,ChooseHints,mvt,DOUBLE,1,SMALL,0.5813953488372092,7.166666666666667e-05,4.1666666666666665e-05,c
c,ChooseHints,mvt,DOUBLE,2,SMALL,0.29761904761904756,0.00014000000000000001,4.1666666666666665e-05,c
c,ChooseHints,mvt,DOUBLE,3,SMALL,1.106194690265487,3.766666666666666e-05,4.1666666666666665e-05,c
c,ChooseHints,mvt,DOUBLE,5,SMALL,0.8333333333333333,5e-05,4.1666666666666665e-05,c
c,FromPlan,mvt,DOUBLE,1,SMALL,1.838235294117647,2.2666666666666668e-05,4.1666666666666665e-05,c
c,FromPlan,mvt,DOUBLE,2,SMALL,2.0161290322580645,2.0666666666666666e-05,4.1666666666666665e-05,c
c,FromPlan,mvt,DOUBLE,3,SMALL,2.0491803278688523,2.0333333333333334e-05,4.1666666666666665e-05,c
c,FromPlan,mvt,DOUBLE,4,SMALL,2.083333333333333,2e-05,4.1666666666666665e-05,c
c,FromPlan,mvt,DOUBLE,5,SMALL,1.7857142857142854,2.3333333333333336e-05,4.1666666666666665e-05,c
c,Naive,mvt,DOUBLE,1,SMALL,2.0161290322580645,2.0666666666666666e-05,4.1666666666666665e-05,c
c,Naive,mvt,DOUBLE,2,SMALL,2.083333333333333,2e-05,4.1666666666666665e-05,c
c,Naive,mvt,DOUBLE,3,SMALL,1.8939393939393936,2.2000000000000003e-05,4.1666666666666665e-05,c
c,Naive,mvt,DOUBLE,4,SMALL,1.7857142857142858,2.3333333333333332e-05,4.1666666666666665e-05,c
c,Naive,mvt,DOUBLE,5,SMALL,1.9531250000000002,2.133333333333333e-05,4.1666666666666665e-05,c
c,standard,mvt,DOUBLE,1,SMALL,1.0,4.1666666666666665e-05,4.1666666666666665e-05,c
exo,AllHints,mvt,DOUBLE,1,SMALL,0.573394495412844,7.266666666666667e-05,4.1666666666666665e-05,c
exo,AllHints,mvt,DOUBLE,2,SMALL,0.4921259842519685,8.466666666666666e-05,4.1666666666666665e-05,c
exo,AllHints,mvt,DOUBLE,3,SMALL,0.48076923076923084,8.666666666666665e-05,4.1666666666666665e-05,c
exo,AllHints,mvt,DOUBLE,4,SMALL,0.5980861244019139,6.966666666666666e-05,4.1666666666666665e-05,c
exo,AllHints,mvt,DOUBLE,5,SMALL,0.7911392405063291,5.266666666666666e-05,4.1666666666666665e-05,c
exo,ChooseHints,mvt,DOUBLE,1,SMALL,0.6476683937823834,6.433333333333333e-05,4.1666666666666665e-05,c
exo,ChooseHints,mvt,DOUBLE,2,SMALL,0.6684491978609626,6.233333333333334e-05,4.1666666666666665e-05,c
exo,ChooseHints,mvt,DOUBLE,3,SMALL,0.5813953488372092,7.166666666666667e-05,4.1666666666666665e-05,c
exo,ChooseHints,mvt,DOUBLE,4,SMALL,1.6666666666666665,2.5e-05,4.1666666666666665e-05,c
exo,ChooseHints,mvt,DOUBLE,5,SMALL,0.6188118811881188,6.733333333333333e-05,4.1666666666666665e-05,c
exo,FromPlan,mvt,DOUBLE,2,SMALL,0.6313131313131313,6.6e-05,4.1666666666666665e-05,c
exo,FromPlan,mvt,DOUBLE,3,SMALL,0.009866603520404135,0.004223,4.1666666666666665e-05,c
exo,FromPlan,mvt,DOUBLE,4,SMALL,0.01353839488790209,0.0030776666666666665,4.1666666666666665e-05,c
exo,Naive,mvt,DOUBLE,2,SMALL,0.5868544600938966,7.1e-05,4.1666666666666665e-05,c
exo,Naive,mvt,DOUBLE,3,SMALL,1.5625000000000002,2.6666666666666663e-05,4.1666666666666665e-05,c
exo,Naive,mvt,DOUBLE,4,SMALL,0.7668711656441717,5.433333333333334e-05,4.1666666666666665e-05,c
exo,standard,mvt,DOUBLE,1,SMALL,0.9398496240601503,4.433333333333334e-05,4.1666666666666665e-05,c
exo,standard,mvt,DOUBLE,2,SMALL,0.9328358208955223,4.466666666666667e-05,4.1666666666666665e-05,c
exo,standard,mvt,DOUBLE,3,SMALL,0.8802816901408451,4.733333333333333e-05,4.1666666666666665e-05,c
exo,standard,mvt,DOUBLE,4,SMALL,0.9398496240601503,4.433333333333334e-05,4.1666666666666665e-05,c
exo,standard,mvt,DOUBLE,5,SMALL,0.9328358208955223,4.466666666666667e-05,4.1666666666666665e-05,c
halide,AllHints,mvt,DOUBLE,3,SMALL,0.07543753771876885,0.0005523333333333334,4.1666666666666665e-05,c
halide,AllHints,mvt,DOUBLE,5,SMALL,0.009893936995409212,0.004211333333333333,4.1666666666666665e-05,c
halide,ChooseHints,mvt,DOUBLE,2,SMALL,0.02403846153846154,0.0017333333333333333,4.1666666666666665e-05,c
halide,FromPlan,mvt,DOUBLE,5,SMALL,0.06313131313131314,0.00066,4.1666666666666665e-05,c
halide,Naive,mvt,DOUBLE,2,SMALL,0.041834002677376164,0.0009960000000000001,4.1666666666666665e-05,c
halide,Naive,mvt,DOUBLE,3,SMALL,0.11091393078970718,0.00037566666666666667,4.1666666666666665e-05,c
halide,standard,mvt,DOUBLE,1,SMALL,0.5896226415094339,7.066666666666667e-05,4.1666666666666665e-05,c
halide,standard,mvt,DOUBLE,2,SMALL,0.6377551020408164,6.533333333333333e-05,4.1666666666666665e-05,c
halide,standard,mvt,DOUBLE,3,SMALL,0.5924170616113744,7.033333333333333e-05,4.1666666666666665e-05,c
halide,standard,mvt,DOUBLE,4,SMALL,0.6038647342995169,6.9e-05,4.1666666666666665e-05,c
halide,standard,mvt,DOUBLE,5,SMALL,0.6009615384615384,6.933333333333333e-05,4.1666666666666665e-05,c
noarr,AllHints,mvt,DOUBLE,1,SMALL,0.017934002869440458,0.0023233333333333335,4.1666666666666665e-05,c
noarr,AllHints,mvt,DOUBLE,2,SMALL,2.4509803921568625,1.7e-05,4.1666666666666665e-05,c
noarr,AllHints,mvt,DOUBLE,3,SMALL,0.018189755529685683,0.0022906666666666665,4.1666666666666665e-05,c
noarr,AllHints,mvt,DOUBLE,4,SMALL,0.01779106177056647,0.002342,4.1666666666666665e-05,c
noarr,AllHints,mvt,DOUBLE,5,SMALL,2.4509803921568625,1.7e-05,4.1666666666666665e-05,c
noarr,ChooseHints,mvt,DOUBLE,1,SMALL,2.4509803921568625,1.7e-05,4.1666666666666665e-05,c
noarr,ChooseHints,mvt,DOUBLE,2,SMALL,2.4509803921568625,1.7e-05,4.1666666666666665e-05,c
noarr,ChooseHints,mvt,DOUBLE,3,SMALL,2.4509803921568625,1.7e-05,4.1666666666666665e-05,c
noarr,ChooseHints,mvt,DOUBLE,4,SMALL,2.4509803921568625,1.7e-05,4.1666666666666665e-05,c
noarr,ChooseHints,mvt,DOUBLE,5,SMALL,2.4509803921568625,1.7e-05,4.1666666666666665e-05,c
noarr,FromPlan,mvt,DOUBLE,1,SMALL,2.1929824561403506,1.9e-05,4.1666666666666665e-05,c
noarr,FromPlan,mvt,DOUBLE,2,SMALL,1.7857142857142858,2.3333333333333332e-05,4.1666666666666665e-05,c
noarr,FromPlan,mvt,DOUBLE,3,SMALL,1.736111111111111,2.4e-05,4.1666666666666665e-05,c
noarr,FromPlan,mvt,DOUBLE,4,SMALL,2.1929824561403506,1.9e-05,4.1666666666666665e-05,c
noarr,FromPlan,mvt,DOUBLE,5,SMALL,2.2321428571428568,1.866666666666667e-05,4.1666666666666665e-05,c
noarr,Naive,mvt,DOUBLE,1,SMALL,1.2626262626262625,3.3e-05,4.1666666666666665e-05,c
noarr,Naive,mvt,DOUBLE,2,SMALL,0.9689922480620156,4.2999999999999995e-05,4.1666666666666665e-05,c
noarr,Naive,mvt,DOUBLE,3,SMALL,2.4509803921568625,1.7e-05,4.1666666666666665e-05,c
noarr,Naive,mvt,DOUBLE,4,SMALL,2.155172413793103,1.9333333333333333e-05,4.1666666666666665e-05,c
noarr,Naive,mvt,DOUBLE,5,SMALL,2.4509803921568625,1.7e-05,4.1666666666666665e-05,c
noarr,standard,mvt,DOUBLE,1,SMALL,1.1904761904761905,3.5e-05,4.1666666666666665e-05,c
noarr,standard,mvt,DOUBLE,2,SMALL,1.1904761904761905,3.5e-05,4.1666666666666665e-05,c
noarr,standard,mvt,DOUBLE,3,SMALL,1.1904761904761905,3.5e-05,4.1666666666666665e-05,c
noarr,standard,mvt,DOUBLE,4,SMALL,1.1904761904761905,3.5e-05,4.1666666666666665e-05,c
noarr,standard,mvt,DOUBLE,5,SMALL,1.1904761904761905,3.5e-05,4.1666666666666665e-05,c
c,AllHints,nussinov,DOUBLE,1,SMALL,0.6196991404011462,0.004653333333333333,0.0028836666666666668,c
c,AllHints,nussinov,DOUBLE,3,SMALL,0.6259768451519538,0.004606666666666666,0.0028836666666666668,c
c,AllHints,nussinov,DOUBLE,5,SMALL,1.7929533678756477,0.0016083333333333334,0.0028836666666666668,c
c,ChooseHints,nussinov,DOUBLE,1,SMALL,1.7123911322248615,0.001684,0.0028836666666666668,c
c,ChooseHints,nussinov,DOUBLE,2,SMALL,0.6994663648124191,0.004122666666666667,0.0028836666666666668,c
c,ChooseHints,nussinov,DOUBLE,4,SMALL,0.6862605108678407,0.004202,0.0028836666666666668,c
c,ChooseHints,nussinov,DOUBLE,5,SMALL,1.5783616128443716,0.0018269999999999998,0.0028836666666666668,c
c,FromPlan,nussinov,DOUBLE,1,SMALL,1.9905660377358492,0.0014486666666666667,0.0028836666666666668,c
c,FromPlan,nussinov,DOUBLE,3,SMALL,0.6095687711386697,0.004730666666666667,0.0028836666666666668,c
c,FromPlan,nussinov,DOUBLE,4,SMALL,0.6190339892665474,0.004658333333333334,0.0028836666666666668,c
c,FromPlan,nussinov,DOUBLE,5,SMALL,2.067144563918758,0.0013949999999999998,0.0028836666666666668,c
c,Naive,nussinov,DOUBLE,1,SMALL,2.0870928829915565,0.0013816666666666665,0.0028836666666666668,c
c,Naive,nussinov,DOUBLE,2,SMALL,1.9084491506728436,0.001511,0.0028836666666666668,c
c,Naive,nussinov,DOUBLE,3,SMALL,1.9349138895101767,0.0014903333333333333,0.0028836666666666668,c
c,Naive,nussinov,DOUBLE,5,SMALL,1.9194586199245616,0.0015023333333333336,0.0028836666666666668,c
c,standard,nussinov,DOUBLE,1,SMALL,1.0,0.0028836666666666668,0.0028836666666666668,c
exo,AllHints,nussinov,DOUBLE,2,SMALL,0.575161225982315,0.005013666666666667,0.0028836666666666668,c
exo,AllHints,nussinov,DOUBLE,3,SMALL,0.5872649514629014,0.004910333333333333,0.0028836666666666668,c
exo,AllHints,nussinov,DOUBLE,5,SMALL,0.6199656012612871,0.004651333333333334,0.0028836666666666668,c
exo,ChooseHints,nussinov,DOUBLE,1,SMALL,1.0727926587301588,0.002688,0.0028836666666666668,c
exo,ChooseHints,nussinov,DOUBLE,2,SMALL,0.6250270934181056,0.004613666666666667,0.0028836666666666668,c
exo,ChooseHints,nussinov,DOUBLE,3,SMALL,0.5717401361443395,0.005043666666666667,0.0028836666666666668,c
exo,ChooseHints,nussinov,DOUBLE,4,SMALL,0.6159487362050552,0.0046816666666666664,0.0028836666666666668,c
exo,ChooseHints,nussinov,DOUBLE,5,SMALL,0.6230464530068419,0.004628333333333333,0.0028836666666666668,c
exo,FromPlan,nussinov,DOUBLE,1,SMALL,0.623450562121649,0.004625333333333333,0.0028836666666666668,c
exo,FromPlan,nussinov,DOUBLE,4,SMALL,1.0960344609147346,0.002631,0.0028836666666666668,c
exo,Naive,nussinov,DOUBLE,1,SMALL,0.9980387632671897,0.0028893333333333336,0.0028836666666666668,c
exo,Naive,nussinov,DOUBLE,2,SMALL,0.9979236359441689,0.0028896666666666667,0.0028836666666666668,c
exo,standard,nussinov,DOUBLE,1,SMALL,1.0132349496369173,0.002846,0.0028836666666666668,c
exo,standard,nussinov,DOUBLE,2,SMALL,1.0145420429224816,0.0028423333333333334,0.0028836666666666668,c
exo,standard,nussinov,DOUBLE,3,SMALL,0.9978085351787773,0.00289,0.0028836666666666668,c
exo,standard,nussinov,DOUBLE,5,SMALL,1.0858541483619932,0.002655666666666667,0.0028836666666666668,c
halide,AllHints,nussinov,DOUBLE,4,SMALL,1.737497489455714,0.0016596666666666667,0.0028836666666666668,c
halide,ChooseHints,nussinov,DOUBLE,1,SMALL,0.24213502015226154,0.011909333333333333,0.0028836666666666668,c
halide,standard,nussinov,DOUBLE,3,SMALL,0.15516375506690103,0.018584666666666666,0.0028836666666666668,c
halide,standard,nussinov,DOUBLE,4,SMALL,0.15621444952057637,0.01845966666666667,0.0028836666666666668,c
c,AllHints,seidel-2d,DOUBLE,1,SMALL,1.3521805428484293,0.005465,0.007389666666666667,c
c,AllHints,seidel-2d,DOUBLE,2,SMALL,0.9682054417609294,0.007632333333333334,0.007389666666666667,c
c,AllHints,seidel-2d,DOUBLE,3,SMALL,0.963199513381995,0.007672000000000001,0.007389666666666667,c
c,AllHints,seidel-2d,DOUBLE,4,SMALL,0.9007394766780431,0.008204000000000001,0.007389666666666667,c
c,AllHints,seidel-2d,DOUBLE,5,SMALL,1.288296141329614,0.005736000000000001,0.007389666666666667,c
c,ChooseHints,seidel-2d,DOUBLE,1,SMALL,1.3499573742540496,0.005474,0.007389666666666667,c
c,ChooseHints,seidel-2d,DOUBLE,2,SMALL,0.9668120366332317,0.007643333333333333,0.007389666666666667,c
c,ChooseHints,seidel-2d,DOUBLE,3,SMALL,1.8362461691377452,0.004024333333333334,0.007389666666666667,c
c,ChooseHints,seidel-2d,DOUBLE,4,SMALL,0.9959119496855346,0.0074199999999999995,0.007389666666666667,c
c,ChooseHints,seidel-2d,DOUBLE,5,SMALL,1.218880580602595,0.006062666666666667,0.007389666666666667,c
c,FromPlan,seidel-2d,DOUBLE,1,SMALL,1.8973810338925026,0.0038946666666666665,0.007389666666666667,c
c,FromPlan,seidel-2d,DOUBLE,2,SMALL,1.896893984769402,0.0038956666666666666,0.007389666666666667,c
c,FromPlan,seidel-2d,DOUBLE,3,SMALL,1.8994944734812782,0.0038903333333333338,0.007389666666666667,c
c,FromPlan,seidel-2d,DOUBLE,4,SMALL,1.8944624850452914,0.003900666666666667,0.007389666666666667,c
c,FromPlan,seidel-2d,DOUBLE,5,SMALL,1.8951102752607285,0.003899333333333333,0.007389666666666667,c
c,Naive,seidel-2d,DOUBLE,2,SMALL,0.9005565259779827,0.008205666666666667,0.007389666666666667,c
c,Naive,seidel-2d,DOUBLE,3,SMALL,1.2795959595959596,0.005775,0.007389666666666667,c
c,Naive,seidel-2d,DOUBLE,4,SMALL,1.1807723035952065,0.006258333333333334,0.007389666666666667,c
c,Naive,seidel-2d,DOUBLE,5,SMALL,0.9773398580434686,0.007561000000000001,0.007389666666666667,c
c,standard,seidel-2d,DOUBLE,1,SMALL,1.0,0.007389666666666667,0.007389666666666667,c
exo,AllHints,seidel-2d,DOUBLE,1,SMALL,0.9930123180291155,0.007441666666666666,0.007389666666666667,c
exo,ChooseHints,seidel-2d,DOUBLE,1,SMALL,0.8561442805283078,0.008631333333333333,0.007389666666666667,c
exo,FromPlan,seidel-2d,DOUBLE,2,SMALL,1.0742876526458616,0.0068786666666666675,0.007389666666666667,c
exo,FromPlan,seidel-2d,DOUBLE,3,SMALL,1.0705007484668503,0.006902999999999999,0.007389666666666667,c
exo,Naive,seidel-2d,DOUBLE,3,SMALL,0.8288716069692665,0.008915333333333332,0.007389666666666667,c
exo,standard,seidel-2d,DOUBLE,1,SMALL,0.9956435821431778,0.007422000000000001,0.007389666666666667,c
exo,standard,seidel-2d,DOUBLE,2,SMALL,0.9926566068150271,0.007444333333333333,0.007389666666666667,c
exo,standard,seidel-2d,DOUBLE,3,SMALL,0.9956883000224568,0.007421666666666667,0.007389666666666667,c
exo,standard,seidel-2d,DOUBLE,4,SMALL,0.994928641953146,0.0074273333333333335,0.007389666666666667,c
exo,standard,seidel-2d,DOUBLE,5,SMALL,0.9948839922811111,0.007427666666666667,0.007389666666666667,c
halide,AllHints,seidel-2d,DOUBLE,2,SMALL,5.258301707779887,0.0014053333333333333,0.007389666666666667,c
halide,ChooseHints,seidel-2d,DOUBLE,1,SMALL,4.845683060109289,0.001525,0.007389666666666667,c
halide,Naive,seidel-2d,DOUBLE,1,SMALL,5.102186421173763,0.0014483333333333334,0.007389666666666667,c
halide,Naive,seidel-2d,DOUBLE,2,SMALL,1.4413237110721018,0.0051270000000000005,0.007389666666666667,c
halide,Naive,seidel-2d,DOUBLE,5,SMALL,5.0764827112434165,0.0014556666666666667,0.007389666666666667,c
halide,standard,seidel-2d,DOUBLE,1,SMALL,3.436521469539606,0.0021503333333333335,0.007389666666666667,c
halide,standard,seidel-2d,DOUBLE,3,SMALL,0.3029172644667623,0.024395,0.007389666666666667,c
noarr,AllHints,seidel-2d,DOUBLE,1,SMALL,1.0071782290672846,0.007337,0.007389666666666667,c
noarr,AllHints,seidel-2d,DOUBLE,2,SMALL,1.235867989742446,0.005979333333333334,0.007389666666666667,c
noarr,AllHints,seidel-2d,DOUBLE,3,SMALL,1.2654983445598815,0.005839333333333333,0.007389666666666667,c
noarr,AllHints,seidel-2d,DOUBLE,4,SMALL,1.3554047444362927,0.005451999999999999,0.007389666666666667,c
noarr,AllHints,seidel-2d,DOUBLE,5,SMALL,1.354080136818959,0.005457333333333334,0.007389666666666667,c
noarr,ChooseHints,seidel-2d,DOUBLE,1,SMALL,1.364498061180526,0.005415666666666666,0.007389666666666667,c
noarr,ChooseHints,seidel-2d,DOUBLE,2,SMALL,1.3514386734942696,0.005468000000000001,0.007389666666666667,c
noarr,ChooseHints,seidel-2d,DOUBLE,3,SMALL,1.0080942203628758,0.007330333333333334,0.007389666666666667,c
noarr,ChooseHints,seidel-2d,DOUBLE,4,SMALL,1.0053968253968255,0.00735,0.007389666666666667,c
noarr,ChooseHints,seidel-2d,DOUBLE,5,SMALL,1.3524280136652025,0.005464,0.007389666666666667,c
noarr,FromPlan,seidel-2d,DOUBLE,1,SMALL,1.147701387450818,0.006438666666666666,0.007389666666666667,c
noarr,FromPlan,seidel-2d,DOUBLE,2,SMALL,1.3505330490405119,0.005471666666666666,0.007389666666666667,c
noarr,FromPlan,seidel-2d,DOUBLE,3,SMALL,1.1526542921021161,0.006411,0.007389666666666667,c
noarr,FromPlan,seidel-2d,DOUBLE,4,SMALL,1.1513373149831212,0.006418333333333334,0.007389666666666667,c
noarr,Naive,seidel-2d,DOUBLE,1,SMALL,1.0138571297905425,0.007288666666666666,0.007389666666666667,c
noarr,Naive,seidel-2d,DOUBLE,2,SMALL,1.2378692277625774,0.005969666666666667,0.007389666666666667,c
noarr,Naive,seidel-2d,DOUBLE,3,SMALL,1.3622342386628978,0.005424666666666667,0.007389666666666667,c
noarr,Naive,seidel-2d,DOUBLE,4,SMALL,1.0091496722505462,0.007322666666666667,0.007389666666666667,c
noarr,Naive,seidel-2d,DOUBLE,5,SMALL,1.3547421168418479,0.005454666666666667,0.007389666666666667,c
noarr,standard,seidel-2d,DOUBLE,1,SMALL,1.0272937905468027,0.007193333333333333,0.007389666666666667,c
noarr,standard,seidel-2d,DOUBLE,2,SMALL,1.0065837268434434,0.007341333333333334,0.007389666666666667,c
noarr,standard,seidel-2d,DOUBLE,3,SMALL,1.0232633279483037,0.007221666666666667,0.007389666666666667,c
noarr,standard,seidel-2d,DOUBLE,4,SMALL,1.014831769283589,0.007281666666666666,0.007389666666666667,c
noarr,standard,seidel-2d,DOUBLE,5,SMALL,1.0218954549645065,0.007231333333333333,0.007389666666666667,c
c,AllHints,symm,DOUBLE,1,SMALL,1.3465346534653464,0.000202,0.000272,c
c,AllHints,symm,DOUBLE,2,SMALL,2.9458483754512637,9.233333333333333e-05,0.000272,c
c,AllHints,symm,DOUBLE,3,SMALL,0.1941008563273073,0.0014013333333333334,0.000272,c
c,AllHints,symm,DOUBLE,4,SMALL,0.017345463821103645,0.015681333333333335,0.000272,c
c,AllHints,symm,DOUBLE,5,SMALL,1.92,0.00014166666666666668,0.000272,c
c,ChooseHints,symm,DOUBLE,1,SMALL,2.2234332425068124,0.00012233333333333332,0.000272,c
c,ChooseHints,symm,DOUBLE,2,SMALL,1.7662337662337662,0.000154,0.000272,c
c,ChooseHints,symm,DOUBLE,3,SMALL,1.4240837696335078,0.000191,0.000272,c
c,ChooseHints,symm,DOUBLE,4,SMALL,2.086956521739131,0.00013033333333333332,0.000272,c
c,ChooseHints,symm,DOUBLE,5,SMALL,0.18436511522819699,0.0014753333333333335,0.000272,c
c,FromPlan,symm,DOUBLE,1,SMALL,2.833333333333333,9.6e-05,0.000272,c
c,FromPlan,symm,DOUBLE,2,SMALL,3.4142259414225937,7.966666666666667e-05,0.000272,c
c,FromPlan,symm,DOUBLE,3,SMALL,2.3720930232558137,0.00011466666666666667,0.000272,c
c,FromPlan,symm,DOUBLE,4,SMALL,3.1750972762645913,8.566666666666667e-05,0.000272,c
c,FromPlan,symm,DOUBLE,5,SMALL,2.187667560321716,0.00012433333333333334,0.000272,c
c,Naive,symm,DOUBLE,1,SMALL,2.7109634551495017,0.00010033333333333334,0.000272,c
c,Naive,symm,DOUBLE,2,SMALL,2.989010989010989,9.1e-05,0.000272,c
c,Naive,symm,DOUBLE,3,SMALL,3.187499999999999,8.533333333333335e-05,0.000272,c
c,Naive,symm,DOUBLE,4,SMALL,0.8301119023397763,0.00032766666666666664,0.000272,c
c,Naive,symm,DOUBLE,5,SMALL,0.8937568455640745,0.0003043333333333333,0.000272,c
c,standard,symm,DOUBLE,1,SMALL,1.0,0.000272,0.000272,c
exo,AllHints,symm,DOUBLE,2,SMALL,0.254840724547158,0.0010673333333333333,0.000272,c
exo,AllHints,symm,DOUBLE,5,SMALL,1.2573189522342065,0.00021633333333333332,0.000272,c
exo,ChooseHints,symm,DOUBLE,2,SMALL,0.1268853988493236,0.0021436666666666666,0.000272,c
exo,ChooseHints,symm,DOUBLE,3,SMALL,0.15266604303086997,0.0017816666666666666,0.000272,c
exo,ChooseHints,symm,DOUBLE,4,SMALL,0.10542635658914727,0.0025800000000000003,0.000272,c
exo,FromPlan,symm,DOUBLE,1,SMALL,0.47524752475247517,0.0005723333333333334,0.000272,c
exo,FromPlan,symm,DOUBLE,4,SMALL,0.4461454346637507,0.0006096666666666667,0.000272,c
exo,Naive,symm,DOUBLE,1,SMALL,0.9975550122249389,0.00027266666666666666,0.000272,c
exo,Naive,symm,DOUBLE,2,SMALL,0.8840736728060672,0.00030766666666666665,0.000272,c
exo,Naive,symm,DOUBLE,4,SMALL,0.1548974943052392,0.001756,0.000272,c
exo,Naive,symm,DOUBLE,5,SMALL,0.16031434184675836,0.0016966666666666666,0.000272,c
exo,standard,symm,DOUBLE,1,SMALL,0.7506899724011039,0.0003623333333333334,0.000272,c
exo,standard,symm,DOUBLE,2,SMALL,0.7647610121836925,0.0003556666666666667,0.000272,c
exo,standard,symm,DOUBLE,3,SMALL,0.8680851063829786,0.0003133333333333334,0.000272,c
exo,standard,symm,DOUBLE,4,SMALL,0.8598524762908324,0.00031633333333333334,0.000272,c
exo,standard,symm,DOUBLE,5,SMALL,0.860759493670886,0.00031600000000000004,0.000272,c
halide,ChooseHints,symm,DOUBLE,3,SMALL,0.08332482385377311,0.003264333333333333,0.000272,c
halide,ChooseHints,symm,DOUBLE,4,SMALL,0.4214876033057851,0.0006453333333333334,0.000272,c
halide,FromPlan,symm,DOUBLE,2,SMALL,1.4068965517241379,0.00019333333333333333,0.000272,c
halide,FromPlan,symm,DOUBLE,3,SMALL,1.3599999999999999,0.0002,0.000272,c
halide,Naive,symm,DOUBLE,3,SMALL,0.5350819672131146,0.0005083333333333334,0.000272,c
halide,standard,symm,DOUBLE,1,SMALL,0.6229007633587786,0.00043666666666666664,0.000272,c
halide,standard,symm,DOUBLE,2,SMALL,1.036848792884371,0.00026233333333333333,0.000272,c
halide,standard,symm,DOUBLE,3,SMALL,0.882162162162162,0.00030833333333333337,0.000272,c
halide,standard,symm,DOUBLE,4,SMALL,0.5820256776034237,0.0004673333333333333,0.000272,c
halide,standard,symm,DOUBLE,5,SMALL,1.00990099009901,0.00026933333333333334,0.000272,c
noarr,AllHints,symm,DOUBLE,1,SMALL,0.11896777955970257,0.0022863333333333334,0.000272,c
noarr,AllHints,symm,DOUBLE,2,SMALL,1.4340949033391917,0.00018966666666666665,0.000272,c
noarr,AllHints,symm,DOUBLE,3,SMALL,0.08399382398353063,0.003238333333333333,0.000272,c
noarr,AllHints,symm,DOUBLE,4,SMALL,0.1183123096998695,0.0022990000000000003,0.000272,c
noarr,AllHints,symm,DOUBLE,5,SMALL,3.472340425531915,7.833333333333333e-05,0.000272,c
noarr,ChooseHints,symm,DOUBLE,1,SMALL,3.1145038167938934,8.733333333333332e-05,0.000272,c
noarr,ChooseHints,symm,DOUBLE,2,SMALL,1.554285714285714,0.00017500000000000003,0.000272,c
noarr,ChooseHints,symm,DOUBLE,3,SMALL,1.569230769230769,0.00017333333333333336,0.000272,c
noarr,ChooseHints,symm,DOUBLE,5,SMALL,1.5722543352601157,0.00017299999999999998,0.000272,c
noarr,FromPlan,symm,DOUBLE,1,SMALL,1.6287425149700603,0.00016699999999999997,0.000272,c
noarr,FromPlan,symm,DOUBLE,2,SMALL,3.2771084337349397,8.3e-05,0.000272,c
noarr,FromPlan,symm,DOUBLE,3,SMALL,3.1505791505791505,8.633333333333334e-05,0.000272,c
noarr,FromPlan,symm,DOUBLE,4,SMALL,2.9142857142857146,9.333333333333333e-05,0.000272,c
noarr,FromPlan,symm,DOUBLE,5,SMALL,1.088,0.00025,0.000272,c
noarr,Naive,symm,DOUBLE,2,SMALL,3.472340425531915,7.833333333333333e-05,0.000272,c
noarr,Naive,symm,DOUBLE,3,SMALL,1.169054441260745,0.00023266666666666664,0.000272,c
noarr,Naive,symm,DOUBLE,4,SMALL,2.9672727272727277,9.166666666666665e-05,0.000272,c
noarr,Naive,symm,DOUBLE,5,SMALL,1.439153439153439,0.000189,0.000272,c
noarr,standard,symm,DOUBLE,1,SMALL,1.402061855670103,0.00019400000000000003,0.000272,c
noarr,standard,symm,DOUBLE,2,SMALL,1.431578947368421,0.00018999999999999998,0.000272,c
noarr,standard,symm,DOUBLE,3,SMALL,1.303514376996805,0.00020866666666666668,0.000272,c
noarr,standard,symm,DOUBLE,4,SMALL,1.198237885462555,0.000227,0.000272,c
noarr,standard,symm,DOUBLE,5,SMALL,1.411764705882353,0.00019266666666666664,0.000272,c
c,AllHints,syr2k,DOUBLE,1,SMALL,2.5387205387205385,9.900000000000001e-05,0.00025133333333333333,c
c,AllHints,syr2k,DOUBLE,2,SMALL,5.2727272727272725,4.766666666666667e-05,0.00025133333333333333,c
c,AllHints,syr2k,DOUBLE,3,SMALL,4.120218579234972,6.1e-05,0.00025133333333333333,c
c,AllHints,syr2k,DOUBLE,4,SMALL,5.309859154929577,4.7333333333333336e-05,0.00025133333333333333,c
c,AllHints,syr2k,DOUBLE,5,SMALL,2.2710843373493974,0.00011066666666666667,0.00025133333333333333,c
c,ChooseHints,syr2k,DOUBLE,2,SMALL,5.385714285714286,4.6666666666666665e-05,0.00025133333333333333,c
c,ChooseHints,syr2k,DOUBLE,3,SMALL,5.236111111111111,4.8e-05,0.00025133333333333333,c
c,ChooseHints,syr2k,DOUBLE,4,SMALL,5.094594594594595,4.933333333333333e-05,0.00025133333333333333,c
c,ChooseHints,syr2k,DOUBLE,5,SMALL,4.993377483443709,5.033333333333333e-05,0.00025133333333333333,c
c,FromPlan,syr2k,DOUBLE,2,SMALL,1.1088235294117645,0.00022666666666666668,0.00025133333333333333,c
c,FromPlan,syr2k,DOUBLE,3,SMALL,1.2360655737704918,0.00020333333333333333,0.00025133333333333333,c
c,FromPlan,syr2k,DOUBLE,4,SMALL,6.080645161290323,4.133333333333333e-05,0.00025133333333333333,c
c,FromPlan,syr2k,DOUBLE,5,SMALL,1.112094395280236,0.000226,0.00025133333333333333,c
c,Naive,syr2k,DOUBLE,1,SMALL,1.170807453416149,0.0002146666666666667,0.00025133333333333333,c
c,Naive,syr2k,DOUBLE,2,SMALL,1.1546707503828484,0.00021766666666666668,0.00025133333333333333,c
c,Naive,syr2k,DOUBLE,3,SMALL,1.0134408602150538,0.000248,0.00025133333333333333,c
c,Naive,syr2k,DOUBLE,4,SMALL,1.170807453416149,0.0002146666666666667,0.00025133333333333333,c
c,Naive,syr2k,DOUBLE,5,SMALL,0.983050847457627,0.0002556666666666667,0.00025133333333333333,c
c,standard,syr2k,DOUBLE,1,SMALL,1.0,0.00025133333333333333,0.00025133333333333333,c
exo,AllHints,syr2k,DOUBLE,1,SMALL,3.906735751295337,6.433333333333333e-05,0.00025133333333333333,c
exo,AllHints,syr2k,DOUBLE,2,SMALL,3.9476439790575917,6.366666666666666e-05,0.00025133333333333333,c
exo,AllHints,syr2k,DOUBLE,3,SMALL,3.5069767441860464,7.166666666666667e-05,0.00025133333333333333,c
exo,AllHints,syr2k,DOUBLE,4,SMALL,5.129251700680272,4.9e-05,0.00025133333333333333,c
exo,AllHints,syr2k,DOUBLE,5,SMALL,5.236111111111111,4.8e-05,0.00025133333333333333,c
exo,ChooseHints,syr2k,DOUBLE,2,SMALL,5.309859154929578,4.733333333333333e-05,0.00025133333333333333,c
exo,ChooseHints,syr2k,DOUBLE,3,SMALL,4.01063829787234,6.266666666666667e-05,0.00025133333333333333,c
exo,ChooseHints,syr2k,DOUBLE,4,SMALL,4.142857142857143,6.0666666666666666e-05,0.00025133333333333333,c
exo,ChooseHints,syr2k,DOUBLE,5,SMALL,4.742138364779874,5.300000000000001e-05,0.00025133333333333333,c
exo,FromPlan,syr2k,DOUBLE,1,SMALL,0.358876725368872,0.0007003333333333333,0.00025133333333333333,c
exo,FromPlan,syr2k,DOUBLE,2,SMALL,0.242443729903537,0.0010366666666666666,0.00025133333333333333,c
exo,FromPlan,syr2k,DOUBLE,3,SMALL,0.6702222222222223,0.00037499999999999995,0.00025133333333333333,c
exo,FromPlan,syr2k,DOUBLE,5,SMALL,0.7495029821073559,0.0003353333333333333,0.00025133333333333333,c
exo,Naive,syr2k,DOUBLE,1,SMALL,0.41772853185595565,0.0006016666666666667,0.00025133333333333333,c
exo,Naive,syr2k,DOUBLE,2,SMALL,5.463768115942029,4.6e-05,0.00025133333333333333,c
exo,Naive,syr2k,DOUBLE,3,SMALL,3.4907407407407405,7.2e-05,0.00025133333333333333,c
exo,Naive,syr2k,DOUBLE,4,SMALL,0.7007434944237918,0.0003586666666666667,0.00025133333333333333,c
exo,Naive,syr2k,DOUBLE,5,SMALL,3.8080808080808084,6.599999999999999e-05,0.00025133333333333333,c
exo,standard,syr2k,DOUBLE,1,SMALL,0.8716763005780348,0.0002883333333333333,0.00025133333333333333,c
exo,standard,syr2k,DOUBLE,2,SMALL,0.8666666666666667,0.00029,0.00025133333333333333,c
exo,standard,syr2k,DOUBLE,3,SMALL,0.8954869358669835,0.00028066666666666664,0.00025133333333333333,c
exo,standard,syr2k,DOUBLE,4,SMALL,0.8676639815880323,0.00028966666666666664,0.00025133333333333333,c
exo,standard,syr2k,DOUBLE,5,SMALL,0.9285714285714286,0.00027066666666666667,0.00025133333333333333,c
halide,ChooseHints,syr2k,DOUBLE,1,SMALL,0.46716232961586124,0.000538,0.00025133333333333333,c
halide,FromPlan,syr2k,DOUBLE,1,SMALL,0.08112760921024317,0.003098,0.00025133333333333333,c
halide,FromPlan,syr2k,DOUBLE,2,SMALL,0.0927315213380888,0.0027103333333333333,0.00025133333333333333,c
halide,Naive,syr2k,DOUBLE,2,SMALL,0.3218096457533077,0.000781,0.00025133333333333333,c
halide,Naive,syr2k,DOUBLE,4,SMALL,0.4188888888888889,0.0006,0.00025133333333333333,c
halide,standard,syr2k,DOUBLE,2,SMALL,0.9882044560943642,0.00025433333333333335,0.00025133333333333333,c
halide,standard,syr2k,DOUBLE,3,SMALL,0.9729032258064516,0.00025833333333333334,0.00025133333333333333,c
halide,standard,syr2k,DOUBLE,4,SMALL,0.9986754966887417,0.0002516666666666667,0.00025133333333333333,c
halide,standard,syr2k,DOUBLE,5,SMALL,0.9792207792207791,0.0002566666666666667,0.00025133333333333333,c
noarr,AllHints,syr2k,DOUBLE,1,SMALL,1.2161290322580647,0.00020666666666666666,0.00025133333333333333,c
noarr,AllHints,syr2k,DOUBLE,2,SMALL,1.293310463121784,0.00019433333333333333,0.00025133333333333333,c
noarr,AllHints,syr2k,DOUBLE,3,SMALL,1.2141706924315618,0.00020700000000000002,0.00025133333333333333,c
noarr,AllHints,syr2k,DOUBLE,4,SMALL,0.8891509433962264,0.0002826666666666667,0.00025133333333333333,c
noarr,AllHints,syr2k,DOUBLE,5,SMALL,0.8443449048152297,0.0002976666666666666,0.00025133333333333333,c
noarr,ChooseHints,syr2k,DOUBLE,1,SMALL,1.284497444633731,0.00019566666666666666,0.00025133333333333333,c
noarr,ChooseHints,syr2k,DOUBLE,2,SMALL,0.9934123847167324,0.000253,0.00025133333333333333,c
noarr,ChooseHints,syr2k,DOUBLE,3,SMALL,1.1968253968253968,0.00021,0.00025133333333333333,c
noarr,ChooseHints,syr2k,DOUBLE,4,SMALL,1.1582181259600615,0.000217,0.00025133333333333333,c
noarr,ChooseHints,syr2k,DOUBLE,5,SMALL,1.1874015748031497,0.00021166666666666664,0.00025133333333333333,c
noarr,FromPlan,syr2k,DOUBLE,1,SMALL,1.0575035063113605,0.00023766666666666665,0.00025133333333333333,c
noarr,FromPlan,syr2k,DOUBLE,2,SMALL,2.386075949367089,0.00010533333333333332,0.00025133333333333333,c
noarr,FromPlan,syr2k,DOUBLE,4,SMALL,0.9729032258064516,0.00025833333333333334,0.00025133333333333333,c
noarr,FromPlan,syr2k,DOUBLE,5,SMALL,0.983050847457627,0.0002556666666666667,0.00025133333333333333,c
noarr,Naive,syr2k,DOUBLE,1,SMALL,1.1949286846275753,0.00021033333333333331,0.00025133333333333333,c
noarr,Naive,syr2k,DOUBLE,2,SMALL,2.416666666666667,0.000104,0.00025133333333333333,c
noarr,Naive,syr2k,DOUBLE,3,SMALL,1.2102728731942216,0.00020766666666666665,0.00025133333333333333,c
noarr,Naive,syr2k,DOUBLE,4,SMALL,0.9019138755980862,0.00027866666666666665,0.00025133333333333333,c
noarr,Naive,syr2k,DOUBLE,5,SMALL,1.0943396226415094,0.00022966666666666667,0.00025133333333333333,c
noarr,standard,syr2k,DOUBLE,1,SMALL,0.4990072799470549,0.0005036666666666667,0.00025133333333333333,c
noarr,standard,syr2k,DOUBLE,2,SMALL,1.277966101694915,0.00019666666666666669,0.00025133333333333333,c
noarr,standard,syr2k,DOUBLE,3,SMALL,1.2758037225042302,0.000197,0.00025133333333333333,c
noarr,standard,syr2k,DOUBLE,5,SMALL,1.2736486486486487,0.00019733333333333332,0.00025133333333333333,c
c,AllHints,syrk,DOUBLE,1,SMALL,2.28,5e-05,0.000114,c
c,AllHints,syrk,DOUBLE,2,SMALL,2.780487804878049,4.1e-05,0.000114,c
c,AllHints,syrk,DOUBLE,3,SMALL,2.9230769230769234,3.9e-05,0.000114,c
c,AllHints,syrk,DOUBLE,4,SMALL,2.85,4e-05,0.000114,c
c,AllHints,syrk,DOUBLE,5,SMALL,2.1923076923076925,5.2e-05,0.000114,c
c,ChooseHints,syrk,DOUBLE,1,SMALL,0.4447334200260078,0.00025633333333333335,0.000114,c
c,ChooseHints,syrk,DOUBLE,2,SMALL,2.8032786885245904,4.066666666666667e-05,0.000114,c
c,ChooseHints,syrk,DOUBLE,3,SMALL,3.0265486725663715,3.766666666666667e-05,0.000114,c
c,ChooseHints,syrk,DOUBLE,4,SMALL,2.3586206896551727,4.8333333333333334e-05,0.000114,c
c,ChooseHints,syrk,DOUBLE,5,SMALL,2.8032786885245904,4.066666666666667e-05,0.000114,c
c,FromPlan,syrk,DOUBLE,1,SMALL,1.8791208791208793,6.0666666666666666e-05,0.000114,c
c,FromPlan,syrk,DOUBLE,2,SMALL,1.1213114754098361,0.00010166666666666667,0.000114,c
c,FromPlan,syrk,DOUBLE,3,SMALL,1.1515151515151514,9.900000000000001e-05,0.000114,c
c,FromPlan,syrk,DOUBLE,4,SMALL,0.6465028355387524,0.00017633333333333333,0.000114,c
c,FromPlan,syrk,DOUBLE,5,SMALL,0.6465028355387524,0.00017633333333333333,0.000114,c
c,Naive,syrk,DOUBLE,1,SMALL,2.780487804878049,4.1e-05,0.000114,c
c,Naive,syrk,DOUBLE,2,SMALL,0.5896551724137932,0.00019333333333333333,0.000114,c
c,Naive,syrk,DOUBLE,3,SMALL,0.6321626617375231,0.00018033333333333334,0.000114,c
c,Naive,syrk,DOUBLE,4,SMALL,0.5352112676056339,0.000213,0.000114,c
c,Naive,syrk,DOUBLE,5,SMALL,1.0458715596330275,0.000109,0.000114,c
c,standard,syrk,DOUBLE,1,SMALL,1.0,0.000114,0.000114,c
exo,AllHints,syrk,DOUBLE,1,SMALL,2.111111111111111,5.4000000000000005e-05,0.000114,c
exo,AllHints,syrk,DOUBLE,2,SMALL,2.0853658536585367,5.466666666666667e-05,0.000114,c
exo,AllHints,syrk,DOUBLE,3,SMALL,2.736,4.1666666666666665e-05,0.000114,c
exo,AllHints,syrk,DOUBLE,4,SMALL,1.6930693069306935,6.733333333333332e-05,0.000114,c
exo,ChooseHints,syrk,DOUBLE,1,SMALL,1.5200000000000002,7.5e-05,0.000114,c
exo,ChooseHints,syrk,DOUBLE,2,SMALL,1.9000000000000001,6e-05,0.000114,c
exo,ChooseHints,syrk,DOUBLE,4,SMALL,2.1375,5.3333333333333326e-05,0.000114,c
exo,ChooseHints,syrk,DOUBLE,5,SMALL,1.1752577319587627,9.700000000000001e-05,0.000114,c
exo,FromPlan,syrk,DOUBLE,2,SMALL,1.1324503311258278,0.00010066666666666667,0.000114,c
exo,Naive,syrk,DOUBLE,1,SMALL,1.3625498007968129,8.366666666666666e-05,0.000114,c
exo,Naive,syrk,DOUBLE,2,SMALL,2.590909090909091,4.4000000000000006e-05,0.000114,c
exo,Naive,syrk,DOUBLE,4,SMALL,2.0727272727272728,5.5e-05,0.000114,c
exo,Naive,syrk,DOUBLE,5,SMALL,0.5796610169491525,0.00019666666666666669,0.000114,c
exo,standard,syrk,DOUBLE,1,SMALL,0.7844036697247707,0.00014533333333333333,0.000114,c
exo,standard,syrk,DOUBLE,2,SMALL,0.8028169014084509,0.00014199999999999998,0.000114,c
exo,standard,syrk,DOUBLE,3,SMALL,0.7898383371824481,0.00014433333333333334,0.000114,c
exo,standard,syrk,DOUBLE,4,SMALL,0.8221153846153847,0.00013866666666666666,0.000114,c
exo,standard,syrk,DOUBLE,5,SMALL,0.828087167070218,0.00013766666666666666,0.000114,c
halide,AllHints,syrk,DOUBLE,2,SMALL,0.16056338028169015,0.00071,0.000114,c
halide,AllHints,syrk,DOUBLE,3,SMALL,0.14621633176571186,0.0007796666666666667,0.000114,c
halide,AllHints,syrk,DOUBLE,4,SMALL,0.11945511701012923,0.0009543333333333334,0.000114,c
halide,ChooseHints,syrk,DOUBLE,1,SMALL,0.039647577092511016,0.0028753333333333335,0.000114,c
halide,ChooseHints,syrk,DOUBLE,3,SMALL,0.16309012875536483,0.000699,0.000114,c
halide,ChooseHints,syrk,DOUBLE,4,SMALL,0.14050944946589977,0.0008113333333333333,0.000114,c
halide,FromPlan,syrk,DOUBLE,3,SMALL,0.22107304460245633,0.0005156666666666668,0.000114,c
halide,FromPlan,syrk,DOUBLE,5,SMALL,0.22352941176470587,0.00051,0.000114,c
halide,Naive,syrk,DOUBLE,1,SMALL,0.20058651026392962,0.0005683333333333333,0.000114,c
halide,Naive,syrk,DOUBLE,2,SMALL,0.16395014381591563,0.0006953333333333334,0.000114,c
halide,Naive,syrk,DOUBLE,5,SMALL,0.09841726618705036,0.0011583333333333333,0.000114,c
halide,standard,syrk,DOUBLE,1,SMALL,0.5150602409638554,0.00022133333333333334,0.000114,c
halide,standard,syrk,DOUBLE,2,SMALL,0.5104477611940299,0.00022333333333333333,0.000114,c
halide,standard,syrk,DOUBLE,3,SMALL,0.5074183976261128,0.00022466666666666666,0.000114,c
halide,standard,syrk,DOUBLE,4,SMALL,0.5189681335356601,0.0002196666666666667,0.000114,c
halide,standard,syrk,DOUBLE,5,SMALL,0.4135429262394196,0.0002756666666666667,0.000114,c
noarr,AllHints,syrk,DOUBLE,1,SMALL,1.4615384615384617,7.8e-05,0.000114,c
noarr,AllHints,syrk,DOUBLE,2,SMALL,0.652671755725191,0.00017466666666666664,0.000114,c
noarr,AllHints,syrk,DOUBLE,3,SMALL,0.8702290076335878,0.000131,0.000114,c
noarr,AllHints,syrk,DOUBLE,4,SMALL,0.5989492119089317,0.00019033333333333334,0.000114,c
noarr,AllHints,syrk,DOUBLE,5,SMALL,1.1324503311258278,0.00010066666666666667,0.000114,c
noarr,ChooseHints,syrk,DOUBLE,1,SMALL,1.2391304347826089,9.2e-05,0.000114,c
noarr,ChooseHints,syrk,DOUBLE,2,SMALL,1.0148367952522257,0.00011233333333333333,0.000114,c
noarr,ChooseHints,syrk,DOUBLE,3,SMALL,1.3307392996108949,8.566666666666667e-05,0.000114,c
noarr,ChooseHints,syrk,DOUBLE,4,SMALL,0.7450980392156863,0.000153,0.000114,c
noarr,FromPlan,syrk,DOUBLE,1,SMALL,0.4857954545454546,0.00023466666666666666,0.000114,c
noarr,FromPlan,syrk,DOUBLE,2,SMALL,0.6252285191956125,0.0001823333333333333,0.000114,c
noarr,FromPlan,syrk,DOUBLE,3,SMALL,0.5958188153310106,0.0001913333333333333,0.000114,c
noarr,FromPlan,syrk,DOUBLE,5,SMALL,0.8382352941176471,0.000136,0.000114,c
noarr,Naive,syrk,DOUBLE,1,SMALL,1.1793103448275863,9.666666666666667e-05,0.000114,c
noarr,Naive,syrk,DOUBLE,2,SMALL,0.6173285198555957,0.00018466666666666666,0.000114,c
noarr,Naive,syrk,DOUBLE,3,SMALL,0.7139874739039666,0.00015966666666666668,0.000114,c
noarr,Naive,syrk,DOUBLE,4,SMALL,1.4430379746835444,7.9e-05,0.000114,c
noarr,Naive,syrk,DOUBLE,5,SMALL,1.3571428571428572,8.4e-05,0.000114,c
noarr,standard,syrk,DOUBLE,1,SMALL,1.2713754646840147,8.966666666666667e-05,0.000114,c
noarr,standard,syrk,DOUBLE,2,SMALL,1.0654205607476637,0.000107,0.000114,c
noarr,standard,syrk,DOUBLE,4,SMALL,1.3846153846153846,8.233333333333333e-05,0.000114,c
noarr,standard,syrk,DOUBLE,5,SMALL,1.3359375000000002,8.533333333333332e-05,0.000114,c
c,AllHints,trisolv,DOUBLE,3,SMALL,1.0,1.2333333333333333e-05,1.2333333333333333e-05,c
c,AllHints,trisolv,DOUBLE,4,SMALL,1.0277777777777777,1.2e-05,1.2333333333333333e-05,c
c,AllHints,trisolv,DOUBLE,5,SMALL,0.9487179487179487,1.3e-05,1.2333333333333333e-05,c
c,ChooseHints,trisolv,DOUBLE,1,SMALL,0.8604651162790697,1.4333333333333334e-05,1.2333333333333333e-05,c
c,ChooseHints,trisolv,DOUBLE,3,SMALL,0.9487179487179487,1.3e-05,1.2333333333333333e-05,c
c,FromPlan,trisolv,DOUBLE,1,SMALL,0.9024390243902438,1.3666666666666667e-05,1.2333333333333333e-05,c
c,FromPlan,trisolv,DOUBLE,2,SMALL,1.9473684210526314,6.333333333333333e-06,1.2333333333333333e-05,c
c,FromPlan,trisolv,DOUBLE,3,SMALL,1.85,6.666666666666666e-06,1.2333333333333333e-05,c
c,FromPlan,trisolv,DOUBLE,4,SMALL,1.6818181818181819,7.333333333333333e-06,1.2333333333333333e-05,c
c,FromPlan,trisolv,DOUBLE,5,SMALL,0.9736842105263157,1.2666666666666667e-05,1.2333333333333333e-05,c
c,Naive,trisolv,DOUBLE,1,SMALL,0.9487179487179487,1.3e-05,1.2333333333333333e-05,c
c,Naive,trisolv,DOUBLE,2,SMALL,0.9024390243902438,1.3666666666666667e-05,1.2333333333333333e-05,c
c,Naive,trisolv,DOUBLE,3,SMALL,1.0277777777777777,1.2e-05,1.2333333333333333e-05,c
c,Naive,trisolv,DOUBLE,4,SMALL,0.9736842105263157,1.2666666666666667e-05,1.2333333333333333e-05,c
c,standard,trisolv,DOUBLE,1,SMALL,1.0,1.2333333333333333e-05,1.2333333333333333e-05,c
exo,AllHints,trisolv,DOUBLE,1,SMALL,0.9024390243902438,1.3666666666666667e-05,1.2333333333333333e-05,c
exo,AllHints,trisolv,DOUBLE,2,SMALL,0.925,1.3333333333333332e-05,1.2333333333333333e-05,c
exo,AllHints,trisolv,DOUBLE,3,SMALL,0.8222222222222222,1.5e-05,1.2333333333333333e-05,c
exo,AllHints,trisolv,DOUBLE,4,SMALL,0.8809523809523809,1.4e-05,1.2333333333333333e-05,c
exo,AllHints,trisolv,DOUBLE,5,SMALL,1.088235294117647,1.1333333333333334e-05,1.2333333333333333e-05,c
exo,ChooseHints,trisolv,DOUBLE,1,SMALL,0.9024390243902438,1.3666666666666667e-05,1.2333333333333333e-05,c
exo,ChooseHints,trisolv,DOUBLE,2,SMALL,0.9024390243902438,1.3666666666666667e-05,1.2333333333333333e-05,c
exo,ChooseHints,trisolv,DOUBLE,3,SMALL,0.9736842105263157,1.2666666666666667e-05,1.2333333333333333e-05,c
exo,ChooseHints,trisolv,DOUBLE,5,SMALL,1.0571428571428572,1.1666666666666666e-05,1.2333333333333333e-05,c
exo,FromPlan,trisolv,DOUBLE,3,SMALL,0.925,1.3333333333333332e-05,1.2333333333333333e-05,c
exo,FromPlan,trisolv,DOUBLE,4,SMALL,0.9487179487179487,1.3e-05,1.2333333333333333e-05,c
exo,FromPlan,trisolv,DOUBLE,5,SMALL,0.8604651162790697,1.4333333333333334e-05,1.2333333333333333e-05,c
exo,Naive,trisolv,DOUBLE,1,SMALL,0.8222222222222223,1.4999999999999999e-05,1.2333333333333333e-05,c
exo,Naive,trisolv,DOUBLE,3,SMALL,0.925,1.3333333333333332e-05,1.2333333333333333e-05,c
exo,Naive,trisolv,DOUBLE,4,SMALL,0.925,1.3333333333333332e-05,1.2333333333333333e-05,c
exo,Naive,trisolv,DOUBLE,5,SMALL,0.9024390243902438,1.3666666666666667e-05,1.2333333333333333e-05,c
exo,standard,trisolv,DOUBLE,1,SMALL,0.925,1.3333333333333332e-05,1.2333333333333333e-05,c
exo,standard,trisolv,DOUBLE,2,SMALL,0.9024390243902438,1.3666666666666667e-05,1.2333333333333333e-05,c
exo,standard,trisolv,DOUBLE,3,SMALL,0.925,1.3333333333333332e-05,1.2333333333333333e-05,c
exo,standard,trisolv,DOUBLE,4,SMALL,0.8604651162790697,1.4333333333333334e-05,1.2333333333333333e-05,c
exo,standard,trisolv,DOUBLE,5,SMALL,0.9024390243902438,1.3666666666666667e-05,1.2333333333333333e-05,c
halide,ChooseHints,trisolv,DOUBLE,4,SMALL,0.05873015873015872,0.00021,1.2333333333333333e-05,c
halide,FromPlan,trisolv,DOUBLE,4,SMALL,0.06135986733001658,0.000201,1.2333333333333333e-05,c
halide,Naive,trisolv,DOUBLE,5,SMALL,0.09762532981530343,0.00012633333333333333,1.2333333333333333e-05,c
halide,standard,trisolv,DOUBLE,2,SMALL,0.06434782608695652,0.00019166666666666667,1.2333333333333333e-05,c
halide,standard,trisolv,DOUBLE,3,SMALL,0.06468531468531467,0.00019066666666666668,1.2333333333333333e-05,c
noarr,AllHints,trisolv,DOUBLE,1,SMALL,1.5416666666666667,8e-06,1.2333333333333333e-05,c
noarr,AllHints,trisolv,DOUBLE,2,SMALL,1.1935483870967742,1.0333333333333333e-05,1.2333333333333333e-05,c
noarr,AllHints,trisolv,DOUBLE,3,SMALL,1.5416666666666667,8e-06,1.2333333333333333e-05,c
noarr,AllHints,trisolv,DOUBLE,4,SMALL,1.5416666666666667,8e-06,1.2333333333333333e-05,c
noarr,AllHints,trisolv,DOUBLE,5,SMALL,0.8043478260869564,1.5333333333333334e-05,1.2333333333333333e-05,c
noarr,ChooseHints,trisolv,DOUBLE,1,SMALL,1.5416666666666667,8e-06,1.2333333333333333e-05,c
noarr,ChooseHints,trisolv,DOUBLE,2,SMALL,1.5416666666666667,8e-06,1.2333333333333333e-05,c
noarr,ChooseHints,trisolv,DOUBLE,3,SMALL,1.5416666666666667,8e-06,1.2333333333333333e-05,c
noarr,ChooseHints,trisolv,DOUBLE,4,SMALL,1.5416666666666667,8e-06,1.2333333333333333e-05,c
noarr,ChooseHints,trisolv,DOUBLE,5,SMALL,1.5416666666666667,8e-06,1.2333333333333333e-05,c
noarr,FromPlan,trisolv,DOUBLE,1,SMALL,1.5416666666666667,8e-06,1.2333333333333333e-05,c
noarr,FromPlan,trisolv,DOUBLE,2,SMALL,1.5416666666666667,8e-06,1.2333333333333333e-05,c
noarr,FromPlan,trisolv,DOUBLE,3,SMALL,1.5416666666666667,8e-06,1.2333333333333333e-05,c
noarr,FromPlan,trisolv,DOUBLE,4,SMALL,1.5416666666666667,8e-06,1.2333333333333333e-05,c
noarr,FromPlan,trisolv,DOUBLE,5,SMALL,1.5416666666666667,8e-06,1.2333333333333333e-05,c
noarr,Naive,trisolv,DOUBLE,1,SMALL,1.5416666666666667,8e-06,1.2333333333333333e-05,c
noarr,Naive,trisolv,DOUBLE,2,SMALL,1.5416666666666667,8e-06,1.2333333333333333e-05,c
noarr,Naive,trisolv,DOUBLE,3,SMALL,1.6086956521739129,7.666666666666667e-06,1.2333333333333333e-05,c
noarr,Naive,trisolv,DOUBLE,4,SMALL,1.5416666666666667,8e-06,1.2333333333333333e-05,c
noarr,Naive,trisolv,DOUBLE,5,SMALL,1.5416666666666667,8e-06,1.2333333333333333e-05,c
noarr,standard,trisolv,DOUBLE,2,SMALL,1.423076923076923,8.666666666666668e-06,1.2333333333333333e-05,c
noarr,standard,trisolv,DOUBLE,4,SMALL,1.5416666666666667,8e-06,1.2333333333333333e-05,c
noarr,standard,trisolv,DOUBLE,5,SMALL,1.4800000000000002,8.333333333333332e-06,1.2333333333333333e-05,c
c,AllHints,trmm,DOUBLE,1,SMALL,1.4617486338797814,0.000122,0.00017833333333333332,c
c,AllHints,trmm,DOUBLE,2,SMALL,3.8489208633093526,4.633333333333333e-05,0.00017833333333333332,c
c,AllHints,trmm,DOUBLE,3,SMALL,3.9338235294117645,4.5333333333333335e-05,0.00017833333333333332,c
c,AllHints,trmm,DOUBLE,4,SMALL,4.053030303030302,4.4000000000000006e-05,0.00017833333333333332,c
c,AllHints,trmm,DOUBLE,5,SMALL,0.4652173913043478,0.00038333333333333334,0.00017833333333333332,c
c,ChooseHints,trmm,DOUBLE,1,SMALL,3.639455782312925,4.9e-05,0.00017833333333333332,c
c,ChooseHints,trmm,DOUBLE,2,SMALL,3.639455782312925,4.9e-05,0.00017833333333333332,c
c,ChooseHints,trmm,DOUBLE,3,SMALL,3.639455782312925,4.9e-05,0.00017833333333333332,c
c,ChooseHints,trmm,DOUBLE,4,SMALL,0.6815286624203821,0.00026166666666666667,0.00017833333333333332,c
c,ChooseHints,trmm,DOUBLE,5,SMALL,3.614864864864865,4.933333333333333e-05,0.00017833333333333332,c
c,FromPlan,trmm,DOUBLE,1,SMALL,3.364779874213837,5.2999999999999994e-05,0.00017833333333333332,c
c,FromPlan,trmm,DOUBLE,2,SMALL,2.6750000000000003,6.666666666666666e-05,0.00017833333333333332,c
c,FromPlan,trmm,DOUBLE,3,SMALL,3.6643835616438354,4.8666666666666666e-05,0.00017833333333333332,c
c,FromPlan,trmm,DOUBLE,4,SMALL,2.266949152542373,7.866666666666666e-05,0.00017833333333333332,c
c,FromPlan,trmm,DOUBLE,5,SMALL,1.16557734204793,0.000153,0.00017833333333333332,c
c,Naive,trmm,DOUBLE,1,SMALL,3.7152777777777772,4.8e-05,0.00017833333333333332,c
c,Naive,trmm,DOUBLE,2,SMALL,3.639455782312925,4.9e-05,0.00017833333333333332,c
c,Naive,trmm,DOUBLE,3,SMALL,2.729591836734694,6.533333333333333e-05,0.00017833333333333332,c
c,Naive,trmm,DOUBLE,4,SMALL,3.821428571428571,4.6666666666666665e-05,0.00017833333333333332,c
c,Naive,trmm,DOUBLE,5,SMALL,3.6643835616438354,4.8666666666666666e-05,0.00017833333333333332,c
c,standard,trmm,DOUBLE,1,SMALL,1.0,0.00017833333333333332,0.00017833333333333332,c
exo,AllHints,trmm,DOUBLE,1,SMALL,0.12330029960820466,0.0014463333333333333,0.00017833333333333332,c
exo,AllHints,trmm,DOUBLE,2,SMALL,0.7420249653259362,0.0002403333333333333,0.00017833333333333332,c
exo,AllHints,trmm,DOUBLE,3,SMALL,0.11465923703386198,0.0015553333333333333,0.00017833333333333332,c
exo,AllHints,trmm,DOUBLE,4,SMALL,0.004411061458041324,0.04042866666666667,0.00017833333333333332,c
exo,ChooseHints,trmm,DOUBLE,2,SMALL,1.351010101010101,0.00013199999999999998,0.00017833333333333332,c
exo,ChooseHints,trmm,DOUBLE,4,SMALL,1.6163141993957701,0.00011033333333333334,0.00017833333333333332,c
exo,FromPlan,trmm,DOUBLE,1,SMALL,1.5242165242165244,0.00011699999999999998,0.00017833333333333332,c
exo,FromPlan,trmm,DOUBLE,4,SMALL,1.5329512893982806,0.00011633333333333335,0.00017833333333333332,c
exo,Naive,trmm,DOUBLE,2,SMALL,3.165680473372781,5.633333333333333e-05,0.00017833333333333332,c
exo,Naive,trmm,DOUBLE,3,SMALL,1.2384259259259258,0.000144,0.00017833333333333332,c
exo,Naive,trmm,DOUBLE,4,SMALL,0.0042003941304399025,0.04245633333333334,0.00017833333333333332,c
exo,Naive,trmm,DOUBLE,5,SMALL,0.11883607285650821,0.0015006666666666666,0.00017833333333333332,c
exo,standard,trmm,DOUBLE,1,SMALL,0.8093797276853252,0.00022033333333333334,0.00017833333333333332,c
exo,standard,trmm,DOUBLE,2,SMALL,0.8411949685534592,0.00021199999999999998,0.00017833333333333332,c
exo,standard,trmm,DOUBLE,3,SMALL,0.8243451463790445,0.00021633333333333335,0.00017833333333333332,c
exo,standard,trmm,DOUBLE,4,SMALL,0.8143074581430745,0.000219,0.00017833333333333332,c
exo,standard,trmm,DOUBLE,5,SMALL,0.8218125960061444,0.000217,0.00017833333333333332,c
halide,AllHints,trmm,DOUBLE,2,SMALL,0.1597968936678614,0.001116,0.00017833333333333332,c
halide,AllHints,trmm,DOUBLE,4,SMALL,0.215032154340836,0.0008293333333333333,0.00017833333333333332,c
halide,standard,trmm,DOUBLE,1,SMALL,0.9037162162162162,0.00019733333333333332,0.00017833333333333332,c
halide,standard,trmm,DOUBLE,4,SMALL,0.9709618874773137,0.0001836666666666667,0.00017833333333333332,c
halide,standard,trmm,DOUBLE,5,SMALL,0.9320557491289199,0.0001913333333333333,0.00017833333333333332,c
noarr,AllHints,trmm,DOUBLE,1,SMALL,0.06930051813471502,0.0025733333333333333,0.00017833333333333332,c
noarr,AllHints,trmm,DOUBLE,3,SMALL,3.057142857142857,5.833333333333333e-05,0.00017833333333333332,c
noarr,AllHints,trmm,DOUBLE,4,SMALL,4.246031746031746,4.2e-05,0.00017833333333333332,c
noarr,AllHints,trmm,DOUBLE,5,SMALL,3.364779874213836,5.300000000000001e-05,0.00017833333333333332,c
noarr,ChooseHints,trmm,DOUBLE,1,SMALL,3.039772727272727,5.8666666666666665e-05,0.00017833333333333332,c
noarr,ChooseHints,trmm,DOUBLE,2,SMALL,1.419098143236074,0.00012566666666666667,0.00017833333333333332,c
noarr,ChooseHints,trmm,DOUBLE,3,SMALL,1.3613231552162848,0.000131,0.00017833333333333332,c
noarr,ChooseHints,trmm,DOUBLE,4,SMALL,3.4516129032258065,5.1666666666666664e-05,0.00017833333333333332,c
noarr,ChooseHints,trmm,DOUBLE,5,SMALL,3.614864864864865,4.933333333333333e-05,0.00017833333333333332,c
noarr,FromPlan,trmm,DOUBLE,2,SMALL,2.257383966244726,7.9e-05,0.00017833333333333332,c
noarr,FromPlan,trmm,DOUBLE,3,SMALL,3.092485549132948,5.766666666666667e-05,0.00017833333333333332,c
noarr,FromPlan,trmm,DOUBLE,4,SMALL,3.203592814371257,5.566666666666667e-05,0.00017833333333333332,c
noarr,FromPlan,trmm,DOUBLE,5,SMALL,3.364779874213836,5.300000000000001e-05,0.00017833333333333332,c
noarr,Naive,trmm,DOUBLE,1,SMALL,3.5666666666666664,5e-05,0.00017833333333333332,c
noarr,Naive,trmm,DOUBLE,2,SMALL,3.364779874213836,5.300000000000001e-05,0.00017833333333333332,c
noarr,Naive,trmm,DOUBLE,3,SMALL,1.4005235602094241,0.00012733333333333333,0.00017833333333333332,c
noarr,Naive,trmm,DOUBLE,4,SMALL,1.3308457711442785,0.000134,0.00017833333333333332,c
noarr,Naive,trmm,DOUBLE,5,SMALL,2.988826815642458,5.966666666666667e-05,0.00017833333333333332,c
noarr,standard,trmm,DOUBLE,1,SMALL,3.364779874213836,5.300000000000001e-05,0.00017833333333333332,c
noarr,standard,trmm,DOUBLE,2,SMALL,1.3613231552162848,0.000131,0.00017833333333333332,c
noarr,standard,trmm,DOUBLE,3,SMALL,1.3578680203045683,0.00013133333333333335,0.00017833333333333332,c
noarr,standard,trmm,DOUBLE,4,SMALL,1.0368217054263567,0.00017199999999999998,0.00017833333333333332,c
noarr,standard,trmm,DOUBLE,5,SMALL,1.2242562929061784,0.00014566666666666667,0.00017833333333333332,c
