-- The C compiler identification is GNU 15.2.0
-- Detecting C compiler ABI info
-- Detecting C compiler ABI info - done
-- Check for working C compiler: /usr/local/latestgcc/bin/gcc - skipped
-- Detecting C compile features
-- Detecting C compile features - done
-- Configuring done (0.4s)
-- Generating done (0.8s)
-- Build files have been written to: /home/kleplj/all_hints/optimization/all_hints/PolybenchC-4.2.1/build
[  7%] Building C object CMakeFiles/correlation.dir/utilities/polybench.c.o
[  7%] Building C object CMakeFiles/covariance.dir/datamining/covariance/covariance.c.o
[  7%] Building C object CMakeFiles/cholesky.dir/linear-algebra/solvers/cholesky/cholesky.c.o
[  7%] Building C object CMakeFiles/correlation.dir/datamining/correlation/correlation.c.o
[ 18%] Building C object CMakeFiles/durbin.dir/linear-algebra/solvers/durbin/durbin.c.o
[ 18%] Building C object CMakeFiles/cholesky.dir/utilities/polybench.c.o
[ 18%] Building C object CMakeFiles/covariance.dir/utilities/polybench.c.o
[ 54%] Building C object CMakeFiles/2mm.dir/linear-algebra/kernels/2mm/2mm.c.o
[ 65%] Building C object CMakeFiles/jacobi-2d.dir/utilities/polybench.c.o
[ 54%] Building C object CMakeFiles/ludcmp.dir/utilities/polybench.c.o
[ 54%] Building C object CMakeFiles/ludcmp.dir/linear-algebra/solvers/ludcmp/ludcmp.c.o
[ 54%] Building C object CMakeFiles/lu.dir/utilities/polybench.c.o
[ 54%] Building C object CMakeFiles/gramschmidt.dir/utilities/polybench.c.o
[ 54%] Building C object CMakeFiles/syrk.dir/linear-algebra/blas/syrk/syrk.c.o
[ 54%] Building C object CMakeFiles/lu.dir/linear-algebra/solvers/lu/lu.c.o
[ 54%] Building C object CMakeFiles/gramschmidt.dir/linear-algebra/solvers/gramschmidt/gramschmidt.c.o
[ 66%] Building C object CMakeFiles/gesummv.dir/utilities/polybench.c.o
[ 66%] Building C object CMakeFiles/trisolv.dir/linear-algebra/solvers/trisolv/trisolv.c.o
[ 66%] Building C object CMakeFiles/3mm.dir/linear-algebra/kernels/3mm/3mm.c.o
[ 66%] Building C object CMakeFiles/symm.dir/linear-algebra/blas/symm/symm.c.o
[ 66%] Building C object CMakeFiles/trisolv.dir/utilities/polybench.c.o
[ 66%] Building C object CMakeFiles/syr2k.dir/utilities/polybench.c.o
[ 66%] Building C object CMakeFiles/bicg.dir/linear-algebra/kernels/bicg/bicg.c.o
[ 66%] Building C object CMakeFiles/mvt.dir/utilities/polybench.c.o
[ 66%] Building C object CMakeFiles/jacobi-1d.dir/utilities/polybench.c.o
[ 66%] Building C object CMakeFiles/trmm.dir/utilities/polybench.c.o
[ 66%] Building C object CMakeFiles/gemver.dir/linear-algebra/blas/gemver/gemver.c.o
[ 66%] Building C object CMakeFiles/gesummv.dir/linear-algebra/blas/gesummv/gesummv.c.o
[ 66%] Building C object CMakeFiles/symm.dir/utilities/polybench.c.o
[ 66%] Building C object CMakeFiles/bicg.dir/utilities/polybench.c.o
[ 66%] Building C object CMakeFiles/2mm.dir/utilities/polybench.c.o
[ 66%] Building C object CMakeFiles/gemver.dir/utilities/polybench.c.o
[ 66%] Building C object CMakeFiles/floyd-warshall.dir/medley/floyd-warshall/floyd-warshall.c.o
[ 66%] Building C object CMakeFiles/nussinov.dir/medley/nussinov/nussinov.c.o
[ 66%] Building C object CMakeFiles/doitgen.dir/utilities/polybench.c.o
[ 66%] Building C object CMakeFiles/atax.dir/utilities/polybench.c.o
[ 66%] Building C object CMakeFiles/mvt.dir/linear-algebra/kernels/mvt/mvt.c.o
[ 66%] Building C object CMakeFiles/gemm.dir/utilities/polybench.c.o
[ 66%] Building C object CMakeFiles/durbin.dir/utilities/polybench.c.o
[ 66%] Building C object CMakeFiles/floyd-warshall.dir/utilities/polybench.c.o
[ 66%] Building C object CMakeFiles/doitgen.dir/linear-algebra/kernels/doitgen/doitgen.c.o
[ 66%] Building C object CMakeFiles/syr2k.dir/linear-algebra/blas/syr2k/syr2k.c.o
[ 66%] Building C object CMakeFiles/atax.dir/linear-algebra/kernels/atax/atax.c.o
[ 66%] Building C object CMakeFiles/gemm.dir/linear-algebra/blas/gemm/gemm.c.o
[ 66%] Building C object CMakeFiles/syrk.dir/utilities/polybench.c.o
[ 66%] Building C object CMakeFiles/trmm.dir/linear-algebra/blas/trmm/trmm.c.o
[ 66%] Building C object CMakeFiles/3mm.dir/utilities/polybench.c.o
[ 66%] Building C object CMakeFiles/fdtd-2d.dir/utilities/polybench.c.o
[ 66%] Building C object CMakeFiles/deriche.dir/utilities/polybench.c.o
[ 66%] Building C object CMakeFiles/heat-3d.dir/utilities/polybench.c.o
[ 66%] Building C object CMakeFiles/adi.dir/stencils/adi/adi.c.o
[ 66%] Building C object CMakeFiles/seidel-2d.dir/stencils/seidel-2d/seidel-2d.c.o
[ 66%] Building C object CMakeFiles/fdtd-2d.dir/stencils/fdtd-2d/fdtd-2d.c.o
[ 66%] Building C object CMakeFiles/deriche.dir/medley/deriche/deriche.c.o
[ 66%] Building C object CMakeFiles/heat-3d.dir/stencils/heat-3d/heat-3d.c.o
[ 66%] Building C object CMakeFiles/seidel-2d.dir/utilities/polybench.c.o
[ 66%] Building C object CMakeFiles/jacobi-2d.dir/stencils/jacobi-2d/jacobi-2d.c.o
[ 66%] Building C object CMakeFiles/nussinov.dir/utilities/polybench.c.o
[ 66%] Building C object CMakeFiles/adi.dir/utilities/polybench.c.o
[ 66%] Building C object CMakeFiles/jacobi-1d.dir/stencils/jacobi-1d/jacobi-1d.c.o
[ 67%] Linking C executable jacobi-1d
[ 68%] Linking C executable nussinov
[ 70%] Linking C executable correlation
[ 73%] Linking C executable trisolv
[ 73%] Linking C executable syrk
[ 73%] Linking C executable deriche
[ 74%] Linking C executable floyd-warshall
[ 75%] Linking C executable cholesky
[ 76%] Linking C executable gesummv
[ 77%] Linking C executable bicg
[ 80%] Linking C executable durbin
[ 80%] Linking C executable mvt
[ 81%] Linking C executable adi
[ 82%] Linking C executable atax
[ 82%] Built target jacobi-1d
[ 82%] Built target nussinov
[ 83%] Linking C executable lu
[ 84%] Linking C executable jacobi-2d
[ 85%] Built target correlation
[ 85%] Linking C executable seidel-2d
[ 85%] Built target trisolv
[ 85%] Built target syrk
[ 85%] Built target deriche
[ 85%] Built target floyd-warshall
[ 87%] Linking C executable fdtd-2d
[ 87%] Linking C executable gramschmidt
[ 88%] Linking C executable 2mm
[ 90%] Linking C executable trmm
[ 90%] Built target cholesky
[ 90%] Built target gesummv
[ 90%] Built target bicg
[ 92%] Linking C executable doitgen
[ 92%] Built target adi
[ 92%] Linking C executable gemm
[ 93%] Built target durbin
[ 93%] Linking C executable syr2k
[ 93%] Built target mvt
[ 93%] Built target atax
[ 95%] Linking C executable gemver
[ 95%] Built target lu
[ 95%] Linking C executable heat-3d
[ 95%] Built target jacobi-2d
[ 96%] Linking C executable symm
[ 96%] Built target seidel-2d
[ 96%] Built target gramschmidt
[ 96%] Built target fdtd-2d
[ 96%] Built target 2mm
[ 97%] Linking C executable 3mm
[ 97%] Built target trmm
[ 98%] Linking C executable covariance
[ 98%] Built target doitgen
[ 98%] Built target syr2k
[ 98%] Built target gemm
[100%] Built target gemver
[100%] Linking C executable ludcmp
[100%] Built target heat-3d
[100%] Built target symm
[100%] Built target 3mm
[100%] Built target covariance
[100%] Built target ludcmp
c,all_hints,2mm,0.022816,112.717,valid,1,LARGE,DOUBLE
c,all_hints,2mm,1,0.022397,1,LARGE,DOUBLE
c,all_hints,2mm,2,0.021531,1,LARGE,DOUBLE
c,all_hints,2mm,3,0.021682,1,LARGE,DOUBLE
c,all_hints,2mm,4,0.021706,1,LARGE,DOUBLE
c,all_hints,2mm,5,0.021786,1,LARGE,DOUBLE
c,all_hints,3mm,0.031595,123.829,valid,1,LARGE,DOUBLE
c,all_hints,3mm,1,0.033694,1,LARGE,DOUBLE
c,all_hints,3mm,2,0.033013,1,LARGE,DOUBLE
c,all_hints,3mm,3,0.033178,1,LARGE,DOUBLE
c,all_hints,3mm,4,0.032099,1,LARGE,DOUBLE
c,all_hints,3mm,5,0.033353,1,LARGE,DOUBLE
c,all_hints,adi,0.629113,16.519,valid,1,LARGE,DOUBLE
c,all_hints,adi,1,0.604862,1,LARGE,DOUBLE
c,all_hints,adi,2,0.661226,1,LARGE,DOUBLE
c,all_hints,adi,3,0.617785,1,LARGE,DOUBLE
c,all_hints,adi,4,0.622995,1,LARGE,DOUBLE
c,all_hints,adi,5,0.601619,1,LARGE,DOUBLE
c,all_hints,atax,0.001158,7.418,valid,1,LARGE,DOUBLE
c,all_hints,atax,1,0.001188,1,LARGE,DOUBLE
c,all_hints,atax,2,0.001177,1,LARGE,DOUBLE
c,all_hints,atax,3,0.001190,1,LARGE,DOUBLE
c,all_hints,atax,4,0.001156,1,LARGE,DOUBLE
c,all_hints,atax,5,0.001177,1,LARGE,DOUBLE
c,all_hints,bicg,0.001125,13.008,valid,1,LARGE,DOUBLE
c,all_hints,bicg,1,0.001181,1,LARGE,DOUBLE
c,all_hints,bicg,2,0.001137,1,LARGE,DOUBLE
c,all_hints,bicg,3,0.001111,1,LARGE,DOUBLE
c,all_hints,bicg,4,0.001196,1,LARGE,DOUBLE
c,all_hints,bicg,5,0.001140,1,LARGE,DOUBLE
c,all_hints,cholesky,1.890485,1.006,valid,1,LARGE,DOUBLE
c,all_hints,cholesky,1,1.891613,1,LARGE,DOUBLE
c,all_hints,cholesky,2,1.889440,1,LARGE,DOUBLE
c,all_hints,cholesky,3,1.890432,1,LARGE,DOUBLE
c,all_hints,cholesky,4,1.889607,1,LARGE,DOUBLE
c,all_hints,cholesky,5,1.890581,1,LARGE,DOUBLE
c,all_hints,correlation,0.068700,24.805,valid,1,LARGE,DOUBLE
c,all_hints,correlation,1,0.068701,1,LARGE,DOUBLE
c,all_hints,correlation,2,0.069168,1,LARGE,DOUBLE
c,all_hints,correlation,3,0.068576,1,LARGE,DOUBLE
c,all_hints,correlation,4,0.068276,1,LARGE,DOUBLE
c,all_hints,correlation,5,0.069254,1,LARGE,DOUBLE
c,all_hints,covariance,0.021194,80.668,valid,1,LARGE,DOUBLE
c,all_hints,covariance,1,0.021673,1,LARGE,DOUBLE
c,all_hints,covariance,2,0.020835,1,LARGE,DOUBLE
c,all_hints,covariance,3,0.021425,1,LARGE,DOUBLE
c,all_hints,covariance,4,0.021284,1,LARGE,DOUBLE
c,all_hints,covariance,5,0.021068,1,LARGE,DOUBLE
c,all_hints,deriche,0.045080,4.968,valid,1,LARGE,DOUBLE
c,all_hints,deriche,1,0.042605,1,LARGE,DOUBLE
c,all_hints,deriche,2,0.043818,1,LARGE,DOUBLE
c,all_hints,deriche,3,0.046283,1,LARGE,DOUBLE
c,all_hints,deriche,4,0.044721,1,LARGE,DOUBLE
c,all_hints,deriche,5,0.044151,1,LARGE,DOUBLE
c,all_hints,doitgen,0.002755,269.327,valid,1,LARGE,DOUBLE
c,all_hints,doitgen,1,0.002768,1,LARGE,DOUBLE
c,all_hints,doitgen,2,0.002775,1,LARGE,DOUBLE
c,all_hints,doitgen,3,0.002804,1,LARGE,DOUBLE
c,all_hints,doitgen,4,0.002770,1,LARGE,DOUBLE
c,all_hints,doitgen,5,0.002788,1,LARGE,DOUBLE
c,all_hints,durbin,0.052832,0.073,valid,1,LARGE,DOUBLE
c,all_hints,durbin,1,0.053972,1,LARGE,DOUBLE
c,all_hints,durbin,2,0.053791,1,LARGE,DOUBLE
c,all_hints,durbin,3,0.053867,1,LARGE,DOUBLE
c,all_hints,durbin,4,0.053055,1,LARGE,DOUBLE
c,all_hints,durbin,5,0.052652,1,LARGE,DOUBLE
c,all_hints,fdtd-2d,0.123163,13.839,valid,1,LARGE,DOUBLE
c,all_hints,fdtd-2d,1,0.122069,1,LARGE,DOUBLE
c,all_hints,fdtd-2d,2,0.121925,1,LARGE,DOUBLE
c,all_hints,fdtd-2d,3,0.121421,1,LARGE,DOUBLE
c,all_hints,fdtd-2d,4,0.121423,1,LARGE,DOUBLE
c,all_hints,fdtd-2d,5,0.118500,1,LARGE,DOUBLE
c,all_hints,floyd-warshall,0.866511,26.028,valid,1,LARGE,DOUBLE
c,all_hints,floyd-warshall,1,0.757456,1,LARGE,DOUBLE
c,all_hints,floyd-warshall,2,0.840730,1,LARGE,DOUBLE
c,all_hints,floyd-warshall,3,0.869542,1,LARGE,DOUBLE
c,all_hints,floyd-warshall,4,0.863744,1,LARGE,DOUBLE
c,all_hints,floyd-warshall,5,0.913519,1,LARGE,DOUBLE
c,all_hints,gemm,0.012915,34.637,valid,1,LARGE,DOUBLE
c,all_hints,gemm,1,0.012467,1,LARGE,DOUBLE
c,all_hints,gemm,2,0.012173,1,LARGE,DOUBLE
c,all_hints,gemm,3,0.012334,1,LARGE,DOUBLE
c,all_hints,gemm,4,0.012449,1,LARGE,DOUBLE
c,all_hints,gemm,5,0.012938,1,LARGE,DOUBLE
c,all_hints,gemver,0.002605,6.698,valid,1,LARGE,DOUBLE
c,all_hints,gemver,1,0.002793,1,LARGE,DOUBLE
c,all_hints,gemver,2,0.002337,1,LARGE,DOUBLE
c,all_hints,gemver,3,0.002397,1,LARGE,DOUBLE
c,all_hints,gemver,4,0.002674,1,LARGE,DOUBLE
c,all_hints,gemver,5,0.002753,1,LARGE,DOUBLE
c,all_hints,gesummv,0.000855,7.326,valid,1,LARGE,DOUBLE
c,all_hints,gesummv,1,0.000856,1,LARGE,DOUBLE
c,all_hints,gesummv,2,0.000938,1,LARGE,DOUBLE
c,all_hints,gesummv,3,0.000908,1,LARGE,DOUBLE
c,all_hints,gesummv,4,0.000900,1,LARGE,DOUBLE
c,all_hints,gesummv,5,0.000939,1,LARGE,DOUBLE
c,all_hints,gramschmidt,0.768909,,validity_error,1,LARGE,DOUBLE
c,all_hints,heat-3d,0.245119,7.951,valid,1,LARGE,DOUBLE
c,all_hints,heat-3d,1,0.245950,1,LARGE,DOUBLE
c,all_hints,heat-3d,2,0.244548,1,LARGE,DOUBLE
c,all_hints,heat-3d,3,0.244585,1,LARGE,DOUBLE
c,all_hints,heat-3d,4,0.245876,1,LARGE,DOUBLE
c,all_hints,heat-3d,5,0.244746,1,LARGE,DOUBLE
c,all_hints,jacobi-1d,0.008910,0.105,valid,1,LARGE,DOUBLE
c,all_hints,jacobi-1d,1,0.009033,1,LARGE,DOUBLE
c,all_hints,jacobi-1d,2,0.009122,1,LARGE,DOUBLE
c,all_hints,jacobi-1d,3,0.009092,1,LARGE,DOUBLE
c,all_hints,jacobi-1d,4,0.008549,1,LARGE,DOUBLE
c,all_hints,jacobi-1d,5,0.008742,1,LARGE,DOUBLE
c,all_hints,jacobi-2d,0.156998,10.484,valid,1,LARGE,DOUBLE
c,all_hints,jacobi-2d,1,0.167388,1,LARGE,DOUBLE
c,all_hints,jacobi-2d,2,0.165329,1,LARGE,DOUBLE
c,all_hints,jacobi-2d,3,0.169833,1,LARGE,DOUBLE
c,all_hints,jacobi-2d,4,0.160441,1,LARGE,DOUBLE
c,all_hints,jacobi-2d,5,0.167508,1,LARGE,DOUBLE
c,all_hints,lu,2.874779,1.526,valid,1,LARGE,DOUBLE
c,all_hints,lu,1,2.897005,1,LARGE,DOUBLE
c,all_hints,lu,2,2.874547,1,LARGE,DOUBLE
c,all_hints,lu,3,2.874452,1,LARGE,DOUBLE
c,all_hints,lu,4,2.907028,1,LARGE,DOUBLE
c,all_hints,lu,5,2.883704,1,LARGE,DOUBLE
c,all_hints,ludcmp,2.821519,1.559,valid,1,LARGE,DOUBLE
c,all_hints,ludcmp,1,2.810193,1,LARGE,DOUBLE
c,all_hints,ludcmp,2,2.814640,1,LARGE,DOUBLE
c,all_hints,ludcmp,3,2.815968,1,LARGE,DOUBLE
c,all_hints,ludcmp,4,2.849949,1,LARGE,DOUBLE
c,all_hints,ludcmp,5,2.837314,1,LARGE,DOUBLE
c,all_hints,mvt,0.005159,2.827,valid,1,LARGE,DOUBLE
c,all_hints,mvt,1,0.005082,1,LARGE,DOUBLE
c,all_hints,mvt,2,0.005289,1,LARGE,DOUBLE
c,all_hints,mvt,3,0.005085,1,LARGE,DOUBLE
c,all_hints,mvt,4,0.004992,1,LARGE,DOUBLE
c,all_hints,mvt,5,0.005172,1,LARGE,DOUBLE
c,all_hints,nussinov,0.181274,42.457,valid,1,LARGE,DOUBLE
c,all_hints,nussinov,1,0.181290,1,LARGE,DOUBLE
c,all_hints,nussinov,2,0.182264,1,LARGE,DOUBLE
c,all_hints,nussinov,3,0.182065,1,LARGE,DOUBLE
c,all_hints,nussinov,4,0.182598,1,LARGE,DOUBLE
c,all_hints,nussinov,5,0.181669,1,LARGE,DOUBLE
c,all_hints,seidel-2d,20.029907,1.357,valid,1,LARGE,DOUBLE
c,all_hints,seidel-2d,1,20.021557,1,LARGE,DOUBLE
c,all_hints,seidel-2d,2,20.023008,1,LARGE,DOUBLE
c,all_hints,seidel-2d,3,20.027326,1,LARGE,DOUBLE
c,all_hints,seidel-2d,4,20.027206,1,LARGE,DOUBLE
c,all_hints,seidel-2d,5,20.025868,1,LARGE,DOUBLE
c,all_hints,symm,0.019994,78.234,valid,1,LARGE,DOUBLE
c,all_hints,symm,1,0.019220,1,LARGE,DOUBLE
c,all_hints,symm,2,0.018703,1,LARGE,DOUBLE
c,all_hints,symm,3,0.018744,1,LARGE,DOUBLE
c,all_hints,symm,4,0.019150,1,LARGE,DOUBLE
c,all_hints,symm,5,0.018761,1,LARGE,DOUBLE
c,all_hints,syr2k,0.049263,26.869,valid,1,LARGE,DOUBLE
c,all_hints,syr2k,1,0.047065,1,LARGE,DOUBLE
c,all_hints,syr2k,2,0.047911,1,LARGE,DOUBLE
c,all_hints,syr2k,3,0.047106,1,LARGE,DOUBLE
c,all_hints,syr2k,4,0.048991,1,LARGE,DOUBLE
c,all_hints,syr2k,5,0.048008,1,LARGE,DOUBLE
c,all_hints,syrk,0.030858,21.349,valid,1,LARGE,DOUBLE
c,all_hints,syrk,1,0.030271,1,LARGE,DOUBLE
c,all_hints,syrk,2,0.030361,1,LARGE,DOUBLE
c,all_hints,syrk,3,0.030153,1,LARGE,DOUBLE
c,all_hints,syrk,4,0.029624,1,LARGE,DOUBLE
c,all_hints,syrk,5,0.029821,1,LARGE,DOUBLE
c,all_hints,trisolv,0.003527,,validity_error,1,LARGE,DOUBLE
c,all_hints,trmm,0.051955,19.132,valid,1,LARGE,DOUBLE
c,all_hints,trmm,1,0.051094,1,LARGE,DOUBLE
c,all_hints,trmm,2,0.050747,1,LARGE,DOUBLE
c,all_hints,trmm,3,0.051292,1,LARGE,DOUBLE
c,all_hints,trmm,4,0.050545,1,LARGE,DOUBLE
c,all_hints,trmm,5,0.051882,1,LARGE,DOUBLE
-- The C compiler identification is GNU 15.2.0
-- Detecting C compiler ABI info
-- Detecting C compiler ABI info - done
-- Check for working C compiler: /usr/local/latestgcc/bin/gcc - skipped
-- Detecting C compile features
-- Detecting C compile features - done
-- Configuring done (0.4s)
-- Generating done (0.8s)
-- Build files have been written to: /home/kleplj/all_hints/optimization/all_hints/PolybenchC-4.2.1/build
[  8%] Building C object CMakeFiles/lu.dir/linear-algebra/solvers/lu/lu.c.o
[  8%] Building C object CMakeFiles/correlation.dir/utilities/polybench.c.o
[  8%] Building C object CMakeFiles/covariance.dir/datamining/covariance/covariance.c.o
[  8%] Building C object CMakeFiles/cholesky.dir/linear-algebra/solvers/cholesky/cholesky.c.o
[  8%] Building C object CMakeFiles/covariance.dir/utilities/polybench.c.o
[  8%] Building C object CMakeFiles/correlation.dir/datamining/correlation/correlation.c.o
[ 21%] Building C object CMakeFiles/gramschmidt.dir/linear-algebra/solvers/gramschmidt/gramschmidt.c.o
[ 31%] Building C object CMakeFiles/bicg.dir/linear-algebra/kernels/bicg/bicg.c.o
[ 47%] Building C object CMakeFiles/2mm.dir/utilities/polybench.c.o
[ 21%] Building C object CMakeFiles/lu.dir/utilities/polybench.c.o
[ 26%] Building C object CMakeFiles/gesummv.dir/linear-algebra/blas/gesummv/gesummv.c.o
[ 58%] Building C object CMakeFiles/trisolv.dir/linear-algebra/solvers/trisolv/trisolv.c.o
[ 58%] Building C object CMakeFiles/gemver.dir/linear-algebra/blas/gemver/gemver.c.o
[ 58%] Building C object CMakeFiles/durbin.dir/linear-algebra/solvers/durbin/durbin.c.o
[ 58%] Building C object CMakeFiles/ludcmp.dir/linear-algebra/solvers/ludcmp/ludcmp.c.o
[ 58%] Building C object CMakeFiles/gramschmidt.dir/utilities/polybench.c.o
[ 58%] Building C object CMakeFiles/trisolv.dir/utilities/polybench.c.o
[ 58%] Building C object CMakeFiles/durbin.dir/utilities/polybench.c.o
[ 58%] Building C object CMakeFiles/cholesky.dir/utilities/polybench.c.o
[ 58%] Building C object CMakeFiles/syr2k.dir/linear-algebra/blas/syr2k/syr2k.c.o
[ 58%] Building C object CMakeFiles/ludcmp.dir/utilities/polybench.c.o
[ 66%] Building C object CMakeFiles/syrk.dir/linear-algebra/blas/syrk/syrk.c.o
[ 66%] Building C object CMakeFiles/gemm.dir/utilities/polybench.c.o
[ 66%] Building C object CMakeFiles/doitgen.dir/utilities/polybench.c.o
[ 66%] Building C object CMakeFiles/3mm.dir/utilities/polybench.c.o
[ 66%] Building C object CMakeFiles/jacobi-1d.dir/utilities/polybench.c.o
[ 66%] Building C object CMakeFiles/floyd-warshall.dir/medley/floyd-warshall/floyd-warshall.c.o
[ 66%] Building C object CMakeFiles/deriche.dir/utilities/polybench.c.o
[ 66%] Building C object CMakeFiles/atax.dir/utilities/polybench.c.o
[ 66%] Building C object CMakeFiles/gemver.dir/utilities/polybench.c.o
[ 66%] Building C object CMakeFiles/mvt.dir/linear-algebra/kernels/mvt/mvt.c.o
[ 66%] Building C object CMakeFiles/2mm.dir/linear-algebra/kernels/2mm/2mm.c.o
[ 66%] Building C object CMakeFiles/floyd-warshall.dir/utilities/polybench.c.o
[ 66%] Building C object CMakeFiles/seidel-2d.dir/utilities/polybench.c.o
[ 66%] Building C object CMakeFiles/nussinov.dir/medley/nussinov/nussinov.c.o
[ 66%] Building C object CMakeFiles/seidel-2d.dir/stencils/seidel-2d/seidel-2d.c.o
[ 66%] Building C object CMakeFiles/gemm.dir/linear-algebra/blas/gemm/gemm.c.o
[ 66%] Building C object CMakeFiles/deriche.dir/medley/deriche/deriche.c.o
[ 66%] Building C object CMakeFiles/3mm.dir/linear-algebra/kernels/3mm/3mm.c.o
[ 66%] Building C object CMakeFiles/doitgen.dir/linear-algebra/kernels/doitgen/doitgen.c.o
[ 66%] Building C object CMakeFiles/bicg.dir/utilities/polybench.c.o
[ 66%] Building C object CMakeFiles/mvt.dir/utilities/polybench.c.o
[ 66%] Building C object CMakeFiles/trmm.dir/utilities/polybench.c.o
[ 66%] Building C object CMakeFiles/symm.dir/utilities/polybench.c.o
[ 66%] Building C object CMakeFiles/atax.dir/linear-algebra/kernels/atax/atax.c.o
[ 66%] Building C object CMakeFiles/syrk.dir/utilities/polybench.c.o
[ 66%] Building C object CMakeFiles/syr2k.dir/utilities/polybench.c.o
[ 66%] Building C object CMakeFiles/symm.dir/linear-algebra/blas/symm/symm.c.o
[ 66%] Building C object CMakeFiles/gesummv.dir/utilities/polybench.c.o
[ 66%] Building C object CMakeFiles/trmm.dir/linear-algebra/blas/trmm/trmm.c.o
[ 66%] Building C object CMakeFiles/nussinov.dir/utilities/polybench.c.o
[ 66%] Building C object CMakeFiles/jacobi-2d.dir/stencils/jacobi-2d/jacobi-2d.c.o
[ 66%] Building C object CMakeFiles/fdtd-2d.dir/stencils/fdtd-2d/fdtd-2d.c.o
[ 66%] Building C object CMakeFiles/fdtd-2d.dir/utilities/polybench.c.o
[ 66%] Building C object CMakeFiles/heat-3d.dir/stencils/heat-3d/heat-3d.c.o
[ 66%] Building C object CMakeFiles/jacobi-2d.dir/utilities/polybench.c.o
[ 66%] Building C object CMakeFiles/adi.dir/stencils/adi/adi.c.o
[ 66%] Building C object CMakeFiles/jacobi-1d.dir/stencils/jacobi-1d/jacobi-1d.c.o
[ 66%] Building C object CMakeFiles/heat-3d.dir/utilities/polybench.c.o
[ 66%] Building C object CMakeFiles/adi.dir/utilities/polybench.c.o
[ 67%] Linking C executable trisolv
[ 68%] Linking C executable seidel-2d
[ 70%] Linking C executable syr2k
[ 71%] Linking C executable syrk
[ 72%] Linking C executable gesummv
[ 74%] Linking C executable doitgen
[ 74%] Linking C executable jacobi-1d
[ 75%] Linking C executable covariance
[ 75%] Built target trisolv
[ 75%] Built target seidel-2d
[ 77%] Linking C executable symm
[ 77%] Linking C executable cholesky
[ 80%] Linking C executable deriche
[ 80%] Linking C executable correlation
[ 81%] Linking C executable lu
[ 82%] Linking C executable gemm
[ 83%] Linking C executable jacobi-2d
[ 84%] Built target syrk
[ 84%] Linking C executable trmm
[ 84%] Built target syr2k
[ 85%] Linking C executable 2mm
[ 86%] Linking C executable adi
[ 86%] Built target gesummv
[ 90%] Linking C executable atax
[ 90%] Linking C executable gramschmidt
[ 90%] Linking C executable mvt
[ 90%] Built target jacobi-1d
[ 91%] Built target doitgen
[ 91%] Linking C executable fdtd-2d
[ 91%] Built target covariance
[ 92%] Linking C executable gemver
[ 93%] Built target cholesky
[ 93%] Built target correlation
[ 93%] Built target symm
[ 93%] Linking C executable ludcmp
[ 93%] Built target deriche
[ 93%] Built target lu
[ 93%] Built target gemm
[ 93%] Built target jacobi-2d
[ 93%] Built target trmm
[ 93%] Built target 2mm
[ 93%] Built target adi
[ 94%] Built target atax
[ 94%] Linking C executable 3mm
[ 94%] Built target mvt
[ 94%] Built target gramschmidt
[ 94%] Built target fdtd-2d
[ 95%] Linking C executable floyd-warshall
[ 95%] Built target gemver
[ 95%] Built target ludcmp
[ 95%] Built target 3mm
[ 95%] Built target floyd-warshall
c,all_hints,2mm,0.016960,153.811,valid,2,LARGE,DOUBLE
c,all_hints,2mm,1,0.017036,2,LARGE,DOUBLE
c,all_hints,2mm,2,0.018195,2,LARGE,DOUBLE
c,all_hints,2mm,3,0.018293,2,LARGE,DOUBLE
c,all_hints,2mm,4,0.017936,2,LARGE,DOUBLE
c,all_hints,2mm,5,0.016977,2,LARGE,DOUBLE
c,all_hints,3mm,0.031177,125.195,valid,2,LARGE,DOUBLE
c,all_hints,3mm,1,0.031338,2,LARGE,DOUBLE
c,all_hints,3mm,2,0.031167,2,LARGE,DOUBLE
c,all_hints,3mm,3,0.030851,2,LARGE,DOUBLE
c,all_hints,3mm,4,0.031095,2,LARGE,DOUBLE
c,all_hints,3mm,5,0.033262,2,LARGE,DOUBLE
c,all_hints,adi,0.595139,17.426,valid,2,LARGE,DOUBLE
c,all_hints,adi,1,0.573342,2,LARGE,DOUBLE
c,all_hints,adi,2,0.594577,2,LARGE,DOUBLE
c,all_hints,adi,3,0.612863,2,LARGE,DOUBLE
c,all_hints,adi,4,0.593774,2,LARGE,DOUBLE
c,all_hints,adi,5,0.605022,2,LARGE,DOUBLE
c,all_hints,atax,0.002198,3.874,valid,2,LARGE,DOUBLE
c,all_hints,atax,1,0.002046,2,LARGE,DOUBLE
c,all_hints,atax,2,0.002092,2,LARGE,DOUBLE
c,all_hints,atax,3,0.002206,2,LARGE,DOUBLE
c,all_hints,atax,4,0.002176,2,LARGE,DOUBLE
c,all_hints,atax,5,0.001965,2,LARGE,DOUBLE
c,all_hints,bicg,,,compile_error,2,LARGE,DOUBLE
c,all_hints,cholesky,1.890298,1.007,valid,2,LARGE,DOUBLE
c,all_hints,cholesky,1,1.891292,2,LARGE,DOUBLE
c,all_hints,cholesky,2,1.890453,2,LARGE,DOUBLE
c,all_hints,cholesky,3,1.892946,2,LARGE,DOUBLE
c,all_hints,cholesky,4,1.893373,2,LARGE,DOUBLE
c,all_hints,cholesky,5,1.890673,2,LARGE,DOUBLE
c,all_hints,correlation,0.026501,63.828,valid,2,LARGE,DOUBLE
c,all_hints,correlation,1,0.027159,2,LARGE,DOUBLE
c,all_hints,correlation,2,0.027244,2,LARGE,DOUBLE
c,all_hints,correlation,3,0.027239,2,LARGE,DOUBLE
c,all_hints,correlation,4,0.028084,2,LARGE,DOUBLE
c,all_hints,correlation,5,0.027118,2,LARGE,DOUBLE
c,all_hints,covariance,0.066805,25.448,valid,2,LARGE,DOUBLE
c,all_hints,covariance,1,0.066546,2,LARGE,DOUBLE
c,all_hints,covariance,2,0.066440,2,LARGE,DOUBLE
c,all_hints,covariance,3,0.066326,2,LARGE,DOUBLE
c,all_hints,covariance,4,0.066712,2,LARGE,DOUBLE
c,all_hints,covariance,5,0.066034,2,LARGE,DOUBLE
c,all_hints,deriche,0.046507,4.893,valid,2,LARGE,DOUBLE
c,all_hints,deriche,1,0.044164,2,LARGE,DOUBLE
c,all_hints,deriche,2,0.044035,2,LARGE,DOUBLE
c,all_hints,deriche,3,0.042392,2,LARGE,DOUBLE
c,all_hints,deriche,4,0.042337,2,LARGE,DOUBLE
c,all_hints,deriche,5,0.047081,2,LARGE,DOUBLE
c,all_hints,doitgen,0.002580,287.934,valid,2,LARGE,DOUBLE
c,all_hints,doitgen,1,0.002582,2,LARGE,DOUBLE
c,all_hints,doitgen,2,0.002616,2,LARGE,DOUBLE
c,all_hints,doitgen,3,0.002623,2,LARGE,DOUBLE
c,all_hints,doitgen,4,0.002611,2,LARGE,DOUBLE
c,all_hints,doitgen,5,0.002583,2,LARGE,DOUBLE
c,all_hints,durbin,,,compile_error,2,LARGE,DOUBLE
c,all_hints,fdtd-2d,0.219549,7.816,valid,2,LARGE,DOUBLE
c,all_hints,fdtd-2d,1,0.216126,2,LARGE,DOUBLE
c,all_hints,fdtd-2d,2,0.211049,2,LARGE,DOUBLE
c,all_hints,fdtd-2d,3,0.223054,2,LARGE,DOUBLE
c,all_hints,fdtd-2d,4,0.219813,2,LARGE,DOUBLE
c,all_hints,fdtd-2d,5,0.219520,2,LARGE,DOUBLE
c,all_hints,floyd-warshall,0.781293,29.228,valid,2,LARGE,DOUBLE
c,all_hints,floyd-warshall,1,0.790191,2,LARGE,DOUBLE
c,all_hints,floyd-warshall,2,0.786854,2,LARGE,DOUBLE
c,all_hints,floyd-warshall,3,0.790272,2,LARGE,DOUBLE
c,all_hints,floyd-warshall,4,0.779893,2,LARGE,DOUBLE
c,all_hints,floyd-warshall,5,0.800753,2,LARGE,DOUBLE
c,all_hints,gemm,0.013685,33.044,valid,2,LARGE,DOUBLE
c,all_hints,gemm,1,0.013815,2,LARGE,DOUBLE
c,all_hints,gemm,2,0.013833,2,LARGE,DOUBLE
c,all_hints,gemm,3,0.013831,2,LARGE,DOUBLE
c,all_hints,gemm,4,0.013737,2,LARGE,DOUBLE
c,all_hints,gemm,5,0.013768,2,LARGE,DOUBLE
c,all_hints,gemver,0.001677,10.465,valid,2,LARGE,DOUBLE
c,all_hints,gemver,1,0.001646,2,LARGE,DOUBLE
c,all_hints,gemver,2,0.001694,2,LARGE,DOUBLE
c,all_hints,gemver,3,0.001509,2,LARGE,DOUBLE
c,all_hints,gemver,4,0.001695,2,LARGE,DOUBLE
c,all_hints,gemver,5,0.001644,2,LARGE,DOUBLE
c,all_hints,gesummv,0.000858,7.233,valid,2,LARGE,DOUBLE
c,all_hints,gesummv,1,0.000872,2,LARGE,DOUBLE
c,all_hints,gesummv,2,0.000832,2,LARGE,DOUBLE
c,all_hints,gesummv,3,0.000942,2,LARGE,DOUBLE
c,all_hints,gesummv,4,0.000825,2,LARGE,DOUBLE
c,all_hints,gesummv,5,0.000967,2,LARGE,DOUBLE
c,all_hints,gramschmidt,38.716424,,validity_error,2,LARGE,DOUBLE
c,all_hints,heat-3d,,,compile_error,2,LARGE,DOUBLE
c,all_hints,jacobi-1d,0.007351,0.128,valid,2,LARGE,DOUBLE
c,all_hints,jacobi-1d,1,0.007290,2,LARGE,DOUBLE
c,all_hints,jacobi-1d,2,0.007429,2,LARGE,DOUBLE
c,all_hints,jacobi-1d,3,0.007137,2,LARGE,DOUBLE
c,all_hints,jacobi-1d,4,0.007402,2,LARGE,DOUBLE
c,all_hints,jacobi-1d,5,0.007455,2,LARGE,DOUBLE
c,all_hints,jacobi-2d,0.220704,7.454,valid,2,LARGE,DOUBLE
c,all_hints,jacobi-2d,1,0.219284,2,LARGE,DOUBLE
c,all_hints,jacobi-2d,2,0.222232,2,LARGE,DOUBLE
c,all_hints,jacobi-2d,3,0.223399,2,LARGE,DOUBLE
c,all_hints,jacobi-2d,4,0.219019,2,LARGE,DOUBLE
c,all_hints,jacobi-2d,5,0.209573,2,LARGE,DOUBLE
c,all_hints,lu,2.704879,1.628,valid,2,LARGE,DOUBLE
c,all_hints,lu,1,2.728147,2,LARGE,DOUBLE
c,all_hints,lu,2,2.774493,2,LARGE,DOUBLE
c,all_hints,lu,3,2.779487,2,LARGE,DOUBLE
c,all_hints,lu,4,2.878075,2,LARGE,DOUBLE
c,all_hints,lu,5,2.790446,2,LARGE,DOUBLE
c,all_hints,ludcmp,2.609213,1.677,valid,2,LARGE,DOUBLE
c,all_hints,ludcmp,1,2.598851,2,LARGE,DOUBLE
c,all_hints,ludcmp,2,2.593354,2,LARGE,DOUBLE
c,all_hints,ludcmp,3,2.597986,2,LARGE,DOUBLE
c,all_hints,ludcmp,4,2.613453,2,LARGE,DOUBLE
c,all_hints,ludcmp,5,2.594755,2,LARGE,DOUBLE
c,all_hints,mvt,0.002309,6.334,valid,2,LARGE,DOUBLE
c,all_hints,mvt,1,0.002287,2,LARGE,DOUBLE
c,all_hints,mvt,2,0.002274,2,LARGE,DOUBLE
c,all_hints,mvt,3,0.002235,2,LARGE,DOUBLE
c,all_hints,mvt,4,0.002234,2,LARGE,DOUBLE
c,all_hints,mvt,5,0.002211,2,LARGE,DOUBLE
c,all_hints,nussinov,,,compile_error,2,LARGE,DOUBLE
c,all_hints,seidel-2d,27.884212,0.974,valid,2,LARGE,DOUBLE
c,all_hints,seidel-2d,1,27.887081,2,LARGE,DOUBLE
c,all_hints,seidel-2d,2,27.885919,2,LARGE,DOUBLE
c,all_hints,seidel-2d,3,27.885355,2,LARGE,DOUBLE
c,all_hints,seidel-2d,4,27.887530,2,LARGE,DOUBLE
c,all_hints,seidel-2d,5,27.885429,2,LARGE,DOUBLE
c,all_hints,symm,0.481259,3.240,valid,2,LARGE,DOUBLE
c,all_hints,symm,1,0.468237,2,LARGE,DOUBLE
c,all_hints,symm,2,0.474355,2,LARGE,DOUBLE
c,all_hints,symm,3,0.470453,2,LARGE,DOUBLE
c,all_hints,symm,4,0.472846,2,LARGE,DOUBLE
c,all_hints,symm,5,0.467725,2,LARGE,DOUBLE
c,all_hints,syr2k,0.034882,37.825,valid,2,LARGE,DOUBLE
c,all_hints,syr2k,1,0.034823,2,LARGE,DOUBLE
c,all_hints,syr2k,2,0.035429,2,LARGE,DOUBLE
c,all_hints,syr2k,3,0.034663,2,LARGE,DOUBLE
c,all_hints,syr2k,4,0.034628,2,LARGE,DOUBLE
c,all_hints,syr2k,5,0.034379,2,LARGE,DOUBLE
c,all_hints,syrk,0.033635,19.559,valid,2,LARGE,DOUBLE
c,all_hints,syrk,1,0.033333,2,LARGE,DOUBLE
c,all_hints,syrk,2,0.033648,2,LARGE,DOUBLE
c,all_hints,syrk,3,0.033795,2,LARGE,DOUBLE
c,all_hints,syrk,4,0.032993,2,LARGE,DOUBLE
c,all_hints,syrk,5,0.033205,2,LARGE,DOUBLE
c,all_hints,trisolv,0.003556,,validity_error,2,LARGE,DOUBLE
c,all_hints,trmm,0.201522,4.914,valid,2,LARGE,DOUBLE
c,all_hints,trmm,1,0.203139,2,LARGE,DOUBLE
c,all_hints,trmm,2,0.199790,2,LARGE,DOUBLE
c,all_hints,trmm,3,0.202376,2,LARGE,DOUBLE
c,all_hints,trmm,4,0.201195,2,LARGE,DOUBLE
c,all_hints,trmm,5,0.207820,2,LARGE,DOUBLE
-- The C compiler identification is GNU 15.2.0
-- Detecting C compiler ABI info
-- Detecting C compiler ABI info - done
-- Check for working C compiler: /usr/local/latestgcc/bin/gcc - skipped
-- Detecting C compile features
-- Detecting C compile features - done
-- Configuring done (0.4s)
-- Generating done (0.8s)
-- Build files have been written to: /home/kleplj/all_hints/optimization/all_hints/PolybenchC-4.2.1/build
[  4%] Building C object CMakeFiles/correlation.dir/datamining/correlation/correlation.c.o
[  4%] Building C object CMakeFiles/correlation.dir/utilities/polybench.c.o
[  8%] Building C object CMakeFiles/gramschmidt.dir/linear-algebra/solvers/gramschmidt/gramschmidt.c.o
[  8%] Building C object CMakeFiles/covariance.dir/datamining/covariance/covariance.c.o
[  8%] Building C object CMakeFiles/cholesky.dir/linear-algebra/solvers/cholesky/cholesky.c.o
[ 18%] Building C object CMakeFiles/gemm.dir/linear-algebra/blas/gemm/gemm.c.o
[ 22%] Building C object CMakeFiles/gemm.dir/utilities/polybench.c.o
[ 47%] Building C object CMakeFiles/ludcmp.dir/linear-algebra/solvers/ludcmp/ludcmp.c.o
[ 47%] Building C object CMakeFiles/durbin.dir/utilities/polybench.c.o
[ 47%] Building C object CMakeFiles/trisolv.dir/linear-algebra/solvers/trisolv/trisolv.c.o
[ 47%] Building C object CMakeFiles/covariance.dir/utilities/polybench.c.o
[ 47%] Building C object CMakeFiles/syrk.dir/linear-algebra/blas/syrk/syrk.c.o
[ 47%] Building C object CMakeFiles/gramschmidt.dir/utilities/polybench.c.o
[ 47%] Building C object CMakeFiles/lu.dir/utilities/polybench.c.o
[ 47%] Building C object CMakeFiles/cholesky.dir/utilities/polybench.c.o
[ 47%] Building C object CMakeFiles/durbin.dir/linear-algebra/solvers/durbin/durbin.c.o
[ 47%] Building C object CMakeFiles/lu.dir/linear-algebra/solvers/lu/lu.c.o
[ 66%] Building C object CMakeFiles/gemver.dir/linear-algebra/blas/gemver/gemver.c.o
[ 66%] Building C object CMakeFiles/doitgen.dir/utilities/polybench.c.o
[ 66%] Building C object CMakeFiles/gemver.dir/utilities/polybench.c.o
[ 66%] Building C object CMakeFiles/bicg.dir/linear-algebra/kernels/bicg/bicg.c.o
[ 66%] Building C object CMakeFiles/bicg.dir/utilities/polybench.c.o
[ 66%] Building C object CMakeFiles/mvt.dir/linear-algebra/kernels/mvt/mvt.c.o
[ 66%] Building C object CMakeFiles/ludcmp.dir/utilities/polybench.c.o
[ 66%] Building C object CMakeFiles/nussinov.dir/medley/nussinov/nussinov.c.o
[ 66%] Building C object CMakeFiles/syr2k.dir/linear-algebra/blas/syr2k/syr2k.c.o
[ 66%] Building C object CMakeFiles/jacobi-2d.dir/stencils/jacobi-2d/jacobi-2d.c.o
[ 66%] Building C object CMakeFiles/floyd-warshall.dir/medley/floyd-warshall/floyd-warshall.c.o
[ 66%] Building C object CMakeFiles/heat-3d.dir/stencils/heat-3d/heat-3d.c.o
[ 66%] Building C object CMakeFiles/jacobi-2d.dir/utilities/polybench.c.o
[ 66%] Building C object CMakeFiles/seidel-2d.dir/stencils/seidel-2d/seidel-2d.c.o
[ 66%] Building C object CMakeFiles/symm.dir/utilities/polybench.c.o
[ 66%] Building C object CMakeFiles/symm.dir/linear-algebra/blas/symm/symm.c.o
[ 66%] Building C object CMakeFiles/trisolv.dir/utilities/polybench.c.o
[ 66%] Building C object CMakeFiles/mvt.dir/utilities/polybench.c.o
[ 66%] Building C object CMakeFiles/3mm.dir/utilities/polybench.c.o
[ 66%] Building C object CMakeFiles/2mm.dir/linear-algebra/kernels/2mm/2mm.c.o
[ 66%] Building C object CMakeFiles/jacobi-1d.dir/stencils/jacobi-1d/jacobi-1d.c.o
[ 66%] Building C object CMakeFiles/floyd-warshall.dir/utilities/polybench.c.o
[ 66%] Building C object CMakeFiles/fdtd-2d.dir/stencils/fdtd-2d/fdtd-2d.c.o
[ 66%] Building C object CMakeFiles/heat-3d.dir/utilities/polybench.c.o
[ 66%] Building C object CMakeFiles/syr2k.dir/utilities/polybench.c.o
[ 66%] Building C object CMakeFiles/trmm.dir/utilities/polybench.c.o
[ 66%] Building C object CMakeFiles/gesummv.dir/linear-algebra/blas/gesummv/gesummv.c.o
[ 66%] Building C object CMakeFiles/atax.dir/linear-algebra/kernels/atax/atax.c.o
[ 66%] Building C object CMakeFiles/fdtd-2d.dir/utilities/polybench.c.o
[ 66%] Building C object CMakeFiles/seidel-2d.dir/utilities/polybench.c.o
[ 66%] Building C object CMakeFiles/adi.dir/stencils/adi/adi.c.o
[ 66%] Building C object CMakeFiles/trmm.dir/linear-algebra/blas/trmm/trmm.c.o
[ 66%] Building C object CMakeFiles/3mm.dir/linear-algebra/kernels/3mm/3mm.c.o
[ 66%] Building C object CMakeFiles/deriche.dir/utilities/polybench.c.o
[ 66%] Building C object CMakeFiles/adi.dir/utilities/polybench.c.o
[ 66%] Building C object CMakeFiles/syrk.dir/utilities/polybench.c.o
[ 66%] Building C object CMakeFiles/doitgen.dir/linear-algebra/kernels/doitgen/doitgen.c.o
[ 66%] Building C object CMakeFiles/2mm.dir/utilities/polybench.c.o
[ 66%] Building C object CMakeFiles/gesummv.dir/utilities/polybench.c.o
[ 66%] Building C object CMakeFiles/nussinov.dir/utilities/polybench.c.o
[ 66%] Building C object CMakeFiles/jacobi-1d.dir/utilities/polybench.c.o
[ 66%] Building C object CMakeFiles/atax.dir/utilities/polybench.c.o
[ 66%] Building C object CMakeFiles/deriche.dir/medley/deriche/deriche.c.o
[ 67%] Linking C executable durbin
[ 68%] Linking C executable gramschmidt
[ 70%] Linking C executable covariance
[ 71%] Linking C executable syr2k
[ 72%] Linking C executable nussinov
[ 73%] Linking C executable syrk
[ 74%] Linking C executable seidel-2d
[ 75%] Linking C executable trisolv
[ 77%] Linking C executable floyd-warshall
[ 77%] Linking C executable gesummv
[ 78%] Linking C executable correlation
[ 78%] Built target durbin
[ 78%] Built target gramschmidt
[ 81%] Linking C executable cholesky
[ 82%] Linking C executable mvt
[ 82%] Linking C executable bicg
[ 82%] Built target covariance
[ 82%] Built target syr2k
[ 84%] Built target nussinov
[ 84%] Built target syrk
[ 84%] Linking C executable gemm
[ 84%] Linking C executable doitgen
[ 84%] Built target seidel-2d
[ 85%] Built target trisolv
[ 85%] Linking C executable atax
[ 86%] Linking C executable deriche
[ 86%] Built target floyd-warshall
[ 86%] Built target gesummv
[ 87%] Linking C executable trmm
[ 87%] Built target correlation
[ 90%] Linking C executable gemver
[ 90%] Linking C executable lu
[ 91%] Built target cholesky
[ 91%] Built target bicg
[ 91%] Linking C executable ludcmp
[ 91%] Built target mvt
[ 92%] Linking C executable symm
[ 93%] Linking C executable 2mm
[ 94%] Linking C executable jacobi-2d
[ 94%] Built target doitgen
[ 94%] Built target gemm
[ 95%] Linking C executable adi
[ 96%] Built target atax
[ 96%] Linking C executable heat-3d
[ 96%] Built target deriche
[ 96%] Built target lu
[ 96%] Built target trmm
[ 96%] Built target gemver
[ 96%] Built target ludcmp
[ 96%] Built target symm
[ 96%] Built target 2mm
[ 96%] Built target jacobi-2d
[ 96%] Built target adi
[ 96%] Built target heat-3d
[ 97%] Linking C executable fdtd-2d
[ 97%] Built target fdtd-2d
c,all_hints,2mm,0.017461,148.327,valid,3,LARGE,DOUBLE
c,all_hints,2mm,1,0.017588,3,LARGE,DOUBLE
c,all_hints,2mm,2,0.017881,3,LARGE,DOUBLE
c,all_hints,2mm,3,0.018713,3,LARGE,DOUBLE
c,all_hints,2mm,4,0.017453,3,LARGE,DOUBLE
c,all_hints,2mm,5,0.018687,3,LARGE,DOUBLE
c,all_hints,3mm,,,compile_error,3,LARGE,DOUBLE
c,all_hints,adi,0.589816,17.603,valid,3,LARGE,DOUBLE
c,all_hints,adi,1,0.571390,3,LARGE,DOUBLE
c,all_hints,adi,2,0.649758,3,LARGE,DOUBLE
c,all_hints,adi,3,0.573672,3,LARGE,DOUBLE
c,all_hints,adi,4,0.570935,3,LARGE,DOUBLE
c,all_hints,adi,5,0.577684,3,LARGE,DOUBLE
c,all_hints,atax,0.001091,7.819,valid,3,LARGE,DOUBLE
c,all_hints,atax,1,0.001020,3,LARGE,DOUBLE
c,all_hints,atax,2,0.000767,3,LARGE,DOUBLE
c,all_hints,atax,3,0.000916,3,LARGE,DOUBLE
c,all_hints,atax,4,0.000999,3,LARGE,DOUBLE
c,all_hints,atax,5,0.000940,3,LARGE,DOUBLE
c,all_hints,bicg,0.001118,13.088,valid,3,LARGE,DOUBLE
c,all_hints,bicg,1,0.001106,3,LARGE,DOUBLE
c,all_hints,bicg,2,0.001096,3,LARGE,DOUBLE
c,all_hints,bicg,3,0.001121,3,LARGE,DOUBLE
c,all_hints,bicg,4,0.001116,3,LARGE,DOUBLE
c,all_hints,bicg,5,0.001114,3,LARGE,DOUBLE
c,all_hints,cholesky,1.897359,1.003,valid,3,LARGE,DOUBLE
c,all_hints,cholesky,1,1.899373,3,LARGE,DOUBLE
c,all_hints,cholesky,2,1.898277,3,LARGE,DOUBLE
c,all_hints,cholesky,3,1.896320,3,LARGE,DOUBLE
c,all_hints,cholesky,4,1.896112,3,LARGE,DOUBLE
c,all_hints,cholesky,5,1.896297,3,LARGE,DOUBLE
c,all_hints,correlation,0.066996,25.167,valid,3,LARGE,DOUBLE
c,all_hints,correlation,1,0.066567,3,LARGE,DOUBLE
c,all_hints,correlation,2,0.066814,3,LARGE,DOUBLE
c,all_hints,correlation,3,0.066790,3,LARGE,DOUBLE
c,all_hints,correlation,4,0.067720,3,LARGE,DOUBLE
c,all_hints,correlation,5,0.067802,3,LARGE,DOUBLE
c,all_hints,covariance,0.065985,25.878,valid,3,LARGE,DOUBLE
c,all_hints,covariance,1,0.066212,3,LARGE,DOUBLE
c,all_hints,covariance,2,0.066981,3,LARGE,DOUBLE
c,all_hints,covariance,3,0.066232,3,LARGE,DOUBLE
c,all_hints,covariance,4,0.066996,3,LARGE,DOUBLE
c,all_hints,covariance,5,0.065768,3,LARGE,DOUBLE
c,all_hints,deriche,0.054902,4.121,valid,3,LARGE,DOUBLE
c,all_hints,deriche,1,0.050995,3,LARGE,DOUBLE
c,all_hints,deriche,2,0.054617,3,LARGE,DOUBLE
c,all_hints,deriche,3,0.055007,3,LARGE,DOUBLE
c,all_hints,deriche,4,0.054041,3,LARGE,DOUBLE
c,all_hints,deriche,5,0.054783,3,LARGE,DOUBLE
c,all_hints,doitgen,0.002622,283.797,valid,3,LARGE,DOUBLE
c,all_hints,doitgen,1,0.002575,3,LARGE,DOUBLE
c,all_hints,doitgen,2,0.002595,3,LARGE,DOUBLE
c,all_hints,doitgen,3,0.002568,3,LARGE,DOUBLE
c,all_hints,doitgen,4,0.002622,3,LARGE,DOUBLE
c,all_hints,doitgen,5,0.002629,3,LARGE,DOUBLE
c,all_hints,durbin,0.004949,0.784,valid,3,LARGE,DOUBLE
c,all_hints,durbin,1,0.004959,3,LARGE,DOUBLE
c,all_hints,durbin,2,0.004951,3,LARGE,DOUBLE
c,all_hints,durbin,3,0.004960,3,LARGE,DOUBLE
c,all_hints,durbin,4,0.004948,3,LARGE,DOUBLE
c,all_hints,durbin,5,0.004865,3,LARGE,DOUBLE
c,all_hints,fdtd-2d,,,timeout,3,LARGE,DOUBLE
c,all_hints,floyd-warshall,1.204129,18.794,valid,3,LARGE,DOUBLE
c,all_hints,floyd-warshall,1,1.111329,3,LARGE,DOUBLE
c,all_hints,floyd-warshall,2,0.922823,3,LARGE,DOUBLE
c,all_hints,floyd-warshall,3,1.475828,3,LARGE,DOUBLE
c,all_hints,floyd-warshall,4,0.734325,3,LARGE,DOUBLE
c,all_hints,floyd-warshall,5,1.767571,3,LARGE,DOUBLE
c,all_hints,gemm,0.015441,29.030,valid,3,LARGE,DOUBLE
c,all_hints,gemm,1,0.015845,3,LARGE,DOUBLE
c,all_hints,gemm,2,0.015820,3,LARGE,DOUBLE
c,all_hints,gemm,3,0.014205,3,LARGE,DOUBLE
c,all_hints,gemm,4,0.015671,3,LARGE,DOUBLE
c,all_hints,gemm,5,0.014410,3,LARGE,DOUBLE
c,all_hints,gemver,0.002193,8.041,valid,3,LARGE,DOUBLE
c,all_hints,gemver,1,0.002276,3,LARGE,DOUBLE
c,all_hints,gemver,2,0.002334,3,LARGE,DOUBLE
c,all_hints,gemver,3,0.002695,3,LARGE,DOUBLE
c,all_hints,gemver,4,0.002124,3,LARGE,DOUBLE
c,all_hints,gemver,5,0.002354,3,LARGE,DOUBLE
c,all_hints,gesummv,0.000849,7.386,valid,3,LARGE,DOUBLE
c,all_hints,gesummv,1,0.000886,3,LARGE,DOUBLE
c,all_hints,gesummv,2,0.000902,3,LARGE,DOUBLE
c,all_hints,gesummv,3,0.000902,3,LARGE,DOUBLE
c,all_hints,gesummv,4,0.000889,3,LARGE,DOUBLE
c,all_hints,gesummv,5,0.000910,3,LARGE,DOUBLE
c,all_hints,gramschmidt,0.768045,,validity_error,3,LARGE,DOUBLE
c,all_hints,heat-3d,0.226858,8.603,valid,3,LARGE,DOUBLE
c,all_hints,heat-3d,1,0.228705,3,LARGE,DOUBLE
c,all_hints,heat-3d,2,0.227259,3,LARGE,DOUBLE
c,all_hints,heat-3d,3,0.228561,3,LARGE,DOUBLE
c,all_hints,heat-3d,4,0.229032,3,LARGE,DOUBLE
c,all_hints,heat-3d,5,0.227065,3,LARGE,DOUBLE
c,all_hints,jacobi-1d,,,compile_error,3,LARGE,DOUBLE
c,all_hints,jacobi-2d,0.136463,12.127,valid,3,LARGE,DOUBLE
c,all_hints,jacobi-2d,1,0.158622,3,LARGE,DOUBLE
c,all_hints,jacobi-2d,2,0.178369,3,LARGE,DOUBLE
c,all_hints,jacobi-2d,3,0.158336,3,LARGE,DOUBLE
c,all_hints,jacobi-2d,4,0.161658,3,LARGE,DOUBLE
c,all_hints,jacobi-2d,5,0.152441,3,LARGE,DOUBLE
c,all_hints,lu,2.419955,1.827,valid,3,LARGE,DOUBLE
c,all_hints,lu,1,2.382692,3,LARGE,DOUBLE
c,all_hints,lu,2,2.417471,3,LARGE,DOUBLE
c,all_hints,lu,3,2.371942,3,LARGE,DOUBLE
c,all_hints,lu,4,2.356995,3,LARGE,DOUBLE
c,all_hints,lu,5,2.454796,3,LARGE,DOUBLE
c,all_hints,ludcmp,4.064420,1.075,valid,3,LARGE,DOUBLE
c,all_hints,ludcmp,1,4.049232,3,LARGE,DOUBLE
c,all_hints,ludcmp,2,4.098190,3,LARGE,DOUBLE
c,all_hints,ludcmp,3,4.088181,3,LARGE,DOUBLE
c,all_hints,ludcmp,4,4.057023,3,LARGE,DOUBLE
c,all_hints,ludcmp,5,4.072352,3,LARGE,DOUBLE
c,all_hints,mvt,0.005450,,validity_error,3,LARGE,DOUBLE
c,all_hints,nussinov,0.130827,58.462,valid,3,LARGE,DOUBLE
c,all_hints,nussinov,1,0.133798,3,LARGE,DOUBLE
c,all_hints,nussinov,2,0.131925,3,LARGE,DOUBLE
c,all_hints,nussinov,3,0.132515,3,LARGE,DOUBLE
c,all_hints,nussinov,4,0.131745,3,LARGE,DOUBLE
c,all_hints,nussinov,5,0.131156,3,LARGE,DOUBLE
c,all_hints,seidel-2d,27.887966,0.974,valid,3,LARGE,DOUBLE
c,all_hints,seidel-2d,1,27.883687,3,LARGE,DOUBLE
c,all_hints,seidel-2d,2,27.883876,3,LARGE,DOUBLE
c,all_hints,seidel-2d,3,27.886808,3,LARGE,DOUBLE
c,all_hints,seidel-2d,4,27.884376,3,LARGE,DOUBLE
c,all_hints,seidel-2d,5,27.883777,3,LARGE,DOUBLE
c,all_hints,symm,0.236286,6.626,valid,3,LARGE,DOUBLE
c,all_hints,symm,1,0.232343,3,LARGE,DOUBLE
c,all_hints,symm,2,0.245806,3,LARGE,DOUBLE
c,all_hints,symm,3,0.244463,3,LARGE,DOUBLE
c,all_hints,symm,4,0.242405,3,LARGE,DOUBLE
c,all_hints,symm,5,0.237717,3,LARGE,DOUBLE
c,all_hints,syr2k,0.041120,32.094,valid,3,LARGE,DOUBLE
c,all_hints,syr2k,1,0.040261,3,LARGE,DOUBLE
c,all_hints,syr2k,2,0.041023,3,LARGE,DOUBLE
c,all_hints,syr2k,3,0.040209,3,LARGE,DOUBLE
c,all_hints,syr2k,4,0.039890,3,LARGE,DOUBLE
c,all_hints,syr2k,5,0.041386,3,LARGE,DOUBLE
c,all_hints,syrk,0.030825,21.396,valid,3,LARGE,DOUBLE
c,all_hints,syrk,1,0.030936,3,LARGE,DOUBLE
c,all_hints,syrk,2,0.030898,3,LARGE,DOUBLE
c,all_hints,syrk,3,0.030876,3,LARGE,DOUBLE
c,all_hints,syrk,4,0.030962,3,LARGE,DOUBLE
c,all_hints,syrk,5,0.030674,3,LARGE,DOUBLE
c,all_hints,trisolv,0.003097,1.009,valid,3,LARGE,DOUBLE
c,all_hints,trisolv,1,0.003141,3,LARGE,DOUBLE
c,all_hints,trisolv,2,0.003153,3,LARGE,DOUBLE
c,all_hints,trisolv,3,0.003093,3,LARGE,DOUBLE
c,all_hints,trisolv,4,0.003097,3,LARGE,DOUBLE
c,all_hints,trisolv,5,0.003143,3,LARGE,DOUBLE
c,all_hints,trmm,0.199382,4.979,valid,3,LARGE,DOUBLE
c,all_hints,trmm,1,0.200645,3,LARGE,DOUBLE
c,all_hints,trmm,2,0.199241,3,LARGE,DOUBLE
c,all_hints,trmm,3,0.199028,3,LARGE,DOUBLE
c,all_hints,trmm,4,0.200106,3,LARGE,DOUBLE
c,all_hints,trmm,5,0.197676,3,LARGE,DOUBLE
-- The C compiler identification is GNU 15.2.0
-- Detecting C compiler ABI info
-- Detecting C compiler ABI info - done
-- Check for working C compiler: /usr/local/latestgcc/bin/gcc - skipped
-- Detecting C compile features
-- Detecting C compile features - done
-- Configuring done (0.4s)
-- Generating done (0.8s)
-- Build files have been written to: /home/kleplj/all_hints/optimization/all_hints/PolybenchC-4.2.1/build
[  8%] Building C object CMakeFiles/covariance.dir/utilities/polybench.c.o
[  8%] Building C object CMakeFiles/covariance.dir/datamining/covariance/covariance.c.o
[  8%] Building C object CMakeFiles/correlation.dir/datamining/correlation/correlation.c.o
[  8%] Building C object CMakeFiles/correlation.dir/utilities/polybench.c.o
[  8%] Building C object CMakeFiles/lu.dir/linear-algebra/solvers/lu/lu.c.o
[ 17%] Building C object CMakeFiles/gramschmidt.dir/linear-algebra/solvers/gramschmidt/gramschmidt.c.o
[ 17%] Building C object CMakeFiles/durbin.dir/utilities/polybench.c.o
[ 17%] Building C object CMakeFiles/trisolv.dir/linear-algebra/solvers/trisolv/trisolv.c.o
[ 17%] Building C object CMakeFiles/gramschmidt.dir/utilities/polybench.c.o
[ 17%] Building C object CMakeFiles/cholesky.dir/utilities/polybench.c.o
[ 17%] Building C object CMakeFiles/gemm.dir/utilities/polybench.c.o
[ 30%] Building C object CMakeFiles/trmm.dir/utilities/polybench.c.o
[ 17%] Building C object CMakeFiles/lu.dir/utilities/polybench.c.o
[ 17%] Building C object CMakeFiles/cholesky.dir/linear-algebra/solvers/cholesky/cholesky.c.o
[ 46%] Building C object CMakeFiles/syr2k.dir/linear-algebra/blas/syr2k/syr2k.c.o
[ 46%] Building C object CMakeFiles/durbin.dir/linear-algebra/solvers/durbin/durbin.c.o
[ 66%] Building C object CMakeFiles/ludcmp.dir/linear-algebra/solvers/ludcmp/ludcmp.c.o
[ 66%] Building C object CMakeFiles/trmm.dir/linear-algebra/blas/trmm/trmm.c.o
[ 66%] Building C object CMakeFiles/seidel-2d.dir/stencils/seidel-2d/seidel-2d.c.o
[ 66%] Building C object CMakeFiles/gemm.dir/linear-algebra/blas/gemm/gemm.c.o
[ 66%] Building C object CMakeFiles/jacobi-2d.dir/utilities/polybench.c.o
[ 66%] Building C object CMakeFiles/mvt.dir/linear-algebra/kernels/mvt/mvt.c.o
[ 66%] Building C object CMakeFiles/floyd-warshall.dir/medley/floyd-warshall/floyd-warshall.c.o
[ 66%] Building C object CMakeFiles/doitgen.dir/utilities/polybench.c.o
[ 66%] Building C object CMakeFiles/deriche.dir/utilities/polybench.c.o
[ 66%] Building C object CMakeFiles/symm.dir/linear-algebra/blas/symm/symm.c.o
[ 66%] Building C object CMakeFiles/atax.dir/utilities/polybench.c.o
[ 66%] Building C object CMakeFiles/heat-3d.dir/stencils/heat-3d/heat-3d.c.o
[ 66%] Building C object CMakeFiles/fdtd-2d.dir/utilities/polybench.c.o
[ 66%] Building C object CMakeFiles/mvt.dir/utilities/polybench.c.o
[ 66%] Building C object CMakeFiles/atax.dir/linear-algebra/kernels/atax/atax.c.o
[ 66%] Building C object CMakeFiles/3mm.dir/utilities/polybench.c.o
[ 66%] Building C object CMakeFiles/gesummv.dir/linear-algebra/blas/gesummv/gesummv.c.o
[ 66%] Building C object CMakeFiles/adi.dir/stencils/adi/adi.c.o
[ 66%] Building C object CMakeFiles/gesummv.dir/utilities/polybench.c.o
[ 66%] Building C object CMakeFiles/ludcmp.dir/utilities/polybench.c.o
[ 66%] Building C object CMakeFiles/jacobi-2d.dir/stencils/jacobi-2d/jacobi-2d.c.o
[ 66%] Building C object CMakeFiles/syrk.dir/linear-algebra/blas/syrk/syrk.c.o
[ 66%] Building C object CMakeFiles/syr2k.dir/utilities/polybench.c.o
[ 66%] Building C object CMakeFiles/floyd-warshall.dir/utilities/polybench.c.o
[ 66%] Building C object CMakeFiles/trisolv.dir/utilities/polybench.c.o
[ 66%] Building C object CMakeFiles/bicg.dir/utilities/polybench.c.o
[ 66%] Building C object CMakeFiles/3mm.dir/linear-algebra/kernels/3mm/3mm.c.o
[ 66%] Building C object CMakeFiles/nussinov.dir/utilities/polybench.c.o
[ 66%] Building C object CMakeFiles/deriche.dir/medley/deriche/deriche.c.o
[ 66%] Building C object CMakeFiles/fdtd-2d.dir/stencils/fdtd-2d/fdtd-2d.c.o
[ 66%] Building C object CMakeFiles/symm.dir/utilities/polybench.c.o
[ 66%] Building C object CMakeFiles/gemver.dir/linear-algebra/blas/gemver/gemver.c.o
[ 66%] Building C object CMakeFiles/syrk.dir/utilities/polybench.c.o
[ 66%] Building C object CMakeFiles/2mm.dir/linear-algebra/kernels/2mm/2mm.c.o
[ 66%] Building C object CMakeFiles/jacobi-1d.dir/stencils/jacobi-1d/jacobi-1d.c.o
[ 66%] Building C object CMakeFiles/gemver.dir/utilities/polybench.c.o
[ 66%] Building C object CMakeFiles/doitgen.dir/linear-algebra/kernels/doitgen/doitgen.c.o
[ 66%] Building C object CMakeFiles/adi.dir/utilities/polybench.c.o
[ 66%] Building C object CMakeFiles/2mm.dir/utilities/polybench.c.o
[ 66%] Building C object CMakeFiles/heat-3d.dir/utilities/polybench.c.o
[ 66%] Building C object CMakeFiles/nussinov.dir/medley/nussinov/nussinov.c.o
[ 66%] Building C object CMakeFiles/jacobi-1d.dir/utilities/polybench.c.o
[ 66%] Building C object CMakeFiles/bicg.dir/linear-algebra/kernels/bicg/bicg.c.o
[ 66%] Building C object CMakeFiles/seidel-2d.dir/utilities/polybench.c.o
[ 67%] Linking C executable trisolv
[ 68%] Linking C executable cholesky
[ 70%] Linking C executable durbin
[ 72%] Linking C executable syr2k
[ 72%] Linking C executable gesummv
[ 73%] Linking C executable seidel-2d
[ 74%] Linking C executable floyd-warshall
[ 76%] Linking C executable bicg
[ 76%] Linking C executable jacobi-1d
[ 76%] Built target trisolv
[ 77%] Linking C executable syrk
[ 78%] Linking C executable gemver
[ 78%] Built target cholesky
[ 80%] Linking C executable deriche
[ 80%] Built target durbin
[ 81%] Linking C executable lu
[ 84%] Linking C executable trmm
[ 84%] Linking C executable adi
[ 84%] Linking C executable jacobi-2d
[ 85%] Built target gesummv
[ 85%] Linking C executable atax
[ 87%] Built target syr2k
[ 87%] Linking C executable covariance
[ 87%] Built target seidel-2d
[ 87%] Linking C executable gramschmidt
[ 87%] Built target floyd-warshall
[ 87%] Built target bicg
[ 87%] Built target jacobi-1d
[ 87%] Built target syrk
[ 87%] Built target gemver
[ 88%] Linking C executable correlation
[ 90%] Linking C executable heat-3d
[ 91%] Linking C executable doitgen
[ 91%] Built target deriche
[ 91%] Built target lu
[ 91%] Built target trmm
[ 91%] Built target adi
[ 91%] Built target jacobi-2d
[ 91%] Built target atax
[ 91%] Built target gramschmidt
[ 92%] Built target covariance
[ 92%] Linking C executable fdtd-2d
[ 93%] Linking C executable mvt
[ 94%] Linking C executable symm
[ 94%] Built target correlation
[ 95%] Linking C executable 2mm
[ 95%] Built target heat-3d
[ 95%] Built target doitgen
[ 95%] Built target fdtd-2d
[ 95%] Built target mvt
[ 95%] Built target symm
[ 95%] Built target 2mm
[ 96%] Linking C executable 3mm
[ 96%] Built target 3mm
c,all_hints,2mm,0.088632,29.116,valid,4,LARGE,DOUBLE
c,all_hints,2mm,1,0.086566,4,LARGE,DOUBLE
c,all_hints,2mm,2,0.086544,4,LARGE,DOUBLE
c,all_hints,2mm,3,0.086931,4,LARGE,DOUBLE
c,all_hints,2mm,4,0.085245,4,LARGE,DOUBLE
c,all_hints,2mm,5,0.086429,4,LARGE,DOUBLE
c,all_hints,3mm,0.038509,102.268,valid,4,LARGE,DOUBLE
c,all_hints,3mm,1,0.038855,4,LARGE,DOUBLE
c,all_hints,3mm,2,0.038923,4,LARGE,DOUBLE
c,all_hints,3mm,3,0.039124,4,LARGE,DOUBLE
c,all_hints,3mm,4,0.039197,4,LARGE,DOUBLE
c,all_hints,3mm,5,0.038791,4,LARGE,DOUBLE
c,all_hints,adi,0.558376,18.555,valid,4,LARGE,DOUBLE
c,all_hints,adi,1,0.561015,4,LARGE,DOUBLE
c,all_hints,adi,2,0.575729,4,LARGE,DOUBLE
c,all_hints,adi,3,0.585953,4,LARGE,DOUBLE
c,all_hints,adi,4,0.562535,4,LARGE,DOUBLE
c,all_hints,adi,5,0.563593,4,LARGE,DOUBLE
c,all_hints,atax,0.001142,7.521,valid,4,LARGE,DOUBLE
c,all_hints,atax,1,0.001143,4,LARGE,DOUBLE
c,all_hints,atax,2,0.001180,4,LARGE,DOUBLE
c,all_hints,atax,3,0.001151,4,LARGE,DOUBLE
c,all_hints,atax,4,0.001139,4,LARGE,DOUBLE
c,all_hints,atax,5,0.001160,4,LARGE,DOUBLE
c,all_hints,bicg,0.001167,12.535,valid,4,LARGE,DOUBLE
c,all_hints,bicg,1,0.001150,4,LARGE,DOUBLE
c,all_hints,bicg,2,0.001128,4,LARGE,DOUBLE
c,all_hints,bicg,3,0.001166,4,LARGE,DOUBLE
c,all_hints,bicg,4,0.001157,4,LARGE,DOUBLE
c,all_hints,bicg,5,0.001156,4,LARGE,DOUBLE
c,all_hints,cholesky,1.892403,1.006,valid,4,LARGE,DOUBLE
c,all_hints,cholesky,1,1.895083,4,LARGE,DOUBLE
c,all_hints,cholesky,2,1.893035,4,LARGE,DOUBLE
c,all_hints,cholesky,3,1.892843,4,LARGE,DOUBLE
c,all_hints,cholesky,4,1.894485,4,LARGE,DOUBLE
c,all_hints,cholesky,5,1.897719,4,LARGE,DOUBLE
c,all_hints,correlation,0.064521,26.683,valid,4,LARGE,DOUBLE
c,all_hints,correlation,1,0.063791,4,LARGE,DOUBLE
c,all_hints,correlation,2,0.064669,4,LARGE,DOUBLE
c,all_hints,correlation,3,0.064937,4,LARGE,DOUBLE
c,all_hints,correlation,4,0.063908,4,LARGE,DOUBLE
c,all_hints,correlation,5,0.065049,4,LARGE,DOUBLE
c,all_hints,covariance,,,timeout,4,LARGE,DOUBLE
c,all_hints,deriche,0.012695,17.797,valid,4,LARGE,DOUBLE
c,all_hints,deriche,1,0.011268,4,LARGE,DOUBLE
c,all_hints,deriche,2,0.011885,4,LARGE,DOUBLE
c,all_hints,deriche,3,0.012884,4,LARGE,DOUBLE
c,all_hints,deriche,4,0.011457,4,LARGE,DOUBLE
c,all_hints,deriche,5,0.012041,4,LARGE,DOUBLE
c,all_hints,doitgen,0.002571,288.648,valid,4,LARGE,DOUBLE
c,all_hints,doitgen,1,0.002544,4,LARGE,DOUBLE
c,all_hints,doitgen,2,0.002552,4,LARGE,DOUBLE
c,all_hints,doitgen,3,0.002579,4,LARGE,DOUBLE
c,all_hints,doitgen,4,0.002582,4,LARGE,DOUBLE
c,all_hints,doitgen,5,0.002572,4,LARGE,DOUBLE
c,all_hints,durbin,0.003913,0.986,valid,4,LARGE,DOUBLE
c,all_hints,durbin,1,0.003907,4,LARGE,DOUBLE
c,all_hints,durbin,2,0.003905,4,LARGE,DOUBLE
c,all_hints,durbin,3,0.003909,4,LARGE,DOUBLE
c,all_hints,durbin,4,0.003910,4,LARGE,DOUBLE
c,all_hints,durbin,5,0.003925,4,LARGE,DOUBLE
c,all_hints,fdtd-2d,0.205072,8.342,valid,4,LARGE,DOUBLE
c,all_hints,fdtd-2d,1,0.208753,4,LARGE,DOUBLE
c,all_hints,fdtd-2d,2,0.209681,4,LARGE,DOUBLE
c,all_hints,fdtd-2d,3,0.208863,4,LARGE,DOUBLE
c,all_hints,fdtd-2d,4,0.209661,4,LARGE,DOUBLE
c,all_hints,fdtd-2d,5,0.209296,4,LARGE,DOUBLE
c,all_hints,floyd-warshall,0.446768,50.796,valid,4,LARGE,DOUBLE
c,all_hints,floyd-warshall,1,0.541167,4,LARGE,DOUBLE
c,all_hints,floyd-warshall,2,0.539928,4,LARGE,DOUBLE
c,all_hints,floyd-warshall,3,0.491640,4,LARGE,DOUBLE
c,all_hints,floyd-warshall,4,0.463768,4,LARGE,DOUBLE
c,all_hints,floyd-warshall,5,0.517291,4,LARGE,DOUBLE
c,all_hints,gemm,,,compile_error,4,LARGE,DOUBLE
c,all_hints,gemver,0.006221,2.842,valid,4,LARGE,DOUBLE
c,all_hints,gemver,1,0.006294,4,LARGE,DOUBLE
c,all_hints,gemver,2,0.006184,4,LARGE,DOUBLE
c,all_hints,gemver,3,0.006237,4,LARGE,DOUBLE
c,all_hints,gemver,4,0.006206,4,LARGE,DOUBLE
c,all_hints,gemver,5,0.006151,4,LARGE,DOUBLE
c,all_hints,gesummv,0.000845,7.420,valid,4,LARGE,DOUBLE
c,all_hints,gesummv,1,0.000892,4,LARGE,DOUBLE
c,all_hints,gesummv,2,0.000838,4,LARGE,DOUBLE
c,all_hints,gesummv,3,0.000883,4,LARGE,DOUBLE
c,all_hints,gesummv,4,0.000847,4,LARGE,DOUBLE
c,all_hints,gesummv,5,0.000936,4,LARGE,DOUBLE
c,all_hints,gramschmidt,0.791388,,validity_error,4,LARGE,DOUBLE
c,all_hints,heat-3d,1.256894,1.545,valid,4,LARGE,DOUBLE
c,all_hints,heat-3d,1,1.255442,4,LARGE,DOUBLE
c,all_hints,heat-3d,2,0.965750,4,LARGE,DOUBLE
c,all_hints,heat-3d,3,1.078626,4,LARGE,DOUBLE
c,all_hints,heat-3d,4,1.104544,4,LARGE,DOUBLE
c,all_hints,heat-3d,5,0.886574,4,LARGE,DOUBLE
c,all_hints,jacobi-1d,0.007251,0.129,valid,4,LARGE,DOUBLE
c,all_hints,jacobi-1d,1,0.007266,4,LARGE,DOUBLE
c,all_hints,jacobi-1d,2,0.007526,4,LARGE,DOUBLE
c,all_hints,jacobi-1d,3,0.007297,4,LARGE,DOUBLE
c,all_hints,jacobi-1d,4,0.007547,4,LARGE,DOUBLE
c,all_hints,jacobi-1d,5,0.007579,4,LARGE,DOUBLE
c,all_hints,jacobi-2d,0.116660,14.133,valid,4,LARGE,DOUBLE
c,all_hints,jacobi-2d,1,0.115439,4,LARGE,DOUBLE
c,all_hints,jacobi-2d,2,0.117253,4,LARGE,DOUBLE
c,all_hints,jacobi-2d,3,0.118307,4,LARGE,DOUBLE
c,all_hints,jacobi-2d,4,0.115717,4,LARGE,DOUBLE
c,all_hints,jacobi-2d,5,0.112406,4,LARGE,DOUBLE
c,all_hints,lu,2.935278,1.500,valid,4,LARGE,DOUBLE
c,all_hints,lu,1,2.905775,4,LARGE,DOUBLE
c,all_hints,lu,2,2.915696,4,LARGE,DOUBLE
c,all_hints,lu,3,2.857835,4,LARGE,DOUBLE
c,all_hints,lu,4,2.926266,4,LARGE,DOUBLE
c,all_hints,lu,5,2.886919,4,LARGE,DOUBLE
c,all_hints,ludcmp,,,compile_error,4,LARGE,DOUBLE
c,all_hints,mvt,0.002344,6.229,valid,4,LARGE,DOUBLE
c,all_hints,mvt,1,0.002270,4,LARGE,DOUBLE
c,all_hints,mvt,2,0.002337,4,LARGE,DOUBLE
c,all_hints,mvt,3,0.002236,4,LARGE,DOUBLE
c,all_hints,mvt,4,0.002347,4,LARGE,DOUBLE
c,all_hints,mvt,5,0.002277,4,LARGE,DOUBLE
c,all_hints,nussinov,,,compile_error,4,LARGE,DOUBLE
c,all_hints,seidel-2d,29.868458,0.910,valid,4,LARGE,DOUBLE
c,all_hints,seidel-2d,1,29.863587,4,LARGE,DOUBLE
c,all_hints,seidel-2d,2,29.866358,4,LARGE,DOUBLE
c,all_hints,seidel-2d,3,29.863479,4,LARGE,DOUBLE
c,all_hints,seidel-2d,4,29.870893,4,LARGE,DOUBLE
c,all_hints,seidel-2d,5,29.865705,4,LARGE,DOUBLE
c,all_hints,symm,4.788350,0.326,valid,4,LARGE,DOUBLE
c,all_hints,symm,1,6.242806,4,LARGE,DOUBLE
c,all_hints,symm,2,4.622583,4,LARGE,DOUBLE
c,all_hints,symm,3,4.884593,4,LARGE,DOUBLE
c,all_hints,symm,4,7.170886,4,LARGE,DOUBLE
c,all_hints,symm,5,4.866386,4,LARGE,DOUBLE
c,all_hints,syr2k,0.040332,32.741,valid,4,LARGE,DOUBLE
c,all_hints,syr2k,1,0.041558,4,LARGE,DOUBLE
c,all_hints,syr2k,2,0.043596,4,LARGE,DOUBLE
c,all_hints,syr2k,3,0.042294,4,LARGE,DOUBLE
c,all_hints,syr2k,4,0.042938,4,LARGE,DOUBLE
c,all_hints,syr2k,5,0.040802,4,LARGE,DOUBLE
c,all_hints,syrk,0.033057,19.849,valid,4,LARGE,DOUBLE
c,all_hints,syrk,1,0.033371,4,LARGE,DOUBLE
c,all_hints,syrk,2,0.033480,4,LARGE,DOUBLE
c,all_hints,syrk,3,0.033990,4,LARGE,DOUBLE
c,all_hints,syrk,4,0.033466,4,LARGE,DOUBLE
c,all_hints,syrk,5,0.033339,4,LARGE,DOUBLE
c,all_hints,trisolv,0.003091,0.999,valid,4,LARGE,DOUBLE
c,all_hints,trisolv,1,0.003083,4,LARGE,DOUBLE
c,all_hints,trisolv,2,0.003065,4,LARGE,DOUBLE
c,all_hints,trisolv,3,0.003049,4,LARGE,DOUBLE
c,all_hints,trisolv,4,0.003125,4,LARGE,DOUBLE
c,all_hints,trisolv,5,0.003062,4,LARGE,DOUBLE
c,all_hints,trmm,0.203739,4.832,valid,4,LARGE,DOUBLE
c,all_hints,trmm,1,0.204088,4,LARGE,DOUBLE
c,all_hints,trmm,2,0.203921,4,LARGE,DOUBLE
c,all_hints,trmm,3,0.203627,4,LARGE,DOUBLE
c,all_hints,trmm,4,0.205992,4,LARGE,DOUBLE
c,all_hints,trmm,5,0.208862,4,LARGE,DOUBLE
-- The C compiler identification is GNU 15.2.0
-- Detecting C compiler ABI info
-- Detecting C compiler ABI info - done
-- Check for working C compiler: /usr/local/latestgcc/bin/gcc - skipped
-- Detecting C compile features
-- Detecting C compile features - done
-- Configuring done (0.4s)
-- Generating done (0.8s)
-- Build files have been written to: /home/kleplj/all_hints/optimization/all_hints/PolybenchC-4.2.1/build
[  4%] Building C object CMakeFiles/gramschmidt.dir/linear-algebra/solvers/gramschmidt/gramschmidt.c.o
[ 12%] Building C object CMakeFiles/gramschmidt.dir/utilities/polybench.c.o
[ 12%] Building C object CMakeFiles/lu.dir/linear-algebra/solvers/lu/lu.c.o
[ 23%] Building C object CMakeFiles/cholesky.dir/utilities/polybench.c.o
[ 12%] Building C object CMakeFiles/durbin.dir/linear-algebra/solvers/durbin/durbin.c.o
[ 12%] Building C object CMakeFiles/correlation.dir/datamining/correlation/correlation.c.o
[ 12%] Building C object CMakeFiles/covariance.dir/utilities/polybench.c.o
[ 12%] Building C object CMakeFiles/cholesky.dir/linear-algebra/solvers/cholesky/cholesky.c.o
[ 12%] Building C object CMakeFiles/covariance.dir/datamining/covariance/covariance.c.o
[ 37%] Building C object CMakeFiles/trisolv.dir/utilities/polybench.c.o
[ 37%] Building C object CMakeFiles/durbin.dir/utilities/polybench.c.o
[ 66%] Building C object CMakeFiles/symm.dir/utilities/polybench.c.o
[ 66%] Building C object CMakeFiles/adi.dir/utilities/polybench.c.o
[ 66%] Building C object CMakeFiles/jacobi-2d.dir/utilities/polybench.c.o
[ 66%] Building C object CMakeFiles/syrk.dir/linear-algebra/blas/syrk/syrk.c.o
[ 66%] Building C object CMakeFiles/fdtd-2d.dir/utilities/polybench.c.o
[ 66%] Building C object CMakeFiles/atax.dir/linear-algebra/kernels/atax/atax.c.o
[ 66%] Building C object CMakeFiles/mvt.dir/utilities/polybench.c.o
[ 66%] Building C object CMakeFiles/atax.dir/utilities/polybench.c.o
[ 66%] Building C object CMakeFiles/fdtd-2d.dir/stencils/fdtd-2d/fdtd-2d.c.o
[ 66%] Building C object CMakeFiles/trisolv.dir/linear-algebra/solvers/trisolv/trisolv.c.o
[ 66%] Building C object CMakeFiles/doitgen.dir/utilities/polybench.c.o
[ 66%] Building C object CMakeFiles/2mm.dir/linear-algebra/kernels/2mm/2mm.c.o
[ 66%] Building C object CMakeFiles/lu.dir/utilities/polybench.c.o
[ 66%] Building C object CMakeFiles/gemver.dir/linear-algebra/blas/gemver/gemver.c.o
[ 66%] Building C object CMakeFiles/symm.dir/linear-algebra/blas/symm/symm.c.o
[ 66%] Building C object CMakeFiles/gemm.dir/linear-algebra/blas/gemm/gemm.c.o
[ 66%] Building C object CMakeFiles/bicg.dir/linear-algebra/kernels/bicg/bicg.c.o
[ 66%] Building C object CMakeFiles/2mm.dir/utilities/polybench.c.o
[ 66%] Building C object CMakeFiles/nussinov.dir/utilities/polybench.c.o
[ 66%] Building C object CMakeFiles/gemver.dir/utilities/polybench.c.o
[ 66%] Building C object CMakeFiles/trmm.dir/linear-algebra/blas/trmm/trmm.c.o
[ 66%] Building C object CMakeFiles/syr2k.dir/linear-algebra/blas/syr2k/syr2k.c.o
[ 66%] Building C object CMakeFiles/gesummv.dir/utilities/polybench.c.o
[ 66%] Building C object CMakeFiles/3mm.dir/utilities/polybench.c.o
[ 66%] Building C object CMakeFiles/jacobi-1d.dir/stencils/jacobi-1d/jacobi-1d.c.o
[ 66%] Building C object CMakeFiles/adi.dir/stencils/adi/adi.c.o
[ 66%] Building C object CMakeFiles/nussinov.dir/medley/nussinov/nussinov.c.o
[ 66%] Building C object CMakeFiles/heat-3d.dir/utilities/polybench.c.o
[ 66%] Building C object CMakeFiles/gemm.dir/utilities/polybench.c.o
[ 66%] Building C object CMakeFiles/gesummv.dir/linear-algebra/blas/gesummv/gesummv.c.o
[ 66%] Building C object CMakeFiles/bicg.dir/utilities/polybench.c.o
[ 66%] Building C object CMakeFiles/3mm.dir/linear-algebra/kernels/3mm/3mm.c.o
[ 66%] Building C object CMakeFiles/floyd-warshall.dir/utilities/polybench.c.o
[ 66%] Building C object CMakeFiles/seidel-2d.dir/utilities/polybench.c.o
[ 66%] Building C object CMakeFiles/seidel-2d.dir/stencils/seidel-2d/seidel-2d.c.o
[ 66%] Building C object CMakeFiles/syr2k.dir/utilities/polybench.c.o
[ 66%] Building C object CMakeFiles/correlation.dir/utilities/polybench.c.o
[ 66%] Building C object CMakeFiles/mvt.dir/linear-algebra/kernels/mvt/mvt.c.o
[ 66%] Building C object CMakeFiles/deriche.dir/utilities/polybench.c.o
[ 66%] Building C object CMakeFiles/ludcmp.dir/utilities/polybench.c.o
[ 66%] Building C object CMakeFiles/syrk.dir/utilities/polybench.c.o
[ 66%] Building C object CMakeFiles/floyd-warshall.dir/medley/floyd-warshall/floyd-warshall.c.o
[ 66%] Building C object CMakeFiles/heat-3d.dir/stencils/heat-3d/heat-3d.c.o
[ 66%] Building C object CMakeFiles/doitgen.dir/linear-algebra/kernels/doitgen/doitgen.c.o
[ 66%] Building C object CMakeFiles/jacobi-1d.dir/utilities/polybench.c.o
[ 66%] Building C object CMakeFiles/jacobi-2d.dir/stencils/jacobi-2d/jacobi-2d.c.o
[ 66%] Building C object CMakeFiles/ludcmp.dir/linear-algebra/solvers/ludcmp/ludcmp.c.o
[ 66%] Building C object CMakeFiles/trmm.dir/utilities/polybench.c.o
[ 66%] Building C object CMakeFiles/deriche.dir/medley/deriche/deriche.c.o
[ 67%] Linking C executable lu
[ 68%] Linking C executable durbin
[ 70%] Linking C executable gesummv
[ 71%] Linking C executable seidel-2d
[ 72%] Linking C executable floyd-warshall
[ 74%] Linking C executable covariance
[ 74%] Linking C executable atax
[ 75%] Linking C executable trisolv
[ 75%] Built target lu
[ 75%] Built target durbin
[ 76%] Linking C executable syrk
[ 80%] Linking C executable adi
[ 80%] Linking C executable trmm
[ 80%] Linking C executable nussinov
[ 82%] Linking C executable gemm
[ 82%] Linking C executable jacobi-1d
[ 83%] Linking C executable bicg
[ 85%] Linking C executable cholesky
[ 85%] Linking C executable jacobi-2d
[ 85%] Built target gesummv
[ 85%] Built target floyd-warshall
[ 85%] Built target seidel-2d
[ 86%] Linking C executable mvt
[ 86%] Built target atax
[ 86%] Built target covariance
[ 86%] Built target trisolv
[ 86%] Built target syrk
[ 86%] Built target adi
[ 86%] Built target nussinov
[ 86%] Built target trmm
[ 90%] Linking C executable gramschmidt
[ 90%] Linking C executable doitgen
[ 90%] Linking C executable deriche
[ 90%] Built target jacobi-1d
[ 90%] Built target gemm
[ 90%] Built target jacobi-2d
[ 90%] Built target bicg
[ 90%] Built target cholesky
[ 90%] Built target mvt
[ 91%] Linking C executable ludcmp
[ 93%] Linking C executable gemver
[ 93%] Linking C executable symm
[ 93%] Built target deriche
[ 93%] Built target gramschmidt
[ 93%] Built target doitgen
[ 94%] Linking C executable syr2k
[ 94%] Built target ludcmp
[ 95%] Linking C executable heat-3d
[ 95%] Built target gemver
[ 96%] Built target symm
[ 96%] Linking C executable 2mm
[ 96%] Built target syr2k
[ 97%] Linking C executable 3mm
[ 97%] Built target heat-3d
[ 97%] Built target 2mm
[ 97%] Built target 3mm
c,all_hints,2mm,0.026135,99.738,valid,5,LARGE,DOUBLE
c,all_hints,2mm,1,0.025669,5,LARGE,DOUBLE
c,all_hints,2mm,2,0.026117,5,LARGE,DOUBLE
c,all_hints,2mm,3,0.025778,5,LARGE,DOUBLE
c,all_hints,2mm,4,0.025005,5,LARGE,DOUBLE
c,all_hints,2mm,5,0.026359,5,LARGE,DOUBLE
c,all_hints,3mm,0.043169,91.533,valid,5,LARGE,DOUBLE
c,all_hints,3mm,1,0.043278,5,LARGE,DOUBLE
c,all_hints,3mm,2,0.043247,5,LARGE,DOUBLE
c,all_hints,3mm,3,0.043159,5,LARGE,DOUBLE
c,all_hints,3mm,4,0.042747,5,LARGE,DOUBLE
c,all_hints,3mm,5,0.043285,5,LARGE,DOUBLE
c,all_hints,adi,0.590292,17.536,valid,5,LARGE,DOUBLE
c,all_hints,adi,1,0.583597,5,LARGE,DOUBLE
c,all_hints,adi,2,0.580659,5,LARGE,DOUBLE
c,all_hints,adi,3,0.601873,5,LARGE,DOUBLE
c,all_hints,adi,4,0.654787,5,LARGE,DOUBLE
c,all_hints,adi,5,0.594937,5,LARGE,DOUBLE
c,all_hints,atax,0.001135,7.578,valid,5,LARGE,DOUBLE
c,all_hints,atax,1,0.001160,5,LARGE,DOUBLE
c,all_hints,atax,2,0.001125,5,LARGE,DOUBLE
c,all_hints,atax,3,0.001168,5,LARGE,DOUBLE
c,all_hints,atax,4,0.001137,5,LARGE,DOUBLE
c,all_hints,atax,5,0.001143,5,LARGE,DOUBLE
c,all_hints,bicg,0.001111,13.195,valid,5,LARGE,DOUBLE
c,all_hints,bicg,1,0.001123,5,LARGE,DOUBLE
c,all_hints,bicg,2,0.001133,5,LARGE,DOUBLE
c,all_hints,bicg,3,0.001106,5,LARGE,DOUBLE
c,all_hints,bicg,4,0.001147,5,LARGE,DOUBLE
c,all_hints,bicg,5,0.001103,5,LARGE,DOUBLE
c,all_hints,cholesky,1.895361,1.004,valid,5,LARGE,DOUBLE
c,all_hints,cholesky,1,1.894478,5,LARGE,DOUBLE
c,all_hints,cholesky,2,1.894261,5,LARGE,DOUBLE
c,all_hints,cholesky,3,1.894064,5,LARGE,DOUBLE
c,all_hints,cholesky,4,1.893539,5,LARGE,DOUBLE
c,all_hints,cholesky,5,1.892954,5,LARGE,DOUBLE
c,all_hints,correlation,,,compile_error,5,LARGE,DOUBLE
c,all_hints,covariance,0.028158,60.346,valid,5,LARGE,DOUBLE
c,all_hints,covariance,1,0.028053,5,LARGE,DOUBLE
c,all_hints,covariance,2,0.028755,5,LARGE,DOUBLE
c,all_hints,covariance,3,0.028706,5,LARGE,DOUBLE
c,all_hints,covariance,4,0.028699,5,LARGE,DOUBLE
c,all_hints,covariance,5,0.028702,5,LARGE,DOUBLE
c,all_hints,deriche,0.054968,4.093,valid,5,LARGE,DOUBLE
c,all_hints,deriche,1,0.055448,5,LARGE,DOUBLE
c,all_hints,deriche,2,0.054749,5,LARGE,DOUBLE
c,all_hints,deriche,3,0.055547,5,LARGE,DOUBLE
c,all_hints,deriche,4,0.055150,5,LARGE,DOUBLE
c,all_hints,deriche,5,0.053958,5,LARGE,DOUBLE
c,all_hints,doitgen,0.002837,262.401,valid,5,LARGE,DOUBLE
c,all_hints,doitgen,1,0.003263,5,LARGE,DOUBLE
c,all_hints,doitgen,2,0.002778,5,LARGE,DOUBLE
c,all_hints,doitgen,3,0.002834,5,LARGE,DOUBLE
c,all_hints,doitgen,4,0.002895,5,LARGE,DOUBLE
c,all_hints,doitgen,5,0.002788,5,LARGE,DOUBLE
c,all_hints,durbin,0.003906,0.972,valid,5,LARGE,DOUBLE
c,all_hints,durbin,1,0.003910,5,LARGE,DOUBLE
c,all_hints,durbin,2,0.003904,5,LARGE,DOUBLE
c,all_hints,durbin,3,0.003921,5,LARGE,DOUBLE
c,all_hints,durbin,4,0.003914,5,LARGE,DOUBLE
c,all_hints,durbin,5,0.003998,5,LARGE,DOUBLE
c,all_hints,fdtd-2d,,,compile_error,5,LARGE,DOUBLE
c,all_hints,floyd-warshall,0.923173,24.566,valid,5,LARGE,DOUBLE
c,all_hints,floyd-warshall,1,1.198632,5,LARGE,DOUBLE
c,all_hints,floyd-warshall,2,0.706214,5,LARGE,DOUBLE
c,all_hints,floyd-warshall,3,0.764663,5,LARGE,DOUBLE
c,all_hints,floyd-warshall,4,0.796737,5,LARGE,DOUBLE
c,all_hints,floyd-warshall,5,0.927518,5,LARGE,DOUBLE
c,all_hints,gemm,0.011364,39.168,valid,5,LARGE,DOUBLE
c,all_hints,gemm,1,0.011429,5,LARGE,DOUBLE
c,all_hints,gemm,2,0.011329,5,LARGE,DOUBLE
c,all_hints,gemm,3,0.011348,5,LARGE,DOUBLE
c,all_hints,gemm,4,0.011393,5,LARGE,DOUBLE
c,all_hints,gemm,5,0.011309,5,LARGE,DOUBLE
c,all_hints,gemver,0.001291,13.545,valid,5,LARGE,DOUBLE
c,all_hints,gemver,1,0.001270,5,LARGE,DOUBLE
c,all_hints,gemver,2,0.001396,5,LARGE,DOUBLE
c,all_hints,gemver,3,0.001286,5,LARGE,DOUBLE
c,all_hints,gemver,4,0.001305,5,LARGE,DOUBLE
c,all_hints,gemver,5,0.001268,5,LARGE,DOUBLE
c,all_hints,gesummv,0.000842,7.499,valid,5,LARGE,DOUBLE
c,all_hints,gesummv,1,0.000862,5,LARGE,DOUBLE
c,all_hints,gesummv,2,0.000905,5,LARGE,DOUBLE
c,all_hints,gesummv,3,0.000905,5,LARGE,DOUBLE
c,all_hints,gesummv,4,0.000895,5,LARGE,DOUBLE
c,all_hints,gesummv,5,0.000892,5,LARGE,DOUBLE
c,all_hints,gramschmidt,1.067493,,validity_error,5,LARGE,DOUBLE
c,all_hints,heat-3d,0.220783,8.703,valid,5,LARGE,DOUBLE
c,all_hints,heat-3d,1,0.222221,5,LARGE,DOUBLE
c,all_hints,heat-3d,2,0.222668,5,LARGE,DOUBLE
c,all_hints,heat-3d,3,0.221361,5,LARGE,DOUBLE
c,all_hints,heat-3d,4,0.228298,5,LARGE,DOUBLE
c,all_hints,heat-3d,5,0.215142,5,LARGE,DOUBLE
c,all_hints,jacobi-1d,0.009123,0.103,valid,5,LARGE,DOUBLE
c,all_hints,jacobi-1d,1,0.008756,5,LARGE,DOUBLE
c,all_hints,jacobi-1d,2,0.008864,5,LARGE,DOUBLE
c,all_hints,jacobi-1d,3,0.008726,5,LARGE,DOUBLE
c,all_hints,jacobi-1d,4,0.008567,5,LARGE,DOUBLE
c,all_hints,jacobi-1d,5,0.008414,5,LARGE,DOUBLE
c,all_hints,jacobi-2d,0.175355,9.536,valid,5,LARGE,DOUBLE
c,all_hints,jacobi-2d,1,0.179864,5,LARGE,DOUBLE
c,all_hints,jacobi-2d,2,0.173950,5,LARGE,DOUBLE
c,all_hints,jacobi-2d,3,0.175048,5,LARGE,DOUBLE
c,all_hints,jacobi-2d,4,0.169260,5,LARGE,DOUBLE
c,all_hints,jacobi-2d,5,0.170016,5,LARGE,DOUBLE
c,all_hints,lu,2.914108,1.512,valid,5,LARGE,DOUBLE
c,all_hints,lu,1,2.865840,5,LARGE,DOUBLE
c,all_hints,lu,2,2.867950,5,LARGE,DOUBLE
c,all_hints,lu,3,2.862981,5,LARGE,DOUBLE
c,all_hints,lu,4,2.928199,5,LARGE,DOUBLE
c,all_hints,lu,5,2.910615,5,LARGE,DOUBLE
c,all_hints,ludcmp,4.358455,1.012,valid,5,LARGE,DOUBLE
c,all_hints,ludcmp,1,4.393463,5,LARGE,DOUBLE
c,all_hints,ludcmp,2,4.401317,5,LARGE,DOUBLE
c,all_hints,ludcmp,3,4.396246,5,LARGE,DOUBLE
c,all_hints,ludcmp,4,4.362841,5,LARGE,DOUBLE
c,all_hints,ludcmp,5,4.418718,5,LARGE,DOUBLE
c,all_hints,mvt,0.006639,2.189,valid,5,LARGE,DOUBLE
c,all_hints,mvt,1,0.006724,5,LARGE,DOUBLE
c,all_hints,mvt,2,0.006839,5,LARGE,DOUBLE
c,all_hints,mvt,3,0.006787,5,LARGE,DOUBLE
c,all_hints,mvt,4,0.006693,5,LARGE,DOUBLE
c,all_hints,mvt,5,0.006919,5,LARGE,DOUBLE
c,all_hints,nussinov,0.091704,83.354,valid,5,LARGE,DOUBLE
c,all_hints,nussinov,1,0.092441,5,LARGE,DOUBLE
c,all_hints,nussinov,2,0.091513,5,LARGE,DOUBLE
c,all_hints,nussinov,3,0.091482,5,LARGE,DOUBLE
c,all_hints,nussinov,4,0.091588,5,LARGE,DOUBLE
c,all_hints,nussinov,5,0.091623,5,LARGE,DOUBLE
c,all_hints,seidel-2d,20.744967,1.310,valid,5,LARGE,DOUBLE
c,all_hints,seidel-2d,1,20.747640,5,LARGE,DOUBLE
c,all_hints,seidel-2d,2,20.745583,5,LARGE,DOUBLE
c,all_hints,seidel-2d,3,20.743624,5,LARGE,DOUBLE
c,all_hints,seidel-2d,4,20.744267,5,LARGE,DOUBLE
c,all_hints,seidel-2d,5,20.746337,5,LARGE,DOUBLE
c,all_hints,symm,0.067936,23.233,valid,5,LARGE,DOUBLE
c,all_hints,symm,1,0.068082,5,LARGE,DOUBLE
c,all_hints,symm,2,0.067161,5,LARGE,DOUBLE
c,all_hints,symm,3,0.069550,5,LARGE,DOUBLE
c,all_hints,symm,4,0.070352,5,LARGE,DOUBLE
c,all_hints,symm,5,0.067326,5,LARGE,DOUBLE
c,all_hints,syr2k,0.048133,27.602,valid,5,LARGE,DOUBLE
c,all_hints,syr2k,1,0.046149,5,LARGE,DOUBLE
c,all_hints,syr2k,2,0.048553,5,LARGE,DOUBLE
c,all_hints,syr2k,3,0.048511,5,LARGE,DOUBLE
c,all_hints,syr2k,4,0.048515,5,LARGE,DOUBLE
c,all_hints,syr2k,5,0.047397,5,LARGE,DOUBLE
c,all_hints,syrk,0.029746,22.049,valid,5,LARGE,DOUBLE
c,all_hints,syrk,1,0.028714,5,LARGE,DOUBLE
c,all_hints,syrk,2,0.030498,5,LARGE,DOUBLE
c,all_hints,syrk,3,0.029811,5,LARGE,DOUBLE
c,all_hints,syrk,4,0.030148,5,LARGE,DOUBLE
c,all_hints,syrk,5,0.029923,5,LARGE,DOUBLE
c,all_hints,trisolv,0.003085,1.006,valid,5,LARGE,DOUBLE
c,all_hints,trisolv,1,0.003073,5,LARGE,DOUBLE
c,all_hints,trisolv,2,0.003063,5,LARGE,DOUBLE
c,all_hints,trisolv,3,0.003073,5,LARGE,DOUBLE
c,all_hints,trisolv,4,0.003073,5,LARGE,DOUBLE
c,all_hints,trisolv,5,0.003075,5,LARGE,DOUBLE
c,all_hints,trmm,0.025408,39.011,valid,5,LARGE,DOUBLE
c,all_hints,trmm,1,0.025426,5,LARGE,DOUBLE
c,all_hints,trmm,2,0.025683,5,LARGE,DOUBLE
c,all_hints,trmm,3,0.025326,5,LARGE,DOUBLE
c,all_hints,trmm,4,0.025749,5,LARGE,DOUBLE
c,all_hints,trmm,5,0.025788,5,LARGE,DOUBLE
-- The CXX compiler identification is GNU 15.2.0
-- Detecting CXX compiler ABI info
-- Detecting CXX compiler ABI info - done
-- Check for working CXX compiler: /usr/local/latestgcc/bin/g++ - skipped
-- Detecting CXX compile features
-- Detecting CXX compile features - done
-- Using NOARR_STRUCTURES_DIR from environment: /home/kleplj/all_hints/submodules/noarr-structures
-- Configuring done (0.5s)
-- Generating done (0.8s)
-- Build files have been written to: /home/kleplj/all_hints/optimization/all_hints/PolybenchC-Noarr/build
[  3%] Building CXX object CMakeFiles/correlation.dir/datamining/correlation/correlation.cpp.o
[ 11%] Building CXX object CMakeFiles/covariance.dir/datamining/covariance/covariance.cpp.o
[ 11%] Building CXX object CMakeFiles/gemver.dir/linear-algebra/blas/gemver/gemver.cpp.o
[ 11%] Building CXX object CMakeFiles/gemm.dir/linear-algebra/blas/gemm/gemm.cpp.o
[ 16%] Building CXX object CMakeFiles/gesummv.dir/linear-algebra/blas/gesummv/gesummv.cpp.o
[ 16%] Building CXX object CMakeFiles/symm.dir/linear-algebra/blas/symm/symm.cpp.o
[ 16%] Building CXX object CMakeFiles/syrk.dir/linear-algebra/blas/syrk/syrk.cpp.o
[ 26%] Building CXX object CMakeFiles/bicg.dir/linear-algebra/kernels/bicg/bicg.cpp.o
[ 38%] Building CXX object CMakeFiles/trisolv.dir/linear-algebra/solvers/trisolv/trisolv.cpp.o
[ 26%] Building CXX object CMakeFiles/2mm.dir/linear-algebra/kernels/2mm/2mm.cpp.o
[ 26%] Building CXX object CMakeFiles/trmm.dir/linear-algebra/blas/trmm/trmm.cpp.o
[ 26%] Building CXX object CMakeFiles/syr2k.dir/linear-algebra/blas/syr2k/syr2k.cpp.o
[ 26%] Building CXX object CMakeFiles/3mm.dir/linear-algebra/kernels/3mm/3mm.cpp.o
[ 26%] Building CXX object CMakeFiles/doitgen.dir/linear-algebra/kernels/doitgen/doitgen.cpp.o
[ 46%] Building CXX object CMakeFiles/floyd-warshall.dir/medley/floyd-warshall/floyd-warshall.cpp.o
[ 46%] Building CXX object CMakeFiles/deriche.dir/medley/deriche/deriche.cpp.o
[ 50%] Building CXX object CMakeFiles/ludcmp.dir/linear-algebra/solvers/ludcmp/ludcmp.cpp.o
[ 50%] Building CXX object CMakeFiles/lu.dir/linear-algebra/solvers/lu/lu.cpp.o
[ 50%] Building CXX object CMakeFiles/atax.dir/linear-algebra/kernels/atax/atax.cpp.o
[ 50%] Building CXX object CMakeFiles/nussinov.dir/medley/nussinov/nussinov.cpp.o
[ 50%] Building CXX object CMakeFiles/mvt.dir/linear-algebra/kernels/mvt/mvt.cpp.o
[ 50%] Building CXX object CMakeFiles/gramschmidt.dir/linear-algebra/solvers/gramschmidt/gramschmidt.cpp.o
[ 50%] Building CXX object CMakeFiles/adi.dir/stencils/adi/adi.cpp.o
[ 50%] Building CXX object CMakeFiles/heat-3d.dir/stencils/heat-3d/heat-3d.cpp.o
[ 50%] Building CXX object CMakeFiles/cholesky.dir/linear-algebra/solvers/cholesky/cholesky.cpp.o
[ 50%] Building CXX object CMakeFiles/fdtd-2d.dir/stencils/fdtd-2d/fdtd-2d.cpp.o
[ 50%] Building CXX object CMakeFiles/durbin.dir/linear-algebra/solvers/durbin/durbin.cpp.o
[ 50%] Building CXX object CMakeFiles/seidel-2d.dir/stencils/seidel-2d/seidel-2d.cpp.o
[ 50%] Building CXX object CMakeFiles/jacobi-1d.dir/stencils/jacobi-1d/jacobi-1d.cpp.o
[ 50%] Building CXX object CMakeFiles/jacobi-2d.dir/stencils/jacobi-2d/jacobi-2d.cpp.o
[ 53%] Linking CXX executable nussinov
[ 53%] Linking CXX executable cholesky
[ 55%] Linking CXX executable durbin
[ 56%] Linking CXX executable jacobi-1d
[ 56%] Built target durbin
[ 56%] Built target jacobi-1d
[ 58%] Linking CXX executable trisolv
[ 60%] Linking CXX executable floyd-warshall
[ 61%] Linking CXX executable seidel-2d
[ 63%] Linking CXX executable gesummv
[ 65%] Linking CXX executable atax
[ 65%] Built target trisolv
[ 66%] Linking CXX executable bicg
[ 68%] Linking CXX executable jacobi-2d
[ 68%] Built target seidel-2d
[ 68%] Built target floyd-warshall
[ 68%] Built target gesummv
[ 68%] Built target atax
[ 68%] Built target bicg
[ 70%] Linking CXX executable adi
[ 70%] Built target jacobi-2d
[ 71%] Linking CXX executable mvt
[ 73%] Linking CXX executable trmm
[ 73%] Built target adi
[ 73%] Built target mvt
[ 75%] Linking CXX executable deriche
[ 75%] Built target trmm
[ 76%] Linking CXX executable symm
[ 78%] Linking CXX executable syrk
[ 80%] Linking CXX executable gemver
[ 80%] Built target deriche
[ 81%] Linking CXX executable lu
[ 81%] Built target symm
[ 83%] Linking CXX executable syr2k
[ 83%] Built target syrk
[ 83%] Built target gemver
[ 83%] Built target lu
[ 83%] Built target syr2k
[ 85%] Linking CXX executable doitgen
[ 86%] Linking CXX executable gramschmidt
[ 86%] Built target doitgen
[ 88%] Linking CXX executable covariance
[ 88%] Built target gramschmidt
[ 90%] Linking CXX executable fdtd-2d
[ 91%] Linking CXX executable ludcmp
[ 91%] Built target covariance
[ 91%] Built target fdtd-2d
[ 91%] Built target ludcmp
[ 93%] Linking CXX executable correlation
[ 93%] Built target correlation
[ 95%] Linking CXX executable 2mm
[ 95%] Built target 2mm
[ 96%] Linking CXX executable 3mm
[ 96%] Built target 3mm
noarr,all_hints,2mm,0.651531,4.001,valid,1,LARGE,DOUBLE
noarr,all_hints,2mm,1,0.653869,1,LARGE,DOUBLE
noarr,all_hints,2mm,2,0.652065,1,LARGE,DOUBLE
noarr,all_hints,2mm,3,0.651447,1,LARGE,DOUBLE
noarr,all_hints,2mm,4,0.652526,1,LARGE,DOUBLE
noarr,all_hints,2mm,5,0.651122,1,LARGE,DOUBLE
noarr,all_hints,3mm,3.789319,1.031,valid,1,LARGE,DOUBLE
noarr,all_hints,3mm,1,3.789867,1,LARGE,DOUBLE
noarr,all_hints,3mm,2,3.790179,1,LARGE,DOUBLE
noarr,all_hints,3mm,3,3.789182,1,LARGE,DOUBLE
noarr,all_hints,3mm,4,3.789950,1,LARGE,DOUBLE
noarr,all_hints,3mm,5,3.790076,1,LARGE,DOUBLE
noarr,all_hints,adi,0.810448,12.878,valid,1,LARGE,DOUBLE
noarr,all_hints,adi,1,0.820743,1,LARGE,DOUBLE
noarr,all_hints,adi,2,0.807711,1,LARGE,DOUBLE
noarr,all_hints,adi,3,0.808073,1,LARGE,DOUBLE
noarr,all_hints,adi,4,0.792028,1,LARGE,DOUBLE
noarr,all_hints,adi,5,0.803447,1,LARGE,DOUBLE
noarr,all_hints,atax,0.008307,1.037,valid,1,LARGE,DOUBLE
noarr,all_hints,atax,1,0.008237,1,LARGE,DOUBLE
noarr,all_hints,atax,2,0.008220,1,LARGE,DOUBLE
noarr,all_hints,atax,3,0.008242,1,LARGE,DOUBLE
noarr,all_hints,atax,4,0.008259,1,LARGE,DOUBLE
noarr,all_hints,atax,5,0.008262,1,LARGE,DOUBLE
noarr,all_hints,bicg,0.006542,2.240,valid,1,LARGE,DOUBLE
noarr,all_hints,bicg,1,0.006388,1,LARGE,DOUBLE
noarr,all_hints,bicg,2,0.006307,1,LARGE,DOUBLE
noarr,all_hints,bicg,3,0.006161,1,LARGE,DOUBLE
noarr,all_hints,bicg,4,0.006373,1,LARGE,DOUBLE
noarr,all_hints,bicg,5,0.006368,1,LARGE,DOUBLE
noarr,all_hints,cholesky,,,compile_error,1,LARGE,DOUBLE
noarr,all_hints,correlation,1.679417,1.022,valid,1,LARGE,DOUBLE
noarr,all_hints,correlation,1,1.679330,1,LARGE,DOUBLE
noarr,all_hints,correlation,2,1.676655,1,LARGE,DOUBLE
noarr,all_hints,correlation,3,1.678771,1,LARGE,DOUBLE
noarr,all_hints,correlation,4,1.678763,1,LARGE,DOUBLE
noarr,all_hints,correlation,5,1.689165,1,LARGE,DOUBLE
noarr,all_hints,covariance,0.443991,3.808,valid,1,LARGE,DOUBLE
noarr,all_hints,covariance,1,0.444421,1,LARGE,DOUBLE
noarr,all_hints,covariance,2,0.436887,1,LARGE,DOUBLE
noarr,all_hints,covariance,3,0.436668,1,LARGE,DOUBLE
noarr,all_hints,covariance,4,0.437065,1,LARGE,DOUBLE
noarr,all_hints,covariance,5,0.438105,1,LARGE,DOUBLE
noarr,all_hints,deriche,0.066233,3.401,valid,1,LARGE,DOUBLE
noarr,all_hints,deriche,1,0.066318,1,LARGE,DOUBLE
noarr,all_hints,deriche,2,0.066534,1,LARGE,DOUBLE
noarr,all_hints,deriche,3,0.066440,1,LARGE,DOUBLE
noarr,all_hints,deriche,4,0.065668,1,LARGE,DOUBLE
noarr,all_hints,deriche,5,0.066275,1,LARGE,DOUBLE
noarr,all_hints,doitgen,0.201136,3.688,valid,1,LARGE,DOUBLE
noarr,all_hints,doitgen,1,0.196091,1,LARGE,DOUBLE
noarr,all_hints,doitgen,2,0.196214,1,LARGE,DOUBLE
noarr,all_hints,doitgen,3,0.196150,1,LARGE,DOUBLE
noarr,all_hints,doitgen,4,0.196206,1,LARGE,DOUBLE
noarr,all_hints,doitgen,5,0.196350,1,LARGE,DOUBLE
noarr,all_hints,durbin,0.003781,1.019,valid,1,LARGE,DOUBLE
noarr,all_hints,durbin,1,0.003780,1,LARGE,DOUBLE
noarr,all_hints,durbin,2,0.003781,1,LARGE,DOUBLE
noarr,all_hints,durbin,3,0.003776,1,LARGE,DOUBLE
noarr,all_hints,durbin,4,0.003784,1,LARGE,DOUBLE
noarr,all_hints,durbin,5,0.003782,1,LARGE,DOUBLE
noarr,all_hints,fdtd-2d,0.252465,6.757,valid,1,LARGE,DOUBLE
noarr,all_hints,fdtd-2d,1,0.251336,1,LARGE,DOUBLE
noarr,all_hints,fdtd-2d,2,0.243720,1,LARGE,DOUBLE
noarr,all_hints,fdtd-2d,3,0.252662,1,LARGE,DOUBLE
noarr,all_hints,fdtd-2d,4,0.250611,1,LARGE,DOUBLE
noarr,all_hints,fdtd-2d,5,0.250438,1,LARGE,DOUBLE
noarr,all_hints,floyd-warshall,15.897520,1.415,valid,1,LARGE,DOUBLE
noarr,all_hints,floyd-warshall,1,15.679504,1,LARGE,DOUBLE
noarr,all_hints,floyd-warshall,2,15.748082,1,LARGE,DOUBLE
noarr,all_hints,floyd-warshall,3,15.945307,1,LARGE,DOUBLE
noarr,all_hints,floyd-warshall,4,15.757529,1,LARGE,DOUBLE
noarr,all_hints,floyd-warshall,5,16.055533,1,LARGE,DOUBLE
noarr,all_hints,gemm,,,compile_error,1,LARGE,DOUBLE
noarr,all_hints,gemver,0.011461,1.537,valid,1,LARGE,DOUBLE
noarr,all_hints,gemver,1,0.011297,1,LARGE,DOUBLE
noarr,all_hints,gemver,2,0.011200,1,LARGE,DOUBLE
noarr,all_hints,gemver,3,0.011179,1,LARGE,DOUBLE
noarr,all_hints,gemver,4,0.011119,1,LARGE,DOUBLE
noarr,all_hints,gemver,5,0.011171,1,LARGE,DOUBLE
noarr,all_hints,gesummv,0.002730,2.277,valid,1,LARGE,DOUBLE
noarr,all_hints,gesummv,1,0.002809,1,LARGE,DOUBLE
noarr,all_hints,gesummv,2,0.002618,1,LARGE,DOUBLE
noarr,all_hints,gesummv,3,0.002668,1,LARGE,DOUBLE
noarr,all_hints,gesummv,4,0.002676,1,LARGE,DOUBLE
noarr,all_hints,gesummv,5,0.002629,1,LARGE,DOUBLE
noarr,all_hints,gramschmidt,0.633752,,validity_error,1,LARGE,DOUBLE
noarr,all_hints,heat-3d,,,compile_error,1,LARGE,DOUBLE
noarr,all_hints,jacobi-1d,0.030630,0.031,valid,1,LARGE,DOUBLE
noarr,all_hints,jacobi-1d,1,0.030354,1,LARGE,DOUBLE
noarr,all_hints,jacobi-1d,2,0.029744,1,LARGE,DOUBLE
noarr,all_hints,jacobi-1d,3,0.029503,1,LARGE,DOUBLE
noarr,all_hints,jacobi-1d,4,0.029729,1,LARGE,DOUBLE
noarr,all_hints,jacobi-1d,5,0.029399,1,LARGE,DOUBLE
noarr,all_hints,jacobi-2d,0.192865,8.627,valid,1,LARGE,DOUBLE
noarr,all_hints,jacobi-2d,1,0.189726,1,LARGE,DOUBLE
noarr,all_hints,jacobi-2d,2,0.182094,1,LARGE,DOUBLE
noarr,all_hints,jacobi-2d,3,0.194470,1,LARGE,DOUBLE
noarr,all_hints,jacobi-2d,4,0.189952,1,LARGE,DOUBLE
noarr,all_hints,jacobi-2d,5,0.193685,1,LARGE,DOUBLE
noarr,all_hints,lu,4.426390,1.000,valid,1,LARGE,DOUBLE
noarr,all_hints,lu,1,4.390975,1,LARGE,DOUBLE
noarr,all_hints,lu,2,4.417891,1,LARGE,DOUBLE
noarr,all_hints,lu,3,4.415396,1,LARGE,DOUBLE
noarr,all_hints,lu,4,4.397610,1,LARGE,DOUBLE
noarr,all_hints,lu,5,4.449893,1,LARGE,DOUBLE
noarr,all_hints,ludcmp,4.422916,0.993,valid,1,LARGE,DOUBLE
noarr,all_hints,ludcmp,1,4.393876,1,LARGE,DOUBLE
noarr,all_hints,ludcmp,2,4.350339,1,LARGE,DOUBLE
noarr,all_hints,ludcmp,3,4.406457,1,LARGE,DOUBLE
noarr,all_hints,ludcmp,4,4.423613,1,LARGE,DOUBLE
noarr,all_hints,ludcmp,5,4.440395,1,LARGE,DOUBLE
noarr,all_hints,mvt,0.005073,2.879,valid,1,LARGE,DOUBLE
noarr,all_hints,mvt,1,0.005009,1,LARGE,DOUBLE
noarr,all_hints,mvt,2,0.004896,1,LARGE,DOUBLE
noarr,all_hints,mvt,3,0.004953,1,LARGE,DOUBLE
noarr,all_hints,mvt,4,0.007242,1,LARGE,DOUBLE
noarr,all_hints,mvt,5,0.004806,1,LARGE,DOUBLE
noarr,all_hints,nussinov,,,compile_error,1,LARGE,DOUBLE
noarr,all_hints,seidel-2d,27.164063,1.000,valid,1,LARGE,DOUBLE
noarr,all_hints,seidel-2d,1,27.165156,1,LARGE,DOUBLE
noarr,all_hints,seidel-2d,2,27.162251,1,LARGE,DOUBLE
noarr,all_hints,seidel-2d,3,27.165434,1,LARGE,DOUBLE
noarr,all_hints,seidel-2d,4,27.165876,1,LARGE,DOUBLE
noarr,all_hints,seidel-2d,5,27.164457,1,LARGE,DOUBLE
noarr,all_hints,symm,0.020632,76.377,valid,1,LARGE,DOUBLE
noarr,all_hints,symm,1,0.020989,1,LARGE,DOUBLE
noarr,all_hints,symm,2,0.020680,1,LARGE,DOUBLE
noarr,all_hints,symm,3,0.020873,1,LARGE,DOUBLE
noarr,all_hints,symm,4,0.020737,1,LARGE,DOUBLE
noarr,all_hints,symm,5,0.020598,1,LARGE,DOUBLE
noarr,all_hints,syr2k,1.259618,1.049,valid,1,LARGE,DOUBLE
noarr,all_hints,syr2k,1,1.259772,1,LARGE,DOUBLE
noarr,all_hints,syr2k,2,1.262004,1,LARGE,DOUBLE
noarr,all_hints,syr2k,3,1.262809,1,LARGE,DOUBLE
noarr,all_hints,syr2k,4,1.262800,1,LARGE,DOUBLE
noarr,all_hints,syr2k,5,1.266627,1,LARGE,DOUBLE
noarr,all_hints,syrk,0.596367,1.101,valid,1,LARGE,DOUBLE
noarr,all_hints,syrk,1,0.597898,1,LARGE,DOUBLE
noarr,all_hints,syrk,2,0.597798,1,LARGE,DOUBLE
noarr,all_hints,syrk,3,0.596714,1,LARGE,DOUBLE
noarr,all_hints,syrk,4,0.596863,1,LARGE,DOUBLE
noarr,all_hints,syrk,5,0.596840,1,LARGE,DOUBLE
noarr,all_hints,trisolv,0.003132,0.988,valid,1,LARGE,DOUBLE
noarr,all_hints,trisolv,1,0.003117,1,LARGE,DOUBLE
noarr,all_hints,trisolv,2,0.003116,1,LARGE,DOUBLE
noarr,all_hints,trisolv,3,0.003099,1,LARGE,DOUBLE
noarr,all_hints,trisolv,4,0.003123,1,LARGE,DOUBLE
noarr,all_hints,trisolv,5,0.003103,1,LARGE,DOUBLE
noarr,all_hints,trmm,0.022652,43.877,valid,1,LARGE,DOUBLE
noarr,all_hints,trmm,1,0.022664,1,LARGE,DOUBLE
noarr,all_hints,trmm,2,0.023930,1,LARGE,DOUBLE
noarr,all_hints,trmm,3,0.022376,1,LARGE,DOUBLE
noarr,all_hints,trmm,4,0.022837,1,LARGE,DOUBLE
noarr,all_hints,trmm,5,0.022393,1,LARGE,DOUBLE
-- The CXX compiler identification is GNU 15.2.0
-- Detecting CXX compiler ABI info
-- Detecting CXX compiler ABI info - done
-- Check for working CXX compiler: /usr/local/latestgcc/bin/g++ - skipped
-- Detecting CXX compile features
-- Detecting CXX compile features - done
-- Using NOARR_STRUCTURES_DIR from environment: /home/kleplj/all_hints/submodules/noarr-structures
-- Configuring done (0.5s)
-- Generating done (0.8s)
-- Build files have been written to: /home/kleplj/all_hints/optimization/all_hints/PolybenchC-Noarr/build
[  6%] Building CXX object CMakeFiles/covariance.dir/datamining/covariance/covariance.cpp.o
[  6%] Building CXX object CMakeFiles/correlation.dir/datamining/correlation/correlation.cpp.o
[ 10%] Building CXX object CMakeFiles/gesummv.dir/linear-algebra/blas/gesummv/gesummv.cpp.o
[ 10%] Building CXX object CMakeFiles/gemm.dir/linear-algebra/blas/gemm/gemm.cpp.o
[ 18%] Building CXX object CMakeFiles/gemver.dir/linear-algebra/blas/gemver/gemver.cpp.o
[ 18%] Building CXX object CMakeFiles/syrk.dir/linear-algebra/blas/syrk/syrk.cpp.o
[ 18%] Building CXX object CMakeFiles/syr2k.dir/linear-algebra/blas/syr2k/syr2k.cpp.o
[ 18%] Building CXX object CMakeFiles/symm.dir/linear-algebra/blas/symm/symm.cpp.o
[ 18%] Building CXX object CMakeFiles/trmm.dir/linear-algebra/blas/trmm/trmm.cpp.o
[ 28%] Building CXX object CMakeFiles/bicg.dir/linear-algebra/kernels/bicg/bicg.cpp.o
[ 28%] Building CXX object CMakeFiles/3mm.dir/linear-algebra/kernels/3mm/3mm.cpp.o
[ 50%] Building CXX object CMakeFiles/2mm.dir/linear-algebra/kernels/2mm/2mm.cpp.o
[ 50%] Building CXX object CMakeFiles/cholesky.dir/linear-algebra/solvers/cholesky/cholesky.cpp.o
[ 50%] Building CXX object CMakeFiles/mvt.dir/linear-algebra/kernels/mvt/mvt.cpp.o
[ 50%] Building CXX object CMakeFiles/atax.dir/linear-algebra/kernels/atax/atax.cpp.o
[ 50%] Building CXX object CMakeFiles/jacobi-1d.dir/stencils/jacobi-1d/jacobi-1d.cpp.o
[ 50%] Building CXX object CMakeFiles/fdtd-2d.dir/stencils/fdtd-2d/fdtd-2d.cpp.o
[ 50%] Building CXX object CMakeFiles/adi.dir/stencils/adi/adi.cpp.o
[ 50%] Building CXX object CMakeFiles/deriche.dir/medley/deriche/deriche.cpp.o
[ 50%] Building CXX object CMakeFiles/seidel-2d.dir/stencils/seidel-2d/seidel-2d.cpp.o
[ 50%] Building CXX object CMakeFiles/nussinov.dir/medley/nussinov/nussinov.cpp.o
[ 50%] Building CXX object CMakeFiles/trisolv.dir/linear-algebra/solvers/trisolv/trisolv.cpp.o
[ 50%] Building CXX object CMakeFiles/ludcmp.dir/linear-algebra/solvers/ludcmp/ludcmp.cpp.o
[ 50%] Building CXX object CMakeFiles/gramschmidt.dir/linear-algebra/solvers/gramschmidt/gramschmidt.cpp.o
[ 50%] Building CXX object CMakeFiles/lu.dir/linear-algebra/solvers/lu/lu.cpp.o
[ 50%] Building CXX object CMakeFiles/doitgen.dir/linear-algebra/kernels/doitgen/doitgen.cpp.o
[ 50%] Building CXX object CMakeFiles/durbin.dir/linear-algebra/solvers/durbin/durbin.cpp.o
[ 50%] Building CXX object CMakeFiles/heat-3d.dir/stencils/heat-3d/heat-3d.cpp.o
[ 50%] Building CXX object CMakeFiles/floyd-warshall.dir/medley/floyd-warshall/floyd-warshall.cpp.o
[ 50%] Building CXX object CMakeFiles/jacobi-2d.dir/stencils/jacobi-2d/jacobi-2d.cpp.o
[ 53%] Linking CXX executable cholesky
[ 53%] Linking CXX executable nussinov
[ 55%] Linking CXX executable durbin
[ 55%] Built target durbin
[ 56%] Linking CXX executable jacobi-1d
[ 56%] Built target jacobi-1d
[ 60%] Linking CXX executable gesummv
[ 60%] Linking CXX executable mvt
[ 61%] Linking CXX executable trisolv
[ 63%] Linking CXX executable atax
[ 63%] Built target mvt
[ 63%] Built target gesummv
[ 65%] Linking CXX executable jacobi-2d
[ 66%] Linking CXX executable floyd-warshall
[ 66%] Built target trisolv
[ 66%] Built target atax
[ 66%] Built target jacobi-2d
[ 68%] Linking CXX executable adi
[ 68%] Built target floyd-warshall
[ 70%] Linking CXX executable seidel-2d
[ 71%] Linking CXX executable lu
[ 73%] Linking CXX executable gemver
[ 75%] Linking CXX executable deriche
[ 75%] Built target adi
[ 75%] Built target seidel-2d
[ 76%] Linking CXX executable symm
[ 76%] Built target lu
[ 76%] Built target gemver
[ 76%] Built target deriche
[ 78%] Linking CXX executable syr2k
[ 80%] Linking CXX executable syrk
[ 81%] Linking CXX executable gemm
[ 81%] Built target symm
[ 83%] Linking CXX executable bicg
[ 85%] Linking CXX executable doitgen
[ 85%] Built target syrk
[ 85%] Built target syr2k
[ 85%] Built target gemm
[ 86%] Linking CXX executable covariance
[ 86%] Built target bicg
[ 88%] Linking CXX executable heat-3d
[ 88%] Built target doitgen
[ 88%] Built target covariance
[ 88%] Built target heat-3d
[ 90%] Linking CXX executable gramschmidt
[ 90%] Built target gramschmidt
[ 91%] Linking CXX executable ludcmp
[ 91%] Built target ludcmp
[ 93%] Linking CXX executable correlation
[ 93%] Built target correlation
[ 95%] Linking CXX executable 2mm
[ 95%] Built target 2mm
[ 96%] Linking CXX executable 3mm
[ 96%] Built target 3mm
noarr,all_hints,2mm,0.023545,109.327,valid,2,LARGE,DOUBLE
noarr,all_hints,2mm,1,0.023043,2,LARGE,DOUBLE
noarr,all_hints,2mm,2,0.023007,2,LARGE,DOUBLE
noarr,all_hints,2mm,3,0.023879,2,LARGE,DOUBLE
noarr,all_hints,2mm,4,0.024002,2,LARGE,DOUBLE
noarr,all_hints,2mm,5,0.023131,2,LARGE,DOUBLE
noarr,all_hints,3mm,1.071724,3.644,valid,2,LARGE,DOUBLE
noarr,all_hints,3mm,1,1.067029,2,LARGE,DOUBLE
noarr,all_hints,3mm,2,1.067647,2,LARGE,DOUBLE
noarr,all_hints,3mm,3,1.067368,2,LARGE,DOUBLE
noarr,all_hints,3mm,4,1.066576,2,LARGE,DOUBLE
noarr,all_hints,3mm,5,1.076233,2,LARGE,DOUBLE
noarr,all_hints,adi,0.790797,13.117,valid,2,LARGE,DOUBLE
noarr,all_hints,adi,1,0.794463,2,LARGE,DOUBLE
noarr,all_hints,adi,2,0.790443,2,LARGE,DOUBLE
noarr,all_hints,adi,3,0.790172,2,LARGE,DOUBLE
noarr,all_hints,adi,4,0.759924,2,LARGE,DOUBLE
noarr,all_hints,adi,5,0.787031,2,LARGE,DOUBLE
noarr,all_hints,atax,0.008451,1.007,valid,2,LARGE,DOUBLE
noarr,all_hints,atax,1,0.008312,2,LARGE,DOUBLE
noarr,all_hints,atax,2,0.008310,2,LARGE,DOUBLE
noarr,all_hints,atax,3,0.008303,2,LARGE,DOUBLE
noarr,all_hints,atax,4,0.008303,2,LARGE,DOUBLE
noarr,all_hints,atax,5,0.008306,2,LARGE,DOUBLE
noarr,all_hints,bicg,0.007295,2.006,valid,2,LARGE,DOUBLE
noarr,all_hints,bicg,1,0.007241,2,LARGE,DOUBLE
noarr,all_hints,bicg,2,0.007225,2,LARGE,DOUBLE
noarr,all_hints,bicg,3,0.007307,2,LARGE,DOUBLE
noarr,all_hints,bicg,4,0.007213,2,LARGE,DOUBLE
noarr,all_hints,bicg,5,0.007174,2,LARGE,DOUBLE
noarr,all_hints,cholesky,,,compile_error,2,LARGE,DOUBLE
noarr,all_hints,correlation,1.725780,0.993,valid,2,LARGE,DOUBLE
noarr,all_hints,correlation,1,1.703010,2,LARGE,DOUBLE
noarr,all_hints,correlation,2,1.711941,2,LARGE,DOUBLE
noarr,all_hints,correlation,3,1.708846,2,LARGE,DOUBLE
noarr,all_hints,correlation,4,1.711550,2,LARGE,DOUBLE
noarr,all_hints,correlation,5,1.709762,2,LARGE,DOUBLE
noarr,all_hints,covariance,1.690967,1.002,valid,2,LARGE,DOUBLE
noarr,all_hints,covariance,1,1.680227,2,LARGE,DOUBLE
noarr,all_hints,covariance,2,1.674396,2,LARGE,DOUBLE
noarr,all_hints,covariance,3,1.673357,2,LARGE,DOUBLE
noarr,all_hints,covariance,4,1.682168,2,LARGE,DOUBLE
noarr,all_hints,covariance,5,1.673323,2,LARGE,DOUBLE
noarr,all_hints,deriche,0.066636,3.360,valid,2,LARGE,DOUBLE
noarr,all_hints,deriche,1,0.065886,2,LARGE,DOUBLE
noarr,all_hints,deriche,2,0.065252,2,LARGE,DOUBLE
noarr,all_hints,deriche,3,0.066027,2,LARGE,DOUBLE
noarr,all_hints,deriche,4,0.066158,2,LARGE,DOUBLE
noarr,all_hints,deriche,5,0.066810,2,LARGE,DOUBLE
noarr,all_hints,doitgen,0.193776,3.843,valid,2,LARGE,DOUBLE
noarr,all_hints,doitgen,1,0.193864,2,LARGE,DOUBLE
noarr,all_hints,doitgen,2,0.193761,2,LARGE,DOUBLE
noarr,all_hints,doitgen,3,0.193796,2,LARGE,DOUBLE
noarr,all_hints,doitgen,4,0.193692,2,LARGE,DOUBLE
noarr,all_hints,doitgen,5,0.198802,2,LARGE,DOUBLE
noarr,all_hints,durbin,0.004435,0.909,valid,2,LARGE,DOUBLE
noarr,all_hints,durbin,1,0.004428,2,LARGE,DOUBLE
noarr,all_hints,durbin,2,0.004444,2,LARGE,DOUBLE
noarr,all_hints,durbin,3,0.004433,2,LARGE,DOUBLE
noarr,all_hints,durbin,4,0.004431,2,LARGE,DOUBLE
noarr,all_hints,durbin,5,0.004436,2,LARGE,DOUBLE
noarr,all_hints,fdtd-2d,,,compile_error,2,LARGE,DOUBLE
noarr,all_hints,floyd-warshall,0.586618,38.270,valid,2,LARGE,DOUBLE
noarr,all_hints,floyd-warshall,1,0.851686,2,LARGE,DOUBLE
noarr,all_hints,floyd-warshall,2,0.746397,2,LARGE,DOUBLE
noarr,all_hints,floyd-warshall,3,0.776746,2,LARGE,DOUBLE
noarr,all_hints,floyd-warshall,4,0.734625,2,LARGE,DOUBLE
noarr,all_hints,floyd-warshall,5,0.604088,2,LARGE,DOUBLE
noarr,all_hints,gemm,1.964526,0.230,valid,2,LARGE,DOUBLE
noarr,all_hints,gemm,1,1.976609,2,LARGE,DOUBLE
noarr,all_hints,gemm,2,1.985778,2,LARGE,DOUBLE
noarr,all_hints,gemm,3,1.987363,2,LARGE,DOUBLE
noarr,all_hints,gemm,4,1.985246,2,LARGE,DOUBLE
noarr,all_hints,gemm,5,1.985367,2,LARGE,DOUBLE
noarr,all_hints,gemver,0.008724,2.041,valid,2,LARGE,DOUBLE
noarr,all_hints,gemver,1,0.008750,2,LARGE,DOUBLE
noarr,all_hints,gemver,2,0.008815,2,LARGE,DOUBLE
noarr,all_hints,gemver,3,0.008555,2,LARGE,DOUBLE
noarr,all_hints,gemver,4,0.008757,2,LARGE,DOUBLE
noarr,all_hints,gemver,5,0.008687,2,LARGE,DOUBLE
noarr,all_hints,gesummv,0.000324,19.407,valid,2,LARGE,DOUBLE
noarr,all_hints,gesummv,1,0.000326,2,LARGE,DOUBLE
noarr,all_hints,gesummv,2,0.000337,2,LARGE,DOUBLE
noarr,all_hints,gesummv,3,0.000314,2,LARGE,DOUBLE
noarr,all_hints,gesummv,4,0.000325,2,LARGE,DOUBLE
noarr,all_hints,gesummv,5,0.000341,2,LARGE,DOUBLE
noarr,all_hints,gramschmidt,0.636974,,validity_error,2,LARGE,DOUBLE
noarr,all_hints,heat-3d,1.438223,1.348,valid,2,LARGE,DOUBLE
noarr,all_hints,heat-3d,1,1.490625,2,LARGE,DOUBLE
noarr,all_hints,heat-3d,2,1.584218,2,LARGE,DOUBLE
noarr,all_hints,heat-3d,3,1.503751,2,LARGE,DOUBLE
noarr,all_hints,heat-3d,4,1.456836,2,LARGE,DOUBLE
noarr,all_hints,heat-3d,5,1.450515,2,LARGE,DOUBLE
noarr,all_hints,jacobi-1d,0.000718,1.305,valid,2,LARGE,DOUBLE
noarr,all_hints,jacobi-1d,1,0.000709,2,LARGE,DOUBLE
noarr,all_hints,jacobi-1d,2,0.000710,2,LARGE,DOUBLE
noarr,all_hints,jacobi-1d,3,0.000695,2,LARGE,DOUBLE
noarr,all_hints,jacobi-1d,4,0.000689,2,LARGE,DOUBLE
noarr,all_hints,jacobi-1d,5,0.000698,2,LARGE,DOUBLE
noarr,all_hints,jacobi-2d,0.186613,8.896,valid,2,LARGE,DOUBLE
noarr,all_hints,jacobi-2d,1,0.182695,2,LARGE,DOUBLE
noarr,all_hints,jacobi-2d,2,0.182946,2,LARGE,DOUBLE
noarr,all_hints,jacobi-2d,3,0.181271,2,LARGE,DOUBLE
noarr,all_hints,jacobi-2d,4,0.185359,2,LARGE,DOUBLE
noarr,all_hints,jacobi-2d,5,0.190416,2,LARGE,DOUBLE
noarr,all_hints,lu,4.412678,0.997,valid,2,LARGE,DOUBLE
noarr,all_hints,lu,1,4.413239,2,LARGE,DOUBLE
noarr,all_hints,lu,2,4.390062,2,LARGE,DOUBLE
noarr,all_hints,lu,3,4.404519,2,LARGE,DOUBLE
noarr,all_hints,lu,4,4.390453,2,LARGE,DOUBLE
noarr,all_hints,lu,5,4.405573,2,LARGE,DOUBLE
noarr,all_hints,ludcmp,3.879279,1.128,valid,2,LARGE,DOUBLE
noarr,all_hints,ludcmp,1,3.875579,2,LARGE,DOUBLE
noarr,all_hints,ludcmp,2,3.883232,2,LARGE,DOUBLE
noarr,all_hints,ludcmp,3,3.885612,2,LARGE,DOUBLE
noarr,all_hints,ludcmp,4,3.883971,2,LARGE,DOUBLE
noarr,all_hints,ludcmp,5,3.885039,2,LARGE,DOUBLE
noarr,all_hints,mvt,0.006910,2.100,valid,2,LARGE,DOUBLE
noarr,all_hints,mvt,1,0.006985,2,LARGE,DOUBLE
noarr,all_hints,mvt,2,0.006980,2,LARGE,DOUBLE
noarr,all_hints,mvt,3,0.006912,2,LARGE,DOUBLE
noarr,all_hints,mvt,4,0.006815,2,LARGE,DOUBLE
noarr,all_hints,mvt,5,0.006829,2,LARGE,DOUBLE
noarr,all_hints,nussinov,,,compile_error,2,LARGE,DOUBLE
noarr,all_hints,seidel-2d,20.157863,1.348,valid,2,LARGE,DOUBLE
noarr,all_hints,seidel-2d,1,20.163410,2,LARGE,DOUBLE
noarr,all_hints,seidel-2d,2,20.161354,2,LARGE,DOUBLE
noarr,all_hints,seidel-2d,3,20.161462,2,LARGE,DOUBLE
noarr,all_hints,seidel-2d,4,20.161900,2,LARGE,DOUBLE
noarr,all_hints,seidel-2d,5,20.161277,2,LARGE,DOUBLE
noarr,all_hints,symm,1.539615,1.023,valid,2,LARGE,DOUBLE
noarr,all_hints,symm,1,1.551399,2,LARGE,DOUBLE
noarr,all_hints,symm,2,1.533012,2,LARGE,DOUBLE
noarr,all_hints,symm,3,1.532874,2,LARGE,DOUBLE
noarr,all_hints,symm,4,1.532746,2,LARGE,DOUBLE
noarr,all_hints,symm,5,1.532414,2,LARGE,DOUBLE
noarr,all_hints,syr2k,1.264693,1.044,valid,2,LARGE,DOUBLE
noarr,all_hints,syr2k,1,1.258901,2,LARGE,DOUBLE
noarr,all_hints,syr2k,2,1.259662,2,LARGE,DOUBLE
noarr,all_hints,syr2k,3,1.258864,2,LARGE,DOUBLE
noarr,all_hints,syr2k,4,1.258654,2,LARGE,DOUBLE
noarr,all_hints,syr2k,5,1.265675,2,LARGE,DOUBLE
noarr,all_hints,syrk,1.493885,0.440,valid,2,LARGE,DOUBLE
noarr,all_hints,syrk,1,1.486513,2,LARGE,DOUBLE
noarr,all_hints,syrk,2,1.490622,2,LARGE,DOUBLE
noarr,all_hints,syrk,3,1.486289,2,LARGE,DOUBLE
noarr,all_hints,syrk,4,1.486269,2,LARGE,DOUBLE
noarr,all_hints,syrk,5,1.486341,2,LARGE,DOUBLE
noarr,all_hints,trisolv,0.003191,0.985,valid,2,LARGE,DOUBLE
noarr,all_hints,trisolv,1,0.003166,2,LARGE,DOUBLE
noarr,all_hints,trisolv,2,0.003131,2,LARGE,DOUBLE
noarr,all_hints,trisolv,3,0.003107,2,LARGE,DOUBLE
noarr,all_hints,trisolv,4,0.003101,2,LARGE,DOUBLE
noarr,all_hints,trisolv,5,0.003139,2,LARGE,DOUBLE
noarr,all_hints,trmm,,,compile_error,2,LARGE,DOUBLE
-- The CXX compiler identification is GNU 15.2.0
-- Detecting CXX compiler ABI info
-- Detecting CXX compiler ABI info - done
-- Check for working CXX compiler: /usr/local/latestgcc/bin/g++ - skipped
-- Detecting CXX compile features
-- Detecting CXX compile features - done
-- Using NOARR_STRUCTURES_DIR from environment: /home/kleplj/all_hints/submodules/noarr-structures
-- Configuring done (0.4s)
-- Generating done (0.8s)
-- Build files have been written to: /home/kleplj/all_hints/optimization/all_hints/PolybenchC-Noarr/build
[ 15%] Building CXX object CMakeFiles/symm.dir/linear-algebra/blas/symm/symm.cpp.o
[ 15%] Building CXX object CMakeFiles/syr2k.dir/linear-algebra/blas/syr2k/syr2k.cpp.o
[ 15%] Building CXX object CMakeFiles/syrk.dir/linear-algebra/blas/syrk/syrk.cpp.o
[ 15%] Building CXX object CMakeFiles/gemm.dir/linear-algebra/blas/gemm/gemm.cpp.o
[ 15%] Building CXX object CMakeFiles/gemver.dir/linear-algebra/blas/gemver/gemver.cpp.o
[ 15%] Building CXX object CMakeFiles/correlation.dir/datamining/correlation/correlation.cpp.o
[ 15%] Building CXX object CMakeFiles/covariance.dir/datamining/covariance/covariance.cpp.o
[ 33%] Building CXX object CMakeFiles/doitgen.dir/linear-algebra/kernels/doitgen/doitgen.cpp.o
[ 33%] Building CXX object CMakeFiles/bicg.dir/linear-algebra/kernels/bicg/bicg.cpp.o
[ 50%] Building CXX object CMakeFiles/trmm.dir/linear-algebra/blas/trmm/trmm.cpp.o
[ 50%] Building CXX object CMakeFiles/gesummv.dir/linear-algebra/blas/gesummv/gesummv.cpp.o
[ 50%] Building CXX object CMakeFiles/ludcmp.dir/linear-algebra/solvers/ludcmp/ludcmp.cpp.o
[ 50%] Building CXX object CMakeFiles/mvt.dir/linear-algebra/kernels/mvt/mvt.cpp.o
[ 50%] Building CXX object CMakeFiles/atax.dir/linear-algebra/kernels/atax/atax.cpp.o
[ 50%] Building CXX object CMakeFiles/durbin.dir/linear-algebra/solvers/durbin/durbin.cpp.o
[ 50%] Building CXX object CMakeFiles/3mm.dir/linear-algebra/kernels/3mm/3mm.cpp.o
[ 50%] Building CXX object CMakeFiles/2mm.dir/linear-algebra/kernels/2mm/2mm.cpp.o
[ 50%] Building CXX object CMakeFiles/deriche.dir/medley/deriche/deriche.cpp.o
[ 50%] Building CXX object CMakeFiles/gramschmidt.dir/linear-algebra/solvers/gramschmidt/gramschmidt.cpp.o
[ 50%] Building CXX object CMakeFiles/adi.dir/stencils/adi/adi.cpp.o
[ 50%] Building CXX object CMakeFiles/trisolv.dir/linear-algebra/solvers/trisolv/trisolv.cpp.o
[ 50%] Building CXX object CMakeFiles/cholesky.dir/linear-algebra/solvers/cholesky/cholesky.cpp.o
[ 50%] Building CXX object CMakeFiles/jacobi-2d.dir/stencils/jacobi-2d/jacobi-2d.cpp.o
[ 50%] Building CXX object CMakeFiles/lu.dir/linear-algebra/solvers/lu/lu.cpp.o
[ 50%] Building CXX object CMakeFiles/nussinov.dir/medley/nussinov/nussinov.cpp.o
[ 50%] Building CXX object CMakeFiles/floyd-warshall.dir/medley/floyd-warshall/floyd-warshall.cpp.o
[ 50%] Building CXX object CMakeFiles/jacobi-1d.dir/stencils/jacobi-1d/jacobi-1d.cpp.o
[ 50%] Building CXX object CMakeFiles/fdtd-2d.dir/stencils/fdtd-2d/fdtd-2d.cpp.o
[ 50%] Building CXX object CMakeFiles/heat-3d.dir/stencils/heat-3d/heat-3d.cpp.o
[ 50%] Building CXX object CMakeFiles/seidel-2d.dir/stencils/seidel-2d/seidel-2d.cpp.o
[ 53%] Linking CXX executable cholesky
[ 53%] Linking CXX executable nussinov
[ 55%] Linking CXX executable jacobi-1d
[ 56%] Linking CXX executable durbin
[ 56%] Built target jacobi-1d
[ 58%] Linking CXX executable trisolv
[ 58%] Built target durbin
[ 60%] Linking CXX executable gesummv
[ 61%] Linking CXX executable bicg
[ 61%] Built target trisolv
[ 63%] Linking CXX executable floyd-warshall
[ 65%] Linking CXX executable jacobi-2d
[ 66%] Linking CXX executable seidel-2d
[ 66%] Built target gesummv
[ 66%] Built target bicg
[ 70%] Linking CXX executable adi
[ 70%] Linking CXX executable mvt
[ 70%] Built target floyd-warshall
[ 70%] Built target jacobi-2d
[ 70%] Built target seidel-2d
[ 73%] Linking CXX executable atax
[ 73%] Linking CXX executable deriche
[ 73%] Built target adi
[ 73%] Built target mvt
[ 73%] Built target atax
[ 73%] Built target deriche
[ 75%] Linking CXX executable lu
[ 76%] Linking CXX executable symm
[ 80%] Linking CXX executable syr2k
[ 80%] Linking CXX executable doitgen
[ 81%] Linking CXX executable syrk
[ 83%] Linking CXX executable gemver
[ 83%] Built target lu
[ 85%] Linking CXX executable heat-3d
[ 85%] Built target symm
[ 86%] Linking CXX executable trmm
[ 88%] Linking CXX executable gemm
[ 88%] Built target doitgen
[ 88%] Built target syr2k
[ 88%] Built target syrk
[ 88%] Built target gemver
[ 90%] Linking CXX executable gramschmidt
[ 90%] Built target heat-3d
[ 90%] Built target trmm
[ 91%] Linking CXX executable ludcmp
[ 91%] Built target gemm
[ 91%] Built target gramschmidt
[ 91%] Built target ludcmp
[ 93%] Linking CXX executable correlation
[ 95%] Linking CXX executable covariance
[ 95%] Built target correlation
[ 95%] Built target covariance
[ 96%] Linking CXX executable 2mm
[ 96%] Built target 2mm
[ 98%] Linking CXX executable 3mm
[ 98%] Built target 3mm
noarr,all_hints,2mm,0.658559,3.940,valid,3,LARGE,DOUBLE
noarr,all_hints,2mm,1,0.657235,3,LARGE,DOUBLE
noarr,all_hints,2mm,2,0.657405,3,LARGE,DOUBLE
noarr,all_hints,2mm,3,0.658626,3,LARGE,DOUBLE
noarr,all_hints,2mm,4,0.658418,3,LARGE,DOUBLE
noarr,all_hints,2mm,5,0.658263,3,LARGE,DOUBLE
noarr,all_hints,3mm,0.036482,107.820,valid,3,LARGE,DOUBLE
noarr,all_hints,3mm,1,0.036204,3,LARGE,DOUBLE
noarr,all_hints,3mm,2,0.037125,3,LARGE,DOUBLE
noarr,all_hints,3mm,3,0.036525,3,LARGE,DOUBLE
noarr,all_hints,3mm,4,0.036748,3,LARGE,DOUBLE
noarr,all_hints,3mm,5,0.036440,3,LARGE,DOUBLE
noarr,all_hints,adi,0.802292,12.958,valid,3,LARGE,DOUBLE
noarr,all_hints,adi,1,0.812008,3,LARGE,DOUBLE
noarr,all_hints,adi,2,0.804433,3,LARGE,DOUBLE
noarr,all_hints,adi,3,0.800708,3,LARGE,DOUBLE
noarr,all_hints,adi,4,0.792994,3,LARGE,DOUBLE
noarr,all_hints,adi,5,0.802513,3,LARGE,DOUBLE
noarr,all_hints,atax,0.005049,1.697,valid,3,LARGE,DOUBLE
noarr,all_hints,atax,1,0.005039,3,LARGE,DOUBLE
noarr,all_hints,atax,2,0.004880,3,LARGE,DOUBLE
noarr,all_hints,atax,3,0.004910,3,LARGE,DOUBLE
noarr,all_hints,atax,4,0.004976,3,LARGE,DOUBLE
noarr,all_hints,atax,5,0.004976,3,LARGE,DOUBLE
noarr,all_hints,bicg,0.006893,2.121,valid,3,LARGE,DOUBLE
noarr,all_hints,bicg,1,0.006806,3,LARGE,DOUBLE
noarr,all_hints,bicg,2,0.006826,3,LARGE,DOUBLE
noarr,all_hints,bicg,3,0.006828,3,LARGE,DOUBLE
noarr,all_hints,bicg,4,0.006812,3,LARGE,DOUBLE
noarr,all_hints,bicg,5,0.006858,3,LARGE,DOUBLE
noarr,all_hints,cholesky,,,compile_error,3,LARGE,DOUBLE
noarr,all_hints,correlation,1.683096,1.014,valid,3,LARGE,DOUBLE
noarr,all_hints,correlation,1,1.678707,3,LARGE,DOUBLE
noarr,all_hints,correlation,2,1.671206,3,LARGE,DOUBLE
noarr,all_hints,correlation,3,1.671408,3,LARGE,DOUBLE
noarr,all_hints,correlation,4,1.671132,3,LARGE,DOUBLE
noarr,all_hints,correlation,5,1.671337,3,LARGE,DOUBLE
noarr,all_hints,covariance,0.438562,3.898,valid,3,LARGE,DOUBLE
noarr,all_hints,covariance,1,0.436393,3,LARGE,DOUBLE
noarr,all_hints,covariance,2,0.440210,3,LARGE,DOUBLE
noarr,all_hints,covariance,3,0.439787,3,LARGE,DOUBLE
noarr,all_hints,covariance,4,0.443641,3,LARGE,DOUBLE
noarr,all_hints,covariance,5,0.440008,3,LARGE,DOUBLE
noarr,all_hints,deriche,0.293839,0.766,valid,3,LARGE,DOUBLE
noarr,all_hints,deriche,1,0.287703,3,LARGE,DOUBLE
noarr,all_hints,deriche,2,0.285985,3,LARGE,DOUBLE
noarr,all_hints,deriche,3,0.285214,3,LARGE,DOUBLE
noarr,all_hints,deriche,4,0.288290,3,LARGE,DOUBLE
noarr,all_hints,deriche,5,0.285484,3,LARGE,DOUBLE
noarr,all_hints,doitgen,0.149933,4.974,valid,3,LARGE,DOUBLE
noarr,all_hints,doitgen,1,0.149928,3,LARGE,DOUBLE
noarr,all_hints,doitgen,2,0.149534,3,LARGE,DOUBLE
noarr,all_hints,doitgen,3,0.149960,3,LARGE,DOUBLE
noarr,all_hints,doitgen,4,0.149870,3,LARGE,DOUBLE
noarr,all_hints,doitgen,5,0.149773,3,LARGE,DOUBLE
noarr,all_hints,durbin,0.003777,1.011,valid,3,LARGE,DOUBLE
noarr,all_hints,durbin,1,0.003763,3,LARGE,DOUBLE
noarr,all_hints,durbin,2,0.003773,3,LARGE,DOUBLE
noarr,all_hints,durbin,3,0.003815,3,LARGE,DOUBLE
noarr,all_hints,durbin,4,0.003784,3,LARGE,DOUBLE
noarr,all_hints,durbin,5,0.003771,3,LARGE,DOUBLE
noarr,all_hints,fdtd-2d,,,compile_error,3,LARGE,DOUBLE
noarr,all_hints,floyd-warshall,0.757041,29.622,valid,3,LARGE,DOUBLE
noarr,all_hints,floyd-warshall,1,0.616847,3,LARGE,DOUBLE
noarr,all_hints,floyd-warshall,2,0.686461,3,LARGE,DOUBLE
noarr,all_hints,floyd-warshall,3,0.619649,3,LARGE,DOUBLE
noarr,all_hints,floyd-warshall,4,0.641904,3,LARGE,DOUBLE
noarr,all_hints,floyd-warshall,5,0.636566,3,LARGE,DOUBLE
noarr,all_hints,gemm,1.910457,0.236,valid,3,LARGE,DOUBLE
noarr,all_hints,gemm,1,1.907521,3,LARGE,DOUBLE
noarr,all_hints,gemm,2,1.917055,3,LARGE,DOUBLE
noarr,all_hints,gemm,3,1.910202,3,LARGE,DOUBLE
noarr,all_hints,gemm,4,1.907193,3,LARGE,DOUBLE
noarr,all_hints,gemm,5,1.913104,3,LARGE,DOUBLE
noarr,all_hints,gemver,0.008801,1.990,valid,3,LARGE,DOUBLE
noarr,all_hints,gemver,1,0.008775,3,LARGE,DOUBLE
noarr,all_hints,gemver,2,0.008699,3,LARGE,DOUBLE
noarr,all_hints,gemver,3,0.008594,3,LARGE,DOUBLE
noarr,all_hints,gemver,4,0.008745,3,LARGE,DOUBLE
noarr,all_hints,gemver,5,0.008565,3,LARGE,DOUBLE
noarr,all_hints,gesummv,0.002758,2.276,valid,3,LARGE,DOUBLE
noarr,all_hints,gesummv,1,0.002693,3,LARGE,DOUBLE
noarr,all_hints,gesummv,2,0.002625,3,LARGE,DOUBLE
noarr,all_hints,gesummv,3,0.002673,3,LARGE,DOUBLE
noarr,all_hints,gesummv,4,0.002682,3,LARGE,DOUBLE
noarr,all_hints,gesummv,5,0.002765,3,LARGE,DOUBLE
noarr,all_hints,gramschmidt,1.370436,,validity_error,3,LARGE,DOUBLE
noarr,all_hints,heat-3d,1.522694,1.283,valid,3,LARGE,DOUBLE
noarr,all_hints,heat-3d,1,1.612624,3,LARGE,DOUBLE
noarr,all_hints,heat-3d,2,1.639770,3,LARGE,DOUBLE
noarr,all_hints,heat-3d,3,1.625858,3,LARGE,DOUBLE
noarr,all_hints,heat-3d,4,1.418786,3,LARGE,DOUBLE
noarr,all_hints,heat-3d,5,1.642266,3,LARGE,DOUBLE
noarr,all_hints,jacobi-1d,0.000675,1.388,valid,3,LARGE,DOUBLE
noarr,all_hints,jacobi-1d,1,0.000682,3,LARGE,DOUBLE
noarr,all_hints,jacobi-1d,2,0.000676,3,LARGE,DOUBLE
noarr,all_hints,jacobi-1d,3,0.000675,3,LARGE,DOUBLE
noarr,all_hints,jacobi-1d,4,0.000683,3,LARGE,DOUBLE
noarr,all_hints,jacobi-1d,5,0.000683,3,LARGE,DOUBLE
noarr,all_hints,jacobi-2d,0.186972,8.823,valid,3,LARGE,DOUBLE
noarr,all_hints,jacobi-2d,1,0.184349,3,LARGE,DOUBLE
noarr,all_hints,jacobi-2d,2,0.184562,3,LARGE,DOUBLE
noarr,all_hints,jacobi-2d,3,0.188476,3,LARGE,DOUBLE
noarr,all_hints,jacobi-2d,4,0.179386,3,LARGE,DOUBLE
noarr,all_hints,jacobi-2d,5,0.186007,3,LARGE,DOUBLE
noarr,all_hints,lu,2.918678,1.495,valid,3,LARGE,DOUBLE
noarr,all_hints,lu,1,2.871336,3,LARGE,DOUBLE
noarr,all_hints,lu,2,2.877310,3,LARGE,DOUBLE
noarr,all_hints,lu,3,2.871921,3,LARGE,DOUBLE
noarr,all_hints,lu,4,2.879777,3,LARGE,DOUBLE
noarr,all_hints,lu,5,2.872049,3,LARGE,DOUBLE
noarr,all_hints,ludcmp,4.369701,1.013,valid,3,LARGE,DOUBLE
noarr,all_hints,ludcmp,1,4.410078,3,LARGE,DOUBLE
noarr,all_hints,ludcmp,2,4.411937,3,LARGE,DOUBLE
noarr,all_hints,ludcmp,3,4.410455,3,LARGE,DOUBLE
noarr,all_hints,ludcmp,4,4.360866,3,LARGE,DOUBLE
noarr,all_hints,ludcmp,5,4.411448,3,LARGE,DOUBLE
noarr,all_hints,mvt,0.007301,1.996,valid,3,LARGE,DOUBLE
noarr,all_hints,mvt,1,0.007364,3,LARGE,DOUBLE
noarr,all_hints,mvt,2,0.007340,3,LARGE,DOUBLE
noarr,all_hints,mvt,3,0.007244,3,LARGE,DOUBLE
noarr,all_hints,mvt,4,0.007216,3,LARGE,DOUBLE
noarr,all_hints,mvt,5,0.007192,3,LARGE,DOUBLE
noarr,all_hints,nussinov,,,compile_error,3,LARGE,DOUBLE
noarr,all_hints,seidel-2d,21.464519,1.266,valid,3,LARGE,DOUBLE
noarr,all_hints,seidel-2d,1,21.463276,3,LARGE,DOUBLE
noarr,all_hints,seidel-2d,2,21.463838,3,LARGE,DOUBLE
noarr,all_hints,seidel-2d,3,21.464921,3,LARGE,DOUBLE
noarr,all_hints,seidel-2d,4,21.464875,3,LARGE,DOUBLE
noarr,all_hints,seidel-2d,5,21.464119,3,LARGE,DOUBLE
noarr,all_hints,symm,0.044444,35.820,valid,3,LARGE,DOUBLE
noarr,all_hints,symm,1,0.044981,3,LARGE,DOUBLE
noarr,all_hints,symm,2,0.044499,3,LARGE,DOUBLE
noarr,all_hints,symm,3,0.044775,3,LARGE,DOUBLE
noarr,all_hints,symm,4,0.045684,3,LARGE,DOUBLE
noarr,all_hints,symm,5,0.044460,3,LARGE,DOUBLE
noarr,all_hints,syr2k,1.262781,1.046,valid,3,LARGE,DOUBLE
noarr,all_hints,syr2k,1,1.257351,3,LARGE,DOUBLE
noarr,all_hints,syr2k,2,1.261834,3,LARGE,DOUBLE
noarr,all_hints,syr2k,3,1.257353,3,LARGE,DOUBLE
noarr,all_hints,syr2k,4,1.258080,3,LARGE,DOUBLE
noarr,all_hints,syr2k,5,1.258453,3,LARGE,DOUBLE
noarr,all_hints,syrk,0.598127,1.100,valid,3,LARGE,DOUBLE
noarr,all_hints,syrk,1,0.596949,3,LARGE,DOUBLE
noarr,all_hints,syrk,2,0.596879,3,LARGE,DOUBLE
noarr,all_hints,syrk,3,0.595059,3,LARGE,DOUBLE
noarr,all_hints,syrk,4,0.594958,3,LARGE,DOUBLE
noarr,all_hints,syrk,5,0.595769,3,LARGE,DOUBLE
noarr,all_hints,trisolv,0.003177,0.975,valid,3,LARGE,DOUBLE
noarr,all_hints,trisolv,1,0.003165,3,LARGE,DOUBLE
noarr,all_hints,trisolv,2,0.003104,3,LARGE,DOUBLE
noarr,all_hints,trisolv,3,0.003179,3,LARGE,DOUBLE
noarr,all_hints,trisolv,4,0.003111,3,LARGE,DOUBLE
noarr,all_hints,trisolv,5,0.003134,3,LARGE,DOUBLE
noarr,all_hints,trmm,0.241803,4.104,valid,3,LARGE,DOUBLE
noarr,all_hints,trmm,1,0.241063,3,LARGE,DOUBLE
noarr,all_hints,trmm,2,0.240057,3,LARGE,DOUBLE
noarr,all_hints,trmm,3,0.241443,3,LARGE,DOUBLE
noarr,all_hints,trmm,4,0.241086,3,LARGE,DOUBLE
noarr,all_hints,trmm,5,0.241726,3,LARGE,DOUBLE
-- The CXX compiler identification is GNU 15.2.0
-- Detecting CXX compiler ABI info
-- Detecting CXX compiler ABI info - done
-- Check for working CXX compiler: /usr/local/latestgcc/bin/g++ - skipped
-- Detecting CXX compile features
-- Detecting CXX compile features - done
-- Using NOARR_STRUCTURES_DIR from environment: /home/kleplj/all_hints/submodules/noarr-structures
-- Configuring done (0.4s)
-- Generating done (0.8s)
-- Build files have been written to: /home/kleplj/all_hints/optimization/all_hints/PolybenchC-Noarr/build
[  6%] Building CXX object CMakeFiles/gemver.dir/linear-algebra/blas/gemver/gemver.cpp.o
[  8%] Building CXX object CMakeFiles/covariance.dir/datamining/covariance/covariance.cpp.o
[  8%] Building CXX object CMakeFiles/gemm.dir/linear-algebra/blas/gemm/gemm.cpp.o
[  8%] Building CXX object CMakeFiles/syr2k.dir/linear-algebra/blas/syr2k/syr2k.cpp.o
[ 11%] Building CXX object CMakeFiles/symm.dir/linear-algebra/blas/symm/symm.cpp.o
[ 21%] Building CXX object CMakeFiles/2mm.dir/linear-algebra/kernels/2mm/2mm.cpp.o
[ 25%] Building CXX object CMakeFiles/bicg.dir/linear-algebra/kernels/bicg/bicg.cpp.o
[ 25%] Building CXX object CMakeFiles/atax.dir/linear-algebra/kernels/atax/atax.cpp.o
[ 25%] Building CXX object CMakeFiles/trmm.dir/linear-algebra/blas/trmm/trmm.cpp.o
[ 25%] Building CXX object CMakeFiles/gesummv.dir/linear-algebra/blas/gesummv/gesummv.cpp.o
[ 25%] Building CXX object CMakeFiles/syrk.dir/linear-algebra/blas/syrk/syrk.cpp.o
[ 25%] Building CXX object CMakeFiles/correlation.dir/datamining/correlation/correlation.cpp.o
[ 25%] Building CXX object CMakeFiles/3mm.dir/linear-algebra/kernels/3mm/3mm.cpp.o
[ 50%] Building CXX object CMakeFiles/deriche.dir/medley/deriche/deriche.cpp.o
[ 50%] Building CXX object CMakeFiles/jacobi-1d.dir/stencils/jacobi-1d/jacobi-1d.cpp.o
[ 50%] Building CXX object CMakeFiles/adi.dir/stencils/adi/adi.cpp.o
[ 50%] Building CXX object CMakeFiles/nussinov.dir/medley/nussinov/nussinov.cpp.o
[ 50%] Building CXX object CMakeFiles/gramschmidt.dir/linear-algebra/solvers/gramschmidt/gramschmidt.cpp.o
[ 50%] Building CXX object CMakeFiles/doitgen.dir/linear-algebra/kernels/doitgen/doitgen.cpp.o
[ 50%] Building CXX object CMakeFiles/lu.dir/linear-algebra/solvers/lu/lu.cpp.o
[ 50%] Building CXX object CMakeFiles/mvt.dir/linear-algebra/kernels/mvt/mvt.cpp.o
[ 50%] Building CXX object CMakeFiles/fdtd-2d.dir/stencils/fdtd-2d/fdtd-2d.cpp.o
[ 50%] Building CXX object CMakeFiles/heat-3d.dir/stencils/heat-3d/heat-3d.cpp.o
[ 50%] Building CXX object CMakeFiles/floyd-warshall.dir/medley/floyd-warshall/floyd-warshall.cpp.o
[ 50%] Building CXX object CMakeFiles/ludcmp.dir/linear-algebra/solvers/ludcmp/ludcmp.cpp.o
[ 50%] Building CXX object CMakeFiles/cholesky.dir/linear-algebra/solvers/cholesky/cholesky.cpp.o
[ 50%] Building CXX object CMakeFiles/durbin.dir/linear-algebra/solvers/durbin/durbin.cpp.o
[ 50%] Building CXX object CMakeFiles/seidel-2d.dir/stencils/seidel-2d/seidel-2d.cpp.o
[ 50%] Building CXX object CMakeFiles/jacobi-2d.dir/stencils/jacobi-2d/jacobi-2d.cpp.o
[ 50%] Building CXX object CMakeFiles/trisolv.dir/linear-algebra/solvers/trisolv/trisolv.cpp.o
[ 53%] Linking CXX executable nussinov
[ 53%] Linking CXX executable cholesky
[ 55%] Linking CXX executable jacobi-1d
[ 56%] Linking CXX executable durbin
[ 56%] Built target jacobi-1d
[ 58%] Linking CXX executable seidel-2d
[ 58%] Built target durbin
[ 60%] Linking CXX executable floyd-warshall
[ 61%] Linking CXX executable gesummv
[ 65%] Linking CXX executable atax
[ 65%] Linking CXX executable trisolv
[ 65%] Built target seidel-2d
[ 66%] Built target floyd-warshall
[ 66%] Linking CXX executable jacobi-2d
[ 66%] Built target gesummv
[ 66%] Built target atax
[ 66%] Built target trisolv
[ 68%] Linking CXX executable adi
[ 68%] Built target jacobi-2d
[ 70%] Linking CXX executable syrk
[ 71%] Linking CXX executable mvt
[ 71%] Built target adi
[ 73%] Linking CXX executable trmm
[ 75%] Linking CXX executable lu
[ 76%] Linking CXX executable deriche
[ 76%] Built target syrk
[ 76%] Built target mvt
[ 76%] Built target trmm
[ 76%] Built target lu
[ 78%] Linking CXX executable gemver
[ 80%] Linking CXX executable symm
[ 80%] Built target deriche
[ 81%] Linking CXX executable gemm
[ 81%] Built target gemver
[ 83%] Linking CXX executable bicg
[ 83%] Built target symm
[ 85%] Linking CXX executable syr2k
[ 86%] Linking CXX executable covariance
[ 88%] Linking CXX executable heat-3d
[ 88%] Built target gemm
[ 88%] Built target bicg
[ 90%] Linking CXX executable gramschmidt
[ 91%] Linking CXX executable doitgen
[ 91%] Built target syr2k
[ 91%] Built target covariance
[ 93%] Linking CXX executable fdtd-2d
[ 93%] Built target heat-3d
[ 93%] Built target gramschmidt
[ 93%] Built target doitgen
[ 95%] Linking CXX executable ludcmp
[ 95%] Built target fdtd-2d
[ 95%] Built target ludcmp
[ 96%] Linking CXX executable correlation
[ 96%] Built target correlation
[ 98%] Linking CXX executable 2mm
[ 98%] Built target 2mm
[100%] Linking CXX executable 3mm
[100%] Built target 3mm
noarr,all_hints,2mm,0.650684,3.943,valid,4,LARGE,DOUBLE
noarr,all_hints,2mm,1,0.653648,4,LARGE,DOUBLE
noarr,all_hints,2mm,2,0.653684,4,LARGE,DOUBLE
noarr,all_hints,2mm,3,0.654892,4,LARGE,DOUBLE
noarr,all_hints,2mm,4,0.653348,4,LARGE,DOUBLE
noarr,all_hints,2mm,5,0.653936,4,LARGE,DOUBLE
noarr,all_hints,3mm,1.078790,3.635,valid,4,LARGE,DOUBLE
noarr,all_hints,3mm,1,1.079089,4,LARGE,DOUBLE
noarr,all_hints,3mm,2,1.078914,4,LARGE,DOUBLE
noarr,all_hints,3mm,3,1.080608,4,LARGE,DOUBLE
noarr,all_hints,3mm,4,1.078399,4,LARGE,DOUBLE
noarr,all_hints,3mm,5,1.079252,4,LARGE,DOUBLE
noarr,all_hints,adi,0.813368,12.775,valid,4,LARGE,DOUBLE
noarr,all_hints,adi,1,0.797905,4,LARGE,DOUBLE
noarr,all_hints,adi,2,0.809018,4,LARGE,DOUBLE
noarr,all_hints,adi,3,0.793763,4,LARGE,DOUBLE
noarr,all_hints,adi,4,0.801909,4,LARGE,DOUBLE
noarr,all_hints,adi,5,0.817051,4,LARGE,DOUBLE
noarr,all_hints,atax,0.008230,1.045,valid,4,LARGE,DOUBLE
noarr,all_hints,atax,1,0.008268,4,LARGE,DOUBLE
noarr,all_hints,atax,2,0.008277,4,LARGE,DOUBLE
noarr,all_hints,atax,3,0.008202,4,LARGE,DOUBLE
noarr,all_hints,atax,4,0.008214,4,LARGE,DOUBLE
noarr,all_hints,atax,5,0.008231,4,LARGE,DOUBLE
noarr,all_hints,bicg,0.006971,2.097,valid,4,LARGE,DOUBLE
noarr,all_hints,bicg,1,0.007063,4,LARGE,DOUBLE
noarr,all_hints,bicg,2,0.006918,4,LARGE,DOUBLE
noarr,all_hints,bicg,3,0.006977,4,LARGE,DOUBLE
noarr,all_hints,bicg,4,0.006996,4,LARGE,DOUBLE
noarr,all_hints,bicg,5,0.006939,4,LARGE,DOUBLE
noarr,all_hints,cholesky,,,compile_error,4,LARGE,DOUBLE
noarr,all_hints,correlation,1.665965,1.016,valid,4,LARGE,DOUBLE
noarr,all_hints,correlation,1,1.683549,4,LARGE,DOUBLE
noarr,all_hints,correlation,2,1.679138,4,LARGE,DOUBLE
noarr,all_hints,correlation,3,1.670202,4,LARGE,DOUBLE
noarr,all_hints,correlation,4,1.683573,4,LARGE,DOUBLE
noarr,all_hints,correlation,5,1.668698,4,LARGE,DOUBLE
noarr,all_hints,covariance,0.450685,3.796,valid,4,LARGE,DOUBLE
noarr,all_hints,covariance,1,0.440381,4,LARGE,DOUBLE
noarr,all_hints,covariance,2,0.440487,4,LARGE,DOUBLE
noarr,all_hints,covariance,3,0.440861,4,LARGE,DOUBLE
noarr,all_hints,covariance,4,0.440921,4,LARGE,DOUBLE
noarr,all_hints,covariance,5,0.440301,4,LARGE,DOUBLE
noarr,all_hints,deriche,0.066591,,validity_error,4,LARGE,DOUBLE
noarr,all_hints,doitgen,0.194033,3.836,valid,4,LARGE,DOUBLE
noarr,all_hints,doitgen,1,0.194243,4,LARGE,DOUBLE
noarr,all_hints,doitgen,2,0.194161,4,LARGE,DOUBLE
noarr,all_hints,doitgen,3,0.194174,4,LARGE,DOUBLE
noarr,all_hints,doitgen,4,0.194055,4,LARGE,DOUBLE
noarr,all_hints,doitgen,5,0.194053,4,LARGE,DOUBLE
noarr,all_hints,durbin,0.002108,1.826,valid,4,LARGE,DOUBLE
noarr,all_hints,durbin,1,0.002102,4,LARGE,DOUBLE
noarr,all_hints,durbin,2,0.002102,4,LARGE,DOUBLE
noarr,all_hints,durbin,3,0.002102,4,LARGE,DOUBLE
noarr,all_hints,durbin,4,0.002099,4,LARGE,DOUBLE
noarr,all_hints,durbin,5,0.002105,4,LARGE,DOUBLE
noarr,all_hints,fdtd-2d,0.151971,11.374,valid,4,LARGE,DOUBLE
noarr,all_hints,fdtd-2d,1,0.153403,4,LARGE,DOUBLE
noarr,all_hints,fdtd-2d,2,0.146758,4,LARGE,DOUBLE
noarr,all_hints,fdtd-2d,3,0.143258,4,LARGE,DOUBLE
noarr,all_hints,fdtd-2d,4,0.152328,4,LARGE,DOUBLE
noarr,all_hints,fdtd-2d,5,0.152162,4,LARGE,DOUBLE
noarr,all_hints,floyd-warshall,15.718242,1.432,valid,4,LARGE,DOUBLE
noarr,all_hints,floyd-warshall,1,15.929696,4,LARGE,DOUBLE
noarr,all_hints,floyd-warshall,2,15.925004,4,LARGE,DOUBLE
noarr,all_hints,floyd-warshall,3,15.681259,4,LARGE,DOUBLE
noarr,all_hints,floyd-warshall,4,15.653504,4,LARGE,DOUBLE
noarr,all_hints,floyd-warshall,5,15.936879,4,LARGE,DOUBLE
noarr,all_hints,gemm,0.528093,0.857,valid,4,LARGE,DOUBLE
noarr,all_hints,gemm,1,0.523484,4,LARGE,DOUBLE
noarr,all_hints,gemm,2,0.527277,4,LARGE,DOUBLE
noarr,all_hints,gemm,3,0.526914,4,LARGE,DOUBLE
noarr,all_hints,gemm,4,0.526794,4,LARGE,DOUBLE
noarr,all_hints,gemm,5,0.526385,4,LARGE,DOUBLE
noarr,all_hints,gemver,0.017980,0.988,valid,4,LARGE,DOUBLE
noarr,all_hints,gemver,1,0.017847,4,LARGE,DOUBLE
noarr,all_hints,gemver,2,0.017778,4,LARGE,DOUBLE
noarr,all_hints,gemver,3,0.017858,4,LARGE,DOUBLE
noarr,all_hints,gemver,4,0.017564,4,LARGE,DOUBLE
noarr,all_hints,gemver,5,0.017794,4,LARGE,DOUBLE
noarr,all_hints,gesummv,0.002737,2.293,valid,4,LARGE,DOUBLE
noarr,all_hints,gesummv,1,0.002737,4,LARGE,DOUBLE
noarr,all_hints,gesummv,2,0.002757,4,LARGE,DOUBLE
noarr,all_hints,gesummv,3,0.002702,4,LARGE,DOUBLE
noarr,all_hints,gesummv,4,0.002741,4,LARGE,DOUBLE
noarr,all_hints,gesummv,5,0.002659,4,LARGE,DOUBLE
noarr,all_hints,gramschmidt,0.084475,,validity_error,4,LARGE,DOUBLE
noarr,all_hints,heat-3d,1.399007,1.393,valid,4,LARGE,DOUBLE
noarr,all_hints,heat-3d,1,1.465891,4,LARGE,DOUBLE
noarr,all_hints,heat-3d,2,1.439031,4,LARGE,DOUBLE
noarr,all_hints,heat-3d,3,1.430653,4,LARGE,DOUBLE
noarr,all_hints,heat-3d,4,1.398938,4,LARGE,DOUBLE
noarr,all_hints,heat-3d,5,1.765619,4,LARGE,DOUBLE
noarr,all_hints,jacobi-1d,0.028470,0.033,valid,4,LARGE,DOUBLE
noarr,all_hints,jacobi-1d,1,0.028181,4,LARGE,DOUBLE
noarr,all_hints,jacobi-1d,2,0.027885,4,LARGE,DOUBLE
noarr,all_hints,jacobi-1d,3,0.026871,4,LARGE,DOUBLE
noarr,all_hints,jacobi-1d,4,0.027723,4,LARGE,DOUBLE
noarr,all_hints,jacobi-1d,5,0.027262,4,LARGE,DOUBLE
noarr,all_hints,jacobi-2d,0.190788,8.581,valid,4,LARGE,DOUBLE
noarr,all_hints,jacobi-2d,1,0.184930,4,LARGE,DOUBLE
noarr,all_hints,jacobi-2d,2,0.191731,4,LARGE,DOUBLE
noarr,all_hints,jacobi-2d,3,0.192670,4,LARGE,DOUBLE
noarr,all_hints,jacobi-2d,4,0.192821,4,LARGE,DOUBLE
noarr,all_hints,jacobi-2d,5,0.190760,4,LARGE,DOUBLE
noarr,all_hints,lu,4.436378,0.998,valid,4,LARGE,DOUBLE
noarr,all_hints,lu,1,4.393571,4,LARGE,DOUBLE
noarr,all_hints,lu,2,4.409624,4,LARGE,DOUBLE
noarr,all_hints,lu,3,4.410078,4,LARGE,DOUBLE
noarr,all_hints,lu,4,4.411525,4,LARGE,DOUBLE
noarr,all_hints,lu,5,4.409181,4,LARGE,DOUBLE
noarr,all_hints,ludcmp,4.414571,0.994,valid,4,LARGE,DOUBLE
noarr,all_hints,ludcmp,1,4.428288,4,LARGE,DOUBLE
noarr,all_hints,ludcmp,2,4.356669,4,LARGE,DOUBLE
noarr,all_hints,ludcmp,3,4.396863,4,LARGE,DOUBLE
noarr,all_hints,ludcmp,4,4.360528,4,LARGE,DOUBLE
noarr,all_hints,ludcmp,5,4.353661,4,LARGE,DOUBLE
noarr,all_hints,mvt,0.004972,2.954,valid,4,LARGE,DOUBLE
noarr,all_hints,mvt,1,0.005017,4,LARGE,DOUBLE
noarr,all_hints,mvt,2,0.004885,4,LARGE,DOUBLE
noarr,all_hints,mvt,3,0.004905,4,LARGE,DOUBLE
noarr,all_hints,mvt,4,0.004871,4,LARGE,DOUBLE
noarr,all_hints,mvt,5,0.004840,4,LARGE,DOUBLE
noarr,all_hints,nussinov,,,compile_error,4,LARGE,DOUBLE
noarr,all_hints,seidel-2d,20.024353,1.357,valid,4,LARGE,DOUBLE
noarr,all_hints,seidel-2d,1,20.025040,4,LARGE,DOUBLE
noarr,all_hints,seidel-2d,2,20.023373,4,LARGE,DOUBLE
noarr,all_hints,seidel-2d,3,20.024836,4,LARGE,DOUBLE
noarr,all_hints,seidel-2d,4,20.025290,4,LARGE,DOUBLE
noarr,all_hints,seidel-2d,5,20.022683,4,LARGE,DOUBLE
noarr,all_hints,symm,0.021036,74.362,valid,4,LARGE,DOUBLE
noarr,all_hints,symm,1,0.020950,4,LARGE,DOUBLE
noarr,all_hints,symm,2,0.020314,4,LARGE,DOUBLE
noarr,all_hints,symm,3,0.020868,4,LARGE,DOUBLE
noarr,all_hints,symm,4,0.020147,4,LARGE,DOUBLE
noarr,all_hints,symm,5,0.020539,4,LARGE,DOUBLE
noarr,all_hints,syr2k,1.671602,0.793,valid,4,LARGE,DOUBLE
noarr,all_hints,syr2k,1,1.691161,4,LARGE,DOUBLE
noarr,all_hints,syr2k,2,1.671940,4,LARGE,DOUBLE
noarr,all_hints,syr2k,3,1.672104,4,LARGE,DOUBLE
noarr,all_hints,syr2k,4,1.671802,4,LARGE,DOUBLE
noarr,all_hints,syr2k,5,1.691031,4,LARGE,DOUBLE
noarr,all_hints,syrk,1.015241,0.647,valid,4,LARGE,DOUBLE
noarr,all_hints,syrk,1,1.014984,4,LARGE,DOUBLE
noarr,all_hints,syrk,2,1.014690,4,LARGE,DOUBLE
noarr,all_hints,syrk,3,1.014141,4,LARGE,DOUBLE
noarr,all_hints,syrk,4,1.015027,4,LARGE,DOUBLE
noarr,all_hints,syrk,5,1.014626,4,LARGE,DOUBLE
noarr,all_hints,trisolv,0.003128,1.003,valid,4,LARGE,DOUBLE
noarr,all_hints,trisolv,1,0.003119,4,LARGE,DOUBLE
noarr,all_hints,trisolv,2,0.003179,4,LARGE,DOUBLE
noarr,all_hints,trisolv,3,0.003106,4,LARGE,DOUBLE
noarr,all_hints,trisolv,4,0.003158,4,LARGE,DOUBLE
noarr,all_hints,trisolv,5,0.003100,4,LARGE,DOUBLE
noarr,all_hints,trmm,0.215394,4.641,valid,4,LARGE,DOUBLE
noarr,all_hints,trmm,1,0.211851,4,LARGE,DOUBLE
noarr,all_hints,trmm,2,0.212419,4,LARGE,DOUBLE
noarr,all_hints,trmm,3,0.214679,4,LARGE,DOUBLE
noarr,all_hints,trmm,4,0.211701,4,LARGE,DOUBLE
noarr,all_hints,trmm,5,0.211410,4,LARGE,DOUBLE
-- The CXX compiler identification is GNU 15.2.0
-- Detecting CXX compiler ABI info
-- Detecting CXX compiler ABI info - done
-- Check for working CXX compiler: /usr/local/latestgcc/bin/g++ - skipped
-- Detecting CXX compile features
-- Detecting CXX compile features - done
-- Using NOARR_STRUCTURES_DIR from environment: /home/kleplj/all_hints/submodules/noarr-structures
-- Configuring done (0.4s)
-- Generating done (0.8s)
-- Build files have been written to: /home/kleplj/all_hints/optimization/all_hints/PolybenchC-Noarr/build
[  8%] Building CXX object CMakeFiles/correlation.dir/datamining/correlation/correlation.cpp.o
[  8%] Building CXX object CMakeFiles/gemm.dir/linear-algebra/blas/gemm/gemm.cpp.o
[ 13%] Building CXX object CMakeFiles/gemver.dir/linear-algebra/blas/gemver/gemver.cpp.o
[ 13%] Building CXX object CMakeFiles/covariance.dir/datamining/covariance/covariance.cpp.o
[ 13%] Building CXX object CMakeFiles/gesummv.dir/linear-algebra/blas/gesummv/gesummv.cpp.o
[ 20%] Building CXX object CMakeFiles/symm.dir/linear-algebra/blas/symm/symm.cpp.o
[ 20%] Building CXX object CMakeFiles/syrk.dir/linear-algebra/blas/syrk/syrk.cpp.o
[ 20%] Building CXX object CMakeFiles/trmm.dir/linear-algebra/blas/trmm/trmm.cpp.o
[ 20%] Building CXX object CMakeFiles/3mm.dir/linear-algebra/kernels/3mm/3mm.cpp.o
[ 20%] Building CXX object CMakeFiles/2mm.dir/linear-algebra/kernels/2mm/2mm.cpp.o
[ 33%] Building CXX object CMakeFiles/ludcmp.dir/linear-algebra/solvers/ludcmp/ludcmp.cpp.o
[ 33%] Building CXX object CMakeFiles/atax.dir/linear-algebra/kernels/atax/atax.cpp.o
[ 50%] Building CXX object CMakeFiles/mvt.dir/linear-algebra/kernels/mvt/mvt.cpp.o
[ 50%] Building CXX object CMakeFiles/gramschmidt.dir/linear-algebra/solvers/gramschmidt/gramschmidt.cpp.o
[ 50%] Building CXX object CMakeFiles/deriche.dir/medley/deriche/deriche.cpp.o
[ 50%] Building CXX object CMakeFiles/syr2k.dir/linear-algebra/blas/syr2k/syr2k.cpp.o
[ 50%] Building CXX object CMakeFiles/durbin.dir/linear-algebra/solvers/durbin/durbin.cpp.o
[ 50%] Building CXX object CMakeFiles/doitgen.dir/linear-algebra/kernels/doitgen/doitgen.cpp.o
[ 50%] Building CXX object CMakeFiles/bicg.dir/linear-algebra/kernels/bicg/bicg.cpp.o
[ 50%] Building CXX object CMakeFiles/nussinov.dir/medley/nussinov/nussinov.cpp.o
[ 50%] Building CXX object CMakeFiles/floyd-warshall.dir/medley/floyd-warshall/floyd-warshall.cpp.o
[ 50%] Building CXX object CMakeFiles/jacobi-2d.dir/stencils/jacobi-2d/jacobi-2d.cpp.o
[ 50%] Building CXX object CMakeFiles/cholesky.dir/linear-algebra/solvers/cholesky/cholesky.cpp.o
[ 50%] Building CXX object CMakeFiles/jacobi-1d.dir/stencils/jacobi-1d/jacobi-1d.cpp.o
[ 50%] Building CXX object CMakeFiles/heat-3d.dir/stencils/heat-3d/heat-3d.cpp.o
[ 50%] Building CXX object CMakeFiles/lu.dir/linear-algebra/solvers/lu/lu.cpp.o
[ 50%] Building CXX object CMakeFiles/seidel-2d.dir/stencils/seidel-2d/seidel-2d.cpp.o
[ 50%] Building CXX object CMakeFiles/adi.dir/stencils/adi/adi.cpp.o
[ 50%] Building CXX object CMakeFiles/trisolv.dir/linear-algebra/solvers/trisolv/trisolv.cpp.o
[ 50%] Building CXX object CMakeFiles/fdtd-2d.dir/stencils/fdtd-2d/fdtd-2d.cpp.o
[ 53%] Linking CXX executable cholesky
[ 53%] Linking CXX executable nussinov
[ 56%] Linking CXX executable jacobi-1d
[ 56%] Linking CXX executable durbin
[ 56%] Built target durbin
[ 56%] Built target jacobi-1d
[ 58%] Linking CXX executable trisolv
[ 60%] Linking CXX executable seidel-2d
[ 61%] Linking CXX executable gesummv
[ 63%] Linking CXX executable mvt
[ 65%] Linking CXX executable floyd-warshall
[ 66%] Linking CXX executable jacobi-2d
[ 68%] Linking CXX executable bicg
[ 68%] Built target trisolv
[ 68%] Built target seidel-2d
[ 68%] Built target gesummv
[ 68%] Built target mvt
[ 68%] Built target floyd-warshall
[ 68%] Built target jacobi-2d
[ 68%] Built target bicg
[ 70%] Linking CXX executable trmm
[ 71%] Linking CXX executable adi
[ 73%] Linking CXX executable lu
[ 73%] Built target trmm
[ 73%] Built target adi
[ 75%] Linking CXX executable atax
[ 76%] Linking CXX executable deriche
[ 78%] Linking CXX executable syrk
[ 78%] Built target lu
[ 81%] Linking CXX executable doitgen
[ 81%] Linking CXX executable gemver
[ 81%] Built target atax
[ 83%] Linking CXX executable fdtd-2d
[ 83%] Built target deriche
[ 83%] Built target syrk
[ 85%] Linking CXX executable gemm
[ 86%] Linking CXX executable covariance
[ 88%] Linking CXX executable heat-3d
[ 88%] Built target gemver
[ 88%] Built target doitgen
[ 88%] Built target fdtd-2d
[ 88%] Built target gemm
[ 88%] Built target covariance
[ 90%] Linking CXX executable syr2k
[ 90%] Built target heat-3d
[ 91%] Linking CXX executable gramschmidt
[ 93%] Linking CXX executable ludcmp
[ 93%] Built target syr2k
[ 93%] Built target gramschmidt
[ 95%] Linking CXX executable symm
[ 95%] Built target ludcmp
[ 95%] Built target symm
[ 96%] Linking CXX executable correlation
[ 96%] Built target correlation
[ 98%] Linking CXX executable 2mm
[ 98%] Built target 2mm
[100%] Linking CXX executable 3mm
[100%] Built target 3mm
noarr,all_hints,2mm,0.651418,3.942,valid,5,LARGE,DOUBLE
noarr,all_hints,2mm,1,0.650644,5,LARGE,DOUBLE
noarr,all_hints,2mm,2,0.648221,5,LARGE,DOUBLE
noarr,all_hints,2mm,3,0.651249,5,LARGE,DOUBLE
noarr,all_hints,2mm,4,0.648499,5,LARGE,DOUBLE
noarr,all_hints,2mm,5,0.650110,5,LARGE,DOUBLE
noarr,all_hints,3mm,3.903834,1.005,valid,5,LARGE,DOUBLE
noarr,all_hints,3mm,1,3.919088,5,LARGE,DOUBLE
noarr,all_hints,3mm,2,3.913800,5,LARGE,DOUBLE
noarr,all_hints,3mm,3,3.903864,5,LARGE,DOUBLE
noarr,all_hints,3mm,4,3.903984,5,LARGE,DOUBLE
noarr,all_hints,3mm,5,3.895218,5,LARGE,DOUBLE
noarr,all_hints,adi,9.640631,1.074,valid,5,LARGE,DOUBLE
noarr,all_hints,adi,1,9.341116,5,LARGE,DOUBLE
noarr,all_hints,adi,2,9.321140,5,LARGE,DOUBLE
noarr,all_hints,adi,3,9.466052,5,LARGE,DOUBLE
noarr,all_hints,adi,4,9.487056,5,LARGE,DOUBLE
noarr,all_hints,adi,5,9.416984,5,LARGE,DOUBLE
noarr,all_hints,atax,0.004650,1.859,valid,5,LARGE,DOUBLE
noarr,all_hints,atax,1,0.004766,5,LARGE,DOUBLE
noarr,all_hints,atax,2,0.004591,5,LARGE,DOUBLE
noarr,all_hints,atax,3,0.004692,5,LARGE,DOUBLE
noarr,all_hints,atax,4,0.004628,5,LARGE,DOUBLE
noarr,all_hints,atax,5,0.004807,5,LARGE,DOUBLE
noarr,all_hints,bicg,0.006479,2.259,valid,5,LARGE,DOUBLE
noarr,all_hints,bicg,1,0.006630,5,LARGE,DOUBLE
noarr,all_hints,bicg,2,0.006298,5,LARGE,DOUBLE
noarr,all_hints,bicg,3,0.006389,5,LARGE,DOUBLE
noarr,all_hints,bicg,4,0.006357,5,LARGE,DOUBLE
noarr,all_hints,bicg,5,0.006336,5,LARGE,DOUBLE
noarr,all_hints,cholesky,,,compile_error,5,LARGE,DOUBLE
noarr,all_hints,correlation,1.694847,0.996,valid,5,LARGE,DOUBLE
noarr,all_hints,correlation,1,1.665179,5,LARGE,DOUBLE
noarr,all_hints,correlation,2,1.664972,5,LARGE,DOUBLE
noarr,all_hints,correlation,3,1.678896,5,LARGE,DOUBLE
noarr,all_hints,correlation,4,1.660931,5,LARGE,DOUBLE
noarr,all_hints,correlation,5,1.680427,5,LARGE,DOUBLE
noarr,all_hints,covariance,2.306339,0.747,valid,5,LARGE,DOUBLE
noarr,all_hints,covariance,1,2.345999,5,LARGE,DOUBLE
noarr,all_hints,covariance,2,2.316858,5,LARGE,DOUBLE
noarr,all_hints,covariance,3,2.346654,5,LARGE,DOUBLE
noarr,all_hints,covariance,4,2.347410,5,LARGE,DOUBLE
noarr,all_hints,covariance,5,2.344258,5,LARGE,DOUBLE
noarr,all_hints,deriche,0.067006,,validity_error,5,LARGE,DOUBLE
noarr,all_hints,doitgen,0.193311,3.840,valid,5,LARGE,DOUBLE
noarr,all_hints,doitgen,1,0.193653,5,LARGE,DOUBLE
noarr,all_hints,doitgen,2,0.193726,5,LARGE,DOUBLE
noarr,all_hints,doitgen,3,0.194103,5,LARGE,DOUBLE
noarr,all_hints,doitgen,4,0.193720,5,LARGE,DOUBLE
noarr,all_hints,doitgen,5,0.193650,5,LARGE,DOUBLE
noarr,all_hints,durbin,0.003775,1.020,valid,5,LARGE,DOUBLE
noarr,all_hints,durbin,1,0.003777,5,LARGE,DOUBLE
noarr,all_hints,durbin,2,0.003781,5,LARGE,DOUBLE
noarr,all_hints,durbin,3,0.003829,5,LARGE,DOUBLE
noarr,all_hints,durbin,4,0.003764,5,LARGE,DOUBLE
noarr,all_hints,durbin,5,0.003774,5,LARGE,DOUBLE
noarr,all_hints,fdtd-2d,1.792811,0.951,valid,5,LARGE,DOUBLE
noarr,all_hints,fdtd-2d,1,1.818241,5,LARGE,DOUBLE
noarr,all_hints,fdtd-2d,2,1.763679,5,LARGE,DOUBLE
noarr,all_hints,fdtd-2d,3,1.821405,5,LARGE,DOUBLE
noarr,all_hints,fdtd-2d,4,1.761561,5,LARGE,DOUBLE
noarr,all_hints,fdtd-2d,5,1.755619,5,LARGE,DOUBLE
noarr,all_hints,floyd-warshall,15.649357,1.452,valid,5,LARGE,DOUBLE
noarr,all_hints,floyd-warshall,1,15.806827,5,LARGE,DOUBLE
noarr,all_hints,floyd-warshall,2,15.518120,5,LARGE,DOUBLE
noarr,all_hints,floyd-warshall,3,15.525315,5,LARGE,DOUBLE
noarr,all_hints,floyd-warshall,4,15.522126,5,LARGE,DOUBLE
noarr,all_hints,floyd-warshall,5,15.718479,5,LARGE,DOUBLE
noarr,all_hints,gemm,0.520580,0.861,valid,5,LARGE,DOUBLE
noarr,all_hints,gemm,1,0.535122,5,LARGE,DOUBLE
noarr,all_hints,gemm,2,0.536589,5,LARGE,DOUBLE
noarr,all_hints,gemm,3,0.537840,5,LARGE,DOUBLE
noarr,all_hints,gemm,4,0.534360,5,LARGE,DOUBLE
noarr,all_hints,gemm,5,0.538243,5,LARGE,DOUBLE
noarr,all_hints,gemver,0.006352,2.769,valid,5,LARGE,DOUBLE
noarr,all_hints,gemver,1,0.006171,5,LARGE,DOUBLE
noarr,all_hints,gemver,2,0.005967,5,LARGE,DOUBLE
noarr,all_hints,gemver,3,0.005718,5,LARGE,DOUBLE
noarr,all_hints,gemver,4,0.005796,5,LARGE,DOUBLE
noarr,all_hints,gemver,5,0.005737,5,LARGE,DOUBLE
noarr,all_hints,gesummv,0.003267,1.922,valid,5,LARGE,DOUBLE
noarr,all_hints,gesummv,1,0.003172,5,LARGE,DOUBLE
noarr,all_hints,gesummv,2,0.003178,5,LARGE,DOUBLE
noarr,all_hints,gesummv,3,0.003182,5,LARGE,DOUBLE
noarr,all_hints,gesummv,4,0.003196,5,LARGE,DOUBLE
noarr,all_hints,gesummv,5,0.003152,5,LARGE,DOUBLE
noarr,all_hints,gramschmidt,1.369506,,validity_error,5,LARGE,DOUBLE
noarr,all_hints,heat-3d,1.414319,1.373,valid,5,LARGE,DOUBLE
noarr,all_hints,heat-3d,1,1.395270,5,LARGE,DOUBLE
noarr,all_hints,heat-3d,2,1.477714,5,LARGE,DOUBLE
noarr,all_hints,heat-3d,3,1.542184,5,LARGE,DOUBLE
noarr,all_hints,heat-3d,4,1.385252,5,LARGE,DOUBLE
noarr,all_hints,heat-3d,5,1.406559,5,LARGE,DOUBLE
noarr,all_hints,jacobi-1d,0.000681,1.355,valid,5,LARGE,DOUBLE
noarr,all_hints,jacobi-1d,1,0.000672,5,LARGE,DOUBLE
noarr,all_hints,jacobi-1d,2,0.000683,5,LARGE,DOUBLE
noarr,all_hints,jacobi-1d,3,0.000679,5,LARGE,DOUBLE
noarr,all_hints,jacobi-1d,4,0.000683,5,LARGE,DOUBLE
noarr,all_hints,jacobi-1d,5,0.000673,5,LARGE,DOUBLE
noarr,all_hints,jacobi-2d,0.189606,8.645,valid,5,LARGE,DOUBLE
noarr,all_hints,jacobi-2d,1,0.188559,5,LARGE,DOUBLE
noarr,all_hints,jacobi-2d,2,0.183453,5,LARGE,DOUBLE
noarr,all_hints,jacobi-2d,3,0.189404,5,LARGE,DOUBLE
noarr,all_hints,jacobi-2d,4,0.188796,5,LARGE,DOUBLE
noarr,all_hints,jacobi-2d,5,0.190081,5,LARGE,DOUBLE
noarr,all_hints,lu,2.891755,1.528,valid,5,LARGE,DOUBLE
noarr,all_hints,lu,1,2.890514,5,LARGE,DOUBLE
noarr,all_hints,lu,2,2.892738,5,LARGE,DOUBLE
noarr,all_hints,lu,3,2.890372,5,LARGE,DOUBLE
noarr,all_hints,lu,4,2.906250,5,LARGE,DOUBLE
noarr,all_hints,lu,5,2.900573,5,LARGE,DOUBLE
noarr,all_hints,ludcmp,4.373234,1.016,valid,5,LARGE,DOUBLE
noarr,all_hints,ludcmp,1,4.477862,5,LARGE,DOUBLE
noarr,all_hints,ludcmp,2,4.468654,5,LARGE,DOUBLE
noarr,all_hints,ludcmp,3,4.483000,5,LARGE,DOUBLE
noarr,all_hints,ludcmp,4,4.404842,5,LARGE,DOUBLE
noarr,all_hints,ludcmp,5,4.421903,5,LARGE,DOUBLE
noarr,all_hints,mvt,0.006795,2.137,valid,5,LARGE,DOUBLE
noarr,all_hints,mvt,1,0.006832,5,LARGE,DOUBLE
noarr,all_hints,mvt,2,0.006830,5,LARGE,DOUBLE
noarr,all_hints,mvt,3,0.006879,5,LARGE,DOUBLE
noarr,all_hints,mvt,4,0.006852,5,LARGE,DOUBLE
noarr,all_hints,mvt,5,0.006782,5,LARGE,DOUBLE
noarr,all_hints,nussinov,,,compile_error,5,LARGE,DOUBLE
noarr,all_hints,seidel-2d,20.025100,1.357,valid,5,LARGE,DOUBLE
noarr,all_hints,seidel-2d,1,20.024125,5,LARGE,DOUBLE
noarr,all_hints,seidel-2d,2,20.022954,5,LARGE,DOUBLE
noarr,all_hints,seidel-2d,3,20.025762,5,LARGE,DOUBLE
noarr,all_hints,seidel-2d,4,20.024395,5,LARGE,DOUBLE
noarr,all_hints,seidel-2d,5,20.025156,5,LARGE,DOUBLE
noarr,all_hints,symm,0.546973,2.891,valid,5,LARGE,DOUBLE
noarr,all_hints,symm,1,0.549671,5,LARGE,DOUBLE
noarr,all_hints,symm,2,0.552288,5,LARGE,DOUBLE
noarr,all_hints,symm,3,0.546913,5,LARGE,DOUBLE
noarr,all_hints,symm,4,0.550778,5,LARGE,DOUBLE
noarr,all_hints,symm,5,0.550122,5,LARGE,DOUBLE
noarr,all_hints,syr2k,1.694150,0.781,valid,5,LARGE,DOUBLE
noarr,all_hints,syr2k,1,1.681392,5,LARGE,DOUBLE
noarr,all_hints,syr2k,2,1.692733,5,LARGE,DOUBLE
noarr,all_hints,syr2k,3,1.690089,5,LARGE,DOUBLE
noarr,all_hints,syr2k,4,1.692804,5,LARGE,DOUBLE
noarr,all_hints,syr2k,5,1.693459,5,LARGE,DOUBLE
noarr,all_hints,syrk,0.537933,1.222,valid,5,LARGE,DOUBLE
noarr,all_hints,syrk,1,0.530307,5,LARGE,DOUBLE
noarr,all_hints,syrk,2,0.538260,5,LARGE,DOUBLE
noarr,all_hints,syrk,3,0.540579,5,LARGE,DOUBLE
noarr,all_hints,syrk,4,0.542712,5,LARGE,DOUBLE
noarr,all_hints,syrk,5,0.532295,5,LARGE,DOUBLE
noarr,all_hints,trisolv,0.003198,0.986,valid,5,LARGE,DOUBLE
noarr,all_hints,trisolv,1,0.003128,5,LARGE,DOUBLE
noarr,all_hints,trisolv,2,0.003136,5,LARGE,DOUBLE
noarr,all_hints,trisolv,3,0.003107,5,LARGE,DOUBLE
noarr,all_hints,trisolv,4,0.003144,5,LARGE,DOUBLE
noarr,all_hints,trisolv,5,0.003109,5,LARGE,DOUBLE
noarr,all_hints,trmm,0.235164,4.224,valid,5,LARGE,DOUBLE
noarr,all_hints,trmm,1,0.236356,5,LARGE,DOUBLE
noarr,all_hints,trmm,2,0.235525,5,LARGE,DOUBLE
noarr,all_hints,trmm,3,0.235947,5,LARGE,DOUBLE
noarr,all_hints,trmm,4,0.235584,5,LARGE,DOUBLE
noarr,all_hints,trmm,5,0.235707,5,LARGE,DOUBLE
-- The CXX compiler identification is GNU 15.2.0
-- Detecting CXX compiler ABI info
-- Detecting CXX compiler ABI info - done
-- Check for working CXX compiler: /usr/local/latestgcc/bin/g++ - skipped
-- Detecting CXX compile features
-- Detecting CXX compile features - done
-- Found Python: /home/kleplj/all_hints/gpt-querying/.venv/bin/python3.9 (found suitable version "3.9.25", minimum required is "3") found components: Interpreter Development.Module
-- Halide 'host' platform triple:   x86-64-linux
-- Halide 'cmake' platform triple:  x86-64-linux
-- Halide default AOT target:       host
-- Found ZLIB: /usr/lib64/libz.so (found version "1.2.11")
-- Could NOT find PNG (missing: PNG_LIBRARY PNG_PNG_INCLUDE_DIR) 
-- Could NOT find JPEG (missing: JPEG_LIBRARY JPEG_INCLUDE_DIR) 
-- Configuring done (0.8s)
-- Generating done (0.8s)
-- Build files have been written to: /home/kleplj/all_hints/optimization/all_hints/PolybenchC-Halide/build
[ 15%] Building CXX object CMakeFiles/gesummv.dir/linear-algebra/blas/gesummv/gesummv.cpp.o
[ 15%] Building CXX object CMakeFiles/symm.dir/linear-algebra/blas/symm/symm.cpp.o
[ 15%] Building CXX object CMakeFiles/covariance.dir/datamining/covariance/covariance.cpp.o
[ 15%] Building CXX object CMakeFiles/gemm.dir/linear-algebra/blas/gemm/gemm.cpp.o
[ 15%] Building CXX object CMakeFiles/syr2k.dir/linear-algebra/blas/syr2k/syr2k.cpp.o
[ 15%] Building CXX object CMakeFiles/correlation.dir/datamining/correlation/correlation.cpp.o
[ 15%] Building CXX object CMakeFiles/gemver.dir/linear-algebra/blas/gemver/gemver.cpp.o
[ 30%] Building CXX object CMakeFiles/2mm.dir/linear-algebra/kernels/2mm/2mm.cpp.o
[ 30%] Building CXX object CMakeFiles/trmm.dir/linear-algebra/blas/trmm/trmm.cpp.o
[ 50%] Building CXX object CMakeFiles/3mm.dir/linear-algebra/kernels/3mm/3mm.cpp.o
[ 50%] Building CXX object CMakeFiles/doitgen.dir/linear-algebra/kernels/doitgen/doitgen.cpp.o
[ 50%] Building CXX object CMakeFiles/trisolv.dir/linear-algebra/solvers/trisolv/trisolv.cpp.o
[ 50%] Building CXX object CMakeFiles/lu.dir/linear-algebra/solvers/lu/lu.cpp.o
[ 50%] Building CXX object CMakeFiles/atax.dir/linear-algebra/kernels/atax/atax.cpp.o
[ 50%] Building CXX object CMakeFiles/adi.dir/stencils/adi/adi.cpp.o
[ 50%] Building CXX object CMakeFiles/fdtd-2d.dir/stencils/fdtd-2d/fdtd-2d.cpp.o
[ 50%] Building CXX object CMakeFiles/gramschmidt.dir/linear-algebra/solvers/gramschmidt/gramschmidt.cpp.o
[ 50%] Building CXX object CMakeFiles/bicg.dir/linear-algebra/kernels/bicg/bicg.cpp.o
[ 50%] Building CXX object CMakeFiles/nussinov.dir/medley/nussinov/nussinov.cpp.o
[ 50%] Building CXX object CMakeFiles/heat-3d.dir/stencils/heat-3d/heat-3d.cpp.o
[ 50%] Building CXX object CMakeFiles/ludcmp.dir/linear-algebra/solvers/ludcmp/ludcmp.cpp.o
[ 50%] Building CXX object CMakeFiles/syrk.dir/linear-algebra/blas/syrk/syrk.cpp.o
[ 50%] Building CXX object CMakeFiles/jacobi-1d.dir/stencils/jacobi-1d/jacobi-1d.cpp.o
[ 50%] Building CXX object CMakeFiles/jacobi-2d.dir/stencils/jacobi-2d/jacobi-2d.cpp.o
[ 50%] Building CXX object CMakeFiles/mvt.dir/linear-algebra/kernels/mvt/mvt.cpp.o
[ 50%] Building CXX object CMakeFiles/deriche.dir/medley/deriche/deriche.cpp.o
[ 50%] Building CXX object CMakeFiles/cholesky.dir/linear-algebra/solvers/cholesky/cholesky.cpp.o
[ 50%] Building CXX object CMakeFiles/durbin.dir/linear-algebra/solvers/durbin/durbin.cpp.o
[ 50%] Building CXX object CMakeFiles/seidel-2d.dir/stencils/seidel-2d/seidel-2d.cpp.o
[ 50%] Building CXX object CMakeFiles/floyd-warshall.dir/medley/floyd-warshall/floyd-warshall.cpp.o
[ 51%] Linking CXX executable gemver
[ 53%] Linking CXX executable gramschmidt
[ 55%] Linking CXX executable floyd-warshall
[ 56%] Linking CXX executable covariance
[ 58%] Linking CXX executable gemm
[ 60%] Linking CXX executable seidel-2d
[ 60%] Built target floyd-warshall
[ 60%] Built target covariance
[ 61%] Linking CXX executable jacobi-1d
[ 61%] Built target gemm
[ 63%] Linking CXX executable 3mm
[ 63%] Built target seidel-2d
[ 65%] Linking CXX executable symm
[ 66%] Linking CXX executable adi
[ 68%] Linking CXX executable correlation
[ 68%] Built target jacobi-1d
[ 70%] Linking CXX executable deriche
[ 71%] Linking CXX executable durbin
[ 71%] Built target 3mm
[ 71%] Built target symm
[ 71%] Built target adi
[ 71%] Built target correlation
[ 73%] Linking CXX executable doitgen
[ 73%] Built target deriche
[ 73%] Built target durbin
[ 75%] Linking CXX executable gesummv
[ 75%] Built target doitgen
[ 75%] Built target gesummv
[ 76%] Linking CXX executable heat-3d
[ 78%] Linking CXX executable 2mm
[ 80%] Linking CXX executable bicg
[ 81%] Linking CXX executable mvt
[ 81%] Built target heat-3d
[ 81%] Built target 2mm
[ 81%] Built target bicg
[ 83%] Linking CXX executable trisolv
[ 83%] Built target mvt
[ 83%] Built target trisolv
[ 85%] Linking CXX executable fdtd-2d
[ 86%] Linking CXX executable lu
[ 86%] Built target fdtd-2d
[ 86%] Built target lu
[ 88%] Linking CXX executable cholesky
[ 88%] Built target cholesky
halide,all_hints,2mm,,,runtime_error,1,LARGE,DOUBLE
halide,all_hints,3mm,,,runtime_error,1,LARGE,DOUBLE
halide,all_hints,adi,114.816940,0.091,valid,1,LARGE,DOUBLE
halide,all_hints,adi,1,115.840765,1,LARGE,DOUBLE
halide,all_hints,adi,2,114.583674,1,LARGE,DOUBLE
halide,all_hints,adi,3,118.718139,1,LARGE,DOUBLE
halide,all_hints,adi,4,115.016447,1,LARGE,DOUBLE
halide,all_hints,adi,5,118.091911,1,LARGE,DOUBLE
halide,all_hints,atax,,,compile_error,1,LARGE,DOUBLE
halide,all_hints,bicg,,,runtime_error,1,LARGE,DOUBLE
halide,all_hints,cholesky,2.991522,,validity_error,1,LARGE,DOUBLE
halide,all_hints,correlation,0.043405,38.964,valid,1,LARGE,DOUBLE
halide,all_hints,correlation,1,0.042089,1,LARGE,DOUBLE
halide,all_hints,correlation,2,0.042269,1,LARGE,DOUBLE
halide,all_hints,correlation,3,0.043960,1,LARGE,DOUBLE
halide,all_hints,correlation,4,0.043086,1,LARGE,DOUBLE
halide,all_hints,correlation,5,0.043980,1,LARGE,DOUBLE
halide,all_hints,covariance,0.048271,,validity_error,1,LARGE,DOUBLE
halide,all_hints,deriche,1.339857,0.167,valid,1,LARGE,DOUBLE
halide,all_hints,deriche,1,1.342118,1,LARGE,DOUBLE
halide,all_hints,deriche,2,1.351570,1,LARGE,DOUBLE
halide,all_hints,deriche,3,1.374621,1,LARGE,DOUBLE
halide,all_hints,deriche,4,1.330280,1,LARGE,DOUBLE
halide,all_hints,deriche,5,1.360156,1,LARGE,DOUBLE
halide,all_hints,doitgen,0.009608,77.449,valid,1,LARGE,DOUBLE
halide,all_hints,doitgen,1,0.009243,1,LARGE,DOUBLE
halide,all_hints,doitgen,2,0.009374,1,LARGE,DOUBLE
halide,all_hints,doitgen,3,0.009289,1,LARGE,DOUBLE
halide,all_hints,doitgen,4,0.009365,1,LARGE,DOUBLE
halide,all_hints,doitgen,5,0.009402,1,LARGE,DOUBLE
halide,all_hints,durbin,,,runtime_error,1,LARGE,DOUBLE
halide,all_hints,fdtd-2d,3.911824,0.444,valid,1,LARGE,DOUBLE
halide,all_hints,fdtd-2d,1,4.120569,1,LARGE,DOUBLE
halide,all_hints,fdtd-2d,2,3.962754,1,LARGE,DOUBLE
halide,all_hints,fdtd-2d,3,4.015036,1,LARGE,DOUBLE
halide,all_hints,fdtd-2d,4,4.055207,1,LARGE,DOUBLE
halide,all_hints,fdtd-2d,5,4.014192,1,LARGE,DOUBLE
halide,all_hints,floyd-warshall,10.227063,2.217,valid,1,LARGE,DOUBLE
halide,all_hints,floyd-warshall,1,11.076483,1,LARGE,DOUBLE
halide,all_hints,floyd-warshall,2,10.358515,1,LARGE,DOUBLE
halide,all_hints,floyd-warshall,3,12.424548,1,LARGE,DOUBLE
halide,all_hints,floyd-warshall,4,10.207313,1,LARGE,DOUBLE
halide,all_hints,floyd-warshall,5,10.178734,1,LARGE,DOUBLE
halide,all_hints,gemm,,,runtime_error,1,LARGE,DOUBLE
halide,all_hints,gemver,,,compile_error,1,LARGE,DOUBLE
halide,all_hints,gesummv,,,runtime_error,1,LARGE,DOUBLE
halide,all_hints,gramschmidt,,,compile_error,1,LARGE,DOUBLE
halide,all_hints,heat-3d,1.111497,1.749,valid,1,LARGE,DOUBLE
halide,all_hints,heat-3d,1,1.105229,1,LARGE,DOUBLE
halide,all_hints,heat-3d,2,1.159536,1,LARGE,DOUBLE
halide,all_hints,heat-3d,3,1.097876,1,LARGE,DOUBLE
halide,all_hints,heat-3d,4,1.136956,1,LARGE,DOUBLE
halide,all_hints,heat-3d,5,1.110255,1,LARGE,DOUBLE
halide,all_hints,jacobi-1d,,,runtime_error,1,LARGE,DOUBLE
halide,all_hints,jacobi-2d,,,compile_error,1,LARGE,DOUBLE
halide,all_hints,lu,,,runtime_error,1,LARGE,DOUBLE
halide,all_hints,ludcmp,,,compile_error,1,LARGE,DOUBLE
halide,all_hints,mvt,,,runtime_error,1,LARGE,DOUBLE
halide,all_hints,nussinov,,,compile_error,1,LARGE,DOUBLE
halide,all_hints,seidel-2d,0.905215,30.014,valid,1,LARGE,DOUBLE
halide,all_hints,seidel-2d,1,0.980909,1,LARGE,DOUBLE
halide,all_hints,seidel-2d,2,0.835393,1,LARGE,DOUBLE
halide,all_hints,seidel-2d,3,0.921196,1,LARGE,DOUBLE
halide,all_hints,seidel-2d,4,0.617771,1,LARGE,DOUBLE
halide,all_hints,seidel-2d,5,0.806813,1,LARGE,DOUBLE
halide,all_hints,symm,,,runtime_error,1,LARGE,DOUBLE
halide,all_hints,syr2k,,,compile_error,1,LARGE,DOUBLE
halide,all_hints,syrk,,,compile_error,1,LARGE,DOUBLE
halide,all_hints,trisolv,,,runtime_error,1,LARGE,DOUBLE
halide,all_hints,trmm,,,compile_error,1,LARGE,DOUBLE
-- The CXX compiler identification is GNU 15.2.0
-- Detecting CXX compiler ABI info
-- Detecting CXX compiler ABI info - done
-- Check for working CXX compiler: /usr/local/latestgcc/bin/g++ - skipped
-- Detecting CXX compile features
-- Detecting CXX compile features - done
-- Found Python: /home/kleplj/all_hints/gpt-querying/.venv/bin/python3.9 (found suitable version "3.9.25", minimum required is "3") found components: Interpreter Development.Module
-- Halide 'host' platform triple:   x86-64-linux
-- Halide 'cmake' platform triple:  x86-64-linux
-- Halide default AOT target:       host
-- Found ZLIB: /usr/lib64/libz.so (found version "1.2.11")
-- Could NOT find PNG (missing: PNG_LIBRARY PNG_PNG_INCLUDE_DIR) 
-- Could NOT find JPEG (missing: JPEG_LIBRARY JPEG_INCLUDE_DIR) 
-- Configuring done (0.8s)
-- Generating done (0.8s)
-- Build files have been written to: /home/kleplj/all_hints/optimization/all_hints/PolybenchC-Halide/build
[  6%] Building CXX object CMakeFiles/correlation.dir/datamining/correlation/correlation.cpp.o
[  6%] Building CXX object CMakeFiles/gemver.dir/linear-algebra/blas/gemver/gemver.cpp.o
[ 11%] Building CXX object CMakeFiles/gesummv.dir/linear-algebra/blas/gesummv/gesummv.cpp.o
[ 11%] Building CXX object CMakeFiles/gemm.dir/linear-algebra/blas/gemm/gemm.cpp.o
[ 20%] Building CXX object CMakeFiles/covariance.dir/datamining/covariance/covariance.cpp.o
[ 20%] Building CXX object CMakeFiles/trmm.dir/linear-algebra/blas/trmm/trmm.cpp.o
[ 20%] Building CXX object CMakeFiles/syr2k.dir/linear-algebra/blas/syr2k/syr2k.cpp.o
[ 20%] Building CXX object CMakeFiles/symm.dir/linear-algebra/blas/symm/symm.cpp.o
[ 20%] Building CXX object CMakeFiles/syrk.dir/linear-algebra/blas/syrk/syrk.cpp.o
[ 35%] Building CXX object CMakeFiles/mvt.dir/linear-algebra/kernels/mvt/mvt.cpp.o
[ 35%] Building CXX object CMakeFiles/atax.dir/linear-algebra/kernels/atax/atax.cpp.o
[ 50%] Building CXX object CMakeFiles/trisolv.dir/linear-algebra/solvers/trisolv/trisolv.cpp.o
[ 50%] Building CXX object CMakeFiles/lu.dir/linear-algebra/solvers/lu/lu.cpp.o
[ 50%] Building CXX object CMakeFiles/gramschmidt.dir/linear-algebra/solvers/gramschmidt/gramschmidt.cpp.o
[ 50%] Building CXX object CMakeFiles/adi.dir/stencils/adi/adi.cpp.o
[ 50%] Building CXX object CMakeFiles/ludcmp.dir/linear-algebra/solvers/ludcmp/ludcmp.cpp.o
[ 50%] Building CXX object CMakeFiles/nussinov.dir/medley/nussinov/nussinov.cpp.o
[ 50%] Building CXX object CMakeFiles/fdtd-2d.dir/stencils/fdtd-2d/fdtd-2d.cpp.o
[ 50%] Building CXX object CMakeFiles/bicg.dir/linear-algebra/kernels/bicg/bicg.cpp.o
[ 50%] Building CXX object CMakeFiles/cholesky.dir/linear-algebra/solvers/cholesky/cholesky.cpp.o
[ 50%] Building CXX object CMakeFiles/durbin.dir/linear-algebra/solvers/durbin/durbin.cpp.o
[ 50%] Building CXX object CMakeFiles/3mm.dir/linear-algebra/kernels/3mm/3mm.cpp.o
[ 50%] Building CXX object CMakeFiles/2mm.dir/linear-algebra/kernels/2mm/2mm.cpp.o
[ 50%] Building CXX object CMakeFiles/doitgen.dir/linear-algebra/kernels/doitgen/doitgen.cpp.o
[ 50%] Building CXX object CMakeFiles/seidel-2d.dir/stencils/seidel-2d/seidel-2d.cpp.o
[ 50%] Building CXX object CMakeFiles/heat-3d.dir/stencils/heat-3d/heat-3d.cpp.o
[ 50%] Building CXX object CMakeFiles/floyd-warshall.dir/medley/floyd-warshall/floyd-warshall.cpp.o
[ 50%] Building CXX object CMakeFiles/jacobi-2d.dir/stencils/jacobi-2d/jacobi-2d.cpp.o
[ 50%] Building CXX object CMakeFiles/deriche.dir/medley/deriche/deriche.cpp.o
[ 50%] Building CXX object CMakeFiles/jacobi-1d.dir/stencils/jacobi-1d/jacobi-1d.cpp.o
[ 51%] Linking CXX executable gemver
[ 53%] Linking CXX executable gramschmidt
[ 55%] Linking CXX executable syr2k
[ 56%] Linking CXX executable floyd-warshall
[ 58%] Linking CXX executable covariance
[ 60%] Linking CXX executable trmm
[ 61%] Linking CXX executable syrk
[ 61%] Built target syr2k
[ 61%] Built target floyd-warshall
[ 61%] Built target covariance
[ 63%] Linking CXX executable deriche
[ 63%] Built target trmm
[ 63%] Built target syrk
[ 65%] Linking CXX executable jacobi-2d
[ 65%] Built target deriche
[ 66%] Linking CXX executable durbin
[ 68%] Built target jacobi-2d
[ 68%] Linking CXX executable correlation
[ 70%] Linking CXX executable 2mm
[ 70%] Built target durbin
[ 71%] Linking CXX executable heat-3d
[ 71%] Built target correlation
[ 71%] Built target 2mm
[ 73%] Linking CXX executable seidel-2d
[ 75%] Linking CXX executable 3mm
[ 75%] Built target heat-3d
[ 76%] Linking CXX executable gesummv
[ 76%] Built target seidel-2d
[ 76%] Built target 3mm
[ 78%] Linking CXX executable bicg
[ 78%] Built target gesummv
[ 80%] Linking CXX executable lu
[ 81%] Linking CXX executable cholesky
[ 81%] Built target bicg
[ 81%] Built target lu
[ 83%] Linking CXX executable mvt
[ 83%] Built target cholesky
[ 83%] Built target mvt
[ 85%] Linking CXX executable doitgen
[ 85%] Built target doitgen
[ 86%] Linking CXX executable ludcmp
[ 88%] Linking CXX executable nussinov
[ 88%] Built target ludcmp
[ 88%] Built target nussinov
halide,all_hints,2mm,,,runtime_error,2,LARGE,DOUBLE
halide,all_hints,3mm,,,runtime_error,2,LARGE,DOUBLE
halide,all_hints,adi,,,compile_error,2,LARGE,DOUBLE
halide,all_hints,atax,,,compile_error,2,LARGE,DOUBLE
halide,all_hints,bicg,,,runtime_error,2,LARGE,DOUBLE
halide,all_hints,cholesky,1.877329,,validity_error,2,LARGE,DOUBLE
halide,all_hints,correlation,2.262779,0.754,valid,2,LARGE,DOUBLE
halide,all_hints,correlation,1,2.264662,2,LARGE,DOUBLE
halide,all_hints,correlation,2,2.258507,2,LARGE,DOUBLE
halide,all_hints,correlation,3,2.253770,2,LARGE,DOUBLE
halide,all_hints,correlation,4,2.270278,2,LARGE,DOUBLE
halide,all_hints,correlation,5,2.264063,2,LARGE,DOUBLE
halide,all_hints,covariance,8.011568,0.213,valid,2,LARGE,DOUBLE
halide,all_hints,covariance,1,8.061457,2,LARGE,DOUBLE
halide,all_hints,covariance,2,8.036632,2,LARGE,DOUBLE
halide,all_hints,covariance,3,8.057516,2,LARGE,DOUBLE
halide,all_hints,covariance,4,7.994000,2,LARGE,DOUBLE
halide,all_hints,covariance,5,8.044590,2,LARGE,DOUBLE
halide,all_hints,deriche,0.236888,0.953,valid,2,LARGE,DOUBLE
halide,all_hints,deriche,1,0.238228,2,LARGE,DOUBLE
halide,all_hints,deriche,2,0.237463,2,LARGE,DOUBLE
halide,all_hints,deriche,3,0.224339,2,LARGE,DOUBLE
halide,all_hints,deriche,4,0.235490,2,LARGE,DOUBLE
halide,all_hints,deriche,5,0.236027,2,LARGE,DOUBLE
halide,all_hints,doitgen,,,runtime_error,2,LARGE,DOUBLE
halide,all_hints,durbin,,,runtime_error,2,LARGE,DOUBLE
halide,all_hints,fdtd-2d,,,compile_error,2,LARGE,DOUBLE
halide,all_hints,floyd-warshall,10.436509,2.161,valid,2,LARGE,DOUBLE
halide,all_hints,floyd-warshall,1,10.703400,2,LARGE,DOUBLE
halide,all_hints,floyd-warshall,2,10.573153,2,LARGE,DOUBLE
halide,all_hints,floyd-warshall,3,10.391639,2,LARGE,DOUBLE
halide,all_hints,floyd-warshall,4,10.077786,2,LARGE,DOUBLE
halide,all_hints,floyd-warshall,5,10.802802,2,LARGE,DOUBLE
halide,all_hints,gemm,,,compile_error,2,LARGE,DOUBLE
halide,all_hints,gemver,,,compile_error,2,LARGE,DOUBLE
halide,all_hints,gesummv,,,runtime_error,2,LARGE,DOUBLE
halide,all_hints,gramschmidt,,,compile_error,2,LARGE,DOUBLE
halide,all_hints,heat-3d,1.139785,1.695,valid,2,LARGE,DOUBLE
halide,all_hints,heat-3d,1,1.133200,2,LARGE,DOUBLE
halide,all_hints,heat-3d,2,1.048988,2,LARGE,DOUBLE
halide,all_hints,heat-3d,3,1.074897,2,LARGE,DOUBLE
halide,all_hints,heat-3d,4,1.110417,2,LARGE,DOUBLE
halide,all_hints,heat-3d,5,1.067052,2,LARGE,DOUBLE
halide,all_hints,jacobi-1d,,,compile_error,2,LARGE,DOUBLE
halide,all_hints,jacobi-2d,0.533549,3.059,valid,2,LARGE,DOUBLE
halide,all_hints,jacobi-2d,1,0.549770,2,LARGE,DOUBLE
halide,all_hints,jacobi-2d,2,0.544019,2,LARGE,DOUBLE
halide,all_hints,jacobi-2d,3,0.537948,2,LARGE,DOUBLE
halide,all_hints,jacobi-2d,4,0.537896,2,LARGE,DOUBLE
halide,all_hints,jacobi-2d,5,0.613748,2,LARGE,DOUBLE
halide,all_hints,lu,,,runtime_error,2,LARGE,DOUBLE
halide,all_hints,ludcmp,7.779220,0.558,valid,2,LARGE,DOUBLE
halide,all_hints,ludcmp,1,8.007237,2,LARGE,DOUBLE
halide,all_hints,ludcmp,2,7.823914,2,LARGE,DOUBLE
halide,all_hints,ludcmp,3,7.843321,2,LARGE,DOUBLE
halide,all_hints,ludcmp,4,7.899945,2,LARGE,DOUBLE
halide,all_hints,ludcmp,5,7.988932,2,LARGE,DOUBLE
halide,all_hints,mvt,,,runtime_error,2,LARGE,DOUBLE
halide,all_hints,nussinov,,,runtime_error,2,LARGE,DOUBLE
halide,all_hints,seidel-2d,0.955587,28.435,valid,2,LARGE,DOUBLE
halide,all_hints,seidel-2d,1,0.901930,2,LARGE,DOUBLE
halide,all_hints,seidel-2d,2,0.939637,2,LARGE,DOUBLE
halide,all_hints,seidel-2d,3,0.911502,2,LARGE,DOUBLE
halide,all_hints,seidel-2d,4,0.897003,2,LARGE,DOUBLE
halide,all_hints,seidel-2d,5,0.848622,2,LARGE,DOUBLE
halide,all_hints,symm,,,compile_error,2,LARGE,DOUBLE
halide,all_hints,syr2k,0.264698,,validity_error,2,LARGE,DOUBLE
halide,all_hints,syrk,0.024031,27.421,valid,2,LARGE,DOUBLE
halide,all_hints,syrk,1,0.023841,2,LARGE,DOUBLE
halide,all_hints,syrk,2,0.024989,2,LARGE,DOUBLE
halide,all_hints,syrk,3,0.023858,2,LARGE,DOUBLE
halide,all_hints,syrk,4,0.024261,2,LARGE,DOUBLE
halide,all_hints,syrk,5,0.023510,2,LARGE,DOUBLE
halide,all_hints,trisolv,,,compile_error,2,LARGE,DOUBLE
halide,all_hints,trmm,0.026735,37.490,valid,2,LARGE,DOUBLE
halide,all_hints,trmm,1,0.024598,2,LARGE,DOUBLE
halide,all_hints,trmm,2,0.025479,2,LARGE,DOUBLE
halide,all_hints,trmm,3,0.025863,2,LARGE,DOUBLE
halide,all_hints,trmm,4,0.024308,2,LARGE,DOUBLE
halide,all_hints,trmm,5,0.025620,2,LARGE,DOUBLE
-- The CXX compiler identification is GNU 15.2.0
-- Detecting CXX compiler ABI info
-- Detecting CXX compiler ABI info - done
-- Check for working CXX compiler: /usr/local/latestgcc/bin/g++ - skipped
-- Detecting CXX compile features
-- Detecting CXX compile features - done
-- Found Python: /home/kleplj/all_hints/gpt-querying/.venv/bin/python3.9 (found suitable version "3.9.25", minimum required is "3") found components: Interpreter Development.Module
-- Halide 'host' platform triple:   x86-64-linux
-- Halide 'cmake' platform triple:  x86-64-linux
-- Halide default AOT target:       host
-- Found ZLIB: /usr/lib64/libz.so (found version "1.2.11")
-- Could NOT find PNG (missing: PNG_LIBRARY PNG_PNG_INCLUDE_DIR) 
-- Could NOT find JPEG (missing: JPEG_LIBRARY JPEG_INCLUDE_DIR) 
-- Configuring done (0.8s)
-- Generating done (0.8s)
-- Build files have been written to: /home/kleplj/all_hints/optimization/all_hints/PolybenchC-Halide/build
[  5%] Building CXX object CMakeFiles/correlation.dir/datamining/correlation/correlation.cpp.o
[  5%] Building CXX object CMakeFiles/covariance.dir/datamining/covariance/covariance.cpp.o
[  8%] Building CXX object CMakeFiles/syr2k.dir/linear-algebra/blas/syr2k/syr2k.cpp.o
[ 10%] Building CXX object CMakeFiles/gemm.dir/linear-algebra/blas/gemm/gemm.cpp.o
[ 10%] Building CXX object CMakeFiles/gemver.dir/linear-algebra/blas/gemver/gemver.cpp.o
[ 16%] Building CXX object CMakeFiles/gesummv.dir/linear-algebra/blas/gesummv/gesummv.cpp.o
[ 16%] Building CXX object CMakeFiles/symm.dir/linear-algebra/blas/symm/symm.cpp.o
[ 31%] Building CXX object CMakeFiles/2mm.dir/linear-algebra/kernels/2mm/2mm.cpp.o
[ 31%] Building CXX object CMakeFiles/trmm.dir/linear-algebra/blas/trmm/trmm.cpp.o
[ 50%] Building CXX object CMakeFiles/doitgen.dir/linear-algebra/kernels/doitgen/doitgen.cpp.o
[ 50%] Building CXX object CMakeFiles/gramschmidt.dir/linear-algebra/solvers/gramschmidt/gramschmidt.cpp.o
[ 50%] Building CXX object CMakeFiles/durbin.dir/linear-algebra/solvers/durbin/durbin.cpp.o
[ 50%] Building CXX object CMakeFiles/bicg.dir/linear-algebra/kernels/bicg/bicg.cpp.o
[ 50%] Building CXX object CMakeFiles/3mm.dir/linear-algebra/kernels/3mm/3mm.cpp.o
[ 50%] Building CXX object CMakeFiles/mvt.dir/linear-algebra/kernels/mvt/mvt.cpp.o
[ 50%] Building CXX object CMakeFiles/atax.dir/linear-algebra/kernels/atax/atax.cpp.o
[ 50%] Building CXX object CMakeFiles/syrk.dir/linear-algebra/blas/syrk/syrk.cpp.o
[ 50%] Building CXX object CMakeFiles/trisolv.dir/linear-algebra/solvers/trisolv/trisolv.cpp.o
[ 50%] Building CXX object CMakeFiles/ludcmp.dir/linear-algebra/solvers/ludcmp/ludcmp.cpp.o
[ 50%] Building CXX object CMakeFiles/jacobi-1d.dir/stencils/jacobi-1d/jacobi-1d.cpp.o
[ 50%] Building CXX object CMakeFiles/fdtd-2d.dir/stencils/fdtd-2d/fdtd-2d.cpp.o
[ 50%] Building CXX object CMakeFiles/adi.dir/stencils/adi/adi.cpp.o
[ 50%] Building CXX object CMakeFiles/lu.dir/linear-algebra/solvers/lu/lu.cpp.o
[ 50%] Building CXX object CMakeFiles/deriche.dir/medley/deriche/deriche.cpp.o
[ 50%] Building CXX object CMakeFiles/cholesky.dir/linear-algebra/solvers/cholesky/cholesky.cpp.o
[ 50%] Building CXX object CMakeFiles/floyd-warshall.dir/medley/floyd-warshall/floyd-warshall.cpp.o
[ 50%] Building CXX object CMakeFiles/seidel-2d.dir/stencils/seidel-2d/seidel-2d.cpp.o
[ 50%] Building CXX object CMakeFiles/nussinov.dir/medley/nussinov/nussinov.cpp.o
[ 50%] Building CXX object CMakeFiles/jacobi-2d.dir/stencils/jacobi-2d/jacobi-2d.cpp.o
[ 50%] Building CXX object CMakeFiles/heat-3d.dir/stencils/heat-3d/heat-3d.cpp.o
[ 51%] Linking CXX executable gemver
[ 53%] Linking CXX executable gramschmidt
[ 55%] Linking CXX executable trmm
[ 56%] Linking CXX executable floyd-warshall
[ 58%] Linking CXX executable deriche
[ 58%] Built target trmm
[ 60%] Linking CXX executable jacobi-1d
[ 60%] Built target deriche
[ 60%] Built target floyd-warshall
[ 61%] Linking CXX executable syrk
[ 63%] Linking CXX executable covariance
[ 63%] Built target jacobi-1d
[ 65%] Linking CXX executable syr2k
[ 66%] Linking CXX executable gemm
[ 68%] Linking CXX executable adi
[ 70%] Linking CXX executable jacobi-2d
[ 70%] Built target syrk
[ 70%] Built target syr2k
[ 70%] Built target covariance
[ 70%] Built target gemm
[ 70%] Built target adi
[ 70%] Built target jacobi-2d
[ 71%] Linking CXX executable 3mm
[ 73%] Linking CXX executable durbin
[ 75%] Linking CXX executable gesummv
[ 75%] Built target 3mm
[ 76%] Linking CXX executable trisolv
[ 76%] Built target durbin
[ 78%] Linking CXX executable heat-3d
[ 80%] Linking CXX executable mvt
[ 81%] Linking CXX executable bicg
[ 81%] Built target gesummv
[ 83%] Linking CXX executable doitgen
[ 83%] Built target trisolv
[ 83%] Built target heat-3d
[ 83%] Built target mvt
[ 83%] Built target bicg
[ 83%] Built target doitgen
[ 85%] Linking CXX executable lu
[ 86%] Linking CXX executable atax
[ 86%] Built target lu
[ 86%] Built target atax
[ 88%] Linking CXX executable nussinov
[ 88%] Built target nussinov
[ 90%] Linking CXX executable ludcmp
[ 90%] Built target ludcmp
halide,all_hints,2mm,,,compile_error,3,LARGE,DOUBLE
halide,all_hints,3mm,,,runtime_error,3,LARGE,DOUBLE
halide,all_hints,adi,78.568072,0.132,valid,3,LARGE,DOUBLE
halide,all_hints,adi,1,77.704510,3,LARGE,DOUBLE
halide,all_hints,adi,2,76.657849,3,LARGE,DOUBLE
halide,all_hints,adi,3,79.936620,3,LARGE,DOUBLE
halide,all_hints,adi,4,79.623767,3,LARGE,DOUBLE
halide,all_hints,adi,5,79.654872,3,LARGE,DOUBLE
halide,all_hints,atax,,,runtime_error,3,LARGE,DOUBLE
halide,all_hints,bicg,,,runtime_error,3,LARGE,DOUBLE
halide,all_hints,cholesky,,,compile_error,3,LARGE,DOUBLE
halide,all_hints,correlation,,,compile_error,3,LARGE,DOUBLE
halide,all_hints,covariance,,,runtime_error,3,LARGE,DOUBLE
halide,all_hints,deriche,1.382665,0.162,valid,3,LARGE,DOUBLE
halide,all_hints,deriche,1,1.380225,3,LARGE,DOUBLE
halide,all_hints,deriche,2,1.412874,3,LARGE,DOUBLE
halide,all_hints,deriche,3,1.401937,3,LARGE,DOUBLE
halide,all_hints,deriche,4,1.414693,3,LARGE,DOUBLE
halide,all_hints,deriche,5,1.426865,3,LARGE,DOUBLE
halide,all_hints,doitgen,0.127719,5.826,valid,3,LARGE,DOUBLE
halide,all_hints,doitgen,1,0.134537,3,LARGE,DOUBLE
halide,all_hints,doitgen,2,0.131583,3,LARGE,DOUBLE
halide,all_hints,doitgen,3,0.124018,3,LARGE,DOUBLE
halide,all_hints,doitgen,4,0.131283,3,LARGE,DOUBLE
halide,all_hints,doitgen,5,0.128850,3,LARGE,DOUBLE
halide,all_hints,durbin,,,runtime_error,3,LARGE,DOUBLE
halide,all_hints,fdtd-2d,,,compile_error,3,LARGE,DOUBLE
halide,all_hints,floyd-warshall,10.425150,2.169,valid,3,LARGE,DOUBLE
halide,all_hints,floyd-warshall,1,10.745264,3,LARGE,DOUBLE
halide,all_hints,floyd-warshall,2,10.457168,3,LARGE,DOUBLE
halide,all_hints,floyd-warshall,3,10.576810,3,LARGE,DOUBLE
halide,all_hints,floyd-warshall,4,10.495283,3,LARGE,DOUBLE
halide,all_hints,floyd-warshall,5,10.208393,3,LARGE,DOUBLE
halide,all_hints,gemm,,,runtime_error,3,LARGE,DOUBLE
halide,all_hints,gemver,,,compile_error,3,LARGE,DOUBLE
halide,all_hints,gesummv,,,runtime_error,3,LARGE,DOUBLE
halide,all_hints,gramschmidt,,,compile_error,3,LARGE,DOUBLE
halide,all_hints,heat-3d,1.131161,1.705,valid,3,LARGE,DOUBLE
halide,all_hints,heat-3d,1,1.153837,3,LARGE,DOUBLE
halide,all_hints,heat-3d,2,1.152477,3,LARGE,DOUBLE
halide,all_hints,heat-3d,3,1.102066,3,LARGE,DOUBLE
halide,all_hints,heat-3d,4,1.106264,3,LARGE,DOUBLE
halide,all_hints,heat-3d,5,1.125635,3,LARGE,DOUBLE
halide,all_hints,jacobi-1d,,,runtime_error,3,LARGE,DOUBLE
halide,all_hints,jacobi-2d,0.495811,3.355,valid,3,LARGE,DOUBLE
halide,all_hints,jacobi-2d,1,0.416690,3,LARGE,DOUBLE
halide,all_hints,jacobi-2d,2,0.526830,3,LARGE,DOUBLE
halide,all_hints,jacobi-2d,3,0.399752,3,LARGE,DOUBLE
halide,all_hints,jacobi-2d,4,0.388239,3,LARGE,DOUBLE
halide,all_hints,jacobi-2d,5,0.435466,3,LARGE,DOUBLE
halide,all_hints,lu,,,runtime_error,3,LARGE,DOUBLE
halide,all_hints,ludcmp,,,runtime_error,3,LARGE,DOUBLE
halide,all_hints,mvt,0.004640,3.139,valid,3,LARGE,DOUBLE
halide,all_hints,mvt,1,0.004265,3,LARGE,DOUBLE
halide,all_hints,mvt,2,0.005105,3,LARGE,DOUBLE
halide,all_hints,mvt,3,0.004282,3,LARGE,DOUBLE
halide,all_hints,mvt,4,0.004399,3,LARGE,DOUBLE
halide,all_hints,mvt,5,0.004753,3,LARGE,DOUBLE
halide,all_hints,nussinov,,,runtime_error,3,LARGE,DOUBLE
halide,all_hints,seidel-2d,,,compile_error,3,LARGE,DOUBLE
halide,all_hints,symm,,,compile_error,3,LARGE,DOUBLE
halide,all_hints,syr2k,,,runtime_error,3,LARGE,DOUBLE
halide,all_hints,syrk,0.024754,26.569,valid,3,LARGE,DOUBLE
halide,all_hints,syrk,1,0.023590,3,LARGE,DOUBLE
halide,all_hints,syrk,2,0.023375,3,LARGE,DOUBLE
halide,all_hints,syrk,3,0.024257,3,LARGE,DOUBLE
halide,all_hints,syrk,4,0.024368,3,LARGE,DOUBLE
halide,all_hints,syrk,5,0.024479,3,LARGE,DOUBLE
halide,all_hints,trisolv,,,runtime_error,3,LARGE,DOUBLE
halide,all_hints,trmm,,,runtime_error,3,LARGE,DOUBLE
-- The CXX compiler identification is GNU 15.2.0
-- Detecting CXX compiler ABI info
-- Detecting CXX compiler ABI info - done
-- Check for working CXX compiler: /usr/local/latestgcc/bin/g++ - skipped
-- Detecting CXX compile features
-- Detecting CXX compile features - done
-- Found Python: /home/kleplj/all_hints/gpt-querying/.venv/bin/python3.9 (found suitable version "3.9.25", minimum required is "3") found components: Interpreter Development.Module
-- Halide 'host' platform triple:   x86-64-linux
-- Halide 'cmake' platform triple:  x86-64-linux
-- Halide default AOT target:       host
-- Found ZLIB: /usr/lib64/libz.so (found version "1.2.11")
-- Could NOT find PNG (missing: PNG_LIBRARY PNG_PNG_INCLUDE_DIR) 
-- Could NOT find JPEG (missing: JPEG_LIBRARY JPEG_INCLUDE_DIR) 
-- Configuring done (0.8s)
-- Generating done (0.8s)
-- Build files have been written to: /home/kleplj/all_hints/optimization/all_hints/PolybenchC-Halide/build
[  6%] Building CXX object CMakeFiles/correlation.dir/datamining/correlation/correlation.cpp.o
[ 11%] Building CXX object CMakeFiles/covariance.dir/datamining/covariance/covariance.cpp.o
[ 11%] Building CXX object CMakeFiles/gemm.dir/linear-algebra/blas/gemm/gemm.cpp.o
[ 11%] Building CXX object CMakeFiles/symm.dir/linear-algebra/blas/symm/symm.cpp.o
[ 11%] Building CXX object CMakeFiles/gemver.dir/linear-algebra/blas/gemver/gemver.cpp.o
[ 18%] Building CXX object CMakeFiles/gesummv.dir/linear-algebra/blas/gesummv/gesummv.cpp.o
[ 18%] Building CXX object CMakeFiles/trmm.dir/linear-algebra/blas/trmm/trmm.cpp.o
[ 18%] Building CXX object CMakeFiles/syr2k.dir/linear-algebra/blas/syr2k/syr2k.cpp.o
[ 18%] Building CXX object CMakeFiles/syrk.dir/linear-algebra/blas/syrk/syrk.cpp.o
[ 33%] Building CXX object CMakeFiles/2mm.dir/linear-algebra/kernels/2mm/2mm.cpp.o
[ 33%] Building CXX object CMakeFiles/durbin.dir/linear-algebra/solvers/durbin/durbin.cpp.o
[ 38%] Building CXX object CMakeFiles/trisolv.dir/linear-algebra/solvers/trisolv/trisolv.cpp.o
[ 50%] Building CXX object CMakeFiles/doitgen.dir/linear-algebra/kernels/doitgen/doitgen.cpp.o
[ 50%] Building CXX object CMakeFiles/cholesky.dir/linear-algebra/solvers/cholesky/cholesky.cpp.o
[ 50%] Building CXX object CMakeFiles/3mm.dir/linear-algebra/kernels/3mm/3mm.cpp.o
[ 50%] Building CXX object CMakeFiles/bicg.dir/linear-algebra/kernels/bicg/bicg.cpp.o
[ 50%] Building CXX object CMakeFiles/atax.dir/linear-algebra/kernels/atax/atax.cpp.o
[ 50%] Building CXX object CMakeFiles/mvt.dir/linear-algebra/kernels/mvt/mvt.cpp.o
[ 50%] Building CXX object CMakeFiles/fdtd-2d.dir/stencils/fdtd-2d/fdtd-2d.cpp.o
[ 50%] Building CXX object CMakeFiles/heat-3d.dir/stencils/heat-3d/heat-3d.cpp.o
[ 50%] Building CXX object CMakeFiles/lu.dir/linear-algebra/solvers/lu/lu.cpp.o
[ 50%] Building CXX object CMakeFiles/adi.dir/stencils/adi/adi.cpp.o
[ 50%] Building CXX object CMakeFiles/nussinov.dir/medley/nussinov/nussinov.cpp.o
[ 50%] Building CXX object CMakeFiles/deriche.dir/medley/deriche/deriche.cpp.o
[ 50%] Building CXX object CMakeFiles/jacobi-1d.dir/stencils/jacobi-1d/jacobi-1d.cpp.o
[ 50%] Building CXX object CMakeFiles/ludcmp.dir/linear-algebra/solvers/ludcmp/ludcmp.cpp.o
[ 50%] Building CXX object CMakeFiles/gramschmidt.dir/linear-algebra/solvers/gramschmidt/gramschmidt.cpp.o
[ 50%] Building CXX object CMakeFiles/floyd-warshall.dir/medley/floyd-warshall/floyd-warshall.cpp.o
[ 50%] Building CXX object CMakeFiles/jacobi-2d.dir/stencils/jacobi-2d/jacobi-2d.cpp.o
[ 50%] Building CXX object CMakeFiles/seidel-2d.dir/stencils/seidel-2d/seidel-2d.cpp.o
[ 51%] Linking CXX executable gemver
[ 53%] Linking CXX executable gramschmidt
[ 55%] Linking CXX executable floyd-warshall
[ 58%] Linking CXX executable jacobi-1d
[ 58%] Linking CXX executable covariance
[ 58%] Built target floyd-warshall
[ 60%] Linking CXX executable gemm
[ 61%] Linking CXX executable syr2k
[ 65%] Linking CXX executable trmm
[ 65%] Linking CXX executable symm
[ 65%] Built target jacobi-1d
[ 65%] Built target covariance
[ 66%] Linking CXX executable jacobi-2d
[ 66%] Built target gemm
[ 68%] Linking CXX executable syrk
[ 68%] Built target syr2k
[ 68%] Built target trmm
[ 68%] Built target symm
[ 68%] Built target jacobi-2d
[ 68%] Built target syrk
[ 70%] Linking CXX executable heat-3d
[ 71%] Linking CXX executable trisolv
[ 71%] Built target heat-3d
[ 73%] Linking CXX executable correlation
[ 75%] Linking CXX executable doitgen
[ 78%] Linking CXX executable cholesky
[ 78%] Linking CXX executable bicg
[ 80%] Built target trisolv
[ 80%] Linking CXX executable mvt
[ 80%] Built target correlation
[ 81%] Linking CXX executable nussinov
[ 81%] Built target doitgen
[ 81%] Built target cholesky
[ 81%] Built target bicg
[ 81%] Built target mvt
[ 81%] Built target nussinov
[ 83%] Linking CXX executable atax
[ 83%] Built target atax
[ 85%] Linking CXX executable ludcmp
[ 85%] Built target ludcmp
halide,all_hints,2mm,,,compile_error,4,LARGE,DOUBLE
halide,all_hints,3mm,,,compile_error,4,LARGE,DOUBLE
halide,all_hints,adi,,,compile_error,4,LARGE,DOUBLE
halide,all_hints,atax,,,runtime_error,4,LARGE,DOUBLE
halide,all_hints,bicg,,,runtime_error,4,LARGE,DOUBLE
halide,all_hints,cholesky,12.336390,0.154,valid,4,LARGE,DOUBLE
halide,all_hints,cholesky,1,12.764576,4,LARGE,DOUBLE
halide,all_hints,cholesky,2,12.795120,4,LARGE,DOUBLE
halide,all_hints,cholesky,3,13.142039,4,LARGE,DOUBLE
halide,all_hints,cholesky,4,13.326492,4,LARGE,DOUBLE
halide,all_hints,cholesky,5,12.348218,4,LARGE,DOUBLE
halide,all_hints,correlation,0.050689,33.667,valid,4,LARGE,DOUBLE
halide,all_hints,correlation,1,0.049424,4,LARGE,DOUBLE
halide,all_hints,correlation,2,0.050780,4,LARGE,DOUBLE
halide,all_hints,correlation,3,0.050504,4,LARGE,DOUBLE
halide,all_hints,correlation,4,0.050052,4,LARGE,DOUBLE
halide,all_hints,correlation,5,0.050333,4,LARGE,DOUBLE
halide,all_hints,covariance,,,runtime_error,4,LARGE,DOUBLE
halide,all_hints,deriche,,,compile_error,4,LARGE,DOUBLE
halide,all_hints,doitgen,,,runtime_error,4,LARGE,DOUBLE
halide,all_hints,durbin,,,compile_error,4,LARGE,DOUBLE
halide,all_hints,fdtd-2d,,,compile_error,4,LARGE,DOUBLE
halide,all_hints,floyd-warshall,10.136547,2.243,valid,4,LARGE,DOUBLE
halide,all_hints,floyd-warshall,1,10.423752,4,LARGE,DOUBLE
halide,all_hints,floyd-warshall,2,10.375625,4,LARGE,DOUBLE
halide,all_hints,floyd-warshall,3,10.310376,4,LARGE,DOUBLE
halide,all_hints,floyd-warshall,4,10.423636,4,LARGE,DOUBLE
halide,all_hints,floyd-warshall,5,10.954186,4,LARGE,DOUBLE
halide,all_hints,gemm,,,runtime_error,4,LARGE,DOUBLE
halide,all_hints,gemver,,,compile_error,4,LARGE,DOUBLE
halide,all_hints,gesummv,,,compile_error,4,LARGE,DOUBLE
halide,all_hints,gramschmidt,,,compile_error,4,LARGE,DOUBLE
halide,all_hints,heat-3d,51.284546,0.038,valid,4,LARGE,DOUBLE
halide,all_hints,heat-3d,1,53.272680,4,LARGE,DOUBLE
halide,all_hints,heat-3d,2,51.283362,4,LARGE,DOUBLE
halide,all_hints,heat-3d,3,50.892466,4,LARGE,DOUBLE
halide,all_hints,heat-3d,4,53.077879,4,LARGE,DOUBLE
halide,all_hints,heat-3d,5,50.071033,4,LARGE,DOUBLE
halide,all_hints,jacobi-1d,,,runtime_error,4,LARGE,DOUBLE
halide,all_hints,jacobi-2d,0.498676,3.339,valid,4,LARGE,DOUBLE
halide,all_hints,jacobi-2d,1,0.496284,4,LARGE,DOUBLE
halide,all_hints,jacobi-2d,2,0.397871,4,LARGE,DOUBLE
halide,all_hints,jacobi-2d,3,0.482362,4,LARGE,DOUBLE
halide,all_hints,jacobi-2d,4,0.523570,4,LARGE,DOUBLE
halide,all_hints,jacobi-2d,5,0.431132,4,LARGE,DOUBLE
halide,all_hints,lu,,,compile_error,4,LARGE,DOUBLE
halide,all_hints,ludcmp,6.489836,0.684,valid,4,LARGE,DOUBLE
halide,all_hints,ludcmp,1,6.465182,4,LARGE,DOUBLE
halide,all_hints,ludcmp,2,6.516349,4,LARGE,DOUBLE
halide,all_hints,ludcmp,3,6.542183,4,LARGE,DOUBLE
halide,all_hints,ludcmp,4,6.485089,4,LARGE,DOUBLE
halide,all_hints,ludcmp,5,6.420929,4,LARGE,DOUBLE
halide,all_hints,mvt,,,runtime_error,4,LARGE,DOUBLE
halide,all_hints,nussinov,4.737472,1.618,valid,4,LARGE,DOUBLE
halide,all_hints,nussinov,1,4.747149,4,LARGE,DOUBLE
halide,all_hints,nussinov,2,4.714682,4,LARGE,DOUBLE
halide,all_hints,nussinov,3,4.772330,4,LARGE,DOUBLE
halide,all_hints,nussinov,4,4.748207,4,LARGE,DOUBLE
halide,all_hints,nussinov,5,4.748467,4,LARGE,DOUBLE
halide,all_hints,seidel-2d,,,compile_error,4,LARGE,DOUBLE
halide,all_hints,symm,,,runtime_error,4,LARGE,DOUBLE
halide,all_hints,syr2k,,,runtime_error,4,LARGE,DOUBLE
halide,all_hints,syrk,0.048000,13.685,valid,4,LARGE,DOUBLE
halide,all_hints,syrk,1,0.047715,4,LARGE,DOUBLE
halide,all_hints,syrk,2,0.048132,4,LARGE,DOUBLE
halide,all_hints,syrk,3,0.047571,4,LARGE,DOUBLE
halide,all_hints,syrk,4,0.047779,4,LARGE,DOUBLE
halide,all_hints,syrk,5,0.047734,4,LARGE,DOUBLE
halide,all_hints,trisolv,,,runtime_error,4,LARGE,DOUBLE
halide,all_hints,trmm,0.029307,33.889,valid,4,LARGE,DOUBLE
halide,all_hints,trmm,1,0.029415,4,LARGE,DOUBLE
halide,all_hints,trmm,2,0.027815,4,LARGE,DOUBLE
halide,all_hints,trmm,3,0.030369,4,LARGE,DOUBLE
halide,all_hints,trmm,4,0.029547,4,LARGE,DOUBLE
halide,all_hints,trmm,5,0.030069,4,LARGE,DOUBLE
-- The CXX compiler identification is GNU 15.2.0
-- Detecting CXX compiler ABI info
-- Detecting CXX compiler ABI info - done
-- Check for working CXX compiler: /usr/local/latestgcc/bin/g++ - skipped
-- Detecting CXX compile features
-- Detecting CXX compile features - done
-- Found Python: /home/kleplj/all_hints/gpt-querying/.venv/bin/python3.9 (found suitable version "3.9.25", minimum required is "3") found components: Interpreter Development.Module
-- Halide 'host' platform triple:   x86-64-linux
-- Halide 'cmake' platform triple:  x86-64-linux
-- Halide default AOT target:       host
-- Found ZLIB: /usr/lib64/libz.so (found version "1.2.11")
-- Could NOT find PNG (missing: PNG_LIBRARY PNG_PNG_INCLUDE_DIR) 
-- Could NOT find JPEG (missing: JPEG_LIBRARY JPEG_INCLUDE_DIR) 
-- Configuring done (0.8s)
-- Generating done (0.8s)
-- Build files have been written to: /home/kleplj/all_hints/optimization/all_hints/PolybenchC-Halide/build
[  6%] Building CXX object CMakeFiles/covariance.dir/datamining/covariance/covariance.cpp.o
[ 10%] Building CXX object CMakeFiles/gemm.dir/linear-algebra/blas/gemm/gemm.cpp.o
[ 10%] Building CXX object CMakeFiles/correlation.dir/datamining/correlation/correlation.cpp.o
[ 13%] Building CXX object CMakeFiles/gesummv.dir/linear-algebra/blas/gesummv/gesummv.cpp.o
[ 13%] Building CXX object CMakeFiles/gemver.dir/linear-algebra/blas/gemver/gemver.cpp.o
[ 21%] Building CXX object CMakeFiles/syrk.dir/linear-algebra/blas/syrk/syrk.cpp.o
[ 21%] Building CXX object CMakeFiles/bicg.dir/linear-algebra/kernels/bicg/bicg.cpp.o
[ 21%] Building CXX object CMakeFiles/3mm.dir/linear-algebra/kernels/3mm/3mm.cpp.o
[ 21%] Building CXX object CMakeFiles/syr2k.dir/linear-algebra/blas/syr2k/syr2k.cpp.o
[ 21%] Building CXX object CMakeFiles/symm.dir/linear-algebra/blas/symm/symm.cpp.o
[ 21%] Building CXX object CMakeFiles/2mm.dir/linear-algebra/kernels/2mm/2mm.cpp.o
[ 36%] Building CXX object CMakeFiles/doitgen.dir/linear-algebra/kernels/doitgen/doitgen.cpp.o
[ 36%] Building CXX object CMakeFiles/atax.dir/linear-algebra/kernels/atax/atax.cpp.o
[ 50%] Building CXX object CMakeFiles/durbin.dir/linear-algebra/solvers/durbin/durbin.cpp.o
[ 50%] Building CXX object CMakeFiles/lu.dir/linear-algebra/solvers/lu/lu.cpp.o
[ 50%] Building CXX object CMakeFiles/floyd-warshall.dir/medley/floyd-warshall/floyd-warshall.cpp.o
[ 50%] Building CXX object CMakeFiles/trmm.dir/linear-algebra/blas/trmm/trmm.cpp.o
[ 50%] Building CXX object CMakeFiles/ludcmp.dir/linear-algebra/solvers/ludcmp/ludcmp.cpp.o
[ 50%] Building CXX object CMakeFiles/deriche.dir/medley/deriche/deriche.cpp.o
[ 50%] Building CXX object CMakeFiles/gramschmidt.dir/linear-algebra/solvers/gramschmidt/gramschmidt.cpp.o
[ 50%] Building CXX object CMakeFiles/mvt.dir/linear-algebra/kernels/mvt/mvt.cpp.o
[ 50%] Building CXX object CMakeFiles/cholesky.dir/linear-algebra/solvers/cholesky/cholesky.cpp.o
[ 50%] Building CXX object CMakeFiles/nussinov.dir/medley/nussinov/nussinov.cpp.o
[ 50%] Building CXX object CMakeFiles/adi.dir/stencils/adi/adi.cpp.o
[ 50%] Building CXX object CMakeFiles/fdtd-2d.dir/stencils/fdtd-2d/fdtd-2d.cpp.o
[ 50%] Building CXX object CMakeFiles/jacobi-1d.dir/stencils/jacobi-1d/jacobi-1d.cpp.o
[ 50%] Building CXX object CMakeFiles/trisolv.dir/linear-algebra/solvers/trisolv/trisolv.cpp.o
[ 50%] Building CXX object CMakeFiles/jacobi-2d.dir/stencils/jacobi-2d/jacobi-2d.cpp.o
[ 50%] Building CXX object CMakeFiles/seidel-2d.dir/stencils/seidel-2d/seidel-2d.cpp.o
[ 50%] Building CXX object CMakeFiles/heat-3d.dir/stencils/heat-3d/heat-3d.cpp.o
[ 51%] Linking CXX executable gemver
[ 53%] Linking CXX executable gramschmidt
[ 55%] Linking CXX executable floyd-warshall
[ 56%] Linking CXX executable cholesky
[ 58%] Linking CXX executable gemm
[ 58%] Built target floyd-warshall
[ 60%] Linking CXX executable jacobi-1d
[ 60%] Built target cholesky
[ 60%] Built target gemm
[ 60%] Built target jacobi-1d
[ 61%] Linking CXX executable 2mm
[ 63%] Linking CXX executable correlation
[ 65%] Linking CXX executable syr2k
[ 65%] Built target 2mm
[ 65%] Built target correlation
[ 65%] Built target syr2k
[ 66%] Linking CXX executable 3mm
[ 68%] Linking CXX executable heat-3d
[ 70%] Linking CXX executable trisolv
[ 70%] Built target 3mm
[ 71%] Linking CXX executable mvt
[ 73%] Linking CXX executable doitgen
[ 73%] Built target heat-3d
[ 75%] Linking CXX executable atax
[ 75%] Built target trisolv
[ 75%] Built target mvt
[ 76%] Linking CXX executable gesummv
[ 76%] Built target doitgen
[ 76%] Built target atax
[ 78%] Linking CXX executable bicg
[ 78%] Built target gesummv
[ 80%] Linking CXX executable fdtd-2d
[ 80%] Built target bicg
[ 81%] Linking CXX executable nussinov
[ 81%] Built target fdtd-2d
[ 81%] Built target nussinov
halide,all_hints,2mm,,,runtime_error,5,LARGE,DOUBLE
halide,all_hints,3mm,,,runtime_error,5,LARGE,DOUBLE
halide,all_hints,adi,,,compile_error,5,LARGE,DOUBLE
halide,all_hints,atax,,,runtime_error,5,LARGE,DOUBLE
halide,all_hints,bicg,0.009251,1.573,valid,5,LARGE,DOUBLE
halide,all_hints,bicg,1,0.010619,5,LARGE,DOUBLE
halide,all_hints,bicg,2,0.009771,5,LARGE,DOUBLE
halide,all_hints,bicg,3,0.010249,5,LARGE,DOUBLE
halide,all_hints,bicg,4,0.010086,5,LARGE,DOUBLE
halide,all_hints,bicg,5,0.009621,5,LARGE,DOUBLE
halide,all_hints,cholesky,1.887325,,validity_error,5,LARGE,DOUBLE
halide,all_hints,correlation,3.400390,,validity_error,5,LARGE,DOUBLE
halide,all_hints,covariance,,,compile_error,5,LARGE,DOUBLE
halide,all_hints,deriche,,,compile_error,5,LARGE,DOUBLE
halide,all_hints,doitgen,,,runtime_error,5,LARGE,DOUBLE
halide,all_hints,durbin,,,compile_error,5,LARGE,DOUBLE
halide,all_hints,fdtd-2d,5.623882,0.306,valid,5,LARGE,DOUBLE
halide,all_hints,fdtd-2d,1,5.570100,5,LARGE,DOUBLE
halide,all_hints,fdtd-2d,2,5.387168,5,LARGE,DOUBLE
halide,all_hints,fdtd-2d,3,5.910136,5,LARGE,DOUBLE
halide,all_hints,fdtd-2d,4,5.176635,5,LARGE,DOUBLE
halide,all_hints,fdtd-2d,5,5.644808,5,LARGE,DOUBLE
halide,all_hints,floyd-warshall,10.508346,2.145,valid,5,LARGE,DOUBLE
halide,all_hints,floyd-warshall,1,10.944137,5,LARGE,DOUBLE
halide,all_hints,floyd-warshall,2,10.606482,5,LARGE,DOUBLE
halide,all_hints,floyd-warshall,3,10.529094,5,LARGE,DOUBLE
halide,all_hints,floyd-warshall,4,10.643212,5,LARGE,DOUBLE
halide,all_hints,floyd-warshall,5,10.907994,5,LARGE,DOUBLE
halide,all_hints,gemm,,,runtime_error,5,LARGE,DOUBLE
halide,all_hints,gemver,,,compile_error,5,LARGE,DOUBLE
halide,all_hints,gesummv,,,runtime_error,5,LARGE,DOUBLE
halide,all_hints,gramschmidt,,,compile_error,5,LARGE,DOUBLE
halide,all_hints,heat-3d,3.011820,0.645,valid,5,LARGE,DOUBLE
halide,all_hints,heat-3d,1,3.164557,5,LARGE,DOUBLE
halide,all_hints,heat-3d,2,3.271576,5,LARGE,DOUBLE
halide,all_hints,heat-3d,3,2.869534,5,LARGE,DOUBLE
halide,all_hints,heat-3d,4,3.170192,5,LARGE,DOUBLE
halide,all_hints,heat-3d,5,2.903111,5,LARGE,DOUBLE
halide,all_hints,jacobi-1d,0.002502,0.374,valid,5,LARGE,DOUBLE
halide,all_hints,jacobi-1d,1,0.002566,5,LARGE,DOUBLE
halide,all_hints,jacobi-1d,2,0.002451,5,LARGE,DOUBLE
halide,all_hints,jacobi-1d,3,0.002538,5,LARGE,DOUBLE
halide,all_hints,jacobi-1d,4,0.002555,5,LARGE,DOUBLE
halide,all_hints,jacobi-1d,5,0.002772,5,LARGE,DOUBLE
halide,all_hints,jacobi-2d,,,compile_error,5,LARGE,DOUBLE
halide,all_hints,lu,,,compile_error,5,LARGE,DOUBLE
halide,all_hints,ludcmp,,,compile_error,5,LARGE,DOUBLE
halide,all_hints,mvt,0.023572,0.622,valid,5,LARGE,DOUBLE
halide,all_hints,mvt,1,0.025280,5,LARGE,DOUBLE
halide,all_hints,mvt,2,0.023958,5,LARGE,DOUBLE
halide,all_hints,mvt,3,0.026750,5,LARGE,DOUBLE
halide,all_hints,mvt,4,0.023227,5,LARGE,DOUBLE
halide,all_hints,mvt,5,0.025191,5,LARGE,DOUBLE
halide,all_hints,nussinov,,,runtime_error,5,LARGE,DOUBLE
halide,all_hints,seidel-2d,,,compile_error,5,LARGE,DOUBLE
halide,all_hints,symm,,,compile_error,5,LARGE,DOUBLE
halide,all_hints,syr2k,,,runtime_error,5,LARGE,DOUBLE
halide,all_hints,syrk,,,compile_error,5,LARGE,DOUBLE
halide,all_hints,trisolv,,,runtime_error,5,LARGE,DOUBLE
halide,all_hints,trmm,,,compile_error,5,LARGE,DOUBLE
Generated C for 'gemm' in /home/kleplj/all_hints/optimization/all_hints/PolybenchC-Exo/build/generated/gemm
Built gemm executable.
Generated C for 'gemver' in /home/kleplj/all_hints/optimization/all_hints/PolybenchC-Exo/build/generated/gemver
Built gemver executable.
Generated C for 'gesummv' in /home/kleplj/all_hints/optimization/all_hints/PolybenchC-Exo/build/generated/gesummv
Generated C for 'symm' in /home/kleplj/all_hints/optimization/all_hints/PolybenchC-Exo/build/generated/symm
Generated C for 'syr2k' in /home/kleplj/all_hints/optimization/all_hints/PolybenchC-Exo/build/generated/syr2k
Built syr2k executable.
Generated C for 'syrk' in /home/kleplj/all_hints/optimization/all_hints/PolybenchC-Exo/build/generated/syrk
Built syrk executable.
Generated C for 'trmm' in /home/kleplj/all_hints/optimization/all_hints/PolybenchC-Exo/build/generated/trmm
Built trmm executable.
Generated C for 'atax' in /home/kleplj/all_hints/optimization/all_hints/PolybenchC-Exo/build/generated/atax
Built atax executable.
Generated C for 'doitgen' in /home/kleplj/all_hints/optimization/all_hints/PolybenchC-Exo/build/generated/doitgen
Built doitgen executable.
Generated C for 'mvt' in /home/kleplj/all_hints/optimization/all_hints/PolybenchC-Exo/build/generated/mvt
Built mvt executable.
Generated C for 'cholesky' in /home/kleplj/all_hints/optimization/all_hints/PolybenchC-Exo/build/generated/cholesky
Built cholesky executable.
Generated C for 'durbin' in /home/kleplj/all_hints/optimization/all_hints/PolybenchC-Exo/build/generated/durbin
Built durbin executable.
Generated C for 'gramschmidt' in /home/kleplj/all_hints/optimization/all_hints/PolybenchC-Exo/build/generated/gramschmidt
Built gramschmidt executable.
Generated C for 'lu' in /home/kleplj/all_hints/optimization/all_hints/PolybenchC-Exo/build/generated/lu
Built lu executable.
Generated C for 'trisolv' in /home/kleplj/all_hints/optimization/all_hints/PolybenchC-Exo/build/generated/trisolv
Built trisolv executable.
Generated C for 'correlation' in /home/kleplj/all_hints/optimization/all_hints/PolybenchC-Exo/build/generated/correlation
Built correlation executable.
Generated C for 'covariance' in /home/kleplj/all_hints/optimization/all_hints/PolybenchC-Exo/build/generated/covariance
Built covariance executable.
Generated C for 'adi' in /home/kleplj/all_hints/optimization/all_hints/PolybenchC-Exo/build/generated/adi
Built adi executable.
Generated C for 'heat-3d' in /home/kleplj/all_hints/optimization/all_hints/PolybenchC-Exo/build/generated/heat-3d
Built heat-3d executable.
Generated C for 'jacobi-1d' in /home/kleplj/all_hints/optimization/all_hints/PolybenchC-Exo/build/generated/jacobi-1d
Built jacobi-1d executable.
Generated C for 'seidel-2d' in /home/kleplj/all_hints/optimization/all_hints/PolybenchC-Exo/build/generated/seidel-2d
Built seidel-2d executable.
Generated C for 'deriche' in /home/kleplj/all_hints/optimization/all_hints/PolybenchC-Exo/build/generated/deriche
Built deriche executable.
Generated C for 'floyd-warshall' in /home/kleplj/all_hints/optimization/all_hints/PolybenchC-Exo/build/generated/floyd-warshall
Built floyd-warshall executable.
Exo build complete. Generated sources in: /home/kleplj/all_hints/optimization/all_hints/PolybenchC-Exo/build
Removing temp dir /tmp/slurm.303974/tmp.ziVzGpHssY
exo,all_hints,2mm,,,compile_error,1,LARGE,DOUBLE
exo,all_hints,3mm,,,compile_error,1,LARGE,DOUBLE
exo,all_hints,adi,0.603244,17.246,valid,1,LARGE,DOUBLE
exo,all_hints,adi,1,0.618403,1,LARGE,DOUBLE
exo,all_hints,adi,2,0.600504,1,LARGE,DOUBLE
exo,all_hints,adi,3,0.591873,1,LARGE,DOUBLE
exo,all_hints,adi,4,0.595048,1,LARGE,DOUBLE
exo,all_hints,adi,5,0.611884,1,LARGE,DOUBLE
exo,all_hints,atax,0.008716,0.978,valid,1,LARGE,DOUBLE
exo,all_hints,atax,1,0.008732,1,LARGE,DOUBLE
exo,all_hints,atax,2,0.008676,1,LARGE,DOUBLE
exo,all_hints,atax,3,0.008583,1,LARGE,DOUBLE
exo,all_hints,atax,4,0.008678,1,LARGE,DOUBLE
exo,all_hints,atax,5,0.008696,1,LARGE,DOUBLE
exo,all_hints,bicg,,,compile_error,1,LARGE,DOUBLE
exo,all_hints,cholesky,1.896172,1.003,valid,1,LARGE,DOUBLE
exo,all_hints,cholesky,1,1.894810,1,LARGE,DOUBLE
exo,all_hints,cholesky,2,1.896159,1,LARGE,DOUBLE
exo,all_hints,cholesky,3,1.895634,1,LARGE,DOUBLE
exo,all_hints,cholesky,4,1.893312,1,LARGE,DOUBLE
exo,all_hints,cholesky,5,1.895722,1,LARGE,DOUBLE
exo,all_hints,correlation,0.079165,21.643,valid,1,LARGE,DOUBLE
exo,all_hints,correlation,1,0.079395,1,LARGE,DOUBLE
exo,all_hints,correlation,2,0.078529,1,LARGE,DOUBLE
exo,all_hints,correlation,3,0.078094,1,LARGE,DOUBLE
exo,all_hints,correlation,4,0.078080,1,LARGE,DOUBLE
exo,all_hints,correlation,5,0.078777,1,LARGE,DOUBLE
exo,all_hints,covariance,3.279068,0.521,valid,1,LARGE,DOUBLE
exo,all_hints,covariance,1,3.277992,1,LARGE,DOUBLE
exo,all_hints,covariance,2,3.283212,1,LARGE,DOUBLE
exo,all_hints,covariance,3,3.278211,1,LARGE,DOUBLE
exo,all_hints,covariance,4,3.278517,1,LARGE,DOUBLE
exo,all_hints,covariance,5,3.278733,1,LARGE,DOUBLE
exo,all_hints,deriche,0.070835,3.144,valid,1,LARGE,DOUBLE
exo,all_hints,deriche,1,0.072107,1,LARGE,DOUBLE
exo,all_hints,deriche,2,0.071316,1,LARGE,DOUBLE
exo,all_hints,deriche,3,0.072008,1,LARGE,DOUBLE
exo,all_hints,deriche,4,0.072758,1,LARGE,DOUBLE
exo,all_hints,deriche,5,0.064952,1,LARGE,DOUBLE
exo,all_hints,doitgen,1.922577,0.387,valid,1,LARGE,DOUBLE
exo,all_hints,doitgen,1,1.845297,1,LARGE,DOUBLE
exo,all_hints,doitgen,2,1.801178,1,LARGE,DOUBLE
exo,all_hints,doitgen,3,1.833632,1,LARGE,DOUBLE
exo,all_hints,doitgen,4,1.900608,1,LARGE,DOUBLE
exo,all_hints,doitgen,5,1.890771,1,LARGE,DOUBLE
exo,all_hints,durbin,0.004021,0.961,valid,1,LARGE,DOUBLE
exo,all_hints,durbin,1,0.004033,1,LARGE,DOUBLE
exo,all_hints,durbin,2,0.004031,1,LARGE,DOUBLE
exo,all_hints,durbin,3,0.004039,1,LARGE,DOUBLE
exo,all_hints,durbin,4,0.004037,1,LARGE,DOUBLE
exo,all_hints,durbin,5,0.004028,1,LARGE,DOUBLE
exo,all_hints,fdtd-2d,,,compile_error,1,LARGE,DOUBLE
exo,all_hints,floyd-warshall,0.972242,23.187,valid,1,LARGE,DOUBLE
exo,all_hints,floyd-warshall,1,0.835849,1,LARGE,DOUBLE
exo,all_hints,floyd-warshall,2,0.857720,1,LARGE,DOUBLE
exo,all_hints,floyd-warshall,3,0.883135,1,LARGE,DOUBLE
exo,all_hints,floyd-warshall,4,0.807404,1,LARGE,DOUBLE
exo,all_hints,floyd-warshall,5,0.820270,1,LARGE,DOUBLE
exo,all_hints,gemm,0.015348,29.170,valid,1,LARGE,DOUBLE
exo,all_hints,gemm,1,0.015293,1,LARGE,DOUBLE
exo,all_hints,gemm,2,0.015968,1,LARGE,DOUBLE
exo,all_hints,gemm,3,0.015056,1,LARGE,DOUBLE
exo,all_hints,gemm,4,0.014998,1,LARGE,DOUBLE
exo,all_hints,gemm,5,0.014998,1,LARGE,DOUBLE
exo,all_hints,gemver,0.004678,3.758,valid,1,LARGE,DOUBLE
exo,all_hints,gemver,1,0.004758,1,LARGE,DOUBLE
exo,all_hints,gemver,2,0.004606,1,LARGE,DOUBLE
exo,all_hints,gemver,3,0.004630,1,LARGE,DOUBLE
exo,all_hints,gemver,4,0.004670,1,LARGE,DOUBLE
exo,all_hints,gemver,5,0.004653,1,LARGE,DOUBLE
exo,all_hints,gesummv,,,compile_error,1,LARGE,DOUBLE
exo,all_hints,gramschmidt,20.502249,,validity_error,1,LARGE,DOUBLE
exo,all_hints,heat-3d,1.484036,1.294,valid,1,LARGE,DOUBLE
exo,all_hints,heat-3d,1,1.474578,1,LARGE,DOUBLE
exo,all_hints,heat-3d,2,1.450057,1,LARGE,DOUBLE
exo,all_hints,heat-3d,3,1.454141,1,LARGE,DOUBLE
exo,all_hints,heat-3d,4,1.442192,1,LARGE,DOUBLE
exo,all_hints,heat-3d,5,1.392953,1,LARGE,DOUBLE
exo,all_hints,jacobi-1d,0.029802,0.031,valid,1,LARGE,DOUBLE
exo,all_hints,jacobi-1d,1,0.029288,1,LARGE,DOUBLE
exo,all_hints,jacobi-1d,2,0.028956,1,LARGE,DOUBLE
exo,all_hints,jacobi-1d,3,0.028899,1,LARGE,DOUBLE
exo,all_hints,jacobi-1d,4,0.029068,1,LARGE,DOUBLE
exo,all_hints,jacobi-1d,5,0.028423,1,LARGE,DOUBLE
exo,all_hints,jacobi-2d,,,compile_error,1,LARGE,DOUBLE
exo,all_hints,lu,2.492390,1.776,valid,1,LARGE,DOUBLE
exo,all_hints,lu,1,2.731384,1,LARGE,DOUBLE
exo,all_hints,lu,2,2.421060,1,LARGE,DOUBLE
exo,all_hints,lu,3,2.523802,1,LARGE,DOUBLE
exo,all_hints,lu,4,2.418361,1,LARGE,DOUBLE
exo,all_hints,lu,5,2.472357,1,LARGE,DOUBLE
exo,all_hints,ludcmp,,,compile_error,1,LARGE,DOUBLE
exo,all_hints,mvt,0.002627,5.554,valid,1,LARGE,DOUBLE
exo,all_hints,mvt,1,0.002798,1,LARGE,DOUBLE
exo,all_hints,mvt,2,0.002711,1,LARGE,DOUBLE
exo,all_hints,mvt,3,0.002620,1,LARGE,DOUBLE
exo,all_hints,mvt,4,0.002636,1,LARGE,DOUBLE
exo,all_hints,mvt,5,0.002658,1,LARGE,DOUBLE
exo,all_hints,nussinov,,,compile_error,1,LARGE,DOUBLE
exo,all_hints,seidel-2d,27.166274,1.000,valid,1,LARGE,DOUBLE
exo,all_hints,seidel-2d,1,27.168517,1,LARGE,DOUBLE
exo,all_hints,seidel-2d,2,27.167311,1,LARGE,DOUBLE
exo,all_hints,seidel-2d,3,27.168036,1,LARGE,DOUBLE
exo,all_hints,seidel-2d,4,27.168450,1,LARGE,DOUBLE
exo,all_hints,seidel-2d,5,27.166270,1,LARGE,DOUBLE
exo,all_hints,symm,,,compile_error,1,LARGE,DOUBLE
exo,all_hints,syr2k,0.059534,22.248,valid,1,LARGE,DOUBLE
exo,all_hints,syr2k,1,0.058498,1,LARGE,DOUBLE
exo,all_hints,syr2k,2,0.057941,1,LARGE,DOUBLE
exo,all_hints,syr2k,3,0.059014,1,LARGE,DOUBLE
exo,all_hints,syr2k,4,0.057684,1,LARGE,DOUBLE
exo,all_hints,syr2k,5,0.058939,1,LARGE,DOUBLE
exo,all_hints,syrk,0.031228,21.188,valid,1,LARGE,DOUBLE
exo,all_hints,syrk,1,0.029969,1,LARGE,DOUBLE
exo,all_hints,syrk,2,0.030553,1,LARGE,DOUBLE
exo,all_hints,syrk,3,0.030446,1,LARGE,DOUBLE
exo,all_hints,syrk,4,0.030577,1,LARGE,DOUBLE
exo,all_hints,syrk,5,0.030666,1,LARGE,DOUBLE
exo,all_hints,trisolv,0.003082,1.009,valid,1,LARGE,DOUBLE
exo,all_hints,trisolv,1,0.003137,1,LARGE,DOUBLE
exo,all_hints,trisolv,2,0.003077,1,LARGE,DOUBLE
exo,all_hints,trisolv,3,0.003086,1,LARGE,DOUBLE
exo,all_hints,trisolv,4,0.003125,1,LARGE,DOUBLE
exo,all_hints,trisolv,5,0.003086,1,LARGE,DOUBLE
exo,all_hints,trmm,0.056874,17.399,valid,1,LARGE,DOUBLE
exo,all_hints,trmm,1,0.057932,1,LARGE,DOUBLE
exo,all_hints,trmm,2,0.057114,1,LARGE,DOUBLE
exo,all_hints,trmm,3,0.057047,1,LARGE,DOUBLE
exo,all_hints,trmm,4,0.056840,1,LARGE,DOUBLE
exo,all_hints,trmm,5,0.056201,1,LARGE,DOUBLE
Generated C for 'gemm' in /home/kleplj/all_hints/optimization/all_hints/PolybenchC-Exo/build/generated/gemm
Built gemm executable.
Generated C for 'gemver' in /home/kleplj/all_hints/optimization/all_hints/PolybenchC-Exo/build/generated/gemver
Built gemver executable.
Generated C for 'gesummv' in /home/kleplj/all_hints/optimization/all_hints/PolybenchC-Exo/build/generated/gesummv
Built gesummv executable.
Generated C for 'symm' in /home/kleplj/all_hints/optimization/all_hints/PolybenchC-Exo/build/generated/symm
Built symm executable.
Generated C for 'syr2k' in /home/kleplj/all_hints/optimization/all_hints/PolybenchC-Exo/build/generated/syr2k
Built syr2k executable.
Generated C for 'syrk' in /home/kleplj/all_hints/optimization/all_hints/PolybenchC-Exo/build/generated/syrk
Built syrk executable.
Generated C for 'trmm' in /home/kleplj/all_hints/optimization/all_hints/PolybenchC-Exo/build/generated/trmm
Built trmm executable.
Generated C for '2mm' in /home/kleplj/all_hints/optimization/all_hints/PolybenchC-Exo/build/generated/2mm
Built 2mm executable.
Generated C for 'atax' in /home/kleplj/all_hints/optimization/all_hints/PolybenchC-Exo/build/generated/atax
Built atax executable.
Generated C for 'bicg' in /home/kleplj/all_hints/optimization/all_hints/PolybenchC-Exo/build/generated/bicg
Built bicg executable.
Generated C for 'doitgen' in /home/kleplj/all_hints/optimization/all_hints/PolybenchC-Exo/build/generated/doitgen
Built doitgen executable.
Generated C for 'mvt' in /home/kleplj/all_hints/optimization/all_hints/PolybenchC-Exo/build/generated/mvt
Built mvt executable.
Generated C for 'cholesky' in /home/kleplj/all_hints/optimization/all_hints/PolybenchC-Exo/build/generated/cholesky
Built cholesky executable.
Generated C for 'durbin' in /home/kleplj/all_hints/optimization/all_hints/PolybenchC-Exo/build/generated/durbin
Built durbin executable.
Generated C for 'lu' in /home/kleplj/all_hints/optimization/all_hints/PolybenchC-Exo/build/generated/lu
Built lu executable.
Generated C for 'ludcmp' in /home/kleplj/all_hints/optimization/all_hints/PolybenchC-Exo/build/generated/ludcmp
Built ludcmp executable.
Generated C for 'trisolv' in /home/kleplj/all_hints/optimization/all_hints/PolybenchC-Exo/build/generated/trisolv
Built trisolv executable.
Generated C for 'correlation' in /home/kleplj/all_hints/optimization/all_hints/PolybenchC-Exo/build/generated/correlation
Built correlation executable.
Generated C for 'adi' in /home/kleplj/all_hints/optimization/all_hints/PolybenchC-Exo/build/generated/adi
Built adi executable.
Generated C for 'jacobi-1d' in /home/kleplj/all_hints/optimization/all_hints/PolybenchC-Exo/build/generated/jacobi-1d
Built jacobi-1d executable.
Generated C for 'jacobi-2d' in /home/kleplj/all_hints/optimization/all_hints/PolybenchC-Exo/build/generated/jacobi-2d
Built jacobi-2d executable.
Generated C for 'deriche' in /home/kleplj/all_hints/optimization/all_hints/PolybenchC-Exo/build/generated/deriche
Built deriche executable.
Generated C for 'floyd-warshall' in /home/kleplj/all_hints/optimization/all_hints/PolybenchC-Exo/build/generated/floyd-warshall
Built floyd-warshall executable.
Generated C for 'nussinov' in /home/kleplj/all_hints/optimization/all_hints/PolybenchC-Exo/build/generated/nussinov
Built nussinov executable.
Exo build complete. Generated sources in: /home/kleplj/all_hints/optimization/all_hints/PolybenchC-Exo/build
Removing temp dir /tmp/slurm.303974/tmp.w8Ny9sQzEP
exo,all_hints,2mm,0.587634,4.413,valid,2,LARGE,DOUBLE
exo,all_hints,2mm,1,0.572226,2,LARGE,DOUBLE
exo,all_hints,2mm,2,0.565797,2,LARGE,DOUBLE
exo,all_hints,2mm,3,0.570808,2,LARGE,DOUBLE
exo,all_hints,2mm,4,0.587431,2,LARGE,DOUBLE
exo,all_hints,2mm,5,0.587659,2,LARGE,DOUBLE
exo,all_hints,3mm,,,compile_error,2,LARGE,DOUBLE
exo,all_hints,adi,0.598755,17.380,valid,2,LARGE,DOUBLE
exo,all_hints,adi,1,0.609522,2,LARGE,DOUBLE
exo,all_hints,adi,2,0.592760,2,LARGE,DOUBLE
exo,all_hints,adi,3,0.588310,2,LARGE,DOUBLE
exo,all_hints,adi,4,0.603150,2,LARGE,DOUBLE
exo,all_hints,adi,5,0.592859,2,LARGE,DOUBLE
exo,all_hints,atax,0.006016,1.425,valid,2,LARGE,DOUBLE
exo,all_hints,atax,1,0.005909,2,LARGE,DOUBLE
exo,all_hints,atax,2,0.005891,2,LARGE,DOUBLE
exo,all_hints,atax,3,0.005913,2,LARGE,DOUBLE
exo,all_hints,atax,4,0.006031,2,LARGE,DOUBLE
exo,all_hints,atax,5,0.005995,2,LARGE,DOUBLE
exo,all_hints,bicg,0.006665,2.185,valid,2,LARGE,DOUBLE
exo,all_hints,bicg,1,0.006661,2,LARGE,DOUBLE
exo,all_hints,bicg,2,0.009956,2,LARGE,DOUBLE
exo,all_hints,bicg,3,0.006729,2,LARGE,DOUBLE
exo,all_hints,bicg,4,0.006619,2,LARGE,DOUBLE
exo,all_hints,bicg,5,0.006622,2,LARGE,DOUBLE
exo,all_hints,cholesky,1.891041,1.007,valid,2,LARGE,DOUBLE
exo,all_hints,cholesky,1,1.890764,2,LARGE,DOUBLE
exo,all_hints,cholesky,2,1.892997,2,LARGE,DOUBLE
exo,all_hints,cholesky,3,1.893543,2,LARGE,DOUBLE
exo,all_hints,cholesky,4,1.892101,2,LARGE,DOUBLE
exo,all_hints,cholesky,5,1.891583,2,LARGE,DOUBLE
exo,all_hints,correlation,0.075376,22.626,valid,2,LARGE,DOUBLE
exo,all_hints,correlation,1,0.074304,2,LARGE,DOUBLE
exo,all_hints,correlation,2,0.075218,2,LARGE,DOUBLE
exo,all_hints,correlation,3,0.075284,2,LARGE,DOUBLE
exo,all_hints,correlation,4,0.074798,2,LARGE,DOUBLE
exo,all_hints,correlation,5,0.075737,2,LARGE,DOUBLE
exo,all_hints,covariance,,,compile_error,2,LARGE,DOUBLE
exo,all_hints,deriche,0.051279,4.387,valid,2,LARGE,DOUBLE
exo,all_hints,deriche,1,0.052873,2,LARGE,DOUBLE
exo,all_hints,deriche,2,0.054671,2,LARGE,DOUBLE
exo,all_hints,deriche,3,0.053705,2,LARGE,DOUBLE
exo,all_hints,deriche,4,0.053740,2,LARGE,DOUBLE
exo,all_hints,deriche,5,0.054526,2,LARGE,DOUBLE
exo,all_hints,doitgen,0.006785,109.799,valid,2,LARGE,DOUBLE
exo,all_hints,doitgen,1,0.006663,2,LARGE,DOUBLE
exo,all_hints,doitgen,2,0.006924,2,LARGE,DOUBLE
exo,all_hints,doitgen,3,0.006639,2,LARGE,DOUBLE
exo,all_hints,doitgen,4,0.006907,2,LARGE,DOUBLE
exo,all_hints,doitgen,5,0.006301,2,LARGE,DOUBLE
exo,all_hints,durbin,0.004532,0.890,valid,2,LARGE,DOUBLE
exo,all_hints,durbin,1,0.004548,2,LARGE,DOUBLE
exo,all_hints,durbin,2,0.004548,2,LARGE,DOUBLE
exo,all_hints,durbin,3,0.004592,2,LARGE,DOUBLE
exo,all_hints,durbin,4,0.004549,2,LARGE,DOUBLE
exo,all_hints,durbin,5,0.004555,2,LARGE,DOUBLE
exo,all_hints,fdtd-2d,,,compile_error,2,LARGE,DOUBLE
exo,all_hints,floyd-warshall,20.432791,1.111,valid,2,LARGE,DOUBLE
exo,all_hints,floyd-warshall,1,20.407620,2,LARGE,DOUBLE
exo,all_hints,floyd-warshall,2,20.298218,2,LARGE,DOUBLE
exo,all_hints,floyd-warshall,3,20.433705,2,LARGE,DOUBLE
exo,all_hints,floyd-warshall,4,20.409757,2,LARGE,DOUBLE
exo,all_hints,floyd-warshall,5,20.477268,2,LARGE,DOUBLE
exo,all_hints,gemm,0.067785,6.598,valid,2,LARGE,DOUBLE
exo,all_hints,gemm,1,0.067870,2,LARGE,DOUBLE
exo,all_hints,gemm,2,0.067873,2,LARGE,DOUBLE
exo,all_hints,gemm,3,0.068392,2,LARGE,DOUBLE
exo,all_hints,gemm,4,0.068006,2,LARGE,DOUBLE
exo,all_hints,gemm,5,0.067767,2,LARGE,DOUBLE
exo,all_hints,gemver,0.006316,2.780,valid,2,LARGE,DOUBLE
exo,all_hints,gemver,1,0.006318,2,LARGE,DOUBLE
exo,all_hints,gemver,2,0.006263,2,LARGE,DOUBLE
exo,all_hints,gemver,3,0.006262,2,LARGE,DOUBLE
exo,all_hints,gemver,4,0.006257,2,LARGE,DOUBLE
exo,all_hints,gemver,5,0.006327,2,LARGE,DOUBLE
exo,all_hints,gesummv,0.000855,7.380,valid,2,LARGE,DOUBLE
exo,all_hints,gesummv,1,0.000873,2,LARGE,DOUBLE
exo,all_hints,gesummv,2,0.000829,2,LARGE,DOUBLE
exo,all_hints,gesummv,3,0.000959,2,LARGE,DOUBLE
exo,all_hints,gesummv,4,0.000890,2,LARGE,DOUBLE
exo,all_hints,gesummv,5,0.000920,2,LARGE,DOUBLE
exo,all_hints,gramschmidt,,,compile_error,2,LARGE,DOUBLE
exo,all_hints,heat-3d,,,compile_error,2,LARGE,DOUBLE
exo,all_hints,jacobi-1d,0.029613,0.031,valid,2,LARGE,DOUBLE
exo,all_hints,jacobi-1d,1,0.030064,2,LARGE,DOUBLE
exo,all_hints,jacobi-1d,2,0.029522,2,LARGE,DOUBLE
exo,all_hints,jacobi-1d,3,0.028865,2,LARGE,DOUBLE
exo,all_hints,jacobi-1d,4,0.028748,2,LARGE,DOUBLE
exo,all_hints,jacobi-1d,5,0.028858,2,LARGE,DOUBLE
exo,all_hints,jacobi-2d,0.188745,8.763,valid,2,LARGE,DOUBLE
exo,all_hints,jacobi-2d,1,0.185261,2,LARGE,DOUBLE
exo,all_hints,jacobi-2d,2,0.183961,2,LARGE,DOUBLE
exo,all_hints,jacobi-2d,3,0.181655,2,LARGE,DOUBLE
exo,all_hints,jacobi-2d,4,0.185272,2,LARGE,DOUBLE
exo,all_hints,jacobi-2d,5,0.189963,2,LARGE,DOUBLE
exo,all_hints,lu,2.603569,1.700,valid,2,LARGE,DOUBLE
exo,all_hints,lu,1,2.637023,2,LARGE,DOUBLE
exo,all_hints,lu,2,2.599279,2,LARGE,DOUBLE
exo,all_hints,lu,3,2.630832,2,LARGE,DOUBLE
exo,all_hints,lu,4,2.625151,2,LARGE,DOUBLE
exo,all_hints,lu,5,2.582394,2,LARGE,DOUBLE
exo,all_hints,ludcmp,4.353617,0.997,valid,2,LARGE,DOUBLE
exo,all_hints,ludcmp,1,4.351221,2,LARGE,DOUBLE
exo,all_hints,ludcmp,2,4.423362,2,LARGE,DOUBLE
exo,all_hints,ludcmp,3,4.338012,2,LARGE,DOUBLE
exo,all_hints,ludcmp,4,4.391015,2,LARGE,DOUBLE
exo,all_hints,ludcmp,5,4.364548,2,LARGE,DOUBLE
exo,all_hints,mvt,0.002506,5.806,valid,2,LARGE,DOUBLE
exo,all_hints,mvt,1,0.002488,2,LARGE,DOUBLE
exo,all_hints,mvt,2,0.002465,2,LARGE,DOUBLE
exo,all_hints,mvt,3,0.002476,2,LARGE,DOUBLE
exo,all_hints,mvt,4,0.002450,2,LARGE,DOUBLE
exo,all_hints,mvt,5,0.002484,2,LARGE,DOUBLE
exo,all_hints,nussinov,0.350099,21.889,valid,2,LARGE,DOUBLE
exo,all_hints,nussinov,1,0.350602,2,LARGE,DOUBLE
exo,all_hints,nussinov,2,0.360523,2,LARGE,DOUBLE
exo,all_hints,nussinov,3,0.351696,2,LARGE,DOUBLE
exo,all_hints,nussinov,4,0.350302,2,LARGE,DOUBLE
exo,all_hints,nussinov,5,0.350605,2,LARGE,DOUBLE
exo,all_hints,seidel-2d,,,compile_error,2,LARGE,DOUBLE
exo,all_hints,symm,0.041422,38.324,valid,2,LARGE,DOUBLE
exo,all_hints,symm,1,0.040413,2,LARGE,DOUBLE
exo,all_hints,symm,2,0.041367,2,LARGE,DOUBLE
exo,all_hints,symm,3,0.041334,2,LARGE,DOUBLE
exo,all_hints,symm,4,0.040258,2,LARGE,DOUBLE
exo,all_hints,symm,5,0.040146,2,LARGE,DOUBLE
exo,all_hints,syr2k,0.058984,22.395,valid,2,LARGE,DOUBLE
exo,all_hints,syr2k,1,0.057426,2,LARGE,DOUBLE
exo,all_hints,syr2k,2,0.058521,2,LARGE,DOUBLE
exo,all_hints,syr2k,3,0.059176,2,LARGE,DOUBLE
exo,all_hints,syr2k,4,0.058610,2,LARGE,DOUBLE
exo,all_hints,syr2k,5,0.058607,2,LARGE,DOUBLE
exo,all_hints,syrk,0.030426,21.656,valid,2,LARGE,DOUBLE
exo,all_hints,syrk,1,0.030290,2,LARGE,DOUBLE
exo,all_hints,syrk,2,0.030499,2,LARGE,DOUBLE
exo,all_hints,syrk,3,0.031124,2,LARGE,DOUBLE
exo,all_hints,syrk,4,0.030681,2,LARGE,DOUBLE
exo,all_hints,syrk,5,0.030846,2,LARGE,DOUBLE
exo,all_hints,trisolv,0.003150,0.979,valid,2,LARGE,DOUBLE
exo,all_hints,trisolv,1,0.003088,2,LARGE,DOUBLE
exo,all_hints,trisolv,2,0.003107,2,LARGE,DOUBLE
exo,all_hints,trisolv,3,0.003080,2,LARGE,DOUBLE
exo,all_hints,trisolv,4,0.003095,2,LARGE,DOUBLE
exo,all_hints,trisolv,5,0.003084,2,LARGE,DOUBLE
exo,all_hints,trmm,0.088411,11.235,valid,2,LARGE,DOUBLE
exo,all_hints,trmm,1,0.089114,2,LARGE,DOUBLE
exo,all_hints,trmm,2,0.088555,2,LARGE,DOUBLE
exo,all_hints,trmm,3,0.088703,2,LARGE,DOUBLE
exo,all_hints,trmm,4,0.088418,2,LARGE,DOUBLE
exo,all_hints,trmm,5,0.088660,2,LARGE,DOUBLE
Generated C for 'gemver' in /home/kleplj/all_hints/optimization/all_hints/PolybenchC-Exo/build/generated/gemver
Built gemver executable.
Generated C for 'gesummv' in /home/kleplj/all_hints/optimization/all_hints/PolybenchC-Exo/build/generated/gesummv
Built gesummv executable.
Generated C for 'symm' in /home/kleplj/all_hints/optimization/all_hints/PolybenchC-Exo/build/generated/symm
Generated C for 'syr2k' in /home/kleplj/all_hints/optimization/all_hints/PolybenchC-Exo/build/generated/syr2k
Built syr2k executable.
Generated C for 'syrk' in /home/kleplj/all_hints/optimization/all_hints/PolybenchC-Exo/build/generated/syrk
Built syrk executable.
Generated C for 'trmm' in /home/kleplj/all_hints/optimization/all_hints/PolybenchC-Exo/build/generated/trmm
Built trmm executable.
Generated C for '2mm' in /home/kleplj/all_hints/optimization/all_hints/PolybenchC-Exo/build/generated/2mm
Built 2mm executable.
Generated C for '3mm' in /home/kleplj/all_hints/optimization/all_hints/PolybenchC-Exo/build/generated/3mm
Built 3mm executable.
Generated C for 'bicg' in /home/kleplj/all_hints/optimization/all_hints/PolybenchC-Exo/build/generated/bicg
Built bicg executable.
Generated C for 'doitgen' in /home/kleplj/all_hints/optimization/all_hints/PolybenchC-Exo/build/generated/doitgen
Built doitgen executable.
Generated C for 'mvt' in /home/kleplj/all_hints/optimization/all_hints/PolybenchC-Exo/build/generated/mvt
Built mvt executable.
Generated C for 'cholesky' in /home/kleplj/all_hints/optimization/all_hints/PolybenchC-Exo/build/generated/cholesky
Built cholesky executable.
Generated C for 'durbin' in /home/kleplj/all_hints/optimization/all_hints/PolybenchC-Exo/build/generated/durbin
Built durbin executable.
Generated C for 'gramschmidt' in /home/kleplj/all_hints/optimization/all_hints/PolybenchC-Exo/build/generated/gramschmidt
Built gramschmidt executable.
Generated C for 'lu' in /home/kleplj/all_hints/optimization/all_hints/PolybenchC-Exo/build/generated/lu
Built lu executable.
Generated C for 'trisolv' in /home/kleplj/all_hints/optimization/all_hints/PolybenchC-Exo/build/generated/trisolv
Built trisolv executable.
Generated C for 'correlation' in /home/kleplj/all_hints/optimization/all_hints/PolybenchC-Exo/build/generated/correlation
Built correlation executable.
Generated C for 'covariance' in /home/kleplj/all_hints/optimization/all_hints/PolybenchC-Exo/build/generated/covariance
Built covariance executable.
Generated C for 'adi' in /home/kleplj/all_hints/optimization/all_hints/PolybenchC-Exo/build/generated/adi
Built adi executable.
Generated C for 'fdtd-2d' in /home/kleplj/all_hints/optimization/all_hints/PolybenchC-Exo/build/generated/fdtd-2d
Built fdtd-2d executable.
Generated C for 'heat-3d' in /home/kleplj/all_hints/optimization/all_hints/PolybenchC-Exo/build/generated/heat-3d
Built heat-3d executable.
Generated C for 'jacobi-1d' in /home/kleplj/all_hints/optimization/all_hints/PolybenchC-Exo/build/generated/jacobi-1d
Built jacobi-1d executable.
Generated C for 'jacobi-2d' in /home/kleplj/all_hints/optimization/all_hints/PolybenchC-Exo/build/generated/jacobi-2d
Built jacobi-2d executable.
Generated C for 'seidel-2d' in /home/kleplj/all_hints/optimization/all_hints/PolybenchC-Exo/build/generated/seidel-2d
Built seidel-2d executable.
Generated C for 'floyd-warshall' in /home/kleplj/all_hints/optimization/all_hints/PolybenchC-Exo/build/generated/floyd-warshall
Built floyd-warshall executable.
Generated C for 'nussinov' in /home/kleplj/all_hints/optimization/all_hints/PolybenchC-Exo/build/generated/nussinov
Built nussinov executable.
Exo build complete. Generated sources in: /home/kleplj/all_hints/optimization/all_hints/PolybenchC-Exo/build
Removing temp dir /tmp/slurm.303974/tmp.Q8rOKMBUyN
exo,all_hints,2mm,0.020662,124.911,valid,3,LARGE,DOUBLE
exo,all_hints,2mm,1,0.019123,3,LARGE,DOUBLE
exo,all_hints,2mm,2,0.021273,3,LARGE,DOUBLE
exo,all_hints,2mm,3,0.020587,3,LARGE,DOUBLE
exo,all_hints,2mm,4,0.020536,3,LARGE,DOUBLE
exo,all_hints,2mm,5,0.020091,3,LARGE,DOUBLE
exo,all_hints,3mm,0.044675,87.492,valid,3,LARGE,DOUBLE
exo,all_hints,3mm,1,0.044894,3,LARGE,DOUBLE
exo,all_hints,3mm,2,0.044590,3,LARGE,DOUBLE
exo,all_hints,3mm,3,0.044549,3,LARGE,DOUBLE
exo,all_hints,3mm,4,0.044810,3,LARGE,DOUBLE
exo,all_hints,3mm,5,0.044806,3,LARGE,DOUBLE
exo,all_hints,adi,0.593026,17.478,valid,3,LARGE,DOUBLE
exo,all_hints,adi,1,0.598494,3,LARGE,DOUBLE
exo,all_hints,adi,2,0.608091,3,LARGE,DOUBLE
exo,all_hints,adi,3,0.610423,3,LARGE,DOUBLE
exo,all_hints,adi,4,0.596146,3,LARGE,DOUBLE
exo,all_hints,adi,5,0.604605,3,LARGE,DOUBLE
exo,all_hints,atax,,,compile_error,3,LARGE,DOUBLE
exo,all_hints,bicg,0.014587,1.002,valid,3,LARGE,DOUBLE
exo,all_hints,bicg,1,0.014631,3,LARGE,DOUBLE
exo,all_hints,bicg,2,0.014638,3,LARGE,DOUBLE
exo,all_hints,bicg,3,0.014618,3,LARGE,DOUBLE
exo,all_hints,bicg,4,0.014659,3,LARGE,DOUBLE
exo,all_hints,bicg,5,0.014682,3,LARGE,DOUBLE
exo,all_hints,cholesky,1.912644,0.996,valid,3,LARGE,DOUBLE
exo,all_hints,cholesky,1,1.906906,3,LARGE,DOUBLE
exo,all_hints,cholesky,2,1.911647,3,LARGE,DOUBLE
exo,all_hints,cholesky,3,1.909299,3,LARGE,DOUBLE
exo,all_hints,cholesky,4,1.906895,3,LARGE,DOUBLE
exo,all_hints,cholesky,5,1.909942,3,LARGE,DOUBLE
exo,all_hints,correlation,0.073997,23.102,valid,3,LARGE,DOUBLE
exo,all_hints,correlation,1,0.073232,3,LARGE,DOUBLE
exo,all_hints,correlation,2,0.072631,3,LARGE,DOUBLE
exo,all_hints,correlation,3,0.072666,3,LARGE,DOUBLE
exo,all_hints,correlation,4,0.072875,3,LARGE,DOUBLE
exo,all_hints,correlation,5,0.074337,3,LARGE,DOUBLE
exo,all_hints,covariance,0.051119,33.427,valid,3,LARGE,DOUBLE
exo,all_hints,covariance,1,0.051891,3,LARGE,DOUBLE
exo,all_hints,covariance,2,0.051729,3,LARGE,DOUBLE
exo,all_hints,covariance,3,0.052174,3,LARGE,DOUBLE
exo,all_hints,covariance,4,0.052629,3,LARGE,DOUBLE
exo,all_hints,covariance,5,0.051002,3,LARGE,DOUBLE
exo,all_hints,deriche,,,compile_error,3,LARGE,DOUBLE
exo,all_hints,doitgen,0.005261,140.987,valid,3,LARGE,DOUBLE
exo,all_hints,doitgen,1,0.005252,3,LARGE,DOUBLE
exo,all_hints,doitgen,2,0.005500,3,LARGE,DOUBLE
exo,all_hints,doitgen,3,0.005253,3,LARGE,DOUBLE
exo,all_hints,doitgen,4,0.005248,3,LARGE,DOUBLE
exo,all_hints,doitgen,5,0.005340,3,LARGE,DOUBLE
exo,all_hints,durbin,0.108766,0.035,valid,3,LARGE,DOUBLE
exo,all_hints,durbin,1,0.108525,3,LARGE,DOUBLE
exo,all_hints,durbin,2,0.107749,3,LARGE,DOUBLE
exo,all_hints,durbin,3,0.108219,3,LARGE,DOUBLE
exo,all_hints,durbin,4,0.108995,3,LARGE,DOUBLE
exo,all_hints,durbin,5,0.106693,3,LARGE,DOUBLE
exo,all_hints,fdtd-2d,0.153275,11.293,valid,3,LARGE,DOUBLE
exo,all_hints,fdtd-2d,1,0.154962,3,LARGE,DOUBLE
exo,all_hints,fdtd-2d,2,0.153175,3,LARGE,DOUBLE
exo,all_hints,fdtd-2d,3,0.154839,3,LARGE,DOUBLE
exo,all_hints,fdtd-2d,4,0.153438,3,LARGE,DOUBLE
exo,all_hints,fdtd-2d,5,0.147252,3,LARGE,DOUBLE
exo,all_hints,floyd-warshall,1.286632,17.586,valid,3,LARGE,DOUBLE
exo,all_hints,floyd-warshall,1,1.132684,3,LARGE,DOUBLE
exo,all_hints,floyd-warshall,2,1.311671,3,LARGE,DOUBLE
exo,all_hints,floyd-warshall,3,1.186250,3,LARGE,DOUBLE
exo,all_hints,floyd-warshall,4,1.078259,3,LARGE,DOUBLE
exo,all_hints,floyd-warshall,5,1.123626,3,LARGE,DOUBLE
exo,all_hints,gemm,,,compile_error,3,LARGE,DOUBLE
exo,all_hints,gemver,0.003548,4.948,valid,3,LARGE,DOUBLE
exo,all_hints,gemver,1,0.003302,3,LARGE,DOUBLE
exo,all_hints,gemver,2,0.003354,3,LARGE,DOUBLE
exo,all_hints,gemver,3,0.003240,3,LARGE,DOUBLE
exo,all_hints,gemver,4,0.003293,3,LARGE,DOUBLE
exo,all_hints,gemver,5,0.003310,3,LARGE,DOUBLE
exo,all_hints,gesummv,0.000841,7.460,valid,3,LARGE,DOUBLE
exo,all_hints,gesummv,1,0.000857,3,LARGE,DOUBLE
exo,all_hints,gesummv,2,0.000891,3,LARGE,DOUBLE
exo,all_hints,gesummv,3,0.000825,3,LARGE,DOUBLE
exo,all_hints,gesummv,4,0.000866,3,LARGE,DOUBLE
exo,all_hints,gesummv,5,0.000907,3,LARGE,DOUBLE
exo,all_hints,gramschmidt,1.239431,,validity_error,3,LARGE,DOUBLE
exo,all_hints,heat-3d,1.366571,1.402,valid,3,LARGE,DOUBLE
exo,all_hints,heat-3d,1,1.438764,3,LARGE,DOUBLE
exo,all_hints,heat-3d,2,1.374668,3,LARGE,DOUBLE
exo,all_hints,heat-3d,3,1.542574,3,LARGE,DOUBLE
exo,all_hints,heat-3d,4,1.391215,3,LARGE,DOUBLE
exo,all_hints,heat-3d,5,1.596662,3,LARGE,DOUBLE
exo,all_hints,jacobi-1d,0.030393,0.030,valid,3,LARGE,DOUBLE
exo,all_hints,jacobi-1d,1,0.029502,3,LARGE,DOUBLE
exo,all_hints,jacobi-1d,2,0.029168,3,LARGE,DOUBLE
exo,all_hints,jacobi-1d,3,0.029425,3,LARGE,DOUBLE
exo,all_hints,jacobi-1d,4,0.028851,3,LARGE,DOUBLE
exo,all_hints,jacobi-1d,5,0.029395,3,LARGE,DOUBLE
exo,all_hints,jacobi-2d,0.141774,11.544,valid,3,LARGE,DOUBLE
exo,all_hints,jacobi-2d,1,0.140992,3,LARGE,DOUBLE
exo,all_hints,jacobi-2d,2,0.143430,3,LARGE,DOUBLE
exo,all_hints,jacobi-2d,3,0.143744,3,LARGE,DOUBLE
exo,all_hints,jacobi-2d,4,0.142235,3,LARGE,DOUBLE
exo,all_hints,jacobi-2d,5,0.143549,3,LARGE,DOUBLE
exo,all_hints,lu,2.623392,1.691,valid,3,LARGE,DOUBLE
exo,all_hints,lu,1,2.631148,3,LARGE,DOUBLE
exo,all_hints,lu,2,2.627709,3,LARGE,DOUBLE
exo,all_hints,lu,3,2.705395,3,LARGE,DOUBLE
exo,all_hints,lu,4,2.652603,3,LARGE,DOUBLE
exo,all_hints,lu,5,2.595170,3,LARGE,DOUBLE
exo,all_hints,ludcmp,,,compile_error,3,LARGE,DOUBLE
exo,all_hints,mvt,0.002511,5.782,valid,3,LARGE,DOUBLE
exo,all_hints,mvt,1,0.002497,3,LARGE,DOUBLE
exo,all_hints,mvt,2,0.002505,3,LARGE,DOUBLE
exo,all_hints,mvt,3,0.002523,3,LARGE,DOUBLE
exo,all_hints,mvt,4,0.002540,3,LARGE,DOUBLE
exo,all_hints,mvt,5,0.002517,3,LARGE,DOUBLE
exo,all_hints,nussinov,0.196994,38.981,valid,3,LARGE,DOUBLE
exo,all_hints,nussinov,1,0.197741,3,LARGE,DOUBLE
exo,all_hints,nussinov,2,0.198149,3,LARGE,DOUBLE
exo,all_hints,nussinov,3,0.197318,3,LARGE,DOUBLE
exo,all_hints,nussinov,4,0.196838,3,LARGE,DOUBLE
exo,all_hints,nussinov,5,0.197236,3,LARGE,DOUBLE
exo,all_hints,seidel-2d,23.657132,,validity_error,3,LARGE,DOUBLE
exo,all_hints,symm,,,compile_error,3,LARGE,DOUBLE
exo,all_hints,syr2k,0.083048,15.997,valid,3,LARGE,DOUBLE
exo,all_hints,syr2k,1,0.083480,3,LARGE,DOUBLE
exo,all_hints,syr2k,2,0.083928,3,LARGE,DOUBLE
exo,all_hints,syr2k,3,0.082756,3,LARGE,DOUBLE
exo,all_hints,syr2k,4,0.084687,3,LARGE,DOUBLE
exo,all_hints,syr2k,5,0.083448,3,LARGE,DOUBLE
exo,all_hints,syrk,0.043091,15.259,valid,3,LARGE,DOUBLE
exo,all_hints,syrk,1,0.041965,3,LARGE,DOUBLE
exo,all_hints,syrk,2,0.042553,3,LARGE,DOUBLE
exo,all_hints,syrk,3,0.042358,3,LARGE,DOUBLE
exo,all_hints,syrk,4,0.043015,3,LARGE,DOUBLE
exo,all_hints,syrk,5,0.042320,3,LARGE,DOUBLE
exo,all_hints,trisolv,0.003124,1.004,valid,3,LARGE,DOUBLE
exo,all_hints,trisolv,1,0.003136,3,LARGE,DOUBLE
exo,all_hints,trisolv,2,0.003121,3,LARGE,DOUBLE
exo,all_hints,trisolv,3,0.003122,3,LARGE,DOUBLE
exo,all_hints,trisolv,4,0.003132,3,LARGE,DOUBLE
exo,all_hints,trisolv,5,0.003146,3,LARGE,DOUBLE
exo,all_hints,trmm,0.253541,3.943,valid,3,LARGE,DOUBLE
exo,all_hints,trmm,1,0.262599,3,LARGE,DOUBLE
exo,all_hints,trmm,2,0.263495,3,LARGE,DOUBLE
exo,all_hints,trmm,3,0.251840,3,LARGE,DOUBLE
exo,all_hints,trmm,4,0.252421,3,LARGE,DOUBLE
exo,all_hints,trmm,5,0.250637,3,LARGE,DOUBLE
Generated C for 'gemm' in /home/kleplj/all_hints/optimization/all_hints/PolybenchC-Exo/build/generated/gemm
Built gemm executable.
Generated C for 'gemver' in /home/kleplj/all_hints/optimization/all_hints/PolybenchC-Exo/build/generated/gemver
Built gemver executable.
Generated C for 'gesummv' in /home/kleplj/all_hints/optimization/all_hints/PolybenchC-Exo/build/generated/gesummv
Built gesummv executable.
Generated C for 'syr2k' in /home/kleplj/all_hints/optimization/all_hints/PolybenchC-Exo/build/generated/syr2k
Built syr2k executable.
Generated C for 'syrk' in /home/kleplj/all_hints/optimization/all_hints/PolybenchC-Exo/build/generated/syrk
Built syrk executable.
Generated C for 'trmm' in /home/kleplj/all_hints/optimization/all_hints/PolybenchC-Exo/build/generated/trmm
Built trmm executable.
Generated C for '2mm' in /home/kleplj/all_hints/optimization/all_hints/PolybenchC-Exo/build/generated/2mm
Built 2mm executable.
Generated C for '3mm' in /home/kleplj/all_hints/optimization/all_hints/PolybenchC-Exo/build/generated/3mm
Built 3mm executable.
Generated C for 'atax' in /home/kleplj/all_hints/optimization/all_hints/PolybenchC-Exo/build/generated/atax
Built atax executable.
Generated C for 'bicg' in /home/kleplj/all_hints/optimization/all_hints/PolybenchC-Exo/build/generated/bicg
Built bicg executable.
Generated C for 'doitgen' in /home/kleplj/all_hints/optimization/all_hints/PolybenchC-Exo/build/generated/doitgen
Built doitgen executable.
Generated C for 'mvt' in /home/kleplj/all_hints/optimization/all_hints/PolybenchC-Exo/build/generated/mvt
Built mvt executable.
Generated C for 'cholesky' in /home/kleplj/all_hints/optimization/all_hints/PolybenchC-Exo/build/generated/cholesky
Generated C for 'durbin' in /home/kleplj/all_hints/optimization/all_hints/PolybenchC-Exo/build/generated/durbin
Built durbin executable.
Generated C for 'gramschmidt' in /home/kleplj/all_hints/optimization/all_hints/PolybenchC-Exo/build/generated/gramschmidt
Built gramschmidt executable.
Generated C for 'lu' in /home/kleplj/all_hints/optimization/all_hints/PolybenchC-Exo/build/generated/lu
Built lu executable.
Generated C for 'ludcmp' in /home/kleplj/all_hints/optimization/all_hints/PolybenchC-Exo/build/generated/ludcmp
Generated C for 'trisolv' in /home/kleplj/all_hints/optimization/all_hints/PolybenchC-Exo/build/generated/trisolv
Built trisolv executable.
Generated C for 'correlation' in /home/kleplj/all_hints/optimization/all_hints/PolybenchC-Exo/build/generated/correlation
Built correlation executable.
Generated C for 'adi' in /home/kleplj/all_hints/optimization/all_hints/PolybenchC-Exo/build/generated/adi
Built adi executable.
Generated C for 'fdtd-2d' in /home/kleplj/all_hints/optimization/all_hints/PolybenchC-Exo/build/generated/fdtd-2d
Built fdtd-2d executable.
Generated C for 'jacobi-1d' in /home/kleplj/all_hints/optimization/all_hints/PolybenchC-Exo/build/generated/jacobi-1d
Built jacobi-1d executable.
Generated C for 'floyd-warshall' in /home/kleplj/all_hints/optimization/all_hints/PolybenchC-Exo/build/generated/floyd-warshall
Built floyd-warshall executable.
Exo build complete. Generated sources in: /home/kleplj/all_hints/optimization/all_hints/PolybenchC-Exo/build
Removing temp dir /tmp/slurm.303974/tmp.GoTlgqgbTK
exo,all_hints,2mm,0.019312,133.799,valid,4,LARGE,DOUBLE
exo,all_hints,2mm,1,0.019392,4,LARGE,DOUBLE
exo,all_hints,2mm,2,0.020070,4,LARGE,DOUBLE
exo,all_hints,2mm,3,0.020011,4,LARGE,DOUBLE
exo,all_hints,2mm,4,0.019679,4,LARGE,DOUBLE
exo,all_hints,2mm,5,0.019180,4,LARGE,DOUBLE
exo,all_hints,3mm,0.108484,35.955,valid,4,LARGE,DOUBLE
exo,all_hints,3mm,1,0.106936,4,LARGE,DOUBLE
exo,all_hints,3mm,2,0.106341,4,LARGE,DOUBLE
exo,all_hints,3mm,3,0.107329,4,LARGE,DOUBLE
exo,all_hints,3mm,4,0.105700,4,LARGE,DOUBLE
exo,all_hints,3mm,5,0.105004,4,LARGE,DOUBLE
exo,all_hints,adi,0.643174,,validity_error,4,LARGE,DOUBLE
exo,all_hints,atax,0.004997,1.724,valid,4,LARGE,DOUBLE
exo,all_hints,atax,1,0.004940,4,LARGE,DOUBLE
exo,all_hints,atax,2,0.004939,4,LARGE,DOUBLE
exo,all_hints,atax,3,0.004976,4,LARGE,DOUBLE
exo,all_hints,atax,4,0.004937,4,LARGE,DOUBLE
exo,all_hints,atax,5,0.004927,4,LARGE,DOUBLE
exo,all_hints,bicg,0.006537,2.238,valid,4,LARGE,DOUBLE
exo,all_hints,bicg,1,0.006598,4,LARGE,DOUBLE
exo,all_hints,bicg,2,0.006516,4,LARGE,DOUBLE
exo,all_hints,bicg,3,0.006524,4,LARGE,DOUBLE
exo,all_hints,bicg,4,0.006533,4,LARGE,DOUBLE
exo,all_hints,bicg,5,0.006633,4,LARGE,DOUBLE
exo,all_hints,cholesky,,,compile_error,4,LARGE,DOUBLE
exo,all_hints,correlation,0.075764,22.599,valid,4,LARGE,DOUBLE
exo,all_hints,correlation,1,0.072362,4,LARGE,DOUBLE
exo,all_hints,correlation,2,0.072114,4,LARGE,DOUBLE
exo,all_hints,correlation,3,0.072181,4,LARGE,DOUBLE
exo,all_hints,correlation,4,0.071190,4,LARGE,DOUBLE
exo,all_hints,correlation,5,0.071413,4,LARGE,DOUBLE
exo,all_hints,covariance,,,compile_error,4,LARGE,DOUBLE
exo,all_hints,deriche,,,compile_error,4,LARGE,DOUBLE
exo,all_hints,doitgen,0.005998,123.710,valid,4,LARGE,DOUBLE
exo,all_hints,doitgen,1,0.005419,4,LARGE,DOUBLE
exo,all_hints,doitgen,2,0.005805,4,LARGE,DOUBLE
exo,all_hints,doitgen,3,0.005734,4,LARGE,DOUBLE
exo,all_hints,doitgen,4,0.005872,4,LARGE,DOUBLE
exo,all_hints,doitgen,5,0.005746,4,LARGE,DOUBLE
exo,all_hints,durbin,0.158353,,validity_error,4,LARGE,DOUBLE
exo,all_hints,fdtd-2d,0.150102,11.532,valid,4,LARGE,DOUBLE
exo,all_hints,fdtd-2d,1,0.154256,4,LARGE,DOUBLE
exo,all_hints,fdtd-2d,2,0.149897,4,LARGE,DOUBLE
exo,all_hints,fdtd-2d,3,0.151353,4,LARGE,DOUBLE
exo,all_hints,fdtd-2d,4,0.155002,4,LARGE,DOUBLE
exo,all_hints,fdtd-2d,5,0.154043,4,LARGE,DOUBLE
exo,all_hints,floyd-warshall,0.828628,27.277,valid,4,LARGE,DOUBLE
exo,all_hints,floyd-warshall,1,0.940509,4,LARGE,DOUBLE
exo,all_hints,floyd-warshall,2,0.845805,4,LARGE,DOUBLE
exo,all_hints,floyd-warshall,3,0.825957,4,LARGE,DOUBLE
exo,all_hints,floyd-warshall,4,0.872719,4,LARGE,DOUBLE
exo,all_hints,floyd-warshall,5,0.807777,4,LARGE,DOUBLE
exo,all_hints,gemm,0.034384,13.032,valid,4,LARGE,DOUBLE
exo,all_hints,gemm,1,0.034207,4,LARGE,DOUBLE
exo,all_hints,gemm,2,0.033581,4,LARGE,DOUBLE
exo,all_hints,gemm,3,0.035126,4,LARGE,DOUBLE
exo,all_hints,gemm,4,0.033354,4,LARGE,DOUBLE
exo,all_hints,gemm,5,0.033308,4,LARGE,DOUBLE
exo,all_hints,gemver,0.006289,2.785,valid,4,LARGE,DOUBLE
exo,all_hints,gemver,1,0.006272,4,LARGE,DOUBLE
exo,all_hints,gemver,2,0.006259,4,LARGE,DOUBLE
exo,all_hints,gemver,3,0.006280,4,LARGE,DOUBLE
exo,all_hints,gemver,4,0.006245,4,LARGE,DOUBLE
exo,all_hints,gemver,5,0.006306,4,LARGE,DOUBLE
exo,all_hints,gesummv,0.000822,7.578,valid,4,LARGE,DOUBLE
exo,all_hints,gesummv,1,0.000871,4,LARGE,DOUBLE
exo,all_hints,gesummv,2,0.000876,4,LARGE,DOUBLE
exo,all_hints,gesummv,3,0.000855,4,LARGE,DOUBLE
exo,all_hints,gesummv,4,0.000902,4,LARGE,DOUBLE
exo,all_hints,gesummv,5,0.000952,4,LARGE,DOUBLE
exo,all_hints,gramschmidt,31.805777,,validity_error,4,LARGE,DOUBLE
exo,all_hints,heat-3d,,,compile_error,4,LARGE,DOUBLE
exo,all_hints,jacobi-1d,0.029182,0.032,valid,4,LARGE,DOUBLE
exo,all_hints,jacobi-1d,1,0.029348,4,LARGE,DOUBLE
exo,all_hints,jacobi-1d,2,0.028364,4,LARGE,DOUBLE
exo,all_hints,jacobi-1d,3,0.028754,4,LARGE,DOUBLE
exo,all_hints,jacobi-1d,4,0.028459,4,LARGE,DOUBLE
exo,all_hints,jacobi-1d,5,0.029161,4,LARGE,DOUBLE
exo,all_hints,jacobi-2d,,,compile_error,4,LARGE,DOUBLE
exo,all_hints,lu,44.582884,0.099,valid,4,LARGE,DOUBLE
exo,all_hints,lu,1,48.406516,4,LARGE,DOUBLE
exo,all_hints,lu,2,47.862221,4,LARGE,DOUBLE
exo,all_hints,lu,3,48.981514,4,LARGE,DOUBLE
exo,all_hints,lu,4,48.713304,4,LARGE,DOUBLE
exo,all_hints,lu,5,46.077554,4,LARGE,DOUBLE
exo,all_hints,ludcmp,,,compile_error,4,LARGE,DOUBLE
exo,all_hints,mvt,0.002401,6.083,valid,4,LARGE,DOUBLE
exo,all_hints,mvt,1,0.002366,4,LARGE,DOUBLE
exo,all_hints,mvt,2,0.002357,4,LARGE,DOUBLE
exo,all_hints,mvt,3,0.002358,4,LARGE,DOUBLE
exo,all_hints,mvt,4,0.002356,4,LARGE,DOUBLE
exo,all_hints,mvt,5,0.002371,4,LARGE,DOUBLE
exo,all_hints,nussinov,,,compile_error,4,LARGE,DOUBLE
exo,all_hints,seidel-2d,,,compile_error,4,LARGE,DOUBLE
exo,all_hints,symm,,,compile_error,4,LARGE,DOUBLE
exo,all_hints,syr2k,0.052769,25.090,valid,4,LARGE,DOUBLE
exo,all_hints,syr2k,1,0.049169,4,LARGE,DOUBLE
exo,all_hints,syr2k,2,0.051242,4,LARGE,DOUBLE
exo,all_hints,syr2k,3,0.049632,4,LARGE,DOUBLE
exo,all_hints,syr2k,4,0.052772,4,LARGE,DOUBLE
exo,all_hints,syr2k,5,0.053785,4,LARGE,DOUBLE
exo,all_hints,syrk,0.039670,16.560,valid,4,LARGE,DOUBLE
exo,all_hints,syrk,1,0.039658,4,LARGE,DOUBLE
exo,all_hints,syrk,2,0.039500,4,LARGE,DOUBLE
exo,all_hints,syrk,3,0.039277,4,LARGE,DOUBLE
exo,all_hints,syrk,4,0.040267,4,LARGE,DOUBLE
exo,all_hints,syrk,5,0.039463,4,LARGE,DOUBLE
exo,all_hints,trisolv,0.003104,0.994,valid,4,LARGE,DOUBLE
exo,all_hints,trisolv,1,0.003115,4,LARGE,DOUBLE
exo,all_hints,trisolv,2,0.003162,4,LARGE,DOUBLE
exo,all_hints,trisolv,3,0.003116,4,LARGE,DOUBLE
exo,all_hints,trisolv,4,0.003081,4,LARGE,DOUBLE
exo,all_hints,trisolv,5,0.003071,4,LARGE,DOUBLE
exo,all_hints,trmm,12.385091,0.079,valid,4,LARGE,DOUBLE
exo,all_hints,trmm,1,11.296101,4,LARGE,DOUBLE
exo,all_hints,trmm,2,11.659593,4,LARGE,DOUBLE
exo,all_hints,trmm,3,12.466519,4,LARGE,DOUBLE
exo,all_hints,trmm,4,11.577732,4,LARGE,DOUBLE
exo,all_hints,trmm,5,11.173835,4,LARGE,DOUBLE
Generated C for 'gemm' in /home/kleplj/all_hints/optimization/all_hints/PolybenchC-Exo/build/generated/gemm
Built gemm executable.
Generated C for 'gemver' in /home/kleplj/all_hints/optimization/all_hints/PolybenchC-Exo/build/generated/gemver
Built gemver executable.
Generated C for 'gesummv' in /home/kleplj/all_hints/optimization/all_hints/PolybenchC-Exo/build/generated/gesummv
Built gesummv executable.
Generated C for 'symm' in /home/kleplj/all_hints/optimization/all_hints/PolybenchC-Exo/build/generated/symm
Built symm executable.
Generated C for 'syr2k' in /home/kleplj/all_hints/optimization/all_hints/PolybenchC-Exo/build/generated/syr2k
Built syr2k executable.
No proc named 'kernel_syrk' found in 'linear-algebra/blas/syrk/syrk.c'
Generated C for '2mm' in /home/kleplj/all_hints/optimization/all_hints/PolybenchC-Exo/build/generated/2mm
Built 2mm executable.
Generated C for 'bicg' in /home/kleplj/all_hints/optimization/all_hints/PolybenchC-Exo/build/generated/bicg
Built bicg executable.
Generated C for 'doitgen' in /home/kleplj/all_hints/optimization/all_hints/PolybenchC-Exo/build/generated/doitgen
Built doitgen executable.
Generated C for 'mvt' in /home/kleplj/all_hints/optimization/all_hints/PolybenchC-Exo/build/generated/mvt
Built mvt executable.
Generated C for 'cholesky' in /home/kleplj/all_hints/optimization/all_hints/PolybenchC-Exo/build/generated/cholesky
Built cholesky executable.
Generated C for 'gramschmidt' in /home/kleplj/all_hints/optimization/all_hints/PolybenchC-Exo/build/generated/gramschmidt
Built gramschmidt executable.
Generated C for 'lu' in /home/kleplj/all_hints/optimization/all_hints/PolybenchC-Exo/build/generated/lu
Built lu executable.
Generated C for 'ludcmp' in /home/kleplj/all_hints/optimization/all_hints/PolybenchC-Exo/build/generated/ludcmp
Built ludcmp executable.
Generated C for 'trisolv' in /home/kleplj/all_hints/optimization/all_hints/PolybenchC-Exo/build/generated/trisolv
Built trisolv executable.
Generated C for 'correlation' in /home/kleplj/all_hints/optimization/all_hints/PolybenchC-Exo/build/generated/correlation
Built correlation executable.
Generated C for 'adi' in /home/kleplj/all_hints/optimization/all_hints/PolybenchC-Exo/build/generated/adi
Built adi executable.
Generated C for 'fdtd-2d' in /home/kleplj/all_hints/optimization/all_hints/PolybenchC-Exo/build/generated/fdtd-2d
Built fdtd-2d executable.
Generated C for 'jacobi-1d' in /home/kleplj/all_hints/optimization/all_hints/PolybenchC-Exo/build/generated/jacobi-1d
Built jacobi-1d executable.
Generated C for 'floyd-warshall' in /home/kleplj/all_hints/optimization/all_hints/PolybenchC-Exo/build/generated/floyd-warshall
Built floyd-warshall executable.
Generated C for 'nussinov' in /home/kleplj/all_hints/optimization/all_hints/PolybenchC-Exo/build/generated/nussinov
Built nussinov executable.
Exo build complete. Generated sources in: /home/kleplj/all_hints/optimization/all_hints/PolybenchC-Exo/build
Removing temp dir /tmp/slurm.303974/tmp.7uX83U9dwI
exo,all_hints,2mm,0.039828,64.937,valid,5,LARGE,DOUBLE
exo,all_hints,2mm,1,0.039769,5,LARGE,DOUBLE
exo,all_hints,2mm,2,0.039688,5,LARGE,DOUBLE
exo,all_hints,2mm,3,0.038134,5,LARGE,DOUBLE
exo,all_hints,2mm,4,0.037859,5,LARGE,DOUBLE
exo,all_hints,2mm,5,0.040058,5,LARGE,DOUBLE
exo,all_hints,3mm,,,compile_error,5,LARGE,DOUBLE
exo,all_hints,adi,0.584116,17.802,valid,5,LARGE,DOUBLE
exo,all_hints,adi,1,0.596333,5,LARGE,DOUBLE
exo,all_hints,adi,2,0.654513,5,LARGE,DOUBLE
exo,all_hints,adi,3,0.616043,5,LARGE,DOUBLE
exo,all_hints,adi,4,0.610474,5,LARGE,DOUBLE
exo,all_hints,adi,5,0.615687,5,LARGE,DOUBLE
exo,all_hints,atax,,,compile_error,5,LARGE,DOUBLE
exo,all_hints,bicg,0.006613,2.213,valid,5,LARGE,DOUBLE
exo,all_hints,bicg,1,0.006674,5,LARGE,DOUBLE
exo,all_hints,bicg,2,0.006664,5,LARGE,DOUBLE
exo,all_hints,bicg,3,0.006561,5,LARGE,DOUBLE
exo,all_hints,bicg,4,0.006724,5,LARGE,DOUBLE
exo,all_hints,bicg,5,0.006577,5,LARGE,DOUBLE
exo,all_hints,cholesky,1.905853,1.000,valid,5,LARGE,DOUBLE
exo,all_hints,cholesky,1,1.904098,5,LARGE,DOUBLE
exo,all_hints,cholesky,2,1.906886,5,LARGE,DOUBLE
exo,all_hints,cholesky,3,1.904115,5,LARGE,DOUBLE
exo,all_hints,cholesky,4,1.908168,5,LARGE,DOUBLE
exo,all_hints,cholesky,5,1.906344,5,LARGE,DOUBLE
exo,all_hints,correlation,0.451188,3.782,valid,5,LARGE,DOUBLE
exo,all_hints,correlation,1,0.448592,5,LARGE,DOUBLE
exo,all_hints,correlation,2,0.451985,5,LARGE,DOUBLE
exo,all_hints,correlation,3,0.450573,5,LARGE,DOUBLE
exo,all_hints,correlation,4,0.447943,5,LARGE,DOUBLE
exo,all_hints,correlation,5,0.449119,5,LARGE,DOUBLE
exo,all_hints,covariance,,,compile_error,5,LARGE,DOUBLE
exo,all_hints,deriche,,,compile_error,5,LARGE,DOUBLE
exo,all_hints,doitgen,0.005856,127.173,valid,5,LARGE,DOUBLE
exo,all_hints,doitgen,1,0.005774,5,LARGE,DOUBLE
exo,all_hints,doitgen,2,0.006141,5,LARGE,DOUBLE
exo,all_hints,doitgen,3,0.005892,5,LARGE,DOUBLE
exo,all_hints,doitgen,4,0.006098,5,LARGE,DOUBLE
exo,all_hints,doitgen,5,0.005947,5,LARGE,DOUBLE
exo,all_hints,durbin,,,compile_error,5,LARGE,DOUBLE
exo,all_hints,fdtd-2d,0.141806,12.114,valid,5,LARGE,DOUBLE
exo,all_hints,fdtd-2d,1,0.141646,5,LARGE,DOUBLE
exo,all_hints,fdtd-2d,2,0.133160,5,LARGE,DOUBLE
exo,all_hints,fdtd-2d,3,0.152386,5,LARGE,DOUBLE
exo,all_hints,fdtd-2d,4,0.141495,5,LARGE,DOUBLE
exo,all_hints,fdtd-2d,5,0.142745,5,LARGE,DOUBLE
exo,all_hints,floyd-warshall,0.731731,30.907,valid,5,LARGE,DOUBLE
exo,all_hints,floyd-warshall,1,0.561733,5,LARGE,DOUBLE
exo,all_hints,floyd-warshall,2,0.796080,5,LARGE,DOUBLE
exo,all_hints,floyd-warshall,3,0.839060,5,LARGE,DOUBLE
exo,all_hints,floyd-warshall,4,0.819059,5,LARGE,DOUBLE
exo,all_hints,floyd-warshall,5,1.162398,5,LARGE,DOUBLE
exo,all_hints,gemm,0.018565,23.992,valid,5,LARGE,DOUBLE
exo,all_hints,gemm,1,0.018355,5,LARGE,DOUBLE
exo,all_hints,gemm,2,0.018369,5,LARGE,DOUBLE
exo,all_hints,gemm,3,0.018356,5,LARGE,DOUBLE
exo,all_hints,gemm,4,0.018390,5,LARGE,DOUBLE
exo,all_hints,gemm,5,0.018558,5,LARGE,DOUBLE
exo,all_hints,gemver,0.003645,4.783,valid,5,LARGE,DOUBLE
exo,all_hints,gemver,1,0.003388,5,LARGE,DOUBLE
exo,all_hints,gemver,2,0.003346,5,LARGE,DOUBLE
exo,all_hints,gemver,3,0.003331,5,LARGE,DOUBLE
exo,all_hints,gemver,4,0.003322,5,LARGE,DOUBLE
exo,all_hints,gemver,5,0.003332,5,LARGE,DOUBLE
exo,all_hints,gesummv,0.000857,7.307,valid,5,LARGE,DOUBLE
exo,all_hints,gesummv,1,0.000893,5,LARGE,DOUBLE
exo,all_hints,gesummv,2,0.000938,5,LARGE,DOUBLE
exo,all_hints,gesummv,3,0.000889,5,LARGE,DOUBLE
exo,all_hints,gesummv,4,0.000887,5,LARGE,DOUBLE
exo,all_hints,gesummv,5,0.000870,5,LARGE,DOUBLE
exo,all_hints,gramschmidt,1.239064,,validity_error,5,LARGE,DOUBLE
exo,all_hints,heat-3d,,,compile_error,5,LARGE,DOUBLE
exo,all_hints,jacobi-1d,0.030315,0.031,valid,5,LARGE,DOUBLE
exo,all_hints,jacobi-1d,1,0.029294,5,LARGE,DOUBLE
exo,all_hints,jacobi-1d,2,0.029277,5,LARGE,DOUBLE
exo,all_hints,jacobi-1d,3,0.029573,5,LARGE,DOUBLE
exo,all_hints,jacobi-1d,4,0.028595,5,LARGE,DOUBLE
exo,all_hints,jacobi-1d,5,0.029707,5,LARGE,DOUBLE
exo,all_hints,jacobi-2d,,,compile_error,5,LARGE,DOUBLE
exo,all_hints,lu,3.570752,1.237,valid,5,LARGE,DOUBLE
exo,all_hints,lu,1,3.536994,5,LARGE,DOUBLE
exo,all_hints,lu,2,3.563027,5,LARGE,DOUBLE
exo,all_hints,lu,3,3.565825,5,LARGE,DOUBLE
exo,all_hints,lu,4,3.553667,5,LARGE,DOUBLE
exo,all_hints,lu,5,3.546551,5,LARGE,DOUBLE
exo,all_hints,ludcmp,2.544102,1.715,valid,5,LARGE,DOUBLE
exo,all_hints,ludcmp,1,2.465222,5,LARGE,DOUBLE
exo,all_hints,ludcmp,2,2.439860,5,LARGE,DOUBLE
exo,all_hints,ludcmp,3,2.471347,5,LARGE,DOUBLE
exo,all_hints,ludcmp,4,2.538257,5,LARGE,DOUBLE
exo,all_hints,ludcmp,5,2.468413,5,LARGE,DOUBLE
exo,all_hints,mvt,0.004996,2.925,valid,5,LARGE,DOUBLE
exo,all_hints,mvt,1,0.004988,5,LARGE,DOUBLE
exo,all_hints,mvt,2,0.004869,5,LARGE,DOUBLE
exo,all_hints,mvt,3,0.004880,5,LARGE,DOUBLE
exo,all_hints,mvt,4,0.004892,5,LARGE,DOUBLE
exo,all_hints,mvt,5,0.004910,5,LARGE,DOUBLE
exo,all_hints,nussinov,0.176303,43.468,valid,5,LARGE,DOUBLE
exo,all_hints,nussinov,1,0.176577,5,LARGE,DOUBLE
exo,all_hints,nussinov,2,0.176092,5,LARGE,DOUBLE
exo,all_hints,nussinov,3,0.176207,5,LARGE,DOUBLE
exo,all_hints,nussinov,4,0.176943,5,LARGE,DOUBLE
exo,all_hints,nussinov,5,0.176719,5,LARGE,DOUBLE
exo,all_hints,seidel-2d,,,compile_error,5,LARGE,DOUBLE
exo,all_hints,symm,0.069116,22.798,valid,5,LARGE,DOUBLE
exo,all_hints,symm,1,0.070643,5,LARGE,DOUBLE
exo,all_hints,symm,2,0.070501,5,LARGE,DOUBLE
exo,all_hints,symm,3,0.071510,5,LARGE,DOUBLE
exo,all_hints,symm,4,0.068973,5,LARGE,DOUBLE
exo,all_hints,symm,5,0.071645,5,LARGE,DOUBLE
exo,all_hints,syr2k,0.054634,24.131,valid,5,LARGE,DOUBLE
exo,all_hints,syr2k,1,0.055333,5,LARGE,DOUBLE
exo,all_hints,syr2k,2,0.054387,5,LARGE,DOUBLE
exo,all_hints,syr2k,3,0.053663,5,LARGE,DOUBLE
exo,all_hints,syr2k,4,0.054703,5,LARGE,DOUBLE
exo,all_hints,syr2k,5,0.054761,5,LARGE,DOUBLE
exo,all_hints,syrk,,,compile_error,5,LARGE,DOUBLE
exo,all_hints,trisolv,0.003071,1.005,valid,5,LARGE,DOUBLE
exo,all_hints,trisolv,1,0.003051,5,LARGE,DOUBLE
exo,all_hints,trisolv,2,0.003108,5,LARGE,DOUBLE
exo,all_hints,trisolv,3,0.003039,5,LARGE,DOUBLE
exo,all_hints,trisolv,4,0.003099,5,LARGE,DOUBLE
exo,all_hints,trisolv,5,0.003036,5,LARGE,DOUBLE
exo,all_hints,trmm,,,compile_error,5,LARGE,DOUBLE
